{"epoch": 0, "time_epoch": 22.44579, "time_epoch_std": 0.0, "eta": 2222.13317, "eta_std": 0.0, "eta_hours": 0.61726, "eta_hours_std": 0.0, "loss": 0.68221, "loss_std": 0.0, "lr": 0.001, "lr_std": 0.0, "params": 6697.0, "params_std": 0.0, "time_iter": 0.15269, "time_iter_std": 0.0, "accuracy": 0.55272, "accuracy_std": 0.0, "precision": 0.46815, "precision_std": 0.0, "recall": 0.60494, "recall_std": 0.0, "f1": 0.52783, "f1_std": 0.0, "auc": 0.57372, "auc_std": 0.0}
{"epoch": 1, "time_epoch": 10.60014, "time_epoch_std": 0.0, "eta": 1619.25045, "eta_std": 0.0, "eta_hours": 0.44979, "eta_hours_std": 0.0, "loss": 0.61053, "loss_std": 0.0, "lr": 0.001, "lr_std": 0.0, "params": 6697.0, "params_std": 0.0, "time_iter": 0.07211, "time_iter_std": 0.0, "accuracy": 0.69218, "accuracy_std": 0.0, "precision": 0.69872, "precision_std": 0.0, "recall": 0.44856, "recall_std": 0.0, "f1": 0.54637, "f1_std": 0.0, "auc": 0.69705, "auc_std": 0.0}
{"epoch": 2, "time_epoch": 10.12245, "time_epoch_std": 0.0, "eta": 1395.77751, "eta_std": 0.0, "eta_hours": 0.38772, "eta_hours_std": 0.0, "loss": 0.60621, "loss_std": 0.0, "lr": 0.001, "lr_std": 0.0, "params": 6697.0, "params_std": 0.0, "time_iter": 0.06886, "time_iter_std": 0.0, "accuracy": 0.68197, "accuracy_std": 0.0, "precision": 0.67949, "precision_std": 0.0, "recall": 0.43621, "recall_std": 0.0, "f1": 0.53133, "f1_std": 0.0, "auc": 0.70858, "auc_std": 0.0}
{"epoch": 3, "time_epoch": 9.81066, "time_epoch_std": 0.0, "eta": 1271.49682, "eta_std": 0.0, "eta_hours": 0.35319, "eta_hours_std": 0.0, "loss": 0.57395, "loss_std": 0.0, "lr": 0.001, "lr_std": 0.0, "params": 6697.0, "params_std": 0.0, "time_iter": 0.06674, "time_iter_std": 0.0, "accuracy": 0.71769, "accuracy_std": 0.0, "precision": 0.71271, "precision_std": 0.0, "recall": 0.53086, "recall_std": 0.0, "f1": 0.60849, "f1_std": 0.0, "auc": 0.75484, "auc_std": 0.0}
{"epoch": 4, "time_epoch": 9.52976, "time_epoch_std": 0.0, "eta": 1187.66712, "eta_std": 0.0, "eta_hours": 0.32991, "eta_hours_std": 0.0, "loss": 0.57633, "loss_std": 0.0, "lr": 0.001, "lr_std": 0.0, "params": 6697.0, "params_std": 0.0, "time_iter": 0.06483, "time_iter_std": 0.0, "accuracy": 0.71599, "accuracy_std": 0.0, "precision": 0.7, "precision_std": 0.0, "recall": 0.54733, "recall_std": 0.0, "f1": 0.61432, "f1_std": 0.0, "auc": 0.76152, "auc_std": 0.0}
{"epoch": 5, "time_epoch": 9.54468, "time_epoch_std": 0.0, "eta": 1128.83774, "eta_std": 0.0, "eta_hours": 0.31357, "eta_hours_std": 0.0, "loss": 0.55764, "loss_std": 0.0, "lr": 0.00099, "lr_std": 0.0, "params": 6697.0, "params_std": 0.0, "time_iter": 0.06493, "time_iter_std": 0.0, "accuracy": 0.72789, "accuracy_std": 0.0, "precision": 0.71728, "precision_std": 0.0, "recall": 0.56379, "recall_std": 0.0, "f1": 0.63134, "f1_std": 0.0, "auc": 0.77983, "auc_std": 0.0}
{"epoch": 6, "time_epoch": 9.63671, "time_epoch_std": 0.0, "eta": 1085.31237, "eta_std": 0.0, "eta_hours": 0.30148, "eta_hours_std": 0.0, "loss": 0.56216, "loss_std": 0.0, "lr": 0.00099, "lr_std": 0.0, "params": 6697.0, "params_std": 0.0, "time_iter": 0.06556, "time_iter_std": 0.0, "accuracy": 0.7432, "accuracy_std": 0.0, "precision": 0.74211, "precision_std": 0.0, "recall": 0.58025, "recall_std": 0.0, "f1": 0.65127, "f1_std": 0.0, "auc": 0.77103, "auc_std": 0.0}
{"epoch": 7, "time_epoch": 9.73403, "time_epoch_std": 0.0, "eta": 1051.3784, "eta_std": 0.0, "eta_hours": 0.29205, "eta_hours_std": 0.0, "loss": 0.56233, "loss_std": 0.0, "lr": 0.00099, "lr_std": 0.0, "params": 6697.0, "params_std": 0.0, "time_iter": 0.06622, "time_iter_std": 0.0, "accuracy": 0.7551, "accuracy_std": 0.0, "precision": 0.75916, "precision_std": 0.0, "recall": 0.59671, "recall_std": 0.0, "f1": 0.6682, "f1_std": 0.0, "auc": 0.76765, "auc_std": 0.0}
{"epoch": 8, "time_epoch": 9.59359, "time_epoch_std": 0.0, "eta": 1021.40222, "eta_std": 0.0, "eta_hours": 0.28372, "eta_hours_std": 0.0, "loss": 0.55797, "loss_std": 0.0, "lr": 0.00098, "lr_std": 0.0, "params": 6697.0, "params_std": 0.0, "time_iter": 0.06526, "time_iter_std": 0.0, "accuracy": 0.73299, "accuracy_std": 0.0, "precision": 0.72632, "precision_std": 0.0, "recall": 0.5679, "recall_std": 0.0, "f1": 0.63741, "f1_std": 0.0, "auc": 0.77093, "auc_std": 0.0}
{"epoch": 9, "time_epoch": 9.69634, "time_epoch_std": 0.0, "eta": 996.42729, "eta_std": 0.0, "eta_hours": 0.27679, "eta_hours_std": 0.0, "loss": 0.55481, "loss_std": 0.0, "lr": 0.00098, "lr_std": 0.0, "params": 6697.0, "params_std": 0.0, "time_iter": 0.06596, "time_iter_std": 0.0, "accuracy": 0.7381, "accuracy_std": 0.0, "precision": 0.72589, "precision_std": 0.0, "recall": 0.58848, "recall_std": 0.0, "f1": 0.65, "f1_std": 0.0, "auc": 0.7821, "auc_std": 0.0}
{"epoch": 10, "time_epoch": 9.52047, "time_epoch_std": 0.0, "eta": 972.80729, "eta_std": 0.0, "eta_hours": 0.27022, "eta_hours_std": 0.0, "loss": 0.56446, "loss_std": 0.0, "lr": 0.00098, "lr_std": 0.0, "params": 6697.0, "params_std": 0.0, "time_iter": 0.06477, "time_iter_std": 0.0, "accuracy": 0.73299, "accuracy_std": 0.0, "precision": 0.72632, "precision_std": 0.0, "recall": 0.5679, "recall_std": 0.0, "f1": 0.63741, "f1_std": 0.0, "auc": 0.77736, "auc_std": 0.0}
{"epoch": 11, "time_epoch": 9.46626, "time_epoch_std": 0.0, "eta": 951.13968, "eta_std": 0.0, "eta_hours": 0.26421, "eta_hours_std": 0.0, "loss": 0.56698, "loss_std": 0.0, "lr": 0.00097, "lr_std": 0.0, "params": 6697.0, "params_std": 0.0, "time_iter": 0.0644, "time_iter_std": 0.0, "accuracy": 0.71939, "accuracy_std": 0.0, "precision": 0.7191, "precision_std": 0.0, "recall": 0.52675, "recall_std": 0.0, "f1": 0.60808, "f1_std": 0.0, "auc": 0.77039, "auc_std": 0.0}
{"epoch": 12, "time_epoch": 9.46995, "time_epoch_std": 0.0, "eta": 931.37389, "eta_std": 0.0, "eta_hours": 0.25871, "eta_hours_std": 0.0, "loss": 0.55135, "loss_std": 0.0, "lr": 0.00096, "lr_std": 0.0, "params": 6697.0, "params_std": 0.0, "time_iter": 0.06442, "time_iter_std": 0.0, "accuracy": 0.7415, "accuracy_std": 0.0, "precision": 0.74863, "precision_std": 0.0, "recall": 0.56379, "recall_std": 0.0, "f1": 0.64319, "f1_std": 0.0, "auc": 0.78714, "auc_std": 0.0}
{"epoch": 13, "time_epoch": 9.52336, "time_epoch_std": 0.0, "eta": 913.40705, "eta_std": 0.0, "eta_hours": 0.25372, "eta_hours_std": 0.0, "loss": 0.54865, "loss_std": 0.0, "lr": 0.00096, "lr_std": 0.0, "params": 6697.0, "params_std": 0.0, "time_iter": 0.06478, "time_iter_std": 0.0, "accuracy": 0.7551, "accuracy_std": 0.0, "precision": 0.73684, "precision_std": 0.0, "recall": 0.63374, "recall_std": 0.0, "f1": 0.68142, "f1_std": 0.0, "auc": 0.79907, "auc_std": 0.0}
{"epoch": 14, "time_epoch": 9.45345, "time_epoch_std": 0.0, "eta": 896.16983, "eta_std": 0.0, "eta_hours": 0.24894, "eta_hours_std": 0.0, "loss": 0.56928, "loss_std": 0.0, "lr": 0.00095, "lr_std": 0.0, "params": 6697.0, "params_std": 0.0, "time_iter": 0.06431, "time_iter_std": 0.0, "accuracy": 0.7415, "accuracy_std": 0.0, "precision": 0.72864, "precision_std": 0.0, "recall": 0.59671, "recall_std": 0.0, "f1": 0.65611, "f1_std": 0.0, "auc": 0.77482, "auc_std": 0.0}
{"epoch": 15, "time_epoch": 11.11295, "time_epoch_std": 0.0, "eta": 888.618, "eta_std": 0.0, "eta_hours": 0.24684, "eta_hours_std": 0.0, "loss": 0.54304, "loss_std": 0.0, "lr": 0.00095, "lr_std": 0.0, "params": 6697.0, "params_std": 0.0, "time_iter": 0.0756, "time_iter_std": 0.0, "accuracy": 0.76361, "accuracy_std": 0.0, "precision": 0.78571, "precision_std": 0.0, "recall": 0.58848, "recall_std": 0.0, "f1": 0.67294, "f1_std": 0.0, "auc": 0.79134, "auc_std": 0.0}
{"epoch": 16, "time_epoch": 9.4228, "time_epoch_std": 0.0, "eta": 872.39527, "eta_std": 0.0, "eta_hours": 0.24233, "eta_hours_std": 0.0, "loss": 0.5506, "loss_std": 0.0, "lr": 0.00094, "lr_std": 0.0, "params": 6697.0, "params_std": 0.0, "time_iter": 0.0641, "time_iter_std": 0.0, "accuracy": 0.7398, "accuracy_std": 0.0, "precision": 0.74457, "precision_std": 0.0, "recall": 0.56379, "recall_std": 0.0, "f1": 0.64169, "f1_std": 0.0, "auc": 0.78826, "auc_std": 0.0}
{"epoch": 17, "time_epoch": 9.42807, "time_epoch_std": 0.0, "eta": 856.95212, "eta_std": 0.0, "eta_hours": 0.23804, "eta_hours_std": 0.0, "loss": 0.53752, "loss_std": 0.0, "lr": 0.00093, "lr_std": 0.0, "params": 6697.0, "params_std": 0.0, "time_iter": 0.06414, "time_iter_std": 0.0, "accuracy": 0.7517, "accuracy_std": 0.0, "precision": 0.7343, "precision_std": 0.0, "recall": 0.62551, "recall_std": 0.0, "f1": 0.67556, "f1_std": 0.0, "auc": 0.79905, "auc_std": 0.0}
{"epoch": 18, "time_epoch": 9.51551, "time_epoch_std": 0.0, "eta": 842.51489, "eta_std": 0.0, "eta_hours": 0.23403, "eta_hours_std": 0.0, "loss": 0.57652, "loss_std": 0.0, "lr": 0.00092, "lr_std": 0.0, "params": 6697.0, "params_std": 0.0, "time_iter": 0.06473, "time_iter_std": 0.0, "accuracy": 0.72109, "accuracy_std": 0.0, "precision": 0.70466, "precision_std": 0.0, "recall": 0.55967, "recall_std": 0.0, "f1": 0.62385, "f1_std": 0.0, "auc": 0.76868, "auc_std": 0.0}
{"epoch": 19, "time_epoch": 9.44525, "time_epoch_std": 0.0, "eta": 828.28878, "eta_std": 0.0, "eta_hours": 0.23008, "eta_hours_std": 0.0, "loss": 0.57399, "loss_std": 0.0, "lr": 0.00091, "lr_std": 0.0, "params": 6697.0, "params_std": 0.0, "time_iter": 0.06425, "time_iter_std": 0.0, "accuracy": 0.72619, "accuracy_std": 0.0, "precision": 0.73295, "precision_std": 0.0, "recall": 0.53086, "recall_std": 0.0, "f1": 0.61575, "f1_std": 0.0, "auc": 0.75987, "auc_std": 0.0}
{"epoch": 20, "time_epoch": 9.48424, "time_epoch_std": 0.0, "eta": 814.66468, "eta_std": 0.0, "eta_hours": 0.2263, "eta_hours_std": 0.0, "loss": 0.56725, "loss_std": 0.0, "lr": 0.0009, "lr_std": 0.0, "params": 6697.0, "params_std": 0.0, "time_iter": 0.06452, "time_iter_std": 0.0, "accuracy": 0.73469, "accuracy_std": 0.0, "precision": 0.73016, "precision_std": 0.0, "recall": 0.5679, "recall_std": 0.0, "f1": 0.63889, "f1_std": 0.0, "auc": 0.758, "auc_std": 0.0}
{"epoch": 21, "time_epoch": 9.47514, "time_epoch_std": 0.0, "eta": 801.38469, "eta_std": 0.0, "eta_hours": 0.22261, "eta_hours_std": 0.0, "loss": 0.56043, "loss_std": 0.0, "lr": 0.0009, "lr_std": 0.0, "params": 6697.0, "params_std": 0.0, "time_iter": 0.06446, "time_iter_std": 0.0, "accuracy": 0.72279, "accuracy_std": 0.0, "precision": 0.70833, "precision_std": 0.0, "recall": 0.55967, "recall_std": 0.0, "f1": 0.62529, "f1_std": 0.0, "auc": 0.76591, "auc_std": 0.0}
{"epoch": 22, "time_epoch": 9.4176, "time_epoch_std": 0.0, "eta": 788.2429, "eta_std": 0.0, "eta_hours": 0.21896, "eta_hours_std": 0.0, "loss": 0.53829, "loss_std": 0.0, "lr": 0.00089, "lr_std": 0.0, "params": 6697.0, "params_std": 0.0, "time_iter": 0.06407, "time_iter_std": 0.0, "accuracy": 0.7466, "accuracy_std": 0.0, "precision": 0.73267, "precision_std": 0.0, "recall": 0.60905, "recall_std": 0.0, "f1": 0.66517, "f1_std": 0.0, "auc": 0.794, "auc_std": 0.0}
{"epoch": 23, "time_epoch": 9.46963, "time_epoch_std": 0.0, "eta": 775.57621, "eta_std": 0.0, "eta_hours": 0.21544, "eta_hours_std": 0.0, "loss": 0.57032, "loss_std": 0.0, "lr": 0.00088, "lr_std": 0.0, "params": 6697.0, "params_std": 0.0, "time_iter": 0.06442, "time_iter_std": 0.0, "accuracy": 0.7466, "accuracy_std": 0.0, "precision": 0.76111, "precision_std": 0.0, "recall": 0.56379, "recall_std": 0.0, "f1": 0.64775, "f1_std": 0.0, "auc": 0.77935, "auc_std": 0.0}
{"epoch": 24, "time_epoch": 9.46161, "time_epoch_std": 0.0, "eta": 763.14123, "eta_std": 0.0, "eta_hours": 0.21198, "eta_hours_std": 0.0, "loss": 0.56174, "loss_std": 0.0, "lr": 0.00086, "lr_std": 0.0, "params": 6697.0, "params_std": 0.0, "time_iter": 0.06436, "time_iter_std": 0.0, "accuracy": 0.73639, "accuracy_std": 0.0, "precision": 0.73656, "precision_std": 0.0, "recall": 0.56379, "recall_std": 0.0, "f1": 0.63869, "f1_std": 0.0, "auc": 0.77373, "auc_std": 0.0}
{"epoch": 25, "time_epoch": 9.44986, "time_epoch_std": 0.0, "eta": 750.90155, "eta_std": 0.0, "eta_hours": 0.20858, "eta_hours_std": 0.0, "loss": 0.53952, "loss_std": 0.0, "lr": 0.00085, "lr_std": 0.0, "params": 6697.0, "params_std": 0.0, "time_iter": 0.06428, "time_iter_std": 0.0, "accuracy": 0.75, "accuracy_std": 0.0, "precision": 0.7243, "precision_std": 0.0, "recall": 0.63786, "recall_std": 0.0, "f1": 0.67834, "f1_std": 0.0, "auc": 0.79678, "auc_std": 0.0}
{"epoch": 26, "time_epoch": 9.68716, "time_epoch_std": 0.0, "eta": 739.51009, "eta_std": 0.0, "eta_hours": 0.20542, "eta_hours_std": 0.0, "loss": 0.53414, "loss_std": 0.0, "lr": 0.00084, "lr_std": 0.0, "params": 6697.0, "params_std": 0.0, "time_iter": 0.0659, "time_iter_std": 0.0, "accuracy": 0.76531, "accuracy_std": 0.0, "precision": 0.76119, "precision_std": 0.0, "recall": 0.62963, "recall_std": 0.0, "f1": 0.68919, "f1_std": 0.0, "auc": 0.79705, "auc_std": 0.0}
{"epoch": 27, "time_epoch": 9.04865, "time_epoch_std": 0.0, "eta": 726.59849, "eta_std": 0.0, "eta_hours": 0.20183, "eta_hours_std": 0.0, "loss": 0.55244, "loss_std": 0.0, "lr": 0.00083, "lr_std": 0.0, "params": 6697.0, "params_std": 0.0, "time_iter": 0.06156, "time_iter_std": 0.0, "accuracy": 0.7568, "accuracy_std": 0.0, "precision": 0.76316, "precision_std": 0.0, "recall": 0.59671, "recall_std": 0.0, "f1": 0.66975, "f1_std": 0.0, "auc": 0.79086, "auc_std": 0.0}
{"epoch": 28, "time_epoch": 9.39154, "time_epoch_std": 0.0, "eta": 714.79279, "eta_std": 0.0, "eta_hours": 0.19855, "eta_hours_std": 0.0, "loss": 0.53051, "loss_std": 0.0, "lr": 0.00082, "lr_std": 0.0, "params": 6697.0, "params_std": 0.0, "time_iter": 0.06389, "time_iter_std": 0.0, "accuracy": 0.7517, "accuracy_std": 0.0, "precision": 0.74372, "precision_std": 0.0, "recall": 0.60905, "recall_std": 0.0, "f1": 0.66968, "f1_std": 0.0, "auc": 0.79958, "auc_std": 0.0}
{"epoch": 29, "time_epoch": 9.41999, "time_epoch_std": 0.0, "eta": 703.21442, "eta_std": 0.0, "eta_hours": 0.19534, "eta_hours_std": 0.0, "loss": 0.54351, "loss_std": 0.0, "lr": 0.00081, "lr_std": 0.0, "params": 6697.0, "params_std": 0.0, "time_iter": 0.06408, "time_iter_std": 0.0, "accuracy": 0.76701, "accuracy_std": 0.0, "precision": 0.76768, "precision_std": 0.0, "recall": 0.62551, "recall_std": 0.0, "f1": 0.68934, "f1_std": 0.0, "auc": 0.80063, "auc_std": 0.0}
{"epoch": 30, "time_epoch": 9.52206, "time_epoch_std": 0.0, "eta": 692.00249, "eta_std": 0.0, "eta_hours": 0.19222, "eta_hours_std": 0.0, "loss": 0.54917, "loss_std": 0.0, "lr": 0.00079, "lr_std": 0.0, "params": 6697.0, "params_std": 0.0, "time_iter": 0.06478, "time_iter_std": 0.0, "accuracy": 0.7398, "accuracy_std": 0.0, "precision": 0.74725, "precision_std": 0.0, "recall": 0.55967, "recall_std": 0.0, "f1": 0.64, "f1_std": 0.0, "auc": 0.78889, "auc_std": 0.0}
{"epoch": 31, "time_epoch": 9.46053, "time_epoch_std": 0.0, "eta": 680.76541, "eta_std": 0.0, "eta_hours": 0.1891, "eta_hours_std": 0.0, "loss": 0.56011, "loss_std": 0.0, "lr": 0.00078, "lr_std": 0.0, "params": 6697.0, "params_std": 0.0, "time_iter": 0.06436, "time_iter_std": 0.0, "accuracy": 0.7398, "accuracy_std": 0.0, "precision": 0.73684, "precision_std": 0.0, "recall": 0.57613, "recall_std": 0.0, "f1": 0.64665, "f1_std": 0.0, "auc": 0.78398, "auc_std": 0.0}
{"epoch": 32, "time_epoch": 9.48829, "time_epoch_std": 0.0, "eta": 669.69237, "eta_std": 0.0, "eta_hours": 0.18603, "eta_hours_std": 0.0, "loss": 0.54137, "loss_std": 0.0, "lr": 0.00077, "lr_std": 0.0, "params": 6697.0, "params_std": 0.0, "time_iter": 0.06455, "time_iter_std": 0.0, "accuracy": 0.7432, "accuracy_std": 0.0, "precision": 0.75843, "precision_std": 0.0, "recall": 0.55556, "recall_std": 0.0, "f1": 0.64133, "f1_std": 0.0, "auc": 0.80106, "auc_std": 0.0}
{"epoch": 33, "time_epoch": 9.52088, "time_epoch_std": 0.0, "eta": 658.77582, "eta_std": 0.0, "eta_hours": 0.18299, "eta_hours_std": 0.0, "loss": 0.53004, "loss_std": 0.0, "lr": 0.00075, "lr_std": 0.0, "params": 6697.0, "params_std": 0.0, "time_iter": 0.06477, "time_iter_std": 0.0, "accuracy": 0.76701, "accuracy_std": 0.0, "precision": 0.73661, "precision_std": 0.0, "recall": 0.67901, "recall_std": 0.0, "f1": 0.70664, "f1_std": 0.0, "auc": 0.80701, "auc_std": 0.0}
{"epoch": 34, "time_epoch": 9.43762, "time_epoch_std": 0.0, "eta": 647.7844, "eta_std": 0.0, "eta_hours": 0.17994, "eta_hours_std": 0.0, "loss": 0.52572, "loss_std": 0.0, "lr": 0.00074, "lr_std": 0.0, "params": 6697.0, "params_std": 0.0, "time_iter": 0.0642, "time_iter_std": 0.0, "accuracy": 0.7619, "accuracy_std": 0.0, "precision": 0.75122, "precision_std": 0.0, "recall": 0.63374, "recall_std": 0.0, "f1": 0.6875, "f1_std": 0.0, "auc": 0.81701, "auc_std": 0.0}
{"epoch": 35, "time_epoch": 9.5049, "time_epoch_std": 0.0, "eta": 636.99891, "eta_std": 0.0, "eta_hours": 0.17694, "eta_hours_std": 0.0, "loss": 0.5307, "loss_std": 0.0, "lr": 0.00073, "lr_std": 0.0, "params": 6697.0, "params_std": 0.0, "time_iter": 0.06466, "time_iter_std": 0.0, "accuracy": 0.77381, "accuracy_std": 0.0, "precision": 0.7619, "precision_std": 0.0, "recall": 0.65844, "recall_std": 0.0, "f1": 0.7064, "f1_std": 0.0, "auc": 0.80958, "auc_std": 0.0}
{"epoch": 36, "time_epoch": 9.54651, "time_epoch_std": 0.0, "eta": 626.3535, "eta_std": 0.0, "eta_hours": 0.17399, "eta_hours_std": 0.0, "loss": 0.5528, "loss_std": 0.0, "lr": 0.00071, "lr_std": 0.0, "params": 6697.0, "params_std": 0.0, "time_iter": 0.06494, "time_iter_std": 0.0, "accuracy": 0.75, "accuracy_std": 0.0, "precision": 0.73762, "precision_std": 0.0, "recall": 0.61317, "recall_std": 0.0, "f1": 0.66966, "f1_std": 0.0, "auc": 0.79897, "auc_std": 0.0}
{"epoch": 37, "time_epoch": 9.55745, "time_epoch_std": 0.0, "eta": 615.78376, "eta_std": 0.0, "eta_hours": 0.17105, "eta_hours_std": 0.0, "loss": 0.50552, "loss_std": 0.0, "lr": 0.0007, "lr_std": 0.0, "params": 6697.0, "params_std": 0.0, "time_iter": 0.06502, "time_iter_std": 0.0, "accuracy": 0.77891, "accuracy_std": 0.0, "precision": 0.77833, "precision_std": 0.0, "recall": 0.65021, "recall_std": 0.0, "f1": 0.70852, "f1_std": 0.0, "auc": 0.8372, "auc_std": 0.0}
{"epoch": 38, "time_epoch": 9.67294, "time_epoch_std": 0.0, "eta": 605.44657, "eta_std": 0.0, "eta_hours": 0.16818, "eta_hours_std": 0.0, "loss": 0.5559, "loss_std": 0.0, "lr": 0.00068, "lr_std": 0.0, "params": 6697.0, "params_std": 0.0, "time_iter": 0.0658, "time_iter_std": 0.0, "accuracy": 0.77041, "accuracy_std": 0.0, "precision": 0.76214, "precision_std": 0.0, "recall": 0.64609, "recall_std": 0.0, "f1": 0.69933, "f1_std": 0.0, "auc": 0.80355, "auc_std": 0.0}
{"epoch": 39, "time_epoch": 9.46379, "time_epoch_std": 0.0, "eta": 594.82887, "eta_std": 0.0, "eta_hours": 0.16523, "eta_hours_std": 0.0, "loss": 0.54146, "loss_std": 0.0, "lr": 0.00067, "lr_std": 0.0, "params": 6697.0, "params_std": 0.0, "time_iter": 0.06438, "time_iter_std": 0.0, "accuracy": 0.77041, "accuracy_std": 0.0, "precision": 0.78723, "precision_std": 0.0, "recall": 0.60905, "recall_std": 0.0, "f1": 0.68677, "f1_std": 0.0, "auc": 0.81817, "auc_std": 0.0}
{"epoch": 40, "time_epoch": 9.92146, "time_epoch_std": 0.0, "eta": 584.92606, "eta_std": 0.0, "eta_hours": 0.16248, "eta_hours_std": 0.0, "loss": 0.52439, "loss_std": 0.0, "lr": 0.00065, "lr_std": 0.0, "params": 6697.0, "params_std": 0.0, "time_iter": 0.06749, "time_iter_std": 0.0, "accuracy": 0.78061, "accuracy_std": 0.0, "precision": 0.79082, "precision_std": 0.0, "recall": 0.63786, "recall_std": 0.0, "f1": 0.70615, "f1_std": 0.0, "auc": 0.82147, "auc_std": 0.0}
{"epoch": 41, "time_epoch": 9.47483, "time_epoch_std": 0.0, "eta": 574.40558, "eta_std": 0.0, "eta_hours": 0.15956, "eta_hours_std": 0.0, "loss": 0.54839, "loss_std": 0.0, "lr": 0.00064, "lr_std": 0.0, "params": 6697.0, "params_std": 0.0, "time_iter": 0.06445, "time_iter_std": 0.0, "accuracy": 0.7517, "accuracy_std": 0.0, "precision": 0.74619, "precision_std": 0.0, "recall": 0.60494, "recall_std": 0.0, "f1": 0.66818, "f1_std": 0.0, "auc": 0.80864, "auc_std": 0.0}
{"epoch": 42, "time_epoch": 10.3388, "time_epoch_std": 0.0, "eta": 565.079, "eta_std": 0.0, "eta_hours": 0.15697, "eta_hours_std": 0.0, "loss": 0.51957, "loss_std": 0.0, "lr": 0.00062, "lr_std": 0.0, "params": 6697.0, "params_std": 0.0, "time_iter": 0.07033, "time_iter_std": 0.0, "accuracy": 0.78741, "accuracy_std": 0.0, "precision": 0.78365, "precision_std": 0.0, "recall": 0.67078, "recall_std": 0.0, "f1": 0.72284, "f1_std": 0.0, "auc": 0.82195, "auc_std": 0.0}
{"epoch": 43, "time_epoch": 10.02381, "time_epoch_std": 0.0, "eta": 555.30552, "eta_std": 0.0, "eta_hours": 0.15425, "eta_hours_std": 0.0, "loss": 0.52782, "loss_std": 0.0, "lr": 0.00061, "lr_std": 0.0, "params": 6697.0, "params_std": 0.0, "time_iter": 0.06819, "time_iter_std": 0.0, "accuracy": 0.77211, "accuracy_std": 0.0, "precision": 0.78836, "precision_std": 0.0, "recall": 0.61317, "recall_std": 0.0, "f1": 0.68981, "f1_std": 0.0, "auc": 0.80837, "auc_std": 0.0}
{"epoch": 44, "time_epoch": 9.74724, "time_epoch_std": 0.0, "eta": 545.18288, "eta_std": 0.0, "eta_hours": 0.15144, "eta_hours_std": 0.0, "loss": 0.52438, "loss_std": 0.0, "lr": 0.00059, "lr_std": 0.0, "params": 6697.0, "params_std": 0.0, "time_iter": 0.06631, "time_iter_std": 0.0, "accuracy": 0.76701, "accuracy_std": 0.0, "precision": 0.7732, "precision_std": 0.0, "recall": 0.61728, "recall_std": 0.0, "f1": 0.6865, "f1_std": 0.0, "auc": 0.82258, "auc_std": 0.0}
{"epoch": 45, "time_epoch": 9.4331, "time_epoch_std": 0.0, "eta": 534.70779, "eta_std": 0.0, "eta_hours": 0.14853, "eta_hours_std": 0.0, "loss": 0.55826, "loss_std": 0.0, "lr": 0.00058, "lr_std": 0.0, "params": 6697.0, "params_std": 0.0, "time_iter": 0.06417, "time_iter_std": 0.0, "accuracy": 0.7602, "accuracy_std": 0.0, "precision": 0.75, "precision_std": 0.0, "recall": 0.62963, "recall_std": 0.0, "f1": 0.68456, "f1_std": 0.0, "auc": 0.80543, "auc_std": 0.0}
{"epoch": 46, "time_epoch": 9.46665, "time_epoch_std": 0.0, "eta": 524.31487, "eta_std": 0.0, "eta_hours": 0.14564, "eta_hours_std": 0.0, "loss": 0.53057, "loss_std": 0.0, "lr": 0.00056, "lr_std": 0.0, "params": 6697.0, "params_std": 0.0, "time_iter": 0.0644, "time_iter_std": 0.0, "accuracy": 0.7619, "accuracy_std": 0.0, "precision": 0.77838, "precision_std": 0.0, "recall": 0.59259, "recall_std": 0.0, "f1": 0.6729, "f1_std": 0.0, "auc": 0.81682, "auc_std": 0.0}
{"epoch": 47, "time_epoch": 9.45511, "time_epoch_std": 0.0, "eta": 513.94805, "eta_std": 0.0, "eta_hours": 0.14276, "eta_hours_std": 0.0, "loss": 0.51726, "loss_std": 0.0, "lr": 0.00055, "lr_std": 0.0, "params": 6697.0, "params_std": 0.0, "time_iter": 0.06432, "time_iter_std": 0.0, "accuracy": 0.78571, "accuracy_std": 0.0, "precision": 0.78818, "precision_std": 0.0, "recall": 0.65844, "recall_std": 0.0, "f1": 0.71749, "f1_std": 0.0, "auc": 0.82581, "auc_std": 0.0}
{"epoch": 48, "time_epoch": 9.41588, "time_epoch_std": 0.0, "eta": 503.5776, "eta_std": 0.0, "eta_hours": 0.13988, "eta_hours_std": 0.0, "loss": 0.55766, "loss_std": 0.0, "lr": 0.00053, "lr_std": 0.0, "params": 6697.0, "params_std": 0.0, "time_iter": 0.06405, "time_iter_std": 0.0, "accuracy": 0.7585, "accuracy_std": 0.0, "precision": 0.7644, "precision_std": 0.0, "recall": 0.60082, "recall_std": 0.0, "f1": 0.67281, "f1_std": 0.0, "auc": 0.80866, "auc_std": 0.0}
{"epoch": 49, "time_epoch": 9.46, "time_epoch_std": 0.0, "eta": 493.28945, "eta_std": 0.0, "eta_hours": 0.13702, "eta_hours_std": 0.0, "loss": 0.54205, "loss_std": 0.0, "lr": 0.00052, "lr_std": 0.0, "params": 6697.0, "params_std": 0.0, "time_iter": 0.06435, "time_iter_std": 0.0, "accuracy": 0.7585, "accuracy_std": 0.0, "precision": 0.7672, "precision_std": 0.0, "recall": 0.59671, "recall_std": 0.0, "f1": 0.6713, "f1_std": 0.0, "auc": 0.8015, "auc_std": 0.0}
{"epoch": 50, "time_epoch": 9.48282, "time_epoch_std": 0.0, "eta": 483.05572, "eta_std": 0.0, "eta_hours": 0.13418, "eta_hours_std": 0.0, "loss": 0.51045, "loss_std": 0.0, "lr": 0.0005, "lr_std": 0.0, "params": 6697.0, "params_std": 0.0, "time_iter": 0.06451, "time_iter_std": 0.0, "accuracy": 0.77721, "accuracy_std": 0.0, "precision": 0.76923, "precision_std": 0.0, "recall": 0.65844, "recall_std": 0.0, "f1": 0.70953, "f1_std": 0.0, "auc": 0.83187, "auc_std": 0.0}
{"epoch": 51, "time_epoch": 9.4847, "time_epoch_std": 0.0, "eta": 472.85259, "eta_std": 0.0, "eta_hours": 0.13135, "eta_hours_std": 0.0, "loss": 0.51287, "loss_std": 0.0, "lr": 0.00048, "lr_std": 0.0, "params": 6697.0, "params_std": 0.0, "time_iter": 0.06452, "time_iter_std": 0.0, "accuracy": 0.79762, "accuracy_std": 0.0, "precision": 0.79245, "precision_std": 0.0, "recall": 0.69136, "recall_std": 0.0, "f1": 0.73846, "f1_std": 0.0, "auc": 0.83855, "auc_std": 0.0}
{"epoch": 52, "time_epoch": 9.41868, "time_epoch_std": 0.0, "eta": 462.61803, "eta_std": 0.0, "eta_hours": 0.12851, "eta_hours_std": 0.0, "loss": 0.52368, "loss_std": 0.0, "lr": 0.00047, "lr_std": 0.0, "params": 6697.0, "params_std": 0.0, "time_iter": 0.06407, "time_iter_std": 0.0, "accuracy": 0.77721, "accuracy_std": 0.0, "precision": 0.78866, "precision_std": 0.0, "recall": 0.62963, "recall_std": 0.0, "f1": 0.70023, "f1_std": 0.0, "auc": 0.83613, "auc_std": 0.0}
{"epoch": 53, "time_epoch": 9.44821, "time_epoch_std": 0.0, "eta": 452.43885, "eta_std": 0.0, "eta_hours": 0.12568, "eta_hours_std": 0.0, "loss": 0.53053, "loss_std": 0.0, "lr": 0.00045, "lr_std": 0.0, "params": 6697.0, "params_std": 0.0, "time_iter": 0.06427, "time_iter_std": 0.0, "accuracy": 0.77041, "accuracy_std": 0.0, "precision": 0.77551, "precision_std": 0.0, "recall": 0.62551, "recall_std": 0.0, "f1": 0.69248, "f1_std": 0.0, "auc": 0.82338, "auc_std": 0.0}
{"epoch": 54, "time_epoch": 9.46465, "time_epoch_std": 0.0, "eta": 442.29969, "eta_std": 0.0, "eta_hours": 0.12286, "eta_hours_std": 0.0, "loss": 0.51026, "loss_std": 0.0, "lr": 0.00044, "lr_std": 0.0, "params": 6697.0, "params_std": 0.0, "time_iter": 0.06439, "time_iter_std": 0.0, "accuracy": 0.79762, "accuracy_std": 0.0, "precision": 0.81, "precision_std": 0.0, "recall": 0.66667, "recall_std": 0.0, "f1": 0.73138, "f1_std": 0.0, "auc": 0.84398, "auc_std": 0.0}
{"epoch": 55, "time_epoch": 10.63935, "time_epoch_std": 0.0, "eta": 433.10761, "eta_std": 0.0, "eta_hours": 0.12031, "eta_hours_std": 0.0, "loss": 0.54067, "loss_std": 0.0, "lr": 0.00042, "lr_std": 0.0, "params": 6697.0, "params_std": 0.0, "time_iter": 0.07238, "time_iter_std": 0.0, "accuracy": 0.77721, "accuracy_std": 0.0, "precision": 0.75926, "precision_std": 0.0, "recall": 0.6749, "recall_std": 0.0, "f1": 0.7146, "f1_std": 0.0, "auc": 0.82767, "auc_std": 0.0}
{"epoch": 56, "time_epoch": 9.3037, "time_epoch_std": 0.0, "eta": 422.85715, "eta_std": 0.0, "eta_hours": 0.11746, "eta_hours_std": 0.0, "loss": 0.50012, "loss_std": 0.0, "lr": 0.00041, "lr_std": 0.0, "params": 6697.0, "params_std": 0.0, "time_iter": 0.06329, "time_iter_std": 0.0, "accuracy": 0.77551, "accuracy_std": 0.0, "precision": 0.76812, "precision_std": 0.0, "recall": 0.65432, "recall_std": 0.0, "f1": 0.70667, "f1_std": 0.0, "auc": 0.84299, "auc_std": 0.0}
{"epoch": 57, "time_epoch": 9.30371, "time_epoch_std": 0.0, "eta": 412.63934, "eta_std": 0.0, "eta_hours": 0.11462, "eta_hours_std": 0.0, "loss": 0.49964, "loss_std": 0.0, "lr": 0.00039, "lr_std": 0.0, "params": 6697.0, "params_std": 0.0, "time_iter": 0.06329, "time_iter_std": 0.0, "accuracy": 0.78401, "accuracy_std": 0.0, "precision": 0.77358, "precision_std": 0.0, "recall": 0.6749, "recall_std": 0.0, "f1": 0.72088, "f1_std": 0.0, "auc": 0.83985, "auc_std": 0.0}
{"epoch": 58, "time_epoch": 9.31129, "time_epoch_std": 0.0, "eta": 402.45778, "eta_std": 0.0, "eta_hours": 0.11179, "eta_hours_std": 0.0, "loss": 0.51967, "loss_std": 0.0, "lr": 0.00038, "lr_std": 0.0, "params": 6697.0, "params_std": 0.0, "time_iter": 0.06334, "time_iter_std": 0.0, "accuracy": 0.76871, "accuracy_std": 0.0, "precision": 0.77157, "precision_std": 0.0, "recall": 0.62551, "recall_std": 0.0, "f1": 0.69091, "f1_std": 0.0, "auc": 0.82584, "auc_std": 0.0}
{"epoch": 59, "time_epoch": 9.12227, "time_epoch_std": 0.0, "eta": 392.17922, "eta_std": 0.0, "eta_hours": 0.10894, "eta_hours_std": 0.0, "loss": 0.50215, "loss_std": 0.0, "lr": 0.00036, "lr_std": 0.0, "params": 6697.0, "params_std": 0.0, "time_iter": 0.06206, "time_iter_std": 0.0, "accuracy": 0.78912, "accuracy_std": 0.0, "precision": 0.79602, "precision_std": 0.0, "recall": 0.65844, "recall_std": 0.0, "f1": 0.72072, "f1_std": 0.0, "auc": 0.84769, "auc_std": 0.0}
{"epoch": 60, "time_epoch": 9.63644, "time_epoch_std": 0.0, "eta": 382.26731, "eta_std": 0.0, "eta_hours": 0.10619, "eta_hours_std": 0.0, "loss": 0.49679, "loss_std": 0.0, "lr": 0.00035, "lr_std": 0.0, "params": 6697.0, "params_std": 0.0, "time_iter": 0.06555, "time_iter_std": 0.0, "accuracy": 0.79592, "accuracy_std": 0.0, "precision": 0.79426, "precision_std": 0.0, "recall": 0.68313, "recall_std": 0.0, "f1": 0.73451, "f1_std": 0.0, "auc": 0.83994, "auc_std": 0.0}
{"epoch": 61, "time_epoch": 9.16229, "time_epoch_std": 0.0, "eta": 372.07367, "eta_std": 0.0, "eta_hours": 0.10335, "eta_hours_std": 0.0, "loss": 0.51066, "loss_std": 0.0, "lr": 0.00033, "lr_std": 0.0, "params": 6697.0, "params_std": 0.0, "time_iter": 0.06233, "time_iter_std": 0.0, "accuracy": 0.79082, "accuracy_std": 0.0, "precision": 0.79412, "precision_std": 0.0, "recall": 0.66667, "recall_std": 0.0, "f1": 0.72483, "f1_std": 0.0, "auc": 0.84356, "auc_std": 0.0}
{"epoch": 62, "time_epoch": 9.44278, "time_epoch_std": 0.0, "eta": 362.0775, "eta_std": 0.0, "eta_hours": 0.10058, "eta_hours_std": 0.0, "loss": 0.52144, "loss_std": 0.0, "lr": 0.00032, "lr_std": 0.0, "params": 6697.0, "params_std": 0.0, "time_iter": 0.06424, "time_iter_std": 0.0, "accuracy": 0.78061, "accuracy_std": 0.0, "precision": 0.77404, "precision_std": 0.0, "recall": 0.66255, "recall_std": 0.0, "f1": 0.71397, "f1_std": 0.0, "auc": 0.84295, "auc_std": 0.0}
{"epoch": 63, "time_epoch": 9.72172, "time_epoch_std": 0.0, "eta": 352.25554, "eta_std": 0.0, "eta_hours": 0.09785, "eta_hours_std": 0.0, "loss": 0.50144, "loss_std": 0.0, "lr": 0.0003, "lr_std": 0.0, "params": 6697.0, "params_std": 0.0, "time_iter": 0.06613, "time_iter_std": 0.0, "accuracy": 0.78741, "accuracy_std": 0.0, "precision": 0.76339, "precision_std": 0.0, "recall": 0.7037, "recall_std": 0.0, "f1": 0.73233, "f1_std": 0.0, "auc": 0.84778, "auc_std": 0.0}
{"epoch": 64, "time_epoch": 9.93031, "time_epoch_std": 0.0, "eta": 342.54897, "eta_std": 0.0, "eta_hours": 0.09515, "eta_hours_std": 0.0, "loss": 0.56111, "loss_std": 0.0, "lr": 0.00029, "lr_std": 0.0, "params": 6697.0, "params_std": 0.0, "time_iter": 0.06755, "time_iter_std": 0.0, "accuracy": 0.77721, "accuracy_std": 0.0, "precision": 0.76168, "precision_std": 0.0, "recall": 0.67078, "recall_std": 0.0, "f1": 0.71335, "f1_std": 0.0, "auc": 0.83211, "auc_std": 0.0}
{"epoch": 65, "time_epoch": 9.52351, "time_epoch_std": 0.0, "eta": 332.62606, "eta_std": 0.0, "eta_hours": 0.0924, "eta_hours_std": 0.0, "loss": 0.50343, "loss_std": 0.0, "lr": 0.00027, "lr_std": 0.0, "params": 6697.0, "params_std": 0.0, "time_iter": 0.06479, "time_iter_std": 0.0, "accuracy": 0.78912, "accuracy_std": 0.0, "precision": 0.77934, "precision_std": 0.0, "recall": 0.68313, "recall_std": 0.0, "f1": 0.72807, "f1_std": 0.0, "auc": 0.84949, "auc_std": 0.0}
{"epoch": 66, "time_epoch": 9.49502, "time_epoch_std": 0.0, "eta": 322.70104, "eta_std": 0.0, "eta_hours": 0.08964, "eta_hours_std": 0.0, "loss": 0.5237, "loss_std": 0.0, "lr": 0.00026, "lr_std": 0.0, "params": 6697.0, "params_std": 0.0, "time_iter": 0.06459, "time_iter_std": 0.0, "accuracy": 0.77721, "accuracy_std": 0.0, "precision": 0.78571, "precision_std": 0.0, "recall": 0.63374, "recall_std": 0.0, "f1": 0.70159, "f1_std": 0.0, "auc": 0.82274, "auc_std": 0.0}
{"epoch": 67, "time_epoch": 9.57756, "time_epoch_std": 0.0, "eta": 312.82751, "eta_std": 0.0, "eta_hours": 0.0869, "eta_hours_std": 0.0, "loss": 0.49857, "loss_std": 0.0, "lr": 0.00025, "lr_std": 0.0, "params": 6697.0, "params_std": 0.0, "time_iter": 0.06515, "time_iter_std": 0.0, "accuracy": 0.79592, "accuracy_std": 0.0, "precision": 0.78873, "precision_std": 0.0, "recall": 0.69136, "recall_std": 0.0, "f1": 0.73684, "f1_std": 0.0, "auc": 0.84231, "auc_std": 0.0}
{"epoch": 68, "time_epoch": 9.64909, "time_epoch_std": 0.0, "eta": 302.9947, "eta_std": 0.0, "eta_hours": 0.08417, "eta_hours_std": 0.0, "loss": 0.55347, "loss_std": 0.0, "lr": 0.00023, "lr_std": 0.0, "params": 6697.0, "params_std": 0.0, "time_iter": 0.06564, "time_iter_std": 0.0, "accuracy": 0.7602, "accuracy_std": 0.0, "precision": 0.73611, "precision_std": 0.0, "recall": 0.65432, "recall_std": 0.0, "f1": 0.69281, "f1_std": 0.0, "auc": 0.83255, "auc_std": 0.0}
{"epoch": 69, "time_epoch": 9.64384, "time_epoch_std": 0.0, "eta": 293.16488, "eta_std": 0.0, "eta_hours": 0.08143, "eta_hours_std": 0.0, "loss": 0.47496, "loss_std": 0.0, "lr": 0.00022, "lr_std": 0.0, "params": 6697.0, "params_std": 0.0, "time_iter": 0.0656, "time_iter_std": 0.0, "accuracy": 0.79422, "accuracy_std": 0.0, "precision": 0.805, "precision_std": 0.0, "recall": 0.66255, "recall_std": 0.0, "f1": 0.72686, "f1_std": 0.0, "auc": 0.86141, "auc_std": 0.0}
{"epoch": 70, "time_epoch": 9.61722, "time_epoch_std": 0.0, "eta": 283.32943, "eta_std": 0.0, "eta_hours": 0.0787, "eta_hours_std": 0.0, "loss": 0.49031, "loss_std": 0.0, "lr": 0.00021, "lr_std": 0.0, "params": 6697.0, "params_std": 0.0, "time_iter": 0.06542, "time_iter_std": 0.0, "accuracy": 0.78231, "accuracy_std": 0.0, "precision": 0.80423, "precision_std": 0.0, "recall": 0.62551, "recall_std": 0.0, "f1": 0.7037, "f1_std": 0.0, "auc": 0.84902, "auc_std": 0.0}
{"epoch": 71, "time_epoch": 10.05053, "time_epoch_std": 0.0, "eta": 273.66856, "eta_std": 0.0, "eta_hours": 0.07602, "eta_hours_std": 0.0, "loss": 0.51798, "loss_std": 0.0, "lr": 0.00019, "lr_std": 0.0, "params": 6697.0, "params_std": 0.0, "time_iter": 0.06837, "time_iter_std": 0.0, "accuracy": 0.79252, "accuracy_std": 0.0, "precision": 0.80711, "precision_std": 0.0, "recall": 0.65432, "recall_std": 0.0, "f1": 0.72273, "f1_std": 0.0, "auc": 0.83378, "auc_std": 0.0}
{"epoch": 72, "time_epoch": 9.60706, "time_epoch_std": 0.0, "eta": 263.83298, "eta_std": 0.0, "eta_hours": 0.07329, "eta_hours_std": 0.0, "loss": 0.49052, "loss_std": 0.0, "lr": 0.00018, "lr_std": 0.0, "params": 6697.0, "params_std": 0.0, "time_iter": 0.06535, "time_iter_std": 0.0, "accuracy": 0.79762, "accuracy_std": 0.0, "precision": 0.81313, "precision_std": 0.0, "recall": 0.66255, "recall_std": 0.0, "f1": 0.73016, "f1_std": 0.0, "auc": 0.85264, "auc_std": 0.0}
{"epoch": 73, "time_epoch": 9.32418, "time_epoch_std": 0.0, "eta": 253.90419, "eta_std": 0.0, "eta_hours": 0.07053, "eta_hours_std": 0.0, "loss": 0.50553, "loss_std": 0.0, "lr": 0.00017, "lr_std": 0.0, "params": 6697.0, "params_std": 0.0, "time_iter": 0.06343, "time_iter_std": 0.0, "accuracy": 0.78571, "accuracy_std": 0.0, "precision": 0.79397, "precision_std": 0.0, "recall": 0.65021, "recall_std": 0.0, "f1": 0.71493, "f1_std": 0.0, "auc": 0.84535, "auc_std": 0.0}
{"epoch": 74, "time_epoch": 9.8703, "time_epoch_std": 0.0, "eta": 244.17356, "eta_std": 0.0, "eta_hours": 0.06783, "eta_hours_std": 0.0, "loss": 0.49603, "loss_std": 0.0, "lr": 0.00016, "lr_std": 0.0, "params": 6697.0, "params_std": 0.0, "time_iter": 0.06714, "time_iter_std": 0.0, "accuracy": 0.79252, "accuracy_std": 0.0, "precision": 0.78404, "precision_std": 0.0, "recall": 0.68724, "recall_std": 0.0, "f1": 0.73246, "f1_std": 0.0, "auc": 0.85302, "auc_std": 0.0}
{"epoch": 75, "time_epoch": 9.68444, "time_epoch_std": 0.0, "eta": 234.38056, "eta_std": 0.0, "eta_hours": 0.06511, "eta_hours_std": 0.0, "loss": 0.49891, "loss_std": 0.0, "lr": 0.00015, "lr_std": 0.0, "params": 6697.0, "params_std": 0.0, "time_iter": 0.06588, "time_iter_std": 0.0, "accuracy": 0.76871, "accuracy_std": 0.0, "precision": 0.75355, "precision_std": 0.0, "recall": 0.65432, "recall_std": 0.0, "f1": 0.70044, "f1_std": 0.0, "auc": 0.84831, "auc_std": 0.0}
{"epoch": 76, "time_epoch": 9.6909, "time_epoch_std": 0.0, "eta": 224.59232, "eta_std": 0.0, "eta_hours": 0.06239, "eta_hours_std": 0.0, "loss": 0.45993, "loss_std": 0.0, "lr": 0.00014, "lr_std": 0.0, "params": 6697.0, "params_std": 0.0, "time_iter": 0.06592, "time_iter_std": 0.0, "accuracy": 0.79762, "accuracy_std": 0.0, "precision": 0.79524, "precision_std": 0.0, "recall": 0.68724, "recall_std": 0.0, "f1": 0.73731, "f1_std": 0.0, "auc": 0.87027, "auc_std": 0.0}
{"epoch": 77, "time_epoch": 9.72369, "time_epoch_std": 0.0, "eta": 214.81582, "eta_std": 0.0, "eta_hours": 0.05967, "eta_hours_std": 0.0, "loss": 0.48821, "loss_std": 0.0, "lr": 0.00012, "lr_std": 0.0, "params": 6697.0, "params_std": 0.0, "time_iter": 0.06615, "time_iter_std": 0.0, "accuracy": 0.79252, "accuracy_std": 0.0, "precision": 0.7788, "precision_std": 0.0, "recall": 0.69547, "recall_std": 0.0, "f1": 0.73478, "f1_std": 0.0, "auc": 0.85389, "auc_std": 0.0}
{"epoch": 78, "time_epoch": 10.36368, "time_epoch_std": 0.0, "eta": 205.21078, "eta_std": 0.0, "eta_hours": 0.057, "eta_hours_std": 0.0, "loss": 0.53079, "loss_std": 0.0, "lr": 0.00011, "lr_std": 0.0, "params": 6697.0, "params_std": 0.0, "time_iter": 0.0705, "time_iter_std": 0.0, "accuracy": 0.77721, "accuracy_std": 0.0, "precision": 0.77451, "precision_std": 0.0, "recall": 0.65021, "recall_std": 0.0, "f1": 0.70694, "f1_std": 0.0, "auc": 0.82421, "auc_std": 0.0}
{"epoch": 79, "time_epoch": 9.75058, "time_epoch_std": 0.0, "eta": 195.43349, "eta_std": 0.0, "eta_hours": 0.05429, "eta_hours_std": 0.0, "loss": 0.49627, "loss_std": 0.0, "lr": 0.0001, "lr_std": 0.0, "params": 6697.0, "params_std": 0.0, "time_iter": 0.06633, "time_iter_std": 0.0, "accuracy": 0.78912, "accuracy_std": 0.0, "precision": 0.78199, "precision_std": 0.0, "recall": 0.67901, "recall_std": 0.0, "f1": 0.72687, "f1_std": 0.0, "auc": 0.84763, "auc_std": 0.0}
{"epoch": 80, "time_epoch": 9.63783, "time_epoch_std": 0.0, "eta": 185.63042, "eta_std": 0.0, "eta_hours": 0.05156, "eta_hours_std": 0.0, "loss": 0.46891, "loss_std": 0.0, "lr": 0.0001, "lr_std": 0.0, "params": 6697.0, "params_std": 0.0, "time_iter": 0.06556, "time_iter_std": 0.0, "accuracy": 0.80102, "accuracy_std": 0.0, "precision": 0.80583, "precision_std": 0.0, "recall": 0.68313, "recall_std": 0.0, "f1": 0.73942, "f1_std": 0.0, "auc": 0.86269, "auc_std": 0.0}
{"epoch": 81, "time_epoch": 9.64146, "time_epoch_std": 0.0, "eta": 175.83218, "eta_std": 0.0, "eta_hours": 0.04884, "eta_hours_std": 0.0, "loss": 0.51642, "loss_std": 0.0, "lr": 9e-05, "lr_std": 0.0, "params": 6697.0, "params_std": 0.0, "time_iter": 0.06559, "time_iter_std": 0.0, "accuracy": 0.78401, "accuracy_std": 0.0, "precision": 0.79, "precision_std": 0.0, "recall": 0.65021, "recall_std": 0.0, "f1": 0.71332, "f1_std": 0.0, "auc": 0.83881, "auc_std": 0.0}
{"epoch": 82, "time_epoch": 9.73676, "time_epoch_std": 0.0, "eta": 166.05723, "eta_std": 0.0, "eta_hours": 0.04613, "eta_hours_std": 0.0, "loss": 0.48591, "loss_std": 0.0, "lr": 8e-05, "lr_std": 0.0, "params": 6697.0, "params_std": 0.0, "time_iter": 0.06624, "time_iter_std": 0.0, "accuracy": 0.77551, "accuracy_std": 0.0, "precision": 0.7734, "precision_std": 0.0, "recall": 0.64609, "recall_std": 0.0, "f1": 0.70404, "f1_std": 0.0, "auc": 0.85842, "auc_std": 0.0}
{"epoch": 83, "time_epoch": 11.25902, "time_epoch_std": 0.0, "eta": 156.57315, "eta_std": 0.0, "eta_hours": 0.04349, "eta_hours_std": 0.0, "loss": 0.51103, "loss_std": 0.0, "lr": 7e-05, "lr_std": 0.0, "params": 6697.0, "params_std": 0.0, "time_iter": 0.07659, "time_iter_std": 0.0, "accuracy": 0.78741, "accuracy_std": 0.0, "precision": 0.79798, "precision_std": 0.0, "recall": 0.65021, "recall_std": 0.0, "f1": 0.71655, "f1_std": 0.0, "auc": 0.83861, "auc_std": 0.0}
{"epoch": 84, "time_epoch": 9.77847, "time_epoch_std": 0.0, "eta": 146.78603, "eta_std": 0.0, "eta_hours": 0.04077, "eta_hours_std": 0.0, "loss": 0.47591, "loss_std": 0.0, "lr": 6e-05, "lr_std": 0.0, "params": 6697.0, "params_std": 0.0, "time_iter": 0.06652, "time_iter_std": 0.0, "accuracy": 0.79422, "accuracy_std": 0.0, "precision": 0.79902, "precision_std": 0.0, "recall": 0.67078, "recall_std": 0.0, "f1": 0.72931, "f1_std": 0.0, "auc": 0.86509, "auc_std": 0.0}
{"epoch": 85, "time_epoch": 9.7798, "time_epoch_std": 0.0, "eta": 136.99933, "eta_std": 0.0, "eta_hours": 0.03806, "eta_hours_std": 0.0, "loss": 0.48092, "loss_std": 0.0, "lr": 5e-05, "lr_std": 0.0, "params": 6697.0, "params_std": 0.0, "time_iter": 0.06653, "time_iter_std": 0.0, "accuracy": 0.78912, "accuracy_std": 0.0, "precision": 0.80829, "precision_std": 0.0, "recall": 0.64198, "recall_std": 0.0, "f1": 0.7156, "f1_std": 0.0, "auc": 0.85654, "auc_std": 0.0}
{"epoch": 86, "time_epoch": 9.69462, "time_epoch_std": 0.0, "eta": 127.20006, "eta_std": 0.0, "eta_hours": 0.03533, "eta_hours_std": 0.0, "loss": 0.49248, "loss_std": 0.0, "lr": 5e-05, "lr_std": 0.0, "params": 6697.0, "params_std": 0.0, "time_iter": 0.06595, "time_iter_std": 0.0, "accuracy": 0.79082, "accuracy_std": 0.0, "precision": 0.79126, "precision_std": 0.0, "recall": 0.67078, "recall_std": 0.0, "f1": 0.72606, "f1_std": 0.0, "auc": 0.85809, "auc_std": 0.0}
{"epoch": 87, "time_epoch": 9.80887, "time_epoch_std": 0.0, "eta": 117.41875, "eta_std": 0.0, "eta_hours": 0.03262, "eta_hours_std": 0.0, "loss": 0.50035, "loss_std": 0.0, "lr": 4e-05, "lr_std": 0.0, "params": 6697.0, "params_std": 0.0, "time_iter": 0.06673, "time_iter_std": 0.0, "accuracy": 0.77041, "accuracy_std": 0.0, "precision": 0.76214, "precision_std": 0.0, "recall": 0.64609, "recall_std": 0.0, "f1": 0.69933, "f1_std": 0.0, "auc": 0.84683, "auc_std": 0.0}
{"epoch": 88, "time_epoch": 9.80487, "time_epoch_std": 0.0, "eta": 107.63632, "eta_std": 0.0, "eta_hours": 0.0299, "eta_hours_std": 0.0, "loss": 0.48769, "loss_std": 0.0, "lr": 4e-05, "lr_std": 0.0, "params": 6697.0, "params_std": 0.0, "time_iter": 0.0667, "time_iter_std": 0.0, "accuracy": 0.78912, "accuracy_std": 0.0, "precision": 0.7931, "precision_std": 0.0, "recall": 0.66255, "recall_std": 0.0, "f1": 0.72197, "f1_std": 0.0, "auc": 0.85374, "auc_std": 0.0}
{"epoch": 89, "time_epoch": 9.75323, "time_epoch_std": 0.0, "eta": 97.84766, "eta_std": 0.0, "eta_hours": 0.02718, "eta_hours_std": 0.0, "loss": 0.48553, "loss_std": 0.0, "lr": 3e-05, "lr_std": 0.0, "params": 6697.0, "params_std": 0.0, "time_iter": 0.06635, "time_iter_std": 0.0, "accuracy": 0.77891, "accuracy_std": 0.0, "precision": 0.77033, "precision_std": 0.0, "recall": 0.66255, "recall_std": 0.0, "f1": 0.71239, "f1_std": 0.0, "auc": 0.85436, "auc_std": 0.0}
{"epoch": 90, "time_epoch": 9.7233, "time_epoch_std": 0.0, "eta": 88.05681, "eta_std": 0.0, "eta_hours": 0.02446, "eta_hours_std": 0.0, "loss": 0.50555, "loss_std": 0.0, "lr": 2e-05, "lr_std": 0.0, "params": 6697.0, "params_std": 0.0, "time_iter": 0.06614, "time_iter_std": 0.0, "accuracy": 0.78231, "accuracy_std": 0.0, "precision": 0.79487, "precision_std": 0.0, "recall": 0.63786, "recall_std": 0.0, "f1": 0.70776, "f1_std": 0.0, "auc": 0.84332, "auc_std": 0.0}
{"epoch": 91, "time_epoch": 9.7806, "time_epoch_std": 0.0, "eta": 78.27242, "eta_std": 0.0, "eta_hours": 0.02174, "eta_hours_std": 0.0, "loss": 0.47683, "loss_std": 0.0, "lr": 2e-05, "lr_std": 0.0, "params": 6697.0, "params_std": 0.0, "time_iter": 0.06653, "time_iter_std": 0.0, "accuracy": 0.79932, "accuracy_std": 0.0, "precision": 0.81095, "precision_std": 0.0, "recall": 0.67078, "recall_std": 0.0, "f1": 0.73423, "f1_std": 0.0, "auc": 0.86091, "auc_std": 0.0}
{"epoch": 92, "time_epoch": 9.71643, "time_epoch_std": 0.0, "eta": 68.48328, "eta_std": 0.0, "eta_hours": 0.01902, "eta_hours_std": 0.0, "loss": 0.48187, "loss_std": 0.0, "lr": 2e-05, "lr_std": 0.0, "params": 6697.0, "params_std": 0.0, "time_iter": 0.0661, "time_iter_std": 0.0, "accuracy": 0.79932, "accuracy_std": 0.0, "precision": 0.7907, "precision_std": 0.0, "recall": 0.69959, "recall_std": 0.0, "f1": 0.74236, "f1_std": 0.0, "auc": 0.86519, "auc_std": 0.0}
{"epoch": 93, "time_epoch": 9.74289, "time_epoch_std": 0.0, "eta": 58.69737, "eta_std": 0.0, "eta_hours": 0.0163, "eta_hours_std": 0.0, "loss": 0.5367, "loss_std": 0.0, "lr": 1e-05, "lr_std": 0.0, "params": 6697.0, "params_std": 0.0, "time_iter": 0.06628, "time_iter_std": 0.0, "accuracy": 0.78571, "accuracy_std": 0.0, "precision": 0.78261, "precision_std": 0.0, "recall": 0.66667, "recall_std": 0.0, "f1": 0.72, "f1_std": 0.0, "auc": 0.8349, "auc_std": 0.0}
{"epoch": 94, "time_epoch": 9.74653, "time_epoch_std": 0.0, "eta": 48.91256, "eta_std": 0.0, "eta_hours": 0.01359, "eta_hours_std": 0.0, "loss": 0.49811, "loss_std": 0.0, "lr": 1e-05, "lr_std": 0.0, "params": 6697.0, "params_std": 0.0, "time_iter": 0.0663, "time_iter_std": 0.0, "accuracy": 0.79252, "accuracy_std": 0.0, "precision": 0.7814, "precision_std": 0.0, "recall": 0.69136, "recall_std": 0.0, "f1": 0.73362, "f1_std": 0.0, "auc": 0.85078, "auc_std": 0.0}
{"epoch": 95, "time_epoch": 9.62132, "time_epoch_std": 0.0, "eta": 39.12333, "eta_std": 0.0, "eta_hours": 0.01087, "eta_hours_std": 0.0, "loss": 0.50452, "loss_std": 0.0, "lr": 1e-05, "lr_std": 0.0, "params": 6697.0, "params_std": 0.0, "time_iter": 0.06545, "time_iter_std": 0.0, "accuracy": 0.78571, "accuracy_std": 0.0, "precision": 0.77725, "precision_std": 0.0, "recall": 0.6749, "recall_std": 0.0, "f1": 0.72247, "f1_std": 0.0, "auc": 0.84317, "auc_std": 0.0}
{"epoch": 96, "time_epoch": 9.79397, "time_epoch_std": 0.0, "eta": 29.34291, "eta_std": 0.0, "eta_hours": 0.00815, "eta_hours_std": 0.0, "loss": 0.50926, "loss_std": 0.0, "lr": 0.0, "lr_std": 0.0, "params": 6697.0, "params_std": 0.0, "time_iter": 0.06663, "time_iter_std": 0.0, "accuracy": 0.78912, "accuracy_std": 0.0, "precision": 0.78469, "precision_std": 0.0, "recall": 0.6749, "recall_std": 0.0, "f1": 0.72566, "f1_std": 0.0, "auc": 0.84292, "auc_std": 0.0}
{"epoch": 97, "time_epoch": 9.71429, "time_epoch_std": 0.0, "eta": 19.56058, "eta_std": 0.0, "eta_hours": 0.00543, "eta_hours_std": 0.0, "loss": 0.52835, "loss_std": 0.0, "lr": 0.0, "lr_std": 0.0, "params": 6697.0, "params_std": 0.0, "time_iter": 0.06608, "time_iter_std": 0.0, "accuracy": 0.77551, "accuracy_std": 0.0, "precision": 0.76812, "precision_std": 0.0, "recall": 0.65432, "recall_std": 0.0, "f1": 0.70667, "f1_std": 0.0, "auc": 0.83524, "auc_std": 0.0}
{"epoch": 98, "time_epoch": 9.90978, "time_epoch_std": 0.0, "eta": 9.7816, "eta_std": 0.0, "eta_hours": 0.00272, "eta_hours_std": 0.0, "loss": 0.48945, "loss_std": 0.0, "lr": 0.0, "lr_std": 0.0, "params": 6697.0, "params_std": 0.0, "time_iter": 0.06741, "time_iter_std": 0.0, "accuracy": 0.78912, "accuracy_std": 0.0, "precision": 0.78199, "precision_std": 0.0, "recall": 0.67901, "recall_std": 0.0, "f1": 0.72687, "f1_std": 0.0, "auc": 0.84695, "auc_std": 0.0}
{"epoch": 99, "time_epoch": 9.83005, "time_epoch_std": 0.0, "eta": 0.0, "eta_std": 0.0, "eta_hours": 0.0, "eta_hours_std": 0.0, "loss": 0.52406, "loss_std": 0.0, "lr": 0.0, "lr_std": 0.0, "params": 6697.0, "params_std": 0.0, "time_iter": 0.06687, "time_iter_std": 0.0, "accuracy": 0.77211, "accuracy_std": 0.0, "precision": 0.77114, "precision_std": 0.0, "recall": 0.63786, "recall_std": 0.0, "f1": 0.6982, "f1_std": 0.0, "auc": 0.83626, "auc_std": 0.0}
