{"epoch": 0, "time_epoch": 24.88578, "time_epoch_std": 0.0, "eta": 2463.69206, "eta_std": 0.0, "eta_hours": 0.68436, "eta_hours_std": 0.0, "loss": 0.67048, "loss_std": 0.0, "lr": 0.001, "lr_std": 0.0, "params": 6759.0, "params_std": 0.0, "time_iter": 0.19291, "time_iter_std": 0.0, "accuracy": 0.57984, "accuracy_std": 0.0, "precision": 0.7056, "precision_std": 0.0, "recall": 0.28101, "recall_std": 0.0, "f1": 0.40194, "f1_std": 0.0, "auc": 0.64036, "auc_std": 0.0}
{"epoch": 1, "time_epoch": 6.8868, "time_epoch_std": 0.0, "eta": 1556.85622, "eta_std": 0.0, "eta_hours": 0.43246, "eta_hours_std": 0.0, "loss": 0.63623, "loss_std": 0.0, "lr": 0.001, "lr_std": 0.0, "params": 6759.0, "params_std": 0.0, "time_iter": 0.05339, "time_iter_std": 0.0, "accuracy": 0.64021, "accuracy_std": 0.0, "precision": 0.6515, "precision_std": 0.0, "recall": 0.61047, "recall_std": 0.0, "f1": 0.63032, "f1_std": 0.0, "auc": 0.69168, "auc_std": 0.0}
{"epoch": 2, "time_epoch": 6.58365, "time_epoch_std": 0.0, "eta": 1240.18452, "eta_std": 0.0, "eta_hours": 0.3445, "eta_hours_std": 0.0, "loss": 0.63116, "loss_std": 0.0, "lr": 0.001, "lr_std": 0.0, "params": 6759.0, "params_std": 0.0, "time_iter": 0.05104, "time_iter_std": 0.0, "accuracy": 0.64606, "accuracy_std": 0.0, "precision": 0.6631, "precision_std": 0.0, "recall": 0.60078, "recall_std": 0.0, "f1": 0.6304, "f1_std": 0.0, "auc": 0.69408, "auc_std": 0.0}
{"epoch": 3, "time_epoch": 7.03128, "time_epoch_std": 0.0, "eta": 1089.30017, "eta_std": 0.0, "eta_hours": 0.30258, "eta_hours_std": 0.0, "loss": 0.62658, "loss_std": 0.0, "lr": 0.001, "lr_std": 0.0, "params": 6759.0, "params_std": 0.0, "time_iter": 0.05451, "time_iter_std": 0.0, "accuracy": 0.64849, "accuracy_std": 0.0, "precision": 0.64933, "precision_std": 0.0, "recall": 0.6531, "recall_std": 0.0, "f1": 0.65121, "f1_std": 0.0, "auc": 0.70725, "auc_std": 0.0}
{"epoch": 4, "time_epoch": 6.66643, "time_epoch_std": 0.0, "eta": 989.02482, "eta_std": 0.0, "eta_hours": 0.27473, "eta_hours_std": 0.0, "loss": 0.62165, "loss_std": 0.0, "lr": 0.001, "lr_std": 0.0, "params": 6759.0, "params_std": 0.0, "time_iter": 0.05168, "time_iter_std": 0.0, "accuracy": 0.65433, "accuracy_std": 0.0, "precision": 0.67349, "precision_std": 0.0, "recall": 0.60562, "recall_std": 0.0, "f1": 0.63776, "f1_std": 0.0, "auc": 0.71138, "auc_std": 0.0}
{"epoch": 5, "time_epoch": 6.41365, "time_epoch_std": 0.0, "eta": 915.99221, "eta_std": 0.0, "eta_hours": 0.25444, "eta_hours_std": 0.0, "loss": 0.61959, "loss_std": 0.0, "lr": 0.00099, "lr_std": 0.0, "params": 6759.0, "params_std": 0.0, "time_iter": 0.04972, "time_iter_std": 0.0, "accuracy": 0.65531, "accuracy_std": 0.0, "precision": 0.6677, "precision_std": 0.0, "recall": 0.625, "recall_std": 0.0, "f1": 0.64565, "f1_std": 0.0, "auc": 0.7141, "auc_std": 0.0}
{"epoch": 6, "time_epoch": 6.2974, "time_epoch_std": 0.0, "eta": 860.44918, "eta_std": 0.0, "eta_hours": 0.23901, "eta_hours_std": 0.0, "loss": 0.61463, "loss_std": 0.0, "lr": 0.00099, "lr_std": 0.0, "params": 6759.0, "params_std": 0.0, "time_iter": 0.04882, "time_iter_std": 0.0, "accuracy": 0.66504, "accuracy_std": 0.0, "precision": 0.68029, "precision_std": 0.0, "recall": 0.62888, "recall_std": 0.0, "f1": 0.65358, "f1_std": 0.0, "auc": 0.71824, "auc_std": 0.0}
{"epoch": 7, "time_epoch": 6.52267, "time_epoch_std": 0.0, "eta": 819.80814, "eta_std": 0.0, "eta_hours": 0.22772, "eta_hours_std": 0.0, "loss": 0.61675, "loss_std": 0.0, "lr": 0.00099, "lr_std": 0.0, "params": 6759.0, "params_std": 0.0, "time_iter": 0.05056, "time_iter_std": 0.0, "accuracy": 0.6592, "accuracy_std": 0.0, "precision": 0.6722, "precision_std": 0.0, "recall": 0.62791, "recall_std": 0.0, "f1": 0.6493, "f1_std": 0.0, "auc": 0.71904, "auc_std": 0.0}
{"epoch": 8, "time_epoch": 6.77218, "time_epoch_std": 0.0, "eta": 789.2718, "eta_std": 0.0, "eta_hours": 0.21924, "eta_hours_std": 0.0, "loss": 0.60741, "loss_std": 0.0, "lr": 0.00098, "lr_std": 0.0, "params": 6759.0, "params_std": 0.0, "time_iter": 0.0525, "time_iter_std": 0.0, "accuracy": 0.66894, "accuracy_std": 0.0, "precision": 0.67635, "precision_std": 0.0, "recall": 0.65407, "recall_std": 0.0, "f1": 0.66502, "f1_std": 0.0, "auc": 0.72817, "auc_std": 0.0}
{"epoch": 9, "time_epoch": 7.24315, "time_epoch_std": 0.0, "eta": 767.72699, "eta_std": 0.0, "eta_hours": 0.21326, "eta_hours_std": 0.0, "loss": 0.6017, "loss_std": 0.0, "lr": 0.00098, "lr_std": 0.0, "params": 6759.0, "params_std": 0.0, "time_iter": 0.05615, "time_iter_std": 0.0, "accuracy": 0.66553, "accuracy_std": 0.0, "precision": 0.67876, "precision_std": 0.0, "recall": 0.63469, "recall_std": 0.0, "f1": 0.65598, "f1_std": 0.0, "auc": 0.73375, "auc_std": 0.0}
{"epoch": 10, "time_epoch": 6.70953, "time_epoch_std": 0.0, "eta": 744.46499, "eta_std": 0.0, "eta_hours": 0.2068, "eta_hours_std": 0.0, "loss": 0.59509, "loss_std": 0.0, "lr": 0.00098, "lr_std": 0.0, "params": 6759.0, "params_std": 0.0, "time_iter": 0.05201, "time_iter_std": 0.0, "accuracy": 0.685, "accuracy_std": 0.0, "precision": 0.69231, "precision_std": 0.0, "recall": 0.67151, "recall_std": 0.0, "f1": 0.68175, "f1_std": 0.0, "auc": 0.74633, "auc_std": 0.0}
{"epoch": 11, "time_epoch": 6.1728, "time_epoch_std": 0.0, "eta": 720.02574, "eta_std": 0.0, "eta_hours": 0.20001, "eta_hours_std": 0.0, "loss": 0.59487, "loss_std": 0.0, "lr": 0.00097, "lr_std": 0.0, "params": 6759.0, "params_std": 0.0, "time_iter": 0.04785, "time_iter_std": 0.0, "accuracy": 0.67673, "accuracy_std": 0.0, "precision": 0.68891, "precision_std": 0.0, "recall": 0.65019, "recall_std": 0.0, "f1": 0.66899, "f1_std": 0.0, "auc": 0.74339, "auc_std": 0.0}
{"epoch": 12, "time_epoch": 6.57764, "time_epoch_std": 0.0, "eta": 701.10602, "eta_std": 0.0, "eta_hours": 0.19475, "eta_hours_std": 0.0, "loss": 0.59302, "loss_std": 0.0, "lr": 0.00096, "lr_std": 0.0, "params": 6759.0, "params_std": 0.0, "time_iter": 0.05099, "time_iter_std": 0.0, "accuracy": 0.67381, "accuracy_std": 0.0, "precision": 0.68357, "precision_std": 0.0, "recall": 0.6531, "recall_std": 0.0, "f1": 0.66799, "f1_std": 0.0, "auc": 0.74472, "auc_std": 0.0}
{"epoch": 13, "time_epoch": 6.6573, "time_epoch_std": 0.0, "eta": 684.43881, "eta_std": 0.0, "eta_hours": 0.19012, "eta_hours_std": 0.0, "loss": 0.59305, "loss_std": 0.0, "lr": 0.00096, "lr_std": 0.0, "params": 6759.0, "params_std": 0.0, "time_iter": 0.05161, "time_iter_std": 0.0, "accuracy": 0.66553, "accuracy_std": 0.0, "precision": 0.67548, "precision_std": 0.0, "recall": 0.64341, "recall_std": 0.0, "f1": 0.65906, "f1_std": 0.0, "auc": 0.74303, "auc_std": 0.0}
{"epoch": 14, "time_epoch": 6.68516, "time_epoch_std": 0.0, "eta": 669.26412, "eta_std": 0.0, "eta_hours": 0.18591, "eta_hours_std": 0.0, "loss": 0.58449, "loss_std": 0.0, "lr": 0.00095, "lr_std": 0.0, "params": 6759.0, "params_std": 0.0, "time_iter": 0.05182, "time_iter_std": 0.0, "accuracy": 0.67624, "accuracy_std": 0.0, "precision": 0.69752, "precision_std": 0.0, "recall": 0.62791, "recall_std": 0.0, "f1": 0.66089, "f1_std": 0.0, "auc": 0.74928, "auc_std": 0.0}
{"epoch": 15, "time_epoch": 6.87512, "time_epoch_std": 0.0, "eta": 656.14788, "eta_std": 0.0, "eta_hours": 0.18226, "eta_hours_std": 0.0, "loss": 0.58162, "loss_std": 0.0, "lr": 0.00095, "lr_std": 0.0, "params": 6759.0, "params_std": 0.0, "time_iter": 0.0533, "time_iter_std": 0.0, "accuracy": 0.68403, "accuracy_std": 0.0, "precision": 0.70222, "precision_std": 0.0, "recall": 0.64438, "recall_std": 0.0, "f1": 0.67206, "f1_std": 0.0, "auc": 0.75779, "auc_std": 0.0}
{"epoch": 16, "time_epoch": 6.57945, "time_epoch_std": 0.0, "eta": 642.32232, "eta_std": 0.0, "eta_hours": 0.17842, "eta_hours_std": 0.0, "loss": 0.57847, "loss_std": 0.0, "lr": 0.00094, "lr_std": 0.0, "params": 6759.0, "params_std": 0.0, "time_iter": 0.051, "time_iter_std": 0.0, "accuracy": 0.6777, "accuracy_std": 0.0, "precision": 0.68994, "precision_std": 0.0, "recall": 0.65116, "recall_std": 0.0, "f1": 0.66999, "f1_std": 0.0, "auc": 0.76148, "auc_std": 0.0}
{"epoch": 17, "time_epoch": 6.93334, "time_epoch_std": 0.0, "eta": 630.91407, "eta_std": 0.0, "eta_hours": 0.17525, "eta_hours_std": 0.0, "loss": 0.57632, "loss_std": 0.0, "lr": 0.00093, "lr_std": 0.0, "params": 6759.0, "params_std": 0.0, "time_iter": 0.05375, "time_iter_std": 0.0, "accuracy": 0.69377, "accuracy_std": 0.0, "precision": 0.70624, "precision_std": 0.0, "recall": 0.6686, "recall_std": 0.0, "f1": 0.68691, "f1_std": 0.0, "auc": 0.76924, "auc_std": 0.0}
{"epoch": 18, "time_epoch": 6.94691, "time_epoch_std": 0.0, "eta": 620.03473, "eta_std": 0.0, "eta_hours": 0.17223, "eta_hours_std": 0.0, "loss": 0.5812, "loss_std": 0.0, "lr": 0.00092, "lr_std": 0.0, "params": 6759.0, "params_std": 0.0, "time_iter": 0.05385, "time_iter_std": 0.0, "accuracy": 0.69036, "accuracy_std": 0.0, "precision": 0.70798, "precision_std": 0.0, "recall": 0.6531, "recall_std": 0.0, "f1": 0.67944, "f1_std": 0.0, "auc": 0.76177, "auc_std": 0.0}
{"epoch": 19, "time_epoch": 6.5688, "time_epoch_std": 0.0, "eta": 608.03617, "eta_std": 0.0, "eta_hours": 0.1689, "eta_hours_std": 0.0, "loss": 0.57201, "loss_std": 0.0, "lr": 0.00091, "lr_std": 0.0, "params": 6759.0, "params_std": 0.0, "time_iter": 0.05092, "time_iter_std": 0.0, "accuracy": 0.68354, "accuracy_std": 0.0, "precision": 0.70021, "precision_std": 0.0, "recall": 0.64729, "recall_std": 0.0, "f1": 0.67271, "f1_std": 0.0, "auc": 0.76526, "auc_std": 0.0}
{"epoch": 20, "time_epoch": 6.72055, "time_epoch_std": 0.0, "eta": 597.12562, "eta_std": 0.0, "eta_hours": 0.16587, "eta_hours_std": 0.0, "loss": 0.57098, "loss_std": 0.0, "lr": 0.0009, "lr_std": 0.0, "params": 6759.0, "params_std": 0.0, "time_iter": 0.0521, "time_iter_std": 0.0, "accuracy": 0.6962, "accuracy_std": 0.0, "precision": 0.70606, "precision_std": 0.0, "recall": 0.67733, "recall_std": 0.0, "f1": 0.69139, "f1_std": 0.0, "auc": 0.77084, "auc_std": 0.0}
{"epoch": 21, "time_epoch": 6.37038, "time_epoch_std": 0.0, "eta": 585.35445, "eta_std": 0.0, "eta_hours": 0.1626, "eta_hours_std": 0.0, "loss": 0.56108, "loss_std": 0.0, "lr": 0.0009, "lr_std": 0.0, "params": 6759.0, "params_std": 0.0, "time_iter": 0.04938, "time_iter_std": 0.0, "accuracy": 0.70886, "accuracy_std": 0.0, "precision": 0.71528, "precision_std": 0.0, "recall": 0.69864, "recall_std": 0.0, "f1": 0.70686, "f1_std": 0.0, "auc": 0.78131, "auc_std": 0.0}
{"epoch": 22, "time_epoch": 6.41685, "time_epoch_std": 0.0, "eta": 574.20848, "eta_std": 0.0, "eta_hours": 0.1595, "eta_hours_std": 0.0, "loss": 0.56582, "loss_std": 0.0, "lr": 0.00089, "lr_std": 0.0, "params": 6759.0, "params_std": 0.0, "time_iter": 0.04974, "time_iter_std": 0.0, "accuracy": 0.69669, "accuracy_std": 0.0, "precision": 0.70846, "precision_std": 0.0, "recall": 0.67345, "recall_std": 0.0, "f1": 0.69051, "f1_std": 0.0, "auc": 0.77768, "auc_std": 0.0}
{"epoch": 23, "time_epoch": 7.11323, "time_epoch_std": 0.0, "eta": 565.66183, "eta_std": 0.0, "eta_hours": 0.15713, "eta_hours_std": 0.0, "loss": 0.55786, "loss_std": 0.0, "lr": 0.00088, "lr_std": 0.0, "params": 6759.0, "params_std": 0.0, "time_iter": 0.05514, "time_iter_std": 0.0, "accuracy": 0.7001, "accuracy_std": 0.0, "precision": 0.708, "precision_std": 0.0, "recall": 0.68605, "recall_std": 0.0, "f1": 0.69685, "f1_std": 0.0, "auc": 0.78144, "auc_std": 0.0}
{"epoch": 24, "time_epoch": 6.62525, "time_epoch_std": 0.0, "eta": 555.76592, "eta_std": 0.0, "eta_hours": 0.15438, "eta_hours_std": 0.0, "loss": 0.56358, "loss_std": 0.0, "lr": 0.00086, "lr_std": 0.0, "params": 6759.0, "params_std": 0.0, "time_iter": 0.05136, "time_iter_std": 0.0, "accuracy": 0.70107, "accuracy_std": 0.0, "precision": 0.71026, "precision_std": 0.0, "recall": 0.68411, "recall_std": 0.0, "f1": 0.69694, "f1_std": 0.0, "auc": 0.7819, "auc_std": 0.0}
{"epoch": 25, "time_epoch": 6.39968, "time_epoch_std": 0.0, "eta": 545.47956, "eta_std": 0.0, "eta_hours": 0.15152, "eta_hours_std": 0.0, "loss": 0.55254, "loss_std": 0.0, "lr": 0.00085, "lr_std": 0.0, "params": 6759.0, "params_std": 0.0, "time_iter": 0.04961, "time_iter_std": 0.0, "accuracy": 0.71276, "accuracy_std": 0.0, "precision": 0.71881, "precision_std": 0.0, "recall": 0.70349, "recall_std": 0.0, "f1": 0.71107, "f1_std": 0.0, "auc": 0.78759, "auc_std": 0.0}
{"epoch": 26, "time_epoch": 6.77569, "time_epoch_std": 0.0, "eta": 536.49775, "eta_std": 0.0, "eta_hours": 0.14903, "eta_hours_std": 0.0, "loss": 0.55538, "loss_std": 0.0, "lr": 0.00084, "lr_std": 0.0, "params": 6759.0, "params_std": 0.0, "time_iter": 0.05252, "time_iter_std": 0.0, "accuracy": 0.71373, "accuracy_std": 0.0, "precision": 0.72244, "precision_std": 0.0, "recall": 0.69864, "recall_std": 0.0, "f1": 0.71034, "f1_std": 0.0, "auc": 0.78693, "auc_std": 0.0}
{"epoch": 27, "time_epoch": 10.44666, "time_epoch_std": 0.0, "eta": 537.11314, "eta_std": 0.0, "eta_hours": 0.1492, "eta_hours_std": 0.0, "loss": 0.55179, "loss_std": 0.0, "lr": 0.00083, "lr_std": 0.0, "params": 6759.0, "params_std": 0.0, "time_iter": 0.08098, "time_iter_std": 0.0, "accuracy": 0.71373, "accuracy_std": 0.0, "precision": 0.71937, "precision_std": 0.0, "recall": 0.70543, "recall_std": 0.0, "f1": 0.71233, "f1_std": 0.0, "auc": 0.79005, "auc_std": 0.0}
{"epoch": 28, "time_epoch": 12.86432, "time_epoch_std": 0.0, "eta": 542.88473, "eta_std": 0.0, "eta_hours": 0.1508, "eta_hours_std": 0.0, "loss": 0.55403, "loss_std": 0.0, "lr": 0.00082, "lr_std": 0.0, "params": 6759.0, "params_std": 0.0, "time_iter": 0.09972, "time_iter_std": 0.0, "accuracy": 0.71276, "accuracy_std": 0.0, "precision": 0.71709, "precision_std": 0.0, "recall": 0.70736, "recall_std": 0.0, "f1": 0.7122, "f1_std": 0.0, "auc": 0.79053, "auc_std": 0.0}
{"epoch": 29, "time_epoch": 11.62567, "time_epoch_std": 0.0, "eta": 544.52374, "eta_std": 0.0, "eta_hours": 0.15126, "eta_hours_std": 0.0, "loss": 0.54938, "loss_std": 0.0, "lr": 0.00081, "lr_std": 0.0, "params": 6759.0, "params_std": 0.0, "time_iter": 0.09012, "time_iter_std": 0.0, "accuracy": 0.71276, "accuracy_std": 0.0, "precision": 0.71128, "precision_std": 0.0, "recall": 0.72093, "recall_std": 0.0, "f1": 0.71607, "f1_std": 0.0, "auc": 0.79565, "auc_std": 0.0}
{"epoch": 30, "time_epoch": 13.97039, "time_epoch_std": 0.0, "eta": 550.52586, "eta_std": 0.0, "eta_hours": 0.15292, "eta_hours_std": 0.0, "loss": 0.54624, "loss_std": 0.0, "lr": 0.00079, "lr_std": 0.0, "params": 6759.0, "params_std": 0.0, "time_iter": 0.1083, "time_iter_std": 0.0, "accuracy": 0.71276, "accuracy_std": 0.0, "precision": 0.71332, "precision_std": 0.0, "recall": 0.71609, "recall_std": 0.0, "f1": 0.7147, "f1_std": 0.0, "auc": 0.79353, "auc_std": 0.0}
{"epoch": 31, "time_epoch": 12.81641, "time_epoch_std": 0.0, "eta": 552.8275, "eta_std": 0.0, "eta_hours": 0.15356, "eta_hours_std": 0.0, "loss": 0.5469, "loss_std": 0.0, "lr": 0.00078, "lr_std": 0.0, "params": 6759.0, "params_std": 0.0, "time_iter": 0.09935, "time_iter_std": 0.0, "accuracy": 0.71714, "accuracy_std": 0.0, "precision": 0.7183, "precision_std": 0.0, "recall": 0.71899, "recall_std": 0.0, "f1": 0.71864, "f1_std": 0.0, "auc": 0.79678, "auc_std": 0.0}
{"epoch": 32, "time_epoch": 12.99049, "time_epoch_std": 0.0, "eta": 554.56633, "eta_std": 0.0, "eta_hours": 0.15405, "eta_hours_std": 0.0, "loss": 0.54365, "loss_std": 0.0, "lr": 0.00077, "lr_std": 0.0, "params": 6759.0, "params_std": 0.0, "time_iter": 0.1007, "time_iter_std": 0.0, "accuracy": 0.72055, "accuracy_std": 0.0, "precision": 0.72809, "precision_std": 0.0, "recall": 0.70833, "recall_std": 0.0, "f1": 0.71807, "f1_std": 0.0, "auc": 0.80189, "auc_std": 0.0}
{"epoch": 33, "time_epoch": 11.09241, "time_epoch_std": 0.0, "eta": 551.75421, "eta_std": 0.0, "eta_hours": 0.15327, "eta_hours_std": 0.0, "loss": 0.54316, "loss_std": 0.0, "lr": 0.00075, "lr_std": 0.0, "params": 6759.0, "params_std": 0.0, "time_iter": 0.08599, "time_iter_std": 0.0, "accuracy": 0.72395, "accuracy_std": 0.0, "precision": 0.72595, "precision_std": 0.0, "recall": 0.72384, "recall_std": 0.0, "f1": 0.72489, "f1_std": 0.0, "auc": 0.798, "auc_std": 0.0}
{"epoch": 34, "time_epoch": 10.97248, "time_epoch_std": 0.0, "eta": 548.2462, "eta_std": 0.0, "eta_hours": 0.15229, "eta_hours_std": 0.0, "loss": 0.53958, "loss_std": 0.0, "lr": 0.00074, "lr_std": 0.0, "params": 6759.0, "params_std": 0.0, "time_iter": 0.08506, "time_iter_std": 0.0, "accuracy": 0.71908, "accuracy_std": 0.0, "precision": 0.72637, "precision_std": 0.0, "recall": 0.70736, "recall_std": 0.0, "f1": 0.71674, "f1_std": 0.0, "auc": 0.80296, "auc_std": 0.0}
{"epoch": 35, "time_epoch": 11.98213, "time_epoch_std": 0.0, "eta": 546.11844, "eta_std": 0.0, "eta_hours": 0.1517, "eta_hours_std": 0.0, "loss": 0.54043, "loss_std": 0.0, "lr": 0.00073, "lr_std": 0.0, "params": 6759.0, "params_std": 0.0, "time_iter": 0.09288, "time_iter_std": 0.0, "accuracy": 0.72882, "accuracy_std": 0.0, "precision": 0.72469, "precision_std": 0.0, "recall": 0.74225, "recall_std": 0.0, "f1": 0.73337, "f1_std": 0.0, "auc": 0.80162, "auc_std": 0.0}
{"epoch": 36, "time_epoch": 13.0956, "time_epoch_std": 0.0, "eta": 545.35391, "eta_std": 0.0, "eta_hours": 0.15149, "eta_hours_std": 0.0, "loss": 0.54037, "loss_std": 0.0, "lr": 0.00071, "lr_std": 0.0, "params": 6759.0, "params_std": 0.0, "time_iter": 0.10152, "time_iter_std": 0.0, "accuracy": 0.72833, "accuracy_std": 0.0, "precision": 0.73145, "precision_std": 0.0, "recall": 0.72578, "recall_std": 0.0, "f1": 0.7286, "f1_std": 0.0, "auc": 0.80354, "auc_std": 0.0}
{"epoch": 37, "time_epoch": 12.97708, "time_epoch_std": 0.0, "eta": 543.74702, "eta_std": 0.0, "eta_hours": 0.15104, "eta_hours_std": 0.0, "loss": 0.53027, "loss_std": 0.0, "lr": 0.0007, "lr_std": 0.0, "params": 6759.0, "params_std": 0.0, "time_iter": 0.1006, "time_iter_std": 0.0, "accuracy": 0.72736, "accuracy_std": 0.0, "precision": 0.7479, "precision_std": 0.0, "recall": 0.68992, "recall_std": 0.0, "f1": 0.71774, "f1_std": 0.0, "auc": 0.81193, "auc_std": 0.0}
{"epoch": 38, "time_epoch": 9.925, "time_epoch_std": 0.0, "eta": 536.78327, "eta_std": 0.0, "eta_hours": 0.14911, "eta_hours_std": 0.0, "loss": 0.54558, "loss_std": 0.0, "lr": 0.00068, "lr_std": 0.0, "params": 6759.0, "params_std": 0.0, "time_iter": 0.07694, "time_iter_std": 0.0, "accuracy": 0.72444, "accuracy_std": 0.0, "precision": 0.71857, "precision_std": 0.0, "recall": 0.74225, "recall_std": 0.0, "f1": 0.73022, "f1_std": 0.0, "auc": 0.80054, "auc_std": 0.0}
{"epoch": 39, "time_epoch": 12.72789, "time_epoch_std": 0.0, "eta": 533.87579, "eta_std": 0.0, "eta_hours": 0.1483, "eta_hours_std": 0.0, "loss": 0.52695, "loss_std": 0.0, "lr": 0.00067, "lr_std": 0.0, "params": 6759.0, "params_std": 0.0, "time_iter": 0.09867, "time_iter_std": 0.0, "accuracy": 0.74684, "accuracy_std": 0.0, "precision": 0.75, "precision_std": 0.0, "recall": 0.74419, "recall_std": 0.0, "f1": 0.74708, "f1_std": 0.0, "auc": 0.816, "auc_std": 0.0}
{"epoch": 40, "time_epoch": 12.99324, "time_epoch_std": 0.0, "eta": 530.87111, "eta_std": 0.0, "eta_hours": 0.14746, "eta_hours_std": 0.0, "loss": 0.5299, "loss_std": 0.0, "lr": 0.00065, "lr_std": 0.0, "params": 6759.0, "params_std": 0.0, "time_iter": 0.10072, "time_iter_std": 0.0, "accuracy": 0.72395, "accuracy_std": 0.0, "precision": 0.72291, "precision_std": 0.0, "recall": 0.73062, "recall_std": 0.0, "f1": 0.72675, "f1_std": 0.0, "auc": 0.81181, "auc_std": 0.0}
{"epoch": 41, "time_epoch": 11.74501, "time_epoch_std": 0.0, "eta": 525.66704, "eta_std": 0.0, "eta_hours": 0.14602, "eta_hours_std": 0.0, "loss": 0.53823, "loss_std": 0.0, "lr": 0.00064, "lr_std": 0.0, "params": 6759.0, "params_std": 0.0, "time_iter": 0.09105, "time_iter_std": 0.0, "accuracy": 0.72639, "accuracy_std": 0.0, "precision": 0.72296, "precision_std": 0.0, "recall": 0.73837, "recall_std": 0.0, "f1": 0.73058, "f1_std": 0.0, "auc": 0.80614, "auc_std": 0.0}
{"epoch": 42, "time_epoch": 11.76029, "time_epoch_std": 0.0, "eta": 520.17899, "eta_std": 0.0, "eta_hours": 0.14449, "eta_hours_std": 0.0, "loss": 0.53064, "loss_std": 0.0, "lr": 0.00062, "lr_std": 0.0, "params": 6759.0, "params_std": 0.0, "time_iter": 0.09117, "time_iter_std": 0.0, "accuracy": 0.73028, "accuracy_std": 0.0, "precision": 0.73249, "precision_std": 0.0, "recall": 0.72965, "recall_std": 0.0, "f1": 0.73107, "f1_std": 0.0, "auc": 0.81162, "auc_std": 0.0}
{"epoch": 43, "time_epoch": 9.98241, "time_epoch_std": 0.0, "eta": 512.14309, "eta_std": 0.0, "eta_hours": 0.14226, "eta_hours_std": 0.0, "loss": 0.52828, "loss_std": 0.0, "lr": 0.00061, "lr_std": 0.0, "params": 6759.0, "params_std": 0.0, "time_iter": 0.07738, "time_iter_std": 0.0, "accuracy": 0.74294, "accuracy_std": 0.0, "precision": 0.73909, "precision_std": 0.0, "recall": 0.75484, "recall_std": 0.0, "f1": 0.74688, "f1_std": 0.0, "auc": 0.814, "auc_std": 0.0}
{"epoch": 44, "time_epoch": 11.5017, "time_epoch_std": 0.0, "eta": 505.87758, "eta_std": 0.0, "eta_hours": 0.14052, "eta_hours_std": 0.0, "loss": 0.53384, "loss_std": 0.0, "lr": 0.00059, "lr_std": 0.0, "params": 6759.0, "params_std": 0.0, "time_iter": 0.08916, "time_iter_std": 0.0, "accuracy": 0.73369, "accuracy_std": 0.0, "precision": 0.7277, "precision_std": 0.0, "recall": 0.75097, "recall_std": 0.0, "f1": 0.73915, "f1_std": 0.0, "auc": 0.81052, "auc_std": 0.0}
{"epoch": 45, "time_epoch": 11.28787, "time_epoch_std": 0.0, "eta": 499.1334, "eta_std": 0.0, "eta_hours": 0.13865, "eta_hours_std": 0.0, "loss": 0.52772, "loss_std": 0.0, "lr": 0.00058, "lr_std": 0.0, "params": 6759.0, "params_std": 0.0, "time_iter": 0.0875, "time_iter_std": 0.0, "accuracy": 0.73953, "accuracy_std": 0.0, "precision": 0.73871, "precision_std": 0.0, "recall": 0.74516, "recall_std": 0.0, "f1": 0.74192, "f1_std": 0.0, "auc": 0.81912, "auc_std": 0.0}
{"epoch": 46, "time_epoch": 11.61174, "time_epoch_std": 0.0, "eta": 492.56108, "eta_std": 0.0, "eta_hours": 0.13682, "eta_hours_std": 0.0, "loss": 0.53188, "loss_std": 0.0, "lr": 0.00056, "lr_std": 0.0, "params": 6759.0, "params_std": 0.0, "time_iter": 0.09001, "time_iter_std": 0.0, "accuracy": 0.72833, "accuracy_std": 0.0, "precision": 0.72486, "precision_std": 0.0, "recall": 0.74031, "recall_std": 0.0, "f1": 0.7325, "f1_std": 0.0, "auc": 0.81434, "auc_std": 0.0}
{"epoch": 47, "time_epoch": 10.10496, "time_epoch_std": 0.0, "eta": 484.14644, "eta_std": 0.0, "eta_hours": 0.13449, "eta_hours_std": 0.0, "loss": 0.5214, "loss_std": 0.0, "lr": 0.00055, "lr_std": 0.0, "params": 6759.0, "params_std": 0.0, "time_iter": 0.07833, "time_iter_std": 0.0, "accuracy": 0.73953, "accuracy_std": 0.0, "precision": 0.74244, "precision_std": 0.0, "recall": 0.7374, "recall_std": 0.0, "f1": 0.73991, "f1_std": 0.0, "auc": 0.82204, "auc_std": 0.0}
{"epoch": 48, "time_epoch": 11.74934, "time_epoch_std": 0.0, "eta": 477.3743, "eta_std": 0.0, "eta_hours": 0.1326, "eta_hours_std": 0.0, "loss": 0.52381, "loss_std": 0.0, "lr": 0.00053, "lr_std": 0.0, "params": 6759.0, "params_std": 0.0, "time_iter": 0.09108, "time_iter_std": 0.0, "accuracy": 0.73515, "accuracy_std": 0.0, "precision": 0.74351, "precision_std": 0.0, "recall": 0.7219, "recall_std": 0.0, "f1": 0.73255, "f1_std": 0.0, "auc": 0.82003, "auc_std": 0.0}
{"epoch": 49, "time_epoch": 11.1841, "time_epoch_std": 0.0, "eta": 469.83784, "eta_std": 0.0, "eta_hours": 0.13051, "eta_hours_std": 0.0, "loss": 0.5202, "loss_std": 0.0, "lr": 0.00052, "lr_std": 0.0, "params": 6759.0, "params_std": 0.0, "time_iter": 0.0867, "time_iter_std": 0.0, "accuracy": 0.73174, "accuracy_std": 0.0, "precision": 0.72498, "precision_std": 0.0, "recall": 0.75097, "recall_std": 0.0, "f1": 0.73774, "f1_std": 0.0, "auc": 0.81746, "auc_std": 0.0}
{"epoch": 50, "time_epoch": 11.7542, "time_epoch_std": 0.0, "eta": 462.70608, "eta_std": 0.0, "eta_hours": 0.12853, "eta_hours_std": 0.0, "loss": 0.52128, "loss_std": 0.0, "lr": 0.0005, "lr_std": 0.0, "params": 6759.0, "params_std": 0.0, "time_iter": 0.09112, "time_iter_std": 0.0, "accuracy": 0.74537, "accuracy_std": 0.0, "precision": 0.74685, "precision_std": 0.0, "recall": 0.74612, "recall_std": 0.0, "f1": 0.74649, "f1_std": 0.0, "auc": 0.82144, "auc_std": 0.0}
{"epoch": 51, "time_epoch": 11.6803, "time_epoch_std": 0.0, "eta": 455.32831, "eta_std": 0.0, "eta_hours": 0.12648, "eta_hours_std": 0.0, "loss": 0.52763, "loss_std": 0.0, "lr": 0.00048, "lr_std": 0.0, "params": 6759.0, "params_std": 0.0, "time_iter": 0.09054, "time_iter_std": 0.0, "accuracy": 0.74294, "accuracy_std": 0.0, "precision": 0.751, "precision_std": 0.0, "recall": 0.73062, "recall_std": 0.0, "f1": 0.74067, "f1_std": 0.0, "auc": 0.81892, "auc_std": 0.0}
{"epoch": 52, "time_epoch": 11.13432, "time_epoch_std": 0.0, "eta": 447.30402, "eta_std": 0.0, "eta_hours": 0.12425, "eta_hours_std": 0.0, "loss": 0.534, "loss_std": 0.0, "lr": 0.00047, "lr_std": 0.0, "params": 6759.0, "params_std": 0.0, "time_iter": 0.08631, "time_iter_std": 0.0, "accuracy": 0.73807, "accuracy_std": 0.0, "precision": 0.72661, "precision_std": 0.0, "recall": 0.76744, "recall_std": 0.0, "f1": 0.74647, "f1_std": 0.0, "auc": 0.81047, "auc_std": 0.0}
{"epoch": 53, "time_epoch": 11.97133, "time_epoch_std": 0.0, "eta": 439.87755, "eta_std": 0.0, "eta_hours": 0.12219, "eta_hours_std": 0.0, "loss": 0.52871, "loss_std": 0.0, "lr": 0.00045, "lr_std": 0.0, "params": 6759.0, "params_std": 0.0, "time_iter": 0.0928, "time_iter_std": 0.0, "accuracy": 0.72882, "accuracy_std": 0.0, "precision": 0.73262, "precision_std": 0.0, "recall": 0.72481, "recall_std": 0.0, "f1": 0.72869, "f1_std": 0.0, "auc": 0.8166, "auc_std": 0.0}
{"epoch": 54, "time_epoch": 11.61704, "time_epoch_std": 0.0, "eta": 431.99593, "eta_std": 0.0, "eta_hours": 0.12, "eta_hours_std": 0.0, "loss": 0.52216, "loss_std": 0.0, "lr": 0.00044, "lr_std": 0.0, "params": 6759.0, "params_std": 0.0, "time_iter": 0.09005, "time_iter_std": 0.0, "accuracy": 0.74537, "accuracy_std": 0.0, "precision": 0.74078, "precision_std": 0.0, "recall": 0.75872, "recall_std": 0.0, "f1": 0.74964, "f1_std": 0.0, "auc": 0.82048, "auc_std": 0.0}
{"epoch": 55, "time_epoch": 10.94646, "time_epoch_std": 0.0, "eta": 423.45402, "eta_std": 0.0, "eta_hours": 0.11763, "eta_hours_std": 0.0, "loss": 0.51798, "loss_std": 0.0, "lr": 0.00042, "lr_std": 0.0, "params": 6759.0, "params_std": 0.0, "time_iter": 0.08486, "time_iter_std": 0.0, "accuracy": 0.73612, "accuracy_std": 0.0, "precision": 0.73157, "precision_std": 0.0, "recall": 0.75, "recall_std": 0.0, "f1": 0.74067, "f1_std": 0.0, "auc": 0.82242, "auc_std": 0.0}
{"epoch": 56, "time_epoch": 10.6685, "time_epoch_std": 0.0, "eta": 414.61806, "eta_std": 0.0, "eta_hours": 0.11517, "eta_hours_std": 0.0, "loss": 0.51589, "loss_std": 0.0, "lr": 0.00041, "lr_std": 0.0, "params": 6759.0, "params_std": 0.0, "time_iter": 0.0827, "time_iter_std": 0.0, "accuracy": 0.74586, "accuracy_std": 0.0, "precision": 0.74057, "precision_std": 0.0, "recall": 0.76066, "recall_std": 0.0, "f1": 0.75048, "f1_std": 0.0, "auc": 0.82822, "auc_std": 0.0}
{"epoch": 57, "time_epoch": 10.89713, "time_epoch_std": 0.0, "eta": 405.88446, "eta_std": 0.0, "eta_hours": 0.11275, "eta_hours_std": 0.0, "loss": 0.51428, "loss_std": 0.0, "lr": 0.00039, "lr_std": 0.0, "params": 6759.0, "params_std": 0.0, "time_iter": 0.08447, "time_iter_std": 0.0, "accuracy": 0.74732, "accuracy_std": 0.0, "precision": 0.74313, "precision_std": 0.0, "recall": 0.75969, "recall_std": 0.0, "f1": 0.75132, "f1_std": 0.0, "auc": 0.82669, "auc_std": 0.0}
{"epoch": 58, "time_epoch": 12.48058, "time_epoch_std": 0.0, "eta": 398.17789, "eta_std": 0.0, "eta_hours": 0.1106, "eta_hours_std": 0.0, "loss": 0.51809, "loss_std": 0.0, "lr": 0.00038, "lr_std": 0.0, "params": 6759.0, "params_std": 0.0, "time_iter": 0.09675, "time_iter_std": 0.0, "accuracy": 0.73661, "accuracy_std": 0.0, "precision": 0.72923, "precision_std": 0.0, "recall": 0.75678, "recall_std": 0.0, "f1": 0.74275, "f1_std": 0.0, "auc": 0.82423, "auc_std": 0.0}
{"epoch": 59, "time_epoch": 11.84127, "time_epoch_std": 0.0, "eta": 389.88597, "eta_std": 0.0, "eta_hours": 0.1083, "eta_hours_std": 0.0, "loss": 0.52097, "loss_std": 0.0, "lr": 0.00036, "lr_std": 0.0, "params": 6759.0, "params_std": 0.0, "time_iter": 0.09179, "time_iter_std": 0.0, "accuracy": 0.7444, "accuracy_std": 0.0, "precision": 0.73758, "precision_std": 0.0, "recall": 0.7626, "recall_std": 0.0, "f1": 0.74988, "f1_std": 0.0, "auc": 0.82449, "auc_std": 0.0}
{"epoch": 60, "time_epoch": 11.44316, "time_epoch_std": 0.0, "eta": 381.22315, "eta_std": 0.0, "eta_hours": 0.1059, "eta_hours_std": 0.0, "loss": 0.51191, "loss_std": 0.0, "lr": 0.00035, "lr_std": 0.0, "params": 6759.0, "params_std": 0.0, "time_iter": 0.08871, "time_iter_std": 0.0, "accuracy": 0.75122, "accuracy_std": 0.0, "precision": 0.75267, "precision_std": 0.0, "recall": 0.75194, "recall_std": 0.0, "f1": 0.7523, "f1_std": 0.0, "auc": 0.82995, "auc_std": 0.0}
{"epoch": 61, "time_epoch": 11.14854, "time_epoch_std": 0.0, "eta": 372.29008, "eta_std": 0.0, "eta_hours": 0.10341, "eta_hours_std": 0.0, "loss": 0.50702, "loss_std": 0.0, "lr": 0.00033, "lr_std": 0.0, "params": 6759.0, "params_std": 0.0, "time_iter": 0.08642, "time_iter_std": 0.0, "accuracy": 0.75268, "accuracy_std": 0.0, "precision": 0.74717, "precision_std": 0.0, "recall": 0.76744, "recall_std": 0.0, "f1": 0.75717, "f1_std": 0.0, "auc": 0.83401, "auc_std": 0.0}
{"epoch": 62, "time_epoch": 11.6481, "time_epoch_std": 0.0, "eta": 363.58006, "eta_std": 0.0, "eta_hours": 0.10099, "eta_hours_std": 0.0, "loss": 0.51516, "loss_std": 0.0, "lr": 0.00032, "lr_std": 0.0, "params": 6759.0, "params_std": 0.0, "time_iter": 0.0903, "time_iter_std": 0.0, "accuracy": 0.74684, "accuracy_std": 0.0, "precision": 0.73925, "precision_std": 0.0, "recall": 0.76647, "recall_std": 0.0, "f1": 0.75262, "f1_std": 0.0, "auc": 0.82775, "auc_std": 0.0}
{"epoch": 63, "time_epoch": 10.40973, "time_epoch_std": 0.0, "eta": 354.08165, "eta_std": 0.0, "eta_hours": 0.09836, "eta_hours_std": 0.0, "loss": 0.50522, "loss_std": 0.0, "lr": 0.0003, "lr_std": 0.0, "params": 6759.0, "params_std": 0.0, "time_iter": 0.0807, "time_iter_std": 0.0, "accuracy": 0.75852, "accuracy_std": 0.0, "precision": 0.75379, "precision_std": 0.0, "recall": 0.77132, "recall_std": 0.0, "f1": 0.76245, "f1_std": 0.0, "auc": 0.83407, "auc_std": 0.0}
{"epoch": 64, "time_epoch": 11.69312, "time_epoch_std": 0.0, "eta": 345.24625, "eta_std": 0.0, "eta_hours": 0.0959, "eta_hours_std": 0.0, "loss": 0.51227, "loss_std": 0.0, "lr": 0.00029, "lr_std": 0.0, "params": 6759.0, "params_std": 0.0, "time_iter": 0.09064, "time_iter_std": 0.0, "accuracy": 0.74927, "accuracy_std": 0.0, "precision": 0.74272, "precision_std": 0.0, "recall": 0.76647, "recall_std": 0.0, "f1": 0.75441, "f1_std": 0.0, "auc": 0.82785, "auc_std": 0.0}
{"epoch": 65, "time_epoch": 12.17055, "time_epoch_std": 0.0, "eta": 336.5702, "eta_std": 0.0, "eta_hours": 0.09349, "eta_hours_std": 0.0, "loss": 0.51434, "loss_std": 0.0, "lr": 0.00027, "lr_std": 0.0, "params": 6759.0, "params_std": 0.0, "time_iter": 0.09435, "time_iter_std": 0.0, "accuracy": 0.75365, "accuracy_std": 0.0, "precision": 0.75435, "precision_std": 0.0, "recall": 0.75581, "recall_std": 0.0, "f1": 0.75508, "f1_std": 0.0, "auc": 0.83331, "auc_std": 0.0}
{"epoch": 66, "time_epoch": 11.82123, "time_epoch_std": 0.0, "eta": 327.61779, "eta_std": 0.0, "eta_hours": 0.091, "eta_hours_std": 0.0, "loss": 0.51408, "loss_std": 0.0, "lr": 0.00026, "lr_std": 0.0, "params": 6759.0, "params_std": 0.0, "time_iter": 0.09164, "time_iter_std": 0.0, "accuracy": 0.75219, "accuracy_std": 0.0, "precision": 0.75266, "precision_std": 0.0, "recall": 0.75484, "recall_std": 0.0, "f1": 0.75375, "f1_std": 0.0, "auc": 0.83106, "auc_std": 0.0}
{"epoch": 67, "time_epoch": 10.15915, "time_epoch_std": 0.0, "eta": 317.79884, "eta_std": 0.0, "eta_hours": 0.08828, "eta_hours_std": 0.0, "loss": 0.50789, "loss_std": 0.0, "lr": 0.00025, "lr_std": 0.0, "params": 6759.0, "params_std": 0.0, "time_iter": 0.07875, "time_iter_std": 0.0, "accuracy": 0.75463, "accuracy_std": 0.0, "precision": 0.74444, "precision_std": 0.0, "recall": 0.77907, "recall_std": 0.0, "f1": 0.76136, "f1_std": 0.0, "auc": 0.83513, "auc_std": 0.0}
{"epoch": 68, "time_epoch": 12.25507, "time_epoch_std": 0.0, "eta": 308.91168, "eta_std": 0.0, "eta_hours": 0.08581, "eta_hours_std": 0.0, "loss": 0.50785, "loss_std": 0.0, "lr": 0.00023, "lr_std": 0.0, "params": 6759.0, "params_std": 0.0, "time_iter": 0.095, "time_iter_std": 0.0, "accuracy": 0.74927, "accuracy_std": 0.0, "precision": 0.75318, "precision_std": 0.0, "recall": 0.74516, "recall_std": 0.0, "f1": 0.74915, "f1_std": 0.0, "auc": 0.836, "auc_std": 0.0}
{"epoch": 69, "time_epoch": 11.104, "time_epoch_std": 0.0, "eta": 299.43498, "eta_std": 0.0, "eta_hours": 0.08318, "eta_hours_std": 0.0, "loss": 0.51119, "loss_std": 0.0, "lr": 0.00022, "lr_std": 0.0, "params": 6759.0, "params_std": 0.0, "time_iter": 0.08608, "time_iter_std": 0.0, "accuracy": 0.76144, "accuracy_std": 0.0, "precision": 0.75186, "precision_std": 0.0, "recall": 0.78391, "recall_std": 0.0, "f1": 0.76755, "f1_std": 0.0, "auc": 0.83331, "auc_std": 0.0}
{"epoch": 70, "time_epoch": 10.25162, "time_epoch_std": 0.0, "eta": 289.56428, "eta_std": 0.0, "eta_hours": 0.08043, "eta_hours_std": 0.0, "loss": 0.50287, "loss_std": 0.0, "lr": 0.00021, "lr_std": 0.0, "params": 6759.0, "params_std": 0.0, "time_iter": 0.07947, "time_iter_std": 0.0, "accuracy": 0.75998, "accuracy_std": 0.0, "precision": 0.76089, "precision_std": 0.0, "recall": 0.76163, "recall_std": 0.0, "f1": 0.76126, "f1_std": 0.0, "auc": 0.83728, "auc_std": 0.0}
{"epoch": 71, "time_epoch": 8.45965, "time_epoch_std": 0.0, "eta": 278.98612, "eta_std": 0.0, "eta_hours": 0.0775, "eta_hours_std": 0.0, "loss": 0.50649, "loss_std": 0.0, "lr": 0.00019, "lr_std": 0.0, "params": 6759.0, "params_std": 0.0, "time_iter": 0.06558, "time_iter_std": 0.0, "accuracy": 0.76047, "accuracy_std": 0.0, "precision": 0.75568, "precision_std": 0.0, "recall": 0.77326, "recall_std": 0.0, "f1": 0.76437, "f1_std": 0.0, "auc": 0.83597, "auc_std": 0.0}
{"epoch": 72, "time_epoch": 10.99038, "time_epoch_std": 0.0, "eta": 269.40203, "eta_std": 0.0, "eta_hours": 0.07483, "eta_hours_std": 0.0, "loss": 0.5014, "loss_std": 0.0, "lr": 0.00018, "lr_std": 0.0, "params": 6759.0, "params_std": 0.0, "time_iter": 0.0852, "time_iter_std": 0.0, "accuracy": 0.75706, "accuracy_std": 0.0, "precision": 0.76, "precision_std": 0.0, "recall": 0.75484, "recall_std": 0.0, "f1": 0.75741, "f1_std": 0.0, "auc": 0.83761, "auc_std": 0.0}
{"epoch": 73, "time_epoch": 12.34715, "time_epoch_std": 0.0, "eta": 260.25663, "eta_std": 0.0, "eta_hours": 0.07229, "eta_hours_std": 0.0, "loss": 0.5156, "loss_std": 0.0, "lr": 0.00017, "lr_std": 0.0, "params": 6759.0, "params_std": 0.0, "time_iter": 0.09571, "time_iter_std": 0.0, "accuracy": 0.75219, "accuracy_std": 0.0, "precision": 0.74647, "precision_std": 0.0, "recall": 0.76744, "recall_std": 0.0, "f1": 0.75681, "f1_std": 0.0, "auc": 0.82813, "auc_std": 0.0}
{"epoch": 74, "time_epoch": 13.24073, "time_epoch_std": 0.0, "eta": 251.32371, "eta_std": 0.0, "eta_hours": 0.06981, "eta_hours_std": 0.0, "loss": 0.51772, "loss_std": 0.0, "lr": 0.00016, "lr_std": 0.0, "params": 6759.0, "params_std": 0.0, "time_iter": 0.10264, "time_iter_std": 0.0, "accuracy": 0.74732, "accuracy_std": 0.0, "precision": 0.7395, "precision_std": 0.0, "recall": 0.76744, "recall_std": 0.0, "f1": 0.75321, "f1_std": 0.0, "auc": 0.82756, "auc_std": 0.0}
{"epoch": 75, "time_epoch": 10.63332, "time_epoch_std": 0.0, "eta": 241.45404, "eta_std": 0.0, "eta_hours": 0.06707, "eta_hours_std": 0.0, "loss": 0.50564, "loss_std": 0.0, "lr": 0.00015, "lr_std": 0.0, "params": 6759.0, "params_std": 0.0, "time_iter": 0.08243, "time_iter_std": 0.0, "accuracy": 0.74002, "accuracy_std": 0.0, "precision": 0.73988, "precision_std": 0.0, "recall": 0.74419, "recall_std": 0.0, "f1": 0.74203, "f1_std": 0.0, "auc": 0.83265, "auc_std": 0.0}
{"epoch": 76, "time_epoch": 14.18536, "time_epoch_std": 0.0, "eta": 232.62553, "eta_std": 0.0, "eta_hours": 0.06462, "eta_hours_std": 0.0, "loss": 0.50517, "loss_std": 0.0, "lr": 0.00014, "lr_std": 0.0, "params": 6759.0, "params_std": 0.0, "time_iter": 0.10996, "time_iter_std": 0.0, "accuracy": 0.75268, "accuracy_std": 0.0, "precision": 0.74952, "precision_std": 0.0, "recall": 0.7626, "recall_std": 0.0, "f1": 0.756, "f1_std": 0.0, "auc": 0.83795, "auc_std": 0.0}
{"epoch": 77, "time_epoch": 12.61726, "time_epoch_std": 0.0, "eta": 223.21738, "eta_std": 0.0, "eta_hours": 0.062, "eta_hours_std": 0.0, "loss": 0.50634, "loss_std": 0.0, "lr": 0.00012, "lr_std": 0.0, "params": 6759.0, "params_std": 0.0, "time_iter": 0.09781, "time_iter_std": 0.0, "accuracy": 0.75463, "accuracy_std": 0.0, "precision": 0.74953, "precision_std": 0.0, "recall": 0.76841, "recall_std": 0.0, "f1": 0.75885, "f1_std": 0.0, "auc": 0.837, "auc_std": 0.0}
{"epoch": 78, "time_epoch": 11.09051, "time_epoch_std": 0.0, "eta": 213.32214, "eta_std": 0.0, "eta_hours": 0.05926, "eta_hours_std": 0.0, "loss": 0.50545, "loss_std": 0.0, "lr": 0.00011, "lr_std": 0.0, "params": 6759.0, "params_std": 0.0, "time_iter": 0.08597, "time_iter_std": 0.0, "accuracy": 0.75268, "accuracy_std": 0.0, "precision": 0.7417, "precision_std": 0.0, "recall": 0.77907, "recall_std": 0.0, "f1": 0.75992, "f1_std": 0.0, "auc": 0.8352, "auc_std": 0.0}
{"epoch": 79, "time_epoch": 12.76279, "time_epoch_std": 0.0, "eta": 203.81509, "eta_std": 0.0, "eta_hours": 0.05662, "eta_hours_std": 0.0, "loss": 0.49628, "loss_std": 0.0, "lr": 0.0001, "lr_std": 0.0, "params": 6759.0, "params_std": 0.0, "time_iter": 0.09894, "time_iter_std": 0.0, "accuracy": 0.75219, "accuracy_std": 0.0, "precision": 0.74508, "precision_std": 0.0, "recall": 0.77035, "recall_std": 0.0, "f1": 0.7575, "f1_std": 0.0, "auc": 0.84102, "auc_std": 0.0}
{"epoch": 80, "time_epoch": 10.46313, "time_epoch_std": 0.0, "eta": 193.68823, "eta_std": 0.0, "eta_hours": 0.0538, "eta_hours_std": 0.0, "loss": 0.49862, "loss_std": 0.0, "lr": 0.0001, "lr_std": 0.0, "params": 6759.0, "params_std": 0.0, "time_iter": 0.08111, "time_iter_std": 0.0, "accuracy": 0.75657, "accuracy_std": 0.0, "precision": 0.75094, "precision_std": 0.0, "recall": 0.77132, "recall_std": 0.0, "f1": 0.76099, "f1_std": 0.0, "auc": 0.84102, "auc_std": 0.0}
{"epoch": 81, "time_epoch": 10.4145, "time_epoch_std": 0.0, "eta": 183.54249, "eta_std": 0.0, "eta_hours": 0.05098, "eta_hours_std": 0.0, "loss": 0.51108, "loss_std": 0.0, "lr": 9e-05, "lr_std": 0.0, "params": 6759.0, "params_std": 0.0, "time_iter": 0.08073, "time_iter_std": 0.0, "accuracy": 0.75365, "accuracy_std": 0.0, "precision": 0.74534, "precision_std": 0.0, "recall": 0.77422, "recall_std": 0.0, "f1": 0.75951, "f1_std": 0.0, "auc": 0.83264, "auc_std": 0.0}
{"epoch": 82, "time_epoch": 11.10712, "time_epoch_std": 0.0, "eta": 173.53214, "eta_std": 0.0, "eta_hours": 0.0482, "eta_hours_std": 0.0, "loss": 0.49892, "loss_std": 0.0, "lr": 8e-05, "lr_std": 0.0, "params": 6759.0, "params_std": 0.0, "time_iter": 0.0861, "time_iter_std": 0.0, "accuracy": 0.75998, "accuracy_std": 0.0, "precision": 0.75938, "precision_std": 0.0, "recall": 0.76453, "recall_std": 0.0, "f1": 0.76195, "f1_std": 0.0, "auc": 0.83921, "auc_std": 0.0}
{"epoch": 83, "time_epoch": 10.93994, "time_epoch_std": 0.0, "eta": 163.46382, "eta_std": 0.0, "eta_hours": 0.04541, "eta_hours_std": 0.0, "loss": 0.49748, "loss_std": 0.0, "lr": 7e-05, "lr_std": 0.0, "params": 6759.0, "params_std": 0.0, "time_iter": 0.08481, "time_iter_std": 0.0, "accuracy": 0.75463, "accuracy_std": 0.0, "precision": 0.74673, "precision_std": 0.0, "recall": 0.77422, "recall_std": 0.0, "f1": 0.76023, "f1_std": 0.0, "auc": 0.84149, "auc_std": 0.0}
{"epoch": 84, "time_epoch": 11.07687, "time_epoch_std": 0.0, "eta": 153.39917, "eta_std": 0.0, "eta_hours": 0.04261, "eta_hours_std": 0.0, "loss": 0.508, "loss_std": 0.0, "lr": 6e-05, "lr_std": 0.0, "params": 6759.0, "params_std": 0.0, "time_iter": 0.08587, "time_iter_std": 0.0, "accuracy": 0.74732, "accuracy_std": 0.0, "precision": 0.74687, "precision_std": 0.0, "recall": 0.75194, "recall_std": 0.0, "f1": 0.7494, "f1_std": 0.0, "auc": 0.83485, "auc_std": 0.0}
{"epoch": 85, "time_epoch": 11.86328, "time_epoch_std": 0.0, "eta": 143.43899, "eta_std": 0.0, "eta_hours": 0.03984, "eta_hours_std": 0.0, "loss": 0.49889, "loss_std": 0.0, "lr": 5e-05, "lr_std": 0.0, "params": 6759.0, "params_std": 0.0, "time_iter": 0.09196, "time_iter_std": 0.0, "accuracy": 0.75706, "accuracy_std": 0.0, "precision": 0.74883, "precision_std": 0.0, "recall": 0.77713, "recall_std": 0.0, "f1": 0.76272, "f1_std": 0.0, "auc": 0.83717, "auc_std": 0.0}
{"epoch": 86, "time_epoch": 10.44618, "time_epoch_std": 0.0, "eta": 133.22331, "eta_std": 0.0, "eta_hours": 0.03701, "eta_hours_std": 0.0, "loss": 0.49609, "loss_std": 0.0, "lr": 5e-05, "lr_std": 0.0, "params": 6759.0, "params_std": 0.0, "time_iter": 0.08098, "time_iter_std": 0.0, "accuracy": 0.7629, "accuracy_std": 0.0, "precision": 0.75683, "precision_std": 0.0, "recall": 0.7781, "recall_std": 0.0, "f1": 0.76732, "f1_std": 0.0, "auc": 0.84113, "auc_std": 0.0}
{"epoch": 87, "time_epoch": 11.95503, "time_epoch_std": 0.0, "eta": 123.20815, "eta_std": 0.0, "eta_hours": 0.03422, "eta_hours_std": 0.0, "loss": 0.49822, "loss_std": 0.0, "lr": 4e-05, "lr_std": 0.0, "params": 6759.0, "params_std": 0.0, "time_iter": 0.09267, "time_iter_std": 0.0, "accuracy": 0.75755, "accuracy_std": 0.0, "precision": 0.75141, "precision_std": 0.0, "recall": 0.77326, "recall_std": 0.0, "f1": 0.76218, "f1_std": 0.0, "auc": 0.83825, "auc_std": 0.0}
{"epoch": 88, "time_epoch": 11.41007, "time_epoch_std": 0.0, "eta": 113.08204, "eta_std": 0.0, "eta_hours": 0.03141, "eta_hours_std": 0.0, "loss": 0.50469, "loss_std": 0.0, "lr": 4e-05, "lr_std": 0.0, "params": 6759.0, "params_std": 0.0, "time_iter": 0.08845, "time_iter_std": 0.0, "accuracy": 0.75268, "accuracy_std": 0.0, "precision": 0.74764, "precision_std": 0.0, "recall": 0.76647, "recall_std": 0.0, "f1": 0.75694, "f1_std": 0.0, "auc": 0.83454, "auc_std": 0.0}
{"epoch": 89, "time_epoch": 10.11322, "time_epoch_std": 0.0, "eta": 102.7833, "eta_std": 0.0, "eta_hours": 0.02855, "eta_hours_std": 0.0, "loss": 0.49781, "loss_std": 0.0, "lr": 3e-05, "lr_std": 0.0, "params": 6759.0, "params_std": 0.0, "time_iter": 0.0784, "time_iter_std": 0.0, "accuracy": 0.75609, "accuracy_std": 0.0, "precision": 0.7493, "precision_std": 0.0, "recall": 0.77326, "recall_std": 0.0, "f1": 0.76109, "f1_std": 0.0, "auc": 0.84042, "auc_std": 0.0}
{"epoch": 90, "time_epoch": 11.46678, "time_epoch_std": 0.0, "eta": 92.62251, "eta_std": 0.0, "eta_hours": 0.02573, "eta_hours_std": 0.0, "loss": 0.49794, "loss_std": 0.0, "lr": 2e-05, "lr_std": 0.0, "params": 6759.0, "params_std": 0.0, "time_iter": 0.08889, "time_iter_std": 0.0, "accuracy": 0.76193, "accuracy_std": 0.0, "precision": 0.75541, "precision_std": 0.0, "recall": 0.7781, "recall_std": 0.0, "f1": 0.76659, "f1_std": 0.0, "auc": 0.84019, "auc_std": 0.0}
{"epoch": 91, "time_epoch": 10.80411, "time_epoch_std": 0.0, "eta": 82.37571, "eta_std": 0.0, "eta_hours": 0.02288, "eta_hours_std": 0.0, "loss": 0.49748, "loss_std": 0.0, "lr": 2e-05, "lr_std": 0.0, "params": 6759.0, "params_std": 0.0, "time_iter": 0.08375, "time_iter_std": 0.0, "accuracy": 0.75706, "accuracy_std": 0.0, "precision": 0.7493, "precision_std": 0.0, "recall": 0.77616, "recall_std": 0.0, "f1": 0.76249, "f1_std": 0.0, "auc": 0.84007, "auc_std": 0.0}
{"epoch": 92, "time_epoch": 11.73845, "time_epoch_std": 0.0, "eta": 72.18724, "eta_std": 0.0, "eta_hours": 0.02005, "eta_hours_std": 0.0, "loss": 0.49532, "loss_std": 0.0, "lr": 2e-05, "lr_std": 0.0, "params": 6759.0, "params_std": 0.0, "time_iter": 0.091, "time_iter_std": 0.0, "accuracy": 0.75316, "accuracy_std": 0.0, "precision": 0.74602, "precision_std": 0.0, "recall": 0.77132, "recall_std": 0.0, "f1": 0.75846, "f1_std": 0.0, "auc": 0.84054, "auc_std": 0.0}
{"epoch": 93, "time_epoch": 10.18009, "time_epoch_std": 0.0, "eta": 61.86633, "eta_std": 0.0, "eta_hours": 0.01719, "eta_hours_std": 0.0, "loss": 0.51266, "loss_std": 0.0, "lr": 1e-05, "lr_std": 0.0, "params": 6759.0, "params_std": 0.0, "time_iter": 0.07892, "time_iter_std": 0.0, "accuracy": 0.73953, "accuracy_std": 0.0, "precision": 0.73466, "precision_std": 0.0, "recall": 0.75388, "recall_std": 0.0, "f1": 0.74414, "f1_std": 0.0, "auc": 0.82918, "auc_std": 0.0}
{"epoch": 94, "time_epoch": 14.03596, "time_epoch_std": 0.0, "eta": 51.75132, "eta_std": 0.0, "eta_hours": 0.01438, "eta_hours_std": 0.0, "loss": 0.50638, "loss_std": 0.0, "lr": 1e-05, "lr_std": 0.0, "params": 6759.0, "params_std": 0.0, "time_iter": 0.10881, "time_iter_std": 0.0, "accuracy": 0.75268, "accuracy_std": 0.0, "precision": 0.74349, "precision_std": 0.0, "recall": 0.77519, "recall_std": 0.0, "f1": 0.75901, "f1_std": 0.0, "auc": 0.83302, "auc_std": 0.0}
{"epoch": 95, "time_epoch": 11.68285, "time_epoch_std": 0.0, "eta": 41.45658, "eta_std": 0.0, "eta_hours": 0.01152, "eta_hours_std": 0.0, "loss": 0.49926, "loss_std": 0.0, "lr": 1e-05, "lr_std": 0.0, "params": 6759.0, "params_std": 0.0, "time_iter": 0.09056, "time_iter_std": 0.0, "accuracy": 0.75463, "accuracy_std": 0.0, "precision": 0.75, "precision_std": 0.0, "recall": 0.76744, "recall_std": 0.0, "f1": 0.75862, "f1_std": 0.0, "auc": 0.84079, "auc_std": 0.0}
{"epoch": 96, "time_epoch": 12.01027, "time_epoch_std": 0.0, "eta": 31.14335, "eta_std": 0.0, "eta_hours": 0.00865, "eta_hours_std": 0.0, "loss": 0.49674, "loss_std": 0.0, "lr": 0.0, "lr_std": 0.0, "params": 6759.0, "params_std": 0.0, "time_iter": 0.0931, "time_iter_std": 0.0, "accuracy": 0.7629, "accuracy_std": 0.0, "precision": 0.75302, "precision_std": 0.0, "recall": 0.78585, "recall_std": 0.0, "f1": 0.76908, "f1_std": 0.0, "auc": 0.84118, "auc_std": 0.0}
{"epoch": 97, "time_epoch": 12.7735, "time_epoch_std": 0.0, "eta": 20.81106, "eta_std": 0.0, "eta_hours": 0.00578, "eta_hours_std": 0.0, "loss": 0.50821, "loss_std": 0.0, "lr": 0.0, "lr_std": 0.0, "params": 6759.0, "params_std": 0.0, "time_iter": 0.09902, "time_iter_std": 0.0, "accuracy": 0.75901, "accuracy_std": 0.0, "precision": 0.75547, "precision_std": 0.0, "recall": 0.76938, "recall_std": 0.0, "f1": 0.76236, "f1_std": 0.0, "auc": 0.83479, "auc_std": 0.0}
{"epoch": 98, "time_epoch": 13.52604, "time_epoch_std": 0.0, "eta": 10.43705, "eta_std": 0.0, "eta_hours": 0.0029, "eta_hours_std": 0.0, "loss": 0.49928, "loss_std": 0.0, "lr": 0.0, "lr_std": 0.0, "params": 6759.0, "params_std": 0.0, "time_iter": 0.10485, "time_iter_std": 0.0, "accuracy": 0.7629, "accuracy_std": 0.0, "precision": 0.75208, "precision_std": 0.0, "recall": 0.78779, "recall_std": 0.0, "f1": 0.76952, "f1_std": 0.0, "auc": 0.83837, "auc_std": 0.0}
{"epoch": 99, "time_epoch": 11.42358, "time_epoch_std": 0.0, "eta": 0.0, "eta_std": 0.0, "eta_hours": 0.0, "eta_hours_std": 0.0, "loss": 0.49911, "loss_std": 0.0, "lr": 0.0, "lr_std": 0.0, "params": 6759.0, "params_std": 0.0, "time_iter": 0.08855, "time_iter_std": 0.0, "accuracy": 0.76485, "accuracy_std": 0.0, "precision": 0.75678, "precision_std": 0.0, "recall": 0.78391, "recall_std": 0.0, "f1": 0.77011, "f1_std": 0.0, "auc": 0.84066, "auc_std": 0.0}
