{"epoch": 0, "time_epoch": 6.26073, "eta": 619.8119, "eta_hours": 0.17217, "loss": 0.69442348, "lr": 0.001, "params": 9207, "time_iter": 0.56916, "accuracy": 0.52381, "precision": 0.0, "recall": 0.0, "f1": 0.0, "auc": 0.37273}
{"epoch": 1, "time_epoch": 7.47513, "eta": 673.05699, "eta_hours": 0.18696, "loss": 0.69306916, "lr": 0.00099975, "params": 9207, "time_iter": 0.67956, "accuracy": 0.52381, "precision": 0.0, "recall": 0.0, "f1": 0.0, "auc": 0.42727}
{"epoch": 2, "time_epoch": 0.42105, "eta": 457.7401, "eta_hours": 0.12715, "loss": 0.6923947, "lr": 0.00099901, "params": 9207, "time_iter": 0.03828, "accuracy": 0.52381, "precision": 0.0, "recall": 0.0, "f1": 0.0, "auc": 0.57955}
{"epoch": 3, "time_epoch": 0.4435, "eta": 350.40973, "eta_hours": 0.09734, "loss": 0.69366955, "lr": 0.00099778, "params": 9207, "time_iter": 0.04032, "accuracy": 0.52381, "precision": 0.0, "recall": 0.0, "f1": 0.0, "auc": 0.47045}
{"epoch": 4, "time_epoch": 0.45092, "eta": 285.97519, "eta_hours": 0.07944, "loss": 0.6920819, "lr": 0.00099606, "params": 9207, "time_iter": 0.04099, "accuracy": 0.52381, "precision": 0.0, "recall": 0.0, "f1": 0.0, "auc": 0.58636}
{"epoch": 5, "time_epoch": 0.49402, "eta": 243.54369, "eta_hours": 0.06765, "loss": 0.69119492, "lr": 0.00099384, "params": 9207, "time_iter": 0.04491, "accuracy": 0.52381, "precision": 0.0, "recall": 0.0, "f1": 0.0, "auc": 0.60682}
{"epoch": 6, "time_epoch": 0.48724, "eta": 213.00429, "eta_hours": 0.05917, "loss": 0.68902404, "lr": 0.00099114, "params": 9207, "time_iter": 0.04429, "accuracy": 0.52381, "precision": 0.0, "recall": 0.0, "f1": 0.0, "auc": 0.64773}
{"epoch": 7, "time_epoch": 0.48951, "eta": 190.00406, "eta_hours": 0.05278, "loss": 0.68471891, "lr": 0.00098796, "params": 9207, "time_iter": 0.0445, "accuracy": 0.52381, "precision": 0.0, "recall": 0.0, "f1": 0.0, "auc": 0.725}
{"epoch": 8, "time_epoch": 0.48744, "eta": 171.98523, "eta_hours": 0.04777, "loss": 0.67705964, "lr": 0.00098429, "params": 9207, "time_iter": 0.04431, "accuracy": 0.54762, "precision": 1.0, "recall": 0.05, "f1": 0.09524, "auc": 0.8}
{"epoch": 9, "time_epoch": 0.48727, "eta": 157.47118, "eta_hours": 0.04374, "loss": 0.66403006, "lr": 0.00098015, "params": 9207, "time_iter": 0.0443, "accuracy": 0.69048, "precision": 1.0, "recall": 0.35, "f1": 0.51852, "auc": 0.81364}
{"epoch": 10, "time_epoch": 0.48426, "eta": 145.4831, "eta_hours": 0.04041, "loss": 0.63854537, "lr": 0.00097553, "params": 9207, "time_iter": 0.04402, "accuracy": 0.66667, "precision": 0.71429, "recall": 0.5, "f1": 0.58824, "auc": 0.825}
{"epoch": 11, "time_epoch": 0.49278, "eta": 135.47483, "eta_hours": 0.03763, "loss": 0.57968899, "lr": 0.00097044, "params": 9207, "time_iter": 0.0448, "accuracy": 0.7619, "precision": 0.8125, "recall": 0.65, "f1": 0.72222, "auc": 0.87727}
{"epoch": 12, "time_epoch": 0.49361, "eta": 126.93604, "eta_hours": 0.03526, "loss": 0.56893589, "lr": 0.00096489, "params": 9207, "time_iter": 0.04487, "accuracy": 0.7619, "precision": 0.75, "recall": 0.75, "f1": 0.75, "auc": 0.85}
{"epoch": 13, "time_epoch": 0.4871, "eta": 119.50652, "eta_hours": 0.0332, "loss": 0.51572061, "lr": 0.00095888, "params": 9207, "time_iter": 0.04428, "accuracy": 0.78571, "precision": 0.78947, "recall": 0.75, "f1": 0.76923, "auc": 0.86136}
{"epoch": 14, "time_epoch": 0.48829, "eta": 113.0094, "eta_hours": 0.03139, "loss": 0.45173483, "lr": 0.00095241, "params": 9207, "time_iter": 0.04439, "accuracy": 0.83333, "precision": 0.80952, "recall": 0.85, "f1": 0.82927, "auc": 0.89091}
{"epoch": 15, "time_epoch": 0.49095, "eta": 107.27739, "eta_hours": 0.0298, "loss": 0.40826856, "lr": 0.0009455, "params": 9207, "time_iter": 0.04463, "accuracy": 0.85714, "precision": 0.88889, "recall": 0.8, "f1": 0.84211, "auc": 0.91136}
{"epoch": 16, "time_epoch": 0.4876, "eta": 102.14561, "eta_hours": 0.02837, "loss": 0.3097184, "lr": 0.00093815, "params": 9207, "time_iter": 0.04433, "accuracy": 0.92857, "precision": 0.94737, "recall": 0.9, "f1": 0.92308, "auc": 0.95455}
{"epoch": 17, "time_epoch": 0.48567, "eta": 97.52103, "eta_hours": 0.02709, "loss": 0.31820752, "lr": 0.00093037, "params": 9207, "time_iter": 0.04415, "accuracy": 0.85714, "precision": 0.88889, "recall": 0.8, "f1": 0.84211, "auc": 0.93864}
{"epoch": 18, "time_epoch": 0.4966, "eta": 93.37876, "eta_hours": 0.02594, "loss": 0.38753833, "lr": 0.00092216, "params": 9207, "time_iter": 0.04515, "accuracy": 0.85714, "precision": 0.81818, "recall": 0.9, "f1": 0.85714, "auc": 0.90682}
{"epoch": 19, "time_epoch": 0.49908, "eta": 89.61095, "eta_hours": 0.02489, "loss": 0.26311283, "lr": 0.00091354, "params": 9207, "time_iter": 0.04537, "accuracy": 0.92857, "precision": 1.0, "recall": 0.85, "f1": 0.91892, "auc": 0.95455}
{"epoch": 20, "time_epoch": 0.49256, "eta": 86.12993, "eta_hours": 0.02392, "loss": 0.37874168, "lr": 0.00090451, "params": 9207, "time_iter": 0.04478, "accuracy": 0.83333, "precision": 0.84211, "recall": 0.8, "f1": 0.82051, "auc": 0.91591}
{"epoch": 21, "time_epoch": 0.48955, "eta": 82.9099, "eta_hours": 0.02303, "loss": 0.22019244, "lr": 0.00089508, "params": 9207, "time_iter": 0.0445, "accuracy": 0.95238, "precision": 0.95, "recall": 0.95, "f1": 0.95, "auc": 0.975}
{"epoch": 22, "time_epoch": 0.48607, "eta": 79.91567, "eta_hours": 0.0222, "loss": 0.2868176, "lr": 0.00088526, "params": 9207, "time_iter": 0.04419, "accuracy": 0.85714, "precision": 0.85, "recall": 0.85, "f1": 0.85, "auc": 0.94545}
{"epoch": 23, "time_epoch": 0.48381, "eta": 77.1233, "eta_hours": 0.02142, "loss": 0.17015041, "lr": 0.00087506, "params": 9207, "time_iter": 0.04398, "accuracy": 0.92857, "precision": 0.94737, "recall": 0.9, "f1": 0.92308, "auc": 0.98864}
{"epoch": 24, "time_epoch": 0.48544, "eta": 74.52051, "eta_hours": 0.0207, "loss": 0.10561364, "lr": 0.00086448, "params": 9207, "time_iter": 0.04413, "accuracy": 0.95238, "precision": 0.95, "recall": 0.95, "f1": 0.95, "auc": 0.99773}
{"epoch": 25, "time_epoch": 0.48764, "eta": 72.08684, "eta_hours": 0.02002, "loss": 0.22742222, "lr": 0.00085355, "params": 9207, "time_iter": 0.04433, "accuracy": 0.92857, "precision": 0.94737, "recall": 0.9, "f1": 0.92308, "auc": 0.96364}
{"epoch": 26, "time_epoch": 0.48685, "eta": 69.79518, "eta_hours": 0.01939, "loss": 0.1912282, "lr": 0.00084227, "params": 9207, "time_iter": 0.04426, "accuracy": 0.92857, "precision": 0.90476, "recall": 0.95, "f1": 0.92683, "auc": 0.97955}
{"epoch": 27, "time_epoch": 0.48958, "eta": 67.63946, "eta_hours": 0.01879, "loss": 0.2428003, "lr": 0.00083066, "params": 9207, "time_iter": 0.04451, "accuracy": 0.85714, "precision": 0.81818, "recall": 0.9, "f1": 0.85714, "auc": 0.96818}
{"epoch": 28, "time_epoch": 0.49099, "eta": 65.6021, "eta_hours": 0.01822, "loss": 0.34062279, "lr": 0.00081871, "params": 9207, "time_iter": 0.04464, "accuracy": 0.90476, "precision": 0.94444, "recall": 0.85, "f1": 0.89474, "auc": 0.91818}
{"epoch": 29, "time_epoch": 0.48711, "eta": 63.65878, "eta_hours": 0.01768, "loss": 0.1765423, "lr": 0.00080645, "params": 9207, "time_iter": 0.04428, "accuracy": 0.92857, "precision": 0.94737, "recall": 0.9, "f1": 0.92308, "auc": 0.98636}
{"epoch": 30, "time_epoch": 0.48792, "eta": 61.81122, "eta_hours": 0.01717, "loss": 0.11645396, "lr": 0.00079389, "params": 9207, "time_iter": 0.04436, "accuracy": 0.95238, "precision": 0.95, "recall": 0.95, "f1": 0.95, "auc": 0.99318}
{"epoch": 31, "time_epoch": 0.4899, "eta": 60.05283, "eta_hours": 0.01668, "loss": 0.20054004, "lr": 0.00078104, "params": 9207, "time_iter": 0.04454, "accuracy": 0.88095, "precision": 0.8, "recall": 1.0, "f1": 0.88889, "auc": 0.99773}
{"epoch": 32, "time_epoch": 0.4856, "eta": 58.3626, "eta_hours": 0.01621, "loss": 0.12580371, "lr": 0.00076791, "params": 9207, "time_iter": 0.04415, "accuracy": 0.97619, "precision": 1.0, "recall": 0.95, "f1": 0.97436, "auc": 0.99318}
{"epoch": 33, "time_epoch": 0.49098, "eta": 56.75367, "eta_hours": 0.01576, "loss": 0.0529133, "lr": 0.00075452, "params": 9207, "time_iter": 0.04463, "accuracy": 1.0, "precision": 1.0, "recall": 1.0, "f1": 1.0, "auc": 1.0}
{"epoch": 34, "time_epoch": 0.48963, "eta": 55.20611, "eta_hours": 0.01534, "loss": 0.14591789, "lr": 0.00074088, "params": 9207, "time_iter": 0.04451, "accuracy": 0.95238, "precision": 0.95, "recall": 0.95, "f1": 0.95, "auc": 0.98636}
{"epoch": 35, "time_epoch": 0.48858, "eta": 53.71547, "eta_hours": 0.01492, "loss": 0.14941983, "lr": 0.000727, "params": 9207, "time_iter": 0.04442, "accuracy": 0.92857, "precision": 0.94737, "recall": 0.9, "f1": 0.92308, "auc": 0.98636}
{"epoch": 36, "time_epoch": 0.50054, "eta": 52.29935, "eta_hours": 0.01453, "loss": 0.0800171, "lr": 0.00071289, "params": 9207, "time_iter": 0.0455, "accuracy": 0.97619, "precision": 1.0, "recall": 0.95, "f1": 0.97436, "auc": 1.0}
{"epoch": 37, "time_epoch": 0.48748, "eta": 50.9101, "eta_hours": 0.01414, "loss": 0.18976597, "lr": 0.00069857, "params": 9207, "time_iter": 0.04432, "accuracy": 0.92857, "precision": 0.90476, "recall": 0.95, "f1": 0.92683, "auc": 0.98409}
{"epoch": 38, "time_epoch": 0.48937, "eta": 49.57006, "eta_hours": 0.01377, "loss": 0.17151738, "lr": 0.00068406, "params": 9207, "time_iter": 0.04449, "accuracy": 0.92857, "precision": 0.90476, "recall": 0.95, "f1": 0.92683, "auc": 0.99091}
{"epoch": 39, "time_epoch": 0.48595, "eta": 48.26743, "eta_hours": 0.01341, "loss": 0.22469418, "lr": 0.00066937, "params": 9207, "time_iter": 0.04418, "accuracy": 0.88095, "precision": 0.85714, "recall": 0.9, "f1": 0.87805, "auc": 0.97273}
{"epoch": 40, "time_epoch": 0.49219, "eta": 47.01362, "eta_hours": 0.01306, "loss": 0.30868404, "lr": 0.00065451, "params": 9207, "time_iter": 0.04474, "accuracy": 0.88095, "precision": 0.85714, "recall": 0.9, "f1": 0.87805, "auc": 0.95455}
{"epoch": 41, "time_epoch": 0.487, "eta": 45.7889, "eta_hours": 0.01272, "loss": 0.24103458, "lr": 0.0006395, "params": 9207, "time_iter": 0.04427, "accuracy": 0.90476, "precision": 0.86364, "recall": 0.95, "f1": 0.90476, "auc": 0.95909}
{"epoch": 42, "time_epoch": 0.48573, "eta": 44.59681, "eta_hours": 0.01239, "loss": 0.03270008, "lr": 0.00062434, "params": 9207, "time_iter": 0.04416, "accuracy": 1.0, "precision": 1.0, "recall": 1.0, "f1": 1.0, "auc": 1.0}
{"epoch": 43, "time_epoch": 0.48837, "eta": 43.44019, "eta_hours": 0.01207, "loss": 0.02243629, "lr": 0.00060907, "params": 9207, "time_iter": 0.0444, "accuracy": 1.0, "precision": 1.0, "recall": 1.0, "f1": 1.0, "auc": 1.0}
{"epoch": 44, "time_epoch": 0.48376, "eta": 42.30764, "eta_hours": 0.01175, "loss": 0.24289854, "lr": 0.00059369, "params": 9207, "time_iter": 0.04398, "accuracy": 0.90476, "precision": 0.9, "recall": 0.9, "f1": 0.9, "auc": 0.96591}
{"epoch": 45, "time_epoch": 0.48281, "eta": 41.20217, "eta_hours": 0.01145, "loss": 0.06855369, "lr": 0.00057822, "params": 9207, "time_iter": 0.04389, "accuracy": 0.97619, "precision": 0.95238, "recall": 1.0, "f1": 0.97561, "auc": 1.0}
{"epoch": 46, "time_epoch": 0.48678, "eta": 40.12769, "eta_hours": 0.01115, "loss": 0.1323042, "lr": 0.00056267, "params": 9207, "time_iter": 0.04425, "accuracy": 0.92857, "precision": 0.90476, "recall": 0.95, "f1": 0.92683, "auc": 0.99318}
{"epoch": 47, "time_epoch": 0.48415, "eta": 39.07483, "eta_hours": 0.01085, "loss": 0.11797026, "lr": 0.00054705, "params": 9207, "time_iter": 0.04401, "accuracy": 0.88095, "precision": 0.85714, "recall": 0.9, "f1": 0.87805, "auc": 0.98636}
{"epoch": 48, "time_epoch": 0.48949, "eta": 38.05075, "eta_hours": 0.01057, "loss": 0.06349689, "lr": 0.0005314, "params": 9207, "time_iter": 0.0445, "accuracy": 0.97619, "precision": 0.95238, "recall": 1.0, "f1": 0.97561, "auc": 1.0}
{"epoch": 49, "time_epoch": 0.48835, "eta": 37.04692, "eta_hours": 0.01029, "loss": 0.30308172, "lr": 0.00051571, "params": 9207, "time_iter": 0.0444, "accuracy": 0.85714, "precision": 0.85, "recall": 0.85, "f1": 0.85, "auc": 0.95455}
{"epoch": 50, "time_epoch": 0.48654, "eta": 36.06156, "eta_hours": 0.01002, "loss": 0.29838628, "lr": 0.0005, "params": 9207, "time_iter": 0.04423, "accuracy": 0.90476, "precision": 0.9, "recall": 0.9, "f1": 0.9, "auc": 0.96364}
{"epoch": 51, "time_epoch": 0.49018, "eta": 35.09874, "eta_hours": 0.00975, "loss": 0.03008478, "lr": 0.00048429, "params": 9207, "time_iter": 0.04456, "accuracy": 1.0, "precision": 1.0, "recall": 1.0, "f1": 1.0, "auc": 1.0}
{"epoch": 52, "time_epoch": 0.49139, "eta": 34.15483, "eta_hours": 0.00949, "loss": 0.05344631, "lr": 0.0004686, "params": 9207, "time_iter": 0.04467, "accuracy": 1.0, "precision": 1.0, "recall": 1.0, "f1": 1.0, "auc": 1.0}
{"epoch": 53, "time_epoch": 0.49192, "eta": 33.22814, "eta_hours": 0.00923, "loss": 0.10641331, "lr": 0.00045295, "params": 9207, "time_iter": 0.04472, "accuracy": 0.92857, "precision": 0.94737, "recall": 0.9, "f1": 0.92308, "auc": 0.99545}
{"epoch": 54, "time_epoch": 0.49519, "eta": 32.31993, "eta_hours": 0.00898, "loss": 0.07842579, "lr": 0.00043733, "params": 9207, "time_iter": 0.04502, "accuracy": 0.97619, "precision": 1.0, "recall": 0.95, "f1": 0.97436, "auc": 0.99773}
{"epoch": 55, "time_epoch": 0.4896, "eta": 31.42208, "eta_hours": 0.00873, "loss": 0.07315399, "lr": 0.00042178, "params": 9207, "time_iter": 0.04451, "accuracy": 0.97619, "precision": 0.95238, "recall": 1.0, "f1": 0.97561, "auc": 0.99773}
{"epoch": 56, "time_epoch": 0.48628, "eta": 30.53605, "eta_hours": 0.00848, "loss": 0.296141, "lr": 0.00040631, "params": 9207, "time_iter": 0.04421, "accuracy": 0.85714, "precision": 0.81818, "recall": 0.9, "f1": 0.85714, "auc": 0.95455}
{"epoch": 57, "time_epoch": 0.48639, "eta": 29.66389, "eta_hours": 0.00824, "loss": 0.21897061, "lr": 0.00039093, "params": 9207, "time_iter": 0.04422, "accuracy": 0.90476, "precision": 0.86364, "recall": 0.95, "f1": 0.90476, "auc": 0.97727}
{"epoch": 58, "time_epoch": 0.48676, "eta": 28.80506, "eta_hours": 0.008, "loss": 0.21316125, "lr": 0.00037566, "params": 9207, "time_iter": 0.04425, "accuracy": 0.90476, "precision": 0.86364, "recall": 0.95, "f1": 0.90476, "auc": 0.97955}
{"epoch": 59, "time_epoch": 0.49309, "eta": 27.96284, "eta_hours": 0.00777, "loss": 0.2231212, "lr": 0.0003605, "params": 9207, "time_iter": 0.04483, "accuracy": 0.92857, "precision": 0.94737, "recall": 0.9, "f1": 0.92308, "auc": 0.975}
{"epoch": 60, "time_epoch": 0.48868, "eta": 27.12926, "eta_hours": 0.00754, "loss": 0.38328223, "lr": 0.00034549, "params": 9207, "time_iter": 0.04443, "accuracy": 0.83333, "precision": 0.88235, "recall": 0.75, "f1": 0.81081, "auc": 0.91818}
{"epoch": 61, "time_epoch": 0.48907, "eta": 26.30704, "eta_hours": 0.00731, "loss": 0.3209197, "lr": 0.00033063, "params": 9207, "time_iter": 0.04446, "accuracy": 0.90476, "precision": 0.94444, "recall": 0.85, "f1": 0.89474, "auc": 0.95682}
{"epoch": 62, "time_epoch": 0.48869, "eta": 25.49517, "eta_hours": 0.00708, "loss": 0.1607826, "lr": 0.00031594, "params": 9207, "time_iter": 0.04443, "accuracy": 0.92857, "precision": 0.90476, "recall": 0.95, "f1": 0.92683, "auc": 0.98636}
{"epoch": 63, "time_epoch": 0.49762, "eta": 24.69843, "eta_hours": 0.00686, "loss": 0.1405897, "lr": 0.00030143, "params": 9207, "time_iter": 0.04524, "accuracy": 0.95238, "precision": 1.0, "recall": 0.9, "f1": 0.94737, "auc": 0.99091}
{"epoch": 64, "time_epoch": 0.48876, "eta": 23.90612, "eta_hours": 0.00664, "loss": 0.07622362, "lr": 0.00028711, "params": 9207, "time_iter": 0.04443, "accuracy": 0.97619, "precision": 0.95238, "recall": 1.0, "f1": 0.97561, "auc": 0.99773}
{"epoch": 65, "time_epoch": 0.48721, "eta": 23.12221, "eta_hours": 0.00642, "loss": 0.26070532, "lr": 0.000273, "params": 9207, "time_iter": 0.04429, "accuracy": 0.90476, "precision": 0.9, "recall": 0.9, "f1": 0.9, "auc": 0.95909}
{"epoch": 66, "time_epoch": 0.49101, "eta": 22.34902, "eta_hours": 0.00621, "loss": 0.29652513, "lr": 0.00025912, "params": 9207, "time_iter": 0.04464, "accuracy": 0.92857, "precision": 0.94737, "recall": 0.9, "f1": 0.92308, "auc": 0.96364}
{"epoch": 67, "time_epoch": 0.48338, "eta": 21.58055, "eta_hours": 0.00599, "loss": 0.14131035, "lr": 0.00024548, "params": 9207, "time_iter": 0.04394, "accuracy": 0.92857, "precision": 0.86957, "recall": 1.0, "f1": 0.93023, "auc": 1.0}
{"epoch": 68, "time_epoch": 0.4871, "eta": 20.82202, "eta_hours": 0.00578, "loss": 0.3910802, "lr": 0.00023209, "params": 9207, "time_iter": 0.04428, "accuracy": 0.88095, "precision": 0.89474, "recall": 0.85, "f1": 0.87179, "auc": 0.94773}
{"epoch": 69, "time_epoch": 0.48821, "eta": 20.07171, "eta_hours": 0.00558, "loss": 0.03663605, "lr": 0.00021896, "params": 9207, "time_iter": 0.04438, "accuracy": 0.97619, "precision": 0.95238, "recall": 1.0, "f1": 0.97561, "auc": 1.0}
{"epoch": 70, "time_epoch": 0.48826, "eta": 19.3288, "eta_hours": 0.00537, "loss": 0.03246522, "lr": 0.00020611, "params": 9207, "time_iter": 0.04439, "accuracy": 0.97619, "precision": 0.95238, "recall": 1.0, "f1": 0.97561, "auc": 1.0}
{"epoch": 71, "time_epoch": 0.4867, "eta": 18.59236, "eta_hours": 0.00516, "loss": 0.03259761, "lr": 0.00019355, "params": 9207, "time_iter": 0.04425, "accuracy": 1.0, "precision": 1.0, "recall": 1.0, "f1": 1.0, "auc": 1.0}
{"epoch": 72, "time_epoch": 0.49603, "eta": 17.86622, "eta_hours": 0.00496, "loss": 0.0111477, "lr": 0.00018129, "params": 9207, "time_iter": 0.04509, "accuracy": 1.0, "precision": 1.0, "recall": 1.0, "f1": 1.0, "auc": 1.0}
{"epoch": 73, "time_epoch": 0.48887, "eta": 17.14378, "eta_hours": 0.00476, "loss": 0.20074419, "lr": 0.00016934, "params": 9207, "time_iter": 0.04444, "accuracy": 0.92857, "precision": 0.94737, "recall": 0.9, "f1": 0.92308, "auc": 0.98182}
{"epoch": 74, "time_epoch": 0.48561, "eta": 16.42648, "eta_hours": 0.00456, "loss": 0.03917876, "lr": 0.00015773, "params": 9207, "time_iter": 0.04415, "accuracy": 0.97619, "precision": 0.95238, "recall": 1.0, "f1": 0.97561, "auc": 1.0}
{"epoch": 75, "time_epoch": 0.4843, "eta": 15.71486, "eta_hours": 0.00437, "loss": 0.07213499, "lr": 0.00014645, "params": 9207, "time_iter": 0.04403, "accuracy": 0.97619, "precision": 0.95238, "recall": 1.0, "f1": 0.97561, "auc": 1.0}
{"epoch": 76, "time_epoch": 0.4898, "eta": 15.01079, "eta_hours": 0.00417, "loss": 0.05592148, "lr": 0.00013552, "params": 9207, "time_iter": 0.04453, "accuracy": 0.97619, "precision": 1.0, "recall": 0.95, "f1": 0.97436, "auc": 1.0}
{"epoch": 77, "time_epoch": 0.48955, "eta": 14.31215, "eta_hours": 0.00398, "loss": 0.21498975, "lr": 0.00012494, "params": 9207, "time_iter": 0.0445, "accuracy": 0.88095, "precision": 0.82609, "recall": 0.95, "f1": 0.88372, "auc": 0.98409}
{"epoch": 78, "time_epoch": 0.4898, "eta": 13.61887, "eta_hours": 0.00378, "loss": 0.25329813, "lr": 0.00011474, "params": 9207, "time_iter": 0.04453, "accuracy": 0.88095, "precision": 0.85714, "recall": 0.9, "f1": 0.87805, "auc": 0.96591}
{"epoch": 79, "time_epoch": 0.48422, "eta": 12.92928, "eta_hours": 0.00359, "loss": 0.13577757, "lr": 0.00010492, "params": 9207, "time_iter": 0.04402, "accuracy": 0.97619, "precision": 1.0, "recall": 0.95, "f1": 0.97436, "auc": 0.99545}
{"epoch": 80, "time_epoch": 0.48681, "eta": 12.24536, "eta_hours": 0.0034, "loss": 0.18352051, "lr": 9.549e-05, "params": 9207, "time_iter": 0.04426, "accuracy": 0.92857, "precision": 0.90476, "recall": 0.95, "f1": 0.92683, "auc": 0.99318}
{"epoch": 81, "time_epoch": 0.48683, "eta": 11.56626, "eta_hours": 0.00321, "loss": 0.0611552, "lr": 8.646e-05, "params": 9207, "time_iter": 0.04426, "accuracy": 0.97619, "precision": 0.95238, "recall": 1.0, "f1": 0.97561, "auc": 1.0}
{"epoch": 82, "time_epoch": 0.48253, "eta": 10.89091, "eta_hours": 0.00303, "loss": 0.06472699, "lr": 7.784e-05, "params": 9207, "time_iter": 0.04387, "accuracy": 0.95238, "precision": 0.90909, "recall": 1.0, "f1": 0.95238, "auc": 1.0}
{"epoch": 83, "time_epoch": 0.48913, "eta": 10.22141, "eta_hours": 0.00284, "loss": 0.19291124, "lr": 6.963e-05, "params": 9207, "time_iter": 0.04447, "accuracy": 0.90476, "precision": 0.94444, "recall": 0.85, "f1": 0.89474, "auc": 0.99091}
{"epoch": 84, "time_epoch": 0.49213, "eta": 9.55668, "eta_hours": 0.00265, "loss": 0.07122592, "lr": 6.185e-05, "params": 9207, "time_iter": 0.04474, "accuracy": 0.95238, "precision": 0.90909, "recall": 1.0, "f1": 0.95238, "auc": 1.0}
{"epoch": 85, "time_epoch": 0.4931, "eta": 8.89613, "eta_hours": 0.00247, "loss": 0.06655032, "lr": 5.45e-05, "params": 9207, "time_iter": 0.04483, "accuracy": 0.95238, "precision": 0.90909, "recall": 1.0, "f1": 0.95238, "auc": 1.0}
{"epoch": 86, "time_epoch": 0.54322, "eta": 8.24691, "eta_hours": 0.00229, "loss": 0.05230969, "lr": 4.759e-05, "params": 9207, "time_iter": 0.04938, "accuracy": 0.97619, "precision": 0.95238, "recall": 1.0, "f1": 0.97561, "auc": 1.0}
{"epoch": 87, "time_epoch": 0.49997, "eta": 7.5942, "eta_hours": 0.00211, "loss": 0.10028644, "lr": 4.112e-05, "params": 9207, "time_iter": 0.04545, "accuracy": 0.95238, "precision": 0.95, "recall": 0.95, "f1": 0.95, "auc": 0.99773}
{"epoch": 88, "time_epoch": 0.49378, "eta": 6.94416, "eta_hours": 0.00193, "loss": 0.21917972, "lr": 3.511e-05, "params": 9207, "time_iter": 0.04489, "accuracy": 0.90476, "precision": 0.9, "recall": 0.9, "f1": 0.9, "auc": 0.98636}
{"epoch": 89, "time_epoch": 0.79028, "eta": 6.33054, "eta_hours": 0.00176, "loss": 0.03966035, "lr": 2.956e-05, "params": 9207, "time_iter": 0.07184, "accuracy": 1.0, "precision": 1.0, "recall": 1.0, "f1": 1.0, "auc": 1.0}
{"epoch": 90, "time_epoch": 0.42203, "eta": 5.67662, "eta_hours": 0.00158, "loss": 0.03846426, "lr": 2.447e-05, "params": 9207, "time_iter": 0.03837, "accuracy": 0.97619, "precision": 0.95238, "recall": 1.0, "f1": 0.97561, "auc": 1.0}
{"epoch": 91, "time_epoch": 0.43281, "eta": 5.02867, "eta_hours": 0.0014, "loss": 0.07507882, "lr": 1.985e-05, "params": 9207, "time_iter": 0.03935, "accuracy": 0.97619, "precision": 0.95238, "recall": 1.0, "f1": 0.97561, "auc": 0.99773}
{"epoch": 92, "time_epoch": 0.42015, "eta": 4.3844, "eta_hours": 0.00122, "loss": 0.0363295, "lr": 1.571e-05, "params": 9207, "time_iter": 0.0382, "accuracy": 0.97619, "precision": 0.95238, "recall": 1.0, "f1": 0.97561, "auc": 1.0}
{"epoch": 93, "time_epoch": 0.41943, "eta": 3.74485, "eta_hours": 0.00104, "loss": 0.00095507, "lr": 1.204e-05, "params": 9207, "time_iter": 0.03813, "accuracy": 1.0, "precision": 1.0, "recall": 1.0, "f1": 1.0, "auc": 1.0}
{"epoch": 94, "time_epoch": 0.42657, "eta": 3.11031, "eta_hours": 0.00086, "loss": 0.41258008, "lr": 8.86e-06, "params": 9207, "time_iter": 0.03878, "accuracy": 0.90476, "precision": 0.94444, "recall": 0.85, "f1": 0.89474, "auc": 0.95455}
{"epoch": 95, "time_epoch": 0.42283, "eta": 2.47995, "eta_hours": 0.00069, "loss": 0.00621602, "lr": 6.16e-06, "params": 9207, "time_iter": 0.03844, "accuracy": 1.0, "precision": 1.0, "recall": 1.0, "f1": 1.0, "auc": 1.0}
{"epoch": 96, "time_epoch": 0.43729, "eta": 1.85431, "eta_hours": 0.00052, "loss": 0.12538849, "lr": 3.94e-06, "params": 9207, "time_iter": 0.03975, "accuracy": 0.95238, "precision": 0.95, "recall": 0.95, "f1": 0.95, "auc": 0.99318}
{"epoch": 97, "time_epoch": 0.43953, "eta": 1.23256, "eta_hours": 0.00034, "loss": 0.13215305, "lr": 2.22e-06, "params": 9207, "time_iter": 0.03996, "accuracy": 0.92857, "precision": 0.86957, "recall": 1.0, "f1": 0.93023, "auc": 0.99545}
{"epoch": 98, "time_epoch": 0.48935, "eta": 0.615, "eta_hours": 0.00017, "loss": 0.24761191, "lr": 9.9e-07, "params": 9207, "time_iter": 0.04449, "accuracy": 0.95238, "precision": 0.95, "recall": 0.95, "f1": 0.95, "auc": 0.98182}
{"epoch": 99, "time_epoch": 0.49264, "eta": 0.0, "eta_hours": 0.0, "loss": 0.0046485, "lr": 2.5e-07, "params": 9207, "time_iter": 0.04479, "accuracy": 1.0, "precision": 1.0, "recall": 1.0, "f1": 1.0, "auc": 1.0}
