{"epoch": 0, "time_epoch": 44.00597, "eta": 4356.59079, "eta_hours": 1.21016, "loss": 0.70426926, "lr": 0.001, "params": 3973, "time_iter": 4.4006, "accuracy": 0.48, "precision": 0.0, "recall": 0.0, "f1": 0.0, "auc": 0.54229}
{"epoch": 1, "time_epoch": 43.94475, "eta": 4309.58497, "eta_hours": 1.19711, "loss": 0.69904993, "lr": 0.00099975, "params": 3973, "time_iter": 4.39447, "accuracy": 0.48, "precision": 0.0, "recall": 0.0, "f1": 0.0, "auc": 0.5041}
{"epoch": 2, "time_epoch": 43.89225, "eta": 4262.92262, "eta_hours": 1.18415, "loss": 0.69572078, "lr": 0.00099901, "params": 3973, "time_iter": 4.38923, "accuracy": 0.48, "precision": 0.0, "recall": 0.0, "f1": 0.0, "auc": 0.50641}
{"epoch": 3, "time_epoch": 43.96116, "eta": 4219.29902, "eta_hours": 1.17203, "loss": 0.69414027, "lr": 0.00099778, "params": 3973, "time_iter": 4.39612, "accuracy": 0.48, "precision": 0.0, "recall": 0.0, "f1": 0.0, "auc": 0.54238}
{"epoch": 4, "time_epoch": 43.96511, "eta": 4175.61542, "eta_hours": 1.15989, "loss": 0.69357334, "lr": 0.00099606, "params": 3973, "time_iter": 4.39651, "accuracy": 0.48, "precision": 0.0, "recall": 0.0, "f1": 0.0, "auc": 0.58324}
{"epoch": 5, "time_epoch": 44.41231, "eta": 4138.84419, "eta_hours": 1.14968, "loss": 0.69350571, "lr": 0.00099384, "params": 3973, "time_iter": 4.44123, "accuracy": 0.49333, "precision": 0.52632, "recall": 0.25641, "f1": 0.34483, "auc": 0.46554}
{"epoch": 6, "time_epoch": 43.73918, "eta": 4090.94671, "eta_hours": 1.13637, "loss": 0.69303259, "lr": 0.00099114, "params": 3973, "time_iter": 4.37392, "accuracy": 0.52, "precision": 0.52, "recall": 1.0, "f1": 0.68421, "auc": 0.49599}
{"epoch": 7, "time_epoch": 43.78797, "eta": 4044.64992, "eta_hours": 1.12351, "loss": 0.69273579, "lr": 0.00098796, "params": 3973, "time_iter": 4.3788, "accuracy": 0.52, "precision": 0.52, "recall": 1.0, "f1": 0.68421, "auc": 0.57381}
{"epoch": 8, "time_epoch": 43.67046, "eta": 3997.72253, "eta_hours": 1.11048, "loss": 0.69261317, "lr": 0.00098429, "params": 3973, "time_iter": 4.36705, "accuracy": 0.52, "precision": 0.52, "recall": 1.0, "f1": 0.68421, "auc": 0.53775}
{"epoch": 9, "time_epoch": 43.76887, "eta": 3952.33221, "eta_hours": 1.09787, "loss": 0.69258394, "lr": 0.00098015, "params": 3973, "time_iter": 4.37689, "accuracy": 0.52, "precision": 0.52, "recall": 1.0, "f1": 0.68421, "auc": 0.52235}
{"epoch": 10, "time_epoch": 43.72128, "eta": 3906.85164, "eta_hours": 1.08524, "loss": 0.69248812, "lr": 0.00097553, "params": 3973, "time_iter": 4.37213, "accuracy": 0.52, "precision": 0.52, "recall": 1.0, "f1": 0.68421, "auc": 0.54532}
{"epoch": 11, "time_epoch": 43.67719, "eta": 3861.34095, "eta_hours": 1.07259, "loss": 0.6924658, "lr": 0.00097044, "params": 3973, "time_iter": 4.36772, "accuracy": 0.52, "precision": 0.52, "recall": 1.0, "f1": 0.68421, "auc": 0.50463}
{"epoch": 12, "time_epoch": 43.72787, "eta": 3816.45153, "eta_hours": 1.06013, "loss": 0.69261865, "lr": 0.00096489, "params": 3973, "time_iter": 4.37279, "accuracy": 0.52, "precision": 0.52, "recall": 1.0, "f1": 0.68421, "auc": 0.37251}
{"epoch": 13, "time_epoch": 43.78982, "eta": 3772.10857, "eta_hours": 1.04781, "loss": 0.69245231, "lr": 0.00095888, "params": 3973, "time_iter": 4.37898, "accuracy": 0.52, "precision": 0.52, "recall": 1.0, "f1": 0.68421, "auc": 0.5122}
{"epoch": 14, "time_epoch": 43.72783, "eta": 3727.48808, "eta_hours": 1.03541, "loss": 0.69265163, "lr": 0.00095241, "params": 3973, "time_iter": 4.37278, "accuracy": 0.52, "precision": 0.52, "recall": 1.0, "f1": 0.68421, "auc": 0.41569}
{"epoch": 15, "time_epoch": 43.72577, "eta": 3682.96836, "eta_hours": 1.02305, "loss": 0.69242014, "lr": 0.0009455, "params": 3973, "time_iter": 4.37258, "accuracy": 0.52, "precision": 0.52, "recall": 1.0, "f1": 0.68421, "auc": 0.43786}
{"epoch": 16, "time_epoch": 43.76026, "eta": 3638.71044, "eta_hours": 1.01075, "loss": 0.69239824, "lr": 0.00093815, "params": 3973, "time_iter": 4.37603, "accuracy": 0.52, "precision": 0.52, "recall": 1.0, "f1": 0.68421, "auc": 0.43964}
{"epoch": 17, "time_epoch": 43.71553, "eta": 3594.30407, "eta_hours": 0.99842, "loss": 0.6923869, "lr": 0.00093037, "params": 3973, "time_iter": 4.37155, "accuracy": 0.52, "precision": 0.52, "recall": 1.0, "f1": 0.68421, "auc": 0.48567}
{"epoch": 18, "time_epoch": 43.76879, "eta": 3550.19745, "eta_hours": 0.98617, "loss": 0.69241458, "lr": 0.00092216, "params": 3973, "time_iter": 4.37688, "accuracy": 0.52, "precision": 0.52, "recall": 1.0, "f1": 0.68421, "auc": 0.42245}
{"epoch": 19, "time_epoch": 43.88533, "eta": 3506.59077, "eta_hours": 0.97405, "loss": 0.69239613, "lr": 0.00091354, "params": 3973, "time_iter": 4.38853, "accuracy": 0.52, "precision": 0.52, "recall": 1.0, "f1": 0.68421, "auc": 0.46563}
{"epoch": 20, "time_epoch": 43.7529, "eta": 3462.45937, "eta_hours": 0.96179, "loss": 0.69248757, "lr": 0.00090451, "params": 3973, "time_iter": 4.37529, "accuracy": 0.52, "precision": 0.52, "recall": 1.0, "f1": 0.68421, "auc": 0.39752}
{"epoch": 21, "time_epoch": 43.75144, "eta": 3418.3572, "eta_hours": 0.94954, "loss": 0.69244423, "lr": 0.00089508, "params": 3973, "time_iter": 4.37514, "accuracy": 0.52, "precision": 0.52, "recall": 1.0, "f1": 0.68421, "auc": 0.47026}
{"epoch": 22, "time_epoch": 43.70866, "eta": 3374.14231, "eta_hours": 0.93726, "loss": 0.69239595, "lr": 0.00088526, "params": 3973, "time_iter": 4.37087, "accuracy": 0.52, "precision": 0.52, "recall": 1.0, "f1": 0.68421, "auc": 0.49929}
{"epoch": 23, "time_epoch": 43.72538, "eta": 3330.02255, "eta_hours": 0.92501, "loss": 0.69241407, "lr": 0.00087506, "params": 3973, "time_iter": 4.37254, "accuracy": 0.52, "precision": 0.52, "recall": 1.0, "f1": 0.68421, "auc": 0.47748}
{"epoch": 24, "time_epoch": 44.67035, "eta": 3288.76924, "eta_hours": 0.91355, "loss": 0.69241121, "lr": 0.00086448, "params": 3973, "time_iter": 4.46703, "accuracy": 0.52, "precision": 0.52, "recall": 1.0, "f1": 0.68421, "auc": 0.49564}
{"epoch": 25, "time_epoch": 44.63112, "eta": 3247.14145, "eta_hours": 0.90198, "loss": 0.69242008, "lr": 0.00085355, "params": 3973, "time_iter": 4.46311, "accuracy": 0.52, "precision": 0.52, "recall": 1.0, "f1": 0.68421, "auc": 0.47365}
{"epoch": 26, "time_epoch": 44.61268, "eta": 3205.24133, "eta_hours": 0.89034, "loss": 0.69239072, "lr": 0.00084227, "params": 3973, "time_iter": 4.46127, "accuracy": 0.52, "precision": 0.52, "recall": 1.0, "f1": 0.68421, "auc": 0.43296}
{"epoch": 27, "time_epoch": 43.74892, "eta": 3160.92634, "eta_hours": 0.87804, "loss": 0.69234005, "lr": 0.00083066, "params": 3973, "time_iter": 4.37489, "accuracy": 0.52, "precision": 0.52, "recall": 1.0, "f1": 0.68421, "auc": 0.52537}
{"epoch": 28, "time_epoch": 43.78117, "eta": 3116.72936, "eta_hours": 0.86576, "loss": 0.69234634, "lr": 0.00081871, "params": 3973, "time_iter": 4.37812, "accuracy": 0.52, "precision": 0.52, "recall": 1.0, "f1": 0.68421, "auc": 0.52475}
{"epoch": 29, "time_epoch": 47.11717, "eta": 3080.34411, "eta_hours": 0.85565, "loss": 0.69239239, "lr": 0.00080645, "params": 3973, "time_iter": 4.71172, "accuracy": 0.52, "precision": 0.52, "recall": 1.0, "f1": 0.68421, "auc": 0.47463}
{"epoch": 30, "time_epoch": 44.65852, "eta": 3037.79399, "eta_hours": 0.84383, "loss": 0.69240157, "lr": 0.00079389, "params": 3973, "time_iter": 4.46585, "accuracy": 0.52, "precision": 0.52, "recall": 1.0, "f1": 0.68421, "auc": 0.4505}
{"epoch": 31, "time_epoch": 44.65819, "eta": 2995.1114, "eta_hours": 0.83198, "loss": 0.69241842, "lr": 0.00078104, "params": 3973, "time_iter": 4.46582, "accuracy": 0.52, "precision": 0.52, "recall": 1.0, "f1": 0.68421, "auc": 0.40126}
{"epoch": 32, "time_epoch": 47.51895, "eta": 2958.11728, "eta_hours": 0.8217, "loss": 0.6924086, "lr": 0.00076791, "params": 3973, "time_iter": 4.75189, "accuracy": 0.52, "precision": 0.52, "recall": 1.0, "f1": 0.68421, "auc": 0.43011}
{"epoch": 33, "time_epoch": 44.59544, "eta": 2914.829, "eta_hours": 0.80967, "loss": 0.69251025, "lr": 0.00075452, "params": 3973, "time_iter": 4.45954, "accuracy": 0.52, "precision": 0.52, "recall": 1.0, "f1": 0.68421, "auc": 0.35978}
{"epoch": 34, "time_epoch": 44.63505, "eta": 2871.5396, "eta_hours": 0.79765, "loss": 0.69246927, "lr": 0.00074088, "params": 3973, "time_iter": 4.46351, "accuracy": 0.52, "precision": 0.52, "recall": 1.0, "f1": 0.68421, "auc": 0.46955}
{"epoch": 35, "time_epoch": 44.66388, "eta": 2828.22668, "eta_hours": 0.78562, "loss": 0.69239833, "lr": 0.000727, "params": 3973, "time_iter": 4.46639, "accuracy": 0.52, "precision": 0.52, "recall": 1.0, "f1": 0.68421, "auc": 0.40839}
{"epoch": 36, "time_epoch": 44.70575, "eta": 2784.91203, "eta_hours": 0.77359, "loss": 0.692397, "lr": 0.00071289, "params": 3973, "time_iter": 4.47057, "accuracy": 0.52, "precision": 0.52, "recall": 1.0, "f1": 0.68421, "auc": 0.40794}
{"epoch": 37, "time_epoch": 44.67283, "eta": 2741.47046, "eta_hours": 0.76152, "loss": 0.69236746, "lr": 0.00069857, "params": 3973, "time_iter": 4.46728, "accuracy": 0.52, "precision": 0.52, "recall": 1.0, "f1": 0.68421, "auc": 0.46359}
{"epoch": 38, "time_epoch": 44.64882, "eta": 2697.92819, "eta_hours": 0.74942, "loss": 0.69246118, "lr": 0.00068406, "params": 3973, "time_iter": 4.46488, "accuracy": 0.52, "precision": 0.52, "recall": 1.0, "f1": 0.68421, "auc": 0.38381}
{"epoch": 39, "time_epoch": 46.93898, "eta": 2657.76583, "eta_hours": 0.73827, "loss": 0.69239884, "lr": 0.00066937, "params": 3973, "time_iter": 4.6939, "accuracy": 0.52, "precision": 0.52, "recall": 1.0, "f1": 0.68421, "auc": 0.44017}
{"epoch": 40, "time_epoch": 43.76845, "eta": 2612.71044, "eta_hours": 0.72575, "loss": 0.69239581, "lr": 0.00065451, "params": 3973, "time_iter": 4.37685, "accuracy": 0.52, "precision": 0.52, "recall": 1.0, "f1": 0.68421, "auc": 0.40678}
{"epoch": 41, "time_epoch": 43.81975, "eta": 2567.78717, "eta_hours": 0.71327, "loss": 0.69243449, "lr": 0.0006395, "params": 3973, "time_iter": 4.38197, "accuracy": 0.52, "precision": 0.52, "recall": 1.0, "f1": 0.68421, "auc": 0.44712}
{"epoch": 42, "time_epoch": 43.81232, "eta": 2522.90538, "eta_hours": 0.70081, "loss": 0.69234028, "lr": 0.00062434, "params": 3973, "time_iter": 4.38123, "accuracy": 0.52, "precision": 0.52, "recall": 1.0, "f1": 0.68421, "auc": 0.52858}
{"epoch": 43, "time_epoch": 57.6815, "eta": 2495.72389, "eta_hours": 0.69326, "loss": 0.69235919, "lr": 0.00060907, "params": 3973, "time_iter": 5.76815, "accuracy": 0.52, "precision": 0.52, "recall": 1.0, "f1": 0.68421, "auc": 0.50463}
{"epoch": 44, "time_epoch": 44.08035, "eta": 2450.5632, "eta_hours": 0.68071, "loss": 0.69237232, "lr": 0.00059369, "params": 3973, "time_iter": 4.40803, "accuracy": 0.52, "precision": 0.52, "recall": 1.0, "f1": 0.68421, "auc": 0.41408}
{"epoch": 45, "time_epoch": 43.8055, "eta": 2405.12685, "eta_hours": 0.66809, "loss": 0.69236542, "lr": 0.00057822, "params": 3973, "time_iter": 4.38055, "accuracy": 0.52, "precision": 0.52, "recall": 1.0, "f1": 0.68421, "auc": 0.45851}
{"epoch": 46, "time_epoch": 43.79798, "eta": 2359.75141, "eta_hours": 0.65549, "loss": 0.69240432, "lr": 0.00056267, "params": 3973, "time_iter": 4.3798, "accuracy": 0.52, "precision": 0.52, "recall": 1.0, "f1": 0.68421, "auc": 0.38301}
{"epoch": 47, "time_epoch": 43.83646, "eta": 2314.48339, "eta_hours": 0.64291, "loss": 0.69243398, "lr": 0.00054705, "params": 3973, "time_iter": 4.38365, "accuracy": 0.52, "precision": 0.52, "recall": 1.0, "f1": 0.68421, "auc": 0.35221}
{"epoch": 48, "time_epoch": 43.78487, "eta": 2269.2201, "eta_hours": 0.63034, "loss": 0.69241038, "lr": 0.0005314, "params": 3973, "time_iter": 4.37849, "accuracy": 0.52, "precision": 0.52, "recall": 1.0, "f1": 0.68421, "auc": 0.3896}
{"epoch": 49, "time_epoch": 43.84285, "eta": 2224.07392, "eta_hours": 0.6178, "loss": 0.69238374, "lr": 0.00051571, "params": 3973, "time_iter": 4.38428, "accuracy": 0.52, "precision": 0.52, "recall": 1.0, "f1": 0.68421, "auc": 0.43688}
{"epoch": 50, "time_epoch": 43.8536, "eta": 2178.98919, "eta_hours": 0.60527, "loss": 0.69238554, "lr": 0.0005, "params": 3973, "time_iter": 4.38536, "accuracy": 0.52, "precision": 0.52, "recall": 1.0, "f1": 0.68421, "auc": 0.3904}
{"epoch": 51, "time_epoch": 43.79464, "eta": 2133.89738, "eta_hours": 0.59275, "loss": 0.69247409, "lr": 0.00048429, "params": 3973, "time_iter": 4.37946, "accuracy": 0.52, "precision": 0.52, "recall": 1.0, "f1": 0.68421, "auc": 0.3791}
{"epoch": 52, "time_epoch": 43.81685, "eta": 2088.87422, "eta_hours": 0.58024, "loss": 0.69239901, "lr": 0.0004686, "params": 3973, "time_iter": 4.38169, "accuracy": 0.52, "precision": 0.52, "recall": 1.0, "f1": 0.68421, "auc": 0.49074}
{"epoch": 53, "time_epoch": 43.80195, "eta": 2043.88304, "eta_hours": 0.56775, "loss": 0.69234996, "lr": 0.00045295, "params": 3973, "time_iter": 4.38019, "accuracy": 0.52, "precision": 0.52, "recall": 1.0, "f1": 0.68421, "auc": 0.48308}
{"epoch": 54, "time_epoch": 43.79049, "eta": 1998.92573, "eta_hours": 0.55526, "loss": 0.6924382, "lr": 0.00043733, "params": 3973, "time_iter": 4.37905, "accuracy": 0.52, "precision": 0.52, "recall": 1.0, "f1": 0.68421, "auc": 0.39735}
{"epoch": 55, "time_epoch": 43.82224, "eta": 1954.03504, "eta_hours": 0.54279, "loss": 0.69234881, "lr": 0.00042178, "params": 3973, "time_iter": 4.38222, "accuracy": 0.52, "precision": 0.52, "recall": 1.0, "f1": 0.68421, "auc": 0.50881}
{"epoch": 56, "time_epoch": 43.80909, "eta": 1909.17192, "eta_hours": 0.53033, "loss": 0.69238052, "lr": 0.00040631, "params": 3973, "time_iter": 4.38091, "accuracy": 0.52, "precision": 0.52, "recall": 1.0, "f1": 0.68421, "auc": 0.47828}
{"epoch": 57, "time_epoch": 43.79814, "eta": 1864.33722, "eta_hours": 0.51787, "loss": 0.69242428, "lr": 0.00039093, "params": 3973, "time_iter": 4.37981, "accuracy": 0.52, "precision": 0.52, "recall": 1.0, "f1": 0.68421, "auc": 0.4164}
{"epoch": 58, "time_epoch": 43.81283, "eta": 1819.54786, "eta_hours": 0.50543, "loss": 0.6923686, "lr": 0.00037566, "params": 3973, "time_iter": 4.38128, "accuracy": 0.52, "precision": 0.52, "recall": 1.0, "f1": 0.68421, "auc": 0.44409}
{"epoch": 59, "time_epoch": 43.8002, "eta": 1774.78263, "eta_hours": 0.493, "loss": 0.69236203, "lr": 0.0003605, "params": 3973, "time_iter": 4.38002, "accuracy": 0.52, "precision": 0.52, "recall": 1.0, "f1": 0.68421, "auc": 0.45896}
{"epoch": 60, "time_epoch": 43.78527, "eta": 1730.0395, "eta_hours": 0.48057, "loss": 0.69237446, "lr": 0.00034549, "params": 3973, "time_iter": 4.37853, "accuracy": 0.52, "precision": 0.52, "recall": 1.0, "f1": 0.68421, "auc": 0.40919}
{"epoch": 61, "time_epoch": 43.82475, "eta": 1685.35146, "eta_hours": 0.46815, "loss": 0.69235907, "lr": 0.00033063, "params": 3973, "time_iter": 4.38247, "accuracy": 0.52, "precision": 0.52, "recall": 1.0, "f1": 0.68421, "auc": 0.44026}
{"epoch": 62, "time_epoch": 43.78672, "eta": 1640.6685, "eta_hours": 0.45574, "loss": 0.6923665, "lr": 0.00031594, "params": 3973, "time_iter": 4.37867, "accuracy": 0.52, "precision": 0.52, "recall": 1.0, "f1": 0.68421, "auc": 0.40322}
{"epoch": 63, "time_epoch": 43.85395, "eta": 1596.05136, "eta_hours": 0.44335, "loss": 0.69235881, "lr": 0.00030143, "params": 3973, "time_iter": 4.38539, "accuracy": 0.52, "precision": 0.52, "recall": 1.0, "f1": 0.68421, "auc": 0.46786}
{"epoch": 64, "time_epoch": 43.79363, "eta": 1551.42522, "eta_hours": 0.43095, "loss": 0.69236188, "lr": 0.00028711, "params": 3973, "time_iter": 4.37936, "accuracy": 0.52, "precision": 0.52, "recall": 1.0, "f1": 0.68421, "auc": 0.40563}
{"epoch": 65, "time_epoch": 43.82375, "eta": 1506.83983, "eta_hours": 0.41857, "loss": 0.69235663, "lr": 0.000273, "params": 3973, "time_iter": 4.38238, "accuracy": 0.52, "precision": 0.52, "recall": 1.0, "f1": 0.68421, "auc": 0.46848}
{"epoch": 66, "time_epoch": 43.78456, "eta": 1462.25787, "eta_hours": 0.40618, "loss": 0.69236603, "lr": 0.00025912, "params": 3973, "time_iter": 4.37846, "accuracy": 0.52, "precision": 0.52, "recall": 1.0, "f1": 0.68421, "auc": 0.42254}
{"epoch": 67, "time_epoch": 43.7763, "eta": 1417.69548, "eta_hours": 0.3938, "loss": 0.69238011, "lr": 0.00024548, "params": 3973, "time_iter": 4.37763, "accuracy": 0.52, "precision": 0.52, "recall": 1.0, "f1": 0.68421, "auc": 0.37536}
{"epoch": 68, "time_epoch": 43.83479, "eta": 1373.18215, "eta_hours": 0.38144, "loss": 0.6923643, "lr": 0.00023209, "params": 3973, "time_iter": 4.38348, "accuracy": 0.52, "precision": 0.52, "recall": 1.0, "f1": 0.68421, "auc": 0.42539}
{"epoch": 69, "time_epoch": 43.80974, "eta": 1328.67747, "eta_hours": 0.36908, "loss": 0.69239259, "lr": 0.00021896, "params": 3973, "time_iter": 4.38097, "accuracy": 0.52, "precision": 0.52, "recall": 1.0, "f1": 0.68421, "auc": 0.40607}
{"epoch": 70, "time_epoch": 43.91027, "eta": 1284.23342, "eta_hours": 0.35673, "loss": 0.69236005, "lr": 0.00020611, "params": 3973, "time_iter": 4.39103, "accuracy": 0.52, "precision": 0.52, "recall": 1.0, "f1": 0.68421, "auc": 0.40304}
{"epoch": 71, "time_epoch": 43.82413, "eta": 1239.77071, "eta_hours": 0.34438, "loss": 0.69247455, "lr": 0.00019355, "params": 3973, "time_iter": 4.38241, "accuracy": 0.52, "precision": 0.52, "recall": 1.0, "f1": 0.68421, "auc": 0.3539}
{"epoch": 72, "time_epoch": 43.82229, "eta": 1195.32481, "eta_hours": 0.33203, "loss": 0.69237796, "lr": 0.00018129, "params": 3973, "time_iter": 4.38223, "accuracy": 0.52, "precision": 0.52, "recall": 1.0, "f1": 0.68421, "auc": 0.45433}
{"epoch": 73, "time_epoch": 43.81516, "eta": 1150.89326, "eta_hours": 0.31969, "loss": 0.69236965, "lr": 0.00016934, "params": 3973, "time_iter": 4.38152, "accuracy": 0.52, "precision": 0.52, "recall": 1.0, "f1": 0.68421, "auc": 0.40171}
{"epoch": 74, "time_epoch": 43.85722, "eta": 1106.49216, "eta_hours": 0.30736, "loss": 0.69235507, "lr": 0.00015773, "params": 3973, "time_iter": 4.38572, "accuracy": 0.52, "precision": 0.52, "recall": 1.0, "f1": 0.68421, "auc": 0.48958}
{"epoch": 75, "time_epoch": 43.78364, "eta": 1062.08215, "eta_hours": 0.29502, "loss": 0.69235762, "lr": 0.00014645, "params": 3973, "time_iter": 4.37836, "accuracy": 0.52, "precision": 0.52, "recall": 1.0, "f1": 0.68421, "auc": 0.46537}
{"epoch": 76, "time_epoch": 43.82247, "eta": 1017.7, "eta_hours": 0.28269, "loss": 0.69238745, "lr": 0.00013552, "params": 3973, "time_iter": 4.38225, "accuracy": 0.52, "precision": 0.52, "recall": 1.0, "f1": 0.68421, "auc": 0.38203}
{"epoch": 77, "time_epoch": 43.9029, "eta": 973.35488, "eta_hours": 0.27038, "loss": 0.69240645, "lr": 0.00012494, "params": 3973, "time_iter": 4.39029, "accuracy": 0.52, "precision": 0.52, "recall": 1.0, "f1": 0.68421, "auc": 0.42423}
{"epoch": 78, "time_epoch": 43.8344, "eta": 929.00276, "eta_hours": 0.25806, "loss": 0.6923584, "lr": 0.00011474, "params": 3973, "time_iter": 4.38344, "accuracy": 0.52, "precision": 0.52, "recall": 1.0, "f1": 0.68421, "auc": 0.50427}
{"epoch": 79, "time_epoch": 43.85098, "eta": 884.66772, "eta_hours": 0.24574, "loss": 0.69237655, "lr": 0.00010492, "params": 3973, "time_iter": 4.3851, "accuracy": 0.52, "precision": 0.52, "recall": 1.0, "f1": 0.68421, "auc": 0.44943}
{"epoch": 80, "time_epoch": 43.9012, "eta": 840.35641, "eta_hours": 0.23343, "loss": 0.69237848, "lr": 9.549e-05, "params": 3973, "time_iter": 4.39012, "accuracy": 0.52, "precision": 0.52, "recall": 1.0, "f1": 0.68421, "auc": 0.42121}
{"epoch": 81, "time_epoch": 43.84898, "eta": 796.04365, "eta_hours": 0.22112, "loss": 0.69236488, "lr": 8.646e-05, "params": 3973, "time_iter": 4.3849, "accuracy": 0.52, "precision": 0.52, "recall": 1.0, "f1": 0.68421, "auc": 0.42094}
{"epoch": 82, "time_epoch": 43.8309, "eta": 751.73835, "eta_hours": 0.20882, "loss": 0.69238083, "lr": 7.784e-05, "params": 3973, "time_iter": 4.38309, "accuracy": 0.52, "precision": 0.52, "recall": 1.0, "f1": 0.68421, "auc": 0.3953}
{"epoch": 83, "time_epoch": 43.86576, "eta": 707.45099, "eta_hours": 0.19651, "loss": 0.69236505, "lr": 6.963e-05, "params": 3973, "time_iter": 4.38658, "accuracy": 0.52, "precision": 0.52, "recall": 1.0, "f1": 0.68421, "auc": 0.47561}
{"epoch": 84, "time_epoch": 43.84653, "eta": 663.17016, "eta_hours": 0.18421, "loss": 0.69236155, "lr": 6.185e-05, "params": 3973, "time_iter": 4.38465, "accuracy": 0.52, "precision": 0.52, "recall": 1.0, "f1": 0.68421, "auc": 0.45415}
{"epoch": 85, "time_epoch": 43.83121, "eta": 618.89694, "eta_hours": 0.17192, "loss": 0.69236153, "lr": 5.45e-05, "params": 3973, "time_iter": 4.38312, "accuracy": 0.52, "precision": 0.52, "recall": 1.0, "f1": 0.68421, "auc": 0.46448}
{"epoch": 86, "time_epoch": 43.85342, "eta": 574.63719, "eta_hours": 0.15962, "loss": 0.69236015, "lr": 4.759e-05, "params": 3973, "time_iter": 4.38534, "accuracy": 0.52, "precision": 0.52, "recall": 1.0, "f1": 0.68421, "auc": 0.47596}
{"epoch": 87, "time_epoch": 43.80147, "eta": 530.37959, "eta_hours": 0.14733, "loss": 0.6923586, "lr": 4.112e-05, "params": 3973, "time_iter": 4.38015, "accuracy": 0.52, "precision": 0.52, "recall": 1.0, "f1": 0.68421, "auc": 0.5089}
{"epoch": 88, "time_epoch": 43.81573, "eta": 486.13401, "eta_hours": 0.13504, "loss": 0.69236178, "lr": 3.511e-05, "params": 3973, "time_iter": 4.38157, "accuracy": 0.52, "precision": 0.52, "recall": 1.0, "f1": 0.68421, "auc": 0.41364}
{"epoch": 89, "time_epoch": 43.90023, "eta": 441.90737, "eta_hours": 0.12275, "loss": 0.6923609, "lr": 2.956e-05, "params": 3973, "time_iter": 4.39002, "accuracy": 0.52, "precision": 0.52, "recall": 1.0, "f1": 0.68421, "auc": 0.45237}
{"epoch": 90, "time_epoch": 43.84595, "eta": 397.68253, "eta_hours": 0.11047, "loss": 0.69235912, "lr": 2.447e-05, "params": 3973, "time_iter": 4.3846, "accuracy": 0.52, "precision": 0.52, "recall": 1.0, "f1": 0.68421, "auc": 0.47106}
{"epoch": 91, "time_epoch": 43.87432, "eta": 353.4684, "eta_hours": 0.09819, "loss": 0.69236079, "lr": 1.985e-05, "params": 3973, "time_iter": 4.38743, "accuracy": 0.52, "precision": 0.52, "recall": 1.0, "f1": 0.68421, "auc": 0.45023}
{"epoch": 92, "time_epoch": 43.84904, "eta": 309.25967, "eta_hours": 0.08591, "loss": 0.69235854, "lr": 1.571e-05, "params": 3973, "time_iter": 4.3849, "accuracy": 0.52, "precision": 0.52, "recall": 1.0, "f1": 0.68421, "auc": 0.50463}
{"epoch": 93, "time_epoch": 43.8545, "eta": 265.05894, "eta_hours": 0.07363, "loss": 0.69235782, "lr": 1.204e-05, "params": 3973, "time_iter": 4.38545, "accuracy": 0.52, "precision": 0.52, "recall": 1.0, "f1": 0.68421, "auc": 0.53579}
{"epoch": 94, "time_epoch": 43.82625, "eta": 220.86402, "eta_hours": 0.06135, "loss": 0.69235844, "lr": 8.86e-06, "params": 3973, "time_iter": 4.38262, "accuracy": 0.52, "precision": 0.52, "recall": 1.0, "f1": 0.68421, "auc": 0.52689}
{"epoch": 95, "time_epoch": 44.15689, "eta": 176.69055, "eta_hours": 0.04908, "loss": 0.69235953, "lr": 6.16e-06, "params": 3973, "time_iter": 4.41569, "accuracy": 0.52, "precision": 0.52, "recall": 1.0, "f1": 0.68421, "auc": 0.46759}
{"epoch": 96, "time_epoch": 43.83126, "eta": 132.50736, "eta_hours": 0.03681, "loss": 0.69235981, "lr": 3.94e-06, "params": 3973, "time_iter": 4.38313, "accuracy": 0.52, "precision": 0.52, "recall": 1.0, "f1": 0.68421, "auc": 0.4489}
{"epoch": 97, "time_epoch": 43.84405, "eta": 88.3316, "eta_hours": 0.02454, "loss": 0.69235844, "lr": 2.22e-06, "params": 3973, "time_iter": 4.3844, "accuracy": 0.52, "precision": 0.52, "recall": 1.0, "f1": 0.68421, "auc": 0.51362}
{"epoch": 98, "time_epoch": 43.81624, "eta": 44.16227, "eta_hours": 0.01227, "loss": 0.69235867, "lr": 9.9e-07, "params": 3973, "time_iter": 4.38162, "accuracy": 0.52, "precision": 0.52, "recall": 1.0, "f1": 0.68421, "auc": 0.51113}
{"epoch": 99, "time_epoch": 43.77825, "eta": 0.0, "eta_hours": 0.0, "loss": 0.69235828, "lr": 2.5e-07, "params": 3973, "time_iter": 4.37782, "accuracy": 0.52, "precision": 0.52, "recall": 1.0, "f1": 0.68421, "auc": 0.51416}
