{"epoch": 9, "time_epoch": 9.9398, "time_epoch_std": 0.25181, "eta": 1079.18099, "eta_std": 404.21326, "eta_hours": 0.29977, "eta_hours_std": 0.11228, "loss": 0.56253, "loss_std": 0.00557, "lr": 0.00085, "lr_std": 0.00022, "params": 6697.0, "params_std": 0.0, "time_iter": 0.06761, "time_iter_std": 0.00171, "accuracy": 0.73427, "accuracy_std": 0.01404, "accuracy_max": 0.7534, "precision": 0.73005, "precision_std": 0.00804, "recall": 0.56585, "recall_std": 0.04331, "f1": 0.6368, "f1_std": 0.02994, "auc": 0.78461, "auc_std": 0.01536}
