{"epoch": 0, "time_epoch": 27.49983, "eta": 2722.4836, "eta_hours": 0.75625, "loss": 0.67177617, "lr": 0.001, "params": 5865, "time_iter": 0.21318, "accuracy": 0.60273, "precision": 0.60736, "recall": 0.59205, "f1": 0.59961, "auc": 0.64287}
{"epoch": 1, "time_epoch": 9.34598, "eta": 1805.44466, "eta_hours": 0.50151, "loss": 0.64095624, "lr": 0.00099975, "params": 5865, "time_iter": 0.07245, "accuracy": 0.6446, "precision": 0.64632, "recall": 0.64632, "f1": 0.64632, "auc": 0.689}
{"epoch": 2, "time_epoch": 9.17622, "eta": 1488.04556, "eta_hours": 0.41335, "loss": 0.62893963, "lr": 0.00099901, "params": 5865, "time_iter": 0.07113, "accuracy": 0.64362, "precision": 0.654, "recall": 0.61725, "f1": 0.63509, "auc": 0.7025}
{"epoch": 3, "time_epoch": 9.24771, "eta": 1326.47373, "eta_hours": 0.36846, "loss": 0.62636095, "lr": 0.00099778, "params": 5865, "time_iter": 0.07169, "accuracy": 0.64752, "precision": 0.66383, "recall": 0.60465, "f1": 0.63286, "auc": 0.70435}
{"epoch": 4, "time_epoch": 9.50722, "eta": 1230.76217, "eta_hours": 0.34188, "loss": 0.62644341, "lr": 0.00099606, "params": 5865, "time_iter": 0.0737, "accuracy": 0.64946, "precision": 0.66421, "recall": 0.61143, "f1": 0.63673, "auc": 0.70388}
{"epoch": 5, "time_epoch": 9.38744, "eta": 1161.90881, "eta_hours": 0.32275, "loss": 0.61519228, "lr": 0.00099384, "params": 5865, "time_iter": 0.07277, "accuracy": 0.66018, "precision": 0.6736, "recall": 0.62791, "f1": 0.64995, "auc": 0.71881}
{"epoch": 6, "time_epoch": 9.45683, "eta": 1110.96762, "eta_hours": 0.3086, "loss": 0.6120464, "lr": 0.00099114, "params": 5865, "time_iter": 0.07331, "accuracy": 0.66553, "precision": 0.68215, "recall": 0.62597, "f1": 0.65285, "auc": 0.72011}
{"epoch": 7, "time_epoch": 8.81648, "eta": 1063.0335, "eta_hours": 0.29529, "loss": 0.60622485, "lr": 0.00098796, "params": 5865, "time_iter": 0.06834, "accuracy": 0.65239, "precision": 0.65996, "recall": 0.63566, "f1": 0.64758, "auc": 0.72699}
{"epoch": 8, "time_epoch": 9.49627, "eta": 1030.66569, "eta_hours": 0.2863, "loss": 0.60228767, "lr": 0.00098429, "params": 5865, "time_iter": 0.07361, "accuracy": 0.66894, "precision": 0.68884, "recall": 0.62209, "f1": 0.65377, "auc": 0.72803}
{"epoch": 9, "time_epoch": 8.87902, "eta": 997.31691, "eta_hours": 0.27703, "loss": 0.60623043, "lr": 0.00098015, "params": 5865, "time_iter": 0.06883, "accuracy": 0.67137, "precision": 0.6968, "recall": 0.6124, "f1": 0.65188, "auc": 0.72621}
{"epoch": 10, "time_epoch": 10.1027, "eta": 978.31782, "eta_hours": 0.27175, "loss": 0.59847742, "lr": 0.00097553, "params": 5865, "time_iter": 0.07832, "accuracy": 0.67332, "precision": 0.70033, "recall": 0.61143, "f1": 0.65287, "auc": 0.7341}
{"epoch": 11, "time_epoch": 8.76923, "eta": 951.02273, "eta_hours": 0.26417, "loss": 0.59869698, "lr": 0.00097044, "params": 5865, "time_iter": 0.06798, "accuracy": 0.66456, "precision": 0.67846, "recall": 0.63178, "f1": 0.65429, "auc": 0.7349}
{"epoch": 12, "time_epoch": 8.90064, "eta": 927.45719, "eta_hours": 0.25763, "loss": 0.59289657, "lr": 0.00096489, "params": 5865, "time_iter": 0.069, "accuracy": 0.67868, "precision": 0.69957, "recall": 0.63178, "f1": 0.66395, "auc": 0.74192}
{"epoch": 13, "time_epoch": 9.74242, "eta": 911.15759, "eta_hours": 0.2531, "loss": 0.59574608, "lr": 0.00095888, "params": 5865, "time_iter": 0.07552, "accuracy": 0.67186, "precision": 0.68378, "recall": 0.64535, "f1": 0.66401, "auc": 0.73921}
{"epoch": 14, "time_epoch": 8.88405, "eta": 890.86817, "eta_hours": 0.24746, "loss": 0.5854033, "lr": 0.00095241, "params": 5865, "time_iter": 0.06887, "accuracy": 0.68647, "precision": 0.71413, "recall": 0.62694, "f1": 0.6677, "auc": 0.74993}
{"epoch": 15, "time_epoch": 22.00612, "eta": 940.89528, "eta_hours": 0.26136, "loss": 0.58749589, "lr": 0.0009455, "params": 5865, "time_iter": 0.17059, "accuracy": 0.67235, "precision": 0.6864, "recall": 0.6405, "f1": 0.66266, "auc": 0.74968}
{"epoch": 16, "time_epoch": 19.97433, "eta": 972.52798, "eta_hours": 0.27015, "loss": 0.58717405, "lr": 0.00093815, "params": 5865, "time_iter": 0.15484, "accuracy": 0.68062, "precision": 0.69958, "recall": 0.63857, "f1": 0.66768, "auc": 0.74845}
{"epoch": 17, "time_epoch": 19.97084, "eta": 998.41069, "eta_hours": 0.27734, "loss": 0.58256631, "lr": 0.00093037, "params": 5865, "time_iter": 0.15481, "accuracy": 0.67089, "precision": 0.6956, "recall": 0.61337, "f1": 0.65191, "auc": 0.75046}
{"epoch": 18, "time_epoch": 21.34229, "eta": 1025.31342, "eta_hours": 0.28481, "loss": 0.58229512, "lr": 0.00092216, "params": 5865, "time_iter": 0.16544, "accuracy": 0.68939, "precision": 0.7065, "recall": 0.6531, "f1": 0.67875, "auc": 0.75327}
{"epoch": 19, "time_epoch": 17.39987, "eta": 1031.62196, "eta_hours": 0.28656, "loss": 0.58090842, "lr": 0.00091354, "params": 5865, "time_iter": 0.13488, "accuracy": 0.68549, "precision": 0.70062, "recall": 0.6531, "f1": 0.67603, "auc": 0.75652}
{"epoch": 20, "time_epoch": 17.31739, "eta": 1035.36226, "eta_hours": 0.2876, "loss": 0.57667592, "lr": 0.00090451, "params": 5865, "time_iter": 0.13424, "accuracy": 0.68014, "precision": 0.69231, "recall": 0.65407, "f1": 0.67265, "auc": 0.76025}
{"epoch": 21, "time_epoch": 18.02019, "eta": 1039.67997, "eta_hours": 0.2888, "loss": 0.58098136, "lr": 0.00089508, "params": 5865, "time_iter": 0.13969, "accuracy": 0.69133, "precision": 0.70515, "recall": 0.66279, "f1": 0.68332, "auc": 0.75964}
{"epoch": 22, "time_epoch": 17.46988, "eta": 1040.21292, "eta_hours": 0.28895, "loss": 0.57676494, "lr": 0.00088526, "params": 5865, "time_iter": 0.13543, "accuracy": 0.68793, "precision": 0.7001, "recall": 0.66279, "f1": 0.68094, "auc": 0.7611}
{"epoch": 23, "time_epoch": 18.91228, "eta": 1043.81324, "eta_hours": 0.28995, "loss": 0.57410406, "lr": 0.00087506, "params": 5865, "time_iter": 0.14661, "accuracy": 0.69328, "precision": 0.69901, "recall": 0.68411, "f1": 0.69148, "auc": 0.76796}
{"epoch": 24, "time_epoch": 18.32494, "eta": 1043.85053, "eta_hours": 0.28996, "loss": 0.5708692, "lr": 0.00086448, "params": 5865, "time_iter": 0.14205, "accuracy": 0.68647, "precision": 0.69361, "recall": 0.67345, "f1": 0.68338, "auc": 0.77086}
{"epoch": 25, "time_epoch": 17.60979, "eta": 1040.4399, "eta_hours": 0.28901, "loss": 0.55918772, "lr": 0.00085355, "params": 5865, "time_iter": 0.13651, "accuracy": 0.70253, "precision": 0.71859, "recall": 0.67054, "f1": 0.69373, "auc": 0.78077}
{"epoch": 26, "time_epoch": 15.41533, "eta": 1030.04431, "eta_hours": 0.28612, "loss": 0.56744066, "lr": 0.00084227, "params": 5865, "time_iter": 0.1195, "accuracy": 0.70545, "precision": 0.71675, "recall": 0.68411, "f1": 0.70005, "auc": 0.77764}
{"epoch": 27, "time_epoch": 8.88634, "eta": 1002.50135, "eta_hours": 0.27847, "loss": 0.56505046, "lr": 0.00083066, "params": 5865, "time_iter": 0.06889, "accuracy": 0.7074, "precision": 0.70862, "recall": 0.7093, "f1": 0.70896, "auc": 0.77964}
{"epoch": 28, "time_epoch": 9.08928, "eta": 976.7419, "eta_hours": 0.27132, "loss": 0.55958093, "lr": 0.00081871, "params": 5865, "time_iter": 0.07046, "accuracy": 0.70448, "precision": 0.70895, "recall": 0.69864, "f1": 0.70376, "auc": 0.78054}
{"epoch": 29, "time_epoch": 9.53476, "eta": 953.13323, "eta_hours": 0.26476, "loss": 0.55291486, "lr": 0.00080645, "params": 5865, "time_iter": 0.07391, "accuracy": 0.71665, "precision": 0.73006, "recall": 0.69186, "f1": 0.71045, "auc": 0.79183}
{"epoch": 30, "time_epoch": 9.42453, "eta": 930.18723, "eta_hours": 0.25839, "loss": 0.55459521, "lr": 0.00079389, "params": 5865, "time_iter": 0.07306, "accuracy": 0.71227, "precision": 0.70285, "recall": 0.74031, "f1": 0.72109, "auc": 0.78829}
{"epoch": 31, "time_epoch": 8.90049, "eta": 906.97273, "eta_hours": 0.25194, "loss": 0.54593305, "lr": 0.00078104, "params": 5865, "time_iter": 0.069, "accuracy": 0.71373, "precision": 0.7198, "recall": 0.70446, "f1": 0.71205, "auc": 0.79586}
{"epoch": 32, "time_epoch": 9.15492, "eta": 885.14232, "eta_hours": 0.24587, "loss": 0.54949958, "lr": 0.00076791, "params": 5865, "time_iter": 0.07097, "accuracy": 0.7186, "precision": 0.72082, "recall": 0.71802, "f1": 0.71942, "auc": 0.79551}
{"epoch": 33, "time_epoch": 9.51537, "eta": 864.75723, "eta_hours": 0.24021, "loss": 0.54851978, "lr": 0.00075452, "params": 5865, "time_iter": 0.07376, "accuracy": 0.73759, "precision": 0.74824, "recall": 0.71996, "f1": 0.73383, "auc": 0.79651}
{"epoch": 34, "time_epoch": 9.15109, "eta": 844.31674, "eta_hours": 0.23453, "loss": 0.55213125, "lr": 0.00074088, "params": 5865, "time_iter": 0.07094, "accuracy": 0.71665, "precision": 0.71593, "recall": 0.72287, "f1": 0.71938, "auc": 0.79001}
{"epoch": 35, "time_epoch": 9.19883, "eta": 824.5883, "eta_hours": 0.22905, "loss": 0.54445272, "lr": 0.000727, "params": 5865, "time_iter": 0.07131, "accuracy": 0.72006, "precision": 0.72782, "recall": 0.70736, "f1": 0.71744, "auc": 0.79645}
{"epoch": 36, "time_epoch": 9.65719, "eta": 806.20948, "eta_hours": 0.22395, "loss": 0.544956, "lr": 0.00071289, "params": 5865, "time_iter": 0.07486, "accuracy": 0.72201, "precision": 0.72844, "recall": 0.71221, "f1": 0.72024, "auc": 0.79586}
{"epoch": 37, "time_epoch": 9.18273, "eta": 787.51559, "eta_hours": 0.21875, "loss": 0.54227834, "lr": 0.00069857, "params": 5865, "time_iter": 0.07118, "accuracy": 0.72882, "precision": 0.73081, "recall": 0.72868, "f1": 0.72974, "auc": 0.80232}
{"epoch": 38, "time_epoch": 9.52703, "eta": 769.84796, "eta_hours": 0.21385, "loss": 0.53819714, "lr": 0.00068406, "params": 5865, "time_iter": 0.07385, "accuracy": 0.72493, "precision": 0.7278, "recall": 0.72287, "f1": 0.72533, "auc": 0.80511}
{"epoch": 39, "time_epoch": 9.26413, "eta": 752.193, "eta_hours": 0.20894, "loss": 0.5406241, "lr": 0.00066937, "params": 5865, "time_iter": 0.07181, "accuracy": 0.72395, "precision": 0.72683, "recall": 0.7219, "f1": 0.72436, "auc": 0.80268}
{"epoch": 40, "time_epoch": 9.06878, "eta": 734.66624, "eta_hours": 0.20407, "loss": 0.53994604, "lr": 0.00065451, "params": 5865, "time_iter": 0.0703, "accuracy": 0.72687, "precision": 0.72798, "recall": 0.72868, "f1": 0.72833, "auc": 0.80467}
{"epoch": 41, "time_epoch": 9.43158, "eta": 718.04325, "eta_hours": 0.19946, "loss": 0.53734922, "lr": 0.0006395, "params": 5865, "time_iter": 0.07311, "accuracy": 0.72201, "precision": 0.72709, "recall": 0.71512, "f1": 0.72106, "auc": 0.80663}
{"epoch": 42, "time_epoch": 9.83247, "eta": 702.28616, "eta_hours": 0.19508, "loss": 0.52254218, "lr": 0.00062434, "params": 5865, "time_iter": 0.07622, "accuracy": 0.74099, "precision": 0.73629, "recall": 0.75484, "f1": 0.74545, "auc": 0.8186}
{"epoch": 43, "time_epoch": 9.70357, "eta": 686.63432, "eta_hours": 0.19073, "loss": 0.53187942, "lr": 0.00060907, "params": 5865, "time_iter": 0.07522, "accuracy": 0.73807, "precision": 0.74216, "recall": 0.73353, "f1": 0.73782, "auc": 0.80992}
{"epoch": 44, "time_epoch": 8.91387, "eta": 670.28166, "eta_hours": 0.18619, "loss": 0.53658544, "lr": 0.00059369, "params": 5865, "time_iter": 0.0691, "accuracy": 0.72833, "precision": 0.73145, "recall": 0.72578, "f1": 0.7286, "auc": 0.80908}
{"epoch": 45, "time_epoch": 9.41406, "eta": 654.83961, "eta_hours": 0.1819, "loss": 0.53467802, "lr": 0.00057822, "params": 5865, "time_iter": 0.07298, "accuracy": 0.7332, "precision": 0.72873, "recall": 0.74709, "f1": 0.7378, "auc": 0.80786}
{"epoch": 46, "time_epoch": 8.94689, "eta": 639.12725, "eta_hours": 0.17754, "loss": 0.52662324, "lr": 0.00056267, "params": 5865, "time_iter": 0.06936, "accuracy": 0.74051, "precision": 0.74533, "recall": 0.7345, "f1": 0.73987, "auc": 0.8163}
{"epoch": 47, "time_epoch": 9.63719, "eta": 624.44462, "eta_hours": 0.17346, "loss": 0.53299393, "lr": 0.00054705, "params": 5865, "time_iter": 0.07471, "accuracy": 0.73223, "precision": 0.72865, "recall": 0.74419, "f1": 0.73634, "auc": 0.80992}
{"epoch": 48, "time_epoch": 9.93725, "eta": 610.28022, "eta_hours": 0.16952, "loss": 0.53064796, "lr": 0.0005314, "params": 5865, "time_iter": 0.07703, "accuracy": 0.72833, "precision": 0.72443, "recall": 0.74128, "f1": 0.73276, "auc": 0.81291}
{"epoch": 49, "time_epoch": 8.84036, "eta": 595.18802, "eta_hours": 0.16533, "loss": 0.52974847, "lr": 0.00051571, "params": 5865, "time_iter": 0.06853, "accuracy": 0.73661, "precision": 0.73493, "recall": 0.74419, "f1": 0.73953, "auc": 0.81235}
{"epoch": 50, "time_epoch": 9.34267, "eta": 580.8236, "eta_hours": 0.16134, "loss": 0.53191175, "lr": 0.0005, "params": 5865, "time_iter": 0.07242, "accuracy": 0.73272, "precision": 0.72934, "recall": 0.74419, "f1": 0.73669, "auc": 0.81035}
{"epoch": 51, "time_epoch": 9.36402, "eta": 566.67203, "eta_hours": 0.15741, "loss": 0.52961834, "lr": 0.00048429, "params": 5865, "time_iter": 0.07259, "accuracy": 0.7332, "precision": 0.73404, "recall": 0.73547, "f1": 0.73475, "auc": 0.8149}
{"epoch": 52, "time_epoch": 9.15634, "eta": 552.51696, "eta_hours": 0.15348, "loss": 0.52615737, "lr": 0.0004686, "params": 5865, "time_iter": 0.07098, "accuracy": 0.73126, "precision": 0.73301, "recall": 0.73159, "f1": 0.7323, "auc": 0.81487}
{"epoch": 53, "time_epoch": 9.13305, "eta": 538.52719, "eta_hours": 0.14959, "loss": 0.52878999, "lr": 0.00045295, "params": 5865, "time_iter": 0.0708, "accuracy": 0.73661, "precision": 0.73008, "recall": 0.75484, "f1": 0.74226, "auc": 0.81369}
{"epoch": 54, "time_epoch": 8.58347, "eta": 524.26436, "eta_hours": 0.14563, "loss": 0.52143454, "lr": 0.00043733, "params": 5865, "time_iter": 0.06654, "accuracy": 0.74732, "precision": 0.7413, "recall": 0.76357, "f1": 0.75227, "auc": 0.81965}
{"epoch": 55, "time_epoch": 9.21028, "eta": 510.69687, "eta_hours": 0.14186, "loss": 0.52813841, "lr": 0.00042178, "params": 5865, "time_iter": 0.0714, "accuracy": 0.7332, "precision": 0.73679, "recall": 0.72965, "f1": 0.7332, "auc": 0.81571}
{"epoch": 56, "time_epoch": 9.05758, "eta": 497.16707, "eta_hours": 0.1381, "loss": 0.52615903, "lr": 0.00040631, "params": 5865, "time_iter": 0.07021, "accuracy": 0.74099, "precision": 0.73585, "recall": 0.75581, "f1": 0.7457, "auc": 0.81459}
{"epoch": 57, "time_epoch": 8.5432, "eta": 483.419, "eta_hours": 0.13428, "loss": 0.51709211, "lr": 0.00039093, "params": 5865, "time_iter": 0.06623, "accuracy": 0.74197, "precision": 0.73996, "recall": 0.75, "f1": 0.74495, "auc": 0.82023}
{"epoch": 58, "time_epoch": 8.59343, "eta": 469.88227, "eta_hours": 0.13052, "loss": 0.51751031, "lr": 0.00037566, "params": 5865, "time_iter": 0.06662, "accuracy": 0.74976, "precision": 0.74573, "recall": 0.76163, "f1": 0.7536, "auc": 0.82484}
{"epoch": 59, "time_epoch": 9.09967, "eta": 456.84781, "eta_hours": 0.1269, "loss": 0.51473311, "lr": 0.0003605, "params": 5865, "time_iter": 0.07054, "accuracy": 0.74245, "precision": 0.73439, "recall": 0.76357, "f1": 0.74869, "auc": 0.82269}
{"epoch": 60, "time_epoch": 9.74666, "eta": 444.35601, "eta_hours": 0.12343, "loss": 0.52052811, "lr": 0.00034549, "params": 5865, "time_iter": 0.07556, "accuracy": 0.74684, "precision": 0.75498, "recall": 0.7345, "f1": 0.7446, "auc": 0.82333}
{"epoch": 61, "time_epoch": 9.11007, "eta": 431.56259, "eta_hours": 0.11988, "loss": 0.52755775, "lr": 0.00033063, "params": 5865, "time_iter": 0.07062, "accuracy": 0.74002, "precision": 0.74035, "recall": 0.74322, "f1": 0.74178, "auc": 0.81557}
{"epoch": 62, "time_epoch": 9.45595, "eta": 419.08924, "eta_hours": 0.11641, "loss": 0.5152338, "lr": 0.00031594, "params": 5865, "time_iter": 0.0733, "accuracy": 0.74489, "precision": 0.74144, "recall": 0.75581, "f1": 0.74856, "auc": 0.82555}
{"epoch": 63, "time_epoch": 9.52461, "eta": 406.74881, "eta_hours": 0.11299, "loss": 0.51423464, "lr": 0.00030143, "params": 5865, "time_iter": 0.07383, "accuracy": 0.74002, "precision": 0.74175, "recall": 0.74031, "f1": 0.74103, "auc": 0.82631}
{"epoch": 64, "time_epoch": 9.06072, "eta": 394.24523, "eta_hours": 0.10951, "loss": 0.5162129, "lr": 0.00028711, "params": 5865, "time_iter": 0.07024, "accuracy": 0.7371, "precision": 0.73791, "recall": 0.73934, "f1": 0.73863, "auc": 0.8237}
{"epoch": 65, "time_epoch": 10.00169, "eta": 382.33072, "eta_hours": 0.1062, "loss": 0.51153703, "lr": 0.000273, "params": 5865, "time_iter": 0.07753, "accuracy": 0.75803, "precision": 0.76047, "recall": 0.75678, "f1": 0.75862, "auc": 0.82867}
{"epoch": 66, "time_epoch": 9.67313, "eta": 370.31148, "eta_hours": 0.10286, "loss": 0.51180022, "lr": 0.00025912, "params": 5865, "time_iter": 0.07499, "accuracy": 0.75024, "precision": 0.7517, "recall": 0.75097, "f1": 0.75133, "auc": 0.82771}
{"epoch": 67, "time_epoch": 9.33972, "eta": 358.20435, "eta_hours": 0.0995, "loss": 0.51507731, "lr": 0.00024548, "params": 5865, "time_iter": 0.0724, "accuracy": 0.7556, "precision": 0.75481, "recall": 0.76066, "f1": 0.75772, "auc": 0.82716}
{"epoch": 68, "time_epoch": 9.71444, "eta": 346.34579, "eta_hours": 0.09621, "loss": 0.50975082, "lr": 0.00023209, "params": 5865, "time_iter": 0.07531, "accuracy": 0.74586, "precision": 0.74057, "recall": 0.76066, "f1": 0.75048, "auc": 0.82727}
{"epoch": 69, "time_epoch": 8.66046, "eta": 334.09678, "eta_hours": 0.0928, "loss": 0.5128594, "lr": 0.00021896, "params": 5865, "time_iter": 0.06714, "accuracy": 0.74051, "precision": 0.7406, "recall": 0.74419, "f1": 0.74239, "auc": 0.82831}
{"epoch": 70, "time_epoch": 9.81328, "eta": 322.41973, "eta_hours": 0.08956, "loss": 0.5031396, "lr": 0.00020611, "params": 5865, "time_iter": 0.07607, "accuracy": 0.75609, "precision": 0.75071, "recall": 0.77035, "f1": 0.7604, "auc": 0.83433}
{"epoch": 71, "time_epoch": 9.03036, "eta": 310.48998, "eta_hours": 0.08625, "loss": 0.51160308, "lr": 0.00019355, "params": 5865, "time_iter": 0.07, "accuracy": 0.75024, "precision": 0.74738, "recall": 0.75969, "f1": 0.75348, "auc": 0.82815}
{"epoch": 72, "time_epoch": 9.37808, "eta": 298.76827, "eta_hours": 0.08299, "loss": 0.50294977, "lr": 0.00018129, "params": 5865, "time_iter": 0.0727, "accuracy": 0.76193, "precision": 0.76436, "recall": 0.76066, "f1": 0.76251, "auc": 0.83519}
{"epoch": 73, "time_epoch": 8.98431, "eta": 286.97155, "eta_hours": 0.07971, "loss": 0.5163371, "lr": 0.00016934, "params": 5865, "time_iter": 0.06965, "accuracy": 0.74586, "precision": 0.73832, "recall": 0.7655, "f1": 0.75167, "auc": 0.826}
{"epoch": 74, "time_epoch": 9.57786, "eta": 275.44768, "eta_hours": 0.07651, "loss": 0.51133856, "lr": 0.00015773, "params": 5865, "time_iter": 0.07425, "accuracy": 0.74781, "precision": 0.74664, "recall": 0.75388, "f1": 0.75024, "auc": 0.82952}
{"epoch": 75, "time_epoch": 8.74491, "eta": 263.71199, "eta_hours": 0.07325, "loss": 0.51317808, "lr": 0.00014645, "params": 5865, "time_iter": 0.06779, "accuracy": 0.7483, "precision": 0.73733, "recall": 0.77519, "f1": 0.75579, "auc": 0.82759}
{"epoch": 76, "time_epoch": 9.13831, "eta": 252.17148, "eta_hours": 0.07005, "loss": 0.51686428, "lr": 0.00013552, "params": 5865, "time_iter": 0.07084, "accuracy": 0.75268, "precision": 0.75048, "recall": 0.76066, "f1": 0.75553, "auc": 0.82421}
{"epoch": 77, "time_epoch": 9.20065, "eta": 240.71016, "eta_hours": 0.06686, "loss": 0.51052705, "lr": 0.00012494, "params": 5865, "time_iter": 0.07132, "accuracy": 0.75073, "precision": 0.75292, "recall": 0.75, "f1": 0.75146, "auc": 0.82788}
{"epoch": 78, "time_epoch": 9.28467, "eta": 229.3284, "eta_hours": 0.0637, "loss": 0.51202091, "lr": 0.00011474, "params": 5865, "time_iter": 0.07197, "accuracy": 0.75463, "precision": 0.75, "recall": 0.76744, "f1": 0.75862, "auc": 0.82987}
{"epoch": 79, "time_epoch": 9.00049, "eta": 217.92802, "eta_hours": 0.06054, "loss": 0.51113815, "lr": 0.00010492, "params": 5865, "time_iter": 0.06977, "accuracy": 0.75268, "precision": 0.74905, "recall": 0.76357, "f1": 0.75624, "auc": 0.82817}
{"epoch": 80, "time_epoch": 9.06685, "eta": 206.60247, "eta_hours": 0.05739, "loss": 0.50455718, "lr": 9.549e-05, "params": 5865, "time_iter": 0.07029, "accuracy": 0.74732, "precision": 0.74085, "recall": 0.76453, "f1": 0.7525, "auc": 0.8328}
{"epoch": 81, "time_epoch": 9.1289, "eta": 195.34562, "eta_hours": 0.05426, "loss": 0.51150322, "lr": 8.646e-05, "params": 5865, "time_iter": 0.07077, "accuracy": 0.74537, "precision": 0.73674, "recall": 0.76744, "f1": 0.75178, "auc": 0.82896}
{"epoch": 82, "time_epoch": 9.3539, "eta": 184.18614, "eta_hours": 0.05116, "loss": 0.50302383, "lr": 7.784e-05, "params": 5865, "time_iter": 0.07251, "accuracy": 0.75414, "precision": 0.75312, "recall": 0.75969, "f1": 0.75639, "auc": 0.83551}
{"epoch": 83, "time_epoch": 9.66452, "eta": 173.12881, "eta_hours": 0.04809, "loss": 0.50699043, "lr": 6.963e-05, "params": 5865, "time_iter": 0.07492, "accuracy": 0.7556, "precision": 0.7472, "recall": 0.77616, "f1": 0.76141, "auc": 0.83024}
{"epoch": 84, "time_epoch": 9.80568, "eta": 162.12916, "eta_hours": 0.04504, "loss": 0.50108011, "lr": 6.185e-05, "params": 5865, "time_iter": 0.07601, "accuracy": 0.76339, "precision": 0.76149, "recall": 0.77035, "f1": 0.7659, "auc": 0.83657}
{"epoch": 85, "time_epoch": 9.83819, "eta": 151.16258, "eta_hours": 0.04199, "loss": 0.50290376, "lr": 5.45e-05, "params": 5865, "time_iter": 0.07627, "accuracy": 0.75657, "precision": 0.74767, "recall": 0.7781, "f1": 0.76258, "auc": 0.83555}
{"epoch": 86, "time_epoch": 9.07597, "eta": 140.10804, "eta_hours": 0.03892, "loss": 0.49905383, "lr": 4.759e-05, "params": 5865, "time_iter": 0.07036, "accuracy": 0.75998, "precision": 0.75449, "recall": 0.77422, "f1": 0.76423, "auc": 0.83832}
{"epoch": 87, "time_epoch": 8.91933, "eta": 129.0771, "eta_hours": 0.03585, "loss": 0.50969901, "lr": 4.112e-05, "params": 5865, "time_iter": 0.06914, "accuracy": 0.76388, "precision": 0.75875, "recall": 0.77713, "f1": 0.76783, "auc": 0.83149}
{"epoch": 88, "time_epoch": 9.37083, "eta": 118.14942, "eta_hours": 0.03282, "loss": 0.5083146, "lr": 3.511e-05, "params": 5865, "time_iter": 0.07264, "accuracy": 0.76193, "precision": 0.75023, "recall": 0.78876, "f1": 0.76901, "auc": 0.83129}
{"epoch": 89, "time_epoch": 9.44759, "eta": 107.26487, "eta_hours": 0.0298, "loss": 0.50588838, "lr": 2.956e-05, "params": 5865, "time_iter": 0.07324, "accuracy": 0.75998, "precision": 0.74977, "recall": 0.78391, "f1": 0.76646, "auc": 0.83257}
{"epoch": 90, "time_epoch": 8.92802, "eta": 96.36051, "eta_hours": 0.02677, "loss": 0.51370839, "lr": 2.447e-05, "params": 5865, "time_iter": 0.06921, "accuracy": 0.74148, "precision": 0.73259, "recall": 0.76453, "f1": 0.74822, "auc": 0.82618}
{"epoch": 91, "time_epoch": 9.01747, "eta": 85.5069, "eta_hours": 0.02375, "loss": 0.50168576, "lr": 1.985e-05, "params": 5865, "time_iter": 0.0699, "accuracy": 0.75219, "precision": 0.74834, "recall": 0.76357, "f1": 0.75588, "auc": 0.83342}
{"epoch": 92, "time_epoch": 9.11982, "eta": 74.70047, "eta_hours": 0.02075, "loss": 0.5074744, "lr": 1.571e-05, "params": 5865, "time_iter": 0.0707, "accuracy": 0.75219, "precision": 0.74834, "recall": 0.76357, "f1": 0.75588, "auc": 0.83281}
{"epoch": 93, "time_epoch": 9.53072, "eta": 63.95616, "eta_hours": 0.01777, "loss": 0.50139814, "lr": 1.204e-05, "params": 5865, "time_iter": 0.07388, "accuracy": 0.76144, "precision": 0.75422, "recall": 0.77907, "f1": 0.76644, "auc": 0.8375}
{"epoch": 94, "time_epoch": 8.54974, "eta": 53.18577, "eta_hours": 0.01477, "loss": 0.50120041, "lr": 8.86e-06, "params": 5865, "time_iter": 0.06628, "accuracy": 0.7629, "precision": 0.76077, "recall": 0.77035, "f1": 0.76553, "auc": 0.83661}
{"epoch": 95, "time_epoch": 7.99077, "eta": 42.43835, "eta_hours": 0.01179, "loss": 0.50534848, "lr": 6.16e-06, "params": 5865, "time_iter": 0.06194, "accuracy": 0.76241, "precision": 0.75516, "recall": 0.78004, "f1": 0.7674, "auc": 0.83532}
{"epoch": 96, "time_epoch": 9.47631, "eta": 31.79371, "eta_hours": 0.00883, "loss": 0.50671767, "lr": 3.94e-06, "params": 5865, "time_iter": 0.07346, "accuracy": 0.74976, "precision": 0.74026, "recall": 0.77326, "f1": 0.7564, "auc": 0.83077}
{"epoch": 97, "time_epoch": 9.63611, "eta": 21.17618, "eta_hours": 0.00588, "loss": 0.50960815, "lr": 2.22e-06, "params": 5865, "time_iter": 0.0747, "accuracy": 0.7556, "precision": 0.7519, "recall": 0.76647, "f1": 0.75912, "auc": 0.83201}
{"epoch": 98, "time_epoch": 9.12863, "eta": 10.57335, "eta_hours": 0.00294, "loss": 0.49666836, "lr": 9.9e-07, "params": 5865, "time_iter": 0.07076, "accuracy": 0.7629, "precision": 0.75928, "recall": 0.77326, "f1": 0.7662, "auc": 0.84118}
{"epoch": 99, "time_epoch": 9.53846, "eta": 0.0, "eta_hours": 0.0, "loss": 0.5011383, "lr": 2.5e-07, "params": 5865, "time_iter": 0.07394, "accuracy": 0.76047, "precision": 0.7552, "recall": 0.77422, "f1": 0.76459, "auc": 0.83712}
