{"epoch": 0, "time_epoch": 0.92606, "time_epoch_std": 0.0, "eta": 91.67958, "eta_std": 0.0, "eta_hours": 0.02547, "eta_hours_std": 0.0, "loss": 0.69298, "loss_std": 0.0, "lr": 0.001, "lr_std": 0.0, "params": 9207.0, "params_std": 0.0, "time_iter": 0.30869, "time_iter_std": 0.0, "accuracy": 0.52381, "accuracy_std": 0.0, "precision": 0.0, "precision_std": 0.0, "recall": 0.0, "recall_std": 0.0, "f1": 0.0, "f1_std": 0.0, "auc": 0.41136, "auc_std": 0.0}
{"epoch": 1, "time_epoch": 2.08125, "time_epoch_std": 0.0, "eta": 147.35815, "eta_std": 0.0, "eta_hours": 0.04093, "eta_hours_std": 0.0, "loss": 0.69276, "loss_std": 0.0, "lr": 0.001, "lr_std": 0.0, "params": 9207.0, "params_std": 0.0, "time_iter": 0.69375, "time_iter_std": 0.0, "accuracy": 0.52381, "accuracy_std": 0.0, "precision": 0.0, "precision_std": 0.0, "recall": 0.0, "recall_std": 0.0, "f1": 0.0, "f1_std": 0.0, "auc": 0.52273, "auc_std": 0.0}
{"epoch": 2, "time_epoch": 2.0496, "time_epoch_std": 0.0, "eta": 163.5066, "eta_std": 0.0, "eta_hours": 0.04542, "eta_hours_std": 0.0, "loss": 0.69271, "loss_std": 0.0, "lr": 0.001, "lr_std": 0.0, "params": 9207.0, "params_std": 0.0, "time_iter": 0.6832, "time_iter_std": 0.0, "accuracy": 0.52381, "accuracy_std": 0.0, "precision": 0.0, "precision_std": 0.0, "recall": 0.0, "recall_std": 0.0, "f1": 0.0, "f1_std": 0.0, "auc": 0.44773, "auc_std": 0.0}
{"epoch": 3, "time_epoch": 2.0489, "time_epoch_std": 0.0, "eta": 170.53923, "eta_std": 0.0, "eta_hours": 0.04737, "eta_hours_std": 0.0, "loss": 0.69229, "loss_std": 0.0, "lr": 0.001, "lr_std": 0.0, "params": 9207.0, "params_std": 0.0, "time_iter": 0.68297, "time_iter_std": 0.0, "accuracy": 0.52381, "accuracy_std": 0.0, "precision": 0.0, "precision_std": 0.0, "recall": 0.0, "recall_std": 0.0, "f1": 0.0, "f1_std": 0.0, "auc": 0.675, "auc_std": 0.0}
{"epoch": 4, "time_epoch": 2.04158, "time_epoch_std": 0.0, "eta": 173.80022, "eta_std": 0.0, "eta_hours": 0.04828, "eta_hours_std": 0.0, "loss": 0.69196, "loss_std": 0.0, "lr": 0.001, "lr_std": 0.0, "params": 9207.0, "params_std": 0.0, "time_iter": 0.68053, "time_iter_std": 0.0, "accuracy": 0.52381, "accuracy_std": 0.0, "precision": 0.0, "precision_std": 0.0, "recall": 0.0, "recall_std": 0.0, "f1": 0.0, "f1_std": 0.0, "auc": 0.77727, "auc_std": 0.0}
{"epoch": 5, "time_epoch": 2.03221, "time_epoch_std": 0.0, "eta": 175.14698, "eta_std": 0.0, "eta_hours": 0.04865, "eta_hours_std": 0.0, "loss": 0.6919, "loss_std": 0.0, "lr": 0.00099, "lr_std": 0.0, "params": 9207.0, "params_std": 0.0, "time_iter": 0.6774, "time_iter_std": 0.0, "accuracy": 0.52381, "accuracy_std": 0.0, "precision": 0.0, "precision_std": 0.0, "recall": 0.0, "recall_std": 0.0, "f1": 0.0, "f1_std": 0.0, "auc": 0.67386, "auc_std": 0.0}
{"epoch": 6, "time_epoch": 2.07224, "time_epoch_std": 0.0, "eta": 176.06012, "eta_std": 0.0, "eta_hours": 0.04891, "eta_hours_std": 0.0, "loss": 0.69076, "loss_std": 0.0, "lr": 0.00099, "lr_std": 0.0, "params": 9207.0, "params_std": 0.0, "time_iter": 0.69075, "time_iter_std": 0.0, "accuracy": 0.52381, "accuracy_std": 0.0, "precision": 0.0, "precision_std": 0.0, "recall": 0.0, "recall_std": 0.0, "f1": 0.0, "f1_std": 0.0, "auc": 0.825, "auc_std": 0.0}
{"epoch": 7, "time_epoch": 0.76176, "time_epoch_std": 0.0, "eta": 161.15632, "eta_std": 0.0, "eta_hours": 0.04477, "eta_hours_std": 0.0, "loss": 0.69023, "loss_std": 0.0, "lr": 0.00099, "lr_std": 0.0, "params": 9207.0, "params_std": 0.0, "time_iter": 0.25392, "time_iter_std": 0.0, "accuracy": 0.52381, "accuracy_std": 0.0, "precision": 0.0, "precision_std": 0.0, "recall": 0.0, "recall_std": 0.0, "f1": 0.0, "f1_std": 0.0, "auc": 0.81591, "auc_std": 0.0}
{"epoch": 8, "time_epoch": 0.12266, "time_epoch_std": 0.0, "eta": 142.9332, "eta_std": 0.0, "eta_hours": 0.0397, "eta_hours_std": 0.0, "loss": 0.68921, "loss_std": 0.0, "lr": 0.00098, "lr_std": 0.0, "params": 9207.0, "params_std": 0.0, "time_iter": 0.04089, "time_iter_std": 0.0, "accuracy": 0.52381, "accuracy_std": 0.0, "precision": 0.0, "precision_std": 0.0, "recall": 0.0, "recall_std": 0.0, "f1": 0.0, "f1_std": 0.0, "auc": 0.84091, "auc_std": 0.0}
{"epoch": 9, "time_epoch": 0.12057, "time_epoch_std": 0.0, "eta": 128.31138, "eta_std": 0.0, "eta_hours": 0.03564, "eta_hours_std": 0.0, "loss": 0.68721, "loss_std": 0.0, "lr": 0.00098, "lr_std": 0.0, "params": 9207.0, "params_std": 0.0, "time_iter": 0.04019, "time_iter_std": 0.0, "accuracy": 0.52381, "accuracy_std": 0.0, "precision": 0.0, "precision_std": 0.0, "recall": 0.0, "recall_std": 0.0, "f1": 0.0, "f1_std": 0.0, "auc": 0.87955, "auc_std": 0.0}
{"epoch": 10, "time_epoch": 0.13136, "time_epoch_std": 0.0, "eta": 116.41346, "eta_std": 0.0, "eta_hours": 0.03234, "eta_hours_std": 0.0, "loss": 0.68653, "loss_std": 0.0, "lr": 0.00098, "lr_std": 0.0, "params": 9207.0, "params_std": 0.0, "time_iter": 0.04379, "time_iter_std": 0.0, "accuracy": 0.52381, "accuracy_std": 0.0, "precision": 0.0, "precision_std": 0.0, "recall": 0.0, "recall_std": 0.0, "f1": 0.0, "f1_std": 0.0, "auc": 0.85682, "auc_std": 0.0}
{"epoch": 11, "time_epoch": 0.1326, "time_epoch_std": 0.0, "eta": 106.48575, "eta_std": 0.0, "eta_hours": 0.02958, "eta_hours_std": 0.0, "loss": 0.68513, "loss_std": 0.0, "lr": 0.00097, "lr_std": 0.0, "params": 9207.0, "params_std": 0.0, "time_iter": 0.0442, "time_iter_std": 0.0, "accuracy": 0.57143, "accuracy_std": 0.0, "precision": 1.0, "precision_std": 0.0, "recall": 0.1, "recall_std": 0.0, "f1": 0.18182, "f1_std": 0.0, "auc": 0.83182, "auc_std": 0.0}
{"epoch": 12, "time_epoch": 0.1297, "time_epoch_std": 0.0, "eta": 98.04557, "eta_std": 0.0, "eta_hours": 0.02723, "eta_hours_std": 0.0, "loss": 0.68187, "loss_std": 0.0, "lr": 0.00096, "lr_std": 0.0, "params": 9207.0, "params_std": 0.0, "time_iter": 0.04323, "time_iter_std": 0.0, "accuracy": 0.61905, "accuracy_std": 0.0, "precision": 1.0, "precision_std": 0.0, "recall": 0.2, "recall_std": 0.0, "f1": 0.33333, "f1_std": 0.0, "auc": 0.84318, "auc_std": 0.0}
{"epoch": 13, "time_epoch": 0.12782, "time_epoch_std": 0.0, "eta": 90.78103, "eta_std": 0.0, "eta_hours": 0.02522, "eta_hours_std": 0.0, "loss": 0.67784, "loss_std": 0.0, "lr": 0.00096, "lr_std": 0.0, "params": 9207.0, "params_std": 0.0, "time_iter": 0.04261, "time_iter_std": 0.0, "accuracy": 0.64286, "accuracy_std": 0.0, "precision": 1.0, "precision_std": 0.0, "recall": 0.25, "recall_std": 0.0, "f1": 0.4, "f1_std": 0.0, "auc": 0.88864, "auc_std": 0.0}
{"epoch": 14, "time_epoch": 0.12582, "time_epoch_std": 0.0, "eta": 84.4567, "eta_std": 0.0, "eta_hours": 0.02346, "eta_hours_std": 0.0, "loss": 0.67359, "loss_std": 0.0, "lr": 0.00095, "lr_std": 0.0, "params": 9207.0, "params_std": 0.0, "time_iter": 0.04194, "time_iter_std": 0.0, "accuracy": 0.71429, "accuracy_std": 0.0, "precision": 0.9, "precision_std": 0.0, "recall": 0.45, "recall_std": 0.0, "f1": 0.6, "f1_std": 0.0, "auc": 0.88636, "auc_std": 0.0}
{"epoch": 15, "time_epoch": 0.12832, "time_epoch_std": 0.0, "eta": 78.92031, "eta_std": 0.0, "eta_hours": 0.02192, "eta_hours_std": 0.0, "loss": 0.66953, "loss_std": 0.0, "lr": 0.00095, "lr_std": 0.0, "params": 9207.0, "params_std": 0.0, "time_iter": 0.04277, "time_iter_std": 0.0, "accuracy": 0.7619, "accuracy_std": 0.0, "precision": 0.91667, "precision_std": 0.0, "recall": 0.55, "recall_std": 0.0, "f1": 0.6875, "f1_std": 0.0, "auc": 0.88182, "auc_std": 0.0}
{"epoch": 16, "time_epoch": 0.1409, "time_epoch_std": 0.0, "eta": 74.08162, "eta_std": 0.0, "eta_hours": 0.02058, "eta_hours_std": 0.0, "loss": 0.66199, "loss_std": 0.0, "lr": 0.00094, "lr_std": 0.0, "params": 9207.0, "params_std": 0.0, "time_iter": 0.04697, "time_iter_std": 0.0, "accuracy": 0.71429, "accuracy_std": 0.0, "precision": 0.9, "precision_std": 0.0, "recall": 0.45, "recall_std": 0.0, "f1": 0.6, "f1_std": 0.0, "auc": 0.89318, "auc_std": 0.0}
{"epoch": 17, "time_epoch": 0.12753, "time_epoch_std": 0.0, "eta": 69.70398, "eta_std": 0.0, "eta_hours": 0.01936, "eta_hours_std": 0.0, "loss": 0.66008, "loss_std": 0.0, "lr": 0.00093, "lr_std": 0.0, "params": 9207.0, "params_std": 0.0, "time_iter": 0.04251, "time_iter_std": 0.0, "accuracy": 0.64286, "accuracy_std": 0.0, "precision": 0.72727, "precision_std": 0.0, "recall": 0.4, "recall_std": 0.0, "f1": 0.51613, "f1_std": 0.0, "auc": 0.83409, "auc_std": 0.0}
{"epoch": 18, "time_epoch": 0.13392, "time_epoch_std": 0.0, "eta": 65.80095, "eta_std": 0.0, "eta_hours": 0.01828, "eta_hours_std": 0.0, "loss": 0.65065, "loss_std": 0.0, "lr": 0.00092, "lr_std": 0.0, "params": 9207.0, "params_std": 0.0, "time_iter": 0.04464, "time_iter_std": 0.0, "accuracy": 0.80952, "accuracy_std": 0.0, "precision": 0.92857, "precision_std": 0.0, "recall": 0.65, "recall_std": 0.0, "f1": 0.76471, "f1_std": 0.0, "auc": 0.89773, "auc_std": 0.0}
{"epoch": 19, "time_epoch": 0.13161, "time_epoch_std": 0.0, "eta": 62.26562, "eta_std": 0.0, "eta_hours": 0.0173, "eta_hours_std": 0.0, "loss": 0.64055, "loss_std": 0.0, "lr": 0.00091, "lr_std": 0.0, "params": 9207.0, "params_std": 0.0, "time_iter": 0.04387, "time_iter_std": 0.0, "accuracy": 0.83333, "accuracy_std": 0.0, "precision": 0.88235, "precision_std": 0.0, "recall": 0.75, "recall_std": 0.0, "f1": 0.81081, "f1_std": 0.0, "auc": 0.89318, "auc_std": 0.0}
{"epoch": 20, "time_epoch": 0.12741, "time_epoch_std": 0.0, "eta": 59.03864, "eta_std": 0.0, "eta_hours": 0.0164, "eta_hours_std": 0.0, "loss": 0.6417, "loss_std": 0.0, "lr": 0.0009, "lr_std": 0.0, "params": 9207.0, "params_std": 0.0, "time_iter": 0.04247, "time_iter_std": 0.0, "accuracy": 0.66667, "accuracy_std": 0.0, "precision": 0.71429, "precision_std": 0.0, "recall": 0.5, "recall_std": 0.0, "f1": 0.58824, "f1_std": 0.0, "auc": 0.80682, "auc_std": 0.0}
{"epoch": 21, "time_epoch": 0.12994, "time_epoch_std": 0.0, "eta": 56.1024, "eta_std": 0.0, "eta_hours": 0.01558, "eta_hours_std": 0.0, "loss": 0.62396, "loss_std": 0.0, "lr": 0.0009, "lr_std": 0.0, "params": 9207.0, "params_std": 0.0, "time_iter": 0.04331, "time_iter_std": 0.0, "accuracy": 0.7381, "accuracy_std": 0.0, "precision": 0.8, "precision_std": 0.0, "recall": 0.6, "recall_std": 0.0, "f1": 0.68571, "f1_std": 0.0, "auc": 0.88409, "auc_std": 0.0}
{"epoch": 22, "time_epoch": 0.13253, "time_epoch_std": 0.0, "eta": 53.41886, "eta_std": 0.0, "eta_hours": 0.01484, "eta_hours_std": 0.0, "loss": 0.60882, "loss_std": 0.0, "lr": 0.00089, "lr_std": 0.0, "params": 9207.0, "params_std": 0.0, "time_iter": 0.04418, "time_iter_std": 0.0, "accuracy": 0.80952, "accuracy_std": 0.0, "precision": 0.83333, "precision_std": 0.0, "recall": 0.75, "recall_std": 0.0, "f1": 0.78947, "f1_std": 0.0, "auc": 0.86818, "auc_std": 0.0}
{"epoch": 23, "time_epoch": 0.12972, "time_epoch_std": 0.0, "eta": 50.93901, "eta_std": 0.0, "eta_hours": 0.01415, "eta_hours_std": 0.0, "loss": 0.59384, "loss_std": 0.0, "lr": 0.00088, "lr_std": 0.0, "params": 9207.0, "params_std": 0.0, "time_iter": 0.04324, "time_iter_std": 0.0, "accuracy": 0.85714, "accuracy_std": 0.0, "precision": 0.88889, "precision_std": 0.0, "recall": 0.8, "recall_std": 0.0, "f1": 0.84211, "f1_std": 0.0, "auc": 0.89545, "auc_std": 0.0}
{"epoch": 24, "time_epoch": 0.1268, "time_epoch_std": 0.0, "eta": 48.63842, "eta_std": 0.0, "eta_hours": 0.01351, "eta_hours_std": 0.0, "loss": 0.59369, "loss_std": 0.0, "lr": 0.00086, "lr_std": 0.0, "params": 9207.0, "params_std": 0.0, "time_iter": 0.04227, "time_iter_std": 0.0, "accuracy": 0.78571, "accuracy_std": 0.0, "precision": 0.86667, "precision_std": 0.0, "recall": 0.65, "recall_std": 0.0, "f1": 0.74286, "f1_std": 0.0, "auc": 0.89318, "auc_std": 0.0}
{"epoch": 25, "time_epoch": 0.12998, "time_epoch_std": 0.0, "eta": 46.51408, "eta_std": 0.0, "eta_hours": 0.01292, "eta_hours_std": 0.0, "loss": 0.5715, "loss_std": 0.0, "lr": 0.00085, "lr_std": 0.0, "params": 9207.0, "params_std": 0.0, "time_iter": 0.04333, "time_iter_std": 0.0, "accuracy": 0.85714, "accuracy_std": 0.0, "precision": 0.85, "precision_std": 0.0, "recall": 0.85, "recall_std": 0.0, "f1": 0.85, "f1_std": 0.0, "auc": 0.90455, "auc_std": 0.0}
{"epoch": 26, "time_epoch": 0.12593, "time_epoch_std": 0.0, "eta": 44.52652, "eta_std": 0.0, "eta_hours": 0.01237, "eta_hours_std": 0.0, "loss": 0.55682, "loss_std": 0.0, "lr": 0.00084, "lr_std": 0.0, "params": 9207.0, "params_std": 0.0, "time_iter": 0.04198, "time_iter_std": 0.0, "accuracy": 0.88095, "accuracy_std": 0.0, "precision": 0.89474, "precision_std": 0.0, "recall": 0.85, "recall_std": 0.0, "f1": 0.87179, "f1_std": 0.0, "auc": 0.90909, "auc_std": 0.0}
{"epoch": 27, "time_epoch": 0.13129, "time_epoch_std": 0.0, "eta": 42.68573, "eta_std": 0.0, "eta_hours": 0.01186, "eta_hours_std": 0.0, "loss": 0.551, "loss_std": 0.0, "lr": 0.00083, "lr_std": 0.0, "params": 9207.0, "params_std": 0.0, "time_iter": 0.04376, "time_iter_std": 0.0, "accuracy": 0.80952, "accuracy_std": 0.0, "precision": 0.8, "precision_std": 0.0, "recall": 0.8, "recall_std": 0.0, "f1": 0.8, "f1_std": 0.0, "auc": 0.88864, "auc_std": 0.0}
{"epoch": 28, "time_epoch": 0.13132, "time_epoch_std": 0.0, "eta": 40.9629, "eta_std": 0.0, "eta_hours": 0.01138, "eta_hours_std": 0.0, "loss": 0.50651, "loss_std": 0.0, "lr": 0.00082, "lr_std": 0.0, "params": 9207.0, "params_std": 0.0, "time_iter": 0.04377, "time_iter_std": 0.0, "accuracy": 0.83333, "accuracy_std": 0.0, "precision": 0.84211, "precision_std": 0.0, "recall": 0.8, "recall_std": 0.0, "f1": 0.82051, "f1_std": 0.0, "auc": 0.94091, "auc_std": 0.0}
{"epoch": 29, "time_epoch": 0.12525, "time_epoch_std": 0.0, "eta": 39.33201, "eta_std": 0.0, "eta_hours": 0.01093, "eta_hours_std": 0.0, "loss": 0.49547, "loss_std": 0.0, "lr": 0.00081, "lr_std": 0.0, "params": 9207.0, "params_std": 0.0, "time_iter": 0.04175, "time_iter_std": 0.0, "accuracy": 0.85714, "accuracy_std": 0.0, "precision": 0.85, "precision_std": 0.0, "recall": 0.85, "recall_std": 0.0, "f1": 0.85, "f1_std": 0.0, "auc": 0.93409, "auc_std": 0.0}
{"epoch": 30, "time_epoch": 0.13034, "time_epoch_std": 0.0, "eta": 37.80958, "eta_std": 0.0, "eta_hours": 0.0105, "eta_hours_std": 0.0, "loss": 0.47618, "loss_std": 0.0, "lr": 0.00079, "lr_std": 0.0, "params": 9207.0, "params_std": 0.0, "time_iter": 0.04345, "time_iter_std": 0.0, "accuracy": 0.88095, "accuracy_std": 0.0, "precision": 0.89474, "precision_std": 0.0, "recall": 0.85, "recall_std": 0.0, "f1": 0.87179, "f1_std": 0.0, "auc": 0.93864, "auc_std": 0.0}
{"epoch": 31, "time_epoch": 0.13213, "time_epoch_std": 0.0, "eta": 36.37796, "eta_std": 0.0, "eta_hours": 0.0101, "eta_hours_std": 0.0, "loss": 0.45915, "loss_std": 0.0, "lr": 0.00078, "lr_std": 0.0, "params": 9207.0, "params_std": 0.0, "time_iter": 0.04404, "time_iter_std": 0.0, "accuracy": 0.88095, "accuracy_std": 0.0, "precision": 0.89474, "precision_std": 0.0, "recall": 0.85, "recall_std": 0.0, "f1": 0.87179, "f1_std": 0.0, "auc": 0.94773, "auc_std": 0.0}
{"epoch": 32, "time_epoch": 0.13395, "time_epoch_std": 0.0, "eta": 35.02881, "eta_std": 0.0, "eta_hours": 0.00973, "eta_hours_std": 0.0, "loss": 0.44137, "loss_std": 0.0, "lr": 0.00077, "lr_std": 0.0, "params": 9207.0, "params_std": 0.0, "time_iter": 0.04465, "time_iter_std": 0.0, "accuracy": 0.90476, "accuracy_std": 0.0, "precision": 0.94444, "precision_std": 0.0, "recall": 0.85, "recall_std": 0.0, "f1": 0.89474, "f1_std": 0.0, "auc": 0.93182, "auc_std": 0.0}
{"epoch": 33, "time_epoch": 0.13302, "time_epoch_std": 0.0, "eta": 33.74932, "eta_std": 0.0, "eta_hours": 0.00937, "eta_hours_std": 0.0, "loss": 0.42069, "loss_std": 0.0, "lr": 0.00075, "lr_std": 0.0, "params": 9207.0, "params_std": 0.0, "time_iter": 0.04434, "time_iter_std": 0.0, "accuracy": 0.90476, "accuracy_std": 0.0, "precision": 0.94444, "precision_std": 0.0, "recall": 0.85, "recall_std": 0.0, "f1": 0.89474, "f1_std": 0.0, "auc": 0.95909, "auc_std": 0.0}
{"epoch": 34, "time_epoch": 0.12943, "time_epoch_std": 0.0, "eta": 32.52868, "eta_std": 0.0, "eta_hours": 0.00904, "eta_hours_std": 0.0, "loss": 0.39642, "loss_std": 0.0, "lr": 0.00074, "lr_std": 0.0, "params": 9207.0, "params_std": 0.0, "time_iter": 0.04314, "time_iter_std": 0.0, "accuracy": 0.90476, "accuracy_std": 0.0, "precision": 0.94444, "precision_std": 0.0, "recall": 0.85, "recall_std": 0.0, "f1": 0.89474, "f1_std": 0.0, "auc": 0.95909, "auc_std": 0.0}
{"epoch": 35, "time_epoch": 0.13282, "time_epoch_std": 0.0, "eta": 31.37469, "eta_std": 0.0, "eta_hours": 0.00872, "eta_hours_std": 0.0, "loss": 0.38317, "loss_std": 0.0, "lr": 0.00073, "lr_std": 0.0, "params": 9207.0, "params_std": 0.0, "time_iter": 0.04427, "time_iter_std": 0.0, "accuracy": 0.88095, "accuracy_std": 0.0, "precision": 0.94118, "precision_std": 0.0, "recall": 0.8, "recall_std": 0.0, "f1": 0.86486, "f1_std": 0.0, "auc": 0.95682, "auc_std": 0.0}
{"epoch": 36, "time_epoch": 0.13231, "time_epoch_std": 0.0, "eta": 30.27503, "eta_std": 0.0, "eta_hours": 0.00841, "eta_hours_std": 0.0, "loss": 0.3995, "loss_std": 0.0, "lr": 0.00071, "lr_std": 0.0, "params": 9207.0, "params_std": 0.0, "time_iter": 0.0441, "time_iter_std": 0.0, "accuracy": 0.80952, "accuracy_std": 0.0, "precision": 0.83333, "precision_std": 0.0, "recall": 0.75, "recall_std": 0.0, "f1": 0.78947, "f1_std": 0.0, "auc": 0.94091, "auc_std": 0.0}
{"epoch": 37, "time_epoch": 0.1314, "time_epoch_std": 0.0, "eta": 29.22479, "eta_std": 0.0, "eta_hours": 0.00812, "eta_hours_std": 0.0, "loss": 0.35925, "loss_std": 0.0, "lr": 0.0007, "lr_std": 0.0, "params": 9207.0, "params_std": 0.0, "time_iter": 0.0438, "time_iter_std": 0.0, "accuracy": 0.95238, "accuracy_std": 0.0, "precision": 1.0, "precision_std": 0.0, "recall": 0.9, "recall_std": 0.0, "f1": 0.94737, "f1_std": 0.0, "auc": 0.98409, "auc_std": 0.0}
{"epoch": 38, "time_epoch": 0.12946, "time_epoch_std": 0.0, "eta": 28.21865, "eta_std": 0.0, "eta_hours": 0.00784, "eta_hours_std": 0.0, "loss": 0.32585, "loss_std": 0.0, "lr": 0.00068, "lr_std": 0.0, "params": 9207.0, "params_std": 0.0, "time_iter": 0.04315, "time_iter_std": 0.0, "accuracy": 0.92857, "accuracy_std": 0.0, "precision": 1.0, "precision_std": 0.0, "recall": 0.85, "recall_std": 0.0, "f1": 0.91892, "f1_std": 0.0, "auc": 0.98182, "auc_std": 0.0}
{"epoch": 39, "time_epoch": 0.13023, "time_epoch_std": 0.0, "eta": 27.25749, "eta_std": 0.0, "eta_hours": 0.00757, "eta_hours_std": 0.0, "loss": 0.31511, "loss_std": 0.0, "lr": 0.00067, "lr_std": 0.0, "params": 9207.0, "params_std": 0.0, "time_iter": 0.04341, "time_iter_std": 0.0, "accuracy": 0.92857, "accuracy_std": 0.0, "precision": 1.0, "precision_std": 0.0, "recall": 0.85, "recall_std": 0.0, "f1": 0.91892, "f1_std": 0.0, "auc": 0.97955, "auc_std": 0.0}
{"epoch": 40, "time_epoch": 0.13145, "time_epoch_std": 0.0, "eta": 26.33863, "eta_std": 0.0, "eta_hours": 0.00732, "eta_hours_std": 0.0, "loss": 0.31462, "loss_std": 0.0, "lr": 0.00065, "lr_std": 0.0, "params": 9207.0, "params_std": 0.0, "time_iter": 0.04382, "time_iter_std": 0.0, "accuracy": 0.92857, "accuracy_std": 0.0, "precision": 1.0, "precision_std": 0.0, "recall": 0.85, "recall_std": 0.0, "f1": 0.91892, "f1_std": 0.0, "auc": 0.98182, "auc_std": 0.0}
{"epoch": 41, "time_epoch": 0.12937, "time_epoch_std": 0.0, "eta": 25.45438, "eta_std": 0.0, "eta_hours": 0.00707, "eta_hours_std": 0.0, "loss": 0.30864, "loss_std": 0.0, "lr": 0.00064, "lr_std": 0.0, "params": 9207.0, "params_std": 0.0, "time_iter": 0.04312, "time_iter_std": 0.0, "accuracy": 0.95238, "accuracy_std": 0.0, "precision": 1.0, "precision_std": 0.0, "recall": 0.9, "recall_std": 0.0, "f1": 0.94737, "f1_std": 0.0, "auc": 0.99091, "auc_std": 0.0}
{"epoch": 42, "time_epoch": 0.13055, "time_epoch_std": 0.0, "eta": 24.6068, "eta_std": 0.0, "eta_hours": 0.00684, "eta_hours_std": 0.0, "loss": 0.29749, "loss_std": 0.0, "lr": 0.00062, "lr_std": 0.0, "params": 9207.0, "params_std": 0.0, "time_iter": 0.04352, "time_iter_std": 0.0, "accuracy": 0.92857, "accuracy_std": 0.0, "precision": 0.94737, "precision_std": 0.0, "recall": 0.9, "recall_std": 0.0, "f1": 0.92308, "f1_std": 0.0, "auc": 0.98409, "auc_std": 0.0}
{"epoch": 43, "time_epoch": 0.1309, "time_epoch_std": 0.0, "eta": 23.79227, "eta_std": 0.0, "eta_hours": 0.00661, "eta_hours_std": 0.0, "loss": 0.30738, "loss_std": 0.0, "lr": 0.00061, "lr_std": 0.0, "params": 9207.0, "params_std": 0.0, "time_iter": 0.04363, "time_iter_std": 0.0, "accuracy": 0.92857, "accuracy_std": 0.0, "precision": 1.0, "precision_std": 0.0, "recall": 0.85, "recall_std": 0.0, "f1": 0.91892, "f1_std": 0.0, "auc": 0.99091, "auc_std": 0.0}
{"epoch": 44, "time_epoch": 0.12793, "time_epoch_std": 0.0, "eta": 23.00449, "eta_std": 0.0, "eta_hours": 0.00639, "eta_hours_std": 0.0, "loss": 0.24017, "loss_std": 0.0, "lr": 0.00059, "lr_std": 0.0, "params": 9207.0, "params_std": 0.0, "time_iter": 0.04264, "time_iter_std": 0.0, "accuracy": 0.95238, "accuracy_std": 0.0, "precision": 1.0, "precision_std": 0.0, "recall": 0.9, "recall_std": 0.0, "f1": 0.94737, "f1_std": 0.0, "auc": 0.99318, "auc_std": 0.0}
{"epoch": 45, "time_epoch": 0.13447, "time_epoch_std": 0.0, "eta": 22.25308, "eta_std": 0.0, "eta_hours": 0.00618, "eta_hours_std": 0.0, "loss": 0.26474, "loss_std": 0.0, "lr": 0.00058, "lr_std": 0.0, "params": 9207.0, "params_std": 0.0, "time_iter": 0.04482, "time_iter_std": 0.0, "accuracy": 0.97619, "accuracy_std": 0.0, "precision": 1.0, "precision_std": 0.0, "recall": 0.95, "recall_std": 0.0, "f1": 0.97436, "f1_std": 0.0, "auc": 0.99773, "auc_std": 0.0}
{"epoch": 46, "time_epoch": 0.13363, "time_epoch_std": 0.0, "eta": 21.52697, "eta_std": 0.0, "eta_hours": 0.00598, "eta_hours_std": 0.0, "loss": 0.20639, "loss_std": 0.0, "lr": 0.00056, "lr_std": 0.0, "params": 9207.0, "params_std": 0.0, "time_iter": 0.04454, "time_iter_std": 0.0, "accuracy": 0.95238, "accuracy_std": 0.0, "precision": 1.0, "precision_std": 0.0, "recall": 0.9, "recall_std": 0.0, "f1": 0.94737, "f1_std": 0.0, "auc": 1.0, "auc_std": 0.0}
{"epoch": 47, "time_epoch": 0.13025, "time_epoch_std": 0.0, "eta": 20.82189, "eta_std": 0.0, "eta_hours": 0.00578, "eta_hours_std": 0.0, "loss": 0.23909, "loss_std": 0.0, "lr": 0.00055, "lr_std": 0.0, "params": 9207.0, "params_std": 0.0, "time_iter": 0.04342, "time_iter_std": 0.0, "accuracy": 0.95238, "accuracy_std": 0.0, "precision": 1.0, "precision_std": 0.0, "recall": 0.9, "recall_std": 0.0, "f1": 0.94737, "f1_std": 0.0, "auc": 0.99545, "auc_std": 0.0}
{"epoch": 48, "time_epoch": 0.1336, "time_epoch_std": 0.0, "eta": 20.14376, "eta_std": 0.0, "eta_hours": 0.0056, "eta_hours_std": 0.0, "loss": 0.19383, "loss_std": 0.0, "lr": 0.00053, "lr_std": 0.0, "params": 9207.0, "params_std": 0.0, "time_iter": 0.04453, "time_iter_std": 0.0, "accuracy": 0.95238, "accuracy_std": 0.0, "precision": 1.0, "precision_std": 0.0, "recall": 0.9, "recall_std": 0.0, "f1": 0.94737, "f1_std": 0.0, "auc": 1.0, "auc_std": 0.0}
{"epoch": 49, "time_epoch": 0.13257, "time_epoch_std": 0.0, "eta": 19.48638, "eta_std": 0.0, "eta_hours": 0.00541, "eta_hours_std": 0.0, "loss": 0.22558, "loss_std": 0.0, "lr": 0.00052, "lr_std": 0.0, "params": 9207.0, "params_std": 0.0, "time_iter": 0.04419, "time_iter_std": 0.0, "accuracy": 0.97619, "accuracy_std": 0.0, "precision": 1.0, "precision_std": 0.0, "recall": 0.95, "recall_std": 0.0, "f1": 0.97436, "f1_std": 0.0, "auc": 0.99545, "auc_std": 0.0}
{"epoch": 50, "time_epoch": 0.13376, "time_epoch_std": 0.0, "eta": 18.85072, "eta_std": 0.0, "eta_hours": 0.00524, "eta_hours_std": 0.0, "loss": 0.18219, "loss_std": 0.0, "lr": 0.0005, "lr_std": 0.0, "params": 9207.0, "params_std": 0.0, "time_iter": 0.04459, "time_iter_std": 0.0, "accuracy": 0.97619, "accuracy_std": 0.0, "precision": 1.0, "precision_std": 0.0, "recall": 0.95, "recall_std": 0.0, "f1": 0.97436, "f1_std": 0.0, "auc": 1.0, "auc_std": 0.0}
{"epoch": 51, "time_epoch": 0.13161, "time_epoch_std": 0.0, "eta": 18.23238, "eta_std": 0.0, "eta_hours": 0.00506, "eta_hours_std": 0.0, "loss": 0.1591, "loss_std": 0.0, "lr": 0.00048, "lr_std": 0.0, "params": 9207.0, "params_std": 0.0, "time_iter": 0.04387, "time_iter_std": 0.0, "accuracy": 0.97619, "accuracy_std": 0.0, "precision": 1.0, "precision_std": 0.0, "recall": 0.95, "recall_std": 0.0, "f1": 0.97436, "f1_std": 0.0, "auc": 1.0, "auc_std": 0.0}
{"epoch": 52, "time_epoch": 0.14067, "time_epoch_std": 0.0, "eta": 17.64045, "eta_std": 0.0, "eta_hours": 0.0049, "eta_hours_std": 0.0, "loss": 0.17537, "loss_std": 0.0, "lr": 0.00047, "lr_std": 0.0, "params": 9207.0, "params_std": 0.0, "time_iter": 0.04689, "time_iter_std": 0.0, "accuracy": 0.95238, "accuracy_std": 0.0, "precision": 1.0, "precision_std": 0.0, "recall": 0.9, "recall_std": 0.0, "f1": 0.94737, "f1_std": 0.0, "auc": 1.0, "auc_std": 0.0}
{"epoch": 53, "time_epoch": 0.12566, "time_epoch_std": 0.0, "eta": 17.05243, "eta_std": 0.0, "eta_hours": 0.00474, "eta_hours_std": 0.0, "loss": 0.15285, "loss_std": 0.0, "lr": 0.00045, "lr_std": 0.0, "params": 9207.0, "params_std": 0.0, "time_iter": 0.04189, "time_iter_std": 0.0, "accuracy": 0.97619, "accuracy_std": 0.0, "precision": 1.0, "precision_std": 0.0, "recall": 0.95, "recall_std": 0.0, "f1": 0.97436, "f1_std": 0.0, "auc": 1.0, "auc_std": 0.0}
{"epoch": 54, "time_epoch": 0.13074, "time_epoch_std": 0.0, "eta": 16.48539, "eta_std": 0.0, "eta_hours": 0.00458, "eta_hours_std": 0.0, "loss": 0.15296, "loss_std": 0.0, "lr": 0.00044, "lr_std": 0.0, "params": 9207.0, "params_std": 0.0, "time_iter": 0.04358, "time_iter_std": 0.0, "accuracy": 0.97619, "accuracy_std": 0.0, "precision": 1.0, "precision_std": 0.0, "recall": 0.95, "recall_std": 0.0, "f1": 0.97436, "f1_std": 0.0, "auc": 1.0, "auc_std": 0.0}
{"epoch": 55, "time_epoch": 0.12883, "time_epoch_std": 0.0, "eta": 15.93244, "eta_std": 0.0, "eta_hours": 0.00443, "eta_hours_std": 0.0, "loss": 0.14182, "loss_std": 0.0, "lr": 0.00042, "lr_std": 0.0, "params": 9207.0, "params_std": 0.0, "time_iter": 0.04294, "time_iter_std": 0.0, "accuracy": 0.97619, "accuracy_std": 0.0, "precision": 1.0, "precision_std": 0.0, "recall": 0.95, "recall_std": 0.0, "f1": 0.97436, "f1_std": 0.0, "auc": 1.0, "auc_std": 0.0}
{"epoch": 56, "time_epoch": 0.13235, "time_epoch_std": 0.0, "eta": 15.39701, "eta_std": 0.0, "eta_hours": 0.00428, "eta_hours_std": 0.0, "loss": 0.15592, "loss_std": 0.0, "lr": 0.00041, "lr_std": 0.0, "params": 9207.0, "params_std": 0.0, "time_iter": 0.04412, "time_iter_std": 0.0, "accuracy": 0.97619, "accuracy_std": 0.0, "precision": 1.0, "precision_std": 0.0, "recall": 0.95, "recall_std": 0.0, "f1": 0.97436, "f1_std": 0.0, "auc": 0.99545, "auc_std": 0.0}
{"epoch": 57, "time_epoch": 0.12982, "time_epoch_std": 0.0, "eta": 14.87365, "eta_std": 0.0, "eta_hours": 0.00413, "eta_hours_std": 0.0, "loss": 0.15261, "loss_std": 0.0, "lr": 0.00039, "lr_std": 0.0, "params": 9207.0, "params_std": 0.0, "time_iter": 0.04327, "time_iter_std": 0.0, "accuracy": 0.95238, "accuracy_std": 0.0, "precision": 1.0, "precision_std": 0.0, "recall": 0.9, "recall_std": 0.0, "f1": 0.94737, "f1_std": 0.0, "auc": 1.0, "auc_std": 0.0}
{"epoch": 58, "time_epoch": 0.13265, "time_epoch_std": 0.0, "eta": 14.3656, "eta_std": 0.0, "eta_hours": 0.00399, "eta_hours_std": 0.0, "loss": 0.11491, "loss_std": 0.0, "lr": 0.00038, "lr_std": 0.0, "params": 9207.0, "params_std": 0.0, "time_iter": 0.04422, "time_iter_std": 0.0, "accuracy": 1.0, "accuracy_std": 0.0, "precision": 1.0, "precision_std": 0.0, "recall": 1.0, "recall_std": 0.0, "f1": 1.0, "f1_std": 0.0, "auc": 1.0, "auc_std": 0.0}
{"epoch": 59, "time_epoch": 0.12833, "time_epoch_std": 0.0, "eta": 13.86719, "eta_std": 0.0, "eta_hours": 0.00385, "eta_hours_std": 0.0, "loss": 0.12108, "loss_std": 0.0, "lr": 0.00036, "lr_std": 0.0, "params": 9207.0, "params_std": 0.0, "time_iter": 0.04278, "time_iter_std": 0.0, "accuracy": 1.0, "accuracy_std": 0.0, "precision": 1.0, "precision_std": 0.0, "recall": 1.0, "recall_std": 0.0, "f1": 1.0, "f1_std": 0.0, "auc": 1.0, "auc_std": 0.0}
{"epoch": 60, "time_epoch": 0.13197, "time_epoch_std": 0.0, "eta": 13.38323, "eta_std": 0.0, "eta_hours": 0.00372, "eta_hours_std": 0.0, "loss": 0.09356, "loss_std": 0.0, "lr": 0.00035, "lr_std": 0.0, "params": 9207.0, "params_std": 0.0, "time_iter": 0.04399, "time_iter_std": 0.0, "accuracy": 1.0, "accuracy_std": 0.0, "precision": 1.0, "precision_std": 0.0, "recall": 1.0, "recall_std": 0.0, "f1": 1.0, "f1_std": 0.0, "auc": 1.0, "auc_std": 0.0}
{"epoch": 61, "time_epoch": 0.12893, "time_epoch_std": 0.0, "eta": 12.90877, "eta_std": 0.0, "eta_hours": 0.00359, "eta_hours_std": 0.0, "loss": 0.11466, "loss_std": 0.0, "lr": 0.00033, "lr_std": 0.0, "params": 9207.0, "params_std": 0.0, "time_iter": 0.04298, "time_iter_std": 0.0, "accuracy": 0.97619, "accuracy_std": 0.0, "precision": 1.0, "precision_std": 0.0, "recall": 0.95, "recall_std": 0.0, "f1": 0.97436, "f1_std": 0.0, "auc": 1.0, "auc_std": 0.0}
{"epoch": 62, "time_epoch": 0.12995, "time_epoch_std": 0.0, "eta": 12.44588, "eta_std": 0.0, "eta_hours": 0.00346, "eta_hours_std": 0.0, "loss": 0.17073, "loss_std": 0.0, "lr": 0.00032, "lr_std": 0.0, "params": 9207.0, "params_std": 0.0, "time_iter": 0.04332, "time_iter_std": 0.0, "accuracy": 0.97619, "accuracy_std": 0.0, "precision": 1.0, "precision_std": 0.0, "recall": 0.95, "recall_std": 0.0, "f1": 0.97436, "f1_std": 0.0, "auc": 1.0, "auc_std": 0.0}
{"epoch": 63, "time_epoch": 0.13121, "time_epoch_std": 0.0, "eta": 11.9941, "eta_std": 0.0, "eta_hours": 0.00333, "eta_hours_std": 0.0, "loss": 0.08448, "loss_std": 0.0, "lr": 0.0003, "lr_std": 0.0, "params": 9207.0, "params_std": 0.0, "time_iter": 0.04374, "time_iter_std": 0.0, "accuracy": 1.0, "accuracy_std": 0.0, "precision": 1.0, "precision_std": 0.0, "recall": 1.0, "recall_std": 0.0, "f1": 1.0, "f1_std": 0.0, "auc": 1.0, "auc_std": 0.0}
{"epoch": 64, "time_epoch": 0.12596, "time_epoch_std": 0.0, "eta": 11.54935, "eta_std": 0.0, "eta_hours": 0.00321, "eta_hours_std": 0.0, "loss": 0.08469, "loss_std": 0.0, "lr": 0.00029, "lr_std": 0.0, "params": 9207.0, "params_std": 0.0, "time_iter": 0.04199, "time_iter_std": 0.0, "accuracy": 1.0, "accuracy_std": 0.0, "precision": 1.0, "precision_std": 0.0, "recall": 1.0, "recall_std": 0.0, "f1": 1.0, "f1_std": 0.0, "auc": 1.0, "auc_std": 0.0}
{"epoch": 65, "time_epoch": 0.13193, "time_epoch_std": 0.0, "eta": 11.11734, "eta_std": 0.0, "eta_hours": 0.00309, "eta_hours_std": 0.0, "loss": 0.09013, "loss_std": 0.0, "lr": 0.00027, "lr_std": 0.0, "params": 9207.0, "params_std": 0.0, "time_iter": 0.04398, "time_iter_std": 0.0, "accuracy": 1.0, "accuracy_std": 0.0, "precision": 1.0, "precision_std": 0.0, "recall": 1.0, "recall_std": 0.0, "f1": 1.0, "f1_std": 0.0, "auc": 1.0, "auc_std": 0.0}
{"epoch": 66, "time_epoch": 0.1283, "time_epoch_std": 0.0, "eta": 10.69251, "eta_std": 0.0, "eta_hours": 0.00297, "eta_hours_std": 0.0, "loss": 0.12163, "loss_std": 0.0, "lr": 0.00026, "lr_std": 0.0, "params": 9207.0, "params_std": 0.0, "time_iter": 0.04277, "time_iter_std": 0.0, "accuracy": 1.0, "accuracy_std": 0.0, "precision": 1.0, "precision_std": 0.0, "recall": 1.0, "recall_std": 0.0, "f1": 1.0, "f1_std": 0.0, "auc": 1.0, "auc_std": 0.0}
{"epoch": 67, "time_epoch": 0.12618, "time_epoch_std": 0.0, "eta": 10.27539, "eta_std": 0.0, "eta_hours": 0.00285, "eta_hours_std": 0.0, "loss": 0.08968, "loss_std": 0.0, "lr": 0.00025, "lr_std": 0.0, "params": 9207.0, "params_std": 0.0, "time_iter": 0.04206, "time_iter_std": 0.0, "accuracy": 1.0, "accuracy_std": 0.0, "precision": 1.0, "precision_std": 0.0, "recall": 1.0, "recall_std": 0.0, "f1": 1.0, "f1_std": 0.0, "auc": 1.0, "auc_std": 0.0}
{"epoch": 68, "time_epoch": 0.12696, "time_epoch_std": 0.0, "eta": 9.86706, "eta_std": 0.0, "eta_hours": 0.00274, "eta_hours_std": 0.0, "loss": 0.12356, "loss_std": 0.0, "lr": 0.00023, "lr_std": 0.0, "params": 9207.0, "params_std": 0.0, "time_iter": 0.04232, "time_iter_std": 0.0, "accuracy": 0.97619, "accuracy_std": 0.0, "precision": 1.0, "precision_std": 0.0, "recall": 0.95, "recall_std": 0.0, "f1": 0.97436, "f1_std": 0.0, "auc": 1.0, "auc_std": 0.0}
{"epoch": 69, "time_epoch": 0.13114, "time_epoch_std": 0.0, "eta": 9.46856, "eta_std": 0.0, "eta_hours": 0.00263, "eta_hours_std": 0.0, "loss": 0.07295, "loss_std": 0.0, "lr": 0.00022, "lr_std": 0.0, "params": 9207.0, "params_std": 0.0, "time_iter": 0.04371, "time_iter_std": 0.0, "accuracy": 1.0, "accuracy_std": 0.0, "precision": 1.0, "precision_std": 0.0, "recall": 1.0, "recall_std": 0.0, "f1": 1.0, "f1_std": 0.0, "auc": 1.0, "auc_std": 0.0}
{"epoch": 70, "time_epoch": 0.13106, "time_epoch_std": 0.0, "eta": 9.07756, "eta_std": 0.0, "eta_hours": 0.00252, "eta_hours_std": 0.0, "loss": 0.06995, "loss_std": 0.0, "lr": 0.00021, "lr_std": 0.0, "params": 9207.0, "params_std": 0.0, "time_iter": 0.04369, "time_iter_std": 0.0, "accuracy": 1.0, "accuracy_std": 0.0, "precision": 1.0, "precision_std": 0.0, "recall": 1.0, "recall_std": 0.0, "f1": 1.0, "f1_std": 0.0, "auc": 1.0, "auc_std": 0.0}
{"epoch": 71, "time_epoch": 0.12475, "time_epoch_std": 0.0, "eta": 8.69133, "eta_std": 0.0, "eta_hours": 0.00241, "eta_hours_std": 0.0, "loss": 0.0884, "loss_std": 0.0, "lr": 0.00019, "lr_std": 0.0, "params": 9207.0, "params_std": 0.0, "time_iter": 0.04158, "time_iter_std": 0.0, "accuracy": 1.0, "accuracy_std": 0.0, "precision": 1.0, "precision_std": 0.0, "recall": 1.0, "recall_std": 0.0, "f1": 1.0, "f1_std": 0.0, "auc": 1.0, "auc_std": 0.0}
{"epoch": 72, "time_epoch": 0.1281, "time_epoch_std": 0.0, "eta": 8.31349, "eta_std": 0.0, "eta_hours": 0.00231, "eta_hours_std": 0.0, "loss": 0.09736, "loss_std": 0.0, "lr": 0.00018, "lr_std": 0.0, "params": 9207.0, "params_std": 0.0, "time_iter": 0.0427, "time_iter_std": 0.0, "accuracy": 1.0, "accuracy_std": 0.0, "precision": 1.0, "precision_std": 0.0, "recall": 1.0, "recall_std": 0.0, "f1": 1.0, "f1_std": 0.0, "auc": 1.0, "auc_std": 0.0}
{"epoch": 73, "time_epoch": 0.12788, "time_epoch_std": 0.0, "eta": 7.94233, "eta_std": 0.0, "eta_hours": 0.00221, "eta_hours_std": 0.0, "loss": 0.06288, "loss_std": 0.0, "lr": 0.00017, "lr_std": 0.0, "params": 9207.0, "params_std": 0.0, "time_iter": 0.04263, "time_iter_std": 0.0, "accuracy": 1.0, "accuracy_std": 0.0, "precision": 1.0, "precision_std": 0.0, "recall": 1.0, "recall_std": 0.0, "f1": 1.0, "f1_std": 0.0, "auc": 1.0, "auc_std": 0.0}
{"epoch": 74, "time_epoch": 0.13088, "time_epoch_std": 0.0, "eta": 7.57866, "eta_std": 0.0, "eta_hours": 0.00211, "eta_hours_std": 0.0, "loss": 0.10563, "loss_std": 0.0, "lr": 0.00016, "lr_std": 0.0, "params": 9207.0, "params_std": 0.0, "time_iter": 0.04363, "time_iter_std": 0.0, "accuracy": 1.0, "accuracy_std": 0.0, "precision": 1.0, "precision_std": 0.0, "recall": 1.0, "recall_std": 0.0, "f1": 1.0, "f1_std": 0.0, "auc": 1.0, "auc_std": 0.0}
{"epoch": 75, "time_epoch": 0.13244, "time_epoch_std": 0.0, "eta": 7.22161, "eta_std": 0.0, "eta_hours": 0.00201, "eta_hours_std": 0.0, "loss": 0.08434, "loss_std": 0.0, "lr": 0.00015, "lr_std": 0.0, "params": 9207.0, "params_std": 0.0, "time_iter": 0.04415, "time_iter_std": 0.0, "accuracy": 1.0, "accuracy_std": 0.0, "precision": 1.0, "precision_std": 0.0, "recall": 1.0, "recall_std": 0.0, "f1": 1.0, "f1_std": 0.0, "auc": 1.0, "auc_std": 0.0}
{"epoch": 76, "time_epoch": 0.12867, "time_epoch_std": 0.0, "eta": 6.86926, "eta_std": 0.0, "eta_hours": 0.00191, "eta_hours_std": 0.0, "loss": 0.06581, "loss_std": 0.0, "lr": 0.00014, "lr_std": 0.0, "params": 9207.0, "params_std": 0.0, "time_iter": 0.04289, "time_iter_std": 0.0, "accuracy": 1.0, "accuracy_std": 0.0, "precision": 1.0, "precision_std": 0.0, "recall": 1.0, "recall_std": 0.0, "f1": 1.0, "f1_std": 0.0, "auc": 1.0, "auc_std": 0.0}
{"epoch": 77, "time_epoch": 0.12775, "time_epoch_std": 0.0, "eta": 6.52239, "eta_std": 0.0, "eta_hours": 0.00181, "eta_hours_std": 0.0, "loss": 0.05831, "loss_std": 0.0, "lr": 0.00012, "lr_std": 0.0, "params": 9207.0, "params_std": 0.0, "time_iter": 0.04258, "time_iter_std": 0.0, "accuracy": 1.0, "accuracy_std": 0.0, "precision": 1.0, "precision_std": 0.0, "recall": 1.0, "recall_std": 0.0, "f1": 1.0, "f1_std": 0.0, "auc": 1.0, "auc_std": 0.0}
{"epoch": 78, "time_epoch": 0.13137, "time_epoch_std": 0.0, "eta": 6.18203, "eta_std": 0.0, "eta_hours": 0.00172, "eta_hours_std": 0.0, "loss": 0.05518, "loss_std": 0.0, "lr": 0.00011, "lr_std": 0.0, "params": 9207.0, "params_std": 0.0, "time_iter": 0.04379, "time_iter_std": 0.0, "accuracy": 1.0, "accuracy_std": 0.0, "precision": 1.0, "precision_std": 0.0, "recall": 1.0, "recall_std": 0.0, "f1": 1.0, "f1_std": 0.0, "auc": 1.0, "auc_std": 0.0}
{"epoch": 79, "time_epoch": 0.1303, "time_epoch_std": 0.0, "eta": 5.84663, "eta_std": 0.0, "eta_hours": 0.00162, "eta_hours_std": 0.0, "loss": 0.11277, "loss_std": 0.0, "lr": 0.0001, "lr_std": 0.0, "params": 9207.0, "params_std": 0.0, "time_iter": 0.04343, "time_iter_std": 0.0, "accuracy": 1.0, "accuracy_std": 0.0, "precision": 1.0, "precision_std": 0.0, "recall": 1.0, "recall_std": 0.0, "f1": 1.0, "f1_std": 0.0, "auc": 1.0, "auc_std": 0.0}
{"epoch": 80, "time_epoch": 0.1349, "time_epoch_std": 0.0, "eta": 5.51737, "eta_std": 0.0, "eta_hours": 0.00153, "eta_hours_std": 0.0, "loss": 0.05738, "loss_std": 0.0, "lr": 0.0001, "lr_std": 0.0, "params": 9207.0, "params_std": 0.0, "time_iter": 0.04497, "time_iter_std": 0.0, "accuracy": 1.0, "accuracy_std": 0.0, "precision": 1.0, "precision_std": 0.0, "recall": 1.0, "recall_std": 0.0, "f1": 1.0, "f1_std": 0.0, "auc": 1.0, "auc_std": 0.0}
{"epoch": 81, "time_epoch": 0.13529, "time_epoch_std": 0.0, "eta": 5.19293, "eta_std": 0.0, "eta_hours": 0.00144, "eta_hours_std": 0.0, "loss": 0.07137, "loss_std": 0.0, "lr": 9e-05, "lr_std": 0.0, "params": 9207.0, "params_std": 0.0, "time_iter": 0.0451, "time_iter_std": 0.0, "accuracy": 1.0, "accuracy_std": 0.0, "precision": 1.0, "precision_std": 0.0, "recall": 1.0, "recall_std": 0.0, "f1": 1.0, "f1_std": 0.0, "auc": 1.0, "auc_std": 0.0}
{"epoch": 82, "time_epoch": 0.13176, "time_epoch_std": 0.0, "eta": 4.87233, "eta_std": 0.0, "eta_hours": 0.00135, "eta_hours_std": 0.0, "loss": 0.08068, "loss_std": 0.0, "lr": 8e-05, "lr_std": 0.0, "params": 9207.0, "params_std": 0.0, "time_iter": 0.04392, "time_iter_std": 0.0, "accuracy": 1.0, "accuracy_std": 0.0, "precision": 1.0, "precision_std": 0.0, "recall": 1.0, "recall_std": 0.0, "f1": 1.0, "f1_std": 0.0, "auc": 1.0, "auc_std": 0.0}
{"epoch": 83, "time_epoch": 0.13043, "time_epoch_std": 0.0, "eta": 4.55598, "eta_std": 0.0, "eta_hours": 0.00127, "eta_hours_std": 0.0, "loss": 0.05096, "loss_std": 0.0, "lr": 7e-05, "lr_std": 0.0, "params": 9207.0, "params_std": 0.0, "time_iter": 0.04348, "time_iter_std": 0.0, "accuracy": 1.0, "accuracy_std": 0.0, "precision": 1.0, "precision_std": 0.0, "recall": 1.0, "recall_std": 0.0, "f1": 1.0, "f1_std": 0.0, "auc": 1.0, "auc_std": 0.0}
{"epoch": 84, "time_epoch": 0.13279, "time_epoch_std": 0.0, "eta": 4.24441, "eta_std": 0.0, "eta_hours": 0.00118, "eta_hours_std": 0.0, "loss": 0.07875, "loss_std": 0.0, "lr": 6e-05, "lr_std": 0.0, "params": 9207.0, "params_std": 0.0, "time_iter": 0.04426, "time_iter_std": 0.0, "accuracy": 1.0, "accuracy_std": 0.0, "precision": 1.0, "precision_std": 0.0, "recall": 1.0, "recall_std": 0.0, "f1": 1.0, "f1_std": 0.0, "auc": 1.0, "auc_std": 0.0}
{"epoch": 85, "time_epoch": 0.13377, "time_epoch_std": 0.0, "eta": 3.93717, "eta_std": 0.0, "eta_hours": 0.00109, "eta_hours_std": 0.0, "loss": 0.072, "loss_std": 0.0, "lr": 5e-05, "lr_std": 0.0, "params": 9207.0, "params_std": 0.0, "time_iter": 0.04459, "time_iter_std": 0.0, "accuracy": 1.0, "accuracy_std": 0.0, "precision": 1.0, "precision_std": 0.0, "recall": 1.0, "recall_std": 0.0, "f1": 1.0, "f1_std": 0.0, "auc": 1.0, "auc_std": 0.0}
{"epoch": 86, "time_epoch": 0.12832, "time_epoch_std": 0.0, "eta": 3.63309, "eta_std": 0.0, "eta_hours": 0.00101, "eta_hours_std": 0.0, "loss": 0.059, "loss_std": 0.0, "lr": 5e-05, "lr_std": 0.0, "params": 9207.0, "params_std": 0.0, "time_iter": 0.04277, "time_iter_std": 0.0, "accuracy": 1.0, "accuracy_std": 0.0, "precision": 1.0, "precision_std": 0.0, "recall": 1.0, "recall_std": 0.0, "f1": 1.0, "f1_std": 0.0, "auc": 1.0, "auc_std": 0.0}
{"epoch": 87, "time_epoch": 0.13347, "time_epoch_std": 0.0, "eta": 3.33371, "eta_std": 0.0, "eta_hours": 0.00093, "eta_hours_std": 0.0, "loss": 0.06656, "loss_std": 0.0, "lr": 4e-05, "lr_std": 0.0, "params": 9207.0, "params_std": 0.0, "time_iter": 0.04449, "time_iter_std": 0.0, "accuracy": 1.0, "accuracy_std": 0.0, "precision": 1.0, "precision_std": 0.0, "recall": 1.0, "recall_std": 0.0, "f1": 1.0, "f1_std": 0.0, "auc": 1.0, "auc_std": 0.0}
{"epoch": 88, "time_epoch": 0.13276, "time_epoch_std": 0.0, "eta": 3.03798, "eta_std": 0.0, "eta_hours": 0.00084, "eta_hours_std": 0.0, "loss": 0.08314, "loss_std": 0.0, "lr": 4e-05, "lr_std": 0.0, "params": 9207.0, "params_std": 0.0, "time_iter": 0.04425, "time_iter_std": 0.0, "accuracy": 1.0, "accuracy_std": 0.0, "precision": 1.0, "precision_std": 0.0, "recall": 1.0, "recall_std": 0.0, "f1": 1.0, "f1_std": 0.0, "auc": 1.0, "auc_std": 0.0}
{"epoch": 89, "time_epoch": 0.13209, "time_epoch_std": 0.0, "eta": 2.74579, "eta_std": 0.0, "eta_hours": 0.00076, "eta_hours_std": 0.0, "loss": 0.12397, "loss_std": 0.0, "lr": 3e-05, "lr_std": 0.0, "params": 9207.0, "params_std": 0.0, "time_iter": 0.04403, "time_iter_std": 0.0, "accuracy": 0.97619, "accuracy_std": 0.0, "precision": 1.0, "precision_std": 0.0, "recall": 0.95, "recall_std": 0.0, "f1": 0.97436, "f1_std": 0.0, "auc": 1.0, "auc_std": 0.0}
{"epoch": 90, "time_epoch": 0.12833, "time_epoch_std": 0.0, "eta": 2.45674, "eta_std": 0.0, "eta_hours": 0.00068, "eta_hours_std": 0.0, "loss": 0.05064, "loss_std": 0.0, "lr": 2e-05, "lr_std": 0.0, "params": 9207.0, "params_std": 0.0, "time_iter": 0.04278, "time_iter_std": 0.0, "accuracy": 1.0, "accuracy_std": 0.0, "precision": 1.0, "precision_std": 0.0, "recall": 1.0, "recall_std": 0.0, "f1": 1.0, "f1_std": 0.0, "auc": 1.0, "auc_std": 0.0}
{"epoch": 91, "time_epoch": 0.13114, "time_epoch_std": 0.0, "eta": 2.17144, "eta_std": 0.0, "eta_hours": 0.0006, "eta_hours_std": 0.0, "loss": 0.05902, "loss_std": 0.0, "lr": 2e-05, "lr_std": 0.0, "params": 9207.0, "params_std": 0.0, "time_iter": 0.04371, "time_iter_std": 0.0, "accuracy": 1.0, "accuracy_std": 0.0, "precision": 1.0, "precision_std": 0.0, "recall": 1.0, "recall_std": 0.0, "f1": 1.0, "f1_std": 0.0, "auc": 1.0, "auc_std": 0.0}
{"epoch": 92, "time_epoch": 0.1332, "time_epoch_std": 0.0, "eta": 1.8896, "eta_std": 0.0, "eta_hours": 0.00052, "eta_hours_std": 0.0, "loss": 0.08812, "loss_std": 0.0, "lr": 2e-05, "lr_std": 0.0, "params": 9207.0, "params_std": 0.0, "time_iter": 0.0444, "time_iter_std": 0.0, "accuracy": 1.0, "accuracy_std": 0.0, "precision": 1.0, "precision_std": 0.0, "recall": 1.0, "recall_std": 0.0, "f1": 1.0, "f1_std": 0.0, "auc": 1.0, "auc_std": 0.0}
{"epoch": 93, "time_epoch": 0.12832, "time_epoch_std": 0.0, "eta": 1.61062, "eta_std": 0.0, "eta_hours": 0.00045, "eta_hours_std": 0.0, "loss": 0.06823, "loss_std": 0.0, "lr": 1e-05, "lr_std": 0.0, "params": 9207.0, "params_std": 0.0, "time_iter": 0.04277, "time_iter_std": 0.0, "accuracy": 1.0, "accuracy_std": 0.0, "precision": 1.0, "precision_std": 0.0, "recall": 1.0, "recall_std": 0.0, "f1": 1.0, "f1_std": 0.0, "auc": 1.0, "auc_std": 0.0}
{"epoch": 94, "time_epoch": 0.13669, "time_epoch_std": 0.0, "eta": 1.33525, "eta_std": 0.0, "eta_hours": 0.00037, "eta_hours_std": 0.0, "loss": 0.08156, "loss_std": 0.0, "lr": 1e-05, "lr_std": 0.0, "params": 9207.0, "params_std": 0.0, "time_iter": 0.04556, "time_iter_std": 0.0, "accuracy": 0.97619, "accuracy_std": 0.0, "precision": 1.0, "precision_std": 0.0, "recall": 0.95, "recall_std": 0.0, "f1": 0.97436, "f1_std": 0.0, "auc": 1.0, "auc_std": 0.0}
{"epoch": 95, "time_epoch": 0.12976, "time_epoch_std": 0.0, "eta": 1.06248, "eta_std": 0.0, "eta_hours": 0.0003, "eta_hours_std": 0.0, "loss": 0.06384, "loss_std": 0.0, "lr": 1e-05, "lr_std": 0.0, "params": 9207.0, "params_std": 0.0, "time_iter": 0.04325, "time_iter_std": 0.0, "accuracy": 1.0, "accuracy_std": 0.0, "precision": 1.0, "precision_std": 0.0, "recall": 1.0, "recall_std": 0.0, "f1": 1.0, "f1_std": 0.0, "auc": 1.0, "auc_std": 0.0}
{"epoch": 96, "time_epoch": 0.13731, "time_epoch_std": 0.0, "eta": 0.79289, "eta_std": 0.0, "eta_hours": 0.00022, "eta_hours_std": 0.0, "loss": 0.05304, "loss_std": 0.0, "lr": 0.0, "lr_std": 0.0, "params": 9207.0, "params_std": 0.0, "time_iter": 0.04577, "time_iter_std": 0.0, "accuracy": 1.0, "accuracy_std": 0.0, "precision": 1.0, "precision_std": 0.0, "recall": 1.0, "recall_std": 0.0, "f1": 1.0, "f1_std": 0.0, "auc": 1.0, "auc_std": 0.0}
{"epoch": 97, "time_epoch": 0.13289, "time_epoch_std": 0.0, "eta": 0.52591, "eta_std": 0.0, "eta_hours": 0.00015, "eta_hours_std": 0.0, "loss": 0.05632, "loss_std": 0.0, "lr": 0.0, "lr_std": 0.0, "params": 9207.0, "params_std": 0.0, "time_iter": 0.0443, "time_iter_std": 0.0, "accuracy": 1.0, "accuracy_std": 0.0, "precision": 1.0, "precision_std": 0.0, "recall": 1.0, "recall_std": 0.0, "f1": 1.0, "f1_std": 0.0, "auc": 1.0, "auc_std": 0.0}
{"epoch": 98, "time_epoch": 0.13011, "time_epoch_std": 0.0, "eta": 0.26161, "eta_std": 0.0, "eta_hours": 7e-05, "eta_hours_std": 0.0, "loss": 0.06266, "loss_std": 0.0, "lr": 0.0, "lr_std": 0.0, "params": 9207.0, "params_std": 0.0, "time_iter": 0.04337, "time_iter_std": 0.0, "accuracy": 1.0, "accuracy_std": 0.0, "precision": 1.0, "precision_std": 0.0, "recall": 1.0, "recall_std": 0.0, "f1": 1.0, "f1_std": 0.0, "auc": 1.0, "auc_std": 0.0}
{"epoch": 99, "time_epoch": 0.1353, "time_epoch_std": 0.0, "eta": 0.0, "eta_std": 0.0, "eta_hours": 0.0, "eta_hours_std": 0.0, "loss": 0.04876, "loss_std": 0.0, "lr": 0.0, "lr_std": 0.0, "params": 9207.0, "params_std": 0.0, "time_iter": 0.0451, "time_iter_std": 0.0, "accuracy": 1.0, "accuracy_std": 0.0, "precision": 1.0, "precision_std": 0.0, "recall": 1.0, "recall_std": 0.0, "f1": 1.0, "f1_std": 0.0, "auc": 1.0, "auc_std": 0.0}
