{"epoch": 0, "time_epoch": 0.93055, "time_epoch_std": 0.0, "eta": 92.12472, "eta_std": 0.0, "eta_hours": 0.02559, "eta_hours_std": 0.0, "loss": 0.67938, "loss_std": 0.0, "lr": 0.001, "lr_std": 0.0, "params": 9207.0, "params_std": 0.0, "time_iter": 0.31018, "time_iter_std": 0.0, "accuracy": 0.66667, "accuracy_std": 0.0, "precision": 0.66667, "precision_std": 0.0, "recall": 1.0, "recall_std": 0.0, "f1": 0.8, "f1_std": 0.0, "auc": 0.35799, "auc_std": 0.0}
{"epoch": 1, "time_epoch": 2.23212, "time_epoch_std": 0.0, "eta": 154.97078, "eta_std": 0.0, "eta_hours": 0.04305, "eta_hours_std": 0.0, "loss": 0.67598, "loss_std": 0.0, "lr": 0.001, "lr_std": 0.0, "params": 9207.0, "params_std": 0.0, "time_iter": 0.74404, "time_iter_std": 0.0, "accuracy": 0.66667, "accuracy_std": 0.0, "precision": 0.66667, "precision_std": 0.0, "recall": 1.0, "recall_std": 0.0, "f1": 0.8, "f1_std": 0.0, "auc": 0.63018, "auc_std": 0.0}
{"epoch": 2, "time_epoch": 2.03145, "time_epoch_std": 0.0, "eta": 167.94333, "eta_std": 0.0, "eta_hours": 0.04665, "eta_hours_std": 0.0, "loss": 0.67416, "loss_std": 0.0, "lr": 0.001, "lr_std": 0.0, "params": 9207.0, "params_std": 0.0, "time_iter": 0.67715, "time_iter_std": 0.0, "accuracy": 0.66667, "accuracy_std": 0.0, "precision": 0.66667, "precision_std": 0.0, "recall": 1.0, "recall_std": 0.0, "f1": 0.8, "f1_std": 0.0, "auc": 0.4497, "auc_std": 0.0}
{"epoch": 3, "time_epoch": 2.04253, "time_epoch_std": 0.0, "eta": 173.67974, "eta_std": 0.0, "eta_hours": 0.04824, "eta_hours_std": 0.0, "loss": 0.6722, "loss_std": 0.0, "lr": 0.001, "lr_std": 0.0, "params": 9207.0, "params_std": 0.0, "time_iter": 0.68084, "time_iter_std": 0.0, "accuracy": 0.66667, "accuracy_std": 0.0, "precision": 0.66667, "precision_std": 0.0, "recall": 1.0, "recall_std": 0.0, "f1": 0.8, "f1_std": 0.0, "auc": 0.38166, "auc_std": 0.0}
{"epoch": 4, "time_epoch": 2.07427, "time_epoch_std": 0.0, "eta": 176.90768, "eta_std": 0.0, "eta_hours": 0.04914, "eta_hours_std": 0.0, "loss": 0.66963, "loss_std": 0.0, "lr": 0.001, "lr_std": 0.0, "params": 9207.0, "params_std": 0.0, "time_iter": 0.69142, "time_iter_std": 0.0, "accuracy": 0.66667, "accuracy_std": 0.0, "precision": 0.66667, "precision_std": 0.0, "recall": 1.0, "recall_std": 0.0, "f1": 0.8, "f1_std": 0.0, "auc": 0.57396, "auc_std": 0.0}
{"epoch": 5, "time_epoch": 2.07695, "time_epoch_std": 0.0, "eta": 178.41015, "eta_std": 0.0, "eta_hours": 0.04956, "eta_hours_std": 0.0, "loss": 0.66787, "loss_std": 0.0, "lr": 0.00099, "lr_std": 0.0, "params": 9207.0, "params_std": 0.0, "time_iter": 0.69232, "time_iter_std": 0.0, "accuracy": 0.66667, "accuracy_std": 0.0, "precision": 0.66667, "precision_std": 0.0, "recall": 1.0, "recall_std": 0.0, "f1": 0.8, "f1_std": 0.0, "auc": 0.6716, "auc_std": 0.0}
{"epoch": 6, "time_epoch": 2.05519, "time_epoch_std": 0.0, "eta": 178.60079, "eta_std": 0.0, "eta_hours": 0.04961, "eta_hours_std": 0.0, "loss": 0.66635, "loss_std": 0.0, "lr": 0.00099, "lr_std": 0.0, "params": 9207.0, "params_std": 0.0, "time_iter": 0.68506, "time_iter_std": 0.0, "accuracy": 0.66667, "accuracy_std": 0.0, "precision": 0.66667, "precision_std": 0.0, "recall": 1.0, "recall_std": 0.0, "f1": 0.8, "f1_std": 0.0, "auc": 0.51775, "auc_std": 0.0}
{"epoch": 7, "time_epoch": 0.76027, "time_epoch_std": 0.0, "eta": 163.33842, "eta_std": 0.0, "eta_hours": 0.04537, "eta_hours_std": 0.0, "loss": 0.66405, "loss_std": 0.0, "lr": 0.00099, "lr_std": 0.0, "params": 9207.0, "params_std": 0.0, "time_iter": 0.25342, "time_iter_std": 0.0, "accuracy": 0.66667, "accuracy_std": 0.0, "precision": 0.66667, "precision_std": 0.0, "recall": 1.0, "recall_std": 0.0, "f1": 0.8, "f1_std": 0.0, "auc": 0.60355, "auc_std": 0.0}
{"epoch": 8, "time_epoch": 0.12284, "time_epoch_std": 0.0, "eta": 144.85362, "eta_std": 0.0, "eta_hours": 0.04024, "eta_hours_std": 0.0, "loss": 0.6619, "loss_std": 0.0, "lr": 0.00098, "lr_std": 0.0, "params": 9207.0, "params_std": 0.0, "time_iter": 0.04095, "time_iter_std": 0.0, "accuracy": 0.66667, "accuracy_std": 0.0, "precision": 0.66667, "precision_std": 0.0, "recall": 1.0, "recall_std": 0.0, "f1": 0.8, "f1_std": 0.0, "auc": 0.61538, "auc_std": 0.0}
{"epoch": 9, "time_epoch": 0.1227, "time_epoch_std": 0.0, "eta": 130.0399, "eta_std": 0.0, "eta_hours": 0.03612, "eta_hours_std": 0.0, "loss": 0.66005, "loss_std": 0.0, "lr": 0.00098, "lr_std": 0.0, "params": 9207.0, "params_std": 0.0, "time_iter": 0.0409, "time_iter_std": 0.0, "accuracy": 0.66667, "accuracy_std": 0.0, "precision": 0.66667, "precision_std": 0.0, "recall": 1.0, "recall_std": 0.0, "f1": 0.8, "f1_std": 0.0, "auc": 0.66568, "auc_std": 0.0}
{"epoch": 10, "time_epoch": 0.1199, "time_epoch_std": 0.0, "eta": 117.87467, "eta_std": 0.0, "eta_hours": 0.03274, "eta_hours_std": 0.0, "loss": 0.65726, "loss_std": 0.0, "lr": 0.00098, "lr_std": 0.0, "params": 9207.0, "params_std": 0.0, "time_iter": 0.03997, "time_iter_std": 0.0, "accuracy": 0.66667, "accuracy_std": 0.0, "precision": 0.66667, "precision_std": 0.0, "recall": 1.0, "recall_std": 0.0, "f1": 0.8, "f1_std": 0.0, "auc": 0.70118, "auc_std": 0.0}
{"epoch": 11, "time_epoch": 0.13036, "time_epoch_std": 0.0, "eta": 107.79369, "eta_std": 0.0, "eta_hours": 0.02994, "eta_hours_std": 0.0, "loss": 0.65484, "loss_std": 0.0, "lr": 0.00097, "lr_std": 0.0, "params": 9207.0, "params_std": 0.0, "time_iter": 0.04345, "time_iter_std": 0.0, "accuracy": 0.66667, "accuracy_std": 0.0, "precision": 0.66667, "precision_std": 0.0, "recall": 1.0, "recall_std": 0.0, "f1": 0.8, "f1_std": 0.0, "auc": 0.70414, "auc_std": 0.0}
{"epoch": 12, "time_epoch": 0.13117, "time_epoch_std": 0.0, "eta": 99.24902, "eta_std": 0.0, "eta_hours": 0.02757, "eta_hours_std": 0.0, "loss": 0.65354, "loss_std": 0.0, "lr": 0.00096, "lr_std": 0.0, "params": 9207.0, "params_std": 0.0, "time_iter": 0.04372, "time_iter_std": 0.0, "accuracy": 0.66667, "accuracy_std": 0.0, "precision": 0.66667, "precision_std": 0.0, "recall": 1.0, "recall_std": 0.0, "f1": 0.8, "f1_std": 0.0, "auc": 0.64201, "auc_std": 0.0}
{"epoch": 13, "time_epoch": 0.1299, "time_epoch_std": 0.0, "eta": 91.89846, "eta_std": 0.0, "eta_hours": 0.02553, "eta_hours_std": 0.0, "loss": 0.6505, "loss_std": 0.0, "lr": 0.00096, "lr_std": 0.0, "params": 9207.0, "params_std": 0.0, "time_iter": 0.0433, "time_iter_std": 0.0, "accuracy": 0.66667, "accuracy_std": 0.0, "precision": 0.66667, "precision_std": 0.0, "recall": 1.0, "recall_std": 0.0, "f1": 0.8, "f1_std": 0.0, "auc": 0.6213, "auc_std": 0.0}
{"epoch": 14, "time_epoch": 0.12894, "time_epoch_std": 0.0, "eta": 85.5052, "eta_std": 0.0, "eta_hours": 0.02375, "eta_hours_std": 0.0, "loss": 0.64681, "loss_std": 0.0, "lr": 0.00095, "lr_std": 0.0, "params": 9207.0, "params_std": 0.0, "time_iter": 0.04298, "time_iter_std": 0.0, "accuracy": 0.66667, "accuracy_std": 0.0, "precision": 0.66667, "precision_std": 0.0, "recall": 1.0, "recall_std": 0.0, "f1": 0.8, "f1_std": 0.0, "auc": 0.71598, "auc_std": 0.0}
{"epoch": 15, "time_epoch": 0.13256, "time_epoch_std": 0.0, "eta": 79.91397, "eta_std": 0.0, "eta_hours": 0.0222, "eta_hours_std": 0.0, "loss": 0.64402, "loss_std": 0.0, "lr": 0.00095, "lr_std": 0.0, "params": 9207.0, "params_std": 0.0, "time_iter": 0.04419, "time_iter_std": 0.0, "accuracy": 0.66667, "accuracy_std": 0.0, "precision": 0.66667, "precision_std": 0.0, "recall": 1.0, "recall_std": 0.0, "f1": 0.8, "f1_std": 0.0, "auc": 0.73373, "auc_std": 0.0}
{"epoch": 16, "time_epoch": 0.12911, "time_epoch_std": 0.0, "eta": 74.94813, "eta_std": 0.0, "eta_hours": 0.02082, "eta_hours_std": 0.0, "loss": 0.64112, "loss_std": 0.0, "lr": 0.00094, "lr_std": 0.0, "params": 9207.0, "params_std": 0.0, "time_iter": 0.04304, "time_iter_std": 0.0, "accuracy": 0.69231, "accuracy_std": 0.0, "precision": 0.68421, "precision_std": 0.0, "recall": 1.0, "recall_std": 0.0, "f1": 0.8125, "f1_std": 0.0, "auc": 0.79586, "auc_std": 0.0}
{"epoch": 17, "time_epoch": 0.12909, "time_epoch_std": 0.0, "eta": 70.51959, "eta_std": 0.0, "eta_hours": 0.01959, "eta_hours_std": 0.0, "loss": 0.63691, "loss_std": 0.0, "lr": 0.00093, "lr_std": 0.0, "params": 9207.0, "params_std": 0.0, "time_iter": 0.04303, "time_iter_std": 0.0, "accuracy": 0.69231, "accuracy_std": 0.0, "precision": 0.68421, "precision_std": 0.0, "recall": 1.0, "recall_std": 0.0, "f1": 0.8125, "f1_std": 0.0, "auc": 0.7426, "auc_std": 0.0}
{"epoch": 18, "time_epoch": 0.13205, "time_epoch_std": 0.0, "eta": 66.55625, "eta_std": 0.0, "eta_hours": 0.01849, "eta_hours_std": 0.0, "loss": 0.63342, "loss_std": 0.0, "lr": 0.00092, "lr_std": 0.0, "params": 9207.0, "params_std": 0.0, "time_iter": 0.04402, "time_iter_std": 0.0, "accuracy": 0.69231, "accuracy_std": 0.0, "precision": 0.68421, "precision_std": 0.0, "recall": 1.0, "recall_std": 0.0, "f1": 0.8125, "f1_std": 0.0, "auc": 0.86095, "auc_std": 0.0}
{"epoch": 19, "time_epoch": 0.13185, "time_epoch_std": 0.0, "eta": 62.97522, "eta_std": 0.0, "eta_hours": 0.01749, "eta_hours_std": 0.0, "loss": 0.62963, "loss_std": 0.0, "lr": 0.00091, "lr_std": 0.0, "params": 9207.0, "params_std": 0.0, "time_iter": 0.04395, "time_iter_std": 0.0, "accuracy": 0.69231, "accuracy_std": 0.0, "precision": 0.68421, "precision_std": 0.0, "recall": 1.0, "recall_std": 0.0, "f1": 0.8125, "f1_std": 0.0, "auc": 0.80178, "auc_std": 0.0}
{"epoch": 20, "time_epoch": 0.12999, "time_epoch_std": 0.0, "eta": 59.7157, "eta_std": 0.0, "eta_hours": 0.01659, "eta_hours_std": 0.0, "loss": 0.6259, "loss_std": 0.0, "lr": 0.0009, "lr_std": 0.0, "params": 9207.0, "params_std": 0.0, "time_iter": 0.04333, "time_iter_std": 0.0, "accuracy": 0.69231, "accuracy_std": 0.0, "precision": 0.68421, "precision_std": 0.0, "recall": 1.0, "recall_std": 0.0, "f1": 0.8125, "f1_std": 0.0, "auc": 0.79586, "auc_std": 0.0}
{"epoch": 21, "time_epoch": 0.1375, "time_epoch_std": 0.0, "eta": 56.76733, "eta_std": 0.0, "eta_hours": 0.01577, "eta_hours_std": 0.0, "loss": 0.61773, "loss_std": 0.0, "lr": 0.0009, "lr_std": 0.0, "params": 9207.0, "params_std": 0.0, "time_iter": 0.04583, "time_iter_std": 0.0, "accuracy": 0.69231, "accuracy_std": 0.0, "precision": 0.68421, "precision_std": 0.0, "recall": 1.0, "recall_std": 0.0, "f1": 0.8125, "f1_std": 0.0, "auc": 0.86391, "auc_std": 0.0}
{"epoch": 22, "time_epoch": 0.13132, "time_epoch_std": 0.0, "eta": 54.04269, "eta_std": 0.0, "eta_hours": 0.01501, "eta_hours_std": 0.0, "loss": 0.61285, "loss_std": 0.0, "lr": 0.00089, "lr_std": 0.0, "params": 9207.0, "params_std": 0.0, "time_iter": 0.04377, "time_iter_std": 0.0, "accuracy": 0.69231, "accuracy_std": 0.0, "precision": 0.68421, "precision_std": 0.0, "recall": 1.0, "recall_std": 0.0, "f1": 0.8125, "f1_std": 0.0, "auc": 0.8787, "auc_std": 0.0}
{"epoch": 23, "time_epoch": 0.13219, "time_epoch_std": 0.0, "eta": 51.5369, "eta_std": 0.0, "eta_hours": 0.01432, "eta_hours_std": 0.0, "loss": 0.60692, "loss_std": 0.0, "lr": 0.00088, "lr_std": 0.0, "params": 9207.0, "params_std": 0.0, "time_iter": 0.04406, "time_iter_std": 0.0, "accuracy": 0.69231, "accuracy_std": 0.0, "precision": 0.68421, "precision_std": 0.0, "recall": 1.0, "recall_std": 0.0, "f1": 0.8125, "f1_std": 0.0, "auc": 0.89645, "auc_std": 0.0}
{"epoch": 24, "time_epoch": 0.13704, "time_epoch_std": 0.0, "eta": 49.23555, "eta_std": 0.0, "eta_hours": 0.01368, "eta_hours_std": 0.0, "loss": 0.59951, "loss_std": 0.0, "lr": 0.00086, "lr_std": 0.0, "params": 9207.0, "params_std": 0.0, "time_iter": 0.04568, "time_iter_std": 0.0, "accuracy": 0.69231, "accuracy_std": 0.0, "precision": 0.68421, "precision_std": 0.0, "recall": 1.0, "recall_std": 0.0, "f1": 0.8125, "f1_std": 0.0, "auc": 0.92604, "auc_std": 0.0}
{"epoch": 25, "time_epoch": 0.1301, "time_epoch_std": 0.0, "eta": 47.08095, "eta_std": 0.0, "eta_hours": 0.01308, "eta_hours_std": 0.0, "loss": 0.59338, "loss_std": 0.0, "lr": 0.00085, "lr_std": 0.0, "params": 9207.0, "params_std": 0.0, "time_iter": 0.04337, "time_iter_std": 0.0, "accuracy": 0.69231, "accuracy_std": 0.0, "precision": 0.68421, "precision_std": 0.0, "recall": 1.0, "recall_std": 0.0, "f1": 0.8125, "f1_std": 0.0, "auc": 0.89645, "auc_std": 0.0}
{"epoch": 26, "time_epoch": 0.13562, "time_epoch_std": 0.0, "eta": 45.09122, "eta_std": 0.0, "eta_hours": 0.01253, "eta_hours_std": 0.0, "loss": 0.58204, "loss_std": 0.0, "lr": 0.00084, "lr_std": 0.0, "params": 9207.0, "params_std": 0.0, "time_iter": 0.04521, "time_iter_std": 0.0, "accuracy": 0.69231, "accuracy_std": 0.0, "precision": 0.68421, "precision_std": 0.0, "recall": 1.0, "recall_std": 0.0, "f1": 0.8125, "f1_std": 0.0, "auc": 0.87278, "auc_std": 0.0}
{"epoch": 27, "time_epoch": 0.13538, "time_epoch_std": 0.0, "eta": 43.2333, "eta_std": 0.0, "eta_hours": 0.01201, "eta_hours_std": 0.0, "loss": 0.5782, "loss_std": 0.0, "lr": 0.00083, "lr_std": 0.0, "params": 9207.0, "params_std": 0.0, "time_iter": 0.04513, "time_iter_std": 0.0, "accuracy": 0.69231, "accuracy_std": 0.0, "precision": 0.68421, "precision_std": 0.0, "recall": 1.0, "recall_std": 0.0, "f1": 0.8125, "f1_std": 0.0, "auc": 0.92899, "auc_std": 0.0}
{"epoch": 28, "time_epoch": 0.13709, "time_epoch_std": 0.0, "eta": 41.49837, "eta_std": 0.0, "eta_hours": 0.01153, "eta_hours_std": 0.0, "loss": 0.56781, "loss_std": 0.0, "lr": 0.00082, "lr_std": 0.0, "params": 9207.0, "params_std": 0.0, "time_iter": 0.0457, "time_iter_std": 0.0, "accuracy": 0.69231, "accuracy_std": 0.0, "precision": 0.68421, "precision_std": 0.0, "recall": 1.0, "recall_std": 0.0, "f1": 0.8125, "f1_std": 0.0, "auc": 0.9497, "auc_std": 0.0}
{"epoch": 29, "time_epoch": 0.12938, "time_epoch_std": 0.0, "eta": 39.85197, "eta_std": 0.0, "eta_hours": 0.01107, "eta_hours_std": 0.0, "loss": 0.55902, "loss_std": 0.0, "lr": 0.00081, "lr_std": 0.0, "params": 9207.0, "params_std": 0.0, "time_iter": 0.04313, "time_iter_std": 0.0, "accuracy": 0.69231, "accuracy_std": 0.0, "precision": 0.68421, "precision_std": 0.0, "recall": 1.0, "recall_std": 0.0, "f1": 0.8125, "f1_std": 0.0, "auc": 0.9497, "auc_std": 0.0}
{"epoch": 30, "time_epoch": 0.1364, "time_epoch_std": 0.0, "eta": 38.31908, "eta_std": 0.0, "eta_hours": 0.01064, "eta_hours_std": 0.0, "loss": 0.54826, "loss_std": 0.0, "lr": 0.00079, "lr_std": 0.0, "params": 9207.0, "params_std": 0.0, "time_iter": 0.04547, "time_iter_std": 0.0, "accuracy": 0.69231, "accuracy_std": 0.0, "precision": 0.68421, "precision_std": 0.0, "recall": 1.0, "recall_std": 0.0, "f1": 0.8125, "f1_std": 0.0, "auc": 0.94379, "auc_std": 0.0}
{"epoch": 31, "time_epoch": 0.13097, "time_epoch_std": 0.0, "eta": 36.86193, "eta_std": 0.0, "eta_hours": 0.01024, "eta_hours_std": 0.0, "loss": 0.55012, "loss_std": 0.0, "lr": 0.00078, "lr_std": 0.0, "params": 9207.0, "params_std": 0.0, "time_iter": 0.04366, "time_iter_std": 0.0, "accuracy": 0.71795, "accuracy_std": 0.0, "precision": 0.7027, "precision_std": 0.0, "recall": 1.0, "recall_std": 0.0, "f1": 0.8254, "f1_std": 0.0, "auc": 0.89941, "auc_std": 0.0}
{"epoch": 32, "time_epoch": 0.13024, "time_epoch_std": 0.0, "eta": 35.48366, "eta_std": 0.0, "eta_hours": 0.00986, "eta_hours_std": 0.0, "loss": 0.52758, "loss_std": 0.0, "lr": 0.00077, "lr_std": 0.0, "params": 9207.0, "params_std": 0.0, "time_iter": 0.04341, "time_iter_std": 0.0, "accuracy": 0.69231, "accuracy_std": 0.0, "precision": 0.68421, "precision_std": 0.0, "recall": 1.0, "recall_std": 0.0, "f1": 0.8125, "f1_std": 0.0, "auc": 0.97633, "auc_std": 0.0}
{"epoch": 33, "time_epoch": 0.13553, "time_epoch_std": 0.0, "eta": 34.18908, "eta_std": 0.0, "eta_hours": 0.0095, "eta_hours_std": 0.0, "loss": 0.5187, "loss_std": 0.0, "lr": 0.00075, "lr_std": 0.0, "params": 9207.0, "params_std": 0.0, "time_iter": 0.04518, "time_iter_std": 0.0, "accuracy": 0.71795, "accuracy_std": 0.0, "precision": 0.7027, "precision_std": 0.0, "recall": 1.0, "recall_std": 0.0, "f1": 0.8254, "f1_std": 0.0, "auc": 0.95858, "auc_std": 0.0}
{"epoch": 34, "time_epoch": 0.12867, "time_epoch_std": 0.0, "eta": 32.94799, "eta_std": 0.0, "eta_hours": 0.00915, "eta_hours_std": 0.0, "loss": 0.51367, "loss_std": 0.0, "lr": 0.00074, "lr_std": 0.0, "params": 9207.0, "params_std": 0.0, "time_iter": 0.04289, "time_iter_std": 0.0, "accuracy": 0.71795, "accuracy_std": 0.0, "precision": 0.7027, "precision_std": 0.0, "recall": 1.0, "recall_std": 0.0, "f1": 0.8254, "f1_std": 0.0, "auc": 0.93491, "auc_std": 0.0}
{"epoch": 35, "time_epoch": 0.13074, "time_epoch_std": 0.0, "eta": 31.77238, "eta_std": 0.0, "eta_hours": 0.00883, "eta_hours_std": 0.0, "loss": 0.49756, "loss_std": 0.0, "lr": 0.00073, "lr_std": 0.0, "params": 9207.0, "params_std": 0.0, "time_iter": 0.04358, "time_iter_std": 0.0, "accuracy": 0.69231, "accuracy_std": 0.0, "precision": 0.68421, "precision_std": 0.0, "recall": 1.0, "recall_std": 0.0, "f1": 0.8125, "f1_std": 0.0, "auc": 0.97041, "auc_std": 0.0}
{"epoch": 36, "time_epoch": 0.13172, "time_epoch_std": 0.0, "eta": 30.65492, "eta_std": 0.0, "eta_hours": 0.00852, "eta_hours_std": 0.0, "loss": 0.48948, "loss_std": 0.0, "lr": 0.00071, "lr_std": 0.0, "params": 9207.0, "params_std": 0.0, "time_iter": 0.04391, "time_iter_std": 0.0, "accuracy": 0.76923, "accuracy_std": 0.0, "precision": 0.74286, "precision_std": 0.0, "recall": 1.0, "recall_std": 0.0, "f1": 0.85246, "f1_std": 0.0, "auc": 0.95266, "auc_std": 0.0}
{"epoch": 37, "time_epoch": 0.13457, "time_epoch_std": 0.0, "eta": 29.59398, "eta_std": 0.0, "eta_hours": 0.00822, "eta_hours_std": 0.0, "loss": 0.47474, "loss_std": 0.0, "lr": 0.0007, "lr_std": 0.0, "params": 9207.0, "params_std": 0.0, "time_iter": 0.04486, "time_iter_std": 0.0, "accuracy": 0.71795, "accuracy_std": 0.0, "precision": 0.7027, "precision_std": 0.0, "recall": 1.0, "recall_std": 0.0, "f1": 0.8254, "f1_std": 0.0, "auc": 0.95858, "auc_std": 0.0}
{"epoch": 38, "time_epoch": 0.15327, "time_epoch_std": 0.0, "eta": 28.60981, "eta_std": 0.0, "eta_hours": 0.00795, "eta_hours_std": 0.0, "loss": 0.45977, "loss_std": 0.0, "lr": 0.00068, "lr_std": 0.0, "params": 9207.0, "params_std": 0.0, "time_iter": 0.05109, "time_iter_std": 0.0, "accuracy": 0.76923, "accuracy_std": 0.0, "precision": 0.74286, "precision_std": 0.0, "recall": 1.0, "recall_std": 0.0, "f1": 0.85246, "f1_std": 0.0, "auc": 0.96746, "auc_std": 0.0}
{"epoch": 39, "time_epoch": 0.1488, "time_epoch_std": 0.0, "eta": 27.66049, "eta_std": 0.0, "eta_hours": 0.00768, "eta_hours_std": 0.0, "loss": 0.436, "loss_std": 0.0, "lr": 0.00067, "lr_std": 0.0, "params": 9207.0, "params_std": 0.0, "time_iter": 0.0496, "time_iter_std": 0.0, "accuracy": 0.82051, "accuracy_std": 0.0, "precision": 0.78788, "precision_std": 0.0, "recall": 1.0, "recall_std": 0.0, "f1": 0.88136, "f1_std": 0.0, "auc": 0.97633, "auc_std": 0.0}
{"epoch": 40, "time_epoch": 0.15286, "time_epoch_std": 0.0, "eta": 26.75604, "eta_std": 0.0, "eta_hours": 0.00743, "eta_hours_std": 0.0, "loss": 0.42769, "loss_std": 0.0, "lr": 0.00065, "lr_std": 0.0, "params": 9207.0, "params_std": 0.0, "time_iter": 0.05095, "time_iter_std": 0.0, "accuracy": 0.82051, "accuracy_std": 0.0, "precision": 0.78788, "precision_std": 0.0, "recall": 1.0, "recall_std": 0.0, "f1": 0.88136, "f1_std": 0.0, "auc": 0.9645, "auc_std": 0.0}
{"epoch": 41, "time_epoch": 0.14678, "time_epoch_std": 0.0, "eta": 25.87899, "eta_std": 0.0, "eta_hours": 0.00719, "eta_hours_std": 0.0, "loss": 0.39868, "loss_std": 0.0, "lr": 0.00064, "lr_std": 0.0, "params": 9207.0, "params_std": 0.0, "time_iter": 0.04893, "time_iter_std": 0.0, "accuracy": 0.82051, "accuracy_std": 0.0, "precision": 0.78788, "precision_std": 0.0, "recall": 1.0, "recall_std": 0.0, "f1": 0.88136, "f1_std": 0.0, "auc": 1.0, "auc_std": 0.0}
{"epoch": 42, "time_epoch": 0.13652, "time_epoch_std": 0.0, "eta": 25.02231, "eta_std": 0.0, "eta_hours": 0.00695, "eta_hours_std": 0.0, "loss": 0.38412, "loss_std": 0.0, "lr": 0.00062, "lr_std": 0.0, "params": 9207.0, "params_std": 0.0, "time_iter": 0.04551, "time_iter_std": 0.0, "accuracy": 0.89744, "accuracy_std": 0.0, "precision": 0.86667, "precision_std": 0.0, "recall": 1.0, "recall_std": 0.0, "f1": 0.92857, "f1_std": 0.0, "auc": 1.0, "auc_std": 0.0}
{"epoch": 43, "time_epoch": 0.13537, "time_epoch_std": 0.0, "eta": 24.19689, "eta_std": 0.0, "eta_hours": 0.00672, "eta_hours_std": 0.0, "loss": 0.37906, "loss_std": 0.0, "lr": 0.00061, "lr_std": 0.0, "params": 9207.0, "params_std": 0.0, "time_iter": 0.04512, "time_iter_std": 0.0, "accuracy": 0.84615, "accuracy_std": 0.0, "precision": 0.8125, "precision_std": 0.0, "recall": 1.0, "recall_std": 0.0, "f1": 0.89655, "f1_std": 0.0, "auc": 1.0, "auc_std": 0.0}
{"epoch": 44, "time_epoch": 0.13374, "time_epoch_std": 0.0, "eta": 23.40016, "eta_std": 0.0, "eta_hours": 0.0065, "eta_hours_std": 0.0, "loss": 0.36384, "loss_std": 0.0, "lr": 0.00059, "lr_std": 0.0, "params": 9207.0, "params_std": 0.0, "time_iter": 0.04458, "time_iter_std": 0.0, "accuracy": 0.87179, "accuracy_std": 0.0, "precision": 0.83871, "precision_std": 0.0, "recall": 1.0, "recall_std": 0.0, "f1": 0.91228, "f1_std": 0.0, "auc": 0.99704, "auc_std": 0.0}
{"epoch": 45, "time_epoch": 0.13136, "time_epoch_std": 0.0, "eta": 22.62946, "eta_std": 0.0, "eta_hours": 0.00629, "eta_hours_std": 0.0, "loss": 0.33263, "loss_std": 0.0, "lr": 0.00058, "lr_std": 0.0, "params": 9207.0, "params_std": 0.0, "time_iter": 0.04379, "time_iter_std": 0.0, "accuracy": 0.89744, "accuracy_std": 0.0, "precision": 0.86667, "precision_std": 0.0, "recall": 1.0, "recall_std": 0.0, "f1": 0.92857, "f1_std": 0.0, "auc": 0.99704, "auc_std": 0.0}
{"epoch": 46, "time_epoch": 0.13312, "time_epoch_std": 0.0, "eta": 21.88795, "eta_std": 0.0, "eta_hours": 0.00608, "eta_hours_std": 0.0, "loss": 0.31857, "loss_std": 0.0, "lr": 0.00056, "lr_std": 0.0, "params": 9207.0, "params_std": 0.0, "time_iter": 0.04437, "time_iter_std": 0.0, "accuracy": 0.92308, "accuracy_std": 0.0, "precision": 0.89655, "precision_std": 0.0, "recall": 1.0, "recall_std": 0.0, "f1": 0.94545, "f1_std": 0.0, "auc": 0.99704, "auc_std": 0.0}
{"epoch": 47, "time_epoch": 0.13427, "time_epoch_std": 0.0, "eta": 21.17304, "eta_std": 0.0, "eta_hours": 0.00588, "eta_hours_std": 0.0, "loss": 0.30346, "loss_std": 0.0, "lr": 0.00055, "lr_std": 0.0, "params": 9207.0, "params_std": 0.0, "time_iter": 0.04476, "time_iter_std": 0.0, "accuracy": 0.94872, "accuracy_std": 0.0, "precision": 0.92857, "precision_std": 0.0, "recall": 1.0, "recall_std": 0.0, "f1": 0.96296, "f1_std": 0.0, "auc": 0.99408, "auc_std": 0.0}
{"epoch": 48, "time_epoch": 0.12929, "time_epoch_std": 0.0, "eta": 20.47663, "eta_std": 0.0, "eta_hours": 0.00569, "eta_hours_std": 0.0, "loss": 0.32954, "loss_std": 0.0, "lr": 0.00053, "lr_std": 0.0, "params": 9207.0, "params_std": 0.0, "time_iter": 0.0431, "time_iter_std": 0.0, "accuracy": 0.89744, "accuracy_std": 0.0, "precision": 0.86667, "precision_std": 0.0, "recall": 1.0, "recall_std": 0.0, "f1": 0.92857, "f1_std": 0.0, "auc": 0.97041, "auc_std": 0.0}
{"epoch": 49, "time_epoch": 0.13189, "time_epoch_std": 0.0, "eta": 19.80552, "eta_std": 0.0, "eta_hours": 0.0055, "eta_hours_std": 0.0, "loss": 0.3078, "loss_std": 0.0, "lr": 0.00052, "lr_std": 0.0, "params": 9207.0, "params_std": 0.0, "time_iter": 0.04396, "time_iter_std": 0.0, "accuracy": 0.92308, "accuracy_std": 0.0, "precision": 0.89655, "precision_std": 0.0, "recall": 1.0, "recall_std": 0.0, "f1": 0.94545, "f1_std": 0.0, "auc": 0.99704, "auc_std": 0.0}
{"epoch": 50, "time_epoch": 0.12984, "time_epoch_std": 0.0, "eta": 19.15358, "eta_std": 0.0, "eta_hours": 0.00532, "eta_hours_std": 0.0, "loss": 0.25289, "loss_std": 0.0, "lr": 0.0005, "lr_std": 0.0, "params": 9207.0, "params_std": 0.0, "time_iter": 0.04328, "time_iter_std": 0.0, "accuracy": 0.97436, "accuracy_std": 0.0, "precision": 0.96296, "precision_std": 0.0, "recall": 1.0, "recall_std": 0.0, "f1": 0.98113, "f1_std": 0.0, "auc": 1.0, "auc_std": 0.0}
{"epoch": 51, "time_epoch": 0.1287, "time_epoch_std": 0.0, "eta": 18.52067, "eta_std": 0.0, "eta_hours": 0.00514, "eta_hours_std": 0.0, "loss": 0.25865, "loss_std": 0.0, "lr": 0.00048, "lr_std": 0.0, "params": 9207.0, "params_std": 0.0, "time_iter": 0.0429, "time_iter_std": 0.0, "accuracy": 0.92308, "accuracy_std": 0.0, "precision": 0.89655, "precision_std": 0.0, "recall": 1.0, "recall_std": 0.0, "f1": 0.94545, "f1_std": 0.0, "auc": 1.0, "auc_std": 0.0}
{"epoch": 52, "time_epoch": 0.1297, "time_epoch_std": 0.0, "eta": 17.90767, "eta_std": 0.0, "eta_hours": 0.00497, "eta_hours_std": 0.0, "loss": 0.28002, "loss_std": 0.0, "lr": 0.00047, "lr_std": 0.0, "params": 9207.0, "params_std": 0.0, "time_iter": 0.04323, "time_iter_std": 0.0, "accuracy": 0.97436, "accuracy_std": 0.0, "precision": 0.96296, "precision_std": 0.0, "recall": 1.0, "recall_std": 0.0, "f1": 0.98113, "f1_std": 0.0, "auc": 0.98225, "auc_std": 0.0}
{"epoch": 53, "time_epoch": 0.13143, "time_epoch_std": 0.0, "eta": 17.31405, "eta_std": 0.0, "eta_hours": 0.00481, "eta_hours_std": 0.0, "loss": 0.21713, "loss_std": 0.0, "lr": 0.00045, "lr_std": 0.0, "params": 9207.0, "params_std": 0.0, "time_iter": 0.04381, "time_iter_std": 0.0, "accuracy": 0.97436, "accuracy_std": 0.0, "precision": 0.96296, "precision_std": 0.0, "recall": 1.0, "recall_std": 0.0, "f1": 0.98113, "f1_std": 0.0, "auc": 1.0, "auc_std": 0.0}
{"epoch": 54, "time_epoch": 0.1289, "time_epoch_std": 0.0, "eta": 16.73516, "eta_std": 0.0, "eta_hours": 0.00465, "eta_hours_std": 0.0, "loss": 0.22349, "loss_std": 0.0, "lr": 0.00044, "lr_std": 0.0, "params": 9207.0, "params_std": 0.0, "time_iter": 0.04297, "time_iter_std": 0.0, "accuracy": 0.97436, "accuracy_std": 0.0, "precision": 0.96296, "precision_std": 0.0, "recall": 1.0, "recall_std": 0.0, "f1": 0.98113, "f1_std": 0.0, "auc": 1.0, "auc_std": 0.0}
{"epoch": 55, "time_epoch": 0.1346, "time_epoch_std": 0.0, "eta": 16.17682, "eta_std": 0.0, "eta_hours": 0.00449, "eta_hours_std": 0.0, "loss": 0.22826, "loss_std": 0.0, "lr": 0.00042, "lr_std": 0.0, "params": 9207.0, "params_std": 0.0, "time_iter": 0.04487, "time_iter_std": 0.0, "accuracy": 0.97436, "accuracy_std": 0.0, "precision": 0.96296, "precision_std": 0.0, "recall": 1.0, "recall_std": 0.0, "f1": 0.98113, "f1_std": 0.0, "auc": 0.99408, "auc_std": 0.0}
{"epoch": 56, "time_epoch": 0.13268, "time_epoch_std": 0.0, "eta": 15.63191, "eta_std": 0.0, "eta_hours": 0.00434, "eta_hours_std": 0.0, "loss": 0.22975, "loss_std": 0.0, "lr": 0.00041, "lr_std": 0.0, "params": 9207.0, "params_std": 0.0, "time_iter": 0.04423, "time_iter_std": 0.0, "accuracy": 0.94872, "accuracy_std": 0.0, "precision": 0.92857, "precision_std": 0.0, "recall": 1.0, "recall_std": 0.0, "f1": 0.96296, "f1_std": 0.0, "auc": 1.0, "auc_std": 0.0}
{"epoch": 57, "time_epoch": 0.12958, "time_epoch_std": 0.0, "eta": 15.09897, "eta_std": 0.0, "eta_hours": 0.00419, "eta_hours_std": 0.0, "loss": 0.18463, "loss_std": 0.0, "lr": 0.00039, "lr_std": 0.0, "params": 9207.0, "params_std": 0.0, "time_iter": 0.04319, "time_iter_std": 0.0, "accuracy": 0.97436, "accuracy_std": 0.0, "precision": 0.96296, "precision_std": 0.0, "recall": 1.0, "recall_std": 0.0, "f1": 0.98113, "f1_std": 0.0, "auc": 1.0, "auc_std": 0.0}
{"epoch": 58, "time_epoch": 0.13067, "time_epoch_std": 0.0, "eta": 14.58045, "eta_std": 0.0, "eta_hours": 0.00405, "eta_hours_std": 0.0, "loss": 0.18029, "loss_std": 0.0, "lr": 0.00038, "lr_std": 0.0, "params": 9207.0, "params_std": 0.0, "time_iter": 0.04356, "time_iter_std": 0.0, "accuracy": 1.0, "accuracy_std": 0.0, "precision": 1.0, "precision_std": 0.0, "recall": 1.0, "recall_std": 0.0, "f1": 1.0, "f1_std": 0.0, "auc": 1.0, "auc_std": 0.0}
{"epoch": 59, "time_epoch": 0.13084, "time_epoch_std": 0.0, "eta": 14.07497, "eta_std": 0.0, "eta_hours": 0.00391, "eta_hours_std": 0.0, "loss": 0.2104, "loss_std": 0.0, "lr": 0.00036, "lr_std": 0.0, "params": 9207.0, "params_std": 0.0, "time_iter": 0.04361, "time_iter_std": 0.0, "accuracy": 0.97436, "accuracy_std": 0.0, "precision": 0.96296, "precision_std": 0.0, "recall": 1.0, "recall_std": 0.0, "f1": 0.98113, "f1_std": 0.0, "auc": 0.99704, "auc_std": 0.0}
{"epoch": 60, "time_epoch": 0.14158, "time_epoch_std": 0.0, "eta": 13.58865, "eta_std": 0.0, "eta_hours": 0.00377, "eta_hours_std": 0.0, "loss": 0.159, "loss_std": 0.0, "lr": 0.00035, "lr_std": 0.0, "params": 9207.0, "params_std": 0.0, "time_iter": 0.04719, "time_iter_std": 0.0, "accuracy": 1.0, "accuracy_std": 0.0, "precision": 1.0, "precision_std": 0.0, "recall": 1.0, "recall_std": 0.0, "f1": 1.0, "f1_std": 0.0, "auc": 1.0, "auc_std": 0.0}
{"epoch": 61, "time_epoch": 0.1515, "time_epoch_std": 0.0, "eta": 13.11953, "eta_std": 0.0, "eta_hours": 0.00364, "eta_hours_std": 0.0, "loss": 0.18776, "loss_std": 0.0, "lr": 0.00033, "lr_std": 0.0, "params": 9207.0, "params_std": 0.0, "time_iter": 0.0505, "time_iter_std": 0.0, "accuracy": 0.97436, "accuracy_std": 0.0, "precision": 0.96296, "precision_std": 0.0, "recall": 1.0, "recall_std": 0.0, "f1": 0.98113, "f1_std": 0.0, "auc": 0.99704, "auc_std": 0.0}
{"epoch": 62, "time_epoch": 0.15237, "time_epoch_std": 0.0, "eta": 12.661, "eta_std": 0.0, "eta_hours": 0.00352, "eta_hours_std": 0.0, "loss": 0.1463, "loss_std": 0.0, "lr": 0.00032, "lr_std": 0.0, "params": 9207.0, "params_std": 0.0, "time_iter": 0.05079, "time_iter_std": 0.0, "accuracy": 1.0, "accuracy_std": 0.0, "precision": 1.0, "precision_std": 0.0, "recall": 1.0, "recall_std": 0.0, "f1": 1.0, "f1_std": 0.0, "auc": 1.0, "auc_std": 0.0}
{"epoch": 63, "time_epoch": 0.15172, "time_epoch_std": 0.0, "eta": 12.21167, "eta_std": 0.0, "eta_hours": 0.00339, "eta_hours_std": 0.0, "loss": 0.15222, "loss_std": 0.0, "lr": 0.0003, "lr_std": 0.0, "params": 9207.0, "params_std": 0.0, "time_iter": 0.05057, "time_iter_std": 0.0, "accuracy": 1.0, "accuracy_std": 0.0, "precision": 1.0, "precision_std": 0.0, "recall": 1.0, "recall_std": 0.0, "f1": 1.0, "f1_std": 0.0, "auc": 1.0, "auc_std": 0.0}
{"epoch": 64, "time_epoch": 0.15268, "time_epoch_std": 0.0, "eta": 11.77202, "eta_std": 0.0, "eta_hours": 0.00327, "eta_hours_std": 0.0, "loss": 0.1604, "loss_std": 0.0, "lr": 0.00029, "lr_std": 0.0, "params": 9207.0, "params_std": 0.0, "time_iter": 0.05089, "time_iter_std": 0.0, "accuracy": 0.94872, "accuracy_std": 0.0, "precision": 0.92857, "precision_std": 0.0, "recall": 1.0, "recall_std": 0.0, "f1": 0.96296, "f1_std": 0.0, "auc": 1.0, "auc_std": 0.0}
{"epoch": 65, "time_epoch": 0.15105, "time_epoch_std": 0.0, "eta": 11.34022, "eta_std": 0.0, "eta_hours": 0.00315, "eta_hours_std": 0.0, "loss": 0.12575, "loss_std": 0.0, "lr": 0.00027, "lr_std": 0.0, "params": 9207.0, "params_std": 0.0, "time_iter": 0.05035, "time_iter_std": 0.0, "accuracy": 1.0, "accuracy_std": 0.0, "precision": 1.0, "precision_std": 0.0, "recall": 1.0, "recall_std": 0.0, "f1": 1.0, "f1_std": 0.0, "auc": 1.0, "auc_std": 0.0}
{"epoch": 66, "time_epoch": 0.1513, "time_epoch_std": 0.0, "eta": 10.91693, "eta_std": 0.0, "eta_hours": 0.00303, "eta_hours_std": 0.0, "loss": 0.16537, "loss_std": 0.0, "lr": 0.00026, "lr_std": 0.0, "params": 9207.0, "params_std": 0.0, "time_iter": 0.05043, "time_iter_std": 0.0, "accuracy": 1.0, "accuracy_std": 0.0, "precision": 1.0, "precision_std": 0.0, "recall": 1.0, "recall_std": 0.0, "f1": 1.0, "f1_std": 0.0, "auc": 1.0, "auc_std": 0.0}
{"epoch": 67, "time_epoch": 0.15654, "time_epoch_std": 0.0, "eta": 10.5041, "eta_std": 0.0, "eta_hours": 0.00292, "eta_hours_std": 0.0, "loss": 0.13933, "loss_std": 0.0, "lr": 0.00025, "lr_std": 0.0, "params": 9207.0, "params_std": 0.0, "time_iter": 0.05218, "time_iter_std": 0.0, "accuracy": 0.97436, "accuracy_std": 0.0, "precision": 0.96296, "precision_std": 0.0, "recall": 1.0, "recall_std": 0.0, "f1": 0.98113, "f1_std": 0.0, "auc": 1.0, "auc_std": 0.0}
{"epoch": 68, "time_epoch": 0.15087, "time_epoch_std": 0.0, "eta": 10.09615, "eta_std": 0.0, "eta_hours": 0.0028, "eta_hours_std": 0.0, "loss": 0.14222, "loss_std": 0.0, "lr": 0.00023, "lr_std": 0.0, "params": 9207.0, "params_std": 0.0, "time_iter": 0.05029, "time_iter_std": 0.0, "accuracy": 0.97436, "accuracy_std": 0.0, "precision": 0.96296, "precision_std": 0.0, "recall": 1.0, "recall_std": 0.0, "f1": 0.98113, "f1_std": 0.0, "auc": 1.0, "auc_std": 0.0}
{"epoch": 69, "time_epoch": 0.15254, "time_epoch_std": 0.0, "eta": 9.69627, "eta_std": 0.0, "eta_hours": 0.00269, "eta_hours_std": 0.0, "loss": 0.10854, "loss_std": 0.0, "lr": 0.00022, "lr_std": 0.0, "params": 9207.0, "params_std": 0.0, "time_iter": 0.05085, "time_iter_std": 0.0, "accuracy": 1.0, "accuracy_std": 0.0, "precision": 1.0, "precision_std": 0.0, "recall": 1.0, "recall_std": 0.0, "f1": 1.0, "f1_std": 0.0, "auc": 1.0, "auc_std": 0.0}
{"epoch": 70, "time_epoch": 0.15542, "time_epoch_std": 0.0, "eta": 9.30453, "eta_std": 0.0, "eta_hours": 0.00258, "eta_hours_std": 0.0, "loss": 0.11123, "loss_std": 0.0, "lr": 0.00021, "lr_std": 0.0, "params": 9207.0, "params_std": 0.0, "time_iter": 0.05181, "time_iter_std": 0.0, "accuracy": 1.0, "accuracy_std": 0.0, "precision": 1.0, "precision_std": 0.0, "recall": 1.0, "recall_std": 0.0, "f1": 1.0, "f1_std": 0.0, "auc": 1.0, "auc_std": 0.0}
{"epoch": 71, "time_epoch": 0.15141, "time_epoch_std": 0.0, "eta": 8.91779, "eta_std": 0.0, "eta_hours": 0.00248, "eta_hours_std": 0.0, "loss": 0.1081, "loss_std": 0.0, "lr": 0.00019, "lr_std": 0.0, "params": 9207.0, "params_std": 0.0, "time_iter": 0.05047, "time_iter_std": 0.0, "accuracy": 1.0, "accuracy_std": 0.0, "precision": 1.0, "precision_std": 0.0, "recall": 1.0, "recall_std": 0.0, "f1": 1.0, "f1_std": 0.0, "auc": 1.0, "auc_std": 0.0}
{"epoch": 72, "time_epoch": 0.15534, "time_epoch_std": 0.0, "eta": 8.53895, "eta_std": 0.0, "eta_hours": 0.00237, "eta_hours_std": 0.0, "loss": 0.11358, "loss_std": 0.0, "lr": 0.00018, "lr_std": 0.0, "params": 9207.0, "params_std": 0.0, "time_iter": 0.05178, "time_iter_std": 0.0, "accuracy": 1.0, "accuracy_std": 0.0, "precision": 1.0, "precision_std": 0.0, "recall": 1.0, "recall_std": 0.0, "f1": 1.0, "f1_std": 0.0, "auc": 1.0, "auc_std": 0.0}
{"epoch": 73, "time_epoch": 0.15031, "time_epoch_std": 0.0, "eta": 8.16439, "eta_std": 0.0, "eta_hours": 0.00227, "eta_hours_std": 0.0, "loss": 0.10211, "loss_std": 0.0, "lr": 0.00017, "lr_std": 0.0, "params": 9207.0, "params_std": 0.0, "time_iter": 0.0501, "time_iter_std": 0.0, "accuracy": 1.0, "accuracy_std": 0.0, "precision": 1.0, "precision_std": 0.0, "recall": 1.0, "recall_std": 0.0, "f1": 1.0, "f1_std": 0.0, "auc": 1.0, "auc_std": 0.0}
{"epoch": 74, "time_epoch": 0.15155, "time_epoch_std": 0.0, "eta": 7.79622, "eta_std": 0.0, "eta_hours": 0.00217, "eta_hours_std": 0.0, "loss": 0.10499, "loss_std": 0.0, "lr": 0.00016, "lr_std": 0.0, "params": 9207.0, "params_std": 0.0, "time_iter": 0.05052, "time_iter_std": 0.0, "accuracy": 1.0, "accuracy_std": 0.0, "precision": 1.0, "precision_std": 0.0, "recall": 1.0, "recall_std": 0.0, "f1": 1.0, "f1_std": 0.0, "auc": 1.0, "auc_std": 0.0}
{"epoch": 75, "time_epoch": 0.16183, "time_epoch_std": 0.0, "eta": 7.437, "eta_std": 0.0, "eta_hours": 0.00207, "eta_hours_std": 0.0, "loss": 0.109, "loss_std": 0.0, "lr": 0.00015, "lr_std": 0.0, "params": 9207.0, "params_std": 0.0, "time_iter": 0.05394, "time_iter_std": 0.0, "accuracy": 1.0, "accuracy_std": 0.0, "precision": 1.0, "precision_std": 0.0, "recall": 1.0, "recall_std": 0.0, "f1": 1.0, "f1_std": 0.0, "auc": 1.0, "auc_std": 0.0}
{"epoch": 76, "time_epoch": 0.15311, "time_epoch_std": 0.0, "eta": 7.0803, "eta_std": 0.0, "eta_hours": 0.00197, "eta_hours_std": 0.0, "loss": 0.12359, "loss_std": 0.0, "lr": 0.00014, "lr_std": 0.0, "params": 9207.0, "params_std": 0.0, "time_iter": 0.05104, "time_iter_std": 0.0, "accuracy": 1.0, "accuracy_std": 0.0, "precision": 1.0, "precision_std": 0.0, "recall": 1.0, "recall_std": 0.0, "f1": 1.0, "f1_std": 0.0, "auc": 1.0, "auc_std": 0.0}
{"epoch": 77, "time_epoch": 0.15157, "time_epoch_std": 0.0, "eta": 6.72838, "eta_std": 0.0, "eta_hours": 0.00187, "eta_hours_std": 0.0, "loss": 0.1322, "loss_std": 0.0, "lr": 0.00012, "lr_std": 0.0, "params": 9207.0, "params_std": 0.0, "time_iter": 0.05052, "time_iter_std": 0.0, "accuracy": 0.97436, "accuracy_std": 0.0, "precision": 0.96296, "precision_std": 0.0, "recall": 1.0, "recall_std": 0.0, "f1": 0.98113, "f1_std": 0.0, "auc": 1.0, "auc_std": 0.0}
{"epoch": 78, "time_epoch": 0.15353, "time_epoch_std": 0.0, "eta": 6.38206, "eta_std": 0.0, "eta_hours": 0.00177, "eta_hours_std": 0.0, "loss": 0.10892, "loss_std": 0.0, "lr": 0.00011, "lr_std": 0.0, "params": 9207.0, "params_std": 0.0, "time_iter": 0.05118, "time_iter_std": 0.0, "accuracy": 1.0, "accuracy_std": 0.0, "precision": 1.0, "precision_std": 0.0, "recall": 1.0, "recall_std": 0.0, "f1": 1.0, "f1_std": 0.0, "auc": 1.0, "auc_std": 0.0}
{"epoch": 79, "time_epoch": 0.14908, "time_epoch_std": 0.0, "eta": 6.03945, "eta_std": 0.0, "eta_hours": 0.00168, "eta_hours_std": 0.0, "loss": 0.11228, "loss_std": 0.0, "lr": 0.0001, "lr_std": 0.0, "params": 9207.0, "params_std": 0.0, "time_iter": 0.04969, "time_iter_std": 0.0, "accuracy": 1.0, "accuracy_std": 0.0, "precision": 1.0, "precision_std": 0.0, "recall": 1.0, "recall_std": 0.0, "f1": 1.0, "f1_std": 0.0, "auc": 1.0, "auc_std": 0.0}
{"epoch": 80, "time_epoch": 0.15238, "time_epoch_std": 0.0, "eta": 5.70238, "eta_std": 0.0, "eta_hours": 0.00158, "eta_hours_std": 0.0, "loss": 0.09142, "loss_std": 0.0, "lr": 0.0001, "lr_std": 0.0, "params": 9207.0, "params_std": 0.0, "time_iter": 0.05079, "time_iter_std": 0.0, "accuracy": 1.0, "accuracy_std": 0.0, "precision": 1.0, "precision_std": 0.0, "recall": 1.0, "recall_std": 0.0, "f1": 1.0, "f1_std": 0.0, "auc": 1.0, "auc_std": 0.0}
{"epoch": 81, "time_epoch": 0.15407, "time_epoch_std": 0.0, "eta": 5.3702, "eta_std": 0.0, "eta_hours": 0.00149, "eta_hours_std": 0.0, "loss": 0.09037, "loss_std": 0.0, "lr": 9e-05, "lr_std": 0.0, "params": 9207.0, "params_std": 0.0, "time_iter": 0.05136, "time_iter_std": 0.0, "accuracy": 1.0, "accuracy_std": 0.0, "precision": 1.0, "precision_std": 0.0, "recall": 1.0, "recall_std": 0.0, "f1": 1.0, "f1_std": 0.0, "auc": 1.0, "auc_std": 0.0}
{"epoch": 82, "time_epoch": 0.15135, "time_epoch_std": 0.0, "eta": 5.04175, "eta_std": 0.0, "eta_hours": 0.0014, "eta_hours_std": 0.0, "loss": 0.09169, "loss_std": 0.0, "lr": 8e-05, "lr_std": 0.0, "params": 9207.0, "params_std": 0.0, "time_iter": 0.05045, "time_iter_std": 0.0, "accuracy": 1.0, "accuracy_std": 0.0, "precision": 1.0, "precision_std": 0.0, "recall": 1.0, "recall_std": 0.0, "f1": 1.0, "f1_std": 0.0, "auc": 1.0, "auc_std": 0.0}
{"epoch": 83, "time_epoch": 0.15161, "time_epoch_std": 0.0, "eta": 4.71756, "eta_std": 0.0, "eta_hours": 0.00131, "eta_hours_std": 0.0, "loss": 0.09079, "loss_std": 0.0, "lr": 7e-05, "lr_std": 0.0, "params": 9207.0, "params_std": 0.0, "time_iter": 0.05054, "time_iter_std": 0.0, "accuracy": 1.0, "accuracy_std": 0.0, "precision": 1.0, "precision_std": 0.0, "recall": 1.0, "recall_std": 0.0, "f1": 1.0, "f1_std": 0.0, "auc": 1.0, "auc_std": 0.0}
{"epoch": 84, "time_epoch": 0.14987, "time_epoch_std": 0.0, "eta": 4.39713, "eta_std": 0.0, "eta_hours": 0.00122, "eta_hours_std": 0.0, "loss": 0.08885, "loss_std": 0.0, "lr": 6e-05, "lr_std": 0.0, "params": 9207.0, "params_std": 0.0, "time_iter": 0.04996, "time_iter_std": 0.0, "accuracy": 1.0, "accuracy_std": 0.0, "precision": 1.0, "precision_std": 0.0, "recall": 1.0, "recall_std": 0.0, "f1": 1.0, "f1_std": 0.0, "auc": 1.0, "auc_std": 0.0}
{"epoch": 85, "time_epoch": 0.15716, "time_epoch_std": 0.0, "eta": 4.08185, "eta_std": 0.0, "eta_hours": 0.00113, "eta_hours_std": 0.0, "loss": 0.09118, "loss_std": 0.0, "lr": 5e-05, "lr_std": 0.0, "params": 9207.0, "params_std": 0.0, "time_iter": 0.05239, "time_iter_std": 0.0, "accuracy": 1.0, "accuracy_std": 0.0, "precision": 1.0, "precision_std": 0.0, "recall": 1.0, "recall_std": 0.0, "f1": 1.0, "f1_std": 0.0, "auc": 1.0, "auc_std": 0.0}
{"epoch": 86, "time_epoch": 0.1553, "time_epoch_std": 0.0, "eta": 3.76993, "eta_std": 0.0, "eta_hours": 0.00105, "eta_hours_std": 0.0, "loss": 0.08598, "loss_std": 0.0, "lr": 5e-05, "lr_std": 0.0, "params": 9207.0, "params_std": 0.0, "time_iter": 0.05177, "time_iter_std": 0.0, "accuracy": 1.0, "accuracy_std": 0.0, "precision": 1.0, "precision_std": 0.0, "recall": 1.0, "recall_std": 0.0, "f1": 1.0, "f1_std": 0.0, "auc": 1.0, "auc_std": 0.0}
{"epoch": 87, "time_epoch": 0.15082, "time_epoch_std": 0.0, "eta": 3.46096, "eta_std": 0.0, "eta_hours": 0.00096, "eta_hours_std": 0.0, "loss": 0.09915, "loss_std": 0.0, "lr": 4e-05, "lr_std": 0.0, "params": 9207.0, "params_std": 0.0, "time_iter": 0.05027, "time_iter_std": 0.0, "accuracy": 1.0, "accuracy_std": 0.0, "precision": 1.0, "precision_std": 0.0, "recall": 1.0, "recall_std": 0.0, "f1": 1.0, "f1_std": 0.0, "auc": 1.0, "auc_std": 0.0}
{"epoch": 88, "time_epoch": 0.15163, "time_epoch_std": 0.0, "eta": 3.15564, "eta_std": 0.0, "eta_hours": 0.00088, "eta_hours_std": 0.0, "loss": 0.09006, "loss_std": 0.0, "lr": 4e-05, "lr_std": 0.0, "params": 9207.0, "params_std": 0.0, "time_iter": 0.05054, "time_iter_std": 0.0, "accuracy": 1.0, "accuracy_std": 0.0, "precision": 1.0, "precision_std": 0.0, "recall": 1.0, "recall_std": 0.0, "f1": 1.0, "f1_std": 0.0, "auc": 1.0, "auc_std": 0.0}
{"epoch": 89, "time_epoch": 0.1505, "time_epoch_std": 0.0, "eta": 2.85361, "eta_std": 0.0, "eta_hours": 0.00079, "eta_hours_std": 0.0, "loss": 0.1066, "loss_std": 0.0, "lr": 3e-05, "lr_std": 0.0, "params": 9207.0, "params_std": 0.0, "time_iter": 0.05017, "time_iter_std": 0.0, "accuracy": 1.0, "accuracy_std": 0.0, "precision": 1.0, "precision_std": 0.0, "recall": 1.0, "recall_std": 0.0, "f1": 1.0, "f1_std": 0.0, "auc": 1.0, "auc_std": 0.0}
{"epoch": 90, "time_epoch": 0.1507, "time_epoch_std": 0.0, "eta": 2.55493, "eta_std": 0.0, "eta_hours": 0.00071, "eta_hours_std": 0.0, "loss": 0.08184, "loss_std": 0.0, "lr": 2e-05, "lr_std": 0.0, "params": 9207.0, "params_std": 0.0, "time_iter": 0.05023, "time_iter_std": 0.0, "accuracy": 1.0, "accuracy_std": 0.0, "precision": 1.0, "precision_std": 0.0, "recall": 1.0, "recall_std": 0.0, "f1": 1.0, "f1_std": 0.0, "auc": 1.0, "auc_std": 0.0}
{"epoch": 91, "time_epoch": 0.15024, "time_epoch_std": 0.0, "eta": 2.25943, "eta_std": 0.0, "eta_hours": 0.00063, "eta_hours_std": 0.0, "loss": 0.09237, "loss_std": 0.0, "lr": 2e-05, "lr_std": 0.0, "params": 9207.0, "params_std": 0.0, "time_iter": 0.05008, "time_iter_std": 0.0, "accuracy": 1.0, "accuracy_std": 0.0, "precision": 1.0, "precision_std": 0.0, "recall": 1.0, "recall_std": 0.0, "f1": 1.0, "f1_std": 0.0, "auc": 1.0, "auc_std": 0.0}
{"epoch": 92, "time_epoch": 0.14783, "time_epoch_std": 0.0, "eta": 1.96687, "eta_std": 0.0, "eta_hours": 0.00055, "eta_hours_std": 0.0, "loss": 0.09799, "loss_std": 0.0, "lr": 2e-05, "lr_std": 0.0, "params": 9207.0, "params_std": 0.0, "time_iter": 0.04928, "time_iter_std": 0.0, "accuracy": 1.0, "accuracy_std": 0.0, "precision": 1.0, "precision_std": 0.0, "recall": 1.0, "recall_std": 0.0, "f1": 1.0, "f1_std": 0.0, "auc": 1.0, "auc_std": 0.0}
{"epoch": 93, "time_epoch": 0.15121, "time_epoch_std": 0.0, "eta": 1.6776, "eta_std": 0.0, "eta_hours": 0.00047, "eta_hours_std": 0.0, "loss": 0.10086, "loss_std": 0.0, "lr": 1e-05, "lr_std": 0.0, "params": 9207.0, "params_std": 0.0, "time_iter": 0.0504, "time_iter_std": 0.0, "accuracy": 1.0, "accuracy_std": 0.0, "precision": 1.0, "precision_std": 0.0, "recall": 1.0, "recall_std": 0.0, "f1": 1.0, "f1_std": 0.0, "auc": 1.0, "auc_std": 0.0}
{"epoch": 94, "time_epoch": 0.15057, "time_epoch_std": 0.0, "eta": 1.39121, "eta_std": 0.0, "eta_hours": 0.00039, "eta_hours_std": 0.0, "loss": 0.11141, "loss_std": 0.0, "lr": 1e-05, "lr_std": 0.0, "params": 9207.0, "params_std": 0.0, "time_iter": 0.05019, "time_iter_std": 0.0, "accuracy": 1.0, "accuracy_std": 0.0, "precision": 1.0, "precision_std": 0.0, "recall": 1.0, "recall_std": 0.0, "f1": 1.0, "f1_std": 0.0, "auc": 1.0, "auc_std": 0.0}
{"epoch": 95, "time_epoch": 0.15022, "time_epoch_std": 0.0, "eta": 1.10764, "eta_std": 0.0, "eta_hours": 0.00031, "eta_hours_std": 0.0, "loss": 0.08861, "loss_std": 0.0, "lr": 1e-05, "lr_std": 0.0, "params": 9207.0, "params_std": 0.0, "time_iter": 0.05007, "time_iter_std": 0.0, "accuracy": 1.0, "accuracy_std": 0.0, "precision": 1.0, "precision_std": 0.0, "recall": 1.0, "recall_std": 0.0, "f1": 1.0, "f1_std": 0.0, "auc": 1.0, "auc_std": 0.0}
{"epoch": 96, "time_epoch": 0.15294, "time_epoch_std": 0.0, "eta": 0.82689, "eta_std": 0.0, "eta_hours": 0.00023, "eta_hours_std": 0.0, "loss": 0.09765, "loss_std": 0.0, "lr": 0.0, "lr_std": 0.0, "params": 9207.0, "params_std": 0.0, "time_iter": 0.05098, "time_iter_std": 0.0, "accuracy": 0.97436, "accuracy_std": 0.0, "precision": 0.96296, "precision_std": 0.0, "recall": 1.0, "recall_std": 0.0, "f1": 0.98113, "f1_std": 0.0, "auc": 1.0, "auc_std": 0.0}
{"epoch": 97, "time_epoch": 0.15524, "time_epoch_std": 0.0, "eta": 0.5488, "eta_std": 0.0, "eta_hours": 0.00015, "eta_hours_std": 0.0, "loss": 0.08156, "loss_std": 0.0, "lr": 0.0, "lr_std": 0.0, "params": 9207.0, "params_std": 0.0, "time_iter": 0.05175, "time_iter_std": 0.0, "accuracy": 1.0, "accuracy_std": 0.0, "precision": 1.0, "precision_std": 0.0, "recall": 1.0, "recall_std": 0.0, "f1": 1.0, "f1_std": 0.0, "auc": 1.0, "auc_std": 0.0}
{"epoch": 98, "time_epoch": 0.15444, "time_epoch_std": 0.0, "eta": 0.27319, "eta_std": 0.0, "eta_hours": 8e-05, "eta_hours_std": 0.0, "loss": 0.1488, "loss_std": 0.0, "lr": 0.0, "lr_std": 0.0, "params": 9207.0, "params_std": 0.0, "time_iter": 0.05148, "time_iter_std": 0.0, "accuracy": 0.94872, "accuracy_std": 0.0, "precision": 0.92857, "precision_std": 0.0, "recall": 1.0, "recall_std": 0.0, "f1": 0.96296, "f1_std": 0.0, "auc": 1.0, "auc_std": 0.0}
{"epoch": 99, "time_epoch": 0.15224, "time_epoch_std": 0.0, "eta": 0.0, "eta_std": 0.0, "eta_hours": 0.0, "eta_hours_std": 0.0, "loss": 0.08071, "loss_std": 0.0, "lr": 0.0, "lr_std": 0.0, "params": 9207.0, "params_std": 0.0, "time_iter": 0.05075, "time_iter_std": 0.0, "accuracy": 1.0, "accuracy_std": 0.0, "precision": 1.0, "precision_std": 0.0, "recall": 1.0, "recall_std": 0.0, "f1": 1.0, "f1_std": 0.0, "auc": 1.0, "auc_std": 0.0}
