{"epoch": 0, "time_epoch": 216.51653, "eta": 21435.1369, "eta_hours": 5.9542, "loss": 0.69083342, "lr": 0.001, "params": 4975, "time_iter": 0.73645, "accuracy": 0.53571, "precision": 0.38462, "recall": 0.20576, "f1": 0.2681, "auc": 0.46375}
{"epoch": 1, "time_epoch": 180.64062, "eta": 19460.7005, "eta_hours": 5.40575, "loss": 0.67979041, "lr": 0.00099975, "params": 4975, "time_iter": 0.61442, "accuracy": 0.58673, "precision": 0.0, "recall": 0.0, "f1": 0.0, "auc": 0.48394}
{"epoch": 2, "time_epoch": 201.08912, "eta": 19343.29628, "eta_hours": 5.37314, "loss": 0.67864909, "lr": 0.00099901, "params": 4975, "time_iter": 0.68398, "accuracy": 0.58673, "precision": 0.0, "recall": 0.0, "f1": 0.0, "auc": 0.45453}
{"epoch": 3, "time_epoch": 181.07216, "eta": 18703.64238, "eta_hours": 5.19546, "loss": 0.67894185, "lr": 0.00099778, "params": 4975, "time_iter": 0.61589, "accuracy": 0.58673, "precision": 0.0, "recall": 0.0, "f1": 0.0, "auc": 0.46849}
{"epoch": 4, "time_epoch": 176.81794, "eta": 18166.59108, "eta_hours": 5.04628, "loss": 0.67844491, "lr": 0.00099606, "params": 4975, "time_iter": 0.60142, "accuracy": 0.58673, "precision": 0.0, "recall": 0.0, "f1": 0.0, "auc": 0.46926}
{"epoch": 5, "time_epoch": 176.91547, "eta": 17751.14554, "eta_hours": 4.93087, "loss": 0.67857044, "lr": 0.00099384, "params": 4975, "time_iter": 0.60175, "accuracy": 0.58673, "precision": 0.0, "recall": 0.0, "f1": 0.0, "auc": 0.46215}
{"epoch": 6, "time_epoch": 176.82469, "eta": 17402.6454, "eta_hours": 4.83407, "loss": 0.67844984, "lr": 0.00099114, "params": 4975, "time_iter": 0.60144, "accuracy": 0.58673, "precision": 0.0, "recall": 0.0, "f1": 0.0, "auc": 0.44385}
{"epoch": 7, "time_epoch": 176.82401, "eta": 17097.0563, "eta_hours": 4.74918, "loss": 0.67853128, "lr": 0.00098796, "params": 4975, "time_iter": 0.60144, "accuracy": 0.58673, "precision": 0.0, "recall": 0.0, "f1": 0.0, "auc": 0.45584}
{"epoch": 8, "time_epoch": 176.69682, "eta": 16818.79561, "eta_hours": 4.67189, "loss": 0.67866547, "lr": 0.00098429, "params": 4975, "time_iter": 0.60101, "accuracy": 0.58673, "precision": 0.0, "recall": 0.0, "f1": 0.0, "auc": 0.45003}
{"epoch": 9, "time_epoch": 176.99243, "eta": 16563.50819, "eta_hours": 4.60097, "loss": 0.67842673, "lr": 0.00098015, "params": 4975, "time_iter": 0.60202, "accuracy": 0.58673, "precision": 0.0, "recall": 0.0, "f1": 0.0, "auc": 0.45133}
{"epoch": 10, "time_epoch": 176.90086, "eta": 16321.71536, "eta_hours": 4.53381, "loss": 0.67852352, "lr": 0.00097553, "params": 4975, "time_iter": 0.6017, "accuracy": 0.58673, "precision": 0.0, "recall": 0.0, "f1": 0.0, "auc": 0.45483}
{"epoch": 11, "time_epoch": 177.05148, "eta": 16091.84239, "eta_hours": 4.46996, "loss": 0.67839919, "lr": 0.00097044, "params": 4975, "time_iter": 0.60222, "accuracy": 0.58673, "precision": 0.0, "recall": 0.0, "f1": 0.0, "auc": 0.45556}
{"epoch": 12, "time_epoch": 204.0341, "eta": 16050.67179, "eta_hours": 4.45852, "loss": 0.67831915, "lr": 0.00096489, "params": 4975, "time_iter": 0.69399, "accuracy": 0.58673, "precision": 0.0, "recall": 0.0, "f1": 0.0, "auc": 0.45754}
{"epoch": 13, "time_epoch": 206.80654, "eta": 16003.26569, "eta_hours": 4.44535, "loss": 0.67856929, "lr": 0.00095888, "params": 4975, "time_iter": 0.70342, "accuracy": 0.58673, "precision": 0.0, "recall": 0.0, "f1": 0.0, "auc": 0.45962}
{"epoch": 14, "time_epoch": 193.47856, "eta": 15859.08097, "eta_hours": 4.4053, "loss": 0.67844965, "lr": 0.00095241, "params": 4975, "time_iter": 0.65809, "accuracy": 0.58673, "precision": 0.0, "recall": 0.0, "f1": 0.0, "auc": 0.46265}
{"epoch": 15, "time_epoch": 190.39832, "eta": 15692.56324, "eta_hours": 4.35905, "loss": 0.67839485, "lr": 0.0009455, "params": 4975, "time_iter": 0.64761, "accuracy": 0.58673, "precision": 0.0, "recall": 0.0, "f1": 0.0, "auc": 0.43454}
{"epoch": 16, "time_epoch": 189.60821, "eta": 15519.37846, "eta_hours": 4.31094, "loss": 0.67831281, "lr": 0.00093815, "params": 4975, "time_iter": 0.64493, "accuracy": 0.58673, "precision": 0.0, "recall": 0.0, "f1": 0.0, "auc": 0.46876}
{"epoch": 17, "time_epoch": 189.63734, "eta": 15344.50157, "eta_hours": 4.26236, "loss": 0.67845032, "lr": 0.00093037, "params": 4975, "time_iter": 0.64502, "accuracy": 0.58673, "precision": 0.0, "recall": 0.0, "f1": 0.0, "auc": 0.45474}
{"epoch": 18, "time_epoch": 190.07367, "eta": 15169.93106, "eta_hours": 4.21387, "loss": 0.67833713, "lr": 0.00092216, "params": 4975, "time_iter": 0.64651, "accuracy": 0.58673, "precision": 0.0, "recall": 0.0, "f1": 0.0, "auc": 0.43008}
{"epoch": 19, "time_epoch": 190.20567, "eta": 14994.33823, "eta_hours": 4.16509, "loss": 0.67827427, "lr": 0.00091354, "params": 4975, "time_iter": 0.64696, "accuracy": 0.58673, "precision": 0.0, "recall": 0.0, "f1": 0.0, "auc": 0.47568}
{"epoch": 20, "time_epoch": 189.61893, "eta": 14815.14646, "eta_hours": 4.11532, "loss": 0.6784208, "lr": 0.00090451, "params": 4975, "time_iter": 0.64496, "accuracy": 0.58673, "precision": 0.0, "recall": 0.0, "f1": 0.0, "auc": 0.43069}
{"epoch": 21, "time_epoch": 192.37212, "eta": 14644.76806, "eta_hours": 4.06799, "loss": 0.67831168, "lr": 0.00089508, "params": 4975, "time_iter": 0.65433, "accuracy": 0.58673, "precision": 0.0, "recall": 0.0, "f1": 0.0, "auc": 0.46369}
{"epoch": 22, "time_epoch": 187.52684, "eta": 14456.25601, "eta_hours": 4.01563, "loss": 0.67831365, "lr": 0.00088526, "params": 4975, "time_iter": 0.63785, "accuracy": 0.58673, "precision": 0.0, "recall": 0.0, "f1": 0.0, "auc": 0.46898}
{"epoch": 23, "time_epoch": 193.44343, "eta": 14286.56194, "eta_hours": 3.96849, "loss": 0.67830471, "lr": 0.00087506, "params": 4975, "time_iter": 0.65797, "accuracy": 0.58673, "precision": 0.0, "recall": 0.0, "f1": 0.0, "auc": 0.4462}
{"epoch": 24, "time_epoch": 192.90869, "eta": 14113.36369, "eta_hours": 3.92038, "loss": 0.67857503, "lr": 0.00086448, "params": 4975, "time_iter": 0.65615, "accuracy": 0.58673, "precision": 0.0, "recall": 0.0, "f1": 0.0, "auc": 0.4582}
{"epoch": 25, "time_epoch": 189.19732, "eta": 13928.08614, "eta_hours": 3.86891, "loss": 0.67838238, "lr": 0.00085355, "params": 4975, "time_iter": 0.64353, "accuracy": 0.58673, "precision": 0.0, "recall": 0.0, "f1": 0.0, "auc": 0.45399}
{"epoch": 26, "time_epoch": 193.2775, "eta": 13753.54983, "eta_hours": 3.82043, "loss": 0.67841214, "lr": 0.00084227, "params": 4975, "time_iter": 0.65741, "accuracy": 0.58673, "precision": 0.0, "recall": 0.0, "f1": 0.0, "auc": 0.44089}
{"epoch": 27, "time_epoch": 191.23069, "eta": 13572.41165, "eta_hours": 3.77011, "loss": 0.67829992, "lr": 0.00083066, "params": 4975, "time_iter": 0.65044, "accuracy": 0.58673, "precision": 0.0, "recall": 0.0, "f1": 0.0, "auc": 0.42938}
{"epoch": 28, "time_epoch": 192.88667, "eta": 13394.63171, "eta_hours": 3.72073, "loss": 0.67825102, "lr": 0.00081871, "params": 4975, "time_iter": 0.65608, "accuracy": 0.58673, "precision": 0.0, "recall": 0.0, "f1": 0.0, "auc": 0.46166}
{"epoch": 29, "time_epoch": 187.61078, "eta": 13203.53424, "eta_hours": 3.66765, "loss": 0.67824492, "lr": 0.00080645, "params": 4975, "time_iter": 0.63813, "accuracy": 0.58673, "precision": 0.0, "recall": 0.0, "f1": 0.0, "auc": 0.44373}
{"epoch": 30, "time_epoch": 190.53283, "eta": 13019.16566, "eta_hours": 3.61643, "loss": 0.67847802, "lr": 0.00079389, "params": 4975, "time_iter": 0.64807, "accuracy": 0.58673, "precision": 0.0, "recall": 0.0, "f1": 0.0, "auc": 0.4347}
{"epoch": 31, "time_epoch": 188.08325, "eta": 12829.20644, "eta_hours": 3.56367, "loss": 0.67837255, "lr": 0.00078104, "params": 4975, "time_iter": 0.63974, "accuracy": 0.58673, "precision": 0.0, "recall": 0.0, "f1": 0.0, "auc": 0.46148}
{"epoch": 32, "time_epoch": 191.71757, "eta": 12646.73968, "eta_hours": 3.51298, "loss": 0.67830526, "lr": 0.00076791, "params": 4975, "time_iter": 0.6521, "accuracy": 0.58673, "precision": 0.0, "recall": 0.0, "f1": 0.0, "auc": 0.43812}
{"epoch": 33, "time_epoch": 187.2581, "eta": 12455.07215, "eta_hours": 3.45974, "loss": 0.67830224, "lr": 0.00075452, "params": 4975, "time_iter": 0.63693, "accuracy": 0.58673, "precision": 0.0, "recall": 0.0, "f1": 0.0, "auc": 0.45012}
{"epoch": 34, "time_epoch": 188.2911, "eta": 12265.575, "eta_hours": 3.4071, "loss": 0.67830761, "lr": 0.00074088, "params": 4975, "time_iter": 0.64045, "accuracy": 0.58673, "precision": 0.0, "recall": 0.0, "f1": 0.0, "auc": 0.45543}
{"epoch": 35, "time_epoch": 188.70112, "eta": 12076.87379, "eta_hours": 3.35469, "loss": 0.67829002, "lr": 0.000727, "params": 4975, "time_iter": 0.64184, "accuracy": 0.58673, "precision": 0.0, "recall": 0.0, "f1": 0.0, "auc": 0.43403}
{"epoch": 36, "time_epoch": 191.95213, "eta": 11893.70808, "eta_hours": 3.30381, "loss": 0.67834314, "lr": 0.00071289, "params": 4975, "time_iter": 0.6529, "accuracy": 0.58673, "precision": 0.0, "recall": 0.0, "f1": 0.0, "auc": 0.45415}
{"epoch": 37, "time_epoch": 188.86648, "eta": 11705.04545, "eta_hours": 3.2514, "loss": 0.67831892, "lr": 0.00069857, "params": 4975, "time_iter": 0.6424, "accuracy": 0.58673, "precision": 0.0, "recall": 0.0, "f1": 0.0, "auc": 0.47039}
{"epoch": 38, "time_epoch": 189.67135, "eta": 11517.63126, "eta_hours": 3.19934, "loss": 0.67831309, "lr": 0.00068406, "params": 4975, "time_iter": 0.64514, "accuracy": 0.58673, "precision": 0.0, "recall": 0.0, "f1": 0.0, "auc": 0.45165}
{"epoch": 39, "time_epoch": 192.25242, "eta": 11333.97583, "eta_hours": 3.14833, "loss": 0.67831744, "lr": 0.00066937, "params": 4975, "time_iter": 0.65392, "accuracy": 0.58673, "precision": 0.0, "recall": 0.0, "f1": 0.0, "auc": 0.44542}
{"epoch": 40, "time_epoch": 185.25047, "eta": 11139.82504, "eta_hours": 3.0944, "loss": 0.67827019, "lr": 0.00065451, "params": 4975, "time_iter": 0.6301, "accuracy": 0.58673, "precision": 0.0, "recall": 0.0, "f1": 0.0, "auc": 0.46738}
{"epoch": 41, "time_epoch": 181.65367, "eta": 10941.13108, "eta_hours": 3.0392, "loss": 0.67829942, "lr": 0.0006395, "params": 4975, "time_iter": 0.61787, "accuracy": 0.58673, "precision": 0.0, "recall": 0.0, "f1": 0.0, "auc": 0.472}
{"epoch": 42, "time_epoch": 212.89847, "eta": 10784.64722, "eta_hours": 2.99574, "loss": 0.67829297, "lr": 0.00062434, "params": 4975, "time_iter": 0.72414, "accuracy": 0.58673, "precision": 0.0, "recall": 0.0, "f1": 0.0, "auc": 0.45891}
{"epoch": 43, "time_epoch": 249.40765, "eta": 10672.06528, "eta_hours": 2.96446, "loss": 0.67834789, "lr": 0.00060907, "params": 4975, "time_iter": 0.84833, "accuracy": 0.58673, "precision": 0.0, "recall": 0.0, "f1": 0.0, "auc": 0.46024}
{"epoch": 44, "time_epoch": 249.2919, "eta": 10553.26073, "eta_hours": 2.93146, "loss": 0.67828522, "lr": 0.00059369, "params": 4975, "time_iter": 0.84793, "accuracy": 0.58673, "precision": 0.0, "recall": 0.0, "f1": 0.0, "auc": 0.4689}
{"epoch": 45, "time_epoch": 249.461, "eta": 10428.98132, "eta_hours": 2.89694, "loss": 0.67825728, "lr": 0.00057822, "params": 4975, "time_iter": 0.84851, "accuracy": 0.58673, "precision": 0.0, "recall": 0.0, "f1": 0.0, "auc": 0.46087}
{"epoch": 46, "time_epoch": 249.40254, "eta": 10299.30912, "eta_hours": 2.86092, "loss": 0.67834156, "lr": 0.00056267, "params": 4975, "time_iter": 0.84831, "accuracy": 0.58673, "precision": 0.0, "recall": 0.0, "f1": 0.0, "auc": 0.43807}
{"epoch": 47, "time_epoch": 231.73474, "eta": 10145.50803, "eta_hours": 2.8182, "loss": 0.67821156, "lr": 0.00054705, "params": 4975, "time_iter": 0.78821, "accuracy": 0.58673, "precision": 0.0, "recall": 0.0, "f1": 0.0, "auc": 0.46348}
{"epoch": 48, "time_epoch": 177.08065, "eta": 9931.64111, "eta_hours": 2.75879, "loss": 0.67823393, "lr": 0.0005314, "params": 4975, "time_iter": 0.60232, "accuracy": 0.58673, "precision": 0.0, "recall": 0.0, "f1": 0.0, "auc": 0.42232}
{"epoch": 49, "time_epoch": 177.02151, "eta": 9719.1865, "eta_hours": 2.69977, "loss": 0.67836141, "lr": 0.00051571, "params": 4975, "time_iter": 0.60211, "accuracy": 0.58673, "precision": 0.0, "recall": 0.0, "f1": 0.0, "auc": 0.4556}
{"epoch": 50, "time_epoch": 209.25628, "eta": 9539.09209, "eta_hours": 2.64975, "loss": 0.67820009, "lr": 0.0005, "params": 4975, "time_iter": 0.71176, "accuracy": 0.58673, "precision": 0.0, "recall": 0.0, "f1": 0.0, "auc": 0.45954}
{"epoch": 51, "time_epoch": 214.18005, "eta": 9362.42108, "eta_hours": 2.60067, "loss": 0.67820944, "lr": 0.00048429, "params": 4975, "time_iter": 0.7285, "accuracy": 0.58673, "precision": 0.0, "recall": 0.0, "f1": 0.0, "auc": 0.44708}
{"epoch": 52, "time_epoch": 212.45624, "eta": 9182.80597, "eta_hours": 2.55078, "loss": 0.67824215, "lr": 0.0004686, "params": 4975, "time_iter": 0.72264, "accuracy": 0.58673, "precision": 0.0, "recall": 0.0, "f1": 0.0, "auc": 0.46523}
{"epoch": 53, "time_epoch": 220.39979, "eta": 9008.74125, "eta_hours": 2.50243, "loss": 0.67819647, "lr": 0.00045295, "params": 4975, "time_iter": 0.74966, "accuracy": 0.58673, "precision": 0.0, "recall": 0.0, "f1": 0.0, "auc": 0.45274}
{"epoch": 54, "time_epoch": 219.96975, "eta": 8832.63977, "eta_hours": 2.45351, "loss": 0.67823802, "lr": 0.00043733, "params": 4975, "time_iter": 0.7482, "accuracy": 0.58673, "precision": 0.0, "recall": 0.0, "f1": 0.0, "auc": 0.45539}
{"epoch": 55, "time_epoch": 217.10867, "eta": 8652.72358, "eta_hours": 2.40353, "loss": 0.67819361, "lr": 0.00042178, "params": 4975, "time_iter": 0.73846, "accuracy": 0.58673, "precision": 0.0, "recall": 0.0, "f1": 0.0, "auc": 0.44957}
{"epoch": 56, "time_epoch": 208.96163, "eta": 8465.35638, "eta_hours": 2.35149, "loss": 0.67820452, "lr": 0.00040631, "params": 4975, "time_iter": 0.71075, "accuracy": 0.58673, "precision": 0.0, "recall": 0.0, "f1": 0.0, "auc": 0.4577}
{"epoch": 57, "time_epoch": 218.28471, "eta": 8283.99573, "eta_hours": 2.30111, "loss": 0.67814116, "lr": 0.00039093, "params": 4975, "time_iter": 0.74246, "accuracy": 0.58673, "precision": 0.0, "recall": 0.0, "f1": 0.0, "auc": 0.46559}
{"epoch": 58, "time_epoch": 209.2533, "eta": 8095.10735, "eta_hours": 2.24864, "loss": 0.67816669, "lr": 0.00037566, "params": 4975, "time_iter": 0.71175, "accuracy": 0.58673, "precision": 0.0, "recall": 0.0, "f1": 0.0, "auc": 0.46225}
{"epoch": 59, "time_epoch": 220.42365, "eta": 7912.98705, "eta_hours": 2.19805, "loss": 0.67809546, "lr": 0.0003605, "params": 4975, "time_iter": 0.74974, "accuracy": 0.58673, "precision": 0.0, "recall": 0.0, "f1": 0.0, "auc": 0.44329}
{"epoch": 60, "time_epoch": 237.02564, "eta": 7740.22528, "eta_hours": 2.15006, "loss": 0.67814924, "lr": 0.00034549, "params": 4975, "time_iter": 0.80621, "accuracy": 0.58673, "precision": 0.0, "recall": 0.0, "f1": 0.0, "auc": 0.46543}
{"epoch": 61, "time_epoch": 238.75449, "eta": 7566.45011, "eta_hours": 2.10179, "loss": 0.67824691, "lr": 0.00033063, "params": 4975, "time_iter": 0.81209, "accuracy": 0.58673, "precision": 0.0, "recall": 0.0, "f1": 0.0, "auc": 0.4402}
{"epoch": 62, "time_epoch": 233.80299, "eta": 7387.70407, "eta_hours": 2.05214, "loss": 0.6781797, "lr": 0.00031594, "params": 4975, "time_iter": 0.79525, "accuracy": 0.58673, "precision": 0.0, "recall": 0.0, "f1": 0.0, "auc": 0.45969}
{"epoch": 63, "time_epoch": 241.84503, "eta": 7211.76116, "eta_hours": 2.00327, "loss": 0.67814763, "lr": 0.00030143, "params": 4975, "time_iter": 0.8226, "accuracy": 0.58673, "precision": 0.0, "recall": 0.0, "f1": 0.0, "auc": 0.43243}
{"epoch": 64, "time_epoch": 226.66149, "eta": 7025.61473, "eta_hours": 1.95156, "loss": 0.67816404, "lr": 0.00028711, "params": 4975, "time_iter": 0.77096, "accuracy": 0.58673, "precision": 0.0, "recall": 0.0, "f1": 0.0, "auc": 0.45103}
{"epoch": 65, "time_epoch": 226.00047, "eta": 6837.90005, "eta_hours": 1.89942, "loss": 0.67812078, "lr": 0.000273, "params": 4975, "time_iter": 0.76871, "accuracy": 0.58673, "precision": 0.0, "recall": 0.0, "f1": 0.0, "auc": 0.46196}
{"epoch": 66, "time_epoch": 241.08517, "eta": 6656.47229, "eta_hours": 1.84902, "loss": 0.67811514, "lr": 0.00025912, "params": 4975, "time_iter": 0.82002, "accuracy": 0.58673, "precision": 0.0, "recall": 0.0, "f1": 0.0, "auc": 0.4324}
{"epoch": 67, "time_epoch": 238.92485, "eta": 6472.27327, "eta_hours": 1.79785, "loss": 0.67816123, "lr": 0.00024548, "params": 4975, "time_iter": 0.81267, "accuracy": 0.58673, "precision": 0.0, "recall": 0.0, "f1": 0.0, "auc": 0.43179}
{"epoch": 68, "time_epoch": 241.7558, "eta": 6287.75988, "eta_hours": 1.7466, "loss": 0.67815651, "lr": 0.00023209, "params": 4975, "time_iter": 0.8223, "accuracy": 0.58673, "precision": 0.0, "recall": 0.0, "f1": 0.0, "auc": 0.4411}
{"epoch": 69, "time_epoch": 232.29968, "eta": 6097.55837, "eta_hours": 1.69377, "loss": 0.67813211, "lr": 0.00021896, "params": 4975, "time_iter": 0.79013, "accuracy": 0.58673, "precision": 0.0, "recall": 0.0, "f1": 0.0, "auc": 0.43931}
{"epoch": 70, "time_epoch": 234.67336, "eta": 5907.14052, "eta_hours": 1.64087, "loss": 0.6780904, "lr": 0.00020611, "params": 4975, "time_iter": 0.79821, "accuracy": 0.58673, "precision": 0.0, "recall": 0.0, "f1": 0.0, "auc": 0.45952}
{"epoch": 71, "time_epoch": 232.44517, "eta": 5714.62683, "eta_hours": 1.5874, "loss": 0.67812308, "lr": 0.00019355, "params": 4975, "time_iter": 0.79063, "accuracy": 0.58673, "precision": 0.0, "recall": 0.0, "f1": 0.0, "auc": 0.40608}
{"epoch": 72, "time_epoch": 235.31595, "eta": 5522.08093, "eta_hours": 1.53391, "loss": 0.6781102, "lr": 0.00018129, "params": 4975, "time_iter": 0.80039, "accuracy": 0.58673, "precision": 0.0, "recall": 0.0, "f1": 0.0, "auc": 0.45079}
{"epoch": 73, "time_epoch": 238.16082, "eta": 5329.37863, "eta_hours": 1.48038, "loss": 0.67809627, "lr": 0.00016934, "params": 4975, "time_iter": 0.81007, "accuracy": 0.58673, "precision": 0.0, "recall": 0.0, "f1": 0.0, "auc": 0.44541}
{"epoch": 74, "time_epoch": 248.81971, "eta": 5139.01706, "eta_hours": 1.4275, "loss": 0.67810538, "lr": 0.00015773, "params": 4975, "time_iter": 0.84633, "accuracy": 0.58673, "precision": 0.0, "recall": 0.0, "f1": 0.0, "auc": 0.45213}
{"epoch": 75, "time_epoch": 237.04572, "eta": 4943.39902, "eta_hours": 1.37317, "loss": 0.6780938, "lr": 0.00014645, "params": 4975, "time_iter": 0.80628, "accuracy": 0.58673, "precision": 0.0, "recall": 0.0, "f1": 0.0, "auc": 0.45781}
{"epoch": 76, "time_epoch": 234.4312, "eta": 4745.92398, "eta_hours": 1.31831, "loss": 0.67806842, "lr": 0.00013552, "params": 4975, "time_iter": 0.79739, "accuracy": 0.58673, "precision": 0.0, "recall": 0.0, "f1": 0.0, "auc": 0.43935}
{"epoch": 77, "time_epoch": 238.89813, "eta": 4548.76125, "eta_hours": 1.26354, "loss": 0.67809624, "lr": 0.00012494, "params": 4975, "time_iter": 0.81258, "accuracy": 0.58673, "precision": 0.0, "recall": 0.0, "f1": 0.0, "auc": 0.43632}
{"epoch": 78, "time_epoch": 228.99811, "eta": 4347.91027, "eta_hours": 1.20775, "loss": 0.67806876, "lr": 0.00011474, "params": 4975, "time_iter": 0.77891, "accuracy": 0.58673, "precision": 0.0, "recall": 0.0, "f1": 0.0, "auc": 0.4411}
{"epoch": 79, "time_epoch": 225.59232, "eta": 4145.50417, "eta_hours": 1.15153, "loss": 0.67806403, "lr": 0.00010492, "params": 4975, "time_iter": 0.76732, "accuracy": 0.58673, "precision": 0.0, "recall": 0.0, "f1": 0.0, "auc": 0.42858}
{"epoch": 80, "time_epoch": 220.36361, "eta": 3941.29908, "eta_hours": 1.09481, "loss": 0.67805299, "lr": 9.549e-05, "params": 4975, "time_iter": 0.74954, "accuracy": 0.58673, "precision": 0.0, "recall": 0.0, "f1": 0.0, "auc": 0.45785}
{"epoch": 81, "time_epoch": 257.65948, "eta": 3744.88678, "eta_hours": 1.04025, "loss": 0.67806064, "lr": 8.646e-05, "params": 4975, "time_iter": 0.87639, "accuracy": 0.58673, "precision": 0.0, "recall": 0.0, "f1": 0.0, "auc": 0.47024}
{"epoch": 82, "time_epoch": 272.03785, "eta": 3549.94361, "eta_hours": 0.9861, "loss": 0.67805498, "lr": 7.784e-05, "params": 4975, "time_iter": 0.9253, "accuracy": 0.58673, "precision": 0.0, "recall": 0.0, "f1": 0.0, "auc": 0.43173}
{"epoch": 83, "time_epoch": 271.76268, "eta": 3353.11243, "eta_hours": 0.93142, "loss": 0.67805653, "lr": 6.963e-05, "params": 4975, "time_iter": 0.92436, "accuracy": 0.58673, "precision": 0.0, "recall": 0.0, "f1": 0.0, "auc": 0.43708}
{"epoch": 84, "time_epoch": 271.98209, "eta": 3154.55689, "eta_hours": 0.87627, "loss": 0.67804436, "lr": 6.185e-05, "params": 4975, "time_iter": 0.92511, "accuracy": 0.58673, "precision": 0.0, "recall": 0.0, "f1": 0.0, "auc": 0.45693}
{"epoch": 85, "time_epoch": 271.7188, "eta": 2954.25089, "eta_hours": 0.82063, "loss": 0.67805228, "lr": 5.45e-05, "params": 4975, "time_iter": 0.92421, "accuracy": 0.58673, "precision": 0.0, "recall": 0.0, "f1": 0.0, "auc": 0.45104}
{"epoch": 86, "time_epoch": 271.95717, "eta": 2752.33883, "eta_hours": 0.76454, "loss": 0.67804362, "lr": 4.759e-05, "params": 4975, "time_iter": 0.92502, "accuracy": 0.58673, "precision": 0.0, "recall": 0.0, "f1": 0.0, "auc": 0.42218}
{"epoch": 87, "time_epoch": 271.79403, "eta": 2548.8126, "eta_hours": 0.708, "loss": 0.67804725, "lr": 4.112e-05, "params": 4975, "time_iter": 0.92447, "accuracy": 0.58673, "precision": 0.0, "recall": 0.0, "f1": 0.0, "auc": 0.46126}
{"epoch": 88, "time_epoch": 271.87798, "eta": 2343.76263, "eta_hours": 0.65105, "loss": 0.67804599, "lr": 3.511e-05, "params": 4975, "time_iter": 0.92476, "accuracy": 0.58673, "precision": 0.0, "recall": 0.0, "f1": 0.0, "auc": 0.44433}
{"epoch": 89, "time_epoch": 272.09824, "eta": 2137.25207, "eta_hours": 0.59368, "loss": 0.67803968, "lr": 2.956e-05, "params": 4975, "time_iter": 0.9255, "accuracy": 0.58673, "precision": 0.0, "recall": 0.0, "f1": 0.0, "auc": 0.46449}
{"epoch": 90, "time_epoch": 176.91794, "eta": 1919.88658, "eta_hours": 0.5333, "loss": 0.67803306, "lr": 2.447e-05, "params": 4975, "time_iter": 0.60176, "accuracy": 0.58673, "precision": 0.0, "recall": 0.0, "f1": 0.0, "auc": 0.43924}
{"epoch": 91, "time_epoch": 176.42892, "eta": 1703.35787, "eta_hours": 0.47315, "loss": 0.67803632, "lr": 1.985e-05, "params": 4975, "time_iter": 0.6001, "accuracy": 0.58673, "precision": 0.0, "recall": 0.0, "f1": 0.0, "auc": 0.44316}
{"epoch": 92, "time_epoch": 176.61172, "eta": 1487.70527, "eta_hours": 0.41325, "loss": 0.67803399, "lr": 1.571e-05, "params": 4975, "time_iter": 0.60072, "accuracy": 0.58673, "precision": 0.0, "recall": 0.0, "f1": 0.0, "auc": 0.45729}
{"epoch": 93, "time_epoch": 176.29674, "eta": 1272.86323, "eta_hours": 0.35357, "loss": 0.67802811, "lr": 1.204e-05, "params": 4975, "time_iter": 0.59965, "accuracy": 0.58673, "precision": 0.0, "recall": 0.0, "f1": 0.0, "auc": 0.45161}
{"epoch": 94, "time_epoch": 176.7022, "eta": 1058.85401, "eta_hours": 0.29413, "loss": 0.67802833, "lr": 8.86e-06, "params": 4975, "time_iter": 0.60103, "accuracy": 0.58673, "precision": 0.0, "recall": 0.0, "f1": 0.0, "auc": 0.45532}
{"epoch": 95, "time_epoch": 176.57206, "eta": 845.61659, "eta_hours": 0.23489, "loss": 0.67802843, "lr": 6.16e-06, "params": 4975, "time_iter": 0.60059, "accuracy": 0.58673, "precision": 0.0, "recall": 0.0, "f1": 0.0, "auc": 0.44652}
{"epoch": 96, "time_epoch": 176.5045, "eta": 633.13307, "eta_hours": 0.17587, "loss": 0.67802652, "lr": 3.94e-06, "params": 4975, "time_iter": 0.60036, "accuracy": 0.58673, "precision": 0.0, "recall": 0.0, "f1": 0.0, "auc": 0.4587}
{"epoch": 97, "time_epoch": 176.49505, "eta": 421.38363, "eta_hours": 0.11705, "loss": 0.67802561, "lr": 2.22e-06, "params": 4975, "time_iter": 0.60032, "accuracy": 0.58673, "precision": 0.0, "recall": 0.0, "f1": 0.0, "auc": 0.4507}
{"epoch": 98, "time_epoch": 176.44355, "eta": 210.34587, "eta_hours": 0.05843, "loss": 0.67802538, "lr": 9.9e-07, "params": 4975, "time_iter": 0.60015, "accuracy": 0.58673, "precision": 0.0, "recall": 0.0, "f1": 0.0, "auc": 0.4612}
{"epoch": 99, "time_epoch": 176.47408, "eta": 0.0, "eta_hours": 0.0, "loss": 0.67802507, "lr": 2.5e-07, "params": 4975, "time_iter": 0.60025, "accuracy": 0.58673, "precision": 0.0, "recall": 0.0, "f1": 0.0, "auc": 0.4454}
