{"epoch": 0, "time_epoch": 0.41856, "eta": 41.43707, "eta_hours": 0.01151, "loss": 0.67836624, "lr": 0.001, "params": 3473, "time_iter": 0.01196, "accuracy": 0.60791, "precision": 0.0, "recall": 0.0, "f1": 0.0, "auc": 0.47393}
{"epoch": 1, "time_epoch": 0.36648, "eta": 38.4668, "eta_hours": 0.01069, "loss": 0.67122369, "lr": 0.00099975, "params": 3473, "time_iter": 0.01047, "accuracy": 0.60791, "precision": 0.0, "recall": 0.0, "f1": 0.0, "auc": 0.51141}
{"epoch": 2, "time_epoch": 0.36496, "eta": 37.18334, "eta_hours": 0.01033, "loss": 0.67034111, "lr": 0.00099901, "params": 3473, "time_iter": 0.01043, "accuracy": 0.60791, "precision": 0.0, "recall": 0.0, "f1": 0.0, "auc": 0.45819}
{"epoch": 3, "time_epoch": 0.36874, "eta": 36.44984, "eta_hours": 0.01012, "loss": 0.67007509, "lr": 0.00099778, "params": 3473, "time_iter": 0.01054, "accuracy": 0.60791, "precision": 0.0, "recall": 0.0, "f1": 0.0, "auc": 0.4835}
{"epoch": 4, "time_epoch": 0.37299, "eta": 35.94292, "eta_hours": 0.00998, "loss": 0.66983631, "lr": 0.00099606, "params": 3473, "time_iter": 0.01066, "accuracy": 0.60791, "precision": 0.0, "recall": 0.0, "f1": 0.0, "auc": 0.46915}
{"epoch": 5, "time_epoch": 0.42525, "eta": 36.29938, "eta_hours": 0.01008, "loss": 0.66979712, "lr": 0.00099384, "params": 3473, "time_iter": 0.01215, "accuracy": 0.60791, "precision": 0.0, "recall": 0.0, "f1": 0.0, "auc": 0.46187}
{"epoch": 6, "time_epoch": 0.39216, "eta": 35.99289, "eta_hours": 0.01, "loss": 0.66976116, "lr": 0.00099114, "params": 3473, "time_iter": 0.0112, "accuracy": 0.60791, "precision": 0.0, "recall": 0.0, "f1": 0.0, "auc": 0.45586}
{"epoch": 7, "time_epoch": 0.38831, "eta": 35.62067, "eta_hours": 0.00989, "loss": 0.6697108, "lr": 0.00098796, "params": 3473, "time_iter": 0.01109, "accuracy": 0.60791, "precision": 0.0, "recall": 0.0, "f1": 0.0, "auc": 0.45213}
{"epoch": 8, "time_epoch": 0.38762, "eta": 35.23793, "eta_hours": 0.00979, "loss": 0.66973162, "lr": 0.00098429, "params": 3473, "time_iter": 0.01107, "accuracy": 0.60791, "precision": 0.0, "recall": 0.0, "f1": 0.0, "auc": 0.46165}
{"epoch": 9, "time_epoch": 0.38867, "eta": 34.86366, "eta_hours": 0.00968, "loss": 0.66982597, "lr": 0.00098015, "params": 3473, "time_iter": 0.0111, "accuracy": 0.60791, "precision": 0.0, "recall": 0.0, "f1": 0.0, "auc": 0.46063}
{"epoch": 10, "time_epoch": 0.39994, "eta": 34.57796, "eta_hours": 0.0096, "loss": 0.66971836, "lr": 0.00097553, "params": 3473, "time_iter": 0.01143, "accuracy": 0.60791, "precision": 0.0, "recall": 0.0, "f1": 0.0, "auc": 0.47156}
{"epoch": 11, "time_epoch": 0.39094, "eta": 34.20719, "eta_hours": 0.0095, "loss": 0.6697411, "lr": 0.00097044, "params": 3473, "time_iter": 0.01117, "accuracy": 0.60791, "precision": 0.0, "recall": 0.0, "f1": 0.0, "auc": 0.46659}
{"epoch": 12, "time_epoch": 0.39076, "eta": 33.83215, "eta_hours": 0.0094, "loss": 0.67016268, "lr": 0.00096489, "params": 3473, "time_iter": 0.01116, "accuracy": 0.60791, "precision": 0.0, "recall": 0.0, "f1": 0.0, "auc": 0.45863}
{"epoch": 13, "time_epoch": 0.38801, "eta": 33.43799, "eta_hours": 0.00929, "loss": 0.66980852, "lr": 0.00095888, "params": 3473, "time_iter": 0.01109, "accuracy": 0.60791, "precision": 0.0, "recall": 0.0, "f1": 0.0, "auc": 0.43111}
{"epoch": 14, "time_epoch": 0.39258, "eta": 33.07053, "eta_hours": 0.00919, "loss": 0.66990421, "lr": 0.00095241, "params": 3473, "time_iter": 0.01122, "accuracy": 0.60791, "precision": 0.0, "recall": 0.0, "f1": 0.0, "auc": 0.43261}
{"epoch": 15, "time_epoch": 0.39118, "eta": 32.69256, "eta_hours": 0.00908, "loss": 0.66973781, "lr": 0.0009455, "params": 3473, "time_iter": 0.01118, "accuracy": 0.60791, "precision": 0.0, "recall": 0.0, "f1": 0.0, "auc": 0.44964}
{"epoch": 16, "time_epoch": 0.38785, "eta": 32.29677, "eta_hours": 0.00897, "loss": 0.66973757, "lr": 0.00093815, "params": 3473, "time_iter": 0.01108, "accuracy": 0.60791, "precision": 0.0, "recall": 0.0, "f1": 0.0, "auc": 0.44302}
{"epoch": 17, "time_epoch": 0.39817, "eta": 31.94888, "eta_hours": 0.00887, "loss": 0.66969768, "lr": 0.00093037, "params": 3473, "time_iter": 0.01138, "accuracy": 0.60791, "precision": 0.0, "recall": 0.0, "f1": 0.0, "auc": 0.47647}
{"epoch": 18, "time_epoch": 0.39266, "eta": 31.57222, "eta_hours": 0.00877, "loss": 0.66969837, "lr": 0.00092216, "params": 3473, "time_iter": 0.01122, "accuracy": 0.60791, "precision": 0.0, "recall": 0.0, "f1": 0.0, "auc": 0.42804}
{"epoch": 19, "time_epoch": 0.38198, "eta": 31.15124, "eta_hours": 0.00865, "loss": 0.66977662, "lr": 0.00091354, "params": 3473, "time_iter": 0.01091, "accuracy": 0.60791, "precision": 0.0, "recall": 0.0, "f1": 0.0, "auc": 0.42832}
{"epoch": 20, "time_epoch": 0.38772, "eta": 30.75558, "eta_hours": 0.00854, "loss": 0.66975077, "lr": 0.00090451, "params": 3473, "time_iter": 0.01108, "accuracy": 0.60791, "precision": 0.0, "recall": 0.0, "f1": 0.0, "auc": 0.47829}
{"epoch": 21, "time_epoch": 0.38717, "eta": 30.35866, "eta_hours": 0.00843, "loss": 0.66973713, "lr": 0.00089508, "params": 3473, "time_iter": 0.01106, "accuracy": 0.60791, "precision": 0.0, "recall": 0.0, "f1": 0.0, "auc": 0.46834}
{"epoch": 22, "time_epoch": 0.38981, "eta": 29.97143, "eta_hours": 0.00833, "loss": 0.66974025, "lr": 0.00088526, "params": 3473, "time_iter": 0.01114, "accuracy": 0.60791, "precision": 0.0, "recall": 0.0, "f1": 0.0, "auc": 0.44029}
{"epoch": 23, "time_epoch": 0.3958, "eta": 29.60297, "eta_hours": 0.00822, "loss": 0.66970302, "lr": 0.00087506, "params": 3473, "time_iter": 0.01131, "accuracy": 0.60791, "precision": 0.0, "recall": 0.0, "f1": 0.0, "auc": 0.46986}
{"epoch": 24, "time_epoch": 0.39046, "eta": 29.21631, "eta_hours": 0.00812, "loss": 0.66970617, "lr": 0.00086448, "params": 3473, "time_iter": 0.01116, "accuracy": 0.60791, "precision": 0.0, "recall": 0.0, "f1": 0.0, "auc": 0.46856}
{"epoch": 25, "time_epoch": 0.39295, "eta": 28.83643, "eta_hours": 0.00801, "loss": 0.6697781, "lr": 0.00085355, "params": 3473, "time_iter": 0.01123, "accuracy": 0.60791, "precision": 0.0, "recall": 0.0, "f1": 0.0, "auc": 0.45443}
{"epoch": 26, "time_epoch": 0.39032, "eta": 28.44847, "eta_hours": 0.0079, "loss": 0.66968731, "lr": 0.00084227, "params": 3473, "time_iter": 0.01115, "accuracy": 0.60791, "precision": 0.0, "recall": 0.0, "f1": 0.0, "auc": 0.49195}
{"epoch": 27, "time_epoch": 0.39078, "eta": 28.06153, "eta_hours": 0.00779, "loss": 0.66973615, "lr": 0.00083066, "params": 3473, "time_iter": 0.01117, "accuracy": 0.60791, "precision": 0.0, "recall": 0.0, "f1": 0.0, "auc": 0.47056}
{"epoch": 28, "time_epoch": 0.38886, "eta": 27.66962, "eta_hours": 0.00769, "loss": 0.66976225, "lr": 0.00081871, "params": 3473, "time_iter": 0.01111, "accuracy": 0.60791, "precision": 0.0, "recall": 0.0, "f1": 0.0, "auc": 0.46214}
{"epoch": 29, "time_epoch": 0.38838, "eta": 27.27679, "eta_hours": 0.00758, "loss": 0.66969768, "lr": 0.00080645, "params": 3473, "time_iter": 0.0111, "accuracy": 0.60791, "precision": 0.0, "recall": 0.0, "f1": 0.0, "auc": 0.4558}
{"epoch": 30, "time_epoch": 0.38972, "eta": 26.88724, "eta_hours": 0.00747, "loss": 0.66973261, "lr": 0.00079389, "params": 3473, "time_iter": 0.01113, "accuracy": 0.60791, "precision": 0.0, "recall": 0.0, "f1": 0.0, "auc": 0.43002}
{"epoch": 31, "time_epoch": 0.39356, "eta": 26.50585, "eta_hours": 0.00736, "loss": 0.6697182, "lr": 0.00078104, "params": 3473, "time_iter": 0.01124, "accuracy": 0.60791, "precision": 0.0, "recall": 0.0, "f1": 0.0, "auc": 0.46003}
{"epoch": 32, "time_epoch": 0.39004, "eta": 26.11656, "eta_hours": 0.00725, "loss": 0.66974617, "lr": 0.00076791, "params": 3473, "time_iter": 0.01114, "accuracy": 0.60791, "precision": 0.0, "recall": 0.0, "f1": 0.0, "auc": 0.45471}
{"epoch": 33, "time_epoch": 0.38919, "eta": 25.72558, "eta_hours": 0.00715, "loss": 0.66969268, "lr": 0.00075452, "params": 3473, "time_iter": 0.01112, "accuracy": 0.60791, "precision": 0.0, "recall": 0.0, "f1": 0.0, "auc": 0.48083}
{"epoch": 34, "time_epoch": 0.39552, "eta": 25.34646, "eta_hours": 0.00704, "loss": 0.6698353, "lr": 0.00074088, "params": 3473, "time_iter": 0.0113, "accuracy": 0.60791, "precision": 0.0, "recall": 0.0, "f1": 0.0, "auc": 0.45591}
{"epoch": 35, "time_epoch": 0.39383, "eta": 24.96343, "eta_hours": 0.00693, "loss": 0.66972853, "lr": 0.000727, "params": 3473, "time_iter": 0.01125, "accuracy": 0.60791, "precision": 0.0, "recall": 0.0, "f1": 0.0, "auc": 0.45688}
{"epoch": 36, "time_epoch": 0.39514, "eta": 24.58203, "eta_hours": 0.00683, "loss": 0.66972486, "lr": 0.00071289, "params": 3473, "time_iter": 0.01129, "accuracy": 0.60791, "precision": 0.0, "recall": 0.0, "f1": 0.0, "auc": 0.46293}
{"epoch": 37, "time_epoch": 0.39616, "eta": 24.20158, "eta_hours": 0.00672, "loss": 0.66971945, "lr": 0.00069857, "params": 3473, "time_iter": 0.01132, "accuracy": 0.60791, "precision": 0.0, "recall": 0.0, "f1": 0.0, "auc": 0.46334}
{"epoch": 38, "time_epoch": 0.38225, "eta": 23.79857, "eta_hours": 0.00661, "loss": 0.66981153, "lr": 0.00068406, "params": 3473, "time_iter": 0.01092, "accuracy": 0.60791, "precision": 0.0, "recall": 0.0, "f1": 0.0, "auc": 0.45233}
{"epoch": 39, "time_epoch": 0.38447, "eta": 23.39992, "eta_hours": 0.0065, "loss": 0.66983093, "lr": 0.00066937, "params": 3473, "time_iter": 0.01098, "accuracy": 0.60791, "precision": 0.0, "recall": 0.0, "f1": 0.0, "auc": 0.44291}
{"epoch": 40, "time_epoch": 0.3902, "eta": 23.01021, "eta_hours": 0.00639, "loss": 0.66972554, "lr": 0.00065451, "params": 3473, "time_iter": 0.01115, "accuracy": 0.60791, "precision": 0.0, "recall": 0.0, "f1": 0.0, "auc": 0.46108}
{"epoch": 41, "time_epoch": 0.38868, "eta": 22.61838, "eta_hours": 0.00628, "loss": 0.66973071, "lr": 0.0006395, "params": 3473, "time_iter": 0.01111, "accuracy": 0.60791, "precision": 0.0, "recall": 0.0, "f1": 0.0, "auc": 0.45047}
{"epoch": 42, "time_epoch": 0.39214, "eta": 22.23128, "eta_hours": 0.00618, "loss": 0.6696984, "lr": 0.00062434, "params": 3473, "time_iter": 0.0112, "accuracy": 0.60791, "precision": 0.0, "recall": 0.0, "f1": 0.0, "auc": 0.46387}
{"epoch": 43, "time_epoch": 0.38999, "eta": 21.84122, "eta_hours": 0.00607, "loss": 0.66973542, "lr": 0.00060907, "params": 3473, "time_iter": 0.01114, "accuracy": 0.60791, "precision": 0.0, "recall": 0.0, "f1": 0.0, "auc": 0.45361}
{"epoch": 44, "time_epoch": 0.39068, "eta": 21.452, "eta_hours": 0.00596, "loss": 0.66972162, "lr": 0.00059369, "params": 3473, "time_iter": 0.01116, "accuracy": 0.60791, "precision": 0.0, "recall": 0.0, "f1": 0.0, "auc": 0.46758}
{"epoch": 45, "time_epoch": 0.38909, "eta": 21.06085, "eta_hours": 0.00585, "loss": 0.66972337, "lr": 0.00057822, "params": 3473, "time_iter": 0.01112, "accuracy": 0.60791, "precision": 0.0, "recall": 0.0, "f1": 0.0, "auc": 0.45438}
{"epoch": 46, "time_epoch": 0.38802, "eta": 20.66858, "eta_hours": 0.00574, "loss": 0.66972462, "lr": 0.00056267, "params": 3473, "time_iter": 0.01109, "accuracy": 0.60791, "precision": 0.0, "recall": 0.0, "f1": 0.0, "auc": 0.46274}
{"epoch": 47, "time_epoch": 0.38842, "eta": 20.27692, "eta_hours": 0.00563, "loss": 0.66972457, "lr": 0.00054705, "params": 3473, "time_iter": 0.0111, "accuracy": 0.60791, "precision": 0.0, "recall": 0.0, "f1": 0.0, "auc": 0.43936}
{"epoch": 48, "time_epoch": 0.39249, "eta": 19.88964, "eta_hours": 0.00552, "loss": 0.66970421, "lr": 0.0005314, "params": 3473, "time_iter": 0.01121, "accuracy": 0.60791, "precision": 0.0, "recall": 0.0, "f1": 0.0, "auc": 0.45567}
{"epoch": 49, "time_epoch": 0.38849, "eta": 19.49814, "eta_hours": 0.00542, "loss": 0.66971199, "lr": 0.00051571, "params": 3473, "time_iter": 0.0111, "accuracy": 0.60791, "precision": 0.0, "recall": 0.0, "f1": 0.0, "auc": 0.46514}
{"epoch": 50, "time_epoch": 0.39528, "eta": 19.11328, "eta_hours": 0.00531, "loss": 0.66977614, "lr": 0.0005, "params": 3473, "time_iter": 0.01129, "accuracy": 0.60791, "precision": 0.0, "recall": 0.0, "f1": 0.0, "auc": 0.44796}
{"epoch": 51, "time_epoch": 0.39172, "eta": 18.72474, "eta_hours": 0.0052, "loss": 0.66974798, "lr": 0.00048429, "params": 3473, "time_iter": 0.01119, "accuracy": 0.60791, "precision": 0.0, "recall": 0.0, "f1": 0.0, "auc": 0.46501}
{"epoch": 52, "time_epoch": 0.40309, "eta": 18.34616, "eta_hours": 0.0051, "loss": 0.6697984, "lr": 0.0004686, "params": 3473, "time_iter": 0.01152, "accuracy": 0.60791, "precision": 0.0, "recall": 0.0, "f1": 0.0, "auc": 0.43571}
{"epoch": 53, "time_epoch": 0.39335, "eta": 17.95838, "eta_hours": 0.00499, "loss": 0.66972728, "lr": 0.00045295, "params": 3473, "time_iter": 0.01124, "accuracy": 0.60791, "precision": 0.0, "recall": 0.0, "f1": 0.0, "auc": 0.47189}
{"epoch": 54, "time_epoch": 0.39194, "eta": 17.56924, "eta_hours": 0.00488, "loss": 0.66967937, "lr": 0.00043733, "params": 3473, "time_iter": 0.0112, "accuracy": 0.60791, "precision": 0.0, "recall": 0.0, "f1": 0.0, "auc": 0.47481}
{"epoch": 55, "time_epoch": 0.39452, "eta": 17.18203, "eta_hours": 0.00477, "loss": 0.66971613, "lr": 0.00042178, "params": 3473, "time_iter": 0.01127, "accuracy": 0.60791, "precision": 0.0, "recall": 0.0, "f1": 0.0, "auc": 0.46654}
{"epoch": 56, "time_epoch": 0.39761, "eta": 16.7969, "eta_hours": 0.00467, "loss": 0.66974268, "lr": 0.00040631, "params": 3473, "time_iter": 0.01136, "accuracy": 0.60791, "precision": 0.0, "recall": 0.0, "f1": 0.0, "auc": 0.44341}
{"epoch": 57, "time_epoch": 0.3918, "eta": 16.40712, "eta_hours": 0.00456, "loss": 0.66976568, "lr": 0.00039093, "params": 3473, "time_iter": 0.01119, "accuracy": 0.60791, "precision": 0.0, "recall": 0.0, "f1": 0.0, "auc": 0.44882}
{"epoch": 58, "time_epoch": 0.39315, "eta": 16.01822, "eta_hours": 0.00445, "loss": 0.66977161, "lr": 0.00037566, "params": 3473, "time_iter": 0.01123, "accuracy": 0.60791, "precision": 0.0, "recall": 0.0, "f1": 0.0, "auc": 0.44708}
{"epoch": 59, "time_epoch": 0.39849, "eta": 15.63273, "eta_hours": 0.00434, "loss": 0.66973639, "lr": 0.0003605, "params": 3473, "time_iter": 0.01139, "accuracy": 0.60791, "precision": 0.0, "recall": 0.0, "f1": 0.0, "auc": 0.4578}
{"epoch": 60, "time_epoch": 0.42676, "eta": 15.26489, "eta_hours": 0.00424, "loss": 0.66971233, "lr": 0.00034549, "params": 3473, "time_iter": 0.01219, "accuracy": 0.60791, "precision": 0.0, "recall": 0.0, "f1": 0.0, "auc": 0.4311}
{"epoch": 61, "time_epoch": 0.39024, "eta": 14.87277, "eta_hours": 0.00413, "loss": 0.66968878, "lr": 0.00033063, "params": 3473, "time_iter": 0.01115, "accuracy": 0.60791, "precision": 0.0, "recall": 0.0, "f1": 0.0, "auc": 0.47503}
{"epoch": 62, "time_epoch": 0.38893, "eta": 14.47994, "eta_hours": 0.00402, "loss": 0.66972699, "lr": 0.00031594, "params": 3473, "time_iter": 0.01111, "accuracy": 0.60791, "precision": 0.0, "recall": 0.0, "f1": 0.0, "auc": 0.46399}
{"epoch": 63, "time_epoch": 0.38739, "eta": 14.08636, "eta_hours": 0.00391, "loss": 0.66967545, "lr": 0.00030143, "params": 3473, "time_iter": 0.01107, "accuracy": 0.60791, "precision": 0.0, "recall": 0.0, "f1": 0.0, "auc": 0.47873}
{"epoch": 64, "time_epoch": 0.39069, "eta": 13.69475, "eta_hours": 0.0038, "loss": 0.6696829, "lr": 0.00028711, "params": 3473, "time_iter": 0.01116, "accuracy": 0.60791, "precision": 0.0, "recall": 0.0, "f1": 0.0, "auc": 0.45907}
{"epoch": 65, "time_epoch": 0.3896, "eta": 13.30261, "eta_hours": 0.0037, "loss": 0.66971251, "lr": 0.000273, "params": 3473, "time_iter": 0.01113, "accuracy": 0.60791, "precision": 0.0, "recall": 0.0, "f1": 0.0, "auc": 0.45149}
{"epoch": 66, "time_epoch": 0.38858, "eta": 12.91004, "eta_hours": 0.00359, "loss": 0.66966985, "lr": 0.00025912, "params": 3473, "time_iter": 0.0111, "accuracy": 0.60791, "precision": 0.0, "recall": 0.0, "f1": 0.0, "auc": 0.51029}
{"epoch": 67, "time_epoch": 0.3888, "eta": 12.51769, "eta_hours": 0.00348, "loss": 0.66968166, "lr": 0.00024548, "params": 3473, "time_iter": 0.01111, "accuracy": 0.60791, "precision": 0.0, "recall": 0.0, "f1": 0.0, "auc": 0.48002}
{"epoch": 68, "time_epoch": 0.39588, "eta": 12.12863, "eta_hours": 0.00337, "loss": 0.66970844, "lr": 0.00023209, "params": 3473, "time_iter": 0.01131, "accuracy": 0.60791, "precision": 0.0, "recall": 0.0, "f1": 0.0, "auc": 0.47102}
{"epoch": 69, "time_epoch": 0.39376, "eta": 11.73846, "eta_hours": 0.00326, "loss": 0.67001971, "lr": 0.00021896, "params": 3473, "time_iter": 0.01125, "accuracy": 0.60791, "precision": 0.0, "recall": 0.0, "f1": 0.0, "auc": 0.45555}
{"epoch": 70, "time_epoch": 0.38925, "eta": 11.34634, "eta_hours": 0.00315, "loss": 0.66966849, "lr": 0.00020611, "params": 3473, "time_iter": 0.01112, "accuracy": 0.60791, "precision": 0.0, "recall": 0.0, "f1": 0.0, "auc": 0.49988}
{"epoch": 71, "time_epoch": 0.38742, "eta": 10.9536, "eta_hours": 0.00304, "loss": 0.66967417, "lr": 0.00019355, "params": 3473, "time_iter": 0.01107, "accuracy": 0.60791, "precision": 0.0, "recall": 0.0, "f1": 0.0, "auc": 0.48672}
{"epoch": 72, "time_epoch": 0.38917, "eta": 10.56165, "eta_hours": 0.00293, "loss": 0.66967715, "lr": 0.00018129, "params": 3473, "time_iter": 0.01112, "accuracy": 0.60791, "precision": 0.0, "recall": 0.0, "f1": 0.0, "auc": 0.48863}
{"epoch": 73, "time_epoch": 0.39264, "eta": 10.17099, "eta_hours": 0.00283, "loss": 0.66967913, "lr": 0.00016934, "params": 3473, "time_iter": 0.01122, "accuracy": 0.60791, "precision": 0.0, "recall": 0.0, "f1": 0.0, "auc": 0.47575}
{"epoch": 74, "time_epoch": 0.38973, "eta": 9.77931, "eta_hours": 0.00272, "loss": 0.66967444, "lr": 0.00015773, "params": 3473, "time_iter": 0.01114, "accuracy": 0.60791, "precision": 0.0, "recall": 0.0, "f1": 0.0, "auc": 0.48241}
{"epoch": 75, "time_epoch": 0.3926, "eta": 9.38859, "eta_hours": 0.00261, "loss": 0.66966432, "lr": 0.00014645, "params": 3473, "time_iter": 0.01122, "accuracy": 0.60791, "precision": 0.0, "recall": 0.0, "f1": 0.0, "auc": 0.48088}
{"epoch": 76, "time_epoch": 0.39309, "eta": 8.99797, "eta_hours": 0.0025, "loss": 0.66966791, "lr": 0.00013552, "params": 3473, "time_iter": 0.01123, "accuracy": 0.60791, "precision": 0.0, "recall": 0.0, "f1": 0.0, "auc": 0.47954}
{"epoch": 77, "time_epoch": 0.39717, "eta": 8.60843, "eta_hours": 0.00239, "loss": 0.66967081, "lr": 0.00012494, "params": 3473, "time_iter": 0.01135, "accuracy": 0.60791, "precision": 0.0, "recall": 0.0, "f1": 0.0, "auc": 0.49899}
{"epoch": 78, "time_epoch": 0.39111, "eta": 8.21709, "eta_hours": 0.00228, "loss": 0.66966712, "lr": 0.00011474, "params": 3473, "time_iter": 0.01117, "accuracy": 0.60791, "precision": 0.0, "recall": 0.0, "f1": 0.0, "auc": 0.47794}
{"epoch": 79, "time_epoch": 0.38853, "eta": 7.82511, "eta_hours": 0.00217, "loss": 0.66965471, "lr": 0.00010492, "params": 3473, "time_iter": 0.0111, "accuracy": 0.60791, "precision": 0.0, "recall": 0.0, "f1": 0.0, "auc": 0.53203}
{"epoch": 80, "time_epoch": 0.38766, "eta": 7.43301, "eta_hours": 0.00206, "loss": 0.66966335, "lr": 9.549e-05, "params": 3473, "time_iter": 0.01108, "accuracy": 0.60791, "precision": 0.0, "recall": 0.0, "f1": 0.0, "auc": 0.50367}
{"epoch": 81, "time_epoch": 0.39166, "eta": 7.0419, "eta_hours": 0.00196, "loss": 0.66965107, "lr": 8.646e-05, "params": 3473, "time_iter": 0.01119, "accuracy": 0.60791, "precision": 0.0, "recall": 0.0, "f1": 0.0, "auc": 0.51551}
{"epoch": 82, "time_epoch": 0.39122, "eta": 6.65068, "eta_hours": 0.00185, "loss": 0.66967304, "lr": 7.784e-05, "params": 3473, "time_iter": 0.01118, "accuracy": 0.60791, "precision": 0.0, "recall": 0.0, "f1": 0.0, "auc": 0.46555}
{"epoch": 83, "time_epoch": 0.38846, "eta": 6.25894, "eta_hours": 0.00174, "loss": 0.66966379, "lr": 6.963e-05, "params": 3473, "time_iter": 0.0111, "accuracy": 0.60791, "precision": 0.0, "recall": 0.0, "f1": 0.0, "auc": 0.50122}
{"epoch": 84, "time_epoch": 0.38805, "eta": 5.86721, "eta_hours": 0.00163, "loss": 0.66966306, "lr": 6.185e-05, "params": 3473, "time_iter": 0.01109, "accuracy": 0.60791, "precision": 0.0, "recall": 0.0, "f1": 0.0, "auc": 0.51554}
{"epoch": 85, "time_epoch": 0.39045, "eta": 5.47595, "eta_hours": 0.00152, "loss": 0.66965016, "lr": 5.45e-05, "params": 3473, "time_iter": 0.01116, "accuracy": 0.60791, "precision": 0.0, "recall": 0.0, "f1": 0.0, "auc": 0.55512}
{"epoch": 86, "time_epoch": 0.39666, "eta": 5.08563, "eta_hours": 0.00141, "loss": 0.66966228, "lr": 4.759e-05, "params": 3473, "time_iter": 0.01133, "accuracy": 0.60791, "precision": 0.0, "recall": 0.0, "f1": 0.0, "auc": 0.49564}
{"epoch": 87, "time_epoch": 0.39303, "eta": 4.69468, "eta_hours": 0.0013, "loss": 0.6696492, "lr": 4.112e-05, "params": 3473, "time_iter": 0.01123, "accuracy": 0.60791, "precision": 0.0, "recall": 0.0, "f1": 0.0, "auc": 0.54381}
{"epoch": 88, "time_epoch": 0.4009, "eta": 4.30465, "eta_hours": 0.0012, "loss": 0.66966226, "lr": 3.511e-05, "params": 3473, "time_iter": 0.01145, "accuracy": 0.60791, "precision": 0.0, "recall": 0.0, "f1": 0.0, "auc": 0.49712}
{"epoch": 89, "time_epoch": 0.38974, "eta": 3.91314, "eta_hours": 0.00109, "loss": 0.6696453, "lr": 2.956e-05, "params": 3473, "time_iter": 0.01114, "accuracy": 0.60791, "precision": 0.0, "recall": 0.0, "f1": 0.0, "auc": 0.54237}
{"epoch": 90, "time_epoch": 0.3921, "eta": 3.52191, "eta_hours": 0.00098, "loss": 0.66966035, "lr": 2.447e-05, "params": 3473, "time_iter": 0.0112, "accuracy": 0.60791, "precision": 0.0, "recall": 0.0, "f1": 0.0, "auc": 0.52763}
{"epoch": 91, "time_epoch": 0.38921, "eta": 3.1304, "eta_hours": 0.00087, "loss": 0.66964657, "lr": 1.985e-05, "params": 3473, "time_iter": 0.01112, "accuracy": 0.60791, "precision": 0.0, "recall": 0.0, "f1": 0.0, "auc": 0.59741}
{"epoch": 92, "time_epoch": 0.3879, "eta": 2.73884, "eta_hours": 0.00076, "loss": 0.66964174, "lr": 1.571e-05, "params": 3473, "time_iter": 0.01108, "accuracy": 0.60791, "precision": 0.0, "recall": 0.0, "f1": 0.0, "auc": 0.57035}
{"epoch": 93, "time_epoch": 0.38827, "eta": 2.34739, "eta_hours": 0.00065, "loss": 0.66963929, "lr": 1.204e-05, "params": 3473, "time_iter": 0.01109, "accuracy": 0.60791, "precision": 0.0, "recall": 0.0, "f1": 0.0, "auc": 0.57149}
{"epoch": 94, "time_epoch": 0.39227, "eta": 1.95621, "eta_hours": 0.00054, "loss": 0.66963495, "lr": 8.86e-06, "params": 3473, "time_iter": 0.01121, "accuracy": 0.60791, "precision": 0.0, "recall": 0.0, "f1": 0.0, "auc": 0.53029}
{"epoch": 95, "time_epoch": 0.39273, "eta": 1.56503, "eta_hours": 0.00043, "loss": 0.66965386, "lr": 6.16e-06, "params": 3473, "time_iter": 0.01122, "accuracy": 0.60791, "precision": 0.0, "recall": 0.0, "f1": 0.0, "auc": 0.50318}
{"epoch": 96, "time_epoch": 0.39774, "eta": 1.17397, "eta_hours": 0.00033, "loss": 0.66965086, "lr": 3.94e-06, "params": 3473, "time_iter": 0.01136, "accuracy": 0.60791, "precision": 0.0, "recall": 0.0, "f1": 0.0, "auc": 0.52712}
{"epoch": 97, "time_epoch": 0.38952, "eta": 0.78261, "eta_hours": 0.00022, "loss": 0.6696396, "lr": 2.22e-06, "params": 3473, "time_iter": 0.01113, "accuracy": 0.60791, "precision": 0.0, "recall": 0.0, "f1": 0.0, "auc": 0.53453}
{"epoch": 98, "time_epoch": 0.39196, "eta": 0.39131, "eta_hours": 0.00011, "loss": 0.66964733, "lr": 9.9e-07, "params": 3473, "time_iter": 0.0112, "accuracy": 0.60791, "precision": 0.0, "recall": 0.0, "f1": 0.0, "auc": 0.5432}
{"epoch": 99, "time_epoch": 0.39031, "eta": 0.0, "eta_hours": 0.0, "loss": 0.66964575, "lr": 2.5e-07, "params": 3473, "time_iter": 0.01115, "accuracy": 0.60791, "precision": 0.0, "recall": 0.0, "f1": 0.0, "auc": 0.52999}
