{"epoch": 0, "time_epoch": 18.9536, "eta": 1876.4063, "eta_hours": 0.52122, "loss": 0.64719592, "lr": 0.001, "params": 6215, "time_iter": 0.13636, "accuracy": 0.66187, "precision": 0.67857, "recall": 0.26147, "f1": 0.37748, "auc": 0.69878}
{"epoch": 1, "time_epoch": 6.06321, "eta": 1225.82354, "eta_hours": 0.34051, "loss": 0.61986707, "lr": 0.00099975, "params": 6215, "time_iter": 0.04362, "accuracy": 0.69784, "precision": 0.66234, "recall": 0.46789, "f1": 0.54839, "auc": 0.70696}
{"epoch": 2, "time_epoch": 6.07218, "eta": 1005.21051, "eta_hours": 0.27923, "loss": 0.59601226, "lr": 0.00099901, "params": 6215, "time_iter": 0.04368, "accuracy": 0.71043, "precision": 0.72441, "recall": 0.42202, "f1": 0.53333, "auc": 0.72151}
{"epoch": 3, "time_epoch": 6.06505, "eta": 891.69688, "eta_hours": 0.24769, "loss": 0.58616306, "lr": 0.00099778, "params": 6215, "time_iter": 0.04363, "accuracy": 0.71763, "precision": 0.70199, "recall": 0.48624, "f1": 0.57453, "auc": 0.7509}
{"epoch": 4, "time_epoch": 6.03256, "eta": 820.54537, "eta_hours": 0.22793, "loss": 0.57174818, "lr": 0.00099606, "params": 6215, "time_iter": 0.0434, "accuracy": 0.72842, "precision": 0.70807, "recall": 0.52294, "f1": 0.60158, "auc": 0.74292}
{"epoch": 5, "time_epoch": 6.10933, "eta": 772.30287, "eta_hours": 0.21453, "loss": 0.56270371, "lr": 0.00099384, "params": 6215, "time_iter": 0.04395, "accuracy": 0.74101, "precision": 0.7284, "recall": 0.54128, "f1": 0.62105, "auc": 0.76797}
{"epoch": 6, "time_epoch": 6.105, "eta": 736.04094, "eta_hours": 0.20446, "loss": 0.60973777, "lr": 0.00099114, "params": 6215, "time_iter": 0.04392, "accuracy": 0.72482, "precision": 0.67956, "recall": 0.56422, "f1": 0.61654, "auc": 0.75453}
{"epoch": 7, "time_epoch": 6.0684, "eta": 706.89727, "eta_hours": 0.19636, "loss": 0.56487788, "lr": 0.00098796, "params": 6215, "time_iter": 0.04366, "accuracy": 0.73201, "precision": 0.69942, "recall": 0.55505, "f1": 0.61893, "auc": 0.76353}
{"epoch": 8, "time_epoch": 6.06111, "eta": 682.80773, "eta_hours": 0.18967, "loss": 0.57540339, "lr": 0.00098429, "params": 6215, "time_iter": 0.04361, "accuracy": 0.72842, "precision": 0.68508, "recall": 0.56881, "f1": 0.62155, "auc": 0.76406}
{"epoch": 9, "time_epoch": 5.94198, "eta": 661.25177, "eta_hours": 0.18368, "loss": 0.56273739, "lr": 0.00098015, "params": 6215, "time_iter": 0.04275, "accuracy": 0.73741, "precision": 0.73377, "recall": 0.51835, "f1": 0.60753, "auc": 0.77788}
{"epoch": 10, "time_epoch": 6.05564, "eta": 643.45429, "eta_hours": 0.17874, "loss": 0.57143274, "lr": 0.00097553, "params": 6215, "time_iter": 0.04357, "accuracy": 0.73561, "precision": 0.7351, "recall": 0.50917, "f1": 0.60163, "auc": 0.76491}
{"epoch": 11, "time_epoch": 6.0771, "eta": 627.77116, "eta_hours": 0.17438, "loss": 0.54183085, "lr": 0.00097044, "params": 6215, "time_iter": 0.04372, "accuracy": 0.76259, "precision": 0.74432, "recall": 0.60092, "f1": 0.66497, "auc": 0.7788}
{"epoch": 12, "time_epoch": 6.07252, "eta": 613.53522, "eta_hours": 0.17043, "loss": 0.57768904, "lr": 0.00096489, "params": 6215, "time_iter": 0.04369, "accuracy": 0.75899, "precision": 0.74419, "recall": 0.58716, "f1": 0.65641, "auc": 0.77013}
{"epoch": 13, "time_epoch": 6.06183, "eta": 600.39985, "eta_hours": 0.16678, "loss": 0.56298752, "lr": 0.00095888, "params": 6215, "time_iter": 0.04361, "accuracy": 0.75, "precision": 0.73653, "recall": 0.56422, "f1": 0.63896, "auc": 0.77807}
{"epoch": 14, "time_epoch": 6.05788, "eta": 588.18519, "eta_hours": 0.16338, "loss": 0.54766838, "lr": 0.00095241, "params": 6215, "time_iter": 0.04358, "accuracy": 0.7464, "precision": 0.73333, "recall": 0.55505, "f1": 0.63185, "auc": 0.77914}
{"epoch": 15, "time_epoch": 6.06946, "eta": 576.80093, "eta_hours": 0.16022, "loss": 0.57285866, "lr": 0.0009455, "params": 6215, "time_iter": 0.04367, "accuracy": 0.7464, "precision": 0.74214, "recall": 0.54128, "f1": 0.62599, "auc": 0.74648}
{"epoch": 16, "time_epoch": 6.11045, "eta": 566.2421, "eta_hours": 0.15729, "loss": 0.55527609, "lr": 0.00093815, "params": 6215, "time_iter": 0.04396, "accuracy": 0.75, "precision": 0.73653, "recall": 0.56422, "f1": 0.63896, "auc": 0.76204}
{"epoch": 17, "time_epoch": 6.05371, "eta": 555.91901, "eta_hours": 0.15442, "loss": 0.58426684, "lr": 0.00093037, "params": 6215, "time_iter": 0.04355, "accuracy": 0.73921, "precision": 0.74172, "recall": 0.51376, "f1": 0.60705, "auc": 0.7462}
{"epoch": 18, "time_epoch": 6.09892, "eta": 546.23808, "eta_hours": 0.15173, "loss": 0.58245317, "lr": 0.00092216, "params": 6215, "time_iter": 0.04388, "accuracy": 0.7482, "precision": 0.75, "recall": 0.5367, "f1": 0.62567, "auc": 0.75981}
{"epoch": 19, "time_epoch": 6.07832, "eta": 536.83295, "eta_hours": 0.14912, "loss": 0.55091022, "lr": 0.00091354, "params": 6215, "time_iter": 0.04373, "accuracy": 0.76259, "precision": 0.75904, "recall": 0.57798, "f1": 0.65625, "auc": 0.79344}
{"epoch": 20, "time_epoch": 6.05563, "eta": 527.65931, "eta_hours": 0.14657, "loss": 0.53377168, "lr": 0.00090451, "params": 6215, "time_iter": 0.04357, "accuracy": 0.76619, "precision": 0.75882, "recall": 0.59174, "f1": 0.66495, "auc": 0.79821}
{"epoch": 21, "time_epoch": 6.06649, "eta": 518.80764, "eta_hours": 0.14411, "loss": 0.57898829, "lr": 0.00089508, "params": 6215, "time_iter": 0.04364, "accuracy": 0.7464, "precision": 0.74214, "recall": 0.54128, "f1": 0.62599, "auc": 0.7731}
{"epoch": 22, "time_epoch": 6.06038, "eta": 510.17769, "eta_hours": 0.14172, "loss": 0.58187195, "lr": 0.00088526, "params": 6215, "time_iter": 0.0436, "accuracy": 0.74101, "precision": 0.72561, "recall": 0.54587, "f1": 0.62304, "auc": 0.75502}
{"epoch": 23, "time_epoch": 6.06509, "eta": 501.7768, "eta_hours": 0.13938, "loss": 0.53289602, "lr": 0.00087506, "params": 6215, "time_iter": 0.04363, "accuracy": 0.76619, "precision": 0.7619, "recall": 0.58716, "f1": 0.66321, "auc": 0.79469}
{"epoch": 24, "time_epoch": 6.07816, "eta": 493.60197, "eta_hours": 0.13711, "loss": 0.57892768, "lr": 0.00086448, "params": 6215, "time_iter": 0.04373, "accuracy": 0.75719, "precision": 0.7485, "recall": 0.57339, "f1": 0.64935, "auc": 0.77686}
{"epoch": 25, "time_epoch": 6.07455, "eta": 485.57814, "eta_hours": 0.13488, "loss": 0.58277934, "lr": 0.00085355, "params": 6215, "time_iter": 0.0437, "accuracy": 0.74101, "precision": 0.73718, "recall": 0.52752, "f1": 0.61497, "auc": 0.74853}
{"epoch": 26, "time_epoch": 6.05128, "eta": 477.6358, "eta_hours": 0.13268, "loss": 0.56181838, "lr": 0.00084227, "params": 6215, "time_iter": 0.04353, "accuracy": 0.7482, "precision": 0.74375, "recall": 0.54587, "f1": 0.62963, "auc": 0.75357}
{"epoch": 27, "time_epoch": 6.08052, "eta": 469.90374, "eta_hours": 0.13053, "loss": 0.53902439, "lr": 0.00083066, "params": 6215, "time_iter": 0.04374, "accuracy": 0.76439, "precision": 0.77358, "recall": 0.56422, "f1": 0.65252, "auc": 0.77345}
{"epoch": 28, "time_epoch": 6.09115, "eta": 462.31159, "eta_hours": 0.12842, "loss": 0.53380262, "lr": 0.00081871, "params": 6215, "time_iter": 0.04382, "accuracy": 0.75719, "precision": 0.74556, "recall": 0.57798, "f1": 0.65116, "auc": 0.81138}
{"epoch": 29, "time_epoch": 6.06728, "eta": 454.76381, "eta_hours": 0.12632, "loss": 0.5601826, "lr": 0.00080645, "params": 6215, "time_iter": 0.04365, "accuracy": 0.74101, "precision": 0.72289, "recall": 0.55046, "f1": 0.625, "auc": 0.7888}
{"epoch": 30, "time_epoch": 6.02054, "eta": 447.20752, "eta_hours": 0.12422, "loss": 0.57085394, "lr": 0.00079389, "params": 6215, "time_iter": 0.04331, "accuracy": 0.7446, "precision": 0.71839, "recall": 0.57339, "f1": 0.63776, "auc": 0.78012}
{"epoch": 31, "time_epoch": 6.05891, "eta": 439.82874, "eta_hours": 0.12217, "loss": 0.54262059, "lr": 0.00078104, "params": 6215, "time_iter": 0.04359, "accuracy": 0.7518, "precision": 0.73529, "recall": 0.57339, "f1": 0.64433, "auc": 0.80534}
{"epoch": 32, "time_epoch": 6.06879, "eta": 432.55001, "eta_hours": 0.12015, "loss": 0.54410999, "lr": 0.00076791, "params": 6215, "time_iter": 0.04366, "accuracy": 0.7518, "precision": 0.74096, "recall": 0.56422, "f1": 0.64062, "auc": 0.78036}
{"epoch": 33, "time_epoch": 6.06673, "eta": 425.33846, "eta_hours": 0.11815, "loss": 0.5675235, "lr": 0.00075452, "params": 6215, "time_iter": 0.04365, "accuracy": 0.7536, "precision": 0.73143, "recall": 0.58716, "f1": 0.6514, "auc": 0.78788}
{"epoch": 34, "time_epoch": 6.08642, "eta": 418.22889, "eta_hours": 0.11617, "loss": 0.54327732, "lr": 0.00074088, "params": 6215, "time_iter": 0.04379, "accuracy": 0.7536, "precision": 0.75796, "recall": 0.54587, "f1": 0.63467, "auc": 0.80957}
{"epoch": 35, "time_epoch": 6.03695, "eta": 411.08822, "eta_hours": 0.11419, "loss": 0.54524198, "lr": 0.000727, "params": 6215, "time_iter": 0.04343, "accuracy": 0.7482, "precision": 0.7191, "recall": 0.58716, "f1": 0.64646, "auc": 0.79362}
{"epoch": 36, "time_epoch": 6.03191, "eta": 403.99863, "eta_hours": 0.11222, "loss": 0.54524524, "lr": 0.00071289, "params": 6215, "time_iter": 0.0434, "accuracy": 0.7482, "precision": 0.73494, "recall": 0.55963, "f1": 0.63542, "auc": 0.79233}
{"epoch": 37, "time_epoch": 6.05908, "eta": 397.00904, "eta_hours": 0.11028, "loss": 0.55408291, "lr": 0.00069857, "params": 6215, "time_iter": 0.04359, "accuracy": 0.75899, "precision": 0.75926, "recall": 0.56422, "f1": 0.64737, "auc": 0.787}
{"epoch": 38, "time_epoch": 6.04629, "eta": 390.04716, "eta_hours": 0.10835, "loss": 0.5773996, "lr": 0.00068406, "params": 6215, "time_iter": 0.0435, "accuracy": 0.77518, "precision": 0.77193, "recall": 0.6055, "f1": 0.67866, "auc": 0.77858}
{"epoch": 39, "time_epoch": 6.0835, "eta": 383.18687, "eta_hours": 0.10644, "loss": 0.57724648, "lr": 0.00066937, "params": 6215, "time_iter": 0.04377, "accuracy": 0.75, "precision": 0.73653, "recall": 0.56422, "f1": 0.63896, "auc": 0.77537}
{"epoch": 40, "time_epoch": 6.03731, "eta": 376.29801, "eta_hours": 0.10453, "loss": 0.53916038, "lr": 0.00065451, "params": 6215, "time_iter": 0.04343, "accuracy": 0.7482, "precision": 0.75325, "recall": 0.53211, "f1": 0.62366, "auc": 0.7985}
{"epoch": 41, "time_epoch": 6.07923, "eta": 369.50759, "eta_hours": 0.10264, "loss": 0.54149146, "lr": 0.0006395, "params": 6215, "time_iter": 0.04374, "accuracy": 0.76259, "precision": 0.75595, "recall": 0.58257, "f1": 0.65803, "auc": 0.8168}
{"epoch": 42, "time_epoch": 6.0745, "eta": 362.74396, "eta_hours": 0.10076, "loss": 0.55004438, "lr": 0.00062434, "params": 6215, "time_iter": 0.0437, "accuracy": 0.76799, "precision": 0.75141, "recall": 0.61009, "f1": 0.67342, "auc": 0.78956}
{"epoch": 43, "time_epoch": 6.03762, "eta": 355.96473, "eta_hours": 0.09888, "loss": 0.54428156, "lr": 0.00060907, "params": 6215, "time_iter": 0.04344, "accuracy": 0.7518, "precision": 0.7439, "recall": 0.55963, "f1": 0.63874, "auc": 0.80473}
{"epoch": 44, "time_epoch": 6.03122, "eta": 349.21064, "eta_hours": 0.097, "loss": 0.55401406, "lr": 0.00059369, "params": 6215, "time_iter": 0.04339, "accuracy": 0.7464, "precision": 0.74522, "recall": 0.5367, "f1": 0.624, "auc": 0.78557}
{"epoch": 45, "time_epoch": 6.06612, "eta": 342.52895, "eta_hours": 0.09515, "loss": 0.55719193, "lr": 0.00057822, "params": 6215, "time_iter": 0.04364, "accuracy": 0.76799, "precision": 0.75141, "recall": 0.61009, "f1": 0.67342, "auc": 0.77926}
{"epoch": 46, "time_epoch": 6.06178, "eta": 335.86856, "eta_hours": 0.0933, "loss": 0.5663253, "lr": 0.00056267, "params": 6215, "time_iter": 0.04361, "accuracy": 0.75899, "precision": 0.75301, "recall": 0.57339, "f1": 0.65104, "auc": 0.78063}
{"epoch": 47, "time_epoch": 6.05285, "eta": 329.22343, "eta_hours": 0.09145, "loss": 0.52670447, "lr": 0.00054705, "params": 6215, "time_iter": 0.04355, "accuracy": 0.76799, "precision": 0.76331, "recall": 0.59174, "f1": 0.66667, "auc": 0.80473}
{"epoch": 48, "time_epoch": 6.03225, "eta": 322.58104, "eta_hours": 0.08961, "loss": 0.55122031, "lr": 0.0005314, "params": 6215, "time_iter": 0.0434, "accuracy": 0.76079, "precision": 0.73743, "recall": 0.6055, "f1": 0.66499, "auc": 0.81486}
{"epoch": 49, "time_epoch": 6.05423, "eta": 315.98504, "eta_hours": 0.08777, "loss": 0.53532513, "lr": 0.00051571, "params": 6215, "time_iter": 0.04356, "accuracy": 0.76079, "precision": 0.73224, "recall": 0.61468, "f1": 0.66833, "auc": 0.81079}
{"epoch": 50, "time_epoch": 6.05334, "eta": 309.40943, "eta_hours": 0.08595, "loss": 0.55219739, "lr": 0.0005, "params": 6215, "time_iter": 0.04355, "accuracy": 0.76619, "precision": 0.76506, "recall": 0.58257, "f1": 0.66146, "auc": 0.80722}
{"epoch": 51, "time_epoch": 6.04739, "eta": 302.84841, "eta_hours": 0.08412, "loss": 0.53531847, "lr": 0.00048429, "params": 6215, "time_iter": 0.04351, "accuracy": 0.79676, "precision": 0.80347, "recall": 0.63761, "f1": 0.711, "auc": 0.83218}
{"epoch": 52, "time_epoch": 6.06178, "eta": 296.31953, "eta_hours": 0.08231, "loss": 0.53359375, "lr": 0.0004686, "params": 6215, "time_iter": 0.04361, "accuracy": 0.76619, "precision": 0.74444, "recall": 0.61468, "f1": 0.67337, "auc": 0.81768}
{"epoch": 53, "time_epoch": 6.07529, "eta": 289.81946, "eta_hours": 0.08051, "loss": 0.52860335, "lr": 0.00045295, "params": 6215, "time_iter": 0.04371, "accuracy": 0.77698, "precision": 0.76705, "recall": 0.61927, "f1": 0.68528, "auc": 0.81056}
{"epoch": 54, "time_epoch": 6.03793, "eta": 283.30427, "eta_hours": 0.0787, "loss": 0.54044083, "lr": 0.00043733, "params": 6215, "time_iter": 0.04344, "accuracy": 0.76079, "precision": 0.74011, "recall": 0.60092, "f1": 0.66329, "auc": 0.81136}
{"epoch": 55, "time_epoch": 6.02387, "eta": 276.79508, "eta_hours": 0.07689, "loss": 0.52732033, "lr": 0.00042178, "params": 6215, "time_iter": 0.04334, "accuracy": 0.76619, "precision": 0.76506, "recall": 0.58257, "f1": 0.66146, "auc": 0.82487}
{"epoch": 56, "time_epoch": 6.04265, "eta": 270.31708, "eta_hours": 0.07509, "loss": 0.52355286, "lr": 0.00040631, "params": 6215, "time_iter": 0.04347, "accuracy": 0.77698, "precision": 0.77011, "recall": 0.61468, "f1": 0.68367, "auc": 0.8241}
{"epoch": 57, "time_epoch": 5.99136, "eta": 263.81695, "eta_hours": 0.07328, "loss": 0.52400538, "lr": 0.00039093, "params": 6215, "time_iter": 0.0431, "accuracy": 0.76799, "precision": 0.75141, "recall": 0.61009, "f1": 0.67342, "auc": 0.82166}
{"epoch": 58, "time_epoch": 6.07586, "eta": 257.3928, "eta_hours": 0.0715, "loss": 0.51941483, "lr": 0.00037566, "params": 6215, "time_iter": 0.04371, "accuracy": 0.77878, "precision": 0.76536, "recall": 0.62844, "f1": 0.69018, "auc": 0.82586}
{"epoch": 59, "time_epoch": 6.03854, "eta": 250.95537, "eta_hours": 0.06971, "loss": 0.51467393, "lr": 0.0003605, "params": 6215, "time_iter": 0.04344, "accuracy": 0.78237, "precision": 0.79042, "recall": 0.6055, "f1": 0.68571, "auc": 0.82506}
{"epoch": 60, "time_epoch": 6.00903, "eta": 244.51215, "eta_hours": 0.06792, "loss": 0.53369226, "lr": 0.00034549, "params": 6215, "time_iter": 0.04323, "accuracy": 0.74281, "precision": 0.70053, "recall": 0.60092, "f1": 0.64691, "auc": 0.8129}
{"epoch": 61, "time_epoch": 6.06387, "eta": 238.11655, "eta_hours": 0.06614, "loss": 0.5603419, "lr": 0.00033063, "params": 6215, "time_iter": 0.04362, "accuracy": 0.77698, "precision": 0.79012, "recall": 0.58716, "f1": 0.67368, "auc": 0.81}
{"epoch": 62, "time_epoch": 6.05444, "eta": 231.72595, "eta_hours": 0.06437, "loss": 0.5667327, "lr": 0.00031594, "params": 6215, "time_iter": 0.04356, "accuracy": 0.75, "precision": 0.72571, "recall": 0.58257, "f1": 0.64631, "auc": 0.80757}
{"epoch": 63, "time_epoch": 6.07408, "eta": 225.35689, "eta_hours": 0.0626, "loss": 0.53557144, "lr": 0.00030143, "params": 6215, "time_iter": 0.0437, "accuracy": 0.76619, "precision": 0.73913, "recall": 0.62385, "f1": 0.67662, "auc": 0.8282}
{"epoch": 64, "time_epoch": 6.00098, "eta": 218.95755, "eta_hours": 0.06082, "loss": 0.50560261, "lr": 0.00028711, "params": 6215, "time_iter": 0.04317, "accuracy": 0.77878, "precision": 0.77457, "recall": 0.61468, "f1": 0.68542, "auc": 0.82789}
{"epoch": 65, "time_epoch": 6.0518, "eta": 212.59646, "eta_hours": 0.05905, "loss": 0.54246401, "lr": 0.000273, "params": 6215, "time_iter": 0.04354, "accuracy": 0.76079, "precision": 0.74286, "recall": 0.59633, "f1": 0.66158, "auc": 0.80929}
{"epoch": 66, "time_epoch": 6.02898, "eta": 206.23337, "eta_hours": 0.05729, "loss": 0.52813579, "lr": 0.00025912, "params": 6215, "time_iter": 0.04337, "accuracy": 0.78237, "precision": 0.77095, "recall": 0.63303, "f1": 0.69521, "auc": 0.82673}
{"epoch": 67, "time_epoch": 6.01641, "eta": 199.87419, "eta_hours": 0.05552, "loss": 0.52887292, "lr": 0.00024548, "params": 6215, "time_iter": 0.04328, "accuracy": 0.76799, "precision": 0.76331, "recall": 0.59174, "f1": 0.66667, "auc": 0.82441}
{"epoch": 68, "time_epoch": 7.63309, "eta": 194.25127, "eta_hours": 0.05396, "loss": 0.53514043, "lr": 0.00023209, "params": 6215, "time_iter": 0.05491, "accuracy": 0.76978, "precision": 0.74725, "recall": 0.62385, "f1": 0.68, "auc": 0.82801}
{"epoch": 69, "time_epoch": 6.58834, "eta": 188.12317, "eta_hours": 0.05226, "loss": 0.54373142, "lr": 0.00021896, "params": 6215, "time_iter": 0.0474, "accuracy": 0.76619, "precision": 0.73913, "recall": 0.62385, "f1": 0.67662, "auc": 0.82424}
{"epoch": 70, "time_epoch": 6.08135, "eta": 181.77503, "eta_hours": 0.05049, "loss": 0.52888975, "lr": 0.00020611, "params": 6215, "time_iter": 0.04375, "accuracy": 0.75719, "precision": 0.7546, "recall": 0.56422, "f1": 0.64567, "auc": 0.81594}
{"epoch": 71, "time_epoch": 6.10756, "eta": 175.44449, "eta_hours": 0.04873, "loss": 0.52187398, "lr": 0.00019355, "params": 6215, "time_iter": 0.04394, "accuracy": 0.77518, "precision": 0.77844, "recall": 0.59633, "f1": 0.67532, "auc": 0.82417}
{"epoch": 72, "time_epoch": 6.12508, "eta": 169.12654, "eta_hours": 0.04698, "loss": 0.52708468, "lr": 0.00018129, "params": 6215, "time_iter": 0.04407, "accuracy": 0.7554, "precision": 0.72527, "recall": 0.6055, "f1": 0.66, "auc": 0.8223}
{"epoch": 73, "time_epoch": 6.05782, "eta": 162.79017, "eta_hours": 0.04522, "loss": 0.53393858, "lr": 0.00016934, "params": 6215, "time_iter": 0.04358, "accuracy": 0.76619, "precision": 0.74719, "recall": 0.61009, "f1": 0.67172, "auc": 0.82595}
{"epoch": 74, "time_epoch": 6.02188, "eta": 156.44925, "eta_hours": 0.04346, "loss": 0.53293376, "lr": 0.00015773, "params": 6215, "time_iter": 0.04332, "accuracy": 0.76259, "precision": 0.72632, "recall": 0.63303, "f1": 0.67647, "auc": 0.81717}
{"epoch": 75, "time_epoch": 6.06264, "eta": 150.1296, "eta_hours": 0.0417, "loss": 0.51772942, "lr": 0.00014645, "params": 6215, "time_iter": 0.04362, "accuracy": 0.77518, "precision": 0.76571, "recall": 0.61468, "f1": 0.68193, "auc": 0.8214}
{"epoch": 76, "time_epoch": 6.12109, "eta": 143.83408, "eta_hours": 0.03995, "loss": 0.51374569, "lr": 0.00013552, "params": 6215, "time_iter": 0.04404, "accuracy": 0.78597, "precision": 0.78613, "recall": 0.62385, "f1": 0.69565, "auc": 0.8198}
{"epoch": 77, "time_epoch": 6.0558, "eta": 137.52462, "eta_hours": 0.0382, "loss": 0.52517208, "lr": 0.00012494, "params": 6215, "time_iter": 0.04357, "accuracy": 0.7554, "precision": 0.74405, "recall": 0.57339, "f1": 0.64767, "auc": 0.82947}
{"epoch": 78, "time_epoch": 6.09645, "eta": 131.23239, "eta_hours": 0.03645, "loss": 0.53005569, "lr": 0.00011474, "params": 6215, "time_iter": 0.04386, "accuracy": 0.76799, "precision": 0.7486, "recall": 0.61468, "f1": 0.67506, "auc": 0.82527}
{"epoch": 79, "time_epoch": 6.06281, "eta": 124.93664, "eta_hours": 0.0347, "loss": 0.52405324, "lr": 0.00010492, "params": 6215, "time_iter": 0.04362, "accuracy": 0.77158, "precision": 0.77576, "recall": 0.58716, "f1": 0.66841, "auc": 0.82406}
{"epoch": 80, "time_epoch": 6.08076, "eta": 118.65085, "eta_hours": 0.03296, "loss": 0.49732658, "lr": 9.549e-05, "params": 6215, "time_iter": 0.04375, "accuracy": 0.76439, "precision": 0.7377, "recall": 0.61927, "f1": 0.67332, "auc": 0.84192}
{"epoch": 81, "time_epoch": 6.07653, "eta": 112.36914, "eta_hours": 0.03121, "loss": 0.52084102, "lr": 8.646e-05, "params": 6215, "time_iter": 0.04372, "accuracy": 0.78058, "precision": 0.77273, "recall": 0.62385, "f1": 0.69036, "auc": 0.83219}
{"epoch": 82, "time_epoch": 6.0434, "eta": 106.08558, "eta_hours": 0.02947, "loss": 0.52668917, "lr": 7.784e-05, "params": 6215, "time_iter": 0.04348, "accuracy": 0.77878, "precision": 0.75132, "recall": 0.65138, "f1": 0.69779, "auc": 0.82671}
{"epoch": 83, "time_epoch": 6.10231, "eta": 99.81896, "eta_hours": 0.02773, "loss": 0.52359155, "lr": 6.963e-05, "params": 6215, "time_iter": 0.0439, "accuracy": 0.75899, "precision": 0.73333, "recall": 0.6055, "f1": 0.66332, "auc": 0.81734}
{"epoch": 84, "time_epoch": 6.09012, "eta": 93.55406, "eta_hours": 0.02599, "loss": 0.5319738, "lr": 6.185e-05, "params": 6215, "time_iter": 0.04381, "accuracy": 0.76439, "precision": 0.74033, "recall": 0.61468, "f1": 0.67168, "auc": 0.82209}
{"epoch": 85, "time_epoch": 6.04764, "eta": 87.28631, "eta_hours": 0.02425, "loss": 0.52180077, "lr": 5.45e-05, "params": 6215, "time_iter": 0.04351, "accuracy": 0.78058, "precision": 0.75806, "recall": 0.64679, "f1": 0.69802, "auc": 0.82718}
{"epoch": 86, "time_epoch": 6.07261, "eta": 81.02734, "eta_hours": 0.02251, "loss": 0.50399212, "lr": 4.759e-05, "params": 6215, "time_iter": 0.04369, "accuracy": 0.78058, "precision": 0.76667, "recall": 0.63303, "f1": 0.69347, "auc": 0.84272}
{"epoch": 87, "time_epoch": 6.06016, "eta": 74.77092, "eta_hours": 0.02077, "loss": 0.49355204, "lr": 4.112e-05, "params": 6215, "time_iter": 0.0436, "accuracy": 0.77518, "precision": 0.76571, "recall": 0.61468, "f1": 0.68193, "auc": 0.83944}
{"epoch": 88, "time_epoch": 6.0131, "eta": 68.51309, "eta_hours": 0.01903, "loss": 0.49881724, "lr": 3.511e-05, "params": 6215, "time_iter": 0.04326, "accuracy": 0.77878, "precision": 0.75676, "recall": 0.6422, "f1": 0.69479, "auc": 0.82692}
{"epoch": 89, "time_epoch": 6.07775, "eta": 62.26788, "eta_hours": 0.0173, "loss": 0.54943787, "lr": 2.956e-05, "params": 6215, "time_iter": 0.04372, "accuracy": 0.77158, "precision": 0.74863, "recall": 0.62844, "f1": 0.68329, "auc": 0.81843}
{"epoch": 90, "time_epoch": 6.04536, "eta": 56.02315, "eta_hours": 0.01556, "loss": 0.51270268, "lr": 2.447e-05, "params": 6215, "time_iter": 0.04349, "accuracy": 0.77878, "precision": 0.76243, "recall": 0.63303, "f1": 0.69173, "auc": 0.82681}
{"epoch": 91, "time_epoch": 6.08728, "eta": 49.7864, "eta_hours": 0.01383, "loss": 0.49962524, "lr": 1.985e-05, "params": 6215, "time_iter": 0.04379, "accuracy": 0.77698, "precision": 0.75824, "recall": 0.63303, "f1": 0.69, "auc": 0.83025}
{"epoch": 92, "time_epoch": 6.0708, "eta": 43.55162, "eta_hours": 0.0121, "loss": 0.51828681, "lr": 1.571e-05, "params": 6215, "time_iter": 0.04367, "accuracy": 0.76619, "precision": 0.74719, "recall": 0.61009, "f1": 0.67172, "auc": 0.83697}
{"epoch": 93, "time_epoch": 6.04211, "eta": 37.3185, "eta_hours": 0.01037, "loss": 0.51612201, "lr": 1.204e-05, "params": 6215, "time_iter": 0.04347, "accuracy": 0.76079, "precision": 0.73743, "recall": 0.6055, "f1": 0.66499, "auc": 0.8338}
{"epoch": 94, "time_epoch": 6.08004, "eta": 31.0914, "eta_hours": 0.00864, "loss": 0.51781743, "lr": 8.86e-06, "params": 6215, "time_iter": 0.04374, "accuracy": 0.77878, "precision": 0.75401, "recall": 0.64679, "f1": 0.6963, "auc": 0.83283}
{"epoch": 95, "time_epoch": 6.10319, "eta": 24.86832, "eta_hours": 0.00691, "loss": 0.51745687, "lr": 6.16e-06, "params": 6215, "time_iter": 0.04391, "accuracy": 0.77338, "precision": 0.75843, "recall": 0.61927, "f1": 0.68182, "auc": 0.8204}
{"epoch": 96, "time_epoch": 6.05779, "eta": 18.64631, "eta_hours": 0.00518, "loss": 0.52069869, "lr": 3.94e-06, "params": 6215, "time_iter": 0.04358, "accuracy": 0.76978, "precision": 0.75, "recall": 0.61927, "f1": 0.67839, "auc": 0.81871}
{"epoch": 97, "time_epoch": 6.02773, "eta": 12.42705, "eta_hours": 0.00345, "loss": 0.50840777, "lr": 2.22e-06, "params": 6215, "time_iter": 0.04336, "accuracy": 0.76439, "precision": 0.7377, "recall": 0.61927, "f1": 0.67332, "auc": 0.82791}
{"epoch": 98, "time_epoch": 6.07268, "eta": 6.2121, "eta_hours": 0.00173, "loss": 0.50922428, "lr": 9.9e-07, "params": 6215, "time_iter": 0.04369, "accuracy": 0.77698, "precision": 0.77011, "recall": 0.61468, "f1": 0.68367, "auc": 0.82859}
{"epoch": 99, "time_epoch": 6.07266, "eta": 0.0, "eta_hours": 0.0, "loss": 0.50693147, "lr": 2.5e-07, "params": 6215, "time_iter": 0.04369, "accuracy": 0.77698, "precision": 0.76404, "recall": 0.62385, "f1": 0.68687, "auc": 0.83764}
