{"epoch": 0, "time_epoch": 0.04759, "eta": 4.71155, "eta_hours": 0.00131, "loss": 0.69345093, "lr": 0.001, "params": 6465, "time_iter": 0.01586, "accuracy": 0.47619, "precision": 0.4375, "recall": 0.35, "f1": 0.38889, "auc": 0.40455}
{"epoch": 1, "time_epoch": 0.04385, "eta": 4.48048, "eta_hours": 0.00124, "loss": 0.69356166, "lr": 0.00099975, "params": 6465, "time_iter": 0.01462, "accuracy": 0.52381, "precision": 0.0, "recall": 0.0, "f1": 0.0, "auc": 0.42727}
{"epoch": 2, "time_epoch": 0.04777, "eta": 4.50112, "eta_hours": 0.00125, "loss": 0.69260613, "lr": 0.00099901, "params": 6465, "time_iter": 0.01592, "accuracy": 0.52381, "precision": 0.0, "recall": 0.0, "f1": 0.0, "auc": 0.38636}
{"epoch": 3, "time_epoch": 0.03812, "eta": 4.25598, "eta_hours": 0.00118, "loss": 0.69241687, "lr": 0.00099778, "params": 6465, "time_iter": 0.01271, "accuracy": 0.52381, "precision": 0.0, "recall": 0.0, "f1": 0.0, "auc": 0.44773}
{"epoch": 4, "time_epoch": 0.0383, "eta": 4.09697, "eta_hours": 0.00114, "loss": 0.69254893, "lr": 0.00099606, "params": 6465, "time_iter": 0.01277, "accuracy": 0.52381, "precision": 0.0, "recall": 0.0, "f1": 0.0, "auc": 0.40227}
{"epoch": 5, "time_epoch": 0.03543, "eta": 3.9332, "eta_hours": 0.00109, "loss": 0.6927628, "lr": 0.00099384, "params": 6465, "time_iter": 0.01181, "accuracy": 0.52381, "precision": 0.0, "recall": 0.0, "f1": 0.0, "auc": 0.34773}
{"epoch": 6, "time_epoch": 0.03111, "eta": 3.74876, "eta_hours": 0.00104, "loss": 0.6924124, "lr": 0.00099114, "params": 6465, "time_iter": 0.01037, "accuracy": 0.52381, "precision": 0.0, "recall": 0.0, "f1": 0.0, "auc": 0.45455}
{"epoch": 7, "time_epoch": 0.03129, "eta": 3.60478, "eta_hours": 0.001, "loss": 0.69242089, "lr": 0.00098796, "params": 6465, "time_iter": 0.01043, "accuracy": 0.52381, "precision": 0.0, "recall": 0.0, "f1": 0.0, "auc": 0.42045}
{"epoch": 8, "time_epoch": 0.03117, "eta": 3.4846, "eta_hours": 0.00097, "loss": 0.69221333, "lr": 0.00098429, "params": 6465, "time_iter": 0.01039, "accuracy": 0.52381, "precision": 0.0, "recall": 0.0, "f1": 0.0, "auc": 0.57955}
{"epoch": 9, "time_epoch": 0.03109, "eta": 3.38151, "eta_hours": 0.00094, "loss": 0.69247905, "lr": 0.00098015, "params": 6465, "time_iter": 0.01036, "accuracy": 0.52381, "precision": 0.0, "recall": 0.0, "f1": 0.0, "auc": 0.37273}
{"epoch": 10, "time_epoch": 0.03095, "eta": 3.29037, "eta_hours": 0.00091, "loss": 0.6921493, "lr": 0.00097553, "params": 6465, "time_iter": 0.01032, "accuracy": 0.52381, "precision": 0.0, "recall": 0.0, "f1": 0.0, "auc": 0.59773}
{"epoch": 11, "time_epoch": 0.05034, "eta": 3.35141, "eta_hours": 0.00093, "loss": 0.6923223, "lr": 0.00097044, "params": 6465, "time_iter": 0.01678, "accuracy": 0.52381, "precision": 0.0, "recall": 0.0, "f1": 0.0, "auc": 0.47045}
{"epoch": 12, "time_epoch": 0.03283, "eta": 3.27817, "eta_hours": 0.00091, "loss": 0.69255326, "lr": 0.00096489, "params": 6465, "time_iter": 0.01094, "accuracy": 0.52381, "precision": 0.0, "recall": 0.0, "f1": 0.0, "auc": 0.24091}
{"epoch": 13, "time_epoch": 0.04273, "eta": 3.2715, "eta_hours": 0.00091, "loss": 0.69255825, "lr": 0.00095888, "params": 6465, "time_iter": 0.01424, "accuracy": 0.52381, "precision": 0.0, "recall": 0.0, "f1": 0.0, "auc": 0.2625}
{"epoch": 14, "time_epoch": 0.03908, "eta": 3.23935, "eta_hours": 0.0009, "loss": 0.69237442, "lr": 0.00095241, "params": 6465, "time_iter": 0.01303, "accuracy": 0.52381, "precision": 0.0, "recall": 0.0, "f1": 0.0, "auc": 0.44205}
{"epoch": 15, "time_epoch": 0.03618, "eta": 3.19112, "eta_hours": 0.00089, "loss": 0.69223953, "lr": 0.0009455, "params": 6465, "time_iter": 0.01206, "accuracy": 0.52381, "precision": 0.0, "recall": 0.0, "f1": 0.0, "auc": 0.54773}
{"epoch": 16, "time_epoch": 0.03675, "eta": 3.14709, "eta_hours": 0.00087, "loss": 0.69230529, "lr": 0.00093815, "params": 6465, "time_iter": 0.01225, "accuracy": 0.52381, "precision": 0.0, "recall": 0.0, "f1": 0.0, "auc": 0.46591}
{"epoch": 17, "time_epoch": 0.0333, "eta": 3.08815, "eta_hours": 0.00086, "loss": 0.69266825, "lr": 0.00093037, "params": 6465, "time_iter": 0.0111, "accuracy": 0.52381, "precision": 0.0, "recall": 0.0, "f1": 0.0, "auc": 0.28409}
{"epoch": 18, "time_epoch": 0.03794, "eta": 3.05169, "eta_hours": 0.00085, "loss": 0.69239195, "lr": 0.00092216, "params": 6465, "time_iter": 0.01265, "accuracy": 0.52381, "precision": 0.0, "recall": 0.0, "f1": 0.0, "auc": 0.45227}
{"epoch": 19, "time_epoch": 0.0383, "eta": 3.01653, "eta_hours": 0.00084, "loss": 0.69225284, "lr": 0.00091354, "params": 6465, "time_iter": 0.01277, "accuracy": 0.52381, "precision": 0.0, "recall": 0.0, "f1": 0.0, "auc": 0.475}
{"epoch": 20, "time_epoch": 0.03683, "eta": 2.97551, "eta_hours": 0.00083, "loss": 0.69220852, "lr": 0.00090451, "params": 6465, "time_iter": 0.01228, "accuracy": 0.52381, "precision": 0.0, "recall": 0.0, "f1": 0.0, "auc": 0.48864}
{"epoch": 21, "time_epoch": 0.03771, "eta": 2.93801, "eta_hours": 0.00082, "loss": 0.69191731, "lr": 0.00089508, "params": 6465, "time_iter": 0.01257, "accuracy": 0.52381, "precision": 0.0, "recall": 0.0, "f1": 0.0, "auc": 0.67045}
{"epoch": 22, "time_epoch": 0.04251, "eta": 2.91656, "eta_hours": 0.00081, "loss": 0.69223002, "lr": 0.00088526, "params": 6465, "time_iter": 0.01417, "accuracy": 0.52381, "precision": 0.0, "recall": 0.0, "f1": 0.0, "auc": 0.43182}
{"epoch": 23, "time_epoch": 0.03679, "eta": 2.87524, "eta_hours": 0.0008, "loss": 0.6920445, "lr": 0.00087506, "params": 6465, "time_iter": 0.01226, "accuracy": 0.52381, "precision": 0.0, "recall": 0.0, "f1": 0.0, "auc": 0.60455}
{"epoch": 24, "time_epoch": 0.03221, "eta": 2.82054, "eta_hours": 0.00078, "loss": 0.69218392, "lr": 0.00086448, "params": 6465, "time_iter": 0.01074, "accuracy": 0.52381, "precision": 0.0, "recall": 0.0, "f1": 0.0, "auc": 0.47045}
{"epoch": 25, "time_epoch": 0.03, "eta": 2.76127, "eta_hours": 0.00077, "loss": 0.69182789, "lr": 0.00085355, "params": 6465, "time_iter": 0.01, "accuracy": 0.52381, "precision": 0.0, "recall": 0.0, "f1": 0.0, "auc": 0.70455}
{"epoch": 26, "time_epoch": 0.02881, "eta": 2.70097, "eta_hours": 0.00075, "loss": 0.69207677, "lr": 0.00084227, "params": 6465, "time_iter": 0.0096, "accuracy": 0.52381, "precision": 0.0, "recall": 0.0, "f1": 0.0, "auc": 0.54091}
{"epoch": 27, "time_epoch": 0.03238, "eta": 2.65208, "eta_hours": 0.00074, "loss": 0.69202713, "lr": 0.00083066, "params": 6465, "time_iter": 0.01079, "accuracy": 0.52381, "precision": 0.0, "recall": 0.0, "f1": 0.0, "auc": 0.55455}
{"epoch": 28, "time_epoch": 0.03601, "eta": 2.61323, "eta_hours": 0.00073, "loss": 0.6921225, "lr": 0.00081871, "params": 6465, "time_iter": 0.012, "accuracy": 0.52381, "precision": 0.0, "recall": 0.0, "f1": 0.0, "auc": 0.475}
{"epoch": 29, "time_epoch": 0.0431, "eta": 2.5911, "eta_hours": 0.00072, "loss": 0.69205025, "lr": 0.00080645, "params": 6465, "time_iter": 0.01437, "accuracy": 0.52381, "precision": 0.0, "recall": 0.0, "f1": 0.0, "auc": 0.53068}
{"epoch": 30, "time_epoch": 0.03281, "eta": 2.54472, "eta_hours": 0.00071, "loss": 0.69217391, "lr": 0.00079389, "params": 6465, "time_iter": 0.01094, "accuracy": 0.52381, "precision": 0.0, "recall": 0.0, "f1": 0.0, "auc": 0.40227}
{"epoch": 31, "time_epoch": 0.03374, "eta": 2.50116, "eta_hours": 0.00069, "loss": 0.69195501, "lr": 0.00078104, "params": 6465, "time_iter": 0.01125, "accuracy": 0.52381, "precision": 0.0, "recall": 0.0, "f1": 0.0, "auc": 0.68636}
{"epoch": 32, "time_epoch": 0.03461, "eta": 2.45998, "eta_hours": 0.00068, "loss": 0.69218356, "lr": 0.00076791, "params": 6465, "time_iter": 0.01154, "accuracy": 0.52381, "precision": 0.0, "recall": 0.0, "f1": 0.0, "auc": 0.46364}
{"epoch": 33, "time_epoch": 0.03524, "eta": 2.4204, "eta_hours": 0.00067, "loss": 0.69198417, "lr": 0.00075452, "params": 6465, "time_iter": 0.01175, "accuracy": 0.52381, "precision": 0.0, "recall": 0.0, "f1": 0.0, "auc": 0.56818}
{"epoch": 34, "time_epoch": 0.0331, "eta": 2.37708, "eta_hours": 0.00066, "loss": 0.69210863, "lr": 0.00074088, "params": 6465, "time_iter": 0.01103, "accuracy": 0.52381, "precision": 0.0, "recall": 0.0, "f1": 0.0, "auc": 0.50455}
{"epoch": 35, "time_epoch": 0.03115, "eta": 2.33087, "eta_hours": 0.00065, "loss": 0.69218683, "lr": 0.000727, "params": 6465, "time_iter": 0.01038, "accuracy": 0.52381, "precision": 0.0, "recall": 0.0, "f1": 0.0, "auc": 0.45909}
{"epoch": 36, "time_epoch": 0.0335, "eta": 2.28948, "eta_hours": 0.00064, "loss": 0.69204682, "lr": 0.00071289, "params": 6465, "time_iter": 0.01117, "accuracy": 0.52381, "precision": 0.0, "recall": 0.0, "f1": 0.0, "auc": 0.53182}
{"epoch": 37, "time_epoch": 0.03046, "eta": 2.24354, "eta_hours": 0.00062, "loss": 0.69214528, "lr": 0.00069857, "params": 6465, "time_iter": 0.01015, "accuracy": 0.52381, "precision": 0.0, "recall": 0.0, "f1": 0.0, "auc": 0.48182}
{"epoch": 38, "time_epoch": 0.0309, "eta": 2.1991, "eta_hours": 0.00061, "loss": 0.69188745, "lr": 0.00068406, "params": 6465, "time_iter": 0.0103, "accuracy": 0.52381, "precision": 0.0, "recall": 0.0, "f1": 0.0, "auc": 0.61591}
{"epoch": 39, "time_epoch": 0.0306, "eta": 2.15487, "eta_hours": 0.0006, "loss": 0.69202402, "lr": 0.00066937, "params": 6465, "time_iter": 0.0102, "accuracy": 0.52381, "precision": 0.0, "recall": 0.0, "f1": 0.0, "auc": 0.49773}
{"epoch": 40, "time_epoch": 0.03095, "eta": 2.11181, "eta_hours": 0.00059, "loss": 0.69210104, "lr": 0.00065451, "params": 6465, "time_iter": 0.01032, "accuracy": 0.52381, "precision": 0.0, "recall": 0.0, "f1": 0.0, "auc": 0.46818}
{"epoch": 41, "time_epoch": 0.03101, "eta": 2.0694, "eta_hours": 0.00057, "loss": 0.69192148, "lr": 0.0006395, "params": 6465, "time_iter": 0.01034, "accuracy": 0.52381, "precision": 0.0, "recall": 0.0, "f1": 0.0, "auc": 0.575}
{"epoch": 42, "time_epoch": 0.03081, "eta": 2.02727, "eta_hours": 0.00056, "loss": 0.69223535, "lr": 0.00062434, "params": 6465, "time_iter": 0.01027, "accuracy": 0.52381, "precision": 0.0, "recall": 0.0, "f1": 0.0, "auc": 0.43864}
{"epoch": 43, "time_epoch": 0.03085, "eta": 1.98571, "eta_hours": 0.00055, "loss": 0.69194633, "lr": 0.00060907, "params": 6465, "time_iter": 0.01028, "accuracy": 0.52381, "precision": 0.0, "recall": 0.0, "f1": 0.0, "auc": 0.61364}
{"epoch": 44, "time_epoch": 0.0303, "eta": 1.94395, "eta_hours": 0.00054, "loss": 0.6919604, "lr": 0.00059369, "params": 6465, "time_iter": 0.0101, "accuracy": 0.52381, "precision": 0.0, "recall": 0.0, "f1": 0.0, "auc": 0.60227}
{"epoch": 45, "time_epoch": 0.03086, "eta": 1.90333, "eta_hours": 0.00053, "loss": 0.69210495, "lr": 0.00057822, "params": 6465, "time_iter": 0.01029, "accuracy": 0.52381, "precision": 0.0, "recall": 0.0, "f1": 0.0, "auc": 0.48182}
{"epoch": 46, "time_epoch": 0.03131, "eta": 1.86365, "eta_hours": 0.00052, "loss": 0.69223397, "lr": 0.00056267, "params": 6465, "time_iter": 0.01044, "accuracy": 0.52381, "precision": 0.0, "recall": 0.0, "f1": 0.0, "auc": 0.40682}
{"epoch": 47, "time_epoch": 0.03074, "eta": 1.82369, "eta_hours": 0.00051, "loss": 0.69219297, "lr": 0.00054705, "params": 6465, "time_iter": 0.01025, "accuracy": 0.52381, "precision": 0.0, "recall": 0.0, "f1": 0.0, "auc": 0.4}
{"epoch": 48, "time_epoch": 0.03062, "eta": 1.78399, "eta_hours": 0.0005, "loss": 0.69210485, "lr": 0.0005314, "params": 6465, "time_iter": 0.01021, "accuracy": 0.52381, "precision": 0.0, "recall": 0.0, "f1": 0.0, "auc": 0.46818}
{"epoch": 49, "time_epoch": 0.03083, "eta": 1.74486, "eta_hours": 0.00048, "loss": 0.69225253, "lr": 0.00051571, "params": 6465, "time_iter": 0.01028, "accuracy": 0.52381, "precision": 0.0, "recall": 0.0, "f1": 0.0, "auc": 0.39091}
{"epoch": 50, "time_epoch": 0.03105, "eta": 1.70627, "eta_hours": 0.00047, "loss": 0.69214089, "lr": 0.0005, "params": 6465, "time_iter": 0.01035, "accuracy": 0.52381, "precision": 0.0, "recall": 0.0, "f1": 0.0, "auc": 0.45909}
{"epoch": 51, "time_epoch": 0.03057, "eta": 1.66752, "eta_hours": 0.00046, "loss": 0.69191869, "lr": 0.00048429, "params": 6465, "time_iter": 0.01019, "accuracy": 0.52381, "precision": 0.0, "recall": 0.0, "f1": 0.0, "auc": 0.60455}
{"epoch": 52, "time_epoch": 0.03055, "eta": 1.62906, "eta_hours": 0.00045, "loss": 0.69217508, "lr": 0.0004686, "params": 6465, "time_iter": 0.01018, "accuracy": 0.52381, "precision": 0.0, "recall": 0.0, "f1": 0.0, "auc": 0.43182}
{"epoch": 53, "time_epoch": 0.03032, "eta": 1.59071, "eta_hours": 0.00044, "loss": 0.69207528, "lr": 0.00045295, "params": 6465, "time_iter": 0.01011, "accuracy": 0.52381, "precision": 0.0, "recall": 0.0, "f1": 0.0, "auc": 0.49773}
{"epoch": 54, "time_epoch": 0.03147, "eta": 1.55358, "eta_hours": 0.00043, "loss": 0.69211637, "lr": 0.00043733, "params": 6465, "time_iter": 0.01049, "accuracy": 0.52381, "precision": 0.0, "recall": 0.0, "f1": 0.0, "auc": 0.45909}
{"epoch": 55, "time_epoch": 0.03195, "eta": 1.51704, "eta_hours": 0.00042, "loss": 0.69212067, "lr": 0.00042178, "params": 6465, "time_iter": 0.01065, "accuracy": 0.52381, "precision": 0.0, "recall": 0.0, "f1": 0.0, "auc": 0.45227}
{"epoch": 56, "time_epoch": 0.03199, "eta": 1.48068, "eta_hours": 0.00041, "loss": 0.69197612, "lr": 0.00040631, "params": 6465, "time_iter": 0.01066, "accuracy": 0.52381, "precision": 0.0, "recall": 0.0, "f1": 0.0, "auc": 0.58636}
{"epoch": 57, "time_epoch": 0.03208, "eta": 1.44455, "eta_hours": 0.0004, "loss": 0.69228227, "lr": 0.00039093, "params": 6465, "time_iter": 0.01069, "accuracy": 0.52381, "precision": 0.0, "recall": 0.0, "f1": 0.0, "auc": 0.35455}
{"epoch": 58, "time_epoch": 0.03075, "eta": 1.40762, "eta_hours": 0.00039, "loss": 0.6919709, "lr": 0.00037566, "params": 6465, "time_iter": 0.01025, "accuracy": 0.52381, "precision": 0.0, "recall": 0.0, "f1": 0.0, "auc": 0.61818}
{"epoch": 59, "time_epoch": 0.03094, "eta": 1.37102, "eta_hours": 0.00038, "loss": 0.69225038, "lr": 0.0003605, "params": 6465, "time_iter": 0.01031, "accuracy": 0.52381, "precision": 0.0, "recall": 0.0, "f1": 0.0, "auc": 0.32273}
{"epoch": 60, "time_epoch": 0.03104, "eta": 1.33468, "eta_hours": 0.00037, "loss": 0.69212491, "lr": 0.00034549, "params": 6465, "time_iter": 0.01035, "accuracy": 0.52381, "precision": 0.0, "recall": 0.0, "f1": 0.0, "auc": 0.46364}
{"epoch": 61, "time_epoch": 0.03082, "eta": 1.29837, "eta_hours": 0.00036, "loss": 0.69200498, "lr": 0.00033063, "params": 6465, "time_iter": 0.01027, "accuracy": 0.52381, "precision": 0.0, "recall": 0.0, "f1": 0.0, "auc": 0.575}
{"epoch": 62, "time_epoch": 0.03028, "eta": 1.26192, "eta_hours": 0.00035, "loss": 0.69206642, "lr": 0.00031594, "params": 6465, "time_iter": 0.01009, "accuracy": 0.52381, "precision": 0.0, "recall": 0.0, "f1": 0.0, "auc": 0.47273}
{"epoch": 63, "time_epoch": 0.03091, "eta": 1.22602, "eta_hours": 0.00034, "loss": 0.69210734, "lr": 0.00030143, "params": 6465, "time_iter": 0.0103, "accuracy": 0.52381, "precision": 0.0, "recall": 0.0, "f1": 0.0, "auc": 0.45455}
{"epoch": 64, "time_epoch": 0.03062, "eta": 1.19011, "eta_hours": 0.00033, "loss": 0.69196317, "lr": 0.00028711, "params": 6465, "time_iter": 0.01021, "accuracy": 0.52381, "precision": 0.0, "recall": 0.0, "f1": 0.0, "auc": 0.57045}
{"epoch": 65, "time_epoch": 0.03025, "eta": 1.15418, "eta_hours": 0.00032, "loss": 0.69211897, "lr": 0.000273, "params": 6465, "time_iter": 0.01008, "accuracy": 0.52381, "precision": 0.0, "recall": 0.0, "f1": 0.0, "auc": 0.43636}
{"epoch": 66, "time_epoch": 0.03094, "eta": 1.11875, "eta_hours": 0.00031, "loss": 0.69188741, "lr": 0.00025912, "params": 6465, "time_iter": 0.01031, "accuracy": 0.52381, "precision": 0.0, "recall": 0.0, "f1": 0.0, "auc": 0.61818}
{"epoch": 67, "time_epoch": 0.03047, "eta": 1.08323, "eta_hours": 0.0003, "loss": 0.6920755, "lr": 0.00024548, "params": 6465, "time_iter": 0.01016, "accuracy": 0.52381, "precision": 0.0, "recall": 0.0, "f1": 0.0, "auc": 0.47955}
{"epoch": 68, "time_epoch": 0.0308, "eta": 1.04801, "eta_hours": 0.00029, "loss": 0.69201837, "lr": 0.00023209, "params": 6465, "time_iter": 0.01027, "accuracy": 0.52381, "precision": 0.0, "recall": 0.0, "f1": 0.0, "auc": 0.49545}
{"epoch": 69, "time_epoch": 0.03103, "eta": 1.01301, "eta_hours": 0.00028, "loss": 0.69197323, "lr": 0.00021896, "params": 6465, "time_iter": 0.01034, "accuracy": 0.52381, "precision": 0.0, "recall": 0.0, "f1": 0.0, "auc": 0.56591}
{"epoch": 70, "time_epoch": 0.03071, "eta": 0.978, "eta_hours": 0.00027, "loss": 0.69195296, "lr": 0.00020611, "params": 6465, "time_iter": 0.01024, "accuracy": 0.52381, "precision": 0.0, "recall": 0.0, "f1": 0.0, "auc": 0.57045}
{"epoch": 71, "time_epoch": 0.03121, "eta": 0.9433, "eta_hours": 0.00026, "loss": 0.69202301, "lr": 0.00019355, "params": 6465, "time_iter": 0.0104, "accuracy": 0.52381, "precision": 0.0, "recall": 0.0, "f1": 0.0, "auc": 0.52955}
{"epoch": 72, "time_epoch": 0.03137, "eta": 0.90875, "eta_hours": 0.00025, "loss": 0.69210696, "lr": 0.00018129, "params": 6465, "time_iter": 0.01046, "accuracy": 0.52381, "precision": 0.0, "recall": 0.0, "f1": 0.0, "auc": 0.39318}
{"epoch": 73, "time_epoch": 0.03073, "eta": 0.87407, "eta_hours": 0.00024, "loss": 0.69201837, "lr": 0.00016934, "params": 6465, "time_iter": 0.01024, "accuracy": 0.52381, "precision": 0.0, "recall": 0.0, "f1": 0.0, "auc": 0.50909}
{"epoch": 74, "time_epoch": 0.03099, "eta": 0.83957, "eta_hours": 0.00023, "loss": 0.69213769, "lr": 0.00015773, "params": 6465, "time_iter": 0.01033, "accuracy": 0.52381, "precision": 0.0, "recall": 0.0, "f1": 0.0, "auc": 0.41364}
{"epoch": 75, "time_epoch": 0.03075, "eta": 0.80509, "eta_hours": 0.00022, "loss": 0.69175576, "lr": 0.00014645, "params": 6465, "time_iter": 0.01025, "accuracy": 0.52381, "precision": 0.0, "recall": 0.0, "f1": 0.0, "auc": 0.70682}
{"epoch": 76, "time_epoch": 0.03064, "eta": 0.77068, "eta_hours": 0.00021, "loss": 0.69205641, "lr": 0.00013552, "params": 6465, "time_iter": 0.01021, "accuracy": 0.52381, "precision": 0.0, "recall": 0.0, "f1": 0.0, "auc": 0.43409}
{"epoch": 77, "time_epoch": 0.0317, "eta": 0.73666, "eta_hours": 0.0002, "loss": 0.69199076, "lr": 0.00012494, "params": 6465, "time_iter": 0.01057, "accuracy": 0.52381, "precision": 0.0, "recall": 0.0, "f1": 0.0, "auc": 0.55682}
{"epoch": 78, "time_epoch": 0.03104, "eta": 0.70253, "eta_hours": 0.0002, "loss": 0.69205717, "lr": 0.00011474, "params": 6465, "time_iter": 0.01035, "accuracy": 0.52381, "precision": 0.0, "recall": 0.0, "f1": 0.0, "auc": 0.49545}
{"epoch": 79, "time_epoch": 0.03069, "eta": 0.66839, "eta_hours": 0.00019, "loss": 0.69202951, "lr": 0.00010492, "params": 6465, "time_iter": 0.01023, "accuracy": 0.52381, "precision": 0.0, "recall": 0.0, "f1": 0.0, "auc": 0.48864}
{"epoch": 80, "time_epoch": 0.03168, "eta": 0.63456, "eta_hours": 0.00018, "loss": 0.69189245, "lr": 9.549e-05, "params": 6465, "time_iter": 0.01056, "accuracy": 0.52381, "precision": 0.0, "recall": 0.0, "f1": 0.0, "auc": 0.62273}
{"epoch": 81, "time_epoch": 0.03403, "eta": 0.6013, "eta_hours": 0.00017, "loss": 0.69200144, "lr": 8.646e-05, "params": 6465, "time_iter": 0.01134, "accuracy": 0.52381, "precision": 0.0, "recall": 0.0, "f1": 0.0, "auc": 0.52273}
{"epoch": 82, "time_epoch": 0.03134, "eta": 0.56747, "eta_hours": 0.00016, "loss": 0.6918177, "lr": 7.784e-05, "params": 6465, "time_iter": 0.01045, "accuracy": 0.52381, "precision": 0.0, "recall": 0.0, "f1": 0.0, "auc": 0.63864}
{"epoch": 83, "time_epoch": 0.03182, "eta": 0.53379, "eta_hours": 0.00015, "loss": 0.69191465, "lr": 6.963e-05, "params": 6465, "time_iter": 0.01061, "accuracy": 0.52381, "precision": 0.0, "recall": 0.0, "f1": 0.0, "auc": 0.66591}
{"epoch": 84, "time_epoch": 0.03149, "eta": 0.5001, "eta_hours": 0.00014, "loss": 0.6921059, "lr": 6.185e-05, "params": 6465, "time_iter": 0.0105, "accuracy": 0.52381, "precision": 0.0, "recall": 0.0, "f1": 0.0, "auc": 0.38409}
{"epoch": 85, "time_epoch": 0.03102, "eta": 0.46638, "eta_hours": 0.00013, "loss": 0.6921095, "lr": 5.45e-05, "params": 6465, "time_iter": 0.01034, "accuracy": 0.52381, "precision": 0.0, "recall": 0.0, "f1": 0.0, "auc": 0.41591}
{"epoch": 86, "time_epoch": 0.03104, "eta": 0.43273, "eta_hours": 0.00012, "loss": 0.69208244, "lr": 4.759e-05, "params": 6465, "time_iter": 0.01035, "accuracy": 0.52381, "precision": 0.0, "recall": 0.0, "f1": 0.0, "auc": 0.44318}
{"epoch": 87, "time_epoch": 0.0313, "eta": 0.39917, "eta_hours": 0.00011, "loss": 0.69191883, "lr": 4.112e-05, "params": 6465, "time_iter": 0.01043, "accuracy": 0.52381, "precision": 0.0, "recall": 0.0, "f1": 0.0, "auc": 0.55227}
{"epoch": 88, "time_epoch": 0.0314, "eta": 0.36568, "eta_hours": 0.0001, "loss": 0.69211029, "lr": 3.511e-05, "params": 6465, "time_iter": 0.01047, "accuracy": 0.52381, "precision": 0.0, "recall": 0.0, "f1": 0.0, "auc": 0.37273}
{"epoch": 89, "time_epoch": 0.03107, "eta": 0.33219, "eta_hours": 9e-05, "loss": 0.69221346, "lr": 2.956e-05, "params": 6465, "time_iter": 0.01036, "accuracy": 0.52381, "precision": 0.0, "recall": 0.0, "f1": 0.0, "auc": 0.40909}
{"epoch": 90, "time_epoch": 0.03115, "eta": 0.29877, "eta_hours": 8e-05, "loss": 0.69218892, "lr": 2.447e-05, "params": 6465, "time_iter": 0.01038, "accuracy": 0.52381, "precision": 0.0, "recall": 0.0, "f1": 0.0, "auc": 0.35909}
{"epoch": 91, "time_epoch": 0.0338, "eta": 0.26563, "eta_hours": 7e-05, "loss": 0.6919649, "lr": 1.985e-05, "params": 6465, "time_iter": 0.01127, "accuracy": 0.52381, "precision": 0.0, "recall": 0.0, "f1": 0.0, "auc": 0.57045}
{"epoch": 92, "time_epoch": 0.03135, "eta": 0.23228, "eta_hours": 6e-05, "loss": 0.69202598, "lr": 1.571e-05, "params": 6465, "time_iter": 0.01045, "accuracy": 0.52381, "precision": 0.0, "recall": 0.0, "f1": 0.0, "auc": 0.51364}
{"epoch": 93, "time_epoch": 0.03223, "eta": 0.19904, "eta_hours": 6e-05, "loss": 0.69203071, "lr": 1.204e-05, "params": 6465, "time_iter": 0.01074, "accuracy": 0.52381, "precision": 0.0, "recall": 0.0, "f1": 0.0, "auc": 0.47955}
{"epoch": 94, "time_epoch": 0.03142, "eta": 0.16577, "eta_hours": 5e-05, "loss": 0.69193681, "lr": 8.86e-06, "params": 6465, "time_iter": 0.01047, "accuracy": 0.52381, "precision": 0.0, "recall": 0.0, "f1": 0.0, "auc": 0.55455}
{"epoch": 95, "time_epoch": 0.03121, "eta": 0.13254, "eta_hours": 4e-05, "loss": 0.69196758, "lr": 6.16e-06, "params": 6465, "time_iter": 0.0104, "accuracy": 0.52381, "precision": 0.0, "recall": 0.0, "f1": 0.0, "auc": 0.50682}
{"epoch": 96, "time_epoch": 0.03463, "eta": 0.09945, "eta_hours": 3e-05, "loss": 0.692096, "lr": 3.94e-06, "params": 6465, "time_iter": 0.01154, "accuracy": 0.52381, "precision": 0.0, "recall": 0.0, "f1": 0.0, "auc": 0.40909}
{"epoch": 97, "time_epoch": 0.03491, "eta": 0.06634, "eta_hours": 2e-05, "loss": 0.69198735, "lr": 2.22e-06, "params": 6465, "time_iter": 0.01164, "accuracy": 0.52381, "precision": 0.0, "recall": 0.0, "f1": 0.0, "auc": 0.52159}
{"epoch": 98, "time_epoch": 0.04919, "eta": 0.03333, "eta_hours": 1e-05, "loss": 0.69186713, "lr": 9.9e-07, "params": 6465, "time_iter": 0.0164, "accuracy": 0.52381, "precision": 0.0, "recall": 0.0, "f1": 0.0, "auc": 0.64773}
{"epoch": 99, "time_epoch": 0.04565, "eta": 0.0, "eta_hours": 0.0, "loss": 0.69211123, "lr": 2.5e-07, "params": 6465, "time_iter": 0.01522, "accuracy": 0.52381, "precision": 0.0, "recall": 0.0, "f1": 0.0, "auc": 0.39773}
