{"epoch": 0, "time_epoch": 29.06734, "eta": 2877.66641, "eta_hours": 0.79935, "loss": 1.09940199, "lr": 0.001, "params": 3899, "time_iter": 0.61845, "accuracy": 0.34933, "f1": 0.27685, "auc": 0.48219}
{"epoch": 1, "time_epoch": 28.81883, "eta": 2836.42199, "eta_hours": 0.78789, "loss": 1.09814143, "lr": 0.00099975, "params": 3899, "time_iter": 0.61317, "accuracy": 0.35467, "f1": 0.17454, "auc": 0.45817}
{"epoch": 2, "time_epoch": 28.85826, "eta": 2804.73623, "eta_hours": 0.77909, "loss": 1.09877947, "lr": 0.00099901, "params": 3899, "time_iter": 0.61401, "accuracy": 0.35467, "f1": 0.17454, "auc": 0.46609}
{"epoch": 3, "time_epoch": 28.95311, "eta": 2776.74069, "eta_hours": 0.77132, "loss": 1.09872893, "lr": 0.00099778, "params": 3899, "time_iter": 0.61602, "accuracy": 0.35467, "f1": 0.17454, "auc": 0.45871}
{"epoch": 4, "time_epoch": 28.84269, "eta": 2746.26409, "eta_hours": 0.76285, "loss": 1.09839312, "lr": 0.00099606, "params": 3899, "time_iter": 0.61367, "accuracy": 0.35467, "f1": 0.17454, "auc": 0.4635}
{"epoch": 5, "time_epoch": 28.8537, "eta": 2716.50465, "eta_hours": 0.75458, "loss": 1.09834492, "lr": 0.00099384, "params": 3899, "time_iter": 0.61391, "accuracy": 0.35467, "f1": 0.17454, "auc": 0.44996}
{"epoch": 6, "time_epoch": 28.87173, "eta": 2687.24356, "eta_hours": 0.74646, "loss": 1.09823987, "lr": 0.00099114, "params": 3899, "time_iter": 0.61429, "accuracy": 0.35467, "f1": 0.17454, "auc": 0.47438}
{"epoch": 7, "time_epoch": 28.90408, "eta": 2658.45183, "eta_hours": 0.73846, "loss": 1.09827212, "lr": 0.00098796, "params": 3899, "time_iter": 0.61498, "accuracy": 0.35467, "f1": 0.17454, "auc": 0.46244}
{"epoch": 8, "time_epoch": 28.98964, "eta": 2630.50027, "eta_hours": 0.73069, "loss": 1.09865634, "lr": 0.00098429, "params": 3899, "time_iter": 0.6168, "accuracy": 0.35467, "f1": 0.17454, "auc": 0.46212}
{"epoch": 9, "time_epoch": 28.84163, "eta": 2601.00898, "eta_hours": 0.7225, "loss": 1.0989745, "lr": 0.00098015, "params": 3899, "time_iter": 0.61365, "accuracy": 0.35467, "f1": 0.17454, "auc": 0.43908}
{"epoch": 10, "time_epoch": 28.87631, "eta": 2571.91641, "eta_hours": 0.71442, "loss": 1.09843522, "lr": 0.00097553, "params": 3899, "time_iter": 0.61439, "accuracy": 0.35467, "f1": 0.17454, "auc": 0.47433}
{"epoch": 11, "time_epoch": 28.90091, "eta": 2543.04025, "eta_hours": 0.7064, "loss": 1.09819116, "lr": 0.00097044, "params": 3899, "time_iter": 0.61491, "accuracy": 0.35467, "f1": 0.17454, "auc": 0.46376}
{"epoch": 12, "time_epoch": 28.93452, "eta": 2514.38524, "eta_hours": 0.69844, "loss": 1.09864114, "lr": 0.00096489, "params": 3899, "time_iter": 0.61563, "accuracy": 0.35467, "f1": 0.17454, "auc": 0.45744}
{"epoch": 13, "time_epoch": 29.04811, "eta": 2486.38807, "eta_hours": 0.69066, "loss": 1.09889316, "lr": 0.00095888, "params": 3899, "time_iter": 0.61804, "accuracy": 0.35467, "f1": 0.17454, "auc": 0.43716}
{"epoch": 14, "time_epoch": 28.88184, "eta": 2457.30858, "eta_hours": 0.68259, "loss": 1.0982705, "lr": 0.00095241, "params": 3899, "time_iter": 0.61451, "accuracy": 0.35467, "f1": 0.17454, "auc": 0.46253}
{"epoch": 15, "time_epoch": 29.28212, "eta": 2430.35527, "eta_hours": 0.6751, "loss": 1.09825769, "lr": 0.0009455, "params": 3899, "time_iter": 0.62302, "accuracy": 0.35467, "f1": 0.17454, "auc": 0.46266}
{"epoch": 16, "time_epoch": 28.90357, "eta": 2401.27976, "eta_hours": 0.66702, "loss": 1.09788429, "lr": 0.00093815, "params": 3899, "time_iter": 0.61497, "accuracy": 0.35467, "f1": 0.17454, "auc": 0.45661}
{"epoch": 17, "time_epoch": 28.92275, "eta": 2372.31073, "eta_hours": 0.65898, "loss": 1.09803576, "lr": 0.00093037, "params": 3899, "time_iter": 0.61538, "accuracy": 0.35467, "f1": 0.17454, "auc": 0.46235}
{"epoch": 18, "time_epoch": 29.0505, "eta": 2343.89116, "eta_hours": 0.65108, "loss": 1.09861721, "lr": 0.00092216, "params": 3899, "time_iter": 0.6181, "accuracy": 0.35467, "f1": 0.17454, "auc": 0.44636}
{"epoch": 19, "time_epoch": 28.8814, "eta": 2314.73214, "eta_hours": 0.64298, "loss": 1.09812334, "lr": 0.00091354, "params": 3899, "time_iter": 0.6145, "accuracy": 0.35467, "f1": 0.17454, "auc": 0.46022}
{"epoch": 20, "time_epoch": 28.92962, "eta": 2285.78094, "eta_hours": 0.63494, "loss": 1.09792205, "lr": 0.00090451, "params": 3899, "time_iter": 0.61552, "accuracy": 0.35467, "f1": 0.17454, "auc": 0.46343}
{"epoch": 21, "time_epoch": 28.93024, "eta": 2256.83389, "eta_hours": 0.6269, "loss": 1.09780215, "lr": 0.00089508, "params": 3899, "time_iter": 0.61554, "accuracy": 0.35467, "f1": 0.17454, "auc": 0.46208}
{"epoch": 22, "time_epoch": 28.97566, "eta": 2228.04036, "eta_hours": 0.6189, "loss": 1.0981631, "lr": 0.00088526, "params": 3899, "time_iter": 0.6165, "accuracy": 0.35467, "f1": 0.17454, "auc": 0.44765}
{"epoch": 23, "time_epoch": 29.28464, "eta": 2200.21009, "eta_hours": 0.61117, "loss": 1.09804932, "lr": 0.00087506, "params": 3899, "time_iter": 0.62308, "accuracy": 0.35467, "f1": 0.17454, "auc": 0.46414}
{"epoch": 24, "time_epoch": 29.08716, "eta": 2171.67105, "eta_hours": 0.60324, "loss": 1.09811747, "lr": 0.00086448, "params": 3899, "time_iter": 0.61888, "accuracy": 0.35467, "f1": 0.17454, "auc": 0.45398}
{"epoch": 25, "time_epoch": 28.89847, "eta": 2142.55281, "eta_hours": 0.59515, "loss": 1.09809173, "lr": 0.00085355, "params": 3899, "time_iter": 0.61486, "accuracy": 0.35467, "f1": 0.17454, "auc": 0.47116}
{"epoch": 26, "time_epoch": 28.93025, "eta": 2113.53677, "eta_hours": 0.58709, "loss": 1.0978627, "lr": 0.00084227, "params": 3899, "time_iter": 0.61554, "accuracy": 0.35467, "f1": 0.17454, "auc": 0.47393}
{"epoch": 27, "time_epoch": 28.89155, "eta": 2084.42734, "eta_hours": 0.57901, "loss": 1.09812563, "lr": 0.00083066, "params": 3899, "time_iter": 0.61471, "accuracy": 0.35467, "f1": 0.17454, "auc": 0.46767}
{"epoch": 28, "time_epoch": 28.91191, "eta": 2055.38277, "eta_hours": 0.57094, "loss": 1.0985476, "lr": 0.00081871, "params": 3899, "time_iter": 0.61515, "accuracy": 0.35467, "f1": 0.17454, "auc": 0.45911}
{"epoch": 29, "time_epoch": 29.00694, "eta": 2026.56879, "eta_hours": 0.56294, "loss": 1.09777353, "lr": 0.00080645, "params": 3899, "time_iter": 0.61717, "accuracy": 0.35467, "f1": 0.17454, "auc": 0.46294}
{"epoch": 30, "time_epoch": 28.85326, "eta": 1997.4003, "eta_hours": 0.55483, "loss": 1.09814331, "lr": 0.00079389, "params": 3899, "time_iter": 0.6139, "accuracy": 0.35467, "f1": 0.17454, "auc": 0.46581}
{"epoch": 31, "time_epoch": 28.9007, "eta": 1968.35232, "eta_hours": 0.54676, "loss": 1.09799585, "lr": 0.00078104, "params": 3899, "time_iter": 0.61491, "accuracy": 0.35467, "f1": 0.17454, "auc": 0.44967}
{"epoch": 32, "time_epoch": 28.9165, "eta": 1939.34534, "eta_hours": 0.53871, "loss": 1.09825179, "lr": 0.00076791, "params": 3899, "time_iter": 0.61524, "accuracy": 0.35467, "f1": 0.17454, "auc": 0.44481}
{"epoch": 33, "time_epoch": 28.92071, "eta": 1910.35186, "eta_hours": 0.53065, "loss": 1.09805937, "lr": 0.00075452, "params": 3899, "time_iter": 0.61533, "accuracy": 0.35467, "f1": 0.17454, "auc": 0.45129}
{"epoch": 34, "time_epoch": 28.91225, "eta": 1881.34683, "eta_hours": 0.5226, "loss": 1.09892423, "lr": 0.00074088, "params": 3899, "time_iter": 0.61515, "accuracy": 0.35467, "f1": 0.17454, "auc": 0.45007}
{"epoch": 35, "time_epoch": 29.03929, "eta": 1852.57279, "eta_hours": 0.5146, "loss": 1.09852866, "lr": 0.000727, "params": 3899, "time_iter": 0.61786, "accuracy": 0.35467, "f1": 0.17454, "auc": 0.44834}
{"epoch": 36, "time_epoch": 28.89059, "eta": 1823.53123, "eta_hours": 0.50654, "loss": 1.09815245, "lr": 0.00071289, "params": 3899, "time_iter": 0.61469, "accuracy": 0.35467, "f1": 0.17454, "auc": 0.46012}
{"epoch": 37, "time_epoch": 28.94009, "eta": 1794.57837, "eta_hours": 0.49849, "loss": 1.09842381, "lr": 0.00069857, "params": 3899, "time_iter": 0.61575, "accuracy": 0.35467, "f1": 0.17454, "auc": 0.45073}
{"epoch": 38, "time_epoch": 28.96629, "eta": 1765.66715, "eta_hours": 0.49046, "loss": 1.09777255, "lr": 0.00068406, "params": 3899, "time_iter": 0.6163, "accuracy": 0.35467, "f1": 0.17454, "auc": 0.46586}
{"epoch": 39, "time_epoch": 29.00433, "eta": 1736.81024, "eta_hours": 0.48245, "loss": 1.09804233, "lr": 0.00066937, "params": 3899, "time_iter": 0.61711, "accuracy": 0.35467, "f1": 0.17454, "auc": 0.46189}
{"epoch": 40, "time_epoch": 28.874, "eta": 1707.75858, "eta_hours": 0.47438, "loss": 1.09793353, "lr": 0.00065451, "params": 3899, "time_iter": 0.61434, "accuracy": 0.35467, "f1": 0.17454, "auc": 0.46471}
{"epoch": 41, "time_epoch": 28.88705, "eta": 1678.73342, "eta_hours": 0.46631, "loss": 1.09814812, "lr": 0.0006395, "params": 3899, "time_iter": 0.61462, "accuracy": 0.35467, "f1": 0.17454, "auc": 0.44926}
{"epoch": 42, "time_epoch": 28.89975, "eta": 1649.73151, "eta_hours": 0.45826, "loss": 1.09781672, "lr": 0.00062434, "params": 3899, "time_iter": 0.61489, "accuracy": 0.35467, "f1": 0.17454, "auc": 0.46509}
{"epoch": 43, "time_epoch": 28.91668, "eta": 1620.75579, "eta_hours": 0.45021, "loss": 1.09805478, "lr": 0.00060907, "params": 3899, "time_iter": 0.61525, "accuracy": 0.35467, "f1": 0.17454, "auc": 0.47056}
{"epoch": 44, "time_epoch": 29.02152, "eta": 1591.91083, "eta_hours": 0.4422, "loss": 1.09781953, "lr": 0.00059369, "params": 3899, "time_iter": 0.61748, "accuracy": 0.35467, "f1": 0.17454, "auc": 0.47054}
{"epoch": 45, "time_epoch": 28.87711, "eta": 1562.88868, "eta_hours": 0.43414, "loss": 1.09799343, "lr": 0.00057822, "params": 3899, "time_iter": 0.61441, "accuracy": 0.35467, "f1": 0.17454, "auc": 0.44663}
{"epoch": 46, "time_epoch": 28.90773, "eta": 1533.90721, "eta_hours": 0.42609, "loss": 1.0980912, "lr": 0.00056267, "params": 3899, "time_iter": 0.61506, "accuracy": 0.35467, "f1": 0.17454, "auc": 0.45215}
{"epoch": 47, "time_epoch": 28.94424, "eta": 1504.96838, "eta_hours": 0.41805, "loss": 1.09801009, "lr": 0.00054705, "params": 3899, "time_iter": 0.61583, "accuracy": 0.35467, "f1": 0.17454, "auc": 0.45984}
{"epoch": 48, "time_epoch": 28.96526, "eta": 1476.0512, "eta_hours": 0.41001, "loss": 1.09782833, "lr": 0.0005314, "params": 3899, "time_iter": 0.61628, "accuracy": 0.35467, "f1": 0.17454, "auc": 0.47261}
{"epoch": 49, "time_epoch": 28.92559, "eta": 1447.09244, "eta_hours": 0.40197, "loss": 1.09807087, "lr": 0.00051571, "params": 3899, "time_iter": 0.61544, "accuracy": 0.35467, "f1": 0.17454, "auc": 0.45738}
{"epoch": 50, "time_epoch": 28.81266, "eta": 1418.02646, "eta_hours": 0.3939, "loss": 1.09785777, "lr": 0.0005, "params": 3899, "time_iter": 0.61304, "accuracy": 0.35467, "f1": 0.17454, "auc": 0.45914}
{"epoch": 51, "time_epoch": 28.77873, "eta": 1388.93892, "eta_hours": 0.38582, "loss": 1.09782699, "lr": 0.00048429, "params": 3899, "time_iter": 0.61231, "accuracy": 0.35467, "f1": 0.17454, "auc": 0.46484}
{"epoch": 52, "time_epoch": 28.81954, "eta": 1359.89922, "eta_hours": 0.37775, "loss": 1.0979412, "lr": 0.0004686, "params": 3899, "time_iter": 0.61318, "accuracy": 0.35467, "f1": 0.17454, "auc": 0.4457}
{"epoch": 53, "time_epoch": 28.80623, "eta": 1330.85633, "eta_hours": 0.36968, "loss": 1.09779967, "lr": 0.00045295, "params": 3899, "time_iter": 0.6129, "accuracy": 0.35467, "f1": 0.17454, "auc": 0.45254}
{"epoch": 54, "time_epoch": 28.8429, "eta": 1301.85205, "eta_hours": 0.36163, "loss": 1.09789161, "lr": 0.00043733, "params": 3899, "time_iter": 0.61368, "accuracy": 0.35467, "f1": 0.17454, "auc": 0.46343}
{"epoch": 55, "time_epoch": 28.83723, "eta": 1272.84908, "eta_hours": 0.35357, "loss": 1.09791053, "lr": 0.00042178, "params": 3899, "time_iter": 0.61356, "accuracy": 0.35467, "f1": 0.17454, "auc": 0.4628}
{"epoch": 56, "time_epoch": 28.88908, "eta": 1243.89104, "eta_hours": 0.34553, "loss": 1.09773864, "lr": 0.00040631, "params": 3899, "time_iter": 0.61466, "accuracy": 0.35467, "f1": 0.17454, "auc": 0.46268}
{"epoch": 57, "time_epoch": 28.75621, "eta": 1214.83916, "eta_hours": 0.33746, "loss": 1.09785875, "lr": 0.00039093, "params": 3899, "time_iter": 0.61183, "accuracy": 0.35467, "f1": 0.17454, "auc": 0.43981}
{"epoch": 58, "time_epoch": 28.77138, "eta": 1185.80784, "eta_hours": 0.32939, "loss": 1.09778219, "lr": 0.00037566, "params": 3899, "time_iter": 0.61216, "accuracy": 0.35467, "f1": 0.17454, "auc": 0.47173}
{"epoch": 59, "time_epoch": 28.81727, "eta": 1156.81579, "eta_hours": 0.32134, "loss": 1.09772515, "lr": 0.0003605, "params": 3899, "time_iter": 0.61313, "accuracy": 0.35467, "f1": 0.17454, "auc": 0.45911}
{"epoch": 60, "time_epoch": 28.91412, "eta": 1127.89138, "eta_hours": 0.3133, "loss": 1.09773214, "lr": 0.00034549, "params": 3899, "time_iter": 0.61519, "accuracy": 0.35467, "f1": 0.17454, "auc": 0.47227}
{"epoch": 61, "time_epoch": 28.75542, "eta": 1098.87003, "eta_hours": 0.30524, "loss": 1.09782209, "lr": 0.00033063, "params": 3899, "time_iter": 0.61182, "accuracy": 0.35467, "f1": 0.17454, "auc": 0.45693}
{"epoch": 62, "time_epoch": 28.78871, "eta": 1069.87668, "eta_hours": 0.29719, "loss": 1.09778677, "lr": 0.00031594, "params": 3899, "time_iter": 0.61253, "accuracy": 0.35467, "f1": 0.17454, "auc": 0.4647}
{"epoch": 63, "time_epoch": 28.76878, "eta": 1040.87852, "eta_hours": 0.28913, "loss": 1.09784904, "lr": 0.00030143, "params": 3899, "time_iter": 0.6121, "accuracy": 0.35467, "f1": 0.17454, "auc": 0.46041}
{"epoch": 64, "time_epoch": 28.92676, "eta": 1011.97248, "eta_hours": 0.2811, "loss": 1.09771348, "lr": 0.00028711, "params": 3899, "time_iter": 0.61546, "accuracy": 0.35467, "f1": 0.17454, "auc": 0.45845}
{"epoch": 65, "time_epoch": 28.77678, "eta": 982.98855, "eta_hours": 0.27305, "loss": 1.09770649, "lr": 0.000273, "params": 3899, "time_iter": 0.61227, "accuracy": 0.35467, "f1": 0.17454, "auc": 0.45919}
{"epoch": 66, "time_epoch": 28.76457, "eta": 954.00479, "eta_hours": 0.265, "loss": 1.09776396, "lr": 0.00025912, "params": 3899, "time_iter": 0.61201, "accuracy": 0.35467, "f1": 0.17454, "auc": 0.46225}
{"epoch": 67, "time_epoch": 28.77399, "eta": 925.03191, "eta_hours": 0.25695, "loss": 1.09779774, "lr": 0.00024548, "params": 3899, "time_iter": 0.61221, "accuracy": 0.35467, "f1": 0.17454, "auc": 0.45727}
{"epoch": 68, "time_epoch": 28.81333, "eta": 896.08246, "eta_hours": 0.24891, "loss": 1.09783575, "lr": 0.00023209, "params": 3899, "time_iter": 0.61305, "accuracy": 0.35467, "f1": 0.17454, "auc": 0.44957}
{"epoch": 69, "time_epoch": 28.89093, "eta": 867.17017, "eta_hours": 0.24088, "loss": 1.09777678, "lr": 0.00021896, "params": 3899, "time_iter": 0.6147, "accuracy": 0.35467, "f1": 0.17454, "auc": 0.45488}
{"epoch": 70, "time_epoch": 28.75217, "eta": 838.20179, "eta_hours": 0.23283, "loss": 1.09772765, "lr": 0.00020611, "params": 3899, "time_iter": 0.61175, "accuracy": 0.35467, "f1": 0.17454, "auc": 0.46471}
{"epoch": 71, "time_epoch": 28.73354, "eta": 809.23218, "eta_hours": 0.22479, "loss": 1.09777506, "lr": 0.00019355, "params": 3899, "time_iter": 0.61135, "accuracy": 0.35467, "f1": 0.17454, "auc": 0.44814}
{"epoch": 72, "time_epoch": 28.76557, "eta": 780.28089, "eta_hours": 0.21674, "loss": 1.09770964, "lr": 0.00018129, "params": 3899, "time_iter": 0.61203, "accuracy": 0.35467, "f1": 0.17454, "auc": 0.46208}
{"epoch": 73, "time_epoch": 28.80341, "eta": 751.34791, "eta_hours": 0.20871, "loss": 1.09765171, "lr": 0.00016934, "params": 3899, "time_iter": 0.61284, "accuracy": 0.35467, "f1": 0.17454, "auc": 0.45478}
{"epoch": 74, "time_epoch": 28.8152, "eta": 722.42231, "eta_hours": 0.20067, "loss": 1.0976947, "lr": 0.00015773, "params": 3899, "time_iter": 0.61309, "accuracy": 0.35467, "f1": 0.17454, "auc": 0.45081}
{"epoch": 75, "time_epoch": 28.89475, "eta": 693.52475, "eta_hours": 0.19265, "loss": 1.09764958, "lr": 0.00014645, "params": 3899, "time_iter": 0.61478, "accuracy": 0.35467, "f1": 0.17454, "auc": 0.47012}
{"epoch": 76, "time_epoch": 28.7485, "eta": 664.58356, "eta_hours": 0.18461, "loss": 1.09764964, "lr": 0.00013552, "params": 3899, "time_iter": 0.61167, "accuracy": 0.35467, "f1": 0.17454, "auc": 0.47112}
{"epoch": 77, "time_epoch": 28.79205, "eta": 635.65961, "eta_hours": 0.17657, "loss": 1.09766109, "lr": 0.00012494, "params": 3899, "time_iter": 0.6126, "accuracy": 0.35467, "f1": 0.17454, "auc": 0.44762}
{"epoch": 78, "time_epoch": 28.79169, "eta": 606.73889, "eta_hours": 0.16854, "loss": 1.09769734, "lr": 0.00011474, "params": 3899, "time_iter": 0.61259, "accuracy": 0.35467, "f1": 0.17454, "auc": 0.44674}
{"epoch": 79, "time_epoch": 28.81197, "eta": 577.82647, "eta_hours": 0.16051, "loss": 1.09767063, "lr": 0.00010492, "params": 3899, "time_iter": 0.61302, "accuracy": 0.35467, "f1": 0.17454, "auc": 0.46211}
{"epoch": 80, "time_epoch": 28.88702, "eta": 548.93414, "eta_hours": 0.15248, "loss": 1.09767693, "lr": 9.549e-05, "params": 3899, "time_iter": 0.61462, "accuracy": 0.35467, "f1": 0.17454, "auc": 0.45325}
{"epoch": 81, "time_epoch": 28.74315, "eta": 520.01035, "eta_hours": 0.14445, "loss": 1.0976885, "lr": 8.646e-05, "params": 3899, "time_iter": 0.61156, "accuracy": 0.35467, "f1": 0.17454, "auc": 0.46332}
{"epoch": 82, "time_epoch": 28.76952, "eta": 491.09632, "eta_hours": 0.13642, "loss": 1.09762303, "lr": 7.784e-05, "params": 3899, "time_iter": 0.61212, "accuracy": 0.35467, "f1": 0.17454, "auc": 0.47305}
{"epoch": 83, "time_epoch": 28.79505, "eta": 462.19059, "eta_hours": 0.12839, "loss": 1.09764496, "lr": 6.963e-05, "params": 3899, "time_iter": 0.61266, "accuracy": 0.35467, "f1": 0.17454, "auc": 0.46195}
{"epoch": 84, "time_epoch": 28.79236, "eta": 433.287, "eta_hours": 0.12036, "loss": 1.09763427, "lr": 6.185e-05, "params": 3899, "time_iter": 0.6126, "accuracy": 0.35467, "f1": 0.17454, "auc": 0.44955}
{"epoch": 85, "time_epoch": 28.89633, "eta": 404.40291, "eta_hours": 0.11233, "loss": 1.09762978, "lr": 5.45e-05, "params": 3899, "time_iter": 0.61482, "accuracy": 0.35467, "f1": 0.17454, "auc": 0.46754}
{"epoch": 86, "time_epoch": 28.73391, "eta": 375.49427, "eta_hours": 0.1043, "loss": 1.09762808, "lr": 4.759e-05, "params": 3899, "time_iter": 0.61136, "accuracy": 0.35467, "f1": 0.17454, "auc": 0.45623}
{"epoch": 87, "time_epoch": 28.98168, "eta": 346.6234, "eta_hours": 0.09628, "loss": 1.09761688, "lr": 4.112e-05, "params": 3899, "time_iter": 0.61663, "accuracy": 0.35467, "f1": 0.17454, "auc": 0.4538}
{"epoch": 88, "time_epoch": 28.7708, "eta": 317.72396, "eta_hours": 0.08826, "loss": 1.0976121, "lr": 3.511e-05, "params": 3899, "time_iter": 0.61214, "accuracy": 0.35467, "f1": 0.17454, "auc": 0.47125}
{"epoch": 89, "time_epoch": 28.81061, "eta": 288.83181, "eta_hours": 0.08023, "loss": 1.09761219, "lr": 2.956e-05, "params": 3899, "time_iter": 0.61299, "accuracy": 0.35467, "f1": 0.17454, "auc": 0.46075}
{"epoch": 90, "time_epoch": 28.88542, "eta": 259.94885, "eta_hours": 0.07221, "loss": 1.09761178, "lr": 2.447e-05, "params": 3899, "time_iter": 0.61458, "accuracy": 0.35467, "f1": 0.17454, "auc": 0.46514}
{"epoch": 91, "time_epoch": 28.74594, "eta": 231.05371, "eta_hours": 0.06418, "loss": 1.09761597, "lr": 1.985e-05, "params": 3899, "time_iter": 0.61162, "accuracy": 0.35467, "f1": 0.17454, "auc": 0.45813}
{"epoch": 92, "time_epoch": 28.92951, "eta": 202.17559, "eta_hours": 0.05616, "loss": 1.0976165, "lr": 1.571e-05, "params": 3899, "time_iter": 0.61552, "accuracy": 0.35467, "f1": 0.17454, "auc": 0.45535}
{"epoch": 93, "time_epoch": 29.11219, "eta": 173.30804, "eta_hours": 0.04814, "loss": 1.09759943, "lr": 1.204e-05, "params": 3899, "time_iter": 0.61941, "accuracy": 0.35467, "f1": 0.17454, "auc": 0.47764}
{"epoch": 94, "time_epoch": 28.81273, "eta": 144.41958, "eta_hours": 0.04012, "loss": 1.09759544, "lr": 8.86e-06, "params": 3899, "time_iter": 0.61304, "accuracy": 0.35467, "f1": 0.17454, "auc": 0.49317}
{"epoch": 95, "time_epoch": 28.83314, "eta": 115.53355, "eta_hours": 0.03209, "loss": 1.09759167, "lr": 6.16e-06, "params": 3899, "time_iter": 0.61347, "accuracy": 0.35467, "f1": 0.17454, "auc": 0.49891}
{"epoch": 96, "time_epoch": 28.89635, "eta": 86.65056, "eta_hours": 0.02407, "loss": 1.09760755, "lr": 3.94e-06, "params": 3899, "time_iter": 0.61482, "accuracy": 0.35467, "f1": 0.17454, "auc": 0.46313}
{"epoch": 97, "time_epoch": 28.79433, "eta": 57.76522, "eta_hours": 0.01605, "loss": 1.09759359, "lr": 2.22e-06, "params": 3899, "time_iter": 0.61265, "accuracy": 0.35467, "f1": 0.17454, "auc": 0.50393}
{"epoch": 98, "time_epoch": 28.79388, "eta": 28.88172, "eta_hours": 0.00802, "loss": 1.09759764, "lr": 9.9e-07, "params": 3899, "time_iter": 0.61264, "accuracy": 0.35467, "f1": 0.17454, "auc": 0.49617}
{"epoch": 99, "time_epoch": 28.83071, "eta": 0.0, "eta_hours": 0.0, "loss": 1.09759676, "lr": 2.5e-07, "params": 3899, "time_iter": 0.61342, "accuracy": 0.35467, "f1": 0.17454, "auc": 0.49719}
