{"epoch": 0, "time_epoch": 18.16145, "eta": 1797.98312, "eta_hours": 0.49944, "loss": 0.69781589, "lr": 0.001, "params": 6183, "time_iter": 0.14529, "accuracy": 0.506, "precision": 0.506, "recall": 1.0, "f1": 0.67198, "auc": 0.4786}
{"epoch": 1, "time_epoch": 5.38232, "eta": 1153.64476, "eta_hours": 0.32046, "loss": 0.6945905, "lr": 0.00099975, "params": 6183, "time_iter": 0.04306, "accuracy": 0.506, "precision": 0.506, "recall": 1.0, "f1": 0.67198, "auc": 0.46744}
{"epoch": 2, "time_epoch": 5.38479, "eta": 935.35671, "eta_hours": 0.25982, "loss": 0.69407564, "lr": 0.00099901, "params": 6183, "time_iter": 0.04308, "accuracy": 0.506, "precision": 0.506, "recall": 1.0, "f1": 0.67198, "auc": 0.47703}
{"epoch": 3, "time_epoch": 5.3968, "eta": 823.80863, "eta_hours": 0.22884, "loss": 0.69235619, "lr": 0.00099778, "params": 6183, "time_iter": 0.04317, "accuracy": 0.494, "precision": 0.5, "recall": 0.62846, "f1": 0.55692, "auc": 0.52249}
{"epoch": 4, "time_epoch": 5.37888, "eta": 754.38059, "eta_hours": 0.20955, "loss": 0.68746378, "lr": 0.00099606, "params": 6183, "time_iter": 0.04303, "accuracy": 0.564, "precision": 0.57447, "recall": 0.5336, "f1": 0.55328, "auc": 0.56631}
{"epoch": 5, "time_epoch": 5.37142, "eta": 706.18534, "eta_hours": 0.19616, "loss": 0.68914155, "lr": 0.00099384, "params": 6183, "time_iter": 0.04297, "accuracy": 0.542, "precision": 0.5411, "recall": 0.62451, "f1": 0.57982, "auc": 0.5523}
{"epoch": 6, "time_epoch": 5.39834, "eta": 670.58314, "eta_hours": 0.18627, "loss": 0.68972313, "lr": 0.00099114, "params": 6183, "time_iter": 0.04319, "accuracy": 0.542, "precision": 0.54412, "recall": 0.58498, "f1": 0.56381, "auc": 0.56022}
{"epoch": 7, "time_epoch": 5.23344, "eta": 640.63551, "eta_hours": 0.17795, "loss": 0.68505808, "lr": 0.00098796, "params": 6183, "time_iter": 0.04187, "accuracy": 0.558, "precision": 0.56452, "recall": 0.55336, "f1": 0.55888, "auc": 0.56455}
{"epoch": 8, "time_epoch": 4.98676, "eta": 613.68572, "eta_hours": 0.17047, "loss": 0.68024244, "lr": 0.00098429, "params": 6183, "time_iter": 0.03989, "accuracy": 0.568, "precision": 0.57613, "recall": 0.55336, "f1": 0.56452, "auc": 0.59034}
{"epoch": 9, "time_epoch": 5.36662, "eta": 594.5473, "eta_hours": 0.16515, "loss": 0.68027735, "lr": 0.00098015, "params": 6183, "time_iter": 0.04293, "accuracy": 0.598, "precision": 0.61017, "recall": 0.56917, "f1": 0.58896, "auc": 0.61617}
{"epoch": 10, "time_epoch": 5.39156, "eta": 578.11468, "eta_hours": 0.16059, "loss": 0.67981798, "lr": 0.00097553, "params": 6183, "time_iter": 0.04313, "accuracy": 0.562, "precision": 0.57203, "recall": 0.5336, "f1": 0.55215, "auc": 0.57668}
{"epoch": 11, "time_epoch": 5.38634, "eta": 563.48393, "eta_hours": 0.15652, "loss": 0.67861723, "lr": 0.00097044, "params": 6183, "time_iter": 0.04309, "accuracy": 0.568, "precision": 0.58447, "recall": 0.50593, "f1": 0.54237, "auc": 0.59141}
{"epoch": 12, "time_epoch": 5.3898, "eta": 550.29852, "eta_hours": 0.15286, "loss": 0.68424696, "lr": 0.00096489, "params": 6183, "time_iter": 0.04312, "accuracy": 0.584, "precision": 0.60563, "recall": 0.50988, "f1": 0.55365, "auc": 0.57988}
{"epoch": 13, "time_epoch": 5.37525, "eta": 538.1374, "eta_hours": 0.14948, "loss": 0.67745929, "lr": 0.00095888, "params": 6183, "time_iter": 0.043, "accuracy": 0.568, "precision": 0.5815, "recall": 0.52174, "f1": 0.55, "auc": 0.59218}
{"epoch": 14, "time_epoch": 5.38059, "eta": 526.91133, "eta_hours": 0.14636, "loss": 0.67799163, "lr": 0.00095241, "params": 6183, "time_iter": 0.04304, "accuracy": 0.574, "precision": 0.59174, "recall": 0.50988, "f1": 0.54777, "auc": 0.59031}
{"epoch": 15, "time_epoch": 5.37315, "eta": 516.37691, "eta_hours": 0.14344, "loss": 0.67674935, "lr": 0.0009455, "params": 6183, "time_iter": 0.04299, "accuracy": 0.572, "precision": 0.58744, "recall": 0.51779, "f1": 0.55042, "auc": 0.59746}
{"epoch": 16, "time_epoch": 5.37384, "eta": 506.45307, "eta_hours": 0.14068, "loss": 0.67149052, "lr": 0.00093815, "params": 6183, "time_iter": 0.04299, "accuracy": 0.582, "precision": 0.60092, "recall": 0.51779, "f1": 0.55626, "auc": 0.61601}
{"epoch": 17, "time_epoch": 5.3789, "eta": 497.05781, "eta_hours": 0.13807, "loss": 0.65812953, "lr": 0.00093037, "params": 6183, "time_iter": 0.04303, "accuracy": 0.606, "precision": 0.625, "recall": 0.55336, "f1": 0.587, "auc": 0.64368}
{"epoch": 18, "time_epoch": 5.37189, "eta": 488.05546, "eta_hours": 0.13557, "loss": 0.68233619, "lr": 0.00092216, "params": 6183, "time_iter": 0.04298, "accuracy": 0.584, "precision": 0.59657, "recall": 0.54941, "f1": 0.57202, "auc": 0.59111}
{"epoch": 19, "time_epoch": 5.38327, "eta": 479.46167, "eta_hours": 0.13318, "loss": 0.67065058, "lr": 0.00091354, "params": 6183, "time_iter": 0.04307, "accuracy": 0.606, "precision": 0.60769, "recall": 0.62451, "f1": 0.61598, "auc": 0.62199}
{"epoch": 20, "time_epoch": 5.37696, "eta": 471.1499, "eta_hours": 0.13087, "loss": 0.67856221, "lr": 0.00090451, "params": 6183, "time_iter": 0.04302, "accuracy": 0.582, "precision": 0.60185, "recall": 0.51383, "f1": 0.55437, "auc": 0.60506}
{"epoch": 21, "time_epoch": 5.38474, "eta": 463.13253, "eta_hours": 0.12865, "loss": 0.67762987, "lr": 0.00089508, "params": 6183, "time_iter": 0.04308, "accuracy": 0.572, "precision": 0.57091, "recall": 0.62055, "f1": 0.5947, "auc": 0.60522}
{"epoch": 22, "time_epoch": 5.36757, "eta": 455.28659, "eta_hours": 0.12647, "loss": 0.67530947, "lr": 0.00088526, "params": 6183, "time_iter": 0.04294, "accuracy": 0.566, "precision": 0.57826, "recall": 0.52569, "f1": 0.55072, "auc": 0.601}
{"epoch": 23, "time_epoch": 5.37429, "eta": 447.66847, "eta_hours": 0.12435, "loss": 0.68141652, "lr": 0.00087506, "params": 6183, "time_iter": 0.04299, "accuracy": 0.58, "precision": 0.59389, "recall": 0.53755, "f1": 0.56432, "auc": 0.59298}
{"epoch": 24, "time_epoch": 5.37706, "eta": 440.23817, "eta_hours": 0.12229, "loss": 0.6786058, "lr": 0.00086448, "params": 6183, "time_iter": 0.04302, "accuracy": 0.576, "precision": 0.58577, "recall": 0.55336, "f1": 0.56911, "auc": 0.59829}
{"epoch": 25, "time_epoch": 5.37566, "eta": 432.96181, "eta_hours": 0.12027, "loss": 0.67235679, "lr": 0.00085355, "params": 6183, "time_iter": 0.04301, "accuracy": 0.574, "precision": 0.58475, "recall": 0.54545, "f1": 0.56442, "auc": 0.6158}
{"epoch": 26, "time_epoch": 5.37455, "eta": 425.82323, "eta_hours": 0.11828, "loss": 0.66535778, "lr": 0.00084227, "params": 6183, "time_iter": 0.043, "accuracy": 0.612, "precision": 0.62343, "recall": 0.58893, "f1": 0.60569, "auc": 0.62185}
{"epoch": 27, "time_epoch": 5.38204, "eta": 418.82993, "eta_hours": 0.11634, "loss": 0.67255393, "lr": 0.00083066, "params": 6183, "time_iter": 0.04306, "accuracy": 0.564, "precision": 0.57778, "recall": 0.51383, "f1": 0.54393, "auc": 0.60349}
{"epoch": 28, "time_epoch": 5.38338, "eta": 411.95102, "eta_hours": 0.11443, "loss": 0.67418895, "lr": 0.00081871, "params": 6183, "time_iter": 0.04307, "accuracy": 0.594, "precision": 0.61062, "recall": 0.54545, "f1": 0.5762, "auc": 0.61239}
{"epoch": 29, "time_epoch": 5.37678, "eta": 405.15642, "eta_hours": 0.11254, "loss": 0.68500061, "lr": 0.00080645, "params": 6183, "time_iter": 0.04301, "accuracy": 0.554, "precision": 0.56944, "recall": 0.48617, "f1": 0.52452, "auc": 0.57607}
{"epoch": 30, "time_epoch": 5.37975, "eta": 398.4599, "eta_hours": 0.11068, "loss": 0.66955958, "lr": 0.00079389, "params": 6183, "time_iter": 0.04304, "accuracy": 0.58, "precision": 0.59149, "recall": 0.54941, "f1": 0.56967, "auc": 0.62556}
{"epoch": 31, "time_epoch": 5.38503, "eta": 391.8569, "eta_hours": 0.10885, "loss": 0.67672826, "lr": 0.00078104, "params": 6183, "time_iter": 0.04308, "accuracy": 0.574, "precision": 0.58772, "recall": 0.52964, "f1": 0.55717, "auc": 0.60018}
{"epoch": 32, "time_epoch": 5.38279, "eta": 385.32316, "eta_hours": 0.10703, "loss": 0.6762648, "lr": 0.00076791, "params": 6183, "time_iter": 0.04306, "accuracy": 0.578, "precision": 0.59292, "recall": 0.52964, "f1": 0.5595, "auc": 0.60486}
{"epoch": 33, "time_epoch": 5.37127, "eta": 378.83477, "eta_hours": 0.10523, "loss": 0.67843848, "lr": 0.00075452, "params": 6183, "time_iter": 0.04297, "accuracy": 0.58, "precision": 0.60094, "recall": 0.50593, "f1": 0.54936, "auc": 0.59951}
{"epoch": 34, "time_epoch": 5.3646, "eta": 372.39782, "eta_hours": 0.10344, "loss": 0.6748817, "lr": 0.00074088, "params": 6183, "time_iter": 0.04292, "accuracy": 0.586, "precision": 0.60455, "recall": 0.52569, "f1": 0.56237, "auc": 0.6089}
{"epoch": 35, "time_epoch": 5.38351, "eta": 366.05407, "eta_hours": 0.10168, "loss": 0.68189805, "lr": 0.000727, "params": 6183, "time_iter": 0.04307, "accuracy": 0.556, "precision": 0.56596, "recall": 0.52569, "f1": 0.54508, "auc": 0.58301}
{"epoch": 36, "time_epoch": 5.37428, "eta": 359.74651, "eta_hours": 0.09993, "loss": 0.66844417, "lr": 0.00071289, "params": 6183, "time_iter": 0.04299, "accuracy": 0.59, "precision": 0.59677, "recall": 0.58498, "f1": 0.59082, "auc": 0.62812}
{"epoch": 37, "time_epoch": 5.36482, "eta": 353.47264, "eta_hours": 0.09819, "loss": 0.67832731, "lr": 0.00069857, "params": 6183, "time_iter": 0.04292, "accuracy": 0.588, "precision": 0.59671, "recall": 0.57312, "f1": 0.58468, "auc": 0.60234}
{"epoch": 38, "time_epoch": 5.42542, "eta": 347.34017, "eta_hours": 0.09648, "loss": 0.67418087, "lr": 0.00068406, "params": 6183, "time_iter": 0.0434, "accuracy": 0.604, "precision": 0.61506, "recall": 0.58103, "f1": 0.59756, "auc": 0.61502}
{"epoch": 39, "time_epoch": 5.37915, "eta": 341.17365, "eta_hours": 0.09477, "loss": 0.67276498, "lr": 0.00066937, "params": 6183, "time_iter": 0.04303, "accuracy": 0.6, "precision": 0.61572, "recall": 0.55731, "f1": 0.58506, "auc": 0.62996}
{"epoch": 40, "time_epoch": 5.38127, "eta": 335.04858, "eta_hours": 0.09307, "loss": 0.67855088, "lr": 0.00065451, "params": 6183, "time_iter": 0.04305, "accuracy": 0.568, "precision": 0.56631, "recall": 0.62451, "f1": 0.59398, "auc": 0.60542}
{"epoch": 41, "time_epoch": 5.3955, "eta": 328.97858, "eta_hours": 0.09138, "loss": 0.6652047, "lr": 0.0006395, "params": 6183, "time_iter": 0.04316, "accuracy": 0.604, "precision": 0.61603, "recall": 0.57708, "f1": 0.59592, "auc": 0.62726}
{"epoch": 42, "time_epoch": 5.3953, "eta": 322.93969, "eta_hours": 0.08971, "loss": 0.67084596, "lr": 0.00062434, "params": 6183, "time_iter": 0.04316, "accuracy": 0.598, "precision": 0.62745, "recall": 0.50593, "f1": 0.56018, "auc": 0.61692}
{"epoch": 43, "time_epoch": 5.38158, "eta": 316.91258, "eta_hours": 0.08803, "loss": 0.67413145, "lr": 0.00060907, "params": 6183, "time_iter": 0.04305, "accuracy": 0.572, "precision": 0.59242, "recall": 0.49407, "f1": 0.53879, "auc": 0.59121}
{"epoch": 44, "time_epoch": 5.39279, "eta": 310.92787, "eta_hours": 0.08637, "loss": 0.67440317, "lr": 0.00059369, "params": 6183, "time_iter": 0.04314, "accuracy": 0.584, "precision": 0.59036, "recall": 0.58103, "f1": 0.58566, "auc": 0.60956}
{"epoch": 45, "time_epoch": 5.38061, "eta": 304.9546, "eta_hours": 0.08471, "loss": 0.65950246, "lr": 0.00057822, "params": 6183, "time_iter": 0.04304, "accuracy": 0.604, "precision": 0.62911, "recall": 0.52964, "f1": 0.57511, "auc": 0.63984}
{"epoch": 46, "time_epoch": 5.37576, "eta": 299.00108, "eta_hours": 0.08306, "loss": 0.66520338, "lr": 0.00056267, "params": 6183, "time_iter": 0.04301, "accuracy": 0.596, "precision": 0.61233, "recall": 0.54941, "f1": 0.57917, "auc": 0.63969}
{"epoch": 47, "time_epoch": 5.37013, "eta": 293.06553, "eta_hours": 0.08141, "loss": 0.67669415, "lr": 0.00054705, "params": 6183, "time_iter": 0.04296, "accuracy": 0.564, "precision": 0.57085, "recall": 0.55731, "f1": 0.564, "auc": 0.61196}
{"epoch": 48, "time_epoch": 5.38191, "eta": 287.16533, "eta_hours": 0.07977, "loss": 0.66905465, "lr": 0.0005314, "params": 6183, "time_iter": 0.04306, "accuracy": 0.594, "precision": 0.60331, "recall": 0.57708, "f1": 0.5899, "auc": 0.62478}
{"epoch": 49, "time_epoch": 5.37326, "eta": 281.2772, "eta_hours": 0.07813, "loss": 0.6618588, "lr": 0.00051571, "params": 6183, "time_iter": 0.04299, "accuracy": 0.596, "precision": 0.60669, "recall": 0.57312, "f1": 0.58943, "auc": 0.63392}
{"epoch": 50, "time_epoch": 5.3826, "eta": 275.41825, "eta_hours": 0.07651, "loss": 0.66908135, "lr": 0.0005, "params": 6183, "time_iter": 0.04306, "accuracy": 0.566, "precision": 0.57317, "recall": 0.55731, "f1": 0.56513, "auc": 0.61623}
{"epoch": 51, "time_epoch": 5.37335, "eta": 269.56907, "eta_hours": 0.07488, "loss": 0.6806688, "lr": 0.00048429, "params": 6183, "time_iter": 0.04299, "accuracy": 0.564, "precision": 0.5641, "recall": 0.6087, "f1": 0.58555, "auc": 0.59647}
{"epoch": 52, "time_epoch": 5.38006, "eta": 263.7438, "eta_hours": 0.07326, "loss": 0.68134911, "lr": 0.0004686, "params": 6183, "time_iter": 0.04304, "accuracy": 0.566, "precision": 0.575, "recall": 0.54545, "f1": 0.55984, "auc": 0.59791}
{"epoch": 53, "time_epoch": 5.37177, "eta": 257.92795, "eta_hours": 0.07165, "loss": 0.67121327, "lr": 0.00045295, "params": 6183, "time_iter": 0.04297, "accuracy": 0.586, "precision": 0.58519, "recall": 0.62451, "f1": 0.60421, "auc": 0.61862}
{"epoch": 54, "time_epoch": 5.38706, "eta": 252.14077, "eta_hours": 0.07004, "loss": 0.66703057, "lr": 0.00043733, "params": 6183, "time_iter": 0.0431, "accuracy": 0.592, "precision": 0.59316, "recall": 0.6166, "f1": 0.60465, "auc": 0.62665}
{"epoch": 55, "time_epoch": 5.38645, "eta": 246.36739, "eta_hours": 0.06844, "loss": 0.66529349, "lr": 0.00042178, "params": 6183, "time_iter": 0.04309, "accuracy": 0.616, "precision": 0.62449, "recall": 0.60474, "f1": 0.61446, "auc": 0.62916}
{"epoch": 56, "time_epoch": 5.38903, "eta": 240.60954, "eta_hours": 0.06684, "loss": 0.66611386, "lr": 0.00040631, "params": 6183, "time_iter": 0.04311, "accuracy": 0.586, "precision": 0.6, "recall": 0.54545, "f1": 0.57143, "auc": 0.61673}
{"epoch": 57, "time_epoch": 5.37592, "eta": 234.85491, "eta_hours": 0.06524, "loss": 0.67591489, "lr": 0.00039093, "params": 6183, "time_iter": 0.04301, "accuracy": 0.578, "precision": 0.59211, "recall": 0.5336, "f1": 0.56133, "auc": 0.61089}
{"epoch": 58, "time_epoch": 5.4735, "eta": 229.18094, "eta_hours": 0.06366, "loss": 0.66020613, "lr": 0.00037566, "params": 6183, "time_iter": 0.04379, "accuracy": 0.596, "precision": 0.6186, "recall": 0.52569, "f1": 0.56838, "auc": 0.63212}
{"epoch": 59, "time_epoch": 5.37858, "eta": 223.45036, "eta_hours": 0.06207, "loss": 0.67187878, "lr": 0.0003605, "params": 6183, "time_iter": 0.04303, "accuracy": 0.588, "precision": 0.60731, "recall": 0.52569, "f1": 0.56356, "auc": 0.62009}
{"epoch": 60, "time_epoch": 5.38075, "eta": 217.73271, "eta_hours": 0.06048, "loss": 0.66688753, "lr": 0.00034549, "params": 6183, "time_iter": 0.04305, "accuracy": 0.582, "precision": 0.59402, "recall": 0.54941, "f1": 0.57084, "auc": 0.62006}
{"epoch": 61, "time_epoch": 5.38555, "eta": 212.02887, "eta_hours": 0.0589, "loss": 0.66788194, "lr": 0.00033063, "params": 6183, "time_iter": 0.04308, "accuracy": 0.604, "precision": 0.62332, "recall": 0.54941, "f1": 0.58403, "auc": 0.61482}
{"epoch": 62, "time_epoch": 5.38362, "eta": 206.334, "eta_hours": 0.05731, "loss": 0.66529283, "lr": 0.00031594, "params": 6183, "time_iter": 0.04307, "accuracy": 0.6, "precision": 0.61674, "recall": 0.55336, "f1": 0.58333, "auc": 0.62236}
{"epoch": 63, "time_epoch": 5.39499, "eta": 200.65525, "eta_hours": 0.05574, "loss": 0.66958528, "lr": 0.00030143, "params": 6183, "time_iter": 0.04316, "accuracy": 0.59, "precision": 0.60169, "recall": 0.56126, "f1": 0.58078, "auc": 0.61622}
{"epoch": 64, "time_epoch": 5.38279, "eta": 194.97867, "eta_hours": 0.05416, "loss": 0.66951276, "lr": 0.00028711, "params": 6183, "time_iter": 0.04306, "accuracy": 0.584, "precision": 0.59109, "recall": 0.57708, "f1": 0.584, "auc": 0.61857}
{"epoch": 65, "time_epoch": 5.39687, "eta": 189.31824, "eta_hours": 0.05259, "loss": 0.67103561, "lr": 0.000273, "params": 6183, "time_iter": 0.04317, "accuracy": 0.596, "precision": 0.61538, "recall": 0.53755, "f1": 0.57384, "auc": 0.61385}
{"epoch": 66, "time_epoch": 5.39654, "eta": 183.66552, "eta_hours": 0.05102, "loss": 0.66395898, "lr": 0.00025912, "params": 6183, "time_iter": 0.04317, "accuracy": 0.598, "precision": 0.61207, "recall": 0.56126, "f1": 0.58557, "auc": 0.63067}
{"epoch": 67, "time_epoch": 5.38854, "eta": 178.01656, "eta_hours": 0.04945, "loss": 0.6668822, "lr": 0.00024548, "params": 6183, "time_iter": 0.04311, "accuracy": 0.6, "precision": 0.61778, "recall": 0.54941, "f1": 0.58159, "auc": 0.62388}
{"epoch": 68, "time_epoch": 5.39942, "eta": 172.38004, "eta_hours": 0.04788, "loss": 0.67463499, "lr": 0.00023209, "params": 6183, "time_iter": 0.0432, "accuracy": 0.582, "precision": 0.59322, "recall": 0.55336, "f1": 0.5726, "auc": 0.62507}
{"epoch": 69, "time_epoch": 5.38804, "eta": 166.74542, "eta_hours": 0.04632, "loss": 0.66492153, "lr": 0.00021896, "params": 6183, "time_iter": 0.0431, "accuracy": 0.596, "precision": 0.60669, "recall": 0.57312, "f1": 0.58943, "auc": 0.62759}
{"epoch": 70, "time_epoch": 5.38781, "eta": 161.11765, "eta_hours": 0.04475, "loss": 0.68298996, "lr": 0.00020611, "params": 6183, "time_iter": 0.0431, "accuracy": 0.586, "precision": 0.59914, "recall": 0.54941, "f1": 0.5732, "auc": 0.59381}
{"epoch": 71, "time_epoch": 5.39642, "eta": 155.4999, "eta_hours": 0.04319, "loss": 0.65752175, "lr": 0.00019355, "params": 6183, "time_iter": 0.04317, "accuracy": 0.6, "precision": 0.60816, "recall": 0.58893, "f1": 0.59839, "auc": 0.64208}
{"epoch": 72, "time_epoch": 5.38976, "eta": 149.88574, "eta_hours": 0.04163, "loss": 0.67066341, "lr": 0.00018129, "params": 6183, "time_iter": 0.04312, "accuracy": 0.602, "precision": 0.6125, "recall": 0.58103, "f1": 0.59635, "auc": 0.60902}
{"epoch": 73, "time_epoch": 5.38733, "eta": 144.2768, "eta_hours": 0.04008, "loss": 0.6694999, "lr": 0.00016934, "params": 6183, "time_iter": 0.0431, "accuracy": 0.592, "precision": 0.59919, "recall": 0.58498, "f1": 0.592, "auc": 0.619}
{"epoch": 74, "time_epoch": 5.39121, "eta": 138.67506, "eta_hours": 0.03852, "loss": 0.6717852, "lr": 0.00015773, "params": 6183, "time_iter": 0.04313, "accuracy": 0.582, "precision": 0.59402, "recall": 0.54941, "f1": 0.57084, "auc": 0.61527}
{"epoch": 75, "time_epoch": 5.39597, "eta": 133.08036, "eta_hours": 0.03697, "loss": 0.67338445, "lr": 0.00014645, "params": 6183, "time_iter": 0.04317, "accuracy": 0.596, "precision": 0.60494, "recall": 0.58103, "f1": 0.59274, "auc": 0.6114}
{"epoch": 76, "time_epoch": 5.38692, "eta": 127.48812, "eta_hours": 0.03541, "loss": 0.66250643, "lr": 0.00013552, "params": 6183, "time_iter": 0.0431, "accuracy": 0.6, "precision": 0.60816, "recall": 0.58893, "f1": 0.59839, "auc": 0.62951}
{"epoch": 77, "time_epoch": 5.38843, "eta": 121.90158, "eta_hours": 0.03386, "loss": 0.66541471, "lr": 0.00012494, "params": 6183, "time_iter": 0.04311, "accuracy": 0.58, "precision": 0.59389, "recall": 0.53755, "f1": 0.56432, "auc": 0.62967}
{"epoch": 78, "time_epoch": 5.40632, "eta": 116.3248, "eta_hours": 0.03231, "loss": 0.67763447, "lr": 0.00011474, "params": 6183, "time_iter": 0.04325, "accuracy": 0.582, "precision": 0.59244, "recall": 0.55731, "f1": 0.57434, "auc": 0.59693}
{"epoch": 79, "time_epoch": 5.39865, "eta": 110.75037, "eta_hours": 0.03076, "loss": 0.65622054, "lr": 0.00010492, "params": 6183, "time_iter": 0.04319, "accuracy": 0.598, "precision": 0.61404, "recall": 0.55336, "f1": 0.58212, "auc": 0.63972}
{"epoch": 80, "time_epoch": 5.38034, "eta": 105.17598, "eta_hours": 0.02922, "loss": 0.66149168, "lr": 9.549e-05, "params": 6183, "time_iter": 0.04304, "accuracy": 0.6, "precision": 0.61373, "recall": 0.56522, "f1": 0.58848, "auc": 0.645}
{"epoch": 81, "time_epoch": 5.39712, "eta": 99.61001, "eta_hours": 0.02767, "loss": 0.66895236, "lr": 8.646e-05, "params": 6183, "time_iter": 0.04318, "accuracy": 0.6, "precision": 0.61088, "recall": 0.57708, "f1": 0.5935, "auc": 0.62943}
{"epoch": 82, "time_epoch": 5.42392, "eta": 94.0536, "eta_hours": 0.02613, "loss": 0.65943616, "lr": 7.784e-05, "params": 6183, "time_iter": 0.04339, "accuracy": 0.606, "precision": 0.61667, "recall": 0.58498, "f1": 0.60041, "auc": 0.63809}
{"epoch": 83, "time_epoch": 5.40911, "eta": 88.49752, "eta_hours": 0.02458, "loss": 0.66034752, "lr": 6.963e-05, "params": 6183, "time_iter": 0.04327, "accuracy": 0.612, "precision": 0.62241, "recall": 0.59289, "f1": 0.60729, "auc": 0.63713}
{"epoch": 84, "time_epoch": 5.41136, "eta": 82.94529, "eta_hours": 0.02304, "loss": 0.67297, "lr": 6.185e-05, "params": 6183, "time_iter": 0.04329, "accuracy": 0.598, "precision": 0.60924, "recall": 0.57312, "f1": 0.59063, "auc": 0.62567}
{"epoch": 85, "time_epoch": 5.40007, "eta": 77.39451, "eta_hours": 0.0215, "loss": 0.6695191, "lr": 5.45e-05, "params": 6183, "time_iter": 0.0432, "accuracy": 0.59, "precision": 0.59917, "recall": 0.57312, "f1": 0.58586, "auc": 0.62217}
{"epoch": 86, "time_epoch": 5.36713, "eta": 71.84226, "eta_hours": 0.01996, "loss": 0.67246512, "lr": 4.759e-05, "params": 6183, "time_iter": 0.04294, "accuracy": 0.586, "precision": 0.59746, "recall": 0.55731, "f1": 0.57669, "auc": 0.61761}
{"epoch": 87, "time_epoch": 5.38798, "eta": 66.29707, "eta_hours": 0.01842, "loss": 0.66374022, "lr": 4.112e-05, "params": 6183, "time_iter": 0.0431, "accuracy": 0.594, "precision": 0.6087, "recall": 0.55336, "f1": 0.57971, "auc": 0.6403}
{"epoch": 88, "time_epoch": 5.38946, "eta": 60.75559, "eta_hours": 0.01688, "loss": 0.65469184, "lr": 3.511e-05, "params": 6183, "time_iter": 0.04312, "accuracy": 0.596, "precision": 0.60241, "recall": 0.59289, "f1": 0.59761, "auc": 0.6419}
{"epoch": 89, "time_epoch": 5.37999, "eta": 55.21644, "eta_hours": 0.01534, "loss": 0.66964386, "lr": 2.956e-05, "params": 6183, "time_iter": 0.04304, "accuracy": 0.59, "precision": 0.59836, "recall": 0.57708, "f1": 0.58753, "auc": 0.63111}
{"epoch": 90, "time_epoch": 5.3934, "eta": 49.68211, "eta_hours": 0.0138, "loss": 0.67572889, "lr": 2.447e-05, "params": 6183, "time_iter": 0.04315, "accuracy": 0.592, "precision": 0.59919, "recall": 0.58498, "f1": 0.592, "auc": 0.609}
{"epoch": 91, "time_epoch": 5.3864, "eta": 44.15024, "eta_hours": 0.01226, "loss": 0.67286068, "lr": 1.985e-05, "params": 6183, "time_iter": 0.04309, "accuracy": 0.596, "precision": 0.60324, "recall": 0.58893, "f1": 0.596, "auc": 0.61628}
{"epoch": 92, "time_epoch": 5.38254, "eta": 38.62121, "eta_hours": 0.01073, "loss": 0.67870742, "lr": 1.571e-05, "params": 6183, "time_iter": 0.04306, "accuracy": 0.58, "precision": 0.58921, "recall": 0.56126, "f1": 0.5749, "auc": 0.61031}
{"epoch": 93, "time_epoch": 5.39913, "eta": 33.09635, "eta_hours": 0.00919, "loss": 0.66256773, "lr": 1.204e-05, "params": 6183, "time_iter": 0.04319, "accuracy": 0.61, "precision": 0.62185, "recall": 0.58498, "f1": 0.60285, "auc": 0.63716}
{"epoch": 94, "time_epoch": 5.38289, "eta": 27.57328, "eta_hours": 0.00766, "loss": 0.67366554, "lr": 8.86e-06, "params": 6183, "time_iter": 0.04306, "accuracy": 0.582, "precision": 0.59483, "recall": 0.54545, "f1": 0.56907, "auc": 0.60426}
{"epoch": 95, "time_epoch": 5.35749, "eta": 22.05208, "eta_hours": 0.00613, "loss": 0.67430925, "lr": 6.16e-06, "params": 6183, "time_iter": 0.04286, "accuracy": 0.582, "precision": 0.59322, "recall": 0.55336, "f1": 0.5726, "auc": 0.61455}
{"epoch": 96, "time_epoch": 5.37965, "eta": 16.53493, "eta_hours": 0.00459, "loss": 0.67632636, "lr": 3.94e-06, "params": 6183, "time_iter": 0.04304, "accuracy": 0.574, "precision": 0.58929, "recall": 0.52174, "f1": 0.55346, "auc": 0.60865}
{"epoch": 97, "time_epoch": 5.39081, "eta": 11.02082, "eta_hours": 0.00306, "loss": 0.66956315, "lr": 2.22e-06, "params": 6183, "time_iter": 0.04313, "accuracy": 0.594, "precision": 0.61062, "recall": 0.54545, "f1": 0.5762, "auc": 0.61769}
{"epoch": 98, "time_epoch": 5.39881, "eta": 5.50928, "eta_hours": 0.00153, "loss": 0.66173645, "lr": 9.9e-07, "params": 6183, "time_iter": 0.04319, "accuracy": 0.602, "precision": 0.61538, "recall": 0.56917, "f1": 0.59138, "auc": 0.6368}
{"epoch": 99, "time_epoch": 5.38636, "eta": 0.0, "eta_hours": 0.0, "loss": 0.66618689, "lr": 2.5e-07, "params": 6183, "time_iter": 0.04309, "accuracy": 0.566, "precision": 0.57377, "recall": 0.55336, "f1": 0.56338, "auc": 0.62019}
