{"epoch": 13, "time_epoch": 5.59293, "time_epoch_std": 0.3745, "eta": 464.70242, "eta_std": 188.54554, "eta_hours": 0.12908, "eta_hours_std": 0.05237, "loss": 0.67948, "loss_std": 0.00199, "lr": 0.00076, "lr_std": 0.00034, "params": 6183.0, "params_std": 0.0, "time_iter": 0.04474, "time_iter_std": 0.003, "accuracy": 0.5795, "accuracy_std": 0.01417, "accuracy_max": 0.6, "precision": 0.5972, "precision_std": 0.01859, "recall": 0.52273, "recall_std": 0.03142, "f1": 0.55674, "f1_std": 0.01861, "auc": 0.60172, "auc_std": 0.02268}
