{"epoch": 0, "time_epoch": 20.10725, "time_epoch_std": 2.33685, "eta": 1990.61808, "eta_std": 231.34844, "eta_hours": 0.55295, "eta_hours_std": 0.06427, "loss": 0.69399, "loss_std": 0.00321, "lr": 0.001, "lr_std": 0.0, "params": 6183.0, "params_std": 0.0, "time_iter": 0.16086, "time_iter_std": 0.0187, "accuracy": 0.5175, "accuracy_std": 0.01878, "accuracy_max": 0.55, "precision": 0.53131, "precision_std": 0.04226, "recall": 0.78063, "recall_std": 0.27783, "f1": 0.59632, "f1_std": 0.10456, "auc": 0.5168, "auc_std": 0.03274}
{"epoch": 1, "time_epoch": 5.64479, "time_epoch_std": 0.35307, "eta": 1261.84996, "eta_std": 112.48082, "eta_hours": 0.35052, "eta_hours_std": 0.03124, "loss": 0.69135, "loss_std": 0.0039, "lr": 0.001, "lr_std": 0.0, "params": 6183.0, "params_std": 0.0, "time_iter": 0.04516, "time_iter_std": 0.00282, "accuracy": 0.53, "accuracy_std": 0.02922, "accuracy_max": 0.56, "precision": 0.53195, "precision_std": 0.0287, "recall": 0.79249, "recall_std": 0.19537, "f1": 0.6225, "f1_std": 0.04526, "auc": 0.5121, "auc_std": 0.0447}
{"epoch": 2, "time_epoch": 5.63038, "time_epoch_std": 0.36546, "eta": 1014.69817, "eta_std": 74.96363, "eta_hours": 0.28186, "eta_hours_std": 0.02082, "loss": 0.68714, "loss_std": 0.00761, "lr": 0.001, "lr_std": 0.0, "params": 6183.0, "params_std": 0.0, "time_iter": 0.04504, "time_iter_std": 0.00292, "accuracy": 0.5345, "accuracy_std": 0.03843, "accuracy_max": 0.586, "precision": 0.54316, "precision_std": 0.04637, "recall": 0.62945, "recall_std": 0.2192, "f1": 0.56418, "f1_std": 0.07278, "auc": 0.53422, "auc_std": 0.05926}
{"epoch": 3, "time_epoch": 5.6296, "time_epoch_std": 0.35879, "eta": 888.28844, "eta_std": 56.8722, "eta_hours": 0.24675, "eta_hours_std": 0.0158, "loss": 0.68517, "loss_std": 0.00841, "lr": 0.001, "lr_std": 0.0, "params": 6183.0, "params_std": 0.0, "time_iter": 0.04504, "time_iter_std": 0.00287, "accuracy": 0.535, "accuracy_std": 0.03662, "accuracy_max": 0.584, "precision": 0.54028, "precision_std": 0.03868, "recall": 0.68676, "recall_std": 0.1833, "f1": 0.59136, "f1_std": 0.04782, "auc": 0.5456, "auc_std": 0.05915}
{"epoch": 4, "time_epoch": 5.6367, "time_epoch_std": 0.36362, "eta": 810.32564, "eta_std": 47.39005, "eta_hours": 0.22509, "eta_hours_std": 0.01316, "loss": 0.67929, "loss_std": 0.01334, "lr": 0.001, "lr_std": 0.0, "params": 6183.0, "params_std": 0.0, "time_iter": 0.04509, "time_iter_std": 0.00291, "accuracy": 0.5625, "accuracy_std": 0.03659, "accuracy_max": 0.608, "precision": 0.57669, "precision_std": 0.04781, "recall": 0.64328, "recall_std": 0.20607, "f1": 0.5874, "f1_std": 0.04929, "auc": 0.56257, "auc_std": 0.07325}
{"epoch": 5, "time_epoch": 5.62094, "time_epoch_std": 0.36585, "eta": 756.22475, "eta_std": 41.75419, "eta_hours": 0.21006, "eta_hours_std": 0.0116, "loss": 0.68275, "loss_std": 0.00877, "lr": 0.00099, "lr_std": 0.0, "params": 6183.0, "params_std": 0.0, "time_iter": 0.04497, "time_iter_std": 0.00293, "accuracy": 0.5505, "accuracy_std": 0.03986, "accuracy_max": 0.596, "precision": 0.56019, "precision_std": 0.04375, "recall": 0.63933, "recall_std": 0.13866, "f1": 0.58531, "f1_std": 0.03274, "auc": 0.55278, "auc_std": 0.0608}
{"epoch": 6, "time_epoch": 5.63791, "time_epoch_std": 0.36352, "eta": 716.2006, "eta_std": 38.099, "eta_hours": 0.19894, "eta_hours_std": 0.01058, "loss": 0.68084, "loss_std": 0.01207, "lr": 0.00099, "lr_std": 0.0, "params": 6183.0, "params_std": 0.0, "time_iter": 0.0451, "time_iter_std": 0.00291, "accuracy": 0.555, "accuracy_std": 0.03378, "accuracy_max": 0.592, "precision": 0.56568, "precision_std": 0.0438, "recall": 0.65712, "recall_std": 0.20013, "f1": 0.58913, "f1_std": 0.04803, "auc": 0.54838, "auc_std": 0.08452}
{"epoch": 7, "time_epoch": 5.58866, "time_epoch_std": 0.39459, "eta": 684.20667, "eta_std": 36.27264, "eta_hours": 0.19006, "eta_hours_std": 0.01008, "loss": 0.68408, "loss_std": 0.0075, "lr": 0.00099, "lr_std": 0.0, "params": 6183.0, "params_std": 0.0, "time_iter": 0.04471, "time_iter_std": 0.00315, "accuracy": 0.551, "accuracy_std": 0.02823, "accuracy_max": 0.584, "precision": 0.56183, "precision_std": 0.03723, "recall": 0.64229, "recall_std": 0.20774, "f1": 0.57995, "f1_std": 0.05346, "auc": 0.55865, "auc_std": 0.05835}
{"epoch": 8, "time_epoch": 5.52636, "time_epoch_std": 0.45625, "eta": 657.45062, "eta_std": 35.78832, "eta_hours": 0.18262, "eta_hours_std": 0.00994, "loss": 0.6772, "loss_std": 0.01209, "lr": 0.00098, "lr_std": 0.0, "params": 6183.0, "params_std": 0.0, "time_iter": 0.04421, "time_iter_std": 0.00365, "accuracy": 0.562, "accuracy_std": 0.0345, "accuracy_max": 0.6, "precision": 0.56945, "precision_std": 0.04079, "recall": 0.67391, "recall_std": 0.18957, "f1": 0.60064, "f1_std": 0.04202, "auc": 0.57236, "auc_std": 0.07429}
{"epoch": 9, "time_epoch": 5.59484, "time_epoch_std": 0.3955, "eta": 635.55688, "eta_std": 34.59102, "eta_hours": 0.17654, "eta_hours_std": 0.00961, "loss": 0.67955, "loss_std": 0.00893, "lr": 0.00098, "lr_std": 0.0, "params": 6183.0, "params_std": 0.0, "time_iter": 0.04476, "time_iter_std": 0.00316, "accuracy": 0.5625, "accuracy_std": 0.04706, "accuracy_max": 0.6, "precision": 0.57596, "precision_std": 0.04919, "recall": 0.57806, "recall_std": 0.06698, "f1": 0.57176, "f1_std": 0.0202, "auc": 0.57809, "auc_std": 0.06279}
{"epoch": 10, "time_epoch": 5.62649, "time_epoch_std": 0.35472, "eta": 616.88266, "eta_std": 33.34008, "eta_hours": 0.17136, "eta_hours_std": 0.00926, "loss": 0.68145, "loss_std": 0.00955, "lr": 0.00098, "lr_std": 0.0, "params": 6183.0, "params_std": 0.0, "time_iter": 0.04501, "time_iter_std": 0.00284, "accuracy": 0.5545, "accuracy_std": 0.03796, "accuracy_max": 0.594, "precision": 0.56364, "precision_std": 0.03882, "recall": 0.65514, "recall_std": 0.18206, "f1": 0.59016, "f1_std": 0.0426, "auc": 0.55861, "auc_std": 0.06446}
{"epoch": 11, "time_epoch": 5.61158, "time_epoch_std": 0.35746, "eta": 600.27375, "eta_std": 32.36755, "eta_hours": 0.16674, "eta_hours_std": 0.00899, "loss": 0.68045, "loss_std": 0.01023, "lr": 0.00097, "lr_std": 0.0, "params": 6183.0, "params_std": 0.0, "time_iter": 0.04489, "time_iter_std": 0.00286, "accuracy": 0.5585, "accuracy_std": 0.03653, "accuracy_max": 0.608, "precision": 0.57136, "precision_std": 0.04595, "recall": 0.6413, "recall_std": 0.20734, "f1": 0.58415, "f1_std": 0.05288, "auc": 0.55238, "auc_std": 0.07809}
{"epoch": 12, "time_epoch": 5.61275, "time_epoch_std": 0.35604, "eta": 585.36452, "eta_std": 31.51783, "eta_hours": 0.1626, "eta_hours_std": 0.00875, "loss": 0.68088, "loss_std": 0.01005, "lr": 0.00096, "lr_std": 0.0, "params": 6183.0, "params_std": 0.0, "time_iter": 0.0449, "time_iter_std": 0.00285, "accuracy": 0.56, "accuracy_std": 0.03178, "accuracy_max": 0.584, "precision": 0.57348, "precision_std": 0.04093, "recall": 0.64032, "recall_std": 0.20896, "f1": 0.58414, "f1_std": 0.05129, "auc": 0.55615, "auc_std": 0.0725}
{"epoch": 13, "time_epoch": 5.59341, "time_epoch_std": 0.37215, "eta": 571.66455, "eta_std": 30.88437, "eta_hours": 0.1588, "eta_hours_std": 0.00858, "loss": 0.68344, "loss_std": 0.00612, "lr": 0.00096, "lr_std": 0.0, "params": 6183.0, "params_std": 0.0, "time_iter": 0.04475, "time_iter_std": 0.00298, "accuracy": 0.5585, "accuracy_std": 0.03083, "accuracy_max": 0.584, "precision": 0.57164, "precision_std": 0.0402, "recall": 0.64032, "recall_std": 0.21014, "f1": 0.583, "f1_std": 0.05319, "auc": 0.55994, "auc_std": 0.04865}
{"epoch": 14, "time_epoch": 5.60071, "time_epoch_std": 0.37219, "eta": 559.08682, "eta_std": 30.33656, "eta_hours": 0.1553, "eta_hours_std": 0.00843, "loss": 0.67157, "loss_std": 0.01724, "lr": 0.00095, "lr_std": 0.0, "params": 6183.0, "params_std": 0.0, "time_iter": 0.0448, "time_iter_std": 0.00298, "accuracy": 0.5675, "accuracy_std": 0.05705, "accuracy_max": 0.626, "precision": 0.58082, "precision_std": 0.05952, "recall": 0.56522, "recall_std": 0.03211, "f1": 0.57071, "f1_std": 0.03408, "auc": 0.59296, "auc_std": 0.0747}
{"epoch": 15, "time_epoch": 5.55635, "time_epoch_std": 0.31667, "eta": 547.14836, "eta_std": 29.58462, "eta_hours": 0.15198, "eta_hours_std": 0.00822, "loss": 0.67602, "loss_std": 0.01508, "lr": 0.00095, "lr_std": 0.0, "params": 6183.0, "params_std": 0.0, "time_iter": 0.04445, "time_iter_std": 0.00253, "accuracy": 0.5625, "accuracy_std": 0.05332, "accuracy_max": 0.634, "precision": 0.58296, "precision_std": 0.06316, "recall": 0.56028, "recall_std": 0.08835, "f1": 0.56322, "f1_std": 0.0297, "auc": 0.57583, "auc_std": 0.07319}
{"epoch": 16, "time_epoch": 5.59714, "time_epoch_std": 0.37785, "eta": 536.15988, "eta_std": 29.17469, "eta_hours": 0.14893, "eta_hours_std": 0.00811, "loss": 0.677, "loss_std": 0.01108, "lr": 0.00094, "lr_std": 0.0, "params": 6183.0, "params_std": 0.0, "time_iter": 0.04478, "time_iter_std": 0.00302, "accuracy": 0.562, "accuracy_std": 0.04116, "accuracy_max": 0.616, "precision": 0.57563, "precision_std": 0.05206, "recall": 0.64625, "recall_std": 0.20209, "f1": 0.58894, "f1_std": 0.05004, "auc": 0.57613, "auc_std": 0.06782}
{"epoch": 17, "time_epoch": 5.59946, "time_epoch_std": 0.37434, "eta": 525.78099, "eta_std": 28.78921, "eta_hours": 0.14605, "eta_hours_std": 0.008, "loss": 0.67004, "loss_std": 0.0205, "lr": 0.00093, "lr_std": 0.0, "params": 6183.0, "params_std": 0.0, "time_iter": 0.0448, "time_iter_std": 0.003, "accuracy": 0.5695, "accuracy_std": 0.05037, "accuracy_max": 0.63, "precision": 0.58457, "precision_std": 0.0605, "recall": 0.64526, "recall_std": 0.20773, "f1": 0.5923, "f1_std": 0.05893, "auc": 0.5842, "auc_std": 0.08095}
{"epoch": 18, "time_epoch": 5.59736, "time_epoch_std": 0.37562, "eta": 515.89625, "eta_std": 28.43037, "eta_hours": 0.1433, "eta_hours_std": 0.0079, "loss": 0.68051, "loss_std": 0.00862, "lr": 0.00092, "lr_std": 0.0, "params": 6183.0, "params_std": 0.0, "time_iter": 0.04478, "time_iter_std": 0.00301, "accuracy": 0.5575, "accuracy_std": 0.03031, "accuracy_max": 0.584, "precision": 0.5649, "precision_std": 0.03527, "recall": 0.66601, "recall_std": 0.19449, "f1": 0.59442, "f1_std": 0.04599, "auc": 0.5695, "auc_std": 0.05802}
{"epoch": 19, "time_epoch": 5.60606, "time_epoch_std": 0.3757, "eta": 506.47506, "eta_std": 28.08455, "eta_hours": 0.14068, "eta_hours_std": 0.0078, "loss": 0.6762, "loss_std": 0.01666, "lr": 0.00091, "lr_std": 0.0, "params": 6183.0, "params_std": 0.0, "time_iter": 0.04485, "time_iter_std": 0.00301, "accuracy": 0.5745, "accuracy_std": 0.04424, "accuracy_max": 0.62, "precision": 0.58364, "precision_std": 0.05159, "recall": 0.68083, "recall_std": 0.1868, "f1": 0.6109, "f1_std": 0.04022, "auc": 0.57467, "auc_std": 0.07574}
{"epoch": 20, "time_epoch": 5.60065, "time_epoch_std": 0.36836, "eta": 497.39686, "eta_std": 27.72068, "eta_hours": 0.13816, "eta_hours_std": 0.0077, "loss": 0.67956, "loss_std": 0.01294, "lr": 0.0009, "lr_std": 0.0, "params": 6183.0, "params_std": 0.0, "time_iter": 0.04481, "time_iter_std": 0.00295, "accuracy": 0.557, "accuracy_std": 0.04847, "accuracy_max": 0.618, "precision": 0.56522, "precision_std": 0.05532, "recall": 0.47925, "recall_std": 0.1522, "f1": 0.50853, "f1_std": 0.1198, "auc": 0.56799, "auc_std": 0.07293}
{"epoch": 21, "time_epoch": 5.59827, "time_epoch_std": 0.35748, "eta": 488.62635, "eta_std": 27.32996, "eta_hours": 0.13573, "eta_hours_std": 0.00759, "loss": 0.67153, "loss_std": 0.02005, "lr": 0.0009, "lr_std": 0.0, "params": 6183.0, "params_std": 0.0, "time_iter": 0.04479, "time_iter_std": 0.00286, "accuracy": 0.576, "accuracy_std": 0.04667, "accuracy_max": 0.636, "precision": 0.57882, "precision_std": 0.0529, "recall": 0.71937, "recall_std": 0.164, "f1": 0.62754, "f1_std": 0.02794, "auc": 0.58318, "auc_std": 0.08806}
{"epoch": 22, "time_epoch": 5.59289, "time_epoch_std": 0.36855, "eta": 480.11368, "eta_std": 26.98134, "eta_hours": 0.13336, "eta_hours_std": 0.0075, "loss": 0.67587, "loss_std": 0.01361, "lr": 0.00089, "lr_std": 0.0, "params": 6183.0, "params_std": 0.0, "time_iter": 0.04474, "time_iter_std": 0.00295, "accuracy": 0.5595, "accuracy_std": 0.03772, "accuracy_max": 0.612, "precision": 0.56613, "precision_std": 0.04307, "recall": 0.67688, "recall_std": 0.18857, "f1": 0.6005, "f1_std": 0.04514, "auc": 0.57655, "auc_std": 0.07491}
{"epoch": 23, "time_epoch": 5.5949, "time_epoch_std": 0.37792, "eta": 471.85071, "eta_std": 26.66065, "eta_hours": 0.13107, "eta_hours_std": 0.00741, "loss": 0.68026, "loss_std": 0.00894, "lr": 0.00088, "lr_std": 0.0, "params": 6183.0, "params_std": 0.0, "time_iter": 0.04476, "time_iter_std": 0.00302, "accuracy": 0.564, "accuracy_std": 0.03479, "accuracy_max": 0.598, "precision": 0.56929, "precision_std": 0.0376, "recall": 0.68281, "recall_std": 0.18506, "f1": 0.60542, "f1_std": 0.04133, "auc": 0.56609, "auc_std": 0.07537}
{"epoch": 24, "time_epoch": 5.60204, "time_epoch_std": 0.36091, "eta": 463.82259, "eta_std": 26.30078, "eta_hours": 0.12884, "eta_hours_std": 0.0073, "loss": 0.66982, "loss_std": 0.01972, "lr": 0.00086, "lr_std": 0.0, "params": 6183.0, "params_std": 0.0, "time_iter": 0.04482, "time_iter_std": 0.00289, "accuracy": 0.5895, "accuracy_std": 0.05626, "accuracy_max": 0.658, "precision": 0.59595, "precision_std": 0.05953, "recall": 0.70356, "recall_std": 0.17429, "f1": 0.62933, "f1_std": 0.03948, "auc": 0.59101, "auc_std": 0.08734}
{"epoch": 25, "time_epoch": 5.59859, "time_epoch_std": 0.36605, "eta": 455.97127, "eta_std": 25.95635, "eta_hours": 0.12666, "eta_hours_std": 0.00721, "loss": 0.67242, "loss_std": 0.01379, "lr": 0.00085, "lr_std": 0.0, "params": 6183.0, "params_std": 0.0, "time_iter": 0.04479, "time_iter_std": 0.00293, "accuracy": 0.5745, "accuracy_std": 0.04276, "accuracy_max": 0.62, "precision": 0.5816, "precision_std": 0.04577, "recall": 0.68379, "recall_std": 0.186, "f1": 0.61186, "f1_std": 0.04195, "auc": 0.59254, "auc_std": 0.07692}
{"epoch": 26, "time_epoch": 5.59536, "time_epoch_std": 0.36598, "eta": 448.27807, "eta_std": 25.61208, "eta_hours": 0.12452, "eta_hours_std": 0.00711, "loss": 0.66563, "loss_std": 0.0241, "lr": 0.00084, "lr_std": 0.0, "params": 6183.0, "params_std": 0.0, "time_iter": 0.04476, "time_iter_std": 0.00293, "accuracy": 0.5905, "accuracy_std": 0.05454, "accuracy_max": 0.656, "precision": 0.60085, "precision_std": 0.06403, "recall": 0.69763, "recall_std": 0.17466, "f1": 0.62812, "f1_std": 0.02931, "auc": 0.5976, "auc_std": 0.08947}
{"epoch": 27, "time_epoch": 5.59459, "time_epoch_std": 0.36616, "eta": 440.73274, "eta_std": 25.26995, "eta_hours": 0.12243, "eta_hours_std": 0.00702, "loss": 0.67374, "loss_std": 0.01446, "lr": 0.00083, "lr_std": 0.0, "params": 6183.0, "params_std": 0.0, "time_iter": 0.04475, "time_iter_std": 0.00293, "accuracy": 0.5715, "accuracy_std": 0.04944, "accuracy_max": 0.63, "precision": 0.58388, "precision_std": 0.05724, "recall": 0.65909, "recall_std": 0.16819, "f1": 0.60281, "f1_std": 0.03931, "auc": 0.58199, "auc_std": 0.08252}
{"epoch": 28, "time_epoch": 5.60056, "time_epoch_std": 0.36856, "eta": 433.33657, "eta_std": 24.93633, "eta_hours": 0.12037, "eta_hours_std": 0.00693, "loss": 0.67955, "loss_std": 0.00862, "lr": 0.00082, "lr_std": 0.0, "params": 6183.0, "params_std": 0.0, "time_iter": 0.0448, "time_iter_std": 0.00295, "accuracy": 0.565, "accuracy_std": 0.04867, "accuracy_max": 0.604, "precision": 0.57625, "precision_std": 0.04959, "recall": 0.6255, "recall_std": 0.10079, "f1": 0.5912, "f1_std": 0.01264, "auc": 0.57236, "auc_std": 0.07271}
{"epoch": 29, "time_epoch": 5.59652, "time_epoch_std": 0.37171, "eta": 426.05069, "eta_std": 24.61019, "eta_hours": 0.11835, "eta_hours_std": 0.00684, "loss": 0.67584, "loss_std": 0.01688, "lr": 0.00081, "lr_std": 0.0, "params": 6183.0, "params_std": 0.0, "time_iter": 0.04477, "time_iter_std": 0.00297, "accuracy": 0.564, "accuracy_std": 0.05111, "accuracy_max": 0.622, "precision": 0.57993, "precision_std": 0.05512, "recall": 0.63241, "recall_std": 0.17599, "f1": 0.58754, "f1_std": 0.04471, "auc": 0.57573, "auc_std": 0.07944}
{"epoch": 30, "time_epoch": 5.60531, "time_epoch_std": 0.37451, "eta": 418.89335, "eta_std": 24.28388, "eta_hours": 0.11636, "eta_hours_std": 0.00674, "loss": 0.67688, "loss_std": 0.0101, "lr": 0.00079, "lr_std": 0.0, "params": 6183.0, "params_std": 0.0, "time_iter": 0.04484, "time_iter_std": 0.003, "accuracy": 0.5715, "accuracy_std": 0.03993, "accuracy_max": 0.614, "precision": 0.58525, "precision_std": 0.05143, "recall": 0.66008, "recall_std": 0.19753, "f1": 0.60019, "f1_std": 0.04183, "auc": 0.57453, "auc_std": 0.08559}
{"epoch": 31, "time_epoch": 5.59789, "time_epoch_std": 0.36671, "eta": 411.81725, "eta_std": 23.93906, "eta_hours": 0.11439, "eta_hours_std": 0.00665, "loss": 0.67487, "loss_std": 0.01477, "lr": 0.00078, "lr_std": 0.0, "params": 6183.0, "params_std": 0.0, "time_iter": 0.04478, "time_iter_std": 0.00294, "accuracy": 0.568, "accuracy_std": 0.05327, "accuracy_max": 0.638, "precision": 0.57964, "precision_std": 0.05579, "recall": 0.64723, "recall_std": 0.14681, "f1": 0.59838, "f1_std": 0.03596, "auc": 0.58142, "auc_std": 0.07606}
{"epoch": 32, "time_epoch": 5.59579, "time_epoch_std": 0.36399, "eta": 404.82647, "eta_std": 23.59298, "eta_hours": 0.11245, "eta_hours_std": 0.00656, "loss": 0.67114, "loss_std": 0.0179, "lr": 0.00077, "lr_std": 0.0, "params": 6183.0, "params_std": 0.0, "time_iter": 0.04477, "time_iter_std": 0.00291, "accuracy": 0.5705, "accuracy_std": 0.04553, "accuracy_max": 0.634, "precision": 0.57938, "precision_std": 0.051, "recall": 0.67391, "recall_std": 0.19015, "f1": 0.60575, "f1_std": 0.04617, "auc": 0.58286, "auc_std": 0.08093}
{"epoch": 33, "time_epoch": 5.59536, "time_epoch_std": 0.36943, "eta": 397.91691, "eta_std": 23.25981, "eta_hours": 0.11054, "eta_hours_std": 0.00646, "loss": 0.67127, "loss_std": 0.01827, "lr": 0.00075, "lr_std": 0.0, "params": 6183.0, "params_std": 0.0, "time_iter": 0.04476, "time_iter_std": 0.00296, "accuracy": 0.574, "accuracy_std": 0.0432, "accuracy_max": 0.626, "precision": 0.58407, "precision_std": 0.0482, "recall": 0.67095, "recall_std": 0.1933, "f1": 0.60609, "f1_std": 0.04565, "auc": 0.58539, "auc_std": 0.08391}
{"epoch": 34, "time_epoch": 5.59014, "time_epoch_std": 0.37169, "eta": 391.07277, "eta_std": 22.92791, "eta_hours": 0.10863, "eta_hours_std": 0.00637, "loss": 0.6687, "loss_std": 0.01896, "lr": 0.00074, "lr_std": 0.0, "params": 6183.0, "params_std": 0.0, "time_iter": 0.04472, "time_iter_std": 0.00297, "accuracy": 0.5805, "accuracy_std": 0.04659, "accuracy_max": 0.634, "precision": 0.59093, "precision_std": 0.05448, "recall": 0.68281, "recall_std": 0.1867, "f1": 0.61516, "f1_std": 0.03882, "auc": 0.59078, "auc_std": 0.08625}
{"epoch": 35, "time_epoch": 5.60152, "time_epoch_std": 0.37179, "eta": 384.31851, "eta_std": 22.59728, "eta_hours": 0.10676, "eta_hours_std": 0.00628, "loss": 0.67508, "loss_std": 0.0203, "lr": 0.00073, "lr_std": 0.0, "params": 6183.0, "params_std": 0.0, "time_iter": 0.04481, "time_iter_std": 0.00297, "accuracy": 0.5665, "accuracy_std": 0.05041, "accuracy_max": 0.646, "precision": 0.57762, "precision_std": 0.06311, "recall": 0.67292, "recall_std": 0.19053, "f1": 0.60346, "f1_std": 0.04752, "auc": 0.57278, "auc_std": 0.07899}
{"epoch": 36, "time_epoch": 5.61861, "time_epoch_std": 0.35206, "eta": 377.65567, "eta_std": 22.24045, "eta_hours": 0.10491, "eta_hours_std": 0.00618, "loss": 0.67717, "loss_std": 0.01062, "lr": 0.00071, "lr_std": 0.0, "params": 6183.0, "params_std": 0.0, "time_iter": 0.04495, "time_iter_std": 0.00282, "accuracy": 0.5575, "accuracy_std": 0.04309, "accuracy_max": 0.59, "precision": 0.56698, "precision_std": 0.0445, "recall": 0.54348, "recall_std": 0.03131, "f1": 0.55461, "f1_std": 0.03567, "auc": 0.58127, "auc_std": 0.06671}
{"epoch": 37, "time_epoch": 5.56702, "time_epoch_std": 0.39583, "eta": 370.96362, "eta_std": 21.94663, "eta_hours": 0.10305, "eta_hours_std": 0.0061, "loss": 0.66267, "loss_std": 0.02702, "lr": 0.0007, "lr_std": 0.0, "params": 6183.0, "params_std": 0.0, "time_iter": 0.04454, "time_iter_std": 0.00317, "accuracy": 0.587, "accuracy_std": 0.05247, "accuracy_max": 0.652, "precision": 0.59346, "precision_std": 0.05771, "recall": 0.70454, "recall_std": 0.17178, "f1": 0.62842, "f1_std": 0.03262, "auc": 0.60316, "auc_std": 0.09661}
{"epoch": 38, "time_epoch": 5.59968, "time_epoch_std": 0.37411, "eta": 364.38034, "eta_std": 21.60651, "eta_hours": 0.10122, "eta_hours_std": 0.006, "loss": 0.6746, "loss_std": 0.01145, "lr": 0.00068, "lr_std": 0.0, "params": 6183.0, "params_std": 0.0, "time_iter": 0.0448, "time_iter_std": 0.00299, "accuracy": 0.5845, "accuracy_std": 0.0457, "accuracy_max": 0.62, "precision": 0.59315, "precision_std": 0.05055, "recall": 0.69071, "recall_std": 0.18101, "f1": 0.62087, "f1_std": 0.03309, "auc": 0.58789, "auc_std": 0.08345}
{"epoch": 39, "time_epoch": 5.59846, "time_epoch_std": 0.40896, "eta": 357.84441, "eta_std": 21.32081, "eta_hours": 0.0994, "eta_hours_std": 0.00592, "loss": 0.67011, "loss_std": 0.01678, "lr": 0.00067, "lr_std": 0.0, "params": 6183.0, "params_std": 0.0, "time_iter": 0.04478, "time_iter_std": 0.00327, "accuracy": 0.5825, "accuracy_std": 0.04663, "accuracy_max": 0.632, "precision": 0.59528, "precision_std": 0.05449, "recall": 0.67293, "recall_std": 0.18913, "f1": 0.61265, "f1_std": 0.03692, "auc": 0.59441, "auc_std": 0.07908}
{"epoch": 40, "time_epoch": 5.60386, "time_epoch_std": 0.38828, "eta": 351.36198, "eta_std": 21.00499, "eta_hours": 0.0976, "eta_hours_std": 0.00584, "loss": 0.67385, "loss_std": 0.01329, "lr": 0.00065, "lr_std": 0.0, "params": 6183.0, "params_std": 0.0, "time_iter": 0.04483, "time_iter_std": 0.00311, "accuracy": 0.569, "accuracy_std": 0.03931, "accuracy_max": 0.61, "precision": 0.57391, "precision_std": 0.04384, "recall": 0.69565, "recall_std": 0.17683, "f1": 0.61395, "f1_std": 0.03418, "auc": 0.58421, "auc_std": 0.07469}
{"epoch": 41, "time_epoch": 5.59234, "time_epoch_std": 0.36423, "eta": 344.90548, "eta_std": 20.65323, "eta_hours": 0.09581, "eta_hours_std": 0.00574, "loss": 0.67339, "loss_std": 0.01245, "lr": 0.00064, "lr_std": 0.0, "params": 6183.0, "params_std": 0.0, "time_iter": 0.04474, "time_iter_std": 0.00292, "accuracy": 0.568, "accuracy_std": 0.06505, "accuracy_max": 0.616, "precision": 0.57975, "precision_std": 0.06665, "recall": 0.56126, "recall_std": 0.02997, "f1": 0.56969, "f1_std": 0.04794, "auc": 0.58346, "auc_std": 0.07902}
{"epoch": 42, "time_epoch": 5.56206, "time_epoch_std": 0.39168, "eta": 338.44904, "eta_std": 20.33269, "eta_hours": 0.09401, "eta_hours_std": 0.00565, "loss": 0.67042, "loss_std": 0.0143, "lr": 0.00062, "lr_std": 0.0, "params": 6183.0, "params_std": 0.0, "time_iter": 0.0445, "time_iter_std": 0.00313, "accuracy": 0.584, "accuracy_std": 0.04598, "accuracy_max": 0.624, "precision": 0.59636, "precision_std": 0.05378, "recall": 0.67885, "recall_std": 0.19106, "f1": 0.61512, "f1_std": 0.03989, "auc": 0.59194, "auc_std": 0.0793}
{"epoch": 43, "time_epoch": 5.587, "time_epoch_std": 0.37078, "eta": 332.06499, "eta_std": 19.98806, "eta_hours": 0.09224, "eta_hours_std": 0.00555, "loss": 0.67104, "loss_std": 0.01455, "lr": 0.00061, "lr_std": 0.0, "params": 6183.0, "params_std": 0.0, "time_iter": 0.0447, "time_iter_std": 0.00296, "accuracy": 0.5735, "accuracy_std": 0.04225, "accuracy_max": 0.618, "precision": 0.58848, "precision_std": 0.05032, "recall": 0.6502, "recall_std": 0.20358, "f1": 0.5968, "f1_std": 0.04854, "auc": 0.58293, "auc_std": 0.07745}
{"epoch": 44, "time_epoch": 5.59146, "time_epoch_std": 0.36876, "eta": 325.72182, "eta_std": 19.64, "eta_hours": 0.09048, "eta_hours_std": 0.00546, "loss": 0.67281, "loss_std": 0.01365, "lr": 0.00059, "lr_std": 0.0, "params": 6183.0, "params_std": 0.0, "time_iter": 0.04473, "time_iter_std": 0.00295, "accuracy": 0.5695, "accuracy_std": 0.0489, "accuracy_max": 0.604, "precision": 0.58204, "precision_std": 0.05159, "recall": 0.63834, "recall_std": 0.12714, "f1": 0.59717, "f1_std": 0.01803, "auc": 0.58345, "auc_std": 0.08508}
{"epoch": 45, "time_epoch": 5.58372, "time_epoch_std": 0.37264, "eta": 319.40224, "eta_std": 19.29601, "eta_hours": 0.08872, "eta_hours_std": 0.00536, "loss": 0.66592, "loss_std": 0.01627, "lr": 0.00058, "lr_std": 0.0, "params": 6183.0, "params_std": 0.0, "time_iter": 0.04467, "time_iter_std": 0.00298, "accuracy": 0.5885, "accuracy_std": 0.04464, "accuracy_max": 0.622, "precision": 0.60273, "precision_std": 0.05402, "recall": 0.66107, "recall_std": 0.17394, "f1": 0.61281, "f1_std": 0.03297, "auc": 0.6131, "auc_std": 0.06213}
{"epoch": 46, "time_epoch": 5.58985, "time_epoch_std": 0.37717, "eta": 313.12088, "eta_std": 18.95716, "eta_hours": 0.08698, "eta_hours_std": 0.00527, "loss": 0.66057, "loss_std": 0.01588, "lr": 0.00056, "lr_std": 0.0, "params": 6183.0, "params_std": 0.0, "time_iter": 0.04472, "time_iter_std": 0.00302, "accuracy": 0.608, "accuracy_std": 0.03262, "accuracy_max": 0.664, "precision": 0.6227, "precision_std": 0.03992, "recall": 0.57708, "recall_std": 0.02607, "f1": 0.59862, "f1_std": 0.02898, "auc": 0.64121, "auc_std": 0.02772}
{"epoch": 47, "time_epoch": 5.58605, "time_epoch_std": 0.37341, "eta": 306.86423, "eta_std": 18.61304, "eta_hours": 0.08524, "eta_hours_std": 0.00517, "loss": 0.66663, "loss_std": 0.01781, "lr": 0.00055, "lr_std": 0.0, "params": 6183.0, "params_std": 0.0, "time_iter": 0.04469, "time_iter_std": 0.00299, "accuracy": 0.589, "accuracy_std": 0.03624, "accuracy_max": 0.644, "precision": 0.60166, "precision_std": 0.03998, "recall": 0.5583, "recall_std": 0.03264, "f1": 0.57903, "f1_std": 0.03502, "auc": 0.62262, "auc_std": 0.04121}
{"epoch": 48, "time_epoch": 5.58034, "time_epoch_std": 0.38256, "eta": 300.629, "eta_std": 18.27368, "eta_hours": 0.08351, "eta_hours_std": 0.00507, "loss": 0.66175, "loss_std": 0.0051, "lr": 0.00053, "lr_std": 0.0, "params": 6183.0, "params_std": 0.0, "time_iter": 0.04464, "time_iter_std": 0.00306, "accuracy": 0.6075, "accuracy_std": 0.01352, "accuracy_max": 0.63, "precision": 0.62756, "precision_std": 0.01954, "recall": 0.55534, "recall_std": 0.03325, "f1": 0.58836, "f1_std": 0.01842, "auc": 0.63846, "auc_std": 0.01651}
{"epoch": 49, "time_epoch": 5.55264, "time_epoch_std": 0.30334, "eta": 294.39226, "eta_std": 17.85898, "eta_hours": 0.08178, "eta_hours_std": 0.00496, "loss": 0.65968, "loss_std": 0.00808, "lr": 0.00052, "lr_std": 0.0, "params": 6183.0, "params_std": 0.0, "time_iter": 0.04442, "time_iter_std": 0.00243, "accuracy": 0.601, "accuracy_std": 0.01221, "accuracy_max": 0.622, "precision": 0.61554, "precision_std": 0.01242, "recall": 0.56324, "recall_std": 0.02174, "f1": 0.58808, "f1_std": 0.01585, "auc": 0.63842, "auc_std": 0.01667}
{"epoch": 50, "time_epoch": 5.57843, "time_epoch_std": 0.37447, "eta": 288.20714, "eta_std": 17.51316, "eta_hours": 0.08006, "eta_hours_std": 0.00486, "loss": 0.65815, "loss_std": 0.01206, "lr": 0.0005, "lr_std": 0.0, "params": 6183.0, "params_std": 0.0, "time_iter": 0.04463, "time_iter_std": 0.00299, "accuracy": 0.6055, "accuracy_std": 0.02714, "accuracy_max": 0.642, "precision": 0.62095, "precision_std": 0.03279, "recall": 0.57214, "recall_std": 0.04519, "f1": 0.59419, "f1_std": 0.02975, "auc": 0.63847, "auc_std": 0.02268}
{"epoch": 51, "time_epoch": 5.57474, "time_epoch_std": 0.37075, "eta": 282.04194, "eta_std": 17.16402, "eta_hours": 0.07834, "eta_hours_std": 0.00477, "loss": 0.66782, "loss_std": 0.0086, "lr": 0.00048, "lr_std": 0.0, "params": 6183.0, "params_std": 0.0, "time_iter": 0.0446, "time_iter_std": 0.00297, "accuracy": 0.5915, "accuracy_std": 0.02308, "accuracy_max": 0.628, "precision": 0.60255, "precision_std": 0.0265, "recall": 0.57213, "recall_std": 0.0368, "f1": 0.58602, "f1_std": 0.02297, "auc": 0.62565, "auc_std": 0.02075}
{"epoch": 52, "time_epoch": 5.58439, "time_epoch_std": 0.37108, "eta": 275.90758, "eta_std": 16.81562, "eta_hours": 0.07664, "eta_hours_std": 0.00467, "loss": 0.66064, "loss_std": 0.01201, "lr": 0.00047, "lr_std": 0.0, "params": 6183.0, "params_std": 0.0, "time_iter": 0.04468, "time_iter_std": 0.00297, "accuracy": 0.61, "accuracy_std": 0.03095, "accuracy_max": 0.65, "precision": 0.62619, "precision_std": 0.03462, "recall": 0.57114, "recall_std": 0.03131, "f1": 0.59712, "f1_std": 0.03023, "auc": 0.63985, "auc_std": 0.02439}
{"epoch": 53, "time_epoch": 5.57834, "time_epoch_std": 0.36899, "eta": 269.78844, "eta_std": 16.46475, "eta_hours": 0.07494, "eta_hours_std": 0.00457, "loss": 0.6628, "loss_std": 0.00601, "lr": 0.00045, "lr_std": 0.0, "params": 6183.0, "params_std": 0.0, "time_iter": 0.04463, "time_iter_std": 0.00295, "accuracy": 0.6, "accuracy_std": 0.0114, "accuracy_max": 0.614, "precision": 0.61345, "precision_std": 0.01946, "recall": 0.57312, "recall_std": 0.04266, "f1": 0.59115, "f1_std": 0.01775, "auc": 0.63775, "auc_std": 0.01192}
{"epoch": 54, "time_epoch": 5.59611, "time_epoch_std": 0.39397, "eta": 263.7035, "eta_std": 16.1328, "eta_hours": 0.07325, "eta_hours_std": 0.00448, "loss": 0.6662, "loss_std": 0.00986, "lr": 0.00044, "lr_std": 0.0, "params": 6183.0, "params_std": 0.0, "time_iter": 0.04477, "time_iter_std": 0.00315, "accuracy": 0.5995, "accuracy_std": 0.01236, "accuracy_max": 0.616, "precision": 0.61201, "precision_std": 0.0223, "recall": 0.57708, "recall_std": 0.0285, "f1": 0.59299, "f1_std": 0.00733, "auc": 0.62994, "auc_std": 0.01537}
{"epoch": 55, "time_epoch": 5.60396, "time_epoch_std": 0.39079, "eta": 257.64219, "eta_std": 15.79713, "eta_hours": 0.07157, "eta_hours_std": 0.00439, "loss": 0.66531, "loss_std": 0.00271, "lr": 0.00042, "lr_std": 0.0, "params": 6183.0, "params_std": 0.0, "time_iter": 0.04483, "time_iter_std": 0.00312, "accuracy": 0.609, "accuracy_std": 0.00592, "accuracy_max": 0.616, "precision": 0.624, "precision_std": 0.00598, "recall": 0.57214, "recall_std": 0.02242, "f1": 0.59669, "f1_std": 0.01215, "auc": 0.63408, "auc_std": 0.01104}
{"epoch": 56, "time_epoch": 5.60029, "time_epoch_std": 0.39582, "eta": 251.59416, "eta_std": 15.46316, "eta_hours": 0.06989, "eta_hours_std": 0.00429, "loss": 0.66097, "loss_std": 0.01139, "lr": 0.00041, "lr_std": 0.0, "params": 6183.0, "params_std": 0.0, "time_iter": 0.0448, "time_iter_std": 0.00317, "accuracy": 0.5965, "accuracy_std": 0.01431, "accuracy_max": 0.62, "precision": 0.61124, "precision_std": 0.01972, "recall": 0.55929, "recall_std": 0.01734, "f1": 0.5838, "f1_std": 0.01207, "auc": 0.63874, "auc_std": 0.0262}
{"epoch": 57, "time_epoch": 5.60476, "time_epoch_std": 0.39704, "eta": 245.5648, "eta_std": 15.12932, "eta_hours": 0.06821, "eta_hours_std": 0.0042, "loss": 0.66459, "loss_std": 0.01145, "lr": 0.00039, "lr_std": 0.0, "params": 6183.0, "params_std": 0.0, "time_iter": 0.04484, "time_iter_std": 0.00318, "accuracy": 0.6015, "accuracy_std": 0.01982, "accuracy_max": 0.624, "precision": 0.61603, "precision_std": 0.0223, "recall": 0.56522, "recall_std": 0.03342, "f1": 0.58906, "f1_std": 0.02353, "auc": 0.63887, "auc_std": 0.02213}
{"epoch": 58, "time_epoch": 5.61439, "time_epoch_std": 0.37281, "eta": 239.55652, "eta_std": 14.77182, "eta_hours": 0.06654, "eta_hours_std": 0.0041, "loss": 0.65836, "loss_std": 0.01246, "lr": 0.00038, "lr_std": 0.0, "params": 6183.0, "params_std": 0.0, "time_iter": 0.04492, "time_iter_std": 0.00298, "accuracy": 0.6075, "accuracy_std": 0.03281, "accuracy_max": 0.66, "precision": 0.6251, "precision_std": 0.04056, "recall": 0.56621, "recall_std": 0.02657, "f1": 0.59373, "f1_std": 0.0291, "auc": 0.64633, "auc_std": 0.02061}
{"epoch": 59, "time_epoch": 5.58796, "time_epoch_std": 0.36717, "eta": 233.54376, "eta_std": 14.41507, "eta_hours": 0.06488, "eta_hours_std": 0.004, "loss": 0.66393, "loss_std": 0.00737, "lr": 0.00036, "lr_std": 0.0, "params": 6183.0, "params_std": 0.0, "time_iter": 0.0447, "time_iter_std": 0.00294, "accuracy": 0.6085, "accuracy_std": 0.01687, "accuracy_max": 0.628, "precision": 0.62371, "precision_std": 0.01868, "recall": 0.57115, "recall_std": 0.03519, "f1": 0.59575, "f1_std": 0.02293, "auc": 0.63931, "auc_std": 0.01972}
{"epoch": 60, "time_epoch": 5.58292, "time_epoch_std": 0.34731, "eta": 227.5417, "eta_std": 14.04527, "eta_hours": 0.0632, "eta_hours_std": 0.0039, "loss": 0.66225, "loss_std": 0.01646, "lr": 0.00035, "lr_std": 0.0, "params": 6183.0, "params_std": 0.0, "time_iter": 0.04466, "time_iter_std": 0.00278, "accuracy": 0.609, "accuracy_std": 0.02335, "accuracy_max": 0.646, "precision": 0.6219, "precision_std": 0.02499, "recall": 0.58004, "recall_std": 0.02882, "f1": 0.60007, "f1_std": 0.02528, "auc": 0.64239, "auc_std": 0.02708}
{"epoch": 61, "time_epoch": 5.59047, "time_epoch_std": 0.36924, "eta": 221.55779, "eta_std": 13.6896, "eta_hours": 0.06154, "eta_hours_std": 0.0038, "loss": 0.67477, "loss_std": 0.00535, "lr": 0.00033, "lr_std": 0.0, "params": 6183.0, "params_std": 0.0, "time_iter": 0.04472, "time_iter_std": 0.00295, "accuracy": 0.5885, "accuracy_std": 0.00963, "accuracy_max": 0.604, "precision": 0.59898, "precision_std": 0.01484, "recall": 0.56818, "recall_std": 0.01131, "f1": 0.58289, "f1_std": 0.00143, "auc": 0.61999, "auc_std": 0.00738}
{"epoch": 62, "time_epoch": 5.59852, "time_epoch_std": 0.37393, "eta": 215.5911, "eta_std": 13.33659, "eta_hours": 0.05989, "eta_hours_std": 0.00371, "loss": 0.65807, "loss_std": 0.00978, "lr": 0.00032, "lr_std": 0.0, "params": 6183.0, "params_std": 0.0, "time_iter": 0.04479, "time_iter_std": 0.00299, "accuracy": 0.6165, "accuracy_std": 0.01396, "accuracy_max": 0.638, "precision": 0.62334, "precision_std": 0.01417, "recall": 0.61265, "recall_std": 0.03502, "f1": 0.6174, "f1_std": 0.02037, "auc": 0.65085, "auc_std": 0.02098}
{"epoch": 63, "time_epoch": 5.59314, "time_epoch_std": 0.36454, "eta": 209.63289, "eta_std": 12.97727, "eta_hours": 0.05823, "eta_hours_std": 0.00361, "loss": 0.6619, "loss_std": 0.01834, "lr": 0.0003, "lr_std": 0.0, "params": 6183.0, "params_std": 0.0, "time_iter": 0.04474, "time_iter_std": 0.00291, "accuracy": 0.613, "accuracy_std": 0.02406, "accuracy_max": 0.646, "precision": 0.6208, "precision_std": 0.02693, "recall": 0.60672, "recall_std": 0.02774, "f1": 0.61334, "f1_std": 0.0233, "auc": 0.64459, "auc_std": 0.02792}
{"epoch": 64, "time_epoch": 5.58432, "time_epoch_std": 0.36514, "eta": 203.68116, "eta_std": 12.61822, "eta_hours": 0.05658, "eta_hours_std": 0.00351, "loss": 0.66468, "loss_std": 0.00768, "lr": 0.00029, "lr_std": 0.0, "params": 6183.0, "params_std": 0.0, "time_iter": 0.04468, "time_iter_std": 0.00292, "accuracy": 0.601, "accuracy_std": 0.01453, "accuracy_max": 0.624, "precision": 0.60786, "precision_std": 0.01576, "recall": 0.59783, "recall_std": 0.03605, "f1": 0.60214, "f1_std": 0.01998, "auc": 0.63876, "auc_std": 0.01755}
{"epoch": 65, "time_epoch": 5.59546, "time_epoch_std": 0.3707, "eta": 197.7463, "eta_std": 12.26179, "eta_hours": 0.05493, "eta_hours_std": 0.00341, "loss": 0.66538, "loss_std": 0.00578, "lr": 0.00027, "lr_std": 0.0, "params": 6183.0, "params_std": 0.0, "time_iter": 0.04476, "time_iter_std": 0.00297, "accuracy": 0.599, "accuracy_std": 0.01034, "accuracy_max": 0.612, "precision": 0.61086, "precision_std": 0.01238, "recall": 0.57312, "recall_std": 0.02338, "f1": 0.59104, "f1_std": 0.01312, "auc": 0.63696, "auc_std": 0.01366}
{"epoch": 66, "time_epoch": 5.59512, "time_epoch_std": 0.3742, "eta": 191.82141, "eta_std": 11.9066, "eta_hours": 0.05328, "eta_hours_std": 0.00331, "loss": 0.66436, "loss_std": 0.00744, "lr": 0.00026, "lr_std": 0.0, "params": 6183.0, "params_std": 0.0, "time_iter": 0.04476, "time_iter_std": 0.00299, "accuracy": 0.6065, "accuracy_std": 0.01236, "accuracy_max": 0.626, "precision": 0.62191, "precision_std": 0.01908, "recall": 0.57016, "recall_std": 0.01639, "f1": 0.59453, "f1_std": 0.00881, "auc": 0.63883, "auc_std": 0.01579}
{"epoch": 67, "time_epoch": 5.59824, "time_epoch_std": 0.37078, "eta": 185.90768, "eta_std": 11.54968, "eta_hours": 0.05164, "eta_hours_std": 0.00321, "loss": 0.67296, "loss_std": 0.00826, "lr": 0.00025, "lr_std": 0.0, "params": 6183.0, "params_std": 0.0, "time_iter": 0.04479, "time_iter_std": 0.00297, "accuracy": 0.597, "accuracy_std": 0.00458, "accuracy_max": 0.602, "precision": 0.6139, "precision_std": 0.00342, "recall": 0.54842, "recall_std": 0.01262, "f1": 0.57926, "f1_std": 0.00828, "auc": 0.62354, "auc_std": 0.00883}
{"epoch": 68, "time_epoch": 5.59105, "time_epoch_std": 0.37091, "eta": 179.99986, "eta_std": 11.19192, "eta_hours": 0.05, "eta_hours_std": 0.00311, "loss": 0.65823, "loss_std": 0.01258, "lr": 0.00023, "lr_std": 0.0, "params": 6183.0, "params_std": 0.0, "time_iter": 0.04473, "time_iter_std": 0.00297, "accuracy": 0.605, "accuracy_std": 0.01952, "accuracy_max": 0.636, "precision": 0.62182, "precision_std": 0.02275, "recall": 0.56126, "recall_std": 0.02218, "f1": 0.58978, "f1_std": 0.01977, "auc": 0.64292, "auc_std": 0.02216}
{"epoch": 69, "time_epoch": 5.59629, "time_epoch_std": 0.37561, "eta": 174.10335, "eta_std": 10.83648, "eta_hours": 0.04836, "eta_hours_std": 0.00301, "loss": 0.66299, "loss_std": 0.00964, "lr": 0.00022, "lr_std": 0.0, "params": 6183.0, "params_std": 0.0, "time_iter": 0.04477, "time_iter_std": 0.00301, "accuracy": 0.606, "accuracy_std": 0.01208, "accuracy_max": 0.618, "precision": 0.62352, "precision_std": 0.01187, "recall": 0.55928, "recall_std": 0.03878, "f1": 0.58891, "f1_std": 0.02299, "auc": 0.64315, "auc_std": 0.00974}
{"epoch": 70, "time_epoch": 5.59784, "time_epoch_std": 0.36461, "eta": 168.21593, "eta_std": 10.4762, "eta_hours": 0.04672, "eta_hours_std": 0.00291, "loss": 0.66554, "loss_std": 0.0119, "lr": 0.00021, "lr_std": 0.0, "params": 6183.0, "params_std": 0.0, "time_iter": 0.04478, "time_iter_std": 0.00292, "accuracy": 0.605, "accuracy_std": 0.01879, "accuracy_max": 0.636, "precision": 0.62201, "precision_std": 0.02247, "recall": 0.56028, "recall_std": 0.01292, "f1": 0.5895, "f1_std": 0.01708, "auc": 0.63431, "auc_std": 0.02528}
{"epoch": 71, "time_epoch": 5.59637, "time_epoch_std": 0.36804, "eta": 162.33598, "eta_std": 10.11697, "eta_hours": 0.04509, "eta_hours_std": 0.00281, "loss": 0.65987, "loss_std": 0.01349, "lr": 0.00019, "lr_std": 0.0, "params": 6183.0, "params_std": 0.0, "time_iter": 0.04477, "time_iter_std": 0.00295, "accuracy": 0.6035, "accuracy_std": 0.01687, "accuracy_max": 0.632, "precision": 0.61709, "precision_std": 0.02166, "recall": 0.57312, "recall_std": 0.02305, "f1": 0.59388, "f1_std": 0.01628, "auc": 0.64543, "auc_std": 0.01586}
{"epoch": 72, "time_epoch": 5.59852, "time_epoch_std": 0.37294, "eta": 156.46459, "eta_std": 9.75948, "eta_hours": 0.04346, "eta_hours_std": 0.00271, "loss": 0.66338, "loss_std": 0.01965, "lr": 0.00018, "lr_std": 0.0, "params": 6183.0, "params_std": 0.0, "time_iter": 0.04479, "time_iter_std": 0.00298, "accuracy": 0.613, "accuracy_std": 0.01513, "accuracy_max": 0.638, "precision": 0.62749, "precision_std": 0.01987, "recall": 0.58103, "recall_std": 0.01453, "f1": 0.60312, "f1_std": 0.01218, "auc": 0.64367, "auc_std": 0.02617}
{"epoch": 73, "time_epoch": 5.59011, "time_epoch_std": 0.37256, "eta": 150.59762, "eta_std": 9.40133, "eta_hours": 0.04183, "eta_hours_std": 0.00261, "loss": 0.66108, "loss_std": 0.01824, "lr": 0.00017, "lr_std": 0.0, "params": 6183.0, "params_std": 0.0, "time_iter": 0.04472, "time_iter_std": 0.00298, "accuracy": 0.6045, "accuracy_std": 0.00963, "accuracy_max": 0.618, "precision": 0.61662, "precision_std": 0.01352, "recall": 0.57905, "recall_std": 0.01518, "f1": 0.59701, "f1_std": 0.00819, "auc": 0.64337, "auc_std": 0.02273}
{"epoch": 74, "time_epoch": 5.59799, "time_epoch_std": 0.3639, "eta": 144.74066, "eta_std": 9.04018, "eta_hours": 0.04021, "eta_hours_std": 0.00251, "loss": 0.66881, "loss_std": 0.02217, "lr": 0.00016, "lr_std": 0.0, "params": 6183.0, "params_std": 0.0, "time_iter": 0.04478, "time_iter_std": 0.00291, "accuracy": 0.592, "accuracy_std": 0.02724, "accuracy_max": 0.62, "precision": 0.60331, "precision_std": 0.03035, "recall": 0.56917, "recall_std": 0.02546, "f1": 0.58545, "f1_std": 0.02449, "auc": 0.63146, "auc_std": 0.03156}
{"epoch": 75, "time_epoch": 5.5848, "time_epoch_std": 0.37024, "eta": 138.88636, "eta_std": 8.68041, "eta_hours": 0.03858, "eta_hours_std": 0.00241, "loss": 0.6668, "loss_std": 0.00864, "lr": 0.00015, "lr_std": 0.0, "params": 6183.0, "params_std": 0.0, "time_iter": 0.04468, "time_iter_std": 0.00296, "accuracy": 0.6005, "accuracy_std": 0.00753, "accuracy_max": 0.612, "precision": 0.61316, "precision_std": 0.01383, "recall": 0.57312, "recall_std": 0.017, "f1": 0.59207, "f1_std": 0.00323, "auc": 0.63767, "auc_std": 0.01525}
{"epoch": 76, "time_epoch": 5.58894, "time_epoch_std": 0.37524, "eta": 133.04028, "eta_std": 8.32227, "eta_hours": 0.03696, "eta_hours_std": 0.00231, "loss": 0.6585, "loss_std": 0.01516, "lr": 0.00014, "lr_std": 0.0, "params": 6183.0, "params_std": 0.0, "time_iter": 0.04471, "time_iter_std": 0.003, "accuracy": 0.613, "accuracy_std": 0.01863, "accuracy_max": 0.64, "precision": 0.62658, "precision_std": 0.02416, "recall": 0.58498, "recall_std": 0.02695, "f1": 0.60458, "f1_std": 0.01876, "auc": 0.64675, "auc_std": 0.01771}
{"epoch": 77, "time_epoch": 5.58843, "time_epoch_std": 0.36935, "eta": 127.20066, "eta_std": 7.96199, "eta_hours": 0.03533, "eta_hours_std": 0.00221, "loss": 0.65953, "loss_std": 0.0121, "lr": 0.00012, "lr_std": 0.0, "params": 6183.0, "params_std": 0.0, "time_iter": 0.04471, "time_iter_std": 0.00296, "accuracy": 0.6165, "accuracy_std": 0.02621, "accuracy_max": 0.654, "precision": 0.63375, "precision_std": 0.02967, "recall": 0.5751, "recall_std": 0.03563, "f1": 0.60254, "f1_std": 0.02885, "auc": 0.65353, "auc_std": 0.01602}
{"epoch": 78, "time_epoch": 5.59939, "time_epoch_std": 0.37662, "eta": 121.37031, "eta_std": 7.60345, "eta_hours": 0.03371, "eta_hours_std": 0.00211, "loss": 0.66624, "loss_std": 0.01614, "lr": 0.00011, "lr_std": 0.0, "params": 6183.0, "params_std": 0.0, "time_iter": 0.0448, "time_iter_std": 0.00301, "accuracy": 0.6185, "accuracy_std": 0.02165, "accuracy_max": 0.638, "precision": 0.63367, "precision_std": 0.02529, "recall": 0.58498, "recall_std": 0.02484, "f1": 0.60808, "f1_std": 0.02127, "auc": 0.63894, "auc_std": 0.02542}
{"epoch": 79, "time_epoch": 5.46076, "time_epoch_std": 0.14501, "eta": 115.51108, "eta_std": 7.18625, "eta_hours": 0.03209, "eta_hours_std": 0.002, "loss": 0.65421, "loss_std": 0.01215, "lr": 0.0001, "lr_std": 0.0, "params": 6183.0, "params_std": 0.0, "time_iter": 0.04369, "time_iter_std": 0.00116, "accuracy": 0.61, "accuracy_std": 0.01517, "accuracy_max": 0.626, "precision": 0.62308, "precision_std": 0.01524, "recall": 0.58004, "recall_std": 0.02277, "f1": 0.60068, "f1_std": 0.01802, "auc": 0.65444, "auc_std": 0.01756}
{"epoch": 80, "time_epoch": 5.30295, "time_epoch_std": 0.13919, "eta": 109.62467, "eta_std": 6.71401, "eta_hours": 0.03045, "eta_hours_std": 0.00186, "loss": 0.66062, "loss_std": 0.01413, "lr": 0.0001, "lr_std": 0.0, "params": 6183.0, "params_std": 0.0, "time_iter": 0.04242, "time_iter_std": 0.00111, "accuracy": 0.607, "accuracy_std": 0.01418, "accuracy_max": 0.63, "precision": 0.61853, "precision_std": 0.01293, "recall": 0.58202, "recall_std": 0.02242, "f1": 0.59965, "f1_std": 0.01748, "auc": 0.64732, "auc_std": 0.01685}
{"epoch": 81, "time_epoch": 5.39354, "time_epoch_std": 0.0502, "eta": 103.77237, "eta_std": 6.29163, "eta_hours": 0.02883, "eta_hours_std": 0.00175, "loss": 0.66304, "loss_std": 0.02165, "lr": 9e-05, "lr_std": 0.0, "params": 6183.0, "params_std": 0.0, "time_iter": 0.04315, "time_iter_std": 0.0004, "accuracy": 0.6105, "accuracy_std": 0.0217, "accuracy_max": 0.646, "precision": 0.62339, "precision_std": 0.02765, "recall": 0.58498, "recall_std": 0.01008, "f1": 0.60339, "f1_std": 0.01665, "auc": 0.64782, "auc_std": 0.02207}
{"epoch": 82, "time_epoch": 5.40964, "time_epoch_std": 0.06253, "eta": 97.93443, "eta_std": 5.87676, "eta_hours": 0.0272, "eta_hours_std": 0.00163, "loss": 0.65606, "loss_std": 0.01525, "lr": 8e-05, "lr_std": 0.0, "params": 6183.0, "params_std": 0.0, "time_iter": 0.04328, "time_iter_std": 0.0005, "accuracy": 0.621, "accuracy_std": 0.02472, "accuracy_max": 0.654, "precision": 0.63489, "precision_std": 0.03135, "recall": 0.59486, "recall_std": 0.00815, "f1": 0.61399, "f1_std": 0.01824, "auc": 0.6564, "auc_std": 0.02105}
{"epoch": 83, "time_epoch": 5.40533, "time_epoch_std": 0.0543, "eta": 92.10586, "eta_std": 5.4723, "eta_hours": 0.02558, "eta_hours_std": 0.00152, "loss": 0.65144, "loss_std": 0.01793, "lr": 7e-05, "lr_std": 0.0, "params": 6183.0, "params_std": 0.0, "time_iter": 0.04324, "time_iter_std": 0.00043, "accuracy": 0.6195, "accuracy_std": 0.01819, "accuracy_max": 0.65, "precision": 0.63122, "precision_std": 0.02708, "recall": 0.60178, "recall_std": 0.0138, "f1": 0.61563, "f1_std": 0.01037, "auc": 0.66178, "auc_std": 0.02353}
{"epoch": 84, "time_epoch": 5.39815, "time_epoch_std": 0.0466, "eta": 86.28598, "eta_std": 5.0739, "eta_hours": 0.02397, "eta_hours_std": 0.00141, "loss": 0.66366, "loss_std": 0.01232, "lr": 6e-05, "lr_std": 0.0, "params": 6183.0, "params_std": 0.0, "time_iter": 0.04318, "time_iter_std": 0.00037, "accuracy": 0.6155, "accuracy_std": 0.0183, "accuracy_max": 0.646, "precision": 0.62817, "precision_std": 0.02357, "recall": 0.59091, "recall_std": 0.01064, "f1": 0.6088, "f1_std": 0.0142, "auc": 0.64954, "auc_std": 0.01554}
{"epoch": 85, "time_epoch": 5.40067, "time_epoch_std": 0.0543, "eta": 80.47633, "eta_std": 4.6861, "eta_hours": 0.02236, "eta_hours_std": 0.0013, "loss": 0.66015, "loss_std": 0.0134, "lr": 5e-05, "lr_std": 0.0, "params": 6183.0, "params_std": 0.0, "time_iter": 0.04321, "time_iter_std": 0.00043, "accuracy": 0.6195, "accuracy_std": 0.02574, "accuracy_max": 0.654, "precision": 0.63155, "precision_std": 0.03015, "recall": 0.59783, "recall_std": 0.01639, "f1": 0.61412, "f1_std": 0.02225, "auc": 0.65225, "auc_std": 0.0227}
{"epoch": 86, "time_epoch": 5.37884, "time_epoch_std": 0.04653, "eta": 74.67281, "eta_std": 4.30638, "eta_hours": 0.02074, "eta_hours_std": 0.0012, "loss": 0.65799, "loss_std": 0.02105, "lr": 5e-05, "lr_std": 0.0, "params": 6183.0, "params_std": 0.0, "time_iter": 0.04303, "time_iter_std": 0.00037, "accuracy": 0.6145, "accuracy_std": 0.01962, "accuracy_max": 0.64, "precision": 0.62805, "precision_std": 0.02402, "recall": 0.58597, "recall_std": 0.01798, "f1": 0.60609, "f1_std": 0.01776, "auc": 0.65731, "auc_std": 0.02722}
{"epoch": 87, "time_epoch": 5.39236, "time_epoch_std": 0.04887, "eta": 68.88079, "eta_std": 3.9333, "eta_hours": 0.01914, "eta_hours_std": 0.00109, "loss": 0.66742, "loss_std": 0.01818, "lr": 4e-05, "lr_std": 0.0, "params": 6183.0, "params_std": 0.0, "time_iter": 0.04314, "time_iter_std": 0.00039, "accuracy": 0.6045, "accuracy_std": 0.02095, "accuracy_max": 0.64, "precision": 0.61864, "precision_std": 0.02492, "recall": 0.57115, "recall_std": 0.01439, "f1": 0.59386, "f1_std": 0.0185, "auc": 0.6487, "auc_std": 0.02214}
{"epoch": 88, "time_epoch": 5.39974, "time_epoch_std": 0.05403, "eta": 63.09866, "eta_std": 3.56855, "eta_hours": 0.01753, "eta_hours_std": 0.00099, "loss": 0.6682, "loss_std": 0.01438, "lr": 4e-05, "lr_std": 0.0, "params": 6183.0, "params_std": 0.0, "time_iter": 0.0432, "time_iter_std": 0.00043, "accuracy": 0.5935, "accuracy_std": 0.02051, "accuracy_max": 0.626, "precision": 0.60376, "precision_std": 0.02724, "recall": 0.57807, "recall_std": 0.00983, "f1": 0.59024, "f1_std": 0.0124, "auc": 0.63328, "auc_std": 0.02004}
{"epoch": 89, "time_epoch": 5.39981, "time_epoch_std": 0.05656, "eta": 57.32504, "eta_std": 3.21252, "eta_hours": 0.01593, "eta_hours_std": 0.00089, "loss": 0.64587, "loss_std": 0.01677, "lr": 3e-05, "lr_std": 0.0, "params": 6183.0, "params_std": 0.0, "time_iter": 0.0432, "time_iter_std": 0.00045, "accuracy": 0.6185, "accuracy_std": 0.02012, "accuracy_max": 0.646, "precision": 0.63005, "precision_std": 0.0249, "recall": 0.59882, "recall_std": 0.02508, "f1": 0.61363, "f1_std": 0.01892, "auc": 0.66935, "auc_std": 0.02592}
{"epoch": 90, "time_epoch": 5.38866, "time_epoch_std": 0.04578, "eta": 51.55853, "eta_std": 2.86135, "eta_hours": 0.01432, "eta_hours_std": 0.00079, "loss": 0.65838, "loss_std": 0.01567, "lr": 2e-05, "lr_std": 0.0, "params": 6183.0, "params_std": 0.0, "time_iter": 0.04311, "time_iter_std": 0.00037, "accuracy": 0.616, "accuracy_std": 0.01838, "accuracy_max": 0.642, "precision": 0.62629, "precision_std": 0.02031, "recall": 0.59882, "recall_std": 0.01544, "f1": 0.61218, "f1_std": 0.01678, "auc": 0.64895, "auc_std": 0.02719}
{"epoch": 91, "time_epoch": 5.39504, "time_epoch_std": 0.05205, "eta": 45.80079, "eta_std": 2.51797, "eta_hours": 0.01272, "eta_hours_std": 0.0007, "loss": 0.65394, "loss_std": 0.01716, "lr": 2e-05, "lr_std": 0.0, "params": 6183.0, "params_std": 0.0, "time_iter": 0.04316, "time_iter_std": 0.00042, "accuracy": 0.6215, "accuracy_std": 0.01705, "accuracy_max": 0.638, "precision": 0.63602, "precision_std": 0.02266, "recall": 0.5919, "recall_std": 0.00856, "f1": 0.61294, "f1_std": 0.01154, "auc": 0.65954, "auc_std": 0.0272}
{"epoch": 92, "time_epoch": 5.38571, "time_epoch_std": 0.04613, "eta": 40.05014, "eta_std": 2.18195, "eta_hours": 0.01113, "eta_hours_std": 0.0006, "loss": 0.66214, "loss_std": 0.01992, "lr": 2e-05, "lr_std": 0.0, "params": 6183.0, "params_std": 0.0, "time_iter": 0.04309, "time_iter_std": 0.00037, "accuracy": 0.607, "accuracy_std": 0.02317, "accuracy_max": 0.642, "precision": 0.62068, "precision_std": 0.03142, "recall": 0.58004, "recall_std": 0.0138, "f1": 0.59923, "f1_std": 0.01635, "auc": 0.64374, "auc_std": 0.02659}
{"epoch": 93, "time_epoch": 5.3944, "time_epoch_std": 0.04983, "eta": 34.30782, "eta_std": 1.8521, "eta_hours": 0.00953, "eta_hours_std": 0.00051, "loss": 0.6535, "loss_std": 0.00754, "lr": 1e-05, "lr_std": 0.0, "params": 6183.0, "params_std": 0.0, "time_iter": 0.04315, "time_iter_std": 0.0004, "accuracy": 0.609, "accuracy_std": 0.00574, "accuracy_max": 0.616, "precision": 0.61911, "precision_std": 0.00898, "recall": 0.5919, "recall_std": 0.01819, "f1": 0.60494, "f1_std": 0.00768, "auc": 0.65269, "auc_std": 0.01261}
{"epoch": 94, "time_epoch": 5.38272, "time_epoch_std": 0.05852, "eta": 28.5722, "eta_std": 1.52932, "eta_hours": 0.00794, "eta_hours_std": 0.00043, "loss": 0.66547, "loss_std": 0.01852, "lr": 1e-05, "lr_std": 0.0, "params": 6183.0, "params_std": 0.0, "time_iter": 0.04306, "time_iter_std": 0.00047, "accuracy": 0.61, "accuracy_std": 0.01673, "accuracy_max": 0.626, "precision": 0.62597, "precision_std": 0.02062, "recall": 0.57114, "recall_std": 0.02064, "f1": 0.59706, "f1_std": 0.01666, "auc": 0.64261, "auc_std": 0.02659}
{"epoch": 95, "time_epoch": 5.38395, "time_epoch_std": 0.04857, "eta": 22.844, "eta_std": 1.21177, "eta_hours": 0.00635, "eta_hours_std": 0.00034, "loss": 0.65796, "loss_std": 0.01893, "lr": 1e-05, "lr_std": 0.0, "params": 6183.0, "params_std": 0.0, "time_iter": 0.04307, "time_iter_std": 0.00039, "accuracy": 0.6235, "accuracy_std": 0.03109, "accuracy_max": 0.666, "precision": 0.63153, "precision_std": 0.03122, "recall": 0.61364, "recall_std": 0.03805, "f1": 0.62232, "f1_std": 0.03381, "auc": 0.65365, "auc_std": 0.0331}
{"epoch": 96, "time_epoch": 5.39482, "time_epoch_std": 0.05231, "eta": 17.12322, "eta_std": 0.90025, "eta_hours": 0.00475, "eta_hours_std": 0.00025, "loss": 0.6633, "loss_std": 0.01205, "lr": 0.0, "lr_std": 0.0, "params": 6183.0, "params_std": 0.0, "time_iter": 0.04316, "time_iter_std": 0.00042, "accuracy": 0.601, "accuracy_std": 0.02283, "accuracy_max": 0.63, "precision": 0.61468, "precision_std": 0.02607, "recall": 0.56818, "recall_std": 0.028, "f1": 0.59024, "f1_std": 0.02407, "auc": 0.64282, "auc_std": 0.02312}
{"epoch": 97, "time_epoch": 5.39574, "time_epoch_std": 0.04743, "eta": 11.40911, "eta_std": 0.59457, "eta_hours": 0.00317, "eta_hours_std": 0.00017, "loss": 0.6622, "loss_std": 0.01365, "lr": 0.0, "lr_std": 0.0, "params": 6183.0, "params_std": 0.0, "time_iter": 0.04317, "time_iter_std": 0.00038, "accuracy": 0.6085, "accuracy_std": 0.01652, "accuracy_max": 0.632, "precision": 0.62191, "precision_std": 0.0213, "recall": 0.58004, "recall_std": 0.02117, "f1": 0.59986, "f1_std": 0.01492, "auc": 0.63927, "auc_std": 0.01656}
{"epoch": 98, "time_epoch": 5.3812, "time_epoch_std": 0.04851, "eta": 5.70129, "eta_std": 0.29442, "eta_hours": 0.00158, "eta_hours_std": 8e-05, "loss": 0.66976, "loss_std": 0.02158, "lr": 0.0, "lr_std": 0.0, "params": 6183.0, "params_std": 0.0, "time_iter": 0.04305, "time_iter_std": 0.00039, "accuracy": 0.608, "accuracy_std": 0.01536, "accuracy_max": 0.634, "precision": 0.62028, "precision_std": 0.01973, "recall": 0.583, "recall_std": 0.00906, "f1": 0.60092, "f1_std": 0.01146, "auc": 0.64682, "auc_std": 0.01899}
{"epoch": 99, "time_epoch": 5.38667, "time_epoch_std": 0.04683, "eta": 0.0, "eta_std": 0.0, "eta_hours": 0.0, "eta_hours_std": 0.0, "loss": 0.6684, "loss_std": 0.00972, "lr": 0.0, "lr_std": 0.0, "params": 6183.0, "params_std": 0.0, "time_iter": 0.04309, "time_iter_std": 0.00037, "accuracy": 0.601, "accuracy_std": 0.02468, "accuracy_max": 0.628, "precision": 0.60886, "precision_std": 0.02576, "recall": 0.5919, "recall_std": 0.0249, "f1": 0.6002, "f1_std": 0.02454, "auc": 0.64055, "auc_std": 0.01429}
