{"epoch": 0, "time_epoch": 18.98205, "eta": 1879.22342, "eta_hours": 0.52201, "loss": 0.67509364, "lr": 0.001, "params": 6215, "time_iter": 0.54234, "accuracy": 0.60971, "precision": 1.0, "recall": 0.00459, "f1": 0.00913, "auc": 0.6595}
{"epoch": 1, "time_epoch": 1.62002, "eta": 1009.50146, "eta_hours": 0.28042, "loss": 0.64274226, "lr": 0.00099975, "params": 6215, "time_iter": 0.04629, "accuracy": 0.67626, "precision": 0.65833, "recall": 0.36239, "f1": 0.46746, "auc": 0.7228}
{"epoch": 2, "time_epoch": 1.82028, "eta": 724.98923, "eta_hours": 0.20139, "loss": 0.5922062, "lr": 0.00099901, "params": 6215, "time_iter": 0.05201, "accuracy": 0.71763, "precision": 0.69677, "recall": 0.49541, "f1": 0.57909, "auc": 0.75398}
{"epoch": 3, "time_epoch": 1.545, "eta": 575.21623, "eta_hours": 0.15978, "loss": 0.57632142, "lr": 0.00099778, "params": 6215, "time_iter": 0.04414, "accuracy": 0.70863, "precision": 0.675, "recall": 0.49541, "f1": 0.57143, "auc": 0.75384}
{"epoch": 4, "time_epoch": 1.72983, "eta": 488.24624, "eta_hours": 0.13562, "loss": 0.55960486, "lr": 0.00099606, "params": 6215, "time_iter": 0.04942, "accuracy": 0.71043, "precision": 0.67485, "recall": 0.50459, "f1": 0.57743, "auc": 0.7774}
{"epoch": 5, "time_epoch": 1.84555, "eta": 431.50266, "eta_hours": 0.11986, "loss": 0.56961141, "lr": 0.00099384, "params": 6215, "time_iter": 0.05273, "accuracy": 0.69424, "precision": 0.69048, "recall": 0.39908, "f1": 0.50581, "auc": 0.76213}
{"epoch": 6, "time_epoch": 1.66338, "eta": 388.024, "eta_hours": 0.10778, "loss": 0.55587335, "lr": 0.00099114, "params": 6215, "time_iter": 0.04753, "accuracy": 0.72662, "precision": 0.68539, "recall": 0.55963, "f1": 0.61616, "auc": 0.77569}
{"epoch": 7, "time_epoch": 1.69675, "eta": 355.38291, "eta_hours": 0.09872, "loss": 0.53389437, "lr": 0.00098796, "params": 6215, "time_iter": 0.04848, "accuracy": 0.75, "precision": 0.75484, "recall": 0.5367, "f1": 0.62735, "auc": 0.79765}
{"epoch": 8, "time_epoch": 1.78894, "eta": 330.5504, "eta_hours": 0.09182, "loss": 0.52847347, "lr": 0.00098429, "params": 6215, "time_iter": 0.05111, "accuracy": 0.7464, "precision": 0.73913, "recall": 0.54587, "f1": 0.62797, "auc": 0.7954}
{"epoch": 9, "time_epoch": 1.66989, "eta": 309.25515, "eta_hours": 0.0859, "loss": 0.53585655, "lr": 0.00098015, "params": 6215, "time_iter": 0.04771, "accuracy": 0.7464, "precision": 0.73054, "recall": 0.55963, "f1": 0.63377, "auc": 0.78744}
{"epoch": 10, "time_epoch": 1.45648, "eta": 289.80148, "eta_hours": 0.0805, "loss": 0.54493197, "lr": 0.00097553, "params": 6215, "time_iter": 0.04161, "accuracy": 0.72842, "precision": 0.71069, "recall": 0.51835, "f1": 0.59947, "auc": 0.77944}
{"epoch": 11, "time_epoch": 1.86123, "eta": 276.3155, "eta_hours": 0.07675, "loss": 0.52806087, "lr": 0.00097044, "params": 6215, "time_iter": 0.05318, "accuracy": 0.7446, "precision": 0.71839, "recall": 0.57339, "f1": 0.63776, "auc": 0.79888}
{"epoch": 12, "time_epoch": 1.82559, "eta": 264.37946, "eta_hours": 0.07344, "loss": 0.53432208, "lr": 0.00096489, "params": 6215, "time_iter": 0.05216, "accuracy": 0.73921, "precision": 0.72671, "recall": 0.5367, "f1": 0.61741, "auc": 0.79556}
{"epoch": 13, "time_epoch": 1.70881, "eta": 253.17043, "eta_hours": 0.07033, "loss": 0.53107191, "lr": 0.00095888, "params": 6215, "time_iter": 0.04882, "accuracy": 0.74281, "precision": 0.71676, "recall": 0.56881, "f1": 0.63427, "auc": 0.80301}
{"epoch": 14, "time_epoch": 1.89105, "eta": 244.26078, "eta_hours": 0.06785, "loss": 0.52629121, "lr": 0.00095241, "params": 6215, "time_iter": 0.05403, "accuracy": 0.72842, "precision": 0.7006, "recall": 0.5367, "f1": 0.60779, "auc": 0.79891}
{"epoch": 15, "time_epoch": 1.72521, "eta": 235.3578, "eta_hours": 0.06538, "loss": 0.51291996, "lr": 0.0009455, "params": 6215, "time_iter": 0.04929, "accuracy": 0.77338, "precision": 0.75, "recall": 0.63303, "f1": 0.68657, "auc": 0.8136}
{"epoch": 16, "time_epoch": 1.78904, "eta": 227.61087, "eta_hours": 0.06323, "loss": 0.51135304, "lr": 0.00093815, "params": 6215, "time_iter": 0.05112, "accuracy": 0.77158, "precision": 0.77246, "recall": 0.59174, "f1": 0.67013, "auc": 0.81612}
{"epoch": 17, "time_epoch": 1.59901, "eta": 219.66024, "eta_hours": 0.06102, "loss": 0.50572842, "lr": 0.00093037, "params": 6215, "time_iter": 0.04569, "accuracy": 0.7482, "precision": 0.76351, "recall": 0.51835, "f1": 0.61749, "auc": 0.8201}
{"epoch": 18, "time_epoch": 1.66583, "eta": 212.66309, "eta_hours": 0.05907, "loss": 0.52175298, "lr": 0.00092216, "params": 6215, "time_iter": 0.0476, "accuracy": 0.75719, "precision": 0.72432, "recall": 0.61468, "f1": 0.66501, "auc": 0.80581}
{"epoch": 19, "time_epoch": 1.72338, "eta": 206.42925, "eta_hours": 0.05734, "loss": 0.50239912, "lr": 0.00091354, "params": 6215, "time_iter": 0.04924, "accuracy": 0.76259, "precision": 0.75, "recall": 0.59174, "f1": 0.66154, "auc": 0.8174}
{"epoch": 20, "time_epoch": 1.65673, "eta": 200.37425, "eta_hours": 0.05566, "loss": 0.52319689, "lr": 0.00090451, "params": 6215, "time_iter": 0.04734, "accuracy": 0.75, "precision": 0.74534, "recall": 0.55046, "f1": 0.63325, "auc": 0.80294}
{"epoch": 21, "time_epoch": 1.85986, "eta": 195.43928, "eta_hours": 0.05429, "loss": 0.52000941, "lr": 0.00089508, "params": 6215, "time_iter": 0.05314, "accuracy": 0.73201, "precision": 0.69274, "recall": 0.56881, "f1": 0.62469, "auc": 0.80184}
{"epoch": 22, "time_epoch": 1.676, "eta": 190.15619, "eta_hours": 0.05282, "loss": 0.51674625, "lr": 0.00088526, "params": 6215, "time_iter": 0.04789, "accuracy": 0.73201, "precision": 0.69492, "recall": 0.56422, "f1": 0.62278, "auc": 0.81042}
{"epoch": 23, "time_epoch": 1.79498, "eta": 185.55046, "eta_hours": 0.05154, "loss": 0.518988, "lr": 0.00087506, "params": 6215, "time_iter": 0.05129, "accuracy": 0.7446, "precision": 0.7375, "recall": 0.54128, "f1": 0.62434, "auc": 0.8004}
{"epoch": 24, "time_epoch": 1.72869, "eta": 180.97072, "eta_hours": 0.05027, "loss": 0.51292198, "lr": 0.00086448, "params": 6215, "time_iter": 0.04939, "accuracy": 0.76619, "precision": 0.75, "recall": 0.6055, "f1": 0.67005, "auc": 0.80655}
{"epoch": 25, "time_epoch": 2.0337, "eta": 177.47839, "eta_hours": 0.0493, "loss": 0.50738389, "lr": 0.00085355, "params": 6215, "time_iter": 0.05811, "accuracy": 0.75899, "precision": 0.74419, "recall": 0.58716, "f1": 0.65641, "auc": 0.81137}
{"epoch": 26, "time_epoch": 1.72732, "eta": 173.26576, "eta_hours": 0.04813, "loss": 0.5030592, "lr": 0.00084227, "params": 6215, "time_iter": 0.04935, "accuracy": 0.76978, "precision": 0.76786, "recall": 0.59174, "f1": 0.66839, "auc": 0.82018}
{"epoch": 27, "time_epoch": 1.369, "eta": 168.30926, "eta_hours": 0.04675, "loss": 0.50269677, "lr": 0.00083066, "params": 6215, "time_iter": 0.03911, "accuracy": 0.76259, "precision": 0.74432, "recall": 0.60092, "f1": 0.66497, "auc": 0.81322}
{"epoch": 28, "time_epoch": 1.84494, "eta": 164.76538, "eta_hours": 0.04577, "loss": 0.51026069, "lr": 0.00081871, "params": 6215, "time_iter": 0.05271, "accuracy": 0.73381, "precision": 0.70349, "recall": 0.55505, "f1": 0.62051, "auc": 0.80624}
{"epoch": 29, "time_epoch": 1.654, "eta": 160.88925, "eta_hours": 0.04469, "loss": 0.50248855, "lr": 0.00080645, "params": 6215, "time_iter": 0.04726, "accuracy": 0.76259, "precision": 0.72872, "recall": 0.62844, "f1": 0.67488, "auc": 0.81573}
{"epoch": 30, "time_epoch": 1.69002, "eta": 157.23665, "eta_hours": 0.04368, "loss": 0.4857869, "lr": 0.00079389, "params": 6215, "time_iter": 0.04829, "accuracy": 0.77158, "precision": 0.77246, "recall": 0.59174, "f1": 0.67013, "auc": 0.83045}
{"epoch": 31, "time_epoch": 1.8123, "eta": 153.96657, "eta_hours": 0.04277, "loss": 0.48948465, "lr": 0.00078104, "params": 6215, "time_iter": 0.05178, "accuracy": 0.76619, "precision": 0.74719, "recall": 0.61009, "f1": 0.67172, "auc": 0.83097}
{"epoch": 32, "time_epoch": 1.93434, "eta": 151.03261, "eta_hours": 0.04195, "loss": 0.50698895, "lr": 0.00076791, "params": 6215, "time_iter": 0.05527, "accuracy": 0.7554, "precision": 0.71809, "recall": 0.61927, "f1": 0.66502, "auc": 0.81471}
{"epoch": 33, "time_epoch": 1.5937, "eta": 147.49621, "eta_hours": 0.04097, "loss": 0.51063005, "lr": 0.00075452, "params": 6215, "time_iter": 0.04553, "accuracy": 0.7482, "precision": 0.72159, "recall": 0.58257, "f1": 0.64467, "auc": 0.80756}
{"epoch": 34, "time_epoch": 1.69337, "eta": 144.25593, "eta_hours": 0.04007, "loss": 0.49708315, "lr": 0.00074088, "params": 6215, "time_iter": 0.04838, "accuracy": 0.7482, "precision": 0.70968, "recall": 0.6055, "f1": 0.65347, "auc": 0.82422}
{"epoch": 35, "time_epoch": 1.69193, "eta": 141.09901, "eta_hours": 0.03919, "loss": 0.49260724, "lr": 0.000727, "params": 6215, "time_iter": 0.04834, "accuracy": 0.76079, "precision": 0.72487, "recall": 0.62844, "f1": 0.67322, "auc": 0.8251}
{"epoch": 36, "time_epoch": 1.74575, "eta": 138.11293, "eta_hours": 0.03836, "loss": 0.50068322, "lr": 0.00071289, "params": 6215, "time_iter": 0.04988, "accuracy": 0.75899, "precision": 0.73596, "recall": 0.60092, "f1": 0.66162, "auc": 0.81889}
{"epoch": 37, "time_epoch": 1.60151, "eta": 134.9568, "eta_hours": 0.03749, "loss": 0.49529446, "lr": 0.00069857, "params": 6215, "time_iter": 0.04576, "accuracy": 0.75899, "precision": 0.74138, "recall": 0.59174, "f1": 0.65816, "auc": 0.82426}
{"epoch": 38, "time_epoch": 1.80672, "eta": 132.20135, "eta_hours": 0.03672, "loss": 0.4966246, "lr": 0.00068406, "params": 6215, "time_iter": 0.05162, "accuracy": 0.76978, "precision": 0.76471, "recall": 0.59633, "f1": 0.6701, "auc": 0.82143}
{"epoch": 39, "time_epoch": 1.71329, "eta": 129.35321, "eta_hours": 0.03593, "loss": 0.50038651, "lr": 0.00066937, "params": 6215, "time_iter": 0.04895, "accuracy": 0.7554, "precision": 0.70707, "recall": 0.6422, "f1": 0.67308, "auc": 0.81983}
{"epoch": 40, "time_epoch": 1.51218, "eta": 126.27101, "eta_hours": 0.03508, "loss": 0.49230341, "lr": 0.00065451, "params": 6215, "time_iter": 0.04321, "accuracy": 0.76259, "precision": 0.73889, "recall": 0.61009, "f1": 0.66834, "auc": 0.82331}
{"epoch": 41, "time_epoch": 1.77218, "eta": 123.62262, "eta_hours": 0.03434, "loss": 0.49470035, "lr": 0.0006395, "params": 6215, "time_iter": 0.05063, "accuracy": 0.76439, "precision": 0.75145, "recall": 0.59633, "f1": 0.66496, "auc": 0.82493}
{"epoch": 42, "time_epoch": 1.55911, "eta": 120.73254, "eta_hours": 0.03354, "loss": 0.50454634, "lr": 0.00062434, "params": 6215, "time_iter": 0.04455, "accuracy": 0.7482, "precision": 0.69118, "recall": 0.64679, "f1": 0.66825, "auc": 0.81558}
{"epoch": 43, "time_epoch": 1.52095, "eta": 117.8544, "eta_hours": 0.03274, "loss": 0.48909013, "lr": 0.00060907, "params": 6215, "time_iter": 0.04346, "accuracy": 0.76978, "precision": 0.73936, "recall": 0.63761, "f1": 0.68473, "auc": 0.82574}
{"epoch": 44, "time_epoch": 1.69252, "eta": 115.24628, "eta_hours": 0.03201, "loss": 0.50428401, "lr": 0.00059369, "params": 6215, "time_iter": 0.04836, "accuracy": 0.76978, "precision": 0.77439, "recall": 0.58257, "f1": 0.66492, "auc": 0.81137}
{"epoch": 45, "time_epoch": 1.89082, "eta": 112.91075, "eta_hours": 0.03136, "loss": 0.48832001, "lr": 0.00057822, "params": 6215, "time_iter": 0.05402, "accuracy": 0.77338, "precision": 0.74211, "recall": 0.64679, "f1": 0.69118, "auc": 0.82429}
{"epoch": 46, "time_epoch": 1.57625, "eta": 110.23941, "eta_hours": 0.03062, "loss": 0.51230738, "lr": 0.00056267, "params": 6215, "time_iter": 0.04504, "accuracy": 0.77518, "precision": 0.76879, "recall": 0.61009, "f1": 0.68031, "auc": 0.80701}
{"epoch": 47, "time_epoch": 1.45627, "eta": 107.48373, "eta_hours": 0.02986, "loss": 0.47388654, "lr": 0.00054705, "params": 6215, "time_iter": 0.04161, "accuracy": 0.77698, "precision": 0.74737, "recall": 0.65138, "f1": 0.69608, "auc": 0.838}
{"epoch": 48, "time_epoch": 1.8263, "eta": 105.16621, "eta_hours": 0.02921, "loss": 0.48406216, "lr": 0.0005314, "params": 6215, "time_iter": 0.05218, "accuracy": 0.76978, "precision": 0.72277, "recall": 0.66972, "f1": 0.69524, "auc": 0.82956}
{"epoch": 49, "time_epoch": 1.60024, "eta": 102.64229, "eta_hours": 0.02851, "loss": 0.48415305, "lr": 0.00051571, "params": 6215, "time_iter": 0.04572, "accuracy": 0.76259, "precision": 0.72632, "recall": 0.63303, "f1": 0.67647, "auc": 0.82808}
{"epoch": 50, "time_epoch": 1.58567, "eta": 100.14059, "eta_hours": 0.02782, "loss": 0.50469463, "lr": 0.0005, "params": 6215, "time_iter": 0.0453, "accuracy": 0.76439, "precision": 0.72775, "recall": 0.63761, "f1": 0.67971, "auc": 0.8122}
{"epoch": 51, "time_epoch": 1.98928, "eta": 98.04668, "eta_hours": 0.02724, "loss": 0.49104377, "lr": 0.00048429, "params": 6215, "time_iter": 0.05684, "accuracy": 0.75899, "precision": 0.73596, "recall": 0.60092, "f1": 0.66162, "auc": 0.822}
{"epoch": 52, "time_epoch": 1.55276, "eta": 95.56962, "eta_hours": 0.02655, "loss": 0.48921823, "lr": 0.0004686, "params": 6215, "time_iter": 0.04436, "accuracy": 0.75719, "precision": 0.71503, "recall": 0.63303, "f1": 0.67153, "auc": 0.82802}
{"epoch": 53, "time_epoch": 1.71708, "eta": 93.26677, "eta_hours": 0.02591, "loss": 0.4931026, "lr": 0.00045295, "params": 6215, "time_iter": 0.04906, "accuracy": 0.76799, "precision": 0.7486, "recall": 0.61468, "f1": 0.67506, "auc": 0.82075}
{"epoch": 54, "time_epoch": 1.61633, "eta": 90.90279, "eta_hours": 0.02525, "loss": 0.50198595, "lr": 0.00043733, "params": 6215, "time_iter": 0.04618, "accuracy": 0.75719, "precision": 0.72432, "recall": 0.61468, "f1": 0.66501, "auc": 0.81779}
{"epoch": 55, "time_epoch": 1.42595, "eta": 88.41592, "eta_hours": 0.02456, "loss": 0.48705624, "lr": 0.00042178, "params": 6215, "time_iter": 0.04074, "accuracy": 0.76619, "precision": 0.73656, "recall": 0.62844, "f1": 0.67822, "auc": 0.82843}
{"epoch": 56, "time_epoch": 1.56347, "eta": 86.07002, "eta_hours": 0.02391, "loss": 0.48341031, "lr": 0.00040631, "params": 6215, "time_iter": 0.04467, "accuracy": 0.76619, "precision": 0.72449, "recall": 0.65138, "f1": 0.68599, "auc": 0.83213}
{"epoch": 57, "time_epoch": 1.57479, "eta": 83.75931, "eta_hours": 0.02327, "loss": 0.49159778, "lr": 0.00039093, "params": 6215, "time_iter": 0.04499, "accuracy": 0.76439, "precision": 0.74033, "recall": 0.61468, "f1": 0.67168, "auc": 0.82266}
{"epoch": 58, "time_epoch": 1.66744, "eta": 81.53792, "eta_hours": 0.02265, "loss": 0.48469762, "lr": 0.00037566, "params": 6215, "time_iter": 0.04764, "accuracy": 0.77158, "precision": 0.74332, "recall": 0.63761, "f1": 0.68642, "auc": 0.82873}
{"epoch": 59, "time_epoch": 1.41763, "eta": 79.16845, "eta_hours": 0.02199, "loss": 0.47706833, "lr": 0.0003605, "params": 6215, "time_iter": 0.0405, "accuracy": 0.77698, "precision": 0.76705, "recall": 0.61927, "f1": 0.68528, "auc": 0.83345}
{"epoch": 60, "time_epoch": 1.61912, "eta": 76.95902, "eta_hours": 0.02138, "loss": 0.49130276, "lr": 0.00034549, "params": 6215, "time_iter": 0.04626, "accuracy": 0.7518, "precision": 0.71505, "recall": 0.61009, "f1": 0.65842, "auc": 0.82335}
{"epoch": 61, "time_epoch": 1.73452, "eta": 74.83936, "eta_hours": 0.02079, "loss": 0.48056777, "lr": 0.00033063, "params": 6215, "time_iter": 0.04956, "accuracy": 0.76259, "precision": 0.72396, "recall": 0.63761, "f1": 0.67805, "auc": 0.83427}
{"epoch": 62, "time_epoch": 1.68674, "eta": 72.70386, "eta_hours": 0.0202, "loss": 0.48335879, "lr": 0.00031594, "params": 6215, "time_iter": 0.04819, "accuracy": 0.75899, "precision": 0.72581, "recall": 0.61927, "f1": 0.66832, "auc": 0.82973}
{"epoch": 63, "time_epoch": 1.59888, "eta": 70.53297, "eta_hours": 0.01959, "loss": 0.48838474, "lr": 0.00030143, "params": 6215, "time_iter": 0.04568, "accuracy": 0.7554, "precision": 0.74405, "recall": 0.57339, "f1": 0.64767, "auc": 0.82208}
{"epoch": 64, "time_epoch": 1.5467, "eta": 68.35157, "eta_hours": 0.01899, "loss": 0.47819229, "lr": 0.00028711, "params": 6215, "time_iter": 0.04419, "accuracy": 0.77698, "precision": 0.75269, "recall": 0.6422, "f1": 0.69307, "auc": 0.83178}
{"epoch": 65, "time_epoch": 1.65424, "eta": 66.24481, "eta_hours": 0.0184, "loss": 0.48425605, "lr": 0.000273, "params": 6215, "time_iter": 0.04726, "accuracy": 0.77158, "precision": 0.75419, "recall": 0.61927, "f1": 0.6801, "auc": 0.82724}
{"epoch": 66, "time_epoch": 1.71795, "eta": 64.18294, "eta_hours": 0.01783, "loss": 0.48408187, "lr": 0.00025912, "params": 6215, "time_iter": 0.04908, "accuracy": 0.78237, "precision": 0.77095, "recall": 0.63303, "f1": 0.69521, "auc": 0.8282}
{"epoch": 67, "time_epoch": 1.42395, "eta": 61.99283, "eta_hours": 0.01722, "loss": 0.48791492, "lr": 0.00024548, "params": 6215, "time_iter": 0.04068, "accuracy": 0.76439, "precision": 0.72308, "recall": 0.64679, "f1": 0.68281, "auc": 0.82756}
{"epoch": 68, "time_epoch": 1.89367, "eta": 60.03597, "eta_hours": 0.01668, "loss": 0.47972381, "lr": 0.00023209, "params": 6215, "time_iter": 0.0541, "accuracy": 0.77158, "precision": 0.75138, "recall": 0.62385, "f1": 0.6817, "auc": 0.83653}
{"epoch": 69, "time_epoch": 1.66909, "eta": 57.98465, "eta_hours": 0.01611, "loss": 0.48575569, "lr": 0.00021896, "params": 6215, "time_iter": 0.04769, "accuracy": 0.77158, "precision": 0.74332, "recall": 0.63761, "f1": 0.68642, "auc": 0.82528}
{"epoch": 70, "time_epoch": 1.46484, "eta": 55.86068, "eta_hours": 0.01552, "loss": 0.50051593, "lr": 0.00020611, "params": 6215, "time_iter": 0.04185, "accuracy": 0.76259, "precision": 0.7337, "recall": 0.61927, "f1": 0.67164, "auc": 0.81073}
{"epoch": 71, "time_epoch": 1.70783, "eta": 53.84952, "eta_hours": 0.01496, "loss": 0.47866906, "lr": 0.00019355, "params": 6215, "time_iter": 0.0488, "accuracy": 0.77158, "precision": 0.75138, "recall": 0.62385, "f1": 0.6817, "auc": 0.83276}
{"epoch": 72, "time_epoch": 1.75861, "eta": 51.86545, "eta_hours": 0.01441, "loss": 0.47911542, "lr": 0.00018129, "params": 6215, "time_iter": 0.05025, "accuracy": 0.78058, "precision": 0.76966, "recall": 0.62844, "f1": 0.69192, "auc": 0.83276}
{"epoch": 73, "time_epoch": 1.59981, "eta": 49.83168, "eta_hours": 0.01384, "loss": 0.48334305, "lr": 0.00016934, "params": 6215, "time_iter": 0.04571, "accuracy": 0.77158, "precision": 0.74332, "recall": 0.63761, "f1": 0.68642, "auc": 0.83078}
{"epoch": 74, "time_epoch": 1.67732, "eta": 47.83531, "eta_hours": 0.01329, "loss": 0.50088126, "lr": 0.00015773, "params": 6215, "time_iter": 0.04792, "accuracy": 0.76439, "precision": 0.73514, "recall": 0.62385, "f1": 0.67494, "auc": 0.81332}
{"epoch": 75, "time_epoch": 1.6356, "eta": 45.83417, "eta_hours": 0.01273, "loss": 0.48677019, "lr": 0.00014645, "params": 6215, "time_iter": 0.04673, "accuracy": 0.76439, "precision": 0.74576, "recall": 0.6055, "f1": 0.66835, "auc": 0.82137}
{"epoch": 76, "time_epoch": 1.34694, "eta": 43.7563, "eta_hours": 0.01215, "loss": 0.49003583, "lr": 0.00013552, "params": 6215, "time_iter": 0.03848, "accuracy": 0.77878, "precision": 0.76536, "recall": 0.62844, "f1": 0.69018, "auc": 0.82451}
{"epoch": 77, "time_epoch": 1.66204, "eta": 41.78604, "eta_hours": 0.01161, "loss": 0.47449645, "lr": 0.00012494, "params": 6215, "time_iter": 0.04749, "accuracy": 0.77338, "precision": 0.74731, "recall": 0.63761, "f1": 0.68812, "auc": 0.83721}
{"epoch": 78, "time_epoch": 1.58115, "eta": 39.80209, "eta_hours": 0.01106, "loss": 0.48829838, "lr": 0.00011474, "params": 6215, "time_iter": 0.04518, "accuracy": 0.76439, "precision": 0.72539, "recall": 0.6422, "f1": 0.68127, "auc": 0.82377}
{"epoch": 79, "time_epoch": 1.31566, "eta": 37.76183, "eta_hours": 0.01049, "loss": 0.47173948, "lr": 0.00010492, "params": 6215, "time_iter": 0.03759, "accuracy": 0.76978, "precision": 0.75281, "recall": 0.61468, "f1": 0.67677, "auc": 0.84085}
{"epoch": 80, "time_epoch": 1.39878, "eta": 35.75896, "eta_hours": 0.00993, "loss": 0.48650293, "lr": 9.549e-05, "params": 6215, "time_iter": 0.03997, "accuracy": 0.76799, "precision": 0.72589, "recall": 0.65596, "f1": 0.68916, "auc": 0.82652}
{"epoch": 81, "time_epoch": 1.68972, "eta": 33.83469, "eta_hours": 0.0094, "loss": 0.4775577, "lr": 8.646e-05, "params": 6215, "time_iter": 0.04828, "accuracy": 0.77698, "precision": 0.75, "recall": 0.64679, "f1": 0.69458, "auc": 0.83155}
{"epoch": 82, "time_epoch": 1.62268, "eta": 31.90234, "eta_hours": 0.00886, "loss": 0.48095997, "lr": 7.784e-05, "params": 6215, "time_iter": 0.04636, "accuracy": 0.78237, "precision": 0.75936, "recall": 0.65138, "f1": 0.70123, "auc": 0.82551}
{"epoch": 83, "time_epoch": 1.49692, "eta": 29.95341, "eta_hours": 0.00832, "loss": 0.48227304, "lr": 6.963e-05, "params": 6215, "time_iter": 0.04277, "accuracy": 0.78237, "precision": 0.76503, "recall": 0.6422, "f1": 0.69825, "auc": 0.82789}
{"epoch": 84, "time_epoch": 1.6851, "eta": 28.04833, "eta_hours": 0.00779, "loss": 0.47388161, "lr": 6.185e-05, "params": 6215, "time_iter": 0.04815, "accuracy": 0.78058, "precision": 0.75, "recall": 0.66055, "f1": 0.70244, "auc": 0.83771}
{"epoch": 85, "time_epoch": 1.66041, "eta": 26.14434, "eta_hours": 0.00726, "loss": 0.49034537, "lr": 5.45e-05, "params": 6215, "time_iter": 0.04744, "accuracy": 0.7464, "precision": 0.70588, "recall": 0.6055, "f1": 0.65185, "auc": 0.82327}
{"epoch": 86, "time_epoch": 1.3072, "eta": 24.19317, "eta_hours": 0.00672, "loss": 0.47486358, "lr": 4.759e-05, "params": 6215, "time_iter": 0.03735, "accuracy": 0.77878, "precision": 0.75132, "recall": 0.65138, "f1": 0.69779, "auc": 0.83356}
{"epoch": 87, "time_epoch": 1.4405, "eta": 22.27481, "eta_hours": 0.00619, "loss": 0.47407724, "lr": 4.112e-05, "params": 6215, "time_iter": 0.04116, "accuracy": 0.76799, "precision": 0.74317, "recall": 0.62385, "f1": 0.6783, "auc": 0.83629}
{"epoch": 88, "time_epoch": 1.68603, "eta": 20.39754, "eta_hours": 0.00567, "loss": 0.47839116, "lr": 3.511e-05, "params": 6215, "time_iter": 0.04817, "accuracy": 0.77158, "precision": 0.74074, "recall": 0.6422, "f1": 0.68796, "auc": 0.83308}
{"epoch": 89, "time_epoch": 1.73432, "eta": 18.52989, "eta_hours": 0.00515, "loss": 0.48777085, "lr": 2.956e-05, "params": 6215, "time_iter": 0.04955, "accuracy": 0.77698, "precision": 0.75543, "recall": 0.63761, "f1": 0.69154, "auc": 0.82402}
{"epoch": 90, "time_epoch": 1.77459, "eta": 16.66914, "eta_hours": 0.00463, "loss": 0.47825365, "lr": 2.447e-05, "params": 6215, "time_iter": 0.0507, "accuracy": 0.76439, "precision": 0.73514, "recall": 0.62385, "f1": 0.67494, "auc": 0.83538}
{"epoch": 91, "time_epoch": 1.7899, "eta": 14.81161, "eta_hours": 0.00411, "loss": 0.49673032, "lr": 1.985e-05, "params": 6215, "time_iter": 0.05114, "accuracy": 0.77518, "precision": 0.74346, "recall": 0.65138, "f1": 0.69438, "auc": 0.81491}
{"epoch": 92, "time_epoch": 1.69527, "eta": 12.9484, "eta_hours": 0.0036, "loss": 0.47473482, "lr": 1.571e-05, "params": 6215, "time_iter": 0.04844, "accuracy": 0.78237, "precision": 0.75936, "recall": 0.65138, "f1": 0.70123, "auc": 0.83541}
{"epoch": 93, "time_epoch": 1.87456, "eta": 11.10021, "eta_hours": 0.00308, "loss": 0.49050798, "lr": 1.204e-05, "params": 6215, "time_iter": 0.05356, "accuracy": 0.7554, "precision": 0.72778, "recall": 0.60092, "f1": 0.65829, "auc": 0.82675}
{"epoch": 94, "time_epoch": 1.64808, "eta": 9.23955, "eta_hours": 0.00257, "loss": 0.4785979, "lr": 8.86e-06, "params": 6215, "time_iter": 0.04709, "accuracy": 0.77158, "precision": 0.75138, "recall": 0.62385, "f1": 0.6817, "auc": 0.83332}
{"epoch": 95, "time_epoch": 1.43058, "eta": 7.37425, "eta_hours": 0.00205, "loss": 0.49341437, "lr": 6.16e-06, "params": 6215, "time_iter": 0.04087, "accuracy": 0.77338, "precision": 0.74211, "recall": 0.64679, "f1": 0.69118, "auc": 0.81915}
{"epoch": 96, "time_epoch": 1.47023, "eta": 5.51914, "eta_hours": 0.00153, "loss": 0.48147402, "lr": 3.94e-06, "params": 6215, "time_iter": 0.04201, "accuracy": 0.76799, "precision": 0.73545, "recall": 0.63761, "f1": 0.68305, "auc": 0.83208}
{"epoch": 97, "time_epoch": 1.65432, "eta": 3.67564, "eta_hours": 0.00102, "loss": 0.49708981, "lr": 2.22e-06, "params": 6215, "time_iter": 0.04727, "accuracy": 0.76259, "precision": 0.73889, "recall": 0.61009, "f1": 0.66834, "auc": 0.81921}
{"epoch": 98, "time_epoch": 1.65067, "eta": 1.83593, "eta_hours": 0.00051, "loss": 0.46792373, "lr": 9.9e-07, "params": 6215, "time_iter": 0.04716, "accuracy": 0.77878, "precision": 0.74869, "recall": 0.65596, "f1": 0.69927, "auc": 0.83938}
{"epoch": 99, "time_epoch": 1.48218, "eta": 0.0, "eta_hours": 0.0, "loss": 0.48278649, "lr": 2.5e-07, "params": 6215, "time_iter": 0.04235, "accuracy": 0.75719, "precision": 0.71728, "recall": 0.62844, "f1": 0.66993, "auc": 0.82694}
