{"epoch": 0, "time_epoch": 5.68409, "eta": 562.72478, "eta_hours": 0.15631, "loss": 0.7241335, "lr": 0.001, "params": 9207, "time_iter": 0.56841, "accuracy": 0.33333, "precision": 0.0, "recall": 0.0, "f1": 0.0, "auc": 0.60947}
{"epoch": 1, "time_epoch": 6.82515, "eta": 612.95267, "eta_hours": 0.17026, "loss": 0.71515196, "lr": 0.00099975, "params": 9207, "time_iter": 0.68251, "accuracy": 0.33333, "precision": 0.0, "recall": 0.0, "f1": 0.0, "auc": 0.39349}
{"epoch": 2, "time_epoch": 1.64985, "eta": 457.81058, "eta_hours": 0.12717, "loss": 0.70158426, "lr": 0.00099901, "params": 9207, "time_iter": 0.16499, "accuracy": 0.33333, "precision": 0.0, "recall": 0.0, "f1": 0.0, "auc": 0.6213}
{"epoch": 3, "time_epoch": 0.37462, "eta": 348.80901, "eta_hours": 0.09689, "loss": 0.69644707, "lr": 0.00099778, "params": 9207, "time_iter": 0.03746, "accuracy": 0.33333, "precision": 0.5, "recall": 0.26923, "f1": 0.35, "auc": 0.3787}
{"epoch": 4, "time_epoch": 0.39589, "eta": 283.66243, "eta_hours": 0.0788, "loss": 0.68196117, "lr": 0.00099606, "params": 9207, "time_iter": 0.03959, "accuracy": 0.66667, "precision": 0.66667, "recall": 1.0, "f1": 0.8, "auc": 0.64201}
{"epoch": 5, "time_epoch": 0.3941, "eta": 240.07138, "eta_hours": 0.06669, "loss": 0.67925881, "lr": 0.00099384, "params": 9207, "time_iter": 0.03941, "accuracy": 0.66667, "precision": 0.66667, "recall": 1.0, "f1": 0.8, "auc": 0.42308}
{"epoch": 6, "time_epoch": 0.39881, "eta": 208.88487, "eta_hours": 0.05802, "loss": 0.6649999, "lr": 0.00099114, "params": 9207, "time_iter": 0.03988, "accuracy": 0.66667, "precision": 0.66667, "recall": 1.0, "f1": 0.8, "auc": 0.61834}
{"epoch": 7, "time_epoch": 0.4411, "eta": 185.88158, "eta_hours": 0.05163, "loss": 0.66311203, "lr": 0.00098796, "params": 9207, "time_iter": 0.04411, "accuracy": 0.66667, "precision": 0.66667, "recall": 1.0, "f1": 0.8, "auc": 0.56805}
{"epoch": 8, "time_epoch": 0.44969, "eta": 167.97893, "eta_hours": 0.04666, "loss": 0.6504592, "lr": 0.00098429, "params": 9207, "time_iter": 0.04497, "accuracy": 0.66667, "precision": 0.66667, "recall": 1.0, "f1": 0.8, "auc": 0.62426}
{"epoch": 9, "time_epoch": 0.43965, "eta": 153.47652, "eta_hours": 0.04263, "loss": 0.64147561, "lr": 0.00098015, "params": 9207, "time_iter": 0.04396, "accuracy": 0.66667, "precision": 0.66667, "recall": 1.0, "f1": 0.8, "auc": 0.64793}
{"epoch": 10, "time_epoch": 0.4439, "eta": 141.56538, "eta_hours": 0.03932, "loss": 0.62661857, "lr": 0.00097553, "params": 9207, "time_iter": 0.04439, "accuracy": 0.66667, "precision": 0.66667, "recall": 1.0, "f1": 0.8, "auc": 0.68343}
{"epoch": 11, "time_epoch": 0.43745, "eta": 131.51816, "eta_hours": 0.03653, "loss": 0.63022159, "lr": 0.00097044, "params": 9207, "time_iter": 0.04374, "accuracy": 0.66667, "precision": 0.66667, "recall": 1.0, "f1": 0.8, "auc": 0.57692}
{"epoch": 12, "time_epoch": 0.43757, "eta": 122.95015, "eta_hours": 0.03415, "loss": 0.61919409, "lr": 0.00096489, "params": 9207, "time_iter": 0.04376, "accuracy": 0.66667, "precision": 0.66667, "recall": 1.0, "f1": 0.8, "auc": 0.76627}
{"epoch": 13, "time_epoch": 0.44296, "eta": 115.57678, "eta_hours": 0.0321, "loss": 0.59589219, "lr": 0.00095888, "params": 9207, "time_iter": 0.0443, "accuracy": 0.66667, "precision": 0.66667, "recall": 1.0, "f1": 0.8, "auc": 0.74556}
{"epoch": 14, "time_epoch": 0.43711, "eta": 109.09429, "eta_hours": 0.0303, "loss": 0.56480908, "lr": 0.00095241, "params": 9207, "time_iter": 0.04371, "accuracy": 0.69231, "precision": 0.68421, "recall": 1.0, "f1": 0.8125, "auc": 0.81953}
{"epoch": 15, "time_epoch": 0.43451, "eta": 103.35381, "eta_hours": 0.02871, "loss": 0.54082493, "lr": 0.0009455, "params": 9207, "time_iter": 0.04345, "accuracy": 0.69231, "precision": 0.68421, "recall": 1.0, "f1": 0.8125, "auc": 0.84615}
{"epoch": 16, "time_epoch": 0.43929, "eta": 98.26092, "eta_hours": 0.02729, "loss": 0.47352163, "lr": 0.00093815, "params": 9207, "time_iter": 0.04393, "accuracy": 0.76923, "precision": 0.74286, "recall": 1.0, "f1": 0.85246, "auc": 0.93491}
{"epoch": 17, "time_epoch": 0.4423, "eta": 93.6988, "eta_hours": 0.02603, "loss": 0.45461302, "lr": 0.00093037, "params": 9207, "time_iter": 0.04423, "accuracy": 0.79487, "precision": 0.76471, "recall": 1.0, "f1": 0.86667, "auc": 0.89941}
{"epoch": 18, "time_epoch": 0.44112, "eta": 89.5653, "eta_hours": 0.02488, "loss": 0.36142209, "lr": 0.00092216, "params": 9207, "time_iter": 0.04411, "accuracy": 0.87179, "precision": 0.83871, "recall": 1.0, "f1": 0.91228, "auc": 0.97633}
{"epoch": 19, "time_epoch": 0.44354, "eta": 85.81072, "eta_hours": 0.02384, "loss": 0.36032505, "lr": 0.00091354, "params": 9207, "time_iter": 0.04435, "accuracy": 0.84615, "precision": 0.8125, "recall": 1.0, "f1": 0.89655, "auc": 0.94379}
{"epoch": 20, "time_epoch": 0.44128, "eta": 82.36299, "eta_hours": 0.02288, "loss": 0.30267622, "lr": 0.00090451, "params": 9207, "time_iter": 0.04413, "accuracy": 0.89744, "precision": 0.89286, "recall": 0.96154, "f1": 0.92593, "auc": 0.96154}
{"epoch": 21, "time_epoch": 0.43602, "eta": 79.16992, "eta_hours": 0.02199, "loss": 0.2935883, "lr": 0.00089508, "params": 9207, "time_iter": 0.0436, "accuracy": 0.89744, "precision": 0.92308, "recall": 0.92308, "f1": 0.92308, "auc": 0.95562}
{"epoch": 22, "time_epoch": 0.43654, "eta": 76.21832, "eta_hours": 0.02117, "loss": 0.32990175, "lr": 0.00088526, "params": 9207, "time_iter": 0.04365, "accuracy": 0.84615, "precision": 0.88462, "recall": 0.88462, "f1": 0.88462, "auc": 0.93787}
{"epoch": 23, "time_epoch": 0.44254, "eta": 73.49532, "eta_hours": 0.02042, "loss": 0.20501001, "lr": 0.00087506, "params": 9207, "time_iter": 0.04425, "accuracy": 0.89744, "precision": 0.92308, "recall": 0.92308, "f1": 0.92308, "auc": 0.98225}
{"epoch": 24, "time_epoch": 0.44459, "eta": 70.96091, "eta_hours": 0.01971, "loss": 0.13200876, "lr": 0.00086448, "params": 9207, "time_iter": 0.04446, "accuracy": 0.97436, "precision": 0.96296, "recall": 1.0, "f1": 0.98113, "auc": 1.0}
{"epoch": 25, "time_epoch": 0.4413, "eta": 68.57791, "eta_hours": 0.01905, "loss": 0.18696257, "lr": 0.00085355, "params": 9207, "time_iter": 0.04413, "accuracy": 0.92308, "precision": 0.89655, "recall": 1.0, "f1": 0.94545, "auc": 0.97633}
{"epoch": 26, "time_epoch": 0.44044, "eta": 66.33641, "eta_hours": 0.01843, "loss": 0.14228433, "lr": 0.00084227, "params": 9207, "time_iter": 0.04404, "accuracy": 0.94872, "precision": 0.96154, "recall": 0.96154, "f1": 0.96154, "auc": 0.99112}
{"epoch": 27, "time_epoch": 0.44664, "eta": 64.23948, "eta_hours": 0.01784, "loss": 0.22893106, "lr": 0.00083066, "params": 9207, "time_iter": 0.04466, "accuracy": 0.89744, "precision": 0.95833, "recall": 0.88462, "f1": 0.92, "auc": 0.96154}
{"epoch": 28, "time_epoch": 0.43874, "eta": 62.23704, "eta_hours": 0.01729, "loss": 0.13091557, "lr": 0.00081871, "params": 9207, "time_iter": 0.04387, "accuracy": 0.94872, "precision": 0.96154, "recall": 0.96154, "f1": 0.96154, "auc": 0.99112}
{"epoch": 29, "time_epoch": 0.43853, "eta": 60.33834, "eta_hours": 0.01676, "loss": 0.31229171, "lr": 0.00080645, "params": 9207, "time_iter": 0.04385, "accuracy": 0.87179, "precision": 0.86207, "recall": 0.96154, "f1": 0.90909, "auc": 0.9142}
{"epoch": 30, "time_epoch": 0.43874, "eta": 58.53432, "eta_hours": 0.01626, "loss": 0.17958007, "lr": 0.00079389, "params": 9207, "time_iter": 0.04387, "accuracy": 0.92308, "precision": 0.96, "recall": 0.92308, "f1": 0.94118, "auc": 0.98817}
{"epoch": 31, "time_epoch": 0.4374, "eta": 56.81279, "eta_hours": 0.01578, "loss": 0.15167333, "lr": 0.00078104, "params": 9207, "time_iter": 0.04374, "accuracy": 0.92308, "precision": 0.92593, "recall": 0.96154, "f1": 0.9434, "auc": 0.99112}
{"epoch": 32, "time_epoch": 0.43616, "eta": 55.16657, "eta_hours": 0.01532, "loss": 0.19548981, "lr": 0.00076791, "params": 9207, "time_iter": 0.04362, "accuracy": 0.94872, "precision": 0.96154, "recall": 0.96154, "f1": 0.96154, "auc": 0.97929}
{"epoch": 33, "time_epoch": 0.43782, "eta": 53.59474, "eta_hours": 0.01489, "loss": 0.12071139, "lr": 0.00075452, "params": 9207, "time_iter": 0.04378, "accuracy": 0.94872, "precision": 0.96154, "recall": 0.96154, "f1": 0.96154, "auc": 0.99408}
{"epoch": 34, "time_epoch": 0.44337, "eta": 52.09803, "eta_hours": 0.01447, "loss": 0.29523986, "lr": 0.00074088, "params": 9207, "time_iter": 0.04434, "accuracy": 0.87179, "precision": 0.86207, "recall": 0.96154, "f1": 0.90909, "auc": 0.93195}
{"epoch": 35, "time_epoch": 0.4396, "eta": 50.65314, "eta_hours": 0.01407, "loss": 0.07830609, "lr": 0.000727, "params": 9207, "time_iter": 0.04396, "accuracy": 0.97436, "precision": 1.0, "recall": 0.96154, "f1": 0.98039, "auc": 1.0}
{"epoch": 36, "time_epoch": 0.44221, "eta": 49.26703, "eta_hours": 0.01369, "loss": 0.17915454, "lr": 0.00071289, "params": 9207, "time_iter": 0.04422, "accuracy": 0.94872, "precision": 0.92857, "recall": 1.0, "f1": 0.96296, "auc": 0.97633}
{"epoch": 37, "time_epoch": 0.43933, "eta": 47.92589, "eta_hours": 0.01331, "loss": 0.08616158, "lr": 0.00069857, "params": 9207, "time_iter": 0.04393, "accuracy": 1.0, "precision": 1.0, "recall": 1.0, "f1": 1.0, "auc": 1.0}
{"epoch": 38, "time_epoch": 0.44289, "eta": 46.63658, "eta_hours": 0.01295, "loss": 0.26954038, "lr": 0.00068406, "params": 9207, "time_iter": 0.04429, "accuracy": 0.89744, "precision": 0.89286, "recall": 0.96154, "f1": 0.92593, "auc": 0.94379}
{"epoch": 39, "time_epoch": 0.44995, "eta": 45.40016, "eta_hours": 0.01261, "loss": 0.0698072, "lr": 0.00066937, "params": 9207, "time_iter": 0.04499, "accuracy": 0.97436, "precision": 1.0, "recall": 0.96154, "f1": 0.98039, "auc": 1.0}
{"epoch": 40, "time_epoch": 0.44088, "eta": 44.18906, "eta_hours": 0.01227, "loss": 0.12051863, "lr": 0.00065451, "params": 9207, "time_iter": 0.04409, "accuracy": 0.92308, "precision": 0.96, "recall": 0.92308, "f1": 0.94118, "auc": 0.99408}
{"epoch": 41, "time_epoch": 0.442, "eta": 43.01619, "eta_hours": 0.01195, "loss": 0.2306162, "lr": 0.0006395, "params": 9207, "time_iter": 0.0442, "accuracy": 0.87179, "precision": 0.88889, "recall": 0.92308, "f1": 0.90566, "auc": 0.96746}
{"epoch": 42, "time_epoch": 0.43812, "eta": 41.87217, "eta_hours": 0.01163, "loss": 0.04270063, "lr": 0.00062434, "params": 9207, "time_iter": 0.04381, "accuracy": 1.0, "precision": 1.0, "recall": 1.0, "f1": 1.0, "auc": 1.0}
{"epoch": 43, "time_epoch": 0.43795, "eta": 40.76002, "eta_hours": 0.01132, "loss": 0.17008528, "lr": 0.00060907, "params": 9207, "time_iter": 0.0438, "accuracy": 0.89744, "precision": 0.92308, "recall": 0.92308, "f1": 0.92308, "auc": 0.98817}
{"epoch": 44, "time_epoch": 0.44185, "eta": 39.6826, "eta_hours": 0.01102, "loss": 0.06018692, "lr": 0.00059369, "params": 9207, "time_iter": 0.04419, "accuracy": 0.97436, "precision": 0.96296, "recall": 1.0, "f1": 0.98113, "auc": 1.0}
{"epoch": 45, "time_epoch": 0.43938, "eta": 38.6299, "eta_hours": 0.01073, "loss": 0.23355348, "lr": 0.00057822, "params": 9207, "time_iter": 0.04394, "accuracy": 0.92308, "precision": 0.92593, "recall": 0.96154, "f1": 0.9434, "auc": 0.96746}
{"epoch": 46, "time_epoch": 0.43952, "eta": 37.60348, "eta_hours": 0.01045, "loss": 0.08835943, "lr": 0.00056267, "params": 9207, "time_iter": 0.04395, "accuracy": 1.0, "precision": 1.0, "recall": 1.0, "f1": 1.0, "auc": 1.0}
{"epoch": 47, "time_epoch": 0.43441, "eta": 36.59597, "eta_hours": 0.01017, "loss": 0.09668723, "lr": 0.00054705, "params": 9207, "time_iter": 0.04344, "accuracy": 0.97436, "precision": 1.0, "recall": 0.96154, "f1": 0.98039, "auc": 1.0}
{"epoch": 48, "time_epoch": 0.44378, "eta": 35.62159, "eta_hours": 0.00989, "loss": 0.07583238, "lr": 0.0005314, "params": 9207, "time_iter": 0.04438, "accuracy": 0.94872, "precision": 0.96154, "recall": 0.96154, "f1": 0.96154, "auc": 0.99704}
{"epoch": 49, "time_epoch": 0.44201, "eta": 34.66668, "eta_hours": 0.00963, "loss": 0.08841307, "lr": 0.00051571, "params": 9207, "time_iter": 0.0442, "accuracy": 0.97436, "precision": 1.0, "recall": 0.96154, "f1": 0.98039, "auc": 0.99704}
{"epoch": 50, "time_epoch": 0.44877, "eta": 33.73837, "eta_hours": 0.00937, "loss": 0.10107219, "lr": 0.0005, "params": 9207, "time_iter": 0.04488, "accuracy": 0.94872, "precision": 1.0, "recall": 0.92308, "f1": 0.96, "auc": 0.99704}
{"epoch": 51, "time_epoch": 0.4542, "eta": 32.83353, "eta_hours": 0.00912, "loss": 0.04402077, "lr": 0.00048429, "params": 9207, "time_iter": 0.04542, "accuracy": 1.0, "precision": 1.0, "recall": 1.0, "f1": 1.0, "auc": 1.0}
{"epoch": 52, "time_epoch": 0.45591, "eta": 31.9472, "eta_hours": 0.00887, "loss": 0.07932419, "lr": 0.0004686, "params": 9207, "time_iter": 0.04559, "accuracy": 1.0, "precision": 1.0, "recall": 1.0, "f1": 1.0, "auc": 1.0}
{"epoch": 53, "time_epoch": 0.45101, "eta": 31.07264, "eta_hours": 0.00863, "loss": 0.03507682, "lr": 0.00045295, "params": 9207, "time_iter": 0.0451, "accuracy": 1.0, "precision": 1.0, "recall": 1.0, "f1": 1.0, "auc": 1.0}
{"epoch": 54, "time_epoch": 0.45436, "eta": 30.21622, "eta_hours": 0.00839, "loss": 0.07454876, "lr": 0.00043733, "params": 9207, "time_iter": 0.04544, "accuracy": 0.97436, "precision": 1.0, "recall": 0.96154, "f1": 0.98039, "auc": 0.99704}
{"epoch": 55, "time_epoch": 0.45646, "eta": 29.37581, "eta_hours": 0.00816, "loss": 0.05182223, "lr": 0.00042178, "params": 9207, "time_iter": 0.04565, "accuracy": 1.0, "precision": 1.0, "recall": 1.0, "f1": 1.0, "auc": 1.0}
{"epoch": 56, "time_epoch": 0.4559, "eta": 28.54846, "eta_hours": 0.00793, "loss": 0.08624937, "lr": 0.00040631, "params": 9207, "time_iter": 0.04559, "accuracy": 0.94872, "precision": 1.0, "recall": 0.92308, "f1": 0.96, "auc": 0.99408}
{"epoch": 57, "time_epoch": 0.4519, "eta": 27.73101, "eta_hours": 0.0077, "loss": 0.10427234, "lr": 0.00039093, "params": 9207, "time_iter": 0.04519, "accuracy": 0.94872, "precision": 0.96154, "recall": 0.96154, "f1": 0.96154, "auc": 0.99408}
{"epoch": 58, "time_epoch": 0.4601, "eta": 26.93165, "eta_hours": 0.00748, "loss": 0.04566121, "lr": 0.00037566, "params": 9207, "time_iter": 0.04601, "accuracy": 1.0, "precision": 1.0, "recall": 1.0, "f1": 1.0, "auc": 1.0}
{"epoch": 59, "time_epoch": 0.45399, "eta": 26.13953, "eta_hours": 0.00726, "loss": 0.03510316, "lr": 0.0003605, "params": 9207, "time_iter": 0.0454, "accuracy": 1.0, "precision": 1.0, "recall": 1.0, "f1": 1.0, "auc": 1.0}
{"epoch": 60, "time_epoch": 0.45746, "eta": 25.36071, "eta_hours": 0.00704, "loss": 0.41315461, "lr": 0.00034549, "params": 9207, "time_iter": 0.04575, "accuracy": 0.82051, "precision": 0.85185, "recall": 0.88462, "f1": 0.86792, "auc": 0.89349}
{"epoch": 61, "time_epoch": 0.45487, "eta": 24.59067, "eta_hours": 0.00683, "loss": 0.0948594, "lr": 0.00033063, "params": 9207, "time_iter": 0.04549, "accuracy": 0.97436, "precision": 1.0, "recall": 0.96154, "f1": 0.98039, "auc": 1.0}
{"epoch": 62, "time_epoch": 0.457, "eta": 23.83189, "eta_hours": 0.00662, "loss": 0.00688344, "lr": 0.00031594, "params": 9207, "time_iter": 0.0457, "accuracy": 1.0, "precision": 1.0, "recall": 1.0, "f1": 1.0, "auc": 1.0}
{"epoch": 63, "time_epoch": 0.45094, "eta": 23.07913, "eta_hours": 0.00641, "loss": 0.13010591, "lr": 0.00030143, "params": 9207, "time_iter": 0.04509, "accuracy": 0.97436, "precision": 0.96296, "recall": 1.0, "f1": 0.98113, "auc": 0.98225}
{"epoch": 64, "time_epoch": 0.4572, "eta": 22.33903, "eta_hours": 0.00621, "loss": 0.1008786, "lr": 0.00028711, "params": 9207, "time_iter": 0.04572, "accuracy": 0.94872, "precision": 1.0, "recall": 0.92308, "f1": 0.96, "auc": 1.0}
{"epoch": 65, "time_epoch": 0.46168, "eta": 21.60981, "eta_hours": 0.006, "loss": 0.16630116, "lr": 0.000273, "params": 9207, "time_iter": 0.04617, "accuracy": 0.94872, "precision": 0.92857, "recall": 1.0, "f1": 0.96296, "auc": 0.97633}
{"epoch": 66, "time_epoch": 0.45389, "eta": 20.88473, "eta_hours": 0.0058, "loss": 0.06010305, "lr": 0.00025912, "params": 9207, "time_iter": 0.04539, "accuracy": 0.97436, "precision": 1.0, "recall": 0.96154, "f1": 0.98039, "auc": 1.0}
{"epoch": 67, "time_epoch": 0.45225, "eta": 20.16686, "eta_hours": 0.0056, "loss": 0.06858359, "lr": 0.00024548, "params": 9207, "time_iter": 0.04522, "accuracy": 0.94872, "precision": 1.0, "recall": 0.92308, "f1": 0.96, "auc": 1.0}
{"epoch": 68, "time_epoch": 0.45007, "eta": 19.45571, "eta_hours": 0.0054, "loss": 0.04384258, "lr": 0.00023209, "params": 9207, "time_iter": 0.04501, "accuracy": 0.97436, "precision": 1.0, "recall": 0.96154, "f1": 0.98039, "auc": 1.0}
{"epoch": 69, "time_epoch": 0.45572, "eta": 18.75444, "eta_hours": 0.00521, "loss": 0.0311547, "lr": 0.00021896, "params": 9207, "time_iter": 0.04557, "accuracy": 1.0, "precision": 1.0, "recall": 1.0, "f1": 1.0, "auc": 1.0}
{"epoch": 70, "time_epoch": 0.45258, "eta": 18.05881, "eta_hours": 0.00502, "loss": 0.07906382, "lr": 0.00020611, "params": 9207, "time_iter": 0.04526, "accuracy": 1.0, "precision": 1.0, "recall": 1.0, "f1": 1.0, "auc": 1.0}
{"epoch": 71, "time_epoch": 0.45442, "eta": 17.37064, "eta_hours": 0.00483, "loss": 0.1333522, "lr": 0.00019355, "params": 9207, "time_iter": 0.04544, "accuracy": 0.92308, "precision": 0.92593, "recall": 0.96154, "f1": 0.9434, "auc": 0.99408}
{"epoch": 72, "time_epoch": 0.4545, "eta": 16.68891, "eta_hours": 0.00464, "loss": 0.04973355, "lr": 0.00018129, "params": 9207, "time_iter": 0.04545, "accuracy": 1.0, "precision": 1.0, "recall": 1.0, "f1": 1.0, "auc": 1.0}
{"epoch": 73, "time_epoch": 0.45575, "eta": 16.01376, "eta_hours": 0.00445, "loss": 0.05501888, "lr": 0.00016934, "params": 9207, "time_iter": 0.04557, "accuracy": 1.0, "precision": 1.0, "recall": 1.0, "f1": 1.0, "auc": 1.0}
{"epoch": 74, "time_epoch": 0.45779, "eta": 15.34514, "eta_hours": 0.00426, "loss": 0.03495379, "lr": 0.00015773, "params": 9207, "time_iter": 0.04578, "accuracy": 1.0, "precision": 1.0, "recall": 1.0, "f1": 1.0, "auc": 1.0}
{"epoch": 75, "time_epoch": 0.45745, "eta": 14.68196, "eta_hours": 0.00408, "loss": 0.11047571, "lr": 0.00014645, "params": 9207, "time_iter": 0.04575, "accuracy": 0.94872, "precision": 0.92857, "recall": 1.0, "f1": 0.96296, "auc": 0.99408}
{"epoch": 76, "time_epoch": 0.45602, "eta": 14.02369, "eta_hours": 0.0039, "loss": 0.06302394, "lr": 0.00013552, "params": 9207, "time_iter": 0.0456, "accuracy": 0.97436, "precision": 0.96296, "recall": 1.0, "f1": 0.98113, "auc": 1.0}
{"epoch": 77, "time_epoch": 0.4605, "eta": 13.37188, "eta_hours": 0.00371, "loss": 0.21006358, "lr": 0.00012494, "params": 9207, "time_iter": 0.04605, "accuracy": 0.94872, "precision": 0.92857, "recall": 1.0, "f1": 0.96296, "auc": 0.9497}
{"epoch": 78, "time_epoch": 0.45489, "eta": 12.72341, "eta_hours": 0.00353, "loss": 0.05929207, "lr": 0.00011474, "params": 9207, "time_iter": 0.04549, "accuracy": 0.94872, "precision": 0.96154, "recall": 0.96154, "f1": 0.96154, "auc": 0.99704}
{"epoch": 79, "time_epoch": 0.45157, "eta": 12.07896, "eta_hours": 0.00336, "loss": 0.06202186, "lr": 0.00010492, "params": 9207, "time_iter": 0.04516, "accuracy": 0.97436, "precision": 1.0, "recall": 0.96154, "f1": 0.98039, "auc": 1.0}
{"epoch": 80, "time_epoch": 0.44772, "eta": 11.43837, "eta_hours": 0.00318, "loss": 0.06953237, "lr": 9.549e-05, "params": 9207, "time_iter": 0.04477, "accuracy": 0.97436, "precision": 0.96296, "recall": 1.0, "f1": 0.98113, "auc": 0.99704}
{"epoch": 81, "time_epoch": 0.45487, "eta": 10.80405, "eta_hours": 0.003, "loss": 0.0430048, "lr": 8.646e-05, "params": 9207, "time_iter": 0.04549, "accuracy": 0.97436, "precision": 0.96296, "recall": 1.0, "f1": 0.98113, "auc": 1.0}
{"epoch": 82, "time_epoch": 0.4553, "eta": 10.17414, "eta_hours": 0.00283, "loss": 0.29591143, "lr": 7.784e-05, "params": 9207, "time_iter": 0.04553, "accuracy": 0.87179, "precision": 0.86207, "recall": 0.96154, "f1": 0.90909, "auc": 0.93195}
{"epoch": 83, "time_epoch": 0.45391, "eta": 9.54812, "eta_hours": 0.00265, "loss": 0.05855245, "lr": 6.963e-05, "params": 9207, "time_iter": 0.04539, "accuracy": 1.0, "precision": 1.0, "recall": 1.0, "f1": 1.0, "auc": 1.0}
{"epoch": 84, "time_epoch": 0.45458, "eta": 8.92627, "eta_hours": 0.00248, "loss": 0.02628065, "lr": 6.185e-05, "params": 9207, "time_iter": 0.04546, "accuracy": 1.0, "precision": 1.0, "recall": 1.0, "f1": 1.0, "auc": 1.0}
{"epoch": 85, "time_epoch": 0.4486, "eta": 8.30734, "eta_hours": 0.00231, "loss": 0.03630866, "lr": 5.45e-05, "params": 9207, "time_iter": 0.04486, "accuracy": 1.0, "precision": 1.0, "recall": 1.0, "f1": 1.0, "auc": 1.0}
{"epoch": 86, "time_epoch": 0.45382, "eta": 7.69311, "eta_hours": 0.00214, "loss": 0.04460928, "lr": 4.759e-05, "params": 9207, "time_iter": 0.04538, "accuracy": 1.0, "precision": 1.0, "recall": 1.0, "f1": 1.0, "auc": 1.0}
{"epoch": 87, "time_epoch": 0.45312, "eta": 7.08242, "eta_hours": 0.00197, "loss": 0.2105468, "lr": 4.112e-05, "params": 9207, "time_iter": 0.04531, "accuracy": 0.94872, "precision": 0.92857, "recall": 1.0, "f1": 0.96296, "auc": 0.97337}
{"epoch": 88, "time_epoch": 0.45142, "eta": 6.47507, "eta_hours": 0.0018, "loss": 0.00597426, "lr": 3.511e-05, "params": 9207, "time_iter": 0.04514, "accuracy": 1.0, "precision": 1.0, "recall": 1.0, "f1": 1.0, "auc": 1.0}
{"epoch": 89, "time_epoch": 0.45089, "eta": 5.87112, "eta_hours": 0.00163, "loss": 0.02417819, "lr": 2.956e-05, "params": 9207, "time_iter": 0.04509, "accuracy": 1.0, "precision": 1.0, "recall": 1.0, "f1": 1.0, "auc": 1.0}
{"epoch": 90, "time_epoch": 0.45623, "eta": 5.27106, "eta_hours": 0.00146, "loss": 0.01931817, "lr": 2.447e-05, "params": 9207, "time_iter": 0.04562, "accuracy": 1.0, "precision": 1.0, "recall": 1.0, "f1": 1.0, "auc": 1.0}
{"epoch": 91, "time_epoch": 0.45898, "eta": 4.67437, "eta_hours": 0.0013, "loss": 0.02403281, "lr": 1.985e-05, "params": 9207, "time_iter": 0.0459, "accuracy": 1.0, "precision": 1.0, "recall": 1.0, "f1": 1.0, "auc": 1.0}
{"epoch": 92, "time_epoch": 0.45282, "eta": 4.08018, "eta_hours": 0.00113, "loss": 0.03373559, "lr": 1.571e-05, "params": 9207, "time_iter": 0.04528, "accuracy": 0.97436, "precision": 0.96296, "recall": 1.0, "f1": 0.98113, "auc": 1.0}
{"epoch": 93, "time_epoch": 0.45022, "eta": 3.48883, "eta_hours": 0.00097, "loss": 0.07577501, "lr": 1.204e-05, "params": 9207, "time_iter": 0.04502, "accuracy": 0.97436, "precision": 1.0, "recall": 0.96154, "f1": 0.98039, "auc": 1.0}
{"epoch": 94, "time_epoch": 0.45557, "eta": 2.90073, "eta_hours": 0.00081, "loss": 0.10064728, "lr": 8.86e-06, "params": 9207, "time_iter": 0.04556, "accuracy": 0.97436, "precision": 0.96296, "recall": 1.0, "f1": 0.98113, "auc": 0.99408}
{"epoch": 95, "time_epoch": 0.46537, "eta": 2.3158, "eta_hours": 0.00064, "loss": 0.02283261, "lr": 6.16e-06, "params": 9207, "time_iter": 0.04654, "accuracy": 1.0, "precision": 1.0, "recall": 1.0, "f1": 1.0, "auc": 1.0}
{"epoch": 96, "time_epoch": 0.4567, "eta": 1.73307, "eta_hours": 0.00048, "loss": 0.02177867, "lr": 3.94e-06, "params": 9207, "time_iter": 0.04567, "accuracy": 1.0, "precision": 1.0, "recall": 1.0, "f1": 1.0, "auc": 1.0}
{"epoch": 97, "time_epoch": 0.45091, "eta": 1.15279, "eta_hours": 0.00032, "loss": 0.15067405, "lr": 2.22e-06, "params": 9207, "time_iter": 0.04509, "accuracy": 0.94872, "precision": 0.96154, "recall": 0.96154, "f1": 0.96154, "auc": 0.98521}
{"epoch": 98, "time_epoch": 0.45473, "eta": 0.57517, "eta_hours": 0.00016, "loss": 0.07122552, "lr": 9.9e-07, "params": 9207, "time_iter": 0.04547, "accuracy": 0.97436, "precision": 0.96296, "recall": 1.0, "f1": 0.98113, "auc": 1.0}
{"epoch": 99, "time_epoch": 0.45085, "eta": 0.0, "eta_hours": 0.0, "loss": 0.04291613, "lr": 2.5e-07, "params": 9207, "time_iter": 0.04509, "accuracy": 1.0, "precision": 1.0, "recall": 1.0, "f1": 1.0, "auc": 1.0}
