{"epoch": 0, "time_epoch": 23.19719, "eta": 2296.52144, "eta_hours": 0.63792, "loss": 1.10068176, "lr": 0.001, "params": 6221, "time_iter": 0.12339, "accuracy": 0.33467, "f1": 0.26561, "auc": 0.46772}
{"epoch": 1, "time_epoch": 10.23189, "eta": 1638.02492, "eta_hours": 0.45501, "loss": 1.09831228, "lr": 0.00099975, "params": 6221, "time_iter": 0.05442, "accuracy": 0.35067, "f1": 0.25774, "auc": 0.49027}
{"epoch": 2, "time_epoch": 10.17771, "eta": 1409.95282, "eta_hours": 0.39165, "loss": 1.09910091, "lr": 0.00099901, "params": 6221, "time_iter": 0.05414, "accuracy": 0.34933, "f1": 0.18282, "auc": 0.4879}
{"epoch": 3, "time_epoch": 10.20013, "eta": 1291.36593, "eta_hours": 0.35871, "loss": 1.09898706, "lr": 0.00099778, "params": 6221, "time_iter": 0.05426, "accuracy": 0.352, "f1": 0.21243, "auc": 0.48845}
{"epoch": 4, "time_epoch": 10.20692, "eta": 1216.26289, "eta_hours": 0.33785, "loss": 1.0969385, "lr": 0.00099606, "params": 6221, "time_iter": 0.05429, "accuracy": 0.37333, "f1": 0.31107, "auc": 0.51446}
{"epoch": 5, "time_epoch": 10.21727, "eta": 1162.95398, "eta_hours": 0.32304, "loss": 1.0971359, "lr": 0.00099384, "params": 6221, "time_iter": 0.05435, "accuracy": 0.38933, "f1": 0.2941, "auc": 0.51134}
{"epoch": 6, "time_epoch": 10.18841, "eta": 1121.57352, "eta_hours": 0.31155, "loss": 1.09260459, "lr": 0.00099114, "params": 6221, "time_iter": 0.05419, "accuracy": 0.38667, "f1": 0.3004, "auc": 0.5204}
{"epoch": 7, "time_epoch": 10.20451, "eta": 1088.17624, "eta_hours": 0.30227, "loss": 1.09000031, "lr": 0.00098796, "params": 6221, "time_iter": 0.05428, "accuracy": 0.39733, "f1": 0.31531, "auc": 0.53477}
{"epoch": 8, "time_epoch": 10.19389, "eta": 1059.82554, "eta_hours": 0.2944, "loss": 1.09533673, "lr": 0.00098429, "params": 6221, "time_iter": 0.05422, "accuracy": 0.38267, "f1": 0.29744, "auc": 0.52366}
{"epoch": 9, "time_epoch": 10.18349, "eta": 1035.01264, "eta_hours": 0.2875, "loss": 1.08835588, "lr": 0.00098015, "params": 6221, "time_iter": 0.05417, "accuracy": 0.408, "f1": 0.31633, "auc": 0.54167}
{"epoch": 10, "time_epoch": 10.17619, "eta": 1012.80058, "eta_hours": 0.28133, "loss": 1.10036606, "lr": 0.00097553, "params": 6221, "time_iter": 0.05413, "accuracy": 0.36133, "f1": 0.29053, "auc": 0.50543}
{"epoch": 11, "time_epoch": 10.17119, "eta": 992.55778, "eta_hours": 0.27571, "loss": 1.09637835, "lr": 0.00097044, "params": 6221, "time_iter": 0.0541, "accuracy": 0.372, "f1": 0.28605, "auc": 0.51025}
{"epoch": 12, "time_epoch": 10.16604, "eta": 973.83004, "eta_hours": 0.27051, "loss": 1.09252981, "lr": 0.00096489, "params": 6221, "time_iter": 0.05407, "accuracy": 0.39067, "f1": 0.30562, "auc": 0.52261}
{"epoch": 13, "time_epoch": 10.18127, "eta": 956.41889, "eta_hours": 0.26567, "loss": 1.09079099, "lr": 0.00095888, "params": 6221, "time_iter": 0.05416, "accuracy": 0.388, "f1": 0.29769, "auc": 0.53829}
{"epoch": 14, "time_epoch": 10.20707, "eta": 940.11796, "eta_hours": 0.26114, "loss": 1.09435112, "lr": 0.00095241, "params": 6221, "time_iter": 0.05429, "accuracy": 0.37467, "f1": 0.28908, "auc": 0.5256}
{"epoch": 15, "time_epoch": 10.16554, "eta": 924.36073, "eta_hours": 0.25677, "loss": 1.0920731, "lr": 0.0009455, "params": 6221, "time_iter": 0.05407, "accuracy": 0.38267, "f1": 0.29481, "auc": 0.52522}
{"epoch": 16, "time_epoch": 10.08135, "eta": 908.8503, "eta_hours": 0.25246, "loss": 1.09716813, "lr": 0.00093815, "params": 6221, "time_iter": 0.05362, "accuracy": 0.37467, "f1": 0.2879, "auc": 0.51184}
{"epoch": 17, "time_epoch": 10.16831, "eta": 894.33927, "eta_hours": 0.24843, "loss": 1.09277994, "lr": 0.00093037, "params": 6221, "time_iter": 0.05409, "accuracy": 0.39467, "f1": 0.3074, "auc": 0.52915}
{"epoch": 18, "time_epoch": 10.176, "eta": 880.31813, "eta_hours": 0.24453, "loss": 1.09298622, "lr": 0.00092216, "params": 6221, "time_iter": 0.05413, "accuracy": 0.38667, "f1": 0.29718, "auc": 0.52498}
{"epoch": 19, "time_epoch": 10.16258, "eta": 866.62782, "eta_hours": 0.24073, "loss": 1.09118326, "lr": 0.00091354, "params": 6221, "time_iter": 0.05406, "accuracy": 0.39067, "f1": 0.30154, "auc": 0.5239}
{"epoch": 20, "time_epoch": 10.1575, "eta": 853.25438, "eta_hours": 0.23702, "loss": 1.08701787, "lr": 0.00090451, "params": 6221, "time_iter": 0.05403, "accuracy": 0.396, "f1": 0.30701, "auc": 0.52695}
{"epoch": 21, "time_epoch": 10.19577, "eta": 840.30896, "eta_hours": 0.23342, "loss": 1.09170118, "lr": 0.00089508, "params": 6221, "time_iter": 0.05423, "accuracy": 0.39067, "f1": 0.30293, "auc": 0.53124}
{"epoch": 22, "time_epoch": 10.15905, "eta": 827.47974, "eta_hours": 0.22986, "loss": 1.08753931, "lr": 0.00088526, "params": 6221, "time_iter": 0.05404, "accuracy": 0.40133, "f1": 0.3153, "auc": 0.53414}
{"epoch": 23, "time_epoch": 10.17643, "eta": 814.92805, "eta_hours": 0.22637, "loss": 1.08931185, "lr": 0.00087506, "params": 6221, "time_iter": 0.05413, "accuracy": 0.388, "f1": 0.30006, "auc": 0.53463}
{"epoch": 24, "time_epoch": 10.049, "eta": 802.1841, "eta_hours": 0.22283, "loss": 1.09175308, "lr": 0.00086448, "params": 6221, "time_iter": 0.05345, "accuracy": 0.40133, "f1": 0.31238, "auc": 0.52769}
{"epoch": 25, "time_epoch": 10.17834, "eta": 790.01557, "eta_hours": 0.21945, "loss": 1.08869979, "lr": 0.00085355, "params": 6221, "time_iter": 0.05414, "accuracy": 0.40267, "f1": 0.31174, "auc": 0.53155}
{"epoch": 26, "time_epoch": 10.18363, "eta": 778.00876, "eta_hours": 0.21611, "loss": 1.08923843, "lr": 0.00084227, "params": 6221, "time_iter": 0.05417, "accuracy": 0.39467, "f1": 0.30361, "auc": 0.54091}
{"epoch": 27, "time_epoch": 10.19292, "eta": 766.15608, "eta_hours": 0.21282, "loss": 1.09235561, "lr": 0.00083066, "params": 6221, "time_iter": 0.05422, "accuracy": 0.37867, "f1": 0.29415, "auc": 0.52927}
{"epoch": 28, "time_epoch": 10.19172, "eta": 754.41492, "eta_hours": 0.20956, "loss": 1.08365738, "lr": 0.00081871, "params": 6221, "time_iter": 0.05421, "accuracy": 0.41733, "f1": 0.32668, "auc": 0.54604}
{"epoch": 29, "time_epoch": 10.18081, "eta": 742.7516, "eta_hours": 0.20632, "loss": 1.08709147, "lr": 0.00080645, "params": 6221, "time_iter": 0.05415, "accuracy": 0.39333, "f1": 0.30957, "auc": 0.54022}
{"epoch": 30, "time_epoch": 10.2142, "eta": 731.25824, "eta_hours": 0.20313, "loss": 1.09360158, "lr": 0.00079389, "params": 6221, "time_iter": 0.05433, "accuracy": 0.38667, "f1": 0.29715, "auc": 0.53555}
{"epoch": 31, "time_epoch": 10.18967, "eta": 719.79271, "eta_hours": 0.19994, "loss": 1.08623603, "lr": 0.00078104, "params": 6221, "time_iter": 0.0542, "accuracy": 0.40267, "f1": 0.31853, "auc": 0.55275}
{"epoch": 32, "time_epoch": 10.18092, "eta": 708.38674, "eta_hours": 0.19677, "loss": 1.08350329, "lr": 0.00076791, "params": 6221, "time_iter": 0.05415, "accuracy": 0.424, "f1": 0.34264, "auc": 0.55866}
{"epoch": 33, "time_epoch": 10.18457, "eta": 697.05993, "eta_hours": 0.19363, "loss": 1.08169749, "lr": 0.00075452, "params": 6221, "time_iter": 0.05417, "accuracy": 0.412, "f1": 0.32125, "auc": 0.56038}
{"epoch": 34, "time_epoch": 10.19348, "eta": 685.81492, "eta_hours": 0.1905, "loss": 1.0842409, "lr": 0.00074088, "params": 6221, "time_iter": 0.05422, "accuracy": 0.39333, "f1": 0.30785, "auc": 0.55171}
{"epoch": 35, "time_epoch": 10.17063, "eta": 674.5877, "eta_hours": 0.18739, "loss": 1.08865431, "lr": 0.000727, "params": 6221, "time_iter": 0.0541, "accuracy": 0.38933, "f1": 0.30274, "auc": 0.54224}
{"epoch": 36, "time_epoch": 10.20719, "eta": 663.47986, "eta_hours": 0.1843, "loss": 1.0893564, "lr": 0.00071289, "params": 6221, "time_iter": 0.05429, "accuracy": 0.39733, "f1": 0.32423, "auc": 0.54479}
{"epoch": 37, "time_epoch": 10.19289, "eta": 652.39608, "eta_hours": 0.18122, "loss": 1.08172678, "lr": 0.00069857, "params": 6221, "time_iter": 0.05422, "accuracy": 0.42267, "f1": 0.33018, "auc": 0.55799}
{"epoch": 38, "time_epoch": 10.18946, "eta": 641.35262, "eta_hours": 0.17815, "loss": 1.08167009, "lr": 0.00068406, "params": 6221, "time_iter": 0.0542, "accuracy": 0.40267, "f1": 0.31956, "auc": 0.55568}
{"epoch": 39, "time_epoch": 10.19157, "eta": 630.35503, "eta_hours": 0.1751, "loss": 1.08590525, "lr": 0.00066937, "params": 6221, "time_iter": 0.05421, "accuracy": 0.4, "f1": 0.31572, "auc": 0.53995}
{"epoch": 40, "time_epoch": 10.19426, "eta": 619.40063, "eta_hours": 0.17206, "loss": 1.08585604, "lr": 0.00065451, "params": 6221, "time_iter": 0.05422, "accuracy": 0.408, "f1": 0.31728, "auc": 0.53759}
{"epoch": 41, "time_epoch": 10.23383, "eta": 608.53707, "eta_hours": 0.16904, "loss": 1.08043918, "lr": 0.0006395, "params": 6221, "time_iter": 0.05444, "accuracy": 0.40533, "f1": 0.3311, "auc": 0.56343}
{"epoch": 42, "time_epoch": 10.1914, "eta": 597.64656, "eta_hours": 0.16601, "loss": 1.08312045, "lr": 0.00062434, "params": 6221, "time_iter": 0.05421, "accuracy": 0.40533, "f1": 0.32484, "auc": 0.55605}
{"epoch": 43, "time_epoch": 10.21582, "eta": 586.81891, "eta_hours": 0.16301, "loss": 1.08472173, "lr": 0.00060907, "params": 6221, "time_iter": 0.05434, "accuracy": 0.41067, "f1": 0.33861, "auc": 0.56327}
{"epoch": 44, "time_epoch": 10.28469, "eta": 576.10262, "eta_hours": 0.16003, "loss": 1.08757316, "lr": 0.00059369, "params": 6221, "time_iter": 0.05471, "accuracy": 0.396, "f1": 0.33461, "auc": 0.56445}
{"epoch": 45, "time_epoch": 10.19155, "eta": 565.29576, "eta_hours": 0.15703, "loss": 1.09017642, "lr": 0.00057822, "params": 6221, "time_iter": 0.05421, "accuracy": 0.388, "f1": 0.34248, "auc": 0.5486}
{"epoch": 46, "time_epoch": 10.20031, "eta": 554.52495, "eta_hours": 0.15403, "loss": 1.08674218, "lr": 0.00056267, "params": 6221, "time_iter": 0.05426, "accuracy": 0.39733, "f1": 0.32584, "auc": 0.55908}
{"epoch": 47, "time_epoch": 10.18937, "eta": 543.76607, "eta_hours": 0.15105, "loss": 1.07963461, "lr": 0.00054705, "params": 6221, "time_iter": 0.0542, "accuracy": 0.416, "f1": 0.35447, "auc": 0.57406}
{"epoch": 48, "time_epoch": 10.18438, "eta": 533.02525, "eta_hours": 0.14806, "loss": 1.07776582, "lr": 0.0005314, "params": 6221, "time_iter": 0.05417, "accuracy": 0.41333, "f1": 0.34174, "auc": 0.57498}
{"epoch": 49, "time_epoch": 10.21167, "eta": 522.33397, "eta_hours": 0.14509, "loss": 1.07942701, "lr": 0.00051571, "params": 6221, "time_iter": 0.05432, "accuracy": 0.41467, "f1": 0.34585, "auc": 0.5744}
{"epoch": 50, "time_epoch": 10.22054, "eta": 511.67002, "eta_hours": 0.14213, "loss": 1.08653633, "lr": 0.0005, "params": 6221, "time_iter": 0.05436, "accuracy": 0.4, "f1": 0.34711, "auc": 0.5708}
{"epoch": 51, "time_epoch": 10.2149, "eta": 501.01792, "eta_hours": 0.13917, "loss": 1.08243694, "lr": 0.00048429, "params": 6221, "time_iter": 0.05433, "accuracy": 0.41333, "f1": 0.37126, "auc": 0.56594}
{"epoch": 52, "time_epoch": 10.2161, "eta": 490.38338, "eta_hours": 0.13622, "loss": 1.08191232, "lr": 0.0004686, "params": 6221, "time_iter": 0.05434, "accuracy": 0.40933, "f1": 0.34414, "auc": 0.57388}
{"epoch": 53, "time_epoch": 10.20639, "eta": 479.75607, "eta_hours": 0.13327, "loss": 1.08493572, "lr": 0.00045295, "params": 6221, "time_iter": 0.05429, "accuracy": 0.40133, "f1": 0.33794, "auc": 0.56342}
{"epoch": 54, "time_epoch": 10.20634, "eta": 469.14402, "eta_hours": 0.13032, "loss": 1.08701317, "lr": 0.00043733, "params": 6221, "time_iter": 0.05429, "accuracy": 0.384, "f1": 0.3199, "auc": 0.55718}
{"epoch": 55, "time_epoch": 10.11561, "eta": 458.47518, "eta_hours": 0.12735, "loss": 1.08396613, "lr": 0.00042178, "params": 6221, "time_iter": 0.05381, "accuracy": 0.408, "f1": 0.35169, "auc": 0.56641}
{"epoch": 56, "time_epoch": 10.17704, "eta": 447.87209, "eta_hours": 0.12441, "loss": 1.08069311, "lr": 0.00040631, "params": 6221, "time_iter": 0.05413, "accuracy": 0.416, "f1": 0.35723, "auc": 0.57663}
{"epoch": 57, "time_epoch": 10.24681, "eta": 437.33421, "eta_hours": 0.12148, "loss": 1.08887023, "lr": 0.00039093, "params": 6221, "time_iter": 0.0545, "accuracy": 0.392, "f1": 0.33573, "auc": 0.55969}
{"epoch": 58, "time_epoch": 10.36648, "eta": 426.88936, "eta_hours": 0.11858, "loss": 1.08292117, "lr": 0.00037566, "params": 6221, "time_iter": 0.05514, "accuracy": 0.40667, "f1": 0.37883, "auc": 0.56484}
{"epoch": 59, "time_epoch": 10.22718, "eta": 416.35425, "eta_hours": 0.11565, "loss": 1.08345971, "lr": 0.0003605, "params": 6221, "time_iter": 0.0544, "accuracy": 0.39067, "f1": 0.3483, "auc": 0.56968}
{"epoch": 60, "time_epoch": 10.20414, "eta": 405.81451, "eta_hours": 0.11273, "loss": 1.07411972, "lr": 0.00034549, "params": 6221, "time_iter": 0.05428, "accuracy": 0.42533, "f1": 0.37594, "auc": 0.58451}
{"epoch": 61, "time_epoch": 10.21728, "eta": 395.29365, "eta_hours": 0.1098, "loss": 1.08596881, "lr": 0.00033063, "params": 6221, "time_iter": 0.05435, "accuracy": 0.40533, "f1": 0.35466, "auc": 0.56574}
{"epoch": 62, "time_epoch": 10.20422, "eta": 384.77476, "eta_hours": 0.10688, "loss": 1.07087511, "lr": 0.00031594, "params": 6221, "time_iter": 0.05428, "accuracy": 0.42267, "f1": 0.38294, "auc": 0.59176}
{"epoch": 63, "time_epoch": 10.186, "eta": 374.25545, "eta_hours": 0.10396, "loss": 1.07630807, "lr": 0.00030143, "params": 6221, "time_iter": 0.05418, "accuracy": 0.40667, "f1": 0.36274, "auc": 0.58565}
{"epoch": 64, "time_epoch": 10.18914, "eta": 363.74808, "eta_hours": 0.10104, "loss": 1.08664839, "lr": 0.00028711, "params": 6221, "time_iter": 0.0542, "accuracy": 0.40933, "f1": 0.38301, "auc": 0.57161}
{"epoch": 65, "time_epoch": 10.18161, "eta": 353.24649, "eta_hours": 0.09812, "loss": 1.0880521, "lr": 0.000273, "params": 6221, "time_iter": 0.05416, "accuracy": 0.39867, "f1": 0.3767, "auc": 0.5552}
{"epoch": 66, "time_epoch": 10.1856, "eta": 342.75641, "eta_hours": 0.09521, "loss": 1.08052589, "lr": 0.00025912, "params": 6221, "time_iter": 0.05418, "accuracy": 0.43333, "f1": 0.41085, "auc": 0.57722}
{"epoch": 67, "time_epoch": 10.01431, "eta": 332.19467, "eta_hours": 0.09228, "loss": 1.08886919, "lr": 0.00024548, "params": 6221, "time_iter": 0.05327, "accuracy": 0.40133, "f1": 0.38412, "auc": 0.56641}
{"epoch": 68, "time_epoch": 10.18283, "eta": 321.72452, "eta_hours": 0.08937, "loss": 1.07967102, "lr": 0.00023209, "params": 6221, "time_iter": 0.05416, "accuracy": 0.40667, "f1": 0.3733, "auc": 0.57754}
{"epoch": 69, "time_epoch": 10.3012, "eta": 311.3133, "eta_hours": 0.08648, "loss": 1.07967735, "lr": 0.00021896, "params": 6221, "time_iter": 0.05479, "accuracy": 0.42, "f1": 0.39306, "auc": 0.57544}
{"epoch": 70, "time_epoch": 10.21649, "eta": 300.87059, "eta_hours": 0.08358, "loss": 1.08000977, "lr": 0.00020611, "params": 6221, "time_iter": 0.05434, "accuracy": 0.396, "f1": 0.37035, "auc": 0.57452}
{"epoch": 71, "time_epoch": 10.19256, "eta": 290.42485, "eta_hours": 0.08067, "loss": 1.07572272, "lr": 0.00019355, "params": 6221, "time_iter": 0.05422, "accuracy": 0.432, "f1": 0.40285, "auc": 0.58498}
{"epoch": 72, "time_epoch": 10.16662, "eta": 279.97646, "eta_hours": 0.07777, "loss": 1.08093078, "lr": 0.00018129, "params": 6221, "time_iter": 0.05408, "accuracy": 0.416, "f1": 0.38386, "auc": 0.57489}
{"epoch": 73, "time_epoch": 10.18056, "eta": 269.54057, "eta_hours": 0.07487, "loss": 1.07603251, "lr": 0.00016934, "params": 6221, "time_iter": 0.05415, "accuracy": 0.428, "f1": 0.40805, "auc": 0.58423}
{"epoch": 74, "time_epoch": 10.17853, "eta": 259.11082, "eta_hours": 0.07198, "loss": 1.08224728, "lr": 0.00015773, "params": 6221, "time_iter": 0.05414, "accuracy": 0.42667, "f1": 0.41496, "auc": 0.58105}
{"epoch": 75, "time_epoch": 10.27621, "eta": 248.71853, "eta_hours": 0.06909, "loss": 1.07913832, "lr": 0.00014645, "params": 6221, "time_iter": 0.05466, "accuracy": 0.408, "f1": 0.37734, "auc": 0.58395}
{"epoch": 76, "time_epoch": 10.18971, "eta": 238.30342, "eta_hours": 0.0662, "loss": 1.08026112, "lr": 0.00013552, "params": 6221, "time_iter": 0.0542, "accuracy": 0.41467, "f1": 0.39593, "auc": 0.58322}
{"epoch": 77, "time_epoch": 10.18295, "eta": 227.89217, "eta_hours": 0.0633, "loss": 1.07836076, "lr": 0.00012494, "params": 6221, "time_iter": 0.05416, "accuracy": 0.412, "f1": 0.38176, "auc": 0.57615}
{"epoch": 78, "time_epoch": 10.19746, "eta": 217.49057, "eta_hours": 0.06041, "loss": 1.07033861, "lr": 0.00011474, "params": 6221, "time_iter": 0.05424, "accuracy": 0.42933, "f1": 0.40023, "auc": 0.5993}
{"epoch": 79, "time_epoch": 10.19234, "eta": 207.09279, "eta_hours": 0.05753, "loss": 1.07835646, "lr": 0.00010492, "params": 6221, "time_iter": 0.05421, "accuracy": 0.41467, "f1": 0.38681, "auc": 0.5838}
{"epoch": 80, "time_epoch": 10.16869, "eta": 196.69453, "eta_hours": 0.05464, "loss": 1.07219461, "lr": 9.549e-05, "params": 6221, "time_iter": 0.05409, "accuracy": 0.43333, "f1": 0.40879, "auc": 0.59139}
{"epoch": 81, "time_epoch": 10.18015, "eta": 186.30438, "eta_hours": 0.05175, "loss": 1.07720373, "lr": 8.646e-05, "params": 6221, "time_iter": 0.05415, "accuracy": 0.42267, "f1": 0.4005, "auc": 0.58615}
{"epoch": 82, "time_epoch": 10.17415, "eta": 175.91807, "eta_hours": 0.04887, "loss": 1.06915022, "lr": 7.784e-05, "params": 6221, "time_iter": 0.05412, "accuracy": 0.43067, "f1": 0.40625, "auc": 0.59617}
{"epoch": 83, "time_epoch": 10.13025, "eta": 165.52845, "eta_hours": 0.04598, "loss": 1.06917605, "lr": 6.963e-05, "params": 6221, "time_iter": 0.05388, "accuracy": 0.43067, "f1": 0.40511, "auc": 0.60842}
{"epoch": 84, "time_epoch": 10.23435, "eta": 155.1633, "eta_hours": 0.0431, "loss": 1.07804008, "lr": 6.185e-05, "params": 6221, "time_iter": 0.05444, "accuracy": 0.44133, "f1": 0.42441, "auc": 0.58226}
{"epoch": 85, "time_epoch": 10.21922, "eta": 144.79874, "eta_hours": 0.04022, "loss": 1.07254129, "lr": 5.45e-05, "params": 6221, "time_iter": 0.05436, "accuracy": 0.41333, "f1": 0.39508, "auc": 0.58962}
{"epoch": 86, "time_epoch": 10.21055, "eta": 134.43621, "eta_hours": 0.03734, "loss": 1.07382275, "lr": 4.759e-05, "params": 6221, "time_iter": 0.05431, "accuracy": 0.43733, "f1": 0.41312, "auc": 0.59392}
{"epoch": 87, "time_epoch": 10.2089, "eta": 124.07692, "eta_hours": 0.03447, "loss": 1.08027216, "lr": 4.112e-05, "params": 6221, "time_iter": 0.0543, "accuracy": 0.424, "f1": 0.406, "auc": 0.5837}
{"epoch": 88, "time_epoch": 10.19991, "eta": 113.71989, "eta_hours": 0.03159, "loss": 1.08034207, "lr": 3.511e-05, "params": 6221, "time_iter": 0.05425, "accuracy": 0.42267, "f1": 0.40486, "auc": 0.58454}
{"epoch": 89, "time_epoch": 10.18722, "eta": 103.36495, "eta_hours": 0.02871, "loss": 1.07872514, "lr": 2.956e-05, "params": 6221, "time_iter": 0.05419, "accuracy": 0.388, "f1": 0.36485, "auc": 0.57439}
{"epoch": 90, "time_epoch": 10.18474, "eta": 93.01344, "eta_hours": 0.02584, "loss": 1.08078636, "lr": 2.447e-05, "params": 6221, "time_iter": 0.05417, "accuracy": 0.42133, "f1": 0.39911, "auc": 0.58052}
{"epoch": 91, "time_epoch": 10.20263, "eta": 82.66712, "eta_hours": 0.02296, "loss": 1.07504517, "lr": 1.985e-05, "params": 6221, "time_iter": 0.05427, "accuracy": 0.416, "f1": 0.39779, "auc": 0.58939}
{"epoch": 92, "time_epoch": 10.18525, "eta": 72.32258, "eta_hours": 0.02009, "loss": 1.08520715, "lr": 1.571e-05, "params": 6221, "time_iter": 0.05418, "accuracy": 0.412, "f1": 0.39398, "auc": 0.57497}
{"epoch": 93, "time_epoch": 10.20356, "eta": 61.9826, "eta_hours": 0.01722, "loss": 1.07284085, "lr": 1.204e-05, "params": 6221, "time_iter": 0.05427, "accuracy": 0.448, "f1": 0.43019, "auc": 0.5941}
{"epoch": 94, "time_epoch": 10.18561, "eta": 51.64454, "eta_hours": 0.01435, "loss": 1.07703247, "lr": 8.86e-06, "params": 6221, "time_iter": 0.05418, "accuracy": 0.41867, "f1": 0.39961, "auc": 0.58951}
{"epoch": 95, "time_epoch": 10.30284, "eta": 41.31455, "eta_hours": 0.01148, "loss": 1.0768664, "lr": 6.16e-06, "params": 6221, "time_iter": 0.0548, "accuracy": 0.42933, "f1": 0.40761, "auc": 0.58788}
{"epoch": 96, "time_epoch": 10.21818, "eta": 30.98249, "eta_hours": 0.00861, "loss": 1.07631155, "lr": 3.94e-06, "params": 6221, "time_iter": 0.05435, "accuracy": 0.416, "f1": 0.39158, "auc": 0.57743}
{"epoch": 97, "time_epoch": 10.20557, "eta": 20.65251, "eta_hours": 0.00574, "loss": 1.06514679, "lr": 2.22e-06, "params": 6221, "time_iter": 0.05428, "accuracy": 0.42267, "f1": 0.39925, "auc": 0.60358}
{"epoch": 98, "time_epoch": 10.22519, "eta": 10.32523, "eta_hours": 0.00287, "loss": 1.07511079, "lr": 9.9e-07, "params": 6221, "time_iter": 0.05439, "accuracy": 0.42533, "f1": 0.40643, "auc": 0.59069}
{"epoch": 99, "time_epoch": 10.18011, "eta": 0.0, "eta_hours": 0.0, "loss": 1.06506444, "lr": 2.5e-07, "params": 6221, "time_iter": 0.05415, "accuracy": 0.41867, "f1": 0.40093, "auc": 0.60214}
