{"epoch": 0, "time_epoch": 54.41568, "eta": 5387.15245, "eta_hours": 1.49643, "loss": 0.69397559, "lr": 0.001, "params": 4143, "time_iter": 0.42183, "accuracy": 0.48978, "precision": 0.49559, "recall": 0.87112, "f1": 0.63176, "auc": 0.48682}
{"epoch": 1, "time_epoch": 54.30906, "eta": 5327.51227, "eta_hours": 1.47986, "loss": 0.6934135, "lr": 0.00099975, "params": 4143, "time_iter": 0.421, "accuracy": 0.4927, "precision": 0.49609, "recall": 0.61531, "f1": 0.54931, "auc": 0.48921}
{"epoch": 2, "time_epoch": 54.27151, "eta": 5270.21222, "eta_hours": 1.46395, "loss": 0.6934414, "lr": 0.00099901, "params": 4143, "time_iter": 0.42071, "accuracy": 0.50049, "precision": 0.50152, "recall": 0.9564, "f1": 0.658, "auc": 0.47692}
{"epoch": 3, "time_epoch": 54.29548, "eta": 5215.00151, "eta_hours": 1.44861, "loss": 0.69329813, "lr": 0.00099778, "params": 4143, "time_iter": 0.4209, "accuracy": 0.48783, "precision": 0.47041, "recall": 0.15407, "f1": 0.23212, "auc": 0.47882}
{"epoch": 4, "time_epoch": 54.2919, "eta": 5160.08899, "eta_hours": 1.43336, "loss": 0.69339167, "lr": 0.00099606, "params": 4143, "time_iter": 0.42087, "accuracy": 0.49172, "precision": 0.49571, "recall": 0.67151, "f1": 0.57037, "auc": 0.48268}
{"epoch": 5, "time_epoch": 54.37094, "eta": 5106.62158, "eta_hours": 1.41851, "loss": 0.69336715, "lr": 0.00099384, "params": 4143, "time_iter": 0.42148, "accuracy": 0.49757, "precision": 0.5, "recall": 0.1657, "f1": 0.24891, "auc": 0.49335}
{"epoch": 6, "time_epoch": 54.44147, "eta": 5053.83303, "eta_hours": 1.40384, "loss": 0.69343137, "lr": 0.00099114, "params": 4143, "time_iter": 0.42203, "accuracy": 0.48247, "precision": 0.48749, "recall": 0.58527, "f1": 0.53192, "auc": 0.47538}
{"epoch": 7, "time_epoch": 54.28287, "eta": 4998.80741, "eta_hours": 1.38856, "loss": 0.69351966, "lr": 0.00098796, "params": 4143, "time_iter": 0.4208, "accuracy": 0.47614, "precision": 0.48268, "recall": 0.59399, "f1": 0.53258, "auc": 0.47006}
{"epoch": 8, "time_epoch": 54.48475, "eta": 4945.98808, "eta_hours": 1.37389, "loss": 0.6933995, "lr": 0.00098429, "params": 4143, "time_iter": 0.42236, "accuracy": 0.50243, "precision": 0.50243, "recall": 1.0, "f1": 0.66883, "auc": 0.47692}
{"epoch": 9, "time_epoch": 54.36935, "eta": 4891.79703, "eta_hours": 1.35883, "loss": 0.69329628, "lr": 0.00098015, "params": 4143, "time_iter": 0.42147, "accuracy": 0.49172, "precision": 0.49071, "recall": 0.30717, "f1": 0.37783, "auc": 0.48204}
{"epoch": 10, "time_epoch": 54.36547, "eta": 4837.54216, "eta_hours": 1.34376, "loss": 0.69338649, "lr": 0.00097553, "params": 4143, "time_iter": 0.42144, "accuracy": 0.50243, "precision": 0.50243, "recall": 1.0, "f1": 0.66883, "auc": 0.47701}
{"epoch": 11, "time_epoch": 54.44098, "eta": 4783.82259, "eta_hours": 1.32884, "loss": 0.69350977, "lr": 0.00097044, "params": 4143, "time_iter": 0.42202, "accuracy": 0.50243, "precision": 0.50243, "recall": 1.0, "f1": 0.66883, "auc": 0.46652}
{"epoch": 12, "time_epoch": 54.42762, "eta": 4729.90265, "eta_hours": 1.31386, "loss": 0.69333618, "lr": 0.00096489, "params": 4143, "time_iter": 0.42192, "accuracy": 0.49318, "precision": 0.49723, "recall": 0.78198, "f1": 0.60791, "auc": 0.46694}
{"epoch": 13, "time_epoch": 54.3817, "eta": 4675.62814, "eta_hours": 1.29879, "loss": 0.69328952, "lr": 0.00095888, "params": 4143, "time_iter": 0.42156, "accuracy": 0.50243, "precision": 0.50243, "recall": 1.0, "f1": 0.66883, "auc": 0.47373}
{"epoch": 14, "time_epoch": 54.46411, "eta": 4621.8063, "eta_hours": 1.28384, "loss": 0.69343906, "lr": 0.00095241, "params": 4143, "time_iter": 0.4222, "accuracy": 0.49172, "precision": 0.49174, "recall": 0.34593, "f1": 0.40614, "auc": 0.49491}
{"epoch": 15, "time_epoch": 54.45032, "eta": 4567.8318, "eta_hours": 1.26884, "loss": 0.69338454, "lr": 0.0009455, "params": 4143, "time_iter": 0.4221, "accuracy": 0.50243, "precision": 0.50243, "recall": 1.0, "f1": 0.66883, "auc": 0.4715}
{"epoch": 16, "time_epoch": 54.33466, "eta": 4513.23661, "eta_hours": 1.25368, "loss": 0.69333068, "lr": 0.00093815, "params": 4143, "time_iter": 0.4212, "accuracy": 0.49562, "precision": 0.49901, "recall": 0.97771, "f1": 0.66077, "auc": 0.48391}
{"epoch": 17, "time_epoch": 54.32753, "eta": 4458.63789, "eta_hours": 1.23851, "loss": 0.69327302, "lr": 0.00093037, "params": 4143, "time_iter": 0.42114, "accuracy": 0.49464, "precision": 0.49817, "recall": 0.7907, "f1": 0.61124, "auc": 0.48359}
{"epoch": 18, "time_epoch": 54.49452, "eta": 4404.77961, "eta_hours": 1.22355, "loss": 0.69332731, "lr": 0.00092216, "params": 4143, "time_iter": 0.42244, "accuracy": 0.49951, "precision": 0.50116, "recall": 0.83915, "f1": 0.62754, "auc": 0.48589}
{"epoch": 19, "time_epoch": 54.30414, "eta": 4350.09621, "eta_hours": 1.20836, "loss": 0.69336657, "lr": 0.00091354, "params": 4143, "time_iter": 0.42096, "accuracy": 0.49464, "precision": 0.49718, "recall": 0.51163, "f1": 0.5043, "auc": 0.48316}
{"epoch": 20, "time_epoch": 54.27907, "eta": 4295.35459, "eta_hours": 1.19315, "loss": 0.69334754, "lr": 0.00090451, "params": 4143, "time_iter": 0.42077, "accuracy": 0.50243, "precision": 0.50243, "recall": 1.0, "f1": 0.66883, "auc": 0.47392}
{"epoch": 21, "time_epoch": 54.45965, "eta": 4241.29528, "eta_hours": 1.17814, "loss": 0.69354212, "lr": 0.00089508, "params": 4143, "time_iter": 0.42217, "accuracy": 0.48685, "precision": 0.48932, "recall": 0.48837, "f1": 0.48885, "auc": 0.4795}
{"epoch": 22, "time_epoch": 54.36281, "eta": 4186.87695, "eta_hours": 1.16302, "loss": 0.69336835, "lr": 0.00088526, "params": 4143, "time_iter": 0.42142, "accuracy": 0.4888, "precision": 0.47097, "recall": 0.14147, "f1": 0.21759, "auc": 0.48744}
{"epoch": 23, "time_epoch": 54.61264, "eta": 4133.25436, "eta_hours": 1.14813, "loss": 0.69333062, "lr": 0.00087506, "params": 4143, "time_iter": 0.42335, "accuracy": 0.50243, "precision": 0.50243, "recall": 1.0, "f1": 0.66883, "auc": 0.46956}
{"epoch": 24, "time_epoch": 54.48099, "eta": 4079.15762, "eta_hours": 1.1331, "loss": 0.69332951, "lr": 0.00086448, "params": 4143, "time_iter": 0.42233, "accuracy": 0.50243, "precision": 0.50243, "recall": 1.0, "f1": 0.66883, "auc": 0.47766}
{"epoch": 25, "time_epoch": 54.36309, "eta": 4024.69576, "eta_hours": 1.11797, "loss": 0.69324306, "lr": 0.00085355, "params": 4143, "time_iter": 0.42142, "accuracy": 0.50243, "precision": 0.50243, "recall": 1.0, "f1": 0.66883, "auc": 0.48845}
{"epoch": 26, "time_epoch": 54.72299, "eta": 3971.21429, "eta_hours": 1.10312, "loss": 0.69335033, "lr": 0.00084227, "params": 4143, "time_iter": 0.42421, "accuracy": 0.50049, "precision": 0.50156, "recall": 0.93314, "f1": 0.65244, "auc": 0.48419}
{"epoch": 27, "time_epoch": 54.2904, "eta": 3916.53177, "eta_hours": 1.08793, "loss": 0.69330231, "lr": 0.00083066, "params": 4143, "time_iter": 0.42086, "accuracy": 0.49172, "precision": 0.49493, "recall": 0.56783, "f1": 0.52888, "auc": 0.47557}
{"epoch": 28, "time_epoch": 54.3683, "eta": 3862.06701, "eta_hours": 1.0728, "loss": 0.69326049, "lr": 0.00081871, "params": 4143, "time_iter": 0.42146, "accuracy": 0.49562, "precision": 0.49559, "recall": 0.21802, "f1": 0.30283, "auc": 0.48351}
{"epoch": 29, "time_epoch": 54.33451, "eta": 3807.52983, "eta_hours": 1.05765, "loss": 0.69322469, "lr": 0.00080645, "params": 4143, "time_iter": 0.4212, "accuracy": 0.49951, "precision": 0.50104, "recall": 0.93217, "f1": 0.65176, "auc": 0.49032}
{"epoch": 30, "time_epoch": 54.22642, "eta": 3752.76515, "eta_hours": 1.04243, "loss": 0.69327421, "lr": 0.00079389, "params": 4143, "time_iter": 0.42036, "accuracy": 0.4742, "precision": 0.4846, "recall": 0.73159, "f1": 0.58301, "auc": 0.46358}
{"epoch": 31, "time_epoch": 54.32089, "eta": 3698.23485, "eta_hours": 1.02729, "loss": 0.69326586, "lr": 0.00078104, "params": 4143, "time_iter": 0.42109, "accuracy": 0.47614, "precision": 0.48331, "recall": 0.61725, "f1": 0.54213, "auc": 0.47101}
{"epoch": 32, "time_epoch": 54.37924, "eta": 3643.83572, "eta_hours": 1.01218, "loss": 0.6932822, "lr": 0.00076791, "params": 4143, "time_iter": 0.42154, "accuracy": 0.50243, "precision": 0.50243, "recall": 1.0, "f1": 0.66883, "auc": 0.47932}
{"epoch": 33, "time_epoch": 54.39222, "eta": 3589.46295, "eta_hours": 0.99707, "loss": 0.69325912, "lr": 0.00075452, "params": 4143, "time_iter": 0.42165, "accuracy": 0.48393, "precision": 0.49073, "recall": 0.71802, "f1": 0.58301, "auc": 0.46818}
{"epoch": 34, "time_epoch": 54.30434, "eta": 3534.92586, "eta_hours": 0.98192, "loss": 0.69323225, "lr": 0.00074088, "params": 4143, "time_iter": 0.42096, "accuracy": 0.50243, "precision": 0.50243, "recall": 1.0, "f1": 0.66883, "auc": 0.48074}
{"epoch": 35, "time_epoch": 54.29628, "eta": 3480.38737, "eta_hours": 0.96677, "loss": 0.69331219, "lr": 0.000727, "params": 4143, "time_iter": 0.4209, "accuracy": 0.50243, "precision": 0.50243, "recall": 1.0, "f1": 0.66883, "auc": 0.47192}
{"epoch": 36, "time_epoch": 54.30113, "eta": 3425.87024, "eta_hours": 0.95163, "loss": 0.69322954, "lr": 0.00071289, "params": 4143, "time_iter": 0.42094, "accuracy": 0.50243, "precision": 0.50243, "recall": 1.0, "f1": 0.66883, "auc": 0.46177}
{"epoch": 37, "time_epoch": 54.4163, "eta": 3371.55238, "eta_hours": 0.93654, "loss": 0.69327992, "lr": 0.00069857, "params": 4143, "time_iter": 0.42183, "accuracy": 0.4888, "precision": 0.49317, "recall": 0.62984, "f1": 0.55319, "auc": 0.47672}
{"epoch": 38, "time_epoch": 54.43106, "eta": 3317.25255, "eta_hours": 0.92146, "loss": 0.69335216, "lr": 0.00068406, "params": 4143, "time_iter": 0.42195, "accuracy": 0.50243, "precision": 0.50243, "recall": 1.0, "f1": 0.66883, "auc": 0.48828}
{"epoch": 39, "time_epoch": 54.58139, "eta": 3263.17166, "eta_hours": 0.90644, "loss": 0.69321382, "lr": 0.00066937, "params": 4143, "time_iter": 0.42311, "accuracy": 0.4888, "precision": 0.49456, "recall": 0.79264, "f1": 0.60908, "auc": 0.47845}
{"epoch": 40, "time_epoch": 54.51016, "eta": 3208.96385, "eta_hours": 0.89138, "loss": 0.69337346, "lr": 0.00065451, "params": 4143, "time_iter": 0.42256, "accuracy": 0.49464, "precision": 0.49845, "recall": 0.93508, "f1": 0.65027, "auc": 0.47663}
{"epoch": 41, "time_epoch": 54.45241, "eta": 3154.66191, "eta_hours": 0.87629, "loss": 0.69329582, "lr": 0.0006395, "params": 4143, "time_iter": 0.42211, "accuracy": 0.49075, "precision": 0.4942, "recall": 0.57752, "f1": 0.53262, "auc": 0.47914}
{"epoch": 42, "time_epoch": 54.45257, "eta": 3100.35316, "eta_hours": 0.86121, "loss": 0.69330622, "lr": 0.00062434, "params": 4143, "time_iter": 0.42211, "accuracy": 0.49172, "precision": 0.4697, "recall": 0.09012, "f1": 0.15122, "auc": 0.47978}
{"epoch": 43, "time_epoch": 54.3758, "eta": 3045.94018, "eta_hours": 0.84609, "loss": 0.6933103, "lr": 0.00060907, "params": 4143, "time_iter": 0.42152, "accuracy": 0.50243, "precision": 0.50243, "recall": 1.0, "f1": 0.66883, "auc": 0.47657}
{"epoch": 44, "time_epoch": 54.40471, "eta": 2991.56418, "eta_hours": 0.83099, "loss": 0.69323353, "lr": 0.00059369, "params": 4143, "time_iter": 0.42174, "accuracy": 0.50243, "precision": 0.50243, "recall": 1.0, "f1": 0.66883, "auc": 0.48314}
{"epoch": 45, "time_epoch": 54.30531, "eta": 2937.07025, "eta_hours": 0.81585, "loss": 0.69325073, "lr": 0.00057822, "params": 4143, "time_iter": 0.42097, "accuracy": 0.49075, "precision": 0.49581, "recall": 0.80233, "f1": 0.61288, "auc": 0.47649}
{"epoch": 46, "time_epoch": 54.36074, "eta": 2882.64686, "eta_hours": 0.80074, "loss": 0.69322519, "lr": 0.00056267, "params": 4143, "time_iter": 0.4214, "accuracy": 0.49075, "precision": 0.49555, "recall": 0.75581, "f1": 0.59862, "auc": 0.47574}
{"epoch": 47, "time_epoch": 54.36566, "eta": 2828.2314, "eta_hours": 0.78562, "loss": 0.69322455, "lr": 0.00054705, "params": 4143, "time_iter": 0.42144, "accuracy": 0.50243, "precision": 0.50243, "recall": 1.0, "f1": 0.66883, "auc": 0.47539}
{"epoch": 48, "time_epoch": 54.40154, "eta": 2773.85532, "eta_hours": 0.77052, "loss": 0.69324922, "lr": 0.0005314, "params": 4143, "time_iter": 0.42172, "accuracy": 0.49854, "precision": 0.50053, "recall": 0.9186, "f1": 0.64798, "auc": 0.47956}
{"epoch": 49, "time_epoch": 54.43721, "eta": 2719.51389, "eta_hours": 0.75542, "loss": 0.69326571, "lr": 0.00051571, "params": 4143, "time_iter": 0.42199, "accuracy": 0.48978, "precision": 0.49345, "recall": 0.5843, "f1": 0.53505, "auc": 0.48009}
{"epoch": 50, "time_epoch": 54.54795, "eta": 2665.2751, "eta_hours": 0.74035, "loss": 0.69324879, "lr": 0.0005, "params": 4143, "time_iter": 0.42285, "accuracy": 0.49075, "precision": 0.49275, "recall": 0.46124, "f1": 0.47648, "auc": 0.47817}
{"epoch": 51, "time_epoch": 54.43433, "eta": 2610.91954, "eta_hours": 0.72526, "loss": 0.69324874, "lr": 0.00048429, "params": 4143, "time_iter": 0.42197, "accuracy": 0.4927, "precision": 0.49621, "recall": 0.63372, "f1": 0.5566, "auc": 0.4845}
{"epoch": 52, "time_epoch": 54.43323, "eta": 2556.56004, "eta_hours": 0.71016, "loss": 0.69320351, "lr": 0.0004686, "params": 4143, "time_iter": 0.42196, "accuracy": 0.50243, "precision": 0.50243, "recall": 1.0, "f1": 0.66883, "auc": 0.48404}
{"epoch": 53, "time_epoch": 54.4803, "eta": 2502.2379, "eta_hours": 0.69507, "loss": 0.69323063, "lr": 0.00045295, "params": 4143, "time_iter": 0.42233, "accuracy": 0.50243, "precision": 0.50243, "recall": 1.0, "f1": 0.66883, "auc": 0.47658}
{"epoch": 54, "time_epoch": 54.44796, "eta": 2447.88354, "eta_hours": 0.67997, "loss": 0.69332005, "lr": 0.00043733, "params": 4143, "time_iter": 0.42208, "accuracy": 0.50243, "precision": 0.50243, "recall": 1.0, "f1": 0.66883, "auc": 0.48117}
{"epoch": 55, "time_epoch": 54.38766, "eta": 2393.47847, "eta_hours": 0.66486, "loss": 0.69323681, "lr": 0.00042178, "params": 4143, "time_iter": 0.42161, "accuracy": 0.50243, "precision": 0.50243, "recall": 1.0, "f1": 0.66883, "auc": 0.48148}
{"epoch": 56, "time_epoch": 54.44847, "eta": 2339.11988, "eta_hours": 0.64976, "loss": 0.69322574, "lr": 0.00040631, "params": 4143, "time_iter": 0.42208, "accuracy": 0.50243, "precision": 0.50243, "recall": 1.0, "f1": 0.66883, "auc": 0.47629}
{"epoch": 57, "time_epoch": 54.47959, "eta": 2284.78073, "eta_hours": 0.63466, "loss": 0.6932542, "lr": 0.00039093, "params": 4143, "time_iter": 0.42232, "accuracy": 0.50243, "precision": 0.50243, "recall": 1.0, "f1": 0.66883, "auc": 0.47604}
{"epoch": 58, "time_epoch": 54.41714, "eta": 2230.39342, "eta_hours": 0.61955, "loss": 0.6931966, "lr": 0.00037566, "params": 4143, "time_iter": 0.42184, "accuracy": 0.50243, "precision": 0.50243, "recall": 1.0, "f1": 0.66883, "auc": 0.48321}
{"epoch": 59, "time_epoch": 54.44783, "eta": 2176.02557, "eta_hours": 0.60445, "loss": 0.69326676, "lr": 0.0003605, "params": 4143, "time_iter": 0.42208, "accuracy": 0.50243, "precision": 0.50243, "recall": 1.0, "f1": 0.66883, "auc": 0.46506}
{"epoch": 60, "time_epoch": 54.59855, "eta": 2121.75147, "eta_hours": 0.58938, "loss": 0.69325594, "lr": 0.00034549, "params": 4143, "time_iter": 0.42324, "accuracy": 0.47907, "precision": 0.48288, "recall": 0.51938, "f1": 0.50047, "auc": 0.46464}
{"epoch": 61, "time_epoch": 54.41991, "eta": 2067.35741, "eta_hours": 0.57427, "loss": 0.69323129, "lr": 0.00033063, "params": 4143, "time_iter": 0.42186, "accuracy": 0.50243, "precision": 0.50243, "recall": 1.0, "f1": 0.66883, "auc": 0.46544}
{"epoch": 62, "time_epoch": 54.335, "eta": 2012.91266, "eta_hours": 0.55914, "loss": 0.69316521, "lr": 0.00031594, "params": 4143, "time_iter": 0.4212, "accuracy": 0.50243, "precision": 0.50243, "recall": 1.0, "f1": 0.66883, "auc": 0.48065}
{"epoch": 63, "time_epoch": 54.42002, "eta": 1958.51916, "eta_hours": 0.54403, "loss": 0.69317301, "lr": 0.00030143, "params": 4143, "time_iter": 0.42186, "accuracy": 0.50243, "precision": 0.50243, "recall": 1.0, "f1": 0.66883, "auc": 0.46106}
{"epoch": 64, "time_epoch": 54.42539, "eta": 1904.12774, "eta_hours": 0.52892, "loss": 0.69318504, "lr": 0.00028711, "params": 4143, "time_iter": 0.4219, "accuracy": 0.50243, "precision": 0.50243, "recall": 1.0, "f1": 0.66883, "auc": 0.47271}
{"epoch": 65, "time_epoch": 54.44328, "eta": 1849.74451, "eta_hours": 0.51382, "loss": 0.69319735, "lr": 0.000273, "params": 4143, "time_iter": 0.42204, "accuracy": 0.50243, "precision": 0.50243, "recall": 1.0, "f1": 0.66883, "auc": 0.4726}
{"epoch": 66, "time_epoch": 54.54367, "eta": 1795.40893, "eta_hours": 0.49872, "loss": 0.69317978, "lr": 0.00025912, "params": 4143, "time_iter": 0.42282, "accuracy": 0.50243, "precision": 0.50243, "recall": 1.0, "f1": 0.66883, "auc": 0.47852}
{"epoch": 67, "time_epoch": 54.43016, "eta": 1741.01381, "eta_hours": 0.48361, "loss": 0.69320234, "lr": 0.00024548, "params": 4143, "time_iter": 0.42194, "accuracy": 0.50243, "precision": 0.50243, "recall": 1.0, "f1": 0.66883, "auc": 0.48126}
{"epoch": 68, "time_epoch": 54.52458, "eta": 1686.6601, "eta_hours": 0.46852, "loss": 0.69317512, "lr": 0.00023209, "params": 4143, "time_iter": 0.42267, "accuracy": 0.50243, "precision": 0.50243, "recall": 1.0, "f1": 0.66883, "auc": 0.48144}
{"epoch": 69, "time_epoch": 54.62069, "eta": 1632.3427, "eta_hours": 0.45343, "loss": 0.69326513, "lr": 0.00021896, "params": 4143, "time_iter": 0.42342, "accuracy": 0.50243, "precision": 0.50243, "recall": 1.0, "f1": 0.66883, "auc": 0.47539}
{"epoch": 70, "time_epoch": 54.66381, "eta": 1578.03436, "eta_hours": 0.43834, "loss": 0.69319796, "lr": 0.00020611, "params": 4143, "time_iter": 0.42375, "accuracy": 0.49464, "precision": 0.49827, "recall": 0.83721, "f1": 0.62473, "auc": 0.47425}
{"epoch": 71, "time_epoch": 54.57404, "eta": 1523.68124, "eta_hours": 0.42324, "loss": 0.69316702, "lr": 0.00019355, "params": 4143, "time_iter": 0.42305, "accuracy": 0.50243, "precision": 0.50243, "recall": 1.0, "f1": 0.66883, "auc": 0.47816}
{"epoch": 72, "time_epoch": 54.64445, "eta": 1469.34811, "eta_hours": 0.40815, "loss": 0.69318702, "lr": 0.00018129, "params": 4143, "time_iter": 0.4236, "accuracy": 0.50243, "precision": 0.50243, "recall": 1.0, "f1": 0.66883, "auc": 0.47736}
{"epoch": 73, "time_epoch": 54.45493, "eta": 1414.93998, "eta_hours": 0.39304, "loss": 0.69316015, "lr": 0.00016934, "params": 4143, "time_iter": 0.42213, "accuracy": 0.50243, "precision": 0.50243, "recall": 1.0, "f1": 0.66883, "auc": 0.48026}
{"epoch": 74, "time_epoch": 54.63954, "eta": 1360.59213, "eta_hours": 0.37794, "loss": 0.69316157, "lr": 0.00015773, "params": 4143, "time_iter": 0.42356, "accuracy": 0.50243, "precision": 0.50243, "recall": 1.0, "f1": 0.66883, "auc": 0.4644}
{"epoch": 75, "time_epoch": 54.65873, "eta": 1306.24267, "eta_hours": 0.36285, "loss": 0.69318288, "lr": 0.00014645, "params": 4143, "time_iter": 0.42371, "accuracy": 0.50243, "precision": 0.50243, "recall": 1.0, "f1": 0.66883, "auc": 0.46712}
{"epoch": 76, "time_epoch": 54.61245, "eta": 1251.87135, "eta_hours": 0.34774, "loss": 0.693157, "lr": 0.00013552, "params": 4143, "time_iter": 0.42335, "accuracy": 0.50243, "precision": 0.50243, "recall": 1.0, "f1": 0.66883, "auc": 0.47753}
{"epoch": 77, "time_epoch": 54.60664, "eta": 1197.49221, "eta_hours": 0.33264, "loss": 0.69318772, "lr": 0.00012494, "params": 4143, "time_iter": 0.42331, "accuracy": 0.50243, "precision": 0.50243, "recall": 1.0, "f1": 0.66883, "auc": 0.47486}
{"epoch": 78, "time_epoch": 54.70462, "eta": 1143.13336, "eta_hours": 0.31754, "loss": 0.69315373, "lr": 0.00011474, "params": 4143, "time_iter": 0.42407, "accuracy": 0.50243, "precision": 0.50243, "recall": 1.0, "f1": 0.66883, "auc": 0.48201}
{"epoch": 79, "time_epoch": 54.42356, "eta": 1088.6956, "eta_hours": 0.30242, "loss": 0.69315129, "lr": 0.00010492, "params": 4143, "time_iter": 0.42189, "accuracy": 0.50243, "precision": 0.50243, "recall": 1.0, "f1": 0.66883, "auc": 0.47454}
{"epoch": 80, "time_epoch": 54.44764, "eta": 1034.26384, "eta_hours": 0.2873, "loss": 0.69314927, "lr": 9.549e-05, "params": 4143, "time_iter": 0.42207, "accuracy": 0.50243, "precision": 0.50243, "recall": 1.0, "f1": 0.66883, "auc": 0.47118}
{"epoch": 81, "time_epoch": 54.3494, "eta": 979.81012, "eta_hours": 0.27217, "loss": 0.69315704, "lr": 8.646e-05, "params": 4143, "time_iter": 0.42131, "accuracy": 0.50243, "precision": 0.50243, "recall": 1.0, "f1": 0.66883, "auc": 0.47845}
{"epoch": 82, "time_epoch": 54.4142, "eta": 925.37219, "eta_hours": 0.25705, "loss": 0.69315703, "lr": 7.784e-05, "params": 4143, "time_iter": 0.42182, "accuracy": 0.50243, "precision": 0.50243, "recall": 1.0, "f1": 0.66883, "auc": 0.4822}
{"epoch": 83, "time_epoch": 54.44634, "eta": 870.94095, "eta_hours": 0.24193, "loss": 0.6931473, "lr": 6.963e-05, "params": 4143, "time_iter": 0.42206, "accuracy": 0.50243, "precision": 0.50243, "recall": 1.0, "f1": 0.66883, "auc": 0.46929}
{"epoch": 84, "time_epoch": 54.53072, "eta": 816.52424, "eta_hours": 0.22681, "loss": 0.69315081, "lr": 6.185e-05, "params": 4143, "time_iter": 0.42272, "accuracy": 0.50243, "precision": 0.50243, "recall": 1.0, "f1": 0.66883, "auc": 0.48086}
{"epoch": 85, "time_epoch": 54.35654, "eta": 762.07653, "eta_hours": 0.21169, "loss": 0.69314822, "lr": 5.45e-05, "params": 4143, "time_iter": 0.42137, "accuracy": 0.50243, "precision": 0.50243, "recall": 1.0, "f1": 0.66883, "auc": 0.46366}
{"epoch": 86, "time_epoch": 54.46034, "eta": 707.64642, "eta_hours": 0.19657, "loss": 0.69315487, "lr": 4.759e-05, "params": 4143, "time_iter": 0.42217, "accuracy": 0.50243, "precision": 0.50243, "recall": 1.0, "f1": 0.66883, "auc": 0.47939}
{"epoch": 87, "time_epoch": 54.38764, "eta": 653.20571, "eta_hours": 0.18145, "loss": 0.69313994, "lr": 4.112e-05, "params": 4143, "time_iter": 0.42161, "accuracy": 0.50243, "precision": 0.50243, "recall": 1.0, "f1": 0.66883, "auc": 0.48429}
{"epoch": 88, "time_epoch": 54.42557, "eta": 598.77088, "eta_hours": 0.16633, "loss": 0.69314544, "lr": 3.511e-05, "params": 4143, "time_iter": 0.4219, "accuracy": 0.50243, "precision": 0.50243, "recall": 1.0, "f1": 0.66883, "auc": 0.46991}
{"epoch": 89, "time_epoch": 54.4836, "eta": 544.34271, "eta_hours": 0.15121, "loss": 0.69314227, "lr": 2.956e-05, "params": 4143, "time_iter": 0.42235, "accuracy": 0.50243, "precision": 0.50243, "recall": 1.0, "f1": 0.66883, "auc": 0.47445}
{"epoch": 90, "time_epoch": 54.51984, "eta": 489.9169, "eta_hours": 0.13609, "loss": 0.69314125, "lr": 2.447e-05, "params": 4143, "time_iter": 0.42263, "accuracy": 0.50243, "precision": 0.50243, "recall": 1.0, "f1": 0.66883, "auc": 0.46214}
{"epoch": 91, "time_epoch": 54.41758, "eta": 435.48016, "eta_hours": 0.12097, "loss": 0.69314084, "lr": 1.985e-05, "params": 4143, "time_iter": 0.42184, "accuracy": 0.50243, "precision": 0.50243, "recall": 1.0, "f1": 0.66883, "auc": 0.47401}
{"epoch": 92, "time_epoch": 54.48244, "eta": 381.04871, "eta_hours": 0.10585, "loss": 0.69313715, "lr": 1.571e-05, "params": 4143, "time_iter": 0.42234, "accuracy": 0.50243, "precision": 0.50243, "recall": 1.0, "f1": 0.66883, "auc": 0.47064}
{"epoch": 93, "time_epoch": 54.39489, "eta": 326.61058, "eta_hours": 0.09073, "loss": 0.69313755, "lr": 1.204e-05, "params": 4143, "time_iter": 0.42167, "accuracy": 0.50243, "precision": 0.50243, "recall": 1.0, "f1": 0.66883, "auc": 0.47559}
{"epoch": 94, "time_epoch": 54.49091, "eta": 272.17842, "eta_hours": 0.07561, "loss": 0.69313803, "lr": 8.86e-06, "params": 4143, "time_iter": 0.42241, "accuracy": 0.50243, "precision": 0.50243, "recall": 1.0, "f1": 0.66883, "auc": 0.47598}
{"epoch": 95, "time_epoch": 54.4823, "eta": 217.74468, "eta_hours": 0.06048, "loss": 0.69313586, "lr": 6.16e-06, "params": 4143, "time_iter": 0.42234, "accuracy": 0.50243, "precision": 0.50243, "recall": 1.0, "f1": 0.66883, "auc": 0.4791}
{"epoch": 96, "time_epoch": 54.50101, "eta": 163.31052, "eta_hours": 0.04536, "loss": 0.69313625, "lr": 3.94e-06, "params": 4143, "time_iter": 0.42249, "accuracy": 0.50243, "precision": 0.50243, "recall": 1.0, "f1": 0.66883, "auc": 0.47634}
{"epoch": 97, "time_epoch": 54.34356, "eta": 108.87177, "eta_hours": 0.03024, "loss": 0.69313601, "lr": 2.22e-06, "params": 4143, "time_iter": 0.42127, "accuracy": 0.50243, "precision": 0.50243, "recall": 1.0, "f1": 0.66883, "auc": 0.47277}
{"epoch": 98, "time_epoch": 54.45394, "eta": 54.43607, "eta_hours": 0.01512, "loss": 0.69313541, "lr": 9.9e-07, "params": 4143, "time_iter": 0.42212, "accuracy": 0.50243, "precision": 0.50243, "recall": 1.0, "f1": 0.66883, "auc": 0.46498}
{"epoch": 99, "time_epoch": 54.34663, "eta": 0.0, "eta_hours": 0.0, "loss": 0.69313539, "lr": 2.5e-07, "params": 4143, "time_iter": 0.42129, "accuracy": 0.50243, "precision": 0.50243, "recall": 1.0, "f1": 0.66883, "auc": 0.46814}
