{"epoch": 0, "time_epoch": 0.97692, "time_epoch_std": 0.0, "eta": 96.71542, "eta_std": 0.0, "eta_hours": 0.02687, "eta_hours_std": 0.0, "loss": 0.69653, "loss_std": 0.0, "lr": 0.001, "lr_std": 0.0, "params": 9207.0, "params_std": 0.0, "time_iter": 0.32564, "time_iter_std": 0.0, "accuracy": 0.47619, "accuracy_std": 0.0, "precision": 0.47619, "precision_std": 0.0, "recall": 1.0, "recall_std": 0.0, "f1": 0.64516, "f1_std": 0.0, "auc": 0.36932, "auc_std": 0.0}
{"epoch": 1, "time_epoch": 2.27314, "time_epoch_std": 0.0, "eta": 159.253, "eta_std": 0.0, "eta_hours": 0.04424, "eta_hours_std": 0.0, "loss": 0.69542, "loss_std": 0.0, "lr": 0.001, "lr_std": 0.0, "params": 9207.0, "params_std": 0.0, "time_iter": 0.75771, "time_iter_std": 0.0, "accuracy": 0.47619, "accuracy_std": 0.0, "precision": 0.47619, "precision_std": 0.0, "recall": 1.0, "recall_std": 0.0, "f1": 0.64516, "f1_std": 0.0, "auc": 0.45, "auc_std": 0.0}
{"epoch": 2, "time_epoch": 2.12816, "time_epoch_std": 0.0, "eta": 173.89581, "eta_std": 0.0, "eta_hours": 0.0483, "eta_hours_std": 0.0, "loss": 0.69509, "loss_std": 0.0, "lr": 0.001, "lr_std": 0.0, "params": 9207.0, "params_std": 0.0, "time_iter": 0.70939, "time_iter_std": 0.0, "accuracy": 0.47619, "accuracy_std": 0.0, "precision": 0.47619, "precision_std": 0.0, "recall": 1.0, "recall_std": 0.0, "f1": 0.64516, "f1_std": 0.0, "auc": 0.49545, "auc_std": 0.0}
{"epoch": 3, "time_epoch": 2.19648, "time_epoch_std": 0.0, "eta": 181.79289, "eta_std": 0.0, "eta_hours": 0.0505, "eta_hours_std": 0.0, "loss": 0.69557, "loss_std": 0.0, "lr": 0.001, "lr_std": 0.0, "params": 9207.0, "params_std": 0.0, "time_iter": 0.73216, "time_iter_std": 0.0, "accuracy": 0.47619, "accuracy_std": 0.0, "precision": 0.47619, "precision_std": 0.0, "recall": 1.0, "recall_std": 0.0, "f1": 0.64516, "f1_std": 0.0, "auc": 0.41818, "auc_std": 0.0}
{"epoch": 4, "time_epoch": 2.22438, "time_epoch_std": 0.0, "eta": 186.18264, "eta_std": 0.0, "eta_hours": 0.05172, "eta_hours_std": 0.0, "loss": 0.6941, "loss_std": 0.0, "lr": 0.001, "lr_std": 0.0, "params": 9207.0, "params_std": 0.0, "time_iter": 0.74146, "time_iter_std": 0.0, "accuracy": 0.5, "accuracy_std": 0.0, "precision": 0.4878, "precision_std": 0.0, "recall": 1.0, "recall_std": 0.0, "f1": 0.65574, "f1_std": 0.0, "auc": 0.51136, "auc_std": 0.0}
{"epoch": 5, "time_epoch": 2.16025, "time_epoch_std": 0.0, "eta": 187.36288, "eta_std": 0.0, "eta_hours": 0.05205, "eta_hours_std": 0.0, "loss": 0.69343, "loss_std": 0.0, "lr": 0.00099, "lr_std": 0.0, "params": 9207.0, "params_std": 0.0, "time_iter": 0.72008, "time_iter_std": 0.0, "accuracy": 0.5, "accuracy_std": 0.0, "precision": 0.4878, "precision_std": 0.0, "recall": 1.0, "recall_std": 0.0, "f1": 0.65574, "f1_std": 0.0, "auc": 0.59773, "auc_std": 0.0}
{"epoch": 6, "time_epoch": 2.16508, "time_epoch_std": 0.0, "eta": 187.65289, "eta_std": 0.0, "eta_hours": 0.05213, "eta_hours_std": 0.0, "loss": 0.69409, "loss_std": 0.0, "lr": 0.00099, "lr_std": 0.0, "params": 9207.0, "params_std": 0.0, "time_iter": 0.72169, "time_iter_std": 0.0, "accuracy": 0.45238, "accuracy_std": 0.0, "precision": 0.46154, "precision_std": 0.0, "recall": 0.9, "recall_std": 0.0, "f1": 0.61017, "f1_std": 0.0, "auc": 0.48182, "auc_std": 0.0}
{"epoch": 7, "time_epoch": 0.81109, "time_epoch_std": 0.0, "eta": 171.75825, "eta_std": 0.0, "eta_hours": 0.04771, "eta_hours_std": 0.0, "loss": 0.69255, "loss_std": 0.0, "lr": 0.00099, "lr_std": 0.0, "params": 9207.0, "params_std": 0.0, "time_iter": 0.27036, "time_iter_std": 0.0, "accuracy": 0.57143, "accuracy_std": 0.0, "precision": 0.52632, "precision_std": 0.0, "recall": 1.0, "recall_std": 0.0, "f1": 0.68966, "f1_std": 0.0, "auc": 0.67727, "auc_std": 0.0}
{"epoch": 8, "time_epoch": 0.11581, "time_epoch_std": 0.0, "eta": 152.18542, "eta_std": 0.0, "eta_hours": 0.04227, "eta_hours_std": 0.0, "loss": 0.69143, "loss_std": 0.0, "lr": 0.00098, "lr_std": 0.0, "params": 9207.0, "params_std": 0.0, "time_iter": 0.0386, "time_iter_std": 0.0, "accuracy": 0.57143, "accuracy_std": 0.0, "precision": 0.52632, "precision_std": 0.0, "recall": 1.0, "recall_std": 0.0, "f1": 0.68966, "f1_std": 0.0, "auc": 0.71364, "auc_std": 0.0}
{"epoch": 9, "time_epoch": 0.11537, "time_epoch_std": 0.0, "eta": 136.50005, "eta_std": 0.0, "eta_hours": 0.03792, "eta_hours_std": 0.0, "loss": 0.69126, "loss_std": 0.0, "lr": 0.00098, "lr_std": 0.0, "params": 9207.0, "params_std": 0.0, "time_iter": 0.03846, "time_iter_std": 0.0, "accuracy": 0.54762, "accuracy_std": 0.0, "precision": 0.51429, "precision_std": 0.0, "recall": 0.9, "recall_std": 0.0, "f1": 0.65455, "f1_std": 0.0, "auc": 0.69318, "auc_std": 0.0}
{"epoch": 10, "time_epoch": 0.14146, "time_epoch_std": 0.0, "eta": 123.85673, "eta_std": 0.0, "eta_hours": 0.0344, "eta_hours_std": 0.0, "loss": 0.69064, "loss_std": 0.0, "lr": 0.00098, "lr_std": 0.0, "params": 9207.0, "params_std": 0.0, "time_iter": 0.04715, "time_iter_std": 0.0, "accuracy": 0.5, "accuracy_std": 0.0, "precision": 0.48276, "precision_std": 0.0, "recall": 0.7, "recall_std": 0.0, "f1": 0.57143, "f1_std": 0.0, "auc": 0.71591, "auc_std": 0.0}
{"epoch": 11, "time_epoch": 0.13794, "time_epoch_std": 0.0, "eta": 113.27125, "eta_std": 0.0, "eta_hours": 0.03146, "eta_hours_std": 0.0, "loss": 0.68864, "loss_std": 0.0, "lr": 0.00097, "lr_std": 0.0, "params": 9207.0, "params_std": 0.0, "time_iter": 0.04598, "time_iter_std": 0.0, "accuracy": 0.61905, "accuracy_std": 0.0, "precision": 0.58333, "precision_std": 0.0, "recall": 0.7, "recall_std": 0.0, "f1": 0.63636, "f1_std": 0.0, "auc": 0.75, "auc_std": 0.0}
{"epoch": 12, "time_epoch": 0.12399, "time_epoch_std": 0.0, "eta": 104.1997, "eta_std": 0.0, "eta_hours": 0.02894, "eta_hours_std": 0.0, "loss": 0.68695, "loss_std": 0.0, "lr": 0.00096, "lr_std": 0.0, "params": 9207.0, "params_std": 0.0, "time_iter": 0.04133, "time_iter_std": 0.0, "accuracy": 0.7381, "accuracy_std": 0.0, "precision": 0.73684, "precision_std": 0.0, "recall": 0.7, "recall_std": 0.0, "f1": 0.71795, "f1_std": 0.0, "auc": 0.81818, "auc_std": 0.0}
{"epoch": 13, "time_epoch": 0.12423, "time_epoch_std": 0.0, "eta": 96.40784, "eta_std": 0.0, "eta_hours": 0.02678, "eta_hours_std": 0.0, "loss": 0.6854, "loss_std": 0.0, "lr": 0.00096, "lr_std": 0.0, "params": 9207.0, "params_std": 0.0, "time_iter": 0.04141, "time_iter_std": 0.0, "accuracy": 0.7619, "accuracy_std": 0.0, "precision": 0.91667, "precision_std": 0.0, "recall": 0.55, "recall_std": 0.0, "f1": 0.6875, "f1_std": 0.0, "auc": 0.83409, "auc_std": 0.0}
{"epoch": 14, "time_epoch": 0.12888, "time_epoch_std": 0.0, "eta": 89.66469, "eta_std": 0.0, "eta_hours": 0.02491, "eta_hours_std": 0.0, "loss": 0.68151, "loss_std": 0.0, "lr": 0.00095, "lr_std": 0.0, "params": 9207.0, "params_std": 0.0, "time_iter": 0.04296, "time_iter_std": 0.0, "accuracy": 0.71429, "accuracy_std": 0.0, "precision": 0.83333, "precision_std": 0.0, "recall": 0.5, "recall_std": 0.0, "f1": 0.625, "f1_std": 0.0, "auc": 0.85, "auc_std": 0.0}
{"epoch": 15, "time_epoch": 0.12295, "time_epoch_std": 0.0, "eta": 83.71717, "eta_std": 0.0, "eta_hours": 0.02325, "eta_hours_std": 0.0, "loss": 0.679, "loss_std": 0.0, "lr": 0.00095, "lr_std": 0.0, "params": 9207.0, "params_std": 0.0, "time_iter": 0.04098, "time_iter_std": 0.0, "accuracy": 0.7381, "accuracy_std": 0.0, "precision": 0.90909, "precision_std": 0.0, "recall": 0.5, "recall_std": 0.0, "f1": 0.64516, "f1_std": 0.0, "auc": 0.88636, "auc_std": 0.0}
{"epoch": 16, "time_epoch": 0.12596, "time_epoch_std": 0.0, "eta": 78.4696, "eta_std": 0.0, "eta_hours": 0.0218, "eta_hours_std": 0.0, "loss": 0.67382, "loss_std": 0.0, "lr": 0.00094, "lr_std": 0.0, "params": 9207.0, "params_std": 0.0, "time_iter": 0.04199, "time_iter_std": 0.0, "accuracy": 0.7381, "accuracy_std": 0.0, "precision": 1.0, "precision_std": 0.0, "recall": 0.45, "recall_std": 0.0, "f1": 0.62069, "f1_std": 0.0, "auc": 0.90909, "auc_std": 0.0}
{"epoch": 17, "time_epoch": 0.12544, "time_epoch_std": 0.0, "eta": 73.78873, "eta_std": 0.0, "eta_hours": 0.0205, "eta_hours_std": 0.0, "loss": 0.67245, "loss_std": 0.0, "lr": 0.00093, "lr_std": 0.0, "params": 9207.0, "params_std": 0.0, "time_iter": 0.04181, "time_iter_std": 0.0, "accuracy": 0.61905, "accuracy_std": 0.0, "precision": 0.83333, "precision_std": 0.0, "recall": 0.25, "recall_std": 0.0, "f1": 0.38462, "f1_std": 0.0, "auc": 0.84318, "auc_std": 0.0}
{"epoch": 18, "time_epoch": 0.12598, "time_epoch_std": 0.0, "eta": 69.5897, "eta_std": 0.0, "eta_hours": 0.01933, "eta_hours_std": 0.0, "loss": 0.66573, "loss_std": 0.0, "lr": 0.00092, "lr_std": 0.0, "params": 9207.0, "params_std": 0.0, "time_iter": 0.04199, "time_iter_std": 0.0, "accuracy": 0.7619, "accuracy_std": 0.0, "precision": 1.0, "precision_std": 0.0, "recall": 0.5, "recall_std": 0.0, "f1": 0.66667, "f1_std": 0.0, "auc": 0.91364, "auc_std": 0.0}
{"epoch": 19, "time_epoch": 0.1269, "time_epoch_std": 0.0, "eta": 65.80165, "eta_std": 0.0, "eta_hours": 0.01828, "eta_hours_std": 0.0, "loss": 0.65474, "loss_std": 0.0, "lr": 0.00091, "lr_std": 0.0, "params": 9207.0, "params_std": 0.0, "time_iter": 0.0423, "time_iter_std": 0.0, "accuracy": 0.83333, "accuracy_std": 0.0, "precision": 1.0, "precision_std": 0.0, "recall": 0.65, "recall_std": 0.0, "f1": 0.78788, "f1_std": 0.0, "auc": 0.91136, "auc_std": 0.0}
{"epoch": 20, "time_epoch": 0.12358, "time_epoch_std": 0.0, "eta": 62.34977, "eta_std": 0.0, "eta_hours": 0.01732, "eta_hours_std": 0.0, "loss": 0.65, "loss_std": 0.0, "lr": 0.0009, "lr_std": 0.0, "params": 9207.0, "params_std": 0.0, "time_iter": 0.04119, "time_iter_std": 0.0, "accuracy": 0.78571, "accuracy_std": 0.0, "precision": 0.92308, "precision_std": 0.0, "recall": 0.6, "recall_std": 0.0, "f1": 0.72727, "f1_std": 0.0, "auc": 0.89545, "auc_std": 0.0}
{"epoch": 21, "time_epoch": 0.12721, "time_epoch_std": 0.0, "eta": 59.21333, "eta_std": 0.0, "eta_hours": 0.01645, "eta_hours_std": 0.0, "loss": 0.64262, "loss_std": 0.0, "lr": 0.0009, "lr_std": 0.0, "params": 9207.0, "params_std": 0.0, "time_iter": 0.0424, "time_iter_std": 0.0, "accuracy": 0.80952, "accuracy_std": 0.0, "precision": 1.0, "precision_std": 0.0, "recall": 0.6, "recall_std": 0.0, "f1": 0.75, "f1_std": 0.0, "auc": 0.89773, "auc_std": 0.0}
{"epoch": 22, "time_epoch": 0.12592, "time_epoch_std": 0.0, "eta": 56.33425, "eta_std": 0.0, "eta_hours": 0.01565, "eta_hours_std": 0.0, "loss": 0.63146, "loss_std": 0.0, "lr": 0.00089, "lr_std": 0.0, "params": 9207.0, "params_std": 0.0, "time_iter": 0.04197, "time_iter_std": 0.0, "accuracy": 0.80952, "accuracy_std": 0.0, "precision": 0.875, "precision_std": 0.0, "recall": 0.7, "recall_std": 0.0, "f1": 0.77778, "f1_std": 0.0, "auc": 0.92955, "auc_std": 0.0}
{"epoch": 23, "time_epoch": 0.12765, "time_epoch_std": 0.0, "eta": 53.69008, "eta_std": 0.0, "eta_hours": 0.01491, "eta_hours_std": 0.0, "loss": 0.61315, "loss_std": 0.0, "lr": 0.00088, "lr_std": 0.0, "params": 9207.0, "params_std": 0.0, "time_iter": 0.04255, "time_iter_std": 0.0, "accuracy": 0.78571, "accuracy_std": 0.0, "precision": 0.86667, "precision_std": 0.0, "recall": 0.65, "recall_std": 0.0, "f1": 0.74286, "f1_std": 0.0, "auc": 0.9, "auc_std": 0.0}
{"epoch": 24, "time_epoch": 0.12562, "time_epoch_std": 0.0, "eta": 51.24114, "eta_std": 0.0, "eta_hours": 0.01423, "eta_hours_std": 0.0, "loss": 0.61054, "loss_std": 0.0, "lr": 0.00086, "lr_std": 0.0, "params": 9207.0, "params_std": 0.0, "time_iter": 0.04187, "time_iter_std": 0.0, "accuracy": 0.7619, "accuracy_std": 0.0, "precision": 0.85714, "precision_std": 0.0, "recall": 0.6, "recall_std": 0.0, "f1": 0.70588, "f1_std": 0.0, "auc": 0.90682, "auc_std": 0.0}
{"epoch": 25, "time_epoch": 0.12369, "time_epoch_std": 0.0, "eta": 48.96543, "eta_std": 0.0, "eta_hours": 0.0136, "eta_hours_std": 0.0, "loss": 0.58411, "loss_std": 0.0, "lr": 0.00085, "lr_std": 0.0, "params": 9207.0, "params_std": 0.0, "time_iter": 0.04123, "time_iter_std": 0.0, "accuracy": 0.88095, "accuracy_std": 0.0, "precision": 0.94118, "precision_std": 0.0, "recall": 0.8, "recall_std": 0.0, "f1": 0.86486, "f1_std": 0.0, "auc": 0.92045, "auc_std": 0.0}
{"epoch": 26, "time_epoch": 0.12425, "time_epoch_std": 0.0, "eta": 46.85063, "eta_std": 0.0, "eta_hours": 0.01301, "eta_hours_std": 0.0, "loss": 0.58552, "loss_std": 0.0, "lr": 0.00084, "lr_std": 0.0, "params": 9207.0, "params_std": 0.0, "time_iter": 0.04142, "time_iter_std": 0.0, "accuracy": 0.80952, "accuracy_std": 0.0, "precision": 0.875, "precision_std": 0.0, "recall": 0.7, "recall_std": 0.0, "f1": 0.77778, "f1_std": 0.0, "auc": 0.90682, "auc_std": 0.0}
{"epoch": 27, "time_epoch": 0.12538, "time_epoch_std": 0.0, "eta": 44.88094, "eta_std": 0.0, "eta_hours": 0.01247, "eta_hours_std": 0.0, "loss": 0.55287, "loss_std": 0.0, "lr": 0.00083, "lr_std": 0.0, "params": 9207.0, "params_std": 0.0, "time_iter": 0.04179, "time_iter_std": 0.0, "accuracy": 0.90476, "accuracy_std": 0.0, "precision": 0.94444, "precision_std": 0.0, "recall": 0.85, "recall_std": 0.0, "f1": 0.89474, "f1_std": 0.0, "auc": 0.94545, "auc_std": 0.0}
{"epoch": 28, "time_epoch": 0.12501, "time_epoch_std": 0.0, "eta": 43.03752, "eta_std": 0.0, "eta_hours": 0.01195, "eta_hours_std": 0.0, "loss": 0.53197, "loss_std": 0.0, "lr": 0.00082, "lr_std": 0.0, "params": 9207.0, "params_std": 0.0, "time_iter": 0.04167, "time_iter_std": 0.0, "accuracy": 0.85714, "accuracy_std": 0.0, "precision": 0.85, "precision_std": 0.0, "recall": 0.85, "recall_std": 0.0, "f1": 0.85, "f1_std": 0.0, "auc": 0.93636, "auc_std": 0.0}
{"epoch": 29, "time_epoch": 0.12552, "time_epoch_std": 0.0, "eta": 41.30986, "eta_std": 0.0, "eta_hours": 0.01147, "eta_hours_std": 0.0, "loss": 0.52593, "loss_std": 0.0, "lr": 0.00081, "lr_std": 0.0, "params": 9207.0, "params_std": 0.0, "time_iter": 0.04184, "time_iter_std": 0.0, "accuracy": 0.78571, "accuracy_std": 0.0, "precision": 0.82353, "precision_std": 0.0, "recall": 0.7, "recall_std": 0.0, "f1": 0.75676, "f1_std": 0.0, "auc": 0.925, "auc_std": 0.0}
{"epoch": 30, "time_epoch": 0.12539, "time_epoch_std": 0.0, "eta": 39.68527, "eta_std": 0.0, "eta_hours": 0.01102, "eta_hours_std": 0.0, "loss": 0.49154, "loss_std": 0.0, "lr": 0.00079, "lr_std": 0.0, "params": 9207.0, "params_std": 0.0, "time_iter": 0.0418, "time_iter_std": 0.0, "accuracy": 0.92857, "accuracy_std": 0.0, "precision": 1.0, "precision_std": 0.0, "recall": 0.85, "recall_std": 0.0, "f1": 0.91892, "f1_std": 0.0, "auc": 0.96136, "auc_std": 0.0}
{"epoch": 31, "time_epoch": 0.12781, "time_epoch_std": 0.0, "eta": 38.15952, "eta_std": 0.0, "eta_hours": 0.0106, "eta_hours_std": 0.0, "loss": 0.48493, "loss_std": 0.0, "lr": 0.00078, "lr_std": 0.0, "params": 9207.0, "params_std": 0.0, "time_iter": 0.0426, "time_iter_std": 0.0, "accuracy": 0.88095, "accuracy_std": 0.0, "precision": 0.89474, "precision_std": 0.0, "recall": 0.85, "recall_std": 0.0, "f1": 0.87179, "f1_std": 0.0, "auc": 0.94091, "auc_std": 0.0}
{"epoch": 32, "time_epoch": 0.12511, "time_epoch_std": 0.0, "eta": 36.71303, "eta_std": 0.0, "eta_hours": 0.0102, "eta_hours_std": 0.0, "loss": 0.46581, "loss_std": 0.0, "lr": 0.00077, "lr_std": 0.0, "params": 9207.0, "params_std": 0.0, "time_iter": 0.0417, "time_iter_std": 0.0, "accuracy": 0.90476, "accuracy_std": 0.0, "precision": 0.94444, "precision_std": 0.0, "recall": 0.85, "recall_std": 0.0, "f1": 0.89474, "f1_std": 0.0, "auc": 0.95455, "auc_std": 0.0}
{"epoch": 33, "time_epoch": 0.1262, "time_epoch_std": 0.0, "eta": 35.34637, "eta_std": 0.0, "eta_hours": 0.00982, "eta_hours_std": 0.0, "loss": 0.46535, "loss_std": 0.0, "lr": 0.00075, "lr_std": 0.0, "params": 9207.0, "params_std": 0.0, "time_iter": 0.04207, "time_iter_std": 0.0, "accuracy": 0.88095, "accuracy_std": 0.0, "precision": 0.89474, "precision_std": 0.0, "recall": 0.85, "recall_std": 0.0, "f1": 0.87179, "f1_std": 0.0, "auc": 0.93182, "auc_std": 0.0}
{"epoch": 34, "time_epoch": 0.12426, "time_epoch_std": 0.0, "eta": 34.04699, "eta_std": 0.0, "eta_hours": 0.00946, "eta_hours_std": 0.0, "loss": 0.47167, "loss_std": 0.0, "lr": 0.00074, "lr_std": 0.0, "params": 9207.0, "params_std": 0.0, "time_iter": 0.04142, "time_iter_std": 0.0, "accuracy": 0.85714, "accuracy_std": 0.0, "precision": 0.9375, "precision_std": 0.0, "recall": 0.75, "recall_std": 0.0, "f1": 0.83333, "f1_std": 0.0, "auc": 0.92045, "auc_std": 0.0}
{"epoch": 35, "time_epoch": 0.12374, "time_epoch_std": 0.0, "eta": 32.81197, "eta_std": 0.0, "eta_hours": 0.00911, "eta_hours_std": 0.0, "loss": 0.41343, "loss_std": 0.0, "lr": 0.00073, "lr_std": 0.0, "params": 9207.0, "params_std": 0.0, "time_iter": 0.04125, "time_iter_std": 0.0, "accuracy": 0.88095, "accuracy_std": 0.0, "precision": 0.94118, "precision_std": 0.0, "recall": 0.8, "recall_std": 0.0, "f1": 0.86486, "f1_std": 0.0, "auc": 0.96364, "auc_std": 0.0}
{"epoch": 36, "time_epoch": 0.12425, "time_epoch_std": 0.0, "eta": 31.63789, "eta_std": 0.0, "eta_hours": 0.00879, "eta_hours_std": 0.0, "loss": 0.38138, "loss_std": 0.0, "lr": 0.00071, "lr_std": 0.0, "params": 9207.0, "params_std": 0.0, "time_iter": 0.04142, "time_iter_std": 0.0, "accuracy": 0.90476, "accuracy_std": 0.0, "precision": 0.94444, "precision_std": 0.0, "recall": 0.85, "recall_std": 0.0, "f1": 0.89474, "f1_std": 0.0, "auc": 0.98182, "auc_std": 0.0}
{"epoch": 37, "time_epoch": 0.1248, "time_epoch_std": 0.0, "eta": 30.51996, "eta_std": 0.0, "eta_hours": 0.00848, "eta_hours_std": 0.0, "loss": 0.40785, "loss_std": 0.0, "lr": 0.0007, "lr_std": 0.0, "params": 9207.0, "params_std": 0.0, "time_iter": 0.0416, "time_iter_std": 0.0, "accuracy": 0.78571, "accuracy_std": 0.0, "precision": 0.82353, "precision_std": 0.0, "recall": 0.7, "recall_std": 0.0, "f1": 0.75676, "f1_std": 0.0, "auc": 0.92727, "auc_std": 0.0}
{"epoch": 38, "time_epoch": 0.12448, "time_epoch_std": 0.0, "eta": 29.45246, "eta_std": 0.0, "eta_hours": 0.00818, "eta_hours_std": 0.0, "loss": 0.37429, "loss_std": 0.0, "lr": 0.00068, "lr_std": 0.0, "params": 9207.0, "params_std": 0.0, "time_iter": 0.04149, "time_iter_std": 0.0, "accuracy": 0.92857, "accuracy_std": 0.0, "precision": 0.94737, "precision_std": 0.0, "recall": 0.9, "recall_std": 0.0, "f1": 0.92308, "f1_std": 0.0, "auc": 0.97045, "auc_std": 0.0}
{"epoch": 39, "time_epoch": 0.12551, "time_epoch_std": 0.0, "eta": 28.43366, "eta_std": 0.0, "eta_hours": 0.0079, "eta_hours_std": 0.0, "loss": 0.33343, "loss_std": 0.0, "lr": 0.00067, "lr_std": 0.0, "params": 9207.0, "params_std": 0.0, "time_iter": 0.04184, "time_iter_std": 0.0, "accuracy": 0.92857, "accuracy_std": 0.0, "precision": 1.0, "precision_std": 0.0, "recall": 0.85, "recall_std": 0.0, "f1": 0.91892, "f1_std": 0.0, "auc": 0.98864, "auc_std": 0.0}
{"epoch": 40, "time_epoch": 0.1274, "time_epoch_std": 0.0, "eta": 27.46115, "eta_std": 0.0, "eta_hours": 0.00763, "eta_hours_std": 0.0, "loss": 0.33166, "loss_std": 0.0, "lr": 0.00065, "lr_std": 0.0, "params": 9207.0, "params_std": 0.0, "time_iter": 0.04247, "time_iter_std": 0.0, "accuracy": 0.92857, "accuracy_std": 0.0, "precision": 0.94737, "precision_std": 0.0, "recall": 0.9, "recall_std": 0.0, "f1": 0.92308, "f1_std": 0.0, "auc": 0.98409, "auc_std": 0.0}
{"epoch": 41, "time_epoch": 0.12331, "time_epoch_std": 0.0, "eta": 26.52323, "eta_std": 0.0, "eta_hours": 0.00737, "eta_hours_std": 0.0, "loss": 0.30634, "loss_std": 0.0, "lr": 0.00064, "lr_std": 0.0, "params": 9207.0, "params_std": 0.0, "time_iter": 0.0411, "time_iter_std": 0.0, "accuracy": 0.92857, "accuracy_std": 0.0, "precision": 1.0, "precision_std": 0.0, "recall": 0.85, "recall_std": 0.0, "f1": 0.91892, "f1_std": 0.0, "auc": 0.99545, "auc_std": 0.0}
{"epoch": 42, "time_epoch": 0.12469, "time_epoch_std": 0.0, "eta": 25.62503, "eta_std": 0.0, "eta_hours": 0.00712, "eta_hours_std": 0.0, "loss": 0.30755, "loss_std": 0.0, "lr": 0.00062, "lr_std": 0.0, "params": 9207.0, "params_std": 0.0, "time_iter": 0.04156, "time_iter_std": 0.0, "accuracy": 0.92857, "accuracy_std": 0.0, "precision": 1.0, "precision_std": 0.0, "recall": 0.85, "recall_std": 0.0, "f1": 0.91892, "f1_std": 0.0, "auc": 0.98409, "auc_std": 0.0}
{"epoch": 43, "time_epoch": 0.12455, "time_epoch_std": 0.0, "eta": 24.76182, "eta_std": 0.0, "eta_hours": 0.00688, "eta_hours_std": 0.0, "loss": 0.27807, "loss_std": 0.0, "lr": 0.00061, "lr_std": 0.0, "params": 9207.0, "params_std": 0.0, "time_iter": 0.04152, "time_iter_std": 0.0, "accuracy": 0.95238, "accuracy_std": 0.0, "precision": 1.0, "precision_std": 0.0, "recall": 0.9, "recall_std": 0.0, "f1": 0.94737, "f1_std": 0.0, "auc": 0.99773, "auc_std": 0.0}
{"epoch": 44, "time_epoch": 0.12612, "time_epoch_std": 0.0, "eta": 23.93336, "eta_std": 0.0, "eta_hours": 0.00665, "eta_hours_std": 0.0, "loss": 0.27963, "loss_std": 0.0, "lr": 0.00059, "lr_std": 0.0, "params": 9207.0, "params_std": 0.0, "time_iter": 0.04204, "time_iter_std": 0.0, "accuracy": 0.90476, "accuracy_std": 0.0, "precision": 0.94444, "precision_std": 0.0, "recall": 0.85, "recall_std": 0.0, "f1": 0.89474, "f1_std": 0.0, "auc": 0.99318, "auc_std": 0.0}
{"epoch": 45, "time_epoch": 0.12396, "time_epoch_std": 0.0, "eta": 23.1329, "eta_std": 0.0, "eta_hours": 0.00643, "eta_hours_std": 0.0, "loss": 0.26655, "loss_std": 0.0, "lr": 0.00058, "lr_std": 0.0, "params": 9207.0, "params_std": 0.0, "time_iter": 0.04132, "time_iter_std": 0.0, "accuracy": 0.95238, "accuracy_std": 0.0, "precision": 1.0, "precision_std": 0.0, "recall": 0.9, "recall_std": 0.0, "f1": 0.94737, "f1_std": 0.0, "auc": 0.99545, "auc_std": 0.0}
{"epoch": 46, "time_epoch": 0.12465, "time_epoch_std": 0.0, "eta": 22.362, "eta_std": 0.0, "eta_hours": 0.00621, "eta_hours_std": 0.0, "loss": 0.25016, "loss_std": 0.0, "lr": 0.00056, "lr_std": 0.0, "params": 9207.0, "params_std": 0.0, "time_iter": 0.04155, "time_iter_std": 0.0, "accuracy": 0.95238, "accuracy_std": 0.0, "precision": 1.0, "precision_std": 0.0, "recall": 0.9, "recall_std": 0.0, "f1": 0.94737, "f1_std": 0.0, "auc": 0.99091, "auc_std": 0.0}
{"epoch": 47, "time_epoch": 0.12457, "time_epoch_std": 0.0, "eta": 21.61794, "eta_std": 0.0, "eta_hours": 0.006, "eta_hours_std": 0.0, "loss": 0.24187, "loss_std": 0.0, "lr": 0.00055, "lr_std": 0.0, "params": 9207.0, "params_std": 0.0, "time_iter": 0.04152, "time_iter_std": 0.0, "accuracy": 0.95238, "accuracy_std": 0.0, "precision": 1.0, "precision_std": 0.0, "recall": 0.9, "recall_std": 0.0, "f1": 0.94737, "f1_std": 0.0, "auc": 0.99091, "auc_std": 0.0}
{"epoch": 48, "time_epoch": 0.12792, "time_epoch_std": 0.0, "eta": 20.90265, "eta_std": 0.0, "eta_hours": 0.00581, "eta_hours_std": 0.0, "loss": 0.25895, "loss_std": 0.0, "lr": 0.00053, "lr_std": 0.0, "params": 9207.0, "params_std": 0.0, "time_iter": 0.04264, "time_iter_std": 0.0, "accuracy": 0.97619, "accuracy_std": 0.0, "precision": 1.0, "precision_std": 0.0, "recall": 0.95, "recall_std": 0.0, "f1": 0.97436, "f1_std": 0.0, "auc": 0.99091, "auc_std": 0.0}
{"epoch": 49, "time_epoch": 0.12341, "time_epoch_std": 0.0, "eta": 20.20635, "eta_std": 0.0, "eta_hours": 0.00561, "eta_hours_std": 0.0, "loss": 0.20915, "loss_std": 0.0, "lr": 0.00052, "lr_std": 0.0, "params": 9207.0, "params_std": 0.0, "time_iter": 0.04114, "time_iter_std": 0.0, "accuracy": 0.97619, "accuracy_std": 0.0, "precision": 1.0, "precision_std": 0.0, "recall": 0.95, "recall_std": 0.0, "f1": 0.97436, "f1_std": 0.0, "auc": 1.0, "auc_std": 0.0}
{"epoch": 50, "time_epoch": 0.13251, "time_epoch_std": 0.0, "eta": 19.54126, "eta_std": 0.0, "eta_hours": 0.00543, "eta_hours_std": 0.0, "loss": 0.18983, "loss_std": 0.0, "lr": 0.0005, "lr_std": 0.0, "params": 9207.0, "params_std": 0.0, "time_iter": 0.04417, "time_iter_std": 0.0, "accuracy": 0.97619, "accuracy_std": 0.0, "precision": 1.0, "precision_std": 0.0, "recall": 0.95, "recall_std": 0.0, "f1": 0.97436, "f1_std": 0.0, "auc": 0.99773, "auc_std": 0.0}
{"epoch": 51, "time_epoch": 0.12459, "time_epoch_std": 0.0, "eta": 18.88934, "eta_std": 0.0, "eta_hours": 0.00525, "eta_hours_std": 0.0, "loss": 0.17567, "loss_std": 0.0, "lr": 0.00048, "lr_std": 0.0, "params": 9207.0, "params_std": 0.0, "time_iter": 0.04153, "time_iter_std": 0.0, "accuracy": 0.95238, "accuracy_std": 0.0, "precision": 1.0, "precision_std": 0.0, "recall": 0.9, "recall_std": 0.0, "f1": 0.94737, "f1_std": 0.0, "auc": 1.0, "auc_std": 0.0}
{"epoch": 52, "time_epoch": 0.12676, "time_epoch_std": 0.0, "eta": 18.25925, "eta_std": 0.0, "eta_hours": 0.00507, "eta_hours_std": 0.0, "loss": 0.18991, "loss_std": 0.0, "lr": 0.00047, "lr_std": 0.0, "params": 9207.0, "params_std": 0.0, "time_iter": 0.04225, "time_iter_std": 0.0, "accuracy": 0.95238, "accuracy_std": 0.0, "precision": 1.0, "precision_std": 0.0, "recall": 0.9, "recall_std": 0.0, "f1": 0.94737, "f1_std": 0.0, "auc": 0.99773, "auc_std": 0.0}
{"epoch": 53, "time_epoch": 0.12626, "time_epoch_std": 0.0, "eta": 17.64737, "eta_std": 0.0, "eta_hours": 0.0049, "eta_hours_std": 0.0, "loss": 0.17661, "loss_std": 0.0, "lr": 0.00045, "lr_std": 0.0, "params": 9207.0, "params_std": 0.0, "time_iter": 0.04209, "time_iter_std": 0.0, "accuracy": 0.97619, "accuracy_std": 0.0, "precision": 1.0, "precision_std": 0.0, "recall": 0.95, "recall_std": 0.0, "f1": 0.97436, "f1_std": 0.0, "auc": 0.99545, "auc_std": 0.0}
{"epoch": 54, "time_epoch": 0.12566, "time_epoch_std": 0.0, "eta": 17.05266, "eta_std": 0.0, "eta_hours": 0.00474, "eta_hours_std": 0.0, "loss": 0.21088, "loss_std": 0.0, "lr": 0.00044, "lr_std": 0.0, "params": 9207.0, "params_std": 0.0, "time_iter": 0.04189, "time_iter_std": 0.0, "accuracy": 0.97619, "accuracy_std": 0.0, "precision": 1.0, "precision_std": 0.0, "recall": 0.95, "recall_std": 0.0, "f1": 0.97436, "f1_std": 0.0, "auc": 0.99318, "auc_std": 0.0}
{"epoch": 55, "time_epoch": 0.12409, "time_epoch_std": 0.0, "eta": 16.47346, "eta_std": 0.0, "eta_hours": 0.00458, "eta_hours_std": 0.0, "loss": 0.23906, "loss_std": 0.0, "lr": 0.00042, "lr_std": 0.0, "params": 9207.0, "params_std": 0.0, "time_iter": 0.04136, "time_iter_std": 0.0, "accuracy": 0.95238, "accuracy_std": 0.0, "precision": 1.0, "precision_std": 0.0, "recall": 0.9, "recall_std": 0.0, "f1": 0.94737, "f1_std": 0.0, "auc": 0.98182, "auc_std": 0.0}
{"epoch": 56, "time_epoch": 0.12388, "time_epoch_std": 0.0, "eta": 15.91008, "eta_std": 0.0, "eta_hours": 0.00442, "eta_hours_std": 0.0, "loss": 0.14074, "loss_std": 0.0, "lr": 0.00041, "lr_std": 0.0, "params": 9207.0, "params_std": 0.0, "time_iter": 0.04129, "time_iter_std": 0.0, "accuracy": 0.97619, "accuracy_std": 0.0, "precision": 1.0, "precision_std": 0.0, "recall": 0.95, "recall_std": 0.0, "f1": 0.97436, "f1_std": 0.0, "auc": 1.0, "auc_std": 0.0}
{"epoch": 57, "time_epoch": 0.12529, "time_epoch_std": 0.0, "eta": 15.36287, "eta_std": 0.0, "eta_hours": 0.00427, "eta_hours_std": 0.0, "loss": 0.14474, "loss_std": 0.0, "lr": 0.00039, "lr_std": 0.0, "params": 9207.0, "params_std": 0.0, "time_iter": 0.04176, "time_iter_std": 0.0, "accuracy": 0.97619, "accuracy_std": 0.0, "precision": 1.0, "precision_std": 0.0, "recall": 0.95, "recall_std": 0.0, "f1": 0.97436, "f1_std": 0.0, "auc": 1.0, "auc_std": 0.0}
{"epoch": 58, "time_epoch": 0.12479, "time_epoch_std": 0.0, "eta": 14.82962, "eta_std": 0.0, "eta_hours": 0.00412, "eta_hours_std": 0.0, "loss": 0.15086, "loss_std": 0.0, "lr": 0.00038, "lr_std": 0.0, "params": 9207.0, "params_std": 0.0, "time_iter": 0.0416, "time_iter_std": 0.0, "accuracy": 0.97619, "accuracy_std": 0.0, "precision": 1.0, "precision_std": 0.0, "recall": 0.95, "recall_std": 0.0, "f1": 0.97436, "f1_std": 0.0, "auc": 0.99545, "auc_std": 0.0}
{"epoch": 59, "time_epoch": 0.12477, "time_epoch_std": 0.0, "eta": 14.30997, "eta_std": 0.0, "eta_hours": 0.00397, "eta_hours_std": 0.0, "loss": 0.16561, "loss_std": 0.0, "lr": 0.00036, "lr_std": 0.0, "params": 9207.0, "params_std": 0.0, "time_iter": 0.04159, "time_iter_std": 0.0, "accuracy": 0.97619, "accuracy_std": 0.0, "precision": 1.0, "precision_std": 0.0, "recall": 0.95, "recall_std": 0.0, "f1": 0.97436, "f1_std": 0.0, "auc": 0.98864, "auc_std": 0.0}
{"epoch": 60, "time_epoch": 0.12432, "time_epoch_std": 0.0, "eta": 13.80298, "eta_std": 0.0, "eta_hours": 0.00383, "eta_hours_std": 0.0, "loss": 0.13324, "loss_std": 0.0, "lr": 0.00035, "lr_std": 0.0, "params": 9207.0, "params_std": 0.0, "time_iter": 0.04144, "time_iter_std": 0.0, "accuracy": 0.97619, "accuracy_std": 0.0, "precision": 1.0, "precision_std": 0.0, "recall": 0.95, "recall_std": 0.0, "f1": 0.97436, "f1_std": 0.0, "auc": 1.0, "auc_std": 0.0}
{"epoch": 61, "time_epoch": 0.12477, "time_epoch_std": 0.0, "eta": 13.30861, "eta_std": 0.0, "eta_hours": 0.0037, "eta_hours_std": 0.0, "loss": 0.12062, "loss_std": 0.0, "lr": 0.00033, "lr_std": 0.0, "params": 9207.0, "params_std": 0.0, "time_iter": 0.04159, "time_iter_std": 0.0, "accuracy": 1.0, "accuracy_std": 0.0, "precision": 1.0, "precision_std": 0.0, "recall": 1.0, "recall_std": 0.0, "f1": 1.0, "f1_std": 0.0, "auc": 1.0, "auc_std": 0.0}
{"epoch": 62, "time_epoch": 0.12281, "time_epoch_std": 0.0, "eta": 12.82482, "eta_std": 0.0, "eta_hours": 0.00356, "eta_hours_std": 0.0, "loss": 0.22064, "loss_std": 0.0, "lr": 0.00032, "lr_std": 0.0, "params": 9207.0, "params_std": 0.0, "time_iter": 0.04094, "time_iter_std": 0.0, "accuracy": 0.92857, "accuracy_std": 0.0, "precision": 1.0, "precision_std": 0.0, "recall": 0.85, "recall_std": 0.0, "f1": 0.91892, "f1_std": 0.0, "auc": 0.98182, "auc_std": 0.0}
{"epoch": 63, "time_epoch": 0.12551, "time_epoch_std": 0.0, "eta": 12.35383, "eta_std": 0.0, "eta_hours": 0.00343, "eta_hours_std": 0.0, "loss": 0.14412, "loss_std": 0.0, "lr": 0.0003, "lr_std": 0.0, "params": 9207.0, "params_std": 0.0, "time_iter": 0.04184, "time_iter_std": 0.0, "accuracy": 0.97619, "accuracy_std": 0.0, "precision": 1.0, "precision_std": 0.0, "recall": 0.95, "recall_std": 0.0, "f1": 0.97436, "f1_std": 0.0, "auc": 0.99773, "auc_std": 0.0}
{"epoch": 64, "time_epoch": 0.12501, "time_epoch_std": 0.0, "eta": 11.89321, "eta_std": 0.0, "eta_hours": 0.0033, "eta_hours_std": 0.0, "loss": 0.10727, "loss_std": 0.0, "lr": 0.00029, "lr_std": 0.0, "params": 9207.0, "params_std": 0.0, "time_iter": 0.04167, "time_iter_std": 0.0, "accuracy": 1.0, "accuracy_std": 0.0, "precision": 1.0, "precision_std": 0.0, "recall": 1.0, "recall_std": 0.0, "f1": 1.0, "f1_std": 0.0, "auc": 1.0, "auc_std": 0.0}
{"epoch": 65, "time_epoch": 0.12664, "time_epoch_std": 0.0, "eta": 11.44359, "eta_std": 0.0, "eta_hours": 0.00318, "eta_hours_std": 0.0, "loss": 0.12526, "loss_std": 0.0, "lr": 0.00027, "lr_std": 0.0, "params": 9207.0, "params_std": 0.0, "time_iter": 0.04221, "time_iter_std": 0.0, "accuracy": 1.0, "accuracy_std": 0.0, "precision": 1.0, "precision_std": 0.0, "recall": 1.0, "recall_std": 0.0, "f1": 1.0, "f1_std": 0.0, "auc": 1.0, "auc_std": 0.0}
{"epoch": 66, "time_epoch": 0.12471, "time_epoch_std": 0.0, "eta": 11.00266, "eta_std": 0.0, "eta_hours": 0.00306, "eta_hours_std": 0.0, "loss": 0.12722, "loss_std": 0.0, "lr": 0.00026, "lr_std": 0.0, "params": 9207.0, "params_std": 0.0, "time_iter": 0.04157, "time_iter_std": 0.0, "accuracy": 0.95238, "accuracy_std": 0.0, "precision": 1.0, "precision_std": 0.0, "recall": 0.9, "recall_std": 0.0, "f1": 0.94737, "f1_std": 0.0, "auc": 1.0, "auc_std": 0.0}
{"epoch": 67, "time_epoch": 0.12526, "time_epoch_std": 0.0, "eta": 10.57129, "eta_std": 0.0, "eta_hours": 0.00294, "eta_hours_std": 0.0, "loss": 0.10263, "loss_std": 0.0, "lr": 0.00025, "lr_std": 0.0, "params": 9207.0, "params_std": 0.0, "time_iter": 0.04175, "time_iter_std": 0.0, "accuracy": 1.0, "accuracy_std": 0.0, "precision": 1.0, "precision_std": 0.0, "recall": 1.0, "recall_std": 0.0, "f1": 1.0, "f1_std": 0.0, "auc": 1.0, "auc_std": 0.0}
{"epoch": 68, "time_epoch": 0.12277, "time_epoch_std": 0.0, "eta": 10.14768, "eta_std": 0.0, "eta_hours": 0.00282, "eta_hours_std": 0.0, "loss": 0.13848, "loss_std": 0.0, "lr": 0.00023, "lr_std": 0.0, "params": 9207.0, "params_std": 0.0, "time_iter": 0.04092, "time_iter_std": 0.0, "accuracy": 1.0, "accuracy_std": 0.0, "precision": 1.0, "precision_std": 0.0, "recall": 1.0, "recall_std": 0.0, "f1": 1.0, "f1_std": 0.0, "auc": 1.0, "auc_std": 0.0}
{"epoch": 69, "time_epoch": 0.12593, "time_epoch_std": 0.0, "eta": 9.73401, "eta_std": 0.0, "eta_hours": 0.0027, "eta_hours_std": 0.0, "loss": 0.0952, "loss_std": 0.0, "lr": 0.00022, "lr_std": 0.0, "params": 9207.0, "params_std": 0.0, "time_iter": 0.04198, "time_iter_std": 0.0, "accuracy": 1.0, "accuracy_std": 0.0, "precision": 1.0, "precision_std": 0.0, "recall": 1.0, "recall_std": 0.0, "f1": 1.0, "f1_std": 0.0, "auc": 1.0, "auc_std": 0.0}
{"epoch": 70, "time_epoch": 0.12957, "time_epoch_std": 0.0, "eta": 9.32994, "eta_std": 0.0, "eta_hours": 0.00259, "eta_hours_std": 0.0, "loss": 0.08736, "loss_std": 0.0, "lr": 0.00021, "lr_std": 0.0, "params": 9207.0, "params_std": 0.0, "time_iter": 0.04319, "time_iter_std": 0.0, "accuracy": 0.97619, "accuracy_std": 0.0, "precision": 1.0, "precision_std": 0.0, "recall": 0.95, "recall_std": 0.0, "f1": 0.97436, "f1_std": 0.0, "auc": 1.0, "auc_std": 0.0}
{"epoch": 71, "time_epoch": 0.12575, "time_epoch_std": 0.0, "eta": 8.93201, "eta_std": 0.0, "eta_hours": 0.00248, "eta_hours_std": 0.0, "loss": 0.12411, "loss_std": 0.0, "lr": 0.00019, "lr_std": 0.0, "params": 9207.0, "params_std": 0.0, "time_iter": 0.04192, "time_iter_std": 0.0, "accuracy": 0.97619, "accuracy_std": 0.0, "precision": 1.0, "precision_std": 0.0, "recall": 0.95, "recall_std": 0.0, "f1": 0.97436, "f1_std": 0.0, "auc": 1.0, "auc_std": 0.0}
{"epoch": 72, "time_epoch": 0.1252, "time_epoch_std": 0.0, "eta": 8.54132, "eta_std": 0.0, "eta_hours": 0.00237, "eta_hours_std": 0.0, "loss": 0.114, "loss_std": 0.0, "lr": 0.00018, "lr_std": 0.0, "params": 9207.0, "params_std": 0.0, "time_iter": 0.04173, "time_iter_std": 0.0, "accuracy": 0.97619, "accuracy_std": 0.0, "precision": 1.0, "precision_std": 0.0, "recall": 0.95, "recall_std": 0.0, "f1": 0.97436, "f1_std": 0.0, "auc": 1.0, "auc_std": 0.0}
{"epoch": 73, "time_epoch": 0.12677, "time_epoch_std": 0.0, "eta": 8.15837, "eta_std": 0.0, "eta_hours": 0.00227, "eta_hours_std": 0.0, "loss": 0.1143, "loss_std": 0.0, "lr": 0.00017, "lr_std": 0.0, "params": 9207.0, "params_std": 0.0, "time_iter": 0.04226, "time_iter_std": 0.0, "accuracy": 0.97619, "accuracy_std": 0.0, "precision": 1.0, "precision_std": 0.0, "recall": 0.95, "recall_std": 0.0, "f1": 0.97436, "f1_std": 0.0, "auc": 1.0, "auc_std": 0.0}
{"epoch": 74, "time_epoch": 0.12443, "time_epoch_std": 0.0, "eta": 7.78147, "eta_std": 0.0, "eta_hours": 0.00216, "eta_hours_std": 0.0, "loss": 0.1014, "loss_std": 0.0, "lr": 0.00016, "lr_std": 0.0, "params": 9207.0, "params_std": 0.0, "time_iter": 0.04148, "time_iter_std": 0.0, "accuracy": 1.0, "accuracy_std": 0.0, "precision": 1.0, "precision_std": 0.0, "recall": 1.0, "recall_std": 0.0, "f1": 1.0, "f1_std": 0.0, "auc": 1.0, "auc_std": 0.0}
{"epoch": 75, "time_epoch": 0.12504, "time_epoch_std": 0.0, "eta": 7.41141, "eta_std": 0.0, "eta_hours": 0.00206, "eta_hours_std": 0.0, "loss": 0.11068, "loss_std": 0.0, "lr": 0.00015, "lr_std": 0.0, "params": 9207.0, "params_std": 0.0, "time_iter": 0.04168, "time_iter_std": 0.0, "accuracy": 1.0, "accuracy_std": 0.0, "precision": 1.0, "precision_std": 0.0, "recall": 1.0, "recall_std": 0.0, "f1": 1.0, "f1_std": 0.0, "auc": 1.0, "auc_std": 0.0}
{"epoch": 76, "time_epoch": 0.12745, "time_epoch_std": 0.0, "eta": 7.04843, "eta_std": 0.0, "eta_hours": 0.00196, "eta_hours_std": 0.0, "loss": 0.09474, "loss_std": 0.0, "lr": 0.00014, "lr_std": 0.0, "params": 9207.0, "params_std": 0.0, "time_iter": 0.04248, "time_iter_std": 0.0, "accuracy": 0.97619, "accuracy_std": 0.0, "precision": 1.0, "precision_std": 0.0, "recall": 0.95, "recall_std": 0.0, "f1": 0.97436, "f1_std": 0.0, "auc": 1.0, "auc_std": 0.0}
{"epoch": 77, "time_epoch": 0.12888, "time_epoch_std": 0.0, "eta": 6.69189, "eta_std": 0.0, "eta_hours": 0.00186, "eta_hours_std": 0.0, "loss": 0.08281, "loss_std": 0.0, "lr": 0.00012, "lr_std": 0.0, "params": 9207.0, "params_std": 0.0, "time_iter": 0.04296, "time_iter_std": 0.0, "accuracy": 1.0, "accuracy_std": 0.0, "precision": 1.0, "precision_std": 0.0, "recall": 1.0, "recall_std": 0.0, "f1": 1.0, "f1_std": 0.0, "auc": 1.0, "auc_std": 0.0}
{"epoch": 78, "time_epoch": 0.12469, "time_epoch_std": 0.0, "eta": 6.34, "eta_std": 0.0, "eta_hours": 0.00176, "eta_hours_std": 0.0, "loss": 0.09355, "loss_std": 0.0, "lr": 0.00011, "lr_std": 0.0, "params": 9207.0, "params_std": 0.0, "time_iter": 0.04156, "time_iter_std": 0.0, "accuracy": 1.0, "accuracy_std": 0.0, "precision": 1.0, "precision_std": 0.0, "recall": 1.0, "recall_std": 0.0, "f1": 1.0, "f1_std": 0.0, "auc": 1.0, "auc_std": 0.0}
{"epoch": 79, "time_epoch": 0.12902, "time_epoch_std": 0.0, "eta": 5.99488, "eta_std": 0.0, "eta_hours": 0.00167, "eta_hours_std": 0.0, "loss": 0.10827, "loss_std": 0.0, "lr": 0.0001, "lr_std": 0.0, "params": 9207.0, "params_std": 0.0, "time_iter": 0.04301, "time_iter_std": 0.0, "accuracy": 0.97619, "accuracy_std": 0.0, "precision": 1.0, "precision_std": 0.0, "recall": 0.95, "recall_std": 0.0, "f1": 0.97436, "f1_std": 0.0, "auc": 1.0, "auc_std": 0.0}
{"epoch": 80, "time_epoch": 0.12564, "time_epoch_std": 0.0, "eta": 5.65429, "eta_std": 0.0, "eta_hours": 0.00157, "eta_hours_std": 0.0, "loss": 0.07842, "loss_std": 0.0, "lr": 0.0001, "lr_std": 0.0, "params": 9207.0, "params_std": 0.0, "time_iter": 0.04188, "time_iter_std": 0.0, "accuracy": 1.0, "accuracy_std": 0.0, "precision": 1.0, "precision_std": 0.0, "recall": 1.0, "recall_std": 0.0, "f1": 1.0, "f1_std": 0.0, "auc": 1.0, "auc_std": 0.0}
{"epoch": 81, "time_epoch": 0.12278, "time_epoch_std": 0.0, "eta": 5.31832, "eta_std": 0.0, "eta_hours": 0.00148, "eta_hours_std": 0.0, "loss": 0.07886, "loss_std": 0.0, "lr": 9e-05, "lr_std": 0.0, "params": 9207.0, "params_std": 0.0, "time_iter": 0.04093, "time_iter_std": 0.0, "accuracy": 1.0, "accuracy_std": 0.0, "precision": 1.0, "precision_std": 0.0, "recall": 1.0, "recall_std": 0.0, "f1": 1.0, "f1_std": 0.0, "auc": 1.0, "auc_std": 0.0}
{"epoch": 82, "time_epoch": 0.12579, "time_epoch_std": 0.0, "eta": 4.98811, "eta_std": 0.0, "eta_hours": 0.00139, "eta_hours_std": 0.0, "loss": 0.07592, "loss_std": 0.0, "lr": 8e-05, "lr_std": 0.0, "params": 9207.0, "params_std": 0.0, "time_iter": 0.04193, "time_iter_std": 0.0, "accuracy": 1.0, "accuracy_std": 0.0, "precision": 1.0, "precision_std": 0.0, "recall": 1.0, "recall_std": 0.0, "f1": 1.0, "f1_std": 0.0, "auc": 1.0, "auc_std": 0.0}
{"epoch": 83, "time_epoch": 0.12532, "time_epoch_std": 0.0, "eta": 4.66267, "eta_std": 0.0, "eta_hours": 0.0013, "eta_hours_std": 0.0, "loss": 0.07329, "loss_std": 0.0, "lr": 7e-05, "lr_std": 0.0, "params": 9207.0, "params_std": 0.0, "time_iter": 0.04177, "time_iter_std": 0.0, "accuracy": 1.0, "accuracy_std": 0.0, "precision": 1.0, "precision_std": 0.0, "recall": 1.0, "recall_std": 0.0, "f1": 1.0, "f1_std": 0.0, "auc": 1.0, "auc_std": 0.0}
{"epoch": 84, "time_epoch": 0.1247, "time_epoch_std": 0.0, "eta": 4.34184, "eta_std": 0.0, "eta_hours": 0.00121, "eta_hours_std": 0.0, "loss": 0.17691, "loss_std": 0.0, "lr": 6e-05, "lr_std": 0.0, "params": 9207.0, "params_std": 0.0, "time_iter": 0.04157, "time_iter_std": 0.0, "accuracy": 0.92857, "accuracy_std": 0.0, "precision": 1.0, "precision_std": 0.0, "recall": 0.85, "recall_std": 0.0, "f1": 0.91892, "f1_std": 0.0, "auc": 0.99545, "auc_std": 0.0}
{"epoch": 85, "time_epoch": 0.12617, "time_epoch_std": 0.0, "eta": 4.0258, "eta_std": 0.0, "eta_hours": 0.00112, "eta_hours_std": 0.0, "loss": 0.07113, "loss_std": 0.0, "lr": 5e-05, "lr_std": 0.0, "params": 9207.0, "params_std": 0.0, "time_iter": 0.04206, "time_iter_std": 0.0, "accuracy": 1.0, "accuracy_std": 0.0, "precision": 1.0, "precision_std": 0.0, "recall": 1.0, "recall_std": 0.0, "f1": 1.0, "f1_std": 0.0, "auc": 1.0, "auc_std": 0.0}
{"epoch": 86, "time_epoch": 0.12323, "time_epoch_std": 0.0, "eta": 3.71369, "eta_std": 0.0, "eta_hours": 0.00103, "eta_hours_std": 0.0, "loss": 0.08651, "loss_std": 0.0, "lr": 5e-05, "lr_std": 0.0, "params": 9207.0, "params_std": 0.0, "time_iter": 0.04108, "time_iter_std": 0.0, "accuracy": 0.97619, "accuracy_std": 0.0, "precision": 1.0, "precision_std": 0.0, "recall": 0.95, "recall_std": 0.0, "f1": 0.97436, "f1_std": 0.0, "auc": 1.0, "auc_std": 0.0}
{"epoch": 87, "time_epoch": 0.12703, "time_epoch_std": 0.0, "eta": 3.40639, "eta_std": 0.0, "eta_hours": 0.00095, "eta_hours_std": 0.0, "loss": 0.08975, "loss_std": 0.0, "lr": 4e-05, "lr_std": 0.0, "params": 9207.0, "params_std": 0.0, "time_iter": 0.04234, "time_iter_std": 0.0, "accuracy": 1.0, "accuracy_std": 0.0, "precision": 1.0, "precision_std": 0.0, "recall": 1.0, "recall_std": 0.0, "f1": 1.0, "f1_std": 0.0, "auc": 1.0, "auc_std": 0.0}
{"epoch": 88, "time_epoch": 0.12893, "time_epoch_std": 0.0, "eta": 3.10337, "eta_std": 0.0, "eta_hours": 0.00086, "eta_hours_std": 0.0, "loss": 0.07462, "loss_std": 0.0, "lr": 4e-05, "lr_std": 0.0, "params": 9207.0, "params_std": 0.0, "time_iter": 0.04298, "time_iter_std": 0.0, "accuracy": 1.0, "accuracy_std": 0.0, "precision": 1.0, "precision_std": 0.0, "recall": 1.0, "recall_std": 0.0, "f1": 1.0, "f1_std": 0.0, "auc": 1.0, "auc_std": 0.0}
{"epoch": 89, "time_epoch": 0.1263, "time_epoch_std": 0.0, "eta": 2.80393, "eta_std": 0.0, "eta_hours": 0.00078, "eta_hours_std": 0.0, "loss": 0.10064, "loss_std": 0.0, "lr": 3e-05, "lr_std": 0.0, "params": 9207.0, "params_std": 0.0, "time_iter": 0.0421, "time_iter_std": 0.0, "accuracy": 0.97619, "accuracy_std": 0.0, "precision": 1.0, "precision_std": 0.0, "recall": 0.95, "recall_std": 0.0, "f1": 0.97436, "f1_std": 0.0, "auc": 1.0, "auc_std": 0.0}
{"epoch": 90, "time_epoch": 0.12343, "time_epoch_std": 0.0, "eta": 2.50802, "eta_std": 0.0, "eta_hours": 0.0007, "eta_hours_std": 0.0, "loss": 0.14276, "loss_std": 0.0, "lr": 2e-05, "lr_std": 0.0, "params": 9207.0, "params_std": 0.0, "time_iter": 0.04114, "time_iter_std": 0.0, "accuracy": 0.97619, "accuracy_std": 0.0, "precision": 1.0, "precision_std": 0.0, "recall": 0.95, "recall_std": 0.0, "f1": 0.97436, "f1_std": 0.0, "auc": 0.99545, "auc_std": 0.0}
{"epoch": 91, "time_epoch": 0.12669, "time_epoch_std": 0.0, "eta": 2.21613, "eta_std": 0.0, "eta_hours": 0.00062, "eta_hours_std": 0.0, "loss": 0.10905, "loss_std": 0.0, "lr": 2e-05, "lr_std": 0.0, "params": 9207.0, "params_std": 0.0, "time_iter": 0.04223, "time_iter_std": 0.0, "accuracy": 1.0, "accuracy_std": 0.0, "precision": 1.0, "precision_std": 0.0, "recall": 1.0, "recall_std": 0.0, "f1": 1.0, "f1_std": 0.0, "auc": 1.0, "auc_std": 0.0}
{"epoch": 92, "time_epoch": 0.12609, "time_epoch_std": 0.0, "eta": 1.92776, "eta_std": 0.0, "eta_hours": 0.00054, "eta_hours_std": 0.0, "loss": 0.07067, "loss_std": 0.0, "lr": 2e-05, "lr_std": 0.0, "params": 9207.0, "params_std": 0.0, "time_iter": 0.04203, "time_iter_std": 0.0, "accuracy": 1.0, "accuracy_std": 0.0, "precision": 1.0, "precision_std": 0.0, "recall": 1.0, "recall_std": 0.0, "f1": 1.0, "f1_std": 0.0, "auc": 1.0, "auc_std": 0.0}
{"epoch": 93, "time_epoch": 0.12613, "time_epoch_std": 0.0, "eta": 1.64283, "eta_std": 0.0, "eta_hours": 0.00046, "eta_hours_std": 0.0, "loss": 0.0698, "loss_std": 0.0, "lr": 1e-05, "lr_std": 0.0, "params": 9207.0, "params_std": 0.0, "time_iter": 0.04204, "time_iter_std": 0.0, "accuracy": 1.0, "accuracy_std": 0.0, "precision": 1.0, "precision_std": 0.0, "recall": 1.0, "recall_std": 0.0, "f1": 1.0, "f1_std": 0.0, "auc": 1.0, "auc_std": 0.0}
{"epoch": 94, "time_epoch": 0.13649, "time_epoch_std": 0.0, "eta": 1.3618, "eta_std": 0.0, "eta_hours": 0.00038, "eta_hours_std": 0.0, "loss": 0.08227, "loss_std": 0.0, "lr": 1e-05, "lr_std": 0.0, "params": 9207.0, "params_std": 0.0, "time_iter": 0.0455, "time_iter_std": 0.0, "accuracy": 1.0, "accuracy_std": 0.0, "precision": 1.0, "precision_std": 0.0, "recall": 1.0, "recall_std": 0.0, "f1": 1.0, "f1_std": 0.0, "auc": 1.0, "auc_std": 0.0}
{"epoch": 95, "time_epoch": 0.13159, "time_epoch_std": 0.0, "eta": 1.08358, "eta_std": 0.0, "eta_hours": 0.0003, "eta_hours_std": 0.0, "loss": 0.10745, "loss_std": 0.0, "lr": 1e-05, "lr_std": 0.0, "params": 9207.0, "params_std": 0.0, "time_iter": 0.04386, "time_iter_std": 0.0, "accuracy": 0.97619, "accuracy_std": 0.0, "precision": 1.0, "precision_std": 0.0, "recall": 0.95, "recall_std": 0.0, "f1": 0.97436, "f1_std": 0.0, "auc": 1.0, "auc_std": 0.0}
{"epoch": 96, "time_epoch": 0.12282, "time_epoch_std": 0.0, "eta": 0.8081, "eta_std": 0.0, "eta_hours": 0.00022, "eta_hours_std": 0.0, "loss": 0.08457, "loss_std": 0.0, "lr": 0.0, "lr_std": 0.0, "params": 9207.0, "params_std": 0.0, "time_iter": 0.04094, "time_iter_std": 0.0, "accuracy": 1.0, "accuracy_std": 0.0, "precision": 1.0, "precision_std": 0.0, "recall": 1.0, "recall_std": 0.0, "f1": 1.0, "f1_std": 0.0, "auc": 1.0, "auc_std": 0.0}
{"epoch": 97, "time_epoch": 0.12549, "time_epoch_std": 0.0, "eta": 0.5358, "eta_std": 0.0, "eta_hours": 0.00015, "eta_hours_std": 0.0, "loss": 0.08778, "loss_std": 0.0, "lr": 0.0, "lr_std": 0.0, "params": 9207.0, "params_std": 0.0, "time_iter": 0.04183, "time_iter_std": 0.0, "accuracy": 1.0, "accuracy_std": 0.0, "precision": 1.0, "precision_std": 0.0, "recall": 1.0, "recall_std": 0.0, "f1": 1.0, "f1_std": 0.0, "auc": 1.0, "auc_std": 0.0}
{"epoch": 98, "time_epoch": 0.12807, "time_epoch_std": 0.0, "eta": 0.26649, "eta_std": 0.0, "eta_hours": 7e-05, "eta_hours_std": 0.0, "loss": 0.0903, "loss_std": 0.0, "lr": 0.0, "lr_std": 0.0, "params": 9207.0, "params_std": 0.0, "time_iter": 0.04269, "time_iter_std": 0.0, "accuracy": 1.0, "accuracy_std": 0.0, "precision": 1.0, "precision_std": 0.0, "recall": 1.0, "recall_std": 0.0, "f1": 1.0, "f1_std": 0.0, "auc": 1.0, "auc_std": 0.0}
{"epoch": 99, "time_epoch": 0.12506, "time_epoch_std": 0.0, "eta": 0.0, "eta_std": 0.0, "eta_hours": 0.0, "eta_hours_std": 0.0, "loss": 0.08306, "loss_std": 0.0, "lr": 0.0, "lr_std": 0.0, "params": 9207.0, "params_std": 0.0, "time_iter": 0.04169, "time_iter_std": 0.0, "accuracy": 1.0, "accuracy_std": 0.0, "precision": 1.0, "precision_std": 0.0, "recall": 1.0, "recall_std": 0.0, "f1": 1.0, "f1_std": 0.0, "auc": 1.0, "auc_std": 0.0}
