{"epoch": 0, "time_epoch": 6.47121, "eta": 640.64986, "eta_hours": 0.17796, "loss": 0.69456489, "lr": 0.001, "params": 8313, "time_iter": 0.58829, "accuracy": 0.52381, "precision": 0.0, "recall": 0.0, "f1": 0.0, "auc": 0.36818}
{"epoch": 1, "time_epoch": 7.58549, "eta": 688.77854, "eta_hours": 0.19133, "loss": 0.6930296, "lr": 0.00099975, "params": 8313, "time_iter": 0.68959, "accuracy": 0.52381, "precision": 0.0, "recall": 0.0, "f1": 0.0, "auc": 0.42727}
{"epoch": 2, "time_epoch": 0.57162, "eta": 472.98263, "eta_hours": 0.13138, "loss": 0.69252203, "lr": 0.00099901, "params": 8313, "time_iter": 0.05197, "accuracy": 0.52381, "precision": 0.0, "recall": 0.0, "f1": 0.0, "auc": 0.58409}
{"epoch": 3, "time_epoch": 0.62819, "eta": 366.15653, "eta_hours": 0.10171, "loss": 0.69378713, "lr": 0.00099778, "params": 8313, "time_iter": 0.05711, "accuracy": 0.52381, "precision": 0.0, "recall": 0.0, "f1": 0.0, "auc": 0.45682}
{"epoch": 4, "time_epoch": 0.62853, "eta": 301.81589, "eta_hours": 0.08384, "loss": 0.69243905, "lr": 0.00099606, "params": 8313, "time_iter": 0.05714, "accuracy": 0.52381, "precision": 0.0, "recall": 0.0, "f1": 0.0, "auc": 0.57273}
{"epoch": 5, "time_epoch": 0.63469, "eta": 258.80928, "eta_hours": 0.07189, "loss": 0.69188158, "lr": 0.00099384, "params": 8313, "time_iter": 0.0577, "accuracy": 0.52381, "precision": 0.0, "recall": 0.0, "f1": 0.0, "auc": 0.57727}
{"epoch": 6, "time_epoch": 0.63118, "eta": 227.86229, "eta_hours": 0.0633, "loss": 0.69132636, "lr": 0.00099114, "params": 8313, "time_iter": 0.05738, "accuracy": 0.52381, "precision": 0.0, "recall": 0.0, "f1": 0.0, "auc": 0.59545}
{"epoch": 7, "time_epoch": 0.64109, "eta": 204.60812, "eta_hours": 0.05684, "loss": 0.69005861, "lr": 0.00098796, "params": 8313, "time_iter": 0.05828, "accuracy": 0.52381, "precision": 0.0, "recall": 0.0, "f1": 0.0, "auc": 0.625}
{"epoch": 8, "time_epoch": 0.62656, "eta": 186.23221, "eta_hours": 0.05173, "loss": 0.68797383, "lr": 0.00098429, "params": 8313, "time_iter": 0.05696, "accuracy": 0.52381, "precision": 0.0, "recall": 0.0, "f1": 0.0, "auc": 0.77273}
{"epoch": 9, "time_epoch": 0.6342, "eta": 171.47492, "eta_hours": 0.04763, "loss": 0.68533197, "lr": 0.00098015, "params": 8313, "time_iter": 0.05765, "accuracy": 0.52381, "precision": 0.0, "recall": 0.0, "f1": 0.0, "auc": 0.78864}
{"epoch": 10, "time_epoch": 0.63073, "eta": 159.25739, "eta_hours": 0.04424, "loss": 0.68072506, "lr": 0.00097553, "params": 8313, "time_iter": 0.05734, "accuracy": 0.59524, "precision": 1.0, "recall": 0.15, "f1": 0.26087, "auc": 0.75227}
{"epoch": 11, "time_epoch": 0.62752, "eta": 148.94749, "eta_hours": 0.04137, "loss": 0.66187634, "lr": 0.00097044, "params": 8313, "time_iter": 0.05705, "accuracy": 0.71429, "precision": 1.0, "recall": 0.4, "f1": 0.57143, "auc": 0.89773}
{"epoch": 12, "time_epoch": 0.62653, "eta": 140.12053, "eta_hours": 0.03892, "loss": 0.65808757, "lr": 0.00096489, "params": 8313, "time_iter": 0.05696, "accuracy": 0.71429, "precision": 0.75, "recall": 0.6, "f1": 0.66667, "auc": 0.81364}
{"epoch": 13, "time_epoch": 0.63368, "eta": 132.50901, "eta_hours": 0.03681, "loss": 0.63813957, "lr": 0.00095888, "params": 8313, "time_iter": 0.05761, "accuracy": 0.7381, "precision": 0.73684, "recall": 0.7, "f1": 0.71795, "auc": 0.81591}
{"epoch": 14, "time_epoch": 0.63295, "eta": 125.82369, "eta_hours": 0.03495, "loss": 0.60711562, "lr": 0.00095241, "params": 8313, "time_iter": 0.05754, "accuracy": 0.78571, "precision": 0.7619, "recall": 0.8, "f1": 0.78049, "auc": 0.84773}
{"epoch": 15, "time_epoch": 0.63423, "eta": 119.90168, "eta_hours": 0.03331, "loss": 0.57115704, "lr": 0.0009455, "params": 8313, "time_iter": 0.05766, "accuracy": 0.83333, "precision": 0.84211, "recall": 0.8, "f1": 0.82051, "auc": 0.89545}
{"epoch": 16, "time_epoch": 0.63953, "eta": 114.62759, "eta_hours": 0.03184, "loss": 0.51022518, "lr": 0.00093815, "params": 8313, "time_iter": 0.05814, "accuracy": 0.88095, "precision": 0.85714, "recall": 0.9, "f1": 0.87805, "auc": 0.91591}
{"epoch": 17, "time_epoch": 0.63331, "eta": 109.84012, "eta_hours": 0.03051, "loss": 0.4681284, "lr": 0.00093037, "params": 8313, "time_iter": 0.05757, "accuracy": 0.80952, "precision": 0.83333, "recall": 0.75, "f1": 0.78947, "auc": 0.93409}
{"epoch": 18, "time_epoch": 0.64344, "eta": 105.53312, "eta_hours": 0.02931, "loss": 0.49846968, "lr": 0.00092216, "params": 8313, "time_iter": 0.05849, "accuracy": 0.78571, "precision": 0.7619, "recall": 0.8, "f1": 0.78049, "auc": 0.87955}
{"epoch": 19, "time_epoch": 0.6427, "eta": 101.58954, "eta_hours": 0.02822, "loss": 0.35891105, "lr": 0.00091354, "params": 8313, "time_iter": 0.05843, "accuracy": 0.88095, "precision": 0.89474, "recall": 0.85, "f1": 0.87179, "auc": 0.97273}
{"epoch": 20, "time_epoch": 0.63595, "eta": 97.93492, "eta_hours": 0.0272, "loss": 0.39905701, "lr": 0.00090451, "params": 8313, "time_iter": 0.05781, "accuracy": 0.85714, "precision": 0.85, "recall": 0.85, "f1": 0.85, "auc": 0.92727}
{"epoch": 21, "time_epoch": 0.67227, "eta": 94.6835, "eta_hours": 0.0263, "loss": 0.27468751, "lr": 0.00089508, "params": 8313, "time_iter": 0.06112, "accuracy": 0.92857, "precision": 0.94737, "recall": 0.9, "f1": 0.92308, "auc": 0.98182}
{"epoch": 22, "time_epoch": 1.00592, "eta": 92.77337, "eta_hours": 0.02577, "loss": 0.33902634, "lr": 0.00088526, "params": 8313, "time_iter": 0.09145, "accuracy": 0.83333, "precision": 0.84211, "recall": 0.8, "f1": 0.82051, "auc": 0.93409}
{"epoch": 23, "time_epoch": 0.64308, "eta": 89.7896, "eta_hours": 0.02494, "loss": 0.25748834, "lr": 0.00087506, "params": 8313, "time_iter": 0.05846, "accuracy": 0.90476, "precision": 0.94444, "recall": 0.85, "f1": 0.89474, "auc": 0.97045}
{"epoch": 24, "time_epoch": 0.62909, "eta": 86.9511, "eta_hours": 0.02415, "loss": 0.19973489, "lr": 0.00086448, "params": 8313, "time_iter": 0.05719, "accuracy": 0.92857, "precision": 0.90476, "recall": 0.95, "f1": 0.92683, "auc": 0.98864}
{"epoch": 25, "time_epoch": 0.55648, "eta": 84.0759, "eta_hours": 0.02335, "loss": 0.24862609, "lr": 0.00085355, "params": 8313, "time_iter": 0.05059, "accuracy": 0.90476, "precision": 0.9, "recall": 0.9, "f1": 0.9, "auc": 0.95682}
{"epoch": 26, "time_epoch": 0.88598, "eta": 82.26333, "eta_hours": 0.02285, "loss": 0.22167157, "lr": 0.00084227, "params": 8313, "time_iter": 0.08054, "accuracy": 0.92857, "precision": 0.90476, "recall": 0.95, "f1": 0.92683, "auc": 0.97727}
{"epoch": 27, "time_epoch": 0.637, "eta": 79.8767, "eta_hours": 0.02219, "loss": 0.27375863, "lr": 0.00083066, "params": 8313, "time_iter": 0.05791, "accuracy": 0.85714, "precision": 0.81818, "recall": 0.9, "f1": 0.85714, "auc": 0.95909}
{"epoch": 28, "time_epoch": 0.64259, "eta": 77.62443, "eta_hours": 0.02156, "loss": 0.29408706, "lr": 0.00081871, "params": 8313, "time_iter": 0.05842, "accuracy": 0.90476, "precision": 0.94444, "recall": 0.85, "f1": 0.89474, "auc": 0.93182}
{"epoch": 29, "time_epoch": 0.66066, "eta": 75.52163, "eta_hours": 0.02098, "loss": 0.18207089, "lr": 0.00080645, "params": 8313, "time_iter": 0.06006, "accuracy": 0.92857, "precision": 0.94737, "recall": 0.9, "f1": 0.92308, "auc": 0.98864}
{"epoch": 30, "time_epoch": 0.65738, "eta": 73.50457, "eta_hours": 0.02042, "loss": 0.14620622, "lr": 0.00079389, "params": 8313, "time_iter": 0.05976, "accuracy": 0.95238, "precision": 0.90909, "recall": 1.0, "f1": 0.95238, "auc": 0.98636}
{"epoch": 31, "time_epoch": 0.6415, "eta": 71.53875, "eta_hours": 0.01987, "loss": 0.2022835, "lr": 0.00078104, "params": 8313, "time_iter": 0.05832, "accuracy": 0.90476, "precision": 0.83333, "recall": 1.0, "f1": 0.90909, "auc": 0.99318}
{"epoch": 32, "time_epoch": 0.60196, "eta": 69.5729, "eta_hours": 0.01933, "loss": 0.12706365, "lr": 0.00076791, "params": 8313, "time_iter": 0.05472, "accuracy": 0.97619, "precision": 1.0, "recall": 0.95, "f1": 0.97436, "auc": 0.99773}
{"epoch": 33, "time_epoch": 0.70186, "eta": 67.88123, "eta_hours": 0.01886, "loss": 0.07415969, "lr": 0.00075452, "params": 8313, "time_iter": 0.06381, "accuracy": 0.97619, "precision": 0.95238, "recall": 1.0, "f1": 0.97561, "auc": 1.0}
{"epoch": 34, "time_epoch": 0.7162, "eta": 66.27273, "eta_hours": 0.01841, "loss": 0.16043778, "lr": 0.00074088, "params": 8313, "time_iter": 0.06511, "accuracy": 0.95238, "precision": 0.95, "recall": 0.95, "f1": 0.95, "auc": 0.98636}
{"epoch": 35, "time_epoch": 0.60869, "eta": 64.52268, "eta_hours": 0.01792, "loss": 0.156362, "lr": 0.000727, "params": 8313, "time_iter": 0.05534, "accuracy": 0.92857, "precision": 0.94737, "recall": 0.9, "f1": 0.92308, "auc": 0.98864}
{"epoch": 36, "time_epoch": 0.6695, "eta": 62.93787, "eta_hours": 0.01748, "loss": 0.0718718, "lr": 0.00071289, "params": 8313, "time_iter": 0.06086, "accuracy": 1.0, "precision": 1.0, "recall": 1.0, "f1": 1.0, "auc": 1.0}
{"epoch": 37, "time_epoch": 0.66677, "eta": 61.39678, "eta_hours": 0.01705, "loss": 0.17693645, "lr": 0.00069857, "params": 8313, "time_iter": 0.06062, "accuracy": 0.92857, "precision": 0.90476, "recall": 0.95, "f1": 0.92683, "auc": 0.98864}
{"epoch": 38, "time_epoch": 0.64131, "eta": 59.8607, "eta_hours": 0.01663, "loss": 0.14598412, "lr": 0.00068406, "params": 8313, "time_iter": 0.0583, "accuracy": 0.90476, "precision": 0.86364, "recall": 0.95, "f1": 0.90476, "auc": 0.99318}
{"epoch": 39, "time_epoch": 0.63085, "eta": 58.35367, "eta_hours": 0.01621, "loss": 0.26602656, "lr": 0.00066937, "params": 8313, "time_iter": 0.05735, "accuracy": 0.92857, "precision": 0.90476, "recall": 0.95, "f1": 0.92683, "auc": 0.96364}
{"epoch": 40, "time_epoch": 0.63911, "eta": 56.90127, "eta_hours": 0.01581, "loss": 0.42797256, "lr": 0.00065451, "params": 8313, "time_iter": 0.0581, "accuracy": 0.88095, "precision": 0.82609, "recall": 0.95, "f1": 0.88372, "auc": 0.92727}
{"epoch": 41, "time_epoch": 0.63315, "eta": 55.47936, "eta_hours": 0.01541, "loss": 0.31306189, "lr": 0.0006395, "params": 8313, "time_iter": 0.05756, "accuracy": 0.90476, "precision": 0.86364, "recall": 0.95, "f1": 0.90476, "auc": 0.95682}
{"epoch": 42, "time_epoch": 0.631, "eta": 54.09129, "eta_hours": 0.01503, "loss": 0.03128837, "lr": 0.00062434, "params": 8313, "time_iter": 0.05736, "accuracy": 1.0, "precision": 1.0, "recall": 1.0, "f1": 1.0, "auc": 1.0}
{"epoch": 43, "time_epoch": 0.63064, "eta": 52.73717, "eta_hours": 0.01465, "loss": 0.02182626, "lr": 0.00060907, "params": 8313, "time_iter": 0.05733, "accuracy": 1.0, "precision": 1.0, "recall": 1.0, "f1": 1.0, "auc": 1.0}
{"epoch": 44, "time_epoch": 0.63486, "eta": 51.42037, "eta_hours": 0.01428, "loss": 0.23652698, "lr": 0.00059369, "params": 8313, "time_iter": 0.05771, "accuracy": 0.88095, "precision": 0.89474, "recall": 0.85, "f1": 0.87179, "auc": 0.975}
{"epoch": 45, "time_epoch": 0.63986, "eta": 50.13909, "eta_hours": 0.01393, "loss": 0.09988964, "lr": 0.00057822, "params": 8313, "time_iter": 0.05817, "accuracy": 0.95238, "precision": 0.90909, "recall": 1.0, "f1": 0.95238, "auc": 1.0}
{"epoch": 46, "time_epoch": 0.63919, "eta": 48.88433, "eta_hours": 0.01358, "loss": 0.22049329, "lr": 0.00056267, "params": 8313, "time_iter": 0.05811, "accuracy": 0.90476, "precision": 0.83333, "recall": 1.0, "f1": 0.90909, "auc": 0.97727}
{"epoch": 47, "time_epoch": 0.64202, "eta": 47.6583, "eta_hours": 0.01324, "loss": 0.12943559, "lr": 0.00054705, "params": 8313, "time_iter": 0.05837, "accuracy": 0.90476, "precision": 0.86364, "recall": 0.95, "f1": 0.90476, "auc": 0.99091}
{"epoch": 48, "time_epoch": 0.64131, "eta": 46.45537, "eta_hours": 0.0129, "loss": 0.10748606, "lr": 0.0005314, "params": 8313, "time_iter": 0.0583, "accuracy": 0.95238, "precision": 0.90909, "recall": 1.0, "f1": 0.95238, "auc": 0.99545}
{"epoch": 49, "time_epoch": 0.64984, "eta": 45.28342, "eta_hours": 0.01258, "loss": 0.2886323, "lr": 0.00051571, "params": 8313, "time_iter": 0.05908, "accuracy": 0.90476, "precision": 0.9, "recall": 0.9, "f1": 0.9, "auc": 0.95455}
{"epoch": 50, "time_epoch": 0.63968, "eta": 44.12219, "eta_hours": 0.01226, "loss": 0.28473567, "lr": 0.0005, "params": 8313, "time_iter": 0.05815, "accuracy": 0.90476, "precision": 0.9, "recall": 0.9, "f1": 0.9, "auc": 0.95909}
{"epoch": 51, "time_epoch": 0.63498, "eta": 42.97669, "eta_hours": 0.01194, "loss": 0.02357764, "lr": 0.00048429, "params": 8313, "time_iter": 0.05773, "accuracy": 1.0, "precision": 1.0, "recall": 1.0, "f1": 1.0, "auc": 1.0}
{"epoch": 52, "time_epoch": 0.63434, "eta": 41.84988, "eta_hours": 0.01162, "loss": 0.0906913, "lr": 0.0004686, "params": 8313, "time_iter": 0.05767, "accuracy": 0.95238, "precision": 0.90909, "recall": 1.0, "f1": 0.95238, "auc": 1.0}
{"epoch": 53, "time_epoch": 0.63541, "eta": 40.74223, "eta_hours": 0.01132, "loss": 0.12711175, "lr": 0.00045295, "params": 8313, "time_iter": 0.05776, "accuracy": 0.92857, "precision": 0.86957, "recall": 1.0, "f1": 0.93023, "auc": 0.99545}
{"epoch": 54, "time_epoch": 0.63952, "eta": 39.65511, "eta_hours": 0.01102, "loss": 0.04075737, "lr": 0.00043733, "params": 8313, "time_iter": 0.05814, "accuracy": 0.97619, "precision": 1.0, "recall": 0.95, "f1": 0.97436, "auc": 1.0}
{"epoch": 55, "time_epoch": 0.63169, "eta": 38.57782, "eta_hours": 0.01072, "loss": 0.10109066, "lr": 0.00042178, "params": 8313, "time_iter": 0.05743, "accuracy": 0.95238, "precision": 0.90909, "recall": 1.0, "f1": 0.95238, "auc": 1.0}
{"epoch": 56, "time_epoch": 0.64218, "eta": 37.52408, "eta_hours": 0.01042, "loss": 0.31081181, "lr": 0.00040631, "params": 8313, "time_iter": 0.05838, "accuracy": 0.83333, "precision": 0.78261, "recall": 0.9, "f1": 0.83721, "auc": 0.96818}
{"epoch": 57, "time_epoch": 0.62817, "eta": 36.47439, "eta_hours": 0.01013, "loss": 0.20135424, "lr": 0.00039093, "params": 8313, "time_iter": 0.05711, "accuracy": 0.90476, "precision": 0.83333, "recall": 1.0, "f1": 0.90909, "auc": 0.98182}
{"epoch": 58, "time_epoch": 0.63418, "eta": 35.44317, "eta_hours": 0.00985, "loss": 0.20362534, "lr": 0.00037566, "params": 8313, "time_iter": 0.05765, "accuracy": 0.92857, "precision": 0.90476, "recall": 0.95, "f1": 0.92683, "auc": 0.97727}
{"epoch": 59, "time_epoch": 0.64099, "eta": 34.42971, "eta_hours": 0.00956, "loss": 0.19925097, "lr": 0.0003605, "params": 8313, "time_iter": 0.05827, "accuracy": 0.92857, "precision": 0.94737, "recall": 0.9, "f1": 0.92308, "auc": 0.98182}
{"epoch": 60, "time_epoch": 0.63885, "eta": 33.4271, "eta_hours": 0.00929, "loss": 0.46664496, "lr": 0.00034549, "params": 8313, "time_iter": 0.05808, "accuracy": 0.80952, "precision": 0.77273, "recall": 0.85, "f1": 0.80952, "auc": 0.90682}
{"epoch": 61, "time_epoch": 0.63802, "eta": 32.43572, "eta_hours": 0.00901, "loss": 0.21220753, "lr": 0.00033063, "params": 8313, "time_iter": 0.058, "accuracy": 0.90476, "precision": 0.94444, "recall": 0.85, "f1": 0.89474, "auc": 0.975}
{"epoch": 62, "time_epoch": 0.63209, "eta": 31.45207, "eta_hours": 0.00874, "loss": 0.16499979, "lr": 0.00031594, "params": 8313, "time_iter": 0.05746, "accuracy": 0.92857, "precision": 0.90476, "recall": 0.95, "f1": 0.92683, "auc": 0.98409}
{"epoch": 63, "time_epoch": 0.6373, "eta": 30.48234, "eta_hours": 0.00847, "loss": 0.1135185, "lr": 0.00030143, "params": 8313, "time_iter": 0.05794, "accuracy": 0.95238, "precision": 1.0, "recall": 0.9, "f1": 0.94737, "auc": 1.0}
{"epoch": 64, "time_epoch": 0.63938, "eta": 29.52396, "eta_hours": 0.0082, "loss": 0.07721533, "lr": 0.00028711, "params": 8313, "time_iter": 0.05813, "accuracy": 0.97619, "precision": 0.95238, "recall": 1.0, "f1": 0.97561, "auc": 0.99545}
{"epoch": 65, "time_epoch": 0.64149, "eta": 28.57634, "eta_hours": 0.00794, "loss": 0.24078628, "lr": 0.000273, "params": 8313, "time_iter": 0.05832, "accuracy": 0.90476, "precision": 0.9, "recall": 0.9, "f1": 0.9, "auc": 0.96818}
{"epoch": 66, "time_epoch": 0.63266, "eta": 27.63349, "eta_hours": 0.00768, "loss": 0.20843249, "lr": 0.00025912, "params": 8313, "time_iter": 0.05751, "accuracy": 0.92857, "precision": 0.94737, "recall": 0.9, "f1": 0.92308, "auc": 0.97273}
{"epoch": 67, "time_epoch": 0.63849, "eta": 26.70252, "eta_hours": 0.00742, "loss": 0.17768273, "lr": 0.00024548, "params": 8313, "time_iter": 0.05804, "accuracy": 0.88095, "precision": 0.8, "recall": 1.0, "f1": 0.88889, "auc": 1.0}
{"epoch": 68, "time_epoch": 0.63426, "eta": 25.77812, "eta_hours": 0.00716, "loss": 0.36534891, "lr": 0.00023209, "params": 8313, "time_iter": 0.05766, "accuracy": 0.90476, "precision": 0.9, "recall": 0.9, "f1": 0.9, "auc": 0.95}
{"epoch": 69, "time_epoch": 0.62975, "eta": 24.86008, "eta_hours": 0.00691, "loss": 0.04743466, "lr": 0.00021896, "params": 8313, "time_iter": 0.05725, "accuracy": 0.97619, "precision": 0.95238, "recall": 1.0, "f1": 0.97561, "auc": 1.0}
{"epoch": 70, "time_epoch": 0.6322, "eta": 23.95117, "eta_hours": 0.00665, "loss": 0.02098632, "lr": 0.00020611, "params": 8313, "time_iter": 0.05747, "accuracy": 1.0, "precision": 1.0, "recall": 1.0, "f1": 1.0, "auc": 1.0}
{"epoch": 71, "time_epoch": 0.6351, "eta": 23.05107, "eta_hours": 0.0064, "loss": 0.04785626, "lr": 0.00019355, "params": 8313, "time_iter": 0.05774, "accuracy": 0.95238, "precision": 0.90909, "recall": 1.0, "f1": 0.95238, "auc": 1.0}
{"epoch": 72, "time_epoch": 0.63263, "eta": 22.15731, "eta_hours": 0.00615, "loss": 0.01189075, "lr": 0.00018129, "params": 8313, "time_iter": 0.05751, "accuracy": 1.0, "precision": 1.0, "recall": 1.0, "f1": 1.0, "auc": 1.0}
{"epoch": 73, "time_epoch": 0.63331, "eta": 21.27085, "eta_hours": 0.00591, "loss": 0.21212881, "lr": 0.00016934, "params": 8313, "time_iter": 0.05757, "accuracy": 0.92857, "precision": 0.90476, "recall": 0.95, "f1": 0.92683, "auc": 0.97727}
{"epoch": 74, "time_epoch": 0.63279, "eta": 20.39097, "eta_hours": 0.00566, "loss": 0.02818589, "lr": 0.00015773, "params": 8313, "time_iter": 0.05753, "accuracy": 1.0, "precision": 1.0, "recall": 1.0, "f1": 1.0, "auc": 1.0}
{"epoch": 75, "time_epoch": 0.63288, "eta": 19.51762, "eta_hours": 0.00542, "loss": 0.09757485, "lr": 0.00014645, "params": 8313, "time_iter": 0.05753, "accuracy": 0.95238, "precision": 0.90909, "recall": 1.0, "f1": 0.95238, "auc": 1.0}
{"epoch": 76, "time_epoch": 0.63336, "eta": 18.65065, "eta_hours": 0.00518, "loss": 0.03673723, "lr": 0.00013552, "params": 8313, "time_iter": 0.05758, "accuracy": 0.97619, "precision": 1.0, "recall": 0.95, "f1": 0.97436, "auc": 1.0}
{"epoch": 77, "time_epoch": 0.63704, "eta": 17.79072, "eta_hours": 0.00494, "loss": 0.24926457, "lr": 0.00012494, "params": 8313, "time_iter": 0.05791, "accuracy": 0.88095, "precision": 0.82609, "recall": 0.95, "f1": 0.88372, "auc": 0.98409}
{"epoch": 78, "time_epoch": 0.63361, "eta": 16.93551, "eta_hours": 0.0047, "loss": 0.28056763, "lr": 0.00011474, "params": 8313, "time_iter": 0.0576, "accuracy": 0.85714, "precision": 0.79167, "recall": 0.95, "f1": 0.86364, "auc": 0.96136}
{"epoch": 79, "time_epoch": 0.63263, "eta": 16.08561, "eta_hours": 0.00447, "loss": 0.13279175, "lr": 0.00010492, "params": 8313, "time_iter": 0.05751, "accuracy": 0.95238, "precision": 0.95, "recall": 0.95, "f1": 0.95, "auc": 0.99545}
{"epoch": 80, "time_epoch": 0.63792, "eta": 15.2423, "eta_hours": 0.00423, "loss": 0.1661469, "lr": 9.549e-05, "params": 8313, "time_iter": 0.05799, "accuracy": 0.92857, "precision": 0.90476, "recall": 0.95, "f1": 0.92683, "auc": 0.99318}
{"epoch": 81, "time_epoch": 0.64461, "eta": 14.40548, "eta_hours": 0.004, "loss": 0.07783516, "lr": 8.646e-05, "params": 8313, "time_iter": 0.0586, "accuracy": 0.95238, "precision": 0.90909, "recall": 1.0, "f1": 0.95238, "auc": 1.0}
{"epoch": 82, "time_epoch": 0.64328, "eta": 13.57301, "eta_hours": 0.00377, "loss": 0.07136238, "lr": 7.784e-05, "params": 8313, "time_iter": 0.05848, "accuracy": 0.95238, "precision": 0.90909, "recall": 1.0, "f1": 0.95238, "auc": 1.0}
{"epoch": 83, "time_epoch": 0.6413, "eta": 12.74467, "eta_hours": 0.00354, "loss": 0.15544225, "lr": 6.963e-05, "params": 8313, "time_iter": 0.0583, "accuracy": 0.90476, "precision": 0.94444, "recall": 0.85, "f1": 0.89474, "auc": 0.99091}
{"epoch": 84, "time_epoch": 0.63778, "eta": 11.92011, "eta_hours": 0.00331, "loss": 0.09307791, "lr": 6.185e-05, "params": 8313, "time_iter": 0.05798, "accuracy": 0.95238, "precision": 0.90909, "recall": 1.0, "f1": 0.95238, "auc": 1.0}
{"epoch": 85, "time_epoch": 0.63165, "eta": 11.0989, "eta_hours": 0.00308, "loss": 0.07960367, "lr": 5.45e-05, "params": 8313, "time_iter": 0.05742, "accuracy": 0.97619, "precision": 0.95238, "recall": 1.0, "f1": 0.97561, "auc": 1.0}
{"epoch": 86, "time_epoch": 0.63698, "eta": 10.28284, "eta_hours": 0.00286, "loss": 0.06686037, "lr": 4.759e-05, "params": 8313, "time_iter": 0.05791, "accuracy": 0.95238, "precision": 0.90909, "recall": 1.0, "f1": 0.95238, "auc": 1.0}
{"epoch": 87, "time_epoch": 0.63126, "eta": 9.47007, "eta_hours": 0.00263, "loss": 0.04690376, "lr": 4.112e-05, "params": 8313, "time_iter": 0.05739, "accuracy": 1.0, "precision": 1.0, "recall": 1.0, "f1": 1.0, "auc": 1.0}
{"epoch": 88, "time_epoch": 0.63221, "eta": 8.6615, "eta_hours": 0.00241, "loss": 0.15892678, "lr": 3.511e-05, "params": 8313, "time_iter": 0.05747, "accuracy": 0.90476, "precision": 0.9, "recall": 0.9, "f1": 0.9, "auc": 0.98864}
{"epoch": 89, "time_epoch": 0.63416, "eta": 7.85706, "eta_hours": 0.00218, "loss": 0.0509504, "lr": 2.956e-05, "params": 8313, "time_iter": 0.05765, "accuracy": 0.97619, "precision": 0.95238, "recall": 1.0, "f1": 0.97561, "auc": 1.0}
{"epoch": 90, "time_epoch": 0.63465, "eta": 7.05642, "eta_hours": 0.00196, "loss": 0.04900615, "lr": 2.447e-05, "params": 8313, "time_iter": 0.0577, "accuracy": 0.95238, "precision": 0.90909, "recall": 1.0, "f1": 0.95238, "auc": 1.0}
{"epoch": 91, "time_epoch": 0.63348, "eta": 6.25928, "eta_hours": 0.00174, "loss": 0.09652882, "lr": 1.985e-05, "params": 8313, "time_iter": 0.05759, "accuracy": 0.95238, "precision": 0.90909, "recall": 1.0, "f1": 0.95238, "auc": 0.99545}
{"epoch": 92, "time_epoch": 0.63189, "eta": 5.46554, "eta_hours": 0.00152, "loss": 0.05064947, "lr": 1.571e-05, "params": 8313, "time_iter": 0.05744, "accuracy": 0.97619, "precision": 0.95238, "recall": 1.0, "f1": 0.97561, "auc": 1.0}
{"epoch": 93, "time_epoch": 0.63069, "eta": 4.67517, "eta_hours": 0.0013, "loss": 0.0017077, "lr": 1.204e-05, "params": 8313, "time_iter": 0.05734, "accuracy": 1.0, "precision": 1.0, "recall": 1.0, "f1": 1.0, "auc": 1.0}
{"epoch": 94, "time_epoch": 0.62695, "eta": 3.88796, "eta_hours": 0.00108, "loss": 0.35181726, "lr": 8.86e-06, "params": 8313, "time_iter": 0.057, "accuracy": 0.85714, "precision": 0.85, "recall": 0.85, "f1": 0.85, "auc": 0.96591}
{"epoch": 95, "time_epoch": 0.63033, "eta": 3.10423, "eta_hours": 0.00086, "loss": 0.00794085, "lr": 6.16e-06, "params": 8313, "time_iter": 0.0573, "accuracy": 1.0, "precision": 1.0, "recall": 1.0, "f1": 1.0, "auc": 1.0}
{"epoch": 96, "time_epoch": 0.64079, "eta": 2.32399, "eta_hours": 0.00065, "loss": 0.08394942, "lr": 3.94e-06, "params": 8313, "time_iter": 0.05825, "accuracy": 0.97619, "precision": 1.0, "recall": 0.95, "f1": 0.97436, "auc": 0.99773}
{"epoch": 97, "time_epoch": 0.64535, "eta": 1.54669, "eta_hours": 0.00043, "loss": 0.1723813, "lr": 2.22e-06, "params": 8313, "time_iter": 0.05867, "accuracy": 0.92857, "precision": 0.86957, "recall": 1.0, "f1": 0.93023, "auc": 0.99091}
{"epoch": 98, "time_epoch": 0.64086, "eta": 0.77201, "eta_hours": 0.00021, "loss": 0.21537458, "lr": 9.9e-07, "params": 8313, "time_iter": 0.05826, "accuracy": 0.92857, "precision": 0.90476, "recall": 0.95, "f1": 0.92683, "auc": 0.98409}
{"epoch": 99, "time_epoch": 0.6403, "eta": 0.0, "eta_hours": 0.0, "loss": 0.00639361, "lr": 2.5e-07, "params": 8313, "time_iter": 0.05821, "accuracy": 1.0, "precision": 1.0, "recall": 1.0, "f1": 1.0, "auc": 1.0}
