{"epoch": 0, "time_epoch": 0.99656, "time_epoch_std": 0.0, "eta": 98.65985, "eta_std": 0.0, "eta_hours": 0.02741, "eta_hours_std": 0.0, "loss": 0.69649, "loss_std": 0.0, "lr": 0.001, "lr_std": 0.0, "params": 8313.0, "params_std": 0.0, "time_iter": 0.33219, "time_iter_std": 0.0, "accuracy": 0.47619, "accuracy_std": 0.0, "precision": 0.47619, "precision_std": 0.0, "recall": 1.0, "recall_std": 0.0, "f1": 0.64516, "f1_std": 0.0, "auc": 0.37159, "auc_std": 0.0}
{"epoch": 1, "time_epoch": 2.09507, "time_epoch_std": 0.0, "eta": 151.49, "eta_std": 0.0, "eta_hours": 0.04208, "eta_hours_std": 0.0, "loss": 0.69545, "loss_std": 0.0, "lr": 0.001, "lr_std": 0.0, "params": 8313.0, "params_std": 0.0, "time_iter": 0.69836, "time_iter_std": 0.0, "accuracy": 0.47619, "accuracy_std": 0.0, "precision": 0.47619, "precision_std": 0.0, "recall": 1.0, "recall_std": 0.0, "f1": 0.64516, "f1_std": 0.0, "auc": 0.45682, "auc_std": 0.0}
{"epoch": 2, "time_epoch": 2.08573, "time_epoch_std": 0.0, "eta": 167.40148, "eta_std": 0.0, "eta_hours": 0.0465, "eta_hours_std": 0.0, "loss": 0.6951, "loss_std": 0.0, "lr": 0.001, "lr_std": 0.0, "params": 8313.0, "params_std": 0.0, "time_iter": 0.69524, "time_iter_std": 0.0, "accuracy": 0.47619, "accuracy_std": 0.0, "precision": 0.47619, "precision_std": 0.0, "recall": 1.0, "recall_std": 0.0, "f1": 0.64516, "f1_std": 0.0, "auc": 0.50455, "auc_std": 0.0}
{"epoch": 3, "time_epoch": 2.08088, "time_epoch_std": 0.0, "eta": 174.1979, "eta_std": 0.0, "eta_hours": 0.04839, "eta_hours_std": 0.0, "loss": 0.69542, "loss_std": 0.0, "lr": 0.001, "lr_std": 0.0, "params": 8313.0, "params_std": 0.0, "time_iter": 0.69363, "time_iter_std": 0.0, "accuracy": 0.47619, "accuracy_std": 0.0, "precision": 0.47619, "precision_std": 0.0, "recall": 1.0, "recall_std": 0.0, "f1": 0.64516, "f1_std": 0.0, "auc": 0.43636, "auc_std": 0.0}
{"epoch": 4, "time_epoch": 2.08343, "time_epoch_std": 0.0, "eta": 177.4918, "eta_std": 0.0, "eta_hours": 0.0493, "eta_hours_std": 0.0, "loss": 0.6942, "loss_std": 0.0, "lr": 0.001, "lr_std": 0.0, "params": 8313.0, "params_std": 0.0, "time_iter": 0.69448, "time_iter_std": 0.0, "accuracy": 0.47619, "accuracy_std": 0.0, "precision": 0.47619, "precision_std": 0.0, "recall": 1.0, "recall_std": 0.0, "f1": 0.64516, "f1_std": 0.0, "auc": 0.51364, "auc_std": 0.0}
{"epoch": 5, "time_epoch": 2.07917, "time_epoch_std": 0.0, "eta": 178.92656, "eta_std": 0.0, "eta_hours": 0.0497, "eta_hours_std": 0.0, "loss": 0.69363, "loss_std": 0.0, "lr": 0.00099, "lr_std": 0.0, "params": 8313.0, "params_std": 0.0, "time_iter": 0.69306, "time_iter_std": 0.0, "accuracy": 0.5, "accuracy_std": 0.0, "precision": 0.4878, "precision_std": 0.0, "recall": 1.0, "recall_std": 0.0, "f1": 0.65574, "f1_std": 0.0, "auc": 0.61818, "auc_std": 0.0}
{"epoch": 6, "time_epoch": 2.08641, "time_epoch_std": 0.0, "eta": 179.45349, "eta_std": 0.0, "eta_hours": 0.04985, "eta_hours_std": 0.0, "loss": 0.69419, "loss_std": 0.0, "lr": 0.00099, "lr_std": 0.0, "params": 8313.0, "params_std": 0.0, "time_iter": 0.69547, "time_iter_std": 0.0, "accuracy": 0.45238, "accuracy_std": 0.0, "precision": 0.46154, "precision_std": 0.0, "recall": 0.9, "recall_std": 0.0, "f1": 0.61017, "f1_std": 0.0, "auc": 0.44773, "auc_std": 0.0}
{"epoch": 7, "time_epoch": 0.8086, "time_epoch_std": 0.0, "eta": 164.63234, "eta_std": 0.0, "eta_hours": 0.04573, "eta_hours_std": 0.0, "loss": 0.69281, "loss_std": 0.0, "lr": 0.00099, "lr_std": 0.0, "params": 8313.0, "params_std": 0.0, "time_iter": 0.26953, "time_iter_std": 0.0, "accuracy": 0.52381, "accuracy_std": 0.0, "precision": 0.5, "precision_std": 0.0, "recall": 0.95, "recall_std": 0.0, "f1": 0.65517, "f1_std": 0.0, "auc": 0.69545, "auc_std": 0.0}
{"epoch": 8, "time_epoch": 0.16742, "time_epoch_std": 0.0, "eta": 146.44197, "eta_std": 0.0, "eta_hours": 0.04068, "eta_hours_std": 0.0, "loss": 0.69193, "loss_std": 0.0, "lr": 0.00098, "lr_std": 0.0, "params": 8313.0, "params_std": 0.0, "time_iter": 0.05581, "time_iter_std": 0.0, "accuracy": 0.52381, "accuracy_std": 0.0, "precision": 0.5, "precision_std": 0.0, "recall": 1.0, "recall_std": 0.0, "f1": 0.66667, "f1_std": 0.0, "auc": 0.75682, "auc_std": 0.0}
{"epoch": 9, "time_epoch": 0.16061, "time_epoch_std": 0.0, "eta": 131.79493, "eta_std": 0.0, "eta_hours": 0.03661, "eta_hours_std": 0.0, "loss": 0.6918, "loss_std": 0.0, "lr": 0.00098, "lr_std": 0.0, "params": 8313.0, "params_std": 0.0, "time_iter": 0.05354, "time_iter_std": 0.0, "accuracy": 0.54762, "accuracy_std": 0.0, "precision": 0.51429, "precision_std": 0.0, "recall": 0.9, "recall_std": 0.0, "f1": 0.65455, "f1_std": 0.0, "auc": 0.71591, "auc_std": 0.0}
{"epoch": 10, "time_epoch": 0.16821, "time_epoch_std": 0.0, "eta": 119.8433, "eta_std": 0.0, "eta_hours": 0.03329, "eta_hours_std": 0.0, "loss": 0.69146, "loss_std": 0.0, "lr": 0.00098, "lr_std": 0.0, "params": 8313.0, "params_std": 0.0, "time_iter": 0.05607, "time_iter_std": 0.0, "accuracy": 0.52381, "accuracy_std": 0.0, "precision": 0.5, "precision_std": 0.0, "recall": 0.75, "recall_std": 0.0, "f1": 0.6, "f1_std": 0.0, "auc": 0.69545, "auc_std": 0.0}
{"epoch": 11, "time_epoch": 0.16847, "time_epoch_std": 0.0, "eta": 109.85745, "eta_std": 0.0, "eta_hours": 0.03052, "eta_hours_std": 0.0, "loss": 0.69039, "loss_std": 0.0, "lr": 0.00097, "lr_std": 0.0, "params": 8313.0, "params_std": 0.0, "time_iter": 0.05616, "time_iter_std": 0.0, "accuracy": 0.59524, "accuracy_std": 0.0, "precision": 0.56522, "precision_std": 0.0, "recall": 0.65, "recall_std": 0.0, "f1": 0.60465, "f1_std": 0.0, "auc": 0.73864, "auc_std": 0.0}
{"epoch": 12, "time_epoch": 0.17344, "time_epoch_std": 0.0, "eta": 101.41526, "eta_std": 0.0, "eta_hours": 0.02817, "eta_hours_std": 0.0, "loss": 0.68945, "loss_std": 0.0, "lr": 0.00096, "lr_std": 0.0, "params": 8313.0, "params_std": 0.0, "time_iter": 0.05781, "time_iter_std": 0.0, "accuracy": 0.71429, "accuracy_std": 0.0, "precision": 1.0, "precision_std": 0.0, "recall": 0.4, "recall_std": 0.0, "f1": 0.57143, "f1_std": 0.0, "auc": 0.82045, "auc_std": 0.0}
{"epoch": 13, "time_epoch": 0.17155, "time_epoch_std": 0.0, "eta": 94.14269, "eta_std": 0.0, "eta_hours": 0.02615, "eta_hours_std": 0.0, "loss": 0.68824, "loss_std": 0.0, "lr": 0.00096, "lr_std": 0.0, "params": 8313.0, "params_std": 0.0, "time_iter": 0.05718, "time_iter_std": 0.0, "accuracy": 0.57143, "accuracy_std": 0.0, "precision": 1.0, "precision_std": 0.0, "recall": 0.1, "recall_std": 0.0, "f1": 0.18182, "f1_std": 0.0, "auc": 0.775, "auc_std": 0.0}
{"epoch": 14, "time_epoch": 0.17934, "time_epoch_std": 0.0, "eta": 87.86105, "eta_std": 0.0, "eta_hours": 0.02441, "eta_hours_std": 0.0, "loss": 0.68589, "loss_std": 0.0, "lr": 0.00095, "lr_std": 0.0, "params": 8313.0, "params_std": 0.0, "time_iter": 0.05978, "time_iter_std": 0.0, "accuracy": 0.54762, "accuracy_std": 0.0, "precision": 1.0, "precision_std": 0.0, "recall": 0.05, "recall_std": 0.0, "f1": 0.09524, "f1_std": 0.0, "auc": 0.86591, "auc_std": 0.0}
{"epoch": 15, "time_epoch": 0.17918, "time_epoch_std": 0.0, "eta": 82.34136, "eta_std": 0.0, "eta_hours": 0.02287, "eta_hours_std": 0.0, "loss": 0.685, "loss_std": 0.0, "lr": 0.00095, "lr_std": 0.0, "params": 8313.0, "params_std": 0.0, "time_iter": 0.05973, "time_iter_std": 0.0, "accuracy": 0.52381, "accuracy_std": 0.0, "precision": 0.0, "precision_std": 0.0, "recall": 0.0, "recall_std": 0.0, "f1": 0.0, "f1_std": 0.0, "auc": 0.84318, "auc_std": 0.0}
{"epoch": 16, "time_epoch": 0.17663, "time_epoch_std": 0.0, "eta": 77.43752, "eta_std": 0.0, "eta_hours": 0.02151, "eta_hours_std": 0.0, "loss": 0.68188, "loss_std": 0.0, "lr": 0.00094, "lr_std": 0.0, "params": 8313.0, "params_std": 0.0, "time_iter": 0.05888, "time_iter_std": 0.0, "accuracy": 0.52381, "accuracy_std": 0.0, "precision": 0.0, "precision_std": 0.0, "recall": 0.0, "recall_std": 0.0, "f1": 0.0, "f1_std": 0.0, "auc": 0.90909, "auc_std": 0.0}
{"epoch": 17, "time_epoch": 0.18092, "time_epoch_std": 0.0, "eta": 73.0785, "eta_std": 0.0, "eta_hours": 0.0203, "eta_hours_std": 0.0, "loss": 0.68068, "loss_std": 0.0, "lr": 0.00093, "lr_std": 0.0, "params": 8313.0, "params_std": 0.0, "time_iter": 0.06031, "time_iter_std": 0.0, "accuracy": 0.54762, "accuracy_std": 0.0, "precision": 1.0, "precision_std": 0.0, "recall": 0.05, "recall_std": 0.0, "f1": 0.09524, "f1_std": 0.0, "auc": 0.83182, "auc_std": 0.0}
{"epoch": 18, "time_epoch": 0.18143, "time_epoch_std": 0.0, "eta": 69.16144, "eta_std": 0.0, "eta_hours": 0.01921, "eta_hours_std": 0.0, "loss": 0.67747, "loss_std": 0.0, "lr": 0.00092, "lr_std": 0.0, "params": 8313.0, "params_std": 0.0, "time_iter": 0.06048, "time_iter_std": 0.0, "accuracy": 0.57143, "accuracy_std": 0.0, "precision": 1.0, "precision_std": 0.0, "recall": 0.1, "recall_std": 0.0, "f1": 0.18182, "f1_std": 0.0, "auc": 0.90909, "auc_std": 0.0}
{"epoch": 19, "time_epoch": 0.1785, "time_epoch_std": 0.0, "eta": 65.6062, "eta_std": 0.0, "eta_hours": 0.01822, "eta_hours_std": 0.0, "loss": 0.67079, "loss_std": 0.0, "lr": 0.00091, "lr_std": 0.0, "params": 8313.0, "params_std": 0.0, "time_iter": 0.0595, "time_iter_std": 0.0, "accuracy": 0.59524, "accuracy_std": 0.0, "precision": 1.0, "precision_std": 0.0, "recall": 0.15, "recall_std": 0.0, "f1": 0.26087, "f1_std": 0.0, "auc": 0.90682, "auc_std": 0.0}
{"epoch": 20, "time_epoch": 0.17957, "time_epoch_std": 0.0, "eta": 62.3766, "eta_std": 0.0, "eta_hours": 0.01733, "eta_hours_std": 0.0, "loss": 0.66864, "loss_std": 0.0, "lr": 0.0009, "lr_std": 0.0, "params": 8313.0, "params_std": 0.0, "time_iter": 0.05986, "time_iter_std": 0.0, "accuracy": 0.61905, "accuracy_std": 0.0, "precision": 1.0, "precision_std": 0.0, "recall": 0.2, "recall_std": 0.0, "f1": 0.33333, "f1_std": 0.0, "auc": 0.89545, "auc_std": 0.0}
{"epoch": 21, "time_epoch": 0.17886, "time_epoch_std": 0.0, "eta": 59.42176, "eta_std": 0.0, "eta_hours": 0.01651, "eta_hours_std": 0.0, "loss": 0.66498, "loss_std": 0.0, "lr": 0.0009, "lr_std": 0.0, "params": 8313.0, "params_std": 0.0, "time_iter": 0.05962, "time_iter_std": 0.0, "accuracy": 0.66667, "accuracy_std": 0.0, "precision": 1.0, "precision_std": 0.0, "recall": 0.3, "recall_std": 0.0, "f1": 0.46154, "f1_std": 0.0, "auc": 0.88636, "auc_std": 0.0}
{"epoch": 22, "time_epoch": 0.18064, "time_epoch_std": 0.0, "eta": 56.71424, "eta_std": 0.0, "eta_hours": 0.01575, "eta_hours_std": 0.0, "loss": 0.65955, "loss_std": 0.0, "lr": 0.00089, "lr_std": 0.0, "params": 8313.0, "params_std": 0.0, "time_iter": 0.06021, "time_iter_std": 0.0, "accuracy": 0.69048, "accuracy_std": 0.0, "precision": 1.0, "precision_std": 0.0, "recall": 0.35, "recall_std": 0.0, "f1": 0.51852, "f1_std": 0.0, "auc": 0.90909, "auc_std": 0.0}
{"epoch": 23, "time_epoch": 0.17798, "time_epoch_std": 0.0, "eta": 54.20891, "eta_std": 0.0, "eta_hours": 0.01506, "eta_hours_std": 0.0, "loss": 0.64776, "loss_std": 0.0, "lr": 0.00088, "lr_std": 0.0, "params": 8313.0, "params_std": 0.0, "time_iter": 0.05933, "time_iter_std": 0.0, "accuracy": 0.69048, "accuracy_std": 0.0, "precision": 0.88889, "precision_std": 0.0, "recall": 0.4, "recall_std": 0.0, "f1": 0.55172, "f1_std": 0.0, "auc": 0.90909, "auc_std": 0.0}
{"epoch": 24, "time_epoch": 0.17788, "time_epoch_std": 0.0, "eta": 51.88944, "eta_std": 0.0, "eta_hours": 0.01441, "eta_hours_std": 0.0, "loss": 0.64754, "loss_std": 0.0, "lr": 0.00086, "lr_std": 0.0, "params": 8313.0, "params_std": 0.0, "time_iter": 0.05929, "time_iter_std": 0.0, "accuracy": 0.7381, "accuracy_std": 0.0, "precision": 1.0, "precision_std": 0.0, "recall": 0.45, "recall_std": 0.0, "f1": 0.62069, "f1_std": 0.0, "auc": 0.89091, "auc_std": 0.0}
{"epoch": 25, "time_epoch": 0.17863, "time_epoch_std": 0.0, "eta": 49.73684, "eta_std": 0.0, "eta_hours": 0.01382, "eta_hours_std": 0.0, "loss": 0.6311, "loss_std": 0.0, "lr": 0.00085, "lr_std": 0.0, "params": 8313.0, "params_std": 0.0, "time_iter": 0.05954, "time_iter_std": 0.0, "accuracy": 0.69048, "accuracy_std": 0.0, "precision": 0.88889, "precision_std": 0.0, "recall": 0.4, "recall_std": 0.0, "f1": 0.55172, "f1_std": 0.0, "auc": 0.92727, "auc_std": 0.0}
{"epoch": 26, "time_epoch": 0.17861, "time_epoch_std": 0.0, "eta": 47.73042, "eta_std": 0.0, "eta_hours": 0.01326, "eta_hours_std": 0.0, "loss": 0.63034, "loss_std": 0.0, "lr": 0.00084, "lr_std": 0.0, "params": 8313.0, "params_std": 0.0, "time_iter": 0.05954, "time_iter_std": 0.0, "accuracy": 0.7619, "accuracy_std": 0.0, "precision": 0.91667, "precision_std": 0.0, "recall": 0.55, "recall_std": 0.0, "f1": 0.6875, "f1_std": 0.0, "auc": 0.90455, "auc_std": 0.0}
{"epoch": 27, "time_epoch": 0.18106, "time_epoch_std": 0.0, "eta": 45.86086, "eta_std": 0.0, "eta_hours": 0.01274, "eta_hours_std": 0.0, "loss": 0.61246, "loss_std": 0.0, "lr": 0.00083, "lr_std": 0.0, "params": 8313.0, "params_std": 0.0, "time_iter": 0.06035, "time_iter_std": 0.0, "accuracy": 0.78571, "accuracy_std": 0.0, "precision": 0.92308, "precision_std": 0.0, "recall": 0.6, "recall_std": 0.0, "f1": 0.72727, "f1_std": 0.0, "auc": 0.93864, "auc_std": 0.0}
{"epoch": 28, "time_epoch": 0.18028, "time_epoch_std": 0.0, "eta": 44.10583, "eta_std": 0.0, "eta_hours": 0.01225, "eta_hours_std": 0.0, "loss": 0.59818, "loss_std": 0.0, "lr": 0.00082, "lr_std": 0.0, "params": 8313.0, "params_std": 0.0, "time_iter": 0.06009, "time_iter_std": 0.0, "accuracy": 0.7619, "accuracy_std": 0.0, "precision": 0.85714, "precision_std": 0.0, "recall": 0.6, "recall_std": 0.0, "f1": 0.70588, "f1_std": 0.0, "auc": 0.91818, "auc_std": 0.0}
{"epoch": 29, "time_epoch": 0.17877, "time_epoch_std": 0.0, "eta": 42.45227, "eta_std": 0.0, "eta_hours": 0.01179, "eta_hours_std": 0.0, "loss": 0.59216, "loss_std": 0.0, "lr": 0.00081, "lr_std": 0.0, "params": 8313.0, "params_std": 0.0, "time_iter": 0.05959, "time_iter_std": 0.0, "accuracy": 0.83333, "accuracy_std": 0.0, "precision": 0.93333, "precision_std": 0.0, "recall": 0.7, "recall_std": 0.0, "f1": 0.8, "f1_std": 0.0, "auc": 0.92045, "auc_std": 0.0}
{"epoch": 30, "time_epoch": 0.18095, "time_epoch_std": 0.0, "eta": 40.8987, "eta_std": 0.0, "eta_hours": 0.01136, "eta_hours_std": 0.0, "loss": 0.57174, "loss_std": 0.0, "lr": 0.00079, "lr_std": 0.0, "params": 8313.0, "params_std": 0.0, "time_iter": 0.06032, "time_iter_std": 0.0, "accuracy": 0.83333, "accuracy_std": 0.0, "precision": 1.0, "precision_std": 0.0, "recall": 0.65, "recall_std": 0.0, "f1": 0.78788, "f1_std": 0.0, "auc": 0.96136, "auc_std": 0.0}
{"epoch": 31, "time_epoch": 0.17948, "time_epoch_std": 0.0, "eta": 39.4278, "eta_std": 0.0, "eta_hours": 0.01095, "eta_hours_std": 0.0, "loss": 0.56713, "loss_std": 0.0, "lr": 0.00078, "lr_std": 0.0, "params": 8313.0, "params_std": 0.0, "time_iter": 0.05983, "time_iter_std": 0.0, "accuracy": 0.88095, "accuracy_std": 0.0, "precision": 0.94118, "precision_std": 0.0, "recall": 0.8, "recall_std": 0.0, "f1": 0.86486, "f1_std": 0.0, "auc": 0.93409, "auc_std": 0.0}
{"epoch": 32, "time_epoch": 0.18134, "time_epoch_std": 0.0, "eta": 38.03895, "eta_std": 0.0, "eta_hours": 0.01057, "eta_hours_std": 0.0, "loss": 0.55189, "loss_std": 0.0, "lr": 0.00077, "lr_std": 0.0, "params": 8313.0, "params_std": 0.0, "time_iter": 0.06045, "time_iter_std": 0.0, "accuracy": 0.88095, "accuracy_std": 0.0, "precision": 0.94118, "precision_std": 0.0, "recall": 0.8, "recall_std": 0.0, "f1": 0.86486, "f1_std": 0.0, "auc": 0.94318, "auc_std": 0.0}
{"epoch": 33, "time_epoch": 0.1817, "time_epoch_std": 0.0, "eta": 36.72183, "eta_std": 0.0, "eta_hours": 0.0102, "eta_hours_std": 0.0, "loss": 0.54584, "loss_std": 0.0, "lr": 0.00075, "lr_std": 0.0, "params": 8313.0, "params_std": 0.0, "time_iter": 0.06057, "time_iter_std": 0.0, "accuracy": 0.85714, "accuracy_std": 0.0, "precision": 1.0, "precision_std": 0.0, "recall": 0.7, "recall_std": 0.0, "f1": 0.82353, "f1_std": 0.0, "auc": 0.92955, "auc_std": 0.0}
{"epoch": 34, "time_epoch": 0.18233, "time_epoch_std": 0.0, "eta": 35.47075, "eta_std": 0.0, "eta_hours": 0.00985, "eta_hours_std": 0.0, "loss": 0.55285, "loss_std": 0.0, "lr": 0.00074, "lr_std": 0.0, "params": 8313.0, "params_std": 0.0, "time_iter": 0.06078, "time_iter_std": 0.0, "accuracy": 0.83333, "accuracy_std": 0.0, "precision": 0.93333, "precision_std": 0.0, "recall": 0.7, "recall_std": 0.0, "f1": 0.8, "f1_std": 0.0, "auc": 0.91818, "auc_std": 0.0}
{"epoch": 35, "time_epoch": 0.1776, "time_epoch_std": 0.0, "eta": 34.27064, "eta_std": 0.0, "eta_hours": 0.00952, "eta_hours_std": 0.0, "loss": 0.50517, "loss_std": 0.0, "lr": 0.00073, "lr_std": 0.0, "params": 8313.0, "params_std": 0.0, "time_iter": 0.0592, "time_iter_std": 0.0, "accuracy": 0.88095, "accuracy_std": 0.0, "precision": 0.94118, "precision_std": 0.0, "recall": 0.8, "recall_std": 0.0, "f1": 0.86486, "f1_std": 0.0, "auc": 0.95227, "auc_std": 0.0}
{"epoch": 36, "time_epoch": 0.17941, "time_epoch_std": 0.0, "eta": 33.12887, "eta_std": 0.0, "eta_hours": 0.0092, "eta_hours_std": 0.0, "loss": 0.48184, "loss_std": 0.0, "lr": 0.00071, "lr_std": 0.0, "params": 8313.0, "params_std": 0.0, "time_iter": 0.0598, "time_iter_std": 0.0, "accuracy": 0.88095, "accuracy_std": 0.0, "precision": 0.94118, "precision_std": 0.0, "recall": 0.8, "recall_std": 0.0, "f1": 0.86486, "f1_std": 0.0, "auc": 0.97727, "auc_std": 0.0}
{"epoch": 37, "time_epoch": 0.18025, "time_epoch_std": 0.0, "eta": 32.03914, "eta_std": 0.0, "eta_hours": 0.0089, "eta_hours_std": 0.0, "loss": 0.49386, "loss_std": 0.0, "lr": 0.0007, "lr_std": 0.0, "params": 8313.0, "params_std": 0.0, "time_iter": 0.06008, "time_iter_std": 0.0, "accuracy": 0.78571, "accuracy_std": 0.0, "precision": 0.86667, "precision_std": 0.0, "recall": 0.65, "recall_std": 0.0, "f1": 0.74286, "f1_std": 0.0, "auc": 0.92727, "auc_std": 0.0}
{"epoch": 38, "time_epoch": 0.17892, "time_epoch_std": 0.0, "eta": 30.99397, "eta_std": 0.0, "eta_hours": 0.00861, "eta_hours_std": 0.0, "loss": 0.46532, "loss_std": 0.0, "lr": 0.00068, "lr_std": 0.0, "params": 8313.0, "params_std": 0.0, "time_iter": 0.05964, "time_iter_std": 0.0, "accuracy": 0.88095, "accuracy_std": 0.0, "precision": 0.94118, "precision_std": 0.0, "recall": 0.8, "recall_std": 0.0, "f1": 0.86486, "f1_std": 0.0, "auc": 0.96364, "auc_std": 0.0}
{"epoch": 39, "time_epoch": 0.18017, "time_epoch_std": 0.0, "eta": 29.99398, "eta_std": 0.0, "eta_hours": 0.00833, "eta_hours_std": 0.0, "loss": 0.43934, "loss_std": 0.0, "lr": 0.00067, "lr_std": 0.0, "params": 8313.0, "params_std": 0.0, "time_iter": 0.06006, "time_iter_std": 0.0, "accuracy": 0.92857, "accuracy_std": 0.0, "precision": 1.0, "precision_std": 0.0, "recall": 0.85, "recall_std": 0.0, "f1": 0.91892, "f1_std": 0.0, "auc": 0.98409, "auc_std": 0.0}
{"epoch": 40, "time_epoch": 0.17571, "time_epoch_std": 0.0, "eta": 29.02756, "eta_std": 0.0, "eta_hours": 0.00806, "eta_hours_std": 0.0, "loss": 0.43659, "loss_std": 0.0, "lr": 0.00065, "lr_std": 0.0, "params": 8313.0, "params_std": 0.0, "time_iter": 0.05857, "time_iter_std": 0.0, "accuracy": 0.90476, "accuracy_std": 0.0, "precision": 0.94444, "precision_std": 0.0, "recall": 0.85, "recall_std": 0.0, "f1": 0.89474, "f1_std": 0.0, "auc": 0.97273, "auc_std": 0.0}
{"epoch": 41, "time_epoch": 0.17983, "time_epoch_std": 0.0, "eta": 28.10449, "eta_std": 0.0, "eta_hours": 0.00781, "eta_hours_std": 0.0, "loss": 0.41289, "loss_std": 0.0, "lr": 0.00064, "lr_std": 0.0, "params": 8313.0, "params_std": 0.0, "time_iter": 0.05994, "time_iter_std": 0.0, "accuracy": 0.88095, "accuracy_std": 0.0, "precision": 1.0, "precision_std": 0.0, "recall": 0.75, "recall_std": 0.0, "f1": 0.85714, "f1_std": 0.0, "auc": 0.97955, "auc_std": 0.0}
{"epoch": 42, "time_epoch": 0.18001, "time_epoch_std": 0.0, "eta": 27.21623, "eta_std": 0.0, "eta_hours": 0.00756, "eta_hours_std": 0.0, "loss": 0.40423, "loss_std": 0.0, "lr": 0.00062, "lr_std": 0.0, "params": 8313.0, "params_std": 0.0, "time_iter": 0.06, "time_iter_std": 0.0, "accuracy": 0.92857, "accuracy_std": 0.0, "precision": 1.0, "precision_std": 0.0, "recall": 0.85, "recall_std": 0.0, "f1": 0.91892, "f1_std": 0.0, "auc": 0.97955, "auc_std": 0.0}
{"epoch": 43, "time_epoch": 0.17661, "time_epoch_std": 0.0, "eta": 26.35583, "eta_std": 0.0, "eta_hours": 0.00732, "eta_hours_std": 0.0, "loss": 0.38013, "loss_std": 0.0, "lr": 0.00061, "lr_std": 0.0, "params": 8313.0, "params_std": 0.0, "time_iter": 0.05887, "time_iter_std": 0.0, "accuracy": 0.90476, "accuracy_std": 0.0, "precision": 1.0, "precision_std": 0.0, "recall": 0.8, "recall_std": 0.0, "f1": 0.88889, "f1_std": 0.0, "auc": 0.99545, "auc_std": 0.0}
{"epoch": 44, "time_epoch": 0.18082, "time_epoch_std": 0.0, "eta": 25.53097, "eta_std": 0.0, "eta_hours": 0.00709, "eta_hours_std": 0.0, "loss": 0.37702, "loss_std": 0.0, "lr": 0.00059, "lr_std": 0.0, "params": 8313.0, "params_std": 0.0, "time_iter": 0.06027, "time_iter_std": 0.0, "accuracy": 0.90476, "accuracy_std": 0.0, "precision": 1.0, "precision_std": 0.0, "recall": 0.8, "recall_std": 0.0, "f1": 0.88889, "f1_std": 0.0, "auc": 0.98864, "auc_std": 0.0}
{"epoch": 45, "time_epoch": 0.18741, "time_epoch_std": 0.0, "eta": 24.74184, "eta_std": 0.0, "eta_hours": 0.00687, "eta_hours_std": 0.0, "loss": 0.35877, "loss_std": 0.0, "lr": 0.00058, "lr_std": 0.0, "params": 8313.0, "params_std": 0.0, "time_iter": 0.06247, "time_iter_std": 0.0, "accuracy": 0.92857, "accuracy_std": 0.0, "precision": 1.0, "precision_std": 0.0, "recall": 0.85, "recall_std": 0.0, "f1": 0.91892, "f1_std": 0.0, "auc": 0.99091, "auc_std": 0.0}
{"epoch": 46, "time_epoch": 0.18578, "time_epoch_std": 0.0, "eta": 23.97648, "eta_std": 0.0, "eta_hours": 0.00666, "eta_hours_std": 0.0, "loss": 0.3424, "loss_std": 0.0, "lr": 0.00056, "lr_std": 0.0, "params": 8313.0, "params_std": 0.0, "time_iter": 0.06193, "time_iter_std": 0.0, "accuracy": 0.92857, "accuracy_std": 0.0, "precision": 1.0, "precision_std": 0.0, "recall": 0.85, "recall_std": 0.0, "f1": 0.91892, "f1_std": 0.0, "auc": 0.98636, "auc_std": 0.0}
{"epoch": 47, "time_epoch": 0.19002, "time_epoch_std": 0.0, "eta": 23.23987, "eta_std": 0.0, "eta_hours": 0.00646, "eta_hours_std": 0.0, "loss": 0.33756, "loss_std": 0.0, "lr": 0.00055, "lr_std": 0.0, "params": 8313.0, "params_std": 0.0, "time_iter": 0.06334, "time_iter_std": 0.0, "accuracy": 0.92857, "accuracy_std": 0.0, "precision": 1.0, "precision_std": 0.0, "recall": 0.85, "recall_std": 0.0, "f1": 0.91892, "f1_std": 0.0, "auc": 0.98409, "auc_std": 0.0}
{"epoch": 48, "time_epoch": 0.18271, "time_epoch_std": 0.0, "eta": 22.51795, "eta_std": 0.0, "eta_hours": 0.00625, "eta_hours_std": 0.0, "loss": 0.34572, "loss_std": 0.0, "lr": 0.00053, "lr_std": 0.0, "params": 8313.0, "params_std": 0.0, "time_iter": 0.0609, "time_iter_std": 0.0, "accuracy": 0.92857, "accuracy_std": 0.0, "precision": 1.0, "precision_std": 0.0, "recall": 0.85, "recall_std": 0.0, "f1": 0.91892, "f1_std": 0.0, "auc": 0.98182, "auc_std": 0.0}
{"epoch": 49, "time_epoch": 0.18827, "time_epoch_std": 0.0, "eta": 21.82317, "eta_std": 0.0, "eta_hours": 0.00606, "eta_hours_std": 0.0, "loss": 0.30517, "loss_std": 0.0, "lr": 0.00052, "lr_std": 0.0, "params": 8313.0, "params_std": 0.0, "time_iter": 0.06276, "time_iter_std": 0.0, "accuracy": 0.92857, "accuracy_std": 0.0, "precision": 1.0, "precision_std": 0.0, "recall": 0.85, "recall_std": 0.0, "f1": 0.91892, "f1_std": 0.0, "auc": 1.0, "auc_std": 0.0}
{"epoch": 50, "time_epoch": 0.18122, "time_epoch_std": 0.0, "eta": 21.14147, "eta_std": 0.0, "eta_hours": 0.00587, "eta_hours_std": 0.0, "loss": 0.28707, "loss_std": 0.0, "lr": 0.0005, "lr_std": 0.0, "params": 8313.0, "params_std": 0.0, "time_iter": 0.06041, "time_iter_std": 0.0, "accuracy": 0.97619, "accuracy_std": 0.0, "precision": 1.0, "precision_std": 0.0, "recall": 0.95, "recall_std": 0.0, "f1": 0.97436, "f1_std": 0.0, "auc": 0.99773, "auc_std": 0.0}
{"epoch": 51, "time_epoch": 0.18367, "time_epoch_std": 0.0, "eta": 20.48128, "eta_std": 0.0, "eta_hours": 0.00569, "eta_hours_std": 0.0, "loss": 0.26862, "loss_std": 0.0, "lr": 0.00048, "lr_std": 0.0, "params": 8313.0, "params_std": 0.0, "time_iter": 0.06122, "time_iter_std": 0.0, "accuracy": 0.95238, "accuracy_std": 0.0, "precision": 1.0, "precision_std": 0.0, "recall": 0.9, "recall_std": 0.0, "f1": 0.94737, "f1_std": 0.0, "auc": 1.0, "auc_std": 0.0}
{"epoch": 52, "time_epoch": 0.18318, "time_epoch_std": 0.0, "eta": 19.83865, "eta_std": 0.0, "eta_hours": 0.00551, "eta_hours_std": 0.0, "loss": 0.28062, "loss_std": 0.0, "lr": 0.00047, "lr_std": 0.0, "params": 8313.0, "params_std": 0.0, "time_iter": 0.06106, "time_iter_std": 0.0, "accuracy": 0.92857, "accuracy_std": 0.0, "precision": 1.0, "precision_std": 0.0, "recall": 0.85, "recall_std": 0.0, "f1": 0.91892, "f1_std": 0.0, "auc": 0.99318, "auc_std": 0.0}
{"epoch": 53, "time_epoch": 0.18177, "time_epoch_std": 0.0, "eta": 19.21182, "eta_std": 0.0, "eta_hours": 0.00534, "eta_hours_std": 0.0, "loss": 0.26774, "loss_std": 0.0, "lr": 0.00045, "lr_std": 0.0, "params": 8313.0, "params_std": 0.0, "time_iter": 0.06059, "time_iter_std": 0.0, "accuracy": 0.95238, "accuracy_std": 0.0, "precision": 0.95, "precision_std": 0.0, "recall": 0.95, "recall_std": 0.0, "f1": 0.95, "f1_std": 0.0, "auc": 0.99318, "auc_std": 0.0}
{"epoch": 54, "time_epoch": 0.18273, "time_epoch_std": 0.0, "eta": 18.60197, "eta_std": 0.0, "eta_hours": 0.00517, "eta_hours_std": 0.0, "loss": 0.29515, "loss_std": 0.0, "lr": 0.00044, "lr_std": 0.0, "params": 8313.0, "params_std": 0.0, "time_iter": 0.06091, "time_iter_std": 0.0, "accuracy": 0.95238, "accuracy_std": 0.0, "precision": 1.0, "precision_std": 0.0, "recall": 0.9, "recall_std": 0.0, "f1": 0.94737, "f1_std": 0.0, "auc": 0.98864, "auc_std": 0.0}
{"epoch": 55, "time_epoch": 0.18315, "time_epoch_std": 0.0, "eta": 18.0077, "eta_std": 0.0, "eta_hours": 0.005, "eta_hours_std": 0.0, "loss": 0.31233, "loss_std": 0.0, "lr": 0.00042, "lr_std": 0.0, "params": 8313.0, "params_std": 0.0, "time_iter": 0.06105, "time_iter_std": 0.0, "accuracy": 0.88095, "accuracy_std": 0.0, "precision": 0.89474, "precision_std": 0.0, "recall": 0.85, "recall_std": 0.0, "f1": 0.87179, "f1_std": 0.0, "auc": 0.97045, "auc_std": 0.0}
{"epoch": 56, "time_epoch": 0.18267, "time_epoch_std": 0.0, "eta": 17.42749, "eta_std": 0.0, "eta_hours": 0.00484, "eta_hours_std": 0.0, "loss": 0.22057, "loss_std": 0.0, "lr": 0.00041, "lr_std": 0.0, "params": 8313.0, "params_std": 0.0, "time_iter": 0.06089, "time_iter_std": 0.0, "accuracy": 0.95238, "accuracy_std": 0.0, "precision": 1.0, "precision_std": 0.0, "recall": 0.9, "recall_std": 0.0, "f1": 0.94737, "f1_std": 0.0, "auc": 1.0, "auc_std": 0.0}
{"epoch": 57, "time_epoch": 0.18603, "time_epoch_std": 0.0, "eta": 16.86343, "eta_std": 0.0, "eta_hours": 0.00468, "eta_hours_std": 0.0, "loss": 0.22898, "loss_std": 0.0, "lr": 0.00039, "lr_std": 0.0, "params": 8313.0, "params_std": 0.0, "time_iter": 0.06201, "time_iter_std": 0.0, "accuracy": 0.95238, "accuracy_std": 0.0, "precision": 1.0, "precision_std": 0.0, "recall": 0.9, "recall_std": 0.0, "f1": 0.94737, "f1_std": 0.0, "auc": 1.0, "auc_std": 0.0}
{"epoch": 58, "time_epoch": 0.18352, "time_epoch_std": 0.0, "eta": 16.31043, "eta_std": 0.0, "eta_hours": 0.00453, "eta_hours_std": 0.0, "loss": 0.22956, "loss_std": 0.0, "lr": 0.00038, "lr_std": 0.0, "params": 8313.0, "params_std": 0.0, "time_iter": 0.06117, "time_iter_std": 0.0, "accuracy": 0.97619, "accuracy_std": 0.0, "precision": 1.0, "precision_std": 0.0, "recall": 0.95, "recall_std": 0.0, "f1": 0.97436, "f1_std": 0.0, "auc": 0.99091, "auc_std": 0.0}
{"epoch": 59, "time_epoch": 0.18253, "time_epoch_std": 0.0, "eta": 15.76909, "eta_std": 0.0, "eta_hours": 0.00438, "eta_hours_std": 0.0, "loss": 0.24239, "loss_std": 0.0, "lr": 0.00036, "lr_std": 0.0, "params": 8313.0, "params_std": 0.0, "time_iter": 0.06084, "time_iter_std": 0.0, "accuracy": 0.95238, "accuracy_std": 0.0, "precision": 1.0, "precision_std": 0.0, "recall": 0.9, "recall_std": 0.0, "f1": 0.94737, "f1_std": 0.0, "auc": 0.98864, "auc_std": 0.0}
{"epoch": 60, "time_epoch": 0.18216, "time_epoch_std": 0.0, "eta": 15.23928, "eta_std": 0.0, "eta_hours": 0.00423, "eta_hours_std": 0.0, "loss": 0.21049, "loss_std": 0.0, "lr": 0.00035, "lr_std": 0.0, "params": 8313.0, "params_std": 0.0, "time_iter": 0.06072, "time_iter_std": 0.0, "accuracy": 0.95238, "accuracy_std": 0.0, "precision": 1.0, "precision_std": 0.0, "recall": 0.9, "recall_std": 0.0, "f1": 0.94737, "f1_std": 0.0, "auc": 1.0, "auc_std": 0.0}
{"epoch": 61, "time_epoch": 0.18507, "time_epoch_std": 0.0, "eta": 14.72247, "eta_std": 0.0, "eta_hours": 0.00409, "eta_hours_std": 0.0, "loss": 0.19715, "loss_std": 0.0, "lr": 0.00033, "lr_std": 0.0, "params": 8313.0, "params_std": 0.0, "time_iter": 0.06169, "time_iter_std": 0.0, "accuracy": 0.97619, "accuracy_std": 0.0, "precision": 1.0, "precision_std": 0.0, "recall": 0.95, "recall_std": 0.0, "f1": 0.97436, "f1_std": 0.0, "auc": 1.0, "auc_std": 0.0}
{"epoch": 62, "time_epoch": 0.18091, "time_epoch_std": 0.0, "eta": 14.21374, "eta_std": 0.0, "eta_hours": 0.00395, "eta_hours_std": 0.0, "loss": 0.28106, "loss_std": 0.0, "lr": 0.00032, "lr_std": 0.0, "params": 8313.0, "params_std": 0.0, "time_iter": 0.0603, "time_iter_std": 0.0, "accuracy": 0.90476, "accuracy_std": 0.0, "precision": 1.0, "precision_std": 0.0, "recall": 0.8, "recall_std": 0.0, "f1": 0.88889, "f1_std": 0.0, "auc": 0.97045, "auc_std": 0.0}
{"epoch": 63, "time_epoch": 0.18595, "time_epoch_std": 0.0, "eta": 13.7181, "eta_std": 0.0, "eta_hours": 0.00381, "eta_hours_std": 0.0, "loss": 0.21931, "loss_std": 0.0, "lr": 0.0003, "lr_std": 0.0, "params": 8313.0, "params_std": 0.0, "time_iter": 0.06198, "time_iter_std": 0.0, "accuracy": 0.97619, "accuracy_std": 0.0, "precision": 1.0, "precision_std": 0.0, "recall": 0.95, "recall_std": 0.0, "f1": 0.97436, "f1_std": 0.0, "auc": 0.99545, "auc_std": 0.0}
{"epoch": 64, "time_epoch": 0.18381, "time_epoch_std": 0.0, "eta": 13.23083, "eta_std": 0.0, "eta_hours": 0.00368, "eta_hours_std": 0.0, "loss": 0.18, "loss_std": 0.0, "lr": 0.00029, "lr_std": 0.0, "params": 8313.0, "params_std": 0.0, "time_iter": 0.06127, "time_iter_std": 0.0, "accuracy": 0.97619, "accuracy_std": 0.0, "precision": 1.0, "precision_std": 0.0, "recall": 0.95, "recall_std": 0.0, "f1": 0.97436, "f1_std": 0.0, "auc": 1.0, "auc_std": 0.0}
{"epoch": 65, "time_epoch": 0.18559, "time_epoch_std": 0.0, "eta": 12.75368, "eta_std": 0.0, "eta_hours": 0.00354, "eta_hours_std": 0.0, "loss": 0.20144, "loss_std": 0.0, "lr": 0.00027, "lr_std": 0.0, "params": 8313.0, "params_std": 0.0, "time_iter": 0.06186, "time_iter_std": 0.0, "accuracy": 0.97619, "accuracy_std": 0.0, "precision": 1.0, "precision_std": 0.0, "recall": 0.95, "recall_std": 0.0, "f1": 0.97436, "f1_std": 0.0, "auc": 0.99773, "auc_std": 0.0}
{"epoch": 66, "time_epoch": 0.18466, "time_epoch_std": 0.0, "eta": 12.28477, "eta_std": 0.0, "eta_hours": 0.00341, "eta_hours_std": 0.0, "loss": 0.20326, "loss_std": 0.0, "lr": 0.00026, "lr_std": 0.0, "params": 8313.0, "params_std": 0.0, "time_iter": 0.06155, "time_iter_std": 0.0, "accuracy": 0.95238, "accuracy_std": 0.0, "precision": 1.0, "precision_std": 0.0, "recall": 0.9, "recall_std": 0.0, "f1": 0.94737, "f1_std": 0.0, "auc": 0.99318, "auc_std": 0.0}
{"epoch": 67, "time_epoch": 0.18939, "time_epoch_std": 0.0, "eta": 11.82644, "eta_std": 0.0, "eta_hours": 0.00329, "eta_hours_std": 0.0, "loss": 0.17196, "loss_std": 0.0, "lr": 0.00025, "lr_std": 0.0, "params": 8313.0, "params_std": 0.0, "time_iter": 0.06313, "time_iter_std": 0.0, "accuracy": 0.97619, "accuracy_std": 0.0, "precision": 1.0, "precision_std": 0.0, "recall": 0.95, "recall_std": 0.0, "f1": 0.97436, "f1_std": 0.0, "auc": 1.0, "auc_std": 0.0}
{"epoch": 68, "time_epoch": 0.18209, "time_epoch_std": 0.0, "eta": 11.37263, "eta_std": 0.0, "eta_hours": 0.00316, "eta_hours_std": 0.0, "loss": 0.20739, "loss_std": 0.0, "lr": 0.00023, "lr_std": 0.0, "params": 8313.0, "params_std": 0.0, "time_iter": 0.0607, "time_iter_std": 0.0, "accuracy": 0.97619, "accuracy_std": 0.0, "precision": 1.0, "precision_std": 0.0, "recall": 0.95, "recall_std": 0.0, "f1": 0.97436, "f1_std": 0.0, "auc": 1.0, "auc_std": 0.0}
{"epoch": 69, "time_epoch": 0.18538, "time_epoch_std": 0.0, "eta": 10.928, "eta_std": 0.0, "eta_hours": 0.00304, "eta_hours_std": 0.0, "loss": 0.17202, "loss_std": 0.0, "lr": 0.00022, "lr_std": 0.0, "params": 8313.0, "params_std": 0.0, "time_iter": 0.06179, "time_iter_std": 0.0, "accuracy": 0.97619, "accuracy_std": 0.0, "precision": 1.0, "precision_std": 0.0, "recall": 0.95, "recall_std": 0.0, "f1": 0.97436, "f1_std": 0.0, "auc": 1.0, "auc_std": 0.0}
{"epoch": 70, "time_epoch": 0.18906, "time_epoch_std": 0.0, "eta": 10.49217, "eta_std": 0.0, "eta_hours": 0.00291, "eta_hours_std": 0.0, "loss": 0.15604, "loss_std": 0.0, "lr": 0.00021, "lr_std": 0.0, "params": 8313.0, "params_std": 0.0, "time_iter": 0.06302, "time_iter_std": 0.0, "accuracy": 0.97619, "accuracy_std": 0.0, "precision": 1.0, "precision_std": 0.0, "recall": 0.95, "recall_std": 0.0, "f1": 0.97436, "f1_std": 0.0, "auc": 1.0, "auc_std": 0.0}
{"epoch": 71, "time_epoch": 0.1878, "time_epoch_std": 0.0, "eta": 10.0627, "eta_std": 0.0, "eta_hours": 0.0028, "eta_hours_std": 0.0, "loss": 0.19094, "loss_std": 0.0, "lr": 0.00019, "lr_std": 0.0, "params": 8313.0, "params_std": 0.0, "time_iter": 0.0626, "time_iter_std": 0.0, "accuracy": 0.97619, "accuracy_std": 0.0, "precision": 1.0, "precision_std": 0.0, "recall": 0.95, "recall_std": 0.0, "f1": 0.97436, "f1_std": 0.0, "auc": 0.99773, "auc_std": 0.0}
{"epoch": 72, "time_epoch": 0.19989, "time_epoch_std": 0.0, "eta": 9.64433, "eta_std": 0.0, "eta_hours": 0.00268, "eta_hours_std": 0.0, "loss": 0.18641, "loss_std": 0.0, "lr": 0.00018, "lr_std": 0.0, "params": 8313.0, "params_std": 0.0, "time_iter": 0.06663, "time_iter_std": 0.0, "accuracy": 0.95238, "accuracy_std": 0.0, "precision": 1.0, "precision_std": 0.0, "recall": 0.9, "recall_std": 0.0, "f1": 0.94737, "f1_std": 0.0, "auc": 1.0, "auc_std": 0.0}
{"epoch": 73, "time_epoch": 0.18034, "time_epoch_std": 0.0, "eta": 9.22499, "eta_std": 0.0, "eta_hours": 0.00256, "eta_hours_std": 0.0, "loss": 0.17507, "loss_std": 0.0, "lr": 0.00017, "lr_std": 0.0, "params": 8313.0, "params_std": 0.0, "time_iter": 0.06011, "time_iter_std": 0.0, "accuracy": 0.97619, "accuracy_std": 0.0, "precision": 1.0, "precision_std": 0.0, "recall": 0.95, "recall_std": 0.0, "f1": 0.97436, "f1_std": 0.0, "auc": 0.99318, "auc_std": 0.0}
{"epoch": 74, "time_epoch": 0.17881, "time_epoch_std": 0.0, "eta": 8.81152, "eta_std": 0.0, "eta_hours": 0.00245, "eta_hours_std": 0.0, "loss": 0.1642, "loss_std": 0.0, "lr": 0.00016, "lr_std": 0.0, "params": 8313.0, "params_std": 0.0, "time_iter": 0.0596, "time_iter_std": 0.0, "accuracy": 1.0, "accuracy_std": 0.0, "precision": 1.0, "precision_std": 0.0, "recall": 1.0, "recall_std": 0.0, "f1": 1.0, "f1_std": 0.0, "auc": 1.0, "auc_std": 0.0}
{"epoch": 75, "time_epoch": 0.18, "time_epoch_std": 0.0, "eta": 8.4046, "eta_std": 0.0, "eta_hours": 0.00233, "eta_hours_std": 0.0, "loss": 0.1771, "loss_std": 0.0, "lr": 0.00015, "lr_std": 0.0, "params": 8313.0, "params_std": 0.0, "time_iter": 0.06, "time_iter_std": 0.0, "accuracy": 0.97619, "accuracy_std": 0.0, "precision": 1.0, "precision_std": 0.0, "recall": 0.95, "recall_std": 0.0, "f1": 0.97436, "f1_std": 0.0, "auc": 1.0, "auc_std": 0.0}
{"epoch": 76, "time_epoch": 0.17909, "time_epoch_std": 0.0, "eta": 8.0033, "eta_std": 0.0, "eta_hours": 0.00222, "eta_hours_std": 0.0, "loss": 0.15698, "loss_std": 0.0, "lr": 0.00014, "lr_std": 0.0, "params": 8313.0, "params_std": 0.0, "time_iter": 0.0597, "time_iter_std": 0.0, "accuracy": 0.97619, "accuracy_std": 0.0, "precision": 1.0, "precision_std": 0.0, "recall": 0.95, "recall_std": 0.0, "f1": 0.97436, "f1_std": 0.0, "auc": 1.0, "auc_std": 0.0}
{"epoch": 77, "time_epoch": 0.1808, "time_epoch_std": 0.0, "eta": 7.60818, "eta_std": 0.0, "eta_hours": 0.00211, "eta_hours_std": 0.0, "loss": 0.14585, "loss_std": 0.0, "lr": 0.00012, "lr_std": 0.0, "params": 8313.0, "params_std": 0.0, "time_iter": 0.06027, "time_iter_std": 0.0, "accuracy": 1.0, "accuracy_std": 0.0, "precision": 1.0, "precision_std": 0.0, "recall": 1.0, "recall_std": 0.0, "f1": 1.0, "f1_std": 0.0, "auc": 1.0, "auc_std": 0.0}
{"epoch": 78, "time_epoch": 0.17986, "time_epoch_std": 0.0, "eta": 7.21823, "eta_std": 0.0, "eta_hours": 0.00201, "eta_hours_std": 0.0, "loss": 0.161, "loss_std": 0.0, "lr": 0.00011, "lr_std": 0.0, "params": 8313.0, "params_std": 0.0, "time_iter": 0.05995, "time_iter_std": 0.0, "accuracy": 0.97619, "accuracy_std": 0.0, "precision": 1.0, "precision_std": 0.0, "recall": 0.95, "recall_std": 0.0, "f1": 0.97436, "f1_std": 0.0, "auc": 1.0, "auc_std": 0.0}
{"epoch": 79, "time_epoch": 0.18218, "time_epoch_std": 0.0, "eta": 6.83412, "eta_std": 0.0, "eta_hours": 0.0019, "eta_hours_std": 0.0, "loss": 0.16522, "loss_std": 0.0, "lr": 0.0001, "lr_std": 0.0, "params": 8313.0, "params_std": 0.0, "time_iter": 0.06073, "time_iter_std": 0.0, "accuracy": 1.0, "accuracy_std": 0.0, "precision": 1.0, "precision_std": 0.0, "recall": 1.0, "recall_std": 0.0, "f1": 1.0, "f1_std": 0.0, "auc": 1.0, "auc_std": 0.0}
{"epoch": 80, "time_epoch": 0.18305, "time_epoch_std": 0.0, "eta": 6.4552, "eta_std": 0.0, "eta_hours": 0.00179, "eta_hours_std": 0.0, "loss": 0.1398, "loss_std": 0.0, "lr": 0.0001, "lr_std": 0.0, "params": 8313.0, "params_std": 0.0, "time_iter": 0.06102, "time_iter_std": 0.0, "accuracy": 1.0, "accuracy_std": 0.0, "precision": 1.0, "precision_std": 0.0, "recall": 1.0, "recall_std": 0.0, "f1": 1.0, "f1_std": 0.0, "auc": 1.0, "auc_std": 0.0}
{"epoch": 81, "time_epoch": 0.17895, "time_epoch_std": 0.0, "eta": 6.08015, "eta_std": 0.0, "eta_hours": 0.00169, "eta_hours_std": 0.0, "loss": 0.14136, "loss_std": 0.0, "lr": 9e-05, "lr_std": 0.0, "params": 8313.0, "params_std": 0.0, "time_iter": 0.05965, "time_iter_std": 0.0, "accuracy": 1.0, "accuracy_std": 0.0, "precision": 1.0, "precision_std": 0.0, "recall": 1.0, "recall_std": 0.0, "f1": 1.0, "f1_std": 0.0, "auc": 1.0, "auc_std": 0.0}
{"epoch": 82, "time_epoch": 0.17916, "time_epoch_std": 0.0, "eta": 5.70988, "eta_std": 0.0, "eta_hours": 0.00159, "eta_hours_std": 0.0, "loss": 0.14165, "loss_std": 0.0, "lr": 8e-05, "lr_std": 0.0, "params": 8313.0, "params_std": 0.0, "time_iter": 0.05972, "time_iter_std": 0.0, "accuracy": 1.0, "accuracy_std": 0.0, "precision": 1.0, "precision_std": 0.0, "recall": 1.0, "recall_std": 0.0, "f1": 1.0, "f1_std": 0.0, "auc": 1.0, "auc_std": 0.0}
{"epoch": 83, "time_epoch": 0.1789, "time_epoch_std": 0.0, "eta": 5.3441, "eta_std": 0.0, "eta_hours": 0.00148, "eta_hours_std": 0.0, "loss": 0.13556, "loss_std": 0.0, "lr": 7e-05, "lr_std": 0.0, "params": 8313.0, "params_std": 0.0, "time_iter": 0.05963, "time_iter_std": 0.0, "accuracy": 1.0, "accuracy_std": 0.0, "precision": 1.0, "precision_std": 0.0, "recall": 1.0, "recall_std": 0.0, "f1": 1.0, "f1_std": 0.0, "auc": 1.0, "auc_std": 0.0}
{"epoch": 84, "time_epoch": 0.18268, "time_epoch_std": 0.0, "eta": 4.98339, "eta_std": 0.0, "eta_hours": 0.00138, "eta_hours_std": 0.0, "loss": 0.22827, "loss_std": 0.0, "lr": 6e-05, "lr_std": 0.0, "params": 8313.0, "params_std": 0.0, "time_iter": 0.06089, "time_iter_std": 0.0, "accuracy": 0.95238, "accuracy_std": 0.0, "precision": 1.0, "precision_std": 0.0, "recall": 0.9, "recall_std": 0.0, "f1": 0.94737, "f1_std": 0.0, "auc": 0.96818, "auc_std": 0.0}
{"epoch": 85, "time_epoch": 0.1769, "time_epoch_std": 0.0, "eta": 4.62588, "eta_std": 0.0, "eta_hours": 0.00128, "eta_hours_std": 0.0, "loss": 0.13169, "loss_std": 0.0, "lr": 5e-05, "lr_std": 0.0, "params": 8313.0, "params_std": 0.0, "time_iter": 0.05897, "time_iter_std": 0.0, "accuracy": 1.0, "accuracy_std": 0.0, "precision": 1.0, "precision_std": 0.0, "recall": 1.0, "recall_std": 0.0, "f1": 1.0, "f1_std": 0.0, "auc": 1.0, "auc_std": 0.0}
{"epoch": 86, "time_epoch": 0.17901, "time_epoch_std": 0.0, "eta": 4.27283, "eta_std": 0.0, "eta_hours": 0.00119, "eta_hours_std": 0.0, "loss": 0.14919, "loss_std": 0.0, "lr": 5e-05, "lr_std": 0.0, "params": 8313.0, "params_std": 0.0, "time_iter": 0.05967, "time_iter_std": 0.0, "accuracy": 0.97619, "accuracy_std": 0.0, "precision": 1.0, "precision_std": 0.0, "recall": 0.95, "recall_std": 0.0, "f1": 0.97436, "f1_std": 0.0, "auc": 0.99773, "auc_std": 0.0}
{"epoch": 87, "time_epoch": 0.18197, "time_epoch_std": 0.0, "eta": 3.92415, "eta_std": 0.0, "eta_hours": 0.00109, "eta_hours_std": 0.0, "loss": 0.14872, "loss_std": 0.0, "lr": 4e-05, "lr_std": 0.0, "params": 8313.0, "params_std": 0.0, "time_iter": 0.06066, "time_iter_std": 0.0, "accuracy": 0.97619, "accuracy_std": 0.0, "precision": 1.0, "precision_std": 0.0, "recall": 0.95, "recall_std": 0.0, "f1": 0.97436, "f1_std": 0.0, "auc": 1.0, "auc_std": 0.0}
{"epoch": 88, "time_epoch": 0.17997, "time_epoch_std": 0.0, "eta": 3.57896, "eta_std": 0.0, "eta_hours": 0.00099, "eta_hours_std": 0.0, "loss": 0.134, "loss_std": 0.0, "lr": 4e-05, "lr_std": 0.0, "params": 8313.0, "params_std": 0.0, "time_iter": 0.05999, "time_iter_std": 0.0, "accuracy": 0.97619, "accuracy_std": 0.0, "precision": 1.0, "precision_std": 0.0, "recall": 0.95, "recall_std": 0.0, "f1": 0.97436, "f1_std": 0.0, "auc": 1.0, "auc_std": 0.0}
{"epoch": 89, "time_epoch": 0.18295, "time_epoch_std": 0.0, "eta": 3.23778, "eta_std": 0.0, "eta_hours": 0.0009, "eta_hours_std": 0.0, "loss": 0.15635, "loss_std": 0.0, "lr": 3e-05, "lr_std": 0.0, "params": 8313.0, "params_std": 0.0, "time_iter": 0.06098, "time_iter_std": 0.0, "accuracy": 0.95238, "accuracy_std": 0.0, "precision": 1.0, "precision_std": 0.0, "recall": 0.9, "recall_std": 0.0, "f1": 0.94737, "f1_std": 0.0, "auc": 1.0, "auc_std": 0.0}
{"epoch": 90, "time_epoch": 0.18099, "time_epoch_std": 0.0, "eta": 2.89988, "eta_std": 0.0, "eta_hours": 0.00081, "eta_hours_std": 0.0, "loss": 0.19511, "loss_std": 0.0, "lr": 2e-05, "lr_std": 0.0, "params": 8313.0, "params_std": 0.0, "time_iter": 0.06033, "time_iter_std": 0.0, "accuracy": 0.97619, "accuracy_std": 0.0, "precision": 1.0, "precision_std": 0.0, "recall": 0.95, "recall_std": 0.0, "f1": 0.97436, "f1_std": 0.0, "auc": 0.98864, "auc_std": 0.0}
{"epoch": 91, "time_epoch": 0.18933, "time_epoch_std": 0.0, "eta": 2.56612, "eta_std": 0.0, "eta_hours": 0.00071, "eta_hours_std": 0.0, "loss": 0.16248, "loss_std": 0.0, "lr": 2e-05, "lr_std": 0.0, "params": 8313.0, "params_std": 0.0, "time_iter": 0.06311, "time_iter_std": 0.0, "accuracy": 0.97619, "accuracy_std": 0.0, "precision": 1.0, "precision_std": 0.0, "recall": 0.95, "recall_std": 0.0, "f1": 0.97436, "f1_std": 0.0, "auc": 1.0, "auc_std": 0.0}
{"epoch": 92, "time_epoch": 0.1805, "time_epoch_std": 0.0, "eta": 2.23479, "eta_std": 0.0, "eta_hours": 0.00062, "eta_hours_std": 0.0, "loss": 0.13143, "loss_std": 0.0, "lr": 2e-05, "lr_std": 0.0, "params": 8313.0, "params_std": 0.0, "time_iter": 0.06017, "time_iter_std": 0.0, "accuracy": 0.97619, "accuracy_std": 0.0, "precision": 1.0, "precision_std": 0.0, "recall": 0.95, "recall_std": 0.0, "f1": 0.97436, "f1_std": 0.0, "auc": 1.0, "auc_std": 0.0}
{"epoch": 93, "time_epoch": 0.18121, "time_epoch_std": 0.0, "eta": 1.90673, "eta_std": 0.0, "eta_hours": 0.00053, "eta_hours_std": 0.0, "loss": 0.12931, "loss_std": 0.0, "lr": 1e-05, "lr_std": 0.0, "params": 8313.0, "params_std": 0.0, "time_iter": 0.0604, "time_iter_std": 0.0, "accuracy": 1.0, "accuracy_std": 0.0, "precision": 1.0, "precision_std": 0.0, "recall": 1.0, "recall_std": 0.0, "f1": 1.0, "f1_std": 0.0, "auc": 1.0, "auc_std": 0.0}
{"epoch": 94, "time_epoch": 0.18585, "time_epoch_std": 0.0, "eta": 1.58199, "eta_std": 0.0, "eta_hours": 0.00044, "eta_hours_std": 0.0, "loss": 0.13528, "loss_std": 0.0, "lr": 1e-05, "lr_std": 0.0, "params": 8313.0, "params_std": 0.0, "time_iter": 0.06195, "time_iter_std": 0.0, "accuracy": 0.97619, "accuracy_std": 0.0, "precision": 1.0, "precision_std": 0.0, "recall": 0.95, "recall_std": 0.0, "f1": 0.97436, "f1_std": 0.0, "auc": 1.0, "auc_std": 0.0}
{"epoch": 95, "time_epoch": 0.1798, "time_epoch_std": 0.0, "eta": 1.2599, "eta_std": 0.0, "eta_hours": 0.00035, "eta_hours_std": 0.0, "loss": 0.1577, "loss_std": 0.0, "lr": 1e-05, "lr_std": 0.0, "params": 8313.0, "params_std": 0.0, "time_iter": 0.05993, "time_iter_std": 0.0, "accuracy": 0.97619, "accuracy_std": 0.0, "precision": 1.0, "precision_std": 0.0, "recall": 0.95, "recall_std": 0.0, "f1": 0.97436, "f1_std": 0.0, "auc": 1.0, "auc_std": 0.0}
{"epoch": 96, "time_epoch": 0.18205, "time_epoch_std": 0.0, "eta": 0.94082, "eta_std": 0.0, "eta_hours": 0.00026, "eta_hours_std": 0.0, "loss": 0.14783, "loss_std": 0.0, "lr": 0.0, "lr_std": 0.0, "params": 8313.0, "params_std": 0.0, "time_iter": 0.06068, "time_iter_std": 0.0, "accuracy": 0.95238, "accuracy_std": 0.0, "precision": 1.0, "precision_std": 0.0, "recall": 0.9, "recall_std": 0.0, "f1": 0.94737, "f1_std": 0.0, "auc": 1.0, "auc_std": 0.0}
{"epoch": 97, "time_epoch": 0.18101, "time_epoch_std": 0.0, "eta": 0.62451, "eta_std": 0.0, "eta_hours": 0.00017, "eta_hours_std": 0.0, "loss": 0.14941, "loss_std": 0.0, "lr": 0.0, "lr_std": 0.0, "params": 8313.0, "params_std": 0.0, "time_iter": 0.06034, "time_iter_std": 0.0, "accuracy": 0.97619, "accuracy_std": 0.0, "precision": 1.0, "precision_std": 0.0, "recall": 0.95, "recall_std": 0.0, "f1": 0.97436, "f1_std": 0.0, "auc": 1.0, "auc_std": 0.0}
{"epoch": 98, "time_epoch": 0.1788, "time_epoch_std": 0.0, "eta": 0.3109, "eta_std": 0.0, "eta_hours": 9e-05, "eta_hours_std": 0.0, "loss": 0.14581, "loss_std": 0.0, "lr": 0.0, "lr_std": 0.0, "params": 8313.0, "params_std": 0.0, "time_iter": 0.0596, "time_iter_std": 0.0, "accuracy": 0.97619, "accuracy_std": 0.0, "precision": 1.0, "precision_std": 0.0, "recall": 0.95, "recall_std": 0.0, "f1": 0.97436, "f1_std": 0.0, "auc": 1.0, "auc_std": 0.0}
{"epoch": 99, "time_epoch": 0.17991, "time_epoch_std": 0.0, "eta": 0.0, "eta_std": 0.0, "eta_hours": 0.0, "eta_hours_std": 0.0, "loss": 0.14008, "loss_std": 0.0, "lr": 0.0, "lr_std": 0.0, "params": 8313.0, "params_std": 0.0, "time_iter": 0.05997, "time_iter_std": 0.0, "accuracy": 0.97619, "accuracy_std": 0.0, "precision": 1.0, "precision_std": 0.0, "recall": 0.95, "recall_std": 0.0, "f1": 0.97436, "f1_std": 0.0, "auc": 1.0, "auc_std": 0.0}
