{"epoch": 0, "time_epoch": 0.94684, "eta": 93.73714, "eta_hours": 0.02604, "loss": 0.69314825, "lr": 0.001, "params": 9207, "time_iter": 0.31561, "accuracy": 0.52381, "precision": 0.0, "recall": 0.0, "f1": 0.0, "auc": 0.43409}
{"epoch": 1, "time_epoch": 2.05691, "eta": 147.18375, "eta_hours": 0.04088, "loss": 0.6928907, "lr": 0.00099975, "params": 9207, "time_iter": 0.68564, "accuracy": 0.52381, "precision": 0.0, "recall": 0.0, "f1": 0.0, "auc": 0.47273}
{"epoch": 2, "time_epoch": 2.04855, "eta": 163.35782, "eta_hours": 0.04538, "loss": 0.69279777, "lr": 0.00099901, "params": 9207, "time_iter": 0.68285, "accuracy": 0.52381, "precision": 0.0, "recall": 0.0, "f1": 0.0, "auc": 0.35909}
{"epoch": 3, "time_epoch": 2.02567, "eta": 169.87126, "eta_hours": 0.04719, "loss": 0.69253656, "lr": 0.00099778, "params": 9207, "time_iter": 0.67522, "accuracy": 0.52381, "precision": 0.0, "recall": 0.0, "f1": 0.0, "auc": 0.55682}
{"epoch": 4, "time_epoch": 2.01638, "eta": 172.79265, "eta_hours": 0.048, "loss": 0.69215341, "lr": 0.00099606, "params": 9207, "time_iter": 0.67213, "accuracy": 0.52381, "precision": 0.0, "recall": 0.0, "f1": 0.0, "auc": 0.58409}
{"epoch": 5, "time_epoch": 2.02034, "eta": 174.13016, "eta_hours": 0.04837, "loss": 0.69260263, "lr": 0.00099384, "params": 9207, "time_iter": 0.67345, "accuracy": 0.52381, "precision": 0.0, "recall": 0.0, "f1": 0.0, "auc": 0.55227}
{"epoch": 6, "time_epoch": 2.04778, "eta": 174.87286, "eta_hours": 0.04858, "loss": 0.69155062, "lr": 0.00099114, "params": 9207, "time_iter": 0.68259, "accuracy": 0.52381, "precision": 0.0, "recall": 0.0, "f1": 0.0, "auc": 0.67955}
{"epoch": 7, "time_epoch": 0.76337, "eta": 160.14722, "eta_hours": 0.04449, "loss": 0.69170217, "lr": 0.00098796, "params": 9207, "time_iter": 0.25446, "accuracy": 0.52381, "precision": 0.0, "recall": 0.0, "f1": 0.0, "auc": 0.7}
{"epoch": 8, "time_epoch": 0.11452, "eta": 141.96369, "eta_hours": 0.03943, "loss": 0.69072393, "lr": 0.00098429, "params": 9207, "time_iter": 0.03817, "accuracy": 0.52381, "precision": 0.0, "recall": 0.0, "f1": 0.0, "auc": 0.71136}
{"epoch": 9, "time_epoch": 0.11124, "eta": 127.36441, "eta_hours": 0.03538, "loss": 0.68947872, "lr": 0.00098015, "params": 9207, "time_iter": 0.03708, "accuracy": 0.52381, "precision": 0.0, "recall": 0.0, "f1": 0.0, "auc": 0.82273}
{"epoch": 10, "time_epoch": 0.11152, "eta": 115.40163, "eta_hours": 0.03206, "loss": 0.6902364, "lr": 0.00097553, "params": 9207, "time_iter": 0.03717, "accuracy": 0.52381, "precision": 0.0, "recall": 0.0, "f1": 0.0, "auc": 0.78636}
{"epoch": 11, "time_epoch": 0.11986, "eta": 105.47518, "eta_hours": 0.0293, "loss": 0.69059478, "lr": 0.00097044, "params": 9207, "time_iter": 0.03995, "accuracy": 0.52381, "precision": 0.0, "recall": 0.0, "f1": 0.0, "auc": 0.74318}
{"epoch": 12, "time_epoch": 0.12309, "eta": 97.0791, "eta_hours": 0.02697, "loss": 0.68757861, "lr": 0.00096489, "params": 9207, "time_iter": 0.04103, "accuracy": 0.52381, "precision": 0.0, "recall": 0.0, "f1": 0.0, "auc": 0.77727}
{"epoch": 13, "time_epoch": 0.12445, "eta": 89.87322, "eta_hours": 0.02496, "loss": 0.68484067, "lr": 0.00095888, "params": 9207, "time_iter": 0.04148, "accuracy": 0.54762, "precision": 1.0, "recall": 0.05, "f1": 0.09524, "auc": 0.85682}
{"epoch": 14, "time_epoch": 0.12462, "eta": 83.61251, "eta_hours": 0.02323, "loss": 0.68359262, "lr": 0.00095241, "params": 9207, "time_iter": 0.04154, "accuracy": 0.57143, "precision": 1.0, "recall": 0.1, "f1": 0.18182, "auc": 0.85}
{"epoch": 15, "time_epoch": 0.12339, "eta": 78.11231, "eta_hours": 0.0217, "loss": 0.68028113, "lr": 0.0009455, "params": 9207, "time_iter": 0.04113, "accuracy": 0.57143, "precision": 1.0, "recall": 0.1, "f1": 0.18182, "auc": 0.87727}
{"epoch": 16, "time_epoch": 0.12408, "eta": 73.24808, "eta_hours": 0.02035, "loss": 0.67598737, "lr": 0.00093815, "params": 9207, "time_iter": 0.04136, "accuracy": 0.61905, "precision": 1.0, "recall": 0.2, "f1": 0.33333, "auc": 0.89091}
{"epoch": 17, "time_epoch": 0.12481, "eta": 68.91386, "eta_hours": 0.01914, "loss": 0.67448407, "lr": 0.00093037, "params": 9207, "time_iter": 0.0416, "accuracy": 0.69048, "precision": 1.0, "recall": 0.35, "f1": 0.51852, "auc": 0.82273}
{"epoch": 18, "time_epoch": 0.12592, "eta": 65.02744, "eta_hours": 0.01806, "loss": 0.67033045, "lr": 0.00092216, "params": 9207, "time_iter": 0.04197, "accuracy": 0.66667, "precision": 0.875, "recall": 0.35, "f1": 0.5, "auc": 0.86818}
{"epoch": 19, "time_epoch": 0.14095, "eta": 61.5772, "eta_hours": 0.0171, "loss": 0.66380566, "lr": 0.00091354, "params": 9207, "time_iter": 0.04698, "accuracy": 0.71429, "precision": 1.0, "recall": 0.4, "f1": 0.57143, "auc": 0.88182}
{"epoch": 20, "time_epoch": 0.13759, "eta": 58.4295, "eta_hours": 0.01623, "loss": 0.66224235, "lr": 0.00090451, "params": 9207, "time_iter": 0.04586, "accuracy": 0.69048, "precision": 0.88889, "recall": 0.4, "f1": 0.55172, "auc": 0.78409}
{"epoch": 21, "time_epoch": 0.13764, "eta": 55.55562, "eta_hours": 0.01543, "loss": 0.65365719, "lr": 0.00089508, "params": 9207, "time_iter": 0.04588, "accuracy": 0.7381, "precision": 1.0, "recall": 0.45, "f1": 0.62069, "auc": 0.88864}
{"epoch": 22, "time_epoch": 0.13892, "eta": 52.92395, "eta_hours": 0.0147, "loss": 0.64486336, "lr": 0.00088526, "params": 9207, "time_iter": 0.04631, "accuracy": 0.7619, "precision": 0.91667, "recall": 0.55, "f1": 0.6875, "auc": 0.84545}
{"epoch": 23, "time_epoch": 0.14264, "eta": 50.51178, "eta_hours": 0.01403, "loss": 0.63208939, "lr": 0.00087506, "params": 9207, "time_iter": 0.04755, "accuracy": 0.80952, "precision": 0.92857, "recall": 0.65, "f1": 0.76471, "auc": 0.87273}
{"epoch": 24, "time_epoch": 0.13554, "eta": 48.25989, "eta_hours": 0.01341, "loss": 0.64122316, "lr": 0.00086448, "params": 9207, "time_iter": 0.04518, "accuracy": 0.7619, "precision": 0.85714, "recall": 0.6, "f1": 0.70588, "auc": 0.80909}
{"epoch": 25, "time_epoch": 0.12292, "eta": 46.13487, "eta_hours": 0.01282, "loss": 0.62146297, "lr": 0.00085355, "params": 9207, "time_iter": 0.04097, "accuracy": 0.78571, "precision": 0.86667, "recall": 0.65, "f1": 0.74286, "auc": 0.89318}
{"epoch": 26, "time_epoch": 0.12359, "eta": 44.15999, "eta_hours": 0.01227, "loss": 0.61134036, "lr": 0.00084227, "params": 9207, "time_iter": 0.0412, "accuracy": 0.80952, "precision": 0.92857, "recall": 0.65, "f1": 0.76471, "auc": 0.90455}
{"epoch": 27, "time_epoch": 0.12409, "eta": 42.31862, "eta_hours": 0.01176, "loss": 0.60357294, "lr": 0.00083066, "params": 9207, "time_iter": 0.04136, "accuracy": 0.7619, "precision": 0.8125, "recall": 0.65, "f1": 0.72222, "auc": 0.88182}
{"epoch": 28, "time_epoch": 0.12314, "eta": 40.59334, "eta_hours": 0.01128, "loss": 0.5797036, "lr": 0.00081871, "params": 9207, "time_iter": 0.04105, "accuracy": 0.80952, "precision": 0.875, "recall": 0.7, "f1": 0.77778, "auc": 0.92273}
{"epoch": 29, "time_epoch": 0.12384, "eta": 38.9765, "eta_hours": 0.01083, "loss": 0.56473906, "lr": 0.00080645, "params": 9207, "time_iter": 0.04128, "accuracy": 0.83333, "precision": 0.88235, "recall": 0.75, "f1": 0.81081, "auc": 0.925}
{"epoch": 30, "time_epoch": 0.13072, "eta": 37.47132, "eta_hours": 0.01041, "loss": 0.55521124, "lr": 0.00079389, "params": 9207, "time_iter": 0.04357, "accuracy": 0.85714, "precision": 0.9375, "recall": 0.75, "f1": 0.83333, "auc": 0.92045}
{"epoch": 31, "time_epoch": 0.12402, "eta": 36.03779, "eta_hours": 0.01001, "loss": 0.54356162, "lr": 0.00078104, "params": 9207, "time_iter": 0.04134, "accuracy": 0.85714, "precision": 0.88889, "recall": 0.8, "f1": 0.84211, "auc": 0.92955}
{"epoch": 32, "time_epoch": 0.12579, "eta": 34.68723, "eta_hours": 0.00964, "loss": 0.53647775, "lr": 0.00076791, "params": 9207, "time_iter": 0.04193, "accuracy": 0.85714, "precision": 0.88889, "recall": 0.8, "f1": 0.84211, "auc": 0.91818}
{"epoch": 33, "time_epoch": 0.12745, "eta": 33.41193, "eta_hours": 0.00928, "loss": 0.51922568, "lr": 0.00075452, "params": 9207, "time_iter": 0.04248, "accuracy": 0.90476, "precision": 0.94444, "recall": 0.85, "f1": 0.89474, "auc": 0.94545}
{"epoch": 34, "time_epoch": 0.12431, "eta": 32.19639, "eta_hours": 0.00894, "loss": 0.49777939, "lr": 0.00074088, "params": 9207, "time_iter": 0.04144, "accuracy": 0.85714, "precision": 0.88889, "recall": 0.8, "f1": 0.84211, "auc": 0.94318}
{"epoch": 35, "time_epoch": 0.12634, "eta": 31.04508, "eta_hours": 0.00862, "loss": 0.48043463, "lr": 0.000727, "params": 9207, "time_iter": 0.04211, "accuracy": 0.85714, "precision": 0.88889, "recall": 0.8, "f1": 0.84211, "auc": 0.94318}
{"epoch": 36, "time_epoch": 0.12224, "eta": 29.94219, "eta_hours": 0.00832, "loss": 0.49679647, "lr": 0.00071289, "params": 9207, "time_iter": 0.04075, "accuracy": 0.80952, "precision": 0.83333, "recall": 0.75, "f1": 0.78947, "auc": 0.91818}
{"epoch": 37, "time_epoch": 0.12594, "eta": 28.89695, "eta_hours": 0.00803, "loss": 0.46794087, "lr": 0.00069857, "params": 9207, "time_iter": 0.04198, "accuracy": 0.88095, "precision": 0.94118, "recall": 0.8, "f1": 0.86486, "auc": 0.96364}
{"epoch": 38, "time_epoch": 0.12409, "eta": 27.89596, "eta_hours": 0.00775, "loss": 0.44210266, "lr": 0.00068406, "params": 9207, "time_iter": 0.04136, "accuracy": 0.90476, "precision": 0.94444, "recall": 0.85, "f1": 0.89474, "auc": 0.96136}
{"epoch": 39, "time_epoch": 0.12641, "eta": 26.94229, "eta_hours": 0.00748, "loss": 0.42519742, "lr": 0.00066937, "params": 9207, "time_iter": 0.04214, "accuracy": 0.90476, "precision": 0.94444, "recall": 0.85, "f1": 0.89474, "auc": 0.95682}
{"epoch": 40, "time_epoch": 0.12604, "eta": 26.02845, "eta_hours": 0.00723, "loss": 0.43838629, "lr": 0.00065451, "params": 9207, "time_iter": 0.04201, "accuracy": 0.92857, "precision": 1.0, "recall": 0.85, "f1": 0.91892, "auc": 0.95}
{"epoch": 41, "time_epoch": 0.12345, "eta": 25.14854, "eta_hours": 0.00699, "loss": 0.4172577, "lr": 0.0006395, "params": 9207, "time_iter": 0.04115, "accuracy": 0.88095, "precision": 0.94118, "recall": 0.8, "f1": 0.86486, "auc": 0.97045}
{"epoch": 42, "time_epoch": 0.12718, "eta": 24.30877, "eta_hours": 0.00675, "loss": 0.42305231, "lr": 0.00062434, "params": 9207, "time_iter": 0.04239, "accuracy": 0.90476, "precision": 1.0, "recall": 0.8, "f1": 0.88889, "auc": 0.96364}
{"epoch": 43, "time_epoch": 0.12392, "eta": 23.49724, "eta_hours": 0.00653, "loss": 0.41767975, "lr": 0.00060907, "params": 9207, "time_iter": 0.04131, "accuracy": 0.85714, "precision": 0.9375, "recall": 0.75, "f1": 0.83333, "auc": 0.94545}
{"epoch": 44, "time_epoch": 0.13313, "eta": 22.72753, "eta_hours": 0.00631, "loss": 0.36852265, "lr": 0.00059369, "params": 9207, "time_iter": 0.04438, "accuracy": 0.92857, "precision": 1.0, "recall": 0.85, "f1": 0.91892, "auc": 0.96364}
{"epoch": 45, "time_epoch": 0.12397, "eta": 21.97474, "eta_hours": 0.0061, "loss": 0.38892326, "lr": 0.00057822, "params": 9207, "time_iter": 0.04132, "accuracy": 0.88095, "precision": 0.94118, "recall": 0.8, "f1": 0.86486, "auc": 0.96136}
{"epoch": 46, "time_epoch": 0.12584, "eta": 21.25081, "eta_hours": 0.0059, "loss": 0.33082051, "lr": 0.00056267, "params": 9207, "time_iter": 0.04195, "accuracy": 0.92857, "precision": 1.0, "recall": 0.85, "f1": 0.91892, "auc": 0.99091}
{"epoch": 47, "time_epoch": 0.12389, "eta": 20.54969, "eta_hours": 0.00571, "loss": 0.37256043, "lr": 0.00054705, "params": 9207, "time_iter": 0.0413, "accuracy": 0.88095, "precision": 0.89474, "recall": 0.85, "f1": 0.87179, "auc": 0.95909}
{"epoch": 48, "time_epoch": 0.12329, "eta": 19.87152, "eta_hours": 0.00552, "loss": 0.31821773, "lr": 0.0005314, "params": 9207, "time_iter": 0.0411, "accuracy": 0.90476, "precision": 0.94444, "recall": 0.85, "f1": 0.89474, "auc": 0.98409}
{"epoch": 49, "time_epoch": 0.12431, "eta": 19.21655, "eta_hours": 0.00534, "loss": 0.35021685, "lr": 0.00051571, "params": 9207, "time_iter": 0.04144, "accuracy": 0.90476, "precision": 0.94444, "recall": 0.85, "f1": 0.89474, "auc": 0.96364}
{"epoch": 50, "time_epoch": 0.12482, "eta": 18.58288, "eta_hours": 0.00516, "loss": 0.3110801, "lr": 0.0005, "params": 9207, "time_iter": 0.04161, "accuracy": 0.92857, "precision": 1.0, "recall": 0.85, "f1": 0.91892, "auc": 0.98864}
{"epoch": 51, "time_epoch": 0.12325, "eta": 17.96734, "eta_hours": 0.00499, "loss": 0.2932296, "lr": 0.00048429, "params": 9207, "time_iter": 0.04108, "accuracy": 0.90476, "precision": 0.94444, "recall": 0.85, "f1": 0.89474, "auc": 0.98636}
{"epoch": 52, "time_epoch": 0.12338, "eta": 17.37049, "eta_hours": 0.00483, "loss": 0.28873461, "lr": 0.0004686, "params": 9207, "time_iter": 0.04113, "accuracy": 0.92857, "precision": 0.94737, "recall": 0.9, "f1": 0.92308, "auc": 0.97955}
{"epoch": 53, "time_epoch": 0.12508, "eta": 16.79262, "eta_hours": 0.00466, "loss": 0.27904625, "lr": 0.00045295, "params": 9207, "time_iter": 0.04169, "accuracy": 0.97619, "precision": 1.0, "recall": 0.95, "f1": 0.97436, "auc": 0.99318}
{"epoch": 54, "time_epoch": 0.12726, "eta": 16.233, "eta_hours": 0.00451, "loss": 0.27853503, "lr": 0.00043733, "params": 9207, "time_iter": 0.04242, "accuracy": 0.95238, "precision": 1.0, "recall": 0.9, "f1": 0.94737, "auc": 0.99545}
{"epoch": 55, "time_epoch": 0.12635, "eta": 15.68811, "eta_hours": 0.00436, "loss": 0.25505091, "lr": 0.00042178, "params": 9207, "time_iter": 0.04212, "accuracy": 0.95238, "precision": 1.0, "recall": 0.9, "f1": 0.94737, "auc": 0.98636}
{"epoch": 56, "time_epoch": 0.12419, "eta": 15.15627, "eta_hours": 0.00421, "loss": 0.25812874, "lr": 0.00040631, "params": 9207, "time_iter": 0.0414, "accuracy": 0.95238, "precision": 1.0, "recall": 0.9, "f1": 0.94737, "auc": 0.99545}
{"epoch": 57, "time_epoch": 0.12419, "eta": 14.63849, "eta_hours": 0.00407, "loss": 0.25031663, "lr": 0.00039093, "params": 9207, "time_iter": 0.0414, "accuracy": 0.95238, "precision": 1.0, "recall": 0.9, "f1": 0.94737, "auc": 0.99091}
{"epoch": 58, "time_epoch": 0.12325, "eta": 14.1334, "eta_hours": 0.00393, "loss": 0.22811302, "lr": 0.00037566, "params": 9207, "time_iter": 0.04108, "accuracy": 0.97619, "precision": 1.0, "recall": 0.95, "f1": 0.97436, "auc": 1.0}
{"epoch": 59, "time_epoch": 0.12275, "eta": 13.64071, "eta_hours": 0.00379, "loss": 0.23995025, "lr": 0.0003605, "params": 9207, "time_iter": 0.04092, "accuracy": 0.95238, "precision": 1.0, "recall": 0.9, "f1": 0.94737, "auc": 0.99545}
{"epoch": 60, "time_epoch": 0.12484, "eta": 13.16148, "eta_hours": 0.00366, "loss": 0.2089553, "lr": 0.00034549, "params": 9207, "time_iter": 0.04161, "accuracy": 0.95238, "precision": 1.0, "recall": 0.9, "f1": 0.94737, "auc": 1.0}
{"epoch": 61, "time_epoch": 0.12506, "eta": 12.69382, "eta_hours": 0.00353, "loss": 0.21759257, "lr": 0.00033063, "params": 9207, "time_iter": 0.04169, "accuracy": 0.97619, "precision": 1.0, "recall": 0.95, "f1": 0.97436, "auc": 0.99545}
{"epoch": 62, "time_epoch": 0.12459, "eta": 12.23675, "eta_hours": 0.0034, "loss": 0.25959127, "lr": 0.00031594, "params": 9207, "time_iter": 0.04153, "accuracy": 0.92857, "precision": 1.0, "recall": 0.85, "f1": 0.91892, "auc": 0.98182}
{"epoch": 63, "time_epoch": 0.12364, "eta": 11.78955, "eta_hours": 0.00327, "loss": 0.18776124, "lr": 0.00030143, "params": 9207, "time_iter": 0.04121, "accuracy": 0.97619, "precision": 1.0, "recall": 0.95, "f1": 0.97436, "auc": 1.0}
{"epoch": 64, "time_epoch": 0.12516, "eta": 11.35312, "eta_hours": 0.00315, "loss": 0.19375525, "lr": 0.00028711, "params": 9207, "time_iter": 0.04172, "accuracy": 1.0, "precision": 1.0, "recall": 1.0, "f1": 1.0, "auc": 1.0}
{"epoch": 65, "time_epoch": 0.1234, "eta": 10.92521, "eta_hours": 0.00303, "loss": 0.1882261, "lr": 0.000273, "params": 9207, "time_iter": 0.04113, "accuracy": 1.0, "precision": 1.0, "recall": 1.0, "f1": 1.0, "auc": 1.0}
{"epoch": 66, "time_epoch": 0.12571, "eta": 10.50753, "eta_hours": 0.00292, "loss": 0.22218943, "lr": 0.00025912, "params": 9207, "time_iter": 0.0419, "accuracy": 0.97619, "precision": 1.0, "recall": 0.95, "f1": 0.97436, "auc": 0.99773}
{"epoch": 67, "time_epoch": 0.12731, "eta": 10.09919, "eta_hours": 0.00281, "loss": 0.18852778, "lr": 0.00024548, "params": 9207, "time_iter": 0.04244, "accuracy": 0.97619, "precision": 1.0, "recall": 0.95, "f1": 0.97436, "auc": 1.0}
{"epoch": 68, "time_epoch": 0.12402, "eta": 9.69752, "eta_hours": 0.00269, "loss": 0.20869797, "lr": 0.00023209, "params": 9207, "time_iter": 0.04134, "accuracy": 0.97619, "precision": 1.0, "recall": 0.95, "f1": 0.97436, "auc": 0.99318}
{"epoch": 69, "time_epoch": 0.12408, "eta": 9.30381, "eta_hours": 0.00258, "loss": 0.16136656, "lr": 0.00021896, "params": 9207, "time_iter": 0.04136, "accuracy": 0.97619, "precision": 1.0, "recall": 0.95, "f1": 0.97436, "auc": 1.0}
{"epoch": 70, "time_epoch": 0.1247, "eta": 8.91794, "eta_hours": 0.00248, "loss": 0.16017701, "lr": 0.00020611, "params": 9207, "time_iter": 0.04157, "accuracy": 1.0, "precision": 1.0, "recall": 1.0, "f1": 1.0, "auc": 1.0}
{"epoch": 71, "time_epoch": 0.12384, "eta": 8.539, "eta_hours": 0.00237, "loss": 0.16509181, "lr": 0.00019355, "params": 9207, "time_iter": 0.04128, "accuracy": 0.97619, "precision": 1.0, "recall": 0.95, "f1": 0.97436, "auc": 1.0}
{"epoch": 72, "time_epoch": 0.12445, "eta": 8.16727, "eta_hours": 0.00227, "loss": 0.17664429, "lr": 0.00018129, "params": 9207, "time_iter": 0.04148, "accuracy": 0.97619, "precision": 1.0, "recall": 0.95, "f1": 0.97436, "auc": 1.0}
{"epoch": 73, "time_epoch": 0.12324, "eta": 7.8018, "eta_hours": 0.00217, "loss": 0.14272446, "lr": 0.00016934, "params": 9207, "time_iter": 0.04108, "accuracy": 1.0, "precision": 1.0, "recall": 1.0, "f1": 1.0, "auc": 1.0}
{"epoch": 74, "time_epoch": 0.12805, "eta": 7.44439, "eta_hours": 0.00207, "loss": 0.18755654, "lr": 0.00015773, "params": 9207, "time_iter": 0.04268, "accuracy": 0.95238, "precision": 1.0, "recall": 0.9, "f1": 0.94737, "auc": 0.99545}
{"epoch": 75, "time_epoch": 0.12421, "eta": 7.0918, "eta_hours": 0.00197, "loss": 0.15386358, "lr": 0.00014645, "params": 9207, "time_iter": 0.0414, "accuracy": 0.97619, "precision": 1.0, "recall": 0.95, "f1": 0.97436, "auc": 1.0}
{"epoch": 76, "time_epoch": 0.12428, "eta": 6.74517, "eta_hours": 0.00187, "loss": 0.1442776, "lr": 0.00013552, "params": 9207, "time_iter": 0.04143, "accuracy": 1.0, "precision": 1.0, "recall": 1.0, "f1": 1.0, "auc": 1.0}
{"epoch": 77, "time_epoch": 0.12321, "eta": 6.40394, "eta_hours": 0.00178, "loss": 0.13784716, "lr": 0.00012494, "params": 9207, "time_iter": 0.04107, "accuracy": 1.0, "precision": 1.0, "recall": 1.0, "f1": 1.0, "auc": 1.0}
{"epoch": 78, "time_epoch": 0.12363, "eta": 6.06833, "eta_hours": 0.00169, "loss": 0.13424985, "lr": 0.00011474, "params": 9207, "time_iter": 0.04121, "accuracy": 1.0, "precision": 1.0, "recall": 1.0, "f1": 1.0, "auc": 1.0}
{"epoch": 79, "time_epoch": 0.12688, "eta": 5.73884, "eta_hours": 0.00159, "loss": 0.19018131, "lr": 0.00010492, "params": 9207, "time_iter": 0.04229, "accuracy": 0.95238, "precision": 1.0, "recall": 0.9, "f1": 0.94737, "auc": 0.99773}
{"epoch": 80, "time_epoch": 0.12433, "eta": 5.41376, "eta_hours": 0.0015, "loss": 0.13431273, "lr": 9.549e-05, "params": 9207, "time_iter": 0.04144, "accuracy": 1.0, "precision": 1.0, "recall": 1.0, "f1": 1.0, "auc": 1.0}
{"epoch": 81, "time_epoch": 0.1266, "eta": 5.09407, "eta_hours": 0.00142, "loss": 0.15601881, "lr": 8.646e-05, "params": 9207, "time_iter": 0.0422, "accuracy": 0.97619, "precision": 1.0, "recall": 0.95, "f1": 0.97436, "auc": 1.0}
{"epoch": 82, "time_epoch": 0.12452, "eta": 4.7786, "eta_hours": 0.00133, "loss": 0.16055714, "lr": 7.784e-05, "params": 9207, "time_iter": 0.04151, "accuracy": 0.97619, "precision": 1.0, "recall": 0.95, "f1": 0.97436, "auc": 1.0}
{"epoch": 83, "time_epoch": 0.12534, "eta": 4.46784, "eta_hours": 0.00124, "loss": 0.12714449, "lr": 6.963e-05, "params": 9207, "time_iter": 0.04178, "accuracy": 1.0, "precision": 1.0, "recall": 1.0, "f1": 1.0, "auc": 1.0}
{"epoch": 84, "time_epoch": 0.1265, "eta": 4.16165, "eta_hours": 0.00116, "loss": 0.15400444, "lr": 6.185e-05, "params": 9207, "time_iter": 0.04217, "accuracy": 0.97619, "precision": 1.0, "recall": 0.95, "f1": 0.97436, "auc": 0.99773}
{"epoch": 85, "time_epoch": 0.12489, "eta": 3.85937, "eta_hours": 0.00107, "loss": 0.15300327, "lr": 5.45e-05, "params": 9207, "time_iter": 0.04163, "accuracy": 1.0, "precision": 1.0, "recall": 1.0, "f1": 1.0, "auc": 1.0}
{"epoch": 86, "time_epoch": 0.12675, "eta": 3.56145, "eta_hours": 0.00099, "loss": 0.13371844, "lr": 4.759e-05, "params": 9207, "time_iter": 0.04225, "accuracy": 0.97619, "precision": 1.0, "recall": 0.95, "f1": 0.97436, "auc": 1.0}
{"epoch": 87, "time_epoch": 0.12478, "eta": 3.26715, "eta_hours": 0.00091, "loss": 0.14462895, "lr": 4.112e-05, "params": 9207, "time_iter": 0.04159, "accuracy": 0.97619, "precision": 1.0, "recall": 0.95, "f1": 0.97436, "auc": 1.0}
{"epoch": 88, "time_epoch": 0.12259, "eta": 2.97638, "eta_hours": 0.00083, "loss": 0.15239925, "lr": 3.511e-05, "params": 9207, "time_iter": 0.04086, "accuracy": 0.97619, "precision": 1.0, "recall": 0.95, "f1": 0.97436, "auc": 1.0}
{"epoch": 89, "time_epoch": 0.12281, "eta": 2.68938, "eta_hours": 0.00075, "loss": 0.18580562, "lr": 2.956e-05, "params": 9207, "time_iter": 0.04094, "accuracy": 0.95238, "precision": 1.0, "recall": 0.9, "f1": 0.94737, "auc": 0.98864}
{"epoch": 90, "time_epoch": 0.12401, "eta": 2.40611, "eta_hours": 0.00067, "loss": 0.12259184, "lr": 2.447e-05, "params": 9207, "time_iter": 0.04134, "accuracy": 1.0, "precision": 1.0, "recall": 1.0, "f1": 1.0, "auc": 1.0}
{"epoch": 91, "time_epoch": 0.12712, "eta": 2.12657, "eta_hours": 0.00059, "loss": 0.12711406, "lr": 1.985e-05, "params": 9207, "time_iter": 0.04237, "accuracy": 1.0, "precision": 1.0, "recall": 1.0, "f1": 1.0, "auc": 1.0}
{"epoch": 92, "time_epoch": 0.12457, "eta": 1.85012, "eta_hours": 0.00051, "loss": 0.15294295, "lr": 1.571e-05, "params": 9207, "time_iter": 0.04152, "accuracy": 0.97619, "precision": 1.0, "recall": 0.95, "f1": 0.97436, "auc": 1.0}
{"epoch": 93, "time_epoch": 0.12485, "eta": 1.57692, "eta_hours": 0.00044, "loss": 0.13606912, "lr": 1.204e-05, "params": 9207, "time_iter": 0.04162, "accuracy": 1.0, "precision": 1.0, "recall": 1.0, "f1": 1.0, "auc": 1.0}
{"epoch": 94, "time_epoch": 0.13147, "eta": 1.30718, "eta_hours": 0.00036, "loss": 0.15859969, "lr": 8.86e-06, "params": 9207, "time_iter": 0.04382, "accuracy": 0.95238, "precision": 1.0, "recall": 0.9, "f1": 0.94737, "auc": 1.0}
{"epoch": 95, "time_epoch": 0.12312, "eta": 1.03998, "eta_hours": 0.00029, "loss": 0.14091862, "lr": 6.16e-06, "params": 9207, "time_iter": 0.04104, "accuracy": 0.97619, "precision": 1.0, "recall": 0.95, "f1": 0.97436, "auc": 1.0}
{"epoch": 96, "time_epoch": 0.12379, "eta": 0.77577, "eta_hours": 0.00022, "loss": 0.13015706, "lr": 3.94e-06, "params": 9207, "time_iter": 0.04126, "accuracy": 1.0, "precision": 1.0, "recall": 1.0, "f1": 1.0, "auc": 1.0}
{"epoch": 97, "time_epoch": 0.12219, "eta": 0.5144, "eta_hours": 0.00014, "loss": 0.12750735, "lr": 2.22e-06, "params": 9207, "time_iter": 0.04073, "accuracy": 1.0, "precision": 1.0, "recall": 1.0, "f1": 1.0, "auc": 1.0}
{"epoch": 98, "time_epoch": 0.12346, "eta": 0.25585, "eta_hours": 7e-05, "loss": 0.13268736, "lr": 9.9e-07, "params": 9207, "time_iter": 0.04115, "accuracy": 0.97619, "precision": 1.0, "recall": 0.95, "f1": 0.97436, "auc": 1.0}
{"epoch": 99, "time_epoch": 0.12585, "eta": 0.0, "eta_hours": 0.0, "loss": 0.12313351, "lr": 2.5e-07, "params": 9207, "time_iter": 0.04195, "accuracy": 1.0, "precision": 1.0, "recall": 1.0, "f1": 1.0, "auc": 1.0}
