{"epoch": 0, "time_epoch": 36.6503, "eta": 3628.3801, "eta_hours": 1.00788, "loss": 0.66512301, "lr": 0.001, "params": 6759, "time_iter": 0.0713, "accuracy": 0.59396, "precision": 0.58505, "recall": 0.65988, "f1": 0.62022, "auc": 0.63994}
{"epoch": 1, "time_epoch": 23.59729, "eta": 2952.1319, "eta_hours": 0.82004, "loss": 0.65075292, "lr": 0.00099975, "params": 6759, "time_iter": 0.04591, "accuracy": 0.63096, "precision": 0.62804, "recall": 0.65116, "f1": 0.63939, "auc": 0.67098}
{"epoch": 2, "time_epoch": 23.56384, "eta": 2709.90276, "eta_hours": 0.75275, "loss": 0.64338021, "lr": 0.00099901, "params": 6759, "time_iter": 0.04584, "accuracy": 0.63778, "precision": 0.6326, "recall": 0.6657, "f1": 0.64873, "auc": 0.68273}
{"epoch": 3, "time_epoch": 23.56548, "eta": 2577.04572, "eta_hours": 0.71585, "loss": 0.63357754, "lr": 0.00099778, "params": 6759, "time_iter": 0.04585, "accuracy": 0.63924, "precision": 0.63535, "recall": 0.66182, "f1": 0.64832, "auc": 0.69605}
{"epoch": 4, "time_epoch": 23.55226, "eta": 2487.65408, "eta_hours": 0.69102, "loss": 0.6356108, "lr": 0.00099606, "params": 6759, "time_iter": 0.04582, "accuracy": 0.64119, "precision": 0.63981, "recall": 0.65407, "f1": 0.64686, "auc": 0.69317}
{"epoch": 5, "time_epoch": 23.53469, "eta": 2419.93371, "eta_hours": 0.6722, "loss": 0.62628655, "lr": 0.00099384, "params": 6759, "time_iter": 0.04579, "accuracy": 0.66164, "precision": 0.66343, "recall": 0.66279, "f1": 0.66311, "auc": 0.70693}
{"epoch": 6, "time_epoch": 23.56583, "eta": 2365.25146, "eta_hours": 0.65701, "loss": 0.62965278, "lr": 0.00099114, "params": 6759, "time_iter": 0.04585, "accuracy": 0.65677, "precision": 0.66269, "recall": 0.64535, "f1": 0.6539, "auc": 0.70472}
{"epoch": 7, "time_epoch": 23.52052, "eta": 2317.82732, "eta_hours": 0.64384, "loss": 0.62626203, "lr": 0.00098796, "params": 6759, "time_iter": 0.04576, "accuracy": 0.6631, "precision": 0.67172, "recall": 0.64438, "f1": 0.65776, "auc": 0.71285}
{"epoch": 8, "time_epoch": 23.57179, "eta": 2276.2335, "eta_hours": 0.63229, "loss": 0.63094739, "lr": 0.00098429, "params": 6759, "time_iter": 0.04586, "accuracy": 0.65531, "precision": 0.65607, "recall": 0.65988, "f1": 0.65797, "auc": 0.70837}
{"epoch": 9, "time_epoch": 23.55872, "eta": 2238.12643, "eta_hours": 0.6217, "loss": 0.62591821, "lr": 0.00098015, "params": 6759, "time_iter": 0.04583, "accuracy": 0.6519, "precision": 0.65898, "recall": 0.63663, "f1": 0.64761, "auc": 0.71677}
{"epoch": 10, "time_epoch": 23.55491, "eta": 2202.63372, "eta_hours": 0.61184, "loss": 0.61908586, "lr": 0.00097553, "params": 6759, "time_iter": 0.04583, "accuracy": 0.66699, "precision": 0.66323, "recall": 0.68508, "f1": 0.67398, "auc": 0.72588}
{"epoch": 11, "time_epoch": 23.55283, "eta": 2169.11536, "eta_hours": 0.60253, "loss": 0.61586491, "lr": 0.00097044, "params": 6759, "time_iter": 0.04582, "accuracy": 0.6816, "precision": 0.68421, "recall": 0.68023, "f1": 0.68222, "auc": 0.73918}
{"epoch": 12, "time_epoch": 23.55251, "eta": 2137.12805, "eta_hours": 0.59365, "loss": 0.61217483, "lr": 0.00096489, "params": 6759, "time_iter": 0.04582, "accuracy": 0.68014, "precision": 0.68293, "recall": 0.67829, "f1": 0.6806, "auc": 0.74074}
{"epoch": 13, "time_epoch": 23.57063, "eta": 2106.45697, "eta_hours": 0.58513, "loss": 0.59941272, "lr": 0.00095888, "params": 6759, "time_iter": 0.04586, "accuracy": 0.68598, "precision": 0.69027, "recall": 0.68023, "f1": 0.68521, "auc": 0.7589}
{"epoch": 14, "time_epoch": 23.57533, "eta": 2076.75928, "eta_hours": 0.57688, "loss": 0.59745592, "lr": 0.00095241, "params": 6759, "time_iter": 0.04587, "accuracy": 0.69377, "precision": 0.70709, "recall": 0.66667, "f1": 0.68628, "auc": 0.76087}
{"epoch": 15, "time_epoch": 23.54532, "eta": 2047.66933, "eta_hours": 0.5688, "loss": 0.58342238, "lr": 0.0009455, "params": 6759, "time_iter": 0.04581, "accuracy": 0.68939, "precision": 0.69466, "recall": 0.6812, "f1": 0.68787, "auc": 0.77191}
{"epoch": 16, "time_epoch": 23.53247, "eta": 2019.16893, "eta_hours": 0.56088, "loss": 0.60464117, "lr": 0.00093815, "params": 6759, "time_iter": 0.04578, "accuracy": 0.69377, "precision": 0.7017, "recall": 0.67926, "f1": 0.6903, "auc": 0.76261}
{"epoch": 17, "time_epoch": 23.56873, "eta": 1991.38572, "eta_hours": 0.55316, "loss": 0.59601322, "lr": 0.00093037, "params": 6759, "time_iter": 0.04585, "accuracy": 0.70253, "precision": 0.69991, "recall": 0.71415, "f1": 0.70695, "auc": 0.76896}
{"epoch": 18, "time_epoch": 23.55905, "eta": 1964.00486, "eta_hours": 0.54556, "loss": 0.59011512, "lr": 0.00092216, "params": 6759, "time_iter": 0.04583, "accuracy": 0.70545, "precision": 0.70588, "recall": 0.7093, "f1": 0.70759, "auc": 0.77676}
{"epoch": 19, "time_epoch": 23.54039, "eta": 1936.93157, "eta_hours": 0.53804, "loss": 0.596498, "lr": 0.00091354, "params": 6759, "time_iter": 0.0458, "accuracy": 0.6962, "precision": 0.69922, "recall": 0.6938, "f1": 0.6965, "auc": 0.77457}
{"epoch": 20, "time_epoch": 23.56554, "eta": 1910.28932, "eta_hours": 0.53064, "loss": 0.59319766, "lr": 0.00090451, "params": 6759, "time_iter": 0.04585, "accuracy": 0.69961, "precision": 0.70244, "recall": 0.69767, "f1": 0.70005, "auc": 0.77005}
{"epoch": 21, "time_epoch": 23.52961, "eta": 1883.79941, "eta_hours": 0.52328, "loss": 0.57169716, "lr": 0.00089508, "params": 6759, "time_iter": 0.04578, "accuracy": 0.70351, "precision": 0.70961, "recall": 0.6938, "f1": 0.70162, "auc": 0.78658}
{"epoch": 22, "time_epoch": 23.54992, "eta": 1857.6349, "eta_hours": 0.51601, "loss": 0.58157868, "lr": 0.00088526, "params": 6759, "time_iter": 0.04582, "accuracy": 0.71811, "precision": 0.71758, "recall": 0.72384, "f1": 0.72069, "auc": 0.78699}
{"epoch": 23, "time_epoch": 23.54395, "eta": 1831.66937, "eta_hours": 0.5088, "loss": 0.57724965, "lr": 0.00087506, "params": 6759, "time_iter": 0.04581, "accuracy": 0.72152, "precision": 0.72727, "recall": 0.71318, "f1": 0.72016, "auc": 0.79242}
{"epoch": 24, "time_epoch": 23.53873, "eta": 1805.8819, "eta_hours": 0.50163, "loss": 0.58867797, "lr": 0.00086448, "params": 6759, "time_iter": 0.0458, "accuracy": 0.70643, "precision": 0.71601, "recall": 0.68895, "f1": 0.70222, "auc": 0.78387}
{"epoch": 25, "time_epoch": 23.55521, "eta": 1780.31432, "eta_hours": 0.49453, "loss": 0.59005152, "lr": 0.00085355, "params": 6759, "time_iter": 0.04583, "accuracy": 0.71373, "precision": 0.71103, "recall": 0.72481, "f1": 0.71785, "auc": 0.78709}
{"epoch": 26, "time_epoch": 23.55796, "eta": 1754.90326, "eta_hours": 0.48747, "loss": 0.59246564, "lr": 0.00084227, "params": 6759, "time_iter": 0.04583, "accuracy": 0.7113, "precision": 0.71415, "recall": 0.7093, "f1": 0.71172, "auc": 0.78081}
{"epoch": 27, "time_epoch": 23.53025, "eta": 1729.55329, "eta_hours": 0.48043, "loss": 0.57721811, "lr": 0.00083066, "params": 6759, "time_iter": 0.04578, "accuracy": 0.71422, "precision": 0.71665, "recall": 0.71318, "f1": 0.71491, "auc": 0.78866}
{"epoch": 28, "time_epoch": 23.57508, "eta": 1704.43857, "eta_hours": 0.47346, "loss": 0.57054965, "lr": 0.00081871, "params": 6759, "time_iter": 0.04587, "accuracy": 0.72249, "precision": 0.72427, "recall": 0.72287, "f1": 0.72357, "auc": 0.79923}
{"epoch": 29, "time_epoch": 23.51663, "eta": 1679.29013, "eta_hours": 0.46647, "loss": 0.58650659, "lr": 0.00080645, "params": 6759, "time_iter": 0.04575, "accuracy": 0.70497, "precision": 0.70801, "recall": 0.70252, "f1": 0.70525, "auc": 0.78505}
{"epoch": 30, "time_epoch": 23.54549, "eta": 1654.31119, "eta_hours": 0.45953, "loss": 0.58637546, "lr": 0.00079389, "params": 6759, "time_iter": 0.04581, "accuracy": 0.71714, "precision": 0.72261, "recall": 0.7093, "f1": 0.71589, "auc": 0.78857}
{"epoch": 31, "time_epoch": 23.55696, "eta": 1629.44622, "eta_hours": 0.45262, "loss": 0.56564024, "lr": 0.00078104, "params": 6759, "time_iter": 0.04583, "accuracy": 0.72006, "precision": 0.72163, "recall": 0.72093, "f1": 0.72128, "auc": 0.79793}
{"epoch": 32, "time_epoch": 23.5583, "eta": 1604.66323, "eta_hours": 0.44574, "loss": 0.57453405, "lr": 0.00076791, "params": 6759, "time_iter": 0.04583, "accuracy": 0.71178, "precision": 0.71956, "recall": 0.69864, "f1": 0.70895, "auc": 0.79473}
{"epoch": 33, "time_epoch": 23.55861, "eta": 1579.95289, "eta_hours": 0.43888, "loss": 0.58053534, "lr": 0.00075452, "params": 6759, "time_iter": 0.04583, "accuracy": 0.71276, "precision": 0.71456, "recall": 0.71318, "f1": 0.71387, "auc": 0.79043}
{"epoch": 34, "time_epoch": 23.5361, "eta": 1555.26656, "eta_hours": 0.43202, "loss": 0.56472408, "lr": 0.00074088, "params": 6759, "time_iter": 0.04579, "accuracy": 0.74002, "precision": 0.75101, "recall": 0.7219, "f1": 0.73617, "auc": 0.80627}
{"epoch": 35, "time_epoch": 23.5293, "eta": 1530.63205, "eta_hours": 0.42518, "loss": 0.56759449, "lr": 0.000727, "params": 6759, "time_iter": 0.04578, "accuracy": 0.72249, "precision": 0.71792, "recall": 0.7374, "f1": 0.72753, "auc": 0.8081}
{"epoch": 36, "time_epoch": 23.53894, "eta": 1506.07368, "eta_hours": 0.41835, "loss": 0.5756643, "lr": 0.00071289, "params": 6759, "time_iter": 0.0458, "accuracy": 0.72249, "precision": 0.7234, "recall": 0.72481, "f1": 0.7241, "auc": 0.80189}
{"epoch": 37, "time_epoch": 23.57814, "eta": 1481.63294, "eta_hours": 0.41156, "loss": 0.56423207, "lr": 0.00069857, "params": 6759, "time_iter": 0.04587, "accuracy": 0.72882, "precision": 0.73307, "recall": 0.72384, "f1": 0.72843, "auc": 0.80919}
{"epoch": 38, "time_epoch": 23.55877, "eta": 1457.20613, "eta_hours": 0.40478, "loss": 0.57258213, "lr": 0.00068406, "params": 6759, "time_iter": 0.04583, "accuracy": 0.73174, "precision": 0.73147, "recall": 0.73643, "f1": 0.73394, "auc": 0.80387}
{"epoch": 39, "time_epoch": 23.56533, "eta": 1432.83257, "eta_hours": 0.39801, "loss": 0.57377068, "lr": 0.00066937, "params": 6759, "time_iter": 0.04585, "accuracy": 0.73759, "precision": 0.7443, "recall": 0.72771, "f1": 0.73591, "auc": 0.80512}
{"epoch": 40, "time_epoch": 23.60053, "eta": 1408.54908, "eta_hours": 0.39126, "loss": 0.57257304, "lr": 0.00065451, "params": 6759, "time_iter": 0.04592, "accuracy": 0.73028, "precision": 0.73114, "recall": 0.73256, "f1": 0.73185, "auc": 0.8012}
{"epoch": 41, "time_epoch": 23.57357, "eta": 1384.26088, "eta_hours": 0.38452, "loss": 0.57385323, "lr": 0.0006395, "params": 6759, "time_iter": 0.04586, "accuracy": 0.74002, "precision": 0.74556, "recall": 0.73256, "f1": 0.739, "auc": 0.80678}
{"epoch": 42, "time_epoch": 23.68117, "eta": 1360.14855, "eta_hours": 0.37782, "loss": 0.55233259, "lr": 0.00062434, "params": 6759, "time_iter": 0.04607, "accuracy": 0.74197, "precision": 0.73769, "recall": 0.75484, "f1": 0.74617, "auc": 0.81733}
{"epoch": 43, "time_epoch": 23.56663, "eta": 1335.91005, "eta_hours": 0.37109, "loss": 0.56295942, "lr": 0.00060907, "params": 6759, "time_iter": 0.04585, "accuracy": 0.72249, "precision": 0.72, "recall": 0.73256, "f1": 0.72622, "auc": 0.80767}
{"epoch": 44, "time_epoch": 23.56473, "eta": 1311.69909, "eta_hours": 0.36436, "loss": 0.55957177, "lr": 0.00059369, "params": 6759, "time_iter": 0.04585, "accuracy": 0.7298, "precision": 0.73451, "recall": 0.72384, "f1": 0.72914, "auc": 0.80968}
{"epoch": 45, "time_epoch": 23.56349, "eta": 1287.51477, "eta_hours": 0.35764, "loss": 0.56161526, "lr": 0.00057822, "params": 6759, "time_iter": 0.04584, "accuracy": 0.73661, "precision": 0.73403, "recall": 0.74612, "f1": 0.74003, "auc": 0.81475}
{"epoch": 46, "time_epoch": 23.54418, "eta": 1263.33508, "eta_hours": 0.35093, "loss": 0.55952054, "lr": 0.00056267, "params": 6759, "time_iter": 0.04581, "accuracy": 0.73661, "precision": 0.73812, "recall": 0.7374, "f1": 0.73776, "auc": 0.8158}
{"epoch": 47, "time_epoch": 23.56562, "eta": 1239.20511, "eta_hours": 0.34422, "loss": 0.55818069, "lr": 0.00054705, "params": 6759, "time_iter": 0.04585, "accuracy": 0.73905, "precision": 0.74266, "recall": 0.73547, "f1": 0.73905, "auc": 0.81734}
{"epoch": 48, "time_epoch": 23.54982, "eta": 1215.08172, "eta_hours": 0.33752, "loss": 0.55796026, "lr": 0.0005314, "params": 6759, "time_iter": 0.04582, "accuracy": 0.74927, "precision": 0.74976, "recall": 0.75194, "f1": 0.75085, "auc": 0.81544}
{"epoch": 49, "time_epoch": 23.55057, "eta": 1190.98203, "eta_hours": 0.33083, "loss": 0.57901345, "lr": 0.00051571, "params": 6759, "time_iter": 0.04582, "accuracy": 0.73466, "precision": 0.72993, "recall": 0.74903, "f1": 0.73936, "auc": 0.80883}
{"epoch": 50, "time_epoch": 23.45669, "eta": 1166.81368, "eta_hours": 0.32411, "loss": 0.55045752, "lr": 0.0005, "params": 6759, "time_iter": 0.04564, "accuracy": 0.74391, "precision": 0.74327, "recall": 0.74903, "f1": 0.74614, "auc": 0.82044}
{"epoch": 51, "time_epoch": 23.94493, "eta": 1143.12338, "eta_hours": 0.31753, "loss": 0.54214547, "lr": 0.00048429, "params": 6759, "time_iter": 0.04659, "accuracy": 0.74878, "precision": 0.74903, "recall": 0.75194, "f1": 0.75048, "auc": 0.82576}
{"epoch": 52, "time_epoch": 24.05591, "eta": 1119.52188, "eta_hours": 0.31098, "loss": 0.54827576, "lr": 0.0004686, "params": 6759, "time_iter": 0.0468, "accuracy": 0.74051, "precision": 0.75025, "recall": 0.72481, "f1": 0.73731, "auc": 0.82537}
{"epoch": 53, "time_epoch": 24.54027, "eta": 1096.31616, "eta_hours": 0.30453, "loss": 0.5509693, "lr": 0.00045295, "params": 6759, "time_iter": 0.04774, "accuracy": 0.74586, "precision": 0.75, "recall": 0.74128, "f1": 0.74561, "auc": 0.82257}
{"epoch": 54, "time_epoch": 24.52125, "eta": 1073.04634, "eta_hours": 0.29807, "loss": 0.55064578, "lr": 0.00043733, "params": 6759, "time_iter": 0.04771, "accuracy": 0.74294, "precision": 0.74324, "recall": 0.74612, "f1": 0.74468, "auc": 0.81801}
{"epoch": 55, "time_epoch": 23.83381, "eta": 1049.19171, "eta_hours": 0.29144, "loss": 0.56385078, "lr": 0.00042178, "params": 6759, "time_iter": 0.04637, "accuracy": 0.74976, "precision": 0.74714, "recall": 0.75872, "f1": 0.75288, "auc": 0.82346}
{"epoch": 56, "time_epoch": 23.59778, "eta": 1025.15974, "eta_hours": 0.28477, "loss": 0.55399306, "lr": 0.00040631, "params": 6759, "time_iter": 0.04591, "accuracy": 0.74245, "precision": 0.74347, "recall": 0.74419, "f1": 0.74383, "auc": 0.81755}
{"epoch": 57, "time_epoch": 23.61831, "eta": 1001.15761, "eta_hours": 0.2781, "loss": 0.54387395, "lr": 0.00039093, "params": 6759, "time_iter": 0.04595, "accuracy": 0.74635, "precision": 0.74782, "recall": 0.74709, "f1": 0.74746, "auc": 0.8282}
{"epoch": 58, "time_epoch": 24.22453, "eta": 977.58977, "eta_hours": 0.27155, "loss": 0.54672299, "lr": 0.00037566, "params": 6759, "time_iter": 0.04713, "accuracy": 0.74245, "precision": 0.7473, "recall": 0.73643, "f1": 0.74183, "auc": 0.8223}
{"epoch": 59, "time_epoch": 27.0607, "eta": 955.89082, "eta_hours": 0.26553, "loss": 0.53818148, "lr": 0.0003605, "params": 6759, "time_iter": 0.05265, "accuracy": 0.74732, "precision": 0.7395, "recall": 0.76744, "f1": 0.75321, "auc": 0.82877}
{"epoch": 60, "time_epoch": 27.12403, "eta": 934.05656, "eta_hours": 0.25946, "loss": 0.55813755, "lr": 0.00034549, "params": 6759, "time_iter": 0.05277, "accuracy": 0.74294, "precision": 0.74277, "recall": 0.74709, "f1": 0.74493, "auc": 0.82286}
{"epoch": 61, "time_epoch": 27.58076, "eta": 912.33159, "eta_hours": 0.25343, "loss": 0.53914952, "lr": 0.00033063, "params": 6759, "time_iter": 0.05366, "accuracy": 0.74976, "precision": 0.74527, "recall": 0.7626, "f1": 0.75383, "auc": 0.82961}
{"epoch": 62, "time_epoch": 27.14353, "eta": 890.16394, "eta_hours": 0.24727, "loss": 0.53714408, "lr": 0.00031594, "params": 6759, "time_iter": 0.05281, "accuracy": 0.76777, "precision": 0.76303, "recall": 0.78004, "f1": 0.77144, "auc": 0.83441}
{"epoch": 63, "time_epoch": 24.7235, "eta": 866.47953, "eta_hours": 0.24069, "loss": 0.54621114, "lr": 0.00030143, "params": 6759, "time_iter": 0.0481, "accuracy": 0.75949, "precision": 0.75619, "recall": 0.76938, "f1": 0.76273, "auc": 0.83282}
{"epoch": 64, "time_epoch": 23.60421, "eta": 842.16045, "eta_hours": 0.23393, "loss": 0.54734671, "lr": 0.00028711, "params": 6759, "time_iter": 0.04592, "accuracy": 0.74684, "precision": 0.74474, "recall": 0.75484, "f1": 0.74976, "auc": 0.83121}
{"epoch": 65, "time_epoch": 23.59252, "eta": 817.85701, "eta_hours": 0.22718, "loss": 0.54343797, "lr": 0.000273, "params": 6759, "time_iter": 0.0459, "accuracy": 0.7444, "precision": 0.74732, "recall": 0.74225, "f1": 0.74477, "auc": 0.82551}
{"epoch": 66, "time_epoch": 23.60585, "eta": 793.58136, "eta_hours": 0.22044, "loss": 0.55736022, "lr": 0.00025912, "params": 6759, "time_iter": 0.04593, "accuracy": 0.74343, "precision": 0.73843, "recall": 0.75775, "f1": 0.74797, "auc": 0.82672}
{"epoch": 67, "time_epoch": 23.57464, "eta": 769.31072, "eta_hours": 0.2137, "loss": 0.53500311, "lr": 0.00024548, "params": 6759, "time_iter": 0.04587, "accuracy": 0.75463, "precision": 0.75336, "recall": 0.76066, "f1": 0.75699, "auc": 0.8351}
{"epoch": 68, "time_epoch": 23.56923, "eta": 745.05782, "eta_hours": 0.20696, "loss": 0.54350663, "lr": 0.00023209, "params": 6759, "time_iter": 0.04585, "accuracy": 0.7483, "precision": 0.74783, "recall": 0.75291, "f1": 0.75036, "auc": 0.83324}
{"epoch": 69, "time_epoch": 23.60481, "eta": 720.83971, "eta_hours": 0.20023, "loss": 0.54274174, "lr": 0.00021896, "params": 6759, "time_iter": 0.04592, "accuracy": 0.75803, "precision": 0.76149, "recall": 0.75484, "f1": 0.75815, "auc": 0.83519}
{"epoch": 70, "time_epoch": 23.57511, "eta": 696.62674, "eta_hours": 0.19351, "loss": 0.53975055, "lr": 0.00020611, "params": 6759, "time_iter": 0.04587, "accuracy": 0.75414, "precision": 0.74882, "recall": 0.76841, "f1": 0.75849, "auc": 0.83472}
{"epoch": 71, "time_epoch": 23.61717, "eta": 672.44784, "eta_hours": 0.18679, "loss": 0.54935907, "lr": 0.00019355, "params": 6759, "time_iter": 0.04595, "accuracy": 0.7702, "precision": 0.77132, "recall": 0.77132, "f1": 0.77132, "auc": 0.83563}
{"epoch": 72, "time_epoch": 23.70913, "eta": 648.31835, "eta_hours": 0.18009, "loss": 0.5394282, "lr": 0.00018129, "params": 6759, "time_iter": 0.04613, "accuracy": 0.75463, "precision": 0.76559, "recall": 0.7374, "f1": 0.75123, "auc": 0.83367}
{"epoch": 73, "time_epoch": 23.61205, "eta": 624.16611, "eta_hours": 0.17338, "loss": 0.53957279, "lr": 0.00016934, "params": 6759, "time_iter": 0.04594, "accuracy": 0.7483, "precision": 0.74927, "recall": 0.75, "f1": 0.74964, "auc": 0.83362}
{"epoch": 74, "time_epoch": 23.61829, "eta": 600.03036, "eta_hours": 0.16668, "loss": 0.53760496, "lr": 0.00015773, "params": 6759, "time_iter": 0.04595, "accuracy": 0.7629, "precision": 0.75635, "recall": 0.77907, "f1": 0.76754, "auc": 0.8382}
{"epoch": 75, "time_epoch": 23.58878, "eta": 575.8989, "eta_hours": 0.15997, "loss": 0.540877, "lr": 0.00014645, "params": 6759, "time_iter": 0.04589, "accuracy": 0.75901, "precision": 0.75793, "recall": 0.76453, "f1": 0.76122, "auc": 0.83685}
{"epoch": 76, "time_epoch": 23.66814, "eta": 551.80525, "eta_hours": 0.15328, "loss": 0.52585153, "lr": 0.00013552, "params": 6759, "time_iter": 0.04605, "accuracy": 0.76339, "precision": 0.7625, "recall": 0.76841, "f1": 0.76544, "auc": 0.8429}
{"epoch": 77, "time_epoch": 23.57292, "eta": 527.69564, "eta_hours": 0.14658, "loss": 0.53546659, "lr": 0.00012494, "params": 6759, "time_iter": 0.04586, "accuracy": 0.75414, "precision": 0.75607, "recall": 0.75388, "f1": 0.75497, "auc": 0.83579}
{"epoch": 78, "time_epoch": 23.53914, "eta": 503.59065, "eta_hours": 0.13989, "loss": 0.52597548, "lr": 0.00011474, "params": 6759, "time_iter": 0.0458, "accuracy": 0.76485, "precision": 0.76068, "recall": 0.77616, "f1": 0.76835, "auc": 0.84289}
{"epoch": 79, "time_epoch": 23.59423, "eta": 479.51357, "eta_hours": 0.1332, "loss": 0.53596929, "lr": 0.00010492, "params": 6759, "time_iter": 0.0459, "accuracy": 0.76095, "precision": 0.76862, "recall": 0.75, "f1": 0.7592, "auc": 0.83887}
{"epoch": 80, "time_epoch": 23.57946, "eta": 455.44495, "eta_hours": 0.12651, "loss": 0.51882528, "lr": 9.549e-05, "params": 6759, "time_iter": 0.04587, "accuracy": 0.76826, "precision": 0.76731, "recall": 0.77326, "f1": 0.77027, "auc": 0.84698}
{"epoch": 81, "time_epoch": 23.59323, "eta": 431.39128, "eta_hours": 0.11983, "loss": 0.52301736, "lr": 8.646e-05, "params": 6759, "time_iter": 0.0459, "accuracy": 0.75852, "precision": 0.75094, "recall": 0.77713, "f1": 0.76381, "auc": 0.84503}
{"epoch": 82, "time_epoch": 23.5921, "eta": 407.34848, "eta_hours": 0.11315, "loss": 0.55238992, "lr": 7.784e-05, "params": 6759, "time_iter": 0.0459, "accuracy": 0.75316, "precision": 0.74882, "recall": 0.7655, "f1": 0.75707, "auc": 0.83225}
{"epoch": 83, "time_epoch": 23.57056, "eta": 383.31231, "eta_hours": 0.10648, "loss": 0.52729059, "lr": 6.963e-05, "params": 6759, "time_iter": 0.04586, "accuracy": 0.77069, "precision": 0.75948, "recall": 0.79554, "f1": 0.77709, "auc": 0.84391}
{"epoch": 84, "time_epoch": 23.59441, "eta": 359.2913, "eta_hours": 0.0998, "loss": 0.53462155, "lr": 6.185e-05, "params": 6759, "time_iter": 0.0459, "accuracy": 0.76534, "precision": 0.76596, "recall": 0.76744, "f1": 0.7667, "auc": 0.83863}
{"epoch": 85, "time_epoch": 25.45977, "eta": 335.58388, "eta_hours": 0.09322, "loss": 0.52862886, "lr": 5.45e-05, "params": 6759, "time_iter": 0.04953, "accuracy": 0.7741, "precision": 0.77308, "recall": 0.77907, "f1": 0.77606, "auc": 0.84494}
{"epoch": 86, "time_epoch": 30.22705, "eta": 312.54852, "eta_hours": 0.08682, "loss": 0.52882731, "lr": 4.759e-05, "params": 6759, "time_iter": 0.05881, "accuracy": 0.76777, "precision": 0.76916, "recall": 0.76841, "f1": 0.76878, "auc": 0.84269}
{"epoch": 87, "time_epoch": 23.59118, "eta": 288.44483, "eta_hours": 0.08012, "loss": 0.53411407, "lr": 4.112e-05, "params": 6759, "time_iter": 0.0459, "accuracy": 0.76777, "precision": 0.76403, "recall": 0.7781, "f1": 0.771, "auc": 0.84252}
{"epoch": 88, "time_epoch": 23.85869, "eta": 264.38571, "eta_hours": 0.07344, "loss": 0.53138365, "lr": 3.511e-05, "params": 6759, "time_iter": 0.04642, "accuracy": 0.77118, "precision": 0.77495, "recall": 0.76744, "f1": 0.77118, "auc": 0.84379}
{"epoch": 89, "time_epoch": 23.72356, "eta": 240.31603, "eta_hours": 0.06675, "loss": 0.52583903, "lr": 2.956e-05, "params": 6759, "time_iter": 0.04615, "accuracy": 0.76631, "precision": 0.76038, "recall": 0.78101, "f1": 0.77055, "auc": 0.84517}
{"epoch": 90, "time_epoch": 23.70806, "eta": 216.25243, "eta_hours": 0.06007, "loss": 0.5356396, "lr": 2.447e-05, "params": 6759, "time_iter": 0.04612, "accuracy": 0.76728, "precision": 0.7584, "recall": 0.78779, "f1": 0.77281, "auc": 0.84045}
{"epoch": 91, "time_epoch": 23.91931, "eta": 192.21493, "eta_hours": 0.05339, "loss": 0.51674452, "lr": 1.985e-05, "params": 6759, "time_iter": 0.04654, "accuracy": 0.76826, "precision": 0.77202, "recall": 0.76453, "f1": 0.76826, "auc": 0.84829}
{"epoch": 92, "time_epoch": 23.93516, "eta": 168.18116, "eta_hours": 0.04672, "loss": 0.5286182, "lr": 1.571e-05, "params": 6759, "time_iter": 0.04657, "accuracy": 0.75609, "precision": 0.75407, "recall": 0.76357, "f1": 0.75879, "auc": 0.84111}
{"epoch": 93, "time_epoch": 23.86675, "eta": 144.14512, "eta_hours": 0.04004, "loss": 0.53256429, "lr": 1.204e-05, "params": 6759, "time_iter": 0.04643, "accuracy": 0.75755, "precision": 0.75922, "recall": 0.75775, "f1": 0.75849, "auc": 0.8394}
{"epoch": 94, "time_epoch": 23.82482, "eta": 120.11044, "eta_hours": 0.03336, "loss": 0.52936328, "lr": 8.86e-06, "params": 6759, "time_iter": 0.04635, "accuracy": 0.76095, "precision": 0.7564, "recall": 0.77326, "f1": 0.76473, "auc": 0.84222}
{"epoch": 95, "time_epoch": 23.89219, "eta": 96.08294, "eta_hours": 0.02669, "loss": 0.51798956, "lr": 6.16e-06, "params": 6759, "time_iter": 0.04648, "accuracy": 0.77167, "precision": 0.77041, "recall": 0.77713, "f1": 0.77376, "auc": 0.84714}
{"epoch": 96, "time_epoch": 23.83357, "eta": 72.05642, "eta_hours": 0.02002, "loss": 0.52157284, "lr": 3.94e-06, "params": 6759, "time_iter": 0.04637, "accuracy": 0.76047, "precision": 0.75281, "recall": 0.77907, "f1": 0.76571, "auc": 0.84441}
{"epoch": 97, "time_epoch": 23.84687, "eta": 48.0341, "eta_hours": 0.01334, "loss": 0.51591683, "lr": 2.22e-06, "params": 6759, "time_iter": 0.04639, "accuracy": 0.7702, "precision": 0.76515, "recall": 0.78295, "f1": 0.77395, "auc": 0.85059}
{"epoch": 98, "time_epoch": 23.88092, "eta": 24.01568, "eta_hours": 0.00667, "loss": 0.53046461, "lr": 9.9e-07, "params": 6759, "time_iter": 0.04646, "accuracy": 0.75803, "precision": 0.76303, "recall": 0.75194, "f1": 0.75744, "auc": 0.84105}
{"epoch": 99, "time_epoch": 23.79309, "eta": 0.0, "eta_hours": 0.0, "loss": 0.51591461, "lr": 2.5e-07, "params": 6759, "time_iter": 0.04629, "accuracy": 0.77653, "precision": 0.77312, "recall": 0.78585, "f1": 0.77943, "auc": 0.85165}
