{"epoch": 0, "time_epoch": 23.60324, "eta": 2336.72112, "eta_hours": 0.64909, "loss": 0.67438266, "lr": 0.001, "params": 6759, "time_iter": 0.18297, "accuracy": 0.59981, "precision": 0.61986, "recall": 0.52616, "f1": 0.56918, "auc": 0.64046}
{"epoch": 1, "time_epoch": 6.33112, "eta": 1466.78402, "eta_hours": 0.40744, "loss": 0.64262391, "lr": 0.00099975, "params": 6759, "time_iter": 0.04908, "accuracy": 0.64703, "precision": 0.64605, "recall": 0.65795, "f1": 0.65194, "auc": 0.68912}
{"epoch": 2, "time_epoch": 6.36296, "eta": 1173.61347, "eta_hours": 0.326, "loss": 0.62652675, "lr": 0.00099901, "params": 6759, "time_iter": 0.04933, "accuracy": 0.64606, "precision": 0.65545, "recall": 0.62306, "f1": 0.63885, "auc": 0.70563}
{"epoch": 3, "time_epoch": 6.08788, "eta": 1017.24499, "eta_hours": 0.28257, "loss": 0.62168182, "lr": 0.00099778, "params": 6759, "time_iter": 0.04719, "accuracy": 0.64557, "precision": 0.66205, "recall": 0.60174, "f1": 0.63046, "auc": 0.70792}
{"epoch": 4, "time_epoch": 6.07836, "eta": 920.80771, "eta_hours": 0.25578, "loss": 0.62116642, "lr": 0.00099606, "params": 6759, "time_iter": 0.04712, "accuracy": 0.648, "precision": 0.66524, "recall": 0.60271, "f1": 0.63244, "auc": 0.70811}
{"epoch": 5, "time_epoch": 6.40143, "eta": 859.55156, "eta_hours": 0.23876, "loss": 0.60823322, "lr": 0.00099384, "params": 6759, "time_iter": 0.04962, "accuracy": 0.66261, "precision": 0.67899, "recall": 0.62306, "f1": 0.64982, "auc": 0.72681}
{"epoch": 6, "time_epoch": 6.08379, "eta": 809.74818, "eta_hours": 0.22493, "loss": 0.60222531, "lr": 0.00099114, "params": 6759, "time_iter": 0.04716, "accuracy": 0.66943, "precision": 0.68797, "recall": 0.62597, "f1": 0.6555, "auc": 0.7324}
{"epoch": 7, "time_epoch": 5.85101, "eta": 768.1977, "eta_hours": 0.21339, "loss": 0.59706939, "lr": 0.00098796, "params": 6759, "time_iter": 0.04536, "accuracy": 0.66699, "precision": 0.67296, "recall": 0.65601, "f1": 0.66438, "auc": 0.73963}
{"epoch": 8, "time_epoch": 5.91103, "eta": 735.18727, "eta_hours": 0.20422, "loss": 0.59301627, "lr": 0.00098429, "params": 6759, "time_iter": 0.04582, "accuracy": 0.6777, "precision": 0.69639, "recall": 0.63566, "f1": 0.66464, "auc": 0.74413}
{"epoch": 9, "time_epoch": 6.51261, "eta": 713.01094, "eta_hours": 0.19806, "loss": 0.59398958, "lr": 0.00098015, "params": 6759, "time_iter": 0.05049, "accuracy": 0.67673, "precision": 0.69167, "recall": 0.64341, "f1": 0.66667, "auc": 0.7435}
{"epoch": 10, "time_epoch": 5.65148, "eta": 686.71525, "eta_hours": 0.19075, "loss": 0.58696841, "lr": 0.00097553, "params": 6759, "time_iter": 0.04381, "accuracy": 0.68208, "precision": 0.70575, "recall": 0.62984, "f1": 0.66564, "auc": 0.75182}
{"epoch": 11, "time_epoch": 6.52605, "eta": 670.27377, "eta_hours": 0.18619, "loss": 0.57486159, "lr": 0.00097044, "params": 6759, "time_iter": 0.05059, "accuracy": 0.69133, "precision": 0.70224, "recall": 0.66957, "f1": 0.68552, "auc": 0.7665}
{"epoch": 12, "time_epoch": 5.79539, "eta": 650.46795, "eta_hours": 0.18069, "loss": 0.57740958, "lr": 0.00096489, "params": 6759, "time_iter": 0.04493, "accuracy": 0.70107, "precision": 0.70611, "recall": 0.6938, "f1": 0.6999, "auc": 0.76554}
{"epoch": 13, "time_epoch": 6.05105, "eta": 634.23411, "eta_hours": 0.17618, "loss": 0.57305657, "lr": 0.00095888, "params": 6759, "time_iter": 0.04691, "accuracy": 0.69133, "precision": 0.6986, "recall": 0.67829, "f1": 0.6883, "auc": 0.76794}
{"epoch": 14, "time_epoch": 5.74358, "eta": 617.61566, "eta_hours": 0.17156, "loss": 0.55746958, "lr": 0.00095241, "params": 6759, "time_iter": 0.04452, "accuracy": 0.7113, "precision": 0.71668, "recall": 0.70349, "f1": 0.71002, "auc": 0.78282}
{"epoch": 15, "time_epoch": 6.0794, "eta": 604.11962, "eta_hours": 0.16781, "loss": 0.55891618, "lr": 0.0009455, "params": 6759, "time_iter": 0.04713, "accuracy": 0.70643, "precision": 0.70968, "recall": 0.70349, "f1": 0.70657, "auc": 0.78309}
{"epoch": 16, "time_epoch": 5.71315, "eta": 589.70794, "eta_hours": 0.16381, "loss": 0.55670165, "lr": 0.00093815, "params": 6759, "time_iter": 0.04429, "accuracy": 0.69864, "precision": 0.70186, "recall": 0.69574, "f1": 0.69878, "auc": 0.78571}
{"epoch": 17, "time_epoch": 6.3666, "eta": 579.2396, "eta_hours": 0.1609, "loss": 0.54873034, "lr": 0.00093037, "params": 6759, "time_iter": 0.04935, "accuracy": 0.7074, "precision": 0.71967, "recall": 0.68411, "f1": 0.70144, "auc": 0.78836}
{"epoch": 18, "time_epoch": 5.83885, "eta": 566.95315, "eta_hours": 0.15749, "loss": 0.55036204, "lr": 0.00092216, "params": 6759, "time_iter": 0.04526, "accuracy": 0.71373, "precision": 0.71512, "recall": 0.71512, "f1": 0.71512, "auc": 0.79173}
{"epoch": 19, "time_epoch": 5.92029, "eta": 555.6372, "eta_hours": 0.15434, "loss": 0.54974347, "lr": 0.00091354, "params": 6759, "time_iter": 0.04589, "accuracy": 0.71811, "precision": 0.72141, "recall": 0.71512, "f1": 0.71825, "auc": 0.7941}
{"epoch": 20, "time_epoch": 5.83464, "eta": 544.51293, "eta_hours": 0.15125, "loss": 0.55013832, "lr": 0.00090451, "params": 6759, "time_iter": 0.04523, "accuracy": 0.70497, "precision": 0.70247, "recall": 0.71609, "f1": 0.70921, "auc": 0.79074}
{"epoch": 21, "time_epoch": 6.66175, "eta": 536.802, "eta_hours": 0.14911, "loss": 0.55061084, "lr": 0.00089508, "params": 6759, "time_iter": 0.05164, "accuracy": 0.70935, "precision": 0.70774, "recall": 0.71802, "f1": 0.71284, "auc": 0.7922}
{"epoch": 22, "time_epoch": 6.75897, "eta": 529.50778, "eta_hours": 0.14709, "loss": 0.54363551, "lr": 0.00088526, "params": 6759, "time_iter": 0.0524, "accuracy": 0.72152, "precision": 0.72461, "recall": 0.71899, "f1": 0.72179, "auc": 0.79768}
{"epoch": 23, "time_epoch": 6.35985, "eta": 520.9943, "eta_hours": 0.14472, "loss": 0.54714102, "lr": 0.00087506, "params": 6759, "time_iter": 0.0493, "accuracy": 0.72152, "precision": 0.72031, "recall": 0.72868, "f1": 0.72447, "auc": 0.79791}
{"epoch": 24, "time_epoch": 6.19381, "eta": 512.15499, "eta_hours": 0.14227, "loss": 0.53893839, "lr": 0.00086448, "params": 6759, "time_iter": 0.04801, "accuracy": 0.72395, "precision": 0.71913, "recall": 0.73934, "f1": 0.7291, "auc": 0.80194}
{"epoch": 25, "time_epoch": 5.78816, "eta": 502.36461, "eta_hours": 0.13955, "loss": 0.53221803, "lr": 0.00085355, "params": 6759, "time_iter": 0.04487, "accuracy": 0.71665, "precision": 0.7176, "recall": 0.71899, "f1": 0.7183, "auc": 0.80728}
{"epoch": 26, "time_epoch": 6.00748, "eta": 493.46367, "eta_hours": 0.13707, "loss": 0.5457321, "lr": 0.00084227, "params": 6759, "time_iter": 0.04657, "accuracy": 0.72006, "precision": 0.72206, "recall": 0.71996, "f1": 0.72101, "auc": 0.79876}
{"epoch": 27, "time_epoch": 5.91581, "eta": 484.5337, "eta_hours": 0.13459, "loss": 0.54044549, "lr": 0.00083066, "params": 6759, "time_iter": 0.04586, "accuracy": 0.73223, "precision": 0.72398, "recall": 0.75484, "f1": 0.73909, "auc": 0.8042}
{"epoch": 28, "time_epoch": 6.62823, "eta": 477.55581, "eta_hours": 0.13265, "loss": 0.5396321, "lr": 0.00081871, "params": 6759, "time_iter": 0.05138, "accuracy": 0.73223, "precision": 0.73581, "recall": 0.72868, "f1": 0.73223, "auc": 0.80204}
{"epoch": 29, "time_epoch": 6.37094, "eta": 470.00088, "eta_hours": 0.13056, "loss": 0.53603253, "lr": 0.00080645, "params": 6759, "time_iter": 0.04939, "accuracy": 0.72395, "precision": 0.73414, "recall": 0.7064, "f1": 0.72, "auc": 0.80391}
{"epoch": 30, "time_epoch": 6.18832, "eta": 462.11587, "eta_hours": 0.12837, "loss": 0.53854206, "lr": 0.00079389, "params": 6759, "time_iter": 0.04797, "accuracy": 0.71081, "precision": 0.7024, "recall": 0.73643, "f1": 0.71902, "auc": 0.80175}
{"epoch": 31, "time_epoch": 6.4213, "eta": 454.83197, "eta_hours": 0.12634, "loss": 0.53337744, "lr": 0.00078104, "params": 6759, "time_iter": 0.04978, "accuracy": 0.72055, "precision": 0.72062, "recall": 0.72481, "f1": 0.72271, "auc": 0.80641}
{"epoch": 32, "time_epoch": 6.90803, "eta": 448.58856, "eta_hours": 0.12461, "loss": 0.53444395, "lr": 0.00076791, "params": 6759, "time_iter": 0.05355, "accuracy": 0.73564, "precision": 0.73623, "recall": 0.73837, "f1": 0.7373, "auc": 0.80826}
{"epoch": 33, "time_epoch": 5.96112, "eta": 440.46793, "eta_hours": 0.12235, "loss": 0.54039066, "lr": 0.00075452, "params": 6759, "time_iter": 0.04621, "accuracy": 0.7332, "precision": 0.73587, "recall": 0.73159, "f1": 0.73372, "auc": 0.80411}
{"epoch": 34, "time_epoch": 5.87808, "eta": 432.31649, "eta_hours": 0.12009, "loss": 0.54157542, "lr": 0.00074088, "params": 6759, "time_iter": 0.04557, "accuracy": 0.72639, "precision": 0.72683, "recall": 0.72965, "f1": 0.72824, "auc": 0.79986}
{"epoch": 35, "time_epoch": 6.07456, "eta": 424.64064, "eta_hours": 0.11796, "loss": 0.53615374, "lr": 0.000727, "params": 6759, "time_iter": 0.04709, "accuracy": 0.71957, "precision": 0.7205, "recall": 0.7219, "f1": 0.7212, "auc": 0.80284}
{"epoch": 36, "time_epoch": 11.47444, "eta": 426.24573, "eta_hours": 0.1184, "loss": 0.53131564, "lr": 0.00071289, "params": 6759, "time_iter": 0.08895, "accuracy": 0.72639, "precision": 0.72683, "recall": 0.72965, "f1": 0.72824, "auc": 0.8075}
{"epoch": 37, "time_epoch": 11.173, "eta": 426.67062, "eta_hours": 0.11852, "loss": 0.5306869, "lr": 0.00069857, "params": 6759, "time_iter": 0.08661, "accuracy": 0.73369, "precision": 0.73892, "recall": 0.72674, "f1": 0.73278, "auc": 0.80976}
{"epoch": 38, "time_epoch": 10.84257, "eta": 425.98391, "eta_hours": 0.11833, "loss": 0.5260667, "lr": 0.00068406, "params": 6759, "time_iter": 0.08405, "accuracy": 0.7332, "precision": 0.73136, "recall": 0.74128, "f1": 0.73628, "auc": 0.813}
{"epoch": 39, "time_epoch": 12.26862, "eta": 426.92848, "eta_hours": 0.11859, "loss": 0.53293685, "lr": 0.00066937, "params": 6759, "time_iter": 0.09511, "accuracy": 0.72833, "precision": 0.73145, "recall": 0.72578, "f1": 0.7286, "auc": 0.80981}
{"epoch": 40, "time_epoch": 11.64019, "eta": 426.32419, "eta_hours": 0.11842, "loss": 0.53423831, "lr": 0.00065451, "params": 6759, "time_iter": 0.09023, "accuracy": 0.73126, "precision": 0.73301, "recall": 0.73159, "f1": 0.7323, "auc": 0.809}
{"epoch": 41, "time_epoch": 11.96298, "eta": 425.64012, "eta_hours": 0.11823, "loss": 0.52835688, "lr": 0.0006395, "params": 6759, "time_iter": 0.09274, "accuracy": 0.73126, "precision": 0.73483, "recall": 0.72771, "f1": 0.73126, "auc": 0.81358}
{"epoch": 42, "time_epoch": 14.0853, "eta": 427.24478, "eta_hours": 0.11868, "loss": 0.51460913, "lr": 0.00062434, "params": 6759, "time_iter": 0.10919, "accuracy": 0.74489, "precision": 0.73049, "recall": 0.78004, "f1": 0.75445, "auc": 0.8242}
{"epoch": 43, "time_epoch": 12.91703, "eta": 426.64935, "eta_hours": 0.11851, "loss": 0.53158603, "lr": 0.00060907, "params": 6759, "time_iter": 0.10013, "accuracy": 0.7371, "precision": 0.74023, "recall": 0.7345, "f1": 0.73735, "auc": 0.81098}
{"epoch": 44, "time_epoch": 10.99144, "eta": 423.15281, "eta_hours": 0.11754, "loss": 0.5235581, "lr": 0.00059369, "params": 6759, "time_iter": 0.0852, "accuracy": 0.74002, "precision": 0.73714, "recall": 0.75, "f1": 0.74352, "auc": 0.81693}
{"epoch": 45, "time_epoch": 12.65073, "eta": 421.27826, "eta_hours": 0.11702, "loss": 0.5277401, "lr": 0.00057822, "params": 6759, "time_iter": 0.09807, "accuracy": 0.74197, "precision": 0.73859, "recall": 0.75291, "f1": 0.74568, "auc": 0.81395}
{"epoch": 46, "time_epoch": 11.99862, "eta": 418.20979, "eta_hours": 0.11617, "loss": 0.51966352, "lr": 0.00056267, "params": 6759, "time_iter": 0.09301, "accuracy": 0.73369, "precision": 0.73845, "recall": 0.72771, "f1": 0.73304, "auc": 0.81952}
{"epoch": 47, "time_epoch": 9.95918, "eta": 412.55984, "eta_hours": 0.1146, "loss": 0.52713616, "lr": 0.00054705, "params": 6759, "time_iter": 0.0772, "accuracy": 0.73612, "precision": 0.73786, "recall": 0.73643, "f1": 0.73715, "auc": 0.81456}
{"epoch": 48, "time_epoch": 8.75098, "eta": 405.47648, "eta_hours": 0.11263, "loss": 0.52637071, "lr": 0.0005314, "params": 6759, "time_iter": 0.06784, "accuracy": 0.72639, "precision": 0.7217, "recall": 0.74128, "f1": 0.73136, "auc": 0.8139}
{"epoch": 49, "time_epoch": 10.9751, "eta": 400.55055, "eta_hours": 0.11126, "loss": 0.52492051, "lr": 0.00051571, "params": 6759, "time_iter": 0.08508, "accuracy": 0.7332, "precision": 0.73048, "recall": 0.74322, "f1": 0.73679, "auc": 0.81666}
{"epoch": 50, "time_epoch": 10.99353, "eta": 395.40509, "eta_hours": 0.10983, "loss": 0.52747843, "lr": 0.0005, "params": 6759, "time_iter": 0.08522, "accuracy": 0.72639, "precision": 0.73176, "recall": 0.71899, "f1": 0.72532, "auc": 0.81039}
{"epoch": 51, "time_epoch": 11.75495, "eta": 390.73756, "eta_hours": 0.10854, "loss": 0.51926756, "lr": 0.00048429, "params": 6759, "time_iter": 0.09112, "accuracy": 0.72882, "precision": 0.72598, "recall": 0.73934, "f1": 0.7326, "auc": 0.82131}
{"epoch": 52, "time_epoch": 11.72798, "eta": 385.77866, "eta_hours": 0.10716, "loss": 0.52196955, "lr": 0.0004686, "params": 6759, "time_iter": 0.09091, "accuracy": 0.7298, "precision": 0.73088, "recall": 0.73159, "f1": 0.73123, "auc": 0.81612}
{"epoch": 53, "time_epoch": 11.87777, "eta": 380.69666, "eta_hours": 0.10575, "loss": 0.52504683, "lr": 0.00045295, "params": 6759, "time_iter": 0.09208, "accuracy": 0.74099, "precision": 0.73674, "recall": 0.75388, "f1": 0.74521, "auc": 0.81641}
{"epoch": 54, "time_epoch": 11.28788, "eta": 374.88489, "eta_hours": 0.10413, "loss": 0.51708366, "lr": 0.00043733, "params": 6759, "time_iter": 0.0875, "accuracy": 0.74537, "precision": 0.73987, "recall": 0.76066, "f1": 0.75012, "auc": 0.82129}
{"epoch": 55, "time_epoch": 12.38032, "eta": 369.7359, "eta_hours": 0.1027, "loss": 0.52239464, "lr": 0.00042178, "params": 6759, "time_iter": 0.09597, "accuracy": 0.74245, "precision": 0.74159, "recall": 0.74806, "f1": 0.74481, "auc": 0.82043}
{"epoch": 56, "time_epoch": 8.84057, "eta": 361.66284, "eta_hours": 0.10046, "loss": 0.51743206, "lr": 0.00040631, "params": 6759, "time_iter": 0.06853, "accuracy": 0.74732, "precision": 0.74831, "recall": 0.74903, "f1": 0.74867, "auc": 0.82072}
{"epoch": 57, "time_epoch": 11.59959, "eta": 355.56123, "eta_hours": 0.09877, "loss": 0.51834362, "lr": 0.00039093, "params": 6759, "time_iter": 0.08992, "accuracy": 0.7444, "precision": 0.74258, "recall": 0.75194, "f1": 0.74723, "auc": 0.82029}
{"epoch": 58, "time_epoch": 12.21065, "eta": 349.69788, "eta_hours": 0.09714, "loss": 0.51020824, "lr": 0.00037566, "params": 6759, "time_iter": 0.09466, "accuracy": 0.74586, "precision": 0.74379, "recall": 0.75388, "f1": 0.7488, "auc": 0.82935}
{"epoch": 59, "time_epoch": 11.52508, "eta": 343.16591, "eta_hours": 0.09532, "loss": 0.51634998, "lr": 0.0003605, "params": 6759, "time_iter": 0.08934, "accuracy": 0.73953, "precision": 0.73599, "recall": 0.75097, "f1": 0.74341, "auc": 0.8207}
{"epoch": 60, "time_epoch": 12.54164, "eta": 337.12015, "eta_hours": 0.09364, "loss": 0.51713756, "lr": 0.00034549, "params": 6759, "time_iter": 0.09722, "accuracy": 0.74781, "precision": 0.75803, "recall": 0.73159, "f1": 0.74458, "auc": 0.82429}
{"epoch": 61, "time_epoch": 11.2998, "eta": 330.10373, "eta_hours": 0.0917, "loss": 0.52582284, "lr": 0.00033063, "params": 6759, "time_iter": 0.0876, "accuracy": 0.73905, "precision": 0.73396, "recall": 0.75388, "f1": 0.74379, "auc": 0.81702}
{"epoch": 62, "time_epoch": 12.44394, "eta": 323.62328, "eta_hours": 0.0899, "loss": 0.51337896, "lr": 0.00031594, "params": 6759, "time_iter": 0.09646, "accuracy": 0.7444, "precision": 0.74446, "recall": 0.74806, "f1": 0.74625, "auc": 0.8255}
{"epoch": 63, "time_epoch": 12.56801, "eta": 317.02626, "eta_hours": 0.08806, "loss": 0.51710243, "lr": 0.00030143, "params": 6759, "time_iter": 0.09743, "accuracy": 0.73661, "precision": 0.7414, "recall": 0.73062, "f1": 0.73597, "auc": 0.82337}
{"epoch": 64, "time_epoch": 11.09126, "eta": 309.45034, "eta_hours": 0.08596, "loss": 0.51231404, "lr": 0.00028711, "params": 6759, "time_iter": 0.08598, "accuracy": 0.74684, "precision": 0.74663, "recall": 0.75097, "f1": 0.74879, "auc": 0.82575}
{"epoch": 65, "time_epoch": 10.19033, "eta": 301.30379, "eta_hours": 0.0837, "loss": 0.51033762, "lr": 0.000273, "params": 6759, "time_iter": 0.07899, "accuracy": 0.74878, "precision": 0.75245, "recall": 0.74516, "f1": 0.74878, "auc": 0.82686}
{"epoch": 66, "time_epoch": 11.58986, "eta": 293.78555, "eta_hours": 0.08161, "loss": 0.5017968, "lr": 0.00025912, "params": 6759, "time_iter": 0.08984, "accuracy": 0.74976, "precision": 0.75244, "recall": 0.74806, "f1": 0.75024, "auc": 0.8343}
{"epoch": 67, "time_epoch": 10.72545, "eta": 285.74077, "eta_hours": 0.07937, "loss": 0.50772416, "lr": 0.00024548, "params": 6759, "time_iter": 0.08314, "accuracy": 0.75024, "precision": 0.74504, "recall": 0.76453, "f1": 0.75466, "auc": 0.82984}
{"epoch": 68, "time_epoch": 13.52132, "eta": 278.87441, "eta_hours": 0.07747, "loss": 0.51207175, "lr": 0.00023209, "params": 6759, "time_iter": 0.10482, "accuracy": 0.7444, "precision": 0.74074, "recall": 0.75581, "f1": 0.7482, "auc": 0.82674}
{"epoch": 69, "time_epoch": 11.98837, "eta": 271.16093, "eta_hours": 0.07532, "loss": 0.51415395, "lr": 0.00021896, "params": 6759, "time_iter": 0.09293, "accuracy": 0.74684, "precision": 0.74568, "recall": 0.75291, "f1": 0.74928, "auc": 0.82722}
{"epoch": 70, "time_epoch": 9.05132, "eta": 262.12739, "eta_hours": 0.07281, "loss": 0.49752449, "lr": 0.00020611, "params": 6759, "time_iter": 0.07017, "accuracy": 0.75463, "precision": 0.75336, "recall": 0.76066, "f1": 0.75699, "auc": 0.83781}
{"epoch": 71, "time_epoch": 11.5432, "eta": 254.06242, "eta_hours": 0.07057, "loss": 0.51177894, "lr": 0.00019355, "params": 6759, "time_iter": 0.08948, "accuracy": 0.74537, "precision": 0.74878, "recall": 0.74225, "f1": 0.7455, "auc": 0.82656}
{"epoch": 72, "time_epoch": 12.86603, "eta": 246.39142, "eta_hours": 0.06844, "loss": 0.50241086, "lr": 0.00018129, "params": 6759, "time_iter": 0.09974, "accuracy": 0.75657, "precision": 0.75479, "recall": 0.76357, "f1": 0.75915, "auc": 0.83434}
{"epoch": 73, "time_epoch": 9.94709, "eta": 237.55444, "eta_hours": 0.06599, "loss": 0.50805053, "lr": 0.00016934, "params": 6759, "time_iter": 0.07711, "accuracy": 0.7483, "precision": 0.74043, "recall": 0.76841, "f1": 0.75416, "auc": 0.82818}
{"epoch": 74, "time_epoch": 10.2215, "eta": 228.77932, "eta_hours": 0.06355, "loss": 0.50679075, "lr": 0.00015773, "params": 6759, "time_iter": 0.07924, "accuracy": 0.74878, "precision": 0.75697, "recall": 0.73643, "f1": 0.74656, "auc": 0.83138}
{"epoch": 75, "time_epoch": 10.35158, "eta": 220.00723, "eta_hours": 0.06111, "loss": 0.50727001, "lr": 0.00014645, "params": 6759, "time_iter": 0.08024, "accuracy": 0.75463, "precision": 0.74627, "recall": 0.77519, "f1": 0.76046, "auc": 0.83107}
{"epoch": 76, "time_epoch": 11.36534, "eta": 211.49692, "eta_hours": 0.05875, "loss": 0.51581312, "lr": 0.00013552, "params": 6759, "time_iter": 0.0881, "accuracy": 0.75414, "precision": 0.74976, "recall": 0.76647, "f1": 0.75803, "auc": 0.82402}
{"epoch": 77, "time_epoch": 9.02433, "eta": 202.25311, "eta_hours": 0.05618, "loss": 0.50283442, "lr": 0.00012494, "params": 6759, "time_iter": 0.06996, "accuracy": 0.74976, "precision": 0.75146, "recall": 0.75, "f1": 0.75073, "auc": 0.83268}
{"epoch": 78, "time_epoch": 10.94738, "eta": 193.52606, "eta_hours": 0.05376, "loss": 0.51015566, "lr": 0.00011474, "params": 6759, "time_iter": 0.08486, "accuracy": 0.75365, "precision": 0.74579, "recall": 0.77326, "f1": 0.75928, "auc": 0.8303}
{"epoch": 79, "time_epoch": 10.7594, "eta": 184.6965, "eta_hours": 0.0513, "loss": 0.50517455, "lr": 0.00010492, "params": 6759, "time_iter": 0.08341, "accuracy": 0.75122, "precision": 0.74976, "recall": 0.75775, "f1": 0.75373, "auc": 0.83233}
{"epoch": 80, "time_epoch": 11.79907, "eta": 176.06316, "eta_hours": 0.04891, "loss": 0.49865589, "lr": 9.549e-05, "params": 6759, "time_iter": 0.09147, "accuracy": 0.74927, "precision": 0.74502, "recall": 0.76163, "f1": 0.75323, "auc": 0.83809}
{"epoch": 81, "time_epoch": 11.22743, "eta": 167.22713, "eta_hours": 0.04645, "loss": 0.51613331, "lr": 8.646e-05, "params": 6759, "time_iter": 0.08703, "accuracy": 0.74245, "precision": 0.74206, "recall": 0.74709, "f1": 0.74457, "auc": 0.82461}
{"epoch": 82, "time_epoch": 11.1989, "eta": 158.32764, "eta_hours": 0.04398, "loss": 0.51227694, "lr": 7.784e-05, "params": 6759, "time_iter": 0.08681, "accuracy": 0.74489, "precision": 0.74237, "recall": 0.75388, "f1": 0.74808, "auc": 0.82638}
{"epoch": 83, "time_epoch": 10.80645, "eta": 149.29864, "eta_hours": 0.04147, "loss": 0.50488687, "lr": 6.963e-05, "params": 6759, "time_iter": 0.08377, "accuracy": 0.75316, "precision": 0.74788, "recall": 0.76744, "f1": 0.75753, "auc": 0.83096}
{"epoch": 84, "time_epoch": 10.57182, "eta": 140.18641, "eta_hours": 0.03894, "loss": 0.49751808, "lr": 6.185e-05, "params": 6759, "time_iter": 0.08195, "accuracy": 0.76095, "precision": 0.76035, "recall": 0.7655, "f1": 0.76292, "auc": 0.83852}
{"epoch": 85, "time_epoch": 11.75406, "eta": 131.2327, "eta_hours": 0.03645, "loss": 0.50254992, "lr": 5.45e-05, "params": 6759, "time_iter": 0.09112, "accuracy": 0.74927, "precision": 0.73957, "recall": 0.77326, "f1": 0.75604, "auc": 0.83289}
{"epoch": 86, "time_epoch": 12.30242, "eta": 122.29655, "eta_hours": 0.03397, "loss": 0.49739183, "lr": 4.759e-05, "params": 6759, "time_iter": 0.09537, "accuracy": 0.74732, "precision": 0.74499, "recall": 0.75581, "f1": 0.75036, "auc": 0.83665}
{"epoch": 87, "time_epoch": 10.83062, "eta": 113.08319, "eta_hours": 0.03141, "loss": 0.50540135, "lr": 4.112e-05, "params": 6759, "time_iter": 0.08396, "accuracy": 0.75122, "precision": 0.74692, "recall": 0.76357, "f1": 0.75515, "auc": 0.83319}
{"epoch": 88, "time_epoch": 11.07652, "eta": 103.86389, "eta_hours": 0.02885, "loss": 0.5050104, "lr": 3.511e-05, "params": 6759, "time_iter": 0.08586, "accuracy": 0.75073, "precision": 0.74575, "recall": 0.76453, "f1": 0.75502, "auc": 0.83231}
{"epoch": 89, "time_epoch": 13.07137, "eta": 94.82496, "eta_hours": 0.02634, "loss": 0.50967462, "lr": 2.956e-05, "params": 6759, "time_iter": 0.10133, "accuracy": 0.74927, "precision": 0.7441, "recall": 0.76357, "f1": 0.75371, "auc": 0.82792}
{"epoch": 90, "time_epoch": 11.39229, "eta": 85.53134, "eta_hours": 0.02376, "loss": 0.50644704, "lr": 2.447e-05, "params": 6759, "time_iter": 0.08831, "accuracy": 0.74878, "precision": 0.73757, "recall": 0.77616, "f1": 0.75637, "auc": 0.83067}
{"epoch": 91, "time_epoch": 10.4516, "eta": 76.11031, "eta_hours": 0.02114, "loss": 0.50182875, "lr": 1.985e-05, "params": 6759, "time_iter": 0.08102, "accuracy": 0.74051, "precision": 0.73605, "recall": 0.75388, "f1": 0.74485, "auc": 0.83092}
{"epoch": 92, "time_epoch": 11.65742, "eta": 66.75787, "eta_hours": 0.01854, "loss": 0.50334045, "lr": 1.571e-05, "params": 6759, "time_iter": 0.09037, "accuracy": 0.7556, "precision": 0.75678, "recall": 0.75678, "f1": 0.75678, "auc": 0.83451}
{"epoch": 93, "time_epoch": 10.65967, "eta": 57.2927, "eta_hours": 0.01591, "loss": 0.50066705, "lr": 1.204e-05, "params": 6759, "time_iter": 0.08263, "accuracy": 0.75706, "precision": 0.756, "recall": 0.7626, "f1": 0.75929, "auc": 0.83601}
{"epoch": 94, "time_epoch": 11.67894, "eta": 47.85603, "eta_hours": 0.01329, "loss": 0.49702357, "lr": 8.86e-06, "params": 6759, "time_iter": 0.09053, "accuracy": 0.76485, "precision": 0.76625, "recall": 0.7655, "f1": 0.76587, "auc": 0.83928}
{"epoch": 95, "time_epoch": 11.09673, "eta": 38.34839, "eta_hours": 0.01065, "loss": 0.50388547, "lr": 6.16e-06, "params": 6759, "time_iter": 0.08602, "accuracy": 0.7517, "precision": 0.74905, "recall": 0.76066, "f1": 0.75481, "auc": 0.83286}
{"epoch": 96, "time_epoch": 11.71197, "eta": 28.82701, "eta_hours": 0.00801, "loss": 0.50651717, "lr": 3.94e-06, "params": 6759, "time_iter": 0.09079, "accuracy": 0.75268, "precision": 0.74858, "recall": 0.76453, "f1": 0.75647, "auc": 0.8301}
{"epoch": 97, "time_epoch": 11.82293, "eta": 19.26319, "eta_hours": 0.00535, "loss": 0.50892395, "lr": 2.22e-06, "params": 6759, "time_iter": 0.09165, "accuracy": 0.75122, "precision": 0.75365, "recall": 0.75, "f1": 0.75182, "auc": 0.83038}
{"epoch": 98, "time_epoch": 8.83955, "eta": 9.62359, "eta_hours": 0.00267, "loss": 0.49781802, "lr": 9.9e-07, "params": 6759, "time_iter": 0.06852, "accuracy": 0.75901, "precision": 0.75892, "recall": 0.7626, "f1": 0.76075, "auc": 0.83719}
{"epoch": 99, "time_epoch": 11.13716, "eta": 0.0, "eta_hours": 0.0, "loss": 0.49878309, "lr": 2.5e-07, "params": 6759, "time_iter": 0.08633, "accuracy": 0.75024, "precision": 0.74833, "recall": 0.75775, "f1": 0.75301, "auc": 0.8354}
