{"epoch": 0, "time_epoch": 22.47887, "eta": 2225.4085, "eta_hours": 0.61817, "loss": 0.68533368, "lr": 0.001, "params": 6697, "time_iter": 0.15292, "accuracy": 0.53231, "precision": 0.4598, "recall": 0.75309, "f1": 0.57098, "auc": 0.60553}
{"epoch": 1, "time_epoch": 9.6051, "eta": 1572.11495, "eta_hours": 0.4367, "loss": 0.62459462, "lr": 0.00099975, "params": 6697, "time_iter": 0.06534, "accuracy": 0.66837, "precision": 0.66667, "recall": 0.39506, "f1": 0.49612, "auc": 0.68541}
{"epoch": 2, "time_epoch": 9.58843, "eta": 1347.40775, "eta_hours": 0.37428, "loss": 0.60039626, "lr": 0.00099901, "params": 6697, "time_iter": 0.06523, "accuracy": 0.69728, "precision": 0.73381, "recall": 0.41975, "f1": 0.53403, "auc": 0.71857}
{"epoch": 3, "time_epoch": 9.59845, "eta": 1230.50059, "eta_hours": 0.34181, "loss": 0.58017915, "lr": 0.00099778, "params": 6697, "time_iter": 0.0653, "accuracy": 0.72449, "precision": 0.72881, "recall": 0.53086, "f1": 0.61429, "auc": 0.75928}
{"epoch": 4, "time_epoch": 9.57846, "eta": 1156.13707, "eta_hours": 0.32115, "loss": 0.57346201, "lr": 0.00099606, "params": 6697, "time_iter": 0.06516, "accuracy": 0.71769, "precision": 0.72515, "recall": 0.51029, "f1": 0.59903, "auc": 0.76664}
{"epoch": 5, "time_epoch": 9.55556, "eta": 1103.00975, "eta_hours": 0.30639, "loss": 0.56324254, "lr": 0.00099384, "params": 6697, "time_iter": 0.065, "accuracy": 0.72619, "precision": 0.72778, "recall": 0.53909, "f1": 0.61939, "auc": 0.77142}
{"epoch": 6, "time_epoch": 9.50226, "eta": 1061.62338, "eta_hours": 0.2949, "loss": 0.59285775, "lr": 0.00099114, "params": 6697, "time_iter": 0.06464, "accuracy": 0.7381, "precision": 0.74586, "recall": 0.55556, "f1": 0.63679, "auc": 0.76329}
{"epoch": 7, "time_epoch": 9.52608, "eta": 1028.48198, "eta_hours": 0.28569, "loss": 0.56787173, "lr": 0.00098796, "params": 6697, "time_iter": 0.0648, "accuracy": 0.71429, "precision": 0.7193, "recall": 0.50617, "f1": 0.5942, "auc": 0.76938}
{"epoch": 8, "time_epoch": 9.48539, "eta": 1000.17701, "eta_hours": 0.27783, "loss": 0.58171467, "lr": 0.00098429, "params": 6697, "time_iter": 0.06453, "accuracy": 0.72959, "precision": 0.72105, "recall": 0.56379, "f1": 0.63279, "auc": 0.7645}
{"epoch": 9, "time_epoch": 9.49622, "eta": 975.73339, "eta_hours": 0.27104, "loss": 0.60154189, "lr": 0.00098015, "params": 6697, "time_iter": 0.0646, "accuracy": 0.73639, "precision": 0.74719, "recall": 0.54733, "f1": 0.63183, "auc": 0.73895}
{"epoch": 10, "time_epoch": 9.52987, "eta": 954.27976, "eta_hours": 0.26508, "loss": 0.55196386, "lr": 0.00097553, "params": 6697, "time_iter": 0.06483, "accuracy": 0.73299, "precision": 0.72165, "recall": 0.57613, "f1": 0.64073, "auc": 0.7857}
{"epoch": 11, "time_epoch": 9.5118, "eta": 934.68093, "eta_hours": 0.25963, "loss": 0.56953665, "lr": 0.00097044, "params": 6697, "time_iter": 0.06471, "accuracy": 0.73299, "precision": 0.74713, "recall": 0.53498, "f1": 0.6235, "auc": 0.77351}
{"epoch": 12, "time_epoch": 9.58777, "eta": 917.14238, "eta_hours": 0.25476, "loss": 0.57558254, "lr": 0.00096489, "params": 6697, "time_iter": 0.06522, "accuracy": 0.7432, "precision": 0.75, "recall": 0.5679, "f1": 0.64637, "auc": 0.7818}
{"epoch": 13, "time_epoch": 9.49072, "eta": 900.1435, "eta_hours": 0.25004, "loss": 0.55797019, "lr": 0.00095888, "params": 6697, "time_iter": 0.06456, "accuracy": 0.72619, "precision": 0.73295, "recall": 0.53086, "f1": 0.61575, "auc": 0.7779}
{"epoch": 14, "time_epoch": 9.52984, "eta": 884.36736, "eta_hours": 0.24566, "loss": 0.57170923, "lr": 0.00095241, "params": 6697, "time_iter": 0.06483, "accuracy": 0.72449, "precision": 0.70984, "recall": 0.56379, "f1": 0.62844, "auc": 0.77695}
{"epoch": 15, "time_epoch": 9.54128, "eta": 869.43205, "eta_hours": 0.24151, "loss": 0.54951766, "lr": 0.0009455, "params": 6697, "time_iter": 0.06491, "accuracy": 0.7398, "precision": 0.73438, "recall": 0.58025, "f1": 0.64828, "auc": 0.78937}
{"epoch": 16, "time_epoch": 9.53443, "eta": 855.09788, "eta_hours": 0.23753, "loss": 0.55715473, "lr": 0.00093815, "params": 6697, "time_iter": 0.06486, "accuracy": 0.72619, "precision": 0.72527, "recall": 0.54321, "f1": 0.62118, "auc": 0.79295}
{"epoch": 17, "time_epoch": 9.52028, "eta": 841.23256, "eta_hours": 0.23368, "loss": 0.56174525, "lr": 0.00093037, "params": 6697, "time_iter": 0.06476, "accuracy": 0.72619, "precision": 0.72283, "recall": 0.54733, "f1": 0.62295, "auc": 0.78159}
{"epoch": 18, "time_epoch": 9.52965, "eta": 827.86456, "eta_hours": 0.22996, "loss": 0.56115998, "lr": 0.00092216, "params": 6697, "time_iter": 0.06483, "accuracy": 0.7398, "precision": 0.725, "recall": 0.59671, "f1": 0.65463, "auc": 0.783}
{"epoch": 19, "time_epoch": 9.54479, "eta": 814.94098, "eta_hours": 0.22637, "loss": 0.5514793, "lr": 0.00091354, "params": 6697, "time_iter": 0.06493, "accuracy": 0.73639, "precision": 0.72449, "recall": 0.58436, "f1": 0.64692, "auc": 0.7842}
{"epoch": 20, "time_epoch": 9.56952, "eta": 802.43221, "eta_hours": 0.2229, "loss": 0.56091886, "lr": 0.00090451, "params": 6697, "time_iter": 0.0651, "accuracy": 0.7517, "precision": 0.76503, "recall": 0.57613, "f1": 0.65728, "auc": 0.78192}
{"epoch": 21, "time_epoch": 9.39093, "eta": 789.55745, "eta_hours": 0.21932, "loss": 0.55037049, "lr": 0.00089508, "params": 6697, "time_iter": 0.06388, "accuracy": 0.72959, "precision": 0.73077, "recall": 0.54733, "f1": 0.62588, "auc": 0.78851}
{"epoch": 22, "time_epoch": 9.43587, "eta": 777.1361, "eta_hours": 0.21587, "loss": 0.56207251, "lr": 0.00088526, "params": 6697, "time_iter": 0.06419, "accuracy": 0.7534, "precision": 0.7663, "recall": 0.58025, "f1": 0.66042, "auc": 0.78019}
{"epoch": 23, "time_epoch": 9.43303, "eta": 764.95456, "eta_hours": 0.21249, "loss": 0.51478222, "lr": 0.00087506, "params": 6697, "time_iter": 0.06417, "accuracy": 0.77551, "precision": 0.77612, "recall": 0.64198, "f1": 0.7027, "auc": 0.82002}
{"epoch": 24, "time_epoch": 9.98627, "eta": 754.65261, "eta_hours": 0.20963, "loss": 0.55064854, "lr": 0.00086448, "params": 6697, "time_iter": 0.06793, "accuracy": 0.7517, "precision": 0.74372, "recall": 0.60905, "f1": 0.66968, "auc": 0.80074}
{"epoch": 25, "time_epoch": 20.01037, "eta": 772.90508, "eta_hours": 0.2147, "loss": 0.55620394, "lr": 0.00085355, "params": 6697, "time_iter": 0.13612, "accuracy": 0.7551, "precision": 0.75916, "recall": 0.59671, "f1": 0.6682, "auc": 0.80183}
{"epoch": 26, "time_epoch": 25.25779, "eta": 802.51072, "eta_hours": 0.22292, "loss": 0.54452702, "lr": 0.00084227, "params": 6697, "time_iter": 0.17182, "accuracy": 0.7398, "precision": 0.725, "recall": 0.59671, "f1": 0.65463, "auc": 0.79481}
{"epoch": 27, "time_epoch": 24.97277, "eta": 827.46464, "eta_hours": 0.22985, "loss": 0.55263575, "lr": 0.00083066, "params": 6697, "time_iter": 0.16988, "accuracy": 0.75, "precision": 0.75532, "recall": 0.58436, "f1": 0.65893, "auc": 0.79251}
{"epoch": 28, "time_epoch": 23.54809, "eta": 845.48732, "eta_hours": 0.23486, "loss": 0.56438189, "lr": 0.00081871, "params": 6697, "time_iter": 0.16019, "accuracy": 0.7483, "precision": 0.75956, "recall": 0.57202, "f1": 0.65258, "auc": 0.78435}
{"epoch": 29, "time_epoch": 9.89657, "eta": 828.88507, "eta_hours": 0.23025, "loss": 0.52659184, "lr": 0.00080645, "params": 6697, "time_iter": 0.06732, "accuracy": 0.7551, "precision": 0.75127, "recall": 0.60905, "f1": 0.67273, "auc": 0.81305}
{"epoch": 30, "time_epoch": 9.7298, "eta": 812.34424, "eta_hours": 0.22565, "loss": 0.5559218, "lr": 0.00079389, "params": 6697, "time_iter": 0.06619, "accuracy": 0.7517, "precision": 0.73659, "recall": 0.6214, "f1": 0.67411, "auc": 0.79987}
{"epoch": 31, "time_epoch": 9.46992, "eta": 795.67688, "eta_hours": 0.22102, "loss": 0.52390462, "lr": 0.00078104, "params": 6697, "time_iter": 0.06442, "accuracy": 0.7449, "precision": 0.74346, "recall": 0.58436, "f1": 0.65438, "auc": 0.81988}
{"epoch": 32, "time_epoch": 10.24206, "eta": 781.0134, "eta_hours": 0.21695, "loss": 0.54935811, "lr": 0.00076791, "params": 6697, "time_iter": 0.06967, "accuracy": 0.7483, "precision": 0.74112, "recall": 0.60082, "f1": 0.66364, "auc": 0.80404}
{"epoch": 33, "time_epoch": 9.49345, "eta": 765.15681, "eta_hours": 0.21254, "loss": 0.50263288, "lr": 0.00075452, "params": 6697, "time_iter": 0.06458, "accuracy": 0.7602, "precision": 0.75, "recall": 0.62963, "f1": 0.68456, "auc": 0.82551}
{"epoch": 34, "time_epoch": 9.9505, "eta": 750.51263, "eta_hours": 0.20848, "loss": 0.54812534, "lr": 0.00074088, "params": 6697, "time_iter": 0.06769, "accuracy": 0.7466, "precision": 0.74479, "recall": 0.58848, "f1": 0.65747, "auc": 0.80606}
{"epoch": 35, "time_epoch": 9.55593, "eta": 735.42777, "eta_hours": 0.20429, "loss": 0.5437533, "lr": 0.000727, "params": 6697, "time_iter": 0.06501, "accuracy": 0.76531, "precision": 0.75362, "recall": 0.64198, "f1": 0.69333, "auc": 0.81802}
{"epoch": 36, "time_epoch": 9.50163, "eta": 720.54931, "eta_hours": 0.20015, "loss": 0.52377415, "lr": 0.00071289, "params": 6697, "time_iter": 0.06464, "accuracy": 0.7619, "precision": 0.7754, "recall": 0.59671, "f1": 0.67442, "auc": 0.81967}
{"epoch": 37, "time_epoch": 9.53791, "eta": 706.01303, "eta_hours": 0.19611, "loss": 0.58007237, "lr": 0.00069857, "params": 6697, "time_iter": 0.06488, "accuracy": 0.73639, "precision": 0.74176, "recall": 0.55556, "f1": 0.63529, "auc": 0.78801}
{"epoch": 38, "time_epoch": 9.73333, "eta": 692.03873, "eta_hours": 0.19223, "loss": 0.51420009, "lr": 0.00068406, "params": 6697, "time_iter": 0.06621, "accuracy": 0.7619, "precision": 0.74879, "recall": 0.63786, "f1": 0.68889, "auc": 0.81856}
{"epoch": 39, "time_epoch": 9.73959, "eta": 678.28588, "eta_hours": 0.18841, "loss": 0.5318713, "lr": 0.00066937, "params": 6697, "time_iter": 0.06626, "accuracy": 0.77551, "precision": 0.78756, "recall": 0.62551, "f1": 0.69725, "auc": 0.81264}
{"epoch": 40, "time_epoch": 10.12835, "eta": 665.28822, "eta_hours": 0.1848, "loss": 0.54274078, "lr": 0.00065451, "params": 6697, "time_iter": 0.0689, "accuracy": 0.7619, "precision": 0.73516, "recall": 0.66255, "f1": 0.69697, "auc": 0.82044}
{"epoch": 41, "time_epoch": 9.88291, "eta": 652.08826, "eta_hours": 0.18114, "loss": 0.55504596, "lr": 0.0006395, "params": 6697, "time_iter": 0.06723, "accuracy": 0.7415, "precision": 0.73575, "recall": 0.58436, "f1": 0.65138, "auc": 0.79345}
{"epoch": 42, "time_epoch": 10.07811, "eta": 639.30134, "eta_hours": 0.17758, "loss": 0.53831345, "lr": 0.00062434, "params": 6697, "time_iter": 0.06856, "accuracy": 0.7534, "precision": 0.74747, "recall": 0.60905, "f1": 0.6712, "auc": 0.79922}
{"epoch": 43, "time_epoch": 10.11559, "eta": 626.68524, "eta_hours": 0.17408, "loss": 0.51226541, "lr": 0.00060907, "params": 6697, "time_iter": 0.06881, "accuracy": 0.7534, "precision": 0.75, "recall": 0.60494, "f1": 0.6697, "auc": 0.8299}
{"epoch": 44, "time_epoch": 9.58485, "eta": 613.53159, "eta_hours": 0.17043, "loss": 0.52009226, "lr": 0.00059369, "params": 6697, "time_iter": 0.0652, "accuracy": 0.77381, "precision": 0.75229, "recall": 0.6749, "f1": 0.7115, "auc": 0.82815}
{"epoch": 45, "time_epoch": 10.55485, "eta": 601.6718, "eta_hours": 0.16713, "loss": 0.54244235, "lr": 0.00057822, "params": 6697, "time_iter": 0.0718, "accuracy": 0.7602, "precision": 0.755, "recall": 0.6214, "f1": 0.68172, "auc": 0.8138}
{"epoch": 46, "time_epoch": 10.65367, "eta": 589.97898, "eta_hours": 0.16388, "loss": 0.52988781, "lr": 0.00056267, "params": 6697, "time_iter": 0.07247, "accuracy": 0.7619, "precision": 0.76142, "recall": 0.61728, "f1": 0.68182, "auc": 0.81961}
{"epoch": 47, "time_epoch": 10.10127, "eta": 577.73103, "eta_hours": 0.16048, "loss": 0.50617695, "lr": 0.00054705, "params": 6697, "time_iter": 0.06872, "accuracy": 0.77211, "precision": 0.76847, "recall": 0.64198, "f1": 0.69955, "auc": 0.83329}
{"epoch": 48, "time_epoch": 9.63565, "eta": 565.08607, "eta_hours": 0.15697, "loss": 0.54126142, "lr": 0.0005314, "params": 6697, "time_iter": 0.06555, "accuracy": 0.77721, "precision": 0.76667, "recall": 0.66255, "f1": 0.71082, "auc": 0.82445}
{"epoch": 49, "time_epoch": 9.8275, "eta": 552.75333, "eta_hours": 0.15354, "loss": 0.53505549, "lr": 0.00051571, "params": 6697, "time_iter": 0.06685, "accuracy": 0.7517, "precision": 0.76216, "recall": 0.58025, "f1": 0.65888, "auc": 0.81115}
{"epoch": 50, "time_epoch": 9.7941, "eta": 540.48675, "eta_hours": 0.15014, "loss": 0.52216025, "lr": 0.0005, "params": 6697, "time_iter": 0.06663, "accuracy": 0.77721, "precision": 0.78, "recall": 0.64198, "f1": 0.70429, "auc": 0.82596}
{"epoch": 51, "time_epoch": 10.10065, "eta": 528.59823, "eta_hours": 0.14683, "loss": 0.53611302, "lr": 0.00048429, "params": 6697, "time_iter": 0.06871, "accuracy": 0.76361, "precision": 0.75243, "recall": 0.63786, "f1": 0.69042, "auc": 0.81829}
{"epoch": 52, "time_epoch": 10.47766, "eta": 517.11151, "eta_hours": 0.14364, "loss": 0.5009498, "lr": 0.0004686, "params": 6697, "time_iter": 0.07128, "accuracy": 0.78401, "precision": 0.77885, "recall": 0.66667, "f1": 0.7184, "auc": 0.83648}
{"epoch": 53, "time_epoch": 10.13195, "eta": 505.36766, "eta_hours": 0.14038, "loss": 0.53940803, "lr": 0.00045295, "params": 6697, "time_iter": 0.06892, "accuracy": 0.73639, "precision": 0.70755, "recall": 0.61728, "f1": 0.65934, "auc": 0.81794}
{"epoch": 54, "time_epoch": 10.47491, "eta": 493.96304, "eta_hours": 0.13721, "loss": 0.56506418, "lr": 0.00043733, "params": 6697, "time_iter": 0.07126, "accuracy": 0.78061, "precision": 0.78788, "recall": 0.64198, "f1": 0.70748, "auc": 0.81085}
{"epoch": 55, "time_epoch": 9.83371, "eta": 482.08781, "eta_hours": 0.13391, "loss": 0.53019763, "lr": 0.00042178, "params": 6697, "time_iter": 0.0669, "accuracy": 0.77381, "precision": 0.76961, "recall": 0.64609, "f1": 0.70246, "auc": 0.83468}
{"epoch": 56, "time_epoch": 9.4428, "eta": 469.98933, "eta_hours": 0.13055, "loss": 0.52467415, "lr": 0.00040631, "params": 6697, "time_iter": 0.06424, "accuracy": 0.76361, "precision": 0.74074, "recall": 0.65844, "f1": 0.69717, "auc": 0.8293}
{"epoch": 57, "time_epoch": 9.44379, "eta": 457.98313, "eta_hours": 0.12722, "loss": 0.53632941, "lr": 0.00039093, "params": 6697, "time_iter": 0.06424, "accuracy": 0.78401, "precision": 0.78431, "recall": 0.65844, "f1": 0.71588, "auc": 0.81931}
{"epoch": 58, "time_epoch": 9.60993, "eta": 446.17925, "eta_hours": 0.12394, "loss": 0.52031529, "lr": 0.00037566, "params": 6697, "time_iter": 0.06537, "accuracy": 0.77041, "precision": 0.77273, "recall": 0.62963, "f1": 0.69388, "auc": 0.83077}
{"epoch": 59, "time_epoch": 9.53513, "eta": 434.39864, "eta_hours": 0.12067, "loss": 0.5224844, "lr": 0.0003605, "params": 6697, "time_iter": 0.06486, "accuracy": 0.77891, "precision": 0.79275, "recall": 0.62963, "f1": 0.70183, "auc": 0.83633}
{"epoch": 60, "time_epoch": 9.52631, "eta": 422.686, "eta_hours": 0.11741, "loss": 0.49431358, "lr": 0.00034549, "params": 6697, "time_iter": 0.0648, "accuracy": 0.79082, "precision": 0.78846, "recall": 0.6749, "f1": 0.72727, "auc": 0.84547}
{"epoch": 61, "time_epoch": 9.90758, "eta": 411.27758, "eta_hours": 0.11424, "loss": 0.52817122, "lr": 0.00033063, "params": 6697, "time_iter": 0.0674, "accuracy": 0.77721, "precision": 0.76923, "recall": 0.65844, "f1": 0.70953, "auc": 0.83091}
{"epoch": 62, "time_epoch": 9.60126, "eta": 399.7369, "eta_hours": 0.11104, "loss": 0.51820122, "lr": 0.00031594, "params": 6697, "time_iter": 0.06531, "accuracy": 0.76871, "precision": 0.74884, "recall": 0.66255, "f1": 0.70306, "auc": 0.83671}
{"epoch": 63, "time_epoch": 9.69933, "eta": 388.31199, "eta_hours": 0.10786, "loss": 0.47780205, "lr": 0.00030143, "params": 6697, "time_iter": 0.06598, "accuracy": 0.79252, "precision": 0.79803, "recall": 0.66667, "f1": 0.72646, "auc": 0.84673}
{"epoch": 64, "time_epoch": 10.07325, "eta": 377.14152, "eta_hours": 0.10476, "loss": 0.51849218, "lr": 0.00028711, "params": 6697, "time_iter": 0.06853, "accuracy": 0.7483, "precision": 0.74359, "recall": 0.59671, "f1": 0.6621, "auc": 0.84085}
{"epoch": 65, "time_epoch": 9.53645, "eta": 365.72777, "eta_hours": 0.10159, "loss": 0.49929461, "lr": 0.000273, "params": 6697, "time_iter": 0.06487, "accuracy": 0.79252, "precision": 0.801, "recall": 0.66255, "f1": 0.72523, "auc": 0.85074}
{"epoch": 66, "time_epoch": 9.90481, "eta": 354.55148, "eta_hours": 0.09849, "loss": 0.48818082, "lr": 0.00025912, "params": 6697, "time_iter": 0.06738, "accuracy": 0.77381, "precision": 0.7619, "recall": 0.65844, "f1": 0.7064, "auc": 0.85692}
{"epoch": 67, "time_epoch": 9.7329, "eta": 343.33169, "eta_hours": 0.09537, "loss": 0.48896857, "lr": 0.00024548, "params": 6697, "time_iter": 0.06621, "accuracy": 0.78401, "precision": 0.78431, "recall": 0.65844, "f1": 0.71588, "auc": 0.8508}
{"epoch": 68, "time_epoch": 9.9111, "eta": 332.23506, "eta_hours": 0.09229, "loss": 0.52625472, "lr": 0.00023209, "params": 6697, "time_iter": 0.06742, "accuracy": 0.77041, "precision": 0.77, "recall": 0.63374, "f1": 0.69526, "auc": 0.83668}
{"epoch": 69, "time_epoch": 9.50269, "eta": 320.99727, "eta_hours": 0.08917, "loss": 0.53332364, "lr": 0.00021896, "params": 6697, "time_iter": 0.06464, "accuracy": 0.77551, "precision": 0.77889, "recall": 0.63786, "f1": 0.70136, "auc": 0.84372}
{"epoch": 70, "time_epoch": 9.52167, "eta": 309.81611, "eta_hours": 0.08606, "loss": 0.51548689, "lr": 0.00020611, "params": 6697, "time_iter": 0.06477, "accuracy": 0.78741, "precision": 0.78365, "recall": 0.67078, "f1": 0.72284, "auc": 0.83897}
{"epoch": 71, "time_epoch": 9.52354, "eta": 298.68177, "eta_hours": 0.08297, "loss": 0.49874682, "lr": 0.00019355, "params": 6697, "time_iter": 0.06479, "accuracy": 0.77721, "precision": 0.78, "recall": 0.64198, "f1": 0.70429, "auc": 0.8487}
{"epoch": 72, "time_epoch": 9.48319, "eta": 287.57664, "eta_hours": 0.07988, "loss": 0.50066093, "lr": 0.00018129, "params": 6697, "time_iter": 0.06451, "accuracy": 0.77721, "precision": 0.76667, "recall": 0.66255, "f1": 0.71082, "auc": 0.84421}
{"epoch": 73, "time_epoch": 10.19823, "eta": 276.76657, "eta_hours": 0.07688, "loss": 0.48551542, "lr": 0.00016934, "params": 6697, "time_iter": 0.06938, "accuracy": 0.80442, "precision": 0.82, "recall": 0.6749, "f1": 0.74041, "auc": 0.86279}
{"epoch": 74, "time_epoch": 9.73822, "eta": 265.81949, "eta_hours": 0.07384, "loss": 0.50058655, "lr": 0.00015773, "params": 6697, "time_iter": 0.06625, "accuracy": 0.78231, "precision": 0.76995, "recall": 0.6749, "f1": 0.7193, "auc": 0.853}
{"epoch": 75, "time_epoch": 9.77649, "eta": 254.9163, "eta_hours": 0.07081, "loss": 0.50047529, "lr": 0.00014645, "params": 6697, "time_iter": 0.06651, "accuracy": 0.79422, "precision": 0.79612, "recall": 0.6749, "f1": 0.73051, "auc": 0.85365}
{"epoch": 76, "time_epoch": 9.5422, "eta": 243.9724, "eta_hours": 0.06777, "loss": 0.48953921, "lr": 0.00013552, "params": 6697, "time_iter": 0.06491, "accuracy": 0.78912, "precision": 0.7931, "recall": 0.66255, "f1": 0.72197, "auc": 0.85761}
{"epoch": 77, "time_epoch": 10.04357, "eta": 233.20585, "eta_hours": 0.06478, "loss": 0.49862659, "lr": 0.00012494, "params": 6697, "time_iter": 0.06832, "accuracy": 0.77891, "precision": 0.76777, "recall": 0.66667, "f1": 0.71366, "auc": 0.85433}
{"epoch": 78, "time_epoch": 9.81339, "eta": 222.39641, "eta_hours": 0.06178, "loss": 0.49197264, "lr": 0.00011474, "params": 6697, "time_iter": 0.06676, "accuracy": 0.79252, "precision": 0.81026, "recall": 0.65021, "f1": 0.72146, "auc": 0.85777}
{"epoch": 79, "time_epoch": 10.12062, "eta": 211.68868, "eta_hours": 0.0588, "loss": 0.49861744, "lr": 0.00010492, "params": 6697, "time_iter": 0.06885, "accuracy": 0.78912, "precision": 0.78744, "recall": 0.67078, "f1": 0.72444, "auc": 0.85166}
{"epoch": 80, "time_epoch": 9.51411, "eta": 200.85318, "eta_hours": 0.05579, "loss": 0.5221773, "lr": 9.549e-05, "params": 6697, "time_iter": 0.06472, "accuracy": 0.78912, "precision": 0.80513, "recall": 0.64609, "f1": 0.71689, "auc": 0.84325}
{"epoch": 81, "time_epoch": 9.72109, "eta": 190.09535, "eta_hours": 0.0528, "loss": 0.49230157, "lr": 8.646e-05, "params": 6697, "time_iter": 0.06613, "accuracy": 0.79082, "precision": 0.79126, "recall": 0.67078, "f1": 0.72606, "auc": 0.85672}
{"epoch": 82, "time_epoch": 9.9683, "eta": 179.41313, "eta_hours": 0.04984, "loss": 0.5005907, "lr": 7.784e-05, "params": 6697, "time_iter": 0.06781, "accuracy": 0.79252, "precision": 0.78673, "recall": 0.68313, "f1": 0.73128, "auc": 0.84777}
{"epoch": 83, "time_epoch": 9.46822, "eta": 168.65266, "eta_hours": 0.04685, "loss": 0.5335683, "lr": 6.963e-05, "params": 6697, "time_iter": 0.06441, "accuracy": 0.78571, "precision": 0.78818, "recall": 0.65844, "f1": 0.71749, "auc": 0.84167}
{"epoch": 84, "time_epoch": 9.44731, "eta": 157.9189, "eta_hours": 0.04387, "loss": 0.49563817, "lr": 6.185e-05, "params": 6697, "time_iter": 0.06427, "accuracy": 0.78401, "precision": 0.79592, "recall": 0.64198, "f1": 0.71071, "auc": 0.85852}
{"epoch": 85, "time_epoch": 9.72793, "eta": 147.26074, "eta_hours": 0.04091, "loss": 0.520283, "lr": 5.45e-05, "params": 6697, "time_iter": 0.06618, "accuracy": 0.78741, "precision": 0.78641, "recall": 0.66667, "f1": 0.7216, "auc": 0.84404}
{"epoch": 86, "time_epoch": 9.69097, "eta": 136.61844, "eta_hours": 0.03795, "loss": 0.47801456, "lr": 4.759e-05, "params": 6697, "time_iter": 0.06592, "accuracy": 0.79932, "precision": 0.7907, "recall": 0.69959, "f1": 0.74236, "auc": 0.86082}
{"epoch": 87, "time_epoch": 9.99526, "eta": 126.03926, "eta_hours": 0.03501, "loss": 0.48106301, "lr": 4.112e-05, "params": 6697, "time_iter": 0.06799, "accuracy": 0.79422, "precision": 0.78241, "recall": 0.69547, "f1": 0.73638, "auc": 0.86157}
{"epoch": 88, "time_epoch": 9.47354, "eta": 115.40872, "eta_hours": 0.03206, "loss": 0.45351099, "lr": 3.511e-05, "params": 6697, "time_iter": 0.06445, "accuracy": 0.79932, "precision": 0.80788, "recall": 0.6749, "f1": 0.73543, "auc": 0.87403}
{"epoch": 89, "time_epoch": 9.4766, "eta": 104.80423, "eta_hours": 0.02911, "loss": 0.56515918, "lr": 2.956e-05, "params": 6697, "time_iter": 0.06447, "accuracy": 0.7619, "precision": 0.75369, "recall": 0.62963, "f1": 0.6861, "auc": 0.82062}
{"epoch": 90, "time_epoch": 9.64549, "eta": 94.24123, "eta_hours": 0.02618, "loss": 0.48929661, "lr": 2.447e-05, "params": 6697, "time_iter": 0.06562, "accuracy": 0.78912, "precision": 0.78199, "recall": 0.67901, "f1": 0.72687, "auc": 0.86267}
{"epoch": 91, "time_epoch": 9.47739, "eta": 83.68356, "eta_hours": 0.02325, "loss": 0.51552993, "lr": 1.985e-05, "params": 6697, "time_iter": 0.06447, "accuracy": 0.80102, "precision": 0.815, "recall": 0.67078, "f1": 0.73589, "auc": 0.84881}
{"epoch": 92, "time_epoch": 9.67477, "eta": 73.16398, "eta_hours": 0.02032, "loss": 0.49357007, "lr": 1.571e-05, "params": 6697, "time_iter": 0.06581, "accuracy": 0.78571, "precision": 0.77725, "recall": 0.6749, "f1": 0.72247, "auc": 0.86491}
{"epoch": 93, "time_epoch": 9.46371, "eta": 62.6489, "eta_hours": 0.0174, "loss": 0.4936702, "lr": 1.204e-05, "params": 6697, "time_iter": 0.06438, "accuracy": 0.78061, "precision": 0.78218, "recall": 0.65021, "f1": 0.71011, "auc": 0.85695}
{"epoch": 94, "time_epoch": 9.51406, "eta": 52.1586, "eta_hours": 0.01449, "loss": 0.4829988, "lr": 8.86e-06, "params": 6697, "time_iter": 0.06472, "accuracy": 0.79762, "precision": 0.78704, "recall": 0.69959, "f1": 0.74074, "auc": 0.86114}
{"epoch": 95, "time_epoch": 10.07733, "eta": 41.71212, "eta_hours": 0.01159, "loss": 0.53589232, "lr": 6.16e-06, "params": 6697, "time_iter": 0.06855, "accuracy": 0.76871, "precision": 0.74654, "recall": 0.66667, "f1": 0.70435, "auc": 0.84481}
{"epoch": 96, "time_epoch": 10.01773, "eta": 31.2714, "eta_hours": 0.00869, "loss": 0.54631519, "lr": 3.94e-06, "params": 6697, "time_iter": 0.06815, "accuracy": 0.77211, "precision": 0.75587, "recall": 0.66255, "f1": 0.70614, "auc": 0.83365}
{"epoch": 97, "time_epoch": 10.43572, "eta": 20.84784, "eta_hours": 0.00579, "loss": 0.49273884, "lr": 2.22e-06, "params": 6697, "time_iter": 0.07099, "accuracy": 0.78401, "precision": 0.78155, "recall": 0.66255, "f1": 0.71715, "auc": 0.85572}
{"epoch": 98, "time_epoch": 9.4858, "eta": 10.41445, "eta_hours": 0.00289, "loss": 0.51290988, "lr": 9.9e-07, "params": 6697, "time_iter": 0.06453, "accuracy": 0.77891, "precision": 0.77295, "recall": 0.65844, "f1": 0.71111, "auc": 0.84809}
{"epoch": 99, "time_epoch": 9.69763, "eta": 0.0, "eta_hours": 0.0, "loss": 0.51426603, "lr": 2.5e-07, "params": 6697, "time_iter": 0.06597, "accuracy": 0.78061, "precision": 0.78788, "recall": 0.64198, "f1": 0.70748, "auc": 0.83757}
