{"epoch": 0, "time_epoch": 23.21199, "eta": 2297.98714, "eta_hours": 0.63833, "loss": 0.66774914, "lr": 0.001, "params": 5321, "time_iter": 0.16699, "accuracy": 0.65468, "precision": 0.68056, "recall": 0.22477, "f1": 0.33793, "auc": 0.63026}
{"epoch": 1, "time_epoch": 14.19024, "eta": 1832.70933, "eta_hours": 0.50909, "loss": 0.62341673, "lr": 0.00099975, "params": 5321, "time_iter": 0.10209, "accuracy": 0.66727, "precision": 0.60784, "recall": 0.42661, "f1": 0.50135, "auc": 0.7}
{"epoch": 2, "time_epoch": 9.59044, "eta": 1519.42963, "eta_hours": 0.42206, "loss": 0.57873017, "lr": 0.00099901, "params": 5321, "time_iter": 0.069, "accuracy": 0.71583, "precision": 0.71429, "recall": 0.45872, "f1": 0.55866, "auc": 0.73597}
{"epoch": 3, "time_epoch": 9.59976, "eta": 1358.21837, "eta_hours": 0.37728, "loss": 0.57935924, "lr": 0.00099778, "params": 5321, "time_iter": 0.06906, "accuracy": 0.71043, "precision": 0.67485, "recall": 0.50459, "f1": 0.57743, "auc": 0.75539}
{"epoch": 4, "time_epoch": 9.61666, "eta": 1257.97269, "eta_hours": 0.34944, "loss": 0.58490727, "lr": 0.00099606, "params": 5321, "time_iter": 0.06918, "accuracy": 0.71942, "precision": 0.70667, "recall": 0.48624, "f1": 0.57609, "auc": 0.74554}
{"epoch": 5, "time_epoch": 9.60349, "eta": 1187.73034, "eta_hours": 0.32993, "loss": 0.57925037, "lr": 0.00099384, "params": 5321, "time_iter": 0.06909, "accuracy": 0.71043, "precision": 0.67273, "recall": 0.50917, "f1": 0.57963, "auc": 0.76276}
{"epoch": 6, "time_epoch": 9.60508, "eta": 1134.83457, "eta_hours": 0.31523, "loss": 0.56018661, "lr": 0.00099114, "params": 5321, "time_iter": 0.0691, "accuracy": 0.73561, "precision": 0.75177, "recall": 0.48624, "f1": 0.59053, "auc": 0.7628}
{"epoch": 7, "time_epoch": 9.61278, "eta": 1092.85, "eta_hours": 0.30357, "loss": 0.57510058, "lr": 0.00098796, "params": 5321, "time_iter": 0.06916, "accuracy": 0.7518, "precision": 0.7381, "recall": 0.56881, "f1": 0.64249, "auc": 0.76312}
{"epoch": 8, "time_epoch": 9.56736, "eta": 1057.59994, "eta_hours": 0.29378, "loss": 0.56918977, "lr": 0.00098429, "params": 5321, "time_iter": 0.06883, "accuracy": 0.73921, "precision": 0.71345, "recall": 0.55963, "f1": 0.62725, "auc": 0.75195}
{"epoch": 9, "time_epoch": 9.61575, "eta": 1027.92187, "eta_hours": 0.28553, "loss": 0.57318868, "lr": 0.00098015, "params": 5321, "time_iter": 0.06918, "accuracy": 0.72842, "precision": 0.71895, "recall": 0.50459, "f1": 0.59299, "auc": 0.76291}
{"epoch": 10, "time_epoch": 9.61685, "eta": 1001.90041, "eta_hours": 0.27831, "loss": 0.55565642, "lr": 0.00097553, "params": 5321, "time_iter": 0.06919, "accuracy": 0.73201, "precision": 0.71166, "recall": 0.53211, "f1": 0.60892, "auc": 0.77519}
{"epoch": 11, "time_epoch": 9.60781, "eta": 978.54677, "eta_hours": 0.27182, "loss": 0.58069826, "lr": 0.00097044, "params": 5321, "time_iter": 0.06912, "accuracy": 0.73201, "precision": 0.69061, "recall": 0.57339, "f1": 0.62657, "auc": 0.76263}
{"epoch": 12, "time_epoch": 9.61337, "eta": 957.34506, "eta_hours": 0.26593, "loss": 0.5816311, "lr": 0.00096489, "params": 5321, "time_iter": 0.06916, "accuracy": 0.73741, "precision": 0.77692, "recall": 0.4633, "f1": 0.58046, "auc": 0.74233}
{"epoch": 13, "time_epoch": 9.58411, "eta": 937.61914, "eta_hours": 0.26045, "loss": 0.58159912, "lr": 0.00095888, "params": 5321, "time_iter": 0.06895, "accuracy": 0.73921, "precision": 0.74172, "recall": 0.51376, "f1": 0.60705, "auc": 0.75316}
{"epoch": 14, "time_epoch": 9.62492, "eta": 919.47668, "eta_hours": 0.25541, "loss": 0.57583292, "lr": 0.00095241, "params": 5321, "time_iter": 0.06924, "accuracy": 0.73921, "precision": 0.73548, "recall": 0.52294, "f1": 0.61126, "auc": 0.75962}
{"epoch": 15, "time_epoch": 9.60737, "eta": 902.30677, "eta_hours": 0.25064, "loss": 0.53960513, "lr": 0.0009455, "params": 5321, "time_iter": 0.06912, "accuracy": 0.75719, "precision": 0.73184, "recall": 0.60092, "f1": 0.65995, "auc": 0.7953}
{"epoch": 16, "time_epoch": 9.64408, "eta": 886.20583, "eta_hours": 0.24617, "loss": 0.57725401, "lr": 0.00093815, "params": 5321, "time_iter": 0.06938, "accuracy": 0.73022, "precision": 0.70732, "recall": 0.53211, "f1": 0.60733, "auc": 0.74752}
{"epoch": 17, "time_epoch": 9.61327, "eta": 870.68194, "eta_hours": 0.24186, "loss": 0.5756584, "lr": 0.00093037, "params": 5321, "time_iter": 0.06916, "accuracy": 0.73381, "precision": 0.72152, "recall": 0.52294, "f1": 0.60638, "auc": 0.74563}
{"epoch": 18, "time_epoch": 9.6357, "eta": 855.87586, "eta_hours": 0.23774, "loss": 0.56507194, "lr": 0.00092216, "params": 5321, "time_iter": 0.06932, "accuracy": 0.73561, "precision": 0.71515, "recall": 0.54128, "f1": 0.61619, "auc": 0.75396}
{"epoch": 19, "time_epoch": 9.61101, "eta": 841.48806, "eta_hours": 0.23375, "loss": 0.56775425, "lr": 0.00091354, "params": 5321, "time_iter": 0.06914, "accuracy": 0.73561, "precision": 0.72903, "recall": 0.51835, "f1": 0.6059, "auc": 0.75674}
{"epoch": 20, "time_epoch": 9.50767, "eta": 827.16642, "eta_hours": 0.22977, "loss": 0.55214556, "lr": 0.00090451, "params": 5321, "time_iter": 0.0684, "accuracy": 0.76259, "precision": 0.7622, "recall": 0.57339, "f1": 0.65445, "auc": 0.77193}
{"epoch": 21, "time_epoch": 9.59186, "eta": 813.58093, "eta_hours": 0.22599, "loss": 0.54024108, "lr": 0.00089508, "params": 5321, "time_iter": 0.06901, "accuracy": 0.76439, "precision": 0.76048, "recall": 0.58257, "f1": 0.65974, "auc": 0.7875}
{"epoch": 22, "time_epoch": 9.57653, "eta": 800.29139, "eta_hours": 0.2223, "loss": 0.58750651, "lr": 0.00088526, "params": 5321, "time_iter": 0.0689, "accuracy": 0.76079, "precision": 0.78912, "recall": 0.53211, "f1": 0.63562, "auc": 0.75457}
{"epoch": 23, "time_epoch": 9.57387, "eta": 787.30285, "eta_hours": 0.2187, "loss": 0.55514753, "lr": 0.00087506, "params": 5321, "time_iter": 0.06888, "accuracy": 0.75899, "precision": 0.73333, "recall": 0.6055, "f1": 0.66332, "auc": 0.78094}
{"epoch": 24, "time_epoch": 9.59415, "eta": 774.64832, "eta_hours": 0.21518, "loss": 0.5400508, "lr": 0.00086448, "params": 5321, "time_iter": 0.06902, "accuracy": 0.7446, "precision": 0.72619, "recall": 0.55963, "f1": 0.63212, "auc": 0.7829}
{"epoch": 25, "time_epoch": 9.61564, "eta": 762.29036, "eta_hours": 0.21175, "loss": 0.56786755, "lr": 0.00085355, "params": 5321, "time_iter": 0.06918, "accuracy": 0.7464, "precision": 0.73913, "recall": 0.54587, "f1": 0.62797, "auc": 0.7731}
{"epoch": 26, "time_epoch": 9.6115, "eta": 750.12433, "eta_hours": 0.20837, "loss": 0.5451038, "lr": 0.00084227, "params": 5321, "time_iter": 0.06915, "accuracy": 0.77338, "precision": 0.77711, "recall": 0.59174, "f1": 0.67188, "auc": 0.78265}
{"epoch": 27, "time_epoch": 9.6196, "eta": 738.16159, "eta_hours": 0.20504, "loss": 0.57480167, "lr": 0.00083066, "params": 5321, "time_iter": 0.06921, "accuracy": 0.7446, "precision": 0.75, "recall": 0.52294, "f1": 0.61622, "auc": 0.73902}
{"epoch": 28, "time_epoch": 9.0936, "eta": 725.07267, "eta_hours": 0.20141, "loss": 0.56155123, "lr": 0.00081871, "params": 5321, "time_iter": 0.06542, "accuracy": 0.76079, "precision": 0.74566, "recall": 0.59174, "f1": 0.65985, "auc": 0.78432}
{"epoch": 29, "time_epoch": 9.60781, "eta": 713.44993, "eta_hours": 0.19818, "loss": 0.56532998, "lr": 0.00080645, "params": 5321, "time_iter": 0.06912, "accuracy": 0.76619, "precision": 0.76506, "recall": 0.58257, "f1": 0.66146, "auc": 0.76971}
{"epoch": 30, "time_epoch": 11.22826, "eta": 705.56397, "eta_hours": 0.19599, "loss": 0.55533471, "lr": 0.00079389, "params": 5321, "time_iter": 0.08078, "accuracy": 0.73921, "precision": 0.72671, "recall": 0.5367, "f1": 0.61741, "auc": 0.772}
{"epoch": 31, "time_epoch": 11.29731, "eta": 697.61586, "eta_hours": 0.19378, "loss": 0.57503483, "lr": 0.00078104, "params": 5321, "time_iter": 0.08128, "accuracy": 0.73741, "precision": 0.74658, "recall": 0.5, "f1": 0.5989, "auc": 0.75457}
{"epoch": 32, "time_epoch": 11.30047, "eta": 689.47119, "eta_hours": 0.19152, "loss": 0.52952736, "lr": 0.00076791, "params": 5321, "time_iter": 0.0813, "accuracy": 0.75, "precision": 0.71351, "recall": 0.6055, "f1": 0.65509, "auc": 0.78767}
{"epoch": 33, "time_epoch": 11.25454, "eta": 681.05173, "eta_hours": 0.18918, "loss": 0.54452732, "lr": 0.00075452, "params": 5321, "time_iter": 0.08097, "accuracy": 0.73381, "precision": 0.70115, "recall": 0.55963, "f1": 0.62245, "auc": 0.78238}
{"epoch": 34, "time_epoch": 11.2631, "eta": 672.48614, "eta_hours": 0.1868, "loss": 0.55730828, "lr": 0.00074088, "params": 5321, "time_iter": 0.08103, "accuracy": 0.7554, "precision": 0.75, "recall": 0.56422, "f1": 0.64398, "auc": 0.78613}
{"epoch": 35, "time_epoch": 11.20088, "eta": 663.66009, "eta_hours": 0.18435, "loss": 0.52665395, "lr": 0.000727, "params": 5321, "time_iter": 0.08058, "accuracy": 0.76978, "precision": 0.78125, "recall": 0.57339, "f1": 0.66138, "auc": 0.78031}
{"epoch": 36, "time_epoch": 11.35445, "eta": 654.96716, "eta_hours": 0.18194, "loss": 0.54319927, "lr": 0.00071289, "params": 5321, "time_iter": 0.08169, "accuracy": 0.7554, "precision": 0.72527, "recall": 0.6055, "f1": 0.66, "auc": 0.80057}
{"epoch": 37, "time_epoch": 11.32201, "eta": 646.08122, "eta_hours": 0.17947, "loss": 0.54963863, "lr": 0.00069857, "params": 5321, "time_iter": 0.08145, "accuracy": 0.7464, "precision": 0.73054, "recall": 0.55963, "f1": 0.63377, "auc": 0.78379}
{"epoch": 38, "time_epoch": 11.32295, "eta": 637.07182, "eta_hours": 0.17696, "loss": 0.54038944, "lr": 0.00068406, "params": 5321, "time_iter": 0.08146, "accuracy": 0.77338, "precision": 0.77059, "recall": 0.60092, "f1": 0.67526, "auc": 0.79232}
{"epoch": 39, "time_epoch": 11.26336, "eta": 627.85736, "eta_hours": 0.1744, "loss": 0.53460138, "lr": 0.00066937, "params": 5321, "time_iter": 0.08103, "accuracy": 0.78058, "precision": 0.78235, "recall": 0.61009, "f1": 0.68557, "auc": 0.79692}
{"epoch": 40, "time_epoch": 11.33493, "eta": 618.64595, "eta_hours": 0.17185, "loss": 0.52560276, "lr": 0.00065451, "params": 5321, "time_iter": 0.08155, "accuracy": 0.77158, "precision": 0.77246, "recall": 0.59174, "f1": 0.67013, "auc": 0.80107}
{"epoch": 41, "time_epoch": 10.48572, "eta": 608.16069, "eta_hours": 0.16893, "loss": 0.5503344, "lr": 0.0006395, "params": 5321, "time_iter": 0.07544, "accuracy": 0.75899, "precision": 0.7561, "recall": 0.56881, "f1": 0.64921, "auc": 0.78507}
{"epoch": 42, "time_epoch": 9.62814, "eta": 596.53863, "eta_hours": 0.16571, "loss": 0.55065088, "lr": 0.00062434, "params": 5321, "time_iter": 0.06927, "accuracy": 0.76619, "precision": 0.78947, "recall": 0.55046, "f1": 0.64865, "auc": 0.77885}
{"epoch": 43, "time_epoch": 9.59699, "eta": 584.96754, "eta_hours": 0.16249, "loss": 0.55506503, "lr": 0.00060907, "params": 5321, "time_iter": 0.06904, "accuracy": 0.7482, "precision": 0.74375, "recall": 0.54587, "f1": 0.62963, "auc": 0.77508}
{"epoch": 44, "time_epoch": 9.12421, "eta": 572.90635, "eta_hours": 0.15914, "loss": 0.50589092, "lr": 0.00059369, "params": 5321, "time_iter": 0.06564, "accuracy": 0.7554, "precision": 0.75, "recall": 0.56422, "f1": 0.64398, "auc": 0.82041}
{"epoch": 45, "time_epoch": 9.63007, "eta": 561.5667, "eta_hours": 0.15599, "loss": 0.56241785, "lr": 0.00057822, "params": 5321, "time_iter": 0.06928, "accuracy": 0.76439, "precision": 0.77707, "recall": 0.55963, "f1": 0.65067, "auc": 0.80406}
{"epoch": 46, "time_epoch": 9.53685, "eta": 550.19467, "eta_hours": 0.15283, "loss": 0.55012958, "lr": 0.00056267, "params": 5321, "time_iter": 0.06861, "accuracy": 0.77338, "precision": 0.80263, "recall": 0.55963, "f1": 0.65946, "auc": 0.79119}
{"epoch": 47, "time_epoch": 9.59947, "eta": 538.96695, "eta_hours": 0.14971, "loss": 0.55551212, "lr": 0.00054705, "params": 5321, "time_iter": 0.06906, "accuracy": 0.76259, "precision": 0.75595, "recall": 0.58257, "f1": 0.65803, "auc": 0.78458}
{"epoch": 48, "time_epoch": 9.56299, "eta": 527.76771, "eta_hours": 0.1466, "loss": 0.55084078, "lr": 0.0005314, "params": 5321, "time_iter": 0.0688, "accuracy": 0.7446, "precision": 0.71591, "recall": 0.57798, "f1": 0.63959, "auc": 0.78529}
{"epoch": 49, "time_epoch": 9.58959, "eta": 516.66052, "eta_hours": 0.14352, "loss": 0.53339918, "lr": 0.00051571, "params": 5321, "time_iter": 0.06899, "accuracy": 0.77698, "precision": 0.78313, "recall": 0.59633, "f1": 0.67708, "auc": 0.79602}
{"epoch": 50, "time_epoch": 9.60849, "eta": 505.63101, "eta_hours": 0.14045, "loss": 0.5312034, "lr": 0.0005, "params": 5321, "time_iter": 0.06913, "accuracy": 0.76619, "precision": 0.7716, "recall": 0.57339, "f1": 0.65789, "auc": 0.80423}
{"epoch": 51, "time_epoch": 9.60726, "eta": 494.65502, "eta_hours": 0.1374, "loss": 0.51952872, "lr": 0.00048429, "params": 5321, "time_iter": 0.06912, "accuracy": 0.76619, "precision": 0.73913, "recall": 0.62385, "f1": 0.67662, "auc": 0.82011}
{"epoch": 52, "time_epoch": 9.59399, "eta": 483.71891, "eta_hours": 0.13437, "loss": 0.54563458, "lr": 0.0004686, "params": 5321, "time_iter": 0.06902, "accuracy": 0.77878, "precision": 0.77457, "recall": 0.61468, "f1": 0.68542, "auc": 0.79864}
{"epoch": 53, "time_epoch": 9.59718, "eta": 472.83523, "eta_hours": 0.13134, "loss": 0.5430638, "lr": 0.00045295, "params": 5321, "time_iter": 0.06904, "accuracy": 0.75719, "precision": 0.73714, "recall": 0.59174, "f1": 0.65649, "auc": 0.80201}
{"epoch": 54, "time_epoch": 9.61686, "eta": 462.01443, "eta_hours": 0.12834, "loss": 0.54562781, "lr": 0.00043733, "params": 5321, "time_iter": 0.06919, "accuracy": 0.7482, "precision": 0.77083, "recall": 0.50917, "f1": 0.61326, "auc": 0.78438}
{"epoch": 55, "time_epoch": 9.64786, "eta": 451.26098, "eta_hours": 0.12535, "loss": 0.55433098, "lr": 0.00042178, "params": 5321, "time_iter": 0.06941, "accuracy": 0.77338, "precision": 0.7875, "recall": 0.57798, "f1": 0.66667, "auc": 0.78177}
{"epoch": 56, "time_epoch": 9.58481, "eta": 440.49876, "eta_hours": 0.12236, "loss": 0.54216943, "lr": 0.00040631, "params": 5321, "time_iter": 0.06896, "accuracy": 0.7446, "precision": 0.7375, "recall": 0.54128, "f1": 0.62434, "auc": 0.78645}
{"epoch": 57, "time_epoch": 9.54215, "eta": 429.74625, "eta_hours": 0.11937, "loss": 0.53720588, "lr": 0.00039093, "params": 5321, "time_iter": 0.06865, "accuracy": 0.76978, "precision": 0.76786, "recall": 0.59174, "f1": 0.66839, "auc": 0.79871}
{"epoch": 58, "time_epoch": 9.60616, "eta": 419.07925, "eta_hours": 0.11641, "loss": 0.54573046, "lr": 0.00037566, "params": 5321, "time_iter": 0.06911, "accuracy": 0.76079, "precision": 0.77778, "recall": 0.54587, "f1": 0.64151, "auc": 0.78843}
{"epoch": 59, "time_epoch": 9.6119, "eta": 408.45144, "eta_hours": 0.11346, "loss": 0.55316977, "lr": 0.0003605, "params": 5321, "time_iter": 0.06915, "accuracy": 0.76799, "precision": 0.76647, "recall": 0.58716, "f1": 0.66494, "auc": 0.78169}
{"epoch": 60, "time_epoch": 9.65168, "eta": 397.88238, "eta_hours": 0.11052, "loss": 0.53897907, "lr": 0.00034549, "params": 5321, "time_iter": 0.06944, "accuracy": 0.76439, "precision": 0.78065, "recall": 0.55505, "f1": 0.64879, "auc": 0.79875}
{"epoch": 61, "time_epoch": 9.57192, "eta": 387.29402, "eta_hours": 0.10758, "loss": 0.56626158, "lr": 0.00033063, "params": 5321, "time_iter": 0.06886, "accuracy": 0.75899, "precision": 0.73333, "recall": 0.6055, "f1": 0.66332, "auc": 0.7877}
{"epoch": 62, "time_epoch": 9.62694, "eta": 376.77024, "eta_hours": 0.10466, "loss": 0.52148965, "lr": 0.00031594, "params": 5321, "time_iter": 0.06926, "accuracy": 0.77518, "precision": 0.78882, "recall": 0.58257, "f1": 0.67018, "auc": 0.79522}
{"epoch": 63, "time_epoch": 9.60544, "eta": 366.26239, "eta_hours": 0.10174, "loss": 0.51539279, "lr": 0.00030143, "params": 5321, "time_iter": 0.0691, "accuracy": 0.76079, "precision": 0.77778, "recall": 0.54587, "f1": 0.64151, "auc": 0.81075}
{"epoch": 64, "time_epoch": 9.59617, "eta": 355.77732, "eta_hours": 0.09883, "loss": 0.55613294, "lr": 0.00028711, "params": 5321, "time_iter": 0.06904, "accuracy": 0.76799, "precision": 0.76023, "recall": 0.59633, "f1": 0.66838, "auc": 0.78981}
{"epoch": 65, "time_epoch": 9.58581, "eta": 345.31385, "eta_hours": 0.09592, "loss": 0.51556163, "lr": 0.000273, "params": 5321, "time_iter": 0.06896, "accuracy": 0.77338, "precision": 0.76744, "recall": 0.6055, "f1": 0.67692, "auc": 0.81109}
{"epoch": 66, "time_epoch": 9.59636, "eta": 334.88177, "eta_hours": 0.09302, "loss": 0.53987085, "lr": 0.00025912, "params": 5321, "time_iter": 0.06904, "accuracy": 0.77338, "precision": 0.7987, "recall": 0.56422, "f1": 0.66129, "auc": 0.79895}
{"epoch": 67, "time_epoch": 9.59589, "eta": 324.47406, "eta_hours": 0.09013, "loss": 0.52678292, "lr": 0.00024548, "params": 5321, "time_iter": 0.06904, "accuracy": 0.78058, "precision": 0.78571, "recall": 0.6055, "f1": 0.68394, "auc": 0.81005}
{"epoch": 68, "time_epoch": 10.55534, "eta": 314.52092, "eta_hours": 0.08737, "loss": 0.52507166, "lr": 0.00023209, "params": 5321, "time_iter": 0.07594, "accuracy": 0.7554, "precision": 0.74699, "recall": 0.56881, "f1": 0.64583, "auc": 0.81723}
{"epoch": 69, "time_epoch": 9.66154, "eta": 304.16753, "eta_hours": 0.08449, "loss": 0.54801059, "lr": 0.00021896, "params": 5321, "time_iter": 0.06951, "accuracy": 0.76259, "precision": 0.75595, "recall": 0.58257, "f1": 0.65803, "auc": 0.81066}
{"epoch": 70, "time_epoch": 9.7956, "eta": 293.88839, "eta_hours": 0.08164, "loss": 0.51026514, "lr": 0.00020611, "params": 5321, "time_iter": 0.07047, "accuracy": 0.76619, "precision": 0.75882, "recall": 0.59174, "f1": 0.66495, "auc": 0.82049}
{"epoch": 71, "time_epoch": 9.62841, "eta": 283.55765, "eta_hours": 0.07877, "loss": 0.50087609, "lr": 0.00019355, "params": 5321, "time_iter": 0.06927, "accuracy": 0.77698, "precision": 0.79012, "recall": 0.58716, "f1": 0.67368, "auc": 0.82478}
{"epoch": 72, "time_epoch": 9.63542, "eta": 273.24875, "eta_hours": 0.0759, "loss": 0.53771302, "lr": 0.00018129, "params": 5321, "time_iter": 0.06932, "accuracy": 0.76079, "precision": 0.75148, "recall": 0.58257, "f1": 0.65633, "auc": 0.79617}
{"epoch": 73, "time_epoch": 9.60044, "eta": 262.94577, "eta_hours": 0.07304, "loss": 0.54034354, "lr": 0.00016934, "params": 5321, "time_iter": 0.06907, "accuracy": 0.75899, "precision": 0.7625, "recall": 0.55963, "f1": 0.6455, "auc": 0.79783}
{"epoch": 74, "time_epoch": 9.52413, "eta": 252.63608, "eta_hours": 0.07018, "loss": 0.54455353, "lr": 0.00015773, "params": 5321, "time_iter": 0.06852, "accuracy": 0.76259, "precision": 0.77564, "recall": 0.55505, "f1": 0.64706, "auc": 0.79842}
{"epoch": 75, "time_epoch": 9.575, "eta": 242.36313, "eta_hours": 0.06732, "loss": 0.50863742, "lr": 0.00014645, "params": 5321, "time_iter": 0.06888, "accuracy": 0.78058, "precision": 0.78916, "recall": 0.60092, "f1": 0.68229, "auc": 0.81494}
{"epoch": 76, "time_epoch": 9.50249, "eta": 232.08665, "eta_hours": 0.06447, "loss": 0.51506082, "lr": 0.00013552, "params": 5321, "time_iter": 0.06836, "accuracy": 0.75719, "precision": 0.74556, "recall": 0.57798, "f1": 0.65116, "auc": 0.813}
{"epoch": 77, "time_epoch": 10.93207, "eta": 222.23323, "eta_hours": 0.06173, "loss": 0.50709252, "lr": 0.00012494, "params": 5321, "time_iter": 0.07865, "accuracy": 0.76259, "precision": 0.75904, "recall": 0.57798, "f1": 0.65625, "auc": 0.81552}
{"epoch": 78, "time_epoch": 11.44832, "eta": 212.48973, "eta_hours": 0.05902, "loss": 0.49952055, "lr": 0.00011474, "params": 5321, "time_iter": 0.08236, "accuracy": 0.78417, "precision": 0.79518, "recall": 0.6055, "f1": 0.6875, "auc": 0.82277}
{"epoch": 79, "time_epoch": 11.35586, "eta": 202.6805, "eta_hours": 0.0563, "loss": 0.51001284, "lr": 0.00010492, "params": 5321, "time_iter": 0.0817, "accuracy": 0.77518, "precision": 0.76271, "recall": 0.61927, "f1": 0.68354, "auc": 0.81193}
{"epoch": 80, "time_epoch": 10.63707, "eta": 192.66447, "eta_hours": 0.05352, "loss": 0.52481634, "lr": 9.549e-05, "params": 5321, "time_iter": 0.07653, "accuracy": 0.7536, "precision": 0.73143, "recall": 0.58716, "f1": 0.6514, "auc": 0.81852}
{"epoch": 81, "time_epoch": 10.61575, "eta": 182.62862, "eta_hours": 0.05073, "loss": 0.52812625, "lr": 8.646e-05, "params": 5321, "time_iter": 0.07637, "accuracy": 0.78597, "precision": 0.78286, "recall": 0.62844, "f1": 0.6972, "auc": 0.803}
{"epoch": 82, "time_epoch": 11.20342, "eta": 172.69915, "eta_hours": 0.04797, "loss": 0.54288111, "lr": 7.784e-05, "params": 5321, "time_iter": 0.0806, "accuracy": 0.77158, "precision": 0.76923, "recall": 0.59633, "f1": 0.67183, "auc": 0.79925}
{"epoch": 83, "time_epoch": 10.75347, "eta": 162.65365, "eta_hours": 0.04518, "loss": 0.52875761, "lr": 6.963e-05, "params": 5321, "time_iter": 0.07736, "accuracy": 0.77518, "precision": 0.77515, "recall": 0.60092, "f1": 0.677, "auc": 0.80059}
{"epoch": 84, "time_epoch": 11.29299, "eta": 152.68671, "eta_hours": 0.04241, "loss": 0.53947016, "lr": 6.185e-05, "params": 5321, "time_iter": 0.08124, "accuracy": 0.77518, "precision": 0.76879, "recall": 0.61009, "f1": 0.68031, "auc": 0.80183}
{"epoch": 85, "time_epoch": 11.25226, "eta": 142.68229, "eta_hours": 0.03963, "loss": 0.54156142, "lr": 5.45e-05, "params": 5321, "time_iter": 0.08095, "accuracy": 0.76439, "precision": 0.7574, "recall": 0.58716, "f1": 0.6615, "auc": 0.80492}
{"epoch": 86, "time_epoch": 11.34301, "eta": 132.66275, "eta_hours": 0.03685, "loss": 0.53176535, "lr": 4.759e-05, "params": 5321, "time_iter": 0.0816, "accuracy": 0.78058, "precision": 0.77273, "recall": 0.62385, "f1": 0.69036, "auc": 0.80962}
{"epoch": 87, "time_epoch": 11.26378, "eta": 122.60233, "eta_hours": 0.03406, "loss": 0.51961614, "lr": 4.112e-05, "params": 5321, "time_iter": 0.08103, "accuracy": 0.77518, "precision": 0.77193, "recall": 0.6055, "f1": 0.67866, "auc": 0.82174}
{"epoch": 88, "time_epoch": 11.19864, "eta": 112.50681, "eta_hours": 0.03125, "loss": 0.52072967, "lr": 3.511e-05, "params": 5321, "time_iter": 0.08057, "accuracy": 0.76799, "precision": 0.76331, "recall": 0.59174, "f1": 0.66667, "auc": 0.80863}
{"epoch": 89, "time_epoch": 11.22349, "eta": 102.38954, "eta_hours": 0.02844, "loss": 0.51666214, "lr": 2.956e-05, "params": 5321, "time_iter": 0.08074, "accuracy": 0.77158, "precision": 0.76, "recall": 0.61009, "f1": 0.67684, "auc": 0.81133}
{"epoch": 90, "time_epoch": 11.37483, "eta": 92.26292, "eta_hours": 0.02563, "loss": 0.52070373, "lr": 2.447e-05, "params": 5321, "time_iter": 0.08183, "accuracy": 0.78777, "precision": 0.79412, "recall": 0.61927, "f1": 0.69588, "auc": 0.81589}
{"epoch": 91, "time_epoch": 11.24485, "eta": 82.09787, "eta_hours": 0.0228, "loss": 0.50770424, "lr": 1.985e-05, "params": 5321, "time_iter": 0.0809, "accuracy": 0.77698, "precision": 0.79375, "recall": 0.58257, "f1": 0.67196, "auc": 0.8118}
{"epoch": 92, "time_epoch": 11.28522, "eta": 71.91264, "eta_hours": 0.01998, "loss": 0.51526813, "lr": 1.571e-05, "params": 5321, "time_iter": 0.08119, "accuracy": 0.78597, "precision": 0.80368, "recall": 0.60092, "f1": 0.68766, "auc": 0.82156}
{"epoch": 93, "time_epoch": 11.36329, "eta": 61.70898, "eta_hours": 0.01714, "loss": 0.53093465, "lr": 1.204e-05, "params": 5321, "time_iter": 0.08175, "accuracy": 0.77158, "precision": 0.76923, "recall": 0.59633, "f1": 0.67183, "auc": 0.80061}
{"epoch": 94, "time_epoch": 11.16324, "eta": 51.47038, "eta_hours": 0.0143, "loss": 0.51450084, "lr": 8.86e-06, "params": 5321, "time_iter": 0.08031, "accuracy": 0.76439, "precision": 0.76687, "recall": 0.57339, "f1": 0.65617, "auc": 0.81639}
{"epoch": 95, "time_epoch": 11.17261, "eta": 41.21291, "eta_hours": 0.01145, "loss": 0.52399273, "lr": 6.16e-06, "params": 5321, "time_iter": 0.08038, "accuracy": 0.76079, "precision": 0.75758, "recall": 0.57339, "f1": 0.65274, "auc": 0.80925}
{"epoch": 96, "time_epoch": 9.96999, "eta": 30.89938, "eta_hours": 0.00858, "loss": 0.5165174, "lr": 3.94e-06, "params": 5321, "time_iter": 0.07173, "accuracy": 0.77158, "precision": 0.78981, "recall": 0.56881, "f1": 0.66133, "auc": 0.8159}
{"epoch": 97, "time_epoch": 9.19343, "eta": 20.57701, "eta_hours": 0.00572, "loss": 0.49966747, "lr": 2.22e-06, "params": 5321, "time_iter": 0.06614, "accuracy": 0.77338, "precision": 0.76437, "recall": 0.61009, "f1": 0.67857, "auc": 0.82729}
{"epoch": 98, "time_epoch": 9.14236, "eta": 10.27693, "eta_hours": 0.00285, "loss": 0.49495281, "lr": 9.9e-07, "params": 5321, "time_iter": 0.06577, "accuracy": 0.78597, "precision": 0.78947, "recall": 0.61927, "f1": 0.69409, "auc": 0.83333}
{"epoch": 99, "time_epoch": 9.70425, "eta": 0.0, "eta_hours": 0.0, "loss": 0.50544047, "lr": 2.5e-07, "params": 5321, "time_iter": 0.06981, "accuracy": 0.76259, "precision": 0.75595, "recall": 0.58257, "f1": 0.65803, "auc": 0.82411}
