{"epoch": 0, "time_epoch": 21.7459, "eta": 2152.84376, "eta_hours": 0.59801, "loss": 0.66657892, "lr": 0.001, "params": 5321, "time_iter": 0.15645, "accuracy": 0.61151, "precision": 1.0, "recall": 0.00917, "f1": 0.01818, "auc": 0.5741}
{"epoch": 1, "time_epoch": 9.02006, "eta": 1507.5321, "eta_hours": 0.41876, "loss": 0.61772448, "lr": 0.00099975, "params": 5321, "time_iter": 0.06489, "accuracy": 0.69245, "precision": 0.71171, "recall": 0.36239, "f1": 0.48024, "auc": 0.68669}
{"epoch": 2, "time_epoch": 9.0092, "eta": 1286.06366, "eta_hours": 0.35724, "loss": 0.60317423, "lr": 0.00099901, "params": 5321, "time_iter": 0.06481, "accuracy": 0.71403, "precision": 0.76577, "recall": 0.38991, "f1": 0.51672, "auc": 0.67384}
{"epoch": 3, "time_epoch": 9.04094, "eta": 1171.58645, "eta_hours": 0.32544, "loss": 0.59646031, "lr": 0.00099778, "params": 5321, "time_iter": 0.06504, "accuracy": 0.71583, "precision": 0.75424, "recall": 0.40826, "f1": 0.52976, "auc": 0.69729}
{"epoch": 4, "time_epoch": 8.99825, "eta": 1098.47263, "eta_hours": 0.30513, "loss": 0.57305142, "lr": 0.00099606, "params": 5321, "time_iter": 0.06474, "accuracy": 0.71942, "precision": 0.75, "recall": 0.42661, "f1": 0.54386, "auc": 0.7245}
{"epoch": 5, "time_epoch": 9.00775, "eta": 1046.87957, "eta_hours": 0.2908, "loss": 0.59448325, "lr": 0.00099384, "params": 5321, "time_iter": 0.0648, "accuracy": 0.71223, "precision": 0.70423, "recall": 0.45872, "f1": 0.55556, "auc": 0.73603}
{"epoch": 6, "time_epoch": 8.9904, "eta": 1007.22327, "eta_hours": 0.27978, "loss": 0.57257012, "lr": 0.00099114, "params": 5321, "time_iter": 0.06468, "accuracy": 0.69964, "precision": 0.704, "recall": 0.40367, "f1": 0.51312, "auc": 0.74119}
{"epoch": 7, "time_epoch": 8.93681, "eta": 974.61713, "eta_hours": 0.27073, "loss": 0.58536563, "lr": 0.00098796, "params": 5321, "time_iter": 0.06429, "accuracy": 0.70683, "precision": 0.72358, "recall": 0.40826, "f1": 0.52199, "auc": 0.73028}
{"epoch": 8, "time_epoch": 8.9548, "eta": 947.45269, "eta_hours": 0.26318, "loss": 0.56070813, "lr": 0.00098429, "params": 5321, "time_iter": 0.06442, "accuracy": 0.71763, "precision": 0.7047, "recall": 0.48165, "f1": 0.57221, "auc": 0.75352}
{"epoch": 9, "time_epoch": 8.8731, "eta": 923.19487, "eta_hours": 0.25644, "loss": 0.57099376, "lr": 0.00098015, "params": 5321, "time_iter": 0.06384, "accuracy": 0.71942, "precision": 0.72464, "recall": 0.45872, "f1": 0.5618, "auc": 0.75413}
{"epoch": 10, "time_epoch": 9.05627, "eta": 903.21632, "eta_hours": 0.25089, "loss": 0.5678552, "lr": 0.00097553, "params": 5321, "time_iter": 0.06515, "accuracy": 0.73022, "precision": 0.73944, "recall": 0.48165, "f1": 0.58333, "auc": 0.7604}
{"epoch": 11, "time_epoch": 8.85916, "eta": 883.61265, "eta_hours": 0.24545, "loss": 0.55416679, "lr": 0.00097044, "params": 5321, "time_iter": 0.06373, "accuracy": 0.74281, "precision": 0.7451, "recall": 0.52294, "f1": 0.61456, "auc": 0.77222}
{"epoch": 12, "time_epoch": 8.98644, "eta": 866.51377, "eta_hours": 0.2407, "loss": 0.53384698, "lr": 0.00096489, "params": 5321, "time_iter": 0.06465, "accuracy": 0.7464, "precision": 0.73333, "recall": 0.55505, "f1": 0.63185, "auc": 0.80244}
{"epoch": 13, "time_epoch": 9.06553, "eta": 851.05971, "eta_hours": 0.23641, "loss": 0.57580764, "lr": 0.00095888, "params": 5321, "time_iter": 0.06522, "accuracy": 0.71583, "precision": 0.70833, "recall": 0.46789, "f1": 0.56354, "auc": 0.74559}
{"epoch": 14, "time_epoch": 9.02594, "eta": 836.23307, "eta_hours": 0.23229, "loss": 0.55018037, "lr": 0.00095241, "params": 5321, "time_iter": 0.06493, "accuracy": 0.73022, "precision": 0.73611, "recall": 0.48624, "f1": 0.58564, "auc": 0.77746}
{"epoch": 15, "time_epoch": 8.99005, "eta": 821.94312, "eta_hours": 0.22832, "loss": 0.55209383, "lr": 0.0009455, "params": 5321, "time_iter": 0.06468, "accuracy": 0.7518, "precision": 0.72727, "recall": 0.58716, "f1": 0.64975, "auc": 0.7844}
{"epoch": 16, "time_epoch": 9.06674, "eta": 808.65111, "eta_hours": 0.22463, "loss": 0.53530125, "lr": 0.00093815, "params": 5321, "time_iter": 0.06523, "accuracy": 0.73381, "precision": 0.73649, "recall": 0.5, "f1": 0.59563, "auc": 0.7872}
{"epoch": 17, "time_epoch": 9.02062, "eta": 795.61847, "eta_hours": 0.22101, "loss": 0.57389095, "lr": 0.00093037, "params": 5321, "time_iter": 0.0649, "accuracy": 0.71583, "precision": 0.68519, "recall": 0.50917, "f1": 0.58421, "auc": 0.76164}
{"epoch": 18, "time_epoch": 9.09211, "eta": 783.31293, "eta_hours": 0.21759, "loss": 0.5517294, "lr": 0.00092216, "params": 5321, "time_iter": 0.06541, "accuracy": 0.73561, "precision": 0.7205, "recall": 0.53211, "f1": 0.61214, "auc": 0.76957}
{"epoch": 19, "time_epoch": 9.07203, "eta": 771.24842, "eta_hours": 0.21424, "loss": 0.55741373, "lr": 0.00091354, "params": 5321, "time_iter": 0.06527, "accuracy": 0.73921, "precision": 0.7483, "recall": 0.50459, "f1": 0.60274, "auc": 0.76304}
{"epoch": 20, "time_epoch": 9.07016, "eta": 759.46184, "eta_hours": 0.21096, "loss": 0.55041542, "lr": 0.00090451, "params": 5321, "time_iter": 0.06525, "accuracy": 0.73561, "precision": 0.70056, "recall": 0.56881, "f1": 0.62785, "auc": 0.76239}
{"epoch": 21, "time_epoch": 9.10578, "eta": 748.04852, "eta_hours": 0.20779, "loss": 0.55906446, "lr": 0.00089508, "params": 5321, "time_iter": 0.06551, "accuracy": 0.74101, "precision": 0.74342, "recall": 0.51835, "f1": 0.61081, "auc": 0.7612}
{"epoch": 22, "time_epoch": 9.06906, "eta": 736.71292, "eta_hours": 0.20464, "loss": 0.53761857, "lr": 0.00088526, "params": 5321, "time_iter": 0.06525, "accuracy": 0.7518, "precision": 0.76667, "recall": 0.52752, "f1": 0.625, "auc": 0.78815}
{"epoch": 23, "time_epoch": 9.10038, "eta": 725.66537, "eta_hours": 0.20157, "loss": 0.54614938, "lr": 0.00087506, "params": 5321, "time_iter": 0.06547, "accuracy": 0.75, "precision": 0.72316, "recall": 0.58716, "f1": 0.6481, "auc": 0.79333}
{"epoch": 24, "time_epoch": 9.06925, "eta": 714.68022, "eta_hours": 0.19852, "loss": 0.54920223, "lr": 0.00086448, "params": 5321, "time_iter": 0.06525, "accuracy": 0.74281, "precision": 0.73292, "recall": 0.54128, "f1": 0.62269, "auc": 0.7866}
{"epoch": 25, "time_epoch": 9.96234, "eta": 706.38429, "eta_hours": 0.19622, "loss": 0.52272576, "lr": 0.00085355, "params": 5321, "time_iter": 0.07167, "accuracy": 0.75719, "precision": 0.75152, "recall": 0.56881, "f1": 0.64752, "auc": 0.79666}
{"epoch": 26, "time_epoch": 10.23378, "eta": 698.69884, "eta_hours": 0.19408, "loss": 0.54240683, "lr": 0.00084227, "params": 5321, "time_iter": 0.07362, "accuracy": 0.74101, "precision": 0.71765, "recall": 0.55963, "f1": 0.62887, "auc": 0.80306}
{"epoch": 27, "time_epoch": 10.81533, "eta": 692.32676, "eta_hours": 0.19231, "loss": 0.539987, "lr": 0.00083066, "params": 5321, "time_iter": 0.07781, "accuracy": 0.74101, "precision": 0.73125, "recall": 0.5367, "f1": 0.61905, "auc": 0.80338}
{"epoch": 28, "time_epoch": 10.94601, "eta": 685.96819, "eta_hours": 0.19055, "loss": 0.53757867, "lr": 0.00081871, "params": 5321, "time_iter": 0.07875, "accuracy": 0.73921, "precision": 0.71598, "recall": 0.55505, "f1": 0.62532, "auc": 0.79845}
{"epoch": 29, "time_epoch": 10.6779, "eta": 678.67822, "eta_hours": 0.18852, "loss": 0.53909789, "lr": 0.00080645, "params": 5321, "time_iter": 0.07682, "accuracy": 0.7518, "precision": 0.72727, "recall": 0.58716, "f1": 0.64975, "auc": 0.79817}
{"epoch": 30, "time_epoch": 10.79129, "eta": 671.42205, "eta_hours": 0.18651, "loss": 0.52068584, "lr": 0.00079389, "params": 5321, "time_iter": 0.07764, "accuracy": 0.75, "precision": 0.73653, "recall": 0.56422, "f1": 0.63896, "auc": 0.80913}
{"epoch": 31, "time_epoch": 10.8119, "eta": 663.98873, "eta_hours": 0.18444, "loss": 0.53714049, "lr": 0.00078104, "params": 5321, "time_iter": 0.07778, "accuracy": 0.75899, "precision": 0.74706, "recall": 0.58257, "f1": 0.65464, "auc": 0.79679}
{"epoch": 32, "time_epoch": 10.77758, "eta": 656.28096, "eta_hours": 0.1823, "loss": 0.52982643, "lr": 0.00076791, "params": 5321, "time_iter": 0.07754, "accuracy": 0.7554, "precision": 0.73295, "recall": 0.59174, "f1": 0.65482, "auc": 0.81337}
{"epoch": 33, "time_epoch": 10.85358, "eta": 648.54015, "eta_hours": 0.18015, "loss": 0.50868201, "lr": 0.00075452, "params": 5321, "time_iter": 0.07808, "accuracy": 0.75, "precision": 0.71585, "recall": 0.60092, "f1": 0.65337, "auc": 0.82289}
{"epoch": 34, "time_epoch": 10.84461, "eta": 640.60481, "eta_hours": 0.17795, "loss": 0.52065112, "lr": 0.00074088, "params": 5321, "time_iter": 0.07802, "accuracy": 0.7518, "precision": 0.73256, "recall": 0.57798, "f1": 0.64615, "auc": 0.81335}
{"epoch": 35, "time_epoch": 10.79534, "eta": 632.42026, "eta_hours": 0.17567, "loss": 0.52344354, "lr": 0.000727, "params": 5321, "time_iter": 0.07766, "accuracy": 0.7536, "precision": 0.76821, "recall": 0.53211, "f1": 0.62873, "auc": 0.80862}
{"epoch": 36, "time_epoch": 8.88571, "eta": 620.84304, "eta_hours": 0.17246, "loss": 0.51876035, "lr": 0.00071289, "params": 5321, "time_iter": 0.06393, "accuracy": 0.7464, "precision": 0.71038, "recall": 0.59633, "f1": 0.64838, "auc": 0.81079}
{"epoch": 37, "time_epoch": 8.98656, "eta": 609.57202, "eta_hours": 0.16933, "loss": 0.52061022, "lr": 0.00069857, "params": 5321, "time_iter": 0.06465, "accuracy": 0.7536, "precision": 0.72376, "recall": 0.60092, "f1": 0.65664, "auc": 0.81052}
{"epoch": 38, "time_epoch": 9.01934, "eta": 598.46943, "eta_hours": 0.16624, "loss": 0.50688524, "lr": 0.00068406, "params": 5321, "time_iter": 0.06489, "accuracy": 0.76259, "precision": 0.73626, "recall": 0.61468, "f1": 0.67, "auc": 0.81778}
{"epoch": 39, "time_epoch": 8.98903, "eta": 587.42554, "eta_hours": 0.16317, "loss": 0.51937872, "lr": 0.00066937, "params": 5321, "time_iter": 0.06467, "accuracy": 0.75719, "precision": 0.75152, "recall": 0.56881, "f1": 0.64752, "auc": 0.82296}
{"epoch": 40, "time_epoch": 9.00576, "eta": 576.50595, "eta_hours": 0.16014, "loss": 0.49989027, "lr": 0.00065451, "params": 5321, "time_iter": 0.06479, "accuracy": 0.76079, "precision": 0.72251, "recall": 0.63303, "f1": 0.67482, "auc": 0.82734}
{"epoch": 41, "time_epoch": 9.01219, "eta": 565.68639, "eta_hours": 0.15714, "loss": 0.51724696, "lr": 0.0006395, "params": 5321, "time_iter": 0.06484, "accuracy": 0.7536, "precision": 0.72881, "recall": 0.59174, "f1": 0.65316, "auc": 0.82109}
{"epoch": 42, "time_epoch": 9.02239, "eta": 554.96441, "eta_hours": 0.15416, "loss": 0.5172751, "lr": 0.00062434, "params": 5321, "time_iter": 0.06491, "accuracy": 0.76439, "precision": 0.73262, "recall": 0.62844, "f1": 0.67654, "auc": 0.8216}
{"epoch": 43, "time_epoch": 9.02558, "eta": 544.32375, "eta_hours": 0.1512, "loss": 0.5017813, "lr": 0.00060907, "params": 5321, "time_iter": 0.06493, "accuracy": 0.7536, "precision": 0.72626, "recall": 0.59633, "f1": 0.65491, "auc": 0.82387}
{"epoch": 44, "time_epoch": 8.99758, "eta": 533.72065, "eta_hours": 0.14826, "loss": 0.50079799, "lr": 0.00059369, "params": 5321, "time_iter": 0.06473, "accuracy": 0.7536, "precision": 0.72881, "recall": 0.59174, "f1": 0.65316, "auc": 0.82377}
{"epoch": 45, "time_epoch": 9.02549, "eta": 523.22011, "eta_hours": 0.14534, "loss": 0.50688986, "lr": 0.00057822, "params": 5321, "time_iter": 0.06493, "accuracy": 0.76439, "precision": 0.72081, "recall": 0.65138, "f1": 0.68434, "auc": 0.82227}
{"epoch": 46, "time_epoch": 8.99025, "eta": 512.7426, "eta_hours": 0.14243, "loss": 0.51151152, "lr": 0.00056267, "params": 5321, "time_iter": 0.06468, "accuracy": 0.77338, "precision": 0.75, "recall": 0.63303, "f1": 0.68657, "auc": 0.82725}
{"epoch": 47, "time_epoch": 8.9261, "eta": 502.25757, "eta_hours": 0.13952, "loss": 0.53823071, "lr": 0.00054705, "params": 5321, "time_iter": 0.06422, "accuracy": 0.7482, "precision": 0.70968, "recall": 0.6055, "f1": 0.65347, "auc": 0.81957}
{"epoch": 48, "time_epoch": 8.40013, "eta": 491.28873, "eta_hours": 0.13647, "loss": 0.52908487, "lr": 0.0005314, "params": 5321, "time_iter": 0.06043, "accuracy": 0.75, "precision": 0.70466, "recall": 0.62385, "f1": 0.6618, "auc": 0.81376}
{"epoch": 49, "time_epoch": 9.03885, "eta": 481.06135, "eta_hours": 0.13363, "loss": 0.49617942, "lr": 0.00051571, "params": 5321, "time_iter": 0.06503, "accuracy": 0.75899, "precision": 0.73864, "recall": 0.59633, "f1": 0.6599, "auc": 0.83129}
{"epoch": 50, "time_epoch": 9.00715, "eta": 470.85013, "eta_hours": 0.13079, "loss": 0.50300719, "lr": 0.0005, "params": 5321, "time_iter": 0.0648, "accuracy": 0.77878, "precision": 0.74359, "recall": 0.66514, "f1": 0.70218, "auc": 0.8206}
{"epoch": 51, "time_epoch": 8.87929, "eta": 460.56719, "eta_hours": 0.12794, "loss": 0.50142222, "lr": 0.00048429, "params": 5321, "time_iter": 0.06388, "accuracy": 0.75719, "precision": 0.71958, "recall": 0.62385, "f1": 0.6683, "auc": 0.82865}
{"epoch": 52, "time_epoch": 8.92792, "eta": 450.38035, "eta_hours": 0.12511, "loss": 0.54069631, "lr": 0.0004686, "params": 5321, "time_iter": 0.06423, "accuracy": 0.76619, "precision": 0.73158, "recall": 0.63761, "f1": 0.68137, "auc": 0.81505}
{"epoch": 53, "time_epoch": 8.97915, "eta": 440.28377, "eta_hours": 0.1223, "loss": 0.50872215, "lr": 0.00045295, "params": 5321, "time_iter": 0.0646, "accuracy": 0.76079, "precision": 0.73224, "recall": 0.61468, "f1": 0.66833, "auc": 0.8243}
{"epoch": 54, "time_epoch": 9.00006, "eta": 430.24494, "eta_hours": 0.11951, "loss": 0.5233981, "lr": 0.00043733, "params": 5321, "time_iter": 0.06475, "accuracy": 0.76619, "precision": 0.74719, "recall": 0.61009, "f1": 0.67172, "auc": 0.81541}
{"epoch": 55, "time_epoch": 8.98619, "eta": 420.23231, "eta_hours": 0.11673, "loss": 0.50400269, "lr": 0.00042178, "params": 5321, "time_iter": 0.06465, "accuracy": 0.76259, "precision": 0.72396, "recall": 0.63761, "f1": 0.67805, "auc": 0.81993}
{"epoch": 56, "time_epoch": 8.88928, "eta": 410.18258, "eta_hours": 0.11394, "loss": 0.50444613, "lr": 0.00040631, "params": 5321, "time_iter": 0.06395, "accuracy": 0.76259, "precision": 0.72632, "recall": 0.63303, "f1": 0.67647, "auc": 0.82596}
{"epoch": 57, "time_epoch": 8.96892, "eta": 400.23054, "eta_hours": 0.11118, "loss": 0.50238265, "lr": 0.00039093, "params": 5321, "time_iter": 0.06452, "accuracy": 0.76259, "precision": 0.73118, "recall": 0.62385, "f1": 0.67327, "auc": 0.82924}
{"epoch": 58, "time_epoch": 8.97551, "eta": 390.3164, "eta_hours": 0.10842, "loss": 0.50860977, "lr": 0.00037566, "params": 5321, "time_iter": 0.06457, "accuracy": 0.76439, "precision": 0.72308, "recall": 0.64679, "f1": 0.68281, "auc": 0.82281}
{"epoch": 59, "time_epoch": 9.0081, "eta": 380.45529, "eta_hours": 0.10568, "loss": 0.5195608, "lr": 0.0003605, "params": 5321, "time_iter": 0.06481, "accuracy": 0.7554, "precision": 0.72778, "recall": 0.60092, "f1": 0.65829, "auc": 0.81452}
{"epoch": 60, "time_epoch": 8.79387, "eta": 370.48516, "eta_hours": 0.10291, "loss": 0.52053334, "lr": 0.00034549, "params": 5321, "time_iter": 0.06327, "accuracy": 0.7518, "precision": 0.73256, "recall": 0.57798, "f1": 0.64615, "auc": 0.81559}
{"epoch": 61, "time_epoch": 9.00624, "eta": 360.68315, "eta_hours": 0.10019, "loss": 0.50478615, "lr": 0.00033063, "params": 5321, "time_iter": 0.06479, "accuracy": 0.77158, "precision": 0.75138, "recall": 0.62385, "f1": 0.6817, "auc": 0.8288}
{"epoch": 62, "time_epoch": 8.91552, "eta": 350.85312, "eta_hours": 0.09746, "loss": 0.52924762, "lr": 0.00031594, "params": 5321, "time_iter": 0.06414, "accuracy": 0.75, "precision": 0.74233, "recall": 0.55505, "f1": 0.63517, "auc": 0.81836}
{"epoch": 63, "time_epoch": 9.01429, "eta": 341.10722, "eta_hours": 0.09475, "loss": 0.50441877, "lr": 0.00030143, "params": 5321, "time_iter": 0.06485, "accuracy": 0.75899, "precision": 0.72581, "recall": 0.61927, "f1": 0.66832, "auc": 0.82923}
{"epoch": 64, "time_epoch": 9.01711, "eta": 331.38536, "eta_hours": 0.09205, "loss": 0.50381476, "lr": 0.00028711, "params": 5321, "time_iter": 0.06487, "accuracy": 0.75719, "precision": 0.72678, "recall": 0.61009, "f1": 0.66334, "auc": 0.82649}
{"epoch": 65, "time_epoch": 8.84965, "eta": 321.59859, "eta_hours": 0.08933, "loss": 0.49460787, "lr": 0.000273, "params": 5321, "time_iter": 0.06367, "accuracy": 0.77158, "precision": 0.73822, "recall": 0.64679, "f1": 0.68949, "auc": 0.83211}
{"epoch": 66, "time_epoch": 8.93193, "eta": 311.88031, "eta_hours": 0.08663, "loss": 0.54988367, "lr": 0.00025912, "params": 5321, "time_iter": 0.06426, "accuracy": 0.75719, "precision": 0.71728, "recall": 0.62844, "f1": 0.66993, "auc": 0.81296}
{"epoch": 67, "time_epoch": 8.73335, "eta": 302.09171, "eta_hours": 0.08391, "loss": 0.50341347, "lr": 0.00024548, "params": 5321, "time_iter": 0.06283, "accuracy": 0.76079, "precision": 0.72487, "recall": 0.62844, "f1": 0.67322, "auc": 0.82812}
{"epoch": 68, "time_epoch": 8.93586, "eta": 292.42468, "eta_hours": 0.08123, "loss": 0.50541045, "lr": 0.00023209, "params": 5321, "time_iter": 0.06429, "accuracy": 0.7554, "precision": 0.71809, "recall": 0.61927, "f1": 0.66502, "auc": 0.83264}
{"epoch": 69, "time_epoch": 8.8907, "eta": 282.75919, "eta_hours": 0.07854, "loss": 0.50694244, "lr": 0.00021896, "params": 5321, "time_iter": 0.06396, "accuracy": 0.76619, "precision": 0.75, "recall": 0.6055, "f1": 0.67005, "auc": 0.82821}
{"epoch": 70, "time_epoch": 9.05057, "eta": 273.18082, "eta_hours": 0.07588, "loss": 0.50103863, "lr": 0.00020611, "params": 5321, "time_iter": 0.06511, "accuracy": 0.76079, "precision": 0.71795, "recall": 0.6422, "f1": 0.67797, "auc": 0.83437}
{"epoch": 71, "time_epoch": 8.98957, "eta": 263.5934, "eta_hours": 0.07322, "loss": 0.49941905, "lr": 0.00019355, "params": 5321, "time_iter": 0.06467, "accuracy": 0.76439, "precision": 0.72308, "recall": 0.64679, "f1": 0.68281, "auc": 0.82673}
{"epoch": 72, "time_epoch": 8.95012, "eta": 254.00775, "eta_hours": 0.07056, "loss": 0.49490518, "lr": 0.00018129, "params": 5321, "time_iter": 0.06439, "accuracy": 0.76079, "precision": 0.72487, "recall": 0.62844, "f1": 0.67322, "auc": 0.8331}
{"epoch": 73, "time_epoch": 8.93883, "eta": 244.43532, "eta_hours": 0.0679, "loss": 0.50312701, "lr": 0.00016934, "params": 5321, "time_iter": 0.06431, "accuracy": 0.77698, "precision": 0.7398, "recall": 0.66514, "f1": 0.70048, "auc": 0.83112}
{"epoch": 74, "time_epoch": 8.93932, "eta": 234.87995, "eta_hours": 0.06524, "loss": 0.50510081, "lr": 0.00015773, "params": 5321, "time_iter": 0.06431, "accuracy": 0.7482, "precision": 0.70745, "recall": 0.61009, "f1": 0.65517, "auc": 0.83295}
{"epoch": 75, "time_epoch": 8.96817, "eta": 225.3499, "eta_hours": 0.0626, "loss": 0.49720938, "lr": 0.00014645, "params": 5321, "time_iter": 0.06452, "accuracy": 0.76799, "precision": 0.72821, "recall": 0.65138, "f1": 0.68765, "auc": 0.82718}
{"epoch": 76, "time_epoch": 8.98082, "eta": 215.83823, "eta_hours": 0.05996, "loss": 0.49488027, "lr": 0.00013552, "params": 5321, "time_iter": 0.06461, "accuracy": 0.76799, "precision": 0.74317, "recall": 0.62385, "f1": 0.6783, "auc": 0.82928}
{"epoch": 77, "time_epoch": 8.98029, "eta": 206.34002, "eta_hours": 0.05732, "loss": 0.50010792, "lr": 0.00012494, "params": 5321, "time_iter": 0.06461, "accuracy": 0.76799, "precision": 0.73057, "recall": 0.64679, "f1": 0.68613, "auc": 0.83535}
{"epoch": 78, "time_epoch": 9.01164, "eta": 196.86325, "eta_hours": 0.05468, "loss": 0.49670908, "lr": 0.00011474, "params": 5321, "time_iter": 0.06483, "accuracy": 0.77158, "precision": 0.74332, "recall": 0.63761, "f1": 0.68642, "auc": 0.83201}
{"epoch": 79, "time_epoch": 8.97169, "eta": 187.38812, "eta_hours": 0.05205, "loss": 0.50503444, "lr": 0.00010492, "params": 5321, "time_iter": 0.06454, "accuracy": 0.77338, "precision": 0.74468, "recall": 0.6422, "f1": 0.68966, "auc": 0.83083}
{"epoch": 80, "time_epoch": 9.01018, "eta": 177.93445, "eta_hours": 0.04943, "loss": 0.50230704, "lr": 9.549e-05, "params": 5321, "time_iter": 0.06482, "accuracy": 0.76439, "precision": 0.72081, "recall": 0.65138, "f1": 0.68434, "auc": 0.82981}
{"epoch": 81, "time_epoch": 8.9549, "eta": 168.47946, "eta_hours": 0.0468, "loss": 0.50270219, "lr": 8.646e-05, "params": 5321, "time_iter": 0.06442, "accuracy": 0.77158, "precision": 0.73822, "recall": 0.64679, "f1": 0.68949, "auc": 0.83178}
{"epoch": 82, "time_epoch": 8.98816, "eta": 159.04334, "eta_hours": 0.04418, "loss": 0.49633474, "lr": 7.784e-05, "params": 5321, "time_iter": 0.06466, "accuracy": 0.76619, "precision": 0.73158, "recall": 0.63761, "f1": 0.68137, "auc": 0.83706}
{"epoch": 83, "time_epoch": 8.96842, "eta": 149.61412, "eta_hours": 0.04156, "loss": 0.51197994, "lr": 6.963e-05, "params": 5321, "time_iter": 0.06452, "accuracy": 0.76619, "precision": 0.74176, "recall": 0.61927, "f1": 0.675, "auc": 0.83203}
{"epoch": 84, "time_epoch": 8.96831, "eta": 140.19572, "eta_hours": 0.03894, "loss": 0.50449707, "lr": 6.185e-05, "params": 5321, "time_iter": 0.06452, "accuracy": 0.76799, "precision": 0.74054, "recall": 0.62844, "f1": 0.6799, "auc": 0.82801}
{"epoch": 85, "time_epoch": 9.00528, "eta": 130.79381, "eta_hours": 0.03633, "loss": 0.50737018, "lr": 5.45e-05, "params": 5321, "time_iter": 0.06479, "accuracy": 0.77878, "precision": 0.75401, "recall": 0.64679, "f1": 0.6963, "auc": 0.82861}
{"epoch": 86, "time_epoch": 8.97691, "eta": 121.39678, "eta_hours": 0.03372, "loss": 0.51568319, "lr": 4.759e-05, "params": 5321, "time_iter": 0.06458, "accuracy": 0.76439, "precision": 0.7377, "recall": 0.61927, "f1": 0.67332, "auc": 0.8261}
{"epoch": 87, "time_epoch": 9.00573, "eta": 112.01323, "eta_hours": 0.03111, "loss": 0.50829929, "lr": 4.112e-05, "params": 5321, "time_iter": 0.06479, "accuracy": 0.76799, "precision": 0.74054, "recall": 0.62844, "f1": 0.6799, "auc": 0.83733}
{"epoch": 88, "time_epoch": 9.00748, "eta": 102.63838, "eta_hours": 0.02851, "loss": 0.49547814, "lr": 3.511e-05, "params": 5321, "time_iter": 0.0648, "accuracy": 0.77698, "precision": 0.74737, "recall": 0.65138, "f1": 0.69608, "auc": 0.83288}
{"epoch": 89, "time_epoch": 8.98772, "eta": 93.26951, "eta_hours": 0.02591, "loss": 0.50061353, "lr": 2.956e-05, "params": 5321, "time_iter": 0.06466, "accuracy": 0.76799, "precision": 0.73545, "recall": 0.63761, "f1": 0.68305, "auc": 0.83477}
{"epoch": 90, "time_epoch": 8.9997, "eta": 83.91019, "eta_hours": 0.02331, "loss": 0.50089603, "lr": 2.447e-05, "params": 5321, "time_iter": 0.06475, "accuracy": 0.77338, "precision": 0.74731, "recall": 0.63761, "f1": 0.68812, "auc": 0.83322}
{"epoch": 91, "time_epoch": 8.47708, "eta": 74.51325, "eta_hours": 0.0207, "loss": 0.50475702, "lr": 1.985e-05, "params": 5321, "time_iter": 0.06099, "accuracy": 0.77518, "precision": 0.73846, "recall": 0.66055, "f1": 0.69734, "auc": 0.83004}
{"epoch": 92, "time_epoch": 9.01615, "eta": 65.17666, "eta_hours": 0.0181, "loss": 0.49796438, "lr": 1.571e-05, "params": 5321, "time_iter": 0.06486, "accuracy": 0.76079, "precision": 0.73224, "recall": 0.61468, "f1": 0.66833, "auc": 0.83235}
{"epoch": 93, "time_epoch": 8.95711, "eta": 55.84312, "eta_hours": 0.01551, "loss": 0.49648336, "lr": 1.204e-05, "params": 5321, "time_iter": 0.06444, "accuracy": 0.77518, "precision": 0.74866, "recall": 0.6422, "f1": 0.69136, "auc": 0.83348}
{"epoch": 94, "time_epoch": 8.92533, "eta": 46.51584, "eta_hours": 0.01292, "loss": 0.48963662, "lr": 8.86e-06, "params": 5321, "time_iter": 0.06421, "accuracy": 0.76799, "precision": 0.72589, "recall": 0.65596, "f1": 0.68916, "auc": 0.83741}
{"epoch": 95, "time_epoch": 9.02007, "eta": 37.20087, "eta_hours": 0.01033, "loss": 0.49421611, "lr": 6.16e-06, "params": 5321, "time_iter": 0.06489, "accuracy": 0.76978, "precision": 0.74457, "recall": 0.62844, "f1": 0.68159, "auc": 0.84507}
{"epoch": 96, "time_epoch": 8.91511, "eta": 27.88875, "eta_hours": 0.00775, "loss": 0.50400973, "lr": 3.94e-06, "params": 5321, "time_iter": 0.06414, "accuracy": 0.75719, "precision": 0.72928, "recall": 0.6055, "f1": 0.66165, "auc": 0.82909}
{"epoch": 97, "time_epoch": 8.90227, "eta": 18.58446, "eta_hours": 0.00516, "loss": 0.49394003, "lr": 2.22e-06, "params": 5321, "time_iter": 0.06405, "accuracy": 0.77698, "precision": 0.74737, "recall": 0.65138, "f1": 0.69608, "auc": 0.83421}
{"epoch": 98, "time_epoch": 9.03174, "eta": 9.2896, "eta_hours": 0.00258, "loss": 0.4948728, "lr": 9.9e-07, "params": 5321, "time_iter": 0.06498, "accuracy": 0.76978, "precision": 0.73684, "recall": 0.6422, "f1": 0.68627, "auc": 0.83203}
{"epoch": 99, "time_epoch": 8.93193, "eta": 0.0, "eta_hours": 0.0, "loss": 0.47003192, "lr": 2.5e-07, "params": 5321, "time_iter": 0.06426, "accuracy": 0.77878, "precision": 0.75132, "recall": 0.65138, "f1": 0.69779, "auc": 0.84895}
