{"epoch": 0, "time_epoch": 21.93757, "eta": 2171.81984, "eta_hours": 0.60328, "loss": 0.66948452, "lr": 0.001, "params": 5321, "time_iter": 0.15782, "accuracy": 0.60791, "precision": 0.0, "recall": 0.0, "f1": 0.0, "auc": 0.51669}
{"epoch": 1, "time_epoch": 8.8041, "eta": 1506.34206, "eta_hours": 0.41843, "loss": 0.62735462, "lr": 0.00099975, "params": 5321, "time_iter": 0.06334, "accuracy": 0.67086, "precision": 0.68421, "recall": 0.29817, "f1": 0.41534, "auc": 0.66951}
{"epoch": 2, "time_epoch": 8.8296, "eta": 1279.47124, "eta_hours": 0.35541, "loss": 0.59659024, "lr": 0.00099901, "params": 5321, "time_iter": 0.06352, "accuracy": 0.70683, "precision": 0.73913, "recall": 0.38991, "f1": 0.51051, "auc": 0.69527}
{"epoch": 3, "time_epoch": 8.78378, "eta": 1160.52134, "eta_hours": 0.32237, "loss": 0.58312958, "lr": 0.00099778, "params": 5321, "time_iter": 0.06319, "accuracy": 0.71403, "precision": 0.72868, "recall": 0.43119, "f1": 0.54179, "auc": 0.72686}
{"epoch": 4, "time_epoch": 8.82409, "eta": 1086.40374, "eta_hours": 0.30178, "loss": 0.5637199, "lr": 0.00099606, "params": 5321, "time_iter": 0.06348, "accuracy": 0.71403, "precision": 0.71533, "recall": 0.44954, "f1": 0.55211, "auc": 0.74498}
{"epoch": 5, "time_epoch": 8.83596, "eta": 1034.23663, "eta_hours": 0.28729, "loss": 0.57783613, "lr": 0.00099384, "params": 5321, "time_iter": 0.06357, "accuracy": 0.72122, "precision": 0.70861, "recall": 0.49083, "f1": 0.57995, "auc": 0.74836}
{"epoch": 6, "time_epoch": 8.81503, "eta": 994.17184, "eta_hours": 0.27616, "loss": 0.56683733, "lr": 0.00099114, "params": 5321, "time_iter": 0.06342, "accuracy": 0.69784, "precision": 0.68939, "recall": 0.41743, "f1": 0.52, "auc": 0.75252}
{"epoch": 7, "time_epoch": 8.82068, "eta": 961.98439, "eta_hours": 0.26722, "loss": 0.58161268, "lr": 0.00098796, "params": 5321, "time_iter": 0.06346, "accuracy": 0.70863, "precision": 0.7, "recall": 0.44954, "f1": 0.54749, "auc": 0.73272}
{"epoch": 8, "time_epoch": 8.7911, "eta": 934.69052, "eta_hours": 0.25964, "loss": 0.55956015, "lr": 0.00098429, "params": 5321, "time_iter": 0.06325, "accuracy": 0.71583, "precision": 0.69481, "recall": 0.49083, "f1": 0.57527, "auc": 0.75411}
{"epoch": 9, "time_epoch": 8.78224, "eta": 911.01741, "eta_hours": 0.25306, "loss": 0.57263133, "lr": 0.00098015, "params": 5321, "time_iter": 0.06318, "accuracy": 0.73201, "precision": 0.7482, "recall": 0.47706, "f1": 0.58263, "auc": 0.74893}
{"epoch": 10, "time_epoch": 8.80689, "eta": 890.2512, "eta_hours": 0.24729, "loss": 0.56251399, "lr": 0.00097553, "params": 5321, "time_iter": 0.06336, "accuracy": 0.72122, "precision": 0.72993, "recall": 0.45872, "f1": 0.56338, "auc": 0.76022}
{"epoch": 11, "time_epoch": 8.85534, "eta": 871.83351, "eta_hours": 0.24218, "loss": 0.54850949, "lr": 0.00097044, "params": 5321, "time_iter": 0.06371, "accuracy": 0.75, "precision": 0.75817, "recall": 0.53211, "f1": 0.62534, "auc": 0.77505}
{"epoch": 12, "time_epoch": 8.80378, "eta": 854.54188, "eta_hours": 0.23737, "loss": 0.53701163, "lr": 0.00096489, "params": 5321, "time_iter": 0.06334, "accuracy": 0.7554, "precision": 0.75, "recall": 0.56422, "f1": 0.64398, "auc": 0.79294}
{"epoch": 13, "time_epoch": 8.80309, "eta": 838.45857, "eta_hours": 0.23291, "loss": 0.57385957, "lr": 0.00095888, "params": 5321, "time_iter": 0.06333, "accuracy": 0.69245, "precision": 0.66434, "recall": 0.43578, "f1": 0.52632, "auc": 0.74301}
{"epoch": 14, "time_epoch": 8.83616, "eta": 823.53334, "eta_hours": 0.22876, "loss": 0.54502683, "lr": 0.00095241, "params": 5321, "time_iter": 0.06357, "accuracy": 0.73921, "precision": 0.76642, "recall": 0.48165, "f1": 0.59155, "auc": 0.78287}
{"epoch": 15, "time_epoch": 8.78888, "eta": 809.12106, "eta_hours": 0.22476, "loss": 0.54979637, "lr": 0.0009455, "params": 5321, "time_iter": 0.06323, "accuracy": 0.7536, "precision": 0.73964, "recall": 0.57339, "f1": 0.64599, "auc": 0.78516}
{"epoch": 16, "time_epoch": 8.80157, "eta": 795.43232, "eta_hours": 0.22095, "loss": 0.5348736, "lr": 0.00093815, "params": 5321, "time_iter": 0.06332, "accuracy": 0.73741, "precision": 0.74, "recall": 0.50917, "f1": 0.60326, "auc": 0.78565}
{"epoch": 17, "time_epoch": 8.81348, "eta": 782.34084, "eta_hours": 0.21732, "loss": 0.56483088, "lr": 0.00093037, "params": 5321, "time_iter": 0.06341, "accuracy": 0.72482, "precision": 0.72109, "recall": 0.48624, "f1": 0.58082, "auc": 0.76304}
{"epoch": 18, "time_epoch": 8.77942, "eta": 769.55445, "eta_hours": 0.21377, "loss": 0.55266107, "lr": 0.00092216, "params": 5321, "time_iter": 0.06316, "accuracy": 0.73741, "precision": 0.72222, "recall": 0.5367, "f1": 0.61579, "auc": 0.7704}
{"epoch": 19, "time_epoch": 12.44062, "eta": 771.81358, "eta_hours": 0.21439, "loss": 0.54535183, "lr": 0.00091354, "params": 5321, "time_iter": 0.0895, "accuracy": 0.73201, "precision": 0.73793, "recall": 0.49083, "f1": 0.58953, "auc": 0.77181}
{"epoch": 20, "time_epoch": 12.50569, "eta": 772.9175, "eta_hours": 0.2147, "loss": 0.54652874, "lr": 0.00090451, "params": 5321, "time_iter": 0.08997, "accuracy": 0.73741, "precision": 0.71687, "recall": 0.54587, "f1": 0.61979, "auc": 0.7688}
{"epoch": 21, "time_epoch": 12.14032, "eta": 771.4888, "eta_hours": 0.2143, "loss": 0.54948504, "lr": 0.00089508, "params": 5321, "time_iter": 0.08734, "accuracy": 0.74281, "precision": 0.7551, "recall": 0.50917, "f1": 0.60822, "auc": 0.7711}
{"epoch": 22, "time_epoch": 8.61831, "eta": 757.33756, "eta_hours": 0.21037, "loss": 0.53575906, "lr": 0.00088526, "params": 5321, "time_iter": 0.062, "accuracy": 0.7464, "precision": 0.74522, "recall": 0.5367, "f1": 0.624, "auc": 0.7984}
{"epoch": 23, "time_epoch": 8.44561, "eta": 743.10052, "eta_hours": 0.20642, "loss": 0.53933989, "lr": 0.00087506, "params": 5321, "time_iter": 0.06076, "accuracy": 0.7536, "precision": 0.72376, "recall": 0.60092, "f1": 0.65664, "auc": 0.80125}
{"epoch": 24, "time_epoch": 9.83115, "eta": 733.48342, "eta_hours": 0.20375, "loss": 0.53512351, "lr": 0.00086448, "params": 5321, "time_iter": 0.07073, "accuracy": 0.73381, "precision": 0.70588, "recall": 0.55046, "f1": 0.61856, "auc": 0.79825}
{"epoch": 25, "time_epoch": 9.26723, "eta": 722.24484, "eta_hours": 0.20062, "loss": 0.5239218, "lr": 0.00085355, "params": 5321, "time_iter": 0.06667, "accuracy": 0.7554, "precision": 0.74118, "recall": 0.57798, "f1": 0.64948, "auc": 0.79776}
{"epoch": 26, "time_epoch": 9.84458, "eta": 712.71329, "eta_hours": 0.19798, "loss": 0.53478868, "lr": 0.00084227, "params": 5321, "time_iter": 0.07082, "accuracy": 0.73741, "precision": 0.71429, "recall": 0.55046, "f1": 0.62176, "auc": 0.8023}
{"epoch": 27, "time_epoch": 9.59785, "eta": 702.52491, "eta_hours": 0.19515, "loss": 0.5251041, "lr": 0.00083066, "params": 5321, "time_iter": 0.06905, "accuracy": 0.75, "precision": 0.73373, "recall": 0.56881, "f1": 0.64083, "auc": 0.81251}
{"epoch": 28, "time_epoch": 9.38348, "eta": 691.85244, "eta_hours": 0.19218, "loss": 0.53686119, "lr": 0.00081871, "params": 5321, "time_iter": 0.06751, "accuracy": 0.7518, "precision": 0.73256, "recall": 0.57798, "f1": 0.64615, "auc": 0.80605}
{"epoch": 29, "time_epoch": 8.52492, "eta": 679.26258, "eta_hours": 0.18868, "loss": 0.53467443, "lr": 0.00080645, "params": 5321, "time_iter": 0.06133, "accuracy": 0.7536, "precision": 0.72376, "recall": 0.60092, "f1": 0.65664, "auc": 0.80002}
{"epoch": 30, "time_epoch": 8.53606, "eta": 666.95979, "eta_hours": 0.18527, "loss": 0.51731377, "lr": 0.00079389, "params": 5321, "time_iter": 0.06141, "accuracy": 0.7518, "precision": 0.7381, "recall": 0.56881, "f1": 0.64249, "auc": 0.81756}
{"epoch": 31, "time_epoch": 8.61903, "eta": 655.06872, "eta_hours": 0.18196, "loss": 0.52901189, "lr": 0.00078104, "params": 5321, "time_iter": 0.06201, "accuracy": 0.76619, "precision": 0.75882, "recall": 0.59174, "f1": 0.66495, "auc": 0.8037}
{"epoch": 32, "time_epoch": 8.686, "eta": 643.51191, "eta_hours": 0.17875, "loss": 0.52590335, "lr": 0.00076791, "params": 5321, "time_iter": 0.06249, "accuracy": 0.75899, "precision": 0.74138, "recall": 0.59174, "f1": 0.65816, "auc": 0.81851}
{"epoch": 33, "time_epoch": 8.55263, "eta": 631.86509, "eta_hours": 0.17552, "loss": 0.50885475, "lr": 0.00075452, "params": 5321, "time_iter": 0.06153, "accuracy": 0.7482, "precision": 0.70526, "recall": 0.61468, "f1": 0.65686, "auc": 0.82243}
{"epoch": 34, "time_epoch": 8.52093, "eta": 620.3362, "eta_hours": 0.17232, "loss": 0.52460192, "lr": 0.00074088, "params": 5321, "time_iter": 0.0613, "accuracy": 0.75719, "precision": 0.73446, "recall": 0.59633, "f1": 0.65823, "auc": 0.81548}
{"epoch": 35, "time_epoch": 8.53349, "eta": 608.99676, "eta_hours": 0.16917, "loss": 0.52201287, "lr": 0.000727, "params": 5321, "time_iter": 0.06139, "accuracy": 0.7464, "precision": 0.74522, "recall": 0.5367, "f1": 0.624, "auc": 0.81406}
{"epoch": 36, "time_epoch": 8.536, "eta": 597.81326, "eta_hours": 0.16606, "loss": 0.515687, "lr": 0.00071289, "params": 5321, "time_iter": 0.06141, "accuracy": 0.7518, "precision": 0.71277, "recall": 0.61468, "f1": 0.6601, "auc": 0.81802}
{"epoch": 37, "time_epoch": 8.52955, "eta": 586.75858, "eta_hours": 0.16299, "loss": 0.51405075, "lr": 0.00069857, "params": 5321, "time_iter": 0.06136, "accuracy": 0.7554, "precision": 0.72778, "recall": 0.60092, "f1": 0.65829, "auc": 0.81703}
{"epoch": 38, "time_epoch": 8.53552, "eta": 575.84272, "eta_hours": 0.15996, "loss": 0.52318328, "lr": 0.00068406, "params": 5321, "time_iter": 0.06141, "accuracy": 0.7554, "precision": 0.71809, "recall": 0.61927, "f1": 0.66502, "auc": 0.81467}
{"epoch": 39, "time_epoch": 8.53376, "eta": 565.04325, "eta_hours": 0.15696, "loss": 0.52058084, "lr": 0.00066937, "params": 5321, "time_iter": 0.06139, "accuracy": 0.7554, "precision": 0.74405, "recall": 0.57339, "f1": 0.64767, "auc": 0.82745}
{"epoch": 40, "time_epoch": 8.54026, "eta": 554.36365, "eta_hours": 0.15399, "loss": 0.50404079, "lr": 0.00065451, "params": 5321, "time_iter": 0.06144, "accuracy": 0.76259, "precision": 0.72165, "recall": 0.6422, "f1": 0.67961, "auc": 0.8307}
{"epoch": 41, "time_epoch": 8.53231, "eta": 543.77495, "eta_hours": 0.15105, "loss": 0.52013335, "lr": 0.0006395, "params": 5321, "time_iter": 0.06138, "accuracy": 0.77698, "precision": 0.75269, "recall": 0.6422, "f1": 0.69307, "auc": 0.82584}
{"epoch": 42, "time_epoch": 8.54232, "eta": 533.29517, "eta_hours": 0.14814, "loss": 0.50535854, "lr": 0.00062434, "params": 5321, "time_iter": 0.06146, "accuracy": 0.76439, "precision": 0.73262, "recall": 0.62844, "f1": 0.67654, "auc": 0.83607}
{"epoch": 43, "time_epoch": 8.53791, "eta": 522.89783, "eta_hours": 0.14525, "loss": 0.50669268, "lr": 0.00060907, "params": 5321, "time_iter": 0.06142, "accuracy": 0.75899, "precision": 0.73333, "recall": 0.6055, "f1": 0.66332, "auc": 0.82958}
{"epoch": 44, "time_epoch": 8.54503, "eta": 512.59185, "eta_hours": 0.14239, "loss": 0.50967422, "lr": 0.00059369, "params": 5321, "time_iter": 0.06148, "accuracy": 0.7554, "precision": 0.71809, "recall": 0.61927, "f1": 0.66502, "auc": 0.82513}
{"epoch": 45, "time_epoch": 8.53322, "eta": 502.34856, "eta_hours": 0.13954, "loss": 0.5160896, "lr": 0.00057822, "params": 5321, "time_iter": 0.06139, "accuracy": 0.76439, "precision": 0.71014, "recall": 0.67431, "f1": 0.69176, "auc": 0.82718}
{"epoch": 46, "time_epoch": 8.52671, "eta": 492.17069, "eta_hours": 0.13671, "loss": 0.50658268, "lr": 0.00056267, "params": 5321, "time_iter": 0.06134, "accuracy": 0.77518, "precision": 0.73367, "recall": 0.66972, "f1": 0.70024, "auc": 0.82892}
{"epoch": 47, "time_epoch": 8.5354, "eta": 482.07104, "eta_hours": 0.13391, "loss": 0.52753177, "lr": 0.00054705, "params": 5321, "time_iter": 0.06141, "accuracy": 0.76619, "precision": 0.72917, "recall": 0.6422, "f1": 0.68293, "auc": 0.82605}
{"epoch": 48, "time_epoch": 8.50539, "eta": 472.004, "eta_hours": 0.13111, "loss": 0.5286721, "lr": 0.0005314, "params": 5321, "time_iter": 0.06119, "accuracy": 0.7482, "precision": 0.69118, "recall": 0.64679, "f1": 0.66825, "auc": 0.82292}
{"epoch": 49, "time_epoch": 8.52683, "eta": 462.02087, "eta_hours": 0.12834, "loss": 0.48105389, "lr": 0.00051571, "params": 5321, "time_iter": 0.06134, "accuracy": 0.76619, "precision": 0.74444, "recall": 0.61468, "f1": 0.67337, "auc": 0.84113}
{"epoch": 50, "time_epoch": 8.53574, "eta": 452.1034, "eta_hours": 0.12558, "loss": 0.50603934, "lr": 0.0005, "params": 5321, "time_iter": 0.06141, "accuracy": 0.77518, "precision": 0.72249, "recall": 0.69266, "f1": 0.70726, "auc": 0.82954}
{"epoch": 51, "time_epoch": 8.5412, "eta": 442.24413, "eta_hours": 0.12285, "loss": 0.50151582, "lr": 0.00048429, "params": 5321, "time_iter": 0.06145, "accuracy": 0.76079, "precision": 0.71574, "recall": 0.64679, "f1": 0.67952, "auc": 0.83519}
{"epoch": 52, "time_epoch": 8.52222, "eta": 432.41776, "eta_hours": 0.12012, "loss": 0.55119938, "lr": 0.0004686, "params": 5321, "time_iter": 0.06131, "accuracy": 0.76978, "precision": 0.73438, "recall": 0.64679, "f1": 0.6878, "auc": 0.82468}
{"epoch": 53, "time_epoch": 8.51077, "eta": 422.62994, "eta_hours": 0.1174, "loss": 0.51931496, "lr": 0.00045295, "params": 5321, "time_iter": 0.06123, "accuracy": 0.7536, "precision": 0.71658, "recall": 0.61468, "f1": 0.66173, "auc": 0.82755}
{"epoch": 54, "time_epoch": 8.53818, "eta": 412.91099, "eta_hours": 0.1147, "loss": 0.51394765, "lr": 0.00043733, "params": 5321, "time_iter": 0.06143, "accuracy": 0.75899, "precision": 0.72581, "recall": 0.61927, "f1": 0.66832, "auc": 0.82578}
{"epoch": 55, "time_epoch": 8.52589, "eta": 403.22454, "eta_hours": 0.11201, "loss": 0.51244012, "lr": 0.00042178, "params": 5321, "time_iter": 0.06134, "accuracy": 0.75899, "precision": 0.72105, "recall": 0.62844, "f1": 0.67157, "auc": 0.82764}
{"epoch": 56, "time_epoch": 8.5069, "eta": 393.5645, "eta_hours": 0.10932, "loss": 0.49765945, "lr": 0.00040631, "params": 5321, "time_iter": 0.0612, "accuracy": 0.76619, "precision": 0.74176, "recall": 0.61927, "f1": 0.675, "auc": 0.83961}
{"epoch": 57, "time_epoch": 8.53291, "eta": 383.96305, "eta_hours": 0.10666, "loss": 0.50898649, "lr": 0.00039093, "params": 5321, "time_iter": 0.06139, "accuracy": 0.77518, "precision": 0.73367, "recall": 0.66972, "f1": 0.70024, "auc": 0.83287}
{"epoch": 58, "time_epoch": 8.5284, "eta": 374.39468, "eta_hours": 0.104, "loss": 0.51616831, "lr": 0.00037566, "params": 5321, "time_iter": 0.06136, "accuracy": 0.76439, "precision": 0.72081, "recall": 0.65138, "f1": 0.68434, "auc": 0.83209}
{"epoch": 59, "time_epoch": 8.52722, "eta": 364.8602, "eta_hours": 0.10135, "loss": 0.5343167, "lr": 0.0003605, "params": 5321, "time_iter": 0.06135, "accuracy": 0.75899, "precision": 0.72105, "recall": 0.62844, "f1": 0.67157, "auc": 0.82338}
{"epoch": 60, "time_epoch": 8.50094, "eta": 355.34194, "eta_hours": 0.09871, "loss": 0.52644761, "lr": 0.00034549, "params": 5321, "time_iter": 0.06116, "accuracy": 0.77878, "precision": 0.75676, "recall": 0.6422, "f1": 0.69479, "auc": 0.82832}
{"epoch": 61, "time_epoch": 8.52821, "eta": 345.87321, "eta_hours": 0.09608, "loss": 0.53076556, "lr": 0.00033063, "params": 5321, "time_iter": 0.06135, "accuracy": 0.76619, "precision": 0.72222, "recall": 0.65596, "f1": 0.6875, "auc": 0.82789}
{"epoch": 62, "time_epoch": 8.52516, "eta": 336.43255, "eta_hours": 0.09345, "loss": 0.5461798, "lr": 0.00031594, "params": 5321, "time_iter": 0.06133, "accuracy": 0.75719, "precision": 0.73446, "recall": 0.59633, "f1": 0.65823, "auc": 0.82871}
{"epoch": 63, "time_epoch": 8.52897, "eta": 327.02264, "eta_hours": 0.09084, "loss": 0.50655542, "lr": 0.00030143, "params": 5321, "time_iter": 0.06136, "accuracy": 0.76259, "precision": 0.72632, "recall": 0.63303, "f1": 0.67647, "auc": 0.8319}
{"epoch": 64, "time_epoch": 8.52259, "eta": 317.6364, "eta_hours": 0.08823, "loss": 0.51301052, "lr": 0.00028711, "params": 5321, "time_iter": 0.06131, "accuracy": 0.77338, "precision": 0.75556, "recall": 0.62385, "f1": 0.68342, "auc": 0.83294}
{"epoch": 65, "time_epoch": 8.5223, "eta": 308.27618, "eta_hours": 0.08563, "loss": 0.49999437, "lr": 0.000273, "params": 5321, "time_iter": 0.06131, "accuracy": 0.78237, "precision": 0.75661, "recall": 0.65596, "f1": 0.7027, "auc": 0.83819}
{"epoch": 66, "time_epoch": 8.53014, "eta": 298.94484, "eta_hours": 0.08304, "loss": 0.52866084, "lr": 0.00025912, "params": 5321, "time_iter": 0.06137, "accuracy": 0.76619, "precision": 0.72449, "recall": 0.65138, "f1": 0.68599, "auc": 0.82095}
{"epoch": 67, "time_epoch": 8.51977, "eta": 289.63218, "eta_hours": 0.08045, "loss": 0.53673123, "lr": 0.00024548, "params": 5321, "time_iter": 0.06129, "accuracy": 0.76799, "precision": 0.73298, "recall": 0.6422, "f1": 0.6846, "auc": 0.82782}
{"epoch": 68, "time_epoch": 8.53142, "eta": 280.34774, "eta_hours": 0.07787, "loss": 0.51687837, "lr": 0.00023209, "params": 5321, "time_iter": 0.06138, "accuracy": 0.76259, "precision": 0.72165, "recall": 0.6422, "f1": 0.67961, "auc": 0.83241}
{"epoch": 69, "time_epoch": 8.53769, "eta": 271.0875, "eta_hours": 0.0753, "loss": 0.49820429, "lr": 0.00021896, "params": 5321, "time_iter": 0.06142, "accuracy": 0.78417, "precision": 0.75789, "recall": 0.66055, "f1": 0.70588, "auc": 0.83577}
{"epoch": 70, "time_epoch": 8.54514, "eta": 261.85066, "eta_hours": 0.07274, "loss": 0.52166718, "lr": 0.00020611, "params": 5321, "time_iter": 0.06148, "accuracy": 0.76079, "precision": 0.71357, "recall": 0.65138, "f1": 0.68106, "auc": 0.83171}
{"epoch": 71, "time_epoch": 8.65335, "eta": 252.67511, "eta_hours": 0.07019, "loss": 0.51835004, "lr": 0.00019355, "params": 5321, "time_iter": 0.06225, "accuracy": 0.76978, "precision": 0.725, "recall": 0.66514, "f1": 0.69378, "auc": 0.82762}
{"epoch": 72, "time_epoch": 8.52016, "eta": 243.4646, "eta_hours": 0.06763, "loss": 0.51561549, "lr": 0.00018129, "params": 5321, "time_iter": 0.0613, "accuracy": 0.75899, "precision": 0.71212, "recall": 0.64679, "f1": 0.67788, "auc": 0.8338}
{"epoch": 73, "time_epoch": 8.52308, "eta": 234.27379, "eta_hours": 0.06508, "loss": 0.51366838, "lr": 0.00016934, "params": 5321, "time_iter": 0.06132, "accuracy": 0.77338, "precision": 0.73, "recall": 0.66972, "f1": 0.69856, "auc": 0.83528}
{"epoch": 74, "time_epoch": 8.51314, "eta": 225.09746, "eta_hours": 0.06253, "loss": 0.51905472, "lr": 0.00015773, "params": 5321, "time_iter": 0.06125, "accuracy": 0.76259, "precision": 0.715, "recall": 0.65596, "f1": 0.68421, "auc": 0.82909}
{"epoch": 75, "time_epoch": 8.50922, "eta": 215.93735, "eta_hours": 0.05998, "loss": 0.51050517, "lr": 0.00014645, "params": 5321, "time_iter": 0.06122, "accuracy": 0.76439, "precision": 0.71429, "recall": 0.66514, "f1": 0.68884, "auc": 0.83038}
{"epoch": 76, "time_epoch": 8.51906, "eta": 206.79708, "eta_hours": 0.05744, "loss": 0.50428556, "lr": 0.00013552, "params": 5321, "time_iter": 0.06129, "accuracy": 0.76619, "precision": 0.73158, "recall": 0.63761, "f1": 0.68137, "auc": 0.83542}
{"epoch": 77, "time_epoch": 8.52155, "eta": 197.67344, "eta_hours": 0.05491, "loss": 0.51783364, "lr": 0.00012494, "params": 5321, "time_iter": 0.06131, "accuracy": 0.76439, "precision": 0.71642, "recall": 0.66055, "f1": 0.68735, "auc": 0.83638}
{"epoch": 78, "time_epoch": 8.518, "eta": 188.56411, "eta_hours": 0.05238, "loss": 0.50982104, "lr": 0.00011474, "params": 5321, "time_iter": 0.06128, "accuracy": 0.76978, "precision": 0.725, "recall": 0.66514, "f1": 0.69378, "auc": 0.83587}
{"epoch": 79, "time_epoch": 8.51903, "eta": 179.46981, "eta_hours": 0.04985, "loss": 0.51146627, "lr": 0.00010492, "params": 5321, "time_iter": 0.06129, "accuracy": 0.77158, "precision": 0.72414, "recall": 0.67431, "f1": 0.69834, "auc": 0.8383}
{"epoch": 80, "time_epoch": 8.52187, "eta": 170.39038, "eta_hours": 0.04733, "loss": 0.53499158, "lr": 9.549e-05, "params": 5321, "time_iter": 0.06131, "accuracy": 0.75899, "precision": 0.70792, "recall": 0.65596, "f1": 0.68095, "auc": 0.82781}
{"epoch": 81, "time_epoch": 8.51747, "eta": 161.32359, "eta_hours": 0.04481, "loss": 0.517352, "lr": 8.646e-05, "params": 5321, "time_iter": 0.06128, "accuracy": 0.76619, "precision": 0.7268, "recall": 0.64679, "f1": 0.68447, "auc": 0.83091}
{"epoch": 82, "time_epoch": 8.5327, "eta": 152.27315, "eta_hours": 0.0423, "loss": 0.51804829, "lr": 7.784e-05, "params": 5321, "time_iter": 0.06139, "accuracy": 0.77518, "precision": 0.73604, "recall": 0.66514, "f1": 0.6988, "auc": 0.83596}
{"epoch": 83, "time_epoch": 8.50816, "eta": 143.23037, "eta_hours": 0.03979, "loss": 0.50789501, "lr": 6.963e-05, "params": 5321, "time_iter": 0.06121, "accuracy": 0.76439, "precision": 0.72775, "recall": 0.63761, "f1": 0.67971, "auc": 0.84081}
{"epoch": 84, "time_epoch": 8.50724, "eta": 134.2, "eta_hours": 0.03728, "loss": 0.51608312, "lr": 6.185e-05, "params": 5321, "time_iter": 0.0612, "accuracy": 0.76259, "precision": 0.72632, "recall": 0.63303, "f1": 0.67647, "auc": 0.83327}
{"epoch": 85, "time_epoch": 8.52407, "eta": 125.18454, "eta_hours": 0.03477, "loss": 0.50245824, "lr": 5.45e-05, "params": 5321, "time_iter": 0.06132, "accuracy": 0.78237, "precision": 0.75936, "recall": 0.65138, "f1": 0.70123, "auc": 0.83642}
{"epoch": 86, "time_epoch": 8.52566, "eta": 116.18061, "eta_hours": 0.03227, "loss": 0.51106975, "lr": 4.759e-05, "params": 5321, "time_iter": 0.06134, "accuracy": 0.77158, "precision": 0.74332, "recall": 0.63761, "f1": 0.68642, "auc": 0.83558}
{"epoch": 87, "time_epoch": 8.53869, "eta": 107.18933, "eta_hours": 0.02977, "loss": 0.50038043, "lr": 4.112e-05, "params": 5321, "time_iter": 0.06143, "accuracy": 0.79317, "precision": 0.77838, "recall": 0.66055, "f1": 0.71464, "auc": 0.84258}
{"epoch": 88, "time_epoch": 8.52914, "eta": 98.20704, "eta_hours": 0.02728, "loss": 0.49215218, "lr": 3.511e-05, "params": 5321, "time_iter": 0.06136, "accuracy": 0.78597, "precision": 0.76471, "recall": 0.65596, "f1": 0.70617, "auc": 0.84462}
{"epoch": 89, "time_epoch": 8.5244, "eta": 89.23429, "eta_hours": 0.02479, "loss": 0.51500242, "lr": 2.956e-05, "params": 5321, "time_iter": 0.06133, "accuracy": 0.77698, "precision": 0.7398, "recall": 0.66514, "f1": 0.70048, "auc": 0.83494}
{"epoch": 90, "time_epoch": 8.52872, "eta": 80.27183, "eta_hours": 0.0223, "loss": 0.51250782, "lr": 2.447e-05, "params": 5321, "time_iter": 0.06136, "accuracy": 0.76079, "precision": 0.71795, "recall": 0.6422, "f1": 0.67797, "auc": 0.83406}
{"epoch": 91, "time_epoch": 8.52464, "eta": 71.31843, "eta_hours": 0.01981, "loss": 0.52303914, "lr": 1.985e-05, "params": 5321, "time_iter": 0.06133, "accuracy": 0.76439, "precision": 0.71642, "recall": 0.66055, "f1": 0.68735, "auc": 0.83026}
{"epoch": 92, "time_epoch": 8.51628, "eta": 62.37363, "eta_hours": 0.01733, "loss": 0.47719941, "lr": 1.571e-05, "params": 5321, "time_iter": 0.06127, "accuracy": 0.77338, "precision": 0.73958, "recall": 0.65138, "f1": 0.69268, "auc": 0.84647}
{"epoch": 93, "time_epoch": 8.53284, "eta": 53.43901, "eta_hours": 0.01484, "loss": 0.4997247, "lr": 1.204e-05, "params": 5321, "time_iter": 0.06139, "accuracy": 0.77698, "precision": 0.74227, "recall": 0.66055, "f1": 0.69903, "auc": 0.83859}
{"epoch": 94, "time_epoch": 8.51374, "eta": 44.51183, "eta_hours": 0.01236, "loss": 0.49273146, "lr": 8.86e-06, "params": 5321, "time_iter": 0.06125, "accuracy": 0.77338, "precision": 0.73711, "recall": 0.65596, "f1": 0.69417, "auc": 0.84375}
{"epoch": 95, "time_epoch": 8.52662, "eta": 35.59381, "eta_hours": 0.00989, "loss": 0.48598878, "lr": 6.16e-06, "params": 5321, "time_iter": 0.06134, "accuracy": 0.78417, "precision": 0.75258, "recall": 0.66972, "f1": 0.70874, "auc": 0.84682}
{"epoch": 96, "time_epoch": 8.50741, "eta": 26.68326, "eta_hours": 0.00741, "loss": 0.51426082, "lr": 3.94e-06, "params": 5321, "time_iter": 0.0612, "accuracy": 0.76259, "precision": 0.72165, "recall": 0.6422, "f1": 0.67961, "auc": 0.82859}
{"epoch": 97, "time_epoch": 8.51052, "eta": 17.78101, "eta_hours": 0.00494, "loss": 0.49223461, "lr": 2.22e-06, "params": 5321, "time_iter": 0.06123, "accuracy": 0.78597, "precision": 0.75127, "recall": 0.6789, "f1": 0.71325, "auc": 0.84294}
{"epoch": 98, "time_epoch": 8.5209, "eta": 8.88677, "eta_hours": 0.00247, "loss": 0.50249886, "lr": 9.9e-07, "params": 5321, "time_iter": 0.0613, "accuracy": 0.77878, "precision": 0.74611, "recall": 0.66055, "f1": 0.70073, "auc": 0.83598}
{"epoch": 99, "time_epoch": 8.52889, "eta": 0.0, "eta_hours": 0.0, "loss": 0.47531205, "lr": 2.5e-07, "params": 5321, "time_iter": 0.06136, "accuracy": 0.78237, "precision": 0.7513, "recall": 0.66514, "f1": 0.7056, "auc": 0.85142}
