{"epoch": 0, "time_epoch": 2.46741, "eta": 244.27315, "eta_hours": 0.06785, "loss": 0.69593036, "lr": 0.001, "params": 5327, "time_iter": 0.06493, "accuracy": 0.52, "precision": 0.52, "recall": 1.0, "f1": 0.68421, "auc": 0.38942}
{"epoch": 1, "time_epoch": 2.5831, "eta": 247.47453, "eta_hours": 0.06874, "loss": 0.69412549, "lr": 0.00099975, "params": 5327, "time_iter": 0.06798, "accuracy": 0.52, "precision": 0.52, "recall": 1.0, "f1": 0.68421, "auc": 0.39815}
{"epoch": 2, "time_epoch": 2.55478, "eta": 245.90405, "eta_hours": 0.06831, "loss": 0.6934719, "lr": 0.00099901, "params": 5327, "time_iter": 0.06723, "accuracy": 0.52, "precision": 0.52, "recall": 1.0, "f1": 0.68421, "auc": 0.3953}
{"epoch": 3, "time_epoch": 2.57775, "eta": 244.39261, "eta_hours": 0.06789, "loss": 0.69288133, "lr": 0.00099778, "params": 5327, "time_iter": 0.06784, "accuracy": 0.52, "precision": 0.52, "recall": 1.0, "f1": 0.68421, "auc": 0.45726}
{"epoch": 4, "time_epoch": 2.61305, "eta": 243.12545, "eta_hours": 0.06753, "loss": 0.69284662, "lr": 0.00099606, "params": 5327, "time_iter": 0.06876, "accuracy": 0.52, "precision": 0.52, "recall": 1.0, "f1": 0.68421, "auc": 0.42895}
{"epoch": 5, "time_epoch": 2.51428, "eta": 239.86225, "eta_hours": 0.06663, "loss": 0.69327449, "lr": 0.00099384, "params": 5327, "time_iter": 0.06617, "accuracy": 0.52, "precision": 0.52, "recall": 1.0, "f1": 0.68421, "auc": 0.41346}
{"epoch": 6, "time_epoch": 2.46795, "eta": 236.19749, "eta_hours": 0.06561, "loss": 0.69293815, "lr": 0.00099114, "params": 5327, "time_iter": 0.06495, "accuracy": 0.52, "precision": 0.52, "recall": 1.0, "f1": 0.68421, "auc": 0.42575}
{"epoch": 7, "time_epoch": 2.47244, "eta": 232.8836, "eta_hours": 0.06469, "loss": 0.69303743, "lr": 0.00098796, "params": 5327, "time_iter": 0.06506, "accuracy": 0.52, "precision": 0.52, "recall": 1.0, "f1": 0.68421, "auc": 0.42076}
{"epoch": 8, "time_epoch": 2.55716, "eta": 230.61334, "eta_hours": 0.06406, "loss": 0.692491, "lr": 0.00098429, "params": 5327, "time_iter": 0.06729, "accuracy": 0.52, "precision": 0.52, "recall": 1.0, "f1": 0.68421, "auc": 0.50783}
{"epoch": 9, "time_epoch": 2.56315, "eta": 228.33956, "eta_hours": 0.06343, "loss": 0.6928608, "lr": 0.00098015, "params": 5327, "time_iter": 0.06745, "accuracy": 0.52, "precision": 0.52, "recall": 1.0, "f1": 0.68421, "auc": 0.46741}
{"epoch": 10, "time_epoch": 2.56614, "eta": 226.03737, "eta_hours": 0.06279, "loss": 0.69265128, "lr": 0.00097553, "params": 5327, "time_iter": 0.06753, "accuracy": 0.52, "precision": 0.52, "recall": 1.0, "f1": 0.68421, "auc": 0.45246}
{"epoch": 11, "time_epoch": 2.55716, "eta": 223.62537, "eta_hours": 0.06212, "loss": 0.69281735, "lr": 0.00097044, "params": 5327, "time_iter": 0.06729, "accuracy": 0.52, "precision": 0.52, "recall": 1.0, "f1": 0.68421, "auc": 0.4318}
{"epoch": 12, "time_epoch": 2.51628, "eta": 220.91739, "eta_hours": 0.06137, "loss": 0.69289737, "lr": 0.00096489, "params": 5327, "time_iter": 0.06622, "accuracy": 0.52, "precision": 0.52, "recall": 1.0, "f1": 0.68421, "auc": 0.42325}
{"epoch": 13, "time_epoch": 2.53921, "eta": 218.3777, "eta_hours": 0.06066, "loss": 0.69347169, "lr": 0.00095888, "params": 5327, "time_iter": 0.06682, "accuracy": 0.52, "precision": 0.52, "recall": 1.0, "f1": 0.68421, "auc": 0.37536}
{"epoch": 14, "time_epoch": 2.57213, "eta": 216.02457, "eta_hours": 0.06001, "loss": 0.69282402, "lr": 0.00095241, "params": 5327, "time_iter": 0.06769, "accuracy": 0.52, "precision": 0.52, "recall": 1.0, "f1": 0.68421, "auc": 0.39637}
{"epoch": 15, "time_epoch": 2.51727, "eta": 213.35609, "eta_hours": 0.05927, "loss": 0.69301325, "lr": 0.0009455, "params": 5327, "time_iter": 0.06624, "accuracy": 0.52, "precision": 0.52, "recall": 1.0, "f1": 0.68421, "auc": 0.3953}
{"epoch": 16, "time_epoch": 2.55617, "eta": 210.8953, "eta_hours": 0.05858, "loss": 0.69278164, "lr": 0.00093815, "params": 5327, "time_iter": 0.06727, "accuracy": 0.52, "precision": 0.52, "recall": 1.0, "f1": 0.68421, "auc": 0.41738}
{"epoch": 17, "time_epoch": 2.53323, "eta": 208.31941, "eta_hours": 0.05787, "loss": 0.69258237, "lr": 0.00093037, "params": 5327, "time_iter": 0.06666, "accuracy": 0.52, "precision": 0.52, "recall": 1.0, "f1": 0.68421, "auc": 0.38978}
{"epoch": 18, "time_epoch": 2.51129, "eta": 205.65448, "eta_hours": 0.05713, "loss": 0.69266835, "lr": 0.00092216, "params": 5327, "time_iter": 0.06609, "accuracy": 0.52, "precision": 0.52, "recall": 1.0, "f1": 0.68421, "auc": 0.46403}
{"epoch": 19, "time_epoch": 2.57611, "eta": 203.26422, "eta_hours": 0.05646, "loss": 0.69222582, "lr": 0.00091354, "params": 5327, "time_iter": 0.06779, "accuracy": 0.52, "precision": 0.52, "recall": 1.0, "f1": 0.68421, "auc": 0.5073}
{"epoch": 20, "time_epoch": 2.45118, "eta": 200.38626, "eta_hours": 0.05566, "loss": 0.69249962, "lr": 0.00090451, "params": 5327, "time_iter": 0.0645, "accuracy": 0.52, "precision": 0.52, "recall": 1.0, "f1": 0.68421, "auc": 0.50338}
{"epoch": 21, "time_epoch": 2.52924, "eta": 197.82387, "eta_hours": 0.05495, "loss": 0.69298998, "lr": 0.00089508, "params": 5327, "time_iter": 0.06656, "accuracy": 0.52, "precision": 0.52, "recall": 1.0, "f1": 0.68421, "auc": 0.46706}
{"epoch": 22, "time_epoch": 2.59307, "eta": 195.47803, "eta_hours": 0.0543, "loss": 0.69339677, "lr": 0.00088526, "params": 5327, "time_iter": 0.06824, "accuracy": 0.52, "precision": 0.52, "recall": 1.0, "f1": 0.68421, "auc": 0.45388}
{"epoch": 23, "time_epoch": 2.92441, "eta": 194.16086, "eta_hours": 0.05393, "loss": 0.69261089, "lr": 0.00087506, "params": 5327, "time_iter": 0.07696, "accuracy": 0.52, "precision": 0.52, "recall": 1.0, "f1": 0.68421, "auc": 0.46777}
{"epoch": 24, "time_epoch": 3.07678, "eta": 193.1722, "eta_hours": 0.05366, "loss": 0.69184044, "lr": 0.00086448, "params": 5327, "time_iter": 0.08097, "accuracy": 0.52, "precision": 0.52, "recall": 1.0, "f1": 0.68421, "auc": 0.53437}
{"epoch": 25, "time_epoch": 2.79488, "eta": 191.2206, "eta_hours": 0.05312, "loss": 0.69224453, "lr": 0.00085355, "params": 5327, "time_iter": 0.07355, "accuracy": 0.52, "precision": 0.52, "recall": 1.0, "f1": 0.68421, "auc": 0.48967}
{"epoch": 26, "time_epoch": 2.51132, "eta": 188.43986, "eta_hours": 0.05234, "loss": 0.69097437, "lr": 0.00084227, "params": 5327, "time_iter": 0.06609, "accuracy": 0.52667, "precision": 0.52349, "recall": 1.0, "f1": 0.68722, "auc": 0.54149}
{"epoch": 27, "time_epoch": 2.46342, "eta": 185.55519, "eta_hours": 0.05154, "loss": 0.69207881, "lr": 0.00083066, "params": 5327, "time_iter": 0.06483, "accuracy": 0.5, "precision": 0.51064, "recall": 0.92308, "f1": 0.65753, "auc": 0.50873}
{"epoch": 28, "time_epoch": 2.47394, "eta": 182.72533, "eta_hours": 0.05076, "loss": 0.69295512, "lr": 0.00081871, "params": 5327, "time_iter": 0.0651, "accuracy": 0.52667, "precision": 0.52414, "recall": 0.97436, "f1": 0.68161, "auc": 0.45958}
{"epoch": 29, "time_epoch": 2.52026, "eta": 180.02728, "eta_hours": 0.05001, "loss": 0.69073719, "lr": 0.00080645, "params": 5327, "time_iter": 0.06632, "accuracy": 0.53333, "precision": 0.52899, "recall": 0.9359, "f1": 0.67593, "auc": 0.54024}
{"epoch": 30, "time_epoch": 2.52226, "eta": 177.34515, "eta_hours": 0.04926, "loss": 0.69295058, "lr": 0.00079389, "params": 5327, "time_iter": 0.06638, "accuracy": 0.53333, "precision": 0.52778, "recall": 0.97436, "f1": 0.68468, "auc": 0.46635}
{"epoch": 31, "time_epoch": 2.44546, "eta": 174.50982, "eta_hours": 0.04847, "loss": 0.6932472, "lr": 0.00078104, "params": 5327, "time_iter": 0.06435, "accuracy": 0.53333, "precision": 0.52899, "recall": 0.9359, "f1": 0.67593, "auc": 0.47917}
{"epoch": 32, "time_epoch": 2.57312, "eta": 171.95731, "eta_hours": 0.04777, "loss": 0.69069773, "lr": 0.00076791, "params": 5327, "time_iter": 0.06771, "accuracy": 0.54667, "precision": 0.53676, "recall": 0.9359, "f1": 0.68224, "auc": 0.51887}
{"epoch": 33, "time_epoch": 2.59706, "eta": 169.45005, "eta_hours": 0.04707, "loss": 0.69197329, "lr": 0.00075452, "params": 5327, "time_iter": 0.06834, "accuracy": 0.51333, "precision": 0.52066, "recall": 0.80769, "f1": 0.63317, "auc": 0.50588}
{"epoch": 34, "time_epoch": 2.55816, "eta": 166.86543, "eta_hours": 0.04635, "loss": 0.69012213, "lr": 0.00074088, "params": 5327, "time_iter": 0.06732, "accuracy": 0.57333, "precision": 0.55932, "recall": 0.84615, "f1": 0.67347, "auc": 0.5057}
{"epoch": 35, "time_epoch": 2.58433, "eta": 164.32878, "eta_hours": 0.04565, "loss": 0.68631481, "lr": 0.000727, "params": 5327, "time_iter": 0.06801, "accuracy": 0.59333, "precision": 0.57265, "recall": 0.85897, "f1": 0.68718, "auc": 0.58494}
{"epoch": 36, "time_epoch": 2.52529, "eta": 161.68904, "eta_hours": 0.04491, "loss": 0.69298881, "lr": 0.00071289, "params": 5327, "time_iter": 0.06645, "accuracy": 0.52, "precision": 0.52308, "recall": 0.87179, "f1": 0.65385, "auc": 0.47881}
{"epoch": 37, "time_epoch": 2.57612, "eta": 159.13824, "eta_hours": 0.04421, "loss": 0.69081333, "lr": 0.00069857, "params": 5327, "time_iter": 0.06779, "accuracy": 0.55333, "precision": 0.54135, "recall": 0.92308, "f1": 0.68246, "auc": 0.53401}
{"epoch": 38, "time_epoch": 2.56315, "eta": 156.56587, "eta_hours": 0.04349, "loss": 0.68826144, "lr": 0.00068406, "params": 5327, "time_iter": 0.06745, "accuracy": 0.56667, "precision": 0.55118, "recall": 0.89744, "f1": 0.68293, "auc": 0.54452}
{"epoch": 39, "time_epoch": 2.54221, "eta": 153.96255, "eta_hours": 0.04277, "loss": 0.69201246, "lr": 0.00066937, "params": 5327, "time_iter": 0.0669, "accuracy": 0.56667, "precision": 0.55556, "recall": 0.83333, "f1": 0.66667, "auc": 0.49145}
{"epoch": 40, "time_epoch": 2.4432, "eta": 151.21973, "eta_hours": 0.04201, "loss": 0.69046497, "lr": 0.00065451, "params": 5327, "time_iter": 0.06429, "accuracy": 0.50667, "precision": 0.51639, "recall": 0.80769, "f1": 0.63, "auc": 0.53935}
{"epoch": 41, "time_epoch": 2.54824, "eta": 148.63624, "eta_hours": 0.04129, "loss": 0.68839037, "lr": 0.0006395, "params": 5327, "time_iter": 0.06706, "accuracy": 0.50667, "precision": 0.51613, "recall": 0.82051, "f1": 0.63366, "auc": 0.55591}
{"epoch": 42, "time_epoch": 2.50032, "eta": 145.99086, "eta_hours": 0.04055, "loss": 0.6817995, "lr": 0.00062434, "params": 5327, "time_iter": 0.0658, "accuracy": 0.60667, "precision": 0.5812, "recall": 0.87179, "f1": 0.69744, "auc": 0.63551}
{"epoch": 43, "time_epoch": 2.54707, "eta": 143.41158, "eta_hours": 0.03984, "loss": 0.68901925, "lr": 0.00060907, "params": 5327, "time_iter": 0.06703, "accuracy": 0.55333, "precision": 0.5534, "recall": 0.73077, "f1": 0.62983, "auc": 0.53579}
{"epoch": 44, "time_epoch": 2.56814, "eta": 140.85947, "eta_hours": 0.03913, "loss": 0.6723407, "lr": 0.00059369, "params": 5327, "time_iter": 0.06758, "accuracy": 0.58, "precision": 0.56757, "recall": 0.80769, "f1": 0.66667, "auc": 0.64227}
{"epoch": 45, "time_epoch": 2.98956, "eta": 138.80139, "eta_hours": 0.03856, "loss": 0.69301095, "lr": 0.00057822, "params": 5327, "time_iter": 0.07867, "accuracy": 0.54667, "precision": 0.55, "recall": 0.70513, "f1": 0.61798, "auc": 0.52083}
{"epoch": 46, "time_epoch": 3.01195, "eta": 136.72892, "eta_hours": 0.03798, "loss": 0.69441841, "lr": 0.00056267, "params": 5327, "time_iter": 0.07926, "accuracy": 0.49333, "precision": 0.50962, "recall": 0.67949, "f1": 0.58242, "auc": 0.5041}
{"epoch": 47, "time_epoch": 2.70378, "eta": 134.28344, "eta_hours": 0.0373, "loss": 0.69269478, "lr": 0.00054705, "params": 5327, "time_iter": 0.07115, "accuracy": 0.52, "precision": 0.52778, "recall": 0.73077, "f1": 0.6129, "auc": 0.50142}
{"epoch": 48, "time_epoch": 2.62299, "eta": 131.74334, "eta_hours": 0.0366, "loss": 0.68334102, "lr": 0.0005314, "params": 5327, "time_iter": 0.06903, "accuracy": 0.55333, "precision": 0.55046, "recall": 0.76923, "f1": 0.64171, "auc": 0.58369}
{"epoch": 49, "time_epoch": 2.52924, "eta": 129.10618, "eta_hours": 0.03586, "loss": 0.68318479, "lr": 0.00051571, "params": 5327, "time_iter": 0.06656, "accuracy": 0.58, "precision": 0.56522, "recall": 0.83333, "f1": 0.67358, "auc": 0.56571}
{"epoch": 50, "time_epoch": 2.58609, "eta": 126.52786, "eta_hours": 0.03515, "loss": 0.68469635, "lr": 0.0005, "params": 5327, "time_iter": 0.06805, "accuracy": 0.56667, "precision": 0.5619, "recall": 0.75641, "f1": 0.64481, "auc": 0.55128}
{"epoch": 51, "time_epoch": 2.59905, "eta": 123.96122, "eta_hours": 0.03443, "loss": 0.69647432, "lr": 0.00048429, "params": 5327, "time_iter": 0.0684, "accuracy": 0.49333, "precision": 0.50926, "recall": 0.70513, "f1": 0.5914, "auc": 0.47543}
{"epoch": 52, "time_epoch": 2.49013, "eta": 121.29675, "eta_hours": 0.03369, "loss": 0.68516137, "lr": 0.0004686, "params": 5327, "time_iter": 0.06553, "accuracy": 0.57333, "precision": 0.56731, "recall": 0.75641, "f1": 0.64835, "auc": 0.5536}
{"epoch": 53, "time_epoch": 2.59905, "eta": 118.73153, "eta_hours": 0.03298, "loss": 0.69003798, "lr": 0.00045295, "params": 5327, "time_iter": 0.0684, "accuracy": 0.56, "precision": 0.55556, "recall": 0.76923, "f1": 0.64516, "auc": 0.51318}
{"epoch": 54, "time_epoch": 2.60903, "eta": 116.17325, "eta_hours": 0.03227, "loss": 0.68277897, "lr": 0.00043733, "params": 5327, "time_iter": 0.06866, "accuracy": 0.57333, "precision": 0.56731, "recall": 0.75641, "f1": 0.64835, "auc": 0.5771}
{"epoch": 55, "time_epoch": 2.55517, "eta": 113.57083, "eta_hours": 0.03155, "loss": 0.68516885, "lr": 0.00042178, "params": 5327, "time_iter": 0.06724, "accuracy": 0.53333, "precision": 0.53704, "recall": 0.74359, "f1": 0.62366, "auc": 0.56214}
{"epoch": 56, "time_epoch": 2.51731, "eta": 110.94151, "eta_hours": 0.03082, "loss": 0.67880851, "lr": 0.00040631, "params": 5327, "time_iter": 0.06625, "accuracy": 0.56, "precision": 0.55882, "recall": 0.73077, "f1": 0.63333, "auc": 0.60862}
{"epoch": 57, "time_epoch": 2.52525, "eta": 108.32181, "eta_hours": 0.03009, "loss": 0.68030372, "lr": 0.00039093, "params": 5327, "time_iter": 0.06645, "accuracy": 0.64, "precision": 0.62, "recall": 0.79487, "f1": 0.69663, "auc": 0.59598}
{"epoch": 58, "time_epoch": 2.57415, "eta": 105.73928, "eta_hours": 0.02937, "loss": 0.67443925, "lr": 0.00037566, "params": 5327, "time_iter": 0.06774, "accuracy": 0.57333, "precision": 0.57, "recall": 0.73077, "f1": 0.64045, "auc": 0.61699}
{"epoch": 59, "time_epoch": 2.51229, "eta": 103.1158, "eta_hours": 0.02864, "loss": 0.69127872, "lr": 0.0003605, "params": 5327, "time_iter": 0.06611, "accuracy": 0.54667, "precision": 0.55102, "recall": 0.69231, "f1": 0.61364, "auc": 0.53561}
{"epoch": 60, "time_epoch": 2.51576, "eta": 100.49817, "eta_hours": 0.02792, "loss": 0.691137, "lr": 0.00034549, "params": 5327, "time_iter": 0.0662, "accuracy": 0.56667, "precision": 0.56566, "recall": 0.71795, "f1": 0.63277, "auc": 0.52796}
{"epoch": 61, "time_epoch": 2.52018, "eta": 97.88655, "eta_hours": 0.02719, "loss": 0.68014941, "lr": 0.00033063, "params": 5327, "time_iter": 0.06632, "accuracy": 0.58667, "precision": 0.57692, "recall": 0.76923, "f1": 0.65934, "auc": 0.57888}
{"epoch": 62, "time_epoch": 2.51431, "eta": 95.27438, "eta_hours": 0.02647, "loss": 0.68164229, "lr": 0.00031594, "params": 5327, "time_iter": 0.06617, "accuracy": 0.57333, "precision": 0.56731, "recall": 0.75641, "f1": 0.64835, "auc": 0.58013}
{"epoch": 63, "time_epoch": 2.48935, "eta": 92.65123, "eta_hours": 0.02574, "loss": 0.68261201, "lr": 0.00030143, "params": 5327, "time_iter": 0.06551, "accuracy": 0.56667, "precision": 0.56566, "recall": 0.71795, "f1": 0.63277, "auc": 0.57781}
{"epoch": 64, "time_epoch": 2.54648, "eta": 90.06295, "eta_hours": 0.02502, "loss": 0.67417258, "lr": 0.00028711, "params": 5327, "time_iter": 0.06701, "accuracy": 0.56667, "precision": 0.56566, "recall": 0.71795, "f1": 0.63277, "auc": 0.62108}
{"epoch": 65, "time_epoch": 2.74865, "eta": 87.58009, "eta_hours": 0.02433, "loss": 0.69566424, "lr": 0.000273, "params": 5327, "time_iter": 0.07233, "accuracy": 0.48, "precision": 0.5, "recall": 0.64103, "f1": 0.5618, "auc": 0.51282}
{"epoch": 66, "time_epoch": 2.51428, "eta": 84.97387, "eta_hours": 0.0236, "loss": 0.67898273, "lr": 0.00025912, "params": 5327, "time_iter": 0.06617, "accuracy": 0.56, "precision": 0.56, "recall": 0.71795, "f1": 0.62921, "auc": 0.58529}
{"epoch": 67, "time_epoch": 2.42932, "eta": 82.33036, "eta_hours": 0.02287, "loss": 0.69024579, "lr": 0.00024548, "params": 5327, "time_iter": 0.06393, "accuracy": 0.54667, "precision": 0.54902, "recall": 0.71795, "f1": 0.62222, "auc": 0.52226}
{"epoch": 68, "time_epoch": 2.47443, "eta": 79.71333, "eta_hours": 0.02214, "loss": 0.67810557, "lr": 0.00023209, "params": 5327, "time_iter": 0.06512, "accuracy": 0.58667, "precision": 0.57547, "recall": 0.78205, "f1": 0.66304, "auc": 0.58458}
{"epoch": 69, "time_epoch": 2.5442, "eta": 77.13028, "eta_hours": 0.02143, "loss": 0.68632503, "lr": 0.00021896, "params": 5327, "time_iter": 0.06695, "accuracy": 0.55333, "precision": 0.5534, "recall": 0.73077, "f1": 0.62983, "auc": 0.55182}
{"epoch": 70, "time_epoch": 2.41204, "eta": 74.49434, "eta_hours": 0.02069, "loss": 0.68241412, "lr": 0.00020611, "params": 5327, "time_iter": 0.06347, "accuracy": 0.51333, "precision": 0.52294, "recall": 0.73077, "f1": 0.60963, "auc": 0.57621}
{"epoch": 71, "time_epoch": 2.52026, "eta": 71.9067, "eta_hours": 0.01997, "loss": 0.66125265, "lr": 0.00019355, "params": 5327, "time_iter": 0.06632, "accuracy": 0.58667, "precision": 0.58, "recall": 0.74359, "f1": 0.65169, "auc": 0.68999}
{"epoch": 72, "time_epoch": 2.48052, "eta": 69.30621, "eta_hours": 0.01925, "loss": 0.68049889, "lr": 0.00018129, "params": 5327, "time_iter": 0.06528, "accuracy": 0.52667, "precision": 0.53271, "recall": 0.73077, "f1": 0.61622, "auc": 0.57977}
{"epoch": 73, "time_epoch": 2.52828, "eta": 66.72575, "eta_hours": 0.01853, "loss": 0.6799535, "lr": 0.00016934, "params": 5327, "time_iter": 0.06653, "accuracy": 0.56667, "precision": 0.56311, "recall": 0.74359, "f1": 0.64088, "auc": 0.57585}
{"epoch": 74, "time_epoch": 2.53323, "eta": 64.14833, "eta_hours": 0.01782, "loss": 0.69223684, "lr": 0.00015773, "params": 5327, "time_iter": 0.06666, "accuracy": 0.55333, "precision": 0.55446, "recall": 0.71795, "f1": 0.6257, "auc": 0.51496}
{"epoch": 75, "time_epoch": 2.42985, "eta": 61.53942, "eta_hours": 0.01709, "loss": 0.67349078, "lr": 0.00014645, "params": 5327, "time_iter": 0.06394, "accuracy": 0.56667, "precision": 0.56311, "recall": 0.74359, "f1": 0.64088, "auc": 0.61414}
{"epoch": 76, "time_epoch": 2.46843, "eta": 58.94669, "eta_hours": 0.01637, "loss": 0.68259308, "lr": 0.00013552, "params": 5327, "time_iter": 0.06496, "accuracy": 0.54667, "precision": 0.55, "recall": 0.70513, "f1": 0.61798, "auc": 0.5682}
{"epoch": 77, "time_epoch": 2.43549, "eta": 56.34785, "eta_hours": 0.01565, "loss": 0.68308873, "lr": 0.00012494, "params": 5327, "time_iter": 0.06409, "accuracy": 0.54667, "precision": 0.55208, "recall": 0.67949, "f1": 0.6092, "auc": 0.55342}
{"epoch": 78, "time_epoch": 2.4678, "eta": 53.76174, "eta_hours": 0.01493, "loss": 0.68177237, "lr": 0.00011474, "params": 5327, "time_iter": 0.06494, "accuracy": 0.54667, "precision": 0.54808, "recall": 0.73077, "f1": 0.62637, "auc": 0.57087}
{"epoch": 79, "time_epoch": 2.52126, "eta": 51.19195, "eta_hours": 0.01422, "loss": 0.68145717, "lr": 0.00010492, "params": 5327, "time_iter": 0.06635, "accuracy": 0.56667, "precision": 0.56075, "recall": 0.76923, "f1": 0.64865, "auc": 0.57835}
{"epoch": 80, "time_epoch": 2.48536, "eta": 48.61494, "eta_hours": 0.0135, "loss": 0.68520551, "lr": 9.549e-05, "params": 5327, "time_iter": 0.0654, "accuracy": 0.56, "precision": 0.56, "recall": 0.71795, "f1": 0.62921, "auc": 0.56624}
{"epoch": 81, "time_epoch": 2.57711, "eta": 46.06031, "eta_hours": 0.01279, "loss": 0.68181546, "lr": 8.646e-05, "params": 5327, "time_iter": 0.06782, "accuracy": 0.56, "precision": 0.5625, "recall": 0.69231, "f1": 0.62069, "auc": 0.57123}
{"epoch": 82, "time_epoch": 2.47738, "eta": 43.4847, "eta_hours": 0.01208, "loss": 0.68020093, "lr": 7.784e-05, "params": 5327, "time_iter": 0.06519, "accuracy": 0.57333, "precision": 0.57, "recall": 0.73077, "f1": 0.64045, "auc": 0.56553}
{"epoch": 83, "time_epoch": 2.44147, "eta": 40.9046, "eta_hours": 0.01136, "loss": 0.68365759, "lr": 6.963e-05, "params": 5327, "time_iter": 0.06425, "accuracy": 0.55333, "precision": 0.5534, "recall": 0.73077, "f1": 0.62983, "auc": 0.56054}
{"epoch": 84, "time_epoch": 2.56115, "eta": 38.34887, "eta_hours": 0.01065, "loss": 0.67415398, "lr": 6.185e-05, "params": 5327, "time_iter": 0.0674, "accuracy": 0.60667, "precision": 0.59794, "recall": 0.74359, "f1": 0.66286, "auc": 0.60399}
{"epoch": 85, "time_epoch": 2.46441, "eta": 35.77728, "eta_hours": 0.00994, "loss": 0.66988522, "lr": 5.45e-05, "params": 5327, "time_iter": 0.06485, "accuracy": 0.6, "precision": 0.58824, "recall": 0.76923, "f1": 0.66667, "auc": 0.6047}
{"epoch": 86, "time_epoch": 2.5063, "eta": 33.2144, "eta_hours": 0.00923, "loss": 0.68695961, "lr": 4.759e-05, "params": 5327, "time_iter": 0.06596, "accuracy": 0.53333, "precision": 0.53846, "recall": 0.71795, "f1": 0.61538, "auc": 0.53472}
{"epoch": 87, "time_epoch": 2.47838, "eta": 30.64901, "eta_hours": 0.00851, "loss": 0.68999506, "lr": 4.112e-05, "params": 5327, "time_iter": 0.06522, "accuracy": 0.53333, "precision": 0.53846, "recall": 0.71795, "f1": 0.61538, "auc": 0.53259}
{"epoch": 88, "time_epoch": 2.48935, "eta": 28.08692, "eta_hours": 0.0078, "loss": 0.67188134, "lr": 3.511e-05, "params": 5327, "time_iter": 0.06551, "accuracy": 0.6, "precision": 0.58333, "recall": 0.80769, "f1": 0.67742, "auc": 0.62304}
{"epoch": 89, "time_epoch": 2.4684, "eta": 25.52413, "eta_hours": 0.00709, "loss": 0.68969938, "lr": 2.956e-05, "params": 5327, "time_iter": 0.06496, "accuracy": 0.54667, "precision": 0.54808, "recall": 0.73077, "f1": 0.62637, "auc": 0.51496}
{"epoch": 90, "time_epoch": 2.49533, "eta": 22.96607, "eta_hours": 0.00638, "loss": 0.67057886, "lr": 2.447e-05, "params": 5327, "time_iter": 0.06567, "accuracy": 0.60667, "precision": 0.59406, "recall": 0.76923, "f1": 0.67039, "auc": 0.62019}
{"epoch": 91, "time_epoch": 2.43413, "eta": 20.40405, "eta_hours": 0.00567, "loss": 0.67475932, "lr": 1.985e-05, "params": 5327, "time_iter": 0.06406, "accuracy": 0.60667, "precision": 0.59794, "recall": 0.74359, "f1": 0.66286, "auc": 0.60702}
{"epoch": 92, "time_epoch": 2.55417, "eta": 17.85382, "eta_hours": 0.00496, "loss": 0.68474635, "lr": 1.571e-05, "params": 5327, "time_iter": 0.06722, "accuracy": 0.6, "precision": 0.58824, "recall": 0.76923, "f1": 0.66667, "auc": 0.54327}
{"epoch": 93, "time_epoch": 2.56315, "eta": 15.30408, "eta_hours": 0.00425, "loss": 0.69327772, "lr": 1.204e-05, "params": 5327, "time_iter": 0.06745, "accuracy": 0.52667, "precision": 0.53535, "recall": 0.67949, "f1": 0.59887, "auc": 0.51745}
{"epoch": 94, "time_epoch": 2.4548, "eta": 12.74835, "eta_hours": 0.00354, "loss": 0.6791549, "lr": 8.86e-06, "params": 5327, "time_iter": 0.0646, "accuracy": 0.52667, "precision": 0.53398, "recall": 0.70513, "f1": 0.60773, "auc": 0.56891}
{"epoch": 95, "time_epoch": 2.52928, "eta": 10.19783, "eta_hours": 0.00283, "loss": 0.686343, "lr": 6.16e-06, "params": 5327, "time_iter": 0.06656, "accuracy": 0.57333, "precision": 0.56731, "recall": 0.75641, "f1": 0.64835, "auc": 0.55253}
{"epoch": 96, "time_epoch": 2.60304, "eta": 7.65003, "eta_hours": 0.00213, "loss": 0.66859287, "lr": 3.94e-06, "params": 5327, "time_iter": 0.0685, "accuracy": 0.58667, "precision": 0.57547, "recall": 0.78205, "f1": 0.66304, "auc": 0.63515}
{"epoch": 97, "time_epoch": 2.44849, "eta": 5.09795, "eta_hours": 0.00142, "loss": 0.67354295, "lr": 2.22e-06, "params": 5327, "time_iter": 0.06443, "accuracy": 0.55333, "precision": 0.5567, "recall": 0.69231, "f1": 0.61714, "auc": 0.59633}
{"epoch": 98, "time_epoch": 2.56116, "eta": 2.5491, "eta_hours": 0.00071, "loss": 0.6911875, "lr": 9.9e-07, "params": 5327, "time_iter": 0.0674, "accuracy": 0.52, "precision": 0.52941, "recall": 0.69231, "f1": 0.6, "auc": 0.5219}
{"epoch": 99, "time_epoch": 2.48104, "eta": 0.0, "eta_hours": 0.0, "loss": 0.6846684, "lr": 2.5e-07, "params": 5327, "time_iter": 0.06529, "accuracy": 0.55333, "precision": 0.5534, "recall": 0.73077, "f1": 0.62983, "auc": 0.53846}
