{"epoch": 0, "time_epoch": 0.96053, "time_epoch_std": 0.0, "eta": 95.09247, "eta_std": 0.0, "eta_hours": 0.02641, "eta_hours_std": 0.0, "loss": 0.67975, "loss_std": 0.0, "lr": 0.001, "lr_std": 0.0, "params": 9207.0, "params_std": 0.0, "time_iter": 0.32018, "time_iter_std": 0.0, "accuracy": 0.66667, "accuracy_std": 0.0, "precision": 0.66667, "precision_std": 0.0, "recall": 1.0, "recall_std": 0.0, "f1": 0.8, "f1_std": 0.0, "auc": 0.31953, "auc_std": 0.0}
{"epoch": 1, "time_epoch": 2.08996, "time_epoch_std": 0.0, "eta": 149.47397, "eta_std": 0.0, "eta_hours": 0.04152, "eta_hours_std": 0.0, "loss": 0.67566, "loss_std": 0.0, "lr": 0.001, "lr_std": 0.0, "params": 9207.0, "params_std": 0.0, "time_iter": 0.69665, "time_iter_std": 0.0, "accuracy": 0.66667, "accuracy_std": 0.0, "precision": 0.66667, "precision_std": 0.0, "recall": 1.0, "recall_std": 0.0, "f1": 0.8, "f1_std": 0.0, "auc": 0.63609, "auc_std": 0.0}
{"epoch": 2, "time_epoch": 2.04815, "time_epoch_std": 0.0, "eta": 164.85602, "eta_std": 0.0, "eta_hours": 0.04579, "eta_hours_std": 0.0, "loss": 0.6734, "loss_std": 0.0, "lr": 0.001, "lr_std": 0.0, "params": 9207.0, "params_std": 0.0, "time_iter": 0.68272, "time_iter_std": 0.0, "accuracy": 0.66667, "accuracy_std": 0.0, "precision": 0.66667, "precision_std": 0.0, "recall": 1.0, "recall_std": 0.0, "f1": 0.8, "f1_std": 0.0, "auc": 0.45858, "auc_std": 0.0}
{"epoch": 3, "time_epoch": 2.0558, "time_epoch_std": 0.0, "eta": 171.70665, "eta_std": 0.0, "eta_hours": 0.0477, "eta_hours_std": 0.0, "loss": 0.67088, "loss_std": 0.0, "lr": 0.001, "lr_std": 0.0, "params": 9207.0, "params_std": 0.0, "time_iter": 0.68527, "time_iter_std": 0.0, "accuracy": 0.69231, "accuracy_std": 0.0, "precision": 0.68421, "precision_std": 0.0, "recall": 1.0, "recall_std": 0.0, "f1": 0.8125, "f1_std": 0.0, "auc": 0.36686, "auc_std": 0.0}
{"epoch": 4, "time_epoch": 2.05603, "time_epoch_std": 0.0, "eta": 174.99897, "eta_std": 0.0, "eta_hours": 0.04861, "eta_hours_std": 0.0, "loss": 0.66745, "loss_std": 0.0, "lr": 0.001, "lr_std": 0.0, "params": 9207.0, "params_std": 0.0, "time_iter": 0.68534, "time_iter_std": 0.0, "accuracy": 0.69231, "accuracy_std": 0.0, "precision": 0.68421, "precision_std": 0.0, "recall": 1.0, "recall_std": 0.0, "f1": 0.8125, "f1_std": 0.0, "auc": 0.57101, "auc_std": 0.0}
{"epoch": 5, "time_epoch": 2.04729, "time_epoch_std": 0.0, "eta": 176.37163, "eta_std": 0.0, "eta_hours": 0.04899, "eta_hours_std": 0.0, "loss": 0.66474, "loss_std": 0.0, "lr": 0.00099, "lr_std": 0.0, "params": 9207.0, "params_std": 0.0, "time_iter": 0.68243, "time_iter_std": 0.0, "accuracy": 0.69231, "accuracy_std": 0.0, "precision": 0.68421, "precision_std": 0.0, "recall": 1.0, "recall_std": 0.0, "f1": 0.8125, "f1_std": 0.0, "auc": 0.59763, "auc_std": 0.0}
{"epoch": 6, "time_epoch": 2.01139, "time_epoch_std": 0.0, "eta": 176.29014, "eta_std": 0.0, "eta_hours": 0.04897, "eta_hours_std": 0.0, "loss": 0.66247, "loss_std": 0.0, "lr": 0.00099, "lr_std": 0.0, "params": 9207.0, "params_std": 0.0, "time_iter": 0.67046, "time_iter_std": 0.0, "accuracy": 0.69231, "accuracy_std": 0.0, "precision": 0.68421, "precision_std": 0.0, "recall": 1.0, "recall_std": 0.0, "f1": 0.8125, "f1_std": 0.0, "auc": 0.4645, "auc_std": 0.0}
{"epoch": 7, "time_epoch": 0.87337, "time_epoch_std": 0.0, "eta": 162.63897, "eta_std": 0.0, "eta_hours": 0.04518, "eta_hours_std": 0.0, "loss": 0.65858, "loss_std": 0.0, "lr": 0.00099, "lr_std": 0.0, "params": 9207.0, "params_std": 0.0, "time_iter": 0.29112, "time_iter_std": 0.0, "accuracy": 0.69231, "accuracy_std": 0.0, "precision": 0.68421, "precision_std": 0.0, "recall": 1.0, "recall_std": 0.0, "f1": 0.8125, "f1_std": 0.0, "auc": 0.52367, "auc_std": 0.0}
{"epoch": 8, "time_epoch": 0.14655, "time_epoch_std": 0.0, "eta": 144.47833, "eta_std": 0.0, "eta_hours": 0.04013, "eta_hours_std": 0.0, "loss": 0.65711, "loss_std": 0.0, "lr": 0.00098, "lr_std": 0.0, "params": 9207.0, "params_std": 0.0, "time_iter": 0.04885, "time_iter_std": 0.0, "accuracy": 0.69231, "accuracy_std": 0.0, "precision": 0.68421, "precision_std": 0.0, "recall": 1.0, "recall_std": 0.0, "f1": 0.8125, "f1_std": 0.0, "auc": 0.54142, "auc_std": 0.0}
{"epoch": 9, "time_epoch": 0.14717, "time_epoch_std": 0.0, "eta": 129.92609, "eta_std": 0.0, "eta_hours": 0.03609, "eta_hours_std": 0.0, "loss": 0.65628, "loss_std": 0.0, "lr": 0.00098, "lr_std": 0.0, "params": 9207.0, "params_std": 0.0, "time_iter": 0.04906, "time_iter_std": 0.0, "accuracy": 0.69231, "accuracy_std": 0.0, "precision": 0.68421, "precision_std": 0.0, "recall": 1.0, "recall_std": 0.0, "f1": 0.8125, "f1_std": 0.0, "auc": 0.57396, "auc_std": 0.0}
{"epoch": 10, "time_epoch": 0.15591, "time_epoch_std": 0.0, "eta": 118.06371, "eta_std": 0.0, "eta_hours": 0.0328, "eta_hours_std": 0.0, "loss": 0.65168, "loss_std": 0.0, "lr": 0.00098, "lr_std": 0.0, "params": 9207.0, "params_std": 0.0, "time_iter": 0.05197, "time_iter_std": 0.0, "accuracy": 0.69231, "accuracy_std": 0.0, "precision": 0.68421, "precision_std": 0.0, "recall": 1.0, "recall_std": 0.0, "f1": 0.8125, "f1_std": 0.0, "auc": 0.62426, "auc_std": 0.0}
{"epoch": 11, "time_epoch": 0.15641, "time_epoch_std": 0.0, "eta": 108.15605, "eta_std": 0.0, "eta_hours": 0.03004, "eta_hours_std": 0.0, "loss": 0.64848, "loss_std": 0.0, "lr": 0.00097, "lr_std": 0.0, "params": 9207.0, "params_std": 0.0, "time_iter": 0.05214, "time_iter_std": 0.0, "accuracy": 0.69231, "accuracy_std": 0.0, "precision": 0.68421, "precision_std": 0.0, "recall": 1.0, "recall_std": 0.0, "f1": 0.8125, "f1_std": 0.0, "auc": 0.61538, "auc_std": 0.0}
{"epoch": 12, "time_epoch": 0.15695, "time_epoch_std": 0.0, "eta": 99.75221, "eta_std": 0.0, "eta_hours": 0.02771, "eta_hours_std": 0.0, "loss": 0.65398, "loss_std": 0.0, "lr": 0.00096, "lr_std": 0.0, "params": 9207.0, "params_std": 0.0, "time_iter": 0.05232, "time_iter_std": 0.0, "accuracy": 0.66667, "accuracy_std": 0.0, "precision": 0.66667, "precision_std": 0.0, "recall": 1.0, "recall_std": 0.0, "f1": 0.8, "f1_std": 0.0, "auc": 0.63314, "auc_std": 0.0}
{"epoch": 13, "time_epoch": 0.15197, "time_epoch_std": 0.0, "eta": 92.49589, "eta_std": 0.0, "eta_hours": 0.02569, "eta_hours_std": 0.0, "loss": 0.64232, "loss_std": 0.0, "lr": 0.00096, "lr_std": 0.0, "params": 9207.0, "params_std": 0.0, "time_iter": 0.05066, "time_iter_std": 0.0, "accuracy": 0.69231, "accuracy_std": 0.0, "precision": 0.68421, "precision_std": 0.0, "recall": 1.0, "recall_std": 0.0, "f1": 0.8125, "f1_std": 0.0, "auc": 0.49112, "auc_std": 0.0}
{"epoch": 14, "time_epoch": 0.15812, "time_epoch_std": 0.0, "eta": 86.22167, "eta_std": 0.0, "eta_hours": 0.02395, "eta_hours_std": 0.0, "loss": 0.63732, "loss_std": 0.0, "lr": 0.00095, "lr_std": 0.0, "params": 9207.0, "params_std": 0.0, "time_iter": 0.05271, "time_iter_std": 0.0, "accuracy": 0.69231, "accuracy_std": 0.0, "precision": 0.68421, "precision_std": 0.0, "recall": 1.0, "recall_std": 0.0, "f1": 0.8125, "f1_std": 0.0, "auc": 0.63609, "auc_std": 0.0}
{"epoch": 15, "time_epoch": 0.15437, "time_epoch_std": 0.0, "eta": 80.69229, "eta_std": 0.0, "eta_hours": 0.02241, "eta_hours_std": 0.0, "loss": 0.63467, "loss_std": 0.0, "lr": 0.00095, "lr_std": 0.0, "params": 9207.0, "params_std": 0.0, "time_iter": 0.05146, "time_iter_std": 0.0, "accuracy": 0.69231, "accuracy_std": 0.0, "precision": 0.68421, "precision_std": 0.0, "recall": 1.0, "recall_std": 0.0, "f1": 0.8125, "f1_std": 0.0, "auc": 0.69527, "auc_std": 0.0}
{"epoch": 16, "time_epoch": 0.16506, "time_epoch_std": 0.0, "eta": 75.84743, "eta_std": 0.0, "eta_hours": 0.02107, "eta_hours_std": 0.0, "loss": 0.63141, "loss_std": 0.0, "lr": 0.00094, "lr_std": 0.0, "params": 9207.0, "params_std": 0.0, "time_iter": 0.05502, "time_iter_std": 0.0, "accuracy": 0.69231, "accuracy_std": 0.0, "precision": 0.68421, "precision_std": 0.0, "recall": 1.0, "recall_std": 0.0, "f1": 0.8125, "f1_std": 0.0, "auc": 0.57988, "auc_std": 0.0}
{"epoch": 17, "time_epoch": 0.15242, "time_epoch_std": 0.0, "eta": 71.46498, "eta_std": 0.0, "eta_hours": 0.01985, "eta_hours_std": 0.0, "loss": 0.62654, "loss_std": 0.0, "lr": 0.00093, "lr_std": 0.0, "params": 9207.0, "params_std": 0.0, "time_iter": 0.05081, "time_iter_std": 0.0, "accuracy": 0.69231, "accuracy_std": 0.0, "precision": 0.68421, "precision_std": 0.0, "recall": 1.0, "recall_std": 0.0, "f1": 0.8125, "f1_std": 0.0, "auc": 0.58284, "auc_std": 0.0}
{"epoch": 18, "time_epoch": 0.15963, "time_epoch_std": 0.0, "eta": 67.55852, "eta_std": 0.0, "eta_hours": 0.01877, "eta_hours_std": 0.0, "loss": 0.63234, "loss_std": 0.0, "lr": 0.00092, "lr_std": 0.0, "params": 9207.0, "params_std": 0.0, "time_iter": 0.05321, "time_iter_std": 0.0, "accuracy": 0.69231, "accuracy_std": 0.0, "precision": 0.68421, "precision_std": 0.0, "recall": 1.0, "recall_std": 0.0, "f1": 0.8125, "f1_std": 0.0, "auc": 0.66568, "auc_std": 0.0}
{"epoch": 19, "time_epoch": 0.15653, "time_epoch_std": 0.0, "eta": 64.01435, "eta_std": 0.0, "eta_hours": 0.01778, "eta_hours_std": 0.0, "loss": 0.62846, "loss_std": 0.0, "lr": 0.00091, "lr_std": 0.0, "params": 9207.0, "params_std": 0.0, "time_iter": 0.05218, "time_iter_std": 0.0, "accuracy": 0.69231, "accuracy_std": 0.0, "precision": 0.68421, "precision_std": 0.0, "recall": 1.0, "recall_std": 0.0, "f1": 0.8125, "f1_std": 0.0, "auc": 0.58876, "auc_std": 0.0}
{"epoch": 20, "time_epoch": 0.15253, "time_epoch_std": 0.0, "eta": 60.77776, "eta_std": 0.0, "eta_hours": 0.01688, "eta_hours_std": 0.0, "loss": 0.62427, "loss_std": 0.0, "lr": 0.0009, "lr_std": 0.0, "params": 9207.0, "params_std": 0.0, "time_iter": 0.05084, "time_iter_std": 0.0, "accuracy": 0.69231, "accuracy_std": 0.0, "precision": 0.68421, "precision_std": 0.0, "recall": 1.0, "recall_std": 0.0, "f1": 0.8125, "f1_std": 0.0, "auc": 0.73077, "auc_std": 0.0}
{"epoch": 21, "time_epoch": 0.15555, "time_epoch_std": 0.0, "eta": 57.83225, "eta_std": 0.0, "eta_hours": 0.01606, "eta_hours_std": 0.0, "loss": 0.61507, "loss_std": 0.0, "lr": 0.0009, "lr_std": 0.0, "params": 9207.0, "params_std": 0.0, "time_iter": 0.05185, "time_iter_std": 0.0, "accuracy": 0.69231, "accuracy_std": 0.0, "precision": 0.68421, "precision_std": 0.0, "recall": 1.0, "recall_std": 0.0, "f1": 0.8125, "f1_std": 0.0, "auc": 0.73669, "auc_std": 0.0}
{"epoch": 22, "time_epoch": 0.15196, "time_epoch_std": 0.0, "eta": 55.11734, "eta_std": 0.0, "eta_hours": 0.01531, "eta_hours_std": 0.0, "loss": 0.61477, "loss_std": 0.0, "lr": 0.00089, "lr_std": 0.0, "params": 9207.0, "params_std": 0.0, "time_iter": 0.05065, "time_iter_std": 0.0, "accuracy": 0.69231, "accuracy_std": 0.0, "precision": 0.68421, "precision_std": 0.0, "recall": 1.0, "recall_std": 0.0, "f1": 0.8125, "f1_std": 0.0, "auc": 0.76627, "auc_std": 0.0}
{"epoch": 23, "time_epoch": 0.1563, "time_epoch_std": 0.0, "eta": 52.62974, "eta_std": 0.0, "eta_hours": 0.01462, "eta_hours_std": 0.0, "loss": 0.61096, "loss_std": 0.0, "lr": 0.00088, "lr_std": 0.0, "params": 9207.0, "params_std": 0.0, "time_iter": 0.0521, "time_iter_std": 0.0, "accuracy": 0.69231, "accuracy_std": 0.0, "precision": 0.68421, "precision_std": 0.0, "recall": 1.0, "recall_std": 0.0, "f1": 0.8125, "f1_std": 0.0, "auc": 0.59467, "auc_std": 0.0}
{"epoch": 24, "time_epoch": 0.15444, "time_epoch_std": 0.0, "eta": 50.32308, "eta_std": 0.0, "eta_hours": 0.01398, "eta_hours_std": 0.0, "loss": 0.60656, "loss_std": 0.0, "lr": 0.00086, "lr_std": 0.0, "params": 9207.0, "params_std": 0.0, "time_iter": 0.05148, "time_iter_std": 0.0, "accuracy": 0.69231, "accuracy_std": 0.0, "precision": 0.68421, "precision_std": 0.0, "recall": 1.0, "recall_std": 0.0, "f1": 0.8125, "f1_std": 0.0, "auc": 0.66568, "auc_std": 0.0}
{"epoch": 25, "time_epoch": 0.1563, "time_epoch_std": 0.0, "eta": 48.18726, "eta_std": 0.0, "eta_hours": 0.01339, "eta_hours_std": 0.0, "loss": 0.60201, "loss_std": 0.0, "lr": 0.00085, "lr_std": 0.0, "params": 9207.0, "params_std": 0.0, "time_iter": 0.0521, "time_iter_std": 0.0, "accuracy": 0.69231, "accuracy_std": 0.0, "precision": 0.68421, "precision_std": 0.0, "recall": 1.0, "recall_std": 0.0, "f1": 0.8125, "f1_std": 0.0, "auc": 0.72189, "auc_std": 0.0}
{"epoch": 26, "time_epoch": 0.15602, "time_epoch_std": 0.0, "eta": 46.19732, "eta_std": 0.0, "eta_hours": 0.01283, "eta_hours_std": 0.0, "loss": 0.59259, "loss_std": 0.0, "lr": 0.00084, "lr_std": 0.0, "params": 9207.0, "params_std": 0.0, "time_iter": 0.05201, "time_iter_std": 0.0, "accuracy": 0.69231, "accuracy_std": 0.0, "precision": 0.68421, "precision_std": 0.0, "recall": 1.0, "recall_std": 0.0, "f1": 0.8125, "f1_std": 0.0, "auc": 0.76331, "auc_std": 0.0}
{"epoch": 27, "time_epoch": 0.1549, "time_epoch_std": 0.0, "eta": 44.3355, "eta_std": 0.0, "eta_hours": 0.01232, "eta_hours_std": 0.0, "loss": 0.58909, "loss_std": 0.0, "lr": 0.00083, "lr_std": 0.0, "params": 9207.0, "params_std": 0.0, "time_iter": 0.05163, "time_iter_std": 0.0, "accuracy": 0.69231, "accuracy_std": 0.0, "precision": 0.68421, "precision_std": 0.0, "recall": 1.0, "recall_std": 0.0, "f1": 0.8125, "f1_std": 0.0, "auc": 0.78107, "auc_std": 0.0}
{"epoch": 28, "time_epoch": 0.15591, "time_epoch_std": 0.0, "eta": 42.59386, "eta_std": 0.0, "eta_hours": 0.01183, "eta_hours_std": 0.0, "loss": 0.5927, "loss_std": 0.0, "lr": 0.00082, "lr_std": 0.0, "params": 9207.0, "params_std": 0.0, "time_iter": 0.05197, "time_iter_std": 0.0, "accuracy": 0.69231, "accuracy_std": 0.0, "precision": 0.68421, "precision_std": 0.0, "recall": 1.0, "recall_std": 0.0, "f1": 0.8125, "f1_std": 0.0, "auc": 0.73373, "auc_std": 0.0}
{"epoch": 29, "time_epoch": 0.1551, "time_epoch_std": 0.0, "eta": 40.95605, "eta_std": 0.0, "eta_hours": 0.01138, "eta_hours_std": 0.0, "loss": 0.58847, "loss_std": 0.0, "lr": 0.00081, "lr_std": 0.0, "params": 9207.0, "params_std": 0.0, "time_iter": 0.0517, "time_iter_std": 0.0, "accuracy": 0.69231, "accuracy_std": 0.0, "precision": 0.68421, "precision_std": 0.0, "recall": 1.0, "recall_std": 0.0, "f1": 0.8125, "f1_std": 0.0, "auc": 0.7071, "auc_std": 0.0}
{"epoch": 30, "time_epoch": 0.15184, "time_epoch_std": 0.0, "eta": 39.40665, "eta_std": 0.0, "eta_hours": 0.01095, "eta_hours_std": 0.0, "loss": 0.58165, "loss_std": 0.0, "lr": 0.00079, "lr_std": 0.0, "params": 9207.0, "params_std": 0.0, "time_iter": 0.05061, "time_iter_std": 0.0, "accuracy": 0.69231, "accuracy_std": 0.0, "precision": 0.68421, "precision_std": 0.0, "recall": 1.0, "recall_std": 0.0, "f1": 0.8125, "f1_std": 0.0, "auc": 0.83136, "auc_std": 0.0}
{"epoch": 31, "time_epoch": 0.15404, "time_epoch_std": 0.0, "eta": 37.94926, "eta_std": 0.0, "eta_hours": 0.01054, "eta_hours_std": 0.0, "loss": 0.60472, "loss_std": 0.0, "lr": 0.00078, "lr_std": 0.0, "params": 9207.0, "params_std": 0.0, "time_iter": 0.05135, "time_iter_std": 0.0, "accuracy": 0.66667, "accuracy_std": 0.0, "precision": 0.66667, "precision_std": 0.0, "recall": 1.0, "recall_std": 0.0, "f1": 0.8, "f1_std": 0.0, "auc": 0.69822, "auc_std": 0.0}
{"epoch": 32, "time_epoch": 0.15465, "time_epoch_std": 0.0, "eta": 36.5721, "eta_std": 0.0, "eta_hours": 0.01016, "eta_hours_std": 0.0, "loss": 0.5839, "loss_std": 0.0, "lr": 0.00077, "lr_std": 0.0, "params": 9207.0, "params_std": 0.0, "time_iter": 0.05155, "time_iter_std": 0.0, "accuracy": 0.69231, "accuracy_std": 0.0, "precision": 0.68421, "precision_std": 0.0, "recall": 1.0, "recall_std": 0.0, "f1": 0.8125, "f1_std": 0.0, "auc": 0.66568, "auc_std": 0.0}
{"epoch": 33, "time_epoch": 0.15273, "time_epoch_std": 0.0, "eta": 35.26312, "eta_std": 0.0, "eta_hours": 0.0098, "eta_hours_std": 0.0, "loss": 0.59044, "loss_std": 0.0, "lr": 0.00075, "lr_std": 0.0, "params": 9207.0, "params_std": 0.0, "time_iter": 0.05091, "time_iter_std": 0.0, "accuracy": 0.66667, "accuracy_std": 0.0, "precision": 0.66667, "precision_std": 0.0, "recall": 1.0, "recall_std": 0.0, "f1": 0.8, "f1_std": 0.0, "auc": 0.80178, "auc_std": 0.0}
{"epoch": 34, "time_epoch": 0.15307, "time_epoch_std": 0.0, "eta": 34.02084, "eta_std": 0.0, "eta_hours": 0.00945, "eta_hours_std": 0.0, "loss": 0.57503, "loss_std": 0.0, "lr": 0.00074, "lr_std": 0.0, "params": 9207.0, "params_std": 0.0, "time_iter": 0.05102, "time_iter_std": 0.0, "accuracy": 0.69231, "accuracy_std": 0.0, "precision": 0.68421, "precision_std": 0.0, "recall": 1.0, "recall_std": 0.0, "f1": 0.8125, "f1_std": 0.0, "auc": 0.7071, "auc_std": 0.0}
{"epoch": 35, "time_epoch": 0.15367, "time_epoch_std": 0.0, "eta": 32.84015, "eta_std": 0.0, "eta_hours": 0.00912, "eta_hours_std": 0.0, "loss": 0.57478, "loss_std": 0.0, "lr": 0.00073, "lr_std": 0.0, "params": 9207.0, "params_std": 0.0, "time_iter": 0.05122, "time_iter_std": 0.0, "accuracy": 0.69231, "accuracy_std": 0.0, "precision": 0.68421, "precision_std": 0.0, "recall": 1.0, "recall_std": 0.0, "f1": 0.8125, "f1_std": 0.0, "auc": 0.81361, "auc_std": 0.0}
{"epoch": 36, "time_epoch": 0.1516, "time_epoch_std": 0.0, "eta": 31.71145, "eta_std": 0.0, "eta_hours": 0.00881, "eta_hours_std": 0.0, "loss": 0.57604, "loss_std": 0.0, "lr": 0.00071, "lr_std": 0.0, "params": 9207.0, "params_std": 0.0, "time_iter": 0.05053, "time_iter_std": 0.0, "accuracy": 0.69231, "accuracy_std": 0.0, "precision": 0.68421, "precision_std": 0.0, "recall": 1.0, "recall_std": 0.0, "f1": 0.8125, "f1_std": 0.0, "auc": 0.86391, "auc_std": 0.0}
{"epoch": 37, "time_epoch": 0.15168, "time_epoch_std": 0.0, "eta": 30.63431, "eta_std": 0.0, "eta_hours": 0.00851, "eta_hours_std": 0.0, "loss": 0.57545, "loss_std": 0.0, "lr": 0.0007, "lr_std": 0.0, "params": 9207.0, "params_std": 0.0, "time_iter": 0.05056, "time_iter_std": 0.0, "accuracy": 0.69231, "accuracy_std": 0.0, "precision": 0.68421, "precision_std": 0.0, "recall": 1.0, "recall_std": 0.0, "f1": 0.8125, "f1_std": 0.0, "auc": 0.7929, "auc_std": 0.0}
{"epoch": 38, "time_epoch": 0.15677, "time_epoch_std": 0.0, "eta": 29.61259, "eta_std": 0.0, "eta_hours": 0.00823, "eta_hours_std": 0.0, "loss": 0.57841, "loss_std": 0.0, "lr": 0.00068, "lr_std": 0.0, "params": 9207.0, "params_std": 0.0, "time_iter": 0.05226, "time_iter_std": 0.0, "accuracy": 0.69231, "accuracy_std": 0.0, "precision": 0.68421, "precision_std": 0.0, "recall": 1.0, "recall_std": 0.0, "f1": 0.8125, "f1_std": 0.0, "auc": 0.79586, "auc_std": 0.0}
{"epoch": 39, "time_epoch": 0.1557, "time_epoch_std": 0.0, "eta": 28.63251, "eta_std": 0.0, "eta_hours": 0.00795, "eta_hours_std": 0.0, "loss": 0.55342, "loss_std": 0.0, "lr": 0.00067, "lr_std": 0.0, "params": 9207.0, "params_std": 0.0, "time_iter": 0.0519, "time_iter_std": 0.0, "accuracy": 0.69231, "accuracy_std": 0.0, "precision": 0.68421, "precision_std": 0.0, "recall": 1.0, "recall_std": 0.0, "f1": 0.8125, "f1_std": 0.0, "auc": 0.8787, "auc_std": 0.0}
{"epoch": 40, "time_epoch": 0.15781, "time_epoch_std": 0.0, "eta": 27.69568, "eta_std": 0.0, "eta_hours": 0.00769, "eta_hours_std": 0.0, "loss": 0.56954, "loss_std": 0.0, "lr": 0.00065, "lr_std": 0.0, "params": 9207.0, "params_std": 0.0, "time_iter": 0.0526, "time_iter_std": 0.0, "accuracy": 0.69231, "accuracy_std": 0.0, "precision": 0.68421, "precision_std": 0.0, "recall": 1.0, "recall_std": 0.0, "f1": 0.8125, "f1_std": 0.0, "auc": 0.81657, "auc_std": 0.0}
{"epoch": 41, "time_epoch": 0.16103, "time_epoch_std": 0.0, "eta": 26.8004, "eta_std": 0.0, "eta_hours": 0.00744, "eta_hours_std": 0.0, "loss": 0.56008, "loss_std": 0.0, "lr": 0.00064, "lr_std": 0.0, "params": 9207.0, "params_std": 0.0, "time_iter": 0.05368, "time_iter_std": 0.0, "accuracy": 0.69231, "accuracy_std": 0.0, "precision": 0.68421, "precision_std": 0.0, "recall": 1.0, "recall_std": 0.0, "f1": 0.8125, "f1_std": 0.0, "auc": 0.86982, "auc_std": 0.0}
{"epoch": 42, "time_epoch": 0.15717, "time_epoch_std": 0.0, "eta": 25.93414, "eta_std": 0.0, "eta_hours": 0.0072, "eta_hours_std": 0.0, "loss": 0.56359, "loss_std": 0.0, "lr": 0.00062, "lr_std": 0.0, "params": 9207.0, "params_std": 0.0, "time_iter": 0.05239, "time_iter_std": 0.0, "accuracy": 0.69231, "accuracy_std": 0.0, "precision": 0.68421, "precision_std": 0.0, "recall": 1.0, "recall_std": 0.0, "f1": 0.8125, "f1_std": 0.0, "auc": 0.86095, "auc_std": 0.0}
{"epoch": 43, "time_epoch": 0.15634, "time_epoch_std": 0.0, "eta": 25.09907, "eta_std": 0.0, "eta_hours": 0.00697, "eta_hours_std": 0.0, "loss": 0.55423, "loss_std": 0.0, "lr": 0.00061, "lr_std": 0.0, "params": 9207.0, "params_std": 0.0, "time_iter": 0.05211, "time_iter_std": 0.0, "accuracy": 0.69231, "accuracy_std": 0.0, "precision": 0.68421, "precision_std": 0.0, "recall": 1.0, "recall_std": 0.0, "f1": 0.8125, "f1_std": 0.0, "auc": 0.84911, "auc_std": 0.0}
{"epoch": 44, "time_epoch": 0.15663, "time_epoch_std": 0.0, "eta": 24.29451, "eta_std": 0.0, "eta_hours": 0.00675, "eta_hours_std": 0.0, "loss": 0.55667, "loss_std": 0.0, "lr": 0.00059, "lr_std": 0.0, "params": 9207.0, "params_std": 0.0, "time_iter": 0.05221, "time_iter_std": 0.0, "accuracy": 0.69231, "accuracy_std": 0.0, "precision": 0.68421, "precision_std": 0.0, "recall": 1.0, "recall_std": 0.0, "f1": 0.8125, "f1_std": 0.0, "auc": 0.88462, "auc_std": 0.0}
{"epoch": 45, "time_epoch": 0.1585, "time_epoch_std": 0.0, "eta": 23.52031, "eta_std": 0.0, "eta_hours": 0.00653, "eta_hours_std": 0.0, "loss": 0.54955, "loss_std": 0.0, "lr": 0.00058, "lr_std": 0.0, "params": 9207.0, "params_std": 0.0, "time_iter": 0.05283, "time_iter_std": 0.0, "accuracy": 0.69231, "accuracy_std": 0.0, "precision": 0.68421, "precision_std": 0.0, "recall": 1.0, "recall_std": 0.0, "f1": 0.8125, "f1_std": 0.0, "auc": 0.86982, "auc_std": 0.0}
{"epoch": 46, "time_epoch": 0.15509, "time_epoch_std": 0.0, "eta": 22.76848, "eta_std": 0.0, "eta_hours": 0.00632, "eta_hours_std": 0.0, "loss": 0.54797, "loss_std": 0.0, "lr": 0.00056, "lr_std": 0.0, "params": 9207.0, "params_std": 0.0, "time_iter": 0.0517, "time_iter_std": 0.0, "accuracy": 0.69231, "accuracy_std": 0.0, "precision": 0.68421, "precision_std": 0.0, "recall": 1.0, "recall_std": 0.0, "f1": 0.8125, "f1_std": 0.0, "auc": 0.89941, "auc_std": 0.0}
{"epoch": 47, "time_epoch": 0.15257, "time_epoch_std": 0.0, "eta": 22.03878, "eta_std": 0.0, "eta_hours": 0.00612, "eta_hours_std": 0.0, "loss": 0.55396, "loss_std": 0.0, "lr": 0.00055, "lr_std": 0.0, "params": 9207.0, "params_std": 0.0, "time_iter": 0.05086, "time_iter_std": 0.0, "accuracy": 0.69231, "accuracy_std": 0.0, "precision": 0.68421, "precision_std": 0.0, "recall": 1.0, "recall_std": 0.0, "f1": 0.8125, "f1_std": 0.0, "auc": 0.8432, "auc_std": 0.0}
{"epoch": 48, "time_epoch": 0.15805, "time_epoch_std": 0.0, "eta": 21.33834, "eta_std": 0.0, "eta_hours": 0.00593, "eta_hours_std": 0.0, "loss": 0.55928, "loss_std": 0.0, "lr": 0.00053, "lr_std": 0.0, "params": 9207.0, "params_std": 0.0, "time_iter": 0.05268, "time_iter_std": 0.0, "accuracy": 0.69231, "accuracy_std": 0.0, "precision": 0.68421, "precision_std": 0.0, "recall": 1.0, "recall_std": 0.0, "f1": 0.8125, "f1_std": 0.0, "auc": 0.86982, "auc_std": 0.0}
{"epoch": 49, "time_epoch": 0.16776, "time_epoch_std": 0.0, "eta": 20.6693, "eta_std": 0.0, "eta_hours": 0.00574, "eta_hours_std": 0.0, "loss": 0.54359, "loss_std": 0.0, "lr": 0.00052, "lr_std": 0.0, "params": 9207.0, "params_std": 0.0, "time_iter": 0.05592, "time_iter_std": 0.0, "accuracy": 0.69231, "accuracy_std": 0.0, "precision": 0.68421, "precision_std": 0.0, "recall": 1.0, "recall_std": 0.0, "f1": 0.8125, "f1_std": 0.0, "auc": 0.9142, "auc_std": 0.0}
{"epoch": 50, "time_epoch": 0.15696, "time_epoch_std": 0.0, "eta": 20.00955, "eta_std": 0.0, "eta_hours": 0.00556, "eta_hours_std": 0.0, "loss": 0.5409, "loss_std": 0.0, "lr": 0.0005, "lr_std": 0.0, "params": 9207.0, "params_std": 0.0, "time_iter": 0.05232, "time_iter_std": 0.0, "accuracy": 0.69231, "accuracy_std": 0.0, "precision": 0.68421, "precision_std": 0.0, "recall": 1.0, "recall_std": 0.0, "f1": 0.8125, "f1_std": 0.0, "auc": 0.90237, "auc_std": 0.0}
{"epoch": 51, "time_epoch": 0.15417, "time_epoch_std": 0.0, "eta": 19.36656, "eta_std": 0.0, "eta_hours": 0.00538, "eta_hours_std": 0.0, "loss": 0.53844, "loss_std": 0.0, "lr": 0.00048, "lr_std": 0.0, "params": 9207.0, "params_std": 0.0, "time_iter": 0.05139, "time_iter_std": 0.0, "accuracy": 0.69231, "accuracy_std": 0.0, "precision": 0.68421, "precision_std": 0.0, "recall": 1.0, "recall_std": 0.0, "f1": 0.8125, "f1_std": 0.0, "auc": 0.93491, "auc_std": 0.0}
{"epoch": 52, "time_epoch": 0.15438, "time_epoch_std": 0.0, "eta": 18.7422, "eta_std": 0.0, "eta_hours": 0.00521, "eta_hours_std": 0.0, "loss": 0.53818, "loss_std": 0.0, "lr": 0.00047, "lr_std": 0.0, "params": 9207.0, "params_std": 0.0, "time_iter": 0.05146, "time_iter_std": 0.0, "accuracy": 0.69231, "accuracy_std": 0.0, "precision": 0.68421, "precision_std": 0.0, "recall": 1.0, "recall_std": 0.0, "f1": 0.8125, "f1_std": 0.0, "auc": 0.90237, "auc_std": 0.0}
{"epoch": 53, "time_epoch": 0.16098, "time_epoch_std": 0.0, "eta": 18.14087, "eta_std": 0.0, "eta_hours": 0.00504, "eta_hours_std": 0.0, "loss": 0.53524, "loss_std": 0.0, "lr": 0.00045, "lr_std": 0.0, "params": 9207.0, "params_std": 0.0, "time_iter": 0.05366, "time_iter_std": 0.0, "accuracy": 0.69231, "accuracy_std": 0.0, "precision": 0.68421, "precision_std": 0.0, "recall": 1.0, "recall_std": 0.0, "f1": 0.8125, "f1_std": 0.0, "auc": 0.93787, "auc_std": 0.0}
{"epoch": 54, "time_epoch": 0.14638, "time_epoch_std": 0.0, "eta": 17.54361, "eta_std": 0.0, "eta_hours": 0.00487, "eta_hours_std": 0.0, "loss": 0.56594, "loss_std": 0.0, "lr": 0.00044, "lr_std": 0.0, "params": 9207.0, "params_std": 0.0, "time_iter": 0.04879, "time_iter_std": 0.0, "accuracy": 0.66667, "accuracy_std": 0.0, "precision": 0.66667, "precision_std": 0.0, "recall": 1.0, "recall_std": 0.0, "f1": 0.8, "f1_std": 0.0, "auc": 0.83728, "auc_std": 0.0}
{"epoch": 55, "time_epoch": 0.14235, "time_epoch_std": 0.0, "eta": 16.95928, "eta_std": 0.0, "eta_hours": 0.00471, "eta_hours_std": 0.0, "loss": 0.53435, "loss_std": 0.0, "lr": 0.00042, "lr_std": 0.0, "params": 9207.0, "params_std": 0.0, "time_iter": 0.04745, "time_iter_std": 0.0, "accuracy": 0.69231, "accuracy_std": 0.0, "precision": 0.68421, "precision_std": 0.0, "recall": 1.0, "recall_std": 0.0, "f1": 0.8125, "f1_std": 0.0, "auc": 0.85207, "auc_std": 0.0}
{"epoch": 56, "time_epoch": 0.14532, "time_epoch_std": 0.0, "eta": 16.39269, "eta_std": 0.0, "eta_hours": 0.00455, "eta_hours_std": 0.0, "loss": 0.52753, "loss_std": 0.0, "lr": 0.00041, "lr_std": 0.0, "params": 9207.0, "params_std": 0.0, "time_iter": 0.04844, "time_iter_std": 0.0, "accuracy": 0.69231, "accuracy_std": 0.0, "precision": 0.68421, "precision_std": 0.0, "recall": 1.0, "recall_std": 0.0, "f1": 0.8125, "f1_std": 0.0, "auc": 0.8787, "auc_std": 0.0}
{"epoch": 57, "time_epoch": 0.14455, "time_epoch_std": 0.0, "eta": 15.84009, "eta_std": 0.0, "eta_hours": 0.0044, "eta_hours_std": 0.0, "loss": 0.52654, "loss_std": 0.0, "lr": 0.00039, "lr_std": 0.0, "params": 9207.0, "params_std": 0.0, "time_iter": 0.04818, "time_iter_std": 0.0, "accuracy": 0.69231, "accuracy_std": 0.0, "precision": 0.68421, "precision_std": 0.0, "recall": 1.0, "recall_std": 0.0, "f1": 0.8125, "f1_std": 0.0, "auc": 0.92308, "auc_std": 0.0}
{"epoch": 58, "time_epoch": 0.14543, "time_epoch_std": 0.0, "eta": 15.30192, "eta_std": 0.0, "eta_hours": 0.00425, "eta_hours_std": 0.0, "loss": 0.52387, "loss_std": 0.0, "lr": 0.00038, "lr_std": 0.0, "params": 9207.0, "params_std": 0.0, "time_iter": 0.04848, "time_iter_std": 0.0, "accuracy": 0.69231, "accuracy_std": 0.0, "precision": 0.68421, "precision_std": 0.0, "recall": 1.0, "recall_std": 0.0, "f1": 0.8125, "f1_std": 0.0, "auc": 0.89053, "auc_std": 0.0}
{"epoch": 59, "time_epoch": 0.14128, "time_epoch_std": 0.0, "eta": 14.77408, "eta_std": 0.0, "eta_hours": 0.0041, "eta_hours_std": 0.0, "loss": 0.52347, "loss_std": 0.0, "lr": 0.00036, "lr_std": 0.0, "params": 9207.0, "params_std": 0.0, "time_iter": 0.04709, "time_iter_std": 0.0, "accuracy": 0.69231, "accuracy_std": 0.0, "precision": 0.68421, "precision_std": 0.0, "recall": 1.0, "recall_std": 0.0, "f1": 0.8125, "f1_std": 0.0, "auc": 0.89349, "auc_std": 0.0}
{"epoch": 60, "time_epoch": 0.14539, "time_epoch_std": 0.0, "eta": 14.26154, "eta_std": 0.0, "eta_hours": 0.00396, "eta_hours_std": 0.0, "loss": 0.51241, "loss_std": 0.0, "lr": 0.00035, "lr_std": 0.0, "params": 9207.0, "params_std": 0.0, "time_iter": 0.04846, "time_iter_std": 0.0, "accuracy": 0.69231, "accuracy_std": 0.0, "precision": 0.68421, "precision_std": 0.0, "recall": 1.0, "recall_std": 0.0, "f1": 0.8125, "f1_std": 0.0, "auc": 0.95266, "auc_std": 0.0}
{"epoch": 61, "time_epoch": 0.14451, "time_epoch_std": 0.0, "eta": 13.7603, "eta_std": 0.0, "eta_hours": 0.00382, "eta_hours_std": 0.0, "loss": 0.53229, "loss_std": 0.0, "lr": 0.00033, "lr_std": 0.0, "params": 9207.0, "params_std": 0.0, "time_iter": 0.04817, "time_iter_std": 0.0, "accuracy": 0.69231, "accuracy_std": 0.0, "precision": 0.68421, "precision_std": 0.0, "recall": 1.0, "recall_std": 0.0, "f1": 0.8125, "f1_std": 0.0, "auc": 0.85207, "auc_std": 0.0}
{"epoch": 62, "time_epoch": 0.13993, "time_epoch_std": 0.0, "eta": 13.2677, "eta_std": 0.0, "eta_hours": 0.00369, "eta_hours_std": 0.0, "loss": 0.50738, "loss_std": 0.0, "lr": 0.00032, "lr_std": 0.0, "params": 9207.0, "params_std": 0.0, "time_iter": 0.04664, "time_iter_std": 0.0, "accuracy": 0.69231, "accuracy_std": 0.0, "precision": 0.68421, "precision_std": 0.0, "recall": 1.0, "recall_std": 0.0, "f1": 0.8125, "f1_std": 0.0, "auc": 0.93491, "auc_std": 0.0}
{"epoch": 63, "time_epoch": 0.14452, "time_epoch_std": 0.0, "eta": 12.7887, "eta_std": 0.0, "eta_hours": 0.00355, "eta_hours_std": 0.0, "loss": 0.50506, "loss_std": 0.0, "lr": 0.0003, "lr_std": 0.0, "params": 9207.0, "params_std": 0.0, "time_iter": 0.04817, "time_iter_std": 0.0, "accuracy": 0.69231, "accuracy_std": 0.0, "precision": 0.68421, "precision_std": 0.0, "recall": 1.0, "recall_std": 0.0, "f1": 0.8125, "f1_std": 0.0, "auc": 0.94379, "auc_std": 0.0}
{"epoch": 64, "time_epoch": 0.14626, "time_epoch_std": 0.0, "eta": 12.32093, "eta_std": 0.0, "eta_hours": 0.00342, "eta_hours_std": 0.0, "loss": 0.51377, "loss_std": 0.0, "lr": 0.00029, "lr_std": 0.0, "params": 9207.0, "params_std": 0.0, "time_iter": 0.04875, "time_iter_std": 0.0, "accuracy": 0.69231, "accuracy_std": 0.0, "precision": 0.68421, "precision_std": 0.0, "recall": 1.0, "recall_std": 0.0, "f1": 0.8125, "f1_std": 0.0, "auc": 0.87574, "auc_std": 0.0}
{"epoch": 65, "time_epoch": 0.14487, "time_epoch_std": 0.0, "eta": 11.86219, "eta_std": 0.0, "eta_hours": 0.0033, "eta_hours_std": 0.0, "loss": 0.52081, "loss_std": 0.0, "lr": 0.00027, "lr_std": 0.0, "params": 9207.0, "params_std": 0.0, "time_iter": 0.04829, "time_iter_std": 0.0, "accuracy": 0.69231, "accuracy_std": 0.0, "precision": 0.68421, "precision_std": 0.0, "recall": 1.0, "recall_std": 0.0, "f1": 0.8125, "f1_std": 0.0, "auc": 0.9497, "auc_std": 0.0}
{"epoch": 66, "time_epoch": 0.14382, "time_epoch_std": 0.0, "eta": 11.41229, "eta_std": 0.0, "eta_hours": 0.00317, "eta_hours_std": 0.0, "loss": 0.50222, "loss_std": 0.0, "lr": 0.00026, "lr_std": 0.0, "params": 9207.0, "params_std": 0.0, "time_iter": 0.04794, "time_iter_std": 0.0, "accuracy": 0.69231, "accuracy_std": 0.0, "precision": 0.68421, "precision_std": 0.0, "recall": 1.0, "recall_std": 0.0, "f1": 0.8125, "f1_std": 0.0, "auc": 0.94675, "auc_std": 0.0}
{"epoch": 67, "time_epoch": 0.14346, "time_epoch_std": 0.0, "eta": 10.97124, "eta_std": 0.0, "eta_hours": 0.00305, "eta_hours_std": 0.0, "loss": 0.49912, "loss_std": 0.0, "lr": 0.00025, "lr_std": 0.0, "params": 9207.0, "params_std": 0.0, "time_iter": 0.04782, "time_iter_std": 0.0, "accuracy": 0.69231, "accuracy_std": 0.0, "precision": 0.68421, "precision_std": 0.0, "recall": 1.0, "recall_std": 0.0, "f1": 0.8125, "f1_std": 0.0, "auc": 0.93491, "auc_std": 0.0}
{"epoch": 68, "time_epoch": 0.14506, "time_epoch_std": 0.0, "eta": 10.53952, "eta_std": 0.0, "eta_hours": 0.00293, "eta_hours_std": 0.0, "loss": 0.52285, "loss_std": 0.0, "lr": 0.00023, "lr_std": 0.0, "params": 9207.0, "params_std": 0.0, "time_iter": 0.04835, "time_iter_std": 0.0, "accuracy": 0.66667, "accuracy_std": 0.0, "precision": 0.66667, "precision_std": 0.0, "recall": 1.0, "recall_std": 0.0, "f1": 0.8, "f1_std": 0.0, "auc": 0.91716, "auc_std": 0.0}
{"epoch": 69, "time_epoch": 0.14263, "time_epoch_std": 0.0, "eta": 10.11496, "eta_std": 0.0, "eta_hours": 0.00281, "eta_hours_std": 0.0, "loss": 0.49773, "loss_std": 0.0, "lr": 0.00022, "lr_std": 0.0, "params": 9207.0, "params_std": 0.0, "time_iter": 0.04754, "time_iter_std": 0.0, "accuracy": 0.69231, "accuracy_std": 0.0, "precision": 0.68421, "precision_std": 0.0, "recall": 1.0, "recall_std": 0.0, "f1": 0.8125, "f1_std": 0.0, "auc": 0.9497, "auc_std": 0.0}
{"epoch": 70, "time_epoch": 0.14191, "time_epoch_std": 0.0, "eta": 9.69804, "eta_std": 0.0, "eta_hours": 0.00269, "eta_hours_std": 0.0, "loss": 0.4911, "loss_std": 0.0, "lr": 0.00021, "lr_std": 0.0, "params": 9207.0, "params_std": 0.0, "time_iter": 0.0473, "time_iter_std": 0.0, "accuracy": 0.69231, "accuracy_std": 0.0, "precision": 0.68421, "precision_std": 0.0, "recall": 1.0, "recall_std": 0.0, "f1": 0.8125, "f1_std": 0.0, "auc": 0.95562, "auc_std": 0.0}
{"epoch": 71, "time_epoch": 0.14312, "time_epoch_std": 0.0, "eta": 9.28923, "eta_std": 0.0, "eta_hours": 0.00258, "eta_hours_std": 0.0, "loss": 0.49115, "loss_std": 0.0, "lr": 0.00019, "lr_std": 0.0, "params": 9207.0, "params_std": 0.0, "time_iter": 0.04771, "time_iter_std": 0.0, "accuracy": 0.69231, "accuracy_std": 0.0, "precision": 0.68421, "precision_std": 0.0, "recall": 1.0, "recall_std": 0.0, "f1": 0.8125, "f1_std": 0.0, "auc": 0.97337, "auc_std": 0.0}
{"epoch": 72, "time_epoch": 0.14552, "time_epoch_std": 0.0, "eta": 8.88859, "eta_std": 0.0, "eta_hours": 0.00247, "eta_hours_std": 0.0, "loss": 0.49018, "loss_std": 0.0, "lr": 0.00018, "lr_std": 0.0, "params": 9207.0, "params_std": 0.0, "time_iter": 0.04851, "time_iter_std": 0.0, "accuracy": 0.71795, "accuracy_std": 0.0, "precision": 0.7027, "precision_std": 0.0, "recall": 1.0, "recall_std": 0.0, "f1": 0.8254, "f1_std": 0.0, "auc": 0.94083, "auc_std": 0.0}
{"epoch": 73, "time_epoch": 0.14251, "time_epoch_std": 0.0, "eta": 8.49379, "eta_std": 0.0, "eta_hours": 0.00236, "eta_hours_std": 0.0, "loss": 0.48058, "loss_std": 0.0, "lr": 0.00017, "lr_std": 0.0, "params": 9207.0, "params_std": 0.0, "time_iter": 0.0475, "time_iter_std": 0.0, "accuracy": 0.71795, "accuracy_std": 0.0, "precision": 0.7027, "precision_std": 0.0, "recall": 1.0, "recall_std": 0.0, "f1": 0.8254, "f1_std": 0.0, "auc": 0.97929, "auc_std": 0.0}
{"epoch": 74, "time_epoch": 0.14358, "time_epoch_std": 0.0, "eta": 8.10607, "eta_std": 0.0, "eta_hours": 0.00225, "eta_hours_std": 0.0, "loss": 0.47975, "loss_std": 0.0, "lr": 0.00016, "lr_std": 0.0, "params": 9207.0, "params_std": 0.0, "time_iter": 0.04786, "time_iter_std": 0.0, "accuracy": 0.71795, "accuracy_std": 0.0, "precision": 0.7027, "precision_std": 0.0, "recall": 1.0, "recall_std": 0.0, "f1": 0.8254, "f1_std": 0.0, "auc": 0.97041, "auc_std": 0.0}
{"epoch": 75, "time_epoch": 0.14388, "time_epoch_std": 0.0, "eta": 7.72487, "eta_std": 0.0, "eta_hours": 0.00215, "eta_hours_std": 0.0, "loss": 0.48133, "loss_std": 0.0, "lr": 0.00015, "lr_std": 0.0, "params": 9207.0, "params_std": 0.0, "time_iter": 0.04796, "time_iter_std": 0.0, "accuracy": 0.71795, "accuracy_std": 0.0, "precision": 0.7027, "precision_std": 0.0, "recall": 1.0, "recall_std": 0.0, "f1": 0.8254, "f1_std": 0.0, "auc": 0.95858, "auc_std": 0.0}
{"epoch": 76, "time_epoch": 0.14443, "time_epoch_std": 0.0, "eta": 7.35, "eta_std": 0.0, "eta_hours": 0.00204, "eta_hours_std": 0.0, "loss": 0.48336, "loss_std": 0.0, "lr": 0.00014, "lr_std": 0.0, "params": 9207.0, "params_std": 0.0, "time_iter": 0.04814, "time_iter_std": 0.0, "accuracy": 0.71795, "accuracy_std": 0.0, "precision": 0.7027, "precision_std": 0.0, "recall": 1.0, "recall_std": 0.0, "f1": 0.8254, "f1_std": 0.0, "auc": 0.94083, "auc_std": 0.0}
{"epoch": 77, "time_epoch": 0.14399, "time_epoch_std": 0.0, "eta": 6.98091, "eta_std": 0.0, "eta_hours": 0.00194, "eta_hours_std": 0.0, "loss": 0.48932, "loss_std": 0.0, "lr": 0.00012, "lr_std": 0.0, "params": 9207.0, "params_std": 0.0, "time_iter": 0.048, "time_iter_std": 0.0, "accuracy": 0.71795, "accuracy_std": 0.0, "precision": 0.7027, "precision_std": 0.0, "recall": 1.0, "recall_std": 0.0, "f1": 0.8254, "f1_std": 0.0, "auc": 0.93195, "auc_std": 0.0}
{"epoch": 78, "time_epoch": 0.14841, "time_epoch_std": 0.0, "eta": 6.6187, "eta_std": 0.0, "eta_hours": 0.00184, "eta_hours_std": 0.0, "loss": 0.48128, "loss_std": 0.0, "lr": 0.00011, "lr_std": 0.0, "params": 9207.0, "params_std": 0.0, "time_iter": 0.04947, "time_iter_std": 0.0, "accuracy": 0.71795, "accuracy_std": 0.0, "precision": 0.7027, "precision_std": 0.0, "recall": 1.0, "recall_std": 0.0, "f1": 0.8254, "f1_std": 0.0, "auc": 0.92604, "auc_std": 0.0}
{"epoch": 79, "time_epoch": 0.14236, "time_epoch_std": 0.0, "eta": 6.26032, "eta_std": 0.0, "eta_hours": 0.00174, "eta_hours_std": 0.0, "loss": 0.47517, "loss_std": 0.0, "lr": 0.0001, "lr_std": 0.0, "params": 9207.0, "params_std": 0.0, "time_iter": 0.04745, "time_iter_std": 0.0, "accuracy": 0.69231, "accuracy_std": 0.0, "precision": 0.68421, "precision_std": 0.0, "recall": 1.0, "recall_std": 0.0, "f1": 0.8125, "f1_std": 0.0, "auc": 0.97041, "auc_std": 0.0}
{"epoch": 80, "time_epoch": 0.14347, "time_epoch_std": 0.0, "eta": 5.90753, "eta_std": 0.0, "eta_hours": 0.00164, "eta_hours_std": 0.0, "loss": 0.47126, "loss_std": 0.0, "lr": 0.0001, "lr_std": 0.0, "params": 9207.0, "params_std": 0.0, "time_iter": 0.04782, "time_iter_std": 0.0, "accuracy": 0.71795, "accuracy_std": 0.0, "precision": 0.7027, "precision_std": 0.0, "recall": 1.0, "recall_std": 0.0, "f1": 0.8254, "f1_std": 0.0, "auc": 0.9645, "auc_std": 0.0}
{"epoch": 81, "time_epoch": 0.14688, "time_epoch_std": 0.0, "eta": 5.5606, "eta_std": 0.0, "eta_hours": 0.00154, "eta_hours_std": 0.0, "loss": 0.46813, "loss_std": 0.0, "lr": 9e-05, "lr_std": 0.0, "params": 9207.0, "params_std": 0.0, "time_iter": 0.04896, "time_iter_std": 0.0, "accuracy": 0.71795, "accuracy_std": 0.0, "precision": 0.7027, "precision_std": 0.0, "recall": 1.0, "recall_std": 0.0, "f1": 0.8254, "f1_std": 0.0, "auc": 0.96746, "auc_std": 0.0}
{"epoch": 82, "time_epoch": 0.14016, "time_epoch_std": 0.0, "eta": 5.21711, "eta_std": 0.0, "eta_hours": 0.00145, "eta_hours_std": 0.0, "loss": 0.48342, "loss_std": 0.0, "lr": 8e-05, "lr_std": 0.0, "params": 9207.0, "params_std": 0.0, "time_iter": 0.04672, "time_iter_std": 0.0, "accuracy": 0.71795, "accuracy_std": 0.0, "precision": 0.7027, "precision_std": 0.0, "recall": 1.0, "recall_std": 0.0, "f1": 0.8254, "f1_std": 0.0, "auc": 0.96154, "auc_std": 0.0}
{"epoch": 83, "time_epoch": 0.14785, "time_epoch_std": 0.0, "eta": 4.87993, "eta_std": 0.0, "eta_hours": 0.00136, "eta_hours_std": 0.0, "loss": 0.49856, "loss_std": 0.0, "lr": 7e-05, "lr_std": 0.0, "params": 9207.0, "params_std": 0.0, "time_iter": 0.04928, "time_iter_std": 0.0, "accuracy": 0.69231, "accuracy_std": 0.0, "precision": 0.68421, "precision_std": 0.0, "recall": 1.0, "recall_std": 0.0, "f1": 0.8125, "f1_std": 0.0, "auc": 0.9497, "auc_std": 0.0}
{"epoch": 84, "time_epoch": 0.14654, "time_epoch_std": 0.0, "eta": 4.54697, "eta_std": 0.0, "eta_hours": 0.00126, "eta_hours_std": 0.0, "loss": 0.46868, "loss_std": 0.0, "lr": 6e-05, "lr_std": 0.0, "params": 9207.0, "params_std": 0.0, "time_iter": 0.04885, "time_iter_std": 0.0, "accuracy": 0.71795, "accuracy_std": 0.0, "precision": 0.7027, "precision_std": 0.0, "recall": 1.0, "recall_std": 0.0, "f1": 0.8254, "f1_std": 0.0, "auc": 0.97337, "auc_std": 0.0}
{"epoch": 85, "time_epoch": 0.14424, "time_epoch_std": 0.0, "eta": 4.21797, "eta_std": 0.0, "eta_hours": 0.00117, "eta_hours_std": 0.0, "loss": 0.47031, "loss_std": 0.0, "lr": 5e-05, "lr_std": 0.0, "params": 9207.0, "params_std": 0.0, "time_iter": 0.04808, "time_iter_std": 0.0, "accuracy": 0.71795, "accuracy_std": 0.0, "precision": 0.7027, "precision_std": 0.0, "recall": 1.0, "recall_std": 0.0, "f1": 0.8254, "f1_std": 0.0, "auc": 0.96746, "auc_std": 0.0}
{"epoch": 86, "time_epoch": 0.1489, "time_epoch_std": 0.0, "eta": 3.89392, "eta_std": 0.0, "eta_hours": 0.00108, "eta_hours_std": 0.0, "loss": 0.46371, "loss_std": 0.0, "lr": 5e-05, "lr_std": 0.0, "params": 9207.0, "params_std": 0.0, "time_iter": 0.04963, "time_iter_std": 0.0, "accuracy": 0.71795, "accuracy_std": 0.0, "precision": 0.7027, "precision_std": 0.0, "recall": 1.0, "recall_std": 0.0, "f1": 0.8254, "f1_std": 0.0, "auc": 0.99408, "auc_std": 0.0}
{"epoch": 87, "time_epoch": 0.14479, "time_epoch_std": 0.0, "eta": 3.57329, "eta_std": 0.0, "eta_hours": 0.00099, "eta_hours_std": 0.0, "loss": 0.46968, "loss_std": 0.0, "lr": 4e-05, "lr_std": 0.0, "params": 9207.0, "params_std": 0.0, "time_iter": 0.04826, "time_iter_std": 0.0, "accuracy": 0.71795, "accuracy_std": 0.0, "precision": 0.7027, "precision_std": 0.0, "recall": 1.0, "recall_std": 0.0, "f1": 0.8254, "f1_std": 0.0, "auc": 0.95858, "auc_std": 0.0}
{"epoch": 88, "time_epoch": 0.14465, "time_epoch_std": 0.0, "eta": 3.25659, "eta_std": 0.0, "eta_hours": 0.0009, "eta_hours_std": 0.0, "loss": 0.46885, "loss_std": 0.0, "lr": 4e-05, "lr_std": 0.0, "params": 9207.0, "params_std": 0.0, "time_iter": 0.04822, "time_iter_std": 0.0, "accuracy": 0.71795, "accuracy_std": 0.0, "precision": 0.7027, "precision_std": 0.0, "recall": 1.0, "recall_std": 0.0, "f1": 0.8254, "f1_std": 0.0, "auc": 0.97337, "auc_std": 0.0}
{"epoch": 89, "time_epoch": 0.14485, "time_epoch_std": 0.0, "eta": 2.94373, "eta_std": 0.0, "eta_hours": 0.00082, "eta_hours_std": 0.0, "loss": 0.47222, "loss_std": 0.0, "lr": 3e-05, "lr_std": 0.0, "params": 9207.0, "params_std": 0.0, "time_iter": 0.04828, "time_iter_std": 0.0, "accuracy": 0.71795, "accuracy_std": 0.0, "precision": 0.7027, "precision_std": 0.0, "recall": 1.0, "recall_std": 0.0, "f1": 0.8254, "f1_std": 0.0, "auc": 0.94083, "auc_std": 0.0}
{"epoch": 90, "time_epoch": 0.14288, "time_epoch_std": 0.0, "eta": 2.63438, "eta_std": 0.0, "eta_hours": 0.00073, "eta_hours_std": 0.0, "loss": 0.46295, "loss_std": 0.0, "lr": 2e-05, "lr_std": 0.0, "params": 9207.0, "params_std": 0.0, "time_iter": 0.04763, "time_iter_std": 0.0, "accuracy": 0.74359, "accuracy_std": 0.0, "precision": 0.72222, "precision_std": 0.0, "recall": 1.0, "recall_std": 0.0, "f1": 0.83871, "f1_std": 0.0, "auc": 0.97041, "auc_std": 0.0}
{"epoch": 91, "time_epoch": 0.15441, "time_epoch_std": 0.0, "eta": 2.32964, "eta_std": 0.0, "eta_hours": 0.00065, "eta_hours_std": 0.0, "loss": 0.46565, "loss_std": 0.0, "lr": 2e-05, "lr_std": 0.0, "params": 9207.0, "params_std": 0.0, "time_iter": 0.05147, "time_iter_std": 0.0, "accuracy": 0.71795, "accuracy_std": 0.0, "precision": 0.7027, "precision_std": 0.0, "recall": 1.0, "recall_std": 0.0, "f1": 0.8254, "f1_std": 0.0, "auc": 1.0, "auc_std": 0.0}
{"epoch": 92, "time_epoch": 0.14635, "time_epoch_std": 0.0, "eta": 2.02753, "eta_std": 0.0, "eta_hours": 0.00056, "eta_hours_std": 0.0, "loss": 0.46953, "loss_std": 0.0, "lr": 2e-05, "lr_std": 0.0, "params": 9207.0, "params_std": 0.0, "time_iter": 0.04878, "time_iter_std": 0.0, "accuracy": 0.71795, "accuracy_std": 0.0, "precision": 0.7027, "precision_std": 0.0, "recall": 1.0, "recall_std": 0.0, "f1": 0.8254, "f1_std": 0.0, "auc": 0.95562, "auc_std": 0.0}
{"epoch": 93, "time_epoch": 0.14249, "time_epoch_std": 0.0, "eta": 1.72849, "eta_std": 0.0, "eta_hours": 0.00048, "eta_hours_std": 0.0, "loss": 0.48072, "loss_std": 0.0, "lr": 1e-05, "lr_std": 0.0, "params": 9207.0, "params_std": 0.0, "time_iter": 0.0475, "time_iter_std": 0.0, "accuracy": 0.71795, "accuracy_std": 0.0, "precision": 0.7027, "precision_std": 0.0, "recall": 1.0, "recall_std": 0.0, "f1": 0.8254, "f1_std": 0.0, "auc": 0.95266, "auc_std": 0.0}
{"epoch": 94, "time_epoch": 0.1433, "time_epoch_std": 0.0, "eta": 1.43279, "eta_std": 0.0, "eta_hours": 0.0004, "eta_hours_std": 0.0, "loss": 0.46033, "loss_std": 0.0, "lr": 1e-05, "lr_std": 0.0, "params": 9207.0, "params_std": 0.0, "time_iter": 0.04777, "time_iter_std": 0.0, "accuracy": 0.71795, "accuracy_std": 0.0, "precision": 0.7027, "precision_std": 0.0, "recall": 1.0, "recall_std": 0.0, "f1": 0.8254, "f1_std": 0.0, "auc": 0.99112, "auc_std": 0.0}
{"epoch": 95, "time_epoch": 0.14287, "time_epoch_std": 0.0, "eta": 1.14025, "eta_std": 0.0, "eta_hours": 0.00032, "eta_hours_std": 0.0, "loss": 0.47356, "loss_std": 0.0, "lr": 1e-05, "lr_std": 0.0, "params": 9207.0, "params_std": 0.0, "time_iter": 0.04762, "time_iter_std": 0.0, "accuracy": 0.69231, "accuracy_std": 0.0, "precision": 0.68421, "precision_std": 0.0, "recall": 1.0, "recall_std": 0.0, "f1": 0.8125, "f1_std": 0.0, "auc": 0.94379, "auc_std": 0.0}
{"epoch": 96, "time_epoch": 0.14479, "time_epoch_std": 0.0, "eta": 0.85085, "eta_std": 0.0, "eta_hours": 0.00024, "eta_hours_std": 0.0, "loss": 0.471, "loss_std": 0.0, "lr": 0.0, "lr_std": 0.0, "params": 9207.0, "params_std": 0.0, "time_iter": 0.04826, "time_iter_std": 0.0, "accuracy": 0.71795, "accuracy_std": 0.0, "precision": 0.7027, "precision_std": 0.0, "recall": 1.0, "recall_std": 0.0, "f1": 0.8254, "f1_std": 0.0, "auc": 0.9497, "auc_std": 0.0}
{"epoch": 97, "time_epoch": 0.15007, "time_epoch_std": 0.0, "eta": 0.56451, "eta_std": 0.0, "eta_hours": 0.00016, "eta_hours_std": 0.0, "loss": 0.46747, "loss_std": 0.0, "lr": 0.0, "lr_std": 0.0, "params": 9207.0, "params_std": 0.0, "time_iter": 0.05002, "time_iter_std": 0.0, "accuracy": 0.71795, "accuracy_std": 0.0, "precision": 0.7027, "precision_std": 0.0, "recall": 1.0, "recall_std": 0.0, "f1": 0.8254, "f1_std": 0.0, "auc": 0.97633, "auc_std": 0.0}
{"epoch": 98, "time_epoch": 0.14203, "time_epoch_std": 0.0, "eta": 0.28084, "eta_std": 0.0, "eta_hours": 8e-05, "eta_hours_std": 0.0, "loss": 0.48287, "loss_std": 0.0, "lr": 0.0, "lr_std": 0.0, "params": 9207.0, "params_std": 0.0, "time_iter": 0.04734, "time_iter_std": 0.0, "accuracy": 0.71795, "accuracy_std": 0.0, "precision": 0.7027, "precision_std": 0.0, "recall": 1.0, "recall_std": 0.0, "f1": 0.8254, "f1_std": 0.0, "auc": 0.90237, "auc_std": 0.0}
{"epoch": 99, "time_epoch": 0.1434, "time_epoch_std": 0.0, "eta": 0.0, "eta_std": 0.0, "eta_hours": 0.0, "eta_hours_std": 0.0, "loss": 0.48216, "loss_std": 0.0, "lr": 0.0, "lr_std": 0.0, "params": 9207.0, "params_std": 0.0, "time_iter": 0.0478, "time_iter_std": 0.0, "accuracy": 0.69231, "accuracy_std": 0.0, "precision": 0.68421, "precision_std": 0.0, "recall": 1.0, "recall_std": 0.0, "f1": 0.8125, "f1_std": 0.0, "auc": 0.97929, "auc_std": 0.0}
