{"epoch": 0, "time_epoch": 141.85107, "eta": 14043.25564, "eta_hours": 3.9009, "loss": 0.68183939, "lr": 0.001, "params": 4975, "time_iter": 0.48249, "accuracy": 0.58673, "precision": 0.0, "recall": 0.0, "f1": 0.0, "auc": 0.46117}
{"epoch": 1, "time_epoch": 140.99827, "eta": 13859.61761, "eta_hours": 3.84989, "loss": 0.68050116, "lr": 0.00099975, "params": 4975, "time_iter": 0.47959, "accuracy": 0.58673, "precision": 0.0, "recall": 0.0, "f1": 0.0, "auc": 0.51654}
{"epoch": 2, "time_epoch": 140.94544, "eta": 13702.69783, "eta_hours": 3.8063, "loss": 0.67904818, "lr": 0.00099901, "params": 4975, "time_iter": 0.47941, "accuracy": 0.58673, "precision": 0.0, "recall": 0.0, "f1": 0.0, "auc": 0.42907}
{"epoch": 3, "time_epoch": 141.04951, "eta": 13556.26289, "eta_hours": 3.76563, "loss": 0.67866329, "lr": 0.00099778, "params": 4975, "time_iter": 0.47976, "accuracy": 0.58673, "precision": 0.0, "recall": 0.0, "f1": 0.0, "auc": 0.45235}
{"epoch": 4, "time_epoch": 141.12158, "eta": 13413.35155, "eta_hours": 3.72593, "loss": 0.67879323, "lr": 0.00099606, "params": 4975, "time_iter": 0.48001, "accuracy": 0.58673, "precision": 0.0, "recall": 0.0, "f1": 0.0, "auc": 0.45161}
{"epoch": 5, "time_epoch": 140.94247, "eta": 13268.23073, "eta_hours": 3.68562, "loss": 0.67874902, "lr": 0.00099384, "params": 4975, "time_iter": 0.4794, "accuracy": 0.58673, "precision": 0.0, "recall": 0.0, "f1": 0.0, "auc": 0.45112}
{"epoch": 6, "time_epoch": 141.06614, "eta": 13125.94677, "eta_hours": 3.6461, "loss": 0.67858716, "lr": 0.00099114, "params": 4975, "time_iter": 0.47982, "accuracy": 0.58673, "precision": 0.0, "recall": 0.0, "f1": 0.0, "auc": 0.46501}
{"epoch": 7, "time_epoch": 141.67026, "eta": 12990.91462, "eta_hours": 3.60859, "loss": 0.67858508, "lr": 0.00098796, "params": 4975, "time_iter": 0.48187, "accuracy": 0.58673, "precision": 0.0, "recall": 0.0, "f1": 0.0, "auc": 0.45202}
{"epoch": 8, "time_epoch": 141.00622, "eta": 12847.6931, "eta_hours": 3.5688, "loss": 0.67837733, "lr": 0.00098429, "params": 4975, "time_iter": 0.47961, "accuracy": 0.58673, "precision": 0.0, "recall": 0.0, "f1": 0.0, "auc": 0.47179}
{"epoch": 9, "time_epoch": 140.97583, "eta": 12704.64112, "eta_hours": 3.52907, "loss": 0.6787114, "lr": 0.00098015, "params": 4975, "time_iter": 0.47951, "accuracy": 0.58673, "precision": 0.0, "recall": 0.0, "f1": 0.0, "auc": 0.45477}
{"epoch": 10, "time_epoch": 141.04363, "eta": 12562.5152, "eta_hours": 3.48959, "loss": 0.67850659, "lr": 0.00097553, "params": 4975, "time_iter": 0.47974, "accuracy": 0.58673, "precision": 0.0, "recall": 0.0, "f1": 0.0, "auc": 0.43013}
{"epoch": 11, "time_epoch": 141.07456, "eta": 12420.79648, "eta_hours": 3.45022, "loss": 0.67878094, "lr": 0.00097044, "params": 4975, "time_iter": 0.47985, "accuracy": 0.58673, "precision": 0.0, "recall": 0.0, "f1": 0.0, "auc": 0.45241}
{"epoch": 12, "time_epoch": 140.95863, "eta": 12278.40105, "eta_hours": 3.41067, "loss": 0.67874199, "lr": 0.00096489, "params": 4975, "time_iter": 0.47945, "accuracy": 0.58673, "precision": 0.0, "recall": 0.0, "f1": 0.0, "auc": 0.39658}
{"epoch": 13, "time_epoch": 141.04067, "eta": 12136.71485, "eta_hours": 3.37131, "loss": 0.67858499, "lr": 0.00095888, "params": 4975, "time_iter": 0.47973, "accuracy": 0.58673, "precision": 0.0, "recall": 0.0, "f1": 0.0, "auc": 0.44264}
{"epoch": 14, "time_epoch": 141.44251, "eta": 11997.39178, "eta_hours": 3.33261, "loss": 0.67850866, "lr": 0.00095241, "params": 4975, "time_iter": 0.4811, "accuracy": 0.58673, "precision": 0.0, "recall": 0.0, "f1": 0.0, "auc": 0.45792}
{"epoch": 15, "time_epoch": 141.29273, "eta": 11857.01743, "eta_hours": 3.29362, "loss": 0.67855626, "lr": 0.0009455, "params": 4975, "time_iter": 0.48059, "accuracy": 0.58673, "precision": 0.0, "recall": 0.0, "f1": 0.0, "auc": 0.4366}
{"epoch": 16, "time_epoch": 140.99556, "eta": 11715.08418, "eta_hours": 3.25419, "loss": 0.67852144, "lr": 0.00093815, "params": 4975, "time_iter": 0.47958, "accuracy": 0.58673, "precision": 0.0, "recall": 0.0, "f1": 0.0, "auc": 0.46968}
{"epoch": 17, "time_epoch": 141.06559, "eta": 11573.57414, "eta_hours": 3.21488, "loss": 0.67853449, "lr": 0.00093037, "params": 4975, "time_iter": 0.47981, "accuracy": 0.58673, "precision": 0.0, "recall": 0.0, "f1": 0.0, "auc": 0.43441}
{"epoch": 18, "time_epoch": 141.13486, "eta": 11432.40618, "eta_hours": 3.17567, "loss": 0.678366, "lr": 0.00092216, "params": 4975, "time_iter": 0.48005, "accuracy": 0.58673, "precision": 0.0, "recall": 0.0, "f1": 0.0, "auc": 0.44873}
{"epoch": 19, "time_epoch": 141.53169, "eta": 11292.82885, "eta_hours": 3.1369, "loss": 0.67863221, "lr": 0.00091354, "params": 4975, "time_iter": 0.4814, "accuracy": 0.58673, "precision": 0.0, "recall": 0.0, "f1": 0.0, "auc": 0.47375}
{"epoch": 20, "time_epoch": 141.12203, "eta": 11151.52429, "eta_hours": 3.09765, "loss": 0.67844255, "lr": 0.00090451, "params": 4975, "time_iter": 0.48001, "accuracy": 0.58673, "precision": 0.0, "recall": 0.0, "f1": 0.0, "auc": 0.43042}
{"epoch": 21, "time_epoch": 141.17652, "eta": 11010.42952, "eta_hours": 3.05845, "loss": 0.67854693, "lr": 0.00089508, "params": 4975, "time_iter": 0.48019, "accuracy": 0.58673, "precision": 0.0, "recall": 0.0, "f1": 0.0, "auc": 0.4636}
{"epoch": 22, "time_epoch": 141.10833, "eta": 10869.09934, "eta_hours": 3.01919, "loss": 0.67836599, "lr": 0.00088526, "params": 4975, "time_iter": 0.47996, "accuracy": 0.58673, "precision": 0.0, "recall": 0.0, "f1": 0.0, "auc": 0.44505}
{"epoch": 23, "time_epoch": 141.15333, "eta": 10727.93015, "eta_hours": 2.97998, "loss": 0.67853487, "lr": 0.00087506, "params": 4975, "time_iter": 0.48011, "accuracy": 0.58673, "precision": 0.0, "recall": 0.0, "f1": 0.0, "auc": 0.45853}
{"epoch": 24, "time_epoch": 141.06922, "eta": 10586.50992, "eta_hours": 2.9407, "loss": 0.67832339, "lr": 0.00086448, "params": 4975, "time_iter": 0.47983, "accuracy": 0.58673, "precision": 0.0, "recall": 0.0, "f1": 0.0, "auc": 0.45533}
{"epoch": 25, "time_epoch": 141.27226, "eta": 10445.69457, "eta_hours": 2.90158, "loss": 0.67853461, "lr": 0.00085355, "params": 4975, "time_iter": 0.48052, "accuracy": 0.58673, "precision": 0.0, "recall": 0.0, "f1": 0.0, "auc": 0.43584}
{"epoch": 26, "time_epoch": 141.20558, "eta": 10304.66509, "eta_hours": 2.86241, "loss": 0.67844716, "lr": 0.00084227, "params": 4975, "time_iter": 0.48029, "accuracy": 0.58673, "precision": 0.0, "recall": 0.0, "f1": 0.0, "auc": 0.46926}
{"epoch": 27, "time_epoch": 141.41612, "eta": 10164.16442, "eta_hours": 2.82338, "loss": 0.67845209, "lr": 0.00083066, "params": 4975, "time_iter": 0.48101, "accuracy": 0.58673, "precision": 0.0, "recall": 0.0, "f1": 0.0, "auc": 0.4534}
{"epoch": 28, "time_epoch": 141.41506, "eta": 10023.59802, "eta_hours": 2.78433, "loss": 0.67862956, "lr": 0.00081871, "params": 4975, "time_iter": 0.481, "accuracy": 0.58673, "precision": 0.0, "recall": 0.0, "f1": 0.0, "auc": 0.45163}
{"epoch": 29, "time_epoch": 141.34353, "eta": 9882.80813, "eta_hours": 2.74522, "loss": 0.67843812, "lr": 0.00080645, "params": 4975, "time_iter": 0.48076, "accuracy": 0.58673, "precision": 0.0, "recall": 0.0, "f1": 0.0, "auc": 0.46435}
{"epoch": 30, "time_epoch": 141.03452, "eta": 9741.29474, "eta_hours": 2.70592, "loss": 0.67835788, "lr": 0.00079389, "params": 4975, "time_iter": 0.47971, "accuracy": 0.58673, "precision": 0.0, "recall": 0.0, "f1": 0.0, "auc": 0.44787}
{"epoch": 31, "time_epoch": 141.33904, "eta": 9600.45837, "eta_hours": 2.66679, "loss": 0.67839498, "lr": 0.00078104, "params": 4975, "time_iter": 0.48075, "accuracy": 0.58673, "precision": 0.0, "recall": 0.0, "f1": 0.0, "auc": 0.46271}
{"epoch": 32, "time_epoch": 141.24483, "eta": 9459.40026, "eta_hours": 2.62761, "loss": 0.67846806, "lr": 0.00076791, "params": 4975, "time_iter": 0.48042, "accuracy": 0.58673, "precision": 0.0, "recall": 0.0, "f1": 0.0, "auc": 0.45031}
{"epoch": 33, "time_epoch": 141.25057, "eta": 9318.34232, "eta_hours": 2.58843, "loss": 0.67836354, "lr": 0.00075452, "params": 4975, "time_iter": 0.48044, "accuracy": 0.58673, "precision": 0.0, "recall": 0.0, "f1": 0.0, "auc": 0.441}
{"epoch": 34, "time_epoch": 141.40359, "eta": 9177.55754, "eta_hours": 2.54932, "loss": 0.67850598, "lr": 0.00074088, "params": 4975, "time_iter": 0.48096, "accuracy": 0.58673, "precision": 0.0, "recall": 0.0, "f1": 0.0, "auc": 0.47284}
{"epoch": 35, "time_epoch": 141.27717, "eta": 9036.51364, "eta_hours": 2.51014, "loss": 0.67856771, "lr": 0.000727, "params": 4975, "time_iter": 0.48053, "accuracy": 0.58673, "precision": 0.0, "recall": 0.0, "f1": 0.0, "auc": 0.42062}
{"epoch": 36, "time_epoch": 140.91239, "eta": 8894.83601, "eta_hours": 2.47079, "loss": 0.67852313, "lr": 0.00071289, "params": 4975, "time_iter": 0.47929, "accuracy": 0.58673, "precision": 0.0, "recall": 0.0, "f1": 0.0, "auc": 0.44032}
{"epoch": 37, "time_epoch": 141.35428, "eta": 8753.91964, "eta_hours": 2.43164, "loss": 0.67830484, "lr": 0.00069857, "params": 4975, "time_iter": 0.4808, "accuracy": 0.58673, "precision": 0.0, "recall": 0.0, "f1": 0.0, "auc": 0.47121}
{"epoch": 38, "time_epoch": 141.41779, "eta": 8613.08016, "eta_hours": 2.39252, "loss": 0.67853694, "lr": 0.00068406, "params": 4975, "time_iter": 0.48101, "accuracy": 0.58673, "precision": 0.0, "recall": 0.0, "f1": 0.0, "auc": 0.44926}
{"epoch": 39, "time_epoch": 141.30378, "eta": 8472.04074, "eta_hours": 2.35334, "loss": 0.67842293, "lr": 0.00066937, "params": 4975, "time_iter": 0.48063, "accuracy": 0.58673, "precision": 0.0, "recall": 0.0, "f1": 0.0, "auc": 0.46219}
{"epoch": 40, "time_epoch": 141.21459, "eta": 8330.86008, "eta_hours": 2.31413, "loss": 0.67844497, "lr": 0.00065451, "params": 4975, "time_iter": 0.48032, "accuracy": 0.58673, "precision": 0.0, "recall": 0.0, "f1": 0.0, "auc": 0.46004}
{"epoch": 41, "time_epoch": 141.33666, "eta": 8189.84638, "eta_hours": 2.27496, "loss": 0.67824924, "lr": 0.0006395, "params": 4975, "time_iter": 0.48074, "accuracy": 0.58673, "precision": 0.0, "recall": 0.0, "f1": 0.0, "auc": 0.45584}
{"epoch": 42, "time_epoch": 141.52943, "eta": 8049.07319, "eta_hours": 2.23585, "loss": 0.67835993, "lr": 0.00062434, "params": 4975, "time_iter": 0.48139, "accuracy": 0.58673, "precision": 0.0, "recall": 0.0, "f1": 0.0, "auc": 0.47027}
{"epoch": 43, "time_epoch": 141.31574, "eta": 7907.99366, "eta_hours": 2.19666, "loss": 0.67818587, "lr": 0.00060907, "params": 4975, "time_iter": 0.48067, "accuracy": 0.58673, "precision": 0.0, "recall": 0.0, "f1": 0.0, "auc": 0.43423}
{"epoch": 44, "time_epoch": 141.08605, "eta": 7766.62289, "eta_hours": 2.1574, "loss": 0.67825407, "lr": 0.00059369, "params": 4975, "time_iter": 0.47988, "accuracy": 0.58673, "precision": 0.0, "recall": 0.0, "f1": 0.0, "auc": 0.46335}
{"epoch": 45, "time_epoch": 141.26511, "eta": 7625.4747, "eta_hours": 2.11819, "loss": 0.67827144, "lr": 0.00057822, "params": 4975, "time_iter": 0.48049, "accuracy": 0.58673, "precision": 0.0, "recall": 0.0, "f1": 0.0, "auc": 0.4423}
{"epoch": 46, "time_epoch": 141.87061, "eta": 7485.00433, "eta_hours": 2.07917, "loss": 0.67833081, "lr": 0.00056267, "params": 4975, "time_iter": 0.48255, "accuracy": 0.58673, "precision": 0.0, "recall": 0.0, "f1": 0.0, "auc": 0.44217}
{"epoch": 47, "time_epoch": 141.23009, "eta": 7343.78173, "eta_hours": 2.03994, "loss": 0.67838151, "lr": 0.00054705, "params": 4975, "time_iter": 0.48037, "accuracy": 0.58673, "precision": 0.0, "recall": 0.0, "f1": 0.0, "auc": 0.45392}
{"epoch": 48, "time_epoch": 141.03124, "eta": 7202.35185, "eta_hours": 2.00065, "loss": 0.67832029, "lr": 0.0005314, "params": 4975, "time_iter": 0.4797, "accuracy": 0.58673, "precision": 0.0, "recall": 0.0, "f1": 0.0, "auc": 0.46214}
{"epoch": 49, "time_epoch": 141.03617, "eta": 7060.94285, "eta_hours": 1.96137, "loss": 0.67825309, "lr": 0.00051571, "params": 4975, "time_iter": 0.47971, "accuracy": 0.58673, "precision": 0.0, "recall": 0.0, "f1": 0.0, "auc": 0.46516}
{"epoch": 50, "time_epoch": 141.11904, "eta": 6919.62809, "eta_hours": 1.92212, "loss": 0.67826005, "lr": 0.0005, "params": 4975, "time_iter": 0.48, "accuracy": 0.58673, "precision": 0.0, "recall": 0.0, "f1": 0.0, "auc": 0.45703}
{"epoch": 51, "time_epoch": 140.97961, "eta": 6778.19215, "eta_hours": 1.88283, "loss": 0.67822157, "lr": 0.00048429, "params": 4975, "time_iter": 0.47952, "accuracy": 0.58673, "precision": 0.0, "recall": 0.0, "f1": 0.0, "auc": 0.45342}
{"epoch": 52, "time_epoch": 141.07006, "eta": 6636.85365, "eta_hours": 1.84357, "loss": 0.67836235, "lr": 0.0004686, "params": 4975, "time_iter": 0.47983, "accuracy": 0.58673, "precision": 0.0, "recall": 0.0, "f1": 0.0, "auc": 0.47405}
{"epoch": 53, "time_epoch": 141.08506, "eta": 6495.53786, "eta_hours": 1.80432, "loss": 0.67822034, "lr": 0.00045295, "params": 4975, "time_iter": 0.47988, "accuracy": 0.58673, "precision": 0.0, "recall": 0.0, "f1": 0.0, "auc": 0.43847}
{"epoch": 54, "time_epoch": 141.87649, "eta": 6354.878, "eta_hours": 1.76524, "loss": 0.67819747, "lr": 0.00043733, "params": 4975, "time_iter": 0.48257, "accuracy": 0.58673, "precision": 0.0, "recall": 0.0, "f1": 0.0, "auc": 0.45683}
{"epoch": 55, "time_epoch": 141.23057, "eta": 6213.66718, "eta_hours": 1.72602, "loss": 0.67832891, "lr": 0.00042178, "params": 4975, "time_iter": 0.48038, "accuracy": 0.58673, "precision": 0.0, "recall": 0.0, "f1": 0.0, "auc": 0.44987}
{"epoch": 56, "time_epoch": 141.09844, "eta": 6072.35599, "eta_hours": 1.68677, "loss": 0.6782341, "lr": 0.00040631, "params": 4975, "time_iter": 0.47993, "accuracy": 0.58673, "precision": 0.0, "recall": 0.0, "f1": 0.0, "auc": 0.46055}
{"epoch": 57, "time_epoch": 141.22217, "eta": 5931.14173, "eta_hours": 1.64754, "loss": 0.67822933, "lr": 0.00039093, "params": 4975, "time_iter": 0.48035, "accuracy": 0.58673, "precision": 0.0, "recall": 0.0, "f1": 0.0, "auc": 0.40416}
{"epoch": 58, "time_epoch": 141.16759, "eta": 5789.88928, "eta_hours": 1.6083, "loss": 0.67818334, "lr": 0.00037566, "params": 4975, "time_iter": 0.48016, "accuracy": 0.58673, "precision": 0.0, "recall": 0.0, "f1": 0.0, "auc": 0.46061}
{"epoch": 59, "time_epoch": 141.08929, "eta": 5648.58745, "eta_hours": 1.56905, "loss": 0.67816559, "lr": 0.0003605, "params": 4975, "time_iter": 0.4799, "accuracy": 0.58673, "precision": 0.0, "recall": 0.0, "f1": 0.0, "auc": 0.47669}
{"epoch": 60, "time_epoch": 141.15914, "eta": 5507.33725, "eta_hours": 1.52982, "loss": 0.6782013, "lr": 0.00034549, "params": 4975, "time_iter": 0.48013, "accuracy": 0.58673, "precision": 0.0, "recall": 0.0, "f1": 0.0, "auc": 0.44532}
{"epoch": 61, "time_epoch": 141.2509, "eta": 5366.14623, "eta_hours": 1.4906, "loss": 0.67821497, "lr": 0.00033063, "params": 4975, "time_iter": 0.48045, "accuracy": 0.58673, "precision": 0.0, "recall": 0.0, "f1": 0.0, "auc": 0.44331}
{"epoch": 62, "time_epoch": 141.43446, "eta": 5225.06112, "eta_hours": 1.45141, "loss": 0.67813541, "lr": 0.00031594, "params": 4975, "time_iter": 0.48107, "accuracy": 0.58673, "precision": 0.0, "recall": 0.0, "f1": 0.0, "auc": 0.45879}
{"epoch": 63, "time_epoch": 141.21334, "eta": 5083.8407, "eta_hours": 1.41218, "loss": 0.67821187, "lr": 0.00030143, "params": 4975, "time_iter": 0.48032, "accuracy": 0.58673, "precision": 0.0, "recall": 0.0, "f1": 0.0, "auc": 0.45338}
{"epoch": 64, "time_epoch": 141.17542, "eta": 4942.60008, "eta_hours": 1.37294, "loss": 0.6781905, "lr": 0.00028711, "params": 4975, "time_iter": 0.48019, "accuracy": 0.58673, "precision": 0.0, "recall": 0.0, "f1": 0.0, "auc": 0.44217}
{"epoch": 65, "time_epoch": 141.22421, "eta": 4801.38658, "eta_hours": 1.33372, "loss": 0.67815485, "lr": 0.000273, "params": 4975, "time_iter": 0.48035, "accuracy": 0.58673, "precision": 0.0, "recall": 0.0, "f1": 0.0, "auc": 0.45434}
{"epoch": 66, "time_epoch": 141.26972, "eta": 4660.19517, "eta_hours": 1.2945, "loss": 0.67816396, "lr": 0.00025912, "params": 4975, "time_iter": 0.48051, "accuracy": 0.58673, "precision": 0.0, "recall": 0.0, "f1": 0.0, "auc": 0.4349}
{"epoch": 67, "time_epoch": 141.43128, "eta": 4519.07748, "eta_hours": 1.2553, "loss": 0.6781341, "lr": 0.00024548, "params": 4975, "time_iter": 0.48106, "accuracy": 0.58673, "precision": 0.0, "recall": 0.0, "f1": 0.0, "auc": 0.4529}
{"epoch": 68, "time_epoch": 141.28609, "eta": 4377.88548, "eta_hours": 1.21608, "loss": 0.67814571, "lr": 0.00023209, "params": 4975, "time_iter": 0.48056, "accuracy": 0.58673, "precision": 0.0, "recall": 0.0, "f1": 0.0, "auc": 0.44384}
{"epoch": 69, "time_epoch": 141.14026, "eta": 4236.62829, "eta_hours": 1.17684, "loss": 0.67817066, "lr": 0.00021896, "params": 4975, "time_iter": 0.48007, "accuracy": 0.58673, "precision": 0.0, "recall": 0.0, "f1": 0.0, "auc": 0.45779}
{"epoch": 70, "time_epoch": 141.55466, "eta": 4095.54365, "eta_hours": 1.13765, "loss": 0.67810803, "lr": 0.00020611, "params": 4975, "time_iter": 0.48148, "accuracy": 0.58673, "precision": 0.0, "recall": 0.0, "f1": 0.0, "auc": 0.45738}
{"epoch": 71, "time_epoch": 141.27892, "eta": 3954.33873, "eta_hours": 1.09843, "loss": 0.67815336, "lr": 0.00019355, "params": 4975, "time_iter": 0.48054, "accuracy": 0.58673, "precision": 0.0, "recall": 0.0, "f1": 0.0, "auc": 0.46851}
{"epoch": 72, "time_epoch": 141.22865, "eta": 3813.11318, "eta_hours": 1.0592, "loss": 0.67815092, "lr": 0.00018129, "params": 4975, "time_iter": 0.48037, "accuracy": 0.58673, "precision": 0.0, "recall": 0.0, "f1": 0.0, "auc": 0.46051}
{"epoch": 73, "time_epoch": 141.04588, "eta": 3671.82334, "eta_hours": 1.01995, "loss": 0.67809786, "lr": 0.00016934, "params": 4975, "time_iter": 0.47975, "accuracy": 0.58673, "precision": 0.0, "recall": 0.0, "f1": 0.0, "auc": 0.45356}
{"epoch": 74, "time_epoch": 141.19604, "eta": 3530.59006, "eta_hours": 0.98072, "loss": 0.67812431, "lr": 0.00015773, "params": 4975, "time_iter": 0.48026, "accuracy": 0.58673, "precision": 0.0, "recall": 0.0, "f1": 0.0, "auc": 0.45098}
{"epoch": 75, "time_epoch": 141.22564, "eta": 3389.3671, "eta_hours": 0.94149, "loss": 0.67808255, "lr": 0.00014645, "params": 4975, "time_iter": 0.48036, "accuracy": 0.58673, "precision": 0.0, "recall": 0.0, "f1": 0.0, "auc": 0.45789}
{"epoch": 76, "time_epoch": 141.33312, "eta": 3248.17617, "eta_hours": 0.90227, "loss": 0.6781228, "lr": 0.00013552, "params": 4975, "time_iter": 0.48072, "accuracy": 0.58673, "precision": 0.0, "recall": 0.0, "f1": 0.0, "auc": 0.4435}
{"epoch": 77, "time_epoch": 141.37385, "eta": 3106.99309, "eta_hours": 0.86305, "loss": 0.67808171, "lr": 0.00012494, "params": 4975, "time_iter": 0.48086, "accuracy": 0.58673, "precision": 0.0, "recall": 0.0, "f1": 0.0, "auc": 0.45939}
{"epoch": 78, "time_epoch": 141.11353, "eta": 2965.73598, "eta_hours": 0.82382, "loss": 0.67806774, "lr": 0.00011474, "params": 4975, "time_iter": 0.47998, "accuracy": 0.58673, "precision": 0.0, "recall": 0.0, "f1": 0.0, "auc": 0.46087}
{"epoch": 79, "time_epoch": 141.24325, "eta": 2824.51489, "eta_hours": 0.78459, "loss": 0.67807695, "lr": 0.00010492, "params": 4975, "time_iter": 0.48042, "accuracy": 0.58673, "precision": 0.0, "recall": 0.0, "f1": 0.0, "auc": 0.44636}
{"epoch": 80, "time_epoch": 141.09525, "eta": 2683.25854, "eta_hours": 0.74535, "loss": 0.6780671, "lr": 9.549e-05, "params": 4975, "time_iter": 0.47992, "accuracy": 0.58673, "precision": 0.0, "recall": 0.0, "f1": 0.0, "auc": 0.45585}
{"epoch": 81, "time_epoch": 140.84401, "eta": 2541.95096, "eta_hours": 0.7061, "loss": 0.67807799, "lr": 8.646e-05, "params": 4975, "time_iter": 0.47906, "accuracy": 0.58673, "precision": 0.0, "recall": 0.0, "f1": 0.0, "auc": 0.43031}
{"epoch": 82, "time_epoch": 141.13093, "eta": 2400.71332, "eta_hours": 0.66686, "loss": 0.67805281, "lr": 7.784e-05, "params": 4975, "time_iter": 0.48004, "accuracy": 0.58673, "precision": 0.0, "recall": 0.0, "f1": 0.0, "auc": 0.44737}
{"epoch": 83, "time_epoch": 141.15809, "eta": 2259.4834, "eta_hours": 0.62763, "loss": 0.67806721, "lr": 6.963e-05, "params": 4975, "time_iter": 0.48013, "accuracy": 0.58673, "precision": 0.0, "recall": 0.0, "f1": 0.0, "auc": 0.45895}
{"epoch": 84, "time_epoch": 141.35413, "eta": 2118.28976, "eta_hours": 0.58841, "loss": 0.6780621, "lr": 6.185e-05, "params": 4975, "time_iter": 0.4808, "accuracy": 0.58673, "precision": 0.0, "recall": 0.0, "f1": 0.0, "auc": 0.44255}
{"epoch": 85, "time_epoch": 141.02868, "eta": 1977.03941, "eta_hours": 0.54918, "loss": 0.67805765, "lr": 5.45e-05, "params": 4975, "time_iter": 0.47969, "accuracy": 0.58673, "precision": 0.0, "recall": 0.0, "f1": 0.0, "auc": 0.45596}
{"epoch": 86, "time_epoch": 141.26542, "eta": 1835.82953, "eta_hours": 0.50995, "loss": 0.6780477, "lr": 4.759e-05, "params": 4975, "time_iter": 0.48049, "accuracy": 0.58673, "precision": 0.0, "recall": 0.0, "f1": 0.0, "auc": 0.43139}
{"epoch": 87, "time_epoch": 141.30546, "eta": 1694.62385, "eta_hours": 0.47073, "loss": 0.67804584, "lr": 4.112e-05, "params": 4975, "time_iter": 0.48063, "accuracy": 0.58673, "precision": 0.0, "recall": 0.0, "f1": 0.0, "auc": 0.45478}
{"epoch": 88, "time_epoch": 140.99428, "eta": 1553.37746, "eta_hours": 0.43149, "loss": 0.67804069, "lr": 3.511e-05, "params": 4975, "time_iter": 0.47957, "accuracy": 0.58673, "precision": 0.0, "recall": 0.0, "f1": 0.0, "auc": 0.44883}
{"epoch": 89, "time_epoch": 141.23736, "eta": 1412.16369, "eta_hours": 0.39227, "loss": 0.6780417, "lr": 2.956e-05, "params": 4975, "time_iter": 0.4804, "accuracy": 0.58673, "precision": 0.0, "recall": 0.0, "f1": 0.0, "auc": 0.45529}
{"epoch": 90, "time_epoch": 141.32533, "eta": 1270.95809, "eta_hours": 0.35304, "loss": 0.6780345, "lr": 2.447e-05, "params": 4975, "time_iter": 0.4807, "accuracy": 0.58673, "precision": 0.0, "recall": 0.0, "f1": 0.0, "auc": 0.45928}
{"epoch": 91, "time_epoch": 141.23373, "eta": 1129.74193, "eta_hours": 0.31382, "loss": 0.67803339, "lr": 1.985e-05, "params": 4975, "time_iter": 0.48039, "accuracy": 0.58673, "precision": 0.0, "recall": 0.0, "f1": 0.0, "auc": 0.45001}
{"epoch": 92, "time_epoch": 141.20732, "eta": 988.52341, "eta_hours": 0.27459, "loss": 0.67803233, "lr": 1.571e-05, "params": 4975, "time_iter": 0.4803, "accuracy": 0.58673, "precision": 0.0, "recall": 0.0, "f1": 0.0, "auc": 0.44139}
{"epoch": 93, "time_epoch": 141.36392, "eta": 847.31511, "eta_hours": 0.23537, "loss": 0.67802911, "lr": 1.204e-05, "params": 4975, "time_iter": 0.48083, "accuracy": 0.58673, "precision": 0.0, "recall": 0.0, "f1": 0.0, "auc": 0.45537}
{"epoch": 94, "time_epoch": 141.16995, "eta": 706.09334, "eta_hours": 0.19614, "loss": 0.67802865, "lr": 8.86e-06, "params": 4975, "time_iter": 0.48017, "accuracy": 0.58673, "precision": 0.0, "recall": 0.0, "f1": 0.0, "auc": 0.45011}
{"epoch": 95, "time_epoch": 141.30571, "eta": 564.8783, "eta_hours": 0.15691, "loss": 0.67802838, "lr": 6.16e-06, "params": 4975, "time_iter": 0.48063, "accuracy": 0.58673, "precision": 0.0, "recall": 0.0, "f1": 0.0, "auc": 0.44563}
{"epoch": 96, "time_epoch": 141.07176, "eta": 423.65415, "eta_hours": 0.11768, "loss": 0.67802802, "lr": 3.94e-06, "params": 4975, "time_iter": 0.47984, "accuracy": 0.58673, "precision": 0.0, "recall": 0.0, "f1": 0.0, "auc": 0.45355}
{"epoch": 97, "time_epoch": 141.32431, "eta": 282.43827, "eta_hours": 0.07846, "loss": 0.67802633, "lr": 2.22e-06, "params": 4975, "time_iter": 0.48069, "accuracy": 0.58673, "precision": 0.0, "recall": 0.0, "f1": 0.0, "auc": 0.43473}
{"epoch": 98, "time_epoch": 141.2926, "eta": 141.21988, "eta_hours": 0.03923, "loss": 0.67802554, "lr": 9.9e-07, "params": 4975, "time_iter": 0.48059, "accuracy": 0.58673, "precision": 0.0, "recall": 0.0, "f1": 0.0, "auc": 0.45856}
{"epoch": 99, "time_epoch": 141.19853, "eta": 0.0, "eta_hours": 0.0, "loss": 0.6780252, "lr": 2.5e-07, "params": 4975, "time_iter": 0.48027, "accuracy": 0.58673, "precision": 0.0, "recall": 0.0, "f1": 0.0, "auc": 0.44078}
