{"epoch": 0, "time_epoch": 48.6939, "eta": 4820.69632, "eta_hours": 1.33908, "loss": 0.67808551, "lr": 0.001, "params": 7591, "time_iter": 0.33125, "accuracy": 0.58673, "precision": 0.0, "recall": 0.0, "f1": 0.0, "auc": 0.50092}
{"epoch": 1, "time_epoch": 6.52196, "eta": 2705.57744, "eta_hours": 0.75155, "loss": 0.62644964, "lr": 0.00099975, "params": 7591, "time_iter": 0.04437, "accuracy": 0.67177, "precision": 0.68657, "recall": 0.3786, "f1": 0.48806, "auc": 0.68904}
{"epoch": 2, "time_epoch": 6.48579, "eta": 1995.02037, "eta_hours": 0.55417, "loss": 0.60900471, "lr": 0.00099901, "params": 7591, "time_iter": 0.04412, "accuracy": 0.70578, "precision": 0.68817, "recall": 0.52675, "f1": 0.59674, "auc": 0.71508}
{"epoch": 3, "time_epoch": 6.54352, "eta": 1637.8844, "eta_hours": 0.45497, "loss": 0.58357483, "lr": 0.00099778, "params": 7591, "time_iter": 0.04451, "accuracy": 0.70918, "precision": 0.7093, "recall": 0.50206, "f1": 0.58795, "auc": 0.72973}
{"epoch": 4, "time_epoch": 6.52632, "eta": 1420.65851, "eta_hours": 0.39463, "loss": 0.60880226, "lr": 0.00099606, "params": 7591, "time_iter": 0.0444, "accuracy": 0.70068, "precision": 0.70303, "recall": 0.47737, "f1": 0.56863, "auc": 0.70605}
{"epoch": 5, "time_epoch": 6.5229, "eta": 1273.61221, "eta_hours": 0.35378, "loss": 0.57701201, "lr": 0.00099384, "params": 7591, "time_iter": 0.04437, "accuracy": 0.71769, "precision": 0.70811, "recall": 0.53909, "f1": 0.61215, "auc": 0.77228}
{"epoch": 6, "time_epoch": 6.51424, "eta": 1166.60045, "eta_hours": 0.32406, "loss": 0.57669006, "lr": 0.00099114, "params": 7591, "time_iter": 0.04431, "accuracy": 0.7534, "precision": 0.7663, "recall": 0.58025, "f1": 0.66042, "auc": 0.78174}
{"epoch": 7, "time_epoch": 6.71174, "eta": 1086.98429, "eta_hours": 0.30194, "loss": 0.57750645, "lr": 0.00098796, "params": 7591, "time_iter": 0.04566, "accuracy": 0.7398, "precision": 0.71635, "recall": 0.61317, "f1": 0.66075, "auc": 0.79181}
{"epoch": 8, "time_epoch": 6.72596, "eta": 1023.71291, "eta_hours": 0.28436, "loss": 0.57081863, "lr": 0.00098429, "params": 7591, "time_iter": 0.04575, "accuracy": 0.7449, "precision": 0.72038, "recall": 0.62551, "f1": 0.6696, "auc": 0.80336}
{"epoch": 9, "time_epoch": 6.72161, "eta": 971.71151, "eta_hours": 0.26992, "loss": 0.57883788, "lr": 0.00098015, "params": 7591, "time_iter": 0.04573, "accuracy": 0.71599, "precision": 0.70879, "recall": 0.53086, "f1": 0.60706, "auc": 0.77105}
{"epoch": 10, "time_epoch": 7.40178, "eta": 933.44594, "eta_hours": 0.25929, "loss": 0.559468, "lr": 0.00097553, "params": 7591, "time_iter": 0.05035, "accuracy": 0.7517, "precision": 0.74619, "recall": 0.60494, "f1": 0.66818, "auc": 0.79249}
{"epoch": 11, "time_epoch": 7.03709, "eta": 897.64993, "eta_hours": 0.24935, "loss": 0.56458081, "lr": 0.00097044, "params": 7591, "time_iter": 0.04787, "accuracy": 0.72109, "precision": 0.70899, "recall": 0.55144, "f1": 0.62037, "auc": 0.79046}
{"epoch": 12, "time_epoch": 7.08394, "eta": 866.59196, "eta_hours": 0.24072, "loss": 0.56836196, "lr": 0.00096489, "params": 7591, "time_iter": 0.04819, "accuracy": 0.71599, "precision": 0.68269, "recall": 0.58436, "f1": 0.62971, "auc": 0.78165}
{"epoch": 13, "time_epoch": 7.05357, "eta": 838.77224, "eta_hours": 0.23299, "loss": 0.55584663, "lr": 0.00095888, "params": 7591, "time_iter": 0.04798, "accuracy": 0.72449, "precision": 0.71429, "recall": 0.55556, "f1": 0.625, "auc": 0.78536}
{"epoch": 14, "time_epoch": 7.06207, "eta": 813.76954, "eta_hours": 0.22605, "loss": 0.55336353, "lr": 0.00095241, "params": 7591, "time_iter": 0.04804, "accuracy": 0.73639, "precision": 0.73158, "recall": 0.57202, "f1": 0.64203, "auc": 0.7904}
{"epoch": 15, "time_epoch": 7.10718, "eta": 791.24627, "eta_hours": 0.21979, "loss": 0.58049808, "lr": 0.0009455, "params": 7591, "time_iter": 0.04835, "accuracy": 0.73639, "precision": 0.72917, "recall": 0.57613, "f1": 0.64368, "auc": 0.76636}
{"epoch": 16, "time_epoch": 7.03976, "eta": 770.20744, "eta_hours": 0.21395, "loss": 0.58603728, "lr": 0.00093815, "params": 7591, "time_iter": 0.04789, "accuracy": 0.71429, "precision": 0.69231, "recall": 0.55556, "f1": 0.61644, "auc": 0.77456}
{"epoch": 17, "time_epoch": 7.06555, "eta": 750.84155, "eta_hours": 0.20857, "loss": 0.53970919, "lr": 0.00093037, "params": 7591, "time_iter": 0.04806, "accuracy": 0.7619, "precision": 0.75879, "recall": 0.6214, "f1": 0.68326, "auc": 0.7958}
{"epoch": 18, "time_epoch": 7.07712, "eta": 732.81979, "eta_hours": 0.20356, "loss": 0.54680142, "lr": 0.00092216, "params": 7591, "time_iter": 0.04814, "accuracy": 0.72109, "precision": 0.71123, "recall": 0.54733, "f1": 0.6186, "auc": 0.79856}
{"epoch": 19, "time_epoch": 7.01774, "eta": 715.65496, "eta_hours": 0.19879, "loss": 0.5691465, "lr": 0.00091354, "params": 7591, "time_iter": 0.04774, "accuracy": 0.72959, "precision": 0.70192, "recall": 0.60082, "f1": 0.64745, "auc": 0.78175}
{"epoch": 20, "time_epoch": 7.06809, "eta": 699.64594, "eta_hours": 0.19435, "loss": 0.55273433, "lr": 0.00090451, "params": 7591, "time_iter": 0.04808, "accuracy": 0.73469, "precision": 0.72775, "recall": 0.57202, "f1": 0.64055, "auc": 0.79493}
{"epoch": 21, "time_epoch": 7.08713, "eta": 684.51725, "eta_hours": 0.19014, "loss": 0.53590194, "lr": 0.00089508, "params": 7591, "time_iter": 0.04821, "accuracy": 0.72449, "precision": 0.71204, "recall": 0.55967, "f1": 0.62673, "auc": 0.80313}
{"epoch": 22, "time_epoch": 7.09224, "eta": 670.10492, "eta_hours": 0.18614, "loss": 0.55080284, "lr": 0.00088526, "params": 7591, "time_iter": 0.04825, "accuracy": 0.72959, "precision": 0.70588, "recall": 0.59259, "f1": 0.6443, "auc": 0.78929}
{"epoch": 23, "time_epoch": 7.08162, "eta": 656.26896, "eta_hours": 0.1823, "loss": 0.55660882, "lr": 0.00087506, "params": 7591, "time_iter": 0.04817, "accuracy": 0.7432, "precision": 0.73469, "recall": 0.59259, "f1": 0.65604, "auc": 0.79253}
{"epoch": 24, "time_epoch": 7.08463, "eta": 642.98239, "eta_hours": 0.17861, "loss": 0.54238073, "lr": 0.00086448, "params": 7591, "time_iter": 0.04819, "accuracy": 0.7466, "precision": 0.735, "recall": 0.60494, "f1": 0.66366, "auc": 0.81672}
{"epoch": 25, "time_epoch": 7.03929, "eta": 630.04384, "eta_hours": 0.17501, "loss": 0.53345852, "lr": 0.00085355, "params": 7591, "time_iter": 0.04789, "accuracy": 0.7483, "precision": 0.74359, "recall": 0.59671, "f1": 0.6621, "auc": 0.80798}
{"epoch": 26, "time_epoch": 7.09428, "eta": 617.69094, "eta_hours": 0.17158, "loss": 0.53366632, "lr": 0.00084227, "params": 7591, "time_iter": 0.04826, "accuracy": 0.7483, "precision": 0.73632, "recall": 0.60905, "f1": 0.66667, "auc": 0.80218}
{"epoch": 27, "time_epoch": 7.07485, "eta": 605.66371, "eta_hours": 0.16824, "loss": 0.54527575, "lr": 0.00083066, "params": 7591, "time_iter": 0.04813, "accuracy": 0.7381, "precision": 0.71921, "recall": 0.60082, "f1": 0.65471, "auc": 0.80725}
{"epoch": 28, "time_epoch": 6.99447, "eta": 593.78121, "eta_hours": 0.16494, "loss": 0.54627206, "lr": 0.00081871, "params": 7591, "time_iter": 0.04758, "accuracy": 0.7415, "precision": 0.72195, "recall": 0.60905, "f1": 0.66071, "auc": 0.81627}
{"epoch": 29, "time_epoch": 6.7277, "eta": 581.60213, "eta_hours": 0.16156, "loss": 0.57009515, "lr": 0.00080645, "params": 7591, "time_iter": 0.04577, "accuracy": 0.7517, "precision": 0.74619, "recall": 0.60494, "f1": 0.66818, "auc": 0.81244}
{"epoch": 30, "time_epoch": 6.73331, "eta": 569.78724, "eta_hours": 0.15827, "loss": 0.57706669, "lr": 0.00079389, "params": 7591, "time_iter": 0.0458, "accuracy": 0.7483, "precision": 0.72093, "recall": 0.63786, "f1": 0.67686, "auc": 0.79312}
{"epoch": 31, "time_epoch": 6.70288, "eta": 558.22529, "eta_hours": 0.15506, "loss": 0.57192993, "lr": 0.00078104, "params": 7591, "time_iter": 0.0456, "accuracy": 0.7449, "precision": 0.74093, "recall": 0.58848, "f1": 0.65596, "auc": 0.78143}
{"epoch": 32, "time_epoch": 6.73064, "eta": 547.01417, "eta_hours": 0.15195, "loss": 0.5464114, "lr": 0.00076791, "params": 7591, "time_iter": 0.04579, "accuracy": 0.7534, "precision": 0.74257, "recall": 0.61728, "f1": 0.67416, "auc": 0.80934}
{"epoch": 33, "time_epoch": 6.70834, "eta": 536.02333, "eta_hours": 0.1489, "loss": 0.56224833, "lr": 0.00075452, "params": 7591, "time_iter": 0.04563, "accuracy": 0.7517, "precision": 0.7343, "recall": 0.62551, "f1": 0.67556, "auc": 0.80948}
{"epoch": 34, "time_epoch": 6.7057, "eta": 525.27229, "eta_hours": 0.14591, "loss": 0.55921379, "lr": 0.00074088, "params": 7591, "time_iter": 0.04562, "accuracy": 0.77551, "precision": 0.74449, "recall": 0.69547, "f1": 0.71915, "auc": 0.82015}
{"epoch": 35, "time_epoch": 6.72307, "eta": 514.77688, "eta_hours": 0.14299, "loss": 0.57187086, "lr": 0.000727, "params": 7591, "time_iter": 0.04574, "accuracy": 0.77041, "precision": 0.74545, "recall": 0.6749, "f1": 0.70842, "auc": 0.81275}
{"epoch": 36, "time_epoch": 6.72548, "eta": 504.48949, "eta_hours": 0.14014, "loss": 0.54170896, "lr": 0.00071289, "params": 7591, "time_iter": 0.04575, "accuracy": 0.76701, "precision": 0.75481, "recall": 0.64609, "f1": 0.69623, "auc": 0.81533}
{"epoch": 37, "time_epoch": 6.70273, "eta": 494.35245, "eta_hours": 0.13732, "loss": 0.55063871, "lr": 0.00069857, "params": 7591, "time_iter": 0.0456, "accuracy": 0.73469, "precision": 0.72775, "recall": 0.57202, "f1": 0.64055, "auc": 0.81164}
{"epoch": 38, "time_epoch": 6.70797, "eta": 484.39972, "eta_hours": 0.13456, "loss": 0.56141247, "lr": 0.00068406, "params": 7591, "time_iter": 0.04563, "accuracy": 0.7381, "precision": 0.74054, "recall": 0.56379, "f1": 0.64019, "auc": 0.80576}
{"epoch": 39, "time_epoch": 6.70122, "eta": 474.59911, "eta_hours": 0.13183, "loss": 0.58015893, "lr": 0.00066937, "params": 7591, "time_iter": 0.04559, "accuracy": 0.7398, "precision": 0.71845, "recall": 0.60905, "f1": 0.65924, "auc": 0.82257}
{"epoch": 40, "time_epoch": 6.70596, "eta": 464.95651, "eta_hours": 0.12915, "loss": 0.55961903, "lr": 0.00065451, "params": 7591, "time_iter": 0.04562, "accuracy": 0.7551, "precision": 0.74874, "recall": 0.61317, "f1": 0.67421, "auc": 0.83072}
{"epoch": 41, "time_epoch": 6.71033, "eta": 455.45978, "eta_hours": 0.12652, "loss": 0.5499134, "lr": 0.0006395, "params": 7591, "time_iter": 0.04565, "accuracy": 0.7619, "precision": 0.75369, "recall": 0.62963, "f1": 0.6861, "auc": 0.82758}
{"epoch": 42, "time_epoch": 6.71378, "eta": 446.09722, "eta_hours": 0.12392, "loss": 0.55123945, "lr": 0.00062434, "params": 7591, "time_iter": 0.04567, "accuracy": 0.7534, "precision": 0.74257, "recall": 0.61728, "f1": 0.67416, "auc": 0.81204}
{"epoch": 43, "time_epoch": 6.68504, "eta": 436.81848, "eta_hours": 0.12134, "loss": 0.61430896, "lr": 0.00060907, "params": 7591, "time_iter": 0.04548, "accuracy": 0.70578, "precision": 0.69231, "recall": 0.51852, "f1": 0.59294, "auc": 0.7744}
{"epoch": 44, "time_epoch": 6.74679, "eta": 427.73049, "eta_hours": 0.11881, "loss": 0.58912367, "lr": 0.00059369, "params": 7591, "time_iter": 0.0459, "accuracy": 0.71769, "precision": 0.73054, "recall": 0.50206, "f1": 0.59512, "auc": 0.77664}
{"epoch": 45, "time_epoch": 6.6864, "eta": 418.67339, "eta_hours": 0.1163, "loss": 0.53411211, "lr": 0.00057822, "params": 7591, "time_iter": 0.04549, "accuracy": 0.7585, "precision": 0.7644, "recall": 0.60082, "f1": 0.67281, "auc": 0.81576}
{"epoch": 46, "time_epoch": 6.59204, "eta": 409.61078, "eta_hours": 0.11378, "loss": 0.53456773, "lr": 0.00056267, "params": 7591, "time_iter": 0.04484, "accuracy": 0.77721, "precision": 0.80108, "recall": 0.61317, "f1": 0.69464, "auc": 0.82344}
{"epoch": 47, "time_epoch": 6.73961, "eta": 400.81097, "eta_hours": 0.11134, "loss": 0.57434099, "lr": 0.00054705, "params": 7591, "time_iter": 0.04585, "accuracy": 0.7381, "precision": 0.71921, "recall": 0.60082, "f1": 0.65471, "auc": 0.80483}
{"epoch": 48, "time_epoch": 6.72997, "eta": 392.08522, "eta_hours": 0.10891, "loss": 0.5781013, "lr": 0.0005314, "params": 7591, "time_iter": 0.04578, "accuracy": 0.7568, "precision": 0.74752, "recall": 0.6214, "f1": 0.67865, "auc": 0.81058}
{"epoch": 49, "time_epoch": 6.7346, "eta": 383.44393, "eta_hours": 0.10651, "loss": 0.50317733, "lr": 0.00051571, "params": 7591, "time_iter": 0.04581, "accuracy": 0.76531, "precision": 0.74194, "recall": 0.66255, "f1": 0.7, "auc": 0.85766}
{"epoch": 50, "time_epoch": 6.73086, "eta": 374.87382, "eta_hours": 0.10413, "loss": 0.53295139, "lr": 0.0005, "params": 7591, "time_iter": 0.04579, "accuracy": 0.76531, "precision": 0.74882, "recall": 0.65021, "f1": 0.69604, "auc": 0.83458}
{"epoch": 51, "time_epoch": 6.53745, "eta": 366.19591, "eta_hours": 0.10172, "loss": 0.53794852, "lr": 0.00048429, "params": 7591, "time_iter": 0.04447, "accuracy": 0.77211, "precision": 0.78238, "recall": 0.6214, "f1": 0.69266, "auc": 0.82769}
{"epoch": 52, "time_epoch": 6.53814, "eta": 357.59939, "eta_hours": 0.09933, "loss": 0.58528777, "lr": 0.0004686, "params": 7591, "time_iter": 0.04448, "accuracy": 0.72789, "precision": 0.72193, "recall": 0.55556, "f1": 0.62791, "auc": 0.79287}
{"epoch": 53, "time_epoch": 6.5519, "eta": 349.09083, "eta_hours": 0.09697, "loss": 0.56972055, "lr": 0.00045295, "params": 7591, "time_iter": 0.04457, "accuracy": 0.7585, "precision": 0.75635, "recall": 0.61317, "f1": 0.67727, "auc": 0.80505}
{"epoch": 54, "time_epoch": 6.69784, "eta": 340.77282, "eta_hours": 0.09466, "loss": 0.5616755, "lr": 0.00043733, "params": 7591, "time_iter": 0.04556, "accuracy": 0.7602, "precision": 0.76289, "recall": 0.60905, "f1": 0.67735, "auc": 0.80197}
{"epoch": 55, "time_epoch": 6.71882, "eta": 332.52917, "eta_hours": 0.09237, "loss": 0.58699263, "lr": 0.00042178, "params": 7591, "time_iter": 0.04571, "accuracy": 0.7551, "precision": 0.76757, "recall": 0.58436, "f1": 0.66355, "auc": 0.80921}
{"epoch": 56, "time_epoch": 6.66918, "eta": 324.30156, "eta_hours": 0.09008, "loss": 0.55591629, "lr": 0.00040631, "params": 7591, "time_iter": 0.04537, "accuracy": 0.7483, "precision": 0.72947, "recall": 0.6214, "f1": 0.67111, "auc": 0.81615}
{"epoch": 57, "time_epoch": 6.48541, "eta": 315.99462, "eta_hours": 0.08778, "loss": 0.57959434, "lr": 0.00039093, "params": 7591, "time_iter": 0.04412, "accuracy": 0.7381, "precision": 0.73797, "recall": 0.5679, "f1": 0.64186, "auc": 0.78686}
{"epoch": 58, "time_epoch": 6.52635, "eta": 307.77788, "eta_hours": 0.08549, "loss": 0.56074403, "lr": 0.00037566, "params": 7591, "time_iter": 0.0444, "accuracy": 0.7449, "precision": 0.75691, "recall": 0.56379, "f1": 0.64623, "auc": 0.80506}
{"epoch": 59, "time_epoch": 6.44933, "eta": 299.56614, "eta_hours": 0.08321, "loss": 0.52417635, "lr": 0.0003605, "params": 7591, "time_iter": 0.04387, "accuracy": 0.7415, "precision": 0.74863, "recall": 0.56379, "f1": 0.64319, "auc": 0.82368}
{"epoch": 60, "time_epoch": 6.53814, "eta": 291.46896, "eta_hours": 0.08096, "loss": 0.54821774, "lr": 0.00034549, "params": 7591, "time_iter": 0.04448, "accuracy": 0.7585, "precision": 0.75124, "recall": 0.6214, "f1": 0.68018, "auc": 0.82421}
{"epoch": 61, "time_epoch": 6.51935, "eta": 283.41056, "eta_hours": 0.07873, "loss": 0.55252256, "lr": 0.00033063, "params": 7591, "time_iter": 0.04435, "accuracy": 0.76701, "precision": 0.7598, "recall": 0.63786, "f1": 0.69351, "auc": 0.8268}
{"epoch": 62, "time_epoch": 6.54978, "eta": 275.41889, "eta_hours": 0.07651, "loss": 0.58087121, "lr": 0.00031594, "params": 7591, "time_iter": 0.04456, "accuracy": 0.7534, "precision": 0.75, "recall": 0.60494, "f1": 0.6697, "auc": 0.83233}
{"epoch": 63, "time_epoch": 6.56316, "eta": 267.4798, "eta_hours": 0.0743, "loss": 0.54674993, "lr": 0.00030143, "params": 7591, "time_iter": 0.04465, "accuracy": 0.76531, "precision": 0.7561, "recall": 0.63786, "f1": 0.69196, "auc": 0.8247}
{"epoch": 64, "time_epoch": 6.55625, "eta": 259.57933, "eta_hours": 0.07211, "loss": 0.58856923, "lr": 0.00028711, "params": 7591, "time_iter": 0.0446, "accuracy": 0.7534, "precision": 0.74257, "recall": 0.61728, "f1": 0.67416, "auc": 0.80014}
{"epoch": 65, "time_epoch": 6.50966, "eta": 251.69559, "eta_hours": 0.06992, "loss": 0.51195702, "lr": 0.000273, "params": 7591, "time_iter": 0.04428, "accuracy": 0.77721, "precision": 0.78283, "recall": 0.63786, "f1": 0.70295, "auc": 0.84164}
{"epoch": 66, "time_epoch": 6.54871, "eta": 243.8721, "eta_hours": 0.06774, "loss": 0.53348691, "lr": 0.00025912, "params": 7591, "time_iter": 0.04455, "accuracy": 0.78571, "precision": 0.79397, "recall": 0.65021, "f1": 0.71493, "auc": 0.84928}
{"epoch": 67, "time_epoch": 6.5543, "eta": 236.08873, "eta_hours": 0.06558, "loss": 0.53707629, "lr": 0.00024548, "params": 7591, "time_iter": 0.04459, "accuracy": 0.73639, "precision": 0.73158, "recall": 0.57202, "f1": 0.64203, "auc": 0.84034}
{"epoch": 68, "time_epoch": 6.53478, "eta": 228.33222, "eta_hours": 0.06343, "loss": 0.52165421, "lr": 0.00023209, "params": 7591, "time_iter": 0.04445, "accuracy": 0.77891, "precision": 0.78974, "recall": 0.63374, "f1": 0.7032, "auc": 0.84271}
{"epoch": 69, "time_epoch": 6.54511, "eta": 220.61505, "eta_hours": 0.06128, "loss": 0.54389518, "lr": 0.00021896, "params": 7591, "time_iter": 0.04452, "accuracy": 0.77721, "precision": 0.78571, "recall": 0.63374, "f1": 0.70159, "auc": 0.83308}
{"epoch": 70, "time_epoch": 6.72969, "eta": 213.00628, "eta_hours": 0.05917, "loss": 0.54367891, "lr": 0.00020611, "params": 7591, "time_iter": 0.04578, "accuracy": 0.77381, "precision": 0.77228, "recall": 0.64198, "f1": 0.70112, "auc": 0.82975}
{"epoch": 71, "time_epoch": 6.68734, "eta": 205.40546, "eta_hours": 0.05706, "loss": 0.52867074, "lr": 0.00019355, "params": 7591, "time_iter": 0.04549, "accuracy": 0.78571, "precision": 0.80628, "recall": 0.63374, "f1": 0.70968, "auc": 0.8316}
{"epoch": 72, "time_epoch": 6.70655, "eta": 197.83678, "eta_hours": 0.05495, "loss": 0.51607784, "lr": 0.00018129, "params": 7591, "time_iter": 0.04562, "accuracy": 0.76701, "precision": 0.7598, "recall": 0.63786, "f1": 0.69351, "auc": 0.84759}
{"epoch": 73, "time_epoch": 6.7143, "eta": 190.29412, "eta_hours": 0.05286, "loss": 0.58201062, "lr": 0.00016934, "params": 7591, "time_iter": 0.04568, "accuracy": 0.76361, "precision": 0.77083, "recall": 0.60905, "f1": 0.68046, "auc": 0.81848}
{"epoch": 74, "time_epoch": 6.70536, "eta": 182.77056, "eta_hours": 0.05077, "loss": 0.49289916, "lr": 0.00015773, "params": 7591, "time_iter": 0.04561, "accuracy": 0.78401, "precision": 0.80208, "recall": 0.63374, "f1": 0.70805, "auc": 0.85089}
{"epoch": 75, "time_epoch": 6.73264, "eta": 175.27715, "eta_hours": 0.04869, "loss": 0.54561864, "lr": 0.00014645, "params": 7591, "time_iter": 0.0458, "accuracy": 0.76871, "precision": 0.7861, "recall": 0.60494, "f1": 0.68372, "auc": 0.83085}
{"epoch": 76, "time_epoch": 6.68509, "eta": 167.7893, "eta_hours": 0.04661, "loss": 0.59092576, "lr": 0.00013552, "params": 7591, "time_iter": 0.04548, "accuracy": 0.7602, "precision": 0.7602, "recall": 0.61317, "f1": 0.67882, "auc": 0.80755}
{"epoch": 77, "time_epoch": 6.7414, "eta": 160.33792, "eta_hours": 0.04454, "loss": 0.54269393, "lr": 0.00012494, "params": 7591, "time_iter": 0.04586, "accuracy": 0.76701, "precision": 0.76768, "recall": 0.62551, "f1": 0.68934, "auc": 0.82423}
{"epoch": 78, "time_epoch": 6.73989, "eta": 152.90411, "eta_hours": 0.04247, "loss": 0.52658303, "lr": 0.00011474, "params": 7591, "time_iter": 0.04585, "accuracy": 0.76871, "precision": 0.75845, "recall": 0.64609, "f1": 0.69778, "auc": 0.84626}
{"epoch": 79, "time_epoch": 6.73695, "eta": 145.48691, "eta_hours": 0.04041, "loss": 0.56217632, "lr": 0.00010492, "params": 7591, "time_iter": 0.04583, "accuracy": 0.7619, "precision": 0.75622, "recall": 0.62551, "f1": 0.68468, "auc": 0.825}
{"epoch": 80, "time_epoch": 6.72208, "eta": 138.08302, "eta_hours": 0.03836, "loss": 0.51748156, "lr": 9.549e-05, "params": 7591, "time_iter": 0.04573, "accuracy": 0.77891, "precision": 0.77833, "recall": 0.65021, "f1": 0.70852, "auc": 0.83385}
{"epoch": 81, "time_epoch": 6.73977, "eta": 130.69965, "eta_hours": 0.03631, "loss": 0.52091783, "lr": 8.646e-05, "params": 7591, "time_iter": 0.04585, "accuracy": 0.77551, "precision": 0.77612, "recall": 0.64198, "f1": 0.7027, "auc": 0.84953}
{"epoch": 82, "time_epoch": 6.712, "eta": 123.32609, "eta_hours": 0.03426, "loss": 0.56116447, "lr": 7.784e-05, "params": 7591, "time_iter": 0.04566, "accuracy": 0.77721, "precision": 0.78, "recall": 0.64198, "f1": 0.70429, "auc": 0.84045}
{"epoch": 83, "time_epoch": 6.72217, "eta": 115.97022, "eta_hours": 0.03221, "loss": 0.4948576, "lr": 6.963e-05, "params": 7591, "time_iter": 0.04573, "accuracy": 0.78061, "precision": 0.79381, "recall": 0.63374, "f1": 0.70481, "auc": 0.85866}
{"epoch": 84, "time_epoch": 6.74733, "eta": 108.63371, "eta_hours": 0.03018, "loss": 0.54723744, "lr": 6.185e-05, "params": 7591, "time_iter": 0.0459, "accuracy": 0.77381, "precision": 0.77228, "recall": 0.64198, "f1": 0.70112, "auc": 0.83055}
{"epoch": 85, "time_epoch": 6.72027, "eta": 101.30649, "eta_hours": 0.02814, "loss": 0.51681196, "lr": 5.45e-05, "params": 7591, "time_iter": 0.04572, "accuracy": 0.77721, "precision": 0.77451, "recall": 0.65021, "f1": 0.70694, "auc": 0.85309}
{"epoch": 86, "time_epoch": 6.71931, "eta": 93.99308, "eta_hours": 0.02611, "loss": 0.53260502, "lr": 4.759e-05, "params": 7591, "time_iter": 0.04571, "accuracy": 0.78231, "precision": 0.77778, "recall": 0.66255, "f1": 0.71556, "auc": 0.83895}
{"epoch": 87, "time_epoch": 6.73951, "eta": 86.69592, "eta_hours": 0.02408, "loss": 0.53484351, "lr": 4.112e-05, "params": 7591, "time_iter": 0.04585, "accuracy": 0.78571, "precision": 0.80628, "recall": 0.63374, "f1": 0.70968, "auc": 0.84133}
{"epoch": 88, "time_epoch": 6.69745, "eta": 79.4061, "eta_hours": 0.02206, "loss": 0.52545366, "lr": 3.511e-05, "params": 7591, "time_iter": 0.04556, "accuracy": 0.76361, "precision": 0.76263, "recall": 0.6214, "f1": 0.68481, "auc": 0.83967}
{"epoch": 89, "time_epoch": 6.69324, "eta": 72.12898, "eta_hours": 0.02004, "loss": 0.52404356, "lr": 2.956e-05, "params": 7591, "time_iter": 0.04553, "accuracy": 0.77551, "precision": 0.78173, "recall": 0.63374, "f1": 0.7, "auc": 0.85074}
{"epoch": 90, "time_epoch": 6.71079, "eta": 64.86642, "eta_hours": 0.01802, "loss": 0.54298595, "lr": 2.447e-05, "params": 7591, "time_iter": 0.04565, "accuracy": 0.7619, "precision": 0.76142, "recall": 0.61728, "f1": 0.68182, "auc": 0.83908}
{"epoch": 91, "time_epoch": 6.69721, "eta": 57.61468, "eta_hours": 0.016, "loss": 0.50913254, "lr": 1.985e-05, "params": 7591, "time_iter": 0.04556, "accuracy": 0.78741, "precision": 0.78365, "recall": 0.67078, "f1": 0.72284, "auc": 0.85129}
{"epoch": 92, "time_epoch": 6.67314, "eta": 50.37305, "eta_hours": 0.01399, "loss": 0.55564668, "lr": 1.571e-05, "params": 7591, "time_iter": 0.0454, "accuracy": 0.77551, "precision": 0.79058, "recall": 0.6214, "f1": 0.69585, "auc": 0.82782}
{"epoch": 93, "time_epoch": 6.70391, "eta": 43.14548, "eta_hours": 0.01198, "loss": 0.49919299, "lr": 1.204e-05, "params": 7591, "time_iter": 0.0456, "accuracy": 0.79592, "precision": 0.8, "recall": 0.6749, "f1": 0.73214, "auc": 0.85467}
{"epoch": 94, "time_epoch": 6.6781, "eta": 35.92757, "eta_hours": 0.00998, "loss": 0.55863658, "lr": 8.86e-06, "params": 7591, "time_iter": 0.04543, "accuracy": 0.7568, "precision": 0.74272, "recall": 0.62963, "f1": 0.68151, "auc": 0.83541}
{"epoch": 95, "time_epoch": 6.86269, "eta": 28.72861, "eta_hours": 0.00798, "loss": 0.54008547, "lr": 6.16e-06, "params": 7591, "time_iter": 0.04668, "accuracy": 0.78231, "precision": 0.81081, "recall": 0.61728, "f1": 0.70093, "auc": 0.84813}
{"epoch": 96, "time_epoch": 6.66919, "eta": 21.53059, "eta_hours": 0.00598, "loss": 0.49647759, "lr": 3.94e-06, "params": 7591, "time_iter": 0.04537, "accuracy": 0.78571, "precision": 0.78818, "recall": 0.65844, "f1": 0.71749, "auc": 0.86971}
{"epoch": 97, "time_epoch": 7.25085, "eta": 14.35524, "eta_hours": 0.00399, "loss": 0.53990163, "lr": 2.22e-06, "params": 7591, "time_iter": 0.04933, "accuracy": 0.78231, "precision": 0.79487, "recall": 0.63786, "f1": 0.70776, "auc": 0.84136}
{"epoch": 98, "time_epoch": 7.07119, "eta": 7.17654, "eta_hours": 0.00199, "loss": 0.56225739, "lr": 9.9e-07, "params": 7591, "time_iter": 0.0481, "accuracy": 0.77041, "precision": 0.76471, "recall": 0.64198, "f1": 0.69799, "auc": 0.83711}
{"epoch": 99, "time_epoch": 7.15197, "eta": 0.0, "eta_hours": 0.0, "loss": 0.58299415, "lr": 2.5e-07, "params": 7591, "time_iter": 0.04865, "accuracy": 0.73639, "precision": 0.71154, "recall": 0.60905, "f1": 0.65632, "auc": 0.81941}
