{"epoch": 0, "time_epoch": 0.97692, "eta": 96.71542, "eta_hours": 0.02687, "loss": 0.69653264, "lr": 0.001, "params": 9207, "time_iter": 0.32564, "accuracy": 0.47619, "precision": 0.47619, "recall": 1.0, "f1": 0.64516, "auc": 0.36932}
{"epoch": 1, "time_epoch": 2.27314, "eta": 159.253, "eta_hours": 0.04424, "loss": 0.69541882, "lr": 0.00099975, "params": 9207, "time_iter": 0.75771, "accuracy": 0.47619, "precision": 0.47619, "recall": 1.0, "f1": 0.64516, "auc": 0.45}
{"epoch": 2, "time_epoch": 2.12816, "eta": 173.89581, "eta_hours": 0.0483, "loss": 0.69508902, "lr": 0.00099901, "params": 9207, "time_iter": 0.70939, "accuracy": 0.47619, "precision": 0.47619, "recall": 1.0, "f1": 0.64516, "auc": 0.49545}
{"epoch": 3, "time_epoch": 2.19648, "eta": 181.79289, "eta_hours": 0.0505, "loss": 0.69556691, "lr": 0.00099778, "params": 9207, "time_iter": 0.73216, "accuracy": 0.47619, "precision": 0.47619, "recall": 1.0, "f1": 0.64516, "auc": 0.41818}
{"epoch": 4, "time_epoch": 2.22438, "eta": 186.18264, "eta_hours": 0.05172, "loss": 0.69409569, "lr": 0.00099606, "params": 9207, "time_iter": 0.74146, "accuracy": 0.5, "precision": 0.4878, "recall": 1.0, "f1": 0.65574, "auc": 0.51136}
{"epoch": 5, "time_epoch": 2.16025, "eta": 187.36288, "eta_hours": 0.05205, "loss": 0.69342765, "lr": 0.00099384, "params": 9207, "time_iter": 0.72008, "accuracy": 0.5, "precision": 0.4878, "recall": 1.0, "f1": 0.65574, "auc": 0.59773}
{"epoch": 6, "time_epoch": 2.16508, "eta": 187.65289, "eta_hours": 0.05213, "loss": 0.69409171, "lr": 0.00099114, "params": 9207, "time_iter": 0.72169, "accuracy": 0.45238, "precision": 0.46154, "recall": 0.9, "f1": 0.61017, "auc": 0.48182}
{"epoch": 7, "time_epoch": 0.81109, "eta": 171.75825, "eta_hours": 0.04771, "loss": 0.69255415, "lr": 0.00098796, "params": 9207, "time_iter": 0.27036, "accuracy": 0.57143, "precision": 0.52632, "recall": 1.0, "f1": 0.68966, "auc": 0.67727}
{"epoch": 8, "time_epoch": 0.11581, "eta": 152.18542, "eta_hours": 0.04227, "loss": 0.69143077, "lr": 0.00098429, "params": 9207, "time_iter": 0.0386, "accuracy": 0.57143, "precision": 0.52632, "recall": 1.0, "f1": 0.68966, "auc": 0.71364}
{"epoch": 9, "time_epoch": 0.11537, "eta": 136.50005, "eta_hours": 0.03792, "loss": 0.69125795, "lr": 0.00098015, "params": 9207, "time_iter": 0.03846, "accuracy": 0.54762, "precision": 0.51429, "recall": 0.9, "f1": 0.65455, "auc": 0.69318}
{"epoch": 10, "time_epoch": 0.14146, "eta": 123.85673, "eta_hours": 0.0344, "loss": 0.69064287, "lr": 0.00097553, "params": 9207, "time_iter": 0.04715, "accuracy": 0.5, "precision": 0.48276, "recall": 0.7, "f1": 0.57143, "auc": 0.71591}
{"epoch": 11, "time_epoch": 0.13794, "eta": 113.27125, "eta_hours": 0.03146, "loss": 0.68863587, "lr": 0.00097044, "params": 9207, "time_iter": 0.04598, "accuracy": 0.61905, "precision": 0.58333, "recall": 0.7, "f1": 0.63636, "auc": 0.75}
{"epoch": 12, "time_epoch": 0.12399, "eta": 104.1997, "eta_hours": 0.02894, "loss": 0.68694918, "lr": 0.00096489, "params": 9207, "time_iter": 0.04133, "accuracy": 0.7381, "precision": 0.73684, "recall": 0.7, "f1": 0.71795, "auc": 0.81818}
{"epoch": 13, "time_epoch": 0.12423, "eta": 96.40784, "eta_hours": 0.02678, "loss": 0.68539762, "lr": 0.00095888, "params": 9207, "time_iter": 0.04141, "accuracy": 0.7619, "precision": 0.91667, "recall": 0.55, "f1": 0.6875, "auc": 0.83409}
{"epoch": 14, "time_epoch": 0.12888, "eta": 89.66469, "eta_hours": 0.02491, "loss": 0.68151301, "lr": 0.00095241, "params": 9207, "time_iter": 0.04296, "accuracy": 0.71429, "precision": 0.83333, "recall": 0.5, "f1": 0.625, "auc": 0.85}
{"epoch": 15, "time_epoch": 0.12295, "eta": 83.71717, "eta_hours": 0.02325, "loss": 0.67899946, "lr": 0.0009455, "params": 9207, "time_iter": 0.04098, "accuracy": 0.7381, "precision": 0.90909, "recall": 0.5, "f1": 0.64516, "auc": 0.88636}
{"epoch": 16, "time_epoch": 0.12596, "eta": 78.4696, "eta_hours": 0.0218, "loss": 0.67381585, "lr": 0.00093815, "params": 9207, "time_iter": 0.04199, "accuracy": 0.7381, "precision": 1.0, "recall": 0.45, "f1": 0.62069, "auc": 0.90909}
{"epoch": 17, "time_epoch": 0.12544, "eta": 73.78873, "eta_hours": 0.0205, "loss": 0.67244571, "lr": 0.00093037, "params": 9207, "time_iter": 0.04181, "accuracy": 0.61905, "precision": 0.83333, "recall": 0.25, "f1": 0.38462, "auc": 0.84318}
{"epoch": 18, "time_epoch": 0.12598, "eta": 69.5897, "eta_hours": 0.01933, "loss": 0.66573213, "lr": 0.00092216, "params": 9207, "time_iter": 0.04199, "accuracy": 0.7619, "precision": 1.0, "recall": 0.5, "f1": 0.66667, "auc": 0.91364}
{"epoch": 19, "time_epoch": 0.1269, "eta": 65.80165, "eta_hours": 0.01828, "loss": 0.65473538, "lr": 0.00091354, "params": 9207, "time_iter": 0.0423, "accuracy": 0.83333, "precision": 1.0, "recall": 0.65, "f1": 0.78788, "auc": 0.91136}
{"epoch": 20, "time_epoch": 0.12358, "eta": 62.34977, "eta_hours": 0.01732, "loss": 0.64999798, "lr": 0.00090451, "params": 9207, "time_iter": 0.04119, "accuracy": 0.78571, "precision": 0.92308, "recall": 0.6, "f1": 0.72727, "auc": 0.89545}
{"epoch": 21, "time_epoch": 0.12721, "eta": 59.21333, "eta_hours": 0.01645, "loss": 0.64262461, "lr": 0.00089508, "params": 9207, "time_iter": 0.0424, "accuracy": 0.80952, "precision": 1.0, "recall": 0.6, "f1": 0.75, "auc": 0.89773}
{"epoch": 22, "time_epoch": 0.12592, "eta": 56.33425, "eta_hours": 0.01565, "loss": 0.63146448, "lr": 0.00088526, "params": 9207, "time_iter": 0.04197, "accuracy": 0.80952, "precision": 0.875, "recall": 0.7, "f1": 0.77778, "auc": 0.92955}
{"epoch": 23, "time_epoch": 0.12765, "eta": 53.69008, "eta_hours": 0.01491, "loss": 0.6131544, "lr": 0.00087506, "params": 9207, "time_iter": 0.04255, "accuracy": 0.78571, "precision": 0.86667, "recall": 0.65, "f1": 0.74286, "auc": 0.9}
{"epoch": 24, "time_epoch": 0.12562, "eta": 51.24114, "eta_hours": 0.01423, "loss": 0.61054323, "lr": 0.00086448, "params": 9207, "time_iter": 0.04187, "accuracy": 0.7619, "precision": 0.85714, "recall": 0.6, "f1": 0.70588, "auc": 0.90682}
{"epoch": 25, "time_epoch": 0.12369, "eta": 48.96543, "eta_hours": 0.0136, "loss": 0.58410928, "lr": 0.00085355, "params": 9207, "time_iter": 0.04123, "accuracy": 0.88095, "precision": 0.94118, "recall": 0.8, "f1": 0.86486, "auc": 0.92045}
{"epoch": 26, "time_epoch": 0.12425, "eta": 46.85063, "eta_hours": 0.01301, "loss": 0.58551933, "lr": 0.00084227, "params": 9207, "time_iter": 0.04142, "accuracy": 0.80952, "precision": 0.875, "recall": 0.7, "f1": 0.77778, "auc": 0.90682}
{"epoch": 27, "time_epoch": 0.12538, "eta": 44.88094, "eta_hours": 0.01247, "loss": 0.55286905, "lr": 0.00083066, "params": 9207, "time_iter": 0.04179, "accuracy": 0.90476, "precision": 0.94444, "recall": 0.85, "f1": 0.89474, "auc": 0.94545}
{"epoch": 28, "time_epoch": 0.12501, "eta": 43.03752, "eta_hours": 0.01195, "loss": 0.53196816, "lr": 0.00081871, "params": 9207, "time_iter": 0.04167, "accuracy": 0.85714, "precision": 0.85, "recall": 0.85, "f1": 0.85, "auc": 0.93636}
{"epoch": 29, "time_epoch": 0.12552, "eta": 41.30986, "eta_hours": 0.01147, "loss": 0.52593373, "lr": 0.00080645, "params": 9207, "time_iter": 0.04184, "accuracy": 0.78571, "precision": 0.82353, "recall": 0.7, "f1": 0.75676, "auc": 0.925}
{"epoch": 30, "time_epoch": 0.12539, "eta": 39.68527, "eta_hours": 0.01102, "loss": 0.49153577, "lr": 0.00079389, "params": 9207, "time_iter": 0.0418, "accuracy": 0.92857, "precision": 1.0, "recall": 0.85, "f1": 0.91892, "auc": 0.96136}
{"epoch": 31, "time_epoch": 0.12781, "eta": 38.15952, "eta_hours": 0.0106, "loss": 0.48492743, "lr": 0.00078104, "params": 9207, "time_iter": 0.0426, "accuracy": 0.88095, "precision": 0.89474, "recall": 0.85, "f1": 0.87179, "auc": 0.94091}
{"epoch": 32, "time_epoch": 0.12511, "eta": 36.71303, "eta_hours": 0.0102, "loss": 0.46581441, "lr": 0.00076791, "params": 9207, "time_iter": 0.0417, "accuracy": 0.90476, "precision": 0.94444, "recall": 0.85, "f1": 0.89474, "auc": 0.95455}
{"epoch": 33, "time_epoch": 0.1262, "eta": 35.34637, "eta_hours": 0.00982, "loss": 0.4653504, "lr": 0.00075452, "params": 9207, "time_iter": 0.04207, "accuracy": 0.88095, "precision": 0.89474, "recall": 0.85, "f1": 0.87179, "auc": 0.93182}
{"epoch": 34, "time_epoch": 0.12426, "eta": 34.04699, "eta_hours": 0.00946, "loss": 0.47166504, "lr": 0.00074088, "params": 9207, "time_iter": 0.04142, "accuracy": 0.85714, "precision": 0.9375, "recall": 0.75, "f1": 0.83333, "auc": 0.92045}
{"epoch": 35, "time_epoch": 0.12374, "eta": 32.81197, "eta_hours": 0.00911, "loss": 0.41343486, "lr": 0.000727, "params": 9207, "time_iter": 0.04125, "accuracy": 0.88095, "precision": 0.94118, "recall": 0.8, "f1": 0.86486, "auc": 0.96364}
{"epoch": 36, "time_epoch": 0.12425, "eta": 31.63789, "eta_hours": 0.00879, "loss": 0.38138142, "lr": 0.00071289, "params": 9207, "time_iter": 0.04142, "accuracy": 0.90476, "precision": 0.94444, "recall": 0.85, "f1": 0.89474, "auc": 0.98182}
{"epoch": 37, "time_epoch": 0.1248, "eta": 30.51996, "eta_hours": 0.00848, "loss": 0.40784869, "lr": 0.00069857, "params": 9207, "time_iter": 0.0416, "accuracy": 0.78571, "precision": 0.82353, "recall": 0.7, "f1": 0.75676, "auc": 0.92727}
{"epoch": 38, "time_epoch": 0.12448, "eta": 29.45246, "eta_hours": 0.00818, "loss": 0.37429207, "lr": 0.00068406, "params": 9207, "time_iter": 0.04149, "accuracy": 0.92857, "precision": 0.94737, "recall": 0.9, "f1": 0.92308, "auc": 0.97045}
{"epoch": 39, "time_epoch": 0.12551, "eta": 28.43366, "eta_hours": 0.0079, "loss": 0.33342863, "lr": 0.00066937, "params": 9207, "time_iter": 0.04184, "accuracy": 0.92857, "precision": 1.0, "recall": 0.85, "f1": 0.91892, "auc": 0.98864}
{"epoch": 40, "time_epoch": 0.1274, "eta": 27.46115, "eta_hours": 0.00763, "loss": 0.33166471, "lr": 0.00065451, "params": 9207, "time_iter": 0.04247, "accuracy": 0.92857, "precision": 0.94737, "recall": 0.9, "f1": 0.92308, "auc": 0.98409}
{"epoch": 41, "time_epoch": 0.12331, "eta": 26.52323, "eta_hours": 0.00737, "loss": 0.30634235, "lr": 0.0006395, "params": 9207, "time_iter": 0.0411, "accuracy": 0.92857, "precision": 1.0, "recall": 0.85, "f1": 0.91892, "auc": 0.99545}
{"epoch": 42, "time_epoch": 0.12469, "eta": 25.62503, "eta_hours": 0.00712, "loss": 0.30754624, "lr": 0.00062434, "params": 9207, "time_iter": 0.04156, "accuracy": 0.92857, "precision": 1.0, "recall": 0.85, "f1": 0.91892, "auc": 0.98409}
{"epoch": 43, "time_epoch": 0.12455, "eta": 24.76182, "eta_hours": 0.00688, "loss": 0.27807133, "lr": 0.00060907, "params": 9207, "time_iter": 0.04152, "accuracy": 0.95238, "precision": 1.0, "recall": 0.9, "f1": 0.94737, "auc": 0.99773}
{"epoch": 44, "time_epoch": 0.12612, "eta": 23.93336, "eta_hours": 0.00665, "loss": 0.27962933, "lr": 0.00059369, "params": 9207, "time_iter": 0.04204, "accuracy": 0.90476, "precision": 0.94444, "recall": 0.85, "f1": 0.89474, "auc": 0.99318}
{"epoch": 45, "time_epoch": 0.12396, "eta": 23.1329, "eta_hours": 0.00643, "loss": 0.26655493, "lr": 0.00057822, "params": 9207, "time_iter": 0.04132, "accuracy": 0.95238, "precision": 1.0, "recall": 0.9, "f1": 0.94737, "auc": 0.99545}
{"epoch": 46, "time_epoch": 0.12465, "eta": 22.362, "eta_hours": 0.00621, "loss": 0.25015756, "lr": 0.00056267, "params": 9207, "time_iter": 0.04155, "accuracy": 0.95238, "precision": 1.0, "recall": 0.9, "f1": 0.94737, "auc": 0.99091}
{"epoch": 47, "time_epoch": 0.12457, "eta": 21.61794, "eta_hours": 0.006, "loss": 0.24186884, "lr": 0.00054705, "params": 9207, "time_iter": 0.04152, "accuracy": 0.95238, "precision": 1.0, "recall": 0.9, "f1": 0.94737, "auc": 0.99091}
{"epoch": 48, "time_epoch": 0.12792, "eta": 20.90265, "eta_hours": 0.00581, "loss": 0.258947, "lr": 0.0005314, "params": 9207, "time_iter": 0.04264, "accuracy": 0.97619, "precision": 1.0, "recall": 0.95, "f1": 0.97436, "auc": 0.99091}
{"epoch": 49, "time_epoch": 0.12341, "eta": 20.20635, "eta_hours": 0.00561, "loss": 0.20914808, "lr": 0.00051571, "params": 9207, "time_iter": 0.04114, "accuracy": 0.97619, "precision": 1.0, "recall": 0.95, "f1": 0.97436, "auc": 1.0}
{"epoch": 50, "time_epoch": 0.13251, "eta": 19.54126, "eta_hours": 0.00543, "loss": 0.18982991, "lr": 0.0005, "params": 9207, "time_iter": 0.04417, "accuracy": 0.97619, "precision": 1.0, "recall": 0.95, "f1": 0.97436, "auc": 0.99773}
{"epoch": 51, "time_epoch": 0.12459, "eta": 18.88934, "eta_hours": 0.00525, "loss": 0.1756688, "lr": 0.00048429, "params": 9207, "time_iter": 0.04153, "accuracy": 0.95238, "precision": 1.0, "recall": 0.9, "f1": 0.94737, "auc": 1.0}
{"epoch": 52, "time_epoch": 0.12676, "eta": 18.25925, "eta_hours": 0.00507, "loss": 0.18990873, "lr": 0.0004686, "params": 9207, "time_iter": 0.04225, "accuracy": 0.95238, "precision": 1.0, "recall": 0.9, "f1": 0.94737, "auc": 0.99773}
{"epoch": 53, "time_epoch": 0.12626, "eta": 17.64737, "eta_hours": 0.0049, "loss": 0.17660533, "lr": 0.00045295, "params": 9207, "time_iter": 0.04209, "accuracy": 0.97619, "precision": 1.0, "recall": 0.95, "f1": 0.97436, "auc": 0.99545}
{"epoch": 54, "time_epoch": 0.12566, "eta": 17.05266, "eta_hours": 0.00474, "loss": 0.21088213, "lr": 0.00043733, "params": 9207, "time_iter": 0.04189, "accuracy": 0.97619, "precision": 1.0, "recall": 0.95, "f1": 0.97436, "auc": 0.99318}
{"epoch": 55, "time_epoch": 0.12409, "eta": 16.47346, "eta_hours": 0.00458, "loss": 0.23905643, "lr": 0.00042178, "params": 9207, "time_iter": 0.04136, "accuracy": 0.95238, "precision": 1.0, "recall": 0.9, "f1": 0.94737, "auc": 0.98182}
{"epoch": 56, "time_epoch": 0.12388, "eta": 15.91008, "eta_hours": 0.00442, "loss": 0.14074362, "lr": 0.00040631, "params": 9207, "time_iter": 0.04129, "accuracy": 0.97619, "precision": 1.0, "recall": 0.95, "f1": 0.97436, "auc": 1.0}
{"epoch": 57, "time_epoch": 0.12529, "eta": 15.36287, "eta_hours": 0.00427, "loss": 0.14474469, "lr": 0.00039093, "params": 9207, "time_iter": 0.04176, "accuracy": 0.97619, "precision": 1.0, "recall": 0.95, "f1": 0.97436, "auc": 1.0}
{"epoch": 58, "time_epoch": 0.12479, "eta": 14.82962, "eta_hours": 0.00412, "loss": 0.15085509, "lr": 0.00037566, "params": 9207, "time_iter": 0.0416, "accuracy": 0.97619, "precision": 1.0, "recall": 0.95, "f1": 0.97436, "auc": 0.99545}
{"epoch": 59, "time_epoch": 0.12477, "eta": 14.30997, "eta_hours": 0.00397, "loss": 0.16560907, "lr": 0.0003605, "params": 9207, "time_iter": 0.04159, "accuracy": 0.97619, "precision": 1.0, "recall": 0.95, "f1": 0.97436, "auc": 0.98864}
{"epoch": 60, "time_epoch": 0.12432, "eta": 13.80298, "eta_hours": 0.00383, "loss": 0.13323582, "lr": 0.00034549, "params": 9207, "time_iter": 0.04144, "accuracy": 0.97619, "precision": 1.0, "recall": 0.95, "f1": 0.97436, "auc": 1.0}
{"epoch": 61, "time_epoch": 0.12477, "eta": 13.30861, "eta_hours": 0.0037, "loss": 0.12061759, "lr": 0.00033063, "params": 9207, "time_iter": 0.04159, "accuracy": 1.0, "precision": 1.0, "recall": 1.0, "f1": 1.0, "auc": 1.0}
{"epoch": 62, "time_epoch": 0.12281, "eta": 12.82482, "eta_hours": 0.00356, "loss": 0.22064011, "lr": 0.00031594, "params": 9207, "time_iter": 0.04094, "accuracy": 0.92857, "precision": 1.0, "recall": 0.85, "f1": 0.91892, "auc": 0.98182}
{"epoch": 63, "time_epoch": 0.12551, "eta": 12.35383, "eta_hours": 0.00343, "loss": 0.14412224, "lr": 0.00030143, "params": 9207, "time_iter": 0.04184, "accuracy": 0.97619, "precision": 1.0, "recall": 0.95, "f1": 0.97436, "auc": 0.99773}
{"epoch": 64, "time_epoch": 0.12501, "eta": 11.89321, "eta_hours": 0.0033, "loss": 0.10727363, "lr": 0.00028711, "params": 9207, "time_iter": 0.04167, "accuracy": 1.0, "precision": 1.0, "recall": 1.0, "f1": 1.0, "auc": 1.0}
{"epoch": 65, "time_epoch": 0.12664, "eta": 11.44359, "eta_hours": 0.00318, "loss": 0.1252559, "lr": 0.000273, "params": 9207, "time_iter": 0.04221, "accuracy": 1.0, "precision": 1.0, "recall": 1.0, "f1": 1.0, "auc": 1.0}
{"epoch": 66, "time_epoch": 0.12471, "eta": 11.00266, "eta_hours": 0.00306, "loss": 0.12721516, "lr": 0.00025912, "params": 9207, "time_iter": 0.04157, "accuracy": 0.95238, "precision": 1.0, "recall": 0.9, "f1": 0.94737, "auc": 1.0}
{"epoch": 67, "time_epoch": 0.12526, "eta": 10.57129, "eta_hours": 0.00294, "loss": 0.10263202, "lr": 0.00024548, "params": 9207, "time_iter": 0.04175, "accuracy": 1.0, "precision": 1.0, "recall": 1.0, "f1": 1.0, "auc": 1.0}
{"epoch": 68, "time_epoch": 0.12277, "eta": 10.14768, "eta_hours": 0.00282, "loss": 0.13847619, "lr": 0.00023209, "params": 9207, "time_iter": 0.04092, "accuracy": 1.0, "precision": 1.0, "recall": 1.0, "f1": 1.0, "auc": 1.0}
{"epoch": 69, "time_epoch": 0.12593, "eta": 9.73401, "eta_hours": 0.0027, "loss": 0.0952035, "lr": 0.00021896, "params": 9207, "time_iter": 0.04198, "accuracy": 1.0, "precision": 1.0, "recall": 1.0, "f1": 1.0, "auc": 1.0}
{"epoch": 70, "time_epoch": 0.12957, "eta": 9.32994, "eta_hours": 0.00259, "loss": 0.08735652, "lr": 0.00020611, "params": 9207, "time_iter": 0.04319, "accuracy": 0.97619, "precision": 1.0, "recall": 0.95, "f1": 0.97436, "auc": 1.0}
{"epoch": 71, "time_epoch": 0.12575, "eta": 8.93201, "eta_hours": 0.00248, "loss": 0.1241094, "lr": 0.00019355, "params": 9207, "time_iter": 0.04192, "accuracy": 0.97619, "precision": 1.0, "recall": 0.95, "f1": 0.97436, "auc": 1.0}
{"epoch": 72, "time_epoch": 0.1252, "eta": 8.54132, "eta_hours": 0.00237, "loss": 0.11400137, "lr": 0.00018129, "params": 9207, "time_iter": 0.04173, "accuracy": 0.97619, "precision": 1.0, "recall": 0.95, "f1": 0.97436, "auc": 1.0}
{"epoch": 73, "time_epoch": 0.12677, "eta": 8.15837, "eta_hours": 0.00227, "loss": 0.1143031, "lr": 0.00016934, "params": 9207, "time_iter": 0.04226, "accuracy": 0.97619, "precision": 1.0, "recall": 0.95, "f1": 0.97436, "auc": 1.0}
{"epoch": 74, "time_epoch": 0.12443, "eta": 7.78147, "eta_hours": 0.00216, "loss": 0.10140026, "lr": 0.00015773, "params": 9207, "time_iter": 0.04148, "accuracy": 1.0, "precision": 1.0, "recall": 1.0, "f1": 1.0, "auc": 1.0}
{"epoch": 75, "time_epoch": 0.12504, "eta": 7.41141, "eta_hours": 0.00206, "loss": 0.11067866, "lr": 0.00014645, "params": 9207, "time_iter": 0.04168, "accuracy": 1.0, "precision": 1.0, "recall": 1.0, "f1": 1.0, "auc": 1.0}
{"epoch": 76, "time_epoch": 0.12745, "eta": 7.04843, "eta_hours": 0.00196, "loss": 0.09474493, "lr": 0.00013552, "params": 9207, "time_iter": 0.04248, "accuracy": 0.97619, "precision": 1.0, "recall": 0.95, "f1": 0.97436, "auc": 1.0}
{"epoch": 77, "time_epoch": 0.12888, "eta": 6.69189, "eta_hours": 0.00186, "loss": 0.08281485, "lr": 0.00012494, "params": 9207, "time_iter": 0.04296, "accuracy": 1.0, "precision": 1.0, "recall": 1.0, "f1": 1.0, "auc": 1.0}
{"epoch": 78, "time_epoch": 0.12469, "eta": 6.34, "eta_hours": 0.00176, "loss": 0.09354818, "lr": 0.00011474, "params": 9207, "time_iter": 0.04156, "accuracy": 1.0, "precision": 1.0, "recall": 1.0, "f1": 1.0, "auc": 1.0}
{"epoch": 79, "time_epoch": 0.12902, "eta": 5.99488, "eta_hours": 0.00167, "loss": 0.10826646, "lr": 0.00010492, "params": 9207, "time_iter": 0.04301, "accuracy": 0.97619, "precision": 1.0, "recall": 0.95, "f1": 0.97436, "auc": 1.0}
{"epoch": 80, "time_epoch": 0.12564, "eta": 5.65429, "eta_hours": 0.00157, "loss": 0.07841861, "lr": 9.549e-05, "params": 9207, "time_iter": 0.04188, "accuracy": 1.0, "precision": 1.0, "recall": 1.0, "f1": 1.0, "auc": 1.0}
{"epoch": 81, "time_epoch": 0.12278, "eta": 5.31832, "eta_hours": 0.00148, "loss": 0.07886041, "lr": 8.646e-05, "params": 9207, "time_iter": 0.04093, "accuracy": 1.0, "precision": 1.0, "recall": 1.0, "f1": 1.0, "auc": 1.0}
{"epoch": 82, "time_epoch": 0.12579, "eta": 4.98811, "eta_hours": 0.00139, "loss": 0.07592375, "lr": 7.784e-05, "params": 9207, "time_iter": 0.04193, "accuracy": 1.0, "precision": 1.0, "recall": 1.0, "f1": 1.0, "auc": 1.0}
{"epoch": 83, "time_epoch": 0.12532, "eta": 4.66267, "eta_hours": 0.0013, "loss": 0.07328878, "lr": 6.963e-05, "params": 9207, "time_iter": 0.04177, "accuracy": 1.0, "precision": 1.0, "recall": 1.0, "f1": 1.0, "auc": 1.0}
{"epoch": 84, "time_epoch": 0.1247, "eta": 4.34184, "eta_hours": 0.00121, "loss": 0.17690969, "lr": 6.185e-05, "params": 9207, "time_iter": 0.04157, "accuracy": 0.92857, "precision": 1.0, "recall": 0.85, "f1": 0.91892, "auc": 0.99545}
{"epoch": 85, "time_epoch": 0.12617, "eta": 4.0258, "eta_hours": 0.00112, "loss": 0.071128, "lr": 5.45e-05, "params": 9207, "time_iter": 0.04206, "accuracy": 1.0, "precision": 1.0, "recall": 1.0, "f1": 1.0, "auc": 1.0}
{"epoch": 86, "time_epoch": 0.12323, "eta": 3.71369, "eta_hours": 0.00103, "loss": 0.08650987, "lr": 4.759e-05, "params": 9207, "time_iter": 0.04108, "accuracy": 0.97619, "precision": 1.0, "recall": 0.95, "f1": 0.97436, "auc": 1.0}
{"epoch": 87, "time_epoch": 0.12703, "eta": 3.40639, "eta_hours": 0.00095, "loss": 0.08975066, "lr": 4.112e-05, "params": 9207, "time_iter": 0.04234, "accuracy": 1.0, "precision": 1.0, "recall": 1.0, "f1": 1.0, "auc": 1.0}
{"epoch": 88, "time_epoch": 0.12893, "eta": 3.10337, "eta_hours": 0.00086, "loss": 0.07462282, "lr": 3.511e-05, "params": 9207, "time_iter": 0.04298, "accuracy": 1.0, "precision": 1.0, "recall": 1.0, "f1": 1.0, "auc": 1.0}
{"epoch": 89, "time_epoch": 0.1263, "eta": 2.80393, "eta_hours": 0.00078, "loss": 0.10064338, "lr": 2.956e-05, "params": 9207, "time_iter": 0.0421, "accuracy": 0.97619, "precision": 1.0, "recall": 0.95, "f1": 0.97436, "auc": 1.0}
{"epoch": 90, "time_epoch": 0.12343, "eta": 2.50802, "eta_hours": 0.0007, "loss": 0.14275832, "lr": 2.447e-05, "params": 9207, "time_iter": 0.04114, "accuracy": 0.97619, "precision": 1.0, "recall": 0.95, "f1": 0.97436, "auc": 0.99545}
{"epoch": 91, "time_epoch": 0.12669, "eta": 2.21613, "eta_hours": 0.00062, "loss": 0.10904749, "lr": 1.985e-05, "params": 9207, "time_iter": 0.04223, "accuracy": 1.0, "precision": 1.0, "recall": 1.0, "f1": 1.0, "auc": 1.0}
{"epoch": 92, "time_epoch": 0.12609, "eta": 1.92776, "eta_hours": 0.00054, "loss": 0.07067131, "lr": 1.571e-05, "params": 9207, "time_iter": 0.04203, "accuracy": 1.0, "precision": 1.0, "recall": 1.0, "f1": 1.0, "auc": 1.0}
{"epoch": 93, "time_epoch": 0.12613, "eta": 1.64283, "eta_hours": 0.00046, "loss": 0.06980404, "lr": 1.204e-05, "params": 9207, "time_iter": 0.04204, "accuracy": 1.0, "precision": 1.0, "recall": 1.0, "f1": 1.0, "auc": 1.0}
{"epoch": 94, "time_epoch": 0.13649, "eta": 1.3618, "eta_hours": 0.00038, "loss": 0.08226729, "lr": 8.86e-06, "params": 9207, "time_iter": 0.0455, "accuracy": 1.0, "precision": 1.0, "recall": 1.0, "f1": 1.0, "auc": 1.0}
{"epoch": 95, "time_epoch": 0.13159, "eta": 1.08358, "eta_hours": 0.0003, "loss": 0.10745167, "lr": 6.16e-06, "params": 9207, "time_iter": 0.04386, "accuracy": 0.97619, "precision": 1.0, "recall": 0.95, "f1": 0.97436, "auc": 1.0}
{"epoch": 96, "time_epoch": 0.12282, "eta": 0.8081, "eta_hours": 0.00022, "loss": 0.08457091, "lr": 3.94e-06, "params": 9207, "time_iter": 0.04094, "accuracy": 1.0, "precision": 1.0, "recall": 1.0, "f1": 1.0, "auc": 1.0}
{"epoch": 97, "time_epoch": 0.12549, "eta": 0.5358, "eta_hours": 0.00015, "loss": 0.08777766, "lr": 2.22e-06, "params": 9207, "time_iter": 0.04183, "accuracy": 1.0, "precision": 1.0, "recall": 1.0, "f1": 1.0, "auc": 1.0}
{"epoch": 98, "time_epoch": 0.12807, "eta": 0.26649, "eta_hours": 7e-05, "loss": 0.09029645, "lr": 9.9e-07, "params": 9207, "time_iter": 0.04269, "accuracy": 1.0, "precision": 1.0, "recall": 1.0, "f1": 1.0, "auc": 1.0}
{"epoch": 99, "time_epoch": 0.12506, "eta": 0.0, "eta_hours": 0.0, "loss": 0.08306129, "lr": 2.5e-07, "params": 9207, "time_iter": 0.04169, "accuracy": 1.0, "precision": 1.0, "recall": 1.0, "f1": 1.0, "auc": 1.0}
