{"epoch": 0, "time_epoch": 3.01852, "time_epoch_std": 0.0, "eta": 298.83354, "eta_std": 0.0, "eta_hours": 0.08301, "eta_hours_std": 0.0, "loss": 0.68248, "loss_std": 0.0, "lr": 0.001, "lr_std": 0.0, "params": 4849.0, "params_std": 0.0, "time_iter": 0.01027, "time_iter_std": 0.0, "accuracy": 0.57653, "accuracy_std": 0.0, "precision": 0.41176, "precision_std": 0.0, "recall": 0.05761, "recall_std": 0.0, "f1": 0.10108, "f1_std": 0.0, "auc": 0.47401, "auc_std": 0.0}
{"epoch": 1, "time_epoch": 2.97581, "time_epoch_std": 0.0, "eta": 293.72197, "eta_std": 0.0, "eta_hours": 0.08159, "eta_hours_std": 0.0, "loss": 0.67954, "loss_std": 0.0, "lr": 0.001, "lr_std": 0.0, "params": 4849.0, "params_std": 0.0, "time_iter": 0.01012, "time_iter_std": 0.0, "accuracy": 0.58673, "accuracy_std": 0.0, "precision": 0.0, "precision_std": 0.0, "recall": 0.0, "recall_std": 0.0, "f1": 0.0, "f1_std": 0.0, "auc": 0.47701, "auc_std": 0.0}
{"epoch": 2, "time_epoch": 2.8621, "time_epoch_std": 0.0, "eta": 286.35771, "eta_std": 0.0, "eta_hours": 0.07954, "eta_hours_std": 0.0, "loss": 0.67887, "loss_std": 0.0, "lr": 0.001, "lr_std": 0.0, "params": 4849.0, "params_std": 0.0, "time_iter": 0.00974, "time_iter_std": 0.0, "accuracy": 0.58673, "accuracy_std": 0.0, "precision": 0.0, "precision_std": 0.0, "recall": 0.0, "recall_std": 0.0, "f1": 0.0, "f1_std": 0.0, "auc": 0.46851, "auc_std": 0.0}
{"epoch": 3, "time_epoch": 2.89267, "time_epoch_std": 0.0, "eta": 281.97819, "eta_std": 0.0, "eta_hours": 0.07833, "eta_hours_std": 0.0, "loss": 0.67928, "loss_std": 0.0, "lr": 0.001, "lr_std": 0.0, "params": 4849.0, "params_std": 0.0, "time_iter": 0.00984, "time_iter_std": 0.0, "accuracy": 0.58673, "accuracy_std": 0.0, "precision": 0.0, "precision_std": 0.0, "recall": 0.0, "recall_std": 0.0, "f1": 0.0, "f1_std": 0.0, "auc": 0.46875, "auc_std": 0.0}
{"epoch": 4, "time_epoch": 2.89586, "time_epoch_std": 0.0, "eta": 278.25407, "eta_std": 0.0, "eta_hours": 0.07729, "eta_hours_std": 0.0, "loss": 0.67888, "loss_std": 0.0, "lr": 0.001, "lr_std": 0.0, "params": 4849.0, "params_std": 0.0, "time_iter": 0.00985, "time_iter_std": 0.0, "accuracy": 0.58673, "accuracy_std": 0.0, "precision": 0.0, "precision_std": 0.0, "recall": 0.0, "recall_std": 0.0, "f1": 0.0, "f1_std": 0.0, "auc": 0.46745, "auc_std": 0.0}
{"epoch": 5, "time_epoch": 2.89317, "time_epoch_std": 0.0, "eta": 274.76385, "eta_std": 0.0, "eta_hours": 0.07632, "eta_hours_std": 0.0, "loss": 0.67896, "loss_std": 0.0, "lr": 0.00099, "lr_std": 0.0, "params": 4849.0, "params_std": 0.0, "time_iter": 0.00984, "time_iter_std": 0.0, "accuracy": 0.58673, "accuracy_std": 0.0, "precision": 0.0, "precision_std": 0.0, "recall": 0.0, "recall_std": 0.0, "f1": 0.0, "f1_std": 0.0, "auc": 0.45795, "auc_std": 0.0}
{"epoch": 6, "time_epoch": 2.87788, "time_epoch_std": 0.0, "eta": 271.24111, "eta_std": 0.0, "eta_hours": 0.07534, "eta_hours_std": 0.0, "loss": 0.67931, "loss_std": 0.0, "lr": 0.00099, "lr_std": 0.0, "params": 4849.0, "params_std": 0.0, "time_iter": 0.00979, "time_iter_std": 0.0, "accuracy": 0.58673, "accuracy_std": 0.0, "precision": 0.0, "precision_std": 0.0, "recall": 0.0, "recall_std": 0.0, "f1": 0.0, "f1_std": 0.0, "auc": 0.46711, "auc_std": 0.0}
{"epoch": 7, "time_epoch": 2.97476, "time_epoch_std": 0.0, "eta": 268.99372, "eta_std": 0.0, "eta_hours": 0.07472, "eta_hours_std": 0.0, "loss": 0.67889, "loss_std": 0.0, "lr": 0.00099, "lr_std": 0.0, "params": 4849.0, "params_std": 0.0, "time_iter": 0.01012, "time_iter_std": 0.0, "accuracy": 0.58673, "accuracy_std": 0.0, "precision": 0.0, "precision_std": 0.0, "recall": 0.0, "recall_std": 0.0, "f1": 0.0, "f1_std": 0.0, "auc": 0.47168, "auc_std": 0.0}
{"epoch": 8, "time_epoch": 2.91043, "time_epoch_std": 0.0, "eta": 265.93421, "eta_std": 0.0, "eta_hours": 0.07387, "eta_hours_std": 0.0, "loss": 0.67896, "loss_std": 0.0, "lr": 0.00098, "lr_std": 0.0, "params": 4849.0, "params_std": 0.0, "time_iter": 0.0099, "time_iter_std": 0.0, "accuracy": 0.58673, "accuracy_std": 0.0, "precision": 0.0, "precision_std": 0.0, "recall": 0.0, "recall_std": 0.0, "f1": 0.0, "f1_std": 0.0, "auc": 0.45856, "auc_std": 0.0}
{"epoch": 9, "time_epoch": 2.95453, "time_epoch_std": 0.0, "eta": 263.30145, "eta_std": 0.0, "eta_hours": 0.07314, "eta_hours_std": 0.0, "loss": 0.67866, "loss_std": 0.0, "lr": 0.00098, "lr_std": 0.0, "params": 4849.0, "params_std": 0.0, "time_iter": 0.01005, "time_iter_std": 0.0, "accuracy": 0.58673, "accuracy_std": 0.0, "precision": 0.0, "precision_std": 0.0, "recall": 0.0, "recall_std": 0.0, "f1": 0.0, "f1_std": 0.0, "auc": 0.4573, "auc_std": 0.0}
{"epoch": 10, "time_epoch": 2.95943, "time_epoch_std": 0.0, "eta": 260.64978, "eta_std": 0.0, "eta_hours": 0.0724, "eta_hours_std": 0.0, "loss": 0.67878, "loss_std": 0.0, "lr": 0.00098, "lr_std": 0.0, "params": 4849.0, "params_std": 0.0, "time_iter": 0.01007, "time_iter_std": 0.0, "accuracy": 0.58673, "accuracy_std": 0.0, "precision": 0.0, "precision_std": 0.0, "recall": 0.0, "recall_std": 0.0, "f1": 0.0, "f1_std": 0.0, "auc": 0.44803, "auc_std": 0.0}
{"epoch": 11, "time_epoch": 2.97898, "time_epoch_std": 0.0, "eta": 258.09023, "eta_std": 0.0, "eta_hours": 0.07169, "eta_hours_std": 0.0, "loss": 0.67873, "loss_std": 0.0, "lr": 0.00097, "lr_std": 0.0, "params": 4849.0, "params_std": 0.0, "time_iter": 0.01013, "time_iter_std": 0.0, "accuracy": 0.58673, "accuracy_std": 0.0, "precision": 0.0, "precision_std": 0.0, "recall": 0.0, "recall_std": 0.0, "f1": 0.0, "f1_std": 0.0, "auc": 0.49125, "auc_std": 0.0}
{"epoch": 12, "time_epoch": 2.97726, "time_epoch_std": 0.0, "eta": 255.45464, "eta_std": 0.0, "eta_hours": 0.07096, "eta_hours_std": 0.0, "loss": 0.67892, "loss_std": 0.0, "lr": 0.00096, "lr_std": 0.0, "params": 4849.0, "params_std": 0.0, "time_iter": 0.01013, "time_iter_std": 0.0, "accuracy": 0.58673, "accuracy_std": 0.0, "precision": 0.0, "precision_std": 0.0, "recall": 0.0, "recall_std": 0.0, "f1": 0.0, "f1_std": 0.0, "auc": 0.47508, "auc_std": 0.0}
{"epoch": 13, "time_epoch": 3.00402, "time_epoch_std": 0.0, "eta": 252.93461, "eta_std": 0.0, "eta_hours": 0.07026, "eta_hours_std": 0.0, "loss": 0.67864, "loss_std": 0.0, "lr": 0.00096, "lr_std": 0.0, "params": 4849.0, "params_std": 0.0, "time_iter": 0.01022, "time_iter_std": 0.0, "accuracy": 0.58673, "accuracy_std": 0.0, "precision": 0.0, "precision_std": 0.0, "recall": 0.0, "recall_std": 0.0, "f1": 0.0, "f1_std": 0.0, "auc": 0.45316, "auc_std": 0.0}
{"epoch": 14, "time_epoch": 3.10987, "time_epoch_std": 0.0, "eta": 250.94987, "eta_std": 0.0, "eta_hours": 0.06971, "eta_hours_std": 0.0, "loss": 0.67918, "loss_std": 0.0, "lr": 0.00095, "lr_std": 0.0, "params": 4849.0, "params_std": 0.0, "time_iter": 0.01058, "time_iter_std": 0.0, "accuracy": 0.58673, "accuracy_std": 0.0, "precision": 0.0, "precision_std": 0.0, "recall": 0.0, "recall_std": 0.0, "f1": 0.0, "f1_std": 0.0, "auc": 0.45295, "auc_std": 0.0}
{"epoch": 15, "time_epoch": 2.97431, "time_epoch_std": 0.0, "eta": 248.11279, "eta_std": 0.0, "eta_hours": 0.06892, "eta_hours_std": 0.0, "loss": 0.67842, "loss_std": 0.0, "lr": 0.00095, "lr_std": 0.0, "params": 4849.0, "params_std": 0.0, "time_iter": 0.01012, "time_iter_std": 0.0, "accuracy": 0.58673, "accuracy_std": 0.0, "precision": 0.0, "precision_std": 0.0, "recall": 0.0, "recall_std": 0.0, "f1": 0.0, "f1_std": 0.0, "auc": 0.4822, "auc_std": 0.0}
{"epoch": 16, "time_epoch": 2.94899, "time_epoch_std": 0.0, "eta": 245.13598, "eta_std": 0.0, "eta_hours": 0.06809, "eta_hours_std": 0.0, "loss": 0.67918, "loss_std": 0.0, "lr": 0.00094, "lr_std": 0.0, "params": 4849.0, "params_std": 0.0, "time_iter": 0.01003, "time_iter_std": 0.0, "accuracy": 0.58673, "accuracy_std": 0.0, "precision": 0.0, "precision_std": 0.0, "recall": 0.0, "recall_std": 0.0, "f1": 0.0, "f1_std": 0.0, "auc": 0.49235, "auc_std": 0.0}
{"epoch": 17, "time_epoch": 2.94948, "time_epoch_std": 0.0, "eta": 242.16445, "eta_std": 0.0, "eta_hours": 0.06727, "eta_hours_std": 0.0, "loss": 0.67903, "loss_std": 0.0, "lr": 0.00093, "lr_std": 0.0, "params": 4849.0, "params_std": 0.0, "time_iter": 0.01003, "time_iter_std": 0.0, "accuracy": 0.58673, "accuracy_std": 0.0, "precision": 0.0, "precision_std": 0.0, "recall": 0.0, "recall_std": 0.0, "f1": 0.0, "f1_std": 0.0, "auc": 0.43119, "auc_std": 0.0}
{"epoch": 18, "time_epoch": 2.98293, "time_epoch_std": 0.0, "eta": 239.33786, "eta_std": 0.0, "eta_hours": 0.06648, "eta_hours_std": 0.0, "loss": 0.67864, "loss_std": 0.0, "lr": 0.00092, "lr_std": 0.0, "params": 4849.0, "params_std": 0.0, "time_iter": 0.01015, "time_iter_std": 0.0, "accuracy": 0.58673, "accuracy_std": 0.0, "precision": 0.0, "precision_std": 0.0, "recall": 0.0, "recall_std": 0.0, "f1": 0.0, "f1_std": 0.0, "auc": 0.45377, "auc_std": 0.0}
{"epoch": 19, "time_epoch": 3.00673, "time_epoch_std": 0.0, "eta": 236.59083, "eta_std": 0.0, "eta_hours": 0.06572, "eta_hours_std": 0.0, "loss": 0.67878, "loss_std": 0.0, "lr": 0.00091, "lr_std": 0.0, "params": 4849.0, "params_std": 0.0, "time_iter": 0.01023, "time_iter_std": 0.0, "accuracy": 0.58673, "accuracy_std": 0.0, "precision": 0.0, "precision_std": 0.0, "recall": 0.0, "recall_std": 0.0, "f1": 0.0, "f1_std": 0.0, "auc": 0.45173, "auc_std": 0.0}
{"epoch": 20, "time_epoch": 2.97157, "time_epoch_std": 0.0, "eta": 233.6868, "eta_std": 0.0, "eta_hours": 0.06491, "eta_hours_std": 0.0, "loss": 0.67876, "loss_std": 0.0, "lr": 0.0009, "lr_std": 0.0, "params": 4849.0, "params_std": 0.0, "time_iter": 0.01011, "time_iter_std": 0.0, "accuracy": 0.58673, "accuracy_std": 0.0, "precision": 0.0, "precision_std": 0.0, "recall": 0.0, "recall_std": 0.0, "f1": 0.0, "f1_std": 0.0, "auc": 0.4512, "auc_std": 0.0}
{"epoch": 21, "time_epoch": 2.98906, "time_epoch_std": 0.0, "eta": 230.83867, "eta_std": 0.0, "eta_hours": 0.06412, "eta_hours_std": 0.0, "loss": 0.67859, "loss_std": 0.0, "lr": 0.0009, "lr_std": 0.0, "params": 4849.0, "params_std": 0.0, "time_iter": 0.01017, "time_iter_std": 0.0, "accuracy": 0.58673, "accuracy_std": 0.0, "precision": 0.0, "precision_std": 0.0, "recall": 0.0, "recall_std": 0.0, "f1": 0.0, "f1_std": 0.0, "auc": 0.4656, "auc_std": 0.0}
{"epoch": 22, "time_epoch": 2.92489, "time_epoch_std": 0.0, "eta": 227.76342, "eta_std": 0.0, "eta_hours": 0.06327, "eta_hours_std": 0.0, "loss": 0.6786, "loss_std": 0.0, "lr": 0.00089, "lr_std": 0.0, "params": 4849.0, "params_std": 0.0, "time_iter": 0.00995, "time_iter_std": 0.0, "accuracy": 0.58673, "accuracy_std": 0.0, "precision": 0.0, "precision_std": 0.0, "recall": 0.0, "recall_std": 0.0, "f1": 0.0, "f1_std": 0.0, "auc": 0.45226, "auc_std": 0.0}
{"epoch": 23, "time_epoch": 2.92521, "time_epoch_std": 0.0, "eta": 224.70172, "eta_std": 0.0, "eta_hours": 0.06242, "eta_hours_std": 0.0, "loss": 0.67838, "loss_std": 0.0, "lr": 0.00088, "lr_std": 0.0, "params": 4849.0, "params_std": 0.0, "time_iter": 0.00995, "time_iter_std": 0.0, "accuracy": 0.58673, "accuracy_std": 0.0, "precision": 0.0, "precision_std": 0.0, "recall": 0.0, "recall_std": 0.0, "f1": 0.0, "f1_std": 0.0, "auc": 0.47147, "auc_std": 0.0}
{"epoch": 24, "time_epoch": 3.04583, "time_epoch_std": 0.0, "eta": 222.01281, "eta_std": 0.0, "eta_hours": 0.06167, "eta_hours_std": 0.0, "loss": 0.67872, "loss_std": 0.0, "lr": 0.00086, "lr_std": 0.0, "params": 4849.0, "params_std": 0.0, "time_iter": 0.01036, "time_iter_std": 0.0, "accuracy": 0.58673, "accuracy_std": 0.0, "precision": 0.0, "precision_std": 0.0, "recall": 0.0, "recall_std": 0.0, "f1": 0.0, "f1_std": 0.0, "auc": 0.45473, "auc_std": 0.0}
{"epoch": 25, "time_epoch": 2.96134, "time_epoch_std": 0.0, "eta": 219.05596, "eta_std": 0.0, "eta_hours": 0.06085, "eta_hours_std": 0.0, "loss": 0.67851, "loss_std": 0.0, "lr": 0.00085, "lr_std": 0.0, "params": 4849.0, "params_std": 0.0, "time_iter": 0.01007, "time_iter_std": 0.0, "accuracy": 0.58673, "accuracy_std": 0.0, "precision": 0.0, "precision_std": 0.0, "recall": 0.0, "recall_std": 0.0, "f1": 0.0, "f1_std": 0.0, "auc": 0.42988, "auc_std": 0.0}
{"epoch": 26, "time_epoch": 2.90391, "time_epoch_std": 0.0, "eta": 215.9435, "eta_std": 0.0, "eta_hours": 0.05998, "eta_hours_std": 0.0, "loss": 0.67878, "loss_std": 0.0, "lr": 0.00084, "lr_std": 0.0, "params": 4849.0, "params_std": 0.0, "time_iter": 0.00988, "time_iter_std": 0.0, "accuracy": 0.58673, "accuracy_std": 0.0, "precision": 0.0, "precision_std": 0.0, "recall": 0.0, "recall_std": 0.0, "f1": 0.0, "f1_std": 0.0, "auc": 0.45213, "auc_std": 0.0}
{"epoch": 27, "time_epoch": 2.91905, "time_epoch_std": 0.0, "eta": 212.88489, "eta_std": 0.0, "eta_hours": 0.05913, "eta_hours_std": 0.0, "loss": 0.67875, "loss_std": 0.0, "lr": 0.00083, "lr_std": 0.0, "params": 4849.0, "params_std": 0.0, "time_iter": 0.00993, "time_iter_std": 0.0, "accuracy": 0.58673, "accuracy_std": 0.0, "precision": 0.0, "precision_std": 0.0, "recall": 0.0, "recall_std": 0.0, "f1": 0.0, "f1_std": 0.0, "auc": 0.39654, "auc_std": 0.0}
{"epoch": 28, "time_epoch": 3.03513, "time_epoch_std": 0.0, "eta": 210.1201, "eta_std": 0.0, "eta_hours": 0.05837, "eta_hours_std": 0.0, "loss": 0.67858, "loss_std": 0.0, "lr": 0.00082, "lr_std": 0.0, "params": 4849.0, "params_std": 0.0, "time_iter": 0.01032, "time_iter_std": 0.0, "accuracy": 0.58673, "accuracy_std": 0.0, "precision": 0.0, "precision_std": 0.0, "recall": 0.0, "recall_std": 0.0, "f1": 0.0, "f1_std": 0.0, "auc": 0.44294, "auc_std": 0.0}
{"epoch": 29, "time_epoch": 2.97772, "time_epoch_std": 0.0, "eta": 207.20332, "eta_std": 0.0, "eta_hours": 0.05756, "eta_hours_std": 0.0, "loss": 0.6785, "loss_std": 0.0, "lr": 0.00081, "lr_std": 0.0, "params": 4849.0, "params_std": 0.0, "time_iter": 0.01013, "time_iter_std": 0.0, "accuracy": 0.58673, "accuracy_std": 0.0, "precision": 0.0, "precision_std": 0.0, "recall": 0.0, "recall_std": 0.0, "f1": 0.0, "f1_std": 0.0, "auc": 0.45763, "auc_std": 0.0}
{"epoch": 30, "time_epoch": 2.92922, "time_epoch_std": 0.0, "eta": 204.17465, "eta_std": 0.0, "eta_hours": 0.05672, "eta_hours_std": 0.0, "loss": 0.67855, "loss_std": 0.0, "lr": 0.00079, "lr_std": 0.0, "params": 4849.0, "params_std": 0.0, "time_iter": 0.00996, "time_iter_std": 0.0, "accuracy": 0.58673, "accuracy_std": 0.0, "precision": 0.0, "precision_std": 0.0, "recall": 0.0, "recall_std": 0.0, "f1": 0.0, "f1_std": 0.0, "auc": 0.43604, "auc_std": 0.0}
{"epoch": 31, "time_epoch": 3.05308, "time_epoch_std": 0.0, "eta": 201.4154, "eta_std": 0.0, "eta_hours": 0.05595, "eta_hours_std": 0.0, "loss": 0.67851, "loss_std": 0.0, "lr": 0.00078, "lr_std": 0.0, "params": 4849.0, "params_std": 0.0, "time_iter": 0.01038, "time_iter_std": 0.0, "accuracy": 0.58673, "accuracy_std": 0.0, "precision": 0.0, "precision_std": 0.0, "recall": 0.0, "recall_std": 0.0, "f1": 0.0, "f1_std": 0.0, "auc": 0.46905, "auc_std": 0.0}
{"epoch": 32, "time_epoch": 2.98852, "time_epoch_std": 0.0, "eta": 198.50727, "eta_std": 0.0, "eta_hours": 0.05514, "eta_hours_std": 0.0, "loss": 0.67853, "loss_std": 0.0, "lr": 0.00077, "lr_std": 0.0, "params": 4849.0, "params_std": 0.0, "time_iter": 0.01017, "time_iter_std": 0.0, "accuracy": 0.58673, "accuracy_std": 0.0, "precision": 0.0, "precision_std": 0.0, "recall": 0.0, "recall_std": 0.0, "f1": 0.0, "f1_std": 0.0, "auc": 0.43447, "auc_std": 0.0}
{"epoch": 33, "time_epoch": 2.95875, "time_epoch_std": 0.0, "eta": 195.53662, "eta_std": 0.0, "eta_hours": 0.05432, "eta_hours_std": 0.0, "loss": 0.67835, "loss_std": 0.0, "lr": 0.00075, "lr_std": 0.0, "params": 4849.0, "params_std": 0.0, "time_iter": 0.01006, "time_iter_std": 0.0, "accuracy": 0.58673, "accuracy_std": 0.0, "precision": 0.0, "precision_std": 0.0, "recall": 0.0, "recall_std": 0.0, "f1": 0.0, "f1_std": 0.0, "auc": 0.44894, "auc_std": 0.0}
{"epoch": 34, "time_epoch": 2.951, "time_epoch_std": 0.0, "eta": 192.55226, "eta_std": 0.0, "eta_hours": 0.05349, "eta_hours_std": 0.0, "loss": 0.6786, "loss_std": 0.0, "lr": 0.00074, "lr_std": 0.0, "params": 4849.0, "params_std": 0.0, "time_iter": 0.01004, "time_iter_std": 0.0, "accuracy": 0.58673, "accuracy_std": 0.0, "precision": 0.0, "precision_std": 0.0, "recall": 0.0, "recall_std": 0.0, "f1": 0.0, "f1_std": 0.0, "auc": 0.47356, "auc_std": 0.0}
{"epoch": 35, "time_epoch": 2.99165, "time_epoch_std": 0.0, "eta": 189.64202, "eta_std": 0.0, "eta_hours": 0.05268, "eta_hours_std": 0.0, "loss": 0.67842, "loss_std": 0.0, "lr": 0.00073, "lr_std": 0.0, "params": 4849.0, "params_std": 0.0, "time_iter": 0.01018, "time_iter_std": 0.0, "accuracy": 0.58673, "accuracy_std": 0.0, "precision": 0.0, "precision_std": 0.0, "recall": 0.0, "recall_std": 0.0, "f1": 0.0, "f1_std": 0.0, "auc": 0.43018, "auc_std": 0.0}
{"epoch": 36, "time_epoch": 2.96894, "time_epoch_std": 0.0, "eta": 186.6887, "eta_std": 0.0, "eta_hours": 0.05186, "eta_hours_std": 0.0, "loss": 0.67852, "loss_std": 0.0, "lr": 0.00071, "lr_std": 0.0, "params": 4849.0, "params_std": 0.0, "time_iter": 0.0101, "time_iter_std": 0.0, "accuracy": 0.58673, "accuracy_std": 0.0, "precision": 0.0, "precision_std": 0.0, "recall": 0.0, "recall_std": 0.0, "f1": 0.0, "f1_std": 0.0, "auc": 0.46343, "auc_std": 0.0}
{"epoch": 37, "time_epoch": 2.91206, "time_epoch_std": 0.0, "eta": 183.64176, "eta_std": 0.0, "eta_hours": 0.05101, "eta_hours_std": 0.0, "loss": 0.67834, "loss_std": 0.0, "lr": 0.0007, "lr_std": 0.0, "params": 4849.0, "params_std": 0.0, "time_iter": 0.0099, "time_iter_std": 0.0, "accuracy": 0.58673, "accuracy_std": 0.0, "precision": 0.0, "precision_std": 0.0, "recall": 0.0, "recall_std": 0.0, "f1": 0.0, "f1_std": 0.0, "auc": 0.4467, "auc_std": 0.0}
{"epoch": 38, "time_epoch": 2.97075, "time_epoch_std": 0.0, "eta": 180.69354, "eta_std": 0.0, "eta_hours": 0.05019, "eta_hours_std": 0.0, "loss": 0.67851, "loss_std": 0.0, "lr": 0.00068, "lr_std": 0.0, "params": 4849.0, "params_std": 0.0, "time_iter": 0.0101, "time_iter_std": 0.0, "accuracy": 0.58673, "accuracy_std": 0.0, "precision": 0.0, "precision_std": 0.0, "recall": 0.0, "recall_std": 0.0, "f1": 0.0, "f1_std": 0.0, "auc": 0.45831, "auc_std": 0.0}
{"epoch": 39, "time_epoch": 3.06401, "time_epoch_std": 0.0, "eta": 177.88408, "eta_std": 0.0, "eta_hours": 0.04941, "eta_hours_std": 0.0, "loss": 0.6783, "loss_std": 0.0, "lr": 0.00067, "lr_std": 0.0, "params": 4849.0, "params_std": 0.0, "time_iter": 0.01042, "time_iter_std": 0.0, "accuracy": 0.58673, "accuracy_std": 0.0, "precision": 0.0, "precision_std": 0.0, "recall": 0.0, "recall_std": 0.0, "f1": 0.0, "f1_std": 0.0, "auc": 0.45576, "auc_std": 0.0}
{"epoch": 40, "time_epoch": 2.98164, "time_epoch_std": 0.0, "eta": 174.94368, "eta_std": 0.0, "eta_hours": 0.0486, "eta_hours_std": 0.0, "loss": 0.67851, "loss_std": 0.0, "lr": 0.00065, "lr_std": 0.0, "params": 4849.0, "params_std": 0.0, "time_iter": 0.01014, "time_iter_std": 0.0, "accuracy": 0.58673, "accuracy_std": 0.0, "precision": 0.0, "precision_std": 0.0, "recall": 0.0, "recall_std": 0.0, "f1": 0.0, "f1_std": 0.0, "auc": 0.43504, "auc_std": 0.0}
{"epoch": 41, "time_epoch": 2.95848, "time_epoch_std": 0.0, "eta": 171.96933, "eta_std": 0.0, "eta_hours": 0.04777, "eta_hours_std": 0.0, "loss": 0.67842, "loss_std": 0.0, "lr": 0.00064, "lr_std": 0.0, "params": 4849.0, "params_std": 0.0, "time_iter": 0.01006, "time_iter_std": 0.0, "accuracy": 0.58673, "accuracy_std": 0.0, "precision": 0.0, "precision_std": 0.0, "recall": 0.0, "recall_std": 0.0, "f1": 0.0, "f1_std": 0.0, "auc": 0.46776, "auc_std": 0.0}
{"epoch": 42, "time_epoch": 2.98397, "time_epoch_std": 0.0, "eta": 169.0295, "eta_std": 0.0, "eta_hours": 0.04695, "eta_hours_std": 0.0, "loss": 0.67842, "loss_std": 0.0, "lr": 0.00062, "lr_std": 0.0, "params": 4849.0, "params_std": 0.0, "time_iter": 0.01015, "time_iter_std": 0.0, "accuracy": 0.58673, "accuracy_std": 0.0, "precision": 0.0, "precision_std": 0.0, "recall": 0.0, "recall_std": 0.0, "f1": 0.0, "f1_std": 0.0, "auc": 0.45314, "auc_std": 0.0}
{"epoch": 43, "time_epoch": 2.92753, "time_epoch_std": 0.0, "eta": 166.01583, "eta_std": 0.0, "eta_hours": 0.04612, "eta_hours_std": 0.0, "loss": 0.67859, "loss_std": 0.0, "lr": 0.00061, "lr_std": 0.0, "params": 4849.0, "params_std": 0.0, "time_iter": 0.00996, "time_iter_std": 0.0, "accuracy": 0.58673, "accuracy_std": 0.0, "precision": 0.0, "precision_std": 0.0, "recall": 0.0, "recall_std": 0.0, "f1": 0.0, "f1_std": 0.0, "auc": 0.45272, "auc_std": 0.0}
{"epoch": 44, "time_epoch": 2.93669, "time_epoch_std": 0.0, "eta": 163.01719, "eta_std": 0.0, "eta_hours": 0.04528, "eta_hours_std": 0.0, "loss": 0.6784, "loss_std": 0.0, "lr": 0.00059, "lr_std": 0.0, "params": 4849.0, "params_std": 0.0, "time_iter": 0.00999, "time_iter_std": 0.0, "accuracy": 0.58673, "accuracy_std": 0.0, "precision": 0.0, "precision_std": 0.0, "recall": 0.0, "recall_std": 0.0, "f1": 0.0, "f1_std": 0.0, "auc": 0.46422, "auc_std": 0.0}
{"epoch": 45, "time_epoch": 2.92161, "time_epoch_std": 0.0, "eta": 160.00355, "eta_std": 0.0, "eta_hours": 0.04445, "eta_hours_std": 0.0, "loss": 0.67832, "loss_std": 0.0, "lr": 0.00058, "lr_std": 0.0, "params": 4849.0, "params_std": 0.0, "time_iter": 0.00994, "time_iter_std": 0.0, "accuracy": 0.58673, "accuracy_std": 0.0, "precision": 0.0, "precision_std": 0.0, "recall": 0.0, "recall_std": 0.0, "f1": 0.0, "f1_std": 0.0, "auc": 0.44768, "auc_std": 0.0}
{"epoch": 46, "time_epoch": 2.94718, "time_epoch_std": 0.0, "eta": 157.02265, "eta_std": 0.0, "eta_hours": 0.04362, "eta_hours_std": 0.0, "loss": 0.67835, "loss_std": 0.0, "lr": 0.00056, "lr_std": 0.0, "params": 4849.0, "params_std": 0.0, "time_iter": 0.01002, "time_iter_std": 0.0, "accuracy": 0.58673, "accuracy_std": 0.0, "precision": 0.0, "precision_std": 0.0, "recall": 0.0, "recall_std": 0.0, "f1": 0.0, "f1_std": 0.0, "auc": 0.46244, "auc_std": 0.0}
{"epoch": 47, "time_epoch": 2.89939, "time_epoch_std": 0.0, "eta": 153.99138, "eta_std": 0.0, "eta_hours": 0.04278, "eta_hours_std": 0.0, "loss": 0.67841, "loss_std": 0.0, "lr": 0.00055, "lr_std": 0.0, "params": 4849.0, "params_std": 0.0, "time_iter": 0.00986, "time_iter_std": 0.0, "accuracy": 0.58673, "accuracy_std": 0.0, "precision": 0.0, "precision_std": 0.0, "recall": 0.0, "recall_std": 0.0, "f1": 0.0, "f1_std": 0.0, "auc": 0.45057, "auc_std": 0.0}
{"epoch": 48, "time_epoch": 2.91555, "time_epoch_std": 0.0, "eta": 150.98231, "eta_std": 0.0, "eta_hours": 0.04194, "eta_hours_std": 0.0, "loss": 0.67832, "loss_std": 0.0, "lr": 0.00053, "lr_std": 0.0, "params": 4849.0, "params_std": 0.0, "time_iter": 0.00992, "time_iter_std": 0.0, "accuracy": 0.58673, "accuracy_std": 0.0, "precision": 0.0, "precision_std": 0.0, "recall": 0.0, "recall_std": 0.0, "f1": 0.0, "f1_std": 0.0, "auc": 0.43997, "auc_std": 0.0}
{"epoch": 49, "time_epoch": 2.96555, "time_epoch_std": 0.0, "eta": 148.02698, "eta_std": 0.0, "eta_hours": 0.04112, "eta_hours_std": 0.0, "loss": 0.67842, "loss_std": 0.0, "lr": 0.00052, "lr_std": 0.0, "params": 4849.0, "params_std": 0.0, "time_iter": 0.01009, "time_iter_std": 0.0, "accuracy": 0.58673, "accuracy_std": 0.0, "precision": 0.0, "precision_std": 0.0, "recall": 0.0, "recall_std": 0.0, "f1": 0.0, "f1_std": 0.0, "auc": 0.46946, "auc_std": 0.0}
{"epoch": 50, "time_epoch": 2.96772, "time_epoch_std": 0.0, "eta": 145.07334, "eta_std": 0.0, "eta_hours": 0.0403, "eta_hours_std": 0.0, "loss": 0.67848, "loss_std": 0.0, "lr": 0.0005, "lr_std": 0.0, "params": 4849.0, "params_std": 0.0, "time_iter": 0.01009, "time_iter_std": 0.0, "accuracy": 0.58673, "accuracy_std": 0.0, "precision": 0.0, "precision_std": 0.0, "recall": 0.0, "recall_std": 0.0, "f1": 0.0, "f1_std": 0.0, "auc": 0.42075, "auc_std": 0.0}
{"epoch": 51, "time_epoch": 2.95931, "time_epoch_std": 0.0, "eta": 142.11139, "eta_std": 0.0, "eta_hours": 0.03948, "eta_hours_std": 0.0, "loss": 0.67844, "loss_std": 0.0, "lr": 0.00048, "lr_std": 0.0, "params": 4849.0, "params_std": 0.0, "time_iter": 0.01007, "time_iter_std": 0.0, "accuracy": 0.58673, "accuracy_std": 0.0, "precision": 0.0, "precision_std": 0.0, "recall": 0.0, "recall_std": 0.0, "f1": 0.0, "f1_std": 0.0, "auc": 0.44013, "auc_std": 0.0}
{"epoch": 52, "time_epoch": 2.92723, "time_epoch_std": 0.0, "eta": 139.1211, "eta_std": 0.0, "eta_hours": 0.03864, "eta_hours_std": 0.0, "loss": 0.67826, "loss_std": 0.0, "lr": 0.00047, "lr_std": 0.0, "params": 4849.0, "params_std": 0.0, "time_iter": 0.00996, "time_iter_std": 0.0, "accuracy": 0.58673, "accuracy_std": 0.0, "precision": 0.0, "precision_std": 0.0, "recall": 0.0, "recall_std": 0.0, "f1": 0.0, "f1_std": 0.0, "auc": 0.4693, "auc_std": 0.0}
{"epoch": 53, "time_epoch": 2.90031, "time_epoch_std": 0.0, "eta": 136.11021, "eta_std": 0.0, "eta_hours": 0.03781, "eta_hours_std": 0.0, "loss": 0.67845, "loss_std": 0.0, "lr": 0.00045, "lr_std": 0.0, "params": 4849.0, "params_std": 0.0, "time_iter": 0.00987, "time_iter_std": 0.0, "accuracy": 0.58673, "accuracy_std": 0.0, "precision": 0.0, "precision_std": 0.0, "recall": 0.0, "recall_std": 0.0, "f1": 0.0, "f1_std": 0.0, "auc": 0.44889, "auc_std": 0.0}
{"epoch": 54, "time_epoch": 2.96156, "time_epoch_std": 0.0, "eta": 133.15346, "eta_std": 0.0, "eta_hours": 0.03699, "eta_hours_std": 0.0, "loss": 0.67835, "loss_std": 0.0, "lr": 0.00044, "lr_std": 0.0, "params": 4849.0, "params_std": 0.0, "time_iter": 0.01007, "time_iter_std": 0.0, "accuracy": 0.58673, "accuracy_std": 0.0, "precision": 0.0, "precision_std": 0.0, "recall": 0.0, "recall_std": 0.0, "f1": 0.0, "f1_std": 0.0, "auc": 0.46227, "auc_std": 0.0}
{"epoch": 55, "time_epoch": 2.90445, "time_epoch_std": 0.0, "eta": 130.15166, "eta_std": 0.0, "eta_hours": 0.03615, "eta_hours_std": 0.0, "loss": 0.67836, "loss_std": 0.0, "lr": 0.00042, "lr_std": 0.0, "params": 4849.0, "params_std": 0.0, "time_iter": 0.00988, "time_iter_std": 0.0, "accuracy": 0.58673, "accuracy_std": 0.0, "precision": 0.0, "precision_std": 0.0, "recall": 0.0, "recall_std": 0.0, "f1": 0.0, "f1_std": 0.0, "auc": 0.45822, "auc_std": 0.0}
{"epoch": 56, "time_epoch": 2.96949, "time_epoch_std": 0.0, "eta": 127.20234, "eta_std": 0.0, "eta_hours": 0.03533, "eta_hours_std": 0.0, "loss": 0.6782, "loss_std": 0.0, "lr": 0.00041, "lr_std": 0.0, "params": 4849.0, "params_std": 0.0, "time_iter": 0.0101, "time_iter_std": 0.0, "accuracy": 0.58673, "accuracy_std": 0.0, "precision": 0.0, "precision_std": 0.0, "recall": 0.0, "recall_std": 0.0, "f1": 0.0, "f1_std": 0.0, "auc": 0.45655, "auc_std": 0.0}
{"epoch": 57, "time_epoch": 2.94141, "time_epoch_std": 0.0, "eta": 124.232, "eta_std": 0.0, "eta_hours": 0.03451, "eta_hours_std": 0.0, "loss": 0.67838, "loss_std": 0.0, "lr": 0.00039, "lr_std": 0.0, "params": 4849.0, "params_std": 0.0, "time_iter": 0.01, "time_iter_std": 0.0, "accuracy": 0.58673, "accuracy_std": 0.0, "precision": 0.0, "precision_std": 0.0, "recall": 0.0, "recall_std": 0.0, "f1": 0.0, "f1_std": 0.0, "auc": 0.46943, "auc_std": 0.0}
{"epoch": 58, "time_epoch": 2.98415, "time_epoch_std": 0.0, "eta": 121.29233, "eta_std": 0.0, "eta_hours": 0.03369, "eta_hours_std": 0.0, "loss": 0.67816, "loss_std": 0.0, "lr": 0.00038, "lr_std": 0.0, "params": 4849.0, "params_std": 0.0, "time_iter": 0.01015, "time_iter_std": 0.0, "accuracy": 0.58673, "accuracy_std": 0.0, "precision": 0.0, "precision_std": 0.0, "recall": 0.0, "recall_std": 0.0, "f1": 0.0, "f1_std": 0.0, "auc": 0.43735, "auc_std": 0.0}
{"epoch": 59, "time_epoch": 2.99793, "time_epoch_std": 0.0, "eta": 118.36037, "eta_std": 0.0, "eta_hours": 0.03288, "eta_hours_std": 0.0, "loss": 0.67821, "loss_std": 0.0, "lr": 0.00036, "lr_std": 0.0, "params": 4849.0, "params_std": 0.0, "time_iter": 0.0102, "time_iter_std": 0.0, "accuracy": 0.58673, "accuracy_std": 0.0, "precision": 0.0, "precision_std": 0.0, "recall": 0.0, "recall_std": 0.0, "f1": 0.0, "f1_std": 0.0, "auc": 0.46299, "auc_std": 0.0}
{"epoch": 60, "time_epoch": 3.00232, "time_epoch_std": 0.0, "eta": 115.42905, "eta_std": 0.0, "eta_hours": 0.03206, "eta_hours_std": 0.0, "loss": 0.67821, "loss_std": 0.0, "lr": 0.00035, "lr_std": 0.0, "params": 4849.0, "params_std": 0.0, "time_iter": 0.01021, "time_iter_std": 0.0, "accuracy": 0.58673, "accuracy_std": 0.0, "precision": 0.0, "precision_std": 0.0, "recall": 0.0, "recall_std": 0.0, "f1": 0.0, "f1_std": 0.0, "auc": 0.4422, "auc_std": 0.0}
{"epoch": 61, "time_epoch": 2.94256, "time_epoch_std": 0.0, "eta": 112.45881, "eta_std": 0.0, "eta_hours": 0.03124, "eta_hours_std": 0.0, "loss": 0.67826, "loss_std": 0.0, "lr": 0.00033, "lr_std": 0.0, "params": 4849.0, "params_std": 0.0, "time_iter": 0.01001, "time_iter_std": 0.0, "accuracy": 0.58673, "accuracy_std": 0.0, "precision": 0.0, "precision_std": 0.0, "recall": 0.0, "recall_std": 0.0, "f1": 0.0, "f1_std": 0.0, "auc": 0.44248, "auc_std": 0.0}
{"epoch": 62, "time_epoch": 2.96293, "time_epoch_std": 0.0, "eta": 109.50142, "eta_std": 0.0, "eta_hours": 0.03042, "eta_hours_std": 0.0, "loss": 0.67829, "loss_std": 0.0, "lr": 0.00032, "lr_std": 0.0, "params": 4849.0, "params_std": 0.0, "time_iter": 0.01008, "time_iter_std": 0.0, "accuracy": 0.58673, "accuracy_std": 0.0, "precision": 0.0, "precision_std": 0.0, "recall": 0.0, "recall_std": 0.0, "f1": 0.0, "f1_std": 0.0, "auc": 0.45328, "auc_std": 0.0}
{"epoch": 63, "time_epoch": 2.95138, "time_epoch_std": 0.0, "eta": 106.53735, "eta_std": 0.0, "eta_hours": 0.02959, "eta_hours_std": 0.0, "loss": 0.67824, "loss_std": 0.0, "lr": 0.0003, "lr_std": 0.0, "params": 4849.0, "params_std": 0.0, "time_iter": 0.01004, "time_iter_std": 0.0, "accuracy": 0.58673, "accuracy_std": 0.0, "precision": 0.0, "precision_std": 0.0, "recall": 0.0, "recall_std": 0.0, "f1": 0.0, "f1_std": 0.0, "auc": 0.46095, "auc_std": 0.0}
{"epoch": 64, "time_epoch": 2.9615, "time_epoch_std": 0.0, "eta": 103.57913, "eta_std": 0.0, "eta_hours": 0.02877, "eta_hours_std": 0.0, "loss": 0.6782, "loss_std": 0.0, "lr": 0.00029, "lr_std": 0.0, "params": 4849.0, "params_std": 0.0, "time_iter": 0.01007, "time_iter_std": 0.0, "accuracy": 0.58673, "accuracy_std": 0.0, "precision": 0.0, "precision_std": 0.0, "recall": 0.0, "recall_std": 0.0, "f1": 0.0, "f1_std": 0.0, "auc": 0.46318, "auc_std": 0.0}
{"epoch": 65, "time_epoch": 2.9696, "time_epoch_std": 0.0, "eta": 100.62498, "eta_std": 0.0, "eta_hours": 0.02795, "eta_hours_std": 0.0, "loss": 0.67819, "loss_std": 0.0, "lr": 0.00027, "lr_std": 0.0, "params": 4849.0, "params_std": 0.0, "time_iter": 0.0101, "time_iter_std": 0.0, "accuracy": 0.58673, "accuracy_std": 0.0, "precision": 0.0, "precision_std": 0.0, "recall": 0.0, "recall_std": 0.0, "f1": 0.0, "f1_std": 0.0, "auc": 0.45608, "auc_std": 0.0}
{"epoch": 66, "time_epoch": 2.96352, "time_epoch_std": 0.0, "eta": 97.66737, "eta_std": 0.0, "eta_hours": 0.02713, "eta_hours_std": 0.0, "loss": 0.67816, "loss_std": 0.0, "lr": 0.00026, "lr_std": 0.0, "params": 4849.0, "params_std": 0.0, "time_iter": 0.01008, "time_iter_std": 0.0, "accuracy": 0.58673, "accuracy_std": 0.0, "precision": 0.0, "precision_std": 0.0, "recall": 0.0, "recall_std": 0.0, "f1": 0.0, "f1_std": 0.0, "auc": 0.45297, "auc_std": 0.0}
{"epoch": 67, "time_epoch": 2.96969, "time_epoch_std": 0.0, "eta": 94.71249, "eta_std": 0.0, "eta_hours": 0.02631, "eta_hours_std": 0.0, "loss": 0.67825, "loss_std": 0.0, "lr": 0.00025, "lr_std": 0.0, "params": 4849.0, "params_std": 0.0, "time_iter": 0.0101, "time_iter_std": 0.0, "accuracy": 0.58673, "accuracy_std": 0.0, "precision": 0.0, "precision_std": 0.0, "recall": 0.0, "recall_std": 0.0, "f1": 0.0, "f1_std": 0.0, "auc": 0.47401, "auc_std": 0.0}
{"epoch": 68, "time_epoch": 2.97443, "time_epoch_std": 0.0, "eta": 91.75932, "eta_std": 0.0, "eta_hours": 0.02549, "eta_hours_std": 0.0, "loss": 0.67815, "loss_std": 0.0, "lr": 0.00023, "lr_std": 0.0, "params": 4849.0, "params_std": 0.0, "time_iter": 0.01012, "time_iter_std": 0.0, "accuracy": 0.58673, "accuracy_std": 0.0, "precision": 0.0, "precision_std": 0.0, "recall": 0.0, "recall_std": 0.0, "f1": 0.0, "f1_std": 0.0, "auc": 0.43742, "auc_std": 0.0}
{"epoch": 69, "time_epoch": 2.95907, "time_epoch_std": 0.0, "eta": 88.79895, "eta_std": 0.0, "eta_hours": 0.02467, "eta_hours_std": 0.0, "loss": 0.67814, "loss_std": 0.0, "lr": 0.00022, "lr_std": 0.0, "params": 4849.0, "params_std": 0.0, "time_iter": 0.01006, "time_iter_std": 0.0, "accuracy": 0.58673, "accuracy_std": 0.0, "precision": 0.0, "precision_std": 0.0, "recall": 0.0, "recall_std": 0.0, "f1": 0.0, "f1_std": 0.0, "auc": 0.45341, "auc_std": 0.0}
{"epoch": 70, "time_epoch": 3.06618, "time_epoch_std": 0.0, "eta": 85.88237, "eta_std": 0.0, "eta_hours": 0.02386, "eta_hours_std": 0.0, "loss": 0.67822, "loss_std": 0.0, "lr": 0.00021, "lr_std": 0.0, "params": 4849.0, "params_std": 0.0, "time_iter": 0.01043, "time_iter_std": 0.0, "accuracy": 0.58673, "accuracy_std": 0.0, "precision": 0.0, "precision_std": 0.0, "recall": 0.0, "recall_std": 0.0, "f1": 0.0, "f1_std": 0.0, "auc": 0.44886, "auc_std": 0.0}
{"epoch": 71, "time_epoch": 2.95313, "time_epoch_std": 0.0, "eta": 82.91767, "eta_std": 0.0, "eta_hours": 0.02303, "eta_hours_std": 0.0, "loss": 0.67815, "loss_std": 0.0, "lr": 0.00019, "lr_std": 0.0, "params": 4849.0, "params_std": 0.0, "time_iter": 0.01004, "time_iter_std": 0.0, "accuracy": 0.58673, "accuracy_std": 0.0, "precision": 0.0, "precision_std": 0.0, "recall": 0.0, "recall_std": 0.0, "f1": 0.0, "f1_std": 0.0, "auc": 0.45846, "auc_std": 0.0}
{"epoch": 72, "time_epoch": 2.97183, "time_epoch_std": 0.0, "eta": 79.9602, "eta_std": 0.0, "eta_hours": 0.02221, "eta_hours_std": 0.0, "loss": 0.67814, "loss_std": 0.0, "lr": 0.00018, "lr_std": 0.0, "params": 4849.0, "params_std": 0.0, "time_iter": 0.01011, "time_iter_std": 0.0, "accuracy": 0.58673, "accuracy_std": 0.0, "precision": 0.0, "precision_std": 0.0, "recall": 0.0, "recall_std": 0.0, "f1": 0.0, "f1_std": 0.0, "auc": 0.40536, "auc_std": 0.0}
{"epoch": 73, "time_epoch": 2.91721, "time_epoch_std": 0.0, "eta": 76.98316, "eta_std": 0.0, "eta_hours": 0.02138, "eta_hours_std": 0.0, "loss": 0.67811, "loss_std": 0.0, "lr": 0.00017, "lr_std": 0.0, "params": 4849.0, "params_std": 0.0, "time_iter": 0.00992, "time_iter_std": 0.0, "accuracy": 0.58673, "accuracy_std": 0.0, "precision": 0.0, "precision_std": 0.0, "recall": 0.0, "recall_std": 0.0, "f1": 0.0, "f1_std": 0.0, "auc": 0.46031, "auc_std": 0.0}
{"epoch": 74, "time_epoch": 2.96208, "time_epoch_std": 0.0, "eta": 74.02266, "eta_std": 0.0, "eta_hours": 0.02056, "eta_hours_std": 0.0, "loss": 0.67811, "loss_std": 0.0, "lr": 0.00016, "lr_std": 0.0, "params": 4849.0, "params_std": 0.0, "time_iter": 0.01008, "time_iter_std": 0.0, "accuracy": 0.58673, "accuracy_std": 0.0, "precision": 0.0, "precision_std": 0.0, "recall": 0.0, "recall_std": 0.0, "f1": 0.0, "f1_std": 0.0, "auc": 0.47554, "auc_std": 0.0}
{"epoch": 75, "time_epoch": 2.95811, "time_epoch_std": 0.0, "eta": 71.06087, "eta_std": 0.0, "eta_hours": 0.01974, "eta_hours_std": 0.0, "loss": 0.67812, "loss_std": 0.0, "lr": 0.00015, "lr_std": 0.0, "params": 4849.0, "params_std": 0.0, "time_iter": 0.01006, "time_iter_std": 0.0, "accuracy": 0.58673, "accuracy_std": 0.0, "precision": 0.0, "precision_std": 0.0, "recall": 0.0, "recall_std": 0.0, "f1": 0.0, "f1_std": 0.0, "auc": 0.44405, "auc_std": 0.0}
{"epoch": 76, "time_epoch": 2.94987, "time_epoch_std": 0.0, "eta": 68.09672, "eta_std": 0.0, "eta_hours": 0.01892, "eta_hours_std": 0.0, "loss": 0.67812, "loss_std": 0.0, "lr": 0.00014, "lr_std": 0.0, "params": 4849.0, "params_std": 0.0, "time_iter": 0.01003, "time_iter_std": 0.0, "accuracy": 0.58673, "accuracy_std": 0.0, "precision": 0.0, "precision_std": 0.0, "recall": 0.0, "recall_std": 0.0, "f1": 0.0, "f1_std": 0.0, "auc": 0.44276, "auc_std": 0.0}
{"epoch": 77, "time_epoch": 3.10861, "time_epoch_std": 0.0, "eta": 65.1777, "eta_std": 0.0, "eta_hours": 0.0181, "eta_hours_std": 0.0, "loss": 0.67808, "loss_std": 0.0, "lr": 0.00012, "lr_std": 0.0, "params": 4849.0, "params_std": 0.0, "time_iter": 0.01057, "time_iter_std": 0.0, "accuracy": 0.58673, "accuracy_std": 0.0, "precision": 0.0, "precision_std": 0.0, "recall": 0.0, "recall_std": 0.0, "f1": 0.0, "f1_std": 0.0, "auc": 0.45916, "auc_std": 0.0}
{"epoch": 78, "time_epoch": 3.11064, "time_epoch_std": 0.0, "eta": 62.25443, "eta_std": 0.0, "eta_hours": 0.01729, "eta_hours_std": 0.0, "loss": 0.67812, "loss_std": 0.0, "lr": 0.00011, "lr_std": 0.0, "params": 4849.0, "params_std": 0.0, "time_iter": 0.01058, "time_iter_std": 0.0, "accuracy": 0.58673, "accuracy_std": 0.0, "precision": 0.0, "precision_std": 0.0, "recall": 0.0, "recall_std": 0.0, "f1": 0.0, "f1_std": 0.0, "auc": 0.45199, "auc_std": 0.0}
{"epoch": 79, "time_epoch": 3.0921, "time_epoch_std": 0.0, "eta": 59.32183, "eta_std": 0.0, "eta_hours": 0.01648, "eta_hours_std": 0.0, "loss": 0.6781, "loss_std": 0.0, "lr": 0.0001, "lr_std": 0.0, "params": 4849.0, "params_std": 0.0, "time_iter": 0.01052, "time_iter_std": 0.0, "accuracy": 0.58673, "accuracy_std": 0.0, "precision": 0.0, "precision_std": 0.0, "recall": 0.0, "recall_std": 0.0, "f1": 0.0, "f1_std": 0.0, "auc": 0.4403, "auc_std": 0.0}
{"epoch": 80, "time_epoch": 3.10934, "time_epoch_std": 0.0, "eta": 56.38934, "eta_std": 0.0, "eta_hours": 0.01566, "eta_hours_std": 0.0, "loss": 0.67808, "loss_std": 0.0, "lr": 0.0001, "lr_std": 0.0, "params": 4849.0, "params_std": 0.0, "time_iter": 0.01058, "time_iter_std": 0.0, "accuracy": 0.58673, "accuracy_std": 0.0, "precision": 0.0, "precision_std": 0.0, "recall": 0.0, "recall_std": 0.0, "f1": 0.0, "f1_std": 0.0, "auc": 0.45234, "auc_std": 0.0}
{"epoch": 81, "time_epoch": 2.96904, "time_epoch_std": 0.0, "eta": 53.42174, "eta_std": 0.0, "eta_hours": 0.01484, "eta_hours_std": 0.0, "loss": 0.67808, "loss_std": 0.0, "lr": 9e-05, "lr_std": 0.0, "params": 4849.0, "params_std": 0.0, "time_iter": 0.0101, "time_iter_std": 0.0, "accuracy": 0.58673, "accuracy_std": 0.0, "precision": 0.0, "precision_std": 0.0, "recall": 0.0, "recall_std": 0.0, "f1": 0.0, "f1_std": 0.0, "auc": 0.432, "auc_std": 0.0}
{"epoch": 82, "time_epoch": 2.96609, "time_epoch_std": 0.0, "eta": 50.4535, "eta_std": 0.0, "eta_hours": 0.01401, "eta_hours_std": 0.0, "loss": 0.67807, "loss_std": 0.0, "lr": 8e-05, "lr_std": 0.0, "params": 4849.0, "params_std": 0.0, "time_iter": 0.01009, "time_iter_std": 0.0, "accuracy": 0.58673, "accuracy_std": 0.0, "precision": 0.0, "precision_std": 0.0, "recall": 0.0, "recall_std": 0.0, "f1": 0.0, "f1_std": 0.0, "auc": 0.45188, "auc_std": 0.0}
{"epoch": 83, "time_epoch": 2.96632, "time_epoch_std": 0.0, "eta": 47.48536, "eta_std": 0.0, "eta_hours": 0.01319, "eta_hours_std": 0.0, "loss": 0.67807, "loss_std": 0.0, "lr": 7e-05, "lr_std": 0.0, "params": 4849.0, "params_std": 0.0, "time_iter": 0.01009, "time_iter_std": 0.0, "accuracy": 0.58673, "accuracy_std": 0.0, "precision": 0.0, "precision_std": 0.0, "recall": 0.0, "recall_std": 0.0, "f1": 0.0, "f1_std": 0.0, "auc": 0.44239, "auc_std": 0.0}
{"epoch": 84, "time_epoch": 3.03736, "time_epoch_std": 0.0, "eta": 44.52979, "eta_std": 0.0, "eta_hours": 0.01237, "eta_hours_std": 0.0, "loss": 0.67808, "loss_std": 0.0, "lr": 6e-05, "lr_std": 0.0, "params": 4849.0, "params_std": 0.0, "time_iter": 0.01033, "time_iter_std": 0.0, "accuracy": 0.58673, "accuracy_std": 0.0, "precision": 0.0, "precision_std": 0.0, "recall": 0.0, "recall_std": 0.0, "f1": 0.0, "f1_std": 0.0, "auc": 0.45723, "auc_std": 0.0}
{"epoch": 85, "time_epoch": 2.93632, "time_epoch_std": 0.0, "eta": 41.55587, "eta_std": 0.0, "eta_hours": 0.01154, "eta_hours_std": 0.0, "loss": 0.67805, "loss_std": 0.0, "lr": 5e-05, "lr_std": 0.0, "params": 4849.0, "params_std": 0.0, "time_iter": 0.00999, "time_iter_std": 0.0, "accuracy": 0.58673, "accuracy_std": 0.0, "precision": 0.0, "precision_std": 0.0, "recall": 0.0, "recall_std": 0.0, "f1": 0.0, "f1_std": 0.0, "auc": 0.45637, "auc_std": 0.0}
{"epoch": 86, "time_epoch": 2.92771, "time_epoch_std": 0.0, "eta": 38.58154, "eta_std": 0.0, "eta_hours": 0.01072, "eta_hours_std": 0.0, "loss": 0.67807, "loss_std": 0.0, "lr": 5e-05, "lr_std": 0.0, "params": 4849.0, "params_std": 0.0, "time_iter": 0.00996, "time_iter_std": 0.0, "accuracy": 0.58673, "accuracy_std": 0.0, "precision": 0.0, "precision_std": 0.0, "recall": 0.0, "recall_std": 0.0, "f1": 0.0, "f1_std": 0.0, "auc": 0.46667, "auc_std": 0.0}
{"epoch": 87, "time_epoch": 2.92184, "time_epoch_std": 0.0, "eta": 35.60746, "eta_std": 0.0, "eta_hours": 0.00989, "eta_hours_std": 0.0, "loss": 0.67806, "loss_std": 0.0, "lr": 4e-05, "lr_std": 0.0, "params": 4849.0, "params_std": 0.0, "time_iter": 0.00994, "time_iter_std": 0.0, "accuracy": 0.58673, "accuracy_std": 0.0, "precision": 0.0, "precision_std": 0.0, "recall": 0.0, "recall_std": 0.0, "f1": 0.0, "f1_std": 0.0, "auc": 0.45886, "auc_std": 0.0}
{"epoch": 88, "time_epoch": 2.92758, "time_epoch_std": 0.0, "eta": 32.63526, "eta_std": 0.0, "eta_hours": 0.00907, "eta_hours_std": 0.0, "loss": 0.67804, "loss_std": 0.0, "lr": 4e-05, "lr_std": 0.0, "params": 4849.0, "params_std": 0.0, "time_iter": 0.00996, "time_iter_std": 0.0, "accuracy": 0.58673, "accuracy_std": 0.0, "precision": 0.0, "precision_std": 0.0, "recall": 0.0, "recall_std": 0.0, "f1": 0.0, "f1_std": 0.0, "auc": 0.45269, "auc_std": 0.0}
{"epoch": 89, "time_epoch": 2.93986, "time_epoch_std": 0.0, "eta": 29.66542, "eta_std": 0.0, "eta_hours": 0.00824, "eta_hours_std": 0.0, "loss": 0.67805, "loss_std": 0.0, "lr": 3e-05, "lr_std": 0.0, "params": 4849.0, "params_std": 0.0, "time_iter": 0.01, "time_iter_std": 0.0, "accuracy": 0.58673, "accuracy_std": 0.0, "precision": 0.0, "precision_std": 0.0, "recall": 0.0, "recall_std": 0.0, "f1": 0.0, "f1_std": 0.0, "auc": 0.4466, "auc_std": 0.0}
{"epoch": 90, "time_epoch": 2.9413, "time_epoch_std": 0.0, "eta": 26.69638, "eta_std": 0.0, "eta_hours": 0.00742, "eta_hours_std": 0.0, "loss": 0.67804, "loss_std": 0.0, "lr": 2e-05, "lr_std": 0.0, "params": 4849.0, "params_std": 0.0, "time_iter": 0.01, "time_iter_std": 0.0, "accuracy": 0.58673, "accuracy_std": 0.0, "precision": 0.0, "precision_std": 0.0, "recall": 0.0, "recall_std": 0.0, "f1": 0.0, "f1_std": 0.0, "auc": 0.45575, "auc_std": 0.0}
{"epoch": 91, "time_epoch": 2.88951, "time_epoch_std": 0.0, "eta": 23.72344, "eta_std": 0.0, "eta_hours": 0.00659, "eta_hours_std": 0.0, "loss": 0.67804, "loss_std": 0.0, "lr": 2e-05, "lr_std": 0.0, "params": 4849.0, "params_std": 0.0, "time_iter": 0.00983, "time_iter_std": 0.0, "accuracy": 0.58673, "accuracy_std": 0.0, "precision": 0.0, "precision_std": 0.0, "recall": 0.0, "recall_std": 0.0, "f1": 0.0, "f1_std": 0.0, "auc": 0.44329, "auc_std": 0.0}
{"epoch": 92, "time_epoch": 2.85409, "time_epoch_std": 0.0, "eta": 20.74963, "eta_std": 0.0, "eta_hours": 0.00576, "eta_hours_std": 0.0, "loss": 0.67803, "loss_std": 0.0, "lr": 2e-05, "lr_std": 0.0, "params": 4849.0, "params_std": 0.0, "time_iter": 0.00971, "time_iter_std": 0.0, "accuracy": 0.58673, "accuracy_std": 0.0, "precision": 0.0, "precision_std": 0.0, "recall": 0.0, "recall_std": 0.0, "f1": 0.0, "f1_std": 0.0, "auc": 0.45699, "auc_std": 0.0}
{"epoch": 93, "time_epoch": 2.92939, "time_epoch_std": 0.0, "eta": 17.78318, "eta_std": 0.0, "eta_hours": 0.00494, "eta_hours_std": 0.0, "loss": 0.67803, "loss_std": 0.0, "lr": 1e-05, "lr_std": 0.0, "params": 4849.0, "params_std": 0.0, "time_iter": 0.00996, "time_iter_std": 0.0, "accuracy": 0.58673, "accuracy_std": 0.0, "precision": 0.0, "precision_std": 0.0, "recall": 0.0, "recall_std": 0.0, "f1": 0.0, "f1_std": 0.0, "auc": 0.45907, "auc_std": 0.0}
{"epoch": 94, "time_epoch": 2.92104, "time_epoch_std": 0.0, "eta": 14.81706, "eta_std": 0.0, "eta_hours": 0.00412, "eta_hours_std": 0.0, "loss": 0.67803, "loss_std": 0.0, "lr": 1e-05, "lr_std": 0.0, "params": 4849.0, "params_std": 0.0, "time_iter": 0.00994, "time_iter_std": 0.0, "accuracy": 0.58673, "accuracy_std": 0.0, "precision": 0.0, "precision_std": 0.0, "recall": 0.0, "recall_std": 0.0, "f1": 0.0, "f1_std": 0.0, "auc": 0.44567, "auc_std": 0.0}
{"epoch": 95, "time_epoch": 2.96617, "time_epoch_std": 0.0, "eta": 11.85376, "eta_std": 0.0, "eta_hours": 0.00329, "eta_hours_std": 0.0, "loss": 0.67803, "loss_std": 0.0, "lr": 1e-05, "lr_std": 0.0, "params": 4849.0, "params_std": 0.0, "time_iter": 0.01009, "time_iter_std": 0.0, "accuracy": 0.58673, "accuracy_std": 0.0, "precision": 0.0, "precision_std": 0.0, "recall": 0.0, "recall_std": 0.0, "f1": 0.0, "f1_std": 0.0, "auc": 0.45669, "auc_std": 0.0}
{"epoch": 96, "time_epoch": 2.91098, "time_epoch_std": 0.0, "eta": 8.8887, "eta_std": 0.0, "eta_hours": 0.00247, "eta_hours_std": 0.0, "loss": 0.67803, "loss_std": 0.0, "lr": 0.0, "lr_std": 0.0, "params": 4849.0, "params_std": 0.0, "time_iter": 0.0099, "time_iter_std": 0.0, "accuracy": 0.58673, "accuracy_std": 0.0, "precision": 0.0, "precision_std": 0.0, "recall": 0.0, "recall_std": 0.0, "f1": 0.0, "f1_std": 0.0, "auc": 0.42896, "auc_std": 0.0}
{"epoch": 97, "time_epoch": 2.96332, "time_epoch_std": 0.0, "eta": 5.92581, "eta_std": 0.0, "eta_hours": 0.00165, "eta_hours_std": 0.0, "loss": 0.67803, "loss_std": 0.0, "lr": 0.0, "lr_std": 0.0, "params": 4849.0, "params_std": 0.0, "time_iter": 0.01008, "time_iter_std": 0.0, "accuracy": 0.58673, "accuracy_std": 0.0, "precision": 0.0, "precision_std": 0.0, "recall": 0.0, "recall_std": 0.0, "f1": 0.0, "f1_std": 0.0, "auc": 0.44622, "auc_std": 0.0}
{"epoch": 98, "time_epoch": 2.92748, "time_epoch_std": 0.0, "eta": 2.96255, "eta_std": 0.0, "eta_hours": 0.00082, "eta_hours_std": 0.0, "loss": 0.67803, "loss_std": 0.0, "lr": 0.0, "lr_std": 0.0, "params": 4849.0, "params_std": 0.0, "time_iter": 0.00996, "time_iter_std": 0.0, "accuracy": 0.58673, "accuracy_std": 0.0, "precision": 0.0, "precision_std": 0.0, "recall": 0.0, "recall_std": 0.0, "f1": 0.0, "f1_std": 0.0, "auc": 0.45715, "auc_std": 0.0}
{"epoch": 99, "time_epoch": 2.95906, "time_epoch_std": 0.0, "eta": 0.0, "eta_std": 0.0, "eta_hours": 0.0, "eta_hours_std": 0.0, "loss": 0.67803, "loss_std": 0.0, "lr": 0.0, "lr_std": 0.0, "params": 4849.0, "params_std": 0.0, "time_iter": 0.01006, "time_iter_std": 0.0, "accuracy": 0.58673, "accuracy_std": 0.0, "precision": 0.0, "precision_std": 0.0, "recall": 0.0, "recall_std": 0.0, "f1": 0.0, "f1_std": 0.0, "auc": 0.44273, "auc_std": 0.0}
