{"epoch": 0, "time_epoch": 6.53733, "eta": 647.19547, "eta_hours": 0.17978, "loss": 0.69442391, "lr": 0.001, "params": 8313, "time_iter": 0.5943, "accuracy": 0.52381, "precision": 0.0, "recall": 0.0, "f1": 0.0, "auc": 0.37045}
{"epoch": 1, "time_epoch": 7.90359, "eta": 707.60481, "eta_hours": 0.19656, "loss": 0.69316277, "lr": 0.00099975, "params": 8313, "time_iter": 0.71851, "accuracy": 0.52381, "precision": 0.0, "recall": 0.0, "f1": 0.0, "auc": 0.41591}
{"epoch": 2, "time_epoch": 0.69589, "eta": 489.42326, "eta_hours": 0.13595, "loss": 0.69258537, "lr": 0.00099901, "params": 8313, "time_iter": 0.06326, "accuracy": 0.52381, "precision": 0.0, "recall": 0.0, "f1": 0.0, "auc": 0.55682}
{"epoch": 3, "time_epoch": 0.76108, "eta": 381.54921, "eta_hours": 0.10599, "loss": 0.69349007, "lr": 0.00099778, "params": 8313, "time_iter": 0.06919, "accuracy": 0.52381, "precision": 0.0, "recall": 0.0, "f1": 0.0, "auc": 0.46136}
{"epoch": 4, "time_epoch": 0.76267, "eta": 316.55043, "eta_hours": 0.08793, "loss": 0.69203992, "lr": 0.00099606, "params": 8313, "time_iter": 0.06933, "accuracy": 0.52381, "precision": 0.0, "recall": 0.0, "f1": 0.0, "auc": 0.60682}
{"epoch": 5, "time_epoch": 0.77375, "eta": 273.13731, "eta_hours": 0.07587, "loss": 0.691181, "lr": 0.00099384, "params": 8313, "time_iter": 0.07034, "accuracy": 0.52381, "precision": 0.0, "recall": 0.0, "f1": 0.0, "auc": 0.61818}
{"epoch": 6, "time_epoch": 0.76641, "eta": 241.80938, "eta_hours": 0.06717, "loss": 0.68935199, "lr": 0.00099114, "params": 8313, "time_iter": 0.06967, "accuracy": 0.52381, "precision": 0.0, "recall": 0.0, "f1": 0.0, "auc": 0.66136}
{"epoch": 7, "time_epoch": 0.76524, "eta": 218.10835, "eta_hours": 0.06059, "loss": 0.68521766, "lr": 0.00098796, "params": 8313, "time_iter": 0.06957, "accuracy": 0.52381, "precision": 0.0, "recall": 0.0, "f1": 0.0, "auc": 0.74318}
{"epoch": 8, "time_epoch": 0.76607, "eta": 199.51263, "eta_hours": 0.05542, "loss": 0.67912366, "lr": 0.00098429, "params": 8313, "time_iter": 0.06964, "accuracy": 0.52381, "precision": 0.0, "recall": 0.0, "f1": 0.0, "auc": 0.80227}
{"epoch": 9, "time_epoch": 0.76646, "eta": 184.48633, "eta_hours": 0.05125, "loss": 0.6676721, "lr": 0.00098015, "params": 8313, "time_iter": 0.06968, "accuracy": 0.61905, "precision": 1.0, "recall": 0.2, "f1": 0.33333, "auc": 0.825}
{"epoch": 10, "time_epoch": 0.78278, "eta": 172.18472, "eta_hours": 0.04783, "loss": 0.64754608, "lr": 0.00097553, "params": 8313, "time_iter": 0.07116, "accuracy": 0.69048, "precision": 0.76923, "recall": 0.5, "f1": 0.60606, "auc": 0.82727}
{"epoch": 11, "time_epoch": 0.76934, "eta": 161.70436, "eta_hours": 0.04492, "loss": 0.59918098, "lr": 0.00097044, "params": 8313, "time_iter": 0.06994, "accuracy": 0.7381, "precision": 0.84615, "recall": 0.55, "f1": 0.66667, "auc": 0.89091}
{"epoch": 12, "time_epoch": 0.77088, "eta": 152.72836, "eta_hours": 0.04242, "loss": 0.58705615, "lr": 0.00096489, "params": 8313, "time_iter": 0.07008, "accuracy": 0.7619, "precision": 0.77778, "recall": 0.7, "f1": 0.73684, "auc": 0.84545}
{"epoch": 13, "time_epoch": 0.76183, "eta": 144.86887, "eta_hours": 0.04024, "loss": 0.54035799, "lr": 0.00095888, "params": 8313, "time_iter": 0.06926, "accuracy": 0.80952, "precision": 0.83333, "recall": 0.75, "f1": 0.78947, "auc": 0.86136}
{"epoch": 14, "time_epoch": 0.76489, "eta": 137.97312, "eta_hours": 0.03833, "loss": 0.48629324, "lr": 0.00095241, "params": 8313, "time_iter": 0.06954, "accuracy": 0.80952, "precision": 0.83333, "recall": 0.75, "f1": 0.78947, "auc": 0.88864}
{"epoch": 15, "time_epoch": 0.78248, "eta": 131.93607, "eta_hours": 0.03665, "loss": 0.43760622, "lr": 0.0009455, "params": 8313, "time_iter": 0.07113, "accuracy": 0.85714, "precision": 0.88889, "recall": 0.8, "f1": 0.84211, "auc": 0.91591}
{"epoch": 16, "time_epoch": 0.77185, "eta": 126.46529, "eta_hours": 0.03513, "loss": 0.34847624, "lr": 0.00093815, "params": 8313, "time_iter": 0.07017, "accuracy": 0.92857, "precision": 0.94737, "recall": 0.9, "f1": 0.92308, "auc": 0.94091}
{"epoch": 17, "time_epoch": 0.77154, "eta": 121.51522, "eta_hours": 0.03375, "loss": 0.32274314, "lr": 0.00093037, "params": 8313, "time_iter": 0.07014, "accuracy": 0.90476, "precision": 0.94444, "recall": 0.85, "f1": 0.89474, "auc": 0.94773}
{"epoch": 18, "time_epoch": 0.76557, "eta": 116.97954, "eta_hours": 0.03249, "loss": 0.40833492, "lr": 0.00092216, "params": 8313, "time_iter": 0.0696, "accuracy": 0.83333, "precision": 0.80952, "recall": 0.85, "f1": 0.82927, "auc": 0.89318}
{"epoch": 19, "time_epoch": 0.77579, "eta": 112.86174, "eta_hours": 0.03135, "loss": 0.28508365, "lr": 0.00091354, "params": 8313, "time_iter": 0.07053, "accuracy": 0.90476, "precision": 0.94444, "recall": 0.85, "f1": 0.89474, "auc": 0.95455}
{"epoch": 20, "time_epoch": 0.76329, "eta": 109.0152, "eta_hours": 0.03028, "loss": 0.37847392, "lr": 0.00090451, "params": 8313, "time_iter": 0.06939, "accuracy": 0.83333, "precision": 0.84211, "recall": 0.8, "f1": 0.82051, "auc": 0.91818}
{"epoch": 21, "time_epoch": 0.77895, "eta": 105.50449, "eta_hours": 0.02931, "loss": 0.22487402, "lr": 0.00089508, "params": 8313, "time_iter": 0.07081, "accuracy": 0.95238, "precision": 0.95, "recall": 0.95, "f1": 0.95, "auc": 0.97045}
{"epoch": 22, "time_epoch": 0.77369, "eta": 102.21373, "eta_hours": 0.02839, "loss": 0.28289526, "lr": 0.00088526, "params": 8313, "time_iter": 0.07034, "accuracy": 0.88095, "precision": 0.85714, "recall": 0.9, "f1": 0.87805, "auc": 0.94773}
{"epoch": 23, "time_epoch": 0.77731, "eta": 99.14415, "eta_hours": 0.02754, "loss": 0.16811911, "lr": 0.00087506, "params": 8313, "time_iter": 0.07066, "accuracy": 0.92857, "precision": 0.94737, "recall": 0.9, "f1": 0.92308, "auc": 0.98864}
{"epoch": 24, "time_epoch": 0.78206, "eta": 96.2722, "eta_hours": 0.02674, "loss": 0.12830835, "lr": 0.00086448, "params": 8313, "time_iter": 0.0711, "accuracy": 0.95238, "precision": 0.95, "recall": 0.95, "f1": 0.95, "auc": 0.99318}
{"epoch": 25, "time_epoch": 0.766, "eta": 93.51533, "eta_hours": 0.02598, "loss": 0.23914451, "lr": 0.00085355, "params": 8313, "time_iter": 0.06964, "accuracy": 0.90476, "precision": 0.9, "recall": 0.9, "f1": 0.9, "auc": 0.96364}
{"epoch": 26, "time_epoch": 0.7678, "eta": 90.91078, "eta_hours": 0.02525, "loss": 0.18435993, "lr": 0.00084227, "params": 8313, "time_iter": 0.0698, "accuracy": 0.92857, "precision": 0.90476, "recall": 0.95, "f1": 0.92683, "auc": 0.97955}
{"epoch": 27, "time_epoch": 0.76654, "eta": 88.4342, "eta_hours": 0.02457, "loss": 0.27014198, "lr": 0.00083066, "params": 8313, "time_iter": 0.06969, "accuracy": 0.85714, "precision": 0.81818, "recall": 0.9, "f1": 0.85714, "auc": 0.95909}
{"epoch": 28, "time_epoch": 0.7659, "eta": 86.07399, "eta_hours": 0.02391, "loss": 0.31894198, "lr": 0.00081871, "params": 8313, "time_iter": 0.06963, "accuracy": 0.90476, "precision": 0.94444, "recall": 0.85, "f1": 0.89474, "auc": 0.91818}
{"epoch": 29, "time_epoch": 0.77549, "eta": 83.84243, "eta_hours": 0.02329, "loss": 0.1697162, "lr": 0.00080645, "params": 8313, "time_iter": 0.0705, "accuracy": 0.92857, "precision": 0.94737, "recall": 0.9, "f1": 0.92308, "auc": 0.98864}
{"epoch": 30, "time_epoch": 0.78296, "eta": 81.72145, "eta_hours": 0.0227, "loss": 0.13171334, "lr": 0.00079389, "params": 8313, "time_iter": 0.07118, "accuracy": 0.92857, "precision": 0.90476, "recall": 0.95, "f1": 0.92683, "auc": 0.98864}
{"epoch": 31, "time_epoch": 0.77355, "eta": 79.66409, "eta_hours": 0.02213, "loss": 0.20858363, "lr": 0.00078104, "params": 8313, "time_iter": 0.07032, "accuracy": 0.88095, "precision": 0.8, "recall": 1.0, "f1": 0.88889, "auc": 0.98409}
{"epoch": 32, "time_epoch": 0.78069, "eta": 77.69904, "eta_hours": 0.02158, "loss": 0.13073472, "lr": 0.00076791, "params": 8313, "time_iter": 0.07097, "accuracy": 0.97619, "precision": 1.0, "recall": 0.95, "f1": 0.97436, "auc": 0.99318}
{"epoch": 33, "time_epoch": 0.78551, "eta": 75.81301, "eta_hours": 0.02106, "loss": 0.06415227, "lr": 0.00075452, "params": 8313, "time_iter": 0.07141, "accuracy": 0.97619, "precision": 0.95238, "recall": 1.0, "f1": 0.97561, "auc": 1.0}
{"epoch": 34, "time_epoch": 0.77077, "eta": 73.96249, "eta_hours": 0.02055, "loss": 0.14676715, "lr": 0.00074088, "params": 8313, "time_iter": 0.07007, "accuracy": 0.95238, "precision": 0.95, "recall": 0.95, "f1": 0.95, "auc": 0.98864}
{"epoch": 35, "time_epoch": 0.7764, "eta": 72.18198, "eta_hours": 0.02005, "loss": 0.16505531, "lr": 0.000727, "params": 8313, "time_iter": 0.07058, "accuracy": 0.92857, "precision": 0.94737, "recall": 0.9, "f1": 0.92308, "auc": 0.98182}
{"epoch": 36, "time_epoch": 0.78014, "eta": 70.46209, "eta_hours": 0.01957, "loss": 0.07775397, "lr": 0.00071289, "params": 8313, "time_iter": 0.07092, "accuracy": 1.0, "precision": 1.0, "recall": 1.0, "f1": 1.0, "auc": 1.0}
{"epoch": 37, "time_epoch": 0.76764, "eta": 68.77128, "eta_hours": 0.0191, "loss": 0.14876605, "lr": 0.00069857, "params": 8313, "time_iter": 0.06979, "accuracy": 0.92857, "precision": 0.90476, "recall": 0.95, "f1": 0.92683, "auc": 0.98636}
{"epoch": 38, "time_epoch": 0.78269, "eta": 67.15135, "eta_hours": 0.01865, "loss": 0.18267428, "lr": 0.00068406, "params": 8313, "time_iter": 0.07115, "accuracy": 0.92857, "precision": 0.90476, "recall": 0.95, "f1": 0.92683, "auc": 0.99091}
{"epoch": 39, "time_epoch": 0.78628, "eta": 65.57867, "eta_hours": 0.01822, "loss": 0.23654452, "lr": 0.00066937, "params": 8313, "time_iter": 0.07148, "accuracy": 0.88095, "precision": 0.85714, "recall": 0.9, "f1": 0.87805, "auc": 0.96818}
{"epoch": 40, "time_epoch": 0.78678, "eta": 64.04507, "eta_hours": 0.01779, "loss": 0.31378697, "lr": 0.00065451, "params": 8313, "time_iter": 0.07153, "accuracy": 0.88095, "precision": 0.85714, "recall": 0.9, "f1": 0.87805, "auc": 0.95455}
{"epoch": 41, "time_epoch": 0.77629, "eta": 62.53254, "eta_hours": 0.01737, "loss": 0.27319544, "lr": 0.0006395, "params": 8313, "time_iter": 0.07057, "accuracy": 0.88095, "precision": 0.82609, "recall": 0.95, "f1": 0.88372, "auc": 0.95455}
{"epoch": 42, "time_epoch": 0.77521, "eta": 61.05283, "eta_hours": 0.01696, "loss": 0.03822278, "lr": 0.00062434, "params": 8313, "time_iter": 0.07047, "accuracy": 1.0, "precision": 1.0, "recall": 1.0, "f1": 1.0, "auc": 1.0}
{"epoch": 43, "time_epoch": 0.77381, "eta": 59.60335, "eta_hours": 0.01656, "loss": 0.0193956, "lr": 0.00060907, "params": 8313, "time_iter": 0.07035, "accuracy": 1.0, "precision": 1.0, "recall": 1.0, "f1": 1.0, "auc": 1.0}
{"epoch": 44, "time_epoch": 0.7751, "eta": 58.18548, "eta_hours": 0.01616, "loss": 0.2105088, "lr": 0.00059369, "params": 8313, "time_iter": 0.07046, "accuracy": 0.90476, "precision": 0.9, "recall": 0.9, "f1": 0.9, "auc": 0.97045}
{"epoch": 45, "time_epoch": 0.78157, "eta": 56.80316, "eta_hours": 0.01578, "loss": 0.07178496, "lr": 0.00057822, "params": 8313, "time_iter": 0.07105, "accuracy": 0.97619, "precision": 0.95238, "recall": 1.0, "f1": 0.97561, "auc": 1.0}
{"epoch": 46, "time_epoch": 0.7816, "eta": 55.44644, "eta_hours": 0.0154, "loss": 0.17767681, "lr": 0.00056267, "params": 8313, "time_iter": 0.07105, "accuracy": 0.92857, "precision": 0.86957, "recall": 1.0, "f1": 0.93023, "auc": 0.99091}
{"epoch": 47, "time_epoch": 0.78142, "eta": 54.11348, "eta_hours": 0.01503, "loss": 0.09744432, "lr": 0.00054705, "params": 8313, "time_iter": 0.07104, "accuracy": 0.95238, "precision": 0.95, "recall": 0.95, "f1": 0.95, "auc": 0.99318}
{"epoch": 48, "time_epoch": 0.7865, "eta": 52.80832, "eta_hours": 0.01467, "loss": 0.09306636, "lr": 0.0005314, "params": 8313, "time_iter": 0.0715, "accuracy": 0.95238, "precision": 0.90909, "recall": 1.0, "f1": 0.95238, "auc": 1.0}
{"epoch": 49, "time_epoch": 0.77039, "eta": 51.50779, "eta_hours": 0.01431, "loss": 0.27464842, "lr": 0.00051571, "params": 8313, "time_iter": 0.07004, "accuracy": 0.90476, "precision": 0.9, "recall": 0.9, "f1": 0.9, "auc": 0.96818}
{"epoch": 50, "time_epoch": 0.77231, "eta": 50.2299, "eta_hours": 0.01395, "loss": 0.28411562, "lr": 0.0005, "params": 8313, "time_iter": 0.07021, "accuracy": 0.90476, "precision": 0.9, "recall": 0.9, "f1": 0.9, "auc": 0.95909}
{"epoch": 51, "time_epoch": 0.77487, "eta": 48.97382, "eta_hours": 0.0136, "loss": 0.03155395, "lr": 0.00048429, "params": 8313, "time_iter": 0.07044, "accuracy": 1.0, "precision": 1.0, "recall": 1.0, "f1": 1.0, "auc": 1.0}
{"epoch": 52, "time_epoch": 0.77326, "eta": 47.73447, "eta_hours": 0.01326, "loss": 0.05720526, "lr": 0.0004686, "params": 8313, "time_iter": 0.0703, "accuracy": 0.97619, "precision": 0.95238, "recall": 1.0, "f1": 0.97561, "auc": 1.0}
{"epoch": 53, "time_epoch": 0.78695, "eta": 46.52404, "eta_hours": 0.01292, "loss": 0.10318403, "lr": 0.00045295, "params": 8313, "time_iter": 0.07154, "accuracy": 0.97619, "precision": 1.0, "recall": 0.95, "f1": 0.97436, "auc": 0.99318}
{"epoch": 54, "time_epoch": 0.78422, "eta": 45.32677, "eta_hours": 0.01259, "loss": 0.06426827, "lr": 0.00043733, "params": 8313, "time_iter": 0.07129, "accuracy": 0.97619, "precision": 1.0, "recall": 0.95, "f1": 0.97436, "auc": 0.99773}
{"epoch": 55, "time_epoch": 0.78302, "eta": 44.14332, "eta_hours": 0.01226, "loss": 0.06508593, "lr": 0.00042178, "params": 8313, "time_iter": 0.07118, "accuracy": 0.97619, "precision": 0.95238, "recall": 1.0, "f1": 0.97561, "auc": 1.0}
{"epoch": 56, "time_epoch": 0.78664, "eta": 42.97665, "eta_hours": 0.01194, "loss": 0.31331416, "lr": 0.00040631, "params": 8313, "time_iter": 0.07151, "accuracy": 0.85714, "precision": 0.81818, "recall": 0.9, "f1": 0.85714, "auc": 0.95}
{"epoch": 57, "time_epoch": 0.77843, "eta": 41.81714, "eta_hours": 0.01162, "loss": 0.16911736, "lr": 0.00039093, "params": 8313, "time_iter": 0.07077, "accuracy": 0.90476, "precision": 0.86364, "recall": 0.95, "f1": 0.90476, "auc": 0.98409}
{"epoch": 58, "time_epoch": 0.78747, "eta": 40.67683, "eta_hours": 0.0113, "loss": 0.21540111, "lr": 0.00037566, "params": 8313, "time_iter": 0.07159, "accuracy": 0.90476, "precision": 0.86364, "recall": 0.95, "f1": 0.90476, "auc": 0.98182}
{"epoch": 59, "time_epoch": 0.78246, "eta": 39.54494, "eta_hours": 0.01098, "loss": 0.27708282, "lr": 0.0003605, "params": 8313, "time_iter": 0.07113, "accuracy": 0.88095, "precision": 0.89474, "recall": 0.85, "f1": 0.87179, "auc": 0.96364}
{"epoch": 60, "time_epoch": 0.76882, "eta": 38.41579, "eta_hours": 0.01067, "loss": 0.36433071, "lr": 0.00034549, "params": 8313, "time_iter": 0.06989, "accuracy": 0.83333, "precision": 0.84211, "recall": 0.8, "f1": 0.82051, "auc": 0.91818}
{"epoch": 61, "time_epoch": 0.77718, "eta": 37.30338, "eta_hours": 0.01036, "loss": 0.30150542, "lr": 0.00033063, "params": 8313, "time_iter": 0.07065, "accuracy": 0.88095, "precision": 0.89474, "recall": 0.85, "f1": 0.87179, "auc": 0.96364}
{"epoch": 62, "time_epoch": 0.77249, "eta": 36.19886, "eta_hours": 0.01006, "loss": 0.1484161, "lr": 0.00031594, "params": 8313, "time_iter": 0.07023, "accuracy": 0.92857, "precision": 0.90476, "recall": 0.95, "f1": 0.92683, "auc": 0.99091}
{"epoch": 63, "time_epoch": 0.77809, "eta": 35.10787, "eta_hours": 0.00975, "loss": 0.14058373, "lr": 0.00030143, "params": 8313, "time_iter": 0.07074, "accuracy": 0.95238, "precision": 1.0, "recall": 0.9, "f1": 0.94737, "auc": 0.98636}
{"epoch": 64, "time_epoch": 0.78186, "eta": 34.02853, "eta_hours": 0.00945, "loss": 0.07406445, "lr": 0.00028711, "params": 8313, "time_iter": 0.07108, "accuracy": 0.97619, "precision": 0.95238, "recall": 1.0, "f1": 0.97561, "auc": 1.0}
{"epoch": 65, "time_epoch": 0.78521, "eta": 32.95994, "eta_hours": 0.00916, "loss": 0.25313035, "lr": 0.000273, "params": 8313, "time_iter": 0.07138, "accuracy": 0.90476, "precision": 0.9, "recall": 0.9, "f1": 0.9, "auc": 0.95909}
{"epoch": 66, "time_epoch": 0.77709, "eta": 31.8958, "eta_hours": 0.00886, "loss": 0.25213277, "lr": 0.00025912, "params": 8313, "time_iter": 0.07064, "accuracy": 0.92857, "precision": 0.94737, "recall": 0.9, "f1": 0.92308, "auc": 0.97955}
{"epoch": 67, "time_epoch": 0.78058, "eta": 30.84175, "eta_hours": 0.00857, "loss": 0.13505241, "lr": 0.00024548, "params": 8313, "time_iter": 0.07096, "accuracy": 0.90476, "precision": 0.83333, "recall": 1.0, "f1": 0.90909, "auc": 0.99773}
{"epoch": 68, "time_epoch": 0.79687, "eta": 29.80295, "eta_hours": 0.00828, "loss": 0.38152599, "lr": 0.00023209, "params": 8313, "time_iter": 0.07244, "accuracy": 0.90476, "precision": 0.94444, "recall": 0.85, "f1": 0.89474, "auc": 0.95}
{"epoch": 69, "time_epoch": 0.78211, "eta": 28.76473, "eta_hours": 0.00799, "loss": 0.04396863, "lr": 0.00021896, "params": 8313, "time_iter": 0.0711, "accuracy": 0.97619, "precision": 0.95238, "recall": 1.0, "f1": 0.97561, "auc": 1.0}
{"epoch": 70, "time_epoch": 0.83188, "eta": 27.75405, "eta_hours": 0.00771, "loss": 0.02662952, "lr": 0.00020611, "params": 8313, "time_iter": 0.07563, "accuracy": 1.0, "precision": 1.0, "recall": 1.0, "f1": 1.0, "auc": 1.0}
{"epoch": 71, "time_epoch": 0.80587, "eta": 26.73823, "eta_hours": 0.00743, "loss": 0.03320925, "lr": 0.00019355, "params": 8313, "time_iter": 0.07326, "accuracy": 1.0, "precision": 1.0, "recall": 1.0, "f1": 1.0, "auc": 1.0}
{"epoch": 72, "time_epoch": 0.80897, "eta": 25.72931, "eta_hours": 0.00715, "loss": 0.01196902, "lr": 0.00018129, "params": 8313, "time_iter": 0.07354, "accuracy": 1.0, "precision": 1.0, "recall": 1.0, "f1": 1.0, "auc": 1.0}
{"epoch": 73, "time_epoch": 0.64258, "eta": 24.66732, "eta_hours": 0.00685, "loss": 0.17927811, "lr": 0.00016934, "params": 8313, "time_iter": 0.05842, "accuracy": 0.85714, "precision": 0.88889, "recall": 0.8, "f1": 0.84211, "auc": 0.97727}
{"epoch": 74, "time_epoch": 0.6251, "eta": 23.6107, "eta_hours": 0.00656, "loss": 0.03136286, "lr": 0.00015773, "params": 8313, "time_iter": 0.05683, "accuracy": 1.0, "precision": 1.0, "recall": 1.0, "f1": 1.0, "auc": 1.0}
{"epoch": 75, "time_epoch": 0.61832, "eta": 22.56329, "eta_hours": 0.00627, "loss": 0.05607221, "lr": 0.00014645, "params": 8313, "time_iter": 0.05621, "accuracy": 0.97619, "precision": 0.95238, "recall": 1.0, "f1": 0.97561, "auc": 1.0}
{"epoch": 76, "time_epoch": 0.63012, "eta": 21.53055, "eta_hours": 0.00598, "loss": 0.05306661, "lr": 0.00013552, "params": 8313, "time_iter": 0.05728, "accuracy": 0.97619, "precision": 1.0, "recall": 0.95, "f1": 0.97436, "auc": 1.0}
{"epoch": 77, "time_epoch": 0.60818, "eta": 20.50195, "eta_hours": 0.00569, "loss": 0.20802624, "lr": 0.00012494, "params": 8313, "time_iter": 0.05529, "accuracy": 0.88095, "precision": 0.82609, "recall": 0.95, "f1": 0.88372, "auc": 0.98409}
{"epoch": 78, "time_epoch": 0.65989, "eta": 19.49773, "eta_hours": 0.00542, "loss": 0.26236896, "lr": 0.00011474, "params": 8313, "time_iter": 0.05999, "accuracy": 0.85714, "precision": 0.81818, "recall": 0.9, "f1": 0.85714, "auc": 0.96136}
{"epoch": 79, "time_epoch": 0.66383, "eta": 18.50311, "eta_hours": 0.00514, "loss": 0.12662266, "lr": 0.00010492, "params": 8313, "time_iter": 0.06035, "accuracy": 0.95238, "precision": 0.95, "recall": 0.95, "f1": 0.95, "auc": 0.99545}
{"epoch": 80, "time_epoch": 0.66742, "eta": 17.5175, "eta_hours": 0.00487, "loss": 0.17818038, "lr": 9.549e-05, "params": 8313, "time_iter": 0.06067, "accuracy": 0.92857, "precision": 0.90476, "recall": 0.95, "f1": 0.92683, "auc": 0.99318}
{"epoch": 81, "time_epoch": 0.67944, "eta": 16.54229, "eta_hours": 0.0046, "loss": 0.07381792, "lr": 8.646e-05, "params": 8313, "time_iter": 0.06177, "accuracy": 0.95238, "precision": 0.90909, "recall": 1.0, "f1": 0.95238, "auc": 1.0}
{"epoch": 82, "time_epoch": 0.65961, "eta": 15.57014, "eta_hours": 0.00433, "loss": 0.07336143, "lr": 7.784e-05, "params": 8313, "time_iter": 0.05996, "accuracy": 0.95238, "precision": 0.90909, "recall": 1.0, "f1": 0.95238, "auc": 1.0}
{"epoch": 83, "time_epoch": 0.66019, "eta": 14.60554, "eta_hours": 0.00406, "loss": 0.16973467, "lr": 6.963e-05, "params": 8313, "time_iter": 0.06002, "accuracy": 0.90476, "precision": 0.94444, "recall": 0.85, "f1": 0.89474, "auc": 0.99091}
{"epoch": 84, "time_epoch": 0.66305, "eta": 13.64861, "eta_hours": 0.00379, "loss": 0.06992909, "lr": 6.185e-05, "params": 8313, "time_iter": 0.06028, "accuracy": 0.95238, "precision": 0.90909, "recall": 1.0, "f1": 0.95238, "auc": 1.0}
{"epoch": 85, "time_epoch": 0.66903, "eta": 12.69949, "eta_hours": 0.00353, "loss": 0.06155212, "lr": 5.45e-05, "params": 8313, "time_iter": 0.06082, "accuracy": 0.97619, "precision": 0.95238, "recall": 1.0, "f1": 0.97561, "auc": 1.0}
{"epoch": 86, "time_epoch": 0.66952, "eta": 11.75689, "eta_hours": 0.00327, "loss": 0.04919676, "lr": 4.759e-05, "params": 8313, "time_iter": 0.06087, "accuracy": 0.97619, "precision": 0.95238, "recall": 1.0, "f1": 0.97561, "auc": 1.0}
{"epoch": 87, "time_epoch": 0.66153, "eta": 10.81939, "eta_hours": 0.00301, "loss": 0.10163445, "lr": 4.112e-05, "params": 8313, "time_iter": 0.06014, "accuracy": 0.95238, "precision": 0.95, "recall": 0.95, "f1": 0.95, "auc": 0.99545}
{"epoch": 88, "time_epoch": 0.66174, "eta": 9.88813, "eta_hours": 0.00275, "loss": 0.17997312, "lr": 3.511e-05, "params": 8313, "time_iter": 0.06016, "accuracy": 0.90476, "precision": 0.9, "recall": 0.9, "f1": 0.9, "auc": 0.98409}
{"epoch": 89, "time_epoch": 0.66092, "eta": 8.96277, "eta_hours": 0.00249, "loss": 0.03866704, "lr": 2.956e-05, "params": 8313, "time_iter": 0.06008, "accuracy": 1.0, "precision": 1.0, "recall": 1.0, "f1": 1.0, "auc": 1.0}
{"epoch": 90, "time_epoch": 0.67153, "eta": 8.04426, "eta_hours": 0.00223, "loss": 0.03667229, "lr": 2.447e-05, "params": 8313, "time_iter": 0.06105, "accuracy": 1.0, "precision": 1.0, "recall": 1.0, "f1": 1.0, "auc": 1.0}
{"epoch": 91, "time_epoch": 0.66252, "eta": 7.13034, "eta_hours": 0.00198, "loss": 0.0666195, "lr": 1.985e-05, "params": 8313, "time_iter": 0.06023, "accuracy": 0.97619, "precision": 0.95238, "recall": 1.0, "f1": 0.97561, "auc": 1.0}
{"epoch": 92, "time_epoch": 0.667, "eta": 6.22217, "eta_hours": 0.00173, "loss": 0.0397108, "lr": 1.571e-05, "params": 8313, "time_iter": 0.06064, "accuracy": 1.0, "precision": 1.0, "recall": 1.0, "f1": 1.0, "auc": 1.0}
{"epoch": 93, "time_epoch": 0.65868, "eta": 5.31859, "eta_hours": 0.00148, "loss": 0.00117776, "lr": 1.204e-05, "params": 8313, "time_iter": 0.05988, "accuracy": 1.0, "precision": 1.0, "recall": 1.0, "f1": 1.0, "auc": 1.0}
{"epoch": 94, "time_epoch": 0.66323, "eta": 4.42041, "eta_hours": 0.00123, "loss": 0.37055881, "lr": 8.86e-06, "params": 8313, "time_iter": 0.06029, "accuracy": 0.90476, "precision": 0.94444, "recall": 0.85, "f1": 0.89474, "auc": 0.95682}
{"epoch": 95, "time_epoch": 0.66244, "eta": 3.5271, "eta_hours": 0.00098, "loss": 0.00690539, "lr": 6.16e-06, "params": 8313, "time_iter": 0.06022, "accuracy": 1.0, "precision": 1.0, "recall": 1.0, "f1": 1.0, "auc": 1.0}
{"epoch": 96, "time_epoch": 0.66114, "eta": 2.6385, "eta_hours": 0.00073, "loss": 0.1265392, "lr": 3.94e-06, "params": 8313, "time_iter": 0.0601, "accuracy": 0.95238, "precision": 0.95, "recall": 0.95, "f1": 0.95, "auc": 0.99545}
{"epoch": 97, "time_epoch": 0.67082, "eta": 1.75474, "eta_hours": 0.00049, "loss": 0.13309322, "lr": 2.22e-06, "params": 8313, "time_iter": 0.06098, "accuracy": 0.92857, "precision": 0.86957, "recall": 1.0, "f1": 0.93023, "auc": 0.99545}
{"epoch": 98, "time_epoch": 0.6669, "eta": 0.87524, "eta_hours": 0.00024, "loss": 0.2377523, "lr": 9.9e-07, "params": 8313, "time_iter": 0.06063, "accuracy": 0.95238, "precision": 0.95, "recall": 0.95, "f1": 0.95, "auc": 0.98409}
{"epoch": 99, "time_epoch": 0.66875, "eta": 0.0, "eta_hours": 0.0, "loss": 0.00499066, "lr": 2.5e-07, "params": 8313, "time_iter": 0.0608, "accuracy": 1.0, "precision": 1.0, "recall": 1.0, "f1": 1.0, "auc": 1.0}
