{"epoch": 0, "time_epoch": 18.79796, "eta": 1860.99764, "eta_hours": 0.51694, "loss": 0.67349931, "lr": 0.001, "params": 3599, "time_iter": 0.53708, "accuracy": 0.60791, "precision": 0.0, "recall": 0.0, "f1": 0.0, "auc": 0.49733}
{"epoch": 1, "time_epoch": 18.83048, "eta": 1843.79353, "eta_hours": 0.51216, "loss": 0.67006585, "lr": 0.00099975, "params": 3599, "time_iter": 0.53801, "accuracy": 0.60791, "precision": 0.0, "recall": 0.0, "f1": 0.0, "auc": 0.50256}
{"epoch": 2, "time_epoch": 18.7528, "eta": 1822.99353, "eta_hours": 0.50639, "loss": 0.66977663, "lr": 0.00099901, "params": 3599, "time_iter": 0.53579, "accuracy": 0.60791, "precision": 0.0, "recall": 0.0, "f1": 0.0, "auc": 0.49201}
{"epoch": 3, "time_epoch": 18.75399, "eta": 1803.24571, "eta_hours": 0.5009, "loss": 0.66974452, "lr": 0.00099778, "params": 3599, "time_iter": 0.53583, "accuracy": 0.60791, "precision": 0.0, "recall": 0.0, "f1": 0.0, "auc": 0.48081}
{"epoch": 4, "time_epoch": 18.74318, "eta": 1783.68993, "eta_hours": 0.49547, "loss": 0.67048519, "lr": 0.00099606, "params": 3599, "time_iter": 0.53552, "accuracy": 0.60791, "precision": 0.0, "recall": 0.0, "f1": 0.0, "auc": 0.46539}
{"epoch": 5, "time_epoch": 18.82987, "eta": 1765.7632, "eta_hours": 0.49049, "loss": 0.67003947, "lr": 0.00099384, "params": 3599, "time_iter": 0.538, "accuracy": 0.60791, "precision": 0.0, "recall": 0.0, "f1": 0.0, "auc": 0.46216}
{"epoch": 6, "time_epoch": 18.80821, "eta": 1747.29065, "eta_hours": 0.48536, "loss": 0.66991581, "lr": 0.00099114, "params": 3599, "time_iter": 0.53738, "accuracy": 0.60791, "precision": 0.0, "recall": 0.0, "f1": 0.0, "auc": 0.47974}
{"epoch": 7, "time_epoch": 18.7674, "eta": 1728.26487, "eta_hours": 0.48007, "loss": 0.66988303, "lr": 0.00098796, "params": 3599, "time_iter": 0.53621, "accuracy": 0.60791, "precision": 0.0, "recall": 0.0, "f1": 0.0, "auc": 0.45003}
{"epoch": 8, "time_epoch": 18.82616, "eta": 1709.89065, "eta_hours": 0.47497, "loss": 0.66976305, "lr": 0.00098429, "params": 3599, "time_iter": 0.53789, "accuracy": 0.60791, "precision": 0.0, "recall": 0.0, "f1": 0.0, "auc": 0.46146}
{"epoch": 9, "time_epoch": 18.76999, "eta": 1690.92046, "eta_hours": 0.4697, "loss": 0.66975069, "lr": 0.00098015, "params": 3599, "time_iter": 0.53629, "accuracy": 0.60791, "precision": 0.0, "recall": 0.0, "f1": 0.0, "auc": 0.46902}
{"epoch": 10, "time_epoch": 18.81155, "eta": 1672.32296, "eta_hours": 0.46453, "loss": 0.66987272, "lr": 0.00097553, "params": 3599, "time_iter": 0.53747, "accuracy": 0.60791, "precision": 0.0, "recall": 0.0, "f1": 0.0, "auc": 0.46319}
{"epoch": 11, "time_epoch": 18.78157, "eta": 1653.46996, "eta_hours": 0.4593, "loss": 0.6697104, "lr": 0.00097044, "params": 3599, "time_iter": 0.53662, "accuracy": 0.60791, "precision": 0.0, "recall": 0.0, "f1": 0.0, "auc": 0.50599}
{"epoch": 12, "time_epoch": 18.74627, "eta": 1634.39167, "eta_hours": 0.454, "loss": 0.66983504, "lr": 0.00096489, "params": 3599, "time_iter": 0.53561, "accuracy": 0.60791, "precision": 0.0, "recall": 0.0, "f1": 0.0, "auc": 0.47175}
{"epoch": 13, "time_epoch": 18.75164, "eta": 1615.3938, "eta_hours": 0.44872, "loss": 0.669919, "lr": 0.00095888, "params": 3599, "time_iter": 0.53576, "accuracy": 0.60791, "precision": 0.0, "recall": 0.0, "f1": 0.0, "auc": 0.46787}
{"epoch": 14, "time_epoch": 18.7602, "eta": 1596.47725, "eta_hours": 0.44347, "loss": 0.66973839, "lr": 0.00095241, "params": 3599, "time_iter": 0.53601, "accuracy": 0.60791, "precision": 0.0, "recall": 0.0, "f1": 0.0, "auc": 0.44309}
{"epoch": 15, "time_epoch": 18.73531, "eta": 1577.44958, "eta_hours": 0.43818, "loss": 0.66979231, "lr": 0.0009455, "params": 3599, "time_iter": 0.53529, "accuracy": 0.60791, "precision": 0.0, "recall": 0.0, "f1": 0.0, "auc": 0.42815}
{"epoch": 16, "time_epoch": 18.74981, "eta": 1558.52711, "eta_hours": 0.43292, "loss": 0.66975829, "lr": 0.00093815, "params": 3599, "time_iter": 0.53571, "accuracy": 0.60791, "precision": 0.0, "recall": 0.0, "f1": 0.0, "auc": 0.45897}
{"epoch": 17, "time_epoch": 18.7853, "eta": 1539.7855, "eta_hours": 0.42772, "loss": 0.66985703, "lr": 0.00093037, "params": 3599, "time_iter": 0.53672, "accuracy": 0.60791, "precision": 0.0, "recall": 0.0, "f1": 0.0, "auc": 0.46015}
{"epoch": 18, "time_epoch": 18.82672, "eta": 1521.21587, "eta_hours": 0.42256, "loss": 0.66971733, "lr": 0.00092216, "params": 3599, "time_iter": 0.53791, "accuracy": 0.60791, "precision": 0.0, "recall": 0.0, "f1": 0.0, "auc": 0.477}
{"epoch": 19, "time_epoch": 18.81295, "eta": 1502.56546, "eta_hours": 0.41738, "loss": 0.66997084, "lr": 0.00091354, "params": 3599, "time_iter": 0.53751, "accuracy": 0.60791, "precision": 0.0, "recall": 0.0, "f1": 0.0, "auc": 0.45713}
{"epoch": 20, "time_epoch": 18.72718, "eta": 1483.5769, "eta_hours": 0.4121, "loss": 0.66983684, "lr": 0.00090451, "params": 3599, "time_iter": 0.53506, "accuracy": 0.60791, "precision": 0.0, "recall": 0.0, "f1": 0.0, "auc": 0.46755}
{"epoch": 21, "time_epoch": 18.80499, "eta": 1464.88799, "eta_hours": 0.40691, "loss": 0.66973305, "lr": 0.00089508, "params": 3599, "time_iter": 0.53729, "accuracy": 0.60791, "precision": 0.0, "recall": 0.0, "f1": 0.0, "auc": 0.46959}
{"epoch": 22, "time_epoch": 18.74823, "eta": 1445.99896, "eta_hours": 0.40167, "loss": 0.669821, "lr": 0.00088526, "params": 3599, "time_iter": 0.53566, "accuracy": 0.60791, "precision": 0.0, "recall": 0.0, "f1": 0.0, "auc": 0.47559}
{"epoch": 23, "time_epoch": 18.72318, "eta": 1427.04235, "eta_hours": 0.3964, "loss": 0.67004356, "lr": 0.00087506, "params": 3599, "time_iter": 0.53495, "accuracy": 0.60791, "precision": 0.0, "recall": 0.0, "f1": 0.0, "auc": 0.44738}
{"epoch": 24, "time_epoch": 18.94964, "eta": 1408.78378, "eta_hours": 0.39133, "loss": 0.67029614, "lr": 0.00086448, "params": 3599, "time_iter": 0.54142, "accuracy": 0.60791, "precision": 0.0, "recall": 0.0, "f1": 0.0, "auc": 0.45423}
{"epoch": 25, "time_epoch": 18.83545, "eta": 1390.14704, "eta_hours": 0.38615, "loss": 0.66994624, "lr": 0.00085355, "params": 3599, "time_iter": 0.53816, "accuracy": 0.60791, "precision": 0.0, "recall": 0.0, "f1": 0.0, "auc": 0.4473}
{"epoch": 26, "time_epoch": 18.7339, "eta": 1371.22103, "eta_hours": 0.38089, "loss": 0.66978608, "lr": 0.00084227, "params": 3599, "time_iter": 0.53525, "accuracy": 0.60791, "precision": 0.0, "recall": 0.0, "f1": 0.0, "auc": 0.4364}
{"epoch": 27, "time_epoch": 18.72417, "eta": 1352.28371, "eta_hours": 0.37563, "loss": 0.66972423, "lr": 0.00083066, "params": 3599, "time_iter": 0.53498, "accuracy": 0.60791, "precision": 0.0, "recall": 0.0, "f1": 0.0, "auc": 0.45335}
{"epoch": 28, "time_epoch": 18.74194, "eta": 1333.40461, "eta_hours": 0.37039, "loss": 0.66977964, "lr": 0.00081871, "params": 3599, "time_iter": 0.53548, "accuracy": 0.60791, "precision": 0.0, "recall": 0.0, "f1": 0.0, "auc": 0.44791}
{"epoch": 29, "time_epoch": 18.73828, "eta": 1314.5261, "eta_hours": 0.36515, "loss": 0.66975765, "lr": 0.00080645, "params": 3599, "time_iter": 0.53538, "accuracy": 0.60791, "precision": 0.0, "recall": 0.0, "f1": 0.0, "auc": 0.45855}
{"epoch": 30, "time_epoch": 18.73755, "eta": 1295.65502, "eta_hours": 0.3599, "loss": 0.66975873, "lr": 0.00079389, "params": 3599, "time_iter": 0.53536, "accuracy": 0.60791, "precision": 0.0, "recall": 0.0, "f1": 0.0, "auc": 0.44236}
{"epoch": 31, "time_epoch": 18.7561, "eta": 1276.83169, "eta_hours": 0.35468, "loss": 0.66976113, "lr": 0.00078104, "params": 3599, "time_iter": 0.53589, "accuracy": 0.60791, "precision": 0.0, "recall": 0.0, "f1": 0.0, "auc": 0.45876}
{"epoch": 32, "time_epoch": 18.75071, "eta": 1258.00151, "eta_hours": 0.34944, "loss": 0.66974769, "lr": 0.00076791, "params": 3599, "time_iter": 0.53573, "accuracy": 0.60791, "precision": 0.0, "recall": 0.0, "f1": 0.0, "auc": 0.43941}
{"epoch": 33, "time_epoch": 18.81433, "eta": 1239.2995, "eta_hours": 0.34425, "loss": 0.6697268, "lr": 0.00075452, "params": 3599, "time_iter": 0.53755, "accuracy": 0.60791, "precision": 0.0, "recall": 0.0, "f1": 0.0, "auc": 0.44976}
{"epoch": 34, "time_epoch": 18.73804, "eta": 1220.44939, "eta_hours": 0.33901, "loss": 0.66974015, "lr": 0.00074088, "params": 3599, "time_iter": 0.53537, "accuracy": 0.60791, "precision": 0.0, "recall": 0.0, "f1": 0.0, "auc": 0.46314}
{"epoch": 35, "time_epoch": 18.82665, "eta": 1201.76303, "eta_hours": 0.33382, "loss": 0.6698478, "lr": 0.000727, "params": 3599, "time_iter": 0.5379, "accuracy": 0.60791, "precision": 0.0, "recall": 0.0, "f1": 0.0, "auc": 0.44782}
{"epoch": 36, "time_epoch": 18.83561, "eta": 1183.08434, "eta_hours": 0.32863, "loss": 0.66981521, "lr": 0.00071289, "params": 3599, "time_iter": 0.53816, "accuracy": 0.60791, "precision": 0.0, "recall": 0.0, "f1": 0.0, "auc": 0.45308}
{"epoch": 37, "time_epoch": 18.73021, "eta": 1164.22543, "eta_hours": 0.3234, "loss": 0.66987379, "lr": 0.00069857, "params": 3599, "time_iter": 0.53515, "accuracy": 0.60791, "precision": 0.0, "recall": 0.0, "f1": 0.0, "auc": 0.43762}
{"epoch": 38, "time_epoch": 18.76637, "eta": 1145.42968, "eta_hours": 0.31817, "loss": 0.66974493, "lr": 0.00068406, "params": 3599, "time_iter": 0.53618, "accuracy": 0.60791, "precision": 0.0, "recall": 0.0, "f1": 0.0, "auc": 0.46079}
{"epoch": 39, "time_epoch": 18.76005, "eta": 1126.62592, "eta_hours": 0.31295, "loss": 0.66970343, "lr": 0.00066937, "params": 3599, "time_iter": 0.536, "accuracy": 0.60791, "precision": 0.0, "recall": 0.0, "f1": 0.0, "auc": 0.46826}
{"epoch": 40, "time_epoch": 18.74285, "eta": 1107.79953, "eta_hours": 0.30772, "loss": 0.66975416, "lr": 0.00065451, "params": 3599, "time_iter": 0.53551, "accuracy": 0.60791, "precision": 0.0, "recall": 0.0, "f1": 0.0, "auc": 0.46547}
{"epoch": 41, "time_epoch": 18.73339, "eta": 1088.96406, "eta_hours": 0.30249, "loss": 0.66978203, "lr": 0.0006395, "params": 3599, "time_iter": 0.53524, "accuracy": 0.60791, "precision": 0.0, "recall": 0.0, "f1": 0.0, "auc": 0.43673}
{"epoch": 42, "time_epoch": 18.73371, "eta": 1070.13376, "eta_hours": 0.29726, "loss": 0.6697936, "lr": 0.00062434, "params": 3599, "time_iter": 0.53525, "accuracy": 0.60791, "precision": 0.0, "recall": 0.0, "f1": 0.0, "auc": 0.44117}
{"epoch": 43, "time_epoch": 18.7262, "eta": 1051.29829, "eta_hours": 0.29203, "loss": 0.66983135, "lr": 0.00060907, "params": 3599, "time_iter": 0.53503, "accuracy": 0.60791, "precision": 0.0, "recall": 0.0, "f1": 0.0, "auc": 0.45471}
{"epoch": 44, "time_epoch": 18.83255, "eta": 1032.59766, "eta_hours": 0.28683, "loss": 0.66973226, "lr": 0.00059369, "params": 3599, "time_iter": 0.53807, "accuracy": 0.60791, "precision": 0.0, "recall": 0.0, "f1": 0.0, "auc": 0.45607}
{"epoch": 45, "time_epoch": 18.80655, "eta": 1013.86078, "eta_hours": 0.28163, "loss": 0.6697614, "lr": 0.00057822, "params": 3599, "time_iter": 0.53733, "accuracy": 0.60791, "precision": 0.0, "recall": 0.0, "f1": 0.0, "auc": 0.42072}
{"epoch": 46, "time_epoch": 18.80471, "eta": 995.11885, "eta_hours": 0.27642, "loss": 0.6697349, "lr": 0.00056267, "params": 3599, "time_iter": 0.53728, "accuracy": 0.60791, "precision": 0.0, "recall": 0.0, "f1": 0.0, "auc": 0.46053}
{"epoch": 47, "time_epoch": 18.72366, "eta": 976.2865, "eta_hours": 0.27119, "loss": 0.66976431, "lr": 0.00054705, "params": 3599, "time_iter": 0.53496, "accuracy": 0.60791, "precision": 0.0, "recall": 0.0, "f1": 0.0, "auc": 0.44806}
{"epoch": 48, "time_epoch": 18.78644, "eta": 957.52394, "eta_hours": 0.26598, "loss": 0.66970982, "lr": 0.0005314, "params": 3599, "time_iter": 0.53676, "accuracy": 0.60791, "precision": 0.0, "recall": 0.0, "f1": 0.0, "auc": 0.43658}
{"epoch": 49, "time_epoch": 18.72057, "eta": 938.69455, "eta_hours": 0.26075, "loss": 0.66970014, "lr": 0.00051571, "params": 3599, "time_iter": 0.53487, "accuracy": 0.60791, "precision": 0.0, "recall": 0.0, "f1": 0.0, "auc": 0.45745}
{"epoch": 50, "time_epoch": 18.82243, "eta": 919.96729, "eta_hours": 0.25555, "loss": 0.66975989, "lr": 0.0005, "params": 3599, "time_iter": 0.53778, "accuracy": 0.60791, "precision": 0.0, "recall": 0.0, "f1": 0.0, "auc": 0.44266}
{"epoch": 51, "time_epoch": 18.75906, "eta": 901.17789, "eta_hours": 0.25033, "loss": 0.66969122, "lr": 0.00048429, "params": 3599, "time_iter": 0.53597, "accuracy": 0.60791, "precision": 0.0, "recall": 0.0, "f1": 0.0, "auc": 0.48524}
{"epoch": 52, "time_epoch": 18.73654, "eta": 882.36965, "eta_hours": 0.2451, "loss": 0.66970335, "lr": 0.0004686, "params": 3599, "time_iter": 0.53533, "accuracy": 0.60791, "precision": 0.0, "recall": 0.0, "f1": 0.0, "auc": 0.44325}
{"epoch": 53, "time_epoch": 18.81378, "eta": 863.62987, "eta_hours": 0.2399, "loss": 0.66974938, "lr": 0.00045295, "params": 3599, "time_iter": 0.53754, "accuracy": 0.60791, "precision": 0.0, "recall": 0.0, "f1": 0.0, "auc": 0.45085}
{"epoch": 54, "time_epoch": 18.81882, "eta": 844.89151, "eta_hours": 0.23469, "loss": 0.66972176, "lr": 0.00043733, "params": 3599, "time_iter": 0.53768, "accuracy": 0.60791, "precision": 0.0, "recall": 0.0, "f1": 0.0, "auc": 0.45257}
{"epoch": 55, "time_epoch": 18.80339, "eta": 826.13817, "eta_hours": 0.22948, "loss": 0.66969905, "lr": 0.00042178, "params": 3599, "time_iter": 0.53724, "accuracy": 0.60791, "precision": 0.0, "recall": 0.0, "f1": 0.0, "auc": 0.46081}
{"epoch": 56, "time_epoch": 18.78545, "eta": 807.36953, "eta_hours": 0.22427, "loss": 0.6696935, "lr": 0.00040631, "params": 3599, "time_iter": 0.53673, "accuracy": 0.60791, "precision": 0.0, "recall": 0.0, "f1": 0.0, "auc": 0.476}
{"epoch": 57, "time_epoch": 18.74291, "eta": 788.5695, "eta_hours": 0.21905, "loss": 0.66971915, "lr": 0.00039093, "params": 3599, "time_iter": 0.53551, "accuracy": 0.60791, "precision": 0.0, "recall": 0.0, "f1": 0.0, "auc": 0.47215}
{"epoch": 58, "time_epoch": 18.7558, "eta": 769.78037, "eta_hours": 0.21383, "loss": 0.6697273, "lr": 0.00037566, "params": 3599, "time_iter": 0.53588, "accuracy": 0.60791, "precision": 0.0, "recall": 0.0, "f1": 0.0, "auc": 0.44476}
{"epoch": 59, "time_epoch": 18.72885, "eta": 750.97438, "eta_hours": 0.2086, "loss": 0.66969288, "lr": 0.0003605, "params": 3599, "time_iter": 0.53511, "accuracy": 0.60791, "precision": 0.0, "recall": 0.0, "f1": 0.0, "auc": 0.46294}
{"epoch": 60, "time_epoch": 18.73132, "eta": 732.17251, "eta_hours": 0.20338, "loss": 0.66970773, "lr": 0.00034549, "params": 3599, "time_iter": 0.53518, "accuracy": 0.60791, "precision": 0.0, "recall": 0.0, "f1": 0.0, "auc": 0.45479}
{"epoch": 61, "time_epoch": 18.80468, "eta": 713.41787, "eta_hours": 0.19817, "loss": 0.66968535, "lr": 0.00033063, "params": 3599, "time_iter": 0.53728, "accuracy": 0.60791, "precision": 0.0, "recall": 0.0, "f1": 0.0, "auc": 0.47168}
{"epoch": 62, "time_epoch": 18.79047, "eta": 694.6533, "eta_hours": 0.19296, "loss": 0.66971579, "lr": 0.00031594, "params": 3599, "time_iter": 0.53687, "accuracy": 0.60791, "precision": 0.0, "recall": 0.0, "f1": 0.0, "auc": 0.44791}
{"epoch": 63, "time_epoch": 18.80607, "eta": 675.89669, "eta_hours": 0.18775, "loss": 0.66971083, "lr": 0.00030143, "params": 3599, "time_iter": 0.53732, "accuracy": 0.60791, "precision": 0.0, "recall": 0.0, "f1": 0.0, "auc": 0.45258}
{"epoch": 64, "time_epoch": 18.80508, "eta": 657.13803, "eta_hours": 0.18254, "loss": 0.66968296, "lr": 0.00028711, "params": 3599, "time_iter": 0.53729, "accuracy": 0.60791, "precision": 0.0, "recall": 0.0, "f1": 0.0, "auc": 0.46737}
{"epoch": 65, "time_epoch": 18.81717, "eta": 638.38419, "eta_hours": 0.17733, "loss": 0.66968744, "lr": 0.000273, "params": 3599, "time_iter": 0.53763, "accuracy": 0.60791, "precision": 0.0, "recall": 0.0, "f1": 0.0, "auc": 0.4814}
{"epoch": 66, "time_epoch": 18.80773, "eta": 619.62381, "eta_hours": 0.17212, "loss": 0.66968132, "lr": 0.00025912, "params": 3599, "time_iter": 0.53736, "accuracy": 0.60791, "precision": 0.0, "recall": 0.0, "f1": 0.0, "auc": 0.48059}
{"epoch": 67, "time_epoch": 18.82408, "eta": 600.86973, "eta_hours": 0.16691, "loss": 0.66968002, "lr": 0.00024548, "params": 3599, "time_iter": 0.53783, "accuracy": 0.60791, "precision": 0.0, "recall": 0.0, "f1": 0.0, "auc": 0.47328}
{"epoch": 68, "time_epoch": 18.80472, "eta": 582.10493, "eta_hours": 0.1617, "loss": 0.6696837, "lr": 0.00023209, "params": 3599, "time_iter": 0.53728, "accuracy": 0.60791, "precision": 0.0, "recall": 0.0, "f1": 0.0, "auc": 0.46304}
{"epoch": 69, "time_epoch": 18.83862, "eta": 563.35351, "eta_hours": 0.15649, "loss": 0.66968178, "lr": 0.00021896, "params": 3599, "time_iter": 0.53825, "accuracy": 0.60791, "precision": 0.0, "recall": 0.0, "f1": 0.0, "auc": 0.44979}
{"epoch": 70, "time_epoch": 18.80041, "eta": 544.58403, "eta_hours": 0.15127, "loss": 0.66967806, "lr": 0.00020611, "params": 3599, "time_iter": 0.53715, "accuracy": 0.60791, "precision": 0.0, "recall": 0.0, "f1": 0.0, "auc": 0.48302}
{"epoch": 71, "time_epoch": 18.72807, "eta": 525.78556, "eta_hours": 0.14605, "loss": 0.66968742, "lr": 0.00019355, "params": 3599, "time_iter": 0.53509, "accuracy": 0.60791, "precision": 0.0, "recall": 0.0, "f1": 0.0, "auc": 0.4649}
{"epoch": 72, "time_epoch": 18.743, "eta": 506.99454, "eta_hours": 0.14083, "loss": 0.66967449, "lr": 0.00018129, "params": 3599, "time_iter": 0.53551, "accuracy": 0.60791, "precision": 0.0, "recall": 0.0, "f1": 0.0, "auc": 0.48372}
{"epoch": 73, "time_epoch": 18.65805, "eta": 488.17497, "eta_hours": 0.1356, "loss": 0.66969243, "lr": 0.00016934, "params": 3599, "time_iter": 0.53309, "accuracy": 0.60791, "precision": 0.0, "recall": 0.0, "f1": 0.0, "auc": 0.46227}
{"epoch": 74, "time_epoch": 18.67095, "eta": 469.364, "eta_hours": 0.13038, "loss": 0.66971501, "lr": 0.00015773, "params": 3599, "time_iter": 0.53346, "accuracy": 0.60791, "precision": 0.0, "recall": 0.0, "f1": 0.0, "auc": 0.44863}
{"epoch": 75, "time_epoch": 18.74157, "eta": 450.57902, "eta_hours": 0.12516, "loss": 0.66968292, "lr": 0.00014645, "params": 3599, "time_iter": 0.53547, "accuracy": 0.60791, "precision": 0.0, "recall": 0.0, "f1": 0.0, "auc": 0.47298}
{"epoch": 76, "time_epoch": 18.68738, "eta": 431.77899, "eta_hours": 0.11994, "loss": 0.66967447, "lr": 0.00013552, "params": 3599, "time_iter": 0.53393, "accuracy": 0.60791, "precision": 0.0, "recall": 0.0, "f1": 0.0, "auc": 0.4838}
{"epoch": 77, "time_epoch": 18.72152, "eta": 412.99147, "eta_hours": 0.11472, "loss": 0.66967442, "lr": 0.00012494, "params": 3599, "time_iter": 0.5349, "accuracy": 0.60791, "precision": 0.0, "recall": 0.0, "f1": 0.0, "auc": 0.49356}
{"epoch": 78, "time_epoch": 18.70522, "eta": 394.20128, "eta_hours": 0.1095, "loss": 0.66967971, "lr": 0.00011474, "params": 3599, "time_iter": 0.53443, "accuracy": 0.60791, "precision": 0.0, "recall": 0.0, "f1": 0.0, "auc": 0.46284}
{"epoch": 79, "time_epoch": 18.73657, "eta": 375.42106, "eta_hours": 0.10428, "loss": 0.66967061, "lr": 0.00010492, "params": 3599, "time_iter": 0.53533, "accuracy": 0.60791, "precision": 0.0, "recall": 0.0, "f1": 0.0, "auc": 0.48724}
{"epoch": 80, "time_epoch": 18.68116, "eta": 356.62892, "eta_hours": 0.09906, "loss": 0.66967805, "lr": 9.549e-05, "params": 3599, "time_iter": 0.53375, "accuracy": 0.60791, "precision": 0.0, "recall": 0.0, "f1": 0.0, "auc": 0.46204}
{"epoch": 81, "time_epoch": 18.75805, "eta": 337.85637, "eta_hours": 0.09385, "loss": 0.66968755, "lr": 8.646e-05, "params": 3599, "time_iter": 0.53594, "accuracy": 0.60791, "precision": 0.0, "recall": 0.0, "f1": 0.0, "auc": 0.46858}
{"epoch": 82, "time_epoch": 18.86648, "eta": 319.10637, "eta_hours": 0.08864, "loss": 0.66967205, "lr": 7.784e-05, "params": 3599, "time_iter": 0.53904, "accuracy": 0.60791, "precision": 0.0, "recall": 0.0, "f1": 0.0, "auc": 0.49707}
{"epoch": 83, "time_epoch": 18.88741, "eta": 300.35759, "eta_hours": 0.08343, "loss": 0.66967034, "lr": 6.963e-05, "params": 3599, "time_iter": 0.53964, "accuracy": 0.60791, "precision": 0.0, "recall": 0.0, "f1": 0.0, "auc": 0.50829}
{"epoch": 84, "time_epoch": 18.95709, "eta": 281.61784, "eta_hours": 0.07823, "loss": 0.66967853, "lr": 6.185e-05, "params": 3599, "time_iter": 0.54163, "accuracy": 0.60791, "precision": 0.0, "recall": 0.0, "f1": 0.0, "auc": 0.46692}
{"epoch": 85, "time_epoch": 19.04683, "eta": 262.88765, "eta_hours": 0.07302, "loss": 0.66967995, "lr": 5.45e-05, "params": 3599, "time_iter": 0.5442, "accuracy": 0.60791, "precision": 0.0, "recall": 0.0, "f1": 0.0, "auc": 0.46378}
{"epoch": 86, "time_epoch": 19.29909, "eta": 244.18787, "eta_hours": 0.06783, "loss": 0.66967224, "lr": 4.759e-05, "params": 3599, "time_iter": 0.5514, "accuracy": 0.60791, "precision": 0.0, "recall": 0.0, "f1": 0.0, "auc": 0.48661}
{"epoch": 87, "time_epoch": 18.69637, "eta": 225.39228, "eta_hours": 0.06261, "loss": 0.66967142, "lr": 4.112e-05, "params": 3599, "time_iter": 0.53418, "accuracy": 0.60791, "precision": 0.0, "recall": 0.0, "f1": 0.0, "auc": 0.50666}
{"epoch": 88, "time_epoch": 18.67395, "eta": 206.59615, "eta_hours": 0.05739, "loss": 0.6696724, "lr": 3.511e-05, "params": 3599, "time_iter": 0.53354, "accuracy": 0.60791, "precision": 0.0, "recall": 0.0, "f1": 0.0, "auc": 0.49807}
{"epoch": 89, "time_epoch": 18.6671, "eta": 187.80198, "eta_hours": 0.05217, "loss": 0.66966939, "lr": 2.956e-05, "params": 3599, "time_iter": 0.53335, "accuracy": 0.60791, "precision": 0.0, "recall": 0.0, "f1": 0.0, "auc": 0.53603}
{"epoch": 90, "time_epoch": 18.69627, "eta": 169.01348, "eta_hours": 0.04695, "loss": 0.66966873, "lr": 2.447e-05, "params": 3599, "time_iter": 0.53418, "accuracy": 0.60791, "precision": 0.0, "recall": 0.0, "f1": 0.0, "auc": 0.53268}
{"epoch": 91, "time_epoch": 18.66704, "eta": 150.22444, "eta_hours": 0.04173, "loss": 0.66967085, "lr": 1.985e-05, "params": 3599, "time_iter": 0.53334, "accuracy": 0.60791, "precision": 0.0, "recall": 0.0, "f1": 0.0, "auc": 0.51086}
{"epoch": 92, "time_epoch": 18.68073, "eta": 131.43906, "eta_hours": 0.03651, "loss": 0.66966905, "lr": 1.571e-05, "params": 3599, "time_iter": 0.53374, "accuracy": 0.60791, "precision": 0.0, "recall": 0.0, "f1": 0.0, "auc": 0.53137}
{"epoch": 93, "time_epoch": 18.74347, "eta": 112.65991, "eta_hours": 0.03129, "loss": 0.66966661, "lr": 1.204e-05, "params": 3599, "time_iter": 0.53553, "accuracy": 0.60791, "precision": 0.0, "recall": 0.0, "f1": 0.0, "auc": 0.61874}
{"epoch": 94, "time_epoch": 18.73772, "eta": 93.88121, "eta_hours": 0.02608, "loss": 0.66966818, "lr": 8.86e-06, "params": 3599, "time_iter": 0.53536, "accuracy": 0.60791, "precision": 0.0, "recall": 0.0, "f1": 0.0, "auc": 0.57776}
{"epoch": 95, "time_epoch": 18.75254, "eta": 75.10398, "eta_hours": 0.02086, "loss": 0.66966823, "lr": 6.16e-06, "params": 3599, "time_iter": 0.53579, "accuracy": 0.60791, "precision": 0.0, "recall": 0.0, "f1": 0.0, "auc": 0.5655}
{"epoch": 96, "time_epoch": 18.68439, "eta": 56.32515, "eta_hours": 0.01565, "loss": 0.66966674, "lr": 3.94e-06, "params": 3599, "time_iter": 0.53384, "accuracy": 0.60791, "precision": 0.0, "recall": 0.0, "f1": 0.0, "auc": 0.61619}
{"epoch": 97, "time_epoch": 18.64454, "eta": 37.54744, "eta_hours": 0.01043, "loss": 0.66966789, "lr": 2.22e-06, "params": 3599, "time_iter": 0.5327, "accuracy": 0.60791, "precision": 0.0, "recall": 0.0, "f1": 0.0, "auc": 0.59721}
{"epoch": 98, "time_epoch": 18.74928, "eta": 18.77347, "eta_hours": 0.00521, "loss": 0.66966614, "lr": 9.9e-07, "params": 3599, "time_iter": 0.53569, "accuracy": 0.60791, "precision": 0.0, "recall": 0.0, "f1": 0.0, "auc": 0.61519}
{"epoch": 99, "time_epoch": 18.74216, "eta": 0.0, "eta_hours": 0.0, "loss": 0.66966766, "lr": 2.5e-07, "params": 3599, "time_iter": 0.53549, "accuracy": 0.60791, "precision": 0.0, "recall": 0.0, "f1": 0.0, "auc": 0.60069}
