{"epoch": 0, "time_epoch": 0.0487, "time_epoch_std": 0.0, "eta": 4.821, "eta_std": 0.0, "eta_hours": 0.00134, "eta_hours_std": 0.0, "loss": 0.69235, "loss_std": 0.0, "lr": 0.001, "lr_std": 0.0, "params": 6465.0, "params_std": 0.0, "time_iter": 0.01623, "time_iter_std": 0.0, "accuracy": 0.52381, "accuracy_std": 0.0, "precision": 0.0, "precision_std": 0.0, "recall": 0.0, "recall_std": 0.0, "f1": 0.0, "f1_std": 0.0, "auc": 0.43636, "auc_std": 0.0}
{"epoch": 1, "time_epoch": 0.03073, "time_epoch_std": 0.0, "eta": 3.89183, "eta_std": 0.0, "eta_hours": 0.00108, "eta_hours_std": 0.0, "loss": 0.69344, "loss_std": 0.0, "lr": 0.001, "lr_std": 0.0, "params": 6465.0, "params_std": 0.0, "time_iter": 0.01024, "time_iter_std": 0.0, "accuracy": 0.52381, "accuracy_std": 0.0, "precision": 0.0, "precision_std": 0.0, "recall": 0.0, "recall_std": 0.0, "f1": 0.0, "f1_std": 0.0, "auc": 0.32273, "auc_std": 0.0}
{"epoch": 2, "time_epoch": 0.03447, "time_epoch_std": 0.0, "eta": 3.6826, "eta_std": 0.0, "eta_hours": 0.00102, "eta_hours_std": 0.0, "loss": 0.69233, "loss_std": 0.0, "lr": 0.001, "lr_std": 0.0, "params": 6465.0, "params_std": 0.0, "time_iter": 0.01149, "time_iter_std": 0.0, "accuracy": 0.52381, "accuracy_std": 0.0, "precision": 0.0, "precision_std": 0.0, "recall": 0.0, "recall_std": 0.0, "f1": 0.0, "f1_std": 0.0, "auc": 0.43409, "auc_std": 0.0}
{"epoch": 3, "time_epoch": 0.03603, "time_epoch_std": 0.0, "eta": 3.59819, "eta_std": 0.0, "eta_hours": 0.001, "eta_hours_std": 0.0, "loss": 0.69325, "loss_std": 0.0, "lr": 0.001, "lr_std": 0.0, "params": 6465.0, "params_std": 0.0, "time_iter": 0.01201, "time_iter_std": 0.0, "accuracy": 0.52381, "accuracy_std": 0.0, "precision": 0.0, "precision_std": 0.0, "recall": 0.0, "recall_std": 0.0, "f1": 0.0, "f1_std": 0.0, "auc": 0.26591, "auc_std": 0.0}
{"epoch": 4, "time_epoch": 0.03635, "time_epoch_std": 0.0, "eta": 3.5392, "eta_std": 0.0, "eta_hours": 0.00098, "eta_hours_std": 0.0, "loss": 0.69172, "loss_std": 0.0, "lr": 0.001, "lr_std": 0.0, "params": 6465.0, "params_std": 0.0, "time_iter": 0.01212, "time_iter_std": 0.0, "accuracy": 0.52381, "accuracy_std": 0.0, "precision": 0.0, "precision_std": 0.0, "recall": 0.0, "recall_std": 0.0, "f1": 0.0, "f1_std": 0.0, "auc": 0.66818, "auc_std": 0.0}
{"epoch": 5, "time_epoch": 0.03699, "time_epoch_std": 0.0, "eta": 3.49775, "eta_std": 0.0, "eta_hours": 0.00097, "eta_hours_std": 0.0, "loss": 0.69209, "loss_std": 0.0, "lr": 0.00099, "lr_std": 0.0, "params": 6465.0, "params_std": 0.0, "time_iter": 0.01233, "time_iter_std": 0.0, "accuracy": 0.52381, "accuracy_std": 0.0, "precision": 0.0, "precision_std": 0.0, "recall": 0.0, "recall_std": 0.0, "f1": 0.0, "f1_std": 0.0, "auc": 0.48636, "auc_std": 0.0}
{"epoch": 6, "time_epoch": 0.03767, "time_epoch_std": 0.0, "eta": 3.46667, "eta_std": 0.0, "eta_hours": 0.00096, "eta_hours_std": 0.0, "loss": 0.69222, "loss_std": 0.0, "lr": 0.00099, "lr_std": 0.0, "params": 6465.0, "params_std": 0.0, "time_iter": 0.01256, "time_iter_std": 0.0, "accuracy": 0.52381, "accuracy_std": 0.0, "precision": 0.0, "precision_std": 0.0, "recall": 0.0, "recall_std": 0.0, "f1": 0.0, "f1_std": 0.0, "auc": 0.38409, "auc_std": 0.0}
{"epoch": 7, "time_epoch": 0.0333, "time_epoch_std": 0.0, "eta": 3.38366, "eta_std": 0.0, "eta_hours": 0.00094, "eta_hours_std": 0.0, "loss": 0.69223, "loss_std": 0.0, "lr": 0.00099, "lr_std": 0.0, "params": 6465.0, "params_std": 0.0, "time_iter": 0.0111, "time_iter_std": 0.0, "accuracy": 0.52381, "accuracy_std": 0.0, "precision": 0.0, "precision_std": 0.0, "recall": 0.0, "recall_std": 0.0, "f1": 0.0, "f1_std": 0.0, "auc": 0.42727, "auc_std": 0.0}
{"epoch": 8, "time_epoch": 0.03196, "time_epoch_std": 0.0, "eta": 3.2982, "eta_std": 0.0, "eta_hours": 0.00092, "eta_hours_std": 0.0, "loss": 0.69229, "loss_std": 0.0, "lr": 0.00098, "lr_std": 0.0, "params": 6465.0, "params_std": 0.0, "time_iter": 0.01065, "time_iter_std": 0.0, "accuracy": 0.52381, "accuracy_std": 0.0, "precision": 0.0, "precision_std": 0.0, "recall": 0.0, "recall_std": 0.0, "f1": 0.0, "f1_std": 0.0, "auc": 0.37955, "auc_std": 0.0}
{"epoch": 9, "time_epoch": 0.03356, "time_epoch_std": 0.0, "eta": 3.23778, "eta_std": 0.0, "eta_hours": 0.0009, "eta_hours_std": 0.0, "loss": 0.69223, "loss_std": 0.0, "lr": 0.00098, "lr_std": 0.0, "params": 6465.0, "params_std": 0.0, "time_iter": 0.01119, "time_iter_std": 0.0, "accuracy": 0.52381, "accuracy_std": 0.0, "precision": 0.0, "precision_std": 0.0, "recall": 0.0, "recall_std": 0.0, "f1": 0.0, "f1_std": 0.0, "auc": 0.44318, "auc_std": 0.0}
{"epoch": 10, "time_epoch": 0.03762, "time_epoch_std": 0.0, "eta": 3.21509, "eta_std": 0.0, "eta_hours": 0.00089, "eta_hours_std": 0.0, "loss": 0.69218, "loss_std": 0.0, "lr": 0.00098, "lr_std": 0.0, "params": 6465.0, "params_std": 0.0, "time_iter": 0.01254, "time_iter_std": 0.0, "accuracy": 0.52381, "accuracy_std": 0.0, "precision": 0.0, "precision_std": 0.0, "recall": 0.0, "recall_std": 0.0, "f1": 0.0, "f1_std": 0.0, "auc": 0.44773, "auc_std": 0.0}
{"epoch": 11, "time_epoch": 0.0302, "time_epoch_std": 0.0, "eta": 3.13552, "eta_std": 0.0, "eta_hours": 0.00087, "eta_hours_std": 0.0, "loss": 0.69235, "loss_std": 0.0, "lr": 0.00097, "lr_std": 0.0, "params": 6465.0, "params_std": 0.0, "time_iter": 0.01007, "time_iter_std": 0.0, "accuracy": 0.52381, "accuracy_std": 0.0, "precision": 0.0, "precision_std": 0.0, "recall": 0.0, "recall_std": 0.0, "f1": 0.0, "f1_std": 0.0, "auc": 0.36364, "auc_std": 0.0}
{"epoch": 12, "time_epoch": 0.03305, "time_epoch_std": 0.0, "eta": 3.0826, "eta_std": 0.0, "eta_hours": 0.00086, "eta_hours_std": 0.0, "loss": 0.69215, "loss_std": 0.0, "lr": 0.00096, "lr_std": 0.0, "params": 6465.0, "params_std": 0.0, "time_iter": 0.01102, "time_iter_std": 0.0, "accuracy": 0.52381, "accuracy_std": 0.0, "precision": 0.0, "precision_std": 0.0, "recall": 0.0, "recall_std": 0.0, "f1": 0.0, "f1_std": 0.0, "auc": 0.43409, "auc_std": 0.0}
{"epoch": 13, "time_epoch": 0.03342, "time_epoch_std": 0.0, "eta": 3.03482, "eta_std": 0.0, "eta_hours": 0.00084, "eta_hours_std": 0.0, "loss": 0.69218, "loss_std": 0.0, "lr": 0.00096, "lr_std": 0.0, "params": 6465.0, "params_std": 0.0, "time_iter": 0.01114, "time_iter_std": 0.0, "accuracy": 0.52381, "accuracy_std": 0.0, "precision": 0.0, "precision_std": 0.0, "recall": 0.0, "recall_std": 0.0, "f1": 0.0, "f1_std": 0.0, "auc": 0.43864, "auc_std": 0.0}
{"epoch": 14, "time_epoch": 0.0327, "time_epoch_std": 0.0, "eta": 2.98484, "eta_std": 0.0, "eta_hours": 0.00083, "eta_hours_std": 0.0, "loss": 0.69236, "loss_std": 0.0, "lr": 0.00095, "lr_std": 0.0, "params": 6465.0, "params_std": 0.0, "time_iter": 0.0109, "time_iter_std": 0.0, "accuracy": 0.52381, "accuracy_std": 0.0, "precision": 0.0, "precision_std": 0.0, "recall": 0.0, "recall_std": 0.0, "f1": 0.0, "f1_std": 0.0, "auc": 0.33864, "auc_std": 0.0}
{"epoch": 15, "time_epoch": 0.03615, "time_epoch_std": 0.0, "eta": 2.95515, "eta_std": 0.0, "eta_hours": 0.00082, "eta_hours_std": 0.0, "loss": 0.69213, "loss_std": 0.0, "lr": 0.00095, "lr_std": 0.0, "params": 6465.0, "params_std": 0.0, "time_iter": 0.01205, "time_iter_std": 0.0, "accuracy": 0.52381, "accuracy_std": 0.0, "precision": 0.0, "precision_std": 0.0, "recall": 0.0, "recall_std": 0.0, "f1": 0.0, "f1_std": 0.0, "auc": 0.46364, "auc_std": 0.0}
{"epoch": 16, "time_epoch": 0.0321, "time_epoch_std": 0.0, "eta": 2.90492, "eta_std": 0.0, "eta_hours": 0.00081, "eta_hours_std": 0.0, "loss": 0.69242, "loss_std": 0.0, "lr": 0.00094, "lr_std": 0.0, "params": 6465.0, "params_std": 0.0, "time_iter": 0.0107, "time_iter_std": 0.0, "accuracy": 0.52381, "accuracy_std": 0.0, "precision": 0.0, "precision_std": 0.0, "recall": 0.0, "recall_std": 0.0, "f1": 0.0, "f1_std": 0.0, "auc": 0.33182, "auc_std": 0.0}
{"epoch": 17, "time_epoch": 0.03145, "time_epoch_std": 0.0, "eta": 2.85375, "eta_std": 0.0, "eta_hours": 0.00079, "eta_hours_std": 0.0, "loss": 0.69245, "loss_std": 0.0, "lr": 0.00093, "lr_std": 0.0, "params": 6465.0, "params_std": 0.0, "time_iter": 0.01048, "time_iter_std": 0.0, "accuracy": 0.52381, "accuracy_std": 0.0, "precision": 0.0, "precision_std": 0.0, "recall": 0.0, "recall_std": 0.0, "f1": 0.0, "f1_std": 0.0, "auc": 0.30455, "auc_std": 0.0}
{"epoch": 18, "time_epoch": 0.03491, "time_epoch_std": 0.0, "eta": 2.81941, "eta_std": 0.0, "eta_hours": 0.00078, "eta_hours_std": 0.0, "loss": 0.69184, "loss_std": 0.0, "lr": 0.00092, "lr_std": 0.0, "params": 6465.0, "params_std": 0.0, "time_iter": 0.01164, "time_iter_std": 0.0, "accuracy": 0.52381, "accuracy_std": 0.0, "precision": 0.0, "precision_std": 0.0, "recall": 0.0, "recall_std": 0.0, "f1": 0.0, "f1_std": 0.0, "auc": 0.60909, "auc_std": 0.0}
{"epoch": 19, "time_epoch": 0.03239, "time_epoch_std": 0.0, "eta": 2.77493, "eta_std": 0.0, "eta_hours": 0.00077, "eta_hours_std": 0.0, "loss": 0.69205, "loss_std": 0.0, "lr": 0.00091, "lr_std": 0.0, "params": 6465.0, "params_std": 0.0, "time_iter": 0.0108, "time_iter_std": 0.0, "accuracy": 0.52381, "accuracy_std": 0.0, "precision": 0.0, "precision_std": 0.0, "recall": 0.0, "recall_std": 0.0, "f1": 0.0, "f1_std": 0.0, "auc": 0.49318, "auc_std": 0.0}
{"epoch": 20, "time_epoch": 0.03666, "time_epoch_std": 0.0, "eta": 2.74769, "eta_std": 0.0, "eta_hours": 0.00076, "eta_hours_std": 0.0, "loss": 0.69219, "loss_std": 0.0, "lr": 0.0009, "lr_std": 0.0, "params": 6465.0, "params_std": 0.0, "time_iter": 0.01222, "time_iter_std": 0.0, "accuracy": 0.52381, "accuracy_std": 0.0, "precision": 0.0, "precision_std": 0.0, "recall": 0.0, "recall_std": 0.0, "f1": 0.0, "f1_std": 0.0, "auc": 0.44773, "auc_std": 0.0}
{"epoch": 21, "time_epoch": 0.03163, "time_epoch_std": 0.0, "eta": 2.70172, "eta_std": 0.0, "eta_hours": 0.00075, "eta_hours_std": 0.0, "loss": 0.69192, "loss_std": 0.0, "lr": 0.0009, "lr_std": 0.0, "params": 6465.0, "params_std": 0.0, "time_iter": 0.01054, "time_iter_std": 0.0, "accuracy": 0.52381, "accuracy_std": 0.0, "precision": 0.0, "precision_std": 0.0, "recall": 0.0, "recall_std": 0.0, "f1": 0.0, "f1_std": 0.0, "auc": 0.57727, "auc_std": 0.0}
{"epoch": 22, "time_epoch": 0.03204, "time_epoch_std": 0.0, "eta": 2.65838, "eta_std": 0.0, "eta_hours": 0.00074, "eta_hours_std": 0.0, "loss": 0.69196, "loss_std": 0.0, "lr": 0.00089, "lr_std": 0.0, "params": 6465.0, "params_std": 0.0, "time_iter": 0.01068, "time_iter_std": 0.0, "accuracy": 0.52381, "accuracy_std": 0.0, "precision": 0.0, "precision_std": 0.0, "recall": 0.0, "recall_std": 0.0, "f1": 0.0, "f1_std": 0.0, "auc": 0.60682, "auc_std": 0.0}
{"epoch": 23, "time_epoch": 0.03185, "time_epoch_std": 0.0, "eta": 2.61539, "eta_std": 0.0, "eta_hours": 0.00073, "eta_hours_std": 0.0, "loss": 0.69207, "loss_std": 0.0, "lr": 0.00088, "lr_std": 0.0, "params": 6465.0, "params_std": 0.0, "time_iter": 0.01062, "time_iter_std": 0.0, "accuracy": 0.52381, "accuracy_std": 0.0, "precision": 0.0, "precision_std": 0.0, "recall": 0.0, "recall_std": 0.0, "f1": 0.0, "f1_std": 0.0, "auc": 0.45909, "auc_std": 0.0}
{"epoch": 24, "time_epoch": 0.03395, "time_epoch_std": 0.0, "eta": 2.5796, "eta_std": 0.0, "eta_hours": 0.00072, "eta_hours_std": 0.0, "loss": 0.69199, "loss_std": 0.0, "lr": 0.00086, "lr_std": 0.0, "params": 6465.0, "params_std": 0.0, "time_iter": 0.01132, "time_iter_std": 0.0, "accuracy": 0.52381, "accuracy_std": 0.0, "precision": 0.0, "precision_std": 0.0, "recall": 0.0, "recall_std": 0.0, "f1": 0.0, "f1_std": 0.0, "auc": 0.51136, "auc_std": 0.0}
{"epoch": 25, "time_epoch": 0.03787, "time_epoch_std": 0.0, "eta": 2.55511, "eta_std": 0.0, "eta_hours": 0.00071, "eta_hours_std": 0.0, "loss": 0.69198, "loss_std": 0.0, "lr": 0.00085, "lr_std": 0.0, "params": 6465.0, "params_std": 0.0, "time_iter": 0.01262, "time_iter_std": 0.0, "accuracy": 0.52381, "accuracy_std": 0.0, "precision": 0.0, "precision_std": 0.0, "recall": 0.0, "recall_std": 0.0, "f1": 0.0, "f1_std": 0.0, "auc": 0.48864, "auc_std": 0.0}
{"epoch": 26, "time_epoch": 0.03183, "time_epoch_std": 0.0, "eta": 2.51328, "eta_std": 0.0, "eta_hours": 0.0007, "eta_hours_std": 0.0, "loss": 0.69204, "loss_std": 0.0, "lr": 0.00084, "lr_std": 0.0, "params": 6465.0, "params_std": 0.0, "time_iter": 0.01061, "time_iter_std": 0.0, "accuracy": 0.52381, "accuracy_std": 0.0, "precision": 0.0, "precision_std": 0.0, "recall": 0.0, "recall_std": 0.0, "f1": 0.0, "f1_std": 0.0, "auc": 0.49318, "auc_std": 0.0}
{"epoch": 27, "time_epoch": 0.03191, "time_epoch_std": 0.0, "eta": 2.47237, "eta_std": 0.0, "eta_hours": 0.00069, "eta_hours_std": 0.0, "loss": 0.6919, "loss_std": 0.0, "lr": 0.00083, "lr_std": 0.0, "params": 6465.0, "params_std": 0.0, "time_iter": 0.01064, "time_iter_std": 0.0, "accuracy": 0.52381, "accuracy_std": 0.0, "precision": 0.0, "precision_std": 0.0, "recall": 0.0, "recall_std": 0.0, "f1": 0.0, "f1_std": 0.0, "auc": 0.58636, "auc_std": 0.0}
{"epoch": 28, "time_epoch": 0.03164, "time_epoch_std": 0.0, "eta": 2.43143, "eta_std": 0.0, "eta_hours": 0.00068, "eta_hours_std": 0.0, "loss": 0.69186, "loss_std": 0.0, "lr": 0.00082, "lr_std": 0.0, "params": 6465.0, "params_std": 0.0, "time_iter": 0.01055, "time_iter_std": 0.0, "accuracy": 0.52381, "accuracy_std": 0.0, "precision": 0.0, "precision_std": 0.0, "recall": 0.0, "recall_std": 0.0, "f1": 0.0, "f1_std": 0.0, "auc": 0.68409, "auc_std": 0.0}
{"epoch": 29, "time_epoch": 0.03182, "time_epoch_std": 0.0, "eta": 2.39153, "eta_std": 0.0, "eta_hours": 0.00066, "eta_hours_std": 0.0, "loss": 0.69205, "loss_std": 0.0, "lr": 0.00081, "lr_std": 0.0, "params": 6465.0, "params_std": 0.0, "time_iter": 0.01061, "time_iter_std": 0.0, "accuracy": 0.52381, "accuracy_std": 0.0, "precision": 0.0, "precision_std": 0.0, "recall": 0.0, "recall_std": 0.0, "f1": 0.0, "f1_std": 0.0, "auc": 0.44545, "auc_std": 0.0}
{"epoch": 30, "time_epoch": 0.03316, "time_epoch_std": 0.0, "eta": 2.35513, "eta_std": 0.0, "eta_hours": 0.00065, "eta_hours_std": 0.0, "loss": 0.6921, "loss_std": 0.0, "lr": 0.00079, "lr_std": 0.0, "params": 6465.0, "params_std": 0.0, "time_iter": 0.01105, "time_iter_std": 0.0, "accuracy": 0.52381, "accuracy_std": 0.0, "precision": 0.0, "precision_std": 0.0, "recall": 0.0, "recall_std": 0.0, "f1": 0.0, "f1_std": 0.0, "auc": 0.52045, "auc_std": 0.0}
{"epoch": 31, "time_epoch": 0.03115, "time_epoch_std": 0.0, "eta": 2.31467, "eta_std": 0.0, "eta_hours": 0.00064, "eta_hours_std": 0.0, "loss": 0.69211, "loss_std": 0.0, "lr": 0.00078, "lr_std": 0.0, "params": 6465.0, "params_std": 0.0, "time_iter": 0.01038, "time_iter_std": 0.0, "accuracy": 0.52381, "accuracy_std": 0.0, "precision": 0.0, "precision_std": 0.0, "recall": 0.0, "recall_std": 0.0, "f1": 0.0, "f1_std": 0.0, "auc": 0.42955, "auc_std": 0.0}
{"epoch": 32, "time_epoch": 0.03258, "time_epoch_std": 0.0, "eta": 2.27768, "eta_std": 0.0, "eta_hours": 0.00063, "eta_hours_std": 0.0, "loss": 0.69208, "loss_std": 0.0, "lr": 0.00077, "lr_std": 0.0, "params": 6465.0, "params_std": 0.0, "time_iter": 0.01086, "time_iter_std": 0.0, "accuracy": 0.52381, "accuracy_std": 0.0, "precision": 0.0, "precision_std": 0.0, "recall": 0.0, "recall_std": 0.0, "f1": 0.0, "f1_std": 0.0, "auc": 0.46591, "auc_std": 0.0}
{"epoch": 33, "time_epoch": 0.03191, "time_epoch_std": 0.0, "eta": 2.23963, "eta_std": 0.0, "eta_hours": 0.00062, "eta_hours_std": 0.0, "loss": 0.69199, "loss_std": 0.0, "lr": 0.00075, "lr_std": 0.0, "params": 6465.0, "params_std": 0.0, "time_iter": 0.01064, "time_iter_std": 0.0, "accuracy": 0.52381, "accuracy_std": 0.0, "precision": 0.0, "precision_std": 0.0, "recall": 0.0, "recall_std": 0.0, "f1": 0.0, "f1_std": 0.0, "auc": 0.44545, "auc_std": 0.0}
{"epoch": 34, "time_epoch": 0.03159, "time_epoch_std": 0.0, "eta": 2.20134, "eta_std": 0.0, "eta_hours": 0.00061, "eta_hours_std": 0.0, "loss": 0.69193, "loss_std": 0.0, "lr": 0.00074, "lr_std": 0.0, "params": 6465.0, "params_std": 0.0, "time_iter": 0.01053, "time_iter_std": 0.0, "accuracy": 0.52381, "accuracy_std": 0.0, "precision": 0.0, "precision_std": 0.0, "recall": 0.0, "recall_std": 0.0, "f1": 0.0, "f1_std": 0.0, "auc": 0.53636, "auc_std": 0.0}
{"epoch": 35, "time_epoch": 0.03189, "time_epoch_std": 0.0, "eta": 2.16397, "eta_std": 0.0, "eta_hours": 0.0006, "eta_hours_std": 0.0, "loss": 0.69212, "loss_std": 0.0, "lr": 0.00073, "lr_std": 0.0, "params": 6465.0, "params_std": 0.0, "time_iter": 0.01063, "time_iter_std": 0.0, "accuracy": 0.52381, "accuracy_std": 0.0, "precision": 0.0, "precision_std": 0.0, "recall": 0.0, "recall_std": 0.0, "f1": 0.0, "f1_std": 0.0, "auc": 0.47273, "auc_std": 0.0}
{"epoch": 36, "time_epoch": 0.03171, "time_epoch_std": 0.0, "eta": 2.12657, "eta_std": 0.0, "eta_hours": 0.00059, "eta_hours_std": 0.0, "loss": 0.69214, "loss_std": 0.0, "lr": 0.00071, "lr_std": 0.0, "params": 6465.0, "params_std": 0.0, "time_iter": 0.01057, "time_iter_std": 0.0, "accuracy": 0.52381, "accuracy_std": 0.0, "precision": 0.0, "precision_std": 0.0, "recall": 0.0, "recall_std": 0.0, "f1": 0.0, "f1_std": 0.0, "auc": 0.36818, "auc_std": 0.0}
{"epoch": 37, "time_epoch": 0.03427, "time_epoch_std": 0.0, "eta": 2.09366, "eta_std": 0.0, "eta_hours": 0.00058, "eta_hours_std": 0.0, "loss": 0.69221, "loss_std": 0.0, "lr": 0.0007, "lr_std": 0.0, "params": 6465.0, "params_std": 0.0, "time_iter": 0.01142, "time_iter_std": 0.0, "accuracy": 0.52381, "accuracy_std": 0.0, "precision": 0.0, "precision_std": 0.0, "recall": 0.0, "recall_std": 0.0, "f1": 0.0, "f1_std": 0.0, "auc": 0.36364, "auc_std": 0.0}
{"epoch": 38, "time_epoch": 0.03253, "time_epoch_std": 0.0, "eta": 2.05795, "eta_std": 0.0, "eta_hours": 0.00057, "eta_hours_std": 0.0, "loss": 0.69195, "loss_std": 0.0, "lr": 0.00068, "lr_std": 0.0, "params": 6465.0, "params_std": 0.0, "time_iter": 0.01084, "time_iter_std": 0.0, "accuracy": 0.52381, "accuracy_std": 0.0, "precision": 0.0, "precision_std": 0.0, "recall": 0.0, "recall_std": 0.0, "f1": 0.0, "f1_std": 0.0, "auc": 0.6, "auc_std": 0.0}
{"epoch": 39, "time_epoch": 0.03206, "time_epoch_std": 0.0, "eta": 2.0217, "eta_std": 0.0, "eta_hours": 0.00056, "eta_hours_std": 0.0, "loss": 0.69197, "loss_std": 0.0, "lr": 0.00067, "lr_std": 0.0, "params": 6465.0, "params_std": 0.0, "time_iter": 0.01069, "time_iter_std": 0.0, "accuracy": 0.52381, "accuracy_std": 0.0, "precision": 0.0, "precision_std": 0.0, "recall": 0.0, "recall_std": 0.0, "f1": 0.0, "f1_std": 0.0, "auc": 0.53182, "auc_std": 0.0}
{"epoch": 40, "time_epoch": 0.03195, "time_epoch_std": 0.0, "eta": 1.9855, "eta_std": 0.0, "eta_hours": 0.00055, "eta_hours_std": 0.0, "loss": 0.69201, "loss_std": 0.0, "lr": 0.00065, "lr_std": 0.0, "params": 6465.0, "params_std": 0.0, "time_iter": 0.01065, "time_iter_std": 0.0, "accuracy": 0.52381, "accuracy_std": 0.0, "precision": 0.0, "precision_std": 0.0, "recall": 0.0, "recall_std": 0.0, "f1": 0.0, "f1_std": 0.0, "auc": 0.49091, "auc_std": 0.0}
{"epoch": 41, "time_epoch": 0.03303, "time_epoch_std": 0.0, "eta": 1.95098, "eta_std": 0.0, "eta_hours": 0.00054, "eta_hours_std": 0.0, "loss": 0.69197, "loss_std": 0.0, "lr": 0.00064, "lr_std": 0.0, "params": 6465.0, "params_std": 0.0, "time_iter": 0.01101, "time_iter_std": 0.0, "accuracy": 0.52381, "accuracy_std": 0.0, "precision": 0.0, "precision_std": 0.0, "recall": 0.0, "recall_std": 0.0, "f1": 0.0, "f1_std": 0.0, "auc": 0.52045, "auc_std": 0.0}
{"epoch": 42, "time_epoch": 0.03266, "time_epoch_std": 0.0, "eta": 1.91605, "eta_std": 0.0, "eta_hours": 0.00053, "eta_hours_std": 0.0, "loss": 0.69193, "loss_std": 0.0, "lr": 0.00062, "lr_std": 0.0, "params": 6465.0, "params_std": 0.0, "time_iter": 0.01089, "time_iter_std": 0.0, "accuracy": 0.52381, "accuracy_std": 0.0, "precision": 0.0, "precision_std": 0.0, "recall": 0.0, "recall_std": 0.0, "f1": 0.0, "f1_std": 0.0, "auc": 0.59773, "auc_std": 0.0}
{"epoch": 43, "time_epoch": 0.03157, "time_epoch_std": 0.0, "eta": 1.87982, "eta_std": 0.0, "eta_hours": 0.00052, "eta_hours_std": 0.0, "loss": 0.69193, "loss_std": 0.0, "lr": 0.00061, "lr_std": 0.0, "params": 6465.0, "params_std": 0.0, "time_iter": 0.01052, "time_iter_std": 0.0, "accuracy": 0.52381, "accuracy_std": 0.0, "precision": 0.0, "precision_std": 0.0, "recall": 0.0, "recall_std": 0.0, "f1": 0.0, "f1_std": 0.0, "auc": 0.56136, "auc_std": 0.0}
{"epoch": 44, "time_epoch": 0.03575, "time_epoch_std": 0.0, "eta": 1.84892, "eta_std": 0.0, "eta_hours": 0.00051, "eta_hours_std": 0.0, "loss": 0.69211, "loss_std": 0.0, "lr": 0.00059, "lr_std": 0.0, "params": 6465.0, "params_std": 0.0, "time_iter": 0.01192, "time_iter_std": 0.0, "accuracy": 0.52381, "accuracy_std": 0.0, "precision": 0.0, "precision_std": 0.0, "recall": 0.0, "recall_std": 0.0, "f1": 0.0, "f1_std": 0.0, "auc": 0.44545, "auc_std": 0.0}
{"epoch": 45, "time_epoch": 0.03188, "time_epoch_std": 0.0, "eta": 1.81326, "eta_std": 0.0, "eta_hours": 0.0005, "eta_hours_std": 0.0, "loss": 0.69209, "loss_std": 0.0, "lr": 0.00058, "lr_std": 0.0, "params": 6465.0, "params_std": 0.0, "time_iter": 0.01063, "time_iter_std": 0.0, "accuracy": 0.52381, "accuracy_std": 0.0, "precision": 0.0, "precision_std": 0.0, "recall": 0.0, "recall_std": 0.0, "f1": 0.0, "f1_std": 0.0, "auc": 0.47955, "auc_std": 0.0}
{"epoch": 46, "time_epoch": 0.03108, "time_epoch_std": 0.0, "eta": 1.77687, "eta_std": 0.0, "eta_hours": 0.00049, "eta_hours_std": 0.0, "loss": 0.69209, "loss_std": 0.0, "lr": 0.00056, "lr_std": 0.0, "params": 6465.0, "params_std": 0.0, "time_iter": 0.01036, "time_iter_std": 0.0, "accuracy": 0.52381, "accuracy_std": 0.0, "precision": 0.0, "precision_std": 0.0, "recall": 0.0, "recall_std": 0.0, "f1": 0.0, "f1_std": 0.0, "auc": 0.45455, "auc_std": 0.0}
{"epoch": 47, "time_epoch": 0.04023, "time_epoch_std": 0.0, "eta": 1.7506, "eta_std": 0.0, "eta_hours": 0.00049, "eta_hours_std": 0.0, "loss": 0.69241, "loss_std": 0.0, "lr": 0.00055, "lr_std": 0.0, "params": 6465.0, "params_std": 0.0, "time_iter": 0.01341, "time_iter_std": 0.0, "accuracy": 0.52381, "accuracy_std": 0.0, "precision": 0.0, "precision_std": 0.0, "recall": 0.0, "recall_std": 0.0, "f1": 0.0, "f1_std": 0.0, "auc": 0.29545, "auc_std": 0.0}
{"epoch": 48, "time_epoch": 0.03708, "time_epoch_std": 0.0, "eta": 1.72049, "eta_std": 0.0, "eta_hours": 0.00048, "eta_hours_std": 0.0, "loss": 0.69205, "loss_std": 0.0, "lr": 0.00053, "lr_std": 0.0, "params": 6465.0, "params_std": 0.0, "time_iter": 0.01236, "time_iter_std": 0.0, "accuracy": 0.52381, "accuracy_std": 0.0, "precision": 0.0, "precision_std": 0.0, "recall": 0.0, "recall_std": 0.0, "f1": 0.0, "f1_std": 0.0, "auc": 0.575, "auc_std": 0.0}
{"epoch": 49, "time_epoch": 0.03726, "time_epoch_std": 0.0, "eta": 1.69029, "eta_std": 0.0, "eta_hours": 0.00047, "eta_hours_std": 0.0, "loss": 0.69206, "loss_std": 0.0, "lr": 0.00052, "lr_std": 0.0, "params": 6465.0, "params_std": 0.0, "time_iter": 0.01242, "time_iter_std": 0.0, "accuracy": 0.52381, "accuracy_std": 0.0, "precision": 0.0, "precision_std": 0.0, "recall": 0.0, "recall_std": 0.0, "f1": 0.0, "f1_std": 0.0, "auc": 0.54545, "auc_std": 0.0}
{"epoch": 50, "time_epoch": 0.0365, "time_epoch_std": 0.0, "eta": 1.65907, "eta_std": 0.0, "eta_hours": 0.00046, "eta_hours_std": 0.0, "loss": 0.69204, "loss_std": 0.0, "lr": 0.0005, "lr_std": 0.0, "params": 6465.0, "params_std": 0.0, "time_iter": 0.01217, "time_iter_std": 0.0, "accuracy": 0.52381, "accuracy_std": 0.0, "precision": 0.0, "precision_std": 0.0, "recall": 0.0, "recall_std": 0.0, "f1": 0.0, "f1_std": 0.0, "auc": 0.56818, "auc_std": 0.0}
{"epoch": 51, "time_epoch": 0.03214, "time_epoch_std": 0.0, "eta": 1.62362, "eta_std": 0.0, "eta_hours": 0.00045, "eta_hours_std": 0.0, "loss": 0.6923, "loss_std": 0.0, "lr": 0.00048, "lr_std": 0.0, "params": 6465.0, "params_std": 0.0, "time_iter": 0.01071, "time_iter_std": 0.0, "accuracy": 0.52381, "accuracy_std": 0.0, "precision": 0.0, "precision_std": 0.0, "recall": 0.0, "recall_std": 0.0, "f1": 0.0, "f1_std": 0.0, "auc": 0.30909, "auc_std": 0.0}
{"epoch": 52, "time_epoch": 0.03257, "time_epoch_std": 0.0, "eta": 1.58869, "eta_std": 0.0, "eta_hours": 0.00044, "eta_hours_std": 0.0, "loss": 0.69209, "loss_std": 0.0, "lr": 0.00047, "lr_std": 0.0, "params": 6465.0, "params_std": 0.0, "time_iter": 0.01086, "time_iter_std": 0.0, "accuracy": 0.52381, "accuracy_std": 0.0, "precision": 0.0, "precision_std": 0.0, "recall": 0.0, "recall_std": 0.0, "f1": 0.0, "f1_std": 0.0, "auc": 0.46136, "auc_std": 0.0}
{"epoch": 53, "time_epoch": 0.03204, "time_epoch_std": 0.0, "eta": 1.55338, "eta_std": 0.0, "eta_hours": 0.00043, "eta_hours_std": 0.0, "loss": 0.69207, "loss_std": 0.0, "lr": 0.00045, "lr_std": 0.0, "params": 6465.0, "params_std": 0.0, "time_iter": 0.01068, "time_iter_std": 0.0, "accuracy": 0.52381, "accuracy_std": 0.0, "precision": 0.0, "precision_std": 0.0, "recall": 0.0, "recall_std": 0.0, "f1": 0.0, "f1_std": 0.0, "auc": 0.55, "auc_std": 0.0}
{"epoch": 54, "time_epoch": 0.03105, "time_epoch_std": 0.0, "eta": 1.51739, "eta_std": 0.0, "eta_hours": 0.00042, "eta_hours_std": 0.0, "loss": 0.692, "loss_std": 0.0, "lr": 0.00044, "lr_std": 0.0, "params": 6465.0, "params_std": 0.0, "time_iter": 0.01035, "time_iter_std": 0.0, "accuracy": 0.52381, "accuracy_std": 0.0, "precision": 0.0, "precision_std": 0.0, "recall": 0.0, "recall_std": 0.0, "f1": 0.0, "f1_std": 0.0, "auc": 0.54318, "auc_std": 0.0}
{"epoch": 55, "time_epoch": 0.03151, "time_epoch_std": 0.0, "eta": 1.48193, "eta_std": 0.0, "eta_hours": 0.00041, "eta_hours_std": 0.0, "loss": 0.69212, "loss_std": 0.0, "lr": 0.00042, "lr_std": 0.0, "params": 6465.0, "params_std": 0.0, "time_iter": 0.0105, "time_iter_std": 0.0, "accuracy": 0.52381, "accuracy_std": 0.0, "precision": 0.0, "precision_std": 0.0, "recall": 0.0, "recall_std": 0.0, "f1": 0.0, "f1_std": 0.0, "auc": 0.53409, "auc_std": 0.0}
{"epoch": 56, "time_epoch": 0.03156, "time_epoch_std": 0.0, "eta": 1.44665, "eta_std": 0.0, "eta_hours": 0.0004, "eta_hours_std": 0.0, "loss": 0.69238, "loss_std": 0.0, "lr": 0.00041, "lr_std": 0.0, "params": 6465.0, "params_std": 0.0, "time_iter": 0.01052, "time_iter_std": 0.0, "accuracy": 0.52381, "accuracy_std": 0.0, "precision": 0.0, "precision_std": 0.0, "recall": 0.0, "recall_std": 0.0, "f1": 0.0, "f1_std": 0.0, "auc": 0.3, "auc_std": 0.0}
{"epoch": 57, "time_epoch": 0.03134, "time_epoch_std": 0.0, "eta": 1.41134, "eta_std": 0.0, "eta_hours": 0.00039, "eta_hours_std": 0.0, "loss": 0.69195, "loss_std": 0.0, "lr": 0.00039, "lr_std": 0.0, "params": 6465.0, "params_std": 0.0, "time_iter": 0.01045, "time_iter_std": 0.0, "accuracy": 0.52381, "accuracy_std": 0.0, "precision": 0.0, "precision_std": 0.0, "recall": 0.0, "recall_std": 0.0, "f1": 0.0, "f1_std": 0.0, "auc": 0.52045, "auc_std": 0.0}
{"epoch": 58, "time_epoch": 0.03089, "time_epoch_std": 0.0, "eta": 1.37585, "eta_std": 0.0, "eta_hours": 0.00038, "eta_hours_std": 0.0, "loss": 0.69194, "loss_std": 0.0, "lr": 0.00038, "lr_std": 0.0, "params": 6465.0, "params_std": 0.0, "time_iter": 0.0103, "time_iter_std": 0.0, "accuracy": 0.52381, "accuracy_std": 0.0, "precision": 0.0, "precision_std": 0.0, "recall": 0.0, "recall_std": 0.0, "f1": 0.0, "f1_std": 0.0, "auc": 0.62386, "auc_std": 0.0}
{"epoch": 59, "time_epoch": 0.03138, "time_epoch_std": 0.0, "eta": 1.34084, "eta_std": 0.0, "eta_hours": 0.00037, "eta_hours_std": 0.0, "loss": 0.69201, "loss_std": 0.0, "lr": 0.00036, "lr_std": 0.0, "params": 6465.0, "params_std": 0.0, "time_iter": 0.01046, "time_iter_std": 0.0, "accuracy": 0.52381, "accuracy_std": 0.0, "precision": 0.0, "precision_std": 0.0, "recall": 0.0, "recall_std": 0.0, "f1": 0.0, "f1_std": 0.0, "auc": 0.57045, "auc_std": 0.0}
{"epoch": 60, "time_epoch": 0.0313, "time_epoch_std": 0.0, "eta": 1.3059, "eta_std": 0.0, "eta_hours": 0.00036, "eta_hours_std": 0.0, "loss": 0.69234, "loss_std": 0.0, "lr": 0.00035, "lr_std": 0.0, "params": 6465.0, "params_std": 0.0, "time_iter": 0.01043, "time_iter_std": 0.0, "accuracy": 0.52381, "accuracy_std": 0.0, "precision": 0.0, "precision_std": 0.0, "recall": 0.0, "recall_std": 0.0, "f1": 0.0, "f1_std": 0.0, "auc": 0.31591, "auc_std": 0.0}
{"epoch": 61, "time_epoch": 0.03068, "time_epoch_std": 0.0, "eta": 1.2707, "eta_std": 0.0, "eta_hours": 0.00035, "eta_hours_std": 0.0, "loss": 0.692, "loss_std": 0.0, "lr": 0.00033, "lr_std": 0.0, "params": 6465.0, "params_std": 0.0, "time_iter": 0.01023, "time_iter_std": 0.0, "accuracy": 0.52381, "accuracy_std": 0.0, "precision": 0.0, "precision_std": 0.0, "recall": 0.0, "recall_std": 0.0, "f1": 0.0, "f1_std": 0.0, "auc": 0.49545, "auc_std": 0.0}
{"epoch": 62, "time_epoch": 0.03158, "time_epoch_std": 0.0, "eta": 1.23617, "eta_std": 0.0, "eta_hours": 0.00034, "eta_hours_std": 0.0, "loss": 0.692, "loss_std": 0.0, "lr": 0.00032, "lr_std": 0.0, "params": 6465.0, "params_std": 0.0, "time_iter": 0.01053, "time_iter_std": 0.0, "accuracy": 0.52381, "accuracy_std": 0.0, "precision": 0.0, "precision_std": 0.0, "recall": 0.0, "recall_std": 0.0, "f1": 0.0, "f1_std": 0.0, "auc": 0.52727, "auc_std": 0.0}
{"epoch": 63, "time_epoch": 0.03192, "time_epoch_std": 0.0, "eta": 1.20192, "eta_std": 0.0, "eta_hours": 0.00033, "eta_hours_std": 0.0, "loss": 0.69189, "loss_std": 0.0, "lr": 0.0003, "lr_std": 0.0, "params": 6465.0, "params_std": 0.0, "time_iter": 0.01064, "time_iter_std": 0.0, "accuracy": 0.52381, "accuracy_std": 0.0, "precision": 0.0, "precision_std": 0.0, "recall": 0.0, "recall_std": 0.0, "f1": 0.0, "f1_std": 0.0, "auc": 0.59773, "auc_std": 0.0}
{"epoch": 64, "time_epoch": 0.03176, "time_epoch_std": 0.0, "eta": 1.16765, "eta_std": 0.0, "eta_hours": 0.00032, "eta_hours_std": 0.0, "loss": 0.69204, "loss_std": 0.0, "lr": 0.00029, "lr_std": 0.0, "params": 6465.0, "params_std": 0.0, "time_iter": 0.01059, "time_iter_std": 0.0, "accuracy": 0.52381, "accuracy_std": 0.0, "precision": 0.0, "precision_std": 0.0, "recall": 0.0, "recall_std": 0.0, "f1": 0.0, "f1_std": 0.0, "auc": 0.51818, "auc_std": 0.0}
{"epoch": 65, "time_epoch": 0.03125, "time_epoch_std": 0.0, "eta": 1.13321, "eta_std": 0.0, "eta_hours": 0.00031, "eta_hours_std": 0.0, "loss": 0.69206, "loss_std": 0.0, "lr": 0.00027, "lr_std": 0.0, "params": 6465.0, "params_std": 0.0, "time_iter": 0.01042, "time_iter_std": 0.0, "accuracy": 0.52381, "accuracy_std": 0.0, "precision": 0.0, "precision_std": 0.0, "recall": 0.0, "recall_std": 0.0, "f1": 0.0, "f1_std": 0.0, "auc": 0.49773, "auc_std": 0.0}
{"epoch": 66, "time_epoch": 0.03082, "time_epoch_std": 0.0, "eta": 1.09864, "eta_std": 0.0, "eta_hours": 0.00031, "eta_hours_std": 0.0, "loss": 0.69209, "loss_std": 0.0, "lr": 0.00026, "lr_std": 0.0, "params": 6465.0, "params_std": 0.0, "time_iter": 0.01027, "time_iter_std": 0.0, "accuracy": 0.52381, "accuracy_std": 0.0, "precision": 0.0, "precision_std": 0.0, "recall": 0.0, "recall_std": 0.0, "f1": 0.0, "f1_std": 0.0, "auc": 0.45682, "auc_std": 0.0}
{"epoch": 67, "time_epoch": 0.03057, "time_epoch_std": 0.0, "eta": 1.06407, "eta_std": 0.0, "eta_hours": 0.0003, "eta_hours_std": 0.0, "loss": 0.69209, "loss_std": 0.0, "lr": 0.00025, "lr_std": 0.0, "params": 6465.0, "params_std": 0.0, "time_iter": 0.01019, "time_iter_std": 0.0, "accuracy": 0.52381, "accuracy_std": 0.0, "precision": 0.0, "precision_std": 0.0, "recall": 0.0, "recall_std": 0.0, "f1": 0.0, "f1_std": 0.0, "auc": 0.4, "auc_std": 0.0}
{"epoch": 68, "time_epoch": 0.03111, "time_epoch_std": 0.0, "eta": 1.02986, "eta_std": 0.0, "eta_hours": 0.00029, "eta_hours_std": 0.0, "loss": 0.69203, "loss_std": 0.0, "lr": 0.00023, "lr_std": 0.0, "params": 6465.0, "params_std": 0.0, "time_iter": 0.01037, "time_iter_std": 0.0, "accuracy": 0.52381, "accuracy_std": 0.0, "precision": 0.0, "precision_std": 0.0, "recall": 0.0, "recall_std": 0.0, "f1": 0.0, "f1_std": 0.0, "auc": 0.46136, "auc_std": 0.0}
{"epoch": 69, "time_epoch": 0.03068, "time_epoch_std": 0.0, "eta": 0.99555, "eta_std": 0.0, "eta_hours": 0.00028, "eta_hours_std": 0.0, "loss": 0.69211, "loss_std": 0.0, "lr": 0.00022, "lr_std": 0.0, "params": 6465.0, "params_std": 0.0, "time_iter": 0.01023, "time_iter_std": 0.0, "accuracy": 0.52381, "accuracy_std": 0.0, "precision": 0.0, "precision_std": 0.0, "recall": 0.0, "recall_std": 0.0, "f1": 0.0, "f1_std": 0.0, "auc": 0.45227, "auc_std": 0.0}
{"epoch": 70, "time_epoch": 0.0317, "time_epoch_std": 0.0, "eta": 0.96175, "eta_std": 0.0, "eta_hours": 0.00027, "eta_hours_std": 0.0, "loss": 0.69187, "loss_std": 0.0, "lr": 0.00021, "lr_std": 0.0, "params": 6465.0, "params_std": 0.0, "time_iter": 0.01057, "time_iter_std": 0.0, "accuracy": 0.52381, "accuracy_std": 0.0, "precision": 0.0, "precision_std": 0.0, "recall": 0.0, "recall_std": 0.0, "f1": 0.0, "f1_std": 0.0, "auc": 0.59773, "auc_std": 0.0}
{"epoch": 71, "time_epoch": 0.0314, "time_epoch_std": 0.0, "eta": 0.9279, "eta_std": 0.0, "eta_hours": 0.00026, "eta_hours_std": 0.0, "loss": 0.69202, "loss_std": 0.0, "lr": 0.00019, "lr_std": 0.0, "params": 6465.0, "params_std": 0.0, "time_iter": 0.01047, "time_iter_std": 0.0, "accuracy": 0.52381, "accuracy_std": 0.0, "precision": 0.0, "precision_std": 0.0, "recall": 0.0, "recall_std": 0.0, "f1": 0.0, "f1_std": 0.0, "auc": 0.5, "auc_std": 0.0}
{"epoch": 72, "time_epoch": 0.03124, "time_epoch_std": 0.0, "eta": 0.89406, "eta_std": 0.0, "eta_hours": 0.00025, "eta_hours_std": 0.0, "loss": 0.69195, "loss_std": 0.0, "lr": 0.00018, "lr_std": 0.0, "params": 6465.0, "params_std": 0.0, "time_iter": 0.01041, "time_iter_std": 0.0, "accuracy": 0.52381, "accuracy_std": 0.0, "precision": 0.0, "precision_std": 0.0, "recall": 0.0, "recall_std": 0.0, "f1": 0.0, "f1_std": 0.0, "auc": 0.57045, "auc_std": 0.0}
{"epoch": 73, "time_epoch": 0.03131, "time_epoch_std": 0.0, "eta": 0.86032, "eta_std": 0.0, "eta_hours": 0.00024, "eta_hours_std": 0.0, "loss": 0.69218, "loss_std": 0.0, "lr": 0.00017, "lr_std": 0.0, "params": 6465.0, "params_std": 0.0, "time_iter": 0.01044, "time_iter_std": 0.0, "accuracy": 0.52381, "accuracy_std": 0.0, "precision": 0.0, "precision_std": 0.0, "recall": 0.0, "recall_std": 0.0, "f1": 0.0, "f1_std": 0.0, "auc": 0.36818, "auc_std": 0.0}
{"epoch": 74, "time_epoch": 0.03131, "time_epoch_std": 0.0, "eta": 0.82664, "eta_std": 0.0, "eta_hours": 0.00023, "eta_hours_std": 0.0, "loss": 0.69195, "loss_std": 0.0, "lr": 0.00016, "lr_std": 0.0, "params": 6465.0, "params_std": 0.0, "time_iter": 0.01044, "time_iter_std": 0.0, "accuracy": 0.52381, "accuracy_std": 0.0, "precision": 0.0, "precision_std": 0.0, "recall": 0.0, "recall_std": 0.0, "f1": 0.0, "f1_std": 0.0, "auc": 0.54091, "auc_std": 0.0}
{"epoch": 75, "time_epoch": 0.03249, "time_epoch_std": 0.0, "eta": 0.79339, "eta_std": 0.0, "eta_hours": 0.00022, "eta_hours_std": 0.0, "loss": 0.69177, "loss_std": 0.0, "lr": 0.00015, "lr_std": 0.0, "params": 6465.0, "params_std": 0.0, "time_iter": 0.01083, "time_iter_std": 0.0, "accuracy": 0.52381, "accuracy_std": 0.0, "precision": 0.0, "precision_std": 0.0, "recall": 0.0, "recall_std": 0.0, "f1": 0.0, "f1_std": 0.0, "auc": 0.70455, "auc_std": 0.0}
{"epoch": 76, "time_epoch": 0.03247, "time_epoch_std": 0.0, "eta": 0.76015, "eta_std": 0.0, "eta_hours": 0.00021, "eta_hours_std": 0.0, "loss": 0.69218, "loss_std": 0.0, "lr": 0.00014, "lr_std": 0.0, "params": 6465.0, "params_std": 0.0, "time_iter": 0.01082, "time_iter_std": 0.0, "accuracy": 0.52381, "accuracy_std": 0.0, "precision": 0.0, "precision_std": 0.0, "recall": 0.0, "recall_std": 0.0, "f1": 0.0, "f1_std": 0.0, "auc": 0.36136, "auc_std": 0.0}
{"epoch": 77, "time_epoch": 0.03301, "time_epoch_std": 0.0, "eta": 0.72709, "eta_std": 0.0, "eta_hours": 0.0002, "eta_hours_std": 0.0, "loss": 0.69212, "loss_std": 0.0, "lr": 0.00012, "lr_std": 0.0, "params": 6465.0, "params_std": 0.0, "time_iter": 0.011, "time_iter_std": 0.0, "accuracy": 0.52381, "accuracy_std": 0.0, "precision": 0.0, "precision_std": 0.0, "recall": 0.0, "recall_std": 0.0, "f1": 0.0, "f1_std": 0.0, "auc": 0.36364, "auc_std": 0.0}
{"epoch": 78, "time_epoch": 0.03237, "time_epoch_std": 0.0, "eta": 0.69386, "eta_std": 0.0, "eta_hours": 0.00019, "eta_hours_std": 0.0, "loss": 0.6919, "loss_std": 0.0, "lr": 0.00011, "lr_std": 0.0, "params": 6465.0, "params_std": 0.0, "time_iter": 0.01079, "time_iter_std": 0.0, "accuracy": 0.52381, "accuracy_std": 0.0, "precision": 0.0, "precision_std": 0.0, "recall": 0.0, "recall_std": 0.0, "f1": 0.0, "f1_std": 0.0, "auc": 0.58636, "auc_std": 0.0}
{"epoch": 79, "time_epoch": 0.03078, "time_epoch_std": 0.0, "eta": 0.66026, "eta_std": 0.0, "eta_hours": 0.00018, "eta_hours_std": 0.0, "loss": 0.69192, "loss_std": 0.0, "lr": 0.0001, "lr_std": 0.0, "params": 6465.0, "params_std": 0.0, "time_iter": 0.01026, "time_iter_std": 0.0, "accuracy": 0.52381, "accuracy_std": 0.0, "precision": 0.0, "precision_std": 0.0, "recall": 0.0, "recall_std": 0.0, "f1": 0.0, "f1_std": 0.0, "auc": 0.58409, "auc_std": 0.0}
{"epoch": 80, "time_epoch": 0.03075, "time_epoch_std": 0.0, "eta": 0.62671, "eta_std": 0.0, "eta_hours": 0.00017, "eta_hours_std": 0.0, "loss": 0.69188, "loss_std": 0.0, "lr": 0.0001, "lr_std": 0.0, "params": 6465.0, "params_std": 0.0, "time_iter": 0.01025, "time_iter_std": 0.0, "accuracy": 0.52381, "accuracy_std": 0.0, "precision": 0.0, "precision_std": 0.0, "recall": 0.0, "recall_std": 0.0, "f1": 0.0, "f1_std": 0.0, "auc": 0.66591, "auc_std": 0.0}
{"epoch": 81, "time_epoch": 0.03098, "time_epoch_std": 0.0, "eta": 0.59329, "eta_std": 0.0, "eta_hours": 0.00016, "eta_hours_std": 0.0, "loss": 0.69224, "loss_std": 0.0, "lr": 9e-05, "lr_std": 0.0, "params": 6465.0, "params_std": 0.0, "time_iter": 0.01033, "time_iter_std": 0.0, "accuracy": 0.52381, "accuracy_std": 0.0, "precision": 0.0, "precision_std": 0.0, "recall": 0.0, "recall_std": 0.0, "f1": 0.0, "f1_std": 0.0, "auc": 0.28864, "auc_std": 0.0}
{"epoch": 82, "time_epoch": 0.03154, "time_epoch_std": 0.0, "eta": 0.56004, "eta_std": 0.0, "eta_hours": 0.00016, "eta_hours_std": 0.0, "loss": 0.69216, "loss_std": 0.0, "lr": 8e-05, "lr_std": 0.0, "params": 6465.0, "params_std": 0.0, "time_iter": 0.01051, "time_iter_std": 0.0, "accuracy": 0.52381, "accuracy_std": 0.0, "precision": 0.0, "precision_std": 0.0, "recall": 0.0, "recall_std": 0.0, "f1": 0.0, "f1_std": 0.0, "auc": 0.37727, "auc_std": 0.0}
{"epoch": 83, "time_epoch": 0.03037, "time_epoch_std": 0.0, "eta": 0.5266, "eta_std": 0.0, "eta_hours": 0.00015, "eta_hours_std": 0.0, "loss": 0.69212, "loss_std": 0.0, "lr": 7e-05, "lr_std": 0.0, "params": 6465.0, "params_std": 0.0, "time_iter": 0.01012, "time_iter_std": 0.0, "accuracy": 0.52381, "accuracy_std": 0.0, "precision": 0.0, "precision_std": 0.0, "recall": 0.0, "recall_std": 0.0, "f1": 0.0, "f1_std": 0.0, "auc": 0.41136, "auc_std": 0.0}
{"epoch": 84, "time_epoch": 0.03141, "time_epoch_std": 0.0, "eta": 0.49342, "eta_std": 0.0, "eta_hours": 0.00014, "eta_hours_std": 0.0, "loss": 0.692, "loss_std": 0.0, "lr": 6e-05, "lr_std": 0.0, "params": 6465.0, "params_std": 0.0, "time_iter": 0.01047, "time_iter_std": 0.0, "accuracy": 0.52381, "accuracy_std": 0.0, "precision": 0.0, "precision_std": 0.0, "recall": 0.0, "recall_std": 0.0, "f1": 0.0, "f1_std": 0.0, "auc": 0.45909, "auc_std": 0.0}
{"epoch": 85, "time_epoch": 0.03391, "time_epoch_std": 0.0, "eta": 0.4607, "eta_std": 0.0, "eta_hours": 0.00013, "eta_hours_std": 0.0, "loss": 0.6917, "loss_std": 0.0, "lr": 5e-05, "lr_std": 0.0, "params": 6465.0, "params_std": 0.0, "time_iter": 0.0113, "time_iter_std": 0.0, "accuracy": 0.52381, "accuracy_std": 0.0, "precision": 0.0, "precision_std": 0.0, "recall": 0.0, "recall_std": 0.0, "f1": 0.0, "f1_std": 0.0, "auc": 0.73864, "auc_std": 0.0}
{"epoch": 86, "time_epoch": 0.03379, "time_epoch_std": 0.0, "eta": 0.42792, "eta_std": 0.0, "eta_hours": 0.00012, "eta_hours_std": 0.0, "loss": 0.69202, "loss_std": 0.0, "lr": 5e-05, "lr_std": 0.0, "params": 6465.0, "params_std": 0.0, "time_iter": 0.01126, "time_iter_std": 0.0, "accuracy": 0.52381, "accuracy_std": 0.0, "precision": 0.0, "precision_std": 0.0, "recall": 0.0, "recall_std": 0.0, "f1": 0.0, "f1_std": 0.0, "auc": 0.55, "auc_std": 0.0}
{"epoch": 87, "time_epoch": 0.03781, "time_epoch_std": 0.0, "eta": 0.39567, "eta_std": 0.0, "eta_hours": 0.00011, "eta_hours_std": 0.0, "loss": 0.69188, "loss_std": 0.0, "lr": 4e-05, "lr_std": 0.0, "params": 6465.0, "params_std": 0.0, "time_iter": 0.0126, "time_iter_std": 0.0, "accuracy": 0.52381, "accuracy_std": 0.0, "precision": 0.0, "precision_std": 0.0, "recall": 0.0, "recall_std": 0.0, "f1": 0.0, "f1_std": 0.0, "auc": 0.57727, "auc_std": 0.0}
{"epoch": 88, "time_epoch": 0.03892, "time_epoch_std": 0.0, "eta": 0.36343, "eta_std": 0.0, "eta_hours": 0.0001, "eta_hours_std": 0.0, "loss": 0.69198, "loss_std": 0.0, "lr": 4e-05, "lr_std": 0.0, "params": 6465.0, "params_std": 0.0, "time_iter": 0.01297, "time_iter_std": 0.0, "accuracy": 0.52381, "accuracy_std": 0.0, "precision": 0.0, "precision_std": 0.0, "recall": 0.0, "recall_std": 0.0, "f1": 0.0, "f1_std": 0.0, "auc": 0.53409, "auc_std": 0.0}
{"epoch": 89, "time_epoch": 0.03905, "time_epoch_std": 0.0, "eta": 0.33106, "eta_std": 0.0, "eta_hours": 9e-05, "eta_hours_std": 0.0, "loss": 0.69216, "loss_std": 0.0, "lr": 3e-05, "lr_std": 0.0, "params": 6465.0, "params_std": 0.0, "time_iter": 0.01302, "time_iter_std": 0.0, "accuracy": 0.52381, "accuracy_std": 0.0, "precision": 0.0, "precision_std": 0.0, "recall": 0.0, "recall_std": 0.0, "f1": 0.0, "f1_std": 0.0, "auc": 0.40455, "auc_std": 0.0}
{"epoch": 90, "time_epoch": 0.03454, "time_epoch_std": 0.0, "eta": 0.2981, "eta_std": 0.0, "eta_hours": 8e-05, "eta_hours_std": 0.0, "loss": 0.69209, "loss_std": 0.0, "lr": 2e-05, "lr_std": 0.0, "params": 6465.0, "params_std": 0.0, "time_iter": 0.01151, "time_iter_std": 0.0, "accuracy": 0.52381, "accuracy_std": 0.0, "precision": 0.0, "precision_std": 0.0, "recall": 0.0, "recall_std": 0.0, "f1": 0.0, "f1_std": 0.0, "auc": 0.45227, "auc_std": 0.0}
{"epoch": 91, "time_epoch": 0.03607, "time_epoch_std": 0.0, "eta": 0.26523, "eta_std": 0.0, "eta_hours": 7e-05, "eta_hours_std": 0.0, "loss": 0.69202, "loss_std": 0.0, "lr": 2e-05, "lr_std": 0.0, "params": 6465.0, "params_std": 0.0, "time_iter": 0.01202, "time_iter_std": 0.0, "accuracy": 0.52381, "accuracy_std": 0.0, "precision": 0.0, "precision_std": 0.0, "recall": 0.0, "recall_std": 0.0, "f1": 0.0, "f1_std": 0.0, "auc": 0.46364, "auc_std": 0.0}
{"epoch": 92, "time_epoch": 0.03847, "time_epoch_std": 0.0, "eta": 0.23248, "eta_std": 0.0, "eta_hours": 6e-05, "eta_hours_std": 0.0, "loss": 0.69206, "loss_std": 0.0, "lr": 2e-05, "lr_std": 0.0, "params": 6465.0, "params_std": 0.0, "time_iter": 0.01282, "time_iter_std": 0.0, "accuracy": 0.52381, "accuracy_std": 0.0, "precision": 0.0, "precision_std": 0.0, "recall": 0.0, "recall_std": 0.0, "f1": 0.0, "f1_std": 0.0, "auc": 0.47727, "auc_std": 0.0}
{"epoch": 93, "time_epoch": 0.04135, "time_epoch_std": 0.0, "eta": 0.19979, "eta_std": 0.0, "eta_hours": 6e-05, "eta_hours_std": 0.0, "loss": 0.69186, "loss_std": 0.0, "lr": 1e-05, "lr_std": 0.0, "params": 6465.0, "params_std": 0.0, "time_iter": 0.01378, "time_iter_std": 0.0, "accuracy": 0.52381, "accuracy_std": 0.0, "precision": 0.0, "precision_std": 0.0, "recall": 0.0, "recall_std": 0.0, "f1": 0.0, "f1_std": 0.0, "auc": 0.65909, "auc_std": 0.0}
{"epoch": 94, "time_epoch": 0.0365, "time_epoch_std": 0.0, "eta": 0.16666, "eta_std": 0.0, "eta_hours": 5e-05, "eta_hours_std": 0.0, "loss": 0.69193, "loss_std": 0.0, "lr": 1e-05, "lr_std": 0.0, "params": 6465.0, "params_std": 0.0, "time_iter": 0.01217, "time_iter_std": 0.0, "accuracy": 0.52381, "accuracy_std": 0.0, "precision": 0.0, "precision_std": 0.0, "recall": 0.0, "recall_std": 0.0, "f1": 0.0, "f1_std": 0.0, "auc": 0.57273, "auc_std": 0.0}
{"epoch": 95, "time_epoch": 0.03662, "time_epoch_std": 0.0, "eta": 0.13346, "eta_std": 0.0, "eta_hours": 4e-05, "eta_hours_std": 0.0, "loss": 0.6919, "loss_std": 0.0, "lr": 1e-05, "lr_std": 0.0, "params": 6465.0, "params_std": 0.0, "time_iter": 0.01221, "time_iter_std": 0.0, "accuracy": 0.52381, "accuracy_std": 0.0, "precision": 0.0, "precision_std": 0.0, "recall": 0.0, "recall_std": 0.0, "f1": 0.0, "f1_std": 0.0, "auc": 0.61591, "auc_std": 0.0}
{"epoch": 96, "time_epoch": 0.03621, "time_epoch_std": 0.0, "eta": 0.10018, "eta_std": 0.0, "eta_hours": 3e-05, "eta_hours_std": 0.0, "loss": 0.69176, "loss_std": 0.0, "lr": 0.0, "lr_std": 0.0, "params": 6465.0, "params_std": 0.0, "time_iter": 0.01207, "time_iter_std": 0.0, "accuracy": 0.52381, "accuracy_std": 0.0, "precision": 0.0, "precision_std": 0.0, "recall": 0.0, "recall_std": 0.0, "f1": 0.0, "f1_std": 0.0, "auc": 0.68864, "auc_std": 0.0}
{"epoch": 97, "time_epoch": 0.03663, "time_epoch_std": 0.0, "eta": 0.06686, "eta_std": 0.0, "eta_hours": 2e-05, "eta_hours_std": 0.0, "loss": 0.69193, "loss_std": 0.0, "lr": 0.0, "lr_std": 0.0, "params": 6465.0, "params_std": 0.0, "time_iter": 0.01221, "time_iter_std": 0.0, "accuracy": 0.52381, "accuracy_std": 0.0, "precision": 0.0, "precision_std": 0.0, "recall": 0.0, "recall_std": 0.0, "f1": 0.0, "f1_std": 0.0, "auc": 0.58409, "auc_std": 0.0}
{"epoch": 98, "time_epoch": 0.03495, "time_epoch_std": 0.0, "eta": 0.03344, "eta_std": 0.0, "eta_hours": 1e-05, "eta_hours_std": 0.0, "loss": 0.69201, "loss_std": 0.0, "lr": 0.0, "lr_std": 0.0, "params": 6465.0, "params_std": 0.0, "time_iter": 0.01165, "time_iter_std": 0.0, "accuracy": 0.52381, "accuracy_std": 0.0, "precision": 0.0, "precision_std": 0.0, "recall": 0.0, "recall_std": 0.0, "f1": 0.0, "f1_std": 0.0, "auc": 0.49318, "auc_std": 0.0}
{"epoch": 99, "time_epoch": 0.03398, "time_epoch_std": 0.0, "eta": 0.0, "eta_std": 0.0, "eta_hours": 0.0, "eta_hours_std": 0.0, "loss": 0.69198, "loss_std": 0.0, "lr": 0.0, "lr_std": 0.0, "params": 6465.0, "params_std": 0.0, "time_iter": 0.01133, "time_iter_std": 0.0, "accuracy": 0.52381, "accuracy_std": 0.0, "precision": 0.0, "precision_std": 0.0, "recall": 0.0, "recall_std": 0.0, "f1": 0.0, "f1_std": 0.0, "auc": 0.52955, "auc_std": 0.0}
