{"epoch": 0, "time_epoch": 15.63184, "eta": 1547.55209, "eta_hours": 0.42988, "loss": 0.67982486, "lr": 0.001, "params": 6215, "time_iter": 0.44662, "accuracy": 0.61871, "precision": 0.625, "recall": 0.06881, "f1": 0.12397, "auc": 0.601}
{"epoch": 1, "time_epoch": 1.70007, "eta": 849.26361, "eta_hours": 0.23591, "loss": 0.6419902, "lr": 0.00099975, "params": 6215, "time_iter": 0.04857, "accuracy": 0.69245, "precision": 0.64242, "recall": 0.48624, "f1": 0.55352, "auc": 0.7388}
{"epoch": 2, "time_epoch": 1.61379, "eta": 612.57768, "eta_hours": 0.17016, "loss": 0.60133117, "lr": 0.00099901, "params": 6215, "time_iter": 0.04611, "accuracy": 0.71043, "precision": 0.66286, "recall": 0.53211, "f1": 0.59033, "auc": 0.74233}
{"epoch": 3, "time_epoch": 1.64376, "eta": 494.14717, "eta_hours": 0.13726, "loss": 0.56714826, "lr": 0.00099778, "params": 6215, "time_iter": 0.04696, "accuracy": 0.72302, "precision": 0.69512, "recall": 0.52294, "f1": 0.59686, "auc": 0.76889}
{"epoch": 4, "time_epoch": 1.76064, "eta": 424.65206, "eta_hours": 0.11796, "loss": 0.56298417, "lr": 0.00099606, "params": 6215, "time_iter": 0.0503, "accuracy": 0.71223, "precision": 0.68125, "recall": 0.5, "f1": 0.57672, "auc": 0.77214}
{"epoch": 5, "time_epoch": 1.57247, "eta": 374.78707, "eta_hours": 0.10411, "loss": 0.54608734, "lr": 0.00099384, "params": 6215, "time_iter": 0.04493, "accuracy": 0.73201, "precision": 0.69061, "recall": 0.57339, "f1": 0.62657, "auc": 0.79109}
{"epoch": 6, "time_epoch": 1.72618, "eta": 340.76211, "eta_hours": 0.09466, "loss": 0.53862889, "lr": 0.00099114, "params": 6215, "time_iter": 0.04932, "accuracy": 0.73381, "precision": 0.72727, "recall": 0.51376, "f1": 0.60215, "auc": 0.79329}
{"epoch": 7, "time_epoch": 1.51482, "eta": 312.38122, "eta_hours": 0.08677, "loss": 0.53684167, "lr": 0.00098796, "params": 6215, "time_iter": 0.04328, "accuracy": 0.75, "precision": 0.72832, "recall": 0.57798, "f1": 0.6445, "auc": 0.79365}
{"epoch": 8, "time_epoch": 1.43857, "eta": 289.19958, "eta_hours": 0.08033, "loss": 0.54443938, "lr": 0.00098429, "params": 6215, "time_iter": 0.0411, "accuracy": 0.72482, "precision": 0.71242, "recall": 0.5, "f1": 0.5876, "auc": 0.78193}
{"epoch": 9, "time_epoch": 1.37177, "eta": 269.76533, "eta_hours": 0.07493, "loss": 0.53673795, "lr": 0.00098015, "params": 6215, "time_iter": 0.03919, "accuracy": 0.74101, "precision": 0.74342, "recall": 0.51835, "f1": 0.61081, "auc": 0.79644}
{"epoch": 10, "time_epoch": 1.37272, "eta": 253.62289, "eta_hours": 0.07045, "loss": 0.52738523, "lr": 0.00097553, "params": 6215, "time_iter": 0.03922, "accuracy": 0.7446, "precision": 0.72892, "recall": 0.55505, "f1": 0.63021, "auc": 0.80138}
{"epoch": 11, "time_epoch": 1.44522, "eta": 240.4737, "eta_hours": 0.0668, "loss": 0.51459604, "lr": 0.00097044, "params": 6215, "time_iter": 0.04129, "accuracy": 0.76259, "precision": 0.73889, "recall": 0.61009, "f1": 0.66834, "auc": 0.80165}
{"epoch": 12, "time_epoch": 1.55571, "eta": 229.86454, "eta_hours": 0.06385, "loss": 0.51834348, "lr": 0.00096489, "params": 6215, "time_iter": 0.04445, "accuracy": 0.76259, "precision": 0.79452, "recall": 0.53211, "f1": 0.63736, "auc": 0.80505}
{"epoch": 13, "time_epoch": 1.58653, "eta": 220.73805, "eta_hours": 0.06132, "loss": 0.52595672, "lr": 0.00095888, "params": 6215, "time_iter": 0.04533, "accuracy": 0.7464, "precision": 0.72254, "recall": 0.57339, "f1": 0.63939, "auc": 0.79671}
{"epoch": 14, "time_epoch": 1.67092, "eta": 213.09512, "eta_hours": 0.05919, "loss": 0.52911221, "lr": 0.00095241, "params": 6215, "time_iter": 0.04774, "accuracy": 0.7518, "precision": 0.73529, "recall": 0.57339, "f1": 0.64433, "auc": 0.79442}
{"epoch": 15, "time_epoch": 1.6356, "eta": 206.01324, "eta_hours": 0.05723, "loss": 0.50957037, "lr": 0.0009455, "params": 6215, "time_iter": 0.04673, "accuracy": 0.76619, "precision": 0.74444, "recall": 0.61468, "f1": 0.67337, "auc": 0.81486}
{"epoch": 16, "time_epoch": 1.66769, "eta": 199.72878, "eta_hours": 0.05548, "loss": 0.51795684, "lr": 0.00093815, "params": 6215, "time_iter": 0.04765, "accuracy": 0.7554, "precision": 0.75309, "recall": 0.55963, "f1": 0.64211, "auc": 0.80574}
{"epoch": 17, "time_epoch": 1.66074, "eta": 193.92565, "eta_hours": 0.05387, "loss": 0.51487438, "lr": 0.00093037, "params": 6215, "time_iter": 0.04745, "accuracy": 0.73741, "precision": 0.7069, "recall": 0.56422, "f1": 0.62755, "auc": 0.81133}
{"epoch": 18, "time_epoch": 1.62859, "eta": 188.42149, "eta_hours": 0.05234, "loss": 0.53700104, "lr": 0.00092216, "params": 6215, "time_iter": 0.04653, "accuracy": 0.74281, "precision": 0.73006, "recall": 0.54587, "f1": 0.62467, "auc": 0.78112}
{"epoch": 19, "time_epoch": 1.43472, "eta": 182.52941, "eta_hours": 0.0507, "loss": 0.52732809, "lr": 0.00091354, "params": 6215, "time_iter": 0.04099, "accuracy": 0.75, "precision": 0.71585, "recall": 0.60092, "f1": 0.65337, "auc": 0.79933}
{"epoch": 20, "time_epoch": 1.52097, "eta": 177.3863, "eta_hours": 0.04927, "loss": 0.52123409, "lr": 0.00090451, "params": 6215, "time_iter": 0.04346, "accuracy": 0.75719, "precision": 0.74269, "recall": 0.58257, "f1": 0.65296, "auc": 0.7988}
{"epoch": 21, "time_epoch": 1.65307, "eta": 173.04084, "eta_hours": 0.04807, "loss": 0.51575771, "lr": 0.00089508, "params": 6215, "time_iter": 0.04723, "accuracy": 0.7536, "precision": 0.74251, "recall": 0.56881, "f1": 0.64416, "auc": 0.80439}
{"epoch": 22, "time_epoch": 1.41474, "eta": 168.13161, "eta_hours": 0.0467, "loss": 0.52076032, "lr": 0.00088526, "params": 6215, "time_iter": 0.04042, "accuracy": 0.76259, "precision": 0.79452, "recall": 0.53211, "f1": 0.63736, "auc": 0.79853}
{"epoch": 23, "time_epoch": 1.56273, "eta": 163.98221, "eta_hours": 0.04555, "loss": 0.50845276, "lr": 0.00087506, "params": 6215, "time_iter": 0.04465, "accuracy": 0.7446, "precision": 0.69388, "recall": 0.62385, "f1": 0.657, "auc": 0.81487}
{"epoch": 24, "time_epoch": 1.78446, "eta": 160.70493, "eta_hours": 0.04464, "loss": 0.51205535, "lr": 0.00086448, "params": 6215, "time_iter": 0.05098, "accuracy": 0.73921, "precision": 0.70857, "recall": 0.56881, "f1": 0.63104, "auc": 0.81178}
{"epoch": 25, "time_epoch": 1.64198, "eta": 157.13697, "eta_hours": 0.04365, "loss": 0.51020463, "lr": 0.00085355, "params": 6215, "time_iter": 0.04691, "accuracy": 0.76439, "precision": 0.7574, "recall": 0.58716, "f1": 0.6615, "auc": 0.80966}
{"epoch": 26, "time_epoch": 1.74825, "eta": 153.99902, "eta_hours": 0.04278, "loss": 0.50477072, "lr": 0.00084227, "params": 6215, "time_iter": 0.04995, "accuracy": 0.76259, "precision": 0.75294, "recall": 0.58716, "f1": 0.65979, "auc": 0.8182}
{"epoch": 27, "time_epoch": 1.61086, "eta": 150.60703, "eta_hours": 0.04184, "loss": 0.5090592, "lr": 0.00083066, "params": 6215, "time_iter": 0.04602, "accuracy": 0.7536, "precision": 0.74847, "recall": 0.55963, "f1": 0.64042, "auc": 0.81309}
{"epoch": 28, "time_epoch": 1.46339, "eta": 146.97684, "eta_hours": 0.04083, "loss": 0.49317897, "lr": 0.00081871, "params": 6215, "time_iter": 0.04181, "accuracy": 0.77878, "precision": 0.74611, "recall": 0.66055, "f1": 0.70073, "auc": 0.82524}
{"epoch": 29, "time_epoch": 1.67558, "eta": 143.9862, "eta_hours": 0.04, "loss": 0.49494543, "lr": 0.00080645, "params": 6215, "time_iter": 0.04787, "accuracy": 0.76259, "precision": 0.76543, "recall": 0.56881, "f1": 0.65263, "auc": 0.83142}
{"epoch": 30, "time_epoch": 1.69406, "eta": 141.12154, "eta_hours": 0.0392, "loss": 0.51580224, "lr": 0.00079389, "params": 6215, "time_iter": 0.0484, "accuracy": 0.7464, "precision": 0.71271, "recall": 0.59174, "f1": 0.64662, "auc": 0.80061}
{"epoch": 31, "time_epoch": 1.37383, "eta": 137.64956, "eta_hours": 0.03824, "loss": 0.51658906, "lr": 0.00078104, "params": 6215, "time_iter": 0.03925, "accuracy": 0.76079, "precision": 0.74854, "recall": 0.58716, "f1": 0.6581, "auc": 0.79947}
{"epoch": 32, "time_epoch": 1.46392, "eta": 134.48764, "eta_hours": 0.03736, "loss": 0.49827884, "lr": 0.00076791, "params": 6215, "time_iter": 0.04183, "accuracy": 0.76259, "precision": 0.73889, "recall": 0.61009, "f1": 0.66834, "auc": 0.82303}
{"epoch": 33, "time_epoch": 1.6948, "eta": 131.87379, "eta_hours": 0.03663, "loss": 0.49053481, "lr": 0.00075452, "params": 6215, "time_iter": 0.04842, "accuracy": 0.76799, "precision": 0.74317, "recall": 0.62385, "f1": 0.6783, "auc": 0.82425}
{"epoch": 34, "time_epoch": 1.59141, "eta": 129.12045, "eta_hours": 0.03587, "loss": 0.51008272, "lr": 0.00074088, "params": 6215, "time_iter": 0.04547, "accuracy": 0.7554, "precision": 0.74405, "recall": 0.57339, "f1": 0.64767, "auc": 0.80429}
{"epoch": 35, "time_epoch": 1.55914, "eta": 126.37428, "eta_hours": 0.0351, "loss": 0.49701828, "lr": 0.000727, "params": 6215, "time_iter": 0.04455, "accuracy": 0.77878, "precision": 0.77143, "recall": 0.61927, "f1": 0.68702, "auc": 0.81764}
{"epoch": 36, "time_epoch": 1.7044, "eta": 123.93961, "eta_hours": 0.03443, "loss": 0.49336147, "lr": 0.00071289, "params": 6215, "time_iter": 0.0487, "accuracy": 0.76079, "precision": 0.71795, "recall": 0.6422, "f1": 0.67797, "auc": 0.82471}
{"epoch": 37, "time_epoch": 1.52859, "eta": 121.25653, "eta_hours": 0.03368, "loss": 0.49558027, "lr": 0.00069857, "params": 6215, "time_iter": 0.04367, "accuracy": 0.77338, "precision": 0.75556, "recall": 0.62385, "f1": 0.68342, "auc": 0.82117}
{"epoch": 38, "time_epoch": 1.27898, "eta": 118.24223, "eta_hours": 0.03285, "loss": 0.49208637, "lr": 0.00068406, "params": 6215, "time_iter": 0.03654, "accuracy": 0.76439, "precision": 0.74033, "recall": 0.61468, "f1": 0.67168, "auc": 0.82471}
{"epoch": 39, "time_epoch": 1.43263, "eta": 115.54519, "eta_hours": 0.0321, "loss": 0.49175375, "lr": 0.00066937, "params": 6215, "time_iter": 0.04093, "accuracy": 0.76799, "precision": 0.73797, "recall": 0.63303, "f1": 0.68148, "auc": 0.82804}
{"epoch": 40, "time_epoch": 1.61377, "eta": 113.17049, "eta_hours": 0.03144, "loss": 0.49438342, "lr": 0.00065451, "params": 6215, "time_iter": 0.04611, "accuracy": 0.77878, "precision": 0.76536, "recall": 0.62844, "f1": 0.69018, "auc": 0.82227}
{"epoch": 41, "time_epoch": 1.55692, "eta": 110.75351, "eta_hours": 0.03076, "loss": 0.48385167, "lr": 0.0006395, "params": 6215, "time_iter": 0.04448, "accuracy": 0.75719, "precision": 0.72193, "recall": 0.61927, "f1": 0.66667, "auc": 0.83512}
{"epoch": 42, "time_epoch": 1.43445, "eta": 108.21419, "eta_hours": 0.03006, "loss": 0.50358234, "lr": 0.00062434, "params": 6215, "time_iter": 0.04098, "accuracy": 0.77158, "precision": 0.74332, "recall": 0.63761, "f1": 0.68642, "auc": 0.80925}
{"epoch": 43, "time_epoch": 1.90859, "eta": 106.32855, "eta_hours": 0.02954, "loss": 0.48263264, "lr": 0.00060907, "params": 6215, "time_iter": 0.05453, "accuracy": 0.77338, "precision": 0.75, "recall": 0.63303, "f1": 0.68657, "auc": 0.83095}
{"epoch": 44, "time_epoch": 1.59857, "eta": 104.06297, "eta_hours": 0.02891, "loss": 0.4847071, "lr": 0.00059369, "params": 6215, "time_iter": 0.04567, "accuracy": 0.76259, "precision": 0.72872, "recall": 0.62844, "f1": 0.67488, "auc": 0.83189}
{"epoch": 45, "time_epoch": 1.53341, "eta": 101.7499, "eta_hours": 0.02826, "loss": 0.50464125, "lr": 0.00057822, "params": 6215, "time_iter": 0.04381, "accuracy": 0.76079, "precision": 0.73224, "recall": 0.61468, "f1": 0.66833, "auc": 0.8179}
{"epoch": 46, "time_epoch": 1.69498, "eta": 99.6522, "eta_hours": 0.02768, "loss": 0.49305244, "lr": 0.00056267, "params": 6215, "time_iter": 0.04843, "accuracy": 0.77338, "precision": 0.77381, "recall": 0.59633, "f1": 0.67358, "auc": 0.8232}
{"epoch": 47, "time_epoch": 1.72689, "eta": 97.60585, "eta_hours": 0.02711, "loss": 0.48821187, "lr": 0.00054705, "params": 6215, "time_iter": 0.04934, "accuracy": 0.77338, "precision": 0.73958, "recall": 0.65138, "f1": 0.69268, "auc": 0.82612}
{"epoch": 48, "time_epoch": 1.54753, "eta": 95.38586, "eta_hours": 0.0265, "loss": 0.50308341, "lr": 0.0005314, "params": 6215, "time_iter": 0.04422, "accuracy": 0.76079, "precision": 0.72487, "recall": 0.62844, "f1": 0.67322, "auc": 0.81457}
{"epoch": 49, "time_epoch": 1.76798, "eta": 93.41321, "eta_hours": 0.02595, "loss": 0.49581372, "lr": 0.00051571, "params": 6215, "time_iter": 0.05051, "accuracy": 0.76799, "precision": 0.74586, "recall": 0.61927, "f1": 0.67669, "auc": 0.8184}
{"epoch": 50, "time_epoch": 1.75846, "eta": 91.43945, "eta_hours": 0.0254, "loss": 0.49059209, "lr": 0.0005, "params": 6215, "time_iter": 0.05024, "accuracy": 0.77158, "precision": 0.76923, "recall": 0.59633, "f1": 0.67183, "auc": 0.82732}
{"epoch": 51, "time_epoch": 1.43198, "eta": 89.1726, "eta_hours": 0.02477, "loss": 0.4775684, "lr": 0.00048429, "params": 6215, "time_iter": 0.04091, "accuracy": 0.77338, "precision": 0.73469, "recall": 0.66055, "f1": 0.69565, "auc": 0.83859}
{"epoch": 52, "time_epoch": 1.62796, "eta": 87.11106, "eta_hours": 0.0242, "loss": 0.49142542, "lr": 0.0004686, "params": 6215, "time_iter": 0.04651, "accuracy": 0.78237, "precision": 0.77714, "recall": 0.62385, "f1": 0.69211, "auc": 0.81973}
{"epoch": 53, "time_epoch": 1.61517, "eta": 85.05467, "eta_hours": 0.02363, "loss": 0.49280908, "lr": 0.00045295, "params": 6215, "time_iter": 0.04615, "accuracy": 0.78417, "precision": 0.75, "recall": 0.67431, "f1": 0.71014, "auc": 0.8236}
{"epoch": 54, "time_epoch": 1.40259, "eta": 82.84039, "eta_hours": 0.02301, "loss": 0.49834689, "lr": 0.00043733, "params": 6215, "time_iter": 0.04007, "accuracy": 0.76079, "precision": 0.74566, "recall": 0.59174, "f1": 0.65985, "auc": 0.82007}
{"epoch": 55, "time_epoch": 1.5063, "eta": 80.7366, "eta_hours": 0.02243, "loss": 0.49506787, "lr": 0.00042178, "params": 6215, "time_iter": 0.04304, "accuracy": 0.76799, "precision": 0.74317, "recall": 0.62385, "f1": 0.6783, "auc": 0.82186}
{"epoch": 56, "time_epoch": 1.72755, "eta": 78.82068, "eta_hours": 0.02189, "loss": 0.49243826, "lr": 0.00040631, "params": 6215, "time_iter": 0.04936, "accuracy": 0.77698, "precision": 0.75824, "recall": 0.63303, "f1": 0.69, "auc": 0.81864}
{"epoch": 57, "time_epoch": 1.39787, "eta": 76.67252, "eta_hours": 0.0213, "loss": 0.48752915, "lr": 0.00039093, "params": 6215, "time_iter": 0.03994, "accuracy": 0.77698, "precision": 0.74737, "recall": 0.65138, "f1": 0.69608, "auc": 0.82687}
{"epoch": 58, "time_epoch": 1.34224, "eta": 74.51114, "eta_hours": 0.0207, "loss": 0.47894442, "lr": 0.00037566, "params": 6215, "time_iter": 0.03835, "accuracy": 0.77518, "precision": 0.75135, "recall": 0.63761, "f1": 0.68983, "auc": 0.83995}
{"epoch": 59, "time_epoch": 1.63195, "eta": 72.5702, "eta_hours": 0.02016, "loss": 0.47823946, "lr": 0.0003605, "params": 6215, "time_iter": 0.04663, "accuracy": 0.77518, "precision": 0.73367, "recall": 0.66972, "f1": 0.70024, "auc": 0.83516}
{"epoch": 60, "time_epoch": 1.57738, "eta": 70.6045, "eta_hours": 0.01961, "loss": 0.48870253, "lr": 0.00034549, "params": 6215, "time_iter": 0.04507, "accuracy": 0.76799, "precision": 0.7764, "recall": 0.57339, "f1": 0.65963, "auc": 0.83235}
{"epoch": 61, "time_epoch": 1.58171, "eta": 68.65398, "eta_hours": 0.01907, "loss": 0.50552609, "lr": 0.00033063, "params": 6215, "time_iter": 0.04519, "accuracy": 0.76079, "precision": 0.71795, "recall": 0.6422, "f1": 0.67797, "auc": 0.81442}
{"epoch": 62, "time_epoch": 1.59733, "eta": 66.72435, "eta_hours": 0.01853, "loss": 0.49929391, "lr": 0.00031594, "params": 6215, "time_iter": 0.04564, "accuracy": 0.75899, "precision": 0.7234, "recall": 0.62385, "f1": 0.66995, "auc": 0.81449}
{"epoch": 63, "time_epoch": 1.70556, "eta": 64.86597, "eta_hours": 0.01802, "loss": 0.48041109, "lr": 0.00030143, "params": 6215, "time_iter": 0.04873, "accuracy": 0.76799, "precision": 0.73298, "recall": 0.6422, "f1": 0.6846, "auc": 0.8317}
{"epoch": 64, "time_epoch": 1.56414, "eta": 62.93615, "eta_hours": 0.01748, "loss": 0.4938685, "lr": 0.00028711, "params": 6215, "time_iter": 0.04469, "accuracy": 0.77338, "precision": 0.73958, "recall": 0.65138, "f1": 0.69268, "auc": 0.8227}
{"epoch": 65, "time_epoch": 1.60264, "eta": 61.03724, "eta_hours": 0.01695, "loss": 0.48328915, "lr": 0.000273, "params": 6215, "time_iter": 0.04579, "accuracy": 0.77338, "precision": 0.73958, "recall": 0.65138, "f1": 0.69268, "auc": 0.8293}
{"epoch": 66, "time_epoch": 1.74802, "eta": 59.21879, "eta_hours": 0.01645, "loss": 0.49577826, "lr": 0.00025912, "params": 6215, "time_iter": 0.04994, "accuracy": 0.76439, "precision": 0.72775, "recall": 0.63761, "f1": 0.67971, "auc": 0.81731}
{"epoch": 67, "time_epoch": 1.50484, "eta": 57.28796, "eta_hours": 0.01591, "loss": 0.49128346, "lr": 0.00024548, "params": 6215, "time_iter": 0.043, "accuracy": 0.76799, "precision": 0.74054, "recall": 0.62844, "f1": 0.6799, "auc": 0.82407}
{"epoch": 68, "time_epoch": 1.54979, "eta": 55.38968, "eta_hours": 0.01539, "loss": 0.48982351, "lr": 0.00023209, "params": 6215, "time_iter": 0.04428, "accuracy": 0.76978, "precision": 0.75281, "recall": 0.61468, "f1": 0.67677, "auc": 0.82094}
{"epoch": 69, "time_epoch": 1.65314, "eta": 53.54565, "eta_hours": 0.01487, "loss": 0.4881854, "lr": 0.00021896, "params": 6215, "time_iter": 0.04723, "accuracy": 0.76259, "precision": 0.72632, "recall": 0.63303, "f1": 0.67647, "auc": 0.82751}
{"epoch": 70, "time_epoch": 1.34765, "eta": 51.58222, "eta_hours": 0.01433, "loss": 0.48718981, "lr": 0.00020611, "params": 6215, "time_iter": 0.0385, "accuracy": 0.76259, "precision": 0.73118, "recall": 0.62385, "f1": 0.67327, "auc": 0.8319}
{"epoch": 71, "time_epoch": 1.36627, "eta": 49.64313, "eta_hours": 0.01379, "loss": 0.50126906, "lr": 0.00019355, "params": 6215, "time_iter": 0.03904, "accuracy": 0.76978, "precision": 0.73936, "recall": 0.63761, "f1": 0.68473, "auc": 0.81681}
{"epoch": 72, "time_epoch": 1.41977, "eta": 47.73953, "eta_hours": 0.01326, "loss": 0.49022831, "lr": 0.00018129, "params": 6215, "time_iter": 0.04056, "accuracy": 0.77338, "precision": 0.75275, "recall": 0.62844, "f1": 0.685, "auc": 0.82129}
{"epoch": 73, "time_epoch": 1.56941, "eta": 45.90158, "eta_hours": 0.01275, "loss": 0.48840966, "lr": 0.00016934, "params": 6215, "time_iter": 0.04484, "accuracy": 0.7518, "precision": 0.71505, "recall": 0.61009, "f1": 0.65842, "auc": 0.82686}
{"epoch": 74, "time_epoch": 1.40105, "eta": 44.01467, "eta_hours": 0.01223, "loss": 0.48327396, "lr": 0.00015773, "params": 6215, "time_iter": 0.04003, "accuracy": 0.76439, "precision": 0.72539, "recall": 0.6422, "f1": 0.68127, "auc": 0.83042}
{"epoch": 75, "time_epoch": 1.56714, "eta": 42.19299, "eta_hours": 0.01172, "loss": 0.47239396, "lr": 0.00014645, "params": 6215, "time_iter": 0.04478, "accuracy": 0.77518, "precision": 0.75135, "recall": 0.63761, "f1": 0.68983, "auc": 0.84128}
{"epoch": 76, "time_epoch": 1.63598, "eta": 40.39849, "eta_hours": 0.01122, "loss": 0.47335974, "lr": 0.00013552, "params": 6215, "time_iter": 0.04674, "accuracy": 0.78237, "precision": 0.76216, "recall": 0.64679, "f1": 0.69975, "auc": 0.83813}
{"epoch": 77, "time_epoch": 1.51384, "eta": 38.57361, "eta_hours": 0.01071, "loss": 0.48218011, "lr": 0.00012494, "params": 6215, "time_iter": 0.04325, "accuracy": 0.76799, "precision": 0.75723, "recall": 0.60092, "f1": 0.67008, "auc": 0.83235}
{"epoch": 78, "time_epoch": 1.54968, "eta": 36.76612, "eta_hours": 0.01021, "loss": 0.48812545, "lr": 0.00011474, "params": 6215, "time_iter": 0.04428, "accuracy": 0.76799, "precision": 0.74317, "recall": 0.62385, "f1": 0.6783, "auc": 0.82889}
{"epoch": 79, "time_epoch": 1.66018, "eta": 34.99271, "eta_hours": 0.00972, "loss": 0.48478372, "lr": 0.00010492, "params": 6215, "time_iter": 0.04743, "accuracy": 0.77158, "precision": 0.76, "recall": 0.61009, "f1": 0.67684, "auc": 0.82962}
{"epoch": 80, "time_epoch": 1.55043, "eta": 33.19635, "eta_hours": 0.00922, "loss": 0.50758455, "lr": 9.549e-05, "params": 6215, "time_iter": 0.0443, "accuracy": 0.77338, "precision": 0.75, "recall": 0.63303, "f1": 0.68657, "auc": 0.80874}
{"epoch": 81, "time_epoch": 1.46155, "eta": 31.38647, "eta_hours": 0.00872, "loss": 0.48894002, "lr": 8.646e-05, "params": 6215, "time_iter": 0.04176, "accuracy": 0.77698, "precision": 0.76111, "recall": 0.62844, "f1": 0.68844, "auc": 0.82329}
{"epoch": 82, "time_epoch": 1.72352, "eta": 29.63865, "eta_hours": 0.00823, "loss": 0.49587061, "lr": 7.784e-05, "params": 6215, "time_iter": 0.04924, "accuracy": 0.76978, "precision": 0.74457, "recall": 0.62844, "f1": 0.68159, "auc": 0.81978}
{"epoch": 83, "time_epoch": 1.5755, "eta": 27.86321, "eta_hours": 0.00774, "loss": 0.47882036, "lr": 6.963e-05, "params": 6215, "time_iter": 0.04501, "accuracy": 0.77338, "precision": 0.74211, "recall": 0.64679, "f1": 0.69118, "auc": 0.83319}
{"epoch": 84, "time_epoch": 1.55274, "eta": 26.08846, "eta_hours": 0.00725, "loss": 0.48528413, "lr": 6.185e-05, "params": 6215, "time_iter": 0.04436, "accuracy": 0.75719, "precision": 0.72432, "recall": 0.61468, "f1": 0.66501, "auc": 0.82774}
{"epoch": 85, "time_epoch": 1.71007, "eta": 24.34448, "eta_hours": 0.00676, "loss": 0.48945813, "lr": 5.45e-05, "params": 6215, "time_iter": 0.04886, "accuracy": 0.76259, "precision": 0.71939, "recall": 0.64679, "f1": 0.68116, "auc": 0.81987}
{"epoch": 86, "time_epoch": 1.52705, "eta": 22.57393, "eta_hours": 0.00627, "loss": 0.48300308, "lr": 4.759e-05, "params": 6215, "time_iter": 0.04363, "accuracy": 0.76439, "precision": 0.74302, "recall": 0.61009, "f1": 0.67003, "auc": 0.83299}
{"epoch": 87, "time_epoch": 1.47918, "eta": 20.80239, "eta_hours": 0.00578, "loss": 0.47326547, "lr": 4.112e-05, "params": 6215, "time_iter": 0.04226, "accuracy": 0.77158, "precision": 0.74074, "recall": 0.6422, "f1": 0.68796, "auc": 0.83949}
{"epoch": 88, "time_epoch": 1.88475, "eta": 19.08755, "eta_hours": 0.0053, "loss": 0.477117, "lr": 3.511e-05, "params": 6215, "time_iter": 0.05385, "accuracy": 0.78058, "precision": 0.75532, "recall": 0.65138, "f1": 0.69951, "auc": 0.83598}
{"epoch": 89, "time_epoch": 1.85976, "eta": 17.36615, "eta_hours": 0.00482, "loss": 0.47756226, "lr": 2.956e-05, "params": 6215, "time_iter": 0.05314, "accuracy": 0.76799, "precision": 0.74586, "recall": 0.61927, "f1": 0.67669, "auc": 0.83843}
{"epoch": 90, "time_epoch": 1.76371, "eta": 15.63222, "eta_hours": 0.00434, "loss": 0.47616887, "lr": 2.447e-05, "params": 6215, "time_iter": 0.05039, "accuracy": 0.77878, "precision": 0.76536, "recall": 0.62844, "f1": 0.69018, "auc": 0.8314}
{"epoch": 91, "time_epoch": 1.66902, "eta": 13.8894, "eta_hours": 0.00386, "loss": 0.47226084, "lr": 1.985e-05, "params": 6215, "time_iter": 0.04769, "accuracy": 0.78417, "precision": 0.75521, "recall": 0.66514, "f1": 0.70732, "auc": 0.84032}
{"epoch": 92, "time_epoch": 1.52839, "eta": 12.13759, "eta_hours": 0.00337, "loss": 0.48403782, "lr": 1.571e-05, "params": 6215, "time_iter": 0.04367, "accuracy": 0.78597, "precision": 0.76757, "recall": 0.65138, "f1": 0.70471, "auc": 0.82509}
{"epoch": 93, "time_epoch": 1.45851, "eta": 10.38607, "eta_hours": 0.00289, "loss": 0.48718255, "lr": 1.204e-05, "params": 6215, "time_iter": 0.04167, "accuracy": 0.76799, "precision": 0.73298, "recall": 0.6422, "f1": 0.6846, "auc": 0.82767}
{"epoch": 94, "time_epoch": 1.61888, "eta": 8.64915, "eta_hours": 0.0024, "loss": 0.48195369, "lr": 8.86e-06, "params": 6215, "time_iter": 0.04625, "accuracy": 0.77518, "precision": 0.7541, "recall": 0.63303, "f1": 0.68828, "auc": 0.83175}
{"epoch": 95, "time_epoch": 1.60318, "eta": 6.91405, "eta_hours": 0.00192, "loss": 0.48775668, "lr": 6.16e-06, "params": 6215, "time_iter": 0.04581, "accuracy": 0.76439, "precision": 0.73514, "recall": 0.62385, "f1": 0.67494, "auc": 0.82567}
{"epoch": 96, "time_epoch": 1.56251, "eta": 5.1804, "eta_hours": 0.00144, "loss": 0.47816413, "lr": 3.94e-06, "params": 6215, "time_iter": 0.04464, "accuracy": 0.77518, "precision": 0.75135, "recall": 0.63761, "f1": 0.68983, "auc": 0.83283}
{"epoch": 97, "time_epoch": 1.60756, "eta": 3.45117, "eta_hours": 0.00096, "loss": 0.4782259, "lr": 2.22e-06, "params": 6215, "time_iter": 0.04593, "accuracy": 0.76259, "precision": 0.72396, "recall": 0.63761, "f1": 0.67805, "auc": 0.83657}
{"epoch": 98, "time_epoch": 1.62247, "eta": 1.72454, "eta_hours": 0.00048, "loss": 0.47798895, "lr": 9.9e-07, "params": 6215, "time_iter": 0.04636, "accuracy": 0.77878, "precision": 0.74611, "recall": 0.66055, "f1": 0.70073, "auc": 0.83522}
{"epoch": 99, "time_epoch": 1.5664, "eta": 0.0, "eta_hours": 0.0, "loss": 0.47880654, "lr": 2.5e-07, "params": 6215, "time_iter": 0.04475, "accuracy": 0.77158, "precision": 0.75138, "recall": 0.62385, "f1": 0.6817, "auc": 0.83311}
