{"epoch": 0, "time_epoch": 3.66068, "eta": 362.40707, "eta_hours": 0.10067, "loss": 0.69513958, "lr": 0.001, "params": 5336, "time_iter": 0.09633, "accuracy": 0.48, "precision": 0.0, "recall": 0.0, "f1": 0.0, "auc": 0.42886}
{"epoch": 1, "time_epoch": 3.72629, "eta": 361.96146, "eta_hours": 0.10054, "loss": 0.69416253, "lr": 0.00099975, "params": 5336, "time_iter": 0.09806, "accuracy": 0.47333, "precision": 0.0, "recall": 0.0, "f1": 0.0, "auc": 0.42325}
{"epoch": 2, "time_epoch": 3.63662, "eta": 356.42947, "eta_hours": 0.09901, "loss": 0.69384277, "lr": 0.00099901, "params": 5336, "time_iter": 0.0957, "accuracy": 0.48, "precision": 0.5, "recall": 0.91026, "f1": 0.64545, "auc": 0.42183}
{"epoch": 3, "time_epoch": 3.61795, "eta": 351.39696, "eta_hours": 0.09761, "loss": 0.69332325, "lr": 0.00099778, "params": 5336, "time_iter": 0.09521, "accuracy": 0.52, "precision": 0.52, "recall": 1.0, "f1": 0.68421, "auc": 0.41934}
{"epoch": 4, "time_epoch": 3.65676, "eta": 347.66771, "eta_hours": 0.09657, "loss": 0.69284629, "lr": 0.00099606, "params": 5336, "time_iter": 0.09623, "accuracy": 0.52, "precision": 0.52, "recall": 1.0, "f1": 0.68421, "auc": 0.46439}
{"epoch": 5, "time_epoch": 3.56652, "eta": 342.54886, "eta_hours": 0.09515, "loss": 0.693088, "lr": 0.00099384, "params": 5336, "time_iter": 0.09386, "accuracy": 0.52, "precision": 0.52, "recall": 1.0, "f1": 0.68421, "auc": 0.40064}
{"epoch": 6, "time_epoch": 3.56169, "eta": 337.80938, "eta_hours": 0.09384, "loss": 0.69265646, "lr": 0.00099114, "params": 5336, "time_iter": 0.09373, "accuracy": 0.52, "precision": 0.52, "recall": 1.0, "f1": 0.68421, "auc": 0.4578}
{"epoch": 7, "time_epoch": 3.52776, "eta": 332.97408, "eta_hours": 0.09249, "loss": 0.69355289, "lr": 0.00098796, "params": 5336, "time_iter": 0.09284, "accuracy": 0.52, "precision": 0.52, "recall": 1.0, "f1": 0.68421, "auc": 0.44658}
{"epoch": 8, "time_epoch": 3.62118, "eta": 329.37398, "eta_hours": 0.09149, "loss": 0.69230532, "lr": 0.00098429, "params": 5336, "time_iter": 0.09529, "accuracy": 0.52, "precision": 0.52, "recall": 1.0, "f1": 0.68421, "auc": 0.51674}
{"epoch": 9, "time_epoch": 3.55449, "eta": 325.16942, "eta_hours": 0.09032, "loss": 0.69156575, "lr": 0.00098015, "params": 5336, "time_iter": 0.09354, "accuracy": 0.52, "precision": 0.52, "recall": 1.0, "f1": 0.68421, "auc": 0.53312}
{"epoch": 10, "time_epoch": 3.57913, "eta": 321.28247, "eta_hours": 0.08925, "loss": 0.6939359, "lr": 0.00097553, "params": 5336, "time_iter": 0.09419, "accuracy": 0.52, "precision": 0.52, "recall": 1.0, "f1": 0.68421, "auc": 0.42913}
{"epoch": 11, "time_epoch": 3.51765, "eta": 316.99591, "eta_hours": 0.08805, "loss": 0.69110688, "lr": 0.00097044, "params": 5336, "time_iter": 0.09257, "accuracy": 0.52, "precision": 0.52, "recall": 1.0, "f1": 0.68421, "auc": 0.55288}
{"epoch": 12, "time_epoch": 3.60266, "eta": 313.3966, "eta_hours": 0.08705, "loss": 0.69193486, "lr": 0.00096489, "params": 5336, "time_iter": 0.09481, "accuracy": 0.52667, "precision": 0.52518, "recall": 0.9359, "f1": 0.67281, "auc": 0.50214}
{"epoch": 13, "time_epoch": 3.60261, "eta": 309.79648, "eta_hours": 0.08605, "loss": 0.69049109, "lr": 0.00095888, "params": 5336, "time_iter": 0.09481, "accuracy": 0.54667, "precision": 0.54032, "recall": 0.85897, "f1": 0.66337, "auc": 0.52315}
{"epoch": 14, "time_epoch": 3.56582, "eta": 305.98755, "eta_hours": 0.085, "loss": 0.6898119, "lr": 0.00095241, "params": 5336, "time_iter": 0.09384, "accuracy": 0.53333, "precision": 0.53333, "recall": 0.82051, "f1": 0.64646, "auc": 0.55449}
{"epoch": 15, "time_epoch": 3.58431, "eta": 302.30608, "eta_hours": 0.08397, "loss": 0.69145718, "lr": 0.0009455, "params": 5336, "time_iter": 0.09432, "accuracy": 0.52667, "precision": 0.53271, "recall": 0.73077, "f1": 0.61622, "auc": 0.51371}
{"epoch": 16, "time_epoch": 3.63018, "eta": 298.86001, "eta_hours": 0.08302, "loss": 0.68696012, "lr": 0.00093815, "params": 5336, "time_iter": 0.09553, "accuracy": 0.53333, "precision": 0.53704, "recall": 0.74359, "f1": 0.62366, "auc": 0.54434}
{"epoch": 17, "time_epoch": 3.57983, "eta": 295.16413, "eta_hours": 0.08199, "loss": 0.68979314, "lr": 0.00093037, "params": 5336, "time_iter": 0.09421, "accuracy": 0.55333, "precision": 0.55238, "recall": 0.74359, "f1": 0.63388, "auc": 0.5365}
{"epoch": 18, "time_epoch": 3.50897, "eta": 291.17835, "eta_hours": 0.08088, "loss": 0.69078199, "lr": 0.00092216, "params": 5336, "time_iter": 0.09234, "accuracy": 0.56, "precision": 0.55357, "recall": 0.79487, "f1": 0.65263, "auc": 0.51887}
{"epoch": 19, "time_epoch": 3.59754, "eta": 287.59455, "eta_hours": 0.07989, "loss": 0.69101581, "lr": 0.00091354, "params": 5336, "time_iter": 0.09467, "accuracy": 0.55333, "precision": 0.54867, "recall": 0.79487, "f1": 0.64921, "auc": 0.50694}
{"epoch": 20, "time_epoch": 3.54357, "eta": 283.8064, "eta_hours": 0.07884, "loss": 0.68545413, "lr": 0.00090451, "params": 5336, "time_iter": 0.09325, "accuracy": 0.58667, "precision": 0.57273, "recall": 0.80769, "f1": 0.67021, "auc": 0.55876}
{"epoch": 21, "time_epoch": 3.52435, "eta": 279.97235, "eta_hours": 0.07777, "loss": 0.67538218, "lr": 0.00089508, "params": 5336, "time_iter": 0.09275, "accuracy": 0.6, "precision": 0.58182, "recall": 0.82051, "f1": 0.68085, "auc": 0.61521}
{"epoch": 22, "time_epoch": 3.50888, "eta": 276.11343, "eta_hours": 0.0767, "loss": 0.68178937, "lr": 0.00088526, "params": 5336, "time_iter": 0.09234, "accuracy": 0.56667, "precision": 0.56701, "recall": 0.70513, "f1": 0.62857, "auc": 0.58707}
{"epoch": 23, "time_epoch": 3.58912, "eta": 272.53779, "eta_hours": 0.0757, "loss": 0.69477501, "lr": 0.00087506, "params": 5336, "time_iter": 0.09445, "accuracy": 0.52667, "precision": 0.53684, "recall": 0.65385, "f1": 0.5896, "auc": 0.52066}
{"epoch": 24, "time_epoch": 3.63402, "eta": 269.09575, "eta_hours": 0.07475, "loss": 0.69605201, "lr": 0.00086448, "params": 5336, "time_iter": 0.09563, "accuracy": 0.52667, "precision": 0.53535, "recall": 0.67949, "f1": 0.59887, "auc": 0.49038}
{"epoch": 25, "time_epoch": 3.61353, "eta": 265.58063, "eta_hours": 0.07377, "loss": 0.67973882, "lr": 0.00085355, "params": 5336, "time_iter": 0.09509, "accuracy": 0.61333, "precision": 0.6, "recall": 0.76923, "f1": 0.67416, "auc": 0.60007}
{"epoch": 26, "time_epoch": 3.64834, "eta": 262.15235, "eta_hours": 0.07282, "loss": 0.67964889, "lr": 0.00084227, "params": 5336, "time_iter": 0.09601, "accuracy": 0.62, "precision": 0.6129, "recall": 0.73077, "f1": 0.66667, "auc": 0.58422}
{"epoch": 27, "time_epoch": 3.57476, "eta": 258.51914, "eta_hours": 0.07181, "loss": 0.69883334, "lr": 0.00083066, "params": 5336, "time_iter": 0.09407, "accuracy": 0.47333, "precision": 0.49462, "recall": 0.58974, "f1": 0.53801, "auc": 0.50053}
{"epoch": 28, "time_epoch": 3.63408, "eta": 255.03519, "eta_hours": 0.07084, "loss": 0.68024903, "lr": 0.00081871, "params": 5336, "time_iter": 0.09563, "accuracy": 0.55333, "precision": 0.5534, "recall": 0.73077, "f1": 0.62983, "auc": 0.60719}
{"epoch": 29, "time_epoch": 3.56765, "eta": 251.38623, "eta_hours": 0.06983, "loss": 0.68828195, "lr": 0.00080645, "params": 5336, "time_iter": 0.09389, "accuracy": 0.52, "precision": 0.53, "recall": 0.67949, "f1": 0.59551, "auc": 0.55324}
{"epoch": 30, "time_epoch": 3.61366, "eta": 247.84493, "eta_hours": 0.06885, "loss": 0.65048584, "lr": 0.00079389, "params": 5336, "time_iter": 0.0951, "accuracy": 0.65333, "precision": 0.6383, "recall": 0.76923, "f1": 0.69767, "auc": 0.73184}
{"epoch": 31, "time_epoch": 3.57774, "eta": 244.22276, "eta_hours": 0.06784, "loss": 0.68868805, "lr": 0.00078104, "params": 5336, "time_iter": 0.09415, "accuracy": 0.53333, "precision": 0.54545, "recall": 0.61538, "f1": 0.57831, "auc": 0.5479}
{"epoch": 32, "time_epoch": 3.56757, "eta": 240.58265, "eta_hours": 0.06683, "loss": 0.67269448, "lr": 0.00076791, "params": 5336, "time_iter": 0.09388, "accuracy": 0.59333, "precision": 0.59341, "recall": 0.69231, "f1": 0.63905, "auc": 0.61182}
{"epoch": 33, "time_epoch": 3.58358, "eta": 236.97788, "eta_hours": 0.06583, "loss": 0.6887102, "lr": 0.00075452, "params": 5336, "time_iter": 0.0943, "accuracy": 0.56, "precision": 0.56977, "recall": 0.62821, "f1": 0.59756, "auc": 0.56517}
{"epoch": 34, "time_epoch": 3.59263, "eta": 233.39113, "eta_hours": 0.06483, "loss": 0.69572309, "lr": 0.00074088, "params": 5336, "time_iter": 0.09454, "accuracy": 0.53333, "precision": 0.54444, "recall": 0.62821, "f1": 0.58333, "auc": 0.5308}
{"epoch": 35, "time_epoch": 3.68017, "eta": 229.95968, "eta_hours": 0.06388, "loss": 0.67072935, "lr": 0.000727, "params": 5336, "time_iter": 0.09685, "accuracy": 0.6, "precision": 0.60227, "recall": 0.67949, "f1": 0.63855, "auc": 0.62696}
{"epoch": 36, "time_epoch": 3.60759, "eta": 226.39119, "eta_hours": 0.06289, "loss": 0.69140321, "lr": 0.00071289, "params": 5336, "time_iter": 0.09494, "accuracy": 0.54, "precision": 0.54945, "recall": 0.64103, "f1": 0.59172, "auc": 0.55093}
{"epoch": 37, "time_epoch": 3.61192, "eta": 222.82771, "eta_hours": 0.0619, "loss": 0.6957021, "lr": 0.00069857, "params": 5336, "time_iter": 0.09505, "accuracy": 0.53333, "precision": 0.54255, "recall": 0.65385, "f1": 0.59302, "auc": 0.52742}
{"epoch": 38, "time_epoch": 3.62153, "eta": 219.27679, "eta_hours": 0.06091, "loss": 0.67865794, "lr": 0.00068406, "params": 5336, "time_iter": 0.0953, "accuracy": 0.56667, "precision": 0.56566, "recall": 0.71795, "f1": 0.63277, "auc": 0.58689}
{"epoch": 39, "time_epoch": 3.61323, "eta": 215.70988, "eta_hours": 0.05992, "loss": 0.68464881, "lr": 0.00066937, "params": 5336, "time_iter": 0.09509, "accuracy": 0.53333, "precision": 0.54545, "recall": 0.61538, "f1": 0.57831, "auc": 0.5698}
{"epoch": 40, "time_epoch": 3.75852, "eta": 212.34979, "eta_hours": 0.05899, "loss": 0.68742745, "lr": 0.00065451, "params": 5336, "time_iter": 0.09891, "accuracy": 0.55333, "precision": 0.56044, "recall": 0.65385, "f1": 0.60355, "auc": 0.55609}
{"epoch": 41, "time_epoch": 3.64497, "eta": 208.81392, "eta_hours": 0.058, "loss": 0.68380465, "lr": 0.0006395, "params": 5336, "time_iter": 0.09592, "accuracy": 0.61333, "precision": 0.6087, "recall": 0.71795, "f1": 0.65882, "auc": 0.57033}
{"epoch": 42, "time_epoch": 3.68516, "eta": 205.32626, "eta_hours": 0.05704, "loss": 0.68176593, "lr": 0.00062434, "params": 5336, "time_iter": 0.09698, "accuracy": 0.58, "precision": 0.57732, "recall": 0.71795, "f1": 0.64, "auc": 0.58743}
{"epoch": 43, "time_epoch": 3.60656, "eta": 201.72957, "eta_hours": 0.05604, "loss": 0.69222331, "lr": 0.00060907, "params": 5336, "time_iter": 0.09491, "accuracy": 0.54, "precision": 0.54639, "recall": 0.67949, "f1": 0.60571, "auc": 0.5219}
{"epoch": 44, "time_epoch": 3.59088, "eta": 198.11329, "eta_hours": 0.05503, "loss": 0.70248851, "lr": 0.00059369, "params": 5336, "time_iter": 0.0945, "accuracy": 0.5, "precision": 0.51456, "recall": 0.67949, "f1": 0.58564, "auc": 0.47454}
{"epoch": 45, "time_epoch": 3.59778, "eta": 194.5062, "eta_hours": 0.05403, "loss": 0.69158762, "lr": 0.00057822, "params": 5336, "time_iter": 0.09468, "accuracy": 0.52, "precision": 0.52941, "recall": 0.69231, "f1": 0.6, "auc": 0.52653}
{"epoch": 46, "time_epoch": 3.60988, "eta": 190.91316, "eta_hours": 0.05303, "loss": 0.68424027, "lr": 0.00056267, "params": 5336, "time_iter": 0.095, "accuracy": 0.51333, "precision": 0.52427, "recall": 0.69231, "f1": 0.59669, "auc": 0.5682}
{"epoch": 47, "time_epoch": 3.56346, "eta": 187.26912, "eta_hours": 0.05202, "loss": 0.68365107, "lr": 0.00054705, "params": 5336, "time_iter": 0.09378, "accuracy": 0.58, "precision": 0.57282, "recall": 0.75641, "f1": 0.65193, "auc": 0.56108}
{"epoch": 48, "time_epoch": 4.42388, "eta": 184.52392, "eta_hours": 0.05126, "loss": 0.69630179, "lr": 0.0005314, "params": 5336, "time_iter": 0.11642, "accuracy": 0.52667, "precision": 0.53333, "recall": 0.71795, "f1": 0.61202, "auc": 0.49341}
{"epoch": 49, "time_epoch": 3.97602, "eta": 181.2637, "eta_hours": 0.05035, "loss": 0.6782012, "lr": 0.00051571, "params": 5336, "time_iter": 0.10463, "accuracy": 0.60667, "precision": 0.59048, "recall": 0.79487, "f1": 0.6776, "auc": 0.58921}
{"epoch": 50, "time_epoch": 3.57623, "eta": 177.5913, "eta_hours": 0.04933, "loss": 0.69744435, "lr": 0.0005, "params": 5336, "time_iter": 0.09411, "accuracy": 0.48, "precision": 0.5, "recall": 0.64103, "f1": 0.5618, "auc": 0.5146}
{"epoch": 51, "time_epoch": 3.62001, "eta": 173.96302, "eta_hours": 0.04832, "loss": 0.66206737, "lr": 0.00048429, "params": 5336, "time_iter": 0.09526, "accuracy": 0.65333, "precision": 0.62264, "recall": 0.84615, "f1": 0.71739, "auc": 0.68198}
{"epoch": 52, "time_epoch": 3.59588, "eta": 170.31365, "eta_hours": 0.04731, "loss": 0.69164987, "lr": 0.0004686, "params": 5336, "time_iter": 0.09463, "accuracy": 0.53333, "precision": 0.54082, "recall": 0.67949, "f1": 0.60227, "auc": 0.53294}
{"epoch": 53, "time_epoch": 3.57784, "eta": 166.65089, "eta_hours": 0.04629, "loss": 0.67554547, "lr": 0.00045295, "params": 5336, "time_iter": 0.09415, "accuracy": 0.58667, "precision": 0.57843, "recall": 0.75641, "f1": 0.65556, "auc": 0.60933}
{"epoch": 54, "time_epoch": 3.56204, "eta": 162.9783, "eta_hours": 0.04527, "loss": 0.67359716, "lr": 0.00043733, "params": 5336, "time_iter": 0.09374, "accuracy": 0.57333, "precision": 0.57609, "recall": 0.67949, "f1": 0.62353, "auc": 0.59455}
{"epoch": 55, "time_epoch": 3.60751, "eta": 159.34538, "eta_hours": 0.04426, "loss": 0.6715583, "lr": 0.00042178, "params": 5336, "time_iter": 0.09493, "accuracy": 0.57333, "precision": 0.57292, "recall": 0.70513, "f1": 0.63218, "auc": 0.62108}
{"epoch": 56, "time_epoch": 3.68368, "eta": 155.77081, "eta_hours": 0.04327, "loss": 0.68025522, "lr": 0.00040631, "params": 5336, "time_iter": 0.09694, "accuracy": 0.58, "precision": 0.57576, "recall": 0.73077, "f1": 0.64407, "auc": 0.56036}
{"epoch": 57, "time_epoch": 3.57333, "eta": 152.11257, "eta_hours": 0.04225, "loss": 0.68504619, "lr": 0.00039093, "params": 5336, "time_iter": 0.09404, "accuracy": 0.52667, "precision": 0.54118, "recall": 0.58974, "f1": 0.56442, "auc": 0.56392}
{"epoch": 58, "time_epoch": 3.58117, "eta": 148.46266, "eta_hours": 0.04124, "loss": 0.68352765, "lr": 0.00037566, "params": 5336, "time_iter": 0.09424, "accuracy": 0.57333, "precision": 0.57447, "recall": 0.69231, "f1": 0.62791, "auc": 0.56588}
{"epoch": 59, "time_epoch": 3.58205, "eta": 144.81562, "eta_hours": 0.04023, "loss": 0.68870641, "lr": 0.0003605, "params": 5336, "time_iter": 0.09426, "accuracy": 0.54667, "precision": 0.55319, "recall": 0.66667, "f1": 0.60465, "auc": 0.53846}
{"epoch": 60, "time_epoch": 3.51783, "eta": 141.12966, "eta_hours": 0.0392, "loss": 0.68082862, "lr": 0.00034549, "params": 5336, "time_iter": 0.09257, "accuracy": 0.56, "precision": 0.56122, "recall": 0.70513, "f1": 0.625, "auc": 0.58583}
{"epoch": 61, "time_epoch": 3.5688, "eta": 137.48036, "eta_hours": 0.03819, "loss": 0.670028, "lr": 0.00033063, "params": 5336, "time_iter": 0.09392, "accuracy": 0.64, "precision": 0.62, "recall": 0.79487, "f1": 0.69663, "auc": 0.63889}
{"epoch": 62, "time_epoch": 3.58838, "eta": 133.84512, "eta_hours": 0.03718, "loss": 0.69750108, "lr": 0.00031594, "params": 5336, "time_iter": 0.09443, "accuracy": 0.5, "precision": 0.51546, "recall": 0.64103, "f1": 0.57143, "auc": 0.50677}
{"epoch": 63, "time_epoch": 3.65989, "eta": 130.25156, "eta_hours": 0.03618, "loss": 0.69484698, "lr": 0.00030143, "params": 5336, "time_iter": 0.09631, "accuracy": 0.52, "precision": 0.52941, "recall": 0.69231, "f1": 0.6, "auc": 0.53935}
{"epoch": 64, "time_epoch": 3.61499, "eta": 126.63179, "eta_hours": 0.03518, "loss": 0.69879974, "lr": 0.00028711, "params": 5336, "time_iter": 0.09513, "accuracy": 0.48, "precision": 0.5, "recall": 0.62821, "f1": 0.55682, "auc": 0.49964}
{"epoch": 65, "time_epoch": 3.59177, "eta": 123.0002, "eta_hours": 0.03417, "loss": 0.69823174, "lr": 0.000273, "params": 5336, "time_iter": 0.09452, "accuracy": 0.52, "precision": 0.52727, "recall": 0.74359, "f1": 0.61702, "auc": 0.47792}
{"epoch": 66, "time_epoch": 3.82583, "eta": 119.48508, "eta_hours": 0.03319, "loss": 0.67331653, "lr": 0.00025912, "params": 5336, "time_iter": 0.10068, "accuracy": 0.62, "precision": 0.60606, "recall": 0.76923, "f1": 0.67797, "auc": 0.62019}
{"epoch": 67, "time_epoch": 3.57232, "eta": 115.84152, "eta_hours": 0.03218, "loss": 0.6732771, "lr": 0.00024548, "params": 5336, "time_iter": 0.09401, "accuracy": 0.58, "precision": 0.57426, "recall": 0.74359, "f1": 0.64804, "auc": 0.60719}
{"epoch": 68, "time_epoch": 3.58416, "eta": 112.20535, "eta_hours": 0.03117, "loss": 0.68172492, "lr": 0.00023209, "params": 5336, "time_iter": 0.09432, "accuracy": 0.58667, "precision": 0.58, "recall": 0.74359, "f1": 0.65169, "auc": 0.57906}
{"epoch": 69, "time_epoch": 3.62367, "eta": 108.5876, "eta_hours": 0.03016, "loss": 0.6797706, "lr": 0.00021896, "params": 5336, "time_iter": 0.09536, "accuracy": 0.57333, "precision": 0.57, "recall": 0.73077, "f1": 0.64045, "auc": 0.58084}
{"epoch": 70, "time_epoch": 3.58778, "eta": 104.95502, "eta_hours": 0.02915, "loss": 0.68570953, "lr": 0.00020611, "params": 5336, "time_iter": 0.09442, "accuracy": 0.56, "precision": 0.5625, "recall": 0.69231, "f1": 0.62069, "auc": 0.57123}
{"epoch": 71, "time_epoch": 3.52925, "eta": 101.30093, "eta_hours": 0.02814, "loss": 0.68538536, "lr": 0.00019355, "params": 5336, "time_iter": 0.09288, "accuracy": 0.54, "precision": 0.54545, "recall": 0.69231, "f1": 0.61017, "auc": 0.54612}
{"epoch": 72, "time_epoch": 3.61599, "eta": 97.68233, "eta_hours": 0.02713, "loss": 0.6830093, "lr": 0.00018129, "params": 5336, "time_iter": 0.09516, "accuracy": 0.56, "precision": 0.56, "recall": 0.71795, "f1": 0.62921, "auc": 0.58048}
{"epoch": 73, "time_epoch": 3.5486, "eta": 94.04013, "eta_hours": 0.02612, "loss": 0.68567131, "lr": 0.00016934, "params": 5336, "time_iter": 0.09338, "accuracy": 0.58, "precision": 0.57282, "recall": 0.75641, "f1": 0.65193, "auc": 0.53632}
{"epoch": 74, "time_epoch": 3.55154, "eta": 90.40141, "eta_hours": 0.02511, "loss": 0.7008884, "lr": 0.00015773, "params": 5336, "time_iter": 0.09346, "accuracy": 0.52, "precision": 0.53, "recall": 0.67949, "f1": 0.59551, "auc": 0.49234}
{"epoch": 75, "time_epoch": 3.61381, "eta": 86.78464, "eta_hours": 0.02411, "loss": 0.6968887, "lr": 0.00014645, "params": 5336, "time_iter": 0.0951, "accuracy": 0.56, "precision": 0.56122, "recall": 0.70513, "f1": 0.625, "auc": 0.51318}
{"epoch": 76, "time_epoch": 3.66705, "eta": 83.18386, "eta_hours": 0.02311, "loss": 0.66850252, "lr": 0.00013552, "params": 5336, "time_iter": 0.0965, "accuracy": 0.61333, "precision": 0.6, "recall": 0.76923, "f1": 0.67416, "auc": 0.63657}
{"epoch": 77, "time_epoch": 3.61413, "eta": 79.56645, "eta_hours": 0.0221, "loss": 0.67735398, "lr": 0.00012494, "params": 5336, "time_iter": 0.09511, "accuracy": 0.54667, "precision": 0.55, "recall": 0.70513, "f1": 0.61798, "auc": 0.5917}
{"epoch": 78, "time_epoch": 3.58039, "eta": 75.94015, "eta_hours": 0.02109, "loss": 0.69044982, "lr": 0.00011474, "params": 5336, "time_iter": 0.09422, "accuracy": 0.53333, "precision": 0.54, "recall": 0.69231, "f1": 0.60674, "auc": 0.5292}
{"epoch": 79, "time_epoch": 3.64613, "eta": 72.33143, "eta_hours": 0.02009, "loss": 0.66978327, "lr": 0.00010492, "params": 5336, "time_iter": 0.09595, "accuracy": 0.58667, "precision": 0.58333, "recall": 0.71795, "f1": 0.64368, "auc": 0.62464}
{"epoch": 80, "time_epoch": 3.53678, "eta": 68.69615, "eta_hours": 0.01908, "loss": 0.67361523, "lr": 9.549e-05, "params": 5336, "time_iter": 0.09307, "accuracy": 0.58, "precision": 0.57282, "recall": 0.75641, "f1": 0.65193, "auc": 0.60345}
{"epoch": 81, "time_epoch": 3.66982, "eta": 65.09247, "eta_hours": 0.01808, "loss": 0.69369697, "lr": 8.646e-05, "params": 5336, "time_iter": 0.09657, "accuracy": 0.55333, "precision": 0.55446, "recall": 0.71795, "f1": 0.6257, "auc": 0.50908}
{"epoch": 82, "time_epoch": 3.59044, "eta": 61.47093, "eta_hours": 0.01708, "loss": 0.66911742, "lr": 7.784e-05, "params": 5336, "time_iter": 0.09449, "accuracy": 0.56, "precision": 0.55769, "recall": 0.74359, "f1": 0.63736, "auc": 0.62037}
{"epoch": 83, "time_epoch": 3.63001, "eta": 57.85768, "eta_hours": 0.01607, "loss": 0.66808603, "lr": 6.963e-05, "params": 5336, "time_iter": 0.09553, "accuracy": 0.59333, "precision": 0.58763, "recall": 0.73077, "f1": 0.65143, "auc": 0.64031}
{"epoch": 84, "time_epoch": 3.6169, "eta": 54.24171, "eta_hours": 0.01507, "loss": 0.67825908, "lr": 6.185e-05, "params": 5336, "time_iter": 0.09518, "accuracy": 0.56667, "precision": 0.56842, "recall": 0.69231, "f1": 0.62428, "auc": 0.59865}
{"epoch": 85, "time_epoch": 3.68225, "eta": 50.63637, "eta_hours": 0.01407, "loss": 0.67422961, "lr": 5.45e-05, "params": 5336, "time_iter": 0.0969, "accuracy": 0.57333, "precision": 0.57292, "recall": 0.70513, "f1": 0.63218, "auc": 0.61022}
{"epoch": 86, "time_epoch": 3.65486, "eta": 47.02516, "eta_hours": 0.01306, "loss": 0.68761378, "lr": 4.759e-05, "params": 5336, "time_iter": 0.09618, "accuracy": 0.52667, "precision": 0.53608, "recall": 0.66667, "f1": 0.59429, "auc": 0.55199}
{"epoch": 87, "time_epoch": 3.61632, "eta": 43.4077, "eta_hours": 0.01206, "loss": 0.67729263, "lr": 4.112e-05, "params": 5336, "time_iter": 0.09517, "accuracy": 0.58, "precision": 0.57895, "recall": 0.70513, "f1": 0.63584, "auc": 0.58618}
{"epoch": 88, "time_epoch": 3.62206, "eta": 39.79098, "eta_hours": 0.01105, "loss": 0.67315463, "lr": 3.511e-05, "params": 5336, "time_iter": 0.09532, "accuracy": 0.59333, "precision": 0.5914, "recall": 0.70513, "f1": 0.64327, "auc": 0.60434}
{"epoch": 89, "time_epoch": 3.67239, "eta": 36.17973, "eta_hours": 0.01005, "loss": 0.69329881, "lr": 2.956e-05, "params": 5336, "time_iter": 0.09664, "accuracy": 0.52, "precision": 0.53191, "recall": 0.64103, "f1": 0.5814, "auc": 0.52101}
{"epoch": 90, "time_epoch": 3.64851, "eta": 32.56478, "eta_hours": 0.00905, "loss": 0.67687562, "lr": 2.447e-05, "params": 5336, "time_iter": 0.09601, "accuracy": 0.6, "precision": 0.59574, "recall": 0.71795, "f1": 0.65116, "auc": 0.58654}
{"epoch": 91, "time_epoch": 3.6539, "eta": 28.94956, "eta_hours": 0.00804, "loss": 0.66572137, "lr": 1.985e-05, "params": 5336, "time_iter": 0.09616, "accuracy": 0.63333, "precision": 0.61856, "recall": 0.76923, "f1": 0.68571, "auc": 0.63212}
{"epoch": 92, "time_epoch": 3.6545, "eta": 25.33356, "eta_hours": 0.00704, "loss": 0.66766326, "lr": 1.571e-05, "params": 5336, "time_iter": 0.09617, "accuracy": 0.57333, "precision": 0.57143, "recall": 0.71795, "f1": 0.63636, "auc": 0.62482}
{"epoch": 93, "time_epoch": 3.59534, "eta": 21.71297, "eta_hours": 0.00603, "loss": 0.68329572, "lr": 1.204e-05, "params": 5336, "time_iter": 0.09461, "accuracy": 0.53333, "precision": 0.54167, "recall": 0.66667, "f1": 0.5977, "auc": 0.55377}
{"epoch": 94, "time_epoch": 3.67064, "eta": 18.09687, "eta_hours": 0.00503, "loss": 0.67269093, "lr": 8.86e-06, "params": 5336, "time_iter": 0.0966, "accuracy": 0.59333, "precision": 0.58947, "recall": 0.71795, "f1": 0.6474, "auc": 0.60345}
{"epoch": 95, "time_epoch": 3.63716, "eta": 14.47823, "eta_hours": 0.00402, "loss": 0.67543039, "lr": 6.16e-06, "params": 5336, "time_iter": 0.09571, "accuracy": 0.55333, "precision": 0.55238, "recall": 0.74359, "f1": 0.63388, "auc": 0.58689}
{"epoch": 96, "time_epoch": 3.64411, "eta": 10.85944, "eta_hours": 0.00302, "loss": 0.66265276, "lr": 3.94e-06, "params": 5336, "time_iter": 0.0959, "accuracy": 0.62, "precision": 0.61053, "recall": 0.74359, "f1": 0.67052, "auc": 0.64566}
{"epoch": 97, "time_epoch": 3.69869, "eta": 7.24123, "eta_hours": 0.00201, "loss": 0.67956275, "lr": 2.22e-06, "params": 5336, "time_iter": 0.09733, "accuracy": 0.57333, "precision": 0.57292, "recall": 0.70513, "f1": 0.63218, "auc": 0.59811}
{"epoch": 98, "time_epoch": 3.66384, "eta": 3.62105, "eta_hours": 0.00101, "loss": 0.70436803, "lr": 9.9e-07, "params": 5336, "time_iter": 0.09642, "accuracy": 0.5, "precision": 0.51485, "recall": 0.66667, "f1": 0.58101, "auc": 0.4813}
{"epoch": 99, "time_epoch": 3.6791, "eta": 0.0, "eta_hours": 0.0, "loss": 0.69169343, "lr": 2.5e-07, "params": 5336, "time_iter": 0.09682, "accuracy": 0.51333, "precision": 0.52747, "recall": 0.61538, "f1": 0.56805, "auc": 0.539}
