{"epoch": 73, "time_epoch": 7.97486, "time_epoch_std": 0.34452, "eta": 550.17704, "eta_std": 349.56716, "eta_hours": 0.15283, "eta_hours_std": 0.0971, "loss": 0.68198, "loss_std": 0.00915, "lr": 0.00057, "lr_std": 0.00041, "params": 5289.0, "params_std": 0.0, "time_iter": 0.0638, "time_iter_std": 0.00276, "accuracy": 0.5635, "accuracy_std": 0.04629, "accuracy_max": 0.618, "precision": 0.57284, "precision_std": 0.04743, "recall": 0.66601, "recall_std": 0.16997, "f1": 0.60079, "f1_std": 0.03745, "auc": 0.56706, "auc_std": 0.07253}
