{"epoch": 0, "time_epoch": 20.8715, "time_epoch_std": 0.41494, "eta": 2066.27845, "eta_std": 41.07883, "eta_hours": 0.57396, "eta_hours_std": 0.01141, "loss": 0.69456, "loss_std": 0.00244, "lr": 0.001, "lr_std": 0.0, "params": 5289.0, "params_std": 0.0, "time_iter": 0.16697, "time_iter_std": 0.00332, "accuracy": 0.515, "accuracy_std": 0.01676, "accuracy_max": 0.544, "precision": 0.52794, "precision_std": 0.03813, "recall": 0.79447, "recall_std": 0.28376, "f1": 0.59794, "f1_std": 0.10975, "auc": 0.50429, "auc_std": 0.02222}
{"epoch": 1, "time_epoch": 8.20966, "time_epoch_std": 0.64629, "eta": 1424.97654, "eta_std": 51.31437, "eta_hours": 0.39582, "eta_hours_std": 0.01425, "loss": 0.69181, "loss_std": 0.00343, "lr": 0.001, "lr_std": 0.0, "params": 5289.0, "params_std": 0.0, "time_iter": 0.06568, "time_iter_std": 0.00517, "accuracy": 0.522, "accuracy_std": 0.02818, "accuracy_max": 0.552, "precision": 0.5239, "precision_std": 0.0241, "recall": 0.7836, "recall_std": 0.16716, "f1": 0.61793, "f1_std": 0.04139, "auc": 0.51196, "auc_std": 0.04124}
{"epoch": 2, "time_epoch": 8.22912, "time_epoch_std": 0.66481, "eta": 1206.36559, "eta_std": 55.28946, "eta_hours": 0.3351, "eta_hours_std": 0.01536, "loss": 0.68723, "loss_std": 0.00754, "lr": 0.001, "lr_std": 0.0, "params": 5289.0, "params_std": 0.0, "time_iter": 0.06583, "time_iter_std": 0.00532, "accuracy": 0.541, "accuracy_std": 0.04016, "accuracy_max": 0.6, "precision": 0.55065, "precision_std": 0.04975, "recall": 0.62945, "recall_std": 0.223, "f1": 0.56688, "f1_std": 0.07596, "auc": 0.5346, "auc_std": 0.05819}
{"epoch": 3, "time_epoch": 8.2155, "time_epoch_std": 0.65166, "eta": 1092.61867, "eta_std": 56.63209, "eta_hours": 0.30351, "eta_hours_std": 0.01573, "loss": 0.68543, "loss_std": 0.0086, "lr": 0.001, "lr_std": 0.0, "params": 5289.0, "params_std": 0.0, "time_iter": 0.06572, "time_iter_std": 0.00522, "accuracy": 0.539, "accuracy_std": 0.03183, "accuracy_max": 0.58, "precision": 0.54214, "precision_std": 0.03468, "recall": 0.71047, "recall_std": 0.15592, "f1": 0.60371, "f1_std": 0.03682, "auc": 0.53913, "auc_std": 0.06389}
{"epoch": 4, "time_epoch": 8.20838, "time_epoch_std": 0.65037, "eta": 1020.94906, "eta_std": 57.17875, "eta_hours": 0.2836, "eta_hours_std": 0.01588, "loss": 0.68123, "loss_std": 0.01468, "lr": 0.001, "lr_std": 0.0, "params": 5289.0, "params_std": 0.0, "time_iter": 0.06566, "time_iter_std": 0.0052, "accuracy": 0.536, "accuracy_std": 0.05701, "accuracy_max": 0.606, "precision": 0.55321, "precision_std": 0.06268, "recall": 0.59091, "recall_std": 0.13628, "f1": 0.55888, "f1_std": 0.04028, "auc": 0.54032, "auc_std": 0.08236}
{"epoch": 5, "time_epoch": 8.21703, "time_epoch_std": 0.66251, "eta": 970.56864, "eta_std": 57.50502, "eta_hours": 0.2696, "eta_hours_std": 0.01598, "loss": 0.68331, "loss_std": 0.01051, "lr": 0.00099, "lr_std": 0.0, "params": 5289.0, "params_std": 0.0, "time_iter": 0.06574, "time_iter_std": 0.0053, "accuracy": 0.5415, "accuracy_std": 0.04515, "accuracy_max": 0.592, "precision": 0.5525, "precision_std": 0.05131, "recall": 0.73222, "recall_std": 0.20962, "f1": 0.60775, "f1_std": 0.04903, "auc": 0.53234, "auc_std": 0.07227}
{"epoch": 6, "time_epoch": 8.21162, "time_epoch_std": 0.66025, "eta": 932.16308, "eta_std": 57.53384, "eta_hours": 0.25894, "eta_hours_std": 0.01598, "loss": 0.68141, "loss_std": 0.01351, "lr": 0.00099, "lr_std": 0.0, "params": 5289.0, "params_std": 0.0, "time_iter": 0.06569, "time_iter_std": 0.00528, "accuracy": 0.5445, "accuracy_std": 0.04307, "accuracy_max": 0.596, "precision": 0.55738, "precision_std": 0.05457, "recall": 0.74308, "recall_std": 0.23395, "f1": 0.6101, "f1_std": 0.05491, "auc": 0.53185, "auc_std": 0.08111}
{"epoch": 7, "time_epoch": 8.22866, "time_epoch_std": 0.67627, "eta": 901.50195, "eta_std": 57.57411, "eta_hours": 0.25042, "eta_hours_std": 0.01599, "loss": 0.6858, "loss_std": 0.00979, "lr": 0.00099, "lr_std": 0.0, "params": 5289.0, "params_std": 0.0, "time_iter": 0.06583, "time_iter_std": 0.00541, "accuracy": 0.527, "accuracy_std": 0.04351, "accuracy_max": 0.586, "precision": 0.54142, "precision_std": 0.0502, "recall": 0.69565, "recall_std": 0.20853, "f1": 0.58699, "f1_std": 0.05434, "auc": 0.53378, "auc_std": 0.07383}
{"epoch": 8, "time_epoch": 8.77224, "time_epoch_std": 1.01209, "eta": 881.32194, "eta_std": 55.94437, "eta_hours": 0.24481, "eta_hours_std": 0.01554, "loss": 0.68163, "loss_std": 0.01252, "lr": 0.00098, "lr_std": 0.0, "params": 5289.0, "params_std": 0.0, "time_iter": 0.07018, "time_iter_std": 0.0081, "accuracy": 0.539, "accuracy_std": 0.04001, "accuracy_max": 0.594, "precision": 0.5478, "precision_std": 0.04765, "recall": 0.76186, "recall_std": 0.22665, "f1": 0.61443, "f1_std": 0.05283, "auc": 0.53514, "auc_std": 0.0834}
{"epoch": 9, "time_epoch": 9.71452, "time_epoch_std": 3.22364, "eta": 871.9041, "eta_std": 55.47473, "eta_hours": 0.2422, "eta_hours_std": 0.01541, "loss": 0.68303, "loss_std": 0.01056, "lr": 0.00098, "lr_std": 0.0, "params": 5289.0, "params_std": 0.0, "time_iter": 0.07772, "time_iter_std": 0.02579, "accuracy": 0.536, "accuracy_std": 0.04285, "accuracy_max": 0.578, "precision": 0.54953, "precision_std": 0.05121, "recall": 0.66996, "recall_std": 0.20577, "f1": 0.58296, "f1_std": 0.05331, "auc": 0.54854, "auc_std": 0.06377}
{"epoch": 10, "time_epoch": 10.36702, "time_epoch_std": 4.44898, "eta": 867.71157, "eta_std": 72.93753, "eta_hours": 0.24103, "eta_hours_std": 0.02026, "loss": 0.68449, "loss_std": 0.01116, "lr": 0.00098, "lr_std": 0.0, "params": 5289.0, "params_std": 0.0, "time_iter": 0.08293, "time_iter_std": 0.03559, "accuracy": 0.537, "accuracy_std": 0.0461, "accuracy_max": 0.596, "precision": 0.54758, "precision_std": 0.04951, "recall": 0.74012, "recall_std": 0.2035, "f1": 0.6089, "f1_std": 0.04568, "auc": 0.52766, "auc_std": 0.0767}
{"epoch": 11, "time_epoch": 10.37176, "time_epoch_std": 4.45031, "eta": 862.52477, "eta_std": 93.97223, "eta_hours": 0.23959, "eta_hours_std": 0.02611, "loss": 0.68439, "loss_std": 0.01134, "lr": 0.00097, "lr_std": 0.0, "params": 5289.0, "params_std": 0.0, "time_iter": 0.08297, "time_iter_std": 0.0356, "accuracy": 0.5405, "accuracy_std": 0.04222, "accuracy_max": 0.598, "precision": 0.55225, "precision_std": 0.05372, "recall": 0.62253, "recall_std": 0.21155, "f1": 0.56597, "f1_std": 0.06642, "auc": 0.52218, "auc_std": 0.07475}
{"epoch": 12, "time_epoch": 10.37488, "time_epoch_std": 4.48669, "eta": 856.56118, "eta_std": 113.57742, "eta_hours": 0.23794, "eta_hours_std": 0.03155, "loss": 0.68271, "loss_std": 0.01228, "lr": 0.00096, "lr_std": 0.0, "params": 5289.0, "params_std": 0.0, "time_iter": 0.083, "time_iter_std": 0.0359, "accuracy": 0.5395, "accuracy_std": 0.05149, "accuracy_max": 0.59, "precision": 0.55212, "precision_std": 0.05975, "recall": 0.64822, "recall_std": 0.20195, "f1": 0.57744, "f1_std": 0.06045, "auc": 0.5266, "auc_std": 0.08001}
{"epoch": 13, "time_epoch": 9.85561, "time_epoch_std": 3.57752, "eta": 846.77756, "eta_std": 125.21485, "eta_hours": 0.23522, "eta_hours_std": 0.03478, "loss": 0.68738, "loss_std": 0.00621, "lr": 0.00096, "lr_std": 0.0, "params": 5289.0, "params_std": 0.0, "time_iter": 0.07884, "time_iter_std": 0.02862, "accuracy": 0.5405, "accuracy_std": 0.03377, "accuracy_max": 0.58, "precision": 0.55286, "precision_std": 0.04789, "recall": 0.7421, "recall_std": 0.259, "f1": 0.60338, "f1_std": 0.06973, "auc": 0.5281, "auc_std": 0.0655}
{"epoch": 14, "time_epoch": 7.83375, "time_epoch_std": 0.14628, "eta": 825.52713, "eta_std": 116.02565, "eta_hours": 0.22931, "eta_hours_std": 0.03223, "loss": 0.6793, "loss_std": 0.01462, "lr": 0.00095, "lr_std": 0.0, "params": 5289.0, "params_std": 0.0, "time_iter": 0.06267, "time_iter_std": 0.00117, "accuracy": 0.5425, "accuracy_std": 0.05876, "accuracy_max": 0.606, "precision": 0.55603, "precision_std": 0.06479, "recall": 0.64032, "recall_std": 0.15162, "f1": 0.5816, "f1_std": 0.04284, "auc": 0.55218, "auc_std": 0.08287}
{"epoch": 15, "time_epoch": 7.83472, "time_epoch_std": 0.13702, "eta": 805.95886, "eta_std": 107.94413, "eta_hours": 0.22388, "eta_hours_std": 0.02998, "loss": 0.68061, "loss_std": 0.01658, "lr": 0.00095, "lr_std": 0.0, "params": 5289.0, "params_std": 0.0, "time_iter": 0.06268, "time_iter_std": 0.0011, "accuracy": 0.5415, "accuracy_std": 0.05428, "accuracy_max": 0.62, "precision": 0.56424, "precision_std": 0.07222, "recall": 0.65712, "recall_std": 0.19958, "f1": 0.58191, "f1_std": 0.04904, "auc": 0.52862, "auc_std": 0.09118}
{"epoch": 16, "time_epoch": 7.83628, "time_epoch_std": 0.14439, "eta": 787.77866, "eta_std": 100.88209, "eta_hours": 0.21883, "eta_hours_std": 0.02802, "loss": 0.68237, "loss_std": 0.01197, "lr": 0.00094, "lr_std": 0.0, "params": 5289.0, "params_std": 0.0, "time_iter": 0.06269, "time_iter_std": 0.00115, "accuracy": 0.5345, "accuracy_std": 0.04863, "accuracy_max": 0.604, "precision": 0.55149, "precision_std": 0.06071, "recall": 0.66897, "recall_std": 0.20415, "f1": 0.58201, "f1_std": 0.053, "auc": 0.53325, "auc_std": 0.0745}
{"epoch": 17, "time_epoch": 7.92566, "time_epoch_std": 0.24511, "eta": 771.15496, "eta_std": 95.10368, "eta_hours": 0.21421, "eta_hours_std": 0.02642, "loss": 0.68023, "loss_std": 0.01827, "lr": 0.00093, "lr_std": 0.0, "params": 5289.0, "params_std": 0.0, "time_iter": 0.06341, "time_iter_std": 0.00196, "accuracy": 0.5405, "accuracy_std": 0.04417, "accuracy_max": 0.614, "precision": 0.55432, "precision_std": 0.06005, "recall": 0.73617, "recall_std": 0.2649, "f1": 0.60078, "f1_std": 0.07677, "auc": 0.53506, "auc_std": 0.07565}
{"epoch": 18, "time_epoch": 7.84554, "time_epoch_std": 0.18468, "eta": 755.10527, "eta_std": 89.57054, "eta_hours": 0.20975, "eta_hours_std": 0.02488, "loss": 0.6859, "loss_std": 0.00766, "lr": 0.00092, "lr_std": 0.0, "params": 5289.0, "params_std": 0.0, "time_iter": 0.06276, "time_iter_std": 0.00148, "accuracy": 0.5285, "accuracy_std": 0.04013, "accuracy_max": 0.568, "precision": 0.54254, "precision_std": 0.0454, "recall": 0.71047, "recall_std": 0.22964, "f1": 0.59026, "f1_std": 0.06115, "auc": 0.52639, "auc_std": 0.06568}
{"epoch": 19, "time_epoch": 7.835, "time_epoch_std": 0.21792, "eta": 739.83384, "eta_std": 84.72182, "eta_hours": 0.20551, "eta_hours_std": 0.02354, "loss": 0.68548, "loss_std": 0.0123, "lr": 0.00091, "lr_std": 0.0, "params": 5289.0, "params_std": 0.0, "time_iter": 0.06268, "time_iter_std": 0.00174, "accuracy": 0.538, "accuracy_std": 0.03797, "accuracy_max": 0.6, "precision": 0.55568, "precision_std": 0.06217, "recall": 0.72332, "recall_std": 0.27107, "f1": 0.59337, "f1_std": 0.07795, "auc": 0.52348, "auc_std": 0.07975}
{"epoch": 20, "time_epoch": 7.86831, "time_epoch_std": 0.13124, "eta": 725.39594, "eta_std": 80.04814, "eta_hours": 0.2015, "eta_hours_std": 0.02224, "loss": 0.68629, "loss_std": 0.01034, "lr": 0.0009, "lr_std": 0.0, "params": 5289.0, "params_std": 0.0, "time_iter": 0.06294, "time_iter_std": 0.00105, "accuracy": 0.513, "accuracy_std": 0.05567, "accuracy_max": 0.584, "precision": 0.52184, "precision_std": 0.06591, "recall": 0.44071, "recall_std": 0.13117, "f1": 0.46759, "f1_std": 0.10199, "auc": 0.51617, "auc_std": 0.07247}
{"epoch": 21, "time_epoch": 7.84577, "time_epoch_std": 0.1252, "eta": 711.47537, "eta_std": 75.70769, "eta_hours": 0.19763, "eta_hours_std": 0.02103, "loss": 0.67975, "loss_std": 0.01678, "lr": 0.0009, "lr_std": 0.0, "params": 5289.0, "params_std": 0.0, "time_iter": 0.06277, "time_iter_std": 0.001, "accuracy": 0.5505, "accuracy_std": 0.04575, "accuracy_max": 0.61, "precision": 0.56298, "precision_std": 0.06192, "recall": 0.76581, "recall_std": 0.23463, "f1": 0.62106, "f1_std": 0.05129, "auc": 0.53745, "auc_std": 0.08913}
{"epoch": 22, "time_epoch": 7.85974, "time_epoch_std": 0.16221, "eta": 698.12982, "eta_std": 71.87929, "eta_hours": 0.19393, "eta_hours_std": 0.01996, "loss": 0.68178, "loss_std": 0.01276, "lr": 0.00089, "lr_std": 0.0, "params": 5289.0, "params_std": 0.0, "time_iter": 0.06288, "time_iter_std": 0.0013, "accuracy": 0.5345, "accuracy_std": 0.02858, "accuracy_max": 0.566, "precision": 0.54099, "precision_std": 0.03605, "recall": 0.76285, "recall_std": 0.23992, "f1": 0.60986, "f1_std": 0.06414, "auc": 0.5405, "auc_std": 0.07557}
{"epoch": 23, "time_epoch": 7.83698, "time_epoch_std": 0.13829, "eta": 685.16934, "eta_std": 68.34326, "eta_hours": 0.19032, "eta_hours_std": 0.01898, "loss": 0.68486, "loss_std": 0.00994, "lr": 0.00088, "lr_std": 0.0, "params": 5289.0, "params_std": 0.0, "time_iter": 0.0627, "time_iter_std": 0.00111, "accuracy": 0.528, "accuracy_std": 0.05148, "accuracy_max": 0.58, "precision": 0.5311, "precision_std": 0.06944, "recall": 0.56324, "recall_std": 0.27592, "f1": 0.51814, "f1_std": 0.13335, "auc": 0.51917, "auc_std": 0.08691}
{"epoch": 24, "time_epoch": 7.84794, "time_epoch_std": 0.1406, "eta": 672.65163, "eta_std": 65.04396, "eta_hours": 0.18685, "eta_hours_std": 0.01807, "loss": 0.68077, "loss_std": 0.01327, "lr": 0.00086, "lr_std": 0.0, "params": 5289.0, "params_std": 0.0, "time_iter": 0.06279, "time_iter_std": 0.00113, "accuracy": 0.5575, "accuracy_std": 0.05356, "accuracy_max": 0.614, "precision": 0.56908, "precision_std": 0.06482, "recall": 0.77372, "recall_std": 0.22153, "f1": 0.62971, "f1_std": 0.04097, "auc": 0.53537, "auc_std": 0.0887}
{"epoch": 25, "time_epoch": 7.84877, "time_epoch_std": 0.09692, "eta": 660.49549, "eta_std": 61.86243, "eta_hours": 0.18347, "eta_hours_std": 0.01718, "loss": 0.68172, "loss_std": 0.01189, "lr": 0.00085, "lr_std": 0.0, "params": 5289.0, "params_std": 0.0, "time_iter": 0.06279, "time_iter_std": 0.00078, "accuracy": 0.5385, "accuracy_std": 0.04378, "accuracy_max": 0.592, "precision": 0.55059, "precision_std": 0.05201, "recall": 0.62648, "recall_std": 0.20972, "f1": 0.56688, "f1_std": 0.06423, "auc": 0.54214, "auc_std": 0.07664}
{"epoch": 26, "time_epoch": 7.83215, "time_epoch_std": 0.10722, "eta": 648.61348, "eta_std": 58.926, "eta_hours": 0.18017, "eta_hours_std": 0.01637, "loss": 0.6782, "loss_std": 0.0173, "lr": 0.00084, "lr_std": 0.0, "params": 5289.0, "params_std": 0.0, "time_iter": 0.06266, "time_iter_std": 0.00086, "accuracy": 0.556, "accuracy_std": 0.0528, "accuracy_max": 0.63, "precision": 0.56765, "precision_std": 0.06545, "recall": 0.77075, "recall_std": 0.2294, "f1": 0.62699, "f1_std": 0.0472, "auc": 0.53483, "auc_std": 0.10053}
{"epoch": 27, "time_epoch": 7.85209, "time_epoch_std": 0.14409, "eta": 637.072, "eta_std": 56.31428, "eta_hours": 0.17696, "eta_hours_std": 0.01565, "loss": 0.68151, "loss_std": 0.01501, "lr": 0.00083, "lr_std": 0.0, "params": 5289.0, "params_std": 0.0, "time_iter": 0.06282, "time_iter_std": 0.00115, "accuracy": 0.5445, "accuracy_std": 0.04419, "accuracy_max": 0.612, "precision": 0.55894, "precision_std": 0.06112, "recall": 0.73913, "recall_std": 0.24341, "f1": 0.60743, "f1_std": 0.06118, "auc": 0.52945, "auc_std": 0.08013}
{"epoch": 28, "time_epoch": 7.89569, "time_epoch_std": 0.196, "eta": 625.8917, "eta_std": 54.03331, "eta_hours": 0.17386, "eta_hours_std": 0.01501, "loss": 0.6839, "loss_std": 0.00969, "lr": 0.00082, "lr_std": 0.0, "params": 5289.0, "params_std": 0.0, "time_iter": 0.06317, "time_iter_std": 0.00157, "accuracy": 0.543, "accuracy_std": 0.05084, "accuracy_max": 0.594, "precision": 0.55451, "precision_std": 0.05598, "recall": 0.72134, "recall_std": 0.19302, "f1": 0.60729, "f1_std": 0.04022, "auc": 0.52389, "auc_std": 0.08875}
{"epoch": 29, "time_epoch": 7.85558, "time_epoch_std": 0.1436, "eta": 614.83681, "eta_std": 51.75549, "eta_hours": 0.17079, "eta_hours_std": 0.01437, "loss": 0.68183, "loss_std": 0.0128, "lr": 0.00081, "lr_std": 0.0, "params": 5289.0, "params_std": 0.0, "time_iter": 0.06284, "time_iter_std": 0.00115, "accuracy": 0.535, "accuracy_std": 0.04916, "accuracy_max": 0.602, "precision": 0.54809, "precision_std": 0.05276, "recall": 0.71838, "recall_std": 0.20215, "f1": 0.60029, "f1_std": 0.05032, "auc": 0.53572, "auc_std": 0.08515}
{"epoch": 30, "time_epoch": 7.8321, "time_epoch_std": 0.12916, "eta": 603.93605, "eta_std": 49.54365, "eta_hours": 0.16776, "eta_hours_std": 0.01376, "loss": 0.68249, "loss_std": 0.01167, "lr": 0.00079, "lr_std": 0.0, "params": 5289.0, "params_std": 0.0, "time_iter": 0.06266, "time_iter_std": 0.00103, "accuracy": 0.5485, "accuracy_std": 0.04433, "accuracy_max": 0.604, "precision": 0.56017, "precision_std": 0.05711, "recall": 0.76186, "recall_std": 0.23676, "f1": 0.61845, "f1_std": 0.05272, "auc": 0.52329, "auc_std": 0.08775}
{"epoch": 31, "time_epoch": 7.8402, "time_epoch_std": 0.12271, "eta": 593.24431, "eta_std": 47.40541, "eta_hours": 0.16479, "eta_hours_std": 0.01317, "loss": 0.68118, "loss_std": 0.01378, "lr": 0.00078, "lr_std": 0.0, "params": 5289.0, "params_std": 0.0, "time_iter": 0.06272, "time_iter_std": 0.00098, "accuracy": 0.549, "accuracy_std": 0.05375, "accuracy_max": 0.626, "precision": 0.56154, "precision_std": 0.063, "recall": 0.74901, "recall_std": 0.21776, "f1": 0.6172, "f1_std": 0.04869, "auc": 0.53488, "auc_std": 0.08269}
{"epoch": 32, "time_epoch": 7.85867, "time_epoch_std": 0.15063, "eta": 582.76287, "eta_std": 45.48036, "eta_hours": 0.16188, "eta_hours_std": 0.01263, "loss": 0.6795, "loss_std": 0.01499, "lr": 0.00077, "lr_std": 0.0, "params": 5289.0, "params_std": 0.0, "time_iter": 0.06287, "time_iter_std": 0.0012, "accuracy": 0.5415, "accuracy_std": 0.03796, "accuracy_max": 0.596, "precision": 0.54765, "precision_std": 0.04447, "recall": 0.77174, "recall_std": 0.22837, "f1": 0.61869, "f1_std": 0.0544, "auc": 0.53058, "auc_std": 0.09526}
{"epoch": 33, "time_epoch": 7.87029, "time_epoch_std": 0.11825, "eta": 572.45827, "eta_std": 43.62375, "eta_hours": 0.15902, "eta_hours_std": 0.01212, "loss": 0.68281, "loss_std": 0.01066, "lr": 0.00075, "lr_std": 0.0, "params": 5289.0, "params_std": 0.0, "time_iter": 0.06296, "time_iter_std": 0.00094, "accuracy": 0.5545, "accuracy_std": 0.05072, "accuracy_max": 0.624, "precision": 0.56857, "precision_std": 0.06415, "recall": 0.7579, "recall_std": 0.24355, "f1": 0.61971, "f1_std": 0.05664, "auc": 0.52812, "auc_std": 0.08673}
{"epoch": 34, "time_epoch": 7.87224, "time_epoch_std": 0.1155, "eta": 562.2964, "eta_std": 41.81601, "eta_hours": 0.1562, "eta_hours_std": 0.01162, "loss": 0.67792, "loss_std": 0.01564, "lr": 0.00074, "lr_std": 0.0, "params": 5289.0, "params_std": 0.0, "time_iter": 0.06298, "time_iter_std": 0.00092, "accuracy": 0.5575, "accuracy_std": 0.05288, "accuracy_max": 0.626, "precision": 0.56825, "precision_std": 0.0657, "recall": 0.77866, "recall_std": 0.22178, "f1": 0.63131, "f1_std": 0.04069, "auc": 0.54032, "auc_std": 0.09064}
{"epoch": 35, "time_epoch": 7.83952, "time_epoch_std": 0.11219, "eta": 552.20357, "eta_std": 40.11295, "eta_hours": 0.15339, "eta_hours_std": 0.01114, "loss": 0.68275, "loss_std": 0.01461, "lr": 0.00073, "lr_std": 0.0, "params": 5289.0, "params_std": 0.0, "time_iter": 0.06272, "time_iter_std": 0.0009, "accuracy": 0.54, "accuracy_std": 0.04247, "accuracy_max": 0.61, "precision": 0.55222, "precision_std": 0.05933, "recall": 0.75296, "recall_std": 0.24718, "f1": 0.6093, "f1_std": 0.06359, "auc": 0.53009, "auc_std": 0.08282}
{"epoch": 36, "time_epoch": 7.9016, "time_epoch_std": 0.20762, "eta": 542.33824, "eta_std": 38.47577, "eta_hours": 0.15065, "eta_hours_std": 0.01069, "loss": 0.68567, "loss_std": 0.01086, "lr": 0.00071, "lr_std": 0.0, "params": 5289.0, "params_std": 0.0, "time_iter": 0.06322, "time_iter_std": 0.00166, "accuracy": 0.525, "accuracy_std": 0.03678, "accuracy_max": 0.572, "precision": 0.53528, "precision_std": 0.04222, "recall": 0.6166, "recall_std": 0.22362, "f1": 0.55321, "f1_std": 0.07294, "auc": 0.52395, "auc_std": 0.07227}
{"epoch": 37, "time_epoch": 7.90564, "time_epoch_std": 0.20227, "eta": 532.58284, "eta_std": 37.00739, "eta_hours": 0.14794, "eta_hours_std": 0.01028, "loss": 0.6738, "loss_std": 0.02232, "lr": 0.0007, "lr_std": 0.0, "params": 5289.0, "params_std": 0.0, "time_iter": 0.06325, "time_iter_std": 0.00162, "accuracy": 0.5675, "accuracy_std": 0.06361, "accuracy_max": 0.652, "precision": 0.57565, "precision_std": 0.07393, "recall": 0.8004, "recall_std": 0.19978, "f1": 0.64669, "f1_std": 0.02625, "auc": 0.55373, "auc_std": 0.1094}
{"epoch": 38, "time_epoch": 7.90756, "time_epoch_std": 0.22002, "eta": 522.92531, "eta_std": 35.55373, "eta_hours": 0.14526, "eta_hours_std": 0.00988, "loss": 0.68115, "loss_std": 0.0123, "lr": 0.00068, "lr_std": 0.0, "params": 5289.0, "params_std": 0.0, "time_iter": 0.06326, "time_iter_std": 0.00176, "accuracy": 0.551, "accuracy_std": 0.0452, "accuracy_max": 0.602, "precision": 0.55896, "precision_std": 0.05363, "recall": 0.77668, "recall_std": 0.2236, "f1": 0.62641, "f1_std": 0.04563, "auc": 0.52886, "auc_std": 0.10152}
{"epoch": 39, "time_epoch": 7.88323, "time_epoch_std": 0.17853, "eta": 513.3188, "eta_std": 34.19886, "eta_hours": 0.14259, "eta_hours_std": 0.0095, "loss": 0.67634, "loss_std": 0.0175, "lr": 0.00067, "lr_std": 0.0, "params": 5289.0, "params_std": 0.0, "time_iter": 0.06306, "time_iter_std": 0.00143, "accuracy": 0.548, "accuracy_std": 0.05612, "accuracy_max": 0.612, "precision": 0.561, "precision_std": 0.06326, "recall": 0.6917, "recall_std": 0.18857, "f1": 0.60044, "f1_std": 0.04374, "auc": 0.54981, "auc_std": 0.08984}
{"epoch": 40, "time_epoch": 7.90619, "time_epoch_std": 0.21082, "eta": 503.82938, "eta_std": 32.90101, "eta_hours": 0.13995, "eta_hours_std": 0.00914, "loss": 0.68476, "loss_std": 0.00875, "lr": 0.00065, "lr_std": 0.0, "params": 5289.0, "params_std": 0.0, "time_iter": 0.06325, "time_iter_std": 0.00169, "accuracy": 0.5425, "accuracy_std": 0.03801, "accuracy_max": 0.594, "precision": 0.54964, "precision_std": 0.04699, "recall": 0.77273, "recall_std": 0.22811, "f1": 0.61957, "f1_std": 0.05248, "auc": 0.52562, "auc_std": 0.08217}
{"epoch": 41, "time_epoch": 7.89497, "time_epoch_std": 0.20352, "eta": 494.39986, "eta_std": 31.62854, "eta_hours": 0.13733, "eta_hours_std": 0.00879, "loss": 0.68218, "loss_std": 0.01215, "lr": 0.00064, "lr_std": 0.0, "params": 5289.0, "params_std": 0.0, "time_iter": 0.06316, "time_iter_std": 0.00163, "accuracy": 0.541, "accuracy_std": 0.05794, "accuracy_max": 0.598, "precision": 0.55744, "precision_std": 0.06827, "recall": 0.6413, "recall_std": 0.20777, "f1": 0.57553, "f1_std": 0.06006, "auc": 0.5299, "auc_std": 0.08563}
{"epoch": 42, "time_epoch": 7.88602, "time_epoch_std": 0.17185, "eta": 485.02984, "eta_std": 30.46292, "eta_hours": 0.13473, "eta_hours_std": 0.00846, "loss": 0.68182, "loss_std": 0.01308, "lr": 0.00062, "lr_std": 0.0, "params": 5289.0, "params_std": 0.0, "time_iter": 0.06309, "time_iter_std": 0.00137, "accuracy": 0.539, "accuracy_std": 0.05427, "accuracy_max": 0.602, "precision": 0.5519, "precision_std": 0.06284, "recall": 0.65712, "recall_std": 0.19954, "f1": 0.58142, "f1_std": 0.05676, "auc": 0.53674, "auc_std": 0.07883}
{"epoch": 43, "time_epoch": 7.87122, "time_epoch_std": 0.14155, "eta": 475.70845, "eta_std": 29.3736, "eta_hours": 0.13214, "eta_hours_std": 0.00816, "loss": 0.67771, "loss_std": 0.01615, "lr": 0.00061, "lr_std": 0.0, "params": 5289.0, "params_std": 0.0, "time_iter": 0.06297, "time_iter_std": 0.00113, "accuracy": 0.56, "accuracy_std": 0.0612, "accuracy_max": 0.636, "precision": 0.57773, "precision_std": 0.0784, "recall": 0.76186, "recall_std": 0.22135, "f1": 0.62789, "f1_std": 0.03769, "auc": 0.5473, "auc_std": 0.09233}
{"epoch": 44, "time_epoch": 7.84184, "time_epoch_std": 0.12027, "eta": 466.41561, "eta_std": 28.31463, "eta_hours": 0.12956, "eta_hours_std": 0.00787, "loss": 0.68016, "loss_std": 0.01328, "lr": 0.00059, "lr_std": 0.0, "params": 5289.0, "params_std": 0.0, "time_iter": 0.06274, "time_iter_std": 0.00096, "accuracy": 0.5465, "accuracy_std": 0.05104, "accuracy_max": 0.6, "precision": 0.55694, "precision_std": 0.05636, "recall": 0.74012, "recall_std": 0.19545, "f1": 0.61532, "f1_std": 0.03828, "auc": 0.53779, "auc_std": 0.09527}
{"epoch": 45, "time_epoch": 7.70084, "time_epoch_std": 0.17237, "eta": 457.02032, "eta_std": 27.11979, "eta_hours": 0.12695, "eta_hours_std": 0.00753, "loss": 0.67939, "loss_std": 0.01408, "lr": 0.00058, "lr_std": 0.0, "params": 5289.0, "params_std": 0.0, "time_iter": 0.06161, "time_iter_std": 0.00138, "accuracy": 0.5515, "accuracy_std": 0.04564, "accuracy_max": 0.602, "precision": 0.55794, "precision_std": 0.05214, "recall": 0.78261, "recall_std": 0.21739, "f1": 0.62933, "f1_std": 0.0427, "auc": 0.54154, "auc_std": 0.09641}
{"epoch": 46, "time_epoch": 8.00674, "time_epoch_std": 0.36043, "eta": 448.04209, "eta_std": 26.44241, "eta_hours": 0.12446, "eta_hours_std": 0.00734, "loss": 0.67539, "loss_std": 0.01814, "lr": 0.00056, "lr_std": 0.0, "params": 5289.0, "params_std": 0.0, "time_iter": 0.06406, "time_iter_std": 0.00288, "accuracy": 0.554, "accuracy_std": 0.04802, "accuracy_max": 0.604, "precision": 0.56095, "precision_std": 0.05495, "recall": 0.7836, "recall_std": 0.21662, "f1": 0.63121, "f1_std": 0.04108, "auc": 0.54937, "auc_std": 0.09816}
{"epoch": 47, "time_epoch": 8.01659, "time_epoch_std": 0.36249, "eta": 439.11501, "eta_std": 25.78409, "eta_hours": 0.12198, "eta_hours_std": 0.00716, "loss": 0.67869, "loss_std": 0.0147, "lr": 0.00055, "lr_std": 0.0, "params": 5289.0, "params_std": 0.0, "time_iter": 0.06413, "time_iter_std": 0.0029, "accuracy": 0.5535, "accuracy_std": 0.04763, "accuracy_max": 0.606, "precision": 0.56393, "precision_std": 0.0585, "recall": 0.77075, "recall_std": 0.22952, "f1": 0.62528, "f1_std": 0.04679, "auc": 0.53768, "auc_std": 0.09645}
{"epoch": 48, "time_epoch": 8.01398, "time_epoch_std": 0.36882, "eta": 430.22238, "eta_std": 25.14146, "eta_hours": 0.1195, "eta_hours_std": 0.00698, "loss": 0.67842, "loss_std": 0.01583, "lr": 0.00053, "lr_std": 0.0, "params": 5289.0, "params_std": 0.0, "time_iter": 0.06411, "time_iter_std": 0.00295, "accuracy": 0.557, "accuracy_std": 0.05108, "accuracy_max": 0.612, "precision": 0.5666, "precision_std": 0.06061, "recall": 0.77767, "recall_std": 0.22255, "f1": 0.6305, "f1_std": 0.04192, "auc": 0.54498, "auc_std": 0.09596}
{"epoch": 49, "time_epoch": 8.00073, "time_epoch_std": 0.35553, "eta": 421.35164, "eta_std": 24.49665, "eta_hours": 0.11704, "eta_hours_std": 0.00681, "loss": 0.67919, "loss_std": 0.01463, "lr": 0.00052, "lr_std": 0.0, "params": 5289.0, "params_std": 0.0, "time_iter": 0.06401, "time_iter_std": 0.00285, "accuracy": 0.546, "accuracy_std": 0.0404, "accuracy_max": 0.594, "precision": 0.55355, "precision_std": 0.04851, "recall": 0.77174, "recall_std": 0.22847, "f1": 0.62124, "f1_std": 0.05075, "auc": 0.54502, "auc_std": 0.07651}
{"epoch": 50, "time_epoch": 8.01559, "time_epoch_std": 0.36524, "eta": 412.5293, "eta_std": 23.87628, "eta_hours": 0.11459, "eta_hours_std": 0.00663, "loss": 0.67784, "loss_std": 0.01551, "lr": 0.0005, "lr_std": 0.0, "params": 5289.0, "params_std": 0.0, "time_iter": 0.06412, "time_iter_std": 0.00292, "accuracy": 0.558, "accuracy_std": 0.05248, "accuracy_max": 0.62, "precision": 0.56701, "precision_std": 0.0622, "recall": 0.78261, "recall_std": 0.21755, "f1": 0.6333, "f1_std": 0.03869, "auc": 0.54338, "auc_std": 0.09332}
{"epoch": 51, "time_epoch": 8.0026, "time_epoch_std": 0.36106, "eta": 403.72599, "eta_std": 23.26267, "eta_hours": 0.11215, "eta_hours_std": 0.00646, "loss": 0.67854, "loss_std": 0.01516, "lr": 0.00048, "lr_std": 0.0, "params": 5289.0, "params_std": 0.0, "time_iter": 0.06402, "time_iter_std": 0.00289, "accuracy": 0.5655, "accuracy_std": 0.06001, "accuracy_max": 0.636, "precision": 0.57488, "precision_std": 0.06914, "recall": 0.78952, "recall_std": 0.21104, "f1": 0.64079, "f1_std": 0.03316, "auc": 0.53744, "auc_std": 0.10418}
{"epoch": 52, "time_epoch": 7.9987, "time_epoch_std": 0.35323, "eta": 394.94944, "eta_std": 22.65303, "eta_hours": 0.10971, "eta_hours_std": 0.00629, "loss": 0.6755, "loss_std": 0.01782, "lr": 0.00047, "lr_std": 0.0, "params": 5289.0, "params_std": 0.0, "time_iter": 0.06399, "time_iter_std": 0.00283, "accuracy": 0.555, "accuracy_std": 0.04933, "accuracy_max": 0.612, "precision": 0.5649, "precision_std": 0.05966, "recall": 0.7747, "recall_std": 0.22537, "f1": 0.62802, "f1_std": 0.04397, "auc": 0.54038, "auc_std": 0.1006}
{"epoch": 53, "time_epoch": 8.01579, "time_epoch_std": 0.35309, "eta": 386.21626, "eta_std": 22.05465, "eta_hours": 0.10728, "eta_hours_std": 0.00613, "loss": 0.68144, "loss_std": 0.01249, "lr": 0.00045, "lr_std": 0.0, "params": 5289.0, "params_std": 0.0, "time_iter": 0.06412, "time_iter_std": 0.00282, "accuracy": 0.5505, "accuracy_std": 0.04517, "accuracy_max": 0.606, "precision": 0.55957, "precision_std": 0.05372, "recall": 0.76976, "recall_std": 0.23176, "f1": 0.62272, "f1_std": 0.05203, "auc": 0.53163, "auc_std": 0.08556}
{"epoch": 54, "time_epoch": 8.01388, "time_epoch_std": 0.35636, "eta": 377.5076, "eta_std": 21.46558, "eta_hours": 0.10486, "eta_hours_std": 0.00596, "loss": 0.67704, "loss_std": 0.01688, "lr": 0.00044, "lr_std": 0.0, "params": 5289.0, "params_std": 0.0, "time_iter": 0.06411, "time_iter_std": 0.00285, "accuracy": 0.5445, "accuracy_std": 0.04236, "accuracy_max": 0.608, "precision": 0.55249, "precision_std": 0.05076, "recall": 0.7668, "recall_std": 0.23362, "f1": 0.61818, "f1_std": 0.05638, "auc": 0.5358, "auc_std": 0.09113}
{"epoch": 55, "time_epoch": 7.99264, "time_epoch_std": 0.35716, "eta": 368.80708, "eta_std": 20.88655, "eta_hours": 0.10244, "eta_hours_std": 0.0058, "loss": 0.68711, "loss_std": 0.00693, "lr": 0.00042, "lr_std": 0.0, "params": 5289.0, "params_std": 0.0, "time_iter": 0.06394, "time_iter_std": 0.00286, "accuracy": 0.5495, "accuracy_std": 0.05636, "accuracy_max": 0.612, "precision": 0.56474, "precision_std": 0.0666, "recall": 0.67194, "recall_std": 0.19478, "f1": 0.59345, "f1_std": 0.04732, "auc": 0.54323, "auc_std": 0.07803}
{"epoch": 56, "time_epoch": 8.04132, "time_epoch_std": 0.39419, "eta": 360.16811, "eta_std": 20.34716, "eta_hours": 0.10004, "eta_hours_std": 0.00565, "loss": 0.6773, "loss_std": 0.01592, "lr": 0.00041, "lr_std": 0.0, "params": 5289.0, "params_std": 0.0, "time_iter": 0.06433, "time_iter_std": 0.00315, "accuracy": 0.5575, "accuracy_std": 0.0515, "accuracy_max": 0.61, "precision": 0.56514, "precision_std": 0.05921, "recall": 0.78557, "recall_std": 0.21454, "f1": 0.63422, "f1_std": 0.03785, "auc": 0.55197, "auc_std": 0.09026}
{"epoch": 57, "time_epoch": 8.02144, "time_epoch_std": 0.39369, "eta": 351.53536, "eta_std": 19.81099, "eta_hours": 0.09765, "eta_hours_std": 0.0055, "loss": 0.67896, "loss_std": 0.01642, "lr": 0.00039, "lr_std": 0.0, "params": 5289.0, "params_std": 0.0, "time_iter": 0.06418, "time_iter_std": 0.00315, "accuracy": 0.56, "accuracy_std": 0.05466, "accuracy_max": 0.626, "precision": 0.56893, "precision_std": 0.06301, "recall": 0.7836, "recall_std": 0.21838, "f1": 0.63456, "f1_std": 0.04142, "auc": 0.54733, "auc_std": 0.09131}
{"epoch": 58, "time_epoch": 8.0226, "time_epoch_std": 0.37529, "eta": 342.92412, "eta_std": 19.26415, "eta_hours": 0.09526, "eta_hours_std": 0.00535, "loss": 0.67678, "loss_std": 0.01654, "lr": 0.00038, "lr_std": 0.0, "params": 5289.0, "params_std": 0.0, "time_iter": 0.06418, "time_iter_std": 0.00301, "accuracy": 0.5735, "accuracy_std": 0.06759, "accuracy_max": 0.646, "precision": 0.58412, "precision_std": 0.07872, "recall": 0.79743, "recall_std": 0.20296, "f1": 0.64916, "f1_std": 0.02297, "auc": 0.55633, "auc_std": 0.0942}
{"epoch": 59, "time_epoch": 7.90276, "time_epoch_std": 0.20652, "eta": 334.25263, "eta_std": 18.60416, "eta_hours": 0.09285, "eta_hours_std": 0.00517, "loss": 0.68102, "loss_std": 0.0157, "lr": 0.00036, "lr_std": 0.0, "params": 5289.0, "params_std": 0.0, "time_iter": 0.06322, "time_iter_std": 0.00165, "accuracy": 0.5575, "accuracy_std": 0.05154, "accuracy_max": 0.612, "precision": 0.57064, "precision_std": 0.06486, "recall": 0.76778, "recall_std": 0.23373, "f1": 0.6261, "f1_std": 0.0478, "auc": 0.5535, "auc_std": 0.08815}
{"epoch": 60, "time_epoch": 7.9026, "time_epoch_std": 0.20219, "eta": 325.60624, "eta_std": 17.95724, "eta_hours": 0.09044, "eta_hours_std": 0.00499, "loss": 0.68293, "loss_std": 0.01024, "lr": 0.00035, "lr_std": 0.0, "params": 5289.0, "params_std": 0.0, "time_iter": 0.06322, "time_iter_std": 0.00162, "accuracy": 0.553, "accuracy_std": 0.04719, "accuracy_max": 0.606, "precision": 0.56051, "precision_std": 0.05496, "recall": 0.78063, "recall_std": 0.21944, "f1": 0.62938, "f1_std": 0.0426, "auc": 0.54591, "auc_std": 0.08489}
{"epoch": 61, "time_epoch": 7.89629, "time_epoch_std": 0.19632, "eta": 316.97996, "eta_std": 17.32445, "eta_hours": 0.08805, "eta_hours_std": 0.00482, "loss": 0.68476, "loss_std": 0.01406, "lr": 0.00033, "lr_std": 0.0, "params": 5289.0, "params_std": 0.0, "time_iter": 0.06317, "time_iter_std": 0.00157, "accuracy": 0.5425, "accuracy_std": 0.04187, "accuracy_max": 0.59, "precision": 0.55086, "precision_std": 0.04766, "recall": 0.7085, "recall_std": 0.18774, "f1": 0.60268, "f1_std": 0.04192, "auc": 0.53467, "auc_std": 0.09091}
{"epoch": 62, "time_epoch": 7.86511, "time_epoch_std": 0.15157, "eta": 308.35855, "eta_std": 16.6626, "eta_hours": 0.08566, "eta_hours_std": 0.00463, "loss": 0.67392, "loss_std": 0.01927, "lr": 0.00032, "lr_std": 0.0, "params": 5289.0, "params_std": 0.0, "time_iter": 0.06292, "time_iter_std": 0.00121, "accuracy": 0.57, "accuracy_std": 0.06439, "accuracy_max": 0.644, "precision": 0.57653, "precision_std": 0.07053, "recall": 0.80435, "recall_std": 0.19805, "f1": 0.64924, "f1_std": 0.02801, "auc": 0.55976, "auc_std": 0.10631}
{"epoch": 63, "time_epoch": 8.12768, "time_epoch_std": 0.48315, "eta": 299.90848, "eta_std": 16.0335, "eta_hours": 0.08331, "eta_hours_std": 0.00445, "loss": 0.67355, "loss_std": 0.02196, "lr": 0.0003, "lr_std": 0.0, "params": 5289.0, "params_std": 0.0, "time_iter": 0.06502, "time_iter_std": 0.00387, "accuracy": 0.5625, "accuracy_std": 0.05703, "accuracy_max": 0.63, "precision": 0.56819, "precision_std": 0.0626, "recall": 0.79842, "recall_std": 0.20189, "f1": 0.64256, "f1_std": 0.03085, "auc": 0.56326, "auc_std": 0.09459}
{"epoch": 64, "time_epoch": 8.04925, "time_epoch_std": 0.35831, "eta": 291.42609, "eta_std": 15.42089, "eta_hours": 0.08095, "eta_hours_std": 0.00428, "loss": 0.68173, "loss_std": 0.01187, "lr": 0.00029, "lr_std": 0.0, "params": 5289.0, "params_std": 0.0, "time_iter": 0.0644, "time_iter_std": 0.00287, "accuracy": 0.554, "accuracy_std": 0.05004, "accuracy_max": 0.622, "precision": 0.56154, "precision_std": 0.05905, "recall": 0.78458, "recall_std": 0.21549, "f1": 0.6318, "f1_std": 0.04066, "auc": 0.55212, "auc_std": 0.0809}
{"epoch": 65, "time_epoch": 8.0445, "time_epoch_std": 0.35309, "eta": 282.95438, "eta_std": 14.82741, "eta_hours": 0.0786, "eta_hours_std": 0.00412, "loss": 0.68158, "loss_std": 0.0119, "lr": 0.00027, "lr_std": 0.0, "params": 5289.0, "params_std": 0.0, "time_iter": 0.06436, "time_iter_std": 0.00282, "accuracy": 0.5525, "accuracy_std": 0.04655, "accuracy_max": 0.602, "precision": 0.55852, "precision_std": 0.05261, "recall": 0.78557, "recall_std": 0.21443, "f1": 0.63119, "f1_std": 0.04079, "auc": 0.54235, "auc_std": 0.08764}
{"epoch": 66, "time_epoch": 8.04193, "time_epoch_std": 0.34437, "eta": 274.49415, "eta_std": 14.24485, "eta_hours": 0.07625, "eta_hours_std": 0.00396, "loss": 0.6828, "loss_std": 0.01041, "lr": 0.00026, "lr_std": 0.0, "params": 5289.0, "params_std": 0.0, "time_iter": 0.06434, "time_iter_std": 0.00276, "accuracy": 0.556, "accuracy_std": 0.05008, "accuracy_max": 0.61, "precision": 0.56188, "precision_std": 0.05605, "recall": 0.79052, "recall_std": 0.2095, "f1": 0.63538, "f1_std": 0.0366, "auc": 0.54583, "auc_std": 0.0839}
{"epoch": 67, "time_epoch": 7.98811, "time_epoch_std": 0.34233, "eta": 266.0209, "eta_std": 13.63934, "eta_hours": 0.0739, "eta_hours_std": 0.00379, "loss": 0.68596, "loss_std": 0.00819, "lr": 0.00025, "lr_std": 0.0, "params": 5289.0, "params_std": 0.0, "time_iter": 0.0639, "time_iter_std": 0.00274, "accuracy": 0.557, "accuracy_std": 0.05108, "accuracy_max": 0.612, "precision": 0.56339, "precision_std": 0.05749, "recall": 0.78953, "recall_std": 0.21048, "f1": 0.63559, "f1_std": 0.03647, "auc": 0.53837, "auc_std": 0.08395}
{"epoch": 68, "time_epoch": 7.98164, "time_epoch_std": 0.34496, "eta": 257.55881, "eta_std": 13.04366, "eta_hours": 0.07154, "eta_hours_std": 0.00362, "loss": 0.68405, "loss_std": 0.00923, "lr": 0.00023, "lr_std": 0.0, "params": 5289.0, "params_std": 0.0, "time_iter": 0.06385, "time_iter_std": 0.00276, "accuracy": 0.557, "accuracy_std": 0.05118, "accuracy_max": 0.614, "precision": 0.56297, "precision_std": 0.05768, "recall": 0.79249, "recall_std": 0.20798, "f1": 0.63674, "f1_std": 0.03537, "auc": 0.55565, "auc_std": 0.08343}
{"epoch": 69, "time_epoch": 7.98747, "time_epoch_std": 0.34369, "eta": 249.11294, "eta_std": 12.47238, "eta_hours": 0.0692, "eta_hours_std": 0.00346, "loss": 0.68116, "loss_std": 0.01233, "lr": 0.00022, "lr_std": 0.0, "params": 5289.0, "params_std": 0.0, "time_iter": 0.0639, "time_iter_std": 0.00275, "accuracy": 0.562, "accuracy_std": 0.05361, "accuracy_max": 0.626, "precision": 0.5711, "precision_std": 0.06409, "recall": 0.78162, "recall_std": 0.2186, "f1": 0.63507, "f1_std": 0.03932, "auc": 0.57464, "auc_std": 0.07384}
{"epoch": 70, "time_epoch": 8.00122, "time_epoch_std": 0.34573, "eta": 240.6856, "eta_std": 11.92009, "eta_hours": 0.06686, "eta_hours_std": 0.00331, "loss": 0.68201, "loss_std": 0.01435, "lr": 0.00021, "lr_std": 0.0, "params": 5289.0, "params_std": 0.0, "time_iter": 0.06401, "time_iter_std": 0.00277, "accuracy": 0.5545, "accuracy_std": 0.04464, "accuracy_max": 0.602, "precision": 0.55959, "precision_std": 0.05149, "recall": 0.77865, "recall_std": 0.20775, "f1": 0.63054, "f1_std": 0.04019, "auc": 0.57242, "auc_std": 0.0837}
{"epoch": 71, "time_epoch": 7.99146, "time_epoch_std": 0.34073, "eta": 232.26631, "eta_std": 11.38354, "eta_hours": 0.06452, "eta_hours_std": 0.00316, "loss": 0.6783, "loss_std": 0.01346, "lr": 0.00019, "lr_std": 0.0, "params": 5289.0, "params_std": 0.0, "time_iter": 0.06393, "time_iter_std": 0.00273, "accuracy": 0.5645, "accuracy_std": 0.04175, "accuracy_max": 0.614, "precision": 0.56819, "precision_std": 0.04971, "recall": 0.7332, "recall_std": 0.17699, "f1": 0.62405, "f1_std": 0.03331, "auc": 0.5787, "auc_std": 0.08241}
{"epoch": 72, "time_epoch": 7.99058, "time_epoch_std": 0.34075, "eta": 223.8584, "eta_std": 10.85505, "eta_hours": 0.06218, "eta_hours_std": 0.00301, "loss": 0.67336, "loss_std": 0.0162, "lr": 0.00018, "lr_std": 0.0, "params": 5289.0, "params_std": 0.0, "time_iter": 0.06393, "time_iter_std": 0.00273, "accuracy": 0.5855, "accuracy_std": 0.05185, "accuracy_max": 0.64, "precision": 0.59285, "precision_std": 0.05994, "recall": 0.7085, "recall_std": 0.1699, "f1": 0.62917, "f1_std": 0.02605, "auc": 0.59069, "auc_std": 0.08372}
{"epoch": 73, "time_epoch": 7.99667, "time_epoch_std": 0.3296, "eta": 215.46392, "eta_std": 10.34429, "eta_hours": 0.05985, "eta_hours_std": 0.00288, "loss": 0.67624, "loss_std": 0.01273, "lr": 0.00017, "lr_std": 0.0, "params": 5289.0, "params_std": 0.0, "time_iter": 0.06397, "time_iter_std": 0.00263, "accuracy": 0.5755, "accuracy_std": 0.04439, "accuracy_max": 0.618, "precision": 0.58045, "precision_std": 0.04829, "recall": 0.6996, "recall_std": 0.17344, "f1": 0.61959, "f1_std": 0.03248, "auc": 0.58238, "auc_std": 0.08647}
{"epoch": 74, "time_epoch": 7.99774, "time_epoch_std": 0.3403, "eta": 207.0804, "eta_std": 9.84411, "eta_hours": 0.05752, "eta_hours_std": 0.00273, "loss": 0.67231, "loss_std": 0.0178, "lr": 0.00016, "lr_std": 0.0, "params": 5289.0, "params_std": 0.0, "time_iter": 0.06398, "time_iter_std": 0.00272, "accuracy": 0.575, "accuracy_std": 0.04346, "accuracy_max": 0.616, "precision": 0.58645, "precision_std": 0.05325, "recall": 0.6749, "recall_std": 0.18907, "f1": 0.60886, "f1_std": 0.03769, "auc": 0.58367, "auc_std": 0.08061}
{"epoch": 75, "time_epoch": 7.98718, "time_epoch_std": 0.35265, "eta": 198.7037, "eta_std": 9.35238, "eta_hours": 0.0552, "eta_hours_std": 0.0026, "loss": 0.68479, "loss_std": 0.01872, "lr": 0.00015, "lr_std": 0.0, "params": 5289.0, "params_std": 0.0, "time_iter": 0.0639, "time_iter_std": 0.00282, "accuracy": 0.571, "accuracy_std": 0.03903, "accuracy_max": 0.61, "precision": 0.57846, "precision_std": 0.04335, "recall": 0.67984, "recall_std": 0.18567, "f1": 0.60849, "f1_std": 0.03869, "auc": 0.57919, "auc_std": 0.07861}
{"epoch": 76, "time_epoch": 8.05197, "time_epoch_std": 0.25135, "eta": 190.35647, "eta_std": 8.87557, "eta_hours": 0.05288, "eta_hours_std": 0.00247, "loss": 0.67181, "loss_std": 0.01759, "lr": 0.00014, "lr_std": 0.0, "params": 5289.0, "params_std": 0.0, "time_iter": 0.06442, "time_iter_std": 0.00201, "accuracy": 0.589, "accuracy_std": 0.05108, "accuracy_max": 0.634, "precision": 0.59767, "precision_std": 0.05618, "recall": 0.69565, "recall_std": 0.17652, "f1": 0.62603, "f1_std": 0.03175, "auc": 0.59885, "auc_std": 0.08713}
{"epoch": 77, "time_epoch": 7.77342, "time_epoch_std": 0.20281, "eta": 181.93825, "eta_std": 8.41532, "eta_hours": 0.05054, "eta_hours_std": 0.00234, "loss": 0.67801, "loss_std": 0.00888, "lr": 0.00012, "lr_std": 0.0, "params": 5289.0, "params_std": 0.0, "time_iter": 0.06219, "time_iter_std": 0.00163, "accuracy": 0.581, "accuracy_std": 0.04367, "accuracy_max": 0.614, "precision": 0.59232, "precision_std": 0.05079, "recall": 0.67688, "recall_std": 0.18674, "f1": 0.61335, "f1_std": 0.03385, "auc": 0.58915, "auc_std": 0.07774}
{"epoch": 78, "time_epoch": 7.58706, "time_epoch_std": 0.52401, "eta": 173.48681, "eta_std": 7.98878, "eta_hours": 0.04819, "eta_hours_std": 0.00222, "loss": 0.67591, "loss_std": 0.01073, "lr": 0.00011, "lr_std": 0.0, "params": 5289.0, "params_std": 0.0, "time_iter": 0.0607, "time_iter_std": 0.00419, "accuracy": 0.575, "accuracy_std": 0.04105, "accuracy_max": 0.608, "precision": 0.58343, "precision_std": 0.04589, "recall": 0.67984, "recall_std": 0.18512, "f1": 0.61097, "f1_std": 0.03667, "auc": 0.57901, "auc_std": 0.09039}
{"epoch": 79, "time_epoch": 7.63614, "time_epoch_std": 0.43407, "eta": 165.06924, "eta_std": 7.5602, "eta_hours": 0.04585, "eta_hours_std": 0.0021, "loss": 0.67553, "loss_std": 0.01922, "lr": 0.0001, "lr_std": 0.0, "params": 5289.0, "params_std": 0.0, "time_iter": 0.06109, "time_iter_std": 0.00347, "accuracy": 0.5665, "accuracy_std": 0.04314, "accuracy_max": 0.626, "precision": 0.57822, "precision_std": 0.0489, "recall": 0.65218, "recall_std": 0.20383, "f1": 0.59341, "f1_std": 0.05471, "auc": 0.58104, "auc_std": 0.09228}
{"epoch": 80, "time_epoch": 7.63425, "time_epoch_std": 0.45204, "eta": 156.67053, "eta_std": 7.14414, "eta_hours": 0.04352, "eta_hours_std": 0.00198, "loss": 0.6765, "loss_std": 0.01585, "lr": 0.0001, "lr_std": 0.0, "params": 5289.0, "params_std": 0.0, "time_iter": 0.06108, "time_iter_std": 0.00362, "accuracy": 0.5765, "accuracy_std": 0.04122, "accuracy_max": 0.61, "precision": 0.58941, "precision_std": 0.04874, "recall": 0.66403, "recall_std": 0.19472, "f1": 0.60494, "f1_std": 0.04001, "auc": 0.58842, "auc_std": 0.08078}
{"epoch": 81, "time_epoch": 7.64388, "time_epoch_std": 0.45817, "eta": 148.29258, "eta_std": 6.73132, "eta_hours": 0.0412, "eta_hours_std": 0.00187, "loss": 0.669, "loss_std": 0.01579, "lr": 9e-05, "lr_std": 0.0, "params": 5289.0, "params_std": 0.0, "time_iter": 0.06115, "time_iter_std": 0.00366, "accuracy": 0.5855, "accuracy_std": 0.05158, "accuracy_max": 0.636, "precision": 0.59676, "precision_std": 0.05774, "recall": 0.68083, "recall_std": 0.18639, "f1": 0.61766, "f1_std": 0.04095, "auc": 0.59894, "auc_std": 0.08032}
{"epoch": 82, "time_epoch": 7.6049, "time_epoch_std": 0.47661, "eta": 139.92434, "eta_std": 6.32731, "eta_hours": 0.03887, "eta_hours_std": 0.00176, "loss": 0.67189, "loss_std": 0.01421, "lr": 8e-05, "lr_std": 0.0, "params": 5289.0, "params_std": 0.0, "time_iter": 0.06084, "time_iter_std": 0.00382, "accuracy": 0.583, "accuracy_std": 0.04928, "accuracy_max": 0.628, "precision": 0.5962, "precision_std": 0.05733, "recall": 0.67194, "recall_std": 0.19061, "f1": 0.61248, "f1_std": 0.04069, "auc": 0.58891, "auc_std": 0.0939}
{"epoch": 83, "time_epoch": 7.63363, "time_epoch_std": 0.44039, "eta": 131.57974, "eta_std": 5.92539, "eta_hours": 0.03655, "eta_hours_std": 0.00165, "loss": 0.66879, "loss_std": 0.01554, "lr": 7e-05, "lr_std": 0.0, "params": 5289.0, "params_std": 0.0, "time_iter": 0.06107, "time_iter_std": 0.00352, "accuracy": 0.5925, "accuracy_std": 0.05003, "accuracy_max": 0.626, "precision": 0.60457, "precision_std": 0.05696, "recall": 0.68775, "recall_std": 0.18063, "f1": 0.62495, "f1_std": 0.02784, "auc": 0.60323, "auc_std": 0.07988}
{"epoch": 84, "time_epoch": 7.62281, "time_epoch_std": 0.44402, "eta": 123.24996, "eta_std": 5.52659, "eta_hours": 0.03424, "eta_hours_std": 0.00153, "loss": 0.67662, "loss_std": 0.01056, "lr": 6e-05, "lr_std": 0.0, "params": 5289.0, "params_std": 0.0, "time_iter": 0.06098, "time_iter_std": 0.00355, "accuracy": 0.5765, "accuracy_std": 0.04196, "accuracy_max": 0.612, "precision": 0.58946, "precision_std": 0.04954, "recall": 0.66403, "recall_std": 0.19562, "f1": 0.60481, "f1_std": 0.04173, "auc": 0.58696, "auc_std": 0.0763}
{"epoch": 85, "time_epoch": 7.64503, "time_epoch_std": 0.46266, "eta": 114.94024, "eta_std": 5.13655, "eta_hours": 0.03193, "eta_hours_std": 0.00143, "loss": 0.66629, "loss_std": 0.01656, "lr": 5e-05, "lr_std": 0.0, "params": 5289.0, "params_std": 0.0, "time_iter": 0.06116, "time_iter_std": 0.0037, "accuracy": 0.597, "accuracy_std": 0.05377, "accuracy_max": 0.646, "precision": 0.61256, "precision_std": 0.06215, "recall": 0.68182, "recall_std": 0.18511, "f1": 0.62522, "f1_std": 0.03165, "auc": 0.59242, "auc_std": 0.10617}
{"epoch": 86, "time_epoch": 7.65894, "time_epoch_std": 0.43787, "eta": 106.64788, "eta_std": 4.74928, "eta_hours": 0.02962, "eta_hours_std": 0.00132, "loss": 0.66938, "loss_std": 0.01415, "lr": 5e-05, "lr_std": 0.0, "params": 5289.0, "params_std": 0.0, "time_iter": 0.06127, "time_iter_std": 0.0035, "accuracy": 0.5955, "accuracy_std": 0.053, "accuracy_max": 0.644, "precision": 0.60979, "precision_std": 0.06106, "recall": 0.68478, "recall_std": 0.18434, "f1": 0.62535, "f1_std": 0.03242, "auc": 0.59457, "auc_std": 0.0868}
{"epoch": 87, "time_epoch": 7.63685, "time_epoch_std": 0.45411, "eta": 98.3669, "eta_std": 4.36907, "eta_hours": 0.02732, "eta_hours_std": 0.00121, "loss": 0.67714, "loss_std": 0.01053, "lr": 4e-05, "lr_std": 0.0, "params": 5289.0, "params_std": 0.0, "time_iter": 0.06109, "time_iter_std": 0.00363, "accuracy": 0.585, "accuracy_std": 0.04747, "accuracy_max": 0.624, "precision": 0.60243, "precision_std": 0.0584, "recall": 0.66206, "recall_std": 0.19851, "f1": 0.60887, "f1_std": 0.04196, "auc": 0.59207, "auc_std": 0.08074}
{"epoch": 88, "time_epoch": 7.60624, "time_epoch_std": 0.45227, "eta": 90.09661, "eta_std": 3.98886, "eta_hours": 0.02502, "eta_hours_std": 0.00111, "loss": 0.6831, "loss_std": 0.00724, "lr": 4e-05, "lr_std": 0.0, "params": 5289.0, "params_std": 0.0, "time_iter": 0.06085, "time_iter_std": 0.00362, "accuracy": 0.5675, "accuracy_std": 0.03562, "accuracy_max": 0.592, "precision": 0.58059, "precision_std": 0.04343, "recall": 0.65118, "recall_std": 0.20334, "f1": 0.59349, "f1_std": 0.04739, "auc": 0.57227, "auc_std": 0.0703}
{"epoch": 89, "time_epoch": 7.64218, "time_epoch_std": 0.43368, "eta": 81.84508, "eta_std": 3.6131, "eta_hours": 0.02273, "eta_hours_std": 0.001, "loss": 0.66095, "loss_std": 0.01898, "lr": 3e-05, "lr_std": 0.0, "params": 5289.0, "params_std": 0.0, "time_iter": 0.06114, "time_iter_std": 0.00347, "accuracy": 0.591, "accuracy_std": 0.05057, "accuracy_max": 0.638, "precision": 0.60849, "precision_std": 0.06184, "recall": 0.66996, "recall_std": 0.19074, "f1": 0.61669, "f1_std": 0.03319, "auc": 0.61634, "auc_std": 0.09126}
{"epoch": 90, "time_epoch": 7.63944, "time_epoch_std": 0.45215, "eta": 73.60666, "eta_std": 3.24102, "eta_hours": 0.02044, "eta_hours_std": 0.0009, "loss": 0.6705, "loss_std": 0.01394, "lr": 2e-05, "lr_std": 0.0, "params": 5289.0, "params_std": 0.0, "time_iter": 0.06112, "time_iter_std": 0.00362, "accuracy": 0.5895, "accuracy_std": 0.04912, "accuracy_max": 0.626, "precision": 0.60668, "precision_std": 0.05883, "recall": 0.667, "recall_std": 0.19302, "f1": 0.61429, "f1_std": 0.03579, "auc": 0.5982, "auc_std": 0.07672}
{"epoch": 91, "time_epoch": 7.62555, "time_epoch_std": 0.44698, "eta": 65.38006, "eta_std": 2.87127, "eta_hours": 0.01816, "eta_hours_std": 0.0008, "loss": 0.66613, "loss_std": 0.01808, "lr": 2e-05, "lr_std": 0.0, "params": 5289.0, "params_std": 0.0, "time_iter": 0.061, "time_iter_std": 0.00358, "accuracy": 0.5885, "accuracy_std": 0.04807, "accuracy_max": 0.624, "precision": 0.60458, "precision_std": 0.05773, "recall": 0.66996, "recall_std": 0.19098, "f1": 0.615, "f1_std": 0.03372, "auc": 0.60263, "auc_std": 0.08935}
{"epoch": 92, "time_epoch": 7.60694, "time_epoch_std": 0.44275, "eta": 57.16498, "eta_std": 2.50375, "eta_hours": 0.01588, "eta_hours_std": 0.00069, "loss": 0.67217, "loss_std": 0.01524, "lr": 2e-05, "lr_std": 0.0, "params": 5289.0, "params_std": 0.0, "time_iter": 0.06086, "time_iter_std": 0.00354, "accuracy": 0.5855, "accuracy_std": 0.04721, "accuracy_max": 0.622, "precision": 0.59981, "precision_std": 0.0552, "recall": 0.67095, "recall_std": 0.19225, "f1": 0.61324, "f1_std": 0.03864, "auc": 0.59343, "auc_std": 0.08326}
{"epoch": 93, "time_epoch": 7.62796, "time_epoch_std": 0.4214, "eta": 48.96419, "eta_std": 2.13832, "eta_hours": 0.0136, "eta_hours_std": 0.00059, "loss": 0.66505, "loss_std": 0.01752, "lr": 1e-05, "lr_std": 0.0, "params": 5289.0, "params_std": 0.0, "time_iter": 0.06102, "time_iter_std": 0.00337, "accuracy": 0.5825, "accuracy_std": 0.04721, "accuracy_max": 0.634, "precision": 0.59261, "precision_std": 0.05212, "recall": 0.68083, "recall_std": 0.18641, "f1": 0.61568, "f1_std": 0.03921, "auc": 0.60372, "auc_std": 0.08768}
{"epoch": 94, "time_epoch": 7.62901, "time_epoch_std": 0.43939, "eta": 40.77551, "eta_std": 1.77693, "eta_hours": 0.01133, "eta_hours_std": 0.00049, "loss": 0.675, "loss_std": 0.01112, "lr": 1e-05, "lr_std": 0.0, "params": 5289.0, "params_std": 0.0, "time_iter": 0.06103, "time_iter_std": 0.00351, "accuracy": 0.578, "accuracy_std": 0.04517, "accuracy_max": 0.622, "precision": 0.59307, "precision_std": 0.05475, "recall": 0.65909, "recall_std": 0.19927, "f1": 0.60348, "f1_std": 0.04528, "auc": 0.58795, "auc_std": 0.06902}
{"epoch": 95, "time_epoch": 7.62113, "time_epoch_std": 0.45484, "eta": 32.59816, "eta_std": 1.41772, "eta_hours": 0.00906, "eta_hours_std": 0.00039, "loss": 0.67396, "loss_std": 0.01134, "lr": 1e-05, "lr_std": 0.0, "params": 5289.0, "params_std": 0.0, "time_iter": 0.06097, "time_iter_std": 0.00364, "accuracy": 0.587, "accuracy_std": 0.04935, "accuracy_max": 0.634, "precision": 0.60133, "precision_std": 0.0583, "recall": 0.67392, "recall_std": 0.18959, "f1": 0.6157, "f1_std": 0.0369, "auc": 0.58576, "auc_std": 0.09563}
{"epoch": 96, "time_epoch": 7.62317, "time_epoch_std": 0.42106, "eta": 24.43234, "eta_std": 1.06013, "eta_hours": 0.00679, "eta_hours_std": 0.0003, "loss": 0.67481, "loss_std": 0.01179, "lr": 0.0, "lr_std": 0.0, "params": 5289.0, "params_std": 0.0, "time_iter": 0.06098, "time_iter_std": 0.00337, "accuracy": 0.5755, "accuracy_std": 0.0426, "accuracy_max": 0.622, "precision": 0.58952, "precision_std": 0.04895, "recall": 0.65613, "recall_std": 0.2028, "f1": 0.60016, "f1_std": 0.04935, "auc": 0.59176, "auc_std": 0.07527}
{"epoch": 97, "time_epoch": 7.70763, "time_epoch_std": 0.43565, "eta": 16.27932, "eta_std": 0.70472, "eta_hours": 0.00452, "eta_hours_std": 0.0002, "loss": 0.67028, "loss_std": 0.0134, "lr": 0.0, "lr_std": 0.0, "params": 5289.0, "params_std": 0.0, "time_iter": 0.06166, "time_iter_std": 0.00349, "accuracy": 0.584, "accuracy_std": 0.04512, "accuracy_max": 0.614, "precision": 0.5981, "precision_std": 0.05321, "recall": 0.66996, "recall_std": 0.1915, "f1": 0.61207, "f1_std": 0.03601, "auc": 0.59611, "auc_std": 0.06372}
{"epoch": 98, "time_epoch": 7.8857, "time_epoch_std": 0.20085, "eta": 8.13709, "eta_std": 0.34959, "eta_hours": 0.00226, "eta_hours_std": 0.0001, "loss": 0.6789, "loss_std": 0.01235, "lr": 0.0, "lr_std": 0.0, "params": 5289.0, "params_std": 0.0, "time_iter": 0.06309, "time_iter_std": 0.0016, "accuracy": 0.5855, "accuracy_std": 0.04651, "accuracy_max": 0.62, "precision": 0.60414, "precision_std": 0.05778, "recall": 0.6581, "recall_std": 0.19898, "f1": 0.60771, "f1_std": 0.03946, "auc": 0.60208, "auc_std": 0.05346}
{"epoch": 99, "time_epoch": 7.87539, "time_epoch_std": 0.186, "eta": 0.0, "eta_std": 0.0, "eta_hours": 0.0, "eta_hours_std": 0.0, "loss": 0.67765, "loss_std": 0.01092, "lr": 0.0, "lr_std": 0.0, "params": 5289.0, "params_std": 0.0, "time_iter": 0.063, "time_iter_std": 0.00149, "accuracy": 0.5825, "accuracy_std": 0.04526, "accuracy_max": 0.624, "precision": 0.59414, "precision_std": 0.0518, "recall": 0.67688, "recall_std": 0.1887, "f1": 0.61394, "f1_std": 0.03749, "auc": 0.60164, "auc_std": 0.0604}
