{"epoch": 0, "time_epoch": 21.26527, "eta": 2105.26135, "eta_hours": 0.58479, "loss": 0.69569642, "lr": 0.001, "params": 5289, "time_iter": 0.17012, "accuracy": 0.506, "precision": 0.506, "recall": 1.0, "f1": 0.67198, "auc": 0.50397}
{"epoch": 1, "time_epoch": 9.78399, "eta": 1521.41334, "eta_hours": 0.42261, "loss": 0.69424718, "lr": 0.00099975, "params": 5289, "time_iter": 0.07827, "accuracy": 0.488, "precision": 0.4966, "recall": 0.86561, "f1": 0.63112, "auc": 0.48292}
{"epoch": 2, "time_epoch": 9.82265, "eta": 1321.52481, "eta_hours": 0.36709, "loss": 0.693802, "lr": 0.00099901, "params": 5289, "time_iter": 0.07858, "accuracy": 0.498, "precision": 0.50476, "recall": 0.41897, "f1": 0.45788, "auc": 0.48908}
{"epoch": 3, "time_epoch": 9.78016, "eta": 1215.64958, "eta_hours": 0.33768, "loss": 0.69391833, "lr": 0.00099778, "params": 5289, "time_iter": 0.07824, "accuracy": 0.508, "precision": 0.50753, "recall": 0.93281, "f1": 0.65738, "auc": 0.48573}
{"epoch": 4, "time_epoch": 9.78132, "eta": 1148.23429, "eta_hours": 0.31895, "loss": 0.69490339, "lr": 0.00099606, "params": 5289, "time_iter": 0.07825, "accuracy": 0.464, "precision": 0.48244, "recall": 0.81423, "f1": 0.60588, "auc": 0.44624}
{"epoch": 5, "time_epoch": 9.72913, "eta": 1099.21279, "eta_hours": 0.30534, "loss": 0.69369469, "lr": 0.00099384, "params": 5289, "time_iter": 0.07783, "accuracy": 0.488, "precision": 0.49658, "recall": 0.86166, "f1": 0.63006, "auc": 0.46808}
{"epoch": 6, "time_epoch": 9.74028, "eta": 1061.56576, "eta_hours": 0.29488, "loss": 0.69396669, "lr": 0.00099114, "params": 5289, "time_iter": 0.07792, "accuracy": 0.494, "precision": 0.5, "recall": 0.93676, "f1": 0.65199, "auc": 0.44421}
{"epoch": 7, "time_epoch": 9.69605, "eta": 1030.38682, "eta_hours": 0.28622, "loss": 0.69425433, "lr": 0.00098796, "params": 5289, "time_iter": 0.07757, "accuracy": 0.506, "precision": 0.50617, "recall": 0.97233, "f1": 0.66576, "auc": 0.45719}
{"epoch": 8, "time_epoch": 9.72997, "eta": 1004.32478, "eta_hours": 0.27898, "loss": 0.69423765, "lr": 0.00098429, "params": 5289, "time_iter": 0.07784, "accuracy": 0.494, "precision": 0.5, "recall": 0.96838, "f1": 0.65949, "auc": 0.44658}
{"epoch": 9, "time_epoch": 9.64783, "eta": 980.78987, "eta_hours": 0.27244, "loss": 0.69380539, "lr": 0.00098015, "params": 5289, "time_iter": 0.07718, "accuracy": 0.484, "precision": 0.49288, "recall": 0.68379, "f1": 0.57285, "auc": 0.47594}
{"epoch": 10, "time_epoch": 9.76319, "eta": 960.71329, "eta_hours": 0.26686, "loss": 0.69389272, "lr": 0.00097553, "params": 5289, "time_iter": 0.07811, "accuracy": 0.494, "precision": 0.5, "recall": 0.92885, "f1": 0.65007, "auc": 0.45479}
{"epoch": 11, "time_epoch": 9.76576, "eta": 942.37441, "eta_hours": 0.26177, "loss": 0.693749, "lr": 0.00097044, "params": 5289, "time_iter": 0.07813, "accuracy": 0.512, "precision": 0.50916, "recall": 0.98814, "f1": 0.67204, "auc": 0.43121}
{"epoch": 12, "time_epoch": 9.72245, "eta": 925.06467, "eta_hours": 0.25696, "loss": 0.69370992, "lr": 0.00096489, "params": 5289, "time_iter": 0.07778, "accuracy": 0.512, "precision": 0.50913, "recall": 0.99209, "f1": 0.67292, "auc": 0.43085}
{"epoch": 13, "time_epoch": 9.7333, "eta": 908.90545, "eta_hours": 0.25247, "loss": 0.69349108, "lr": 0.00095888, "params": 5289, "time_iter": 0.07787, "accuracy": 0.51, "precision": 0.50803, "recall": 1.0, "f1": 0.67377, "auc": 0.48002}
{"epoch": 14, "time_epoch": 9.74128, "eta": 893.64827, "eta_hours": 0.24824, "loss": 0.69375304, "lr": 0.00095241, "params": 5289, "time_iter": 0.07793, "accuracy": 0.482, "precision": 0.48966, "recall": 0.56126, "f1": 0.52302, "auc": 0.47294}
{"epoch": 15, "time_epoch": 9.7472, "eta": 879.11161, "eta_hours": 0.2442, "loss": 0.69379358, "lr": 0.0009455, "params": 5289, "time_iter": 0.07798, "accuracy": 0.492, "precision": 0.49864, "recall": 0.72727, "f1": 0.59164, "auc": 0.45941}
{"epoch": 16, "time_epoch": 9.78501, "eta": 865.32304, "eta_hours": 0.24037, "loss": 0.69354079, "lr": 0.00093815, "params": 5289, "time_iter": 0.07828, "accuracy": 0.498, "precision": 0.50204, "recall": 0.97233, "f1": 0.66218, "auc": 0.45635}
{"epoch": 17, "time_epoch": 9.77481, "eta": 851.93284, "eta_hours": 0.23665, "loss": 0.69347107, "lr": 0.00093037, "params": 5289, "time_iter": 0.0782, "accuracy": 0.508, "precision": 0.50701, "recall": 1.0, "f1": 0.67287, "auc": 0.47311}
{"epoch": 18, "time_epoch": 9.74494, "eta": 838.7959, "eta_hours": 0.233, "loss": 0.69339986, "lr": 0.00092216, "params": 5289, "time_iter": 0.07796, "accuracy": 0.51, "precision": 0.5081, "recall": 0.99209, "f1": 0.67202, "auc": 0.47164}
{"epoch": 19, "time_epoch": 9.5945, "eta": 825.39638, "eta_hours": 0.22928, "loss": 0.69364589, "lr": 0.00091354, "params": 5289, "time_iter": 0.07676, "accuracy": 0.502, "precision": 0.50415, "recall": 0.96047, "f1": 0.66122, "auc": 0.4578}
{"epoch": 20, "time_epoch": 9.72285, "eta": 812.84207, "eta_hours": 0.22579, "loss": 0.69404285, "lr": 0.00090451, "params": 5289, "time_iter": 0.07778, "accuracy": 0.474, "precision": 0.45833, "recall": 0.21739, "f1": 0.29491, "auc": 0.45797}
{"epoch": 21, "time_epoch": 9.63834, "eta": 800.24553, "eta_hours": 0.22229, "loss": 0.69356524, "lr": 0.00089508, "params": 5289, "time_iter": 0.07711, "accuracy": 0.504, "precision": 0.50503, "recall": 0.99209, "f1": 0.66933, "auc": 0.44158}
{"epoch": 22, "time_epoch": 9.76608, "eta": 788.33389, "eta_hours": 0.21898, "loss": 0.6934035, "lr": 0.00088526, "params": 5289, "time_iter": 0.07813, "accuracy": 0.506, "precision": 0.506, "recall": 1.0, "f1": 0.67198, "auc": 0.46372}
{"epoch": 23, "time_epoch": 9.65366, "eta": 776.24506, "eta_hours": 0.21562, "loss": 0.69411915, "lr": 0.00087506, "params": 5289, "time_iter": 0.07723, "accuracy": 0.508, "precision": 0.50701, "recall": 1.0, "f1": 0.67287, "auc": 0.44176}
{"epoch": 24, "time_epoch": 9.69075, "eta": 764.46231, "eta_hours": 0.21235, "loss": 0.69381761, "lr": 0.00086448, "params": 5289, "time_iter": 0.07753, "accuracy": 0.5, "precision": 0.50303, "recall": 0.98419, "f1": 0.66578, "auc": 0.45186}
{"epoch": 25, "time_epoch": 9.71953, "eta": 752.9224, "eta_hours": 0.20915, "loss": 0.69362446, "lr": 0.00085355, "params": 5289, "time_iter": 0.07776, "accuracy": 0.498, "precision": 0.50206, "recall": 0.96443, "f1": 0.66035, "auc": 0.45469}
{"epoch": 26, "time_epoch": 9.60995, "eta": 741.22106, "eta_hours": 0.20589, "loss": 0.69364929, "lr": 0.00084227, "params": 5289, "time_iter": 0.07688, "accuracy": 0.506, "precision": 0.506, "recall": 1.0, "f1": 0.67198, "auc": 0.46101}
{"epoch": 27, "time_epoch": 9.69811, "eta": 729.8958, "eta_hours": 0.20275, "loss": 0.69335105, "lr": 0.00083066, "params": 5289, "time_iter": 0.07758, "accuracy": 0.502, "precision": 0.50417, "recall": 0.95652, "f1": 0.6603, "auc": 0.45458}
{"epoch": 28, "time_epoch": 9.72814, "eta": 718.75628, "eta_hours": 0.19965, "loss": 0.69366638, "lr": 0.00081871, "params": 5289, "time_iter": 0.07783, "accuracy": 0.486, "precision": 0.49512, "recall": 0.80237, "f1": 0.61237, "auc": 0.45258}
{"epoch": 29, "time_epoch": 9.70387, "eta": 707.65421, "eta_hours": 0.19657, "loss": 0.69370767, "lr": 0.00080645, "params": 5289, "time_iter": 0.07763, "accuracy": 0.492, "precision": 0.49896, "recall": 0.94466, "f1": 0.65301, "auc": 0.45152}
{"epoch": 30, "time_epoch": 9.63206, "eta": 696.48251, "eta_hours": 0.19347, "loss": 0.69347982, "lr": 0.00079389, "params": 5289, "time_iter": 0.07706, "accuracy": 0.504, "precision": 0.50501, "recall": 0.99605, "f1": 0.67021, "auc": 0.4362}
{"epoch": 31, "time_epoch": 9.61737, "eta": 685.37583, "eta_hours": 0.19038, "loss": 0.69341947, "lr": 0.00078104, "params": 5289, "time_iter": 0.07694, "accuracy": 0.492, "precision": 0.49894, "recall": 0.93281, "f1": 0.65014, "auc": 0.45397}
{"epoch": 32, "time_epoch": 9.72711, "eta": 674.58221, "eta_hours": 0.18738, "loss": 0.69342857, "lr": 0.00076791, "params": 5289, "time_iter": 0.07782, "accuracy": 0.506, "precision": 0.506, "recall": 1.0, "f1": 0.67198, "auc": 0.44466}
{"epoch": 33, "time_epoch": 9.75168, "eta": 663.89902, "eta_hours": 0.18442, "loss": 0.69342955, "lr": 0.00075452, "params": 5289, "time_iter": 0.07801, "accuracy": 0.506, "precision": 0.506, "recall": 1.0, "f1": 0.67198, "auc": 0.44662}
{"epoch": 34, "time_epoch": 9.62412, "eta": 653.03217, "eta_hours": 0.1814, "loss": 0.69345078, "lr": 0.00074088, "params": 5289, "time_iter": 0.07699, "accuracy": 0.506, "precision": 0.506, "recall": 1.0, "f1": 0.67198, "auc": 0.45524}
{"epoch": 35, "time_epoch": 9.72161, "eta": 642.40768, "eta_hours": 0.17845, "loss": 0.69347585, "lr": 0.000727, "params": 5289, "time_iter": 0.07777, "accuracy": 0.508, "precision": 0.50701, "recall": 1.0, "f1": 0.67287, "auc": 0.45431}
{"epoch": 36, "time_epoch": 9.73584, "eta": 631.85623, "eta_hours": 0.17552, "loss": 0.69385604, "lr": 0.00071289, "params": 5289, "time_iter": 0.07789, "accuracy": 0.476, "precision": 0.48276, "recall": 0.49802, "f1": 0.49027, "auc": 0.47174}
{"epoch": 37, "time_epoch": 9.78848, "eta": 621.43358, "eta_hours": 0.17262, "loss": 0.69353016, "lr": 0.00069857, "params": 5289, "time_iter": 0.07831, "accuracy": 0.506, "precision": 0.506, "recall": 1.0, "f1": 0.67198, "auc": 0.45632}
{"epoch": 38, "time_epoch": 9.73124, "eta": 610.95392, "eta_hours": 0.16971, "loss": 0.69336862, "lr": 0.00068406, "params": 5289, "time_iter": 0.07785, "accuracy": 0.508, "precision": 0.50701, "recall": 1.0, "f1": 0.67287, "auc": 0.4463}
{"epoch": 39, "time_epoch": 9.48879, "eta": 600.14801, "eta_hours": 0.16671, "loss": 0.69349764, "lr": 0.00066937, "params": 5289, "time_iter": 0.07591, "accuracy": 0.506, "precision": 0.506, "recall": 1.0, "f1": 0.67198, "auc": 0.45356}
{"epoch": 40, "time_epoch": 9.74259, "eta": 589.77157, "eta_hours": 0.16383, "loss": 0.69337016, "lr": 0.00065451, "params": 5289, "time_iter": 0.07794, "accuracy": 0.506, "precision": 0.506, "recall": 1.0, "f1": 0.67198, "auc": 0.46656}
{"epoch": 41, "time_epoch": 9.62737, "eta": 579.26619, "eta_hours": 0.16091, "loss": 0.69353101, "lr": 0.0006395, "params": 5289, "time_iter": 0.07702, "accuracy": 0.486, "precision": 0.49315, "recall": 0.56917, "f1": 0.52844, "auc": 0.45959}
{"epoch": 42, "time_epoch": 9.70287, "eta": 568.90174, "eta_hours": 0.15803, "loss": 0.69346229, "lr": 0.00062434, "params": 5289, "time_iter": 0.07762, "accuracy": 0.504, "precision": 0.50501, "recall": 0.99605, "f1": 0.67021, "auc": 0.46596}
{"epoch": 43, "time_epoch": 9.69482, "eta": 558.55712, "eta_hours": 0.15515, "loss": 0.69341198, "lr": 0.00060907, "params": 5289, "time_iter": 0.07756, "accuracy": 0.508, "precision": 0.50701, "recall": 1.0, "f1": 0.67287, "auc": 0.4624}
{"epoch": 44, "time_epoch": 9.73313, "eta": 548.28821, "eta_hours": 0.1523, "loss": 0.69340401, "lr": 0.00059369, "params": 5289, "time_iter": 0.07787, "accuracy": 0.48, "precision": 0.49165, "recall": 0.81423, "f1": 0.6131, "auc": 0.44892}
{"epoch": 45, "time_epoch": 9.72114, "eta": 538.02851, "eta_hours": 0.14945, "loss": 0.69360898, "lr": 0.00057822, "params": 5289, "time_iter": 0.07777, "accuracy": 0.504, "precision": 0.50501, "recall": 0.99605, "f1": 0.67021, "auc": 0.44661}
{"epoch": 46, "time_epoch": 9.71556, "eta": 527.78544, "eta_hours": 0.14661, "loss": 0.69342728, "lr": 0.00056267, "params": 5289, "time_iter": 0.07772, "accuracy": 0.506, "precision": 0.506, "recall": 1.0, "f1": 0.67198, "auc": 0.44548}
{"epoch": 47, "time_epoch": 9.65818, "eta": 517.50219, "eta_hours": 0.14375, "loss": 0.69340208, "lr": 0.00054705, "params": 5289, "time_iter": 0.07727, "accuracy": 0.506, "precision": 0.506, "recall": 1.0, "f1": 0.67198, "auc": 0.43512}
{"epoch": 48, "time_epoch": 9.70157, "eta": 507.2896, "eta_hours": 0.14091, "loss": 0.69329171, "lr": 0.0005314, "params": 5289, "time_iter": 0.07761, "accuracy": 0.506, "precision": 0.506, "recall": 1.0, "f1": 0.67198, "auc": 0.44897}
{"epoch": 49, "time_epoch": 8.20493, "eta": 495.60082, "eta_hours": 0.13767, "loss": 0.69328909, "lr": 0.00051571, "params": 5289, "time_iter": 0.06564, "accuracy": 0.506, "precision": 0.506, "recall": 1.0, "f1": 0.67198, "auc": 0.47229}
{"epoch": 50, "time_epoch": 8.07665, "eta": 483.92542, "eta_hours": 0.13442, "loss": 0.69333573, "lr": 0.0005, "params": 5289, "time_iter": 0.06461, "accuracy": 0.506, "precision": 0.506, "recall": 1.0, "f1": 0.67198, "auc": 0.45271}
{"epoch": 51, "time_epoch": 8.09867, "eta": 472.40875, "eta_hours": 0.13122, "loss": 0.6932689, "lr": 0.00048429, "params": 5289, "time_iter": 0.06479, "accuracy": 0.506, "precision": 0.506, "recall": 1.0, "f1": 0.67198, "auc": 0.45175}
{"epoch": 52, "time_epoch": 8.1294, "eta": 461.04832, "eta_hours": 0.12807, "loss": 0.69330942, "lr": 0.0004686, "params": 5289, "time_iter": 0.06504, "accuracy": 0.506, "precision": 0.506, "recall": 1.0, "f1": 0.67198, "auc": 0.44154}
{"epoch": 53, "time_epoch": 8.09775, "eta": 449.78059, "eta_hours": 0.12494, "loss": 0.69325057, "lr": 0.00045295, "params": 5289, "time_iter": 0.06478, "accuracy": 0.506, "precision": 0.506, "recall": 1.0, "f1": 0.67198, "auc": 0.44741}
{"epoch": 54, "time_epoch": 8.07054, "eta": 438.60588, "eta_hours": 0.12183, "loss": 0.69346206, "lr": 0.00043733, "params": 5289, "time_iter": 0.06456, "accuracy": 0.506, "precision": 0.506, "recall": 1.0, "f1": 0.67198, "auc": 0.45113}
{"epoch": 55, "time_epoch": 8.05739, "eta": 427.53169, "eta_hours": 0.11876, "loss": 0.69346727, "lr": 0.00042178, "params": 5289, "time_iter": 0.06446, "accuracy": 0.484, "precision": 0.49231, "recall": 0.63241, "f1": 0.55363, "auc": 0.45991}
{"epoch": 56, "time_epoch": 8.02669, "eta": 416.54019, "eta_hours": 0.11571, "loss": 0.69318868, "lr": 0.00040631, "params": 5289, "time_iter": 0.06421, "accuracy": 0.506, "precision": 0.506, "recall": 1.0, "f1": 0.67198, "auc": 0.45894}
{"epoch": 57, "time_epoch": 8.03478, "eta": 405.65679, "eta_hours": 0.11268, "loss": 0.69321777, "lr": 0.00039093, "params": 5289, "time_iter": 0.06428, "accuracy": 0.506, "precision": 0.506, "recall": 1.0, "f1": 0.67198, "auc": 0.47196}
{"epoch": 58, "time_epoch": 8.09592, "eta": 394.91243, "eta_hours": 0.1097, "loss": 0.69330882, "lr": 0.00037566, "params": 5289, "time_iter": 0.06477, "accuracy": 0.506, "precision": 0.506, "recall": 1.0, "f1": 0.67198, "auc": 0.47718}
{"epoch": 59, "time_epoch": 8.07511, "eta": 384.24249, "eta_hours": 0.10673, "loss": 0.69323665, "lr": 0.0003605, "params": 5289, "time_iter": 0.0646, "accuracy": 0.506, "precision": 0.506, "recall": 1.0, "f1": 0.67198, "auc": 0.47231}
{"epoch": 60, "time_epoch": 8.06253, "eta": 373.64958, "eta_hours": 0.10379, "loss": 0.69315219, "lr": 0.00034549, "params": 5289, "time_iter": 0.0645, "accuracy": 0.506, "precision": 0.506, "recall": 1.0, "f1": 0.67198, "auc": 0.46482}
{"epoch": 61, "time_epoch": 8.08632, "eta": 363.15287, "eta_hours": 0.10088, "loss": 0.69351502, "lr": 0.00033063, "params": 5289, "time_iter": 0.06469, "accuracy": 0.502, "precision": 0.50526, "recall": 0.75889, "f1": 0.60664, "auc": 0.46165}
{"epoch": 62, "time_epoch": 8.05341, "eta": 352.71336, "eta_hours": 0.09798, "loss": 0.69313029, "lr": 0.00031594, "params": 5289, "time_iter": 0.06443, "accuracy": 0.506, "precision": 0.506, "recall": 1.0, "f1": 0.67198, "auc": 0.47829}
{"epoch": 63, "time_epoch": 8.06067, "eta": 342.3525, "eta_hours": 0.0951, "loss": 0.69317687, "lr": 0.00030143, "params": 5289, "time_iter": 0.06449, "accuracy": 0.506, "precision": 0.506, "recall": 1.0, "f1": 0.67198, "auc": 0.48389}
{"epoch": 64, "time_epoch": 8.10913, "eta": 332.0885, "eta_hours": 0.09225, "loss": 0.69318885, "lr": 0.00028711, "params": 5289, "time_iter": 0.06487, "accuracy": 0.506, "precision": 0.506, "recall": 1.0, "f1": 0.67198, "auc": 0.48652}
{"epoch": 65, "time_epoch": 8.1254, "eta": 321.89819, "eta_hours": 0.08942, "loss": 0.69315771, "lr": 0.000273, "params": 5289, "time_iter": 0.065, "accuracy": 0.506, "precision": 0.506, "recall": 1.0, "f1": 0.67198, "auc": 0.48296}
{"epoch": 66, "time_epoch": 8.105, "eta": 311.75947, "eta_hours": 0.0866, "loss": 0.69325222, "lr": 0.00025912, "params": 5289, "time_iter": 0.06484, "accuracy": 0.504, "precision": 0.50501, "recall": 0.99605, "f1": 0.67021, "auc": 0.47079}
{"epoch": 67, "time_epoch": 8.10871, "eta": 301.6823, "eta_hours": 0.0838, "loss": 0.6932263, "lr": 0.00024548, "params": 5289, "time_iter": 0.06487, "accuracy": 0.512, "precision": 0.50905, "recall": 1.0, "f1": 0.67467, "auc": 0.45486}
{"epoch": 68, "time_epoch": 8.09502, "eta": 291.65605, "eta_hours": 0.08102, "loss": 0.69324468, "lr": 0.00023209, "params": 5289, "time_iter": 0.06476, "accuracy": 0.504, "precision": 0.50501, "recall": 0.99605, "f1": 0.67021, "auc": 0.47169}
{"epoch": 69, "time_epoch": 7.99308, "eta": 281.64128, "eta_hours": 0.07823, "loss": 0.69319377, "lr": 0.00021896, "params": 5289, "time_iter": 0.06394, "accuracy": 0.506, "precision": 0.506, "recall": 1.0, "f1": 0.67198, "auc": 0.4612}
{"epoch": 70, "time_epoch": 8.07496, "eta": 271.71691, "eta_hours": 0.07548, "loss": 0.69315232, "lr": 0.00020611, "params": 5289, "time_iter": 0.0646, "accuracy": 0.506, "precision": 0.506, "recall": 1.0, "f1": 0.67198, "auc": 0.47596}
{"epoch": 71, "time_epoch": 8.10783, "eta": 261.85669, "eta_hours": 0.07274, "loss": 0.69312305, "lr": 0.00019355, "params": 5289, "time_iter": 0.06486, "accuracy": 0.506, "precision": 0.506, "recall": 1.0, "f1": 0.67198, "auc": 0.48411}
{"epoch": 72, "time_epoch": 8.08648, "eta": 252.03659, "eta_hours": 0.07001, "loss": 0.69322783, "lr": 0.00018129, "params": 5289, "time_iter": 0.06469, "accuracy": 0.506, "precision": 0.506, "recall": 1.0, "f1": 0.67198, "auc": 0.47084}
{"epoch": 73, "time_epoch": 8.06974, "eta": 242.25746, "eta_hours": 0.06729, "loss": 0.69319116, "lr": 0.00016934, "params": 5289, "time_iter": 0.06456, "accuracy": 0.506, "precision": 0.506, "recall": 1.0, "f1": 0.67198, "auc": 0.47302}
{"epoch": 74, "time_epoch": 8.1081, "eta": 232.5367, "eta_hours": 0.06459, "loss": 0.69298667, "lr": 0.00015773, "params": 5289, "time_iter": 0.06486, "accuracy": 0.506, "precision": 0.506, "recall": 1.0, "f1": 0.67198, "auc": 0.53558}
{"epoch": 75, "time_epoch": 8.13129, "eta": 222.8657, "eta_hours": 0.06191, "loss": 0.69303155, "lr": 0.00014645, "params": 5289, "time_iter": 0.06505, "accuracy": 0.506, "precision": 0.506, "recall": 1.0, "f1": 0.67198, "auc": 0.52816}
{"epoch": 76, "time_epoch": 8.09393, "eta": 213.22354, "eta_hours": 0.05923, "loss": 0.69295231, "lr": 0.00013552, "params": 5289, "time_iter": 0.06475, "accuracy": 0.506, "precision": 0.506, "recall": 1.0, "f1": 0.67198, "auc": 0.53232}
{"epoch": 77, "time_epoch": 8.03641, "eta": 203.60485, "eta_hours": 0.05656, "loss": 0.69272364, "lr": 0.00012494, "params": 5289, "time_iter": 0.06429, "accuracy": 0.506, "precision": 0.506, "recall": 1.0, "f1": 0.67198, "auc": 0.57024}
{"epoch": 78, "time_epoch": 8.03981, "eta": 194.02712, "eta_hours": 0.0539, "loss": 0.69259267, "lr": 0.00011474, "params": 5289, "time_iter": 0.06432, "accuracy": 0.506, "precision": 0.506, "recall": 1.0, "f1": 0.67198, "auc": 0.56775}
{"epoch": 79, "time_epoch": 7.52753, "eta": 184.35977, "eta_hours": 0.05121, "loss": 0.69230159, "lr": 0.00010492, "params": 5289, "time_iter": 0.06022, "accuracy": 0.508, "precision": 0.50707, "recall": 0.99209, "f1": 0.67112, "auc": 0.57668}
{"epoch": 80, "time_epoch": 8.03217, "eta": 174.86362, "eta_hours": 0.04857, "loss": 0.69145865, "lr": 9.549e-05, "params": 5289, "time_iter": 0.06426, "accuracy": 0.53, "precision": 0.51875, "recall": 0.98419, "f1": 0.6794, "auc": 0.61966}
{"epoch": 81, "time_epoch": 8.03363, "eta": 165.40351, "eta_hours": 0.04595, "loss": 0.69102255, "lr": 8.646e-05, "params": 5289, "time_iter": 0.06427, "accuracy": 0.534, "precision": 0.52212, "recall": 0.93281, "f1": 0.6695, "auc": 0.607}
{"epoch": 82, "time_epoch": 8.09902, "eta": 155.99116, "eta_hours": 0.04333, "loss": 0.69108757, "lr": 7.784e-05, "params": 5289, "time_iter": 0.06479, "accuracy": 0.532, "precision": 0.52357, "recall": 0.83399, "f1": 0.64329, "auc": 0.58632}
{"epoch": 83, "time_epoch": 8.07041, "eta": 146.60463, "eta_hours": 0.04072, "loss": 0.69010448, "lr": 6.963e-05, "params": 5289, "time_iter": 0.06456, "accuracy": 0.548, "precision": 0.53659, "recall": 0.78261, "f1": 0.63666, "auc": 0.60729}
{"epoch": 84, "time_epoch": 8.06925, "eta": 137.24886, "eta_hours": 0.03812, "loss": 0.68903284, "lr": 6.185e-05, "params": 5289, "time_iter": 0.06455, "accuracy": 0.558, "precision": 0.54598, "recall": 0.75099, "f1": 0.63228, "auc": 0.6139}
{"epoch": 85, "time_epoch": 8.04127, "eta": 127.91846, "eta_hours": 0.03553, "loss": 0.68742664, "lr": 5.45e-05, "params": 5289, "time_iter": 0.06433, "accuracy": 0.582, "precision": 0.56875, "recall": 0.71937, "f1": 0.63525, "auc": 0.64052}
{"epoch": 86, "time_epoch": 8.07017, "eta": 118.62201, "eta_hours": 0.03295, "loss": 0.68703967, "lr": 4.759e-05, "params": 5289, "time_iter": 0.06456, "accuracy": 0.574, "precision": 0.56135, "recall": 0.72332, "f1": 0.63212, "auc": 0.62479}
{"epoch": 87, "time_epoch": 8.0667, "eta": 109.35296, "eta_hours": 0.03038, "loss": 0.68685709, "lr": 4.112e-05, "params": 5289, "time_iter": 0.06453, "accuracy": 0.586, "precision": 0.57419, "recall": 0.70356, "f1": 0.63233, "auc": 0.62036}
{"epoch": 88, "time_epoch": 8.00397, "eta": 100.10317, "eta_hours": 0.02781, "loss": 0.68741362, "lr": 3.511e-05, "params": 5289, "time_iter": 0.06403, "accuracy": 0.566, "precision": 0.5604, "recall": 0.66008, "f1": 0.60617, "auc": 0.60423}
{"epoch": 89, "time_epoch": 8.0472, "eta": 90.88587, "eta_hours": 0.02525, "loss": 0.6842889, "lr": 2.956e-05, "params": 5289, "time_iter": 0.06438, "accuracy": 0.596, "precision": 0.58763, "recall": 0.67589, "f1": 0.62868, "auc": 0.64672}
{"epoch": 90, "time_epoch": 8.10737, "eta": 81.70024, "eta_hours": 0.02269, "loss": 0.68421235, "lr": 2.447e-05, "params": 5289, "time_iter": 0.06486, "accuracy": 0.588, "precision": 0.57966, "recall": 0.67589, "f1": 0.62409, "auc": 0.63532}
{"epoch": 91, "time_epoch": 8.09932, "eta": 72.53735, "eta_hours": 0.02015, "loss": 0.68481317, "lr": 1.985e-05, "params": 5289, "time_iter": 0.06479, "accuracy": 0.584, "precision": 0.57951, "recall": 0.64822, "f1": 0.61194, "auc": 0.6247}
{"epoch": 92, "time_epoch": 8.07274, "eta": 63.39533, "eta_hours": 0.01761, "loss": 0.68607177, "lr": 1.571e-05, "params": 5289, "time_iter": 0.06458, "accuracy": 0.594, "precision": 0.58993, "recall": 0.64822, "f1": 0.6177, "auc": 0.60884}
{"epoch": 93, "time_epoch": 8.07899, "eta": 54.27646, "eta_hours": 0.01508, "loss": 0.6818255, "lr": 1.204e-05, "params": 5289, "time_iter": 0.06463, "accuracy": 0.588, "precision": 0.58304, "recall": 0.65217, "f1": 0.61567, "auc": 0.65213}
{"epoch": 94, "time_epoch": 8.04751, "eta": 45.17783, "eta_hours": 0.01255, "loss": 0.68621208, "lr": 8.86e-06, "params": 5289, "time_iter": 0.06438, "accuracy": 0.554, "precision": 0.55357, "recall": 0.61265, "f1": 0.58161, "auc": 0.59177}
{"epoch": 95, "time_epoch": 8.08922, "eta": 36.10283, "eta_hours": 0.01003, "loss": 0.68528798, "lr": 6.16e-06, "params": 5289, "time_iter": 0.06471, "accuracy": 0.564, "precision": 0.56098, "recall": 0.63636, "f1": 0.5963, "auc": 0.607}
{"epoch": 96, "time_epoch": 8.07188, "eta": 27.04763, "eta_hours": 0.00751, "loss": 0.68311587, "lr": 3.94e-06, "params": 5289, "time_iter": 0.06458, "accuracy": 0.6, "precision": 0.59636, "recall": 0.64822, "f1": 0.62121, "auc": 0.63454}
{"epoch": 97, "time_epoch": 8.09907, "eta": 18.01304, "eta_hours": 0.005, "loss": 0.68373703, "lr": 2.22e-06, "params": 5289, "time_iter": 0.06479, "accuracy": 0.578, "precision": 0.57343, "recall": 0.64822, "f1": 0.60853, "auc": 0.61855}
{"epoch": 98, "time_epoch": 8.08491, "eta": 8.99721, "eta_hours": 0.0025, "loss": 0.68484934, "lr": 9.9e-07, "params": 5289, "time_iter": 0.06468, "accuracy": 0.594, "precision": 0.59398, "recall": 0.62451, "f1": 0.60886, "auc": 0.62352}
{"epoch": 99, "time_epoch": 8.06849, "eta": 0.0, "eta_hours": 0.0, "loss": 0.68533964, "lr": 2.5e-07, "params": 5289, "time_iter": 0.06455, "accuracy": 0.598, "precision": 0.59489, "recall": 0.64427, "f1": 0.6186, "auc": 0.61436}
