{"epoch": 0, "time_epoch": 2.95662, "time_epoch_std": 0.05661, "eta": 292.70542, "eta_std": 5.60419, "eta_hours": 0.08131, "eta_hours_std": 0.00155, "loss": 0.70061, "loss_std": 0.00869, "lr": 0.001, "lr_std": 0.0, "params": 5401.0, "params_std": 0.0, "time_iter": 0.0778, "time_iter_std": 0.00149, "accuracy": 0.49333, "accuracy_std": 0.01633, "accuracy_max": 0.52, "precision": 0.25676, "precision_std": 0.2568, "recall": 0.48077, "recall_std": 0.48154, "f1": 0.33469, "f1_std": 0.33485, "auc": 0.42624, "auc_std": 0.07078}
