{"epoch": 5, "time_epoch": 1.93983, "time_epoch_std": 2.52362, "eta": 241.5042, "eta_std": 235.39498, "eta_hours": 0.06709, "eta_hours_std": 0.06539, "loss": 0.45104, "loss_std": 0.24208, "lr": 0.00077, "lr_std": 0.00034, "params": 9207.0, "params_std": 0.0, "time_iter": 0.17634, "time_iter_std": 0.22942, "accuracy": 0.72024, "accuracy_std": 0.20918, "accuracy_max": 0.95238, "precision": 0.59556, "precision_std": 0.39168, "recall": 0.7, "recall_std": 0.40774, "f1": 0.62512, "f1_std": 0.37748, "auc": 0.74772, "auc_std": 0.25218}
