{"epoch": 0, "time_epoch": 6.35026, "time_epoch_std": 0.13255, "eta": 628.67582, "eta_std": 13.12289, "eta_hours": 0.17463, "eta_hours_std": 0.00365, "loss": 0.69758, "loss_std": 0.00504, "lr": 0.001, "lr_std": 0.0, "params": 9207.0, "params_std": 0.0, "time_iter": 0.5773, "time_iter_std": 0.01205, "accuracy": 0.5, "accuracy_std": 0.02381, "accuracy_max": 0.52381, "precision": 0.2381, "precision_std": 0.2381, "recall": 0.5, "recall_std": 0.5, "f1": 0.32258, "f1_std": 0.32258, "auc": 0.39375, "auc_std": 0.02444}
{"epoch": 1, "time_epoch": 7.51024, "time_epoch_std": 0.15648, "eta": 679.1648, "eta_std": 14.02668, "eta_hours": 0.18866, "eta_hours_std": 0.00389, "loss": 0.69615, "loss_std": 0.00453, "lr": 0.001, "lr_std": 0.0, "params": 9207.0, "params_std": 0.0, "time_iter": 0.68275, "time_iter_std": 0.01422, "accuracy": 0.5, "accuracy_std": 0.02381, "accuracy_max": 0.52381, "precision": 0.2381, "precision_std": 0.2381, "recall": 0.5, "recall_std": 0.5, "f1": 0.32258, "f1_std": 0.32258, "auc": 0.49262, "auc_std": 0.05962}
{"epoch": 2, "time_epoch": 0.43588, "time_epoch_std": 0.03865, "eta": 462.24996, "eta_std": 10.48959, "eta_hours": 0.1284, "eta_hours_std": 0.00291, "loss": 0.69579, "loss_std": 0.00379, "lr": 0.001, "lr_std": 0.0, "params": 9207.0, "params_std": 0.0, "time_iter": 0.03963, "time_iter_std": 0.00351, "accuracy": 0.5, "accuracy_std": 0.02381, "accuracy_max": 0.52381, "precision": 0.2381, "precision_std": 0.2381, "recall": 0.5, "recall_std": 0.5, "f1": 0.32258, "f1_std": 0.32258, "auc": 0.53352, "auc_std": 0.03175}
{"epoch": 3, "time_epoch": 0.46349, "time_epoch_std": 0.04259, "eta": 354.23707, "eta_std": 8.80805, "eta_hours": 0.0984, "eta_hours_std": 0.00245, "loss": 0.69531, "loss_std": 0.00366, "lr": 0.001, "lr_std": 0.0, "params": 9207.0, "params_std": 0.0, "time_iter": 0.04214, "time_iter_std": 0.00387, "accuracy": 0.5, "accuracy_std": 0.02381, "accuracy_max": 0.52381, "precision": 0.2381, "precision_std": 0.2381, "recall": 0.5, "recall_std": 0.5, "f1": 0.32258, "f1_std": 0.32258, "auc": 0.49204, "auc_std": 0.0659}
{"epoch": 4, "time_epoch": 0.46834, "time_epoch_std": 0.0456, "eta": 289.33617, "eta_std": 7.8369, "eta_hours": 0.08037, "eta_hours_std": 0.00217, "loss": 0.69391, "loss_std": 0.00286, "lr": 0.001, "lr_std": 0.0, "params": 9207.0, "params_std": 0.0, "time_iter": 0.04258, "time_iter_std": 0.00415, "accuracy": 0.5, "accuracy_std": 0.02381, "accuracy_max": 0.52381, "precision": 0.2381, "precision_std": 0.2381, "recall": 0.5, "recall_std": 0.5, "f1": 0.32258, "f1_std": 0.32258, "auc": 0.58182, "auc_std": 0.01789}
{"epoch": 5, "time_epoch": 0.47367, "time_epoch_std": 0.04045, "eta": 245.9962, "eta_std": 7.01085, "eta_hours": 0.06833, "eta_hours_std": 0.00195, "loss": 0.69303, "loss_std": 0.00222, "lr": 0.00099, "lr_std": 0.0, "params": 9207.0, "params_std": 0.0, "time_iter": 0.04306, "time_iter_std": 0.00368, "accuracy": 0.50595, "accuracy_std": 0.01974, "accuracy_max": 0.52381, "precision": 0.241, "precision_std": 0.24103, "recall": 0.5, "recall_std": 0.5, "f1": 0.32522, "f1_std": 0.32525, "auc": 0.57841, "auc_std": 0.07188}
{"epoch": 6, "time_epoch": 0.48953, "time_epoch_std": 0.03767, "eta": 215.11454, "eta_std": 6.41146, "eta_hours": 0.05976, "eta_hours_std": 0.00178, "loss": 0.69069, "loss_std": 0.0023, "lr": 0.00099, "lr_std": 0.0, "params": 9207.0, "params_std": 0.0, "time_iter": 0.0445, "time_iter_std": 0.00342, "accuracy": 0.54762, "accuracy_std": 0.07143, "accuracy_max": 0.66667, "precision": 0.27814, "precision_std": 0.28384, "recall": 0.425, "recall_std": 0.43804, "f1": 0.32796, "f1_std": 0.32805, "auc": 0.71421, "auc_std": 0.07888}
{"epoch": 7, "time_epoch": 0.5028, "time_epoch_std": 0.0234, "eta": 191.98352, "eta_std": 5.81609, "eta_hours": 0.05333, "eta_hours_std": 0.00162, "loss": 0.68752, "loss_std": 0.00308, "lr": 0.00099, "lr_std": 0.0, "params": 9207.0, "params_std": 0.0, "time_iter": 0.04571, "time_iter_std": 0.00213, "accuracy": 0.57143, "accuracy_std": 0.06521, "accuracy_max": 0.66667, "precision": 0.55945, "precision_std": 0.37031, "recall": 0.4, "recall_std": 0.38243, "f1": 0.36978, "f1_std": 0.25861, "auc": 0.72784, "auc_std": 0.08037}
{"epoch": 8, "time_epoch": 0.50652, "time_epoch_std": 0.03691, "eta": 173.91859, "eta_std": 5.48472, "eta_hours": 0.04831, "eta_hours_std": 0.00152, "loss": 0.68119, "loss_std": 0.00274, "lr": 0.00098, "lr_std": 0.0, "params": 9207.0, "params_std": 0.0, "time_iter": 0.04605, "time_iter_std": 0.00336, "accuracy": 0.6131, "accuracy_std": 0.06602, "accuracy_max": 0.69048, "precision": 0.83937, "precision_std": 0.17291, "recall": 0.4, "recall_std": 0.39211, "f1": 0.38432, "f1_std": 0.29298, "auc": 0.7875, "auc_std": 0.05156}
{"epoch": 9, "time_epoch": 0.5018, "time_epoch_std": 0.02925, "eta": 159.32286, "eta_std": 5.14385, "eta_hours": 0.04426, "eta_hours_std": 0.00143, "loss": 0.66762, "loss_std": 0.00259, "lr": 0.00098, "lr_std": 0.0, "params": 9207.0, "params_std": 0.0, "time_iter": 0.04562, "time_iter_std": 0.00266, "accuracy": 0.72024, "accuracy_std": 0.04572, "accuracy_max": 0.78571, "precision": 0.89456, "precision_std": 0.14174, "recall": 0.55, "recall_std": 0.25739, "f1": 0.62071, "f1_std": 0.13332, "auc": 0.85114, "auc_std": 0.02386}
{"epoch": 10, "time_epoch": 0.48825, "time_epoch_std": 0.00749, "eta": 147.18003, "eta_std": 4.68149, "eta_hours": 0.04088, "eta_hours_std": 0.0013, "loss": 0.65385, "loss_std": 0.01206, "lr": 0.00098, "lr_std": 0.0, "params": 9207.0, "params_std": 0.0, "time_iter": 0.04438, "time_iter_std": 0.00068, "accuracy": 0.73214, "accuracy_std": 0.04572, "accuracy_max": 0.78571, "precision": 0.80518, "precision_std": 0.08062, "recall": 0.5875, "recall_std": 0.10232, "f1": 0.67263, "f1_std": 0.06775, "auc": 0.80739, "auc_std": 0.02916}
{"epoch": 11, "time_epoch": 0.56719, "time_epoch_std": 0.14135, "eta": 137.55854, "eta_std": 5.26411, "eta_hours": 0.03821, "eta_hours_std": 0.00146, "loss": 0.61577, "loss_std": 0.02533, "lr": 0.00097, "lr_std": 0.0, "params": 9207.0, "params_std": 0.0, "time_iter": 0.05156, "time_iter_std": 0.01285, "accuracy": 0.78571, "accuracy_std": 0.01684, "accuracy_max": 0.80952, "precision": 0.85853, "precision_std": 0.04411, "recall": 0.6625, "recall_std": 0.04146, "f1": 0.74601, "f1_std": 0.02259, "auc": 0.86307, "auc_std": 0.04117}
{"epoch": 12, "time_epoch": 0.48654, "time_epoch_std": 0.00616, "eta": 128.79029, "eta_std": 4.82189, "eta_hours": 0.03578, "eta_hours_std": 0.00134, "loss": 0.59845, "loss_std": 0.01977, "lr": 0.00096, "lr_std": 0.0, "params": 9207.0, "params_std": 0.0, "time_iter": 0.04423, "time_iter_std": 0.00056, "accuracy": 0.73214, "accuracy_std": 0.02594, "accuracy_max": 0.7619, "precision": 0.75319, "precision_std": 0.01294, "recall": 0.65, "recall_std": 0.07071, "f1": 0.69599, "f1_std": 0.04345, "auc": 0.83523, "auc_std": 0.01164}
{"epoch": 13, "time_epoch": 0.48521, "time_epoch_std": 0.00453, "eta": 121.19694, "eta_std": 4.44407, "eta_hours": 0.03366, "eta_hours_std": 0.00124, "loss": 0.54732, "loss_std": 0.02371, "lr": 0.00096, "lr_std": 0.0, "params": 9207.0, "params_std": 0.0, "time_iter": 0.04411, "time_iter_std": 0.00041, "accuracy": 0.7619, "accuracy_std": 0.02916, "accuracy_max": 0.78571, "precision": 0.79598, "precision_std": 0.04326, "recall": 0.675, "recall_std": 0.0559, "f1": 0.7289, "f1_std": 0.03794, "auc": 0.87727, "auc_std": 0.02888}
{"epoch": 14, "time_epoch": 0.48333, "time_epoch_std": 0.00479, "eta": 114.54068, "eta_std": 4.08587, "eta_hours": 0.03182, "eta_hours_std": 0.00114, "loss": 0.50549, "loss_std": 0.0351, "lr": 0.00095, "lr_std": 0.0, "params": 9207.0, "params_std": 0.0, "time_iter": 0.04394, "time_iter_std": 0.00044, "accuracy": 0.82143, "accuracy_std": 0.05189, "accuracy_max": 0.88095, "precision": 0.84712, "precision_std": 0.09614, "recall": 0.775, "recall_std": 0.0559, "f1": 0.80622, "f1_std": 0.05273, "auc": 0.89148, "auc_std": 0.00825}
{"epoch": 15, "time_epoch": 0.49226, "time_epoch_std": 0.01099, "eta": 108.70297, "eta_std": 3.83848, "eta_hours": 0.0302, "eta_hours_std": 0.00106, "loss": 0.46861, "loss_std": 0.0389, "lr": 0.00095, "lr_std": 0.0, "params": 9207.0, "params_std": 0.0, "time_iter": 0.04475, "time_iter_std": 0.001, "accuracy": 0.82738, "accuracy_std": 0.03093, "accuracy_max": 0.85714, "precision": 0.85084, "precision_std": 0.03807, "recall": 0.775, "recall_std": 0.0559, "f1": 0.80978, "f1_std": 0.03651, "auc": 0.90341, "auc_std": 0.00612}
{"epoch": 16, "time_epoch": 0.4971, "time_epoch_std": 0.022, "eta": 103.51773, "eta_std": 3.67701, "eta_hours": 0.02875, "eta_hours_std": 0.00102, "loss": 0.4096, "loss_std": 0.06036, "lr": 0.00094, "lr_std": 0.0, "params": 9207.0, "params_std": 0.0, "time_iter": 0.04519, "time_iter_std": 0.002, "accuracy": 0.85714, "accuracy_std": 0.04454, "accuracy_max": 0.92857, "precision": 0.8984, "precision_std": 0.0287, "recall": 0.7875, "recall_std": 0.07395, "f1": 0.83844, "f1_std": 0.0539, "auc": 0.91364, "auc_std": 0.02616}
{"epoch": 17, "time_epoch": 0.49823, "time_epoch_std": 0.02016, "eta": 98.85855, "eta_std": 3.52148, "eta_hours": 0.02746, "eta_hours_std": 0.00098, "loss": 0.41242, "loss_std": 0.05649, "lr": 0.00093, "lr_std": 0.0, "params": 9207.0, "params_std": 0.0, "time_iter": 0.04529, "time_iter_std": 0.00183, "accuracy": 0.82142, "accuracy_std": 0.03948, "accuracy_max": 0.85714, "precision": 0.86806, "precision_std": 0.04886, "recall": 0.7375, "recall_std": 0.05449, "f1": 0.79678, "f1_std": 0.04744, "auc": 0.89375, "auc_std": 0.03392}
{"epoch": 18, "time_epoch": 0.48558, "time_epoch_std": 0.00685, "eta": 94.58346, "eta_std": 3.2853, "eta_hours": 0.02628, "eta_hours_std": 0.00091, "loss": 0.40252, "loss_std": 0.03125, "lr": 0.00092, "lr_std": 0.0, "params": 9207.0, "params_std": 0.0, "time_iter": 0.04415, "time_iter_std": 0.00062, "accuracy": 0.82142, "accuracy_std": 0.02662, "accuracy_max": 0.85714, "precision": 0.83935, "precision_std": 0.02541, "recall": 0.775, "recall_std": 0.075, "f1": 0.80354, "f1_std": 0.03644, "auc": 0.90852, "auc_std": 0.02748}
{"epoch": 19, "time_epoch": 0.48867, "time_epoch_std": 0.00677, "eta": 90.69966, "eta_std": 3.07113, "eta_hours": 0.0252, "eta_hours_std": 0.00085, "loss": 0.37197, "loss_std": 0.08084, "lr": 0.00091, "lr_std": 0.0, "params": 9207.0, "params_std": 0.0, "time_iter": 0.04442, "time_iter_std": 0.00061, "accuracy": 0.85119, "accuracy_std": 0.07017, "accuracy_max": 0.92857, "precision": 0.90806, "precision_std": 0.07276, "recall": 0.7625, "recall_std": 0.10232, "f1": 0.82744, "f1_std": 0.08726, "auc": 0.91136, "auc_std": 0.04404}
{"epoch": 20, "time_epoch": 0.48838, "time_epoch_std": 0.00508, "eta": 87.13812, "eta_std": 2.90262, "eta_hours": 0.0242, "eta_hours_std": 0.00081, "loss": 0.40154, "loss_std": 0.08738, "lr": 0.0009, "lr_std": 0.0, "params": 9207.0, "params_std": 0.0, "time_iter": 0.0444, "time_iter_std": 0.00046, "accuracy": 0.82738, "accuracy_std": 0.03522, "accuracy_max": 0.88095, "precision": 0.87533, "precision_std": 0.06254, "recall": 0.75, "recall_std": 0.06124, "f1": 0.80483, "f1_std": 0.04101, "auc": 0.89375, "auc_std": 0.05582}
{"epoch": 21, "time_epoch": 0.48871, "time_epoch_std": 0.008, "eta": 83.8571, "eta_std": 2.76137, "eta_hours": 0.0233, "eta_hours_std": 0.00077, "loss": 0.3085, "loss_std": 0.05555, "lr": 0.0009, "lr_std": 0.0, "params": 9207.0, "params_std": 0.0, "time_iter": 0.04442, "time_iter_std": 0.00073, "accuracy": 0.89881, "accuracy_std": 0.03522, "accuracy_max": 0.95238, "precision": 0.93217, "precision_std": 0.01912, "recall": 0.85, "recall_std": 0.07906, "f1": 0.88705, "f1_std": 0.04333, "auc": 0.94204, "auc_std": 0.02365}
{"epoch": 22, "time_epoch": 0.48799, "time_epoch_std": 0.00756, "eta": 80.81649, "eta_std": 2.63266, "eta_hours": 0.02245, "eta_hours_std": 0.00073, "loss": 0.27642, "loss_std": 0.06719, "lr": 0.00089, "lr_std": 0.0, "params": 9207.0, "params_std": 0.0, "time_iter": 0.04436, "time_iter_std": 0.00069, "accuracy": 0.89881, "accuracy_std": 0.06813, "accuracy_max": 0.97619, "precision": 0.90893, "precision_std": 0.06959, "recall": 0.875, "recall_std": 0.09014, "f1": 0.89061, "f1_std": 0.07471, "auc": 0.96306, "auc_std": 0.03673}
{"epoch": 23, "time_epoch": 0.49105, "time_epoch_std": 0.00432, "eta": 77.9983, "eta_std": 2.49417, "eta_hours": 0.02167, "eta_hours_std": 0.00069, "loss": 0.24348, "loss_std": 0.07986, "lr": 0.00088, "lr_std": 0.0, "params": 9207.0, "params_std": 0.0, "time_iter": 0.04464, "time_iter_std": 0.00039, "accuracy": 0.89881, "accuracy_std": 0.04572, "accuracy_max": 0.95238, "precision": 0.93023, "precision_std": 0.02783, "recall": 0.85, "recall_std": 0.07906, "f1": 0.88719, "f1_std": 0.05377, "auc": 0.96364, "auc_std": 0.03398}
{"epoch": 24, "time_epoch": 0.48328, "time_epoch_std": 0.00429, "eta": 75.34298, "eta_std": 2.359, "eta_hours": 0.02093, "eta_hours_std": 0.00065, "loss": 0.26919, "loss_std": 0.10477, "lr": 0.00086, "lr_std": 0.0, "params": 9207.0, "params_std": 0.0, "time_iter": 0.04394, "time_iter_std": 0.00039, "accuracy": 0.89881, "accuracy_std": 0.04251, "accuracy_max": 0.95238, "precision": 0.9121, "precision_std": 0.05927, "recall": 0.875, "recall_std": 0.0433, "f1": 0.89219, "f1_std": 0.04276, "auc": 0.94886, "auc_std": 0.03932}
{"epoch": 25, "time_epoch": 0.48467, "time_epoch_std": 0.00415, "eta": 72.85869, "eta_std": 2.24068, "eta_hours": 0.02024, "eta_hours_std": 0.00062, "loss": 0.27888, "loss_std": 0.10296, "lr": 0.00085, "lr_std": 0.0, "params": 9207.0, "params_std": 0.0, "time_iter": 0.04406, "time_iter_std": 0.00038, "accuracy": 0.8869, "accuracy_std": 0.07217, "accuracy_max": 0.97619, "precision": 0.89453, "precision_std": 0.06559, "recall": 0.8625, "recall_std": 0.09601, "f1": 0.87751, "f1_std": 0.07855, "auc": 0.94943, "auc_std": 0.03715}
{"epoch": 26, "time_epoch": 0.48112, "time_epoch_std": 0.00684, "eta": 70.51291, "eta_std": 2.11957, "eta_hours": 0.01959, "eta_hours_std": 0.00059, "loss": 0.241, "loss_std": 0.03619, "lr": 0.00084, "lr_std": 0.0, "params": 9207.0, "params_std": 0.0, "time_iter": 0.04374, "time_iter_std": 0.00062, "accuracy": 0.89881, "accuracy_std": 0.05155, "accuracy_max": 0.92857, "precision": 0.91303, "precision_std": 0.07346, "recall": 0.875, "recall_std": 0.0559, "f1": 0.89221, "f1_std": 0.05331, "auc": 0.96591, "auc_std": 0.01447}
{"epoch": 27, "time_epoch": 0.48445, "time_epoch_std": 0.00545, "eta": 68.3089, "eta_std": 2.01739, "eta_hours": 0.01897, "eta_hours_std": 0.00056, "loss": 0.24831, "loss_std": 0.07665, "lr": 0.00083, "lr_std": 0.0, "params": 9207.0, "params_std": 0.0, "time_iter": 0.04404, "time_iter_std": 0.0005, "accuracy": 0.8869, "accuracy_std": 0.05155, "accuracy_max": 0.97619, "precision": 0.89899, "precision_std": 0.06507, "recall": 0.8625, "recall_std": 0.06495, "f1": 0.87893, "f1_std": 0.05544, "auc": 0.96136, "auc_std": 0.02432}
{"epoch": 28, "time_epoch": 0.49588, "time_epoch_std": 0.01266, "eta": 66.25144, "eta_std": 1.94975, "eta_hours": 0.0184, "eta_hours_std": 0.00054, "loss": 0.25023, "loss_std": 0.11249, "lr": 0.00082, "lr_std": 0.0, "params": 9207.0, "params_std": 0.0, "time_iter": 0.04508, "time_iter_std": 0.00115, "accuracy": 0.92262, "accuracy_std": 0.04572, "accuracy_max": 0.97619, "precision": 0.93611, "precision_std": 0.05422, "recall": 0.9, "recall_std": 0.05, "f1": 0.91728, "f1_std": 0.04838, "auc": 0.95909, "auc_std": 0.03979}
{"epoch": 29, "time_epoch": 0.49302, "time_epoch_std": 0.01385, "eta": 64.29143, "eta_std": 1.8891, "eta_hours": 0.01786, "eta_hours_std": 0.00053, "loss": 0.19313, "loss_std": 0.03823, "lr": 0.00081, "lr_std": 0.0, "params": 9207.0, "params_std": 0.0, "time_iter": 0.04482, "time_iter_std": 0.00126, "accuracy": 0.91666, "accuracy_std": 0.02662, "accuracy_max": 0.95238, "precision": 0.94575, "precision_std": 0.00329, "recall": 0.875, "recall_std": 0.0559, "f1": 0.90817, "f1_std": 0.03173, "auc": 0.97954, "auc_std": 0.00923}
{"epoch": 30, "time_epoch": 0.48787, "time_epoch_std": 0.00741, "eta": 62.4146, "eta_std": 1.81783, "eta_hours": 0.01734, "eta_hours_std": 0.0005, "loss": 0.13871, "loss_std": 0.02953, "lr": 0.00079, "lr_std": 0.0, "params": 9207.0, "params_std": 0.0, "time_iter": 0.04435, "time_iter_std": 0.00067, "accuracy": 0.96428, "accuracy_std": 0.0119, "accuracy_max": 0.97619, "precision": 0.9875, "precision_std": 0.02165, "recall": 0.9375, "recall_std": 0.02165, "f1": 0.96152, "f1_std": 0.01287, "auc": 0.98807, "auc_std": 0.00565}
{"epoch": 31, "time_epoch": 0.49084, "time_epoch_std": 0.00659, "eta": 60.6309, "eta_std": 1.74919, "eta_hours": 0.01684, "eta_hours_std": 0.00049, "loss": 0.18737, "loss_std": 0.0321, "lr": 0.00078, "lr_std": 0.0, "params": 9207.0, "params_std": 0.0, "time_iter": 0.04462, "time_iter_std": 0.0006, "accuracy": 0.91071, "accuracy_std": 0.01974, "accuracy_max": 0.92857, "precision": 0.90275, "precision_std": 0.07671, "recall": 0.925, "recall_std": 0.0559, "f1": 0.90891, "f1_std": 0.01341, "auc": 0.98466, "auc_std": 0.01561}
{"epoch": 32, "time_epoch": 0.48936, "time_epoch_std": 0.00652, "eta": 58.92253, "eta_std": 1.6827, "eta_hours": 0.01637, "eta_hours_std": 0.00047, "loss": 0.19393, "loss_std": 0.04702, "lr": 0.00077, "lr_std": 0.0, "params": 9207.0, "params_std": 0.0, "time_iter": 0.04449, "time_iter_std": 0.00059, "accuracy": 0.94048, "accuracy_std": 0.03571, "accuracy_max": 0.97619, "precision": 0.94156, "precision_std": 0.06126, "recall": 0.9375, "recall_std": 0.04146, "f1": 0.93804, "f1_std": 0.03609, "auc": 0.97557, "auc_std": 0.01185}
{"epoch": 33, "time_epoch": 0.49095, "time_epoch_std": 0.00845, "eta": 57.28896, "eta_std": 1.6249, "eta_hours": 0.01591, "eta_hours_std": 0.00045, "loss": 0.16446, "loss_std": 0.11272, "lr": 0.00075, "lr_std": 0.0, "params": 9207.0, "params_std": 0.0, "time_iter": 0.04463, "time_iter_std": 0.00077, "accuracy": 0.94048, "accuracy_std": 0.06839, "accuracy_max": 1.0, "precision": 0.98333, "precision_std": 0.02887, "recall": 0.8875, "recall_std": 0.12437, "f1": 0.92973, "f1_std": 0.08189, "auc": 0.98466, "auc_std": 0.02054}
{"epoch": 34, "time_epoch": 0.48969, "time_epoch_std": 0.00803, "eta": 55.71835, "eta_std": 1.56919, "eta_hours": 0.01548, "eta_hours_std": 0.00044, "loss": 0.1872, "loss_std": 0.11292, "lr": 0.00074, "lr_std": 0.0, "params": 9207.0, "params_std": 0.0, "time_iter": 0.04452, "time_iter_std": 0.00073, "accuracy": 0.94048, "accuracy_std": 0.03571, "accuracy_max": 0.97619, "precision": 0.93678, "precision_std": 0.02429, "recall": 0.9375, "recall_std": 0.05449, "f1": 0.93685, "f1_std": 0.03899, "auc": 0.97556, "auc_std": 0.02808}
{"epoch": 35, "time_epoch": 0.48362, "time_epoch_std": 0.00863, "eta": 54.19699, "eta_std": 1.48832, "eta_hours": 0.01505, "eta_hours_std": 0.00041, "loss": 0.27194, "loss_std": 0.15465, "lr": 0.00073, "lr_std": 0.0, "params": 9207.0, "params_std": 0.0, "time_iter": 0.04396, "time_iter_std": 0.00079, "accuracy": 0.86904, "accuracy_std": 0.06839, "accuracy_max": 0.92857, "precision": 0.89252, "precision_std": 0.05656, "recall": 0.825, "recall_std": 0.1299, "f1": 0.8523, "f1_std": 0.08872, "auc": 0.95398, "auc_std": 0.04645}
{"epoch": 36, "time_epoch": 0.48673, "time_epoch_std": 0.01238, "eta": 52.73701, "eta_std": 1.41452, "eta_hours": 0.01465, "eta_hours_std": 0.00039, "loss": 0.07394, "loss_std": 0.02204, "lr": 0.00071, "lr_std": 0.0, "params": 9207.0, "params_std": 0.0, "time_iter": 0.04425, "time_iter_std": 0.00112, "accuracy": 0.98214, "accuracy_std": 0.01974, "accuracy_max": 1.0, "precision": 0.9875, "precision_std": 0.02165, "recall": 0.975, "recall_std": 0.025, "f1": 0.98109, "f1_std": 0.02078, "auc": 0.99943, "auc_std": 0.00098}
{"epoch": 37, "time_epoch": 0.48628, "time_epoch_std": 0.00109, "eta": 51.32752, "eta_std": 1.35464, "eta_hours": 0.01426, "eta_hours_std": 0.00037, "loss": 0.2282, "loss_std": 0.08131, "lr": 0.0007, "lr_std": 0.0, "params": 9207.0, "params_std": 0.0, "time_iter": 0.04421, "time_iter_std": 0.0001, "accuracy": 0.92857, "accuracy_std": 0.01684, "accuracy_max": 0.95238, "precision": 0.9153, "precision_std": 0.01879, "recall": 0.9375, "recall_std": 0.04146, "f1": 0.92557, "f1_std": 0.01858, "auc": 0.96989, "auc_std": 0.01704}
{"epoch": 38, "time_epoch": 0.48703, "time_epoch_std": 0.00276, "eta": 49.96655, "eta_std": 1.30193, "eta_hours": 0.01388, "eta_hours_std": 0.00036, "loss": 0.18768, "loss_std": 0.04875, "lr": 0.00068, "lr_std": 0.0, "params": 9207.0, "params_std": 0.0, "time_iter": 0.04428, "time_iter_std": 0.00025, "accuracy": 0.94048, "accuracy_std": 0.0119, "accuracy_max": 0.95238, "precision": 0.95053, "precision_std": 0.03374, "recall": 0.925, "recall_std": 0.025, "f1": 0.93682, "f1_std": 0.01198, "auc": 0.97841, "auc_std": 0.01415}
{"epoch": 39, "time_epoch": 0.49104, "time_epoch_std": 0.00902, "eta": 48.65531, "eta_std": 1.26026, "eta_hours": 0.01352, "eta_hours_std": 0.00035, "loss": 0.1232, "loss_std": 0.05896, "lr": 0.00067, "lr_std": 0.0, "params": 9207.0, "params_std": 0.0, "time_iter": 0.04464, "time_iter_std": 0.00082, "accuracy": 0.94643, "accuracy_std": 0.03903, "accuracy_max": 0.97619, "precision": 0.93988, "precision_std": 0.05177, "recall": 0.95, "recall_std": 0.03536, "f1": 0.9445, "f1_std": 0.0397, "auc": 0.99148, "auc_std": 0.01094}
{"epoch": 40, "time_epoch": 0.49182, "time_epoch_std": 0.00672, "eta": 47.38519, "eta_std": 1.21605, "eta_hours": 0.01316, "eta_hours_std": 0.00034, "loss": 0.25274, "loss_std": 0.07283, "lr": 0.00065, "lr_std": 0.0, "params": 9207.0, "params_std": 0.0, "time_iter": 0.04471, "time_iter_std": 0.00061, "accuracy": 0.91071, "accuracy_std": 0.02595, "accuracy_max": 0.95238, "precision": 0.924, "precision_std": 0.03867, "recall": 0.8875, "recall_std": 0.04146, "f1": 0.90438, "f1_std": 0.0272, "auc": 0.9642, "auc_std": 0.01259}
{"epoch": 41, "time_epoch": 0.4871, "time_epoch_std": 0.00628, "eta": 46.14561, "eta_std": 1.1717, "eta_hours": 0.01282, "eta_hours_std": 0.00033, "loss": 0.20999, "loss_std": 0.13229, "lr": 0.00064, "lr_std": 0.0, "params": 9207.0, "params_std": 0.0, "time_iter": 0.04428, "time_iter_std": 0.00057, "accuracy": 0.90476, "accuracy_std": 0.0607, "accuracy_max": 0.97619, "precision": 0.8833, "precision_std": 0.07269, "recall": 0.925, "recall_std": 0.075, "f1": 0.90234, "f1_std": 0.06412, "auc": 0.97273, "auc_std": 0.0276}
{"epoch": 42, "time_epoch": 0.48452, "time_epoch_std": 0.00754, "eta": 44.93762, "eta_std": 1.1212, "eta_hours": 0.01248, "eta_hours_std": 0.00031, "loss": 0.121, "loss_std": 0.05554, "lr": 0.00062, "lr_std": 0.0, "params": 9207.0, "params_std": 0.0, "time_iter": 0.04405, "time_iter_std": 0.00068, "accuracy": 0.94643, "accuracy_std": 0.03522, "accuracy_max": 1.0, "precision": 0.91937, "precision_std": 0.04982, "recall": 0.975, "recall_std": 0.025, "f1": 0.94599, "f1_std": 0.03544, "auc": 0.99432, "auc_std": 0.0041}
{"epoch": 43, "time_epoch": 0.48333, "time_epoch_std": 0.00936, "eta": 43.761, "eta_std": 1.07158, "eta_hours": 0.01216, "eta_hours_std": 0.0003, "loss": 0.10593, "loss_std": 0.05829, "lr": 0.00061, "lr_std": 0.0, "params": 9207.0, "params_std": 0.0, "time_iter": 0.04394, "time_iter_std": 0.00085, "accuracy": 0.96428, "accuracy_std": 0.02662, "accuracy_max": 1.0, "precision": 0.97727, "precision_std": 0.03937, "recall": 0.95, "recall_std": 0.06124, "f1": 0.96142, "f1_std": 0.02977, "auc": 0.98864, "auc_std": 0.01235}
{"epoch": 44, "time_epoch": 0.48145, "time_epoch_std": 0.00741, "eta": 42.61289, "eta_std": 1.02501, "eta_hours": 0.01183, "eta_hours_std": 0.00028, "loss": 0.14079, "loss_std": 0.05902, "lr": 0.00059, "lr_std": 0.0, "params": 9207.0, "params_std": 0.0, "time_iter": 0.04377, "time_iter_std": 0.00067, "accuracy": 0.94048, "accuracy_std": 0.02662, "accuracy_max": 0.97619, "precision": 0.93869, "precision_std": 0.04042, "recall": 0.9375, "recall_std": 0.02165, "f1": 0.9378, "f1_std": 0.02754, "auc": 0.98693, "auc_std": 0.01228}
{"epoch": 45, "time_epoch": 0.48259, "time_epoch_std": 0.00724, "eta": 41.4951, "eta_std": 0.98302, "eta_hours": 0.01152, "eta_hours_std": 0.00027, "loss": 0.22788, "loss_std": 0.12023, "lr": 0.00058, "lr_std": 0.0, "params": 9207.0, "params_std": 0.0, "time_iter": 0.04387, "time_iter_std": 0.00066, "accuracy": 0.91071, "accuracy_std": 0.04572, "accuracy_max": 0.97619, "precision": 0.91112, "precision_std": 0.04189, "recall": 0.9, "recall_std": 0.06124, "f1": 0.90512, "f1_std": 0.04858, "auc": 0.96534, "auc_std": 0.02618}
{"epoch": 46, "time_epoch": 0.48864, "time_epoch_std": 0.00405, "eta": 40.41117, "eta_std": 0.94682, "eta_hours": 0.01123, "eta_hours_std": 0.00026, "loss": 0.2587, "loss_std": 0.10479, "lr": 0.00056, "lr_std": 0.0, "params": 9207.0, "params_std": 0.0, "time_iter": 0.04442, "time_iter_std": 0.00037, "accuracy": 0.8869, "accuracy_std": 0.02595, "accuracy_max": 0.92857, "precision": 0.88606, "precision_std": 0.02122, "recall": 0.875, "recall_std": 0.0433, "f1": 0.8801, "f1_std": 0.02841, "auc": 0.96988, "auc_std": 0.01703}
{"epoch": 47, "time_epoch": 0.49653, "time_epoch_std": 0.01569, "eta": 39.36058, "eta_std": 0.92584, "eta_hours": 0.01093, "eta_hours_std": 0.00025, "loss": 0.07747, "loss_std": 0.03184, "lr": 0.00055, "lr_std": 0.0, "params": 9207.0, "params_std": 0.0, "time_iter": 0.04514, "time_iter_std": 0.00143, "accuracy": 0.95833, "accuracy_std": 0.04572, "accuracy_max": 1.0, "precision": 0.94048, "precision_std": 0.05189, "recall": 0.975, "recall_std": 0.0433, "f1": 0.95732, "f1_std": 0.04684, "auc": 0.99602, "auc_std": 0.00566}
{"epoch": 48, "time_epoch": 0.49307, "time_epoch_std": 0.01075, "eta": 38.32902, "eta_std": 0.89917, "eta_hours": 0.01065, "eta_hours_std": 0.00025, "loss": 0.0733, "loss_std": 0.03472, "lr": 0.00053, "lr_std": 0.0, "params": 9207.0, "params_std": 0.0, "time_iter": 0.04482, "time_iter_std": 0.00098, "accuracy": 0.97619, "accuracy_std": 0.02916, "accuracy_max": 1.0, "precision": 0.96428, "precision_std": 0.03948, "recall": 0.9875, "recall_std": 0.02165, "f1": 0.97561, "f1_std": 0.02987, "auc": 0.99886, "auc_std": 0.00197}
{"epoch": 49, "time_epoch": 0.49773, "time_epoch_std": 0.01814, "eta": 37.32365, "eta_std": 0.88176, "eta_hours": 0.01037, "eta_hours_std": 0.00025, "loss": 0.15198, "loss_std": 0.09645, "lr": 0.00052, "lr_std": 0.0, "params": 9207.0, "params_std": 0.0, "time_iter": 0.04525, "time_iter_std": 0.00165, "accuracy": 0.94643, "accuracy_std": 0.05423, "accuracy_max": 1.0, "precision": 0.95, "precision_std": 0.06124, "recall": 0.9375, "recall_std": 0.05449, "f1": 0.94359, "f1_std": 0.05685, "auc": 0.98239, "auc_std": 0.01778}
{"epoch": 50, "time_epoch": 0.50026, "time_epoch_std": 0.02292, "eta": 36.34062, "eta_std": 0.86865, "eta_hours": 0.0101, "eta_hours_std": 0.00024, "loss": 0.24044, "loss_std": 0.07468, "lr": 0.0005, "lr_std": 0.0, "params": 9207.0, "params_std": 0.0, "time_iter": 0.04548, "time_iter_std": 0.00208, "accuracy": 0.92857, "accuracy_std": 0.01684, "accuracy_max": 0.95238, "precision": 0.94934, "precision_std": 0.03537, "recall": 0.9, "recall_std": 0.03536, "f1": 0.923, "f1_std": 0.01785, "auc": 0.97046, "auc_std": 0.01344}
{"epoch": 51, "time_epoch": 0.49857, "time_epoch_std": 0.01689, "eta": 35.37459, "eta_std": 0.84994, "eta_hours": 0.00982, "eta_hours_std": 0.00024, "loss": 0.02402, "loss_std": 0.00366, "lr": 0.00048, "lr_std": 0.0, "params": 9207.0, "params_std": 0.0, "time_iter": 0.04532, "time_iter_std": 0.00154, "accuracy": 1.0, "accuracy_std": 0.0, "accuracy_max": 1.0, "precision": 1.0, "precision_std": 0.0, "recall": 1.0, "recall_std": 0.0, "f1": 1.0, "f1_std": 0.0, "auc": 1.0, "auc_std": 0.0}
{"epoch": 52, "time_epoch": 0.49259, "time_epoch_std": 0.00755, "eta": 34.42091, "eta_std": 0.82146, "eta_hours": 0.00956, "eta_hours_std": 0.00023, "loss": 0.11697, "loss_std": 0.0513, "lr": 0.00047, "lr_std": 0.0, "params": 9207.0, "params_std": 0.0, "time_iter": 0.04478, "time_iter_std": 0.00069, "accuracy": 0.95238, "accuracy_std": 0.02916, "accuracy_max": 1.0, "precision": 0.96412, "precision_std": 0.03835, "recall": 0.9375, "recall_std": 0.06495, "f1": 0.9486, "f1_std": 0.03236, "auc": 0.99375, "auc_std": 0.0063}
{"epoch": 53, "time_epoch": 0.49443, "time_epoch_std": 0.01292, "eta": 33.48586, "eta_std": 0.79981, "eta_hours": 0.0093, "eta_hours_std": 0.00022, "loss": 0.06579, "loss_std": 0.03181, "lr": 0.00045, "lr_std": 0.0, "params": 9207.0, "params_std": 0.0, "time_iter": 0.04495, "time_iter_std": 0.00117, "accuracy": 0.95833, "accuracy_std": 0.02595, "accuracy_max": 1.0, "precision": 0.97434, "precision_std": 0.02567, "recall": 0.9375, "recall_std": 0.04146, "f1": 0.95511, "f1_std": 0.02796, "auc": 0.9983, "auc_std": 0.00189}
{"epoch": 54, "time_epoch": 0.4966, "time_epoch_std": 0.01311, "eta": 32.56862, "eta_std": 0.77835, "eta_hours": 0.00905, "eta_hours_std": 0.00022, "loss": 0.14879, "loss_std": 0.06111, "lr": 0.00044, "lr_std": 0.0, "params": 9207.0, "params_std": 0.0, "time_iter": 0.04515, "time_iter_std": 0.00119, "accuracy": 0.94643, "accuracy_std": 0.03903, "accuracy_max": 0.97619, "precision": 0.93905, "precision_std": 0.04109, "recall": 0.95, "recall_std": 0.06124, "f1": 0.94354, "f1_std": 0.04244, "auc": 0.98636, "auc_std": 0.01276}
{"epoch": 55, "time_epoch": 0.49572, "time_epoch_std": 0.01673, "eta": 31.66571, "eta_std": 0.76058, "eta_hours": 0.0088, "eta_hours_std": 0.00021, "loss": 0.11932, "loss_std": 0.04654, "lr": 0.00042, "lr_std": 0.0, "params": 9207.0, "params_std": 0.0, "time_iter": 0.04506, "time_iter_std": 0.00152, "accuracy": 0.96428, "accuracy_std": 0.02662, "accuracy_max": 1.0, "precision": 0.95178, "precision_std": 0.03369, "recall": 0.975, "recall_std": 0.025, "f1": 0.96311, "f1_std": 0.02741, "auc": 0.99034, "auc_std": 0.00915}
{"epoch": 56, "time_epoch": 0.49109, "time_epoch_std": 0.00915, "eta": 30.77359, "eta_std": 0.73686, "eta_hours": 0.00855, "eta_hours_std": 0.00021, "loss": 0.2158, "loss_std": 0.1027, "lr": 0.00041, "lr_std": 0.0, "params": 9207.0, "params_std": 0.0, "time_iter": 0.04464, "time_iter_std": 0.00083, "accuracy": 0.91071, "accuracy_std": 0.05423, "accuracy_max": 0.97619, "precision": 0.93892, "precision_std": 0.07423, "recall": 0.875, "recall_std": 0.075, "f1": 0.90305, "f1_std": 0.0592, "auc": 0.96932, "auc_std": 0.02235}
{"epoch": 57, "time_epoch": 0.49252, "time_epoch_std": 0.01206, "eta": 29.89634, "eta_std": 0.71547, "eta_hours": 0.0083, "eta_hours_std": 0.0002, "loss": 0.10353, "loss_std": 0.07013, "lr": 0.00039, "lr_std": 0.0, "params": 9207.0, "params_std": 0.0, "time_iter": 0.04478, "time_iter_std": 0.0011, "accuracy": 0.95833, "accuracy_std": 0.03522, "accuracy_max": 1.0, "precision": 0.95341, "precision_std": 0.0557, "recall": 0.9625, "recall_std": 0.02165, "f1": 0.95728, "f1_std": 0.0351, "auc": 0.99318, "auc_std": 0.00937}
{"epoch": 58, "time_epoch": 0.49813, "time_epoch_std": 0.01665, "eta": 29.03603, "eta_std": 0.69782, "eta_hours": 0.00806, "eta_hours_std": 0.00019, "loss": 0.20647, "loss_std": 0.21748, "lr": 0.00038, "lr_std": 0.0, "params": 9207.0, "params_std": 0.0, "time_iter": 0.04528, "time_iter_std": 0.00152, "accuracy": 0.89881, "accuracy_std": 0.11215, "accuracy_max": 1.0, "precision": 0.89646, "precision_std": 0.11498, "recall": 0.8875, "recall_std": 0.13863, "f1": 0.89083, "f1_std": 0.12428, "auc": 0.96364, "auc_std": 0.05185}
{"epoch": 59, "time_epoch": 0.50056, "time_epoch_std": 0.01702, "eta": 28.1894, "eta_std": 0.68072, "eta_hours": 0.00783, "eta_hours_std": 0.00019, "loss": 0.09799, "loss_std": 0.07421, "lr": 0.00036, "lr_std": 0.0, "params": 9207.0, "params_std": 0.0, "time_iter": 0.0455, "time_iter_std": 0.00155, "accuracy": 0.96428, "accuracy_std": 0.02062, "accuracy_max": 0.97619, "precision": 0.95113, "precision_std": 0.00217, "recall": 0.975, "recall_std": 0.0433, "f1": 0.96248, "f1_std": 0.02275, "auc": 0.99318, "auc_std": 0.01054}
{"epoch": 60, "time_epoch": 0.49326, "time_epoch_std": 0.01354, "eta": 27.34946, "eta_std": 0.66146, "eta_hours": 0.00759, "eta_hours_std": 0.00018, "loss": 0.24108, "loss_std": 0.11299, "lr": 0.00035, "lr_std": 0.0, "params": 9207.0, "params_std": 0.0, "time_iter": 0.04484, "time_iter_std": 0.00123, "accuracy": 0.91071, "accuracy_std": 0.05155, "accuracy_max": 0.97619, "precision": 0.92052, "precision_std": 0.03006, "recall": 0.8875, "recall_std": 0.08927, "f1": 0.90238, "f1_std": 0.05954, "auc": 0.95909, "auc_std": 0.03066}
{"epoch": 61, "time_epoch": 0.49435, "time_epoch_std": 0.01217, "eta": 26.52138, "eta_std": 0.6414, "eta_hours": 0.00737, "eta_hours_std": 0.00018, "loss": 0.11937, "loss_std": 0.11786, "lr": 0.00033, "lr_std": 0.0, "params": 9207.0, "params_std": 0.0, "time_iter": 0.04494, "time_iter_std": 0.00111, "accuracy": 0.95833, "accuracy_std": 0.03522, "accuracy_max": 1.0, "precision": 0.97361, "precision_std": 0.02646, "recall": 0.9375, "recall_std": 0.05449, "f1": 0.95478, "f1_std": 0.03891, "auc": 0.98864, "auc_std": 0.01839}
{"epoch": 62, "time_epoch": 0.49658, "time_epoch_std": 0.01555, "eta": 25.70519, "eta_std": 0.62357, "eta_hours": 0.00714, "eta_hours_std": 0.00017, "loss": 0.24246, "loss_std": 0.15217, "lr": 0.00032, "lr_std": 0.0, "params": 9207.0, "params_std": 0.0, "time_iter": 0.04514, "time_iter_std": 0.00141, "accuracy": 0.8869, "accuracy_std": 0.08809, "accuracy_max": 1.0, "precision": 0.90501, "precision_std": 0.08103, "recall": 0.85, "recall_std": 0.12748, "f1": 0.87425, "f1_std": 0.09891, "auc": 0.96534, "auc_std": 0.03012}
{"epoch": 63, "time_epoch": 0.50133, "time_epoch_std": 0.01704, "eta": 24.90166, "eta_std": 0.6068, "eta_hours": 0.00692, "eta_hours_std": 0.00017, "loss": 0.13423, "loss_std": 0.03054, "lr": 0.0003, "lr_std": 0.0, "params": 9207.0, "params_std": 0.0, "time_iter": 0.04558, "time_iter_std": 0.00155, "accuracy": 0.94643, "accuracy_std": 0.01031, "accuracy_max": 0.95238, "precision": 0.94239, "precision_std": 0.04674, "recall": 0.95, "recall_std": 0.03536, "f1": 0.9444, "f1_std": 0.00825, "auc": 0.99034, "auc_std": 0.00725}
{"epoch": 64, "time_epoch": 0.49493, "time_epoch_std": 0.0147, "eta": 24.10399, "eta_std": 0.58869, "eta_hours": 0.0067, "eta_hours_std": 0.00016, "loss": 0.08601, "loss_std": 0.05128, "lr": 0.00029, "lr_std": 0.0, "params": 9207.0, "params_std": 0.0, "time_iter": 0.04499, "time_iter_std": 0.00134, "accuracy": 0.96428, "accuracy_std": 0.02062, "accuracy_max": 0.97619, "precision": 0.96428, "precision_std": 0.02062, "recall": 0.9625, "recall_std": 0.06495, "f1": 0.96144, "f1_std": 0.02455, "auc": 0.99432, "auc_std": 0.00728}
{"epoch": 65, "time_epoch": 0.48988, "time_epoch_std": 0.00983, "eta": 23.31289, "eta_std": 0.5681, "eta_hours": 0.00648, "eta_hours_std": 0.00016, "loss": 0.12944, "loss_std": 0.09511, "lr": 0.00027, "lr_std": 0.0, "params": 9207.0, "params_std": 0.0, "time_iter": 0.04454, "time_iter_std": 0.00089, "accuracy": 0.94048, "accuracy_std": 0.04909, "accuracy_max": 1.0, "precision": 0.91962, "precision_std": 0.06455, "recall": 0.9625, "recall_std": 0.04146, "f1": 0.93983, "f1_std": 0.04908, "auc": 0.98523, "auc_std": 0.01627}
{"epoch": 66, "time_epoch": 0.494, "time_epoch_std": 0.01267, "eta": 22.53281, "eta_std": 0.54928, "eta_hours": 0.00626, "eta_hours_std": 0.00015, "loss": 0.20224, "loss_std": 0.10417, "lr": 0.00026, "lr_std": 0.0, "params": 9207.0, "params_std": 0.0, "time_iter": 0.04491, "time_iter_std": 0.00115, "accuracy": 0.93452, "accuracy_std": 0.01974, "accuracy_max": 0.95238, "precision": 0.96045, "precision_std": 0.02292, "recall": 0.9, "recall_std": 0.03536, "f1": 0.9288, "f1_std": 0.02229, "auc": 0.97784, "auc_std": 0.01704}
{"epoch": 67, "time_epoch": 0.49738, "time_epoch_std": 0.01767, "eta": 21.76273, "eta_std": 0.53279, "eta_hours": 0.00604, "eta_hours_std": 0.00015, "loss": 0.13411, "loss_std": 0.05662, "lr": 0.00025, "lr_std": 0.0, "params": 9207.0, "params_std": 0.0, "time_iter": 0.04522, "time_iter_std": 0.00161, "accuracy": 0.94643, "accuracy_std": 0.01974, "accuracy_max": 0.97619, "precision": 0.95424, "precision_std": 0.0534, "recall": 0.9375, "recall_std": 0.04146, "f1": 0.94376, "f1_std": 0.01975, "auc": 0.98864, "auc_std": 0.01181}
{"epoch": 68, "time_epoch": 0.49734, "time_epoch_std": 0.01432, "eta": 21.00055, "eta_std": 0.51487, "eta_hours": 0.00583, "eta_hours_std": 0.00014, "loss": 0.15748, "loss_std": 0.14134, "lr": 0.00023, "lr_std": 0.0, "params": 9207.0, "params_std": 0.0, "time_iter": 0.04521, "time_iter_std": 0.0013, "accuracy": 0.95238, "accuracy_std": 0.04454, "accuracy_max": 1.0, "precision": 0.97368, "precision_std": 0.04558, "recall": 0.925, "recall_std": 0.0559, "f1": 0.94838, "f1_std": 0.04798, "auc": 0.98296, "auc_std": 0.02135}
{"epoch": 69, "time_epoch": 0.49012, "time_epoch_std": 0.00704, "eta": 20.24283, "eta_std": 0.49403, "eta_hours": 0.00562, "eta_hours_std": 0.00013, "loss": 0.10826, "loss_std": 0.04271, "lr": 0.00022, "lr_std": 0.0, "params": 9207.0, "params_std": 0.0, "time_iter": 0.04456, "time_iter_std": 0.00064, "accuracy": 0.95833, "accuracy_std": 0.01974, "accuracy_max": 0.97619, "precision": 0.9756, "precision_std": 0.02442, "recall": 0.9375, "recall_std": 0.05449, "f1": 0.95472, "f1_std": 0.02305, "auc": 0.99546, "auc_std": 0.00455}
{"epoch": 70, "time_epoch": 0.49125, "time_epoch_std": 0.0121, "eta": 19.49311, "eta_std": 0.47576, "eta_hours": 0.00542, "eta_hours_std": 0.00013, "loss": 0.05153, "loss_std": 0.02354, "lr": 0.00021, "lr_std": 0.0, "params": 9207.0, "params_std": 0.0, "time_iter": 0.04466, "time_iter_std": 0.0011, "accuracy": 0.98214, "accuracy_std": 0.01031, "accuracy_max": 1.0, "precision": 0.97619, "precision_std": 0.02381, "recall": 0.9875, "recall_std": 0.02165, "f1": 0.9814, "f1_std": 0.01075, "auc": 0.99943, "auc_std": 0.00098}
{"epoch": 71, "time_epoch": 0.49692, "time_epoch_std": 0.01824, "eta": 18.75278, "eta_std": 0.45991, "eta_hours": 0.00521, "eta_hours_std": 0.00013, "loss": 0.14591, "loss_std": 0.06936, "lr": 0.00019, "lr_std": 0.0, "params": 9207.0, "params_std": 0.0, "time_iter": 0.04518, "time_iter_std": 0.00166, "accuracy": 0.95238, "accuracy_std": 0.02916, "accuracy_max": 1.0, "precision": 0.98684, "precision_std": 0.02279, "recall": 0.9125, "recall_std": 0.05449, "f1": 0.94734, "f1_std": 0.03229, "auc": 0.99204, "auc_std": 0.00672}
{"epoch": 72, "time_epoch": 0.50005, "time_epoch_std": 0.0191, "eta": 18.02028, "eta_std": 0.44445, "eta_hours": 0.00501, "eta_hours_std": 0.00012, "loss": 0.0741, "loss_std": 0.07482, "lr": 0.00018, "lr_std": 0.0, "params": 9207.0, "params_std": 0.0, "time_iter": 0.04546, "time_iter_std": 0.00174, "accuracy": 0.97024, "accuracy_std": 0.03903, "accuracy_max": 1.0, "precision": 0.9742, "precision_std": 0.02595, "recall": 0.9625, "recall_std": 0.06495, "f1": 0.96759, "f1_std": 0.04322, "auc": 0.99432, "auc_std": 0.00984}
{"epoch": 73, "time_epoch": 0.49387, "time_epoch_std": 0.01394, "eta": 17.29188, "eta_std": 0.42706, "eta_hours": 0.0048, "eta_hours_std": 0.00012, "loss": 0.2196, "loss_std": 0.09268, "lr": 0.00017, "lr_std": 0.0, "params": 9207.0, "params_std": 0.0, "time_iter": 0.0449, "time_iter_std": 0.00127, "accuracy": 0.90476, "accuracy_std": 0.07143, "accuracy_max": 0.97619, "precision": 0.9297, "precision_std": 0.04962, "recall": 0.8625, "recall_std": 0.12437, "f1": 0.89178, "f1_std": 0.08832, "auc": 0.975, "auc_std": 0.01853}
{"epoch": 74, "time_epoch": 0.4888, "time_epoch_std": 0.00926, "eta": 16.56805, "eta_std": 0.40794, "eta_hours": 0.0046, "eta_hours_std": 0.00011, "loss": 0.1721, "loss_std": 0.1222, "lr": 0.00016, "lr_std": 0.0, "params": 9207.0, "params_std": 0.0, "time_iter": 0.04444, "time_iter_std": 0.00084, "accuracy": 0.92262, "accuracy_std": 0.05923, "accuracy_max": 0.97619, "precision": 0.92283, "precision_std": 0.04671, "recall": 0.9125, "recall_std": 0.08927, "f1": 0.91662, "f1_std": 0.06457, "auc": 0.97898, "auc_std": 0.02116}
{"epoch": 75, "time_epoch": 0.49076, "time_epoch_std": 0.00879, "eta": 15.85102, "eta_std": 0.38833, "eta_hours": 0.0044, "eta_hours_std": 0.00011, "loss": 0.10474, "loss_std": 0.08507, "lr": 0.00015, "lr_std": 0.0, "params": 9207.0, "params_std": 0.0, "time_iter": 0.04461, "time_iter_std": 0.0008, "accuracy": 0.96428, "accuracy_std": 0.02662, "accuracy_max": 1.0, "precision": 0.95221, "precision_std": 0.03227, "recall": 0.975, "recall_std": 0.0433, "f1": 0.96277, "f1_std": 0.02843, "auc": 0.99204, "auc_std": 0.01378}
{"epoch": 76, "time_epoch": 0.4919, "time_epoch_std": 0.00652, "eta": 15.14022, "eta_std": 0.36909, "eta_hours": 0.0042, "eta_hours_std": 0.0001, "loss": 0.09005, "loss_std": 0.02799, "lr": 0.00014, "lr_std": 0.0, "params": 9207.0, "params_std": 0.0, "time_iter": 0.04472, "time_iter_std": 0.00059, "accuracy": 0.96428, "accuracy_std": 0.0119, "accuracy_max": 0.97619, "precision": 0.9875, "precision_std": 0.02165, "recall": 0.9375, "recall_std": 0.02165, "f1": 0.96152, "f1_std": 0.01287, "auc": 0.99659, "auc_std": 0.00341}
{"epoch": 77, "time_epoch": 0.4896, "time_epoch_std": 0.00655, "eta": 14.43437, "eta_std": 0.35002, "eta_hours": 0.00401, "eta_hours_std": 0.0001, "loss": 0.12477, "loss_std": 0.0691, "lr": 0.00012, "lr_std": 0.0, "params": 9207.0, "params_std": 0.0, "time_iter": 0.0445, "time_iter_std": 0.00059, "accuracy": 0.94048, "accuracy_std": 0.04292, "accuracy_max": 1.0, "precision": 0.95652, "precision_std": 0.07531, "recall": 0.925, "recall_std": 0.0559, "f1": 0.9375, "f1_std": 0.04255, "auc": 0.99488, "auc_std": 0.0065}
{"epoch": 78, "time_epoch": 0.49138, "time_epoch_std": 0.00686, "eta": 13.73448, "eta_std": 0.33131, "eta_hours": 0.00381, "eta_hours_std": 9e-05, "loss": 0.12855, "loss_std": 0.07279, "lr": 0.00011, "lr_std": 0.0, "params": 9207.0, "params_std": 0.0, "time_iter": 0.04467, "time_iter_std": 0.00062, "accuracy": 0.95238, "accuracy_std": 0.04454, "accuracy_max": 1.0, "precision": 0.95238, "precision_std": 0.05832, "recall": 0.95, "recall_std": 0.05, "f1": 0.95026, "f1_std": 0.04566, "auc": 0.99034, "auc_std": 0.01423}
{"epoch": 79, "time_epoch": 0.48849, "time_epoch_std": 0.006, "eta": 13.03907, "eta_std": 0.31303, "eta_hours": 0.00362, "eta_hours_std": 9e-05, "loss": 0.10786, "loss_std": 0.03417, "lr": 0.0001, "lr_std": 0.0, "params": 9207.0, "params_std": 0.0, "time_iter": 0.04441, "time_iter_std": 0.00055, "accuracy": 0.97024, "accuracy_std": 0.02595, "accuracy_max": 1.0, "precision": 0.97619, "precision_std": 0.04124, "recall": 0.9625, "recall_std": 0.02165, "f1": 0.96889, "f1_std": 0.02644, "auc": 0.99602, "auc_std": 0.00465}
{"epoch": 80, "time_epoch": 0.48832, "time_epoch_std": 0.0084, "eta": 12.34873, "eta_std": 0.29551, "eta_hours": 0.00343, "eta_hours_std": 8e-05, "loss": 0.12076, "loss_std": 0.08609, "lr": 0.0001, "lr_std": 0.0, "params": 9207.0, "params_std": 0.0, "time_iter": 0.0444, "time_iter_std": 0.00077, "accuracy": 0.95238, "accuracy_std": 0.03765, "accuracy_max": 1.0, "precision": 0.9623, "precision_std": 0.04023, "recall": 0.9375, "recall_std": 0.05449, "f1": 0.94898, "f1_std": 0.04086, "auc": 0.99375, "auc_std": 0.00609}
{"epoch": 81, "time_epoch": 0.48907, "time_epoch_std": 0.00731, "eta": 11.66349, "eta_std": 0.27807, "eta_hours": 0.00324, "eta_hours_std": 8e-05, "loss": 0.1861, "loss_std": 0.14923, "lr": 9e-05, "lr_std": 0.0, "params": 9207.0, "params_std": 0.0, "time_iter": 0.04446, "time_iter_std": 0.00066, "accuracy": 0.91666, "accuracy_std": 0.07623, "accuracy_max": 1.0, "precision": 0.95553, "precision_std": 0.02702, "recall": 0.8625, "recall_std": 0.14737, "f1": 0.9013, "f1_std": 0.09387, "auc": 0.97614, "auc_std": 0.02638}
{"epoch": 82, "time_epoch": 0.48852, "time_epoch_std": 0.00846, "eta": 10.98286, "eta_std": 0.26091, "eta_hours": 0.00305, "eta_hours_std": 7e-05, "loss": 0.05217, "loss_std": 0.0274, "lr": 8e-05, "lr_std": 0.0, "params": 9207.0, "params_std": 0.0, "time_iter": 0.04441, "time_iter_std": 0.00077, "accuracy": 0.97619, "accuracy_std": 0.01684, "accuracy_max": 1.0, "precision": 0.95346, "precision_std": 0.03216, "recall": 1.0, "recall_std": 0.0, "f1": 0.9759, "f1_std": 0.01684, "auc": 0.99886, "auc_std": 0.00197}
{"epoch": 83, "time_epoch": 0.49202, "time_epoch_std": 0.01071, "eta": 10.30747, "eta_std": 0.24444, "eta_hours": 0.00287, "eta_hours_std": 7e-05, "loss": 0.10554, "loss_std": 0.0867, "lr": 7e-05, "lr_std": 0.0, "params": 9207.0, "params_std": 0.0, "time_iter": 0.04473, "time_iter_std": 0.00097, "accuracy": 0.95238, "accuracy_std": 0.04762, "accuracy_max": 1.0, "precision": 0.97222, "precision_std": 0.02778, "recall": 0.925, "recall_std": 0.075, "f1": 0.94737, "f1_std": 0.05263, "auc": 0.99375, "auc_std": 0.0067}
{"epoch": 84, "time_epoch": 0.4906, "time_epoch_std": 0.0083, "eta": 9.63614, "eta_std": 0.22783, "eta_hours": 0.00268, "eta_hours_std": 7e-05, "loss": 0.13054, "loss_std": 0.08887, "lr": 6e-05, "lr_std": 0.0, "params": 9207.0, "params_std": 0.0, "time_iter": 0.0446, "time_iter_std": 0.00075, "accuracy": 0.95238, "accuracy_std": 0.02916, "accuracy_max": 1.0, "precision": 0.95096, "precision_std": 0.03234, "recall": 0.95, "recall_std": 0.05, "f1": 0.94964, "f1_std": 0.03144, "auc": 0.98807, "auc_std": 0.01217}
{"epoch": 85, "time_epoch": 0.49115, "time_epoch_std": 0.01025, "eta": 8.96911, "eta_std": 0.21168, "eta_hours": 0.00249, "eta_hours_std": 6e-05, "loss": 0.07682, "loss_std": 0.08638, "lr": 5e-05, "lr_std": 0.0, "params": 9207.0, "params_std": 0.0, "time_iter": 0.04465, "time_iter_std": 0.00093, "accuracy": 0.95833, "accuracy_std": 0.04872, "accuracy_max": 1.0, "precision": 0.94156, "precision_std": 0.06126, "recall": 0.975, "recall_std": 0.0433, "f1": 0.95761, "f1_std": 0.04988, "auc": 0.99432, "auc_std": 0.00984}
{"epoch": 86, "time_epoch": 0.50502, "time_epoch_std": 0.0235, "eta": 8.30819, "eta_std": 0.19469, "eta_hours": 0.00231, "eta_hours_std": 5e-05, "loss": 0.05824, "loss_std": 0.02984, "lr": 5e-05, "lr_std": 0.0, "params": 9207.0, "params_std": 0.0, "time_iter": 0.04591, "time_iter_std": 0.00213, "accuracy": 0.98214, "accuracy_std": 0.01031, "accuracy_max": 1.0, "precision": 0.9881, "precision_std": 0.02062, "recall": 0.975, "recall_std": 0.025, "f1": 0.98108, "f1_std": 0.01093, "auc": 0.9983, "auc_std": 0.00295}
{"epoch": 87, "time_epoch": 0.49172, "time_epoch_std": 0.00846, "eta": 7.649, "eta_std": 0.17837, "eta_hours": 0.00213, "eta_hours_std": 5e-05, "loss": 0.0915, "loss_std": 0.03482, "lr": 4e-05, "lr_std": 0.0, "params": 9207.0, "params_std": 0.0, "time_iter": 0.0447, "time_iter_std": 0.00077, "accuracy": 0.95833, "accuracy_std": 0.02595, "accuracy_max": 1.0, "precision": 0.97434, "precision_std": 0.02567, "recall": 0.9375, "recall_std": 0.04146, "f1": 0.95511, "f1_std": 0.02796, "auc": 0.99602, "auc_std": 0.00436}
{"epoch": 88, "time_epoch": 0.49085, "time_epoch_std": 0.00873, "eta": 6.99347, "eta_std": 0.16262, "eta_hours": 0.00194, "eta_hours_std": 4e-05, "loss": 0.12711, "loss_std": 0.0884, "lr": 4e-05, "lr_std": 0.0, "params": 9207.0, "params_std": 0.0, "time_iter": 0.04462, "time_iter_std": 0.0008, "accuracy": 0.94643, "accuracy_std": 0.04251, "accuracy_max": 1.0, "precision": 0.9492, "precision_std": 0.03548, "recall": 0.9375, "recall_std": 0.06495, "f1": 0.94259, "f1_std": 0.04607, "auc": 0.99204, "auc_std": 0.00812}
{"epoch": 89, "time_epoch": 0.56472, "time_epoch_std": 0.13042, "eta": 6.3498, "eta_std": 0.14514, "eta_hours": 0.00176, "eta_hours_std": 4e-05, "loss": 0.05916, "loss_std": 0.03925, "lr": 3e-05, "lr_std": 0.0, "params": 9207.0, "params_std": 0.0, "time_iter": 0.05134, "time_iter_std": 0.01185, "accuracy": 0.97619, "accuracy_std": 0.02381, "accuracy_max": 1.0, "precision": 0.975, "precision_std": 0.025, "recall": 0.975, "recall_std": 0.025, "f1": 0.975, "f1_std": 0.025, "auc": 0.99773, "auc_std": 0.00278}
{"epoch": 90, "time_epoch": 0.47319, "time_epoch_std": 0.03019, "eta": 5.69883, "eta_std": 0.12989, "eta_hours": 0.00158, "eta_hours_std": 4e-05, "loss": 0.08714, "loss_std": 0.09227, "lr": 2e-05, "lr_std": 0.0, "params": 9207.0, "params_std": 0.0, "time_iter": 0.04302, "time_iter_std": 0.00274, "accuracy": 0.95833, "accuracy_std": 0.05923, "accuracy_max": 1.0, "precision": 0.9506, "precision_std": 0.06125, "recall": 0.9625, "recall_std": 0.06495, "f1": 0.9564, "f1_std": 0.06223, "auc": 0.99034, "auc_std": 0.01673}
{"epoch": 91, "time_epoch": 0.4768, "time_epoch_std": 0.0264, "eta": 5.05202, "eta_std": 0.1149, "eta_hours": 0.0014, "eta_hours_std": 3e-05, "loss": 0.12377, "loss_std": 0.09246, "lr": 2e-05, "lr_std": 0.0, "params": 9207.0, "params_std": 0.0, "time_iter": 0.04334, "time_iter_std": 0.0024, "accuracy": 0.95238, "accuracy_std": 0.03765, "accuracy_max": 1.0, "precision": 0.94085, "precision_std": 0.04908, "recall": 0.9625, "recall_std": 0.04146, "f1": 0.95086, "f1_std": 0.03848, "auc": 0.98523, "auc_std": 0.01627}
{"epoch": 92, "time_epoch": 0.4739, "time_epoch_std": 0.03191, "eta": 4.40866, "eta_std": 0.10026, "eta_hours": 0.00122, "eta_hours_std": 3e-05, "loss": 0.17713, "loss_std": 0.08829, "lr": 2e-05, "lr_std": 0.0, "params": 9207.0, "params_std": 0.0, "time_iter": 0.04308, "time_iter_std": 0.0029, "accuracy": 0.91666, "accuracy_std": 0.03948, "accuracy_max": 0.97619, "precision": 0.93768, "precision_std": 0.05148, "recall": 0.8875, "recall_std": 0.07395, "f1": 0.90936, "f1_std": 0.04313, "auc": 0.97841, "auc_std": 0.01643}
{"epoch": 93, "time_epoch": 0.47568, "time_epoch_std": 0.03304, "eta": 3.76901, "eta_std": 0.0855, "eta_hours": 0.00105, "eta_hours_std": 2e-05, "loss": 0.04836, "loss_std": 0.04969, "lr": 1e-05, "lr_std": 0.0, "params": 9207.0, "params_std": 0.0, "time_iter": 0.04324, "time_iter_std": 0.003, "accuracy": 0.98214, "accuracy_std": 0.03093, "accuracy_max": 1.0, "precision": 1.0, "precision_std": 0.0, "recall": 0.9625, "recall_std": 0.06495, "f1": 0.97973, "f1_std": 0.03511, "auc": 0.9983, "auc_std": 0.00295}
{"epoch": 94, "time_epoch": 0.47498, "time_epoch_std": 0.0285, "eta": 3.13278, "eta_std": 0.07091, "eta_hours": 0.00087, "eta_hours_std": 2e-05, "loss": 0.16313, "loss_std": 0.14738, "lr": 1e-05, "lr_std": 0.0, "params": 9207.0, "params_std": 0.0, "time_iter": 0.04318, "time_iter_std": 0.00259, "accuracy": 0.95833, "accuracy_std": 0.03522, "accuracy_max": 1.0, "precision": 0.98611, "precision_std": 0.02406, "recall": 0.925, "recall_std": 0.0559, "f1": 0.95412, "f1_std": 0.03901, "auc": 0.98864, "auc_std": 0.01968}
{"epoch": 95, "time_epoch": 0.47425, "time_epoch_std": 0.03089, "eta": 2.49988, "eta_std": 0.0567, "eta_hours": 0.0007, "eta_hours_std": 2e-05, "loss": 0.07691, "loss_std": 0.08341, "lr": 1e-05, "lr_std": 0.0, "params": 9207.0, "params_std": 0.0, "time_iter": 0.04311, "time_iter_std": 0.00281, "accuracy": 0.97024, "accuracy_std": 0.03903, "accuracy_max": 1.0, "precision": 0.9631, "precision_std": 0.04129, "recall": 0.975, "recall_std": 0.0433, "f1": 0.9689, "f1_std": 0.04101, "auc": 0.99261, "auc_std": 0.0128}
{"epoch": 96, "time_epoch": 0.47878, "time_epoch_std": 0.02573, "eta": 1.87039, "eta_std": 0.04246, "eta_hours": 0.00052, "eta_hours_std": 1e-05, "loss": 0.10939, "loss_std": 0.05719, "lr": 0.0, "lr_std": 0.0, "params": 9207.0, "params_std": 0.0, "time_iter": 0.04352, "time_iter_std": 0.00234, "accuracy": 0.95238, "accuracy_std": 0.01684, "accuracy_max": 0.97619, "precision": 0.93971, "precision_std": 0.01777, "recall": 0.9625, "recall_std": 0.04146, "f1": 0.95027, "f1_std": 0.01861, "auc": 0.99432, "auc_std": 0.00653}
{"epoch": 97, "time_epoch": 0.47724, "time_epoch_std": 0.02273, "eta": 1.24394, "eta_std": 0.02822, "eta_hours": 0.00035, "eta_hours_std": 1e-05, "loss": 0.1458, "loss_std": 0.03276, "lr": 0.0, "lr_std": 0.0, "params": 9207.0, "params_std": 0.0, "time_iter": 0.04339, "time_iter_std": 0.00207, "accuracy": 0.92857, "accuracy_std": 0.02916, "accuracy_max": 0.95238, "precision": 0.91918, "precision_std": 0.05872, "recall": 0.9375, "recall_std": 0.04146, "f1": 0.92641, "f1_std": 0.02894, "auc": 0.99204, "auc_std": 0.00468}
{"epoch": 98, "time_epoch": 0.48918, "time_epoch_std": 0.00762, "eta": 0.62063, "eta_std": 0.01404, "eta_hours": 0.00017, "eta_hours_std": 0.0, "loss": 0.14758, "loss_std": 0.0806, "lr": 0.0, "lr_std": 0.0, "params": 9207.0, "params_std": 0.0, "time_iter": 0.04447, "time_iter_std": 0.00069, "accuracy": 0.94048, "accuracy_std": 0.02062, "accuracy_max": 0.95238, "precision": 0.95, "precision_std": 0.03536, "recall": 0.925, "recall_std": 0.025, "f1": 0.93684, "f1_std": 0.0213, "auc": 0.98864, "auc_std": 0.01054}
{"epoch": 99, "time_epoch": 0.49082, "time_epoch_std": 0.0058, "eta": 0.0, "eta_std": 0.0, "eta_hours": 0.0, "eta_hours_std": 0.0, "loss": 0.08872, "loss_std": 0.09392, "lr": 0.0, "lr_std": 0.0, "params": 9207.0, "params_std": 0.0, "time_iter": 0.04462, "time_iter_std": 0.00053, "accuracy": 0.95833, "accuracy_std": 0.04872, "accuracy_max": 1.0, "precision": 0.95096, "precision_std": 0.0493, "recall": 0.9625, "recall_std": 0.06495, "f1": 0.95604, "f1_std": 0.05238, "auc": 0.99148, "auc_std": 0.01348}
