{"epoch": 0, "time_epoch": 0.973, "eta": 96.3267, "eta_hours": 0.02676, "loss": 0.69308664, "lr": 0.001, "params": 9207, "time_iter": 0.32433, "accuracy": 0.52381, "precision": 0.0, "recall": 0.0, "f1": 0.0, "auc": 0.42727}
{"epoch": 1, "time_epoch": 2.08082, "eta": 149.63717, "eta_hours": 0.04157, "loss": 0.69283313, "lr": 0.00099975, "params": 9207, "time_iter": 0.69361, "accuracy": 0.52381, "precision": 0.0, "recall": 0.0, "f1": 0.0, "auc": 0.49318}
{"epoch": 2, "time_epoch": 2.054, "eta": 165.15295, "eta_hours": 0.04588, "loss": 0.69270005, "lr": 0.00099901, "params": 9207, "time_iter": 0.68467, "accuracy": 0.52381, "precision": 0.0, "recall": 0.0, "f1": 0.0, "auc": 0.43409}
{"epoch": 3, "time_epoch": 2.05992, "eta": 172.02585, "eta_hours": 0.04778, "loss": 0.69232921, "lr": 0.00099778, "params": 9207, "time_iter": 0.68664, "accuracy": 0.52381, "precision": 0.0, "recall": 0.0, "f1": 0.0, "auc": 0.67727}
{"epoch": 4, "time_epoch": 2.0541, "eta": 175.21494, "eta_hours": 0.04867, "loss": 0.69189699, "lr": 0.00099606, "params": 9207, "time_iter": 0.6847, "accuracy": 0.52381, "precision": 0.0, "recall": 0.0, "f1": 0.0, "auc": 0.675}
{"epoch": 5, "time_epoch": 2.05206, "eta": 176.62437, "eta_hours": 0.04906, "loss": 0.69212295, "lr": 0.00099384, "params": 9207, "time_iter": 0.68402, "accuracy": 0.52381, "precision": 0.0, "recall": 0.0, "f1": 0.0, "auc": 0.63864}
{"epoch": 6, "time_epoch": 2.05925, "eta": 177.14038, "eta_hours": 0.04921, "loss": 0.69128456, "lr": 0.00099114, "params": 9207, "time_iter": 0.68642, "accuracy": 0.52381, "precision": 0.0, "recall": 0.0, "f1": 0.0, "auc": 0.77273}
{"epoch": 7, "time_epoch": 0.75555, "eta": 162.02001, "eta_hours": 0.04501, "loss": 0.69094142, "lr": 0.00098796, "params": 9207, "time_iter": 0.25185, "accuracy": 0.52381, "precision": 0.0, "recall": 0.0, "f1": 0.0, "auc": 0.80682}
{"epoch": 8, "time_epoch": 0.11315, "eta": 143.59644, "eta_hours": 0.03989, "loss": 0.68975779, "lr": 0.00098429, "params": 9207, "time_iter": 0.03772, "accuracy": 0.52381, "precision": 0.0, "recall": 0.0, "f1": 0.0, "auc": 0.80682}
{"epoch": 9, "time_epoch": 0.11625, "eta": 128.86286, "eta_hours": 0.0358, "loss": 0.68824675, "lr": 0.00098015, "params": 9207, "time_iter": 0.03875, "accuracy": 0.52381, "precision": 0.0, "recall": 0.0, "f1": 0.0, "auc": 0.83182}
{"epoch": 10, "time_epoch": 0.11461, "eta": 116.77371, "eta_hours": 0.03244, "loss": 0.68889793, "lr": 0.00097553, "params": 9207, "time_iter": 0.0382, "accuracy": 0.52381, "precision": 0.0, "recall": 0.0, "f1": 0.0, "auc": 0.80455}
{"epoch": 11, "time_epoch": 0.12137, "eta": 106.72991, "eta_hours": 0.02965, "loss": 0.68931693, "lr": 0.00097044, "params": 9207, "time_iter": 0.04046, "accuracy": 0.54762, "precision": 1.0, "recall": 0.05, "f1": 0.09524, "auc": 0.73409}
{"epoch": 12, "time_epoch": 0.12621, "eta": 98.24502, "eta_hours": 0.02729, "loss": 0.68642394, "lr": 0.00096489, "params": 9207, "time_iter": 0.04207, "accuracy": 0.52381, "precision": 0.0, "recall": 0.0, "f1": 0.0, "auc": 0.77727}
{"epoch": 13, "time_epoch": 0.12556, "eta": 90.9502, "eta_hours": 0.02526, "loss": 0.68270127, "lr": 0.00095888, "params": 9207, "time_iter": 0.04185, "accuracy": 0.57143, "precision": 1.0, "recall": 0.1, "f1": 0.18182, "auc": 0.86591}
{"epoch": 14, "time_epoch": 0.12795, "eta": 84.62485, "eta_hours": 0.02351, "loss": 0.68130437, "lr": 0.00095241, "params": 9207, "time_iter": 0.04265, "accuracy": 0.61905, "precision": 1.0, "recall": 0.2, "f1": 0.33333, "auc": 0.85}
{"epoch": 15, "time_epoch": 0.12679, "eta": 79.0681, "eta_hours": 0.02196, "loss": 0.67722873, "lr": 0.0009455, "params": 9207, "time_iter": 0.04226, "accuracy": 0.61905, "precision": 1.0, "recall": 0.2, "f1": 0.33333, "auc": 0.86364}
{"epoch": 16, "time_epoch": 0.12565, "eta": 74.14457, "eta_hours": 0.0206, "loss": 0.67346841, "lr": 0.00093815, "params": 9207, "time_iter": 0.04188, "accuracy": 0.64286, "precision": 1.0, "recall": 0.25, "f1": 0.4, "auc": 0.88409}
{"epoch": 17, "time_epoch": 0.12731, "eta": 69.76171, "eta_hours": 0.01938, "loss": 0.67249251, "lr": 0.00093037, "params": 9207, "time_iter": 0.04244, "accuracy": 0.71429, "precision": 1.0, "recall": 0.4, "f1": 0.57143, "auc": 0.81818}
{"epoch": 18, "time_epoch": 0.12874, "eta": 65.83291, "eta_hours": 0.01829, "loss": 0.666366, "lr": 0.00092216, "params": 9207, "time_iter": 0.04291, "accuracy": 0.66667, "precision": 0.875, "recall": 0.35, "f1": 0.5, "auc": 0.87273}
{"epoch": 19, "time_epoch": 0.12629, "eta": 62.27429, "eta_hours": 0.0173, "loss": 0.66122372, "lr": 0.00091354, "params": 9207, "time_iter": 0.0421, "accuracy": 0.80952, "precision": 1.0, "recall": 0.6, "f1": 0.75, "auc": 0.87955}
{"epoch": 20, "time_epoch": 0.12656, "eta": 59.04361, "eta_hours": 0.0164, "loss": 0.65902986, "lr": 0.00090451, "params": 9207, "time_iter": 0.04219, "accuracy": 0.69048, "precision": 0.81818, "recall": 0.45, "f1": 0.58065, "auc": 0.80682}
{"epoch": 21, "time_epoch": 0.12987, "eta": 56.10686, "eta_hours": 0.01559, "loss": 0.65292163, "lr": 0.00089508, "params": 9207, "time_iter": 0.04329, "accuracy": 0.66667, "precision": 0.8, "recall": 0.4, "f1": 0.53333, "auc": 0.83864}
{"epoch": 22, "time_epoch": 0.12319, "eta": 53.39181, "eta_hours": 0.01483, "loss": 0.64097552, "lr": 0.00088526, "params": 9207, "time_iter": 0.04106, "accuracy": 0.78571, "precision": 0.86667, "recall": 0.65, "f1": 0.74286, "auc": 0.86136}
{"epoch": 23, "time_epoch": 0.12734, "eta": 50.90589, "eta_hours": 0.01414, "loss": 0.6309643, "lr": 0.00087506, "params": 9207, "time_iter": 0.04245, "accuracy": 0.80952, "precision": 0.875, "recall": 0.7, "f1": 0.77778, "auc": 0.87955}
{"epoch": 24, "time_epoch": 0.12619, "eta": 48.60522, "eta_hours": 0.0135, "loss": 0.64066528, "lr": 0.00086448, "params": 9207, "time_iter": 0.04206, "accuracy": 0.78571, "precision": 0.86667, "recall": 0.65, "f1": 0.74286, "auc": 0.80455}
{"epoch": 25, "time_epoch": 0.1297, "eta": 46.48178, "eta_hours": 0.01291, "loss": 0.62205185, "lr": 0.00085355, "params": 9207, "time_iter": 0.04323, "accuracy": 0.80952, "precision": 0.875, "recall": 0.7, "f1": 0.77778, "auc": 0.86364}
{"epoch": 26, "time_epoch": 0.12623, "eta": 44.49665, "eta_hours": 0.01236, "loss": 0.61003659, "lr": 0.00084227, "params": 9207, "time_iter": 0.04208, "accuracy": 0.88095, "precision": 0.94118, "recall": 0.8, "f1": 0.86486, "auc": 0.90455}
{"epoch": 27, "time_epoch": 0.12591, "eta": 42.64349, "eta_hours": 0.01185, "loss": 0.60201439, "lr": 0.00083066, "params": 9207, "time_iter": 0.04197, "accuracy": 0.7619, "precision": 0.77778, "recall": 0.7, "f1": 0.73684, "auc": 0.87955}
{"epoch": 28, "time_epoch": 0.12793, "eta": 40.91439, "eta_hours": 0.01137, "loss": 0.57915984, "lr": 0.00081871, "params": 9207, "time_iter": 0.04264, "accuracy": 0.83333, "precision": 0.84211, "recall": 0.8, "f1": 0.82051, "auc": 0.93864}
{"epoch": 29, "time_epoch": 0.12577, "eta": 39.28699, "eta_hours": 0.01091, "loss": 0.56933772, "lr": 0.00080645, "params": 9207, "time_iter": 0.04192, "accuracy": 0.78571, "precision": 0.82353, "recall": 0.7, "f1": 0.75676, "auc": 0.92273}
{"epoch": 30, "time_epoch": 0.12782, "eta": 37.76104, "eta_hours": 0.01049, "loss": 0.55538893, "lr": 0.00079389, "params": 9207, "time_iter": 0.04261, "accuracy": 0.85714, "precision": 0.9375, "recall": 0.75, "f1": 0.83333, "auc": 0.91591}
{"epoch": 31, "time_epoch": 0.12492, "eta": 36.31631, "eta_hours": 0.01009, "loss": 0.54467537, "lr": 0.00078104, "params": 9207, "time_iter": 0.04164, "accuracy": 0.88095, "precision": 0.94118, "recall": 0.8, "f1": 0.86486, "auc": 0.92045}
{"epoch": 32, "time_epoch": 0.12572, "eta": 34.95319, "eta_hours": 0.00971, "loss": 0.52823081, "lr": 0.00076791, "params": 9207, "time_iter": 0.04191, "accuracy": 0.90476, "precision": 0.94444, "recall": 0.85, "f1": 0.89474, "auc": 0.92727}
{"epoch": 33, "time_epoch": 0.1262, "eta": 33.66379, "eta_hours": 0.00935, "loss": 0.51597271, "lr": 0.00075452, "params": 9207, "time_iter": 0.04207, "accuracy": 0.90476, "precision": 1.0, "recall": 0.8, "f1": 0.88889, "auc": 0.94091}
{"epoch": 34, "time_epoch": 0.12676, "eta": 32.44188, "eta_hours": 0.00901, "loss": 0.49807721, "lr": 0.00074088, "params": 9207, "time_iter": 0.04225, "accuracy": 0.90476, "precision": 0.94444, "recall": 0.85, "f1": 0.89474, "auc": 0.95227}
{"epoch": 35, "time_epoch": 0.1229, "eta": 31.27397, "eta_hours": 0.00869, "loss": 0.48090422, "lr": 0.000727, "params": 9207, "time_iter": 0.04097, "accuracy": 0.83333, "precision": 0.88235, "recall": 0.75, "f1": 0.81081, "auc": 0.95455}
{"epoch": 36, "time_epoch": 0.12294, "eta": 30.16261, "eta_hours": 0.00838, "loss": 0.48960641, "lr": 0.00071289, "params": 9207, "time_iter": 0.04098, "accuracy": 0.83333, "precision": 0.88235, "recall": 0.75, "f1": 0.81081, "auc": 0.92955}
{"epoch": 37, "time_epoch": 0.12726, "eta": 29.11032, "eta_hours": 0.00809, "loss": 0.460897, "lr": 0.00069857, "params": 9207, "time_iter": 0.04242, "accuracy": 0.85714, "precision": 0.9375, "recall": 0.75, "f1": 0.83333, "auc": 0.96364}
{"epoch": 38, "time_epoch": 0.12666, "eta": 28.10453, "eta_hours": 0.00781, "loss": 0.43583303, "lr": 0.00068406, "params": 9207, "time_iter": 0.04222, "accuracy": 0.90476, "precision": 0.94444, "recall": 0.85, "f1": 0.89474, "auc": 0.975}
{"epoch": 39, "time_epoch": 0.1295, "eta": 27.14696, "eta_hours": 0.00754, "loss": 0.41760256, "lr": 0.00066937, "params": 9207, "time_iter": 0.04317, "accuracy": 0.90476, "precision": 0.94444, "recall": 0.85, "f1": 0.89474, "auc": 0.97273}
{"epoch": 40, "time_epoch": 0.12228, "eta": 26.21939, "eta_hours": 0.00728, "loss": 0.42421476, "lr": 0.00065451, "params": 9207, "time_iter": 0.04076, "accuracy": 0.92857, "precision": 1.0, "recall": 0.85, "f1": 0.91892, "auc": 0.96364}
{"epoch": 41, "time_epoch": 0.12991, "eta": 25.34071, "eta_hours": 0.00704, "loss": 0.41015638, "lr": 0.0006395, "params": 9207, "time_iter": 0.0433, "accuracy": 0.88095, "precision": 0.94118, "recall": 0.8, "f1": 0.86486, "auc": 0.98182}
{"epoch": 42, "time_epoch": 0.12443, "eta": 24.48958, "eta_hours": 0.0068, "loss": 0.41023292, "lr": 0.00062434, "params": 9207, "time_iter": 0.04148, "accuracy": 0.90476, "precision": 0.94444, "recall": 0.85, "f1": 0.89474, "auc": 0.97273}
{"epoch": 43, "time_epoch": 0.12776, "eta": 23.67572, "eta_hours": 0.00658, "loss": 0.41148313, "lr": 0.00060907, "params": 9207, "time_iter": 0.04259, "accuracy": 0.83333, "precision": 0.88235, "recall": 0.75, "f1": 0.81081, "auc": 0.95909}
{"epoch": 44, "time_epoch": 0.12598, "eta": 22.89019, "eta_hours": 0.00636, "loss": 0.3522152, "lr": 0.00059369, "params": 9207, "time_iter": 0.04199, "accuracy": 0.92857, "precision": 1.0, "recall": 0.85, "f1": 0.91892, "auc": 0.98409}
{"epoch": 45, "time_epoch": 0.12464, "eta": 22.13176, "eta_hours": 0.00615, "loss": 0.37288197, "lr": 0.00057822, "params": 9207, "time_iter": 0.04155, "accuracy": 0.88095, "precision": 0.94118, "recall": 0.8, "f1": 0.86486, "auc": 0.98182}
{"epoch": 46, "time_epoch": 0.13471, "eta": 21.41165, "eta_hours": 0.00595, "loss": 0.31701091, "lr": 0.00056267, "params": 9207, "time_iter": 0.0449, "accuracy": 0.95238, "precision": 1.0, "recall": 0.9, "f1": 0.94737, "auc": 0.99318}
{"epoch": 47, "time_epoch": 0.12362, "eta": 20.70392, "eta_hours": 0.00575, "loss": 0.35623739, "lr": 0.00054705, "params": 9207, "time_iter": 0.04121, "accuracy": 0.90476, "precision": 0.9, "recall": 0.9, "f1": 0.9, "auc": 0.975}
{"epoch": 48, "time_epoch": 0.13206, "eta": 20.02882, "eta_hours": 0.00556, "loss": 0.29903483, "lr": 0.0005314, "params": 9207, "time_iter": 0.04402, "accuracy": 0.95238, "precision": 1.0, "recall": 0.9, "f1": 0.94737, "auc": 0.99091}
{"epoch": 49, "time_epoch": 0.12359, "eta": 19.36697, "eta_hours": 0.00538, "loss": 0.33328304, "lr": 0.00051571, "params": 9207, "time_iter": 0.0412, "accuracy": 0.90476, "precision": 0.94444, "recall": 0.85, "f1": 0.89474, "auc": 0.975}
{"epoch": 50, "time_epoch": 0.12505, "eta": 18.72762, "eta_hours": 0.0052, "loss": 0.29476894, "lr": 0.0005, "params": 9207, "time_iter": 0.04168, "accuracy": 0.97619, "precision": 1.0, "recall": 0.95, "f1": 0.97436, "auc": 0.99318}
{"epoch": 51, "time_epoch": 0.12803, "eta": 18.11081, "eta_hours": 0.00503, "loss": 0.27108853, "lr": 0.00048429, "params": 9207, "time_iter": 0.04268, "accuracy": 0.97619, "precision": 1.0, "recall": 0.95, "f1": 0.97436, "auc": 0.99773}
{"epoch": 52, "time_epoch": 0.12504, "eta": 17.5098, "eta_hours": 0.00486, "loss": 0.26871223, "lr": 0.0004686, "params": 9207, "time_iter": 0.04168, "accuracy": 0.95238, "precision": 1.0, "recall": 0.9, "f1": 0.94737, "auc": 0.98409}
{"epoch": 53, "time_epoch": 0.12539, "eta": 16.92671, "eta_hours": 0.0047, "loss": 0.25437544, "lr": 0.00045295, "params": 9207, "time_iter": 0.0418, "accuracy": 0.97619, "precision": 1.0, "recall": 0.95, "f1": 0.97436, "auc": 0.99318}
{"epoch": 54, "time_epoch": 0.12223, "eta": 16.35768, "eta_hours": 0.00454, "loss": 0.2584961, "lr": 0.00043733, "params": 9207, "time_iter": 0.04074, "accuracy": 0.95238, "precision": 1.0, "recall": 0.9, "f1": 0.94737, "auc": 1.0}
{"epoch": 55, "time_epoch": 0.12147, "eta": 15.804, "eta_hours": 0.00439, "loss": 0.23658441, "lr": 0.00042178, "params": 9207, "time_iter": 0.04049, "accuracy": 0.95238, "precision": 1.0, "recall": 0.9, "f1": 0.94737, "auc": 1.0}
{"epoch": 56, "time_epoch": 0.12757, "eta": 15.2701, "eta_hours": 0.00424, "loss": 0.24596008, "lr": 0.00040631, "params": 9207, "time_iter": 0.04252, "accuracy": 0.97619, "precision": 1.0, "recall": 0.95, "f1": 0.97436, "auc": 0.99545}
{"epoch": 57, "time_epoch": 0.12354, "eta": 14.74728, "eta_hours": 0.0041, "loss": 0.2413629, "lr": 0.00039093, "params": 9207, "time_iter": 0.04118, "accuracy": 0.95238, "precision": 1.0, "recall": 0.9, "f1": 0.94737, "auc": 0.99091}
{"epoch": 58, "time_epoch": 0.12524, "eta": 14.23919, "eta_hours": 0.00396, "loss": 0.21244947, "lr": 0.00037566, "params": 9207, "time_iter": 0.04175, "accuracy": 0.97619, "precision": 1.0, "recall": 0.95, "f1": 0.97436, "auc": 1.0}
{"epoch": 59, "time_epoch": 0.12173, "eta": 13.74151, "eta_hours": 0.00382, "loss": 0.22264438, "lr": 0.0003605, "params": 9207, "time_iter": 0.04058, "accuracy": 0.95238, "precision": 1.0, "recall": 0.9, "f1": 0.94737, "auc": 1.0}
{"epoch": 60, "time_epoch": 0.1239, "eta": 13.25755, "eta_hours": 0.00368, "loss": 0.18841396, "lr": 0.00034549, "params": 9207, "time_iter": 0.0413, "accuracy": 0.97619, "precision": 1.0, "recall": 0.95, "f1": 0.97436, "auc": 1.0}
{"epoch": 61, "time_epoch": 0.12474, "eta": 12.78572, "eta_hours": 0.00355, "loss": 0.20106761, "lr": 0.00033063, "params": 9207, "time_iter": 0.04158, "accuracy": 0.97619, "precision": 1.0, "recall": 0.95, "f1": 0.97436, "auc": 1.0}
{"epoch": 62, "time_epoch": 0.12224, "eta": 12.32344, "eta_hours": 0.00342, "loss": 0.2499699, "lr": 0.00031594, "params": 9207, "time_iter": 0.04075, "accuracy": 0.92857, "precision": 1.0, "recall": 0.85, "f1": 0.91892, "auc": 0.99091}
{"epoch": 63, "time_epoch": 0.1299, "eta": 11.87609, "eta_hours": 0.0033, "loss": 0.17276325, "lr": 0.00030143, "params": 9207, "time_iter": 0.0433, "accuracy": 0.97619, "precision": 1.0, "recall": 0.95, "f1": 0.97436, "auc": 1.0}
{"epoch": 64, "time_epoch": 0.12655, "eta": 11.43671, "eta_hours": 0.00318, "loss": 0.17458289, "lr": 0.00028711, "params": 9207, "time_iter": 0.04218, "accuracy": 1.0, "precision": 1.0, "recall": 1.0, "f1": 1.0, "auc": 1.0}
{"epoch": 65, "time_epoch": 0.12866, "eta": 11.00789, "eta_hours": 0.00306, "loss": 0.17532153, "lr": 0.000273, "params": 9207, "time_iter": 0.04289, "accuracy": 1.0, "precision": 1.0, "recall": 1.0, "f1": 1.0, "auc": 1.0}
{"epoch": 66, "time_epoch": 0.12687, "eta": 10.58715, "eta_hours": 0.00294, "loss": 0.2013873, "lr": 0.00025912, "params": 9207, "time_iter": 0.04229, "accuracy": 0.97619, "precision": 1.0, "recall": 0.95, "f1": 0.97436, "auc": 1.0}
{"epoch": 67, "time_epoch": 0.12296, "eta": 10.17322, "eta_hours": 0.00283, "loss": 0.17301965, "lr": 0.00024548, "params": 9207, "time_iter": 0.04099, "accuracy": 1.0, "precision": 1.0, "recall": 1.0, "f1": 1.0, "auc": 1.0}
{"epoch": 68, "time_epoch": 0.12404, "eta": 9.7682, "eta_hours": 0.00271, "loss": 0.19891955, "lr": 0.00023209, "params": 9207, "time_iter": 0.04135, "accuracy": 0.97619, "precision": 1.0, "recall": 0.95, "f1": 0.97436, "auc": 0.99091}
{"epoch": 69, "time_epoch": 0.12437, "eta": 9.37136, "eta_hours": 0.0026, "loss": 0.15063108, "lr": 0.00021896, "params": 9207, "time_iter": 0.04146, "accuracy": 1.0, "precision": 1.0, "recall": 1.0, "f1": 1.0, "auc": 1.0}
{"epoch": 70, "time_epoch": 0.12523, "eta": 8.98254, "eta_hours": 0.0025, "loss": 0.15355608, "lr": 0.00020611, "params": 9207, "time_iter": 0.04174, "accuracy": 1.0, "precision": 1.0, "recall": 1.0, "f1": 1.0, "auc": 1.0}
{"epoch": 71, "time_epoch": 0.12259, "eta": 8.60001, "eta_hours": 0.00239, "loss": 0.15867712, "lr": 0.00019355, "params": 9207, "time_iter": 0.04086, "accuracy": 0.97619, "precision": 1.0, "recall": 0.95, "f1": 0.97436, "auc": 1.0}
{"epoch": 72, "time_epoch": 0.12375, "eta": 8.22504, "eta_hours": 0.00228, "loss": 0.16787035, "lr": 0.00018129, "params": 9207, "time_iter": 0.04125, "accuracy": 0.97619, "precision": 1.0, "recall": 0.95, "f1": 0.97436, "auc": 1.0}
{"epoch": 73, "time_epoch": 0.12502, "eta": 7.8573, "eta_hours": 0.00218, "loss": 0.13476682, "lr": 0.00016934, "params": 9207, "time_iter": 0.04167, "accuracy": 1.0, "precision": 1.0, "recall": 1.0, "f1": 1.0, "auc": 1.0}
{"epoch": 74, "time_epoch": 0.12754, "eta": 7.49688, "eta_hours": 0.00208, "loss": 0.17702387, "lr": 0.00015773, "params": 9207, "time_iter": 0.04251, "accuracy": 0.97619, "precision": 1.0, "recall": 0.95, "f1": 0.97436, "auc": 1.0}
{"epoch": 75, "time_epoch": 0.13143, "eta": 7.14381, "eta_hours": 0.00198, "loss": 0.14582644, "lr": 0.00014645, "params": 9207, "time_iter": 0.04381, "accuracy": 1.0, "precision": 1.0, "recall": 1.0, "f1": 1.0, "auc": 1.0}
{"epoch": 76, "time_epoch": 0.12423, "eta": 6.79435, "eta_hours": 0.00189, "loss": 0.13463665, "lr": 0.00013552, "params": 9207, "time_iter": 0.04141, "accuracy": 1.0, "precision": 1.0, "recall": 1.0, "f1": 1.0, "auc": 1.0}
{"epoch": 77, "time_epoch": 0.12403, "eta": 6.4506, "eta_hours": 0.00179, "loss": 0.12933621, "lr": 0.00012494, "params": 9207, "time_iter": 0.04134, "accuracy": 1.0, "precision": 1.0, "recall": 1.0, "f1": 1.0, "auc": 1.0}
{"epoch": 78, "time_epoch": 0.12572, "eta": 6.11287, "eta_hours": 0.0017, "loss": 0.12433015, "lr": 0.00011474, "params": 9207, "time_iter": 0.04191, "accuracy": 1.0, "precision": 1.0, "recall": 1.0, "f1": 1.0, "auc": 1.0}
{"epoch": 79, "time_epoch": 0.12477, "eta": 5.7802, "eta_hours": 0.00161, "loss": 0.18024874, "lr": 0.00010492, "params": 9207, "time_iter": 0.04159, "accuracy": 0.97619, "precision": 1.0, "recall": 0.95, "f1": 0.97436, "auc": 0.99773}
{"epoch": 80, "time_epoch": 0.1263, "eta": 5.45303, "eta_hours": 0.00151, "loss": 0.12633613, "lr": 9.549e-05, "params": 9207, "time_iter": 0.0421, "accuracy": 1.0, "precision": 1.0, "recall": 1.0, "f1": 1.0, "auc": 1.0}
{"epoch": 81, "time_epoch": 0.1231, "eta": 5.13004, "eta_hours": 0.00143, "loss": 0.14324099, "lr": 8.646e-05, "params": 9207, "time_iter": 0.04103, "accuracy": 1.0, "precision": 1.0, "recall": 1.0, "f1": 1.0, "auc": 1.0}
{"epoch": 82, "time_epoch": 0.12463, "eta": 4.81219, "eta_hours": 0.00134, "loss": 0.14857403, "lr": 7.784e-05, "params": 9207, "time_iter": 0.04154, "accuracy": 1.0, "precision": 1.0, "recall": 1.0, "f1": 1.0, "auc": 1.0}
{"epoch": 83, "time_epoch": 0.12909, "eta": 4.49979, "eta_hours": 0.00125, "loss": 0.11792584, "lr": 6.963e-05, "params": 9207, "time_iter": 0.04303, "accuracy": 1.0, "precision": 1.0, "recall": 1.0, "f1": 1.0, "auc": 1.0}
{"epoch": 84, "time_epoch": 0.12695, "eta": 4.19133, "eta_hours": 0.00116, "loss": 0.1471055, "lr": 6.185e-05, "params": 9207, "time_iter": 0.04232, "accuracy": 0.97619, "precision": 1.0, "recall": 0.95, "f1": 0.97436, "auc": 1.0}
{"epoch": 85, "time_epoch": 0.12414, "eta": 3.88663, "eta_hours": 0.00108, "loss": 0.14300442, "lr": 5.45e-05, "params": 9207, "time_iter": 0.04138, "accuracy": 1.0, "precision": 1.0, "recall": 1.0, "f1": 1.0, "auc": 1.0}
{"epoch": 86, "time_epoch": 0.12835, "eta": 3.58671, "eta_hours": 0.001, "loss": 0.12561751, "lr": 4.759e-05, "params": 9207, "time_iter": 0.04278, "accuracy": 1.0, "precision": 1.0, "recall": 1.0, "f1": 1.0, "auc": 1.0}
{"epoch": 87, "time_epoch": 0.12762, "eta": 3.29059, "eta_hours": 0.00091, "loss": 0.13228815, "lr": 4.112e-05, "params": 9207, "time_iter": 0.04254, "accuracy": 0.97619, "precision": 1.0, "recall": 0.95, "f1": 0.97436, "auc": 1.0}
{"epoch": 88, "time_epoch": 0.12338, "eta": 2.99773, "eta_hours": 0.00083, "loss": 0.1464474, "lr": 3.511e-05, "params": 9207, "time_iter": 0.04113, "accuracy": 0.97619, "precision": 1.0, "recall": 0.95, "f1": 0.97436, "auc": 1.0}
{"epoch": 89, "time_epoch": 0.13036, "eta": 2.70941, "eta_hours": 0.00075, "loss": 0.18085947, "lr": 2.956e-05, "params": 9207, "time_iter": 0.04345, "accuracy": 0.95238, "precision": 1.0, "recall": 0.9, "f1": 0.94737, "auc": 0.99318}
{"epoch": 90, "time_epoch": 0.12434, "eta": 2.42397, "eta_hours": 0.00067, "loss": 0.11589424, "lr": 2.447e-05, "params": 9207, "time_iter": 0.04145, "accuracy": 1.0, "precision": 1.0, "recall": 1.0, "f1": 1.0, "auc": 1.0}
{"epoch": 91, "time_epoch": 0.12186, "eta": 2.14182, "eta_hours": 0.00059, "loss": 0.11930543, "lr": 1.985e-05, "params": 9207, "time_iter": 0.04062, "accuracy": 1.0, "precision": 1.0, "recall": 1.0, "f1": 1.0, "auc": 1.0}
{"epoch": 92, "time_epoch": 0.13418, "eta": 1.86404, "eta_hours": 0.00052, "loss": 0.14849211, "lr": 1.571e-05, "params": 9207, "time_iter": 0.04473, "accuracy": 0.97619, "precision": 1.0, "recall": 0.95, "f1": 0.97436, "auc": 1.0}
{"epoch": 93, "time_epoch": 0.12943, "eta": 1.58901, "eta_hours": 0.00044, "loss": 0.13266644, "lr": 1.204e-05, "params": 9207, "time_iter": 0.04314, "accuracy": 1.0, "precision": 1.0, "recall": 1.0, "f1": 1.0, "auc": 1.0}
{"epoch": 94, "time_epoch": 0.12602, "eta": 1.31687, "eta_hours": 0.00037, "loss": 0.14513859, "lr": 8.86e-06, "params": 9207, "time_iter": 0.04201, "accuracy": 0.97619, "precision": 1.0, "recall": 0.95, "f1": 0.97436, "auc": 1.0}
{"epoch": 95, "time_epoch": 0.12193, "eta": 1.0476, "eta_hours": 0.00029, "loss": 0.12844951, "lr": 6.16e-06, "params": 9207, "time_iter": 0.04064, "accuracy": 1.0, "precision": 1.0, "recall": 1.0, "f1": 1.0, "auc": 1.0}
{"epoch": 96, "time_epoch": 0.12629, "eta": 0.78151, "eta_hours": 0.00022, "loss": 0.12173887, "lr": 3.94e-06, "params": 9207, "time_iter": 0.0421, "accuracy": 1.0, "precision": 1.0, "recall": 1.0, "f1": 1.0, "auc": 1.0}
{"epoch": 97, "time_epoch": 0.12372, "eta": 0.51821, "eta_hours": 0.00014, "loss": 0.12150417, "lr": 2.22e-06, "params": 9207, "time_iter": 0.04124, "accuracy": 1.0, "precision": 1.0, "recall": 1.0, "f1": 1.0, "auc": 1.0}
{"epoch": 98, "time_epoch": 0.12373, "eta": 0.25774, "eta_hours": 7e-05, "loss": 0.12444174, "lr": 9.9e-07, "params": 9207, "time_iter": 0.04124, "accuracy": 0.97619, "precision": 1.0, "recall": 0.95, "f1": 0.97436, "auc": 1.0}
{"epoch": 99, "time_epoch": 0.12523, "eta": 0.0, "eta_hours": 0.0, "loss": 0.11241894, "lr": 2.5e-07, "params": 9207, "time_iter": 0.04174, "accuracy": 1.0, "precision": 1.0, "recall": 1.0, "f1": 1.0, "auc": 1.0}
