{"epoch": 0, "time_epoch": 21.52069, "eta": 2130.54859, "eta_hours": 0.59182, "loss": 0.66431455, "lr": 0.001, "params": 5321, "time_iter": 0.15483, "accuracy": 0.66187, "precision": 0.6875, "recall": 0.25229, "f1": 0.36913, "auc": 0.63983}
{"epoch": 1, "time_epoch": 8.91829, "eta": 1491.51035, "eta_hours": 0.41431, "loss": 0.61867134, "lr": 0.00099975, "params": 5321, "time_iter": 0.06416, "accuracy": 0.67446, "precision": 0.6135, "recall": 0.45872, "f1": 0.52493, "auc": 0.70126}
{"epoch": 2, "time_epoch": 8.96836, "eta": 1274.17102, "eta_hours": 0.35394, "loss": 0.57963441, "lr": 0.00099901, "params": 5321, "time_iter": 0.06452, "accuracy": 0.71403, "precision": 0.70345, "recall": 0.46789, "f1": 0.56198, "auc": 0.729}
{"epoch": 3, "time_epoch": 8.95083, "eta": 1160.59642, "eta_hours": 0.32239, "loss": 0.57656251, "lr": 0.00099778, "params": 5321, "time_iter": 0.06439, "accuracy": 0.70683, "precision": 0.66871, "recall": 0.5, "f1": 0.57218, "auc": 0.75442}
{"epoch": 4, "time_epoch": 8.93636, "eta": 1088.59643, "eta_hours": 0.30239, "loss": 0.58596749, "lr": 0.00099606, "params": 5321, "time_iter": 0.06429, "accuracy": 0.71043, "precision": 0.70213, "recall": 0.45413, "f1": 0.55153, "auc": 0.74406}
{"epoch": 5, "time_epoch": 8.97055, "eta": 1038.15326, "eta_hours": 0.28838, "loss": 0.5844475, "lr": 0.00099384, "params": 5321, "time_iter": 0.06454, "accuracy": 0.70683, "precision": 0.66871, "recall": 0.5, "f1": 0.57218, "auc": 0.75167}
{"epoch": 6, "time_epoch": 8.94744, "eta": 999.25229, "eta_hours": 0.27757, "loss": 0.56093436, "lr": 0.00099114, "params": 5321, "time_iter": 0.06437, "accuracy": 0.73381, "precision": 0.74648, "recall": 0.48624, "f1": 0.58889, "auc": 0.76093}
{"epoch": 7, "time_epoch": 8.974, "eta": 968.14521, "eta_hours": 0.26893, "loss": 0.57532249, "lr": 0.00098796, "params": 5321, "time_iter": 0.06456, "accuracy": 0.73741, "precision": 0.71687, "recall": 0.54587, "f1": 0.61979, "auc": 0.76268}
{"epoch": 8, "time_epoch": 8.95588, "eta": 941.77334, "eta_hours": 0.2616, "loss": 0.56215289, "lr": 0.00098429, "params": 5321, "time_iter": 0.06443, "accuracy": 0.73022, "precision": 0.70482, "recall": 0.5367, "f1": 0.60938, "auc": 0.75607}
{"epoch": 9, "time_epoch": 8.93211, "eta": 918.67074, "eta_hours": 0.25519, "loss": 0.57703542, "lr": 0.00098015, "params": 5321, "time_iter": 0.06426, "accuracy": 0.72482, "precision": 0.71523, "recall": 0.49541, "f1": 0.58537, "auc": 0.75957}
{"epoch": 10, "time_epoch": 8.94145, "eta": 898.22021, "eta_hours": 0.24951, "loss": 0.55129611, "lr": 0.00097553, "params": 5321, "time_iter": 0.06433, "accuracy": 0.73561, "precision": 0.71515, "recall": 0.54128, "f1": 0.61619, "auc": 0.77873}
{"epoch": 11, "time_epoch": 8.94773, "eta": 879.73388, "eta_hours": 0.24437, "loss": 0.58250784, "lr": 0.00097044, "params": 5321, "time_iter": 0.06437, "accuracy": 0.7446, "precision": 0.71839, "recall": 0.57339, "f1": 0.63776, "auc": 0.76448}
{"epoch": 12, "time_epoch": 8.92456, "eta": 862.55994, "eta_hours": 0.2396, "loss": 0.56768536, "lr": 0.00096489, "params": 5321, "time_iter": 0.06421, "accuracy": 0.7464, "precision": 0.79389, "recall": 0.47706, "f1": 0.59599, "auc": 0.75109}
{"epoch": 13, "time_epoch": 8.92912, "eta": 846.59253, "eta_hours": 0.23516, "loss": 0.58026865, "lr": 0.00095888, "params": 5321, "time_iter": 0.06424, "accuracy": 0.74101, "precision": 0.74342, "recall": 0.51835, "f1": 0.61081, "auc": 0.75732}
{"epoch": 14, "time_epoch": 8.94466, "eta": 831.65162, "eta_hours": 0.23101, "loss": 0.56668159, "lr": 0.00095241, "params": 5321, "time_iter": 0.06435, "accuracy": 0.73022, "precision": 0.72078, "recall": 0.50917, "f1": 0.59677, "auc": 0.75764}
{"epoch": 15, "time_epoch": 8.65826, "eta": 815.95661, "eta_hours": 0.22665, "loss": 0.53430806, "lr": 0.0009455, "params": 5321, "time_iter": 0.06229, "accuracy": 0.75, "precision": 0.72316, "recall": 0.58716, "f1": 0.6481, "auc": 0.79609}
{"epoch": 16, "time_epoch": 8.95945, "eta": 802.56, "eta_hours": 0.22293, "loss": 0.58270124, "lr": 0.00093815, "params": 5321, "time_iter": 0.06446, "accuracy": 0.73201, "precision": 0.71166, "recall": 0.53211, "f1": 0.60892, "auc": 0.74522}
{"epoch": 17, "time_epoch": 8.92344, "eta": 789.49238, "eta_hours": 0.2193, "loss": 0.56769363, "lr": 0.00093037, "params": 5321, "time_iter": 0.0642, "accuracy": 0.7482, "precision": 0.74074, "recall": 0.55046, "f1": 0.63158, "auc": 0.75098}
{"epoch": 18, "time_epoch": 8.95118, "eta": 776.97921, "eta_hours": 0.21583, "loss": 0.55921852, "lr": 0.00092216, "params": 5321, "time_iter": 0.0644, "accuracy": 0.7518, "precision": 0.74691, "recall": 0.55505, "f1": 0.63684, "auc": 0.76445}
{"epoch": 19, "time_epoch": 8.93421, "eta": 764.75435, "eta_hours": 0.21243, "loss": 0.57279052, "lr": 0.00091354, "params": 5321, "time_iter": 0.06427, "accuracy": 0.73921, "precision": 0.74497, "recall": 0.50917, "f1": 0.6049, "auc": 0.75313}
{"epoch": 20, "time_epoch": 8.92589, "eta": 752.81161, "eta_hours": 0.20911, "loss": 0.55064232, "lr": 0.00090451, "params": 5321, "time_iter": 0.06422, "accuracy": 0.76619, "precision": 0.75882, "recall": 0.59174, "f1": 0.66495, "auc": 0.7736}
{"epoch": 21, "time_epoch": 8.9323, "eta": 741.16586, "eta_hours": 0.20588, "loss": 0.53957047, "lr": 0.00089508, "params": 5321, "time_iter": 0.06426, "accuracy": 0.75899, "precision": 0.74706, "recall": 0.58257, "f1": 0.65464, "auc": 0.7845}
{"epoch": 22, "time_epoch": 8.93836, "eta": 729.77634, "eta_hours": 0.20272, "loss": 0.58430696, "lr": 0.00088526, "params": 5321, "time_iter": 0.0643, "accuracy": 0.7554, "precision": 0.78873, "recall": 0.51376, "f1": 0.62222, "auc": 0.75315}
{"epoch": 23, "time_epoch": 8.93572, "eta": 718.58274, "eta_hours": 0.19961, "loss": 0.55779162, "lr": 0.00087506, "params": 5321, "time_iter": 0.06429, "accuracy": 0.75, "precision": 0.71351, "recall": 0.6055, "f1": 0.65509, "auc": 0.78694}
{"epoch": 24, "time_epoch": 8.94434, "eta": 707.59562, "eta_hours": 0.19655, "loss": 0.53661916, "lr": 0.00086448, "params": 5321, "time_iter": 0.06435, "accuracy": 0.7446, "precision": 0.72093, "recall": 0.56881, "f1": 0.6359, "auc": 0.79084}
{"epoch": 25, "time_epoch": 8.92819, "eta": 696.71966, "eta_hours": 0.19353, "loss": 0.57408849, "lr": 0.00085355, "params": 5321, "time_iter": 0.06423, "accuracy": 0.7518, "precision": 0.73529, "recall": 0.57339, "f1": 0.64433, "auc": 0.77222}
{"epoch": 26, "time_epoch": 8.93141, "eta": 685.99668, "eta_hours": 0.19055, "loss": 0.55598036, "lr": 0.00084227, "params": 5321, "time_iter": 0.06425, "accuracy": 0.76799, "precision": 0.75429, "recall": 0.6055, "f1": 0.67176, "auc": 0.78208}
{"epoch": 27, "time_epoch": 8.91014, "eta": 675.34697, "eta_hours": 0.1876, "loss": 0.57600651, "lr": 0.00083066, "params": 5321, "time_iter": 0.0641, "accuracy": 0.74281, "precision": 0.74194, "recall": 0.52752, "f1": 0.61662, "auc": 0.73682}
{"epoch": 28, "time_epoch": 8.92435, "eta": 664.85205, "eta_hours": 0.18468, "loss": 0.56215054, "lr": 0.00081871, "params": 5321, "time_iter": 0.0642, "accuracy": 0.7554, "precision": 0.73837, "recall": 0.58257, "f1": 0.65128, "auc": 0.781}
{"epoch": 29, "time_epoch": 8.94234, "eta": 654.50381, "eta_hours": 0.18181, "loss": 0.55089187, "lr": 0.00080645, "params": 5321, "time_iter": 0.06433, "accuracy": 0.76079, "precision": 0.75449, "recall": 0.57798, "f1": 0.65455, "auc": 0.77204}
{"epoch": 30, "time_epoch": 8.94985, "eta": 644.26296, "eta_hours": 0.17896, "loss": 0.56481877, "lr": 0.00079389, "params": 5321, "time_iter": 0.06439, "accuracy": 0.7464, "precision": 0.73913, "recall": 0.54587, "f1": 0.62797, "auc": 0.77094}
{"epoch": 31, "time_epoch": 8.94015, "eta": 634.08221, "eta_hours": 0.17613, "loss": 0.58018867, "lr": 0.00078104, "params": 5321, "time_iter": 0.06432, "accuracy": 0.73561, "precision": 0.74825, "recall": 0.49083, "f1": 0.5928, "auc": 0.74685}
{"epoch": 32, "time_epoch": 8.9184, "eta": 623.93248, "eta_hours": 0.17331, "loss": 0.53996959, "lr": 0.00076791, "params": 5321, "time_iter": 0.06416, "accuracy": 0.7482, "precision": 0.71196, "recall": 0.60092, "f1": 0.65174, "auc": 0.78223}
{"epoch": 33, "time_epoch": 8.92805, "eta": 613.87391, "eta_hours": 0.17052, "loss": 0.5448189, "lr": 0.00075452, "params": 5321, "time_iter": 0.06423, "accuracy": 0.73741, "precision": 0.71687, "recall": 0.54587, "f1": 0.61979, "auc": 0.77588}
{"epoch": 34, "time_epoch": 8.95154, "eta": 603.92358, "eta_hours": 0.16776, "loss": 0.58626231, "lr": 0.00074088, "params": 5321, "time_iter": 0.0644, "accuracy": 0.7554, "precision": 0.75309, "recall": 0.55963, "f1": 0.64211, "auc": 0.77801}
{"epoch": 35, "time_epoch": 8.92967, "eta": 593.98985, "eta_hours": 0.165, "loss": 0.53247227, "lr": 0.000727, "params": 5321, "time_iter": 0.06424, "accuracy": 0.75719, "precision": 0.75776, "recall": 0.55963, "f1": 0.6438, "auc": 0.77435}
{"epoch": 36, "time_epoch": 8.73922, "eta": 583.78612, "eta_hours": 0.16216, "loss": 0.53706372, "lr": 0.00071289, "params": 5321, "time_iter": 0.06287, "accuracy": 0.7536, "precision": 0.73143, "recall": 0.58716, "f1": 0.6514, "auc": 0.8008}
{"epoch": 37, "time_epoch": 8.91967, "eta": 573.95388, "eta_hours": 0.15943, "loss": 0.55123353, "lr": 0.00069857, "params": 5321, "time_iter": 0.06417, "accuracy": 0.74101, "precision": 0.72561, "recall": 0.54587, "f1": 0.62304, "auc": 0.78132}
{"epoch": 38, "time_epoch": 8.9351, "eta": 564.19257, "eta_hours": 0.15672, "loss": 0.54825064, "lr": 0.00068406, "params": 5321, "time_iter": 0.06428, "accuracy": 0.76619, "precision": 0.7619, "recall": 0.58716, "f1": 0.66321, "auc": 0.77615}
{"epoch": 39, "time_epoch": 8.93851, "eta": 554.47769, "eta_hours": 0.15402, "loss": 0.53514937, "lr": 0.00066937, "params": 5321, "time_iter": 0.06431, "accuracy": 0.76978, "precision": 0.77778, "recall": 0.57798, "f1": 0.66316, "auc": 0.79477}
{"epoch": 40, "time_epoch": 8.93574, "eta": 544.7967, "eta_hours": 0.15133, "loss": 0.53061842, "lr": 0.00065451, "params": 5321, "time_iter": 0.06429, "accuracy": 0.77518, "precision": 0.78182, "recall": 0.59174, "f1": 0.67363, "auc": 0.80441}
{"epoch": 41, "time_epoch": 8.94544, "eta": 535.16459, "eta_hours": 0.14866, "loss": 0.56640343, "lr": 0.0006395, "params": 5321, "time_iter": 0.06436, "accuracy": 0.75, "precision": 0.74534, "recall": 0.55046, "f1": 0.63325, "auc": 0.7706}
{"epoch": 42, "time_epoch": 8.93075, "eta": 525.54494, "eta_hours": 0.14598, "loss": 0.55465823, "lr": 0.00062434, "params": 5321, "time_iter": 0.06425, "accuracy": 0.76619, "precision": 0.77848, "recall": 0.56422, "f1": 0.65426, "auc": 0.77273}
{"epoch": 43, "time_epoch": 8.93014, "eta": 515.95583, "eta_hours": 0.14332, "loss": 0.55836405, "lr": 0.00060907, "params": 5321, "time_iter": 0.06425, "accuracy": 0.7518, "precision": 0.74691, "recall": 0.55505, "f1": 0.63684, "auc": 0.7774}
{"epoch": 44, "time_epoch": 8.92525, "eta": 506.39003, "eta_hours": 0.14066, "loss": 0.51363843, "lr": 0.00059369, "params": 5321, "time_iter": 0.06421, "accuracy": 0.76259, "precision": 0.74713, "recall": 0.59633, "f1": 0.66327, "auc": 0.80828}
{"epoch": 45, "time_epoch": 8.92794, "eta": 496.85524, "eta_hours": 0.13802, "loss": 0.54802044, "lr": 0.00057822, "params": 5321, "time_iter": 0.06423, "accuracy": 0.75, "precision": 0.74233, "recall": 0.55505, "f1": 0.63517, "auc": 0.79658}
{"epoch": 46, "time_epoch": 8.93909, "eta": 487.35884, "eta_hours": 0.13538, "loss": 0.54259573, "lr": 0.00056267, "params": 5321, "time_iter": 0.06431, "accuracy": 0.76259, "precision": 0.76543, "recall": 0.56881, "f1": 0.65263, "auc": 0.78947}
{"epoch": 47, "time_epoch": 8.94773, "eta": 477.89503, "eta_hours": 0.13275, "loss": 0.54597457, "lr": 0.00054705, "params": 5321, "time_iter": 0.06437, "accuracy": 0.76079, "precision": 0.74286, "recall": 0.59633, "f1": 0.66158, "auc": 0.78784}
{"epoch": 48, "time_epoch": 8.93263, "eta": 468.43656, "eta_hours": 0.13012, "loss": 0.56095685, "lr": 0.0005314, "params": 5321, "time_iter": 0.06426, "accuracy": 0.73921, "precision": 0.69945, "recall": 0.58716, "f1": 0.6384, "auc": 0.77245}
{"epoch": 49, "time_epoch": 8.92679, "eta": 458.99329, "eta_hours": 0.1275, "loss": 0.53760608, "lr": 0.00051571, "params": 5321, "time_iter": 0.06422, "accuracy": 0.77338, "precision": 0.77059, "recall": 0.60092, "f1": 0.67526, "auc": 0.78598}
{"epoch": 50, "time_epoch": 8.93674, "eta": 449.57984, "eta_hours": 0.12488, "loss": 0.52490967, "lr": 0.0005, "params": 5321, "time_iter": 0.06429, "accuracy": 0.76439, "precision": 0.77019, "recall": 0.56881, "f1": 0.65435, "auc": 0.79952}
{"epoch": 51, "time_epoch": 8.94124, "eta": 440.18887, "eta_hours": 0.12227, "loss": 0.52938959, "lr": 0.00048429, "params": 5321, "time_iter": 0.06433, "accuracy": 0.7518, "precision": 0.71978, "recall": 0.60092, "f1": 0.655, "auc": 0.81353}
{"epoch": 52, "time_epoch": 8.93444, "eta": 430.80884, "eta_hours": 0.11967, "loss": 0.54894702, "lr": 0.0004686, "params": 5321, "time_iter": 0.06428, "accuracy": 0.77698, "precision": 0.77647, "recall": 0.6055, "f1": 0.68041, "auc": 0.79153}
{"epoch": 53, "time_epoch": 8.92405, "eta": 421.43647, "eta_hours": 0.11707, "loss": 0.54346681, "lr": 0.00045295, "params": 5321, "time_iter": 0.0642, "accuracy": 0.7536, "precision": 0.72376, "recall": 0.60092, "f1": 0.65664, "auc": 0.79773}
{"epoch": 54, "time_epoch": 8.93575, "eta": 412.08997, "eta_hours": 0.11447, "loss": 0.5523973, "lr": 0.00043733, "params": 5321, "time_iter": 0.06429, "accuracy": 0.7446, "precision": 0.77536, "recall": 0.49083, "f1": 0.60112, "auc": 0.77634}
{"epoch": 55, "time_epoch": 8.95258, "eta": 402.77136, "eta_hours": 0.11188, "loss": 0.56924654, "lr": 0.00042178, "params": 5321, "time_iter": 0.06441, "accuracy": 0.75719, "precision": 0.76433, "recall": 0.55046, "f1": 0.64, "auc": 0.77129}
{"epoch": 56, "time_epoch": 8.91153, "eta": 393.43463, "eta_hours": 0.10929, "loss": 0.55108583, "lr": 0.00040631, "params": 5321, "time_iter": 0.06411, "accuracy": 0.7464, "precision": 0.72781, "recall": 0.56422, "f1": 0.63566, "auc": 0.77968}
{"epoch": 57, "time_epoch": 8.943, "eta": 384.13535, "eta_hours": 0.1067, "loss": 0.5337437, "lr": 0.00039093, "params": 5321, "time_iter": 0.06434, "accuracy": 0.76619, "precision": 0.775, "recall": 0.56881, "f1": 0.65608, "auc": 0.79438}
{"epoch": 58, "time_epoch": 8.94571, "eta": 374.85004, "eta_hours": 0.10413, "loss": 0.5379187, "lr": 0.00037566, "params": 5321, "time_iter": 0.06436, "accuracy": 0.7554, "precision": 0.77703, "recall": 0.52752, "f1": 0.62842, "auc": 0.79105}
{"epoch": 59, "time_epoch": 8.92363, "eta": 365.56131, "eta_hours": 0.10154, "loss": 0.57484781, "lr": 0.0003605, "params": 5321, "time_iter": 0.0642, "accuracy": 0.75719, "precision": 0.7485, "recall": 0.57339, "f1": 0.64935, "auc": 0.76516}
{"epoch": 60, "time_epoch": 8.93634, "eta": 356.29269, "eta_hours": 0.09897, "loss": 0.54955279, "lr": 0.00034549, "params": 5321, "time_iter": 0.06429, "accuracy": 0.77158, "precision": 0.78981, "recall": 0.56881, "f1": 0.66133, "auc": 0.78622}
{"epoch": 61, "time_epoch": 8.9329, "eta": 347.03268, "eta_hours": 0.0964, "loss": 0.5593629, "lr": 0.00033063, "params": 5321, "time_iter": 0.06427, "accuracy": 0.7464, "precision": 0.71751, "recall": 0.58257, "f1": 0.64304, "auc": 0.78024}
{"epoch": 62, "time_epoch": 8.92681, "eta": 337.77948, "eta_hours": 0.09383, "loss": 0.53424547, "lr": 0.00031594, "params": 5321, "time_iter": 0.06422, "accuracy": 0.77338, "precision": 0.78049, "recall": 0.58716, "f1": 0.67016, "auc": 0.77976}
{"epoch": 63, "time_epoch": 8.92936, "eta": 328.53791, "eta_hours": 0.09126, "loss": 0.52665445, "lr": 0.00030143, "params": 5321, "time_iter": 0.06424, "accuracy": 0.77338, "precision": 0.7987, "recall": 0.56422, "f1": 0.66129, "auc": 0.79271}
{"epoch": 64, "time_epoch": 8.90929, "eta": 319.29514, "eta_hours": 0.08869, "loss": 0.558045, "lr": 0.00028711, "params": 5321, "time_iter": 0.0641, "accuracy": 0.7554, "precision": 0.73563, "recall": 0.58716, "f1": 0.65306, "auc": 0.78172}
{"epoch": 65, "time_epoch": 8.93797, "eta": 310.07724, "eta_hours": 0.08613, "loss": 0.51958291, "lr": 0.000273, "params": 5321, "time_iter": 0.0643, "accuracy": 0.77338, "precision": 0.77059, "recall": 0.60092, "f1": 0.67526, "auc": 0.7997}
{"epoch": 66, "time_epoch": 8.91684, "eta": 300.8573, "eta_hours": 0.08357, "loss": 0.54333241, "lr": 0.00025912, "params": 5321, "time_iter": 0.06415, "accuracy": 0.76439, "precision": 0.76687, "recall": 0.57339, "f1": 0.65617, "auc": 0.78356}
{"epoch": 67, "time_epoch": 8.92253, "eta": 291.64895, "eta_hours": 0.08101, "loss": 0.54030079, "lr": 0.00024548, "params": 5321, "time_iter": 0.06419, "accuracy": 0.78597, "precision": 0.79641, "recall": 0.61009, "f1": 0.69091, "auc": 0.7976}
{"epoch": 68, "time_epoch": 8.92626, "eta": 282.45056, "eta_hours": 0.07846, "loss": 0.542713, "lr": 0.00023209, "params": 5321, "time_iter": 0.06422, "accuracy": 0.7482, "precision": 0.7378, "recall": 0.55505, "f1": 0.63351, "auc": 0.79275}
{"epoch": 69, "time_epoch": 8.95033, "eta": 273.27026, "eta_hours": 0.07591, "loss": 0.53809811, "lr": 0.00021896, "params": 5321, "time_iter": 0.06439, "accuracy": 0.75899, "precision": 0.74419, "recall": 0.58716, "f1": 0.65641, "auc": 0.79912}
{"epoch": 70, "time_epoch": 8.9278, "eta": 264.08724, "eta_hours": 0.07336, "loss": 0.51168485, "lr": 0.00020611, "params": 5321, "time_iter": 0.06423, "accuracy": 0.76439, "precision": 0.74857, "recall": 0.60092, "f1": 0.66667, "auc": 0.81176}
{"epoch": 71, "time_epoch": 9.03162, "eta": 254.95168, "eta_hours": 0.07082, "loss": 0.50283216, "lr": 0.00019355, "params": 5321, "time_iter": 0.06498, "accuracy": 0.77518, "precision": 0.78182, "recall": 0.59174, "f1": 0.67363, "auc": 0.81795}
{"epoch": 72, "time_epoch": 8.92219, "eta": 245.77849, "eta_hours": 0.06827, "loss": 0.55805644, "lr": 0.00018129, "params": 5321, "time_iter": 0.06419, "accuracy": 0.76079, "precision": 0.76074, "recall": 0.56881, "f1": 0.65092, "auc": 0.77675}
{"epoch": 73, "time_epoch": 8.92872, "eta": 236.61439, "eta_hours": 0.06573, "loss": 0.52885229, "lr": 0.00016934, "params": 5321, "time_iter": 0.06424, "accuracy": 0.7518, "precision": 0.75, "recall": 0.55046, "f1": 0.63492, "auc": 0.79537}
{"epoch": 74, "time_epoch": 8.91582, "eta": 227.45226, "eta_hours": 0.06318, "loss": 0.56208193, "lr": 0.00015773, "params": 5321, "time_iter": 0.06414, "accuracy": 0.7554, "precision": 0.75309, "recall": 0.55963, "f1": 0.64211, "auc": 0.77355}
{"epoch": 75, "time_epoch": 8.9203, "eta": 218.29802, "eta_hours": 0.06064, "loss": 0.52597428, "lr": 0.00014645, "params": 5321, "time_iter": 0.06417, "accuracy": 0.77158, "precision": 0.77914, "recall": 0.58257, "f1": 0.66667, "auc": 0.79834}
{"epoch": 76, "time_epoch": 8.91854, "eta": 209.14934, "eta_hours": 0.0581, "loss": 0.52808223, "lr": 0.00013552, "params": 5321, "time_iter": 0.06416, "accuracy": 0.7482, "precision": 0.74074, "recall": 0.55046, "f1": 0.63158, "auc": 0.79765}
{"epoch": 77, "time_epoch": 8.91777, "eta": 200.00634, "eta_hours": 0.05556, "loss": 0.5048026, "lr": 0.00012494, "params": 5321, "time_iter": 0.06416, "accuracy": 0.76259, "precision": 0.75595, "recall": 0.58257, "f1": 0.65803, "auc": 0.80856}
{"epoch": 78, "time_epoch": 8.91759, "eta": 190.86899, "eta_hours": 0.05302, "loss": 0.4979489, "lr": 0.00011474, "params": 5321, "time_iter": 0.06416, "accuracy": 0.76799, "precision": 0.7697, "recall": 0.58257, "f1": 0.66319, "auc": 0.82396}
{"epoch": 79, "time_epoch": 8.92731, "eta": 181.73957, "eta_hours": 0.05048, "loss": 0.52273912, "lr": 0.00010492, "params": 5321, "time_iter": 0.06423, "accuracy": 0.76799, "precision": 0.75723, "recall": 0.60092, "f1": 0.67008, "auc": 0.80312}
{"epoch": 80, "time_epoch": 8.91882, "eta": 172.61315, "eta_hours": 0.04795, "loss": 0.52939293, "lr": 9.549e-05, "params": 5321, "time_iter": 0.06416, "accuracy": 0.75, "precision": 0.72832, "recall": 0.57798, "f1": 0.6445, "auc": 0.80518}
{"epoch": 81, "time_epoch": 8.93462, "eta": 163.49526, "eta_hours": 0.04542, "loss": 0.5396822, "lr": 8.646e-05, "params": 5321, "time_iter": 0.06428, "accuracy": 0.78058, "precision": 0.7963, "recall": 0.59174, "f1": 0.67895, "auc": 0.79134}
{"epoch": 82, "time_epoch": 8.93567, "eta": 154.382, "eta_hours": 0.04288, "loss": 0.54861753, "lr": 7.784e-05, "params": 5321, "time_iter": 0.06429, "accuracy": 0.76799, "precision": 0.76331, "recall": 0.59174, "f1": 0.66667, "auc": 0.78615}
{"epoch": 83, "time_epoch": 8.95048, "eta": 145.27579, "eta_hours": 0.04035, "loss": 0.53820919, "lr": 6.963e-05, "params": 5321, "time_iter": 0.06439, "accuracy": 0.77158, "precision": 0.77576, "recall": 0.58716, "f1": 0.66841, "auc": 0.79095}
{"epoch": 84, "time_epoch": 8.90807, "eta": 136.16576, "eta_hours": 0.03782, "loss": 0.53708786, "lr": 6.185e-05, "params": 5321, "time_iter": 0.06409, "accuracy": 0.77158, "precision": 0.77246, "recall": 0.59174, "f1": 0.67013, "auc": 0.78725}
{"epoch": 85, "time_epoch": 8.92024, "eta": 127.0624, "eta_hours": 0.0353, "loss": 0.54621473, "lr": 5.45e-05, "params": 5321, "time_iter": 0.06417, "accuracy": 0.7554, "precision": 0.74405, "recall": 0.57339, "f1": 0.64767, "auc": 0.78819}
{"epoch": 86, "time_epoch": 8.92982, "eta": 117.96469, "eta_hours": 0.03277, "loss": 0.52543549, "lr": 4.759e-05, "params": 5321, "time_iter": 0.06424, "accuracy": 0.77518, "precision": 0.76571, "recall": 0.61468, "f1": 0.68193, "auc": 0.79969}
{"epoch": 87, "time_epoch": 8.90873, "eta": 108.86792, "eta_hours": 0.03024, "loss": 0.509652, "lr": 4.112e-05, "params": 5321, "time_iter": 0.06409, "accuracy": 0.78597, "precision": 0.78947, "recall": 0.61927, "f1": 0.69409, "auc": 0.81592}
{"epoch": 88, "time_epoch": 8.92965, "eta": 99.77796, "eta_hours": 0.02772, "loss": 0.53200801, "lr": 3.511e-05, "params": 5321, "time_iter": 0.06424, "accuracy": 0.76079, "precision": 0.74286, "recall": 0.59633, "f1": 0.66158, "auc": 0.79089}
{"epoch": 89, "time_epoch": 8.91911, "eta": 90.69039, "eta_hours": 0.02519, "loss": 0.52204908, "lr": 2.956e-05, "params": 5321, "time_iter": 0.06417, "accuracy": 0.76619, "precision": 0.75581, "recall": 0.59633, "f1": 0.66667, "auc": 0.80726}
{"epoch": 90, "time_epoch": 8.92906, "eta": 81.60751, "eta_hours": 0.02267, "loss": 0.52104927, "lr": 2.447e-05, "params": 5321, "time_iter": 0.06424, "accuracy": 0.78058, "precision": 0.78571, "recall": 0.6055, "f1": 0.68394, "auc": 0.80701}
{"epoch": 91, "time_epoch": 8.91903, "eta": 72.52709, "eta_hours": 0.02015, "loss": 0.51640851, "lr": 1.985e-05, "params": 5321, "time_iter": 0.06417, "accuracy": 0.78237, "precision": 0.79755, "recall": 0.59633, "f1": 0.68241, "auc": 0.80338}
{"epoch": 92, "time_epoch": 8.91564, "eta": 63.4499, "eta_hours": 0.01762, "loss": 0.50707392, "lr": 1.571e-05, "params": 5321, "time_iter": 0.06414, "accuracy": 0.79137, "precision": 0.7931, "recall": 0.63303, "f1": 0.70408, "auc": 0.81115}
{"epoch": 93, "time_epoch": 8.91355, "eta": 54.37601, "eta_hours": 0.0151, "loss": 0.54257999, "lr": 1.204e-05, "params": 5321, "time_iter": 0.06413, "accuracy": 0.76439, "precision": 0.76048, "recall": 0.58257, "f1": 0.65974, "auc": 0.77596}
{"epoch": 94, "time_epoch": 8.93927, "eta": 45.30684, "eta_hours": 0.01259, "loss": 0.53107545, "lr": 8.86e-06, "params": 5321, "time_iter": 0.06431, "accuracy": 0.76079, "precision": 0.74854, "recall": 0.58716, "f1": 0.6581, "auc": 0.80297}
{"epoch": 95, "time_epoch": 8.92283, "eta": 36.2397, "eta_hours": 0.01007, "loss": 0.51824576, "lr": 6.16e-06, "params": 5321, "time_iter": 0.06419, "accuracy": 0.77158, "precision": 0.78261, "recall": 0.57798, "f1": 0.66491, "auc": 0.80271}
{"epoch": 96, "time_epoch": 8.90219, "eta": 27.1749, "eta_hours": 0.00755, "loss": 0.53240811, "lr": 3.94e-06, "params": 5321, "time_iter": 0.06404, "accuracy": 0.76439, "precision": 0.77358, "recall": 0.56422, "f1": 0.65252, "auc": 0.79507}
{"epoch": 97, "time_epoch": 8.89744, "eta": 18.11332, "eta_hours": 0.00503, "loss": 0.50961962, "lr": 2.22e-06, "params": 5321, "time_iter": 0.06401, "accuracy": 0.77338, "precision": 0.76744, "recall": 0.6055, "f1": 0.67692, "auc": 0.81204}
{"epoch": 98, "time_epoch": 8.9402, "eta": 9.05548, "eta_hours": 0.00252, "loss": 0.49850996, "lr": 9.9e-07, "params": 5321, "time_iter": 0.06432, "accuracy": 0.78237, "precision": 0.77714, "recall": 0.62385, "f1": 0.69211, "auc": 0.82576}
{"epoch": 99, "time_epoch": 8.91657, "eta": 0.0, "eta_hours": 0.0, "loss": 0.51170024, "lr": 2.5e-07, "params": 5321, "time_iter": 0.06415, "accuracy": 0.76978, "precision": 0.76786, "recall": 0.59174, "f1": 0.66839, "auc": 0.80862}
