{"epoch": 0, "time_epoch": 6.5329, "eta": 646.75704, "eta_hours": 0.17965, "loss": 0.69618639, "lr": 0.001, "params": 8313, "time_iter": 0.5939, "accuracy": 0.47619, "precision": 0.47619, "recall": 1.0, "f1": 0.64516, "auc": 0.41591}
{"epoch": 1, "time_epoch": 7.67182, "eta": 696.0312, "eta_hours": 0.19334, "loss": 0.69530375, "lr": 0.00099975, "params": 8313, "time_iter": 0.69744, "accuracy": 0.47619, "precision": 0.47619, "recall": 1.0, "f1": 0.64516, "auc": 0.47727}
{"epoch": 2, "time_epoch": 0.60812, "eta": 478.94839, "eta_hours": 0.13304, "loss": 0.69489562, "lr": 0.00099901, "params": 8313, "time_iter": 0.05528, "accuracy": 0.47619, "precision": 0.47619, "recall": 1.0, "f1": 0.64516, "auc": 0.52727}
{"epoch": 3, "time_epoch": 0.60831, "eta": 370.10742, "eta_hours": 0.10281, "loss": 0.69402105, "lr": 0.00099778, "params": 8313, "time_iter": 0.0553, "accuracy": 0.47619, "precision": 0.47619, "recall": 1.0, "f1": 0.64516, "auc": 0.53864}
{"epoch": 4, "time_epoch": 0.67237, "eta": 305.77665, "eta_hours": 0.08494, "loss": 0.69351625, "lr": 0.00099606, "params": 8313, "time_iter": 0.06112, "accuracy": 0.47619, "precision": 0.47619, "recall": 1.0, "f1": 0.64516, "auc": 0.53409}
{"epoch": 5, "time_epoch": 0.67264, "eta": 262.66971, "eta_hours": 0.07296, "loss": 0.69280676, "lr": 0.00099384, "params": 8313, "time_iter": 0.06115, "accuracy": 0.5, "precision": 0.4878, "recall": 1.0, "f1": 0.65574, "auc": 0.61136}
{"epoch": 6, "time_epoch": 0.67668, "eta": 231.74054, "eta_hours": 0.06437, "loss": 0.69156635, "lr": 0.00099114, "params": 8313, "time_iter": 0.06152, "accuracy": 0.66667, "precision": 0.60714, "recall": 0.85, "f1": 0.70833, "auc": 0.64091}
{"epoch": 7, "time_epoch": 0.67714, "eta": 208.37977, "eta_hours": 0.05788, "loss": 0.688187, "lr": 0.00098796, "params": 8313, "time_iter": 0.06156, "accuracy": 0.66667, "precision": 0.66667, "recall": 0.6, "f1": 0.63158, "auc": 0.71591}
{"epoch": 8, "time_epoch": 0.68057, "eta": 190.09445, "eta_hours": 0.0528, "loss": 0.68339305, "lr": 0.00098429, "params": 8313, "time_iter": 0.06187, "accuracy": 0.64286, "precision": 0.63158, "recall": 0.6, "f1": 0.61538, "auc": 0.75682}
{"epoch": 9, "time_epoch": 0.68154, "eta": 175.33885, "eta_hours": 0.04871, "loss": 0.67079488, "lr": 0.00098015, "params": 8313, "time_iter": 0.06196, "accuracy": 0.7381, "precision": 0.76471, "recall": 0.65, "f1": 0.7027, "auc": 0.85}
{"epoch": 10, "time_epoch": 0.67336, "eta": 163.07599, "eta_hours": 0.0453, "loss": 0.65683319, "lr": 0.00097553, "params": 8313, "time_iter": 0.06121, "accuracy": 0.7619, "precision": 0.8125, "recall": 0.65, "f1": 0.72222, "auc": 0.81818}
{"epoch": 11, "time_epoch": 0.67393, "eta": 152.74887, "eta_hours": 0.04243, "loss": 0.62772825, "lr": 0.00097044, "params": 8313, "time_iter": 0.06127, "accuracy": 0.78571, "precision": 0.82353, "recall": 0.7, "f1": 0.75676, "auc": 0.88636}
{"epoch": 12, "time_epoch": 0.67043, "eta": 143.88343, "eta_hours": 0.03997, "loss": 0.62031481, "lr": 0.00096489, "params": 8313, "time_iter": 0.06095, "accuracy": 0.7619, "precision": 0.77778, "recall": 0.7, "f1": 0.73684, "auc": 0.81591}
{"epoch": 13, "time_epoch": 0.67, "eta": 136.18603, "eta_hours": 0.03783, "loss": 0.57115172, "lr": 0.00095888, "params": 8313, "time_iter": 0.06091, "accuracy": 0.71429, "precision": 0.72222, "recall": 0.65, "f1": 0.68421, "auc": 0.85682}
{"epoch": 14, "time_epoch": 0.67221, "eta": 129.43817, "eta_hours": 0.03596, "loss": 0.53148738, "lr": 0.00095241, "params": 8313, "time_iter": 0.06111, "accuracy": 0.7619, "precision": 0.75, "recall": 0.75, "f1": 0.75, "auc": 0.87727}
{"epoch": 15, "time_epoch": 0.68412, "eta": 123.51228, "eta_hours": 0.03431, "loss": 0.48879314, "lr": 0.0009455, "params": 8313, "time_iter": 0.06219, "accuracy": 0.7381, "precision": 0.73684, "recall": 0.7, "f1": 0.71795, "auc": 0.88864}
{"epoch": 16, "time_epoch": 0.67156, "eta": 118.14177, "eta_hours": 0.03282, "loss": 0.44442243, "lr": 0.00093815, "params": 8313, "time_iter": 0.06105, "accuracy": 0.83333, "precision": 0.88235, "recall": 0.75, "f1": 0.81081, "auc": 0.89773}
{"epoch": 17, "time_epoch": 0.67605, "eta": 113.3138, "eta_hours": 0.03148, "loss": 0.47240833, "lr": 0.00093037, "params": 8313, "time_iter": 0.06146, "accuracy": 0.7619, "precision": 0.77778, "recall": 0.7, "f1": 0.73684, "auc": 0.85455}
{"epoch": 18, "time_epoch": 0.6872, "eta": 108.97042, "eta_hours": 0.03027, "loss": 0.38766445, "lr": 0.00092216, "params": 8313, "time_iter": 0.06247, "accuracy": 0.7619, "precision": 0.8125, "recall": 0.65, "f1": 0.72222, "auc": 0.94091}
{"epoch": 19, "time_epoch": 0.67189, "eta": 104.93142, "eta_hours": 0.02915, "loss": 0.35700895, "lr": 0.00091354, "params": 8313, "time_iter": 0.06108, "accuracy": 0.83333, "precision": 0.84211, "recall": 0.8, "f1": 0.82051, "auc": 0.94545}
{"epoch": 20, "time_epoch": 0.67107, "eta": 101.21, "eta_hours": 0.02811, "loss": 0.27259457, "lr": 0.00090451, "params": 8313, "time_iter": 0.06101, "accuracy": 0.88095, "precision": 0.89474, "recall": 0.85, "f1": 0.87179, "auc": 0.975}
{"epoch": 21, "time_epoch": 0.67174, "eta": 97.76828, "eta_hours": 0.02716, "loss": 0.32682194, "lr": 0.00089508, "params": 8313, "time_iter": 0.06107, "accuracy": 0.88095, "precision": 0.94118, "recall": 0.8, "f1": 0.86486, "auc": 0.93409}
{"epoch": 22, "time_epoch": 0.67143, "eta": 94.56636, "eta_hours": 0.02627, "loss": 0.19632488, "lr": 0.00088526, "params": 8313, "time_iter": 0.06104, "accuracy": 0.97619, "precision": 0.95238, "recall": 1.0, "f1": 0.97561, "auc": 0.99773}
{"epoch": 23, "time_epoch": 0.67006, "eta": 91.57098, "eta_hours": 0.02544, "loss": 0.18821452, "lr": 0.00087506, "params": 8313, "time_iter": 0.06091, "accuracy": 0.95238, "precision": 0.95, "recall": 0.95, "f1": 0.95, "auc": 0.98636}
{"epoch": 24, "time_epoch": 0.67933, "eta": 88.78945, "eta_hours": 0.02466, "loss": 0.30807799, "lr": 0.00086448, "params": 8313, "time_iter": 0.06176, "accuracy": 0.88095, "precision": 0.89474, "recall": 0.85, "f1": 0.87179, "auc": 0.92955}
{"epoch": 25, "time_epoch": 0.67656, "eta": 86.16172, "eta_hours": 0.02393, "loss": 0.4100554, "lr": 0.00085355, "params": 8313, "time_iter": 0.06151, "accuracy": 0.80952, "precision": 0.8, "recall": 0.8, "f1": 0.8, "auc": 0.91136}
{"epoch": 26, "time_epoch": 0.67852, "eta": 83.68384, "eta_hours": 0.02325, "loss": 0.28539371, "lr": 0.00084227, "params": 8313, "time_iter": 0.06168, "accuracy": 0.85714, "precision": 0.88889, "recall": 0.8, "f1": 0.84211, "auc": 0.95682}
{"epoch": 27, "time_epoch": 0.685, "eta": 81.35114, "eta_hours": 0.0226, "loss": 0.30022808, "lr": 0.00083066, "params": 8313, "time_iter": 0.06227, "accuracy": 0.85714, "precision": 0.88889, "recall": 0.8, "f1": 0.84211, "auc": 0.94545}
{"epoch": 28, "time_epoch": 0.67179, "eta": 79.09975, "eta_hours": 0.02197, "loss": 0.35982684, "lr": 0.00081871, "params": 8313, "time_iter": 0.06107, "accuracy": 0.85714, "precision": 0.81818, "recall": 0.9, "f1": 0.85714, "auc": 0.92955}
{"epoch": 29, "time_epoch": 0.67129, "eta": 76.95249, "eta_hours": 0.02138, "loss": 0.23814429, "lr": 0.00080645, "params": 8313, "time_iter": 0.06103, "accuracy": 0.88095, "precision": 0.94118, "recall": 0.8, "f1": 0.86486, "auc": 0.96591}
{"epoch": 30, "time_epoch": 0.66981, "eta": 74.89716, "eta_hours": 0.0208, "loss": 0.1083605, "lr": 0.00079389, "params": 8313, "time_iter": 0.06089, "accuracy": 0.97619, "precision": 1.0, "recall": 0.95, "f1": 0.97436, "auc": 0.99318}
{"epoch": 31, "time_epoch": 0.66773, "eta": 72.924, "eta_hours": 0.02026, "loss": 0.22916649, "lr": 0.00078104, "params": 8313, "time_iter": 0.0607, "accuracy": 0.90476, "precision": 0.86364, "recall": 0.95, "f1": 0.90476, "auc": 0.96591}
{"epoch": 32, "time_epoch": 0.67423, "eta": 71.04316, "eta_hours": 0.01973, "loss": 0.25547146, "lr": 0.00076791, "params": 8313, "time_iter": 0.06129, "accuracy": 0.88095, "precision": 0.85714, "recall": 0.9, "f1": 0.87805, "auc": 0.96591}
{"epoch": 33, "time_epoch": 0.67055, "eta": 69.22614, "eta_hours": 0.01923, "loss": 0.31791805, "lr": 0.00075452, "params": 8313, "time_iter": 0.06096, "accuracy": 0.83333, "precision": 0.88235, "recall": 0.75, "f1": 0.81081, "auc": 0.96364}
{"epoch": 34, "time_epoch": 0.67541, "eta": 67.48367, "eta_hours": 0.01875, "loss": 0.33994397, "lr": 0.00074088, "params": 8313, "time_iter": 0.0614, "accuracy": 0.88095, "precision": 0.89474, "recall": 0.85, "f1": 0.87179, "auc": 0.93636}
{"epoch": 35, "time_epoch": 0.68031, "eta": 65.8092, "eta_hours": 0.01828, "loss": 0.16806372, "lr": 0.000727, "params": 8313, "time_iter": 0.06185, "accuracy": 0.90476, "precision": 0.9, "recall": 0.9, "f1": 0.9, "auc": 0.97955}
{"epoch": 36, "time_epoch": 0.67788, "eta": 64.18432, "eta_hours": 0.01783, "loss": 0.0453745, "lr": 0.00071289, "params": 8313, "time_iter": 0.06163, "accuracy": 1.0, "precision": 1.0, "recall": 1.0, "f1": 1.0, "auc": 1.0}
{"epoch": 37, "time_epoch": 0.67548, "eta": 62.60538, "eta_hours": 0.01739, "loss": 0.23746224, "lr": 0.00069857, "params": 8313, "time_iter": 0.06141, "accuracy": 0.95238, "precision": 0.95, "recall": 0.95, "f1": 0.95, "auc": 0.95909}
{"epoch": 38, "time_epoch": 0.6746, "eta": 61.07138, "eta_hours": 0.01696, "loss": 0.1597578, "lr": 0.00068406, "params": 8313, "time_iter": 0.06133, "accuracy": 0.92857, "precision": 0.90476, "recall": 0.95, "f1": 0.92683, "auc": 0.98864}
{"epoch": 39, "time_epoch": 0.67588, "eta": 59.58229, "eta_hours": 0.01655, "loss": 0.09452709, "lr": 0.00066937, "params": 8313, "time_iter": 0.06144, "accuracy": 0.97619, "precision": 0.95238, "recall": 1.0, "f1": 0.97561, "auc": 0.99773}
{"epoch": 40, "time_epoch": 0.67547, "eta": 58.13226, "eta_hours": 0.01615, "loss": 0.28982786, "lr": 0.00065451, "params": 8313, "time_iter": 0.06141, "accuracy": 0.85714, "precision": 0.81818, "recall": 0.9, "f1": 0.85714, "auc": 0.96136}
{"epoch": 41, "time_epoch": 0.67476, "eta": 56.71814, "eta_hours": 0.01576, "loss": 0.06033616, "lr": 0.0006395, "params": 8313, "time_iter": 0.06134, "accuracy": 0.97619, "precision": 1.0, "recall": 0.95, "f1": 0.97436, "auc": 1.0}
{"epoch": 42, "time_epoch": 0.6675, "eta": 55.32878, "eta_hours": 0.01537, "loss": 0.20406985, "lr": 0.00062434, "params": 8313, "time_iter": 0.06068, "accuracy": 0.90476, "precision": 0.86364, "recall": 0.95, "f1": 0.90476, "auc": 0.98409}
{"epoch": 43, "time_epoch": 0.67572, "eta": 53.9827, "eta_hours": 0.015, "loss": 0.10644246, "lr": 0.00060907, "params": 8313, "time_iter": 0.06143, "accuracy": 0.97619, "precision": 1.0, "recall": 0.95, "f1": 0.97436, "auc": 0.99318}
{"epoch": 44, "time_epoch": 0.66954, "eta": 52.65886, "eta_hours": 0.01463, "loss": 0.09969223, "lr": 0.00059369, "params": 8313, "time_iter": 0.06087, "accuracy": 0.97619, "precision": 0.95238, "recall": 1.0, "f1": 0.97561, "auc": 0.99091}
{"epoch": 45, "time_epoch": 0.67194, "eta": 51.36628, "eta_hours": 0.01427, "loss": 0.16464574, "lr": 0.00057822, "params": 8313, "time_iter": 0.06109, "accuracy": 0.95238, "precision": 0.95, "recall": 0.95, "f1": 0.95, "auc": 0.97727}
{"epoch": 46, "time_epoch": 0.68232, "eta": 50.11182, "eta_hours": 0.01392, "loss": 0.22356024, "lr": 0.00056267, "params": 8313, "time_iter": 0.06203, "accuracy": 0.90476, "precision": 0.9, "recall": 0.9, "f1": 0.9, "auc": 0.96591}
{"epoch": 47, "time_epoch": 0.66983, "eta": 48.86767, "eta_hours": 0.01357, "loss": 0.02553609, "lr": 0.00054705, "params": 8313, "time_iter": 0.06089, "accuracy": 1.0, "precision": 1.0, "recall": 1.0, "f1": 1.0, "auc": 1.0}
{"epoch": 48, "time_epoch": 0.67177, "eta": 47.64898, "eta_hours": 0.01324, "loss": 0.12882491, "lr": 0.0005314, "params": 8313, "time_iter": 0.06107, "accuracy": 0.92857, "precision": 0.90476, "recall": 0.95, "f1": 0.92683, "auc": 0.99545}
{"epoch": 49, "time_epoch": 0.6737, "eta": 46.45409, "eta_hours": 0.0129, "loss": 0.08563249, "lr": 0.00051571, "params": 8313, "time_iter": 0.06125, "accuracy": 0.97619, "precision": 1.0, "recall": 0.95, "f1": 0.97436, "auc": 0.99545}
{"epoch": 50, "time_epoch": 0.67093, "eta": 45.27698, "eta_hours": 0.01258, "loss": 0.24561924, "lr": 0.0005, "params": 8313, "time_iter": 0.06099, "accuracy": 0.88095, "precision": 0.89474, "recall": 0.85, "f1": 0.87179, "auc": 0.96818}
{"epoch": 51, "time_epoch": 0.66929, "eta": 44.11782, "eta_hours": 0.01225, "loss": 0.01909933, "lr": 0.00048429, "params": 8313, "time_iter": 0.06084, "accuracy": 1.0, "precision": 1.0, "recall": 1.0, "f1": 1.0, "auc": 1.0}
{"epoch": 52, "time_epoch": 0.66818, "eta": 42.97616, "eta_hours": 0.01194, "loss": 0.09443587, "lr": 0.0004686, "params": 8313, "time_iter": 0.06074, "accuracy": 0.97619, "precision": 0.95238, "recall": 1.0, "f1": 0.97561, "auc": 0.99773}
{"epoch": 53, "time_epoch": 0.67874, "eta": 41.86104, "eta_hours": 0.01163, "loss": 0.08364491, "lr": 0.00045295, "params": 8313, "time_iter": 0.0617, "accuracy": 0.95238, "precision": 0.95, "recall": 0.95, "f1": 0.95, "auc": 0.99545}
{"epoch": 54, "time_epoch": 0.67295, "eta": 40.75705, "eta_hours": 0.01132, "loss": 0.24294242, "lr": 0.00043733, "params": 8313, "time_iter": 0.06118, "accuracy": 0.90476, "precision": 0.94444, "recall": 0.85, "f1": 0.89474, "auc": 0.96818}
{"epoch": 55, "time_epoch": 0.67295, "eta": 39.66846, "eta_hours": 0.01102, "loss": 0.17528966, "lr": 0.00042178, "params": 8313, "time_iter": 0.06118, "accuracy": 0.92857, "precision": 0.90476, "recall": 0.95, "f1": 0.92683, "auc": 0.98636}
{"epoch": 56, "time_epoch": 0.67166, "eta": 38.59347, "eta_hours": 0.01072, "loss": 0.33150503, "lr": 0.00040631, "params": 8313, "time_iter": 0.06106, "accuracy": 0.90476, "precision": 0.94444, "recall": 0.85, "f1": 0.89474, "auc": 0.93182}
{"epoch": 57, "time_epoch": 0.67464, "eta": 37.53455, "eta_hours": 0.01043, "loss": 0.03946489, "lr": 0.00039093, "params": 8313, "time_iter": 0.06133, "accuracy": 0.97619, "precision": 1.0, "recall": 0.95, "f1": 0.97436, "auc": 1.0}
{"epoch": 58, "time_epoch": 0.67385, "eta": 36.48811, "eta_hours": 0.01014, "loss": 0.0333128, "lr": 0.00037566, "params": 8313, "time_iter": 0.06126, "accuracy": 1.0, "precision": 1.0, "recall": 1.0, "f1": 1.0, "auc": 1.0}
{"epoch": 59, "time_epoch": 0.67319, "eta": 35.45365, "eta_hours": 0.00985, "loss": 0.10079922, "lr": 0.0003605, "params": 8313, "time_iter": 0.0612, "accuracy": 0.97619, "precision": 0.95238, "recall": 1.0, "f1": 0.97561, "auc": 0.99545}
{"epoch": 60, "time_epoch": 0.67165, "eta": 34.43005, "eta_hours": 0.00956, "loss": 0.15836905, "lr": 0.00034549, "params": 8313, "time_iter": 0.06106, "accuracy": 0.92857, "precision": 0.94737, "recall": 0.9, "f1": 0.92308, "auc": 0.98636}
{"epoch": 61, "time_epoch": 0.67026, "eta": 33.41695, "eta_hours": 0.00928, "loss": 0.07529697, "lr": 0.00033063, "params": 8313, "time_iter": 0.06093, "accuracy": 0.95238, "precision": 0.95, "recall": 0.95, "f1": 0.95, "auc": 0.99773}
{"epoch": 62, "time_epoch": 0.67439, "eta": 32.41716, "eta_hours": 0.009, "loss": 0.34620726, "lr": 0.00031594, "params": 8313, "time_iter": 0.06131, "accuracy": 0.85714, "precision": 0.9375, "recall": 0.75, "f1": 0.83333, "auc": 0.95227}
{"epoch": 63, "time_epoch": 0.67415, "eta": 31.4274, "eta_hours": 0.00873, "loss": 0.15900404, "lr": 0.00030143, "params": 8313, "time_iter": 0.06129, "accuracy": 0.95238, "precision": 0.95, "recall": 0.95, "f1": 0.95, "auc": 0.98636}
{"epoch": 64, "time_epoch": 0.67494, "eta": 30.44778, "eta_hours": 0.00846, "loss": 0.03460184, "lr": 0.00028711, "params": 8313, "time_iter": 0.06136, "accuracy": 0.97619, "precision": 0.95238, "recall": 1.0, "f1": 0.97561, "auc": 1.0}
{"epoch": 65, "time_epoch": 0.67082, "eta": 29.47526, "eta_hours": 0.00819, "loss": 0.18456862, "lr": 0.000273, "params": 8313, "time_iter": 0.06098, "accuracy": 0.90476, "precision": 0.86364, "recall": 0.95, "f1": 0.90476, "auc": 0.98182}
{"epoch": 66, "time_epoch": 0.66972, "eta": 28.51122, "eta_hours": 0.00792, "loss": 0.05609681, "lr": 0.00025912, "params": 8313, "time_iter": 0.06088, "accuracy": 0.95238, "precision": 1.0, "recall": 0.9, "f1": 0.94737, "auc": 1.0}
{"epoch": 67, "time_epoch": 0.6736, "eta": 27.55765, "eta_hours": 0.00765, "loss": 0.03750707, "lr": 0.00024548, "params": 8313, "time_iter": 0.06124, "accuracy": 0.97619, "precision": 1.0, "recall": 0.95, "f1": 0.97436, "auc": 1.0}
{"epoch": 68, "time_epoch": 0.66832, "eta": 26.60983, "eta_hours": 0.00739, "loss": 0.0647361, "lr": 0.00023209, "params": 8313, "time_iter": 0.06076, "accuracy": 0.95238, "precision": 1.0, "recall": 0.9, "f1": 0.94737, "auc": 1.0}
{"epoch": 69, "time_epoch": 0.68079, "eta": 25.67534, "eta_hours": 0.00713, "loss": 0.13644467, "lr": 0.00021896, "params": 8313, "time_iter": 0.06189, "accuracy": 0.95238, "precision": 0.95, "recall": 0.95, "f1": 0.95, "auc": 0.99318}
{"epoch": 70, "time_epoch": 0.68463, "eta": 24.74956, "eta_hours": 0.00687, "loss": 0.06792137, "lr": 0.00020611, "params": 8313, "time_iter": 0.06224, "accuracy": 0.95238, "precision": 0.90909, "recall": 1.0, "f1": 0.95238, "auc": 1.0}
{"epoch": 71, "time_epoch": 0.66949, "eta": 23.82459, "eta_hours": 0.00662, "loss": 0.19766515, "lr": 0.00019355, "params": 8313, "time_iter": 0.06086, "accuracy": 0.90476, "precision": 1.0, "recall": 0.8, "f1": 0.88889, "auc": 0.98864}
{"epoch": 72, "time_epoch": 0.75331, "eta": 22.93763, "eta_hours": 0.00637, "loss": 0.01925409, "lr": 0.00018129, "params": 8313, "time_iter": 0.06848, "accuracy": 1.0, "precision": 1.0, "recall": 1.0, "f1": 1.0, "auc": 1.0}
{"epoch": 73, "time_epoch": 0.72559, "eta": 22.04453, "eta_hours": 0.00612, "loss": 0.1582422, "lr": 0.00016934, "params": 8313, "time_iter": 0.06596, "accuracy": 0.95238, "precision": 0.95, "recall": 0.95, "f1": 0.95, "auc": 0.98409}
{"epoch": 74, "time_epoch": 0.60161, "eta": 21.11458, "eta_hours": 0.00587, "loss": 0.31775748, "lr": 0.00015773, "params": 8313, "time_iter": 0.05469, "accuracy": 0.83333, "precision": 0.84211, "recall": 0.8, "f1": 0.82051, "auc": 0.94545}
{"epoch": 75, "time_epoch": 0.55247, "eta": 20.17775, "eta_hours": 0.0056, "loss": 0.09038454, "lr": 0.00014645, "params": 8313, "time_iter": 0.05022, "accuracy": 0.95238, "precision": 0.90909, "recall": 1.0, "f1": 0.95238, "auc": 1.0}
{"epoch": 76, "time_epoch": 0.53435, "eta": 19.24549, "eta_hours": 0.00535, "loss": 0.11489945, "lr": 0.00013552, "params": 8313, "time_iter": 0.04858, "accuracy": 0.92857, "precision": 1.0, "recall": 0.85, "f1": 0.91892, "auc": 0.99773}
{"epoch": 77, "time_epoch": 0.89185, "eta": 18.42427, "eta_hours": 0.00512, "loss": 0.15060627, "lr": 0.00012494, "params": 8313, "time_iter": 0.08108, "accuracy": 0.92857, "precision": 1.0, "recall": 0.85, "f1": 0.91892, "auc": 0.99091}
{"epoch": 78, "time_epoch": 0.66287, "eta": 17.5404, "eta_hours": 0.00487, "loss": 0.11053724, "lr": 0.00011474, "params": 8313, "time_iter": 0.06026, "accuracy": 0.95238, "precision": 0.90909, "recall": 1.0, "f1": 0.95238, "auc": 0.99545}
{"epoch": 79, "time_epoch": 0.65189, "eta": 16.6593, "eta_hours": 0.00463, "loss": 0.1764086, "lr": 0.00010492, "params": 8313, "time_iter": 0.05926, "accuracy": 0.92857, "precision": 0.90476, "recall": 0.95, "f1": 0.92683, "auc": 0.97955}
{"epoch": 80, "time_epoch": 0.79354, "eta": 15.81708, "eta_hours": 0.00439, "loss": 0.00290559, "lr": 9.549e-05, "params": 8313, "time_iter": 0.07214, "accuracy": 1.0, "precision": 1.0, "recall": 1.0, "f1": 1.0, "auc": 1.0}
{"epoch": 81, "time_epoch": 0.65772, "eta": 14.94624, "eta_hours": 0.00415, "loss": 0.36469337, "lr": 8.646e-05, "params": 8313, "time_iter": 0.05979, "accuracy": 0.83333, "precision": 0.93333, "recall": 0.7, "f1": 0.8, "auc": 0.96364}
{"epoch": 82, "time_epoch": 0.66664, "eta": 14.08237, "eta_hours": 0.00391, "loss": 0.00493925, "lr": 7.784e-05, "params": 8313, "time_iter": 0.0606, "accuracy": 1.0, "precision": 1.0, "recall": 1.0, "f1": 1.0, "auc": 1.0}
{"epoch": 83, "time_epoch": 0.65168, "eta": 13.22034, "eta_hours": 0.00367, "loss": 0.21529723, "lr": 6.963e-05, "params": 8313, "time_iter": 0.05924, "accuracy": 0.90476, "precision": 0.9, "recall": 0.9, "f1": 0.9, "auc": 0.98182}
{"epoch": 84, "time_epoch": 0.80771, "eta": 12.39079, "eta_hours": 0.00344, "loss": 0.19574572, "lr": 6.185e-05, "params": 8313, "time_iter": 0.07343, "accuracy": 0.90476, "precision": 0.9, "recall": 0.9, "f1": 0.9, "auc": 0.97273}
{"epoch": 85, "time_epoch": 0.52981, "eta": 11.51651, "eta_hours": 0.0032, "loss": 0.01037196, "lr": 5.45e-05, "params": 8313, "time_iter": 0.04816, "accuracy": 1.0, "precision": 1.0, "recall": 1.0, "f1": 1.0, "auc": 1.0}
{"epoch": 86, "time_epoch": 0.53202, "eta": 10.65048, "eta_hours": 0.00296, "loss": 0.0943548, "lr": 4.759e-05, "params": 8313, "time_iter": 0.04837, "accuracy": 0.97619, "precision": 1.0, "recall": 0.95, "f1": 0.97436, "auc": 0.99318}
{"epoch": 87, "time_epoch": 0.53301, "eta": 9.79218, "eta_hours": 0.00272, "loss": 0.11772598, "lr": 4.112e-05, "params": 8313, "time_iter": 0.04846, "accuracy": 0.95238, "precision": 0.95, "recall": 0.95, "f1": 0.95, "auc": 0.98864}
{"epoch": 88, "time_epoch": 0.53334, "eta": 8.94123, "eta_hours": 0.00248, "loss": 0.09879993, "lr": 3.511e-05, "params": 8313, "time_iter": 0.04849, "accuracy": 0.92857, "precision": 0.86957, "recall": 1.0, "f1": 0.93023, "auc": 1.0}
{"epoch": 89, "time_epoch": 0.54421, "eta": 8.09854, "eta_hours": 0.00225, "loss": 0.13591544, "lr": 2.956e-05, "params": 8313, "time_iter": 0.04947, "accuracy": 0.92857, "precision": 0.90476, "recall": 0.95, "f1": 0.92683, "auc": 0.99091}
{"epoch": 90, "time_epoch": 0.53115, "eta": 7.26112, "eta_hours": 0.00202, "loss": 0.26279649, "lr": 2.447e-05, "params": 8313, "time_iter": 0.04829, "accuracy": 0.83333, "precision": 0.80952, "recall": 0.85, "f1": 0.82927, "auc": 0.95909}
{"epoch": 91, "time_epoch": 0.53128, "eta": 6.43037, "eta_hours": 0.00179, "loss": 0.15998284, "lr": 1.985e-05, "params": 8313, "time_iter": 0.0483, "accuracy": 0.92857, "precision": 0.90476, "recall": 0.95, "f1": 0.92683, "auc": 0.98636}
{"epoch": 92, "time_epoch": 0.53243, "eta": 5.60615, "eta_hours": 0.00156, "loss": 0.25539799, "lr": 1.571e-05, "params": 8313, "time_iter": 0.0484, "accuracy": 0.85714, "precision": 0.81818, "recall": 0.9, "f1": 0.85714, "auc": 0.96364}
{"epoch": 93, "time_epoch": 0.53088, "eta": 4.78804, "eta_hours": 0.00133, "loss": 0.05875562, "lr": 1.204e-05, "params": 8313, "time_iter": 0.04826, "accuracy": 0.95238, "precision": 0.90909, "recall": 1.0, "f1": 0.95238, "auc": 1.0}
{"epoch": 94, "time_epoch": 0.53071, "eta": 3.97596, "eta_hours": 0.0011, "loss": 0.12949726, "lr": 8.86e-06, "params": 8313, "time_iter": 0.04825, "accuracy": 0.95238, "precision": 1.0, "recall": 0.9, "f1": 0.94737, "auc": 1.0}
{"epoch": 95, "time_epoch": 0.52981, "eta": 3.16971, "eta_hours": 0.00088, "loss": 0.22548113, "lr": 6.16e-06, "params": 8313, "time_iter": 0.04816, "accuracy": 0.90476, "precision": 0.9, "recall": 0.9, "f1": 0.9, "auc": 0.96591}
{"epoch": 96, "time_epoch": 0.5334, "eta": 2.36927, "eta_hours": 0.00066, "loss": 0.09054113, "lr": 3.94e-06, "params": 8313, "time_iter": 0.04849, "accuracy": 0.97619, "precision": 0.95238, "recall": 1.0, "f1": 0.97561, "auc": 0.99773}
{"epoch": 97, "time_epoch": 0.53427, "eta": 1.5743, "eta_hours": 0.00044, "loss": 0.11156085, "lr": 2.22e-06, "params": 8313, "time_iter": 0.04857, "accuracy": 0.92857, "precision": 0.90476, "recall": 0.95, "f1": 0.92683, "auc": 0.99318}
{"epoch": 98, "time_epoch": 0.52987, "eta": 0.78455, "eta_hours": 0.00022, "loss": 0.20798814, "lr": 9.9e-07, "params": 8313, "time_iter": 0.04817, "accuracy": 0.90476, "precision": 0.9, "recall": 0.9, "f1": 0.9, "auc": 0.975}
{"epoch": 99, "time_epoch": 0.532, "eta": 0.0, "eta_hours": 0.0, "loss": 0.01548756, "lr": 2.5e-07, "params": 8313, "time_iter": 0.04836, "accuracy": 1.0, "precision": 1.0, "recall": 1.0, "f1": 1.0, "auc": 1.0}
