{"epoch": 0, "time_epoch": 14.92737, "eta": 1477.80976, "eta_hours": 0.4105, "loss": 0.67442695, "lr": 0.001, "params": 5321, "time_iter": 0.4265, "accuracy": 0.61691, "precision": 0.85714, "recall": 0.02752, "f1": 0.05333, "auc": 0.6614}
{"epoch": 1, "time_epoch": 2.09707, "eta": 834.19775, "eta_hours": 0.23172, "loss": 0.63892965, "lr": 0.00099975, "params": 5321, "time_iter": 0.05992, "accuracy": 0.69424, "precision": 0.73077, "recall": 0.34862, "f1": 0.47205, "auc": 0.72499}
{"epoch": 2, "time_epoch": 2.12251, "eta": 619.08499, "eta_hours": 0.17197, "loss": 0.60298706, "lr": 0.00099901, "params": 5321, "time_iter": 0.06064, "accuracy": 0.72302, "precision": 0.77119, "recall": 0.41743, "f1": 0.54167, "auc": 0.74452}
{"epoch": 3, "time_epoch": 2.14426, "eta": 510.98928, "eta_hours": 0.14194, "loss": 0.58026483, "lr": 0.00099778, "params": 5321, "time_iter": 0.06126, "accuracy": 0.71043, "precision": 0.71111, "recall": 0.44037, "f1": 0.54391, "auc": 0.74944}
{"epoch": 4, "time_epoch": 2.13001, "eta": 445.00339, "eta_hours": 0.12361, "loss": 0.56669105, "lr": 0.00099606, "params": 5321, "time_iter": 0.06086, "accuracy": 0.73201, "precision": 0.72848, "recall": 0.50459, "f1": 0.59621, "auc": 0.77611}
{"epoch": 5, "time_epoch": 2.1258, "eta": 400.23683, "eta_hours": 0.11118, "loss": 0.56428948, "lr": 0.00099384, "params": 5321, "time_iter": 0.06074, "accuracy": 0.69245, "precision": 0.688, "recall": 0.3945, "f1": 0.50146, "auc": 0.76677}
{"epoch": 6, "time_epoch": 2.09388, "eta": 367.22924, "eta_hours": 0.10201, "loss": 0.54502933, "lr": 0.00099114, "params": 5321, "time_iter": 0.05983, "accuracy": 0.73921, "precision": 0.71598, "recall": 0.55505, "f1": 0.62532, "auc": 0.78636}
{"epoch": 7, "time_epoch": 2.15213, "eta": 342.61992, "eta_hours": 0.09517, "loss": 0.5124959, "lr": 0.00098796, "params": 5321, "time_iter": 0.06149, "accuracy": 0.75719, "precision": 0.74556, "recall": 0.57798, "f1": 0.65116, "auc": 0.8084}
{"epoch": 8, "time_epoch": 2.12094, "eta": 322.68575, "eta_hours": 0.08963, "loss": 0.51539441, "lr": 0.00098429, "params": 5321, "time_iter": 0.0606, "accuracy": 0.7464, "precision": 0.75163, "recall": 0.52752, "f1": 0.61995, "auc": 0.8053}
{"epoch": 9, "time_epoch": 2.09489, "eta": 306.07976, "eta_hours": 0.08502, "loss": 0.52146723, "lr": 0.00098015, "params": 5321, "time_iter": 0.05985, "accuracy": 0.7464, "precision": 0.71038, "recall": 0.59633, "f1": 0.64838, "auc": 0.79692}
{"epoch": 10, "time_epoch": 2.12942, "eta": 292.39154, "eta_hours": 0.08122, "loss": 0.53720264, "lr": 0.00097553, "params": 5321, "time_iter": 0.06084, "accuracy": 0.72662, "precision": 0.71711, "recall": 0.5, "f1": 0.58919, "auc": 0.78241}
{"epoch": 11, "time_epoch": 2.17792, "eta": 280.98545, "eta_hours": 0.07805, "loss": 0.5125673, "lr": 0.00097044, "params": 5321, "time_iter": 0.06223, "accuracy": 0.76079, "precision": 0.75758, "recall": 0.57339, "f1": 0.65274, "auc": 0.81285}
{"epoch": 12, "time_epoch": 2.12682, "eta": 270.65713, "eta_hours": 0.07518, "loss": 0.51398616, "lr": 0.00096489, "params": 5321, "time_iter": 0.06077, "accuracy": 0.7482, "precision": 0.73214, "recall": 0.56422, "f1": 0.63731, "auc": 0.80655}
{"epoch": 13, "time_epoch": 2.0969, "eta": 261.31667, "eta_hours": 0.07259, "loss": 0.50888576, "lr": 0.00095888, "params": 5321, "time_iter": 0.05991, "accuracy": 0.76259, "precision": 0.75, "recall": 0.59174, "f1": 0.66154, "auc": 0.81832}
{"epoch": 14, "time_epoch": 2.18367, "eta": 253.43369, "eta_hours": 0.0704, "loss": 0.50942294, "lr": 0.00095241, "params": 5321, "time_iter": 0.06239, "accuracy": 0.7536, "precision": 0.7341, "recall": 0.58257, "f1": 0.64962, "auc": 0.81052}
{"epoch": 15, "time_epoch": 2.14162, "eta": 246.04235, "eta_hours": 0.06835, "loss": 0.49433372, "lr": 0.0009455, "params": 5321, "time_iter": 0.06119, "accuracy": 0.77338, "precision": 0.75275, "recall": 0.62844, "f1": 0.685, "auc": 0.82278}
{"epoch": 16, "time_epoch": 2.09987, "eta": 239.06478, "eta_hours": 0.06641, "loss": 0.51442659, "lr": 0.00093815, "params": 5321, "time_iter": 0.06, "accuracy": 0.76619, "precision": 0.75882, "recall": 0.59174, "f1": 0.66495, "auc": 0.81733}
{"epoch": 17, "time_epoch": 2.16722, "eta": 232.93603, "eta_hours": 0.0647, "loss": 0.49431399, "lr": 0.00093037, "params": 5321, "time_iter": 0.06192, "accuracy": 0.75719, "precision": 0.74556, "recall": 0.57798, "f1": 0.65116, "auc": 0.82272}
{"epoch": 18, "time_epoch": 2.12946, "eta": 227.06329, "eta_hours": 0.06307, "loss": 0.51259561, "lr": 0.00092216, "params": 5321, "time_iter": 0.06084, "accuracy": 0.76259, "precision": 0.74713, "recall": 0.59633, "f1": 0.66327, "auc": 0.81612}
{"epoch": 19, "time_epoch": 2.11453, "eta": 221.50518, "eta_hours": 0.06153, "loss": 0.49270281, "lr": 0.00091354, "params": 5321, "time_iter": 0.06042, "accuracy": 0.78597, "precision": 0.77654, "recall": 0.63761, "f1": 0.70025, "auc": 0.82422}
{"epoch": 20, "time_epoch": 2.15909, "eta": 216.44263, "eta_hours": 0.06012, "loss": 0.50792696, "lr": 0.00090451, "params": 5321, "time_iter": 0.06169, "accuracy": 0.7518, "precision": 0.7439, "recall": 0.55963, "f1": 0.63874, "auc": 0.81186}
{"epoch": 21, "time_epoch": 2.12553, "eta": 211.52504, "eta_hours": 0.05876, "loss": 0.50091168, "lr": 0.00089508, "params": 5321, "time_iter": 0.06073, "accuracy": 0.74101, "precision": 0.69474, "recall": 0.6055, "f1": 0.64706, "auc": 0.81384}
{"epoch": 22, "time_epoch": 2.111, "eta": 206.80161, "eta_hours": 0.05744, "loss": 0.50001695, "lr": 0.00088526, "params": 5321, "time_iter": 0.06031, "accuracy": 0.7482, "precision": 0.70968, "recall": 0.6055, "f1": 0.65347, "auc": 0.82158}
{"epoch": 23, "time_epoch": 2.12649, "eta": 202.34493, "eta_hours": 0.05621, "loss": 0.51517058, "lr": 0.00087506, "params": 5321, "time_iter": 0.06076, "accuracy": 0.7446, "precision": 0.72619, "recall": 0.55963, "f1": 0.63212, "auc": 0.79931}
{"epoch": 24, "time_epoch": 2.12727, "eta": 198.077, "eta_hours": 0.05502, "loss": 0.51563723, "lr": 0.00086448, "params": 5321, "time_iter": 0.06078, "accuracy": 0.76259, "precision": 0.74713, "recall": 0.59633, "f1": 0.66327, "auc": 0.80035}
{"epoch": 25, "time_epoch": 2.11257, "eta": 193.9319, "eta_hours": 0.05387, "loss": 0.51311296, "lr": 0.00085355, "params": 5321, "time_iter": 0.06036, "accuracy": 0.75719, "precision": 0.73446, "recall": 0.59633, "f1": 0.65823, "auc": 0.80647}
{"epoch": 26, "time_epoch": 2.11103, "eta": 189.9332, "eta_hours": 0.05276, "loss": 0.49993068, "lr": 0.00084227, "params": 5321, "time_iter": 0.06032, "accuracy": 0.76079, "precision": 0.76398, "recall": 0.56422, "f1": 0.64908, "auc": 0.81881}
{"epoch": 27, "time_epoch": 2.14219, "eta": 186.14945, "eta_hours": 0.05171, "loss": 0.50070748, "lr": 0.00083066, "params": 5321, "time_iter": 0.06121, "accuracy": 0.7554, "precision": 0.73295, "recall": 0.59174, "f1": 0.65482, "auc": 0.81432}
{"epoch": 28, "time_epoch": 2.16367, "eta": 182.53151, "eta_hours": 0.0507, "loss": 0.51386613, "lr": 0.00081871, "params": 5321, "time_iter": 0.06182, "accuracy": 0.74281, "precision": 0.7095, "recall": 0.58257, "f1": 0.6398, "auc": 0.80292}
{"epoch": 29, "time_epoch": 2.13773, "eta": 178.95001, "eta_hours": 0.04971, "loss": 0.49744062, "lr": 0.00080645, "params": 5321, "time_iter": 0.06108, "accuracy": 0.75899, "precision": 0.73596, "recall": 0.60092, "f1": 0.66162, "auc": 0.81622}
{"epoch": 30, "time_epoch": 2.16035, "eta": 175.51198, "eta_hours": 0.04875, "loss": 0.48766243, "lr": 0.00079389, "params": 5321, "time_iter": 0.06172, "accuracy": 0.76619, "precision": 0.75581, "recall": 0.59633, "f1": 0.66667, "auc": 0.83118}
{"epoch": 31, "time_epoch": 2.09127, "eta": 172.00701, "eta_hours": 0.04778, "loss": 0.48156479, "lr": 0.00078104, "params": 5321, "time_iter": 0.05975, "accuracy": 0.76799, "precision": 0.74586, "recall": 0.61927, "f1": 0.67669, "auc": 0.82984}
{"epoch": 32, "time_epoch": 2.1633, "eta": 168.73396, "eta_hours": 0.04687, "loss": 0.49759336, "lr": 0.00076791, "params": 5321, "time_iter": 0.06181, "accuracy": 0.7464, "precision": 0.71508, "recall": 0.58716, "f1": 0.64484, "auc": 0.81814}
{"epoch": 33, "time_epoch": 2.19687, "eta": 165.59137, "eta_hours": 0.046, "loss": 0.50679451, "lr": 0.00075452, "params": 5321, "time_iter": 0.06277, "accuracy": 0.76079, "precision": 0.76074, "recall": 0.56881, "f1": 0.65092, "auc": 0.80792}
{"epoch": 34, "time_epoch": 2.10181, "eta": 162.32628, "eta_hours": 0.04509, "loss": 0.49765944, "lr": 0.00074088, "params": 5321, "time_iter": 0.06005, "accuracy": 0.7536, "precision": 0.73964, "recall": 0.57339, "f1": 0.64599, "auc": 0.82064}
{"epoch": 35, "time_epoch": 2.10919, "eta": 159.13893, "eta_hours": 0.04421, "loss": 0.49242711, "lr": 0.000727, "params": 5321, "time_iter": 0.06026, "accuracy": 0.7554, "precision": 0.72778, "recall": 0.60092, "f1": 0.65829, "auc": 0.82293}
{"epoch": 36, "time_epoch": 2.09825, "eta": 155.99123, "eta_hours": 0.04333, "loss": 0.50282545, "lr": 0.00071289, "params": 5321, "time_iter": 0.05995, "accuracy": 0.75719, "precision": 0.71503, "recall": 0.63303, "f1": 0.67153, "auc": 0.81151}
{"epoch": 37, "time_epoch": 2.08809, "eta": 152.8822, "eta_hours": 0.04247, "loss": 0.4930906, "lr": 0.00069857, "params": 5321, "time_iter": 0.05966, "accuracy": 0.76439, "precision": 0.7574, "recall": 0.58716, "f1": 0.6615, "auc": 0.8244}
{"epoch": 38, "time_epoch": 2.10058, "eta": 149.84505, "eta_hours": 0.04162, "loss": 0.49312308, "lr": 0.00068406, "params": 5321, "time_iter": 0.06002, "accuracy": 0.76978, "precision": 0.76163, "recall": 0.60092, "f1": 0.67179, "auc": 0.82167}
{"epoch": 39, "time_epoch": 2.10551, "eta": 146.86213, "eta_hours": 0.0408, "loss": 0.49757119, "lr": 0.00066937, "params": 5321, "time_iter": 0.06016, "accuracy": 0.75899, "precision": 0.72826, "recall": 0.61468, "f1": 0.66667, "auc": 0.82118}
{"epoch": 40, "time_epoch": 2.09997, "eta": 143.91403, "eta_hours": 0.03998, "loss": 0.48954525, "lr": 0.00065451, "params": 5321, "time_iter": 0.06, "accuracy": 0.76619, "precision": 0.73158, "recall": 0.63761, "f1": 0.68137, "auc": 0.82502}
{"epoch": 41, "time_epoch": 2.16055, "eta": 141.08997, "eta_hours": 0.03919, "loss": 0.50167985, "lr": 0.0006395, "params": 5321, "time_iter": 0.06173, "accuracy": 0.75719, "precision": 0.74556, "recall": 0.57798, "f1": 0.65116, "auc": 0.81318}
{"epoch": 42, "time_epoch": 2.09509, "eta": 138.21, "eta_hours": 0.03839, "loss": 0.4978645, "lr": 0.00062434, "params": 5321, "time_iter": 0.05986, "accuracy": 0.76799, "precision": 0.73545, "recall": 0.63761, "f1": 0.68305, "auc": 0.81673}
{"epoch": 43, "time_epoch": 2.18616, "eta": 135.48162, "eta_hours": 0.03763, "loss": 0.49835883, "lr": 0.00060907, "params": 5321, "time_iter": 0.06246, "accuracy": 0.76259, "precision": 0.72872, "recall": 0.62844, "f1": 0.67488, "auc": 0.82168}
{"epoch": 44, "time_epoch": 2.13778, "eta": 132.71821, "eta_hours": 0.03687, "loss": 0.50137029, "lr": 0.00059369, "params": 5321, "time_iter": 0.06108, "accuracy": 0.76439, "precision": 0.76048, "recall": 0.58257, "f1": 0.65974, "auc": 0.81425}
{"epoch": 45, "time_epoch": 2.10439, "eta": 129.9428, "eta_hours": 0.0361, "loss": 0.49055516, "lr": 0.00057822, "params": 5321, "time_iter": 0.06013, "accuracy": 0.77338, "precision": 0.77381, "recall": 0.59633, "f1": 0.67358, "auc": 0.82029}
{"epoch": 46, "time_epoch": 2.1017, "eta": 127.19291, "eta_hours": 0.03533, "loss": 0.5036546, "lr": 0.00056267, "params": 5321, "time_iter": 0.06005, "accuracy": 0.75719, "precision": 0.75152, "recall": 0.56881, "f1": 0.64752, "auc": 0.81106}
{"epoch": 47, "time_epoch": 2.10385, "eta": 124.47236, "eta_hours": 0.03458, "loss": 0.47395959, "lr": 0.00054705, "params": 5321, "time_iter": 0.06011, "accuracy": 0.76799, "precision": 0.74054, "recall": 0.62844, "f1": 0.6799, "auc": 0.83399}
{"epoch": 48, "time_epoch": 2.09707, "eta": 121.76993, "eta_hours": 0.03382, "loss": 0.47856931, "lr": 0.0005314, "params": 5321, "time_iter": 0.05992, "accuracy": 0.77698, "precision": 0.74479, "recall": 0.65596, "f1": 0.69756, "auc": 0.8314}
{"epoch": 49, "time_epoch": 2.09594, "eta": 119.09058, "eta_hours": 0.03308, "loss": 0.48076326, "lr": 0.00051571, "params": 5321, "time_iter": 0.05988, "accuracy": 0.76978, "precision": 0.75281, "recall": 0.61468, "f1": 0.67677, "auc": 0.83144}
{"epoch": 50, "time_epoch": 2.10097, "eta": 116.43894, "eta_hours": 0.03234, "loss": 0.49635154, "lr": 0.0005, "params": 5321, "time_iter": 0.06003, "accuracy": 0.7518, "precision": 0.72727, "recall": 0.58716, "f1": 0.64975, "auc": 0.81844}
{"epoch": 51, "time_epoch": 2.09504, "eta": 113.80301, "eta_hours": 0.03161, "loss": 0.49267566, "lr": 0.00048429, "params": 5321, "time_iter": 0.05986, "accuracy": 0.75719, "precision": 0.73714, "recall": 0.59174, "f1": 0.65649, "auc": 0.82152}
{"epoch": 52, "time_epoch": 2.09656, "eta": 111.18883, "eta_hours": 0.03089, "loss": 0.48721595, "lr": 0.0004686, "params": 5321, "time_iter": 0.0599, "accuracy": 0.76439, "precision": 0.74857, "recall": 0.60092, "f1": 0.66667, "auc": 0.82667}
{"epoch": 53, "time_epoch": 2.11006, "eta": 108.60533, "eta_hours": 0.03017, "loss": 0.49273133, "lr": 0.00045295, "params": 5321, "time_iter": 0.06029, "accuracy": 0.77158, "precision": 0.76301, "recall": 0.6055, "f1": 0.67519, "auc": 0.81778}
{"epoch": 54, "time_epoch": 2.12122, "eta": 106.04817, "eta_hours": 0.02946, "loss": 0.49510955, "lr": 0.00043733, "params": 5321, "time_iter": 0.06061, "accuracy": 0.75719, "precision": 0.74269, "recall": 0.58257, "f1": 0.65296, "auc": 0.82144}
{"epoch": 55, "time_epoch": 2.10368, "eta": 103.49281, "eta_hours": 0.02875, "loss": 0.48244516, "lr": 0.00042178, "params": 5321, "time_iter": 0.06011, "accuracy": 0.76439, "precision": 0.75145, "recall": 0.59633, "f1": 0.66496, "auc": 0.83105}
{"epoch": 56, "time_epoch": 2.10883, "eta": 100.95717, "eta_hours": 0.02804, "loss": 0.48149906, "lr": 0.00040631, "params": 5321, "time_iter": 0.06025, "accuracy": 0.76619, "precision": 0.72917, "recall": 0.6422, "f1": 0.68293, "auc": 0.83143}
{"epoch": 57, "time_epoch": 2.09704, "eta": 98.42772, "eta_hours": 0.02734, "loss": 0.49361449, "lr": 0.00039093, "params": 5321, "time_iter": 0.05992, "accuracy": 0.7536, "precision": 0.72131, "recall": 0.6055, "f1": 0.65835, "auc": 0.81985}
{"epoch": 58, "time_epoch": 2.1397, "eta": 95.94256, "eta_hours": 0.02665, "loss": 0.48200188, "lr": 0.00037566, "params": 5321, "time_iter": 0.06113, "accuracy": 0.75899, "precision": 0.74419, "recall": 0.58716, "f1": 0.65641, "auc": 0.82584}
{"epoch": 59, "time_epoch": 2.11142, "eta": 93.45007, "eta_hours": 0.02596, "loss": 0.47447454, "lr": 0.0003605, "params": 5321, "time_iter": 0.06033, "accuracy": 0.77338, "precision": 0.76744, "recall": 0.6055, "f1": 0.67692, "auc": 0.83439}
{"epoch": 60, "time_epoch": 2.09137, "eta": 90.95725, "eta_hours": 0.02527, "loss": 0.48579439, "lr": 0.00034549, "params": 5321, "time_iter": 0.05975, "accuracy": 0.75719, "precision": 0.73714, "recall": 0.59174, "f1": 0.65649, "auc": 0.8285}
{"epoch": 61, "time_epoch": 2.10014, "eta": 88.48276, "eta_hours": 0.02458, "loss": 0.48712087, "lr": 0.00033063, "params": 5321, "time_iter": 0.06, "accuracy": 0.7554, "precision": 0.72043, "recall": 0.61468, "f1": 0.66337, "auc": 0.82965}
{"epoch": 62, "time_epoch": 2.10079, "eta": 86.02054, "eta_hours": 0.02389, "loss": 0.47904403, "lr": 0.00031594, "params": 5321, "time_iter": 0.06002, "accuracy": 0.7554, "precision": 0.73034, "recall": 0.59633, "f1": 0.65657, "auc": 0.83159}
{"epoch": 63, "time_epoch": 2.09397, "eta": 83.56577, "eta_hours": 0.02321, "loss": 0.49767407, "lr": 0.00030143, "params": 5321, "time_iter": 0.05983, "accuracy": 0.76259, "precision": 0.7622, "recall": 0.57339, "f1": 0.65445, "auc": 0.81627}
{"epoch": 64, "time_epoch": 2.1267, "eta": 81.13973, "eta_hours": 0.02254, "loss": 0.48444046, "lr": 0.00028711, "params": 5321, "time_iter": 0.06076, "accuracy": 0.76079, "precision": 0.74286, "recall": 0.59633, "f1": 0.66158, "auc": 0.83102}
{"epoch": 65, "time_epoch": 2.10456, "eta": 78.71136, "eta_hours": 0.02186, "loss": 0.48658823, "lr": 0.000273, "params": 5321, "time_iter": 0.06013, "accuracy": 0.77518, "precision": 0.75978, "recall": 0.62385, "f1": 0.68514, "auc": 0.82373}
{"epoch": 66, "time_epoch": 2.0977, "eta": 76.28927, "eta_hours": 0.02119, "loss": 0.49054912, "lr": 0.00025912, "params": 5321, "time_iter": 0.05993, "accuracy": 0.76978, "precision": 0.75568, "recall": 0.61009, "f1": 0.67513, "auc": 0.82063}
{"epoch": 67, "time_epoch": 2.1221, "eta": 73.8882, "eta_hours": 0.02052, "loss": 0.48788841, "lr": 0.00024548, "params": 5321, "time_iter": 0.06063, "accuracy": 0.76978, "precision": 0.74725, "recall": 0.62385, "f1": 0.68, "auc": 0.8244}
{"epoch": 68, "time_epoch": 2.10703, "eta": 71.48846, "eta_hours": 0.01986, "loss": 0.48683341, "lr": 0.00023209, "params": 5321, "time_iter": 0.0602, "accuracy": 0.76619, "precision": 0.75287, "recall": 0.60092, "f1": 0.66837, "auc": 0.8303}
{"epoch": 69, "time_epoch": 2.10045, "eta": 69.09425, "eta_hours": 0.01919, "loss": 0.49348122, "lr": 0.00021896, "params": 5321, "time_iter": 0.06001, "accuracy": 0.77518, "precision": 0.75691, "recall": 0.62844, "f1": 0.68672, "auc": 0.81752}
{"epoch": 70, "time_epoch": 2.11926, "eta": 66.716, "eta_hours": 0.01853, "loss": 0.49014121, "lr": 0.00020611, "params": 5321, "time_iter": 0.06055, "accuracy": 0.77158, "precision": 0.76301, "recall": 0.6055, "f1": 0.67519, "auc": 0.8167}
{"epoch": 71, "time_epoch": 2.11226, "eta": 64.34223, "eta_hours": 0.01787, "loss": 0.48688742, "lr": 0.00019355, "params": 5321, "time_iter": 0.06035, "accuracy": 0.76079, "precision": 0.74011, "recall": 0.60092, "f1": 0.66329, "auc": 0.82938}
{"epoch": 72, "time_epoch": 2.10202, "eta": 61.97183, "eta_hours": 0.01721, "loss": 0.48293403, "lr": 0.00018129, "params": 5321, "time_iter": 0.06006, "accuracy": 0.77878, "precision": 0.77143, "recall": 0.61927, "f1": 0.68702, "auc": 0.82817}
{"epoch": 73, "time_epoch": 2.09849, "eta": 59.60745, "eta_hours": 0.01656, "loss": 0.48151475, "lr": 0.00016934, "params": 5321, "time_iter": 0.05996, "accuracy": 0.77338, "precision": 0.75843, "recall": 0.61927, "f1": 0.68182, "auc": 0.83007}
{"epoch": 74, "time_epoch": 2.09618, "eta": 57.24938, "eta_hours": 0.0159, "loss": 0.49765959, "lr": 0.00015773, "params": 5321, "time_iter": 0.05989, "accuracy": 0.75899, "precision": 0.72581, "recall": 0.61927, "f1": 0.66832, "auc": 0.81778}
{"epoch": 75, "time_epoch": 2.09547, "eta": 54.89798, "eta_hours": 0.01525, "loss": 0.47820553, "lr": 0.00014645, "params": 5321, "time_iter": 0.05987, "accuracy": 0.76079, "precision": 0.75148, "recall": 0.58257, "f1": 0.65633, "auc": 0.82695}
{"epoch": 76, "time_epoch": 2.11062, "eta": 52.55776, "eta_hours": 0.0146, "loss": 0.49582734, "lr": 0.00013552, "params": 5321, "time_iter": 0.0603, "accuracy": 0.77698, "precision": 0.75824, "recall": 0.63303, "f1": 0.69, "auc": 0.82046}
{"epoch": 77, "time_epoch": 2.09078, "eta": 50.21782, "eta_hours": 0.01395, "loss": 0.48459374, "lr": 0.00012494, "params": 5321, "time_iter": 0.05974, "accuracy": 0.76259, "precision": 0.73889, "recall": 0.61009, "f1": 0.66834, "auc": 0.82713}
{"epoch": 78, "time_epoch": 2.09276, "eta": 47.88472, "eta_hours": 0.0133, "loss": 0.49395403, "lr": 0.00011474, "params": 5321, "time_iter": 0.05979, "accuracy": 0.76259, "precision": 0.73118, "recall": 0.62385, "f1": 0.67327, "auc": 0.82382}
{"epoch": 79, "time_epoch": 2.11462, "eta": 45.56309, "eta_hours": 0.01266, "loss": 0.47359255, "lr": 0.00010492, "params": 5321, "time_iter": 0.06042, "accuracy": 0.77518, "precision": 0.76571, "recall": 0.61468, "f1": 0.68193, "auc": 0.836}
{"epoch": 80, "time_epoch": 2.12687, "eta": 43.24945, "eta_hours": 0.01201, "loss": 0.48925559, "lr": 9.549e-05, "params": 5321, "time_iter": 0.06077, "accuracy": 0.77338, "precision": 0.75, "recall": 0.63303, "f1": 0.68657, "auc": 0.82307}
{"epoch": 81, "time_epoch": 2.10794, "eta": 40.93621, "eta_hours": 0.01137, "loss": 0.48161379, "lr": 8.646e-05, "params": 5321, "time_iter": 0.06023, "accuracy": 0.76799, "precision": 0.74317, "recall": 0.62385, "f1": 0.6783, "auc": 0.82972}
{"epoch": 82, "time_epoch": 2.10345, "eta": 38.627, "eta_hours": 0.01073, "loss": 0.48031503, "lr": 7.784e-05, "params": 5321, "time_iter": 0.0601, "accuracy": 0.77518, "precision": 0.75691, "recall": 0.62844, "f1": 0.68672, "auc": 0.82532}
{"epoch": 83, "time_epoch": 2.09757, "eta": 36.32156, "eta_hours": 0.01009, "loss": 0.48366059, "lr": 6.963e-05, "params": 5321, "time_iter": 0.05993, "accuracy": 0.77338, "precision": 0.76136, "recall": 0.61468, "f1": 0.6802, "auc": 0.82869}
{"epoch": 84, "time_epoch": 2.09182, "eta": 34.02001, "eta_hours": 0.00945, "loss": 0.47852946, "lr": 6.185e-05, "params": 5321, "time_iter": 0.05977, "accuracy": 0.76978, "precision": 0.74457, "recall": 0.62844, "f1": 0.68159, "auc": 0.83547}
{"epoch": 85, "time_epoch": 2.10893, "eta": 31.72611, "eta_hours": 0.00881, "loss": 0.49288415, "lr": 5.45e-05, "params": 5321, "time_iter": 0.06026, "accuracy": 0.75719, "precision": 0.72678, "recall": 0.61009, "f1": 0.66334, "auc": 0.82064}
{"epoch": 86, "time_epoch": 2.09547, "eta": 29.43445, "eta_hours": 0.00818, "loss": 0.47559544, "lr": 4.759e-05, "params": 5321, "time_iter": 0.05987, "accuracy": 0.77878, "precision": 0.75132, "recall": 0.65138, "f1": 0.69779, "auc": 0.8326}
{"epoch": 87, "time_epoch": 2.0983, "eta": 27.14764, "eta_hours": 0.00754, "loss": 0.48473186, "lr": 4.112e-05, "params": 5321, "time_iter": 0.05995, "accuracy": 0.77518, "precision": 0.75978, "recall": 0.62385, "f1": 0.68514, "auc": 0.82918}
{"epoch": 88, "time_epoch": 2.10311, "eta": 24.86567, "eta_hours": 0.00691, "loss": 0.48125763, "lr": 3.511e-05, "params": 5321, "time_iter": 0.06009, "accuracy": 0.78237, "precision": 0.76503, "recall": 0.6422, "f1": 0.69825, "auc": 0.82994}
{"epoch": 89, "time_epoch": 2.0991, "eta": 22.58721, "eta_hours": 0.00627, "loss": 0.48843294, "lr": 2.956e-05, "params": 5321, "time_iter": 0.05997, "accuracy": 0.77518, "precision": 0.75978, "recall": 0.62385, "f1": 0.68514, "auc": 0.82464}
{"epoch": 90, "time_epoch": 2.11222, "eta": 20.314, "eta_hours": 0.00564, "loss": 0.48671853, "lr": 2.447e-05, "params": 5321, "time_iter": 0.06035, "accuracy": 0.7518, "precision": 0.72222, "recall": 0.59633, "f1": 0.65327, "auc": 0.82683}
{"epoch": 91, "time_epoch": 2.12108, "eta": 18.04506, "eta_hours": 0.00501, "loss": 0.48890192, "lr": 1.985e-05, "params": 5321, "time_iter": 0.0606, "accuracy": 0.77518, "precision": 0.75978, "recall": 0.62385, "f1": 0.68514, "auc": 0.82041}
{"epoch": 92, "time_epoch": 2.21658, "eta": 15.78649, "eta_hours": 0.00439, "loss": 0.47500707, "lr": 1.571e-05, "params": 5321, "time_iter": 0.06333, "accuracy": 0.76439, "precision": 0.74576, "recall": 0.6055, "f1": 0.66835, "auc": 0.83534}
{"epoch": 93, "time_epoch": 2.68925, "eta": 13.55898, "eta_hours": 0.00377, "loss": 0.48939195, "lr": 1.204e-05, "params": 5321, "time_iter": 0.07684, "accuracy": 0.75719, "precision": 0.72678, "recall": 0.61009, "f1": 0.66334, "auc": 0.82577}
{"epoch": 94, "time_epoch": 3.38309, "eta": 11.35827, "eta_hours": 0.00316, "loss": 0.48067245, "lr": 8.86e-06, "params": 5321, "time_iter": 0.09666, "accuracy": 0.77518, "precision": 0.7541, "recall": 0.63303, "f1": 0.68828, "auc": 0.83114}
{"epoch": 95, "time_epoch": 3.31973, "eta": 9.13029, "eta_hours": 0.00254, "loss": 0.49167142, "lr": 6.16e-06, "params": 5321, "time_iter": 0.09485, "accuracy": 0.76439, "precision": 0.74033, "recall": 0.61468, "f1": 0.67168, "auc": 0.81771}
{"epoch": 96, "time_epoch": 1.99838, "eta": 6.83893, "eta_hours": 0.0019, "loss": 0.48508897, "lr": 3.94e-06, "params": 5321, "time_iter": 0.0571, "accuracy": 0.77518, "precision": 0.76571, "recall": 0.61468, "f1": 0.68193, "auc": 0.82762}
{"epoch": 97, "time_epoch": 2.10161, "eta": 4.55565, "eta_hours": 0.00127, "loss": 0.49490009, "lr": 2.22e-06, "params": 5321, "time_iter": 0.06005, "accuracy": 0.76439, "precision": 0.75145, "recall": 0.59633, "f1": 0.66496, "auc": 0.81824}
{"epoch": 98, "time_epoch": 2.1064, "eta": 2.27609, "eta_hours": 0.00063, "loss": 0.47689257, "lr": 9.9e-07, "params": 5321, "time_iter": 0.06018, "accuracy": 0.76978, "precision": 0.75281, "recall": 0.61468, "f1": 0.67677, "auc": 0.83543}
{"epoch": 99, "time_epoch": 2.11075, "eta": 0.0, "eta_hours": 0.0, "loss": 0.48468618, "lr": 2.5e-07, "params": 5321, "time_iter": 0.06031, "accuracy": 0.75899, "precision": 0.72826, "recall": 0.61468, "f1": 0.66667, "auc": 0.82433}
