{"epoch": 0, "time_epoch": 3.54535, "eta": 350.9898, "eta_hours": 0.0975, "loss": 0.69511698, "lr": 0.001, "params": 5345, "time_iter": 0.0933, "accuracy": 0.48, "precision": 0.0, "recall": 0.0, "f1": 0.0, "auc": 0.43029}
{"epoch": 1, "time_epoch": 3.59198, "eta": 349.72906, "eta_hours": 0.09715, "loss": 0.694173, "lr": 0.00099975, "params": 5345, "time_iter": 0.09453, "accuracy": 0.47333, "precision": 0.33333, "recall": 0.01282, "f1": 0.02469, "auc": 0.42165}
{"epoch": 2, "time_epoch": 3.5688, "eta": 346.16476, "eta_hours": 0.09616, "loss": 0.69391834, "lr": 0.00099901, "params": 5345, "time_iter": 0.09392, "accuracy": 0.50667, "precision": 0.5137, "recall": 0.96154, "f1": 0.66964, "auc": 0.39815}
{"epoch": 3, "time_epoch": 3.6339, "eta": 344.16059, "eta_hours": 0.0956, "loss": 0.69327144, "lr": 0.00099778, "params": 5345, "time_iter": 0.09563, "accuracy": 0.52, "precision": 0.52, "recall": 1.0, "f1": 0.68421, "auc": 0.42771}
{"epoch": 4, "time_epoch": 3.63287, "eta": 341.48499, "eta_hours": 0.09486, "loss": 0.69289295, "lr": 0.00099606, "params": 5345, "time_iter": 0.0956, "accuracy": 0.52, "precision": 0.52, "recall": 1.0, "f1": 0.68421, "auc": 0.46154}
{"epoch": 5, "time_epoch": 3.64966, "eta": 338.75334, "eta_hours": 0.0941, "loss": 0.69313218, "lr": 0.00099384, "params": 5345, "time_iter": 0.09604, "accuracy": 0.52, "precision": 0.52, "recall": 1.0, "f1": 0.68421, "auc": 0.40082}
{"epoch": 6, "time_epoch": 3.65794, "eta": 335.86945, "eta_hours": 0.0933, "loss": 0.69282596, "lr": 0.00099114, "params": 5345, "time_iter": 0.09626, "accuracy": 0.52, "precision": 0.52, "recall": 1.0, "f1": 0.68421, "auc": 0.39815}
{"epoch": 7, "time_epoch": 3.66059, "eta": 332.82255, "eta_hours": 0.09245, "loss": 0.69368917, "lr": 0.00098796, "params": 5345, "time_iter": 0.09633, "accuracy": 0.52, "precision": 0.52, "recall": 1.0, "f1": 0.68421, "auc": 0.41863}
{"epoch": 8, "time_epoch": 3.68957, "eta": 329.93222, "eta_hours": 0.09165, "loss": 0.69269401, "lr": 0.00098429, "params": 5345, "time_iter": 0.09709, "accuracy": 0.52, "precision": 0.52, "recall": 1.0, "f1": 0.68421, "auc": 0.47329}
{"epoch": 9, "time_epoch": 3.66996, "eta": 326.70553, "eta_hours": 0.09075, "loss": 0.69195936, "lr": 0.00098015, "params": 5345, "time_iter": 0.09658, "accuracy": 0.52, "precision": 0.52, "recall": 1.0, "f1": 0.68421, "auc": 0.5495}
{"epoch": 10, "time_epoch": 3.62788, "eta": 323.05782, "eta_hours": 0.08974, "loss": 0.69368301, "lr": 0.00097553, "params": 5345, "time_iter": 0.09547, "accuracy": 0.52, "precision": 0.52, "recall": 1.0, "f1": 0.68421, "auc": 0.40652}
{"epoch": 11, "time_epoch": 3.6689, "eta": 319.71423, "eta_hours": 0.08881, "loss": 0.69203223, "lr": 0.00097044, "params": 5345, "time_iter": 0.09655, "accuracy": 0.52, "precision": 0.52, "recall": 1.0, "f1": 0.68421, "auc": 0.53472}
{"epoch": 12, "time_epoch": 3.64851, "eta": 316.18414, "eta_hours": 0.08783, "loss": 0.69288019, "lr": 0.00096489, "params": 5345, "time_iter": 0.09601, "accuracy": 0.52, "precision": 0.52, "recall": 1.0, "f1": 0.68421, "auc": 0.48184}
{"epoch": 13, "time_epoch": 3.58883, "eta": 312.27053, "eta_hours": 0.08674, "loss": 0.69259047, "lr": 0.00095888, "params": 5345, "time_iter": 0.09444, "accuracy": 0.52, "precision": 0.52, "recall": 1.0, "f1": 0.68421, "auc": 0.49555}
{"epoch": 14, "time_epoch": 3.70706, "eta": 309.07017, "eta_hours": 0.08585, "loss": 0.69415096, "lr": 0.00095241, "params": 5345, "time_iter": 0.09755, "accuracy": 0.52, "precision": 0.52, "recall": 1.0, "f1": 0.68421, "auc": 0.39868}
{"epoch": 15, "time_epoch": 3.65034, "eta": 305.50872, "eta_hours": 0.08486, "loss": 0.69331845, "lr": 0.0009455, "params": 5345, "time_iter": 0.09606, "accuracy": 0.52, "precision": 0.52, "recall": 1.0, "f1": 0.68421, "auc": 0.42806}
{"epoch": 16, "time_epoch": 3.65042, "eta": 301.93718, "eta_hours": 0.08387, "loss": 0.69283546, "lr": 0.00093815, "params": 5345, "time_iter": 0.09606, "accuracy": 0.52, "precision": 0.52, "recall": 1.0, "f1": 0.68421, "auc": 0.45246}
{"epoch": 17, "time_epoch": 3.5526, "eta": 297.91128, "eta_hours": 0.08275, "loss": 0.69268224, "lr": 0.00093037, "params": 5345, "time_iter": 0.09349, "accuracy": 0.52, "precision": 0.52, "recall": 1.0, "f1": 0.68421, "auc": 0.48041}
{"epoch": 18, "time_epoch": 3.6067, "eta": 294.16582, "eta_hours": 0.08171, "loss": 0.69298364, "lr": 0.00092216, "params": 5345, "time_iter": 0.09491, "accuracy": 0.52, "precision": 0.52, "recall": 1.0, "f1": 0.68421, "auc": 0.44979}
{"epoch": 19, "time_epoch": 3.64216, "eta": 290.57608, "eta_hours": 0.08072, "loss": 0.69349639, "lr": 0.00091354, "params": 5345, "time_iter": 0.09585, "accuracy": 0.52, "precision": 0.52, "recall": 1.0, "f1": 0.68421, "auc": 0.44551}
{"epoch": 20, "time_epoch": 3.59071, "eta": 286.7878, "eta_hours": 0.07966, "loss": 0.69269279, "lr": 0.00090451, "params": 5345, "time_iter": 0.09449, "accuracy": 0.52, "precision": 0.52, "recall": 1.0, "f1": 0.68421, "auc": 0.48504}
{"epoch": 21, "time_epoch": 3.58184, "eta": 282.98603, "eta_hours": 0.07861, "loss": 0.69241085, "lr": 0.00089508, "params": 5345, "time_iter": 0.09426, "accuracy": 0.52, "precision": 0.52, "recall": 1.0, "f1": 0.68421, "auc": 0.4943}
{"epoch": 22, "time_epoch": 3.58603, "eta": 279.2174, "eta_hours": 0.07756, "loss": 0.69235875, "lr": 0.00088526, "params": 5345, "time_iter": 0.09437, "accuracy": 0.54, "precision": 0.53103, "recall": 0.98718, "f1": 0.69058, "auc": 0.48843}
{"epoch": 23, "time_epoch": 3.61843, "eta": 275.56659, "eta_hours": 0.07655, "loss": 0.69189752, "lr": 0.00087506, "params": 5345, "time_iter": 0.09522, "accuracy": 0.53333, "precision": 0.5274, "recall": 0.98718, "f1": 0.6875, "auc": 0.49875}
{"epoch": 24, "time_epoch": 3.55677, "eta": 271.7334, "eta_hours": 0.07548, "loss": 0.69269349, "lr": 0.00086448, "params": 5345, "time_iter": 0.0936, "accuracy": 0.54, "precision": 0.53191, "recall": 0.96154, "f1": 0.68493, "auc": 0.46795}
{"epoch": 25, "time_epoch": 3.86575, "eta": 268.80089, "eta_hours": 0.07467, "loss": 0.68802739, "lr": 0.00085355, "params": 5345, "time_iter": 0.10173, "accuracy": 0.58, "precision": 0.55725, "recall": 0.9359, "f1": 0.69856, "auc": 0.61058}
{"epoch": 26, "time_epoch": 3.66835, "eta": 265.26552, "eta_hours": 0.07368, "loss": 0.68934534, "lr": 0.00084227, "params": 5345, "time_iter": 0.09654, "accuracy": 0.55333, "precision": 0.54955, "recall": 0.78205, "f1": 0.6455, "auc": 0.55057}
{"epoch": 27, "time_epoch": 3.69674, "eta": 261.79365, "eta_hours": 0.07272, "loss": 0.69471041, "lr": 0.00083066, "params": 5345, "time_iter": 0.09728, "accuracy": 0.51333, "precision": 0.52294, "recall": 0.73077, "f1": 0.60963, "auc": 0.48486}
{"epoch": 28, "time_epoch": 3.6458, "eta": 258.18156, "eta_hours": 0.07172, "loss": 0.68624769, "lr": 0.00081871, "params": 5345, "time_iter": 0.09594, "accuracy": 0.55333, "precision": 0.54783, "recall": 0.80769, "f1": 0.65285, "auc": 0.59366}
{"epoch": 29, "time_epoch": 3.62545, "eta": 254.51974, "eta_hours": 0.0707, "loss": 0.68909808, "lr": 0.00080645, "params": 5345, "time_iter": 0.09541, "accuracy": 0.54, "precision": 0.54369, "recall": 0.71795, "f1": 0.61878, "auc": 0.55021}
{"epoch": 30, "time_epoch": 3.59496, "eta": 250.79241, "eta_hours": 0.06966, "loss": 0.6630143, "lr": 0.00079389, "params": 5345, "time_iter": 0.0946, "accuracy": 0.64, "precision": 0.62766, "recall": 0.75641, "f1": 0.68605, "auc": 0.71617}
{"epoch": 31, "time_epoch": 3.60894, "eta": 247.10305, "eta_hours": 0.06864, "loss": 0.68815021, "lr": 0.00078104, "params": 5345, "time_iter": 0.09497, "accuracy": 0.53333, "precision": 0.54545, "recall": 0.61538, "f1": 0.57831, "auc": 0.5536}
{"epoch": 32, "time_epoch": 3.64287, "eta": 243.48746, "eta_hours": 0.06764, "loss": 0.67722621, "lr": 0.00076791, "params": 5345, "time_iter": 0.09587, "accuracy": 0.56667, "precision": 0.56989, "recall": 0.67949, "f1": 0.61988, "auc": 0.59936}
{"epoch": 33, "time_epoch": 3.5894, "eta": 239.76646, "eta_hours": 0.0666, "loss": 0.68957535, "lr": 0.00075452, "params": 5345, "time_iter": 0.09446, "accuracy": 0.56, "precision": 0.57317, "recall": 0.60256, "f1": 0.5875, "auc": 0.55467}
{"epoch": 34, "time_epoch": 3.57072, "eta": 236.0183, "eta_hours": 0.06556, "loss": 0.69043492, "lr": 0.00074088, "params": 5345, "time_iter": 0.09397, "accuracy": 0.51333, "precision": 0.52632, "recall": 0.64103, "f1": 0.57803, "auc": 0.54024}
{"epoch": 35, "time_epoch": 3.63929, "eta": 232.40189, "eta_hours": 0.06456, "loss": 0.67772915, "lr": 0.000727, "params": 5345, "time_iter": 0.09577, "accuracy": 0.58, "precision": 0.58065, "recall": 0.69231, "f1": 0.63158, "auc": 0.59793}
{"epoch": 36, "time_epoch": 3.67112, "eta": 228.83845, "eta_hours": 0.06357, "loss": 0.69483056, "lr": 0.00071289, "params": 5345, "time_iter": 0.09661, "accuracy": 0.5, "precision": 0.51613, "recall": 0.61538, "f1": 0.5614, "auc": 0.53294}
{"epoch": 37, "time_epoch": 3.61307, "eta": 225.17463, "eta_hours": 0.06255, "loss": 0.69202461, "lr": 0.00069857, "params": 5345, "time_iter": 0.09508, "accuracy": 0.53333, "precision": 0.53846, "recall": 0.71795, "f1": 0.61538, "auc": 0.53454}
{"epoch": 38, "time_epoch": 3.59385, "eta": 221.48335, "eta_hours": 0.06152, "loss": 0.67414751, "lr": 0.00068406, "params": 5345, "time_iter": 0.09458, "accuracy": 0.58667, "precision": 0.57843, "recall": 0.75641, "f1": 0.65556, "auc": 0.62571}
{"epoch": 39, "time_epoch": 3.62831, "eta": 217.84864, "eta_hours": 0.06051, "loss": 0.68066626, "lr": 0.00066937, "params": 5345, "time_iter": 0.09548, "accuracy": 0.54667, "precision": 0.55435, "recall": 0.65385, "f1": 0.6, "auc": 0.58173}
{"epoch": 40, "time_epoch": 3.61677, "eta": 214.19763, "eta_hours": 0.0595, "loss": 0.69091811, "lr": 0.00065451, "params": 5345, "time_iter": 0.09518, "accuracy": 0.54, "precision": 0.55056, "recall": 0.62821, "f1": 0.58683, "auc": 0.53864}
{"epoch": 41, "time_epoch": 3.57744, "eta": 210.49393, "eta_hours": 0.05847, "loss": 0.69288414, "lr": 0.0006395, "params": 5345, "time_iter": 0.09414, "accuracy": 0.54667, "precision": 0.55208, "recall": 0.67949, "f1": 0.6092, "auc": 0.52208}
{"epoch": 42, "time_epoch": 3.54287, "eta": 206.75027, "eta_hours": 0.05743, "loss": 0.68117049, "lr": 0.00062434, "params": 5345, "time_iter": 0.09323, "accuracy": 0.56, "precision": 0.5625, "recall": 0.69231, "f1": 0.62069, "auc": 0.58885}
{"epoch": 43, "time_epoch": 3.58679, "eta": 203.07165, "eta_hours": 0.05641, "loss": 0.69316761, "lr": 0.00060907, "params": 5345, "time_iter": 0.09439, "accuracy": 0.50667, "precision": 0.52041, "recall": 0.65385, "f1": 0.57955, "auc": 0.51745}
{"epoch": 44, "time_epoch": 3.55167, "eta": 199.35417, "eta_hours": 0.05538, "loss": 0.69797574, "lr": 0.00059369, "params": 5345, "time_iter": 0.09346, "accuracy": 0.5, "precision": 0.51515, "recall": 0.65385, "f1": 0.57627, "auc": 0.48807}
{"epoch": 45, "time_epoch": 3.62542, "eta": 195.73049, "eta_hours": 0.05437, "loss": 0.68938571, "lr": 0.00057822, "params": 5345, "time_iter": 0.09541, "accuracy": 0.51333, "precision": 0.52381, "recall": 0.70513, "f1": 0.60109, "auc": 0.53526}
{"epoch": 46, "time_epoch": 3.62552, "eta": 192.10684, "eta_hours": 0.05336, "loss": 0.68666606, "lr": 0.00056267, "params": 5345, "time_iter": 0.09541, "accuracy": 0.54667, "precision": 0.5463, "recall": 0.75641, "f1": 0.63441, "auc": 0.56481}
{"epoch": 47, "time_epoch": 3.67661, "eta": 188.53847, "eta_hours": 0.05237, "loss": 0.68583127, "lr": 0.00054705, "params": 5345, "time_iter": 0.09675, "accuracy": 0.53333, "precision": 0.54082, "recall": 0.67949, "f1": 0.60227, "auc": 0.55556}
{"epoch": 48, "time_epoch": 3.57237, "eta": 184.85718, "eta_hours": 0.05135, "loss": 0.68514917, "lr": 0.0005314, "params": 5345, "time_iter": 0.09401, "accuracy": 0.56, "precision": 0.56, "recall": 0.71795, "f1": 0.62921, "auc": 0.56125}
{"epoch": 49, "time_epoch": 3.60488, "eta": 181.21277, "eta_hours": 0.05034, "loss": 0.67826666, "lr": 0.00051571, "params": 5345, "time_iter": 0.09487, "accuracy": 0.59333, "precision": 0.57944, "recall": 0.79487, "f1": 0.67027, "auc": 0.60577}
{"epoch": 50, "time_epoch": 3.66518, "eta": 177.62783, "eta_hours": 0.04934, "loss": 0.69215002, "lr": 0.0005, "params": 5345, "time_iter": 0.09645, "accuracy": 0.51333, "precision": 0.52525, "recall": 0.66667, "f1": 0.58757, "auc": 0.53508}
{"epoch": 51, "time_epoch": 3.61693, "eta": 173.99527, "eta_hours": 0.04833, "loss": 0.66440163, "lr": 0.00048429, "params": 5345, "time_iter": 0.09518, "accuracy": 0.62, "precision": 0.6, "recall": 0.80769, "f1": 0.68852, "auc": 0.67967}
{"epoch": 52, "time_epoch": 3.60535, "eta": 170.35303, "eta_hours": 0.04732, "loss": 0.6943752, "lr": 0.0004686, "params": 5345, "time_iter": 0.09488, "accuracy": 0.52667, "precision": 0.53846, "recall": 0.62821, "f1": 0.57988, "auc": 0.53063}
{"epoch": 53, "time_epoch": 3.55054, "eta": 166.66547, "eta_hours": 0.0463, "loss": 0.67779051, "lr": 0.00045295, "params": 5345, "time_iter": 0.09344, "accuracy": 0.56667, "precision": 0.56311, "recall": 0.74359, "f1": 0.64088, "auc": 0.57817}
{"epoch": 54, "time_epoch": 3.62222, "eta": 163.04154, "eta_hours": 0.04529, "loss": 0.67633093, "lr": 0.00043733, "params": 5345, "time_iter": 0.09532, "accuracy": 0.60667, "precision": 0.6, "recall": 0.73077, "f1": 0.65896, "auc": 0.5828}
{"epoch": 55, "time_epoch": 3.60572, "eta": 159.4047, "eta_hours": 0.04428, "loss": 0.67717934, "lr": 0.00042178, "params": 5345, "time_iter": 0.09489, "accuracy": 0.56667, "precision": 0.56989, "recall": 0.67949, "f1": 0.61988, "auc": 0.59402}
{"epoch": 56, "time_epoch": 3.59946, "eta": 155.76424, "eta_hours": 0.04327, "loss": 0.68312995, "lr": 0.00040631, "params": 5345, "time_iter": 0.09472, "accuracy": 0.57333, "precision": 0.57609, "recall": 0.67949, "f1": 0.62353, "auc": 0.55288}
{"epoch": 57, "time_epoch": 3.65303, "eta": 152.16398, "eta_hours": 0.04227, "loss": 0.6795174, "lr": 0.00039093, "params": 5345, "time_iter": 0.09613, "accuracy": 0.59333, "precision": 0.5977, "recall": 0.66667, "f1": 0.6303, "auc": 0.59313}
{"epoch": 58, "time_epoch": 3.6403, "eta": 148.55308, "eta_hours": 0.04126, "loss": 0.68526359, "lr": 0.00037566, "params": 5345, "time_iter": 0.0958, "accuracy": 0.59333, "precision": 0.58947, "recall": 0.71795, "f1": 0.6474, "auc": 0.55734}
{"epoch": 59, "time_epoch": 3.58006, "eta": 144.90105, "eta_hours": 0.04025, "loss": 0.68789392, "lr": 0.0003605, "params": 5345, "time_iter": 0.09421, "accuracy": 0.54, "precision": 0.54737, "recall": 0.66667, "f1": 0.60116, "auc": 0.53098}
{"epoch": 60, "time_epoch": 3.54997, "eta": 141.23213, "eta_hours": 0.03923, "loss": 0.6877454, "lr": 0.00034549, "params": 5345, "time_iter": 0.09342, "accuracy": 0.54, "precision": 0.54639, "recall": 0.67949, "f1": 0.60571, "auc": 0.54772}
{"epoch": 61, "time_epoch": 3.65933, "eta": 137.63408, "eta_hours": 0.03823, "loss": 0.67010892, "lr": 0.00033063, "params": 5345, "time_iter": 0.0963, "accuracy": 0.62, "precision": 0.6129, "recall": 0.73077, "f1": 0.66667, "auc": 0.63159}
{"epoch": 62, "time_epoch": 4.34, "eta": 134.43384, "eta_hours": 0.03734, "loss": 0.68801161, "lr": 0.00031594, "params": 5345, "time_iter": 0.11421, "accuracy": 0.54, "precision": 0.54545, "recall": 0.69231, "f1": 0.61017, "auc": 0.539}
{"epoch": 63, "time_epoch": 4.25801, "eta": 131.15187, "eta_hours": 0.03643, "loss": 0.69906405, "lr": 0.00030143, "params": 5345, "time_iter": 0.11205, "accuracy": 0.51333, "precision": 0.52525, "recall": 0.66667, "f1": 0.58757, "auc": 0.52137}
{"epoch": 64, "time_epoch": 3.59756, "eta": 127.48423, "eta_hours": 0.03541, "loss": 0.69269831, "lr": 0.00028711, "params": 5345, "time_iter": 0.09467, "accuracy": 0.5, "precision": 0.51579, "recall": 0.62821, "f1": 0.56647, "auc": 0.51656}
{"epoch": 65, "time_epoch": 3.63538, "eta": 123.83821, "eta_hours": 0.0344, "loss": 0.68854895, "lr": 0.000273, "params": 5345, "time_iter": 0.09567, "accuracy": 0.53333, "precision": 0.53704, "recall": 0.74359, "f1": 0.62366, "auc": 0.54202}
{"epoch": 66, "time_epoch": 3.60081, "eta": 120.17547, "eta_hours": 0.03338, "loss": 0.6686714, "lr": 0.00025912, "params": 5345, "time_iter": 0.09476, "accuracy": 0.60667, "precision": 0.59406, "recall": 0.76923, "f1": 0.67039, "auc": 0.63746}
{"epoch": 67, "time_epoch": 3.63369, "eta": 116.53003, "eta_hours": 0.03237, "loss": 0.66837971, "lr": 0.00024548, "params": 5345, "time_iter": 0.09562, "accuracy": 0.58, "precision": 0.57576, "recall": 0.73077, "f1": 0.64407, "auc": 0.62856}
{"epoch": 68, "time_epoch": 3.53366, "eta": 112.83999, "eta_hours": 0.03134, "loss": 0.68444516, "lr": 0.00023209, "params": 5345, "time_iter": 0.09299, "accuracy": 0.57333, "precision": 0.57143, "recall": 0.71795, "f1": 0.63636, "auc": 0.5552}
{"epoch": 69, "time_epoch": 3.61032, "eta": 109.18727, "eta_hours": 0.03033, "loss": 0.6862113, "lr": 0.00021896, "params": 5345, "time_iter": 0.09501, "accuracy": 0.56, "precision": 0.56122, "recall": 0.70513, "f1": 0.625, "auc": 0.56161}
{"epoch": 70, "time_epoch": 3.66738, "eta": 105.55905, "eta_hours": 0.02932, "loss": 0.68629976, "lr": 0.00020611, "params": 5345, "time_iter": 0.09651, "accuracy": 0.56, "precision": 0.56383, "recall": 0.67949, "f1": 0.61628, "auc": 0.57123}
{"epoch": 71, "time_epoch": 3.62151, "eta": 101.91191, "eta_hours": 0.02831, "loss": 0.69840198, "lr": 0.00019355, "params": 5345, "time_iter": 0.0953, "accuracy": 0.52, "precision": 0.53191, "recall": 0.64103, "f1": 0.5814, "auc": 0.4984}
{"epoch": 72, "time_epoch": 3.64411, "eta": 98.27382, "eta_hours": 0.0273, "loss": 0.68060033, "lr": 0.00018129, "params": 5345, "time_iter": 0.0959, "accuracy": 0.56, "precision": 0.55882, "recall": 0.73077, "f1": 0.63333, "auc": 0.57675}
{"epoch": 73, "time_epoch": 3.65138, "eta": 94.63813, "eta_hours": 0.02629, "loss": 0.678367, "lr": 0.00016934, "params": 5345, "time_iter": 0.09609, "accuracy": 0.58, "precision": 0.57426, "recall": 0.74359, "f1": 0.64804, "auc": 0.57069}
{"epoch": 74, "time_epoch": 3.63991, "eta": 90.9982, "eta_hours": 0.02528, "loss": 0.70177189, "lr": 0.00015773, "params": 5345, "time_iter": 0.09579, "accuracy": 0.48667, "precision": 0.50505, "recall": 0.64103, "f1": 0.56497, "auc": 0.48558}
{"epoch": 75, "time_epoch": 3.67571, "eta": 87.36957, "eta_hours": 0.02427, "loss": 0.69648811, "lr": 0.00014645, "params": 5345, "time_iter": 0.09673, "accuracy": 0.56, "precision": 0.56383, "recall": 0.67949, "f1": 0.61628, "auc": 0.51834}
{"epoch": 76, "time_epoch": 3.7119, "eta": 83.75053, "eta_hours": 0.02326, "loss": 0.67097704, "lr": 0.00013552, "params": 5345, "time_iter": 0.09768, "accuracy": 0.59333, "precision": 0.58763, "recall": 0.73077, "f1": 0.65143, "auc": 0.61734}
{"epoch": 77, "time_epoch": 3.63267, "eta": 80.10676, "eta_hours": 0.02225, "loss": 0.67675936, "lr": 0.00012494, "params": 5345, "time_iter": 0.0956, "accuracy": 0.58667, "precision": 0.58511, "recall": 0.70513, "f1": 0.63953, "auc": 0.59865}
{"epoch": 78, "time_epoch": 3.66923, "eta": 76.47299, "eta_hours": 0.02124, "loss": 0.68784682, "lr": 0.00011474, "params": 5345, "time_iter": 0.09656, "accuracy": 0.54, "precision": 0.54455, "recall": 0.70513, "f1": 0.61453, "auc": 0.53454}
{"epoch": 79, "time_epoch": 3.64828, "eta": 72.8331, "eta_hours": 0.02023, "loss": 0.66411714, "lr": 0.00010492, "params": 5345, "time_iter": 0.09601, "accuracy": 0.62667, "precision": 0.61458, "recall": 0.75641, "f1": 0.67816, "auc": 0.63675}
{"epoch": 80, "time_epoch": 3.62279, "eta": 69.18701, "eta_hours": 0.01922, "loss": 0.6731837, "lr": 9.549e-05, "params": 5345, "time_iter": 0.09534, "accuracy": 0.58, "precision": 0.57895, "recall": 0.70513, "f1": 0.63584, "auc": 0.5958}
{"epoch": 81, "time_epoch": 3.60383, "eta": 65.53734, "eta_hours": 0.0182, "loss": 0.67941893, "lr": 8.646e-05, "params": 5345, "time_iter": 0.09484, "accuracy": 0.56667, "precision": 0.56701, "recall": 0.70513, "f1": 0.62857, "auc": 0.58654}
{"epoch": 82, "time_epoch": 3.60513, "eta": 61.88904, "eta_hours": 0.01719, "loss": 0.65816243, "lr": 7.784e-05, "params": 5345, "time_iter": 0.09487, "accuracy": 0.62667, "precision": 0.61224, "recall": 0.76923, "f1": 0.68182, "auc": 0.66916}
{"epoch": 83, "time_epoch": 3.62614, "eta": 58.24576, "eta_hours": 0.01618, "loss": 0.66944103, "lr": 6.963e-05, "params": 5345, "time_iter": 0.09542, "accuracy": 0.59333, "precision": 0.58763, "recall": 0.73077, "f1": 0.65143, "auc": 0.6323}
{"epoch": 84, "time_epoch": 3.64451, "eta": 54.60614, "eta_hours": 0.01517, "loss": 0.6736726, "lr": 6.185e-05, "params": 5345, "time_iter": 0.09591, "accuracy": 0.56667, "precision": 0.56989, "recall": 0.67949, "f1": 0.61988, "auc": 0.6104}
{"epoch": 85, "time_epoch": 3.62052, "eta": 50.96249, "eta_hours": 0.01416, "loss": 0.67197691, "lr": 5.45e-05, "params": 5345, "time_iter": 0.09528, "accuracy": 0.54667, "precision": 0.55319, "recall": 0.66667, "f1": 0.60465, "auc": 0.61449}
{"epoch": 86, "time_epoch": 3.62541, "eta": 47.3201, "eta_hours": 0.01314, "loss": 0.68419523, "lr": 4.759e-05, "params": 5345, "time_iter": 0.09541, "accuracy": 0.53333, "precision": 0.54, "recall": 0.69231, "f1": 0.60674, "auc": 0.56731}
{"epoch": 87, "time_epoch": 3.66497, "eta": 43.6835, "eta_hours": 0.01213, "loss": 0.68722494, "lr": 4.112e-05, "params": 5345, "time_iter": 0.09645, "accuracy": 0.55333, "precision": 0.55789, "recall": 0.67949, "f1": 0.61272, "auc": 0.55288}
{"epoch": 88, "time_epoch": 3.67244, "eta": 40.04718, "eta_hours": 0.01112, "loss": 0.67371084, "lr": 3.511e-05, "params": 5345, "time_iter": 0.09664, "accuracy": 0.59333, "precision": 0.5914, "recall": 0.70513, "f1": 0.64327, "auc": 0.59028}
{"epoch": 89, "time_epoch": 3.59347, "eta": 36.40129, "eta_hours": 0.01011, "loss": 0.68047646, "lr": 2.956e-05, "params": 5345, "time_iter": 0.09457, "accuracy": 0.58, "precision": 0.57426, "recall": 0.74359, "f1": 0.64804, "auc": 0.5609}
{"epoch": 90, "time_epoch": 3.66633, "eta": 32.76375, "eta_hours": 0.0091, "loss": 0.6776215, "lr": 2.447e-05, "params": 5345, "time_iter": 0.09648, "accuracy": 0.56, "precision": 0.56667, "recall": 0.65385, "f1": 0.60714, "auc": 0.58725}
{"epoch": 91, "time_epoch": 3.64061, "eta": 29.12335, "eta_hours": 0.00809, "loss": 0.67181921, "lr": 1.985e-05, "params": 5345, "time_iter": 0.09581, "accuracy": 0.58, "precision": 0.57895, "recall": 0.70513, "f1": 0.63584, "auc": 0.61004}
{"epoch": 92, "time_epoch": 3.65057, "eta": 25.48369, "eta_hours": 0.00708, "loss": 0.6651159, "lr": 1.571e-05, "params": 5345, "time_iter": 0.09607, "accuracy": 0.58, "precision": 0.57895, "recall": 0.70513, "f1": 0.63584, "auc": 0.63711}
{"epoch": 93, "time_epoch": 3.57343, "eta": 21.83888, "eta_hours": 0.00607, "loss": 0.67801432, "lr": 1.204e-05, "params": 5345, "time_iter": 0.09404, "accuracy": 0.58, "precision": 0.57426, "recall": 0.74359, "f1": 0.64804, "auc": 0.56321}
{"epoch": 94, "time_epoch": 3.67212, "eta": 18.20077, "eta_hours": 0.00506, "loss": 0.68453493, "lr": 8.86e-06, "params": 5345, "time_iter": 0.09663, "accuracy": 0.56, "precision": 0.56667, "recall": 0.65385, "f1": 0.60714, "auc": 0.57496}
{"epoch": 95, "time_epoch": 3.64509, "eta": 14.56082, "eta_hours": 0.00404, "loss": 0.66869655, "lr": 6.16e-06, "params": 5345, "time_iter": 0.09592, "accuracy": 0.57333, "precision": 0.57609, "recall": 0.67949, "f1": 0.62353, "auc": 0.63016}
{"epoch": 96, "time_epoch": 3.62207, "eta": 10.92006, "eta_hours": 0.00303, "loss": 0.65747, "lr": 3.94e-06, "params": 5345, "time_iter": 0.09532, "accuracy": 0.63333, "precision": 0.62105, "recall": 0.75641, "f1": 0.68208, "auc": 0.66275}
{"epoch": 97, "time_epoch": 3.68685, "eta": 7.28099, "eta_hours": 0.00202, "loss": 0.67986278, "lr": 2.22e-06, "params": 5345, "time_iter": 0.09702, "accuracy": 0.57333, "precision": 0.57447, "recall": 0.69231, "f1": 0.62791, "auc": 0.59491}
{"epoch": 98, "time_epoch": 3.69738, "eta": 3.64107, "eta_hours": 0.00101, "loss": 0.70401739, "lr": 9.9e-07, "params": 5345, "time_iter": 0.0973, "accuracy": 0.46667, "precision": 0.48958, "recall": 0.60256, "f1": 0.54023, "auc": 0.4838}
{"epoch": 99, "time_epoch": 3.62348, "eta": 0.0, "eta_hours": 0.0, "loss": 0.68525624, "lr": 2.5e-07, "params": 5345, "time_iter": 0.09535, "accuracy": 0.55333, "precision": 0.55914, "recall": 0.66667, "f1": 0.60819, "auc": 0.56535}
