{"epoch": 0, "time_epoch": 0.04808, "eta": 4.76008, "eta_hours": 0.00132, "loss": 0.69234798, "lr": 0.001, "params": 6465, "time_iter": 0.01603, "accuracy": 0.52381, "precision": 0.0, "recall": 0.0, "f1": 0.0, "auc": 0.43636}
{"epoch": 1, "time_epoch": 0.03462, "eta": 4.05257, "eta_hours": 0.00113, "loss": 0.69343506, "lr": 0.00099975, "params": 6465, "time_iter": 0.01154, "accuracy": 0.52381, "precision": 0.0, "recall": 0.0, "f1": 0.0, "auc": 0.32273}
{"epoch": 2, "time_epoch": 0.03363, "eta": 3.76166, "eta_hours": 0.00104, "loss": 0.69233244, "lr": 0.00099901, "params": 6465, "time_iter": 0.01121, "accuracy": 0.52381, "precision": 0.0, "recall": 0.0, "f1": 0.0, "auc": 0.43409}
{"epoch": 3, "time_epoch": 0.03336, "eta": 3.59281, "eta_hours": 0.001, "loss": 0.69324631, "lr": 0.00099778, "params": 6465, "time_iter": 0.01112, "accuracy": 0.52381, "precision": 0.0, "recall": 0.0, "f1": 0.0, "auc": 0.26591}
{"epoch": 4, "time_epoch": 0.03286, "eta": 3.46869, "eta_hours": 0.00096, "loss": 0.69172249, "lr": 0.00099606, "params": 6465, "time_iter": 0.01095, "accuracy": 0.52381, "precision": 0.0, "recall": 0.0, "f1": 0.0, "auc": 0.66818}
{"epoch": 5, "time_epoch": 0.03282, "eta": 3.37433, "eta_hours": 0.00094, "loss": 0.69208931, "lr": 0.00099384, "params": 6465, "time_iter": 0.01094, "accuracy": 0.52381, "precision": 0.0, "recall": 0.0, "f1": 0.0, "auc": 0.48636}
{"epoch": 6, "time_epoch": 0.03282, "eta": 3.29754, "eta_hours": 0.00092, "loss": 0.69221569, "lr": 0.00099114, "params": 6465, "time_iter": 0.01094, "accuracy": 0.52381, "precision": 0.0, "recall": 0.0, "f1": 0.0, "auc": 0.38409}
{"epoch": 7, "time_epoch": 0.03326, "eta": 3.23687, "eta_hours": 0.0009, "loss": 0.69222601, "lr": 0.00098796, "params": 6465, "time_iter": 0.01109, "accuracy": 0.52381, "precision": 0.0, "recall": 0.0, "f1": 0.0, "auc": 0.42727}
{"epoch": 8, "time_epoch": 0.03255, "eta": 3.17506, "eta_hours": 0.00088, "loss": 0.69229157, "lr": 0.00098429, "params": 6465, "time_iter": 0.01085, "accuracy": 0.52381, "precision": 0.0, "recall": 0.0, "f1": 0.0, "auc": 0.37955}
{"epoch": 9, "time_epoch": 0.03322, "eta": 3.12516, "eta_hours": 0.00087, "loss": 0.69222893, "lr": 0.00098015, "params": 6465, "time_iter": 0.01107, "accuracy": 0.52381, "precision": 0.0, "recall": 0.0, "f1": 0.0, "auc": 0.44318}
{"epoch": 10, "time_epoch": 0.03348, "eta": 3.0804, "eta_hours": 0.00086, "loss": 0.69218054, "lr": 0.00097553, "params": 6465, "time_iter": 0.01116, "accuracy": 0.52381, "precision": 0.0, "recall": 0.0, "f1": 0.0, "auc": 0.44773}
{"epoch": 11, "time_epoch": 0.03305, "eta": 3.03435, "eta_hours": 0.00084, "loss": 0.69234767, "lr": 0.00097044, "params": 6465, "time_iter": 0.01102, "accuracy": 0.52381, "precision": 0.0, "recall": 0.0, "f1": 0.0, "auc": 0.36364}
{"epoch": 12, "time_epoch": 0.03301, "eta": 2.99002, "eta_hours": 0.00083, "loss": 0.69214917, "lr": 0.00096489, "params": 6465, "time_iter": 0.011, "accuracy": 0.52381, "precision": 0.0, "recall": 0.0, "f1": 0.0, "auc": 0.43409}
{"epoch": 13, "time_epoch": 0.03234, "eta": 2.94318, "eta_hours": 0.00082, "loss": 0.69218432, "lr": 0.00095888, "params": 6465, "time_iter": 0.01078, "accuracy": 0.52381, "precision": 0.0, "recall": 0.0, "f1": 0.0, "auc": 0.43864}
{"epoch": 14, "time_epoch": 0.03054, "eta": 2.8881, "eta_hours": 0.0008, "loss": 0.69236395, "lr": 0.00095241, "params": 6465, "time_iter": 0.01018, "accuracy": 0.52381, "precision": 0.0, "recall": 0.0, "f1": 0.0, "auc": 0.33864}
{"epoch": 15, "time_epoch": 0.03214, "eta": 2.84446, "eta_hours": 0.00079, "loss": 0.6921255, "lr": 0.0009455, "params": 6465, "time_iter": 0.01071, "accuracy": 0.52381, "precision": 0.0, "recall": 0.0, "f1": 0.0, "auc": 0.46364}
{"epoch": 16, "time_epoch": 0.03163, "eta": 2.79968, "eta_hours": 0.00078, "loss": 0.6924184, "lr": 0.00093815, "params": 6465, "time_iter": 0.01054, "accuracy": 0.52381, "precision": 0.0, "recall": 0.0, "f1": 0.0, "auc": 0.33182}
{"epoch": 17, "time_epoch": 0.03279, "eta": 2.76168, "eta_hours": 0.00077, "loss": 0.69245455, "lr": 0.00093037, "params": 6465, "time_iter": 0.01093, "accuracy": 0.52381, "precision": 0.0, "recall": 0.0, "f1": 0.0, "auc": 0.30455}
{"epoch": 18, "time_epoch": 0.03227, "eta": 2.722, "eta_hours": 0.00076, "loss": 0.6918436, "lr": 0.00092216, "params": 6465, "time_iter": 0.01076, "accuracy": 0.52381, "precision": 0.0, "recall": 0.0, "f1": 0.0, "auc": 0.60909}
{"epoch": 19, "time_epoch": 0.03216, "eta": 2.68262, "eta_hours": 0.00075, "loss": 0.69204506, "lr": 0.00091354, "params": 6465, "time_iter": 0.01072, "accuracy": 0.52381, "precision": 0.0, "recall": 0.0, "f1": 0.0, "auc": 0.49318}
{"epoch": 20, "time_epoch": 0.03325, "eta": 2.64802, "eta_hours": 0.00074, "loss": 0.69218626, "lr": 0.00090451, "params": 6465, "time_iter": 0.01108, "accuracy": 0.52381, "precision": 0.0, "recall": 0.0, "f1": 0.0, "auc": 0.44773}
{"epoch": 21, "time_epoch": 0.03293, "eta": 2.6124, "eta_hours": 0.00073, "loss": 0.69191501, "lr": 0.00089508, "params": 6465, "time_iter": 0.01098, "accuracy": 0.52381, "precision": 0.0, "recall": 0.0, "f1": 0.0, "auc": 0.57727}
{"epoch": 22, "time_epoch": 0.03704, "eta": 2.59078, "eta_hours": 0.00072, "loss": 0.6919564, "lr": 0.00088526, "params": 6465, "time_iter": 0.01235, "accuracy": 0.52381, "precision": 0.0, "recall": 0.0, "f1": 0.0, "auc": 0.60682}
{"epoch": 23, "time_epoch": 0.03242, "eta": 2.55325, "eta_hours": 0.00071, "loss": 0.69207093, "lr": 0.00087506, "params": 6465, "time_iter": 0.01081, "accuracy": 0.52381, "precision": 0.0, "recall": 0.0, "f1": 0.0, "auc": 0.45909}
{"epoch": 24, "time_epoch": 0.03234, "eta": 2.51589, "eta_hours": 0.0007, "loss": 0.69199492, "lr": 0.00086448, "params": 6465, "time_iter": 0.01078, "accuracy": 0.52381, "precision": 0.0, "recall": 0.0, "f1": 0.0, "auc": 0.51136}
{"epoch": 25, "time_epoch": 0.03302, "eta": 2.48085, "eta_hours": 0.00069, "loss": 0.69197963, "lr": 0.00085355, "params": 6465, "time_iter": 0.01101, "accuracy": 0.52381, "precision": 0.0, "recall": 0.0, "f1": 0.0, "auc": 0.48864}
{"epoch": 26, "time_epoch": 0.03286, "eta": 2.44552, "eta_hours": 0.00068, "loss": 0.69204195, "lr": 0.00084227, "params": 6465, "time_iter": 0.01095, "accuracy": 0.52381, "precision": 0.0, "recall": 0.0, "f1": 0.0, "auc": 0.49318}
{"epoch": 27, "time_epoch": 0.03294, "eta": 2.41058, "eta_hours": 0.00067, "loss": 0.69190065, "lr": 0.00083066, "params": 6465, "time_iter": 0.01098, "accuracy": 0.52381, "precision": 0.0, "recall": 0.0, "f1": 0.0, "auc": 0.58636}
{"epoch": 28, "time_epoch": 0.03273, "eta": 2.37525, "eta_hours": 0.00066, "loss": 0.69185555, "lr": 0.00081871, "params": 6465, "time_iter": 0.01091, "accuracy": 0.52381, "precision": 0.0, "recall": 0.0, "f1": 0.0, "auc": 0.68409}
{"epoch": 29, "time_epoch": 0.03406, "eta": 2.34322, "eta_hours": 0.00065, "loss": 0.69205144, "lr": 0.00080645, "params": 6465, "time_iter": 0.01135, "accuracy": 0.52381, "precision": 0.0, "recall": 0.0, "f1": 0.0, "auc": 0.44545}
{"epoch": 30, "time_epoch": 0.03402, "eta": 2.31096, "eta_hours": 0.00064, "loss": 0.69209983, "lr": 0.00079389, "params": 6465, "time_iter": 0.01134, "accuracy": 0.52381, "precision": 0.0, "recall": 0.0, "f1": 0.0, "auc": 0.52045}
{"epoch": 31, "time_epoch": 0.03313, "eta": 2.27671, "eta_hours": 0.00063, "loss": 0.69211467, "lr": 0.00078104, "params": 6465, "time_iter": 0.01104, "accuracy": 0.52381, "precision": 0.0, "recall": 0.0, "f1": 0.0, "auc": 0.42955}
{"epoch": 32, "time_epoch": 0.03305, "eta": 2.24236, "eta_hours": 0.00062, "loss": 0.69207669, "lr": 0.00076791, "params": 6465, "time_iter": 0.01102, "accuracy": 0.52381, "precision": 0.0, "recall": 0.0, "f1": 0.0, "auc": 0.46591}
{"epoch": 33, "time_epoch": 0.03123, "eta": 2.20455, "eta_hours": 0.00061, "loss": 0.69199176, "lr": 0.00075452, "params": 6465, "time_iter": 0.01041, "accuracy": 0.52381, "precision": 0.0, "recall": 0.0, "f1": 0.0, "auc": 0.44545}
{"epoch": 34, "time_epoch": 0.03201, "eta": 2.16856, "eta_hours": 0.0006, "loss": 0.69193179, "lr": 0.00074088, "params": 6465, "time_iter": 0.01067, "accuracy": 0.52381, "precision": 0.0, "recall": 0.0, "f1": 0.0, "auc": 0.53636}
{"epoch": 35, "time_epoch": 0.03683, "eta": 2.14137, "eta_hours": 0.00059, "loss": 0.69211884, "lr": 0.000727, "params": 6465, "time_iter": 0.01228, "accuracy": 0.52381, "precision": 0.0, "recall": 0.0, "f1": 0.0, "auc": 0.47273}
{"epoch": 36, "time_epoch": 0.03223, "eta": 2.10583, "eta_hours": 0.00058, "loss": 0.69213913, "lr": 0.00071289, "params": 6465, "time_iter": 0.01074, "accuracy": 0.52381, "precision": 0.0, "recall": 0.0, "f1": 0.0, "auc": 0.36818}
{"epoch": 37, "time_epoch": 0.03154, "eta": 2.06933, "eta_hours": 0.00057, "loss": 0.69220519, "lr": 0.00069857, "params": 6465, "time_iter": 0.01051, "accuracy": 0.52381, "precision": 0.0, "recall": 0.0, "f1": 0.0, "auc": 0.36364}
{"epoch": 38, "time_epoch": 0.03226, "eta": 2.03421, "eta_hours": 0.00057, "loss": 0.69195494, "lr": 0.00068406, "params": 6465, "time_iter": 0.01075, "accuracy": 0.52381, "precision": 0.0, "recall": 0.0, "f1": 0.0, "auc": 0.6}
{"epoch": 39, "time_epoch": 0.03094, "eta": 1.99725, "eta_hours": 0.00055, "loss": 0.69197406, "lr": 0.00066937, "params": 6465, "time_iter": 0.01031, "accuracy": 0.52381, "precision": 0.0, "recall": 0.0, "f1": 0.0, "auc": 0.53182}
{"epoch": 40, "time_epoch": 0.03178, "eta": 1.9618, "eta_hours": 0.00054, "loss": 0.69201084, "lr": 0.00065451, "params": 6465, "time_iter": 0.01059, "accuracy": 0.52381, "precision": 0.0, "recall": 0.0, "f1": 0.0, "auc": 0.49091}
{"epoch": 41, "time_epoch": 0.03257, "eta": 1.92761, "eta_hours": 0.00054, "loss": 0.69197066, "lr": 0.0006395, "params": 6465, "time_iter": 0.01086, "accuracy": 0.52381, "precision": 0.0, "recall": 0.0, "f1": 0.0, "auc": 0.52045}
{"epoch": 42, "time_epoch": 0.03436, "eta": 1.89587, "eta_hours": 0.00053, "loss": 0.69193018, "lr": 0.00062434, "params": 6465, "time_iter": 0.01145, "accuracy": 0.52381, "precision": 0.0, "recall": 0.0, "f1": 0.0, "auc": 0.59773}
{"epoch": 43, "time_epoch": 0.03179, "eta": 1.86074, "eta_hours": 0.00052, "loss": 0.69192517, "lr": 0.00060907, "params": 6465, "time_iter": 0.0106, "accuracy": 0.52381, "precision": 0.0, "recall": 0.0, "f1": 0.0, "auc": 0.56136}
{"epoch": 44, "time_epoch": 0.03225, "eta": 1.82632, "eta_hours": 0.00051, "loss": 0.69211161, "lr": 0.00059369, "params": 6465, "time_iter": 0.01075, "accuracy": 0.52381, "precision": 0.0, "recall": 0.0, "f1": 0.0, "auc": 0.44545}
{"epoch": 45, "time_epoch": 0.03179, "eta": 1.79145, "eta_hours": 0.0005, "loss": 0.69209419, "lr": 0.00057822, "params": 6465, "time_iter": 0.0106, "accuracy": 0.52381, "precision": 0.0, "recall": 0.0, "f1": 0.0, "auc": 0.47955}
{"epoch": 46, "time_epoch": 0.03197, "eta": 1.75692, "eta_hours": 0.00049, "loss": 0.69208978, "lr": 0.00056267, "params": 6465, "time_iter": 0.01066, "accuracy": 0.52381, "precision": 0.0, "recall": 0.0, "f1": 0.0, "auc": 0.45455}
{"epoch": 47, "time_epoch": 0.03229, "eta": 1.72284, "eta_hours": 0.00048, "loss": 0.69240954, "lr": 0.00054705, "params": 6465, "time_iter": 0.01076, "accuracy": 0.52381, "precision": 0.0, "recall": 0.0, "f1": 0.0, "auc": 0.29545}
{"epoch": 48, "time_epoch": 0.03193, "eta": 1.68846, "eta_hours": 0.00047, "loss": 0.69204898, "lr": 0.0005314, "params": 6465, "time_iter": 0.01064, "accuracy": 0.52381, "precision": 0.0, "recall": 0.0, "f1": 0.0, "auc": 0.575}
{"epoch": 49, "time_epoch": 0.03174, "eta": 1.65398, "eta_hours": 0.00046, "loss": 0.69205799, "lr": 0.00051571, "params": 6465, "time_iter": 0.01058, "accuracy": 0.52381, "precision": 0.0, "recall": 0.0, "f1": 0.0, "auc": 0.54545}
{"epoch": 50, "time_epoch": 0.03621, "eta": 1.62391, "eta_hours": 0.00045, "loss": 0.69203691, "lr": 0.0005, "params": 6465, "time_iter": 0.01207, "accuracy": 0.52381, "precision": 0.0, "recall": 0.0, "f1": 0.0, "auc": 0.56818}
{"epoch": 51, "time_epoch": 0.03219, "eta": 1.5899, "eta_hours": 0.00044, "loss": 0.69230136, "lr": 0.00048429, "params": 6465, "time_iter": 0.01073, "accuracy": 0.52381, "precision": 0.0, "recall": 0.0, "f1": 0.0, "auc": 0.30909}
{"epoch": 52, "time_epoch": 0.03112, "eta": 1.555, "eta_hours": 0.00043, "loss": 0.6920882, "lr": 0.0004686, "params": 6465, "time_iter": 0.01037, "accuracy": 0.52381, "precision": 0.0, "recall": 0.0, "f1": 0.0, "auc": 0.46136}
{"epoch": 53, "time_epoch": 0.0326, "eta": 1.5215, "eta_hours": 0.00042, "loss": 0.69206545, "lr": 0.00045295, "params": 6465, "time_iter": 0.01087, "accuracy": 0.52381, "precision": 0.0, "recall": 0.0, "f1": 0.0, "auc": 0.55}
{"epoch": 54, "time_epoch": 0.03236, "eta": 1.48784, "eta_hours": 0.00041, "loss": 0.69199775, "lr": 0.00043733, "params": 6465, "time_iter": 0.01079, "accuracy": 0.52381, "precision": 0.0, "recall": 0.0, "f1": 0.0, "auc": 0.54318}
{"epoch": 55, "time_epoch": 0.03659, "eta": 1.45755, "eta_hours": 0.0004, "loss": 0.69211774, "lr": 0.00042178, "params": 6465, "time_iter": 0.0122, "accuracy": 0.52381, "precision": 0.0, "recall": 0.0, "f1": 0.0, "auc": 0.53409}
{"epoch": 56, "time_epoch": 0.03638, "eta": 1.42688, "eta_hours": 0.0004, "loss": 0.69238348, "lr": 0.00040631, "params": 6465, "time_iter": 0.01213, "accuracy": 0.52381, "precision": 0.0, "recall": 0.0, "f1": 0.0, "auc": 0.3}
{"epoch": 57, "time_epoch": 0.03612, "eta": 1.39582, "eta_hours": 0.00039, "loss": 0.69194661, "lr": 0.00039093, "params": 6465, "time_iter": 0.01204, "accuracy": 0.52381, "precision": 0.0, "recall": 0.0, "f1": 0.0, "auc": 0.52045}
{"epoch": 58, "time_epoch": 0.03642, "eta": 1.3648, "eta_hours": 0.00038, "loss": 0.69194379, "lr": 0.00037566, "params": 6465, "time_iter": 0.01214, "accuracy": 0.52381, "precision": 0.0, "recall": 0.0, "f1": 0.0, "auc": 0.62273}
{"epoch": 59, "time_epoch": 0.03474, "eta": 1.33248, "eta_hours": 0.00037, "loss": 0.69200889, "lr": 0.0003605, "params": 6465, "time_iter": 0.01158, "accuracy": 0.52381, "precision": 0.0, "recall": 0.0, "f1": 0.0, "auc": 0.57045}
{"epoch": 60, "time_epoch": 0.03454, "eta": 1.29995, "eta_hours": 0.00036, "loss": 0.69233591, "lr": 0.00034549, "params": 6465, "time_iter": 0.01151, "accuracy": 0.52381, "precision": 0.0, "recall": 0.0, "f1": 0.0, "auc": 0.31591}
{"epoch": 61, "time_epoch": 0.03403, "eta": 1.26705, "eta_hours": 0.00035, "loss": 0.69199569, "lr": 0.00033063, "params": 6465, "time_iter": 0.01134, "accuracy": 0.52381, "precision": 0.0, "recall": 0.0, "f1": 0.0, "auc": 0.49545}
{"epoch": 62, "time_epoch": 0.03213, "eta": 1.23299, "eta_hours": 0.00034, "loss": 0.69200197, "lr": 0.00031594, "params": 6465, "time_iter": 0.01071, "accuracy": 0.52381, "precision": 0.0, "recall": 0.0, "f1": 0.0, "auc": 0.52727}
{"epoch": 63, "time_epoch": 0.03621, "eta": 1.20129, "eta_hours": 0.00033, "loss": 0.69189162, "lr": 0.00030143, "params": 6465, "time_iter": 0.01207, "accuracy": 0.52381, "precision": 0.0, "recall": 0.0, "f1": 0.0, "auc": 0.59773}
{"epoch": 64, "time_epoch": 0.03966, "eta": 1.17131, "eta_hours": 0.00033, "loss": 0.69203951, "lr": 0.00028711, "params": 6465, "time_iter": 0.01322, "accuracy": 0.52381, "precision": 0.0, "recall": 0.0, "f1": 0.0, "auc": 0.51818}
{"epoch": 65, "time_epoch": 0.03501, "eta": 1.13864, "eta_hours": 0.00032, "loss": 0.69205943, "lr": 0.000273, "params": 6465, "time_iter": 0.01167, "accuracy": 0.52381, "precision": 0.0, "recall": 0.0, "f1": 0.0, "auc": 0.49773}
{"epoch": 66, "time_epoch": 0.03593, "eta": 1.10635, "eta_hours": 0.00031, "loss": 0.69208709, "lr": 0.00025912, "params": 6465, "time_iter": 0.01198, "accuracy": 0.52381, "precision": 0.0, "recall": 0.0, "f1": 0.0, "auc": 0.45682}
{"epoch": 67, "time_epoch": 0.03298, "eta": 1.07257, "eta_hours": 0.0003, "loss": 0.69208994, "lr": 0.00024548, "params": 6465, "time_iter": 0.01099, "accuracy": 0.52381, "precision": 0.0, "recall": 0.0, "f1": 0.0, "auc": 0.4}
{"epoch": 68, "time_epoch": 0.03254, "eta": 1.03861, "eta_hours": 0.00029, "loss": 0.69203002, "lr": 0.00023209, "params": 6465, "time_iter": 0.01085, "accuracy": 0.52381, "precision": 0.0, "recall": 0.0, "f1": 0.0, "auc": 0.46136}
{"epoch": 69, "time_epoch": 0.0331, "eta": 1.00493, "eta_hours": 0.00028, "loss": 0.69211368, "lr": 0.00021896, "params": 6465, "time_iter": 0.01103, "accuracy": 0.52381, "precision": 0.0, "recall": 0.0, "f1": 0.0, "auc": 0.45227}
{"epoch": 70, "time_epoch": 0.03315, "eta": 0.9713, "eta_hours": 0.00027, "loss": 0.69187215, "lr": 0.00020611, "params": 6465, "time_iter": 0.01105, "accuracy": 0.52381, "precision": 0.0, "recall": 0.0, "f1": 0.0, "auc": 0.59773}
{"epoch": 71, "time_epoch": 0.03295, "eta": 0.93759, "eta_hours": 0.00026, "loss": 0.69201686, "lr": 0.00019355, "params": 6465, "time_iter": 0.01098, "accuracy": 0.52381, "precision": 0.0, "recall": 0.0, "f1": 0.0, "auc": 0.5}
{"epoch": 72, "time_epoch": 0.03294, "eta": 0.9039, "eta_hours": 0.00025, "loss": 0.69194825, "lr": 0.00018129, "params": 6465, "time_iter": 0.01098, "accuracy": 0.52381, "precision": 0.0, "recall": 0.0, "f1": 0.0, "auc": 0.57045}
{"epoch": 73, "time_epoch": 0.03281, "eta": 0.87019, "eta_hours": 0.00024, "loss": 0.69218047, "lr": 0.00016934, "params": 6465, "time_iter": 0.01094, "accuracy": 0.52381, "precision": 0.0, "recall": 0.0, "f1": 0.0, "auc": 0.36818}
{"epoch": 74, "time_epoch": 0.03206, "eta": 0.83625, "eta_hours": 0.00023, "loss": 0.69194621, "lr": 0.00015773, "params": 6465, "time_iter": 0.01069, "accuracy": 0.52381, "precision": 0.0, "recall": 0.0, "f1": 0.0, "auc": 0.54091}
{"epoch": 75, "time_epoch": 0.03349, "eta": 0.80281, "eta_hours": 0.00022, "loss": 0.69177246, "lr": 0.00014645, "params": 6465, "time_iter": 0.01116, "accuracy": 0.52381, "precision": 0.0, "recall": 0.0, "f1": 0.0, "auc": 0.70455}
{"epoch": 76, "time_epoch": 0.03254, "eta": 0.76909, "eta_hours": 0.00021, "loss": 0.69218426, "lr": 0.00013552, "params": 6465, "time_iter": 0.01085, "accuracy": 0.52381, "precision": 0.0, "recall": 0.0, "f1": 0.0, "auc": 0.36136}
{"epoch": 77, "time_epoch": 0.03431, "eta": 0.7359, "eta_hours": 0.0002, "loss": 0.69212413, "lr": 0.00012494, "params": 6465, "time_iter": 0.01144, "accuracy": 0.52381, "precision": 0.0, "recall": 0.0, "f1": 0.0, "auc": 0.36364}
{"epoch": 78, "time_epoch": 0.03613, "eta": 0.70316, "eta_hours": 0.0002, "loss": 0.69189867, "lr": 0.00011474, "params": 6465, "time_iter": 0.01204, "accuracy": 0.52381, "precision": 0.0, "recall": 0.0, "f1": 0.0, "auc": 0.58636}
{"epoch": 79, "time_epoch": 0.03672, "eta": 0.67048, "eta_hours": 0.00019, "loss": 0.69191683, "lr": 0.00010492, "params": 6465, "time_iter": 0.01224, "accuracy": 0.52381, "precision": 0.0, "recall": 0.0, "f1": 0.0, "auc": 0.58409}
{"epoch": 80, "time_epoch": 0.03242, "eta": 0.6367, "eta_hours": 0.00018, "loss": 0.69188111, "lr": 9.549e-05, "params": 6465, "time_iter": 0.01081, "accuracy": 0.52381, "precision": 0.0, "recall": 0.0, "f1": 0.0, "auc": 0.66591}
{"epoch": 81, "time_epoch": 0.04199, "eta": 0.60505, "eta_hours": 0.00017, "loss": 0.69224314, "lr": 8.646e-05, "params": 6465, "time_iter": 0.014, "accuracy": 0.52381, "precision": 0.0, "recall": 0.0, "f1": 0.0, "auc": 0.28864}
{"epoch": 82, "time_epoch": 0.03481, "eta": 0.57168, "eta_hours": 0.00016, "loss": 0.69215566, "lr": 7.784e-05, "params": 6465, "time_iter": 0.0116, "accuracy": 0.52381, "precision": 0.0, "recall": 0.0, "f1": 0.0, "auc": 0.37727}
{"epoch": 83, "time_epoch": 0.03323, "eta": 0.53798, "eta_hours": 0.00015, "loss": 0.69211915, "lr": 6.963e-05, "params": 6465, "time_iter": 0.01108, "accuracy": 0.52381, "precision": 0.0, "recall": 0.0, "f1": 0.0, "auc": 0.41136}
{"epoch": 84, "time_epoch": 0.04555, "eta": 0.50646, "eta_hours": 0.00014, "loss": 0.6920033, "lr": 6.185e-05, "params": 6465, "time_iter": 0.01518, "accuracy": 0.52381, "precision": 0.0, "recall": 0.0, "f1": 0.0, "auc": 0.45909}
{"epoch": 85, "time_epoch": 0.03992, "eta": 0.4737, "eta_hours": 0.00013, "loss": 0.69169888, "lr": 5.45e-05, "params": 6465, "time_iter": 0.01331, "accuracy": 0.52381, "precision": 0.0, "recall": 0.0, "f1": 0.0, "auc": 0.73864}
{"epoch": 86, "time_epoch": 0.04399, "eta": 0.44138, "eta_hours": 0.00012, "loss": 0.69201701, "lr": 4.759e-05, "params": 6465, "time_iter": 0.01466, "accuracy": 0.52381, "precision": 0.0, "recall": 0.0, "f1": 0.0, "auc": 0.55}
{"epoch": 87, "time_epoch": 0.0438, "eta": 0.40877, "eta_hours": 0.00011, "loss": 0.69188235, "lr": 4.112e-05, "params": 6465, "time_iter": 0.0146, "accuracy": 0.52381, "precision": 0.0, "recall": 0.0, "f1": 0.0, "auc": 0.57727}
{"epoch": 88, "time_epoch": 0.03806, "eta": 0.3752, "eta_hours": 0.0001, "loss": 0.69197717, "lr": 3.511e-05, "params": 6465, "time_iter": 0.01269, "accuracy": 0.52381, "precision": 0.0, "recall": 0.0, "f1": 0.0, "auc": 0.53409}
{"epoch": 89, "time_epoch": 0.0382, "eta": 0.34155, "eta_hours": 9e-05, "loss": 0.69215593, "lr": 2.956e-05, "params": 6465, "time_iter": 0.01273, "accuracy": 0.52381, "precision": 0.0, "recall": 0.0, "f1": 0.0, "auc": 0.40455}
{"epoch": 90, "time_epoch": 0.04117, "eta": 0.30808, "eta_hours": 9e-05, "loss": 0.69208598, "lr": 2.447e-05, "params": 6465, "time_iter": 0.01372, "accuracy": 0.52381, "precision": 0.0, "recall": 0.0, "f1": 0.0, "auc": 0.45227}
{"epoch": 91, "time_epoch": 0.04301, "eta": 0.27462, "eta_hours": 8e-05, "loss": 0.69202227, "lr": 1.985e-05, "params": 6465, "time_iter": 0.01434, "accuracy": 0.52381, "precision": 0.0, "recall": 0.0, "f1": 0.0, "auc": 0.46364}
{"epoch": 92, "time_epoch": 0.03494, "eta": 0.24034, "eta_hours": 7e-05, "loss": 0.69205898, "lr": 1.571e-05, "params": 6465, "time_iter": 0.01165, "accuracy": 0.52381, "precision": 0.0, "recall": 0.0, "f1": 0.0, "auc": 0.47727}
{"epoch": 93, "time_epoch": 0.03525, "eta": 0.20606, "eta_hours": 6e-05, "loss": 0.69186111, "lr": 1.204e-05, "params": 6465, "time_iter": 0.01175, "accuracy": 0.52381, "precision": 0.0, "recall": 0.0, "f1": 0.0, "auc": 0.65909}
{"epoch": 94, "time_epoch": 0.0344, "eta": 0.17172, "eta_hours": 5e-05, "loss": 0.6919275, "lr": 8.86e-06, "params": 6465, "time_iter": 0.01147, "accuracy": 0.52381, "precision": 0.0, "recall": 0.0, "f1": 0.0, "auc": 0.57273}
{"epoch": 95, "time_epoch": 0.03663, "eta": 0.13747, "eta_hours": 4e-05, "loss": 0.6919041, "lr": 6.16e-06, "params": 6465, "time_iter": 0.01221, "accuracy": 0.52381, "precision": 0.0, "recall": 0.0, "f1": 0.0, "auc": 0.61591}
{"epoch": 96, "time_epoch": 0.03899, "eta": 0.10325, "eta_hours": 3e-05, "loss": 0.69176214, "lr": 3.94e-06, "params": 6465, "time_iter": 0.013, "accuracy": 0.52381, "precision": 0.0, "recall": 0.0, "f1": 0.0, "auc": 0.68864}
{"epoch": 97, "time_epoch": 0.0339, "eta": 0.06882, "eta_hours": 2e-05, "loss": 0.69193129, "lr": 2.22e-06, "params": 6465, "time_iter": 0.0113, "accuracy": 0.52381, "precision": 0.0, "recall": 0.0, "f1": 0.0, "auc": 0.58409}
{"epoch": 98, "time_epoch": 0.03402, "eta": 0.03441, "eta_hours": 1e-05, "loss": 0.6920102, "lr": 9.9e-07, "params": 6465, "time_iter": 0.01134, "accuracy": 0.52381, "precision": 0.0, "recall": 0.0, "f1": 0.0, "auc": 0.49318}
{"epoch": 99, "time_epoch": 0.03356, "eta": 0.0, "eta_hours": 0.0, "loss": 0.69197617, "lr": 2.5e-07, "params": 6465, "time_iter": 0.01119, "accuracy": 0.52381, "precision": 0.0, "recall": 0.0, "f1": 0.0, "auc": 0.52955}
