{"epoch": 18, "time_epoch": 9.42016, "time_epoch_std": 0.61424, "eta": 825.06416, "eta_std": 158.18764, "eta_hours": 0.22918, "eta_hours_std": 0.04394, "loss": 0.56105, "loss_std": 0.02585, "lr": 0.00087, "lr_std": 0.00012, "params": 5321.0, "params_std": 0.0, "time_iter": 0.06777, "time_iter_std": 0.00442, "accuracy": 0.75, "accuracy_std": 0.00985, "accuracy_max": 0.76079, "precision": 0.74939, "precision_std": 0.02592, "recall": 0.54587, "recall_std": 0.01414, "f1": 0.63132, "f1_std": 0.01211, "auc": 0.77892, "auc_std": 0.02616}
