{"epoch": 0, "time_epoch": 22.14124, "time_epoch_std": 0.6951, "eta": 2191.9831, "eta_std": 68.8147, "eta_hours": 0.60888, "eta_hours_std": 0.01912, "loss": 0.66012, "loss_std": 0.00796, "lr": 0.001, "lr_std": 0.0, "params": 5321.0, "params_std": 0.0, "time_iter": 0.15929, "time_iter_std": 0.005, "accuracy": 0.64344, "accuracy_std": 0.0193, "accuracy_max": 0.66187, "precision": 0.76672, "precision_std": 0.13521, "recall": 0.16284, "recall_std": 0.09074, "f1": 0.24916, "f1_std": 0.13539, "auc": 0.63912, "auc_std": 0.04474}
{"epoch": 1, "time_epoch": 10.59604, "time_epoch_std": 2.16215, "eta": 1604.12701, "eta_std": 139.37454, "eta_hours": 0.44559, "eta_hours_std": 0.03872, "loss": 0.61592, "loss_std": 0.00553, "lr": 0.001, "lr_std": 0.0, "params": 5321.0, "params_std": 0.0, "time_iter": 0.07623, "time_iter_std": 0.01556, "accuracy": 0.683, "accuracy_std": 0.01175, "accuracy_max": 0.69604, "precision": 0.65144, "precision_std": 0.04056, "recall": 0.42202, "recall_std": 0.03582, "f1": 0.50995, "f1_std": 0.02184, "auc": 0.70019, "auc_std": 0.00851}
{"epoch": 2, "time_epoch": 9.43447, "time_epoch_std": 0.62574, "eta": 1363.55345, "eta_std": 102.72969, "eta_hours": 0.37876, "eta_hours_std": 0.02853, "loss": 0.5929, "loss_std": 0.01076, "lr": 0.001, "lr_std": 0.0, "params": 5321.0, "params_std": 0.0, "time_iter": 0.06787, "time_iter_std": 0.0045, "accuracy": 0.71133, "accuracy_std": 0.00412, "accuracy_max": 0.71583, "precision": 0.7185, "precision_std": 0.02919, "recall": 0.43808, "recall_std": 0.03501, "f1": 0.54254, "f1_std": 0.02043, "auc": 0.71572, "auc_std": 0.02605}
{"epoch": 3, "time_epoch": 9.44144, "time_epoch_std": 0.61865, "eta": 1238.71665, "eta_std": 86.06636, "eta_hours": 0.34409, "eta_hours_std": 0.02391, "loss": 0.58963, "loss_std": 0.00795, "lr": 0.001, "lr_std": 0.0, "params": 5321.0, "params_std": 0.0, "time_iter": 0.06792, "time_iter_std": 0.00445, "accuracy": 0.71718, "accuracy_std": 0.00447, "accuracy_max": 0.72122, "precision": 0.71028, "precision_std": 0.03094, "recall": 0.47706, "recall_std": 0.04506, "f1": 0.56821, "f1_std": 0.02457, "auc": 0.73748, "auc_std": 0.02358}
{"epoch": 4, "time_epoch": 9.44679, "time_epoch_std": 0.61312, "eta": 1160.1397, "eta_std": 76.91404, "eta_hours": 0.32226, "eta_hours_std": 0.02137, "loss": 0.57415, "loss_std": 0.00653, "lr": 0.001, "lr_std": 0.0, "params": 5321.0, "params_std": 0.0, "time_iter": 0.06796, "time_iter_std": 0.00441, "accuracy": 0.71718, "accuracy_std": 0.00233, "accuracy_max": 0.71942, "precision": 0.71108, "precision_std": 0.0231, "recall": 0.47248, "recall_std": 0.02694, "f1": 0.56665, "f1_std": 0.01354, "auc": 0.74006, "auc_std": 0.00899}
{"epoch": 5, "time_epoch": 9.43803, "time_epoch_std": 0.6225, "eta": 1104.46895, "eta_std": 71.31493, "eta_hours": 0.3068, "eta_hours_std": 0.01981, "loss": 0.57662, "loss_std": 0.01221, "lr": 0.00099, "lr_std": 0.0, "params": 5321.0, "params_std": 0.0, "time_iter": 0.0679, "time_iter_std": 0.00448, "accuracy": 0.71987, "accuracy_std": 0.01533, "accuracy_max": 0.7464, "precision": 0.70456, "precision_std": 0.02353, "recall": 0.49197, "recall_std": 0.03788, "f1": 0.57867, "f1_std": 0.03042, "auc": 0.75648, "auc_std": 0.01303}
{"epoch": 6, "time_epoch": 9.43696, "time_epoch_std": 0.63879, "eta": 1061.99336, "eta_std": 67.70241, "eta_hours": 0.295, "eta_hours_std": 0.01881, "loss": 0.58422, "loss_std": 0.02062, "lr": 0.00099, "lr_std": 0.0, "params": 5321.0, "params_std": 0.0, "time_iter": 0.06789, "time_iter_std": 0.0046, "accuracy": 0.71628, "accuracy_std": 0.01523, "accuracy_max": 0.73561, "precision": 0.69825, "precision_std": 0.03663, "recall": 0.49312, "recall_std": 0.05716, "f1": 0.57503, "f1_std": 0.03762, "auc": 0.75337, "auc_std": 0.0089}
{"epoch": 7, "time_epoch": 9.4247, "time_epoch_std": 0.62776, "eta": 1027.6364, "eta_std": 65.02737, "eta_hours": 0.28546, "eta_hours_std": 0.01806, "loss": 0.58059, "loss_std": 0.01273, "lr": 0.00099, "lr_std": 0.0, "params": 5321.0, "params_std": 0.0, "time_iter": 0.0678, "time_iter_std": 0.00452, "accuracy": 0.72932, "accuracy_std": 0.01591, "accuracy_max": 0.7518, "precision": 0.72076, "precision_std": 0.01337, "recall": 0.50573, "recall_std": 0.06011, "f1": 0.59226, "f1_std": 0.04394, "auc": 0.75096, "auc_std": 0.01618}
{"epoch": 8, "time_epoch": 9.41691, "time_epoch_std": 0.62819, "eta": 998.74114, "eta_std": 62.87415, "eta_hours": 0.27743, "eta_hours_std": 0.01747, "loss": 0.57063, "loss_std": 0.0067, "lr": 0.00098, "lr_std": 0.0, "params": 5321.0, "params_std": 0.0, "time_iter": 0.06774, "time_iter_std": 0.00452, "accuracy": 0.73426, "accuracy_std": 0.00963, "accuracy_max": 0.74101, "precision": 0.7166, "precision_std": 0.01683, "recall": 0.5344, "recall_std": 0.04135, "f1": 0.61109, "f1_std": 0.02572, "auc": 0.7599, "auc_std": 0.00719}
{"epoch": 9, "time_epoch": 9.40484, "time_epoch_std": 0.64431, "eta": 973.63293, "eta_std": 61.36923, "eta_hours": 0.27045, "eta_hours_std": 0.01705, "loss": 0.56991, "loss_std": 0.00648, "lr": 0.00098, "lr_std": 0.0, "params": 5321.0, "params_std": 0.0, "time_iter": 0.06766, "time_iter_std": 0.00463, "accuracy": 0.73066, "accuracy_std": 0.01067, "accuracy_max": 0.7482, "precision": 0.72466, "precision_std": 0.00998, "recall": 0.50459, "recall_std": 0.03243, "f1": 0.59444, "f1_std": 0.02478, "auc": 0.76588, "auc_std": 0.01064}
{"epoch": 10, "time_epoch": 9.44975, "time_epoch_std": 0.62684, "eta": 951.74324, "eta_std": 59.90323, "eta_hours": 0.26437, "eta_hours_std": 0.01664, "loss": 0.56806, "loss_std": 0.00893, "lr": 0.00098, "lr_std": 0.0, "params": 5321.0, "params_std": 0.0, "time_iter": 0.06798, "time_iter_std": 0.00451, "accuracy": 0.73831, "accuracy_std": 0.00848, "accuracy_max": 0.7518, "precision": 0.73205, "precision_std": 0.01567, "recall": 0.52523, "recall_std": 0.02564, "f1": 0.61116, "f1_std": 0.01819, "auc": 0.76568, "auc_std": 0.0058}
{"epoch": 11, "time_epoch": 9.39739, "time_epoch_std": 0.6475, "eta": 931.54286, "eta_std": 58.81206, "eta_hours": 0.25876, "eta_hours_std": 0.01634, "loss": 0.55634, "loss_std": 0.01574, "lr": 0.00097, "lr_std": 0.0, "params": 5321.0, "params_std": 0.0, "time_iter": 0.0676, "time_iter_std": 0.00466, "accuracy": 0.75225, "accuracy_std": 0.01534, "accuracy_max": 0.76799, "precision": 0.74183, "precision_std": 0.03088, "recall": 0.56651, "recall_std": 0.02564, "f1": 0.64188, "f1_std": 0.02174, "auc": 0.77299, "auc_std": 0.0066}
{"epoch": 12, "time_epoch": 9.43528, "time_epoch_std": 0.62042, "eta": 913.25811, "eta_std": 57.63523, "eta_hours": 0.25368, "eta_hours_std": 0.01601, "loss": 0.56796, "loss_std": 0.02077, "lr": 0.00096, "lr_std": 0.0, "params": 5321.0, "params_std": 0.0, "time_iter": 0.06788, "time_iter_std": 0.00447, "accuracy": 0.7428, "accuracy_std": 0.00458, "accuracy_max": 0.7482, "precision": 0.74108, "precision_std": 0.0212, "recall": 0.53211, "recall_std": 0.04424, "f1": 0.61758, "f1_std": 0.02415, "auc": 0.7711, "auc_std": 0.02135}
{"epoch": 13, "time_epoch": 9.4408, "time_epoch_std": 0.60524, "eta": 896.27144, "eta_std": 56.44064, "eta_hours": 0.24897, "eta_hours_std": 0.01568, "loss": 0.57453, "loss_std": 0.00941, "lr": 0.00096, "lr_std": 0.0, "params": 5321.0, "params_std": 0.0, "time_iter": 0.06792, "time_iter_std": 0.00435, "accuracy": 0.73471, "accuracy_std": 0.013, "accuracy_max": 0.7518, "precision": 0.72392, "precision_std": 0.01904, "recall": 0.52294, "recall_std": 0.03612, "f1": 0.60658, "f1_std": 0.02736, "auc": 0.76556, "auc_std": 0.01641}
{"epoch": 14, "time_epoch": 9.44529, "time_epoch_std": 0.61925, "eta": 880.31635, "eta_std": 55.4562, "eta_hours": 0.24453, "eta_hours_std": 0.0154, "loss": 0.55245, "loss_std": 0.01399, "lr": 0.00095, "lr_std": 0.0, "params": 5321.0, "params_std": 0.0, "time_iter": 0.06795, "time_iter_std": 0.00446, "accuracy": 0.74506, "accuracy_std": 0.01089, "accuracy_max": 0.75719, "precision": 0.74184, "precision_std": 0.01311, "recall": 0.5367, "recall_std": 0.03698, "f1": 0.62208, "f1_std": 0.02562, "auc": 0.77471, "auc_std": 0.00914}
{"epoch": 15, "time_epoch": 9.42846, "time_epoch_std": 0.62489, "eta": 865.08665, "eta_std": 54.56028, "eta_hours": 0.2403, "eta_hours_std": 0.01516, "loss": 0.54782, "loss_std": 0.01447, "lr": 0.00095, "lr_std": 0.0, "params": 5321.0, "params_std": 0.0, "time_iter": 0.06783, "time_iter_std": 0.0045, "accuracy": 0.7536, "accuracy_std": 0.0061, "accuracy_max": 0.76079, "precision": 0.73649, "precision_std": 0.0075, "recall": 0.57913, "recall_std": 0.03032, "f1": 0.64782, "f1_std": 0.01777, "auc": 0.78256, "auc_std": 0.02448}
{"epoch": 16, "time_epoch": 9.4646, "time_epoch_std": 0.61178, "eta": 850.71588, "eta_std": 53.6476, "eta_hours": 0.23631, "eta_hours_std": 0.0149, "loss": 0.55382, "loss_std": 0.01518, "lr": 0.00094, "lr_std": 0.0, "params": 5321.0, "params_std": 0.0, "time_iter": 0.06809, "time_iter_std": 0.0044, "accuracy": 0.74146, "accuracy_std": 0.00955, "accuracy_max": 0.7518, "precision": 0.72772, "precision_std": 0.01393, "recall": 0.54472, "recall_std": 0.03234, "f1": 0.62245, "f1_std": 0.02163, "auc": 0.77426, "auc_std": 0.01879}
{"epoch": 17, "time_epoch": 9.43833, "time_epoch_std": 0.61434, "eta": 836.77055, "eta_std": 52.78739, "eta_hours": 0.23244, "eta_hours_std": 0.01466, "loss": 0.57185, "loss_std": 0.01695, "lr": 0.00093, "lr_std": 0.0, "params": 5321.0, "params_std": 0.0, "time_iter": 0.0679, "time_iter_std": 0.00442, "accuracy": 0.73786, "accuracy_std": 0.01485, "accuracy_max": 0.7554, "precision": 0.71754, "precision_std": 0.01933, "recall": 0.54587, "recall_std": 0.03128, "f1": 0.61983, "f1_std": 0.02648, "auc": 0.7609, "auc_std": 0.01624}
{"epoch": 18, "time_epoch": 9.46102, "time_epoch_std": 0.60098, "eta": 823.39638, "eta_std": 51.90366, "eta_hours": 0.22872, "eta_hours_std": 0.01442, "loss": 0.57378, "loss_std": 0.01843, "lr": 0.00092, "lr_std": 0.0, "params": 5321.0, "params_std": 0.0, "time_iter": 0.06806, "time_iter_std": 0.00432, "accuracy": 0.74011, "accuracy_std": 0.00779, "accuracy_max": 0.7536, "precision": 0.72472, "precision_std": 0.01212, "recall": 0.54358, "recall_std": 0.01235, "f1": 0.6212, "f1_std": 0.01227, "auc": 0.76163, "auc_std": 0.00667}
{"epoch": 19, "time_epoch": 9.45482, "time_epoch_std": 0.60833, "eta": 810.38872, "eta_std": 51.07536, "eta_hours": 0.22511, "eta_hours_std": 0.01419, "loss": 0.55556, "loss_std": 0.01205, "lr": 0.00091, "lr_std": 0.0, "params": 5321.0, "params_std": 0.0, "time_iter": 0.06802, "time_iter_std": 0.00438, "accuracy": 0.7491, "accuracy_std": 0.01281, "accuracy_max": 0.76799, "precision": 0.74427, "precision_std": 0.00936, "recall": 0.54816, "recall_std": 0.03979, "f1": 0.63068, "f1_std": 0.02836, "auc": 0.77825, "auc_std": 0.01888}
{"epoch": 20, "time_epoch": 9.42166, "time_epoch_std": 0.59822, "eta": 797.59468, "eta_std": 50.20254, "eta_hours": 0.22156, "eta_hours_std": 0.01395, "loss": 0.5497, "loss_std": 0.00651, "lr": 0.0009, "lr_std": 0.0, "params": 5321.0, "params_std": 0.0, "time_iter": 0.06778, "time_iter_std": 0.00431, "accuracy": 0.7527, "accuracy_std": 0.01396, "accuracy_max": 0.76978, "precision": 0.74834, "precision_std": 0.02899, "recall": 0.55963, "recall_std": 0.04844, "f1": 0.63849, "f1_std": 0.03055, "auc": 0.77873, "auc_std": 0.01298}
{"epoch": 21, "time_epoch": 9.45955, "time_epoch_std": 0.62265, "eta": 785.24157, "eta_std": 49.46487, "eta_hours": 0.21812, "eta_hours_std": 0.01374, "loss": 0.56456, "loss_std": 0.01707, "lr": 0.0009, "lr_std": 0.0, "params": 5321.0, "params_std": 0.0, "time_iter": 0.06806, "time_iter_std": 0.00448, "accuracy": 0.74955, "accuracy_std": 0.0102, "accuracy_max": 0.76439, "precision": 0.74746, "precision_std": 0.01712, "recall": 0.54587, "recall_std": 0.02339, "f1": 0.63067, "f1_std": 0.0182, "auc": 0.77189, "auc_std": 0.00969}
{"epoch": 22, "time_epoch": 9.44234, "time_epoch_std": 0.60543, "eta": 773.08243, "eta_std": 48.69143, "eta_hours": 0.21474, "eta_hours_std": 0.01352, "loss": 0.56237, "loss_std": 0.01771, "lr": 0.00089, "lr_std": 0.0, "params": 5321.0, "params_std": 0.0, "time_iter": 0.06793, "time_iter_std": 0.00436, "accuracy": 0.75405, "accuracy_std": 0.00389, "accuracy_max": 0.76079, "precision": 0.75806, "precision_std": 0.02173, "recall": 0.54931, "recall_std": 0.02061, "f1": 0.63638, "f1_std": 0.0076, "auc": 0.77122, "auc_std": 0.01299}
{"epoch": 23, "time_epoch": 9.44065, "time_epoch_std": 0.61993, "eta": 761.14436, "eta_std": 47.976, "eta_hours": 0.21143, "eta_hours_std": 0.01333, "loss": 0.55088, "loss_std": 0.0038, "lr": 0.00088, "lr_std": 0.0, "params": 5321.0, "params_std": 0.0, "time_iter": 0.06792, "time_iter_std": 0.00446, "accuracy": 0.7572, "accuracy_std": 0.0061, "accuracy_max": 0.76619, "precision": 0.75689, "precision_std": 0.03335, "recall": 0.56652, "recall_std": 0.04695, "f1": 0.64552, "f1_std": 0.02284, "auc": 0.78196, "auc_std": 0.01151}
{"epoch": 24, "time_epoch": 9.43914, "time_epoch_std": 0.62667, "eta": 749.40156, "eta_std": 47.30078, "eta_hours": 0.20817, "eta_hours_std": 0.01314, "loss": 0.56762, "loss_std": 0.02353, "lr": 0.00086, "lr_std": 0.0, "params": 5321.0, "params_std": 0.0, "time_iter": 0.06791, "time_iter_std": 0.00451, "accuracy": 0.7473, "accuracy_std": 0.00484, "accuracy_max": 0.7554, "precision": 0.7334, "precision_std": 0.00531, "recall": 0.55848, "recall_std": 0.01313, "f1": 0.63404, "f1_std": 0.00969, "auc": 0.77753, "auc_std": 0.01015}
{"epoch": 25, "time_epoch": 9.32582, "time_epoch_std": 0.48913, "eta": 737.51343, "eta_std": 44.85725, "eta_hours": 0.20487, "eta_hours_std": 0.01246, "loss": 0.55128, "loss_std": 0.01748, "lr": 0.00085, "lr_std": 0.0, "params": 5321.0, "params_std": 0.0, "time_iter": 0.06709, "time_iter_std": 0.00352, "accuracy": 0.74685, "accuracy_std": 0.00653, "accuracy_max": 0.75719, "precision": 0.74168, "precision_std": 0.00571, "recall": 0.54358, "recall_std": 0.01791, "f1": 0.62725, "f1_std": 0.01367, "auc": 0.78187, "auc_std": 0.01106}
{"epoch": 26, "time_epoch": 9.30087, "time_epoch_std": 0.66009, "eta": 725.74764, "eta_std": 42.20132, "eta_hours": 0.2016, "eta_hours_std": 0.01172, "loss": 0.54736, "loss_std": 0.00405, "lr": 0.00084, "lr_std": 0.0, "params": 5321.0, "params_std": 0.0, "time_iter": 0.06691, "time_iter_std": 0.00475, "accuracy": 0.75225, "accuracy_std": 0.01248, "accuracy_max": 0.77338, "precision": 0.74993, "precision_std": 0.02137, "recall": 0.55275, "recall_std": 0.02564, "f1": 0.63609, "f1_std": 0.02087, "auc": 0.78417, "auc_std": 0.0113}
{"epoch": 27, "time_epoch": 9.44834, "time_epoch_std": 0.87823, "eta": 714.53711, "eta_std": 39.59176, "eta_hours": 0.19848, "eta_hours_std": 0.011, "loss": 0.54867, "loss_std": 0.02034, "lr": 0.00083, "lr_std": 0.0, "params": 5321.0, "params_std": 0.0, "time_iter": 0.06797, "time_iter_std": 0.00632, "accuracy": 0.7527, "accuracy_std": 0.01183, "accuracy_max": 0.77158, "precision": 0.76761, "precision_std": 0.02779, "recall": 0.53096, "recall_std": 0.02325, "f1": 0.62722, "f1_std": 0.01873, "auc": 0.77176, "auc_std": 0.02832}
{"epoch": 28, "time_epoch": 9.34947, "time_epoch_std": 0.93783, "eta": 703.20606, "eta_std": 37.05447, "eta_hours": 0.19534, "eta_hours_std": 0.01029, "loss": 0.54728, "loss_std": 0.00902, "lr": 0.00082, "lr_std": 0.0, "params": 5321.0, "params_std": 0.0, "time_iter": 0.06726, "time_iter_std": 0.00675, "accuracy": 0.7536, "accuracy_std": 0.00853, "accuracy_max": 0.76079, "precision": 0.74144, "precision_std": 0.02119, "recall": 0.57225, "recall_std": 0.03049, "f1": 0.64515, "f1_std": 0.01746, "auc": 0.79378, "auc_std": 0.01809}
{"epoch": 29, "time_epoch": 9.41918, "time_epoch_std": 0.81743, "eta": 692.16979, "eta_std": 35.06214, "eta_hours": 0.19227, "eta_hours_std": 0.00974, "loss": 0.55393, "loss_std": 0.00945, "lr": 0.00081, "lr_std": 0.0, "params": 5321.0, "params_std": 0.0, "time_iter": 0.06776, "time_iter_std": 0.00588, "accuracy": 0.7527, "accuracy_std": 0.0081, "accuracy_max": 0.76619, "precision": 0.73185, "precision_std": 0.01966, "recall": 0.58372, "recall_std": 0.00381, "f1": 0.64932, "f1_std": 0.00764, "auc": 0.78832, "auc_std": 0.01323}
{"epoch": 30, "time_epoch": 9.84979, "time_epoch_std": 1.17054, "eta": 682.19628, "eta_std": 33.89638, "eta_hours": 0.1895, "eta_hours_std": 0.00941, "loss": 0.55007, "loss_std": 0.01733, "lr": 0.00079, "lr_std": 0.0, "params": 5321.0, "params_std": 0.0, "time_iter": 0.07086, "time_iter_std": 0.00842, "accuracy": 0.74865, "accuracy_std": 0.0056, "accuracy_max": 0.7536, "precision": 0.73188, "precision_std": 0.0131, "recall": 0.56766, "recall_std": 0.03134, "f1": 0.63867, "f1_std": 0.01641, "auc": 0.78976, "auc_std": 0.01797}
{"epoch": 31, "time_epoch": 9.86444, "time_epoch_std": 1.20295, "eta": 672.26164, "eta_std": 32.98982, "eta_hours": 0.18674, "eta_hours_std": 0.00916, "loss": 0.55175, "loss_std": 0.01409, "lr": 0.00078, "lr_std": 0.0, "params": 5321.0, "params_std": 0.0, "time_iter": 0.07097, "time_iter_std": 0.00865, "accuracy": 0.7554, "accuracy_std": 0.01056, "accuracy_max": 0.76439, "precision": 0.74841, "precision_std": 0.0019, "recall": 0.56652, "recall_std": 0.03872, "f1": 0.64415, "f1_std": 0.02639, "auc": 0.78952, "auc_std": 0.02249}
{"epoch": 32, "time_epoch": 9.86661, "time_epoch_std": 1.18718, "eta": 662.33567, "eta_std": 32.30695, "eta_hours": 0.18398, "eta_hours_std": 0.00897, "loss": 0.52836, "loss_std": 0.00326, "lr": 0.00077, "lr_std": 0.0, "params": 5321.0, "params_std": 0.0, "time_iter": 0.07098, "time_iter_std": 0.00854, "accuracy": 0.7581, "accuracy_std": 0.00576, "accuracy_max": 0.76439, "precision": 0.73888, "precision_std": 0.02037, "recall": 0.59404, "recall_std": 0.01605, "f1": 0.65815, "f1_std": 0.00589, "auc": 0.80014, "auc_std": 0.0112}
{"epoch": 33, "time_epoch": 9.86432, "time_epoch_std": 1.19863, "eta": 652.40873, "eta_std": 31.76095, "eta_hours": 0.18122, "eta_hours_std": 0.00882, "loss": 0.54282, "loss_std": 0.02135, "lr": 0.00075, "lr_std": 0.0, "params": 5321.0, "params_std": 0.0, "time_iter": 0.07097, "time_iter_std": 0.00862, "accuracy": 0.7473, "accuracy_std": 0.00904, "accuracy_max": 0.75899, "precision": 0.72425, "precision_std": 0.02298, "recall": 0.57569, "recall_std": 0.01732, "f1": 0.64109, "f1_std": 0.01142, "auc": 0.79958, "auc_std": 0.01603}
{"epoch": 34, "time_epoch": 9.86365, "time_epoch_std": 1.19958, "eta": 642.48413, "eta_std": 31.37729, "eta_hours": 0.17847, "eta_hours_std": 0.00872, "loss": 0.5358, "loss_std": 0.01429, "lr": 0.00074, "lr_std": 0.0, "params": 5321.0, "params_std": 0.0, "time_iter": 0.07096, "time_iter_std": 0.00863, "accuracy": 0.7536, "accuracy_std": 0.01278, "accuracy_max": 0.77158, "precision": 0.74109, "precision_std": 0.02096, "recall": 0.5711, "recall_std": 0.01849, "f1": 0.64504, "f1_std": 0.01898, "auc": 0.80449, "auc_std": 0.01871}
{"epoch": 35, "time_epoch": 9.83432, "time_epoch_std": 1.17299, "eta": 632.51078, "eta_std": 31.06512, "eta_hours": 0.1757, "eta_hours_std": 0.00863, "loss": 0.53466, "loss_std": 0.01047, "lr": 0.00073, "lr_std": 0.0, "params": 5321.0, "params_std": 0.0, "time_iter": 0.07075, "time_iter_std": 0.00844, "accuracy": 0.75674, "accuracy_std": 0.00767, "accuracy_max": 0.76978, "precision": 0.75137, "precision_std": 0.02592, "recall": 0.56995, "recall_std": 0.02602, "f1": 0.64734, "f1_std": 0.01239, "auc": 0.79553, "auc_std": 0.01875}
{"epoch": 36, "time_epoch": 9.40023, "time_epoch_std": 1.1319, "eta": 621.80582, "eta_std": 30.8888, "eta_hours": 0.17272, "eta_hours_std": 0.00858, "loss": 0.53275, "loss_std": 0.00882, "lr": 0.00071, "lr_std": 0.0, "params": 5321.0, "params_std": 0.0, "time_iter": 0.06763, "time_iter_std": 0.00814, "accuracy": 0.7509, "accuracy_std": 0.00547, "accuracy_max": 0.75719, "precision": 0.71958, "precision_std": 0.00675, "recall": 0.59748, "recall_std": 0.0123, "f1": 0.65283, "f1_std": 0.00945, "auc": 0.80253, "auc_std": 0.01093}
{"epoch": 37, "time_epoch": 9.41593, "time_epoch_std": 1.1085, "eta": 611.19514, "eta_std": 30.7335, "eta_hours": 0.16978, "eta_hours_std": 0.00854, "loss": 0.53037, "loss_std": 0.01131, "lr": 0.0007, "lr_std": 0.0, "params": 5321.0, "params_std": 0.0, "time_iter": 0.06774, "time_iter_std": 0.00797, "accuracy": 0.7554, "accuracy_std": 0.00708, "accuracy_max": 0.76619, "precision": 0.73854, "precision_std": 0.01236, "recall": 0.58257, "recall_std": 0.01686, "f1": 0.65119, "f1_std": 0.0121, "auc": 0.80305, "auc_std": 0.01412}
{"epoch": 38, "time_epoch": 9.41948, "time_epoch_std": 1.10901, "eta": 600.65129, "eta_std": 30.61685, "eta_hours": 0.16685, "eta_hours_std": 0.00851, "loss": 0.54174, "loss_std": 0.0232, "lr": 0.00068, "lr_std": 0.0, "params": 5321.0, "params_std": 0.0, "time_iter": 0.06777, "time_iter_std": 0.00798, "accuracy": 0.76888, "accuracy_std": 0.00547, "accuracy_max": 0.77518, "precision": 0.76005, "precision_std": 0.01466, "recall": 0.60092, "recall_std": 0.0227, "f1": 0.67073, "f1_std": 0.01184, "auc": 0.80171, "auc_std": 0.01438}
{"epoch": 39, "time_epoch": 9.40144, "time_epoch_std": 1.08289, "eta": 590.13659, "eta_std": 30.50065, "eta_hours": 0.16392, "eta_hours_std": 0.00847, "loss": 0.53723, "loss_std": 0.01167, "lr": 0.00067, "lr_std": 0.0, "params": 5321.0, "params_std": 0.0, "time_iter": 0.06764, "time_iter_std": 0.00779, "accuracy": 0.76664, "accuracy_std": 0.00866, "accuracy_max": 0.78058, "precision": 0.7517, "precision_std": 0.01881, "recall": 0.6055, "recall_std": 0.02316, "f1": 0.67031, "f1_std": 0.01454, "auc": 0.80775, "auc_std": 0.01043}
{"epoch": 40, "time_epoch": 9.41544, "time_epoch_std": 1.11815, "eta": 579.69635, "eta_std": 30.41525, "eta_hours": 0.16103, "eta_hours_std": 0.00845, "loss": 0.52477, "loss_std": 0.01511, "lr": 0.00065, "lr_std": 0.0, "params": 5321.0, "params_std": 0.0, "time_iter": 0.06774, "time_iter_std": 0.00805, "accuracy": 0.76349, "accuracy_std": 0.00532, "accuracy_max": 0.77158, "precision": 0.75099, "precision_std": 0.018, "recall": 0.59518, "recall_std": 0.02457, "f1": 0.66346, "f1_std": 0.01107, "auc": 0.80459, "auc_std": 0.01593}
{"epoch": 41, "time_epoch": 9.20802, "time_epoch_std": 0.75194, "eta": 569.01846, "eta_std": 29.95466, "eta_hours": 0.15806, "eta_hours_std": 0.00832, "loss": 0.53084, "loss_std": 0.01211, "lr": 0.00064, "lr_std": 0.0, "params": 5321.0, "params_std": 0.0, "time_iter": 0.06624, "time_iter_std": 0.00541, "accuracy": 0.75989, "accuracy_std": 0.00603, "accuracy_max": 0.76978, "precision": 0.74748, "precision_std": 0.0115, "recall": 0.58601, "recall_std": 0.02478, "f1": 0.65654, "f1_std": 0.01394, "auc": 0.80613, "auc_std": 0.01675}
{"epoch": 42, "time_epoch": 9.00261, "time_epoch_std": 0.38941, "eta": 558.13666, "eta_std": 29.12001, "eta_hours": 0.15504, "eta_hours_std": 0.00809, "loss": 0.54337, "loss_std": 0.01627, "lr": 0.00062, "lr_std": 0.0, "params": 5321.0, "params_std": 0.0, "time_iter": 0.06477, "time_iter_std": 0.0028, "accuracy": 0.76259, "accuracy_std": 0.00422, "accuracy_max": 0.76619, "precision": 0.75579, "precision_std": 0.02975, "recall": 0.58716, "recall_std": 0.03478, "f1": 0.65934, "f1_std": 0.01159, "auc": 0.79688, "auc_std": 0.01777}
{"epoch": 43, "time_epoch": 8.98382, "time_epoch_std": 0.38697, "eta": 547.31636, "eta_std": 28.31067, "eta_hours": 0.15203, "eta_hours_std": 0.00787, "loss": 0.53837, "loss_std": 0.02269, "lr": 0.00061, "lr_std": 0.0, "params": 5321.0, "params_std": 0.0, "time_iter": 0.06463, "time_iter_std": 0.00278, "accuracy": 0.75584, "accuracy_std": 0.00588, "accuracy_max": 0.76439, "precision": 0.73554, "precision_std": 0.00689, "recall": 0.58945, "recall_std": 0.02605, "f1": 0.65404, "f1_std": 0.01535, "auc": 0.80331, "auc_std": 0.02169}
{"epoch": 44, "time_epoch": 8.8623, "time_epoch_std": 0.20799, "eta": 536.42915, "eta_std": 27.33281, "eta_hours": 0.14901, "eta_hours_std": 0.00759, "loss": 0.52192, "loss_std": 0.01975, "lr": 0.00059, "lr_std": 0.0, "params": 5321.0, "params_std": 0.0, "time_iter": 0.06376, "time_iter_std": 0.00149, "accuracy": 0.75944, "accuracy_std": 0.00808, "accuracy_max": 0.77338, "precision": 0.75525, "precision_std": 0.01883, "recall": 0.5734, "recall_std": 0.03417, "f1": 0.65093, "f1_std": 0.01945, "auc": 0.8104, "auc_std": 0.01949}
{"epoch": 45, "time_epoch": 9.0013, "time_epoch_std": 0.39442, "eta": 525.79317, "eta_std": 26.57798, "eta_hours": 0.14605, "eta_hours_std": 0.00738, "loss": 0.53194, "loss_std": 0.02174, "lr": 0.00058, "lr_std": 0.0, "params": 5321.0, "params_std": 0.0, "time_iter": 0.06476, "time_iter_std": 0.00284, "accuracy": 0.76349, "accuracy_std": 0.00642, "accuracy_max": 0.77158, "precision": 0.74648, "precision_std": 0.02142, "recall": 0.60436, "recall_std": 0.04945, "f1": 0.66602, "f1_std": 0.02312, "auc": 0.81432, "auc_std": 0.01246}
{"epoch": 46, "time_epoch": 8.96786, "time_epoch_std": 0.3544, "eta": 515.18903, "eta_std": 25.83242, "eta_hours": 0.14311, "eta_hours_std": 0.00717, "loss": 0.54078, "loss_std": 0.0187, "lr": 0.00056, "lr_std": 0.0, "params": 5321.0, "params_std": 0.0, "time_iter": 0.06452, "time_iter_std": 0.00255, "accuracy": 0.77383, "accuracy_std": 0.00196, "accuracy_max": 0.77698, "precision": 0.78155, "precision_std": 0.02514, "recall": 0.5906, "recall_std": 0.03829, "f1": 0.67124, "f1_std": 0.0157, "auc": 0.80397, "auc_std": 0.02429}
{"epoch": 47, "time_epoch": 8.96335, "time_epoch_std": 0.38379, "eta": 504.64819, "eta_std": 25.13557, "eta_hours": 0.14018, "eta_hours_std": 0.00698, "loss": 0.53132, "loss_std": 0.01671, "lr": 0.00055, "lr_std": 0.0, "params": 5321.0, "params_std": 0.0, "time_iter": 0.06448, "time_iter_std": 0.00276, "accuracy": 0.76214, "accuracy_std": 0.01021, "accuracy_max": 0.77698, "precision": 0.74382, "precision_std": 0.02021, "recall": 0.60092, "recall_std": 0.01806, "f1": 0.66451, "f1_std": 0.01394, "auc": 0.81069, "auc_std": 0.01549}
{"epoch": 48, "time_epoch": 8.82988, "time_epoch_std": 0.43888, "eta": 494.03281, "eta_std": 24.45832, "eta_hours": 0.13723, "eta_hours_std": 0.00679, "loss": 0.53834, "loss_std": 0.00843, "lr": 0.00053, "lr_std": 0.0, "params": 5321.0, "params_std": 0.0, "time_iter": 0.06352, "time_iter_std": 0.00316, "accuracy": 0.7536, "accuracy_std": 0.0096, "accuracy_max": 0.76978, "precision": 0.72206, "precision_std": 0.01369, "recall": 0.60436, "recall_std": 0.02435, "f1": 0.65772, "f1_std": 0.01676, "auc": 0.80677, "auc_std": 0.01391}
{"epoch": 49, "time_epoch": 8.99017, "time_epoch_std": 0.38003, "eta": 483.64914, "eta_std": 23.78652, "eta_hours": 0.13435, "eta_hours_std": 0.00661, "loss": 0.52299, "loss_std": 0.01852, "lr": 0.00052, "lr_std": 0.0, "params": 5321.0, "params_std": 0.0, "time_iter": 0.06468, "time_iter_std": 0.00273, "accuracy": 0.76439, "accuracy_std": 0.00742, "accuracy_max": 0.77698, "precision": 0.75151, "precision_std": 0.02803, "recall": 0.59977, "recall_std": 0.03101, "f1": 0.66595, "f1_std": 0.01217, "auc": 0.81105, "auc_std": 0.01982}
{"epoch": 50, "time_epoch": 8.97848, "time_epoch_std": 0.39448, "eta": 473.3089, "eta_std": 23.14183, "eta_hours": 0.13147, "eta_hours_std": 0.00643, "loss": 0.52436, "loss_std": 0.02256, "lr": 0.0005, "lr_std": 0.0, "params": 5321.0, "params_std": 0.0, "time_iter": 0.06459, "time_iter_std": 0.00284, "accuracy": 0.77158, "accuracy_std": 0.00834, "accuracy_max": 0.78058, "precision": 0.75303, "precision_std": 0.01853, "recall": 0.6227, "recall_std": 0.03266, "f1": 0.6809, "f1_std": 0.01725, "auc": 0.81325, "auc_std": 0.01706}
{"epoch": 51, "time_epoch": 8.9541, "time_epoch_std": 0.38882, "eta": 462.99852, "eta_std": 22.51481, "eta_hours": 0.12861, "eta_hours_std": 0.00625, "loss": 0.51796, "loss_std": 0.00986, "lr": 0.00048, "lr_std": 0.0, "params": 5321.0, "params_std": 0.0, "time_iter": 0.06442, "time_iter_std": 0.0028, "accuracy": 0.76888, "accuracy_std": 0.00973, "accuracy_max": 0.78417, "precision": 0.74577, "precision_std": 0.01807, "recall": 0.62385, "recall_std": 0.02595, "f1": 0.67894, "f1_std": 0.01613, "auc": 0.8224, "auc_std": 0.01149}
{"epoch": 52, "time_epoch": 8.96611, "time_epoch_std": 0.37945, "eta": 452.74996, "eta_std": 21.89317, "eta_hours": 0.12576, "eta_hours_std": 0.00608, "loss": 0.5283, "loss_std": 0.01604, "lr": 0.00047, "lr_std": 0.0, "params": 5321.0, "params_std": 0.0, "time_iter": 0.06451, "time_iter_std": 0.00273, "accuracy": 0.77248, "accuracy_std": 0.00484, "accuracy_max": 0.77878, "precision": 0.74986, "precision_std": 0.01589, "recall": 0.63073, "recall_std": 0.00945, "f1": 0.68495, "f1_std": 0.00316, "auc": 0.81638, "auc_std": 0.01144}
{"epoch": 53, "time_epoch": 8.97631, "time_epoch_std": 0.38217, "eta": 442.5576, "eta_std": 21.29049, "eta_hours": 0.12293, "eta_hours_std": 0.00591, "loss": 0.52039, "loss_std": 0.01395, "lr": 0.00045, "lr_std": 0.0, "params": 5321.0, "params_std": 0.0, "time_iter": 0.06457, "time_iter_std": 0.00275, "accuracy": 0.76169, "accuracy_std": 0.00939, "accuracy_max": 0.77698, "precision": 0.73486, "precision_std": 0.0126, "recall": 0.61353, "recall_std": 0.01846, "f1": 0.66865, "f1_std": 0.01489, "auc": 0.8196, "auc_std": 0.01243}
{"epoch": 54, "time_epoch": 8.98058, "time_epoch_std": 0.39651, "eta": 432.41296, "eta_std": 20.70287, "eta_hours": 0.12011, "eta_hours_std": 0.00575, "loss": 0.51973, "loss_std": 0.0171, "lr": 0.00044, "lr_std": 0.0, "params": 5321.0, "params_std": 0.0, "time_iter": 0.06461, "time_iter_std": 0.00285, "accuracy": 0.76709, "accuracy_std": 0.01183, "accuracy_max": 0.77878, "precision": 0.7659, "precision_std": 0.01568, "recall": 0.58601, "recall_std": 0.04913, "f1": 0.66249, "f1_std": 0.03005, "auc": 0.81291, "auc_std": 0.01859}
{"epoch": 55, "time_epoch": 8.99354, "time_epoch_std": 0.3998, "eta": 422.32007, "eta_std": 20.14143, "eta_hours": 0.11731, "eta_hours_std": 0.00559, "loss": 0.52632, "loss_std": 0.01819, "lr": 0.00042, "lr_std": 0.0, "params": 5321.0, "params_std": 0.0, "time_iter": 0.0647, "time_iter_std": 0.00288, "accuracy": 0.76888, "accuracy_std": 0.00412, "accuracy_max": 0.77338, "precision": 0.75226, "precision_std": 0.02347, "recall": 0.61468, "recall_std": 0.0227, "f1": 0.67578, "f1_std": 0.0053, "auc": 0.81179, "auc_std": 0.0183}
{"epoch": 56, "time_epoch": 8.95441, "time_epoch_std": 0.37639, "eta": 412.23623, "eta_std": 19.56829, "eta_hours": 0.11451, "eta_hours_std": 0.00544, "loss": 0.52198, "loss_std": 0.01398, "lr": 0.00041, "lr_std": 0.0, "params": 5321.0, "params_std": 0.0, "time_iter": 0.06442, "time_iter_std": 0.00271, "accuracy": 0.76079, "accuracy_std": 0.01152, "accuracy_max": 0.77698, "precision": 0.73947, "precision_std": 0.01039, "recall": 0.60206, "recall_std": 0.03857, "f1": 0.66306, "f1_std": 0.025, "auc": 0.81878, "auc_std": 0.02292}
{"epoch": 57, "time_epoch": 8.96104, "time_epoch_std": 0.3592, "eta": 402.19614, "eta_std": 18.9948, "eta_hours": 0.11172, "eta_hours_std": 0.00527, "loss": 0.52288, "loss_std": 0.01604, "lr": 0.00039, "lr_std": 0.0, "params": 5321.0, "params_std": 0.0, "time_iter": 0.06446, "time_iter_std": 0.00259, "accuracy": 0.76619, "accuracy_std": 0.00284, "accuracy_max": 0.76978, "precision": 0.74565, "precision_std": 0.01384, "recall": 0.61353, "recall_std": 0.01272, "f1": 0.67292, "f1_std": 0.00296, "auc": 0.81847, "auc_std": 0.01399}
{"epoch": 58, "time_epoch": 8.98155, "time_epoch_std": 0.38244, "eta": 392.20688, "eta_std": 18.44849, "eta_hours": 0.10894, "eta_hours_std": 0.00513, "loss": 0.51924, "loss_std": 0.0154, "lr": 0.00038, "lr_std": 0.0, "params": 5321.0, "params_std": 0.0, "time_iter": 0.06462, "time_iter_std": 0.00275, "accuracy": 0.77203, "accuracy_std": 0.00955, "accuracy_max": 0.78237, "precision": 0.76464, "precision_std": 0.02591, "recall": 0.6078, "recall_std": 0.04084, "f1": 0.6758, "f1_std": 0.02093, "auc": 0.81439, "auc_std": 0.01779}
{"epoch": 59, "time_epoch": 8.98879, "time_epoch_std": 0.38695, "eta": 382.25604, "eta_std": 17.9124, "eta_hours": 0.10618, "eta_hours_std": 0.00498, "loss": 0.52636, "loss_std": 0.01765, "lr": 0.00036, "lr_std": 0.0, "params": 5321.0, "params_std": 0.0, "time_iter": 0.06467, "time_iter_std": 0.00278, "accuracy": 0.77068, "accuracy_std": 0.01223, "accuracy_max": 0.78957, "precision": 0.76354, "precision_std": 0.02142, "recall": 0.60206, "recall_std": 0.02457, "f1": 0.67292, "f1_std": 0.01885, "auc": 0.81069, "auc_std": 0.02253}
{"epoch": 60, "time_epoch": 8.94772, "time_epoch_std": 0.41024, "eta": 372.31048, "eta_std": 17.39786, "eta_hours": 0.10342, "eta_hours_std": 0.00483, "loss": 0.52385, "loss_std": 0.01312, "lr": 0.00035, "lr_std": 0.0, "params": 5321.0, "params_std": 0.0, "time_iter": 0.06438, "time_iter_std": 0.00295, "accuracy": 0.76394, "accuracy_std": 0.00777, "accuracy_max": 0.77338, "precision": 0.74612, "precision_std": 0.01999, "recall": 0.6055, "recall_std": 0.04141, "f1": 0.6672, "f1_std": 0.02069, "auc": 0.81451, "auc_std": 0.00957}
{"epoch": 61, "time_epoch": 8.97894, "time_epoch_std": 0.37047, "eta": 362.41624, "eta_std": 16.86737, "eta_hours": 0.10067, "eta_hours_std": 0.00469, "loss": 0.53253, "loss_std": 0.02195, "lr": 0.00033, "lr_std": 0.0, "params": 5321.0, "params_std": 0.0, "time_iter": 0.0646, "time_iter_std": 0.00266, "accuracy": 0.76843, "accuracy_std": 0.0056, "accuracy_max": 0.77338, "precision": 0.75192, "precision_std": 0.01168, "recall": 0.61124, "recall_std": 0.00752, "f1": 0.67427, "f1_std": 0.00697, "auc": 0.81403, "auc_std": 0.01693}
{"epoch": 62, "time_epoch": 8.97554, "time_epoch_std": 0.38969, "eta": 352.54907, "eta_std": 16.35545, "eta_hours": 0.09793, "eta_hours_std": 0.00455, "loss": 0.51841, "loss_std": 0.01306, "lr": 0.00032, "lr_std": 0.0, "params": 5321.0, "params_std": 0.0, "time_iter": 0.06457, "time_iter_std": 0.0028, "accuracy": 0.76844, "accuracy_std": 0.01067, "accuracy_max": 0.77518, "precision": 0.75956, "precision_std": 0.01805, "recall": 0.59977, "recall_std": 0.03282, "f1": 0.66965, "f1_std": 0.02104, "auc": 0.82041, "auc_std": 0.01589}
{"epoch": 63, "time_epoch": 8.98596, "time_epoch_std": 0.38691, "eta": 342.71562, "eta_std": 15.84795, "eta_hours": 0.0952, "eta_hours_std": 0.0044, "loss": 0.50579, "loss_std": 0.00851, "lr": 0.0003, "lr_std": 0.0, "params": 5321.0, "params_std": 0.0, "time_iter": 0.06465, "time_iter_std": 0.00278, "accuracy": 0.76844, "accuracy_std": 0.00866, "accuracy_max": 0.77878, "precision": 0.76141, "precision_std": 0.02306, "recall": 0.59862, "recall_std": 0.03619, "f1": 0.66913, "f1_std": 0.01891, "auc": 0.82506, "auc_std": 0.01307}
{"epoch": 64, "time_epoch": 8.97807, "time_epoch_std": 0.38906, "eta": 332.904, "eta_std": 15.34599, "eta_hours": 0.09247, "eta_hours_std": 0.00426, "loss": 0.51303, "loss_std": 0.02534, "lr": 0.00029, "lr_std": 0.0, "params": 5321.0, "params_std": 0.0, "time_iter": 0.06459, "time_iter_std": 0.0028, "accuracy": 0.77248, "accuracy_std": 0.0109, "accuracy_max": 0.78597, "precision": 0.75363, "precision_std": 0.01591, "recall": 0.62385, "recall_std": 0.02575, "f1": 0.68234, "f1_std": 0.01809, "auc": 0.82126, "auc_std": 0.01923}
{"epoch": 65, "time_epoch": 8.9406, "time_epoch_std": 0.38144, "eta": 323.09833, "eta_std": 14.8496, "eta_hours": 0.08975, "eta_hours_std": 0.00412, "loss": 0.51054, "loss_std": 0.01398, "lr": 0.00027, "lr_std": 0.0, "params": 5321.0, "params_std": 0.0, "time_iter": 0.06432, "time_iter_std": 0.00274, "accuracy": 0.77293, "accuracy_std": 0.00149, "accuracy_max": 0.77518, "precision": 0.7521, "precision_std": 0.01054, "recall": 0.62844, "recall_std": 0.01487, "f1": 0.6845, "f1_std": 0.00495, "auc": 0.82343, "auc_std": 0.01069}
{"epoch": 66, "time_epoch": 8.96777, "time_epoch_std": 0.3788, "eta": 313.33187, "eta_std": 14.36048, "eta_hours": 0.08704, "eta_hours_std": 0.00399, "loss": 0.53177, "loss_std": 0.01364, "lr": 0.00026, "lr_std": 0.0, "params": 5321.0, "params_std": 0.0, "time_iter": 0.06452, "time_iter_std": 0.00273, "accuracy": 0.77293, "accuracy_std": 0.00988, "accuracy_max": 0.78417, "precision": 0.76596, "precision_std": 0.03343, "recall": 0.61009, "recall_std": 0.02955, "f1": 0.67795, "f1_std": 0.01286, "auc": 0.8118, "auc_std": 0.0094}
{"epoch": 67, "time_epoch": 8.92881, "time_epoch_std": 0.38613, "eta": 303.57057, "eta_std": 13.87524, "eta_hours": 0.08432, "eta_hours_std": 0.00386, "loss": 0.51339, "loss_std": 0.01103, "lr": 0.00025, "lr_std": 0.0, "params": 5321.0, "params_std": 0.0, "time_iter": 0.06424, "time_iter_std": 0.00278, "accuracy": 0.77338, "accuracy_std": 0.00774, "accuracy_max": 0.78058, "precision": 0.75786, "precision_std": 0.02171, "recall": 0.62156, "recall_std": 0.01051, "f1": 0.68268, "f1_std": 0.00659, "auc": 0.8219, "auc_std": 0.00995}
{"epoch": 68, "time_epoch": 9.21467, "time_epoch_std": 0.78212, "eta": 293.96182, "eta_std": 13.55302, "eta_hours": 0.08166, "eta_hours_std": 0.00376, "loss": 0.51945, "loss_std": 0.00814, "lr": 0.00023, "lr_std": 0.0, "params": 5321.0, "params_std": 0.0, "time_iter": 0.0663, "time_iter_std": 0.00563, "accuracy": 0.76529, "accuracy_std": 0.0106, "accuracy_max": 0.78058, "precision": 0.74926, "precision_std": 0.01992, "recall": 0.60436, "recall_std": 0.02835, "f1": 0.66851, "f1_std": 0.01813, "auc": 0.82258, "auc_std": 0.00981}
{"epoch": 69, "time_epoch": 8.97518, "time_epoch_std": 0.40704, "eta": 284.2617, "eta_std": 13.08136, "eta_hours": 0.07896, "eta_hours_std": 0.00363, "loss": 0.52424, "loss_std": 0.01489, "lr": 0.00022, "lr_std": 0.0, "params": 5321.0, "params_std": 0.0, "time_iter": 0.06457, "time_iter_std": 0.00293, "accuracy": 0.77114, "accuracy_std": 0.00689, "accuracy_max": 0.77878, "precision": 0.75322, "precision_std": 0.0048, "recall": 0.61927, "recall_std": 0.02694, "f1": 0.67936, "f1_std": 0.01593, "auc": 0.82381, "auc_std": 0.00884}
{"epoch": 70, "time_epoch": 9.13663, "time_epoch_std": 0.3894, "eta": 274.64794, "eta_std": 12.61427, "eta_hours": 0.07629, "eta_hours_std": 0.00351, "loss": 0.50409, "loss_std": 0.00742, "lr": 0.00021, "lr_std": 0.0, "params": 5321.0, "params_std": 0.0, "time_iter": 0.06573, "time_iter_std": 0.0028, "accuracy": 0.76888, "accuracy_std": 0.01005, "accuracy_max": 0.78597, "precision": 0.76136, "precision_std": 0.02739, "recall": 0.60092, "recall_std": 0.03417, "f1": 0.67054, "f1_std": 0.01792, "auc": 0.83162, "auc_std": 0.01293}
{"epoch": 71, "time_epoch": 9.00049, "time_epoch_std": 0.38387, "eta": 264.9945, "eta_std": 12.14041, "eta_hours": 0.07361, "eta_hours_std": 0.00338, "loss": 0.50766, "loss_std": 0.00793, "lr": 0.00019, "lr_std": 0.0, "params": 5321.0, "params_std": 0.0, "time_iter": 0.06475, "time_iter_std": 0.00276, "accuracy": 0.77338, "accuracy_std": 0.00773, "accuracy_max": 0.78417, "precision": 0.76221, "precision_std": 0.02548, "recall": 0.61583, "recall_std": 0.02325, "f1": 0.6805, "f1_std": 0.00979, "auc": 0.82538, "auc_std": 0.00193}
{"epoch": 72, "time_epoch": 8.98378, "time_epoch_std": 0.39339, "eta": 255.35275, "eta_std": 11.67596, "eta_hours": 0.07093, "eta_hours_std": 0.00324, "loss": 0.51736, "loss_std": 0.01534, "lr": 0.00018, "lr_std": 0.0, "params": 5321.0, "params_std": 0.0, "time_iter": 0.06463, "time_iter_std": 0.00283, "accuracy": 0.77248, "accuracy_std": 0.01176, "accuracy_max": 0.78597, "precision": 0.75161, "precision_std": 0.01745, "recall": 0.62729, "recall_std": 0.02759, "f1": 0.6835, "f1_std": 0.01966, "auc": 0.82336, "auc_std": 0.01571}
{"epoch": 73, "time_epoch": 8.97549, "time_epoch_std": 0.37732, "eta": 245.72589, "eta_std": 11.20818, "eta_hours": 0.06826, "eta_hours_std": 0.00311, "loss": 0.51464, "loss_std": 0.01654, "lr": 0.00017, "lr_std": 0.0, "params": 5321.0, "params_std": 0.0, "time_iter": 0.06457, "time_iter_std": 0.00272, "accuracy": 0.77068, "accuracy_std": 0.00691, "accuracy_max": 0.77698, "precision": 0.75265, "precision_std": 0.00823, "recall": 0.61926, "recall_std": 0.03797, "f1": 0.6786, "f1_std": 0.02024, "auc": 0.82626, "auc_std": 0.01672}
{"epoch": 74, "time_epoch": 8.96016, "time_epoch_std": 0.34329, "eta": 236.11128, "eta_std": 10.73331, "eta_hours": 0.06559, "eta_hours_std": 0.00298, "loss": 0.5203, "loss_std": 0.01539, "lr": 0.00016, "lr_std": 0.0, "params": 5321.0, "params_std": 0.0, "time_iter": 0.06446, "time_iter_std": 0.00247, "accuracy": 0.76349, "accuracy_std": 0.01029, "accuracy_max": 0.77698, "precision": 0.74512, "precision_std": 0.02439, "recall": 0.60551, "recall_std": 0.03417, "f1": 0.66709, "f1_std": 0.01866, "auc": 0.82015, "auc_std": 0.01368}
{"epoch": 75, "time_epoch": 9.00913, "time_epoch_std": 0.34665, "eta": 226.52936, "eta_std": 10.25838, "eta_hours": 0.06292, "eta_hours_std": 0.00285, "loss": 0.50041, "loss_std": 0.00788, "lr": 0.00015, "lr_std": 0.0, "params": 5321.0, "params_std": 0.0, "time_iter": 0.06481, "time_iter_std": 0.00249, "accuracy": 0.78103, "accuracy_std": 0.00955, "accuracy_max": 0.79496, "precision": 0.77386, "precision_std": 0.02635, "recall": 0.62615, "recall_std": 0.02523, "f1": 0.69145, "f1_std": 0.01296, "auc": 0.82876, "auc_std": 0.00915}
{"epoch": 76, "time_epoch": 8.95469, "time_epoch_std": 0.34113, "eta": 216.94606, "eta_std": 9.79665, "eta_hours": 0.06026, "eta_hours_std": 0.00272, "loss": 0.50377, "loss_std": 0.00932, "lr": 0.00014, "lr_std": 0.0, "params": 5321.0, "params_std": 0.0, "time_iter": 0.06442, "time_iter_std": 0.00245, "accuracy": 0.77203, "accuracy_std": 0.01067, "accuracy_max": 0.78597, "precision": 0.75582, "precision_std": 0.01171, "recall": 0.61812, "recall_std": 0.02499, "f1": 0.67989, "f1_std": 0.01885, "auc": 0.82252, "auc_std": 0.0068}
{"epoch": 77, "time_epoch": 9.32108, "time_epoch_std": 0.93879, "eta": 207.48221, "eta_std": 9.48918, "eta_hours": 0.05763, "eta_hours_std": 0.00264, "loss": 0.50254, "loss_std": 0.00318, "lr": 0.00012, "lr_std": 0.0, "params": 5321.0, "params_std": 0.0, "time_iter": 0.06706, "time_iter_std": 0.00675, "accuracy": 0.76889, "accuracy_std": 0.00517, "accuracy_max": 0.77698, "precision": 0.75125, "precision_std": 0.01219, "recall": 0.61468, "recall_std": 0.02575, "f1": 0.67564, "f1_std": 0.01289, "auc": 0.82801, "auc_std": 0.01005}
{"epoch": 78, "time_epoch": 9.46631, "time_epoch_std": 1.15243, "eta": 198.06058, "eta_std": 9.22023, "eta_hours": 0.05502, "eta_hours_std": 0.00256, "loss": 0.50178, "loss_std": 0.00951, "lr": 0.00011, "lr_std": 0.0, "params": 5321.0, "params_std": 0.0, "time_iter": 0.0681, "time_iter_std": 0.00829, "accuracy": 0.77608, "accuracy_std": 0.00576, "accuracy_max": 0.78417, "precision": 0.76562, "precision_std": 0.01884, "recall": 0.61926, "recall_std": 0.01414, "f1": 0.68439, "f1_std": 0.00645, "auc": 0.82994, "auc_std": 0.01063}
{"epoch": 79, "time_epoch": 9.43384, "time_epoch_std": 1.11702, "eta": 188.62972, "eta_std": 8.92357, "eta_hours": 0.0524, "eta_hours_std": 0.00248, "loss": 0.51475, "loss_std": 0.00744, "lr": 0.0001, "lr_std": 0.0, "params": 5321.0, "params_std": 0.0, "time_iter": 0.06787, "time_iter_std": 0.00804, "accuracy": 0.77428, "accuracy_std": 0.00324, "accuracy_max": 0.77878, "precision": 0.75566, "precision_std": 0.00749, "recall": 0.6273, "recall_std": 0.01094, "f1": 0.68542, "f1_std": 0.00583, "auc": 0.82451, "auc_std": 0.01073}
{"epoch": 80, "time_epoch": 9.28828, "time_epoch_std": 0.78959, "eta": 179.16464, "eta_std": 8.53877, "eta_hours": 0.04977, "eta_hours_std": 0.00237, "loss": 0.51657, "loss_std": 0.02614, "lr": 0.0001, "lr_std": 0.0, "params": 5321.0, "params_std": 0.0, "time_iter": 0.06682, "time_iter_std": 0.00568, "accuracy": 0.76754, "accuracy_std": 0.00938, "accuracy_max": 0.77698, "precision": 0.73465, "precision_std": 0.01149, "recall": 0.63762, "recall_std": 0.03077, "f1": 0.68226, "f1_std": 0.01869, "auc": 0.82416, "auc_std": 0.02143}
{"epoch": 81, "time_epoch": 9.26517, "time_epoch_std": 0.78739, "eta": 169.69881, "eta_std": 8.14672, "eta_hours": 0.04714, "eta_hours_std": 0.00226, "loss": 0.51554, "loss_std": 0.00899, "lr": 9e-05, "lr_std": 0.0, "params": 5321.0, "params_std": 0.0, "time_iter": 0.06665, "time_iter_std": 0.00566, "accuracy": 0.77922, "accuracy_std": 0.00545, "accuracy_max": 0.78597, "precision": 0.76112, "precision_std": 0.0164, "recall": 0.63761, "recall_std": 0.00649, "f1": 0.69374, "f1_std": 0.00331, "auc": 0.82152, "auc_std": 0.01608}
{"epoch": 82, "time_epoch": 9.41412, "time_epoch_std": 1.04029, "eta": 160.26831, "eta_std": 7.79648, "eta_hours": 0.04452, "eta_hours_std": 0.00217, "loss": 0.52224, "loss_std": 0.01708, "lr": 8e-05, "lr_std": 0.0, "params": 5321.0, "params_std": 0.0, "time_iter": 0.06773, "time_iter_std": 0.00749, "accuracy": 0.77203, "accuracy_std": 0.00628, "accuracy_max": 0.78237, "precision": 0.75335, "precision_std": 0.02008, "recall": 0.62385, "recall_std": 0.01685, "f1": 0.68209, "f1_std": 0.0072, "auc": 0.81943, "auc_std": 0.0166}
{"epoch": 83, "time_epoch": 9.17199, "time_epoch_std": 0.94245, "eta": 150.79208, "eta_std": 7.42678, "eta_hours": 0.04188, "eta_hours_std": 0.00206, "loss": 0.52035, "loss_std": 0.01449, "lr": 7e-05, "lr_std": 0.0, "params": 5321.0, "params_std": 0.0, "time_iter": 0.06598, "time_iter_std": 0.00678, "accuracy": 0.77698, "accuracy_std": 0.00908, "accuracy_max": 0.79137, "precision": 0.7578, "precision_std": 0.01326, "recall": 0.63417, "recall_std": 0.0274, "f1": 0.69011, "f1_std": 0.0168, "auc": 0.81856, "auc_std": 0.01516}
{"epoch": 84, "time_epoch": 9.4065, "time_epoch_std": 1.09642, "eta": 141.3644, "eta_std": 7.06043, "eta_hours": 0.03927, "eta_hours_std": 0.00196, "loss": 0.51238, "loss_std": 0.01702, "lr": 6e-05, "lr_std": 0.0, "params": 5321.0, "params_std": 0.0, "time_iter": 0.06767, "time_iter_std": 0.00789, "accuracy": 0.77563, "accuracy_std": 0.00514, "accuracy_max": 0.78237, "precision": 0.75201, "precision_std": 0.01034, "recall": 0.63876, "recall_std": 0.02209, "f1": 0.69045, "f1_std": 0.01124, "auc": 0.8262, "auc_std": 0.01463}
{"epoch": 85, "time_epoch": 9.40871, "time_epoch_std": 1.07316, "eta": 131.93757, "eta_std": 6.67633, "eta_hours": 0.03665, "eta_hours_std": 0.00185, "loss": 0.51888, "loss_std": 0.01439, "lr": 5e-05, "lr_std": 0.0, "params": 5321.0, "params_std": 0.0, "time_iter": 0.06769, "time_iter_std": 0.00772, "accuracy": 0.77653, "accuracy_std": 0.00735, "accuracy_max": 0.78417, "precision": 0.75932, "precision_std": 0.00449, "recall": 0.62959, "recall_std": 0.02478, "f1": 0.68814, "f1_std": 0.01566, "auc": 0.82228, "auc_std": 0.01006}
{"epoch": 86, "time_epoch": 9.43314, "time_epoch_std": 1.11023, "eta": 122.51481, "eta_std": 6.28232, "eta_hours": 0.03403, "eta_hours_std": 0.00175, "loss": 0.50821, "loss_std": 0.01815, "lr": 5e-05, "lr_std": 0.0, "params": 5321.0, "params_std": 0.0, "time_iter": 0.06786, "time_iter_std": 0.00799, "accuracy": 0.77743, "accuracy_std": 0.00756, "accuracy_max": 0.78237, "precision": 0.76012, "precision_std": 0.01332, "recall": 0.63188, "recall_std": 0.01045, "f1": 0.69004, "f1_std": 0.01018, "auc": 0.82888, "auc_std": 0.01558}
{"epoch": 87, "time_epoch": 9.43406, "time_epoch_std": 1.06386, "eta": 113.09194, "eta_std": 5.8688, "eta_hours": 0.03141, "eta_hours_std": 0.00163, "loss": 0.50545, "loss_std": 0.01462, "lr": 4e-05, "lr_std": 0.0, "params": 5321.0, "params_std": 0.0, "time_iter": 0.06787, "time_iter_std": 0.00765, "accuracy": 0.77248, "accuracy_std": 0.00371, "accuracy_max": 0.77698, "precision": 0.75594, "precision_std": 0.0113, "recall": 0.62041, "recall_std": 0.01568, "f1": 0.68128, "f1_std": 0.00722, "auc": 0.83091, "auc_std": 0.01065}
{"epoch": 88, "time_epoch": 9.41754, "time_epoch_std": 1.03765, "eta": 103.66676, "eta_std": 5.43864, "eta_hours": 0.0288, "eta_hours_std": 0.00151, "loss": 0.51413, "loss_std": 0.01274, "lr": 4e-05, "lr_std": 0.0, "params": 5321.0, "params_std": 0.0, "time_iter": 0.06775, "time_iter_std": 0.00747, "accuracy": 0.77698, "accuracy_std": 0.00794, "accuracy_max": 0.78957, "precision": 0.75424, "precision_std": 0.00707, "recall": 0.63991, "recall_std": 0.03153, "f1": 0.69189, "f1_std": 0.01792, "auc": 0.82062, "auc_std": 0.01303}
{"epoch": 89, "time_epoch": 9.42877, "time_epoch_std": 1.04161, "eta": 94.24302, "eta_std": 4.99844, "eta_hours": 0.02618, "eta_hours_std": 0.00139, "loss": 0.52121, "loss_std": 0.01414, "lr": 3e-05, "lr_std": 0.0, "params": 5321.0, "params_std": 0.0, "time_iter": 0.06783, "time_iter_std": 0.00749, "accuracy": 0.76934, "accuracy_std": 0.00149, "accuracy_max": 0.77158, "precision": 0.74471, "precision_std": 0.01209, "recall": 0.62729, "recall_std": 0.01534, "f1": 0.6807, "f1_std": 0.00404, "auc": 0.82138, "auc_std": 0.0098}
{"epoch": 90, "time_epoch": 9.46615, "time_epoch_std": 1.10912, "eta": 84.82285, "eta_std": 4.55223, "eta_hours": 0.02356, "eta_hours_std": 0.00126, "loss": 0.51166, "loss_std": 0.01063, "lr": 2e-05, "lr_std": 0.0, "params": 5321.0, "params_std": 0.0, "time_iter": 0.0681, "time_iter_std": 0.00798, "accuracy": 0.77698, "accuracy_std": 0.0089, "accuracy_max": 0.78777, "precision": 0.76252, "precision_std": 0.02189, "recall": 0.62729, "recall_std": 0.00819, "f1": 0.68813, "f1_std": 0.00908, "auc": 0.82792, "auc_std": 0.00909}
{"epoch": 91, "time_epoch": 9.30164, "time_epoch_std": 1.13122, "eta": 75.38738, "eta_std": 4.09062, "eta_hours": 0.02094, "eta_hours_std": 0.00113, "loss": 0.50105, "loss_std": 0.00533, "lr": 2e-05, "lr_std": 0.0, "params": 5321.0, "params_std": 0.0, "time_iter": 0.06692, "time_iter_std": 0.00814, "accuracy": 0.77968, "accuracy_std": 0.00412, "accuracy_max": 0.78597, "precision": 0.76378, "precision_std": 0.01975, "recall": 0.63647, "recall_std": 0.03282, "f1": 0.69334, "f1_std": 0.01344, "auc": 0.82882, "auc_std": 0.01139}
{"epoch": 92, "time_epoch": 9.3934, "time_epoch_std": 1.10325, "eta": 65.9617, "eta_std": 3.6213, "eta_hours": 0.01832, "eta_hours_std": 0.00101, "loss": 0.51292, "loss_std": 0.01535, "lr": 2e-05, "lr_std": 0.0, "params": 5321.0, "params_std": 0.0, "time_iter": 0.06758, "time_iter_std": 0.00794, "accuracy": 0.77248, "accuracy_std": 0.0093, "accuracy_max": 0.78597, "precision": 0.75906, "precision_std": 0.02694, "recall": 0.61697, "recall_std": 0.01791, "f1": 0.68016, "f1_std": 0.01035, "auc": 0.82809, "auc_std": 0.01129}
{"epoch": 93, "time_epoch": 9.44342, "time_epoch_std": 1.11318, "eta": 56.5399, "eta_std": 3.13873, "eta_hours": 0.0157, "eta_hours_std": 0.00087, "loss": 0.50766, "loss_std": 0.01476, "lr": 1e-05, "lr_std": 0.0, "params": 5321.0, "params_std": 0.0, "time_iter": 0.06794, "time_iter_std": 0.00801, "accuracy": 0.77428, "accuracy_std": 0.00655, "accuracy_max": 0.78417, "precision": 0.75798, "precision_std": 0.00745, "recall": 0.62385, "recall_std": 0.03094, "f1": 0.68386, "f1_std": 0.01665, "auc": 0.82688, "auc_std": 0.0168}
{"epoch": 94, "time_epoch": 9.38295, "time_epoch_std": 1.03328, "eta": 47.11446, "eta_std": 2.63963, "eta_hours": 0.01309, "eta_hours_std": 0.00073, "loss": 0.49794, "loss_std": 0.01132, "lr": 1e-05, "lr_std": 0.0, "params": 5321.0, "params_std": 0.0, "time_iter": 0.0675, "time_iter_std": 0.00743, "accuracy": 0.77608, "accuracy_std": 0.00997, "accuracy_max": 0.78597, "precision": 0.7578, "precision_std": 0.01916, "recall": 0.63188, "recall_std": 0.03484, "f1": 0.6883, "f1_std": 0.01968, "auc": 0.83213, "auc_std": 0.01264}
{"epoch": 95, "time_epoch": 9.43185, "time_epoch_std": 1.01456, "eta": 37.69194, "eta_std": 2.12961, "eta_hours": 0.01047, "eta_hours_std": 0.00059, "loss": 0.49947, "loss_std": 0.01446, "lr": 1e-05, "lr_std": 0.0, "params": 5321.0, "params_std": 0.0, "time_iter": 0.06786, "time_iter_std": 0.0073, "accuracy": 0.77293, "accuracy_std": 0.00866, "accuracy_max": 0.78417, "precision": 0.75676, "precision_std": 0.01006, "recall": 0.62041, "recall_std": 0.0276, "f1": 0.68147, "f1_std": 0.01768, "auc": 0.83239, "auc_std": 0.01476}
{"epoch": 96, "time_epoch": 9.07905, "time_epoch_std": 0.52475, "eta": 28.25832, "eta_std": 1.59599, "eta_hours": 0.00785, "eta_hours_std": 0.00044, "loss": 0.51236, "loss_std": 0.00918, "lr": 0.0, "lr_std": 0.0, "params": 5321.0, "params_std": 0.0, "time_iter": 0.06532, "time_iter_std": 0.00378, "accuracy": 0.76798, "accuracy_std": 0.00623, "accuracy_max": 0.77158, "precision": 0.75481, "precision_std": 0.02211, "recall": 0.60665, "recall_std": 0.02392, "f1": 0.67198, "f1_std": 0.01063, "auc": 0.8245, "auc_std": 0.00854}
{"epoch": 97, "time_epoch": 9.1065, "time_epoch_std": 0.39949, "eta": 18.8325, "eta_std": 1.052, "eta_hours": 0.00523, "eta_hours_std": 0.00029, "loss": 0.49829, "loss_std": 0.00584, "lr": 0.0, "lr_std": 0.0, "params": 5321.0, "params_std": 0.0, "time_iter": 0.06551, "time_iter_std": 0.00288, "accuracy": 0.77608, "accuracy_std": 0.00201, "accuracy_max": 0.77878, "precision": 0.75712, "precision_std": 0.00687, "recall": 0.63188, "recall_std": 0.01758, "f1": 0.68862, "f1_std": 0.00777, "auc": 0.83293, "auc_std": 0.00444}
{"epoch": 98, "time_epoch": 8.9766, "time_epoch_std": 0.1956, "eta": 9.41181, "eta_std": 0.52141, "eta_hours": 0.00261, "eta_hours_std": 0.00014, "loss": 0.50272, "loss_std": 0.01255, "lr": 0.0, "lr_std": 0.0, "params": 5321.0, "params_std": 0.0, "time_iter": 0.06458, "time_iter_std": 0.00141, "accuracy": 0.77833, "accuracy_std": 0.00588, "accuracy_max": 0.78597, "precision": 0.76362, "precision_std": 0.01909, "recall": 0.63074, "recall_std": 0.01395, "f1": 0.69051, "f1_std": 0.00579, "auc": 0.83094, "auc_std": 0.01018}
{"epoch": 99, "time_epoch": 9.05145, "time_epoch_std": 0.40068, "eta": 0.0, "eta_std": 0.0, "eta_hours": 0.0, "eta_hours_std": 0.0, "loss": 0.48744, "loss_std": 0.01282, "lr": 0.0, "lr_std": 0.0, "params": 5321.0, "params_std": 0.0, "time_iter": 0.06512, "time_iter_std": 0.00288, "accuracy": 0.77968, "accuracy_std": 0.01083, "accuracy_max": 0.79137, "precision": 0.76627, "precision_std": 0.01622, "recall": 0.63074, "recall_std": 0.0291, "f1": 0.69152, "f1_std": 0.01958, "auc": 0.83747, "auc_std": 0.00967}
