{"epoch": 23, "time_epoch": 6.73063, "time_epoch_std": 0.07236, "eta": 523.80242, "eta_std": 241.57202, "eta_hours": 0.1455, "eta_hours_std": 0.0671, "loss": 0.56361, "loss_std": 0.0098, "lr": 0.00071, "lr_std": 0.00038, "params": 7591.0, "params_std": 0.0, "time_iter": 0.04579, "time_iter_std": 0.00049, "accuracy": 0.74702, "accuracy_std": 0.01736, "accuracy_max": 0.77381, "precision": 0.74207, "precision_std": 0.0251, "recall": 0.59465, "recall_std": 0.02859, "f1": 0.66, "f1_std": 0.02505, "auc": 0.79097, "auc_std": 0.02317}
