{"epoch": 0, "time_epoch": 32.7407, "time_epoch_std": 12.71712, "eta": 3241.32978, "eta_std": 1258.9953, "eta_hours": 0.90037, "eta_hours_std": 0.34972, "loss": 0.67761, "loss_std": 0.0037, "lr": 0.001, "lr_std": 0.0, "params": 7591.0, "params_std": 0.0, "time_iter": 0.22272, "time_iter_std": 0.08651, "accuracy": 0.56207, "accuracy_std": 0.02483, "accuracy_max": 0.58673, "precision": 0.3558, "precision_std": 0.20593, "recall": 0.54115, "recall_std": 0.31715, "f1": 0.42842, "f1_std": 0.24827, "auc": 0.59231, "auc_std": 0.05641}
{"epoch": 1, "time_epoch": 6.98288, "time_epoch_std": 0.46635, "eta": 1946.45591, "eta_std": 605.54838, "eta_hours": 0.54068, "eta_hours_std": 0.16821, "loss": 0.61409, "loss_std": 0.01091, "lr": 0.001, "lr_std": 0.0, "params": 7591.0, "params_std": 0.0, "time_iter": 0.0475, "time_iter_std": 0.00317, "accuracy": 0.67432, "accuracy_std": 0.0088, "accuracy_max": 0.68878, "precision": 0.67929, "precision_std": 0.01311, "recall": 0.40124, "recall_std": 0.02337, "f1": 0.50419, "f1_std": 0.02049, "auc": 0.69639, "auc_std": 0.00786}
{"epoch": 2, "time_epoch": 6.97304, "time_epoch_std": 0.45799, "eta": 1509.85789, "eta_std": 388.14083, "eta_hours": 0.4194, "eta_hours_std": 0.10782, "loss": 0.5965, "loss_std": 0.01469, "lr": 0.001, "lr_std": 0.0, "params": 7591.0, "params_std": 0.0, "time_iter": 0.04744, "time_iter_std": 0.00312, "accuracy": 0.69855, "accuracy_std": 0.00783, "accuracy_max": 0.70578, "precision": 0.70436, "precision_std": 0.01754, "recall": 0.46811, "recall_std": 0.03685, "f1": 0.56127, "f1_std": 0.02366, "auc": 0.72637, "auc_std": 0.0203}
{"epoch": 3, "time_epoch": 6.89207, "time_epoch_std": 0.46404, "eta": 1286.12898, "eta_std": 282.16698, "eta_hours": 0.35726, "eta_hours_std": 0.07838, "loss": 0.57858, "loss_std": 0.00423, "lr": 0.001, "lr_std": 0.0, "params": 7591.0, "params_std": 0.0, "time_iter": 0.04688, "time_iter_std": 0.00316, "accuracy": 0.71726, "accuracy_std": 0.00582, "accuracy_max": 0.72279, "precision": 0.71953, "precision_std": 0.00794, "recall": 0.51749, "recall_std": 0.01024, "f1": 0.602, "f1_std": 0.00967, "auc": 0.7512, "auc_std": 0.0129}
{"epoch": 4, "time_epoch": 6.91882, "time_epoch_std": 0.46716, "eta": 1149.64314, "eta_std": 218.33692, "eta_hours": 0.31934, "eta_hours_std": 0.06065, "loss": 0.58203, "loss_std": 0.0164, "lr": 0.001, "lr_std": 0.0, "params": 7591.0, "params_std": 0.0, "time_iter": 0.04707, "time_iter_std": 0.00318, "accuracy": 0.72364, "accuracy_std": 0.02057, "accuracy_max": 0.7568, "precision": 0.7286, "precision_std": 0.03198, "recall": 0.52778, "recall_std": 0.03472, "f1": 0.61182, "f1_std": 0.03262, "auc": 0.75075, "auc_std": 0.02616}
{"epoch": 5, "time_epoch": 6.99709, "time_epoch_std": 0.45267, "eta": 1057.5724, "eta_std": 174.79216, "eta_hours": 0.29377, "eta_hours_std": 0.04855, "loss": 0.57076, "loss_std": 0.00884, "lr": 0.00099, "lr_std": 0.0, "params": 7591.0, "params_std": 0.0, "time_iter": 0.0476, "time_iter_std": 0.00308, "accuracy": 0.72236, "accuracy_std": 0.00652, "accuracy_max": 0.72959, "precision": 0.72156, "precision_std": 0.00944, "recall": 0.53498, "recall_std": 0.02761, "f1": 0.6139, "f1_std": 0.01745, "auc": 0.76916, "auc_std": 0.0101}
{"epoch": 6, "time_epoch": 6.69173, "time_epoch_std": 0.10338, "eta": 985.75152, "eta_std": 147.13497, "eta_hours": 0.27382, "eta_hours_std": 0.04087, "loss": 0.57063, "loss_std": 0.01553, "lr": 0.00099, "lr_std": 0.0, "params": 7591.0, "params_std": 0.0, "time_iter": 0.04552, "time_iter_std": 0.0007, "accuracy": 0.74405, "accuracy_std": 0.00727, "accuracy_max": 0.7534, "precision": 0.74867, "precision_std": 0.01109, "recall": 0.57304, "recall_std": 0.01281, "f1": 0.64914, "f1_std": 0.01121, "auc": 0.77988, "auc_std": 0.01585}
{"epoch": 7, "time_epoch": 6.73485, "time_epoch_std": 0.05802, "eta": 930.70882, "eta_std": 126.99138, "eta_hours": 0.25853, "eta_hours_std": 0.03528, "loss": 0.56942, "loss_std": 0.00644, "lr": 0.00099, "lr_std": 0.0, "params": 7591.0, "params_std": 0.0, "time_iter": 0.04582, "time_iter_std": 0.0004, "accuracy": 0.73767, "accuracy_std": 0.0144, "accuracy_max": 0.7534, "precision": 0.73013, "precision_std": 0.01733, "recall": 0.57922, "recall_std": 0.03616, "f1": 0.64547, "f1_std": 0.0266, "auc": 0.77678, "auc_std": 0.00882}
{"epoch": 8, "time_epoch": 6.69192, "time_epoch_std": 0.02012, "eta": 885.96706, "eta_std": 111.82607, "eta_hours": 0.2461, "eta_hours_std": 0.03106, "loss": 0.57385, "loss_std": 0.01102, "lr": 0.00098, "lr_std": 0.0, "params": 7591.0, "params_std": 0.0, "time_iter": 0.04552, "time_iter_std": 0.00013, "accuracy": 0.73639, "accuracy_std": 0.0051, "accuracy_max": 0.7449, "precision": 0.73629, "precision_std": 0.01903, "recall": 0.56687, "recall_std": 0.03983, "f1": 0.63919, "f1_std": 0.0194, "auc": 0.7732, "auc_std": 0.01872}
{"epoch": 9, "time_epoch": 6.71867, "time_epoch_std": 0.13567, "eta": 849.07612, "eta_std": 100.35337, "eta_hours": 0.23585, "eta_hours_std": 0.02788, "loss": 0.57585, "loss_std": 0.01709, "lr": 0.00098, "lr_std": 0.0, "params": 7591.0, "params_std": 0.0, "time_iter": 0.04571, "time_iter_std": 0.00092, "accuracy": 0.73299, "accuracy_std": 0.01102, "accuracy_max": 0.7466, "precision": 0.727, "precision_std": 0.0131, "recall": 0.56687, "recall_std": 0.03284, "f1": 0.63652, "f1_std": 0.02213, "auc": 0.76761, "auc_std": 0.01585}
{"epoch": 10, "time_epoch": 6.92341, "time_epoch_std": 0.2866, "eta": 819.32751, "eta_std": 92.14712, "eta_hours": 0.22759, "eta_hours_std": 0.0256, "loss": 0.55683, "loss_std": 0.00575, "lr": 0.00098, "lr_std": 0.0, "params": 7591.0, "params_std": 0.0, "time_iter": 0.0471, "time_iter_std": 0.00195, "accuracy": 0.74107, "accuracy_std": 0.0095, "accuracy_max": 0.7517, "precision": 0.73436, "precision_std": 0.01512, "recall": 0.58539, "recall_std": 0.01731, "f1": 0.65132, "f1_std": 0.01399, "auc": 0.78903, "auc_std": 0.00776}
{"epoch": 11, "time_epoch": 6.83466, "time_epoch_std": 0.13645, "eta": 792.73231, "eta_std": 84.48847, "eta_hours": 0.2202, "eta_hours_std": 0.02347, "loss": 0.56396, "loss_std": 0.00568, "lr": 0.00097, "lr_std": 0.0, "params": 7591.0, "params_std": 0.0, "time_iter": 0.0465, "time_iter_std": 0.00093, "accuracy": 0.7296, "accuracy_std": 0.01312, "accuracy_max": 0.7432, "precision": 0.72731, "precision_std": 0.02238, "recall": 0.5535, "recall_std": 0.02337, "f1": 0.62836, "f1_std": 0.01984, "auc": 0.78156, "auc_std": 0.00837}
{"epoch": 12, "time_epoch": 6.81917, "time_epoch_std": 0.17261, "eta": 769.07352, "eta_std": 78.2051, "eta_hours": 0.21363, "eta_hours_std": 0.02172, "loss": 0.56554, "loss_std": 0.00962, "lr": 0.00096, "lr_std": 0.0, "params": 7591.0, "params_std": 0.0, "time_iter": 0.04639, "time_iter_std": 0.00117, "accuracy": 0.733, "accuracy_std": 0.01013, "accuracy_max": 0.7415, "precision": 0.72213, "precision_std": 0.0233, "recall": 0.57716, "recall_std": 0.0155, "f1": 0.64115, "f1_std": 0.01036, "auc": 0.78195, "auc_std": 0.00632}
{"epoch": 13, "time_epoch": 6.82093, "time_epoch_std": 0.16431, "eta": 747.8312, "eta_std": 72.77398, "eta_hours": 0.20773, "eta_hours_std": 0.02021, "loss": 0.55332, "loss_std": 0.00372, "lr": 0.00096, "lr_std": 0.0, "params": 7591.0, "params_std": 0.0, "time_iter": 0.0464, "time_iter_std": 0.00112, "accuracy": 0.73724, "accuracy_std": 0.01118, "accuracy_max": 0.75, "precision": 0.72597, "precision_std": 0.0082, "recall": 0.58539, "recall_std": 0.04368, "f1": 0.64718, "f1_std": 0.02646, "auc": 0.78998, "auc_std": 0.00766}
{"epoch": 14, "time_epoch": 6.79974, "time_epoch_std": 0.1578, "eta": 728.39169, "eta_std": 67.92691, "eta_hours": 0.20233, "eta_hours_std": 0.01887, "loss": 0.56734, "loss_std": 0.00809, "lr": 0.00095, "lr_std": 0.0, "params": 7591.0, "params_std": 0.0, "time_iter": 0.04626, "time_iter_std": 0.00107, "accuracy": 0.73682, "accuracy_std": 0.00663, "accuracy_max": 0.7432, "precision": 0.72602, "precision_std": 0.0098, "recall": 0.58333, "recall_std": 0.01213, "f1": 0.64685, "f1_std": 0.00996, "auc": 0.77687, "auc_std": 0.00959}
{"epoch": 15, "time_epoch": 6.79776, "time_epoch_std": 0.18016, "eta": 710.52172, "eta_std": 63.69208, "eta_hours": 0.19737, "eta_hours_std": 0.01769, "loss": 0.55023, "loss_std": 0.01856, "lr": 0.00095, "lr_std": 0.0, "params": 7591.0, "params_std": 0.0, "time_iter": 0.04624, "time_iter_std": 0.00123, "accuracy": 0.74532, "accuracy_std": 0.01162, "accuracy_max": 0.76531, "precision": 0.7446, "precision_std": 0.02625, "recall": 0.58539, "recall_std": 0.00535, "f1": 0.65529, "f1_std": 0.01155, "auc": 0.78956, "auc_std": 0.01491}
{"epoch": 16, "time_epoch": 6.82851, "time_epoch_std": 0.14705, "eta": 694.1045, "eta_std": 59.93923, "eta_hours": 0.19281, "eta_hours_std": 0.01665, "loss": 0.56791, "loss_std": 0.01577, "lr": 0.00094, "lr_std": 0.0, "params": 7591.0, "params_std": 0.0, "time_iter": 0.04645, "time_iter_std": 0.001, "accuracy": 0.73002, "accuracy_std": 0.01091, "accuracy_max": 0.7432, "precision": 0.7236, "precision_std": 0.02055, "recall": 0.56173, "recall_std": 0.0138, "f1": 0.63232, "f1_std": 0.01362, "auc": 0.78383, "auc_std": 0.00968}
{"epoch": 17, "time_epoch": 6.80626, "time_epoch_std": 0.18009, "eta": 678.65132, "eta_std": 56.73732, "eta_hours": 0.18851, "eta_hours_std": 0.01576, "loss": 0.54729, "loss_std": 0.00923, "lr": 0.00093, "lr_std": 0.0, "params": 7591.0, "params_std": 0.0, "time_iter": 0.0463, "time_iter_std": 0.00122, "accuracy": 0.74915, "accuracy_std": 0.01112, "accuracy_max": 0.7619, "precision": 0.73722, "precision_std": 0.0139, "recall": 0.61111, "recall_std": 0.03449, "f1": 0.66768, "f1_std": 0.02174, "auc": 0.79266, "auc_std": 0.00633}
{"epoch": 18, "time_epoch": 6.84574, "time_epoch_std": 0.1709, "eta": 664.27663, "eta_std": 53.81575, "eta_hours": 0.18452, "eta_hours_std": 0.01495, "loss": 0.56146, "loss_std": 0.01084, "lr": 0.00092, "lr_std": 0.0, "params": 7591.0, "params_std": 0.0, "time_iter": 0.04657, "time_iter_std": 0.00116, "accuracy": 0.73299, "accuracy_std": 0.01232, "accuracy_max": 0.7517, "precision": 0.72028, "precision_std": 0.01397, "recall": 0.57819, "recall_std": 0.02545, "f1": 0.64132, "f1_std": 0.02052, "auc": 0.78264, "auc_std": 0.01036}
{"epoch": 19, "time_epoch": 6.79328, "time_epoch_std": 0.15074, "eta": 650.445, "eta_std": 51.0731, "eta_hours": 0.18068, "eta_hours_std": 0.01419, "loss": 0.56043, "loss_std": 0.012, "lr": 0.00091, "lr_std": 0.0, "params": 7591.0, "params_std": 0.0, "time_iter": 0.04621, "time_iter_std": 0.00103, "accuracy": 0.73469, "accuracy_std": 0.01109, "accuracy_max": 0.7534, "precision": 0.72831, "precision_std": 0.02611, "recall": 0.57304, "recall_std": 0.01826, "f1": 0.64095, "f1_std": 0.01283, "auc": 0.77974, "auc_std": 0.01374}
{"epoch": 20, "time_epoch": 6.80516, "time_epoch_std": 0.17901, "eta": 637.32837, "eta_std": 48.69497, "eta_hours": 0.17704, "eta_hours_std": 0.01353, "loss": 0.55801, "loss_std": 0.00475, "lr": 0.0009, "lr_std": 0.0, "params": 7591.0, "params_std": 0.0, "time_iter": 0.04629, "time_iter_std": 0.00122, "accuracy": 0.74022, "accuracy_std": 0.0044, "accuracy_max": 0.7466, "precision": 0.73669, "precision_std": 0.00821, "recall": 0.57819, "recall_std": 0.01217, "f1": 0.64778, "f1_std": 0.00772, "auc": 0.78288, "auc_std": 0.0121}
{"epoch": 21, "time_epoch": 6.80145, "time_epoch_std": 0.18652, "eta": 624.7724, "eta_std": 46.53111, "eta_hours": 0.17355, "eta_hours_std": 0.01292, "loss": 0.54795, "loss_std": 0.00865, "lr": 0.0009, "lr_std": 0.0, "params": 7591.0, "params_std": 0.0, "time_iter": 0.04627, "time_iter_std": 0.00127, "accuracy": 0.73214, "accuracy_std": 0.00855, "accuracy_max": 0.7466, "precision": 0.7202, "precision_std": 0.0079, "recall": 0.5751, "recall_std": 0.01981, "f1": 0.63943, "f1_std": 0.01507, "auc": 0.78834, "auc_std": 0.01374}
{"epoch": 22, "time_epoch": 6.8215, "time_epoch_std": 0.17249, "eta": 612.78395, "eta_std": 44.4885, "eta_hours": 0.17022, "eta_hours_std": 0.01236, "loss": 0.55561, "loss_std": 0.01147, "lr": 0.00089, "lr_std": 0.0, "params": 7591.0, "params_std": 0.0, "time_iter": 0.0464, "time_iter_std": 0.00118, "accuracy": 0.73724, "accuracy_std": 0.00619, "accuracy_max": 0.7466, "precision": 0.72213, "precision_std": 0.01949, "recall": 0.59362, "recall_std": 0.01466, "f1": 0.65122, "f1_std": 0.00534, "auc": 0.7841, "auc_std": 0.00805}
{"epoch": 23, "time_epoch": 6.8073, "time_epoch_std": 0.17625, "eta": 601.18108, "eta_std": 42.61464, "eta_hours": 0.167, "eta_hours_std": 0.01184, "loss": 0.5476, "loss_std": 0.01813, "lr": 0.00088, "lr_std": 0.0, "params": 7591.0, "params_std": 0.0, "time_iter": 0.04631, "time_iter_std": 0.0012, "accuracy": 0.75042, "accuracy_std": 0.01415, "accuracy_max": 0.77381, "precision": 0.75082, "precision_std": 0.01734, "recall": 0.59259, "recall_std": 0.02776, "f1": 0.66219, "f1_std": 0.02246, "auc": 0.79708, "auc_std": 0.01311}
{"epoch": 24, "time_epoch": 6.8114, "time_epoch_std": 0.17717, "eta": 589.9742, "eta_std": 40.88109, "eta_hours": 0.16388, "eta_hours_std": 0.01136, "loss": 0.55618, "loss_std": 0.00823, "lr": 0.00086, "lr_std": 0.0, "params": 7591.0, "params_std": 0.0, "time_iter": 0.04634, "time_iter_std": 0.0012, "accuracy": 0.74107, "accuracy_std": 0.00487, "accuracy_max": 0.7466, "precision": 0.73058, "precision_std": 0.0029, "recall": 0.59156, "recall_std": 0.01407, "f1": 0.65369, "f1_std": 0.00964, "auc": 0.79348, "auc_std": 0.01629}
{"epoch": 25, "time_epoch": 6.79884, "time_epoch_std": 0.17027, "eta": 579.06966, "eta_std": 39.26649, "eta_hours": 0.16085, "eta_hours_std": 0.01091, "loss": 0.54594, "loss_std": 0.01116, "lr": 0.00085, "lr_std": 0.0, "params": 7591.0, "params_std": 0.0, "time_iter": 0.04625, "time_iter_std": 0.00116, "accuracy": 0.74745, "accuracy_std": 0.00458, "accuracy_max": 0.7517, "precision": 0.73336, "precision_std": 0.01386, "recall": 0.61214, "recall_std": 0.02106, "f1": 0.66688, "f1_std": 0.0091, "auc": 0.79864, "auc_std": 0.00709}
{"epoch": 26, "time_epoch": 6.81471, "time_epoch_std": 0.18884, "eta": 568.51216, "eta_std": 37.79552, "eta_hours": 0.15792, "eta_hours_std": 0.0105, "loss": 0.54333, "loss_std": 0.0082, "lr": 0.00084, "lr_std": 0.0, "params": 7591.0, "params_std": 0.0, "time_iter": 0.04636, "time_iter_std": 0.00128, "accuracy": 0.7517, "accuracy_std": 0.01042, "accuracy_max": 0.76361, "precision": 0.7448, "precision_std": 0.00966, "recall": 0.60699, "recall_std": 0.02611, "f1": 0.66866, "f1_std": 0.01883, "auc": 0.79944, "auc_std": 0.00357}
{"epoch": 27, "time_epoch": 6.78961, "time_epoch_std": 0.17698, "eta": 558.15746, "eta_std": 36.36947, "eta_hours": 0.15504, "eta_hours_std": 0.0101, "loss": 0.55277, "loss_std": 0.00904, "lr": 0.00083, "lr_std": 0.0, "params": 7591.0, "params_std": 0.0, "time_iter": 0.04619, "time_iter_std": 0.0012, "accuracy": 0.74873, "accuracy_std": 0.01193, "accuracy_max": 0.76701, "precision": 0.74276, "precision_std": 0.01778, "recall": 0.59979, "recall_std": 0.01894, "f1": 0.66356, "f1_std": 0.01699, "auc": 0.79832, "auc_std": 0.00734}
{"epoch": 28, "time_epoch": 6.73146, "time_epoch_std": 0.153, "eta": 547.90626, "eta_std": 34.93642, "eta_hours": 0.1522, "eta_hours_std": 0.00971, "loss": 0.54974, "loss_std": 0.01828, "lr": 0.00082, "lr_std": 0.0, "params": 7591.0, "params_std": 0.0, "time_iter": 0.04579, "time_iter_std": 0.00104, "accuracy": 0.75255, "accuracy_std": 0.01384, "accuracy_max": 0.76871, "precision": 0.74628, "precision_std": 0.0174, "recall": 0.60803, "recall_std": 0.03219, "f1": 0.66969, "f1_std": 0.02326, "auc": 0.80096, "auc_std": 0.01311}
{"epoch": 29, "time_epoch": 6.68031, "time_epoch_std": 0.02762, "eta": 537.77035, "eta_std": 33.34957, "eta_hours": 0.14938, "eta_hours_std": 0.00926, "loss": 0.54757, "loss_std": 0.01565, "lr": 0.00081, "lr_std": 0.0, "params": 7591.0, "params_std": 0.0, "time_iter": 0.04544, "time_iter_std": 0.00019, "accuracy": 0.75808, "accuracy_std": 0.00919, "accuracy_max": 0.76871, "precision": 0.75018, "precision_std": 0.00915, "recall": 0.6214, "recall_std": 0.01995, "f1": 0.67966, "f1_std": 0.01507, "auc": 0.80998, "auc_std": 0.00461}
{"epoch": 30, "time_epoch": 6.69512, "time_epoch_std": 0.03272, "eta": 527.89035, "eta_std": 31.88303, "eta_hours": 0.14663, "eta_hours_std": 0.00886, "loss": 0.55053, "loss_std": 0.02123, "lr": 0.00079, "lr_std": 0.0, "params": 7591.0, "params_std": 0.0, "time_iter": 0.04554, "time_iter_std": 0.00022, "accuracy": 0.74788, "accuracy_std": 0.00606, "accuracy_max": 0.7568, "precision": 0.73574, "precision_std": 0.01131, "recall": 0.60905, "recall_std": 0.02197, "f1": 0.6661, "f1_std": 0.01212, "auc": 0.80163, "auc_std": 0.00892}
{"epoch": 31, "time_epoch": 6.66992, "time_epoch_std": 0.02912, "eta": 518.15584, "eta_std": 30.49358, "eta_hours": 0.14393, "eta_hours_std": 0.00847, "loss": 0.54738, "loss_std": 0.01574, "lr": 0.00078, "lr_std": 0.0, "params": 7591.0, "params_std": 0.0, "time_iter": 0.04538, "time_iter_std": 0.0002, "accuracy": 0.75425, "accuracy_std": 0.00653, "accuracy_max": 0.7619, "precision": 0.74992, "precision_std": 0.00557, "recall": 0.60803, "recall_std": 0.01577, "f1": 0.67149, "f1_std": 0.01152, "auc": 0.80154, "auc_std": 0.01443}
{"epoch": 32, "time_epoch": 6.66838, "time_epoch_std": 0.04301, "eta": 508.60395, "eta_std": 29.21108, "eta_hours": 0.14128, "eta_hours_std": 0.00812, "loss": 0.5426, "loss_std": 0.01203, "lr": 0.00077, "lr_std": 0.0, "params": 7591.0, "params_std": 0.0, "time_iter": 0.04536, "time_iter_std": 0.00029, "accuracy": 0.75468, "accuracy_std": 0.00556, "accuracy_max": 0.7619, "precision": 0.75563, "precision_std": 0.01907, "recall": 0.60185, "recall_std": 0.01177, "f1": 0.66972, "f1_std": 0.00383, "auc": 0.8052, "auc_std": 0.00385}
{"epoch": 33, "time_epoch": 6.77395, "time_epoch_std": 0.18496, "eta": 499.4266, "eta_std": 28.10005, "eta_hours": 0.13873, "eta_hours_std": 0.00781, "loss": 0.52993, "loss_std": 0.01921, "lr": 0.00075, "lr_std": 0.0, "params": 7591.0, "params_std": 0.0, "time_iter": 0.04608, "time_iter_std": 0.00126, "accuracy": 0.75808, "accuracy_std": 0.00641, "accuracy_max": 0.76531, "precision": 0.74316, "precision_std": 0.01602, "recall": 0.63477, "recall_std": 0.02441, "f1": 0.68422, "f1_std": 0.01148, "auc": 0.81795, "auc_std": 0.00531}
{"epoch": 34, "time_epoch": 6.86192, "time_epoch_std": 0.22091, "eta": 490.54997, "eta_std": 26.98183, "eta_hours": 0.13626, "eta_hours_std": 0.0075, "loss": 0.53198, "loss_std": 0.02177, "lr": 0.00074, "lr_std": 0.0, "params": 7591.0, "params_std": 0.0, "time_iter": 0.04668, "time_iter_std": 0.0015, "accuracy": 0.76446, "accuracy_std": 0.01435, "accuracy_max": 0.77551, "precision": 0.74449, "precision_std": 0.0128, "recall": 0.65432, "recall_std": 0.03634, "f1": 0.69612, "f1_std": 0.02464, "auc": 0.82132, "auc_std": 0.00729}
{"epoch": 35, "time_epoch": 6.85576, "time_epoch_std": 0.21856, "eta": 481.7743, "eta_std": 25.94833, "eta_hours": 0.13382, "eta_hours_std": 0.00721, "loss": 0.53955, "loss_std": 0.02037, "lr": 0.00073, "lr_std": 0.0, "params": 7591.0, "params_std": 0.0, "time_iter": 0.04664, "time_iter_std": 0.00148, "accuracy": 0.76701, "accuracy_std": 0.00601, "accuracy_max": 0.77211, "precision": 0.75044, "precision_std": 0.01365, "recall": 0.65432, "recall_std": 0.02058, "f1": 0.69877, "f1_std": 0.01017, "auc": 0.8191, "auc_std": 0.00697}
{"epoch": 36, "time_epoch": 6.91342, "time_epoch_std": 0.31589, "eta": 473.2006, "eta_std": 25.04473, "eta_hours": 0.13144, "eta_hours_std": 0.00696, "loss": 0.53244, "loss_std": 0.01169, "lr": 0.00071, "lr_std": 0.0, "params": 7591.0, "params_std": 0.0, "time_iter": 0.04703, "time_iter_std": 0.00215, "accuracy": 0.76276, "accuracy_std": 0.00642, "accuracy_max": 0.76701, "precision": 0.75753, "precision_std": 0.00971, "recall": 0.62654, "recall_std": 0.01345, "f1": 0.68576, "f1_std": 0.00981, "auc": 0.81736, "auc_std": 0.00641}
{"epoch": 37, "time_epoch": 6.83764, "time_epoch_std": 0.24668, "eta": 464.59065, "eta_std": 24.15495, "eta_hours": 0.12905, "eta_hours_std": 0.00671, "loss": 0.53625, "loss_std": 0.02884, "lr": 0.0007, "lr_std": 0.0, "params": 7591.0, "params_std": 0.0, "time_iter": 0.04652, "time_iter_std": 0.00168, "accuracy": 0.76148, "accuracy_std": 0.02286, "accuracy_max": 0.79422, "precision": 0.76588, "precision_std": 0.02652, "recall": 0.60803, "recall_std": 0.04211, "f1": 0.67758, "f1_std": 0.03532, "auc": 0.81627, "auc_std": 0.01872}
{"epoch": 38, "time_epoch": 6.88691, "time_epoch_std": 0.30713, "eta": 456.14865, "eta_std": 23.33449, "eta_hours": 0.12671, "eta_hours_std": 0.00648, "loss": 0.54225, "loss_std": 0.02147, "lr": 0.00068, "lr_std": 0.0, "params": 7591.0, "params_std": 0.0, "time_iter": 0.04685, "time_iter_std": 0.00209, "accuracy": 0.75085, "accuracy_std": 0.00919, "accuracy_max": 0.7619, "precision": 0.73903, "precision_std": 0.01042, "recall": 0.6142, "recall_std": 0.02944, "f1": 0.67042, "f1_std": 0.01839, "auc": 0.8146, "auc_std": 0.00846}
{"epoch": 39, "time_epoch": 6.92542, "time_epoch_std": 0.36183, "eta": 447.84217, "eta_std": 22.59932, "eta_hours": 0.1244, "eta_hours_std": 0.00628, "loss": 0.54732, "loss_std": 0.02147, "lr": 0.00067, "lr_std": 0.0, "params": 7591.0, "params_std": 0.0, "time_iter": 0.04711, "time_iter_std": 0.00246, "accuracy": 0.76106, "accuracy_std": 0.01253, "accuracy_max": 0.77211, "precision": 0.75272, "precision_std": 0.02085, "recall": 0.6286, "recall_std": 0.01281, "f1": 0.68503, "f1_std": 0.01522, "auc": 0.81883, "auc_std": 0.0069}
{"epoch": 40, "time_epoch": 6.85919, "time_epoch_std": 0.22466, "eta": 439.50774, "eta_std": 21.78979, "eta_hours": 0.12208, "eta_hours_std": 0.00605, "loss": 0.53354, "loss_std": 0.02007, "lr": 0.00065, "lr_std": 0.0, "params": 7591.0, "params_std": 0.0, "time_iter": 0.04666, "time_iter_std": 0.00153, "accuracy": 0.76403, "accuracy_std": 0.0053, "accuracy_max": 0.76871, "precision": 0.75778, "precision_std": 0.01976, "recall": 0.63272, "recall_std": 0.03232, "f1": 0.68871, "f1_std": 0.01278, "auc": 0.8269, "auc_std": 0.00576}
{"epoch": 41, "time_epoch": 6.85414, "time_epoch_std": 0.2204, "eta": 431.23659, "eta_std": 21.02297, "eta_hours": 0.11979, "eta_hours_std": 0.00584, "loss": 0.54611, "loss_std": 0.00899, "lr": 0.00064, "lr_std": 0.0, "params": 7591.0, "params_std": 0.0, "time_iter": 0.04663, "time_iter_std": 0.0015, "accuracy": 0.75425, "accuracy_std": 0.01485, "accuracy_max": 0.77381, "precision": 0.7515, "precision_std": 0.02375, "recall": 0.60596, "recall_std": 0.02317, "f1": 0.67075, "f1_std": 0.02103, "auc": 0.81234, "auc_std": 0.01293}
{"epoch": 42, "time_epoch": 6.88421, "time_epoch_std": 0.26996, "eta": 423.07121, "eta_std": 20.32511, "eta_hours": 0.11752, "eta_hours_std": 0.00565, "loss": 0.52258, "loss_std": 0.02633, "lr": 0.00062, "lr_std": 0.0, "params": 7591.0, "params_std": 0.0, "time_iter": 0.04683, "time_iter_std": 0.00184, "accuracy": 0.76616, "accuracy_std": 0.02434, "accuracy_max": 0.79422, "precision": 0.76025, "precision_std": 0.02693, "recall": 0.63272, "recall_std": 0.04398, "f1": 0.69042, "f1_std": 0.03729, "auc": 0.82326, "auc_std": 0.01865}
{"epoch": 43, "time_epoch": 6.96828, "time_epoch_std": 0.46887, "eta": 415.07106, "eta_std": 19.79208, "eta_hours": 0.1153, "eta_hours_std": 0.0055, "loss": 0.5505, "loss_std": 0.03871, "lr": 0.00061, "lr_std": 0.0, "params": 7591.0, "params_std": 0.0, "time_iter": 0.0474, "time_iter_std": 0.00319, "accuracy": 0.7449, "accuracy_std": 0.02438, "accuracy_max": 0.77211, "precision": 0.74115, "precision_std": 0.03403, "recall": 0.58745, "recall_std": 0.04241, "f1": 0.65506, "f1_std": 0.03773, "auc": 0.80605, "auc_std": 0.01942}
{"epoch": 44, "time_epoch": 6.86685, "time_epoch_std": 0.22532, "eta": 406.9928, "eta_std": 19.14279, "eta_hours": 0.11305, "eta_hours_std": 0.00532, "loss": 0.5321, "loss_std": 0.03329, "lr": 0.00059, "lr_std": 0.0, "params": 7591.0, "params_std": 0.0, "time_iter": 0.04672, "time_iter_std": 0.00153, "accuracy": 0.75595, "accuracy_std": 0.02248, "accuracy_max": 0.77211, "precision": 0.75087, "precision_std": 0.01179, "recall": 0.61111, "recall_std": 0.06497, "f1": 0.67234, "f1_std": 0.0455, "auc": 0.81595, "auc_std": 0.02319}
{"epoch": 45, "time_epoch": 6.84402, "time_epoch_std": 0.24098, "eta": 398.94042, "eta_std": 18.50597, "eta_hours": 0.11082, "eta_hours_std": 0.00514, "loss": 0.52629, "loss_std": 0.01832, "lr": 0.00058, "lr_std": 0.0, "params": 7591.0, "params_std": 0.0, "time_iter": 0.04656, "time_iter_std": 0.00164, "accuracy": 0.75935, "accuracy_std": 0.01394, "accuracy_max": 0.78061, "precision": 0.75362, "precision_std": 0.01636, "recall": 0.62037, "recall_std": 0.02782, "f1": 0.68034, "f1_std": 0.02163, "auc": 0.82341, "auc_std": 0.01364}
{"epoch": 46, "time_epoch": 6.86777, "time_epoch_std": 0.31702, "eta": 390.96623, "eta_std": 17.8993, "eta_hours": 0.1086, "eta_hours_std": 0.00497, "loss": 0.52823, "loss_std": 0.0077, "lr": 0.00056, "lr_std": 0.0, "params": 7591.0, "params_std": 0.0, "time_iter": 0.04672, "time_iter_std": 0.00216, "accuracy": 0.77338, "accuracy_std": 0.00674, "accuracy_max": 0.77891, "precision": 0.78857, "precision_std": 0.01263, "recall": 0.61729, "recall_std": 0.0092, "f1": 0.69244, "f1_std": 0.00884, "auc": 0.82315, "auc_std": 0.00501}
{"epoch": 47, "time_epoch": 6.96328, "time_epoch_std": 0.41041, "eta": 383.14162, "eta_std": 17.44493, "eta_hours": 0.10643, "eta_hours_std": 0.00485, "loss": 0.52557, "loss_std": 0.02856, "lr": 0.00055, "lr_std": 0.0, "params": 7591.0, "params_std": 0.0, "time_iter": 0.04737, "time_iter_std": 0.00279, "accuracy": 0.76063, "accuracy_std": 0.01537, "accuracy_max": 0.77721, "precision": 0.75277, "precision_std": 0.02063, "recall": 0.62654, "recall_std": 0.02641, "f1": 0.68372, "f1_std": 0.02222, "auc": 0.82652, "auc_std": 0.01285}
{"epoch": 48, "time_epoch": 6.85049, "time_epoch_std": 0.2044, "eta": 375.23476, "eta_std": 16.86738, "eta_hours": 0.10423, "eta_hours_std": 0.00468, "loss": 0.5462, "loss_std": 0.02184, "lr": 0.00053, "lr_std": 0.0, "params": 7591.0, "params_std": 0.0, "time_iter": 0.0466, "time_iter_std": 0.00139, "accuracy": 0.76701, "accuracy_std": 0.01355, "accuracy_max": 0.78912, "precision": 0.76318, "precision_std": 0.01529, "recall": 0.63272, "recall_std": 0.0358, "f1": 0.6913, "f1_std": 0.02376, "auc": 0.82062, "auc_std": 0.01054}
{"epoch": 49, "time_epoch": 6.74344, "time_epoch_std": 0.04793, "eta": 367.26312, "eta_std": 16.21094, "eta_hours": 0.10202, "eta_hours_std": 0.0045, "loss": 0.52838, "loss_std": 0.01462, "lr": 0.00052, "lr_std": 0.0, "params": 7591.0, "params_std": 0.0, "time_iter": 0.04587, "time_iter_std": 0.00033, "accuracy": 0.76021, "accuracy_std": 0.0129, "accuracy_max": 0.77041, "precision": 0.75752, "precision_std": 0.02004, "recall": 0.61831, "recall_std": 0.03765, "f1": 0.68009, "f1_std": 0.02363, "auc": 0.82357, "auc_std": 0.02059}
{"epoch": 50, "time_epoch": 6.79262, "time_epoch_std": 0.12414, "eta": 359.38688, "eta_std": 15.62943, "eta_hours": 0.09983, "eta_hours_std": 0.00434, "loss": 0.51809, "loss_std": 0.01239, "lr": 0.0005, "lr_std": 0.0, "params": 7591.0, "params_std": 0.0, "time_iter": 0.04621, "time_iter_std": 0.00084, "accuracy": 0.77126, "accuracy_std": 0.00912, "accuracy_max": 0.78571, "precision": 0.76469, "precision_std": 0.01019, "recall": 0.64506, "recall_std": 0.02353, "f1": 0.69958, "f1_std": 0.01554, "auc": 0.83274, "auc_std": 0.00651}
{"epoch": 51, "time_epoch": 6.72554, "time_epoch_std": 0.13519, "eta": 351.49041, "eta_std": 14.99271, "eta_hours": 0.09764, "eta_hours_std": 0.00416, "loss": 0.52223, "loss_std": 0.01244, "lr": 0.00048, "lr_std": 0.0, "params": 7591.0, "params_std": 0.0, "time_iter": 0.04575, "time_iter_std": 0.00092, "accuracy": 0.78061, "accuracy_std": 0.01376, "accuracy_max": 0.79932, "precision": 0.78552, "precision_std": 0.02468, "recall": 0.64609, "recall_std": 0.02037, "f1": 0.70878, "f1_std": 0.01807, "auc": 0.83136, "auc_std": 0.00683}
{"epoch": 52, "time_epoch": 6.72474, "time_epoch_std": 0.13743, "eta": 343.63741, "eta_std": 14.3863, "eta_hours": 0.09545, "eta_hours_std": 0.00399, "loss": 0.53706, "loss_std": 0.02871, "lr": 0.00047, "lr_std": 0.0, "params": 7591.0, "params_std": 0.0, "time_iter": 0.04574, "time_iter_std": 0.00093, "accuracy": 0.76063, "accuracy_std": 0.02088, "accuracy_max": 0.78571, "precision": 0.76408, "precision_std": 0.02645, "recall": 0.60803, "recall_std": 0.0358, "f1": 0.677, "f1_std": 0.0318, "auc": 0.82197, "auc_std": 0.01762}
{"epoch": 53, "time_epoch": 6.71859, "time_epoch_std": 0.12535, "eta": 335.82096, "eta_std": 13.81733, "eta_hours": 0.09328, "eta_hours_std": 0.00384, "loss": 0.53571, "loss_std": 0.02653, "lr": 0.00045, "lr_std": 0.0, "params": 7591.0, "params_std": 0.0, "time_iter": 0.0457, "time_iter_std": 0.00085, "accuracy": 0.76318, "accuracy_std": 0.01479, "accuracy_max": 0.78061, "precision": 0.75346, "precision_std": 0.02498, "recall": 0.6358, "recall_std": 0.02768, "f1": 0.68919, "f1_std": 0.02013, "auc": 0.82168, "auc_std": 0.01178}
{"epoch": 54, "time_epoch": 6.76286, "time_epoch_std": 0.08325, "eta": 328.08065, "eta_std": 13.28092, "eta_hours": 0.09114, "eta_hours_std": 0.00369, "loss": 0.53956, "loss_std": 0.02465, "lr": 0.00044, "lr_std": 0.0, "params": 7591.0, "params_std": 0.0, "time_iter": 0.046, "time_iter_std": 0.00057, "accuracy": 0.77891, "accuracy_std": 0.01397, "accuracy_max": 0.79932, "precision": 0.78148, "precision_std": 0.01197, "recall": 0.64506, "recall_std": 0.03043, "f1": 0.70655, "f1_std": 0.02265, "auc": 0.82148, "auc_std": 0.01642}
{"epoch": 55, "time_epoch": 6.7267, "time_epoch_std": 0.06727, "eta": 320.34685, "eta_std": 12.74278, "eta_hours": 0.08898, "eta_hours_std": 0.00354, "loss": 0.54862, "loss_std": 0.02283, "lr": 0.00042, "lr_std": 0.0, "params": 7591.0, "params_std": 0.0, "time_iter": 0.04576, "time_iter_std": 0.00046, "accuracy": 0.77041, "accuracy_std": 0.01041, "accuracy_max": 0.78231, "precision": 0.77818, "precision_std": 0.00874, "recall": 0.6214, "recall_std": 0.02486, "f1": 0.69083, "f1_std": 0.01823, "auc": 0.8228, "auc_std": 0.00867}
{"epoch": 56, "time_epoch": 6.72083, "time_epoch_std": 0.07267, "eta": 312.64394, "eta_std": 12.22134, "eta_hours": 0.08684, "eta_hours_std": 0.0034, "loss": 0.52192, "loss_std": 0.02124, "lr": 0.00041, "lr_std": 0.0, "params": 7591.0, "params_std": 0.0, "time_iter": 0.04572, "time_iter_std": 0.00049, "accuracy": 0.7619, "accuracy_std": 0.01382, "accuracy_max": 0.77891, "precision": 0.74867, "precision_std": 0.0243, "recall": 0.63889, "recall_std": 0.01346, "f1": 0.68932, "f1_std": 0.01612, "auc": 0.83206, "auc_std": 0.01086}
{"epoch": 57, "time_epoch": 6.65444, "time_epoch_std": 0.10738, "eta": 304.92683, "eta_std": 11.68869, "eta_hours": 0.0847, "eta_hours_std": 0.00325, "loss": 0.53198, "loss_std": 0.03311, "lr": 0.00039, "lr_std": 0.0, "params": 7591.0, "params_std": 0.0, "time_iter": 0.04527, "time_iter_std": 0.00073, "accuracy": 0.76488, "accuracy_std": 0.0188, "accuracy_max": 0.78571, "precision": 0.76086, "precision_std": 0.024, "recall": 0.6286, "recall_std": 0.04004, "f1": 0.68792, "f1_std": 0.0302, "auc": 0.82156, "auc_std": 0.02438}
{"epoch": 58, "time_epoch": 6.67622, "time_epoch_std": 0.1115, "eta": 297.26088, "eta_std": 11.17009, "eta_hours": 0.08257, "eta_hours_std": 0.0031, "loss": 0.52309, "loss_std": 0.0249, "lr": 0.00038, "lr_std": 0.0, "params": 7591.0, "params_std": 0.0, "time_iter": 0.04542, "time_iter_std": 0.00076, "accuracy": 0.76701, "accuracy_std": 0.01355, "accuracy_max": 0.77891, "precision": 0.76648, "precision_std": 0.01297, "recall": 0.62757, "recall_std": 0.04242, "f1": 0.6893, "f1_std": 0.02665, "auc": 0.82755, "auc_std": 0.01539}
{"epoch": 59, "time_epoch": 6.65811, "time_epoch_std": 0.13433, "eta": 289.61584, "eta_std": 10.67246, "eta_hours": 0.08045, "eta_hours_std": 0.00297, "loss": 0.51373, "loss_std": 0.00644, "lr": 0.00036, "lr_std": 0.0, "params": 7591.0, "params_std": 0.0, "time_iter": 0.04529, "time_iter_std": 0.00091, "accuracy": 0.76574, "accuracy_std": 0.01744, "accuracy_max": 0.79082, "precision": 0.76837, "precision_std": 0.01563, "recall": 0.61934, "recall_std": 0.04058, "f1": 0.6854, "f1_std": 0.02994, "auc": 0.8373, "auc_std": 0.0102}
{"epoch": 60, "time_epoch": 6.73235, "time_epoch_std": 0.13517, "eta": 282.05063, "eta_std": 10.22439, "eta_hours": 0.07834, "eta_hours_std": 0.00284, "loss": 0.51048, "loss_std": 0.02188, "lr": 0.00035, "lr_std": 0.0, "params": 7591.0, "params_std": 0.0, "time_iter": 0.0458, "time_iter_std": 0.00092, "accuracy": 0.78699, "accuracy_std": 0.01672, "accuracy_max": 0.80102, "precision": 0.77999, "precision_std": 0.01949, "recall": 0.6749, "recall_std": 0.03646, "f1": 0.72324, "f1_std": 0.02599, "auc": 0.8396, "auc_std": 0.00925}
{"epoch": 61, "time_epoch": 6.72839, "time_epoch_std": 0.14588, "eta": 274.50986, "eta_std": 9.78921, "eta_hours": 0.07625, "eta_hours_std": 0.00272, "loss": 0.526, "loss_std": 0.02168, "lr": 0.00033, "lr_std": 0.0, "params": 7591.0, "params_std": 0.0, "time_iter": 0.04577, "time_iter_std": 0.00099, "accuracy": 0.77976, "accuracy_std": 0.00995, "accuracy_max": 0.79422, "precision": 0.77537, "precision_std": 0.01139, "recall": 0.65741, "recall_std": 0.01656, "f1": 0.71151, "f1_std": 0.01438, "auc": 0.83514, "auc_std": 0.00659}
{"epoch": 62, "time_epoch": 6.69104, "time_epoch_std": 0.10331, "eta": 266.97294, "eta_std": 9.35339, "eta_hours": 0.07416, "eta_hours_std": 0.0026, "loss": 0.53141, "loss_std": 0.03039, "lr": 0.00032, "lr_std": 0.0, "params": 7591.0, "params_std": 0.0, "time_iter": 0.04552, "time_iter_std": 0.0007, "accuracy": 0.76998, "accuracy_std": 0.01009, "accuracy_max": 0.77891, "precision": 0.76264, "precision_std": 0.01387, "recall": 0.64404, "recall_std": 0.02408, "f1": 0.69808, "f1_std": 0.0164, "auc": 0.83865, "auc_std": 0.00805}
{"epoch": 63, "time_epoch": 6.66541, "time_epoch_std": 0.06357, "eta": 259.44804, "eta_std": 8.94067, "eta_hours": 0.07207, "eta_hours_std": 0.00248, "loss": 0.50932, "loss_std": 0.02354, "lr": 0.0003, "lr_std": 0.0, "params": 7591.0, "params_std": 0.0, "time_iter": 0.04534, "time_iter_std": 0.00043, "accuracy": 0.78401, "accuracy_std": 0.01134, "accuracy_max": 0.79592, "precision": 0.78523, "precision_std": 0.02459, "recall": 0.65844, "recall_std": 0.02197, "f1": 0.71582, "f1_std": 0.01459, "auc": 0.8385, "auc_std": 0.0083}
{"epoch": 64, "time_epoch": 6.69332, "time_epoch_std": 0.09663, "eta": 251.96461, "eta_std": 8.54256, "eta_hours": 0.06999, "eta_hours_std": 0.00237, "loss": 0.54761, "loss_std": 0.03026, "lr": 0.00029, "lr_std": 0.0, "params": 7591.0, "params_std": 0.0, "time_iter": 0.04553, "time_iter_std": 0.00066, "accuracy": 0.75978, "accuracy_std": 0.0124, "accuracy_max": 0.77551, "precision": 0.75328, "precision_std": 0.02223, "recall": 0.62346, "recall_std": 0.02226, "f1": 0.68196, "f1_std": 0.01718, "auc": 0.82914, "auc_std": 0.01769}
{"epoch": 65, "time_epoch": 6.70848, "time_epoch_std": 0.14406, "eta": 244.51294, "eta_std": 8.17501, "eta_hours": 0.06792, "eta_hours_std": 0.00227, "loss": 0.5164, "loss_std": 0.01233, "lr": 0.00027, "lr_std": 0.0, "params": 7591.0, "params_std": 0.0, "time_iter": 0.04564, "time_iter_std": 0.00098, "accuracy": 0.77678, "accuracy_std": 0.01137, "accuracy_max": 0.78912, "precision": 0.77836, "precision_std": 0.01031, "recall": 0.643, "recall_std": 0.03258, "f1": 0.7038, "f1_std": 0.02103, "auc": 0.83871, "auc_std": 0.00925}
{"epoch": 66, "time_epoch": 6.71662, "time_epoch_std": 0.13984, "eta": 237.08746, "eta_std": 7.82429, "eta_hours": 0.06586, "eta_hours_std": 0.00217, "loss": 0.51128, "loss_std": 0.02278, "lr": 0.00026, "lr_std": 0.0, "params": 7591.0, "params_std": 0.0, "time_iter": 0.04569, "time_iter_std": 0.00095, "accuracy": 0.77848, "accuracy_std": 0.00819, "accuracy_max": 0.78741, "precision": 0.77629, "precision_std": 0.01374, "recall": 0.65226, "recall_std": 0.01984, "f1": 0.70866, "f1_std": 0.01275, "auc": 0.84278, "auc_std": 0.01524}
{"epoch": 67, "time_epoch": 6.71961, "time_epoch_std": 0.12624, "eta": 229.68422, "eta_std": 7.47041, "eta_hours": 0.0638, "eta_hours_std": 0.00208, "loss": 0.50261, "loss_std": 0.02057, "lr": 0.00025, "lr_std": 0.0, "params": 7591.0, "params_std": 0.0, "time_iter": 0.04571, "time_iter_std": 0.00086, "accuracy": 0.78018, "accuracy_std": 0.02669, "accuracy_max": 0.80782, "precision": 0.78177, "precision_std": 0.03108, "recall": 0.64815, "recall_std": 0.04803, "f1": 0.70838, "f1_std": 0.04057, "auc": 0.84679, "auc_std": 0.00465}
{"epoch": 68, "time_epoch": 6.71636, "time_epoch_std": 0.13453, "eta": 222.29936, "eta_std": 7.13301, "eta_hours": 0.06175, "eta_hours_std": 0.00198, "loss": 0.53228, "loss_std": 0.01241, "lr": 0.00023, "lr_std": 0.0, "params": 7591.0, "params_std": 0.0, "time_iter": 0.04569, "time_iter_std": 0.00092, "accuracy": 0.77721, "accuracy_std": 0.01041, "accuracy_max": 0.79252, "precision": 0.78308, "precision_std": 0.02916, "recall": 0.63992, "recall_std": 0.01782, "f1": 0.70368, "f1_std": 0.00954, "auc": 0.83335, "auc_std": 0.00738}
{"epoch": 69, "time_epoch": 6.73466, "time_epoch_std": 0.14005, "eta": 214.94143, "eta_std": 6.80249, "eta_hours": 0.0597, "eta_hours_std": 0.00189, "loss": 0.50634, "loss_std": 0.0365, "lr": 0.00022, "lr_std": 0.0, "params": 7591.0, "params_std": 0.0, "time_iter": 0.04581, "time_iter_std": 0.00096, "accuracy": 0.78826, "accuracy_std": 0.01281, "accuracy_max": 0.80102, "precision": 0.78676, "precision_std": 0.0069, "recall": 0.66872, "recall_std": 0.03546, "f1": 0.72254, "f1_std": 0.02262, "auc": 0.8495, "auc_std": 0.01408}
{"epoch": 70, "time_epoch": 6.76064, "time_epoch_std": 0.07656, "eta": 207.61167, "eta_std": 6.50255, "eta_hours": 0.05767, "eta_hours_std": 0.00181, "loss": 0.50405, "loss_std": 0.03116, "lr": 0.00021, "lr_std": 0.0, "params": 7591.0, "params_std": 0.0, "time_iter": 0.04599, "time_iter_std": 0.00052, "accuracy": 0.78912, "accuracy_std": 0.01238, "accuracy_max": 0.80782, "precision": 0.79011, "precision_std": 0.01343, "recall": 0.66667, "recall_std": 0.02382, "f1": 0.72304, "f1_std": 0.01863, "auc": 0.84474, "auc_std": 0.01407}
{"epoch": 71, "time_epoch": 6.7654, "time_epoch_std": 0.09622, "eta": 200.29957, "eta_std": 6.2047, "eta_hours": 0.05564, "eta_hours_std": 0.00172, "loss": 0.51218, "loss_std": 0.01837, "lr": 0.00019, "lr_std": 0.0, "params": 7591.0, "params_std": 0.0, "time_iter": 0.04602, "time_iter_std": 0.00065, "accuracy": 0.78486, "accuracy_std": 0.00458, "accuracy_max": 0.78912, "precision": 0.78732, "precision_std": 0.01147, "recall": 0.65741, "recall_std": 0.01895, "f1": 0.71624, "f1_std": 0.00901, "auc": 0.84007, "auc_std": 0.01375}
{"epoch": 72, "time_epoch": 6.76977, "time_epoch_std": 0.08025, "eta": 193.00407, "eta_std": 5.9095, "eta_hours": 0.05361, "eta_hours_std": 0.00164, "loss": 0.50917, "loss_std": 0.00754, "lr": 0.00018, "lr_std": 0.0, "params": 7591.0, "params_std": 0.0, "time_iter": 0.04605, "time_iter_std": 0.00055, "accuracy": 0.77976, "accuracy_std": 0.00746, "accuracy_max": 0.78571, "precision": 0.7825, "precision_std": 0.01386, "recall": 0.64712, "recall_std": 0.00735, "f1": 0.70836, "f1_std": 0.00879, "auc": 0.84707, "auc_std": 0.00505}
{"epoch": 73, "time_epoch": 6.76096, "time_epoch_std": 0.09416, "eta": 185.71968, "eta_std": 5.63257, "eta_hours": 0.05159, "eta_hours_std": 0.00156, "loss": 0.5265, "loss_std": 0.03349, "lr": 0.00017, "lr_std": 0.0, "params": 7591.0, "params_std": 0.0, "time_iter": 0.04599, "time_iter_std": 0.00064, "accuracy": 0.78954, "accuracy_std": 0.01663, "accuracy_max": 0.80782, "precision": 0.79532, "precision_std": 0.01822, "recall": 0.6605, "recall_std": 0.03462, "f1": 0.72136, "f1_std": 0.02621, "auc": 0.84136, "auc_std": 0.01537}
{"epoch": 74, "time_epoch": 6.77145, "time_epoch_std": 0.09913, "eta": 178.45274, "eta_std": 5.35448, "eta_hours": 0.04957, "eta_hours_std": 0.00149, "loss": 0.49666, "loss_std": 0.00797, "lr": 0.00016, "lr_std": 0.0, "params": 7591.0, "params_std": 0.0, "time_iter": 0.04606, "time_iter_std": 0.00068, "accuracy": 0.78401, "accuracy_std": 0.00551, "accuracy_max": 0.79082, "precision": 0.7808, "precision_std": 0.01584, "recall": 0.66461, "recall_std": 0.01806, "f1": 0.7177, "f1_std": 0.00817, "auc": 0.85015, "auc_std": 0.00517}
{"epoch": 75, "time_epoch": 6.77784, "time_epoch_std": 0.09123, "eta": 171.20086, "eta_std": 5.08527, "eta_hours": 0.04756, "eta_hours_std": 0.00141, "loss": 0.51794, "loss_std": 0.01785, "lr": 0.00015, "lr_std": 0.0, "params": 7591.0, "params_std": 0.0, "time_iter": 0.04611, "time_iter_std": 0.00062, "accuracy": 0.78146, "accuracy_std": 0.01193, "accuracy_max": 0.80102, "precision": 0.78553, "precision_std": 0.01092, "recall": 0.64815, "recall_std": 0.03141, "f1": 0.70988, "f1_std": 0.02078, "auc": 0.84106, "auc_std": 0.00727}
{"epoch": 76, "time_epoch": 6.77664, "time_epoch_std": 0.10331, "eta": 163.96094, "eta_std": 4.82034, "eta_hours": 0.04554, "eta_hours_std": 0.00134, "loss": 0.50974, "loss_std": 0.04812, "lr": 0.00014, "lr_std": 0.0, "params": 7591.0, "params_std": 0.0, "time_iter": 0.0461, "time_iter_std": 0.0007, "accuracy": 0.77678, "accuracy_std": 0.0124, "accuracy_max": 0.79252, "precision": 0.777, "precision_std": 0.01714, "recall": 0.64506, "recall_std": 0.02204, "f1": 0.70477, "f1_std": 0.01808, "auc": 0.84341, "auc_std": 0.02098}
{"epoch": 77, "time_epoch": 6.79525, "time_epoch_std": 0.08738, "eta": 156.73814, "eta_std": 4.56331, "eta_hours": 0.04354, "eta_hours_std": 0.00127, "loss": 0.49318, "loss_std": 0.03313, "lr": 0.00012, "lr_std": 0.0, "params": 7591.0, "params_std": 0.0, "time_iter": 0.04623, "time_iter_std": 0.0006, "accuracy": 0.78444, "accuracy_std": 0.01037, "accuracy_max": 0.79422, "precision": 0.78098, "precision_std": 0.00865, "recall": 0.66461, "recall_std": 0.02355, "f1": 0.71798, "f1_std": 0.01701, "auc": 0.84994, "auc_std": 0.01694}
{"epoch": 78, "time_epoch": 6.79742, "time_epoch_std": 0.0812, "eta": 149.52674, "eta_std": 4.31091, "eta_hours": 0.04153, "eta_hours_std": 0.0012, "loss": 0.51158, "loss_std": 0.02172, "lr": 0.00011, "lr_std": 0.0, "params": 7591.0, "params_std": 0.0, "time_iter": 0.04624, "time_iter_std": 0.00055, "accuracy": 0.77976, "accuracy_std": 0.00727, "accuracy_max": 0.78912, "precision": 0.7697, "precision_std": 0.01404, "recall": 0.6677, "recall_std": 0.03509, "f1": 0.71432, "f1_std": 0.01591, "auc": 0.84502, "auc_std": 0.01348}
{"epoch": 79, "time_epoch": 6.78, "time_epoch_std": 0.09577, "eta": 142.32134, "eta_std": 4.06799, "eta_hours": 0.03954, "eta_hours_std": 0.00113, "loss": 0.50295, "loss_std": 0.03877, "lr": 0.0001, "lr_std": 0.0, "params": 7591.0, "params_std": 0.0, "time_iter": 0.04612, "time_iter_std": 0.00065, "accuracy": 0.78401, "accuracy_std": 0.01516, "accuracy_max": 0.80442, "precision": 0.78638, "precision_std": 0.02153, "recall": 0.65535, "recall_std": 0.01939, "f1": 0.7149, "f1_std": 0.02036, "auc": 0.84694, "auc_std": 0.01597}
{"epoch": 80, "time_epoch": 6.80652, "time_epoch_std": 0.12263, "eta": 135.13266, "eta_std": 3.83305, "eta_hours": 0.03754, "eta_hours_std": 0.00107, "loss": 0.49513, "loss_std": 0.02134, "lr": 0.0001, "lr_std": 0.0, "params": 7591.0, "params_std": 0.0, "time_iter": 0.0463, "time_iter_std": 0.00083, "accuracy": 0.79422, "accuracy_std": 0.0116, "accuracy_max": 0.81122, "precision": 0.79913, "precision_std": 0.0177, "recall": 0.67078, "recall_std": 0.01671, "f1": 0.72928, "f1_std": 0.01559, "auc": 0.84976, "auc_std": 0.01176}
{"epoch": 81, "time_epoch": 6.7825, "time_epoch_std": 0.04202, "eta": 127.94804, "eta_std": 3.57798, "eta_hours": 0.03554, "eta_hours_std": 0.00099, "loss": 0.50434, "loss_std": 0.02773, "lr": 9e-05, "lr_std": 0.0, "params": 7591.0, "params_std": 0.0, "time_iter": 0.04614, "time_iter_std": 0.00029, "accuracy": 0.79167, "accuracy_std": 0.01524, "accuracy_max": 0.81633, "precision": 0.78868, "precision_std": 0.01235, "recall": 0.67696, "recall_std": 0.03425, "f1": 0.72828, "f1_std": 0.02411, "auc": 0.84971, "auc_std": 0.01377}
{"epoch": 82, "time_epoch": 6.77164, "time_epoch_std": 0.09268, "eta": 120.77087, "eta_std": 3.31957, "eta_hours": 0.03355, "eta_hours_std": 0.00092, "loss": 0.5174, "loss_std": 0.0257, "lr": 8e-05, "lr_std": 0.0, "params": 7591.0, "params_std": 0.0, "time_iter": 0.04606, "time_iter_std": 0.00063, "accuracy": 0.78699, "accuracy_std": 0.01078, "accuracy_max": 0.80442, "precision": 0.78598, "precision_std": 0.00495, "recall": 0.66564, "recall_std": 0.02856, "f1": 0.72058, "f1_std": 0.01857, "auc": 0.84458, "auc_std": 0.00311}
{"epoch": 83, "time_epoch": 6.76389, "time_epoch_std": 0.06357, "eta": 113.60189, "eta_std": 3.07641, "eta_hours": 0.03155, "eta_hours_std": 0.00085, "loss": 0.50425, "loss_std": 0.03085, "lr": 7e-05, "lr_std": 0.0, "params": 7591.0, "params_std": 0.0, "time_iter": 0.04601, "time_iter_std": 0.00043, "accuracy": 0.78572, "accuracy_std": 0.01604, "accuracy_max": 0.80782, "precision": 0.78736, "precision_std": 0.01944, "recall": 0.65946, "recall_std": 0.02886, "f1": 0.71758, "f1_std": 0.0234, "auc": 0.84941, "auc_std": 0.01807}
{"epoch": 84, "time_epoch": 6.7562, "time_epoch_std": 0.06649, "eta": 106.44108, "eta_std": 2.84218, "eta_hours": 0.02957, "eta_hours_std": 0.00079, "loss": 0.51284, "loss_std": 0.02501, "lr": 6e-05, "lr_std": 0.0, "params": 7591.0, "params_std": 0.0, "time_iter": 0.04596, "time_iter_std": 0.00045, "accuracy": 0.78316, "accuracy_std": 0.01105, "accuracy_max": 0.79932, "precision": 0.78374, "precision_std": 0.01431, "recall": 0.65638, "recall_std": 0.01875, "f1": 0.71436, "f1_std": 0.01597, "auc": 0.84616, "auc_std": 0.01324}
{"epoch": 85, "time_epoch": 6.76622, "time_epoch_std": 0.06953, "eta": 99.29131, "eta_std": 2.61074, "eta_hours": 0.02758, "eta_hours_std": 0.00072, "loss": 0.50493, "loss_std": 0.02399, "lr": 5e-05, "lr_std": 0.0, "params": 7591.0, "params_std": 0.0, "time_iter": 0.04603, "time_iter_std": 0.00047, "accuracy": 0.78104, "accuracy_std": 0.01286, "accuracy_max": 0.79932, "precision": 0.77897, "precision_std": 0.01213, "recall": 0.65638, "recall_std": 0.03374, "f1": 0.71204, "f1_std": 0.0218, "auc": 0.8498, "auc_std": 0.01082}
{"epoch": 86, "time_epoch": 6.77552, "time_epoch_std": 0.06263, "eta": 92.15175, "eta_std": 2.3871, "eta_hours": 0.0256, "eta_hours_std": 0.00066, "loss": 0.50077, "loss_std": 0.02095, "lr": 5e-05, "lr_std": 0.0, "params": 7591.0, "params_std": 0.0, "time_iter": 0.04609, "time_iter_std": 0.00043, "accuracy": 0.78188, "accuracy_std": 0.00368, "accuracy_max": 0.78741, "precision": 0.77618, "precision_std": 0.00527, "recall": 0.66358, "recall_std": 0.00448, "f1": 0.71548, "f1_std": 0.00479, "auc": 0.84973, "auc_std": 0.00842}
{"epoch": 87, "time_epoch": 6.78164, "time_epoch_std": 0.05604, "eta": 85.0213, "eta_std": 2.17079, "eta_hours": 0.02362, "eta_hours_std": 0.0006, "loss": 0.50208, "loss_std": 0.02028, "lr": 4e-05, "lr_std": 0.0, "params": 7591.0, "params_std": 0.0, "time_iter": 0.04614, "time_iter_std": 0.00038, "accuracy": 0.78699, "accuracy_std": 0.00641, "accuracy_max": 0.79762, "precision": 0.79068, "precision_std": 0.01125, "recall": 0.65946, "recall_std": 0.02086, "f1": 0.71886, "f1_std": 0.01147, "auc": 0.85126, "auc_std": 0.00733}
{"epoch": 88, "time_epoch": 6.75621, "time_epoch_std": 0.07849, "eta": 77.89554, "eta_std": 1.95784, "eta_hours": 0.02164, "eta_hours_std": 0.00054, "loss": 0.49168, "loss_std": 0.02045, "lr": 4e-05, "lr_std": 0.0, "params": 7591.0, "params_std": 0.0, "time_iter": 0.04596, "time_iter_std": 0.00053, "accuracy": 0.77594, "accuracy_std": 0.00715, "accuracy_max": 0.78061, "precision": 0.77159, "precision_std": 0.00554, "recall": 0.65021, "recall_std": 0.01722, "f1": 0.70564, "f1_std": 0.01218, "auc": 0.8546, "auc_std": 0.00993}
{"epoch": 89, "time_epoch": 6.77493, "time_epoch_std": 0.09635, "eta": 70.78007, "eta_std": 1.74939, "eta_hours": 0.01966, "eta_hours_std": 0.00049, "loss": 0.5235, "loss_std": 0.0321, "lr": 3e-05, "lr_std": 0.0, "params": 7591.0, "params_std": 0.0, "time_iter": 0.04608, "time_iter_std": 0.00066, "accuracy": 0.77594, "accuracy_std": 0.00801, "accuracy_max": 0.78571, "precision": 0.77565, "precision_std": 0.00706, "recall": 0.64403, "recall_std": 0.01963, "f1": 0.70362, "f1_std": 0.01367, "auc": 0.84035, "auc_std": 0.01739}
{"epoch": 90, "time_epoch": 6.83552, "time_epoch_std": 0.08342, "eta": 63.67808, "eta_std": 1.55761, "eta_hours": 0.01769, "eta_hours_std": 0.00043, "loss": 0.50323, "loss_std": 0.02304, "lr": 2e-05, "lr_std": 0.0, "params": 7591.0, "params_std": 0.0, "time_iter": 0.0465, "time_iter_std": 0.00057, "accuracy": 0.78826, "accuracy_std": 0.01753, "accuracy_max": 0.81122, "precision": 0.79014, "precision_std": 0.01739, "recall": 0.66358, "recall_std": 0.03776, "f1": 0.721, "f1_std": 0.02756, "auc": 0.8526, "auc_std": 0.00904}
{"epoch": 91, "time_epoch": 6.76384, "time_epoch_std": 0.08198, "eta": 56.57566, "eta_std": 1.36237, "eta_hours": 0.01571, "eta_hours_std": 0.00038, "loss": 0.4918, "loss_std": 0.02096, "lr": 2e-05, "lr_std": 0.0, "params": 7591.0, "params_std": 0.0, "time_iter": 0.04601, "time_iter_std": 0.00056, "accuracy": 0.79252, "accuracy_std": 0.0038, "accuracy_max": 0.79762, "precision": 0.79231, "precision_std": 0.00529, "recall": 0.6749, "recall_std": 0.01049, "f1": 0.72885, "f1_std": 0.0063, "auc": 0.85494, "auc_std": 0.01037}
{"epoch": 92, "time_epoch": 6.74444, "time_epoch_std": 0.06796, "eta": 49.47905, "eta_std": 1.17445, "eta_hours": 0.01374, "eta_hours_std": 0.00032, "loss": 0.51033, "loss_std": 0.02781, "lr": 2e-05, "lr_std": 0.0, "params": 7591.0, "params_std": 0.0, "time_iter": 0.04588, "time_iter_std": 0.00046, "accuracy": 0.78061, "accuracy_std": 0.00524, "accuracy_max": 0.78912, "precision": 0.78466, "precision_std": 0.0122, "recall": 0.64712, "recall_std": 0.01731, "f1": 0.70904, "f1_std": 0.00897, "auc": 0.84894, "auc_std": 0.01345}
{"epoch": 93, "time_epoch": 6.73291, "time_epoch_std": 0.05525, "eta": 42.38919, "eta_std": 0.99632, "eta_hours": 0.01177, "eta_hours_std": 0.00028, "loss": 0.51215, "loss_std": 0.02468, "lr": 1e-05, "lr_std": 0.0, "params": 7591.0, "params_std": 0.0, "time_iter": 0.0458, "time_iter_std": 0.00038, "accuracy": 0.78614, "accuracy_std": 0.01223, "accuracy_max": 0.79762, "precision": 0.78824, "precision_std": 0.01359, "recall": 0.65946, "recall_std": 0.02106, "f1": 0.71808, "f1_std": 0.01812, "auc": 0.84244, "auc_std": 0.01504}
{"epoch": 94, "time_epoch": 6.71438, "time_epoch_std": 0.09546, "eta": 35.30588, "eta_std": 0.82085, "eta_hours": 0.00981, "eta_hours_std": 0.00023, "loss": 0.50254, "loss_std": 0.03465, "lr": 1e-05, "lr_std": 0.0, "params": 7591.0, "params_std": 0.0, "time_iter": 0.04568, "time_iter_std": 0.00065, "accuracy": 0.78188, "accuracy_std": 0.01829, "accuracy_max": 0.80782, "precision": 0.77181, "precision_std": 0.0273, "recall": 0.67078, "recall_std": 0.02417, "f1": 0.71764, "f1_std": 0.024, "auc": 0.85055, "auc_std": 0.01087}
{"epoch": 95, "time_epoch": 6.76255, "time_epoch_std": 0.10399, "eta": 28.23226, "eta_std": 0.64931, "eta_hours": 0.00784, "eta_hours_std": 0.00018, "loss": 0.51766, "loss_std": 0.03174, "lr": 1e-05, "lr_std": 0.0, "params": 7591.0, "params_std": 0.0, "time_iter": 0.046, "time_iter_std": 0.00071, "accuracy": 0.78486, "accuracy_std": 0.00765, "accuracy_max": 0.79422, "precision": 0.78346, "precision_std": 0.02303, "recall": 0.66461, "recall_std": 0.02738, "f1": 0.71837, "f1_std": 0.01198, "auc": 0.8458, "auc_std": 0.00994}
{"epoch": 96, "time_epoch": 6.70443, "time_epoch_std": 0.03132, "eta": 21.16326, "eta_std": 0.48176, "eta_hours": 0.00588, "eta_hours_std": 0.00013, "loss": 0.51204, "loss_std": 0.03123, "lr": 0.0, "lr_std": 0.0, "params": 7591.0, "params_std": 0.0, "time_iter": 0.04561, "time_iter_std": 0.00021, "accuracy": 0.78359, "accuracy_std": 0.0081, "accuracy_max": 0.79252, "precision": 0.7748, "precision_std": 0.01371, "recall": 0.67181, "recall_std": 0.01345, "f1": 0.71954, "f1_std": 0.01059, "auc": 0.85038, "auc_std": 0.01664}
{"epoch": 97, "time_epoch": 7.59909, "time_epoch_std": 1.27495, "eta": 14.11996, "eta_std": 0.30491, "eta_hours": 0.00392, "eta_hours_std": 9e-05, "loss": 0.52018, "loss_std": 0.01345, "lr": 0.0, "lr_std": 0.0, "params": 7591.0, "params_std": 0.0, "time_iter": 0.0517, "time_iter_std": 0.00867, "accuracy": 0.78401, "accuracy_std": 0.00295, "accuracy_max": 0.78912, "precision": 0.7873, "precision_std": 0.00663, "recall": 0.65432, "recall_std": 0.01512, "f1": 0.71452, "f1_std": 0.00708, "auc": 0.84129, "auc_std": 0.0035}
{"epoch": 98, "time_epoch": 8.59787, "time_epoch_std": 3.10222, "eta": 7.07551, "eta_std": 0.13724, "eta_hours": 0.00197, "eta_hours_std": 4e-05, "loss": 0.51389, "loss_std": 0.03303, "lr": 0.0, "lr_std": 0.0, "params": 7591.0, "params_std": 0.0, "time_iter": 0.05849, "time_iter_std": 0.0211, "accuracy": 0.78572, "accuracy_std": 0.01747, "accuracy_max": 0.81122, "precision": 0.78218, "precision_std": 0.01739, "recall": 0.66667, "recall_std": 0.0324, "f1": 0.71968, "f1_std": 0.02604, "auc": 0.84556, "auc_std": 0.0106}
{"epoch": 99, "time_epoch": 8.72292, "time_epoch_std": 3.29507, "eta": 0.0, "eta_std": 0.0, "eta_hours": 0.0, "eta_hours_std": 0.0, "loss": 0.52438, "loss_std": 0.03571, "lr": 0.0, "lr_std": 0.0, "params": 7591.0, "params_std": 0.0, "time_iter": 0.05934, "time_iter_std": 0.02242, "accuracy": 0.76616, "accuracy_std": 0.01842, "accuracy_max": 0.78231, "precision": 0.7609, "precision_std": 0.02969, "recall": 0.63374, "recall_std": 0.0177, "f1": 0.69148, "f1_std": 0.02243, "auc": 0.83712, "auc_std": 0.013}
