{"epoch": 0, "time_epoch": 18.46184, "eta": 1827.72175, "eta_hours": 0.5077, "loss": 0.67790498, "lr": 0.001, "params": 3599, "time_iter": 0.52748, "accuracy": 0.60791, "precision": 0.0, "recall": 0.0, "f1": 0.0, "auc": 0.46801}
{"epoch": 1, "time_epoch": 18.53881, "eta": 1813.03148, "eta_hours": 0.50362, "loss": 0.67263233, "lr": 0.00099975, "params": 3599, "time_iter": 0.52968, "accuracy": 0.60791, "precision": 0.0, "recall": 0.0, "f1": 0.0, "auc": 0.50143}
{"epoch": 2, "time_epoch": 18.55153, "eta": 1796.18675, "eta_hours": 0.49894, "loss": 0.6713967, "lr": 0.00099901, "params": 3599, "time_iter": 0.53004, "accuracy": 0.60791, "precision": 0.0, "recall": 0.0, "f1": 0.0, "auc": 0.47995}
{"epoch": 3, "time_epoch": 18.55596, "eta": 1778.59507, "eta_hours": 0.49405, "loss": 0.670648, "lr": 0.00099778, "params": 3599, "time_iter": 0.53017, "accuracy": 0.60791, "precision": 0.0, "recall": 0.0, "f1": 0.0, "auc": 0.50577}
{"epoch": 4, "time_epoch": 18.56683, "eta": 1760.82419, "eta_hours": 0.48912, "loss": 0.67038084, "lr": 0.00099606, "params": 3599, "time_iter": 0.53048, "accuracy": 0.60791, "precision": 0.0, "recall": 0.0, "f1": 0.0, "auc": 0.46028}
{"epoch": 5, "time_epoch": 18.55457, "eta": 1742.59596, "eta_hours": 0.48405, "loss": 0.66999606, "lr": 0.00099384, "params": 3599, "time_iter": 0.53013, "accuracy": 0.60791, "precision": 0.0, "recall": 0.0, "f1": 0.0, "auc": 0.50311}
{"epoch": 6, "time_epoch": 18.7105, "eta": 1726.34613, "eta_hours": 0.47954, "loss": 0.66989518, "lr": 0.00099114, "params": 3599, "time_iter": 0.53459, "accuracy": 0.60791, "precision": 0.0, "recall": 0.0, "f1": 0.0, "auc": 0.49}
{"epoch": 7, "time_epoch": 18.63387, "eta": 1708.59984, "eta_hours": 0.47461, "loss": 0.66985444, "lr": 0.00098796, "params": 3599, "time_iter": 0.5324, "accuracy": 0.60791, "precision": 0.0, "recall": 0.0, "f1": 0.0, "auc": 0.46663}
{"epoch": 8, "time_epoch": 18.64834, "eta": 1690.80265, "eta_hours": 0.46967, "loss": 0.66987332, "lr": 0.00098429, "params": 3599, "time_iter": 0.53281, "accuracy": 0.60791, "precision": 0.0, "recall": 0.0, "f1": 0.0, "auc": 0.4511}
{"epoch": 9, "time_epoch": 18.61928, "eta": 1672.57365, "eta_hours": 0.4646, "loss": 0.66979761, "lr": 0.00098015, "params": 3599, "time_iter": 0.53198, "accuracy": 0.60791, "precision": 0.0, "recall": 0.0, "f1": 0.0, "auc": 0.45366}
{"epoch": 10, "time_epoch": 18.52474, "eta": 1653.50883, "eta_hours": 0.45931, "loss": 0.6698104, "lr": 0.00097553, "params": 3599, "time_iter": 0.52928, "accuracy": 0.60791, "precision": 0.0, "recall": 0.0, "f1": 0.0, "auc": 0.45091}
{"epoch": 11, "time_epoch": 18.54384, "eta": 1634.6741, "eta_hours": 0.45408, "loss": 0.6698551, "lr": 0.00097044, "params": 3599, "time_iter": 0.52982, "accuracy": 0.60791, "precision": 0.0, "recall": 0.0, "f1": 0.0, "auc": 0.45098}
{"epoch": 12, "time_epoch": 18.62842, "eta": 1616.45016, "eta_hours": 0.44901, "loss": 0.66986209, "lr": 0.00096489, "params": 3599, "time_iter": 0.53224, "accuracy": 0.60791, "precision": 0.0, "recall": 0.0, "f1": 0.0, "auc": 0.44662}
{"epoch": 13, "time_epoch": 18.57502, "eta": 1597.84037, "eta_hours": 0.44384, "loss": 0.67028032, "lr": 0.00095888, "params": 3599, "time_iter": 0.53071, "accuracy": 0.60791, "precision": 0.0, "recall": 0.0, "f1": 0.0, "auc": 0.44717}
{"epoch": 14, "time_epoch": 18.62297, "eta": 1579.50696, "eta_hours": 0.43875, "loss": 0.66984506, "lr": 0.00095241, "params": 3599, "time_iter": 0.53208, "accuracy": 0.60791, "precision": 0.0, "recall": 0.0, "f1": 0.0, "auc": 0.44192}
{"epoch": 15, "time_epoch": 18.56911, "eta": 1560.85458, "eta_hours": 0.43357, "loss": 0.66977813, "lr": 0.0009455, "params": 3599, "time_iter": 0.53055, "accuracy": 0.60791, "precision": 0.0, "recall": 0.0, "f1": 0.0, "auc": 0.46024}
{"epoch": 16, "time_epoch": 18.66498, "eta": 1542.68006, "eta_hours": 0.42852, "loss": 0.66971553, "lr": 0.00093815, "params": 3599, "time_iter": 0.53329, "accuracy": 0.60791, "precision": 0.0, "recall": 0.0, "f1": 0.0, "auc": 0.46114}
{"epoch": 17, "time_epoch": 18.66072, "eta": 1524.43161, "eta_hours": 0.42345, "loss": 0.66975574, "lr": 0.00093037, "params": 3599, "time_iter": 0.53316, "accuracy": 0.60791, "precision": 0.0, "recall": 0.0, "f1": 0.0, "auc": 0.48133}
{"epoch": 18, "time_epoch": 18.5783, "eta": 1505.78841, "eta_hours": 0.41827, "loss": 0.67015435, "lr": 0.00092216, "params": 3599, "time_iter": 0.53081, "accuracy": 0.60791, "precision": 0.0, "recall": 0.0, "f1": 0.0, "auc": 0.43598}
{"epoch": 19, "time_epoch": 18.59451, "eta": 1487.21657, "eta_hours": 0.41312, "loss": 0.66976411, "lr": 0.00091354, "params": 3599, "time_iter": 0.53127, "accuracy": 0.60791, "precision": 0.0, "recall": 0.0, "f1": 0.0, "auc": 0.44124}
{"epoch": 20, "time_epoch": 18.60229, "eta": 1468.67182, "eta_hours": 0.40796, "loss": 0.66984677, "lr": 0.00090451, "params": 3599, "time_iter": 0.53149, "accuracy": 0.60791, "precision": 0.0, "recall": 0.0, "f1": 0.0, "auc": 0.45245}
{"epoch": 21, "time_epoch": 18.59444, "eta": 1450.09402, "eta_hours": 0.4028, "loss": 0.6697905, "lr": 0.00089508, "params": 3599, "time_iter": 0.53127, "accuracy": 0.60791, "precision": 0.0, "recall": 0.0, "f1": 0.0, "auc": 0.4417}
{"epoch": 22, "time_epoch": 18.59983, "eta": 1431.53279, "eta_hours": 0.39765, "loss": 0.66979891, "lr": 0.00088526, "params": 3599, "time_iter": 0.53142, "accuracy": 0.60791, "precision": 0.0, "recall": 0.0, "f1": 0.0, "auc": 0.45939}
{"epoch": 23, "time_epoch": 18.60396, "eta": 1412.98143, "eta_hours": 0.39249, "loss": 0.66971971, "lr": 0.00087506, "params": 3599, "time_iter": 0.53154, "accuracy": 0.60791, "precision": 0.0, "recall": 0.0, "f1": 0.0, "auc": 0.46929}
{"epoch": 24, "time_epoch": 18.60052, "eta": 1394.41555, "eta_hours": 0.38734, "loss": 0.66989191, "lr": 0.00086448, "params": 3599, "time_iter": 0.53144, "accuracy": 0.60791, "precision": 0.0, "recall": 0.0, "f1": 0.0, "auc": 0.44559}
{"epoch": 25, "time_epoch": 18.60422, "eta": 1375.85754, "eta_hours": 0.38218, "loss": 0.66968335, "lr": 0.00085355, "params": 3599, "time_iter": 0.53155, "accuracy": 0.60791, "precision": 0.0, "recall": 0.0, "f1": 0.0, "auc": 0.49017}
{"epoch": 26, "time_epoch": 18.69145, "eta": 1357.53196, "eta_hours": 0.37709, "loss": 0.66973731, "lr": 0.00084227, "params": 3599, "time_iter": 0.53404, "accuracy": 0.60791, "precision": 0.0, "recall": 0.0, "f1": 0.0, "auc": 0.44768}
{"epoch": 27, "time_epoch": 18.60007, "eta": 1338.94525, "eta_hours": 0.37193, "loss": 0.6698584, "lr": 0.00083066, "params": 3599, "time_iter": 0.53143, "accuracy": 0.60791, "precision": 0.0, "recall": 0.0, "f1": 0.0, "auc": 0.44418}
{"epoch": 28, "time_epoch": 18.59266, "eta": 1320.33947, "eta_hours": 0.36676, "loss": 0.66973178, "lr": 0.00081871, "params": 3599, "time_iter": 0.53122, "accuracy": 0.60791, "precision": 0.0, "recall": 0.0, "f1": 0.0, "auc": 0.47035}
{"epoch": 29, "time_epoch": 18.67173, "eta": 1301.91907, "eta_hours": 0.36164, "loss": 0.66976644, "lr": 0.00080645, "params": 3599, "time_iter": 0.53348, "accuracy": 0.60791, "precision": 0.0, "recall": 0.0, "f1": 0.0, "auc": 0.42353}
{"epoch": 30, "time_epoch": 18.77762, "eta": 1283.71816, "eta_hours": 0.35659, "loss": 0.66973371, "lr": 0.00079389, "params": 3599, "time_iter": 0.5365, "accuracy": 0.60791, "precision": 0.0, "recall": 0.0, "f1": 0.0, "auc": 0.43066}
{"epoch": 31, "time_epoch": 18.68634, "eta": 1265.28722, "eta_hours": 0.35147, "loss": 0.6698006, "lr": 0.00078104, "params": 3599, "time_iter": 0.5339, "accuracy": 0.60791, "precision": 0.0, "recall": 0.0, "f1": 0.0, "auc": 0.44814}
{"epoch": 32, "time_epoch": 18.68698, "eta": 1246.8421, "eta_hours": 0.34635, "loss": 0.66976419, "lr": 0.00076791, "params": 3599, "time_iter": 0.53391, "accuracy": 0.60791, "precision": 0.0, "recall": 0.0, "f1": 0.0, "auc": 0.45959}
{"epoch": 33, "time_epoch": 18.61954, "eta": 1228.25185, "eta_hours": 0.34118, "loss": 0.66977594, "lr": 0.00075452, "params": 3599, "time_iter": 0.53199, "accuracy": 0.60791, "precision": 0.0, "recall": 0.0, "f1": 0.0, "auc": 0.45819}
{"epoch": 34, "time_epoch": 18.62573, "eta": 1209.67141, "eta_hours": 0.33602, "loss": 0.6698954, "lr": 0.00074088, "params": 3599, "time_iter": 0.53216, "accuracy": 0.60791, "precision": 0.0, "recall": 0.0, "f1": 0.0, "auc": 0.43562}
{"epoch": 35, "time_epoch": 18.62057, "eta": 1191.0793, "eta_hours": 0.33086, "loss": 0.66973094, "lr": 0.000727, "params": 3599, "time_iter": 0.53202, "accuracy": 0.60791, "precision": 0.0, "recall": 0.0, "f1": 0.0, "auc": 0.47326}
{"epoch": 36, "time_epoch": 18.68379, "eta": 1172.59329, "eta_hours": 0.32572, "loss": 0.66971374, "lr": 0.00071289, "params": 3599, "time_iter": 0.53382, "accuracy": 0.60791, "precision": 0.0, "recall": 0.0, "f1": 0.0, "auc": 0.46331}
{"epoch": 37, "time_epoch": 18.65469, "eta": 1154.04938, "eta_hours": 0.32057, "loss": 0.66974815, "lr": 0.00069857, "params": 3599, "time_iter": 0.53299, "accuracy": 0.60791, "precision": 0.0, "recall": 0.0, "f1": 0.0, "auc": 0.46748}
{"epoch": 38, "time_epoch": 18.76189, "eta": 1135.66746, "eta_hours": 0.31546, "loss": 0.66971952, "lr": 0.00068406, "params": 3599, "time_iter": 0.53605, "accuracy": 0.60791, "precision": 0.0, "recall": 0.0, "f1": 0.0, "auc": 0.48511}
{"epoch": 39, "time_epoch": 18.8798, "eta": 1117.44341, "eta_hours": 0.3104, "loss": 0.66972336, "lr": 0.00066937, "params": 3599, "time_iter": 0.53942, "accuracy": 0.60791, "precision": 0.0, "recall": 0.0, "f1": 0.0, "auc": 0.43634}
{"epoch": 40, "time_epoch": 18.67547, "eta": 1098.89334, "eta_hours": 0.30525, "loss": 0.66985882, "lr": 0.00065451, "params": 3599, "time_iter": 0.53358, "accuracy": 0.60791, "precision": 0.0, "recall": 0.0, "f1": 0.0, "auc": 0.43802}
{"epoch": 41, "time_epoch": 18.66355, "eta": 1080.32083, "eta_hours": 0.30009, "loss": 0.66987551, "lr": 0.0006395, "params": 3599, "time_iter": 0.53324, "accuracy": 0.60791, "precision": 0.0, "recall": 0.0, "f1": 0.0, "auc": 0.45755}
{"epoch": 42, "time_epoch": 18.65001, "eta": 1061.72614, "eta_hours": 0.29492, "loss": 0.66973672, "lr": 0.00062434, "params": 3599, "time_iter": 0.53286, "accuracy": 0.60791, "precision": 0.0, "recall": 0.0, "f1": 0.0, "auc": 0.46412}
{"epoch": 43, "time_epoch": 18.68102, "eta": 1043.16841, "eta_hours": 0.28977, "loss": 0.66972703, "lr": 0.00060907, "params": 3599, "time_iter": 0.53374, "accuracy": 0.60791, "precision": 0.0, "recall": 0.0, "f1": 0.0, "auc": 0.43769}
{"epoch": 44, "time_epoch": 18.63125, "eta": 1024.54436, "eta_hours": 0.2846, "loss": 0.66976917, "lr": 0.00059369, "params": 3599, "time_iter": 0.53232, "accuracy": 0.60791, "precision": 0.0, "recall": 0.0, "f1": 0.0, "auc": 0.44746}
{"epoch": 45, "time_epoch": 18.61722, "eta": 1005.90354, "eta_hours": 0.27942, "loss": 0.66973627, "lr": 0.00057822, "params": 3599, "time_iter": 0.53192, "accuracy": 0.60791, "precision": 0.0, "recall": 0.0, "f1": 0.0, "auc": 0.44423}
{"epoch": 46, "time_epoch": 18.58432, "eta": 987.22661, "eta_hours": 0.27423, "loss": 0.66974878, "lr": 0.00056267, "params": 3599, "time_iter": 0.53098, "accuracy": 0.60791, "precision": 0.0, "recall": 0.0, "f1": 0.0, "auc": 0.44952}
{"epoch": 47, "time_epoch": 18.65172, "eta": 968.62657, "eta_hours": 0.26906, "loss": 0.66967604, "lr": 0.00054705, "params": 3599, "time_iter": 0.53291, "accuracy": 0.60791, "precision": 0.0, "recall": 0.0, "f1": 0.0, "auc": 0.49494}
{"epoch": 48, "time_epoch": 18.60909, "eta": 949.98004, "eta_hours": 0.26388, "loss": 0.66976171, "lr": 0.0005314, "params": 3599, "time_iter": 0.53169, "accuracy": 0.60791, "precision": 0.0, "recall": 0.0, "f1": 0.0, "auc": 0.44869}
{"epoch": 49, "time_epoch": 18.58958, "eta": 931.3155, "eta_hours": 0.2587, "loss": 0.66974008, "lr": 0.00051571, "params": 3599, "time_iter": 0.53113, "accuracy": 0.60791, "precision": 0.0, "recall": 0.0, "f1": 0.0, "auc": 0.46059}
{"epoch": 50, "time_epoch": 18.99126, "eta": 913.03982, "eta_hours": 0.25362, "loss": 0.66972767, "lr": 0.0005, "params": 3599, "time_iter": 0.54261, "accuracy": 0.60791, "precision": 0.0, "recall": 0.0, "f1": 0.0, "auc": 0.46006}
{"epoch": 51, "time_epoch": 18.59255, "eta": 894.36859, "eta_hours": 0.24844, "loss": 0.66972701, "lr": 0.00048429, "params": 3599, "time_iter": 0.53122, "accuracy": 0.60791, "precision": 0.0, "recall": 0.0, "f1": 0.0, "auc": 0.45295}
{"epoch": 52, "time_epoch": 18.71378, "eta": 875.80784, "eta_hours": 0.24328, "loss": 0.6697161, "lr": 0.0004686, "params": 3599, "time_iter": 0.53468, "accuracy": 0.60791, "precision": 0.0, "recall": 0.0, "f1": 0.0, "auc": 0.47121}
{"epoch": 53, "time_epoch": 18.60802, "eta": 857.15132, "eta_hours": 0.2381, "loss": 0.66970451, "lr": 0.00045295, "params": 3599, "time_iter": 0.53166, "accuracy": 0.60791, "precision": 0.0, "recall": 0.0, "f1": 0.0, "auc": 0.47549}
{"epoch": 54, "time_epoch": 18.7009, "eta": 838.57256, "eta_hours": 0.23294, "loss": 0.66972612, "lr": 0.00043733, "params": 3599, "time_iter": 0.53431, "accuracy": 0.60791, "precision": 0.0, "recall": 0.0, "f1": 0.0, "auc": 0.45559}
{"epoch": 55, "time_epoch": 18.6783, "eta": 819.97168, "eta_hours": 0.22777, "loss": 0.66978168, "lr": 0.00042178, "params": 3599, "time_iter": 0.53367, "accuracy": 0.60791, "precision": 0.0, "recall": 0.0, "f1": 0.0, "auc": 0.44778}
{"epoch": 56, "time_epoch": 18.59096, "eta": 801.30219, "eta_hours": 0.22258, "loss": 0.66973458, "lr": 0.00040631, "params": 3599, "time_iter": 0.53117, "accuracy": 0.60791, "precision": 0.0, "recall": 0.0, "f1": 0.0, "auc": 0.47497}
{"epoch": 57, "time_epoch": 18.70493, "eta": 782.71795, "eta_hours": 0.21742, "loss": 0.66970444, "lr": 0.00039093, "params": 3599, "time_iter": 0.53443, "accuracy": 0.60791, "precision": 0.0, "recall": 0.0, "f1": 0.0, "auc": 0.45139}
{"epoch": 58, "time_epoch": 18.64463, "eta": 764.08771, "eta_hours": 0.21225, "loss": 0.66969493, "lr": 0.00037566, "params": 3599, "time_iter": 0.5327, "accuracy": 0.60791, "precision": 0.0, "recall": 0.0, "f1": 0.0, "auc": 0.47135}
{"epoch": 59, "time_epoch": 18.61741, "eta": 745.43884, "eta_hours": 0.20707, "loss": 0.66970795, "lr": 0.0003605, "params": 3599, "time_iter": 0.53193, "accuracy": 0.60791, "precision": 0.0, "recall": 0.0, "f1": 0.0, "auc": 0.47947}
{"epoch": 60, "time_epoch": 18.60395, "eta": 726.7824, "eta_hours": 0.20188, "loss": 0.66973093, "lr": 0.00034549, "params": 3599, "time_iter": 0.53154, "accuracy": 0.60791, "precision": 0.0, "recall": 0.0, "f1": 0.0, "auc": 0.44167}
{"epoch": 61, "time_epoch": 18.43664, "eta": 708.0251, "eta_hours": 0.19667, "loss": 0.66972382, "lr": 0.00033063, "params": 3599, "time_iter": 0.52676, "accuracy": 0.60791, "precision": 0.0, "recall": 0.0, "f1": 0.0, "auc": 0.46546}
{"epoch": 62, "time_epoch": 18.43607, "eta": 689.27765, "eta_hours": 0.19147, "loss": 0.66973472, "lr": 0.00031594, "params": 3599, "time_iter": 0.52674, "accuracy": 0.60791, "precision": 0.0, "recall": 0.0, "f1": 0.0, "auc": 0.44495}
{"epoch": 63, "time_epoch": 18.62751, "eta": 670.64761, "eta_hours": 0.18629, "loss": 0.66969704, "lr": 0.00030143, "params": 3599, "time_iter": 0.53221, "accuracy": 0.60791, "precision": 0.0, "recall": 0.0, "f1": 0.0, "auc": 0.4781}
{"epoch": 64, "time_epoch": 18.60475, "eta": 652.0054, "eta_hours": 0.18111, "loss": 0.66967999, "lr": 0.00028711, "params": 3599, "time_iter": 0.53156, "accuracy": 0.60791, "precision": 0.0, "recall": 0.0, "f1": 0.0, "auc": 0.48569}
{"epoch": 65, "time_epoch": 18.62524, "eta": 633.37488, "eta_hours": 0.17594, "loss": 0.66968021, "lr": 0.000273, "params": 3599, "time_iter": 0.53215, "accuracy": 0.60791, "precision": 0.0, "recall": 0.0, "f1": 0.0, "auc": 0.47077}
{"epoch": 66, "time_epoch": 18.61521, "eta": 614.73958, "eta_hours": 0.17076, "loss": 0.66967666, "lr": 0.00025912, "params": 3599, "time_iter": 0.53186, "accuracy": 0.60791, "precision": 0.0, "recall": 0.0, "f1": 0.0, "auc": 0.47092}
{"epoch": 67, "time_epoch": 18.6358, "eta": 596.11456, "eta_hours": 0.16559, "loss": 0.66970753, "lr": 0.00024548, "params": 3599, "time_iter": 0.53245, "accuracy": 0.60791, "precision": 0.0, "recall": 0.0, "f1": 0.0, "auc": 0.4626}
{"epoch": 68, "time_epoch": 18.74051, "eta": 577.53626, "eta_hours": 0.16043, "loss": 0.66969881, "lr": 0.00023209, "params": 3599, "time_iter": 0.53544, "accuracy": 0.60791, "precision": 0.0, "recall": 0.0, "f1": 0.0, "auc": 0.46445}
{"epoch": 69, "time_epoch": 18.67752, "eta": 558.92634, "eta_hours": 0.15526, "loss": 0.66968589, "lr": 0.00021896, "params": 3599, "time_iter": 0.53364, "accuracy": 0.60791, "precision": 0.0, "recall": 0.0, "f1": 0.0, "auc": 0.47417}
{"epoch": 70, "time_epoch": 18.62863, "eta": 540.29455, "eta_hours": 0.15008, "loss": 0.66968629, "lr": 0.00020611, "params": 3599, "time_iter": 0.53225, "accuracy": 0.60791, "precision": 0.0, "recall": 0.0, "f1": 0.0, "auc": 0.46059}
{"epoch": 71, "time_epoch": 18.64585, "eta": 521.66954, "eta_hours": 0.14491, "loss": 0.66969422, "lr": 0.00019355, "params": 3599, "time_iter": 0.53274, "accuracy": 0.60791, "precision": 0.0, "recall": 0.0, "f1": 0.0, "auc": 0.46606}
{"epoch": 72, "time_epoch": 18.63404, "eta": 503.03959, "eta_hours": 0.13973, "loss": 0.66968245, "lr": 0.00018129, "params": 3599, "time_iter": 0.5324, "accuracy": 0.60791, "precision": 0.0, "recall": 0.0, "f1": 0.0, "auc": 0.45878}
{"epoch": 73, "time_epoch": 18.59611, "eta": 484.3962, "eta_hours": 0.13455, "loss": 0.66967888, "lr": 0.00016934, "params": 3599, "time_iter": 0.53132, "accuracy": 0.60791, "precision": 0.0, "recall": 0.0, "f1": 0.0, "auc": 0.48828}
{"epoch": 74, "time_epoch": 18.67072, "eta": 465.77894, "eta_hours": 0.12938, "loss": 0.66968175, "lr": 0.00015773, "params": 3599, "time_iter": 0.53345, "accuracy": 0.60791, "precision": 0.0, "recall": 0.0, "f1": 0.0, "auc": 0.47952}
{"epoch": 75, "time_epoch": 18.70933, "eta": 447.17247, "eta_hours": 0.12421, "loss": 0.66968495, "lr": 0.00014645, "params": 3599, "time_iter": 0.53455, "accuracy": 0.60791, "precision": 0.0, "recall": 0.0, "f1": 0.0, "auc": 0.47124}
{"epoch": 76, "time_epoch": 18.69882, "eta": 428.56018, "eta_hours": 0.11904, "loss": 0.66970173, "lr": 0.00013552, "params": 3599, "time_iter": 0.53425, "accuracy": 0.60791, "precision": 0.0, "recall": 0.0, "f1": 0.0, "auc": 0.42118}
{"epoch": 77, "time_epoch": 18.62578, "eta": 409.92508, "eta_hours": 0.11387, "loss": 0.66968881, "lr": 0.00012494, "params": 3599, "time_iter": 0.53217, "accuracy": 0.60791, "precision": 0.0, "recall": 0.0, "f1": 0.0, "auc": 0.44502}
{"epoch": 78, "time_epoch": 18.57375, "eta": 391.27638, "eta_hours": 0.10869, "loss": 0.66969058, "lr": 0.00011474, "params": 3599, "time_iter": 0.53068, "accuracy": 0.60791, "precision": 0.0, "recall": 0.0, "f1": 0.0, "auc": 0.46564}
{"epoch": 79, "time_epoch": 18.87175, "eta": 372.70406, "eta_hours": 0.10353, "loss": 0.66968662, "lr": 0.00010492, "params": 3599, "time_iter": 0.53919, "accuracy": 0.60791, "precision": 0.0, "recall": 0.0, "f1": 0.0, "auc": 0.47556}
{"epoch": 80, "time_epoch": 18.6849, "eta": 354.08051, "eta_hours": 0.09836, "loss": 0.66967662, "lr": 9.549e-05, "params": 3599, "time_iter": 0.53385, "accuracy": 0.60791, "precision": 0.0, "recall": 0.0, "f1": 0.0, "auc": 0.46977}
{"epoch": 81, "time_epoch": 18.87278, "eta": 335.49671, "eta_hours": 0.09319, "loss": 0.66968641, "lr": 8.646e-05, "params": 3599, "time_iter": 0.53922, "accuracy": 0.60791, "precision": 0.0, "recall": 0.0, "f1": 0.0, "auc": 0.46578}
{"epoch": 82, "time_epoch": 22.23256, "eta": 317.5941, "eta_hours": 0.08822, "loss": 0.66967929, "lr": 7.784e-05, "params": 3599, "time_iter": 0.63522, "accuracy": 0.60791, "precision": 0.0, "recall": 0.0, "f1": 0.0, "auc": 0.48}
{"epoch": 83, "time_epoch": 21.49334, "eta": 299.44759, "eta_hours": 0.08318, "loss": 0.6696777, "lr": 6.963e-05, "params": 3599, "time_iter": 0.6141, "accuracy": 0.60791, "precision": 0.0, "recall": 0.0, "f1": 0.0, "auc": 0.47764}
{"epoch": 84, "time_epoch": 21.85291, "eta": 281.28578, "eta_hours": 0.07813, "loss": 0.66967431, "lr": 6.185e-05, "params": 3599, "time_iter": 0.62437, "accuracy": 0.60791, "precision": 0.0, "recall": 0.0, "f1": 0.0, "auc": 0.47396}
{"epoch": 85, "time_epoch": 21.52739, "eta": 262.98514, "eta_hours": 0.07305, "loss": 0.66967305, "lr": 5.45e-05, "params": 3599, "time_iter": 0.61507, "accuracy": 0.60791, "precision": 0.0, "recall": 0.0, "f1": 0.0, "auc": 0.49883}
{"epoch": 86, "time_epoch": 21.38959, "eta": 244.58973, "eta_hours": 0.06794, "loss": 0.66967256, "lr": 4.759e-05, "params": 3599, "time_iter": 0.61113, "accuracy": 0.60791, "precision": 0.0, "recall": 0.0, "f1": 0.0, "auc": 0.47876}
{"epoch": 87, "time_epoch": 21.41614, "eta": 226.12989, "eta_hours": 0.06281, "loss": 0.66967377, "lr": 4.112e-05, "params": 3599, "time_iter": 0.61189, "accuracy": 0.60791, "precision": 0.0, "recall": 0.0, "f1": 0.0, "auc": 0.48248}
{"epoch": 88, "time_epoch": 21.15508, "eta": 207.57135, "eta_hours": 0.05766, "loss": 0.66967389, "lr": 3.511e-05, "params": 3599, "time_iter": 0.60443, "accuracy": 0.60791, "precision": 0.0, "recall": 0.0, "f1": 0.0, "auc": 0.49129}
{"epoch": 89, "time_epoch": 20.92563, "eta": 188.92962, "eta_hours": 0.05248, "loss": 0.66967061, "lr": 2.956e-05, "params": 3599, "time_iter": 0.59788, "accuracy": 0.60791, "precision": 0.0, "recall": 0.0, "f1": 0.0, "auc": 0.50506}
{"epoch": 90, "time_epoch": 20.71144, "eta": 170.21651, "eta_hours": 0.04728, "loss": 0.66967138, "lr": 2.447e-05, "params": 3599, "time_iter": 0.59176, "accuracy": 0.60791, "precision": 0.0, "recall": 0.0, "f1": 0.0, "auc": 0.49722}
{"epoch": 91, "time_epoch": 21.02442, "eta": 151.48717, "eta_hours": 0.04208, "loss": 0.66966948, "lr": 1.985e-05, "params": 3599, "time_iter": 0.6007, "accuracy": 0.60791, "precision": 0.0, "recall": 0.0, "f1": 0.0, "auc": 0.53958}
{"epoch": 92, "time_epoch": 21.35559, "eta": 132.7334, "eta_hours": 0.03687, "loss": 0.66966891, "lr": 1.571e-05, "params": 3599, "time_iter": 0.61016, "accuracy": 0.60791, "precision": 0.0, "recall": 0.0, "f1": 0.0, "auc": 0.52481}
{"epoch": 93, "time_epoch": 21.03142, "eta": 113.90358, "eta_hours": 0.03164, "loss": 0.66966679, "lr": 1.204e-05, "params": 3599, "time_iter": 0.6009, "accuracy": 0.60791, "precision": 0.0, "recall": 0.0, "f1": 0.0, "auc": 0.57728}
{"epoch": 94, "time_epoch": 20.92156, "eta": 95.02163, "eta_hours": 0.02639, "loss": 0.66966807, "lr": 8.86e-06, "params": 3599, "time_iter": 0.59776, "accuracy": 0.60791, "precision": 0.0, "recall": 0.0, "f1": 0.0, "auc": 0.53659}
{"epoch": 95, "time_epoch": 21.29288, "eta": 76.11266, "eta_hours": 0.02114, "loss": 0.66966737, "lr": 6.16e-06, "params": 3599, "time_iter": 0.60837, "accuracy": 0.60791, "precision": 0.0, "recall": 0.0, "f1": 0.0, "auc": 0.56353}
{"epoch": 96, "time_epoch": 21.00804, "eta": 57.14573, "eta_hours": 0.01587, "loss": 0.66966851, "lr": 3.94e-06, "params": 3599, "time_iter": 0.60023, "accuracy": 0.60791, "precision": 0.0, "recall": 0.0, "f1": 0.0, "auc": 0.56257}
{"epoch": 97, "time_epoch": 21.7961, "eta": 38.15322, "eta_hours": 0.0106, "loss": 0.66966677, "lr": 2.22e-06, "params": 3599, "time_iter": 0.62275, "accuracy": 0.60791, "precision": 0.0, "recall": 0.0, "f1": 0.0, "auc": 0.60853}
{"epoch": 98, "time_epoch": 21.67326, "eta": 19.10284, "eta_hours": 0.00531, "loss": 0.66966589, "lr": 9.9e-07, "params": 3599, "time_iter": 0.61924, "accuracy": 0.60791, "precision": 0.0, "recall": 0.0, "f1": 0.0, "auc": 0.62933}
{"epoch": 99, "time_epoch": 21.63837, "eta": 0.0, "eta_hours": 0.0, "loss": 0.6696686, "lr": 2.5e-07, "params": 3599, "time_iter": 0.61824, "accuracy": 0.60791, "precision": 0.0, "recall": 0.0, "f1": 0.0, "auc": 0.54342}
