{"epoch": 0, "time_epoch": 1.47616, "eta": 146.13966, "eta_hours": 0.04059, "loss": 0.69499922, "lr": 0.001, "params": 4017, "time_iter": 0.01144, "accuracy": 0.50243, "precision": 0.50243, "recall": 1.0, "f1": 0.66883, "auc": 0.46399}
{"epoch": 1, "time_epoch": 1.3209, "eta": 137.05561, "eta_hours": 0.03807, "loss": 0.69339288, "lr": 0.00099975, "params": 4017, "time_iter": 0.01024, "accuracy": 0.49562, "precision": 0.49895, "recall": 0.9186, "f1": 0.64666, "auc": 0.47626}
{"epoch": 2, "time_epoch": 1.32037, "eta": 133.1301, "eta_hours": 0.03698, "loss": 0.69332774, "lr": 0.00099901, "params": 4017, "time_iter": 0.01024, "accuracy": 0.50243, "precision": 0.50243, "recall": 1.0, "f1": 0.66883, "auc": 0.46758}
{"epoch": 3, "time_epoch": 1.31228, "eta": 130.31283, "eta_hours": 0.0362, "loss": 0.69358639, "lr": 0.00099778, "params": 4017, "time_iter": 0.01017, "accuracy": 0.48783, "precision": 0.49472, "recall": 0.90795, "f1": 0.64046, "auc": 0.46746}
{"epoch": 4, "time_epoch": 1.31268, "eta": 128.10531, "eta_hours": 0.03558, "loss": 0.69331946, "lr": 0.00099606, "params": 4017, "time_iter": 0.01018, "accuracy": 0.50243, "precision": 0.50243, "recall": 1.0, "f1": 0.66883, "auc": 0.48361}
{"epoch": 5, "time_epoch": 1.31907, "eta": 126.2962, "eta_hours": 0.03508, "loss": 0.69340832, "lr": 0.00099384, "params": 4017, "time_iter": 0.01023, "accuracy": 0.4927, "precision": 0.49392, "recall": 0.39341, "f1": 0.43797, "auc": 0.4735}
{"epoch": 6, "time_epoch": 1.328, "eta": 124.74569, "eta_hours": 0.03465, "loss": 0.69324341, "lr": 0.00099114, "params": 4017, "time_iter": 0.01029, "accuracy": 0.50243, "precision": 0.50243, "recall": 1.0, "f1": 0.66883, "auc": 0.48813}
{"epoch": 7, "time_epoch": 1.30384, "eta": 122.973, "eta_hours": 0.03416, "loss": 0.69320294, "lr": 0.00098796, "params": 4017, "time_iter": 0.01011, "accuracy": 0.49367, "precision": 0.48824, "recall": 0.16085, "f1": 0.24198, "auc": 0.49142}
{"epoch": 8, "time_epoch": 1.31427, "eta": 121.40988, "eta_hours": 0.03372, "loss": 0.69326072, "lr": 0.00098429, "params": 4017, "time_iter": 0.01019, "accuracy": 0.50243, "precision": 0.50243, "recall": 1.0, "f1": 0.66883, "auc": 0.48498}
{"epoch": 9, "time_epoch": 1.31544, "eta": 119.90706, "eta_hours": 0.03331, "loss": 0.69330308, "lr": 0.00098015, "params": 4017, "time_iter": 0.0102, "accuracy": 0.48588, "precision": 0.48438, "recall": 0.36047, "f1": 0.41333, "auc": 0.4713}
{"epoch": 10, "time_epoch": 1.3181, "eta": 118.45984, "eta_hours": 0.03291, "loss": 0.69331912, "lr": 0.00097553, "params": 4017, "time_iter": 0.01022, "accuracy": 0.48345, "precision": 0.49061, "recall": 0.7345, "f1": 0.58828, "auc": 0.4654}
{"epoch": 11, "time_epoch": 1.31242, "eta": 116.99253, "eta_hours": 0.0325, "loss": 0.69320862, "lr": 0.00097044, "params": 4017, "time_iter": 0.01017, "accuracy": 0.4888, "precision": 0.49517, "recall": 0.89341, "f1": 0.63718, "auc": 0.4764}
{"epoch": 12, "time_epoch": 1.32169, "eta": 115.61104, "eta_hours": 0.03211, "loss": 0.6931973, "lr": 0.00096489, "params": 4017, "time_iter": 0.01025, "accuracy": 0.50243, "precision": 0.50243, "recall": 1.0, "f1": 0.66883, "auc": 0.47967}
{"epoch": 13, "time_epoch": 1.30848, "eta": 114.15697, "eta_hours": 0.03171, "loss": 0.69320715, "lr": 0.00095888, "params": 4017, "time_iter": 0.01014, "accuracy": 0.50243, "precision": 0.50243, "recall": 1.0, "f1": 0.66883, "auc": 0.47461}
{"epoch": 14, "time_epoch": 1.31341, "eta": 112.75026, "eta_hours": 0.03132, "loss": 0.69318873, "lr": 0.00095241, "params": 4017, "time_iter": 0.01018, "accuracy": 0.50243, "precision": 0.50243, "recall": 1.0, "f1": 0.66883, "auc": 0.47282}
{"epoch": 15, "time_epoch": 1.30774, "eta": 111.32541, "eta_hours": 0.03092, "loss": 0.69326385, "lr": 0.0009455, "params": 4017, "time_iter": 0.01014, "accuracy": 0.48978, "precision": 0.49559, "recall": 0.87112, "f1": 0.63176, "auc": 0.47652}
{"epoch": 16, "time_epoch": 1.32169, "eta": 109.98248, "eta_hours": 0.03055, "loss": 0.69331597, "lr": 0.00093815, "params": 4017, "time_iter": 0.01025, "accuracy": 0.49075, "precision": 0.49466, "recall": 0.62888, "f1": 0.55375, "auc": 0.4841}
{"epoch": 17, "time_epoch": 1.31887, "eta": 108.62907, "eta_hours": 0.03017, "loss": 0.69343654, "lr": 0.00093037, "params": 4017, "time_iter": 0.01022, "accuracy": 0.50438, "precision": 0.50343, "recall": 0.99419, "f1": 0.6684, "auc": 0.47998}
{"epoch": 18, "time_epoch": 1.31126, "eta": 107.24685, "eta_hours": 0.02979, "loss": 0.69321812, "lr": 0.00092216, "params": 4017, "time_iter": 0.01016, "accuracy": 0.48491, "precision": 0.49091, "recall": 0.68023, "f1": 0.57027, "auc": 0.47878}
{"epoch": 19, "time_epoch": 1.30732, "eta": 105.85596, "eta_hours": 0.0294, "loss": 0.69326002, "lr": 0.00091354, "params": 4017, "time_iter": 0.01013, "accuracy": 0.49367, "precision": 0.49773, "recall": 0.85174, "f1": 0.62831, "auc": 0.48146}
{"epoch": 20, "time_epoch": 1.31345, "eta": 104.4961, "eta_hours": 0.02903, "loss": 0.69330242, "lr": 0.00090451, "params": 4017, "time_iter": 0.01018, "accuracy": 0.49172, "precision": 0.48876, "recall": 0.25291, "f1": 0.33333, "auc": 0.48526}
{"epoch": 21, "time_epoch": 1.31738, "eta": 103.15439, "eta_hours": 0.02865, "loss": 0.69325521, "lr": 0.00089508, "params": 4017, "time_iter": 0.01021, "accuracy": 0.48296, "precision": 0.49084, "recall": 0.77907, "f1": 0.60225, "auc": 0.47659}
{"epoch": 22, "time_epoch": 1.30975, "eta": 101.78925, "eta_hours": 0.02827, "loss": 0.69331884, "lr": 0.00088526, "params": 4017, "time_iter": 0.01015, "accuracy": 0.4927, "precision": 0.49751, "recall": 0.96705, "f1": 0.65701, "auc": 0.46767}
{"epoch": 23, "time_epoch": 1.32484, "eta": 100.47649, "eta_hours": 0.02791, "loss": 0.69326447, "lr": 0.00087506, "params": 4017, "time_iter": 0.01027, "accuracy": 0.50243, "precision": 0.50243, "recall": 1.0, "f1": 0.66883, "auc": 0.47218}
{"epoch": 24, "time_epoch": 1.31578, "eta": 99.13558, "eta_hours": 0.02754, "loss": 0.69324122, "lr": 0.00086448, "params": 4017, "time_iter": 0.0102, "accuracy": 0.48783, "precision": 0.49307, "recall": 0.68895, "f1": 0.57478, "auc": 0.47631}
{"epoch": 25, "time_epoch": 1.33844, "eta": 97.86112, "eta_hours": 0.02718, "loss": 0.69325229, "lr": 0.00085355, "params": 4017, "time_iter": 0.01038, "accuracy": 0.50243, "precision": 0.50243, "recall": 1.0, "f1": 0.66883, "auc": 0.47777}
{"epoch": 26, "time_epoch": 1.31826, "eta": 96.52735, "eta_hours": 0.02681, "loss": 0.69332344, "lr": 0.00084227, "params": 4017, "time_iter": 0.01022, "accuracy": 0.50243, "precision": 0.50243, "recall": 1.0, "f1": 0.66883, "auc": 0.46517}
{"epoch": 27, "time_epoch": 1.29265, "eta": 95.12883, "eta_hours": 0.02642, "loss": 0.69323441, "lr": 0.00083066, "params": 4017, "time_iter": 0.01002, "accuracy": 0.4927, "precision": 0.49751, "recall": 0.96705, "f1": 0.65701, "auc": 0.47105}
{"epoch": 28, "time_epoch": 1.30587, "eta": 93.76998, "eta_hours": 0.02605, "loss": 0.69321169, "lr": 0.00081871, "params": 4017, "time_iter": 0.01012, "accuracy": 0.50243, "precision": 0.50243, "recall": 1.0, "f1": 0.66883, "auc": 0.47482}
{"epoch": 29, "time_epoch": 1.30845, "eta": 92.42069, "eta_hours": 0.02567, "loss": 0.69334023, "lr": 0.00080645, "params": 4017, "time_iter": 0.01014, "accuracy": 0.48588, "precision": 0.48568, "recall": 0.39438, "f1": 0.43529, "auc": 0.48413}
{"epoch": 30, "time_epoch": 1.30184, "eta": 91.05932, "eta_hours": 0.02529, "loss": 0.69323874, "lr": 0.00079389, "params": 4017, "time_iter": 0.01009, "accuracy": 0.50243, "precision": 0.50243, "recall": 1.0, "f1": 0.66883, "auc": 0.47469}
{"epoch": 31, "time_epoch": 1.30613, "eta": 89.71079, "eta_hours": 0.02492, "loss": 0.69322401, "lr": 0.00078104, "params": 4017, "time_iter": 0.01013, "accuracy": 0.50243, "precision": 0.50243, "recall": 1.0, "f1": 0.66883, "auc": 0.48199}
{"epoch": 32, "time_epoch": 1.30163, "eta": 88.3557, "eta_hours": 0.02454, "loss": 0.69320713, "lr": 0.00076791, "params": 4017, "time_iter": 0.01009, "accuracy": 0.50243, "precision": 0.50243, "recall": 1.0, "f1": 0.66883, "auc": 0.48156}
{"epoch": 33, "time_epoch": 1.30318, "eta": 87.00674, "eta_hours": 0.02417, "loss": 0.69323725, "lr": 0.00075452, "params": 4017, "time_iter": 0.0101, "accuracy": 0.50243, "precision": 0.50243, "recall": 1.0, "f1": 0.66883, "auc": 0.48456}
{"epoch": 34, "time_epoch": 1.31315, "eta": 85.67892, "eta_hours": 0.0238, "loss": 0.69325193, "lr": 0.00074088, "params": 4017, "time_iter": 0.01018, "accuracy": 0.49416, "precision": 0.49801, "recall": 0.85078, "f1": 0.62826, "auc": 0.4745}
{"epoch": 35, "time_epoch": 1.31948, "eta": 84.36317, "eta_hours": 0.02343, "loss": 0.69321479, "lr": 0.000727, "params": 4017, "time_iter": 0.01023, "accuracy": 0.50243, "precision": 0.50243, "recall": 1.0, "f1": 0.66883, "auc": 0.4771}
{"epoch": 36, "time_epoch": 1.30882, "eta": 83.02907, "eta_hours": 0.02306, "loss": 0.69333192, "lr": 0.00071289, "params": 4017, "time_iter": 0.01015, "accuracy": 0.4888, "precision": 0.49291, "recall": 0.60659, "f1": 0.54387, "auc": 0.47633}
{"epoch": 37, "time_epoch": 1.29488, "eta": 81.67356, "eta_hours": 0.02269, "loss": 0.69326871, "lr": 0.00069857, "params": 4017, "time_iter": 0.01004, "accuracy": 0.4927, "precision": 0.49543, "recall": 0.52519, "f1": 0.50988, "auc": 0.48211}
{"epoch": 38, "time_epoch": 1.31238, "eta": 80.34852, "eta_hours": 0.02232, "loss": 0.69322435, "lr": 0.00068406, "params": 4017, "time_iter": 0.01017, "accuracy": 0.50243, "precision": 0.50243, "recall": 1.0, "f1": 0.66883, "auc": 0.47122}
{"epoch": 39, "time_epoch": 1.3045, "eta": 79.01229, "eta_hours": 0.02195, "loss": 0.69322731, "lr": 0.00066937, "params": 4017, "time_iter": 0.01011, "accuracy": 0.50243, "precision": 0.50243, "recall": 1.0, "f1": 0.66883, "auc": 0.47431}
{"epoch": 40, "time_epoch": 1.31976, "eta": 77.69958, "eta_hours": 0.02158, "loss": 0.69319521, "lr": 0.00065451, "params": 4017, "time_iter": 0.01023, "accuracy": 0.50243, "precision": 0.50243, "recall": 1.0, "f1": 0.66883, "auc": 0.48052}
{"epoch": 41, "time_epoch": 1.30789, "eta": 76.37014, "eta_hours": 0.02121, "loss": 0.69324647, "lr": 0.0006395, "params": 4017, "time_iter": 0.01014, "accuracy": 0.50243, "precision": 0.50243, "recall": 1.0, "f1": 0.66883, "auc": 0.48175}
{"epoch": 42, "time_epoch": 1.314, "eta": 75.0498, "eta_hours": 0.02085, "loss": 0.69320492, "lr": 0.00062434, "params": 4017, "time_iter": 0.01019, "accuracy": 0.50243, "precision": 0.50243, "recall": 1.0, "f1": 0.66883, "auc": 0.47454}
{"epoch": 43, "time_epoch": 1.31667, "eta": 73.73314, "eta_hours": 0.02048, "loss": 0.69319654, "lr": 0.00060907, "params": 4017, "time_iter": 0.01021, "accuracy": 0.49075, "precision": 0.49541, "recall": 0.73256, "f1": 0.59109, "auc": 0.4811}
{"epoch": 44, "time_epoch": 1.30138, "eta": 72.39779, "eta_hours": 0.02011, "loss": 0.69318445, "lr": 0.00059369, "params": 4017, "time_iter": 0.01009, "accuracy": 0.50243, "precision": 0.50243, "recall": 1.0, "f1": 0.66883, "auc": 0.4871}
{"epoch": 45, "time_epoch": 1.31157, "eta": 71.07589, "eta_hours": 0.01974, "loss": 0.69319654, "lr": 0.00057822, "params": 4017, "time_iter": 0.01017, "accuracy": 0.50243, "precision": 0.50243, "recall": 1.0, "f1": 0.66883, "auc": 0.46302}
{"epoch": 46, "time_epoch": 1.30539, "eta": 69.74746, "eta_hours": 0.01937, "loss": 0.6931943, "lr": 0.00056267, "params": 4017, "time_iter": 0.01012, "accuracy": 0.50243, "precision": 0.50243, "recall": 1.0, "f1": 0.66883, "auc": 0.46873}
{"epoch": 47, "time_epoch": 1.30105, "eta": 68.41528, "eta_hours": 0.019, "loss": 0.69320314, "lr": 0.00054705, "params": 4017, "time_iter": 0.01009, "accuracy": 0.50243, "precision": 0.50243, "recall": 1.0, "f1": 0.66883, "auc": 0.47934}
{"epoch": 48, "time_epoch": 1.31709, "eta": 67.10107, "eta_hours": 0.01864, "loss": 0.69318993, "lr": 0.0005314, "params": 4017, "time_iter": 0.01021, "accuracy": 0.50243, "precision": 0.50243, "recall": 1.0, "f1": 0.66883, "auc": 0.46884}
{"epoch": 49, "time_epoch": 1.30755, "eta": 65.77721, "eta_hours": 0.01827, "loss": 0.69317866, "lr": 0.00051571, "params": 4017, "time_iter": 0.01014, "accuracy": 0.50243, "precision": 0.50243, "recall": 1.0, "f1": 0.66883, "auc": 0.47984}
{"epoch": 50, "time_epoch": 1.30995, "eta": 64.45629, "eta_hours": 0.0179, "loss": 0.69321282, "lr": 0.0005, "params": 4017, "time_iter": 0.01015, "accuracy": 0.50243, "precision": 0.50243, "recall": 1.0, "f1": 0.66883, "auc": 0.47111}
{"epoch": 51, "time_epoch": 1.30477, "eta": 63.13101, "eta_hours": 0.01754, "loss": 0.69317565, "lr": 0.00048429, "params": 4017, "time_iter": 0.01011, "accuracy": 0.50243, "precision": 0.50243, "recall": 1.0, "f1": 0.66883, "auc": 0.46439}
{"epoch": 52, "time_epoch": 1.30444, "eta": 61.80621, "eta_hours": 0.01717, "loss": 0.69320033, "lr": 0.0004686, "params": 4017, "time_iter": 0.01011, "accuracy": 0.50243, "precision": 0.50243, "recall": 1.0, "f1": 0.66883, "auc": 0.47536}
{"epoch": 53, "time_epoch": 1.31013, "eta": 60.48701, "eta_hours": 0.0168, "loss": 0.69324229, "lr": 0.00045295, "params": 4017, "time_iter": 0.01016, "accuracy": 0.50243, "precision": 0.50243, "recall": 1.0, "f1": 0.66883, "auc": 0.48103}
{"epoch": 54, "time_epoch": 1.31842, "eta": 59.17493, "eta_hours": 0.01644, "loss": 0.69316534, "lr": 0.00043733, "params": 4017, "time_iter": 0.01022, "accuracy": 0.50243, "precision": 0.50243, "recall": 1.0, "f1": 0.66883, "auc": 0.48023}
{"epoch": 55, "time_epoch": 1.306, "eta": 57.85286, "eta_hours": 0.01607, "loss": 0.69323642, "lr": 0.00042178, "params": 4017, "time_iter": 0.01012, "accuracy": 0.50243, "precision": 0.50243, "recall": 1.0, "f1": 0.66883, "auc": 0.47545}
{"epoch": 56, "time_epoch": 1.30314, "eta": 56.52919, "eta_hours": 0.0157, "loss": 0.69319856, "lr": 0.00040631, "params": 4017, "time_iter": 0.0101, "accuracy": 0.50243, "precision": 0.50243, "recall": 1.0, "f1": 0.66883, "auc": 0.47783}
{"epoch": 57, "time_epoch": 1.3086, "eta": 55.2102, "eta_hours": 0.01534, "loss": 0.69321846, "lr": 0.00039093, "params": 4017, "time_iter": 0.01014, "accuracy": 0.48199, "precision": 0.48599, "recall": 0.53779, "f1": 0.51058, "auc": 0.47504}
{"epoch": 58, "time_epoch": 1.32149, "eta": 53.90051, "eta_hours": 0.01497, "loss": 0.69321199, "lr": 0.00037566, "params": 4017, "time_iter": 0.01024, "accuracy": 0.50243, "precision": 0.50243, "recall": 1.0, "f1": 0.66883, "auc": 0.47303}
{"epoch": 59, "time_epoch": 1.31094, "eta": 52.58339, "eta_hours": 0.01461, "loss": 0.69317363, "lr": 0.0003605, "params": 4017, "time_iter": 0.01016, "accuracy": 0.50243, "precision": 0.50243, "recall": 1.0, "f1": 0.66883, "auc": 0.48283}
{"epoch": 60, "time_epoch": 1.30198, "eta": 51.26074, "eta_hours": 0.01424, "loss": 0.69318013, "lr": 0.00034549, "params": 4017, "time_iter": 0.01009, "accuracy": 0.50243, "precision": 0.50243, "recall": 1.0, "f1": 0.66883, "auc": 0.47597}
{"epoch": 61, "time_epoch": 1.29982, "eta": 49.93744, "eta_hours": 0.01387, "loss": 0.69317176, "lr": 0.00033063, "params": 4017, "time_iter": 0.01008, "accuracy": 0.50243, "precision": 0.50243, "recall": 1.0, "f1": 0.66883, "auc": 0.47594}
{"epoch": 62, "time_epoch": 1.31315, "eta": 48.62271, "eta_hours": 0.01351, "loss": 0.69316798, "lr": 0.00031594, "params": 4017, "time_iter": 0.01018, "accuracy": 0.50243, "precision": 0.50243, "recall": 1.0, "f1": 0.66883, "auc": 0.47214}
{"epoch": 63, "time_epoch": 1.30393, "eta": 47.30285, "eta_hours": 0.01314, "loss": 0.69317713, "lr": 0.00030143, "params": 4017, "time_iter": 0.01011, "accuracy": 0.50243, "precision": 0.50243, "recall": 1.0, "f1": 0.66883, "auc": 0.47932}
{"epoch": 64, "time_epoch": 1.31069, "eta": 45.98712, "eta_hours": 0.01277, "loss": 0.69318348, "lr": 0.00028711, "params": 4017, "time_iter": 0.01016, "accuracy": 0.50243, "precision": 0.50243, "recall": 1.0, "f1": 0.66883, "auc": 0.47931}
{"epoch": 65, "time_epoch": 1.30546, "eta": 44.66884, "eta_hours": 0.01241, "loss": 0.69317735, "lr": 0.000273, "params": 4017, "time_iter": 0.01012, "accuracy": 0.50243, "precision": 0.50243, "recall": 1.0, "f1": 0.66883, "auc": 0.47659}
{"epoch": 66, "time_epoch": 1.30813, "eta": 43.35227, "eta_hours": 0.01204, "loss": 0.69317714, "lr": 0.00025912, "params": 4017, "time_iter": 0.01014, "accuracy": 0.50243, "precision": 0.50243, "recall": 1.0, "f1": 0.66883, "auc": 0.4818}
{"epoch": 67, "time_epoch": 1.30514, "eta": 42.03453, "eta_hours": 0.01168, "loss": 0.69315822, "lr": 0.00024548, "params": 4017, "time_iter": 0.01012, "accuracy": 0.50243, "precision": 0.50243, "recall": 1.0, "f1": 0.66883, "auc": 0.48316}
{"epoch": 68, "time_epoch": 1.30968, "eta": 40.7192, "eta_hours": 0.01131, "loss": 0.69316433, "lr": 0.00023209, "params": 4017, "time_iter": 0.01015, "accuracy": 0.50243, "precision": 0.50243, "recall": 1.0, "f1": 0.66883, "auc": 0.47425}
{"epoch": 69, "time_epoch": 1.2994, "eta": 39.39962, "eta_hours": 0.01094, "loss": 0.69318538, "lr": 0.00021896, "params": 4017, "time_iter": 0.01007, "accuracy": 0.50243, "precision": 0.50243, "recall": 1.0, "f1": 0.66883, "auc": 0.47938}
{"epoch": 70, "time_epoch": 1.30691, "eta": 38.08369, "eta_hours": 0.01058, "loss": 0.69316793, "lr": 0.00020611, "params": 4017, "time_iter": 0.01013, "accuracy": 0.50243, "precision": 0.50243, "recall": 1.0, "f1": 0.66883, "auc": 0.47772}
{"epoch": 71, "time_epoch": 1.30883, "eta": 36.76875, "eta_hours": 0.01021, "loss": 0.69316391, "lr": 0.00019355, "params": 4017, "time_iter": 0.01015, "accuracy": 0.50243, "precision": 0.50243, "recall": 1.0, "f1": 0.66883, "auc": 0.47406}
{"epoch": 72, "time_epoch": 1.30988, "eta": 35.45436, "eta_hours": 0.00985, "loss": 0.69317112, "lr": 0.00018129, "params": 4017, "time_iter": 0.01015, "accuracy": 0.50243, "precision": 0.50243, "recall": 1.0, "f1": 0.66883, "auc": 0.47432}
{"epoch": 73, "time_epoch": 1.31825, "eta": 34.14303, "eta_hours": 0.00948, "loss": 0.69315323, "lr": 0.00016934, "params": 4017, "time_iter": 0.01022, "accuracy": 0.50243, "precision": 0.50243, "recall": 1.0, "f1": 0.66883, "auc": 0.48033}
{"epoch": 74, "time_epoch": 1.3123, "eta": 32.82954, "eta_hours": 0.00912, "loss": 0.69317276, "lr": 0.00015773, "params": 4017, "time_iter": 0.01017, "accuracy": 0.50243, "precision": 0.50243, "recall": 1.0, "f1": 0.66883, "auc": 0.46494}
{"epoch": 75, "time_epoch": 1.29992, "eta": 31.51217, "eta_hours": 0.00875, "loss": 0.69316979, "lr": 0.00014645, "params": 4017, "time_iter": 0.01008, "accuracy": 0.50243, "precision": 0.50243, "recall": 1.0, "f1": 0.66883, "auc": 0.46258}
{"epoch": 76, "time_epoch": 1.30803, "eta": 30.19768, "eta_hours": 0.00839, "loss": 0.69316085, "lr": 0.00013552, "params": 4017, "time_iter": 0.01014, "accuracy": 0.50243, "precision": 0.50243, "recall": 1.0, "f1": 0.66883, "auc": 0.46457}
{"epoch": 77, "time_epoch": 1.30634, "eta": 28.88288, "eta_hours": 0.00802, "loss": 0.69314304, "lr": 0.00012494, "params": 4017, "time_iter": 0.01013, "accuracy": 0.50243, "precision": 0.50243, "recall": 1.0, "f1": 0.66883, "auc": 0.48}
{"epoch": 78, "time_epoch": 1.30352, "eta": 27.56754, "eta_hours": 0.00766, "loss": 0.69314464, "lr": 0.00011474, "params": 4017, "time_iter": 0.0101, "accuracy": 0.50243, "precision": 0.50243, "recall": 1.0, "f1": 0.66883, "auc": 0.45958}
{"epoch": 79, "time_epoch": 1.30514, "eta": 26.2529, "eta_hours": 0.00729, "loss": 0.69314756, "lr": 0.00010492, "params": 4017, "time_iter": 0.01012, "accuracy": 0.50243, "precision": 0.50243, "recall": 1.0, "f1": 0.66883, "auc": 0.47242}
{"epoch": 80, "time_epoch": 1.31723, "eta": 24.94133, "eta_hours": 0.00693, "loss": 0.69314972, "lr": 9.549e-05, "params": 4017, "time_iter": 0.01021, "accuracy": 0.50243, "precision": 0.50243, "recall": 1.0, "f1": 0.66883, "auc": 0.46726}
{"epoch": 81, "time_epoch": 1.30551, "eta": 23.62705, "eta_hours": 0.00656, "loss": 0.69314511, "lr": 8.646e-05, "params": 4017, "time_iter": 0.01012, "accuracy": 0.50243, "precision": 0.50243, "recall": 1.0, "f1": 0.66883, "auc": 0.47742}
{"epoch": 82, "time_epoch": 1.3078, "eta": 22.31345, "eta_hours": 0.0062, "loss": 0.69314928, "lr": 7.784e-05, "params": 4017, "time_iter": 0.01014, "accuracy": 0.50243, "precision": 0.50243, "recall": 1.0, "f1": 0.66883, "auc": 0.47964}
{"epoch": 83, "time_epoch": 1.30406, "eta": 20.99927, "eta_hours": 0.00583, "loss": 0.69314327, "lr": 6.963e-05, "params": 4017, "time_iter": 0.01011, "accuracy": 0.50243, "precision": 0.50243, "recall": 1.0, "f1": 0.66883, "auc": 0.4819}
{"epoch": 84, "time_epoch": 1.30512, "eta": 19.68552, "eta_hours": 0.00547, "loss": 0.69316004, "lr": 6.185e-05, "params": 4017, "time_iter": 0.01012, "accuracy": 0.50243, "precision": 0.50243, "recall": 1.0, "f1": 0.66883, "auc": 0.47183}
{"epoch": 85, "time_epoch": 1.30977, "eta": 18.37273, "eta_hours": 0.0051, "loss": 0.69314655, "lr": 5.45e-05, "params": 4017, "time_iter": 0.01015, "accuracy": 0.50243, "precision": 0.50243, "recall": 1.0, "f1": 0.66883, "auc": 0.46994}
{"epoch": 86, "time_epoch": 1.30207, "eta": 17.05886, "eta_hours": 0.00474, "loss": 0.69314055, "lr": 4.759e-05, "params": 4017, "time_iter": 0.01009, "accuracy": 0.50243, "precision": 0.50243, "recall": 1.0, "f1": 0.66883, "auc": 0.47502}
{"epoch": 87, "time_epoch": 1.30436, "eta": 15.74557, "eta_hours": 0.00437, "loss": 0.693143, "lr": 4.112e-05, "params": 4017, "time_iter": 0.01011, "accuracy": 0.50243, "precision": 0.50243, "recall": 1.0, "f1": 0.66883, "auc": 0.47688}
{"epoch": 88, "time_epoch": 1.3126, "eta": 14.43349, "eta_hours": 0.00401, "loss": 0.69313879, "lr": 3.511e-05, "params": 4017, "time_iter": 0.01018, "accuracy": 0.50243, "precision": 0.50243, "recall": 1.0, "f1": 0.66883, "auc": 0.4792}
{"epoch": 89, "time_epoch": 1.29969, "eta": 13.11998, "eta_hours": 0.00364, "loss": 0.69313853, "lr": 2.956e-05, "params": 4017, "time_iter": 0.01008, "accuracy": 0.50243, "precision": 0.50243, "recall": 1.0, "f1": 0.66883, "auc": 0.4638}
{"epoch": 90, "time_epoch": 1.30531, "eta": 11.80732, "eta_hours": 0.00328, "loss": 0.69314063, "lr": 2.447e-05, "params": 4017, "time_iter": 0.01012, "accuracy": 0.50243, "precision": 0.50243, "recall": 1.0, "f1": 0.66883, "auc": 0.46777}
{"epoch": 91, "time_epoch": 1.31048, "eta": 10.49527, "eta_hours": 0.00292, "loss": 0.69313742, "lr": 1.985e-05, "params": 4017, "time_iter": 0.01016, "accuracy": 0.50243, "precision": 0.50243, "recall": 1.0, "f1": 0.66883, "auc": 0.47795}
{"epoch": 92, "time_epoch": 1.30465, "eta": 9.18281, "eta_hours": 0.00255, "loss": 0.69313966, "lr": 1.571e-05, "params": 4017, "time_iter": 0.01011, "accuracy": 0.50243, "precision": 0.50243, "recall": 1.0, "f1": 0.66883, "auc": 0.47217}
{"epoch": 93, "time_epoch": 1.3004, "eta": 7.87025, "eta_hours": 0.00219, "loss": 0.6931366, "lr": 1.204e-05, "params": 4017, "time_iter": 0.01008, "accuracy": 0.50243, "precision": 0.50243, "recall": 1.0, "f1": 0.66883, "auc": 0.48144}
{"epoch": 94, "time_epoch": 1.31002, "eta": 6.55845, "eta_hours": 0.00182, "loss": 0.69313621, "lr": 8.86e-06, "params": 4017, "time_iter": 0.01016, "accuracy": 0.50243, "precision": 0.50243, "recall": 1.0, "f1": 0.66883, "auc": 0.47538}
{"epoch": 95, "time_epoch": 1.31053, "eta": 5.24672, "eta_hours": 0.00146, "loss": 0.69313592, "lr": 6.16e-06, "params": 4017, "time_iter": 0.01016, "accuracy": 0.50243, "precision": 0.50243, "recall": 1.0, "f1": 0.66883, "auc": 0.4715}
{"epoch": 96, "time_epoch": 1.31973, "eta": 3.93529, "eta_hours": 0.00109, "loss": 0.69313598, "lr": 3.94e-06, "params": 4017, "time_iter": 0.01023, "accuracy": 0.50243, "precision": 0.50243, "recall": 1.0, "f1": 0.66883, "auc": 0.47803}
{"epoch": 97, "time_epoch": 1.30477, "eta": 2.62338, "eta_hours": 0.00073, "loss": 0.69313574, "lr": 2.22e-06, "params": 4017, "time_iter": 0.01011, "accuracy": 0.50243, "precision": 0.50243, "recall": 1.0, "f1": 0.66883, "auc": 0.48161}
{"epoch": 98, "time_epoch": 1.29991, "eta": 1.31157, "eta_hours": 0.00036, "loss": 0.69313543, "lr": 9.9e-07, "params": 4017, "time_iter": 0.01008, "accuracy": 0.50243, "precision": 0.50243, "recall": 1.0, "f1": 0.66883, "auc": 0.46946}
{"epoch": 99, "time_epoch": 1.3069, "eta": 0.0, "eta_hours": 0.0, "loss": 0.69313537, "lr": 2.5e-07, "params": 4017, "time_iter": 0.01013, "accuracy": 0.50243, "precision": 0.50243, "recall": 1.0, "f1": 0.66883, "auc": 0.48231}
