{"epoch": 0, "time_epoch": 19.48212, "eta": 1928.72948, "eta_hours": 0.53576, "loss": 0.66818899, "lr": 0.001, "params": 6215, "time_iter": 0.14016, "accuracy": 0.66727, "precision": 0.66337, "recall": 0.30734, "f1": 0.42006, "auc": 0.64036}
{"epoch": 1, "time_epoch": 11.61481, "eta": 1523.74947, "eta_hours": 0.42326, "loss": 0.62514241, "lr": 0.00099975, "params": 6215, "time_iter": 0.08356, "accuracy": 0.68345, "precision": 0.64, "recall": 0.44037, "f1": 0.52174, "auc": 0.70402}
{"epoch": 2, "time_epoch": 6.35984, "eta": 1211.10226, "eta_hours": 0.33642, "loss": 0.58307886, "lr": 0.00099901, "params": 6215, "time_iter": 0.04575, "accuracy": 0.71942, "precision": 0.72464, "recall": 0.45872, "f1": 0.5618, "auc": 0.73779}
{"epoch": 3, "time_epoch": 6.53239, "eta": 1055.73992, "eta_hours": 0.29326, "loss": 0.57649778, "lr": 0.00099778, "params": 6215, "time_iter": 0.047, "accuracy": 0.72302, "precision": 0.70779, "recall": 0.5, "f1": 0.58602, "auc": 0.76122}
{"epoch": 4, "time_epoch": 6.5391, "eta": 960.03699, "eta_hours": 0.26668, "loss": 0.59145857, "lr": 0.00099606, "params": 6215, "time_iter": 0.04704, "accuracy": 0.73022, "precision": 0.71519, "recall": 0.51835, "f1": 0.60106, "auc": 0.75512}
{"epoch": 5, "time_epoch": 6.51828, "eta": 893.72917, "eta_hours": 0.24826, "loss": 0.58752062, "lr": 0.00099384, "params": 6215, "time_iter": 0.04689, "accuracy": 0.72482, "precision": 0.69697, "recall": 0.52752, "f1": 0.60052, "auc": 0.76979}
{"epoch": 6, "time_epoch": 7.29162, "eta": 854.77842, "eta_hours": 0.23744, "loss": 0.55485087, "lr": 0.00099114, "params": 6215, "time_iter": 0.05246, "accuracy": 0.73741, "precision": 0.74324, "recall": 0.50459, "f1": 0.60109, "auc": 0.77542}
{"epoch": 7, "time_epoch": 7.49589, "eta": 826.09162, "eta_hours": 0.22947, "loss": 0.60871094, "lr": 0.00098796, "params": 6215, "time_iter": 0.05393, "accuracy": 0.7518, "precision": 0.73256, "recall": 0.57798, "f1": 0.64615, "auc": 0.77097}
{"epoch": 8, "time_epoch": 7.50277, "eta": 802.18345, "eta_hours": 0.22283, "loss": 0.57534869, "lr": 0.00098429, "params": 6215, "time_iter": 0.05398, "accuracy": 0.73741, "precision": 0.71176, "recall": 0.55505, "f1": 0.62371, "auc": 0.75596}
{"epoch": 9, "time_epoch": 7.47346, "eta": 781.29254, "eta_hours": 0.21703, "loss": 0.58221661, "lr": 0.00098015, "params": 6215, "time_iter": 0.05377, "accuracy": 0.73561, "precision": 0.7205, "recall": 0.53211, "f1": 0.61214, "auc": 0.76629}
{"epoch": 10, "time_epoch": 7.47742, "eta": 762.87324, "eta_hours": 0.21191, "loss": 0.55393591, "lr": 0.00097553, "params": 6215, "time_iter": 0.05379, "accuracy": 0.7446, "precision": 0.71591, "recall": 0.57798, "f1": 0.63959, "auc": 0.78765}
{"epoch": 11, "time_epoch": 7.45258, "eta": 746.09541, "eta_hours": 0.20725, "loss": 0.58624646, "lr": 0.00097044, "params": 6215, "time_iter": 0.05362, "accuracy": 0.72842, "precision": 0.67914, "recall": 0.58257, "f1": 0.62716, "auc": 0.76368}
{"epoch": 12, "time_epoch": 7.45099, "eta": 730.74161, "eta_hours": 0.20298, "loss": 0.56810241, "lr": 0.00096489, "params": 6215, "time_iter": 0.0536, "accuracy": 0.73022, "precision": 0.72667, "recall": 0.5, "f1": 0.59239, "auc": 0.7593}
{"epoch": 13, "time_epoch": 7.45547, "eta": 716.54428, "eta_hours": 0.19904, "loss": 0.58379884, "lr": 0.00095888, "params": 6215, "time_iter": 0.05364, "accuracy": 0.7554, "precision": 0.74405, "recall": 0.57339, "f1": 0.64767, "auc": 0.76764}
{"epoch": 14, "time_epoch": 7.45113, "eta": 703.22127, "eta_hours": 0.19534, "loss": 0.57460024, "lr": 0.00095241, "params": 6215, "time_iter": 0.05361, "accuracy": 0.73022, "precision": 0.69767, "recall": 0.55046, "f1": 0.61538, "auc": 0.76468}
{"epoch": 15, "time_epoch": 7.47741, "eta": 690.77023, "eta_hours": 0.19188, "loss": 0.54404025, "lr": 0.0009455, "params": 6215, "time_iter": 0.05379, "accuracy": 0.75, "precision": 0.71123, "recall": 0.61009, "f1": 0.65679, "auc": 0.80205}
{"epoch": 16, "time_epoch": 7.50991, "eta": 679.06301, "eta_hours": 0.18863, "loss": 0.56923907, "lr": 0.00093815, "params": 6215, "time_iter": 0.05403, "accuracy": 0.74281, "precision": 0.73585, "recall": 0.5367, "f1": 0.62069, "auc": 0.75026}
{"epoch": 17, "time_epoch": 7.45136, "eta": 667.55541, "eta_hours": 0.18543, "loss": 0.55922811, "lr": 0.00093037, "params": 6215, "time_iter": 0.05361, "accuracy": 0.73381, "precision": 0.71875, "recall": 0.52752, "f1": 0.60847, "auc": 0.7606}
{"epoch": 18, "time_epoch": 7.44059, "eta": 656.42887, "eta_hours": 0.18234, "loss": 0.55963115, "lr": 0.00092216, "params": 6215, "time_iter": 0.05353, "accuracy": 0.75899, "precision": 0.75301, "recall": 0.57339, "f1": 0.65104, "auc": 0.76612}
{"epoch": 19, "time_epoch": 7.46732, "eta": 645.77786, "eta_hours": 0.17938, "loss": 0.57778167, "lr": 0.00091354, "params": 6215, "time_iter": 0.05372, "accuracy": 0.73921, "precision": 0.73248, "recall": 0.52752, "f1": 0.61333, "auc": 0.75551}
{"epoch": 20, "time_epoch": 7.44163, "eta": 635.33342, "eta_hours": 0.17648, "loss": 0.56228937, "lr": 0.00090451, "params": 6215, "time_iter": 0.05354, "accuracy": 0.7554, "precision": 0.74699, "recall": 0.56881, "f1": 0.64583, "auc": 0.76595}
{"epoch": 21, "time_epoch": 7.45034, "eta": 625.19282, "eta_hours": 0.17366, "loss": 0.55775506, "lr": 0.00089508, "params": 6215, "time_iter": 0.0536, "accuracy": 0.7536, "precision": 0.73143, "recall": 0.58716, "f1": 0.6514, "auc": 0.77516}
{"epoch": 22, "time_epoch": 7.43828, "eta": 615.24581, "eta_hours": 0.1709, "loss": 0.57165444, "lr": 0.00088526, "params": 6215, "time_iter": 0.05351, "accuracy": 0.7518, "precision": 0.77027, "recall": 0.52294, "f1": 0.62295, "auc": 0.74872}
{"epoch": 23, "time_epoch": 7.43634, "eta": 605.5017, "eta_hours": 0.16819, "loss": 0.55985078, "lr": 0.00087506, "params": 6215, "time_iter": 0.0535, "accuracy": 0.76079, "precision": 0.73224, "recall": 0.61468, "f1": 0.66833, "auc": 0.79019}
{"epoch": 24, "time_epoch": 7.45681, "eta": 596.00361, "eta_hours": 0.16556, "loss": 0.54480329, "lr": 0.00086448, "params": 6215, "time_iter": 0.05365, "accuracy": 0.75, "precision": 0.73099, "recall": 0.57339, "f1": 0.64267, "auc": 0.79152}
{"epoch": 25, "time_epoch": 7.44407, "eta": 586.62629, "eta_hours": 0.16295, "loss": 0.55587439, "lr": 0.00085355, "params": 6215, "time_iter": 0.05355, "accuracy": 0.7446, "precision": 0.73171, "recall": 0.55046, "f1": 0.62827, "auc": 0.78724}
{"epoch": 26, "time_epoch": 7.46116, "eta": 577.43839, "eta_hours": 0.1604, "loss": 0.55651602, "lr": 0.00084227, "params": 6215, "time_iter": 0.05368, "accuracy": 0.75899, "precision": 0.73333, "recall": 0.6055, "f1": 0.66332, "auc": 0.78333}
{"epoch": 27, "time_epoch": 7.45379, "eta": 568.35487, "eta_hours": 0.15788, "loss": 0.56537345, "lr": 0.00083066, "params": 6215, "time_iter": 0.05362, "accuracy": 0.7464, "precision": 0.75163, "recall": 0.52752, "f1": 0.61995, "auc": 0.74708}
{"epoch": 28, "time_epoch": 7.44881, "eta": 559.37154, "eta_hours": 0.15538, "loss": 0.57615456, "lr": 0.00081871, "params": 6215, "time_iter": 0.05359, "accuracy": 0.7446, "precision": 0.73457, "recall": 0.54587, "f1": 0.62632, "auc": 0.77036}
{"epoch": 29, "time_epoch": 7.46027, "eta": 550.51727, "eta_hours": 0.15292, "loss": 0.55624241, "lr": 0.00080645, "params": 6215, "time_iter": 0.05367, "accuracy": 0.7536, "precision": 0.75155, "recall": 0.55505, "f1": 0.63852, "auc": 0.78956}
{"epoch": 30, "time_epoch": 7.46113, "eta": 541.75485, "eta_hours": 0.15049, "loss": 0.58035605, "lr": 0.00079389, "params": 6215, "time_iter": 0.05368, "accuracy": 0.73921, "precision": 0.71856, "recall": 0.55046, "f1": 0.62338, "auc": 0.76976}
{"epoch": 31, "time_epoch": 7.44726, "eta": 533.04429, "eta_hours": 0.14807, "loss": 0.56511749, "lr": 0.00078104, "params": 6215, "time_iter": 0.05358, "accuracy": 0.73561, "precision": 0.72611, "recall": 0.52294, "f1": 0.608, "auc": 0.75737}
{"epoch": 32, "time_epoch": 7.43665, "eta": 524.38873, "eta_hours": 0.14566, "loss": 0.54638567, "lr": 0.00076791, "params": 6215, "time_iter": 0.0535, "accuracy": 0.7446, "precision": 0.72353, "recall": 0.56422, "f1": 0.63402, "auc": 0.78891}
{"epoch": 33, "time_epoch": 7.45548, "eta": 515.84144, "eta_hours": 0.14329, "loss": 0.55823147, "lr": 0.00075452, "params": 6215, "time_iter": 0.05364, "accuracy": 0.73561, "precision": 0.71515, "recall": 0.54128, "f1": 0.61619, "auc": 0.77637}
{"epoch": 34, "time_epoch": 7.44425, "eta": 507.33567, "eta_hours": 0.14093, "loss": 0.56755723, "lr": 0.00074088, "params": 6215, "time_iter": 0.05356, "accuracy": 0.7518, "precision": 0.74691, "recall": 0.55505, "f1": 0.63684, "auc": 0.7855}
{"epoch": 35, "time_epoch": 7.43962, "eta": 498.88066, "eta_hours": 0.13858, "loss": 0.53146869, "lr": 0.000727, "params": 6215, "time_iter": 0.05352, "accuracy": 0.75719, "precision": 0.74556, "recall": 0.57798, "f1": 0.65116, "auc": 0.78017}
{"epoch": 36, "time_epoch": 7.47089, "eta": 490.53377, "eta_hours": 0.13626, "loss": 0.55706045, "lr": 0.00071289, "params": 6215, "time_iter": 0.05375, "accuracy": 0.7482, "precision": 0.71667, "recall": 0.59174, "f1": 0.64824, "auc": 0.798}
{"epoch": 37, "time_epoch": 7.45011, "eta": 482.19908, "eta_hours": 0.13394, "loss": 0.5477325, "lr": 0.00069857, "params": 6215, "time_iter": 0.0536, "accuracy": 0.7536, "precision": 0.73964, "recall": 0.57339, "f1": 0.64599, "auc": 0.78789}
{"epoch": 38, "time_epoch": 7.44197, "eta": 473.89702, "eta_hours": 0.13164, "loss": 0.54789173, "lr": 0.00068406, "params": 6215, "time_iter": 0.05354, "accuracy": 0.75899, "precision": 0.7561, "recall": 0.56881, "f1": 0.64921, "auc": 0.78667}
{"epoch": 39, "time_epoch": 7.44985, "eta": 465.64978, "eta_hours": 0.12935, "loss": 0.53485238, "lr": 0.00066937, "params": 6215, "time_iter": 0.0536, "accuracy": 0.77338, "precision": 0.77381, "recall": 0.59633, "f1": 0.67358, "auc": 0.79538}
{"epoch": 40, "time_epoch": 7.44344, "eta": 457.43222, "eta_hours": 0.12706, "loss": 0.53749217, "lr": 0.00065451, "params": 6215, "time_iter": 0.05355, "accuracy": 0.76619, "precision": 0.76829, "recall": 0.57798, "f1": 0.65969, "auc": 0.79861}
{"epoch": 41, "time_epoch": 7.44718, "eta": 449.2567, "eta_hours": 0.12479, "loss": 0.54693309, "lr": 0.0006395, "params": 6215, "time_iter": 0.05358, "accuracy": 0.76079, "precision": 0.74286, "recall": 0.59633, "f1": 0.66158, "auc": 0.79004}
{"epoch": 42, "time_epoch": 7.43419, "eta": 441.09783, "eta_hours": 0.12253, "loss": 0.57239164, "lr": 0.00062434, "params": 6215, "time_iter": 0.05348, "accuracy": 0.7536, "precision": 0.75472, "recall": 0.55046, "f1": 0.6366, "auc": 0.77876}
{"epoch": 43, "time_epoch": 7.44276, "eta": 432.98279, "eta_hours": 0.12027, "loss": 0.5656147, "lr": 0.00060907, "params": 6215, "time_iter": 0.05355, "accuracy": 0.75899, "precision": 0.7625, "recall": 0.55963, "f1": 0.6455, "auc": 0.78316}
{"epoch": 44, "time_epoch": 7.44248, "eta": 424.89731, "eta_hours": 0.11803, "loss": 0.52569721, "lr": 0.00059369, "params": 6215, "time_iter": 0.05354, "accuracy": 0.76619, "precision": 0.75287, "recall": 0.60092, "f1": 0.66837, "auc": 0.81563}
{"epoch": 45, "time_epoch": 7.45687, "eta": 416.85666, "eta_hours": 0.11579, "loss": 0.57315164, "lr": 0.00057822, "params": 6215, "time_iter": 0.05365, "accuracy": 0.7554, "precision": 0.75, "recall": 0.56422, "f1": 0.64398, "auc": 0.80368}
{"epoch": 46, "time_epoch": 7.44744, "eta": 408.83023, "eta_hours": 0.11356, "loss": 0.54668886, "lr": 0.00056267, "params": 6215, "time_iter": 0.05358, "accuracy": 0.78058, "precision": 0.81579, "recall": 0.56881, "f1": 0.67027, "auc": 0.79202}
{"epoch": 47, "time_epoch": 7.4276, "eta": 400.80643, "eta_hours": 0.11134, "loss": 0.56716773, "lr": 0.00054705, "params": 6215, "time_iter": 0.05344, "accuracy": 0.76259, "precision": 0.7622, "recall": 0.57339, "f1": 0.65445, "auc": 0.78594}
{"epoch": 48, "time_epoch": 7.45782, "eta": 392.83841, "eta_hours": 0.10912, "loss": 0.5473416, "lr": 0.0005314, "params": 6215, "time_iter": 0.05365, "accuracy": 0.7554, "precision": 0.72778, "recall": 0.60092, "f1": 0.65829, "auc": 0.79287}
{"epoch": 49, "time_epoch": 7.45804, "eta": 384.89103, "eta_hours": 0.10691, "loss": 0.53826333, "lr": 0.00051571, "params": 6215, "time_iter": 0.05365, "accuracy": 0.76079, "precision": 0.74854, "recall": 0.58716, "f1": 0.6581, "auc": 0.7956}
{"epoch": 50, "time_epoch": 7.45136, "eta": 376.95641, "eta_hours": 0.10471, "loss": 0.54727036, "lr": 0.0005, "params": 6215, "time_iter": 0.05361, "accuracy": 0.76079, "precision": 0.75148, "recall": 0.58257, "f1": 0.65633, "auc": 0.80673}
{"epoch": 51, "time_epoch": 7.45596, "eta": 369.04463, "eta_hours": 0.10251, "loss": 0.52343805, "lr": 0.00048429, "params": 6215, "time_iter": 0.05364, "accuracy": 0.76079, "precision": 0.72973, "recall": 0.61927, "f1": 0.66998, "auc": 0.82649}
{"epoch": 52, "time_epoch": 7.49149, "eta": 361.18155, "eta_hours": 0.10033, "loss": 0.55448646, "lr": 0.0004686, "params": 6215, "time_iter": 0.0539, "accuracy": 0.76799, "precision": 0.75429, "recall": 0.6055, "f1": 0.67176, "auc": 0.79692}
{"epoch": 53, "time_epoch": 7.43286, "eta": 353.28229, "eta_hours": 0.09813, "loss": 0.55753803, "lr": 0.00045295, "params": 6215, "time_iter": 0.05347, "accuracy": 0.75899, "precision": 0.72581, "recall": 0.61927, "f1": 0.66832, "auc": 0.7934}
{"epoch": 54, "time_epoch": 7.45106, "eta": 345.41489, "eta_hours": 0.09595, "loss": 0.5422082, "lr": 0.00043733, "params": 6215, "time_iter": 0.0536, "accuracy": 0.76079, "precision": 0.77778, "recall": 0.54587, "f1": 0.64151, "auc": 0.79719}
{"epoch": 55, "time_epoch": 7.43525, "eta": 337.54992, "eta_hours": 0.09376, "loss": 0.57136984, "lr": 0.00042178, "params": 6215, "time_iter": 0.05349, "accuracy": 0.77158, "precision": 0.77246, "recall": 0.59174, "f1": 0.67013, "auc": 0.78884}
{"epoch": 56, "time_epoch": 7.44185, "eta": 329.70502, "eta_hours": 0.09158, "loss": 0.54539859, "lr": 0.00040631, "params": 6215, "time_iter": 0.05354, "accuracy": 0.7482, "precision": 0.73214, "recall": 0.56422, "f1": 0.63731, "auc": 0.7937}
{"epoch": 57, "time_epoch": 7.45576, "eta": 321.88409, "eta_hours": 0.08941, "loss": 0.5337186, "lr": 0.00039093, "params": 6215, "time_iter": 0.05364, "accuracy": 0.76439, "precision": 0.77019, "recall": 0.56881, "f1": 0.65435, "auc": 0.80392}
{"epoch": 58, "time_epoch": 7.4384, "eta": 314.06348, "eta_hours": 0.08724, "loss": 0.53670441, "lr": 0.00037566, "params": 6215, "time_iter": 0.05351, "accuracy": 0.75719, "precision": 0.76433, "recall": 0.55046, "f1": 0.64, "auc": 0.79975}
{"epoch": 59, "time_epoch": 7.44573, "eta": 306.26049, "eta_hours": 0.08507, "loss": 0.54685184, "lr": 0.0003605, "params": 6215, "time_iter": 0.05357, "accuracy": 0.76619, "precision": 0.7619, "recall": 0.58716, "f1": 0.66321, "auc": 0.78857}
{"epoch": 60, "time_epoch": 7.44342, "eta": 298.46774, "eta_hours": 0.08291, "loss": 0.54988104, "lr": 0.00034549, "params": 6215, "time_iter": 0.05355, "accuracy": 0.7464, "precision": 0.7362, "recall": 0.55046, "f1": 0.62992, "auc": 0.79652}
{"epoch": 61, "time_epoch": 7.46451, "eta": 290.69918, "eta_hours": 0.08075, "loss": 0.57459805, "lr": 0.00033063, "params": 6215, "time_iter": 0.0537, "accuracy": 0.7464, "precision": 0.71751, "recall": 0.58257, "f1": 0.64304, "auc": 0.79755}
{"epoch": 62, "time_epoch": 7.4452, "eta": 282.92894, "eta_hours": 0.07859, "loss": 0.54108128, "lr": 0.00031594, "params": 6215, "time_iter": 0.05356, "accuracy": 0.77338, "precision": 0.77381, "recall": 0.59633, "f1": 0.67358, "auc": 0.79855}
{"epoch": 63, "time_epoch": 7.44948, "eta": 275.17126, "eta_hours": 0.07644, "loss": 0.51716433, "lr": 0.00030143, "params": 6215, "time_iter": 0.05359, "accuracy": 0.77698, "precision": 0.79012, "recall": 0.58716, "f1": 0.67368, "auc": 0.80992}
{"epoch": 64, "time_epoch": 7.44596, "eta": 267.42116, "eta_hours": 0.07428, "loss": 0.55670414, "lr": 0.00028711, "params": 6215, "time_iter": 0.05357, "accuracy": 0.77158, "precision": 0.76608, "recall": 0.60092, "f1": 0.67352, "auc": 0.79929}
{"epoch": 65, "time_epoch": 7.43138, "eta": 259.67278, "eta_hours": 0.07213, "loss": 0.52691347, "lr": 0.000273, "params": 6215, "time_iter": 0.05346, "accuracy": 0.77698, "precision": 0.77326, "recall": 0.61009, "f1": 0.68205, "auc": 0.81159}
{"epoch": 66, "time_epoch": 7.44889, "eta": 251.94248, "eta_hours": 0.06998, "loss": 0.53637434, "lr": 0.00025912, "params": 6215, "time_iter": 0.05359, "accuracy": 0.76799, "precision": 0.78344, "recall": 0.56422, "f1": 0.656, "auc": 0.80439}
{"epoch": 67, "time_epoch": 7.4412, "eta": 244.21684, "eta_hours": 0.06784, "loss": 0.54875128, "lr": 0.00024548, "params": 6215, "time_iter": 0.05353, "accuracy": 0.76259, "precision": 0.75904, "recall": 0.57798, "f1": 0.65625, "auc": 0.80651}
{"epoch": 68, "time_epoch": 7.44127, "eta": 236.49947, "eta_hours": 0.06569, "loss": 0.52718525, "lr": 0.00023209, "params": 6215, "time_iter": 0.05353, "accuracy": 0.7554, "precision": 0.74699, "recall": 0.56881, "f1": 0.64583, "auc": 0.81166}
{"epoch": 69, "time_epoch": 7.43864, "eta": 228.78887, "eta_hours": 0.06355, "loss": 0.52868668, "lr": 0.00021896, "params": 6215, "time_iter": 0.05352, "accuracy": 0.75899, "precision": 0.75301, "recall": 0.57339, "f1": 0.65104, "auc": 0.81698}
{"epoch": 70, "time_epoch": 7.4342, "eta": 221.08411, "eta_hours": 0.06141, "loss": 0.5211177, "lr": 0.00020611, "params": 6215, "time_iter": 0.05348, "accuracy": 0.76799, "precision": 0.75723, "recall": 0.60092, "f1": 0.67008, "auc": 0.81817}
{"epoch": 71, "time_epoch": 7.4551, "eta": 213.395, "eta_hours": 0.05928, "loss": 0.49922236, "lr": 0.00019355, "params": 6215, "time_iter": 0.05363, "accuracy": 0.78597, "precision": 0.80745, "recall": 0.59633, "f1": 0.68602, "auc": 0.83275}
{"epoch": 72, "time_epoch": 7.45084, "eta": 205.71072, "eta_hours": 0.05714, "loss": 0.57927252, "lr": 0.00018129, "params": 6215, "time_iter": 0.0536, "accuracy": 0.76619, "precision": 0.76829, "recall": 0.57798, "f1": 0.65969, "auc": 0.7951}
{"epoch": 73, "time_epoch": 7.46147, "eta": 198.03649, "eta_hours": 0.05501, "loss": 0.54667669, "lr": 0.00016934, "params": 6215, "time_iter": 0.05368, "accuracy": 0.75, "precision": 0.73939, "recall": 0.55963, "f1": 0.63708, "auc": 0.81267}
{"epoch": 74, "time_epoch": 7.45008, "eta": 190.36413, "eta_hours": 0.05288, "loss": 0.56987187, "lr": 0.00015773, "params": 6215, "time_iter": 0.0536, "accuracy": 0.75899, "precision": 0.75, "recall": 0.57798, "f1": 0.65285, "auc": 0.7958}
{"epoch": 75, "time_epoch": 7.46119, "eta": 182.70113, "eta_hours": 0.05075, "loss": 0.538825, "lr": 0.00014645, "params": 6215, "time_iter": 0.05368, "accuracy": 0.77338, "precision": 0.78395, "recall": 0.58257, "f1": 0.66842, "auc": 0.81555}
{"epoch": 76, "time_epoch": 7.45047, "eta": 175.04017, "eta_hours": 0.04862, "loss": 0.50967495, "lr": 0.00013552, "params": 6215, "time_iter": 0.0536, "accuracy": 0.75899, "precision": 0.75, "recall": 0.57798, "f1": 0.65285, "auc": 0.81923}
{"epoch": 77, "time_epoch": 7.45093, "eta": 167.38474, "eta_hours": 0.0465, "loss": 0.52212847, "lr": 0.00012494, "params": 6215, "time_iter": 0.0536, "accuracy": 0.77518, "precision": 0.77515, "recall": 0.60092, "f1": 0.677, "auc": 0.81833}
{"epoch": 78, "time_epoch": 7.46185, "eta": 159.73739, "eta_hours": 0.04437, "loss": 0.5192095, "lr": 0.00011474, "params": 6215, "time_iter": 0.05368, "accuracy": 0.77698, "precision": 0.77976, "recall": 0.60092, "f1": 0.67876, "auc": 0.82581}
{"epoch": 79, "time_epoch": 7.44518, "eta": 152.0905, "eta_hours": 0.04225, "loss": 0.52259179, "lr": 0.00010492, "params": 6215, "time_iter": 0.05356, "accuracy": 0.76978, "precision": 0.76163, "recall": 0.60092, "f1": 0.67179, "auc": 0.81875}
{"epoch": 80, "time_epoch": 7.47893, "eta": 144.45652, "eta_hours": 0.04013, "loss": 0.55209425, "lr": 9.549e-05, "params": 6215, "time_iter": 0.05381, "accuracy": 0.7518, "precision": 0.72989, "recall": 0.58257, "f1": 0.64796, "auc": 0.81753}
{"epoch": 81, "time_epoch": 7.4594, "eta": 136.82203, "eta_hours": 0.03801, "loss": 0.54142602, "lr": 8.646e-05, "params": 6215, "time_iter": 0.05366, "accuracy": 0.77158, "precision": 0.76923, "recall": 0.59633, "f1": 0.67183, "auc": 0.80256}
{"epoch": 82, "time_epoch": 7.45107, "eta": 129.19005, "eta_hours": 0.03589, "loss": 0.55649205, "lr": 7.784e-05, "params": 6215, "time_iter": 0.0536, "accuracy": 0.78058, "precision": 0.76966, "recall": 0.62844, "f1": 0.69192, "auc": 0.79142}
{"epoch": 83, "time_epoch": 7.44938, "eta": 121.56206, "eta_hours": 0.03377, "loss": 0.51880162, "lr": 6.963e-05, "params": 6215, "time_iter": 0.05359, "accuracy": 0.78597, "precision": 0.78947, "recall": 0.61927, "f1": 0.69409, "auc": 0.80346}
{"epoch": 84, "time_epoch": 7.45636, "eta": 113.9395, "eta_hours": 0.03165, "loss": 0.53719371, "lr": 6.185e-05, "params": 6215, "time_iter": 0.05364, "accuracy": 0.77518, "precision": 0.76271, "recall": 0.61927, "f1": 0.68354, "auc": 0.80798}
{"epoch": 85, "time_epoch": 7.4561, "eta": 106.32076, "eta_hours": 0.02953, "loss": 0.53651872, "lr": 5.45e-05, "params": 6215, "time_iter": 0.05364, "accuracy": 0.77878, "precision": 0.77457, "recall": 0.61468, "f1": 0.68542, "auc": 0.8067}
{"epoch": 86, "time_epoch": 7.46007, "eta": 98.70636, "eta_hours": 0.02742, "loss": 0.52995971, "lr": 4.759e-05, "params": 6215, "time_iter": 0.05367, "accuracy": 0.79317, "precision": 0.78771, "recall": 0.64679, "f1": 0.71033, "auc": 0.80767}
{"epoch": 87, "time_epoch": 7.46456, "eta": 91.09608, "eta_hours": 0.0253, "loss": 0.53582121, "lr": 4.112e-05, "params": 6215, "time_iter": 0.0537, "accuracy": 0.76978, "precision": 0.76163, "recall": 0.60092, "f1": 0.67179, "auc": 0.81008}
{"epoch": 88, "time_epoch": 7.44576, "eta": 83.48674, "eta_hours": 0.02319, "loss": 0.5348431, "lr": 3.511e-05, "params": 6215, "time_iter": 0.05357, "accuracy": 0.77158, "precision": 0.77246, "recall": 0.59174, "f1": 0.67013, "auc": 0.80705}
{"epoch": 89, "time_epoch": 7.4682, "eta": 75.88354, "eta_hours": 0.02108, "loss": 0.53096861, "lr": 2.956e-05, "params": 6215, "time_iter": 0.05373, "accuracy": 0.77338, "precision": 0.77381, "recall": 0.59633, "f1": 0.67358, "auc": 0.81505}
{"epoch": 90, "time_epoch": 7.43247, "eta": 68.27977, "eta_hours": 0.01897, "loss": 0.54036473, "lr": 2.447e-05, "params": 6215, "time_iter": 0.05347, "accuracy": 0.78058, "precision": 0.76966, "recall": 0.62844, "f1": 0.69192, "auc": 0.81147}
{"epoch": 91, "time_epoch": 9.47431, "eta": 60.85727, "eta_hours": 0.0169, "loss": 0.52473012, "lr": 1.985e-05, "params": 6215, "time_iter": 0.06816, "accuracy": 0.78237, "precision": 0.78035, "recall": 0.61927, "f1": 0.69054, "auc": 0.82124}
{"epoch": 92, "time_epoch": 10.28967, "eta": 53.45202, "eta_hours": 0.01485, "loss": 0.53004622, "lr": 1.571e-05, "params": 6215, "time_iter": 0.07403, "accuracy": 0.78417, "precision": 0.79167, "recall": 0.61009, "f1": 0.68912, "auc": 0.82696}
{"epoch": 93, "time_epoch": 9.12592, "eta": 45.91112, "eta_hours": 0.01275, "loss": 0.5375574, "lr": 1.204e-05, "params": 6215, "time_iter": 0.06565, "accuracy": 0.77518, "precision": 0.77844, "recall": 0.59633, "f1": 0.67532, "auc": 0.79791}
{"epoch": 94, "time_epoch": 8.76627, "eta": 38.31792, "eta_hours": 0.01064, "loss": 0.51174151, "lr": 8.86e-06, "params": 6215, "time_iter": 0.06307, "accuracy": 0.78237, "precision": 0.79042, "recall": 0.6055, "f1": 0.68571, "auc": 0.82201}
{"epoch": 95, "time_epoch": 6.63372, "eta": 30.61142, "eta_hours": 0.0085, "loss": 0.52876526, "lr": 6.16e-06, "params": 6215, "time_iter": 0.04772, "accuracy": 0.76259, "precision": 0.75904, "recall": 0.57798, "f1": 0.65625, "auc": 0.81254}
{"epoch": 96, "time_epoch": 6.65388, "eta": 22.92767, "eta_hours": 0.00637, "loss": 0.52227175, "lr": 3.94e-06, "params": 6215, "time_iter": 0.04787, "accuracy": 0.78237, "precision": 0.79394, "recall": 0.60092, "f1": 0.68407, "auc": 0.81795}
{"epoch": 97, "time_epoch": 6.62951, "eta": 15.26444, "eta_hours": 0.00424, "loss": 0.51060684, "lr": 2.22e-06, "params": 6215, "time_iter": 0.04769, "accuracy": 0.77518, "precision": 0.76271, "recall": 0.61927, "f1": 0.68354, "auc": 0.82531}
{"epoch": 98, "time_epoch": 6.6158, "eta": 7.62195, "eta_hours": 0.00212, "loss": 0.50087, "lr": 9.9e-07, "params": 6215, "time_iter": 0.0476, "accuracy": 0.78777, "precision": 0.78409, "recall": 0.63303, "f1": 0.70051, "auc": 0.83261}
{"epoch": 99, "time_epoch": 6.6281, "eta": 0.0, "eta_hours": 0.0, "loss": 0.5325861, "lr": 2.5e-07, "params": 6215, "time_iter": 0.04768, "accuracy": 0.76439, "precision": 0.7574, "recall": 0.58716, "f1": 0.6615, "auc": 0.81508}
