{"epoch": 0, "time_epoch": 2.69779, "eta": 267.08115, "eta_hours": 0.07419, "loss": 0.71273463, "lr": 0.001, "params": 5339, "time_iter": 0.07099, "accuracy": 0.48, "precision": 0.0, "recall": 0.0, "f1": 0.0, "auc": 0.49938}
{"epoch": 1, "time_epoch": 2.76182, "eta": 267.52101, "eta_hours": 0.07431, "loss": 0.70378748, "lr": 0.00099975, "params": 5339, "time_iter": 0.07268, "accuracy": 0.48, "precision": 0.0, "recall": 0.0, "f1": 0.0, "auc": 0.51264}
{"epoch": 2, "time_epoch": 2.76661, "eta": 265.98104, "eta_hours": 0.07388, "loss": 0.69933866, "lr": 0.00099901, "params": 5339, "time_iter": 0.07281, "accuracy": 0.48, "precision": 0.0, "recall": 0.0, "f1": 0.0, "auc": 0.42539}
{"epoch": 3, "time_epoch": 2.79752, "eta": 264.56979, "eta_hours": 0.07349, "loss": 0.69613381, "lr": 0.00099778, "params": 5339, "time_iter": 0.07362, "accuracy": 0.48, "precision": 0.0, "recall": 0.0, "f1": 0.0, "auc": 0.49359}
{"epoch": 4, "time_epoch": 2.619, "eta": 259.21211, "eta_hours": 0.072, "loss": 0.69409885, "lr": 0.00099606, "params": 5339, "time_iter": 0.06892, "accuracy": 0.48, "precision": 0.0, "recall": 0.0, "f1": 0.0, "auc": 0.55021}
{"epoch": 5, "time_epoch": 2.65391, "eta": 255.31416, "eta_hours": 0.07092, "loss": 0.69440631, "lr": 0.00099384, "params": 5339, "time_iter": 0.06984, "accuracy": 0.48, "precision": 0.5, "recall": 0.87179, "f1": 0.63551, "auc": 0.37803}
{"epoch": 6, "time_epoch": 2.75625, "eta": 253.13138, "eta_hours": 0.07031, "loss": 0.69233001, "lr": 0.00099114, "params": 5339, "time_iter": 0.07253, "accuracy": 0.52, "precision": 0.52, "recall": 1.0, "f1": 0.68421, "auc": 0.54149}
{"epoch": 7, "time_epoch": 2.73687, "eta": 250.5823, "eta_hours": 0.06961, "loss": 0.69338997, "lr": 0.00098796, "params": 5339, "time_iter": 0.07202, "accuracy": 0.52, "precision": 0.52, "recall": 1.0, "f1": 0.68421, "auc": 0.44907}
{"epoch": 8, "time_epoch": 2.66488, "eta": 247.26361, "eta_hours": 0.06868, "loss": 0.69246676, "lr": 0.00098429, "params": 5339, "time_iter": 0.07013, "accuracy": 0.52, "precision": 0.52, "recall": 1.0, "f1": 0.68421, "auc": 0.51318}
{"epoch": 9, "time_epoch": 2.80046, "eta": 245.29589, "eta_hours": 0.06814, "loss": 0.6930925, "lr": 0.00098015, "params": 5339, "time_iter": 0.0737, "accuracy": 0.52, "precision": 0.52, "recall": 1.0, "f1": 0.68421, "auc": 0.44427}
{"epoch": 10, "time_epoch": 2.68289, "eta": 242.22556, "eta_hours": 0.06728, "loss": 0.69406771, "lr": 0.00097553, "params": 5339, "time_iter": 0.0706, "accuracy": 0.52, "precision": 0.52, "recall": 1.0, "f1": 0.68421, "auc": 0.39672}
{"epoch": 11, "time_epoch": 2.75663, "eta": 239.76057, "eta_hours": 0.0666, "loss": 0.69323719, "lr": 0.00097044, "params": 5339, "time_iter": 0.07254, "accuracy": 0.52, "precision": 0.52, "recall": 1.0, "f1": 0.68421, "auc": 0.45103}
{"epoch": 12, "time_epoch": 2.6522, "eta": 236.55185, "eta_hours": 0.06571, "loss": 0.69384612, "lr": 0.00096489, "params": 5339, "time_iter": 0.06979, "accuracy": 0.52, "precision": 0.52, "recall": 1.0, "f1": 0.68421, "auc": 0.38782}
{"epoch": 13, "time_epoch": 2.65794, "eta": 233.45784, "eta_hours": 0.06485, "loss": 0.69280539, "lr": 0.00095888, "params": 5339, "time_iter": 0.06995, "accuracy": 0.52, "precision": 0.52, "recall": 1.0, "f1": 0.68421, "auc": 0.45139}
{"epoch": 14, "time_epoch": 3.7902, "eta": 236.83816, "eta_hours": 0.06579, "loss": 0.69406841, "lr": 0.00095241, "params": 5339, "time_iter": 0.09974, "accuracy": 0.52, "precision": 0.52, "recall": 1.0, "f1": 0.68421, "auc": 0.40527}
{"epoch": 15, "time_epoch": 4.96481, "eta": 245.48882, "eta_hours": 0.06819, "loss": 0.6922464, "lr": 0.0009455, "params": 5339, "time_iter": 0.13065, "accuracy": 0.52, "precision": 0.52, "recall": 1.0, "f1": 0.68421, "auc": 0.53348}
{"epoch": 16, "time_epoch": 3.79885, "eta": 246.84504, "eta_hours": 0.06857, "loss": 0.69341464, "lr": 0.00093815, "params": 5339, "time_iter": 0.09997, "accuracy": 0.52, "precision": 0.52, "recall": 1.0, "f1": 0.68421, "auc": 0.41684}
{"epoch": 17, "time_epoch": 2.6924, "eta": 242.58801, "eta_hours": 0.06739, "loss": 0.6935522, "lr": 0.00093037, "params": 5339, "time_iter": 0.07085, "accuracy": 0.52, "precision": 0.52, "recall": 1.0, "f1": 0.68421, "auc": 0.45139}
{"epoch": 18, "time_epoch": 2.71032, "eta": 238.57207, "eta_hours": 0.06627, "loss": 0.69327503, "lr": 0.00092216, "params": 5339, "time_iter": 0.07132, "accuracy": 0.52, "precision": 0.52, "recall": 1.0, "f1": 0.68421, "auc": 0.4334}
{"epoch": 19, "time_epoch": 2.64199, "eta": 234.41335, "eta_hours": 0.06511, "loss": 0.6925916, "lr": 0.00091354, "params": 5339, "time_iter": 0.06953, "accuracy": 0.52, "precision": 0.52, "recall": 1.0, "f1": 0.68421, "auc": 0.47952}
{"epoch": 20, "time_epoch": 2.70461, "eta": 230.63466, "eta_hours": 0.06407, "loss": 0.69239224, "lr": 0.00090451, "params": 5339, "time_iter": 0.07117, "accuracy": 0.52, "precision": 0.52, "recall": 1.0, "f1": 0.68421, "auc": 0.49786}
{"epoch": 21, "time_epoch": 3.14422, "eta": 228.51224, "eta_hours": 0.06348, "loss": 0.69252975, "lr": 0.00089508, "params": 5339, "time_iter": 0.08274, "accuracy": 0.52, "precision": 0.52, "recall": 1.0, "f1": 0.68421, "auc": 0.48095}
{"epoch": 22, "time_epoch": 2.66492, "eta": 224.69633, "eta_hours": 0.06242, "loss": 0.69303282, "lr": 0.00088526, "params": 5339, "time_iter": 0.07013, "accuracy": 0.52, "precision": 0.52, "recall": 1.0, "f1": 0.68421, "auc": 0.43412}
{"epoch": 23, "time_epoch": 2.6684, "eta": 220.98738, "eta_hours": 0.06139, "loss": 0.69386322, "lr": 0.00087506, "params": 5339, "time_iter": 0.07022, "accuracy": 0.52, "precision": 0.52, "recall": 1.0, "f1": 0.68421, "auc": 0.41898}
{"epoch": 24, "time_epoch": 2.61601, "eta": 217.20449, "eta_hours": 0.06033, "loss": 0.69332491, "lr": 0.00086448, "params": 5339, "time_iter": 0.06884, "accuracy": 0.52, "precision": 0.52, "recall": 1.0, "f1": 0.68421, "auc": 0.39797}
{"epoch": 25, "time_epoch": 2.60304, "eta": 213.47446, "eta_hours": 0.0593, "loss": 0.69227128, "lr": 0.00085355, "params": 5339, "time_iter": 0.0685, "accuracy": 0.52, "precision": 0.52, "recall": 1.0, "f1": 0.68421, "auc": 0.49501}
{"epoch": 26, "time_epoch": 2.61102, "eta": 209.84948, "eta_hours": 0.05829, "loss": 0.69389882, "lr": 0.00084227, "params": 5339, "time_iter": 0.06871, "accuracy": 0.52, "precision": 0.52, "recall": 1.0, "f1": 0.68421, "auc": 0.42557}
{"epoch": 27, "time_epoch": 3.28658, "eta": 208.03408, "eta_hours": 0.05779, "loss": 0.69169783, "lr": 0.00083066, "params": 5339, "time_iter": 0.08649, "accuracy": 0.52, "precision": 0.52, "recall": 1.0, "f1": 0.68421, "auc": 0.54309}
{"epoch": 28, "time_epoch": 2.66691, "eta": 204.6001, "eta_hours": 0.05683, "loss": 0.69267155, "lr": 0.00081871, "params": 5339, "time_iter": 0.07018, "accuracy": 0.52, "precision": 0.52, "recall": 1.0, "f1": 0.68421, "auc": 0.47258}
{"epoch": 29, "time_epoch": 2.74178, "eta": 201.39194, "eta_hours": 0.05594, "loss": 0.69340267, "lr": 0.00080645, "params": 5339, "time_iter": 0.07215, "accuracy": 0.52, "precision": 0.52, "recall": 1.0, "f1": 0.68421, "auc": 0.41391}
{"epoch": 30, "time_epoch": 2.67595, "eta": 198.06735, "eta_hours": 0.05502, "loss": 0.69391692, "lr": 0.00079389, "params": 5339, "time_iter": 0.07042, "accuracy": 0.52, "precision": 0.52, "recall": 1.0, "f1": 0.68421, "auc": 0.39049}
{"epoch": 31, "time_epoch": 2.77758, "eta": 194.99926, "eta_hours": 0.05417, "loss": 0.69441795, "lr": 0.00078104, "params": 5339, "time_iter": 0.07309, "accuracy": 0.52, "precision": 0.52, "recall": 1.0, "f1": 0.68421, "auc": 0.40296}
{"epoch": 32, "time_epoch": 3.37006, "eta": 193.15169, "eta_hours": 0.05365, "loss": 0.69306059, "lr": 0.00076791, "params": 5339, "time_iter": 0.08869, "accuracy": 0.52, "precision": 0.52, "recall": 1.0, "f1": 0.68421, "auc": 0.46955}
{"epoch": 33, "time_epoch": 4.83315, "eta": 194.05467, "eta_hours": 0.0539, "loss": 0.69396655, "lr": 0.00075452, "params": 5339, "time_iter": 0.12719, "accuracy": 0.52, "precision": 0.52, "recall": 1.0, "f1": 0.68421, "auc": 0.4026}
{"epoch": 34, "time_epoch": 2.91381, "eta": 191.0654, "eta_hours": 0.05307, "loss": 0.69282813, "lr": 0.00074088, "params": 5339, "time_iter": 0.07668, "accuracy": 0.52, "precision": 0.52, "recall": 1.0, "f1": 0.68421, "auc": 0.47187}
{"epoch": 35, "time_epoch": 3.91899, "eta": 189.86731, "eta_hours": 0.05274, "loss": 0.69364144, "lr": 0.000727, "params": 5339, "time_iter": 0.10313, "accuracy": 0.52, "precision": 0.52, "recall": 1.0, "f1": 0.68421, "auc": 0.40598}
{"epoch": 36, "time_epoch": 3.20224, "eta": 187.30173, "eta_hours": 0.05203, "loss": 0.69233312, "lr": 0.00071289, "params": 5339, "time_iter": 0.08427, "accuracy": 0.52, "precision": 0.52, "recall": 1.0, "f1": 0.68421, "auc": 0.51496}
{"epoch": 37, "time_epoch": 3.21541, "eta": 184.72412, "eta_hours": 0.05131, "loss": 0.69347871, "lr": 0.00069857, "params": 5339, "time_iter": 0.08462, "accuracy": 0.52, "precision": 0.52, "recall": 1.0, "f1": 0.68421, "auc": 0.42753}
{"epoch": 38, "time_epoch": 2.64845, "eta": 181.22703, "eta_hours": 0.05034, "loss": 0.69404693, "lr": 0.00068406, "params": 5339, "time_iter": 0.0697, "accuracy": 0.52, "precision": 0.52, "recall": 1.0, "f1": 0.68421, "auc": 0.40527}
{"epoch": 39, "time_epoch": 2.74571, "eta": 177.91826, "eta_hours": 0.04942, "loss": 0.69251114, "lr": 0.00066937, "params": 5339, "time_iter": 0.07226, "accuracy": 0.52, "precision": 0.52, "recall": 1.0, "f1": 0.68421, "auc": 0.49377}
{"epoch": 40, "time_epoch": 2.76062, "eta": 174.65841, "eta_hours": 0.04852, "loss": 0.69318255, "lr": 0.00065451, "params": 5339, "time_iter": 0.07265, "accuracy": 0.52, "precision": 0.52, "recall": 1.0, "f1": 0.68421, "auc": 0.43572}
{"epoch": 41, "time_epoch": 2.76261, "eta": 171.42509, "eta_hours": 0.04762, "loss": 0.6926133, "lr": 0.0006395, "params": 5339, "time_iter": 0.0727, "accuracy": 0.52, "precision": 0.52, "recall": 1.0, "f1": 0.68421, "auc": 0.47774}
{"epoch": 42, "time_epoch": 2.66488, "eta": 168.0841, "eta_hours": 0.04669, "loss": 0.69320206, "lr": 0.00062434, "params": 5339, "time_iter": 0.07013, "accuracy": 0.52, "precision": 0.52, "recall": 1.0, "f1": 0.68421, "auc": 0.43875}
{"epoch": 43, "time_epoch": 2.61106, "eta": 164.70535, "eta_hours": 0.04575, "loss": 0.69296238, "lr": 0.00060907, "params": 5339, "time_iter": 0.06871, "accuracy": 0.52, "precision": 0.52, "recall": 1.0, "f1": 0.68421, "auc": 0.45798}
{"epoch": 44, "time_epoch": 2.66488, "eta": 161.42649, "eta_hours": 0.04484, "loss": 0.69242073, "lr": 0.00059369, "params": 5339, "time_iter": 0.07013, "accuracy": 0.52, "precision": 0.52, "recall": 1.0, "f1": 0.68421, "auc": 0.49234}
{"epoch": 45, "time_epoch": 2.74591, "eta": 158.26946, "eta_hours": 0.04396, "loss": 0.69222591, "lr": 0.00057822, "params": 5339, "time_iter": 0.07226, "accuracy": 0.52, "precision": 0.52, "recall": 1.0, "f1": 0.68421, "auc": 0.52938}
{"epoch": 46, "time_epoch": 3.21847, "eta": 155.66281, "eta_hours": 0.04324, "loss": 0.69236343, "lr": 0.00056267, "params": 5339, "time_iter": 0.0847, "accuracy": 0.52, "precision": 0.52, "recall": 1.0, "f1": 0.68421, "auc": 0.48736}
{"epoch": 47, "time_epoch": 2.90025, "eta": 152.68592, "eta_hours": 0.04241, "loss": 0.69206556, "lr": 0.00054705, "params": 5339, "time_iter": 0.07632, "accuracy": 0.52, "precision": 0.52, "recall": 1.0, "f1": 0.68421, "auc": 0.53917}
{"epoch": 48, "time_epoch": 3.25264, "eta": 150.07895, "eta_hours": 0.04169, "loss": 0.69272427, "lr": 0.0005314, "params": 5339, "time_iter": 0.0856, "accuracy": 0.52, "precision": 0.52, "recall": 1.0, "f1": 0.68421, "auc": 0.49145}
{"epoch": 49, "time_epoch": 2.66194, "eta": 146.85544, "eta_hours": 0.04079, "loss": 0.6926802, "lr": 0.00051571, "params": 5339, "time_iter": 0.07005, "accuracy": 0.52, "precision": 0.52, "recall": 1.0, "f1": 0.68421, "auc": 0.48095}
{"epoch": 50, "time_epoch": 2.62498, "eta": 143.61844, "eta_hours": 0.03989, "loss": 0.69291868, "lr": 0.0005, "params": 5339, "time_iter": 0.06908, "accuracy": 0.52, "precision": 0.52, "recall": 1.0, "f1": 0.68421, "auc": 0.46581}
{"epoch": 51, "time_epoch": 2.63994, "eta": 140.4188, "eta_hours": 0.03901, "loss": 0.69229099, "lr": 0.00048429, "params": 5339, "time_iter": 0.06947, "accuracy": 0.52, "precision": 0.52, "recall": 1.0, "f1": 0.68421, "auc": 0.51175}
{"epoch": 52, "time_epoch": 2.66497, "eta": 137.26246, "eta_hours": 0.03813, "loss": 0.69210183, "lr": 0.0004686, "params": 5339, "time_iter": 0.07013, "accuracy": 0.52, "precision": 0.52, "recall": 1.0, "f1": 0.68421, "auc": 0.53312}
{"epoch": 53, "time_epoch": 2.61804, "eta": 134.08435, "eta_hours": 0.03725, "loss": 0.69251018, "lr": 0.00045295, "params": 5339, "time_iter": 0.0689, "accuracy": 0.52, "precision": 0.52, "recall": 1.0, "f1": 0.68421, "auc": 0.50392}
{"epoch": 54, "time_epoch": 2.64892, "eta": 130.95187, "eta_hours": 0.03638, "loss": 0.6927176, "lr": 0.00043733, "params": 5339, "time_iter": 0.06971, "accuracy": 0.52, "precision": 0.52, "recall": 1.0, "f1": 0.68421, "auc": 0.49786}
{"epoch": 55, "time_epoch": 2.67154, "eta": 127.85443, "eta_hours": 0.03552, "loss": 0.69276633, "lr": 0.00042178, "params": 5339, "time_iter": 0.0703, "accuracy": 0.52, "precision": 0.52, "recall": 1.0, "f1": 0.68421, "auc": 0.45727}
{"epoch": 56, "time_epoch": 2.78356, "eta": 124.85645, "eta_hours": 0.03468, "loss": 0.69257914, "lr": 0.00040631, "params": 5339, "time_iter": 0.07325, "accuracy": 0.52, "precision": 0.52, "recall": 1.0, "f1": 0.68421, "auc": 0.49377}
{"epoch": 57, "time_epoch": 2.67422, "eta": 121.78668, "eta_hours": 0.03383, "loss": 0.69302691, "lr": 0.00039093, "params": 5339, "time_iter": 0.07037, "accuracy": 0.52, "precision": 0.52, "recall": 1.0, "f1": 0.68421, "auc": 0.4537}
{"epoch": 58, "time_epoch": 2.66192, "eta": 118.72177, "eta_hours": 0.03298, "loss": 0.69173398, "lr": 0.00037566, "params": 5339, "time_iter": 0.07005, "accuracy": 0.52, "precision": 0.52, "recall": 1.0, "f1": 0.68421, "auc": 0.57603}
{"epoch": 59, "time_epoch": 2.60803, "eta": 115.63436, "eta_hours": 0.03212, "loss": 0.69215175, "lr": 0.0003605, "params": 5339, "time_iter": 0.06863, "accuracy": 0.52, "precision": 0.52, "recall": 1.0, "f1": 0.68421, "auc": 0.51834}
{"epoch": 60, "time_epoch": 2.67583, "eta": 112.60603, "eta_hours": 0.03128, "loss": 0.69194366, "lr": 0.00034549, "params": 5339, "time_iter": 0.07042, "accuracy": 0.52, "precision": 0.52, "recall": 1.0, "f1": 0.68421, "auc": 0.54256}
{"epoch": 61, "time_epoch": 2.78157, "eta": 109.65387, "eta_hours": 0.03046, "loss": 0.692749, "lr": 0.00033063, "params": 5339, "time_iter": 0.0732, "accuracy": 0.52, "precision": 0.52, "recall": 1.0, "f1": 0.68421, "auc": 0.46937}
{"epoch": 62, "time_epoch": 3.11146, "eta": 106.90087, "eta_hours": 0.02969, "loss": 0.69201105, "lr": 0.00031594, "params": 5339, "time_iter": 0.08188, "accuracy": 0.52, "precision": 0.52, "recall": 1.0, "f1": 0.68421, "auc": 0.55021}
{"epoch": 63, "time_epoch": 3.23028, "eta": 104.20351, "eta_hours": 0.02895, "loss": 0.69266318, "lr": 0.00030143, "params": 5339, "time_iter": 0.08501, "accuracy": 0.52, "precision": 0.52, "recall": 1.0, "f1": 0.68421, "auc": 0.47026}
{"epoch": 64, "time_epoch": 3.26029, "eta": 101.50591, "eta_hours": 0.0282, "loss": 0.69293623, "lr": 0.00028711, "params": 5339, "time_iter": 0.0858, "accuracy": 0.52, "precision": 0.52, "recall": 1.0, "f1": 0.68421, "auc": 0.4683}
{"epoch": 65, "time_epoch": 2.87695, "eta": 98.59378, "eta_hours": 0.02739, "loss": 0.69250549, "lr": 0.000273, "params": 5339, "time_iter": 0.07571, "accuracy": 0.52, "precision": 0.52, "recall": 1.0, "f1": 0.68421, "auc": 0.49448}
{"epoch": 66, "time_epoch": 2.78522, "eta": 95.63752, "eta_hours": 0.02657, "loss": 0.6925786, "lr": 0.00025912, "params": 5339, "time_iter": 0.0733, "accuracy": 0.52, "precision": 0.52, "recall": 1.0, "f1": 0.68421, "auc": 0.49626}
{"epoch": 67, "time_epoch": 2.81747, "eta": 92.70146, "eta_hours": 0.02575, "loss": 0.69261819, "lr": 0.00024548, "params": 5339, "time_iter": 0.07414, "accuracy": 0.52, "precision": 0.52, "recall": 1.0, "f1": 0.68421, "auc": 0.47026}
{"epoch": 68, "time_epoch": 3.16399, "eta": 89.92453, "eta_hours": 0.02498, "loss": 0.69235905, "lr": 0.00023209, "params": 5339, "time_iter": 0.08326, "accuracy": 0.52, "precision": 0.52, "recall": 1.0, "f1": 0.68421, "auc": 0.50303}
{"epoch": 69, "time_epoch": 2.82046, "eta": 86.98931, "eta_hours": 0.02416, "loss": 0.69115276, "lr": 0.00021896, "params": 5339, "time_iter": 0.07422, "accuracy": 0.52, "precision": 0.52, "recall": 1.0, "f1": 0.68421, "auc": 0.599}
{"epoch": 70, "time_epoch": 2.76361, "eta": 84.03411, "eta_hours": 0.02334, "loss": 0.6922362, "lr": 0.00020611, "params": 5339, "time_iter": 0.07273, "accuracy": 0.52, "precision": 0.52, "recall": 1.0, "f1": 0.68421, "auc": 0.51033}
{"epoch": 71, "time_epoch": 2.64892, "eta": 81.03962, "eta_hours": 0.02251, "loss": 0.69196549, "lr": 0.00019355, "params": 5339, "time_iter": 0.06971, "accuracy": 0.52, "precision": 0.52, "recall": 1.0, "f1": 0.68421, "auc": 0.51567}
{"epoch": 72, "time_epoch": 2.65989, "eta": 78.05866, "eta_hours": 0.02168, "loss": 0.69271278, "lr": 0.00018129, "params": 5339, "time_iter": 0.07, "accuracy": 0.52, "precision": 0.52, "recall": 1.0, "f1": 0.68421, "auc": 0.47489}
{"epoch": 73, "time_epoch": 2.83267, "eta": 75.14708, "eta_hours": 0.02087, "loss": 0.69190389, "lr": 0.00016934, "params": 5339, "time_iter": 0.07454, "accuracy": 0.52, "precision": 0.52, "recall": 1.0, "f1": 0.68421, "auc": 0.51567}
{"epoch": 74, "time_epoch": 2.83647, "eta": 72.23887, "eta_hours": 0.02007, "loss": 0.69206532, "lr": 0.00015773, "params": 5339, "time_iter": 0.07464, "accuracy": 0.52, "precision": 0.52, "recall": 1.0, "f1": 0.68421, "auc": 0.52172}
{"epoch": 75, "time_epoch": 2.73768, "eta": 69.30136, "eta_hours": 0.01925, "loss": 0.69168154, "lr": 0.00014645, "params": 5339, "time_iter": 0.07204, "accuracy": 0.52, "precision": 0.52, "recall": 1.0, "f1": 0.68421, "auc": 0.53828}
{"epoch": 76, "time_epoch": 3.0572, "eta": 66.46448, "eta_hours": 0.01846, "loss": 0.69114486, "lr": 0.00013552, "params": 5339, "time_iter": 0.08045, "accuracy": 0.52, "precision": 0.52, "recall": 1.0, "f1": 0.68421, "auc": 0.57675}
{"epoch": 77, "time_epoch": 2.7706, "eta": 63.54111, "eta_hours": 0.01765, "loss": 0.69144025, "lr": 0.00012494, "params": 5339, "time_iter": 0.07291, "accuracy": 0.52, "precision": 0.52, "recall": 1.0, "f1": 0.68421, "auc": 0.54006}
{"epoch": 78, "time_epoch": 2.98319, "eta": 60.67812, "eta_hours": 0.01686, "loss": 0.69237388, "lr": 0.00011474, "params": 5339, "time_iter": 0.0785, "accuracy": 0.52, "precision": 0.52, "recall": 1.0, "f1": 0.68421, "auc": 0.49056}
{"epoch": 79, "time_epoch": 3.35366, "eta": 57.90474, "eta_hours": 0.01608, "loss": 0.69203664, "lr": 0.00010492, "params": 5339, "time_iter": 0.08825, "accuracy": 0.52, "precision": 0.52, "recall": 1.0, "f1": 0.68421, "auc": 0.51585}
{"epoch": 80, "time_epoch": 2.8035, "eta": 54.98798, "eta_hours": 0.01527, "loss": 0.69213785, "lr": 9.549e-05, "params": 5339, "time_iter": 0.07378, "accuracy": 0.52, "precision": 0.52, "recall": 1.0, "f1": 0.68421, "auc": 0.51994}
{"epoch": 81, "time_epoch": 2.83347, "eta": 52.08057, "eta_hours": 0.01447, "loss": 0.69091971, "lr": 8.646e-05, "params": 5339, "time_iter": 0.07456, "accuracy": 0.52, "precision": 0.52, "recall": 1.0, "f1": 0.68421, "auc": 0.56108}
{"epoch": 82, "time_epoch": 2.86917, "eta": 49.18225, "eta_hours": 0.01366, "loss": 0.69259005, "lr": 7.784e-05, "params": 5339, "time_iter": 0.0755, "accuracy": 0.52, "precision": 0.52, "recall": 1.0, "f1": 0.68421, "auc": 0.48718}
{"epoch": 83, "time_epoch": 3.02066, "eta": 46.31348, "eta_hours": 0.01286, "loss": 0.69112115, "lr": 6.963e-05, "params": 5339, "time_iter": 0.07949, "accuracy": 0.52, "precision": 0.52, "recall": 1.0, "f1": 0.68421, "auc": 0.56054}
{"epoch": 84, "time_epoch": 3.1626, "eta": 43.46618, "eta_hours": 0.01207, "loss": 0.69283043, "lr": 6.185e-05, "params": 5339, "time_iter": 0.08323, "accuracy": 0.52, "precision": 0.52, "recall": 1.0, "f1": 0.68421, "auc": 0.47774}
{"epoch": 85, "time_epoch": 3.21439, "eta": 40.61998, "eta_hours": 0.01128, "loss": 0.69194094, "lr": 5.45e-05, "params": 5339, "time_iter": 0.08459, "accuracy": 0.52, "precision": 0.52, "recall": 1.0, "f1": 0.68421, "auc": 0.53668}
{"epoch": 86, "time_epoch": 2.68486, "eta": 37.68619, "eta_hours": 0.01047, "loss": 0.69163544, "lr": 4.759e-05, "params": 5339, "time_iter": 0.07065, "accuracy": 0.52667, "precision": 0.52349, "recall": 1.0, "f1": 0.68722, "auc": 0.52974}
{"epoch": 87, "time_epoch": 2.63396, "eta": 34.75112, "eta_hours": 0.00965, "loss": 0.69180951, "lr": 4.112e-05, "params": 5339, "time_iter": 0.06931, "accuracy": 0.52, "precision": 0.52, "recall": 1.0, "f1": 0.68421, "auc": 0.53348}
{"epoch": 88, "time_epoch": 2.66787, "eta": 31.82701, "eta_hours": 0.00884, "loss": 0.69193199, "lr": 3.511e-05, "params": 5339, "time_iter": 0.07021, "accuracy": 0.52, "precision": 0.52, "recall": 1.0, "f1": 0.68421, "auc": 0.50873}
{"epoch": 89, "time_epoch": 2.71774, "eta": 28.91413, "eta_hours": 0.00803, "loss": 0.69229445, "lr": 2.956e-05, "params": 5339, "time_iter": 0.07152, "accuracy": 0.52, "precision": 0.52, "recall": 1.0, "f1": 0.68421, "auc": 0.49947}
{"epoch": 90, "time_epoch": 2.70488, "eta": 26.00427, "eta_hours": 0.00722, "loss": 0.69252255, "lr": 2.447e-05, "params": 5339, "time_iter": 0.07118, "accuracy": 0.52667, "precision": 0.52349, "recall": 1.0, "f1": 0.68722, "auc": 0.49412}
{"epoch": 91, "time_epoch": 2.60906, "eta": 23.09053, "eta_hours": 0.00641, "loss": 0.69172363, "lr": 1.985e-05, "params": 5339, "time_iter": 0.06866, "accuracy": 0.52, "precision": 0.52, "recall": 1.0, "f1": 0.68421, "auc": 0.52938}
{"epoch": 92, "time_epoch": 2.75863, "eta": 20.1946, "eta_hours": 0.00561, "loss": 0.69143116, "lr": 1.571e-05, "params": 5339, "time_iter": 0.0726, "accuracy": 0.52, "precision": 0.52, "recall": 1.0, "f1": 0.68421, "auc": 0.53935}
{"epoch": 93, "time_epoch": 2.97465, "eta": 17.31539, "eta_hours": 0.00481, "loss": 0.69109968, "lr": 1.204e-05, "params": 5339, "time_iter": 0.07828, "accuracy": 0.52, "precision": 0.52, "recall": 1.0, "f1": 0.68421, "auc": 0.55199}
{"epoch": 94, "time_epoch": 3.30222, "eta": 14.4514, "eta_hours": 0.00401, "loss": 0.69341733, "lr": 8.86e-06, "params": 5339, "time_iter": 0.0869, "accuracy": 0.52, "precision": 0.52, "recall": 1.0, "f1": 0.68421, "auc": 0.44676}
{"epoch": 95, "time_epoch": 3.55263, "eta": 11.58872, "eta_hours": 0.00322, "loss": 0.69164042, "lr": 6.16e-06, "params": 5339, "time_iter": 0.09349, "accuracy": 0.52, "precision": 0.52, "recall": 1.0, "f1": 0.68421, "auc": 0.51371}
{"epoch": 96, "time_epoch": 2.71342, "eta": 8.68586, "eta_hours": 0.00241, "loss": 0.6921646, "lr": 3.94e-06, "params": 5339, "time_iter": 0.07141, "accuracy": 0.52667, "precision": 0.52349, "recall": 1.0, "f1": 0.68722, "auc": 0.50231}
{"epoch": 97, "time_epoch": 3.20248, "eta": 5.79684, "eta_hours": 0.00161, "loss": 0.69206734, "lr": 2.22e-06, "params": 5339, "time_iter": 0.08428, "accuracy": 0.52, "precision": 0.52, "recall": 1.0, "f1": 0.68421, "auc": 0.53045}
{"epoch": 98, "time_epoch": 3.55442, "eta": 2.90505, "eta_hours": 0.00081, "loss": 0.69181938, "lr": 9.9e-07, "params": 5339, "time_iter": 0.09354, "accuracy": 0.52, "precision": 0.52, "recall": 1.0, "f1": 0.68421, "auc": 0.51549}
{"epoch": 99, "time_epoch": 2.98741, "eta": 0.0, "eta_hours": 0.0, "loss": 0.69051088, "lr": 2.5e-07, "params": 5339, "time_iter": 0.07862, "accuracy": 0.52667, "precision": 0.52349, "recall": 1.0, "f1": 0.68722, "auc": 0.57212}
