{"epoch": 20, "time_epoch": 0.44915, "time_epoch_std": 0.01045, "eta": 64.96082, "eta_std": 12.08467, "eta_hours": 0.01804, "eta_hours_std": 0.00336, "loss": 0.20099, "loss_std": 0.13237, "lr": 0.00081, "lr_std": 7e-05, "params": 9207.0, "params_std": 0.0, "time_iter": 0.04492, "time_iter_std": 0.00104, "accuracy": 0.92949, "accuracy_std": 0.09486, "accuracy_max": 1.0, "precision": 0.91786, "precision_std": 0.10516, "recall": 1.0, "recall_std": 0.0, "f1": 0.95385, "f1_std": 0.06046, "auc": 0.98225, "auc_std": 0.01963}
