{"epoch": 0, "time_epoch": 5.63502, "time_epoch_std": 0.02189, "eta": 557.86714, "eta_std": 2.16733, "eta_hours": 0.15496, "eta_hours_std": 0.0006, "loss": 0.68855, "loss_std": 0.02406, "lr": 0.001, "lr_std": 0.0, "params": 9207.0, "params_std": 0.0, "time_iter": 0.5635, "time_iter_std": 0.00219, "accuracy": 0.5641, "accuracy_std": 0.13689, "accuracy_max": 0.66667, "precision": 0.50641, "precision_std": 0.29256, "recall": 0.67308, "recall_std": 0.4084, "f1": 0.57308, "f1_std": 0.33377, "auc": 0.43343, "auc_std": 0.10395}
{"epoch": 1, "time_epoch": 6.99467, "time_epoch_std": 0.32681, "eta": 618.85484, "eta_std": 16.61553, "eta_hours": 0.1719, "eta_hours_std": 0.00462, "loss": 0.6807, "loss_std": 0.02225, "lr": 0.001, "lr_std": 0.0, "params": 9207.0, "params_std": 0.0, "time_iter": 0.69947, "time_iter_std": 0.03268, "accuracy": 0.58334, "accuracy_std": 0.14434, "accuracy_max": 0.66667, "precision": 0.5, "precision_std": 0.28868, "recall": 0.75, "recall_std": 0.43301, "f1": 0.6, "f1_std": 0.34641, "auc": 0.52219, "auc_std": 0.09524}
{"epoch": 2, "time_epoch": 1.65319, "time_epoch_std": 0.0214, "eta": 461.81307, "eta_std": 10.40788, "eta_hours": 0.12828, "eta_hours_std": 0.00289, "loss": 0.67343, "loss_std": 0.01799, "lr": 0.001, "lr_std": 0.0, "params": 9207.0, "params_std": 0.0, "time_iter": 0.16532, "time_iter_std": 0.00214, "accuracy": 0.58334, "accuracy_std": 0.14434, "accuracy_max": 0.66667, "precision": 0.5, "precision_std": 0.28868, "recall": 0.75, "recall_std": 0.43301, "f1": 0.6, "f1_std": 0.34641, "auc": 0.54659, "auc_std": 0.05257}
{"epoch": 3, "time_epoch": 0.38552, "time_epoch_std": 0.00968, "eta": 352.04143, "eta_std": 7.53891, "eta_hours": 0.09779, "eta_hours_std": 0.0021, "loss": 0.67017, "loss_std": 0.01687, "lr": 0.001, "lr_std": 0.0, "params": 9207.0, "params_std": 0.0, "time_iter": 0.03855, "time_iter_std": 0.00097, "accuracy": 0.58974, "accuracy_std": 0.13324, "accuracy_max": 0.66667, "precision": 0.63334, "precision_std": 0.05774, "recall": 0.82692, "recall_std": 0.29978, "f1": 0.69756, "f1_std": 0.17743, "auc": 0.446, "auc_std": 0.09422}
{"epoch": 4, "time_epoch": 0.40901, "time_epoch_std": 0.01359, "eta": 286.47062, "eta_std": 5.82217, "eta_hours": 0.07958, "eta_hours_std": 0.00162, "loss": 0.66282, "loss_std": 0.01241, "lr": 0.001, "lr_std": 0.0, "params": 9207.0, "params_std": 0.0, "time_iter": 0.0409, "time_iter_std": 0.00136, "accuracy": 0.66667, "accuracy_std": 0.0, "accuracy_max": 0.66667, "precision": 0.66667, "precision_std": 0.0, "recall": 1.0, "recall_std": 0.0, "f1": 0.8, "f1_std": 0.0, "auc": 0.53846, "auc_std": 0.11499}
{"epoch": 5, "time_epoch": 0.42802, "time_epoch_std": 0.02838, "eta": 242.91824, "eta_std": 4.53592, "eta_hours": 0.06748, "eta_hours_std": 0.00126, "loss": 0.65779, "loss_std": 0.01267, "lr": 0.00099, "lr_std": 0.0, "params": 9207.0, "params_std": 0.0, "time_iter": 0.0428, "time_iter_std": 0.00284, "accuracy": 0.66667, "accuracy_std": 0.0, "accuracy_max": 0.66667, "precision": 0.66667, "precision_std": 0.0, "recall": 1.0, "recall_std": 0.0, "f1": 0.8, "f1_std": 0.0, "auc": 0.60873, "auc_std": 0.12194}
{"epoch": 6, "time_epoch": 0.42894, "time_epoch_std": 0.03085, "eta": 211.69936, "eta_std": 3.62898, "eta_hours": 0.0588, "eta_hours_std": 0.00101, "loss": 0.65329, "loss_std": 0.00802, "lr": 0.00099, "lr_std": 0.0, "params": 9207.0, "params_std": 0.0, "time_iter": 0.04289, "time_iter_std": 0.00309, "accuracy": 0.66667, "accuracy_std": 0.0, "accuracy_max": 0.66667, "precision": 0.66667, "precision_std": 0.0, "recall": 1.0, "recall_std": 0.0, "f1": 0.8, "f1_std": 0.0, "auc": 0.62278, "auc_std": 0.07021}
{"epoch": 7, "time_epoch": 0.43112, "time_epoch_std": 0.02551, "eta": 188.20302, "eta_std": 3.04054, "eta_hours": 0.05228, "eta_hours_std": 0.00085, "loss": 0.64965, "loss_std": 0.00847, "lr": 0.00099, "lr_std": 0.0, "params": 9207.0, "params_std": 0.0, "time_iter": 0.04311, "time_iter_std": 0.00255, "accuracy": 0.66667, "accuracy_std": 0.0, "accuracy_max": 0.66667, "precision": 0.66667, "precision_std": 0.0, "recall": 1.0, "recall_std": 0.0, "f1": 0.8, "f1_std": 0.0, "auc": 0.59023, "auc_std": 0.02795}
{"epoch": 8, "time_epoch": 0.44338, "time_epoch_std": 0.02346, "eta": 169.95628, "eta_std": 2.47509, "eta_hours": 0.04721, "eta_hours_std": 0.00069, "loss": 0.644, "loss_std": 0.00581, "lr": 0.00098, "lr_std": 0.0, "params": 9207.0, "params_std": 0.0, "time_iter": 0.04434, "time_iter_std": 0.00235, "accuracy": 0.66667, "accuracy_std": 0.0, "accuracy_max": 0.66667, "precision": 0.66667, "precision_std": 0.0, "recall": 1.0, "recall_std": 0.0, "f1": 0.8, "f1_std": 0.0, "auc": 0.65237, "auc_std": 0.04773}
{"epoch": 9, "time_epoch": 0.44084, "time_epoch_std": 0.02245, "eta": 155.2473, "eta_std": 2.05022, "eta_hours": 0.04312, "eta_hours_std": 0.00057, "loss": 0.63672, "loss_std": 0.00619, "lr": 0.00098, "lr_std": 0.0, "params": 9207.0, "params_std": 0.0, "time_iter": 0.04408, "time_iter_std": 0.00225, "accuracy": 0.66667, "accuracy_std": 0.0, "accuracy_max": 0.66667, "precision": 0.66667, "precision_std": 0.0, "recall": 1.0, "recall_std": 0.0, "f1": 0.8, "f1_std": 0.0, "auc": 0.74852, "auc_std": 0.06132}
{"epoch": 10, "time_epoch": 0.44163, "time_epoch_std": 0.02234, "eta": 143.13898, "eta_std": 1.70549, "eta_hours": 0.03976, "eta_hours_std": 0.00047, "loss": 0.6312, "loss_std": 0.00573, "lr": 0.00098, "lr_std": 0.0, "params": 9207.0, "params_std": 0.0, "time_iter": 0.04416, "time_iter_std": 0.00223, "accuracy": 0.66667, "accuracy_std": 0.0, "accuracy_max": 0.66667, "precision": 0.66667, "precision_std": 0.0, "recall": 1.0, "recall_std": 0.0, "f1": 0.8, "f1_std": 0.0, "auc": 0.76479, "auc_std": 0.05553}
{"epoch": 11, "time_epoch": 0.44498, "time_epoch_std": 0.02655, "eta": 132.99966, "eta_std": 1.42351, "eta_hours": 0.03694, "eta_hours_std": 0.00039, "loss": 0.62489, "loss_std": 0.01102, "lr": 0.00097, "lr_std": 0.0, "params": 9207.0, "params_std": 0.0, "time_iter": 0.0445, "time_iter_std": 0.00265, "accuracy": 0.66667, "accuracy_std": 0.0, "accuracy_max": 0.66667, "precision": 0.66667, "precision_std": 0.0, "recall": 1.0, "recall_std": 0.0, "f1": 0.8, "f1_std": 0.0, "auc": 0.72855, "auc_std": 0.10127}
{"epoch": 12, "time_epoch": 0.44073, "time_epoch_std": 0.02293, "eta": 124.32332, "eta_std": 1.19745, "eta_hours": 0.03453, "eta_hours_std": 0.00033, "loss": 0.61406, "loss_std": 0.02396, "lr": 0.00096, "lr_std": 0.0, "params": 9207.0, "params_std": 0.0, "time_iter": 0.04407, "time_iter_std": 0.00229, "accuracy": 0.66667, "accuracy_std": 0.0, "accuracy_max": 0.66667, "precision": 0.66667, "precision_std": 0.0, "recall": 1.0, "recall_std": 0.0, "f1": 0.8, "f1_std": 0.0, "auc": 0.79364, "auc_std": 0.11071}
{"epoch": 13, "time_epoch": 0.44085, "time_epoch_std": 0.02366, "eta": 116.82424, "eta_std": 1.02202, "eta_hours": 0.03245, "eta_hours_std": 0.00028, "loss": 0.60174, "loss_std": 0.0204, "lr": 0.00096, "lr_std": 0.0, "params": 9207.0, "params_std": 0.0, "time_iter": 0.04408, "time_iter_std": 0.00236, "accuracy": 0.67308, "accuracy_std": 0.0111, "accuracy_max": 0.69231, "precision": 0.67106, "precision_std": 0.0076, "recall": 1.0, "recall_std": 0.0, "f1": 0.80313, "f1_std": 0.00541, "auc": 0.76997, "auc_std": 0.04717}
{"epoch": 14, "time_epoch": 0.44278, "time_epoch_std": 0.02773, "eta": 110.27717, "eta_std": 0.87633, "eta_hours": 0.03064, "eta_hours_std": 0.00024, "loss": 0.57598, "loss_std": 0.03542, "lr": 0.00095, "lr_std": 0.0, "params": 9207.0, "params_std": 0.0, "time_iter": 0.04428, "time_iter_std": 0.00277, "accuracy": 0.67949, "accuracy_std": 0.01282, "accuracy_max": 0.69231, "precision": 0.67544, "precision_std": 0.00877, "recall": 1.0, "recall_std": 0.0, "f1": 0.80625, "f1_std": 0.00625, "auc": 0.8432, "auc_std": 0.02995}
{"epoch": 15, "time_epoch": 0.44138, "time_epoch_std": 0.02563, "eta": 104.48579, "eta_std": 0.78077, "eta_hours": 0.02902, "eta_hours_std": 0.00022, "loss": 0.55453, "loss_std": 0.04271, "lr": 0.00095, "lr_std": 0.0, "params": 9207.0, "params_std": 0.0, "time_iter": 0.04414, "time_iter_std": 0.00256, "accuracy": 0.6859, "accuracy_std": 0.0111, "accuracy_max": 0.69231, "precision": 0.67983, "precision_std": 0.0076, "recall": 1.0, "recall_std": 0.0, "f1": 0.80938, "f1_std": 0.00541, "auc": 0.86243, "auc_std": 0.03057}
{"epoch": 16, "time_epoch": 0.44926, "time_epoch_std": 0.0114, "eta": 99.36229, "eta_std": 0.75876, "eta_hours": 0.0276, "eta_hours_std": 0.00021, "loss": 0.52771, "loss_std": 0.06066, "lr": 0.00094, "lr_std": 0.0, "params": 9207.0, "params_std": 0.0, "time_iter": 0.04492, "time_iter_std": 0.00114, "accuracy": 0.69231, "accuracy_std": 0.02564, "accuracy_max": 0.71795, "precision": 0.68468, "precision_std": 0.01802, "recall": 1.0, "recall_std": 0.0, "f1": 0.8127, "f1_std": 0.0127, "auc": 0.90089, "auc_std": 0.05815}
{"epoch": 17, "time_epoch": 0.45185, "time_epoch_std": 0.00649, "eta": 94.76995, "eta_std": 0.72275, "eta_hours": 0.02632, "eta_hours_std": 0.0002, "loss": 0.50726, "loss_std": 0.06076, "lr": 0.00093, "lr_std": 0.0, "params": 9207.0, "params_std": 0.0, "time_iter": 0.04519, "time_iter_std": 0.00065, "accuracy": 0.73077, "accuracy_std": 0.03846, "accuracy_max": 0.76923, "precision": 0.71353, "precision_std": 0.02932, "recall": 1.0, "recall_std": 0.0, "f1": 0.83248, "f1_std": 0.01998, "auc": 0.85281, "auc_std": 0.09331}
{"epoch": 18, "time_epoch": 0.4525, "time_epoch_std": 0.00844, "eta": 90.61622, "eta_std": 0.68246, "eta_hours": 0.02517, "eta_hours_std": 0.00019, "loss": 0.44237, "loss_std": 0.08283, "lr": 0.00092, "lr_std": 0.0, "params": 9207.0, "params_std": 0.0, "time_iter": 0.04525, "time_iter_std": 0.00084, "accuracy": 0.76923, "accuracy_std": 0.08504, "accuracy_max": 0.89744, "precision": 0.74995, "precision_std": 0.07497, "recall": 1.0, "recall_std": 0.0, "f1": 0.85506, "f1_std": 0.04786, "auc": 0.95044, "auc_std": 0.04872}
{"epoch": 19, "time_epoch": 0.45772, "time_epoch_std": 0.01298, "eta": 86.8535, "eta_std": 0.67185, "eta_hours": 0.02413, "eta_hours_std": 0.00019, "loss": 0.42572, "loss_std": 0.09351, "lr": 0.00091, "lr_std": 0.0, "params": 9207.0, "params_std": 0.0, "time_iter": 0.04577, "time_iter_std": 0.0013, "accuracy": 0.8141, "accuracy_std": 0.07558, "accuracy_max": 0.92308, "precision": 0.78837, "precision_std": 0.07252, "recall": 1.0, "recall_std": 0.0, "f1": 0.87986, "f1_std": 0.04463, "auc": 0.91124, "auc_std": 0.05854}
{"epoch": 20, "time_epoch": 0.45573, "time_epoch_std": 0.01324, "eta": 83.39806, "eta_std": 0.6695, "eta_hours": 0.02317, "eta_hours_std": 0.00019, "loss": 0.37838, "loss_std": 0.06489, "lr": 0.0009, "lr_std": 0.0, "params": 9207.0, "params_std": 0.0, "time_iter": 0.04558, "time_iter_std": 0.00132, "accuracy": 0.84615, "accuracy_std": 0.04797, "accuracy_max": 0.89744, "precision": 0.82757, "precision_std": 0.05669, "recall": 0.98077, "recall_std": 0.01923, "f1": 0.89601, "f1_std": 0.02722, "auc": 0.95044, "auc_std": 0.01514}
{"epoch": 21, "time_epoch": 0.44806, "time_epoch_std": 0.00922, "eta": 80.18813, "eta_std": 0.65508, "eta_hours": 0.02228, "eta_hours_std": 0.00018, "loss": 0.35155, "loss_std": 0.04983, "lr": 0.0009, "lr_std": 0.0, "params": 9207.0, "params_std": 0.0, "time_iter": 0.0448, "time_iter_std": 0.00092, "accuracy": 0.85256, "accuracy_std": 0.03331, "accuracy_max": 0.87179, "precision": 0.84944, "precision_std": 0.04438, "recall": 0.95192, "recall_std": 0.03189, "f1": 0.89642, "f1_std": 0.02001, "auc": 0.95266, "auc_std": 0.01634}
{"epoch": 22, "time_epoch": 0.45016, "time_epoch_std": 0.01138, "eta": 77.22539, "eta_std": 0.64486, "eta_hours": 0.02145, "eta_hours_std": 0.00018, "loss": 0.29421, "loss_std": 0.06274, "lr": 0.00089, "lr_std": 0.0, "params": 9207.0, "params_std": 0.0, "time_iter": 0.04502, "time_iter_std": 0.00114, "accuracy": 0.89103, "accuracy_std": 0.02794, "accuracy_max": 0.92308, "precision": 0.89928, "precision_std": 0.01441, "recall": 0.94231, "recall_std": 0.043, "f1": 0.91977, "f1_std": 0.02204, "auc": 0.97559, "auc_std": 0.02218}
{"epoch": 23, "time_epoch": 0.44826, "time_epoch_std": 0.00703, "eta": 74.46601, "eta_std": 0.62126, "eta_hours": 0.02068, "eta_hours_std": 0.00017, "loss": 0.26775, "loss_std": 0.03817, "lr": 0.00088, "lr_std": 0.0, "params": 9207.0, "params_std": 0.0, "time_iter": 0.04482, "time_iter_std": 0.0007, "accuracy": 0.91026, "accuracy_std": 0.01282, "accuracy_max": 0.92308, "precision": 0.91892, "precision_std": 0.03348, "recall": 0.95192, "recall_std": 0.03189, "f1": 0.93406, "f1_std": 0.00849, "auc": 0.97263, "auc_std": 0.00568}
{"epoch": 24, "time_epoch": 0.44907, "time_epoch_std": 0.01188, "eta": 71.89396, "eta_std": 0.61634, "eta_hours": 0.01997, "eta_hours_std": 0.00017, "loss": 0.2124, "loss_std": 0.05354, "lr": 0.00086, "lr_std": 0.0, "params": 9207.0, "params_std": 0.0, "time_iter": 0.04491, "time_iter_std": 0.00119, "accuracy": 0.92308, "accuracy_std": 0.04054, "accuracy_max": 0.97436, "precision": 0.92588, "precision_std": 0.02626, "recall": 0.96154, "recall_std": 0.03846, "f1": 0.94321, "f1_std": 0.03018, "auc": 0.98742, "auc_std": 0.01134}
{"epoch": 25, "time_epoch": 0.45204, "time_epoch_std": 0.01375, "eta": 69.49366, "eta_std": 0.61345, "eta_hours": 0.0193, "eta_hours_std": 0.00017, "loss": 0.21042, "loss_std": 0.02208, "lr": 0.00085, "lr_std": 0.0, "params": 9207.0, "params_std": 0.0, "time_iter": 0.0452, "time_iter_std": 0.00138, "accuracy": 0.91667, "accuracy_std": 0.0111, "accuracy_max": 0.92308, "precision": 0.91032, "precision_std": 0.01567, "recall": 0.97116, "recall_std": 0.01665, "f1": 0.93955, "f1_std": 0.00791, "auc": 0.98447, "auc_std": 0.00568}
{"epoch": 26, "time_epoch": 0.45014, "time_epoch_std": 0.01014, "eta": 67.23254, "eta_std": 0.60443, "eta_hours": 0.01867, "eta_hours_std": 0.00017, "loss": 0.14527, "loss_std": 0.03684, "lr": 0.00084, "lr_std": 0.0, "params": 9207.0, "params_std": 0.0, "time_iter": 0.04501, "time_iter_std": 0.00101, "accuracy": 0.96154, "accuracy_std": 0.0222, "accuracy_max": 1.0, "precision": 0.98077, "precision_std": 0.01923, "recall": 0.96154, "recall_std": 0.0272, "f1": 0.97077, "f1_std": 0.01689, "auc": 0.9963, "auc_std": 0.00385}
{"epoch": 27, "time_epoch": 0.449, "time_epoch_std": 0.0109, "eta": 65.09784, "eta_std": 0.5965, "eta_hours": 0.01808, "eta_hours_std": 0.00017, "loss": 0.226, "loss_std": 0.04216, "lr": 0.00083, "lr_std": 0.0, "params": 9207.0, "params_std": 0.0, "time_iter": 0.0449, "time_iter_std": 0.00109, "accuracy": 0.90384, "accuracy_std": 0.04924, "accuracy_max": 0.97436, "precision": 0.93991, "precision_std": 0.02163, "recall": 0.91346, "recall_std": 0.05689, "f1": 0.92607, "f1_std": 0.03861, "auc": 0.97042, "auc_std": 0.0166}
{"epoch": 28, "time_epoch": 0.45128, "time_epoch_std": 0.01059, "eta": 63.08499, "eta_std": 0.58387, "eta_hours": 0.01752, "eta_hours_std": 0.00016, "loss": 0.13966, "loss_std": 0.01285, "lr": 0.00082, "lr_std": 0.0, "params": 9207.0, "params_std": 0.0, "time_iter": 0.04513, "time_iter_std": 0.00106, "accuracy": 0.94231, "accuracy_std": 0.0111, "accuracy_max": 0.94872, "precision": 0.95264, "precision_std": 0.01542, "recall": 0.96154, "recall_std": 0.0, "f1": 0.957, "f1_std": 0.00785, "auc": 0.99334, "auc_std": 0.00245}
{"epoch": 29, "time_epoch": 0.45706, "time_epoch_std": 0.01095, "eta": 61.18972, "eta_std": 0.57554, "eta_hours": 0.017, "eta_hours_std": 0.00016, "loss": 0.16879, "loss_std": 0.10377, "lr": 0.00081, "lr_std": 0.0, "params": 9207.0, "params_std": 0.0, "time_iter": 0.0457, "time_iter_std": 0.00109, "accuracy": 0.9359, "accuracy_std": 0.05286, "accuracy_max": 0.97436, "precision": 0.94541, "precision_std": 0.05324, "recall": 0.96154, "recall_std": 0.0272, "f1": 0.95299, "f1_std": 0.03783, "auc": 0.97263, "auc_std": 0.04243}
{"epoch": 30, "time_epoch": 0.45482, "time_epoch_std": 0.01321, "eta": 59.38226, "eta_std": 0.5706, "eta_hours": 0.0165, "eta_hours_std": 0.00016, "loss": 0.1403, "loss_std": 0.06634, "lr": 0.00079, "lr_std": 0.0, "params": 9207.0, "params_std": 0.0, "time_iter": 0.04548, "time_iter_std": 0.00132, "accuracy": 0.94872, "accuracy_std": 0.05128, "accuracy_max": 1.0, "precision": 0.97035, "precision_std": 0.03216, "recall": 0.95192, "recall_std": 0.04996, "f1": 0.96077, "f1_std": 0.03925, "auc": 0.98743, "auc_std": 0.01362}
{"epoch": 31, "time_epoch": 0.45106, "time_epoch_std": 0.0125, "eta": 57.65136, "eta_std": 0.56793, "eta_hours": 0.01601, "eta_hours_std": 0.00016, "loss": 0.20063, "loss_std": 0.06795, "lr": 0.00078, "lr_std": 0.0, "params": 9207.0, "params_std": 0.0, "time_iter": 0.04511, "time_iter_std": 0.00125, "accuracy": 0.92308, "accuracy_std": 0.06537, "accuracy_max": 1.0, "precision": 0.95974, "precision_std": 0.04051, "recall": 0.92308, "recall_std": 0.07196, "f1": 0.94014, "f1_std": 0.05215, "auc": 0.97781, "auc_std": 0.01946}
{"epoch": 32, "time_epoch": 0.45115, "time_epoch_std": 0.01217, "eta": 55.99821, "eta_std": 0.55701, "eta_hours": 0.01556, "eta_hours_std": 0.00016, "loss": 0.17534, "loss_std": 0.05857, "lr": 0.00077, "lr_std": 0.0, "params": 9207.0, "params_std": 0.0, "time_iter": 0.04511, "time_iter_std": 0.00122, "accuracy": 0.91667, "accuracy_std": 0.04204, "accuracy_max": 0.94872, "precision": 0.95994, "precision_std": 0.02951, "recall": 0.91346, "recall_std": 0.04996, "f1": 0.93546, "f1_std": 0.03334, "auc": 0.97781, "auc_std": 0.01298}
{"epoch": 33, "time_epoch": 0.45339, "time_epoch_std": 0.00408, "eta": 54.4201, "eta_std": 0.53817, "eta_hours": 0.01512, "eta_hours_std": 0.00015, "loss": 0.14969, "loss_std": 0.0427, "lr": 0.00075, "lr_std": 0.0, "params": 9207.0, "params_std": 0.0, "time_iter": 0.04534, "time_iter_std": 0.00041, "accuracy": 0.95513, "accuracy_std": 0.0111, "accuracy_max": 0.97436, "precision": 0.96291, "precision_std": 0.02529, "recall": 0.97115, "recall_std": 0.01665, "f1": 0.96661, "f1_std": 0.00798, "auc": 0.98594, "auc_std": 0.01455}
{"epoch": 34, "time_epoch": 0.45339, "time_epoch_std": 0.00867, "eta": 52.90626, "eta_std": 0.52984, "eta_hours": 0.0147, "eta_hours_std": 0.00015, "loss": 0.22765, "loss_std": 0.0594, "lr": 0.00074, "lr_std": 0.0, "params": 9207.0, "params_std": 0.0, "time_iter": 0.04534, "time_iter_std": 0.00086, "accuracy": 0.89744, "accuracy_std": 0.03141, "accuracy_max": 0.92308, "precision": 0.9375, "precision_std": 0.06376, "recall": 0.91346, "recall_std": 0.03189, "f1": 0.9231, "f1_std": 0.02043, "auc": 0.96302, "auc_std": 0.03092}
{"epoch": 35, "time_epoch": 0.45131, "time_epoch_std": 0.01148, "eta": 51.44764, "eta_std": 0.52731, "eta_hours": 0.01429, "eta_hours_std": 0.00015, "loss": 0.16564, "loss_std": 0.07018, "lr": 0.00073, "lr_std": 0.0, "params": 9207.0, "params_std": 0.0, "time_iter": 0.04513, "time_iter_std": 0.00115, "accuracy": 0.92308, "accuracy_std": 0.04054, "accuracy_max": 0.97436, "precision": 0.94338, "precision_std": 0.04158, "recall": 0.94231, "recall_std": 0.01923, "f1": 0.94267, "f1_std": 0.02972, "auc": 0.98225, "auc_std": 0.0166}
{"epoch": 36, "time_epoch": 0.45316, "time_epoch_std": 0.01309, "eta": 50.04662, "eta_std": 0.52644, "eta_hours": 0.0139, "eta_hours_std": 0.00015, "loss": 0.12718, "loss_std": 0.0392, "lr": 0.00071, "lr_std": 0.0, "params": 9207.0, "params_std": 0.0, "time_iter": 0.04532, "time_iter_std": 0.00131, "accuracy": 0.94872, "accuracy_std": 0.0, "accuracy_max": 0.94872, "precision": 0.9533, "precision_std": 0.01428, "recall": 0.97116, "recall_std": 0.01665, "f1": 0.9619, "f1_std": 0.00061, "auc": 0.98964, "auc_std": 0.00797}
{"epoch": 37, "time_epoch": 0.45237, "time_epoch_std": 0.00741, "eta": 48.69419, "eta_std": 0.51537, "eta_hours": 0.01353, "eta_hours_std": 0.00014, "loss": 0.16537, "loss_std": 0.05488, "lr": 0.0007, "lr_std": 0.0, "params": 9207.0, "params_std": 0.0, "time_iter": 0.04524, "time_iter_std": 0.00074, "accuracy": 0.92308, "accuracy_std": 0.0314, "accuracy_max": 0.97436, "precision": 0.96035, "precision_std": 0.02723, "recall": 0.92308, "recall_std": 0.0272, "f1": 0.94116, "f1_std": 0.02405, "auc": 0.98077, "auc_std": 0.01544}
{"epoch": 38, "time_epoch": 0.45308, "time_epoch_std": 0.00717, "eta": 47.38904, "eta_std": 0.50487, "eta_hours": 0.01316, "eta_hours_std": 0.00014, "loss": 0.1593, "loss_std": 0.07415, "lr": 0.00068, "lr_std": 0.0, "params": 9207.0, "params_std": 0.0, "time_iter": 0.04531, "time_iter_std": 0.00072, "accuracy": 0.92308, "accuracy_std": 0.02564, "accuracy_max": 0.94872, "precision": 0.93682, "precision_std": 0.04601, "recall": 0.95192, "recall_std": 0.01665, "f1": 0.94335, "f1_std": 0.01743, "auc": 0.97559, "auc_std": 0.02178}
{"epoch": 39, "time_epoch": 0.45508, "time_epoch_std": 0.01107, "eta": 46.1295, "eta_std": 0.49978, "eta_hours": 0.01282, "eta_hours_std": 0.00014, "loss": 0.15604, "loss_std": 0.12874, "lr": 0.00067, "lr_std": 0.0, "params": 9207.0, "params_std": 0.0, "time_iter": 0.04551, "time_iter_std": 0.00111, "accuracy": 0.9359, "accuracy_std": 0.06904, "accuracy_max": 1.0, "precision": 0.97, "precision_std": 0.05196, "recall": 0.93269, "recall_std": 0.05689, "f1": 0.95078, "f1_std": 0.05276, "auc": 0.97781, "auc_std": 0.03675}
{"epoch": 40, "time_epoch": 0.45348, "time_epoch_std": 0.01093, "eta": 44.90689, "eta_std": 0.49492, "eta_hours": 0.01248, "eta_hours_std": 0.00014, "loss": 0.08393, "loss_std": 0.03676, "lr": 0.00065, "lr_std": 0.0, "params": 9207.0, "params_std": 0.0, "time_iter": 0.04535, "time_iter_std": 0.00109, "accuracy": 0.96795, "accuracy_std": 0.02794, "accuracy_max": 1.0, "precision": 0.98074, "precision_std": 0.01929, "recall": 0.97116, "recall_std": 0.03189, "f1": 0.97568, "f1_std": 0.02141, "auc": 0.99778, "auc_std": 0.00385}
{"epoch": 41, "time_epoch": 0.45512, "time_epoch_std": 0.00804, "eta": 43.72316, "eta_std": 0.48463, "eta_hours": 0.01214, "eta_hours_std": 0.00013, "loss": 0.19945, "loss_std": 0.06884, "lr": 0.00064, "lr_std": 0.0, "params": 9207.0, "params_std": 0.0, "time_iter": 0.04551, "time_iter_std": 0.0008, "accuracy": 0.91667, "accuracy_std": 0.05552, "accuracy_max": 1.0, "precision": 0.94437, "precision_std": 0.05571, "recall": 0.9327, "recall_std": 0.04996, "f1": 0.93733, "f1_std": 0.04135, "auc": 0.96598, "auc_std": 0.02651}
{"epoch": 42, "time_epoch": 0.45699, "time_epoch_std": 0.00979, "eta": 42.5758, "eta_std": 0.47777, "eta_hours": 0.01182, "eta_hours_std": 0.00013, "loss": 0.14945, "loss_std": 0.10319, "lr": 0.00062, "lr_std": 0.0, "params": 9207.0, "params_std": 0.0, "time_iter": 0.0457, "time_iter_std": 0.00098, "accuracy": 0.9359, "accuracy_std": 0.05286, "accuracy_max": 1.0, "precision": 0.93889, "precision_std": 0.06161, "recall": 0.97116, "recall_std": 0.03189, "f1": 0.95366, "f1_std": 0.03806, "auc": 0.97855, "auc_std": 0.02434}
{"epoch": 43, "time_epoch": 0.47086, "time_epoch_std": 0.02677, "eta": 41.47749, "eta_std": 0.44835, "eta_hours": 0.01152, "eta_hours_std": 0.00012, "loss": 0.17082, "loss_std": 0.04458, "lr": 0.00061, "lr_std": 0.0, "params": 9207.0, "params_std": 0.0, "time_iter": 0.04708, "time_iter_std": 0.00268, "accuracy": 0.91026, "accuracy_std": 0.04252, "accuracy_max": 0.94872, "precision": 0.94071, "precision_std": 0.02096, "recall": 0.92308, "recall_std": 0.04711, "f1": 0.93154, "f1_std": 0.03364, "auc": 0.97929, "auc_std": 0.01372}
{"epoch": 44, "time_epoch": 0.46905, "time_epoch_std": 0.02869, "eta": 40.40483, "eta_std": 0.42491, "eta_hours": 0.01122, "eta_hours_std": 0.00012, "loss": 0.08175, "loss_std": 0.01618, "lr": 0.00059, "lr_std": 0.0, "params": 9207.0, "params_std": 0.0, "time_iter": 0.0469, "time_iter_std": 0.00287, "accuracy": 0.96795, "accuracy_std": 0.02126, "accuracy_max": 1.0, "precision": 0.98112, "precision_std": 0.01888, "recall": 0.97116, "recall_std": 0.03189, "f1": 0.97567, "f1_std": 0.01633, "auc": 0.99926, "auc_std": 0.00128}
{"epoch": 45, "time_epoch": 0.46928, "time_epoch_std": 0.02694, "eta": 39.35869, "eta_std": 0.40635, "eta_hours": 0.01094, "eta_hours_std": 0.00011, "loss": 0.14898, "loss_std": 0.06926, "lr": 0.00058, "lr_std": 0.0, "params": 9207.0, "params_std": 0.0, "time_iter": 0.04692, "time_iter_std": 0.00269, "accuracy": 0.9359, "accuracy_std": 0.03846, "accuracy_max": 0.97436, "precision": 0.94472, "precision_std": 0.04045, "recall": 0.96154, "recall_std": 0.0272, "f1": 0.95263, "f1_std": 0.02815, "auc": 0.98594, "auc_std": 0.01172}
{"epoch": 46, "time_epoch": 0.47285, "time_epoch_std": 0.02443, "eta": 38.34113, "eta_std": 0.39093, "eta_hours": 0.01065, "eta_hours_std": 0.00011, "loss": 0.10818, "loss_std": 0.08901, "lr": 0.00056, "lr_std": 0.0, "params": 9207.0, "params_std": 0.0, "time_iter": 0.04729, "time_iter_std": 0.00244, "accuracy": 0.96795, "accuracy_std": 0.04203, "accuracy_max": 1.0, "precision": 0.97322, "precision_std": 0.04639, "recall": 0.98077, "recall_std": 0.01923, "f1": 0.97658, "f1_std": 0.03032, "auc": 0.98816, "auc_std": 0.0205}
{"epoch": 47, "time_epoch": 0.47066, "time_epoch_std": 0.02879, "eta": 37.3439, "eta_std": 0.37939, "eta_hours": 0.01037, "eta_hours_std": 0.00011, "loss": 0.10603, "loss_std": 0.04014, "lr": 0.00055, "lr_std": 0.0, "params": 9207.0, "params_std": 0.0, "time_iter": 0.04706, "time_iter_std": 0.00288, "accuracy": 0.96154, "accuracy_std": 0.01282, "accuracy_max": 0.97436, "precision": 0.96428, "precision_std": 0.03571, "recall": 0.98077, "recall_std": 0.01923, "f1": 0.97168, "f1_std": 0.00871, "auc": 0.9963, "auc_std": 0.0064}
{"epoch": 48, "time_epoch": 0.46923, "time_epoch_std": 0.03006, "eta": 36.36667, "eta_std": 0.36776, "eta_hours": 0.0101, "eta_hours_std": 0.0001, "loss": 0.12293, "loss_std": 0.09704, "lr": 0.00053, "lr_std": 0.0, "params": 9207.0, "params_std": 0.0, "time_iter": 0.04692, "time_iter_std": 0.00301, "accuracy": 0.94872, "accuracy_std": 0.0314, "accuracy_max": 0.97436, "precision": 0.96395, "precision_std": 0.04374, "recall": 0.96154, "recall_std": 0.0272, "f1": 0.96186, "f1_std": 0.02241, "auc": 0.98373, "auc_std": 0.0265}
{"epoch": 49, "time_epoch": 0.4631, "time_epoch_std": 0.02757, "eta": 35.40362, "eta_std": 0.35247, "eta_hours": 0.00984, "eta_hours_std": 0.0001, "loss": 0.0847, "loss_std": 0.04286, "lr": 0.00052, "lr_std": 0.0, "params": 9207.0, "params_std": 0.0, "time_iter": 0.04631, "time_iter_std": 0.00276, "accuracy": 0.96795, "accuracy_std": 0.03331, "accuracy_max": 1.0, "precision": 0.98148, "precision_std": 0.03207, "recall": 0.97116, "recall_std": 0.03189, "f1": 0.97585, "f1_std": 0.02485, "auc": 0.99556, "auc_std": 0.00769}
{"epoch": 50, "time_epoch": 0.46427, "time_epoch_std": 0.02836, "eta": 34.4613, "eta_std": 0.33823, "eta_hours": 0.00957, "eta_hours_std": 9e-05, "loss": 0.12929, "loss_std": 0.07979, "lr": 0.0005, "lr_std": 0.0, "params": 9207.0, "params_std": 0.0, "time_iter": 0.04642, "time_iter_std": 0.00284, "accuracy": 0.95513, "accuracy_std": 0.03331, "accuracy_max": 0.97436, "precision": 0.95741, "precision_std": 0.05453, "recall": 0.98077, "recall_std": 0.01923, "f1": 0.96762, "f1_std": 0.02255, "auc": 0.98225, "auc_std": 0.02736}
{"epoch": 51, "time_epoch": 0.46474, "time_epoch_std": 0.02992, "eta": 33.53781, "eta_std": 0.3302, "eta_hours": 0.00932, "eta_hours_std": 9e-05, "loss": 0.11762, "loss_std": 0.08842, "lr": 0.00048, "lr_std": 0.0, "params": 9207.0, "params_std": 0.0, "time_iter": 0.04648, "time_iter_std": 0.00299, "accuracy": 0.94872, "accuracy_std": 0.06014, "accuracy_max": 1.0, "precision": 0.95502, "precision_std": 0.0585, "recall": 0.97116, "recall_std": 0.03189, "f1": 0.9626, "f1_std": 0.04328, "auc": 0.98742, "auc_std": 0.02011}
{"epoch": 52, "time_epoch": 0.46662, "time_epoch_std": 0.03032, "eta": 32.6333, "eta_std": 0.32166, "eta_hours": 0.00906, "eta_hours_std": 9e-05, "loss": 0.11316, "loss_std": 0.05697, "lr": 0.00047, "lr_std": 0.0, "params": 9207.0, "params_std": 0.0, "time_iter": 0.04666, "time_iter_std": 0.00303, "accuracy": 0.96795, "accuracy_std": 0.02126, "accuracy_max": 1.0, "precision": 0.99038, "precision_std": 0.01665, "recall": 0.96154, "recall_std": 0.0272, "f1": 0.97548, "f1_std": 0.01627, "auc": 0.99334, "auc_std": 0.00736}
{"epoch": 53, "time_epoch": 0.4635, "time_epoch_std": 0.02877, "eta": 31.74234, "eta_std": 0.31577, "eta_hours": 0.00882, "eta_hours_std": 9e-05, "loss": 0.07857, "loss_std": 0.02469, "lr": 0.00045, "lr_std": 0.0, "params": 9207.0, "params_std": 0.0, "time_iter": 0.04635, "time_iter_std": 0.00288, "accuracy": 0.97436, "accuracy_std": 0.02564, "accuracy_max": 1.0, "precision": 0.98214, "precision_std": 0.03093, "recall": 0.98077, "recall_std": 0.03331, "f1": 0.98074, "f1_std": 0.01929, "auc": 0.99704, "auc_std": 0.00512}
{"epoch": 54, "time_epoch": 0.46401, "time_epoch_std": 0.03011, "eta": 30.86735, "eta_std": 0.31177, "eta_hours": 0.00858, "eta_hours_std": 9e-05, "loss": 0.06052, "loss_std": 0.01765, "lr": 0.00044, "lr_std": 0.0, "params": 9207.0, "params_std": 0.0, "time_iter": 0.0464, "time_iter_std": 0.00301, "accuracy": 0.98077, "accuracy_std": 0.0111, "accuracy_max": 1.0, "precision": 1.0, "precision_std": 0.0, "recall": 0.97115, "recall_std": 0.01665, "f1": 0.98529, "f1_std": 0.00849, "auc": 0.99926, "auc_std": 0.00128}
{"epoch": 55, "time_epoch": 0.46805, "time_epoch_std": 0.02793, "eta": 30.01021, "eta_std": 0.31029, "eta_hours": 0.00834, "eta_hours_std": 9e-05, "loss": 0.11905, "loss_std": 0.07851, "lr": 0.00042, "lr_std": 0.0, "params": 9207.0, "params_std": 0.0, "time_iter": 0.04681, "time_iter_std": 0.00279, "accuracy": 0.96154, "accuracy_std": 0.05286, "accuracy_max": 1.0, "precision": 0.95626, "precision_std": 0.05644, "recall": 0.99038, "recall_std": 0.01665, "f1": 0.97256, "f1_std": 0.03744, "auc": 0.98299, "auc_std": 0.0178}
{"epoch": 56, "time_epoch": 0.46458, "time_epoch_std": 0.02946, "eta": 29.1641, "eta_std": 0.3079, "eta_hours": 0.0081, "eta_hours_std": 9e-05, "loss": 0.10492, "loss_std": 0.07718, "lr": 0.00041, "lr_std": 0.0, "params": 9207.0, "params_std": 0.0, "time_iter": 0.04646, "time_iter_std": 0.00295, "accuracy": 0.96154, "accuracy_std": 0.03846, "accuracy_max": 1.0, "precision": 0.96414, "precision_std": 0.0423, "recall": 0.98077, "recall_std": 0.03331, "f1": 0.97166, "f1_std": 0.02838, "auc": 0.98668, "auc_std": 0.01979}
{"epoch": 57, "time_epoch": 0.46324, "time_epoch_std": 0.02892, "eta": 28.33018, "eta_std": 0.30577, "eta_hours": 0.00787, "eta_hours_std": 8e-05, "loss": 0.05836, "loss_std": 0.02903, "lr": 0.00039, "lr_std": 0.0, "params": 9207.0, "params_std": 0.0, "time_iter": 0.04632, "time_iter_std": 0.00289, "accuracy": 0.98718, "accuracy_std": 0.0222, "accuracy_max": 1.0, "precision": 0.99038, "precision_std": 0.01665, "recall": 0.99038, "recall_std": 0.01665, "f1": 0.99038, "f1_std": 0.01665, "auc": 0.99852, "auc_std": 0.00256}
{"epoch": 58, "time_epoch": 0.46878, "time_epoch_std": 0.0271, "eta": 27.51268, "eta_std": 0.2999, "eta_hours": 0.00764, "eta_hours_std": 8e-05, "loss": 0.09119, "loss_std": 0.03103, "lr": 0.00038, "lr_std": 0.0, "params": 9207.0, "params_std": 0.0, "time_iter": 0.04688, "time_iter_std": 0.00271, "accuracy": 0.96795, "accuracy_std": 0.02126, "accuracy_max": 1.0, "precision": 0.98112, "precision_std": 0.01888, "recall": 0.97116, "recall_std": 0.03189, "f1": 0.97567, "f1_std": 0.01633, "auc": 0.99926, "auc_std": 0.00128}
{"epoch": 59, "time_epoch": 0.46833, "time_epoch_std": 0.02663, "eta": 26.70649, "eta_std": 0.29625, "eta_hours": 0.00742, "eta_hours_std": 8e-05, "loss": 0.14795, "loss_std": 0.11081, "lr": 0.00036, "lr_std": 0.0, "params": 9207.0, "params_std": 0.0, "time_iter": 0.04683, "time_iter_std": 0.00266, "accuracy": 0.94231, "accuracy_std": 0.04924, "accuracy_max": 1.0, "precision": 0.94636, "precision_std": 0.05371, "recall": 0.97116, "recall_std": 0.03189, "f1": 0.95788, "f1_std": 0.03592, "auc": 0.98003, "auc_std": 0.02954}
{"epoch": 60, "time_epoch": 0.47147, "time_epoch_std": 0.02548, "eta": 25.9134, "eta_std": 0.29072, "eta_hours": 0.0072, "eta_hours_std": 8e-05, "loss": 0.18242, "loss_std": 0.17138, "lr": 0.00035, "lr_std": 0.0, "params": 9207.0, "params_std": 0.0, "time_iter": 0.04715, "time_iter_std": 0.00255, "accuracy": 0.92949, "accuracy_std": 0.06378, "accuracy_max": 0.97436, "precision": 0.9537, "precision_std": 0.06072, "recall": 0.94231, "recall_std": 0.043, "f1": 0.94736, "f1_std": 0.04664, "auc": 0.96672, "auc_std": 0.05429}
{"epoch": 61, "time_epoch": 0.46955, "time_epoch_std": 0.02755, "eta": 25.1295, "eta_std": 0.28714, "eta_hours": 0.00698, "eta_hours_std": 8e-05, "loss": 0.09322, "loss_std": 0.03442, "lr": 0.00033, "lr_std": 0.0, "params": 9207.0, "params_std": 0.0, "time_iter": 0.04695, "time_iter_std": 0.00275, "accuracy": 0.96154, "accuracy_std": 0.02867, "accuracy_max": 1.0, "precision": 0.98038, "precision_std": 0.01962, "recall": 0.96154, "recall_std": 0.0272, "f1": 0.97078, "f1_std": 0.02184, "auc": 0.99482, "auc_std": 0.00528}
{"epoch": 62, "time_epoch": 0.47009, "time_epoch_std": 0.02757, "eta": 24.3559, "eta_std": 0.28376, "eta_hours": 0.00676, "eta_hours_std": 8e-05, "loss": 0.07918, "loss_std": 0.05636, "lr": 0.00032, "lr_std": 0.0, "params": 9207.0, "params_std": 0.0, "time_iter": 0.04701, "time_iter_std": 0.00276, "accuracy": 0.96154, "accuracy_std": 0.04252, "accuracy_max": 1.0, "precision": 0.98958, "precision_std": 0.01804, "recall": 0.95192, "recall_std": 0.04996, "f1": 0.97, "f1_std": 0.03317, "auc": 0.99704, "auc_std": 0.00512}
{"epoch": 63, "time_epoch": 0.47091, "time_epoch_std": 0.02551, "eta": 23.59224, "eta_std": 0.28129, "eta_hours": 0.00656, "eta_hours_std": 8e-05, "loss": 0.06521, "loss_std": 0.04487, "lr": 0.0003, "lr_std": 0.0, "params": 9207.0, "params_std": 0.0, "time_iter": 0.04709, "time_iter_std": 0.00255, "accuracy": 0.98077, "accuracy_std": 0.0111, "accuracy_max": 1.0, "precision": 0.99074, "precision_std": 0.01604, "recall": 0.98077, "recall_std": 0.01923, "f1": 0.98548, "f1_std": 0.00839, "auc": 0.99556, "auc_std": 0.00769}
{"epoch": 64, "time_epoch": 0.46978, "time_epoch_std": 0.02864, "eta": 22.83698, "eta_std": 0.27921, "eta_hours": 0.00635, "eta_hours_std": 7e-05, "loss": 0.07871, "loss_std": 0.01985, "lr": 0.00029, "lr_std": 0.0, "params": 9207.0, "params_std": 0.0, "time_iter": 0.04698, "time_iter_std": 0.00286, "accuracy": 0.98077, "accuracy_std": 0.02126, "accuracy_max": 1.0, "precision": 1.0, "precision_std": 0.0, "recall": 0.97116, "recall_std": 0.03189, "f1": 0.9851, "f1_std": 0.01655, "auc": 0.99926, "auc_std": 0.00128}
{"epoch": 65, "time_epoch": 0.4703, "time_epoch_std": 0.02776, "eta": 22.09065, "eta_std": 0.27665, "eta_hours": 0.00614, "eta_hours_std": 8e-05, "loss": 0.1465, "loss_std": 0.09866, "lr": 0.00027, "lr_std": 0.0, "params": 9207.0, "params_std": 0.0, "time_iter": 0.04703, "time_iter_std": 0.00278, "accuracy": 0.94231, "accuracy_std": 0.04578, "accuracy_max": 1.0, "precision": 0.93804, "precision_std": 0.05063, "recall": 0.98077, "recall_std": 0.01923, "f1": 0.9584, "f1_std": 0.03238, "auc": 0.97707, "auc_std": 0.02487}
{"epoch": 66, "time_epoch": 0.46865, "time_epoch_std": 0.0274, "eta": 21.35173, "eta_std": 0.27412, "eta_hours": 0.00593, "eta_hours_std": 8e-05, "loss": 0.09105, "loss_std": 0.04872, "lr": 0.00026, "lr_std": 0.0, "params": 9207.0, "params_std": 0.0, "time_iter": 0.04686, "time_iter_std": 0.00274, "accuracy": 0.96795, "accuracy_std": 0.02794, "accuracy_max": 1.0, "precision": 0.96488, "precision_std": 0.04225, "recall": 0.99038, "recall_std": 0.01665, "f1": 0.97674, "f1_std": 0.0197, "auc": 0.99704, "auc_std": 0.00363}
{"epoch": 67, "time_epoch": 0.47076, "time_epoch_std": 0.02434, "eta": 20.62177, "eta_std": 0.27039, "eta_hours": 0.00573, "eta_hours_std": 7e-05, "loss": 0.04907, "loss_std": 0.022, "lr": 0.00025, "lr_std": 0.0, "params": 9207.0, "params_std": 0.0, "time_iter": 0.04708, "time_iter_std": 0.00244, "accuracy": 0.98077, "accuracy_std": 0.02126, "accuracy_max": 1.0, "precision": 1.0, "precision_std": 0.0, "recall": 0.97116, "recall_std": 0.03189, "f1": 0.9851, "f1_std": 0.01655, "auc": 1.0, "auc_std": 0.0}
{"epoch": 68, "time_epoch": 0.46996, "time_epoch_std": 0.02845, "eta": 19.89894, "eta_std": 0.26705, "eta_hours": 0.00553, "eta_hours_std": 7e-05, "loss": 0.04608, "loss_std": 0.0223, "lr": 0.00023, "lr_std": 0.0, "params": 9207.0, "params_std": 0.0, "time_iter": 0.04699, "time_iter_std": 0.00285, "accuracy": 0.99359, "accuracy_std": 0.0111, "accuracy_max": 1.0, "precision": 1.0, "precision_std": 0.0, "recall": 0.99038, "recall_std": 0.01665, "f1": 0.9951, "f1_std": 0.00849, "auc": 1.0, "auc_std": 0.0}
{"epoch": 69, "time_epoch": 0.46811, "time_epoch_std": 0.02692, "eta": 19.18256, "eta_std": 0.26355, "eta_hours": 0.00533, "eta_hours_std": 7e-05, "loss": 0.06132, "loss_std": 0.0405, "lr": 0.00022, "lr_std": 0.0, "params": 9207.0, "params_std": 0.0, "time_iter": 0.04681, "time_iter_std": 0.00269, "accuracy": 0.99359, "accuracy_std": 0.0111, "accuracy_max": 1.0, "precision": 0.99074, "precision_std": 0.01604, "recall": 1.0, "recall_std": 0.0, "f1": 0.99528, "f1_std": 0.00817, "auc": 0.99778, "auc_std": 0.00385}
{"epoch": 70, "time_epoch": 0.4686, "time_epoch_std": 0.02612, "eta": 18.47338, "eta_std": 0.25931, "eta_hours": 0.00513, "eta_hours_std": 7e-05, "loss": 0.07429, "loss_std": 0.01505, "lr": 0.00021, "lr_std": 0.0, "params": 9207.0, "params_std": 0.0, "time_iter": 0.04686, "time_iter_std": 0.00261, "accuracy": 0.97436, "accuracy_std": 0.01813, "accuracy_max": 1.0, "precision": 0.99038, "precision_std": 0.01665, "recall": 0.97116, "recall_std": 0.01665, "f1": 0.98058, "f1_std": 0.0136, "auc": 0.99926, "auc_std": 0.00128}
{"epoch": 71, "time_epoch": 0.47001, "time_epoch_std": 0.02704, "eta": 17.77142, "eta_std": 0.25541, "eta_hours": 0.00494, "eta_hours_std": 7e-05, "loss": 0.13635, "loss_std": 0.04847, "lr": 0.00019, "lr_std": 0.0, "params": 9207.0, "params_std": 0.0, "time_iter": 0.047, "time_iter_std": 0.0027, "accuracy": 0.9359, "accuracy_std": 0.02867, "accuracy_max": 0.97436, "precision": 0.9444, "precision_std": 0.03216, "recall": 0.96154, "recall_std": 0.0272, "f1": 0.95246, "f1_std": 0.02142, "auc": 0.98817, "auc_std": 0.00725}
{"epoch": 72, "time_epoch": 0.46985, "time_epoch_std": 0.02644, "eta": 17.07576, "eta_std": 0.25126, "eta_hours": 0.00474, "eta_hours_std": 7e-05, "loss": 0.04549, "loss_std": 0.02554, "lr": 0.00018, "lr_std": 0.0, "params": 9207.0, "params_std": 0.0, "time_iter": 0.04698, "time_iter_std": 0.00264, "accuracy": 0.98077, "accuracy_std": 0.0111, "accuracy_max": 1.0, "precision": 0.99074, "precision_std": 0.01604, "recall": 0.98077, "recall_std": 0.01923, "f1": 0.98548, "f1_std": 0.00839, "auc": 1.0, "auc_std": 0.0}
{"epoch": 73, "time_epoch": 0.47105, "time_epoch_std": 0.02929, "eta": 16.38662, "eta_std": 0.24765, "eta_hours": 0.00455, "eta_hours_std": 7e-05, "loss": 0.05684, "loss_std": 0.02122, "lr": 0.00017, "lr_std": 0.0, "params": 9207.0, "params_std": 0.0, "time_iter": 0.0471, "time_iter_std": 0.00293, "accuracy": 1.0, "accuracy_std": 0.0, "accuracy_max": 1.0, "precision": 1.0, "precision_std": 0.0, "recall": 1.0, "recall_std": 0.0, "f1": 1.0, "f1_std": 0.0, "auc": 1.0, "auc_std": 0.0}
{"epoch": 74, "time_epoch": 0.4702, "time_epoch_std": 0.02762, "eta": 15.70301, "eta_std": 0.24275, "eta_hours": 0.00436, "eta_hours_std": 7e-05, "loss": 0.05828, "loss_std": 0.01314, "lr": 0.00016, "lr_std": 0.0, "params": 9207.0, "params_std": 0.0, "time_iter": 0.04702, "time_iter_std": 0.00276, "accuracy": 0.98718, "accuracy_std": 0.01282, "accuracy_max": 1.0, "precision": 1.0, "precision_std": 0.0, "recall": 0.98077, "recall_std": 0.01923, "f1": 0.9902, "f1_std": 0.00981, "auc": 1.0, "auc_std": 0.0}
{"epoch": 75, "time_epoch": 0.47056, "time_epoch_std": 0.02665, "eta": 15.02513, "eta_std": 0.23721, "eta_hours": 0.00417, "eta_hours_std": 7e-05, "loss": 0.11462, "loss_std": 0.06747, "lr": 0.00015, "lr_std": 0.0, "params": 9207.0, "params_std": 0.0, "time_iter": 0.04706, "time_iter_std": 0.00266, "accuracy": 0.96154, "accuracy_std": 0.0222, "accuracy_max": 1.0, "precision": 0.94643, "precision_std": 0.03093, "recall": 1.0, "recall_std": 0.0, "f1": 0.97222, "f1_std": 0.01604, "auc": 0.98668, "auc_std": 0.01806}
{"epoch": 76, "time_epoch": 0.46914, "time_epoch_std": 0.02668, "eta": 14.35222, "eta_std": 0.23093, "eta_hours": 0.00398, "eta_hours_std": 6e-05, "loss": 0.07893, "loss_std": 0.04317, "lr": 0.00014, "lr_std": 0.0, "params": 9207.0, "params_std": 0.0, "time_iter": 0.04692, "time_iter_std": 0.00267, "accuracy": 0.98077, "accuracy_std": 0.02126, "accuracy_max": 1.0, "precision": 0.97288, "precision_std": 0.02972, "recall": 1.0, "recall_std": 0.0, "f1": 0.98602, "f1_std": 0.01538, "auc": 0.99408, "auc_std": 0.00863}
{"epoch": 77, "time_epoch": 0.47008, "time_epoch_std": 0.0313, "eta": 13.6848, "eta_std": 0.2257, "eta_hours": 0.0038, "eta_hours_std": 7e-05, "loss": 0.09296, "loss_std": 0.05949, "lr": 0.00012, "lr_std": 0.0, "params": 9207.0, "params_std": 0.0, "time_iter": 0.04701, "time_iter_std": 0.00313, "accuracy": 0.97436, "accuracy_std": 0.02564, "accuracy_max": 1.0, "precision": 0.98214, "precision_std": 0.03093, "recall": 0.98077, "recall_std": 0.03331, "f1": 0.98074, "f1_std": 0.01929, "auc": 0.9889, "auc_std": 0.01922}
{"epoch": 78, "time_epoch": 0.47194, "time_epoch_std": 0.03007, "eta": 13.02286, "eta_std": 0.21988, "eta_hours": 0.00362, "eta_hours_std": 6e-05, "loss": 0.06888, "loss_std": 0.02822, "lr": 0.00011, "lr_std": 0.0, "params": 9207.0, "params_std": 0.0, "time_iter": 0.04719, "time_iter_std": 0.00301, "accuracy": 0.97436, "accuracy_std": 0.02564, "accuracy_max": 1.0, "precision": 0.99038, "precision_std": 0.01665, "recall": 0.97116, "recall_std": 0.03189, "f1": 0.98038, "f1_std": 0.01962, "auc": 0.99926, "auc_std": 0.00128}
{"epoch": 79, "time_epoch": 0.48572, "time_epoch_std": 0.05611, "eta": 12.36912, "eta_std": 0.21999, "eta_hours": 0.00344, "eta_hours_std": 6e-05, "loss": 0.07102, "loss_std": 0.06974, "lr": 0.0001, "lr_std": 0.0, "params": 9207.0, "params_std": 0.0, "time_iter": 0.04857, "time_iter_std": 0.00561, "accuracy": 0.98077, "accuracy_std": 0.02126, "accuracy_max": 1.0, "precision": 1.0, "precision_std": 0.0, "recall": 0.97116, "recall_std": 0.03189, "f1": 0.9851, "f1_std": 0.01655, "auc": 0.99408, "auc_std": 0.01025}
{"epoch": 80, "time_epoch": 0.48655, "time_epoch_std": 0.05506, "eta": 11.71972, "eta_std": 0.21862, "eta_hours": 0.00326, "eta_hours_std": 6e-05, "loss": 0.07487, "loss_std": 0.03086, "lr": 0.0001, "lr_std": 0.0, "params": 9207.0, "params_std": 0.0, "time_iter": 0.04866, "time_iter_std": 0.00551, "accuracy": 0.97436, "accuracy_std": 0.01813, "accuracy_max": 1.0, "precision": 0.96362, "precision_std": 0.02526, "recall": 1.0, "recall_std": 0.0, "f1": 0.9813, "f1_std": 0.0131, "auc": 0.99704, "auc_std": 0.00296}
{"epoch": 81, "time_epoch": 0.47688, "time_epoch_std": 0.03482, "eta": 11.07218, "eta_std": 0.21184, "eta_hours": 0.00308, "eta_hours_std": 6e-05, "loss": 0.04348, "loss_std": 0.01298, "lr": 9e-05, "lr_std": 0.0, "params": 9207.0, "params_std": 0.0, "time_iter": 0.04769, "time_iter_std": 0.00348, "accuracy": 0.99359, "accuracy_std": 0.0111, "accuracy_max": 1.0, "precision": 0.99074, "precision_std": 0.01604, "recall": 1.0, "recall_std": 0.0, "f1": 0.99528, "f1_std": 0.00817, "auc": 1.0, "auc_std": 0.0}
{"epoch": 82, "time_epoch": 0.56992, "time_epoch_std": 0.20292, "eta": 10.4478, "eta_std": 0.2383, "eta_hours": 0.0029, "eta_hours_std": 7e-05, "loss": 0.10524, "loss_std": 0.10296, "lr": 8e-05, "lr_std": 0.0, "params": 9207.0, "params_std": 0.0, "time_iter": 0.05699, "time_iter_std": 0.02029, "accuracy": 0.97436, "accuracy_std": 0.0314, "accuracy_max": 1.0, "precision": 0.97222, "precision_std": 0.03071, "recall": 0.99038, "recall_std": 0.01665, "f1": 0.98113, "f1_std": 0.02311, "auc": 0.98595, "auc_std": 0.02434}
{"epoch": 83, "time_epoch": 0.43215, "time_epoch_std": 0.03848, "eta": 9.79847, "eta_std": 0.21438, "eta_hours": 0.00272, "eta_hours_std": 6e-05, "loss": 0.07214, "loss_std": 0.01023, "lr": 7e-05, "lr_std": 0.0, "params": 9207.0, "params_std": 0.0, "time_iter": 0.04322, "time_iter_std": 0.00385, "accuracy": 0.98077, "accuracy_std": 0.02126, "accuracy_max": 1.0, "precision": 0.98214, "precision_std": 0.03093, "recall": 0.99038, "recall_std": 0.01665, "f1": 0.98584, "f1_std": 0.01545, "auc": 1.0, "auc_std": 0.0}
{"epoch": 84, "time_epoch": 0.43348, "time_epoch_std": 0.03612, "eta": 9.15449, "eta_std": 0.19231, "eta_hours": 0.00254, "eta_hours_std": 5e-05, "loss": 0.06063, "loss_std": 0.03935, "lr": 6e-05, "lr_std": 0.0, "params": 9207.0, "params_std": 0.0, "time_iter": 0.04335, "time_iter_std": 0.00361, "accuracy": 0.98718, "accuracy_std": 0.01282, "accuracy_max": 1.0, "precision": 1.0, "precision_std": 0.0, "recall": 0.98077, "recall_std": 0.01923, "f1": 0.9902, "f1_std": 0.00981, "auc": 0.99926, "auc_std": 0.00128}
{"epoch": 85, "time_epoch": 0.44254, "time_epoch_std": 0.02378, "eta": 8.51688, "eta_std": 0.1736, "eta_hours": 0.00236, "eta_hours_std": 5e-05, "loss": 0.11399, "loss_std": 0.08361, "lr": 5e-05, "lr_std": 0.0, "params": 9207.0, "params_std": 0.0, "time_iter": 0.04426, "time_iter_std": 0.00238, "accuracy": 0.96795, "accuracy_std": 0.04203, "accuracy_max": 1.0, "precision": 0.96396, "precision_std": 0.04374, "recall": 0.99038, "recall_std": 0.01665, "f1": 0.97676, "f1_std": 0.03034, "auc": 0.98743, "auc_std": 0.01455}
{"epoch": 86, "time_epoch": 0.44188, "time_epoch_std": 0.02398, "eta": 7.88366, "eta_std": 0.1558, "eta_hours": 0.00219, "eta_hours_std": 4e-05, "loss": 0.05257, "loss_std": 0.00329, "lr": 5e-05, "lr_std": 0.0, "params": 9207.0, "params_std": 0.0, "time_iter": 0.04418, "time_iter_std": 0.0024, "accuracy": 0.99359, "accuracy_std": 0.0111, "accuracy_max": 1.0, "precision": 1.0, "precision_std": 0.0, "recall": 0.99038, "recall_std": 0.01665, "f1": 0.9951, "f1_std": 0.00849, "auc": 1.0, "auc_std": 0.0}
{"epoch": 87, "time_epoch": 0.44224, "time_epoch_std": 0.02323, "eta": 7.25484, "eta_std": 0.13905, "eta_hours": 0.00202, "eta_hours_std": 4e-05, "loss": 0.09177, "loss_std": 0.06574, "lr": 4e-05, "lr_std": 0.0, "params": 9207.0, "params_std": 0.0, "time_iter": 0.04422, "time_iter_std": 0.00232, "accuracy": 0.98077, "accuracy_std": 0.02126, "accuracy_max": 1.0, "precision": 0.98214, "precision_std": 0.03093, "recall": 0.99038, "recall_std": 0.01665, "f1": 0.98584, "f1_std": 0.01545, "auc": 0.99334, "auc_std": 0.01153}
{"epoch": 88, "time_epoch": 0.45238, "time_epoch_std": 0.00921, "eta": 6.63146, "eta_std": 0.12518, "eta_hours": 0.00184, "eta_hours_std": 3e-05, "loss": 0.01477, "loss_std": 0.01057, "lr": 4e-05, "lr_std": 0.0, "params": 9207.0, "params_std": 0.0, "time_iter": 0.04524, "time_iter_std": 0.00092, "accuracy": 1.0, "accuracy_std": 0.0, "accuracy_max": 1.0, "precision": 1.0, "precision_std": 0.0, "recall": 1.0, "recall_std": 0.0, "f1": 1.0, "f1_std": 0.0, "auc": 1.0, "auc_std": 0.0}
{"epoch": 89, "time_epoch": 0.45315, "time_epoch_std": 0.01054, "eta": 6.01196, "eta_std": 0.11191, "eta_hours": 0.00167, "eta_hours_std": 3e-05, "loss": 0.03038, "loss_std": 0.00674, "lr": 3e-05, "lr_std": 0.0, "params": 9207.0, "params_std": 0.0, "time_iter": 0.04531, "time_iter_std": 0.00105, "accuracy": 0.99359, "accuracy_std": 0.0111, "accuracy_max": 1.0, "precision": 1.0, "precision_std": 0.0, "recall": 0.99038, "recall_std": 0.01665, "f1": 0.9951, "f1_std": 0.00849, "auc": 1.0, "auc_std": 0.0}
{"epoch": 90, "time_epoch": 0.45261, "time_epoch_std": 0.00754, "eta": 5.39607, "eta_std": 0.09931, "eta_hours": 0.0015, "eta_hours_std": 3e-05, "loss": 0.0315, "loss_std": 0.01099, "lr": 2e-05, "lr_std": 0.0, "params": 9207.0, "params_std": 0.0, "time_iter": 0.04526, "time_iter_std": 0.00075, "accuracy": 1.0, "accuracy_std": 0.0, "accuracy_max": 1.0, "precision": 1.0, "precision_std": 0.0, "recall": 1.0, "recall_std": 0.0, "f1": 1.0, "f1_std": 0.0, "auc": 1.0, "auc_std": 0.0}
{"epoch": 91, "time_epoch": 0.45292, "time_epoch_std": 0.00738, "eta": 4.78375, "eta_std": 0.08692, "eta_hours": 0.00133, "eta_hours_std": 2e-05, "loss": 0.05336, "loss_std": 0.02415, "lr": 2e-05, "lr_std": 0.0, "params": 9207.0, "params_std": 0.0, "time_iter": 0.04529, "time_iter_std": 0.00074, "accuracy": 0.98718, "accuracy_std": 0.01282, "accuracy_max": 1.0, "precision": 0.99074, "precision_std": 0.01604, "recall": 0.99038, "recall_std": 0.01665, "f1": 0.99038, "f1_std": 0.00962, "auc": 0.99852, "auc_std": 0.00256}
{"epoch": 92, "time_epoch": 0.4515, "time_epoch_std": 0.00587, "eta": 4.17476, "eta_std": 0.07512, "eta_hours": 0.00116, "eta_hours_std": 2e-05, "loss": 0.03486, "loss_std": 0.00485, "lr": 2e-05, "lr_std": 0.0, "params": 9207.0, "params_std": 0.0, "time_iter": 0.04515, "time_iter_std": 0.00059, "accuracy": 0.98718, "accuracy_std": 0.01282, "accuracy_max": 1.0, "precision": 0.99074, "precision_std": 0.01604, "recall": 0.99038, "recall_std": 0.01665, "f1": 0.99038, "f1_std": 0.00962, "auc": 1.0, "auc_std": 0.0}
{"epoch": 93, "time_epoch": 0.4529, "time_epoch_std": 0.00792, "eta": 3.56921, "eta_std": 0.06344, "eta_hours": 0.00099, "eta_hours_std": 2e-05, "loss": 0.05782, "loss_std": 0.01842, "lr": 1e-05, "lr_std": 0.0, "params": 9207.0, "params_std": 0.0, "time_iter": 0.04529, "time_iter_std": 0.00079, "accuracy": 0.98718, "accuracy_std": 0.01282, "accuracy_max": 1.0, "precision": 0.99074, "precision_std": 0.01604, "recall": 0.99038, "recall_std": 0.01665, "f1": 0.99038, "f1_std": 0.00962, "auc": 1.0, "auc_std": 0.0}
{"epoch": 94, "time_epoch": 0.45044, "time_epoch_std": 0.00828, "eta": 2.96674, "eta_std": 0.05216, "eta_hours": 0.00082, "eta_hours_std": 1e-05, "loss": 0.10889, "loss_std": 0.08123, "lr": 1e-05, "lr_std": 0.0, "params": 9207.0, "params_std": 0.0, "time_iter": 0.04504, "time_iter_std": 0.00083, "accuracy": 0.96795, "accuracy_std": 0.04203, "accuracy_max": 1.0, "precision": 0.95741, "precision_std": 0.05453, "recall": 1.0, "recall_std": 0.0, "f1": 0.97742, "f1_std": 0.02924, "auc": 0.98742, "auc_std": 0.01852}
{"epoch": 95, "time_epoch": 0.45208, "time_epoch_std": 0.00558, "eta": 2.3675, "eta_std": 0.04118, "eta_hours": 0.00066, "eta_hours_std": 1e-05, "loss": 0.08837, "loss_std": 0.07667, "lr": 1e-05, "lr_std": 0.0, "params": 9207.0, "params_std": 0.0, "time_iter": 0.0452, "time_iter_std": 0.00056, "accuracy": 0.98077, "accuracy_std": 0.02126, "accuracy_max": 1.0, "precision": 0.97288, "precision_std": 0.02972, "recall": 1.0, "recall_std": 0.0, "f1": 0.98602, "f1_std": 0.01538, "auc": 0.98964, "auc_std": 0.01627}
{"epoch": 96, "time_epoch": 0.45288, "time_epoch_std": 0.00694, "eta": 1.77133, "eta_std": 0.03045, "eta_hours": 0.0005, "eta_hours_std": 1e-05, "loss": 0.09573, "loss_std": 0.05652, "lr": 0.0, "lr_std": 0.0, "params": 9207.0, "params_std": 0.0, "time_iter": 0.04529, "time_iter_std": 0.00069, "accuracy": 0.95513, "accuracy_std": 0.03792, "accuracy_max": 1.0, "precision": 0.95434, "precision_std": 0.0387, "recall": 0.98077, "recall_std": 0.01923, "f1": 0.96715, "f1_std": 0.02741, "auc": 0.99408, "auc_std": 0.00725}
{"epoch": 97, "time_epoch": 0.45585, "time_epoch_std": 0.0086, "eta": 1.17814, "eta_std": 0.01999, "eta_hours": 0.00033, "eta_hours_std": 1e-05, "loss": 0.12879, "loss_std": 0.10756, "lr": 0.0, "lr_std": 0.0, "params": 9207.0, "params_std": 0.0, "time_iter": 0.04558, "time_iter_std": 0.00086, "accuracy": 0.96795, "accuracy_std": 0.03331, "accuracy_max": 1.0, "precision": 0.96452, "precision_std": 0.04227, "recall": 0.99038, "recall_std": 0.01665, "f1": 0.97675, "f1_std": 0.02394, "auc": 0.97633, "auc_std": 0.03024}
{"epoch": 98, "time_epoch": 0.45377, "time_epoch_std": 0.00976, "eta": 0.5877, "eta_std": 0.00986, "eta_hours": 0.00016, "eta_hours_std": 0.0, "loss": 0.0634, "loss_std": 0.0206, "lr": 0.0, "lr_std": 0.0, "params": 9207.0, "params_std": 0.0, "time_iter": 0.04537, "time_iter_std": 0.00098, "accuracy": 0.98077, "accuracy_std": 0.02126, "accuracy_max": 1.0, "precision": 0.98112, "precision_std": 0.01888, "recall": 0.99038, "recall_std": 0.01665, "f1": 0.98567, "f1_std": 0.01592, "auc": 0.99852, "auc_std": 0.00148}
{"epoch": 99, "time_epoch": 0.45424, "time_epoch_std": 0.00747, "eta": 0.0, "eta_std": 0.0, "eta_hours": 0.0, "eta_hours_std": 0.0, "loss": 0.0287, "loss_std": 0.01199, "lr": 0.0, "lr_std": 0.0, "params": 9207.0, "params_std": 0.0, "time_iter": 0.04542, "time_iter_std": 0.00075, "accuracy": 1.0, "accuracy_std": 0.0, "accuracy_max": 1.0, "precision": 1.0, "precision_std": 0.0, "recall": 1.0, "recall_std": 0.0, "f1": 1.0, "f1_std": 0.0, "auc": 1.0, "auc_std": 0.0}
