{"epoch": 0, "time_epoch": 0.04989, "eta": 4.93916, "eta_hours": 0.00137, "loss": 0.70980969, "lr": 0.001, "params": 6465, "time_iter": 0.01663, "accuracy": 0.33333, "precision": 0.0, "recall": 0.0, "f1": 0.0, "auc": 0.45562}
{"epoch": 1, "time_epoch": 0.03417, "eta": 4.11883, "eta_hours": 0.00114, "loss": 0.69786916, "lr": 0.00099975, "params": 6465, "time_iter": 0.01139, "accuracy": 0.38462, "precision": 0.55, "recall": 0.42308, "f1": 0.47826, "auc": 0.2574}
{"epoch": 2, "time_epoch": 0.03341, "eta": 3.79797, "eta_hours": 0.00105, "loss": 0.68429563, "lr": 0.00099901, "params": 6465, "time_iter": 0.01114, "accuracy": 0.66667, "precision": 0.66667, "recall": 1.0, "f1": 0.8, "auc": 0.48817}
{"epoch": 3, "time_epoch": 0.03317, "eta": 3.61524, "eta_hours": 0.001, "loss": 0.678136, "lr": 0.00099778, "params": 6465, "time_iter": 0.01106, "accuracy": 0.66667, "precision": 0.66667, "recall": 1.0, "f1": 0.8, "auc": 0.39645}
{"epoch": 4, "time_epoch": 0.03347, "eta": 3.49796, "eta_hours": 0.00097, "loss": 0.67211934, "lr": 0.00099606, "params": 6465, "time_iter": 0.01116, "accuracy": 0.66667, "precision": 0.66667, "recall": 1.0, "f1": 0.8, "auc": 0.30473}
{"epoch": 5, "time_epoch": 0.03517, "eta": 3.43529, "eta_hours": 0.00095, "loss": 0.66611317, "lr": 0.00099384, "params": 6465, "time_iter": 0.01172, "accuracy": 0.66667, "precision": 0.66667, "recall": 1.0, "f1": 0.8, "auc": 0.46154}
{"epoch": 6, "time_epoch": 0.03341, "eta": 3.3571, "eta_hours": 0.00093, "loss": 0.66183269, "lr": 0.00099114, "params": 6465, "time_iter": 0.01114, "accuracy": 0.66667, "precision": 0.66667, "recall": 1.0, "f1": 0.8, "auc": 0.49408}
{"epoch": 7, "time_epoch": 0.0437, "eta": 3.40843, "eta_hours": 0.00095, "loss": 0.6594479, "lr": 0.00098796, "params": 6465, "time_iter": 0.01457, "accuracy": 0.66667, "precision": 0.66667, "recall": 1.0, "f1": 0.8, "auc": 0.33728}
{"epoch": 8, "time_epoch": 0.04705, "eta": 3.47251, "eta_hours": 0.00096, "loss": 0.65489615, "lr": 0.00098429, "params": 6465, "time_iter": 0.01568, "accuracy": 0.66667, "precision": 0.66667, "recall": 1.0, "f1": 0.8, "auc": 0.5858}
{"epoch": 9, "time_epoch": 0.04589, "eta": 3.50388, "eta_hours": 0.00097, "loss": 0.65346392, "lr": 0.00098015, "params": 6465, "time_iter": 0.0153, "accuracy": 0.66667, "precision": 0.66667, "recall": 1.0, "f1": 0.8, "auc": 0.39941}
{"epoch": 10, "time_epoch": 0.05338, "eta": 3.58181, "eta_hours": 0.00099, "loss": 0.65093842, "lr": 0.00097553, "params": 6465, "time_iter": 0.01779, "accuracy": 0.66667, "precision": 0.66667, "recall": 1.0, "f1": 0.8, "auc": 0.45562}
{"epoch": 11, "time_epoch": 0.04401, "eta": 3.56917, "eta_hours": 0.00099, "loss": 0.6492147, "lr": 0.00097044, "params": 6465, "time_iter": 0.01467, "accuracy": 0.66667, "precision": 0.66667, "recall": 1.0, "f1": 0.8, "auc": 0.55917}
{"epoch": 12, "time_epoch": 0.04591, "eta": 3.56443, "eta_hours": 0.00099, "loss": 0.64766518, "lr": 0.00096489, "params": 6465, "time_iter": 0.0153, "accuracy": 0.66667, "precision": 0.66667, "recall": 1.0, "f1": 0.8, "auc": 0.61538}
{"epoch": 13, "time_epoch": 0.03435, "eta": 3.48279, "eta_hours": 0.00097, "loss": 0.64665866, "lr": 0.00095888, "params": 6465, "time_iter": 0.01145, "accuracy": 0.66667, "precision": 0.66667, "recall": 1.0, "f1": 0.8, "auc": 0.54142}
{"epoch": 14, "time_epoch": 0.03475, "eta": 3.40971, "eta_hours": 0.00095, "loss": 0.64569731, "lr": 0.00095241, "params": 6465, "time_iter": 0.01158, "accuracy": 0.66667, "precision": 0.66667, "recall": 1.0, "f1": 0.8, "auc": 0.4926}
{"epoch": 15, "time_epoch": 0.03451, "eta": 3.34018, "eta_hours": 0.00093, "loss": 0.64528126, "lr": 0.0009455, "params": 6465, "time_iter": 0.0115, "accuracy": 0.66667, "precision": 0.66667, "recall": 1.0, "f1": 0.8, "auc": 0.30769}
{"epoch": 16, "time_epoch": 0.03369, "eta": 3.27076, "eta_hours": 0.00091, "loss": 0.64399257, "lr": 0.00093815, "params": 6465, "time_iter": 0.01123, "accuracy": 0.66667, "precision": 0.66667, "recall": 1.0, "f1": 0.8, "auc": 0.47929}
{"epoch": 17, "time_epoch": 0.03433, "eta": 3.20822, "eta_hours": 0.00089, "loss": 0.64329407, "lr": 0.00093037, "params": 6465, "time_iter": 0.01144, "accuracy": 0.66667, "precision": 0.66667, "recall": 1.0, "f1": 0.8, "auc": 0.49704}
{"epoch": 18, "time_epoch": 0.03377, "eta": 3.14628, "eta_hours": 0.00087, "loss": 0.643436, "lr": 0.00092216, "params": 6465, "time_iter": 0.01126, "accuracy": 0.66667, "precision": 0.66667, "recall": 1.0, "f1": 0.8, "auc": 0.23964}
{"epoch": 19, "time_epoch": 0.05632, "eta": 3.17733, "eta_hours": 0.00088, "loss": 0.64255883, "lr": 0.00091354, "params": 6465, "time_iter": 0.01877, "accuracy": 0.66667, "precision": 0.66667, "recall": 1.0, "f1": 0.8, "auc": 0.32249}
{"epoch": 20, "time_epoch": 0.04668, "eta": 3.16383, "eta_hours": 0.00088, "loss": 0.64218498, "lr": 0.00090451, "params": 6465, "time_iter": 0.01556, "accuracy": 0.66667, "precision": 0.66667, "recall": 1.0, "f1": 0.8, "auc": 0.38166}
{"epoch": 21, "time_epoch": 0.04056, "eta": 3.12561, "eta_hours": 0.00087, "loss": 0.6419368, "lr": 0.00089508, "params": 6465, "time_iter": 0.01352, "accuracy": 0.66667, "precision": 0.66667, "recall": 1.0, "f1": 0.8, "auc": 0.5355}
{"epoch": 22, "time_epoch": 0.03763, "eta": 3.07736, "eta_hours": 0.00085, "loss": 0.64151877, "lr": 0.00088526, "params": 6465, "time_iter": 0.01254, "accuracy": 0.66667, "precision": 0.66667, "recall": 1.0, "f1": 0.8, "auc": 0.58876}
{"epoch": 23, "time_epoch": 0.03812, "eta": 3.03154, "eta_hours": 0.00084, "loss": 0.64131643, "lr": 0.00087506, "params": 6465, "time_iter": 0.01271, "accuracy": 0.66667, "precision": 0.66667, "recall": 1.0, "f1": 0.8, "auc": 0.42012}
{"epoch": 24, "time_epoch": 0.03565, "eta": 2.97893, "eta_hours": 0.00083, "loss": 0.64083903, "lr": 0.00086448, "params": 6465, "time_iter": 0.01188, "accuracy": 0.66667, "precision": 0.66667, "recall": 1.0, "f1": 0.8, "auc": 0.7426}
{"epoch": 25, "time_epoch": 0.03691, "eta": 2.93123, "eta_hours": 0.00081, "loss": 0.64093572, "lr": 0.00085355, "params": 6465, "time_iter": 0.0123, "accuracy": 0.66667, "precision": 0.66667, "recall": 1.0, "f1": 0.8, "auc": 0.38166}
{"epoch": 26, "time_epoch": 0.03676, "eta": 2.88391, "eta_hours": 0.0008, "loss": 0.64037746, "lr": 0.00084227, "params": 6465, "time_iter": 0.01225, "accuracy": 0.66667, "precision": 0.66667, "recall": 1.0, "f1": 0.8, "auc": 0.61538}
{"epoch": 27, "time_epoch": 0.03736, "eta": 2.8389, "eta_hours": 0.00079, "loss": 0.64023951, "lr": 0.00083066, "params": 6465, "time_iter": 0.01245, "accuracy": 0.66667, "precision": 0.66667, "recall": 1.0, "f1": 0.8, "auc": 0.52071}
{"epoch": 28, "time_epoch": 0.03756, "eta": 2.7949, "eta_hours": 0.00078, "loss": 0.6399528, "lr": 0.00081871, "params": 6465, "time_iter": 0.01252, "accuracy": 0.66667, "precision": 0.66667, "recall": 1.0, "f1": 0.8, "auc": 0.57692}
{"epoch": 29, "time_epoch": 0.05024, "eta": 2.78092, "eta_hours": 0.00077, "loss": 0.63975134, "lr": 0.00080645, "params": 6465, "time_iter": 0.01675, "accuracy": 0.66667, "precision": 0.66667, "recall": 1.0, "f1": 0.8, "auc": 0.60059}
{"epoch": 30, "time_epoch": 0.0327, "eta": 2.72555, "eta_hours": 0.00076, "loss": 0.63958013, "lr": 0.00079389, "params": 6465, "time_iter": 0.0109, "accuracy": 0.66667, "precision": 0.66667, "recall": 1.0, "f1": 0.8, "auc": 0.59172}
{"epoch": 31, "time_epoch": 0.04467, "eta": 2.69704, "eta_hours": 0.00075, "loss": 0.63951104, "lr": 0.00078104, "params": 6465, "time_iter": 0.01489, "accuracy": 0.66667, "precision": 0.66667, "recall": 1.0, "f1": 0.8, "auc": 0.47929}
{"epoch": 32, "time_epoch": 0.04098, "eta": 2.66005, "eta_hours": 0.00074, "loss": 0.63929853, "lr": 0.00076791, "params": 6465, "time_iter": 0.01366, "accuracy": 0.66667, "precision": 0.66667, "recall": 1.0, "f1": 0.8, "auc": 0.55621}
{"epoch": 33, "time_epoch": 0.04568, "eta": 2.63195, "eta_hours": 0.00073, "loss": 0.6392848, "lr": 0.00075452, "params": 6465, "time_iter": 0.01523, "accuracy": 0.66667, "precision": 0.66667, "recall": 1.0, "f1": 0.8, "auc": 0.45858}
{"epoch": 34, "time_epoch": 0.05016, "eta": 2.61117, "eta_hours": 0.00073, "loss": 0.63919601, "lr": 0.00074088, "params": 6465, "time_iter": 0.01672, "accuracy": 0.66667, "precision": 0.66667, "recall": 1.0, "f1": 0.8, "auc": 0.29586}
{"epoch": 35, "time_epoch": 0.03687, "eta": 2.56513, "eta_hours": 0.00071, "loss": 0.63905141, "lr": 0.000727, "params": 6465, "time_iter": 0.01229, "accuracy": 0.66667, "precision": 0.66667, "recall": 1.0, "f1": 0.8, "auc": 0.52367}
{"epoch": 36, "time_epoch": 0.04883, "eta": 2.53994, "eta_hours": 0.00071, "loss": 0.63895056, "lr": 0.00071289, "params": 6465, "time_iter": 0.01628, "accuracy": 0.66667, "precision": 0.66667, "recall": 1.0, "f1": 0.8, "auc": 0.65385}
{"epoch": 37, "time_epoch": 0.04024, "eta": 2.4995, "eta_hours": 0.00069, "loss": 0.63891464, "lr": 0.00069857, "params": 6465, "time_iter": 0.01341, "accuracy": 0.66667, "precision": 0.66667, "recall": 1.0, "f1": 0.8, "auc": 0.52071}
{"epoch": 38, "time_epoch": 0.04294, "eta": 2.4633, "eta_hours": 0.00068, "loss": 0.63891029, "lr": 0.00068406, "params": 6465, "time_iter": 0.01431, "accuracy": 0.66667, "precision": 0.66667, "recall": 1.0, "f1": 0.8, "auc": 0.36095}
{"epoch": 39, "time_epoch": 0.04684, "eta": 2.4326, "eta_hours": 0.00068, "loss": 0.63882857, "lr": 0.00066937, "params": 6465, "time_iter": 0.01561, "accuracy": 0.66667, "precision": 0.66667, "recall": 1.0, "f1": 0.8, "auc": 0.36982}
{"epoch": 40, "time_epoch": 0.03357, "eta": 2.38202, "eta_hours": 0.00066, "loss": 0.63869259, "lr": 0.00065451, "params": 6465, "time_iter": 0.01119, "accuracy": 0.66667, "precision": 0.66667, "recall": 1.0, "f1": 0.8, "auc": 0.49408}
{"epoch": 41, "time_epoch": 0.0331, "eta": 2.33161, "eta_hours": 0.00065, "loss": 0.63866521, "lr": 0.0006395, "params": 6465, "time_iter": 0.01103, "accuracy": 0.66667, "precision": 0.66667, "recall": 1.0, "f1": 0.8, "auc": 0.44675}
{"epoch": 42, "time_epoch": 0.03319, "eta": 2.28211, "eta_hours": 0.00063, "loss": 0.63860198, "lr": 0.00062434, "params": 6465, "time_iter": 0.01106, "accuracy": 0.66667, "precision": 0.66667, "recall": 1.0, "f1": 0.8, "auc": 0.57101}
{"epoch": 43, "time_epoch": 0.03489, "eta": 2.23553, "eta_hours": 0.00062, "loss": 0.63857902, "lr": 0.00060907, "params": 6465, "time_iter": 0.01163, "accuracy": 0.66667, "precision": 0.66667, "recall": 1.0, "f1": 0.8, "auc": 0.52367}
{"epoch": 44, "time_epoch": 0.0409, "eta": 2.1968, "eta_hours": 0.00061, "loss": 0.63856705, "lr": 0.00059369, "params": 6465, "time_iter": 0.01363, "accuracy": 0.66667, "precision": 0.66667, "recall": 1.0, "f1": 0.8, "auc": 0.39941}
{"epoch": 45, "time_epoch": 0.04538, "eta": 2.16324, "eta_hours": 0.0006, "loss": 0.63853081, "lr": 0.00057822, "params": 6465, "time_iter": 0.01513, "accuracy": 0.66667, "precision": 0.66667, "recall": 1.0, "f1": 0.8, "auc": 0.40237}
{"epoch": 46, "time_epoch": 0.03711, "eta": 2.11986, "eta_hours": 0.00059, "loss": 0.63846588, "lr": 0.00056267, "params": 6465, "time_iter": 0.01237, "accuracy": 0.66667, "precision": 0.66667, "recall": 1.0, "f1": 0.8, "auc": 0.5}
{"epoch": 47, "time_epoch": 0.03578, "eta": 2.0753, "eta_hours": 0.00058, "loss": 0.63845564, "lr": 0.00054705, "params": 6465, "time_iter": 0.01193, "accuracy": 0.66667, "precision": 0.66667, "recall": 1.0, "f1": 0.8, "auc": 0.4645}
{"epoch": 48, "time_epoch": 0.03608, "eta": 2.03141, "eta_hours": 0.00056, "loss": 0.63842042, "lr": 0.0005314, "params": 6465, "time_iter": 0.01203, "accuracy": 0.66667, "precision": 0.66667, "recall": 1.0, "f1": 0.8, "auc": 0.47929}
{"epoch": 49, "time_epoch": 0.03719, "eta": 1.98893, "eta_hours": 0.00055, "loss": 0.6383537, "lr": 0.00051571, "params": 6465, "time_iter": 0.0124, "accuracy": 0.66667, "precision": 0.66667, "recall": 1.0, "f1": 0.8, "auc": 0.53698}
{"epoch": 50, "time_epoch": 0.04788, "eta": 1.95694, "eta_hours": 0.00054, "loss": 0.63834419, "lr": 0.0005, "params": 6465, "time_iter": 0.01596, "accuracy": 0.66667, "precision": 0.66667, "recall": 1.0, "f1": 0.8, "auc": 0.49704}
{"epoch": 51, "time_epoch": 0.03262, "eta": 1.91025, "eta_hours": 0.00053, "loss": 0.63828228, "lr": 0.00048429, "params": 6465, "time_iter": 0.01087, "accuracy": 0.66667, "precision": 0.66667, "recall": 1.0, "f1": 0.8, "auc": 0.50888}
{"epoch": 52, "time_epoch": 0.03351, "eta": 1.86488, "eta_hours": 0.00052, "loss": 0.63828634, "lr": 0.0004686, "params": 6465, "time_iter": 0.01117, "accuracy": 0.66667, "precision": 0.66667, "recall": 1.0, "f1": 0.8, "auc": 0.35799}
{"epoch": 53, "time_epoch": 0.0338, "eta": 1.82019, "eta_hours": 0.00051, "loss": 0.63818661, "lr": 0.00045295, "params": 6465, "time_iter": 0.01127, "accuracy": 0.66667, "precision": 0.66667, "recall": 1.0, "f1": 0.8, "auc": 0.5503}
{"epoch": 54, "time_epoch": 0.03442, "eta": 1.77641, "eta_hours": 0.00049, "loss": 0.63816697, "lr": 0.00043733, "params": 6465, "time_iter": 0.01147, "accuracy": 0.66667, "precision": 0.66667, "recall": 1.0, "f1": 0.8, "auc": 0.5}
{"epoch": 55, "time_epoch": 0.03397, "eta": 1.73261, "eta_hours": 0.00048, "loss": 0.63813197, "lr": 0.00042178, "params": 6465, "time_iter": 0.01132, "accuracy": 0.66667, "precision": 0.66667, "recall": 1.0, "f1": 0.8, "auc": 0.44379}
{"epoch": 56, "time_epoch": 0.03228, "eta": 1.68788, "eta_hours": 0.00047, "loss": 0.6380403, "lr": 0.00040631, "params": 6465, "time_iter": 0.01076, "accuracy": 0.66667, "precision": 0.66667, "recall": 1.0, "f1": 0.8, "auc": 0.57396}
{"epoch": 57, "time_epoch": 0.03197, "eta": 1.64335, "eta_hours": 0.00046, "loss": 0.63805473, "lr": 0.00039093, "params": 6465, "time_iter": 0.01066, "accuracy": 0.66667, "precision": 0.66667, "recall": 1.0, "f1": 0.8, "auc": 0.42308}
{"epoch": 58, "time_epoch": 0.03292, "eta": 1.59991, "eta_hours": 0.00044, "loss": 0.63801383, "lr": 0.00037566, "params": 6465, "time_iter": 0.01097, "accuracy": 0.66667, "precision": 0.66667, "recall": 1.0, "f1": 0.8, "auc": 0.46746}
{"epoch": 59, "time_epoch": 0.0337, "eta": 1.55734, "eta_hours": 0.00043, "loss": 0.6380293, "lr": 0.0003605, "params": 6465, "time_iter": 0.01123, "accuracy": 0.66667, "precision": 0.66667, "recall": 1.0, "f1": 0.8, "auc": 0.40237}
{"epoch": 60, "time_epoch": 0.0325, "eta": 1.51429, "eta_hours": 0.00042, "loss": 0.63794446, "lr": 0.00034549, "params": 6465, "time_iter": 0.01083, "accuracy": 0.66667, "precision": 0.66667, "recall": 1.0, "f1": 0.8, "auc": 0.44675}
{"epoch": 61, "time_epoch": 0.03302, "eta": 1.47191, "eta_hours": 0.00041, "loss": 0.63791569, "lr": 0.00033063, "params": 6465, "time_iter": 0.01101, "accuracy": 0.66667, "precision": 0.66667, "recall": 1.0, "f1": 0.8, "auc": 0.42308}
{"epoch": 62, "time_epoch": 0.03363, "eta": 1.43018, "eta_hours": 0.0004, "loss": 0.63786565, "lr": 0.00031594, "params": 6465, "time_iter": 0.01121, "accuracy": 0.66667, "precision": 0.66667, "recall": 1.0, "f1": 0.8, "auc": 0.56213}
{"epoch": 63, "time_epoch": 0.03273, "eta": 1.38819, "eta_hours": 0.00039, "loss": 0.63784556, "lr": 0.00030143, "params": 6465, "time_iter": 0.01091, "accuracy": 0.66667, "precision": 0.66667, "recall": 1.0, "f1": 0.8, "auc": 0.54142}
{"epoch": 64, "time_epoch": 0.03293, "eta": 1.3466, "eta_hours": 0.00037, "loss": 0.63781853, "lr": 0.00028711, "params": 6465, "time_iter": 0.01098, "accuracy": 0.66667, "precision": 0.66667, "recall": 1.0, "f1": 0.8, "auc": 0.57988}
{"epoch": 65, "time_epoch": 0.03302, "eta": 1.30531, "eta_hours": 0.00036, "loss": 0.63784175, "lr": 0.000273, "params": 6465, "time_iter": 0.01101, "accuracy": 0.66667, "precision": 0.66667, "recall": 1.0, "f1": 0.8, "auc": 0.33136}
{"epoch": 66, "time_epoch": 0.0332, "eta": 1.26436, "eta_hours": 0.00035, "loss": 0.63780645, "lr": 0.00025912, "params": 6465, "time_iter": 0.01107, "accuracy": 0.66667, "precision": 0.66667, "recall": 1.0, "f1": 0.8, "auc": 0.42308}
{"epoch": 67, "time_epoch": 0.03239, "eta": 1.22326, "eta_hours": 0.00034, "loss": 0.63776231, "lr": 0.00024548, "params": 6465, "time_iter": 0.0108, "accuracy": 0.66667, "precision": 0.66667, "recall": 1.0, "f1": 0.8, "auc": 0.60651}
{"epoch": 68, "time_epoch": 0.03422, "eta": 1.18323, "eta_hours": 0.00033, "loss": 0.63776254, "lr": 0.00023209, "params": 6465, "time_iter": 0.01141, "accuracy": 0.66667, "precision": 0.66667, "recall": 1.0, "f1": 0.8, "auc": 0.40828}
{"epoch": 69, "time_epoch": 0.0327, "eta": 1.14272, "eta_hours": 0.00032, "loss": 0.63773773, "lr": 0.00021896, "params": 6465, "time_iter": 0.0109, "accuracy": 0.66667, "precision": 0.66667, "recall": 1.0, "f1": 0.8, "auc": 0.48964}
{"epoch": 70, "time_epoch": 0.0332, "eta": 1.10263, "eta_hours": 0.00031, "loss": 0.63772077, "lr": 0.00020611, "params": 6465, "time_iter": 0.01107, "accuracy": 0.66667, "precision": 0.66667, "recall": 1.0, "f1": 0.8, "auc": 0.40237}
{"epoch": 71, "time_epoch": 0.03314, "eta": 1.06271, "eta_hours": 0.0003, "loss": 0.63772231, "lr": 0.00019355, "params": 6465, "time_iter": 0.01105, "accuracy": 0.66667, "precision": 0.66667, "recall": 1.0, "f1": 0.8, "auc": 0.47633}
{"epoch": 72, "time_epoch": 0.0334, "eta": 1.02307, "eta_hours": 0.00028, "loss": 0.6377264, "lr": 0.00018129, "params": 6465, "time_iter": 0.01113, "accuracy": 0.66667, "precision": 0.66667, "recall": 1.0, "f1": 0.8, "auc": 0.41124}
{"epoch": 73, "time_epoch": 0.03289, "eta": 0.98342, "eta_hours": 0.00027, "loss": 0.637714, "lr": 0.00016934, "params": 6465, "time_iter": 0.01096, "accuracy": 0.66667, "precision": 0.66667, "recall": 1.0, "f1": 0.8, "auc": 0.51183}
{"epoch": 74, "time_epoch": 0.03313, "eta": 0.94404, "eta_hours": 0.00026, "loss": 0.63773033, "lr": 0.00015773, "params": 6465, "time_iter": 0.01104, "accuracy": 0.66667, "precision": 0.66667, "recall": 1.0, "f1": 0.8, "auc": 0.3432}
{"epoch": 75, "time_epoch": 0.03321, "eta": 0.90484, "eta_hours": 0.00025, "loss": 0.63769889, "lr": 0.00014645, "params": 6465, "time_iter": 0.01107, "accuracy": 0.66667, "precision": 0.66667, "recall": 1.0, "f1": 0.8, "auc": 0.59763}
{"epoch": 76, "time_epoch": 0.03796, "eta": 0.86721, "eta_hours": 0.00024, "loss": 0.63770756, "lr": 0.00013552, "params": 6465, "time_iter": 0.01265, "accuracy": 0.66667, "precision": 0.66667, "recall": 1.0, "f1": 0.8, "auc": 0.39941}
{"epoch": 77, "time_epoch": 0.03277, "eta": 0.82812, "eta_hours": 0.00023, "loss": 0.63769086, "lr": 0.00012494, "params": 6465, "time_iter": 0.01092, "accuracy": 0.66667, "precision": 0.66667, "recall": 1.0, "f1": 0.8, "auc": 0.44083}
{"epoch": 78, "time_epoch": 0.03335, "eta": 0.78933, "eta_hours": 0.00022, "loss": 0.63766409, "lr": 0.00011474, "params": 6465, "time_iter": 0.01112, "accuracy": 0.66667, "precision": 0.66667, "recall": 1.0, "f1": 0.8, "auc": 0.73521}
{"epoch": 79, "time_epoch": 0.03276, "eta": 0.75054, "eta_hours": 0.00021, "loss": 0.63768023, "lr": 0.00010492, "params": 6465, "time_iter": 0.01092, "accuracy": 0.66667, "precision": 0.66667, "recall": 1.0, "f1": 0.8, "auc": 0.4142}
{"epoch": 80, "time_epoch": 0.0321, "eta": 0.71174, "eta_hours": 0.0002, "loss": 0.63767292, "lr": 9.549e-05, "params": 6465, "time_iter": 0.0107, "accuracy": 0.66667, "precision": 0.66667, "recall": 1.0, "f1": 0.8, "auc": 0.39053}
{"epoch": 81, "time_epoch": 0.03239, "eta": 0.67317, "eta_hours": 0.00019, "loss": 0.63766225, "lr": 8.646e-05, "params": 6465, "time_iter": 0.0108, "accuracy": 0.66667, "precision": 0.66667, "recall": 1.0, "f1": 0.8, "auc": 0.45414}
{"epoch": 82, "time_epoch": 0.03302, "eta": 0.63487, "eta_hours": 0.00018, "loss": 0.63765641, "lr": 7.784e-05, "params": 6465, "time_iter": 0.01101, "accuracy": 0.66667, "precision": 0.66667, "recall": 1.0, "f1": 0.8, "auc": 0.50888}
{"epoch": 83, "time_epoch": 0.03255, "eta": 0.59661, "eta_hours": 0.00017, "loss": 0.6376555, "lr": 6.963e-05, "params": 6465, "time_iter": 0.01085, "accuracy": 0.66667, "precision": 0.66667, "recall": 1.0, "f1": 0.8, "auc": 0.36834}
{"epoch": 84, "time_epoch": 0.03293, "eta": 0.55855, "eta_hours": 0.00016, "loss": 0.63764312, "lr": 6.185e-05, "params": 6465, "time_iter": 0.01098, "accuracy": 0.66667, "precision": 0.66667, "recall": 1.0, "f1": 0.8, "auc": 0.5503}
{"epoch": 85, "time_epoch": 0.03316, "eta": 0.52065, "eta_hours": 0.00014, "loss": 0.6376491, "lr": 5.45e-05, "params": 6465, "time_iter": 0.01105, "accuracy": 0.66667, "precision": 0.66667, "recall": 1.0, "f1": 0.8, "auc": 0.38166}
{"epoch": 86, "time_epoch": 0.03267, "eta": 0.48279, "eta_hours": 0.00013, "loss": 0.6376381, "lr": 4.759e-05, "params": 6465, "time_iter": 0.01089, "accuracy": 0.66667, "precision": 0.66667, "recall": 1.0, "f1": 0.8, "auc": 0.52663}
{"epoch": 87, "time_epoch": 0.03292, "eta": 0.44508, "eta_hours": 0.00012, "loss": 0.63763449, "lr": 4.112e-05, "params": 6465, "time_iter": 0.01097, "accuracy": 0.66667, "precision": 0.66667, "recall": 1.0, "f1": 0.8, "auc": 0.39053}
{"epoch": 88, "time_epoch": 0.0329, "eta": 0.40747, "eta_hours": 0.00011, "loss": 0.63763774, "lr": 3.511e-05, "params": 6465, "time_iter": 0.01097, "accuracy": 0.66667, "precision": 0.66667, "recall": 1.0, "f1": 0.8, "auc": 0.51479}
{"epoch": 89, "time_epoch": 0.03319, "eta": 0.37, "eta_hours": 0.0001, "loss": 0.63763751, "lr": 2.956e-05, "params": 6465, "time_iter": 0.01106, "accuracy": 0.66667, "precision": 0.66667, "recall": 1.0, "f1": 0.8, "auc": 0.45266}
{"epoch": 90, "time_epoch": 0.03399, "eta": 0.3327, "eta_hours": 9e-05, "loss": 0.63764031, "lr": 2.447e-05, "params": 6465, "time_iter": 0.01133, "accuracy": 0.66667, "precision": 0.66667, "recall": 1.0, "f1": 0.8, "auc": 0.46598}
{"epoch": 91, "time_epoch": 0.0333, "eta": 0.29542, "eta_hours": 8e-05, "loss": 0.63764208, "lr": 1.985e-05, "params": 6465, "time_iter": 0.0111, "accuracy": 0.66667, "precision": 0.66667, "recall": 1.0, "f1": 0.8, "auc": 0.41864}
{"epoch": 92, "time_epoch": 0.0337, "eta": 0.25825, "eta_hours": 7e-05, "loss": 0.63764005, "lr": 1.571e-05, "params": 6465, "time_iter": 0.01123, "accuracy": 0.66667, "precision": 0.66667, "recall": 1.0, "f1": 0.8, "auc": 0.35947}
{"epoch": 93, "time_epoch": 0.03294, "eta": 0.2211, "eta_hours": 6e-05, "loss": 0.63763882, "lr": 1.204e-05, "params": 6465, "time_iter": 0.01098, "accuracy": 0.66667, "precision": 0.66667, "recall": 1.0, "f1": 0.8, "auc": 0.44231}
{"epoch": 94, "time_epoch": 0.03296, "eta": 0.18405, "eta_hours": 5e-05, "loss": 0.63763469, "lr": 8.86e-06, "params": 6465, "time_iter": 0.01099, "accuracy": 0.66667, "precision": 0.66667, "recall": 1.0, "f1": 0.8, "auc": 0.45858}
{"epoch": 95, "time_epoch": 0.03317, "eta": 0.14709, "eta_hours": 4e-05, "loss": 0.63762662, "lr": 6.16e-06, "params": 6465, "time_iter": 0.01106, "accuracy": 0.66667, "precision": 0.66667, "recall": 1.0, "f1": 0.8, "auc": 0.5858}
{"epoch": 96, "time_epoch": 0.03291, "eta": 0.11019, "eta_hours": 3e-05, "loss": 0.63762613, "lr": 3.94e-06, "params": 6465, "time_iter": 0.01097, "accuracy": 0.66667, "precision": 0.66667, "recall": 1.0, "f1": 0.8, "auc": 0.59911}
{"epoch": 97, "time_epoch": 0.03299, "eta": 0.07339, "eta_hours": 2e-05, "loss": 0.63761455, "lr": 2.22e-06, "params": 6465, "time_iter": 0.011, "accuracy": 0.66667, "precision": 0.66667, "recall": 1.0, "f1": 0.8, "auc": 0.55917}
{"epoch": 98, "time_epoch": 0.03341, "eta": 0.03666, "eta_hours": 1e-05, "loss": 0.63763307, "lr": 9.9e-07, "params": 6465, "time_iter": 0.01114, "accuracy": 0.66667, "precision": 0.66667, "recall": 1.0, "f1": 0.8, "auc": 0.43195}
{"epoch": 99, "time_epoch": 0.03271, "eta": 0.0, "eta_hours": 0.0, "loss": 0.63763052, "lr": 2.5e-07, "params": 6465, "time_iter": 0.0109, "accuracy": 0.66667, "precision": 0.66667, "recall": 1.0, "f1": 0.8, "auc": 0.59467}
