{"epoch": 0, "time_epoch": 0.05878, "eta": 5.81964, "eta_hours": 0.00162, "loss": 0.66421699, "lr": 0.001, "params": 6465, "time_iter": 0.01959, "accuracy": 0.66667, "precision": 0.66667, "recall": 1.0, "f1": 0.8, "auc": 0.43195}
{"epoch": 1, "time_epoch": 0.02997, "eta": 4.34881, "eta_hours": 0.00121, "loss": 0.66139058, "lr": 0.00099975, "params": 6465, "time_iter": 0.00999, "accuracy": 0.66667, "precision": 0.66667, "recall": 1.0, "f1": 0.8, "auc": 0.42308}
{"epoch": 2, "time_epoch": 0.03226, "eta": 3.91285, "eta_hours": 0.00109, "loss": 0.65877383, "lr": 0.00099901, "params": 6465, "time_iter": 0.01075, "accuracy": 0.66667, "precision": 0.66667, "recall": 1.0, "f1": 0.8, "auc": 0.55325}
{"epoch": 3, "time_epoch": 0.03325, "eta": 3.70245, "eta_hours": 0.00103, "loss": 0.65624722, "lr": 0.00099778, "params": 6465, "time_iter": 0.01108, "accuracy": 0.66667, "precision": 0.66667, "recall": 1.0, "f1": 0.8, "auc": 0.61538}
{"epoch": 4, "time_epoch": 0.03415, "eta": 3.57992, "eta_hours": 0.00099, "loss": 0.65466373, "lr": 0.00099606, "params": 6465, "time_iter": 0.01138, "accuracy": 0.66667, "precision": 0.66667, "recall": 1.0, "f1": 0.8, "auc": 0.51183}
{"epoch": 5, "time_epoch": 0.03406, "eta": 3.48546, "eta_hours": 0.00097, "loss": 0.65309954, "lr": 0.00099384, "params": 6465, "time_iter": 0.01135, "accuracy": 0.66667, "precision": 0.66667, "recall": 1.0, "f1": 0.8, "auc": 0.51183}
{"epoch": 6, "time_epoch": 0.03288, "eta": 3.39264, "eta_hours": 0.00094, "loss": 0.65159041, "lr": 0.00099114, "params": 6465, "time_iter": 0.01096, "accuracy": 0.66667, "precision": 0.66667, "recall": 1.0, "f1": 0.8, "auc": 0.53254}
{"epoch": 7, "time_epoch": 0.03258, "eta": 3.31135, "eta_hours": 0.00092, "loss": 0.65027611, "lr": 0.00098796, "params": 6465, "time_iter": 0.01086, "accuracy": 0.66667, "precision": 0.66667, "recall": 1.0, "f1": 0.8, "auc": 0.63018}
{"epoch": 8, "time_epoch": 0.03249, "eta": 3.23998, "eta_hours": 0.0009, "loss": 0.64915274, "lr": 0.00098429, "params": 6465, "time_iter": 0.01083, "accuracy": 0.66667, "precision": 0.66667, "recall": 1.0, "f1": 0.8, "auc": 0.60355}
{"epoch": 9, "time_epoch": 0.03291, "eta": 3.18016, "eta_hours": 0.00088, "loss": 0.64817538, "lr": 0.00098015, "params": 6465, "time_iter": 0.01097, "accuracy": 0.66667, "precision": 0.66667, "recall": 1.0, "f1": 0.8, "auc": 0.45858}
{"epoch": 10, "time_epoch": 0.03714, "eta": 3.15944, "eta_hours": 0.00088, "loss": 0.64696004, "lr": 0.00097553, "params": 6465, "time_iter": 0.01238, "accuracy": 0.66667, "precision": 0.66667, "recall": 1.0, "f1": 0.8, "auc": 0.55917}
{"epoch": 11, "time_epoch": 0.03284, "eta": 3.10444, "eta_hours": 0.00086, "loss": 0.64659951, "lr": 0.00097044, "params": 6465, "time_iter": 0.01095, "accuracy": 0.66667, "precision": 0.66667, "recall": 1.0, "f1": 0.8, "auc": 0.36686}
{"epoch": 12, "time_epoch": 0.03285, "eta": 3.05292, "eta_hours": 0.00085, "loss": 0.64583102, "lr": 0.00096489, "params": 6465, "time_iter": 0.01095, "accuracy": 0.66667, "precision": 0.66667, "recall": 1.0, "f1": 0.8, "auc": 0.43491}
{"epoch": 13, "time_epoch": 0.03349, "eta": 3.00801, "eta_hours": 0.00084, "loss": 0.64526462, "lr": 0.00095888, "params": 6465, "time_iter": 0.01116, "accuracy": 0.66667, "precision": 0.66667, "recall": 1.0, "f1": 0.8, "auc": 0.36982}
{"epoch": 14, "time_epoch": 0.03248, "eta": 2.9589, "eta_hours": 0.00082, "loss": 0.644493, "lr": 0.00095241, "params": 6465, "time_iter": 0.01083, "accuracy": 0.66667, "precision": 0.66667, "recall": 1.0, "f1": 0.8, "auc": 0.5}
{"epoch": 15, "time_epoch": 0.03297, "eta": 2.9144, "eta_hours": 0.00081, "loss": 0.64400517, "lr": 0.0009455, "params": 6465, "time_iter": 0.01099, "accuracy": 0.66667, "precision": 0.66667, "recall": 1.0, "f1": 0.8, "auc": 0.57396}
{"epoch": 16, "time_epoch": 0.03239, "eta": 2.86846, "eta_hours": 0.0008, "loss": 0.64358026, "lr": 0.00093815, "params": 6465, "time_iter": 0.0108, "accuracy": 0.66667, "precision": 0.66667, "recall": 1.0, "f1": 0.8, "auc": 0.53846}
{"epoch": 17, "time_epoch": 0.03399, "eta": 2.83132, "eta_hours": 0.00079, "loss": 0.64313731, "lr": 0.00093037, "params": 6465, "time_iter": 0.01133, "accuracy": 0.66667, "precision": 0.66667, "recall": 1.0, "f1": 0.8, "auc": 0.57101}
{"epoch": 18, "time_epoch": 0.03392, "eta": 2.79418, "eta_hours": 0.00078, "loss": 0.64286976, "lr": 0.00092216, "params": 6465, "time_iter": 0.01131, "accuracy": 0.66667, "precision": 0.66667, "recall": 1.0, "f1": 0.8, "auc": 0.45562}
{"epoch": 19, "time_epoch": 0.03313, "eta": 2.75423, "eta_hours": 0.00077, "loss": 0.6423956, "lr": 0.00091354, "params": 6465, "time_iter": 0.01104, "accuracy": 0.66667, "precision": 0.66667, "recall": 1.0, "f1": 0.8, "auc": 0.41568}
{"epoch": 20, "time_epoch": 0.03319, "eta": 2.71513, "eta_hours": 0.00075, "loss": 0.64179221, "lr": 0.00090451, "params": 6465, "time_iter": 0.01106, "accuracy": 0.66667, "precision": 0.66667, "recall": 1.0, "f1": 0.8, "auc": 0.52663}
{"epoch": 21, "time_epoch": 0.03244, "eta": 2.67392, "eta_hours": 0.00074, "loss": 0.64162284, "lr": 0.00089508, "params": 6465, "time_iter": 0.01081, "accuracy": 0.66667, "precision": 0.66667, "recall": 1.0, "f1": 0.8, "auc": 0.36095}
{"epoch": 22, "time_epoch": 0.03283, "eta": 2.63479, "eta_hours": 0.00073, "loss": 0.64101254, "lr": 0.00088526, "params": 6465, "time_iter": 0.01094, "accuracy": 0.66667, "precision": 0.66667, "recall": 1.0, "f1": 0.8, "auc": 0.53846}
{"epoch": 23, "time_epoch": 0.03301, "eta": 2.59674, "eta_hours": 0.00072, "loss": 0.64060192, "lr": 0.00087506, "params": 6465, "time_iter": 0.011, "accuracy": 0.66667, "precision": 0.66667, "recall": 1.0, "f1": 0.8, "auc": 0.70562}
{"epoch": 24, "time_epoch": 0.03278, "eta": 2.55843, "eta_hours": 0.00071, "loss": 0.64052628, "lr": 0.00086448, "params": 6465, "time_iter": 0.01093, "accuracy": 0.66667, "precision": 0.66667, "recall": 1.0, "f1": 0.8, "auc": 0.4497}
{"epoch": 25, "time_epoch": 0.03307, "eta": 2.52136, "eta_hours": 0.0007, "loss": 0.64002622, "lr": 0.00085355, "params": 6465, "time_iter": 0.01102, "accuracy": 0.66667, "precision": 0.66667, "recall": 1.0, "f1": 0.8, "auc": 0.69822}
{"epoch": 26, "time_epoch": 0.03273, "eta": 2.48366, "eta_hours": 0.00069, "loss": 0.63994883, "lr": 0.00084227, "params": 6465, "time_iter": 0.01091, "accuracy": 0.66667, "precision": 0.66667, "recall": 1.0, "f1": 0.8, "auc": 0.4645}
{"epoch": 27, "time_epoch": 0.03271, "eta": 2.44627, "eta_hours": 0.00068, "loss": 0.63967405, "lr": 0.00083066, "params": 6465, "time_iter": 0.0109, "accuracy": 0.66667, "precision": 0.66667, "recall": 1.0, "f1": 0.8, "auc": 0.51183}
{"epoch": 28, "time_epoch": 0.03286, "eta": 2.40956, "eta_hours": 0.00067, "loss": 0.63957819, "lr": 0.00081871, "params": 6465, "time_iter": 0.01095, "accuracy": 0.66667, "precision": 0.66667, "recall": 1.0, "f1": 0.8, "auc": 0.40828}
{"epoch": 29, "time_epoch": 0.03279, "eta": 2.37294, "eta_hours": 0.00066, "loss": 0.63934779, "lr": 0.00080645, "params": 6465, "time_iter": 0.01093, "accuracy": 0.66667, "precision": 0.66667, "recall": 1.0, "f1": 0.8, "auc": 0.49704}
{"epoch": 30, "time_epoch": 0.0328, "eta": 2.3366, "eta_hours": 0.00065, "loss": 0.63925273, "lr": 0.00079389, "params": 6465, "time_iter": 0.01093, "accuracy": 0.66667, "precision": 0.66667, "recall": 1.0, "f1": 0.8, "auc": 0.51183}
{"epoch": 31, "time_epoch": 0.03302, "eta": 2.30095, "eta_hours": 0.00064, "loss": 0.63903082, "lr": 0.00078104, "params": 6465, "time_iter": 0.01101, "accuracy": 0.66667, "precision": 0.66667, "recall": 1.0, "f1": 0.8, "auc": 0.68935}
{"epoch": 32, "time_epoch": 0.0326, "eta": 2.2646, "eta_hours": 0.00063, "loss": 0.63910632, "lr": 0.00076791, "params": 6465, "time_iter": 0.01087, "accuracy": 0.66667, "precision": 0.66667, "recall": 1.0, "f1": 0.8, "auc": 0.39053}
{"epoch": 33, "time_epoch": 0.03341, "eta": 2.23004, "eta_hours": 0.00062, "loss": 0.63881408, "lr": 0.00075452, "params": 6465, "time_iter": 0.01114, "accuracy": 0.66667, "precision": 0.66667, "recall": 1.0, "f1": 0.8, "auc": 0.51775}
{"epoch": 34, "time_epoch": 0.03282, "eta": 2.19445, "eta_hours": 0.00061, "loss": 0.63882276, "lr": 0.00074088, "params": 6465, "time_iter": 0.01094, "accuracy": 0.66667, "precision": 0.66667, "recall": 1.0, "f1": 0.8, "auc": 0.4142}
{"epoch": 35, "time_epoch": 0.03265, "eta": 2.15871, "eta_hours": 0.0006, "loss": 0.63861237, "lr": 0.000727, "params": 6465, "time_iter": 0.01088, "accuracy": 0.66667, "precision": 0.66667, "recall": 1.0, "f1": 0.8, "auc": 0.49704}
{"epoch": 36, "time_epoch": 0.03352, "eta": 2.12463, "eta_hours": 0.00059, "loss": 0.63851662, "lr": 0.00071289, "params": 6465, "time_iter": 0.01117, "accuracy": 0.66667, "precision": 0.66667, "recall": 1.0, "f1": 0.8, "auc": 0.56213}
{"epoch": 37, "time_epoch": 0.04697, "eta": 2.11252, "eta_hours": 0.00059, "loss": 0.63852611, "lr": 0.00069857, "params": 6465, "time_iter": 0.01566, "accuracy": 0.66667, "precision": 0.66667, "recall": 1.0, "f1": 0.8, "auc": 0.4497}
{"epoch": 38, "time_epoch": 0.05134, "eta": 2.10545, "eta_hours": 0.00058, "loss": 0.63837705, "lr": 0.00068406, "params": 6465, "time_iter": 0.01711, "accuracy": 0.66667, "precision": 0.66667, "recall": 1.0, "f1": 0.8, "auc": 0.45266}
{"epoch": 39, "time_epoch": 0.04602, "eta": 2.08819, "eta_hours": 0.00058, "loss": 0.63844291, "lr": 0.00066937, "params": 6465, "time_iter": 0.01534, "accuracy": 0.66667, "precision": 0.66667, "recall": 1.0, "f1": 0.8, "auc": 0.35207}
{"epoch": 40, "time_epoch": 0.03456, "eta": 2.05304, "eta_hours": 0.00057, "loss": 0.63824885, "lr": 0.00065451, "params": 6465, "time_iter": 0.01152, "accuracy": 0.66667, "precision": 0.66667, "recall": 1.0, "f1": 0.8, "auc": 0.48373}
{"epoch": 41, "time_epoch": 0.05059, "eta": 2.04006, "eta_hours": 0.00057, "loss": 0.63824417, "lr": 0.0006395, "params": 6465, "time_iter": 0.01686, "accuracy": 0.66667, "precision": 0.66667, "recall": 1.0, "f1": 0.8, "auc": 0.53107}
{"epoch": 42, "time_epoch": 0.05368, "eta": 2.02941, "eta_hours": 0.00056, "loss": 0.63827966, "lr": 0.00062434, "params": 6465, "time_iter": 0.01789, "accuracy": 0.66667, "precision": 0.66667, "recall": 1.0, "f1": 0.8, "auc": 0.42308}
{"epoch": 43, "time_epoch": 0.04113, "eta": 2.00084, "eta_hours": 0.00056, "loss": 0.63824346, "lr": 0.00060907, "params": 6465, "time_iter": 0.01371, "accuracy": 0.66667, "precision": 0.66667, "recall": 1.0, "f1": 0.8, "auc": 0.30178}
{"epoch": 44, "time_epoch": 0.03382, "eta": 1.96278, "eta_hours": 0.00055, "loss": 0.63821837, "lr": 0.00059369, "params": 6465, "time_iter": 0.01127, "accuracy": 0.66667, "precision": 0.66667, "recall": 1.0, "f1": 0.8, "auc": 0.41124}
{"epoch": 45, "time_epoch": 0.03365, "eta": 1.9247, "eta_hours": 0.00053, "loss": 0.63820744, "lr": 0.00057822, "params": 6465, "time_iter": 0.01122, "accuracy": 0.66667, "precision": 0.66667, "recall": 1.0, "f1": 0.8, "auc": 0.4142}
{"epoch": 46, "time_epoch": 0.03319, "eta": 1.88629, "eta_hours": 0.00052, "loss": 0.63820844, "lr": 0.00056267, "params": 6465, "time_iter": 0.01106, "accuracy": 0.66667, "precision": 0.66667, "recall": 1.0, "f1": 0.8, "auc": 0.32692}
{"epoch": 47, "time_epoch": 0.03257, "eta": 1.84743, "eta_hours": 0.00051, "loss": 0.63819575, "lr": 0.00054705, "params": 6465, "time_iter": 0.01086, "accuracy": 0.66667, "precision": 0.66667, "recall": 1.0, "f1": 0.8, "auc": 0.40828}
{"epoch": 48, "time_epoch": 0.03338, "eta": 1.80966, "eta_hours": 0.0005, "loss": 0.63815535, "lr": 0.0005314, "params": 6465, "time_iter": 0.01113, "accuracy": 0.66667, "precision": 0.66667, "recall": 1.0, "f1": 0.8, "auc": 0.52071}
{"epoch": 49, "time_epoch": 0.03571, "eta": 1.77441, "eta_hours": 0.00049, "loss": 0.63811067, "lr": 0.00051571, "params": 6465, "time_iter": 0.0119, "accuracy": 0.66667, "precision": 0.66667, "recall": 1.0, "f1": 0.8, "auc": 0.55621}
{"epoch": 50, "time_epoch": 0.03597, "eta": 1.73938, "eta_hours": 0.00048, "loss": 0.63808253, "lr": 0.0005, "params": 6465, "time_iter": 0.01199, "accuracy": 0.66667, "precision": 0.66667, "recall": 1.0, "f1": 0.8, "auc": 0.43787}
{"epoch": 51, "time_epoch": 0.04925, "eta": 1.71658, "eta_hours": 0.00048, "loss": 0.63798271, "lr": 0.00048429, "params": 6465, "time_iter": 0.01642, "accuracy": 0.66667, "precision": 0.66667, "recall": 1.0, "f1": 0.8, "auc": 0.55473}
{"epoch": 52, "time_epoch": 0.03856, "eta": 1.68329, "eta_hours": 0.00047, "loss": 0.63791229, "lr": 0.0004686, "params": 6465, "time_iter": 0.01285, "accuracy": 0.66667, "precision": 0.66667, "recall": 1.0, "f1": 0.8, "auc": 0.61834}
{"epoch": 53, "time_epoch": 0.03961, "eta": 1.65071, "eta_hours": 0.00046, "loss": 0.6379087, "lr": 0.00045295, "params": 6465, "time_iter": 0.0132, "accuracy": 0.66667, "precision": 0.66667, "recall": 1.0, "f1": 0.8, "auc": 0.44083}
{"epoch": 54, "time_epoch": 0.04442, "eta": 1.62181, "eta_hours": 0.00045, "loss": 0.63781804, "lr": 0.00043733, "params": 6465, "time_iter": 0.01481, "accuracy": 0.66667, "precision": 0.66667, "recall": 1.0, "f1": 0.8, "auc": 0.52959}
{"epoch": 55, "time_epoch": 0.04089, "eta": 1.58958, "eta_hours": 0.00044, "loss": 0.63774666, "lr": 0.00042178, "params": 6465, "time_iter": 0.01363, "accuracy": 0.66667, "precision": 0.66667, "recall": 1.0, "f1": 0.8, "auc": 0.58284}
{"epoch": 56, "time_epoch": 0.03495, "eta": 1.55257, "eta_hours": 0.00043, "loss": 0.63775645, "lr": 0.00040631, "params": 6465, "time_iter": 0.01165, "accuracy": 0.66667, "precision": 0.66667, "recall": 1.0, "f1": 0.8, "auc": 0.44675}
{"epoch": 57, "time_epoch": 0.04089, "eta": 1.51993, "eta_hours": 0.00042, "loss": 0.63771934, "lr": 0.00039093, "params": 6465, "time_iter": 0.01363, "accuracy": 0.66667, "precision": 0.66667, "recall": 1.0, "f1": 0.8, "auc": 0.37574}
{"epoch": 58, "time_epoch": 0.03896, "eta": 1.48567, "eta_hours": 0.00041, "loss": 0.63760661, "lr": 0.00037566, "params": 6465, "time_iter": 0.01299, "accuracy": 0.66667, "precision": 0.66667, "recall": 1.0, "f1": 0.8, "auc": 0.55621}
{"epoch": 59, "time_epoch": 0.03684, "eta": 1.44983, "eta_hours": 0.0004, "loss": 0.63764015, "lr": 0.0003605, "params": 6465, "time_iter": 0.01228, "accuracy": 0.66667, "precision": 0.66667, "recall": 1.0, "f1": 0.8, "auc": 0.33728}
{"epoch": 60, "time_epoch": 0.03617, "eta": 1.41354, "eta_hours": 0.00039, "loss": 0.63755574, "lr": 0.00034549, "params": 6465, "time_iter": 0.01206, "accuracy": 0.66667, "precision": 0.66667, "recall": 1.0, "f1": 0.8, "auc": 0.60651}
{"epoch": 61, "time_epoch": 0.0402, "eta": 1.37972, "eta_hours": 0.00038, "loss": 0.63754024, "lr": 0.00033063, "params": 6465, "time_iter": 0.0134, "accuracy": 0.66667, "precision": 0.66667, "recall": 1.0, "f1": 0.8, "auc": 0.57544}
{"epoch": 62, "time_epoch": 0.04318, "eta": 1.34745, "eta_hours": 0.00037, "loss": 0.63754943, "lr": 0.00031594, "params": 6465, "time_iter": 0.01439, "accuracy": 0.66667, "precision": 0.66667, "recall": 1.0, "f1": 0.8, "auc": 0.41124}
{"epoch": 63, "time_epoch": 0.04093, "eta": 1.31356, "eta_hours": 0.00036, "loss": 0.63747565, "lr": 0.00030143, "params": 6465, "time_iter": 0.01364, "accuracy": 0.66667, "precision": 0.66667, "recall": 1.0, "f1": 0.8, "auc": 0.72781}
{"epoch": 64, "time_epoch": 0.03832, "eta": 1.27806, "eta_hours": 0.00036, "loss": 0.63747523, "lr": 0.00028711, "params": 6465, "time_iter": 0.01277, "accuracy": 0.66667, "precision": 0.66667, "recall": 1.0, "f1": 0.8, "auc": 0.51479}
{"epoch": 65, "time_epoch": 0.03467, "eta": 1.2406, "eta_hours": 0.00034, "loss": 0.63746236, "lr": 0.000273, "params": 6465, "time_iter": 0.01156, "accuracy": 0.66667, "precision": 0.66667, "recall": 1.0, "f1": 0.8, "auc": 0.53254}
{"epoch": 66, "time_epoch": 0.03982, "eta": 1.20575, "eta_hours": 0.00033, "loss": 0.6374469, "lr": 0.00025912, "params": 6465, "time_iter": 0.01327, "accuracy": 0.66667, "precision": 0.66667, "recall": 1.0, "f1": 0.8, "auc": 0.47041}
{"epoch": 67, "time_epoch": 0.03417, "eta": 1.1681, "eta_hours": 0.00032, "loss": 0.63743188, "lr": 0.00024548, "params": 6465, "time_iter": 0.01139, "accuracy": 0.66667, "precision": 0.66667, "recall": 1.0, "f1": 0.8, "auc": 0.44379}
{"epoch": 68, "time_epoch": 0.04154, "eta": 1.13386, "eta_hours": 0.00031, "loss": 0.63740149, "lr": 0.00023209, "params": 6465, "time_iter": 0.01385, "accuracy": 0.66667, "precision": 0.66667, "recall": 1.0, "f1": 0.8, "auc": 0.57101}
{"epoch": 69, "time_epoch": 0.03361, "eta": 1.09601, "eta_hours": 0.0003, "loss": 0.63737802, "lr": 0.00021896, "params": 6465, "time_iter": 0.0112, "accuracy": 0.66667, "precision": 0.66667, "recall": 1.0, "f1": 0.8, "auc": 0.53846}
{"epoch": 70, "time_epoch": 0.03453, "eta": 1.05866, "eta_hours": 0.00029, "loss": 0.63734974, "lr": 0.00020611, "params": 6465, "time_iter": 0.01151, "accuracy": 0.66667, "precision": 0.66667, "recall": 1.0, "f1": 0.8, "auc": 0.61243}
{"epoch": 71, "time_epoch": 0.03497, "eta": 1.02156, "eta_hours": 0.00028, "loss": 0.63731962, "lr": 0.00019355, "params": 6465, "time_iter": 0.01166, "accuracy": 0.66667, "precision": 0.66667, "recall": 1.0, "f1": 0.8, "auc": 0.62426}
{"epoch": 72, "time_epoch": 0.03548, "eta": 0.9847, "eta_hours": 0.00027, "loss": 0.63730243, "lr": 0.00018129, "params": 6465, "time_iter": 0.01183, "accuracy": 0.66667, "precision": 0.66667, "recall": 1.0, "f1": 0.8, "auc": 0.72189}
{"epoch": 73, "time_epoch": 0.03846, "eta": 0.94893, "eta_hours": 0.00026, "loss": 0.63729751, "lr": 0.00016934, "params": 6465, "time_iter": 0.01282, "accuracy": 0.66667, "precision": 0.66667, "recall": 1.0, "f1": 0.8, "auc": 0.59172}
{"epoch": 74, "time_epoch": 0.03464, "eta": 0.91181, "eta_hours": 0.00025, "loss": 0.63728485, "lr": 0.00015773, "params": 6465, "time_iter": 0.01155, "accuracy": 0.66667, "precision": 0.66667, "recall": 1.0, "f1": 0.8, "auc": 0.62278}
{"epoch": 75, "time_epoch": 0.03249, "eta": 0.87408, "eta_hours": 0.00024, "loss": 0.63728262, "lr": 0.00014645, "params": 6465, "time_iter": 0.01083, "accuracy": 0.66667, "precision": 0.66667, "recall": 1.0, "f1": 0.8, "auc": 0.53698}
{"epoch": 76, "time_epoch": 0.03281, "eta": 0.83659, "eta_hours": 0.00023, "loss": 0.63728997, "lr": 0.00013552, "params": 6465, "time_iter": 0.01094, "accuracy": 0.66667, "precision": 0.66667, "recall": 1.0, "f1": 0.8, "auc": 0.38757}
{"epoch": 77, "time_epoch": 0.03271, "eta": 0.79918, "eta_hours": 0.00022, "loss": 0.63725235, "lr": 0.00012494, "params": 6465, "time_iter": 0.0109, "accuracy": 0.66667, "precision": 0.66667, "recall": 1.0, "f1": 0.8, "auc": 0.55473}
{"epoch": 78, "time_epoch": 0.03238, "eta": 0.7618, "eta_hours": 0.00021, "loss": 0.63726215, "lr": 0.00011474, "params": 6465, "time_iter": 0.01079, "accuracy": 0.66667, "precision": 0.66667, "recall": 1.0, "f1": 0.8, "auc": 0.39941}
{"epoch": 79, "time_epoch": 0.0321, "eta": 0.72448, "eta_hours": 0.0002, "loss": 0.63723928, "lr": 0.00010492, "params": 6465, "time_iter": 0.0107, "accuracy": 0.66667, "precision": 0.66667, "recall": 1.0, "f1": 0.8, "auc": 0.49704}
{"epoch": 80, "time_epoch": 0.03261, "eta": 0.68741, "eta_hours": 0.00019, "loss": 0.63724352, "lr": 9.549e-05, "params": 6465, "time_iter": 0.01087, "accuracy": 0.66667, "precision": 0.66667, "recall": 1.0, "f1": 0.8, "auc": 0.43491}
{"epoch": 81, "time_epoch": 0.03332, "eta": 0.6506, "eta_hours": 0.00018, "loss": 0.63724672, "lr": 8.646e-05, "params": 6465, "time_iter": 0.01111, "accuracy": 0.66667, "precision": 0.66667, "recall": 1.0, "f1": 0.8, "auc": 0.35947}
{"epoch": 82, "time_epoch": 0.03303, "eta": 0.61382, "eta_hours": 0.00017, "loss": 0.63724091, "lr": 7.784e-05, "params": 6465, "time_iter": 0.01101, "accuracy": 0.66667, "precision": 0.66667, "recall": 1.0, "f1": 0.8, "auc": 0.41864}
{"epoch": 83, "time_epoch": 0.03252, "eta": 0.57703, "eta_hours": 0.00016, "loss": 0.63723998, "lr": 6.963e-05, "params": 6465, "time_iter": 0.01084, "accuracy": 0.66667, "precision": 0.66667, "recall": 1.0, "f1": 0.8, "auc": 0.40237}
{"epoch": 84, "time_epoch": 0.0316, "eta": 0.54018, "eta_hours": 0.00015, "loss": 0.63725657, "lr": 6.185e-05, "params": 6465, "time_iter": 0.01053, "accuracy": 0.66667, "precision": 0.66667, "recall": 1.0, "f1": 0.8, "auc": 0.21302}
{"epoch": 85, "time_epoch": 0.03274, "eta": 0.50363, "eta_hours": 0.00014, "loss": 0.63724712, "lr": 5.45e-05, "params": 6465, "time_iter": 0.01091, "accuracy": 0.66667, "precision": 0.66667, "recall": 1.0, "f1": 0.8, "auc": 0.28254}
{"epoch": 86, "time_epoch": 0.03258, "eta": 0.46715, "eta_hours": 0.00013, "loss": 0.63722889, "lr": 4.759e-05, "params": 6465, "time_iter": 0.01086, "accuracy": 0.66667, "precision": 0.66667, "recall": 1.0, "f1": 0.8, "auc": 0.42899}
{"epoch": 87, "time_epoch": 0.03241, "eta": 0.43074, "eta_hours": 0.00012, "loss": 0.63723408, "lr": 4.112e-05, "params": 6465, "time_iter": 0.0108, "accuracy": 0.66667, "precision": 0.66667, "recall": 1.0, "f1": 0.8, "auc": 0.40089}
{"epoch": 88, "time_epoch": 0.03277, "eta": 0.39446, "eta_hours": 0.00011, "loss": 0.63721585, "lr": 3.511e-05, "params": 6465, "time_iter": 0.01092, "accuracy": 0.66667, "precision": 0.66667, "recall": 1.0, "f1": 0.8, "auc": 0.6213}
{"epoch": 89, "time_epoch": 0.03306, "eta": 0.35829, "eta_hours": 0.0001, "loss": 0.63721992, "lr": 2.956e-05, "params": 6465, "time_iter": 0.01102, "accuracy": 0.66667, "precision": 0.66667, "recall": 1.0, "f1": 0.8, "auc": 0.63757}
{"epoch": 90, "time_epoch": 0.03232, "eta": 0.32211, "eta_hours": 9e-05, "loss": 0.6372277, "lr": 2.447e-05, "params": 6465, "time_iter": 0.01077, "accuracy": 0.66667, "precision": 0.66667, "recall": 1.0, "f1": 0.8, "auc": 0.46893}
{"epoch": 91, "time_epoch": 0.03269, "eta": 0.28605, "eta_hours": 8e-05, "loss": 0.637235, "lr": 1.985e-05, "params": 6465, "time_iter": 0.0109, "accuracy": 0.66667, "precision": 0.66667, "recall": 1.0, "f1": 0.8, "auc": 0.43491}
{"epoch": 92, "time_epoch": 0.03205, "eta": 0.25002, "eta_hours": 7e-05, "loss": 0.63720967, "lr": 1.571e-05, "params": 6465, "time_iter": 0.01068, "accuracy": 0.66667, "precision": 0.66667, "recall": 1.0, "f1": 0.8, "auc": 0.6997}
{"epoch": 93, "time_epoch": 0.03283, "eta": 0.21411, "eta_hours": 6e-05, "loss": 0.63723088, "lr": 1.204e-05, "params": 6465, "time_iter": 0.01094, "accuracy": 0.66667, "precision": 0.66667, "recall": 1.0, "f1": 0.8, "auc": 0.43787}
{"epoch": 94, "time_epoch": 0.03311, "eta": 0.17829, "eta_hours": 5e-05, "loss": 0.637235, "lr": 8.86e-06, "params": 6465, "time_iter": 0.01104, "accuracy": 0.66667, "precision": 0.66667, "recall": 1.0, "f1": 0.8, "auc": 0.3358}
{"epoch": 95, "time_epoch": 0.0327, "eta": 0.14251, "eta_hours": 4e-05, "loss": 0.63721712, "lr": 6.16e-06, "params": 6465, "time_iter": 0.0109, "accuracy": 0.66667, "precision": 0.66667, "recall": 1.0, "f1": 0.8, "auc": 0.54438}
{"epoch": 96, "time_epoch": 0.03256, "eta": 0.10679, "eta_hours": 3e-05, "loss": 0.6372164, "lr": 3.94e-06, "params": 6465, "time_iter": 0.01085, "accuracy": 0.66667, "precision": 0.66667, "recall": 1.0, "f1": 0.8, "auc": 0.58728}
{"epoch": 97, "time_epoch": 0.03243, "eta": 0.07113, "eta_hours": 2e-05, "loss": 0.63722456, "lr": 2.22e-06, "params": 6465, "time_iter": 0.01081, "accuracy": 0.66667, "precision": 0.66667, "recall": 1.0, "f1": 0.8, "auc": 0.47041}
{"epoch": 98, "time_epoch": 0.03282, "eta": 0.03554, "eta_hours": 1e-05, "loss": 0.63720986, "lr": 9.9e-07, "params": 6465, "time_iter": 0.01094, "accuracy": 0.66667, "precision": 0.66667, "recall": 1.0, "f1": 0.8, "auc": 0.61391}
{"epoch": 99, "time_epoch": 0.03318, "eta": 0.0, "eta_hours": 0.0, "loss": 0.63720985, "lr": 2.5e-07, "params": 6465, "time_iter": 0.01106, "accuracy": 0.66667, "precision": 0.66667, "recall": 1.0, "f1": 0.8, "auc": 0.64941}
