{"epoch": 0, "time_epoch": 2.45636, "time_epoch_std": 0.10436, "eta": 243.17987, "eta_std": 10.33193, "eta_hours": 0.06755, "eta_hours_std": 0.00287, "loss": 0.7005, "loss_std": 0.00854, "lr": 0.001, "lr_std": 0.0, "params": 6295.0, "params_std": 0.0, "time_iter": 0.06464, "time_iter_std": 0.00275, "accuracy": 0.49333, "accuracy_std": 0.01633, "accuracy_max": 0.52, "precision": 0.25676, "precision_std": 0.2568, "recall": 0.48077, "recall_std": 0.48154, "f1": 0.33469, "f1_std": 0.33485, "auc": 0.42668, "auc_std": 0.06796}
