{"epoch": 0, "time_epoch": 1.0103, "time_epoch_std": 0.0, "eta": 100.01943, "eta_std": 0.0, "eta_hours": 0.02778, "eta_hours_std": 0.0, "loss": 0.67945, "loss_std": 0.0, "lr": 0.001, "lr_std": 0.0, "params": 8313.0, "params_std": 0.0, "time_iter": 0.33677, "time_iter_std": 0.0, "accuracy": 0.66667, "accuracy_std": 0.0, "precision": 0.66667, "precision_std": 0.0, "recall": 1.0, "recall_std": 0.0, "f1": 0.8, "f1_std": 0.0, "auc": 0.3432, "auc_std": 0.0}
{"epoch": 1, "time_epoch": 2.13247, "time_epoch_std": 0.0, "eta": 153.9956, "eta_std": 0.0, "eta_hours": 0.04278, "eta_hours_std": 0.0, "loss": 0.6758, "loss_std": 0.0, "lr": 0.001, "lr_std": 0.0, "params": 8313.0, "params_std": 0.0, "time_iter": 0.71082, "time_iter_std": 0.0, "accuracy": 0.66667, "accuracy_std": 0.0, "precision": 0.66667, "precision_std": 0.0, "recall": 1.0, "recall_std": 0.0, "f1": 0.8, "f1_std": 0.0, "auc": 0.63018, "auc_std": 0.0}
{"epoch": 2, "time_epoch": 2.08074, "time_epoch_std": 0.0, "eta": 168.89345, "eta_std": 0.0, "eta_hours": 0.04691, "eta_hours_std": 0.0, "loss": 0.6736, "loss_std": 0.0, "lr": 0.001, "lr_std": 0.0, "params": 8313.0, "params_std": 0.0, "time_iter": 0.69358, "time_iter_std": 0.0, "accuracy": 0.66667, "accuracy_std": 0.0, "precision": 0.66667, "precision_std": 0.0, "recall": 1.0, "recall_std": 0.0, "f1": 0.8, "f1_std": 0.0, "auc": 0.50592, "auc_std": 0.0}
{"epoch": 3, "time_epoch": 2.23737, "time_epoch_std": 0.0, "eta": 179.06116, "eta_std": 0.0, "eta_hours": 0.04974, "eta_hours_std": 0.0, "loss": 0.67138, "loss_std": 0.0, "lr": 0.001, "lr_std": 0.0, "params": 8313.0, "params_std": 0.0, "time_iter": 0.74579, "time_iter_std": 0.0, "accuracy": 0.66667, "accuracy_std": 0.0, "precision": 0.66667, "precision_std": 0.0, "recall": 1.0, "recall_std": 0.0, "f1": 0.8, "f1_std": 0.0, "auc": 0.39053, "auc_std": 0.0}
{"epoch": 4, "time_epoch": 2.08931, "time_epoch_std": 0.0, "eta": 181.4536, "eta_std": 0.0, "eta_hours": 0.0504, "eta_hours_std": 0.0, "loss": 0.66812, "loss_std": 0.0, "lr": 0.001, "lr_std": 0.0, "params": 8313.0, "params_std": 0.0, "time_iter": 0.69644, "time_iter_std": 0.0, "accuracy": 0.69231, "accuracy_std": 0.0, "precision": 0.68421, "precision_std": 0.0, "recall": 1.0, "recall_std": 0.0, "f1": 0.8125, "f1_std": 0.0, "auc": 0.57396, "auc_std": 0.0}
{"epoch": 5, "time_epoch": 2.14199, "time_epoch_std": 0.0, "eta": 183.17749, "eta_std": 0.0, "eta_hours": 0.05088, "eta_hours_std": 0.0, "loss": 0.66579, "loss_std": 0.0, "lr": 0.00099, "lr_std": 0.0, "params": 8313.0, "params_std": 0.0, "time_iter": 0.714, "time_iter_std": 0.0, "accuracy": 0.69231, "accuracy_std": 0.0, "precision": 0.68421, "precision_std": 0.0, "recall": 1.0, "recall_std": 0.0, "f1": 0.8125, "f1_std": 0.0, "auc": 0.63314, "auc_std": 0.0}
{"epoch": 6, "time_epoch": 2.09898, "time_epoch_std": 0.0, "eta": 183.22541, "eta_std": 0.0, "eta_hours": 0.0509, "eta_hours_std": 0.0, "loss": 0.66343, "loss_std": 0.0, "lr": 0.00099, "lr_std": 0.0, "params": 8313.0, "params_std": 0.0, "time_iter": 0.69966, "time_iter_std": 0.0, "accuracy": 0.69231, "accuracy_std": 0.0, "precision": 0.68421, "precision_std": 0.0, "recall": 1.0, "recall_std": 0.0, "f1": 0.8125, "f1_std": 0.0, "auc": 0.49704, "auc_std": 0.0}
{"epoch": 7, "time_epoch": 0.80659, "time_epoch_std": 0.0, "eta": 167.87413, "eta_std": 0.0, "eta_hours": 0.04663, "eta_hours_std": 0.0, "loss": 0.66018, "loss_std": 0.0, "lr": 0.00099, "lr_std": 0.0, "params": 8313.0, "params_std": 0.0, "time_iter": 0.26886, "time_iter_std": 0.0, "accuracy": 0.69231, "accuracy_std": 0.0, "precision": 0.68421, "precision_std": 0.0, "recall": 1.0, "recall_std": 0.0, "f1": 0.8125, "f1_std": 0.0, "auc": 0.56213, "auc_std": 0.0}
{"epoch": 8, "time_epoch": 0.15894, "time_epoch_std": 0.0, "eta": 149.2065, "eta_std": 0.0, "eta_hours": 0.04145, "eta_hours_std": 0.0, "loss": 0.65825, "loss_std": 0.0, "lr": 0.00098, "lr_std": 0.0, "params": 8313.0, "params_std": 0.0, "time_iter": 0.05298, "time_iter_std": 0.0, "accuracy": 0.69231, "accuracy_std": 0.0, "precision": 0.68421, "precision_std": 0.0, "recall": 1.0, "recall_std": 0.0, "f1": 0.8125, "f1_std": 0.0, "auc": 0.53846, "auc_std": 0.0}
{"epoch": 9, "time_epoch": 0.1694, "time_epoch_std": 0.0, "eta": 134.3348, "eta_std": 0.0, "eta_hours": 0.03732, "eta_hours_std": 0.0, "loss": 0.65722, "loss_std": 0.0, "lr": 0.00098, "lr_std": 0.0, "params": 8313.0, "params_std": 0.0, "time_iter": 0.05647, "time_iter_std": 0.0, "accuracy": 0.69231, "accuracy_std": 0.0, "precision": 0.68421, "precision_std": 0.0, "recall": 1.0, "recall_std": 0.0, "f1": 0.8125, "f1_std": 0.0, "auc": 0.61243, "auc_std": 0.0}
{"epoch": 10, "time_epoch": 0.16968, "time_epoch_std": 0.0, "eta": 122.13851, "eta_std": 0.0, "eta_hours": 0.03393, "eta_hours_std": 0.0, "loss": 0.65346, "loss_std": 0.0, "lr": 0.00098, "lr_std": 0.0, "params": 8313.0, "params_std": 0.0, "time_iter": 0.05656, "time_iter_std": 0.0, "accuracy": 0.69231, "accuracy_std": 0.0, "precision": 0.68421, "precision_std": 0.0, "recall": 1.0, "recall_std": 0.0, "f1": 0.8125, "f1_std": 0.0, "auc": 0.66864, "auc_std": 0.0}
{"epoch": 11, "time_epoch": 0.16129, "time_epoch_std": 0.0, "eta": 111.8851, "eta_std": 0.0, "eta_hours": 0.03108, "eta_hours_std": 0.0, "loss": 0.6502, "loss_std": 0.0, "lr": 0.00097, "lr_std": 0.0, "params": 8313.0, "params_std": 0.0, "time_iter": 0.05376, "time_iter_std": 0.0, "accuracy": 0.69231, "accuracy_std": 0.0, "precision": 0.68421, "precision_std": 0.0, "recall": 1.0, "recall_std": 0.0, "f1": 0.8125, "f1_std": 0.0, "auc": 0.65089, "auc_std": 0.0}
{"epoch": 12, "time_epoch": 0.18798, "time_epoch_std": 0.0, "eta": 103.36297, "eta_std": 0.0, "eta_hours": 0.02871, "eta_hours_std": 0.0, "loss": 0.65334, "loss_std": 0.0, "lr": 0.00096, "lr_std": 0.0, "params": 8313.0, "params_std": 0.0, "time_iter": 0.06266, "time_iter_std": 0.0, "accuracy": 0.66667, "accuracy_std": 0.0, "precision": 0.66667, "precision_std": 0.0, "recall": 1.0, "recall_std": 0.0, "f1": 0.8, "f1_std": 0.0, "auc": 0.59467, "auc_std": 0.0}
{"epoch": 13, "time_epoch": 0.1791, "time_epoch_std": 0.0, "eta": 95.97689, "eta_std": 0.0, "eta_hours": 0.02666, "eta_hours_std": 0.0, "loss": 0.64459, "loss_std": 0.0, "lr": 0.00096, "lr_std": 0.0, "params": 8313.0, "params_std": 0.0, "time_iter": 0.0597, "time_iter_std": 0.0, "accuracy": 0.69231, "accuracy_std": 0.0, "precision": 0.68421, "precision_std": 0.0, "recall": 1.0, "recall_std": 0.0, "f1": 0.8125, "f1_std": 0.0, "auc": 0.51775, "auc_std": 0.0}
{"epoch": 14, "time_epoch": 0.17776, "time_epoch_std": 0.0, "eta": 89.5441, "eta_std": 0.0, "eta_hours": 0.02487, "eta_hours_std": 0.0, "loss": 0.63915, "loss_std": 0.0, "lr": 0.00095, "lr_std": 0.0, "params": 8313.0, "params_std": 0.0, "time_iter": 0.05925, "time_iter_std": 0.0, "accuracy": 0.69231, "accuracy_std": 0.0, "precision": 0.68421, "precision_std": 0.0, "recall": 1.0, "recall_std": 0.0, "f1": 0.8125, "f1_std": 0.0, "auc": 0.65976, "auc_std": 0.0}
{"epoch": 15, "time_epoch": 0.1878, "time_epoch_std": 0.0, "eta": 83.94592, "eta_std": 0.0, "eta_hours": 0.02332, "eta_hours_std": 0.0, "loss": 0.63681, "loss_std": 0.0, "lr": 0.00095, "lr_std": 0.0, "params": 8313.0, "params_std": 0.0, "time_iter": 0.0626, "time_iter_std": 0.0, "accuracy": 0.69231, "accuracy_std": 0.0, "precision": 0.68421, "precision_std": 0.0, "recall": 1.0, "recall_std": 0.0, "f1": 0.8125, "f1_std": 0.0, "auc": 0.71302, "auc_std": 0.0}
{"epoch": 16, "time_epoch": 0.18272, "time_epoch_std": 0.0, "eta": 78.95944, "eta_std": 0.0, "eta_hours": 0.02193, "eta_hours_std": 0.0, "loss": 0.6334, "loss_std": 0.0, "lr": 0.00094, "lr_std": 0.0, "params": 8313.0, "params_std": 0.0, "time_iter": 0.06091, "time_iter_std": 0.0, "accuracy": 0.69231, "accuracy_std": 0.0, "precision": 0.68421, "precision_std": 0.0, "recall": 1.0, "recall_std": 0.0, "f1": 0.8125, "f1_std": 0.0, "auc": 0.57988, "auc_std": 0.0}
{"epoch": 17, "time_epoch": 0.18261, "time_epoch_std": 0.0, "eta": 74.50621, "eta_std": 0.0, "eta_hours": 0.0207, "eta_hours_std": 0.0, "loss": 0.62964, "loss_std": 0.0, "lr": 0.00093, "lr_std": 0.0, "params": 8313.0, "params_std": 0.0, "time_iter": 0.06087, "time_iter_std": 0.0, "accuracy": 0.69231, "accuracy_std": 0.0, "precision": 0.68421, "precision_std": 0.0, "recall": 1.0, "recall_std": 0.0, "f1": 0.8125, "f1_std": 0.0, "auc": 0.57988, "auc_std": 0.0}
{"epoch": 18, "time_epoch": 0.18709, "time_epoch_std": 0.0, "eta": 70.52165, "eta_std": 0.0, "eta_hours": 0.01959, "eta_hours_std": 0.0, "loss": 0.63244, "loss_std": 0.0, "lr": 0.00092, "lr_std": 0.0, "params": 8313.0, "params_std": 0.0, "time_iter": 0.06236, "time_iter_std": 0.0, "accuracy": 0.69231, "accuracy_std": 0.0, "precision": 0.68421, "precision_std": 0.0, "recall": 1.0, "recall_std": 0.0, "f1": 0.8125, "f1_std": 0.0, "auc": 0.66568, "auc_std": 0.0}
{"epoch": 19, "time_epoch": 0.18299, "time_epoch_std": 0.0, "eta": 66.90041, "eta_std": 0.0, "eta_hours": 0.01858, "eta_hours_std": 0.0, "loss": 0.62843, "loss_std": 0.0, "lr": 0.00091, "lr_std": 0.0, "params": 8313.0, "params_std": 0.0, "time_iter": 0.061, "time_iter_std": 0.0, "accuracy": 0.69231, "accuracy_std": 0.0, "precision": 0.68421, "precision_std": 0.0, "recall": 1.0, "recall_std": 0.0, "f1": 0.8125, "f1_std": 0.0, "auc": 0.58876, "auc_std": 0.0}
{"epoch": 20, "time_epoch": 0.1811, "time_epoch_std": 0.0, "eta": 63.59951, "eta_std": 0.0, "eta_hours": 0.01767, "eta_hours_std": 0.0, "loss": 0.62446, "loss_std": 0.0, "lr": 0.0009, "lr_std": 0.0, "params": 8313.0, "params_std": 0.0, "time_iter": 0.06037, "time_iter_std": 0.0, "accuracy": 0.69231, "accuracy_std": 0.0, "precision": 0.68421, "precision_std": 0.0, "recall": 1.0, "recall_std": 0.0, "f1": 0.8125, "f1_std": 0.0, "auc": 0.76331, "auc_std": 0.0}
{"epoch": 21, "time_epoch": 0.18389, "time_epoch_std": 0.0, "eta": 60.59214, "eta_std": 0.0, "eta_hours": 0.01683, "eta_hours_std": 0.0, "loss": 0.61574, "loss_std": 0.0, "lr": 0.0009, "lr_std": 0.0, "params": 8313.0, "params_std": 0.0, "time_iter": 0.0613, "time_iter_std": 0.0, "accuracy": 0.69231, "accuracy_std": 0.0, "precision": 0.68421, "precision_std": 0.0, "recall": 1.0, "recall_std": 0.0, "f1": 0.8125, "f1_std": 0.0, "auc": 0.75444, "auc_std": 0.0}
{"epoch": 22, "time_epoch": 0.18475, "time_epoch_std": 0.0, "eta": 57.83315, "eta_std": 0.0, "eta_hours": 0.01606, "eta_hours_std": 0.0, "loss": 0.61491, "loss_std": 0.0, "lr": 0.00089, "lr_std": 0.0, "params": 8313.0, "params_std": 0.0, "time_iter": 0.06158, "time_iter_std": 0.0, "accuracy": 0.69231, "accuracy_std": 0.0, "precision": 0.68421, "precision_std": 0.0, "recall": 1.0, "recall_std": 0.0, "f1": 0.8125, "f1_std": 0.0, "auc": 0.74556, "auc_std": 0.0}
{"epoch": 23, "time_epoch": 0.18617, "time_epoch_std": 0.0, "eta": 55.29318, "eta_std": 0.0, "eta_hours": 0.01536, "eta_hours_std": 0.0, "loss": 0.60918, "loss_std": 0.0, "lr": 0.00088, "lr_std": 0.0, "params": 8313.0, "params_std": 0.0, "time_iter": 0.06206, "time_iter_std": 0.0, "accuracy": 0.69231, "accuracy_std": 0.0, "precision": 0.68421, "precision_std": 0.0, "recall": 1.0, "recall_std": 0.0, "f1": 0.8125, "f1_std": 0.0, "auc": 0.63018, "auc_std": 0.0}
{"epoch": 24, "time_epoch": 0.18115, "time_epoch_std": 0.0, "eta": 52.92646, "eta_std": 0.0, "eta_hours": 0.0147, "eta_hours_std": 0.0, "loss": 0.60617, "loss_std": 0.0, "lr": 0.00086, "lr_std": 0.0, "params": 8313.0, "params_std": 0.0, "time_iter": 0.06038, "time_iter_std": 0.0, "accuracy": 0.69231, "accuracy_std": 0.0, "precision": 0.68421, "precision_std": 0.0, "recall": 1.0, "recall_std": 0.0, "f1": 0.8125, "f1_std": 0.0, "auc": 0.68935, "auc_std": 0.0}
{"epoch": 25, "time_epoch": 0.18495, "time_epoch_std": 0.0, "eta": 50.73867, "eta_std": 0.0, "eta_hours": 0.01409, "eta_hours_std": 0.0, "loss": 0.60164, "loss_std": 0.0, "lr": 0.00085, "lr_std": 0.0, "params": 8313.0, "params_std": 0.0, "time_iter": 0.06165, "time_iter_std": 0.0, "accuracy": 0.69231, "accuracy_std": 0.0, "precision": 0.68421, "precision_std": 0.0, "recall": 1.0, "recall_std": 0.0, "f1": 0.8125, "f1_std": 0.0, "auc": 0.7426, "auc_std": 0.0}
{"epoch": 26, "time_epoch": 0.18376, "time_epoch_std": 0.0, "eta": 48.69603, "eta_std": 0.0, "eta_hours": 0.01353, "eta_hours_std": 0.0, "loss": 0.59247, "loss_std": 0.0, "lr": 0.00084, "lr_std": 0.0, "params": 8313.0, "params_std": 0.0, "time_iter": 0.06125, "time_iter_std": 0.0, "accuracy": 0.69231, "accuracy_std": 0.0, "precision": 0.68421, "precision_std": 0.0, "recall": 1.0, "recall_std": 0.0, "f1": 0.8125, "f1_std": 0.0, "auc": 0.78698, "auc_std": 0.0}
{"epoch": 27, "time_epoch": 0.18657, "time_epoch_std": 0.0, "eta": 46.7934, "eta_std": 0.0, "eta_hours": 0.013, "eta_hours_std": 0.0, "loss": 0.58895, "loss_std": 0.0, "lr": 0.00083, "lr_std": 0.0, "params": 8313.0, "params_std": 0.0, "time_iter": 0.06219, "time_iter_std": 0.0, "accuracy": 0.69231, "accuracy_std": 0.0, "precision": 0.68421, "precision_std": 0.0, "recall": 1.0, "recall_std": 0.0, "f1": 0.8125, "f1_std": 0.0, "auc": 0.77515, "auc_std": 0.0}
{"epoch": 28, "time_epoch": 0.18144, "time_epoch_std": 0.0, "eta": 44.99655, "eta_std": 0.0, "eta_hours": 0.0125, "eta_hours_std": 0.0, "loss": 0.58955, "loss_std": 0.0, "lr": 0.00082, "lr_std": 0.0, "params": 8313.0, "params_std": 0.0, "time_iter": 0.06048, "time_iter_std": 0.0, "accuracy": 0.69231, "accuracy_std": 0.0, "precision": 0.68421, "precision_std": 0.0, "recall": 1.0, "recall_std": 0.0, "f1": 0.8125, "f1_std": 0.0, "auc": 0.7574, "auc_std": 0.0}
{"epoch": 29, "time_epoch": 0.1856, "time_epoch_std": 0.0, "eta": 43.3171, "eta_std": 0.0, "eta_hours": 0.01203, "eta_hours_std": 0.0, "loss": 0.58703, "loss_std": 0.0, "lr": 0.00081, "lr_std": 0.0, "params": 8313.0, "params_std": 0.0, "time_iter": 0.06187, "time_iter_std": 0.0, "accuracy": 0.69231, "accuracy_std": 0.0, "precision": 0.68421, "precision_std": 0.0, "recall": 1.0, "recall_std": 0.0, "f1": 0.8125, "f1_std": 0.0, "auc": 0.80178, "auc_std": 0.0}
{"epoch": 30, "time_epoch": 0.18216, "time_epoch_std": 0.0, "eta": 41.72638, "eta_std": 0.0, "eta_hours": 0.01159, "eta_hours_std": 0.0, "loss": 0.57878, "loss_std": 0.0, "lr": 0.00079, "lr_std": 0.0, "params": 8313.0, "params_std": 0.0, "time_iter": 0.06072, "time_iter_std": 0.0, "accuracy": 0.69231, "accuracy_std": 0.0, "precision": 0.68421, "precision_std": 0.0, "recall": 1.0, "recall_std": 0.0, "f1": 0.8125, "f1_std": 0.0, "auc": 0.85207, "auc_std": 0.0}
{"epoch": 31, "time_epoch": 0.18199, "time_epoch_std": 0.0, "eta": 40.22332, "eta_std": 0.0, "eta_hours": 0.01117, "eta_hours_std": 0.0, "loss": 0.59459, "loss_std": 0.0, "lr": 0.00078, "lr_std": 0.0, "params": 8313.0, "params_std": 0.0, "time_iter": 0.06066, "time_iter_std": 0.0, "accuracy": 0.69231, "accuracy_std": 0.0, "precision": 0.68421, "precision_std": 0.0, "recall": 1.0, "recall_std": 0.0, "f1": 0.8125, "f1_std": 0.0, "auc": 0.77515, "auc_std": 0.0}
{"epoch": 32, "time_epoch": 0.18256, "time_epoch_std": 0.0, "eta": 38.8015, "eta_std": 0.0, "eta_hours": 0.01078, "eta_hours_std": 0.0, "loss": 0.57709, "loss_std": 0.0, "lr": 0.00077, "lr_std": 0.0, "params": 8313.0, "params_std": 0.0, "time_iter": 0.06085, "time_iter_std": 0.0, "accuracy": 0.69231, "accuracy_std": 0.0, "precision": 0.68421, "precision_std": 0.0, "recall": 1.0, "recall_std": 0.0, "f1": 0.8125, "f1_std": 0.0, "auc": 0.7574, "auc_std": 0.0}
{"epoch": 33, "time_epoch": 0.18099, "time_epoch_std": 0.0, "eta": 37.44952, "eta_std": 0.0, "eta_hours": 0.0104, "eta_hours_std": 0.0, "loss": 0.57705, "loss_std": 0.0, "lr": 0.00075, "lr_std": 0.0, "params": 8313.0, "params_std": 0.0, "time_iter": 0.06033, "time_iter_std": 0.0, "accuracy": 0.69231, "accuracy_std": 0.0, "precision": 0.68421, "precision_std": 0.0, "recall": 1.0, "recall_std": 0.0, "f1": 0.8125, "f1_std": 0.0, "auc": 0.86095, "auc_std": 0.0}
{"epoch": 34, "time_epoch": 0.18123, "time_epoch_std": 0.0, "eta": 36.16489, "eta_std": 0.0, "eta_hours": 0.01005, "eta_hours_std": 0.0, "loss": 0.56828, "loss_std": 0.0, "lr": 0.00074, "lr_std": 0.0, "params": 8313.0, "params_std": 0.0, "time_iter": 0.06041, "time_iter_std": 0.0, "accuracy": 0.69231, "accuracy_std": 0.0, "precision": 0.68421, "precision_std": 0.0, "recall": 1.0, "recall_std": 0.0, "f1": 0.8125, "f1_std": 0.0, "auc": 0.80178, "auc_std": 0.0}
{"epoch": 35, "time_epoch": 0.18315, "time_epoch_std": 0.0, "eta": 34.94498, "eta_std": 0.0, "eta_hours": 0.00971, "eta_hours_std": 0.0, "loss": 0.56772, "loss_std": 0.0, "lr": 0.00073, "lr_std": 0.0, "params": 8313.0, "params_std": 0.0, "time_iter": 0.06105, "time_iter_std": 0.0, "accuracy": 0.69231, "accuracy_std": 0.0, "precision": 0.68421, "precision_std": 0.0, "recall": 1.0, "recall_std": 0.0, "f1": 0.8125, "f1_std": 0.0, "auc": 0.85207, "auc_std": 0.0}
{"epoch": 36, "time_epoch": 0.18151, "time_epoch_std": 0.0, "eta": 33.77833, "eta_std": 0.0, "eta_hours": 0.00938, "eta_hours_std": 0.0, "loss": 0.56793, "loss_std": 0.0, "lr": 0.00071, "lr_std": 0.0, "params": 8313.0, "params_std": 0.0, "time_iter": 0.0605, "time_iter_std": 0.0, "accuracy": 0.69231, "accuracy_std": 0.0, "precision": 0.68421, "precision_std": 0.0, "recall": 1.0, "recall_std": 0.0, "f1": 0.8125, "f1_std": 0.0, "auc": 0.88757, "auc_std": 0.0}
{"epoch": 37, "time_epoch": 0.17858, "time_epoch_std": 0.0, "eta": 32.65874, "eta_std": 0.0, "eta_hours": 0.00907, "eta_hours_std": 0.0, "loss": 0.56155, "loss_std": 0.0, "lr": 0.0007, "lr_std": 0.0, "params": 8313.0, "params_std": 0.0, "time_iter": 0.05953, "time_iter_std": 0.0, "accuracy": 0.69231, "accuracy_std": 0.0, "precision": 0.68421, "precision_std": 0.0, "recall": 1.0, "recall_std": 0.0, "f1": 0.8125, "f1_std": 0.0, "auc": 0.90828, "auc_std": 0.0}
{"epoch": 38, "time_epoch": 0.18287, "time_epoch_std": 0.0, "eta": 31.59412, "eta_std": 0.0, "eta_hours": 0.00878, "eta_hours_std": 0.0, "loss": 0.56324, "loss_std": 0.0, "lr": 0.00068, "lr_std": 0.0, "params": 8313.0, "params_std": 0.0, "time_iter": 0.06096, "time_iter_std": 0.0, "accuracy": 0.69231, "accuracy_std": 0.0, "precision": 0.68421, "precision_std": 0.0, "recall": 1.0, "recall_std": 0.0, "f1": 0.8125, "f1_std": 0.0, "auc": 0.88757, "auc_std": 0.0}
{"epoch": 39, "time_epoch": 0.18106, "time_epoch_std": 0.0, "eta": 30.57086, "eta_std": 0.0, "eta_hours": 0.00849, "eta_hours_std": 0.0, "loss": 0.54272, "loss_std": 0.0, "lr": 0.00067, "lr_std": 0.0, "params": 8313.0, "params_std": 0.0, "time_iter": 0.06035, "time_iter_std": 0.0, "accuracy": 0.69231, "accuracy_std": 0.0, "precision": 0.68421, "precision_std": 0.0, "recall": 1.0, "recall_std": 0.0, "f1": 0.8125, "f1_std": 0.0, "auc": 0.92899, "auc_std": 0.0}
{"epoch": 40, "time_epoch": 0.18461, "time_epoch_std": 0.0, "eta": 29.59381, "eta_std": 0.0, "eta_hours": 0.00822, "eta_hours_std": 0.0, "loss": 0.55262, "loss_std": 0.0, "lr": 0.00065, "lr_std": 0.0, "params": 8313.0, "params_std": 0.0, "time_iter": 0.06154, "time_iter_std": 0.0, "accuracy": 0.69231, "accuracy_std": 0.0, "precision": 0.68421, "precision_std": 0.0, "recall": 1.0, "recall_std": 0.0, "f1": 0.8125, "f1_std": 0.0, "auc": 0.90237, "auc_std": 0.0}
{"epoch": 41, "time_epoch": 0.18485, "time_epoch_std": 0.0, "eta": 28.65481, "eta_std": 0.0, "eta_hours": 0.00796, "eta_hours_std": 0.0, "loss": 0.54321, "loss_std": 0.0, "lr": 0.00064, "lr_std": 0.0, "params": 8313.0, "params_std": 0.0, "time_iter": 0.06162, "time_iter_std": 0.0, "accuracy": 0.69231, "accuracy_std": 0.0, "precision": 0.68421, "precision_std": 0.0, "recall": 1.0, "recall_std": 0.0, "f1": 0.8125, "f1_std": 0.0, "auc": 0.91716, "auc_std": 0.0}
{"epoch": 42, "time_epoch": 0.18078, "time_epoch_std": 0.0, "eta": 27.7455, "eta_std": 0.0, "eta_hours": 0.00771, "eta_hours_std": 0.0, "loss": 0.5417, "loss_std": 0.0, "lr": 0.00062, "lr_std": 0.0, "params": 8313.0, "params_std": 0.0, "time_iter": 0.06026, "time_iter_std": 0.0, "accuracy": 0.69231, "accuracy_std": 0.0, "precision": 0.68421, "precision_std": 0.0, "recall": 1.0, "recall_std": 0.0, "f1": 0.8125, "f1_std": 0.0, "auc": 0.93491, "auc_std": 0.0}
{"epoch": 43, "time_epoch": 0.18193, "time_epoch_std": 0.0, "eta": 26.87077, "eta_std": 0.0, "eta_hours": 0.00746, "eta_hours_std": 0.0, "loss": 0.53431, "loss_std": 0.0, "lr": 0.00061, "lr_std": 0.0, "params": 8313.0, "params_std": 0.0, "time_iter": 0.06064, "time_iter_std": 0.0, "accuracy": 0.69231, "accuracy_std": 0.0, "precision": 0.68421, "precision_std": 0.0, "recall": 1.0, "recall_std": 0.0, "f1": 0.8125, "f1_std": 0.0, "auc": 0.92308, "auc_std": 0.0}
{"epoch": 44, "time_epoch": 0.18077, "time_epoch_std": 0.0, "eta": 26.0254, "eta_std": 0.0, "eta_hours": 0.00723, "eta_hours_std": 0.0, "loss": 0.53398, "loss_std": 0.0, "lr": 0.00059, "lr_std": 0.0, "params": 8313.0, "params_std": 0.0, "time_iter": 0.06026, "time_iter_std": 0.0, "accuracy": 0.69231, "accuracy_std": 0.0, "precision": 0.68421, "precision_std": 0.0, "recall": 1.0, "recall_std": 0.0, "f1": 0.8125, "f1_std": 0.0, "auc": 0.93491, "auc_std": 0.0}
{"epoch": 45, "time_epoch": 0.18018, "time_epoch_std": 0.0, "eta": 25.20825, "eta_std": 0.0, "eta_hours": 0.007, "eta_hours_std": 0.0, "loss": 0.52466, "loss_std": 0.0, "lr": 0.00058, "lr_std": 0.0, "params": 8313.0, "params_std": 0.0, "time_iter": 0.06006, "time_iter_std": 0.0, "accuracy": 0.69231, "accuracy_std": 0.0, "precision": 0.68421, "precision_std": 0.0, "recall": 1.0, "recall_std": 0.0, "f1": 0.8125, "f1_std": 0.0, "auc": 0.95266, "auc_std": 0.0}
{"epoch": 46, "time_epoch": 0.18447, "time_epoch_std": 0.0, "eta": 24.42303, "eta_std": 0.0, "eta_hours": 0.00678, "eta_hours_std": 0.0, "loss": 0.52112, "loss_std": 0.0, "lr": 0.00056, "lr_std": 0.0, "params": 8313.0, "params_std": 0.0, "time_iter": 0.06149, "time_iter_std": 0.0, "accuracy": 0.69231, "accuracy_std": 0.0, "precision": 0.68421, "precision_std": 0.0, "recall": 1.0, "recall_std": 0.0, "f1": 0.8125, "f1_std": 0.0, "auc": 0.93491, "auc_std": 0.0}
{"epoch": 47, "time_epoch": 0.18046, "time_epoch_std": 0.0, "eta": 23.65851, "eta_std": 0.0, "eta_hours": 0.00657, "eta_hours_std": 0.0, "loss": 0.51734, "loss_std": 0.0, "lr": 0.00055, "lr_std": 0.0, "params": 8313.0, "params_std": 0.0, "time_iter": 0.06015, "time_iter_std": 0.0, "accuracy": 0.69231, "accuracy_std": 0.0, "precision": 0.68421, "precision_std": 0.0, "recall": 1.0, "recall_std": 0.0, "f1": 0.8125, "f1_std": 0.0, "auc": 0.95858, "auc_std": 0.0}
{"epoch": 48, "time_epoch": 0.18203, "time_epoch_std": 0.0, "eta": 22.91945, "eta_std": 0.0, "eta_hours": 0.00637, "eta_hours_std": 0.0, "loss": 0.52817, "loss_std": 0.0, "lr": 0.00053, "lr_std": 0.0, "params": 8313.0, "params_std": 0.0, "time_iter": 0.06068, "time_iter_std": 0.0, "accuracy": 0.69231, "accuracy_std": 0.0, "precision": 0.68421, "precision_std": 0.0, "recall": 1.0, "recall_std": 0.0, "f1": 0.8125, "f1_std": 0.0, "auc": 0.89053, "auc_std": 0.0}
{"epoch": 49, "time_epoch": 0.18063, "time_epoch_std": 0.0, "eta": 22.20128, "eta_std": 0.0, "eta_hours": 0.00617, "eta_hours_std": 0.0, "loss": 0.51291, "loss_std": 0.0, "lr": 0.00052, "lr_std": 0.0, "params": 8313.0, "params_std": 0.0, "time_iter": 0.06021, "time_iter_std": 0.0, "accuracy": 0.69231, "accuracy_std": 0.0, "precision": 0.68421, "precision_std": 0.0, "recall": 1.0, "recall_std": 0.0, "f1": 0.8125, "f1_std": 0.0, "auc": 0.94379, "auc_std": 0.0}
{"epoch": 50, "time_epoch": 0.18511, "time_epoch_std": 0.0, "eta": 21.50849, "eta_std": 0.0, "eta_hours": 0.00597, "eta_hours_std": 0.0, "loss": 0.50059, "loss_std": 0.0, "lr": 0.0005, "lr_std": 0.0, "params": 8313.0, "params_std": 0.0, "time_iter": 0.0617, "time_iter_std": 0.0, "accuracy": 0.69231, "accuracy_std": 0.0, "precision": 0.68421, "precision_std": 0.0, "recall": 1.0, "recall_std": 0.0, "f1": 0.8125, "f1_std": 0.0, "auc": 0.95562, "auc_std": 0.0}
{"epoch": 51, "time_epoch": 0.18284, "time_epoch_std": 0.0, "eta": 20.83313, "eta_std": 0.0, "eta_hours": 0.00579, "eta_hours_std": 0.0, "loss": 0.50294, "loss_std": 0.0, "lr": 0.00048, "lr_std": 0.0, "params": 8313.0, "params_std": 0.0, "time_iter": 0.06095, "time_iter_std": 0.0, "accuracy": 0.71795, "accuracy_std": 0.0, "precision": 0.7027, "precision_std": 0.0, "recall": 1.0, "recall_std": 0.0, "f1": 0.8254, "f1_std": 0.0, "auc": 0.97337, "auc_std": 0.0}
{"epoch": 52, "time_epoch": 0.18425, "time_epoch_std": 0.0, "eta": 20.17761, "eta_std": 0.0, "eta_hours": 0.0056, "eta_hours_std": 0.0, "loss": 0.50147, "loss_std": 0.0, "lr": 0.00047, "lr_std": 0.0, "params": 8313.0, "params_std": 0.0, "time_iter": 0.06142, "time_iter_std": 0.0, "accuracy": 0.71795, "accuracy_std": 0.0, "precision": 0.7027, "precision_std": 0.0, "recall": 1.0, "recall_std": 0.0, "f1": 0.8254, "f1_std": 0.0, "auc": 0.92012, "auc_std": 0.0}
{"epoch": 53, "time_epoch": 0.17717, "time_epoch_std": 0.0, "eta": 19.53351, "eta_std": 0.0, "eta_hours": 0.00543, "eta_hours_std": 0.0, "loss": 0.48834, "loss_std": 0.0, "lr": 0.00045, "lr_std": 0.0, "params": 8313.0, "params_std": 0.0, "time_iter": 0.05906, "time_iter_std": 0.0, "accuracy": 0.71795, "accuracy_std": 0.0, "precision": 0.7027, "precision_std": 0.0, "recall": 1.0, "recall_std": 0.0, "f1": 0.8254, "f1_std": 0.0, "auc": 0.98521, "auc_std": 0.0}
{"epoch": 54, "time_epoch": 0.18037, "time_epoch_std": 0.0, "eta": 18.90901, "eta_std": 0.0, "eta_hours": 0.00525, "eta_hours_std": 0.0, "loss": 0.49777, "loss_std": 0.0, "lr": 0.00044, "lr_std": 0.0, "params": 8313.0, "params_std": 0.0, "time_iter": 0.06012, "time_iter_std": 0.0, "accuracy": 0.69231, "accuracy_std": 0.0, "precision": 0.68421, "precision_std": 0.0, "recall": 1.0, "recall_std": 0.0, "f1": 0.8125, "f1_std": 0.0, "auc": 0.97337, "auc_std": 0.0}
{"epoch": 55, "time_epoch": 0.18279, "time_epoch_std": 0.0, "eta": 18.30227, "eta_std": 0.0, "eta_hours": 0.00508, "eta_hours_std": 0.0, "loss": 0.48296, "loss_std": 0.0, "lr": 0.00042, "lr_std": 0.0, "params": 8313.0, "params_std": 0.0, "time_iter": 0.06093, "time_iter_std": 0.0, "accuracy": 0.71795, "accuracy_std": 0.0, "precision": 0.7027, "precision_std": 0.0, "recall": 1.0, "recall_std": 0.0, "f1": 0.8254, "f1_std": 0.0, "auc": 0.94675, "auc_std": 0.0}
{"epoch": 56, "time_epoch": 0.18165, "time_epoch_std": 0.0, "eta": 17.70955, "eta_std": 0.0, "eta_hours": 0.00492, "eta_hours_std": 0.0, "loss": 0.47699, "loss_std": 0.0, "lr": 0.00041, "lr_std": 0.0, "params": 8313.0, "params_std": 0.0, "time_iter": 0.06055, "time_iter_std": 0.0, "accuracy": 0.71795, "accuracy_std": 0.0, "precision": 0.7027, "precision_std": 0.0, "recall": 1.0, "recall_std": 0.0, "f1": 0.8254, "f1_std": 0.0, "auc": 0.93787, "auc_std": 0.0}
{"epoch": 57, "time_epoch": 0.18203, "time_epoch_std": 0.0, "eta": 17.13128, "eta_std": 0.0, "eta_hours": 0.00476, "eta_hours_std": 0.0, "loss": 0.46379, "loss_std": 0.0, "lr": 0.00039, "lr_std": 0.0, "params": 8313.0, "params_std": 0.0, "time_iter": 0.06068, "time_iter_std": 0.0, "accuracy": 0.74359, "accuracy_std": 0.0, "precision": 0.72222, "precision_std": 0.0, "recall": 1.0, "recall_std": 0.0, "f1": 0.83871, "f1_std": 0.0, "auc": 0.9645, "auc_std": 0.0}
{"epoch": 58, "time_epoch": 0.1835, "time_epoch_std": 0.0, "eta": 16.56746, "eta_std": 0.0, "eta_hours": 0.0046, "eta_hours_std": 0.0, "loss": 0.46325, "loss_std": 0.0, "lr": 0.00038, "lr_std": 0.0, "params": 8313.0, "params_std": 0.0, "time_iter": 0.06117, "time_iter_std": 0.0, "accuracy": 0.71795, "accuracy_std": 0.0, "precision": 0.7027, "precision_std": 0.0, "recall": 1.0, "recall_std": 0.0, "f1": 0.8254, "f1_std": 0.0, "auc": 0.98225, "auc_std": 0.0}
{"epoch": 59, "time_epoch": 0.18064, "time_epoch_std": 0.0, "eta": 16.01441, "eta_std": 0.0, "eta_hours": 0.00445, "eta_hours_std": 0.0, "loss": 0.46748, "loss_std": 0.0, "lr": 0.00036, "lr_std": 0.0, "params": 8313.0, "params_std": 0.0, "time_iter": 0.06021, "time_iter_std": 0.0, "accuracy": 0.74359, "accuracy_std": 0.0, "precision": 0.72222, "precision_std": 0.0, "recall": 1.0, "recall_std": 0.0, "f1": 0.83871, "f1_std": 0.0, "auc": 0.9645, "auc_std": 0.0}
{"epoch": 60, "time_epoch": 0.17635, "time_epoch_std": 0.0, "eta": 15.47083, "eta_std": 0.0, "eta_hours": 0.0043, "eta_hours_std": 0.0, "loss": 0.44525, "loss_std": 0.0, "lr": 0.00035, "lr_std": 0.0, "params": 8313.0, "params_std": 0.0, "time_iter": 0.05878, "time_iter_std": 0.0, "accuracy": 0.74359, "accuracy_std": 0.0, "precision": 0.72222, "precision_std": 0.0, "recall": 1.0, "recall_std": 0.0, "f1": 0.83871, "f1_std": 0.0, "auc": 0.99704, "auc_std": 0.0}
{"epoch": 61, "time_epoch": 0.18748, "time_epoch_std": 0.0, "eta": 14.94592, "eta_std": 0.0, "eta_hours": 0.00415, "eta_hours_std": 0.0, "loss": 0.46787, "loss_std": 0.0, "lr": 0.00033, "lr_std": 0.0, "params": 8313.0, "params_std": 0.0, "time_iter": 0.06249, "time_iter_std": 0.0, "accuracy": 0.74359, "accuracy_std": 0.0, "precision": 0.72222, "precision_std": 0.0, "recall": 1.0, "recall_std": 0.0, "f1": 0.83871, "f1_std": 0.0, "auc": 0.93491, "auc_std": 0.0}
{"epoch": 62, "time_epoch": 0.17869, "time_epoch_std": 0.0, "eta": 14.42656, "eta_std": 0.0, "eta_hours": 0.00401, "eta_hours_std": 0.0, "loss": 0.43397, "loss_std": 0.0, "lr": 0.00032, "lr_std": 0.0, "params": 8313.0, "params_std": 0.0, "time_iter": 0.05956, "time_iter_std": 0.0, "accuracy": 0.71795, "accuracy_std": 0.0, "precision": 0.7027, "precision_std": 0.0, "recall": 1.0, "recall_std": 0.0, "f1": 0.8254, "f1_std": 0.0, "auc": 0.97633, "auc_std": 0.0}
{"epoch": 63, "time_epoch": 0.18212, "time_epoch_std": 0.0, "eta": 13.91977, "eta_std": 0.0, "eta_hours": 0.00387, "eta_hours_std": 0.0, "loss": 0.42787, "loss_std": 0.0, "lr": 0.0003, "lr_std": 0.0, "params": 8313.0, "params_std": 0.0, "time_iter": 0.06071, "time_iter_std": 0.0, "accuracy": 0.74359, "accuracy_std": 0.0, "precision": 0.72222, "precision_std": 0.0, "recall": 1.0, "recall_std": 0.0, "f1": 0.83871, "f1_std": 0.0, "auc": 0.99408, "auc_std": 0.0}
{"epoch": 64, "time_epoch": 0.18401, "time_epoch_std": 0.0, "eta": 13.42399, "eta_std": 0.0, "eta_hours": 0.00373, "eta_hours_std": 0.0, "loss": 0.43692, "loss_std": 0.0, "lr": 0.00029, "lr_std": 0.0, "params": 8313.0, "params_std": 0.0, "time_iter": 0.06134, "time_iter_std": 0.0, "accuracy": 0.74359, "accuracy_std": 0.0, "precision": 0.72222, "precision_std": 0.0, "recall": 1.0, "recall_std": 0.0, "f1": 0.83871, "f1_std": 0.0, "auc": 0.95858, "auc_std": 0.0}
{"epoch": 65, "time_epoch": 0.18425, "time_epoch_std": 0.0, "eta": 12.93778, "eta_std": 0.0, "eta_hours": 0.00359, "eta_hours_std": 0.0, "loss": 0.42176, "loss_std": 0.0, "lr": 0.00027, "lr_std": 0.0, "params": 8313.0, "params_std": 0.0, "time_iter": 0.06142, "time_iter_std": 0.0, "accuracy": 0.74359, "accuracy_std": 0.0, "precision": 0.72222, "precision_std": 0.0, "recall": 1.0, "recall_std": 0.0, "f1": 0.83871, "f1_std": 0.0, "auc": 0.98225, "auc_std": 0.0}
{"epoch": 66, "time_epoch": 0.18418, "time_epoch_std": 0.0, "eta": 12.46055, "eta_std": 0.0, "eta_hours": 0.00346, "eta_hours_std": 0.0, "loss": 0.42716, "loss_std": 0.0, "lr": 0.00026, "lr_std": 0.0, "params": 8313.0, "params_std": 0.0, "time_iter": 0.06139, "time_iter_std": 0.0, "accuracy": 0.71795, "accuracy_std": 0.0, "precision": 0.7027, "precision_std": 0.0, "recall": 1.0, "recall_std": 0.0, "f1": 0.8254, "f1_std": 0.0, "auc": 0.99112, "auc_std": 0.0}
{"epoch": 67, "time_epoch": 0.18074, "time_epoch_std": 0.0, "eta": 11.99033, "eta_std": 0.0, "eta_hours": 0.00333, "eta_hours_std": 0.0, "loss": 0.41611, "loss_std": 0.0, "lr": 0.00025, "lr_std": 0.0, "params": 8313.0, "params_std": 0.0, "time_iter": 0.06025, "time_iter_std": 0.0, "accuracy": 0.74359, "accuracy_std": 0.0, "precision": 0.72222, "precision_std": 0.0, "recall": 1.0, "recall_std": 0.0, "f1": 0.83871, "f1_std": 0.0, "auc": 0.97041, "auc_std": 0.0}
{"epoch": 68, "time_epoch": 0.18148, "time_epoch_std": 0.0, "eta": 11.52882, "eta_std": 0.0, "eta_hours": 0.0032, "eta_hours_std": 0.0, "loss": 0.41359, "loss_std": 0.0, "lr": 0.00023, "lr_std": 0.0, "params": 8313.0, "params_std": 0.0, "time_iter": 0.06049, "time_iter_std": 0.0, "accuracy": 0.76923, "accuracy_std": 0.0, "precision": 0.74286, "precision_std": 0.0, "recall": 1.0, "recall_std": 0.0, "f1": 0.85246, "f1_std": 0.0, "auc": 0.9645, "auc_std": 0.0}
{"epoch": 69, "time_epoch": 0.17991, "time_epoch_std": 0.0, "eta": 11.07464, "eta_std": 0.0, "eta_hours": 0.00308, "eta_hours_std": 0.0, "loss": 0.39989, "loss_std": 0.0, "lr": 0.00022, "lr_std": 0.0, "params": 8313.0, "params_std": 0.0, "time_iter": 0.05997, "time_iter_std": 0.0, "accuracy": 0.79487, "accuracy_std": 0.0, "precision": 0.76471, "precision_std": 0.0, "recall": 1.0, "recall_std": 0.0, "f1": 0.86667, "f1_std": 0.0, "auc": 0.99112, "auc_std": 0.0}
{"epoch": 70, "time_epoch": 0.17936, "time_epoch_std": 0.0, "eta": 10.62797, "eta_std": 0.0, "eta_hours": 0.00295, "eta_hours_std": 0.0, "loss": 0.39587, "loss_std": 0.0, "lr": 0.00021, "lr_std": 0.0, "params": 8313.0, "params_std": 0.0, "time_iter": 0.05979, "time_iter_std": 0.0, "accuracy": 0.79487, "accuracy_std": 0.0, "precision": 0.76471, "precision_std": 0.0, "recall": 1.0, "recall_std": 0.0, "f1": 0.86667, "f1_std": 0.0, "auc": 1.0, "auc_std": 0.0}
{"epoch": 71, "time_epoch": 0.18091, "time_epoch_std": 0.0, "eta": 10.18932, "eta_std": 0.0, "eta_hours": 0.00283, "eta_hours_std": 0.0, "loss": 0.3889, "loss_std": 0.0, "lr": 0.00019, "lr_std": 0.0, "params": 8313.0, "params_std": 0.0, "time_iter": 0.0603, "time_iter_std": 0.0, "accuracy": 0.79487, "accuracy_std": 0.0, "precision": 0.76471, "precision_std": 0.0, "recall": 1.0, "recall_std": 0.0, "f1": 0.86667, "f1_std": 0.0, "auc": 0.99704, "auc_std": 0.0}
{"epoch": 72, "time_epoch": 0.18549, "time_epoch_std": 0.0, "eta": 9.75943, "eta_std": 0.0, "eta_hours": 0.00271, "eta_hours_std": 0.0, "loss": 0.39108, "loss_std": 0.0, "lr": 0.00018, "lr_std": 0.0, "params": 8313.0, "params_std": 0.0, "time_iter": 0.06183, "time_iter_std": 0.0, "accuracy": 0.76923, "accuracy_std": 0.0, "precision": 0.74286, "precision_std": 0.0, "recall": 1.0, "recall_std": 0.0, "f1": 0.85246, "f1_std": 0.0, "auc": 0.99112, "auc_std": 0.0}
{"epoch": 73, "time_epoch": 0.1806, "time_epoch_std": 0.0, "eta": 9.33442, "eta_std": 0.0, "eta_hours": 0.00259, "eta_hours_std": 0.0, "loss": 0.37922, "loss_std": 0.0, "lr": 0.00017, "lr_std": 0.0, "params": 8313.0, "params_std": 0.0, "time_iter": 0.0602, "time_iter_std": 0.0, "accuracy": 0.82051, "accuracy_std": 0.0, "precision": 0.78788, "precision_std": 0.0, "recall": 1.0, "recall_std": 0.0, "f1": 0.88136, "f1_std": 0.0, "auc": 1.0, "auc_std": 0.0}
{"epoch": 74, "time_epoch": 0.17934, "time_epoch_std": 0.0, "eta": 8.91551, "eta_std": 0.0, "eta_hours": 0.00248, "eta_hours_std": 0.0, "loss": 0.37768, "loss_std": 0.0, "lr": 0.00016, "lr_std": 0.0, "params": 8313.0, "params_std": 0.0, "time_iter": 0.05978, "time_iter_std": 0.0, "accuracy": 0.82051, "accuracy_std": 0.0, "precision": 0.78788, "precision_std": 0.0, "recall": 1.0, "recall_std": 0.0, "f1": 0.88136, "f1_std": 0.0, "auc": 1.0, "auc_std": 0.0}
{"epoch": 75, "time_epoch": 0.18444, "time_epoch_std": 0.0, "eta": 8.50452, "eta_std": 0.0, "eta_hours": 0.00236, "eta_hours_std": 0.0, "loss": 0.37617, "loss_std": 0.0, "lr": 0.00015, "lr_std": 0.0, "params": 8313.0, "params_std": 0.0, "time_iter": 0.06148, "time_iter_std": 0.0, "accuracy": 0.82051, "accuracy_std": 0.0, "precision": 0.78788, "precision_std": 0.0, "recall": 1.0, "recall_std": 0.0, "f1": 0.88136, "f1_std": 0.0, "auc": 1.0, "auc_std": 0.0}
{"epoch": 76, "time_epoch": 0.17837, "time_epoch_std": 0.0, "eta": 8.0976, "eta_std": 0.0, "eta_hours": 0.00225, "eta_hours_std": 0.0, "loss": 0.37894, "loss_std": 0.0, "lr": 0.00014, "lr_std": 0.0, "params": 8313.0, "params_std": 0.0, "time_iter": 0.05946, "time_iter_std": 0.0, "accuracy": 0.84615, "accuracy_std": 0.0, "precision": 0.8125, "precision_std": 0.0, "recall": 1.0, "recall_std": 0.0, "f1": 0.89655, "f1_std": 0.0, "auc": 0.99408, "auc_std": 0.0}
{"epoch": 77, "time_epoch": 0.18222, "time_epoch_std": 0.0, "eta": 7.69762, "eta_std": 0.0, "eta_hours": 0.00214, "eta_hours_std": 0.0, "loss": 0.39448, "loss_std": 0.0, "lr": 0.00012, "lr_std": 0.0, "params": 8313.0, "params_std": 0.0, "time_iter": 0.06074, "time_iter_std": 0.0, "accuracy": 0.79487, "accuracy_std": 0.0, "precision": 0.76471, "precision_std": 0.0, "recall": 1.0, "recall_std": 0.0, "f1": 0.86667, "f1_std": 0.0, "auc": 0.99112, "auc_std": 0.0}
{"epoch": 78, "time_epoch": 0.18519, "time_epoch_std": 0.0, "eta": 7.30395, "eta_std": 0.0, "eta_hours": 0.00203, "eta_hours_std": 0.0, "loss": 0.37502, "loss_std": 0.0, "lr": 0.00011, "lr_std": 0.0, "params": 8313.0, "params_std": 0.0, "time_iter": 0.06173, "time_iter_std": 0.0, "accuracy": 0.79487, "accuracy_std": 0.0, "precision": 0.76471, "precision_std": 0.0, "recall": 1.0, "recall_std": 0.0, "f1": 0.86667, "f1_std": 0.0, "auc": 0.98817, "auc_std": 0.0}
{"epoch": 79, "time_epoch": 0.18246, "time_epoch_std": 0.0, "eta": 6.91481, "eta_std": 0.0, "eta_hours": 0.00192, "eta_hours_std": 0.0, "loss": 0.37284, "loss_std": 0.0, "lr": 0.0001, "lr_std": 0.0, "params": 8313.0, "params_std": 0.0, "time_iter": 0.06082, "time_iter_std": 0.0, "accuracy": 0.84615, "accuracy_std": 0.0, "precision": 0.8125, "precision_std": 0.0, "recall": 1.0, "recall_std": 0.0, "f1": 0.89655, "f1_std": 0.0, "auc": 0.99704, "auc_std": 0.0}
{"epoch": 80, "time_epoch": 0.17955, "time_epoch_std": 0.0, "eta": 6.53008, "eta_std": 0.0, "eta_hours": 0.00181, "eta_hours_std": 0.0, "loss": 0.35538, "loss_std": 0.0, "lr": 0.0001, "lr_std": 0.0, "params": 8313.0, "params_std": 0.0, "time_iter": 0.05985, "time_iter_std": 0.0, "accuracy": 0.84615, "accuracy_std": 0.0, "precision": 0.8125, "precision_std": 0.0, "recall": 1.0, "recall_std": 0.0, "f1": 0.89655, "f1_std": 0.0, "auc": 1.0, "auc_std": 0.0}
{"epoch": 81, "time_epoch": 0.18225, "time_epoch_std": 0.0, "eta": 6.15096, "eta_std": 0.0, "eta_hours": 0.00171, "eta_hours_std": 0.0, "loss": 0.35654, "loss_std": 0.0, "lr": 9e-05, "lr_std": 0.0, "params": 8313.0, "params_std": 0.0, "time_iter": 0.06075, "time_iter_std": 0.0, "accuracy": 0.84615, "accuracy_std": 0.0, "precision": 0.8125, "precision_std": 0.0, "recall": 1.0, "recall_std": 0.0, "f1": 0.89655, "f1_std": 0.0, "auc": 1.0, "auc_std": 0.0}
{"epoch": 82, "time_epoch": 0.1822, "time_epoch_std": 0.0, "eta": 5.77656, "eta_std": 0.0, "eta_hours": 0.0016, "eta_hours_std": 0.0, "loss": 0.36177, "loss_std": 0.0, "lr": 8e-05, "lr_std": 0.0, "params": 8313.0, "params_std": 0.0, "time_iter": 0.06073, "time_iter_std": 0.0, "accuracy": 0.84615, "accuracy_std": 0.0, "precision": 0.8125, "precision_std": 0.0, "recall": 1.0, "recall_std": 0.0, "f1": 0.89655, "f1_std": 0.0, "auc": 0.99408, "auc_std": 0.0}
{"epoch": 83, "time_epoch": 0.18399, "time_epoch_std": 0.0, "eta": 5.40709, "eta_std": 0.0, "eta_hours": 0.0015, "eta_hours_std": 0.0, "loss": 0.37369, "loss_std": 0.0, "lr": 7e-05, "lr_std": 0.0, "params": 8313.0, "params_std": 0.0, "time_iter": 0.06133, "time_iter_std": 0.0, "accuracy": 0.84615, "accuracy_std": 0.0, "precision": 0.8125, "precision_std": 0.0, "recall": 1.0, "recall_std": 0.0, "f1": 0.89655, "f1_std": 0.0, "auc": 0.99112, "auc_std": 0.0}
{"epoch": 84, "time_epoch": 0.18516, "time_epoch_std": 0.0, "eta": 5.04218, "eta_std": 0.0, "eta_hours": 0.0014, "eta_hours_std": 0.0, "loss": 0.35252, "loss_std": 0.0, "lr": 6e-05, "lr_std": 0.0, "params": 8313.0, "params_std": 0.0, "time_iter": 0.06172, "time_iter_std": 0.0, "accuracy": 0.84615, "accuracy_std": 0.0, "precision": 0.8125, "precision_std": 0.0, "recall": 1.0, "recall_std": 0.0, "f1": 0.89655, "f1_std": 0.0, "auc": 0.99408, "auc_std": 0.0}
{"epoch": 85, "time_epoch": 0.1872, "time_epoch_std": 0.0, "eta": 4.68179, "eta_std": 0.0, "eta_hours": 0.0013, "eta_hours_std": 0.0, "loss": 0.35044, "loss_std": 0.0, "lr": 5e-05, "lr_std": 0.0, "params": 8313.0, "params_std": 0.0, "time_iter": 0.0624, "time_iter_std": 0.0, "accuracy": 0.87179, "accuracy_std": 0.0, "precision": 0.83871, "precision_std": 0.0, "recall": 1.0, "recall_std": 0.0, "f1": 0.91228, "f1_std": 0.0, "auc": 1.0, "auc_std": 0.0}
{"epoch": 86, "time_epoch": 0.18197, "time_epoch_std": 0.0, "eta": 4.3246, "eta_std": 0.0, "eta_hours": 0.0012, "eta_hours_std": 0.0, "loss": 0.34667, "loss_std": 0.0, "lr": 5e-05, "lr_std": 0.0, "params": 8313.0, "params_std": 0.0, "time_iter": 0.06066, "time_iter_std": 0.0, "accuracy": 0.84615, "accuracy_std": 0.0, "precision": 0.8125, "precision_std": 0.0, "recall": 1.0, "recall_std": 0.0, "f1": 0.89655, "f1_std": 0.0, "auc": 1.0, "auc_std": 0.0}
{"epoch": 87, "time_epoch": 0.18384, "time_epoch_std": 0.0, "eta": 3.97164, "eta_std": 0.0, "eta_hours": 0.0011, "eta_hours_std": 0.0, "loss": 0.35301, "loss_std": 0.0, "lr": 4e-05, "lr_std": 0.0, "params": 8313.0, "params_std": 0.0, "time_iter": 0.06128, "time_iter_std": 0.0, "accuracy": 0.84615, "accuracy_std": 0.0, "precision": 0.8125, "precision_std": 0.0, "recall": 1.0, "recall_std": 0.0, "f1": 0.89655, "f1_std": 0.0, "auc": 0.99704, "auc_std": 0.0}
{"epoch": 88, "time_epoch": 0.17838, "time_epoch_std": 0.0, "eta": 3.62181, "eta_std": 0.0, "eta_hours": 0.00101, "eta_hours_std": 0.0, "loss": 0.34925, "loss_std": 0.0, "lr": 4e-05, "lr_std": 0.0, "params": 8313.0, "params_std": 0.0, "time_iter": 0.05946, "time_iter_std": 0.0, "accuracy": 0.84615, "accuracy_std": 0.0, "precision": 0.8125, "precision_std": 0.0, "recall": 1.0, "recall_std": 0.0, "f1": 0.89655, "f1_std": 0.0, "auc": 1.0, "auc_std": 0.0}
{"epoch": 89, "time_epoch": 0.18342, "time_epoch_std": 0.0, "eta": 3.27635, "eta_std": 0.0, "eta_hours": 0.00091, "eta_hours_std": 0.0, "loss": 0.36162, "loss_std": 0.0, "lr": 3e-05, "lr_std": 0.0, "params": 8313.0, "params_std": 0.0, "time_iter": 0.06114, "time_iter_std": 0.0, "accuracy": 0.82051, "accuracy_std": 0.0, "precision": 0.78788, "precision_std": 0.0, "recall": 1.0, "recall_std": 0.0, "f1": 0.88136, "f1_std": 0.0, "auc": 0.98225, "auc_std": 0.0}
{"epoch": 90, "time_epoch": 0.18195, "time_epoch_std": 0.0, "eta": 2.93431, "eta_std": 0.0, "eta_hours": 0.00082, "eta_hours_std": 0.0, "loss": 0.34238, "loss_std": 0.0, "lr": 2e-05, "lr_std": 0.0, "params": 8313.0, "params_std": 0.0, "time_iter": 0.06065, "time_iter_std": 0.0, "accuracy": 0.84615, "accuracy_std": 0.0, "precision": 0.8125, "precision_std": 0.0, "recall": 1.0, "recall_std": 0.0, "f1": 0.89655, "f1_std": 0.0, "auc": 1.0, "auc_std": 0.0}
{"epoch": 91, "time_epoch": 0.1899, "time_epoch_std": 0.0, "eta": 2.59644, "eta_std": 0.0, "eta_hours": 0.00072, "eta_hours_std": 0.0, "loss": 0.34644, "loss_std": 0.0, "lr": 2e-05, "lr_std": 0.0, "params": 8313.0, "params_std": 0.0, "time_iter": 0.0633, "time_iter_std": 0.0, "accuracy": 0.82051, "accuracy_std": 0.0, "precision": 0.78788, "precision_std": 0.0, "recall": 1.0, "recall_std": 0.0, "f1": 0.88136, "f1_std": 0.0, "auc": 1.0, "auc_std": 0.0}
{"epoch": 92, "time_epoch": 0.18055, "time_epoch_std": 0.0, "eta": 2.26104, "eta_std": 0.0, "eta_hours": 0.00063, "eta_hours_std": 0.0, "loss": 0.34596, "loss_std": 0.0, "lr": 2e-05, "lr_std": 0.0, "params": 8313.0, "params_std": 0.0, "time_iter": 0.06018, "time_iter_std": 0.0, "accuracy": 0.89744, "accuracy_std": 0.0, "precision": 0.86667, "precision_std": 0.0, "recall": 1.0, "recall_std": 0.0, "f1": 0.92857, "f1_std": 0.0, "auc": 0.99112, "auc_std": 0.0}
{"epoch": 93, "time_epoch": 0.18752, "time_epoch_std": 0.0, "eta": 1.92939, "eta_std": 0.0, "eta_hours": 0.00054, "eta_hours_std": 0.0, "loss": 0.36601, "loss_std": 0.0, "lr": 1e-05, "lr_std": 0.0, "params": 8313.0, "params_std": 0.0, "time_iter": 0.06251, "time_iter_std": 0.0, "accuracy": 0.82051, "accuracy_std": 0.0, "precision": 0.78788, "precision_std": 0.0, "recall": 1.0, "recall_std": 0.0, "f1": 0.88136, "f1_std": 0.0, "auc": 1.0, "auc_std": 0.0}
{"epoch": 94, "time_epoch": 0.17964, "time_epoch_std": 0.0, "eta": 1.60036, "eta_std": 0.0, "eta_hours": 0.00044, "eta_hours_std": 0.0, "loss": 0.35094, "loss_std": 0.0, "lr": 1e-05, "lr_std": 0.0, "params": 8313.0, "params_std": 0.0, "time_iter": 0.05988, "time_iter_std": 0.0, "accuracy": 0.84615, "accuracy_std": 0.0, "precision": 0.8125, "precision_std": 0.0, "recall": 1.0, "recall_std": 0.0, "f1": 0.89655, "f1_std": 0.0, "auc": 0.99408, "auc_std": 0.0}
{"epoch": 95, "time_epoch": 0.18302, "time_epoch_std": 0.0, "eta": 1.27457, "eta_std": 0.0, "eta_hours": 0.00035, "eta_hours_std": 0.0, "loss": 0.3597, "loss_std": 0.0, "lr": 1e-05, "lr_std": 0.0, "params": 8313.0, "params_std": 0.0, "time_iter": 0.06101, "time_iter_std": 0.0, "accuracy": 0.87179, "accuracy_std": 0.0, "precision": 0.83871, "precision_std": 0.0, "recall": 1.0, "recall_std": 0.0, "f1": 0.91228, "f1_std": 0.0, "auc": 1.0, "auc_std": 0.0}
{"epoch": 96, "time_epoch": 0.18111, "time_epoch_std": 0.0, "eta": 0.95168, "eta_std": 0.0, "eta_hours": 0.00026, "eta_hours_std": 0.0, "loss": 0.35641, "loss_std": 0.0, "lr": 0.0, "lr_std": 0.0, "params": 8313.0, "params_std": 0.0, "time_iter": 0.06037, "time_iter_std": 0.0, "accuracy": 0.82051, "accuracy_std": 0.0, "precision": 0.78788, "precision_std": 0.0, "recall": 1.0, "recall_std": 0.0, "f1": 0.88136, "f1_std": 0.0, "auc": 0.97929, "auc_std": 0.0}
{"epoch": 97, "time_epoch": 0.18662, "time_epoch_std": 0.0, "eta": 0.63179, "eta_std": 0.0, "eta_hours": 0.00018, "eta_hours_std": 0.0, "loss": 0.34505, "loss_std": 0.0, "lr": 0.0, "lr_std": 0.0, "params": 8313.0, "params_std": 0.0, "time_iter": 0.06221, "time_iter_std": 0.0, "accuracy": 0.84615, "accuracy_std": 0.0, "precision": 0.8125, "precision_std": 0.0, "recall": 1.0, "recall_std": 0.0, "f1": 0.89655, "f1_std": 0.0, "auc": 1.0, "auc_std": 0.0}
{"epoch": 98, "time_epoch": 0.1842, "time_epoch_std": 0.0, "eta": 0.31456, "eta_std": 0.0, "eta_hours": 9e-05, "eta_hours_std": 0.0, "loss": 0.37904, "loss_std": 0.0, "lr": 0.0, "lr_std": 0.0, "params": 8313.0, "params_std": 0.0, "time_iter": 0.0614, "time_iter_std": 0.0, "accuracy": 0.87179, "accuracy_std": 0.0, "precision": 0.83871, "precision_std": 0.0, "recall": 1.0, "recall_std": 0.0, "f1": 0.91228, "f1_std": 0.0, "auc": 0.95562, "auc_std": 0.0}
{"epoch": 99, "time_epoch": 0.18628, "time_epoch_std": 0.0, "eta": 0.0, "eta_std": 0.0, "eta_hours": 0.0, "eta_hours_std": 0.0, "loss": 0.35457, "loss_std": 0.0, "lr": 0.0, "lr_std": 0.0, "params": 8313.0, "params_std": 0.0, "time_iter": 0.06209, "time_iter_std": 0.0, "accuracy": 0.89744, "accuracy_std": 0.0, "precision": 0.86667, "precision_std": 0.0, "recall": 1.0, "recall_std": 0.0, "f1": 0.92857, "f1_std": 0.0, "auc": 1.0, "auc_std": 0.0}
