{"epoch": 0, "time_epoch": 23.76825, "eta": 2353.05658, "eta_hours": 0.65363, "loss": 0.68221163, "lr": 0.001, "params": 6697, "time_iter": 0.16169, "accuracy": 0.55272, "precision": 0.46815, "recall": 0.60494, "f1": 0.52783, "auc": 0.57372}
{"epoch": 1, "time_epoch": 10.35574, "eta": 1672.07526, "eta_hours": 0.46447, "loss": 0.61052826, "lr": 0.00099975, "params": 6697, "time_iter": 0.07045, "accuracy": 0.69218, "precision": 0.69872, "recall": 0.44856, "f1": 0.54637, "auc": 0.69705}
{"epoch": 2, "time_epoch": 9.83075, "eta": 1421.20314, "eta_hours": 0.39478, "loss": 0.60620932, "lr": 0.00099901, "params": 6697, "time_iter": 0.06688, "accuracy": 0.68197, "precision": 0.67949, "recall": 0.43621, "f1": 0.53133, "auc": 0.70857}
{"epoch": 3, "time_epoch": 10.58604, "eta": 1308.97864, "eta_hours": 0.36361, "loss": 0.57394677, "lr": 0.00099778, "params": 6697, "time_iter": 0.07201, "accuracy": 0.71769, "precision": 0.71271, "recall": 0.53086, "f1": 0.60849, "auc": 0.75484}
{"epoch": 4, "time_epoch": 11.30563, "eta": 1251.08173, "eta_hours": 0.34752, "loss": 0.57632634, "lr": 0.00099606, "params": 6697, "time_iter": 0.07691, "accuracy": 0.71599, "precision": 0.7, "recall": 0.54733, "f1": 0.61432, "auc": 0.76153}
{"epoch": 5, "time_epoch": 11.39326, "eta": 1210.08807, "eta_hours": 0.33614, "loss": 0.55763665, "lr": 0.00099384, "params": 6697, "time_iter": 0.07751, "accuracy": 0.72789, "precision": 0.71728, "recall": 0.56379, "f1": 0.63134, "auc": 0.77982}
{"epoch": 6, "time_epoch": 12.29198, "eta": 1189.49189, "eta_hours": 0.33041, "loss": 0.56216491, "lr": 0.00099114, "params": 6697, "time_iter": 0.08362, "accuracy": 0.7432, "precision": 0.74211, "recall": 0.58025, "f1": 0.65127, "auc": 0.771}
{"epoch": 7, "time_epoch": 11.05168, "eta": 1156.70832, "eta_hours": 0.32131, "loss": 0.56232908, "lr": 0.00098796, "params": 6697, "time_iter": 0.07518, "accuracy": 0.7551, "precision": 0.75916, "recall": 0.59671, "f1": 0.6682, "auc": 0.76764}
{"epoch": 8, "time_epoch": 11.02547, "eta": 1128.48902, "eta_hours": 0.31347, "loss": 0.5579726, "lr": 0.00098429, "params": 6697, "time_iter": 0.075, "accuracy": 0.73299, "precision": 0.72632, "recall": 0.5679, "f1": 0.63741, "auc": 0.7709}
{"epoch": 9, "time_epoch": 10.09473, "eta": 1095.3318, "eta_hours": 0.30426, "loss": 0.55480366, "lr": 0.00098015, "params": 6697, "time_iter": 0.06867, "accuracy": 0.7381, "precision": 0.72589, "recall": 0.58848, "f1": 0.65, "auc": 0.7821}
{"epoch": 10, "time_epoch": 10.23612, "eta": 1067.51178, "eta_hours": 0.29653, "loss": 0.564465, "lr": 0.00097553, "params": 6697, "time_iter": 0.06963, "accuracy": 0.73299, "precision": 0.72632, "recall": 0.5679, "f1": 0.63741, "auc": 0.77736}
{"epoch": 11, "time_epoch": 9.99768, "eta": 1040.87382, "eta_hours": 0.28913, "loss": 0.56697618, "lr": 0.00097044, "params": 6697, "time_iter": 0.06801, "accuracy": 0.71939, "precision": 0.7191, "recall": 0.52675, "f1": 0.60808, "auc": 0.77041}
{"epoch": 12, "time_epoch": 10.8276, "eta": 1022.34998, "eta_hours": 0.28399, "loss": 0.55136862, "lr": 0.00096489, "params": 6697, "time_iter": 0.07366, "accuracy": 0.7415, "precision": 0.74863, "recall": 0.56379, "f1": 0.64319, "auc": 0.78715}
{"epoch": 13, "time_epoch": 9.89138, "eta": 999.17454, "eta_hours": 0.27755, "loss": 0.54865567, "lr": 0.00095888, "params": 6697, "time_iter": 0.06729, "accuracy": 0.7551, "precision": 0.73684, "recall": 0.63374, "f1": 0.68142, "auc": 0.79907}
{"epoch": 14, "time_epoch": 10.47287, "eta": 981.06539, "eta_hours": 0.27252, "loss": 0.56926288, "lr": 0.00095241, "params": 6697, "time_iter": 0.07124, "accuracy": 0.7415, "precision": 0.72864, "recall": 0.59671, "f1": 0.65611, "auc": 0.77483}
{"epoch": 15, "time_epoch": 10.00895, "eta": 961.4752, "eta_hours": 0.26708, "loss": 0.54304089, "lr": 0.0009455, "params": 6697, "time_iter": 0.06809, "accuracy": 0.76361, "precision": 0.78571, "recall": 0.58848, "f1": 0.67294, "auc": 0.79135}
{"epoch": 16, "time_epoch": 10.57377, "eta": 945.76987, "eta_hours": 0.26271, "loss": 0.5505445, "lr": 0.00093815, "params": 6697, "time_iter": 0.07193, "accuracy": 0.7398, "precision": 0.74457, "recall": 0.56379, "f1": 0.64169, "auc": 0.7882}
{"epoch": 17, "time_epoch": 10.42869, "eta": 929.97379, "eta_hours": 0.25833, "loss": 0.53777964, "lr": 0.00093037, "params": 6697, "time_iter": 0.07094, "accuracy": 0.75, "precision": 0.73301, "recall": 0.6214, "f1": 0.67261, "auc": 0.79881}
{"epoch": 18, "time_epoch": 10.05564, "eta": 913.15232, "eta_hours": 0.25365, "loss": 0.57668417, "lr": 0.00092216, "params": 6697, "time_iter": 0.06841, "accuracy": 0.71939, "precision": 0.70312, "recall": 0.55556, "f1": 0.62069, "auc": 0.76907}
{"epoch": 19, "time_epoch": 10.10581, "eta": 897.20813, "eta_hours": 0.24922, "loss": 0.57398557, "lr": 0.00091354, "params": 6697, "time_iter": 0.06875, "accuracy": 0.72619, "precision": 0.73295, "recall": 0.53086, "f1": 0.61575, "auc": 0.75986}
{"epoch": 20, "time_epoch": 11.56997, "eta": 887.328, "eta_hours": 0.24648, "loss": 0.56724597, "lr": 0.00090451, "params": 6697, "time_iter": 0.07871, "accuracy": 0.73639, "precision": 0.73404, "recall": 0.5679, "f1": 0.64037, "auc": 0.75833}
{"epoch": 21, "time_epoch": 11.3376, "eta": 876.47039, "eta_hours": 0.24346, "loss": 0.56027654, "lr": 0.00089508, "params": 6697, "time_iter": 0.07713, "accuracy": 0.72449, "precision": 0.71204, "recall": 0.55967, "f1": 0.62673, "auc": 0.76664}
{"epoch": 22, "time_epoch": 11.49665, "eta": 866.10351, "eta_hours": 0.24058, "loss": 0.53826038, "lr": 0.00088526, "params": 6697, "time_iter": 0.07821, "accuracy": 0.7449, "precision": 0.73134, "recall": 0.60494, "f1": 0.66216, "auc": 0.79374}
{"epoch": 23, "time_epoch": 11.06366, "eta": 854.27135, "eta_hours": 0.2373, "loss": 0.57060952, "lr": 0.00087506, "params": 6697, "time_iter": 0.07526, "accuracy": 0.7466, "precision": 0.76111, "recall": 0.56379, "f1": 0.64775, "auc": 0.77929}
{"epoch": 24, "time_epoch": 10.183, "eta": 839.8587, "eta_hours": 0.23329, "loss": 0.56158523, "lr": 0.00086448, "params": 6697, "time_iter": 0.06927, "accuracy": 0.73639, "precision": 0.73656, "recall": 0.56379, "f1": 0.63869, "auc": 0.77385}
{"epoch": 25, "time_epoch": 11.06208, "eta": 828.27341, "eta_hours": 0.23008, "loss": 0.53957108, "lr": 0.00085355, "params": 6697, "time_iter": 0.07525, "accuracy": 0.75, "precision": 0.7243, "recall": 0.63786, "f1": 0.67834, "auc": 0.79686}
{"epoch": 26, "time_epoch": 10.06631, "eta": 814.03459, "eta_hours": 0.22612, "loss": 0.53370327, "lr": 0.00084227, "params": 6697, "time_iter": 0.06848, "accuracy": 0.76531, "precision": 0.76119, "recall": 0.62963, "f1": 0.68919, "auc": 0.79744}
{"epoch": 27, "time_epoch": 10.05294, "eta": 800.05943, "eta_hours": 0.22224, "loss": 0.55213186, "lr": 0.00083066, "params": 6697, "time_iter": 0.06839, "accuracy": 0.7602, "precision": 0.76842, "recall": 0.60082, "f1": 0.67436, "auc": 0.79101}
{"epoch": 28, "time_epoch": 10.60611, "eta": 787.70908, "eta_hours": 0.21881, "loss": 0.53028484, "lr": 0.00081871, "params": 6697, "time_iter": 0.07215, "accuracy": 0.7534, "precision": 0.74747, "recall": 0.60905, "f1": 0.6712, "auc": 0.79982}
{"epoch": 29, "time_epoch": 10.01378, "eta": 774.09293, "eta_hours": 0.21503, "loss": 0.54290706, "lr": 0.00080645, "params": 6697, "time_iter": 0.06812, "accuracy": 0.76531, "precision": 0.76382, "recall": 0.62551, "f1": 0.68778, "auc": 0.80111}
{"epoch": 30, "time_epoch": 10.10344, "eta": 760.90874, "eta_hours": 0.21136, "loss": 0.54853636, "lr": 0.00079389, "params": 6697, "time_iter": 0.06873, "accuracy": 0.7398, "precision": 0.74725, "recall": 0.55967, "f1": 0.64, "auc": 0.78966}
{"epoch": 31, "time_epoch": 10.15919, "eta": 748.03557, "eta_hours": 0.20779, "loss": 0.55979431, "lr": 0.00078104, "params": 6697, "time_iter": 0.06911, "accuracy": 0.7398, "precision": 0.73438, "recall": 0.58025, "f1": 0.64828, "auc": 0.7844}
{"epoch": 32, "time_epoch": 10.20391, "eta": 735.41769, "eta_hours": 0.20428, "loss": 0.54102293, "lr": 0.00076791, "params": 6697, "time_iter": 0.06941, "accuracy": 0.7432, "precision": 0.75843, "recall": 0.55556, "f1": 0.64133, "auc": 0.80135}
{"epoch": 33, "time_epoch": 10.09536, "eta": 722.73109, "eta_hours": 0.20076, "loss": 0.52941384, "lr": 0.00075452, "params": 6697, "time_iter": 0.06868, "accuracy": 0.76701, "precision": 0.73451, "recall": 0.68313, "f1": 0.70789, "auc": 0.80761}
{"epoch": 34, "time_epoch": 10.03847, "eta": 710.0869, "eta_hours": 0.19725, "loss": 0.52472234, "lr": 0.00074088, "params": 6697, "time_iter": 0.06829, "accuracy": 0.76531, "precision": 0.7561, "recall": 0.63786, "f1": 0.69196, "auc": 0.81757}
{"epoch": 35, "time_epoch": 10.16668, "eta": 697.81541, "eta_hours": 0.19384, "loss": 0.53089935, "lr": 0.000727, "params": 6697, "time_iter": 0.06916, "accuracy": 0.77211, "precision": 0.76077, "recall": 0.65432, "f1": 0.70354, "auc": 0.80989}
{"epoch": 36, "time_epoch": 10.04671, "eta": 685.4534, "eta_hours": 0.1904, "loss": 0.55231185, "lr": 0.00071289, "params": 6697, "time_iter": 0.06834, "accuracy": 0.75, "precision": 0.74, "recall": 0.60905, "f1": 0.66817, "auc": 0.79917}
{"epoch": 37, "time_epoch": 10.03037, "eta": 673.18661, "eta_hours": 0.187, "loss": 0.50509693, "lr": 0.00069857, "params": 6697, "time_iter": 0.06823, "accuracy": 0.78061, "precision": 0.78218, "recall": 0.65021, "f1": 0.71011, "auc": 0.83779}
{"epoch": 38, "time_epoch": 10.00017, "eta": 660.98727, "eta_hours": 0.18361, "loss": 0.55503362, "lr": 0.00068406, "params": 6697, "time_iter": 0.06803, "accuracy": 0.76701, "precision": 0.7598, "recall": 0.63786, "f1": 0.69351, "auc": 0.80437}
{"epoch": 39, "time_epoch": 10.03906, "eta": 648.95621, "eta_hours": 0.18027, "loss": 0.54154197, "lr": 0.00066937, "params": 6697, "time_iter": 0.06829, "accuracy": 0.76871, "precision": 0.7861, "recall": 0.60494, "f1": 0.68372, "auc": 0.8183}
{"epoch": 40, "time_epoch": 10.00024, "eta": 636.96647, "eta_hours": 0.17694, "loss": 0.52414966, "lr": 0.00065451, "params": 6697, "time_iter": 0.06803, "accuracy": 0.78401, "precision": 0.79592, "recall": 0.64198, "f1": 0.71071, "auc": 0.82176}
{"epoch": 41, "time_epoch": 9.95697, "eta": 625.01172, "eta_hours": 0.17361, "loss": 0.54831741, "lr": 0.0006395, "params": 6697, "time_iter": 0.06773, "accuracy": 0.7517, "precision": 0.74619, "recall": 0.60494, "f1": 0.66818, "auc": 0.80872}
{"epoch": 42, "time_epoch": 10.52182, "eta": 613.89864, "eta_hours": 0.17053, "loss": 0.51989631, "lr": 0.00062434, "params": 6697, "time_iter": 0.07158, "accuracy": 0.78741, "precision": 0.78365, "recall": 0.67078, "f1": 0.72284, "auc": 0.82175}
{"epoch": 43, "time_epoch": 10.05917, "eta": 602.2236, "eta_hours": 0.16728, "loss": 0.52833271, "lr": 0.00060907, "params": 6697, "time_iter": 0.06843, "accuracy": 0.76871, "precision": 0.78307, "recall": 0.60905, "f1": 0.68519, "auc": 0.80828}
{"epoch": 44, "time_epoch": 10.00037, "eta": 590.54851, "eta_hours": 0.16404, "loss": 0.52482652, "lr": 0.00059369, "params": 6697, "time_iter": 0.06803, "accuracy": 0.76531, "precision": 0.76923, "recall": 0.61728, "f1": 0.68493, "auc": 0.82202}
{"epoch": 45, "time_epoch": 11.12486, "eta": 580.2663, "eta_hours": 0.16119, "loss": 0.55886314, "lr": 0.00057822, "params": 6697, "time_iter": 0.07568, "accuracy": 0.7585, "precision": 0.74634, "recall": 0.62963, "f1": 0.68304, "auc": 0.80531}
{"epoch": 46, "time_epoch": 10.33366, "eta": 569.05602, "eta_hours": 0.15807, "loss": 0.53060183, "lr": 0.00056267, "params": 6697, "time_iter": 0.0703, "accuracy": 0.7619, "precision": 0.7754, "recall": 0.59671, "f1": 0.67442, "auc": 0.8166}
{"epoch": 47, "time_epoch": 9.99676, "eta": 557.51729, "eta_hours": 0.15487, "loss": 0.51752362, "lr": 0.00054705, "params": 6697, "time_iter": 0.06801, "accuracy": 0.78231, "precision": 0.77778, "recall": 0.66255, "f1": 0.71556, "auc": 0.82635}
{"epoch": 48, "time_epoch": 10.11858, "eta": 546.16828, "eta_hours": 0.15171, "loss": 0.55778428, "lr": 0.0005314, "params": 6697, "time_iter": 0.06883, "accuracy": 0.7551, "precision": 0.7619, "recall": 0.59259, "f1": 0.66667, "auc": 0.80791}
{"epoch": 49, "time_epoch": 9.9816, "eta": 534.73152, "eta_hours": 0.14854, "loss": 0.54209585, "lr": 0.00051571, "params": 6697, "time_iter": 0.0679, "accuracy": 0.7585, "precision": 0.7644, "recall": 0.60082, "f1": 0.67281, "auc": 0.80086}
{"epoch": 50, "time_epoch": 10.01307, "eta": 523.38206, "eta_hours": 0.14538, "loss": 0.51133909, "lr": 0.0005, "params": 6697, "time_iter": 0.06812, "accuracy": 0.77211, "precision": 0.76585, "recall": 0.64609, "f1": 0.70089, "auc": 0.83077}
{"epoch": 51, "time_epoch": 9.96088, "eta": 512.03583, "eta_hours": 0.14223, "loss": 0.51423859, "lr": 0.00048429, "params": 6697, "time_iter": 0.06776, "accuracy": 0.80102, "precision": 0.79717, "recall": 0.69547, "f1": 0.74286, "auc": 0.83803}
{"epoch": 52, "time_epoch": 9.98475, "eta": 500.76303, "eta_hours": 0.1391, "loss": 0.52483214, "lr": 0.0004686, "params": 6697, "time_iter": 0.06792, "accuracy": 0.77891, "precision": 0.78974, "recall": 0.63374, "f1": 0.7032, "auc": 0.83546}
{"epoch": 53, "time_epoch": 9.95912, "eta": 489.51611, "eta_hours": 0.13598, "loss": 0.53171463, "lr": 0.00045295, "params": 6697, "time_iter": 0.06775, "accuracy": 0.76871, "precision": 0.77436, "recall": 0.6214, "f1": 0.6895, "auc": 0.82288}
{"epoch": 54, "time_epoch": 9.97854, "eta": 478.3319, "eta_hours": 0.13287, "loss": 0.51154952, "lr": 0.00043733, "params": 6697, "time_iter": 0.06788, "accuracy": 0.79422, "precision": 0.805, "recall": 0.66255, "f1": 0.72686, "auc": 0.84368}
{"epoch": 55, "time_epoch": 10.53294, "eta": 467.62636, "eta_hours": 0.1299, "loss": 0.5417835, "lr": 0.00042178, "params": 6697, "time_iter": 0.07165, "accuracy": 0.77721, "precision": 0.76168, "recall": 0.67078, "f1": 0.71335, "auc": 0.82658}
{"epoch": 56, "time_epoch": 10.05303, "eta": 456.56484, "eta_hours": 0.12682, "loss": 0.50167941, "lr": 0.00040631, "params": 6697, "time_iter": 0.06839, "accuracy": 0.77551, "precision": 0.76812, "recall": 0.65432, "f1": 0.70667, "auc": 0.84221}
{"epoch": 57, "time_epoch": 10.02003, "eta": 445.5142, "eta_hours": 0.12375, "loss": 0.50123743, "lr": 0.00039093, "params": 6697, "time_iter": 0.06816, "accuracy": 0.78061, "precision": 0.76636, "recall": 0.6749, "f1": 0.71772, "auc": 0.83868}
{"epoch": 58, "time_epoch": 10.02949, "eta": 434.50506, "eta_hours": 0.1207, "loss": 0.51960073, "lr": 0.00037566, "params": 6697, "time_iter": 0.06823, "accuracy": 0.76361, "precision": 0.76263, "recall": 0.6214, "f1": 0.68481, "auc": 0.82622}
{"epoch": 59, "time_epoch": 10.27379, "eta": 423.69145, "eta_hours": 0.11769, "loss": 0.50236406, "lr": 0.0003605, "params": 6697, "time_iter": 0.06989, "accuracy": 0.79252, "precision": 0.79803, "recall": 0.66667, "f1": 0.72646, "auc": 0.84774}
{"epoch": 60, "time_epoch": 10.02935, "eta": 412.73925, "eta_hours": 0.11465, "loss": 0.49628551, "lr": 0.00034549, "params": 6697, "time_iter": 0.06823, "accuracy": 0.79422, "precision": 0.79612, "recall": 0.6749, "f1": 0.73051, "auc": 0.84031}
{"epoch": 61, "time_epoch": 9.99199, "eta": 401.79392, "eta_hours": 0.11161, "loss": 0.51110519, "lr": 0.00033063, "params": 6697, "time_iter": 0.06797, "accuracy": 0.78912, "precision": 0.79024, "recall": 0.66667, "f1": 0.72321, "auc": 0.84355}
{"epoch": 62, "time_epoch": 9.9915, "eta": 390.87858, "eta_hours": 0.10858, "loss": 0.52175921, "lr": 0.00031594, "params": 6697, "time_iter": 0.06797, "accuracy": 0.77551, "precision": 0.76812, "recall": 0.65432, "f1": 0.70667, "auc": 0.84251}
{"epoch": 63, "time_epoch": 10.57504, "eta": 380.32034, "eta_hours": 0.10564, "loss": 0.50213234, "lr": 0.00030143, "params": 6697, "time_iter": 0.07194, "accuracy": 0.78741, "precision": 0.76339, "recall": 0.7037, "f1": 0.73233, "auc": 0.84687}
{"epoch": 64, "time_epoch": 10.00479, "eta": 369.45453, "eta_hours": 0.10263, "loss": 0.56201176, "lr": 0.00028711, "params": 6697, "time_iter": 0.06806, "accuracy": 0.77891, "precision": 0.76526, "recall": 0.67078, "f1": 0.71491, "auc": 0.83083}
{"epoch": 65, "time_epoch": 10.05563, "eta": 358.641, "eta_hours": 0.09962, "loss": 0.50501692, "lr": 0.000273, "params": 6697, "time_iter": 0.06841, "accuracy": 0.78401, "precision": 0.77358, "recall": 0.6749, "f1": 0.72088, "auc": 0.84893}
{"epoch": 66, "time_epoch": 10.00869, "eta": 347.82697, "eta_hours": 0.09662, "loss": 0.52477307, "lr": 0.00025912, "params": 6697, "time_iter": 0.06809, "accuracy": 0.78061, "precision": 0.79082, "recall": 0.63786, "f1": 0.70615, "auc": 0.82195}
{"epoch": 67, "time_epoch": 10.57739, "eta": 337.30425, "eta_hours": 0.0937, "loss": 0.49997726, "lr": 0.00024548, "params": 6697, "time_iter": 0.07196, "accuracy": 0.79422, "precision": 0.78505, "recall": 0.69136, "f1": 0.73523, "auc": 0.84199}
{"epoch": 68, "time_epoch": 10.03355, "eta": 326.53562, "eta_hours": 0.0907, "loss": 0.5533883, "lr": 0.00023209, "params": 6697, "time_iter": 0.06826, "accuracy": 0.7602, "precision": 0.73832, "recall": 0.65021, "f1": 0.69147, "auc": 0.83121}
{"epoch": 69, "time_epoch": 10.03691, "eta": 315.78943, "eta_hours": 0.08772, "loss": 0.47508989, "lr": 0.00021896, "params": 6697, "time_iter": 0.06828, "accuracy": 0.79422, "precision": 0.805, "recall": 0.66255, "f1": 0.72686, "auc": 0.86058}
{"epoch": 70, "time_epoch": 10.00103, "eta": 305.04856, "eta_hours": 0.08474, "loss": 0.4909279, "lr": 0.00020611, "params": 6697, "time_iter": 0.06803, "accuracy": 0.77721, "precision": 0.79167, "recall": 0.62551, "f1": 0.69885, "auc": 0.84801}
{"epoch": 71, "time_epoch": 10.68246, "eta": 294.59325, "eta_hours": 0.08183, "loss": 0.51806513, "lr": 0.00019355, "params": 6697, "time_iter": 0.07267, "accuracy": 0.78912, "precision": 0.79899, "recall": 0.65432, "f1": 0.71946, "auc": 0.8331}
{"epoch": 72, "time_epoch": 10.03961, "eta": 283.89394, "eta_hours": 0.07886, "loss": 0.49044632, "lr": 0.00018129, "params": 6697, "time_iter": 0.0683, "accuracy": 0.79932, "precision": 0.81407, "recall": 0.66667, "f1": 0.73303, "auc": 0.85204}
{"epoch": 73, "time_epoch": 10.03807, "eta": 273.21193, "eta_hours": 0.07589, "loss": 0.50596114, "lr": 0.00016934, "params": 6697, "time_iter": 0.06829, "accuracy": 0.78061, "precision": 0.78218, "recall": 0.65021, "f1": 0.71011, "auc": 0.84536}
{"epoch": 74, "time_epoch": 10.03088, "eta": 262.54469, "eta_hours": 0.07293, "loss": 0.49679441, "lr": 0.00015773, "params": 6697, "time_iter": 0.06824, "accuracy": 0.79422, "precision": 0.79048, "recall": 0.68313, "f1": 0.73289, "auc": 0.85221}
{"epoch": 75, "time_epoch": 10.04182, "eta": 251.89765, "eta_hours": 0.06997, "loss": 0.49927508, "lr": 0.00014645, "params": 6697, "time_iter": 0.06831, "accuracy": 0.77041, "precision": 0.75472, "recall": 0.65844, "f1": 0.7033, "auc": 0.84809}
{"epoch": 76, "time_epoch": 10.06063, "eta": 241.27194, "eta_hours": 0.06702, "loss": 0.46142521, "lr": 0.00013552, "params": 6697, "time_iter": 0.06844, "accuracy": 0.79762, "precision": 0.79808, "recall": 0.68313, "f1": 0.73614, "auc": 0.86915}
{"epoch": 77, "time_epoch": 10.04246, "eta": 230.65561, "eta_hours": 0.06407, "loss": 0.48949545, "lr": 0.00012494, "params": 6697, "time_iter": 0.06832, "accuracy": 0.78741, "precision": 0.77315, "recall": 0.68724, "f1": 0.72767, "auc": 0.85279}
{"epoch": 78, "time_epoch": 10.32922, "eta": 220.13002, "eta_hours": 0.06115, "loss": 0.53261264, "lr": 0.00011474, "params": 6697, "time_iter": 0.07027, "accuracy": 0.77891, "precision": 0.77295, "recall": 0.65844, "f1": 0.71111, "auc": 0.82252}
{"epoch": 79, "time_epoch": 10.01939, "eta": 209.53189, "eta_hours": 0.0582, "loss": 0.49812269, "lr": 0.00010492, "params": 6697, "time_iter": 0.06816, "accuracy": 0.78912, "precision": 0.78199, "recall": 0.67901, "f1": 0.72687, "auc": 0.84694}
{"epoch": 80, "time_epoch": 10.01647, "eta": 198.94737, "eta_hours": 0.05526, "loss": 0.47006987, "lr": 9.549e-05, "params": 6697, "time_iter": 0.06814, "accuracy": 0.79592, "precision": 0.8, "recall": 0.6749, "f1": 0.73214, "auc": 0.86172}
{"epoch": 81, "time_epoch": 10.47955, "eta": 188.47835, "eta_hours": 0.05236, "loss": 0.51712735, "lr": 8.646e-05, "params": 6697, "time_iter": 0.07129, "accuracy": 0.78401, "precision": 0.79, "recall": 0.65021, "f1": 0.71332, "auc": 0.8383}
{"epoch": 82, "time_epoch": 9.9739, "eta": 177.90551, "eta_hours": 0.04942, "loss": 0.48744365, "lr": 7.784e-05, "params": 6697, "time_iter": 0.06785, "accuracy": 0.77721, "precision": 0.77451, "recall": 0.65021, "f1": 0.70694, "auc": 0.8572}
{"epoch": 83, "time_epoch": 10.66036, "eta": 167.47769, "eta_hours": 0.04652, "loss": 0.51266242, "lr": 6.963e-05, "params": 6697, "time_iter": 0.07252, "accuracy": 0.78912, "precision": 0.79899, "recall": 0.65432, "f1": 0.71946, "auc": 0.83713}
{"epoch": 84, "time_epoch": 9.9247, "eta": 156.91457, "eta_hours": 0.04359, "loss": 0.47647816, "lr": 6.185e-05, "params": 6697, "time_iter": 0.06751, "accuracy": 0.79422, "precision": 0.79612, "recall": 0.6749, "f1": 0.73051, "auc": 0.86422}
{"epoch": 85, "time_epoch": 9.93451, "eta": 146.36789, "eta_hours": 0.04066, "loss": 0.48235118, "lr": 5.45e-05, "params": 6697, "time_iter": 0.06758, "accuracy": 0.78571, "precision": 0.80311, "recall": 0.63786, "f1": 0.71101, "auc": 0.85555}
{"epoch": 86, "time_epoch": 9.95767, "eta": 135.83875, "eta_hours": 0.03773, "loss": 0.49219284, "lr": 4.759e-05, "params": 6697, "time_iter": 0.06774, "accuracy": 0.78912, "precision": 0.7931, "recall": 0.66255, "f1": 0.72197, "auc": 0.85755}
{"epoch": 87, "time_epoch": 10.00023, "eta": 125.3284, "eta_hours": 0.03481, "loss": 0.5009906, "lr": 4.112e-05, "params": 6697, "time_iter": 0.06803, "accuracy": 0.76871, "precision": 0.76098, "recall": 0.64198, "f1": 0.69643, "auc": 0.8459}
{"epoch": 88, "time_epoch": 10.16109, "eta": 114.8494, "eta_hours": 0.0319, "loss": 0.4881898, "lr": 3.511e-05, "params": 6697, "time_iter": 0.06912, "accuracy": 0.78912, "precision": 0.79602, "recall": 0.65844, "f1": 0.72072, "auc": 0.85303}
{"epoch": 89, "time_epoch": 9.99124, "eta": 104.35859, "eta_hours": 0.02899, "loss": 0.48724975, "lr": 2.956e-05, "params": 6697, "time_iter": 0.06797, "accuracy": 0.77891, "precision": 0.77033, "recall": 0.66255, "f1": 0.71239, "auc": 0.85349}
{"epoch": 90, "time_epoch": 9.9974, "eta": 93.87936, "eta_hours": 0.02608, "loss": 0.50738376, "lr": 2.447e-05, "params": 6697, "time_iter": 0.06801, "accuracy": 0.78061, "precision": 0.79688, "recall": 0.62963, "f1": 0.70345, "auc": 0.84198}
{"epoch": 91, "time_epoch": 10.00398, "eta": 83.41119, "eta_hours": 0.02317, "loss": 0.47783638, "lr": 1.985e-05, "params": 6697, "time_iter": 0.06805, "accuracy": 0.80102, "precision": 0.81188, "recall": 0.6749, "f1": 0.73708, "auc": 0.86015}
{"epoch": 92, "time_epoch": 10.00308, "eta": 72.95293, "eta_hours": 0.02026, "loss": 0.48288104, "lr": 1.571e-05, "params": 6697, "time_iter": 0.06805, "accuracy": 0.79592, "precision": 0.78873, "recall": 0.69136, "f1": 0.73684, "auc": 0.86434}
{"epoch": 93, "time_epoch": 9.95254, "eta": 62.50112, "eta_hours": 0.01736, "loss": 0.53720667, "lr": 1.204e-05, "params": 6697, "time_iter": 0.0677, "accuracy": 0.78401, "precision": 0.77885, "recall": 0.66667, "f1": 0.7184, "auc": 0.83386}
{"epoch": 94, "time_epoch": 9.92294, "eta": 52.05828, "eta_hours": 0.01446, "loss": 0.49872424, "lr": 8.86e-06, "params": 6697, "time_iter": 0.0675, "accuracy": 0.78912, "precision": 0.77419, "recall": 0.69136, "f1": 0.73043, "auc": 0.85036}
{"epoch": 95, "time_epoch": 10.19862, "eta": 41.63774, "eta_hours": 0.01157, "loss": 0.50486929, "lr": 6.16e-06, "params": 6697, "time_iter": 0.06938, "accuracy": 0.78741, "precision": 0.7757, "recall": 0.68313, "f1": 0.72648, "auc": 0.84263}
{"epoch": 96, "time_epoch": 12.61096, "eta": 31.2964, "eta_hours": 0.00869, "loss": 0.51069338, "lr": 3.94e-06, "params": 6697, "time_iter": 0.08579, "accuracy": 0.78571, "precision": 0.7799, "recall": 0.67078, "f1": 0.72124, "auc": 0.84211}
{"epoch": 97, "time_epoch": 9.53742, "eta": 20.846, "eta_hours": 0.00579, "loss": 0.52817138, "lr": 2.22e-06, "params": 6697, "time_iter": 0.06488, "accuracy": 0.78061, "precision": 0.7767, "recall": 0.65844, "f1": 0.71269, "auc": 0.83477}
{"epoch": 98, "time_epoch": 9.90156, "eta": 10.41774, "eta_hours": 0.00289, "loss": 0.48962047, "lr": 9.9e-07, "params": 6697, "time_iter": 0.06736, "accuracy": 0.79252, "precision": 0.78404, "recall": 0.68724, "f1": 0.73246, "auc": 0.84672}
{"epoch": 99, "time_epoch": 9.8482, "eta": 0.0, "eta_hours": 0.0, "loss": 0.522231, "lr": 2.5e-07, "params": 6697, "time_iter": 0.06699, "accuracy": 0.77211, "precision": 0.77114, "recall": 0.63786, "f1": 0.6982, "auc": 0.83655}
