{"epoch": 0, "time_epoch": 45.93948, "eta": 4548.00813, "eta_hours": 1.26334, "loss": 0.66542274, "lr": 0.001, "params": 5865, "time_iter": 0.08938, "accuracy": 0.59932, "precision": 0.59016, "recall": 0.66279, "f1": 0.62437, "auc": 0.63941}
{"epoch": 1, "time_epoch": 32.96489, "eta": 3866.31409, "eta_hours": 1.07398, "loss": 0.65289082, "lr": 0.00099975, "params": 5865, "time_iter": 0.06413, "accuracy": 0.63486, "precision": 0.63689, "recall": 0.63566, "f1": 0.63628, "auc": 0.66568}
{"epoch": 2, "time_epoch": 32.38467, "eta": 3598.3456, "eta_hours": 0.99954, "loss": 0.6493828, "lr": 0.00099901, "params": 5865, "time_iter": 0.06301, "accuracy": 0.63048, "precision": 0.62745, "recall": 0.65116, "f1": 0.63909, "auc": 0.67135}
{"epoch": 3, "time_epoch": 31.97746, "eta": 3438.39587, "eta_hours": 0.95511, "loss": 0.64022658, "lr": 0.00099778, "params": 5865, "time_iter": 0.06221, "accuracy": 0.63973, "precision": 0.63774, "recall": 0.65504, "f1": 0.64627, "auc": 0.68705}
{"epoch": 4, "time_epoch": 31.97508, "eta": 3329.58993, "eta_hours": 0.92489, "loss": 0.64022407, "lr": 0.00099606, "params": 5865, "time_iter": 0.06221, "accuracy": 0.62999, "precision": 0.6283, "recall": 0.64535, "f1": 0.63671, "auc": 0.68409}
{"epoch": 5, "time_epoch": 31.97897, "eta": 3246.45513, "eta_hours": 0.90179, "loss": 0.62875932, "lr": 0.00099384, "params": 5865, "time_iter": 0.06222, "accuracy": 0.65774, "precision": 0.65772, "recall": 0.66473, "f1": 0.6612, "auc": 0.70412}
{"epoch": 6, "time_epoch": 32.01661, "eta": 3178.43646, "eta_hours": 0.8829, "loss": 0.62517631, "lr": 0.00099114, "params": 5865, "time_iter": 0.06229, "accuracy": 0.66261, "precision": 0.66933, "recall": 0.64922, "f1": 0.65912, "auc": 0.70924}
{"epoch": 7, "time_epoch": 31.95317, "eta": 3118.68867, "eta_hours": 0.8663, "loss": 0.61924257, "lr": 0.00098796, "params": 5865, "time_iter": 0.06217, "accuracy": 0.66748, "precision": 0.67294, "recall": 0.65795, "f1": 0.66536, "auc": 0.71932}
{"epoch": 8, "time_epoch": 32.0151, "eta": 3065.74368, "eta_hours": 0.8516, "loss": 0.62685917, "lr": 0.00098429, "params": 5865, "time_iter": 0.06229, "accuracy": 0.65531, "precision": 0.65, "recall": 0.68023, "f1": 0.66477, "auc": 0.71158}
{"epoch": 9, "time_epoch": 31.98334, "eta": 3016.69883, "eta_hours": 0.83797, "loss": 0.62182456, "lr": 0.00098015, "params": 5865, "time_iter": 0.06222, "accuracy": 0.66212, "precision": 0.66601, "recall": 0.65698, "f1": 0.66146, "auc": 0.72462}
{"epoch": 10, "time_epoch": 31.97402, "eta": 2970.68068, "eta_hours": 0.82519, "loss": 0.62338794, "lr": 0.00097553, "params": 5865, "time_iter": 0.06221, "accuracy": 0.67089, "precision": 0.6639, "recall": 0.69864, "f1": 0.68083, "auc": 0.72831}
{"epoch": 11, "time_epoch": 31.94378, "eta": 2926.78146, "eta_hours": 0.81299, "loss": 0.61825185, "lr": 0.00097044, "params": 5865, "time_iter": 0.06215, "accuracy": 0.67381, "precision": 0.67607, "recall": 0.67345, "f1": 0.67476, "auc": 0.73617}
{"epoch": 12, "time_epoch": 31.94582, "eta": 2884.73519, "eta_hours": 0.80132, "loss": 0.61160355, "lr": 0.00096489, "params": 5865, "time_iter": 0.06215, "accuracy": 0.67722, "precision": 0.67389, "recall": 0.69283, "f1": 0.68323, "auc": 0.73902}
{"epoch": 13, "time_epoch": 31.98576, "eta": 2844.37715, "eta_hours": 0.7901, "loss": 0.60222277, "lr": 0.00095888, "params": 5865, "time_iter": 0.06223, "accuracy": 0.68354, "precision": 0.68616, "recall": 0.68217, "f1": 0.68416, "auc": 0.75421}
{"epoch": 14, "time_epoch": 31.94745, "eta": 2804.91833, "eta_hours": 0.77914, "loss": 0.59507158, "lr": 0.00095241, "params": 5865, "time_iter": 0.06215, "accuracy": 0.685, "precision": 0.69907, "recall": 0.65504, "f1": 0.67634, "auc": 0.76173}
{"epoch": 15, "time_epoch": 31.95952, "eta": 2766.46181, "eta_hours": 0.76846, "loss": 0.59500108, "lr": 0.0009455, "params": 5865, "time_iter": 0.06218, "accuracy": 0.69572, "precision": 0.70089, "recall": 0.68798, "f1": 0.69438, "auc": 0.76546}
{"epoch": 16, "time_epoch": 31.80425, "eta": 2728.01156, "eta_hours": 0.75778, "loss": 0.60033499, "lr": 0.00093815, "params": 5865, "time_iter": 0.06188, "accuracy": 0.69377, "precision": 0.69852, "recall": 0.68702, "f1": 0.69272, "auc": 0.76444}
{"epoch": 17, "time_epoch": 31.95357, "eta": 2690.97998, "eta_hours": 0.74749, "loss": 0.59438001, "lr": 0.00093037, "params": 5865, "time_iter": 0.06217, "accuracy": 0.69961, "precision": 0.69895, "recall": 0.7064, "f1": 0.70265, "auc": 0.77406}
{"epoch": 18, "time_epoch": 31.98976, "eta": 2654.63722, "eta_hours": 0.7374, "loss": 0.58046469, "lr": 0.00092216, "params": 5865, "time_iter": 0.06224, "accuracy": 0.70886, "precision": 0.71316, "recall": 0.70349, "f1": 0.70829, "auc": 0.78348}
{"epoch": 19, "time_epoch": 31.95748, "eta": 2618.60063, "eta_hours": 0.72739, "loss": 0.58506232, "lr": 0.00091354, "params": 5865, "time_iter": 0.06217, "accuracy": 0.70448, "precision": 0.70571, "recall": 0.7064, "f1": 0.70605, "auc": 0.78229}
{"epoch": 20, "time_epoch": 31.99713, "eta": 2583.10169, "eta_hours": 0.71753, "loss": 0.58250391, "lr": 0.00090451, "params": 5865, "time_iter": 0.06225, "accuracy": 0.70204, "precision": 0.70349, "recall": 0.70349, "f1": 0.70349, "auc": 0.77826}
{"epoch": 21, "time_epoch": 31.97848, "eta": 2547.85497, "eta_hours": 0.70774, "loss": 0.56912584, "lr": 0.00089508, "params": 5865, "time_iter": 0.06221, "accuracy": 0.71276, "precision": 0.721, "recall": 0.69864, "f1": 0.70965, "auc": 0.79292}
{"epoch": 22, "time_epoch": 31.96099, "eta": 2512.8339, "eta_hours": 0.69801, "loss": 0.57766284, "lr": 0.00088526, "params": 5865, "time_iter": 0.06218, "accuracy": 0.71811, "precision": 0.72098, "recall": 0.71609, "f1": 0.71852, "auc": 0.79128}
{"epoch": 23, "time_epoch": 31.9832, "eta": 2478.13816, "eta_hours": 0.68837, "loss": 0.57467194, "lr": 0.00087506, "params": 5865, "time_iter": 0.06222, "accuracy": 0.72055, "precision": 0.71768, "recall": 0.73159, "f1": 0.72457, "auc": 0.79502}
{"epoch": 24, "time_epoch": 31.98036, "eta": 2443.65091, "eta_hours": 0.67879, "loss": 0.5748916, "lr": 0.00086448, "params": 5865, "time_iter": 0.06222, "accuracy": 0.70691, "precision": 0.71037, "recall": 0.70349, "f1": 0.70691, "auc": 0.79011}
{"epoch": 25, "time_epoch": 31.97397, "eta": 2409.33832, "eta_hours": 0.66926, "loss": 0.56604972, "lr": 0.00085355, "params": 5865, "time_iter": 0.06221, "accuracy": 0.71616, "precision": 0.71483, "recall": 0.72384, "f1": 0.71931, "auc": 0.79862}
{"epoch": 26, "time_epoch": 31.96288, "eta": 2375.16897, "eta_hours": 0.65977, "loss": 0.58534742, "lr": 0.00084227, "params": 5865, "time_iter": 0.06218, "accuracy": 0.71616, "precision": 0.71988, "recall": 0.71221, "f1": 0.71603, "auc": 0.78762}
{"epoch": 27, "time_epoch": 31.90492, "eta": 2341.00818, "eta_hours": 0.65028, "loss": 0.56828226, "lr": 0.00083066, "params": 5865, "time_iter": 0.06207, "accuracy": 0.71665, "precision": 0.71845, "recall": 0.71705, "f1": 0.71775, "auc": 0.79424}
{"epoch": 28, "time_epoch": 31.92234, "eta": 2307.04563, "eta_hours": 0.64085, "loss": 0.56938236, "lr": 0.00081871, "params": 5865, "time_iter": 0.06211, "accuracy": 0.73126, "precision": 0.72901, "recall": 0.74031, "f1": 0.73462, "auc": 0.8032}
{"epoch": 29, "time_epoch": 31.87979, "eta": 2273.1198, "eta_hours": 0.63142, "loss": 0.58201894, "lr": 0.00080645, "params": 5865, "time_iter": 0.06202, "accuracy": 0.72006, "precision": 0.72919, "recall": 0.70446, "f1": 0.71661, "auc": 0.79115}
{"epoch": 30, "time_epoch": 31.86109, "eta": 2239.28435, "eta_hours": 0.62202, "loss": 0.57859676, "lr": 0.00079389, "params": 5865, "time_iter": 0.06199, "accuracy": 0.71908, "precision": 0.72195, "recall": 0.71705, "f1": 0.71949, "auc": 0.79366}
{"epoch": 31, "time_epoch": 31.85952, "eta": 2205.56897, "eta_hours": 0.61266, "loss": 0.56093944, "lr": 0.00078104, "params": 5865, "time_iter": 0.06198, "accuracy": 0.72736, "precision": 0.7278, "recall": 0.73062, "f1": 0.72921, "auc": 0.80146}
{"epoch": 32, "time_epoch": 31.86602, "eta": 2171.97926, "eta_hours": 0.60333, "loss": 0.57092271, "lr": 0.00076791, "params": 5865, "time_iter": 0.062, "accuracy": 0.72395, "precision": 0.72507, "recall": 0.72578, "f1": 0.72542, "auc": 0.80192}
{"epoch": 33, "time_epoch": 31.85409, "eta": 2138.46779, "eta_hours": 0.59402, "loss": 0.57112551, "lr": 0.00075452, "params": 5865, "time_iter": 0.06197, "accuracy": 0.72298, "precision": 0.72454, "recall": 0.72384, "f1": 0.72419, "auc": 0.80032}
{"epoch": 34, "time_epoch": 31.86496, "eta": 2105.07121, "eta_hours": 0.58474, "loss": 0.55896033, "lr": 0.00074088, "params": 5865, "time_iter": 0.06199, "accuracy": 0.73661, "precision": 0.74428, "recall": 0.72481, "f1": 0.73441, "auc": 0.80859}
{"epoch": 35, "time_epoch": 31.87842, "eta": 2071.78365, "eta_hours": 0.5755, "loss": 0.56287277, "lr": 0.000727, "params": 5865, "time_iter": 0.06202, "accuracy": 0.73223, "precision": 0.73084, "recall": 0.73934, "f1": 0.73507, "auc": 0.81047}
{"epoch": 36, "time_epoch": 31.88014, "eta": 2038.57518, "eta_hours": 0.56627, "loss": 0.56861544, "lr": 0.00071289, "params": 5865, "time_iter": 0.06202, "accuracy": 0.72347, "precision": 0.7297, "recall": 0.71415, "f1": 0.72184, "auc": 0.80839}
{"epoch": 37, "time_epoch": 31.90584, "eta": 2005.47856, "eta_hours": 0.55708, "loss": 0.56203675, "lr": 0.00069857, "params": 5865, "time_iter": 0.06207, "accuracy": 0.7259, "precision": 0.72923, "recall": 0.72287, "f1": 0.72603, "auc": 0.80758}
{"epoch": 38, "time_epoch": 31.94233, "eta": 1972.50008, "eta_hours": 0.54792, "loss": 0.55881421, "lr": 0.00068406, "params": 5865, "time_iter": 0.06214, "accuracy": 0.73223, "precision": 0.73444, "recall": 0.73159, "f1": 0.73301, "auc": 0.81027}
{"epoch": 39, "time_epoch": 31.94017, "eta": 1939.57017, "eta_hours": 0.53877, "loss": 0.57302319, "lr": 0.00066937, "params": 5865, "time_iter": 0.06214, "accuracy": 0.72639, "precision": 0.72771, "recall": 0.72771, "f1": 0.72771, "auc": 0.80612}
{"epoch": 40, "time_epoch": 31.98072, "eta": 1906.74689, "eta_hours": 0.52965, "loss": 0.55229742, "lr": 0.00065451, "params": 5865, "time_iter": 0.06222, "accuracy": 0.7298, "precision": 0.72607, "recall": 0.74225, "f1": 0.73407, "auc": 0.80969}
{"epoch": 41, "time_epoch": 31.84389, "eta": 1873.77477, "eta_hours": 0.52049, "loss": 0.56221188, "lr": 0.0006395, "params": 5865, "time_iter": 0.06195, "accuracy": 0.73564, "precision": 0.73994, "recall": 0.73062, "f1": 0.73525, "auc": 0.81549}
{"epoch": 42, "time_epoch": 31.93299, "eta": 1840.97324, "eta_hours": 0.51138, "loss": 0.55365958, "lr": 0.00062434, "params": 5865, "time_iter": 0.06213, "accuracy": 0.74197, "precision": 0.74181, "recall": 0.74612, "f1": 0.74396, "auc": 0.81851}
{"epoch": 43, "time_epoch": 31.87037, "eta": 1808.13149, "eta_hours": 0.50226, "loss": 0.56927501, "lr": 0.00060907, "params": 5865, "time_iter": 0.062, "accuracy": 0.7332, "precision": 0.7296, "recall": 0.74516, "f1": 0.7373, "auc": 0.80923}
{"epoch": 44, "time_epoch": 31.93099, "eta": 1775.407, "eta_hours": 0.49317, "loss": 0.55837753, "lr": 0.00059369, "params": 5865, "time_iter": 0.06212, "accuracy": 0.73028, "precision": 0.72981, "recall": 0.73547, "f1": 0.73263, "auc": 0.81279}
{"epoch": 45, "time_epoch": 31.87836, "eta": 1742.65524, "eta_hours": 0.48407, "loss": 0.5481485, "lr": 0.00057822, "params": 5865, "time_iter": 0.06202, "accuracy": 0.74197, "precision": 0.73814, "recall": 0.75388, "f1": 0.74593, "auc": 0.82179}
{"epoch": 46, "time_epoch": 31.88207, "eta": 1709.94482, "eta_hours": 0.47498, "loss": 0.55723075, "lr": 0.00056267, "params": 5865, "time_iter": 0.06203, "accuracy": 0.73953, "precision": 0.74197, "recall": 0.73837, "f1": 0.74017, "auc": 0.81742}
{"epoch": 47, "time_epoch": 31.87005, "eta": 1677.25589, "eta_hours": 0.4659, "loss": 0.56240532, "lr": 0.00054705, "params": 5865, "time_iter": 0.062, "accuracy": 0.73077, "precision": 0.73596, "recall": 0.72384, "f1": 0.72985, "auc": 0.81656}
{"epoch": 48, "time_epoch": 31.91758, "eta": 1644.64987, "eta_hours": 0.45685, "loss": 0.55289037, "lr": 0.0005314, "params": 5865, "time_iter": 0.0621, "accuracy": 0.74294, "precision": 0.74419, "recall": 0.74419, "f1": 0.74419, "auc": 0.82023}
{"epoch": 49, "time_epoch": 31.92489, "eta": 1612.07868, "eta_hours": 0.4478, "loss": 0.56090023, "lr": 0.00051571, "params": 5865, "time_iter": 0.06211, "accuracy": 0.74245, "precision": 0.743, "recall": 0.74516, "f1": 0.74407, "auc": 0.81758}
{"epoch": 50, "time_epoch": 31.92592, "eta": 1579.53383, "eta_hours": 0.43876, "loss": 0.55188119, "lr": 0.0005, "params": 5865, "time_iter": 0.06211, "accuracy": 0.74245, "precision": 0.74253, "recall": 0.74612, "f1": 0.74432, "auc": 0.8219}
{"epoch": 51, "time_epoch": 31.89022, "eta": 1546.97983, "eta_hours": 0.42972, "loss": 0.55077395, "lr": 0.00048429, "params": 5865, "time_iter": 0.06204, "accuracy": 0.7444, "precision": 0.74636, "recall": 0.74419, "f1": 0.74527, "auc": 0.82403}
{"epoch": 52, "time_epoch": 31.92477, "eta": 1514.48152, "eta_hours": 0.42069, "loss": 0.54820707, "lr": 0.0004686, "params": 5865, "time_iter": 0.06211, "accuracy": 0.74051, "precision": 0.74581, "recall": 0.73353, "f1": 0.73962, "auc": 0.82571}
{"epoch": 53, "time_epoch": 31.93215, "eta": 1482.01074, "eta_hours": 0.41167, "loss": 0.54429126, "lr": 0.00045295, "params": 5865, "time_iter": 0.06212, "accuracy": 0.75122, "precision": 0.75267, "recall": 0.75194, "f1": 0.7523, "auc": 0.82673}
{"epoch": 54, "time_epoch": 31.90136, "eta": 1449.53435, "eta_hours": 0.40265, "loss": 0.54907207, "lr": 0.00043733, "params": 5865, "time_iter": 0.06206, "accuracy": 0.74976, "precision": 0.74527, "recall": 0.7626, "f1": 0.75383, "auc": 0.82135}
{"epoch": 55, "time_epoch": 31.92074, "eta": 1417.09373, "eta_hours": 0.39364, "loss": 0.54310494, "lr": 0.00042178, "params": 5865, "time_iter": 0.0621, "accuracy": 0.75803, "precision": 0.75598, "recall": 0.7655, "f1": 0.76071, "auc": 0.83052}
{"epoch": 56, "time_epoch": 31.94344, "eta": 1384.68847, "eta_hours": 0.38464, "loss": 0.55904252, "lr": 0.00040631, "params": 5865, "time_iter": 0.06215, "accuracy": 0.74051, "precision": 0.74247, "recall": 0.74031, "f1": 0.74139, "auc": 0.81771}
{"epoch": 57, "time_epoch": 31.8955, "eta": 1352.26443, "eta_hours": 0.37563, "loss": 0.53588055, "lr": 0.00039093, "params": 5865, "time_iter": 0.06205, "accuracy": 0.74489, "precision": 0.74376, "recall": 0.75097, "f1": 0.74735, "auc": 0.83149}
{"epoch": 58, "time_epoch": 31.89317, "eta": 1319.85668, "eta_hours": 0.36663, "loss": 0.53631021, "lr": 0.00037566, "params": 5865, "time_iter": 0.06205, "accuracy": 0.75268, "precision": 0.75388, "recall": 0.75388, "f1": 0.75388, "auc": 0.83151}
{"epoch": 59, "time_epoch": 31.88306, "eta": 1287.45934, "eta_hours": 0.35763, "loss": 0.54032575, "lr": 0.0003605, "params": 5865, "time_iter": 0.06203, "accuracy": 0.74684, "precision": 0.73616, "recall": 0.77326, "f1": 0.75425, "auc": 0.82786}
{"epoch": 60, "time_epoch": 31.90528, "eta": 1255.09307, "eta_hours": 0.34864, "loss": 0.54327147, "lr": 0.00034549, "params": 5865, "time_iter": 0.06207, "accuracy": 0.74927, "precision": 0.74272, "recall": 0.76647, "f1": 0.75441, "auc": 0.83137}
{"epoch": 61, "time_epoch": 31.90134, "eta": 1222.73926, "eta_hours": 0.33965, "loss": 0.54658697, "lr": 0.00033063, "params": 5865, "time_iter": 0.06206, "accuracy": 0.75024, "precision": 0.74691, "recall": 0.76066, "f1": 0.75372, "auc": 0.82716}
{"epoch": 62, "time_epoch": 31.89596, "eta": 1190.39665, "eta_hours": 0.33067, "loss": 0.5391521, "lr": 0.00031594, "params": 5865, "time_iter": 0.06205, "accuracy": 0.75268, "precision": 0.75, "recall": 0.76163, "f1": 0.75577, "auc": 0.83232}
{"epoch": 63, "time_epoch": 31.87821, "eta": 1158.05801, "eta_hours": 0.32168, "loss": 0.53901714, "lr": 0.00030143, "params": 5865, "time_iter": 0.06202, "accuracy": 0.75268, "precision": 0.74952, "recall": 0.7626, "f1": 0.756, "auc": 0.83602}
{"epoch": 64, "time_epoch": 31.87134, "eta": 1125.72985, "eta_hours": 0.3127, "loss": 0.53629015, "lr": 0.00028711, "params": 5865, "time_iter": 0.06201, "accuracy": 0.76582, "precision": 0.76826, "recall": 0.76453, "f1": 0.76639, "auc": 0.83691}
{"epoch": 65, "time_epoch": 31.88604, "eta": 1093.42309, "eta_hours": 0.30373, "loss": 0.53756817, "lr": 0.000273, "params": 5865, "time_iter": 0.06204, "accuracy": 0.74927, "precision": 0.74596, "recall": 0.75969, "f1": 0.75276, "auc": 0.83258}
{"epoch": 66, "time_epoch": 31.86674, "eta": 1061.1194, "eta_hours": 0.29476, "loss": 0.55560704, "lr": 0.00025912, "params": 5865, "time_iter": 0.062, "accuracy": 0.75414, "precision": 0.74882, "recall": 0.76841, "f1": 0.75849, "auc": 0.82962}
{"epoch": 67, "time_epoch": 31.88389, "eta": 1028.83662, "eta_hours": 0.28579, "loss": 0.53927997, "lr": 0.00024548, "params": 5865, "time_iter": 0.06203, "accuracy": 0.75463, "precision": 0.74535, "recall": 0.77713, "f1": 0.76091, "auc": 0.83386}
{"epoch": 68, "time_epoch": 31.88639, "eta": 996.56653, "eta_hours": 0.27682, "loss": 0.52503549, "lr": 0.00023209, "params": 5865, "time_iter": 0.06204, "accuracy": 0.75511, "precision": 0.75167, "recall": 0.7655, "f1": 0.75852, "auc": 0.84032}
{"epoch": 69, "time_epoch": 31.90304, "eta": 964.31453, "eta_hours": 0.26787, "loss": 0.5461027, "lr": 0.00021896, "params": 5865, "time_iter": 0.06207, "accuracy": 0.75755, "precision": 0.75822, "recall": 0.75969, "f1": 0.75895, "auc": 0.83515}
{"epoch": 70, "time_epoch": 31.98679, "eta": 932.10658, "eta_hours": 0.25892, "loss": 0.53623702, "lr": 0.00020611, "params": 5865, "time_iter": 0.06223, "accuracy": 0.76095, "precision": 0.75163, "recall": 0.78295, "f1": 0.76697, "auc": 0.8356}
{"epoch": 71, "time_epoch": 31.9022, "eta": 899.87187, "eta_hours": 0.24996, "loss": 0.54039938, "lr": 0.00019355, "params": 5865, "time_iter": 0.06207, "accuracy": 0.76777, "precision": 0.76105, "recall": 0.78391, "f1": 0.77232, "auc": 0.83761}
{"epoch": 72, "time_epoch": 31.90104, "eta": 867.64584, "eta_hours": 0.24101, "loss": 0.53329118, "lr": 0.00018129, "params": 5865, "time_iter": 0.06206, "accuracy": 0.76388, "precision": 0.76072, "recall": 0.77326, "f1": 0.76694, "auc": 0.8392}
{"epoch": 73, "time_epoch": 31.92651, "eta": 835.43755, "eta_hours": 0.23207, "loss": 0.52492674, "lr": 0.00016934, "params": 5865, "time_iter": 0.06211, "accuracy": 0.76144, "precision": 0.7576, "recall": 0.77229, "f1": 0.76488, "auc": 0.8396}
{"epoch": 74, "time_epoch": 31.87946, "eta": 803.22108, "eta_hours": 0.22312, "loss": 0.52981084, "lr": 0.00015773, "params": 5865, "time_iter": 0.06202, "accuracy": 0.76144, "precision": 0.75614, "recall": 0.77519, "f1": 0.76555, "auc": 0.8411}
{"epoch": 75, "time_epoch": 31.91282, "eta": 771.02402, "eta_hours": 0.21417, "loss": 0.5371652, "lr": 0.00014645, "params": 5865, "time_iter": 0.06209, "accuracy": 0.75706, "precision": 0.75071, "recall": 0.77326, "f1": 0.76181, "auc": 0.83737}
{"epoch": 76, "time_epoch": 31.87333, "eta": 738.82255, "eta_hours": 0.20523, "loss": 0.52356063, "lr": 0.00013552, "params": 5865, "time_iter": 0.06201, "accuracy": 0.76631, "precision": 0.75843, "recall": 0.78488, "f1": 0.77143, "auc": 0.84205}
{"epoch": 77, "time_epoch": 31.89634, "eta": 706.63598, "eta_hours": 0.19629, "loss": 0.52225562, "lr": 0.00012494, "params": 5865, "time_iter": 0.06206, "accuracy": 0.75706, "precision": 0.75949, "recall": 0.75581, "f1": 0.75765, "auc": 0.84035}
{"epoch": 78, "time_epoch": 31.88635, "eta": 674.4541, "eta_hours": 0.18735, "loss": 0.52881456, "lr": 0.00011474, "params": 5865, "time_iter": 0.06204, "accuracy": 0.76144, "precision": 0.7576, "recall": 0.77229, "f1": 0.76488, "auc": 0.84007}
{"epoch": 79, "time_epoch": 31.91767, "eta": 642.28744, "eta_hours": 0.17841, "loss": 0.51720529, "lr": 0.00010492, "params": 5865, "time_iter": 0.0621, "accuracy": 0.76436, "precision": 0.76969, "recall": 0.75775, "f1": 0.76367, "auc": 0.84517}
{"epoch": 80, "time_epoch": 31.89344, "eta": 610.12124, "eta_hours": 0.16948, "loss": 0.52771652, "lr": 9.549e-05, "params": 5865, "time_iter": 0.06205, "accuracy": 0.75852, "precision": 0.75524, "recall": 0.76841, "f1": 0.76177, "auc": 0.8404}
{"epoch": 81, "time_epoch": 31.89826, "eta": 577.96276, "eta_hours": 0.16055, "loss": 0.52864618, "lr": 8.646e-05, "params": 5865, "time_iter": 0.06206, "accuracy": 0.75901, "precision": 0.75164, "recall": 0.77713, "f1": 0.76417, "auc": 0.84154}
{"epoch": 82, "time_epoch": 31.90004, "eta": 545.81091, "eta_hours": 0.15161, "loss": 0.53358013, "lr": 7.784e-05, "params": 5865, "time_iter": 0.06206, "accuracy": 0.76144, "precision": 0.75566, "recall": 0.77616, "f1": 0.76577, "auc": 0.83877}
{"epoch": 83, "time_epoch": 32.91262, "eta": 513.85793, "eta_hours": 0.14274, "loss": 0.5243114, "lr": 6.963e-05, "params": 5865, "time_iter": 0.06403, "accuracy": 0.7668, "precision": 0.75205, "recall": 0.79942, "f1": 0.77501, "auc": 0.84472}
{"epoch": 84, "time_epoch": 32.20918, "eta": 481.75823, "eta_hours": 0.13382, "loss": 0.53089509, "lr": 6.185e-05, "params": 5865, "time_iter": 0.06266, "accuracy": 0.75511, "precision": 0.7536, "recall": 0.76163, "f1": 0.75759, "auc": 0.83991}
{"epoch": 85, "time_epoch": 32.04626, "eta": 449.62946, "eta_hours": 0.1249, "loss": 0.53357525, "lr": 5.45e-05, "params": 5865, "time_iter": 0.06235, "accuracy": 0.76339, "precision": 0.75951, "recall": 0.77422, "f1": 0.76679, "auc": 0.84156}
{"epoch": 86, "time_epoch": 32.02887, "eta": 417.49999, "eta_hours": 0.11597, "loss": 0.52888107, "lr": 4.759e-05, "params": 5865, "time_iter": 0.06231, "accuracy": 0.76193, "precision": 0.76283, "recall": 0.76357, "f1": 0.7632, "auc": 0.84126}
{"epoch": 87, "time_epoch": 32.03684, "eta": 385.3739, "eta_hours": 0.10705, "loss": 0.53431451, "lr": 4.112e-05, "params": 5865, "time_iter": 0.06233, "accuracy": 0.76193, "precision": 0.75931, "recall": 0.77035, "f1": 0.76479, "auc": 0.83984}
{"epoch": 88, "time_epoch": 31.99895, "eta": 353.24513, "eta_hours": 0.09812, "loss": 0.53645715, "lr": 3.511e-05, "params": 5865, "time_iter": 0.06225, "accuracy": 0.76582, "precision": 0.76465, "recall": 0.77132, "f1": 0.76797, "auc": 0.83798}
{"epoch": 89, "time_epoch": 32.03051, "eta": 321.12275, "eta_hours": 0.0892, "loss": 0.50719909, "lr": 2.956e-05, "params": 5865, "time_iter": 0.06232, "accuracy": 0.77215, "precision": 0.75919, "recall": 0.80039, "f1": 0.77925, "auc": 0.85051}
{"epoch": 90, "time_epoch": 32.04299, "eta": 289.00362, "eta_hours": 0.08028, "loss": 0.52539634, "lr": 2.447e-05, "params": 5865, "time_iter": 0.06234, "accuracy": 0.76241, "precision": 0.75046, "recall": 0.78973, "f1": 0.76959, "auc": 0.84179}
{"epoch": 91, "time_epoch": 32.03929, "eta": 256.88583, "eta_hours": 0.07136, "loss": 0.52275838, "lr": 1.985e-05, "params": 5865, "time_iter": 0.06233, "accuracy": 0.76777, "precision": 0.76555, "recall": 0.77519, "f1": 0.77034, "auc": 0.84383}
{"epoch": 92, "time_epoch": 32.06936, "eta": 224.77198, "eta_hours": 0.06244, "loss": 0.52163186, "lr": 1.571e-05, "params": 5865, "time_iter": 0.06239, "accuracy": 0.75706, "precision": 0.75849, "recall": 0.75775, "f1": 0.75812, "auc": 0.84226}
{"epoch": 93, "time_epoch": 32.03098, "eta": 192.65664, "eta_hours": 0.05352, "loss": 0.5248161, "lr": 1.204e-05, "params": 5865, "time_iter": 0.06232, "accuracy": 0.76241, "precision": 0.75856, "recall": 0.77326, "f1": 0.76583, "auc": 0.84165}
{"epoch": 94, "time_epoch": 32.00491, "eta": 160.5417, "eta_hours": 0.04459, "loss": 0.53427828, "lr": 8.86e-06, "params": 5865, "time_iter": 0.06227, "accuracy": 0.76777, "precision": 0.76204, "recall": 0.78198, "f1": 0.77188, "auc": 0.84214}
{"epoch": 95, "time_epoch": 31.98709, "eta": 128.42831, "eta_hours": 0.03567, "loss": 0.5171421, "lr": 6.16e-06, "params": 5865, "time_iter": 0.06223, "accuracy": 0.77215, "precision": 0.7696, "recall": 0.78004, "f1": 0.77478, "auc": 0.84909}
{"epoch": 96, "time_epoch": 32.00574, "eta": 96.3181, "eta_hours": 0.02676, "loss": 0.52212609, "lr": 3.94e-06, "params": 5865, "time_iter": 0.06227, "accuracy": 0.76339, "precision": 0.75901, "recall": 0.77519, "f1": 0.76702, "auc": 0.8441}
{"epoch": 97, "time_epoch": 32.04304, "eta": 64.21078, "eta_hours": 0.01784, "loss": 0.51469908, "lr": 2.22e-06, "params": 5865, "time_iter": 0.06234, "accuracy": 0.76972, "precision": 0.76849, "recall": 0.77519, "f1": 0.77183, "auc": 0.8487}
{"epoch": 98, "time_epoch": 32.00631, "eta": 32.10439, "eta_hours": 0.00892, "loss": 0.52362441, "lr": 9.9e-07, "params": 5865, "time_iter": 0.06227, "accuracy": 0.75852, "precision": 0.75573, "recall": 0.76744, "f1": 0.76154, "auc": 0.84391}
{"epoch": 99, "time_epoch": 32.01145, "eta": 0.0, "eta_hours": 0.0, "loss": 0.52205163, "lr": 2.5e-07, "params": 5865, "time_iter": 0.06228, "accuracy": 0.76095, "precision": 0.75163, "recall": 0.78295, "f1": 0.76697, "auc": 0.84562}
