{"epoch": 0, "time_epoch": 0.41996, "time_epoch_std": 0.0, "eta": 41.57602, "eta_std": 0.0, "eta_hours": 0.01155, "eta_hours_std": 0.0, "loss": 0.6706, "loss_std": 0.0, "lr": 0.001, "lr_std": 0.0, "params": 3473.0, "params_std": 0.0, "time_iter": 0.012, "time_iter_std": 0.0, "accuracy": 0.60791, "accuracy_std": 0.0, "precision": 0.0, "precision_std": 0.0, "recall": 0.0, "recall_std": 0.0, "f1": 0.0, "f1_std": 0.0, "auc": 0.46568, "auc_std": 0.0}
{"epoch": 1, "time_epoch": 0.37014, "time_epoch_std": 0.0, "eta": 38.71465, "eta_std": 0.0, "eta_hours": 0.01075, "eta_hours_std": 0.0, "loss": 0.66971, "loss_std": 0.0, "lr": 0.001, "lr_std": 0.0, "params": 3473.0, "params_std": 0.0, "time_iter": 0.01058, "time_iter_std": 0.0, "accuracy": 0.60791, "accuracy_std": 0.0, "precision": 0.0, "precision_std": 0.0, "recall": 0.0, "recall_std": 0.0, "f1": 0.0, "f1_std": 0.0, "auc": 0.50744, "auc_std": 0.0}
{"epoch": 2, "time_epoch": 0.38907, "time_epoch_std": 0.0, "eta": 38.12625, "eta_std": 0.0, "eta_hours": 0.01059, "eta_hours_std": 0.0, "loss": 0.67015, "loss_std": 0.0, "lr": 0.001, "lr_std": 0.0, "params": 3473.0, "params_std": 0.0, "time_iter": 0.01112, "time_iter_std": 0.0, "accuracy": 0.60791, "accuracy_std": 0.0, "precision": 0.0, "precision_std": 0.0, "recall": 0.0, "recall_std": 0.0, "f1": 0.0, "f1_std": 0.0, "auc": 0.45535, "auc_std": 0.0}
{"epoch": 3, "time_epoch": 0.39243, "time_epoch_std": 0.0, "eta": 37.71814, "eta_std": 0.0, "eta_hours": 0.01048, "eta_hours_std": 0.0, "loss": 0.67066, "loss_std": 0.0, "lr": 0.001, "lr_std": 0.0, "params": 3473.0, "params_std": 0.0, "time_iter": 0.01121, "time_iter_std": 0.0, "accuracy": 0.60791, "accuracy_std": 0.0, "precision": 0.0, "precision_std": 0.0, "recall": 0.0, "recall_std": 0.0, "f1": 0.0, "f1_std": 0.0, "auc": 0.42782, "auc_std": 0.0}
{"epoch": 4, "time_epoch": 0.3855, "time_epoch_std": 0.0, "eta": 37.18462, "eta_std": 0.0, "eta_hours": 0.01033, "eta_hours_std": 0.0, "loss": 0.67011, "loss_std": 0.0, "lr": 0.001, "lr_std": 0.0, "params": 3473.0, "params_std": 0.0, "time_iter": 0.01101, "time_iter_std": 0.0, "accuracy": 0.60791, "accuracy_std": 0.0, "precision": 0.0, "precision_std": 0.0, "recall": 0.0, "recall_std": 0.0, "f1": 0.0, "f1_std": 0.0, "auc": 0.47119, "auc_std": 0.0}
{"epoch": 5, "time_epoch": 0.38623, "time_epoch_std": 0.0, "eta": 36.7119, "eta_std": 0.0, "eta_hours": 0.0102, "eta_hours_std": 0.0, "loss": 0.6698, "loss_std": 0.0, "lr": 0.00099, "lr_std": 0.0, "params": 3473.0, "params_std": 0.0, "time_iter": 0.01104, "time_iter_std": 0.0, "accuracy": 0.60791, "accuracy_std": 0.0, "precision": 0.0, "precision_std": 0.0, "recall": 0.0, "recall_std": 0.0, "f1": 0.0, "f1_std": 0.0, "auc": 0.47582, "auc_std": 0.0}
{"epoch": 6, "time_epoch": 0.38701, "time_epoch_std": 0.0, "eta": 36.27426, "eta_std": 0.0, "eta_hours": 0.01008, "eta_hours_std": 0.0, "loss": 0.66978, "loss_std": 0.0, "lr": 0.00099, "lr_std": 0.0, "params": 3473.0, "params_std": 0.0, "time_iter": 0.01106, "time_iter_std": 0.0, "accuracy": 0.60791, "accuracy_std": 0.0, "precision": 0.0, "precision_std": 0.0, "recall": 0.0, "recall_std": 0.0, "f1": 0.0, "f1_std": 0.0, "auc": 0.46384, "auc_std": 0.0}
{"epoch": 7, "time_epoch": 0.39464, "time_epoch_std": 0.0, "eta": 35.93708, "eta_std": 0.0, "eta_hours": 0.00998, "eta_hours_std": 0.0, "loss": 0.67005, "loss_std": 0.0, "lr": 0.00099, "lr_std": 0.0, "params": 3473.0, "params_std": 0.0, "time_iter": 0.01128, "time_iter_std": 0.0, "accuracy": 0.60791, "accuracy_std": 0.0, "precision": 0.0, "precision_std": 0.0, "recall": 0.0, "recall_std": 0.0, "f1": 0.0, "f1_std": 0.0, "auc": 0.45574, "auc_std": 0.0}
{"epoch": 8, "time_epoch": 0.38569, "time_epoch_std": 0.0, "eta": 35.49661, "eta_std": 0.0, "eta_hours": 0.00986, "eta_hours_std": 0.0, "loss": 0.66976, "loss_std": 0.0, "lr": 0.00098, "lr_std": 0.0, "params": 3473.0, "params_std": 0.0, "time_iter": 0.01102, "time_iter_std": 0.0, "accuracy": 0.60791, "accuracy_std": 0.0, "precision": 0.0, "precision_std": 0.0, "recall": 0.0, "recall_std": 0.0, "f1": 0.0, "f1_std": 0.0, "auc": 0.47209, "auc_std": 0.0}
{"epoch": 9, "time_epoch": 0.39278, "time_epoch_std": 0.0, "eta": 35.13091, "eta_std": 0.0, "eta_hours": 0.00976, "eta_hours_std": 0.0, "loss": 0.66998, "loss_std": 0.0, "lr": 0.00098, "lr_std": 0.0, "params": 3473.0, "params_std": 0.0, "time_iter": 0.01122, "time_iter_std": 0.0, "accuracy": 0.60791, "accuracy_std": 0.0, "precision": 0.0, "precision_std": 0.0, "recall": 0.0, "recall_std": 0.0, "f1": 0.0, "f1_std": 0.0, "auc": 0.45369, "auc_std": 0.0}
{"epoch": 10, "time_epoch": 0.42733, "time_epoch_std": 0.0, "eta": 35.03985, "eta_std": 0.0, "eta_hours": 0.00973, "eta_hours_std": 0.0, "loss": 0.66996, "loss_std": 0.0, "lr": 0.00098, "lr_std": 0.0, "params": 3473.0, "params_std": 0.0, "time_iter": 0.01221, "time_iter_std": 0.0, "accuracy": 0.60791, "accuracy_std": 0.0, "precision": 0.0, "precision_std": 0.0, "recall": 0.0, "recall_std": 0.0, "f1": 0.0, "f1_std": 0.0, "auc": 0.45502, "auc_std": 0.0}
{"epoch": 11, "time_epoch": 0.38944, "time_epoch_std": 0.0, "eta": 34.61486, "eta_std": 0.0, "eta_hours": 0.00962, "eta_hours_std": 0.0, "loss": 0.67003, "loss_std": 0.0, "lr": 0.00097, "lr_std": 0.0, "params": 3473.0, "params_std": 0.0, "time_iter": 0.01113, "time_iter_std": 0.0, "accuracy": 0.60791, "accuracy_std": 0.0, "precision": 0.0, "precision_std": 0.0, "recall": 0.0, "recall_std": 0.0, "f1": 0.0, "f1_std": 0.0, "auc": 0.45979, "auc_std": 0.0}
{"epoch": 12, "time_epoch": 0.38554, "time_epoch_std": 0.0, "eta": 34.16926, "eta_std": 0.0, "eta_hours": 0.00949, "eta_hours_std": 0.0, "loss": 0.66973, "loss_std": 0.0, "lr": 0.00096, "lr_std": 0.0, "params": 3473.0, "params_std": 0.0, "time_iter": 0.01102, "time_iter_std": 0.0, "accuracy": 0.60791, "accuracy_std": 0.0, "precision": 0.0, "precision_std": 0.0, "recall": 0.0, "recall_std": 0.0, "f1": 0.0, "f1_std": 0.0, "auc": 0.48724, "auc_std": 0.0}
{"epoch": 13, "time_epoch": 0.38579, "time_epoch_std": 0.0, "eta": 33.73374, "eta_std": 0.0, "eta_hours": 0.00937, "eta_hours_std": 0.0, "loss": 0.67013, "loss_std": 0.0, "lr": 0.00096, "lr_std": 0.0, "params": 3473.0, "params_std": 0.0, "time_iter": 0.01102, "time_iter_std": 0.0, "accuracy": 0.60791, "accuracy_std": 0.0, "precision": 0.0, "precision_std": 0.0, "recall": 0.0, "recall_std": 0.0, "f1": 0.0, "f1_std": 0.0, "auc": 0.44357, "auc_std": 0.0}
{"epoch": 14, "time_epoch": 0.39382, "time_epoch_std": 0.0, "eta": 33.35038, "eta_std": 0.0, "eta_hours": 0.00926, "eta_hours_std": 0.0, "loss": 0.66999, "loss_std": 0.0, "lr": 0.00095, "lr_std": 0.0, "params": 3473.0, "params_std": 0.0, "time_iter": 0.01125, "time_iter_std": 0.0, "accuracy": 0.60791, "accuracy_std": 0.0, "precision": 0.0, "precision_std": 0.0, "recall": 0.0, "recall_std": 0.0, "f1": 0.0, "f1_std": 0.0, "auc": 0.42442, "auc_std": 0.0}
{"epoch": 15, "time_epoch": 0.39081, "time_epoch_std": 0.0, "eta": 32.94987, "eta_std": 0.0, "eta_hours": 0.00915, "eta_hours_std": 0.0, "loss": 0.66983, "loss_std": 0.0, "lr": 0.00095, "lr_std": 0.0, "params": 3473.0, "params_std": 0.0, "time_iter": 0.01117, "time_iter_std": 0.0, "accuracy": 0.60791, "accuracy_std": 0.0, "precision": 0.0, "precision_std": 0.0, "recall": 0.0, "recall_std": 0.0, "f1": 0.0, "f1_std": 0.0, "auc": 0.45016, "auc_std": 0.0}
{"epoch": 16, "time_epoch": 0.4, "time_epoch_std": 0.0, "eta": 32.59538, "eta_std": 0.0, "eta_hours": 0.00905, "eta_hours_std": 0.0, "loss": 0.66977, "loss_std": 0.0, "lr": 0.00094, "lr_std": 0.0, "params": 3473.0, "params_std": 0.0, "time_iter": 0.01143, "time_iter_std": 0.0, "accuracy": 0.60791, "accuracy_std": 0.0, "precision": 0.0, "precision_std": 0.0, "recall": 0.0, "recall_std": 0.0, "f1": 0.0, "f1_std": 0.0, "auc": 0.48434, "auc_std": 0.0}
{"epoch": 17, "time_epoch": 0.3856, "time_epoch_std": 0.0, "eta": 32.17024, "eta_std": 0.0, "eta_hours": 0.00894, "eta_hours_std": 0.0, "loss": 0.66997, "loss_std": 0.0, "lr": 0.00093, "lr_std": 0.0, "params": 3473.0, "params_std": 0.0, "time_iter": 0.01102, "time_iter_std": 0.0, "accuracy": 0.60791, "accuracy_std": 0.0, "precision": 0.0, "precision_std": 0.0, "recall": 0.0, "recall_std": 0.0, "f1": 0.0, "f1_std": 0.0, "auc": 0.4575, "auc_std": 0.0}
{"epoch": 18, "time_epoch": 0.38554, "time_epoch_std": 0.0, "eta": 31.74903, "eta_std": 0.0, "eta_hours": 0.00882, "eta_hours_std": 0.0, "loss": 0.6699, "loss_std": 0.0, "lr": 0.00092, "lr_std": 0.0, "params": 3473.0, "params_std": 0.0, "time_iter": 0.01102, "time_iter_std": 0.0, "accuracy": 0.60791, "accuracy_std": 0.0, "precision": 0.0, "precision_std": 0.0, "recall": 0.0, "recall_std": 0.0, "f1": 0.0, "f1_std": 0.0, "auc": 0.45151, "auc_std": 0.0}
{"epoch": 19, "time_epoch": 0.39049, "time_epoch_std": 0.0, "eta": 31.35116, "eta_std": 0.0, "eta_hours": 0.00871, "eta_hours_std": 0.0, "loss": 0.66993, "loss_std": 0.0, "lr": 0.00091, "lr_std": 0.0, "params": 3473.0, "params_std": 0.0, "time_iter": 0.01116, "time_iter_std": 0.0, "accuracy": 0.60791, "accuracy_std": 0.0, "precision": 0.0, "precision_std": 0.0, "recall": 0.0, "recall_std": 0.0, "f1": 0.0, "f1_std": 0.0, "auc": 0.46433, "auc_std": 0.0}
{"epoch": 20, "time_epoch": 0.38606, "time_epoch_std": 0.0, "eta": 30.93734, "eta_std": 0.0, "eta_hours": 0.00859, "eta_hours_std": 0.0, "loss": 0.66989, "loss_std": 0.0, "lr": 0.0009, "lr_std": 0.0, "params": 3473.0, "params_std": 0.0, "time_iter": 0.01103, "time_iter_std": 0.0, "accuracy": 0.60791, "accuracy_std": 0.0, "precision": 0.0, "precision_std": 0.0, "recall": 0.0, "recall_std": 0.0, "f1": 0.0, "f1_std": 0.0, "auc": 0.42176, "auc_std": 0.0}
{"epoch": 21, "time_epoch": 0.39029, "time_epoch_std": 0.0, "eta": 30.54104, "eta_std": 0.0, "eta_hours": 0.00848, "eta_hours_std": 0.0, "loss": 0.66989, "loss_std": 0.0, "lr": 0.0009, "lr_std": 0.0, "params": 3473.0, "params_std": 0.0, "time_iter": 0.01115, "time_iter_std": 0.0, "accuracy": 0.60791, "accuracy_std": 0.0, "precision": 0.0, "precision_std": 0.0, "recall": 0.0, "recall_std": 0.0, "f1": 0.0, "f1_std": 0.0, "auc": 0.46188, "auc_std": 0.0}
{"epoch": 22, "time_epoch": 0.38562, "time_epoch_std": 0.0, "eta": 30.12964, "eta_std": 0.0, "eta_hours": 0.00837, "eta_hours_std": 0.0, "loss": 0.66973, "loss_std": 0.0, "lr": 0.00089, "lr_std": 0.0, "params": 3473.0, "params_std": 0.0, "time_iter": 0.01102, "time_iter_std": 0.0, "accuracy": 0.60791, "accuracy_std": 0.0, "precision": 0.0, "precision_std": 0.0, "recall": 0.0, "recall_std": 0.0, "f1": 0.0, "f1_std": 0.0, "auc": 0.46097, "auc_std": 0.0}
{"epoch": 23, "time_epoch": 0.39064, "time_epoch_std": 0.0, "eta": 29.73627, "eta_std": 0.0, "eta_hours": 0.00826, "eta_hours_std": 0.0, "loss": 0.66978, "loss_std": 0.0, "lr": 0.00088, "lr_std": 0.0, "params": 3473.0, "params_std": 0.0, "time_iter": 0.01116, "time_iter_std": 0.0, "accuracy": 0.60791, "accuracy_std": 0.0, "precision": 0.0, "precision_std": 0.0, "recall": 0.0, "recall_std": 0.0, "f1": 0.0, "f1_std": 0.0, "auc": 0.43439, "auc_std": 0.0}
{"epoch": 24, "time_epoch": 0.38705, "time_epoch_std": 0.0, "eta": 29.33236, "eta_std": 0.0, "eta_hours": 0.00815, "eta_hours_std": 0.0, "loss": 0.66976, "loss_std": 0.0, "lr": 0.00086, "lr_std": 0.0, "params": 3473.0, "params_std": 0.0, "time_iter": 0.01106, "time_iter_std": 0.0, "accuracy": 0.60791, "accuracy_std": 0.0, "precision": 0.0, "precision_std": 0.0, "recall": 0.0, "recall_std": 0.0, "f1": 0.0, "f1_std": 0.0, "auc": 0.46527, "auc_std": 0.0}
{"epoch": 25, "time_epoch": 0.38709, "time_epoch_std": 0.0, "eta": 28.92986, "eta_std": 0.0, "eta_hours": 0.00804, "eta_hours_std": 0.0, "loss": 0.66989, "loss_std": 0.0, "lr": 0.00085, "lr_std": 0.0, "params": 3473.0, "params_std": 0.0, "time_iter": 0.01106, "time_iter_std": 0.0, "accuracy": 0.60791, "accuracy_std": 0.0, "precision": 0.0, "precision_std": 0.0, "recall": 0.0, "recall_std": 0.0, "f1": 0.0, "f1_std": 0.0, "auc": 0.4477, "auc_std": 0.0}
{"epoch": 26, "time_epoch": 0.38622, "time_epoch_std": 0.0, "eta": 28.52614, "eta_std": 0.0, "eta_hours": 0.00792, "eta_hours_std": 0.0, "loss": 0.67018, "loss_std": 0.0, "lr": 0.00084, "lr_std": 0.0, "params": 3473.0, "params_std": 0.0, "time_iter": 0.01103, "time_iter_std": 0.0, "accuracy": 0.60791, "accuracy_std": 0.0, "precision": 0.0, "precision_std": 0.0, "recall": 0.0, "recall_std": 0.0, "f1": 0.0, "f1_std": 0.0, "auc": 0.43934, "auc_std": 0.0}
{"epoch": 27, "time_epoch": 0.3852, "time_epoch_std": 0.0, "eta": 28.12105, "eta_std": 0.0, "eta_hours": 0.00781, "eta_hours_std": 0.0, "loss": 0.66976, "loss_std": 0.0, "lr": 0.00083, "lr_std": 0.0, "params": 3473.0, "params_std": 0.0, "time_iter": 0.01101, "time_iter_std": 0.0, "accuracy": 0.60791, "accuracy_std": 0.0, "precision": 0.0, "precision_std": 0.0, "recall": 0.0, "recall_std": 0.0, "f1": 0.0, "f1_std": 0.0, "auc": 0.46177, "auc_std": 0.0}
{"epoch": 28, "time_epoch": 0.39925, "time_epoch_std": 0.0, "eta": 27.75173, "eta_std": 0.0, "eta_hours": 0.00771, "eta_hours_std": 0.0, "loss": 0.66989, "loss_std": 0.0, "lr": 0.00082, "lr_std": 0.0, "params": 3473.0, "params_std": 0.0, "time_iter": 0.01141, "time_iter_std": 0.0, "accuracy": 0.60791, "accuracy_std": 0.0, "precision": 0.0, "precision_std": 0.0, "recall": 0.0, "recall_std": 0.0, "f1": 0.0, "f1_std": 0.0, "auc": 0.44569, "auc_std": 0.0}
{"epoch": 29, "time_epoch": 0.38443, "time_epoch_std": 0.0, "eta": 27.34584, "eta_std": 0.0, "eta_hours": 0.0076, "eta_hours_std": 0.0, "loss": 0.66989, "loss_std": 0.0, "lr": 0.00081, "lr_std": 0.0, "params": 3473.0, "params_std": 0.0, "time_iter": 0.01098, "time_iter_std": 0.0, "accuracy": 0.60791, "accuracy_std": 0.0, "precision": 0.0, "precision_std": 0.0, "recall": 0.0, "recall_std": 0.0, "f1": 0.0, "f1_std": 0.0, "auc": 0.43874, "auc_std": 0.0}
{"epoch": 30, "time_epoch": 0.39351, "time_epoch_std": 0.0, "eta": 26.96154, "eta_std": 0.0, "eta_hours": 0.00749, "eta_hours_std": 0.0, "loss": 0.66975, "loss_std": 0.0, "lr": 0.00079, "lr_std": 0.0, "params": 3473.0, "params_std": 0.0, "time_iter": 0.01124, "time_iter_std": 0.0, "accuracy": 0.60791, "accuracy_std": 0.0, "precision": 0.0, "precision_std": 0.0, "recall": 0.0, "recall_std": 0.0, "f1": 0.0, "f1_std": 0.0, "auc": 0.47402, "auc_std": 0.0}
{"epoch": 31, "time_epoch": 0.38524, "time_epoch_std": 0.0, "eta": 26.55909, "eta_std": 0.0, "eta_hours": 0.00738, "eta_hours_std": 0.0, "loss": 0.66986, "loss_std": 0.0, "lr": 0.00078, "lr_std": 0.0, "params": 3473.0, "params_std": 0.0, "time_iter": 0.01101, "time_iter_std": 0.0, "accuracy": 0.60791, "accuracy_std": 0.0, "precision": 0.0, "precision_std": 0.0, "recall": 0.0, "recall_std": 0.0, "f1": 0.0, "f1_std": 0.0, "auc": 0.46104, "auc_std": 0.0}
{"epoch": 32, "time_epoch": 0.38952, "time_epoch_std": 0.0, "eta": 26.16636, "eta_std": 0.0, "eta_hours": 0.00727, "eta_hours_std": 0.0, "loss": 0.66975, "loss_std": 0.0, "lr": 0.00077, "lr_std": 0.0, "params": 3473.0, "params_std": 0.0, "time_iter": 0.01113, "time_iter_std": 0.0, "accuracy": 0.60791, "accuracy_std": 0.0, "precision": 0.0, "precision_std": 0.0, "recall": 0.0, "recall_std": 0.0, "f1": 0.0, "f1_std": 0.0, "auc": 0.43169, "auc_std": 0.0}
{"epoch": 33, "time_epoch": 0.38774, "time_epoch_std": 0.0, "eta": 25.77038, "eta_std": 0.0, "eta_hours": 0.00716, "eta_hours_std": 0.0, "loss": 0.66998, "loss_std": 0.0, "lr": 0.00075, "lr_std": 0.0, "params": 3473.0, "params_std": 0.0, "time_iter": 0.01108, "time_iter_std": 0.0, "accuracy": 0.60791, "accuracy_std": 0.0, "precision": 0.0, "precision_std": 0.0, "recall": 0.0, "recall_std": 0.0, "f1": 0.0, "f1_std": 0.0, "auc": 0.46006, "auc_std": 0.0}
{"epoch": 34, "time_epoch": 0.38529, "time_epoch_std": 0.0, "eta": 25.37031, "eta_std": 0.0, "eta_hours": 0.00705, "eta_hours_std": 0.0, "loss": 0.66978, "loss_std": 0.0, "lr": 0.00074, "lr_std": 0.0, "params": 3473.0, "params_std": 0.0, "time_iter": 0.01101, "time_iter_std": 0.0, "accuracy": 0.60791, "accuracy_std": 0.0, "precision": 0.0, "precision_std": 0.0, "recall": 0.0, "recall_std": 0.0, "f1": 0.0, "f1_std": 0.0, "auc": 0.46303, "auc_std": 0.0}
{"epoch": 35, "time_epoch": 0.3884, "time_epoch_std": 0.0, "eta": 24.9766, "eta_std": 0.0, "eta_hours": 0.00694, "eta_hours_std": 0.0, "loss": 0.6697, "loss_std": 0.0, "lr": 0.00073, "lr_std": 0.0, "params": 3473.0, "params_std": 0.0, "time_iter": 0.0111, "time_iter_std": 0.0, "accuracy": 0.60791, "accuracy_std": 0.0, "precision": 0.0, "precision_std": 0.0, "recall": 0.0, "recall_std": 0.0, "f1": 0.0, "f1_std": 0.0, "auc": 0.48097, "auc_std": 0.0}
{"epoch": 36, "time_epoch": 0.39022, "time_epoch_std": 0.0, "eta": 24.58627, "eta_std": 0.0, "eta_hours": 0.00683, "eta_hours_std": 0.0, "loss": 0.66982, "loss_std": 0.0, "lr": 0.00071, "lr_std": 0.0, "params": 3473.0, "params_std": 0.0, "time_iter": 0.01115, "time_iter_std": 0.0, "accuracy": 0.60791, "accuracy_std": 0.0, "precision": 0.0, "precision_std": 0.0, "recall": 0.0, "recall_std": 0.0, "f1": 0.0, "f1_std": 0.0, "auc": 0.46149, "auc_std": 0.0}
{"epoch": 37, "time_epoch": 0.38763, "time_epoch_std": 0.0, "eta": 24.19172, "eta_std": 0.0, "eta_hours": 0.00672, "eta_hours_std": 0.0, "loss": 0.67017, "loss_std": 0.0, "lr": 0.0007, "lr_std": 0.0, "params": 3473.0, "params_std": 0.0, "time_iter": 0.01108, "time_iter_std": 0.0, "accuracy": 0.60791, "accuracy_std": 0.0, "precision": 0.0, "precision_std": 0.0, "recall": 0.0, "recall_std": 0.0, "f1": 0.0, "f1_std": 0.0, "auc": 0.44033, "auc_std": 0.0}
{"epoch": 38, "time_epoch": 0.38534, "time_epoch_std": 0.0, "eta": 23.79394, "eta_std": 0.0, "eta_hours": 0.00661, "eta_hours_std": 0.0, "loss": 0.66976, "loss_std": 0.0, "lr": 0.00068, "lr_std": 0.0, "params": 3473.0, "params_std": 0.0, "time_iter": 0.01101, "time_iter_std": 0.0, "accuracy": 0.60791, "accuracy_std": 0.0, "precision": 0.0, "precision_std": 0.0, "recall": 0.0, "recall_std": 0.0, "f1": 0.0, "f1_std": 0.0, "auc": 0.47842, "auc_std": 0.0}
{"epoch": 39, "time_epoch": 0.38653, "time_epoch_std": 0.0, "eta": 23.39858, "eta_std": 0.0, "eta_hours": 0.0065, "eta_hours_std": 0.0, "loss": 0.66973, "loss_std": 0.0, "lr": 0.00067, "lr_std": 0.0, "params": 3473.0, "params_std": 0.0, "time_iter": 0.01104, "time_iter_std": 0.0, "accuracy": 0.60791, "accuracy_std": 0.0, "precision": 0.0, "precision_std": 0.0, "recall": 0.0, "recall_std": 0.0, "f1": 0.0, "f1_std": 0.0, "auc": 0.4557, "auc_std": 0.0}
{"epoch": 40, "time_epoch": 0.38863, "time_epoch_std": 0.0, "eta": 23.00667, "eta_std": 0.0, "eta_hours": 0.00639, "eta_hours_std": 0.0, "loss": 0.66978, "loss_std": 0.0, "lr": 0.00065, "lr_std": 0.0, "params": 3473.0, "params_std": 0.0, "time_iter": 0.0111, "time_iter_std": 0.0, "accuracy": 0.60791, "accuracy_std": 0.0, "precision": 0.0, "precision_std": 0.0, "recall": 0.0, "recall_std": 0.0, "f1": 0.0, "f1_std": 0.0, "auc": 0.44761, "auc_std": 0.0}
{"epoch": 41, "time_epoch": 0.38877, "time_epoch_std": 0.0, "eta": 22.61511, "eta_std": 0.0, "eta_hours": 0.00628, "eta_hours_std": 0.0, "loss": 0.66979, "loss_std": 0.0, "lr": 0.00064, "lr_std": 0.0, "params": 3473.0, "params_std": 0.0, "time_iter": 0.01111, "time_iter_std": 0.0, "accuracy": 0.60791, "accuracy_std": 0.0, "precision": 0.0, "precision_std": 0.0, "recall": 0.0, "recall_std": 0.0, "f1": 0.0, "f1_std": 0.0, "auc": 0.44289, "auc_std": 0.0}
{"epoch": 42, "time_epoch": 0.38548, "time_epoch_std": 0.0, "eta": 22.21931, "eta_std": 0.0, "eta_hours": 0.00617, "eta_hours_std": 0.0, "loss": 0.66981, "loss_std": 0.0, "lr": 0.00062, "lr_std": 0.0, "params": 3473.0, "params_std": 0.0, "time_iter": 0.01101, "time_iter_std": 0.0, "accuracy": 0.60791, "accuracy_std": 0.0, "precision": 0.0, "precision_std": 0.0, "recall": 0.0, "recall_std": 0.0, "f1": 0.0, "f1_std": 0.0, "auc": 0.44808, "auc_std": 0.0}
{"epoch": 43, "time_epoch": 0.38653, "time_epoch_std": 0.0, "eta": 21.82532, "eta_std": 0.0, "eta_hours": 0.00606, "eta_hours_std": 0.0, "loss": 0.66972, "loss_std": 0.0, "lr": 0.00061, "lr_std": 0.0, "params": 3473.0, "params_std": 0.0, "time_iter": 0.01104, "time_iter_std": 0.0, "accuracy": 0.60791, "accuracy_std": 0.0, "precision": 0.0, "precision_std": 0.0, "recall": 0.0, "recall_std": 0.0, "f1": 0.0, "f1_std": 0.0, "auc": 0.48517, "auc_std": 0.0}
{"epoch": 44, "time_epoch": 0.39512, "time_epoch_std": 0.0, "eta": 21.44216, "eta_std": 0.0, "eta_hours": 0.00596, "eta_hours_std": 0.0, "loss": 0.66991, "loss_std": 0.0, "lr": 0.00059, "lr_std": 0.0, "params": 3473.0, "params_std": 0.0, "time_iter": 0.01129, "time_iter_std": 0.0, "accuracy": 0.60791, "accuracy_std": 0.0, "precision": 0.0, "precision_std": 0.0, "recall": 0.0, "recall_std": 0.0, "f1": 0.0, "f1_std": 0.0, "auc": 0.44374, "auc_std": 0.0}
{"epoch": 45, "time_epoch": 0.39438, "time_epoch_std": 0.0, "eta": 21.05761, "eta_std": 0.0, "eta_hours": 0.00585, "eta_hours_std": 0.0, "loss": 0.66996, "loss_std": 0.0, "lr": 0.00058, "lr_std": 0.0, "params": 3473.0, "params_std": 0.0, "time_iter": 0.01127, "time_iter_std": 0.0, "accuracy": 0.60791, "accuracy_std": 0.0, "precision": 0.0, "precision_std": 0.0, "recall": 0.0, "recall_std": 0.0, "f1": 0.0, "f1_std": 0.0, "auc": 0.43892, "auc_std": 0.0}
{"epoch": 46, "time_epoch": 0.38954, "time_epoch_std": 0.0, "eta": 20.66718, "eta_std": 0.0, "eta_hours": 0.00574, "eta_hours_std": 0.0, "loss": 0.6698, "loss_std": 0.0, "lr": 0.00056, "lr_std": 0.0, "params": 3473.0, "params_std": 0.0, "time_iter": 0.01113, "time_iter_std": 0.0, "accuracy": 0.60791, "accuracy_std": 0.0, "precision": 0.0, "precision_std": 0.0, "recall": 0.0, "recall_std": 0.0, "f1": 0.0, "f1_std": 0.0, "auc": 0.44976, "auc_std": 0.0}
{"epoch": 47, "time_epoch": 0.38963, "time_epoch_std": 0.0, "eta": 20.27688, "eta_std": 0.0, "eta_hours": 0.00563, "eta_hours_std": 0.0, "loss": 0.66975, "loss_std": 0.0, "lr": 0.00055, "lr_std": 0.0, "params": 3473.0, "params_std": 0.0, "time_iter": 0.01113, "time_iter_std": 0.0, "accuracy": 0.60791, "accuracy_std": 0.0, "precision": 0.0, "precision_std": 0.0, "recall": 0.0, "recall_std": 0.0, "f1": 0.0, "f1_std": 0.0, "auc": 0.44158, "auc_std": 0.0}
{"epoch": 48, "time_epoch": 0.39508, "time_epoch_std": 0.0, "eta": 19.89229, "eta_std": 0.0, "eta_hours": 0.00553, "eta_hours_std": 0.0, "loss": 0.66973, "loss_std": 0.0, "lr": 0.00053, "lr_std": 0.0, "params": 3473.0, "params_std": 0.0, "time_iter": 0.01129, "time_iter_std": 0.0, "accuracy": 0.60791, "accuracy_std": 0.0, "precision": 0.0, "precision_std": 0.0, "recall": 0.0, "recall_std": 0.0, "f1": 0.0, "f1_std": 0.0, "auc": 0.44861, "auc_std": 0.0}
{"epoch": 49, "time_epoch": 0.39361, "time_epoch_std": 0.0, "eta": 19.50581, "eta_std": 0.0, "eta_hours": 0.00542, "eta_hours_std": 0.0, "loss": 0.66984, "loss_std": 0.0, "lr": 0.00052, "lr_std": 0.0, "params": 3473.0, "params_std": 0.0, "time_iter": 0.01125, "time_iter_std": 0.0, "accuracy": 0.60791, "accuracy_std": 0.0, "precision": 0.0, "precision_std": 0.0, "recall": 0.0, "recall_std": 0.0, "f1": 0.0, "f1_std": 0.0, "auc": 0.45717, "auc_std": 0.0}
{"epoch": 50, "time_epoch": 0.39201, "time_epoch_std": 0.0, "eta": 19.11751, "eta_std": 0.0, "eta_hours": 0.00531, "eta_hours_std": 0.0, "loss": 0.66979, "loss_std": 0.0, "lr": 0.0005, "lr_std": 0.0, "params": 3473.0, "params_std": 0.0, "time_iter": 0.0112, "time_iter_std": 0.0, "accuracy": 0.60791, "accuracy_std": 0.0, "precision": 0.0, "precision_std": 0.0, "recall": 0.0, "recall_std": 0.0, "f1": 0.0, "f1_std": 0.0, "auc": 0.45899, "auc_std": 0.0}
{"epoch": 51, "time_epoch": 0.38787, "time_epoch_std": 0.0, "eta": 18.72525, "eta_std": 0.0, "eta_hours": 0.0052, "eta_hours_std": 0.0, "loss": 0.66983, "loss_std": 0.0, "lr": 0.00048, "lr_std": 0.0, "params": 3473.0, "params_std": 0.0, "time_iter": 0.01108, "time_iter_std": 0.0, "accuracy": 0.60791, "accuracy_std": 0.0, "precision": 0.0, "precision_std": 0.0, "recall": 0.0, "recall_std": 0.0, "f1": 0.0, "f1_std": 0.0, "auc": 0.44053, "auc_std": 0.0}
{"epoch": 52, "time_epoch": 0.38519, "time_epoch_std": 0.0, "eta": 18.33079, "eta_std": 0.0, "eta_hours": 0.00509, "eta_hours_std": 0.0, "loss": 0.66975, "loss_std": 0.0, "lr": 0.00047, "lr_std": 0.0, "params": 3473.0, "params_std": 0.0, "time_iter": 0.01101, "time_iter_std": 0.0, "accuracy": 0.60791, "accuracy_std": 0.0, "precision": 0.0, "precision_std": 0.0, "recall": 0.0, "recall_std": 0.0, "f1": 0.0, "f1_std": 0.0, "auc": 0.47071, "auc_std": 0.0}
{"epoch": 53, "time_epoch": 0.39071, "time_epoch_std": 0.0, "eta": 17.94136, "eta_std": 0.0, "eta_hours": 0.00498, "eta_hours_std": 0.0, "loss": 0.66981, "loss_std": 0.0, "lr": 0.00045, "lr_std": 0.0, "params": 3473.0, "params_std": 0.0, "time_iter": 0.01116, "time_iter_std": 0.0, "accuracy": 0.60791, "accuracy_std": 0.0, "precision": 0.0, "precision_std": 0.0, "recall": 0.0, "recall_std": 0.0, "f1": 0.0, "f1_std": 0.0, "auc": 0.43805, "auc_std": 0.0}
{"epoch": 54, "time_epoch": 0.3867, "time_epoch_std": 0.0, "eta": 17.54861, "eta_std": 0.0, "eta_hours": 0.00487, "eta_hours_std": 0.0, "loss": 0.66985, "loss_std": 0.0, "lr": 0.00044, "lr_std": 0.0, "params": 3473.0, "params_std": 0.0, "time_iter": 0.01105, "time_iter_std": 0.0, "accuracy": 0.60791, "accuracy_std": 0.0, "precision": 0.0, "precision_std": 0.0, "recall": 0.0, "recall_std": 0.0, "f1": 0.0, "f1_std": 0.0, "auc": 0.43152, "auc_std": 0.0}
{"epoch": 55, "time_epoch": 0.38575, "time_epoch_std": 0.0, "eta": 17.15533, "eta_std": 0.0, "eta_hours": 0.00477, "eta_hours_std": 0.0, "loss": 0.66977, "loss_std": 0.0, "lr": 0.00042, "lr_std": 0.0, "params": 3473.0, "params_std": 0.0, "time_iter": 0.01102, "time_iter_std": 0.0, "accuracy": 0.60791, "accuracy_std": 0.0, "precision": 0.0, "precision_std": 0.0, "recall": 0.0, "recall_std": 0.0, "f1": 0.0, "f1_std": 0.0, "auc": 0.4516, "auc_std": 0.0}
{"epoch": 56, "time_epoch": 0.38524, "time_epoch_std": 0.0, "eta": 16.76192, "eta_std": 0.0, "eta_hours": 0.00466, "eta_hours_std": 0.0, "loss": 0.66974, "loss_std": 0.0, "lr": 0.00041, "lr_std": 0.0, "params": 3473.0, "params_std": 0.0, "time_iter": 0.01101, "time_iter_std": 0.0, "accuracy": 0.60791, "accuracy_std": 0.0, "precision": 0.0, "precision_std": 0.0, "recall": 0.0, "recall_std": 0.0, "f1": 0.0, "f1_std": 0.0, "auc": 0.45658, "auc_std": 0.0}
{"epoch": 57, "time_epoch": 0.38767, "time_epoch_std": 0.0, "eta": 16.37056, "eta_std": 0.0, "eta_hours": 0.00455, "eta_hours_std": 0.0, "loss": 0.66972, "loss_std": 0.0, "lr": 0.00039, "lr_std": 0.0, "params": 3473.0, "params_std": 0.0, "time_iter": 0.01108, "time_iter_std": 0.0, "accuracy": 0.60791, "accuracy_std": 0.0, "precision": 0.0, "precision_std": 0.0, "recall": 0.0, "recall_std": 0.0, "f1": 0.0, "f1_std": 0.0, "auc": 0.45958, "auc_std": 0.0}
{"epoch": 58, "time_epoch": 0.38643, "time_epoch_std": 0.0, "eta": 15.97846, "eta_std": 0.0, "eta_hours": 0.00444, "eta_hours_std": 0.0, "loss": 0.66968, "loss_std": 0.0, "lr": 0.00038, "lr_std": 0.0, "params": 3473.0, "params_std": 0.0, "time_iter": 0.01104, "time_iter_std": 0.0, "accuracy": 0.60791, "accuracy_std": 0.0, "precision": 0.0, "precision_std": 0.0, "recall": 0.0, "recall_std": 0.0, "f1": 0.0, "f1_std": 0.0, "auc": 0.46646, "auc_std": 0.0}
{"epoch": 59, "time_epoch": 0.38696, "time_epoch_std": 0.0, "eta": 15.5869, "eta_std": 0.0, "eta_hours": 0.00433, "eta_hours_std": 0.0, "loss": 0.6697, "loss_std": 0.0, "lr": 0.00036, "lr_std": 0.0, "params": 3473.0, "params_std": 0.0, "time_iter": 0.01106, "time_iter_std": 0.0, "accuracy": 0.60791, "accuracy_std": 0.0, "precision": 0.0, "precision_std": 0.0, "recall": 0.0, "recall_std": 0.0, "f1": 0.0, "f1_std": 0.0, "auc": 0.46574, "auc_std": 0.0}
{"epoch": 60, "time_epoch": 0.38704, "time_epoch_std": 0.0, "eta": 15.19554, "eta_std": 0.0, "eta_hours": 0.00422, "eta_hours_std": 0.0, "loss": 0.66971, "loss_std": 0.0, "lr": 0.00035, "lr_std": 0.0, "params": 3473.0, "params_std": 0.0, "time_iter": 0.01106, "time_iter_std": 0.0, "accuracy": 0.60791, "accuracy_std": 0.0, "precision": 0.0, "precision_std": 0.0, "recall": 0.0, "recall_std": 0.0, "f1": 0.0, "f1_std": 0.0, "auc": 0.45736, "auc_std": 0.0}
{"epoch": 61, "time_epoch": 0.38594, "time_epoch_std": 0.0, "eta": 14.80365, "eta_std": 0.0, "eta_hours": 0.00411, "eta_hours_std": 0.0, "loss": 0.66984, "loss_std": 0.0, "lr": 0.00033, "lr_std": 0.0, "params": 3473.0, "params_std": 0.0, "time_iter": 0.01103, "time_iter_std": 0.0, "accuracy": 0.60791, "accuracy_std": 0.0, "precision": 0.0, "precision_std": 0.0, "recall": 0.0, "recall_std": 0.0, "f1": 0.0, "f1_std": 0.0, "auc": 0.43537, "auc_std": 0.0}
{"epoch": 62, "time_epoch": 0.38858, "time_epoch_std": 0.0, "eta": 14.4135, "eta_std": 0.0, "eta_hours": 0.004, "eta_hours_std": 0.0, "loss": 0.66968, "loss_std": 0.0, "lr": 0.00032, "lr_std": 0.0, "params": 3473.0, "params_std": 0.0, "time_iter": 0.0111, "time_iter_std": 0.0, "accuracy": 0.60791, "accuracy_std": 0.0, "precision": 0.0, "precision_std": 0.0, "recall": 0.0, "recall_std": 0.0, "f1": 0.0, "f1_std": 0.0, "auc": 0.49024, "auc_std": 0.0}
{"epoch": 63, "time_epoch": 0.38465, "time_epoch_std": 0.0, "eta": 14.02118, "eta_std": 0.0, "eta_hours": 0.00389, "eta_hours_std": 0.0, "loss": 0.66975, "loss_std": 0.0, "lr": 0.0003, "lr_std": 0.0, "params": 3473.0, "params_std": 0.0, "time_iter": 0.01099, "time_iter_std": 0.0, "accuracy": 0.60791, "accuracy_std": 0.0, "precision": 0.0, "precision_std": 0.0, "recall": 0.0, "recall_std": 0.0, "f1": 0.0, "f1_std": 0.0, "auc": 0.44964, "auc_std": 0.0}
{"epoch": 64, "time_epoch": 0.38701, "time_epoch_std": 0.0, "eta": 13.63038, "eta_std": 0.0, "eta_hours": 0.00379, "eta_hours_std": 0.0, "loss": 0.66976, "loss_std": 0.0, "lr": 0.00029, "lr_std": 0.0, "params": 3473.0, "params_std": 0.0, "time_iter": 0.01106, "time_iter_std": 0.0, "accuracy": 0.60791, "accuracy_std": 0.0, "precision": 0.0, "precision_std": 0.0, "recall": 0.0, "recall_std": 0.0, "f1": 0.0, "f1_std": 0.0, "auc": 0.44523, "auc_std": 0.0}
{"epoch": 65, "time_epoch": 0.38506, "time_epoch_std": 0.0, "eta": 13.23868, "eta_std": 0.0, "eta_hours": 0.00368, "eta_hours_std": 0.0, "loss": 0.6697, "loss_std": 0.0, "lr": 0.00027, "lr_std": 0.0, "params": 3473.0, "params_std": 0.0, "time_iter": 0.011, "time_iter_std": 0.0, "accuracy": 0.60791, "accuracy_std": 0.0, "precision": 0.0, "precision_std": 0.0, "recall": 0.0, "recall_std": 0.0, "f1": 0.0, "f1_std": 0.0, "auc": 0.4688, "auc_std": 0.0}
{"epoch": 66, "time_epoch": 0.3919, "time_epoch_std": 0.0, "eta": 12.85055, "eta_std": 0.0, "eta_hours": 0.00357, "eta_hours_std": 0.0, "loss": 0.66973, "loss_std": 0.0, "lr": 0.00026, "lr_std": 0.0, "params": 3473.0, "params_std": 0.0, "time_iter": 0.0112, "time_iter_std": 0.0, "accuracy": 0.60791, "accuracy_std": 0.0, "precision": 0.0, "precision_std": 0.0, "recall": 0.0, "recall_std": 0.0, "f1": 0.0, "f1_std": 0.0, "auc": 0.46017, "auc_std": 0.0}
{"epoch": 67, "time_epoch": 0.38647, "time_epoch_std": 0.0, "eta": 12.45976, "eta_std": 0.0, "eta_hours": 0.00346, "eta_hours_std": 0.0, "loss": 0.66986, "loss_std": 0.0, "lr": 0.00025, "lr_std": 0.0, "params": 3473.0, "params_std": 0.0, "time_iter": 0.01104, "time_iter_std": 0.0, "accuracy": 0.60791, "accuracy_std": 0.0, "precision": 0.0, "precision_std": 0.0, "recall": 0.0, "recall_std": 0.0, "f1": 0.0, "f1_std": 0.0, "auc": 0.44981, "auc_std": 0.0}
{"epoch": 68, "time_epoch": 0.39354, "time_epoch_std": 0.0, "eta": 12.07226, "eta_std": 0.0, "eta_hours": 0.00335, "eta_hours_std": 0.0, "loss": 0.66971, "loss_std": 0.0, "lr": 0.00023, "lr_std": 0.0, "params": 3473.0, "params_std": 0.0, "time_iter": 0.01124, "time_iter_std": 0.0, "accuracy": 0.60791, "accuracy_std": 0.0, "precision": 0.0, "precision_std": 0.0, "recall": 0.0, "recall_std": 0.0, "f1": 0.0, "f1_std": 0.0, "auc": 0.4688, "auc_std": 0.0}
{"epoch": 69, "time_epoch": 0.38966, "time_epoch_std": 0.0, "eta": 11.68293, "eta_std": 0.0, "eta_hours": 0.00325, "eta_hours_std": 0.0, "loss": 0.66971, "loss_std": 0.0, "lr": 0.00022, "lr_std": 0.0, "params": 3473.0, "params_std": 0.0, "time_iter": 0.01113, "time_iter_std": 0.0, "accuracy": 0.60791, "accuracy_std": 0.0, "precision": 0.0, "precision_std": 0.0, "recall": 0.0, "recall_std": 0.0, "f1": 0.0, "f1_std": 0.0, "auc": 0.45494, "auc_std": 0.0}
{"epoch": 70, "time_epoch": 0.39075, "time_epoch_std": 0.0, "eta": 11.29404, "eta_std": 0.0, "eta_hours": 0.00314, "eta_hours_std": 0.0, "loss": 0.66969, "loss_std": 0.0, "lr": 0.00021, "lr_std": 0.0, "params": 3473.0, "params_std": 0.0, "time_iter": 0.01116, "time_iter_std": 0.0, "accuracy": 0.60791, "accuracy_std": 0.0, "precision": 0.0, "precision_std": 0.0, "recall": 0.0, "recall_std": 0.0, "f1": 0.0, "f1_std": 0.0, "auc": 0.46647, "auc_std": 0.0}
{"epoch": 71, "time_epoch": 0.38778, "time_epoch_std": 0.0, "eta": 10.90394, "eta_std": 0.0, "eta_hours": 0.00303, "eta_hours_std": 0.0, "loss": 0.6697, "loss_std": 0.0, "lr": 0.00019, "lr_std": 0.0, "params": 3473.0, "params_std": 0.0, "time_iter": 0.01108, "time_iter_std": 0.0, "accuracy": 0.60791, "accuracy_std": 0.0, "precision": 0.0, "precision_std": 0.0, "recall": 0.0, "recall_std": 0.0, "f1": 0.0, "f1_std": 0.0, "auc": 0.46817, "auc_std": 0.0}
{"epoch": 72, "time_epoch": 0.39172, "time_epoch_std": 0.0, "eta": 10.51536, "eta_std": 0.0, "eta_hours": 0.00292, "eta_hours_std": 0.0, "loss": 0.66968, "loss_std": 0.0, "lr": 0.00018, "lr_std": 0.0, "params": 3473.0, "params_std": 0.0, "time_iter": 0.01119, "time_iter_std": 0.0, "accuracy": 0.60791, "accuracy_std": 0.0, "precision": 0.0, "precision_std": 0.0, "recall": 0.0, "recall_std": 0.0, "f1": 0.0, "f1_std": 0.0, "auc": 0.47994, "auc_std": 0.0}
{"epoch": 73, "time_epoch": 0.38627, "time_epoch_std": 0.0, "eta": 10.12478, "eta_std": 0.0, "eta_hours": 0.00281, "eta_hours_std": 0.0, "loss": 0.66968, "loss_std": 0.0, "lr": 0.00017, "lr_std": 0.0, "params": 3473.0, "params_std": 0.0, "time_iter": 0.01104, "time_iter_std": 0.0, "accuracy": 0.60791, "accuracy_std": 0.0, "precision": 0.0, "precision_std": 0.0, "recall": 0.0, "recall_std": 0.0, "f1": 0.0, "f1_std": 0.0, "auc": 0.49457, "auc_std": 0.0}
{"epoch": 74, "time_epoch": 0.3937, "time_epoch_std": 0.0, "eta": 9.7368, "eta_std": 0.0, "eta_hours": 0.0027, "eta_hours_std": 0.0, "loss": 0.66971, "loss_std": 0.0, "lr": 0.00016, "lr_std": 0.0, "params": 3473.0, "params_std": 0.0, "time_iter": 0.01125, "time_iter_std": 0.0, "accuracy": 0.60791, "accuracy_std": 0.0, "precision": 0.0, "precision_std": 0.0, "recall": 0.0, "recall_std": 0.0, "f1": 0.0, "f1_std": 0.0, "auc": 0.45401, "auc_std": 0.0}
{"epoch": 75, "time_epoch": 0.38719, "time_epoch_std": 0.0, "eta": 9.34661, "eta_std": 0.0, "eta_hours": 0.0026, "eta_hours_std": 0.0, "loss": 0.66968, "loss_std": 0.0, "lr": 0.00015, "lr_std": 0.0, "params": 3473.0, "params_std": 0.0, "time_iter": 0.01106, "time_iter_std": 0.0, "accuracy": 0.60791, "accuracy_std": 0.0, "precision": 0.0, "precision_std": 0.0, "recall": 0.0, "recall_std": 0.0, "f1": 0.0, "f1_std": 0.0, "auc": 0.4923, "auc_std": 0.0}
{"epoch": 76, "time_epoch": 0.38973, "time_epoch_std": 0.0, "eta": 8.95725, "eta_std": 0.0, "eta_hours": 0.00249, "eta_hours_std": 0.0, "loss": 0.66968, "loss_std": 0.0, "lr": 0.00014, "lr_std": 0.0, "params": 3473.0, "params_std": 0.0, "time_iter": 0.01114, "time_iter_std": 0.0, "accuracy": 0.60791, "accuracy_std": 0.0, "precision": 0.0, "precision_std": 0.0, "recall": 0.0, "recall_std": 0.0, "f1": 0.0, "f1_std": 0.0, "auc": 0.48859, "auc_std": 0.0}
{"epoch": 77, "time_epoch": 0.38915, "time_epoch_std": 0.0, "eta": 8.56772, "eta_std": 0.0, "eta_hours": 0.00238, "eta_hours_std": 0.0, "loss": 0.66976, "loss_std": 0.0, "lr": 0.00012, "lr_std": 0.0, "params": 3473.0, "params_std": 0.0, "time_iter": 0.01112, "time_iter_std": 0.0, "accuracy": 0.60791, "accuracy_std": 0.0, "precision": 0.0, "precision_std": 0.0, "recall": 0.0, "recall_std": 0.0, "f1": 0.0, "f1_std": 0.0, "auc": 0.42344, "auc_std": 0.0}
{"epoch": 78, "time_epoch": 0.39253, "time_epoch_std": 0.0, "eta": 8.1791, "eta_std": 0.0, "eta_hours": 0.00227, "eta_hours_std": 0.0, "loss": 0.6697, "loss_std": 0.0, "lr": 0.00011, "lr_std": 0.0, "params": 3473.0, "params_std": 0.0, "time_iter": 0.01122, "time_iter_std": 0.0, "accuracy": 0.60791, "accuracy_std": 0.0, "precision": 0.0, "precision_std": 0.0, "recall": 0.0, "recall_std": 0.0, "f1": 0.0, "f1_std": 0.0, "auc": 0.44939, "auc_std": 0.0}
{"epoch": 79, "time_epoch": 0.3933, "time_epoch_std": 0.0, "eta": 7.79057, "eta_std": 0.0, "eta_hours": 0.00216, "eta_hours_std": 0.0, "loss": 0.66969, "loss_std": 0.0, "lr": 0.0001, "lr_std": 0.0, "params": 3473.0, "params_std": 0.0, "time_iter": 0.01124, "time_iter_std": 0.0, "accuracy": 0.60791, "accuracy_std": 0.0, "precision": 0.0, "precision_std": 0.0, "recall": 0.0, "recall_std": 0.0, "f1": 0.0, "f1_std": 0.0, "auc": 0.4683, "auc_std": 0.0}
{"epoch": 80, "time_epoch": 0.39129, "time_epoch_std": 0.0, "eta": 7.40146, "eta_std": 0.0, "eta_hours": 0.00206, "eta_hours_std": 0.0, "loss": 0.66969, "loss_std": 0.0, "lr": 0.0001, "lr_std": 0.0, "params": 3473.0, "params_std": 0.0, "time_iter": 0.01118, "time_iter_std": 0.0, "accuracy": 0.60791, "accuracy_std": 0.0, "precision": 0.0, "precision_std": 0.0, "recall": 0.0, "recall_std": 0.0, "f1": 0.0, "f1_std": 0.0, "auc": 0.47869, "auc_std": 0.0}
{"epoch": 81, "time_epoch": 0.38441, "time_epoch_std": 0.0, "eta": 7.01078, "eta_std": 0.0, "eta_hours": 0.00195, "eta_hours_std": 0.0, "loss": 0.66968, "loss_std": 0.0, "lr": 9e-05, "lr_std": 0.0, "params": 3473.0, "params_std": 0.0, "time_iter": 0.01098, "time_iter_std": 0.0, "accuracy": 0.60791, "accuracy_std": 0.0, "precision": 0.0, "precision_std": 0.0, "recall": 0.0, "recall_std": 0.0, "f1": 0.0, "f1_std": 0.0, "auc": 0.46891, "auc_std": 0.0}
{"epoch": 82, "time_epoch": 0.38912, "time_epoch_std": 0.0, "eta": 6.62122, "eta_std": 0.0, "eta_hours": 0.00184, "eta_hours_std": 0.0, "loss": 0.66968, "loss_std": 0.0, "lr": 8e-05, "lr_std": 0.0, "params": 3473.0, "params_std": 0.0, "time_iter": 0.01112, "time_iter_std": 0.0, "accuracy": 0.60791, "accuracy_std": 0.0, "precision": 0.0, "precision_std": 0.0, "recall": 0.0, "recall_std": 0.0, "f1": 0.0, "f1_std": 0.0, "auc": 0.47172, "auc_std": 0.0}
{"epoch": 83, "time_epoch": 0.39847, "time_epoch_std": 0.0, "eta": 6.23345, "eta_std": 0.0, "eta_hours": 0.00173, "eta_hours_std": 0.0, "loss": 0.66971, "loss_std": 0.0, "lr": 7e-05, "lr_std": 0.0, "params": 3473.0, "params_std": 0.0, "time_iter": 0.01138, "time_iter_std": 0.0, "accuracy": 0.60791, "accuracy_std": 0.0, "precision": 0.0, "precision_std": 0.0, "recall": 0.0, "recall_std": 0.0, "f1": 0.0, "f1_std": 0.0, "auc": 0.44343, "auc_std": 0.0}
{"epoch": 84, "time_epoch": 0.39069, "time_epoch_std": 0.0, "eta": 5.84405, "eta_std": 0.0, "eta_hours": 0.00162, "eta_hours_std": 0.0, "loss": 0.66969, "loss_std": 0.0, "lr": 6e-05, "lr_std": 0.0, "params": 3473.0, "params_std": 0.0, "time_iter": 0.01116, "time_iter_std": 0.0, "accuracy": 0.60791, "accuracy_std": 0.0, "precision": 0.0, "precision_std": 0.0, "recall": 0.0, "recall_std": 0.0, "f1": 0.0, "f1_std": 0.0, "auc": 0.44841, "auc_std": 0.0}
{"epoch": 85, "time_epoch": 0.38606, "time_epoch_std": 0.0, "eta": 5.45387, "eta_std": 0.0, "eta_hours": 0.00151, "eta_hours_std": 0.0, "loss": 0.66968, "loss_std": 0.0, "lr": 5e-05, "lr_std": 0.0, "params": 3473.0, "params_std": 0.0, "time_iter": 0.01103, "time_iter_std": 0.0, "accuracy": 0.60791, "accuracy_std": 0.0, "precision": 0.0, "precision_std": 0.0, "recall": 0.0, "recall_std": 0.0, "f1": 0.0, "f1_std": 0.0, "auc": 0.47709, "auc_std": 0.0}
{"epoch": 86, "time_epoch": 0.3917, "time_epoch_std": 0.0, "eta": 5.06463, "eta_std": 0.0, "eta_hours": 0.00141, "eta_hours_std": 0.0, "loss": 0.66968, "loss_std": 0.0, "lr": 5e-05, "lr_std": 0.0, "params": 3473.0, "params_std": 0.0, "time_iter": 0.01119, "time_iter_std": 0.0, "accuracy": 0.60791, "accuracy_std": 0.0, "precision": 0.0, "precision_std": 0.0, "recall": 0.0, "recall_std": 0.0, "f1": 0.0, "f1_std": 0.0, "auc": 0.47497, "auc_std": 0.0}
{"epoch": 87, "time_epoch": 0.39121, "time_epoch_std": 0.0, "eta": 4.67526, "eta_std": 0.0, "eta_hours": 0.0013, "eta_hours_std": 0.0, "loss": 0.66969, "loss_std": 0.0, "lr": 4e-05, "lr_std": 0.0, "params": 3473.0, "params_std": 0.0, "time_iter": 0.01118, "time_iter_std": 0.0, "accuracy": 0.60791, "accuracy_std": 0.0, "precision": 0.0, "precision_std": 0.0, "recall": 0.0, "recall_std": 0.0, "f1": 0.0, "f1_std": 0.0, "auc": 0.44536, "auc_std": 0.0}
{"epoch": 88, "time_epoch": 0.38578, "time_epoch_std": 0.0, "eta": 4.28518, "eta_std": 0.0, "eta_hours": 0.00119, "eta_hours_std": 0.0, "loss": 0.6697, "loss_std": 0.0, "lr": 4e-05, "lr_std": 0.0, "params": 3473.0, "params_std": 0.0, "time_iter": 0.01102, "time_iter_std": 0.0, "accuracy": 0.60791, "accuracy_std": 0.0, "precision": 0.0, "precision_std": 0.0, "recall": 0.0, "recall_std": 0.0, "f1": 0.0, "f1_std": 0.0, "auc": 0.43813, "auc_std": 0.0}
{"epoch": 89, "time_epoch": 0.38547, "time_epoch_std": 0.0, "eta": 3.89516, "eta_std": 0.0, "eta_hours": 0.00108, "eta_hours_std": 0.0, "loss": 0.66969, "loss_std": 0.0, "lr": 3e-05, "lr_std": 0.0, "params": 3473.0, "params_std": 0.0, "time_iter": 0.01101, "time_iter_std": 0.0, "accuracy": 0.60791, "accuracy_std": 0.0, "precision": 0.0, "precision_std": 0.0, "recall": 0.0, "recall_std": 0.0, "f1": 0.0, "f1_std": 0.0, "auc": 0.47643, "auc_std": 0.0}
{"epoch": 90, "time_epoch": 0.38559, "time_epoch_std": 0.0, "eta": 3.50526, "eta_std": 0.0, "eta_hours": 0.00097, "eta_hours_std": 0.0, "loss": 0.66966, "loss_std": 0.0, "lr": 2e-05, "lr_std": 0.0, "params": 3473.0, "params_std": 0.0, "time_iter": 0.01102, "time_iter_std": 0.0, "accuracy": 0.60791, "accuracy_std": 0.0, "precision": 0.0, "precision_std": 0.0, "recall": 0.0, "recall_std": 0.0, "f1": 0.0, "f1_std": 0.0, "auc": 0.51236, "auc_std": 0.0}
{"epoch": 91, "time_epoch": 0.38897, "time_epoch_std": 0.0, "eta": 3.11574, "eta_std": 0.0, "eta_hours": 0.00087, "eta_hours_std": 0.0, "loss": 0.66968, "loss_std": 0.0, "lr": 2e-05, "lr_std": 0.0, "params": 3473.0, "params_std": 0.0, "time_iter": 0.01111, "time_iter_std": 0.0, "accuracy": 0.60791, "accuracy_std": 0.0, "precision": 0.0, "precision_std": 0.0, "recall": 0.0, "recall_std": 0.0, "f1": 0.0, "f1_std": 0.0, "auc": 0.47105, "auc_std": 0.0}
{"epoch": 92, "time_epoch": 0.38608, "time_epoch_std": 0.0, "eta": 2.72602, "eta_std": 0.0, "eta_hours": 0.00076, "eta_hours_std": 0.0, "loss": 0.66967, "loss_std": 0.0, "lr": 2e-05, "lr_std": 0.0, "params": 3473.0, "params_std": 0.0, "time_iter": 0.01103, "time_iter_std": 0.0, "accuracy": 0.60791, "accuracy_std": 0.0, "precision": 0.0, "precision_std": 0.0, "recall": 0.0, "recall_std": 0.0, "f1": 0.0, "f1_std": 0.0, "auc": 0.49165, "auc_std": 0.0}
{"epoch": 93, "time_epoch": 0.38876, "time_epoch_std": 0.0, "eta": 2.33655, "eta_std": 0.0, "eta_hours": 0.00065, "eta_hours_std": 0.0, "loss": 0.66967, "loss_std": 0.0, "lr": 1e-05, "lr_std": 0.0, "params": 3473.0, "params_std": 0.0, "time_iter": 0.01111, "time_iter_std": 0.0, "accuracy": 0.60791, "accuracy_std": 0.0, "precision": 0.0, "precision_std": 0.0, "recall": 0.0, "recall_std": 0.0, "f1": 0.0, "f1_std": 0.0, "auc": 0.53435, "auc_std": 0.0}
{"epoch": 94, "time_epoch": 0.394, "time_epoch_std": 0.0, "eta": 1.94736, "eta_std": 0.0, "eta_hours": 0.00054, "eta_hours_std": 0.0, "loss": 0.66968, "loss_std": 0.0, "lr": 1e-05, "lr_std": 0.0, "params": 3473.0, "params_std": 0.0, "time_iter": 0.01126, "time_iter_std": 0.0, "accuracy": 0.60791, "accuracy_std": 0.0, "precision": 0.0, "precision_std": 0.0, "recall": 0.0, "recall_std": 0.0, "f1": 0.0, "f1_std": 0.0, "auc": 0.48983, "auc_std": 0.0}
{"epoch": 95, "time_epoch": 0.38696, "time_epoch_std": 0.0, "eta": 1.55779, "eta_std": 0.0, "eta_hours": 0.00043, "eta_hours_std": 0.0, "loss": 0.66967, "loss_std": 0.0, "lr": 1e-05, "lr_std": 0.0, "params": 3473.0, "params_std": 0.0, "time_iter": 0.01106, "time_iter_std": 0.0, "accuracy": 0.60791, "accuracy_std": 0.0, "precision": 0.0, "precision_std": 0.0, "recall": 0.0, "recall_std": 0.0, "f1": 0.0, "f1_std": 0.0, "auc": 0.51547, "auc_std": 0.0}
{"epoch": 96, "time_epoch": 0.39081, "time_epoch_std": 0.0, "eta": 1.16838, "eta_std": 0.0, "eta_hours": 0.00032, "eta_hours_std": 0.0, "loss": 0.66968, "loss_std": 0.0, "lr": 0.0, "lr_std": 0.0, "params": 3473.0, "params_std": 0.0, "time_iter": 0.01117, "time_iter_std": 0.0, "accuracy": 0.60791, "accuracy_std": 0.0, "precision": 0.0, "precision_std": 0.0, "recall": 0.0, "recall_std": 0.0, "f1": 0.0, "f1_std": 0.0, "auc": 0.48264, "auc_std": 0.0}
{"epoch": 97, "time_epoch": 0.38584, "time_epoch_std": 0.0, "eta": 0.77885, "eta_std": 0.0, "eta_hours": 0.00022, "eta_hours_std": 0.0, "loss": 0.66967, "loss_std": 0.0, "lr": 0.0, "lr_std": 0.0, "params": 3473.0, "params_std": 0.0, "time_iter": 0.01102, "time_iter_std": 0.0, "accuracy": 0.60791, "accuracy_std": 0.0, "precision": 0.0, "precision_std": 0.0, "recall": 0.0, "recall_std": 0.0, "f1": 0.0, "f1_std": 0.0, "auc": 0.4892, "auc_std": 0.0}
{"epoch": 98, "time_epoch": 0.38464, "time_epoch_std": 0.0, "eta": 0.38938, "eta_std": 0.0, "eta_hours": 0.00011, "eta_hours_std": 0.0, "loss": 0.66967, "loss_std": 0.0, "lr": 0.0, "lr_std": 0.0, "params": 3473.0, "params_std": 0.0, "time_iter": 0.01099, "time_iter_std": 0.0, "accuracy": 0.60791, "accuracy_std": 0.0, "precision": 0.0, "precision_std": 0.0, "recall": 0.0, "recall_std": 0.0, "f1": 0.0, "f1_std": 0.0, "auc": 0.50652, "auc_std": 0.0}
{"epoch": 99, "time_epoch": 0.38599, "time_epoch_std": 0.0, "eta": 0.0, "eta_std": 0.0, "eta_hours": 0.0, "eta_hours_std": 0.0, "loss": 0.66966, "loss_std": 0.0, "lr": 0.0, "lr_std": 0.0, "params": 3473.0, "params_std": 0.0, "time_iter": 0.01103, "time_iter_std": 0.0, "accuracy": 0.60791, "accuracy_std": 0.0, "precision": 0.0, "precision_std": 0.0, "recall": 0.0, "recall_std": 0.0, "f1": 0.0, "f1_std": 0.0, "auc": 0.52876, "auc_std": 0.0}
