{"epoch": 0, "time_epoch": 28.52394, "eta": 2823.8704, "eta_hours": 0.78441, "loss": 0.69619726, "lr": 0.001, "params": 3861, "time_iter": 0.89137, "accuracy": 0.464, "precision": 0.47619, "recall": 0.59289, "f1": 0.52817, "auc": 0.44463}
{"epoch": 1, "time_epoch": 28.41837, "eta": 2790.1735, "eta_hours": 0.77505, "loss": 0.6931036, "lr": 0.00099975, "params": 3861, "time_iter": 0.88807, "accuracy": 0.506, "precision": 0.506, "recall": 1.0, "f1": 0.67198, "auc": 0.49499}
{"epoch": 2, "time_epoch": 28.3583, "eta": 2758.05311, "eta_hours": 0.76613, "loss": 0.69342728, "lr": 0.00099901, "params": 3861, "time_iter": 0.8862, "accuracy": 0.48, "precision": 0.49036, "recall": 0.70356, "f1": 0.57792, "auc": 0.45282}
{"epoch": 3, "time_epoch": 28.32296, "eta": 2726.96561, "eta_hours": 0.75749, "loss": 0.69354521, "lr": 0.00099778, "params": 3861, "time_iter": 0.88509, "accuracy": 0.492, "precision": 0.49091, "recall": 0.10672, "f1": 0.17532, "auc": 0.45911}
{"epoch": 4, "time_epoch": 28.48746, "eta": 2700.10948, "eta_hours": 0.75003, "loss": 0.6936702, "lr": 0.00099606, "params": 3861, "time_iter": 0.89023, "accuracy": 0.484, "precision": 0.48918, "recall": 0.44664, "f1": 0.46694, "auc": 0.45543}
{"epoch": 5, "time_epoch": 28.39376, "eta": 2671.24169, "eta_hours": 0.74201, "loss": 0.69339002, "lr": 0.00099384, "params": 3861, "time_iter": 0.88731, "accuracy": 0.506, "precision": 0.506, "recall": 1.0, "f1": 0.67198, "auc": 0.45291}
{"epoch": 6, "time_epoch": 28.3522, "eta": 2641.9571, "eta_hours": 0.73388, "loss": 0.69342493, "lr": 0.00099114, "params": 3861, "time_iter": 0.88601, "accuracy": 0.474, "precision": 0.47059, "recall": 0.31621, "f1": 0.37825, "auc": 0.46257}
{"epoch": 7, "time_epoch": 28.30638, "eta": 2612.37869, "eta_hours": 0.72566, "loss": 0.69348042, "lr": 0.00098796, "params": 3861, "time_iter": 0.88457, "accuracy": 0.48, "precision": 0.48293, "recall": 0.3913, "f1": 0.43231, "auc": 0.4584}
{"epoch": 8, "time_epoch": 28.4057, "eta": 2584.08721, "eta_hours": 0.7178, "loss": 0.69311049, "lr": 0.00098429, "params": 3861, "time_iter": 0.88768, "accuracy": 0.506, "precision": 0.506, "recall": 1.0, "f1": 0.67198, "auc": 0.49903}
{"epoch": 9, "time_epoch": 28.38418, "eta": 2555.57919, "eta_hours": 0.70988, "loss": 0.69349134, "lr": 0.00098015, "params": 3861, "time_iter": 0.88701, "accuracy": 0.506, "precision": 0.506, "recall": 1.0, "f1": 0.67198, "auc": 0.44289}
{"epoch": 10, "time_epoch": 28.28672, "eta": 2526.30519, "eta_hours": 0.70175, "loss": 0.6932683, "lr": 0.00097553, "params": 3861, "time_iter": 0.88396, "accuracy": 0.506, "precision": 0.506, "recall": 1.0, "f1": 0.67198, "auc": 0.4698}
{"epoch": 11, "time_epoch": 28.3734, "eta": 2497.83134, "eta_hours": 0.69384, "loss": 0.69344469, "lr": 0.00097044, "params": 3861, "time_iter": 0.88667, "accuracy": 0.506, "precision": 0.506, "recall": 1.0, "f1": 0.67198, "auc": 0.43291}
{"epoch": 12, "time_epoch": 28.34354, "eta": 2469.17312, "eta_hours": 0.68588, "loss": 0.69329153, "lr": 0.00096489, "params": 3861, "time_iter": 0.88574, "accuracy": 0.506, "precision": 0.506, "recall": 1.0, "f1": 0.67198, "auc": 0.44797}
{"epoch": 13, "time_epoch": 28.32258, "eta": 2440.43113, "eta_hours": 0.6779, "loss": 0.69345589, "lr": 0.00095888, "params": 3861, "time_iter": 0.88508, "accuracy": 0.506, "precision": 0.506, "recall": 1.0, "f1": 0.67198, "auc": 0.46877}
{"epoch": 14, "time_epoch": 28.3445, "eta": 2411.86923, "eta_hours": 0.66996, "loss": 0.69322599, "lr": 0.00095241, "params": 3861, "time_iter": 0.88577, "accuracy": 0.506, "precision": 0.506, "recall": 1.0, "f1": 0.67198, "auc": 0.48697}
{"epoch": 15, "time_epoch": 28.36721, "eta": 2383.45374, "eta_hours": 0.66207, "loss": 0.69324767, "lr": 0.0009455, "params": 3861, "time_iter": 0.88648, "accuracy": 0.506, "precision": 0.506, "recall": 1.0, "f1": 0.67198, "auc": 0.44626}
{"epoch": 16, "time_epoch": 28.36489, "eta": 2355.03263, "eta_hours": 0.65418, "loss": 0.69330698, "lr": 0.00093815, "params": 3861, "time_iter": 0.8864, "accuracy": 0.508, "precision": 0.50701, "recall": 1.0, "f1": 0.67287, "auc": 0.45608}
{"epoch": 17, "time_epoch": 28.27016, "eta": 2326.18622, "eta_hours": 0.64616, "loss": 0.69334392, "lr": 0.00093037, "params": 3861, "time_iter": 0.88344, "accuracy": 0.498, "precision": 0.50207, "recall": 0.95652, "f1": 0.6585, "auc": 0.44465}
{"epoch": 18, "time_epoch": 28.35192, "eta": 2297.74901, "eta_hours": 0.63826, "loss": 0.69327728, "lr": 0.00092216, "params": 3861, "time_iter": 0.886, "accuracy": 0.506, "precision": 0.506, "recall": 1.0, "f1": 0.67198, "auc": 0.44665}
{"epoch": 19, "time_epoch": 28.39333, "eta": 2269.48596, "eta_hours": 0.63041, "loss": 0.69318711, "lr": 0.00091354, "params": 3861, "time_iter": 0.88729, "accuracy": 0.506, "precision": 0.506, "recall": 1.0, "f1": 0.67198, "auc": 0.46062}
{"epoch": 20, "time_epoch": 28.34982, "eta": 2241.04683, "eta_hours": 0.62251, "loss": 0.69337195, "lr": 0.00090451, "params": 3861, "time_iter": 0.88593, "accuracy": 0.478, "precision": 0.4901, "recall": 0.78261, "f1": 0.60274, "auc": 0.46204}
{"epoch": 21, "time_epoch": 28.38233, "eta": 2212.73107, "eta_hours": 0.61465, "loss": 0.69327134, "lr": 0.00089508, "params": 3861, "time_iter": 0.88695, "accuracy": 0.506, "precision": 0.506, "recall": 1.0, "f1": 0.67198, "auc": 0.43263}
{"epoch": 22, "time_epoch": 28.35261, "eta": 2184.31004, "eta_hours": 0.60675, "loss": 0.6933504, "lr": 0.00088526, "params": 3861, "time_iter": 0.88602, "accuracy": 0.452, "precision": 0.47091, "recall": 0.67194, "f1": 0.55375, "auc": 0.45183}
{"epoch": 23, "time_epoch": 28.28863, "eta": 2155.69212, "eta_hours": 0.5988, "loss": 0.69335646, "lr": 0.00087506, "params": 3861, "time_iter": 0.88402, "accuracy": 0.506, "precision": 0.506, "recall": 1.0, "f1": 0.67198, "auc": 0.46601}
{"epoch": 24, "time_epoch": 28.34565, "eta": 2127.27158, "eta_hours": 0.59091, "loss": 0.69344745, "lr": 0.00086448, "params": 3861, "time_iter": 0.8858, "accuracy": 0.462, "precision": 0.47701, "recall": 0.65613, "f1": 0.55241, "auc": 0.45767}
{"epoch": 25, "time_epoch": 28.35706, "eta": 2098.88928, "eta_hours": 0.58302, "loss": 0.6931967, "lr": 0.00085355, "params": 3861, "time_iter": 0.88616, "accuracy": 0.506, "precision": 0.506, "recall": 1.0, "f1": 0.67198, "auc": 0.45154}
{"epoch": 26, "time_epoch": 28.36097, "eta": 2070.51943, "eta_hours": 0.57514, "loss": 0.69339182, "lr": 0.00084227, "params": 3861, "time_iter": 0.88628, "accuracy": 0.506, "precision": 0.506, "recall": 1.0, "f1": 0.67198, "auc": 0.45405}
{"epoch": 27, "time_epoch": 28.35657, "eta": 2042.13889, "eta_hours": 0.56726, "loss": 0.69324719, "lr": 0.00083066, "params": 3861, "time_iter": 0.88614, "accuracy": 0.506, "precision": 0.506, "recall": 1.0, "f1": 0.67198, "auc": 0.4506}
{"epoch": 28, "time_epoch": 28.2904, "eta": 2013.59801, "eta_hours": 0.55933, "loss": 0.69328748, "lr": 0.00081871, "params": 3861, "time_iter": 0.88407, "accuracy": 0.506, "precision": 0.506, "recall": 1.0, "f1": 0.67198, "auc": 0.46632}
{"epoch": 29, "time_epoch": 28.34989, "eta": 1985.21264, "eta_hours": 0.55145, "loss": 0.69358987, "lr": 0.00080645, "params": 3861, "time_iter": 0.88593, "accuracy": 0.506, "precision": 0.506, "recall": 1.0, "f1": 0.67198, "auc": 0.43959}
{"epoch": 30, "time_epoch": 28.39359, "eta": 1956.92682, "eta_hours": 0.54359, "loss": 0.69322354, "lr": 0.00079389, "params": 3861, "time_iter": 0.8873, "accuracy": 0.506, "precision": 0.506, "recall": 1.0, "f1": 0.67198, "auc": 0.45806}
{"epoch": 31, "time_epoch": 28.37006, "eta": 1928.58426, "eta_hours": 0.53572, "loss": 0.6932918, "lr": 0.00078104, "params": 3861, "time_iter": 0.88656, "accuracy": 0.506, "precision": 0.506, "recall": 1.0, "f1": 0.67198, "auc": 0.40395}
{"epoch": 32, "time_epoch": 28.30719, "eta": 1900.11239, "eta_hours": 0.52781, "loss": 0.69332005, "lr": 0.00076791, "params": 3861, "time_iter": 0.8846, "accuracy": 0.506, "precision": 0.506, "recall": 1.0, "f1": 0.67198, "auc": 0.44242}
{"epoch": 33, "time_epoch": 28.28993, "eta": 1871.6167, "eta_hours": 0.51989, "loss": 0.69329911, "lr": 0.00075452, "params": 3861, "time_iter": 0.88406, "accuracy": 0.506, "precision": 0.506, "recall": 1.0, "f1": 0.67198, "auc": 0.46736}
{"epoch": 34, "time_epoch": 28.4689, "eta": 1843.46514, "eta_hours": 0.51207, "loss": 0.6933193, "lr": 0.00074088, "params": 3861, "time_iter": 0.88965, "accuracy": 0.506, "precision": 0.506, "recall": 1.0, "f1": 0.67198, "auc": 0.41948}
{"epoch": 35, "time_epoch": 28.42562, "eta": 1815.21901, "eta_hours": 0.50423, "loss": 0.6932624, "lr": 0.000727, "params": 3861, "time_iter": 0.8883, "accuracy": 0.506, "precision": 0.506, "recall": 1.0, "f1": 0.67198, "auc": 0.45476}
{"epoch": 36, "time_epoch": 28.43285, "eta": 1786.97549, "eta_hours": 0.49638, "loss": 0.69339534, "lr": 0.00071289, "params": 3861, "time_iter": 0.88853, "accuracy": 0.458, "precision": 0.43919, "recall": 0.25692, "f1": 0.32419, "auc": 0.45566}
{"epoch": 37, "time_epoch": 28.40954, "eta": 1758.68398, "eta_hours": 0.48852, "loss": 0.69325212, "lr": 0.00069857, "params": 3861, "time_iter": 0.8878, "accuracy": 0.456, "precision": 0.47324, "recall": 0.66403, "f1": 0.55263, "auc": 0.44395}
{"epoch": 38, "time_epoch": 28.77239, "eta": 1730.95394, "eta_hours": 0.48082, "loss": 0.69366229, "lr": 0.00068406, "params": 3861, "time_iter": 0.89914, "accuracy": 0.506, "precision": 0.506, "recall": 1.0, "f1": 0.67198, "auc": 0.44808}
{"epoch": 39, "time_epoch": 28.43932, "eta": 1702.67219, "eta_hours": 0.47296, "loss": 0.69322771, "lr": 0.00066937, "params": 3861, "time_iter": 0.88873, "accuracy": 0.506, "precision": 0.506, "recall": 1.0, "f1": 0.67198, "auc": 0.44034}
{"epoch": 40, "time_epoch": 28.44434, "eta": 1674.38998, "eta_hours": 0.46511, "loss": 0.69325979, "lr": 0.00065451, "params": 3861, "time_iter": 0.88889, "accuracy": 0.506, "precision": 0.506, "recall": 1.0, "f1": 0.67198, "auc": 0.45952}
{"epoch": 41, "time_epoch": 28.42791, "eta": 1646.07735, "eta_hours": 0.45724, "loss": 0.69336395, "lr": 0.0006395, "params": 3861, "time_iter": 0.88837, "accuracy": 0.506, "precision": 0.506, "recall": 1.0, "f1": 0.67198, "auc": 0.45175}
{"epoch": 42, "time_epoch": 28.41458, "eta": 1617.74169, "eta_hours": 0.44937, "loss": 0.69330365, "lr": 0.00062434, "params": 3861, "time_iter": 0.88796, "accuracy": 0.506, "precision": 0.506, "recall": 1.0, "f1": 0.67198, "auc": 0.4425}
{"epoch": 43, "time_epoch": 28.4239, "eta": 1589.4143, "eta_hours": 0.4415, "loss": 0.69318604, "lr": 0.00060907, "params": 3861, "time_iter": 0.88825, "accuracy": 0.506, "precision": 0.506, "recall": 1.0, "f1": 0.67198, "auc": 0.46368}
{"epoch": 44, "time_epoch": 28.38372, "eta": 1561.03352, "eta_hours": 0.43362, "loss": 0.6932125, "lr": 0.00059369, "params": 3861, "time_iter": 0.88699, "accuracy": 0.506, "precision": 0.506, "recall": 1.0, "f1": 0.67198, "auc": 0.46483}
{"epoch": 45, "time_epoch": 28.43109, "eta": 1532.70822, "eta_hours": 0.42575, "loss": 0.69318065, "lr": 0.00057822, "params": 3861, "time_iter": 0.88847, "accuracy": 0.506, "precision": 0.506, "recall": 1.0, "f1": 0.67198, "auc": 0.47564}
{"epoch": 46, "time_epoch": 28.42741, "eta": 1504.37427, "eta_hours": 0.41788, "loss": 0.69316967, "lr": 0.00056267, "params": 3861, "time_iter": 0.88836, "accuracy": 0.506, "precision": 0.506, "recall": 1.0, "f1": 0.67198, "auc": 0.47816}
{"epoch": 47, "time_epoch": 28.43095, "eta": 1476.04026, "eta_hours": 0.41001, "loss": 0.69320573, "lr": 0.00054705, "params": 3861, "time_iter": 0.88847, "accuracy": 0.506, "precision": 0.506, "recall": 1.0, "f1": 0.67198, "auc": 0.43601}
{"epoch": 48, "time_epoch": 28.43198, "eta": 1447.70336, "eta_hours": 0.40214, "loss": 0.69312533, "lr": 0.0005314, "params": 3861, "time_iter": 0.8885, "accuracy": 0.506, "precision": 0.506, "recall": 1.0, "f1": 0.67198, "auc": 0.46525}
{"epoch": 49, "time_epoch": 28.4019, "eta": 1419.33258, "eta_hours": 0.39426, "loss": 0.69316318, "lr": 0.00051571, "params": 3861, "time_iter": 0.88756, "accuracy": 0.506, "precision": 0.506, "recall": 1.0, "f1": 0.67198, "auc": 0.47178}
{"epoch": 50, "time_epoch": 28.42182, "eta": 1390.97972, "eta_hours": 0.38638, "loss": 0.69348782, "lr": 0.0005, "params": 3861, "time_iter": 0.88818, "accuracy": 0.506, "precision": 0.506, "recall": 1.0, "f1": 0.67198, "auc": 0.44614}
{"epoch": 51, "time_epoch": 28.44542, "eta": 1362.64599, "eta_hours": 0.37851, "loss": 0.69314554, "lr": 0.00048429, "params": 3861, "time_iter": 0.88892, "accuracy": 0.506, "precision": 0.506, "recall": 1.0, "f1": 0.67198, "auc": 0.48756}
{"epoch": 52, "time_epoch": 28.42137, "eta": 1334.28671, "eta_hours": 0.37064, "loss": 0.69313527, "lr": 0.0004686, "params": 3861, "time_iter": 0.88817, "accuracy": 0.506, "precision": 0.506, "recall": 1.0, "f1": 0.67198, "auc": 0.44578}
{"epoch": 53, "time_epoch": 28.44558, "eta": 1305.94577, "eta_hours": 0.36276, "loss": 0.69323121, "lr": 0.00045295, "params": 3861, "time_iter": 0.88892, "accuracy": 0.506, "precision": 0.506, "recall": 1.0, "f1": 0.67198, "auc": 0.43362}
{"epoch": 54, "time_epoch": 28.42945, "eta": 1277.58782, "eta_hours": 0.35489, "loss": 0.69324341, "lr": 0.00043733, "params": 3861, "time_iter": 0.88842, "accuracy": 0.506, "precision": 0.506, "recall": 1.0, "f1": 0.67198, "auc": 0.45187}
{"epoch": 55, "time_epoch": 28.41741, "eta": 1249.21785, "eta_hours": 0.347, "loss": 0.69323273, "lr": 0.00042178, "params": 3861, "time_iter": 0.88804, "accuracy": 0.506, "precision": 0.506, "recall": 1.0, "f1": 0.67198, "auc": 0.45643}
{"epoch": 56, "time_epoch": 28.42124, "eta": 1220.84911, "eta_hours": 0.33912, "loss": 0.69313055, "lr": 0.00040631, "params": 3861, "time_iter": 0.88816, "accuracy": 0.506, "precision": 0.506, "recall": 1.0, "f1": 0.67198, "auc": 0.45654}
{"epoch": 57, "time_epoch": 28.44487, "eta": 1192.49567, "eta_hours": 0.33125, "loss": 0.69330272, "lr": 0.00039093, "params": 3861, "time_iter": 0.8889, "accuracy": 0.506, "precision": 0.506, "recall": 1.0, "f1": 0.67198, "auc": 0.43942}
{"epoch": 58, "time_epoch": 28.36897, "eta": 1164.08639, "eta_hours": 0.32336, "loss": 0.69308951, "lr": 0.00037566, "params": 3861, "time_iter": 0.88653, "accuracy": 0.506, "precision": 0.506, "recall": 1.0, "f1": 0.67198, "auc": 0.49127}
{"epoch": 59, "time_epoch": 28.41375, "eta": 1135.7083, "eta_hours": 0.31547, "loss": 0.69315425, "lr": 0.0003605, "params": 3861, "time_iter": 0.88793, "accuracy": 0.506, "precision": 0.506, "recall": 1.0, "f1": 0.67198, "auc": 0.45964}
{"epoch": 60, "time_epoch": 28.41596, "eta": 1107.33046, "eta_hours": 0.30759, "loss": 0.69313962, "lr": 0.00034549, "params": 3861, "time_iter": 0.888, "accuracy": 0.506, "precision": 0.506, "recall": 1.0, "f1": 0.67198, "auc": 0.44525}
{"epoch": 61, "time_epoch": 28.36905, "eta": 1078.92264, "eta_hours": 0.2997, "loss": 0.6932938, "lr": 0.00033063, "params": 3861, "time_iter": 0.88653, "accuracy": 0.506, "precision": 0.506, "recall": 1.0, "f1": 0.67198, "auc": 0.45271}
{"epoch": 62, "time_epoch": 28.44653, "eta": 1050.56155, "eta_hours": 0.29182, "loss": 0.69311845, "lr": 0.00031594, "params": 3861, "time_iter": 0.88895, "accuracy": 0.506, "precision": 0.506, "recall": 1.0, "f1": 0.67198, "auc": 0.46411}
{"epoch": 63, "time_epoch": 28.47955, "eta": 1022.21636, "eta_hours": 0.28395, "loss": 0.69327548, "lr": 0.00030143, "params": 3861, "time_iter": 0.88999, "accuracy": 0.506, "precision": 0.506, "recall": 1.0, "f1": 0.67198, "auc": 0.44144}
{"epoch": 64, "time_epoch": 28.42639, "eta": 993.83842, "eta_hours": 0.27607, "loss": 0.69313536, "lr": 0.00028711, "params": 3861, "time_iter": 0.88832, "accuracy": 0.506, "precision": 0.506, "recall": 1.0, "f1": 0.67198, "auc": 0.42988}
{"epoch": 65, "time_epoch": 28.39128, "eta": 965.44093, "eta_hours": 0.26818, "loss": 0.69335679, "lr": 0.000273, "params": 3861, "time_iter": 0.88723, "accuracy": 0.506, "precision": 0.506, "recall": 1.0, "f1": 0.67198, "auc": 0.42897}
{"epoch": 66, "time_epoch": 28.41924, "eta": 937.05739, "eta_hours": 0.26029, "loss": 0.69327107, "lr": 0.00025912, "params": 3861, "time_iter": 0.8881, "accuracy": 0.506, "precision": 0.506, "recall": 1.0, "f1": 0.67198, "auc": 0.45495}
{"epoch": 67, "time_epoch": 28.44044, "eta": 908.68277, "eta_hours": 0.25241, "loss": 0.69315797, "lr": 0.00024548, "params": 3861, "time_iter": 0.88876, "accuracy": 0.506, "precision": 0.506, "recall": 1.0, "f1": 0.67198, "auc": 0.466}
{"epoch": 68, "time_epoch": 28.44032, "eta": 880.3062, "eta_hours": 0.24453, "loss": 0.6931251, "lr": 0.00023209, "params": 3861, "time_iter": 0.88876, "accuracy": 0.506, "precision": 0.506, "recall": 1.0, "f1": 0.67198, "auc": 0.43396}
{"epoch": 69, "time_epoch": 28.4529, "eta": 851.93319, "eta_hours": 0.23665, "loss": 0.69315493, "lr": 0.00021896, "params": 3861, "time_iter": 0.88915, "accuracy": 0.506, "precision": 0.506, "recall": 1.0, "f1": 0.67198, "auc": 0.46284}
{"epoch": 70, "time_epoch": 28.4307, "eta": 823.54887, "eta_hours": 0.22876, "loss": 0.6931044, "lr": 0.00020611, "params": 3861, "time_iter": 0.88846, "accuracy": 0.506, "precision": 0.506, "recall": 1.0, "f1": 0.67198, "auc": 0.43556}
{"epoch": 71, "time_epoch": 28.41221, "eta": 795.15607, "eta_hours": 0.22088, "loss": 0.69312757, "lr": 0.00019355, "params": 3861, "time_iter": 0.88788, "accuracy": 0.506, "precision": 0.506, "recall": 1.0, "f1": 0.67198, "auc": 0.4247}
{"epoch": 72, "time_epoch": 28.42811, "eta": 766.76861, "eta_hours": 0.21299, "loss": 0.69310038, "lr": 0.00018129, "params": 3861, "time_iter": 0.88838, "accuracy": 0.506, "precision": 0.506, "recall": 1.0, "f1": 0.67198, "auc": 0.45074}
{"epoch": 73, "time_epoch": 28.42611, "eta": 738.37936, "eta_hours": 0.20511, "loss": 0.69309906, "lr": 0.00016934, "params": 3861, "time_iter": 0.88832, "accuracy": 0.506, "precision": 0.506, "recall": 1.0, "f1": 0.67198, "auc": 0.47544}
{"epoch": 74, "time_epoch": 28.47166, "eta": 710.0043, "eta_hours": 0.19722, "loss": 0.69309027, "lr": 0.00015773, "params": 3861, "time_iter": 0.88974, "accuracy": 0.506, "precision": 0.506, "recall": 1.0, "f1": 0.67198, "auc": 0.47313}
{"epoch": 75, "time_epoch": 28.46905, "eta": 681.62588, "eta_hours": 0.18934, "loss": 0.69310289, "lr": 0.00014645, "params": 3861, "time_iter": 0.88966, "accuracy": 0.506, "precision": 0.506, "recall": 1.0, "f1": 0.67198, "auc": 0.45203}
{"epoch": 76, "time_epoch": 28.42472, "eta": 653.23186, "eta_hours": 0.18145, "loss": 0.69312292, "lr": 0.00013552, "params": 3861, "time_iter": 0.88827, "accuracy": 0.506, "precision": 0.506, "recall": 1.0, "f1": 0.67198, "auc": 0.43432}
{"epoch": 77, "time_epoch": 28.61613, "eta": 624.89105, "eta_hours": 0.17358, "loss": 0.69310606, "lr": 0.00012494, "params": 3861, "time_iter": 0.89425, "accuracy": 0.506, "precision": 0.506, "recall": 1.0, "f1": 0.67198, "auc": 0.46433}
{"epoch": 78, "time_epoch": 28.4326, "eta": 596.49448, "eta_hours": 0.16569, "loss": 0.69310857, "lr": 0.00011474, "params": 3861, "time_iter": 0.88852, "accuracy": 0.506, "precision": 0.506, "recall": 1.0, "f1": 0.67198, "auc": 0.4627}
{"epoch": 79, "time_epoch": 28.49307, "eta": 568.11212, "eta_hours": 0.15781, "loss": 0.69309695, "lr": 0.00010492, "params": 3861, "time_iter": 0.89041, "accuracy": 0.506, "precision": 0.506, "recall": 1.0, "f1": 0.67198, "auc": 0.4616}
{"epoch": 80, "time_epoch": 28.45293, "eta": 539.71761, "eta_hours": 0.14992, "loss": 0.69309511, "lr": 9.549e-05, "params": 3861, "time_iter": 0.88915, "accuracy": 0.506, "precision": 0.506, "recall": 1.0, "f1": 0.67198, "auc": 0.46085}
{"epoch": 81, "time_epoch": 28.36778, "eta": 511.30299, "eta_hours": 0.14203, "loss": 0.69310673, "lr": 8.646e-05, "params": 3861, "time_iter": 0.88649, "accuracy": 0.506, "precision": 0.506, "recall": 1.0, "f1": 0.67198, "auc": 0.43391}
{"epoch": 82, "time_epoch": 28.5166, "eta": 482.91998, "eta_hours": 0.13414, "loss": 0.69308337, "lr": 7.784e-05, "params": 3861, "time_iter": 0.89114, "accuracy": 0.506, "precision": 0.506, "recall": 1.0, "f1": 0.67198, "auc": 0.47212}
{"epoch": 83, "time_epoch": 28.37546, "eta": 454.50691, "eta_hours": 0.12625, "loss": 0.69308905, "lr": 6.963e-05, "params": 3861, "time_iter": 0.88673, "accuracy": 0.506, "precision": 0.506, "recall": 1.0, "f1": 0.67198, "auc": 0.45597}
{"epoch": 84, "time_epoch": 28.44903, "eta": 426.1077, "eta_hours": 0.11836, "loss": 0.69308998, "lr": 6.185e-05, "params": 3861, "time_iter": 0.88903, "accuracy": 0.506, "precision": 0.506, "recall": 1.0, "f1": 0.67198, "auc": 0.4693}
{"epoch": 85, "time_epoch": 28.46391, "eta": 397.70975, "eta_hours": 0.11047, "loss": 0.69307537, "lr": 5.45e-05, "params": 3861, "time_iter": 0.8895, "accuracy": 0.506, "precision": 0.506, "recall": 1.0, "f1": 0.67198, "auc": 0.49265}
{"epoch": 86, "time_epoch": 28.45874, "eta": 369.30952, "eta_hours": 0.10259, "loss": 0.69307868, "lr": 4.759e-05, "params": 3861, "time_iter": 0.88934, "accuracy": 0.506, "precision": 0.506, "recall": 1.0, "f1": 0.67198, "auc": 0.48606}
{"epoch": 87, "time_epoch": 28.53841, "eta": 340.91882, "eta_hours": 0.0947, "loss": 0.69311228, "lr": 4.112e-05, "params": 3861, "time_iter": 0.89183, "accuracy": 0.506, "precision": 0.506, "recall": 1.0, "f1": 0.67198, "auc": 0.42931}
{"epoch": 88, "time_epoch": 28.44115, "eta": 312.51278, "eta_hours": 0.08681, "loss": 0.69309751, "lr": 3.511e-05, "params": 3861, "time_iter": 0.88879, "accuracy": 0.506, "precision": 0.506, "recall": 1.0, "f1": 0.67198, "auc": 0.42654}
{"epoch": 89, "time_epoch": 28.43447, "eta": 284.10522, "eta_hours": 0.07892, "loss": 0.69307857, "lr": 2.956e-05, "params": 3861, "time_iter": 0.88858, "accuracy": 0.506, "precision": 0.506, "recall": 1.0, "f1": 0.67198, "auc": 0.47765}
{"epoch": 90, "time_epoch": 28.42455, "eta": 255.69608, "eta_hours": 0.07103, "loss": 0.69307413, "lr": 2.447e-05, "params": 3861, "time_iter": 0.88827, "accuracy": 0.506, "precision": 0.506, "recall": 1.0, "f1": 0.67198, "auc": 0.50238}
{"epoch": 91, "time_epoch": 28.37547, "eta": 227.28235, "eta_hours": 0.06313, "loss": 0.69307905, "lr": 1.985e-05, "params": 3861, "time_iter": 0.88673, "accuracy": 0.506, "precision": 0.506, "recall": 1.0, "f1": 0.67198, "auc": 0.47612}
{"epoch": 92, "time_epoch": 28.5342, "eta": 198.88138, "eta_hours": 0.05524, "loss": 0.69308886, "lr": 1.571e-05, "params": 3861, "time_iter": 0.89169, "accuracy": 0.506, "precision": 0.506, "recall": 1.0, "f1": 0.67198, "auc": 0.43333}
{"epoch": 93, "time_epoch": 28.43917, "eta": 170.47151, "eta_hours": 0.04735, "loss": 0.69307343, "lr": 1.204e-05, "params": 3861, "time_iter": 0.88872, "accuracy": 0.506, "precision": 0.506, "recall": 1.0, "f1": 0.67198, "auc": 0.50946}
{"epoch": 94, "time_epoch": 28.45288, "eta": 142.06175, "eta_hours": 0.03946, "loss": 0.69308265, "lr": 8.86e-06, "params": 3861, "time_iter": 0.88915, "accuracy": 0.506, "precision": 0.506, "recall": 1.0, "f1": 0.67198, "auc": 0.45415}
{"epoch": 95, "time_epoch": 28.37368, "eta": 113.64779, "eta_hours": 0.03157, "loss": 0.69307557, "lr": 6.16e-06, "params": 3861, "time_iter": 0.88668, "accuracy": 0.506, "precision": 0.506, "recall": 1.0, "f1": 0.67198, "auc": 0.49678}
{"epoch": 96, "time_epoch": 28.45353, "eta": 85.23713, "eta_hours": 0.02368, "loss": 0.69307053, "lr": 3.94e-06, "params": 3861, "time_iter": 0.88917, "accuracy": 0.506, "precision": 0.506, "recall": 1.0, "f1": 0.67198, "auc": 0.536}
{"epoch": 97, "time_epoch": 28.4434, "eta": 56.82538, "eta_hours": 0.01578, "loss": 0.6930714, "lr": 2.22e-06, "params": 3861, "time_iter": 0.88886, "accuracy": 0.506, "precision": 0.506, "recall": 1.0, "f1": 0.67198, "auc": 0.53848}
{"epoch": 98, "time_epoch": 28.45994, "eta": 28.41317, "eta_hours": 0.00789, "loss": 0.69308018, "lr": 9.9e-07, "params": 3861, "time_iter": 0.88937, "accuracy": 0.506, "precision": 0.506, "recall": 1.0, "f1": 0.67198, "auc": 0.47032}
{"epoch": 99, "time_epoch": 28.50789, "eta": 0.0, "eta_hours": 0.0, "loss": 0.69307394, "lr": 2.5e-07, "params": 3861, "time_iter": 0.89087, "accuracy": 0.506, "precision": 0.506, "recall": 1.0, "f1": 0.67198, "auc": 0.51691}
