{"epoch": 0, "time_epoch": 21.53104, "eta": 2131.57305, "eta_hours": 0.5921, "loss": 0.69332194, "lr": 0.001, "params": 5289, "time_iter": 0.17225, "accuracy": 0.504, "precision": 0.50577, "recall": 0.86561, "f1": 0.63848, "auc": 0.49672}
{"epoch": 1, "time_epoch": 9.3189, "eta": 1511.64713, "eta_hours": 0.4199, "loss": 0.69219633, "lr": 0.00099975, "params": 5289, "time_iter": 0.07455, "accuracy": 0.552, "precision": 0.54517, "recall": 0.6917, "f1": 0.60976, "auc": 0.53467}
{"epoch": 2, "time_epoch": 9.36545, "eta": 1300.29782, "eta_hours": 0.36119, "loss": 0.68498354, "lr": 0.00099901, "params": 5289, "time_iter": 0.07492, "accuracy": 0.556, "precision": 0.55762, "recall": 0.59289, "f1": 0.57471, "auc": 0.58407}
{"epoch": 3, "time_epoch": 9.32587, "eta": 1188.99033, "eta_hours": 0.33028, "loss": 0.67582616, "lr": 0.00099778, "params": 5289, "time_iter": 0.07461, "accuracy": 0.56, "precision": 0.56574, "recall": 0.56126, "f1": 0.56349, "auc": 0.60455}
{"epoch": 4, "time_epoch": 9.32058, "eta": 1118.37505, "eta_hours": 0.31066, "loss": 0.65862914, "lr": 0.00099606, "params": 5289, "time_iter": 0.07456, "accuracy": 0.606, "precision": 0.63592, "recall": 0.51779, "f1": 0.57081, "auc": 0.64228}
{"epoch": 5, "time_epoch": 9.34957, "eta": 1068.64549, "eta_hours": 0.29685, "loss": 0.67412121, "lr": 0.00099384, "params": 5289, "time_iter": 0.0748, "accuracy": 0.58, "precision": 0.60488, "recall": 0.49012, "f1": 0.54148, "auc": 0.60695}
{"epoch": 6, "time_epoch": 9.34132, "eta": 1030.34349, "eta_hours": 0.28621, "loss": 0.66145175, "lr": 0.00099114, "params": 5289, "time_iter": 0.07473, "accuracy": 0.596, "precision": 0.62687, "recall": 0.49802, "f1": 0.55507, "auc": 0.62225}
{"epoch": 7, "time_epoch": 9.38497, "eta": 999.78366, "eta_hours": 0.27772, "loss": 0.66999525, "lr": 0.00098796, "params": 5289, "time_iter": 0.07508, "accuracy": 0.586, "precision": 0.615, "recall": 0.48617, "f1": 0.54305, "auc": 0.63288}
{"epoch": 8, "time_epoch": 9.42415, "eta": 974.32548, "eta_hours": 0.27065, "loss": 0.66592935, "lr": 0.00098429, "params": 5289, "time_iter": 0.07539, "accuracy": 0.594, "precision": 0.61682, "recall": 0.52174, "f1": 0.56531, "auc": 0.62545}
{"epoch": 9, "time_epoch": 7.91207, "eta": 938.46536, "eta_hours": 0.26068, "loss": 0.673559, "lr": 0.00098015, "params": 5289, "time_iter": 0.0633, "accuracy": 0.578, "precision": 0.60606, "recall": 0.47431, "f1": 0.53215, "auc": 0.61022}
{"epoch": 10, "time_epoch": 7.73536, "eta": 906.25695, "eta_hours": 0.25174, "loss": 0.66659051, "lr": 0.00097553, "params": 5289, "time_iter": 0.06188, "accuracy": 0.596, "precision": 0.60944, "recall": 0.56126, "f1": 0.58436, "auc": 0.62542}
{"epoch": 11, "time_epoch": 7.74903, "eta": 878.22765, "eta_hours": 0.24395, "loss": 0.66610211, "lr": 0.00097044, "params": 5289, "time_iter": 0.06199, "accuracy": 0.598, "precision": 0.63, "recall": 0.49802, "f1": 0.55629, "auc": 0.61337}
{"epoch": 12, "time_epoch": 7.74154, "eta": 853.26826, "eta_hours": 0.23702, "loss": 0.66404933, "lr": 0.00096489, "params": 5289, "time_iter": 0.06193, "accuracy": 0.588, "precision": 0.62176, "recall": 0.47431, "f1": 0.53812, "auc": 0.62111}
{"epoch": 13, "time_epoch": 7.73735, "eta": 830.74282, "eta_hours": 0.23076, "loss": 0.68078388, "lr": 0.00095888, "params": 5289, "time_iter": 0.0619, "accuracy": 0.58, "precision": 0.61622, "recall": 0.45059, "f1": 0.52055, "auc": 0.5914}
{"epoch": 14, "time_epoch": 7.73871, "eta": 810.19687, "eta_hours": 0.22505, "loss": 0.66177142, "lr": 0.00095241, "params": 5289, "time_iter": 0.06191, "accuracy": 0.606, "precision": 0.63333, "recall": 0.52569, "f1": 0.57451, "auc": 0.64289}
{"epoch": 15, "time_epoch": 7.74057, "eta": 791.26157, "eta_hours": 0.21979, "loss": 0.65323926, "lr": 0.0009455, "params": 5289, "time_iter": 0.06192, "accuracy": 0.62, "precision": 0.67213, "recall": 0.48617, "f1": 0.56422, "auc": 0.65433}
{"epoch": 16, "time_epoch": 7.73213, "eta": 773.60206, "eta_hours": 0.21489, "loss": 0.66528608, "lr": 0.00093815, "params": 5289, "time_iter": 0.06186, "accuracy": 0.604, "precision": 0.64249, "recall": 0.49012, "f1": 0.55605, "auc": 0.62195}
{"epoch": 17, "time_epoch": 7.74705, "eta": 757.11356, "eta_hours": 0.21031, "loss": 0.64915136, "lr": 0.00093037, "params": 5289, "time_iter": 0.06198, "accuracy": 0.614, "precision": 0.65306, "recall": 0.50593, "f1": 0.57016, "auc": 0.64276}
{"epoch": 18, "time_epoch": 7.74247, "eta": 741.52573, "eta_hours": 0.20598, "loss": 0.67772995, "lr": 0.00092216, "params": 5289, "time_iter": 0.06194, "accuracy": 0.568, "precision": 0.58852, "recall": 0.48617, "f1": 0.53247, "auc": 0.58802}
{"epoch": 19, "time_epoch": 7.74936, "eta": 726.74996, "eta_hours": 0.20187, "loss": 0.66436245, "lr": 0.00091354, "params": 5289, "time_iter": 0.06199, "accuracy": 0.6, "precision": 0.65868, "recall": 0.43478, "f1": 0.52381, "auc": 0.63166}
{"epoch": 20, "time_epoch": 7.74056, "eta": 712.61029, "eta_hours": 0.19795, "loss": 0.66877929, "lr": 0.00090451, "params": 5289, "time_iter": 0.06192, "accuracy": 0.584, "precision": 0.61421, "recall": 0.47826, "f1": 0.53778, "auc": 0.6098}
{"epoch": 21, "time_epoch": 7.74059, "eta": 699.05245, "eta_hours": 0.19418, "loss": 0.65255175, "lr": 0.00089508, "params": 5289, "time_iter": 0.06192, "accuracy": 0.61, "precision": 0.65426, "recall": 0.48617, "f1": 0.55782, "auc": 0.65009}
{"epoch": 22, "time_epoch": 7.72164, "eta": 685.93702, "eta_hours": 0.19054, "loss": 0.66298664, "lr": 0.00088526, "params": 5289, "time_iter": 0.06177, "accuracy": 0.566, "precision": 0.58824, "recall": 0.47431, "f1": 0.52516, "auc": 0.62654}
{"epoch": 23, "time_epoch": 7.74975, "eta": 673.3601, "eta_hours": 0.18704, "loss": 0.68136083, "lr": 0.00087506, "params": 5289, "time_iter": 0.062, "accuracy": 0.572, "precision": 0.59512, "recall": 0.48221, "f1": 0.53275, "auc": 0.58516}
{"epoch": 24, "time_epoch": 7.7326, "eta": 661.1179, "eta_hours": 0.18364, "loss": 0.66516121, "lr": 0.00086448, "params": 5289, "time_iter": 0.06186, "accuracy": 0.614, "precision": 0.64706, "recall": 0.52174, "f1": 0.57768, "auc": 0.63004}
{"epoch": 25, "time_epoch": 7.74682, "eta": 649.26307, "eta_hours": 0.18035, "loss": 0.67195398, "lr": 0.00085355, "params": 5289, "time_iter": 0.06197, "accuracy": 0.57, "precision": 0.59314, "recall": 0.47826, "f1": 0.52954, "auc": 0.6055}
{"epoch": 26, "time_epoch": 7.74813, "eta": 637.71607, "eta_hours": 0.17714, "loss": 0.65142958, "lr": 0.00084227, "params": 5289, "time_iter": 0.06199, "accuracy": 0.63, "precision": 0.66038, "recall": 0.55336, "f1": 0.60215, "auc": 0.6608}
{"epoch": 27, "time_epoch": 7.72127, "eta": 626.37134, "eta_hours": 0.17399, "loss": 0.65665505, "lr": 0.00083066, "params": 5289, "time_iter": 0.06177, "accuracy": 0.612, "precision": 0.65445, "recall": 0.49407, "f1": 0.56306, "auc": 0.63691}
{"epoch": 28, "time_epoch": 7.73977, "eta": 615.32181, "eta_hours": 0.17092, "loss": 0.67446986, "lr": 0.00081871, "params": 5289, "time_iter": 0.06192, "accuracy": 0.594, "precision": 0.60965, "recall": 0.54941, "f1": 0.57796, "auc": 0.60846}
{"epoch": 29, "time_epoch": 7.74156, "eta": 604.4971, "eta_hours": 0.16792, "loss": 0.66303578, "lr": 0.00080645, "params": 5289, "time_iter": 0.06193, "accuracy": 0.602, "precision": 0.61638, "recall": 0.56522, "f1": 0.58969, "auc": 0.64468}
{"epoch": 30, "time_epoch": 7.74524, "eta": 593.87949, "eta_hours": 0.16497, "loss": 0.66576067, "lr": 0.00079389, "params": 5289, "time_iter": 0.06196, "accuracy": 0.604, "precision": 0.63819, "recall": 0.50198, "f1": 0.56195, "auc": 0.62668}
{"epoch": 31, "time_epoch": 7.7452, "eta": 583.44132, "eta_hours": 0.16207, "loss": 0.65998277, "lr": 0.00078104, "params": 5289, "time_iter": 0.06196, "accuracy": 0.626, "precision": 0.65138, "recall": 0.56126, "f1": 0.60297, "auc": 0.64099}
{"epoch": 32, "time_epoch": 7.73519, "eta": 573.14604, "eta_hours": 0.15921, "loss": 0.65819563, "lr": 0.00076791, "params": 5289, "time_iter": 0.06188, "accuracy": 0.596, "precision": 0.61135, "recall": 0.55336, "f1": 0.58091, "auc": 0.63537}
{"epoch": 33, "time_epoch": 7.81621, "eta": 563.15862, "eta_hours": 0.15643, "loss": 0.67120993, "lr": 0.00075452, "params": 5289, "time_iter": 0.06253, "accuracy": 0.624, "precision": 0.65116, "recall": 0.55336, "f1": 0.59829, "auc": 0.61314}
{"epoch": 34, "time_epoch": 7.78305, "eta": 553.23369, "eta_hours": 0.15368, "loss": 0.6593338, "lr": 0.00074088, "params": 5289, "time_iter": 0.06226, "accuracy": 0.626, "precision": 0.66019, "recall": 0.53755, "f1": 0.59259, "auc": 0.63524}
{"epoch": 35, "time_epoch": 7.74084, "eta": 543.35272, "eta_hours": 0.15093, "loss": 0.65796309, "lr": 0.000727, "params": 5289, "time_iter": 0.06193, "accuracy": 0.61, "precision": 0.65104, "recall": 0.49407, "f1": 0.5618, "auc": 0.64677}
{"epoch": 36, "time_epoch": 7.72476, "eta": 533.56005, "eta_hours": 0.14821, "loss": 0.66729311, "lr": 0.00071289, "params": 5289, "time_iter": 0.0618, "accuracy": 0.572, "precision": 0.5859, "recall": 0.52569, "f1": 0.55417, "auc": 0.61963}
{"epoch": 37, "time_epoch": 7.73652, "eta": 523.89542, "eta_hours": 0.14553, "loss": 0.63940618, "lr": 0.00069857, "params": 5289, "time_iter": 0.06189, "accuracy": 0.652, "precision": 0.68037, "recall": 0.58893, "f1": 0.63136, "auc": 0.68499}
{"epoch": 38, "time_epoch": 7.72377, "eta": 514.30971, "eta_hours": 0.14286, "loss": 0.67142149, "lr": 0.00068406, "params": 5289, "time_iter": 0.06179, "accuracy": 0.602, "precision": 0.62385, "recall": 0.53755, "f1": 0.57749, "auc": 0.63121}
{"epoch": 39, "time_epoch": 7.724, "eta": 504.81744, "eta_hours": 0.14023, "loss": 0.65431834, "lr": 0.00066937, "params": 5289, "time_iter": 0.06179, "accuracy": 0.612, "precision": 0.62771, "recall": 0.57312, "f1": 0.59917, "auc": 0.65545}
{"epoch": 40, "time_epoch": 7.73552, "eta": 495.42802, "eta_hours": 0.13762, "loss": 0.67630901, "lr": 0.00065451, "params": 5289, "time_iter": 0.06188, "accuracy": 0.564, "precision": 0.56863, "recall": 0.57312, "f1": 0.57087, "auc": 0.60782}
{"epoch": 41, "time_epoch": 7.72842, "eta": 486.10754, "eta_hours": 0.13503, "loss": 0.66464262, "lr": 0.0006395, "params": 5289, "time_iter": 0.06183, "accuracy": 0.598, "precision": 0.62264, "recall": 0.52174, "f1": 0.56774, "auc": 0.62339}
{"epoch": 42, "time_epoch": 7.75384, "eta": 476.8948, "eta_hours": 0.13247, "loss": 0.66174927, "lr": 0.00062434, "params": 5289, "time_iter": 0.06203, "accuracy": 0.602, "precision": 0.635, "recall": 0.50198, "f1": 0.56071, "auc": 0.63022}
{"epoch": 43, "time_epoch": 7.78374, "eta": 467.78643, "eta_hours": 0.12994, "loss": 0.66687111, "lr": 0.00060907, "params": 5289, "time_iter": 0.06227, "accuracy": 0.604, "precision": 0.61905, "recall": 0.56522, "f1": 0.59091, "auc": 0.62487}
{"epoch": 44, "time_epoch": 7.76076, "eta": 458.70885, "eta_hours": 0.12742, "loss": 0.66573102, "lr": 0.00059369, "params": 5289, "time_iter": 0.06209, "accuracy": 0.594, "precision": 0.61161, "recall": 0.5415, "f1": 0.57442, "auc": 0.62881}
{"epoch": 45, "time_epoch": 7.76441, "eta": 449.6928, "eta_hours": 0.12491, "loss": 0.66468055, "lr": 0.00057822, "params": 5289, "time_iter": 0.06212, "accuracy": 0.602, "precision": 0.61638, "recall": 0.56522, "f1": 0.58969, "auc": 0.64524}
{"epoch": 46, "time_epoch": 7.75249, "eta": 440.71658, "eta_hours": 0.12242, "loss": 0.65435795, "lr": 0.00056267, "params": 5289, "time_iter": 0.06202, "accuracy": 0.6, "precision": 0.61674, "recall": 0.55336, "f1": 0.58333, "auc": 0.65165}
{"epoch": 47, "time_epoch": 7.77741, "eta": 431.81834, "eta_hours": 0.11995, "loss": 0.66368953, "lr": 0.00054705, "params": 5289, "time_iter": 0.06222, "accuracy": 0.596, "precision": 0.61039, "recall": 0.55731, "f1": 0.58264, "auc": 0.63063}
{"epoch": 48, "time_epoch": 7.7494, "eta": 422.9367, "eta_hours": 0.11748, "loss": 0.67060987, "lr": 0.0005314, "params": 5289, "time_iter": 0.062, "accuracy": 0.604, "precision": 0.62557, "recall": 0.5415, "f1": 0.58051, "auc": 0.62209}
{"epoch": 49, "time_epoch": 7.73759, "eta": 414.08854, "eta_hours": 0.11502, "loss": 0.65952796, "lr": 0.00051571, "params": 5289, "time_iter": 0.0619, "accuracy": 0.578, "precision": 0.5875, "recall": 0.55731, "f1": 0.57201, "auc": 0.62452}
{"epoch": 50, "time_epoch": 7.76812, "eta": 405.31327, "eta_hours": 0.11259, "loss": 0.66194631, "lr": 0.0005, "params": 5289, "time_iter": 0.06214, "accuracy": 0.62, "precision": 0.64516, "recall": 0.55336, "f1": 0.59574, "auc": 0.63424}
{"epoch": 51, "time_epoch": 7.74862, "eta": 396.55872, "eta_hours": 0.11016, "loss": 0.65950894, "lr": 0.00048429, "params": 5289, "time_iter": 0.06199, "accuracy": 0.614, "precision": 0.63514, "recall": 0.55731, "f1": 0.59368, "auc": 0.6459}
{"epoch": 52, "time_epoch": 7.75914, "eta": 387.85147, "eta_hours": 0.10774, "loss": 0.65749014, "lr": 0.0004686, "params": 5289, "time_iter": 0.06207, "accuracy": 0.612, "precision": 0.63721, "recall": 0.5415, "f1": 0.58547, "auc": 0.64188}
{"epoch": 53, "time_epoch": 7.78701, "eta": 379.20307, "eta_hours": 0.10533, "loss": 0.67514502, "lr": 0.00045295, "params": 5289, "time_iter": 0.0623, "accuracy": 0.584, "precision": 0.60766, "recall": 0.50198, "f1": 0.54978, "auc": 0.61222}
{"epoch": 54, "time_epoch": 7.76191, "eta": 370.56546, "eta_hours": 0.10293, "loss": 0.65516415, "lr": 0.00043733, "params": 5289, "time_iter": 0.0621, "accuracy": 0.558, "precision": 0.57018, "recall": 0.51383, "f1": 0.54054, "auc": 0.61823}
{"epoch": 55, "time_epoch": 7.74261, "eta": 361.94396, "eta_hours": 0.10054, "loss": 0.6851932, "lr": 0.00042178, "params": 5289, "time_iter": 0.06194, "accuracy": 0.598, "precision": 0.62745, "recall": 0.50593, "f1": 0.56018, "auc": 0.61999}
{"epoch": 56, "time_epoch": 7.81725, "eta": 353.40961, "eta_hours": 0.09817, "loss": 0.66027957, "lr": 0.00040631, "params": 5289, "time_iter": 0.06254, "accuracy": 0.61, "precision": 0.62832, "recall": 0.56126, "f1": 0.5929, "auc": 0.64548}
{"epoch": 57, "time_epoch": 7.77074, "eta": 344.86631, "eta_hours": 0.0958, "loss": 0.67593083, "lr": 0.00039093, "params": 5289, "time_iter": 0.06217, "accuracy": 0.602, "precision": 0.62736, "recall": 0.52569, "f1": 0.57204, "auc": 0.6242}
{"epoch": 58, "time_epoch": 7.75419, "eta": 336.33769, "eta_hours": 0.09343, "loss": 0.6591069, "lr": 0.00037566, "params": 5289, "time_iter": 0.06203, "accuracy": 0.646, "precision": 0.67593, "recall": 0.57708, "f1": 0.6226, "auc": 0.64829}
{"epoch": 59, "time_epoch": 7.76102, "eta": 327.83944, "eta_hours": 0.09107, "loss": 0.68275815, "lr": 0.0003605, "params": 5289, "time_iter": 0.06209, "accuracy": 0.606, "precision": 0.64286, "recall": 0.49802, "f1": 0.56125, "auc": 0.62089}
{"epoch": 60, "time_epoch": 7.75683, "eta": 319.36269, "eta_hours": 0.08871, "loss": 0.6730682, "lr": 0.00034549, "params": 5289, "time_iter": 0.06205, "accuracy": 0.606, "precision": 0.625, "recall": 0.55336, "f1": 0.587, "auc": 0.63539}
{"epoch": 61, "time_epoch": 7.75084, "eta": 310.90548, "eta_hours": 0.08636, "loss": 0.69185264, "lr": 0.00033063, "params": 5289, "time_iter": 0.06201, "accuracy": 0.59, "precision": 0.60714, "recall": 0.53755, "f1": 0.57023, "auc": 0.62062}
{"epoch": 62, "time_epoch": 7.77543, "eta": 302.48514, "eta_hours": 0.08402, "loss": 0.65623852, "lr": 0.00031594, "params": 5289, "time_iter": 0.0622, "accuracy": 0.624, "precision": 0.64706, "recall": 0.56522, "f1": 0.60338, "auc": 0.66462}
{"epoch": 63, "time_epoch": 7.74658, "eta": 294.06873, "eta_hours": 0.08169, "loss": 0.66756762, "lr": 0.00030143, "params": 5289, "time_iter": 0.06197, "accuracy": 0.608, "precision": 0.62025, "recall": 0.58103, "f1": 0.6, "auc": 0.63942}
{"epoch": 64, "time_epoch": 7.74824, "eta": 285.67382, "eta_hours": 0.07935, "loss": 0.67450332, "lr": 0.00028711, "params": 5289, "time_iter": 0.06199, "accuracy": 0.582, "precision": 0.58871, "recall": 0.57708, "f1": 0.58283, "auc": 0.6163}
{"epoch": 65, "time_epoch": 7.75203, "eta": 277.30046, "eta_hours": 0.07703, "loss": 0.67325003, "lr": 0.000273, "params": 5289, "time_iter": 0.06202, "accuracy": 0.602, "precision": 0.61538, "recall": 0.56917, "f1": 0.59138, "auc": 0.62721}
{"epoch": 66, "time_epoch": 7.77489, "eta": 268.9569, "eta_hours": 0.07471, "loss": 0.67167904, "lr": 0.00025912, "params": 5289, "time_iter": 0.0622, "accuracy": 0.602, "precision": 0.61157, "recall": 0.58498, "f1": 0.59798, "auc": 0.6419}
{"epoch": 67, "time_epoch": 7.76621, "eta": 260.62599, "eta_hours": 0.0724, "loss": 0.68384438, "lr": 0.00024548, "params": 5289, "time_iter": 0.06213, "accuracy": 0.612, "precision": 0.62553, "recall": 0.58103, "f1": 0.60246, "auc": 0.61948}
{"epoch": 68, "time_epoch": 7.75936, "eta": 252.30837, "eta_hours": 0.07009, "loss": 0.67205692, "lr": 0.00023209, "params": 5289, "time_iter": 0.06207, "accuracy": 0.614, "precision": 0.63274, "recall": 0.56522, "f1": 0.59708, "auc": 0.63886}
{"epoch": 69, "time_epoch": 7.74706, "eta": 244.00142, "eta_hours": 0.06778, "loss": 0.67560207, "lr": 0.00021896, "params": 5289, "time_iter": 0.06198, "accuracy": 0.604, "precision": 0.62332, "recall": 0.54941, "f1": 0.58403, "auc": 0.61899}
{"epoch": 70, "time_epoch": 7.75873, "eta": 235.71502, "eta_hours": 0.06548, "loss": 0.68551857, "lr": 0.00020611, "params": 5289, "time_iter": 0.06207, "accuracy": 0.602, "precision": 0.61441, "recall": 0.57312, "f1": 0.59305, "auc": 0.62262}
{"epoch": 71, "time_epoch": 7.74084, "eta": 227.43631, "eta_hours": 0.06318, "loss": 0.66086705, "lr": 0.00019355, "params": 5289, "time_iter": 0.06193, "accuracy": 0.614, "precision": 0.62931, "recall": 0.57708, "f1": 0.60206, "auc": 0.64843}
{"epoch": 72, "time_epoch": 7.74581, "eta": 219.17418, "eta_hours": 0.06088, "loss": 0.66065719, "lr": 0.00018129, "params": 5289, "time_iter": 0.06197, "accuracy": 0.622, "precision": 0.63793, "recall": 0.58498, "f1": 0.61031, "auc": 0.65334}
{"epoch": 73, "time_epoch": 7.75741, "eta": 210.93008, "eta_hours": 0.05859, "loss": 0.66959292, "lr": 0.00016934, "params": 5289, "time_iter": 0.06206, "accuracy": 0.618, "precision": 0.6281, "recall": 0.60079, "f1": 0.61414, "auc": 0.648}
{"epoch": 74, "time_epoch": 7.77228, "eta": 202.70391, "eta_hours": 0.05631, "loss": 0.65713985, "lr": 0.00015773, "params": 5289, "time_iter": 0.06218, "accuracy": 0.616, "precision": 0.64734, "recall": 0.52964, "f1": 0.58261, "auc": 0.65334}
{"epoch": 75, "time_epoch": 7.76044, "eta": 194.48595, "eta_hours": 0.05402, "loss": 0.70850858, "lr": 0.00014645, "params": 5289, "time_iter": 0.06208, "accuracy": 0.586, "precision": 0.6, "recall": 0.54545, "f1": 0.57143, "auc": 0.60975}
{"epoch": 76, "time_epoch": 7.82224, "eta": 186.29833, "eta_hours": 0.05175, "loss": 0.671122, "lr": 0.00013552, "params": 5289, "time_iter": 0.06258, "accuracy": 0.628, "precision": 0.64255, "recall": 0.59684, "f1": 0.61885, "auc": 0.65725}
{"epoch": 77, "time_epoch": 7.48407, "eta": 178.0247, "eta_hours": 0.04945, "loss": 0.67076779, "lr": 0.00012494, "params": 5289, "time_iter": 0.05987, "accuracy": 0.614, "precision": 0.63514, "recall": 0.55731, "f1": 0.59368, "auc": 0.65208}
{"epoch": 78, "time_epoch": 6.70542, "eta": 169.56408, "eta_hours": 0.0471, "loss": 0.6714902, "lr": 0.00011474, "params": 5289, "time_iter": 0.05364, "accuracy": 0.604, "precision": 0.61603, "recall": 0.57708, "f1": 0.59592, "auc": 0.63633}
{"epoch": 79, "time_epoch": 6.91392, "eta": 161.19946, "eta_hours": 0.04478, "loss": 0.68993251, "lr": 0.00010492, "params": 5289, "time_iter": 0.05531, "accuracy": 0.556, "precision": 0.56951, "recall": 0.50198, "f1": 0.53361, "auc": 0.61294}
{"epoch": 80, "time_epoch": 6.88078, "eta": 152.86288, "eta_hours": 0.04246, "loss": 0.68963134, "lr": 9.549e-05, "params": 5289, "time_iter": 0.05505, "accuracy": 0.592, "precision": 0.60515, "recall": 0.55731, "f1": 0.58025, "auc": 0.62777}
{"epoch": 81, "time_epoch": 6.89817, "eta": 144.56563, "eta_hours": 0.04016, "loss": 0.65558247, "lr": 8.646e-05, "params": 5289, "time_iter": 0.05519, "accuracy": 0.626, "precision": 0.64224, "recall": 0.58893, "f1": 0.61443, "auc": 0.66442}
{"epoch": 82, "time_epoch": 6.80535, "eta": 136.28308, "eta_hours": 0.03786, "loss": 0.66288294, "lr": 7.784e-05, "params": 5289, "time_iter": 0.05444, "accuracy": 0.628, "precision": 0.65158, "recall": 0.56917, "f1": 0.60759, "auc": 0.66027}
{"epoch": 83, "time_epoch": 6.90121, "eta": 128.05397, "eta_hours": 0.03557, "loss": 0.66181102, "lr": 6.963e-05, "params": 5289, "time_iter": 0.05521, "accuracy": 0.618, "precision": 0.63362, "recall": 0.58103, "f1": 0.60619, "auc": 0.65118}
{"epoch": 84, "time_epoch": 6.88384, "eta": 119.85303, "eta_hours": 0.03329, "loss": 0.67815547, "lr": 6.185e-05, "params": 5289, "time_iter": 0.05507, "accuracy": 0.604, "precision": 0.63033, "recall": 0.52569, "f1": 0.57328, "auc": 0.63556}
{"epoch": 85, "time_epoch": 6.86628, "eta": 111.67986, "eta_hours": 0.03102, "loss": 0.65875638, "lr": 5.45e-05, "params": 5289, "time_iter": 0.05493, "accuracy": 0.618, "precision": 0.6422, "recall": 0.55336, "f1": 0.59448, "auc": 0.65025}
{"epoch": 86, "time_epoch": 6.92378, "eta": 103.54533, "eta_hours": 0.02876, "loss": 0.66400765, "lr": 4.759e-05, "params": 5289, "time_iter": 0.05539, "accuracy": 0.62, "precision": 0.65072, "recall": 0.53755, "f1": 0.58874, "auc": 0.64056}
{"epoch": 87, "time_epoch": 6.88432, "eta": 95.43294, "eta_hours": 0.02651, "loss": 0.67975494, "lr": 4.112e-05, "params": 5289, "time_iter": 0.05507, "accuracy": 0.62, "precision": 0.6599, "recall": 0.51383, "f1": 0.57778, "auc": 0.65969}
{"epoch": 88, "time_epoch": 6.8455, "eta": 87.34334, "eta_hours": 0.02426, "loss": 0.68155939, "lr": 3.511e-05, "params": 5289, "time_iter": 0.05476, "accuracy": 0.588, "precision": 0.61463, "recall": 0.49802, "f1": 0.55022, "auc": 0.62371}
{"epoch": 89, "time_epoch": 6.92186, "eta": 79.28988, "eta_hours": 0.02202, "loss": 0.64489789, "lr": 2.956e-05, "params": 5289, "time_iter": 0.05537, "accuracy": 0.638, "precision": 0.67143, "recall": 0.55731, "f1": 0.60907, "auc": 0.68003}
{"epoch": 90, "time_epoch": 6.89404, "eta": 71.25853, "eta_hours": 0.01979, "loss": 0.65735792, "lr": 2.447e-05, "params": 5289, "time_iter": 0.05515, "accuracy": 0.626, "precision": 0.65138, "recall": 0.56126, "f1": 0.60297, "auc": 0.65883}
{"epoch": 91, "time_epoch": 6.88666, "eta": 63.25127, "eta_hours": 0.01757, "loss": 0.66724728, "lr": 1.985e-05, "params": 5289, "time_iter": 0.05509, "accuracy": 0.624, "precision": 0.65258, "recall": 0.54941, "f1": 0.59657, "auc": 0.64965}
{"epoch": 92, "time_epoch": 6.86617, "eta": 55.26656, "eta_hours": 0.01535, "loss": 0.67355075, "lr": 1.571e-05, "params": 5289, "time_iter": 0.05493, "accuracy": 0.622, "precision": 0.64679, "recall": 0.55731, "f1": 0.59873, "auc": 0.64704}
{"epoch": 93, "time_epoch": 6.92224, "eta": 47.30924, "eta_hours": 0.01314, "loss": 0.66649044, "lr": 1.204e-05, "params": 5289, "time_iter": 0.05538, "accuracy": 0.602, "precision": 0.61538, "recall": 0.56917, "f1": 0.59138, "auc": 0.63182}
{"epoch": 94, "time_epoch": 6.89647, "eta": 39.37234, "eta_hours": 0.01094, "loss": 0.6686306, "lr": 8.86e-06, "params": 5289, "time_iter": 0.05517, "accuracy": 0.622, "precision": 0.65385, "recall": 0.53755, "f1": 0.59002, "auc": 0.64068}
{"epoch": 95, "time_epoch": 6.86002, "eta": 31.4556, "eta_hours": 0.00874, "loss": 0.67153026, "lr": 6.16e-06, "params": 5289, "time_iter": 0.05488, "accuracy": 0.634, "precision": 0.66204, "recall": 0.56522, "f1": 0.60981, "auc": 0.65625}
{"epoch": 96, "time_epoch": 6.92129, "eta": 23.56255, "eta_hours": 0.00655, "loss": 0.67663121, "lr": 3.94e-06, "params": 5289, "time_iter": 0.05537, "accuracy": 0.586, "precision": 0.61058, "recall": 0.50198, "f1": 0.55098, "auc": 0.62231}
{"epoch": 97, "time_epoch": 7.02799, "eta": 15.69151, "eta_hours": 0.00436, "loss": 0.65894708, "lr": 2.22e-06, "params": 5289, "time_iter": 0.05622, "accuracy": 0.606, "precision": 0.63208, "recall": 0.52964, "f1": 0.57634, "auc": 0.6358}
{"epoch": 98, "time_epoch": 7.78323, "eta": 7.84512, "eta_hours": 0.00218, "loss": 0.68850534, "lr": 9.9e-07, "params": 5289, "time_iter": 0.06227, "accuracy": 0.62, "precision": 0.65517, "recall": 0.52569, "f1": 0.58333, "auc": 0.63188}
{"epoch": 99, "time_epoch": 7.76268, "eta": 0.0, "eta_hours": 0.0, "loss": 0.68267558, "lr": 2.5e-07, "params": 5289, "time_iter": 0.0621, "accuracy": 0.598, "precision": 0.60833, "recall": 0.57708, "f1": 0.59229, "auc": 0.6375}
