{"epoch": 0, "time_epoch": 0.98412, "eta": 97.42744, "eta_hours": 0.02706, "loss": 0.69719894, "lr": 0.001, "params": 8313, "time_iter": 0.32804, "accuracy": 0.30769, "precision": 0.0, "recall": 0.0, "f1": 0.0, "auc": 0.45414}
{"epoch": 1, "time_epoch": 2.1964, "eta": 155.84514, "eta_hours": 0.04329, "loss": 0.69276353, "lr": 0.00099975, "params": 8313, "time_iter": 0.73213, "accuracy": 0.51282, "precision": 0.64, "recall": 0.61538, "f1": 0.62745, "auc": 0.45118}
{"epoch": 2, "time_epoch": 2.05218, "eta": 169.19046, "eta_hours": 0.047, "loss": 0.68901332, "lr": 0.00099901, "params": 8313, "time_iter": 0.68406, "accuracy": 0.66667, "precision": 0.66667, "recall": 1.0, "f1": 0.8, "auc": 0.49408}
{"epoch": 3, "time_epoch": 2.06619, "eta": 175.1732, "eta_hours": 0.04866, "loss": 0.68572385, "lr": 0.00099778, "params": 8313, "time_iter": 0.68873, "accuracy": 0.66667, "precision": 0.66667, "recall": 1.0, "f1": 0.8, "auc": 0.51775}
{"epoch": 4, "time_epoch": 2.04604, "eta": 177.55357, "eta_hours": 0.04932, "loss": 0.6840996, "lr": 0.00099606, "params": 8313, "time_iter": 0.68201, "accuracy": 0.66667, "precision": 0.66667, "recall": 1.0, "f1": 0.8, "auc": 0.42604}
{"epoch": 5, "time_epoch": 2.05355, "eta": 178.57613, "eta_hours": 0.0496, "loss": 0.67951866, "lr": 0.00099384, "params": 8313, "time_iter": 0.68452, "accuracy": 0.66667, "precision": 0.66667, "recall": 1.0, "f1": 0.8, "auc": 0.7071}
{"epoch": 6, "time_epoch": 2.07318, "eta": 178.98051, "eta_hours": 0.04972, "loss": 0.67706363, "lr": 0.00099114, "params": 8313, "time_iter": 0.69106, "accuracy": 0.66667, "precision": 0.66667, "recall": 1.0, "f1": 0.8, "auc": 0.60355}
{"epoch": 7, "time_epoch": 0.79798, "eta": 164.1008, "eta_hours": 0.04558, "loss": 0.67513409, "lr": 0.00098796, "params": 8313, "time_iter": 0.26599, "accuracy": 0.66667, "precision": 0.66667, "recall": 1.0, "f1": 0.8, "auc": 0.57988}
{"epoch": 8, "time_epoch": 0.16152, "eta": 145.91504, "eta_hours": 0.04053, "loss": 0.67151295, "lr": 0.00098429, "params": 8313, "time_iter": 0.05384, "accuracy": 0.66667, "precision": 0.66667, "recall": 1.0, "f1": 0.8, "auc": 0.69527}
{"epoch": 9, "time_epoch": 0.15773, "eta": 131.29997, "eta_hours": 0.03647, "loss": 0.66821165, "lr": 0.00098015, "params": 8313, "time_iter": 0.05258, "accuracy": 0.66667, "precision": 0.66667, "recall": 1.0, "f1": 0.8, "auc": 0.68047}
{"epoch": 10, "time_epoch": 0.15708, "eta": 119.30825, "eta_hours": 0.03314, "loss": 0.6639888, "lr": 0.00097553, "params": 8313, "time_iter": 0.05236, "accuracy": 0.66667, "precision": 0.66667, "recall": 1.0, "f1": 0.8, "auc": 0.7929}
{"epoch": 11, "time_epoch": 0.15775, "eta": 109.29389, "eta_hours": 0.03036, "loss": 0.66057223, "lr": 0.00097044, "params": 8313, "time_iter": 0.05258, "accuracy": 0.66667, "precision": 0.66667, "recall": 1.0, "f1": 0.8, "auc": 0.66568}
{"epoch": 12, "time_epoch": 0.15675, "eta": 100.78924, "eta_hours": 0.028, "loss": 0.66053706, "lr": 0.00096489, "params": 8313, "time_iter": 0.05225, "accuracy": 0.66667, "precision": 0.66667, "recall": 1.0, "f1": 0.8, "auc": 0.71893}
{"epoch": 13, "time_epoch": 0.17365, "eta": 93.58095, "eta_hours": 0.02599, "loss": 0.65260516, "lr": 0.00095888, "params": 8313, "time_iter": 0.05788, "accuracy": 0.66667, "precision": 0.66667, "recall": 1.0, "f1": 0.8, "auc": 0.76923}
{"epoch": 14, "time_epoch": 0.17563, "eta": 87.32182, "eta_hours": 0.02426, "loss": 0.65223203, "lr": 0.00095241, "params": 8313, "time_iter": 0.05854, "accuracy": 0.66667, "precision": 0.66667, "recall": 1.0, "f1": 0.8, "auc": 0.69527}
{"epoch": 15, "time_epoch": 0.17688, "eta": 81.82972, "eta_hours": 0.02273, "loss": 0.64926379, "lr": 0.0009455, "params": 8313, "time_iter": 0.05896, "accuracy": 0.66667, "precision": 0.66667, "recall": 1.0, "f1": 0.8, "auc": 0.83136}
{"epoch": 16, "time_epoch": 0.17229, "eta": 76.94053, "eta_hours": 0.02137, "loss": 0.63991402, "lr": 0.00093815, "params": 8313, "time_iter": 0.05743, "accuracy": 0.69231, "precision": 0.68421, "recall": 1.0, "f1": 0.8125, "auc": 0.76627}
{"epoch": 17, "time_epoch": 0.17212, "eta": 72.57468, "eta_hours": 0.02016, "loss": 0.64484827, "lr": 0.00093037, "params": 8313, "time_iter": 0.05737, "accuracy": 0.66667, "precision": 0.66667, "recall": 1.0, "f1": 0.8, "auc": 0.84024}
{"epoch": 18, "time_epoch": 0.17425, "eta": 68.65935, "eta_hours": 0.01907, "loss": 0.64085391, "lr": 0.00092216, "params": 8313, "time_iter": 0.05808, "accuracy": 0.66667, "precision": 0.66667, "recall": 1.0, "f1": 0.8, "auc": 0.78107}
{"epoch": 19, "time_epoch": 0.17544, "eta": 65.12287, "eta_hours": 0.01809, "loss": 0.62889229, "lr": 0.00091354, "params": 8313, "time_iter": 0.05848, "accuracy": 0.69231, "precision": 0.68421, "recall": 1.0, "f1": 0.8125, "auc": 0.88166}
{"epoch": 20, "time_epoch": 0.17254, "eta": 61.89559, "eta_hours": 0.01719, "loss": 0.63208728, "lr": 0.00090451, "params": 8313, "time_iter": 0.05751, "accuracy": 0.66667, "precision": 0.66667, "recall": 1.0, "f1": 0.8, "auc": 0.81065}
{"epoch": 21, "time_epoch": 0.1813, "eta": 58.97705, "eta_hours": 0.01638, "loss": 0.62678021, "lr": 0.00089508, "params": 8313, "time_iter": 0.06043, "accuracy": 0.69231, "precision": 0.68421, "recall": 1.0, "f1": 0.8125, "auc": 0.90828}
{"epoch": 22, "time_epoch": 0.17373, "eta": 56.27123, "eta_hours": 0.01563, "loss": 0.62168997, "lr": 0.00088526, "params": 8313, "time_iter": 0.05791, "accuracy": 0.69231, "precision": 0.68421, "recall": 1.0, "f1": 0.8125, "auc": 0.97929}
{"epoch": 23, "time_epoch": 0.1785, "eta": 53.79148, "eta_hours": 0.01494, "loss": 0.61379229, "lr": 0.00087506, "params": 8313, "time_iter": 0.0595, "accuracy": 0.69231, "precision": 0.68421, "recall": 1.0, "f1": 0.8125, "auc": 0.94379}
{"epoch": 24, "time_epoch": 0.17216, "eta": 51.47683, "eta_hours": 0.0143, "loss": 0.62573619, "lr": 0.00086448, "params": 8313, "time_iter": 0.05739, "accuracy": 0.66667, "precision": 0.66667, "recall": 1.0, "f1": 0.8, "auc": 0.94083}
{"epoch": 25, "time_epoch": 0.17253, "eta": 49.32804, "eta_hours": 0.0137, "loss": 0.59736396, "lr": 0.00085355, "params": 8313, "time_iter": 0.05751, "accuracy": 0.69231, "precision": 0.68421, "recall": 1.0, "f1": 0.8125, "auc": 0.9497}
{"epoch": 26, "time_epoch": 0.17115, "eta": 47.32191, "eta_hours": 0.01314, "loss": 0.59204109, "lr": 0.00084227, "params": 8313, "time_iter": 0.05705, "accuracy": 0.69231, "precision": 0.68421, "recall": 1.0, "f1": 0.8125, "auc": 0.9497}
{"epoch": 27, "time_epoch": 0.17473, "eta": 45.45605, "eta_hours": 0.01263, "loss": 0.59649923, "lr": 0.00083066, "params": 8313, "time_iter": 0.05824, "accuracy": 0.69231, "precision": 0.68421, "recall": 1.0, "f1": 0.8125, "auc": 0.86686}
{"epoch": 28, "time_epoch": 0.17458, "eta": 43.70645, "eta_hours": 0.01214, "loss": 0.59175339, "lr": 0.00081871, "params": 8313, "time_iter": 0.05819, "accuracy": 0.69231, "precision": 0.68421, "recall": 1.0, "f1": 0.8125, "auc": 0.95562}
{"epoch": 29, "time_epoch": 0.17284, "eta": 42.05781, "eta_hours": 0.01168, "loss": 0.59364417, "lr": 0.00080645, "params": 8313, "time_iter": 0.05761, "accuracy": 0.69231, "precision": 0.68421, "recall": 1.0, "f1": 0.8125, "auc": 0.8432}
{"epoch": 30, "time_epoch": 0.17485, "eta": 40.50884, "eta_hours": 0.01125, "loss": 0.59648316, "lr": 0.00079389, "params": 8313, "time_iter": 0.05828, "accuracy": 0.66667, "precision": 0.66667, "recall": 1.0, "f1": 0.8, "auc": 0.92012}
{"epoch": 31, "time_epoch": 0.17611, "eta": 39.04842, "eta_hours": 0.01085, "loss": 0.59307966, "lr": 0.00078104, "params": 8313, "time_iter": 0.0587, "accuracy": 0.66667, "precision": 0.66667, "recall": 1.0, "f1": 0.8, "auc": 0.85503}
{"epoch": 32, "time_epoch": 0.17925, "eta": 37.67222, "eta_hours": 0.01046, "loss": 0.5725665, "lr": 0.00076791, "params": 8313, "time_iter": 0.05975, "accuracy": 0.69231, "precision": 0.68421, "recall": 1.0, "f1": 0.8125, "auc": 0.95266}
{"epoch": 33, "time_epoch": 0.18079, "eta": 36.36943, "eta_hours": 0.0101, "loss": 0.56924518, "lr": 0.00075452, "params": 8313, "time_iter": 0.06026, "accuracy": 0.69231, "precision": 0.68421, "recall": 1.0, "f1": 0.8125, "auc": 0.93195}
{"epoch": 34, "time_epoch": 0.17923, "eta": 35.12785, "eta_hours": 0.00976, "loss": 0.56973793, "lr": 0.00074088, "params": 8313, "time_iter": 0.05974, "accuracy": 0.69231, "precision": 0.68421, "recall": 1.0, "f1": 0.8125, "auc": 0.90237}
{"epoch": 35, "time_epoch": 0.17603, "eta": 33.93961, "eta_hours": 0.00943, "loss": 0.5509784, "lr": 0.000727, "params": 8313, "time_iter": 0.05868, "accuracy": 0.69231, "precision": 0.68421, "recall": 1.0, "f1": 0.8125, "auc": 0.95858}
{"epoch": 36, "time_epoch": 0.17362, "eta": 32.80197, "eta_hours": 0.00911, "loss": 0.55393482, "lr": 0.00071289, "params": 8313, "time_iter": 0.05787, "accuracy": 0.69231, "precision": 0.68421, "recall": 1.0, "f1": 0.8125, "auc": 0.97041}
{"epoch": 37, "time_epoch": 0.17546, "eta": 31.71808, "eta_hours": 0.00881, "loss": 0.54162527, "lr": 0.00069857, "params": 8313, "time_iter": 0.05849, "accuracy": 0.69231, "precision": 0.68421, "recall": 1.0, "f1": 0.8125, "auc": 0.96746}
{"epoch": 38, "time_epoch": 0.17442, "eta": 30.67913, "eta_hours": 0.00852, "loss": 0.53659024, "lr": 0.00068406, "params": 8313, "time_iter": 0.05814, "accuracy": 0.69231, "precision": 0.68421, "recall": 1.0, "f1": 0.8125, "auc": 0.97929}
{"epoch": 39, "time_epoch": 0.172, "eta": 29.67979, "eta_hours": 0.00824, "loss": 0.52535842, "lr": 0.00066937, "params": 8313, "time_iter": 0.05733, "accuracy": 0.71795, "precision": 0.7027, "recall": 1.0, "f1": 0.8254, "auc": 0.99112}
{"epoch": 40, "time_epoch": 0.17329, "eta": 28.72266, "eta_hours": 0.00798, "loss": 0.52724868, "lr": 0.00065451, "params": 8313, "time_iter": 0.05776, "accuracy": 0.71795, "precision": 0.7027, "recall": 1.0, "f1": 0.8254, "auc": 0.98521}
{"epoch": 41, "time_epoch": 0.17606, "eta": 27.80668, "eta_hours": 0.00772, "loss": 0.52023291, "lr": 0.0006395, "params": 8313, "time_iter": 0.05869, "accuracy": 0.71795, "precision": 0.7027, "recall": 1.0, "f1": 0.8254, "auc": 0.9645}
{"epoch": 42, "time_epoch": 0.17205, "eta": 26.91981, "eta_hours": 0.00748, "loss": 0.50777545, "lr": 0.00062434, "params": 8313, "time_iter": 0.05735, "accuracy": 0.74359, "precision": 0.72222, "recall": 1.0, "f1": 0.83871, "auc": 0.97633}
{"epoch": 43, "time_epoch": 0.17725, "eta": 26.07204, "eta_hours": 0.00724, "loss": 0.50116633, "lr": 0.00060907, "params": 8313, "time_iter": 0.05908, "accuracy": 0.71795, "precision": 0.7027, "recall": 1.0, "f1": 0.8254, "auc": 0.96746}
{"epoch": 44, "time_epoch": 0.17842, "eta": 25.25551, "eta_hours": 0.00702, "loss": 0.49285499, "lr": 0.00059369, "params": 8313, "time_iter": 0.05947, "accuracy": 0.74359, "precision": 0.72222, "recall": 1.0, "f1": 0.83871, "auc": 0.95562}
{"epoch": 45, "time_epoch": 0.17646, "eta": 24.46441, "eta_hours": 0.0068, "loss": 0.53045212, "lr": 0.00057822, "params": 8313, "time_iter": 0.05882, "accuracy": 0.71795, "precision": 0.7027, "recall": 1.0, "f1": 0.8254, "auc": 0.91124}
{"epoch": 46, "time_epoch": 0.1726, "eta": 23.69512, "eta_hours": 0.00658, "loss": 0.46981934, "lr": 0.00056267, "params": 8313, "time_iter": 0.05753, "accuracy": 0.74359, "precision": 0.72222, "recall": 1.0, "f1": 0.83871, "auc": 0.98225}
{"epoch": 47, "time_epoch": 0.17265, "eta": 22.95075, "eta_hours": 0.00638, "loss": 0.46572697, "lr": 0.00054705, "params": 8313, "time_iter": 0.05755, "accuracy": 0.76923, "precision": 0.74286, "recall": 1.0, "f1": 0.85246, "auc": 0.97337}
{"epoch": 48, "time_epoch": 0.18074, "eta": 22.23813, "eta_hours": 0.00618, "loss": 0.44955384, "lr": 0.0005314, "params": 8313, "time_iter": 0.06025, "accuracy": 0.76923, "precision": 0.74286, "recall": 1.0, "f1": 0.85246, "auc": 0.99704}
{"epoch": 49, "time_epoch": 0.17322, "eta": 21.53927, "eta_hours": 0.00598, "loss": 0.43676217, "lr": 0.00051571, "params": 8313, "time_iter": 0.05774, "accuracy": 0.74359, "precision": 0.72222, "recall": 1.0, "f1": 0.83871, "auc": 0.99704}
{"epoch": 50, "time_epoch": 0.17296, "eta": 20.86077, "eta_hours": 0.00579, "loss": 0.47256908, "lr": 0.0005, "params": 8313, "time_iter": 0.05765, "accuracy": 0.74359, "precision": 0.72222, "recall": 1.0, "f1": 0.83871, "auc": 0.93491}
{"epoch": 51, "time_epoch": 0.17549, "eta": 20.20405, "eta_hours": 0.00561, "loss": 0.42156374, "lr": 0.00048429, "params": 8313, "time_iter": 0.0585, "accuracy": 0.79487, "precision": 0.76471, "recall": 1.0, "f1": 0.86667, "auc": 0.98817}
{"epoch": 52, "time_epoch": 0.172, "eta": 19.5624, "eta_hours": 0.00543, "loss": 0.40847484, "lr": 0.0004686, "params": 8313, "time_iter": 0.05733, "accuracy": 0.82051, "precision": 0.78788, "recall": 1.0, "f1": 0.88136, "auc": 0.99408}
{"epoch": 53, "time_epoch": 0.18121, "eta": 18.94599, "eta_hours": 0.00526, "loss": 0.39890882, "lr": 0.00045295, "params": 8313, "time_iter": 0.0604, "accuracy": 0.87179, "precision": 0.83871, "recall": 1.0, "f1": 0.91228, "auc": 0.99112}
{"epoch": 54, "time_epoch": 0.17513, "eta": 18.34042, "eta_hours": 0.00509, "loss": 0.40481151, "lr": 0.00043733, "params": 8313, "time_iter": 0.05838, "accuracy": 0.76923, "precision": 0.74286, "recall": 1.0, "f1": 0.85246, "auc": 1.0}
{"epoch": 55, "time_epoch": 0.17326, "eta": 17.74875, "eta_hours": 0.00493, "loss": 0.39024737, "lr": 0.00042178, "params": 8313, "time_iter": 0.05775, "accuracy": 0.82051, "precision": 0.78788, "recall": 1.0, "f1": 0.88136, "auc": 0.99112}
{"epoch": 56, "time_epoch": 0.17529, "eta": 17.17331, "eta_hours": 0.00477, "loss": 0.40818395, "lr": 0.00040631, "params": 8313, "time_iter": 0.05843, "accuracy": 0.79487, "precision": 0.76471, "recall": 1.0, "f1": 0.86667, "auc": 0.99408}
{"epoch": 57, "time_epoch": 0.17368, "eta": 16.61049, "eta_hours": 0.00461, "loss": 0.36247161, "lr": 0.00039093, "params": 8313, "time_iter": 0.05789, "accuracy": 0.87179, "precision": 0.83871, "recall": 1.0, "f1": 0.91228, "auc": 1.0}
{"epoch": 58, "time_epoch": 0.17784, "eta": 16.06376, "eta_hours": 0.00446, "loss": 0.3643281, "lr": 0.00037566, "params": 8313, "time_iter": 0.05928, "accuracy": 0.84615, "precision": 0.8125, "recall": 1.0, "f1": 0.89655, "auc": 0.99408}
{"epoch": 59, "time_epoch": 0.17788, "eta": 15.52935, "eta_hours": 0.00431, "loss": 0.357158, "lr": 0.0003605, "params": 8313, "time_iter": 0.05929, "accuracy": 0.89744, "precision": 0.86667, "recall": 1.0, "f1": 0.92857, "auc": 0.99408}
{"epoch": 60, "time_epoch": 0.17633, "eta": 15.00563, "eta_hours": 0.00417, "loss": 0.3492183, "lr": 0.00034549, "params": 8313, "time_iter": 0.05878, "accuracy": 0.87179, "precision": 0.83871, "recall": 1.0, "f1": 0.91228, "auc": 0.99704}
{"epoch": 61, "time_epoch": 0.17596, "eta": 14.4929, "eta_hours": 0.00403, "loss": 0.34219163, "lr": 0.00033063, "params": 8313, "time_iter": 0.05865, "accuracy": 0.89744, "precision": 0.86667, "recall": 1.0, "f1": 0.92857, "auc": 0.99408}
{"epoch": 62, "time_epoch": 0.1731, "eta": 13.98918, "eta_hours": 0.00389, "loss": 0.33043006, "lr": 0.00031594, "params": 8313, "time_iter": 0.0577, "accuracy": 0.87179, "precision": 0.83871, "recall": 1.0, "f1": 0.91228, "auc": 1.0}
{"epoch": 63, "time_epoch": 0.17462, "eta": 13.49664, "eta_hours": 0.00375, "loss": 0.32587221, "lr": 0.00030143, "params": 8313, "time_iter": 0.05821, "accuracy": 0.87179, "precision": 0.83871, "recall": 1.0, "f1": 0.91228, "auc": 0.99704}
{"epoch": 64, "time_epoch": 0.1725, "eta": 13.01275, "eta_hours": 0.00361, "loss": 0.33786944, "lr": 0.00028711, "params": 8313, "time_iter": 0.0575, "accuracy": 0.89744, "precision": 0.86667, "recall": 1.0, "f1": 0.92857, "auc": 0.98521}
{"epoch": 65, "time_epoch": 0.1719, "eta": 12.53798, "eta_hours": 0.00348, "loss": 0.32186754, "lr": 0.000273, "params": 8313, "time_iter": 0.0573, "accuracy": 0.89744, "precision": 0.86667, "recall": 1.0, "f1": 0.92857, "auc": 0.98521}
{"epoch": 66, "time_epoch": 0.17235, "eta": 12.07247, "eta_hours": 0.00335, "loss": 0.30071953, "lr": 0.00025912, "params": 8313, "time_iter": 0.05745, "accuracy": 0.92308, "precision": 0.89655, "recall": 1.0, "f1": 0.94545, "auc": 1.0}
{"epoch": 67, "time_epoch": 0.17632, "eta": 11.61746, "eta_hours": 0.00323, "loss": 0.3007257, "lr": 0.00024548, "params": 8313, "time_iter": 0.05877, "accuracy": 0.92308, "precision": 0.89655, "recall": 1.0, "f1": 0.94545, "auc": 0.99704}
{"epoch": 68, "time_epoch": 0.17745, "eta": 11.17103, "eta_hours": 0.0031, "loss": 0.33829351, "lr": 0.00023209, "params": 8313, "time_iter": 0.05915, "accuracy": 0.92308, "precision": 0.89655, "recall": 1.0, "f1": 0.94545, "auc": 0.97929}
{"epoch": 69, "time_epoch": 0.17338, "eta": 10.73054, "eta_hours": 0.00298, "loss": 0.32704497, "lr": 0.00021896, "params": 8313, "time_iter": 0.05779, "accuracy": 0.84615, "precision": 0.8125, "recall": 1.0, "f1": 0.89655, "auc": 0.98225}
{"epoch": 70, "time_epoch": 0.17957, "eta": 10.30011, "eta_hours": 0.00286, "loss": 0.28606536, "lr": 0.00020611, "params": 8313, "time_iter": 0.05986, "accuracy": 0.92308, "precision": 0.89655, "recall": 1.0, "f1": 0.94545, "auc": 1.0}
{"epoch": 71, "time_epoch": 0.17485, "eta": 9.8748, "eta_hours": 0.00274, "loss": 0.28942111, "lr": 0.00019355, "params": 8313, "time_iter": 0.05828, "accuracy": 0.92308, "precision": 0.89655, "recall": 1.0, "f1": 0.94545, "auc": 0.99704}
{"epoch": 72, "time_epoch": 0.17224, "eta": 9.4554, "eta_hours": 0.00263, "loss": 0.27805811, "lr": 0.00018129, "params": 8313, "time_iter": 0.05741, "accuracy": 0.94872, "precision": 0.92857, "recall": 1.0, "f1": 0.96296, "auc": 0.99704}
{"epoch": 73, "time_epoch": 0.17215, "eta": 9.04264, "eta_hours": 0.00251, "loss": 0.27694656, "lr": 0.00016934, "params": 8313, "time_iter": 0.05738, "accuracy": 0.92308, "precision": 0.89655, "recall": 1.0, "f1": 0.94545, "auc": 0.99704}
{"epoch": 74, "time_epoch": 0.17215, "eta": 8.63629, "eta_hours": 0.0024, "loss": 0.28449821, "lr": 0.00015773, "params": 8313, "time_iter": 0.05738, "accuracy": 0.92308, "precision": 0.89655, "recall": 1.0, "f1": 0.94545, "auc": 1.0}
{"epoch": 75, "time_epoch": 0.17099, "eta": 8.23575, "eta_hours": 0.00229, "loss": 0.28135632, "lr": 0.00014645, "params": 8313, "time_iter": 0.057, "accuracy": 0.94872, "precision": 0.92857, "recall": 1.0, "f1": 0.96296, "auc": 0.99112}
{"epoch": 76, "time_epoch": 0.17642, "eta": 7.84279, "eta_hours": 0.00218, "loss": 0.28560472, "lr": 0.00013552, "params": 8313, "time_iter": 0.05881, "accuracy": 0.92308, "precision": 0.89655, "recall": 1.0, "f1": 0.94545, "auc": 0.99704}
{"epoch": 77, "time_epoch": 0.17294, "eta": 7.4544, "eta_hours": 0.00207, "loss": 0.25783563, "lr": 0.00012494, "params": 8313, "time_iter": 0.05765, "accuracy": 0.92308, "precision": 0.89655, "recall": 1.0, "f1": 0.94545, "auc": 1.0}
{"epoch": 78, "time_epoch": 0.17516, "eta": 7.07205, "eta_hours": 0.00196, "loss": 0.37555847, "lr": 0.00011474, "params": 8313, "time_iter": 0.05839, "accuracy": 0.82051, "precision": 0.80645, "recall": 0.96154, "f1": 0.87719, "auc": 0.9497}
{"epoch": 79, "time_epoch": 0.17498, "eta": 6.69484, "eta_hours": 0.00186, "loss": 0.26117255, "lr": 0.00010492, "params": 8313, "time_iter": 0.05833, "accuracy": 0.92308, "precision": 0.89655, "recall": 1.0, "f1": 0.94545, "auc": 1.0}
{"epoch": 80, "time_epoch": 0.17505, "eta": 6.32264, "eta_hours": 0.00176, "loss": 0.28687271, "lr": 9.549e-05, "params": 8313, "time_iter": 0.05835, "accuracy": 0.89744, "precision": 0.86667, "recall": 1.0, "f1": 0.92857, "auc": 0.99704}
{"epoch": 81, "time_epoch": 0.17225, "eta": 5.95463, "eta_hours": 0.00165, "loss": 0.25320649, "lr": 8.646e-05, "params": 8313, "time_iter": 0.05742, "accuracy": 0.94872, "precision": 0.92857, "recall": 1.0, "f1": 0.96296, "auc": 1.0}
{"epoch": 82, "time_epoch": 0.17618, "eta": 5.59215, "eta_hours": 0.00155, "loss": 0.2647181, "lr": 7.784e-05, "params": 8313, "time_iter": 0.05873, "accuracy": 0.94872, "precision": 0.92857, "recall": 1.0, "f1": 0.96296, "auc": 1.0}
{"epoch": 83, "time_epoch": 0.17292, "eta": 5.23348, "eta_hours": 0.00145, "loss": 0.24963191, "lr": 6.963e-05, "params": 8313, "time_iter": 0.05764, "accuracy": 0.92308, "precision": 0.89655, "recall": 1.0, "f1": 0.94545, "auc": 1.0}
{"epoch": 84, "time_epoch": 0.17671, "eta": 4.87985, "eta_hours": 0.00136, "loss": 0.26635404, "lr": 6.185e-05, "params": 8313, "time_iter": 0.0589, "accuracy": 0.94872, "precision": 0.92857, "recall": 1.0, "f1": 0.96296, "auc": 0.99112}
{"epoch": 85, "time_epoch": 0.1725, "eta": 4.52965, "eta_hours": 0.00126, "loss": 0.26927409, "lr": 5.45e-05, "params": 8313, "time_iter": 0.0575, "accuracy": 0.94872, "precision": 0.92857, "recall": 1.0, "f1": 0.96296, "auc": 0.99704}
{"epoch": 86, "time_epoch": 0.17672, "eta": 4.18416, "eta_hours": 0.00116, "loss": 0.25977688, "lr": 4.759e-05, "params": 8313, "time_iter": 0.05891, "accuracy": 0.92308, "precision": 0.89655, "recall": 1.0, "f1": 0.94545, "auc": 1.0}
{"epoch": 87, "time_epoch": 0.17453, "eta": 3.84221, "eta_hours": 0.00107, "loss": 0.29394795, "lr": 4.112e-05, "params": 8313, "time_iter": 0.05818, "accuracy": 0.92308, "precision": 0.89655, "recall": 1.0, "f1": 0.94545, "auc": 0.98225}
{"epoch": 88, "time_epoch": 0.17766, "eta": 3.50441, "eta_hours": 0.00097, "loss": 0.24388791, "lr": 3.511e-05, "params": 8313, "time_iter": 0.05922, "accuracy": 0.94872, "precision": 0.92857, "recall": 1.0, "f1": 0.96296, "auc": 1.0}
{"epoch": 89, "time_epoch": 0.17189, "eta": 3.16953, "eta_hours": 0.00088, "loss": 0.2465763, "lr": 2.956e-05, "params": 8313, "time_iter": 0.0573, "accuracy": 0.94872, "precision": 0.92857, "recall": 1.0, "f1": 0.96296, "auc": 1.0}
{"epoch": 90, "time_epoch": 0.17112, "eta": 2.83816, "eta_hours": 0.00079, "loss": 0.25672937, "lr": 2.447e-05, "params": 8313, "time_iter": 0.05704, "accuracy": 0.94872, "precision": 0.92857, "recall": 1.0, "f1": 0.96296, "auc": 0.99704}
{"epoch": 91, "time_epoch": 0.17211, "eta": 2.51035, "eta_hours": 0.0007, "loss": 0.25895304, "lr": 1.985e-05, "params": 8313, "time_iter": 0.05737, "accuracy": 0.92308, "precision": 0.89655, "recall": 1.0, "f1": 0.94545, "auc": 1.0}
{"epoch": 92, "time_epoch": 0.17712, "eta": 2.18627, "eta_hours": 0.00061, "loss": 0.24030602, "lr": 1.571e-05, "params": 8313, "time_iter": 0.05904, "accuracy": 0.94872, "precision": 0.92857, "recall": 1.0, "f1": 0.96296, "auc": 1.0}
{"epoch": 93, "time_epoch": 0.17236, "eta": 1.86501, "eta_hours": 0.00052, "loss": 0.2541198, "lr": 1.204e-05, "params": 8313, "time_iter": 0.05745, "accuracy": 0.94872, "precision": 0.92857, "recall": 1.0, "f1": 0.96296, "auc": 1.0}
{"epoch": 94, "time_epoch": 0.17465, "eta": 1.54701, "eta_hours": 0.00043, "loss": 0.30869381, "lr": 8.86e-06, "params": 8313, "time_iter": 0.05822, "accuracy": 0.89744, "precision": 0.86667, "recall": 1.0, "f1": 0.92857, "auc": 0.97041}
{"epoch": 95, "time_epoch": 0.17657, "eta": 1.23207, "eta_hours": 0.00034, "loss": 0.26078654, "lr": 6.16e-06, "params": 8313, "time_iter": 0.05886, "accuracy": 0.94872, "precision": 0.92857, "recall": 1.0, "f1": 0.96296, "auc": 1.0}
{"epoch": 96, "time_epoch": 0.17332, "eta": 0.91989, "eta_hours": 0.00026, "loss": 0.29207134, "lr": 3.94e-06, "params": 8313, "time_iter": 0.05777, "accuracy": 0.89744, "precision": 0.92308, "recall": 0.92308, "f1": 0.92308, "auc": 0.97337}
{"epoch": 97, "time_epoch": 0.1764, "eta": 0.6106, "eta_hours": 0.00017, "loss": 0.27941471, "lr": 2.22e-06, "params": 8313, "time_iter": 0.0588, "accuracy": 0.92308, "precision": 0.89655, "recall": 1.0, "f1": 0.94545, "auc": 0.99704}
{"epoch": 98, "time_epoch": 0.17404, "eta": 0.30397, "eta_hours": 8e-05, "loss": 0.25007633, "lr": 9.9e-07, "params": 8313, "time_iter": 0.05801, "accuracy": 0.92308, "precision": 0.89655, "recall": 1.0, "f1": 0.94545, "auc": 1.0}
{"epoch": 99, "time_epoch": 0.17226, "eta": 0.0, "eta_hours": 0.0, "loss": 0.25828491, "lr": 2.5e-07, "params": 8313, "time_iter": 0.05742, "accuracy": 0.94872, "precision": 0.92857, "recall": 1.0, "f1": 0.96296, "auc": 1.0}
