{"epoch": 0, "time_epoch": 0.0487, "eta": 4.821, "eta_hours": 0.00134, "loss": 0.69234798, "lr": 0.001, "params": 6465, "time_iter": 0.01623, "accuracy": 0.52381, "precision": 0.0, "recall": 0.0, "f1": 0.0, "auc": 0.43636}
{"epoch": 1, "time_epoch": 0.03073, "eta": 3.89183, "eta_hours": 0.00108, "loss": 0.69343506, "lr": 0.00099975, "params": 6465, "time_iter": 0.01024, "accuracy": 0.52381, "precision": 0.0, "recall": 0.0, "f1": 0.0, "auc": 0.32273}
{"epoch": 2, "time_epoch": 0.03447, "eta": 3.6826, "eta_hours": 0.00102, "loss": 0.69233244, "lr": 0.00099901, "params": 6465, "time_iter": 0.01149, "accuracy": 0.52381, "precision": 0.0, "recall": 0.0, "f1": 0.0, "auc": 0.43409}
{"epoch": 3, "time_epoch": 0.03603, "eta": 3.59819, "eta_hours": 0.001, "loss": 0.69324633, "lr": 0.00099778, "params": 6465, "time_iter": 0.01201, "accuracy": 0.52381, "precision": 0.0, "recall": 0.0, "f1": 0.0, "auc": 0.26591}
{"epoch": 4, "time_epoch": 0.03635, "eta": 3.5392, "eta_hours": 0.00098, "loss": 0.69172249, "lr": 0.00099606, "params": 6465, "time_iter": 0.01212, "accuracy": 0.52381, "precision": 0.0, "recall": 0.0, "f1": 0.0, "auc": 0.66818}
{"epoch": 5, "time_epoch": 0.03699, "eta": 3.49775, "eta_hours": 0.00097, "loss": 0.69208933, "lr": 0.00099384, "params": 6465, "time_iter": 0.01233, "accuracy": 0.52381, "precision": 0.0, "recall": 0.0, "f1": 0.0, "auc": 0.48636}
{"epoch": 6, "time_epoch": 0.03767, "eta": 3.46667, "eta_hours": 0.00096, "loss": 0.69221569, "lr": 0.00099114, "params": 6465, "time_iter": 0.01256, "accuracy": 0.52381, "precision": 0.0, "recall": 0.0, "f1": 0.0, "auc": 0.38409}
{"epoch": 7, "time_epoch": 0.0333, "eta": 3.38366, "eta_hours": 0.00094, "loss": 0.69222601, "lr": 0.00098796, "params": 6465, "time_iter": 0.0111, "accuracy": 0.52381, "precision": 0.0, "recall": 0.0, "f1": 0.0, "auc": 0.42727}
{"epoch": 8, "time_epoch": 0.03196, "eta": 3.2982, "eta_hours": 0.00092, "loss": 0.69229157, "lr": 0.00098429, "params": 6465, "time_iter": 0.01065, "accuracy": 0.52381, "precision": 0.0, "recall": 0.0, "f1": 0.0, "auc": 0.37955}
{"epoch": 9, "time_epoch": 0.03356, "eta": 3.23778, "eta_hours": 0.0009, "loss": 0.69222893, "lr": 0.00098015, "params": 6465, "time_iter": 0.01119, "accuracy": 0.52381, "precision": 0.0, "recall": 0.0, "f1": 0.0, "auc": 0.44318}
{"epoch": 10, "time_epoch": 0.03762, "eta": 3.21509, "eta_hours": 0.00089, "loss": 0.69218054, "lr": 0.00097553, "params": 6465, "time_iter": 0.01254, "accuracy": 0.52381, "precision": 0.0, "recall": 0.0, "f1": 0.0, "auc": 0.44773}
{"epoch": 11, "time_epoch": 0.0302, "eta": 3.13552, "eta_hours": 0.00087, "loss": 0.69234767, "lr": 0.00097044, "params": 6465, "time_iter": 0.01007, "accuracy": 0.52381, "precision": 0.0, "recall": 0.0, "f1": 0.0, "auc": 0.36364}
{"epoch": 12, "time_epoch": 0.03305, "eta": 3.0826, "eta_hours": 0.00086, "loss": 0.69214917, "lr": 0.00096489, "params": 6465, "time_iter": 0.01102, "accuracy": 0.52381, "precision": 0.0, "recall": 0.0, "f1": 0.0, "auc": 0.43409}
{"epoch": 13, "time_epoch": 0.03342, "eta": 3.03482, "eta_hours": 0.00084, "loss": 0.69218432, "lr": 0.00095888, "params": 6465, "time_iter": 0.01114, "accuracy": 0.52381, "precision": 0.0, "recall": 0.0, "f1": 0.0, "auc": 0.43864}
{"epoch": 14, "time_epoch": 0.0327, "eta": 2.98484, "eta_hours": 0.00083, "loss": 0.69236395, "lr": 0.00095241, "params": 6465, "time_iter": 0.0109, "accuracy": 0.52381, "precision": 0.0, "recall": 0.0, "f1": 0.0, "auc": 0.33864}
{"epoch": 15, "time_epoch": 0.03615, "eta": 2.95515, "eta_hours": 0.00082, "loss": 0.69212548, "lr": 0.0009455, "params": 6465, "time_iter": 0.01205, "accuracy": 0.52381, "precision": 0.0, "recall": 0.0, "f1": 0.0, "auc": 0.46364}
{"epoch": 16, "time_epoch": 0.0321, "eta": 2.90492, "eta_hours": 0.00081, "loss": 0.6924184, "lr": 0.00093815, "params": 6465, "time_iter": 0.0107, "accuracy": 0.52381, "precision": 0.0, "recall": 0.0, "f1": 0.0, "auc": 0.33182}
{"epoch": 17, "time_epoch": 0.03145, "eta": 2.85375, "eta_hours": 0.00079, "loss": 0.69245453, "lr": 0.00093037, "params": 6465, "time_iter": 0.01048, "accuracy": 0.52381, "precision": 0.0, "recall": 0.0, "f1": 0.0, "auc": 0.30455}
{"epoch": 18, "time_epoch": 0.03491, "eta": 2.81941, "eta_hours": 0.00078, "loss": 0.69184362, "lr": 0.00092216, "params": 6465, "time_iter": 0.01164, "accuracy": 0.52381, "precision": 0.0, "recall": 0.0, "f1": 0.0, "auc": 0.60909}
{"epoch": 19, "time_epoch": 0.03239, "eta": 2.77493, "eta_hours": 0.00077, "loss": 0.69204503, "lr": 0.00091354, "params": 6465, "time_iter": 0.0108, "accuracy": 0.52381, "precision": 0.0, "recall": 0.0, "f1": 0.0, "auc": 0.49318}
{"epoch": 20, "time_epoch": 0.03666, "eta": 2.74769, "eta_hours": 0.00076, "loss": 0.69218626, "lr": 0.00090451, "params": 6465, "time_iter": 0.01222, "accuracy": 0.52381, "precision": 0.0, "recall": 0.0, "f1": 0.0, "auc": 0.44773}
{"epoch": 21, "time_epoch": 0.03163, "eta": 2.70172, "eta_hours": 0.00075, "loss": 0.691915, "lr": 0.00089508, "params": 6465, "time_iter": 0.01054, "accuracy": 0.52381, "precision": 0.0, "recall": 0.0, "f1": 0.0, "auc": 0.57727}
{"epoch": 22, "time_epoch": 0.03204, "eta": 2.65838, "eta_hours": 0.00074, "loss": 0.6919564, "lr": 0.00088526, "params": 6465, "time_iter": 0.01068, "accuracy": 0.52381, "precision": 0.0, "recall": 0.0, "f1": 0.0, "auc": 0.60682}
{"epoch": 23, "time_epoch": 0.03185, "eta": 2.61539, "eta_hours": 0.00073, "loss": 0.69207093, "lr": 0.00087506, "params": 6465, "time_iter": 0.01062, "accuracy": 0.52381, "precision": 0.0, "recall": 0.0, "f1": 0.0, "auc": 0.45909}
{"epoch": 24, "time_epoch": 0.03395, "eta": 2.5796, "eta_hours": 0.00072, "loss": 0.69199492, "lr": 0.00086448, "params": 6465, "time_iter": 0.01132, "accuracy": 0.52381, "precision": 0.0, "recall": 0.0, "f1": 0.0, "auc": 0.51136}
{"epoch": 25, "time_epoch": 0.03787, "eta": 2.55511, "eta_hours": 0.00071, "loss": 0.69197965, "lr": 0.00085355, "params": 6465, "time_iter": 0.01262, "accuracy": 0.52381, "precision": 0.0, "recall": 0.0, "f1": 0.0, "auc": 0.48864}
{"epoch": 26, "time_epoch": 0.03183, "eta": 2.51328, "eta_hours": 0.0007, "loss": 0.69204195, "lr": 0.00084227, "params": 6465, "time_iter": 0.01061, "accuracy": 0.52381, "precision": 0.0, "recall": 0.0, "f1": 0.0, "auc": 0.49318}
{"epoch": 27, "time_epoch": 0.03191, "eta": 2.47237, "eta_hours": 0.00069, "loss": 0.69190065, "lr": 0.00083066, "params": 6465, "time_iter": 0.01064, "accuracy": 0.52381, "precision": 0.0, "recall": 0.0, "f1": 0.0, "auc": 0.58636}
{"epoch": 28, "time_epoch": 0.03164, "eta": 2.43143, "eta_hours": 0.00068, "loss": 0.69185555, "lr": 0.00081871, "params": 6465, "time_iter": 0.01055, "accuracy": 0.52381, "precision": 0.0, "recall": 0.0, "f1": 0.0, "auc": 0.68409}
{"epoch": 29, "time_epoch": 0.03182, "eta": 2.39153, "eta_hours": 0.00066, "loss": 0.69205144, "lr": 0.00080645, "params": 6465, "time_iter": 0.01061, "accuracy": 0.52381, "precision": 0.0, "recall": 0.0, "f1": 0.0, "auc": 0.44545}
{"epoch": 30, "time_epoch": 0.03316, "eta": 2.35513, "eta_hours": 0.00065, "loss": 0.69209985, "lr": 0.00079389, "params": 6465, "time_iter": 0.01105, "accuracy": 0.52381, "precision": 0.0, "recall": 0.0, "f1": 0.0, "auc": 0.52045}
{"epoch": 31, "time_epoch": 0.03115, "eta": 2.31467, "eta_hours": 0.00064, "loss": 0.69211467, "lr": 0.00078104, "params": 6465, "time_iter": 0.01038, "accuracy": 0.52381, "precision": 0.0, "recall": 0.0, "f1": 0.0, "auc": 0.42955}
{"epoch": 32, "time_epoch": 0.03258, "eta": 2.27768, "eta_hours": 0.00063, "loss": 0.69207668, "lr": 0.00076791, "params": 6465, "time_iter": 0.01086, "accuracy": 0.52381, "precision": 0.0, "recall": 0.0, "f1": 0.0, "auc": 0.46591}
{"epoch": 33, "time_epoch": 0.03191, "eta": 2.23963, "eta_hours": 0.00062, "loss": 0.69199176, "lr": 0.00075452, "params": 6465, "time_iter": 0.01064, "accuracy": 0.52381, "precision": 0.0, "recall": 0.0, "f1": 0.0, "auc": 0.44545}
{"epoch": 34, "time_epoch": 0.03159, "eta": 2.20134, "eta_hours": 0.00061, "loss": 0.69193179, "lr": 0.00074088, "params": 6465, "time_iter": 0.01053, "accuracy": 0.52381, "precision": 0.0, "recall": 0.0, "f1": 0.0, "auc": 0.53636}
{"epoch": 35, "time_epoch": 0.03189, "eta": 2.16397, "eta_hours": 0.0006, "loss": 0.69211884, "lr": 0.000727, "params": 6465, "time_iter": 0.01063, "accuracy": 0.52381, "precision": 0.0, "recall": 0.0, "f1": 0.0, "auc": 0.47273}
{"epoch": 36, "time_epoch": 0.03171, "eta": 2.12657, "eta_hours": 0.00059, "loss": 0.69213913, "lr": 0.00071289, "params": 6465, "time_iter": 0.01057, "accuracy": 0.52381, "precision": 0.0, "recall": 0.0, "f1": 0.0, "auc": 0.36818}
{"epoch": 37, "time_epoch": 0.03427, "eta": 2.09366, "eta_hours": 0.00058, "loss": 0.69220519, "lr": 0.00069857, "params": 6465, "time_iter": 0.01142, "accuracy": 0.52381, "precision": 0.0, "recall": 0.0, "f1": 0.0, "auc": 0.36364}
{"epoch": 38, "time_epoch": 0.03253, "eta": 2.05795, "eta_hours": 0.00057, "loss": 0.69195494, "lr": 0.00068406, "params": 6465, "time_iter": 0.01084, "accuracy": 0.52381, "precision": 0.0, "recall": 0.0, "f1": 0.0, "auc": 0.6}
{"epoch": 39, "time_epoch": 0.03206, "eta": 2.0217, "eta_hours": 0.00056, "loss": 0.69197406, "lr": 0.00066937, "params": 6465, "time_iter": 0.01069, "accuracy": 0.52381, "precision": 0.0, "recall": 0.0, "f1": 0.0, "auc": 0.53182}
{"epoch": 40, "time_epoch": 0.03195, "eta": 1.9855, "eta_hours": 0.00055, "loss": 0.6920108, "lr": 0.00065451, "params": 6465, "time_iter": 0.01065, "accuracy": 0.52381, "precision": 0.0, "recall": 0.0, "f1": 0.0, "auc": 0.49091}
{"epoch": 41, "time_epoch": 0.03303, "eta": 1.95098, "eta_hours": 0.00054, "loss": 0.69197067, "lr": 0.0006395, "params": 6465, "time_iter": 0.01101, "accuracy": 0.52381, "precision": 0.0, "recall": 0.0, "f1": 0.0, "auc": 0.52045}
{"epoch": 42, "time_epoch": 0.03266, "eta": 1.91605, "eta_hours": 0.00053, "loss": 0.69193018, "lr": 0.00062434, "params": 6465, "time_iter": 0.01089, "accuracy": 0.52381, "precision": 0.0, "recall": 0.0, "f1": 0.0, "auc": 0.59773}
{"epoch": 43, "time_epoch": 0.03157, "eta": 1.87982, "eta_hours": 0.00052, "loss": 0.69192517, "lr": 0.00060907, "params": 6465, "time_iter": 0.01052, "accuracy": 0.52381, "precision": 0.0, "recall": 0.0, "f1": 0.0, "auc": 0.56136}
{"epoch": 44, "time_epoch": 0.03575, "eta": 1.84892, "eta_hours": 0.00051, "loss": 0.6921116, "lr": 0.00059369, "params": 6465, "time_iter": 0.01192, "accuracy": 0.52381, "precision": 0.0, "recall": 0.0, "f1": 0.0, "auc": 0.44545}
{"epoch": 45, "time_epoch": 0.03188, "eta": 1.81326, "eta_hours": 0.0005, "loss": 0.6920942, "lr": 0.00057822, "params": 6465, "time_iter": 0.01063, "accuracy": 0.52381, "precision": 0.0, "recall": 0.0, "f1": 0.0, "auc": 0.47955}
{"epoch": 46, "time_epoch": 0.03108, "eta": 1.77687, "eta_hours": 0.00049, "loss": 0.69208979, "lr": 0.00056267, "params": 6465, "time_iter": 0.01036, "accuracy": 0.52381, "precision": 0.0, "recall": 0.0, "f1": 0.0, "auc": 0.45455}
{"epoch": 47, "time_epoch": 0.04023, "eta": 1.7506, "eta_hours": 0.00049, "loss": 0.69240954, "lr": 0.00054705, "params": 6465, "time_iter": 0.01341, "accuracy": 0.52381, "precision": 0.0, "recall": 0.0, "f1": 0.0, "auc": 0.29545}
{"epoch": 48, "time_epoch": 0.03708, "eta": 1.72049, "eta_hours": 0.00048, "loss": 0.69204898, "lr": 0.0005314, "params": 6465, "time_iter": 0.01236, "accuracy": 0.52381, "precision": 0.0, "recall": 0.0, "f1": 0.0, "auc": 0.575}
{"epoch": 49, "time_epoch": 0.03726, "eta": 1.69029, "eta_hours": 0.00047, "loss": 0.69205797, "lr": 0.00051571, "params": 6465, "time_iter": 0.01242, "accuracy": 0.52381, "precision": 0.0, "recall": 0.0, "f1": 0.0, "auc": 0.54545}
{"epoch": 50, "time_epoch": 0.0365, "eta": 1.65907, "eta_hours": 0.00046, "loss": 0.69203691, "lr": 0.0005, "params": 6465, "time_iter": 0.01217, "accuracy": 0.52381, "precision": 0.0, "recall": 0.0, "f1": 0.0, "auc": 0.56818}
{"epoch": 51, "time_epoch": 0.03214, "eta": 1.62362, "eta_hours": 0.00045, "loss": 0.69230136, "lr": 0.00048429, "params": 6465, "time_iter": 0.01071, "accuracy": 0.52381, "precision": 0.0, "recall": 0.0, "f1": 0.0, "auc": 0.30909}
{"epoch": 52, "time_epoch": 0.03257, "eta": 1.58869, "eta_hours": 0.00044, "loss": 0.6920882, "lr": 0.0004686, "params": 6465, "time_iter": 0.01086, "accuracy": 0.52381, "precision": 0.0, "recall": 0.0, "f1": 0.0, "auc": 0.46136}
{"epoch": 53, "time_epoch": 0.03204, "eta": 1.55338, "eta_hours": 0.00043, "loss": 0.69206543, "lr": 0.00045295, "params": 6465, "time_iter": 0.01068, "accuracy": 0.52381, "precision": 0.0, "recall": 0.0, "f1": 0.0, "auc": 0.55}
{"epoch": 54, "time_epoch": 0.03105, "eta": 1.51739, "eta_hours": 0.00042, "loss": 0.69199775, "lr": 0.00043733, "params": 6465, "time_iter": 0.01035, "accuracy": 0.52381, "precision": 0.0, "recall": 0.0, "f1": 0.0, "auc": 0.54318}
{"epoch": 55, "time_epoch": 0.03151, "eta": 1.48193, "eta_hours": 0.00041, "loss": 0.69211771, "lr": 0.00042178, "params": 6465, "time_iter": 0.0105, "accuracy": 0.52381, "precision": 0.0, "recall": 0.0, "f1": 0.0, "auc": 0.53409}
{"epoch": 56, "time_epoch": 0.03156, "eta": 1.44665, "eta_hours": 0.0004, "loss": 0.69238354, "lr": 0.00040631, "params": 6465, "time_iter": 0.01052, "accuracy": 0.52381, "precision": 0.0, "recall": 0.0, "f1": 0.0, "auc": 0.3}
{"epoch": 57, "time_epoch": 0.03134, "eta": 1.41134, "eta_hours": 0.00039, "loss": 0.69194658, "lr": 0.00039093, "params": 6465, "time_iter": 0.01045, "accuracy": 0.52381, "precision": 0.0, "recall": 0.0, "f1": 0.0, "auc": 0.52045}
{"epoch": 58, "time_epoch": 0.03089, "eta": 1.37585, "eta_hours": 0.00038, "loss": 0.69194379, "lr": 0.00037566, "params": 6465, "time_iter": 0.0103, "accuracy": 0.52381, "precision": 0.0, "recall": 0.0, "f1": 0.0, "auc": 0.62386}
{"epoch": 59, "time_epoch": 0.03138, "eta": 1.34084, "eta_hours": 0.00037, "loss": 0.69200891, "lr": 0.0003605, "params": 6465, "time_iter": 0.01046, "accuracy": 0.52381, "precision": 0.0, "recall": 0.0, "f1": 0.0, "auc": 0.57045}
{"epoch": 60, "time_epoch": 0.0313, "eta": 1.3059, "eta_hours": 0.00036, "loss": 0.6923359, "lr": 0.00034549, "params": 6465, "time_iter": 0.01043, "accuracy": 0.52381, "precision": 0.0, "recall": 0.0, "f1": 0.0, "auc": 0.31591}
{"epoch": 61, "time_epoch": 0.03068, "eta": 1.2707, "eta_hours": 0.00035, "loss": 0.69199564, "lr": 0.00033063, "params": 6465, "time_iter": 0.01023, "accuracy": 0.52381, "precision": 0.0, "recall": 0.0, "f1": 0.0, "auc": 0.49545}
{"epoch": 62, "time_epoch": 0.03158, "eta": 1.23617, "eta_hours": 0.00034, "loss": 0.69200197, "lr": 0.00031594, "params": 6465, "time_iter": 0.01053, "accuracy": 0.52381, "precision": 0.0, "recall": 0.0, "f1": 0.0, "auc": 0.52727}
{"epoch": 63, "time_epoch": 0.03192, "eta": 1.20192, "eta_hours": 0.00033, "loss": 0.69189158, "lr": 0.00030143, "params": 6465, "time_iter": 0.01064, "accuracy": 0.52381, "precision": 0.0, "recall": 0.0, "f1": 0.0, "auc": 0.59773}
{"epoch": 64, "time_epoch": 0.03176, "eta": 1.16765, "eta_hours": 0.00032, "loss": 0.69203951, "lr": 0.00028711, "params": 6465, "time_iter": 0.01059, "accuracy": 0.52381, "precision": 0.0, "recall": 0.0, "f1": 0.0, "auc": 0.51818}
{"epoch": 65, "time_epoch": 0.03125, "eta": 1.13321, "eta_hours": 0.00031, "loss": 0.69205945, "lr": 0.000273, "params": 6465, "time_iter": 0.01042, "accuracy": 0.52381, "precision": 0.0, "recall": 0.0, "f1": 0.0, "auc": 0.49773}
{"epoch": 66, "time_epoch": 0.03082, "eta": 1.09864, "eta_hours": 0.00031, "loss": 0.69208707, "lr": 0.00025912, "params": 6465, "time_iter": 0.01027, "accuracy": 0.52381, "precision": 0.0, "recall": 0.0, "f1": 0.0, "auc": 0.45682}
{"epoch": 67, "time_epoch": 0.03057, "eta": 1.06407, "eta_hours": 0.0003, "loss": 0.69208994, "lr": 0.00024548, "params": 6465, "time_iter": 0.01019, "accuracy": 0.52381, "precision": 0.0, "recall": 0.0, "f1": 0.0, "auc": 0.4}
{"epoch": 68, "time_epoch": 0.03111, "eta": 1.02986, "eta_hours": 0.00029, "loss": 0.69203001, "lr": 0.00023209, "params": 6465, "time_iter": 0.01037, "accuracy": 0.52381, "precision": 0.0, "recall": 0.0, "f1": 0.0, "auc": 0.46136}
{"epoch": 69, "time_epoch": 0.03068, "eta": 0.99555, "eta_hours": 0.00028, "loss": 0.69211368, "lr": 0.00021896, "params": 6465, "time_iter": 0.01023, "accuracy": 0.52381, "precision": 0.0, "recall": 0.0, "f1": 0.0, "auc": 0.45227}
{"epoch": 70, "time_epoch": 0.0317, "eta": 0.96175, "eta_hours": 0.00027, "loss": 0.69187215, "lr": 0.00020611, "params": 6465, "time_iter": 0.01057, "accuracy": 0.52381, "precision": 0.0, "recall": 0.0, "f1": 0.0, "auc": 0.59773}
{"epoch": 71, "time_epoch": 0.0314, "eta": 0.9279, "eta_hours": 0.00026, "loss": 0.69201686, "lr": 0.00019355, "params": 6465, "time_iter": 0.01047, "accuracy": 0.52381, "precision": 0.0, "recall": 0.0, "f1": 0.0, "auc": 0.5}
{"epoch": 72, "time_epoch": 0.03124, "eta": 0.89406, "eta_hours": 0.00025, "loss": 0.69194823, "lr": 0.00018129, "params": 6465, "time_iter": 0.01041, "accuracy": 0.52381, "precision": 0.0, "recall": 0.0, "f1": 0.0, "auc": 0.57045}
{"epoch": 73, "time_epoch": 0.03131, "eta": 0.86032, "eta_hours": 0.00024, "loss": 0.69218047, "lr": 0.00016934, "params": 6465, "time_iter": 0.01044, "accuracy": 0.52381, "precision": 0.0, "recall": 0.0, "f1": 0.0, "auc": 0.36818}
{"epoch": 74, "time_epoch": 0.03131, "eta": 0.82664, "eta_hours": 0.00023, "loss": 0.69194623, "lr": 0.00015773, "params": 6465, "time_iter": 0.01044, "accuracy": 0.52381, "precision": 0.0, "recall": 0.0, "f1": 0.0, "auc": 0.54091}
{"epoch": 75, "time_epoch": 0.03249, "eta": 0.79339, "eta_hours": 0.00022, "loss": 0.69177246, "lr": 0.00014645, "params": 6465, "time_iter": 0.01083, "accuracy": 0.52381, "precision": 0.0, "recall": 0.0, "f1": 0.0, "auc": 0.70455}
{"epoch": 76, "time_epoch": 0.03247, "eta": 0.76015, "eta_hours": 0.00021, "loss": 0.69218424, "lr": 0.00013552, "params": 6465, "time_iter": 0.01082, "accuracy": 0.52381, "precision": 0.0, "recall": 0.0, "f1": 0.0, "auc": 0.36136}
{"epoch": 77, "time_epoch": 0.03301, "eta": 0.72709, "eta_hours": 0.0002, "loss": 0.69212413, "lr": 0.00012494, "params": 6465, "time_iter": 0.011, "accuracy": 0.52381, "precision": 0.0, "recall": 0.0, "f1": 0.0, "auc": 0.36364}
{"epoch": 78, "time_epoch": 0.03237, "eta": 0.69386, "eta_hours": 0.00019, "loss": 0.69189868, "lr": 0.00011474, "params": 6465, "time_iter": 0.01079, "accuracy": 0.52381, "precision": 0.0, "recall": 0.0, "f1": 0.0, "auc": 0.58636}
{"epoch": 79, "time_epoch": 0.03078, "eta": 0.66026, "eta_hours": 0.00018, "loss": 0.69191682, "lr": 0.00010492, "params": 6465, "time_iter": 0.01026, "accuracy": 0.52381, "precision": 0.0, "recall": 0.0, "f1": 0.0, "auc": 0.58409}
{"epoch": 80, "time_epoch": 0.03075, "eta": 0.62671, "eta_hours": 0.00017, "loss": 0.69188109, "lr": 9.549e-05, "params": 6465, "time_iter": 0.01025, "accuracy": 0.52381, "precision": 0.0, "recall": 0.0, "f1": 0.0, "auc": 0.66591}
{"epoch": 81, "time_epoch": 0.03098, "eta": 0.59329, "eta_hours": 0.00016, "loss": 0.69224314, "lr": 8.646e-05, "params": 6465, "time_iter": 0.01033, "accuracy": 0.52381, "precision": 0.0, "recall": 0.0, "f1": 0.0, "auc": 0.28864}
{"epoch": 82, "time_epoch": 0.03154, "eta": 0.56004, "eta_hours": 0.00016, "loss": 0.69215564, "lr": 7.784e-05, "params": 6465, "time_iter": 0.01051, "accuracy": 0.52381, "precision": 0.0, "recall": 0.0, "f1": 0.0, "auc": 0.37727}
{"epoch": 83, "time_epoch": 0.03037, "eta": 0.5266, "eta_hours": 0.00015, "loss": 0.69211914, "lr": 6.963e-05, "params": 6465, "time_iter": 0.01012, "accuracy": 0.52381, "precision": 0.0, "recall": 0.0, "f1": 0.0, "auc": 0.41136}
{"epoch": 84, "time_epoch": 0.03141, "eta": 0.49342, "eta_hours": 0.00014, "loss": 0.6920033, "lr": 6.185e-05, "params": 6465, "time_iter": 0.01047, "accuracy": 0.52381, "precision": 0.0, "recall": 0.0, "f1": 0.0, "auc": 0.45909}
{"epoch": 85, "time_epoch": 0.03391, "eta": 0.4607, "eta_hours": 0.00013, "loss": 0.69169888, "lr": 5.45e-05, "params": 6465, "time_iter": 0.0113, "accuracy": 0.52381, "precision": 0.0, "recall": 0.0, "f1": 0.0, "auc": 0.73864}
{"epoch": 86, "time_epoch": 0.03379, "eta": 0.42792, "eta_hours": 0.00012, "loss": 0.69201703, "lr": 4.759e-05, "params": 6465, "time_iter": 0.01126, "accuracy": 0.52381, "precision": 0.0, "recall": 0.0, "f1": 0.0, "auc": 0.55}
{"epoch": 87, "time_epoch": 0.03781, "eta": 0.39567, "eta_hours": 0.00011, "loss": 0.69188237, "lr": 4.112e-05, "params": 6465, "time_iter": 0.0126, "accuracy": 0.52381, "precision": 0.0, "recall": 0.0, "f1": 0.0, "auc": 0.57727}
{"epoch": 88, "time_epoch": 0.03892, "eta": 0.36343, "eta_hours": 0.0001, "loss": 0.69197714, "lr": 3.511e-05, "params": 6465, "time_iter": 0.01297, "accuracy": 0.52381, "precision": 0.0, "recall": 0.0, "f1": 0.0, "auc": 0.53409}
{"epoch": 89, "time_epoch": 0.03905, "eta": 0.33106, "eta_hours": 9e-05, "loss": 0.69215593, "lr": 2.956e-05, "params": 6465, "time_iter": 0.01302, "accuracy": 0.52381, "precision": 0.0, "recall": 0.0, "f1": 0.0, "auc": 0.40455}
{"epoch": 90, "time_epoch": 0.03454, "eta": 0.2981, "eta_hours": 8e-05, "loss": 0.69208598, "lr": 2.447e-05, "params": 6465, "time_iter": 0.01151, "accuracy": 0.52381, "precision": 0.0, "recall": 0.0, "f1": 0.0, "auc": 0.45227}
{"epoch": 91, "time_epoch": 0.03607, "eta": 0.26523, "eta_hours": 7e-05, "loss": 0.69202227, "lr": 1.985e-05, "params": 6465, "time_iter": 0.01202, "accuracy": 0.52381, "precision": 0.0, "recall": 0.0, "f1": 0.0, "auc": 0.46364}
{"epoch": 92, "time_epoch": 0.03847, "eta": 0.23248, "eta_hours": 6e-05, "loss": 0.69205897, "lr": 1.571e-05, "params": 6465, "time_iter": 0.01282, "accuracy": 0.52381, "precision": 0.0, "recall": 0.0, "f1": 0.0, "auc": 0.47727}
{"epoch": 93, "time_epoch": 0.04135, "eta": 0.19979, "eta_hours": 6e-05, "loss": 0.69186113, "lr": 1.204e-05, "params": 6465, "time_iter": 0.01378, "accuracy": 0.52381, "precision": 0.0, "recall": 0.0, "f1": 0.0, "auc": 0.65909}
{"epoch": 94, "time_epoch": 0.0365, "eta": 0.16666, "eta_hours": 5e-05, "loss": 0.6919275, "lr": 8.86e-06, "params": 6465, "time_iter": 0.01217, "accuracy": 0.52381, "precision": 0.0, "recall": 0.0, "f1": 0.0, "auc": 0.57273}
{"epoch": 95, "time_epoch": 0.03662, "eta": 0.13346, "eta_hours": 4e-05, "loss": 0.69190407, "lr": 6.16e-06, "params": 6465, "time_iter": 0.01221, "accuracy": 0.52381, "precision": 0.0, "recall": 0.0, "f1": 0.0, "auc": 0.61591}
{"epoch": 96, "time_epoch": 0.03621, "eta": 0.10018, "eta_hours": 3e-05, "loss": 0.69176214, "lr": 3.94e-06, "params": 6465, "time_iter": 0.01207, "accuracy": 0.52381, "precision": 0.0, "recall": 0.0, "f1": 0.0, "auc": 0.68864}
{"epoch": 97, "time_epoch": 0.03663, "eta": 0.06686, "eta_hours": 2e-05, "loss": 0.69193127, "lr": 2.22e-06, "params": 6465, "time_iter": 0.01221, "accuracy": 0.52381, "precision": 0.0, "recall": 0.0, "f1": 0.0, "auc": 0.58409}
{"epoch": 98, "time_epoch": 0.03495, "eta": 0.03344, "eta_hours": 1e-05, "loss": 0.6920102, "lr": 9.9e-07, "params": 6465, "time_iter": 0.01165, "accuracy": 0.52381, "precision": 0.0, "recall": 0.0, "f1": 0.0, "auc": 0.49318}
{"epoch": 99, "time_epoch": 0.03398, "eta": 0.0, "eta_hours": 0.0, "loss": 0.69197617, "lr": 2.5e-07, "params": 6465, "time_iter": 0.01133, "accuracy": 0.52381, "precision": 0.0, "recall": 0.0, "f1": 0.0, "auc": 0.52955}
