{"epoch": 0, "time_epoch": 2.92091, "eta": 289.16961, "eta_hours": 0.08032, "loss": 0.69734373, "lr": 0.001, "params": 5401, "time_iter": 0.07687, "accuracy": 0.52, "precision": 0.52, "recall": 1.0, "f1": 0.68421, "auc": 0.45495}
{"epoch": 1, "time_epoch": 3.07424, "eta": 293.76206, "eta_hours": 0.0816, "loss": 0.69460691, "lr": 0.00099975, "params": 5401, "time_iter": 0.0809, "accuracy": 0.52, "precision": 0.52, "recall": 1.0, "f1": 0.68421, "auc": 0.48718}
{"epoch": 2, "time_epoch": 2.15994, "eta": 263.68112, "eta_hours": 0.07324, "loss": 0.69318407, "lr": 0.00099901, "params": 5401, "time_iter": 0.05684, "accuracy": 0.52, "precision": 0.52, "recall": 1.0, "f1": 0.68421, "auc": 0.51318}
{"epoch": 3, "time_epoch": 2.2431, "eta": 249.55651, "eta_hours": 0.06932, "loss": 0.69357198, "lr": 0.00099778, "params": 5401, "time_iter": 0.05903, "accuracy": 0.52, "precision": 0.52, "recall": 1.0, "f1": 0.68421, "auc": 0.39156}
{"epoch": 4, "time_epoch": 2.27114, "eta": 240.71714, "eta_hours": 0.06687, "loss": 0.69359468, "lr": 0.00099606, "params": 5401, "time_iter": 0.05977, "accuracy": 0.52, "precision": 0.52, "recall": 1.0, "f1": 0.68421, "auc": 0.39227}
{"epoch": 5, "time_epoch": 2.26216, "eta": 233.9266, "eta_hours": 0.06498, "loss": 0.69287768, "lr": 0.00099384, "params": 5401, "time_iter": 0.05953, "accuracy": 0.52, "precision": 0.52, "recall": 1.0, "f1": 0.68421, "auc": 0.35657}
{"epoch": 6, "time_epoch": 2.25804, "eta": 228.37508, "eta_hours": 0.06344, "loss": 0.69362364, "lr": 0.00099114, "params": 5401, "time_iter": 0.05942, "accuracy": 0.52, "precision": 0.52, "recall": 1.0, "f1": 0.68421, "auc": 0.42236}
{"epoch": 7, "time_epoch": 2.24068, "eta": 223.44736, "eta_hours": 0.06207, "loss": 0.69259856, "lr": 0.00098796, "params": 5401, "time_iter": 0.05897, "accuracy": 0.52, "precision": 0.52, "recall": 1.0, "f1": 0.68421, "auc": 0.41934}
{"epoch": 8, "time_epoch": 2.25498, "eta": 219.2613, "eta_hours": 0.06091, "loss": 0.69260948, "lr": 0.00098429, "params": 5401, "time_iter": 0.05934, "accuracy": 0.52, "precision": 0.52, "recall": 1.0, "f1": 0.68421, "auc": 0.45887}
{"epoch": 9, "time_epoch": 2.25374, "eta": 215.45027, "eta_hours": 0.05985, "loss": 0.69304218, "lr": 0.00098015, "params": 5401, "time_iter": 0.05931, "accuracy": 0.52, "precision": 0.52, "recall": 1.0, "f1": 0.68421, "auc": 0.41186}
{"epoch": 10, "time_epoch": 2.24157, "eta": 211.82399, "eta_hours": 0.05884, "loss": 0.69296158, "lr": 0.00097553, "params": 5401, "time_iter": 0.05899, "accuracy": 0.52, "precision": 0.52, "recall": 1.0, "f1": 0.68421, "auc": 0.40785}
{"epoch": 11, "time_epoch": 2.26587, "eta": 208.60663, "eta_hours": 0.05795, "loss": 0.69306472, "lr": 0.00097044, "params": 5401, "time_iter": 0.05963, "accuracy": 0.52, "precision": 0.52, "recall": 1.0, "f1": 0.68421, "auc": 0.42005}
{"epoch": 12, "time_epoch": 2.25423, "eta": 205.45781, "eta_hours": 0.05707, "loss": 0.69299436, "lr": 0.00096489, "params": 5401, "time_iter": 0.05932, "accuracy": 0.52, "precision": 0.52, "recall": 1.0, "f1": 0.68421, "auc": 0.44231}
{"epoch": 13, "time_epoch": 2.24662, "eta": 202.38999, "eta_hours": 0.05622, "loss": 0.69338889, "lr": 0.00095888, "params": 5401, "time_iter": 0.05912, "accuracy": 0.52, "precision": 0.52, "recall": 1.0, "f1": 0.68421, "auc": 0.42949}
{"epoch": 14, "time_epoch": 2.25254, "eta": 199.46521, "eta_hours": 0.05541, "loss": 0.69282067, "lr": 0.00095241, "params": 5401, "time_iter": 0.05928, "accuracy": 0.52, "precision": 0.52, "recall": 1.0, "f1": 0.68421, "auc": 0.43465}
{"epoch": 15, "time_epoch": 2.16357, "eta": 196.1574, "eta_hours": 0.05449, "loss": 0.69299489, "lr": 0.0009455, "params": 5401, "time_iter": 0.05694, "accuracy": 0.52, "precision": 0.52, "recall": 1.0, "f1": 0.68421, "auc": 0.3766}
{"epoch": 16, "time_epoch": 3.71291, "eta": 200.54864, "eta_hours": 0.05571, "loss": 0.69295182, "lr": 0.00093815, "params": 5401, "time_iter": 0.09771, "accuracy": 0.52, "precision": 0.52, "recall": 1.0, "f1": 0.68421, "auc": 0.40313}
{"epoch": 17, "time_epoch": 1.70717, "eta": 194.90214, "eta_hours": 0.05414, "loss": 0.69326775, "lr": 0.00093037, "params": 5401, "time_iter": 0.04493, "accuracy": 0.52, "precision": 0.52, "recall": 1.0, "f1": 0.68421, "auc": 0.42557}
{"epoch": 18, "time_epoch": 1.87821, "eta": 190.39947, "eta_hours": 0.05289, "loss": 0.69454818, "lr": 0.00092216, "params": 5401, "time_iter": 0.04943, "accuracy": 0.52, "precision": 0.52, "recall": 1.0, "f1": 0.68421, "auc": 0.35096}
{"epoch": 19, "time_epoch": 1.77101, "eta": 185.73044, "eta_hours": 0.05159, "loss": 0.69289852, "lr": 0.00091354, "params": 5401, "time_iter": 0.04661, "accuracy": 0.52, "precision": 0.52, "recall": 1.0, "f1": 0.68421, "auc": 0.39352}
{"epoch": 20, "time_epoch": 1.92772, "eta": 181.92694, "eta_hours": 0.05054, "loss": 0.69282224, "lr": 0.00090451, "params": 5401, "time_iter": 0.05073, "accuracy": 0.52, "precision": 0.52, "recall": 1.0, "f1": 0.68421, "auc": 0.42895}
{"epoch": 21, "time_epoch": 1.86801, "eta": 178.08227, "eta_hours": 0.04947, "loss": 0.69278542, "lr": 0.00089508, "params": 5401, "time_iter": 0.04916, "accuracy": 0.52, "precision": 0.52, "recall": 1.0, "f1": 0.68421, "auc": 0.40563}
{"epoch": 22, "time_epoch": 1.83184, "eta": 174.2884, "eta_hours": 0.04841, "loss": 0.69293225, "lr": 0.00088526, "params": 5401, "time_iter": 0.04821, "accuracy": 0.52, "precision": 0.52, "recall": 1.0, "f1": 0.68421, "auc": 0.40331}
{"epoch": 23, "time_epoch": 1.89641, "eta": 170.86251, "eta_hours": 0.04746, "loss": 0.69292957, "lr": 0.00087506, "params": 5401, "time_iter": 0.04991, "accuracy": 0.52, "precision": 0.52, "recall": 1.0, "f1": 0.68421, "auc": 0.42735}
{"epoch": 24, "time_epoch": 1.82493, "eta": 167.34453, "eta_hours": 0.04648, "loss": 0.69297495, "lr": 0.00086448, "params": 5401, "time_iter": 0.04802, "accuracy": 0.52, "precision": 0.52, "recall": 1.0, "f1": 0.68421, "auc": 0.41106}
{"epoch": 25, "time_epoch": 1.83694, "eta": 163.99097, "eta_hours": 0.04555, "loss": 0.69255759, "lr": 0.00085355, "params": 5401, "time_iter": 0.04834, "accuracy": 0.52, "precision": 0.52, "recall": 1.0, "f1": 0.68421, "auc": 0.45709}
{"epoch": 26, "time_epoch": 1.86938, "eta": 160.83745, "eta_hours": 0.04468, "loss": 0.69296976, "lr": 0.00084227, "params": 5401, "time_iter": 0.04919, "accuracy": 0.52, "precision": 0.52, "recall": 1.0, "f1": 0.68421, "auc": 0.42041}
{"epoch": 27, "time_epoch": 1.80639, "eta": 157.61368, "eta_hours": 0.04378, "loss": 0.69241659, "lr": 0.00083066, "params": 5401, "time_iter": 0.04754, "accuracy": 0.52, "precision": 0.52, "recall": 1.0, "f1": 0.68421, "auc": 0.47382}
{"epoch": 28, "time_epoch": 1.8532, "eta": 154.60228, "eta_hours": 0.04295, "loss": 0.69285011, "lr": 0.00081871, "params": 5401, "time_iter": 0.04877, "accuracy": 0.52, "precision": 0.52, "recall": 1.0, "f1": 0.68421, "auc": 0.41008}
{"epoch": 29, "time_epoch": 1.90327, "eta": 151.78493, "eta_hours": 0.04216, "loss": 0.69255711, "lr": 0.00080645, "params": 5401, "time_iter": 0.05009, "accuracy": 0.52, "precision": 0.52, "recall": 1.0, "f1": 0.68421, "auc": 0.40919}
{"epoch": 30, "time_epoch": 1.89734, "eta": 149.01335, "eta_hours": 0.04139, "loss": 0.69329134, "lr": 0.00079389, "params": 5401, "time_iter": 0.04993, "accuracy": 0.52, "precision": 0.52, "recall": 1.0, "f1": 0.68421, "auc": 0.36503}
{"epoch": 31, "time_epoch": 1.81629, "eta": 146.12416, "eta_hours": 0.04059, "loss": 0.69301671, "lr": 0.00078104, "params": 5401, "time_iter": 0.0478, "accuracy": 0.52, "precision": 0.52, "recall": 1.0, "f1": 0.68421, "auc": 0.38835}
{"epoch": 32, "time_epoch": 1.82857, "eta": 143.32494, "eta_hours": 0.03981, "loss": 0.69275326, "lr": 0.00076791, "params": 5401, "time_iter": 0.04812, "accuracy": 0.52, "precision": 0.52, "recall": 1.0, "f1": 0.68421, "auc": 0.42361}
{"epoch": 33, "time_epoch": 1.86149, "eta": 140.64672, "eta_hours": 0.03907, "loss": 0.69337465, "lr": 0.00075452, "params": 5401, "time_iter": 0.04899, "accuracy": 0.52, "precision": 0.52, "recall": 1.0, "f1": 0.68421, "auc": 0.39174}
{"epoch": 34, "time_epoch": 1.82374, "eta": 137.94506, "eta_hours": 0.03832, "loss": 0.69260315, "lr": 0.00074088, "params": 5401, "time_iter": 0.04799, "accuracy": 0.52, "precision": 0.52, "recall": 1.0, "f1": 0.68421, "auc": 0.41774}
{"epoch": 35, "time_epoch": 1.85787, "eta": 135.35284, "eta_hours": 0.0376, "loss": 0.6925568, "lr": 0.000727, "params": 5401, "time_iter": 0.04889, "accuracy": 0.52, "precision": 0.52, "recall": 1.0, "f1": 0.68421, "auc": 0.41346}
{"epoch": 36, "time_epoch": 1.84327, "eta": 132.77547, "eta_hours": 0.03688, "loss": 0.69272908, "lr": 0.00071289, "params": 5401, "time_iter": 0.04851, "accuracy": 0.52, "precision": 0.52, "recall": 1.0, "f1": 0.68421, "auc": 0.39913}
{"epoch": 37, "time_epoch": 1.86254, "eta": 130.26816, "eta_hours": 0.03619, "loss": 0.69262046, "lr": 0.00069857, "params": 5401, "time_iter": 0.04901, "accuracy": 0.52, "precision": 0.52, "recall": 1.0, "f1": 0.68421, "auc": 0.40963}
{"epoch": 38, "time_epoch": 1.82829, "eta": 127.74037, "eta_hours": 0.03548, "loss": 0.69248214, "lr": 0.00068406, "params": 5401, "time_iter": 0.04811, "accuracy": 0.52, "precision": 0.52, "recall": 1.0, "f1": 0.68421, "auc": 0.44302}
{"epoch": 39, "time_epoch": 1.81128, "eta": 125.22203, "eta_hours": 0.03478, "loss": 0.69276725, "lr": 0.00066937, "params": 5401, "time_iter": 0.04767, "accuracy": 0.52, "precision": 0.52, "recall": 1.0, "f1": 0.68421, "auc": 0.43714}
{"epoch": 40, "time_epoch": 1.81176, "eta": 122.73887, "eta_hours": 0.03409, "loss": 0.69324039, "lr": 0.00065451, "params": 5401, "time_iter": 0.04768, "accuracy": 0.52, "precision": 0.52, "recall": 1.0, "f1": 0.68421, "auc": 0.40687}
{"epoch": 41, "time_epoch": 1.84953, "eta": 120.33984, "eta_hours": 0.03343, "loss": 0.69278691, "lr": 0.0006395, "params": 5401, "time_iter": 0.04867, "accuracy": 0.52, "precision": 0.52, "recall": 1.0, "f1": 0.68421, "auc": 0.4464}
{"epoch": 42, "time_epoch": 1.76118, "eta": 117.84925, "eta_hours": 0.03274, "loss": 0.69275883, "lr": 0.00062434, "params": 5401, "time_iter": 0.04635, "accuracy": 0.52, "precision": 0.52, "recall": 1.0, "f1": 0.68421, "auc": 0.39708}
{"epoch": 43, "time_epoch": 1.88787, "eta": 115.55307, "eta_hours": 0.0321, "loss": 0.69271026, "lr": 0.00060907, "params": 5401, "time_iter": 0.04968, "accuracy": 0.52, "precision": 0.52, "recall": 1.0, "f1": 0.68421, "auc": 0.42308}
{"epoch": 44, "time_epoch": 1.82265, "eta": 113.19531, "eta_hours": 0.03144, "loss": 0.69257994, "lr": 0.00059369, "params": 5401, "time_iter": 0.04796, "accuracy": 0.52, "precision": 0.52, "recall": 1.0, "f1": 0.68421, "auc": 0.35639}
{"epoch": 45, "time_epoch": 1.83138, "eta": 110.87107, "eta_hours": 0.0308, "loss": 0.69271423, "lr": 0.00057822, "params": 5401, "time_iter": 0.04819, "accuracy": 0.52, "precision": 0.52, "recall": 1.0, "f1": 0.68421, "auc": 0.40563}
{"epoch": 46, "time_epoch": 1.82823, "eta": 108.56424, "eta_hours": 0.03016, "loss": 0.69250801, "lr": 0.00056267, "params": 5401, "time_iter": 0.04811, "accuracy": 0.52, "precision": 0.52, "recall": 1.0, "f1": 0.68421, "auc": 0.41204}
{"epoch": 47, "time_epoch": 1.79658, "eta": 106.24307, "eta_hours": 0.02951, "loss": 0.69260388, "lr": 0.00054705, "params": 5401, "time_iter": 0.04728, "accuracy": 0.52, "precision": 0.52, "recall": 1.0, "f1": 0.68421, "auc": 0.41008}
{"epoch": 48, "time_epoch": 1.80179, "eta": 103.94874, "eta_hours": 0.02887, "loss": 0.69277081, "lr": 0.0005314, "params": 5401, "time_iter": 0.04742, "accuracy": 0.52, "precision": 0.52, "recall": 1.0, "f1": 0.68421, "auc": 0.42192}
{"epoch": 49, "time_epoch": 1.80996, "eta": 101.68228, "eta_hours": 0.02825, "loss": 0.69271788, "lr": 0.00051571, "params": 5401, "time_iter": 0.04763, "accuracy": 0.52, "precision": 0.52, "recall": 1.0, "f1": 0.68421, "auc": 0.42949}
{"epoch": 50, "time_epoch": 1.78541, "eta": 99.41013, "eta_hours": 0.02761, "loss": 0.69246189, "lr": 0.0005, "params": 5401, "time_iter": 0.04698, "accuracy": 0.52, "precision": 0.52, "recall": 1.0, "f1": 0.68421, "auc": 0.42343}
{"epoch": 51, "time_epoch": 1.75461, "eta": 97.12827, "eta_hours": 0.02698, "loss": 0.69269613, "lr": 0.00048429, "params": 5401, "time_iter": 0.04617, "accuracy": 0.52, "precision": 0.52, "recall": 1.0, "f1": 0.68421, "auc": 0.42112}
{"epoch": 52, "time_epoch": 1.74899, "eta": 94.86133, "eta_hours": 0.02635, "loss": 0.69259377, "lr": 0.0004686, "params": 5401, "time_iter": 0.04603, "accuracy": 0.52, "precision": 0.52, "recall": 1.0, "f1": 0.68421, "auc": 0.40776}
{"epoch": 53, "time_epoch": 1.79232, "eta": 92.65047, "eta_hours": 0.02574, "loss": 0.69263884, "lr": 0.00045295, "params": 5401, "time_iter": 0.04717, "accuracy": 0.52, "precision": 0.52, "recall": 1.0, "f1": 0.68421, "auc": 0.42806}
{"epoch": 54, "time_epoch": 1.81947, "eta": 90.47705, "eta_hours": 0.02513, "loss": 0.69265493, "lr": 0.00043733, "params": 5401, "time_iter": 0.04788, "accuracy": 0.52, "precision": 0.52, "recall": 1.0, "f1": 0.68421, "auc": 0.3588}
{"epoch": 55, "time_epoch": 1.85682, "eta": 88.34563, "eta_hours": 0.02454, "loss": 0.69254865, "lr": 0.00042178, "params": 5401, "time_iter": 0.04886, "accuracy": 0.52, "precision": 0.52, "recall": 1.0, "f1": 0.68421, "auc": 0.41364}
{"epoch": 56, "time_epoch": 1.85574, "eta": 86.22302, "eta_hours": 0.02395, "loss": 0.69244647, "lr": 0.00040631, "params": 5401, "time_iter": 0.04884, "accuracy": 0.52, "precision": 0.52, "recall": 1.0, "f1": 0.68421, "auc": 0.41257}
{"epoch": 57, "time_epoch": 1.83697, "eta": 84.09602, "eta_hours": 0.02336, "loss": 0.69276396, "lr": 0.00039093, "params": 5401, "time_iter": 0.04834, "accuracy": 0.52, "precision": 0.52, "recall": 1.0, "f1": 0.68421, "auc": 0.40385}
{"epoch": 58, "time_epoch": 1.79736, "eta": 81.95132, "eta_hours": 0.02276, "loss": 0.69247971, "lr": 0.00037566, "params": 5401, "time_iter": 0.0473, "accuracy": 0.52, "precision": 0.52, "recall": 1.0, "f1": 0.68421, "auc": 0.41774}
{"epoch": 59, "time_epoch": 1.85348, "eta": 79.85563, "eta_hours": 0.02218, "loss": 0.6925085, "lr": 0.0003605, "params": 5401, "time_iter": 0.04878, "accuracy": 0.52, "precision": 0.52, "recall": 1.0, "f1": 0.68421, "auc": 0.39957}
{"epoch": 60, "time_epoch": 1.83051, "eta": 77.75318, "eta_hours": 0.0216, "loss": 0.69251138, "lr": 0.00034549, "params": 5401, "time_iter": 0.04817, "accuracy": 0.52, "precision": 0.52, "recall": 1.0, "f1": 0.68421, "auc": 0.42993}
{"epoch": 61, "time_epoch": 1.85717, "eta": 75.67585, "eta_hours": 0.02102, "loss": 0.69283492, "lr": 0.00033063, "params": 5401, "time_iter": 0.04887, "accuracy": 0.52, "precision": 0.52, "recall": 1.0, "f1": 0.68421, "auc": 0.39868}
{"epoch": 62, "time_epoch": 1.78892, "eta": 73.56542, "eta_hours": 0.02043, "loss": 0.69275105, "lr": 0.00031594, "params": 5401, "time_iter": 0.04708, "accuracy": 0.52, "precision": 0.52, "recall": 1.0, "f1": 0.68421, "auc": 0.36432}
{"epoch": 63, "time_epoch": 1.81243, "eta": 71.47826, "eta_hours": 0.01986, "loss": 0.69273537, "lr": 0.00030143, "params": 5401, "time_iter": 0.0477, "accuracy": 0.52, "precision": 0.52, "recall": 1.0, "f1": 0.68421, "auc": 0.40741}
{"epoch": 64, "time_epoch": 1.88272, "eta": 69.43741, "eta_hours": 0.01929, "loss": 0.69258453, "lr": 0.00028711, "params": 5401, "time_iter": 0.04955, "accuracy": 0.52, "precision": 0.52, "recall": 1.0, "f1": 0.68421, "auc": 0.41328}
{"epoch": 65, "time_epoch": 1.83593, "eta": 67.37724, "eta_hours": 0.01872, "loss": 0.69245978, "lr": 0.000273, "params": 5401, "time_iter": 0.04831, "accuracy": 0.52, "precision": 0.52, "recall": 1.0, "f1": 0.68421, "auc": 0.39352}
{"epoch": 66, "time_epoch": 1.87409, "eta": 65.34257, "eta_hours": 0.01815, "loss": 0.69245713, "lr": 0.00025912, "params": 5401, "time_iter": 0.04932, "accuracy": 0.52, "precision": 0.52, "recall": 1.0, "f1": 0.68421, "auc": 0.40919}
{"epoch": 67, "time_epoch": 1.78663, "eta": 63.27145, "eta_hours": 0.01758, "loss": 0.69258725, "lr": 0.00024548, "params": 5401, "time_iter": 0.04702, "accuracy": 0.52, "precision": 0.52, "recall": 1.0, "f1": 0.68421, "auc": 0.37714}
{"epoch": 68, "time_epoch": 1.82667, "eta": 61.22658, "eta_hours": 0.01701, "loss": 0.69242848, "lr": 0.00023209, "params": 5401, "time_iter": 0.04807, "accuracy": 0.52, "precision": 0.52, "recall": 1.0, "f1": 0.68421, "auc": 0.44605}
{"epoch": 69, "time_epoch": 1.76465, "eta": 59.16136, "eta_hours": 0.01643, "loss": 0.69247873, "lr": 0.00021896, "params": 5401, "time_iter": 0.04644, "accuracy": 0.52, "precision": 0.52, "recall": 1.0, "f1": 0.68421, "auc": 0.36823}
{"epoch": 70, "time_epoch": 1.87158, "eta": 57.14828, "eta_hours": 0.01587, "loss": 0.69258207, "lr": 0.00020611, "params": 5401, "time_iter": 0.04925, "accuracy": 0.52, "precision": 0.52, "recall": 1.0, "f1": 0.68421, "auc": 0.3791}
{"epoch": 71, "time_epoch": 1.82401, "eta": 55.12063, "eta_hours": 0.01531, "loss": 0.69244484, "lr": 0.00019355, "params": 5401, "time_iter": 0.048, "accuracy": 0.52, "precision": 0.52, "recall": 1.0, "f1": 0.68421, "auc": 0.42601}
{"epoch": 72, "time_epoch": 1.84055, "eta": 53.10467, "eta_hours": 0.01475, "loss": 0.69243606, "lr": 0.00018129, "params": 5401, "time_iter": 0.04844, "accuracy": 0.52, "precision": 0.52, "recall": 1.0, "f1": 0.68421, "auc": 0.38444}
{"epoch": 73, "time_epoch": 1.83973, "eta": 51.09317, "eta_hours": 0.01419, "loss": 0.6925034, "lr": 0.00016934, "params": 5401, "time_iter": 0.04841, "accuracy": 0.52, "precision": 0.52, "recall": 1.0, "f1": 0.68421, "auc": 0.37696}
{"epoch": 74, "time_epoch": 1.82579, "eta": 49.08161, "eta_hours": 0.01363, "loss": 0.69241568, "lr": 0.00015773, "params": 5401, "time_iter": 0.04805, "accuracy": 0.52, "precision": 0.52, "recall": 1.0, "f1": 0.68421, "auc": 0.44747}
{"epoch": 75, "time_epoch": 1.86014, "eta": 47.08578, "eta_hours": 0.01308, "loss": 0.69245001, "lr": 0.00014645, "params": 5401, "time_iter": 0.04895, "accuracy": 0.52, "precision": 0.52, "recall": 1.0, "f1": 0.68421, "auc": 0.41791}
{"epoch": 76, "time_epoch": 1.7726, "eta": 45.06732, "eta_hours": 0.01252, "loss": 0.69242706, "lr": 0.00013552, "params": 5401, "time_iter": 0.04665, "accuracy": 0.52, "precision": 0.52, "recall": 1.0, "f1": 0.68421, "auc": 0.32683}
{"epoch": 77, "time_epoch": 1.79818, "eta": 43.06239, "eta_hours": 0.01196, "loss": 0.69241006, "lr": 0.00012494, "params": 5401, "time_iter": 0.04732, "accuracy": 0.52, "precision": 0.52, "recall": 1.0, "f1": 0.68421, "auc": 0.41711}
{"epoch": 78, "time_epoch": 1.83484, "eta": 41.07243, "eta_hours": 0.01141, "loss": 0.69239887, "lr": 0.00011474, "params": 5401, "time_iter": 0.04829, "accuracy": 0.52, "precision": 0.52, "recall": 1.0, "f1": 0.68421, "auc": 0.41969}
{"epoch": 79, "time_epoch": 1.84965, "eta": 39.09006, "eta_hours": 0.01086, "loss": 0.69240918, "lr": 0.00010492, "params": 5401, "time_iter": 0.04868, "accuracy": 0.52, "precision": 0.52, "recall": 1.0, "f1": 0.68421, "auc": 0.36788}
{"epoch": 80, "time_epoch": 1.82508, "eta": 37.10519, "eta_hours": 0.01031, "loss": 0.69240923, "lr": 9.549e-05, "params": 5401, "time_iter": 0.04803, "accuracy": 0.52, "precision": 0.52, "recall": 1.0, "f1": 0.68421, "auc": 0.38773}
{"epoch": 81, "time_epoch": 1.7504, "eta": 35.10784, "eta_hours": 0.00975, "loss": 0.69240184, "lr": 8.646e-05, "params": 5401, "time_iter": 0.04606, "accuracy": 0.52, "precision": 0.52, "recall": 1.0, "f1": 0.68421, "auc": 0.39744}
{"epoch": 82, "time_epoch": 1.86211, "eta": 33.13931, "eta_hours": 0.00921, "loss": 0.69238197, "lr": 7.784e-05, "params": 5401, "time_iter": 0.049, "accuracy": 0.52, "precision": 0.52, "recall": 1.0, "f1": 0.68421, "auc": 0.39503}
{"epoch": 83, "time_epoch": 1.83665, "eta": 31.16847, "eta_hours": 0.00866, "loss": 0.69236466, "lr": 6.963e-05, "params": 5401, "time_iter": 0.04833, "accuracy": 0.52, "precision": 0.52, "recall": 1.0, "f1": 0.68421, "auc": 0.43429}
{"epoch": 84, "time_epoch": 1.89259, "eta": 29.21066, "eta_hours": 0.00811, "loss": 0.69237106, "lr": 6.185e-05, "params": 5401, "time_iter": 0.0498, "accuracy": 0.52, "precision": 0.52, "recall": 1.0, "f1": 0.68421, "auc": 0.38515}
{"epoch": 85, "time_epoch": 1.83725, "eta": 27.24535, "eta_hours": 0.00757, "loss": 0.69246365, "lr": 5.45e-05, "params": 5401, "time_iter": 0.04835, "accuracy": 0.52, "precision": 0.52, "recall": 1.0, "f1": 0.68421, "auc": 0.35354}
{"epoch": 86, "time_epoch": 1.88625, "eta": 25.29031, "eta_hours": 0.00703, "loss": 0.69237728, "lr": 4.759e-05, "params": 5401, "time_iter": 0.04964, "accuracy": 0.52, "precision": 0.52, "recall": 1.0, "f1": 0.68421, "auc": 0.41987}
{"epoch": 87, "time_epoch": 1.7676, "eta": 23.32066, "eta_hours": 0.00648, "loss": 0.69237285, "lr": 4.112e-05, "params": 5401, "time_iter": 0.04652, "accuracy": 0.52, "precision": 0.52, "recall": 1.0, "f1": 0.68421, "auc": 0.3945}
{"epoch": 88, "time_epoch": 1.87605, "eta": 21.36895, "eta_hours": 0.00594, "loss": 0.6923949, "lr": 3.511e-05, "params": 5401, "time_iter": 0.04937, "accuracy": 0.52, "precision": 0.52, "recall": 1.0, "f1": 0.68421, "auc": 0.3726}
{"epoch": 89, "time_epoch": 1.81343, "eta": 19.41196, "eta_hours": 0.00539, "loss": 0.69238348, "lr": 2.956e-05, "params": 5401, "time_iter": 0.04772, "accuracy": 0.52, "precision": 0.52, "recall": 1.0, "f1": 0.68421, "auc": 0.39307}
{"epoch": 90, "time_epoch": 1.847, "eta": 17.46145, "eta_hours": 0.00485, "loss": 0.69236389, "lr": 2.447e-05, "params": 5401, "time_iter": 0.04861, "accuracy": 0.52, "precision": 0.52, "recall": 1.0, "f1": 0.68421, "auc": 0.43981}
{"epoch": 91, "time_epoch": 1.85964, "eta": 15.51428, "eta_hours": 0.00431, "loss": 0.69235546, "lr": 1.985e-05, "params": 5401, "time_iter": 0.04894, "accuracy": 0.52, "precision": 0.52, "recall": 1.0, "f1": 0.68421, "auc": 0.46786}
{"epoch": 92, "time_epoch": 1.78369, "eta": 13.56329, "eta_hours": 0.00377, "loss": 0.69236446, "lr": 1.571e-05, "params": 5401, "time_iter": 0.04694, "accuracy": 0.52, "precision": 0.52, "recall": 1.0, "f1": 0.68421, "auc": 0.43162}
{"epoch": 93, "time_epoch": 1.87338, "eta": 11.62157, "eta_hours": 0.00323, "loss": 0.69237472, "lr": 1.204e-05, "params": 5401, "time_iter": 0.0493, "accuracy": 0.52, "precision": 0.52, "recall": 1.0, "f1": 0.68421, "auc": 0.37723}
{"epoch": 94, "time_epoch": 1.84923, "eta": 9.68003, "eta_hours": 0.00269, "loss": 0.69236411, "lr": 8.86e-06, "params": 5401, "time_iter": 0.04866, "accuracy": 0.52, "precision": 0.52, "recall": 1.0, "f1": 0.68421, "auc": 0.39485}
{"epoch": 95, "time_epoch": 1.85536, "eta": 7.74066, "eta_hours": 0.00215, "loss": 0.6923508, "lr": 6.16e-06, "params": 5401, "time_iter": 0.04883, "accuracy": 0.52, "precision": 0.52, "recall": 1.0, "f1": 0.68421, "auc": 0.4667}
{"epoch": 96, "time_epoch": 1.83521, "eta": 5.80241, "eta_hours": 0.00161, "loss": 0.69234595, "lr": 3.94e-06, "params": 5401, "time_iter": 0.0483, "accuracy": 0.52, "precision": 0.52, "recall": 1.0, "f1": 0.68421, "auc": 0.52092}
{"epoch": 97, "time_epoch": 1.84532, "eta": 3.86646, "eta_hours": 0.00107, "loss": 0.69235037, "lr": 2.22e-06, "params": 5401, "time_iter": 0.04856, "accuracy": 0.52, "precision": 0.52, "recall": 1.0, "f1": 0.68421, "auc": 0.48406}
{"epoch": 98, "time_epoch": 1.85868, "eta": 1.93248, "eta_hours": 0.00054, "loss": 0.69235242, "lr": 9.9e-07, "params": 5401, "time_iter": 0.04891, "accuracy": 0.52, "precision": 0.52, "recall": 1.0, "f1": 0.68421, "auc": 0.44596}
{"epoch": 99, "time_epoch": 1.81324, "eta": 0.0, "eta_hours": 0.0, "loss": 0.69235438, "lr": 2.5e-07, "params": 5401, "time_iter": 0.04772, "accuracy": 0.52, "precision": 0.52, "recall": 1.0, "f1": 0.68421, "auc": 0.44587}
