{"epoch": 0, "time_epoch": 28.87604, "eta": 2858.72796, "eta_hours": 0.79409, "loss": 0.69284743, "lr": 0.001, "params": 3845, "time_iter": 2.8876, "accuracy": 0.52, "precision": 0.52, "recall": 1.0, "f1": 0.68421, "auc": 0.44907}
{"epoch": 1, "time_epoch": 28.80379, "eta": 2826.31177, "eta_hours": 0.78509, "loss": 0.69284806, "lr": 0.00099975, "params": 3845, "time_iter": 2.88038, "accuracy": 0.52, "precision": 0.52, "recall": 1.0, "f1": 0.68421, "auc": 0.44302}
{"epoch": 2, "time_epoch": 28.66701, "eta": 2791.8813, "eta_hours": 0.77552, "loss": 0.69242968, "lr": 0.00099901, "params": 3845, "time_iter": 2.8667, "accuracy": 0.52, "precision": 0.52, "recall": 1.0, "f1": 0.68421, "auc": 0.48762}
{"epoch": 3, "time_epoch": 28.7929, "eta": 2763.35377, "eta_hours": 0.7676, "loss": 0.69255858, "lr": 0.00099778, "params": 3845, "time_iter": 2.87929, "accuracy": 0.52, "precision": 0.52, "recall": 1.0, "f1": 0.68421, "auc": 0.4416}
{"epoch": 4, "time_epoch": 28.95529, "eta": 2737.80557, "eta_hours": 0.7605, "loss": 0.69248137, "lr": 0.00099606, "params": 3845, "time_iter": 2.89553, "accuracy": 0.52, "precision": 0.52, "recall": 1.0, "f1": 0.68421, "auc": 0.45798}
{"epoch": 5, "time_epoch": 28.8501, "eta": 2709.47363, "eta_hours": 0.75263, "loss": 0.69329981, "lr": 0.00099384, "params": 3845, "time_iter": 2.88501, "accuracy": 0.52, "precision": 0.52, "recall": 1.0, "f1": 0.68421, "auc": 0.44079}
{"epoch": 6, "time_epoch": 28.71573, "eta": 2679.20851, "eta_hours": 0.74422, "loss": 0.69248729, "lr": 0.00099114, "params": 3845, "time_iter": 2.87157, "accuracy": 0.52, "precision": 0.52, "recall": 1.0, "f1": 0.68421, "auc": 0.51291}
{"epoch": 7, "time_epoch": 28.63738, "eta": 2648.42974, "eta_hours": 0.73567, "loss": 0.69209031, "lr": 0.00098796, "params": 3845, "time_iter": 2.86374, "accuracy": 0.52, "precision": 0.52, "recall": 1.0, "f1": 0.68421, "auc": 0.56384}
{"epoch": 8, "time_epoch": 28.67444, "eta": 2618.50148, "eta_hours": 0.72736, "loss": 0.69264016, "lr": 0.00098429, "params": 3845, "time_iter": 2.86744, "accuracy": 0.52, "precision": 0.52, "recall": 1.0, "f1": 0.68421, "auc": 0.48718}
{"epoch": 9, "time_epoch": 28.83154, "eta": 2590.23789, "eta_hours": 0.71951, "loss": 0.69258909, "lr": 0.00098015, "params": 3845, "time_iter": 2.88315, "accuracy": 0.52, "precision": 0.52, "recall": 1.0, "f1": 0.68421, "auc": 0.45691}
{"epoch": 10, "time_epoch": 29.01681, "eta": 2563.37005, "eta_hours": 0.71205, "loss": 0.69295852, "lr": 0.00097553, "params": 3845, "time_iter": 2.90168, "accuracy": 0.52, "precision": 0.52, "recall": 1.0, "f1": 0.68421, "auc": 0.42655}
{"epoch": 11, "time_epoch": 28.58727, "eta": 2532.99412, "eta_hours": 0.70361, "loss": 0.69252642, "lr": 0.00097044, "params": 3845, "time_iter": 2.85873, "accuracy": 0.52, "precision": 0.52, "recall": 1.0, "f1": 0.68421, "auc": 0.42343}
{"epoch": 12, "time_epoch": 29.11717, "eta": 2506.43961, "eta_hours": 0.69623, "loss": 0.69246521, "lr": 0.00096489, "params": 3845, "time_iter": 2.91172, "accuracy": 0.52, "precision": 0.52, "recall": 1.0, "f1": 0.68421, "auc": 0.39655}
{"epoch": 13, "time_epoch": 28.88369, "eta": 2478.0848, "eta_hours": 0.68836, "loss": 0.69261494, "lr": 0.00095888, "params": 3845, "time_iter": 2.88837, "accuracy": 0.52, "precision": 0.52, "recall": 1.0, "f1": 0.68421, "auc": 0.45406}
{"epoch": 14, "time_epoch": 28.83878, "eta": 2449.40495, "eta_hours": 0.68039, "loss": 0.6923211, "lr": 0.00095241, "params": 3845, "time_iter": 2.88388, "accuracy": 0.52, "precision": 0.52, "recall": 1.0, "f1": 0.68421, "auc": 0.5235}
{"epoch": 15, "time_epoch": 28.80793, "eta": 2420.54326, "eta_hours": 0.67237, "loss": 0.69250828, "lr": 0.0009455, "params": 3845, "time_iter": 2.88079, "accuracy": 0.52, "precision": 0.52, "recall": 1.0, "f1": 0.68421, "auc": 0.44071}
{"epoch": 16, "time_epoch": 30.25907, "eta": 2398.7729, "eta_hours": 0.66633, "loss": 0.69257481, "lr": 0.00093815, "params": 3845, "time_iter": 3.02591, "accuracy": 0.52, "precision": 0.52, "recall": 1.0, "f1": 0.68421, "auc": 0.46492}
{"epoch": 17, "time_epoch": 29.48652, "eta": 2372.53992, "eta_hours": 0.65904, "loss": 0.6924741, "lr": 0.00093037, "params": 3845, "time_iter": 2.94865, "accuracy": 0.52, "precision": 0.52, "recall": 1.0, "f1": 0.68421, "auc": 0.48771}
{"epoch": 18, "time_epoch": 28.80153, "eta": 2343.04429, "eta_hours": 0.65085, "loss": 0.69227519, "lr": 0.00092216, "params": 3845, "time_iter": 2.88015, "accuracy": 0.52, "precision": 0.52, "recall": 1.0, "f1": 0.68421, "auc": 0.5276}
{"epoch": 19, "time_epoch": 28.61572, "eta": 2312.87478, "eta_hours": 0.64247, "loss": 0.69249943, "lr": 0.00091354, "params": 3845, "time_iter": 2.86157, "accuracy": 0.52, "precision": 0.52, "recall": 1.0, "f1": 0.68421, "auc": 0.50125}
{"epoch": 20, "time_epoch": 33.10504, "eta": 2299.74166, "eta_hours": 0.63882, "loss": 0.69255909, "lr": 0.00090451, "params": 3845, "time_iter": 3.3105, "accuracy": 0.52, "precision": 0.52, "recall": 1.0, "f1": 0.68421, "auc": 0.41587}
{"epoch": 21, "time_epoch": 21.72661, "eta": 2244.45121, "eta_hours": 0.62346, "loss": 0.69265758, "lr": 0.00089508, "params": 3845, "time_iter": 2.17266, "accuracy": 0.52, "precision": 0.52, "recall": 1.0, "f1": 0.68421, "auc": 0.4724}
{"epoch": 22, "time_epoch": 28.38432, "eta": 2214.36821, "eta_hours": 0.6151, "loss": 0.69243195, "lr": 0.00088526, "params": 3845, "time_iter": 2.83843, "accuracy": 0.52, "precision": 0.52, "recall": 1.0, "f1": 0.68421, "auc": 0.51531}
{"epoch": 23, "time_epoch": 21.62735, "eta": 2163.0297, "eta_hours": 0.60084, "loss": 0.69248592, "lr": 0.00087506, "params": 3845, "time_iter": 2.16273, "accuracy": 0.52, "precision": 0.52, "recall": 1.0, "f1": 0.68421, "auc": 0.46955}
{"epoch": 24, "time_epoch": 21.47035, "eta": 2113.59707, "eta_hours": 0.58711, "loss": 0.69246435, "lr": 0.00086448, "params": 3845, "time_iter": 2.14703, "accuracy": 0.52, "precision": 0.52, "recall": 1.0, "f1": 0.68421, "auc": 0.49608}
{"epoch": 25, "time_epoch": 21.99957, "eta": 2067.82164, "eta_hours": 0.57439, "loss": 0.69253749, "lr": 0.00085355, "params": 3845, "time_iter": 2.19996, "accuracy": 0.52, "precision": 0.52, "recall": 1.0, "f1": 0.68421, "auc": 0.36093}
{"epoch": 26, "time_epoch": 28.74716, "eta": 2042.05086, "eta_hours": 0.56724, "loss": 0.69254444, "lr": 0.00084227, "params": 3845, "time_iter": 2.87472, "accuracy": 0.52, "precision": 0.52, "recall": 1.0, "f1": 0.68421, "auc": 0.38141}
{"epoch": 27, "time_epoch": 28.88998, "eta": 2016.43474, "eta_hours": 0.56012, "loss": 0.6924871, "lr": 0.00083066, "params": 3845, "time_iter": 2.889, "accuracy": 0.52, "precision": 0.52, "recall": 1.0, "f1": 0.68421, "auc": 0.40037}
{"epoch": 28, "time_epoch": 29.08414, "eta": 1991.0682, "eta_hours": 0.55307, "loss": 0.6923975, "lr": 0.00081871, "params": 3845, "time_iter": 2.90841, "accuracy": 0.52, "precision": 0.52, "recall": 1.0, "f1": 0.68421, "auc": 0.43554}
{"epoch": 29, "time_epoch": 30.36128, "eta": 1968.4338, "eta_hours": 0.54679, "loss": 0.69246343, "lr": 0.00080645, "params": 3845, "time_iter": 3.03613, "accuracy": 0.52, "precision": 0.52, "recall": 1.0, "f1": 0.68421, "auc": 0.46759}
{"epoch": 30, "time_epoch": 28.87849, "eta": 1942.0005, "eta_hours": 0.53944, "loss": 0.69252437, "lr": 0.00079389, "params": 3845, "time_iter": 2.88785, "accuracy": 0.52, "precision": 0.52, "recall": 1.0, "f1": 0.68421, "auc": 0.44587}
{"epoch": 31, "time_epoch": 28.67083, "eta": 1914.97309, "eta_hours": 0.53194, "loss": 0.69237131, "lr": 0.00078104, "params": 3845, "time_iter": 2.86708, "accuracy": 0.52, "precision": 0.52, "recall": 1.0, "f1": 0.68421, "auc": 0.45148}
{"epoch": 32, "time_epoch": 28.81079, "eta": 1888.13024, "eta_hours": 0.52448, "loss": 0.69250541, "lr": 0.00076791, "params": 3845, "time_iter": 2.88108, "accuracy": 0.52, "precision": 0.52, "recall": 1.0, "f1": 0.68421, "auc": 0.47169}
{"epoch": 33, "time_epoch": 28.70119, "eta": 1860.95888, "eta_hours": 0.51693, "loss": 0.69243089, "lr": 0.00075452, "params": 3845, "time_iter": 2.87012, "accuracy": 0.52, "precision": 0.52, "recall": 1.0, "f1": 0.68421, "auc": 0.44694}
{"epoch": 34, "time_epoch": 28.92856, "eta": 1834.12235, "eta_hours": 0.50948, "loss": 0.69242845, "lr": 0.00074088, "params": 3845, "time_iter": 2.89286, "accuracy": 0.52, "precision": 0.52, "recall": 1.0, "f1": 0.68421, "auc": 0.45228}
{"epoch": 35, "time_epoch": 28.78045, "eta": 1806.90631, "eta_hours": 0.50192, "loss": 0.69237198, "lr": 0.000727, "params": 3845, "time_iter": 2.87805, "accuracy": 0.52, "precision": 0.52, "recall": 1.0, "f1": 0.68421, "auc": 0.50801}
{"epoch": 36, "time_epoch": 30.33523, "eta": 1782.25302, "eta_hours": 0.49507, "loss": 0.69247967, "lr": 0.00071289, "params": 3845, "time_iter": 3.03352, "accuracy": 0.52, "precision": 0.52, "recall": 1.0, "f1": 0.68421, "auc": 0.45406}
{"epoch": 37, "time_epoch": 29.06658, "eta": 1755.23078, "eta_hours": 0.48756, "loss": 0.69237418, "lr": 0.00069857, "params": 3845, "time_iter": 2.90666, "accuracy": 0.52, "precision": 0.52, "recall": 1.0, "f1": 0.68421, "auc": 0.44079}
{"epoch": 38, "time_epoch": 28.87189, "eta": 1727.79919, "eta_hours": 0.47994, "loss": 0.69235852, "lr": 0.00068406, "params": 3845, "time_iter": 2.88719, "accuracy": 0.52, "precision": 0.52, "recall": 1.0, "f1": 0.68421, "auc": 0.48113}
{"epoch": 39, "time_epoch": 28.7893, "eta": 1700.1717, "eta_hours": 0.47227, "loss": 0.69235977, "lr": 0.00066937, "params": 3845, "time_iter": 2.87893, "accuracy": 0.52, "precision": 0.52, "recall": 1.0, "f1": 0.68421, "auc": 0.48754}
{"epoch": 40, "time_epoch": 28.68209, "eta": 1672.33326, "eta_hours": 0.46454, "loss": 0.69264909, "lr": 0.00065451, "params": 3845, "time_iter": 2.86821, "accuracy": 0.52, "precision": 0.52, "recall": 1.0, "f1": 0.68421, "auc": 0.35693}
{"epoch": 41, "time_epoch": 28.63215, "eta": 1644.38568, "eta_hours": 0.45677, "loss": 0.6924487, "lr": 0.0006395, "params": 3845, "time_iter": 2.86321, "accuracy": 0.52, "precision": 0.52, "recall": 1.0, "f1": 0.68421, "auc": 0.44142}
{"epoch": 42, "time_epoch": 28.69488, "eta": 1616.48941, "eta_hours": 0.44902, "loss": 0.69260899, "lr": 0.00062434, "params": 3845, "time_iter": 2.86949, "accuracy": 0.52, "precision": 0.52, "recall": 1.0, "f1": 0.68421, "auc": 0.40278}
{"epoch": 43, "time_epoch": 28.70865, "eta": 1588.57437, "eta_hours": 0.44127, "loss": 0.69241081, "lr": 0.00060907, "params": 3845, "time_iter": 2.87087, "accuracy": 0.52, "precision": 0.52, "recall": 1.0, "f1": 0.68421, "auc": 0.44801}
{"epoch": 44, "time_epoch": 28.80543, "eta": 1560.74233, "eta_hours": 0.43354, "loss": 0.69241124, "lr": 0.00059369, "params": 3845, "time_iter": 2.88054, "accuracy": 0.52, "precision": 0.52, "recall": 1.0, "f1": 0.68421, "auc": 0.40189}
{"epoch": 45, "time_epoch": 28.68818, "eta": 1532.73035, "eta_hours": 0.42576, "loss": 0.69237396, "lr": 0.00057822, "params": 3845, "time_iter": 2.86882, "accuracy": 0.52, "precision": 0.52, "recall": 1.0, "f1": 0.68421, "auc": 0.47044}
{"epoch": 46, "time_epoch": 28.70251, "eta": 1504.70574, "eta_hours": 0.41797, "loss": 0.69258003, "lr": 0.00056267, "params": 3845, "time_iter": 2.87025, "accuracy": 0.52, "precision": 0.52, "recall": 1.0, "f1": 0.68421, "auc": 0.41987}
{"epoch": 47, "time_epoch": 28.58419, "eta": 1476.52471, "eta_hours": 0.41015, "loss": 0.69229596, "lr": 0.00054705, "params": 3845, "time_iter": 2.85842, "accuracy": 0.52, "precision": 0.52, "recall": 1.0, "f1": 0.68421, "auc": 0.54808}
{"epoch": 48, "time_epoch": 30.23105, "eta": 1450.0413, "eta_hours": 0.40279, "loss": 0.69248535, "lr": 0.0005314, "params": 3845, "time_iter": 3.02311, "accuracy": 0.52, "precision": 0.52, "recall": 1.0, "f1": 0.68421, "auc": 0.46047}
{"epoch": 49, "time_epoch": 28.71319, "eta": 1421.89012, "eta_hours": 0.39497, "loss": 0.69241028, "lr": 0.00051571, "params": 3845, "time_iter": 2.87132, "accuracy": 0.52, "precision": 0.52, "recall": 1.0, "f1": 0.68421, "auc": 0.36298}
{"epoch": 50, "time_epoch": 29.04817, "eta": 1394.03875, "eta_hours": 0.38723, "loss": 0.69250876, "lr": 0.0005, "params": 3845, "time_iter": 2.90482, "accuracy": 0.52, "precision": 0.52, "recall": 1.0, "f1": 0.68421, "auc": 0.39922}
{"epoch": 51, "time_epoch": 28.69322, "eta": 1365.8137, "eta_hours": 0.37939, "loss": 0.69242663, "lr": 0.00048429, "params": 3845, "time_iter": 2.86932, "accuracy": 0.52, "precision": 0.52, "recall": 1.0, "f1": 0.68421, "auc": 0.41168}
{"epoch": 52, "time_epoch": 28.69018, "eta": 1337.56829, "eta_hours": 0.37155, "loss": 0.69241659, "lr": 0.0004686, "params": 3845, "time_iter": 2.86902, "accuracy": 0.52, "precision": 0.52, "recall": 1.0, "f1": 0.68421, "auc": 0.47044}
{"epoch": 53, "time_epoch": 28.52516, "eta": 1309.16583, "eta_hours": 0.36366, "loss": 0.69238944, "lr": 0.00045295, "params": 3845, "time_iter": 2.85252, "accuracy": 0.52, "precision": 0.52, "recall": 1.0, "f1": 0.68421, "auc": 0.44213}
{"epoch": 54, "time_epoch": 28.85657, "eta": 1281.03007, "eta_hours": 0.35584, "loss": 0.69239647, "lr": 0.00043733, "params": 3845, "time_iter": 2.88566, "accuracy": 0.52, "precision": 0.52, "recall": 1.0, "f1": 0.68421, "auc": 0.39557}
{"epoch": 55, "time_epoch": 29.84429, "eta": 1253.64463, "eta_hours": 0.34823, "loss": 0.69238179, "lr": 0.00042178, "params": 3845, "time_iter": 2.98443, "accuracy": 0.52, "precision": 0.52, "recall": 1.0, "f1": 0.68421, "auc": 0.44311}
{"epoch": 56, "time_epoch": 28.65742, "eta": 1225.27755, "eta_hours": 0.34035, "loss": 0.69237725, "lr": 0.00040631, "params": 3845, "time_iter": 2.86574, "accuracy": 0.52, "precision": 0.52, "recall": 1.0, "f1": 0.68421, "auc": 0.46109}
{"epoch": 57, "time_epoch": 28.59262, "eta": 1196.85354, "eta_hours": 0.33246, "loss": 0.69240419, "lr": 0.00039093, "params": 3845, "time_iter": 2.85926, "accuracy": 0.52, "precision": 0.52, "recall": 1.0, "f1": 0.68421, "auc": 0.44542}
{"epoch": 58, "time_epoch": 28.78155, "eta": 1168.55511, "eta_hours": 0.3246, "loss": 0.69243274, "lr": 0.00037566, "params": 3845, "time_iter": 2.87815, "accuracy": 0.52, "precision": 0.52, "recall": 1.0, "f1": 0.68421, "auc": 0.42272}
{"epoch": 59, "time_epoch": 28.47064, "eta": 1140.03329, "eta_hours": 0.31668, "loss": 0.69238157, "lr": 0.0003605, "params": 3845, "time_iter": 2.84706, "accuracy": 0.52, "precision": 0.52, "recall": 1.0, "f1": 0.68421, "auc": 0.45575}
{"epoch": 60, "time_epoch": 28.72644, "eta": 1111.6767, "eta_hours": 0.3088, "loss": 0.69238737, "lr": 0.00034549, "params": 3845, "time_iter": 2.87264, "accuracy": 0.52, "precision": 0.52, "recall": 1.0, "f1": 0.68421, "auc": 0.44996}
{"epoch": 61, "time_epoch": 28.69707, "eta": 1083.29018, "eta_hours": 0.30091, "loss": 0.69239806, "lr": 0.00033063, "params": 3845, "time_iter": 2.86971, "accuracy": 0.52, "precision": 0.52, "recall": 1.0, "f1": 0.68421, "auc": 0.43323}
{"epoch": 62, "time_epoch": 28.52699, "eta": 1054.79391, "eta_hours": 0.293, "loss": 0.69245498, "lr": 0.00031594, "params": 3845, "time_iter": 2.8527, "accuracy": 0.52, "precision": 0.52, "recall": 1.0, "f1": 0.68421, "auc": 0.43608}
{"epoch": 63, "time_epoch": 28.59721, "eta": 1026.33618, "eta_hours": 0.28509, "loss": 0.69236244, "lr": 0.00030143, "params": 3845, "time_iter": 2.85972, "accuracy": 0.52, "precision": 0.52, "recall": 1.0, "f1": 0.68421, "auc": 0.4326}
{"epoch": 64, "time_epoch": 28.68983, "eta": 997.92403, "eta_hours": 0.2772, "loss": 0.69242811, "lr": 0.00028711, "params": 3845, "time_iter": 2.86898, "accuracy": 0.52, "precision": 0.52, "recall": 1.0, "f1": 0.68421, "auc": 0.4334}
{"epoch": 65, "time_epoch": 28.59755, "eta": 969.45593, "eta_hours": 0.26929, "loss": 0.69232781, "lr": 0.000273, "params": 3845, "time_iter": 2.85975, "accuracy": 0.52, "precision": 0.52, "recall": 1.0, "f1": 0.68421, "auc": 0.5219}
{"epoch": 66, "time_epoch": 28.72142, "eta": 941.04497, "eta_hours": 0.2614, "loss": 0.6923359, "lr": 0.00025912, "params": 3845, "time_iter": 2.87214, "accuracy": 0.52, "precision": 0.52, "recall": 1.0, "f1": 0.68421, "auc": 0.49466}
{"epoch": 67, "time_epoch": 30.01925, "eta": 913.23562, "eta_hours": 0.25368, "loss": 0.69239944, "lr": 0.00024548, "params": 3845, "time_iter": 3.00192, "accuracy": 0.52, "precision": 0.52, "recall": 1.0, "f1": 0.68421, "auc": 0.44569}
{"epoch": 68, "time_epoch": 28.78603, "eta": 884.80817, "eta_hours": 0.24578, "loss": 0.692406, "lr": 0.00023209, "params": 3845, "time_iter": 2.8786, "accuracy": 0.52, "precision": 0.52, "recall": 1.0, "f1": 0.68421, "auc": 0.44836}
{"epoch": 69, "time_epoch": 28.50098, "eta": 856.2483, "eta_hours": 0.23785, "loss": 0.6924337, "lr": 0.00021896, "params": 3845, "time_iter": 2.8501, "accuracy": 0.52, "precision": 0.52, "recall": 1.0, "f1": 0.68421, "auc": 0.41809}
{"epoch": 70, "time_epoch": 28.6838, "eta": 827.76477, "eta_hours": 0.22993, "loss": 0.69236744, "lr": 0.00020611, "params": 3845, "time_iter": 2.86838, "accuracy": 0.52, "precision": 0.52, "recall": 1.0, "f1": 0.68421, "auc": 0.43572}
{"epoch": 71, "time_epoch": 28.63993, "eta": 799.25862, "eta_hours": 0.22202, "loss": 0.69237799, "lr": 0.00019355, "params": 3845, "time_iter": 2.86399, "accuracy": 0.52, "precision": 0.52, "recall": 1.0, "f1": 0.68421, "auc": 0.4521}
{"epoch": 72, "time_epoch": 28.81594, "eta": 770.8139, "eta_hours": 0.21411, "loss": 0.69241279, "lr": 0.00018129, "params": 3845, "time_iter": 2.88159, "accuracy": 0.52, "precision": 0.52, "recall": 1.0, "f1": 0.68421, "auc": 0.37838}
{"epoch": 73, "time_epoch": 28.85864, "eta": 742.37415, "eta_hours": 0.20622, "loss": 0.69238816, "lr": 0.00016934, "params": 3845, "time_iter": 2.88586, "accuracy": 0.52, "precision": 0.52, "recall": 1.0, "f1": 0.68421, "auc": 0.43153}
{"epoch": 74, "time_epoch": 30.24467, "eta": 714.38523, "eta_hours": 0.19844, "loss": 0.69237382, "lr": 0.00015773, "params": 3845, "time_iter": 3.02447, "accuracy": 0.52, "precision": 0.52, "recall": 1.0, "f1": 0.68421, "auc": 0.46563}
{"epoch": 75, "time_epoch": 29.10881, "eta": 685.97827, "eta_hours": 0.19055, "loss": 0.69240146, "lr": 0.00014645, "params": 3845, "time_iter": 2.91088, "accuracy": 0.52, "precision": 0.52, "recall": 1.0, "f1": 0.68421, "auc": 0.39619}
{"epoch": 76, "time_epoch": 29.71734, "eta": 657.73484, "eta_hours": 0.1827, "loss": 0.69236791, "lr": 0.00013552, "params": 3845, "time_iter": 2.97173, "accuracy": 0.52, "precision": 0.52, "recall": 1.0, "f1": 0.68421, "auc": 0.46839}
{"epoch": 77, "time_epoch": 22.00918, "eta": 627.27952, "eta_hours": 0.17424, "loss": 0.69236605, "lr": 0.00012494, "params": 3845, "time_iter": 2.20092, "accuracy": 0.52, "precision": 0.52, "recall": 1.0, "f1": 0.68421, "auc": 0.42797}
{"epoch": 78, "time_epoch": 24.17439, "eta": 597.6136, "eta_hours": 0.166, "loss": 0.69234361, "lr": 0.00011474, "params": 3845, "time_iter": 2.41744, "accuracy": 0.52, "precision": 0.52, "recall": 1.0, "f1": 0.68421, "auc": 0.50855}
{"epoch": 79, "time_epoch": 24.6775, "eta": 568.21073, "eta_hours": 0.15784, "loss": 0.69234958, "lr": 0.00010492, "params": 3845, "time_iter": 2.46775, "accuracy": 0.52, "precision": 0.52, "recall": 1.0, "f1": 0.68421, "auc": 0.50062}
{"epoch": 80, "time_epoch": 25.92201, "eta": 539.21647, "eta_hours": 0.14978, "loss": 0.69236638, "lr": 9.549e-05, "params": 3845, "time_iter": 2.5922, "accuracy": 0.52, "precision": 0.52, "recall": 1.0, "f1": 0.68421, "auc": 0.42468}
{"epoch": 81, "time_epoch": 23.58979, "eta": 509.78519, "eta_hours": 0.14161, "loss": 0.69233514, "lr": 8.646e-05, "params": 3845, "time_iter": 2.35898, "accuracy": 0.52, "precision": 0.52, "recall": 1.0, "f1": 0.68421, "auc": 0.56909}
{"epoch": 82, "time_epoch": 23.97876, "eta": 480.57433, "eta_hours": 0.13349, "loss": 0.69235294, "lr": 7.784e-05, "params": 3845, "time_iter": 2.39788, "accuracy": 0.52, "precision": 0.52, "recall": 1.0, "f1": 0.68421, "auc": 0.48228}
{"epoch": 83, "time_epoch": 23.93576, "eta": 451.47986, "eta_hours": 0.12541, "loss": 0.69241576, "lr": 6.963e-05, "params": 3845, "time_iter": 2.39358, "accuracy": 0.52, "precision": 0.52, "recall": 1.0, "f1": 0.68421, "auc": 0.38194}
{"epoch": 84, "time_epoch": 22.90523, "eta": 422.32491, "eta_hours": 0.11731, "loss": 0.69241007, "lr": 6.185e-05, "params": 3845, "time_iter": 2.29052, "accuracy": 0.52, "precision": 0.52, "recall": 1.0, "f1": 0.68421, "auc": 0.39076}
{"epoch": 85, "time_epoch": 23.02392, "eta": 393.33462, "eta_hours": 0.10926, "loss": 0.69235689, "lr": 5.45e-05, "params": 3845, "time_iter": 2.30239, "accuracy": 0.52, "precision": 0.52, "recall": 1.0, "f1": 0.68421, "auc": 0.46822}
{"epoch": 86, "time_epoch": 22.84643, "eta": 364.45497, "eta_hours": 0.10124, "loss": 0.6923618, "lr": 4.759e-05, "params": 3845, "time_iter": 2.28464, "accuracy": 0.52, "precision": 0.52, "recall": 1.0, "f1": 0.68421, "auc": 0.45085}
{"epoch": 87, "time_epoch": 24.9559, "eta": 336.0001, "eta_hours": 0.09333, "loss": 0.69235243, "lr": 4.112e-05, "params": 3845, "time_iter": 2.49559, "accuracy": 0.52, "precision": 0.52, "recall": 1.0, "f1": 0.68421, "auc": 0.48673}
{"epoch": 88, "time_epoch": 24.319, "eta": 307.54513, "eta_hours": 0.08543, "loss": 0.69235213, "lr": 3.511e-05, "params": 3845, "time_iter": 2.4319, "accuracy": 0.52, "precision": 0.52, "recall": 1.0, "f1": 0.68421, "auc": 0.48807}
{"epoch": 89, "time_epoch": 22.79971, "eta": 279.01327, "eta_hours": 0.0775, "loss": 0.69233742, "lr": 2.956e-05, "params": 3845, "time_iter": 2.27997, "accuracy": 0.52, "precision": 0.52, "recall": 1.0, "f1": 0.68421, "auc": 0.54879}
{"epoch": 90, "time_epoch": 23.2357, "eta": 250.65051, "eta_hours": 0.06963, "loss": 0.69236497, "lr": 2.447e-05, "params": 3845, "time_iter": 2.32357, "accuracy": 0.52, "precision": 0.52, "recall": 1.0, "f1": 0.68421, "auc": 0.42236}
{"epoch": 91, "time_epoch": 22.92948, "eta": 222.37258, "eta_hours": 0.06177, "loss": 0.69235113, "lr": 1.985e-05, "params": 3845, "time_iter": 2.29295, "accuracy": 0.52, "precision": 0.52, "recall": 1.0, "f1": 0.68421, "auc": 0.48317}
{"epoch": 92, "time_epoch": 22.73763, "eta": 194.19522, "eta_hours": 0.05394, "loss": 0.6923543, "lr": 1.571e-05, "params": 3845, "time_iter": 2.27376, "accuracy": 0.52, "precision": 0.52, "recall": 1.0, "f1": 0.68421, "auc": 0.50125}
{"epoch": 93, "time_epoch": 22.98951, "eta": 166.14969, "eta_hours": 0.04615, "loss": 0.69235073, "lr": 1.204e-05, "params": 3845, "time_iter": 2.29895, "accuracy": 0.52, "precision": 0.52, "recall": 1.0, "f1": 0.68421, "auc": 0.49982}
{"epoch": 94, "time_epoch": 22.7435, "eta": 138.19764, "eta_hours": 0.03839, "loss": 0.69234002, "lr": 8.86e-06, "params": 3845, "time_iter": 2.27435, "accuracy": 0.52, "precision": 0.52, "recall": 1.0, "f1": 0.68421, "auc": 0.52431}
{"epoch": 95, "time_epoch": 22.92934, "eta": 110.36186, "eta_hours": 0.03066, "loss": 0.69234221, "lr": 6.16e-06, "params": 3845, "time_iter": 2.29293, "accuracy": 0.52, "precision": 0.52, "recall": 1.0, "f1": 0.68421, "auc": 0.52662}
{"epoch": 96, "time_epoch": 24.08425, "eta": 82.66295, "eta_hours": 0.02296, "loss": 0.69233952, "lr": 3.94e-06, "params": 3845, "time_iter": 2.40843, "accuracy": 0.52, "precision": 0.52, "recall": 1.0, "f1": 0.68421, "auc": 0.51077}
{"epoch": 97, "time_epoch": 22.8327, "eta": 55.01228, "eta_hours": 0.01528, "loss": 0.69234082, "lr": 2.22e-06, "params": 3845, "time_iter": 2.28327, "accuracy": 0.52, "precision": 0.52, "recall": 1.0, "f1": 0.68421, "auc": 0.52537}
{"epoch": 98, "time_epoch": 22.75606, "eta": 27.45816, "eta_hours": 0.00763, "loss": 0.69232955, "lr": 9.9e-07, "params": 3845, "time_iter": 2.27561, "accuracy": 0.52, "precision": 0.52, "recall": 1.0, "f1": 0.68421, "auc": 0.58137}
{"epoch": 99, "time_epoch": 23.06065, "eta": 0.0, "eta_hours": 0.0, "loss": 0.69235277, "lr": 2.5e-07, "params": 3845, "time_iter": 2.30606, "accuracy": 0.52, "precision": 0.52, "recall": 1.0, "f1": 0.68421, "auc": 0.48442}
