{"epoch": 0, "time_epoch": 19.8161, "eta": 1961.79349, "eta_hours": 0.54494, "loss": 0.68106718, "lr": 0.001, "params": 7591, "time_iter": 0.1348, "accuracy": 0.52211, "precision": 0.45297, "recall": 0.75309, "f1": 0.56569, "auc": 0.6321}
{"epoch": 1, "time_epoch": 6.9442, "eta": 1311.25457, "eta_hours": 0.36424, "loss": 0.62231757, "lr": 0.00099975, "params": 7591, "time_iter": 0.04724, "accuracy": 0.66497, "precision": 0.65972, "recall": 0.39095, "f1": 0.49096, "auc": 0.68925}
{"epoch": 2, "time_epoch": 6.95384, "eta": 1090.0904, "eta_hours": 0.3028, "loss": 0.59886007, "lr": 0.00099901, "params": 7591, "time_iter": 0.04731, "accuracy": 0.69558, "precision": 0.72222, "recall": 0.42798, "f1": 0.53747, "auc": 0.72244}
{"epoch": 3, "time_epoch": 6.64702, "eta": 968.66766, "eta_hours": 0.26907, "loss": 0.58184305, "lr": 0.00099778, "params": 7591, "time_iter": 0.04522, "accuracy": 0.72279, "precision": 0.72727, "recall": 0.52675, "f1": 0.61098, "auc": 0.76238}
{"epoch": 4, "time_epoch": 6.72916, "eta": 894.71597, "eta_hours": 0.24853, "loss": 0.57289384, "lr": 0.00099606, "params": 7591, "time_iter": 0.04578, "accuracy": 0.72109, "precision": 0.72832, "recall": 0.51852, "f1": 0.60577, "auc": 0.76956}
{"epoch": 5, "time_epoch": 7.01193, "eta": 847.60178, "eta_hours": 0.23544, "loss": 0.56357708, "lr": 0.00099384, "params": 7591, "time_iter": 0.0477, "accuracy": 0.72959, "precision": 0.73077, "recall": 0.54733, "f1": 0.62588, "auc": 0.77376}
{"epoch": 6, "time_epoch": 6.76216, "eta": 808.62709, "eta_hours": 0.22462, "loss": 0.59217257, "lr": 0.00099114, "params": 7591, "time_iter": 0.046, "accuracy": 0.73299, "precision": 0.73626, "recall": 0.55144, "f1": 0.63059, "auc": 0.76463}
{"epoch": 7, "time_epoch": 6.83361, "eta": 778.52718, "eta_hours": 0.21626, "loss": 0.56555424, "lr": 0.00098796, "params": 7591, "time_iter": 0.04649, "accuracy": 0.71429, "precision": 0.71186, "recall": 0.51852, "f1": 0.6, "auc": 0.77214}
{"epoch": 8, "time_epoch": 6.67534, "eta": 751.99724, "eta_hours": 0.20889, "loss": 0.58074755, "lr": 0.00098429, "params": 7591, "time_iter": 0.04541, "accuracy": 0.73129, "precision": 0.72021, "recall": 0.57202, "f1": 0.63761, "auc": 0.76668}
{"epoch": 9, "time_epoch": 6.6339, "eta": 729.06529, "eta_hours": 0.20252, "loss": 0.60201692, "lr": 0.00098015, "params": 7591, "time_iter": 0.04513, "accuracy": 0.73299, "precision": 0.74432, "recall": 0.53909, "f1": 0.6253, "auc": 0.74086}
{"epoch": 10, "time_epoch": 6.75366, "eta": 710.06561, "eta_hours": 0.19724, "loss": 0.55048073, "lr": 0.00097553, "params": 7591, "time_iter": 0.04594, "accuracy": 0.72789, "precision": 0.70854, "recall": 0.58025, "f1": 0.63801, "auc": 0.78807}
{"epoch": 11, "time_epoch": 6.70418, "eta": 692.74405, "eta_hours": 0.19243, "loss": 0.56934815, "lr": 0.00097044, "params": 7591, "time_iter": 0.04561, "accuracy": 0.7432, "precision": 0.76136, "recall": 0.55144, "f1": 0.63962, "auc": 0.77753}
{"epoch": 12, "time_epoch": 6.66157, "eta": 676.77074, "eta_hours": 0.18799, "loss": 0.57738204, "lr": 0.00096489, "params": 7591, "time_iter": 0.04532, "accuracy": 0.7415, "precision": 0.73822, "recall": 0.58025, "f1": 0.64977, "auc": 0.78522}
{"epoch": 13, "time_epoch": 6.66391, "eta": 662.14211, "eta_hours": 0.18393, "loss": 0.55807282, "lr": 0.00095888, "params": 7591, "time_iter": 0.04533, "accuracy": 0.72789, "precision": 0.73714, "recall": 0.53086, "f1": 0.61722, "auc": 0.78003}
{"epoch": 14, "time_epoch": 6.66366, "eta": 648.57401, "eta_hours": 0.18016, "loss": 0.57300461, "lr": 0.00095241, "params": 7591, "time_iter": 0.04533, "accuracy": 0.72619, "precision": 0.70918, "recall": 0.57202, "f1": 0.63326, "auc": 0.77874}
{"epoch": 15, "time_epoch": 6.68291, "eta": 635.97004, "eta_hours": 0.17666, "loss": 0.5476409, "lr": 0.0009455, "params": 7591, "time_iter": 0.04546, "accuracy": 0.7398, "precision": 0.72959, "recall": 0.58848, "f1": 0.65148, "auc": 0.79198}
{"epoch": 16, "time_epoch": 6.68007, "eta": 624.04878, "eta_hours": 0.17335, "loss": 0.55584277, "lr": 0.00093815, "params": 7591, "time_iter": 0.04544, "accuracy": 0.72619, "precision": 0.72527, "recall": 0.54321, "f1": 0.62118, "auc": 0.79627}
{"epoch": 17, "time_epoch": 6.61451, "eta": 612.41121, "eta_hours": 0.17011, "loss": 0.56289536, "lr": 0.00093037, "params": 7591, "time_iter": 0.045, "accuracy": 0.73129, "precision": 0.72973, "recall": 0.55556, "f1": 0.63084, "auc": 0.78216}
{"epoch": 18, "time_epoch": 6.68112, "eta": 601.58633, "eta_hours": 0.16711, "loss": 0.562233, "lr": 0.00092216, "params": 7591, "time_iter": 0.04545, "accuracy": 0.73639, "precision": 0.71782, "recall": 0.59671, "f1": 0.65169, "auc": 0.78212}
{"epoch": 19, "time_epoch": 6.66846, "eta": 591.12521, "eta_hours": 0.1642, "loss": 0.55134413, "lr": 0.00091354, "params": 7591, "time_iter": 0.04536, "accuracy": 0.72449, "precision": 0.70984, "recall": 0.56379, "f1": 0.62844, "auc": 0.78434}
{"epoch": 20, "time_epoch": 6.62068, "eta": 580.84557, "eta_hours": 0.16135, "loss": 0.56021837, "lr": 0.00090451, "params": 7591, "time_iter": 0.04504, "accuracy": 0.7415, "precision": 0.74863, "recall": 0.56379, "f1": 0.64319, "auc": 0.78379}
{"epoch": 21, "time_epoch": 6.62925, "eta": 570.92893, "eta_hours": 0.15859, "loss": 0.55025374, "lr": 0.00089508, "params": 7591, "time_iter": 0.0451, "accuracy": 0.72959, "precision": 0.72105, "recall": 0.56379, "f1": 0.63279, "auc": 0.78542}
{"epoch": 22, "time_epoch": 6.66258, "eta": 561.40973, "eta_hours": 0.15595, "loss": 0.56715518, "lr": 0.00088526, "params": 7591, "time_iter": 0.04532, "accuracy": 0.7466, "precision": 0.75543, "recall": 0.57202, "f1": 0.65105, "auc": 0.77741}
{"epoch": 23, "time_epoch": 6.6532, "eta": 552.09889, "eta_hours": 0.15336, "loss": 0.51934523, "lr": 0.00087506, "params": 7591, "time_iter": 0.04526, "accuracy": 0.77381, "precision": 0.775, "recall": 0.63786, "f1": 0.69977, "auc": 0.81836}
{"epoch": 24, "time_epoch": 6.66065, "eta": 543.02302, "eta_hours": 0.15084, "loss": 0.55780462, "lr": 0.00086448, "params": 7591, "time_iter": 0.04531, "accuracy": 0.7449, "precision": 0.73134, "recall": 0.60494, "f1": 0.66216, "auc": 0.8007}
{"epoch": 25, "time_epoch": 6.6133, "eta": 533.99814, "eta_hours": 0.14833, "loss": 0.5620506, "lr": 0.00085355, "params": 7591, "time_iter": 0.04499, "accuracy": 0.75, "precision": 0.75, "recall": 0.59259, "f1": 0.66207, "auc": 0.79748}
{"epoch": 26, "time_epoch": 6.65747, "eta": 525.27135, "eta_hours": 0.14591, "loss": 0.54884356, "lr": 0.00084227, "params": 7591, "time_iter": 0.04529, "accuracy": 0.7585, "precision": 0.74634, "recall": 0.62963, "f1": 0.68304, "auc": 0.80067}
{"epoch": 27, "time_epoch": 6.65307, "eta": 516.68104, "eta_hours": 0.14352, "loss": 0.56707137, "lr": 0.00083066, "params": 7591, "time_iter": 0.04526, "accuracy": 0.7381, "precision": 0.73545, "recall": 0.57202, "f1": 0.64352, "auc": 0.78761}
{"epoch": 28, "time_epoch": 6.63415, "eta": 508.178, "eta_hours": 0.14116, "loss": 0.57907768, "lr": 0.00081871, "params": 7591, "time_iter": 0.04513, "accuracy": 0.73639, "precision": 0.73913, "recall": 0.55967, "f1": 0.637, "auc": 0.78053}
{"epoch": 29, "time_epoch": 6.65874, "eta": 499.85694, "eta_hours": 0.13885, "loss": 0.52609846, "lr": 0.00080645, "params": 7591, "time_iter": 0.0453, "accuracy": 0.76531, "precision": 0.76119, "recall": 0.62963, "f1": 0.68919, "auc": 0.81552}
{"epoch": 30, "time_epoch": 6.66784, "eta": 491.66337, "eta_hours": 0.13657, "loss": 0.55729695, "lr": 0.00079389, "params": 7591, "time_iter": 0.04536, "accuracy": 0.7466, "precision": 0.73267, "recall": 0.60905, "f1": 0.66517, "auc": 0.80317}
{"epoch": 31, "time_epoch": 6.62352, "eta": 483.47098, "eta_hours": 0.1343, "loss": 0.53395323, "lr": 0.00078104, "params": 7591, "time_iter": 0.04506, "accuracy": 0.7619, "precision": 0.75622, "recall": 0.62551, "f1": 0.68468, "auc": 0.81651}
{"epoch": 32, "time_epoch": 6.65212, "eta": 475.43174, "eta_hours": 0.13206, "loss": 0.56043606, "lr": 0.00076791, "params": 7591, "time_iter": 0.04525, "accuracy": 0.7466, "precision": 0.735, "recall": 0.60494, "f1": 0.66366, "auc": 0.80006}
{"epoch": 33, "time_epoch": 6.64315, "eta": 467.4567, "eta_hours": 0.12985, "loss": 0.51168587, "lr": 0.00075452, "params": 7591, "time_iter": 0.04519, "accuracy": 0.7517, "precision": 0.73206, "recall": 0.62963, "f1": 0.67699, "auc": 0.82128}
{"epoch": 34, "time_epoch": 6.83177, "eta": 459.90804, "eta_hours": 0.12775, "loss": 0.54713919, "lr": 0.00074088, "params": 7591, "time_iter": 0.04647, "accuracy": 0.7398, "precision": 0.725, "recall": 0.59671, "f1": 0.65463, "auc": 0.81014}
{"epoch": 35, "time_epoch": 6.81996, "eta": 452.37822, "eta_hours": 0.12566, "loss": 0.53955234, "lr": 0.000727, "params": 7591, "time_iter": 0.04639, "accuracy": 0.7568, "precision": 0.74038, "recall": 0.63374, "f1": 0.68293, "auc": 0.82097}
{"epoch": 36, "time_epoch": 6.81008, "eta": 444.86996, "eta_hours": 0.12357, "loss": 0.51672602, "lr": 0.00071289, "params": 7591, "time_iter": 0.04633, "accuracy": 0.76701, "precision": 0.77041, "recall": 0.6214, "f1": 0.68793, "auc": 0.82622}
{"epoch": 37, "time_epoch": 6.76991, "eta": 437.33291, "eta_hours": 0.12148, "loss": 0.57495433, "lr": 0.00069857, "params": 7591, "time_iter": 0.04605, "accuracy": 0.7466, "precision": 0.75543, "recall": 0.57202, "f1": 0.65105, "auc": 0.79276}
{"epoch": 38, "time_epoch": 6.83119, "eta": 429.93104, "eta_hours": 0.11943, "loss": 0.51911457, "lr": 0.00068406, "params": 7591, "time_iter": 0.04647, "accuracy": 0.7619, "precision": 0.74879, "recall": 0.63786, "f1": 0.68889, "auc": 0.8208}
{"epoch": 39, "time_epoch": 6.77686, "eta": 422.4762, "eta_hours": 0.11735, "loss": 0.54350865, "lr": 0.00066937, "params": 7591, "time_iter": 0.0461, "accuracy": 0.76701, "precision": 0.76768, "recall": 0.62551, "f1": 0.68934, "auc": 0.81031}
{"epoch": 40, "time_epoch": 6.84545, "eta": 415.15314, "eta_hours": 0.11532, "loss": 0.54411268, "lr": 0.00065451, "params": 7591, "time_iter": 0.04657, "accuracy": 0.76701, "precision": 0.73246, "recall": 0.68724, "f1": 0.70913, "auc": 0.82611}
{"epoch": 41, "time_epoch": 6.83474, "eta": 407.83804, "eta_hours": 0.11329, "loss": 0.55848246, "lr": 0.0006395, "params": 7591, "time_iter": 0.04649, "accuracy": 0.73469, "precision": 0.73016, "recall": 0.5679, "f1": 0.63889, "auc": 0.7939}
{"epoch": 42, "time_epoch": 6.84298, "eta": 400.5562, "eta_hours": 0.11127, "loss": 0.54325207, "lr": 0.00062434, "params": 7591, "time_iter": 0.04655, "accuracy": 0.73299, "precision": 0.72632, "recall": 0.5679, "f1": 0.63741, "auc": 0.80179}
{"epoch": 43, "time_epoch": 6.81623, "eta": 393.26026, "eta_hours": 0.10924, "loss": 0.51663936, "lr": 0.00060907, "params": 7591, "time_iter": 0.04637, "accuracy": 0.7466, "precision": 0.74479, "recall": 0.58848, "f1": 0.65747, "auc": 0.8267}
{"epoch": 44, "time_epoch": 6.82178, "eta": 385.99243, "eta_hours": 0.10722, "loss": 0.51673332, "lr": 0.00059369, "params": 7591, "time_iter": 0.04641, "accuracy": 0.77211, "precision": 0.75829, "recall": 0.65844, "f1": 0.70485, "auc": 0.82679}
{"epoch": 45, "time_epoch": 6.83312, "eta": 378.7573, "eta_hours": 0.10521, "loss": 0.53972849, "lr": 0.00057822, "params": 7591, "time_iter": 0.04648, "accuracy": 0.7415, "precision": 0.72864, "recall": 0.59671, "f1": 0.65611, "auc": 0.81727}
{"epoch": 46, "time_epoch": 6.84031, "eta": 371.54738, "eta_hours": 0.10321, "loss": 0.5271892, "lr": 0.00056267, "params": 7591, "time_iter": 0.04653, "accuracy": 0.7619, "precision": 0.76963, "recall": 0.60494, "f1": 0.67742, "auc": 0.82207}
{"epoch": 47, "time_epoch": 6.79844, "eta": 364.30751, "eta_hours": 0.1012, "loss": 0.5030156, "lr": 0.00054705, "params": 7591, "time_iter": 0.04625, "accuracy": 0.77211, "precision": 0.77387, "recall": 0.63374, "f1": 0.69683, "auc": 0.83822}
{"epoch": 48, "time_epoch": 6.83487, "eta": 357.12356, "eta_hours": 0.0992, "loss": 0.53455089, "lr": 0.0005314, "params": 7591, "time_iter": 0.0465, "accuracy": 0.76701, "precision": 0.75, "recall": 0.65432, "f1": 0.6989, "auc": 0.82709}
{"epoch": 49, "time_epoch": 6.80099, "eta": 349.91971, "eta_hours": 0.0972, "loss": 0.53880598, "lr": 0.00051571, "params": 7591, "time_iter": 0.04627, "accuracy": 0.7381, "precision": 0.74054, "recall": 0.56379, "f1": 0.64019, "auc": 0.81039}
{"epoch": 50, "time_epoch": 6.82828, "eta": 342.75787, "eta_hours": 0.09521, "loss": 0.51621682, "lr": 0.0005, "params": 7591, "time_iter": 0.04645, "accuracy": 0.7619, "precision": 0.76684, "recall": 0.60905, "f1": 0.6789, "auc": 0.83095}
{"epoch": 51, "time_epoch": 6.8405, "eta": 335.62014, "eta_hours": 0.09323, "loss": 0.53088659, "lr": 0.00048429, "params": 7591, "time_iter": 0.04653, "accuracy": 0.76361, "precision": 0.7549, "recall": 0.63374, "f1": 0.68904, "auc": 0.82198}
{"epoch": 52, "time_epoch": 6.83741, "eta": 328.49089, "eta_hours": 0.09125, "loss": 0.51514597, "lr": 0.0004686, "params": 7591, "time_iter": 0.04651, "accuracy": 0.78571, "precision": 0.79397, "recall": 0.65021, "f1": 0.71493, "auc": 0.83776}
{"epoch": 53, "time_epoch": 6.79107, "eta": 321.33296, "eta_hours": 0.08926, "loss": 0.54682735, "lr": 0.00045295, "params": 7591, "time_iter": 0.0462, "accuracy": 0.7415, "precision": 0.71362, "recall": 0.62551, "f1": 0.66667, "auc": 0.81783}
{"epoch": 54, "time_epoch": 6.83751, "eta": 314.22638, "eta_hours": 0.08729, "loss": 0.56612865, "lr": 0.00043733, "params": 7591, "time_iter": 0.04651, "accuracy": 0.78061, "precision": 0.78218, "recall": 0.65021, "f1": 0.71011, "auc": 0.80867}
{"epoch": 55, "time_epoch": 6.83232, "eta": 307.12533, "eta_hours": 0.08531, "loss": 0.54184016, "lr": 0.00042178, "params": 7591, "time_iter": 0.04648, "accuracy": 0.77721, "precision": 0.77723, "recall": 0.64609, "f1": 0.70562, "auc": 0.83203}
{"epoch": 56, "time_epoch": 6.83137, "eta": 300.03299, "eta_hours": 0.08334, "loss": 0.52380306, "lr": 0.00040631, "params": 7591, "time_iter": 0.04647, "accuracy": 0.7483, "precision": 0.723, "recall": 0.63374, "f1": 0.67544, "auc": 0.82797}
{"epoch": 57, "time_epoch": 6.77796, "eta": 292.91098, "eta_hours": 0.08136, "loss": 0.54305338, "lr": 0.00039093, "params": 7591, "time_iter": 0.04611, "accuracy": 0.7568, "precision": 0.7451, "recall": 0.62551, "f1": 0.68009, "auc": 0.81177}
{"epoch": 58, "time_epoch": 6.83888, "eta": 285.84296, "eta_hours": 0.0794, "loss": 0.51123421, "lr": 0.00037566, "params": 7591, "time_iter": 0.04652, "accuracy": 0.77721, "precision": 0.78866, "recall": 0.62963, "f1": 0.70023, "auc": 0.83386}
{"epoch": 59, "time_epoch": 6.81082, "eta": 278.76388, "eta_hours": 0.07743, "loss": 0.51392424, "lr": 0.0003605, "params": 7591, "time_iter": 0.04633, "accuracy": 0.76531, "precision": 0.77778, "recall": 0.60494, "f1": 0.68056, "auc": 0.83489}
{"epoch": 60, "time_epoch": 6.83208, "eta": 271.70718, "eta_hours": 0.07547, "loss": 0.50078012, "lr": 0.00034549, "params": 7591, "time_iter": 0.04648, "accuracy": 0.80102, "precision": 0.79439, "recall": 0.69959, "f1": 0.74398, "auc": 0.84212}
{"epoch": 61, "time_epoch": 6.84523, "eta": 264.66579, "eta_hours": 0.07352, "loss": 0.52630329, "lr": 0.00033063, "params": 7591, "time_iter": 0.04657, "accuracy": 0.77551, "precision": 0.77073, "recall": 0.65021, "f1": 0.70536, "auc": 0.83211}
{"epoch": 62, "time_epoch": 6.83051, "eta": 257.62198, "eta_hours": 0.07156, "loss": 0.52748886, "lr": 0.00031594, "params": 7591, "time_iter": 0.04647, "accuracy": 0.77041, "precision": 0.74771, "recall": 0.67078, "f1": 0.70716, "auc": 0.83097}
{"epoch": 63, "time_epoch": 6.73357, "eta": 250.53031, "eta_hours": 0.06959, "loss": 0.48184843, "lr": 0.00030143, "params": 7591, "time_iter": 0.04581, "accuracy": 0.79592, "precision": 0.81865, "recall": 0.65021, "f1": 0.72477, "auc": 0.84367}
{"epoch": 64, "time_epoch": 6.80475, "eta": 243.48798, "eta_hours": 0.06764, "loss": 0.55752096, "lr": 0.00028711, "params": 7591, "time_iter": 0.04629, "accuracy": 0.7432, "precision": 0.73232, "recall": 0.59671, "f1": 0.6576, "auc": 0.83378}
{"epoch": 65, "time_epoch": 6.78206, "eta": 236.44116, "eta_hours": 0.06568, "loss": 0.51801432, "lr": 0.000273, "params": 7591, "time_iter": 0.04614, "accuracy": 0.78912, "precision": 0.7931, "recall": 0.66255, "f1": 0.72197, "auc": 0.84165}
{"epoch": 66, "time_epoch": 6.80641, "eta": 229.41424, "eta_hours": 0.06373, "loss": 0.49128044, "lr": 0.00025912, "params": 7591, "time_iter": 0.0463, "accuracy": 0.78741, "precision": 0.78095, "recall": 0.6749, "f1": 0.72406, "auc": 0.85177}
{"epoch": 67, "time_epoch": 6.84273, "eta": 222.4109, "eta_hours": 0.06178, "loss": 0.48890471, "lr": 0.00024548, "params": 7591, "time_iter": 0.04655, "accuracy": 0.79252, "precision": 0.78404, "recall": 0.68724, "f1": 0.73246, "auc": 0.85027}
{"epoch": 68, "time_epoch": 6.81069, "eta": 215.39781, "eta_hours": 0.05983, "loss": 0.52994789, "lr": 0.00023209, "params": 7591, "time_iter": 0.04633, "accuracy": 0.77381, "precision": 0.78947, "recall": 0.61728, "f1": 0.69284, "auc": 0.83112}
{"epoch": 69, "time_epoch": 6.85052, "eta": 208.40758, "eta_hours": 0.05789, "loss": 0.54161007, "lr": 0.00021896, "params": 7591, "time_iter": 0.0466, "accuracy": 0.77381, "precision": 0.77778, "recall": 0.63374, "f1": 0.69841, "auc": 0.83809}
{"epoch": 70, "time_epoch": 6.77588, "eta": 201.3908, "eta_hours": 0.05594, "loss": 0.51510944, "lr": 0.00020611, "params": 7591, "time_iter": 0.04609, "accuracy": 0.79082, "precision": 0.78571, "recall": 0.67901, "f1": 0.72848, "auc": 0.83914}
{"epoch": 71, "time_epoch": 6.8221, "eta": 194.39869, "eta_hours": 0.054, "loss": 0.50058563, "lr": 0.00019355, "params": 7591, "time_iter": 0.04641, "accuracy": 0.77721, "precision": 0.77723, "recall": 0.64609, "f1": 0.70562, "auc": 0.84466}
{"epoch": 72, "time_epoch": 6.83586, "eta": 187.41632, "eta_hours": 0.05206, "loss": 0.51024078, "lr": 0.00018129, "params": 7591, "time_iter": 0.0465, "accuracy": 0.78231, "precision": 0.78894, "recall": 0.64609, "f1": 0.71041, "auc": 0.83866}
{"epoch": 73, "time_epoch": 6.7915, "eta": 180.42233, "eta_hours": 0.05012, "loss": 0.50118367, "lr": 0.00016934, "params": 7591, "time_iter": 0.0462, "accuracy": 0.80782, "precision": 0.82178, "recall": 0.68313, "f1": 0.74607, "auc": 0.85697}
{"epoch": 74, "time_epoch": 6.85474, "eta": 173.45481, "eta_hours": 0.04818, "loss": 0.49683182, "lr": 0.00015773, "params": 7591, "time_iter": 0.04663, "accuracy": 0.77551, "precision": 0.75814, "recall": 0.67078, "f1": 0.71179, "auc": 0.84973}
{"epoch": 75, "time_epoch": 6.84296, "eta": 166.48655, "eta_hours": 0.04625, "loss": 0.51374986, "lr": 0.00014645, "params": 7591, "time_iter": 0.04655, "accuracy": 0.80102, "precision": 0.8, "recall": 0.69136, "f1": 0.74172, "auc": 0.84573}
{"epoch": 76, "time_epoch": 6.84442, "eta": 159.52197, "eta_hours": 0.04431, "loss": 0.49888926, "lr": 0.00013552, "params": 7591, "time_iter": 0.04656, "accuracy": 0.78401, "precision": 0.79592, "recall": 0.64198, "f1": 0.71071, "auc": 0.8505}
{"epoch": 77, "time_epoch": 6.84392, "eta": 152.56034, "eta_hours": 0.04238, "loss": 0.4848264, "lr": 0.00012494, "params": 7591, "time_iter": 0.04656, "accuracy": 0.78741, "precision": 0.78641, "recall": 0.66667, "f1": 0.7216, "auc": 0.85844}
{"epoch": 78, "time_epoch": 6.83673, "eta": 145.59977, "eta_hours": 0.04044, "loss": 0.5122998, "lr": 0.00011474, "params": 7591, "time_iter": 0.04651, "accuracy": 0.78061, "precision": 0.785, "recall": 0.64609, "f1": 0.7088, "auc": 0.85108}
{"epoch": 79, "time_epoch": 6.8222, "eta": 138.63867, "eta_hours": 0.03851, "loss": 0.50194387, "lr": 0.00010492, "params": 7591, "time_iter": 0.04641, "accuracy": 0.78231, "precision": 0.78325, "recall": 0.65432, "f1": 0.713, "auc": 0.84527}
{"epoch": 80, "time_epoch": 6.83299, "eta": 131.68352, "eta_hours": 0.03658, "loss": 0.51536994, "lr": 9.549e-05, "params": 7591, "time_iter": 0.04648, "accuracy": 0.79082, "precision": 0.8, "recall": 0.65844, "f1": 0.72235, "auc": 0.84318}
{"epoch": 81, "time_epoch": 6.81542, "eta": 124.7275, "eta_hours": 0.03465, "loss": 0.50254035, "lr": 8.646e-05, "params": 7591, "time_iter": 0.04636, "accuracy": 0.79082, "precision": 0.78037, "recall": 0.68724, "f1": 0.73085, "auc": 0.84789}
{"epoch": 82, "time_epoch": 6.84914, "eta": 117.78178, "eta_hours": 0.03272, "loss": 0.50910938, "lr": 7.784e-05, "params": 7591, "time_iter": 0.04659, "accuracy": 0.77891, "precision": 0.78392, "recall": 0.64198, "f1": 0.70588, "auc": 0.84286}
{"epoch": 83, "time_epoch": 6.7707, "eta": 110.82341, "eta_hours": 0.03078, "loss": 0.54778707, "lr": 6.963e-05, "params": 7591, "time_iter": 0.04606, "accuracy": 0.76361, "precision": 0.7549, "recall": 0.63374, "f1": 0.68904, "auc": 0.82671}
{"epoch": 84, "time_epoch": 6.72758, "eta": 103.86185, "eta_hours": 0.02885, "loss": 0.50277814, "lr": 6.185e-05, "params": 7591, "time_iter": 0.04577, "accuracy": 0.77211, "precision": 0.77387, "recall": 0.63374, "f1": 0.69683, "auc": 0.85202}
{"epoch": 85, "time_epoch": 6.80934, "eta": 96.91904, "eta_hours": 0.02692, "loss": 0.5384325, "lr": 5.45e-05, "params": 7591, "time_iter": 0.04632, "accuracy": 0.76361, "precision": 0.76263, "recall": 0.6214, "f1": 0.68481, "auc": 0.83246}
{"epoch": 86, "time_epoch": 6.8253, "eta": 89.98169, "eta_hours": 0.02499, "loss": 0.47615692, "lr": 4.759e-05, "params": 7591, "time_iter": 0.04643, "accuracy": 0.78741, "precision": 0.78365, "recall": 0.67078, "f1": 0.72284, "auc": 0.86225}
{"epoch": 87, "time_epoch": 6.83333, "eta": 83.04797, "eta_hours": 0.02307, "loss": 0.497565, "lr": 4.112e-05, "params": 7591, "time_iter": 0.04649, "accuracy": 0.78401, "precision": 0.77619, "recall": 0.67078, "f1": 0.71965, "auc": 0.85112}
{"epoch": 88, "time_epoch": 6.82837, "eta": 76.1159, "eta_hours": 0.02114, "loss": 0.47048084, "lr": 3.511e-05, "params": 7591, "time_iter": 0.04645, "accuracy": 0.77891, "precision": 0.77561, "recall": 0.65432, "f1": 0.70982, "auc": 0.86586}
{"epoch": 89, "time_epoch": 6.85926, "eta": 69.18957, "eta_hours": 0.01922, "loss": 0.57534939, "lr": 2.956e-05, "params": 7591, "time_iter": 0.04666, "accuracy": 0.76361, "precision": 0.76531, "recall": 0.61728, "f1": 0.68337, "auc": 0.81059}
{"epoch": 90, "time_epoch": 6.83165, "eta": 62.26197, "eta_hours": 0.01729, "loss": 0.48799338, "lr": 2.447e-05, "params": 7591, "time_iter": 0.04647, "accuracy": 0.79082, "precision": 0.79126, "recall": 0.67078, "f1": 0.72606, "auc": 0.86051}
{"epoch": 91, "time_epoch": 6.8342, "eta": 55.33669, "eta_hours": 0.01537, "loss": 0.51226386, "lr": 1.985e-05, "params": 7591, "time_iter": 0.04649, "accuracy": 0.79422, "precision": 0.79612, "recall": 0.6749, "f1": 0.73051, "auc": 0.84319}
{"epoch": 92, "time_epoch": 6.77878, "eta": 48.40919, "eta_hours": 0.01345, "loss": 0.49412239, "lr": 1.571e-05, "params": 7591, "time_iter": 0.04611, "accuracy": 0.78912, "precision": 0.79602, "recall": 0.65844, "f1": 0.72072, "auc": 0.85939}
{"epoch": 93, "time_epoch": 6.65813, "eta": 41.47716, "eta_hours": 0.01152, "loss": 0.47893882, "lr": 1.204e-05, "params": 7591, "time_iter": 0.04529, "accuracy": 0.79762, "precision": 0.80097, "recall": 0.67901, "f1": 0.73497, "auc": 0.85977}
{"epoch": 94, "time_epoch": 6.59411, "eta": 34.54752, "eta_hours": 0.0096, "loss": 0.47798205, "lr": 8.86e-06, "params": 7591, "time_iter": 0.04486, "accuracy": 0.78571, "precision": 0.77209, "recall": 0.68313, "f1": 0.72489, "auc": 0.85934}
{"epoch": 95, "time_epoch": 6.65184, "eta": 27.62728, "eta_hours": 0.00767, "loss": 0.55201884, "lr": 6.16e-06, "params": 7591, "time_iter": 0.04525, "accuracy": 0.77381, "precision": 0.74775, "recall": 0.68313, "f1": 0.71398, "auc": 0.83354}
{"epoch": 96, "time_epoch": 6.67983, "eta": 20.71344, "eta_hours": 0.00575, "loss": 0.55370358, "lr": 3.94e-06, "params": 7591, "time_iter": 0.04544, "accuracy": 0.77041, "precision": 0.75472, "recall": 0.65844, "f1": 0.7033, "auc": 0.83384}
{"epoch": 97, "time_epoch": 6.65342, "eta": 13.80384, "eta_hours": 0.00383, "loss": 0.50347574, "lr": 2.22e-06, "params": 7591, "time_iter": 0.04526, "accuracy": 0.78912, "precision": 0.78469, "recall": 0.6749, "f1": 0.72566, "auc": 0.84632}
{"epoch": 98, "time_epoch": 6.64461, "eta": 6.89932, "eta_hours": 0.00192, "loss": 0.51881224, "lr": 9.9e-07, "params": 7591, "time_iter": 0.0452, "accuracy": 0.76871, "precision": 0.76617, "recall": 0.63374, "f1": 0.69369, "auc": 0.83788}
{"epoch": 99, "time_epoch": 6.60672, "eta": 0.0, "eta_hours": 0.0, "loss": 0.52116764, "lr": 2.5e-07, "params": 7591, "time_iter": 0.04494, "accuracy": 0.76531, "precision": 0.76382, "recall": 0.62551, "f1": 0.68778, "auc": 0.83063}
