{"epoch": 0, "time_epoch": 0.05437, "eta": 5.38269, "eta_hours": 0.0015, "loss": 0.74324082, "lr": 0.001, "params": 6465, "time_iter": 0.01812, "accuracy": 0.47619, "precision": 0.47619, "recall": 1.0, "f1": 0.64516, "auc": 0.37727}
{"epoch": 1, "time_epoch": 0.03767, "eta": 4.51017, "eta_hours": 0.00125, "loss": 0.73861444, "lr": 0.00099975, "params": 6465, "time_iter": 0.01256, "accuracy": 0.47619, "precision": 0.47619, "recall": 1.0, "f1": 0.64516, "auc": 0.44318}
{"epoch": 2, "time_epoch": 0.03245, "eta": 4.02526, "eta_hours": 0.00112, "loss": 0.73556304, "lr": 0.00099901, "params": 6465, "time_iter": 0.01082, "accuracy": 0.47619, "precision": 0.47619, "recall": 1.0, "f1": 0.64516, "auc": 0.49773}
{"epoch": 3, "time_epoch": 0.03205, "eta": 3.75713, "eta_hours": 0.00104, "loss": 0.73247277, "lr": 0.00099778, "params": 6465, "time_iter": 0.01068, "accuracy": 0.47619, "precision": 0.47619, "recall": 1.0, "f1": 0.64516, "auc": 0.64773}
{"epoch": 4, "time_epoch": 0.03235, "eta": 3.58912, "eta_hours": 0.001, "loss": 0.73058764, "lr": 0.00099606, "params": 6465, "time_iter": 0.01078, "accuracy": 0.47619, "precision": 0.47619, "recall": 1.0, "f1": 0.64516, "auc": 0.44318}
{"epoch": 5, "time_epoch": 0.0324, "eta": 3.4671, "eta_hours": 0.00096, "loss": 0.7272655, "lr": 0.00099384, "params": 6465, "time_iter": 0.0108, "accuracy": 0.47619, "precision": 0.47619, "recall": 1.0, "f1": 0.64516, "auc": 0.625}
{"epoch": 6, "time_epoch": 0.03228, "eta": 3.36904, "eta_hours": 0.00094, "loss": 0.7248918, "lr": 0.00099114, "params": 6465, "time_iter": 0.01076, "accuracy": 0.47619, "precision": 0.47619, "recall": 1.0, "f1": 0.64516, "auc": 0.63182}
{"epoch": 7, "time_epoch": 0.03263, "eta": 3.2915, "eta_hours": 0.00091, "loss": 0.72341785, "lr": 0.00098796, "params": 6465, "time_iter": 0.01088, "accuracy": 0.47619, "precision": 0.47619, "recall": 1.0, "f1": 0.64516, "auc": 0.37955}
{"epoch": 8, "time_epoch": 0.03247, "eta": 3.22224, "eta_hours": 0.0009, "loss": 0.72131915, "lr": 0.00098429, "params": 6465, "time_iter": 0.01082, "accuracy": 0.47619, "precision": 0.47619, "recall": 1.0, "f1": 0.64516, "auc": 0.34091}
{"epoch": 9, "time_epoch": 0.03142, "eta": 3.15089, "eta_hours": 0.00088, "loss": 0.71838171, "lr": 0.00098015, "params": 6465, "time_iter": 0.01047, "accuracy": 0.47619, "precision": 0.47619, "recall": 1.0, "f1": 0.64516, "auc": 0.55682}
{"epoch": 10, "time_epoch": 0.03179, "eta": 3.08985, "eta_hours": 0.00086, "loss": 0.71641662, "lr": 0.00097553, "params": 6465, "time_iter": 0.0106, "accuracy": 0.47619, "precision": 0.47619, "recall": 1.0, "f1": 0.64516, "auc": 0.48409}
{"epoch": 11, "time_epoch": 0.03187, "eta": 3.03422, "eta_hours": 0.00084, "loss": 0.71432388, "lr": 0.00097044, "params": 6465, "time_iter": 0.01062, "accuracy": 0.47619, "precision": 0.47619, "recall": 1.0, "f1": 0.64516, "auc": 0.55455}
{"epoch": 12, "time_epoch": 0.03286, "eta": 2.9889, "eta_hours": 0.00083, "loss": 0.71277391, "lr": 0.00096489, "params": 6465, "time_iter": 0.01095, "accuracy": 0.47619, "precision": 0.47619, "recall": 1.0, "f1": 0.64516, "auc": 0.48409}
{"epoch": 13, "time_epoch": 0.03262, "eta": 2.94387, "eta_hours": 0.00082, "loss": 0.71104449, "lr": 0.00095888, "params": 6465, "time_iter": 0.01087, "accuracy": 0.47619, "precision": 0.47619, "recall": 1.0, "f1": 0.64516, "auc": 0.47727}
{"epoch": 14, "time_epoch": 0.03234, "eta": 2.89893, "eta_hours": 0.00081, "loss": 0.70938375, "lr": 0.00095241, "params": 6465, "time_iter": 0.01078, "accuracy": 0.47619, "precision": 0.47619, "recall": 1.0, "f1": 0.64516, "auc": 0.44318}
{"epoch": 15, "time_epoch": 0.03211, "eta": 2.85437, "eta_hours": 0.00079, "loss": 0.7073424, "lr": 0.0009455, "params": 6465, "time_iter": 0.0107, "accuracy": 0.47619, "precision": 0.47619, "recall": 1.0, "f1": 0.64516, "auc": 0.58864}
{"epoch": 16, "time_epoch": 0.03234, "eta": 2.81238, "eta_hours": 0.00078, "loss": 0.7066142, "lr": 0.00093815, "params": 6465, "time_iter": 0.01078, "accuracy": 0.47619, "precision": 0.47619, "recall": 1.0, "f1": 0.64516, "auc": 0.44545}
{"epoch": 17, "time_epoch": 0.03625, "eta": 2.78927, "eta_hours": 0.00077, "loss": 0.70491969, "lr": 0.00093037, "params": 6465, "time_iter": 0.01208, "accuracy": 0.47619, "precision": 0.47619, "recall": 1.0, "f1": 0.64516, "auc": 0.53182}
{"epoch": 18, "time_epoch": 0.03124, "eta": 2.74343, "eta_hours": 0.00076, "loss": 0.70403888, "lr": 0.00092216, "params": 6465, "time_iter": 0.01041, "accuracy": 0.47619, "precision": 0.47619, "recall": 1.0, "f1": 0.64516, "auc": 0.5}
{"epoch": 19, "time_epoch": 0.03206, "eta": 2.7023, "eta_hours": 0.00075, "loss": 0.70275891, "lr": 0.00091354, "params": 6465, "time_iter": 0.01069, "accuracy": 0.47619, "precision": 0.47619, "recall": 1.0, "f1": 0.64516, "auc": 0.57955}
{"epoch": 20, "time_epoch": 0.03212, "eta": 2.66229, "eta_hours": 0.00074, "loss": 0.70244181, "lr": 0.00090451, "params": 6465, "time_iter": 0.01071, "accuracy": 0.47619, "precision": 0.47619, "recall": 1.0, "f1": 0.64516, "auc": 0.41591}
{"epoch": 21, "time_epoch": 0.03204, "eta": 2.6227, "eta_hours": 0.00073, "loss": 0.70144616, "lr": 0.00089508, "params": 6465, "time_iter": 0.01068, "accuracy": 0.47619, "precision": 0.47619, "recall": 1.0, "f1": 0.64516, "auc": 0.52955}
{"epoch": 22, "time_epoch": 0.03205, "eta": 2.58379, "eta_hours": 0.00072, "loss": 0.70081336, "lr": 0.00088526, "params": 6465, "time_iter": 0.01068, "accuracy": 0.47619, "precision": 0.47619, "recall": 1.0, "f1": 0.64516, "auc": 0.51591}
{"epoch": 23, "time_epoch": 0.03205, "eta": 2.54548, "eta_hours": 0.00071, "loss": 0.70033971, "lr": 0.00087506, "params": 6465, "time_iter": 0.01068, "accuracy": 0.47619, "precision": 0.47619, "recall": 1.0, "f1": 0.64516, "auc": 0.44545}
{"epoch": 24, "time_epoch": 0.03628, "eta": 2.52034, "eta_hours": 0.0007, "loss": 0.69956303, "lr": 0.00086448, "params": 6465, "time_iter": 0.01209, "accuracy": 0.47619, "precision": 0.47619, "recall": 1.0, "f1": 0.64516, "auc": 0.51591}
{"epoch": 25, "time_epoch": 0.03236, "eta": 2.48318, "eta_hours": 0.00069, "loss": 0.69902368, "lr": 0.00085355, "params": 6465, "time_iter": 0.01079, "accuracy": 0.47619, "precision": 0.47619, "recall": 1.0, "f1": 0.64516, "auc": 0.52727}
{"epoch": 26, "time_epoch": 0.03219, "eta": 2.44593, "eta_hours": 0.00068, "loss": 0.69837496, "lr": 0.00084227, "params": 6465, "time_iter": 0.01073, "accuracy": 0.47619, "precision": 0.47619, "recall": 1.0, "f1": 0.64516, "auc": 0.62727}
{"epoch": 27, "time_epoch": 0.03215, "eta": 2.40893, "eta_hours": 0.00067, "loss": 0.69801069, "lr": 0.00083066, "params": 6465, "time_iter": 0.01072, "accuracy": 0.47619, "precision": 0.47619, "recall": 1.0, "f1": 0.64516, "auc": 0.59091}
{"epoch": 28, "time_epoch": 0.03201, "eta": 2.37194, "eta_hours": 0.00066, "loss": 0.69757478, "lr": 0.00081871, "params": 6465, "time_iter": 0.01067, "accuracy": 0.47619, "precision": 0.47619, "recall": 1.0, "f1": 0.64516, "auc": 0.53182}
{"epoch": 29, "time_epoch": 0.0326, "eta": 2.33664, "eta_hours": 0.00065, "loss": 0.6972571, "lr": 0.00080645, "params": 6465, "time_iter": 0.01087, "accuracy": 0.47619, "precision": 0.47619, "recall": 1.0, "f1": 0.64516, "auc": 0.41136}
{"epoch": 30, "time_epoch": 0.03224, "eta": 2.30072, "eta_hours": 0.00064, "loss": 0.69665922, "lr": 0.00079389, "params": 6465, "time_iter": 0.01075, "accuracy": 0.47619, "precision": 0.47619, "recall": 1.0, "f1": 0.64516, "auc": 0.48409}
{"epoch": 31, "time_epoch": 0.0321, "eta": 2.26474, "eta_hours": 0.00063, "loss": 0.69612497, "lr": 0.00078104, "params": 6465, "time_iter": 0.0107, "accuracy": 0.47619, "precision": 0.47619, "recall": 1.0, "f1": 0.64516, "auc": 0.63864}
{"epoch": 32, "time_epoch": 0.03272, "eta": 2.23025, "eta_hours": 0.00062, "loss": 0.69586992, "lr": 0.00076791, "params": 6465, "time_iter": 0.01091, "accuracy": 0.47619, "precision": 0.47619, "recall": 1.0, "f1": 0.64516, "auc": 0.61136}
{"epoch": 33, "time_epoch": 0.03223, "eta": 2.19492, "eta_hours": 0.00061, "loss": 0.69585694, "lr": 0.00075452, "params": 6465, "time_iter": 0.01074, "accuracy": 0.47619, "precision": 0.47619, "recall": 1.0, "f1": 0.64516, "auc": 0.42273}
{"epoch": 34, "time_epoch": 0.03225, "eta": 2.15979, "eta_hours": 0.0006, "loss": 0.69560989, "lr": 0.00074088, "params": 6465, "time_iter": 0.01075, "accuracy": 0.47619, "precision": 0.47619, "recall": 1.0, "f1": 0.64516, "auc": 0.33636}
{"epoch": 35, "time_epoch": 0.03218, "eta": 2.12471, "eta_hours": 0.00059, "loss": 0.69503521, "lr": 0.000727, "params": 6465, "time_iter": 0.01073, "accuracy": 0.47619, "precision": 0.47619, "recall": 1.0, "f1": 0.64516, "auc": 0.69091}
{"epoch": 36, "time_epoch": 0.03199, "eta": 2.08945, "eta_hours": 0.00058, "loss": 0.69503696, "lr": 0.00071289, "params": 6465, "time_iter": 0.01066, "accuracy": 0.47619, "precision": 0.47619, "recall": 1.0, "f1": 0.64516, "auc": 0.43295}
{"epoch": 37, "time_epoch": 0.03216, "eta": 2.05464, "eta_hours": 0.00057, "loss": 0.69462932, "lr": 0.00069857, "params": 6465, "time_iter": 0.01072, "accuracy": 0.47619, "precision": 0.47619, "recall": 1.0, "f1": 0.64516, "auc": 0.64773}
{"epoch": 38, "time_epoch": 0.03215, "eta": 2.01995, "eta_hours": 0.00056, "loss": 0.69445549, "lr": 0.00068406, "params": 6465, "time_iter": 0.01072, "accuracy": 0.47619, "precision": 0.47619, "recall": 1.0, "f1": 0.64516, "auc": 0.58636}
{"epoch": 39, "time_epoch": 0.03205, "eta": 1.98524, "eta_hours": 0.00055, "loss": 0.69435905, "lr": 0.00066937, "params": 6465, "time_iter": 0.01068, "accuracy": 0.47619, "precision": 0.47619, "recall": 1.0, "f1": 0.64516, "auc": 0.53182}
{"epoch": 40, "time_epoch": 0.03189, "eta": 1.95042, "eta_hours": 0.00054, "loss": 0.69419796, "lr": 0.00065451, "params": 6465, "time_iter": 0.01063, "accuracy": 0.47619, "precision": 0.47619, "recall": 1.0, "f1": 0.64516, "auc": 0.51136}
{"epoch": 41, "time_epoch": 0.03126, "eta": 1.91489, "eta_hours": 0.00053, "loss": 0.69404765, "lr": 0.0006395, "params": 6465, "time_iter": 0.01042, "accuracy": 0.47619, "precision": 0.47619, "recall": 1.0, "f1": 0.64516, "auc": 0.46818}
{"epoch": 42, "time_epoch": 0.03157, "eta": 1.87995, "eta_hours": 0.00052, "loss": 0.69391043, "lr": 0.00062434, "params": 6465, "time_iter": 0.01052, "accuracy": 0.47619, "precision": 0.47619, "recall": 1.0, "f1": 0.64516, "auc": 0.42727}
{"epoch": 43, "time_epoch": 0.03641, "eta": 1.85133, "eta_hours": 0.00051, "loss": 0.69369941, "lr": 0.00060907, "params": 6465, "time_iter": 0.01214, "accuracy": 0.47619, "precision": 0.47619, "recall": 1.0, "f1": 0.64516, "auc": 0.56818}
{"epoch": 44, "time_epoch": 0.03203, "eta": 1.81702, "eta_hours": 0.0005, "loss": 0.69362133, "lr": 0.00059369, "params": 6465, "time_iter": 0.01068, "accuracy": 0.47619, "precision": 0.47619, "recall": 1.0, "f1": 0.64516, "auc": 0.53182}
{"epoch": 45, "time_epoch": 0.03212, "eta": 1.78291, "eta_hours": 0.0005, "loss": 0.69353908, "lr": 0.00057822, "params": 6465, "time_iter": 0.01071, "accuracy": 0.47619, "precision": 0.47619, "recall": 1.0, "f1": 0.64516, "auc": 0.48182}
{"epoch": 46, "time_epoch": 0.03224, "eta": 1.74901, "eta_hours": 0.00049, "loss": 0.69339048, "lr": 0.00056267, "params": 6465, "time_iter": 0.01075, "accuracy": 0.47619, "precision": 0.47619, "recall": 1.0, "f1": 0.64516, "auc": 0.67727}
{"epoch": 47, "time_epoch": 0.03183, "eta": 1.71475, "eta_hours": 0.00048, "loss": 0.69335077, "lr": 0.00054705, "params": 6465, "time_iter": 0.01061, "accuracy": 0.47619, "precision": 0.47619, "recall": 1.0, "f1": 0.64516, "auc": 0.54545}
{"epoch": 48, "time_epoch": 0.03102, "eta": 1.67974, "eta_hours": 0.00047, "loss": 0.69328749, "lr": 0.0005314, "params": 6465, "time_iter": 0.01034, "accuracy": 0.47619, "precision": 0.47619, "recall": 1.0, "f1": 0.64516, "auc": 0.51818}
{"epoch": 49, "time_epoch": 0.03316, "eta": 1.64703, "eta_hours": 0.00046, "loss": 0.6932735, "lr": 0.00051571, "params": 6465, "time_iter": 0.01105, "accuracy": 0.47619, "precision": 0.47619, "recall": 1.0, "f1": 0.64516, "auc": 0.44545}
{"epoch": 50, "time_epoch": 0.03597, "eta": 1.617, "eta_hours": 0.00045, "loss": 0.69317083, "lr": 0.0005, "params": 6465, "time_iter": 0.01199, "accuracy": 0.45238, "precision": 0.43478, "recall": 0.5, "f1": 0.46512, "auc": 0.45}
{"epoch": 51, "time_epoch": 0.03339, "eta": 1.58435, "eta_hours": 0.00044, "loss": 0.69307196, "lr": 0.00048429, "params": 6465, "time_iter": 0.01113, "accuracy": 0.52381, "precision": 0.0, "recall": 0.0, "f1": 0.0, "auc": 0.63409}
{"epoch": 52, "time_epoch": 0.03226, "eta": 1.55068, "eta_hours": 0.00043, "loss": 0.69308222, "lr": 0.0004686, "params": 6465, "time_iter": 0.01075, "accuracy": 0.52381, "precision": 0.0, "recall": 0.0, "f1": 0.0, "auc": 0.45682}
{"epoch": 53, "time_epoch": 0.03144, "eta": 1.51637, "eta_hours": 0.00042, "loss": 0.69297909, "lr": 0.00045295, "params": 6465, "time_iter": 0.01048, "accuracy": 0.52381, "precision": 0.0, "recall": 0.0, "f1": 0.0, "auc": 0.56932}
{"epoch": 54, "time_epoch": 0.03172, "eta": 1.48239, "eta_hours": 0.00041, "loss": 0.69302155, "lr": 0.00043733, "params": 6465, "time_iter": 0.01057, "accuracy": 0.52381, "precision": 0.0, "recall": 0.0, "f1": 0.0, "auc": 0.40682}
{"epoch": 55, "time_epoch": 0.03173, "eta": 1.4485, "eta_hours": 0.0004, "loss": 0.69296022, "lr": 0.00042178, "params": 6465, "time_iter": 0.01058, "accuracy": 0.52381, "precision": 0.0, "recall": 0.0, "f1": 0.0, "auc": 0.4}
{"epoch": 56, "time_epoch": 0.03177, "eta": 1.41471, "eta_hours": 0.00039, "loss": 0.69286352, "lr": 0.00040631, "params": 6465, "time_iter": 0.01059, "accuracy": 0.52381, "precision": 0.0, "recall": 0.0, "f1": 0.0, "auc": 0.65455}
{"epoch": 57, "time_epoch": 0.03228, "eta": 1.38136, "eta_hours": 0.00038, "loss": 0.6928418, "lr": 0.00039093, "params": 6465, "time_iter": 0.01076, "accuracy": 0.52381, "precision": 0.0, "recall": 0.0, "f1": 0.0, "auc": 0.58636}
{"epoch": 58, "time_epoch": 0.03239, "eta": 1.34812, "eta_hours": 0.00037, "loss": 0.69286967, "lr": 0.00037566, "params": 6465, "time_iter": 0.0108, "accuracy": 0.52381, "precision": 0.0, "recall": 0.0, "f1": 0.0, "auc": 0.38636}
{"epoch": 59, "time_epoch": 0.03195, "eta": 1.31462, "eta_hours": 0.00037, "loss": 0.69281471, "lr": 0.0003605, "params": 6465, "time_iter": 0.01065, "accuracy": 0.52381, "precision": 0.0, "recall": 0.0, "f1": 0.0, "auc": 0.42841}
{"epoch": 60, "time_epoch": 0.03175, "eta": 1.28104, "eta_hours": 0.00036, "loss": 0.69277658, "lr": 0.00034549, "params": 6465, "time_iter": 0.01058, "accuracy": 0.52381, "precision": 0.0, "recall": 0.0, "f1": 0.0, "auc": 0.44545}
{"epoch": 61, "time_epoch": 0.03187, "eta": 1.2476, "eta_hours": 0.00035, "loss": 0.69270558, "lr": 0.00033063, "params": 6465, "time_iter": 0.01062, "accuracy": 0.52381, "precision": 0.0, "recall": 0.0, "f1": 0.0, "auc": 0.58864}
{"epoch": 62, "time_epoch": 0.03173, "eta": 1.21412, "eta_hours": 0.00034, "loss": 0.69269033, "lr": 0.00031594, "params": 6465, "time_iter": 0.01058, "accuracy": 0.52381, "precision": 0.0, "recall": 0.0, "f1": 0.0, "auc": 0.58068}
{"epoch": 63, "time_epoch": 0.03191, "eta": 1.1808, "eta_hours": 0.00033, "loss": 0.69268409, "lr": 0.00030143, "params": 6465, "time_iter": 0.01064, "accuracy": 0.52381, "precision": 0.0, "recall": 0.0, "f1": 0.0, "auc": 0.53864}
{"epoch": 64, "time_epoch": 0.03194, "eta": 1.14754, "eta_hours": 0.00032, "loss": 0.69268004, "lr": 0.00028711, "params": 6465, "time_iter": 0.01065, "accuracy": 0.52381, "precision": 0.0, "recall": 0.0, "f1": 0.0, "auc": 0.43864}
{"epoch": 65, "time_epoch": 0.03222, "eta": 1.11446, "eta_hours": 0.00031, "loss": 0.69265351, "lr": 0.000273, "params": 6465, "time_iter": 0.01074, "accuracy": 0.52381, "precision": 0.0, "recall": 0.0, "f1": 0.0, "auc": 0.53182}
{"epoch": 66, "time_epoch": 0.0321, "eta": 1.08135, "eta_hours": 0.0003, "loss": 0.69262416, "lr": 0.00025912, "params": 6465, "time_iter": 0.0107, "accuracy": 0.52381, "precision": 0.0, "recall": 0.0, "f1": 0.0, "auc": 0.625}
{"epoch": 67, "time_epoch": 0.03178, "eta": 1.04811, "eta_hours": 0.00029, "loss": 0.69260804, "lr": 0.00024548, "params": 6465, "time_iter": 0.01059, "accuracy": 0.52381, "precision": 0.0, "recall": 0.0, "f1": 0.0, "auc": 0.55227}
{"epoch": 68, "time_epoch": 0.033, "eta": 1.01547, "eta_hours": 0.00028, "loss": 0.69267384, "lr": 0.00023209, "params": 6465, "time_iter": 0.011, "accuracy": 0.52381, "precision": 0.0, "recall": 0.0, "f1": 0.0, "auc": 0.33636}
{"epoch": 69, "time_epoch": 0.03327, "eta": 0.98293, "eta_hours": 0.00027, "loss": 0.69256881, "lr": 0.00021896, "params": 6465, "time_iter": 0.01109, "accuracy": 0.52381, "precision": 0.0, "recall": 0.0, "f1": 0.0, "auc": 0.54886}
{"epoch": 70, "time_epoch": 0.03118, "eta": 0.94952, "eta_hours": 0.00026, "loss": 0.69255837, "lr": 0.00020611, "params": 6465, "time_iter": 0.01039, "accuracy": 0.52381, "precision": 0.0, "recall": 0.0, "f1": 0.0, "auc": 0.56818}
{"epoch": 71, "time_epoch": 0.03856, "eta": 0.91904, "eta_hours": 0.00026, "loss": 0.69261291, "lr": 0.00019355, "params": 6465, "time_iter": 0.01285, "accuracy": 0.52381, "precision": 0.0, "recall": 0.0, "f1": 0.0, "auc": 0.33864}
{"epoch": 72, "time_epoch": 0.03864, "eta": 0.88837, "eta_hours": 0.00025, "loss": 0.6925222, "lr": 0.00018129, "params": 6465, "time_iter": 0.01288, "accuracy": 0.52381, "precision": 0.0, "recall": 0.0, "f1": 0.0, "auc": 0.55455}
{"epoch": 73, "time_epoch": 0.04865, "eta": 0.861, "eta_hours": 0.00024, "loss": 0.69255223, "lr": 0.00016934, "params": 6465, "time_iter": 0.01622, "accuracy": 0.52381, "precision": 0.0, "recall": 0.0, "f1": 0.0, "auc": 0.41136}
{"epoch": 74, "time_epoch": 0.04237, "eta": 0.83097, "eta_hours": 0.00023, "loss": 0.69252818, "lr": 0.00015773, "params": 6465, "time_iter": 0.01412, "accuracy": 0.52381, "precision": 0.0, "recall": 0.0, "f1": 0.0, "auc": 0.43409}
{"epoch": 75, "time_epoch": 0.03407, "eta": 0.79799, "eta_hours": 0.00022, "loss": 0.69256096, "lr": 0.00014645, "params": 6465, "time_iter": 0.01136, "accuracy": 0.52381, "precision": 0.0, "recall": 0.0, "f1": 0.0, "auc": 0.31364}
{"epoch": 76, "time_epoch": 0.04394, "eta": 0.76793, "eta_hours": 0.00021, "loss": 0.69252112, "lr": 0.00013552, "params": 6465, "time_iter": 0.01465, "accuracy": 0.52381, "precision": 0.0, "recall": 0.0, "f1": 0.0, "auc": 0.44545}
{"epoch": 77, "time_epoch": 0.04014, "eta": 0.73645, "eta_hours": 0.0002, "loss": 0.6925027, "lr": 0.00012494, "params": 6465, "time_iter": 0.01338, "accuracy": 0.52381, "precision": 0.0, "recall": 0.0, "f1": 0.0, "auc": 0.48409}
{"epoch": 78, "time_epoch": 0.03704, "eta": 0.70392, "eta_hours": 0.0002, "loss": 0.69251506, "lr": 0.00011474, "params": 6465, "time_iter": 0.01235, "accuracy": 0.52381, "precision": 0.0, "recall": 0.0, "f1": 0.0, "auc": 0.38636}
{"epoch": 79, "time_epoch": 0.03711, "eta": 0.6713, "eta_hours": 0.00019, "loss": 0.69250623, "lr": 0.00010492, "params": 6465, "time_iter": 0.01237, "accuracy": 0.52381, "precision": 0.0, "recall": 0.0, "f1": 0.0, "auc": 0.41477}
{"epoch": 80, "time_epoch": 0.03662, "eta": 0.63845, "eta_hours": 0.00018, "loss": 0.69250118, "lr": 9.549e-05, "params": 6465, "time_iter": 0.01221, "accuracy": 0.52381, "precision": 0.0, "recall": 0.0, "f1": 0.0, "auc": 0.40227}
{"epoch": 81, "time_epoch": 0.03681, "eta": 0.60555, "eta_hours": 0.00017, "loss": 0.69245685, "lr": 8.646e-05, "params": 6465, "time_iter": 0.01227, "accuracy": 0.52381, "precision": 0.0, "recall": 0.0, "f1": 0.0, "auc": 0.68864}
{"epoch": 82, "time_epoch": 0.03723, "eta": 0.57265, "eta_hours": 0.00016, "loss": 0.69248923, "lr": 7.784e-05, "params": 6465, "time_iter": 0.01241, "accuracy": 0.52381, "precision": 0.0, "recall": 0.0, "f1": 0.0, "auc": 0.45}
{"epoch": 83, "time_epoch": 0.03694, "eta": 0.53958, "eta_hours": 0.00015, "loss": 0.69247191, "lr": 6.963e-05, "params": 6465, "time_iter": 0.01231, "accuracy": 0.52381, "precision": 0.0, "recall": 0.0, "f1": 0.0, "auc": 0.56364}
{"epoch": 84, "time_epoch": 0.03759, "eta": 0.50654, "eta_hours": 0.00014, "loss": 0.69246594, "lr": 6.185e-05, "params": 6465, "time_iter": 0.01253, "accuracy": 0.52381, "precision": 0.0, "recall": 0.0, "f1": 0.0, "auc": 0.55682}
{"epoch": 85, "time_epoch": 0.03774, "eta": 0.47342, "eta_hours": 0.00013, "loss": 0.69246855, "lr": 5.45e-05, "params": 6465, "time_iter": 0.01258, "accuracy": 0.52381, "precision": 0.0, "recall": 0.0, "f1": 0.0, "auc": 0.51364}
{"epoch": 86, "time_epoch": 0.04131, "eta": 0.44072, "eta_hours": 0.00012, "loss": 0.69249214, "lr": 4.759e-05, "params": 6465, "time_iter": 0.01377, "accuracy": 0.52381, "precision": 0.0, "recall": 0.0, "f1": 0.0, "auc": 0.34432}
{"epoch": 87, "time_epoch": 0.03701, "eta": 0.40724, "eta_hours": 0.00011, "loss": 0.69246926, "lr": 4.112e-05, "params": 6465, "time_iter": 0.01234, "accuracy": 0.52381, "precision": 0.0, "recall": 0.0, "f1": 0.0, "auc": 0.46932}
{"epoch": 88, "time_epoch": 0.04233, "eta": 0.37434, "eta_hours": 0.0001, "loss": 0.69247544, "lr": 3.511e-05, "params": 6465, "time_iter": 0.01411, "accuracy": 0.52381, "precision": 0.0, "recall": 0.0, "f1": 0.0, "auc": 0.40227}
{"epoch": 89, "time_epoch": 0.04189, "eta": 0.34119, "eta_hours": 9e-05, "loss": 0.69245963, "lr": 2.956e-05, "params": 6465, "time_iter": 0.01396, "accuracy": 0.52381, "precision": 0.0, "recall": 0.0, "f1": 0.0, "auc": 0.55455}
{"epoch": 90, "time_epoch": 0.04161, "eta": 0.30781, "eta_hours": 9e-05, "loss": 0.69245822, "lr": 2.447e-05, "params": 6465, "time_iter": 0.01387, "accuracy": 0.52381, "precision": 0.0, "recall": 0.0, "f1": 0.0, "auc": 0.53636}
{"epoch": 91, "time_epoch": 0.0355, "eta": 0.27372, "eta_hours": 8e-05, "loss": 0.69244284, "lr": 1.985e-05, "params": 6465, "time_iter": 0.01183, "accuracy": 0.52381, "precision": 0.0, "recall": 0.0, "f1": 0.0, "auc": 0.71136}
{"epoch": 92, "time_epoch": 0.03543, "eta": 0.2396, "eta_hours": 7e-05, "loss": 0.69246978, "lr": 1.571e-05, "params": 6465, "time_iter": 0.01181, "accuracy": 0.52381, "precision": 0.0, "recall": 0.0, "f1": 0.0, "auc": 0.45568}
{"epoch": 93, "time_epoch": 0.03796, "eta": 0.20561, "eta_hours": 6e-05, "loss": 0.6924473, "lr": 1.204e-05, "params": 6465, "time_iter": 0.01265, "accuracy": 0.52381, "precision": 0.0, "recall": 0.0, "f1": 0.0, "auc": 0.65455}
{"epoch": 94, "time_epoch": 0.03326, "eta": 0.17129, "eta_hours": 5e-05, "loss": 0.69248282, "lr": 8.86e-06, "params": 6465, "time_iter": 0.01109, "accuracy": 0.52381, "precision": 0.0, "recall": 0.0, "f1": 0.0, "auc": 0.35682}
{"epoch": 95, "time_epoch": 0.04944, "eta": 0.13766, "eta_hours": 4e-05, "loss": 0.69244831, "lr": 6.16e-06, "params": 6465, "time_iter": 0.01648, "accuracy": 0.52381, "precision": 0.0, "recall": 0.0, "f1": 0.0, "auc": 0.63182}
{"epoch": 96, "time_epoch": 0.044, "eta": 0.10354, "eta_hours": 3e-05, "loss": 0.69245266, "lr": 3.94e-06, "params": 6465, "time_iter": 0.01467, "accuracy": 0.52381, "precision": 0.0, "recall": 0.0, "f1": 0.0, "auc": 0.5875}
{"epoch": 97, "time_epoch": 0.04289, "eta": 0.0692, "eta_hours": 2e-05, "loss": 0.69242895, "lr": 2.22e-06, "params": 6465, "time_iter": 0.0143, "accuracy": 0.52381, "precision": 0.0, "recall": 0.0, "f1": 0.0, "auc": 0.7}
{"epoch": 98, "time_epoch": 0.04465, "eta": 0.0347, "eta_hours": 1e-05, "loss": 0.69246465, "lr": 9.9e-07, "params": 6465, "time_iter": 0.01488, "accuracy": 0.52381, "precision": 0.0, "recall": 0.0, "f1": 0.0, "auc": 0.41364}
{"epoch": 99, "time_epoch": 0.03177, "eta": 0.0, "eta_hours": 0.0, "loss": 0.69246859, "lr": 2.5e-07, "params": 6465, "time_iter": 0.01059, "accuracy": 0.52381, "precision": 0.0, "recall": 0.0, "f1": 0.0, "auc": 0.51136}
