{"epoch": 43, "time_epoch": 2.21502, "time_epoch_std": 0.32354, "eta": 162.15272, "eta_std": 47.82229, "eta_hours": 0.04504, "eta_hours_std": 0.01328, "loss": 0.68948, "loss_std": 0.00216, "lr": 0.0008, "lr_std": 0.00016, "params": 6239.0, "params_std": 0.0, "time_iter": 0.05829, "time_iter_std": 0.00852, "accuracy": 0.54333, "accuracy_std": 0.01374, "accuracy_max": 0.55333, "precision": 0.54204, "precision_std": 0.0139, "recall": 0.82692, "recall_std": 0.11377, "f1": 0.65077, "f1_std": 0.02458, "auc": 0.54509, "auc_std": 0.02404}
