{"epoch": 0, "time_epoch": 20.65126, "eta": 2044.47485, "eta_hours": 0.56791, "loss": 0.69606245, "lr": 0.001, "params": 5289, "time_iter": 0.16521, "accuracy": 0.506, "precision": 0.506, "recall": 1.0, "f1": 0.67198, "auc": 0.50062}
{"epoch": 1, "time_epoch": 7.8705, "eta": 1397.56637, "eta_hours": 0.38821, "loss": 0.69417421, "lr": 0.00099975, "params": 5289, "time_iter": 0.06296, "accuracy": 0.494, "precision": 0.5, "recall": 0.96838, "f1": 0.65949, "auc": 0.46802}
{"epoch": 2, "time_epoch": 7.91802, "eta": 1178.21969, "eta_hours": 0.32728, "loss": 0.6942501, "lr": 0.00099901, "params": 5289, "time_iter": 0.06334, "accuracy": 0.496, "precision": 0.50237, "recall": 0.41897, "f1": 0.4569, "auc": 0.476}
{"epoch": 3, "time_epoch": 7.88353, "eta": 1063.75964, "eta_hours": 0.29549, "loss": 0.69464866, "lr": 0.00099778, "params": 5289, "time_iter": 0.06307, "accuracy": 0.506, "precision": 0.506, "recall": 1.0, "f1": 0.67198, "auc": 0.46176}
{"epoch": 4, "time_epoch": 7.91972, "eta": 992.61778, "eta_hours": 0.27573, "loss": 0.69372889, "lr": 0.00099606, "params": 5289, "time_iter": 0.06336, "accuracy": 0.502, "precision": 0.50402, "recall": 0.99209, "f1": 0.66844, "auc": 0.44506}
{"epoch": 5, "time_epoch": 7.8862, "eta": 942.02476, "eta_hours": 0.26167, "loss": 0.69359114, "lr": 0.00099384, "params": 5289, "time_iter": 0.06309, "accuracy": 0.492, "precision": 0.49886, "recall": 0.86166, "f1": 0.63188, "auc": 0.45681}
{"epoch": 6, "time_epoch": 7.92481, "eta": 904.14661, "eta_hours": 0.25115, "loss": 0.69407383, "lr": 0.00099114, "params": 5289, "time_iter": 0.0634, "accuracy": 0.506, "precision": 0.506, "recall": 1.0, "f1": 0.67198, "auc": 0.4083}
{"epoch": 7, "time_epoch": 7.90062, "eta": 873.47866, "eta_hours": 0.24263, "loss": 0.69387812, "lr": 0.00098796, "params": 5289, "time_iter": 0.0632, "accuracy": 0.506, "precision": 0.506, "recall": 1.0, "f1": 0.67198, "auc": 0.46203}
{"epoch": 8, "time_epoch": 7.89346, "eta": 847.79767, "eta_hours": 0.2355, "loss": 0.69404959, "lr": 0.00098429, "params": 5289, "time_iter": 0.06315, "accuracy": 0.506, "precision": 0.506, "recall": 1.0, "f1": 0.67198, "auc": 0.44693}
{"epoch": 9, "time_epoch": 7.88298, "eta": 825.57991, "eta_hours": 0.22933, "loss": 0.69387267, "lr": 0.00098015, "params": 5289, "time_iter": 0.06306, "accuracy": 0.484, "precision": 0.49288, "recall": 0.68379, "f1": 0.57285, "auc": 0.46968}
{"epoch": 10, "time_epoch": 7.85865, "eta": 805.77162, "eta_hours": 0.22383, "loss": 0.69371005, "lr": 0.00097553, "params": 5289, "time_iter": 0.06287, "accuracy": 0.492, "precision": 0.49898, "recall": 0.96838, "f1": 0.6586, "auc": 0.45333}
{"epoch": 11, "time_epoch": 7.86578, "eta": 788.00724, "eta_hours": 0.21889, "loss": 0.69378871, "lr": 0.00097044, "params": 5289, "time_iter": 0.06293, "accuracy": 0.506, "precision": 0.506, "recall": 1.0, "f1": 0.67198, "auc": 0.42081}
{"epoch": 12, "time_epoch": 7.85012, "eta": 771.66091, "eta_hours": 0.21435, "loss": 0.6935941, "lr": 0.00096489, "params": 5289, "time_iter": 0.0628, "accuracy": 0.506, "precision": 0.506, "recall": 1.0, "f1": 0.67198, "auc": 0.43323}
{"epoch": 13, "time_epoch": 7.78622, "eta": 756.13582, "eta_hours": 0.21004, "loss": 0.69358182, "lr": 0.00095888, "params": 5289, "time_iter": 0.06229, "accuracy": 0.506, "precision": 0.506, "recall": 1.0, "f1": 0.67198, "auc": 0.47602}
{"epoch": 14, "time_epoch": 7.85593, "eta": 742.0376, "eta_hours": 0.20612, "loss": 0.69364733, "lr": 0.00095241, "params": 5289, "time_iter": 0.06285, "accuracy": 0.476, "precision": 0.48515, "recall": 0.58103, "f1": 0.52878, "auc": 0.47579}
{"epoch": 15, "time_epoch": 7.84337, "eta": 728.6537, "eta_hours": 0.2024, "loss": 0.69377014, "lr": 0.0009455, "params": 5289, "time_iter": 0.06275, "accuracy": 0.49, "precision": 0.49727, "recall": 0.71937, "f1": 0.58805, "auc": 0.45887}
{"epoch": 16, "time_epoch": 7.87415, "eta": 716.07191, "eta_hours": 0.19891, "loss": 0.693472, "lr": 0.00093815, "params": 5289, "time_iter": 0.06299, "accuracy": 0.502, "precision": 0.50405, "recall": 0.98419, "f1": 0.66667, "auc": 0.46261}
{"epoch": 17, "time_epoch": 7.85196, "eta": 703.91211, "eta_hours": 0.19553, "loss": 0.69352424, "lr": 0.00093037, "params": 5289, "time_iter": 0.06282, "accuracy": 0.506, "precision": 0.506, "recall": 1.0, "f1": 0.67198, "auc": 0.46197}
{"epoch": 18, "time_epoch": 7.85243, "eta": 692.20777, "eta_hours": 0.19228, "loss": 0.69341539, "lr": 0.00092216, "params": 5289, "time_iter": 0.06282, "accuracy": 0.506, "precision": 0.506, "recall": 1.0, "f1": 0.67198, "auc": 0.46994}
{"epoch": 19, "time_epoch": 7.87003, "eta": 680.95901, "eta_hours": 0.18916, "loss": 0.69366561, "lr": 0.00091354, "params": 5289, "time_iter": 0.06296, "accuracy": 0.508, "precision": 0.50704, "recall": 0.99605, "f1": 0.672, "auc": 0.45662}
{"epoch": 20, "time_epoch": 7.84554, "eta": 669.93991, "eta_hours": 0.18609, "loss": 0.69401449, "lr": 0.00090451, "params": 5289, "time_iter": 0.06276, "accuracy": 0.482, "precision": 0.47321, "recall": 0.20949, "f1": 0.29041, "auc": 0.45205}
{"epoch": 21, "time_epoch": 7.85422, "eta": 659.2401, "eta_hours": 0.18312, "loss": 0.69353456, "lr": 0.00089508, "params": 5289, "time_iter": 0.06283, "accuracy": 0.506, "precision": 0.506, "recall": 1.0, "f1": 0.67198, "auc": 0.44711}
{"epoch": 22, "time_epoch": 7.86423, "eta": 648.82123, "eta_hours": 0.18023, "loss": 0.69348289, "lr": 0.00088526, "params": 5289, "time_iter": 0.06291, "accuracy": 0.506, "precision": 0.506, "recall": 1.0, "f1": 0.67198, "auc": 0.45874}
{"epoch": 23, "time_epoch": 7.85709, "eta": 638.59264, "eta_hours": 0.17739, "loss": 0.69408045, "lr": 0.00087506, "params": 5289, "time_iter": 0.06286, "accuracy": 0.506, "precision": 0.506, "recall": 1.0, "f1": 0.67198, "auc": 0.43982}
{"epoch": 24, "time_epoch": 7.85111, "eta": 628.53583, "eta_hours": 0.17459, "loss": 0.6937924, "lr": 0.00086448, "params": 5289, "time_iter": 0.06281, "accuracy": 0.506, "precision": 0.506, "recall": 1.0, "f1": 0.67198, "auc": 0.44944}
{"epoch": 25, "time_epoch": 7.85433, "eta": 618.65784, "eta_hours": 0.17185, "loss": 0.69362183, "lr": 0.00085355, "params": 5289, "time_iter": 0.06283, "accuracy": 0.498, "precision": 0.50202, "recall": 0.98419, "f1": 0.66489, "auc": 0.45885}
{"epoch": 26, "time_epoch": 7.84345, "eta": 608.90034, "eta_hours": 0.16914, "loss": 0.69365429, "lr": 0.00084227, "params": 5289, "time_iter": 0.06275, "accuracy": 0.506, "precision": 0.506, "recall": 1.0, "f1": 0.67198, "auc": 0.45759}
{"epoch": 27, "time_epoch": 7.87995, "eta": 599.37343, "eta_hours": 0.16649, "loss": 0.69333557, "lr": 0.00083066, "params": 5289, "time_iter": 0.06304, "accuracy": 0.498, "precision": 0.50211, "recall": 0.94071, "f1": 0.65475, "auc": 0.44938}
{"epoch": 28, "time_epoch": 7.85496, "eta": 589.89891, "eta_hours": 0.16386, "loss": 0.69372258, "lr": 0.00081871, "params": 5289, "time_iter": 0.06284, "accuracy": 0.484, "precision": 0.49392, "recall": 0.80237, "f1": 0.61145, "auc": 0.44576}
{"epoch": 29, "time_epoch": 7.83988, "eta": 580.49718, "eta_hours": 0.16125, "loss": 0.69371019, "lr": 0.00080645, "params": 5289, "time_iter": 0.06272, "accuracy": 0.484, "precision": 0.49471, "recall": 0.9249, "f1": 0.64463, "auc": 0.44933}
{"epoch": 30, "time_epoch": 7.86568, "eta": 571.25364, "eta_hours": 0.15868, "loss": 0.69348728, "lr": 0.00079389, "params": 5289, "time_iter": 0.06293, "accuracy": 0.506, "precision": 0.506, "recall": 1.0, "f1": 0.67198, "auc": 0.4282}
{"epoch": 31, "time_epoch": 7.83759, "eta": 562.03652, "eta_hours": 0.15612, "loss": 0.69336942, "lr": 0.00078104, "params": 5289, "time_iter": 0.0627, "accuracy": 0.49, "precision": 0.49782, "recall": 0.90119, "f1": 0.64135, "auc": 0.45887}
{"epoch": 32, "time_epoch": 7.85235, "eta": 552.93297, "eta_hours": 0.15359, "loss": 0.69342061, "lr": 0.00076791, "params": 5289, "time_iter": 0.06282, "accuracy": 0.506, "precision": 0.506, "recall": 1.0, "f1": 0.67198, "auc": 0.44933}
{"epoch": 33, "time_epoch": 7.86032, "eta": 543.91851, "eta_hours": 0.15109, "loss": 0.69342276, "lr": 0.00075452, "params": 5289, "time_iter": 0.06288, "accuracy": 0.506, "precision": 0.506, "recall": 1.0, "f1": 0.67198, "auc": 0.44549}
{"epoch": 34, "time_epoch": 7.85221, "eta": 534.95493, "eta_hours": 0.1486, "loss": 0.69347609, "lr": 0.00074088, "params": 5289, "time_iter": 0.06282, "accuracy": 0.506, "precision": 0.506, "recall": 1.0, "f1": 0.67198, "auc": 0.44569}
{"epoch": 35, "time_epoch": 7.8352, "eta": 526.02286, "eta_hours": 0.14612, "loss": 0.69347984, "lr": 0.000727, "params": 5289, "time_iter": 0.06268, "accuracy": 0.506, "precision": 0.506, "recall": 1.0, "f1": 0.67198, "auc": 0.45506}
{"epoch": 36, "time_epoch": 7.83887, "eta": 517.15632, "eta_hours": 0.14365, "loss": 0.69388122, "lr": 0.00071289, "params": 5289, "time_iter": 0.06271, "accuracy": 0.48, "precision": 0.48649, "recall": 0.49802, "f1": 0.49219, "auc": 0.4668}
{"epoch": 37, "time_epoch": 7.85769, "eta": 508.37458, "eta_hours": 0.14122, "loss": 0.69356294, "lr": 0.00069857, "params": 5289, "time_iter": 0.06286, "accuracy": 0.506, "precision": 0.506, "recall": 1.0, "f1": 0.67198, "auc": 0.44838}
{"epoch": 38, "time_epoch": 7.83123, "eta": 499.59884, "eta_hours": 0.13878, "loss": 0.69336035, "lr": 0.00068406, "params": 5289, "time_iter": 0.06265, "accuracy": 0.506, "precision": 0.506, "recall": 1.0, "f1": 0.67198, "auc": 0.4456}
{"epoch": 39, "time_epoch": 7.84394, "eta": 490.88939, "eta_hours": 0.13636, "loss": 0.69342556, "lr": 0.00066937, "params": 5289, "time_iter": 0.06275, "accuracy": 0.506, "precision": 0.506, "recall": 1.0, "f1": 0.67198, "auc": 0.46115}
{"epoch": 40, "time_epoch": 7.84873, "eta": 482.22905, "eta_hours": 0.13395, "loss": 0.69340738, "lr": 0.00065451, "params": 5289, "time_iter": 0.06279, "accuracy": 0.506, "precision": 0.506, "recall": 1.0, "f1": 0.67198, "auc": 0.46044}
{"epoch": 41, "time_epoch": 7.84551, "eta": 473.60292, "eta_hours": 0.13156, "loss": 0.69361945, "lr": 0.0006395, "params": 5289, "time_iter": 0.06276, "accuracy": 0.456, "precision": 0.4657, "recall": 0.50988, "f1": 0.48679, "auc": 0.44946}
{"epoch": 42, "time_epoch": 7.84589, "eta": 465.0136, "eta_hours": 0.12917, "loss": 0.69348849, "lr": 0.00062434, "params": 5289, "time_iter": 0.06277, "accuracy": 0.506, "precision": 0.506, "recall": 1.0, "f1": 0.67198, "auc": 0.45767}
{"epoch": 43, "time_epoch": 7.86234, "eta": 456.479, "eta_hours": 0.1268, "loss": 0.6934567, "lr": 0.00060907, "params": 5289, "time_iter": 0.0629, "accuracy": 0.506, "precision": 0.506, "recall": 1.0, "f1": 0.67198, "auc": 0.45516}
{"epoch": 44, "time_epoch": 7.86726, "eta": 447.98029, "eta_hours": 0.12444, "loss": 0.69339949, "lr": 0.00059369, "params": 5289, "time_iter": 0.06294, "accuracy": 0.482, "precision": 0.49312, "recall": 0.8498, "f1": 0.62409, "auc": 0.43587}
{"epoch": 45, "time_epoch": 7.89421, "eta": 439.54068, "eta_hours": 0.12209, "loss": 0.69355721, "lr": 0.00057822, "params": 5289, "time_iter": 0.06315, "accuracy": 0.506, "precision": 0.506, "recall": 1.0, "f1": 0.67198, "auc": 0.44175}
{"epoch": 46, "time_epoch": 7.85722, "eta": 431.08256, "eta_hours": 0.11975, "loss": 0.69340817, "lr": 0.00056267, "params": 5289, "time_iter": 0.06286, "accuracy": 0.506, "precision": 0.506, "recall": 1.0, "f1": 0.67198, "auc": 0.4443}
{"epoch": 47, "time_epoch": 7.86676, "eta": 422.65981, "eta_hours": 0.11741, "loss": 0.69330445, "lr": 0.00054705, "params": 5289, "time_iter": 0.06293, "accuracy": 0.506, "precision": 0.506, "recall": 1.0, "f1": 0.67198, "auc": 0.44086}
{"epoch": 48, "time_epoch": 7.86353, "eta": 414.2564, "eta_hours": 0.11507, "loss": 0.69328518, "lr": 0.0005314, "params": 5289, "time_iter": 0.06291, "accuracy": 0.506, "precision": 0.506, "recall": 1.0, "f1": 0.67198, "auc": 0.45239}
{"epoch": 49, "time_epoch": 7.86145, "eta": 405.8725, "eta_hours": 0.11274, "loss": 0.69331964, "lr": 0.00051571, "params": 5289, "time_iter": 0.06289, "accuracy": 0.506, "precision": 0.506, "recall": 1.0, "f1": 0.67198, "auc": 0.46712}
{"epoch": 50, "time_epoch": 7.85246, "eta": 397.50045, "eta_hours": 0.11042, "loss": 0.69333584, "lr": 0.0005, "params": 5289, "time_iter": 0.06282, "accuracy": 0.506, "precision": 0.506, "recall": 1.0, "f1": 0.67198, "auc": 0.44855}
{"epoch": 51, "time_epoch": 7.85667, "eta": 389.15227, "eta_hours": 0.1081, "loss": 0.69327185, "lr": 0.00048429, "params": 5289, "time_iter": 0.06285, "accuracy": 0.506, "precision": 0.506, "recall": 1.0, "f1": 0.67198, "auc": 0.44709}
{"epoch": 52, "time_epoch": 7.85781, "eta": 380.82365, "eta_hours": 0.10578, "loss": 0.69331766, "lr": 0.0004686, "params": 5289, "time_iter": 0.06286, "accuracy": 0.506, "precision": 0.506, "recall": 1.0, "f1": 0.67198, "auc": 0.43197}
{"epoch": 53, "time_epoch": 7.83606, "eta": 372.49395, "eta_hours": 0.10347, "loss": 0.69325713, "lr": 0.00045295, "params": 5289, "time_iter": 0.06269, "accuracy": 0.506, "precision": 0.506, "recall": 1.0, "f1": 0.67198, "auc": 0.44011}
{"epoch": 54, "time_epoch": 7.85227, "eta": 364.19545, "eta_hours": 0.10117, "loss": 0.69347158, "lr": 0.00043733, "params": 5289, "time_iter": 0.06282, "accuracy": 0.506, "precision": 0.506, "recall": 1.0, "f1": 0.67198, "auc": 0.45123}
{"epoch": 55, "time_epoch": 7.85903, "eta": 355.9182, "eta_hours": 0.09887, "loss": 0.69344592, "lr": 0.00042178, "params": 5289, "time_iter": 0.06287, "accuracy": 0.49, "precision": 0.49679, "recall": 0.61265, "f1": 0.54867, "auc": 0.46494}
{"epoch": 56, "time_epoch": 7.86768, "eta": 347.66215, "eta_hours": 0.09657, "loss": 0.69319471, "lr": 0.00040631, "params": 5289, "time_iter": 0.06294, "accuracy": 0.506, "precision": 0.506, "recall": 1.0, "f1": 0.67198, "auc": 0.45358}
{"epoch": 57, "time_epoch": 7.84898, "eta": 339.40595, "eta_hours": 0.09428, "loss": 0.69322972, "lr": 0.00039093, "params": 5289, "time_iter": 0.06279, "accuracy": 0.506, "precision": 0.506, "recall": 1.0, "f1": 0.67198, "auc": 0.46949}
{"epoch": 58, "time_epoch": 7.83986, "eta": 331.15722, "eta_hours": 0.09199, "loss": 0.69334015, "lr": 0.00037566, "params": 5289, "time_iter": 0.06272, "accuracy": 0.506, "precision": 0.506, "recall": 1.0, "f1": 0.67198, "auc": 0.46942}
{"epoch": 59, "time_epoch": 7.85864, "eta": 322.93464, "eta_hours": 0.0897, "loss": 0.69323593, "lr": 0.0003605, "params": 5289, "time_iter": 0.06287, "accuracy": 0.506, "precision": 0.506, "recall": 1.0, "f1": 0.67198, "auc": 0.46895}
{"epoch": 60, "time_epoch": 7.83767, "eta": 314.71058, "eta_hours": 0.08742, "loss": 0.69317284, "lr": 0.00034549, "params": 5289, "time_iter": 0.0627, "accuracy": 0.506, "precision": 0.506, "recall": 1.0, "f1": 0.67198, "auc": 0.45771}
{"epoch": 61, "time_epoch": 7.86365, "eta": 306.51491, "eta_hours": 0.08514, "loss": 0.69351569, "lr": 0.00033063, "params": 5289, "time_iter": 0.06291, "accuracy": 0.488, "precision": 0.49582, "recall": 0.70356, "f1": 0.5817, "auc": 0.45704}
{"epoch": 62, "time_epoch": 7.86367, "eta": 298.3298, "eta_hours": 0.08287, "loss": 0.69319138, "lr": 0.00031594, "params": 5289, "time_iter": 0.06291, "accuracy": 0.506, "precision": 0.506, "recall": 1.0, "f1": 0.67198, "auc": 0.45775}
{"epoch": 63, "time_epoch": 7.84383, "eta": 290.14357, "eta_hours": 0.0806, "loss": 0.69323375, "lr": 0.00030143, "params": 5289, "time_iter": 0.06275, "accuracy": 0.506, "precision": 0.506, "recall": 1.0, "f1": 0.67198, "auc": 0.47267}
{"epoch": 64, "time_epoch": 7.85245, "eta": 281.97251, "eta_hours": 0.07833, "loss": 0.69323194, "lr": 0.00028711, "params": 5289, "time_iter": 0.06282, "accuracy": 0.506, "precision": 0.506, "recall": 1.0, "f1": 0.67198, "auc": 0.47074}
{"epoch": 65, "time_epoch": 7.82726, "eta": 273.79814, "eta_hours": 0.07606, "loss": 0.69315539, "lr": 0.000273, "params": 5289, "time_iter": 0.06262, "accuracy": 0.506, "precision": 0.506, "recall": 1.0, "f1": 0.67198, "auc": 0.47552}
{"epoch": 66, "time_epoch": 7.85886, "eta": 265.64968, "eta_hours": 0.07379, "loss": 0.69319545, "lr": 0.00025912, "params": 5289, "time_iter": 0.06287, "accuracy": 0.506, "precision": 0.506, "recall": 1.0, "f1": 0.67198, "auc": 0.46809}
{"epoch": 67, "time_epoch": 7.85065, "eta": 257.50589, "eta_hours": 0.07153, "loss": 0.6933128, "lr": 0.00024548, "params": 5289, "time_iter": 0.06281, "accuracy": 0.506, "precision": 0.506, "recall": 1.0, "f1": 0.67198, "auc": 0.44414}
{"epoch": 68, "time_epoch": 7.84469, "eta": 249.36791, "eta_hours": 0.06927, "loss": 0.69319641, "lr": 0.00023209, "params": 5289, "time_iter": 0.06276, "accuracy": 0.506, "precision": 0.506, "recall": 1.0, "f1": 0.67198, "auc": 0.46324}
{"epoch": 69, "time_epoch": 7.84498, "eta": 241.23843, "eta_hours": 0.06701, "loss": 0.69311024, "lr": 0.00021896, "params": 5289, "time_iter": 0.06276, "accuracy": 0.506, "precision": 0.506, "recall": 1.0, "f1": 0.67198, "auc": 0.48194}
{"epoch": 70, "time_epoch": 7.82934, "eta": 233.11058, "eta_hours": 0.06475, "loss": 0.6930488, "lr": 0.00020611, "params": 5289, "time_iter": 0.06263, "accuracy": 0.506, "precision": 0.506, "recall": 1.0, "f1": 0.67198, "auc": 0.51086}
{"epoch": 71, "time_epoch": 7.82374, "eta": 224.98885, "eta_hours": 0.0625, "loss": 0.69256418, "lr": 0.00019355, "params": 5289, "time_iter": 0.06259, "accuracy": 0.506, "precision": 0.506, "recall": 1.0, "f1": 0.67198, "auc": 0.58692}
{"epoch": 72, "time_epoch": 7.85509, "eta": 216.88687, "eta_hours": 0.06025, "loss": 0.6915567, "lr": 0.00018129, "params": 5289, "time_iter": 0.06284, "accuracy": 0.524, "precision": 0.51861, "recall": 0.82609, "f1": 0.6372, "auc": 0.59111}
{"epoch": 73, "time_epoch": 7.88525, "eta": 208.80217, "eta_hours": 0.058, "loss": 0.69025574, "lr": 0.00016934, "params": 5289, "time_iter": 0.06308, "accuracy": 0.556, "precision": 0.54318, "recall": 0.77075, "f1": 0.63725, "auc": 0.60042}
{"epoch": 74, "time_epoch": 7.83921, "eta": 200.70743, "eta_hours": 0.05575, "loss": 0.69049241, "lr": 0.00015773, "params": 5289, "time_iter": 0.06271, "accuracy": 0.55, "precision": 0.54403, "recall": 0.68379, "f1": 0.60595, "auc": 0.57176}
{"epoch": 75, "time_epoch": 7.84493, "eta": 192.62123, "eta_hours": 0.05351, "loss": 0.68786513, "lr": 0.00014645, "params": 5289, "time_iter": 0.06276, "accuracy": 0.56, "precision": 0.55205, "recall": 0.6917, "f1": 0.61404, "auc": 0.60494}
{"epoch": 76, "time_epoch": 7.83601, "eta": 184.53863, "eta_hours": 0.05126, "loss": 0.6865315, "lr": 0.00013552, "params": 5289, "time_iter": 0.06269, "accuracy": 0.58, "precision": 0.57762, "recall": 0.63241, "f1": 0.60377, "auc": 0.60737}
{"epoch": 77, "time_epoch": 7.83649, "eta": 176.46249, "eta_hours": 0.04902, "loss": 0.68419023, "lr": 0.00012494, "params": 5289, "time_iter": 0.06269, "accuracy": 0.602, "precision": 0.59926, "recall": 0.64427, "f1": 0.62095, "auc": 0.62107}
{"epoch": 78, "time_epoch": 7.82352, "eta": 168.38897, "eta_hours": 0.04677, "loss": 0.68368754, "lr": 0.00011474, "params": 5289, "time_iter": 0.06259, "accuracy": 0.574, "precision": 0.57407, "recall": 0.61265, "f1": 0.59273, "auc": 0.61156}
{"epoch": 79, "time_epoch": 7.84233, "eta": 160.3264, "eta_hours": 0.04454, "loss": 0.6828514, "lr": 0.00010492, "params": 5289, "time_iter": 0.06274, "accuracy": 0.57, "precision": 0.57661, "recall": 0.56522, "f1": 0.57086, "auc": 0.60358}
{"epoch": 80, "time_epoch": 7.83485, "eta": 152.26751, "eta_hours": 0.0423, "loss": 0.67963323, "lr": 9.549e-05, "params": 5289, "time_iter": 0.06268, "accuracy": 0.588, "precision": 0.59289, "recall": 0.59289, "f1": 0.59289, "auc": 0.62388}
{"epoch": 81, "time_epoch": 7.83405, "eta": 144.21391, "eta_hours": 0.04006, "loss": 0.68008299, "lr": 8.646e-05, "params": 5289, "time_iter": 0.06267, "accuracy": 0.598, "precision": 0.59701, "recall": 0.63241, "f1": 0.6142, "auc": 0.61801}
{"epoch": 82, "time_epoch": 7.8536, "eta": 136.16961, "eta_hours": 0.03782, "loss": 0.68056475, "lr": 7.784e-05, "params": 5289, "time_iter": 0.06283, "accuracy": 0.566, "precision": 0.56977, "recall": 0.58103, "f1": 0.57534, "auc": 0.61159}
{"epoch": 83, "time_epoch": 7.85802, "eta": 128.13069, "eta_hours": 0.03559, "loss": 0.67632035, "lr": 6.963e-05, "params": 5289, "time_iter": 0.06286, "accuracy": 0.606, "precision": 0.60853, "recall": 0.62055, "f1": 0.61448, "auc": 0.63378}
{"epoch": 84, "time_epoch": 7.84868, "eta": 120.09437, "eta_hours": 0.03336, "loss": 0.6760145, "lr": 6.185e-05, "params": 5289, "time_iter": 0.06279, "accuracy": 0.588, "precision": 0.59363, "recall": 0.58893, "f1": 0.59127, "auc": 0.62841}
{"epoch": 85, "time_epoch": 7.84813, "eta": 112.06234, "eta_hours": 0.03113, "loss": 0.67230213, "lr": 5.45e-05, "params": 5289, "time_iter": 0.06279, "accuracy": 0.606, "precision": 0.6129, "recall": 0.60079, "f1": 0.60679, "auc": 0.64614}
{"epoch": 86, "time_epoch": 7.84893, "eta": 104.03464, "eta_hours": 0.0289, "loss": 0.67189007, "lr": 4.759e-05, "params": 5289, "time_iter": 0.06279, "accuracy": 0.604, "precision": 0.60536, "recall": 0.62451, "f1": 0.61479, "auc": 0.64064}
{"epoch": 87, "time_epoch": 7.90354, "eta": 96.01846, "eta_hours": 0.02667, "loss": 0.67562563, "lr": 4.112e-05, "params": 5289, "time_iter": 0.06323, "accuracy": 0.586, "precision": 0.59274, "recall": 0.58103, "f1": 0.58683, "auc": 0.62059}
{"epoch": 88, "time_epoch": 7.84914, "eta": 87.99809, "eta_hours": 0.02444, "loss": 0.67834488, "lr": 3.511e-05, "params": 5289, "time_iter": 0.06279, "accuracy": 0.57, "precision": 0.57661, "recall": 0.56522, "f1": 0.57086, "auc": 0.60367}
{"epoch": 89, "time_epoch": 7.8337, "eta": 79.9798, "eta_hours": 0.02222, "loss": 0.66660412, "lr": 2.956e-05, "params": 5289, "time_iter": 0.06267, "accuracy": 0.612, "precision": 0.61569, "recall": 0.62055, "f1": 0.61811, "auc": 0.65761}
{"epoch": 90, "time_epoch": 7.98389, "eta": 71.98043, "eta_hours": 0.01999, "loss": 0.66908765, "lr": 2.447e-05, "params": 5289, "time_iter": 0.06387, "accuracy": 0.6, "precision": 0.60558, "recall": 0.60079, "f1": 0.60317, "auc": 0.642}
{"epoch": 91, "time_epoch": 9.38843, "eta": 64.10353, "eta_hours": 0.01781, "loss": 0.66953258, "lr": 1.985e-05, "params": 5289, "time_iter": 0.07511, "accuracy": 0.594, "precision": 0.60331, "recall": 0.57708, "f1": 0.5899, "auc": 0.64371}
{"epoch": 92, "time_epoch": 9.34936, "eta": 56.19118, "eta_hours": 0.01561, "loss": 0.67358232, "lr": 1.571e-05, "params": 5289, "time_iter": 0.07479, "accuracy": 0.594, "precision": 0.60684, "recall": 0.56126, "f1": 0.58316, "auc": 0.62523}
{"epoch": 93, "time_epoch": 9.40218, "eta": 48.25162, "eta_hours": 0.0134, "loss": 0.66348931, "lr": 1.204e-05, "params": 5289, "time_iter": 0.07522, "accuracy": 0.6, "precision": 0.60474, "recall": 0.60474, "f1": 0.60474, "auc": 0.66582}
{"epoch": 94, "time_epoch": 9.39745, "eta": 40.28103, "eta_hours": 0.01119, "loss": 0.67609997, "lr": 8.86e-06, "params": 5289, "time_iter": 0.07518, "accuracy": 0.572, "precision": 0.58091, "recall": 0.55336, "f1": 0.5668, "auc": 0.60679}
{"epoch": 95, "time_epoch": 9.38479, "eta": 32.28018, "eta_hours": 0.00897, "loss": 0.67290782, "lr": 6.16e-06, "params": 5289, "time_iter": 0.07508, "accuracy": 0.584, "precision": 0.59109, "recall": 0.57708, "f1": 0.584, "auc": 0.62462}
{"epoch": 96, "time_epoch": 9.40217, "eta": 24.25133, "eta_hours": 0.00674, "loss": 0.67123919, "lr": 3.94e-06, "params": 5289, "time_iter": 0.07522, "accuracy": 0.598, "precision": 0.60656, "recall": 0.58498, "f1": 0.59557, "auc": 0.63036}
{"epoch": 97, "time_epoch": 9.39221, "eta": 16.19426, "eta_hours": 0.0045, "loss": 0.67306611, "lr": 2.22e-06, "params": 5289, "time_iter": 0.07514, "accuracy": 0.594, "precision": 0.59766, "recall": 0.60474, "f1": 0.60118, "auc": 0.61843}
{"epoch": 98, "time_epoch": 9.39192, "eta": 8.11021, "eta_hours": 0.00225, "loss": 0.67287177, "lr": 9.9e-07, "params": 5289, "time_iter": 0.07514, "accuracy": 0.594, "precision": 0.60331, "recall": 0.57708, "f1": 0.5899, "auc": 0.62915}
{"epoch": 99, "time_epoch": 9.41931, "eta": 0.0, "eta_hours": 0.0, "loss": 0.66983532, "lr": 2.5e-07, "params": 5289, "time_iter": 0.07535, "accuracy": 0.616, "precision": 0.62656, "recall": 0.59684, "f1": 0.61134, "auc": 0.64128}
