{"epoch": 0, "time_epoch": 24.76189, "eta": 2451.42734, "eta_hours": 0.68095, "loss": 1.10215609, "lr": 0.001, "params": 5327, "time_iter": 0.13171, "accuracy": 0.34267, "f1": 0.26562, "auc": 0.47184}
{"epoch": 1, "time_epoch": 12.05792, "eta": 1804.17065, "eta_hours": 0.50116, "loss": 1.09976455, "lr": 0.00099975, "params": 5327, "time_iter": 0.06414, "accuracy": 0.35467, "f1": 0.17996, "auc": 0.47716}
{"epoch": 2, "time_epoch": 12.06354, "eta": 1580.56167, "eta_hours": 0.43904, "loss": 1.0996537, "lr": 0.00099901, "params": 5327, "time_iter": 0.06417, "accuracy": 0.35467, "f1": 0.17454, "auc": 0.46568}
{"epoch": 3, "time_epoch": 12.11037, "eta": 1463.84938, "eta_hours": 0.40662, "loss": 1.09937411, "lr": 0.00099778, "params": 5327, "time_iter": 0.06442, "accuracy": 0.35067, "f1": 0.18758, "auc": 0.46856}
{"epoch": 4, "time_epoch": 12.03282, "eta": 1387.50442, "eta_hours": 0.38542, "loss": 1.09913423, "lr": 0.00099606, "params": 5327, "time_iter": 0.064, "accuracy": 0.35467, "f1": 0.17454, "auc": 0.47094}
{"epoch": 5, "time_epoch": 12.01372, "eta": 1332.2975, "eta_hours": 0.37008, "loss": 1.09878503, "lr": 0.00099384, "params": 5327, "time_iter": 0.0639, "accuracy": 0.356, "f1": 0.17779, "auc": 0.48352}
{"epoch": 6, "time_epoch": 12.01484, "eta": 1289.44637, "eta_hours": 0.35818, "loss": 1.10053785, "lr": 0.00099114, "params": 5327, "time_iter": 0.06391, "accuracy": 0.33733, "f1": 0.1909, "auc": 0.48624}
{"epoch": 7, "time_epoch": 12.03338, "eta": 1254.51759, "eta_hours": 0.34848, "loss": 1.09904465, "lr": 0.00098796, "params": 5327, "time_iter": 0.06401, "accuracy": 0.36267, "f1": 0.20909, "auc": 0.48432}
{"epoch": 8, "time_epoch": 12.02592, "eta": 1224.60124, "eta_hours": 0.34017, "loss": 1.09927991, "lr": 0.00098429, "params": 5327, "time_iter": 0.06397, "accuracy": 0.35467, "f1": 0.17454, "auc": 0.47176}
{"epoch": 9, "time_epoch": 12.00447, "eta": 1198.06991, "eta_hours": 0.3328, "loss": 1.09904526, "lr": 0.00098015, "params": 5327, "time_iter": 0.06385, "accuracy": 0.352, "f1": 0.18193, "auc": 0.47327}
{"epoch": 10, "time_epoch": 11.99694, "eta": 1174.11889, "eta_hours": 0.32614, "loss": 1.09816403, "lr": 0.00097553, "params": 5327, "time_iter": 0.06381, "accuracy": 0.35467, "f1": 0.17454, "auc": 0.47075}
{"epoch": 11, "time_epoch": 12.01798, "eta": 1152.31449, "eta_hours": 0.32009, "loss": 1.09746609, "lr": 0.00097044, "params": 5327, "time_iter": 0.06393, "accuracy": 0.36, "f1": 0.29892, "auc": 0.50404}
{"epoch": 12, "time_epoch": 12.10037, "eta": 1132.56712, "eta_hours": 0.3146, "loss": 1.09899633, "lr": 0.00096489, "params": 5327, "time_iter": 0.06436, "accuracy": 0.35733, "f1": 0.19427, "auc": 0.48806}
{"epoch": 13, "time_epoch": 12.05996, "eta": 1113.66391, "eta_hours": 0.30935, "loss": 1.09808309, "lr": 0.00095888, "params": 5327, "time_iter": 0.06415, "accuracy": 0.34, "f1": 0.30623, "auc": 0.50891}
{"epoch": 14, "time_epoch": 12.01867, "eta": 1095.43915, "eta_hours": 0.30429, "loss": 1.09855896, "lr": 0.00095241, "params": 5327, "time_iter": 0.06393, "accuracy": 0.35467, "f1": 0.21893, "auc": 0.49503}
{"epoch": 15, "time_epoch": 11.97814, "eta": 1077.7774, "eta_hours": 0.29938, "loss": 1.09849747, "lr": 0.0009455, "params": 5327, "time_iter": 0.06371, "accuracy": 0.35333, "f1": 0.18823, "auc": 0.49711}
{"epoch": 16, "time_epoch": 11.9982, "eta": 1060.88224, "eta_hours": 0.29469, "loss": 1.0982803, "lr": 0.00093815, "params": 5327, "time_iter": 0.06382, "accuracy": 0.34667, "f1": 0.20178, "auc": 0.49384}
{"epoch": 17, "time_epoch": 12.0303, "eta": 1044.67742, "eta_hours": 0.29019, "loss": 1.09862115, "lr": 0.00093037, "params": 5327, "time_iter": 0.06399, "accuracy": 0.35067, "f1": 0.2199, "auc": 0.48944}
{"epoch": 18, "time_epoch": 12.00831, "eta": 1028.81828, "eta_hours": 0.28578, "loss": 1.09854052, "lr": 0.00092216, "params": 5327, "time_iter": 0.06387, "accuracy": 0.352, "f1": 0.1941, "auc": 0.47826}
{"epoch": 19, "time_epoch": 11.99817, "eta": 1013.30366, "eta_hours": 0.28147, "loss": 1.09845643, "lr": 0.00091354, "params": 5327, "time_iter": 0.06382, "accuracy": 0.34667, "f1": 0.19626, "auc": 0.49032}
{"epoch": 20, "time_epoch": 11.9869, "eta": 998.08153, "eta_hours": 0.27724, "loss": 1.09875301, "lr": 0.00090451, "params": 5327, "time_iter": 0.06376, "accuracy": 0.356, "f1": 0.18032, "auc": 0.49626}
{"epoch": 21, "time_epoch": 12.01143, "eta": 983.24048, "eta_hours": 0.27312, "loss": 1.09815305, "lr": 0.00089508, "params": 5327, "time_iter": 0.06389, "accuracy": 0.34533, "f1": 0.24716, "auc": 0.49161}
{"epoch": 22, "time_epoch": 12.01827, "eta": 968.66841, "eta_hours": 0.26907, "loss": 1.09993031, "lr": 0.00088526, "params": 5327, "time_iter": 0.06393, "accuracy": 0.35867, "f1": 0.20241, "auc": 0.47052}
{"epoch": 23, "time_epoch": 12.15631, "eta": 954.74627, "eta_hours": 0.26521, "loss": 1.097553, "lr": 0.00087506, "params": 5327, "time_iter": 0.06466, "accuracy": 0.356, "f1": 0.17747, "auc": 0.49504}
{"epoch": 24, "time_epoch": 12.00673, "eta": 940.51665, "eta_hours": 0.26125, "loss": 1.09929028, "lr": 0.00086448, "params": 5327, "time_iter": 0.06387, "accuracy": 0.35467, "f1": 0.1876, "auc": 0.48619}
{"epoch": 25, "time_epoch": 11.98597, "eta": 926.39894, "eta_hours": 0.25733, "loss": 1.09782614, "lr": 0.00085355, "params": 5327, "time_iter": 0.06376, "accuracy": 0.35333, "f1": 0.18716, "auc": 0.49286}
{"epoch": 26, "time_epoch": 11.9974, "eta": 912.47003, "eta_hours": 0.25346, "loss": 1.0989843, "lr": 0.00084227, "params": 5327, "time_iter": 0.06382, "accuracy": 0.356, "f1": 0.18491, "auc": 0.47026}
{"epoch": 27, "time_epoch": 12.11271, "eta": 898.97561, "eta_hours": 0.24972, "loss": 1.09817032, "lr": 0.00083066, "params": 5327, "time_iter": 0.06443, "accuracy": 0.35333, "f1": 0.1793, "auc": 0.4866}
{"epoch": 28, "time_epoch": 11.97722, "eta": 885.24475, "eta_hours": 0.2459, "loss": 1.09815094, "lr": 0.00081871, "params": 5327, "time_iter": 0.06371, "accuracy": 0.364, "f1": 0.21152, "auc": 0.49478}
{"epoch": 29, "time_epoch": 12.00125, "eta": 871.68688, "eta_hours": 0.24214, "loss": 1.09887105, "lr": 0.00080645, "params": 5327, "time_iter": 0.06384, "accuracy": 0.348, "f1": 0.19517, "auc": 0.49362}
{"epoch": 30, "time_epoch": 11.98558, "eta": 858.19456, "eta_hours": 0.23839, "loss": 1.09858545, "lr": 0.00079389, "params": 5327, "time_iter": 0.06375, "accuracy": 0.35067, "f1": 0.18758, "auc": 0.48969}
{"epoch": 31, "time_epoch": 11.99814, "eta": 844.82309, "eta_hours": 0.23467, "loss": 1.09772806, "lr": 0.00078104, "params": 5327, "time_iter": 0.06382, "accuracy": 0.352, "f1": 0.19642, "auc": 0.4847}
{"epoch": 32, "time_epoch": 12.01283, "eta": 831.56469, "eta_hours": 0.23099, "loss": 1.09943978, "lr": 0.00076791, "params": 5327, "time_iter": 0.0639, "accuracy": 0.364, "f1": 0.21715, "auc": 0.48119}
{"epoch": 33, "time_epoch": 12.02, "eta": 818.39348, "eta_hours": 0.22733, "loss": 1.09926691, "lr": 0.00075452, "params": 5327, "time_iter": 0.06394, "accuracy": 0.34933, "f1": 0.18941, "auc": 0.48333}
{"epoch": 34, "time_epoch": 12.07556, "eta": 805.39123, "eta_hours": 0.22372, "loss": 1.09750102, "lr": 0.00074088, "params": 5327, "time_iter": 0.06423, "accuracy": 0.352, "f1": 0.20045, "auc": 0.49893}
{"epoch": 35, "time_epoch": 11.98341, "eta": 792.27663, "eta_hours": 0.22008, "loss": 1.09629854, "lr": 0.000727, "params": 5327, "time_iter": 0.06374, "accuracy": 0.36, "f1": 0.19561, "auc": 0.50775}
{"epoch": 36, "time_epoch": 11.9955, "eta": 779.24377, "eta_hours": 0.21646, "loss": 1.09751994, "lr": 0.00071289, "params": 5327, "time_iter": 0.06381, "accuracy": 0.336, "f1": 0.24371, "auc": 0.51024}
{"epoch": 37, "time_epoch": 11.99298, "eta": 766.2614, "eta_hours": 0.21285, "loss": 1.09855848, "lr": 0.00069857, "params": 5327, "time_iter": 0.06379, "accuracy": 0.33867, "f1": 0.25155, "auc": 0.4915}
{"epoch": 38, "time_epoch": 12.00312, "eta": 753.34562, "eta_hours": 0.20926, "loss": 1.09983664, "lr": 0.00068406, "params": 5327, "time_iter": 0.06385, "accuracy": 0.352, "f1": 0.18358, "auc": 0.4693}
{"epoch": 39, "time_epoch": 12.00166, "eta": 740.47329, "eta_hours": 0.20569, "loss": 1.09681947, "lr": 0.00066937, "params": 5327, "time_iter": 0.06384, "accuracy": 0.35467, "f1": 0.18226, "auc": 0.50257}
{"epoch": 40, "time_epoch": 11.99445, "eta": 727.63305, "eta_hours": 0.20212, "loss": 1.09599166, "lr": 0.00065451, "params": 5327, "time_iter": 0.0638, "accuracy": 0.35333, "f1": 0.2063, "auc": 0.51175}
{"epoch": 41, "time_epoch": 12.02563, "eta": 714.87615, "eta_hours": 0.19858, "loss": 1.09990703, "lr": 0.0006395, "params": 5327, "time_iter": 0.06397, "accuracy": 0.35333, "f1": 0.19943, "auc": 0.47661}
{"epoch": 42, "time_epoch": 12.02534, "eta": 702.15288, "eta_hours": 0.19504, "loss": 1.09789413, "lr": 0.00062434, "params": 5327, "time_iter": 0.06396, "accuracy": 0.35467, "f1": 0.18451, "auc": 0.48109}
{"epoch": 43, "time_epoch": 12.03515, "eta": 689.47381, "eta_hours": 0.19152, "loss": 1.09821448, "lr": 0.00060907, "params": 5327, "time_iter": 0.06402, "accuracy": 0.35067, "f1": 0.17325, "auc": 0.48644}
{"epoch": 44, "time_epoch": 12.0157, "eta": 676.7996, "eta_hours": 0.188, "loss": 1.09834534, "lr": 0.00059369, "params": 5327, "time_iter": 0.06391, "accuracy": 0.34933, "f1": 0.18691, "auc": 0.48704}
{"epoch": 45, "time_epoch": 11.9926, "eta": 664.1269, "eta_hours": 0.18448, "loss": 1.09795684, "lr": 0.00057822, "params": 5327, "time_iter": 0.06379, "accuracy": 0.35467, "f1": 0.19103, "auc": 0.49176}
{"epoch": 46, "time_epoch": 11.99433, "eta": 651.48509, "eta_hours": 0.18097, "loss": 1.09847686, "lr": 0.00056267, "params": 5327, "time_iter": 0.0638, "accuracy": 0.35733, "f1": 0.19, "auc": 0.47835}
{"epoch": 47, "time_epoch": 12.05592, "eta": 638.93698, "eta_hours": 0.17748, "loss": 1.09817646, "lr": 0.00054705, "params": 5327, "time_iter": 0.06413, "accuracy": 0.36, "f1": 0.18611, "auc": 0.49508}
{"epoch": 48, "time_epoch": 12.00908, "eta": 626.36021, "eta_hours": 0.17399, "loss": 1.09632155, "lr": 0.0005314, "params": 5327, "time_iter": 0.06388, "accuracy": 0.36667, "f1": 0.20878, "auc": 0.50375}
{"epoch": 49, "time_epoch": 12.00208, "eta": 613.79914, "eta_hours": 0.1705, "loss": 1.09834689, "lr": 0.00051571, "params": 5327, "time_iter": 0.06384, "accuracy": 0.34533, "f1": 0.18038, "auc": 0.48495}
{"epoch": 50, "time_epoch": 11.99623, "eta": 601.25437, "eta_hours": 0.16702, "loss": 1.09960469, "lr": 0.0005, "params": 5327, "time_iter": 0.06381, "accuracy": 0.352, "f1": 0.17409, "auc": 0.47139}
{"epoch": 51, "time_epoch": 12.00413, "eta": 588.73799, "eta_hours": 0.16354, "loss": 1.09669585, "lr": 0.00048429, "params": 5327, "time_iter": 0.06385, "accuracy": 0.356, "f1": 0.18222, "auc": 0.50293}
{"epoch": 52, "time_epoch": 11.99762, "eta": 576.23518, "eta_hours": 0.16007, "loss": 1.09789481, "lr": 0.0004686, "params": 5327, "time_iter": 0.06382, "accuracy": 0.36667, "f1": 0.2182, "auc": 0.48802}
{"epoch": 53, "time_epoch": 12.00771, "eta": 563.75967, "eta_hours": 0.1566, "loss": 1.09696903, "lr": 0.00045295, "params": 5327, "time_iter": 0.06387, "accuracy": 0.35867, "f1": 0.19728, "auc": 0.5062}
{"epoch": 54, "time_epoch": 12.03944, "eta": 551.32713, "eta_hours": 0.15315, "loss": 1.09899718, "lr": 0.00043733, "params": 5327, "time_iter": 0.06404, "accuracy": 0.356, "f1": 0.19469, "auc": 0.48747}
{"epoch": 55, "time_epoch": 12.00871, "eta": 538.88448, "eta_hours": 0.14969, "loss": 1.09735992, "lr": 0.00042178, "params": 5327, "time_iter": 0.06388, "accuracy": 0.34933, "f1": 0.18467, "auc": 0.49293}
{"epoch": 56, "time_epoch": 11.81728, "eta": 526.31265, "eta_hours": 0.1462, "loss": 1.09681377, "lr": 0.00040631, "params": 5327, "time_iter": 0.06286, "accuracy": 0.35733, "f1": 0.19216, "auc": 0.50494}
{"epoch": 57, "time_epoch": 12.01086, "eta": 513.90701, "eta_hours": 0.14275, "loss": 1.09795686, "lr": 0.00039093, "params": 5327, "time_iter": 0.06389, "accuracy": 0.35467, "f1": 0.19591, "auc": 0.51016}
{"epoch": 58, "time_epoch": 11.82832, "eta": 501.38791, "eta_hours": 0.13927, "loss": 1.09751879, "lr": 0.00037566, "params": 5327, "time_iter": 0.06292, "accuracy": 0.35867, "f1": 0.2241, "auc": 0.51137}
{"epoch": 59, "time_epoch": 11.99433, "eta": 489.00251, "eta_hours": 0.13583, "loss": 1.09618973, "lr": 0.0003605, "params": 5327, "time_iter": 0.0638, "accuracy": 0.356, "f1": 0.20434, "auc": 0.51844}
{"epoch": 60, "time_epoch": 12.01389, "eta": 476.64243, "eta_hours": 0.1324, "loss": 1.09897456, "lr": 0.00034549, "params": 5327, "time_iter": 0.0639, "accuracy": 0.35067, "f1": 0.19627, "auc": 0.48938}
{"epoch": 61, "time_epoch": 12.0115, "eta": 464.29206, "eta_hours": 0.12897, "loss": 1.09730096, "lr": 0.00033063, "params": 5327, "time_iter": 0.06389, "accuracy": 0.36, "f1": 0.19981, "auc": 0.50615}
{"epoch": 62, "time_epoch": 12.01168, "eta": 451.95255, "eta_hours": 0.12554, "loss": 1.0980234, "lr": 0.00031594, "params": 5327, "time_iter": 0.06389, "accuracy": 0.364, "f1": 0.22212, "auc": 0.49744}
{"epoch": 63, "time_epoch": 12.01301, "eta": 439.62404, "eta_hours": 0.12212, "loss": 1.0965153, "lr": 0.00030143, "params": 5327, "time_iter": 0.0639, "accuracy": 0.36133, "f1": 0.21895, "auc": 0.50878}
{"epoch": 64, "time_epoch": 12.00538, "eta": 427.30112, "eta_hours": 0.11869, "loss": 1.09733678, "lr": 0.00028711, "params": 5327, "time_iter": 0.06386, "accuracy": 0.34933, "f1": 0.19909, "auc": 0.49863}
{"epoch": 65, "time_epoch": 12.01791, "eta": 414.99428, "eta_hours": 0.11528, "loss": 1.09835019, "lr": 0.000273, "params": 5327, "time_iter": 0.06393, "accuracy": 0.344, "f1": 0.18248, "auc": 0.48683}
{"epoch": 66, "time_epoch": 12.01799, "eta": 402.69611, "eta_hours": 0.11186, "loss": 1.09913433, "lr": 0.00025912, "params": 5327, "time_iter": 0.06393, "accuracy": 0.352, "f1": 0.18664, "auc": 0.4891}
{"epoch": 67, "time_epoch": 12.01339, "eta": 390.40401, "eta_hours": 0.10845, "loss": 1.09842971, "lr": 0.00024548, "params": 5327, "time_iter": 0.0639, "accuracy": 0.36133, "f1": 0.19881, "auc": 0.49225}
{"epoch": 68, "time_epoch": 12.00488, "eta": 378.11617, "eta_hours": 0.10503, "loss": 1.09790693, "lr": 0.00023209, "params": 5327, "time_iter": 0.06386, "accuracy": 0.35867, "f1": 0.19756, "auc": 0.49666}
{"epoch": 69, "time_epoch": 12.03498, "eta": 365.84931, "eta_hours": 0.10162, "loss": 1.09726471, "lr": 0.00021896, "params": 5327, "time_iter": 0.06402, "accuracy": 0.35867, "f1": 0.20113, "auc": 0.4955}
{"epoch": 70, "time_epoch": 12.01445, "eta": 353.58059, "eta_hours": 0.09822, "loss": 1.09782121, "lr": 0.00020611, "params": 5327, "time_iter": 0.06391, "accuracy": 0.35067, "f1": 0.18746, "auc": 0.4998}
{"epoch": 71, "time_epoch": 12.01795, "eta": 341.3203, "eta_hours": 0.09481, "loss": 1.09760084, "lr": 0.00019355, "params": 5327, "time_iter": 0.06393, "accuracy": 0.36133, "f1": 0.19609, "auc": 0.49159}
{"epoch": 72, "time_epoch": 11.99554, "eta": 329.05836, "eta_hours": 0.09141, "loss": 1.09683785, "lr": 0.00018129, "params": 5327, "time_iter": 0.06381, "accuracy": 0.364, "f1": 0.2036, "auc": 0.51087}
{"epoch": 73, "time_epoch": 12.02322, "eta": 316.81335, "eta_hours": 0.088, "loss": 1.09819866, "lr": 0.00016934, "params": 5327, "time_iter": 0.06395, "accuracy": 0.356, "f1": 0.19191, "auc": 0.50175}
{"epoch": 74, "time_epoch": 12.00359, "eta": 304.56771, "eta_hours": 0.0846, "loss": 1.09758762, "lr": 0.00015773, "params": 5327, "time_iter": 0.06385, "accuracy": 0.356, "f1": 0.1937, "auc": 0.49314}
{"epoch": 75, "time_epoch": 12.02898, "eta": 292.33645, "eta_hours": 0.0812, "loss": 1.09760874, "lr": 0.00014645, "params": 5327, "time_iter": 0.06398, "accuracy": 0.352, "f1": 0.18813, "auc": 0.49404}
{"epoch": 76, "time_epoch": 12.00851, "eta": 280.10434, "eta_hours": 0.07781, "loss": 1.09652581, "lr": 0.00013552, "params": 5327, "time_iter": 0.06388, "accuracy": 0.356, "f1": 0.18249, "auc": 0.50636}
{"epoch": 77, "time_epoch": 11.99593, "eta": 267.87441, "eta_hours": 0.07441, "loss": 1.09698062, "lr": 0.00012494, "params": 5327, "time_iter": 0.06381, "accuracy": 0.356, "f1": 0.19389, "auc": 0.49737}
{"epoch": 78, "time_epoch": 11.99905, "eta": 255.65123, "eta_hours": 0.07101, "loss": 1.09645698, "lr": 0.00011474, "params": 5327, "time_iter": 0.06382, "accuracy": 0.35467, "f1": 0.19744, "auc": 0.51289}
{"epoch": 79, "time_epoch": 12.02236, "eta": 243.43949, "eta_hours": 0.06762, "loss": 1.09553053, "lr": 0.00010492, "params": 5327, "time_iter": 0.06395, "accuracy": 0.36267, "f1": 0.20273, "auc": 0.5225}
{"epoch": 80, "time_epoch": 12.01414, "eta": 231.23049, "eta_hours": 0.06423, "loss": 1.09757703, "lr": 9.549e-05, "params": 5327, "time_iter": 0.0639, "accuracy": 0.34667, "f1": 0.19194, "auc": 0.49786}
{"epoch": 81, "time_epoch": 12.02246, "eta": 219.02807, "eta_hours": 0.06084, "loss": 1.09687297, "lr": 8.646e-05, "params": 5327, "time_iter": 0.06395, "accuracy": 0.356, "f1": 0.20214, "auc": 0.49802}
{"epoch": 82, "time_epoch": 12.00638, "eta": 206.8267, "eta_hours": 0.05745, "loss": 1.09685414, "lr": 7.784e-05, "params": 5327, "time_iter": 0.06386, "accuracy": 0.35067, "f1": 0.19169, "auc": 0.51381}
{"epoch": 83, "time_epoch": 12.01999, "eta": 194.63256, "eta_hours": 0.05406, "loss": 1.09605122, "lr": 6.963e-05, "params": 5327, "time_iter": 0.06394, "accuracy": 0.372, "f1": 0.21892, "auc": 0.51017}
{"epoch": 84, "time_epoch": 12.00115, "eta": 182.43919, "eta_hours": 0.05068, "loss": 1.09809707, "lr": 6.185e-05, "params": 5327, "time_iter": 0.06384, "accuracy": 0.36133, "f1": 0.20073, "auc": 0.50574}
{"epoch": 85, "time_epoch": 12.04962, "eta": 170.25818, "eta_hours": 0.04729, "loss": 1.09794357, "lr": 5.45e-05, "params": 5327, "time_iter": 0.06409, "accuracy": 0.35733, "f1": 0.19652, "auc": 0.48736}
{"epoch": 86, "time_epoch": 12.01497, "eta": 158.07502, "eta_hours": 0.04391, "loss": 1.09580443, "lr": 4.759e-05, "params": 5327, "time_iter": 0.06391, "accuracy": 0.35867, "f1": 0.20681, "auc": 0.52304}
{"epoch": 87, "time_epoch": 12.02196, "eta": 145.89663, "eta_hours": 0.04053, "loss": 1.09772123, "lr": 4.112e-05, "params": 5327, "time_iter": 0.06395, "accuracy": 0.35467, "f1": 0.19361, "auc": 0.51167}
{"epoch": 88, "time_epoch": 12.00096, "eta": 133.71916, "eta_hours": 0.03714, "loss": 1.09589384, "lr": 3.511e-05, "params": 5327, "time_iter": 0.06383, "accuracy": 0.36133, "f1": 0.20995, "auc": 0.52008}
{"epoch": 89, "time_epoch": 12.01003, "eta": 121.54662, "eta_hours": 0.03376, "loss": 1.09601027, "lr": 2.956e-05, "params": 5327, "time_iter": 0.06388, "accuracy": 0.37067, "f1": 0.22011, "auc": 0.51837}
{"epoch": 90, "time_epoch": 12.00739, "eta": 109.3774, "eta_hours": 0.03038, "loss": 1.09791444, "lr": 2.447e-05, "params": 5327, "time_iter": 0.06387, "accuracy": 0.352, "f1": 0.20038, "auc": 0.50436}
{"epoch": 91, "time_epoch": 12.08122, "eta": 97.21811, "eta_hours": 0.02701, "loss": 1.09651134, "lr": 1.985e-05, "params": 5327, "time_iter": 0.06426, "accuracy": 0.356, "f1": 0.19603, "auc": 0.51853}
{"epoch": 92, "time_epoch": 12.02187, "eta": 85.05603, "eta_hours": 0.02363, "loss": 1.09743098, "lr": 1.571e-05, "params": 5327, "time_iter": 0.06395, "accuracy": 0.34667, "f1": 0.18997, "auc": 0.50495}
{"epoch": 93, "time_epoch": 12.05273, "eta": 72.8989, "eta_hours": 0.02025, "loss": 1.09698801, "lr": 1.204e-05, "params": 5327, "time_iter": 0.06411, "accuracy": 0.35733, "f1": 0.19707, "auc": 0.51548}
{"epoch": 94, "time_epoch": 12.01593, "eta": 60.74204, "eta_hours": 0.01687, "loss": 1.09825708, "lr": 8.86e-06, "params": 5327, "time_iter": 0.06391, "accuracy": 0.35333, "f1": 0.19903, "auc": 0.50187}
{"epoch": 95, "time_epoch": 12.01549, "eta": 48.58809, "eta_hours": 0.0135, "loss": 1.09738527, "lr": 6.16e-06, "params": 5327, "time_iter": 0.06391, "accuracy": 0.35733, "f1": 0.19679, "auc": 0.50816}
{"epoch": 96, "time_epoch": 12.02594, "eta": 36.43733, "eta_hours": 0.01012, "loss": 1.09698837, "lr": 3.94e-06, "params": 5327, "time_iter": 0.06397, "accuracy": 0.34533, "f1": 0.18739, "auc": 0.51259}
{"epoch": 97, "time_epoch": 12.01575, "eta": 24.2889, "eta_hours": 0.00675, "loss": 1.09697558, "lr": 2.22e-06, "params": 5327, "time_iter": 0.06391, "accuracy": 0.35867, "f1": 0.19963, "auc": 0.51988}
{"epoch": 98, "time_epoch": 12.02713, "eta": 12.14326, "eta_hours": 0.00337, "loss": 1.09684577, "lr": 9.9e-07, "params": 5327, "time_iter": 0.06397, "accuracy": 0.36267, "f1": 0.20909, "auc": 0.49572}
{"epoch": 99, "time_epoch": 11.99913, "eta": 0.0, "eta_hours": 0.0, "loss": 1.09614405, "lr": 2.5e-07, "params": 5327, "time_iter": 0.06383, "accuracy": 0.352, "f1": 0.19827, "auc": 0.51802}
