{"epoch": 0, "time_epoch": 2.6312, "eta": 260.48893, "eta_hours": 0.07236, "loss": 0.70318831, "lr": 0.001, "params": 5336, "time_iter": 0.06924, "accuracy": 0.48, "precision": 0.0, "recall": 0.0, "f1": 0.0, "auc": 0.41435}
{"epoch": 1, "time_epoch": 3.29518, "eta": 290.39248, "eta_hours": 0.08066, "loss": 0.69633508, "lr": 0.00099975, "params": 5336, "time_iter": 0.08672, "accuracy": 0.48, "precision": 0.0, "recall": 0.0, "f1": 0.0, "auc": 0.51585}
{"epoch": 2, "time_epoch": 2.9622, "eta": 287.39719, "eta_hours": 0.07983, "loss": 0.69635784, "lr": 0.00099901, "params": 5336, "time_iter": 0.07795, "accuracy": 0.43333, "precision": 0.39394, "recall": 0.16667, "f1": 0.23423, "auc": 0.42415}
{"epoch": 3, "time_epoch": 3.28638, "eta": 292.19883, "eta_hours": 0.08117, "loss": 0.69385848, "lr": 0.00099778, "params": 5336, "time_iter": 0.08648, "accuracy": 0.46, "precision": 0.45161, "recall": 0.17949, "f1": 0.25688, "auc": 0.50142}
{"epoch": 4, "time_epoch": 3.21042, "eta": 292.32207, "eta_hours": 0.0812, "loss": 0.69198034, "lr": 0.00099606, "params": 5336, "time_iter": 0.08448, "accuracy": 0.55333, "precision": 0.55914, "recall": 0.66667, "f1": 0.60819, "auc": 0.54897}
{"epoch": 5, "time_epoch": 3.28223, "eta": 292.45903, "eta_hours": 0.08124, "loss": 0.69432554, "lr": 0.00099384, "params": 5336, "time_iter": 0.08637, "accuracy": 0.5, "precision": 0.51579, "recall": 0.62821, "f1": 0.56647, "auc": 0.45798}
{"epoch": 6, "time_epoch": 3.11393, "eta": 289.38321, "eta_hours": 0.08038, "loss": 0.69017965, "lr": 0.00099114, "params": 5336, "time_iter": 0.08195, "accuracy": 0.58667, "precision": 0.5625, "recall": 0.92308, "f1": 0.69903, "auc": 0.54558}
{"epoch": 7, "time_epoch": 3.11268, "eta": 286.28345, "eta_hours": 0.07952, "loss": 0.69358416, "lr": 0.00098796, "params": 5336, "time_iter": 0.08191, "accuracy": 0.54, "precision": 0.53333, "recall": 0.92308, "f1": 0.67606, "auc": 0.47685}
{"epoch": 8, "time_epoch": 2.87446, "eta": 280.77209, "eta_hours": 0.07799, "loss": 0.6952717, "lr": 0.00098429, "params": 5336, "time_iter": 0.07564, "accuracy": 0.51333, "precision": 0.51773, "recall": 0.9359, "f1": 0.66667, "auc": 0.40598}
{"epoch": 9, "time_epoch": 2.76465, "eta": 274.79987, "eta_hours": 0.07633, "loss": 0.69224701, "lr": 0.00098015, "params": 5336, "time_iter": 0.07275, "accuracy": 0.52667, "precision": 0.52349, "recall": 1.0, "f1": 0.68722, "auc": 0.47507}
{"epoch": 10, "time_epoch": 2.72073, "eta": 269.05547, "eta_hours": 0.07474, "loss": 0.69242112, "lr": 0.00097553, "params": 5336, "time_iter": 0.0716, "accuracy": 0.52667, "precision": 0.52381, "recall": 0.98718, "f1": 0.68444, "auc": 0.48344}
{"epoch": 11, "time_epoch": 3.27329, "eta": 267.86717, "eta_hours": 0.07441, "loss": 0.69078386, "lr": 0.00097044, "params": 5336, "time_iter": 0.08614, "accuracy": 0.54, "precision": 0.53237, "recall": 0.94872, "f1": 0.68203, "auc": 0.52707}
{"epoch": 12, "time_epoch": 3.08675, "eta": 265.10969, "eta_hours": 0.07364, "loss": 0.6917395, "lr": 0.00096489, "params": 5336, "time_iter": 0.08123, "accuracy": 0.52, "precision": 0.52113, "recall": 0.94872, "f1": 0.67273, "auc": 0.52119}
{"epoch": 13, "time_epoch": 3.2656, "eta": 263.40382, "eta_hours": 0.07317, "loss": 0.69241435, "lr": 0.00095888, "params": 5336, "time_iter": 0.08594, "accuracy": 0.52667, "precision": 0.52482, "recall": 0.94872, "f1": 0.6758, "auc": 0.48593}
{"epoch": 14, "time_epoch": 2.90823, "eta": 259.46487, "eta_hours": 0.07207, "loss": 0.69262637, "lr": 0.00095241, "params": 5336, "time_iter": 0.07653, "accuracy": 0.50667, "precision": 0.51408, "recall": 0.9359, "f1": 0.66364, "auc": 0.50142}
{"epoch": 15, "time_epoch": 2.83742, "eta": 255.28301, "eta_hours": 0.07091, "loss": 0.69276054, "lr": 0.0009455, "params": 5336, "time_iter": 0.07467, "accuracy": 0.50667, "precision": 0.51389, "recall": 0.94872, "f1": 0.66667, "auc": 0.48522}
{"epoch": 16, "time_epoch": 2.8075, "eta": 251.11323, "eta_hours": 0.06975, "loss": 0.69098791, "lr": 0.00093815, "params": 5336, "time_iter": 0.07388, "accuracy": 0.52667, "precision": 0.52448, "recall": 0.96154, "f1": 0.67873, "auc": 0.5146}
{"epoch": 17, "time_epoch": 2.69779, "eta": 246.59503, "eta_hours": 0.0685, "loss": 0.68997206, "lr": 0.00093037, "params": 5336, "time_iter": 0.07099, "accuracy": 0.53333, "precision": 0.52985, "recall": 0.91026, "f1": 0.66981, "auc": 0.53739}
{"epoch": 18, "time_epoch": 2.67186, "eta": 242.15791, "eta_hours": 0.06727, "loss": 0.69019105, "lr": 0.00092216, "params": 5336, "time_iter": 0.07031, "accuracy": 0.54, "precision": 0.53383, "recall": 0.91026, "f1": 0.67299, "auc": 0.54808}
{"epoch": 19, "time_epoch": 2.7307, "eta": 238.13269, "eta_hours": 0.06615, "loss": 0.68815549, "lr": 0.00091354, "params": 5336, "time_iter": 0.07186, "accuracy": 0.52667, "precision": 0.52593, "recall": 0.91026, "f1": 0.66667, "auc": 0.57585}
{"epoch": 20, "time_epoch": 2.72513, "eta": 234.2098, "eta_hours": 0.06506, "loss": 0.68791303, "lr": 0.00090451, "params": 5336, "time_iter": 0.07171, "accuracy": 0.56, "precision": 0.55172, "recall": 0.82051, "f1": 0.65979, "auc": 0.57764}
{"epoch": 21, "time_epoch": 2.98004, "eta": 231.29957, "eta_hours": 0.06425, "loss": 0.68759811, "lr": 0.00089508, "params": 5336, "time_iter": 0.07842, "accuracy": 0.54667, "precision": 0.54545, "recall": 0.76923, "f1": 0.6383, "auc": 0.55556}
{"epoch": 22, "time_epoch": 2.7425, "eta": 227.58804, "eta_hours": 0.06322, "loss": 0.6861627, "lr": 0.00088526, "params": 5336, "time_iter": 0.07217, "accuracy": 0.57333, "precision": 0.5625, "recall": 0.80769, "f1": 0.66316, "auc": 0.56749}
{"epoch": 23, "time_epoch": 3.24931, "eta": 225.56217, "eta_hours": 0.06266, "loss": 0.69142563, "lr": 0.00087506, "params": 5336, "time_iter": 0.08551, "accuracy": 0.53333, "precision": 0.53636, "recall": 0.75641, "f1": 0.62766, "auc": 0.53757}
{"epoch": 24, "time_epoch": 2.98665, "eta": 222.65042, "eta_hours": 0.06185, "loss": 0.68299832, "lr": 0.00086448, "params": 5336, "time_iter": 0.0786, "accuracy": 0.52667, "precision": 0.53271, "recall": 0.73077, "f1": 0.61622, "auc": 0.58743}
{"epoch": 25, "time_epoch": 2.83686, "eta": 219.30657, "eta_hours": 0.06092, "loss": 0.67787722, "lr": 0.00085355, "params": 5336, "time_iter": 0.07465, "accuracy": 0.57333, "precision": 0.57292, "recall": 0.70513, "f1": 0.63218, "auc": 0.59384}
{"epoch": 26, "time_epoch": 2.93116, "eta": 216.25527, "eta_hours": 0.06007, "loss": 0.68340857, "lr": 0.00084227, "params": 5336, "time_iter": 0.07714, "accuracy": 0.57333, "precision": 0.56731, "recall": 0.75641, "f1": 0.64835, "auc": 0.56286}
{"epoch": 27, "time_epoch": 2.66787, "eta": 212.5355, "eta_hours": 0.05904, "loss": 0.67635598, "lr": 0.00083066, "params": 5336, "time_iter": 0.07021, "accuracy": 0.6, "precision": 0.58036, "recall": 0.83333, "f1": 0.68421, "auc": 0.60541}
{"epoch": 28, "time_epoch": 2.60604, "eta": 208.73689, "eta_hours": 0.05798, "loss": 0.69176005, "lr": 0.00081871, "params": 5336, "time_iter": 0.06858, "accuracy": 0.52, "precision": 0.52941, "recall": 0.69231, "f1": 0.6, "auc": 0.51638}
{"epoch": 29, "time_epoch": 2.62199, "eta": 205.05502, "eta_hours": 0.05696, "loss": 0.68544855, "lr": 0.00080645, "params": 5336, "time_iter": 0.069, "accuracy": 0.53333, "precision": 0.53571, "recall": 0.76923, "f1": 0.63158, "auc": 0.57764}
{"epoch": 30, "time_epoch": 2.64692, "eta": 201.49702, "eta_hours": 0.05597, "loss": 0.68179307, "lr": 0.00079389, "params": 5336, "time_iter": 0.06966, "accuracy": 0.56, "precision": 0.55556, "recall": 0.76923, "f1": 0.64516, "auc": 0.5584}
{"epoch": 31, "time_epoch": 2.6559, "eta": 198.01504, "eta_hours": 0.055, "loss": 0.68146573, "lr": 0.00078104, "params": 5336, "time_iter": 0.06989, "accuracy": 0.56, "precision": 0.56522, "recall": 0.66667, "f1": 0.61176, "auc": 0.58244}
{"epoch": 32, "time_epoch": 2.6115, "eta": 194.49297, "eta_hours": 0.05403, "loss": 0.70191685, "lr": 0.00076791, "params": 5336, "time_iter": 0.06872, "accuracy": 0.48, "precision": 0.5, "recall": 0.62821, "f1": 0.55682, "auc": 0.46848}
{"epoch": 33, "time_epoch": 2.59905, "eta": 191.0003, "eta_hours": 0.05306, "loss": 0.6831937, "lr": 0.00075452, "params": 5336, "time_iter": 0.0684, "accuracy": 0.56667, "precision": 0.56075, "recall": 0.76923, "f1": 0.64865, "auc": 0.58529}
{"epoch": 34, "time_epoch": 2.97505, "eta": 188.25698, "eta_hours": 0.05229, "loss": 0.6933291, "lr": 0.00074088, "params": 5336, "time_iter": 0.07829, "accuracy": 0.54667, "precision": 0.54717, "recall": 0.74359, "f1": 0.63043, "auc": 0.51994}
{"epoch": 35, "time_epoch": 2.62396, "eta": 184.87664, "eta_hours": 0.05135, "loss": 0.68372908, "lr": 0.000727, "params": 5336, "time_iter": 0.06905, "accuracy": 0.56, "precision": 0.5566, "recall": 0.75641, "f1": 0.6413, "auc": 0.57354}
{"epoch": 36, "time_epoch": 2.61202, "eta": 181.51683, "eta_hours": 0.05042, "loss": 0.68006101, "lr": 0.00071289, "params": 5336, "time_iter": 0.06874, "accuracy": 0.54, "precision": 0.54128, "recall": 0.75641, "f1": 0.63102, "auc": 0.5958}
{"epoch": 37, "time_epoch": 2.61301, "eta": 178.19801, "eta_hours": 0.0495, "loss": 0.668588, "lr": 0.00069857, "params": 5336, "time_iter": 0.06876, "accuracy": 0.57333, "precision": 0.56604, "recall": 0.76923, "f1": 0.65217, "auc": 0.63675}
{"epoch": 38, "time_epoch": 2.57312, "eta": 174.85299, "eta_hours": 0.04857, "loss": 0.69069273, "lr": 0.00068406, "params": 5336, "time_iter": 0.06771, "accuracy": 0.51333, "precision": 0.52525, "recall": 0.66667, "f1": 0.58757, "auc": 0.5349}
{"epoch": 39, "time_epoch": 2.6736, "eta": 171.69728, "eta_hours": 0.04769, "loss": 0.68434206, "lr": 0.00066937, "params": 5336, "time_iter": 0.07036, "accuracy": 0.55333, "precision": 0.55046, "recall": 0.76923, "f1": 0.64171, "auc": 0.56392}
{"epoch": 40, "time_epoch": 2.64692, "eta": 168.52671, "eta_hours": 0.04681, "loss": 0.68466033, "lr": 0.00065451, "params": 5336, "time_iter": 0.06966, "accuracy": 0.56, "precision": 0.56122, "recall": 0.70513, "f1": 0.625, "auc": 0.56339}
{"epoch": 41, "time_epoch": 2.63695, "eta": 165.36729, "eta_hours": 0.04594, "loss": 0.67355759, "lr": 0.0006395, "params": 5336, "time_iter": 0.06939, "accuracy": 0.56667, "precision": 0.56436, "recall": 0.73077, "f1": 0.63687, "auc": 0.59313}
{"epoch": 42, "time_epoch": 2.58286, "eta": 162.16048, "eta_hours": 0.04504, "loss": 0.67399341, "lr": 0.00062434, "params": 5336, "time_iter": 0.06797, "accuracy": 0.60667, "precision": 0.58879, "recall": 0.80769, "f1": 0.68108, "auc": 0.5958}
{"epoch": 43, "time_epoch": 2.62099, "eta": 159.03056, "eta_hours": 0.04418, "loss": 0.67458081, "lr": 0.00060907, "params": 5336, "time_iter": 0.06897, "accuracy": 0.56, "precision": 0.56, "recall": 0.71795, "f1": 0.62921, "auc": 0.61556}
{"epoch": 44, "time_epoch": 2.65989, "eta": 155.9708, "eta_hours": 0.04333, "loss": 0.67141177, "lr": 0.00059369, "params": 5336, "time_iter": 0.07, "accuracy": 0.55333, "precision": 0.5534, "recall": 0.73077, "f1": 0.62983, "auc": 0.6136}
{"epoch": 45, "time_epoch": 2.73454, "eta": 153.01606, "eta_hours": 0.0425, "loss": 0.67728579, "lr": 0.00057822, "params": 5336, "time_iter": 0.07196, "accuracy": 0.56, "precision": 0.56383, "recall": 0.67949, "f1": 0.61628, "auc": 0.60185}
{"epoch": 46, "time_epoch": 2.64094, "eta": 149.96513, "eta_hours": 0.04166, "loss": 0.68588648, "lr": 0.00056267, "params": 5336, "time_iter": 0.0695, "accuracy": 0.57333, "precision": 0.57143, "recall": 0.71795, "f1": 0.63636, "auc": 0.57479}
{"epoch": 47, "time_epoch": 2.65532, "eta": 146.94688, "eta_hours": 0.04082, "loss": 0.67895328, "lr": 0.00054705, "params": 5336, "time_iter": 0.06988, "accuracy": 0.58, "precision": 0.57426, "recall": 0.74359, "f1": 0.64804, "auc": 0.59295}
{"epoch": 48, "time_epoch": 2.65191, "eta": 143.93989, "eta_hours": 0.03998, "loss": 0.70103079, "lr": 0.0005314, "params": 5336, "time_iter": 0.06979, "accuracy": 0.51333, "precision": 0.52525, "recall": 0.66667, "f1": 0.58757, "auc": 0.49003}
{"epoch": 49, "time_epoch": 2.67485, "eta": 140.97003, "eta_hours": 0.03916, "loss": 0.69394621, "lr": 0.00051571, "params": 5336, "time_iter": 0.07039, "accuracy": 0.54667, "precision": 0.55, "recall": 0.70513, "f1": 0.61798, "auc": 0.53348}
{"epoch": 50, "time_epoch": 3.03537, "eta": 138.35813, "eta_hours": 0.03843, "loss": 0.70368069, "lr": 0.0005, "params": 5336, "time_iter": 0.07988, "accuracy": 0.49333, "precision": 0.5102, "recall": 0.64103, "f1": 0.56818, "auc": 0.48593}
{"epoch": 51, "time_epoch": 2.70483, "eta": 135.42483, "eta_hours": 0.03762, "loss": 0.67984696, "lr": 0.00048429, "params": 5336, "time_iter": 0.07118, "accuracy": 0.55333, "precision": 0.55446, "recall": 0.71795, "f1": 0.6257, "auc": 0.57906}
{"epoch": 52, "time_epoch": 2.71574, "eta": 132.50983, "eta_hours": 0.03681, "loss": 0.67703255, "lr": 0.0004686, "params": 5336, "time_iter": 0.07147, "accuracy": 0.60667, "precision": 0.59406, "recall": 0.76923, "f1": 0.67039, "auc": 0.58547}
{"epoch": 53, "time_epoch": 2.62997, "eta": 129.52914, "eta_hours": 0.03598, "loss": 0.68482175, "lr": 0.00045295, "params": 5336, "time_iter": 0.06921, "accuracy": 0.60667, "precision": 0.58407, "recall": 0.84615, "f1": 0.6911, "auc": 0.54363}
{"epoch": 54, "time_epoch": 2.68482, "eta": 126.60608, "eta_hours": 0.03517, "loss": 0.68948578, "lr": 0.00043733, "params": 5336, "time_iter": 0.07065, "accuracy": 0.53333, "precision": 0.53846, "recall": 0.71795, "f1": 0.61538, "auc": 0.51852}
{"epoch": 55, "time_epoch": 2.68083, "eta": 123.6884, "eta_hours": 0.03436, "loss": 0.67316393, "lr": 0.00042178, "params": 5336, "time_iter": 0.07055, "accuracy": 0.58667, "precision": 0.57692, "recall": 0.76923, "f1": 0.65934, "auc": 0.60274}
{"epoch": 56, "time_epoch": 2.61903, "eta": 120.73241, "eta_hours": 0.03354, "loss": 0.67273934, "lr": 0.00040631, "params": 5336, "time_iter": 0.06892, "accuracy": 0.54, "precision": 0.54286, "recall": 0.73077, "f1": 0.62295, "auc": 0.60933}
{"epoch": 57, "time_epoch": 2.59508, "eta": 117.77069, "eta_hours": 0.03271, "loss": 0.68094761, "lr": 0.00039093, "params": 5336, "time_iter": 0.06829, "accuracy": 0.54667, "precision": 0.54902, "recall": 0.71795, "f1": 0.62222, "auc": 0.58761}
{"epoch": 58, "time_epoch": 2.76378, "eta": 114.93863, "eta_hours": 0.03193, "loss": 0.68171254, "lr": 0.00037566, "params": 5336, "time_iter": 0.07273, "accuracy": 0.59333, "precision": 0.58763, "recall": 0.73077, "f1": 0.65143, "auc": 0.5666}
{"epoch": 59, "time_epoch": 2.69779, "eta": 112.06486, "eta_hours": 0.03113, "loss": 0.68111252, "lr": 0.0003605, "params": 5336, "time_iter": 0.07099, "accuracy": 0.53333, "precision": 0.54167, "recall": 0.66667, "f1": 0.5977, "auc": 0.5844}
{"epoch": 60, "time_epoch": 2.7317, "eta": 109.21853, "eta_hours": 0.03034, "loss": 0.69248541, "lr": 0.00034549, "params": 5336, "time_iter": 0.07189, "accuracy": 0.55333, "precision": 0.5534, "recall": 0.73077, "f1": 0.62983, "auc": 0.53187}
{"epoch": 61, "time_epoch": 2.64393, "eta": 106.32211, "eta_hours": 0.02953, "loss": 0.67257373, "lr": 0.00033063, "params": 5336, "time_iter": 0.06958, "accuracy": 0.61333, "precision": 0.60204, "recall": 0.75641, "f1": 0.67045, "auc": 0.61538}
{"epoch": 62, "time_epoch": 2.71474, "eta": 103.47529, "eta_hours": 0.02874, "loss": 0.68723628, "lr": 0.00031594, "params": 5336, "time_iter": 0.07144, "accuracy": 0.54, "precision": 0.54545, "recall": 0.69231, "f1": 0.61017, "auc": 0.52813}
{"epoch": 63, "time_epoch": 2.61501, "eta": 100.5765, "eta_hours": 0.02794, "loss": 0.67050089, "lr": 0.00030143, "params": 5336, "time_iter": 0.06882, "accuracy": 0.62667, "precision": 0.60784, "recall": 0.79487, "f1": 0.68889, "auc": 0.63159}
{"epoch": 64, "time_epoch": 2.67385, "eta": 97.71813, "eta_hours": 0.02714, "loss": 0.68918359, "lr": 0.00028711, "params": 5336, "time_iter": 0.07036, "accuracy": 0.53333, "precision": 0.53922, "recall": 0.70513, "f1": 0.61111, "auc": 0.55075}
{"epoch": 65, "time_epoch": 2.62698, "eta": 94.8412, "eta_hours": 0.02634, "loss": 0.69818024, "lr": 0.000273, "params": 5336, "time_iter": 0.06913, "accuracy": 0.50667, "precision": 0.52041, "recall": 0.65385, "f1": 0.57955, "auc": 0.49038}
{"epoch": 66, "time_epoch": 2.57013, "eta": 91.94373, "eta_hours": 0.02554, "loss": 0.68892196, "lr": 0.00025912, "params": 5336, "time_iter": 0.06764, "accuracy": 0.52, "precision": 0.52885, "recall": 0.70513, "f1": 0.6044, "auc": 0.52956}
{"epoch": 67, "time_epoch": 2.65091, "eta": 89.09391, "eta_hours": 0.02475, "loss": 0.69031404, "lr": 0.00024548, "params": 5336, "time_iter": 0.06976, "accuracy": 0.55333, "precision": 0.55238, "recall": 0.74359, "f1": 0.63388, "auc": 0.51656}
{"epoch": 68, "time_epoch": 2.61401, "eta": 86.23327, "eta_hours": 0.02395, "loss": 0.69256913, "lr": 0.00023209, "params": 5336, "time_iter": 0.06879, "accuracy": 0.51333, "precision": 0.52427, "recall": 0.69231, "f1": 0.59669, "auc": 0.51781}
{"epoch": 69, "time_epoch": 2.66588, "eta": 83.4019, "eta_hours": 0.02317, "loss": 0.68163887, "lr": 0.00021896, "params": 5336, "time_iter": 0.07015, "accuracy": 0.58, "precision": 0.57143, "recall": 0.76923, "f1": 0.65574, "auc": 0.57817}
{"epoch": 70, "time_epoch": 2.63296, "eta": 80.56176, "eta_hours": 0.02238, "loss": 0.68292333, "lr": 0.00020611, "params": 5336, "time_iter": 0.06929, "accuracy": 0.57333, "precision": 0.56863, "recall": 0.74359, "f1": 0.64444, "auc": 0.56001}
{"epoch": 71, "time_epoch": 2.63296, "eta": 77.72736, "eta_hours": 0.02159, "loss": 0.69617216, "lr": 0.00019355, "params": 5336, "time_iter": 0.06929, "accuracy": 0.59333, "precision": 0.58252, "recall": 0.76923, "f1": 0.66298, "auc": 0.50979}
{"epoch": 72, "time_epoch": 2.76408, "eta": 74.94699, "eta_hours": 0.02082, "loss": 0.67604349, "lr": 0.00018129, "params": 5336, "time_iter": 0.07274, "accuracy": 0.58, "precision": 0.56637, "recall": 0.82051, "f1": 0.67016, "auc": 0.59989}
{"epoch": 73, "time_epoch": 2.68886, "eta": 72.14062, "eta_hours": 0.02004, "loss": 0.6996177, "lr": 0.00016934, "params": 5336, "time_iter": 0.07076, "accuracy": 0.5, "precision": 0.51485, "recall": 0.66667, "f1": 0.58101, "auc": 0.49323}
{"epoch": 74, "time_epoch": 2.78954, "eta": 69.37095, "eta_hours": 0.01927, "loss": 0.67317396, "lr": 0.00015773, "params": 5336, "time_iter": 0.07341, "accuracy": 0.56667, "precision": 0.56311, "recall": 0.74359, "f1": 0.64088, "auc": 0.6177}
{"epoch": 75, "time_epoch": 2.70377, "eta": 66.57367, "eta_hours": 0.01849, "loss": 0.69364017, "lr": 0.00014645, "params": 5336, "time_iter": 0.07115, "accuracy": 0.48667, "precision": 0.50505, "recall": 0.64103, "f1": 0.56497, "auc": 0.49875}
{"epoch": 76, "time_epoch": 2.65091, "eta": 63.76303, "eta_hours": 0.01771, "loss": 0.67410467, "lr": 0.00013552, "params": 5336, "time_iter": 0.06976, "accuracy": 0.56, "precision": 0.55769, "recall": 0.74359, "f1": 0.63736, "auc": 0.6234}
{"epoch": 77, "time_epoch": 2.68991, "eta": 60.96749, "eta_hours": 0.01694, "loss": 0.6722374, "lr": 0.00012494, "params": 5336, "time_iter": 0.07079, "accuracy": 0.61333, "precision": 0.6, "recall": 0.76923, "f1": 0.67416, "auc": 0.61254}
{"epoch": 78, "time_epoch": 2.69086, "eta": 58.17487, "eta_hours": 0.01616, "loss": 0.69369093, "lr": 0.00011474, "params": 5336, "time_iter": 0.07081, "accuracy": 0.52, "precision": 0.53, "recall": 0.67949, "f1": 0.59551, "auc": 0.50694}
{"epoch": 79, "time_epoch": 2.6948, "eta": 55.38578, "eta_hours": 0.01538, "loss": 0.68392263, "lr": 0.00010492, "params": 5336, "time_iter": 0.07092, "accuracy": 0.53333, "precision": 0.53846, "recall": 0.71795, "f1": 0.61538, "auc": 0.57461}
{"epoch": 80, "time_epoch": 2.6948, "eta": 52.59901, "eta_hours": 0.01461, "loss": 0.67993844, "lr": 9.549e-05, "params": 5336, "time_iter": 0.07092, "accuracy": 0.55333, "precision": 0.55046, "recall": 0.76923, "f1": 0.64171, "auc": 0.5625}
{"epoch": 81, "time_epoch": 2.63895, "eta": 49.80224, "eta_hours": 0.01383, "loss": 0.69368511, "lr": 8.646e-05, "params": 5336, "time_iter": 0.06945, "accuracy": 0.54, "precision": 0.54455, "recall": 0.70513, "f1": 0.61453, "auc": 0.51353}
{"epoch": 82, "time_epoch": 2.59506, "eta": 47.00027, "eta_hours": 0.01306, "loss": 0.69228002, "lr": 7.784e-05, "params": 5336, "time_iter": 0.06829, "accuracy": 0.55333, "precision": 0.55238, "recall": 0.74359, "f1": 0.63388, "auc": 0.51798}
{"epoch": 83, "time_epoch": 2.67984, "eta": 44.21938, "eta_hours": 0.01228, "loss": 0.69145107, "lr": 6.963e-05, "params": 5336, "time_iter": 0.07052, "accuracy": 0.53333, "precision": 0.53922, "recall": 0.70513, "f1": 0.61111, "auc": 0.51976}
{"epoch": 84, "time_epoch": 2.59606, "eta": 41.42608, "eta_hours": 0.01151, "loss": 0.69092126, "lr": 6.185e-05, "params": 5336, "time_iter": 0.06832, "accuracy": 0.51333, "precision": 0.52525, "recall": 0.66667, "f1": 0.58757, "auc": 0.50944}
{"epoch": 85, "time_epoch": 2.62598, "eta": 38.64224, "eta_hours": 0.01073, "loss": 0.69133185, "lr": 5.45e-05, "params": 5336, "time_iter": 0.0691, "accuracy": 0.50667, "precision": 0.51923, "recall": 0.69231, "f1": 0.59341, "auc": 0.54095}
{"epoch": 86, "time_epoch": 2.61701, "eta": 35.86069, "eta_hours": 0.00996, "loss": 0.6779247, "lr": 4.759e-05, "params": 5336, "time_iter": 0.06887, "accuracy": 0.57333, "precision": 0.56731, "recall": 0.75641, "f1": 0.64835, "auc": 0.58974}
{"epoch": 87, "time_epoch": 2.62399, "eta": 33.08383, "eta_hours": 0.00919, "loss": 0.68573877, "lr": 4.112e-05, "params": 5336, "time_iter": 0.06905, "accuracy": 0.54, "precision": 0.54286, "recall": 0.73077, "f1": 0.62295, "auc": 0.54968}
{"epoch": 88, "time_epoch": 2.81368, "eta": 30.33386, "eta_hours": 0.00843, "loss": 0.69742028, "lr": 3.511e-05, "params": 5336, "time_iter": 0.07404, "accuracy": 0.56, "precision": 0.55769, "recall": 0.74359, "f1": 0.63736, "auc": 0.50677}
{"epoch": 89, "time_epoch": 2.61904, "eta": 27.56083, "eta_hours": 0.00766, "loss": 0.68006953, "lr": 2.956e-05, "params": 5336, "time_iter": 0.06892, "accuracy": 0.54667, "precision": 0.54902, "recall": 0.71795, "f1": 0.62222, "auc": 0.57514}
{"epoch": 90, "time_epoch": 2.60105, "eta": 24.78942, "eta_hours": 0.00689, "loss": 0.68861829, "lr": 2.447e-05, "params": 5336, "time_iter": 0.06845, "accuracy": 0.52667, "precision": 0.53465, "recall": 0.69231, "f1": 0.60335, "auc": 0.5365}
{"epoch": 91, "time_epoch": 2.54806, "eta": 22.0171, "eta_hours": 0.00612, "loss": 0.67002883, "lr": 1.985e-05, "params": 5336, "time_iter": 0.06705, "accuracy": 0.58667, "precision": 0.57843, "recall": 0.75641, "f1": 0.65556, "auc": 0.61254}
{"epoch": 92, "time_epoch": 2.6439, "eta": 19.25681, "eta_hours": 0.00535, "loss": 0.68494688, "lr": 1.571e-05, "params": 5336, "time_iter": 0.06958, "accuracy": 0.5, "precision": 0.51579, "recall": 0.62821, "f1": 0.56647, "auc": 0.55217}
{"epoch": 93, "time_epoch": 2.82943, "eta": 16.51085, "eta_hours": 0.00459, "loss": 0.68279145, "lr": 1.204e-05, "params": 5336, "time_iter": 0.07446, "accuracy": 0.57333, "precision": 0.56731, "recall": 0.75641, "f1": 0.64835, "auc": 0.56143}
{"epoch": 94, "time_epoch": 2.65091, "eta": 13.75373, "eta_hours": 0.00382, "loss": 0.68206089, "lr": 8.86e-06, "params": 5336, "time_iter": 0.06976, "accuracy": 0.54667, "precision": 0.55319, "recall": 0.66667, "f1": 0.60465, "auc": 0.56855}
{"epoch": 95, "time_epoch": 2.67286, "eta": 10.99974, "eta_hours": 0.00306, "loss": 0.6801646, "lr": 6.16e-06, "params": 5336, "time_iter": 0.07034, "accuracy": 0.57333, "precision": 0.56604, "recall": 0.76923, "f1": 0.65217, "auc": 0.57033}
{"epoch": 96, "time_epoch": 2.58157, "eta": 8.2446, "eta_hours": 0.00229, "loss": 0.66636876, "lr": 3.94e-06, "params": 5336, "time_iter": 0.06794, "accuracy": 0.61333, "precision": 0.59615, "recall": 0.79487, "f1": 0.68132, "auc": 0.6599}
{"epoch": 97, "time_epoch": 2.57113, "eta": 5.49278, "eta_hours": 0.00153, "loss": 0.67633518, "lr": 2.22e-06, "params": 5336, "time_iter": 0.06766, "accuracy": 0.58, "precision": 0.57576, "recall": 0.73077, "f1": 0.64407, "auc": 0.60185}
{"epoch": 98, "time_epoch": 3.46674, "eta": 2.75367, "eta_hours": 0.00076, "loss": 0.68027288, "lr": 9.9e-07, "params": 5336, "time_iter": 0.09123, "accuracy": 0.55333, "precision": 0.5567, "recall": 0.69231, "f1": 0.61714, "auc": 0.59384}
{"epoch": 99, "time_epoch": 3.56242, "eta": 0.0, "eta_hours": 0.0, "loss": 0.68921575, "lr": 2.5e-07, "params": 5336, "time_iter": 0.09375, "accuracy": 0.54, "precision": 0.54206, "recall": 0.74359, "f1": 0.62703, "auc": 0.52404}
