{"epoch": 0, "time_epoch": 6.5298, "time_epoch_std": 0.22657, "eta": 646.45003, "eta_std": 22.43016, "eta_hours": 0.17957, "eta_hours_std": 0.00623, "loss": 0.69758, "loss_std": 0.00505, "lr": 0.001, "lr_std": 0.0, "params": 9207.0, "params_std": 0.0, "time_iter": 0.59362, "time_iter_std": 0.0206, "accuracy": 0.5, "accuracy_std": 0.02381, "accuracy_max": 0.52381, "precision": 0.2381, "precision_std": 0.2381, "recall": 0.5, "recall_std": 0.5, "f1": 0.32258, "f1_std": 0.32258, "auc": 0.3858, "auc_std": 0.03944}
{"epoch": 1, "time_epoch": 7.49781, "time_epoch_std": 0.05426, "eta": 687.35289, "eta_std": 12.45427, "eta_hours": 0.19093, "eta_hours_std": 0.00346, "loss": 0.69631, "loss_std": 0.00453, "lr": 0.001, "lr_std": 0.0, "params": 9207.0, "params_std": 0.0, "time_iter": 0.68162, "time_iter_std": 0.00493, "accuracy": 0.5, "accuracy_std": 0.02381, "accuracy_max": 0.52381, "precision": 0.2381, "precision_std": 0.2381, "recall": 0.5, "recall_std": 0.5, "f1": 0.32258, "f1_std": 0.32258, "auc": 0.48466, "auc_std": 0.03862}
{"epoch": 2, "time_epoch": 0.42634, "time_epoch_std": 0.02817, "eta": 467.34436, "eta_std": 9.07863, "eta_hours": 0.12982, "eta_hours_std": 0.00252, "loss": 0.69573, "loss_std": 0.0041, "lr": 0.001, "lr_std": 0.0, "params": 9207.0, "params_std": 0.0, "time_iter": 0.03876, "time_iter_std": 0.00256, "accuracy": 0.5, "accuracy_std": 0.02381, "accuracy_max": 0.52381, "precision": 0.2381, "precision_std": 0.2381, "recall": 0.5, "recall_std": 0.5, "f1": 0.32258, "f1_std": 0.32258, "auc": 0.51591, "auc_std": 0.05445}
{"epoch": 3, "time_epoch": 0.45981, "time_epoch_std": 0.03932, "eta": 357.93012, "eta_std": 7.62726, "eta_hours": 0.09942, "eta_hours_std": 0.00212, "loss": 0.69545, "loss_std": 0.00388, "lr": 0.001, "lr_std": 0.0, "params": 9207.0, "params_std": 0.0, "time_iter": 0.0418, "time_iter_std": 0.00357, "accuracy": 0.5, "accuracy_std": 0.02381, "accuracy_max": 0.52381, "precision": 0.2381, "precision_std": 0.2381, "recall": 0.5, "recall_std": 0.5, "f1": 0.32258, "f1_std": 0.32258, "auc": 0.49261, "auc_std": 0.09052}
{"epoch": 4, "time_epoch": 0.45914, "time_epoch_std": 0.03722, "eta": 292.08496, "eta_std": 6.71407, "eta_hours": 0.08114, "eta_hours_std": 0.00186, "loss": 0.69371, "loss_std": 0.00335, "lr": 0.001, "lr_std": 0.0, "params": 9207.0, "params_std": 0.0, "time_iter": 0.04174, "time_iter_std": 0.00338, "accuracy": 0.5, "accuracy_std": 0.02381, "accuracy_max": 0.52381, "precision": 0.2381, "precision_std": 0.2381, "recall": 0.5, "recall_std": 0.5, "f1": 0.32258, "f1_std": 0.32258, "auc": 0.61648, "auc_std": 0.05113}
{"epoch": 5, "time_epoch": 0.48748, "time_epoch_std": 0.0551, "eta": 248.47918, "eta_std": 6.2602, "eta_hours": 0.06902, "eta_hours_std": 0.00174, "loss": 0.69251, "loss_std": 0.00273, "lr": 0.00099, "lr_std": 0.0, "params": 9207.0, "params_std": 0.0, "time_iter": 0.04431, "time_iter_std": 0.00501, "accuracy": 0.52381, "accuracy_std": 0.02916, "accuracy_max": 0.54762, "precision": 0.49725, "precision_std": 0.3538, "recall": 0.5125, "recall_std": 0.48782, "f1": 0.35459, "f1_std": 0.30903, "auc": 0.65227, "auc_std": 0.03913}
{"epoch": 6, "time_epoch": 0.4984, "time_epoch_std": 0.05255, "eta": 217.33802, "eta_std": 5.9641, "eta_hours": 0.06037, "eta_hours_std": 0.00166, "loss": 0.68898, "loss_std": 0.00247, "lr": 0.00099, "lr_std": 0.0, "params": 9207.0, "params_std": 0.0, "time_iter": 0.04531, "time_iter_std": 0.00477, "accuracy": 0.57143, "accuracy_std": 0.08909, "accuracy_max": 0.71429, "precision": 0.53251, "precision_std": 0.36056, "recall": 0.4875, "recall_std": 0.44212, "f1": 0.39153, "f1_std": 0.3092, "auc": 0.74148, "auc_std": 0.07236}
{"epoch": 7, "time_epoch": 0.51191, "time_epoch_std": 0.04194, "eta": 194.01293, "eta_std": 5.62725, "eta_hours": 0.0539, "eta_hours_std": 0.00156, "loss": 0.68309, "loss_std": 0.00269, "lr": 0.00099, "lr_std": 0.0, "params": 9207.0, "params_std": 0.0, "time_iter": 0.04654, "time_iter_std": 0.00381, "accuracy": 0.60715, "accuracy_std": 0.08502, "accuracy_max": 0.71429, "precision": 0.50556, "precision_std": 0.31195, "recall": 0.5125, "recall_std": 0.36465, "f1": 0.47105, "f1_std": 0.27815, "auc": 0.74148, "auc_std": 0.01951}
{"epoch": 8, "time_epoch": 0.50928, "time_epoch_std": 0.04087, "eta": 175.73081, "eta_std": 5.35185, "eta_hours": 0.04881, "eta_hours_std": 0.00149, "loss": 0.67173, "loss_std": 0.00377, "lr": 0.00098, "lr_std": 0.0, "params": 9207.0, "params_std": 0.0, "time_iter": 0.0463, "time_iter_std": 0.00371, "accuracy": 0.63095, "accuracy_std": 0.03571, "accuracy_max": 0.66667, "precision": 0.75234, "precision_std": 0.15793, "recall": 0.4875, "recall_std": 0.2966, "f1": 0.49999, "f1_std": 0.20202, "auc": 0.79489, "auc_std": 0.03021}
{"epoch": 9, "time_epoch": 0.51191, "time_epoch_std": 0.04069, "eta": 161.02688, "eta_std": 5.12138, "eta_hours": 0.04473, "eta_hours_std": 0.00142, "loss": 0.64838, "loss_std": 0.00986, "lr": 0.00098, "lr_std": 0.0, "params": 9207.0, "params_std": 0.0, "time_iter": 0.04654, "time_iter_std": 0.0037, "accuracy": 0.73214, "accuracy_std": 0.02594, "accuracy_max": 0.7619, "precision": 0.82579, "precision_std": 0.11436, "recall": 0.6125, "recall_std": 0.19804, "f1": 0.66762, "f1_std": 0.09577, "auc": 0.84716, "auc_std": 0.02041}
{"epoch": 10, "time_epoch": 0.51258, "time_epoch_std": 0.03823, "eta": 148.90875, "eta_std": 4.903, "eta_hours": 0.04136, "eta_hours_std": 0.00136, "loss": 0.62746, "loss_std": 0.01793, "lr": 0.00098, "lr_std": 0.0, "params": 9207.0, "params_std": 0.0, "time_iter": 0.0466, "time_iter_std": 0.00348, "accuracy": 0.74405, "accuracy_std": 0.04572, "accuracy_max": 0.80952, "precision": 0.76301, "precision_std": 0.04451, "recall": 0.675, "recall_std": 0.11456, "f1": 0.71041, "f1_std": 0.07155, "auc": 0.81648, "auc_std": 0.03407}
{"epoch": 11, "time_epoch": 0.51048, "time_epoch_std": 0.04085, "eta": 138.70953, "eta_std": 4.73836, "eta_hours": 0.03853, "eta_hours_std": 0.00132, "loss": 0.57218, "loss_std": 0.02038, "lr": 0.00097, "lr_std": 0.0, "params": 9207.0, "params_std": 0.0, "time_iter": 0.04641, "time_iter_std": 0.00371, "accuracy": 0.7619, "accuracy_std": 0.03367, "accuracy_max": 0.80952, "precision": 0.80074, "precision_std": 0.06027, "recall": 0.675, "recall_std": 0.0559, "f1": 0.72939, "f1_std": 0.03563, "auc": 0.87387, "auc_std": 0.03381}
{"epoch": 12, "time_epoch": 0.51, "time_epoch_std": 0.04101, "eta": 129.99768, "eta_std": 4.5934, "eta_hours": 0.03611, "eta_hours_std": 0.00128, "loss": 0.55395, "loss_std": 0.01685, "lr": 0.00096, "lr_std": 0.0, "params": 9207.0, "params_std": 0.0, "time_iter": 0.04636, "time_iter_std": 0.00373, "accuracy": 0.75, "accuracy_std": 0.02662, "accuracy_max": 0.78571, "precision": 0.74408, "precision_std": 0.03198, "recall": 0.725, "recall_std": 0.025, "f1": 0.7343, "f1_std": 0.02697, "auc": 0.84488, "auc_std": 0.01485}
{"epoch": 13, "time_epoch": 0.50938, "time_epoch_std": 0.04117, "eta": 122.4537, "eta_std": 4.46346, "eta_hours": 0.03402, "eta_hours_std": 0.00124, "loss": 0.48691, "loss_std": 0.03385, "lr": 0.00096, "lr_std": 0.0, "params": 9207.0, "params_std": 0.0, "time_iter": 0.0463, "time_iter_std": 0.00374, "accuracy": 0.79762, "accuracy_std": 0.05455, "accuracy_max": 0.88095, "precision": 0.81764, "precision_std": 0.05143, "recall": 0.7375, "recall_std": 0.07395, "f1": 0.7752, "f1_std": 0.06376, "auc": 0.88182, "auc_std": 0.02378}
{"epoch": 14, "time_epoch": 0.5108, "time_epoch_std": 0.04005, "eta": 115.85572, "eta_std": 4.34059, "eta_hours": 0.03218, "eta_hours_std": 0.00121, "loss": 0.44749, "loss_std": 0.01419, "lr": 0.00095, "lr_std": 0.0, "params": 9207.0, "params_std": 0.0, "time_iter": 0.04644, "time_iter_std": 0.00364, "accuracy": 0.81547, "accuracy_std": 0.04251, "accuracy_max": 0.85714, "precision": 0.82242, "precision_std": 0.0666, "recall": 0.7875, "recall_std": 0.02165, "f1": 0.80368, "f1_std": 0.03992, "auc": 0.9017, "auc_std": 0.0067}
{"epoch": 15, "time_epoch": 0.51126, "time_epoch_std": 0.03851, "eta": 110.02101, "eta_std": 4.22071, "eta_hours": 0.03056, "eta_hours_std": 0.00117, "loss": 0.40825, "loss_std": 0.02216, "lr": 0.00095, "lr_std": 0.0, "params": 9207.0, "params_std": 0.0, "time_iter": 0.04648, "time_iter_std": 0.0035, "accuracy": 0.83333, "accuracy_std": 0.01684, "accuracy_max": 0.85714, "precision": 0.84362, "precision_std": 0.02935, "recall": 0.8, "recall_std": 0.03536, "f1": 0.82033, "f1_std": 0.0186, "auc": 0.91932, "auc_std": 0.00612}
{"epoch": 16, "time_epoch": 0.51084, "time_epoch_std": 0.04096, "eta": 104.81058, "eta_std": 4.12332, "eta_hours": 0.02912, "eta_hours_std": 0.00115, "loss": 0.35599, "loss_std": 0.04281, "lr": 0.00094, "lr_std": 0.0, "params": 9207.0, "params_std": 0.0, "time_iter": 0.04644, "time_iter_std": 0.00373, "accuracy": 0.86309, "accuracy_std": 0.03903, "accuracy_max": 0.92857, "precision": 0.88046, "precision_std": 0.04147, "recall": 0.825, "recall_std": 0.0559, "f1": 0.8511, "f1_std": 0.04399, "auc": 0.92841, "auc_std": 0.02413}
{"epoch": 17, "time_epoch": 0.51202, "time_epoch_std": 0.03815, "eta": 100.12769, "eta_std": 4.01726, "eta_hours": 0.02782, "eta_hours_std": 0.00112, "loss": 0.37271, "loss_std": 0.0558, "lr": 0.00093, "lr_std": 0.0, "params": 9207.0, "params_std": 0.0, "time_iter": 0.04655, "time_iter_std": 0.00347, "accuracy": 0.85714, "accuracy_std": 0.04454, "accuracy_max": 0.90476, "precision": 0.90179, "precision_std": 0.06322, "recall": 0.7875, "recall_std": 0.05449, "f1": 0.83989, "f1_std": 0.05083, "auc": 0.90625, "auc_std": 0.03251}
{"epoch": 18, "time_epoch": 0.51118, "time_epoch_std": 0.03965, "eta": 95.88024, "eta_std": 3.92659, "eta_hours": 0.02664, "eta_hours_std": 0.00109, "loss": 0.37651, "loss_std": 0.04237, "lr": 0.00092, "lr_std": 0.0, "params": 9207.0, "params_std": 0.0, "time_iter": 0.04647, "time_iter_std": 0.0036, "accuracy": 0.83333, "accuracy_std": 0.03765, "accuracy_max": 0.88095, "precision": 0.85406, "precision_std": 0.05059, "recall": 0.7875, "recall_std": 0.07395, "f1": 0.81706, "f1_std": 0.04552, "auc": 0.90852, "auc_std": 0.01977}
{"epoch": 19, "time_epoch": 0.51718, "time_epoch_std": 0.03913, "eta": 92.03041, "eta_std": 3.83524, "eta_hours": 0.02556, "eta_hours_std": 0.00107, "loss": 0.34626, "loss_std": 0.07271, "lr": 0.00091, "lr_std": 0.0, "params": 9207.0, "params_std": 0.0, "time_iter": 0.04702, "time_iter_std": 0.00356, "accuracy": 0.85714, "accuracy_std": 0.06734, "accuracy_max": 0.95238, "precision": 0.90104, "precision_std": 0.08134, "recall": 0.7875, "recall_std": 0.07395, "f1": 0.83991, "f1_std": 0.07453, "auc": 0.92102, "auc_std": 0.0311}
{"epoch": 20, "time_epoch": 0.51112, "time_epoch_std": 0.04285, "eta": 88.47519, "eta_std": 3.76592, "eta_hours": 0.02458, "eta_hours_std": 0.00105, "loss": 0.36795, "loss_std": 0.0807, "lr": 0.0009, "lr_std": 0.0, "params": 9207.0, "params_std": 0.0, "time_iter": 0.04646, "time_iter_std": 0.00389, "accuracy": 0.84524, "accuracy_std": 0.04292, "accuracy_max": 0.90476, "precision": 0.87931, "precision_std": 0.06342, "recall": 0.7875, "recall_std": 0.06495, "f1": 0.82849, "f1_std": 0.04789, "auc": 0.90966, "auc_std": 0.04819}
{"epoch": 21, "time_epoch": 0.51209, "time_epoch_std": 0.03873, "eta": 85.20015, "eta_std": 3.6855, "eta_hours": 0.02367, "eta_hours_std": 0.00102, "loss": 0.25992, "loss_std": 0.03441, "lr": 0.0009, "lr_std": 0.0, "params": 9207.0, "params_std": 0.0, "time_iter": 0.04655, "time_iter_std": 0.00352, "accuracy": 0.93452, "accuracy_std": 0.01974, "accuracy_max": 0.95238, "precision": 0.96111, "precision_std": 0.02257, "recall": 0.9, "recall_std": 0.05, "f1": 0.92842, "f1_std": 0.02322, "auc": 0.96136, "auc_std": 0.01507}
{"epoch": 22, "time_epoch": 0.51397, "time_epoch_std": 0.04186, "eta": 82.17166, "eta_std": 3.61936, "eta_hours": 0.02283, "eta_hours_std": 0.00101, "loss": 0.23189, "loss_std": 0.08437, "lr": 0.00089, "lr_std": 0.0, "params": 9207.0, "params_std": 0.0, "time_iter": 0.04672, "time_iter_std": 0.00381, "accuracy": 0.90476, "accuracy_std": 0.07339, "accuracy_max": 0.97619, "precision": 0.90893, "precision_std": 0.06959, "recall": 0.8875, "recall_std": 0.09601, "f1": 0.89736, "f1_std": 0.08052, "auc": 0.96762, "auc_std": 0.03228}
{"epoch": 23, "time_epoch": 0.51564, "time_epoch_std": 0.04012, "eta": 79.35799, "eta_std": 3.54788, "eta_hours": 0.02204, "eta_hours_std": 0.00099, "loss": 0.22113, "loss_std": 0.06661, "lr": 0.00088, "lr_std": 0.0, "params": 9207.0, "params_std": 0.0, "time_iter": 0.04688, "time_iter_std": 0.00365, "accuracy": 0.92262, "accuracy_std": 0.03903, "accuracy_max": 0.95238, "precision": 0.94622, "precision_std": 0.00515, "recall": 0.8875, "recall_std": 0.08197, "f1": 0.9141, "f1_std": 0.04791, "auc": 0.96761, "auc_std": 0.02836}
{"epoch": 24, "time_epoch": 0.51201, "time_epoch_std": 0.04032, "eta": 76.71729, "eta_std": 3.4804, "eta_hours": 0.02131, "eta_hours_std": 0.00097, "loss": 0.23333, "loss_std": 0.09025, "lr": 0.00086, "lr_std": 0.0, "params": 9207.0, "params_std": 0.0, "time_iter": 0.04655, "time_iter_std": 0.00367, "accuracy": 0.89881, "accuracy_std": 0.04251, "accuracy_max": 0.95238, "precision": 0.9121, "precision_std": 0.05927, "recall": 0.875, "recall_std": 0.0433, "f1": 0.89219, "f1_std": 0.04276, "auc": 0.9608, "auc_std": 0.03051}
{"epoch": 25, "time_epoch": 0.51407, "time_epoch_std": 0.04005, "eta": 74.24618, "eta_std": 3.41356, "eta_hours": 0.02062, "eta_hours_std": 0.00095, "loss": 0.2431, "loss_std": 0.12354, "lr": 0.00085, "lr_std": 0.0, "params": 9207.0, "params_std": 0.0, "time_iter": 0.04673, "time_iter_std": 0.00364, "accuracy": 0.91071, "accuracy_std": 0.06813, "accuracy_max": 1.0, "precision": 0.91184, "precision_std": 0.07363, "recall": 0.9, "recall_std": 0.07071, "f1": 0.90577, "f1_std": 0.07141, "auc": 0.9625, "auc_std": 0.03559}
{"epoch": 26, "time_epoch": 0.4932, "time_epoch_std": 0.01243, "eta": 71.86363, "eta_std": 3.26672, "eta_hours": 0.01996, "eta_hours_std": 0.00091, "loss": 0.22377, "loss_std": 0.04293, "lr": 0.00084, "lr_std": 0.0, "params": 9207.0, "params_std": 0.0, "time_iter": 0.04484, "time_iter_std": 0.00113, "accuracy": 0.89881, "accuracy_std": 0.03903, "accuracy_max": 0.92857, "precision": 0.91172, "precision_std": 0.05662, "recall": 0.875, "recall_std": 0.0559, "f1": 0.89156, "f1_std": 0.04217, "auc": 0.96818, "auc_std": 0.01315}
{"epoch": 27, "time_epoch": 0.49204, "time_epoch_std": 0.01362, "eta": 69.61304, "eta_std": 3.12876, "eta_hours": 0.01934, "eta_hours_std": 0.00087, "loss": 0.23048, "loss_std": 0.08712, "lr": 0.00083, "lr_std": 0.0, "params": 9207.0, "params_std": 0.0, "time_iter": 0.04473, "time_iter_std": 0.00124, "accuracy": 0.8869, "accuracy_std": 0.03903, "accuracy_max": 0.95238, "precision": 0.88795, "precision_std": 0.04681, "recall": 0.875, "recall_std": 0.0559, "f1": 0.88026, "f1_std": 0.04161, "auc": 0.96477, "auc_std": 0.02135}
{"epoch": 28, "time_epoch": 0.49213, "time_epoch_std": 0.01482, "eta": 67.48396, "eta_std": 2.99712, "eta_hours": 0.01875, "eta_hours_std": 0.00083, "loss": 0.22592, "loss_std": 0.12007, "lr": 0.00082, "lr_std": 0.0, "params": 9207.0, "params_std": 0.0, "time_iter": 0.04474, "time_iter_std": 0.00134, "accuracy": 0.92857, "accuracy_std": 0.03765, "accuracy_max": 0.97619, "precision": 0.93789, "precision_std": 0.0514, "recall": 0.9125, "recall_std": 0.04146, "f1": 0.92429, "f1_std": 0.0393, "auc": 0.96364, "auc_std": 0.03417}
{"epoch": 29, "time_epoch": 0.49483, "time_epoch_std": 0.01597, "eta": 65.4703, "eta_std": 2.88062, "eta_hours": 0.01818, "eta_hours_std": 0.0008, "loss": 0.17665, "loss_std": 0.04214, "lr": 0.00081, "lr_std": 0.0, "params": 9207.0, "params_std": 0.0, "time_iter": 0.04498, "time_iter_std": 0.00145, "accuracy": 0.92857, "accuracy_std": 0.02916, "accuracy_max": 0.95238, "precision": 0.94714, "precision_std": 0.0036, "recall": 0.9, "recall_std": 0.06124, "f1": 0.92198, "f1_std": 0.03476, "auc": 0.98352, "auc_std": 0.00777}
{"epoch": 30, "time_epoch": 0.49084, "time_epoch_std": 0.01113, "eta": 63.54575, "eta_std": 2.76706, "eta_hours": 0.01765, "eta_hours_std": 0.00077, "loss": 0.12418, "loss_std": 0.02501, "lr": 0.00079, "lr_std": 0.0, "params": 9207.0, "params_std": 0.0, "time_iter": 0.04462, "time_iter_std": 0.00101, "accuracy": 0.96428, "accuracy_std": 0.0119, "accuracy_max": 0.97619, "precision": 0.9756, "precision_std": 0.02442, "recall": 0.95, "recall_std": 0.03536, "f1": 0.96184, "f1_std": 0.01319, "auc": 0.9892, "auc_std": 0.00518}
{"epoch": 31, "time_epoch": 0.49036, "time_epoch_std": 0.0116, "eta": 61.70978, "eta_std": 2.66033, "eta_hours": 0.01714, "eta_hours_std": 0.00074, "loss": 0.17965, "loss_std": 0.03399, "lr": 0.00078, "lr_std": 0.0, "params": 9207.0, "params_std": 0.0, "time_iter": 0.04458, "time_iter_std": 0.00105, "accuracy": 0.92262, "accuracy_std": 0.01974, "accuracy_max": 0.95238, "precision": 0.91108, "precision_std": 0.06618, "recall": 0.9375, "recall_std": 0.04146, "f1": 0.92108, "f1_std": 0.01662, "auc": 0.98352, "auc_std": 0.01046}
{"epoch": 32, "time_epoch": 0.48974, "time_epoch_std": 0.01045, "eta": 59.9541, "eta_std": 2.55691, "eta_hours": 0.01666, "eta_hours_std": 0.00071, "loss": 0.19859, "loss_std": 0.04997, "lr": 0.00077, "lr_std": 0.0, "params": 9207.0, "params_std": 0.0, "time_iter": 0.04452, "time_iter_std": 0.00095, "accuracy": 0.92262, "accuracy_std": 0.03522, "accuracy_max": 0.97619, "precision": 0.90668, "precision_std": 0.05609, "recall": 0.9375, "recall_std": 0.04146, "f1": 0.92066, "f1_std": 0.03612, "auc": 0.9767, "auc_std": 0.01083}
{"epoch": 33, "time_epoch": 0.4945, "time_epoch_std": 0.01068, "eta": 58.28215, "eta_std": 2.45878, "eta_hours": 0.01619, "eta_hours_std": 0.00068, "loss": 0.15655, "loss_std": 0.11506, "lr": 0.00075, "lr_std": 0.0, "params": 9207.0, "params_std": 0.0, "time_iter": 0.04496, "time_iter_std": 0.00097, "accuracy": 0.94048, "accuracy_std": 0.06411, "accuracy_max": 1.0, "precision": 0.97143, "precision_std": 0.02936, "recall": 0.9, "recall_std": 0.12247, "f1": 0.93074, "f1_std": 0.07775, "auc": 0.98295, "auc_std": 0.02236}
{"epoch": 34, "time_epoch": 0.49349, "time_epoch_std": 0.01099, "eta": 56.67559, "eta_std": 2.36704, "eta_hours": 0.01574, "eta_hours_std": 0.00066, "loss": 0.18523, "loss_std": 0.11094, "lr": 0.00074, "lr_std": 0.0, "params": 9207.0, "params_std": 0.0, "time_iter": 0.04486, "time_iter_std": 0.001, "accuracy": 0.93452, "accuracy_std": 0.04572, "accuracy_max": 0.97619, "precision": 0.93532, "precision_std": 0.02682, "recall": 0.925, "recall_std": 0.075, "f1": 0.92943, "f1_std": 0.05149, "auc": 0.97614, "auc_std": 0.02604}
{"epoch": 35, "time_epoch": 0.4919, "time_epoch_std": 0.01119, "eta": 55.12805, "eta_std": 2.28409, "eta_hours": 0.01531, "eta_hours_std": 0.00063, "loss": 0.28257, "loss_std": 0.15295, "lr": 0.00073, "lr_std": 0.0, "params": 9207.0, "params_std": 0.0, "time_iter": 0.04472, "time_iter_std": 0.00102, "accuracy": 0.875, "accuracy_std": 0.05423, "accuracy_max": 0.92857, "precision": 0.88503, "precision_std": 0.0445, "recall": 0.85, "recall_std": 0.11726, "f1": 0.86242, "f1_std": 0.07043, "auc": 0.94886, "auc_std": 0.04408}
{"epoch": 36, "time_epoch": 0.48994, "time_epoch_std": 0.01187, "eta": 53.63423, "eta_std": 2.20569, "eta_hours": 0.0149, "eta_hours_std": 0.00061, "loss": 0.07166, "loss_std": 0.02515, "lr": 0.00071, "lr_std": 0.0, "params": 9207.0, "params_std": 0.0, "time_iter": 0.04454, "time_iter_std": 0.00108, "accuracy": 0.97619, "accuracy_std": 0.01684, "accuracy_max": 1.0, "precision": 0.9756, "precision_std": 0.02442, "recall": 0.975, "recall_std": 0.025, "f1": 0.97499, "f1_std": 0.01768, "auc": 0.9983, "auc_std": 0.00295}
{"epoch": 37, "time_epoch": 0.4943, "time_epoch_std": 0.01654, "eta": 52.20035, "eta_std": 2.12901, "eta_hours": 0.0145, "eta_hours_std": 0.00059, "loss": 0.20555, "loss_std": 0.0372, "lr": 0.0007, "lr_std": 0.0, "params": 9207.0, "params_std": 0.0, "time_iter": 0.04494, "time_iter_std": 0.0015, "accuracy": 0.94048, "accuracy_std": 0.0119, "accuracy_max": 0.95238, "precision": 0.93846, "precision_std": 0.01699, "recall": 0.9375, "recall_std": 0.04146, "f1": 0.93714, "f1_std": 0.01408, "auc": 0.97443, "auc_std": 0.01196}
{"epoch": 38, "time_epoch": 0.49447, "time_epoch_std": 0.01288, "eta": 50.81493, "eta_std": 2.05437, "eta_hours": 0.01412, "eta_hours_std": 0.00057, "loss": 0.17101, "loss_std": 0.02251, "lr": 0.00068, "lr_std": 0.0, "params": 9207.0, "params_std": 0.0, "time_iter": 0.04495, "time_iter_std": 0.00117, "accuracy": 0.93452, "accuracy_std": 0.02595, "accuracy_max": 0.97619, "precision": 0.92738, "precision_std": 0.04197, "recall": 0.9375, "recall_std": 0.02165, "f1": 0.932, "f1_std": 0.02679, "auc": 0.98523, "auc_std": 0.00612}
{"epoch": 39, "time_epoch": 0.49324, "time_epoch_std": 0.01744, "eta": 49.4722, "eta_std": 1.9821, "eta_hours": 0.01374, "eta_hours_std": 0.00055, "loss": 0.12365, "loss_std": 0.06691, "lr": 0.00067, "lr_std": 0.0, "params": 9207.0, "params_std": 0.0, "time_iter": 0.04484, "time_iter_std": 0.00159, "accuracy": 0.94643, "accuracy_std": 0.03903, "accuracy_max": 0.97619, "precision": 0.93988, "precision_std": 0.05177, "recall": 0.95, "recall_std": 0.03536, "f1": 0.9445, "f1_std": 0.0397, "auc": 0.9875, "auc_std": 0.01405}
{"epoch": 40, "time_epoch": 0.49176, "time_epoch_std": 0.01287, "eta": 48.1688, "eta_std": 1.91549, "eta_hours": 0.01338, "eta_hours_std": 0.00053, "loss": 0.24368, "loss_std": 0.07319, "lr": 0.00065, "lr_std": 0.0, "params": 9207.0, "params_std": 0.0, "time_iter": 0.0447, "time_iter_std": 0.00117, "accuracy": 0.89286, "accuracy_std": 0.05189, "accuracy_max": 0.97619, "precision": 0.89035, "precision_std": 0.07014, "recall": 0.8875, "recall_std": 0.04146, "f1": 0.88837, "f1_std": 0.05308, "auc": 0.96478, "auc_std": 0.01164}
{"epoch": 41, "time_epoch": 0.48955, "time_epoch_std": 0.01188, "eta": 46.90099, "eta_std": 1.85223, "eta_hours": 0.01303, "eta_hours_std": 0.00052, "loss": 0.22722, "loss_std": 0.13462, "lr": 0.00064, "lr_std": 0.0, "params": 9207.0, "params_std": 0.0, "time_iter": 0.0445, "time_iter_std": 0.00108, "accuracy": 0.90476, "accuracy_std": 0.05324, "accuracy_max": 0.97619, "precision": 0.8922, "precision_std": 0.06299, "recall": 0.9125, "recall_std": 0.07395, "f1": 0.90079, "f1_std": 0.05754, "auc": 0.96818, "auc_std": 0.03447}
{"epoch": 42, "time_epoch": 0.4885, "time_epoch_std": 0.01125, "eta": 45.66797, "eta_std": 1.7897, "eta_hours": 0.01268, "eta_hours_std": 0.0005, "loss": 0.1318, "loss_std": 0.06062, "lr": 0.00062, "lr_std": 0.0, "params": 9207.0, "params_std": 0.0, "time_iter": 0.04441, "time_iter_std": 0.00103, "accuracy": 0.94643, "accuracy_std": 0.03522, "accuracy_max": 1.0, "precision": 0.91937, "precision_std": 0.04982, "recall": 0.975, "recall_std": 0.025, "f1": 0.94599, "f1_std": 0.03544, "auc": 0.99204, "auc_std": 0.00521}
{"epoch": 43, "time_epoch": 0.49511, "time_epoch_std": 0.01117, "eta": 44.47722, "eta_std": 1.72872, "eta_hours": 0.01236, "eta_hours_std": 0.00048, "loss": 0.10193, "loss_std": 0.05922, "lr": 0.00061, "lr_std": 0.0, "params": 9207.0, "params_std": 0.0, "time_iter": 0.04501, "time_iter_std": 0.00102, "accuracy": 0.96428, "accuracy_std": 0.03571, "accuracy_max": 1.0, "precision": 0.9631, "precision_std": 0.04129, "recall": 0.9625, "recall_std": 0.04146, "f1": 0.96249, "f1_std": 0.0375, "auc": 0.99148, "auc_std": 0.00743}
{"epoch": 44, "time_epoch": 0.49204, "time_epoch_std": 0.01461, "eta": 43.31363, "eta_std": 1.67497, "eta_hours": 0.01203, "eta_hours_std": 0.00047, "loss": 0.14069, "loss_std": 0.0497, "lr": 0.00059, "lr_std": 0.0, "params": 9207.0, "params_std": 0.0, "time_iter": 0.04473, "time_iter_std": 0.00133, "accuracy": 0.94048, "accuracy_std": 0.03571, "accuracy_max": 0.97619, "precision": 0.929, "precision_std": 0.05172, "recall": 0.95, "recall_std": 0.03536, "f1": 0.93868, "f1_std": 0.03634, "auc": 0.98864, "auc_std": 0.00803}
{"epoch": 45, "time_epoch": 0.48991, "time_epoch_std": 0.01302, "eta": 42.17674, "eta_std": 1.61919, "eta_hours": 0.01172, "eta_hours_std": 0.00045, "loss": 0.23679, "loss_std": 0.12834, "lr": 0.00058, "lr_std": 0.0, "params": 9207.0, "params_std": 0.0, "time_iter": 0.04454, "time_iter_std": 0.00119, "accuracy": 0.91071, "accuracy_std": 0.05423, "accuracy_max": 0.97619, "precision": 0.88601, "precision_std": 0.06837, "recall": 0.9375, "recall_std": 0.05449, "f1": 0.90981, "f1_std": 0.05398, "auc": 0.96477, "auc_std": 0.02614}
{"epoch": 46, "time_epoch": 0.4941, "time_epoch_std": 0.01219, "eta": 41.0721, "eta_std": 1.56666, "eta_hours": 0.01141, "eta_hours_std": 0.00043, "loss": 0.27303, "loss_std": 0.05199, "lr": 0.00056, "lr_std": 0.0, "params": 9207.0, "params_std": 0.0, "time_iter": 0.04492, "time_iter_std": 0.00111, "accuracy": 0.89881, "accuracy_std": 0.01031, "accuracy_max": 0.90476, "precision": 0.88959, "precision_std": 0.01514, "recall": 0.9, "recall_std": 0.03536, "f1": 0.89414, "f1_std": 0.01305, "auc": 0.9625, "auc_std": 0.00653}
{"epoch": 47, "time_epoch": 0.49369, "time_epoch_std": 0.01371, "eta": 39.99246, "eta_std": 1.51664, "eta_hours": 0.01111, "eta_hours_std": 0.00042, "loss": 0.08003, "loss_std": 0.03311, "lr": 0.00055, "lr_std": 0.0, "params": 9207.0, "params_std": 0.0, "time_iter": 0.04488, "time_iter_std": 0.00125, "accuracy": 0.96428, "accuracy_std": 0.02662, "accuracy_max": 1.0, "precision": 0.94156, "precision_std": 0.03854, "recall": 0.9875, "recall_std": 0.02165, "f1": 0.9637, "f1_std": 0.02714, "auc": 0.99773, "auc_std": 0.00278}
{"epoch": 48, "time_epoch": 0.4925, "time_epoch_std": 0.0165, "eta": 38.93549, "eta_std": 1.47062, "eta_hours": 0.01082, "eta_hours_std": 0.00041, "loss": 0.07738, "loss_std": 0.03976, "lr": 0.00053, "lr_std": 0.0, "params": 9207.0, "params_std": 0.0, "time_iter": 0.04477, "time_iter_std": 0.0015, "accuracy": 0.97619, "accuracy_std": 0.02381, "accuracy_max": 1.0, "precision": 0.96477, "precision_std": 0.03808, "recall": 0.9875, "recall_std": 0.02165, "f1": 0.9756, "f1_std": 0.02442, "auc": 0.99716, "auc_std": 0.00492}
{"epoch": 49, "time_epoch": 0.49342, "time_epoch_std": 0.01528, "eta": 37.90203, "eta_std": 1.42124, "eta_hours": 0.01053, "eta_hours_std": 0.0004, "loss": 0.14958, "loss_std": 0.11022, "lr": 0.00052, "lr_std": 0.0, "params": 9207.0, "params_std": 0.0, "time_iter": 0.04486, "time_iter_std": 0.00139, "accuracy": 0.95238, "accuracy_std": 0.04124, "accuracy_max": 0.97619, "precision": 0.97368, "precision_std": 0.04558, "recall": 0.925, "recall_std": 0.0433, "f1": 0.94872, "f1_std": 0.04441, "auc": 0.98352, "auc_std": 0.01849}
{"epoch": 50, "time_epoch": 0.48954, "time_epoch_std": 0.01206, "eta": 36.88602, "eta_std": 1.37297, "eta_hours": 0.01025, "eta_hours_std": 0.00038, "loss": 0.24065, "loss_std": 0.06789, "lr": 0.0005, "lr_std": 0.0, "params": 9207.0, "params_std": 0.0, "time_iter": 0.0445, "time_iter_std": 0.0011, "accuracy": 0.92262, "accuracy_std": 0.01974, "accuracy_max": 0.95238, "precision": 0.92434, "precision_std": 0.02436, "recall": 0.9125, "recall_std": 0.02165, "f1": 0.91827, "f1_std": 0.0206, "auc": 0.96932, "auc_std": 0.0133}
{"epoch": 51, "time_epoch": 0.492, "time_epoch_std": 0.01323, "eta": 35.89252, "eta_std": 1.32678, "eta_hours": 0.00997, "eta_hours_std": 0.00037, "loss": 0.02089, "loss_std": 0.00366, "lr": 0.00048, "lr_std": 0.0, "params": 9207.0, "params_std": 0.0, "time_iter": 0.04473, "time_iter_std": 0.00121, "accuracy": 1.0, "accuracy_std": 0.0, "accuracy_max": 1.0, "precision": 1.0, "precision_std": 0.0, "recall": 1.0, "recall_std": 0.0, "f1": 1.0, "f1_std": 0.0, "auc": 1.0, "auc_std": 0.0}
{"epoch": 52, "time_epoch": 0.489, "time_epoch_std": 0.01109, "eta": 34.9153, "eta_std": 1.28316, "eta_hours": 0.0097, "eta_hours_std": 0.00035, "loss": 0.13297, "loss_std": 0.07947, "lr": 0.00047, "lr_std": 0.0, "params": 9207.0, "params_std": 0.0, "time_iter": 0.04446, "time_iter_std": 0.00101, "accuracy": 0.94048, "accuracy_std": 0.02662, "accuracy_max": 0.97619, "precision": 0.94037, "precision_std": 0.03971, "recall": 0.9375, "recall_std": 0.06495, "f1": 0.93673, "f1_std": 0.02925, "auc": 0.99261, "auc_std": 0.00929}
{"epoch": 53, "time_epoch": 0.49197, "time_epoch_std": 0.01303, "eta": 33.95868, "eta_std": 1.24159, "eta_hours": 0.00943, "eta_hours_std": 0.00034, "loss": 0.06745, "loss_std": 0.03472, "lr": 0.00045, "lr_std": 0.0, "params": 9207.0, "params_std": 0.0, "time_iter": 0.04472, "time_iter_std": 0.00118, "accuracy": 0.97024, "accuracy_std": 0.01974, "accuracy_max": 1.0, "precision": 0.9875, "precision_std": 0.02165, "recall": 0.95, "recall_std": 0.03536, "f1": 0.96793, "f1_std": 0.0213, "auc": 0.99659, "auc_std": 0.00341}
{"epoch": 54, "time_epoch": 0.49311, "time_epoch_std": 0.01086, "eta": 33.0199, "eta_std": 1.19901, "eta_hours": 0.00917, "eta_hours_std": 0.00033, "loss": 0.16444, "loss_std": 0.06896, "lr": 0.00044, "lr_std": 0.0, "params": 9207.0, "params_std": 0.0, "time_iter": 0.04483, "time_iter_std": 0.00099, "accuracy": 0.94048, "accuracy_std": 0.03948, "accuracy_max": 0.97619, "precision": 0.92917, "precision_std": 0.05073, "recall": 0.95, "recall_std": 0.06124, "f1": 0.938, "f1_std": 0.04237, "auc": 0.98523, "auc_std": 0.01387}
{"epoch": 55, "time_epoch": 0.4895, "time_epoch_std": 0.01219, "eta": 32.09419, "eta_std": 1.15975, "eta_hours": 0.00891, "eta_hours_std": 0.00032, "loss": 0.13069, "loss_std": 0.04874, "lr": 0.00042, "lr_std": 0.0, "params": 9207.0, "params_std": 0.0, "time_iter": 0.0445, "time_iter_std": 0.00111, "accuracy": 0.93452, "accuracy_std": 0.01974, "accuracy_max": 0.95238, "precision": 0.89664, "precision_std": 0.01914, "recall": 0.975, "recall_std": 0.025, "f1": 0.93409, "f1_std": 0.01989, "auc": 0.99034, "auc_std": 0.00743}
{"epoch": 56, "time_epoch": 0.48924, "time_epoch_std": 0.01211, "eta": 31.1836, "eta_std": 1.12109, "eta_hours": 0.00866, "eta_hours_std": 0.00031, "loss": 0.2125, "loss_std": 0.10899, "lr": 0.00041, "lr_std": 0.0, "params": 9207.0, "params_std": 0.0, "time_iter": 0.04448, "time_iter_std": 0.0011, "accuracy": 0.91071, "accuracy_std": 0.05423, "accuracy_max": 0.97619, "precision": 0.92677, "precision_std": 0.07738, "recall": 0.8875, "recall_std": 0.05449, "f1": 0.90525, "f1_std": 0.05668, "auc": 0.97159, "auc_std": 0.02183}
{"epoch": 57, "time_epoch": 0.49314, "time_epoch_std": 0.0141, "eta": 30.29035, "eta_std": 1.08232, "eta_hours": 0.00841, "eta_hours_std": 0.0003, "loss": 0.10851, "loss_std": 0.06728, "lr": 0.00039, "lr_std": 0.0, "params": 9207.0, "params_std": 0.0, "time_iter": 0.04483, "time_iter_std": 0.00128, "accuracy": 0.94048, "accuracy_std": 0.04909, "accuracy_max": 1.0, "precision": 0.92243, "precision_std": 0.0787, "recall": 0.9625, "recall_std": 0.02165, "f1": 0.94071, "f1_std": 0.04793, "auc": 0.99546, "auc_std": 0.00482}
{"epoch": 58, "time_epoch": 0.49192, "time_epoch_std": 0.01182, "eta": 29.40983, "eta_std": 1.04515, "eta_hours": 0.00817, "eta_hours_std": 0.00029, "loss": 0.22657, "loss_std": 0.25284, "lr": 0.00038, "lr_std": 0.0, "params": 9207.0, "params_std": 0.0, "time_iter": 0.04472, "time_iter_std": 0.00107, "accuracy": 0.90476, "accuracy_std": 0.12711, "accuracy_max": 1.0, "precision": 0.89286, "precision_std": 0.13625, "recall": 0.9125, "recall_std": 0.12437, "f1": 0.90244, "f1_std": 0.13021, "auc": 0.96136, "auc_std": 0.05237}
{"epoch": 59, "time_epoch": 0.49311, "time_epoch_std": 0.0132, "eta": 28.54305, "eta_std": 1.01014, "eta_hours": 0.00793, "eta_hours_std": 0.00028, "loss": 0.10427, "loss_std": 0.07859, "lr": 0.00036, "lr_std": 0.0, "params": 9207.0, "params_std": 0.0, "time_iter": 0.04483, "time_iter_std": 0.0012, "accuracy": 0.95238, "accuracy_std": 0.02916, "accuracy_max": 0.97619, "precision": 0.92846, "precision_std": 0.02413, "recall": 0.975, "recall_std": 0.0433, "f1": 0.9509, "f1_std": 0.03088, "auc": 0.99204, "auc_std": 0.0125}
{"epoch": 60, "time_epoch": 0.49025, "time_epoch_std": 0.00993, "eta": 27.68668, "eta_std": 0.9739, "eta_hours": 0.00769, "eta_hours_std": 0.00027, "loss": 0.2464, "loss_std": 0.11795, "lr": 0.00035, "lr_std": 0.0, "params": 9207.0, "params_std": 0.0, "time_iter": 0.04456, "time_iter_std": 0.0009, "accuracy": 0.89881, "accuracy_std": 0.07411, "accuracy_max": 0.97619, "precision": 0.89975, "precision_std": 0.08185, "recall": 0.8875, "recall_std": 0.08927, "f1": 0.89256, "f1_std": 0.07956, "auc": 0.95739, "auc_std": 0.03142}
{"epoch": 61, "time_epoch": 0.49249, "time_epoch_std": 0.01236, "eta": 26.8435, "eta_std": 0.93918, "eta_hours": 0.00746, "eta_hours_std": 0.00026, "loss": 0.11985, "loss_std": 0.12622, "lr": 0.00033, "lr_std": 0.0, "params": 9207.0, "params_std": 0.0, "time_iter": 0.04477, "time_iter_std": 0.00112, "accuracy": 0.95238, "accuracy_std": 0.04454, "accuracy_max": 1.0, "precision": 0.96118, "precision_std": 0.04345, "recall": 0.9375, "recall_std": 0.05449, "f1": 0.94904, "f1_std": 0.04798, "auc": 0.98864, "auc_std": 0.01839}
{"epoch": 62, "time_epoch": 0.49456, "time_epoch_std": 0.01281, "eta": 26.01268, "eta_std": 0.90499, "eta_hours": 0.00722, "eta_hours_std": 0.00025, "loss": 0.23018, "loss_std": 0.13034, "lr": 0.00032, "lr_std": 0.0, "params": 9207.0, "params_std": 0.0, "time_iter": 0.04496, "time_iter_std": 0.00117, "accuracy": 0.89286, "accuracy_std": 0.06411, "accuracy_max": 0.97619, "precision": 0.90699, "precision_std": 0.04589, "recall": 0.8625, "recall_std": 0.11388, "f1": 0.88131, "f1_std": 0.07366, "auc": 0.96988, "auc_std": 0.02486}
{"epoch": 63, "time_epoch": 0.49361, "time_epoch_std": 0.01085, "eta": 25.19182, "eta_std": 0.87164, "eta_hours": 0.007, "eta_hours_std": 0.00024, "loss": 0.15173, "loss_std": 0.02335, "lr": 0.0003, "lr_std": 0.0, "params": 9207.0, "params_std": 0.0, "time_iter": 0.04487, "time_iter_std": 0.00099, "accuracy": 0.95238, "accuracy_std": 0.01684, "accuracy_max": 0.97619, "precision": 0.94299, "precision_std": 0.04685, "recall": 0.9625, "recall_std": 0.04146, "f1": 0.9508, "f1_std": 0.01621, "auc": 0.99148, "auc_std": 0.00743}
{"epoch": 64, "time_epoch": 0.49332, "time_epoch_std": 0.01424, "eta": 24.38089, "eta_std": 0.84036, "eta_hours": 0.00678, "eta_hours_std": 0.00023, "loss": 0.08952, "loss_std": 0.05448, "lr": 0.00029, "lr_std": 0.0, "params": 9207.0, "params_std": 0.0, "time_iter": 0.04485, "time_iter_std": 0.00129, "accuracy": 0.95238, "accuracy_std": 0.04124, "accuracy_max": 0.97619, "precision": 0.93797, "precision_std": 0.02496, "recall": 0.9625, "recall_std": 0.06495, "f1": 0.94966, "f1_std": 0.04496, "auc": 0.99375, "auc_std": 0.00956}
{"epoch": 65, "time_epoch": 0.49307, "time_epoch_std": 0.01657, "eta": 23.57944, "eta_std": 0.81044, "eta_hours": 0.00655, "eta_hours_std": 0.00022, "loss": 0.13743, "loss_std": 0.09994, "lr": 0.00027, "lr_std": 0.0, "params": 9207.0, "params_std": 0.0, "time_iter": 0.04482, "time_iter_std": 0.0015, "accuracy": 0.94048, "accuracy_std": 0.04909, "accuracy_max": 1.0, "precision": 0.91962, "precision_std": 0.06455, "recall": 0.9625, "recall_std": 0.04146, "f1": 0.93983, "f1_std": 0.04908, "auc": 0.98523, "auc_std": 0.01627}
{"epoch": 66, "time_epoch": 0.49181, "time_epoch_std": 0.01417, "eta": 22.78658, "eta_std": 0.78147, "eta_hours": 0.00633, "eta_hours_std": 0.00022, "loss": 0.20919, "loss_std": 0.08803, "lr": 0.00026, "lr_std": 0.0, "params": 9207.0, "params_std": 0.0, "time_iter": 0.04471, "time_iter_std": 0.00129, "accuracy": 0.91666, "accuracy_std": 0.02062, "accuracy_max": 0.95238, "precision": 0.92702, "precision_std": 0.05093, "recall": 0.9, "recall_std": 0.03536, "f1": 0.91172, "f1_std": 0.02089, "auc": 0.98296, "auc_std": 0.01023}
{"epoch": 67, "time_epoch": 0.49156, "time_epoch_std": 0.0128, "eta": 22.00246, "eta_std": 0.75244, "eta_hours": 0.00611, "eta_hours_std": 0.00021, "loss": 0.13376, "loss_std": 0.06198, "lr": 0.00025, "lr_std": 0.0, "params": 9207.0, "params_std": 0.0, "time_iter": 0.04469, "time_iter_std": 0.00116, "accuracy": 0.92857, "accuracy_std": 0.02916, "accuracy_max": 0.97619, "precision": 0.92018, "precision_std": 0.06136, "recall": 0.9375, "recall_std": 0.04146, "f1": 0.92663, "f1_std": 0.02876, "auc": 0.98864, "auc_std": 0.01181}
{"epoch": 68, "time_epoch": 0.49108, "time_epoch_std": 0.01088, "eta": 21.2266, "eta_std": 0.72305, "eta_hours": 0.0059, "eta_hours_std": 0.0002, "loss": 0.15605, "loss_std": 0.14037, "lr": 0.00023, "lr_std": 0.0, "params": 9207.0, "params_std": 0.0, "time_iter": 0.04464, "time_iter_std": 0.00099, "accuracy": 0.95238, "accuracy_std": 0.02916, "accuracy_max": 0.97619, "precision": 0.9742, "precision_std": 0.02595, "recall": 0.925, "recall_std": 0.0559, "f1": 0.94802, "f1_std": 0.03277, "auc": 0.98636, "auc_std": 0.01874}
{"epoch": 69, "time_epoch": 0.49273, "time_epoch_std": 0.01387, "eta": 20.45958, "eta_std": 0.69439, "eta_hours": 0.00568, "eta_hours_std": 0.00019, "loss": 0.10345, "loss_std": 0.04552, "lr": 0.00022, "lr_std": 0.0, "params": 9207.0, "params_std": 0.0, "time_iter": 0.04479, "time_iter_std": 0.00126, "accuracy": 0.95238, "accuracy_std": 0.01684, "accuracy_max": 0.97619, "precision": 0.95178, "precision_std": 0.03369, "recall": 0.95, "recall_std": 0.03536, "f1": 0.94995, "f1_std": 0.01732, "auc": 0.99545, "auc_std": 0.00278}
{"epoch": 70, "time_epoch": 0.4917, "time_epoch_std": 0.01195, "eta": 19.69987, "eta_std": 0.66615, "eta_hours": 0.00547, "eta_hours_std": 0.00019, "loss": 0.04882, "loss_std": 0.0208, "lr": 0.00021, "lr_std": 0.0, "params": 9207.0, "params_std": 0.0, "time_iter": 0.0447, "time_iter_std": 0.00108, "accuracy": 0.97619, "accuracy_std": 0.01684, "accuracy_max": 1.0, "precision": 0.96537, "precision_std": 0.03786, "recall": 0.9875, "recall_std": 0.02165, "f1": 0.97559, "f1_std": 0.01685, "auc": 0.99943, "auc_std": 0.00098}
{"epoch": 71, "time_epoch": 0.49009, "time_epoch_std": 0.01377, "eta": 18.94698, "eta_std": 0.63849, "eta_hours": 0.00526, "eta_hours_std": 0.00018, "loss": 0.1453, "loss_std": 0.06973, "lr": 0.00019, "lr_std": 0.0, "params": 9207.0, "params_std": 0.0, "time_iter": 0.04456, "time_iter_std": 0.00125, "accuracy": 0.95238, "accuracy_std": 0.03367, "accuracy_max": 1.0, "precision": 0.9875, "precision_std": 0.02165, "recall": 0.9125, "recall_std": 0.07395, "f1": 0.94656, "f1_std": 0.03935, "auc": 0.99205, "auc_std": 0.00858}
{"epoch": 72, "time_epoch": 0.49232, "time_epoch_std": 0.01108, "eta": 18.20212, "eta_std": 0.61055, "eta_hours": 0.00506, "eta_hours_std": 0.00017, "loss": 0.07266, "loss_std": 0.07061, "lr": 0.00018, "lr_std": 0.0, "params": 9207.0, "params_std": 0.0, "time_iter": 0.04476, "time_iter_std": 0.00101, "accuracy": 0.97024, "accuracy_std": 0.03093, "accuracy_max": 1.0, "precision": 0.96412, "precision_std": 0.03835, "recall": 0.975, "recall_std": 0.0433, "f1": 0.96886, "f1_std": 0.03281, "auc": 0.99375, "auc_std": 0.00956}
{"epoch": 73, "time_epoch": 0.4924, "time_epoch_std": 0.01192, "eta": 17.46411, "eta_std": 0.58405, "eta_hours": 0.00485, "eta_hours_std": 0.00016, "loss": 0.22497, "loss_std": 0.07321, "lr": 0.00017, "lr_std": 0.0, "params": 9207.0, "params_std": 0.0, "time_iter": 0.04476, "time_iter_std": 0.00108, "accuracy": 0.88095, "accuracy_std": 0.05051, "accuracy_max": 0.95238, "precision": 0.89985, "precision_std": 0.04692, "recall": 0.85, "recall_std": 0.12247, "f1": 0.86756, "f1_std": 0.06643, "auc": 0.9767, "auc_std": 0.01485}
{"epoch": 74, "time_epoch": 0.49255, "time_epoch_std": 0.01355, "eta": 16.7327, "eta_std": 0.55777, "eta_hours": 0.00465, "eta_hours_std": 0.00015, "loss": 0.18718, "loss_std": 0.12352, "lr": 0.00016, "lr_std": 0.0, "params": 9207.0, "params_std": 0.0, "time_iter": 0.04478, "time_iter_std": 0.00123, "accuracy": 0.91666, "accuracy_std": 0.04909, "accuracy_max": 0.97619, "precision": 0.90188, "precision_std": 0.03454, "recall": 0.925, "recall_std": 0.08292, "f1": 0.91204, "f1_std": 0.05412, "auc": 0.975, "auc_std": 0.02416}
{"epoch": 75, "time_epoch": 0.49049, "time_epoch_std": 0.00932, "eta": 16.00692, "eta_std": 0.53104, "eta_hours": 0.00444, "eta_hours_std": 0.00015, "loss": 0.10326, "loss_std": 0.07542, "lr": 0.00015, "lr_std": 0.0, "params": 9207.0, "params_std": 0.0, "time_iter": 0.04459, "time_iter_std": 0.00085, "accuracy": 0.96428, "accuracy_std": 0.02662, "accuracy_max": 1.0, "precision": 0.95221, "precision_std": 0.03227, "recall": 0.975, "recall_std": 0.0433, "f1": 0.96277, "f1_std": 0.02843, "auc": 0.99204, "auc_std": 0.01378}
{"epoch": 76, "time_epoch": 0.4924, "time_epoch_std": 0.01371, "eta": 15.28782, "eta_std": 0.50582, "eta_hours": 0.00425, "eta_hours_std": 0.00014, "loss": 0.08866, "loss_std": 0.03248, "lr": 0.00014, "lr_std": 0.0, "params": 9207.0, "params_std": 0.0, "time_iter": 0.04476, "time_iter_std": 0.00125, "accuracy": 0.96428, "accuracy_std": 0.0119, "accuracy_max": 0.97619, "precision": 0.9875, "precision_std": 0.02165, "recall": 0.9375, "recall_std": 0.02165, "f1": 0.96152, "f1_std": 0.01287, "auc": 0.99773, "auc_std": 0.00278}
{"epoch": 77, "time_epoch": 0.49369, "time_epoch_std": 0.01561, "eta": 14.5749, "eta_std": 0.48134, "eta_hours": 0.00405, "eta_hours_std": 0.00013, "loss": 0.11858, "loss_std": 0.06608, "lr": 0.00012, "lr_std": 0.0, "params": 9207.0, "params_std": 0.0, "time_iter": 0.04488, "time_iter_std": 0.00142, "accuracy": 0.94048, "accuracy_std": 0.03571, "accuracy_max": 1.0, "precision": 0.96591, "precision_std": 0.05905, "recall": 0.9125, "recall_std": 0.06495, "f1": 0.93565, "f1_std": 0.0376, "auc": 0.99488, "auc_std": 0.0065}
{"epoch": 78, "time_epoch": 0.49178, "time_epoch_std": 0.01168, "eta": 13.86703, "eta_std": 0.45648, "eta_hours": 0.00385, "eta_hours_std": 0.00013, "loss": 0.14829, "loss_std": 0.06462, "lr": 0.00011, "lr_std": 0.0, "params": 9207.0, "params_std": 0.0, "time_iter": 0.04471, "time_iter_std": 0.00106, "accuracy": 0.93452, "accuracy_std": 0.03522, "accuracy_max": 0.97619, "precision": 0.90895, "precision_std": 0.05596, "recall": 0.9625, "recall_std": 0.04146, "f1": 0.93376, "f1_std": 0.03575, "auc": 0.98636, "auc_std": 0.01464}
{"epoch": 79, "time_epoch": 0.49256, "time_epoch_std": 0.01351, "eta": 13.16475, "eta_std": 0.43206, "eta_hours": 0.00366, "eta_hours_std": 0.00012, "loss": 0.11655, "loss_std": 0.0418, "lr": 0.0001, "lr_std": 0.0, "params": 9207.0, "params_std": 0.0, "time_iter": 0.04478, "time_iter_std": 0.00123, "accuracy": 0.96428, "accuracy_std": 0.02062, "accuracy_max": 0.97619, "precision": 0.96428, "precision_std": 0.03948, "recall": 0.9625, "recall_std": 0.02165, "f1": 0.96279, "f1_std": 0.02077, "auc": 0.99318, "auc_std": 0.00682}
{"epoch": 80, "time_epoch": 0.48947, "time_epoch_std": 0.01083, "eta": 12.46692, "eta_std": 0.40767, "eta_hours": 0.00346, "eta_hours_std": 0.00012, "loss": 0.1022, "loss_std": 0.07225, "lr": 0.0001, "lr_std": 0.0, "params": 9207.0, "params_std": 0.0, "time_iter": 0.0445, "time_iter_std": 0.00099, "accuracy": 0.95238, "accuracy_std": 0.03765, "accuracy_max": 1.0, "precision": 0.9623, "precision_std": 0.04023, "recall": 0.9375, "recall_std": 0.05449, "f1": 0.94898, "f1_std": 0.04086, "auc": 0.99546, "auc_std": 0.00455}
{"epoch": 81, "time_epoch": 0.4907, "time_epoch_std": 0.01066, "eta": 11.77446, "eta_std": 0.38339, "eta_hours": 0.00327, "eta_hours_std": 0.0001, "loss": 0.18994, "loss_std": 0.14824, "lr": 9e-05, "lr_std": 0.0, "params": 9207.0, "params_std": 0.0, "time_iter": 0.04461, "time_iter_std": 0.00097, "accuracy": 0.92262, "accuracy_std": 0.06813, "accuracy_max": 1.0, "precision": 0.94511, "precision_std": 0.03789, "recall": 0.8875, "recall_std": 0.12437, "f1": 0.91185, "f1_std": 0.08055, "auc": 0.97727, "auc_std": 0.02411}
{"epoch": 82, "time_epoch": 0.49234, "time_epoch_std": 0.01012, "eta": 11.08718, "eta_std": 0.35945, "eta_hours": 0.00308, "eta_hours_std": 0.0001, "loss": 0.05524, "loss_std": 0.03049, "lr": 8e-05, "lr_std": 0.0, "params": 9207.0, "params_std": 0.0, "time_iter": 0.04476, "time_iter_std": 0.00092, "accuracy": 0.97619, "accuracy_std": 0.01684, "accuracy_max": 1.0, "precision": 0.95346, "precision_std": 0.03216, "recall": 1.0, "recall_std": 0.0, "f1": 0.9759, "f1_std": 0.01684, "auc": 0.99886, "auc_std": 0.00197}
{"epoch": 83, "time_epoch": 0.49187, "time_epoch_std": 0.01415, "eta": 10.40445, "eta_std": 0.33641, "eta_hours": 0.00289, "eta_hours_std": 9e-05, "loss": 0.11293, "loss_std": 0.09623, "lr": 7e-05, "lr_std": 0.0, "params": 9207.0, "params_std": 0.0, "time_iter": 0.04472, "time_iter_std": 0.00129, "accuracy": 0.94643, "accuracy_std": 0.05423, "accuracy_max": 1.0, "precision": 0.9598, "precision_std": 0.04388, "recall": 0.925, "recall_std": 0.075, "f1": 0.94163, "f1_std": 0.05893, "auc": 0.99375, "auc_std": 0.0067}
{"epoch": 84, "time_epoch": 0.49259, "time_epoch_std": 0.0131, "eta": 9.72635, "eta_std": 0.31337, "eta_hours": 0.0027, "eta_hours_std": 9e-05, "loss": 0.12219, "loss_std": 0.07721, "lr": 6e-05, "lr_std": 0.0, "params": 9207.0, "params_std": 0.0, "time_iter": 0.04478, "time_iter_std": 0.00119, "accuracy": 0.94643, "accuracy_std": 0.03522, "accuracy_max": 1.0, "precision": 0.93912, "precision_std": 0.03939, "recall": 0.95, "recall_std": 0.05, "f1": 0.94386, "f1_std": 0.03735, "auc": 0.9892, "auc_std": 0.01106}
{"epoch": 85, "time_epoch": 0.49618, "time_epoch_std": 0.01086, "eta": 9.05314, "eta_std": 0.29049, "eta_hours": 0.00252, "eta_hours_std": 8e-05, "loss": 0.0779, "loss_std": 0.09284, "lr": 5e-05, "lr_std": 0.0, "params": 9207.0, "params_std": 0.0, "time_iter": 0.04511, "time_iter_std": 0.00099, "accuracy": 0.96428, "accuracy_std": 0.04909, "accuracy_max": 1.0, "precision": 0.95238, "precision_std": 0.05832, "recall": 0.975, "recall_std": 0.0433, "f1": 0.96342, "f1_std": 0.05028, "auc": 0.99432, "auc_std": 0.00984}
{"epoch": 86, "time_epoch": 0.49448, "time_epoch_std": 0.01035, "eta": 8.38375, "eta_std": 0.26781, "eta_hours": 0.00233, "eta_hours_std": 7e-05, "loss": 0.05539, "loss_std": 0.02169, "lr": 5e-05, "lr_std": 0.0, "params": 9207.0, "params_std": 0.0, "time_iter": 0.04495, "time_iter_std": 0.00094, "accuracy": 0.9881, "accuracy_std": 0.0119, "accuracy_max": 1.0, "precision": 0.9881, "precision_std": 0.02062, "recall": 0.9875, "recall_std": 0.02165, "f1": 0.98749, "f1_std": 0.01252, "auc": 0.99886, "auc_std": 0.00197}
{"epoch": 87, "time_epoch": 0.50425, "time_epoch_std": 0.02202, "eta": 7.71967, "eta_std": 0.24414, "eta_hours": 0.00214, "eta_hours_std": 7e-05, "loss": 0.08442, "loss_std": 0.03844, "lr": 4e-05, "lr_std": 0.0, "params": 9207.0, "params_std": 0.0, "time_iter": 0.04584, "time_iter_std": 0.002, "accuracy": 0.96428, "accuracy_std": 0.02062, "accuracy_max": 1.0, "precision": 0.975, "precision_std": 0.025, "recall": 0.95, "recall_std": 0.03536, "f1": 0.96184, "f1_std": 0.02206, "auc": 0.99659, "auc_std": 0.00341}
{"epoch": 88, "time_epoch": 0.50063, "time_epoch_std": 0.01387, "eta": 7.05873, "eta_std": 0.22226, "eta_hours": 0.00196, "eta_hours_std": 6e-05, "loss": 0.12723, "loss_std": 0.0812, "lr": 4e-05, "lr_std": 0.0, "params": 9207.0, "params_std": 0.0, "time_iter": 0.04551, "time_iter_std": 0.00126, "accuracy": 0.92857, "accuracy_std": 0.04454, "accuracy_max": 1.0, "precision": 0.92719, "precision_std": 0.04993, "recall": 0.925, "recall_std": 0.075, "f1": 0.92419, "f1_std": 0.04847, "auc": 0.99091, "auc_std": 0.00923}
{"epoch": 89, "time_epoch": 0.48634, "time_epoch_std": 0.02354, "eta": 6.39976, "eta_std": 0.20185, "eta_hours": 0.00178, "eta_hours_std": 6e-05, "loss": 0.06779, "loss_std": 0.04611, "lr": 3e-05, "lr_std": 0.0, "params": 9207.0, "params_std": 0.0, "time_iter": 0.04421, "time_iter_std": 0.00214, "accuracy": 0.97619, "accuracy_std": 0.02381, "accuracy_max": 1.0, "precision": 0.975, "precision_std": 0.025, "recall": 0.975, "recall_std": 0.025, "f1": 0.975, "f1_std": 0.025, "auc": 0.99659, "auc_std": 0.00341}
{"epoch": 90, "time_epoch": 0.53156, "time_epoch_std": 0.06651, "eta": 5.74906, "eta_std": 0.17768, "eta_hours": 0.0016, "eta_hours_std": 5e-05, "loss": 0.09926, "loss_std": 0.09269, "lr": 2e-05, "lr_std": 0.0, "params": 9207.0, "params_std": 0.0, "time_iter": 0.04832, "time_iter_std": 0.00605, "accuracy": 0.94643, "accuracy_std": 0.06813, "accuracy_max": 1.0, "precision": 0.92965, "precision_std": 0.07866, "recall": 0.9625, "recall_std": 0.06495, "f1": 0.94541, "f1_std": 0.06982, "auc": 0.98977, "auc_std": 0.01771}
{"epoch": 91, "time_epoch": 0.56053, "time_epoch_std": 0.10756, "eta": 5.10347, "eta_std": 0.15317, "eta_hours": 0.00142, "eta_hours_std": 4e-05, "loss": 0.12813, "loss_std": 0.09684, "lr": 2e-05, "lr_std": 0.0, "params": 9207.0, "params_std": 0.0, "time_iter": 0.05096, "time_iter_std": 0.00978, "accuracy": 0.94643, "accuracy_std": 0.04251, "accuracy_max": 1.0, "precision": 0.92901, "precision_std": 0.05172, "recall": 0.9625, "recall_std": 0.04146, "f1": 0.94509, "f1_std": 0.04361, "auc": 0.9875, "auc_std": 0.01271}
{"epoch": 92, "time_epoch": 0.46941, "time_epoch_std": 0.04445, "eta": 4.45285, "eta_std": 0.13449, "eta_hours": 0.00124, "eta_hours_std": 4e-05, "loss": 0.17193, "loss_std": 0.08671, "lr": 2e-05, "lr_std": 0.0, "params": 9207.0, "params_std": 0.0, "time_iter": 0.04267, "time_iter_std": 0.00404, "accuracy": 0.92262, "accuracy_std": 0.04872, "accuracy_max": 1.0, "precision": 0.93642, "precision_std": 0.05116, "recall": 0.9, "recall_std": 0.07071, "f1": 0.9165, "f1_std": 0.05282, "auc": 0.97784, "auc_std": 0.01626}
{"epoch": 93, "time_epoch": 0.46941, "time_epoch_std": 0.04602, "eta": 3.80609, "eta_std": 0.11572, "eta_hours": 0.00106, "eta_hours_std": 4e-05, "loss": 0.04322, "loss_std": 0.04237, "lr": 1e-05, "lr_std": 0.0, "params": 9207.0, "params_std": 0.0, "time_iter": 0.04267, "time_iter_std": 0.00418, "accuracy": 0.98214, "accuracy_std": 0.03093, "accuracy_max": 1.0, "precision": 1.0, "precision_std": 0.0, "recall": 0.9625, "recall_std": 0.06495, "f1": 0.97973, "f1_std": 0.03511, "auc": 1.0, "auc_std": 0.0}
{"epoch": 94, "time_epoch": 0.4682, "time_epoch_std": 0.0455, "eta": 3.163, "eta_std": 0.09681, "eta_hours": 0.00088, "eta_hours_std": 3e-05, "loss": 0.1696, "loss_std": 0.14409, "lr": 1e-05, "lr_std": 0.0, "params": 9207.0, "params_std": 0.0, "time_iter": 0.04256, "time_iter_std": 0.00414, "accuracy": 0.95238, "accuracy_std": 0.02916, "accuracy_max": 0.97619, "precision": 0.9742, "precision_std": 0.02595, "recall": 0.925, "recall_std": 0.0559, "f1": 0.94802, "f1_std": 0.03277, "auc": 0.98807, "auc_std": 0.02067}
{"epoch": 95, "time_epoch": 0.47775, "time_epoch_std": 0.03771, "eta": 2.52395, "eta_std": 0.07751, "eta_hours": 0.0007, "eta_hours_std": 2e-05, "loss": 0.08182, "loss_std": 0.08315, "lr": 1e-05, "lr_std": 0.0, "params": 9207.0, "params_std": 0.0, "time_iter": 0.04343, "time_iter_std": 0.00343, "accuracy": 0.97024, "accuracy_std": 0.03903, "accuracy_max": 1.0, "precision": 0.9631, "precision_std": 0.04129, "recall": 0.975, "recall_std": 0.0433, "f1": 0.9689, "f1_std": 0.04101, "auc": 0.99261, "auc_std": 0.0128}
{"epoch": 96, "time_epoch": 0.48671, "time_epoch_std": 0.03325, "eta": 1.8885, "eta_std": 0.05804, "eta_hours": 0.00053, "eta_hours_std": 2e-05, "loss": 0.10628, "loss_std": 0.04614, "lr": 0.0, "lr_std": 0.0, "params": 9207.0, "params_std": 0.0, "time_iter": 0.04425, "time_iter_std": 0.00302, "accuracy": 0.95238, "accuracy_std": 0.01684, "accuracy_max": 0.97619, "precision": 0.93971, "precision_std": 0.01777, "recall": 0.9625, "recall_std": 0.04146, "f1": 0.95027, "f1_std": 0.01861, "auc": 0.99375, "auc_std": 0.00542}
{"epoch": 97, "time_epoch": 0.47097, "time_epoch_std": 0.03298, "eta": 1.25576, "eta_std": 0.0389, "eta_hours": 0.00035, "eta_hours_std": 1e-05, "loss": 0.15402, "loss_std": 0.0434, "lr": 0.0, "lr_std": 0.0, "params": 9207.0, "params_std": 0.0, "time_iter": 0.04282, "time_iter_std": 0.003, "accuracy": 0.91666, "accuracy_std": 0.02662, "accuracy_max": 0.95238, "precision": 0.89862, "precision_std": 0.06481, "recall": 0.9375, "recall_std": 0.02165, "f1": 0.91567, "f1_std": 0.02382, "auc": 0.99034, "auc_std": 0.00794}
{"epoch": 98, "time_epoch": 0.49127, "time_epoch_std": 0.03349, "eta": 0.6265, "eta_std": 0.01938, "eta_hours": 0.00018, "eta_hours_std": 0.0, "loss": 0.14895, "loss_std": 0.08131, "lr": 0.0, "lr_std": 0.0, "params": 9207.0, "params_std": 0.0, "time_iter": 0.04466, "time_iter_std": 0.00304, "accuracy": 0.94643, "accuracy_std": 0.02595, "accuracy_max": 0.97619, "precision": 0.95, "precision_std": 0.03536, "recall": 0.9375, "recall_std": 0.02165, "f1": 0.94359, "f1_std": 0.02706, "auc": 0.98977, "auc_std": 0.00944}
{"epoch": 99, "time_epoch": 0.50143, "time_epoch_std": 0.0208, "eta": 0.0, "eta_std": 0.0, "eta_hours": 0.0, "eta_hours_std": 0.0, "loss": 0.1015, "loss_std": 0.11214, "lr": 0.0, "lr_std": 0.0, "params": 9207.0, "params_std": 0.0, "time_iter": 0.04558, "time_iter_std": 0.00189, "accuracy": 0.95833, "accuracy_std": 0.04872, "accuracy_max": 1.0, "precision": 0.94156, "precision_std": 0.06126, "recall": 0.975, "recall_std": 0.0433, "f1": 0.95761, "f1_std": 0.04988, "auc": 0.98977, "auc_std": 0.0152}
