{"epoch": 0, "time_epoch": 6.46746, "eta": 640.27886, "eta_hours": 0.17786, "loss": 0.69443876, "lr": 0.001, "params": 9207, "time_iter": 0.58795, "accuracy": 0.52381, "precision": 0.0, "recall": 0.0, "f1": 0.0, "auc": 0.37273}
{"epoch": 1, "time_epoch": 7.55196, "eta": 686.95183, "eta_hours": 0.19082, "loss": 0.69310566, "lr": 0.00099975, "params": 9207, "time_iter": 0.68654, "accuracy": 0.52381, "precision": 0.0, "recall": 0.0, "f1": 0.0, "auc": 0.43182}
{"epoch": 2, "time_epoch": 0.41134, "eta": 466.59472, "eta_hours": 0.12961, "loss": 0.69242546, "lr": 0.00099901, "params": 9207, "time_iter": 0.03739, "accuracy": 0.52381, "precision": 0.0, "recall": 0.0, "f1": 0.0, "auc": 0.56591}
{"epoch": 3, "time_epoch": 0.43469, "eta": 356.77094, "eta_hours": 0.0991, "loss": 0.69365024, "lr": 0.00099778, "params": 9207, "time_iter": 0.03952, "accuracy": 0.52381, "precision": 0.0, "recall": 0.0, "f1": 0.0, "auc": 0.46136}
{"epoch": 4, "time_epoch": 0.43613, "eta": 290.73004, "eta_hours": 0.08076, "loss": 0.69186498, "lr": 0.00099606, "params": 9207, "time_iter": 0.03965, "accuracy": 0.52381, "precision": 0.0, "recall": 0.0, "f1": 0.0, "auc": 0.59773}
{"epoch": 5, "time_epoch": 0.43828, "eta": 246.5912, "eta_hours": 0.0685, "loss": 0.69106814, "lr": 0.00099384, "params": 9207, "time_iter": 0.03984, "accuracy": 0.52381, "precision": 0.0, "recall": 0.0, "f1": 0.0, "auc": 0.60227}
{"epoch": 6, "time_epoch": 0.48285, "eta": 215.53038, "eta_hours": 0.05987, "loss": 0.68876383, "lr": 0.00099114, "params": 9207, "time_iter": 0.0439, "accuracy": 0.52381, "precision": 0.0, "recall": 0.0, "f1": 0.0, "auc": 0.65227}
{"epoch": 7, "time_epoch": 0.4831, "eta": 192.11694, "eta_hours": 0.05337, "loss": 0.68400641, "lr": 0.00098796, "params": 9207, "time_iter": 0.04392, "accuracy": 0.52381, "precision": 0.0, "recall": 0.0, "f1": 0.0, "auc": 0.72955}
{"epoch": 8, "time_epoch": 0.48181, "eta": 173.78602, "eta_hours": 0.04827, "loss": 0.67567402, "lr": 0.00098429, "params": 9207, "time_iter": 0.0438, "accuracy": 0.57143, "precision": 1.0, "recall": 0.1, "f1": 0.18182, "auc": 0.81591}
{"epoch": 9, "time_epoch": 0.4821, "eta": 159.02754, "eta_hours": 0.04417, "loss": 0.6632855, "lr": 0.00098015, "params": 9207, "time_iter": 0.04383, "accuracy": 0.69048, "precision": 1.0, "recall": 0.35, "f1": 0.51852, "auc": 0.81364}
{"epoch": 10, "time_epoch": 0.4814, "eta": 146.85908, "eta_hours": 0.04079, "loss": 0.63670169, "lr": 0.00097553, "params": 9207, "time_iter": 0.04376, "accuracy": 0.69048, "precision": 0.76923, "recall": 0.5, "f1": 0.60606, "auc": 0.82273}
{"epoch": 11, "time_epoch": 0.48338, "eta": 136.65304, "eta_hours": 0.03796, "loss": 0.57515789, "lr": 0.00097044, "params": 9207, "time_iter": 0.04394, "accuracy": 0.7619, "precision": 0.8125, "recall": 0.65, "f1": 0.72222, "auc": 0.88182}
{"epoch": 12, "time_epoch": 0.47991, "eta": 127.91957, "eta_hours": 0.03553, "loss": 0.56821738, "lr": 0.00096489, "params": 9207, "time_iter": 0.04363, "accuracy": 0.7381, "precision": 0.73684, "recall": 0.7, "f1": 0.71795, "auc": 0.84545}
{"epoch": 13, "time_epoch": 0.47862, "eta": 120.35725, "eta_hours": 0.03343, "loss": 0.51090852, "lr": 0.00095888, "params": 9207, "time_iter": 0.04351, "accuracy": 0.7619, "precision": 0.77778, "recall": 0.7, "f1": 0.73684, "auc": 0.87045}
{"epoch": 14, "time_epoch": 0.48117, "eta": 113.75384, "eta_hours": 0.0316, "loss": 0.44263696, "lr": 0.00095241, "params": 9207, "time_iter": 0.04374, "accuracy": 0.85714, "precision": 0.88889, "recall": 0.8, "f1": 0.84211, "auc": 0.90455}
{"epoch": 15, "time_epoch": 0.48433, "eta": 107.93232, "eta_hours": 0.02998, "loss": 0.40336862, "lr": 0.0009455, "params": 9207, "time_iter": 0.04403, "accuracy": 0.83333, "precision": 0.88235, "recall": 0.75, "f1": 0.81081, "auc": 0.92727}
{"epoch": 16, "time_epoch": 0.48299, "eta": 102.73216, "eta_hours": 0.02854, "loss": 0.2960881, "lr": 0.00093815, "params": 9207, "time_iter": 0.04391, "accuracy": 0.92857, "precision": 0.94737, "recall": 0.9, "f1": 0.92308, "auc": 0.96136}
{"epoch": 17, "time_epoch": 0.4808, "eta": 98.04615, "eta_hours": 0.02724, "loss": 0.3085869, "lr": 0.00093037, "params": 9207, "time_iter": 0.04371, "accuracy": 0.85714, "precision": 0.88889, "recall": 0.8, "f1": 0.84211, "auc": 0.94318}
{"epoch": 18, "time_epoch": 0.4822, "eta": 93.80878, "eta_hours": 0.02606, "loss": 0.40114843, "lr": 0.00092216, "params": 9207, "time_iter": 0.04384, "accuracy": 0.85714, "precision": 0.81818, "recall": 0.9, "f1": 0.85714, "auc": 0.90455}
{"epoch": 19, "time_epoch": 0.48266, "eta": 89.94875, "eta_hours": 0.02499, "loss": 0.26116466, "lr": 0.00091354, "params": 9207, "time_iter": 0.04388, "accuracy": 0.95238, "precision": 1.0, "recall": 0.9, "f1": 0.94737, "auc": 0.95455}
{"epoch": 20, "time_epoch": 0.47736, "eta": 86.39044, "eta_hours": 0.024, "loss": 0.36856157, "lr": 0.00090451, "params": 9207, "time_iter": 0.0434, "accuracy": 0.85714, "precision": 0.85, "recall": 0.85, "f1": 0.85, "auc": 0.92045}
{"epoch": 21, "time_epoch": 0.48439, "eta": 83.13713, "eta_hours": 0.02309, "loss": 0.21034175, "lr": 0.00089508, "params": 9207, "time_iter": 0.04404, "accuracy": 0.95238, "precision": 0.95, "recall": 0.95, "f1": 0.95, "auc": 0.975}
{"epoch": 22, "time_epoch": 0.48388, "eta": 80.12289, "eta_hours": 0.02226, "loss": 0.28551413, "lr": 0.00088526, "params": 9207, "time_iter": 0.04399, "accuracy": 0.85714, "precision": 0.85, "recall": 0.85, "f1": 0.85, "auc": 0.94773}
{"epoch": 23, "time_epoch": 0.48111, "eta": 77.31075, "eta_hours": 0.02148, "loss": 0.16307005, "lr": 0.00087506, "params": 9207, "time_iter": 0.04374, "accuracy": 0.95238, "precision": 0.95, "recall": 0.95, "f1": 0.95, "auc": 0.99091}
{"epoch": 24, "time_epoch": 0.48092, "eta": 74.68453, "eta_hours": 0.02075, "loss": 0.10042722, "lr": 0.00086448, "params": 9207, "time_iter": 0.04372, "accuracy": 0.95238, "precision": 0.95, "recall": 0.95, "f1": 0.95, "auc": 0.99773}
{"epoch": 25, "time_epoch": 0.48282, "eta": 72.22873, "eta_hours": 0.02006, "loss": 0.22145827, "lr": 0.00085355, "params": 9207, "time_iter": 0.04389, "accuracy": 0.92857, "precision": 0.94737, "recall": 0.9, "f1": 0.92308, "auc": 0.96591}
{"epoch": 26, "time_epoch": 0.48293, "eta": 69.91937, "eta_hours": 0.01942, "loss": 0.16946249, "lr": 0.00084227, "params": 9207, "time_iter": 0.0439, "accuracy": 0.92857, "precision": 0.90476, "recall": 0.95, "f1": 0.92683, "auc": 0.98636}
{"epoch": 27, "time_epoch": 0.47903, "eta": 67.73044, "eta_hours": 0.01881, "loss": 0.23996625, "lr": 0.00083066, "params": 9207, "time_iter": 0.04355, "accuracy": 0.85714, "precision": 0.81818, "recall": 0.9, "f1": 0.85714, "auc": 0.96818}
{"epoch": 28, "time_epoch": 0.47857, "eta": 65.65831, "eta_hours": 0.01824, "loss": 0.32237285, "lr": 0.00081871, "params": 9207, "time_iter": 0.04351, "accuracy": 0.90476, "precision": 0.94444, "recall": 0.85, "f1": 0.89474, "auc": 0.92727}
{"epoch": 29, "time_epoch": 0.48062, "eta": 63.69721, "eta_hours": 0.01769, "loss": 0.1871089, "lr": 0.00080645, "params": 9207, "time_iter": 0.04369, "accuracy": 0.92857, "precision": 0.94737, "recall": 0.9, "f1": 0.92308, "auc": 0.98636}
{"epoch": 30, "time_epoch": 0.48168, "eta": 61.83398, "eta_hours": 0.01718, "loss": 0.10712287, "lr": 0.00079389, "params": 9207, "time_iter": 0.04379, "accuracy": 0.97619, "precision": 0.95238, "recall": 1.0, "f1": 0.97561, "auc": 0.99545}
{"epoch": 31, "time_epoch": 0.48089, "eta": 60.05541, "eta_hours": 0.01668, "loss": 0.1931902, "lr": 0.00078104, "params": 9207, "time_iter": 0.04372, "accuracy": 0.90476, "precision": 0.83333, "recall": 1.0, "f1": 0.90909, "auc": 0.98864}
{"epoch": 32, "time_epoch": 0.47693, "eta": 58.34746, "eta_hours": 0.01621, "loss": 0.12667678, "lr": 0.00076791, "params": 9207, "time_iter": 0.04336, "accuracy": 0.97619, "precision": 1.0, "recall": 0.95, "f1": 0.97436, "auc": 0.99318}
{"epoch": 33, "time_epoch": 0.48288, "eta": 56.72348, "eta_hours": 0.01576, "loss": 0.05423443, "lr": 0.00075452, "params": 9207, "time_iter": 0.0439, "accuracy": 0.97619, "precision": 0.95238, "recall": 1.0, "f1": 0.97561, "auc": 1.0}
{"epoch": 34, "time_epoch": 0.48496, "eta": 55.16856, "eta_hours": 0.01532, "loss": 0.1482489, "lr": 0.00074088, "params": 9207, "time_iter": 0.04409, "accuracy": 0.95238, "precision": 0.95, "recall": 0.95, "f1": 0.95, "auc": 0.98409}
{"epoch": 35, "time_epoch": 0.48159, "eta": 53.66709, "eta_hours": 0.01491, "loss": 0.14893645, "lr": 0.000727, "params": 9207, "time_iter": 0.04378, "accuracy": 0.92857, "precision": 0.94737, "recall": 0.9, "f1": 0.92308, "auc": 0.98636}
{"epoch": 36, "time_epoch": 0.47752, "eta": 52.21382, "eta_hours": 0.0145, "loss": 0.07366277, "lr": 0.00071289, "params": 9207, "time_iter": 0.04341, "accuracy": 0.97619, "precision": 1.0, "recall": 0.95, "f1": 0.97436, "auc": 1.0}
{"epoch": 37, "time_epoch": 0.47888, "eta": 50.81412, "eta_hours": 0.01412, "loss": 0.2249239, "lr": 0.00069857, "params": 9207, "time_iter": 0.04353, "accuracy": 0.95238, "precision": 0.95, "recall": 0.95, "f1": 0.95, "auc": 0.97727}
{"epoch": 38, "time_epoch": 0.48074, "eta": 49.46455, "eta_hours": 0.01374, "loss": 0.17025924, "lr": 0.00068406, "params": 9207, "time_iter": 0.0437, "accuracy": 0.92857, "precision": 0.90476, "recall": 0.95, "f1": 0.92683, "auc": 0.99318}
{"epoch": 39, "time_epoch": 0.47844, "eta": 48.15498, "eta_hours": 0.01338, "loss": 0.23697777, "lr": 0.00066937, "params": 9207, "time_iter": 0.04349, "accuracy": 0.88095, "precision": 0.85714, "recall": 0.9, "f1": 0.87805, "auc": 0.96364}
{"epoch": 40, "time_epoch": 0.48058, "eta": 46.88902, "eta_hours": 0.01302, "loss": 0.29993878, "lr": 0.00065451, "params": 9207, "time_iter": 0.04369, "accuracy": 0.88095, "precision": 0.85714, "recall": 0.9, "f1": 0.87805, "auc": 0.95682}
{"epoch": 41, "time_epoch": 0.47929, "eta": 45.65868, "eta_hours": 0.01268, "loss": 0.26596673, "lr": 0.0006395, "params": 9207, "time_iter": 0.04357, "accuracy": 0.88095, "precision": 0.85714, "recall": 0.9, "f1": 0.87805, "auc": 0.96364}
{"epoch": 42, "time_epoch": 0.47721, "eta": 44.46052, "eta_hours": 0.01235, "loss": 0.02920401, "lr": 0.00062434, "params": 9207, "time_iter": 0.04338, "accuracy": 1.0, "precision": 1.0, "recall": 1.0, "f1": 1.0, "auc": 1.0}
{"epoch": 43, "time_epoch": 0.48892, "eta": 43.31004, "eta_hours": 0.01203, "loss": 0.0175652, "lr": 0.00060907, "params": 9207, "time_iter": 0.04445, "accuracy": 1.0, "precision": 1.0, "recall": 1.0, "f1": 1.0, "auc": 1.0}
{"epoch": 44, "time_epoch": 0.48078, "eta": 42.17901, "eta_hours": 0.01172, "loss": 0.21991851, "lr": 0.00059369, "params": 9207, "time_iter": 0.04371, "accuracy": 0.90476, "precision": 0.9, "recall": 0.9, "f1": 0.9, "auc": 0.975}
{"epoch": 45, "time_epoch": 0.47789, "eta": 41.07285, "eta_hours": 0.01141, "loss": 0.06933492, "lr": 0.00057822, "params": 9207, "time_iter": 0.04344, "accuracy": 0.97619, "precision": 0.95238, "recall": 1.0, "f1": 0.97561, "auc": 1.0}
{"epoch": 46, "time_epoch": 0.47734, "eta": 39.99281, "eta_hours": 0.01111, "loss": 0.2364246, "lr": 0.00056267, "params": 9207, "time_iter": 0.04339, "accuracy": 0.90476, "precision": 0.86364, "recall": 0.95, "f1": 0.90476, "auc": 0.97273}
{"epoch": 47, "time_epoch": 0.4836, "eta": 38.94466, "eta_hours": 0.01082, "loss": 0.11426986, "lr": 0.00054705, "params": 9207, "time_iter": 0.04396, "accuracy": 0.92857, "precision": 0.90476, "recall": 0.95, "f1": 0.92683, "auc": 0.99318}
{"epoch": 48, "time_epoch": 0.47549, "eta": 37.91112, "eta_hours": 0.01053, "loss": 0.09044946, "lr": 0.0005314, "params": 9207, "time_iter": 0.04323, "accuracy": 0.95238, "precision": 0.90909, "recall": 1.0, "f1": 0.95238, "auc": 1.0}
{"epoch": 49, "time_epoch": 0.48213, "eta": 36.90654, "eta_hours": 0.01025, "loss": 0.33213698, "lr": 0.00051571, "params": 9207, "time_iter": 0.04383, "accuracy": 0.88095, "precision": 0.89474, "recall": 0.85, "f1": 0.87179, "auc": 0.95227}
{"epoch": 50, "time_epoch": 0.47917, "eta": 35.9196, "eta_hours": 0.00998, "loss": 0.2903823, "lr": 0.0005, "params": 9207, "time_iter": 0.04356, "accuracy": 0.90476, "precision": 0.9, "recall": 0.9, "f1": 0.9, "auc": 0.96591}
{"epoch": 51, "time_epoch": 0.4805, "eta": 34.95341, "eta_hours": 0.00971, "loss": 0.02670726, "lr": 0.00048429, "params": 9207, "time_iter": 0.04368, "accuracy": 1.0, "precision": 1.0, "recall": 1.0, "f1": 1.0, "auc": 1.0}
{"epoch": 52, "time_epoch": 0.47749, "eta": 34.0029, "eta_hours": 0.00945, "loss": 0.05538486, "lr": 0.0004686, "params": 9207, "time_iter": 0.04341, "accuracy": 0.97619, "precision": 0.95238, "recall": 1.0, "f1": 0.97561, "auc": 1.0}
{"epoch": 53, "time_epoch": 0.47955, "eta": 33.07165, "eta_hours": 0.00919, "loss": 0.10636768, "lr": 0.00045295, "params": 9207, "time_iter": 0.0436, "accuracy": 0.97619, "precision": 1.0, "recall": 0.95, "f1": 0.97436, "auc": 0.99091}
{"epoch": 54, "time_epoch": 0.48117, "eta": 32.15815, "eta_hours": 0.00893, "loss": 0.06878739, "lr": 0.00043733, "params": 9207, "time_iter": 0.04374, "accuracy": 0.97619, "precision": 1.0, "recall": 0.95, "f1": 0.97436, "auc": 0.99773}
{"epoch": 55, "time_epoch": 0.47585, "eta": 31.25592, "eta_hours": 0.00868, "loss": 0.07199487, "lr": 0.00042178, "params": 9207, "time_iter": 0.04326, "accuracy": 0.95238, "precision": 0.90909, "recall": 1.0, "f1": 0.95238, "auc": 0.99773}
{"epoch": 56, "time_epoch": 0.47817, "eta": 30.3704, "eta_hours": 0.00844, "loss": 0.30721332, "lr": 0.00040631, "params": 9207, "time_iter": 0.04347, "accuracy": 0.85714, "precision": 0.81818, "recall": 0.9, "f1": 0.85714, "auc": 0.96136}
{"epoch": 57, "time_epoch": 0.47887, "eta": 29.49943, "eta_hours": 0.00819, "loss": 0.18898363, "lr": 0.00039093, "params": 9207, "time_iter": 0.04353, "accuracy": 0.88095, "precision": 0.82609, "recall": 0.95, "f1": 0.88372, "auc": 0.98864}
{"epoch": 58, "time_epoch": 0.47946, "eta": 28.64217, "eta_hours": 0.00796, "loss": 0.22560624, "lr": 0.00037566, "params": 9207, "time_iter": 0.04359, "accuracy": 0.92857, "precision": 0.90476, "recall": 0.95, "f1": 0.92683, "auc": 0.97273}
{"epoch": 59, "time_epoch": 0.48208, "eta": 27.79924, "eta_hours": 0.00772, "loss": 0.23728606, "lr": 0.0003605, "params": 9207, "time_iter": 0.04383, "accuracy": 0.90476, "precision": 0.9, "recall": 0.9, "f1": 0.9, "auc": 0.97045}
{"epoch": 60, "time_epoch": 0.48063, "eta": 26.96721, "eta_hours": 0.00749, "loss": 0.36349823, "lr": 0.00034549, "params": 9207, "time_iter": 0.04369, "accuracy": 0.78571, "precision": 0.78947, "recall": 0.75, "f1": 0.76923, "auc": 0.91591}
{"epoch": 61, "time_epoch": 0.47863, "eta": 26.1453, "eta_hours": 0.00726, "loss": 0.33690865, "lr": 0.00033063, "params": 9207, "time_iter": 0.04351, "accuracy": 0.88095, "precision": 0.89474, "recall": 0.85, "f1": 0.87179, "auc": 0.95682}
{"epoch": 62, "time_epoch": 0.48178, "eta": 25.33613, "eta_hours": 0.00704, "loss": 0.1711153, "lr": 0.00031594, "params": 9207, "time_iter": 0.0438, "accuracy": 0.92857, "precision": 0.90476, "recall": 0.95, "f1": 0.92683, "auc": 0.98636}
{"epoch": 63, "time_epoch": 0.47964, "eta": 24.53599, "eta_hours": 0.00682, "loss": 0.14325882, "lr": 0.00030143, "params": 9207, "time_iter": 0.0436, "accuracy": 0.95238, "precision": 1.0, "recall": 0.9, "f1": 0.94737, "auc": 0.99318}
{"epoch": 64, "time_epoch": 0.48155, "eta": 23.74674, "eta_hours": 0.0066, "loss": 0.0763034, "lr": 0.00028711, "params": 9207, "time_iter": 0.04378, "accuracy": 0.97619, "precision": 0.95238, "recall": 1.0, "f1": 0.97561, "auc": 1.0}
{"epoch": 65, "time_epoch": 0.4767, "eta": 22.96432, "eta_hours": 0.00638, "loss": 0.26923638, "lr": 0.000273, "params": 9207, "time_iter": 0.04334, "accuracy": 0.90476, "precision": 0.9, "recall": 0.9, "f1": 0.9, "auc": 0.95909}
{"epoch": 66, "time_epoch": 0.48123, "eta": 22.19325, "eta_hours": 0.00616, "loss": 0.27559517, "lr": 0.00025912, "params": 9207, "time_iter": 0.04375, "accuracy": 0.90476, "precision": 0.9, "recall": 0.9, "f1": 0.9, "auc": 0.975}
{"epoch": 67, "time_epoch": 0.47914, "eta": 21.42972, "eta_hours": 0.00595, "loss": 0.14434547, "lr": 0.00024548, "params": 9207, "time_iter": 0.04356, "accuracy": 0.90476, "precision": 0.83333, "recall": 1.0, "f1": 0.90909, "auc": 1.0}
{"epoch": 68, "time_epoch": 0.48391, "eta": 20.67658, "eta_hours": 0.00574, "loss": 0.39237367, "lr": 0.00023209, "params": 9207, "time_iter": 0.04399, "accuracy": 0.90476, "precision": 0.94444, "recall": 0.85, "f1": 0.89474, "auc": 0.95455}
{"epoch": 69, "time_epoch": 0.48048, "eta": 19.92966, "eta_hours": 0.00554, "loss": 0.02999601, "lr": 0.00021896, "params": 9207, "time_iter": 0.04368, "accuracy": 0.97619, "precision": 0.95238, "recall": 1.0, "f1": 0.97561, "auc": 1.0}
{"epoch": 70, "time_epoch": 0.47927, "eta": 19.18976, "eta_hours": 0.00533, "loss": 0.03637537, "lr": 0.00020611, "params": 9207, "time_iter": 0.04357, "accuracy": 0.97619, "precision": 0.95238, "recall": 1.0, "f1": 0.97561, "auc": 1.0}
{"epoch": 71, "time_epoch": 0.4758, "eta": 18.45574, "eta_hours": 0.00513, "loss": 0.03600201, "lr": 0.00019355, "params": 9207, "time_iter": 0.04325, "accuracy": 1.0, "precision": 1.0, "recall": 1.0, "f1": 1.0, "auc": 1.0}
{"epoch": 72, "time_epoch": 0.48015, "eta": 17.73041, "eta_hours": 0.00493, "loss": 0.01126758, "lr": 0.00018129, "params": 9207, "time_iter": 0.04365, "accuracy": 1.0, "precision": 1.0, "recall": 1.0, "f1": 1.0, "auc": 1.0}
{"epoch": 73, "time_epoch": 0.482, "eta": 17.01235, "eta_hours": 0.00473, "loss": 0.22359943, "lr": 0.00016934, "params": 9207, "time_iter": 0.04382, "accuracy": 0.88095, "precision": 0.89474, "recall": 0.85, "f1": 0.87179, "auc": 0.97727}
{"epoch": 74, "time_epoch": 0.47859, "eta": 16.29946, "eta_hours": 0.00453, "loss": 0.04433209, "lr": 0.00015773, "params": 9207, "time_iter": 0.04351, "accuracy": 0.97619, "precision": 0.95238, "recall": 1.0, "f1": 0.97561, "auc": 1.0}
{"epoch": 75, "time_epoch": 0.48275, "eta": 15.59404, "eta_hours": 0.00433, "loss": 0.08087936, "lr": 0.00014645, "params": 9207, "time_iter": 0.04389, "accuracy": 0.97619, "precision": 0.95238, "recall": 1.0, "f1": 0.97561, "auc": 1.0}
{"epoch": 76, "time_epoch": 0.4782, "eta": 14.89304, "eta_hours": 0.00414, "loss": 0.05205525, "lr": 0.00013552, "params": 9207, "time_iter": 0.04347, "accuracy": 0.97619, "precision": 1.0, "recall": 0.95, "f1": 0.97436, "auc": 1.0}
{"epoch": 77, "time_epoch": 0.47686, "eta": 14.19738, "eta_hours": 0.00394, "loss": 0.20300042, "lr": 0.00012494, "params": 9207, "time_iter": 0.04335, "accuracy": 0.90476, "precision": 0.86364, "recall": 0.95, "f1": 0.90476, "auc": 0.98409}
{"epoch": 78, "time_epoch": 0.48118, "eta": 13.50841, "eta_hours": 0.00375, "loss": 0.25477785, "lr": 0.00011474, "params": 9207, "time_iter": 0.04374, "accuracy": 0.88095, "precision": 0.85714, "recall": 0.9, "f1": 0.87805, "auc": 0.96136}
{"epoch": 79, "time_epoch": 0.48013, "eta": 12.82437, "eta_hours": 0.00356, "loss": 0.13885849, "lr": 0.00010492, "params": 9207, "time_iter": 0.04365, "accuracy": 0.97619, "precision": 1.0, "recall": 0.95, "f1": 0.97436, "auc": 0.99545}
{"epoch": 80, "time_epoch": 0.47763, "eta": 12.14478, "eta_hours": 0.00337, "loss": 0.17999914, "lr": 9.549e-05, "params": 9207, "time_iter": 0.04342, "accuracy": 0.92857, "precision": 0.90476, "recall": 0.95, "f1": 0.92683, "auc": 0.99091}
{"epoch": 81, "time_epoch": 0.47936, "eta": 11.4705, "eta_hours": 0.00319, "loss": 0.07234921, "lr": 8.646e-05, "params": 9207, "time_iter": 0.04358, "accuracy": 0.97619, "precision": 0.95238, "recall": 1.0, "f1": 0.97561, "auc": 1.0}
{"epoch": 82, "time_epoch": 0.48064, "eta": 10.80117, "eta_hours": 0.003, "loss": 0.06740654, "lr": 7.784e-05, "params": 9207, "time_iter": 0.04369, "accuracy": 0.97619, "precision": 0.95238, "recall": 1.0, "f1": 0.97561, "auc": 1.0}
{"epoch": 83, "time_epoch": 0.47891, "eta": 10.13601, "eta_hours": 0.00282, "loss": 0.19467648, "lr": 6.963e-05, "params": 9207, "time_iter": 0.04354, "accuracy": 0.90476, "precision": 0.94444, "recall": 0.85, "f1": 0.89474, "auc": 0.99091}
{"epoch": 84, "time_epoch": 0.48133, "eta": 9.47565, "eta_hours": 0.00263, "loss": 0.07938838, "lr": 6.185e-05, "params": 9207, "time_iter": 0.04376, "accuracy": 0.95238, "precision": 0.90909, "recall": 1.0, "f1": 0.95238, "auc": 1.0}
{"epoch": 85, "time_epoch": 0.49748, "eta": 8.82209, "eta_hours": 0.00245, "loss": 0.05648113, "lr": 5.45e-05, "params": 9207, "time_iter": 0.04523, "accuracy": 0.97619, "precision": 0.95238, "recall": 1.0, "f1": 0.97561, "auc": 1.0}
{"epoch": 86, "time_epoch": 0.49096, "eta": 8.17114, "eta_hours": 0.00227, "loss": 0.0560531, "lr": 4.759e-05, "params": 9207, "time_iter": 0.04463, "accuracy": 0.97619, "precision": 0.95238, "recall": 1.0, "f1": 0.97561, "auc": 1.0}
{"epoch": 87, "time_epoch": 0.53915, "eta": 7.5304, "eta_hours": 0.00209, "loss": 0.08931432, "lr": 4.112e-05, "params": 9207, "time_iter": 0.04901, "accuracy": 0.95238, "precision": 0.95, "recall": 0.95, "f1": 0.95, "auc": 0.99773}
{"epoch": 88, "time_epoch": 0.50456, "eta": 6.88767, "eta_hours": 0.00191, "loss": 0.20896818, "lr": 3.511e-05, "params": 9207, "time_iter": 0.04587, "accuracy": 0.88095, "precision": 0.89474, "recall": 0.85, "f1": 0.87179, "auc": 0.98409}
{"epoch": 89, "time_epoch": 0.45046, "eta": 6.242, "eta_hours": 0.00173, "loss": 0.0422038, "lr": 2.956e-05, "params": 9207, "time_iter": 0.04095, "accuracy": 1.0, "precision": 1.0, "recall": 1.0, "f1": 1.0, "auc": 1.0}
{"epoch": 90, "time_epoch": 0.64538, "eta": 5.61989, "eta_hours": 0.00156, "loss": 0.03527309, "lr": 2.447e-05, "params": 9207, "time_iter": 0.05867, "accuracy": 1.0, "precision": 1.0, "recall": 1.0, "f1": 1.0, "auc": 1.0}
{"epoch": 91, "time_epoch": 0.74541, "eta": 5.00598, "eta_hours": 0.00139, "loss": 0.07833355, "lr": 1.985e-05, "params": 9207, "time_iter": 0.06776, "accuracy": 0.97619, "precision": 0.95238, "recall": 1.0, "f1": 0.97561, "auc": 0.99773}
{"epoch": 92, "time_epoch": 0.39467, "eta": 4.36284, "eta_hours": 0.00121, "loss": 0.03754238, "lr": 1.571e-05, "params": 9207, "time_iter": 0.03588, "accuracy": 1.0, "precision": 1.0, "recall": 1.0, "f1": 1.0, "auc": 1.0}
{"epoch": 93, "time_epoch": 0.39137, "eta": 3.72478, "eta_hours": 0.00103, "loss": 0.00103231, "lr": 1.204e-05, "params": 9207, "time_iter": 0.03558, "accuracy": 1.0, "precision": 1.0, "recall": 1.0, "f1": 1.0, "auc": 1.0}
{"epoch": 94, "time_epoch": 0.39106, "eta": 3.09189, "eta_hours": 0.00086, "loss": 0.41461392, "lr": 8.86e-06, "params": 9207, "time_iter": 0.03555, "accuracy": 0.90476, "precision": 0.94444, "recall": 0.85, "f1": 0.89474, "auc": 0.95227}
{"epoch": 95, "time_epoch": 0.41352, "eta": 2.46498, "eta_hours": 0.00068, "loss": 0.00593234, "lr": 6.16e-06, "params": 9207, "time_iter": 0.03759, "accuracy": 1.0, "precision": 1.0, "recall": 1.0, "f1": 1.0, "auc": 1.0}
{"epoch": 96, "time_epoch": 0.42931, "eta": 1.84295, "eta_hours": 0.00051, "loss": 0.11750731, "lr": 3.94e-06, "params": 9207, "time_iter": 0.03903, "accuracy": 0.95238, "precision": 0.95, "recall": 0.95, "f1": 0.95, "auc": 0.99091}
{"epoch": 97, "time_epoch": 0.43482, "eta": 1.22497, "eta_hours": 0.00034, "loss": 0.15076171, "lr": 2.22e-06, "params": 9207, "time_iter": 0.03953, "accuracy": 0.90476, "precision": 0.86364, "recall": 0.95, "f1": 0.90476, "auc": 0.99091}
{"epoch": 98, "time_epoch": 0.4338, "eta": 0.61068, "eta_hours": 0.00017, "loss": 0.25813897, "lr": 9.9e-07, "params": 9207, "time_iter": 0.03944, "accuracy": 0.95238, "precision": 0.95, "recall": 0.95, "f1": 0.95, "auc": 0.98409}
{"epoch": 99, "time_epoch": 0.4737, "eta": 0.0, "eta_hours": 0.0, "loss": 0.00456691, "lr": 2.5e-07, "params": 9207, "time_iter": 0.04306, "accuracy": 1.0, "precision": 1.0, "recall": 1.0, "f1": 1.0, "auc": 1.0}
