{"epoch": 0, "time_epoch": 2.9231, "eta": 289.38697, "eta_hours": 0.08039, "loss": 0.71286666, "lr": 0.001, "params": 5327, "time_iter": 0.07692, "accuracy": 0.48, "precision": 0.0, "recall": 0.0, "f1": 0.0, "auc": 0.49777}
{"epoch": 1, "time_epoch": 2.81644, "eta": 281.23772, "eta_hours": 0.07812, "loss": 0.70425481, "lr": 0.00099975, "params": 5327, "time_iter": 0.07412, "accuracy": 0.48, "precision": 0.0, "recall": 0.0, "f1": 0.0, "auc": 0.51887}
{"epoch": 2, "time_epoch": 2.61704, "eta": 270.19636, "eta_hours": 0.07505, "loss": 0.69979273, "lr": 0.00099901, "params": 5327, "time_iter": 0.06887, "accuracy": 0.48, "precision": 0.0, "recall": 0.0, "f1": 0.0, "auc": 0.42539}
{"epoch": 3, "time_epoch": 3.00303, "eta": 272.63073, "eta_hours": 0.07573, "loss": 0.69666389, "lr": 0.00099778, "params": 5327, "time_iter": 0.07903, "accuracy": 0.48, "precision": 0.0, "recall": 0.0, "f1": 0.0, "auc": 0.49626}
{"epoch": 4, "time_epoch": 2.80683, "eta": 269.1625, "eta_hours": 0.07477, "loss": 0.69465603, "lr": 0.00099606, "params": 5327, "time_iter": 0.07386, "accuracy": 0.48, "precision": 0.0, "recall": 0.0, "f1": 0.0, "auc": 0.53454}
{"epoch": 5, "time_epoch": 2.72771, "eta": 264.67511, "eta_hours": 0.07352, "loss": 0.6944714, "lr": 0.00099384, "params": 5327, "time_iter": 0.07178, "accuracy": 0.46, "precision": 0.48649, "recall": 0.69231, "f1": 0.57143, "auc": 0.37865}
{"epoch": 6, "time_epoch": 2.72076, "eta": 260.59822, "eta_hours": 0.07239, "loss": 0.69293864, "lr": 0.00099114, "params": 5327, "time_iter": 0.0716, "accuracy": 0.52, "precision": 0.52027, "recall": 0.98718, "f1": 0.68142, "auc": 0.48914}
{"epoch": 7, "time_epoch": 2.59406, "eta": 255.40331, "eta_hours": 0.07095, "loss": 0.69302831, "lr": 0.00098796, "params": 5327, "time_iter": 0.06826, "accuracy": 0.52, "precision": 0.52, "recall": 1.0, "f1": 0.68421, "auc": 0.45157}
{"epoch": 8, "time_epoch": 2.67352, "eta": 251.58979, "eta_hours": 0.06989, "loss": 0.69261618, "lr": 0.00098429, "params": 5327, "time_iter": 0.07036, "accuracy": 0.52, "precision": 0.52, "recall": 1.0, "f1": 0.68421, "auc": 0.49359}
{"epoch": 9, "time_epoch": 2.73673, "eta": 248.5731, "eta_hours": 0.06905, "loss": 0.69291804, "lr": 0.00098015, "params": 5327, "time_iter": 0.07202, "accuracy": 0.52, "precision": 0.52, "recall": 1.0, "f1": 0.68421, "auc": 0.45727}
{"epoch": 10, "time_epoch": 2.8414, "eta": 246.45425, "eta_hours": 0.06846, "loss": 0.69344096, "lr": 0.00097553, "params": 5327, "time_iter": 0.07477, "accuracy": 0.52, "precision": 0.52, "recall": 1.0, "f1": 0.68421, "auc": 0.414}
{"epoch": 11, "time_epoch": 3.01468, "eta": 245.48569, "eta_hours": 0.06819, "loss": 0.69323801, "lr": 0.00097044, "params": 5327, "time_iter": 0.07933, "accuracy": 0.52, "precision": 0.52, "recall": 1.0, "f1": 0.68421, "auc": 0.43928}
{"epoch": 12, "time_epoch": 2.67902, "eta": 241.956, "eta_hours": 0.06721, "loss": 0.69371843, "lr": 0.00096489, "params": 5327, "time_iter": 0.0705, "accuracy": 0.52, "precision": 0.52, "recall": 1.0, "f1": 0.68421, "auc": 0.4115}
{"epoch": 13, "time_epoch": 2.58459, "eta": 237.96773, "eta_hours": 0.0661, "loss": 0.69269766, "lr": 0.00095888, "params": 5327, "time_iter": 0.06802, "accuracy": 0.52, "precision": 0.52, "recall": 1.0, "f1": 0.68421, "auc": 0.47792}
{"epoch": 14, "time_epoch": 2.58509, "eta": 234.16947, "eta_hours": 0.06505, "loss": 0.69318592, "lr": 0.00095241, "params": 5327, "time_iter": 0.06803, "accuracy": 0.52, "precision": 0.52, "recall": 1.0, "f1": 0.68421, "auc": 0.44872}
{"epoch": 15, "time_epoch": 2.6283, "eta": 230.74968, "eta_hours": 0.0641, "loss": 0.69123365, "lr": 0.0009455, "params": 5327, "time_iter": 0.06917, "accuracy": 0.52, "precision": 0.52, "recall": 1.0, "f1": 0.68421, "auc": 0.55823}
{"epoch": 16, "time_epoch": 2.6539, "eta": 227.54804, "eta_hours": 0.06321, "loss": 0.69240654, "lr": 0.00093815, "params": 5327, "time_iter": 0.06984, "accuracy": 0.52, "precision": 0.52055, "recall": 0.97436, "f1": 0.67857, "auc": 0.49697}
{"epoch": 17, "time_epoch": 2.76669, "eta": 224.92105, "eta_hours": 0.06248, "loss": 0.69350356, "lr": 0.00093037, "params": 5327, "time_iter": 0.07281, "accuracy": 0.54667, "precision": 0.53846, "recall": 0.89744, "f1": 0.67308, "auc": 0.51745}
{"epoch": 18, "time_epoch": 2.84421, "eta": 222.60985, "eta_hours": 0.06184, "loss": 0.69168844, "lr": 0.00092216, "params": 5327, "time_iter": 0.07485, "accuracy": 0.52, "precision": 0.52344, "recall": 0.85897, "f1": 0.65049, "auc": 0.52101}
{"epoch": 19, "time_epoch": 2.71555, "eta": 219.73069, "eta_hours": 0.06104, "loss": 0.69323394, "lr": 0.00091354, "params": 5327, "time_iter": 0.07146, "accuracy": 0.55333, "precision": 0.54472, "recall": 0.85897, "f1": 0.66667, "auc": 0.48575}
{"epoch": 20, "time_epoch": 2.8823, "eta": 217.49441, "eta_hours": 0.06042, "loss": 0.69065431, "lr": 0.00090451, "params": 5327, "time_iter": 0.07585, "accuracy": 0.51333, "precision": 0.51701, "recall": 0.97436, "f1": 0.67556, "auc": 0.56143}
{"epoch": 21, "time_epoch": 2.67213, "eta": 214.45428, "eta_hours": 0.05957, "loss": 0.69246574, "lr": 0.00089508, "params": 5327, "time_iter": 0.07032, "accuracy": 0.51333, "precision": 0.51908, "recall": 0.87179, "f1": 0.65072, "auc": 0.52172}
{"epoch": 22, "time_epoch": 3.12166, "eta": 212.95107, "eta_hours": 0.05915, "loss": 0.69224257, "lr": 0.00088526, "params": 5327, "time_iter": 0.08215, "accuracy": 0.54, "precision": 0.53237, "recall": 0.94872, "f1": 0.68203, "auc": 0.5041}
{"epoch": 23, "time_epoch": 3.4289, "eta": 212.28592, "eta_hours": 0.05897, "loss": 0.69530316, "lr": 0.00087506, "params": 5327, "time_iter": 0.09023, "accuracy": 0.51333, "precision": 0.51852, "recall": 0.89744, "f1": 0.65728, "auc": 0.43946}
{"epoch": 24, "time_epoch": 3.31097, "eta": 211.0459, "eta_hours": 0.05862, "loss": 0.69292807, "lr": 0.00086448, "params": 5327, "time_iter": 0.08713, "accuracy": 0.51333, "precision": 0.51799, "recall": 0.92308, "f1": 0.66359, "auc": 0.50641}
{"epoch": 25, "time_epoch": 2.97744, "eta": 208.69728, "eta_hours": 0.05797, "loss": 0.6922717, "lr": 0.00085355, "params": 5327, "time_iter": 0.07835, "accuracy": 0.50667, "precision": 0.5137, "recall": 0.96154, "f1": 0.66964, "auc": 0.53045}
{"epoch": 26, "time_epoch": 3.24578, "eta": 207.02759, "eta_hours": 0.05751, "loss": 0.69239154, "lr": 0.00084227, "params": 5327, "time_iter": 0.08542, "accuracy": 0.52667, "precision": 0.52893, "recall": 0.82051, "f1": 0.64322, "auc": 0.51104}
{"epoch": 27, "time_epoch": 2.82844, "eta": 204.17217, "eta_hours": 0.05671, "loss": 0.68881883, "lr": 0.00083066, "params": 5327, "time_iter": 0.07443, "accuracy": 0.54667, "precision": 0.54386, "recall": 0.79487, "f1": 0.64583, "auc": 0.55769}
{"epoch": 28, "time_epoch": 2.90433, "eta": 201.50441, "eta_hours": 0.05597, "loss": 0.69140097, "lr": 0.00081871, "params": 5327, "time_iter": 0.07643, "accuracy": 0.51333, "precision": 0.52174, "recall": 0.76923, "f1": 0.62176, "auc": 0.52956}
{"epoch": 29, "time_epoch": 3.12371, "eta": 199.33275, "eta_hours": 0.05537, "loss": 0.6964486, "lr": 0.00080645, "params": 5327, "time_iter": 0.0822, "accuracy": 0.51333, "precision": 0.52252, "recall": 0.74359, "f1": 0.61376, "auc": 0.46172}
{"epoch": 30, "time_epoch": 2.618, "eta": 195.97408, "eta_hours": 0.05444, "loss": 0.6944048, "lr": 0.00079389, "params": 5327, "time_iter": 0.06889, "accuracy": 0.48, "precision": 0.5, "recall": 0.64103, "f1": 0.5618, "auc": 0.4813}
{"epoch": 31, "time_epoch": 2.59008, "eta": 192.60236, "eta_hours": 0.0535, "loss": 0.69331753, "lr": 0.00078104, "params": 5327, "time_iter": 0.06816, "accuracy": 0.52667, "precision": 0.52672, "recall": 0.88462, "f1": 0.66029, "auc": 0.47863}
{"epoch": 32, "time_epoch": 2.57312, "eta": 189.24358, "eta_hours": 0.05257, "loss": 0.68836587, "lr": 0.00076791, "params": 5327, "time_iter": 0.06771, "accuracy": 0.54667, "precision": 0.53788, "recall": 0.91026, "f1": 0.67619, "auc": 0.58369}
{"epoch": 33, "time_epoch": 2.55617, "eta": 185.89811, "eta_hours": 0.05164, "loss": 0.69511367, "lr": 0.00075452, "params": 5327, "time_iter": 0.06727, "accuracy": 0.47333, "precision": 0.49593, "recall": 0.78205, "f1": 0.60697, "auc": 0.46546}
{"epoch": 34, "time_epoch": 2.49932, "eta": 182.49217, "eta_hours": 0.05069, "loss": 0.69506065, "lr": 0.00074088, "params": 5327, "time_iter": 0.06577, "accuracy": 0.52, "precision": 0.52308, "recall": 0.87179, "f1": 0.65385, "auc": 0.46011}
{"epoch": 35, "time_epoch": 2.77957, "eta": 179.63482, "eta_hours": 0.0499, "loss": 0.69229491, "lr": 0.000727, "params": 5327, "time_iter": 0.07315, "accuracy": 0.52, "precision": 0.52206, "recall": 0.91026, "f1": 0.66355, "auc": 0.51211}
{"epoch": 36, "time_epoch": 3.0636, "eta": 177.26529, "eta_hours": 0.04924, "loss": 0.69179727, "lr": 0.00071289, "params": 5327, "time_iter": 0.08062, "accuracy": 0.54, "precision": 0.53719, "recall": 0.83333, "f1": 0.65327, "auc": 0.53098}
{"epoch": 37, "time_epoch": 2.92048, "eta": 174.62572, "eta_hours": 0.04851, "loss": 0.69260783, "lr": 0.00069857, "params": 5327, "time_iter": 0.07685, "accuracy": 0.5, "precision": 0.51128, "recall": 0.87179, "f1": 0.64455, "auc": 0.50285}
{"epoch": 38, "time_epoch": 2.83247, "eta": 171.83409, "eta_hours": 0.04773, "loss": 0.69152671, "lr": 0.00068406, "params": 5327, "time_iter": 0.07454, "accuracy": 0.53333, "precision": 0.53226, "recall": 0.84615, "f1": 0.65347, "auc": 0.51567}
{"epoch": 39, "time_epoch": 2.69579, "eta": 168.8354, "eta_hours": 0.0469, "loss": 0.69083888, "lr": 0.00066937, "params": 5327, "time_iter": 0.07094, "accuracy": 0.52, "precision": 0.525, "recall": 0.80769, "f1": 0.63636, "auc": 0.5203}
{"epoch": 40, "time_epoch": 3.19057, "eta": 166.56348, "eta_hours": 0.04627, "loss": 0.69104566, "lr": 0.00065451, "params": 5327, "time_iter": 0.08396, "accuracy": 0.51333, "precision": 0.52, "recall": 0.83333, "f1": 0.64039, "auc": 0.52902}
{"epoch": 41, "time_epoch": 2.61007, "eta": 163.44617, "eta_hours": 0.0454, "loss": 0.69152539, "lr": 0.0006395, "params": 5327, "time_iter": 0.06869, "accuracy": 0.52667, "precision": 0.52672, "recall": 0.88462, "f1": 0.66029, "auc": 0.52342}
{"epoch": 42, "time_epoch": 2.61002, "eta": 160.3524, "eta_hours": 0.04454, "loss": 0.69167537, "lr": 0.00062434, "params": 5327, "time_iter": 0.06868, "accuracy": 0.5, "precision": 0.5122, "recall": 0.80769, "f1": 0.62687, "auc": 0.51585}
{"epoch": 43, "time_epoch": 2.81049, "eta": 157.53574, "eta_hours": 0.04376, "loss": 0.69085805, "lr": 0.00060907, "params": 5327, "time_iter": 0.07396, "accuracy": 0.5, "precision": 0.5124, "recall": 0.79487, "f1": 0.62312, "auc": 0.52546}
{"epoch": 44, "time_epoch": 2.61002, "eta": 154.47435, "eta_hours": 0.04291, "loss": 0.68793995, "lr": 0.00059369, "params": 5327, "time_iter": 0.06868, "accuracy": 0.50667, "precision": 0.51786, "recall": 0.74359, "f1": 0.61053, "auc": 0.56268}
{"epoch": 45, "time_epoch": 2.57911, "eta": 151.39629, "eta_hours": 0.04205, "loss": 0.68960728, "lr": 0.00057822, "params": 5327, "time_iter": 0.06787, "accuracy": 0.54, "precision": 0.54206, "recall": 0.74359, "f1": 0.62703, "auc": 0.54594}
{"epoch": 46, "time_epoch": 2.8065, "eta": 148.59589, "eta_hours": 0.04128, "loss": 0.68776234, "lr": 0.00056267, "params": 5327, "time_iter": 0.07386, "accuracy": 0.56667, "precision": 0.55963, "recall": 0.78205, "f1": 0.65241, "auc": 0.55609}
{"epoch": 47, "time_epoch": 2.68287, "eta": 145.6613, "eta_hours": 0.04046, "loss": 0.69397725, "lr": 0.00054705, "params": 5327, "time_iter": 0.0706, "accuracy": 0.5, "precision": 0.51402, "recall": 0.70513, "f1": 0.59459, "auc": 0.50588}
{"epoch": 48, "time_epoch": 2.62602, "eta": 142.67781, "eta_hours": 0.03963, "loss": 0.69286939, "lr": 0.0005314, "params": 5327, "time_iter": 0.06911, "accuracy": 0.54, "precision": 0.54286, "recall": 0.73077, "f1": 0.62295, "auc": 0.52172}
{"epoch": 49, "time_epoch": 2.99045, "eta": 140.07306, "eta_hours": 0.03891, "loss": 0.69084519, "lr": 0.00051571, "params": 5327, "time_iter": 0.0787, "accuracy": 0.54, "precision": 0.54206, "recall": 0.74359, "f1": 0.62703, "auc": 0.52155}
{"epoch": 50, "time_epoch": 5.25952, "eta": 139.63326, "eta_hours": 0.03879, "loss": 0.69214552, "lr": 0.0005, "params": 5327, "time_iter": 0.13841, "accuracy": 0.52, "precision": 0.52632, "recall": 0.76923, "f1": 0.625, "auc": 0.52261}
{"epoch": 51, "time_epoch": 3.38242, "eta": 137.27538, "eta_hours": 0.03813, "loss": 0.68592834, "lr": 0.00048429, "params": 5327, "time_iter": 0.08901, "accuracy": 0.56667, "precision": 0.55752, "recall": 0.80769, "f1": 0.65969, "auc": 0.56624}
{"epoch": 52, "time_epoch": 2.94719, "eta": 134.49288, "eta_hours": 0.03736, "loss": 0.69342271, "lr": 0.0004686, "params": 5327, "time_iter": 0.07756, "accuracy": 0.54, "precision": 0.54054, "recall": 0.76923, "f1": 0.63492, "auc": 0.51425}
{"epoch": 53, "time_epoch": 2.74167, "eta": 131.52921, "eta_hours": 0.03654, "loss": 0.68534532, "lr": 0.00045295, "params": 5327, "time_iter": 0.07215, "accuracy": 0.56, "precision": 0.55357, "recall": 0.79487, "f1": 0.65263, "auc": 0.58298}
{"epoch": 54, "time_epoch": 3.60794, "eta": 129.28238, "eta_hours": 0.03591, "loss": 0.69316819, "lr": 0.00043733, "params": 5327, "time_iter": 0.09495, "accuracy": 0.51333, "precision": 0.52381, "recall": 0.70513, "f1": 0.60109, "auc": 0.51229}
{"epoch": 55, "time_epoch": 3.8307, "eta": 127.16197, "eta_hours": 0.03532, "loss": 0.6882696, "lr": 0.00042178, "params": 5327, "time_iter": 0.10081, "accuracy": 0.52, "precision": 0.52632, "recall": 0.76923, "f1": 0.625, "auc": 0.53971}
{"epoch": 56, "time_epoch": 4.00158, "eta": 125.11045, "eta_hours": 0.03475, "loss": 0.69004589, "lr": 0.00040631, "params": 5327, "time_iter": 0.1053, "accuracy": 0.52667, "precision": 0.53153, "recall": 0.75641, "f1": 0.62434, "auc": 0.52742}
{"epoch": 57, "time_epoch": 3.20446, "eta": 122.41446, "eta_hours": 0.034, "loss": 0.68565385, "lr": 0.00039093, "params": 5327, "time_iter": 0.08433, "accuracy": 0.57333, "precision": 0.56364, "recall": 0.79487, "f1": 0.65957, "auc": 0.57603}
{"epoch": 58, "time_epoch": 3.03201, "eta": 119.5814, "eta_hours": 0.03322, "loss": 0.69129276, "lr": 0.00037566, "params": 5327, "time_iter": 0.07979, "accuracy": 0.55333, "precision": 0.54955, "recall": 0.78205, "f1": 0.6455, "auc": 0.51549}
{"epoch": 59, "time_epoch": 2.64393, "eta": 116.48299, "eta_hours": 0.03236, "loss": 0.68913869, "lr": 0.0003605, "params": 5327, "time_iter": 0.06958, "accuracy": 0.56, "precision": 0.55172, "recall": 0.82051, "f1": 0.65979, "auc": 0.54968}
{"epoch": 60, "time_epoch": 2.63496, "eta": 113.39374, "eta_hours": 0.0315, "loss": 0.6897257, "lr": 0.00034549, "params": 5327, "time_iter": 0.06934, "accuracy": 0.57333, "precision": 0.55556, "recall": 0.89744, "f1": 0.68627, "auc": 0.55645}
{"epoch": 61, "time_epoch": 2.65301, "eta": 110.33022, "eta_hours": 0.03065, "loss": 0.68807698, "lr": 0.00033063, "params": 5327, "time_iter": 0.06982, "accuracy": 0.56667, "precision": 0.55285, "recall": 0.87179, "f1": 0.67662, "auc": 0.56464}
{"epoch": 62, "time_epoch": 3.16459, "eta": 107.58017, "eta_hours": 0.02988, "loss": 0.68974657, "lr": 0.00031594, "params": 5327, "time_iter": 0.08328, "accuracy": 0.54667, "precision": 0.53968, "recall": 0.87179, "f1": 0.66667, "auc": 0.5463}
{"epoch": 63, "time_epoch": 3.54743, "eta": 105.03252, "eta_hours": 0.02918, "loss": 0.6876113, "lr": 0.00030143, "params": 5327, "time_iter": 0.09335, "accuracy": 0.53333, "precision": 0.53175, "recall": 0.85897, "f1": 0.65686, "auc": 0.56891}
{"epoch": 64, "time_epoch": 3.31628, "eta": 102.32964, "eta_hours": 0.02842, "loss": 0.68889952, "lr": 0.00028711, "params": 5327, "time_iter": 0.08727, "accuracy": 0.54667, "precision": 0.54237, "recall": 0.82051, "f1": 0.65306, "auc": 0.55484}
{"epoch": 65, "time_epoch": 3.38282, "eta": 99.64245, "eta_hours": 0.02768, "loss": 0.685387, "lr": 0.000273, "params": 5327, "time_iter": 0.08902, "accuracy": 0.54667, "precision": 0.54464, "recall": 0.78205, "f1": 0.64211, "auc": 0.57194}
{"epoch": 66, "time_epoch": 3.36303, "eta": 96.92475, "eta_hours": 0.02692, "loss": 0.68404077, "lr": 0.00025912, "params": 5327, "time_iter": 0.0885, "accuracy": 0.6, "precision": 0.58654, "recall": 0.78205, "f1": 0.67033, "auc": 0.57372}
{"epoch": 67, "time_epoch": 3.23243, "eta": 94.12661, "eta_hours": 0.02615, "loss": 0.69499665, "lr": 0.00024548, "params": 5327, "time_iter": 0.08506, "accuracy": 0.51333, "precision": 0.52427, "recall": 0.69231, "f1": 0.59669, "auc": 0.50997}
{"epoch": 68, "time_epoch": 2.71138, "eta": 91.08178, "eta_hours": 0.0253, "loss": 0.68795942, "lr": 0.00023209, "params": 5327, "time_iter": 0.07135, "accuracy": 0.52, "precision": 0.52885, "recall": 0.70513, "f1": 0.6044, "auc": 0.55182}
{"epoch": 69, "time_epoch": 2.83243, "eta": 88.09837, "eta_hours": 0.02447, "loss": 0.68501644, "lr": 0.00021896, "params": 5327, "time_iter": 0.07454, "accuracy": 0.55333, "precision": 0.55046, "recall": 0.76923, "f1": 0.64171, "auc": 0.56624}
{"epoch": 70, "time_epoch": 2.78954, "eta": 85.10168, "eta_hours": 0.02364, "loss": 0.68872373, "lr": 0.00020611, "params": 5327, "time_iter": 0.07341, "accuracy": 0.57333, "precision": 0.56863, "recall": 0.74359, "f1": 0.64444, "auc": 0.5422}
{"epoch": 71, "time_epoch": 2.60187, "eta": 82.03777, "eta_hours": 0.02279, "loss": 0.6834256, "lr": 0.00019355, "params": 5327, "time_iter": 0.06847, "accuracy": 0.55333, "precision": 0.5567, "recall": 0.69231, "f1": 0.61714, "auc": 0.5755}
{"epoch": 72, "time_epoch": 2.95719, "eta": 79.11793, "eta_hours": 0.02198, "loss": 0.6936631, "lr": 0.00018129, "params": 5327, "time_iter": 0.07782, "accuracy": 0.47333, "precision": 0.49462, "recall": 0.58974, "f1": 0.53801, "auc": 0.51745}
{"epoch": 73, "time_epoch": 2.82146, "eta": 76.1494, "eta_hours": 0.02115, "loss": 0.68285637, "lr": 0.00016934, "params": 5327, "time_iter": 0.07425, "accuracy": 0.56, "precision": 0.5625, "recall": 0.69231, "f1": 0.62069, "auc": 0.58957}
{"epoch": 74, "time_epoch": 2.80966, "eta": 73.18086, "eta_hours": 0.02033, "loss": 0.69149999, "lr": 0.00015773, "params": 5327, "time_iter": 0.07394, "accuracy": 0.5, "precision": 0.51485, "recall": 0.66667, "f1": 0.58101, "auc": 0.52885}
{"epoch": 75, "time_epoch": 3.021, "eta": 70.28323, "eta_hours": 0.01952, "loss": 0.6929245, "lr": 0.00014645, "params": 5327, "time_iter": 0.0795, "accuracy": 0.52667, "precision": 0.53398, "recall": 0.70513, "f1": 0.60773, "auc": 0.5146}
{"epoch": 76, "time_epoch": 3.50064, "eta": 67.52568, "eta_hours": 0.01876, "loss": 0.69524204, "lr": 0.00013552, "params": 5327, "time_iter": 0.09212, "accuracy": 0.48, "precision": 0.5, "recall": 0.61538, "f1": 0.55172, "auc": 0.49804}
{"epoch": 77, "time_epoch": 5.02557, "eta": 65.17917, "eta_hours": 0.01811, "loss": 0.68721101, "lr": 0.00012494, "params": 5327, "time_iter": 0.13225, "accuracy": 0.56, "precision": 0.56, "recall": 0.71795, "f1": 0.62921, "auc": 0.57283}
{"epoch": 78, "time_epoch": 3.40581, "eta": 62.33427, "eta_hours": 0.01732, "loss": 0.68806511, "lr": 0.00011474, "params": 5327, "time_iter": 0.08963, "accuracy": 0.57333, "precision": 0.56731, "recall": 0.75641, "f1": 0.64835, "auc": 0.5584}
{"epoch": 79, "time_epoch": 2.81391, "eta": 59.32738, "eta_hours": 0.01648, "loss": 0.69438735, "lr": 0.00010492, "params": 5327, "time_iter": 0.07405, "accuracy": 0.51333, "precision": 0.52577, "recall": 0.65385, "f1": 0.58286, "auc": 0.51407}
{"epoch": 80, "time_epoch": 2.968, "eta": 56.36139, "eta_hours": 0.01566, "loss": 0.68761587, "lr": 9.549e-05, "params": 5327, "time_iter": 0.07811, "accuracy": 0.55333, "precision": 0.55789, "recall": 0.67949, "f1": 0.61272, "auc": 0.5511}
{"epoch": 81, "time_epoch": 2.74672, "eta": 53.34678, "eta_hours": 0.01482, "loss": 0.68367067, "lr": 8.646e-05, "params": 5327, "time_iter": 0.07228, "accuracy": 0.55333, "precision": 0.5567, "recall": 0.69231, "f1": 0.61714, "auc": 0.58565}
{"epoch": 82, "time_epoch": 2.78655, "eta": 50.34679, "eta_hours": 0.01399, "loss": 0.68999105, "lr": 7.784e-05, "params": 5327, "time_iter": 0.07333, "accuracy": 0.53333, "precision": 0.54, "recall": 0.69231, "f1": 0.60674, "auc": 0.53472}
{"epoch": 83, "time_epoch": 2.88357, "eta": 47.37035, "eta_hours": 0.01316, "loss": 0.6881622, "lr": 6.963e-05, "params": 5327, "time_iter": 0.07588, "accuracy": 0.56, "precision": 0.56, "recall": 0.71795, "f1": 0.62921, "auc": 0.5536}
{"epoch": 84, "time_epoch": 2.6729, "eta": 44.35893, "eta_hours": 0.01232, "loss": 0.68797844, "lr": 6.185e-05, "params": 5327, "time_iter": 0.07034, "accuracy": 0.52667, "precision": 0.53535, "recall": 0.67949, "f1": 0.59887, "auc": 0.53935}
{"epoch": 85, "time_epoch": 2.75568, "eta": 41.36885, "eta_hours": 0.01149, "loss": 0.68857851, "lr": 5.45e-05, "params": 5327, "time_iter": 0.07252, "accuracy": 0.53333, "precision": 0.53922, "recall": 0.70513, "f1": 0.61111, "auc": 0.54345}
{"epoch": 86, "time_epoch": 2.83646, "eta": 38.39623, "eta_hours": 0.01067, "loss": 0.68700292, "lr": 4.759e-05, "params": 5327, "time_iter": 0.07464, "accuracy": 0.55333, "precision": 0.55446, "recall": 0.71795, "f1": 0.6257, "auc": 0.55823}
{"epoch": 87, "time_epoch": 2.87232, "eta": 35.4316, "eta_hours": 0.00984, "loss": 0.68960823, "lr": 4.112e-05, "params": 5327, "time_iter": 0.07559, "accuracy": 0.53333, "precision": 0.54167, "recall": 0.66667, "f1": 0.5977, "auc": 0.53187}
{"epoch": 88, "time_epoch": 2.62099, "eta": 32.43798, "eta_hours": 0.00901, "loss": 0.68835562, "lr": 3.511e-05, "params": 5327, "time_iter": 0.06897, "accuracy": 0.54667, "precision": 0.55208, "recall": 0.67949, "f1": 0.6092, "auc": 0.55199}
{"epoch": 89, "time_epoch": 2.67166, "eta": 29.45826, "eta_hours": 0.00818, "loss": 0.6856247, "lr": 2.956e-05, "params": 5327, "time_iter": 0.07031, "accuracy": 0.57333, "precision": 0.56604, "recall": 0.76923, "f1": 0.65217, "auc": 0.55573}
{"epoch": 90, "time_epoch": 2.88828, "eta": 26.50675, "eta_hours": 0.00736, "loss": 0.68577696, "lr": 2.447e-05, "params": 5327, "time_iter": 0.07601, "accuracy": 0.54667, "precision": 0.54902, "recall": 0.71795, "f1": 0.62222, "auc": 0.55627}
{"epoch": 91, "time_epoch": 2.75883, "eta": 23.54535, "eta_hours": 0.00654, "loss": 0.69154388, "lr": 1.985e-05, "params": 5327, "time_iter": 0.0726, "accuracy": 0.52, "precision": 0.53, "recall": 0.67949, "f1": 0.59551, "auc": 0.52297}
{"epoch": 92, "time_epoch": 2.86896, "eta": 20.59659, "eta_hours": 0.00572, "loss": 0.68466954, "lr": 1.571e-05, "params": 5327, "time_iter": 0.0755, "accuracy": 0.56, "precision": 0.56, "recall": 0.71795, "f1": 0.62921, "auc": 0.5755}
{"epoch": 93, "time_epoch": 2.8075, "eta": 17.64561, "eta_hours": 0.0049, "loss": 0.68591024, "lr": 1.204e-05, "params": 5327, "time_iter": 0.07388, "accuracy": 0.57333, "precision": 0.57, "recall": 0.73077, "f1": 0.64045, "auc": 0.58583}
{"epoch": 94, "time_epoch": 2.62598, "eta": 14.6881, "eta_hours": 0.00408, "loss": 0.68795608, "lr": 8.86e-06, "params": 5327, "time_iter": 0.0691, "accuracy": 0.54667, "precision": 0.55102, "recall": 0.69231, "f1": 0.61364, "auc": 0.54683}
{"epoch": 95, "time_epoch": 2.68685, "eta": 11.74003, "eta_hours": 0.00326, "loss": 0.68485676, "lr": 6.16e-06, "params": 5327, "time_iter": 0.07071, "accuracy": 0.57333, "precision": 0.57143, "recall": 0.71795, "f1": 0.63636, "auc": 0.58244}
{"epoch": 96, "time_epoch": 2.75046, "eta": 8.79932, "eta_hours": 0.00244, "loss": 0.69072787, "lr": 3.94e-06, "params": 5327, "time_iter": 0.07238, "accuracy": 0.50667, "precision": 0.52041, "recall": 0.65385, "f1": 0.57955, "auc": 0.53437}
{"epoch": 97, "time_epoch": 3.37981, "eta": 5.87533, "eta_hours": 0.00163, "loss": 0.68752134, "lr": 2.22e-06, "params": 5327, "time_iter": 0.08894, "accuracy": 0.52, "precision": 0.53, "recall": 0.67949, "f1": 0.59551, "auc": 0.5625}
{"epoch": 98, "time_epoch": 3.00551, "eta": 2.93835, "eta_hours": 0.00082, "loss": 0.68597386, "lr": 9.9e-07, "params": 5327, "time_iter": 0.07909, "accuracy": 0.57333, "precision": 0.57, "recall": 0.73077, "f1": 0.64045, "auc": 0.5584}
{"epoch": 99, "time_epoch": 2.83946, "eta": 0.0, "eta_hours": 0.0, "loss": 0.68586976, "lr": 2.5e-07, "params": 5327, "time_iter": 0.07472, "accuracy": 0.53333, "precision": 0.54082, "recall": 0.67949, "f1": 0.60227, "auc": 0.5755}
