{"epoch": 0, "time_epoch": 168.33706, "time_epoch_std": 28.56229, "eta": 16665.36861, "eta_std": 2827.66713, "eta_hours": 4.62927, "eta_hours_std": 0.78546, "loss": 0.68392, "loss_std": 0.00403, "lr": 0.001, "lr_std": 0.0, "params": 4975.0, "params_std": 0.0, "time_iter": 0.57258, "time_iter_std": 0.09715, "accuracy": 0.57397, "accuracy_std": 0.02209, "accuracy_max": 0.58673, "precision": 0.09616, "precision_std": 0.16655, "recall": 0.05144, "recall_std": 0.0891, "f1": 0.06702, "f1_std": 0.11609, "auc": 0.46692, "auc_std": 0.00469}
