{"epoch": 0, "time_epoch": 168.33706, "time_epoch_std": 28.56229, "eta": 16665.36861, "eta_std": 2827.66713, "eta_hours": 4.62927, "eta_hours_std": 0.78546, "loss": 0.68392, "loss_std": 0.00403, "lr": 0.001, "lr_std": 0.0, "params": 4975.0, "params_std": 0.0, "time_iter": 0.57258, "time_iter_std": 0.09715, "accuracy": 0.57397, "accuracy_std": 0.02209, "accuracy_max": 0.58673, "precision": 0.09616, "precision_std": 0.16655, "recall": 0.05144, "recall_std": 0.0891, "f1": 0.06702, "f1_std": 0.11609, "auc": 0.46692, "auc_std": 0.00469}
{"epoch": 1, "time_epoch": 170.85995, "time_epoch_std": 23.17483, "eta": 16620.65318, "eta_std": 2101.81727, "eta_hours": 4.61685, "eta_hours_std": 0.58384, "loss": 0.67958, "loss_std": 0.00062, "lr": 0.001, "lr_std": 0.0, "params": 4975.0, "params_std": 0.0, "time_iter": 0.58116, "time_iter_std": 0.07882, "accuracy": 0.58673, "accuracy_std": 0.0, "accuracy_max": 0.58673, "precision": 0.0, "precision_std": 0.0, "recall": 0.0, "recall_std": 0.0, "f1": 0.0, "f1_std": 0.0, "auc": 0.47775, "auc_std": 0.02531}
{"epoch": 2, "time_epoch": 176.05964, "time_epoch_std": 26.78697, "eta": 16659.96471, "eta_std": 2219.65258, "eta_hours": 4.62777, "eta_hours_std": 0.61657, "loss": 0.67884, "loss_std": 0.00015, "lr": 0.001, "lr_std": 0.0, "params": 4975.0, "params_std": 0.0, "time_iter": 0.59884, "time_iter_std": 0.09111, "accuracy": 0.58673, "accuracy_std": 0.0, "accuracy_max": 0.58673, "precision": 0.0, "precision_std": 0.0, "recall": 0.0, "recall_std": 0.0, "f1": 0.0, "f1_std": 0.0, "auc": 0.45836, "auc_std": 0.01913}
{"epoch": 3, "time_epoch": 182.15966, "time_epoch_std": 25.40583, "eta": 16737.99122, "eta_std": 2045.88376, "eta_hours": 4.64944, "eta_hours_std": 0.5683, "loss": 0.67868, "loss_std": 0.00016, "lr": 0.001, "lr_std": 0.0, "params": 4975.0, "params_std": 0.0, "time_iter": 0.61959, "time_iter_std": 0.08641, "accuracy": 0.58673, "accuracy_std": 0.0, "accuracy_max": 0.58673, "precision": 0.0, "precision_std": 0.0, "recall": 0.0, "recall_std": 0.0, "f1": 0.0, "f1_std": 0.0, "auc": 0.4635, "auc_std": 0.00697}
{"epoch": 4, "time_epoch": 170.48558, "time_epoch_std": 22.67988, "eta": 16490.13581, "eta_std": 2007.27, "eta_hours": 4.5806, "eta_hours_std": 0.55758, "loss": 0.67857, "loss_std": 0.00014, "lr": 0.001, "lr_std": 0.0, "params": 4975.0, "params_std": 0.0, "time_iter": 0.57988, "time_iter_std": 0.07714, "accuracy": 0.58673, "accuracy_std": 0.0, "accuracy_max": 0.58673, "precision": 0.0, "precision_std": 0.0, "recall": 0.0, "recall_std": 0.0, "f1": 0.0, "f1_std": 0.0, "auc": 0.4615, "auc_std": 0.01792}
{"epoch": 5, "time_epoch": 169.77024, "time_epoch_std": 22.93753, "eta": 16256.86322, "eta_std": 1989.98693, "eta_hours": 4.5158, "eta_hours_std": 0.55277, "loss": 0.67869, "loss_std": 0.00013, "lr": 0.00099, "lr_std": 0.0, "params": 4975.0, "params_std": 0.0, "time_iter": 0.57745, "time_iter_std": 0.07802, "accuracy": 0.58673, "accuracy_std": 0.0, "accuracy_max": 0.58673, "precision": 0.0, "precision_std": 0.0, "recall": 0.0, "recall_std": 0.0, "f1": 0.0, "f1_std": 0.0, "auc": 0.45176, "auc_std": 0.0082}
{"epoch": 6, "time_epoch": 169.76694, "time_epoch_std": 22.78361, "eta": 16041.69044, "eta_std": 1975.83653, "eta_hours": 4.45603, "eta_hours_std": 0.54884, "loss": 0.67858, "loss_std": 0.00022, "lr": 0.00099, "lr_std": 0.0, "params": 4975.0, "params_std": 0.0, "time_iter": 0.57744, "time_iter_std": 0.07749, "accuracy": 0.58673, "accuracy_std": 0.0, "accuracy_max": 0.58673, "precision": 0.0, "precision_std": 0.0, "recall": 0.0, "recall_std": 0.0, "f1": 0.0, "f1_std": 0.0, "auc": 0.453, "auc_std": 0.02869}
{"epoch": 7, "time_epoch": 169.96813, "time_epoch_std": 22.72003, "eta": 15840.18279, "eta_std": 1961.67643, "eta_hours": 4.40005, "eta_hours_std": 0.54491, "loss": 0.67855, "loss_std": 5e-05, "lr": 0.00099, "lr_std": 0.0, "params": 4975.0, "params_std": 0.0, "time_iter": 0.57812, "time_iter_std": 0.07728, "accuracy": 0.58673, "accuracy_std": 0.0, "accuracy_max": 0.58673, "precision": 0.0, "precision_std": 0.0, "recall": 0.0, "recall_std": 0.0, "f1": 0.0, "f1_std": 0.0, "auc": 0.46176, "auc_std": 0.01145}
{"epoch": 8, "time_epoch": 169.73525, "time_epoch_std": 22.84505, "eta": 15643.32916, "eta_std": 1949.41796, "eta_hours": 4.34537, "eta_hours_std": 0.54151, "loss": 0.67861, "loss_std": 0.00018, "lr": 0.00098, "lr_std": 0.0, "params": 4975.0, "params_std": 0.0, "time_iter": 0.57733, "time_iter_std": 0.0777, "accuracy": 0.58673, "accuracy_std": 0.0, "accuracy_max": 0.58673, "precision": 0.0, "precision_std": 0.0, "recall": 0.0, "recall_std": 0.0, "f1": 0.0, "f1_std": 0.0, "auc": 0.45529, "auc_std": 0.01147}
{"epoch": 9, "time_epoch": 169.84253, "time_epoch_std": 22.93451, "eta": 15452.86479, "eta_std": 1937.2646, "eta_hours": 4.29246, "eta_hours_std": 0.53813, "loss": 0.67853, "loss_std": 0.00011, "lr": 0.00098, "lr_std": 0.0, "params": 4975.0, "params_std": 0.0, "time_iter": 0.5777, "time_iter_std": 0.07801, "accuracy": 0.58673, "accuracy_std": 0.0, "accuracy_max": 0.58673, "precision": 0.0, "precision_std": 0.0, "recall": 0.0, "recall_std": 0.0, "f1": 0.0, "f1_std": 0.0, "auc": 0.45202, "auc_std": 0.00846}
{"epoch": 10, "time_epoch": 169.85622, "time_epoch_std": 22.88762, "eta": 15266.26063, "eta_std": 1923.5661, "eta_hours": 4.24063, "eta_hours_std": 0.53432, "loss": 0.67843, "loss_std": 9e-05, "lr": 0.00098, "lr_std": 0.0, "params": 4975.0, "params_std": 0.0, "time_iter": 0.57774, "time_iter_std": 0.07785, "accuracy": 0.58673, "accuracy_std": 0.0, "accuracy_max": 0.58673, "precision": 0.0, "precision_std": 0.0, "recall": 0.0, "recall_std": 0.0, "f1": 0.0, "f1_std": 0.0, "auc": 0.45458, "auc_std": 0.01556}
{"epoch": 11, "time_epoch": 169.87028, "time_epoch_std": 22.92831, "eta": 15082.55087, "eta_std": 1909.21422, "eta_hours": 4.1896, "eta_hours_std": 0.53034, "loss": 0.67851, "loss_std": 0.00016, "lr": 0.00097, "lr_std": 0.0, "params": 4975.0, "params_std": 0.0, "time_iter": 0.57779, "time_iter_std": 0.07799, "accuracy": 0.58673, "accuracy_std": 0.0, "accuracy_max": 0.58673, "precision": 0.0, "precision_std": 0.0, "recall": 0.0, "recall_std": 0.0, "f1": 0.0, "f1_std": 0.0, "auc": 0.46131, "auc_std": 0.0104}
{"epoch": 12, "time_epoch": 176.51023, "time_epoch_std": 27.54041, "eta": 14945.40688, "eta_std": 1918.2969, "eta_hours": 4.1515, "eta_hours_std": 0.53286, "loss": 0.6785, "loss_std": 0.00016, "lr": 0.00096, "lr_std": 0.0, "params": 4975.0, "params_std": 0.0, "time_iter": 0.60038, "time_iter_std": 0.09367, "accuracy": 0.58673, "accuracy_std": 0.0, "accuracy_max": 0.58673, "precision": 0.0, "precision_std": 0.0, "recall": 0.0, "recall_std": 0.0, "f1": 0.0, "f1_std": 0.0, "auc": 0.43697, "auc_std": 0.02441}
{"epoch": 13, "time_epoch": 177.28513, "time_epoch_std": 28.17229, "eta": 14807.3992, "eta_std": 1925.85729, "eta_hours": 4.11316, "eta_hours_std": 0.53496, "loss": 0.67863, "loss_std": 8e-05, "lr": 0.00096, "lr_std": 0.0, "params": 4975.0, "params_std": 0.0, "time_iter": 0.60301, "time_iter_std": 0.09582, "accuracy": 0.58673, "accuracy_std": 0.0, "accuracy_max": 0.58673, "precision": 0.0, "precision_std": 0.0, "recall": 0.0, "recall_std": 0.0, "f1": 0.0, "f1_std": 0.0, "auc": 0.45834, "auc_std": 0.00943}
{"epoch": 14, "time_epoch": 173.54894, "time_epoch_std": 25.28659, "eta": 14642.98276, "eta_std": 1918.32237, "eta_hours": 4.0675, "eta_hours_std": 0.53287, "loss": 0.6785, "loss_std": 3e-05, "lr": 0.00095, "lr_std": 0.0, "params": 4975.0, "params_std": 0.0, "time_iter": 0.5903, "time_iter_std": 0.08601, "accuracy": 0.58673, "accuracy_std": 0.0, "accuracy_max": 0.58673, "precision": 0.0, "precision_std": 0.0, "recall": 0.0, "recall_std": 0.0, "f1": 0.0, "f1_std": 0.0, "auc": 0.4573, "auc_std": 0.00346}
{"epoch": 15, "time_epoch": 172.83882, "time_epoch_std": 24.79209, "eta": 14473.69666, "eta_std": 1906.70268, "eta_hours": 4.02047, "eta_hours_std": 0.52964, "loss": 0.67844, "loss_std": 7e-05, "lr": 0.00095, "lr_std": 0.0, "params": 4975.0, "params_std": 0.0, "time_iter": 0.58789, "time_iter_std": 0.08433, "accuracy": 0.58673, "accuracy_std": 0.0, "accuracy_max": 0.58673, "precision": 0.0, "precision_std": 0.0, "recall": 0.0, "recall_std": 0.0, "f1": 0.0, "f1_std": 0.0, "auc": 0.44431, "auc_std": 0.01293}
{"epoch": 16, "time_epoch": 172.69248, "time_epoch_std": 24.65321, "eta": 14303.2781, "eta_std": 1893.13453, "eta_hours": 3.97313, "eta_hours_std": 0.52587, "loss": 0.67841, "loss_std": 8e-05, "lr": 0.00094, "lr_std": 0.0, "params": 4975.0, "params_std": 0.0, "time_iter": 0.58739, "time_iter_std": 0.08386, "accuracy": 0.58673, "accuracy_std": 0.0, "accuracy_max": 0.58673, "precision": 0.0, "precision_std": 0.0, "recall": 0.0, "recall_std": 0.0, "f1": 0.0, "f1_std": 0.0, "auc": 0.46703, "auc_std": 0.00623}
{"epoch": 17, "time_epoch": 172.84224, "time_epoch_std": 24.49269, "eta": 14133.28916, "eta_std": 1877.73652, "eta_hours": 3.92591, "eta_hours_std": 0.52159, "loss": 0.67854, "loss_std": 6e-05, "lr": 0.00093, "lr_std": 0.0, "params": 4975.0, "params_std": 0.0, "time_iter": 0.5879, "time_iter_std": 0.08331, "accuracy": 0.58673, "accuracy_std": 0.0, "accuracy_max": 0.58673, "precision": 0.0, "precision_std": 0.0, "recall": 0.0, "recall_std": 0.0, "f1": 0.0, "f1_std": 0.0, "auc": 0.44611, "auc_std": 0.00839}
{"epoch": 18, "time_epoch": 172.911, "time_epoch_std": 24.56473, "eta": 13963.29296, "eta_std": 1861.6741, "eta_hours": 3.87869, "eta_hours_std": 0.51713, "loss": 0.67839, "loss_std": 4e-05, "lr": 0.00092, "lr_std": 0.0, "params": 4975.0, "params_std": 0.0, "time_iter": 0.58813, "time_iter_std": 0.08355, "accuracy": 0.58673, "accuracy_std": 0.0, "accuracy_max": 0.58673, "precision": 0.0, "precision_std": 0.0, "recall": 0.0, "recall_std": 0.0, "f1": 0.0, "f1_std": 0.0, "auc": 0.44307, "auc_std": 0.00763}
{"epoch": 19, "time_epoch": 173.16628, "time_epoch_std": 24.48561, "eta": 13794.02642, "eta_std": 1844.4755, "eta_hours": 3.83167, "eta_hours_std": 0.51235, "loss": 0.67846, "loss_std": 0.00013, "lr": 0.00091, "lr_std": 0.0, "params": 4975.0, "params_std": 0.0, "time_iter": 0.589, "time_iter_std": 0.08328, "accuracy": 0.58673, "accuracy_std": 0.0, "accuracy_max": 0.58673, "precision": 0.0, "precision_std": 0.0, "recall": 0.0, "recall_std": 0.0, "f1": 0.0, "f1_std": 0.0, "auc": 0.47007, "auc_std": 0.0135}
{"epoch": 20, "time_epoch": 172.92174, "time_epoch_std": 24.473, "eta": 13623.46852, "eta_std": 1826.6136, "eta_hours": 3.7843, "eta_hours_std": 0.50739, "loss": 0.6784, "loss_std": 3e-05, "lr": 0.0009, "lr_std": 0.0, "params": 4975.0, "params_std": 0.0, "time_iter": 0.58817, "time_iter_std": 0.08324, "accuracy": 0.58673, "accuracy_std": 0.0, "accuracy_max": 0.58673, "precision": 0.0, "precision_std": 0.0, "recall": 0.0, "recall_std": 0.0, "f1": 0.0, "f1_std": 0.0, "auc": 0.45074, "auc_std": 0.02122}
{"epoch": 21, "time_epoch": 173.96747, "time_epoch_std": 24.67771, "eta": 13456.40333, "eta_std": 1808.83907, "eta_hours": 3.73789, "eta_hours_std": 0.50246, "loss": 0.67837, "loss_std": 0.00011, "lr": 0.0009, "lr_std": 0.0, "params": 4975.0, "params_std": 0.0, "time_iter": 0.59172, "time_iter_std": 0.08394, "accuracy": 0.58673, "accuracy_std": 0.0, "accuracy_max": 0.58673, "precision": 0.0, "precision_std": 0.0, "recall": 0.0, "recall_std": 0.0, "f1": 0.0, "f1_std": 0.0, "auc": 0.46458, "auc_std": 0.00196}
{"epoch": 22, "time_epoch": 172.77794, "time_epoch_std": 23.90698, "eta": 13284.75559, "eta_std": 1788.00437, "eta_hours": 3.69021, "eta_hours_std": 0.49667, "loss": 0.67835, "loss_std": 2e-05, "lr": 0.00089, "lr_std": 0.0, "params": 4975.0, "params_std": 0.0, "time_iter": 0.58768, "time_iter_std": 0.08132, "accuracy": 0.58673, "accuracy_std": 0.0, "accuracy_max": 0.58673, "precision": 0.0, "precision_std": 0.0, "recall": 0.0, "recall_std": 0.0, "f1": 0.0, "f1_std": 0.0, "auc": 0.46421, "auc_std": 0.01135}
{"epoch": 23, "time_epoch": 174.20701, "time_epoch_std": 24.89499, "eta": 13117.53906, "eta_std": 1769.85608, "eta_hours": 3.64376, "eta_hours_std": 0.49163, "loss": 0.67839, "loss_std": 9e-05, "lr": 0.00088, "lr_std": 0.0, "params": 4975.0, "params_std": 0.0, "time_iter": 0.59254, "time_iter_std": 0.08468, "accuracy": 0.58673, "accuracy_std": 0.0, "accuracy_max": 0.58673, "precision": 0.0, "precision_std": 0.0, "recall": 0.0, "recall_std": 0.0, "f1": 0.0, "f1_std": 0.0, "auc": 0.45792, "auc_std": 0.00828}
{"epoch": 24, "time_epoch": 174.13978, "time_epoch_std": 24.91322, "eta": 12949.5616, "eta_std": 1751.3039, "eta_hours": 3.5971, "eta_hours_std": 0.48647, "loss": 0.67839, "loss_std": 0.00011, "lr": 0.00086, "lr_std": 0.0, "params": 4975.0, "params_std": 0.0, "time_iter": 0.59231, "time_iter_std": 0.08474, "accuracy": 0.58673, "accuracy_std": 0.0, "accuracy_max": 0.58673, "precision": 0.0, "precision_std": 0.0, "recall": 0.0, "recall_std": 0.0, "f1": 0.0, "f1_std": 0.0, "auc": 0.45637, "auc_std": 0.00248}
{"epoch": 25, "time_epoch": 173.19718, "time_epoch_std": 24.12571, "eta": 12778.42735, "eta_std": 1730.14051, "eta_hours": 3.54956, "eta_hours_std": 0.48059, "loss": 0.67844, "loss_std": 7e-05, "lr": 0.00085, "lr_std": 0.0, "params": 4975.0, "params_std": 0.0, "time_iter": 0.58911, "time_iter_std": 0.08206, "accuracy": 0.58673, "accuracy_std": 0.0, "accuracy_max": 0.58673, "precision": 0.0, "precision_std": 0.0, "recall": 0.0, "recall_std": 0.0, "f1": 0.0, "f1_std": 0.0, "auc": 0.45173, "auc_std": 0.00942}
{"epoch": 26, "time_epoch": 174.21826, "time_epoch_std": 24.89485, "eta": 12609.90098, "eta_std": 1710.70704, "eta_hours": 3.50275, "eta_hours_std": 0.47519, "loss": 0.67847, "loss_std": 0.00012, "lr": 0.00084, "lr_std": 0.0, "params": 4975.0, "params_std": 0.0, "time_iter": 0.59258, "time_iter_std": 0.08468, "accuracy": 0.58673, "accuracy_std": 0.0, "accuracy_max": 0.58673, "precision": 0.0, "precision_std": 0.0, "recall": 0.0, "recall_std": 0.0, "f1": 0.0, "f1_std": 0.0, "auc": 0.45324, "auc_std": 0.01074}
{"epoch": 27, "time_epoch": 173.79936, "time_epoch_std": 24.49671, "eta": 12439.89089, "eta_std": 1689.96413, "eta_hours": 3.45552, "eta_hours_std": 0.46943, "loss": 0.6784, "loss_std": 6e-05, "lr": 0.00083, "lr_std": 0.0, "params": 4975.0, "params_std": 0.0, "time_iter": 0.59116, "time_iter_std": 0.08332, "accuracy": 0.58673, "accuracy_std": 0.0, "accuracy_max": 0.58673, "precision": 0.0, "precision_std": 0.0, "recall": 0.0, "recall_std": 0.0, "f1": 0.0, "f1_std": 0.0, "auc": 0.43716, "auc_std": 0.01713}
{"epoch": 28, "time_epoch": 170.49151, "time_epoch_std": 20.99546, "eta": 12261.52093, "eta_std": 1658.54255, "eta_hours": 3.40598, "eta_hours_std": 0.46071, "loss": 0.67839, "loss_std": 0.00015, "lr": 0.00082, "lr_std": 0.0, "params": 4975.0, "params_std": 0.0, "time_iter": 0.5799, "time_iter_std": 0.07141, "accuracy": 0.58673, "accuracy_std": 0.0, "accuracy_max": 0.58673, "precision": 0.0, "precision_std": 0.0, "recall": 0.0, "recall_std": 0.0, "f1": 0.0, "f1_std": 0.0, "auc": 0.45215, "auc_std": 0.02573}
{"epoch": 29, "time_epoch": 159.29527, "time_epoch_std": 17.68053, "eta": 12057.55162, "eta_std": 1598.44496, "eta_hours": 3.34932, "eta_hours_std": 0.44402, "loss": 0.67836, "loss_std": 8e-05, "lr": 0.00081, "lr_std": 0.0, "params": 4975.0, "params_std": 0.0, "time_iter": 0.54182, "time_iter_std": 0.06014, "accuracy": 0.58673, "accuracy_std": 0.0, "accuracy_max": 0.58673, "precision": 0.0, "precision_std": 0.0, "recall": 0.0, "recall_std": 0.0, "f1": 0.0, "f1_std": 0.0, "auc": 0.46136, "auc_std": 0.0106}
{"epoch": 30, "time_epoch": 159.90266, "time_epoch_std": 18.91891, "eta": 11857.81646, "eta_std": 1544.14479, "eta_hours": 3.29384, "eta_hours_std": 0.42893, "loss": 0.67838, "loss_std": 6e-05, "lr": 0.00079, "lr_std": 0.0, "params": 4975.0, "params_std": 0.0, "time_iter": 0.54388, "time_iter_std": 0.06435, "accuracy": 0.58673, "accuracy_std": 0.0, "accuracy_max": 0.58673, "precision": 0.0, "precision_std": 0.0, "recall": 0.0, "recall_std": 0.0, "f1": 0.0, "f1_std": 0.0, "auc": 0.45178, "auc_std": 0.0122}
{"epoch": 31, "time_epoch": 159.63234, "time_epoch_std": 17.82013, "eta": 11659.9964, "eta_std": 1492.24867, "eta_hours": 3.23889, "eta_hours_std": 0.41452, "loss": 0.67837, "loss_std": 4e-05, "lr": 0.00078, "lr_std": 0.0, "params": 4975.0, "params_std": 0.0, "time_iter": 0.54297, "time_iter_std": 0.06061, "accuracy": 0.58673, "accuracy_std": 0.0, "accuracy_max": 0.58673, "precision": 0.0, "precision_std": 0.0, "recall": 0.0, "recall_std": 0.0, "f1": 0.0, "f1_std": 0.0, "auc": 0.45184, "auc_std": 0.01168}
{"epoch": 32, "time_epoch": 160.34066, "time_epoch_std": 19.31184, "eta": 11465.92882, "eta_std": 1445.39849, "eta_hours": 3.18498, "eta_hours_std": 0.4015, "loss": 0.67845, "loss_std": 8e-05, "lr": 0.00077, "lr_std": 0.0, "params": 4975.0, "params_std": 0.0, "time_iter": 0.54538, "time_iter_std": 0.06569, "accuracy": 0.58673, "accuracy_std": 0.0, "accuracy_max": 0.58673, "precision": 0.0, "precision_std": 0.0, "recall": 0.0, "recall_std": 0.0, "f1": 0.0, "f1_std": 0.0, "auc": 0.44056, "auc_std": 0.01971}
{"epoch": 33, "time_epoch": 159.19805, "time_epoch_std": 17.54082, "eta": 11271.6272, "eta_std": 1399.54057, "eta_hours": 3.13101, "eta_hours_std": 0.38876, "loss": 0.67835, "loss_std": 9e-05, "lr": 0.00075, "lr_std": 0.0, "params": 4975.0, "params_std": 0.0, "time_iter": 0.54149, "time_iter_std": 0.05966, "accuracy": 0.58673, "accuracy_std": 0.0, "accuracy_max": 0.58673, "precision": 0.0, "precision_std": 0.0, "recall": 0.0, "recall_std": 0.0, "f1": 0.0, "f1_std": 0.0, "auc": 0.45791, "auc_std": 0.01572}
{"epoch": 34, "time_epoch": 159.56969, "time_epoch_std": 17.83909, "eta": 11080.02166, "eta_std": 1356.95223, "eta_hours": 3.07778, "eta_hours_std": 0.37693, "loss": 0.67841, "loss_std": 0.00011, "lr": 0.00074, "lr_std": 0.0, "params": 4975.0, "params_std": 0.0, "time_iter": 0.54276, "time_iter_std": 0.06068, "accuracy": 0.58673, "accuracy_std": 0.0, "accuracy_max": 0.58673, "precision": 0.0, "precision_std": 0.0, "recall": 0.0, "recall_std": 0.0, "f1": 0.0, "f1_std": 0.0, "auc": 0.45809, "auc_std": 0.00897}
{"epoch": 35, "time_epoch": 159.60483, "time_epoch_std": 18.05856, "eta": 10890.2584, "eta_std": 1316.90872, "eta_hours": 3.02507, "eta_hours_std": 0.36581, "loss": 0.67838, "loss_std": 0.00011, "lr": 0.00073, "lr_std": 0.0, "params": 4975.0, "params_std": 0.0, "time_iter": 0.54287, "time_iter_std": 0.06143, "accuracy": 0.58673, "accuracy_std": 0.0, "accuracy_max": 0.58673, "precision": 0.0, "precision_std": 0.0, "recall": 0.0, "recall_std": 0.0, "f1": 0.0, "f1_std": 0.0, "auc": 0.44185, "auc_std": 0.01592}
{"epoch": 36, "time_epoch": 160.36304, "time_epoch_std": 19.47548, "eta": 10703.41631, "eta_std": 1280.42285, "eta_hours": 2.97317, "eta_hours_std": 0.35567, "loss": 0.6784, "loss_std": 9e-05, "lr": 0.00071, "lr_std": 0.0, "params": 4975.0, "params_std": 0.0, "time_iter": 0.54545, "time_iter_std": 0.06624, "accuracy": 0.58673, "accuracy_std": 0.0, "accuracy_max": 0.58673, "precision": 0.0, "precision_std": 0.0, "recall": 0.0, "recall_std": 0.0, "f1": 0.0, "f1_std": 0.0, "auc": 0.44818, "auc_std": 0.01291}
{"epoch": 37, "time_epoch": 159.71478, "time_epoch_std": 18.11348, "eta": 10516.91016, "eta_std": 1244.35509, "eta_hours": 2.92136, "eta_hours_std": 0.34566, "loss": 0.67836, "loss_std": 0.00017, "lr": 0.0007, "lr_std": 0.0, "params": 4975.0, "params_std": 0.0, "time_iter": 0.54325, "time_iter_std": 0.06161, "accuracy": 0.58673, "accuracy_std": 0.0, "accuracy_max": 0.58673, "precision": 0.0, "precision_std": 0.0, "recall": 0.0, "recall_std": 0.0, "f1": 0.0, "f1_std": 0.0, "auc": 0.46339, "auc_std": 0.0091}
{"epoch": 38, "time_epoch": 160.04459, "time_epoch_std": 18.417, "eta": 10332.29379, "eta_std": 1210.23717, "eta_hours": 2.87008, "eta_hours_std": 0.33618, "loss": 0.67838, "loss_std": 9e-05, "lr": 0.00068, "lr_std": 0.0, "params": 4975.0, "params_std": 0.0, "time_iter": 0.54437, "time_iter_std": 0.06264, "accuracy": 0.58673, "accuracy_std": 0.0, "accuracy_max": 0.58673, "precision": 0.0, "precision_std": 0.0, "recall": 0.0, "recall_std": 0.0, "f1": 0.0, "f1_std": 0.0, "auc": 0.45014, "auc_std": 0.00387}
{"epoch": 39, "time_epoch": 161.67965, "time_epoch_std": 19.58515, "eta": 10151.3586, "eta_std": 1177.96783, "eta_hours": 2.81982, "eta_hours_std": 0.32722, "loss": 0.67834, "loss_std": 5e-05, "lr": 0.00067, "lr_std": 0.0, "params": 4975.0, "params_std": 0.0, "time_iter": 0.54993, "time_iter_std": 0.06661, "accuracy": 0.58673, "accuracy_std": 0.0, "accuracy_max": 0.58673, "precision": 0.0, "precision_std": 0.0, "recall": 0.0, "recall_std": 0.0, "f1": 0.0, "f1_std": 0.0, "auc": 0.45071, "auc_std": 0.0077}
{"epoch": 40, "time_epoch": 159.094, "time_epoch_std": 16.7521, "eta": 9967.64188, "eta_std": 1145.14382, "eta_hours": 2.76879, "eta_hours_std": 0.3181, "loss": 0.67829, "loss_std": 0.0001, "lr": 0.00065, "lr_std": 0.0, "params": 4975.0, "params_std": 0.0, "time_iter": 0.54114, "time_iter_std": 0.05698, "accuracy": 0.58673, "accuracy_std": 0.0, "accuracy_max": 0.58673, "precision": 0.0, "precision_std": 0.0, "recall": 0.0, "recall_std": 0.0, "f1": 0.0, "f1_std": 0.0, "auc": 0.45844, "auc_std": 0.00809}
{"epoch": 41, "time_epoch": 157.57863, "time_epoch_std": 15.2507, "eta": 9783.00504, "eta_std": 1112.66682, "eta_hours": 2.7175, "eta_hours_std": 0.30907, "loss": 0.67835, "loss_std": 0.00016, "lr": 0.00064, "lr_std": 0.0, "params": 4975.0, "params_std": 0.0, "time_iter": 0.53598, "time_iter_std": 0.05187, "accuracy": 0.58673, "accuracy_std": 0.0, "accuracy_max": 0.58673, "precision": 0.0, "precision_std": 0.0, "recall": 0.0, "recall_std": 0.0, "f1": 0.0, "f1_std": 0.0, "auc": 0.45834, "auc_std": 0.01659}
{"epoch": 42, "time_epoch": 165.133, "time_epoch_std": 28.17431, "eta": 9609.64064, "eta_std": 1092.56822, "eta_hours": 2.66934, "eta_hours_std": 0.30349, "loss": 0.67831, "loss_std": 5e-05, "lr": 0.00062, "lr_std": 0.0, "params": 4975.0, "params_std": 0.0, "time_iter": 0.56167, "time_iter_std": 0.09583, "accuracy": 0.58673, "accuracy_std": 0.0, "accuracy_max": 0.58673, "precision": 0.0, "precision_std": 0.0, "recall": 0.0, "recall_std": 0.0, "f1": 0.0, "f1_std": 0.0, "auc": 0.46325, "auc_std": 0.00639}
{"epoch": 43, "time_epoch": 174.3364, "time_epoch_std": 43.74113, "eta": 9448.36381, "eta_std": 1086.35674, "eta_hours": 2.62454, "eta_hours_std": 0.30177, "loss": 0.67827, "loss_std": 6e-05, "lr": 0.00061, "lr_std": 0.0, "params": 4975.0, "params_std": 0.0, "time_iter": 0.59298, "time_iter_std": 0.14878, "accuracy": 0.58673, "accuracy_std": 0.0, "accuracy_max": 0.58673, "precision": 0.0, "precision_std": 0.0, "recall": 0.0, "recall_std": 0.0, "f1": 0.0, "f1_std": 0.0, "auc": 0.44588, "auc_std": 0.01381}
{"epoch": 44, "time_epoch": 174.04143, "time_epoch_std": 43.8441, "eta": 9286.14605, "eta_std": 1080.54326, "eta_hours": 2.57948, "eta_hours_std": 0.30015, "loss": 0.67826, "loss_std": 3e-05, "lr": 0.00059, "lr_std": 0.0, "params": 4975.0, "params_std": 0.0, "time_iter": 0.59198, "time_iter_std": 0.14913, "accuracy": 0.58673, "accuracy_std": 0.0, "accuracy_max": 0.58673, "precision": 0.0, "precision_std": 0.0, "recall": 0.0, "recall_std": 0.0, "f1": 0.0, "f1_std": 0.0, "auc": 0.4549, "auc_std": 0.0121}
{"epoch": 45, "time_epoch": 174.23398, "time_epoch_std": 43.85038, "eta": 9123.64025, "eta_std": 1074.82458, "eta_hours": 2.53434, "eta_hours_std": 0.29856, "loss": 0.67828, "loss_std": 4e-05, "lr": 0.00058, "lr_std": 0.0, "params": 4975.0, "params_std": 0.0, "time_iter": 0.59263, "time_iter_std": 0.14915, "accuracy": 0.58673, "accuracy_std": 0.0, "accuracy_max": 0.58673, "precision": 0.0, "precision_std": 0.0, "recall": 0.0, "recall_std": 0.0, "f1": 0.0, "f1_std": 0.0, "auc": 0.44873, "auc_std": 0.01094}
{"epoch": 46, "time_epoch": 174.28803, "time_epoch_std": 43.73677, "eta": 8960.69632, "eta_std": 1068.93144, "eta_hours": 2.48909, "eta_hours_std": 0.29693, "loss": 0.67835, "loss_std": 2e-05, "lr": 0.00056, "lr_std": 0.0, "params": 4975.0, "params_std": 0.0, "time_iter": 0.59282, "time_iter_std": 0.14877, "accuracy": 0.58673, "accuracy_std": 0.0, "accuracy_max": 0.58673, "precision": 0.0, "precision_std": 0.0, "recall": 0.0, "recall_std": 0.0, "f1": 0.0, "f1_std": 0.0, "auc": 0.44139, "auc_std": 0.00253}
{"epoch": 47, "time_epoch": 169.66198, "time_epoch_std": 36.31055, "eta": 8792.26817, "eta_std": 1056.9957, "eta_hours": 2.4423, "eta_hours_std": 0.29361, "loss": 0.67827, "loss_std": 9e-05, "lr": 0.00055, "lr_std": 0.0, "params": 4975.0, "params_std": 0.0, "time_iter": 0.57708, "time_iter_std": 0.1235, "accuracy": 0.58673, "accuracy_std": 0.0, "accuracy_max": 0.58673, "precision": 0.0, "precision_std": 0.0, "recall": 0.0, "recall_std": 0.0, "f1": 0.0, "f1_std": 0.0, "auc": 0.45023, "auc_std": 0.01382}
{"epoch": 48, "time_epoch": 156.04542, "time_epoch_std": 13.54684, "eta": 8609.61732, "eta_std": 1026.59243, "eta_hours": 2.39156, "eta_hours_std": 0.28517, "loss": 0.67829, "loss_std": 4e-05, "lr": 0.00053, "lr_std": 0.0, "params": 4975.0, "params_std": 0.0, "time_iter": 0.53077, "time_iter_std": 0.04608, "accuracy": 0.58673, "accuracy_std": 0.0, "accuracy_max": 0.58673, "precision": 0.0, "precision_std": 0.0, "recall": 0.0, "recall_std": 0.0, "f1": 0.0, "f1_std": 0.0, "auc": 0.44388, "auc_std": 0.01428}
{"epoch": 49, "time_epoch": 156.05279, "time_epoch_std": 13.51372, "eta": 8428.03807, "eta_std": 997.03525, "eta_hours": 2.34112, "eta_hours_std": 0.27695, "loss": 0.6783, "loss_std": 4e-05, "lr": 0.00052, "lr_std": 0.0, "params": 4975.0, "params_std": 0.0, "time_iter": 0.53079, "time_iter_std": 0.04596, "accuracy": 0.58673, "accuracy_std": 0.0, "accuracy_max": 0.58673, "precision": 0.0, "precision_std": 0.0, "recall": 0.0, "recall_std": 0.0, "f1": 0.0, "f1_std": 0.0, "auc": 0.455, "auc_std": 0.01512}
{"epoch": 50, "time_epoch": 164.04872, "time_epoch_std": 26.75937, "eta": 8255.1422, "eta_std": 978.38468, "eta_hours": 2.2931, "eta_hours_std": 0.27177, "loss": 0.67824, "loss_std": 2e-05, "lr": 0.0005, "lr_std": 0.0, "params": 4975.0, "params_std": 0.0, "time_iter": 0.55799, "time_iter_std": 0.09102, "accuracy": 0.58673, "accuracy_std": 0.0, "accuracy_max": 0.58673, "precision": 0.0, "precision_std": 0.0, "recall": 0.0, "recall_std": 0.0, "f1": 0.0, "f1_std": 0.0, "auc": 0.43806, "auc_std": 0.0249}
{"epoch": 51, "time_epoch": 165.26699, "time_epoch_std": 28.8633, "eta": 8083.71117, "eta_std": 961.41903, "eta_hours": 2.24547, "eta_hours_std": 0.26706, "loss": 0.67821, "loss_std": 3e-05, "lr": 0.00048, "lr_std": 0.0, "params": 4975.0, "params_std": 0.0, "time_iter": 0.56213, "time_iter_std": 0.09817, "accuracy": 0.58673, "accuracy_std": 0.0, "accuracy_max": 0.58673, "precision": 0.0, "precision_std": 0.0, "recall": 0.0, "recall_std": 0.0, "f1": 0.0, "f1_std": 0.0, "auc": 0.4488, "auc_std": 0.01689}
{"epoch": 52, "time_epoch": 165.07016, "time_epoch_std": 28.06448, "eta": 7912.3382, "eta_std": 943.83914, "eta_hours": 2.19787, "eta_hours_std": 0.26218, "loss": 0.67825, "loss_std": 7e-05, "lr": 0.00047, "lr_std": 0.0, "params": 4975.0, "params_std": 0.0, "time_iter": 0.56146, "time_iter_std": 0.09546, "accuracy": 0.58673, "accuracy_std": 0.0, "accuracy_max": 0.58673, "precision": 0.0, "precision_std": 0.0, "recall": 0.0, "recall_std": 0.0, "f1": 0.0, "f1_std": 0.0, "auc": 0.46244, "auc_std": 0.01245}
{"epoch": 53, "time_epoch": 166.87596, "time_epoch_std": 31.46463, "eta": 7742.73695, "eta_std": 928.66502, "eta_hours": 2.15076, "eta_hours_std": 0.25796, "loss": 0.67824, "loss_std": 3e-05, "lr": 0.00045, "lr_std": 0.0, "params": 4975.0, "params_std": 0.0, "time_iter": 0.56761, "time_iter_std": 0.10702, "accuracy": 0.58673, "accuracy_std": 0.0, "accuracy_max": 0.58673, "precision": 0.0, "precision_std": 0.0, "recall": 0.0, "recall_std": 0.0, "f1": 0.0, "f1_std": 0.0, "auc": 0.45291, "auc_std": 0.00902}
{"epoch": 54, "time_epoch": 168.18416, "time_epoch_std": 30.85037, "eta": 7574.30513, "eta_std": 912.55945, "eta_hours": 2.10397, "eta_hours_std": 0.25349, "loss": 0.67822, "loss_std": 2e-05, "lr": 0.00044, "lr_std": 0.0, "params": 4975.0, "params_std": 0.0, "time_iter": 0.57206, "time_iter_std": 0.10494, "accuracy": 0.58673, "accuracy_std": 0.0, "accuracy_max": 0.58673, "precision": 0.0, "precision_std": 0.0, "recall": 0.0, "recall_std": 0.0, "f1": 0.0, "f1_std": 0.0, "auc": 0.45906, "auc_std": 0.00559}
{"epoch": 55, "time_epoch": 170.86181, "time_epoch_std": 29.86924, "eta": 7407.98604, "eta_std": 894.61181, "eta_hours": 2.05777, "eta_hours_std": 0.2485, "loss": 0.67827, "loss_std": 6e-05, "lr": 0.00042, "lr_std": 0.0, "params": 4975.0, "params_std": 0.0, "time_iter": 0.58116, "time_iter_std": 0.10159, "accuracy": 0.58673, "accuracy_std": 0.0, "accuracy_max": 0.58673, "precision": 0.0, "precision_std": 0.0, "recall": 0.0, "recall_std": 0.0, "f1": 0.0, "f1_std": 0.0, "auc": 0.45512, "auc_std": 0.00561}
{"epoch": 56, "time_epoch": 174.82997, "time_epoch_std": 30.37756, "eta": 7244.50107, "eta_std": 872.86578, "eta_hours": 2.01236, "eta_hours_std": 0.24246, "loss": 0.67823, "loss_std": 2e-05, "lr": 0.00041, "lr_std": 0.0, "params": 4975.0, "params_std": 0.0, "time_iter": 0.59466, "time_iter_std": 0.10332, "accuracy": 0.58673, "accuracy_std": 0.0, "accuracy_max": 0.58673, "precision": 0.0, "precision_std": 0.0, "recall": 0.0, "recall_std": 0.0, "f1": 0.0, "f1_std": 0.0, "auc": 0.45388, "auc_std": 0.00648}
{"epoch": 57, "time_epoch": 179.40751, "time_epoch_std": 34.9472, "eta": 7083.93966, "eta_std": 853.36439, "eta_hours": 1.96776, "eta_hours_std": 0.23705, "loss": 0.67819, "loss_std": 3e-05, "lr": 0.00039, "lr_std": 0.0, "params": 4975.0, "params_std": 0.0, "time_iter": 0.61023, "time_iter_std": 0.11887, "accuracy": 0.58673, "accuracy_std": 0.0, "accuracy_max": 0.58673, "precision": 0.0, "precision_std": 0.0, "recall": 0.0, "recall_std": 0.0, "f1": 0.0, "f1_std": 0.0, "auc": 0.44054, "auc_std": 0.02668}
{"epoch": 58, "time_epoch": 177.17586, "time_epoch_std": 32.6014, "eta": 6921.1886, "eta_std": 832.03535, "eta_hours": 1.92255, "eta_hours_std": 0.23112, "loss": 0.67819, "loss_std": 4e-05, "lr": 0.00038, "lr_std": 0.0, "params": 4975.0, "params_std": 0.0, "time_iter": 0.60264, "time_iter_std": 0.11089, "accuracy": 0.58673, "accuracy_std": 0.0, "accuracy_max": 0.58673, "precision": 0.0, "precision_std": 0.0, "recall": 0.0, "recall_std": 0.0, "f1": 0.0, "f1_std": 0.0, "auc": 0.46039, "auc_std": 0.0109}
{"epoch": 59, "time_epoch": 179.8901, "time_epoch_std": 35.51103, "eta": 6759.7662, "eta_std": 813.847, "eta_hours": 1.87771, "eta_hours_std": 0.22607, "loss": 0.67816, "loss_std": 4e-05, "lr": 0.00036, "lr_std": 0.0, "params": 4975.0, "params_std": 0.0, "time_iter": 0.61187, "time_iter_std": 0.12078, "accuracy": 0.58673, "accuracy_std": 0.0, "accuracy_max": 0.58673, "precision": 0.0, "precision_std": 0.0, "recall": 0.0, "recall_std": 0.0, "f1": 0.0, "f1_std": 0.0, "auc": 0.46382, "auc_std": 0.014}
{"epoch": 60, "time_epoch": 184.05259, "time_epoch_std": 40.63895, "eta": 6600.39957, "eta_std": 799.60585, "eta_hours": 1.83344, "eta_hours_std": 0.22211, "loss": 0.67821, "loss_std": 6e-05, "lr": 0.00035, "lr_std": 0.0, "params": 4975.0, "params_std": 0.0, "time_iter": 0.62603, "time_iter_std": 0.13823, "accuracy": 0.58673, "accuracy_std": 0.0, "accuracy_max": 0.58673, "precision": 0.0, "precision_std": 0.0, "recall": 0.0, "recall_std": 0.0, "f1": 0.0, "f1_std": 0.0, "auc": 0.45752, "auc_std": 0.00989}
{"epoch": 61, "time_epoch": 184.503, "time_epoch_std": 41.14706, "eta": 6440.51267, "eta_std": 785.58829, "eta_hours": 1.78903, "eta_hours_std": 0.21822, "loss": 0.67822, "loss_std": 2e-05, "lr": 0.00033, "lr_std": 0.0, "params": 4975.0, "params_std": 0.0, "time_iter": 0.62756, "time_iter_std": 0.13995, "accuracy": 0.58673, "accuracy_std": 0.0, "accuracy_max": 0.58673, "precision": 0.0, "precision_std": 0.0, "recall": 0.0, "recall_std": 0.0, "f1": 0.0, "f1_std": 0.0, "auc": 0.44996, "auc_std": 0.00827}
{"epoch": 62, "time_epoch": 183.32493, "time_epoch_std": 39.52581, "eta": 6279.15243, "eta_std": 770.26578, "eta_hours": 1.74421, "eta_hours_std": 0.21396, "loss": 0.67815, "loss_std": 2e-05, "lr": 0.00032, "lr_std": 0.0, "params": 4975.0, "params_std": 0.0, "time_iter": 0.62356, "time_iter_std": 0.13444, "accuracy": 0.58673, "accuracy_std": 0.0, "accuracy_max": 0.58673, "precision": 0.0, "precision_std": 0.0, "recall": 0.0, "recall_std": 0.0, "f1": 0.0, "f1_std": 0.0, "auc": 0.45872, "auc_std": 0.00063}
{"epoch": 63, "time_epoch": 185.24029, "time_epoch_std": 42.34773, "eta": 6118.18319, "eta_std": 756.43894, "eta_hours": 1.6995, "eta_hours_std": 0.21012, "loss": 0.67817, "loss_std": 3e-05, "lr": 0.0003, "lr_std": 0.0, "params": 4975.0, "params_std": 0.0, "time_iter": 0.63007, "time_iter_std": 0.14404, "accuracy": 0.58673, "accuracy_std": 0.0, "accuracy_max": 0.58673, "precision": 0.0, "precision_std": 0.0, "recall": 0.0, "recall_std": 0.0, "f1": 0.0, "f1_std": 0.0, "auc": 0.44288, "auc_std": 0.01649}
{"epoch": 64, "time_epoch": 181.4677, "time_epoch_std": 37.32539, "eta": 5954.43574, "eta_std": 739.33936, "eta_hours": 1.65401, "eta_hours_std": 0.20537, "loss": 0.67816, "loss_std": 2e-05, "lr": 0.00029, "lr_std": 0.0, "params": 4975.0, "params_std": 0.0, "time_iter": 0.61724, "time_iter_std": 0.12696, "accuracy": 0.58673, "accuracy_std": 0.0, "accuracy_max": 0.58673, "precision": 0.0, "precision_std": 0.0, "recall": 0.0, "recall_std": 0.0, "f1": 0.0, "f1_std": 0.0, "auc": 0.45902, "auc_std": 0.01281}
{"epoch": 65, "time_epoch": 181.29865, "time_epoch_std": 37.13105, "eta": 5790.06424, "eta_std": 721.98641, "eta_hours": 1.60835, "eta_hours_std": 0.20055, "loss": 0.67814, "loss_std": 2e-05, "lr": 0.00027, "lr_std": 0.0, "params": 4975.0, "params_std": 0.0, "time_iter": 0.61666, "time_iter_std": 0.1263, "accuracy": 0.58673, "accuracy_std": 0.0, "accuracy_max": 0.58673, "precision": 0.0, "precision_std": 0.0, "recall": 0.0, "recall_std": 0.0, "f1": 0.0, "f1_std": 0.0, "auc": 0.45385, "auc_std": 0.00695}
{"epoch": 66, "time_epoch": 185.12874, "time_epoch_std": 41.95582, "eta": 5627.0739, "eta_std": 707.1898, "eta_hours": 1.56308, "eta_hours_std": 0.19644, "loss": 0.67814, "loss_std": 2e-05, "lr": 0.00026, "lr_std": 0.0, "params": 4975.0, "params_std": 0.0, "time_iter": 0.62969, "time_iter_std": 0.14271, "accuracy": 0.58673, "accuracy_std": 0.0, "accuracy_max": 0.58673, "precision": 0.0, "precision_std": 0.0, "recall": 0.0, "recall_std": 0.0, "f1": 0.0, "f1_std": 0.0, "auc": 0.43872, "auc_std": 0.00585}
{"epoch": 67, "time_epoch": 184.65124, "time_epoch_std": 41.23898, "eta": 5463.20774, "eta_std": 691.60765, "eta_hours": 1.51756, "eta_hours_std": 0.19211, "loss": 0.67815, "loss_std": 3e-05, "lr": 0.00025, "lr_std": 0.0, "params": 4975.0, "params_std": 0.0, "time_iter": 0.62806, "time_iter_std": 0.14027, "accuracy": 0.58673, "accuracy_std": 0.0, "accuracy_max": 0.58673, "precision": 0.0, "precision_std": 0.0, "recall": 0.0, "recall_std": 0.0, "f1": 0.0, "f1_std": 0.0, "auc": 0.44983, "auc_std": 0.01138}
{"epoch": 68, "time_epoch": 185.29474, "time_epoch_std": 42.23684, "eta": 5299.02821, "eta_std": 676.14899, "eta_hours": 1.47195, "eta_hours_std": 0.18782, "loss": 0.67814, "loss_std": 1e-05, "lr": 0.00023, "lr_std": 0.0, "params": 4975.0, "params_std": 0.0, "time_iter": 0.63026, "time_iter_std": 0.14366, "accuracy": 0.58673, "accuracy_std": 0.0, "accuracy_max": 0.58673, "precision": 0.0, "precision_std": 0.0, "recall": 0.0, "recall_std": 0.0, "f1": 0.0, "f1_std": 0.0, "auc": 0.45046, "auc_std": 0.00825}
{"epoch": 69, "time_epoch": 182.84828, "time_epoch_std": 39.18653, "eta": 5133.19691, "eta_std": 658.81112, "eta_hours": 1.42589, "eta_hours_std": 0.183, "loss": 0.67815, "loss_std": 2e-05, "lr": 0.00022, "lr_std": 0.0, "params": 4975.0, "params_std": 0.0, "time_iter": 0.62193, "time_iter_std": 0.13329, "accuracy": 0.58673, "accuracy_std": 0.0, "accuracy_max": 0.58673, "precision": 0.0, "precision_std": 0.0, "recall": 0.0, "recall_std": 0.0, "f1": 0.0, "f1_std": 0.0, "auc": 0.4397, "auc_std": 0.01112}
{"epoch": 70, "time_epoch": 183.52105, "time_epoch_std": 39.7841, "eta": 4967.16105, "eta_std": 641.47974, "eta_hours": 1.37976, "eta_hours_std": 0.17819, "loss": 0.67811, "loss_std": 2e-05, "lr": 0.00021, "lr_std": 0.0, "params": 4975.0, "params_std": 0.0, "time_iter": 0.62422, "time_iter_std": 0.13532, "accuracy": 0.58673, "accuracy_std": 0.0, "accuracy_max": 0.58673, "precision": 0.0, "precision_std": 0.0, "recall": 0.0, "recall_std": 0.0, "f1": 0.0, "f1_std": 0.0, "auc": 0.4544, "auc_std": 0.00875}
{"epoch": 71, "time_epoch": 182.98343, "time_epoch_std": 39.12423, "eta": 4800.43042, "eta_std": 623.53654, "eta_hours": 1.33345, "eta_hours_std": 0.17321, "loss": 0.67812, "loss_std": 2e-05, "lr": 0.00019, "lr_std": 0.0, "params": 4975.0, "params_std": 0.0, "time_iter": 0.62239, "time_iter_std": 0.13308, "accuracy": 0.58673, "accuracy_std": 0.0, "accuracy_max": 0.58673, "precision": 0.0, "precision_std": 0.0, "recall": 0.0, "recall_std": 0.0, "f1": 0.0, "f1_std": 0.0, "auc": 0.43838, "auc_std": 0.02245}
{"epoch": 72, "time_epoch": 183.58466, "time_epoch_std": 40.09109, "eta": 4633.47688, "eta_std": 605.68512, "eta_hours": 1.28708, "eta_hours_std": 0.16824, "loss": 0.67813, "loss_std": 1e-05, "lr": 0.00018, "lr_std": 0.0, "params": 4975.0, "params_std": 0.0, "time_iter": 0.62444, "time_iter_std": 0.13636, "accuracy": 0.58673, "accuracy_std": 0.0, "accuracy_max": 0.58673, "precision": 0.0, "precision_std": 0.0, "recall": 0.0, "recall_std": 0.0, "f1": 0.0, "f1_std": 0.0, "auc": 0.44772, "auc_std": 0.00905}
{"epoch": 73, "time_epoch": 181.48512, "time_epoch_std": 39.54237, "eta": 4465.33617, "eta_std": 587.85558, "eta_hours": 1.24037, "eta_hours_std": 0.16329, "loss": 0.6781, "loss_std": 1e-05, "lr": 0.00017, "lr_std": 0.0, "params": 4975.0, "params_std": 0.0, "time_iter": 0.6173, "time_iter_std": 0.1345, "accuracy": 0.58673, "accuracy_std": 0.0, "accuracy_max": 0.58673, "precision": 0.0, "precision_std": 0.0, "recall": 0.0, "recall_std": 0.0, "f1": 0.0, "f1_std": 0.0, "auc": 0.45913, "auc_std": 0.01012}
{"epoch": 74, "time_epoch": 187.07029, "time_epoch_std": 44.62689, "eta": 4298.70134, "eta_std": 570.92572, "eta_hours": 1.19408, "eta_hours_std": 0.15859, "loss": 0.6781, "loss_std": 2e-05, "lr": 0.00016, "lr_std": 0.0, "params": 4975.0, "params_std": 0.0, "time_iter": 0.6363, "time_iter_std": 0.15179, "accuracy": 0.58673, "accuracy_std": 0.0, "accuracy_max": 0.58673, "precision": 0.0, "precision_std": 0.0, "recall": 0.0, "recall_std": 0.0, "f1": 0.0, "f1_std": 0.0, "auc": 0.44392, "auc_std": 0.0191}
{"epoch": 75, "time_epoch": 184.06572, "time_epoch_std": 40.6343, "eta": 4130.57992, "eta_std": 552.10116, "eta_hours": 1.14739, "eta_hours_std": 0.15336, "loss": 0.67809, "loss_std": 0.0, "lr": 0.00015, "lr_std": 0.0, "params": 4975.0, "params_std": 0.0, "time_iter": 0.62607, "time_iter_std": 0.13821, "accuracy": 0.58673, "accuracy_std": 0.0, "accuracy_max": 0.58673, "precision": 0.0, "precision_std": 0.0, "recall": 0.0, "recall_std": 0.0, "f1": 0.0, "f1_std": 0.0, "auc": 0.4528, "auc_std": 0.00509}
{"epoch": 76, "time_epoch": 183.50182, "time_epoch_std": 39.78331, "eta": 3961.87592, "eta_std": 532.60922, "eta_hours": 1.10052, "eta_hours_std": 0.14795, "loss": 0.67811, "loss_std": 3e-05, "lr": 0.00014, "lr_std": 0.0, "params": 4975.0, "params_std": 0.0, "time_iter": 0.62416, "time_iter_std": 0.13532, "accuracy": 0.58673, "accuracy_std": 0.0, "accuracy_max": 0.58673, "precision": 0.0, "precision_std": 0.0, "recall": 0.0, "recall_std": 0.0, "f1": 0.0, "f1_std": 0.0, "auc": 0.44662, "auc_std": 0.00662}
{"epoch": 77, "time_epoch": 184.65832, "time_epoch_std": 41.20517, "eta": 3793.11868, "eta_std": 513.24235, "eta_hours": 1.05364, "eta_hours_std": 0.14257, "loss": 0.67808, "loss_std": 1e-05, "lr": 0.00012, "lr_std": 0.0, "params": 4975.0, "params_std": 0.0, "time_iter": 0.62809, "time_iter_std": 0.14015, "accuracy": 0.58673, "accuracy_std": 0.0, "accuracy_max": 0.58673, "precision": 0.0, "precision_std": 0.0, "recall": 0.0, "recall_std": 0.0, "f1": 0.0, "f1_std": 0.0, "auc": 0.44707, "auc_std": 0.01512}
{"epoch": 78, "time_epoch": 182.04723, "time_epoch_std": 38.08958, "eta": 3623.2648, "eta_std": 492.54506, "eta_hours": 1.00646, "eta_hours_std": 0.13682, "loss": 0.67807, "loss_std": 0.0, "lr": 0.00011, "lr_std": 0.0, "params": 4975.0, "params_std": 0.0, "time_iter": 0.61921, "time_iter_std": 0.12956, "accuracy": 0.58673, "accuracy_std": 0.0, "accuracy_max": 0.58673, "precision": 0.0, "precision_std": 0.0, "recall": 0.0, "recall_std": 0.0, "f1": 0.0, "f1_std": 0.0, "auc": 0.44415, "auc_std": 0.01188}
{"epoch": 79, "time_epoch": 181.24409, "time_epoch_std": 37.07941, "eta": 3452.9053, "eta_std": 471.25939, "eta_hours": 0.95914, "eta_hours_std": 0.1309, "loss": 0.67808, "loss_std": 1e-05, "lr": 0.0001, "lr_std": 0.0, "params": 4975.0, "params_std": 0.0, "time_iter": 0.61648, "time_iter_std": 0.12612, "accuracy": 0.58673, "accuracy_std": 0.0, "accuracy_max": 0.58673, "precision": 0.0, "precision_std": 0.0, "recall": 0.0, "recall_std": 0.0, "f1": 0.0, "f1_std": 0.0, "auc": 0.44751, "auc_std": 0.01209}
{"epoch": 80, "time_epoch": 179.96897, "time_epoch_std": 35.63375, "eta": 3281.97794, "eta_std": 449.31025, "eta_hours": 0.91166, "eta_hours_std": 0.12481, "loss": 0.67806, "loss_std": 1e-05, "lr": 0.0001, "lr_std": 0.0, "params": 4975.0, "params_std": 0.0, "time_iter": 0.61214, "time_iter_std": 0.1212, "accuracy": 0.58673, "accuracy_std": 0.0, "accuracy_max": 0.58673, "precision": 0.0, "precision_std": 0.0, "recall": 0.0, "recall_std": 0.0, "f1": 0.0, "f1_std": 0.0, "auc": 0.45506, "auc_std": 0.00238}
{"epoch": 81, "time_epoch": 189.18104, "time_epoch_std": 47.77573, "eta": 3112.85222, "eta_std": 430.20888, "eta_hours": 0.86468, "eta_hours_std": 0.1195, "loss": 0.67807, "loss_std": 1e-05, "lr": 9e-05, "lr_std": 0.0, "params": 4975.0, "params_std": 0.0, "time_iter": 0.64347, "time_iter_std": 0.1625, "accuracy": 0.58673, "accuracy_std": 0.0, "accuracy_max": 0.58673, "precision": 0.0, "precision_std": 0.0, "recall": 0.0, "recall_std": 0.0, "f1": 0.0, "f1_std": 0.0, "auc": 0.44733, "auc_std": 0.01562}
{"epoch": 82, "time_epoch": 192.97584, "time_epoch_std": 53.02426, "eta": 2944.02048, "eta_std": 411.59881, "eta_hours": 0.81778, "eta_hours_std": 0.11434, "loss": 0.67806, "loss_std": 1e-05, "lr": 8e-05, "lr_std": 0.0, "params": 4975.0, "params_std": 0.0, "time_iter": 0.65638, "time_iter_std": 0.18036, "accuracy": 0.58673, "accuracy_std": 0.0, "accuracy_max": 0.58673, "precision": 0.0, "precision_std": 0.0, "recall": 0.0, "recall_std": 0.0, "f1": 0.0, "f1_std": 0.0, "auc": 0.43865, "auc_std": 0.00758}
{"epoch": 83, "time_epoch": 192.97586, "time_epoch_std": 52.90076, "eta": 2774.61388, "eta_std": 392.25722, "eta_hours": 0.77072, "eta_hours_std": 0.10896, "loss": 0.67806, "loss_std": 1e-05, "lr": 7e-05, "lr_std": 0.0, "params": 4975.0, "params_std": 0.0, "time_iter": 0.65638, "time_iter_std": 0.17993, "accuracy": 0.58673, "accuracy_std": 0.0, "accuracy_max": 0.58673, "precision": 0.0, "precision_std": 0.0, "recall": 0.0, "recall_std": 0.0, "f1": 0.0, "f1_std": 0.0, "auc": 0.44469, "auc_std": 0.01053}
{"epoch": 84, "time_epoch": 192.57267, "time_epoch_std": 52.85729, "eta": 2604.58157, "eta_std": 372.22297, "eta_hours": 0.7235, "eta_hours_std": 0.1034, "loss": 0.67805, "loss_std": 1e-05, "lr": 6e-05, "lr_std": 0.0, "params": 4975.0, "params_std": 0.0, "time_iter": 0.65501, "time_iter_std": 0.17979, "accuracy": 0.58673, "accuracy_std": 0.0, "accuracy_max": 0.58673, "precision": 0.0, "precision_std": 0.0, "recall": 0.0, "recall_std": 0.0, "f1": 0.0, "f1_std": 0.0, "auc": 0.44598, "auc_std": 0.00712}
{"epoch": 85, "time_epoch": 180.11483, "time_epoch_std": 53.29959, "eta": 2431.99704, "eta_std": 351.25846, "eta_hours": 0.67556, "eta_hours_std": 0.09757, "loss": 0.67805, "loss_std": 0.0, "lr": 5e-05, "lr_std": 0.0, "params": 4975.0, "params_std": 0.0, "time_iter": 0.61264, "time_iter_std": 0.18129, "accuracy": 0.58673, "accuracy_std": 0.0, "accuracy_max": 0.58673, "precision": 0.0, "precision_std": 0.0, "recall": 0.0, "recall_std": 0.0, "f1": 0.0, "f1_std": 0.0, "auc": 0.4561, "auc_std": 0.00401}
{"epoch": 86, "time_epoch": 180.25126, "time_epoch_std": 53.34625, "eta": 2259.25979, "eta_std": 329.69558, "eta_hours": 0.62757, "eta_hours_std": 0.09158, "loss": 0.67805, "loss_std": 0.0, "lr": 5e-05, "lr_std": 0.0, "params": 4975.0, "params_std": 0.0, "time_iter": 0.6131, "time_iter_std": 0.18145, "accuracy": 0.58673, "accuracy_std": 0.0, "accuracy_max": 0.58673, "precision": 0.0, "precision_std": 0.0, "recall": 0.0, "recall_std": 0.0, "f1": 0.0, "f1_std": 0.0, "auc": 0.42914, "auc_std": 0.0067}
{"epoch": 87, "time_epoch": 180.1534, "time_epoch_std": 53.30774, "eta": 2086.33842, "eta_std": 307.53729, "eta_hours": 0.57954, "eta_hours_std": 0.08543, "loss": 0.67805, "loss_std": 0.0, "lr": 4e-05, "lr_std": 0.0, "params": 4975.0, "params_std": 0.0, "time_iter": 0.61277, "time_iter_std": 0.18132, "accuracy": 0.58673, "accuracy_std": 0.0, "accuracy_max": 0.58673, "precision": 0.0, "precision_std": 0.0, "recall": 0.0, "recall_std": 0.0, "f1": 0.0, "f1_std": 0.0, "auc": 0.4551, "auc_std": 0.00736}
{"epoch": 88, "time_epoch": 180.2015, "time_epoch_std": 53.34922, "eta": 1913.26048, "eta_std": 284.81816, "eta_hours": 0.53146, "eta_hours_std": 0.07912, "loss": 0.67804, "loss_std": 0.0, "lr": 4e-05, "lr_std": 0.0, "params": 4975.0, "params_std": 0.0, "time_iter": 0.61293, "time_iter_std": 0.18146, "accuracy": 0.58673, "accuracy_std": 0.0, "accuracy_max": 0.58673, "precision": 0.0, "precision_std": 0.0, "recall": 0.0, "recall_std": 0.0, "f1": 0.0, "f1_std": 0.0, "auc": 0.45218, "auc_std": 0.00651}
{"epoch": 89, "time_epoch": 180.28503, "time_epoch_std": 53.4076, "eta": 1740.03351, "eta_std": 261.53125, "eta_hours": 0.48334, "eta_hours_std": 0.07265, "loss": 0.67804, "loss_std": 0.0, "lr": 3e-05, "lr_std": 0.0, "params": 4975.0, "params_std": 0.0, "time_iter": 0.61322, "time_iter_std": 0.18166, "accuracy": 0.58673, "accuracy_std": 0.0, "accuracy_max": 0.58673, "precision": 0.0, "precision_std": 0.0, "recall": 0.0, "recall_std": 0.0, "f1": 0.0, "f1_std": 0.0, "auc": 0.45018, "auc_std": 0.01871}
{"epoch": 90, "time_epoch": 156.55707, "time_epoch_std": 13.50348, "eta": 1564.3047, "eta_std": 234.10589, "eta_hours": 0.43453, "eta_hours_std": 0.06503, "loss": 0.67803, "loss_std": 0.0, "lr": 2e-05, "lr_std": 0.0, "params": 4975.0, "params_std": 0.0, "time_iter": 0.53251, "time_iter_std": 0.04593, "accuracy": 0.58673, "accuracy_std": 0.0, "accuracy_max": 0.58673, "precision": 0.0, "precision_std": 0.0, "recall": 0.0, "recall_std": 0.0, "f1": 0.0, "f1_std": 0.0, "auc": 0.44648, "auc_std": 0.00795}
{"epoch": 91, "time_epoch": 156.29631, "time_epoch_std": 13.31955, "eta": 1388.97, "eta_std": 206.97373, "eta_hours": 0.38582, "eta_hours_std": 0.05749, "loss": 0.67803, "loss_std": 0.0, "lr": 2e-05, "lr_std": 0.0, "params": 4975.0, "params_std": 0.0, "time_iter": 0.53162, "time_iter_std": 0.0453, "accuracy": 0.58673, "accuracy_std": 0.0, "accuracy_max": 0.58673, "precision": 0.0, "precision_std": 0.0, "recall": 0.0, "recall_std": 0.0, "f1": 0.0, "f1_std": 0.0, "auc": 0.45362, "auc_std": 0.0104}
{"epoch": 92, "time_epoch": 156.40825, "time_epoch_std": 13.37072, "eta": 1214.05315, "eta_std": 180.14758, "eta_hours": 0.33724, "eta_hours_std": 0.05004, "loss": 0.67803, "loss_std": 0.0, "lr": 2e-05, "lr_std": 0.0, "params": 4975.0, "params_std": 0.0, "time_iter": 0.532, "time_iter_std": 0.04548, "accuracy": 0.58673, "accuracy_std": 0.0, "accuracy_max": 0.58673, "precision": 0.0, "precision_std": 0.0, "recall": 0.0, "recall_std": 0.0, "f1": 0.0, "f1_std": 0.0, "auc": 0.45192, "auc_std": 0.00728}
{"epoch": 93, "time_epoch": 156.33671, "time_epoch_std": 13.1923, "eta": 1039.52553, "eta_std": 153.6005, "eta_hours": 0.28876, "eta_hours_std": 0.04266, "loss": 0.67803, "loss_std": 0.0, "lr": 1e-05, "lr_std": 0.0, "params": 4975.0, "params_std": 0.0, "time_iter": 0.53176, "time_iter_std": 0.04487, "accuracy": 0.58673, "accuracy_std": 0.0, "accuracy_max": 0.58673, "precision": 0.0, "precision_std": 0.0, "recall": 0.0, "recall_std": 0.0, "f1": 0.0, "f1_std": 0.0, "auc": 0.45138, "auc_std": 0.0035}
{"epoch": 94, "time_epoch": 156.39388, "time_epoch_std": 13.41194, "eta": 865.38389, "eta_std": 127.34992, "eta_hours": 0.24038, "eta_hours_std": 0.03538, "loss": 0.67803, "loss_std": 0.0, "lr": 1e-05, "lr_std": 0.0, "params": 4975.0, "params_std": 0.0, "time_iter": 0.53195, "time_iter_std": 0.04562, "accuracy": 0.58673, "accuracy_std": 0.0, "accuracy_max": 0.58673, "precision": 0.0, "precision_std": 0.0, "recall": 0.0, "recall_std": 0.0, "f1": 0.0, "f1_std": 0.0, "auc": 0.4455, "auc_std": 0.00763}
{"epoch": 95, "time_epoch": 156.4493, "time_epoch_std": 13.32573, "eta": 691.6143, "eta_std": 101.36657, "eta_hours": 0.19211, "eta_hours_std": 0.02816, "loss": 0.67803, "loss_std": 0.0, "lr": 1e-05, "lr_std": 0.0, "params": 4975.0, "params_std": 0.0, "time_iter": 0.53214, "time_iter_std": 0.04533, "accuracy": 0.58673, "accuracy_std": 0.0, "accuracy_max": 0.58673, "precision": 0.0, "precision_std": 0.0, "recall": 0.0, "recall_std": 0.0, "f1": 0.0, "f1_std": 0.0, "auc": 0.43544, "auc_std": 0.01067}
{"epoch": 96, "time_epoch": 168.53466, "time_epoch_std": 20.68619, "eta": 518.5756, "eta_std": 75.51982, "eta_hours": 0.14405, "eta_hours_std": 0.02098, "loss": 0.67803, "loss_std": 0.0, "lr": 0.0, "lr_std": 0.0, "params": 4975.0, "params_std": 0.0, "time_iter": 0.57325, "time_iter_std": 0.07036, "accuracy": 0.58673, "accuracy_std": 0.0, "accuracy_max": 0.58673, "precision": 0.0, "precision_std": 0.0, "recall": 0.0, "recall_std": 0.0, "f1": 0.0, "f1_std": 0.0, "auc": 0.45618, "auc_std": 0.0042}
{"epoch": 97, "time_epoch": 156.48164, "time_epoch_std": 13.23134, "eta": 345.38284, "eta_std": 50.09951, "eta_hours": 0.09594, "eta_hours_std": 0.01391, "loss": 0.67803, "loss_std": 0.0, "lr": 0.0, "lr_std": 0.0, "params": 4975.0, "params_std": 0.0, "time_iter": 0.53225, "time_iter_std": 0.04501, "accuracy": 0.58673, "accuracy_std": 0.0, "accuracy_max": 0.58673, "precision": 0.0, "precision_std": 0.0, "recall": 0.0, "recall_std": 0.0, "f1": 0.0, "f1_std": 0.0, "auc": 0.44097, "auc_std": 0.01603}
{"epoch": 98, "time_epoch": 156.43492, "time_epoch_std": 13.21146, "eta": 172.52722, "eta_std": 24.92861, "eta_hours": 0.04792, "eta_hours_std": 0.00692, "loss": 0.67803, "loss_std": 0.0, "lr": 0.0, "lr_std": 0.0, "params": 4975.0, "params_std": 0.0, "time_iter": 0.5321, "time_iter_std": 0.04494, "accuracy": 0.58673, "accuracy_std": 0.0, "accuracy_max": 0.58673, "precision": 0.0, "precision_std": 0.0, "recall": 0.0, "recall_std": 0.0, "f1": 0.0, "f1_std": 0.0, "auc": 0.44966, "auc_std": 0.01076}
{"epoch": 99, "time_epoch": 156.54369, "time_epoch_std": 13.26313, "eta": 0.0, "eta_std": 0.0, "eta_hours": 0.0, "eta_hours_std": 0.0, "loss": 0.67803, "loss_std": 0.0, "lr": 0.0, "lr_std": 0.0, "params": 4975.0, "params_std": 0.0, "time_iter": 0.53246, "time_iter_std": 0.04511, "accuracy": 0.58673, "accuracy_std": 0.0, "accuracy_max": 0.58673, "precision": 0.0, "precision_std": 0.0, "recall": 0.0, "recall_std": 0.0, "f1": 0.0, "f1_std": 0.0, "auc": 0.44174, "auc_std": 0.01027}
