{"epoch": 0, "time_epoch": 24.84213, "time_epoch_std": 0.0822, "eta": 2459.37124, "eta_std": 8.13756, "eta_hours": 0.68316, "eta_hours_std": 0.00226, "loss": 1.10051, "loss_std": 0.00558, "lr": 0.001, "lr_std": 0.0, "params": 5327.0, "params_std": 0.0, "time_iter": 0.13214, "time_iter_std": 0.00044, "accuracy": 0.34967, "accuracy_std": 0.02905, "accuracy_max": 0.39867, "f1": 0.26934, "f1_std": 0.02702, "auc": 0.49636, "auc_std": 0.03191}
{"epoch": 1, "time_epoch": 12.14318, "time_epoch_std": 0.06862, "eta": 1812.2801, "eta_std": 5.95231, "eta_hours": 0.50341, "eta_hours_std": 0.00165, "loss": 1.09698, "loss_std": 0.00351, "lr": 0.001, "lr_std": 0.0, "params": 5327.0, "params_std": 0.0, "time_iter": 0.06459, "time_iter_std": 0.00036, "accuracy": 0.35867, "accuracy_std": 0.00957, "accuracy_max": 0.37467, "f1": 0.23817, "f1_std": 0.05897, "auc": 0.50038, "auc_std": 0.02712}
{"epoch": 2, "time_epoch": 12.13086, "time_epoch_std": 0.06872, "eta": 1588.08924, "eta_std": 5.92749, "eta_hours": 0.44114, "eta_hours_std": 0.00165, "loss": 1.09696, "loss_std": 0.00505, "lr": 0.001, "lr_std": 0.0, "params": 5327.0, "params_std": 0.0, "time_iter": 0.06453, "time_iter_std": 0.00037, "accuracy": 0.358, "accuracy_std": 0.01829, "accuracy_max": 0.388, "f1": 0.23118, "f1_std": 0.05517, "auc": 0.49249, "auc_std": 0.03903}
{"epoch": 3, "time_epoch": 12.12488, "time_epoch_std": 0.04125, "eta": 1469.78506, "eta_std": 5.03, "eta_hours": 0.40827, "eta_hours_std": 0.0014, "loss": 1.09618, "loss_std": 0.00516, "lr": 0.001, "lr_std": 0.0, "params": 5327.0, "params_std": 0.0, "time_iter": 0.0645, "time_iter_std": 0.00022, "accuracy": 0.36067, "accuracy_std": 0.01755, "accuracy_max": 0.39067, "f1": 0.2316, "f1_std": 0.06875, "auc": 0.50151, "auc_std": 0.03527}
{"epoch": 4, "time_epoch": 12.0978, "time_epoch_std": 0.06481, "eta": 1393.43796, "eta_std": 5.14327, "eta_hours": 0.38707, "eta_hours_std": 0.00143, "loss": 1.09635, "loss_std": 0.00419, "lr": 0.001, "lr_std": 0.0, "params": 5327.0, "params_std": 0.0, "time_iter": 0.06435, "time_iter_std": 0.00034, "accuracy": 0.36934, "accuracy_std": 0.01649, "accuracy_max": 0.39467, "f1": 0.25202, "f1_std": 0.07754, "auc": 0.49721, "auc_std": 0.03761}
{"epoch": 5, "time_epoch": 12.09392, "time_epoch_std": 0.06, "eta": 1338.44659, "eta_std": 5.0761, "eta_hours": 0.37179, "eta_hours_std": 0.00141, "loss": 1.09516, "loss_std": 0.00557, "lr": 0.00099, "lr_std": 0.0, "params": 5327.0, "params_std": 0.0, "time_iter": 0.06433, "time_iter_std": 0.00032, "accuracy": 0.37367, "accuracy_std": 0.01919, "accuracy_max": 0.4, "f1": 0.25135, "f1_std": 0.07999, "auc": 0.50824, "auc_std": 0.03381}
{"epoch": 6, "time_epoch": 12.08758, "time_epoch_std": 0.06486, "eta": 1295.62742, "eta_std": 5.16453, "eta_hours": 0.3599, "eta_hours_std": 0.00143, "loss": 1.09393, "loss_std": 0.00543, "lr": 0.00099, "lr_std": 0.0, "params": 5327.0, "params_std": 0.0, "time_iter": 0.06429, "time_iter_std": 0.00034, "accuracy": 0.36833, "accuracy_std": 0.02176, "accuracy_max": 0.39467, "f1": 0.28065, "f1_std": 0.05409, "auc": 0.52011, "auc_std": 0.02815}
{"epoch": 7, "time_epoch": 12.09268, "time_epoch_std": 0.06129, "eta": 1260.54974, "eta_std": 5.16517, "eta_hours": 0.35015, "eta_hours_std": 0.00143, "loss": 1.09448, "loss_std": 0.00359, "lr": 0.00099, "lr_std": 0.0, "params": 5327.0, "params_std": 0.0, "time_iter": 0.06432, "time_iter_std": 0.00032, "accuracy": 0.376, "accuracy_std": 0.01818, "accuracy_max": 0.4, "f1": 0.28257, "f1_std": 0.04336, "auc": 0.52234, "auc_std": 0.02375}
{"epoch": 8, "time_epoch": 12.09007, "time_epoch_std": 0.05972, "eta": 1230.55343, "eta_std": 5.13176, "eta_hours": 0.34182, "eta_hours_std": 0.00142, "loss": 1.0977, "loss_std": 0.00455, "lr": 0.00098, "lr_std": 0.0, "params": 5327.0, "params_std": 0.0, "time_iter": 0.06431, "time_iter_std": 0.00032, "accuracy": 0.36367, "accuracy_std": 0.01716, "accuracy_max": 0.38667, "f1": 0.29094, "f1_std": 0.07289, "auc": 0.51295, "auc_std": 0.02671}
{"epoch": 9, "time_epoch": 12.0771, "time_epoch_std": 0.06788, "eta": 1204.02164, "eta_std": 5.15231, "eta_hours": 0.33445, "eta_hours_std": 0.00143, "loss": 1.09241, "loss_std": 0.00461, "lr": 0.00098, "lr_std": 0.0, "params": 5327.0, "params_std": 0.0, "time_iter": 0.06424, "time_iter_std": 0.00036, "accuracy": 0.37967, "accuracy_std": 0.02401, "accuracy_max": 0.41467, "f1": 0.29533, "f1_std": 0.0666, "auc": 0.52862, "auc_std": 0.03294}
{"epoch": 10, "time_epoch": 12.07316, "time_epoch_std": 0.08051, "eta": 1180.08618, "eta_std": 5.27674, "eta_hours": 0.3278, "eta_hours_std": 0.00147, "loss": 1.09496, "loss_std": 0.00586, "lr": 0.00098, "lr_std": 0.0, "params": 5327.0, "params_std": 0.0, "time_iter": 0.06422, "time_iter_std": 0.00043, "accuracy": 0.37134, "accuracy_std": 0.0274, "accuracy_max": 0.41867, "f1": 0.28739, "f1_std": 0.07135, "auc": 0.52163, "auc_std": 0.03783}
{"epoch": 11, "time_epoch": 12.00788, "time_epoch_std": 0.17216, "eta": 1157.649, "eta_std": 5.75725, "eta_hours": 0.32157, "eta_hours_std": 0.0016, "loss": 1.09654, "loss_std": 0.00311, "lr": 0.00097, "lr_std": 0.0, "params": 5327.0, "params_std": 0.0, "time_iter": 0.06388, "time_iter_std": 0.00092, "accuracy": 0.378, "accuracy_std": 0.01374, "accuracy_max": 0.39733, "f1": 0.3275, "f1_std": 0.03664, "auc": 0.52782, "auc_std": 0.01873}
{"epoch": 12, "time_epoch": 12.12196, "time_epoch_std": 0.0622, "eta": 1137.57976, "eta_std": 5.64192, "eta_hours": 0.316, "eta_hours_std": 0.00157, "loss": 1.09302, "loss_std": 0.00809, "lr": 0.00096, "lr_std": 0.0, "params": 5327.0, "params_std": 0.0, "time_iter": 0.06448, "time_iter_std": 0.00033, "accuracy": 0.38067, "accuracy_std": 0.02966, "accuracy_max": 0.42667, "f1": 0.29082, "f1_std": 0.06693, "auc": 0.52769, "auc_std": 0.03249}
{"epoch": 13, "time_epoch": 12.03073, "time_epoch_std": 0.1377, "eta": 1118.08547, "eta_std": 5.85428, "eta_hours": 0.31058, "eta_hours_std": 0.00163, "loss": 1.09342, "loss_std": 0.0027, "lr": 0.00096, "lr_std": 0.0, "params": 5327.0, "params_std": 0.0, "time_iter": 0.064, "time_iter_std": 0.00073, "accuracy": 0.37066, "accuracy_std": 0.02011, "accuracy_max": 0.38933, "f1": 0.32022, "f1_std": 0.02259, "auc": 0.53386, "auc_std": 0.01622}
{"epoch": 14, "time_epoch": 12.04722, "time_epoch_std": 0.10104, "eta": 1099.67977, "eta_std": 5.95179, "eta_hours": 0.30546, "eta_hours_std": 0.00165, "loss": 1.09391, "loss_std": 0.00765, "lr": 0.00095, "lr_std": 0.0, "params": 5327.0, "params_std": 0.0, "time_iter": 0.06408, "time_iter_std": 0.00054, "accuracy": 0.37333, "accuracy_std": 0.01821, "accuracy_max": 0.40133, "f1": 0.31019, "f1_std": 0.06169, "auc": 0.53138, "auc_std": 0.02933}
{"epoch": 15, "time_epoch": 12.06741, "time_epoch_std": 0.07213, "eta": 1082.17486, "eta_std": 5.83991, "eta_hours": 0.3006, "eta_hours_std": 0.00162, "loss": 1.09239, "loss_std": 0.00996, "lr": 0.00095, "lr_std": 0.0, "params": 5327.0, "params_std": 0.0, "time_iter": 0.06419, "time_iter_std": 0.00039, "accuracy": 0.37633, "accuracy_std": 0.02955, "accuracy_max": 0.42133, "f1": 0.29815, "f1_std": 0.0696, "auc": 0.52888, "auc_std": 0.03449}
{"epoch": 16, "time_epoch": 12.07062, "time_epoch_std": 0.07127, "eta": 1065.32532, "eta_std": 5.77378, "eta_hours": 0.29592, "eta_hours_std": 0.0016, "loss": 1.09448, "loss_std": 0.00589, "lr": 0.00094, "lr_std": 0.0, "params": 5327.0, "params_std": 0.0, "time_iter": 0.0642, "time_iter_std": 0.00038, "accuracy": 0.368, "accuracy_std": 0.01678, "accuracy_max": 0.39333, "f1": 0.2797, "f1_std": 0.04951, "auc": 0.5236, "auc_std": 0.02857}
{"epoch": 17, "time_epoch": 12.57284, "time_epoch_std": 0.81665, "eta": 1051.2947, "eta_std": 4.36108, "eta_hours": 0.29202, "eta_hours_std": 0.00121, "loss": 1.09436, "loss_std": 0.00304, "lr": 0.00093, "lr_std": 0.0, "params": 5327.0, "params_std": 0.0, "time_iter": 0.06688, "time_iter_std": 0.00435, "accuracy": 0.37667, "accuracy_std": 0.02163, "accuracy_max": 0.4, "f1": 0.30482, "f1_std": 0.05225, "auc": 0.52398, "auc_std": 0.02228}
{"epoch": 18, "time_epoch": 14.54292, "time_epoch_std": 4.25688, "eta": 1045.81628, "eta_std": 18.87498, "eta_hours": 0.2905, "eta_hours_std": 0.00525, "loss": 1.09239, "loss_std": 0.01003, "lr": 0.00092, "lr_std": 0.0, "params": 5327.0, "params_std": 0.0, "time_iter": 0.07735, "time_iter_std": 0.02264, "accuracy": 0.373, "accuracy_std": 0.03044, "accuracy_max": 0.41733, "f1": 0.28728, "f1_std": 0.05748, "auc": 0.52277, "auc_std": 0.03492}
{"epoch": 19, "time_epoch": 15.18522, "time_epoch_std": 5.35166, "eta": 1042.0006, "eta_std": 38.88627, "eta_hours": 0.28944, "eta_hours_std": 0.0108, "loss": 1.09335, "loss_std": 0.00299, "lr": 0.00091, "lr_std": 0.0, "params": 5327.0, "params_std": 0.0, "time_iter": 0.08077, "time_iter_std": 0.02847, "accuracy": 0.37267, "accuracy_std": 0.01582, "accuracy_max": 0.38933, "f1": 0.29232, "f1_std": 0.05769, "auc": 0.53016, "auc_std": 0.02715}
{"epoch": 20, "time_epoch": 14.62019, "time_epoch_std": 4.38366, "eta": 1034.97651, "eta_std": 53.01062, "eta_hours": 0.28749, "eta_hours_std": 0.01472, "loss": 1.09104, "loss_std": 0.00948, "lr": 0.0009, "lr_std": 0.0, "params": 5327.0, "params_std": 0.0, "time_iter": 0.07777, "time_iter_std": 0.02332, "accuracy": 0.37567, "accuracy_std": 0.02533, "accuracy_max": 0.40267, "f1": 0.29911, "f1_std": 0.07172, "auc": 0.53072, "auc_std": 0.03574}
{"epoch": 21, "time_epoch": 12.33902, "time_epoch_std": 0.70913, "eta": 1019.17407, "eta_std": 48.62458, "eta_hours": 0.2831, "eta_hours_std": 0.01351, "loss": 1.09317, "loss_std": 0.00292, "lr": 0.0009, "lr_std": 0.0, "params": 5327.0, "params_std": 0.0, "time_iter": 0.06563, "time_iter_std": 0.00377, "accuracy": 0.375, "accuracy_std": 0.02607, "accuracy_max": 0.40933, "f1": 0.31887, "f1_std": 0.04854, "auc": 0.52991, "auc_std": 0.02415}
{"epoch": 22, "time_epoch": 12.2817, "time_epoch_std": 0.3323, "eta": 1003.48092, "eta_std": 45.60412, "eta_hours": 0.27874, "eta_hours_std": 0.01267, "loss": 1.094, "loss_std": 0.00651, "lr": 0.00089, "lr_std": 0.0, "params": 5327.0, "params_std": 0.0, "time_iter": 0.06533, "time_iter_std": 0.00177, "accuracy": 0.379, "accuracy_std": 0.0221, "accuracy_max": 0.40667, "f1": 0.3067, "f1_std": 0.06693, "auc": 0.52116, "auc_std": 0.03248}
{"epoch": 23, "time_epoch": 12.25978, "time_epoch_std": 0.23811, "eta": 988.00264, "eta_std": 42.80185, "eta_hours": 0.27445, "eta_hours_std": 0.01189, "loss": 1.09055, "loss_std": 0.0081, "lr": 0.00088, "lr_std": 0.0, "params": 5327.0, "params_std": 0.0, "time_iter": 0.06521, "time_iter_std": 0.00127, "accuracy": 0.37767, "accuracy_std": 0.01933, "accuracy_max": 0.404, "f1": 0.30334, "f1_std": 0.07783, "auc": 0.53429, "auc_std": 0.03021}
{"epoch": 24, "time_epoch": 12.27556, "time_epoch_std": 0.34428, "eta": 972.82919, "eta_std": 40.27751, "eta_hours": 0.27023, "eta_hours_std": 0.01119, "loss": 1.0912, "loss_std": 0.00668, "lr": 0.00086, "lr_std": 0.0, "params": 5327.0, "params_std": 0.0, "time_iter": 0.0653, "time_iter_std": 0.00183, "accuracy": 0.38834, "accuracy_std": 0.02149, "accuracy_max": 0.41067, "f1": 0.31366, "f1_std": 0.07714, "auc": 0.54277, "auc_std": 0.03768}
{"epoch": 25, "time_epoch": 12.28042, "time_epoch_std": 0.34803, "eta": 957.89248, "eta_std": 38.01493, "eta_hours": 0.26608, "eta_hours_std": 0.01056, "loss": 1.0926, "loss_std": 0.00633, "lr": 0.00085, "lr_std": 0.0, "params": 5327.0, "params_std": 0.0, "time_iter": 0.06532, "time_iter_std": 0.00185, "accuracy": 0.383, "accuracy_std": 0.02264, "accuracy_max": 0.40933, "f1": 0.30215, "f1_std": 0.07235, "auc": 0.53735, "auc_std": 0.03004}
{"epoch": 26, "time_epoch": 12.26059, "time_epoch_std": 0.33343, "eta": 943.09892, "eta_std": 35.94545, "eta_hours": 0.26197, "eta_hours_std": 0.00999, "loss": 1.09535, "loss_std": 0.01004, "lr": 0.00084, "lr_std": 0.0, "params": 5327.0, "params_std": 0.0, "time_iter": 0.06521, "time_iter_std": 0.00177, "accuracy": 0.388, "accuracy_std": 0.02713, "accuracy_max": 0.428, "f1": 0.31848, "f1_std": 0.08489, "auc": 0.52967, "auc_std": 0.03845}
{"epoch": 27, "time_epoch": 12.38684, "time_epoch_std": 0.33154, "eta": 928.81094, "eta_std": 34.04982, "eta_hours": 0.25801, "eta_hours_std": 0.00946, "loss": 1.09294, "loss_std": 0.00603, "lr": 0.00083, "lr_std": 0.0, "params": 5327.0, "params_std": 0.0, "time_iter": 0.06589, "time_iter_std": 0.00176, "accuracy": 0.378, "accuracy_std": 0.02364, "accuracy_max": 0.41333, "f1": 0.30157, "f1_std": 0.07537, "auc": 0.53546, "auc_std": 0.03237}
{"epoch": 28, "time_epoch": 12.26201, "time_epoch_std": 0.33078, "eta": 914.34844, "eta_std": 32.30564, "eta_hours": 0.25398, "eta_hours_std": 0.00897, "loss": 1.0909, "loss_std": 0.0095, "lr": 0.00082, "lr_std": 0.0, "params": 5327.0, "params_std": 0.0, "time_iter": 0.06522, "time_iter_std": 0.00176, "accuracy": 0.39333, "accuracy_std": 0.02059, "accuracy_max": 0.41333, "f1": 0.32728, "f1_std": 0.07179, "auc": 0.54091, "auc_std": 0.03079}
{"epoch": 29, "time_epoch": 12.25897, "time_epoch_std": 0.34001, "eta": 900.02554, "eta_std": 30.65632, "eta_hours": 0.25001, "eta_hours_std": 0.00851, "loss": 1.09123, "loss_std": 0.00654, "lr": 0.00081, "lr_std": 0.0, "params": 5327.0, "params_std": 0.0, "time_iter": 0.06521, "time_iter_std": 0.00181, "accuracy": 0.38467, "accuracy_std": 0.02388, "accuracy_max": 0.41467, "f1": 0.29869, "f1_std": 0.06572, "auc": 0.53941, "auc_std": 0.02937}
{"epoch": 30, "time_epoch": 12.27672, "time_epoch_std": 0.34257, "eta": 885.8753, "eta_std": 29.18241, "eta_hours": 0.24608, "eta_hours_std": 0.00811, "loss": 1.09028, "loss_std": 0.01056, "lr": 0.00079, "lr_std": 0.0, "params": 5327.0, "params_std": 0.0, "time_iter": 0.0653, "time_iter_std": 0.00182, "accuracy": 0.38534, "accuracy_std": 0.03297, "accuracy_max": 0.43867, "f1": 0.3067, "f1_std": 0.08118, "auc": 0.54113, "auc_std": 0.04177}
{"epoch": 31, "time_epoch": 12.33386, "time_epoch_std": 0.31165, "eta": 871.9636, "eta_std": 28.02588, "eta_hours": 0.24221, "eta_hours_std": 0.00779, "loss": 1.08991, "loss_std": 0.01034, "lr": 0.00078, "lr_std": 0.0, "params": 5327.0, "params_std": 0.0, "time_iter": 0.06561, "time_iter_std": 0.00166, "accuracy": 0.386, "accuracy_std": 0.02832, "accuracy_max": 0.424, "f1": 0.29965, "f1_std": 0.07478, "auc": 0.54121, "auc_std": 0.03972}
{"epoch": 32, "time_epoch": 12.3214, "time_epoch_std": 0.37079, "eta": 858.12222, "eta_std": 26.80567, "eta_hours": 0.23837, "eta_hours_std": 0.00745, "loss": 1.08954, "loss_std": 0.00874, "lr": 0.00077, "lr_std": 0.0, "params": 5327.0, "params_std": 0.0, "time_iter": 0.06554, "time_iter_std": 0.00197, "accuracy": 0.38933, "accuracy_std": 0.02106, "accuracy_max": 0.41333, "f1": 0.31413, "f1_std": 0.05967, "auc": 0.53965, "auc_std": 0.03802}
{"epoch": 33, "time_epoch": 12.42223, "time_epoch_std": 0.64386, "eta": 844.56598, "eta_std": 25.55352, "eta_hours": 0.2346, "eta_hours_std": 0.0071, "loss": 1.08716, "loss_std": 0.01104, "lr": 0.00075, "lr_std": 0.0, "params": 5327.0, "params_std": 0.0, "time_iter": 0.06608, "time_iter_std": 0.00343, "accuracy": 0.39666, "accuracy_std": 0.03256, "accuracy_max": 0.43467, "f1": 0.32928, "f1_std": 0.08743, "auc": 0.54497, "auc_std": 0.04154}
{"epoch": 34, "time_epoch": 12.30934, "time_epoch_std": 0.40796, "eta": 830.86487, "eta_std": 24.39898, "eta_hours": 0.2308, "eta_hours_std": 0.00678, "loss": 1.08697, "loss_std": 0.00968, "lr": 0.00074, "lr_std": 0.0, "params": 5327.0, "params_std": 0.0, "time_iter": 0.06547, "time_iter_std": 0.00217, "accuracy": 0.39866, "accuracy_std": 0.04058, "accuracy_max": 0.46133, "f1": 0.33471, "f1_std": 0.09062, "auc": 0.55233, "auc_std": 0.03841}
{"epoch": 35, "time_epoch": 12.25903, "time_epoch_std": 0.40069, "eta": 817.15165, "eta_std": 23.34042, "eta_hours": 0.22699, "eta_hours_std": 0.00648, "loss": 1.08922, "loss_std": 0.0054, "lr": 0.00073, "lr_std": 0.0, "params": 5327.0, "params_std": 0.0, "time_iter": 0.0652, "time_iter_std": 0.00213, "accuracy": 0.387, "accuracy_std": 0.01914, "accuracy_max": 0.41333, "f1": 0.31756, "f1_std": 0.07726, "auc": 0.54617, "auc_std": 0.02724}
{"epoch": 36, "time_epoch": 12.1427, "time_epoch_std": 0.16625, "eta": 803.31897, "eta_std": 22.33838, "eta_hours": 0.22314, "eta_hours_std": 0.0062, "loss": 1.09054, "loss_std": 0.00517, "lr": 0.00071, "lr_std": 0.0, "params": 5327.0, "params_std": 0.0, "time_iter": 0.06459, "time_iter_std": 0.00088, "accuracy": 0.381, "accuracy_std": 0.02705, "accuracy_max": 0.40667, "f1": 0.33517, "f1_std": 0.0572, "auc": 0.54441, "auc_std": 0.02497}
{"epoch": 37, "time_epoch": 12.14454, "time_epoch_std": 0.18913, "eta": 789.57824, "eta_std": 21.34748, "eta_hours": 0.21932, "eta_hours_std": 0.00593, "loss": 1.0853, "loss_std": 0.01349, "lr": 0.0007, "lr_std": 0.0, "params": 5327.0, "params_std": 0.0, "time_iter": 0.0646, "time_iter_std": 0.00101, "accuracy": 0.39234, "accuracy_std": 0.0325, "accuracy_max": 0.42133, "f1": 0.34078, "f1_std": 0.05901, "auc": 0.54658, "auc_std": 0.04244}
{"epoch": 38, "time_epoch": 12.1644, "time_epoch_std": 0.18505, "eta": 775.95042, "eta_std": 20.45462, "eta_hours": 0.21554, "eta_hours_std": 0.00568, "loss": 1.0897, "loss_std": 0.00892, "lr": 0.00068, "lr_std": 0.0, "params": 5327.0, "params_std": 0.0, "time_iter": 0.06471, "time_iter_std": 0.00099, "accuracy": 0.38966, "accuracy_std": 0.02916, "accuracy_max": 0.428, "f1": 0.32229, "f1_std": 0.08736, "auc": 0.53687, "auc_std": 0.04308}
{"epoch": 39, "time_epoch": 12.16782, "time_epoch_std": 0.18699, "eta": 762.4009, "eta_std": 19.61788, "eta_hours": 0.21178, "eta_hours_std": 0.00545, "loss": 1.0916, "loss_std": 0.00338, "lr": 0.00067, "lr_std": 0.0, "params": 5327.0, "params_std": 0.0, "time_iter": 0.06472, "time_iter_std": 0.001, "accuracy": 0.37166, "accuracy_std": 0.01097, "accuracy_max": 0.38133, "f1": 0.28979, "f1_std": 0.06623, "auc": 0.53708, "auc_std": 0.02208}
{"epoch": 40, "time_epoch": 12.12346, "time_epoch_std": 0.135, "eta": 748.85494, "eta_std": 18.81099, "eta_hours": 0.20801, "eta_hours_std": 0.00523, "loss": 1.08992, "loss_std": 0.00418, "lr": 0.00065, "lr_std": 0.0, "params": 5327.0, "params_std": 0.0, "time_iter": 0.06448, "time_iter_std": 0.00072, "accuracy": 0.38467, "accuracy_std": 0.0191, "accuracy_max": 0.404, "f1": 0.30366, "f1_std": 0.06352, "auc": 0.54544, "auc_std": 0.0208}
{"epoch": 41, "time_epoch": 12.16975, "time_epoch_std": 0.18255, "eta": 735.44066, "eta_std": 18.04152, "eta_hours": 0.20429, "eta_hours_std": 0.00501, "loss": 1.09215, "loss_std": 0.00715, "lr": 0.00064, "lr_std": 0.0, "params": 5327.0, "params_std": 0.0, "time_iter": 0.06473, "time_iter_std": 0.00097, "accuracy": 0.37966, "accuracy_std": 0.02086, "accuracy_max": 0.40267, "f1": 0.30862, "f1_std": 0.06448, "auc": 0.53161, "auc_std": 0.03519}
{"epoch": 42, "time_epoch": 12.1514, "time_epoch_std": 0.16366, "eta": 722.05993, "eta_std": 17.29951, "eta_hours": 0.20057, "eta_hours_std": 0.0048, "loss": 1.08994, "loss_std": 0.00613, "lr": 0.00062, "lr_std": 0.0, "params": 5327.0, "params_std": 0.0, "time_iter": 0.06464, "time_iter_std": 0.00087, "accuracy": 0.38767, "accuracy_std": 0.02023, "accuracy_max": 0.40933, "f1": 0.31136, "f1_std": 0.07865, "auc": 0.5422, "auc_std": 0.03769}
{"epoch": 43, "time_epoch": 12.14248, "time_epoch_std": 0.14184, "eta": 708.72373, "eta_std": 16.59803, "eta_hours": 0.19687, "eta_hours_std": 0.00461, "loss": 1.09167, "loss_std": 0.00561, "lr": 0.00061, "lr_std": 0.0, "params": 5327.0, "params_std": 0.0, "time_iter": 0.06459, "time_iter_std": 0.00075, "accuracy": 0.38234, "accuracy_std": 0.02367, "accuracy_max": 0.41067, "f1": 0.30645, "f1_std": 0.08053, "auc": 0.54126, "auc_std": 0.0329}
{"epoch": 44, "time_epoch": 12.1518, "time_epoch_std": 0.16209, "eta": 695.45198, "eta_std": 15.93113, "eta_hours": 0.19318, "eta_hours_std": 0.00443, "loss": 1.09237, "loss_std": 0.00801, "lr": 0.00059, "lr_std": 0.0, "params": 5327.0, "params_std": 0.0, "time_iter": 0.06464, "time_iter_std": 0.00086, "accuracy": 0.384, "accuracy_std": 0.03052, "accuracy_max": 0.424, "f1": 0.31749, "f1_std": 0.08229, "auc": 0.53946, "auc_std": 0.03555}
{"epoch": 45, "time_epoch": 12.254, "time_epoch_std": 0.18997, "eta": 682.34888, "eta_std": 15.50733, "eta_hours": 0.18954, "eta_hours_std": 0.00431, "loss": 1.0907, "loss_std": 0.00725, "lr": 0.00058, "lr_std": 0.0, "params": 5327.0, "params_std": 0.0, "time_iter": 0.06518, "time_iter_std": 0.00101, "accuracy": 0.38333, "accuracy_std": 0.02365, "accuracy_max": 0.408, "f1": 0.30534, "f1_std": 0.07017, "auc": 0.54369, "auc_std": 0.03398}
{"epoch": 46, "time_epoch": 12.1804, "time_epoch_std": 0.15827, "eta": 669.19894, "eta_std": 14.95816, "eta_hours": 0.18589, "eta_hours_std": 0.00415, "loss": 1.09111, "loss_std": 0.00964, "lr": 0.00056, "lr_std": 0.0, "params": 5327.0, "params_std": 0.0, "time_iter": 0.06479, "time_iter_std": 0.00084, "accuracy": 0.38033, "accuracy_std": 0.03522, "accuracy_max": 0.424, "f1": 0.3146, "f1_std": 0.0787, "auc": 0.53636, "auc_std": 0.04122}
{"epoch": 47, "time_epoch": 12.18316, "time_epoch_std": 0.13937, "eta": 656.09237, "eta_std": 14.40327, "eta_hours": 0.18225, "eta_hours_std": 0.004, "loss": 1.08771, "loss_std": 0.00826, "lr": 0.00055, "lr_std": 0.0, "params": 5327.0, "params_std": 0.0, "time_iter": 0.0648, "time_iter_std": 0.00074, "accuracy": 0.38667, "accuracy_std": 0.01953, "accuracy_max": 0.40667, "f1": 0.31485, "f1_std": 0.07777, "auc": 0.5503, "auc_std": 0.03476}
{"epoch": 48, "time_epoch": 12.151, "time_epoch_std": 0.10836, "eta": 642.99002, "eta_std": 13.87511, "eta_hours": 0.17861, "eta_hours_std": 0.00385, "loss": 1.09211, "loss_std": 0.00428, "lr": 0.00053, "lr_std": 0.0, "params": 5327.0, "params_std": 0.0, "time_iter": 0.06464, "time_iter_std": 0.00057, "accuracy": 0.385, "accuracy_std": 0.01521, "accuracy_max": 0.40133, "f1": 0.30186, "f1_std": 0.0627, "auc": 0.54313, "auc_std": 0.0233}
{"epoch": 49, "time_epoch": 12.17453, "time_epoch_std": 0.15708, "eta": 629.94925, "eta_std": 13.37375, "eta_hours": 0.17499, "eta_hours_std": 0.00372, "loss": 1.08947, "loss_std": 0.00714, "lr": 0.00052, "lr_std": 0.0, "params": 5327.0, "params_std": 0.0, "time_iter": 0.06476, "time_iter_std": 0.00083, "accuracy": 0.38266, "accuracy_std": 0.02296, "accuracy_max": 0.408, "f1": 0.29378, "f1_std": 0.06831, "auc": 0.54358, "auc_std": 0.03458}
{"epoch": 50, "time_epoch": 12.17221, "time_epoch_std": 0.17713, "eta": 616.94022, "eta_std": 12.88379, "eta_hours": 0.17137, "eta_hours_std": 0.00358, "loss": 1.09146, "loss_std": 0.01212, "lr": 0.0005, "lr_std": 0.0, "params": 5327.0, "params_std": 0.0, "time_iter": 0.06474, "time_iter_std": 0.00094, "accuracy": 0.39066, "accuracy_std": 0.02517, "accuracy_max": 0.41733, "f1": 0.31252, "f1_std": 0.08398, "auc": 0.5399, "auc_std": 0.04522}
{"epoch": 51, "time_epoch": 12.10775, "time_epoch_std": 0.08421, "eta": 603.90389, "eta_std": 12.38354, "eta_hours": 0.16775, "eta_hours_std": 0.00344, "loss": 1.08918, "loss_std": 0.01056, "lr": 0.00048, "lr_std": 0.0, "params": 5327.0, "params_std": 0.0, "time_iter": 0.0644, "time_iter_std": 0.00045, "accuracy": 0.38733, "accuracy_std": 0.0349, "accuracy_max": 0.43733, "f1": 0.30706, "f1_std": 0.08809, "auc": 0.54785, "auc_std": 0.03408}
{"epoch": 52, "time_epoch": 12.13382, "time_epoch_std": 0.12662, "eta": 590.9257, "eta_std": 11.91363, "eta_hours": 0.16415, "eta_hours_std": 0.00331, "loss": 1.08969, "loss_std": 0.00833, "lr": 0.00047, "lr_std": 0.0, "params": 5327.0, "params_std": 0.0, "time_iter": 0.06454, "time_iter_std": 0.00067, "accuracy": 0.38634, "accuracy_std": 0.01512, "accuracy_max": 0.408, "f1": 0.30571, "f1_std": 0.06235, "auc": 0.54411, "auc_std": 0.03567}
{"epoch": 53, "time_epoch": 12.14222, "time_epoch_std": 0.14848, "eta": 577.98595, "eta_std": 11.45959, "eta_hours": 0.16055, "eta_hours_std": 0.00318, "loss": 1.09048, "loss_std": 0.00455, "lr": 0.00045, "lr_std": 0.0, "params": 5327.0, "params_std": 0.0, "time_iter": 0.06458, "time_iter_std": 0.00079, "accuracy": 0.386, "accuracy_std": 0.01596, "accuracy_max": 0.39867, "f1": 0.30326, "f1_std": 0.06489, "auc": 0.54399, "auc_std": 0.02269}
{"epoch": 54, "time_epoch": 12.14396, "time_epoch_std": 0.14278, "eta": 565.07662, "eta_std": 11.01121, "eta_hours": 0.15696, "eta_hours_std": 0.00306, "loss": 1.093, "loss_std": 0.00937, "lr": 0.00044, "lr_std": 0.0, "params": 5327.0, "params_std": 0.0, "time_iter": 0.0646, "time_iter_std": 0.00076, "accuracy": 0.38766, "accuracy_std": 0.02404, "accuracy_max": 0.42133, "f1": 0.32436, "f1_std": 0.08256, "auc": 0.53562, "auc_std": 0.03416}
{"epoch": 55, "time_epoch": 12.15996, "time_epoch_std": 0.14631, "eta": 552.20719, "eta_std": 10.59996, "eta_hours": 0.15339, "eta_hours_std": 0.00295, "loss": 1.08749, "loss_std": 0.01242, "lr": 0.00042, "lr_std": 0.0, "params": 5327.0, "params_std": 0.0, "time_iter": 0.06468, "time_iter_std": 0.00077, "accuracy": 0.38933, "accuracy_std": 0.03065, "accuracy_max": 0.42533, "f1": 0.32082, "f1_std": 0.08415, "auc": 0.54598, "auc_std": 0.03975}
{"epoch": 56, "time_epoch": 12.10114, "time_epoch_std": 0.21468, "eta": 539.31829, "eta_std": 10.24272, "eta_hours": 0.14981, "eta_hours_std": 0.00284, "loss": 1.09113, "loss_std": 0.00663, "lr": 0.00041, "lr_std": 0.0, "params": 5327.0, "params_std": 0.0, "time_iter": 0.06437, "time_iter_std": 0.00114, "accuracy": 0.39167, "accuracy_std": 0.02206, "accuracy_max": 0.41467, "f1": 0.3242, "f1_std": 0.08026, "auc": 0.54432, "auc_std": 0.02521}
{"epoch": 57, "time_epoch": 12.14948, "time_epoch_std": 0.15915, "eta": 526.49155, "eta_std": 9.85065, "eta_hours": 0.14625, "eta_hours_std": 0.00274, "loss": 1.09164, "loss_std": 0.00708, "lr": 0.00039, "lr_std": 0.0, "params": 5327.0, "params_std": 0.0, "time_iter": 0.06462, "time_iter_std": 0.00085, "accuracy": 0.389, "accuracy_std": 0.02253, "accuracy_max": 0.41733, "f1": 0.3198, "f1_std": 0.07893, "auc": 0.54626, "auc_std": 0.02574}
{"epoch": 58, "time_epoch": 12.09556, "time_epoch_std": 0.19866, "eta": 513.65032, "eta_std": 9.50748, "eta_hours": 0.14268, "eta_hours_std": 0.00264, "loss": 1.09026, "loss_std": 0.00629, "lr": 0.00038, "lr_std": 0.0, "params": 5327.0, "params_std": 0.0, "time_iter": 0.06434, "time_iter_std": 0.00106, "accuracy": 0.38467, "accuracy_std": 0.01999, "accuracy_max": 0.412, "f1": 0.31406, "f1_std": 0.05987, "auc": 0.54997, "auc_std": 0.02505}
{"epoch": 59, "time_epoch": 12.15509, "time_epoch_std": 0.15573, "eta": 500.87362, "eta_std": 9.14914, "eta_hours": 0.13913, "eta_hours_std": 0.00254, "loss": 1.08887, "loss_std": 0.00826, "lr": 0.00036, "lr_std": 0.0, "params": 5327.0, "params_std": 0.0, "time_iter": 0.06465, "time_iter_std": 0.00083, "accuracy": 0.39133, "accuracy_std": 0.02138, "accuracy_max": 0.41333, "f1": 0.32558, "f1_std": 0.07854, "auc": 0.55259, "auc_std": 0.02769}
{"epoch": 60, "time_epoch": 12.15541, "time_epoch_std": 0.15536, "eta": 488.1175, "eta_std": 8.79606, "eta_hours": 0.13559, "eta_hours_std": 0.00244, "loss": 1.08609, "loss_std": 0.01055, "lr": 0.00035, "lr_std": 0.0, "params": 5327.0, "params_std": 0.0, "time_iter": 0.06465, "time_iter_std": 0.00083, "accuracy": 0.39433, "accuracy_std": 0.0295, "accuracy_max": 0.428, "f1": 0.32932, "f1_std": 0.08226, "auc": 0.55759, "auc_std": 0.04291}
{"epoch": 61, "time_epoch": 12.14991, "time_epoch_std": 0.15465, "eta": 475.37739, "eta_std": 8.45169, "eta_hours": 0.13205, "eta_hours_std": 0.00235, "loss": 1.0891, "loss_std": 0.00511, "lr": 0.00033, "lr_std": 0.0, "params": 5327.0, "params_std": 0.0, "time_iter": 0.06462, "time_iter_std": 0.00082, "accuracy": 0.38666, "accuracy_std": 0.01771, "accuracy_max": 0.40933, "f1": 0.31922, "f1_std": 0.07678, "auc": 0.55295, "auc_std": 0.03049}
{"epoch": 62, "time_epoch": 12.66026, "time_epoch_std": 0.91786, "eta": 462.95574, "eta_std": 7.96942, "eta_hours": 0.1286, "eta_hours_std": 0.00222, "loss": 1.08921, "loss_std": 0.00844, "lr": 0.00032, "lr_std": 0.0, "params": 5327.0, "params_std": 0.0, "time_iter": 0.06734, "time_iter_std": 0.00488, "accuracy": 0.38533, "accuracy_std": 0.02394, "accuracy_max": 0.416, "f1": 0.3211, "f1_std": 0.06526, "auc": 0.54719, "auc_std": 0.03025}
{"epoch": 63, "time_epoch": 12.10579, "time_epoch_std": 0.09233, "eta": 450.21475, "eta_std": 7.64247, "eta_hours": 0.12506, "eta_hours_std": 0.00212, "loss": 1.08702, "loss_std": 0.0127, "lr": 0.0003, "lr_std": 0.0, "params": 5327.0, "params_std": 0.0, "time_iter": 0.06439, "time_iter_std": 0.00049, "accuracy": 0.40233, "accuracy_std": 0.02834, "accuracy_max": 0.43733, "f1": 0.33378, "f1_std": 0.07417, "auc": 0.55684, "auc_std": 0.0343}
{"epoch": 64, "time_epoch": 12.0616, "time_epoch_std": 0.06115, "eta": 437.46952, "eta_std": 7.31341, "eta_hours": 0.12152, "eta_hours_std": 0.00203, "loss": 1.08966, "loss_std": 0.00773, "lr": 0.00029, "lr_std": 0.0, "params": 5327.0, "params_std": 0.0, "time_iter": 0.06416, "time_iter_std": 0.00032, "accuracy": 0.382, "accuracy_std": 0.02088, "accuracy_max": 0.40533, "f1": 0.31295, "f1_std": 0.07101, "auc": 0.55123, "auc_std": 0.03242}
{"epoch": 65, "time_epoch": 12.0554, "time_epoch_std": 0.06893, "eta": 424.7418, "eta_std": 6.98784, "eta_hours": 0.11798, "eta_hours_std": 0.00194, "loss": 1.0885, "loss_std": 0.01066, "lr": 0.00027, "lr_std": 0.0, "params": 5327.0, "params_std": 0.0, "time_iter": 0.06412, "time_iter_std": 0.00037, "accuracy": 0.39333, "accuracy_std": 0.03372, "accuracy_max": 0.43333, "f1": 0.31718, "f1_std": 0.08537, "auc": 0.54582, "auc_std": 0.03913}
{"epoch": 66, "time_epoch": 12.05238, "time_epoch_std": 0.0794, "eta": 412.03266, "eta_std": 6.66811, "eta_hours": 0.11445, "eta_hours_std": 0.00185, "loss": 1.08531, "loss_std": 0.01219, "lr": 0.00026, "lr_std": 0.0, "params": 5327.0, "params_std": 0.0, "time_iter": 0.06411, "time_iter_std": 0.00042, "accuracy": 0.39567, "accuracy_std": 0.03527, "accuracy_max": 0.44267, "f1": 0.30975, "f1_std": 0.08528, "auc": 0.55729, "auc_std": 0.04392}
{"epoch": 67, "time_epoch": 12.0553, "time_epoch_std": 0.0661, "eta": 399.34422, "eta_std": 6.3657, "eta_hours": 0.11093, "eta_hours_std": 0.00177, "loss": 1.09524, "loss_std": 0.00478, "lr": 0.00025, "lr_std": 0.0, "params": 5327.0, "params_std": 0.0, "time_iter": 0.06412, "time_iter_std": 0.00035, "accuracy": 0.38033, "accuracy_std": 0.01836, "accuracy_max": 0.4, "f1": 0.29906, "f1_std": 0.06741, "auc": 0.53384, "auc_std": 0.0267}
{"epoch": 68, "time_epoch": 12.05419, "time_epoch_std": 0.08289, "eta": 386.67362, "eta_std": 6.06904, "eta_hours": 0.10741, "eta_hours_std": 0.00169, "loss": 1.09152, "loss_std": 0.00776, "lr": 0.00023, "lr_std": 0.0, "params": 5327.0, "params_std": 0.0, "time_iter": 0.06412, "time_iter_std": 0.00044, "accuracy": 0.383, "accuracy_std": 0.02369, "accuracy_max": 0.408, "f1": 0.29994, "f1_std": 0.07072, "auc": 0.54475, "auc_std": 0.0304}
{"epoch": 69, "time_epoch": 12.06965, "time_epoch_std": 0.0673, "eta": 374.02727, "eta_std": 5.78104, "eta_hours": 0.1039, "eta_hours_std": 0.00161, "loss": 1.09071, "loss_std": 0.00769, "lr": 0.00022, "lr_std": 0.0, "params": 5327.0, "params_std": 0.0, "time_iter": 0.0642, "time_iter_std": 0.00036, "accuracy": 0.38, "accuracy_std": 0.02185, "accuracy_max": 0.41067, "f1": 0.29794, "f1_std": 0.06366, "auc": 0.54325, "auc_std": 0.03046}
{"epoch": 70, "time_epoch": 12.05827, "time_epoch_std": 0.07541, "eta": 361.39252, "eta_std": 5.50385, "eta_hours": 0.10039, "eta_hours_std": 0.00153, "loss": 1.08686, "loss_std": 0.00729, "lr": 0.00021, "lr_std": 0.0, "params": 5327.0, "params_std": 0.0, "time_iter": 0.06414, "time_iter_std": 0.0004, "accuracy": 0.38633, "accuracy_std": 0.0223, "accuracy_max": 0.412, "f1": 0.30613, "f1_std": 0.07112, "auc": 0.55594, "auc_std": 0.03259}
{"epoch": 71, "time_epoch": 12.00328, "time_epoch_std": 0.15216, "eta": 348.75238, "eta_std": 5.20481, "eta_hours": 0.09688, "eta_hours_std": 0.00145, "loss": 1.08838, "loss_std": 0.00587, "lr": 0.00019, "lr_std": 0.0, "params": 5327.0, "params_std": 0.0, "time_iter": 0.06385, "time_iter_std": 0.00081, "accuracy": 0.386, "accuracy_std": 0.01815, "accuracy_max": 0.412, "f1": 0.30362, "f1_std": 0.06518, "auc": 0.54995, "auc_std": 0.03413}
{"epoch": 72, "time_epoch": 12.04977, "time_epoch_std": 0.08141, "eta": 336.1469, "eta_std": 4.9441, "eta_hours": 0.09337, "eta_hours_std": 0.00137, "loss": 1.08826, "loss_std": 0.00752, "lr": 0.00018, "lr_std": 0.0, "params": 5327.0, "params_std": 0.0, "time_iter": 0.0641, "time_iter_std": 0.00043, "accuracy": 0.39066, "accuracy_std": 0.02681, "accuracy_max": 0.42133, "f1": 0.31909, "f1_std": 0.07384, "auc": 0.55189, "auc_std": 0.02607}
{"epoch": 73, "time_epoch": 12.05996, "time_epoch_std": 0.07911, "eta": 323.56001, "eta_std": 4.68989, "eta_hours": 0.08988, "eta_hours_std": 0.00131, "loss": 1.0866, "loss_std": 0.01011, "lr": 0.00017, "lr_std": 0.0, "params": 5327.0, "params_std": 0.0, "time_iter": 0.06415, "time_iter_std": 0.00042, "accuracy": 0.391, "accuracy_std": 0.02341, "accuracy_max": 0.41867, "f1": 0.31587, "f1_std": 0.07495, "auc": 0.55473, "auc_std": 0.03161}
{"epoch": 74, "time_epoch": 12.05816, "time_epoch_std": 0.07818, "eta": 310.98658, "eta_std": 4.44533, "eta_hours": 0.08638, "eta_hours_std": 0.00124, "loss": 1.08687, "loss_std": 0.00842, "lr": 0.00016, "lr_std": 0.0, "params": 5327.0, "params_std": 0.0, "time_iter": 0.06414, "time_iter_std": 0.00042, "accuracy": 0.4, "accuracy_std": 0.02604, "accuracy_max": 0.424, "f1": 0.33569, "f1_std": 0.08738, "auc": 0.55366, "auc_std": 0.03646}
{"epoch": 75, "time_epoch": 12.06675, "time_epoch_std": 0.05089, "eta": 298.42942, "eta_std": 4.20983, "eta_hours": 0.0829, "eta_hours_std": 0.00117, "loss": 1.09006, "loss_std": 0.00662, "lr": 0.00015, "lr_std": 0.0, "params": 5327.0, "params_std": 0.0, "time_iter": 0.06418, "time_iter_std": 0.00027, "accuracy": 0.389, "accuracy_std": 0.02439, "accuracy_max": 0.41467, "f1": 0.32234, "f1_std": 0.08275, "auc": 0.54688, "auc_std": 0.03107}
{"epoch": 76, "time_epoch": 12.04247, "time_epoch_std": 0.08757, "eta": 285.87774, "eta_std": 3.97356, "eta_hours": 0.07941, "eta_hours_std": 0.0011, "loss": 1.09096, "loss_std": 0.00596, "lr": 0.00014, "lr_std": 0.0, "params": 5327.0, "params_std": 0.0, "time_iter": 0.06406, "time_iter_std": 0.00046, "accuracy": 0.392, "accuracy_std": 0.0216, "accuracy_max": 0.41067, "f1": 0.32336, "f1_std": 0.08539, "auc": 0.54749, "auc_std": 0.02746}
{"epoch": 77, "time_epoch": 12.3777, "time_epoch_std": 0.6737, "eta": 273.43368, "eta_std": 3.72137, "eta_hours": 0.07595, "eta_hours_std": 0.00103, "loss": 1.08517, "loss_std": 0.00871, "lr": 0.00012, "lr_std": 0.0, "params": 5327.0, "params_std": 0.0, "time_iter": 0.06584, "time_iter_std": 0.00358, "accuracy": 0.409, "accuracy_std": 0.03485, "accuracy_max": 0.452, "f1": 0.34346, "f1_std": 0.09322, "auc": 0.5576, "auc_std": 0.03653}
{"epoch": 78, "time_epoch": 12.04782, "time_epoch_std": 0.09551, "eta": 260.9036, "eta_std": 3.50411, "eta_hours": 0.07247, "eta_hours_std": 0.00097, "loss": 1.08253, "loss_std": 0.01135, "lr": 0.00011, "lr_std": 0.0, "params": 5327.0, "params_std": 0.0, "time_iter": 0.06408, "time_iter_std": 0.00051, "accuracy": 0.39267, "accuracy_std": 0.03156, "accuracy_max": 0.43867, "f1": 0.32699, "f1_std": 0.08316, "auc": 0.57035, "auc_std": 0.0357}
{"epoch": 79, "time_epoch": 12.05124, "time_epoch_std": 0.08152, "eta": 248.38643, "eta_std": 3.2907, "eta_hours": 0.069, "eta_hours_std": 0.00092, "loss": 1.0836, "loss_std": 0.01098, "lr": 0.0001, "lr_std": 0.0, "params": 5327.0, "params_std": 0.0, "time_iter": 0.06411, "time_iter_std": 0.00043, "accuracy": 0.403, "accuracy_std": 0.02575, "accuracy_max": 0.43333, "f1": 0.33814, "f1_std": 0.0845, "auc": 0.56713, "auc_std": 0.03014}
{"epoch": 80, "time_epoch": 12.05095, "time_epoch_std": 0.08747, "eta": 235.8807, "eta_std": 3.08338, "eta_hours": 0.06552, "eta_hours_std": 0.00086, "loss": 1.08743, "loss_std": 0.01028, "lr": 0.0001, "lr_std": 0.0, "params": 5327.0, "params_std": 0.0, "time_iter": 0.0641, "time_iter_std": 0.00047, "accuracy": 0.39766, "accuracy_std": 0.02976, "accuracy_max": 0.42133, "f1": 0.33248, "f1_std": 0.08647, "auc": 0.55499, "auc_std": 0.0352}
{"epoch": 81, "time_epoch": 12.09134, "time_epoch_std": 0.08228, "eta": 223.39493, "eta_std": 2.88546, "eta_hours": 0.06205, "eta_hours_std": 0.0008, "loss": 1.08568, "loss_std": 0.0089, "lr": 9e-05, "lr_std": 0.0, "params": 5327.0, "params_std": 0.0, "time_iter": 0.06432, "time_iter_std": 0.00044, "accuracy": 0.39433, "accuracy_std": 0.02378, "accuracy_max": 0.42133, "f1": 0.33126, "f1_std": 0.08179, "auc": 0.5558, "auc_std": 0.03664}
{"epoch": 82, "time_epoch": 12.03774, "time_epoch_std": 0.08295, "eta": 210.90768, "eta_std": 2.68876, "eta_hours": 0.05858, "eta_hours_std": 0.00075, "loss": 1.08606, "loss_std": 0.01355, "lr": 8e-05, "lr_std": 0.0, "params": 5327.0, "params_std": 0.0, "time_iter": 0.06403, "time_iter_std": 0.00044, "accuracy": 0.39634, "accuracy_std": 0.02976, "accuracy_max": 0.42933, "f1": 0.32996, "f1_std": 0.08285, "auc": 0.55712, "auc_std": 0.03008}
{"epoch": 83, "time_epoch": 12.0632, "time_epoch_std": 0.07974, "eta": 198.43599, "eta_std": 2.49915, "eta_hours": 0.05512, "eta_hours_std": 0.0007, "loss": 1.08676, "loss_std": 0.00866, "lr": 7e-05, "lr_std": 0.0, "params": 5327.0, "params_std": 0.0, "time_iter": 0.06416, "time_iter_std": 0.00042, "accuracy": 0.404, "accuracy_std": 0.01876, "accuracy_max": 0.42, "f1": 0.33905, "f1_std": 0.07648, "auc": 0.56073, "auc_std": 0.03093}
{"epoch": 84, "time_epoch": 12.05041, "time_epoch_std": 0.07247, "eta": 185.97165, "eta_std": 2.31491, "eta_hours": 0.05166, "eta_hours_std": 0.00064, "loss": 1.08922, "loss_std": 0.00655, "lr": 6e-05, "lr_std": 0.0, "params": 5327.0, "params_std": 0.0, "time_iter": 0.0641, "time_iter_std": 0.00038, "accuracy": 0.39433, "accuracy_std": 0.02075, "accuracy_max": 0.41333, "f1": 0.33077, "f1_std": 0.07918, "auc": 0.55412, "auc_std": 0.02826}
{"epoch": 85, "time_epoch": 12.06371, "time_epoch_std": 0.08865, "eta": 173.51911, "eta_std": 2.13148, "eta_hours": 0.0482, "eta_hours_std": 0.0006, "loss": 1.08546, "loss_std": 0.01286, "lr": 5e-05, "lr_std": 0.0, "params": 5327.0, "params_std": 0.0, "time_iter": 0.06417, "time_iter_std": 0.00047, "accuracy": 0.386, "accuracy_std": 0.02689, "accuracy_max": 0.42133, "f1": 0.3206, "f1_std": 0.07325, "auc": 0.5553, "auc_std": 0.04241}
{"epoch": 86, "time_epoch": 12.04126, "time_epoch_std": 0.08157, "eta": 161.07214, "eta_std": 1.95378, "eta_hours": 0.04474, "eta_hours_std": 0.00054, "loss": 1.08457, "loss_std": 0.01236, "lr": 5e-05, "lr_std": 0.0, "params": 5327.0, "params_std": 0.0, "time_iter": 0.06405, "time_iter_std": 0.00043, "accuracy": 0.39467, "accuracy_std": 0.03039, "accuracy_max": 0.43733, "f1": 0.33042, "f1_std": 0.07869, "auc": 0.56849, "auc_std": 0.0333}
{"epoch": 87, "time_epoch": 12.04607, "time_epoch_std": 0.08544, "eta": 148.63506, "eta_std": 1.78009, "eta_hours": 0.04129, "eta_hours_std": 0.00049, "loss": 1.0894, "loss_std": 0.0129, "lr": 4e-05, "lr_std": 0.0, "params": 5327.0, "params_std": 0.0, "time_iter": 0.06408, "time_iter_std": 0.00045, "accuracy": 0.39167, "accuracy_std": 0.02304, "accuracy_max": 0.41467, "f1": 0.32632, "f1_std": 0.08129, "auc": 0.55521, "auc_std": 0.03341}
{"epoch": 88, "time_epoch": 12.04139, "time_epoch_std": 0.07884, "eta": 136.20618, "eta_std": 1.61224, "eta_hours": 0.03784, "eta_hours_std": 0.00045, "loss": 1.08601, "loss_std": 0.01274, "lr": 4e-05, "lr_std": 0.0, "params": 5327.0, "params_std": 0.0, "time_iter": 0.06405, "time_iter_std": 0.00042, "accuracy": 0.39367, "accuracy_std": 0.02759, "accuracy_max": 0.42667, "f1": 0.33225, "f1_std": 0.07505, "auc": 0.56218, "auc_std": 0.03078}
{"epoch": 89, "time_epoch": 12.04268, "time_epoch_std": 0.08485, "eta": 123.78605, "eta_std": 1.44801, "eta_hours": 0.03438, "eta_hours_std": 0.0004, "loss": 1.08523, "loss_std": 0.01337, "lr": 3e-05, "lr_std": 0.0, "params": 5327.0, "params_std": 0.0, "time_iter": 0.06406, "time_iter_std": 0.00045, "accuracy": 0.40434, "accuracy_std": 0.02331, "accuracy_max": 0.432, "f1": 0.33912, "f1_std": 0.07511, "auc": 0.55772, "auc_std": 0.03171}
{"epoch": 90, "time_epoch": 12.03353, "time_epoch_std": 0.07985, "eta": 111.37332, "eta_std": 1.28723, "eta_hours": 0.03094, "eta_hours_std": 0.00036, "loss": 1.08829, "loss_std": 0.0079, "lr": 2e-05, "lr_std": 0.0, "params": 5327.0, "params_std": 0.0, "time_iter": 0.06401, "time_iter_std": 0.00043, "accuracy": 0.39333, "accuracy_std": 0.02734, "accuracy_max": 0.41867, "f1": 0.32954, "f1_std": 0.0792, "auc": 0.55452, "auc_std": 0.02999}
{"epoch": 91, "time_epoch": 12.07447, "time_epoch_std": 0.06536, "eta": 98.97239, "eta_std": 1.1294, "eta_hours": 0.02749, "eta_hours_std": 0.00031, "loss": 1.088, "loss_std": 0.009, "lr": 2e-05, "lr_std": 0.0, "params": 5327.0, "params_std": 0.0, "time_iter": 0.06422, "time_iter_std": 0.00035, "accuracy": 0.39533, "accuracy_std": 0.02382, "accuracy_max": 0.41733, "f1": 0.33033, "f1_std": 0.08234, "auc": 0.5593, "auc_std": 0.0262}
{"epoch": 92, "time_epoch": 12.06758, "time_epoch_std": 0.12558, "eta": 86.57796, "eta_std": 0.97618, "eta_hours": 0.02405, "eta_hours_std": 0.00027, "loss": 1.08676, "loss_std": 0.00829, "lr": 2e-05, "lr_std": 0.0, "params": 5327.0, "params_std": 0.0, "time_iter": 0.06419, "time_iter_std": 0.00067, "accuracy": 0.4, "accuracy_std": 0.03549, "accuracy_max": 0.436, "f1": 0.33495, "f1_std": 0.09644, "auc": 0.55734, "auc_std": 0.03342}
{"epoch": 93, "time_epoch": 12.25893, "time_epoch_std": 0.41685, "eta": 74.2027, "eta_std": 0.82583, "eta_hours": 0.02061, "eta_hours_std": 0.00023, "loss": 1.08557, "loss_std": 0.01228, "lr": 1e-05, "lr_std": 0.0, "params": 5327.0, "params_std": 0.0, "time_iter": 0.06521, "time_iter_std": 0.00222, "accuracy": 0.402, "accuracy_std": 0.02842, "accuracy_max": 0.432, "f1": 0.3361, "f1_std": 0.08545, "auc": 0.55968, "auc_std": 0.02995}
{"epoch": 94, "time_epoch": 11.75572, "time_epoch_std": 0.39561, "eta": 61.80341, "eta_std": 0.68086, "eta_hours": 0.01717, "eta_hours_std": 0.00019, "loss": 1.08907, "loss_std": 0.01099, "lr": 1e-05, "lr_std": 0.0, "params": 5327.0, "params_std": 0.0, "time_iter": 0.06253, "time_iter_std": 0.0021, "accuracy": 0.396, "accuracy_std": 0.02482, "accuracy_max": 0.41333, "f1": 0.33157, "f1_std": 0.08257, "auc": 0.55414, "auc_std": 0.03422}
{"epoch": 95, "time_epoch": 11.85316, "time_epoch_std": 0.46976, "eta": 49.42158, "eta_std": 0.54376, "eta_hours": 0.01373, "eta_hours_std": 0.00015, "loss": 1.08738, "loss_std": 0.012, "lr": 1e-05, "lr_std": 0.0, "params": 5327.0, "params_std": 0.0, "time_iter": 0.06305, "time_iter_std": 0.0025, "accuracy": 0.39666, "accuracy_std": 0.02609, "accuracy_max": 0.424, "f1": 0.32984, "f1_std": 0.07943, "auc": 0.5537, "auc_std": 0.03059}
{"epoch": 96, "time_epoch": 11.86401, "time_epoch_std": 0.48578, "eta": 37.05098, "eta_std": 0.40789, "eta_hours": 0.01029, "eta_hours_std": 0.00011, "loss": 1.08473, "loss_std": 0.00885, "lr": 0.0, "lr_std": 0.0, "params": 5327.0, "params_std": 0.0, "time_iter": 0.0631, "time_iter_std": 0.00258, "accuracy": 0.39733, "accuracy_std": 0.03026, "accuracy_max": 0.42, "f1": 0.33429, "f1_std": 0.08862, "auc": 0.56205, "auc_std": 0.02929}
{"epoch": 97, "time_epoch": 11.85477, "time_epoch_std": 0.48208, "eta": 24.69054, "eta_std": 0.27229, "eta_hours": 0.00686, "eta_hours_std": 7e-05, "loss": 1.08455, "loss_std": 0.01058, "lr": 0.0, "lr_std": 0.0, "params": 5327.0, "params_std": 0.0, "time_iter": 0.06306, "time_iter_std": 0.00256, "accuracy": 0.39167, "accuracy_std": 0.02635, "accuracy_max": 0.42533, "f1": 0.32528, "f1_std": 0.07484, "auc": 0.567, "auc_std": 0.02829}
{"epoch": 98, "time_epoch": 11.84918, "time_epoch_std": 0.46971, "eta": 12.34026, "eta_std": 0.13629, "eta_hours": 0.00343, "eta_hours_std": 4e-05, "loss": 1.083, "loss_std": 0.01025, "lr": 0.0, "lr_std": 0.0, "params": 5327.0, "params_std": 0.0, "time_iter": 0.06302, "time_iter_std": 0.0025, "accuracy": 0.40333, "accuracy_std": 0.02539, "accuracy_max": 0.432, "f1": 0.33863, "f1_std": 0.08182, "auc": 0.56103, "auc_std": 0.0418}
{"epoch": 99, "time_epoch": 11.81397, "time_epoch_std": 0.46363, "eta": 0.0, "eta_std": 0.0, "eta_hours": 0.0, "eta_hours_std": 0.0, "loss": 1.08383, "loss_std": 0.01123, "lr": 0.0, "lr_std": 0.0, "params": 5327.0, "params_std": 0.0, "time_iter": 0.06284, "time_iter_std": 0.00247, "accuracy": 0.39733, "accuracy_std": 0.02766, "accuracy_max": 0.42533, "f1": 0.33536, "f1_std": 0.08209, "auc": 0.56658, "auc_std": 0.02998}
