{"epoch": 0, "time_epoch": 24.9216, "time_epoch_std": 2.71804, "eta": 2467.23807, "eta_std": 269.08551, "eta_hours": 0.68534, "eta_hours_std": 0.07474, "loss": 0.70105, "loss_std": 0.00722, "lr": 0.001, "lr_std": 0.0, "params": 3845.0, "params_std": 0.0, "time_iter": 2.49216, "time_iter_std": 0.2718, "accuracy": 0.5, "accuracy_std": 0.02, "accuracy_max": 0.52, "precision": 0.26, "precision_std": 0.26, "recall": 0.5, "recall_std": 0.5, "f1": 0.3421, "f1_std": 0.3421, "auc": 0.46065, "auc_std": 0.03712}
