{"epoch": 0, "time_epoch": 24.9216, "time_epoch_std": 2.71804, "eta": 2467.23807, "eta_std": 269.08551, "eta_hours": 0.68534, "eta_hours_std": 0.07474, "loss": 0.70105, "loss_std": 0.00722, "lr": 0.001, "lr_std": 0.0, "params": 3845.0, "params_std": 0.0, "time_iter": 2.49216, "time_iter_std": 0.2718, "accuracy": 0.5, "accuracy_std": 0.02, "accuracy_max": 0.52, "precision": 0.26, "precision_std": 0.26, "recall": 0.5, "recall_std": 0.5, "f1": 0.3421, "f1_std": 0.3421, "auc": 0.46065, "auc_std": 0.03712}
{"epoch": 1, "time_epoch": 24.48071, "time_epoch_std": 2.76641, "eta": 2420.71297, "eta_std": 268.19067, "eta_hours": 0.67242, "eta_hours_std": 0.0745, "loss": 0.69682, "loss_std": 0.00337, "lr": 0.001, "lr_std": 0.0, "params": 3845.0, "params_std": 0.0, "time_iter": 2.44807, "time_iter_std": 0.27664, "accuracy": 0.5, "accuracy_std": 0.02, "accuracy_max": 0.52, "precision": 0.26, "precision_std": 0.26, "recall": 0.5, "recall_std": 0.5, "f1": 0.3421, "f1_std": 0.3421, "auc": 0.49181, "auc_std": 0.04987}
{"epoch": 2, "time_epoch": 24.22762, "time_epoch_std": 3.05935, "eta": 2380.70102, "eta_std": 272.8301, "eta_hours": 0.6613, "eta_hours_std": 0.07579, "loss": 0.69485, "loss_std": 0.00186, "lr": 0.001, "lr_std": 0.0, "params": 3845.0, "params_std": 0.0, "time_iter": 2.42276, "time_iter_std": 0.30594, "accuracy": 0.5, "accuracy_std": 0.02, "accuracy_max": 0.52, "precision": 0.26, "precision_std": 0.26, "recall": 0.5, "recall_std": 0.5, "f1": 0.3421, "f1_std": 0.3421, "auc": 0.51035, "auc_std": 0.03783}
{"epoch": 3, "time_epoch": 24.61345, "time_epoch_std": 2.98162, "eta": 2357.84098, "eta_std": 273.46044, "eta_hours": 0.65495, "eta_hours_std": 0.07596, "loss": 0.69364, "loss_std": 0.00078, "lr": 0.001, "lr_std": 0.0, "params": 3845.0, "params_std": 0.0, "time_iter": 2.46134, "time_iter_std": 0.29816, "accuracy": 0.5, "accuracy_std": 0.02, "accuracy_max": 0.52, "precision": 0.26, "precision_std": 0.26, "recall": 0.5, "recall_std": 0.5, "f1": 0.3421, "f1_std": 0.3421, "auc": 0.5039, "auc_std": 0.03665}
{"epoch": 4, "time_epoch": 24.20513, "time_epoch_std": 2.92879, "eta": 2326.52155, "eta_std": 271.3797, "eta_hours": 0.64625, "eta_hours_std": 0.07538, "loss": 0.69336, "loss_std": 0.00058, "lr": 0.001, "lr_std": 0.0, "params": 3845.0, "params_std": 0.0, "time_iter": 2.42052, "time_iter_std": 0.29288, "accuracy": 0.49, "accuracy_std": 0.03317, "accuracy_max": 0.52, "precision": 0.37864, "precision_std": 0.2194, "recall": 0.67949, "recall_std": 0.40885, "f1": 0.48496, "f1_std": 0.28375, "auc": 0.4617, "auc_std": 0.0239}
{"epoch": 5, "time_epoch": 25.40063, "time_epoch_std": 3.30096, "eta": 2316.30306, "eta_std": 271.63723, "eta_hours": 0.64342, "eta_hours_std": 0.07545, "loss": 0.69301, "loss_std": 0.00017, "lr": 0.00099, "lr_std": 0.0, "params": 3845.0, "params_std": 0.0, "time_iter": 2.54006, "time_iter_std": 0.3301, "accuracy": 0.51167, "accuracy_std": 0.01443, "accuracy_max": 0.52, "precision": 0.51605, "precision_std": 0.00684, "recall": 0.94231, "recall_std": 0.09993, "f1": 0.66544, "f1_std": 0.03251, "auc": 0.46338, "auc_std": 0.0424}
{"epoch": 6, "time_epoch": 24.54045, "time_epoch_std": 2.65593, "eta": 2290.31874, "eta_std": 263.69182, "eta_hours": 0.6362, "eta_hours_std": 0.07325, "loss": 0.69265, "loss_std": 0.00019, "lr": 0.00099, "lr_std": 0.0, "params": 3845.0, "params_std": 0.0, "time_iter": 2.45404, "time_iter_std": 0.26559, "accuracy": 0.52, "accuracy_std": 0.0, "accuracy_max": 0.52, "precision": 0.52, "precision_std": 0.0, "recall": 1.0, "recall_std": 0.0, "f1": 0.68421, "f1_std": 0.0, "auc": 0.47503, "auc_std": 0.03865}
{"epoch": 7, "time_epoch": 24.73396, "time_epoch_std": 2.63154, "eta": 2266.92072, "eta_std": 257.82988, "eta_hours": 0.6297, "eta_hours_std": 0.07162, "loss": 0.69244, "loss_std": 0.00021, "lr": 0.00099, "lr_std": 0.0, "params": 3845.0, "params_std": 0.0, "time_iter": 2.4734, "time_iter_std": 0.26316, "accuracy": 0.52, "accuracy_std": 0.0, "accuracy_max": 0.52, "precision": 0.52, "precision_std": 0.0, "recall": 1.0, "recall_std": 0.0, "f1": 0.68421, "f1_std": 0.0, "auc": 0.50396, "auc_std": 0.04221}
{"epoch": 8, "time_epoch": 25.49745, "time_epoch_std": 3.47093, "eta": 2250.94556, "eta_std": 247.18293, "eta_hours": 0.62526, "eta_hours_std": 0.06866, "loss": 0.69255, "loss_std": 6e-05, "lr": 0.00098, "lr_std": 0.0, "params": 3845.0, "params_std": 0.0, "time_iter": 2.54975, "time_iter_std": 0.34709, "accuracy": 0.52, "accuracy_std": 0.0, "accuracy_max": 0.52, "precision": 0.52, "precision_std": 0.0, "recall": 1.0, "recall_std": 0.0, "f1": 0.68421, "f1_std": 0.0, "auc": 0.46332, "auc_std": 0.032}
{"epoch": 9, "time_epoch": 24.39638, "time_epoch_std": 2.77966, "eta": 2223.15635, "eta_std": 244.16273, "eta_hours": 0.61754, "eta_hours_std": 0.06782, "loss": 0.69258, "loss_std": 7e-05, "lr": 0.00098, "lr_std": 0.0, "params": 3845.0, "params_std": 0.0, "time_iter": 2.43964, "time_iter_std": 0.27797, "accuracy": 0.52, "accuracy_std": 0.0, "accuracy_max": 0.52, "precision": 0.52, "precision_std": 0.0, "recall": 1.0, "recall_std": 0.0, "f1": 0.68421, "f1_std": 0.0, "auc": 0.42996, "auc_std": 0.04007}
{"epoch": 10, "time_epoch": 24.21524, "time_epoch_std": 2.95964, "eta": 2194.51837, "eta_std": 241.68318, "eta_hours": 0.60959, "eta_hours_std": 0.06713, "loss": 0.69263, "loss_std": 0.0002, "lr": 0.00098, "lr_std": 0.0, "params": 3845.0, "params_std": 0.0, "time_iter": 2.42152, "time_iter_std": 0.29596, "accuracy": 0.52, "accuracy_std": 0.0, "accuracy_max": 0.52, "precision": 0.52, "precision_std": 0.0, "recall": 1.0, "recall_std": 0.0, "f1": 0.68421, "f1_std": 0.0, "auc": 0.44522, "auc_std": 0.02974}
{"epoch": 11, "time_epoch": 23.62543, "time_epoch_std": 2.89662, "eta": 2162.29228, "eta_std": 239.035, "eta_hours": 0.60064, "eta_hours_std": 0.0664, "loss": 0.6925, "loss_std": 6e-05, "lr": 0.00097, "lr_std": 0.0, "params": 3845.0, "params_std": 0.0, "time_iter": 2.36254, "time_iter_std": 0.28966, "accuracy": 0.52, "accuracy_std": 0.0, "accuracy_max": 0.52, "precision": 0.52, "precision_std": 0.0, "recall": 1.0, "recall_std": 0.0, "f1": 0.68421, "f1_std": 0.0, "auc": 0.44576, "auc_std": 0.04344}
{"epoch": 12, "time_epoch": 24.59341, "time_epoch_std": 3.0844, "eta": 2137.86739, "eta_std": 236.30467, "eta_hours": 0.59385, "eta_hours_std": 0.06564, "loss": 0.69255, "loss_std": 9e-05, "lr": 0.00096, "lr_std": 0.0, "params": 3845.0, "params_std": 0.0, "time_iter": 2.45934, "time_iter_std": 0.30844, "accuracy": 0.52, "accuracy_std": 0.0, "accuracy_max": 0.52, "precision": 0.52, "precision_std": 0.0, "recall": 1.0, "recall_std": 0.0, "f1": 0.68421, "f1_std": 0.0, "auc": 0.39463, "auc_std": 0.05941}
{"epoch": 13, "time_epoch": 23.36162, "time_epoch_std": 3.19309, "eta": 2105.8517, "eta_std": 235.0911, "eta_hours": 0.58496, "eta_hours_std": 0.0653, "loss": 0.69256, "loss_std": 6e-05, "lr": 0.00096, "lr_std": 0.0, "params": 3845.0, "params_std": 0.0, "time_iter": 2.33616, "time_iter_std": 0.31931, "accuracy": 0.52, "accuracy_std": 0.0, "accuracy_max": 0.52, "precision": 0.52, "precision_std": 0.0, "recall": 1.0, "recall_std": 0.0, "f1": 0.68421, "f1_std": 0.0, "auc": 0.44442, "auc_std": 0.01995}
{"epoch": 14, "time_epoch": 26.31529, "time_epoch_std": 3.97874, "eta": 2091.72737, "eta_std": 229.95464, "eta_hours": 0.58104, "eta_hours_std": 0.06388, "loss": 0.69241, "loss_std": 7e-05, "lr": 0.00095, "lr_std": 0.0, "params": 3845.0, "params_std": 0.0, "time_iter": 2.63153, "time_iter_std": 0.39787, "accuracy": 0.52, "accuracy_std": 0.0, "accuracy_max": 0.52, "precision": 0.52, "precision_std": 0.0, "recall": 1.0, "recall_std": 0.0, "f1": 0.68421, "f1_std": 0.0, "auc": 0.4836, "auc_std": 0.03969}
{"epoch": 15, "time_epoch": 25.13076, "time_epoch_std": 3.20346, "eta": 2069.86035, "eta_std": 226.99726, "eta_hours": 0.57496, "eta_hours_std": 0.06306, "loss": 0.69245, "loss_std": 5e-05, "lr": 0.00095, "lr_std": 0.0, "params": 3845.0, "params_std": 0.0, "time_iter": 2.51308, "time_iter_std": 0.32034, "accuracy": 0.52, "accuracy_std": 0.0, "accuracy_max": 0.52, "precision": 0.52, "precision_std": 0.0, "recall": 1.0, "recall_std": 0.0, "f1": 0.68421, "f1_std": 0.0, "auc": 0.43761, "auc_std": 0.02025}
{"epoch": 16, "time_epoch": 24.89278, "time_epoch_std": 3.4425, "eta": 2046.44749, "eta_std": 227.25196, "eta_hours": 0.56846, "eta_hours_std": 0.06313, "loss": 0.69246, "loss_std": 8e-05, "lr": 0.00094, "lr_std": 0.0, "params": 3845.0, "params_std": 0.0, "time_iter": 2.48928, "time_iter_std": 0.34425, "accuracy": 0.52, "accuracy_std": 0.0, "accuracy_max": 0.52, "precision": 0.52, "precision_std": 0.0, "recall": 1.0, "recall_std": 0.0, "f1": 0.68421, "f1_std": 0.0, "auc": 0.44745, "auc_std": 0.02462}
{"epoch": 17, "time_epoch": 25.90404, "time_epoch_std": 2.96378, "eta": 2027.47704, "eta_std": 224.4015, "eta_hours": 0.56319, "eta_hours_std": 0.06233, "loss": 0.69245, "loss_std": 3e-05, "lr": 0.00093, "lr_std": 0.0, "params": 3845.0, "params_std": 0.0, "time_iter": 2.5904, "time_iter_std": 0.29638, "accuracy": 0.52, "accuracy_std": 0.0, "accuracy_max": 0.52, "precision": 0.52, "precision_std": 0.0, "recall": 1.0, "recall_std": 0.0, "f1": 0.68421, "f1_std": 0.0, "auc": 0.45646, "auc_std": 0.02458}
{"epoch": 18, "time_epoch": 24.09531, "time_epoch_std": 2.92771, "eta": 2000.06585, "eta_std": 221.43097, "eta_hours": 0.55558, "eta_hours_std": 0.06151, "loss": 0.69236, "loss_std": 5e-05, "lr": 0.00092, "lr_std": 0.0, "params": 3845.0, "params_std": 0.0, "time_iter": 2.40953, "time_iter_std": 0.29277, "accuracy": 0.52, "accuracy_std": 0.0, "accuracy_max": 0.52, "precision": 0.52, "precision_std": 0.0, "recall": 1.0, "recall_std": 0.0, "f1": 0.68421, "f1_std": 0.0, "auc": 0.4785, "auc_std": 0.04113}
{"epoch": 19, "time_epoch": 24.24658, "time_epoch_std": 2.68095, "eta": 1973.59131, "eta_std": 217.88142, "eta_hours": 0.54822, "eta_hours_std": 0.06052, "loss": 0.69248, "loss_std": 8e-05, "lr": 0.00091, "lr_std": 0.0, "params": 3845.0, "params_std": 0.0, "time_iter": 2.42466, "time_iter_std": 0.26809, "accuracy": 0.52, "accuracy_std": 0.0, "accuracy_max": 0.52, "precision": 0.52, "precision_std": 0.0, "recall": 1.0, "recall_std": 0.0, "f1": 0.68421, "f1_std": 0.0, "auc": 0.42849, "auc_std": 0.04246}
{"epoch": 20, "time_epoch": 25.52173, "time_epoch_std": 4.47387, "eta": 1952.12596, "eta_std": 221.26045, "eta_hours": 0.54226, "eta_hours_std": 0.06146, "loss": 0.69244, "loss_std": 8e-05, "lr": 0.0009, "lr_std": 0.0, "params": 3845.0, "params_std": 0.0, "time_iter": 2.55217, "time_iter_std": 0.44739, "accuracy": 0.52, "accuracy_std": 0.0, "accuracy_max": 0.52, "precision": 0.52, "precision_std": 0.0, "recall": 1.0, "recall_std": 0.0, "f1": 0.68421, "f1_std": 0.0, "auc": 0.46768, "auc_std": 0.04596}
{"epoch": 21, "time_epoch": 22.27907, "time_epoch_std": 0.36401, "eta": 1918.79514, "eta_std": 207.52537, "eta_hours": 0.533, "eta_hours_std": 0.05765, "loss": 0.69251, "loss_std": 0.0001, "lr": 0.0009, "lr_std": 0.0, "params": 3845.0, "params_std": 0.0, "time_iter": 2.22791, "time_iter_std": 0.0364, "accuracy": 0.52, "accuracy_std": 0.0, "accuracy_max": 0.52, "precision": 0.52, "precision_std": 0.0, "recall": 1.0, "recall_std": 0.0, "f1": 0.68421, "f1_std": 0.0, "auc": 0.44807, "auc_std": 0.01731}
{"epoch": 22, "time_epoch": 24.06952, "time_epoch_std": 2.67639, "eta": 1892.41946, "eta_std": 204.57254, "eta_hours": 0.52567, "eta_hours_std": 0.05683, "loss": 0.69244, "loss_std": 3e-05, "lr": 0.00089, "lr_std": 0.0, "params": 3845.0, "params_std": 0.0, "time_iter": 2.40695, "time_iter_std": 0.26764, "accuracy": 0.52, "accuracy_std": 0.0, "accuracy_max": 0.52, "precision": 0.52, "precision_std": 0.0, "recall": 1.0, "recall_std": 0.0, "f1": 0.68421, "f1_std": 0.0, "auc": 0.446, "auc_std": 0.05246}
{"epoch": 23, "time_epoch": 22.35577, "time_epoch_std": 0.916, "eta": 1860.80908, "eta_std": 193.13665, "eta_hours": 0.51689, "eta_hours_std": 0.05365, "loss": 0.69247, "loss_std": 1e-05, "lr": 0.00088, "lr_std": 0.0, "params": 3845.0, "params_std": 0.0, "time_iter": 2.23558, "time_iter_std": 0.0916, "accuracy": 0.52, "accuracy_std": 0.0, "accuracy_max": 0.52, "precision": 0.52, "precision_std": 0.0, "recall": 1.0, "recall_std": 0.0, "f1": 0.68421, "f1_std": 0.0, "auc": 0.4334, "auc_std": 0.04577}
{"epoch": 24, "time_epoch": 22.29232, "time_epoch_std": 1.01587, "eta": 1829.74873, "eta_std": 182.6867, "eta_hours": 0.50826, "eta_hours_std": 0.05075, "loss": 0.69244, "loss_std": 6e-05, "lr": 0.00086, "lr_std": 0.0, "params": 3845.0, "params_std": 0.0, "time_iter": 2.22923, "time_iter_std": 0.10159, "accuracy": 0.52, "accuracy_std": 0.0, "accuracy_max": 0.52, "precision": 0.52, "precision_std": 0.0, "recall": 1.0, "recall_std": 0.0, "f1": 0.68421, "f1_std": 0.0, "auc": 0.47311, "auc_std": 0.02463}
{"epoch": 25, "time_epoch": 22.3936, "time_epoch_std": 0.88909, "eta": 1799.6511, "eta_std": 173.80037, "eta_hours": 0.4999, "eta_hours_std": 0.04828, "loss": 0.69245, "loss_std": 5e-05, "lr": 0.00085, "lr_std": 0.0, "params": 3845.0, "params_std": 0.0, "time_iter": 2.23936, "time_iter_std": 0.08891, "accuracy": 0.52, "accuracy_std": 0.0, "accuracy_max": 0.52, "precision": 0.52, "precision_std": 0.0, "recall": 1.0, "recall_std": 0.0, "f1": 0.68421, "f1_std": 0.0, "auc": 0.40745, "auc_std": 0.04406}
{"epoch": 26, "time_epoch": 23.90824, "time_epoch_std": 2.89037, "eta": 1774.21925, "eta_std": 172.57166, "eta_hours": 0.49284, "eta_hours_std": 0.04794, "loss": 0.69248, "loss_std": 5e-05, "lr": 0.00084, "lr_std": 0.0, "params": 3845.0, "params_std": 0.0, "time_iter": 2.39082, "time_iter_std": 0.28904, "accuracy": 0.52, "accuracy_std": 0.0, "accuracy_max": 0.52, "precision": 0.52, "precision_std": 0.0, "recall": 1.0, "recall_std": 0.0, "f1": 0.68421, "f1_std": 0.0, "auc": 0.39528, "auc_std": 0.01668}
{"epoch": 27, "time_epoch": 24.49878, "time_epoch_std": 2.779, "eta": 1750.41476, "eta_std": 171.26691, "eta_hours": 0.48622, "eta_hours_std": 0.04758, "loss": 0.6924, "loss_std": 6e-05, "lr": 0.00083, "lr_std": 0.0, "params": 3845.0, "params_std": 0.0, "time_iter": 2.44988, "time_iter_std": 0.2779, "accuracy": 0.52, "accuracy_std": 0.0, "accuracy_max": 0.52, "precision": 0.52, "precision_std": 0.0, "recall": 1.0, "recall_std": 0.0, "f1": 0.68421, "f1_std": 0.0, "auc": 0.45484, "auc_std": 0.04141}
{"epoch": 28, "time_epoch": 24.40672, "time_epoch_std": 2.87357, "eta": 1726.33704, "eta_std": 170.05586, "eta_hours": 0.47953, "eta_hours_std": 0.04724, "loss": 0.6924, "loss_std": 2e-05, "lr": 0.00082, "lr_std": 0.0, "params": 3845.0, "params_std": 0.0, "time_iter": 2.44067, "time_iter_std": 0.28736, "accuracy": 0.52, "accuracy_std": 0.0, "accuracy_max": 0.52, "precision": 0.52, "precision_std": 0.0, "recall": 1.0, "recall_std": 0.0, "f1": 0.68421, "f1_std": 0.0, "auc": 0.44709, "auc_std": 0.03125}
{"epoch": 29, "time_epoch": 25.00347, "time_epoch_std": 3.29214, "eta": 1703.62978, "eta_std": 169.71252, "eta_hours": 0.47323, "eta_hours_std": 0.04714, "loss": 0.69246, "loss_std": 3e-05, "lr": 0.00081, "lr_std": 0.0, "params": 3845.0, "params_std": 0.0, "time_iter": 2.50035, "time_iter_std": 0.32921, "accuracy": 0.52, "accuracy_std": 0.0, "accuracy_max": 0.52, "precision": 0.52, "precision_std": 0.0, "recall": 1.0, "recall_std": 0.0, "f1": 0.68421, "f1_std": 0.0, "auc": 0.43906, "auc_std": 0.02158}
{"epoch": 30, "time_epoch": 24.25026, "time_epoch_std": 2.86478, "eta": 1679.09789, "eta_std": 168.17159, "eta_hours": 0.46641, "eta_hours_std": 0.04671, "loss": 0.69242, "loss_std": 7e-05, "lr": 0.00079, "lr_std": 0.0, "params": 3845.0, "params_std": 0.0, "time_iter": 2.42503, "time_iter_std": 0.28648, "accuracy": 0.52, "accuracy_std": 0.0, "accuracy_max": 0.52, "precision": 0.52, "precision_std": 0.0, "recall": 1.0, "recall_std": 0.0, "f1": 0.68421, "f1_std": 0.0, "auc": 0.43654, "auc_std": 0.04129}
{"epoch": 31, "time_epoch": 24.76849, "time_epoch_std": 2.65136, "eta": 1655.68483, "eta_std": 165.99997, "eta_hours": 0.45991, "eta_hours_std": 0.04611, "loss": 0.69239, "loss_std": 1e-05, "lr": 0.00078, "lr_std": 0.0, "params": 3845.0, "params_std": 0.0, "time_iter": 2.47685, "time_iter_std": 0.26514, "accuracy": 0.52, "accuracy_std": 0.0, "accuracy_max": 0.52, "precision": 0.52, "precision_std": 0.0, "recall": 1.0, "recall_std": 0.0, "f1": 0.68421, "f1_std": 0.0, "auc": 0.46134, "auc_std": 0.03267}
{"epoch": 32, "time_epoch": 23.83861, "time_epoch_std": 2.97752, "eta": 1630.30169, "eta_std": 164.43987, "eta_hours": 0.45286, "eta_hours_std": 0.04568, "loss": 0.69243, "loss_std": 5e-05, "lr": 0.00077, "lr_std": 0.0, "params": 3845.0, "params_std": 0.0, "time_iter": 2.38386, "time_iter_std": 0.29775, "accuracy": 0.52, "accuracy_std": 0.0, "accuracy_max": 0.52, "precision": 0.52, "precision_std": 0.0, "recall": 1.0, "recall_std": 0.0, "f1": 0.68421, "f1_std": 0.0, "auc": 0.45562, "auc_std": 0.03345}
{"epoch": 33, "time_epoch": 23.96868, "time_epoch_std": 2.95917, "eta": 1605.26189, "eta_std": 162.72823, "eta_hours": 0.4459, "eta_hours_std": 0.0452, "loss": 0.69244, "loss_std": 6e-05, "lr": 0.00075, "lr_std": 0.0, "params": 3845.0, "params_std": 0.0, "time_iter": 2.39687, "time_iter_std": 0.29592, "accuracy": 0.52, "accuracy_std": 0.0, "accuracy_max": 0.52, "precision": 0.52, "precision_std": 0.0, "recall": 1.0, "recall_std": 0.0, "f1": 0.68421, "f1_std": 0.0, "auc": 0.42653, "auc_std": 0.01911}
{"epoch": 34, "time_epoch": 27.45955, "time_epoch_std": 6.98498, "eta": 1586.76634, "eta_std": 159.72941, "eta_hours": 0.44077, "eta_hours_std": 0.04437, "loss": 0.69241, "loss_std": 4e-05, "lr": 0.00074, "lr_std": 0.0, "params": 3845.0, "params_std": 0.0, "time_iter": 2.74596, "time_iter_std": 0.6985, "accuracy": 0.52, "accuracy_std": 0.0, "accuracy_max": 0.52, "precision": 0.52, "precision_std": 0.0, "recall": 1.0, "recall_std": 0.0, "f1": 0.68421, "f1_std": 0.0, "auc": 0.42185, "auc_std": 0.02113}
{"epoch": 35, "time_epoch": 27.21372, "time_epoch_std": 6.64064, "eta": 1567.33577, "eta_std": 157.54931, "eta_hours": 0.43537, "eta_hours_std": 0.04376, "loss": 0.69243, "loss_std": 3e-05, "lr": 0.00073, "lr_std": 0.0, "params": 3845.0, "params_std": 0.0, "time_iter": 2.72138, "time_iter_std": 0.66406, "accuracy": 0.52, "accuracy_std": 0.0, "accuracy_max": 0.52, "precision": 0.52, "precision_std": 0.0, "recall": 1.0, "recall_std": 0.0, "f1": 0.68421, "f1_std": 0.0, "auc": 0.43939, "auc_std": 0.04226}
{"epoch": 36, "time_epoch": 24.53247, "time_epoch_std": 3.63468, "eta": 1542.9191, "eta_std": 156.69015, "eta_hours": 0.42859, "eta_hours_std": 0.04352, "loss": 0.69243, "loss_std": 4e-05, "lr": 0.00071, "lr_std": 0.0, "params": 3845.0, "params_std": 0.0, "time_iter": 2.45324, "time_iter_std": 0.36347, "accuracy": 0.52, "accuracy_std": 0.0, "accuracy_max": 0.52, "precision": 0.52, "precision_std": 0.0, "recall": 1.0, "recall_std": 0.0, "f1": 0.68421, "f1_std": 0.0, "auc": 0.42337, "auc_std": 0.0276}
{"epoch": 37, "time_epoch": 27.97722, "time_epoch_std": 4.17423, "eta": 1524.11672, "eta_std": 154.25966, "eta_hours": 0.42336, "eta_hours_std": 0.04285, "loss": 0.69243, "loss_std": 7e-05, "lr": 0.0007, "lr_std": 0.0, "params": 3845.0, "params_std": 0.0, "time_iter": 2.79772, "time_iter_std": 0.41742, "accuracy": 0.52, "accuracy_std": 0.0, "accuracy_max": 0.52, "precision": 0.52, "precision_std": 0.0, "recall": 1.0, "recall_std": 0.0, "f1": 0.68421, "f1_std": 0.0, "auc": 0.41871, "auc_std": 0.04852}
{"epoch": 38, "time_epoch": 25.97125, "time_epoch_std": 3.06836, "eta": 1501.7063, "eta_std": 151.70378, "eta_hours": 0.41714, "eta_hours_std": 0.04214, "loss": 0.69237, "loss_std": 1e-05, "lr": 0.00068, "lr_std": 0.0, "params": 3845.0, "params_std": 0.0, "time_iter": 2.59712, "time_iter_std": 0.30683, "accuracy": 0.52, "accuracy_std": 0.0, "accuracy_max": 0.52, "precision": 0.52, "precision_std": 0.0, "recall": 1.0, "recall_std": 0.0, "f1": 0.68421, "f1_std": 0.0, "auc": 0.46659, "auc_std": 0.01593}
{"epoch": 39, "time_epoch": 25.77476, "time_epoch_std": 3.25787, "eta": 1478.82311, "eta_std": 149.09266, "eta_hours": 0.41078, "eta_hours_std": 0.04141, "loss": 0.6924, "loss_std": 5e-05, "lr": 0.00067, "lr_std": 0.0, "params": 3845.0, "params_std": 0.0, "time_iter": 2.57748, "time_iter_std": 0.32579, "accuracy": 0.52, "accuracy_std": 0.0, "accuracy_max": 0.52, "precision": 0.52, "precision_std": 0.0, "recall": 1.0, "recall_std": 0.0, "f1": 0.68421, "f1_std": 0.0, "auc": 0.4491, "auc_std": 0.0343}
{"epoch": 40, "time_epoch": 24.76435, "time_epoch_std": 2.63275, "eta": 1454.34485, "eta_std": 146.82039, "eta_hours": 0.40399, "eta_hours_std": 0.04078, "loss": 0.69243, "loss_std": 0.00013, "lr": 0.00065, "lr_std": 0.0, "params": 3845.0, "params_std": 0.0, "time_iter": 2.47643, "time_iter_std": 0.26328, "accuracy": 0.52, "accuracy_std": 0.0, "accuracy_max": 0.52, "precision": 0.52, "precision_std": 0.0, "recall": 1.0, "recall_std": 0.0, "f1": 0.68421, "f1_std": 0.0, "auc": 0.42956, "auc_std": 0.06131}
{"epoch": 41, "time_epoch": 23.55298, "time_epoch_std": 2.99032, "eta": 1428.18012, "eta_std": 144.67248, "eta_hours": 0.39672, "eta_hours_std": 0.04019, "loss": 0.69241, "loss_std": 3e-05, "lr": 0.00064, "lr_std": 0.0, "params": 3845.0, "params_std": 0.0, "time_iter": 2.3553, "time_iter_std": 0.29903, "accuracy": 0.52, "accuracy_std": 0.0, "accuracy_max": 0.52, "precision": 0.52, "precision_std": 0.0, "recall": 1.0, "recall_std": 0.0, "f1": 0.68421, "f1_std": 0.0, "auc": 0.43819, "auc_std": 0.00855}
{"epoch": 42, "time_epoch": 23.53318, "time_epoch_std": 3.04465, "eta": 1402.11063, "eta_std": 142.5176, "eta_hours": 0.38947, "eta_hours_std": 0.03959, "loss": 0.69244, "loss_std": 0.0001, "lr": 0.00062, "lr_std": 0.0, "params": 3845.0, "params_std": 0.0, "time_iter": 2.35332, "time_iter_std": 0.30447, "accuracy": 0.52, "accuracy_std": 0.0, "accuracy_max": 0.52, "precision": 0.52, "precision_std": 0.0, "recall": 1.0, "recall_std": 0.0, "f1": 0.68421, "f1_std": 0.0, "auc": 0.41616, "auc_std": 0.01216}
{"epoch": 43, "time_epoch": 24.12767, "time_epoch_std": 2.79803, "eta": 1376.91305, "eta_std": 140.28764, "eta_hours": 0.38248, "eta_hours_std": 0.03897, "loss": 0.69241, "loss_std": 5e-05, "lr": 0.00061, "lr_std": 0.0, "params": 3845.0, "params_std": 0.0, "time_iter": 2.41277, "time_iter_std": 0.2798, "accuracy": 0.52, "accuracy_std": 0.0, "accuracy_max": 0.52, "precision": 0.52, "precision_std": 0.0, "recall": 1.0, "recall_std": 0.0, "f1": 0.68421, "f1_std": 0.0, "auc": 0.44582, "auc_std": 0.01464}
{"epoch": 44, "time_epoch": 25.33328, "time_epoch_std": 3.19233, "eta": 1353.23654, "eta_std": 137.77371, "eta_hours": 0.3759, "eta_hours_std": 0.03827, "loss": 0.69241, "loss_std": 3e-05, "lr": 0.00059, "lr_std": 0.0, "params": 3845.0, "params_std": 0.0, "time_iter": 2.53333, "time_iter_std": 0.31923, "accuracy": 0.52, "accuracy_std": 0.0, "accuracy_max": 0.52, "precision": 0.52, "precision_std": 0.0, "recall": 1.0, "recall_std": 0.0, "f1": 0.68421, "f1_std": 0.0, "auc": 0.39481, "auc_std": 0.00767}
{"epoch": 45, "time_epoch": 25.71506, "time_epoch_std": 3.21892, "eta": 1329.93618, "eta_std": 134.7688, "eta_hours": 0.36943, "eta_hours_std": 0.03744, "loss": 0.6924, "loss_std": 2e-05, "lr": 0.00058, "lr_std": 0.0, "params": 3845.0, "params_std": 0.0, "time_iter": 2.57151, "time_iter_std": 0.32189, "accuracy": 0.52, "accuracy_std": 0.0, "accuracy_max": 0.52, "precision": 0.52, "precision_std": 0.0, "recall": 1.0, "recall_std": 0.0, "f1": 0.68421, "f1_std": 0.0, "auc": 0.41769, "auc_std": 0.04365}
{"epoch": 46, "time_epoch": 25.59218, "time_epoch_std": 3.05025, "eta": 1306.3945, "eta_std": 131.97918, "eta_hours": 0.36288, "eta_hours_std": 0.03666, "loss": 0.69247, "loss_std": 0.0001, "lr": 0.00056, "lr_std": 0.0, "params": 3845.0, "params_std": 0.0, "time_iter": 2.55922, "time_iter_std": 0.30503, "accuracy": 0.52, "accuracy_std": 0.0, "accuracy_max": 0.52, "precision": 0.52, "precision_std": 0.0, "recall": 1.0, "recall_std": 0.0, "f1": 0.68421, "f1_std": 0.0, "auc": 0.4227, "auc_std": 0.01632}
{"epoch": 47, "time_epoch": 25.44772, "time_epoch_std": 3.30927, "eta": 1282.61088, "eta_std": 129.3522, "eta_hours": 0.35628, "eta_hours_std": 0.03593, "loss": 0.69238, "loss_std": 6e-05, "lr": 0.00055, "lr_std": 0.0, "params": 3845.0, "params_std": 0.0, "time_iter": 2.54477, "time_iter_std": 0.33093, "accuracy": 0.52, "accuracy_std": 0.0, "accuracy_max": 0.52, "precision": 0.52, "precision_std": 0.0, "recall": 1.0, "recall_std": 0.0, "f1": 0.68421, "f1_std": 0.0, "auc": 0.45299, "auc_std": 0.05911}
{"epoch": 48, "time_epoch": 25.59556, "time_epoch_std": 3.86396, "eta": 1258.91321, "eta_std": 127.5149, "eta_hours": 0.3497, "eta_hours_std": 0.03542, "loss": 0.69244, "loss_std": 0.00011, "lr": 0.00053, "lr_std": 0.0, "params": 3845.0, "params_std": 0.0, "time_iter": 2.55956, "time_iter_std": 0.3864, "accuracy": 0.52, "accuracy_std": 0.0, "accuracy_max": 0.52, "precision": 0.52, "precision_std": 0.0, "recall": 1.0, "recall_std": 0.0, "f1": 0.68421, "f1_std": 0.0, "auc": 0.45261, "auc_std": 0.06544}
{"epoch": 49, "time_epoch": 25.28032, "time_epoch_std": 3.49273, "eta": 1234.82438, "eta_std": 125.15611, "eta_hours": 0.34301, "eta_hours_std": 0.03476, "loss": 0.69238, "loss_std": 2e-05, "lr": 0.00052, "lr_std": 0.0, "params": 3845.0, "params_std": 0.0, "time_iter": 2.52803, "time_iter_std": 0.34927, "accuracy": 0.52, "accuracy_std": 0.0, "accuracy_max": 0.52, "precision": 0.52, "precision_std": 0.0, "recall": 1.0, "recall_std": 0.0, "f1": 0.68421, "f1_std": 0.0, "auc": 0.45942, "auc_std": 0.06104}
{"epoch": 50, "time_epoch": 25.48819, "time_epoch_std": 3.50227, "eta": 1210.88855, "eta_std": 122.94422, "eta_hours": 0.33636, "eta_hours_std": 0.03415, "loss": 0.69246, "loss_std": 9e-05, "lr": 0.0005, "lr_std": 0.0, "params": 3845.0, "params_std": 0.0, "time_iter": 2.54882, "time_iter_std": 0.35023, "accuracy": 0.52, "accuracy_std": 0.0, "accuracy_max": 0.52, "precision": 0.52, "precision_std": 0.0, "recall": 1.0, "recall_std": 0.0, "f1": 0.68421, "f1_std": 0.0, "auc": 0.42733, "auc_std": 0.04644}
{"epoch": 51, "time_epoch": 25.31578, "time_epoch_std": 3.66008, "eta": 1186.73386, "eta_std": 120.66319, "eta_hours": 0.32965, "eta_hours_std": 0.03352, "loss": 0.6924, "loss_std": 4e-05, "lr": 0.00048, "lr_std": 0.0, "params": 3845.0, "params_std": 0.0, "time_iter": 2.53158, "time_iter_std": 0.36601, "accuracy": 0.52, "accuracy_std": 0.0, "accuracy_max": 0.52, "precision": 0.52, "precision_std": 0.0, "recall": 1.0, "recall_std": 0.0, "f1": 0.68421, "f1_std": 0.0, "auc": 0.44286, "auc_std": 0.02672}
{"epoch": 52, "time_epoch": 25.38948, "time_epoch_std": 3.36868, "eta": 1162.60072, "eta_std": 118.33088, "eta_hours": 0.32294, "eta_hours_std": 0.03287, "loss": 0.69238, "loss_std": 2e-05, "lr": 0.00047, "lr_std": 0.0, "params": 3845.0, "params_std": 0.0, "time_iter": 2.53895, "time_iter_std": 0.33687, "accuracy": 0.52, "accuracy_std": 0.0, "accuracy_max": 0.52, "precision": 0.52, "precision_std": 0.0, "recall": 1.0, "recall_std": 0.0, "f1": 0.68421, "f1_std": 0.0, "auc": 0.46314, "auc_std": 0.01706}
{"epoch": 53, "time_epoch": 25.18578, "time_epoch_std": 3.42145, "eta": 1138.24752, "eta_std": 115.9453, "eta_hours": 0.31618, "eta_hours_std": 0.03221, "loss": 0.69238, "loss_std": 2e-05, "lr": 0.00045, "lr_std": 0.0, "params": 3845.0, "params_std": 0.0, "time_iter": 2.51858, "time_iter_std": 0.34215, "accuracy": 0.52, "accuracy_std": 0.0, "accuracy_max": 0.52, "precision": 0.52, "precision_std": 0.0, "recall": 1.0, "recall_std": 0.0, "f1": 0.68421, "f1_std": 0.0, "auc": 0.45413, "auc_std": 0.0149}
{"epoch": 54, "time_epoch": 25.16371, "time_epoch_std": 3.57906, "eta": 1113.84599, "eta_std": 113.70912, "eta_hours": 0.3094, "eta_hours_std": 0.03159, "loss": 0.69238, "loss_std": 1e-05, "lr": 0.00044, "lr_std": 0.0, "params": 3845.0, "params_std": 0.0, "time_iter": 2.51637, "time_iter_std": 0.35791, "accuracy": 0.52, "accuracy_std": 0.0, "accuracy_max": 0.52, "precision": 0.52, "precision_std": 0.0, "recall": 1.0, "recall_std": 0.0, "f1": 0.68421, "f1_std": 0.0, "auc": 0.40521, "auc_std": 0.02043}
{"epoch": 55, "time_epoch": 25.44211, "time_epoch_std": 3.80271, "eta": 1089.63598, "eta_std": 111.72642, "eta_hours": 0.30268, "eta_hours_std": 0.03103, "loss": 0.69238, "loss_std": 2e-05, "lr": 0.00042, "lr_std": 0.0, "params": 3845.0, "params_std": 0.0, "time_iter": 2.54421, "time_iter_std": 0.38027, "accuracy": 0.52, "accuracy_std": 0.0, "accuracy_max": 0.52, "precision": 0.52, "precision_std": 0.0, "recall": 1.0, "recall_std": 0.0, "f1": 0.68421, "f1_std": 0.0, "auc": 0.47095, "auc_std": 0.03611}
{"epoch": 56, "time_epoch": 25.57195, "time_epoch_std": 3.30629, "eta": 1065.48068, "eta_std": 109.36985, "eta_hours": 0.29596, "eta_hours_std": 0.03038, "loss": 0.69238, "loss_std": 3e-05, "lr": 0.00041, "lr_std": 0.0, "params": 3845.0, "params_std": 0.0, "time_iter": 2.55719, "time_iter_std": 0.33063, "accuracy": 0.52, "accuracy_std": 0.0, "accuracy_max": 0.52, "precision": 0.52, "precision_std": 0.0, "recall": 1.0, "recall_std": 0.0, "f1": 0.68421, "f1_std": 0.0, "auc": 0.41978, "auc_std": 0.02978}
{"epoch": 57, "time_epoch": 25.42508, "time_epoch_std": 3.33061, "eta": 1041.17019, "eta_std": 107.00966, "eta_hours": 0.28922, "eta_hours_std": 0.02972, "loss": 0.69238, "loss_std": 2e-05, "lr": 0.00039, "lr_std": 0.0, "params": 3845.0, "params_std": 0.0, "time_iter": 2.54251, "time_iter_std": 0.33306, "accuracy": 0.52, "accuracy_std": 0.0, "accuracy_max": 0.52, "precision": 0.52, "precision_std": 0.0, "recall": 1.0, "recall_std": 0.0, "f1": 0.68421, "f1_std": 0.0, "auc": 0.43928, "auc_std": 0.00358}
{"epoch": 58, "time_epoch": 25.17298, "time_epoch_std": 3.53741, "eta": 1016.64672, "eta_std": 104.76076, "eta_hours": 0.2824, "eta_hours_std": 0.0291, "loss": 0.69238, "loss_std": 3e-05, "lr": 0.00038, "lr_std": 0.0, "params": 3845.0, "params_std": 0.0, "time_iter": 2.5173, "time_iter_std": 0.35374, "accuracy": 0.52, "accuracy_std": 0.0, "accuracy_max": 0.52, "precision": 0.52, "precision_std": 0.0, "recall": 1.0, "recall_std": 0.0, "f1": 0.68421, "f1_std": 0.0, "auc": 0.43153, "auc_std": 0.00719}
{"epoch": 59, "time_epoch": 25.23846, "time_epoch_std": 3.34145, "eta": 992.14525, "eta_std": 102.41298, "eta_hours": 0.2756, "eta_hours_std": 0.02845, "loss": 0.69237, "loss_std": 1e-05, "lr": 0.00036, "lr_std": 0.0, "params": 3845.0, "params_std": 0.0, "time_iter": 2.52384, "time_iter_std": 0.33414, "accuracy": 0.52, "accuracy_std": 0.0, "accuracy_max": 0.52, "precision": 0.52, "precision_std": 0.0, "recall": 1.0, "recall_std": 0.0, "f1": 0.68421, "f1_std": 0.0, "auc": 0.4574, "auc_std": 0.00692}
{"epoch": 60, "time_epoch": 25.43308, "time_epoch_std": 3.47638, "eta": 967.74406, "eta_std": 100.10631, "eta_hours": 0.26882, "eta_hours_std": 0.02781, "loss": 0.69239, "loss_std": 2e-05, "lr": 0.00035, "lr_std": 0.0, "params": 3845.0, "params_std": 0.0, "time_iter": 2.54331, "time_iter_std": 0.34764, "accuracy": 0.52, "accuracy_std": 0.0, "accuracy_max": 0.52, "precision": 0.52, "precision_std": 0.0, "recall": 1.0, "recall_std": 0.0, "f1": 0.68421, "f1_std": 0.0, "auc": 0.41422, "auc_std": 0.03062}
{"epoch": 61, "time_epoch": 25.4329, "time_epoch_std": 3.53572, "eta": 943.30946, "eta_std": 97.81035, "eta_hours": 0.26203, "eta_hours_std": 0.02717, "loss": 0.69239, "loss_std": 3e-05, "lr": 0.00033, "lr_std": 0.0, "params": 3845.0, "params_std": 0.0, "time_iter": 2.54329, "time_iter_std": 0.35358, "accuracy": 0.52, "accuracy_std": 0.0, "accuracy_max": 0.52, "precision": 0.52, "precision_std": 0.0, "recall": 1.0, "recall_std": 0.0, "f1": 0.68421, "f1_std": 0.0, "auc": 0.41277, "auc_std": 0.01774}
{"epoch": 62, "time_epoch": 25.79879, "time_epoch_std": 3.73022, "eta": 919.05806, "eta_std": 95.48353, "eta_hours": 0.25529, "eta_hours_std": 0.02652, "loss": 0.69238, "loss_std": 4e-05, "lr": 0.00032, "lr_std": 0.0, "params": 3845.0, "params_std": 0.0, "time_iter": 2.57988, "time_iter_std": 0.37302, "accuracy": 0.52, "accuracy_std": 0.0, "accuracy_max": 0.52, "precision": 0.52, "precision_std": 0.0, "recall": 1.0, "recall_std": 0.0, "f1": 0.68421, "f1_std": 0.0, "auc": 0.46065, "auc_std": 0.04242}
{"epoch": 63, "time_epoch": 25.7015, "time_epoch_std": 3.09456, "eta": 894.70358, "eta_std": 93.03443, "eta_hours": 0.24853, "eta_hours_std": 0.02584, "loss": 0.69237, "loss_std": 4e-05, "lr": 0.0003, "lr_std": 0.0, "params": 3845.0, "params_std": 0.0, "time_iter": 2.57015, "time_iter_std": 0.30945, "accuracy": 0.52, "accuracy_std": 0.0, "accuracy_max": 0.52, "precision": 0.52, "precision_std": 0.0, "recall": 1.0, "recall_std": 0.0, "f1": 0.68421, "f1_std": 0.0, "auc": 0.47347, "auc_std": 0.06057}
{"epoch": 64, "time_epoch": 25.31835, "time_epoch_std": 3.41878, "eta": 870.10134, "eta_std": 90.69133, "eta_hours": 0.2417, "eta_hours_std": 0.02519, "loss": 0.69237, "loss_std": 3e-05, "lr": 0.00029, "lr_std": 0.0, "params": 3845.0, "params_std": 0.0, "time_iter": 2.53183, "time_iter_std": 0.34188, "accuracy": 0.52, "accuracy_std": 0.0, "accuracy_max": 0.52, "precision": 0.52, "precision_std": 0.0, "recall": 1.0, "recall_std": 0.0, "f1": 0.68421, "f1_std": 0.0, "auc": 0.45626, "auc_std": 0.03867}
{"epoch": 65, "time_epoch": 25.39965, "time_epoch_std": 3.36953, "eta": 845.51929, "eta_std": 88.31812, "eta_hours": 0.23486, "eta_hours_std": 0.02453, "loss": 0.69236, "loss_std": 2e-05, "lr": 0.00027, "lr_std": 0.0, "params": 3845.0, "params_std": 0.0, "time_iter": 2.53996, "time_iter_std": 0.33695, "accuracy": 0.52, "accuracy_std": 0.0, "accuracy_max": 0.52, "precision": 0.52, "precision_std": 0.0, "recall": 1.0, "recall_std": 0.0, "f1": 0.68421, "f1_std": 0.0, "auc": 0.4856, "auc_std": 0.03622}
{"epoch": 66, "time_epoch": 25.19465, "time_epoch_std": 3.62439, "eta": 820.81186, "eta_std": 85.98521, "eta_hours": 0.228, "eta_hours_std": 0.02388, "loss": 0.69236, "loss_std": 1e-05, "lr": 0.00026, "lr_std": 0.0, "params": 3845.0, "params_std": 0.0, "time_iter": 2.51947, "time_iter_std": 0.36244, "accuracy": 0.52, "accuracy_std": 0.0, "accuracy_max": 0.52, "precision": 0.52, "precision_std": 0.0, "recall": 1.0, "recall_std": 0.0, "f1": 0.68421, "f1_std": 0.0, "auc": 0.44729, "auc_std": 0.04095}
{"epoch": 67, "time_epoch": 26.95712, "time_epoch_std": 5.59701, "eta": 796.9195, "eta_std": 84.0769, "eta_hours": 0.22137, "eta_hours_std": 0.02335, "loss": 0.69238, "loss_std": 2e-05, "lr": 0.00025, "lr_std": 0.0, "params": 3845.0, "params_std": 0.0, "time_iter": 2.69571, "time_iter_std": 0.5597, "accuracy": 0.52, "accuracy_std": 0.0, "accuracy_max": 0.52, "precision": 0.52, "precision_std": 0.0, "recall": 1.0, "recall_std": 0.0, "f1": 0.68421, "f1_std": 0.0, "auc": 0.4298, "auc_std": 0.01826}
{"epoch": 68, "time_epoch": 28.47654, "time_epoch_std": 5.50582, "eta": 773.62094, "eta_std": 81.81579, "eta_hours": 0.2149, "eta_hours_std": 0.02273, "loss": 0.69239, "loss_std": 3e-05, "lr": 0.00023, "lr_std": 0.0, "params": 3845.0, "params_std": 0.0, "time_iter": 2.84765, "time_iter_std": 0.55058, "accuracy": 0.52, "accuracy_std": 0.0, "accuracy_max": 0.52, "precision": 0.52, "precision_std": 0.0, "recall": 1.0, "recall_std": 0.0, "f1": 0.68421, "f1_std": 0.0, "auc": 0.4172, "auc_std": 0.03956}
{"epoch": 69, "time_epoch": 23.87315, "time_epoch_std": 2.90727, "eta": 748.20155, "eta_std": 79.21773, "eta_hours": 0.20784, "eta_hours_std": 0.022, "loss": 0.69237, "loss_std": 3e-05, "lr": 0.00022, "lr_std": 0.0, "params": 3845.0, "params_std": 0.0, "time_iter": 2.38732, "time_iter_std": 0.29073, "accuracy": 0.52, "accuracy_std": 0.0, "accuracy_max": 0.52, "precision": 0.52, "precision_std": 0.0, "recall": 1.0, "recall_std": 0.0, "f1": 0.68421, "f1_std": 0.0, "auc": 0.48346, "auc_std": 0.0495}
{"epoch": 70, "time_epoch": 23.60721, "time_epoch_std": 2.95112, "eta": 722.7171, "eta_std": 76.52917, "eta_hours": 0.20076, "eta_hours_std": 0.02126, "loss": 0.69237, "loss_std": 1e-05, "lr": 0.00021, "lr_std": 0.0, "params": 3845.0, "params_std": 0.0, "time_iter": 2.36072, "time_iter_std": 0.29511, "accuracy": 0.52, "accuracy_std": 0.0, "accuracy_max": 0.52, "precision": 0.52, "precision_std": 0.0, "recall": 1.0, "recall_std": 0.0, "f1": 0.68421, "f1_std": 0.0, "auc": 0.42704, "auc_std": 0.01654}
{"epoch": 71, "time_epoch": 24.48412, "time_epoch_std": 2.5514, "eta": 697.62582, "eta_std": 73.80961, "eta_hours": 0.19379, "eta_hours_std": 0.0205, "loss": 0.69237, "loss_std": 1e-05, "lr": 0.00019, "lr_std": 0.0, "params": 3845.0, "params_std": 0.0, "time_iter": 2.44841, "time_iter_std": 0.25514, "accuracy": 0.52, "accuracy_std": 0.0, "accuracy_max": 0.52, "precision": 0.52, "precision_std": 0.0, "recall": 1.0, "recall_std": 0.0, "f1": 0.68421, "f1_std": 0.0, "auc": 0.44968, "auc_std": 0.00675}
{"epoch": 72, "time_epoch": 26.85922, "time_epoch_std": 3.75632, "eta": 673.42962, "eta_std": 71.32155, "eta_hours": 0.18706, "eta_hours_std": 0.01981, "loss": 0.69237, "loss_std": 2e-05, "lr": 0.00018, "lr_std": 0.0, "params": 3845.0, "params_std": 0.0, "time_iter": 2.68592, "time_iter_std": 0.37563, "accuracy": 0.52, "accuracy_std": 0.0, "accuracy_max": 0.52, "precision": 0.52, "precision_std": 0.0, "recall": 1.0, "recall_std": 0.0, "f1": 0.68421, "f1_std": 0.0, "auc": 0.45479, "auc_std": 0.05354}
{"epoch": 73, "time_epoch": 26.61401, "time_epoch_std": 3.19484, "eta": 649.07531, "eta_std": 68.73502, "eta_hours": 0.1803, "eta_hours_std": 0.0191, "loss": 0.69237, "loss_std": 1e-05, "lr": 0.00017, "lr_std": 0.0, "params": 3845.0, "params_std": 0.0, "time_iter": 2.6614, "time_iter_std": 0.31948, "accuracy": 0.52, "accuracy_std": 0.0, "accuracy_max": 0.52, "precision": 0.52, "precision_std": 0.0, "recall": 1.0, "recall_std": 0.0, "f1": 0.68421, "f1_std": 0.0, "auc": 0.42016, "auc_std": 0.01593}
{"epoch": 74, "time_epoch": 30.73253, "time_epoch_std": 11.32212, "eta": 626.03357, "eta_std": 67.20934, "eta_hours": 0.1739, "eta_hours_std": 0.01867, "loss": 0.69237, "loss_std": 1e-05, "lr": 0.00016, "lr_std": 0.0, "params": 3845.0, "params_std": 0.0, "time_iter": 3.07326, "time_iter_std": 1.13221, "accuracy": 0.52, "accuracy_std": 0.0, "accuracy_max": 0.52, "precision": 0.52, "precision_std": 0.0, "recall": 1.0, "recall_std": 0.0, "f1": 0.68421, "f1_std": 0.0, "auc": 0.44587, "auc_std": 0.02637}
{"epoch": 75, "time_epoch": 29.83332, "time_epoch_std": 10.70056, "eta": 602.50548, "eta_std": 65.53307, "eta_hours": 0.16736, "eta_hours_std": 0.01821, "loss": 0.69238, "loss_std": 2e-05, "lr": 0.00015, "lr_std": 0.0, "params": 3845.0, "params_std": 0.0, "time_iter": 2.98333, "time_iter_std": 1.07006, "accuracy": 0.52, "accuracy_std": 0.0, "accuracy_max": 0.52, "precision": 0.52, "precision_std": 0.0, "recall": 1.0, "recall_std": 0.0, "f1": 0.68421, "f1_std": 0.0, "auc": 0.41589, "auc_std": 0.02615}
{"epoch": 76, "time_epoch": 23.65496, "time_epoch_std": 3.50981, "eta": 576.96814, "eta_std": 62.80944, "eta_hours": 0.16027, "eta_hours_std": 0.01745, "loss": 0.69236, "loss_std": 1e-05, "lr": 0.00014, "lr_std": 0.0, "params": 3845.0, "params_std": 0.0, "time_iter": 2.3655, "time_iter_std": 0.35098, "accuracy": 0.52, "accuracy_std": 0.0, "accuracy_max": 0.52, "precision": 0.52, "precision_std": 0.0, "recall": 1.0, "recall_std": 0.0, "f1": 0.68421, "f1_std": 0.0, "auc": 0.41037, "auc_std": 0.03626}
{"epoch": 77, "time_epoch": 24.59997, "time_epoch_std": 2.58874, "eta": 551.74561, "eta_std": 59.34625, "eta_hours": 0.15326, "eta_hours_std": 0.01649, "loss": 0.69236, "loss_std": 1e-05, "lr": 0.00012, "lr_std": 0.0, "params": 3845.0, "params_std": 0.0, "time_iter": 2.46, "time_iter_std": 0.25888, "accuracy": 0.52, "accuracy_std": 0.0, "accuracy_max": 0.52, "precision": 0.52, "precision_std": 0.0, "recall": 1.0, "recall_std": 0.0, "f1": 0.68421, "f1_std": 0.0, "auc": 0.45548, "auc_std": 0.02023}
{"epoch": 78, "time_epoch": 24.62734, "time_epoch_std": 2.67193, "eta": 526.54611, "eta_std": 56.05649, "eta_hours": 0.14626, "eta_hours_std": 0.01557, "loss": 0.69236, "loss_std": 2e-05, "lr": 0.00011, "lr_std": 0.0, "params": 3845.0, "params_std": 0.0, "time_iter": 2.46274, "time_iter_std": 0.26719, "accuracy": 0.52, "accuracy_std": 0.0, "accuracy_max": 0.52, "precision": 0.52, "precision_std": 0.0, "recall": 1.0, "recall_std": 0.0, "f1": 0.68421, "f1_std": 0.0, "auc": 0.4761, "auc_std": 0.04428}
{"epoch": 79, "time_epoch": 24.38826, "time_epoch_std": 2.90124, "eta": 501.30114, "eta_std": 52.79843, "eta_hours": 0.13925, "eta_hours_std": 0.01467, "loss": 0.69236, "loss_std": 1e-05, "lr": 0.0001, "lr_std": 0.0, "params": 3845.0, "params_std": 0.0, "time_iter": 2.43883, "time_iter_std": 0.29012, "accuracy": 0.52, "accuracy_std": 0.0, "accuracy_max": 0.52, "precision": 0.52, "precision_std": 0.0, "recall": 1.0, "recall_std": 0.0, "f1": 0.68421, "f1_std": 0.0, "auc": 0.441, "auc_std": 0.03756}
{"epoch": 80, "time_epoch": 24.49148, "time_epoch_std": 3.11151, "eta": 476.10154, "eta_std": 49.71042, "eta_hours": 0.13225, "eta_hours_std": 0.01381, "loss": 0.69237, "loss_std": 1e-05, "lr": 0.0001, "lr_std": 0.0, "params": 3845.0, "params_std": 0.0, "time_iter": 2.44915, "time_iter_std": 0.31115, "accuracy": 0.52, "accuracy_std": 0.0, "accuracy_max": 0.52, "precision": 0.52, "precision_std": 0.0, "recall": 1.0, "recall_std": 0.0, "f1": 0.68421, "f1_std": 0.0, "auc": 0.42829, "auc_std": 0.02635}
{"epoch": 81, "time_epoch": 24.82474, "time_epoch_std": 2.82623, "eta": 450.99237, "eta_std": 46.63618, "eta_hours": 0.12528, "eta_hours_std": 0.01296, "loss": 0.69236, "loss_std": 2e-05, "lr": 9e-05, "lr_std": 0.0, "params": 3845.0, "params_std": 0.0, "time_iter": 2.48248, "time_iter_std": 0.28262, "accuracy": 0.52, "accuracy_std": 0.0, "accuracy_max": 0.52, "precision": 0.52, "precision_std": 0.0, "recall": 1.0, "recall_std": 0.0, "f1": 0.68421, "f1_std": 0.0, "auc": 0.48146, "auc_std": 0.08517}
{"epoch": 82, "time_epoch": 24.04474, "time_epoch_std": 3.176, "eta": 425.73029, "eta_std": 43.52555, "eta_hours": 0.11826, "eta_hours_std": 0.01209, "loss": 0.69236, "loss_std": 1e-05, "lr": 8e-05, "lr_std": 0.0, "params": 3845.0, "params_std": 0.0, "time_iter": 2.40448, "time_iter_std": 0.3176, "accuracy": 0.52, "accuracy_std": 0.0, "accuracy_max": 0.52, "precision": 0.52, "precision_std": 0.0, "recall": 1.0, "recall_std": 0.0, "f1": 0.68421, "f1_std": 0.0, "auc": 0.45303, "auc_std": 0.01694}
{"epoch": 83, "time_epoch": 23.98914, "time_epoch_std": 3.01222, "eta": 400.4866, "eta_std": 40.53643, "eta_hours": 0.11124, "eta_hours_std": 0.01126, "loss": 0.69237, "loss_std": 3e-05, "lr": 7e-05, "lr_std": 0.0, "params": 3845.0, "params_std": 0.0, "time_iter": 2.39892, "time_iter_std": 0.30122, "accuracy": 0.52, "accuracy_std": 0.0, "accuracy_max": 0.52, "precision": 0.52, "precision_std": 0.0, "recall": 1.0, "recall_std": 0.0, "f1": 0.68421, "f1_std": 0.0, "auc": 0.4255, "auc_std": 0.02548}
{"epoch": 84, "time_epoch": 23.66676, "time_epoch_std": 3.00061, "eta": 375.21554, "eta_std": 37.54147, "eta_hours": 0.10422, "eta_hours_std": 0.01043, "loss": 0.69237, "loss_std": 3e-05, "lr": 6e-05, "lr_std": 0.0, "params": 3845.0, "params_std": 0.0, "time_iter": 2.36668, "time_iter_std": 0.30006, "accuracy": 0.52, "accuracy_std": 0.0, "accuracy_max": 0.52, "precision": 0.52, "precision_std": 0.0, "recall": 1.0, "recall_std": 0.0, "f1": 0.68421, "f1_std": 0.0, "auc": 0.47941, "auc_std": 0.05141}
{"epoch": 85, "time_epoch": 24.13092, "time_epoch_std": 2.92245, "eta": 350.05736, "eta_std": 34.67576, "eta_hours": 0.09724, "eta_hours_std": 0.00963, "loss": 0.69236, "loss_std": 1e-05, "lr": 5e-05, "lr_std": 0.0, "params": 3845.0, "params_std": 0.0, "time_iter": 2.41309, "time_iter_std": 0.29225, "accuracy": 0.52, "accuracy_std": 0.0, "accuracy_max": 0.52, "precision": 0.52, "precision_std": 0.0, "recall": 1.0, "recall_std": 0.0, "f1": 0.68421, "f1_std": 0.0, "auc": 0.45833, "auc_std": 0.01255}
{"epoch": 86, "time_epoch": 23.83341, "time_epoch_std": 2.91831, "eta": 324.87833, "eta_std": 31.85082, "eta_hours": 0.09024, "eta_hours_std": 0.00885, "loss": 0.69236, "loss_std": 1e-05, "lr": 5e-05, "lr_std": 0.0, "params": 3845.0, "params_std": 0.0, "time_iter": 2.38334, "time_iter_std": 0.29183, "accuracy": 0.52, "accuracy_std": 0.0, "accuracy_max": 0.52, "precision": 0.52, "precision_std": 0.0, "recall": 1.0, "recall_std": 0.0, "f1": 0.68421, "f1_std": 0.0, "auc": 0.45824, "auc_std": 0.03282}
{"epoch": 87, "time_epoch": 24.43667, "time_epoch_std": 2.86551, "eta": 299.81214, "eta_std": 29.17696, "eta_hours": 0.08328, "eta_hours_std": 0.0081, "loss": 0.69235, "loss_std": 0.0, "lr": 4e-05, "lr_std": 0.0, "params": 3845.0, "params_std": 0.0, "time_iter": 2.44367, "time_iter_std": 0.28655, "accuracy": 0.52, "accuracy_std": 0.0, "accuracy_max": 0.52, "precision": 0.52, "precision_std": 0.0, "recall": 1.0, "recall_std": 0.0, "f1": 0.68421, "f1_std": 0.0, "auc": 0.48689, "auc_std": 0.03784}
{"epoch": 88, "time_epoch": 24.25645, "time_epoch_std": 2.79371, "eta": 274.73784, "eta_std": 26.5299, "eta_hours": 0.07632, "eta_hours_std": 0.00737, "loss": 0.69235, "loss_std": 0.0, "lr": 4e-05, "lr_std": 0.0, "params": 3845.0, "params_std": 0.0, "time_iter": 2.42565, "time_iter_std": 0.27937, "accuracy": 0.52, "accuracy_std": 0.0, "accuracy_max": 0.52, "precision": 0.52, "precision_std": 0.0, "recall": 1.0, "recall_std": 0.0, "f1": 0.68421, "f1_std": 0.0, "auc": 0.46379, "auc_std": 0.02528}
{"epoch": 89, "time_epoch": 24.00697, "time_epoch_std": 3.05984, "eta": 249.65398, "eta_std": 23.87975, "eta_hours": 0.06934, "eta_hours_std": 0.00663, "loss": 0.69235, "loss_std": 1e-05, "lr": 3e-05, "lr_std": 0.0, "params": 3845.0, "params_std": 0.0, "time_iter": 2.4007, "time_iter_std": 0.30598, "accuracy": 0.52, "accuracy_std": 0.0, "accuracy_max": 0.52, "precision": 0.52, "precision_std": 0.0, "recall": 1.0, "recall_std": 0.0, "f1": 0.68421, "f1_std": 0.0, "auc": 0.46312, "auc_std": 0.06409}
{"epoch": 90, "time_epoch": 23.79454, "time_epoch_std": 2.82162, "eta": 224.57278, "eta_std": 21.29547, "eta_hours": 0.06238, "eta_hours_std": 0.00592, "loss": 0.69236, "loss_std": 1e-05, "lr": 2e-05, "lr_std": 0.0, "params": 3845.0, "params_std": 0.0, "time_iter": 2.37945, "time_iter_std": 0.28216, "accuracy": 0.52, "accuracy_std": 0.0, "accuracy_max": 0.52, "precision": 0.52, "precision_std": 0.0, "recall": 1.0, "recall_std": 0.0, "f1": 0.68421, "f1_std": 0.0, "auc": 0.44745, "auc_std": 0.03112}
{"epoch": 91, "time_epoch": 24.08642, "time_epoch_std": 2.77403, "eta": 199.54494, "eta_std": 18.76031, "eta_hours": 0.05543, "eta_hours_std": 0.00521, "loss": 0.69235, "loss_std": 0.0, "lr": 2e-05, "lr_std": 0.0, "params": 3845.0, "params_std": 0.0, "time_iter": 2.40864, "time_iter_std": 0.2774, "accuracy": 0.52, "accuracy_std": 0.0, "accuracy_max": 0.52, "precision": 0.52, "precision_std": 0.0, "recall": 1.0, "recall_std": 0.0, "f1": 0.68421, "f1_std": 0.0, "auc": 0.45744, "auc_std": 0.01623}
{"epoch": 92, "time_epoch": 23.96362, "time_epoch_std": 2.99338, "eta": 174.5281, "eta_std": 16.26072, "eta_hours": 0.04848, "eta_hours_std": 0.00452, "loss": 0.69235, "loss_std": 0.0, "lr": 2e-05, "lr_std": 0.0, "params": 3845.0, "params_std": 0.0, "time_iter": 2.39636, "time_iter_std": 0.29934, "accuracy": 0.52, "accuracy_std": 0.0, "accuracy_max": 0.52, "precision": 0.52, "precision_std": 0.0, "recall": 1.0, "recall_std": 0.0, "f1": 0.68421, "f1_std": 0.0, "auc": 0.43532, "auc_std": 0.04129}
{"epoch": 93, "time_epoch": 24.14824, "time_epoch_std": 3.3293, "eta": 149.54545, "eta_std": 13.8126, "eta_hours": 0.04154, "eta_hours_std": 0.00384, "loss": 0.69235, "loss_std": 0.0, "lr": 1e-05, "lr_std": 0.0, "params": 3845.0, "params_std": 0.0, "time_iter": 2.41482, "time_iter_std": 0.33293, "accuracy": 0.52, "accuracy_std": 0.0, "accuracy_max": 0.52, "precision": 0.52, "precision_std": 0.0, "recall": 1.0, "recall_std": 0.0, "f1": 0.68421, "f1_std": 0.0, "auc": 0.45695, "auc_std": 0.02623}
{"epoch": 94, "time_epoch": 23.73241, "time_epoch_std": 2.93767, "eta": 124.55848, "eta_std": 11.4067, "eta_hours": 0.0346, "eta_hours_std": 0.00317, "loss": 0.69235, "loss_std": 1e-05, "lr": 1e-05, "lr_std": 0.0, "params": 3845.0, "params_std": 0.0, "time_iter": 2.37324, "time_iter_std": 0.29376, "accuracy": 0.52, "accuracy_std": 0.0, "accuracy_max": 0.52, "precision": 0.52, "precision_std": 0.0, "recall": 1.0, "recall_std": 0.0, "f1": 0.68421, "f1_std": 0.0, "auc": 0.47383, "auc_std": 0.04611}
{"epoch": 95, "time_epoch": 23.99084, "time_epoch_std": 3.15525, "eta": 99.60841, "eta_std": 9.04575, "eta_hours": 0.02767, "eta_hours_std": 0.00251, "loss": 0.69235, "loss_std": 1e-05, "lr": 1e-05, "lr_std": 0.0, "params": 3845.0, "params_std": 0.0, "time_iter": 2.39908, "time_iter_std": 0.31553, "accuracy": 0.52, "accuracy_std": 0.0, "accuracy_max": 0.52, "precision": 0.52, "precision_std": 0.0, "recall": 1.0, "recall_std": 0.0, "f1": 0.68421, "f1_std": 0.0, "auc": 0.46294, "auc_std": 0.04154}
{"epoch": 96, "time_epoch": 24.63147, "time_epoch_std": 2.51279, "eta": 74.69794, "eta_std": 6.72897, "eta_hours": 0.02075, "eta_hours_std": 0.00187, "loss": 0.69235, "loss_std": 1e-05, "lr": 0.0, "lr_std": 0.0, "params": 3845.0, "params_std": 0.0, "time_iter": 2.46315, "time_iter_std": 0.25128, "accuracy": 0.52, "accuracy_std": 0.0, "accuracy_max": 0.52, "precision": 0.52, "precision_std": 0.0, "recall": 1.0, "recall_std": 0.0, "f1": 0.68421, "f1_std": 0.0, "auc": 0.46652, "auc_std": 0.02561}
{"epoch": 97, "time_epoch": 24.1278, "time_epoch_std": 2.76736, "eta": 49.78288, "eta_std": 4.44123, "eta_hours": 0.01383, "eta_hours_std": 0.00123, "loss": 0.69235, "loss_std": 1e-05, "lr": 0.0, "lr_std": 0.0, "params": 3845.0, "params_std": 0.0, "time_iter": 2.41278, "time_iter_std": 0.27674, "accuracy": 0.52, "accuracy_std": 0.0, "accuracy_max": 0.52, "precision": 0.52, "precision_std": 0.0, "recall": 1.0, "recall_std": 0.0, "f1": 0.68421, "f1_std": 0.0, "auc": 0.49869, "auc_std": 0.06443}
{"epoch": 98, "time_epoch": 23.78482, "time_epoch_std": 2.87904, "eta": 24.88026, "eta_std": 2.20323, "eta_hours": 0.00691, "eta_hours_std": 0.00061, "loss": 0.69235, "loss_std": 1e-05, "lr": 0.0, "lr_std": 0.0, "params": 3845.0, "params_std": 0.0, "time_iter": 2.37848, "time_iter_std": 0.2879, "accuracy": 0.52, "accuracy_std": 0.0, "accuracy_max": 0.52, "precision": 0.52, "precision_std": 0.0, "recall": 1.0, "recall_std": 0.0, "f1": 0.68421, "f1_std": 0.0, "auc": 0.52023, "auc_std": 0.07506}
{"epoch": 99, "time_epoch": 23.93424, "time_epoch_std": 2.91749, "eta": 0.0, "eta_std": 0.0, "eta_hours": 0.0, "eta_hours_std": 0.0, "loss": 0.69235, "loss_std": 0.0, "lr": 0.0, "lr_std": 0.0, "params": 3845.0, "params_std": 0.0, "time_iter": 2.39342, "time_iter_std": 0.29175, "accuracy": 0.52, "accuracy_std": 0.0, "accuracy_max": 0.52, "precision": 0.52, "precision_std": 0.0, "recall": 1.0, "recall_std": 0.0, "f1": 0.68421, "f1_std": 0.0, "auc": 0.48771, "auc_std": 0.04094}
