{"epoch": 0, "time_epoch": 0.99656, "eta": 98.65985, "eta_hours": 0.02741, "loss": 0.69649401, "lr": 0.001, "params": 8313, "time_iter": 0.33219, "accuracy": 0.47619, "precision": 0.47619, "recall": 1.0, "f1": 0.64516, "auc": 0.37159}
{"epoch": 1, "time_epoch": 2.09507, "eta": 151.49, "eta_hours": 0.04208, "loss": 0.69544882, "lr": 0.00099975, "params": 8313, "time_iter": 0.69836, "accuracy": 0.47619, "precision": 0.47619, "recall": 1.0, "f1": 0.64516, "auc": 0.45682}
{"epoch": 2, "time_epoch": 2.08573, "eta": 167.40148, "eta_hours": 0.0465, "loss": 0.69510319, "lr": 0.00099901, "params": 8313, "time_iter": 0.69524, "accuracy": 0.47619, "precision": 0.47619, "recall": 1.0, "f1": 0.64516, "auc": 0.50455}
{"epoch": 3, "time_epoch": 2.08088, "eta": 174.1979, "eta_hours": 0.04839, "loss": 0.69541686, "lr": 0.00099778, "params": 8313, "time_iter": 0.69363, "accuracy": 0.47619, "precision": 0.47619, "recall": 1.0, "f1": 0.64516, "auc": 0.43636}
{"epoch": 4, "time_epoch": 2.08343, "eta": 177.4918, "eta_hours": 0.0493, "loss": 0.69420179, "lr": 0.00099606, "params": 8313, "time_iter": 0.69448, "accuracy": 0.47619, "precision": 0.47619, "recall": 1.0, "f1": 0.64516, "auc": 0.51364}
{"epoch": 5, "time_epoch": 2.07917, "eta": 178.92656, "eta_hours": 0.0497, "loss": 0.69363234, "lr": 0.00099384, "params": 8313, "time_iter": 0.69306, "accuracy": 0.5, "precision": 0.4878, "recall": 1.0, "f1": 0.65574, "auc": 0.61818}
{"epoch": 6, "time_epoch": 2.08641, "eta": 179.45349, "eta_hours": 0.04985, "loss": 0.69419037, "lr": 0.00099114, "params": 8313, "time_iter": 0.69547, "accuracy": 0.45238, "precision": 0.46154, "recall": 0.9, "f1": 0.61017, "auc": 0.44773}
{"epoch": 7, "time_epoch": 0.8086, "eta": 164.63234, "eta_hours": 0.04573, "loss": 0.69280731, "lr": 0.00098796, "params": 8313, "time_iter": 0.26953, "accuracy": 0.52381, "precision": 0.5, "recall": 0.95, "f1": 0.65517, "auc": 0.69545}
{"epoch": 8, "time_epoch": 0.16742, "eta": 146.44197, "eta_hours": 0.04068, "loss": 0.69192723, "lr": 0.00098429, "params": 8313, "time_iter": 0.05581, "accuracy": 0.52381, "precision": 0.5, "recall": 1.0, "f1": 0.66667, "auc": 0.75682}
{"epoch": 9, "time_epoch": 0.16061, "eta": 131.79493, "eta_hours": 0.03661, "loss": 0.69180241, "lr": 0.00098015, "params": 8313, "time_iter": 0.05354, "accuracy": 0.54762, "precision": 0.51429, "recall": 0.9, "f1": 0.65455, "auc": 0.71591}
{"epoch": 10, "time_epoch": 0.16821, "eta": 119.8433, "eta_hours": 0.03329, "loss": 0.69146489, "lr": 0.00097553, "params": 8313, "time_iter": 0.05607, "accuracy": 0.52381, "precision": 0.5, "recall": 0.75, "f1": 0.6, "auc": 0.69545}
{"epoch": 11, "time_epoch": 0.16847, "eta": 109.85745, "eta_hours": 0.03052, "loss": 0.69038762, "lr": 0.00097044, "params": 8313, "time_iter": 0.05616, "accuracy": 0.59524, "precision": 0.56522, "recall": 0.65, "f1": 0.60465, "auc": 0.73864}
{"epoch": 12, "time_epoch": 0.17344, "eta": 101.41526, "eta_hours": 0.02817, "loss": 0.6894494, "lr": 0.00096489, "params": 8313, "time_iter": 0.05781, "accuracy": 0.71429, "precision": 1.0, "recall": 0.4, "f1": 0.57143, "auc": 0.82045}
{"epoch": 13, "time_epoch": 0.17155, "eta": 94.14269, "eta_hours": 0.02615, "loss": 0.68824425, "lr": 0.00095888, "params": 8313, "time_iter": 0.05718, "accuracy": 0.57143, "precision": 1.0, "recall": 0.1, "f1": 0.18182, "auc": 0.775}
{"epoch": 14, "time_epoch": 0.17934, "eta": 87.86105, "eta_hours": 0.02441, "loss": 0.68589376, "lr": 0.00095241, "params": 8313, "time_iter": 0.05978, "accuracy": 0.54762, "precision": 1.0, "recall": 0.05, "f1": 0.09524, "auc": 0.86591}
{"epoch": 15, "time_epoch": 0.17918, "eta": 82.34136, "eta_hours": 0.02287, "loss": 0.68500433, "lr": 0.0009455, "params": 8313, "time_iter": 0.05973, "accuracy": 0.52381, "precision": 0.0, "recall": 0.0, "f1": 0.0, "auc": 0.84318}
{"epoch": 16, "time_epoch": 0.17663, "eta": 77.43752, "eta_hours": 0.02151, "loss": 0.68187848, "lr": 0.00093815, "params": 8313, "time_iter": 0.05888, "accuracy": 0.52381, "precision": 0.0, "recall": 0.0, "f1": 0.0, "auc": 0.90909}
{"epoch": 17, "time_epoch": 0.18092, "eta": 73.0785, "eta_hours": 0.0203, "loss": 0.68067534, "lr": 0.00093037, "params": 8313, "time_iter": 0.06031, "accuracy": 0.54762, "precision": 1.0, "recall": 0.05, "f1": 0.09524, "auc": 0.83182}
{"epoch": 18, "time_epoch": 0.18143, "eta": 69.16144, "eta_hours": 0.01921, "loss": 0.67747354, "lr": 0.00092216, "params": 8313, "time_iter": 0.06048, "accuracy": 0.57143, "precision": 1.0, "recall": 0.1, "f1": 0.18182, "auc": 0.90909}
{"epoch": 19, "time_epoch": 0.1785, "eta": 65.6062, "eta_hours": 0.01822, "loss": 0.67078681, "lr": 0.00091354, "params": 8313, "time_iter": 0.0595, "accuracy": 0.59524, "precision": 1.0, "recall": 0.15, "f1": 0.26087, "auc": 0.90682}
{"epoch": 20, "time_epoch": 0.17957, "eta": 62.3766, "eta_hours": 0.01733, "loss": 0.66864064, "lr": 0.00090451, "params": 8313, "time_iter": 0.05986, "accuracy": 0.61905, "precision": 1.0, "recall": 0.2, "f1": 0.33333, "auc": 0.89545}
{"epoch": 21, "time_epoch": 0.17886, "eta": 59.42176, "eta_hours": 0.01651, "loss": 0.66498066, "lr": 0.00089508, "params": 8313, "time_iter": 0.05962, "accuracy": 0.66667, "precision": 1.0, "recall": 0.3, "f1": 0.46154, "auc": 0.88636}
{"epoch": 22, "time_epoch": 0.18064, "eta": 56.71424, "eta_hours": 0.01575, "loss": 0.65954677, "lr": 0.00088526, "params": 8313, "time_iter": 0.06021, "accuracy": 0.69048, "precision": 1.0, "recall": 0.35, "f1": 0.51852, "auc": 0.90909}
{"epoch": 23, "time_epoch": 0.17798, "eta": 54.20891, "eta_hours": 0.01506, "loss": 0.6477588, "lr": 0.00087506, "params": 8313, "time_iter": 0.05933, "accuracy": 0.69048, "precision": 0.88889, "recall": 0.4, "f1": 0.55172, "auc": 0.90909}
{"epoch": 24, "time_epoch": 0.17788, "eta": 51.88944, "eta_hours": 0.01441, "loss": 0.64754473, "lr": 0.00086448, "params": 8313, "time_iter": 0.05929, "accuracy": 0.7381, "precision": 1.0, "recall": 0.45, "f1": 0.62069, "auc": 0.89091}
{"epoch": 25, "time_epoch": 0.17863, "eta": 49.73684, "eta_hours": 0.01382, "loss": 0.63109862, "lr": 0.00085355, "params": 8313, "time_iter": 0.05954, "accuracy": 0.69048, "precision": 0.88889, "recall": 0.4, "f1": 0.55172, "auc": 0.92727}
{"epoch": 26, "time_epoch": 0.17861, "eta": 47.73042, "eta_hours": 0.01326, "loss": 0.63034078, "lr": 0.00084227, "params": 8313, "time_iter": 0.05954, "accuracy": 0.7619, "precision": 0.91667, "recall": 0.55, "f1": 0.6875, "auc": 0.90455}
{"epoch": 27, "time_epoch": 0.18106, "eta": 45.86086, "eta_hours": 0.01274, "loss": 0.61245778, "lr": 0.00083066, "params": 8313, "time_iter": 0.06035, "accuracy": 0.78571, "precision": 0.92308, "recall": 0.6, "f1": 0.72727, "auc": 0.93864}
{"epoch": 28, "time_epoch": 0.18028, "eta": 44.10583, "eta_hours": 0.01225, "loss": 0.59817726, "lr": 0.00081871, "params": 8313, "time_iter": 0.06009, "accuracy": 0.7619, "precision": 0.85714, "recall": 0.6, "f1": 0.70588, "auc": 0.91818}
{"epoch": 29, "time_epoch": 0.17877, "eta": 42.45227, "eta_hours": 0.01179, "loss": 0.59215869, "lr": 0.00080645, "params": 8313, "time_iter": 0.05959, "accuracy": 0.83333, "precision": 0.93333, "recall": 0.7, "f1": 0.8, "auc": 0.92045}
{"epoch": 30, "time_epoch": 0.18095, "eta": 40.8987, "eta_hours": 0.01136, "loss": 0.5717389, "lr": 0.00079389, "params": 8313, "time_iter": 0.06032, "accuracy": 0.83333, "precision": 1.0, "recall": 0.65, "f1": 0.78788, "auc": 0.96136}
{"epoch": 31, "time_epoch": 0.17948, "eta": 39.4278, "eta_hours": 0.01095, "loss": 0.56712881, "lr": 0.00078104, "params": 8313, "time_iter": 0.05983, "accuracy": 0.88095, "precision": 0.94118, "recall": 0.8, "f1": 0.86486, "auc": 0.93409}
{"epoch": 32, "time_epoch": 0.18134, "eta": 38.03895, "eta_hours": 0.01057, "loss": 0.55188845, "lr": 0.00076791, "params": 8313, "time_iter": 0.06045, "accuracy": 0.88095, "precision": 0.94118, "recall": 0.8, "f1": 0.86486, "auc": 0.94318}
{"epoch": 33, "time_epoch": 0.1817, "eta": 36.72183, "eta_hours": 0.0102, "loss": 0.54583881, "lr": 0.00075452, "params": 8313, "time_iter": 0.06057, "accuracy": 0.85714, "precision": 1.0, "recall": 0.7, "f1": 0.82353, "auc": 0.92955}
{"epoch": 34, "time_epoch": 0.18233, "eta": 35.47075, "eta_hours": 0.00985, "loss": 0.55284997, "lr": 0.00074088, "params": 8313, "time_iter": 0.06078, "accuracy": 0.83333, "precision": 0.93333, "recall": 0.7, "f1": 0.8, "auc": 0.91818}
{"epoch": 35, "time_epoch": 0.1776, "eta": 34.27064, "eta_hours": 0.00952, "loss": 0.50516715, "lr": 0.000727, "params": 8313, "time_iter": 0.0592, "accuracy": 0.88095, "precision": 0.94118, "recall": 0.8, "f1": 0.86486, "auc": 0.95227}
{"epoch": 36, "time_epoch": 0.17941, "eta": 33.12887, "eta_hours": 0.0092, "loss": 0.48184379, "lr": 0.00071289, "params": 8313, "time_iter": 0.0598, "accuracy": 0.88095, "precision": 0.94118, "recall": 0.8, "f1": 0.86486, "auc": 0.97727}
{"epoch": 37, "time_epoch": 0.18025, "eta": 32.03914, "eta_hours": 0.0089, "loss": 0.49385954, "lr": 0.00069857, "params": 8313, "time_iter": 0.06008, "accuracy": 0.78571, "precision": 0.86667, "recall": 0.65, "f1": 0.74286, "auc": 0.92727}
{"epoch": 38, "time_epoch": 0.17892, "eta": 30.99397, "eta_hours": 0.00861, "loss": 0.46531942, "lr": 0.00068406, "params": 8313, "time_iter": 0.05964, "accuracy": 0.88095, "precision": 0.94118, "recall": 0.8, "f1": 0.86486, "auc": 0.96364}
{"epoch": 39, "time_epoch": 0.18017, "eta": 29.99398, "eta_hours": 0.00833, "loss": 0.43933732, "lr": 0.00066937, "params": 8313, "time_iter": 0.06006, "accuracy": 0.92857, "precision": 1.0, "recall": 0.85, "f1": 0.91892, "auc": 0.98409}
{"epoch": 40, "time_epoch": 0.17571, "eta": 29.02756, "eta_hours": 0.00806, "loss": 0.43658981, "lr": 0.00065451, "params": 8313, "time_iter": 0.05857, "accuracy": 0.90476, "precision": 0.94444, "recall": 0.85, "f1": 0.89474, "auc": 0.97273}
{"epoch": 41, "time_epoch": 0.17983, "eta": 28.10449, "eta_hours": 0.00781, "loss": 0.41289309, "lr": 0.0006395, "params": 8313, "time_iter": 0.05994, "accuracy": 0.88095, "precision": 1.0, "recall": 0.75, "f1": 0.85714, "auc": 0.97955}
{"epoch": 42, "time_epoch": 0.18001, "eta": 27.21623, "eta_hours": 0.00756, "loss": 0.40422868, "lr": 0.00062434, "params": 8313, "time_iter": 0.06, "accuracy": 0.92857, "precision": 1.0, "recall": 0.85, "f1": 0.91892, "auc": 0.97955}
{"epoch": 43, "time_epoch": 0.17661, "eta": 26.35583, "eta_hours": 0.00732, "loss": 0.38012825, "lr": 0.00060907, "params": 8313, "time_iter": 0.05887, "accuracy": 0.90476, "precision": 1.0, "recall": 0.8, "f1": 0.88889, "auc": 0.99545}
{"epoch": 44, "time_epoch": 0.18082, "eta": 25.53097, "eta_hours": 0.00709, "loss": 0.37701964, "lr": 0.00059369, "params": 8313, "time_iter": 0.06027, "accuracy": 0.90476, "precision": 1.0, "recall": 0.8, "f1": 0.88889, "auc": 0.98864}
{"epoch": 45, "time_epoch": 0.18741, "eta": 24.74184, "eta_hours": 0.00687, "loss": 0.35876821, "lr": 0.00057822, "params": 8313, "time_iter": 0.06247, "accuracy": 0.92857, "precision": 1.0, "recall": 0.85, "f1": 0.91892, "auc": 0.99091}
{"epoch": 46, "time_epoch": 0.18578, "eta": 23.97648, "eta_hours": 0.00666, "loss": 0.34239762, "lr": 0.00056267, "params": 8313, "time_iter": 0.06193, "accuracy": 0.92857, "precision": 1.0, "recall": 0.85, "f1": 0.91892, "auc": 0.98636}
{"epoch": 47, "time_epoch": 0.19002, "eta": 23.23987, "eta_hours": 0.00646, "loss": 0.33756283, "lr": 0.00054705, "params": 8313, "time_iter": 0.06334, "accuracy": 0.92857, "precision": 1.0, "recall": 0.85, "f1": 0.91892, "auc": 0.98409}
{"epoch": 48, "time_epoch": 0.18271, "eta": 22.51795, "eta_hours": 0.00625, "loss": 0.34571816, "lr": 0.0005314, "params": 8313, "time_iter": 0.0609, "accuracy": 0.92857, "precision": 1.0, "recall": 0.85, "f1": 0.91892, "auc": 0.98182}
{"epoch": 49, "time_epoch": 0.18827, "eta": 21.82317, "eta_hours": 0.00606, "loss": 0.3051656, "lr": 0.00051571, "params": 8313, "time_iter": 0.06276, "accuracy": 0.92857, "precision": 1.0, "recall": 0.85, "f1": 0.91892, "auc": 1.0}
{"epoch": 50, "time_epoch": 0.18122, "eta": 21.14147, "eta_hours": 0.00587, "loss": 0.28706678, "lr": 0.0005, "params": 8313, "time_iter": 0.06041, "accuracy": 0.97619, "precision": 1.0, "recall": 0.95, "f1": 0.97436, "auc": 0.99773}
{"epoch": 51, "time_epoch": 0.18367, "eta": 20.48128, "eta_hours": 0.00569, "loss": 0.26861753, "lr": 0.00048429, "params": 8313, "time_iter": 0.06122, "accuracy": 0.95238, "precision": 1.0, "recall": 0.9, "f1": 0.94737, "auc": 1.0}
{"epoch": 52, "time_epoch": 0.18318, "eta": 19.83865, "eta_hours": 0.00551, "loss": 0.28062408, "lr": 0.0004686, "params": 8313, "time_iter": 0.06106, "accuracy": 0.92857, "precision": 1.0, "recall": 0.85, "f1": 0.91892, "auc": 0.99318}
{"epoch": 53, "time_epoch": 0.18177, "eta": 19.21182, "eta_hours": 0.00534, "loss": 0.26774417, "lr": 0.00045295, "params": 8313, "time_iter": 0.06059, "accuracy": 0.95238, "precision": 0.95, "recall": 0.95, "f1": 0.95, "auc": 0.99318}
{"epoch": 54, "time_epoch": 0.18273, "eta": 18.60197, "eta_hours": 0.00517, "loss": 0.29514607, "lr": 0.00043733, "params": 8313, "time_iter": 0.06091, "accuracy": 0.95238, "precision": 1.0, "recall": 0.9, "f1": 0.94737, "auc": 0.98864}
{"epoch": 55, "time_epoch": 0.18315, "eta": 18.0077, "eta_hours": 0.005, "loss": 0.31232835, "lr": 0.00042178, "params": 8313, "time_iter": 0.06105, "accuracy": 0.88095, "precision": 0.89474, "recall": 0.85, "f1": 0.87179, "auc": 0.97045}
{"epoch": 56, "time_epoch": 0.18267, "eta": 17.42749, "eta_hours": 0.00484, "loss": 0.22056539, "lr": 0.00040631, "params": 8313, "time_iter": 0.06089, "accuracy": 0.95238, "precision": 1.0, "recall": 0.9, "f1": 0.94737, "auc": 1.0}
{"epoch": 57, "time_epoch": 0.18603, "eta": 16.86343, "eta_hours": 0.00468, "loss": 0.22897662, "lr": 0.00039093, "params": 8313, "time_iter": 0.06201, "accuracy": 0.95238, "precision": 1.0, "recall": 0.9, "f1": 0.94737, "auc": 1.0}
{"epoch": 58, "time_epoch": 0.18352, "eta": 16.31043, "eta_hours": 0.00453, "loss": 0.22955604, "lr": 0.00037566, "params": 8313, "time_iter": 0.06117, "accuracy": 0.97619, "precision": 1.0, "recall": 0.95, "f1": 0.97436, "auc": 0.99091}
{"epoch": 59, "time_epoch": 0.18253, "eta": 15.76909, "eta_hours": 0.00438, "loss": 0.24239081, "lr": 0.0003605, "params": 8313, "time_iter": 0.06084, "accuracy": 0.95238, "precision": 1.0, "recall": 0.9, "f1": 0.94737, "auc": 0.98864}
{"epoch": 60, "time_epoch": 0.18216, "eta": 15.23928, "eta_hours": 0.00423, "loss": 0.21049412, "lr": 0.00034549, "params": 8313, "time_iter": 0.06072, "accuracy": 0.95238, "precision": 1.0, "recall": 0.9, "f1": 0.94737, "auc": 1.0}
{"epoch": 61, "time_epoch": 0.18507, "eta": 14.72247, "eta_hours": 0.00409, "loss": 0.19714747, "lr": 0.00033063, "params": 8313, "time_iter": 0.06169, "accuracy": 0.97619, "precision": 1.0, "recall": 0.95, "f1": 0.97436, "auc": 1.0}
{"epoch": 62, "time_epoch": 0.18091, "eta": 14.21374, "eta_hours": 0.00395, "loss": 0.28106233, "lr": 0.00031594, "params": 8313, "time_iter": 0.0603, "accuracy": 0.90476, "precision": 1.0, "recall": 0.8, "f1": 0.88889, "auc": 0.97045}
{"epoch": 63, "time_epoch": 0.18595, "eta": 13.7181, "eta_hours": 0.00381, "loss": 0.2193116, "lr": 0.00030143, "params": 8313, "time_iter": 0.06198, "accuracy": 0.97619, "precision": 1.0, "recall": 0.95, "f1": 0.97436, "auc": 0.99545}
{"epoch": 64, "time_epoch": 0.18381, "eta": 13.23083, "eta_hours": 0.00368, "loss": 0.17999612, "lr": 0.00028711, "params": 8313, "time_iter": 0.06127, "accuracy": 0.97619, "precision": 1.0, "recall": 0.95, "f1": 0.97436, "auc": 1.0}
{"epoch": 65, "time_epoch": 0.18559, "eta": 12.75368, "eta_hours": 0.00354, "loss": 0.20143904, "lr": 0.000273, "params": 8313, "time_iter": 0.06186, "accuracy": 0.97619, "precision": 1.0, "recall": 0.95, "f1": 0.97436, "auc": 0.99773}
{"epoch": 66, "time_epoch": 0.18466, "eta": 12.28477, "eta_hours": 0.00341, "loss": 0.20326269, "lr": 0.00025912, "params": 8313, "time_iter": 0.06155, "accuracy": 0.95238, "precision": 1.0, "recall": 0.9, "f1": 0.94737, "auc": 0.99318}
{"epoch": 67, "time_epoch": 0.18939, "eta": 11.82644, "eta_hours": 0.00329, "loss": 0.17196039, "lr": 0.00024548, "params": 8313, "time_iter": 0.06313, "accuracy": 0.97619, "precision": 1.0, "recall": 0.95, "f1": 0.97436, "auc": 1.0}
{"epoch": 68, "time_epoch": 0.18209, "eta": 11.37263, "eta_hours": 0.00316, "loss": 0.20739385, "lr": 0.00023209, "params": 8313, "time_iter": 0.0607, "accuracy": 0.97619, "precision": 1.0, "recall": 0.95, "f1": 0.97436, "auc": 1.0}
{"epoch": 69, "time_epoch": 0.18538, "eta": 10.928, "eta_hours": 0.00304, "loss": 0.17201667, "lr": 0.00021896, "params": 8313, "time_iter": 0.06179, "accuracy": 0.97619, "precision": 1.0, "recall": 0.95, "f1": 0.97436, "auc": 1.0}
{"epoch": 70, "time_epoch": 0.18906, "eta": 10.49217, "eta_hours": 0.00291, "loss": 0.15604087, "lr": 0.00020611, "params": 8313, "time_iter": 0.06302, "accuracy": 0.97619, "precision": 1.0, "recall": 0.95, "f1": 0.97436, "auc": 1.0}
{"epoch": 71, "time_epoch": 0.1878, "eta": 10.0627, "eta_hours": 0.0028, "loss": 0.19094353, "lr": 0.00019355, "params": 8313, "time_iter": 0.0626, "accuracy": 0.97619, "precision": 1.0, "recall": 0.95, "f1": 0.97436, "auc": 0.99773}
{"epoch": 72, "time_epoch": 0.19989, "eta": 9.64433, "eta_hours": 0.00268, "loss": 0.18641129, "lr": 0.00018129, "params": 8313, "time_iter": 0.06663, "accuracy": 0.95238, "precision": 1.0, "recall": 0.9, "f1": 0.94737, "auc": 1.0}
{"epoch": 73, "time_epoch": 0.18034, "eta": 9.22499, "eta_hours": 0.00256, "loss": 0.17506769, "lr": 0.00016934, "params": 8313, "time_iter": 0.06011, "accuracy": 0.97619, "precision": 1.0, "recall": 0.95, "f1": 0.97436, "auc": 0.99318}
{"epoch": 74, "time_epoch": 0.17881, "eta": 8.81152, "eta_hours": 0.00245, "loss": 0.16420106, "lr": 0.00015773, "params": 8313, "time_iter": 0.0596, "accuracy": 1.0, "precision": 1.0, "recall": 1.0, "f1": 1.0, "auc": 1.0}
{"epoch": 75, "time_epoch": 0.18, "eta": 8.4046, "eta_hours": 0.00233, "loss": 0.17710257, "lr": 0.00014645, "params": 8313, "time_iter": 0.06, "accuracy": 0.97619, "precision": 1.0, "recall": 0.95, "f1": 0.97436, "auc": 1.0}
{"epoch": 76, "time_epoch": 0.17909, "eta": 8.0033, "eta_hours": 0.00222, "loss": 0.15698107, "lr": 0.00013552, "params": 8313, "time_iter": 0.0597, "accuracy": 0.97619, "precision": 1.0, "recall": 0.95, "f1": 0.97436, "auc": 1.0}
{"epoch": 77, "time_epoch": 0.1808, "eta": 7.60818, "eta_hours": 0.00211, "loss": 0.14585483, "lr": 0.00012494, "params": 8313, "time_iter": 0.06027, "accuracy": 1.0, "precision": 1.0, "recall": 1.0, "f1": 1.0, "auc": 1.0}
{"epoch": 78, "time_epoch": 0.17986, "eta": 7.21823, "eta_hours": 0.00201, "loss": 0.16100191, "lr": 0.00011474, "params": 8313, "time_iter": 0.05995, "accuracy": 0.97619, "precision": 1.0, "recall": 0.95, "f1": 0.97436, "auc": 1.0}
{"epoch": 79, "time_epoch": 0.18218, "eta": 6.83412, "eta_hours": 0.0019, "loss": 0.16522455, "lr": 0.00010492, "params": 8313, "time_iter": 0.06073, "accuracy": 1.0, "precision": 1.0, "recall": 1.0, "f1": 1.0, "auc": 1.0}
{"epoch": 80, "time_epoch": 0.18305, "eta": 6.4552, "eta_hours": 0.00179, "loss": 0.13979574, "lr": 9.549e-05, "params": 8313, "time_iter": 0.06102, "accuracy": 1.0, "precision": 1.0, "recall": 1.0, "f1": 1.0, "auc": 1.0}
{"epoch": 81, "time_epoch": 0.17895, "eta": 6.08015, "eta_hours": 0.00169, "loss": 0.14135679, "lr": 8.646e-05, "params": 8313, "time_iter": 0.05965, "accuracy": 1.0, "precision": 1.0, "recall": 1.0, "f1": 1.0, "auc": 1.0}
{"epoch": 82, "time_epoch": 0.17916, "eta": 5.70988, "eta_hours": 0.00159, "loss": 0.14164726, "lr": 7.784e-05, "params": 8313, "time_iter": 0.05972, "accuracy": 1.0, "precision": 1.0, "recall": 1.0, "f1": 1.0, "auc": 1.0}
{"epoch": 83, "time_epoch": 0.1789, "eta": 5.3441, "eta_hours": 0.00148, "loss": 0.13555683, "lr": 6.963e-05, "params": 8313, "time_iter": 0.05963, "accuracy": 1.0, "precision": 1.0, "recall": 1.0, "f1": 1.0, "auc": 1.0}
{"epoch": 84, "time_epoch": 0.18268, "eta": 4.98339, "eta_hours": 0.00138, "loss": 0.22827255, "lr": 6.185e-05, "params": 8313, "time_iter": 0.06089, "accuracy": 0.95238, "precision": 1.0, "recall": 0.9, "f1": 0.94737, "auc": 0.96818}
{"epoch": 85, "time_epoch": 0.1769, "eta": 4.62588, "eta_hours": 0.00128, "loss": 0.13169057, "lr": 5.45e-05, "params": 8313, "time_iter": 0.05897, "accuracy": 1.0, "precision": 1.0, "recall": 1.0, "f1": 1.0, "auc": 1.0}
{"epoch": 86, "time_epoch": 0.17901, "eta": 4.27283, "eta_hours": 0.00119, "loss": 0.1491876, "lr": 4.759e-05, "params": 8313, "time_iter": 0.05967, "accuracy": 0.97619, "precision": 1.0, "recall": 0.95, "f1": 0.97436, "auc": 0.99773}
{"epoch": 87, "time_epoch": 0.18197, "eta": 3.92415, "eta_hours": 0.00109, "loss": 0.14872071, "lr": 4.112e-05, "params": 8313, "time_iter": 0.06066, "accuracy": 0.97619, "precision": 1.0, "recall": 0.95, "f1": 0.97436, "auc": 1.0}
{"epoch": 88, "time_epoch": 0.17997, "eta": 3.57896, "eta_hours": 0.00099, "loss": 0.13400486, "lr": 3.511e-05, "params": 8313, "time_iter": 0.05999, "accuracy": 0.97619, "precision": 1.0, "recall": 0.95, "f1": 0.97436, "auc": 1.0}
{"epoch": 89, "time_epoch": 0.18295, "eta": 3.23778, "eta_hours": 0.0009, "loss": 0.15635175, "lr": 2.956e-05, "params": 8313, "time_iter": 0.06098, "accuracy": 0.95238, "precision": 1.0, "recall": 0.9, "f1": 0.94737, "auc": 1.0}
{"epoch": 90, "time_epoch": 0.18099, "eta": 2.89988, "eta_hours": 0.00081, "loss": 0.19511144, "lr": 2.447e-05, "params": 8313, "time_iter": 0.06033, "accuracy": 0.97619, "precision": 1.0, "recall": 0.95, "f1": 0.97436, "auc": 0.98864}
{"epoch": 91, "time_epoch": 0.18933, "eta": 2.56612, "eta_hours": 0.00071, "loss": 0.16248419, "lr": 1.985e-05, "params": 8313, "time_iter": 0.06311, "accuracy": 0.97619, "precision": 1.0, "recall": 0.95, "f1": 0.97436, "auc": 1.0}
{"epoch": 92, "time_epoch": 0.1805, "eta": 2.23479, "eta_hours": 0.00062, "loss": 0.13143199, "lr": 1.571e-05, "params": 8313, "time_iter": 0.06017, "accuracy": 0.97619, "precision": 1.0, "recall": 0.95, "f1": 0.97436, "auc": 1.0}
{"epoch": 93, "time_epoch": 0.18121, "eta": 1.90673, "eta_hours": 0.00053, "loss": 0.12931395, "lr": 1.204e-05, "params": 8313, "time_iter": 0.0604, "accuracy": 1.0, "precision": 1.0, "recall": 1.0, "f1": 1.0, "auc": 1.0}
{"epoch": 94, "time_epoch": 0.18585, "eta": 1.58199, "eta_hours": 0.00044, "loss": 0.13527856, "lr": 8.86e-06, "params": 8313, "time_iter": 0.06195, "accuracy": 0.97619, "precision": 1.0, "recall": 0.95, "f1": 0.97436, "auc": 1.0}
{"epoch": 95, "time_epoch": 0.1798, "eta": 1.2599, "eta_hours": 0.00035, "loss": 0.15769992, "lr": 6.16e-06, "params": 8313, "time_iter": 0.05993, "accuracy": 0.97619, "precision": 1.0, "recall": 0.95, "f1": 0.97436, "auc": 1.0}
{"epoch": 96, "time_epoch": 0.18205, "eta": 0.94082, "eta_hours": 0.00026, "loss": 0.14782678, "lr": 3.94e-06, "params": 8313, "time_iter": 0.06068, "accuracy": 0.95238, "precision": 1.0, "recall": 0.9, "f1": 0.94737, "auc": 1.0}
{"epoch": 97, "time_epoch": 0.18101, "eta": 0.62451, "eta_hours": 0.00017, "loss": 0.14941343, "lr": 2.22e-06, "params": 8313, "time_iter": 0.06034, "accuracy": 0.97619, "precision": 1.0, "recall": 0.95, "f1": 0.97436, "auc": 1.0}
{"epoch": 98, "time_epoch": 0.1788, "eta": 0.3109, "eta_hours": 9e-05, "loss": 0.14580547, "lr": 9.9e-07, "params": 8313, "time_iter": 0.0596, "accuracy": 0.97619, "precision": 1.0, "recall": 0.95, "f1": 0.97436, "auc": 1.0}
{"epoch": 99, "time_epoch": 0.17991, "eta": 0.0, "eta_hours": 0.0, "loss": 0.14007547, "lr": 2.5e-07, "params": 8313, "time_iter": 0.05997, "accuracy": 0.97619, "precision": 1.0, "recall": 0.95, "f1": 0.97436, "auc": 1.0}
