{"epoch": 84, "time_epoch": 22.88856, "time_epoch_std": 0.40079, "eta": 636.35132, "eta_std": 307.07114, "eta_hours": 0.17677, "eta_hours_std": 0.0853, "loss": 0.53789, "loss_std": 0.0065, "lr": 0.00021, "lr_std": 0.00016, "params": 6759.0, "params_std": 0.0, "time_iter": 0.04453, "time_iter_std": 0.00078, "accuracy": 0.7539, "accuracy_std": 0.00646, "accuracy_max": 0.76095, "precision": 0.75004, "precision_std": 0.00763, "recall": 0.76526, "recall_std": 0.00519, "f1": 0.75757, "f1_std": 0.00585, "auc": 0.83614, "auc_std": 0.00745}
