{"epoch": 0, "time_epoch": 1.003, "time_epoch_std": 0.0, "eta": 99.29677, "eta_std": 0.0, "eta_hours": 0.02758, "eta_hours_std": 0.0, "loss": 0.69304, "loss_std": 0.0, "lr": 0.001, "lr_std": 0.0, "params": 8313.0, "params_std": 0.0, "time_iter": 0.33433, "time_iter_std": 0.0, "accuracy": 0.52381, "accuracy_std": 0.0, "precision": 0.0, "precision_std": 0.0, "recall": 0.0, "recall_std": 0.0, "f1": 0.0, "f1_std": 0.0, "auc": 0.41364, "auc_std": 0.0}
{"epoch": 1, "time_epoch": 2.09481, "time_epoch_std": 0.0, "eta": 151.79271, "eta_std": 0.0, "eta_hours": 0.04216, "eta_hours_std": 0.0, "loss": 0.69274, "loss_std": 0.0, "lr": 0.001, "lr_std": 0.0, "params": 8313.0, "params_std": 0.0, "time_iter": 0.69827, "time_iter_std": 0.0, "accuracy": 0.52381, "accuracy_std": 0.0, "precision": 0.0, "precision_std": 0.0, "recall": 0.0, "recall_std": 0.0, "f1": 0.0, "f1_std": 0.0, "auc": 0.50909, "auc_std": 0.0}
{"epoch": 2, "time_epoch": 2.0896, "time_epoch_std": 0.0, "eta": 167.72615, "eta_std": 0.0, "eta_hours": 0.04659, "eta_hours_std": 0.0, "loss": 0.69268, "loss_std": 0.0, "lr": 0.001, "lr_std": 0.0, "params": 8313.0, "params_std": 0.0, "time_iter": 0.69653, "time_iter_std": 0.0, "accuracy": 0.52381, "accuracy_std": 0.0, "precision": 0.0, "precision_std": 0.0, "recall": 0.0, "recall_std": 0.0, "f1": 0.0, "f1_std": 0.0, "auc": 0.425, "auc_std": 0.0}
{"epoch": 3, "time_epoch": 2.0724, "time_epoch_std": 0.0, "eta": 174.23546, "eta_std": 0.0, "eta_hours": 0.0484, "eta_hours_std": 0.0, "loss": 0.69234, "loss_std": 0.0, "lr": 0.001, "lr_std": 0.0, "params": 8313.0, "params_std": 0.0, "time_iter": 0.6908, "time_iter_std": 0.0, "accuracy": 0.52381, "accuracy_std": 0.0, "precision": 0.0, "precision_std": 0.0, "recall": 0.0, "recall_std": 0.0, "f1": 0.0, "f1_std": 0.0, "auc": 0.65909, "auc_std": 0.0}
{"epoch": 4, "time_epoch": 2.07818, "time_epoch_std": 0.0, "eta": 177.42185, "eta_std": 0.0, "eta_hours": 0.04928, "eta_hours_std": 0.0, "loss": 0.69196, "loss_std": 0.0, "lr": 0.001, "lr_std": 0.0, "params": 8313.0, "params_std": 0.0, "time_iter": 0.69273, "time_iter_std": 0.0, "accuracy": 0.52381, "accuracy_std": 0.0, "precision": 0.0, "precision_std": 0.0, "recall": 0.0, "recall_std": 0.0, "f1": 0.0, "f1_std": 0.0, "auc": 0.67273, "auc_std": 0.0}
{"epoch": 5, "time_epoch": 2.07945, "time_epoch_std": 0.0, "eta": 178.87332, "eta_std": 0.0, "eta_hours": 0.04969, "eta_hours_std": 0.0, "loss": 0.69214, "loss_std": 0.0, "lr": 0.00099, "lr_std": 0.0, "params": 8313.0, "params_std": 0.0, "time_iter": 0.69315, "time_iter_std": 0.0, "accuracy": 0.52381, "accuracy_std": 0.0, "precision": 0.0, "precision_std": 0.0, "recall": 0.0, "recall_std": 0.0, "f1": 0.0, "f1_std": 0.0, "auc": 0.64091, "auc_std": 0.0}
{"epoch": 6, "time_epoch": 2.07739, "time_epoch_std": 0.0, "eta": 179.28848, "eta_std": 0.0, "eta_hours": 0.0498, "eta_hours_std": 0.0, "loss": 0.69122, "loss_std": 0.0, "lr": 0.00099, "lr_std": 0.0, "params": 8313.0, "params_std": 0.0, "time_iter": 0.69246, "time_iter_std": 0.0, "accuracy": 0.52381, "accuracy_std": 0.0, "precision": 0.0, "precision_std": 0.0, "recall": 0.0, "recall_std": 0.0, "f1": 0.0, "f1_std": 0.0, "auc": 0.79091, "auc_std": 0.0}
{"epoch": 7, "time_epoch": 0.82288, "time_epoch_std": 0.0, "eta": 164.65364, "eta_std": 0.0, "eta_hours": 0.04574, "eta_hours_std": 0.0, "loss": 0.69098, "loss_std": 0.0, "lr": 0.00099, "lr_std": 0.0, "params": 8313.0, "params_std": 0.0, "time_iter": 0.27429, "time_iter_std": 0.0, "accuracy": 0.52381, "accuracy_std": 0.0, "precision": 0.0, "precision_std": 0.0, "recall": 0.0, "recall_std": 0.0, "f1": 0.0, "f1_std": 0.0, "auc": 0.81136, "auc_std": 0.0}
{"epoch": 8, "time_epoch": 0.16675, "time_epoch_std": 0.0, "eta": 146.45398, "eta_std": 0.0, "eta_hours": 0.04068, "eta_hours_std": 0.0, "loss": 0.69005, "loss_std": 0.0, "lr": 0.00098, "lr_std": 0.0, "params": 8313.0, "params_std": 0.0, "time_iter": 0.05558, "time_iter_std": 0.0, "accuracy": 0.52381, "accuracy_std": 0.0, "precision": 0.0, "precision_std": 0.0, "recall": 0.0, "recall_std": 0.0, "f1": 0.0, "f1_std": 0.0, "auc": 0.79773, "auc_std": 0.0}
{"epoch": 9, "time_epoch": 0.16704, "time_epoch_std": 0.0, "eta": 131.86345, "eta_std": 0.0, "eta_hours": 0.03663, "eta_hours_std": 0.0, "loss": 0.68872, "loss_std": 0.0, "lr": 0.00098, "lr_std": 0.0, "params": 8313.0, "params_std": 0.0, "time_iter": 0.05568, "time_iter_std": 0.0, "accuracy": 0.52381, "accuracy_std": 0.0, "precision": 0.0, "precision_std": 0.0, "recall": 0.0, "recall_std": 0.0, "f1": 0.0, "f1_std": 0.0, "auc": 0.84773, "auc_std": 0.0}
{"epoch": 10, "time_epoch": 0.1689, "time_epoch_std": 0.0, "eta": 119.91045, "eta_std": 0.0, "eta_hours": 0.03331, "eta_hours_std": 0.0, "loss": 0.68902, "loss_std": 0.0, "lr": 0.00098, "lr_std": 0.0, "params": 8313.0, "params_std": 0.0, "time_iter": 0.0563, "time_iter_std": 0.0, "accuracy": 0.52381, "accuracy_std": 0.0, "precision": 0.0, "precision_std": 0.0, "recall": 0.0, "recall_std": 0.0, "f1": 0.0, "f1_std": 0.0, "auc": 0.81818, "auc_std": 0.0}
{"epoch": 11, "time_epoch": 0.16885, "time_epoch_std": 0.0, "eta": 109.92112, "eta_std": 0.0, "eta_hours": 0.03053, "eta_hours_std": 0.0, "loss": 0.68894, "loss_std": 0.0, "lr": 0.00097, "lr_std": 0.0, "params": 8313.0, "params_std": 0.0, "time_iter": 0.05628, "time_iter_std": 0.0, "accuracy": 0.52381, "accuracy_std": 0.0, "precision": 0.0, "precision_std": 0.0, "recall": 0.0, "recall_std": 0.0, "f1": 0.0, "f1_std": 0.0, "auc": 0.76818, "auc_std": 0.0}
{"epoch": 12, "time_epoch": 0.16523, "time_epoch_std": 0.0, "eta": 101.41841, "eta_std": 0.0, "eta_hours": 0.02817, "eta_hours_std": 0.0, "loss": 0.68662, "loss_std": 0.0, "lr": 0.00096, "lr_std": 0.0, "params": 8313.0, "params_std": 0.0, "time_iter": 0.05508, "time_iter_std": 0.0, "accuracy": 0.52381, "accuracy_std": 0.0, "precision": 0.0, "precision_std": 0.0, "recall": 0.0, "recall_std": 0.0, "f1": 0.0, "f1_std": 0.0, "auc": 0.79091, "auc_std": 0.0}
{"epoch": 13, "time_epoch": 0.169, "time_epoch_std": 0.0, "eta": 94.12992, "eta_std": 0.0, "eta_hours": 0.02615, "eta_hours_std": 0.0, "loss": 0.68381, "loss_std": 0.0, "lr": 0.00096, "lr_std": 0.0, "params": 8313.0, "params_std": 0.0, "time_iter": 0.05633, "time_iter_std": 0.0, "accuracy": 0.57143, "accuracy_std": 0.0, "precision": 1.0, "precision_std": 0.0, "recall": 0.1, "recall_std": 0.0, "f1": 0.18182, "f1_std": 0.0, "auc": 0.87955, "auc_std": 0.0}
{"epoch": 14, "time_epoch": 0.16597, "time_epoch_std": 0.0, "eta": 87.77352, "eta_std": 0.0, "eta_hours": 0.02438, "eta_hours_std": 0.0, "loss": 0.68203, "loss_std": 0.0, "lr": 0.00095, "lr_std": 0.0, "params": 8313.0, "params_std": 0.0, "time_iter": 0.05532, "time_iter_std": 0.0, "accuracy": 0.61905, "accuracy_std": 0.0, "precision": 1.0, "precision_std": 0.0, "recall": 0.2, "recall_std": 0.0, "f1": 0.33333, "f1_std": 0.0, "auc": 0.85909, "auc_std": 0.0}
{"epoch": 15, "time_epoch": 0.18462, "time_epoch_std": 0.0, "eta": 82.28886, "eta_std": 0.0, "eta_hours": 0.02286, "eta_hours_std": 0.0, "loss": 0.67895, "loss_std": 0.0, "lr": 0.00095, "lr_std": 0.0, "params": 8313.0, "params_std": 0.0, "time_iter": 0.06154, "time_iter_std": 0.0, "accuracy": 0.61905, "accuracy_std": 0.0, "precision": 1.0, "precision_std": 0.0, "recall": 0.2, "recall_std": 0.0, "f1": 0.33333, "f1_std": 0.0, "auc": 0.89318, "auc_std": 0.0}
{"epoch": 16, "time_epoch": 0.18321, "time_epoch_std": 0.0, "eta": 77.42086, "eta_std": 0.0, "eta_hours": 0.02151, "eta_hours_std": 0.0, "loss": 0.67541, "loss_std": 0.0, "lr": 0.00094, "lr_std": 0.0, "params": 8313.0, "params_std": 0.0, "time_iter": 0.06107, "time_iter_std": 0.0, "accuracy": 0.61905, "accuracy_std": 0.0, "precision": 1.0, "precision_std": 0.0, "recall": 0.2, "recall_std": 0.0, "f1": 0.33333, "f1_std": 0.0, "auc": 0.88409, "auc_std": 0.0}
{"epoch": 17, "time_epoch": 0.18489, "time_epoch_std": 0.0, "eta": 73.081, "eta_std": 0.0, "eta_hours": 0.0203, "eta_hours_std": 0.0, "loss": 0.6741, "loss_std": 0.0, "lr": 0.00093, "lr_std": 0.0, "params": 8313.0, "params_std": 0.0, "time_iter": 0.06163, "time_iter_std": 0.0, "accuracy": 0.71429, "accuracy_std": 0.0, "precision": 1.0, "precision_std": 0.0, "recall": 0.4, "recall_std": 0.0, "f1": 0.57143, "f1_std": 0.0, "auc": 0.81591, "auc_std": 0.0}
{"epoch": 18, "time_epoch": 0.18675, "time_epoch_std": 0.0, "eta": 69.18644, "eta_std": 0.0, "eta_hours": 0.01922, "eta_hours_std": 0.0, "loss": 0.66846, "loss_std": 0.0, "lr": 0.00092, "lr_std": 0.0, "params": 8313.0, "params_std": 0.0, "time_iter": 0.06225, "time_iter_std": 0.0, "accuracy": 0.64286, "accuracy_std": 0.0, "precision": 0.85714, "precision_std": 0.0, "recall": 0.3, "recall_std": 0.0, "f1": 0.44444, "f1_std": 0.0, "auc": 0.89545, "auc_std": 0.0}
{"epoch": 19, "time_epoch": 0.18454, "time_epoch_std": 0.0, "eta": 65.65382, "eta_std": 0.0, "eta_hours": 0.01824, "eta_hours_std": 0.0, "loss": 0.66288, "loss_std": 0.0, "lr": 0.00091, "lr_std": 0.0, "params": 8313.0, "params_std": 0.0, "time_iter": 0.06151, "time_iter_std": 0.0, "accuracy": 0.7381, "accuracy_std": 0.0, "precision": 1.0, "precision_std": 0.0, "recall": 0.45, "recall_std": 0.0, "f1": 0.62069, "f1_std": 0.0, "auc": 0.89091, "auc_std": 0.0}
{"epoch": 20, "time_epoch": 0.18539, "time_epoch_std": 0.0, "eta": 62.44328, "eta_std": 0.0, "eta_hours": 0.01735, "eta_hours_std": 0.0, "loss": 0.6624, "loss_std": 0.0, "lr": 0.0009, "lr_std": 0.0, "params": 8313.0, "params_std": 0.0, "time_iter": 0.0618, "time_iter_std": 0.0, "accuracy": 0.69048, "accuracy_std": 0.0, "precision": 0.81818, "precision_std": 0.0, "recall": 0.45, "recall_std": 0.0, "f1": 0.58065, "f1_std": 0.0, "auc": 0.79318, "auc_std": 0.0}
{"epoch": 21, "time_epoch": 0.1857, "time_epoch_std": 0.0, "eta": 59.50883, "eta_std": 0.0, "eta_hours": 0.01653, "eta_hours_std": 0.0, "loss": 0.6536, "loss_std": 0.0, "lr": 0.0009, "lr_std": 0.0, "params": 8313.0, "params_std": 0.0, "time_iter": 0.0619, "time_iter_std": 0.0, "accuracy": 0.7381, "accuracy_std": 0.0, "precision": 0.90909, "precision_std": 0.0, "recall": 0.5, "recall_std": 0.0, "f1": 0.64516, "f1_std": 0.0, "auc": 0.88182, "auc_std": 0.0}
{"epoch": 22, "time_epoch": 0.1874, "time_epoch_std": 0.0, "eta": 56.8191, "eta_std": 0.0, "eta_hours": 0.01578, "eta_hours_std": 0.0, "loss": 0.64309, "loss_std": 0.0, "lr": 0.00089, "lr_std": 0.0, "params": 8313.0, "params_std": 0.0, "time_iter": 0.06247, "time_iter_std": 0.0, "accuracy": 0.7381, "accuracy_std": 0.0, "precision": 0.84615, "precision_std": 0.0, "recall": 0.55, "recall_std": 0.0, "f1": 0.66667, "f1_std": 0.0, "auc": 0.86591, "auc_std": 0.0}
{"epoch": 23, "time_epoch": 0.19043, "time_epoch_std": 0.0, "eta": 54.3475, "eta_std": 0.0, "eta_hours": 0.0151, "eta_hours_std": 0.0, "loss": 0.63246, "loss_std": 0.0, "lr": 0.00088, "lr_std": 0.0, "params": 8313.0, "params_std": 0.0, "time_iter": 0.06348, "time_iter_std": 0.0, "accuracy": 0.80952, "accuracy_std": 0.0, "precision": 0.875, "precision_std": 0.0, "recall": 0.7, "recall_std": 0.0, "f1": 0.77778, "f1_std": 0.0, "auc": 0.89773, "auc_std": 0.0}
{"epoch": 24, "time_epoch": 0.1871, "time_epoch_std": 0.0, "eta": 52.04839, "eta_std": 0.0, "eta_hours": 0.01446, "eta_hours_std": 0.0, "loss": 0.63782, "loss_std": 0.0, "lr": 0.00086, "lr_std": 0.0, "params": 8313.0, "params_std": 0.0, "time_iter": 0.06237, "time_iter_std": 0.0, "accuracy": 0.78571, "accuracy_std": 0.0, "precision": 0.86667, "precision_std": 0.0, "recall": 0.65, "recall_std": 0.0, "f1": 0.74286, "f1_std": 0.0, "auc": 0.85909, "auc_std": 0.0}
{"epoch": 25, "time_epoch": 0.18381, "time_epoch_std": 0.0, "eta": 49.90239, "eta_std": 0.0, "eta_hours": 0.01386, "eta_hours_std": 0.0, "loss": 0.62104, "loss_std": 0.0, "lr": 0.00085, "lr_std": 0.0, "params": 8313.0, "params_std": 0.0, "time_iter": 0.06127, "time_iter_std": 0.0, "accuracy": 0.83333, "accuracy_std": 0.0, "precision": 0.88235, "precision_std": 0.0, "recall": 0.75, "recall_std": 0.0, "f1": 0.81081, "f1_std": 0.0, "auc": 0.91136, "auc_std": 0.0}
{"epoch": 26, "time_epoch": 0.18514, "time_epoch_std": 0.0, "eta": 47.90534, "eta_std": 0.0, "eta_hours": 0.01331, "eta_hours_std": 0.0, "loss": 0.61064, "loss_std": 0.0, "lr": 0.00084, "lr_std": 0.0, "params": 8313.0, "params_std": 0.0, "time_iter": 0.06171, "time_iter_std": 0.0, "accuracy": 0.83333, "accuracy_std": 0.0, "precision": 0.93333, "precision_std": 0.0, "recall": 0.7, "recall_std": 0.0, "f1": 0.8, "f1_std": 0.0, "auc": 0.91364, "auc_std": 0.0}
{"epoch": 27, "time_epoch": 0.1911, "time_epoch_std": 0.0, "eta": 46.05304, "eta_std": 0.0, "eta_hours": 0.01279, "eta_hours_std": 0.0, "loss": 0.60425, "loss_std": 0.0, "lr": 0.00083, "lr_std": 0.0, "params": 8313.0, "params_std": 0.0, "time_iter": 0.0637, "time_iter_std": 0.0, "accuracy": 0.7619, "accuracy_std": 0.0, "precision": 0.77778, "precision_std": 0.0, "recall": 0.7, "recall_std": 0.0, "f1": 0.73684, "f1_std": 0.0, "auc": 0.88864, "auc_std": 0.0}
{"epoch": 28, "time_epoch": 0.18525, "time_epoch_std": 0.0, "eta": 44.30098, "eta_std": 0.0, "eta_hours": 0.01231, "eta_hours_std": 0.0, "loss": 0.57942, "loss_std": 0.0, "lr": 0.00082, "lr_std": 0.0, "params": 8313.0, "params_std": 0.0, "time_iter": 0.06175, "time_iter_std": 0.0, "accuracy": 0.83333, "accuracy_std": 0.0, "precision": 0.84211, "precision_std": 0.0, "recall": 0.8, "recall_std": 0.0, "f1": 0.82051, "f1_std": 0.0, "auc": 0.93182, "auc_std": 0.0}
{"epoch": 29, "time_epoch": 0.18287, "time_epoch_std": 0.0, "eta": 42.64781, "eta_std": 0.0, "eta_hours": 0.01185, "eta_hours_std": 0.0, "loss": 0.56704, "loss_std": 0.0, "lr": 0.00081, "lr_std": 0.0, "params": 8313.0, "params_std": 0.0, "time_iter": 0.06096, "time_iter_std": 0.0, "accuracy": 0.83333, "accuracy_std": 0.0, "precision": 0.88235, "precision_std": 0.0, "recall": 0.75, "recall_std": 0.0, "f1": 0.81081, "f1_std": 0.0, "auc": 0.93409, "auc_std": 0.0}
{"epoch": 30, "time_epoch": 0.18456, "time_epoch_std": 0.0, "eta": 41.09326, "eta_std": 0.0, "eta_hours": 0.01141, "eta_hours_std": 0.0, "loss": 0.55562, "loss_std": 0.0, "lr": 0.00079, "lr_std": 0.0, "params": 8313.0, "params_std": 0.0, "time_iter": 0.06152, "time_iter_std": 0.0, "accuracy": 0.88095, "accuracy_std": 0.0, "precision": 0.94118, "precision_std": 0.0, "recall": 0.8, "recall_std": 0.0, "f1": 0.86486, "f1_std": 0.0, "auc": 0.93636, "auc_std": 0.0}
{"epoch": 31, "time_epoch": 0.18522, "time_epoch_std": 0.0, "eta": 39.62574, "eta_std": 0.0, "eta_hours": 0.01101, "eta_hours_std": 0.0, "loss": 0.54363, "loss_std": 0.0, "lr": 0.00078, "lr_std": 0.0, "params": 8313.0, "params_std": 0.0, "time_iter": 0.06174, "time_iter_std": 0.0, "accuracy": 0.88095, "accuracy_std": 0.0, "precision": 0.89474, "precision_std": 0.0, "recall": 0.85, "recall_std": 0.0, "f1": 0.87179, "f1_std": 0.0, "auc": 0.93864, "auc_std": 0.0}
{"epoch": 32, "time_epoch": 0.18693, "time_epoch_std": 0.0, "eta": 38.23941, "eta_std": 0.0, "eta_hours": 0.01062, "eta_hours_std": 0.0, "loss": 0.5346, "loss_std": 0.0, "lr": 0.00077, "lr_std": 0.0, "params": 8313.0, "params_std": 0.0, "time_iter": 0.06231, "time_iter_std": 0.0, "accuracy": 0.88095, "accuracy_std": 0.0, "precision": 0.89474, "precision_std": 0.0, "recall": 0.85, "recall_std": 0.0, "f1": 0.87179, "f1_std": 0.0, "auc": 0.93182, "auc_std": 0.0}
{"epoch": 33, "time_epoch": 0.18324, "time_epoch_std": 0.0, "eta": 36.91647, "eta_std": 0.0, "eta_hours": 0.01025, "eta_hours_std": 0.0, "loss": 0.51699, "loss_std": 0.0, "lr": 0.00075, "lr_std": 0.0, "params": 8313.0, "params_std": 0.0, "time_iter": 0.06108, "time_iter_std": 0.0, "accuracy": 0.92857, "accuracy_std": 0.0, "precision": 1.0, "precision_std": 0.0, "recall": 0.85, "recall_std": 0.0, "f1": 0.91892, "f1_std": 0.0, "auc": 0.95, "auc_std": 0.0}
{"epoch": 34, "time_epoch": 0.18552, "time_epoch_std": 0.0, "eta": 35.66288, "eta_std": 0.0, "eta_hours": 0.00991, "eta_hours_std": 0.0, "loss": 0.49818, "loss_std": 0.0, "lr": 0.00074, "lr_std": 0.0, "params": 8313.0, "params_std": 0.0, "time_iter": 0.06184, "time_iter_std": 0.0, "accuracy": 0.90476, "accuracy_std": 0.0, "precision": 0.94444, "precision_std": 0.0, "recall": 0.85, "recall_std": 0.0, "f1": 0.89474, "f1_std": 0.0, "auc": 0.95682, "auc_std": 0.0}
{"epoch": 35, "time_epoch": 0.18433, "time_epoch_std": 0.0, "eta": 34.46652, "eta_std": 0.0, "eta_hours": 0.00957, "eta_hours_std": 0.0, "loss": 0.48196, "loss_std": 0.0, "lr": 0.00073, "lr_std": 0.0, "params": 8313.0, "params_std": 0.0, "time_iter": 0.06144, "time_iter_std": 0.0, "accuracy": 0.88095, "accuracy_std": 0.0, "precision": 0.94118, "precision_std": 0.0, "recall": 0.8, "recall_std": 0.0, "f1": 0.86486, "f1_std": 0.0, "auc": 0.95227, "auc_std": 0.0}
{"epoch": 36, "time_epoch": 0.18744, "time_epoch_std": 0.0, "eta": 33.33016, "eta_std": 0.0, "eta_hours": 0.00926, "eta_hours_std": 0.0, "loss": 0.4977, "loss_std": 0.0, "lr": 0.00071, "lr_std": 0.0, "params": 8313.0, "params_std": 0.0, "time_iter": 0.06248, "time_iter_std": 0.0, "accuracy": 0.80952, "accuracy_std": 0.0, "precision": 0.83333, "precision_std": 0.0, "recall": 0.75, "recall_std": 0.0, "f1": 0.78947, "f1_std": 0.0, "auc": 0.93182, "auc_std": 0.0}
{"epoch": 37, "time_epoch": 0.18684, "time_epoch_std": 0.0, "eta": 32.24276, "eta_std": 0.0, "eta_hours": 0.00896, "eta_hours_std": 0.0, "loss": 0.4699, "loss_std": 0.0, "lr": 0.0007, "lr_std": 0.0, "params": 8313.0, "params_std": 0.0, "time_iter": 0.06228, "time_iter_std": 0.0, "accuracy": 0.85714, "accuracy_std": 0.0, "precision": 0.9375, "precision_std": 0.0, "recall": 0.75, "recall_std": 0.0, "f1": 0.83333, "f1_std": 0.0, "auc": 0.96591, "auc_std": 0.0}
{"epoch": 38, "time_epoch": 0.18908, "time_epoch_std": 0.0, "eta": 31.20505, "eta_std": 0.0, "eta_hours": 0.00867, "eta_hours_std": 0.0, "loss": 0.44445, "loss_std": 0.0, "lr": 0.00068, "lr_std": 0.0, "params": 8313.0, "params_std": 0.0, "time_iter": 0.06303, "time_iter_std": 0.0, "accuracy": 0.92857, "accuracy_std": 0.0, "precision": 1.0, "precision_std": 0.0, "recall": 0.85, "recall_std": 0.0, "f1": 0.91892, "f1_std": 0.0, "auc": 0.97273, "auc_std": 0.0}
{"epoch": 39, "time_epoch": 0.18949, "time_epoch_std": 0.0, "eta": 30.21039, "eta_std": 0.0, "eta_hours": 0.00839, "eta_hours_std": 0.0, "loss": 0.42556, "loss_std": 0.0, "lr": 0.00067, "lr_std": 0.0, "params": 8313.0, "params_std": 0.0, "time_iter": 0.06316, "time_iter_std": 0.0, "accuracy": 0.92857, "accuracy_std": 0.0, "precision": 1.0, "precision_std": 0.0, "recall": 0.85, "recall_std": 0.0, "f1": 0.91892, "f1_std": 0.0, "auc": 0.97045, "auc_std": 0.0}
{"epoch": 40, "time_epoch": 0.18963, "time_epoch_std": 0.0, "eta": 29.2552, "eta_std": 0.0, "eta_hours": 0.00813, "eta_hours_std": 0.0, "loss": 0.4373, "loss_std": 0.0, "lr": 0.00065, "lr_std": 0.0, "params": 8313.0, "params_std": 0.0, "time_iter": 0.06321, "time_iter_std": 0.0, "accuracy": 0.92857, "accuracy_std": 0.0, "precision": 1.0, "precision_std": 0.0, "recall": 0.85, "recall_std": 0.0, "f1": 0.91892, "f1_std": 0.0, "auc": 0.95909, "auc_std": 0.0}
{"epoch": 41, "time_epoch": 0.18617, "time_epoch_std": 0.0, "eta": 28.33169, "eta_std": 0.0, "eta_hours": 0.00787, "eta_hours_std": 0.0, "loss": 0.421, "loss_std": 0.0, "lr": 0.00064, "lr_std": 0.0, "params": 8313.0, "params_std": 0.0, "time_iter": 0.06206, "time_iter_std": 0.0, "accuracy": 0.88095, "accuracy_std": 0.0, "precision": 0.94118, "precision_std": 0.0, "recall": 0.8, "recall_std": 0.0, "f1": 0.86486, "f1_std": 0.0, "auc": 0.97955, "auc_std": 0.0}
{"epoch": 42, "time_epoch": 0.18967, "time_epoch_std": 0.0, "eta": 27.44712, "eta_std": 0.0, "eta_hours": 0.00762, "eta_hours_std": 0.0, "loss": 0.41905, "loss_std": 0.0, "lr": 0.00062, "lr_std": 0.0, "params": 8313.0, "params_std": 0.0, "time_iter": 0.06322, "time_iter_std": 0.0, "accuracy": 0.90476, "accuracy_std": 0.0, "precision": 1.0, "precision_std": 0.0, "recall": 0.8, "recall_std": 0.0, "f1": 0.88889, "f1_std": 0.0, "auc": 0.97727, "auc_std": 0.0}
{"epoch": 43, "time_epoch": 0.18298, "time_epoch_std": 0.0, "eta": 26.58563, "eta_std": 0.0, "eta_hours": 0.00738, "eta_hours_std": 0.0, "loss": 0.42131, "loss_std": 0.0, "lr": 0.00061, "lr_std": 0.0, "params": 8313.0, "params_std": 0.0, "time_iter": 0.06099, "time_iter_std": 0.0, "accuracy": 0.83333, "accuracy_std": 0.0, "precision": 0.88235, "precision_std": 0.0, "recall": 0.75, "recall_std": 0.0, "f1": 0.81081, "f1_std": 0.0, "auc": 0.95455, "auc_std": 0.0}
{"epoch": 44, "time_epoch": 0.19003, "time_epoch_std": 0.0, "eta": 25.7629, "eta_std": 0.0, "eta_hours": 0.00716, "eta_hours_std": 0.0, "loss": 0.36893, "loss_std": 0.0, "lr": 0.00059, "lr_std": 0.0, "params": 8313.0, "params_std": 0.0, "time_iter": 0.06334, "time_iter_std": 0.0, "accuracy": 0.92857, "accuracy_std": 0.0, "precision": 1.0, "precision_std": 0.0, "recall": 0.85, "recall_std": 0.0, "f1": 0.91892, "f1_std": 0.0, "auc": 0.98636, "auc_std": 0.0}
{"epoch": 45, "time_epoch": 0.1918, "time_epoch_std": 0.0, "eta": 24.96976, "eta_std": 0.0, "eta_hours": 0.00694, "eta_hours_std": 0.0, "loss": 0.38787, "loss_std": 0.0, "lr": 0.00058, "lr_std": 0.0, "params": 8313.0, "params_std": 0.0, "time_iter": 0.06393, "time_iter_std": 0.0, "accuracy": 0.88095, "accuracy_std": 0.0, "precision": 0.94118, "precision_std": 0.0, "recall": 0.8, "recall_std": 0.0, "f1": 0.86486, "f1_std": 0.0, "auc": 0.975, "auc_std": 0.0}
{"epoch": 46, "time_epoch": 0.21991, "time_epoch_std": 0.0, "eta": 24.2339, "eta_std": 0.0, "eta_hours": 0.00673, "eta_hours_std": 0.0, "loss": 0.33471, "loss_std": 0.0, "lr": 0.00056, "lr_std": 0.0, "params": 8313.0, "params_std": 0.0, "time_iter": 0.0733, "time_iter_std": 0.0, "accuracy": 0.95238, "accuracy_std": 0.0, "precision": 1.0, "precision_std": 0.0, "recall": 0.9, "recall_std": 0.0, "f1": 0.94737, "f1_std": 0.0, "auc": 0.99545, "auc_std": 0.0}
{"epoch": 47, "time_epoch": 0.20365, "time_epoch_std": 0.0, "eta": 23.50194, "eta_std": 0.0, "eta_hours": 0.00653, "eta_hours_std": 0.0, "loss": 0.37503, "loss_std": 0.0, "lr": 0.00055, "lr_std": 0.0, "params": 8313.0, "params_std": 0.0, "time_iter": 0.06788, "time_iter_std": 0.0, "accuracy": 0.90476, "accuracy_std": 0.0, "precision": 0.94444, "precision_std": 0.0, "recall": 0.85, "recall_std": 0.0, "f1": 0.89474, "f1_std": 0.0, "auc": 0.96818, "auc_std": 0.0}
{"epoch": 48, "time_epoch": 0.21316, "time_epoch_std": 0.0, "eta": 22.80143, "eta_std": 0.0, "eta_hours": 0.00633, "eta_hours_std": 0.0, "loss": 0.32024, "loss_std": 0.0, "lr": 0.00053, "lr_std": 0.0, "params": 8313.0, "params_std": 0.0, "time_iter": 0.07105, "time_iter_std": 0.0, "accuracy": 0.92857, "accuracy_std": 0.0, "precision": 1.0, "precision_std": 0.0, "recall": 0.85, "recall_std": 0.0, "f1": 0.91892, "f1_std": 0.0, "auc": 0.99091, "auc_std": 0.0}
{"epoch": 49, "time_epoch": 0.20209, "time_epoch_std": 0.0, "eta": 22.10935, "eta_std": 0.0, "eta_hours": 0.00614, "eta_hours_std": 0.0, "loss": 0.35138, "loss_std": 0.0, "lr": 0.00052, "lr_std": 0.0, "params": 8313.0, "params_std": 0.0, "time_iter": 0.06736, "time_iter_std": 0.0, "accuracy": 0.92857, "accuracy_std": 0.0, "precision": 1.0, "precision_std": 0.0, "recall": 0.85, "recall_std": 0.0, "f1": 0.91892, "f1_std": 0.0, "auc": 0.96818, "auc_std": 0.0}
{"epoch": 50, "time_epoch": 0.20132, "time_epoch_std": 0.0, "eta": 21.43574, "eta_std": 0.0, "eta_hours": 0.00595, "eta_hours_std": 0.0, "loss": 0.31519, "loss_std": 0.0, "lr": 0.0005, "lr_std": 0.0, "params": 8313.0, "params_std": 0.0, "time_iter": 0.06711, "time_iter_std": 0.0, "accuracy": 0.95238, "accuracy_std": 0.0, "precision": 1.0, "precision_std": 0.0, "recall": 0.9, "recall_std": 0.0, "f1": 0.94737, "f1_std": 0.0, "auc": 0.99318, "auc_std": 0.0}
{"epoch": 51, "time_epoch": 0.20333, "time_epoch_std": 0.0, "eta": 20.78216, "eta_std": 0.0, "eta_hours": 0.00577, "eta_hours_std": 0.0, "loss": 0.2917, "loss_std": 0.0, "lr": 0.00048, "lr_std": 0.0, "params": 8313.0, "params_std": 0.0, "time_iter": 0.06778, "time_iter_std": 0.0, "accuracy": 0.95238, "accuracy_std": 0.0, "precision": 1.0, "precision_std": 0.0, "recall": 0.9, "recall_std": 0.0, "f1": 0.94737, "f1_std": 0.0, "auc": 0.99318, "auc_std": 0.0}
{"epoch": 52, "time_epoch": 0.20431, "time_epoch_std": 0.0, "eta": 20.14643, "eta_std": 0.0, "eta_hours": 0.0056, "eta_hours_std": 0.0, "loss": 0.28989, "loss_std": 0.0, "lr": 0.00047, "lr_std": 0.0, "params": 8313.0, "params_std": 0.0, "time_iter": 0.0681, "time_iter_std": 0.0, "accuracy": 0.95238, "accuracy_std": 0.0, "precision": 1.0, "precision_std": 0.0, "recall": 0.9, "recall_std": 0.0, "f1": 0.94737, "f1_std": 0.0, "auc": 0.98182, "auc_std": 0.0}
{"epoch": 53, "time_epoch": 0.20181, "time_epoch_std": 0.0, "eta": 19.52455, "eta_std": 0.0, "eta_hours": 0.00542, "eta_hours_std": 0.0, "loss": 0.27617, "loss_std": 0.0, "lr": 0.00045, "lr_std": 0.0, "params": 8313.0, "params_std": 0.0, "time_iter": 0.06727, "time_iter_std": 0.0, "accuracy": 0.97619, "accuracy_std": 0.0, "precision": 1.0, "precision_std": 0.0, "recall": 0.95, "recall_std": 0.0, "f1": 0.97436, "f1_std": 0.0, "auc": 0.99318, "auc_std": 0.0}
{"epoch": 54, "time_epoch": 0.20133, "time_epoch_std": 0.0, "eta": 18.91756, "eta_std": 0.0, "eta_hours": 0.00525, "eta_hours_std": 0.0, "loss": 0.27995, "loss_std": 0.0, "lr": 0.00044, "lr_std": 0.0, "params": 8313.0, "params_std": 0.0, "time_iter": 0.06711, "time_iter_std": 0.0, "accuracy": 0.95238, "accuracy_std": 0.0, "precision": 1.0, "precision_std": 0.0, "recall": 0.9, "recall_std": 0.0, "f1": 0.94737, "f1_std": 0.0, "auc": 0.99545, "auc_std": 0.0}
{"epoch": 55, "time_epoch": 0.20161, "time_epoch_std": 0.0, "eta": 18.32527, "eta_std": 0.0, "eta_hours": 0.00509, "eta_hours_std": 0.0, "loss": 0.25622, "loss_std": 0.0, "lr": 0.00042, "lr_std": 0.0, "params": 8313.0, "params_std": 0.0, "time_iter": 0.0672, "time_iter_std": 0.0, "accuracy": 0.95238, "accuracy_std": 0.0, "precision": 1.0, "precision_std": 0.0, "recall": 0.9, "recall_std": 0.0, "f1": 0.94737, "f1_std": 0.0, "auc": 1.0, "auc_std": 0.0}
{"epoch": 56, "time_epoch": 0.20075, "time_epoch_std": 0.0, "eta": 17.74604, "eta_std": 0.0, "eta_hours": 0.00493, "eta_hours_std": 0.0, "loss": 0.26487, "loss_std": 0.0, "lr": 0.00041, "lr_std": 0.0, "params": 8313.0, "params_std": 0.0, "time_iter": 0.06692, "time_iter_std": 0.0, "accuracy": 0.95238, "accuracy_std": 0.0, "precision": 1.0, "precision_std": 0.0, "recall": 0.9, "recall_std": 0.0, "f1": 0.94737, "f1_std": 0.0, "auc": 0.99545, "auc_std": 0.0}
{"epoch": 57, "time_epoch": 0.20787, "time_epoch_std": 0.0, "eta": 17.18502, "eta_std": 0.0, "eta_hours": 0.00477, "eta_hours_std": 0.0, "loss": 0.25712, "loss_std": 0.0, "lr": 0.00039, "lr_std": 0.0, "params": 8313.0, "params_std": 0.0, "time_iter": 0.06929, "time_iter_std": 0.0, "accuracy": 0.95238, "accuracy_std": 0.0, "precision": 1.0, "precision_std": 0.0, "recall": 0.9, "recall_std": 0.0, "f1": 0.94737, "f1_std": 0.0, "auc": 0.99545, "auc_std": 0.0}
{"epoch": 58, "time_epoch": 0.20315, "time_epoch_std": 0.0, "eta": 16.63268, "eta_std": 0.0, "eta_hours": 0.00462, "eta_hours_std": 0.0, "loss": 0.23235, "loss_std": 0.0, "lr": 0.00038, "lr_std": 0.0, "params": 8313.0, "params_std": 0.0, "time_iter": 0.06772, "time_iter_std": 0.0, "accuracy": 0.97619, "accuracy_std": 0.0, "precision": 1.0, "precision_std": 0.0, "recall": 0.95, "recall_std": 0.0, "f1": 0.97436, "f1_std": 0.0, "auc": 1.0, "auc_std": 0.0}
{"epoch": 59, "time_epoch": 0.20438, "time_epoch_std": 0.0, "eta": 16.09281, "eta_std": 0.0, "eta_hours": 0.00447, "eta_hours_std": 0.0, "loss": 0.24539, "loss_std": 0.0, "lr": 0.00036, "lr_std": 0.0, "params": 8313.0, "params_std": 0.0, "time_iter": 0.06813, "time_iter_std": 0.0, "accuracy": 0.95238, "accuracy_std": 0.0, "precision": 1.0, "precision_std": 0.0, "recall": 0.9, "recall_std": 0.0, "f1": 0.94737, "f1_std": 0.0, "auc": 0.99773, "auc_std": 0.0}
{"epoch": 60, "time_epoch": 0.20121, "time_epoch_std": 0.0, "eta": 15.56191, "eta_std": 0.0, "eta_hours": 0.00432, "eta_hours_std": 0.0, "loss": 0.21185, "loss_std": 0.0, "lr": 0.00035, "lr_std": 0.0, "params": 8313.0, "params_std": 0.0, "time_iter": 0.06707, "time_iter_std": 0.0, "accuracy": 0.97619, "accuracy_std": 0.0, "precision": 1.0, "precision_std": 0.0, "recall": 0.95, "recall_std": 0.0, "f1": 0.97436, "f1_std": 0.0, "auc": 1.0, "auc_std": 0.0}
{"epoch": 61, "time_epoch": 0.23449, "time_epoch_std": 0.0, "eta": 15.06205, "eta_std": 0.0, "eta_hours": 0.00418, "eta_hours_std": 0.0, "loss": 0.22304, "loss_std": 0.0, "lr": 0.00033, "lr_std": 0.0, "params": 8313.0, "params_std": 0.0, "time_iter": 0.07816, "time_iter_std": 0.0, "accuracy": 0.97619, "accuracy_std": 0.0, "precision": 1.0, "precision_std": 0.0, "recall": 0.95, "recall_std": 0.0, "f1": 0.97436, "f1_std": 0.0, "auc": 1.0, "auc_std": 0.0}
{"epoch": 62, "time_epoch": 0.24287, "time_epoch_std": 0.0, "eta": 14.57553, "eta_std": 0.0, "eta_hours": 0.00405, "eta_hours_std": 0.0, "loss": 0.2648, "loss_std": 0.0, "lr": 0.00032, "lr_std": 0.0, "params": 8313.0, "params_std": 0.0, "time_iter": 0.08096, "time_iter_std": 0.0, "accuracy": 0.95238, "accuracy_std": 0.0, "precision": 1.0, "precision_std": 0.0, "recall": 0.9, "recall_std": 0.0, "f1": 0.94737, "f1_std": 0.0, "auc": 0.98864, "auc_std": 0.0}
{"epoch": 63, "time_epoch": 0.2432, "time_epoch_std": 0.0, "eta": 14.09681, "eta_std": 0.0, "eta_hours": 0.00392, "eta_hours_std": 0.0, "loss": 0.19153, "loss_std": 0.0, "lr": 0.0003, "lr_std": 0.0, "params": 8313.0, "params_std": 0.0, "time_iter": 0.08107, "time_iter_std": 0.0, "accuracy": 1.0, "accuracy_std": 0.0, "precision": 1.0, "precision_std": 0.0, "recall": 1.0, "recall_std": 0.0, "f1": 1.0, "f1_std": 0.0, "auc": 1.0, "auc_std": 0.0}
{"epoch": 64, "time_epoch": 0.25067, "time_epoch_std": 0.0, "eta": 13.62935, "eta_std": 0.0, "eta_hours": 0.00379, "eta_hours_std": 0.0, "loss": 0.19908, "loss_std": 0.0, "lr": 0.00029, "lr_std": 0.0, "params": 8313.0, "params_std": 0.0, "time_iter": 0.08356, "time_iter_std": 0.0, "accuracy": 1.0, "accuracy_std": 0.0, "precision": 1.0, "precision_std": 0.0, "recall": 1.0, "recall_std": 0.0, "f1": 1.0, "f1_std": 0.0, "auc": 1.0, "auc_std": 0.0}
{"epoch": 65, "time_epoch": 0.24738, "time_epoch_std": 0.0, "eta": 13.16678, "eta_std": 0.0, "eta_hours": 0.00366, "eta_hours_std": 0.0, "loss": 0.19336, "loss_std": 0.0, "lr": 0.00027, "lr_std": 0.0, "params": 8313.0, "params_std": 0.0, "time_iter": 0.08246, "time_iter_std": 0.0, "accuracy": 1.0, "accuracy_std": 0.0, "precision": 1.0, "precision_std": 0.0, "recall": 1.0, "recall_std": 0.0, "f1": 1.0, "f1_std": 0.0, "auc": 1.0, "auc_std": 0.0}
{"epoch": 66, "time_epoch": 0.24939, "time_epoch_std": 0.0, "eta": 12.71161, "eta_std": 0.0, "eta_hours": 0.00353, "eta_hours_std": 0.0, "loss": 0.22029, "loss_std": 0.0, "lr": 0.00026, "lr_std": 0.0, "params": 8313.0, "params_std": 0.0, "time_iter": 0.08313, "time_iter_std": 0.0, "accuracy": 0.97619, "accuracy_std": 0.0, "precision": 1.0, "precision_std": 0.0, "recall": 0.95, "recall_std": 0.0, "f1": 0.97436, "f1_std": 0.0, "auc": 1.0, "auc_std": 0.0}
{"epoch": 67, "time_epoch": 0.24939, "time_epoch_std": 0.0, "eta": 12.2625, "eta_std": 0.0, "eta_hours": 0.00341, "eta_hours_std": 0.0, "loss": 0.19204, "loss_std": 0.0, "lr": 0.00025, "lr_std": 0.0, "params": 8313.0, "params_std": 0.0, "time_iter": 0.08313, "time_iter_std": 0.0, "accuracy": 0.97619, "accuracy_std": 0.0, "precision": 1.0, "precision_std": 0.0, "recall": 0.95, "recall_std": 0.0, "f1": 0.97436, "f1_std": 0.0, "auc": 1.0, "auc_std": 0.0}
{"epoch": 68, "time_epoch": 0.25576, "time_epoch_std": 0.0, "eta": 11.82204, "eta_std": 0.0, "eta_hours": 0.00328, "eta_hours_std": 0.0, "loss": 0.21472, "loss_std": 0.0, "lr": 0.00023, "lr_std": 0.0, "params": 8313.0, "params_std": 0.0, "time_iter": 0.08525, "time_iter_std": 0.0, "accuracy": 0.97619, "accuracy_std": 0.0, "precision": 1.0, "precision_std": 0.0, "recall": 0.95, "recall_std": 0.0, "f1": 0.97436, "f1_std": 0.0, "auc": 0.99318, "auc_std": 0.0}
{"epoch": 69, "time_epoch": 0.25796, "time_epoch_std": 0.0, "eta": 11.3878, "eta_std": 0.0, "eta_hours": 0.00316, "eta_hours_std": 0.0, "loss": 0.16841, "loss_std": 0.0, "lr": 0.00022, "lr_std": 0.0, "params": 8313.0, "params_std": 0.0, "time_iter": 0.08599, "time_iter_std": 0.0, "accuracy": 1.0, "accuracy_std": 0.0, "precision": 1.0, "precision_std": 0.0, "recall": 1.0, "recall_std": 0.0, "f1": 1.0, "f1_std": 0.0, "auc": 1.0, "auc_std": 0.0}
{"epoch": 70, "time_epoch": 0.2503, "time_epoch_std": 0.0, "eta": 10.9554, "eta_std": 0.0, "eta_hours": 0.00304, "eta_hours_std": 0.0, "loss": 0.16962, "loss_std": 0.0, "lr": 0.00021, "lr_std": 0.0, "params": 8313.0, "params_std": 0.0, "time_iter": 0.08343, "time_iter_std": 0.0, "accuracy": 1.0, "accuracy_std": 0.0, "precision": 1.0, "precision_std": 0.0, "recall": 1.0, "recall_std": 0.0, "f1": 1.0, "f1_std": 0.0, "auc": 1.0, "auc_std": 0.0}
{"epoch": 71, "time_epoch": 0.25001, "time_epoch_std": 0.0, "eta": 10.52794, "eta_std": 0.0, "eta_hours": 0.00292, "eta_hours_std": 0.0, "loss": 0.17647, "loss_std": 0.0, "lr": 0.00019, "lr_std": 0.0, "params": 8313.0, "params_std": 0.0, "time_iter": 0.08334, "time_iter_std": 0.0, "accuracy": 0.97619, "accuracy_std": 0.0, "precision": 1.0, "precision_std": 0.0, "recall": 0.95, "recall_std": 0.0, "f1": 0.97436, "f1_std": 0.0, "auc": 1.0, "auc_std": 0.0}
{"epoch": 72, "time_epoch": 0.24595, "time_epoch_std": 0.0, "eta": 10.10384, "eta_std": 0.0, "eta_hours": 0.00281, "eta_hours_std": 0.0, "loss": 0.18597, "loss_std": 0.0, "lr": 0.00018, "lr_std": 0.0, "params": 8313.0, "params_std": 0.0, "time_iter": 0.08198, "time_iter_std": 0.0, "accuracy": 0.97619, "accuracy_std": 0.0, "precision": 1.0, "precision_std": 0.0, "recall": 0.95, "recall_std": 0.0, "f1": 0.97436, "f1_std": 0.0, "auc": 1.0, "auc_std": 0.0}
{"epoch": 73, "time_epoch": 0.24734, "time_epoch_std": 0.0, "eta": 9.68505, "eta_std": 0.0, "eta_hours": 0.00269, "eta_hours_std": 0.0, "loss": 0.15057, "loss_std": 0.0, "lr": 0.00017, "lr_std": 0.0, "params": 8313.0, "params_std": 0.0, "time_iter": 0.08245, "time_iter_std": 0.0, "accuracy": 1.0, "accuracy_std": 0.0, "precision": 1.0, "precision_std": 0.0, "recall": 1.0, "recall_std": 0.0, "f1": 1.0, "f1_std": 0.0, "auc": 1.0, "auc_std": 0.0}
{"epoch": 74, "time_epoch": 0.25209, "time_epoch_std": 0.0, "eta": 9.27241, "eta_std": 0.0, "eta_hours": 0.00258, "eta_hours_std": 0.0, "loss": 0.19567, "loss_std": 0.0, "lr": 0.00016, "lr_std": 0.0, "params": 8313.0, "params_std": 0.0, "time_iter": 0.08403, "time_iter_std": 0.0, "accuracy": 0.97619, "accuracy_std": 0.0, "precision": 1.0, "precision_std": 0.0, "recall": 0.95, "recall_std": 0.0, "f1": 0.97436, "f1_std": 0.0, "auc": 1.0, "auc_std": 0.0}
{"epoch": 75, "time_epoch": 0.25389, "time_epoch_std": 0.0, "eta": 8.86456, "eta_std": 0.0, "eta_hours": 0.00246, "eta_hours_std": 0.0, "loss": 0.16105, "loss_std": 0.0, "lr": 0.00015, "lr_std": 0.0, "params": 8313.0, "params_std": 0.0, "time_iter": 0.08463, "time_iter_std": 0.0, "accuracy": 1.0, "accuracy_std": 0.0, "precision": 1.0, "precision_std": 0.0, "recall": 1.0, "recall_std": 0.0, "f1": 1.0, "f1_std": 0.0, "auc": 1.0, "auc_std": 0.0}
{"epoch": 76, "time_epoch": 0.24718, "time_epoch_std": 0.0, "eta": 8.45871, "eta_std": 0.0, "eta_hours": 0.00235, "eta_hours_std": 0.0, "loss": 0.15091, "loss_std": 0.0, "lr": 0.00014, "lr_std": 0.0, "params": 8313.0, "params_std": 0.0, "time_iter": 0.08239, "time_iter_std": 0.0, "accuracy": 1.0, "accuracy_std": 0.0, "precision": 1.0, "precision_std": 0.0, "recall": 1.0, "recall_std": 0.0, "f1": 1.0, "f1_std": 0.0, "auc": 1.0, "auc_std": 0.0}
{"epoch": 77, "time_epoch": 0.24409, "time_epoch_std": 0.0, "eta": 8.05606, "eta_std": 0.0, "eta_hours": 0.00224, "eta_hours_std": 0.0, "loss": 0.14909, "loss_std": 0.0, "lr": 0.00012, "lr_std": 0.0, "params": 8313.0, "params_std": 0.0, "time_iter": 0.08136, "time_iter_std": 0.0, "accuracy": 1.0, "accuracy_std": 0.0, "precision": 1.0, "precision_std": 0.0, "recall": 1.0, "recall_std": 0.0, "f1": 1.0, "f1_std": 0.0, "auc": 1.0, "auc_std": 0.0}
{"epoch": 78, "time_epoch": 0.24652, "time_epoch_std": 0.0, "eta": 7.65806, "eta_std": 0.0, "eta_hours": 0.00213, "eta_hours_std": 0.0, "loss": 0.14105, "loss_std": 0.0, "lr": 0.00011, "lr_std": 0.0, "params": 8313.0, "params_std": 0.0, "time_iter": 0.08217, "time_iter_std": 0.0, "accuracy": 1.0, "accuracy_std": 0.0, "precision": 1.0, "precision_std": 0.0, "recall": 1.0, "recall_std": 0.0, "f1": 1.0, "f1_std": 0.0, "auc": 1.0, "auc_std": 0.0}
{"epoch": 79, "time_epoch": 0.24764, "time_epoch_std": 0.0, "eta": 7.26414, "eta_std": 0.0, "eta_hours": 0.00202, "eta_hours_std": 0.0, "loss": 0.19638, "loss_std": 0.0, "lr": 0.0001, "lr_std": 0.0, "params": 8313.0, "params_std": 0.0, "time_iter": 0.08255, "time_iter_std": 0.0, "accuracy": 0.95238, "accuracy_std": 0.0, "precision": 1.0, "precision_std": 0.0, "recall": 0.9, "recall_std": 0.0, "f1": 0.94737, "f1_std": 0.0, "auc": 0.99545, "auc_std": 0.0}
{"epoch": 80, "time_epoch": 0.24579, "time_epoch_std": 0.0, "eta": 6.87339, "eta_std": 0.0, "eta_hours": 0.00191, "eta_hours_std": 0.0, "loss": 0.1408, "loss_std": 0.0, "lr": 0.0001, "lr_std": 0.0, "params": 8313.0, "params_std": 0.0, "time_iter": 0.08193, "time_iter_std": 0.0, "accuracy": 1.0, "accuracy_std": 0.0, "precision": 1.0, "precision_std": 0.0, "recall": 1.0, "recall_std": 0.0, "f1": 1.0, "f1_std": 0.0, "auc": 1.0, "auc_std": 0.0}
{"epoch": 81, "time_epoch": 0.24484, "time_epoch_std": 0.0, "eta": 6.48597, "eta_std": 0.0, "eta_hours": 0.0018, "eta_hours_std": 0.0, "loss": 0.16343, "loss_std": 0.0, "lr": 9e-05, "lr_std": 0.0, "params": 8313.0, "params_std": 0.0, "time_iter": 0.08161, "time_iter_std": 0.0, "accuracy": 1.0, "accuracy_std": 0.0, "precision": 1.0, "precision_std": 0.0, "recall": 1.0, "recall_std": 0.0, "f1": 1.0, "f1_std": 0.0, "auc": 1.0, "auc_std": 0.0}
{"epoch": 82, "time_epoch": 0.24749, "time_epoch_std": 0.0, "eta": 6.10252, "eta_std": 0.0, "eta_hours": 0.0017, "eta_hours_std": 0.0, "loss": 0.16709, "loss_std": 0.0, "lr": 8e-05, "lr_std": 0.0, "params": 8313.0, "params_std": 0.0, "time_iter": 0.0825, "time_iter_std": 0.0, "accuracy": 1.0, "accuracy_std": 0.0, "precision": 1.0, "precision_std": 0.0, "recall": 1.0, "recall_std": 0.0, "f1": 1.0, "f1_std": 0.0, "auc": 1.0, "auc_std": 0.0}
{"epoch": 83, "time_epoch": 0.24335, "time_epoch_std": 0.0, "eta": 5.72153, "eta_std": 0.0, "eta_hours": 0.00159, "eta_hours_std": 0.0, "loss": 0.13509, "loss_std": 0.0, "lr": 7e-05, "lr_std": 0.0, "params": 8313.0, "params_std": 0.0, "time_iter": 0.08112, "time_iter_std": 0.0, "accuracy": 1.0, "accuracy_std": 0.0, "precision": 1.0, "precision_std": 0.0, "recall": 1.0, "recall_std": 0.0, "f1": 1.0, "f1_std": 0.0, "auc": 1.0, "auc_std": 0.0}
{"epoch": 84, "time_epoch": 0.24555, "time_epoch_std": 0.0, "eta": 5.34416, "eta_std": 0.0, "eta_hours": 0.00148, "eta_hours_std": 0.0, "loss": 0.16264, "loss_std": 0.0, "lr": 6e-05, "lr_std": 0.0, "params": 8313.0, "params_std": 0.0, "time_iter": 0.08185, "time_iter_std": 0.0, "accuracy": 0.97619, "accuracy_std": 0.0, "precision": 1.0, "precision_std": 0.0, "recall": 0.95, "recall_std": 0.0, "f1": 0.97436, "f1_std": 0.0, "auc": 1.0, "auc_std": 0.0}
{"epoch": 85, "time_epoch": 0.24771, "time_epoch_std": 0.0, "eta": 4.97021, "eta_std": 0.0, "eta_hours": 0.00138, "eta_hours_std": 0.0, "loss": 0.15967, "loss_std": 0.0, "lr": 5e-05, "lr_std": 0.0, "params": 8313.0, "params_std": 0.0, "time_iter": 0.08257, "time_iter_std": 0.0, "accuracy": 1.0, "accuracy_std": 0.0, "precision": 1.0, "precision_std": 0.0, "recall": 1.0, "recall_std": 0.0, "f1": 1.0, "f1_std": 0.0, "auc": 1.0, "auc_std": 0.0}
{"epoch": 86, "time_epoch": 0.25624, "time_epoch_std": 0.0, "eta": 4.60043, "eta_std": 0.0, "eta_hours": 0.00128, "eta_hours_std": 0.0, "loss": 0.13961, "loss_std": 0.0, "lr": 5e-05, "lr_std": 0.0, "params": 8313.0, "params_std": 0.0, "time_iter": 0.08541, "time_iter_std": 0.0, "accuracy": 1.0, "accuracy_std": 0.0, "precision": 1.0, "precision_std": 0.0, "recall": 1.0, "recall_std": 0.0, "f1": 1.0, "f1_std": 0.0, "auc": 1.0, "auc_std": 0.0}
{"epoch": 87, "time_epoch": 0.24605, "time_epoch_std": 0.0, "eta": 4.23185, "eta_std": 0.0, "eta_hours": 0.00118, "eta_hours_std": 0.0, "loss": 0.14913, "loss_std": 0.0, "lr": 4e-05, "lr_std": 0.0, "params": 8313.0, "params_std": 0.0, "time_iter": 0.08202, "time_iter_std": 0.0, "accuracy": 0.97619, "accuracy_std": 0.0, "precision": 1.0, "precision_std": 0.0, "recall": 0.95, "recall_std": 0.0, "f1": 0.97436, "f1_std": 0.0, "auc": 1.0, "auc_std": 0.0}
{"epoch": 88, "time_epoch": 0.2538, "time_epoch_std": 0.0, "eta": 3.86698, "eta_std": 0.0, "eta_hours": 0.00107, "eta_hours_std": 0.0, "loss": 0.16535, "loss_std": 0.0, "lr": 4e-05, "lr_std": 0.0, "params": 8313.0, "params_std": 0.0, "time_iter": 0.0846, "time_iter_std": 0.0, "accuracy": 0.97619, "accuracy_std": 0.0, "precision": 1.0, "precision_std": 0.0, "recall": 0.95, "recall_std": 0.0, "f1": 0.97436, "f1_std": 0.0, "auc": 1.0, "auc_std": 0.0}
{"epoch": 89, "time_epoch": 0.24172, "time_epoch_std": 0.0, "eta": 3.50323, "eta_std": 0.0, "eta_hours": 0.00097, "eta_hours_std": 0.0, "loss": 0.19582, "loss_std": 0.0, "lr": 3e-05, "lr_std": 0.0, "params": 8313.0, "params_std": 0.0, "time_iter": 0.08057, "time_iter_std": 0.0, "accuracy": 0.95238, "accuracy_std": 0.0, "precision": 1.0, "precision_std": 0.0, "recall": 0.9, "recall_std": 0.0, "f1": 0.94737, "f1_std": 0.0, "auc": 0.99318, "auc_std": 0.0}
{"epoch": 90, "time_epoch": 0.24775, "time_epoch_std": 0.0, "eta": 3.14276, "eta_std": 0.0, "eta_hours": 0.00087, "eta_hours_std": 0.0, "loss": 0.13472, "loss_std": 0.0, "lr": 2e-05, "lr_std": 0.0, "params": 8313.0, "params_std": 0.0, "time_iter": 0.08258, "time_iter_std": 0.0, "accuracy": 1.0, "accuracy_std": 0.0, "precision": 1.0, "precision_std": 0.0, "recall": 1.0, "recall_std": 0.0, "f1": 1.0, "f1_std": 0.0, "auc": 1.0, "auc_std": 0.0}
{"epoch": 91, "time_epoch": 0.24155, "time_epoch_std": 0.0, "eta": 2.78421, "eta_std": 0.0, "eta_hours": 0.00077, "eta_hours_std": 0.0, "loss": 0.13567, "loss_std": 0.0, "lr": 2e-05, "lr_std": 0.0, "params": 8313.0, "params_std": 0.0, "time_iter": 0.08052, "time_iter_std": 0.0, "accuracy": 1.0, "accuracy_std": 0.0, "precision": 1.0, "precision_std": 0.0, "recall": 1.0, "recall_std": 0.0, "f1": 1.0, "f1_std": 0.0, "auc": 1.0, "auc_std": 0.0}
{"epoch": 92, "time_epoch": 0.24095, "time_epoch_std": 0.0, "eta": 2.42812, "eta_std": 0.0, "eta_hours": 0.00067, "eta_hours_std": 0.0, "loss": 0.16482, "loss_std": 0.0, "lr": 2e-05, "lr_std": 0.0, "params": 8313.0, "params_std": 0.0, "time_iter": 0.08032, "time_iter_std": 0.0, "accuracy": 0.97619, "accuracy_std": 0.0, "precision": 1.0, "precision_std": 0.0, "recall": 0.95, "recall_std": 0.0, "f1": 0.97436, "f1_std": 0.0, "auc": 1.0, "auc_std": 0.0}
{"epoch": 93, "time_epoch": 0.24627, "time_epoch_std": 0.0, "eta": 2.07483, "eta_std": 0.0, "eta_hours": 0.00058, "eta_hours_std": 0.0, "loss": 0.14492, "loss_std": 0.0, "lr": 1e-05, "lr_std": 0.0, "params": 8313.0, "params_std": 0.0, "time_iter": 0.08209, "time_iter_std": 0.0, "accuracy": 1.0, "accuracy_std": 0.0, "precision": 1.0, "precision_std": 0.0, "recall": 1.0, "recall_std": 0.0, "f1": 1.0, "f1_std": 0.0, "auc": 1.0, "auc_std": 0.0}
{"epoch": 94, "time_epoch": 0.24227, "time_epoch_std": 0.0, "eta": 1.72357, "eta_std": 0.0, "eta_hours": 0.00048, "eta_hours_std": 0.0, "loss": 0.16787, "loss_std": 0.0, "lr": 1e-05, "lr_std": 0.0, "params": 8313.0, "params_std": 0.0, "time_iter": 0.08076, "time_iter_std": 0.0, "accuracy": 0.95238, "accuracy_std": 0.0, "precision": 1.0, "precision_std": 0.0, "recall": 0.9, "recall_std": 0.0, "f1": 0.94737, "f1_std": 0.0, "auc": 1.0, "auc_std": 0.0}
{"epoch": 95, "time_epoch": 0.24417, "time_epoch_std": 0.0, "eta": 1.37467, "eta_std": 0.0, "eta_hours": 0.00038, "eta_hours_std": 0.0, "loss": 0.14601, "loss_std": 0.0, "lr": 1e-05, "lr_std": 0.0, "params": 8313.0, "params_std": 0.0, "time_iter": 0.08139, "time_iter_std": 0.0, "accuracy": 1.0, "accuracy_std": 0.0, "precision": 1.0, "precision_std": 0.0, "recall": 1.0, "recall_std": 0.0, "f1": 1.0, "f1_std": 0.0, "auc": 1.0, "auc_std": 0.0}
{"epoch": 96, "time_epoch": 0.24376, "time_epoch_std": 0.0, "eta": 1.02791, "eta_std": 0.0, "eta_hours": 0.00029, "eta_hours_std": 0.0, "loss": 0.13855, "loss_std": 0.0, "lr": 0.0, "lr_std": 0.0, "params": 8313.0, "params_std": 0.0, "time_iter": 0.08125, "time_iter_std": 0.0, "accuracy": 1.0, "accuracy_std": 0.0, "precision": 1.0, "precision_std": 0.0, "recall": 1.0, "recall_std": 0.0, "f1": 1.0, "f1_std": 0.0, "auc": 1.0, "auc_std": 0.0}
{"epoch": 97, "time_epoch": 0.24126, "time_epoch_std": 0.0, "eta": 0.68321, "eta_std": 0.0, "eta_hours": 0.00019, "eta_hours_std": 0.0, "loss": 0.13767, "loss_std": 0.0, "lr": 0.0, "lr_std": 0.0, "params": 8313.0, "params_std": 0.0, "time_iter": 0.08042, "time_iter_std": 0.0, "accuracy": 1.0, "accuracy_std": 0.0, "precision": 1.0, "precision_std": 0.0, "recall": 1.0, "recall_std": 0.0, "f1": 1.0, "f1_std": 0.0, "auc": 1.0, "auc_std": 0.0}
{"epoch": 98, "time_epoch": 0.24562, "time_epoch_std": 0.0, "eta": 0.34063, "eta_std": 0.0, "eta_hours": 9e-05, "eta_hours_std": 0.0, "loss": 0.13882, "loss_std": 0.0, "lr": 0.0, "lr_std": 0.0, "params": 8313.0, "params_std": 0.0, "time_iter": 0.08187, "time_iter_std": 0.0, "accuracy": 0.97619, "accuracy_std": 0.0, "precision": 1.0, "precision_std": 0.0, "recall": 0.95, "recall_std": 0.0, "f1": 0.97436, "f1_std": 0.0, "auc": 1.0, "auc_std": 0.0}
{"epoch": 99, "time_epoch": 0.24516, "time_epoch_std": 0.0, "eta": 0.0, "eta_std": 0.0, "eta_hours": 0.0, "eta_hours_std": 0.0, "loss": 0.12915, "loss_std": 0.0, "lr": 0.0, "lr_std": 0.0, "params": 8313.0, "params_std": 0.0, "time_iter": 0.08172, "time_iter_std": 0.0, "accuracy": 1.0, "accuracy_std": 0.0, "precision": 1.0, "precision_std": 0.0, "recall": 1.0, "recall_std": 0.0, "f1": 1.0, "f1_std": 0.0, "auc": 1.0, "auc_std": 0.0}
