{"epoch": 0, "time_epoch": 1.4821, "time_epoch_std": 0.0, "eta": 146.7275, "eta_std": 0.0, "eta_hours": 0.04076, "eta_hours_std": 0.0, "loss": 0.69457, "loss_std": 0.0, "lr": 0.001, "lr_std": 0.0, "params": 4017.0, "params_std": 0.0, "time_iter": 0.01149, "time_iter_std": 0.0, "accuracy": 0.50536, "accuracy_std": 0.0, "precision": 0.50449, "precision_std": 0.0, "recall": 0.87016, "recall_std": 0.0, "f1": 0.63869, "f1_std": 0.0, "auc": 0.50496, "auc_std": 0.0}
{"epoch": 1, "time_epoch": 1.27529, "time_epoch_std": 0.0, "eta": 135.11173, "eta_std": 0.0, "eta_hours": 0.03753, "eta_hours_std": 0.0, "loss": 0.69349, "loss_std": 0.0, "lr": 0.001, "lr_std": 0.0, "params": 4017.0, "params_std": 0.0, "time_iter": 0.00989, "time_iter_std": 0.0, "accuracy": 0.50633, "accuracy_std": 0.0, "precision": 0.51731, "precision_std": 0.0, "recall": 0.26066, "recall_std": 0.0, "f1": 0.34665, "f1_std": 0.0, "auc": 0.49018, "auc_std": 0.0}
{"epoch": 2, "time_epoch": 1.29088, "time_epoch_std": 0.0, "eta": 130.89383, "eta_std": 0.0, "eta_hours": 0.03636, "eta_hours_std": 0.0, "loss": 0.69353, "loss_std": 0.0, "lr": 0.001, "lr_std": 0.0, "params": 4017.0, "params_std": 0.0, "time_iter": 0.01001, "time_iter_std": 0.0, "accuracy": 0.49026, "accuracy_std": 0.0, "precision": 0.49374, "precision_std": 0.0, "recall": 0.57364, "recall_std": 0.0, "f1": 0.5307, "f1_std": 0.0, "auc": 0.49108, "auc_std": 0.0}
{"epoch": 3, "time_epoch": 1.26789, "time_epoch_std": 0.0, "eta": 127.58772, "eta_std": 0.0, "eta_hours": 0.03544, "eta_hours_std": 0.0, "loss": 0.69344, "loss_std": 0.0, "lr": 0.001, "lr_std": 0.0, "params": 4017.0, "params_std": 0.0, "time_iter": 0.00983, "time_iter_std": 0.0, "accuracy": 0.49513, "accuracy_std": 0.0, "precision": 0.49838, "precision_std": 0.0, "recall": 0.74516, "recall_std": 0.0, "f1": 0.59728, "f1_std": 0.0, "auc": 0.48136, "auc_std": 0.0}
{"epoch": 4, "time_epoch": 1.28812, "time_epoch_std": 0.0, "eta": 125.48119, "eta_std": 0.0, "eta_hours": 0.03486, "eta_hours_std": 0.0, "loss": 0.69361, "loss_std": 0.0, "lr": 0.001, "lr_std": 0.0, "params": 4017.0, "params_std": 0.0, "time_iter": 0.00999, "time_iter_std": 0.0, "accuracy": 0.48783, "accuracy_std": 0.0, "precision": 0.49383, "precision_std": 0.0, "recall": 0.77616, "recall_std": 0.0, "f1": 0.60362, "f1_std": 0.0, "auc": 0.47429, "auc_std": 0.0}
{"epoch": 5, "time_epoch": 1.28775, "time_epoch_std": 0.0, "eta": 123.64168, "eta_std": 0.0, "eta_hours": 0.03434, "eta_hours_std": 0.0, "loss": 0.69348, "loss_std": 0.0, "lr": 0.00099, "lr_std": 0.0, "params": 4017.0, "params_std": 0.0, "time_iter": 0.00998, "time_iter_std": 0.0, "accuracy": 0.49951, "accuracy_std": 0.0, "precision": 0.50188, "precision_std": 0.0, "recall": 0.51647, "recall_std": 0.0, "f1": 0.50907, "f1_std": 0.0, "auc": 0.4916, "auc_std": 0.0}
{"epoch": 6, "time_epoch": 1.28681, "time_epoch_std": 0.0, "eta": 121.94734, "eta_std": 0.0, "eta_hours": 0.03387, "eta_hours_std": 0.0, "loss": 0.69356, "loss_std": 0.0, "lr": 0.00099, "lr_std": 0.0, "params": 4017.0, "params_std": 0.0, "time_iter": 0.00998, "time_iter_std": 0.0, "accuracy": 0.50243, "accuracy_std": 0.0, "precision": 0.50243, "precision_std": 0.0, "recall": 1.0, "recall_std": 0.0, "f1": 0.66883, "f1_std": 0.0, "auc": 0.47013, "auc_std": 0.0}
{"epoch": 7, "time_epoch": 1.26923, "time_epoch_std": 0.0, "eta": 120.15276, "eta_std": 0.0, "eta_hours": 0.03338, "eta_hours_std": 0.0, "loss": 0.69338, "loss_std": 0.0, "lr": 0.00099, "lr_std": 0.0, "params": 4017.0, "params_std": 0.0, "time_iter": 0.00984, "time_iter_std": 0.0, "accuracy": 0.4888, "accuracy_std": 0.0, "precision": 0.49233, "precision_std": 0.0, "recall": 0.56008, "recall_std": 0.0, "f1": 0.52403, "f1_std": 0.0, "auc": 0.47985, "auc_std": 0.0}
{"epoch": 8, "time_epoch": 1.26858, "time_epoch_std": 0.0, "eta": 118.46829, "eta_std": 0.0, "eta_hours": 0.03291, "eta_hours_std": 0.0, "loss": 0.69384, "loss_std": 0.0, "lr": 0.00098, "lr_std": 0.0, "params": 4017.0, "params_std": 0.0, "time_iter": 0.00983, "time_iter_std": 0.0, "accuracy": 0.48929, "accuracy_std": 0.0, "precision": 0.49504, "precision_std": 0.0, "recall": 0.82267, "recall_std": 0.0, "f1": 0.61813, "f1_std": 0.0, "auc": 0.46889, "auc_std": 0.0}
{"epoch": 9, "time_epoch": 1.29284, "time_epoch_std": 0.0, "eta": 117.08532, "eta_std": 0.0, "eta_hours": 0.03252, "eta_hours_std": 0.0, "loss": 0.69347, "loss_std": 0.0, "lr": 0.00098, "lr_std": 0.0, "params": 4017.0, "params_std": 0.0, "time_iter": 0.01002, "time_iter_std": 0.0, "accuracy": 0.48053, "accuracy_std": 0.0, "precision": 0.48687, "precision_std": 0.0, "recall": 0.62888, "recall_std": 0.0, "f1": 0.54884, "f1_std": 0.0, "auc": 0.46569, "auc_std": 0.0}
{"epoch": 10, "time_epoch": 1.28298, "time_epoch_std": 0.0, "eta": 115.63899, "eta_std": 0.0, "eta_hours": 0.03212, "eta_hours_std": 0.0, "loss": 0.69351, "loss_std": 0.0, "lr": 0.00098, "lr_std": 0.0, "params": 4017.0, "params_std": 0.0, "time_iter": 0.00995, "time_iter_std": 0.0, "accuracy": 0.49513, "accuracy_std": 0.0, "precision": 0.49804, "precision_std": 0.0, "recall": 0.61531, "recall_std": 0.0, "f1": 0.5505, "f1_std": 0.0, "auc": 0.48425, "auc_std": 0.0}
{"epoch": 11, "time_epoch": 1.30174, "time_epoch_std": 0.0, "eta": 114.35749, "eta_std": 0.0, "eta_hours": 0.03177, "eta_hours_std": 0.0, "loss": 0.69335, "loss_std": 0.0, "lr": 0.00097, "lr_std": 0.0, "params": 4017.0, "params_std": 0.0, "time_iter": 0.01009, "time_iter_std": 0.0, "accuracy": 0.49464, "accuracy_std": 0.0, "precision": 0.49841, "precision_std": 0.0, "recall": 0.91182, "recall_std": 0.0, "f1": 0.64452, "f1_std": 0.0, "auc": 0.47926, "auc_std": 0.0}
{"epoch": 12, "time_epoch": 1.30334, "time_epoch_std": 0.0, "eta": 113.08354, "eta_std": 0.0, "eta_hours": 0.03141, "eta_hours_std": 0.0, "loss": 0.69345, "loss_std": 0.0, "lr": 0.00096, "lr_std": 0.0, "params": 4017.0, "params_std": 0.0, "time_iter": 0.0101, "time_iter_std": 0.0, "accuracy": 0.49805, "accuracy_std": 0.0, "precision": 0.50077, "precision_std": 0.0, "recall": 0.31395, "recall_std": 0.0, "f1": 0.38594, "f1_std": 0.0, "auc": 0.48711, "auc_std": 0.0}
{"epoch": 13, "time_epoch": 1.27101, "time_epoch_std": 0.0, "eta": 111.60682, "eta_std": 0.0, "eta_hours": 0.031, "eta_hours_std": 0.0, "loss": 0.69322, "loss_std": 0.0, "lr": 0.00096, "lr_std": 0.0, "params": 4017.0, "params_std": 0.0, "time_iter": 0.00985, "time_iter_std": 0.0, "accuracy": 0.50243, "accuracy_std": 0.0, "precision": 0.50243, "precision_std": 0.0, "recall": 1.0, "recall_std": 0.0, "f1": 0.66883, "f1_std": 0.0, "auc": 0.51008, "auc_std": 0.0}
{"epoch": 14, "time_epoch": 1.2853, "time_epoch_std": 0.0, "eta": 110.23849, "eta_std": 0.0, "eta_hours": 0.03062, "eta_hours_std": 0.0, "loss": 0.6935, "loss_std": 0.0, "lr": 0.00095, "lr_std": 0.0, "params": 4017.0, "params_std": 0.0, "time_iter": 0.00996, "time_iter_std": 0.0, "accuracy": 0.4888, "accuracy_std": 0.0, "precision": 0.4625, "precision_std": 0.0, "recall": 0.10756, "recall_std": 0.0, "f1": 0.17453, "f1_std": 0.0, "auc": 0.47465, "auc_std": 0.0}
{"epoch": 15, "time_epoch": 1.29594, "time_epoch_std": 0.0, "eta": 108.93637, "eta_std": 0.0, "eta_hours": 0.03026, "eta_hours_std": 0.0, "loss": 0.69329, "loss_std": 0.0, "lr": 0.00095, "lr_std": 0.0, "params": 4017.0, "params_std": 0.0, "time_iter": 0.01005, "time_iter_std": 0.0, "accuracy": 0.49318, "accuracy_std": 0.0, "precision": 0.49496, "precision_std": 0.0, "recall": 0.42829, "recall_std": 0.0, "f1": 0.45922, "f1_std": 0.0, "auc": 0.48973, "auc_std": 0.0}
{"epoch": 16, "time_epoch": 1.282, "time_epoch_std": 0.0, "eta": 107.56693, "eta_std": 0.0, "eta_hours": 0.02988, "eta_hours_std": 0.0, "loss": 0.69338, "loss_std": 0.0, "lr": 0.00094, "lr_std": 0.0, "params": 4017.0, "params_std": 0.0, "time_iter": 0.00994, "time_iter_std": 0.0, "accuracy": 0.50243, "accuracy_std": 0.0, "precision": 0.50243, "precision_std": 0.0, "recall": 1.0, "recall_std": 0.0, "f1": 0.66883, "f1_std": 0.0, "auc": 0.48696, "auc_std": 0.0}
{"epoch": 17, "time_epoch": 1.2757, "time_epoch_std": 0.0, "eta": 106.17851, "eta_std": 0.0, "eta_hours": 0.02949, "eta_hours_std": 0.0, "loss": 0.69335, "loss_std": 0.0, "lr": 0.00093, "lr_std": 0.0, "params": 4017.0, "params_std": 0.0, "time_iter": 0.00989, "time_iter_std": 0.0, "accuracy": 0.48247, "accuracy_std": 0.0, "precision": 0.47795, "precision_std": 0.0, "recall": 0.32558, "recall_std": 0.0, "f1": 0.38732, "f1_std": 0.0, "auc": 0.47276, "auc_std": 0.0}
{"epoch": 18, "time_epoch": 1.29442, "time_epoch_std": 0.0, "eta": 104.88178, "eta_std": 0.0, "eta_hours": 0.02913, "eta_hours_std": 0.0, "loss": 0.69344, "loss_std": 0.0, "lr": 0.00092, "lr_std": 0.0, "params": 4017.0, "params_std": 0.0, "time_iter": 0.01003, "time_iter_std": 0.0, "accuracy": 0.49075, "accuracy_std": 0.0, "precision": 0.48205, "precision_std": 0.0, "recall": 0.18217, "recall_std": 0.0, "f1": 0.26442, "f1_std": 0.0, "auc": 0.47819, "auc_std": 0.0}
{"epoch": 19, "time_epoch": 1.28368, "time_epoch_std": 0.0, "eta": 103.54231, "eta_std": 0.0, "eta_hours": 0.02876, "eta_hours_std": 0.0, "loss": 0.69342, "loss_std": 0.0, "lr": 0.00091, "lr_std": 0.0, "params": 4017.0, "params_std": 0.0, "time_iter": 0.00995, "time_iter_std": 0.0, "accuracy": 0.50243, "accuracy_std": 0.0, "precision": 0.50243, "precision_std": 0.0, "recall": 1.0, "recall_std": 0.0, "f1": 0.66883, "f1_std": 0.0, "auc": 0.46712, "auc_std": 0.0}
{"epoch": 20, "time_epoch": 1.28495, "time_epoch_std": 0.0, "eta": 102.21292, "eta_std": 0.0, "eta_hours": 0.02839, "eta_hours_std": 0.0, "loss": 0.69331, "loss_std": 0.0, "lr": 0.0009, "lr_std": 0.0, "params": 4017.0, "params_std": 0.0, "time_iter": 0.00996, "time_iter_std": 0.0, "accuracy": 0.49367, "accuracy_std": 0.0, "precision": 0.49523, "precision_std": 0.0, "recall": 0.40213, "recall_std": 0.0, "f1": 0.44385, "f1_std": 0.0, "auc": 0.48389, "auc_std": 0.0}
{"epoch": 21, "time_epoch": 1.27928, "time_epoch_std": 0.0, "eta": 100.8675, "eta_std": 0.0, "eta_hours": 0.02802, "eta_hours_std": 0.0, "loss": 0.69347, "loss_std": 0.0, "lr": 0.0009, "lr_std": 0.0, "params": 4017.0, "params_std": 0.0, "time_iter": 0.00992, "time_iter_std": 0.0, "accuracy": 0.49562, "accuracy_std": 0.0, "precision": 0.49894, "precision_std": 0.0, "recall": 0.90795, "recall_std": 0.0, "f1": 0.64399, "f1_std": 0.0, "auc": 0.47768, "auc_std": 0.0}
{"epoch": 22, "time_epoch": 1.27566, "time_epoch_std": 0.0, "eta": 99.51569, "eta_std": 0.0, "eta_hours": 0.02764, "eta_hours_std": 0.0, "loss": 0.6933, "loss_std": 0.0, "lr": 0.00089, "lr_std": 0.0, "params": 4017.0, "params_std": 0.0, "time_iter": 0.00989, "time_iter_std": 0.0, "accuracy": 0.49367, "accuracy_std": 0.0, "precision": 0.49738, "precision_std": 0.0, "recall": 0.73547, "recall_std": 0.0, "f1": 0.59343, "f1_std": 0.0, "auc": 0.48675, "auc_std": 0.0}
{"epoch": 23, "time_epoch": 1.28523, "time_epoch_std": 0.0, "eta": 98.20053, "eta_std": 0.0, "eta_hours": 0.02728, "eta_hours_std": 0.0, "loss": 0.69335, "loss_std": 0.0, "lr": 0.00088, "lr_std": 0.0, "params": 4017.0, "params_std": 0.0, "time_iter": 0.00996, "time_iter_std": 0.0, "accuracy": 0.49757, "accuracy_std": 0.0, "precision": 0.5, "precision_std": 0.0, "recall": 0.45252, "recall_std": 0.0, "f1": 0.47508, "f1_std": 0.0, "auc": 0.48053, "auc_std": 0.0}
{"epoch": 24, "time_epoch": 1.29099, "time_epoch_std": 0.0, "eta": 96.90504, "eta_std": 0.0, "eta_hours": 0.02692, "eta_hours_std": 0.0, "loss": 0.69337, "loss_std": 0.0, "lr": 0.00086, "lr_std": 0.0, "params": 4017.0, "params_std": 0.0, "time_iter": 0.01001, "time_iter_std": 0.0, "accuracy": 0.50243, "accuracy_std": 0.0, "precision": 0.50243, "precision_std": 0.0, "recall": 1.0, "recall_std": 0.0, "f1": 0.66883, "f1_std": 0.0, "auc": 0.46968, "auc_std": 0.0}
{"epoch": 25, "time_epoch": 1.27841, "time_epoch_std": 0.0, "eta": 95.57409, "eta_std": 0.0, "eta_hours": 0.02655, "eta_hours_std": 0.0, "loss": 0.69338, "loss_std": 0.0, "lr": 0.00085, "lr_std": 0.0, "params": 4017.0, "params_std": 0.0, "time_iter": 0.00991, "time_iter_std": 0.0, "accuracy": 0.49367, "accuracy_std": 0.0, "precision": 0.49795, "precision_std": 0.0, "recall": 0.94186, "recall_std": 0.0, "f1": 0.65147, "f1_std": 0.0, "auc": 0.47775, "auc_std": 0.0}
{"epoch": 26, "time_epoch": 1.27477, "time_epoch_std": 0.0, "eta": 94.23721, "eta_std": 0.0, "eta_hours": 0.02618, "eta_hours_std": 0.0, "loss": 0.6933, "loss_std": 0.0, "lr": 0.00084, "lr_std": 0.0, "params": 4017.0, "params_std": 0.0, "time_iter": 0.00988, "time_iter_std": 0.0, "accuracy": 0.50146, "accuracy_std": 0.0, "precision": 0.50204, "precision_std": 0.0, "recall": 0.95252, "recall_std": 0.0, "f1": 0.65753, "f1_std": 0.0, "auc": 0.48194, "auc_std": 0.0}
{"epoch": 27, "time_epoch": 1.31991, "time_epoch_std": 0.0, "eta": 93.02083, "eta_std": 0.0, "eta_hours": 0.02584, "eta_hours_std": 0.0, "loss": 0.69341, "loss_std": 0.0, "lr": 0.00083, "lr_std": 0.0, "params": 4017.0, "params_std": 0.0, "time_iter": 0.01023, "time_iter_std": 0.0, "accuracy": 0.48978, "accuracy_std": 0.0, "precision": 0.49414, "precision_std": 0.0, "recall": 0.65407, "recall_std": 0.0, "f1": 0.56297, "f1_std": 0.0, "auc": 0.47182, "auc_std": 0.0}
{"epoch": 28, "time_epoch": 1.3037, "time_epoch_std": 0.0, "eta": 91.75763, "eta_std": 0.0, "eta_hours": 0.02549, "eta_hours_std": 0.0, "loss": 0.69338, "loss_std": 0.0, "lr": 0.00082, "lr_std": 0.0, "params": 4017.0, "params_std": 0.0, "time_iter": 0.01011, "time_iter_std": 0.0, "accuracy": 0.48978, "accuracy_std": 0.0, "precision": 0.49091, "precision_std": 0.0, "recall": 0.4186, "recall_std": 0.0, "f1": 0.45188, "f1_std": 0.0, "auc": 0.48635, "auc_std": 0.0}
{"epoch": 29, "time_epoch": 1.27805, "time_epoch_std": 0.0, "eta": 90.43188, "eta_std": 0.0, "eta_hours": 0.02512, "eta_hours_std": 0.0, "loss": 0.6933, "loss_std": 0.0, "lr": 0.00081, "lr_std": 0.0, "params": 4017.0, "params_std": 0.0, "time_iter": 0.00991, "time_iter_std": 0.0, "accuracy": 0.48588, "accuracy_std": 0.0, "precision": 0.4932, "precision_std": 0.0, "recall": 0.84399, "recall_std": 0.0, "f1": 0.62259, "f1_std": 0.0, "auc": 0.47263, "auc_std": 0.0}
{"epoch": 30, "time_epoch": 1.27749, "time_epoch_std": 0.0, "eta": 89.10797, "eta_std": 0.0, "eta_hours": 0.02475, "eta_hours_std": 0.0, "loss": 0.6933, "loss_std": 0.0, "lr": 0.00079, "lr_std": 0.0, "params": 4017.0, "params_std": 0.0, "time_iter": 0.0099, "time_iter_std": 0.0, "accuracy": 0.48004, "accuracy_std": 0.0, "precision": 0.48845, "precision_std": 0.0, "recall": 0.7374, "recall_std": 0.0, "f1": 0.58764, "f1_std": 0.0, "auc": 0.46922, "auc_std": 0.0}
{"epoch": 31, "time_epoch": 1.26828, "time_epoch_std": 0.0, "eta": 87.76737, "eta_std": 0.0, "eta_hours": 0.02438, "eta_hours_std": 0.0, "loss": 0.69334, "loss_std": 0.0, "lr": 0.00078, "lr_std": 0.0, "params": 4017.0, "params_std": 0.0, "time_iter": 0.00983, "time_iter_std": 0.0, "accuracy": 0.49172, "accuracy_std": 0.0, "precision": 0.49489, "precision_std": 0.0, "recall": 0.56298, "recall_std": 0.0, "f1": 0.52675, "f1_std": 0.0, "auc": 0.48259, "auc_std": 0.0}
{"epoch": 32, "time_epoch": 1.28398, "time_epoch_std": 0.0, "eta": 86.46304, "eta_std": 0.0, "eta_hours": 0.02402, "eta_hours_std": 0.0, "loss": 0.69331, "loss_std": 0.0, "lr": 0.00077, "lr_std": 0.0, "params": 4017.0, "params_std": 0.0, "time_iter": 0.00995, "time_iter_std": 0.0, "accuracy": 0.49464, "accuracy_std": 0.0, "precision": 0.49793, "precision_std": 0.0, "recall": 0.69767, "recall_std": 0.0, "f1": 0.58111, "f1_std": 0.0, "auc": 0.48433, "auc_std": 0.0}
{"epoch": 33, "time_epoch": 1.28839, "time_epoch_std": 0.0, "eta": 85.16847, "eta_std": 0.0, "eta_hours": 0.02366, "eta_hours_std": 0.0, "loss": 0.69335, "loss_std": 0.0, "lr": 0.00075, "lr_std": 0.0, "params": 4017.0, "params_std": 0.0, "time_iter": 0.00999, "time_iter_std": 0.0, "accuracy": 0.50243, "accuracy_std": 0.0, "precision": 0.50243, "precision_std": 0.0, "recall": 1.0, "recall_std": 0.0, "f1": 0.66883, "f1_std": 0.0, "auc": 0.47138, "auc_std": 0.0}
{"epoch": 34, "time_epoch": 1.27368, "time_epoch_std": 0.0, "eta": 83.84693, "eta_std": 0.0, "eta_hours": 0.02329, "eta_hours_std": 0.0, "loss": 0.69323, "loss_std": 0.0, "lr": 0.00074, "lr_std": 0.0, "params": 4017.0, "params_std": 0.0, "time_iter": 0.00987, "time_iter_std": 0.0, "accuracy": 0.50243, "accuracy_std": 0.0, "precision": 0.50243, "precision_std": 0.0, "recall": 1.0, "recall_std": 0.0, "f1": 0.66883, "f1_std": 0.0, "auc": 0.4858, "auc_std": 0.0}
{"epoch": 35, "time_epoch": 1.27119, "time_epoch_std": 0.0, "eta": 82.52362, "eta_std": 0.0, "eta_hours": 0.02292, "eta_hours_std": 0.0, "loss": 0.69325, "loss_std": 0.0, "lr": 0.00073, "lr_std": 0.0, "params": 4017.0, "params_std": 0.0, "time_iter": 0.00985, "time_iter_std": 0.0, "accuracy": 0.49464, "accuracy_std": 0.0, "precision": 0.49843, "precision_std": 0.0, "recall": 0.92248, "recall_std": 0.0, "f1": 0.64718, "f1_std": 0.0, "auc": 0.46181, "auc_std": 0.0}
{"epoch": 36, "time_epoch": 1.27852, "time_epoch_std": 0.0, "eta": 81.21561, "eta_std": 0.0, "eta_hours": 0.02256, "eta_hours_std": 0.0, "loss": 0.69329, "loss_std": 0.0, "lr": 0.00071, "lr_std": 0.0, "params": 4017.0, "params_std": 0.0, "time_iter": 0.00991, "time_iter_std": 0.0, "accuracy": 0.50243, "accuracy_std": 0.0, "precision": 0.50243, "precision_std": 0.0, "recall": 1.0, "recall_std": 0.0, "f1": 0.66883, "f1_std": 0.0, "auc": 0.4632, "auc_std": 0.0}
{"epoch": 37, "time_epoch": 1.2803, "time_epoch_std": 0.0, "eta": 79.91206, "eta_std": 0.0, "eta_hours": 0.0222, "eta_hours_std": 0.0, "loss": 0.69335, "loss_std": 0.0, "lr": 0.0007, "lr_std": 0.0, "params": 4017.0, "params_std": 0.0, "time_iter": 0.00992, "time_iter_std": 0.0, "accuracy": 0.48783, "accuracy_std": 0.0, "precision": 0.49182, "precision_std": 0.0, "recall": 0.58236, "recall_std": 0.0, "f1": 0.53327, "f1_std": 0.0, "auc": 0.47739, "auc_std": 0.0}
{"epoch": 38, "time_epoch": 1.27648, "time_epoch_std": 0.0, "eta": 78.60373, "eta_std": 0.0, "eta_hours": 0.02183, "eta_hours_std": 0.0, "loss": 0.69323, "loss_std": 0.0, "lr": 0.00068, "lr_std": 0.0, "params": 4017.0, "params_std": 0.0, "time_iter": 0.0099, "time_iter_std": 0.0, "accuracy": 0.50243, "accuracy_std": 0.0, "precision": 0.50243, "precision_std": 0.0, "recall": 1.0, "recall_std": 0.0, "f1": 0.66883, "f1_std": 0.0, "auc": 0.47733, "auc_std": 0.0}
{"epoch": 39, "time_epoch": 1.27395, "time_epoch_std": 0.0, "eta": 77.29318, "eta_std": 0.0, "eta_hours": 0.02147, "eta_hours_std": 0.0, "loss": 0.69327, "loss_std": 0.0, "lr": 0.00067, "lr_std": 0.0, "params": 4017.0, "params_std": 0.0, "time_iter": 0.00988, "time_iter_std": 0.0, "accuracy": 0.48296, "accuracy_std": 0.0, "precision": 0.48788, "precision_std": 0.0, "recall": 0.58527, "recall_std": 0.0, "f1": 0.53216, "f1_std": 0.0, "auc": 0.48218, "auc_std": 0.0}
{"epoch": 40, "time_epoch": 1.28832, "time_epoch_std": 0.0, "eta": 76.0051, "eta_std": 0.0, "eta_hours": 0.02111, "eta_hours_std": 0.0, "loss": 0.6932, "loss_std": 0.0, "lr": 0.00065, "lr_std": 0.0, "params": 4017.0, "params_std": 0.0, "time_iter": 0.00999, "time_iter_std": 0.0, "accuracy": 0.50243, "accuracy_std": 0.0, "precision": 0.50243, "precision_std": 0.0, "recall": 1.0, "recall_std": 0.0, "f1": 0.66883, "f1_std": 0.0, "auc": 0.4793, "auc_std": 0.0}
{"epoch": 41, "time_epoch": 1.27786, "time_epoch_std": 0.0, "eta": 74.70257, "eta_std": 0.0, "eta_hours": 0.02075, "eta_hours_std": 0.0, "loss": 0.69327, "loss_std": 0.0, "lr": 0.00064, "lr_std": 0.0, "params": 4017.0, "params_std": 0.0, "time_iter": 0.00991, "time_iter_std": 0.0, "accuracy": 0.48685, "accuracy_std": 0.0, "precision": 0.49377, "precision_std": 0.0, "recall": 0.84496, "recall_std": 0.0, "f1": 0.6233, "f1_std": 0.0, "auc": 0.47806, "auc_std": 0.0}
{"epoch": 42, "time_epoch": 1.27368, "time_epoch_std": 0.0, "eta": 73.39564, "eta_std": 0.0, "eta_hours": 0.02039, "eta_hours_std": 0.0, "loss": 0.69325, "loss_std": 0.0, "lr": 0.00062, "lr_std": 0.0, "params": 4017.0, "params_std": 0.0, "time_iter": 0.00987, "time_iter_std": 0.0, "accuracy": 0.4927, "accuracy_std": 0.0, "precision": 0.4974, "precision_std": 0.0, "recall": 0.92829, "recall_std": 0.0, "f1": 0.64773, "f1_std": 0.0, "auc": 0.47629, "auc_std": 0.0}
{"epoch": 43, "time_epoch": 1.27369, "time_epoch_std": 0.0, "eta": 72.09024, "eta_std": 0.0, "eta_hours": 0.02003, "eta_hours_std": 0.0, "loss": 0.69328, "loss_std": 0.0, "lr": 0.00061, "lr_std": 0.0, "params": 4017.0, "params_std": 0.0, "time_iter": 0.00987, "time_iter_std": 0.0, "accuracy": 0.48588, "accuracy_std": 0.0, "precision": 0.49288, "precision_std": 0.0, "recall": 0.80523, "recall_std": 0.0, "f1": 0.61148, "f1_std": 0.0, "auc": 0.45182, "auc_std": 0.0}
{"epoch": 44, "time_epoch": 1.2935, "time_epoch_std": 0.0, "eta": 70.81046, "eta_std": 0.0, "eta_hours": 0.01967, "eta_hours_std": 0.0, "loss": 0.69324, "loss_std": 0.0, "lr": 0.00059, "lr_std": 0.0, "params": 4017.0, "params_std": 0.0, "time_iter": 0.01003, "time_iter_std": 0.0, "accuracy": 0.50243, "accuracy_std": 0.0, "precision": 0.50243, "precision_std": 0.0, "recall": 1.0, "recall_std": 0.0, "f1": 0.66883, "f1_std": 0.0, "auc": 0.48585, "auc_std": 0.0}
{"epoch": 45, "time_epoch": 1.27307, "time_epoch_std": 0.0, "eta": 69.5061, "eta_std": 0.0, "eta_hours": 0.01931, "eta_hours_std": 0.0, "loss": 0.69327, "loss_std": 0.0, "lr": 0.00058, "lr_std": 0.0, "params": 4017.0, "params_std": 0.0, "time_iter": 0.00987, "time_iter_std": 0.0, "accuracy": 0.49464, "accuracy_std": 0.0, "precision": 0.49761, "precision_std": 0.0, "recall": 0.60465, "recall_std": 0.0, "f1": 0.54593, "f1_std": 0.0, "auc": 0.48379, "auc_std": 0.0}
{"epoch": 46, "time_epoch": 1.29552, "time_epoch_std": 0.0, "eta": 68.2284, "eta_std": 0.0, "eta_hours": 0.01895, "eta_hours_std": 0.0, "loss": 0.69323, "loss_std": 0.0, "lr": 0.00056, "lr_std": 0.0, "params": 4017.0, "params_std": 0.0, "time_iter": 0.01004, "time_iter_std": 0.0, "accuracy": 0.4927, "accuracy_std": 0.0, "precision": 0.49569, "precision_std": 0.0, "recall": 0.55717, "recall_std": 0.0, "f1": 0.52464, "f1_std": 0.0, "auc": 0.48818, "auc_std": 0.0}
{"epoch": 47, "time_epoch": 1.29974, "time_epoch_std": 0.0, "eta": 66.95452, "eta_std": 0.0, "eta_hours": 0.0186, "eta_hours_std": 0.0, "loss": 0.69327, "loss_std": 0.0, "lr": 0.00055, "lr_std": 0.0, "params": 4017.0, "params_std": 0.0, "time_iter": 0.01008, "time_iter_std": 0.0, "accuracy": 0.50243, "accuracy_std": 0.0, "precision": 0.50243, "precision_std": 0.0, "recall": 1.0, "recall_std": 0.0, "f1": 0.66883, "f1_std": 0.0, "auc": 0.48507, "auc_std": 0.0}
{"epoch": 48, "time_epoch": 1.28251, "time_epoch_std": 0.0, "eta": 65.66165, "eta_std": 0.0, "eta_hours": 0.01824, "eta_hours_std": 0.0, "loss": 0.69336, "loss_std": 0.0, "lr": 0.00053, "lr_std": 0.0, "params": 4017.0, "params_std": 0.0, "time_iter": 0.00994, "time_iter_std": 0.0, "accuracy": 0.48393, "accuracy_std": 0.0, "precision": 0.48597, "precision_std": 0.0, "recall": 0.46996, "recall_std": 0.0, "f1": 0.47783, "f1_std": 0.0, "auc": 0.47677, "auc_std": 0.0}
{"epoch": 49, "time_epoch": 1.27213, "time_epoch_std": 0.0, "eta": 64.35882, "eta_std": 0.0, "eta_hours": 0.01788, "eta_hours_std": 0.0, "loss": 0.69327, "loss_std": 0.0, "lr": 0.00052, "lr_std": 0.0, "params": 4017.0, "params_std": 0.0, "time_iter": 0.00986, "time_iter_std": 0.0, "accuracy": 0.50243, "accuracy_std": 0.0, "precision": 0.50243, "precision_std": 0.0, "recall": 1.0, "recall_std": 0.0, "f1": 0.66883, "f1_std": 0.0, "auc": 0.48472, "auc_std": 0.0}
{"epoch": 50, "time_epoch": 1.27643, "time_epoch_std": 0.0, "eta": 63.06132, "eta_std": 0.0, "eta_hours": 0.01752, "eta_hours_std": 0.0, "loss": 0.69327, "loss_std": 0.0, "lr": 0.0005, "lr_std": 0.0, "params": 4017.0, "params_std": 0.0, "time_iter": 0.00989, "time_iter_std": 0.0, "accuracy": 0.4927, "accuracy_std": 0.0, "precision": 0.49654, "precision_std": 0.0, "recall": 0.69574, "recall_std": 0.0, "f1": 0.5795, "f1_std": 0.0, "auc": 0.47148, "auc_std": 0.0}
{"epoch": 51, "time_epoch": 1.30375, "time_epoch_std": 0.0, "eta": 61.78984, "eta_std": 0.0, "eta_hours": 0.01716, "eta_hours_std": 0.0, "loss": 0.69329, "loss_std": 0.0, "lr": 0.00048, "lr_std": 0.0, "params": 4017.0, "params_std": 0.0, "time_iter": 0.01011, "time_iter_std": 0.0, "accuracy": 0.50243, "accuracy_std": 0.0, "precision": 0.50243, "precision_std": 0.0, "recall": 1.0, "recall_std": 0.0, "f1": 0.66883, "f1_std": 0.0, "auc": 0.45825, "auc_std": 0.0}
{"epoch": 52, "time_epoch": 1.30715, "time_epoch_std": 0.0, "eta": 60.52017, "eta_std": 0.0, "eta_hours": 0.01681, "eta_hours_std": 0.0, "loss": 0.69335, "loss_std": 0.0, "lr": 0.00047, "lr_std": 0.0, "params": 4017.0, "params_std": 0.0, "time_iter": 0.01013, "time_iter_std": 0.0, "accuracy": 0.48978, "accuracy_std": 0.0, "precision": 0.49574, "precision_std": 0.0, "recall": 0.90213, "recall_std": 0.0, "f1": 0.63986, "f1_std": 0.0, "auc": 0.45838, "auc_std": 0.0}
{"epoch": 53, "time_epoch": 1.28103, "time_epoch_std": 0.0, "eta": 59.22686, "eta_std": 0.0, "eta_hours": 0.01645, "eta_hours_std": 0.0, "loss": 0.69322, "loss_std": 0.0, "lr": 0.00045, "lr_std": 0.0, "params": 4017.0, "params_std": 0.0, "time_iter": 0.00993, "time_iter_std": 0.0, "accuracy": 0.50243, "accuracy_std": 0.0, "precision": 0.50243, "precision_std": 0.0, "recall": 1.0, "recall_std": 0.0, "f1": 0.66883, "f1_std": 0.0, "auc": 0.4574, "auc_std": 0.0}
{"epoch": 54, "time_epoch": 1.27812, "time_epoch_std": 0.0, "eta": 57.93161, "eta_std": 0.0, "eta_hours": 0.01609, "eta_hours_std": 0.0, "loss": 0.69328, "loss_std": 0.0, "lr": 0.00044, "lr_std": 0.0, "params": 4017.0, "params_std": 0.0, "time_iter": 0.00991, "time_iter_std": 0.0, "accuracy": 0.49075, "accuracy_std": 0.0, "precision": 0.48968, "precision_std": 0.0, "recall": 0.32171, "recall_std": 0.0, "f1": 0.3883, "f1_std": 0.0, "auc": 0.48419, "auc_std": 0.0}
{"epoch": 55, "time_epoch": 1.30397, "time_epoch_std": 0.0, "eta": 56.65729, "eta_std": 0.0, "eta_hours": 0.01574, "eta_hours_std": 0.0, "loss": 0.69325, "loss_std": 0.0, "lr": 0.00042, "lr_std": 0.0, "params": 4017.0, "params_std": 0.0, "time_iter": 0.01011, "time_iter_std": 0.0, "accuracy": 0.50243, "accuracy_std": 0.0, "precision": 0.50243, "precision_std": 0.0, "recall": 1.0, "recall_std": 0.0, "f1": 0.66883, "f1_std": 0.0, "auc": 0.47613, "auc_std": 0.0}
{"epoch": 56, "time_epoch": 1.30797, "time_epoch_std": 0.0, "eta": 55.38494, "eta_std": 0.0, "eta_hours": 0.01538, "eta_hours_std": 0.0, "loss": 0.69322, "loss_std": 0.0, "lr": 0.00041, "lr_std": 0.0, "params": 4017.0, "params_std": 0.0, "time_iter": 0.01014, "time_iter_std": 0.0, "accuracy": 0.49659, "accuracy_std": 0.0, "precision": 0.49873, "precision_std": 0.0, "recall": 0.38178, "recall_std": 0.0, "f1": 0.43249, "f1_std": 0.0, "auc": 0.48753, "auc_std": 0.0}
{"epoch": 57, "time_epoch": 1.27628, "time_epoch_std": 0.0, "eta": 54.08842, "eta_std": 0.0, "eta_hours": 0.01502, "eta_hours_std": 0.0, "loss": 0.69322, "loss_std": 0.0, "lr": 0.00039, "lr_std": 0.0, "params": 4017.0, "params_std": 0.0, "time_iter": 0.00989, "time_iter_std": 0.0, "accuracy": 0.50243, "accuracy_std": 0.0, "precision": 0.50243, "precision_std": 0.0, "recall": 1.0, "recall_std": 0.0, "f1": 0.66883, "f1_std": 0.0, "auc": 0.47454, "auc_std": 0.0}
{"epoch": 58, "time_epoch": 1.25673, "time_epoch_std": 0.0, "eta": 52.77899, "eta_std": 0.0, "eta_hours": 0.01466, "eta_hours_std": 0.0, "loss": 0.69319, "loss_std": 0.0, "lr": 0.00038, "lr_std": 0.0, "params": 4017.0, "params_std": 0.0, "time_iter": 0.00974, "time_iter_std": 0.0, "accuracy": 0.50243, "accuracy_std": 0.0, "precision": 0.50243, "precision_std": 0.0, "recall": 1.0, "recall_std": 0.0, "f1": 0.66883, "f1_std": 0.0, "auc": 0.47539, "auc_std": 0.0}
{"epoch": 59, "time_epoch": 1.30276, "time_epoch_std": 0.0, "eta": 51.50201, "eta_std": 0.0, "eta_hours": 0.01431, "eta_hours_std": 0.0, "loss": 0.6932, "loss_std": 0.0, "lr": 0.00036, "lr_std": 0.0, "params": 4017.0, "params_std": 0.0, "time_iter": 0.0101, "time_iter_std": 0.0, "accuracy": 0.50243, "accuracy_std": 0.0, "precision": 0.50243, "precision_std": 0.0, "recall": 1.0, "recall_std": 0.0, "f1": 0.66883, "f1_std": 0.0, "auc": 0.45975, "auc_std": 0.0}
{"epoch": 60, "time_epoch": 1.28495, "time_epoch_std": 0.0, "eta": 50.21279, "eta_std": 0.0, "eta_hours": 0.01395, "eta_hours_std": 0.0, "loss": 0.6932, "loss_std": 0.0, "lr": 0.00035, "lr_std": 0.0, "params": 4017.0, "params_std": 0.0, "time_iter": 0.00996, "time_iter_std": 0.0, "accuracy": 0.48978, "accuracy_std": 0.0, "precision": 0.49555, "precision_std": 0.0, "recall": 0.86337, "recall_std": 0.0, "f1": 0.62968, "f1_std": 0.0, "auc": 0.48469, "auc_std": 0.0}
{"epoch": 61, "time_epoch": 1.30197, "time_epoch_std": 0.0, "eta": 48.93415, "eta_std": 0.0, "eta_hours": 0.01359, "eta_hours_std": 0.0, "loss": 0.6932, "loss_std": 0.0, "lr": 0.00033, "lr_std": 0.0, "params": 4017.0, "params_std": 0.0, "time_iter": 0.01009, "time_iter_std": 0.0, "accuracy": 0.50243, "accuracy_std": 0.0, "precision": 0.50243, "precision_std": 0.0, "recall": 1.0, "recall_std": 0.0, "f1": 0.66883, "f1_std": 0.0, "auc": 0.47219, "auc_std": 0.0}
{"epoch": 62, "time_epoch": 1.29335, "time_epoch_std": 0.0, "eta": 47.6497, "eta_std": 0.0, "eta_hours": 0.01324, "eta_hours_std": 0.0, "loss": 0.69325, "loss_std": 0.0, "lr": 0.00032, "lr_std": 0.0, "params": 4017.0, "params_std": 0.0, "time_iter": 0.01003, "time_iter_std": 0.0, "accuracy": 0.50243, "accuracy_std": 0.0, "precision": 0.50243, "precision_std": 0.0, "recall": 1.0, "recall_std": 0.0, "f1": 0.66883, "f1_std": 0.0, "auc": 0.4758, "auc_std": 0.0}
{"epoch": 63, "time_epoch": 1.30464, "time_epoch_std": 0.0, "eta": 46.37133, "eta_std": 0.0, "eta_hours": 0.01288, "eta_hours_std": 0.0, "loss": 0.69326, "loss_std": 0.0, "lr": 0.0003, "lr_std": 0.0, "params": 4017.0, "params_std": 0.0, "time_iter": 0.01011, "time_iter_std": 0.0, "accuracy": 0.50243, "accuracy_std": 0.0, "precision": 0.50243, "precision_std": 0.0, "recall": 1.0, "recall_std": 0.0, "f1": 0.66883, "f1_std": 0.0, "auc": 0.48349, "auc_std": 0.0}
{"epoch": 64, "time_epoch": 1.33165, "time_epoch_std": 0.0, "eta": 45.10669, "eta_std": 0.0, "eta_hours": 0.01253, "eta_hours_std": 0.0, "loss": 0.6932, "loss_std": 0.0, "lr": 0.00029, "lr_std": 0.0, "params": 4017.0, "params_std": 0.0, "time_iter": 0.01032, "time_iter_std": 0.0, "accuracy": 0.50243, "accuracy_std": 0.0, "precision": 0.50243, "precision_std": 0.0, "recall": 1.0, "recall_std": 0.0, "f1": 0.66883, "f1_std": 0.0, "auc": 0.46329, "auc_std": 0.0}
{"epoch": 65, "time_epoch": 1.30668, "time_epoch_std": 0.0, "eta": 43.82716, "eta_std": 0.0, "eta_hours": 0.01217, "eta_hours_std": 0.0, "loss": 0.6932, "loss_std": 0.0, "lr": 0.00027, "lr_std": 0.0, "params": 4017.0, "params_std": 0.0, "time_iter": 0.01013, "time_iter_std": 0.0, "accuracy": 0.50243, "accuracy_std": 0.0, "precision": 0.50243, "precision_std": 0.0, "recall": 1.0, "recall_std": 0.0, "f1": 0.66883, "f1_std": 0.0, "auc": 0.47937, "auc_std": 0.0}
{"epoch": 66, "time_epoch": 1.30566, "time_epoch_std": 0.0, "eta": 42.54631, "eta_std": 0.0, "eta_hours": 0.01182, "eta_hours_std": 0.0, "loss": 0.69325, "loss_std": 0.0, "lr": 0.00026, "lr_std": 0.0, "params": 4017.0, "params_std": 0.0, "time_iter": 0.01012, "time_iter_std": 0.0, "accuracy": 0.50243, "accuracy_std": 0.0, "precision": 0.50243, "precision_std": 0.0, "recall": 1.0, "recall_std": 0.0, "f1": 0.66883, "f1_std": 0.0, "auc": 0.47118, "auc_std": 0.0}
{"epoch": 67, "time_epoch": 1.28153, "time_epoch_std": 0.0, "eta": 41.25338, "eta_std": 0.0, "eta_hours": 0.01146, "eta_hours_std": 0.0, "loss": 0.6932, "loss_std": 0.0, "lr": 0.00025, "lr_std": 0.0, "params": 4017.0, "params_std": 0.0, "time_iter": 0.00993, "time_iter_std": 0.0, "accuracy": 0.50243, "accuracy_std": 0.0, "precision": 0.50243, "precision_std": 0.0, "recall": 1.0, "recall_std": 0.0, "f1": 0.66883, "f1_std": 0.0, "auc": 0.47099, "auc_std": 0.0}
{"epoch": 68, "time_epoch": 1.29172, "time_epoch_std": 0.0, "eta": 39.96536, "eta_std": 0.0, "eta_hours": 0.0111, "eta_hours_std": 0.0, "loss": 0.69321, "loss_std": 0.0, "lr": 0.00023, "lr_std": 0.0, "params": 4017.0, "params_std": 0.0, "time_iter": 0.01001, "time_iter_std": 0.0, "accuracy": 0.47907, "accuracy_std": 0.0, "precision": 0.48742, "precision_std": 0.0, "recall": 0.71318, "recall_std": 0.0, "f1": 0.57907, "f1_std": 0.0, "auc": 0.46766, "auc_std": 0.0}
{"epoch": 69, "time_epoch": 1.31072, "time_epoch_std": 0.0, "eta": 38.68538, "eta_std": 0.0, "eta_hours": 0.01075, "eta_hours_std": 0.0, "loss": 0.69323, "loss_std": 0.0, "lr": 0.00022, "lr_std": 0.0, "params": 4017.0, "params_std": 0.0, "time_iter": 0.01016, "time_iter_std": 0.0, "accuracy": 0.50243, "accuracy_std": 0.0, "precision": 0.50243, "precision_std": 0.0, "recall": 1.0, "recall_std": 0.0, "f1": 0.66883, "f1_std": 0.0, "auc": 0.45636, "auc_std": 0.0}
{"epoch": 70, "time_epoch": 1.31242, "time_epoch_std": 0.0, "eta": 37.40522, "eta_std": 0.0, "eta_hours": 0.01039, "eta_hours_std": 0.0, "loss": 0.69317, "loss_std": 0.0, "lr": 0.00021, "lr_std": 0.0, "params": 4017.0, "params_std": 0.0, "time_iter": 0.01017, "time_iter_std": 0.0, "accuracy": 0.50243, "accuracy_std": 0.0, "precision": 0.50243, "precision_std": 0.0, "recall": 1.0, "recall_std": 0.0, "f1": 0.66883, "f1_std": 0.0, "auc": 0.47523, "auc_std": 0.0}
{"epoch": 71, "time_epoch": 1.28504, "time_epoch_std": 0.0, "eta": 36.11352, "eta_std": 0.0, "eta_hours": 0.01003, "eta_hours_std": 0.0, "loss": 0.69325, "loss_std": 0.0, "lr": 0.00019, "lr_std": 0.0, "params": 4017.0, "params_std": 0.0, "time_iter": 0.00996, "time_iter_std": 0.0, "accuracy": 0.50243, "accuracy_std": 0.0, "precision": 0.50243, "precision_std": 0.0, "recall": 1.0, "recall_std": 0.0, "f1": 0.66883, "f1_std": 0.0, "auc": 0.47528, "auc_std": 0.0}
{"epoch": 72, "time_epoch": 1.28705, "time_epoch_std": 0.0, "eta": 34.82275, "eta_std": 0.0, "eta_hours": 0.00967, "eta_hours_std": 0.0, "loss": 0.69318, "loss_std": 0.0, "lr": 0.00018, "lr_std": 0.0, "params": 4017.0, "params_std": 0.0, "time_iter": 0.00998, "time_iter_std": 0.0, "accuracy": 0.50243, "accuracy_std": 0.0, "precision": 0.50243, "precision_std": 0.0, "recall": 1.0, "recall_std": 0.0, "f1": 0.66883, "f1_std": 0.0, "auc": 0.48758, "auc_std": 0.0}
{"epoch": 73, "time_epoch": 1.30368, "time_epoch_std": 0.0, "eta": 33.53792, "eta_std": 0.0, "eta_hours": 0.00932, "eta_hours_std": 0.0, "loss": 0.69319, "loss_std": 0.0, "lr": 0.00017, "lr_std": 0.0, "params": 4017.0, "params_std": 0.0, "time_iter": 0.01011, "time_iter_std": 0.0, "accuracy": 0.50243, "accuracy_std": 0.0, "precision": 0.50243, "precision_std": 0.0, "recall": 1.0, "recall_std": 0.0, "f1": 0.66883, "f1_std": 0.0, "auc": 0.46599, "auc_std": 0.0}
{"epoch": 74, "time_epoch": 1.31449, "time_epoch_std": 0.0, "eta": 32.25619, "eta_std": 0.0, "eta_hours": 0.00896, "eta_hours_std": 0.0, "loss": 0.69319, "loss_std": 0.0, "lr": 0.00016, "lr_std": 0.0, "params": 4017.0, "params_std": 0.0, "time_iter": 0.01019, "time_iter_std": 0.0, "accuracy": 0.50243, "accuracy_std": 0.0, "precision": 0.50243, "precision_std": 0.0, "recall": 1.0, "recall_std": 0.0, "f1": 0.66883, "f1_std": 0.0, "auc": 0.46532, "auc_std": 0.0}
{"epoch": 75, "time_epoch": 1.2894, "time_epoch_std": 0.0, "eta": 30.96567, "eta_std": 0.0, "eta_hours": 0.0086, "eta_hours_std": 0.0, "loss": 0.69318, "loss_std": 0.0, "lr": 0.00015, "lr_std": 0.0, "params": 4017.0, "params_std": 0.0, "time_iter": 0.01, "time_iter_std": 0.0, "accuracy": 0.50243, "accuracy_std": 0.0, "precision": 0.50243, "precision_std": 0.0, "recall": 1.0, "recall_std": 0.0, "f1": 0.66883, "f1_std": 0.0, "auc": 0.47466, "auc_std": 0.0}
{"epoch": 76, "time_epoch": 1.2899, "time_epoch_std": 0.0, "eta": 29.67534, "eta_std": 0.0, "eta_hours": 0.00824, "eta_hours_std": 0.0, "loss": 0.69316, "loss_std": 0.0, "lr": 0.00014, "lr_std": 0.0, "params": 4017.0, "params_std": 0.0, "time_iter": 0.01, "time_iter_std": 0.0, "accuracy": 0.50243, "accuracy_std": 0.0, "precision": 0.50243, "precision_std": 0.0, "recall": 1.0, "recall_std": 0.0, "f1": 0.66883, "f1_std": 0.0, "auc": 0.4724, "auc_std": 0.0}
{"epoch": 77, "time_epoch": 1.31292, "time_epoch_std": 0.0, "eta": 28.3915, "eta_std": 0.0, "eta_hours": 0.00789, "eta_hours_std": 0.0, "loss": 0.69318, "loss_std": 0.0, "lr": 0.00012, "lr_std": 0.0, "params": 4017.0, "params_std": 0.0, "time_iter": 0.01018, "time_iter_std": 0.0, "accuracy": 0.50243, "accuracy_std": 0.0, "precision": 0.50243, "precision_std": 0.0, "recall": 1.0, "recall_std": 0.0, "f1": 0.66883, "f1_std": 0.0, "auc": 0.47648, "auc_std": 0.0}
{"epoch": 78, "time_epoch": 1.29859, "time_epoch_std": 0.0, "eta": 27.10312, "eta_std": 0.0, "eta_hours": 0.00753, "eta_hours_std": 0.0, "loss": 0.69316, "loss_std": 0.0, "lr": 0.00011, "lr_std": 0.0, "params": 4017.0, "params_std": 0.0, "time_iter": 0.01007, "time_iter_std": 0.0, "accuracy": 0.50243, "accuracy_std": 0.0, "precision": 0.50243, "precision_std": 0.0, "recall": 1.0, "recall_std": 0.0, "f1": 0.66883, "f1_std": 0.0, "auc": 0.47889, "auc_std": 0.0}
{"epoch": 79, "time_epoch": 1.29265, "time_epoch_std": 0.0, "eta": 25.81301, "eta_std": 0.0, "eta_hours": 0.00717, "eta_hours_std": 0.0, "loss": 0.69315, "loss_std": 0.0, "lr": 0.0001, "lr_std": 0.0, "params": 4017.0, "params_std": 0.0, "time_iter": 0.01002, "time_iter_std": 0.0, "accuracy": 0.50243, "accuracy_std": 0.0, "precision": 0.50243, "precision_std": 0.0, "recall": 1.0, "recall_std": 0.0, "f1": 0.66883, "f1_std": 0.0, "auc": 0.47515, "auc_std": 0.0}
{"epoch": 80, "time_epoch": 1.29409, "time_epoch_std": 0.0, "eta": 24.52316, "eta_std": 0.0, "eta_hours": 0.00681, "eta_hours_std": 0.0, "loss": 0.69316, "loss_std": 0.0, "lr": 0.0001, "lr_std": 0.0, "params": 4017.0, "params_std": 0.0, "time_iter": 0.01003, "time_iter_std": 0.0, "accuracy": 0.50243, "accuracy_std": 0.0, "precision": 0.50243, "precision_std": 0.0, "recall": 1.0, "recall_std": 0.0, "f1": 0.66883, "f1_std": 0.0, "auc": 0.47759, "auc_std": 0.0}
{"epoch": 81, "time_epoch": 1.2898, "time_epoch_std": 0.0, "eta": 23.23227, "eta_std": 0.0, "eta_hours": 0.00645, "eta_hours_std": 0.0, "loss": 0.69316, "loss_std": 0.0, "lr": 9e-05, "lr_std": 0.0, "params": 4017.0, "params_std": 0.0, "time_iter": 0.01, "time_iter_std": 0.0, "accuracy": 0.50243, "accuracy_std": 0.0, "precision": 0.50243, "precision_std": 0.0, "recall": 1.0, "recall_std": 0.0, "f1": 0.66883, "f1_std": 0.0, "auc": 0.47813, "auc_std": 0.0}
{"epoch": 82, "time_epoch": 1.29051, "time_epoch_std": 0.0, "eta": 21.94156, "eta_std": 0.0, "eta_hours": 0.00609, "eta_hours_std": 0.0, "loss": 0.69317, "loss_std": 0.0, "lr": 8e-05, "lr_std": 0.0, "params": 4017.0, "params_std": 0.0, "time_iter": 0.01, "time_iter_std": 0.0, "accuracy": 0.50243, "accuracy_std": 0.0, "precision": 0.50243, "precision_std": 0.0, "recall": 1.0, "recall_std": 0.0, "f1": 0.66883, "f1_std": 0.0, "auc": 0.46459, "auc_std": 0.0}
{"epoch": 83, "time_epoch": 1.29045, "time_epoch_std": 0.0, "eta": 20.65083, "eta_std": 0.0, "eta_hours": 0.00574, "eta_hours_std": 0.0, "loss": 0.69315, "loss_std": 0.0, "lr": 7e-05, "lr_std": 0.0, "params": 4017.0, "params_std": 0.0, "time_iter": 0.01, "time_iter_std": 0.0, "accuracy": 0.50243, "accuracy_std": 0.0, "precision": 0.50243, "precision_std": 0.0, "recall": 1.0, "recall_std": 0.0, "f1": 0.66883, "f1_std": 0.0, "auc": 0.46408, "auc_std": 0.0}
{"epoch": 84, "time_epoch": 1.28737, "time_epoch_std": 0.0, "eta": 19.35957, "eta_std": 0.0, "eta_hours": 0.00538, "eta_hours_std": 0.0, "loss": 0.69314, "loss_std": 0.0, "lr": 6e-05, "lr_std": 0.0, "params": 4017.0, "params_std": 0.0, "time_iter": 0.00998, "time_iter_std": 0.0, "accuracy": 0.50243, "accuracy_std": 0.0, "precision": 0.50243, "precision_std": 0.0, "recall": 1.0, "recall_std": 0.0, "f1": 0.66883, "f1_std": 0.0, "auc": 0.46758, "auc_std": 0.0}
{"epoch": 85, "time_epoch": 1.27516, "time_epoch_std": 0.0, "eta": 18.06641, "eta_std": 0.0, "eta_hours": 0.00502, "eta_hours_std": 0.0, "loss": 0.69315, "loss_std": 0.0, "lr": 5e-05, "lr_std": 0.0, "params": 4017.0, "params_std": 0.0, "time_iter": 0.00988, "time_iter_std": 0.0, "accuracy": 0.50243, "accuracy_std": 0.0, "precision": 0.50243, "precision_std": 0.0, "recall": 1.0, "recall_std": 0.0, "f1": 0.66883, "f1_std": 0.0, "auc": 0.48247, "auc_std": 0.0}
{"epoch": 86, "time_epoch": 1.28388, "time_epoch_std": 0.0, "eta": 16.77497, "eta_std": 0.0, "eta_hours": 0.00466, "eta_hours_std": 0.0, "loss": 0.69316, "loss_std": 0.0, "lr": 5e-05, "lr_std": 0.0, "params": 4017.0, "params_std": 0.0, "time_iter": 0.00995, "time_iter_std": 0.0, "accuracy": 0.50243, "accuracy_std": 0.0, "precision": 0.50243, "precision_std": 0.0, "recall": 1.0, "recall_std": 0.0, "f1": 0.66883, "f1_std": 0.0, "auc": 0.47187, "auc_std": 0.0}
{"epoch": 87, "time_epoch": 1.28913, "time_epoch_std": 0.0, "eta": 15.48442, "eta_std": 0.0, "eta_hours": 0.0043, "eta_hours_std": 0.0, "loss": 0.69315, "loss_std": 0.0, "lr": 4e-05, "lr_std": 0.0, "params": 4017.0, "params_std": 0.0, "time_iter": 0.00999, "time_iter_std": 0.0, "accuracy": 0.50243, "accuracy_std": 0.0, "precision": 0.50243, "precision_std": 0.0, "recall": 1.0, "recall_std": 0.0, "f1": 0.66883, "f1_std": 0.0, "auc": 0.47097, "auc_std": 0.0}
{"epoch": 88, "time_epoch": 1.29429, "time_epoch_std": 0.0, "eta": 14.19454, "eta_std": 0.0, "eta_hours": 0.00394, "eta_hours_std": 0.0, "loss": 0.69315, "loss_std": 0.0, "lr": 4e-05, "lr_std": 0.0, "params": 4017.0, "params_std": 0.0, "time_iter": 0.01003, "time_iter_std": 0.0, "accuracy": 0.50243, "accuracy_std": 0.0, "precision": 0.50243, "precision_std": 0.0, "recall": 1.0, "recall_std": 0.0, "f1": 0.66883, "f1_std": 0.0, "auc": 0.48256, "auc_std": 0.0}
{"epoch": 89, "time_epoch": 1.28386, "time_epoch_std": 0.0, "eta": 12.90339, "eta_std": 0.0, "eta_hours": 0.00358, "eta_hours_std": 0.0, "loss": 0.69314, "loss_std": 0.0, "lr": 3e-05, "lr_std": 0.0, "params": 4017.0, "params_std": 0.0, "time_iter": 0.00995, "time_iter_std": 0.0, "accuracy": 0.50243, "accuracy_std": 0.0, "precision": 0.50243, "precision_std": 0.0, "recall": 1.0, "recall_std": 0.0, "f1": 0.66883, "f1_std": 0.0, "auc": 0.48016, "auc_std": 0.0}
{"epoch": 90, "time_epoch": 1.28058, "time_epoch_std": 0.0, "eta": 11.61209, "eta_std": 0.0, "eta_hours": 0.00323, "eta_hours_std": 0.0, "loss": 0.69314, "loss_std": 0.0, "lr": 2e-05, "lr_std": 0.0, "params": 4017.0, "params_std": 0.0, "time_iter": 0.00993, "time_iter_std": 0.0, "accuracy": 0.50243, "accuracy_std": 0.0, "precision": 0.50243, "precision_std": 0.0, "recall": 1.0, "recall_std": 0.0, "f1": 0.66883, "f1_std": 0.0, "auc": 0.48172, "auc_std": 0.0}
{"epoch": 91, "time_epoch": 1.28998, "time_epoch_std": 0.0, "eta": 10.32184, "eta_std": 0.0, "eta_hours": 0.00287, "eta_hours_std": 0.0, "loss": 0.69314, "loss_std": 0.0, "lr": 2e-05, "lr_std": 0.0, "params": 4017.0, "params_std": 0.0, "time_iter": 0.01, "time_iter_std": 0.0, "accuracy": 0.50243, "accuracy_std": 0.0, "precision": 0.50243, "precision_std": 0.0, "recall": 1.0, "recall_std": 0.0, "f1": 0.66883, "f1_std": 0.0, "auc": 0.4821, "auc_std": 0.0}
{"epoch": 92, "time_epoch": 1.26075, "time_epoch_std": 0.0, "eta": 9.02939, "eta_std": 0.0, "eta_hours": 0.00251, "eta_hours_std": 0.0, "loss": 0.69314, "loss_std": 0.0, "lr": 2e-05, "lr_std": 0.0, "params": 4017.0, "params_std": 0.0, "time_iter": 0.00977, "time_iter_std": 0.0, "accuracy": 0.50243, "accuracy_std": 0.0, "precision": 0.50243, "precision_std": 0.0, "recall": 1.0, "recall_std": 0.0, "f1": 0.66883, "f1_std": 0.0, "auc": 0.47923, "auc_std": 0.0}
{"epoch": 93, "time_epoch": 1.29242, "time_epoch_std": 0.0, "eta": 7.73963, "eta_std": 0.0, "eta_hours": 0.00215, "eta_hours_std": 0.0, "loss": 0.69314, "loss_std": 0.0, "lr": 1e-05, "lr_std": 0.0, "params": 4017.0, "params_std": 0.0, "time_iter": 0.01002, "time_iter_std": 0.0, "accuracy": 0.50243, "accuracy_std": 0.0, "precision": 0.50243, "precision_std": 0.0, "recall": 1.0, "recall_std": 0.0, "f1": 0.66883, "f1_std": 0.0, "auc": 0.48115, "auc_std": 0.0}
{"epoch": 94, "time_epoch": 1.28681, "time_epoch_std": 0.0, "eta": 6.44953, "eta_std": 0.0, "eta_hours": 0.00179, "eta_hours_std": 0.0, "loss": 0.69314, "loss_std": 0.0, "lr": 1e-05, "lr_std": 0.0, "params": 4017.0, "params_std": 0.0, "time_iter": 0.00998, "time_iter_std": 0.0, "accuracy": 0.50243, "accuracy_std": 0.0, "precision": 0.50243, "precision_std": 0.0, "recall": 1.0, "recall_std": 0.0, "f1": 0.66883, "f1_std": 0.0, "auc": 0.47539, "auc_std": 0.0}
{"epoch": 95, "time_epoch": 1.29567, "time_epoch_std": 0.0, "eta": 5.15986, "eta_std": 0.0, "eta_hours": 0.00143, "eta_hours_std": 0.0, "loss": 0.69314, "loss_std": 0.0, "lr": 1e-05, "lr_std": 0.0, "params": 4017.0, "params_std": 0.0, "time_iter": 0.01004, "time_iter_std": 0.0, "accuracy": 0.50243, "accuracy_std": 0.0, "precision": 0.50243, "precision_std": 0.0, "recall": 1.0, "recall_std": 0.0, "f1": 0.66883, "f1_std": 0.0, "auc": 0.4772, "auc_std": 0.0}
{"epoch": 96, "time_epoch": 1.298, "time_epoch_std": 0.0, "eta": 3.87015, "eta_std": 0.0, "eta_hours": 0.00108, "eta_hours_std": 0.0, "loss": 0.69314, "loss_std": 0.0, "lr": 0.0, "lr_std": 0.0, "params": 4017.0, "params_std": 0.0, "time_iter": 0.01006, "time_iter_std": 0.0, "accuracy": 0.50243, "accuracy_std": 0.0, "precision": 0.50243, "precision_std": 0.0, "recall": 1.0, "recall_std": 0.0, "f1": 0.66883, "f1_std": 0.0, "auc": 0.48257, "auc_std": 0.0}
{"epoch": 97, "time_epoch": 1.28533, "time_epoch_std": 0.0, "eta": 2.58, "eta_std": 0.0, "eta_hours": 0.00072, "eta_hours_std": 0.0, "loss": 0.69314, "loss_std": 0.0, "lr": 0.0, "lr_std": 0.0, "params": 4017.0, "params_std": 0.0, "time_iter": 0.00996, "time_iter_std": 0.0, "accuracy": 0.50243, "accuracy_std": 0.0, "precision": 0.50243, "precision_std": 0.0, "recall": 1.0, "recall_std": 0.0, "f1": 0.66883, "f1_std": 0.0, "auc": 0.46908, "auc_std": 0.0}
{"epoch": 98, "time_epoch": 1.29323, "time_epoch_std": 0.0, "eta": 1.29003, "eta_std": 0.0, "eta_hours": 0.00036, "eta_hours_std": 0.0, "loss": 0.69314, "loss_std": 0.0, "lr": 0.0, "lr_std": 0.0, "params": 4017.0, "params_std": 0.0, "time_iter": 0.01003, "time_iter_std": 0.0, "accuracy": 0.50243, "accuracy_std": 0.0, "precision": 0.50243, "precision_std": 0.0, "recall": 1.0, "recall_std": 0.0, "f1": 0.66883, "f1_std": 0.0, "auc": 0.48641, "auc_std": 0.0}
{"epoch": 99, "time_epoch": 1.26811, "time_epoch_std": 0.0, "eta": 0.0, "eta_std": 0.0, "eta_hours": 0.0, "eta_hours_std": 0.0, "loss": 0.69314, "loss_std": 0.0, "lr": 0.0, "lr_std": 0.0, "params": 4017.0, "params_std": 0.0, "time_iter": 0.00983, "time_iter_std": 0.0, "accuracy": 0.50243, "accuracy_std": 0.0, "precision": 0.50243, "precision_std": 0.0, "recall": 1.0, "recall_std": 0.0, "f1": 0.66883, "f1_std": 0.0, "auc": 0.47892, "auc_std": 0.0}
