{"epoch": 0, "time_epoch": 26.0337, "eta": 2577.33653, "eta_hours": 0.71593, "loss": 1.10216206, "lr": 0.001, "params": 5327, "time_iter": 0.13848, "accuracy": 0.34533, "f1": 0.26813, "auc": 0.47293}
{"epoch": 1, "time_epoch": 13.16403, "eta": 1920.68866, "eta_hours": 0.53352, "loss": 1.09974926, "lr": 0.00099975, "params": 5327, "time_iter": 0.07002, "accuracy": 0.352, "f1": 0.17646, "auc": 0.47648}
{"epoch": 2, "time_epoch": 13.13903, "eta": 1692.22184, "eta_hours": 0.47006, "loss": 1.09958278, "lr": 0.00099901, "params": 5327, "time_iter": 0.06989, "accuracy": 0.35467, "f1": 0.17454, "auc": 0.46725}
{"epoch": 3, "time_epoch": 13.122, "eta": 1571.01018, "eta_hours": 0.43639, "loss": 1.09942157, "lr": 0.00099778, "params": 5327, "time_iter": 0.0698, "accuracy": 0.34933, "f1": 0.18479, "auc": 0.46778}
{"epoch": 4, "time_epoch": 13.18983, "eta": 1494.32319, "eta_hours": 0.41509, "loss": 1.09913697, "lr": 0.00099606, "params": 5327, "time_iter": 0.07016, "accuracy": 0.35467, "f1": 0.17454, "auc": 0.47137}
{"epoch": 5, "time_epoch": 13.14894, "eta": 1438.16133, "eta_hours": 0.39949, "loss": 1.09883305, "lr": 0.00099384, "params": 5327, "time_iter": 0.06994, "accuracy": 0.356, "f1": 0.17747, "auc": 0.48122}
{"epoch": 6, "time_epoch": 13.09055, "eta": 1393.51314, "eta_hours": 0.38709, "loss": 1.10043957, "lr": 0.00099114, "params": 5327, "time_iter": 0.06963, "accuracy": 0.33867, "f1": 0.1914, "auc": 0.48701}
{"epoch": 7, "time_epoch": 13.13565, "eta": 1357.27294, "eta_hours": 0.37702, "loss": 1.099078, "lr": 0.00098796, "params": 5327, "time_iter": 0.06987, "accuracy": 0.36, "f1": 0.20599, "auc": 0.4828}
{"epoch": 8, "time_epoch": 13.10995, "eta": 1325.90726, "eta_hours": 0.36831, "loss": 1.09923868, "lr": 0.00098429, "params": 5327, "time_iter": 0.06973, "accuracy": 0.35467, "f1": 0.17454, "auc": 0.47272}
{"epoch": 9, "time_epoch": 13.10267, "eta": 1298.12716, "eta_hours": 0.36059, "loss": 1.09909425, "lr": 0.00098015, "params": 5327, "time_iter": 0.0697, "accuracy": 0.35067, "f1": 0.18126, "auc": 0.47233}
{"epoch": 10, "time_epoch": 13.10963, "eta": 1273.07203, "eta_hours": 0.35363, "loss": 1.09805671, "lr": 0.00097553, "params": 5327, "time_iter": 0.06973, "accuracy": 0.35467, "f1": 0.17454, "auc": 0.47495}
{"epoch": 11, "time_epoch": 13.11948, "eta": 1250.08008, "eta_hours": 0.34724, "loss": 1.09746379, "lr": 0.00097044, "params": 5327, "time_iter": 0.06978, "accuracy": 0.35733, "f1": 0.30116, "auc": 0.5061}
{"epoch": 12, "time_epoch": 12.29151, "eta": 1223.0659, "eta_hours": 0.33974, "loss": 1.09895619, "lr": 0.00096489, "params": 5327, "time_iter": 0.06538, "accuracy": 0.35467, "f1": 0.19103, "auc": 0.49031}
{"epoch": 13, "time_epoch": 12.26976, "eta": 1198.02135, "eta_hours": 0.33278, "loss": 1.09838232, "lr": 0.00095888, "params": 5327, "time_iter": 0.06526, "accuracy": 0.344, "f1": 0.30532, "auc": 0.50622}
{"epoch": 14, "time_epoch": 12.02615, "eta": 1173.29968, "eta_hours": 0.32592, "loss": 1.09876932, "lr": 0.00095241, "params": 5327, "time_iter": 0.06397, "accuracy": 0.352, "f1": 0.21599, "auc": 0.49096}
{"epoch": 15, "time_epoch": 12.17632, "eta": 1150.9533, "eta_hours": 0.31971, "loss": 1.09824179, "lr": 0.0009455, "params": 5327, "time_iter": 0.06477, "accuracy": 0.352, "f1": 0.18358, "auc": 0.49458}
{"epoch": 16, "time_epoch": 11.7959, "eta": 1127.9461, "eta_hours": 0.31332, "loss": 1.09825897, "lr": 0.00093815, "params": 5327, "time_iter": 0.06274, "accuracy": 0.35333, "f1": 0.21981, "auc": 0.49447}
{"epoch": 17, "time_epoch": 12.28953, "eta": 1108.43335, "eta_hours": 0.3079, "loss": 1.09626579, "lr": 0.00093037, "params": 5327, "time_iter": 0.06537, "accuracy": 0.34533, "f1": 0.25301, "auc": 0.5051}
{"epoch": 18, "time_epoch": 12.28015, "eta": 1089.64092, "eta_hours": 0.30268, "loss": 1.09427234, "lr": 0.00092216, "params": 5327, "time_iter": 0.06532, "accuracy": 0.356, "f1": 0.28288, "auc": 0.53082}
{"epoch": 19, "time_epoch": 12.21865, "eta": 1071.25375, "eta_hours": 0.29757, "loss": 1.09313324, "lr": 0.00091354, "params": 5327, "time_iter": 0.06499, "accuracy": 0.39867, "f1": 0.31204, "auc": 0.54231}
{"epoch": 20, "time_epoch": 12.09829, "eta": 1053.00128, "eta_hours": 0.2925, "loss": 1.09590103, "lr": 0.00090451, "params": 5327, "time_iter": 0.06435, "accuracy": 0.388, "f1": 0.29962, "auc": 0.52408}
{"epoch": 21, "time_epoch": 12.14521, "eta": 1035.47462, "eta_hours": 0.28763, "loss": 1.08895676, "lr": 0.00089508, "params": 5327, "time_iter": 0.0646, "accuracy": 0.38267, "f1": 0.30085, "auc": 0.54819}
{"epoch": 22, "time_epoch": 12.26471, "eta": 1018.81596, "eta_hours": 0.283, "loss": 1.08814893, "lr": 0.00088526, "params": 5327, "time_iter": 0.06524, "accuracy": 0.41733, "f1": 0.32799, "auc": 0.53445}
{"epoch": 23, "time_epoch": 12.29313, "eta": 1002.61348, "eta_hours": 0.2785, "loss": 1.08489527, "lr": 0.00087506, "params": 5327, "time_iter": 0.06539, "accuracy": 0.41067, "f1": 0.32469, "auc": 0.54605}
{"epoch": 24, "time_epoch": 12.01671, "eta": 985.89449, "eta_hours": 0.27386, "loss": 1.08756336, "lr": 0.00086448, "params": 5327, "time_iter": 0.06392, "accuracy": 0.38933, "f1": 0.35168, "auc": 0.55175}
{"epoch": 25, "time_epoch": 12.26198, "eta": 970.23529, "eta_hours": 0.26951, "loss": 1.08777037, "lr": 0.00085355, "params": 5327, "time_iter": 0.06522, "accuracy": 0.39467, "f1": 0.34108, "auc": 0.55767}
{"epoch": 26, "time_epoch": 12.12312, "eta": 954.4523, "eta_hours": 0.26513, "loss": 1.07964071, "lr": 0.00084227, "params": 5327, "time_iter": 0.06448, "accuracy": 0.42667, "f1": 0.36582, "auc": 0.5717}
{"epoch": 27, "time_epoch": 12.24566, "eta": 939.24583, "eta_hours": 0.2609, "loss": 1.08514796, "lr": 0.00083066, "params": 5327, "time_iter": 0.06514, "accuracy": 0.40133, "f1": 0.36005, "auc": 0.56418}
{"epoch": 28, "time_epoch": 12.37067, "eta": 924.5496, "eta_hours": 0.25682, "loss": 1.08649047, "lr": 0.00081871, "params": 5327, "time_iter": 0.0658, "accuracy": 0.39733, "f1": 0.36523, "auc": 0.55561}
{"epoch": 29, "time_epoch": 12.1971, "eta": 909.60342, "eta_hours": 0.25267, "loss": 1.08831067, "lr": 0.00080645, "params": 5327, "time_iter": 0.06488, "accuracy": 0.40267, "f1": 0.35051, "auc": 0.56183}
{"epoch": 30, "time_epoch": 12.23337, "eta": 894.91532, "eta_hours": 0.24859, "loss": 1.07934906, "lr": 0.00079389, "params": 5327, "time_iter": 0.06507, "accuracy": 0.39333, "f1": 0.37149, "auc": 0.57875}
{"epoch": 31, "time_epoch": 12.2464, "eta": 880.40833, "eta_hours": 0.24456, "loss": 1.08471857, "lr": 0.00078104, "params": 5327, "time_iter": 0.06514, "accuracy": 0.38133, "f1": 0.35599, "auc": 0.56755}
{"epoch": 32, "time_epoch": 12.34679, "eta": 866.24218, "eta_hours": 0.24062, "loss": 1.08590478, "lr": 0.00076791, "params": 5327, "time_iter": 0.06567, "accuracy": 0.38933, "f1": 0.33496, "auc": 0.56206}
{"epoch": 33, "time_epoch": 12.36303, "eta": 852.21457, "eta_hours": 0.23673, "loss": 1.07808253, "lr": 0.00075452, "params": 5327, "time_iter": 0.06576, "accuracy": 0.41333, "f1": 0.37895, "auc": 0.57746}
{"epoch": 34, "time_epoch": 12.28792, "eta": 838.14258, "eta_hours": 0.23282, "loss": 1.08335329, "lr": 0.00074088, "params": 5327, "time_iter": 0.06536, "accuracy": 0.41867, "f1": 0.39525, "auc": 0.57234}
{"epoch": 35, "time_epoch": 12.3691, "eta": 824.31404, "eta_hours": 0.22898, "loss": 1.07750143, "lr": 0.000727, "params": 5327, "time_iter": 0.06579, "accuracy": 0.428, "f1": 0.37128, "auc": 0.58273}
{"epoch": 36, "time_epoch": 12.25271, "eta": 810.3662, "eta_hours": 0.2251, "loss": 1.08149907, "lr": 0.00071289, "params": 5327, "time_iter": 0.06517, "accuracy": 0.42, "f1": 0.39702, "auc": 0.57655}
{"epoch": 37, "time_epoch": 12.29095, "eta": 796.56998, "eta_hours": 0.22127, "loss": 1.0879264, "lr": 0.00069857, "params": 5327, "time_iter": 0.06538, "accuracy": 0.39733, "f1": 0.3559, "auc": 0.5649}
{"epoch": 38, "time_epoch": 12.37868, "eta": 782.98817, "eta_hours": 0.2175, "loss": 1.08783064, "lr": 0.00068406, "params": 5327, "time_iter": 0.06584, "accuracy": 0.412, "f1": 0.3957, "auc": 0.56322}
{"epoch": 39, "time_epoch": 12.25302, "eta": 769.27801, "eta_hours": 0.21369, "loss": 1.08390792, "lr": 0.00066937, "params": 5327, "time_iter": 0.06518, "accuracy": 0.412, "f1": 0.38014, "auc": 0.56891}
{"epoch": 40, "time_epoch": 12.3038, "eta": 755.71201, "eta_hours": 0.20992, "loss": 1.08131214, "lr": 0.00065451, "params": 5327, "time_iter": 0.06545, "accuracy": 0.42, "f1": 0.40499, "auc": 0.57339}
{"epoch": 41, "time_epoch": 12.28373, "eta": 742.17841, "eta_hours": 0.20616, "loss": 1.08620058, "lr": 0.0006395, "params": 5327, "time_iter": 0.06534, "accuracy": 0.41333, "f1": 0.3903, "auc": 0.55769}
{"epoch": 42, "time_epoch": 12.27367, "eta": 728.68959, "eta_hours": 0.20241, "loss": 1.08766558, "lr": 0.00062434, "params": 5327, "time_iter": 0.06529, "accuracy": 0.38533, "f1": 0.36283, "auc": 0.55378}
{"epoch": 43, "time_epoch": 12.24729, "eta": 715.22245, "eta_hours": 0.19867, "loss": 1.09394203, "lr": 0.00060907, "params": 5327, "time_iter": 0.06515, "accuracy": 0.37867, "f1": 0.35358, "auc": 0.54695}
{"epoch": 44, "time_epoch": 12.17561, "eta": 701.7219, "eta_hours": 0.19492, "loss": 1.07822389, "lr": 0.00059369, "params": 5327, "time_iter": 0.06476, "accuracy": 0.416, "f1": 0.40194, "auc": 0.57638}
{"epoch": 45, "time_epoch": 12.2356, "eta": 688.34939, "eta_hours": 0.19121, "loss": 1.08166301, "lr": 0.00057822, "params": 5327, "time_iter": 0.06508, "accuracy": 0.40267, "f1": 0.38034, "auc": 0.56917}
{"epoch": 46, "time_epoch": 12.23786, "eta": 675.0278, "eta_hours": 0.18751, "loss": 1.07817999, "lr": 0.00056267, "params": 5327, "time_iter": 0.06509, "accuracy": 0.42533, "f1": 0.40149, "auc": 0.58411}
{"epoch": 47, "time_epoch": 12.16767, "eta": 661.67533, "eta_hours": 0.1838, "loss": 1.08687408, "lr": 0.00054705, "params": 5327, "time_iter": 0.06472, "accuracy": 0.40267, "f1": 0.35922, "auc": 0.55967}
{"epoch": 48, "time_epoch": 12.05579, "eta": 648.25478, "eta_hours": 0.18007, "loss": 1.08802307, "lr": 0.0005314, "params": 5327, "time_iter": 0.06413, "accuracy": 0.41467, "f1": 0.40292, "auc": 0.56307}
{"epoch": 49, "time_epoch": 12.1658, "eta": 634.99882, "eta_hours": 0.17639, "loss": 1.07700251, "lr": 0.00051571, "params": 5327, "time_iter": 0.06471, "accuracy": 0.39067, "f1": 0.36329, "auc": 0.57829}
{"epoch": 50, "time_epoch": 11.84608, "eta": 621.47843, "eta_hours": 0.17263, "loss": 1.08244341, "lr": 0.0005, "params": 5327, "time_iter": 0.06301, "accuracy": 0.42133, "f1": 0.40042, "auc": 0.57694}
{"epoch": 51, "time_epoch": 12.09558, "eta": 608.25275, "eta_hours": 0.16896, "loss": 1.07930783, "lr": 0.00048429, "params": 5327, "time_iter": 0.06434, "accuracy": 0.42667, "f1": 0.41671, "auc": 0.58574}
{"epoch": 52, "time_epoch": 12.33195, "eta": 595.27933, "eta_hours": 0.16536, "loss": 1.08928681, "lr": 0.0004686, "params": 5327, "time_iter": 0.0656, "accuracy": 0.36267, "f1": 0.35658, "auc": 0.55733}
{"epoch": 53, "time_epoch": 12.21234, "eta": 582.22776, "eta_hours": 0.16173, "loss": 1.08905472, "lr": 0.00045295, "params": 5327, "time_iter": 0.06496, "accuracy": 0.42, "f1": 0.41652, "auc": 0.56247}
{"epoch": 54, "time_epoch": 12.17882, "eta": 569.1793, "eta_hours": 0.15811, "loss": 1.0811758, "lr": 0.00043733, "params": 5327, "time_iter": 0.06478, "accuracy": 0.41067, "f1": 0.39703, "auc": 0.57613}
{"epoch": 55, "time_epoch": 12.25996, "eta": 556.22564, "eta_hours": 0.15451, "loss": 1.08904275, "lr": 0.00042178, "params": 5327, "time_iter": 0.06521, "accuracy": 0.39333, "f1": 0.37103, "auc": 0.55159}
{"epoch": 56, "time_epoch": 12.25805, "eta": 543.29489, "eta_hours": 0.15092, "loss": 1.09052773, "lr": 0.00040631, "params": 5327, "time_iter": 0.0652, "accuracy": 0.4, "f1": 0.38825, "auc": 0.55467}
{"epoch": 57, "time_epoch": 12.32157, "eta": 530.43333, "eta_hours": 0.14734, "loss": 1.0787887, "lr": 0.00039093, "params": 5327, "time_iter": 0.06554, "accuracy": 0.42133, "f1": 0.41312, "auc": 0.58418}
{"epoch": 58, "time_epoch": 12.18541, "eta": 517.49545, "eta_hours": 0.14375, "loss": 1.08594985, "lr": 0.00037566, "params": 5327, "time_iter": 0.06482, "accuracy": 0.39333, "f1": 0.38784, "auc": 0.5703}
{"epoch": 59, "time_epoch": 12.17707, "eta": 504.5771, "eta_hours": 0.14016, "loss": 1.07751328, "lr": 0.0003605, "params": 5327, "time_iter": 0.06477, "accuracy": 0.40933, "f1": 0.39914, "auc": 0.58381}
{"epoch": 60, "time_epoch": 12.21472, "eta": 491.70712, "eta_hours": 0.13659, "loss": 1.08214415, "lr": 0.00034549, "params": 5327, "time_iter": 0.06497, "accuracy": 0.39467, "f1": 0.38114, "auc": 0.56634}
{"epoch": 61, "time_epoch": 12.21681, "eta": 478.85956, "eta_hours": 0.13302, "loss": 1.07884542, "lr": 0.00033063, "params": 5327, "time_iter": 0.06498, "accuracy": 0.40133, "f1": 0.38535, "auc": 0.5772}
{"epoch": 62, "time_epoch": 12.1539, "eta": 465.99508, "eta_hours": 0.12944, "loss": 1.08473491, "lr": 0.00031594, "params": 5327, "time_iter": 0.06465, "accuracy": 0.39733, "f1": 0.38427, "auc": 0.56477}
{"epoch": 63, "time_epoch": 12.75266, "eta": 453.48961, "eta_hours": 0.12597, "loss": 1.07999202, "lr": 0.00030143, "params": 5327, "time_iter": 0.06783, "accuracy": 0.408, "f1": 0.39357, "auc": 0.57198}
{"epoch": 64, "time_epoch": 12.68011, "eta": 440.93746, "eta_hours": 0.12248, "loss": 1.07844998, "lr": 0.00028711, "params": 5327, "time_iter": 0.06745, "accuracy": 0.424, "f1": 0.41205, "auc": 0.57793}
{"epoch": 65, "time_epoch": 12.65124, "eta": 428.36656, "eta_hours": 0.11899, "loss": 1.07340287, "lr": 0.000273, "params": 5327, "time_iter": 0.06729, "accuracy": 0.43467, "f1": 0.42268, "auc": 0.59113}
{"epoch": 66, "time_epoch": 12.65543, "eta": 415.79533, "eta_hours": 0.1155, "loss": 1.07311772, "lr": 0.00025912, "params": 5327, "time_iter": 0.06732, "accuracy": 0.416, "f1": 0.40068, "auc": 0.58759}
{"epoch": 67, "time_epoch": 12.73619, "eta": 403.25963, "eta_hours": 0.11202, "loss": 1.08077909, "lr": 0.00024548, "params": 5327, "time_iter": 0.06775, "accuracy": 0.40667, "f1": 0.40083, "auc": 0.57248}
{"epoch": 68, "time_epoch": 12.68285, "eta": 390.69415, "eta_hours": 0.10853, "loss": 1.08429629, "lr": 0.00023209, "params": 5327, "time_iter": 0.06746, "accuracy": 0.40667, "f1": 0.39831, "auc": 0.5742}
{"epoch": 69, "time_epoch": 12.75642, "eta": 378.15685, "eta_hours": 0.10504, "loss": 1.08171385, "lr": 0.00021896, "params": 5327, "time_iter": 0.06785, "accuracy": 0.412, "f1": 0.40701, "auc": 0.56888}
{"epoch": 70, "time_epoch": 12.56388, "eta": 365.53473, "eta_hours": 0.10154, "loss": 1.07994184, "lr": 0.00020611, "params": 5327, "time_iter": 0.06683, "accuracy": 0.412, "f1": 0.40012, "auc": 0.58196}
{"epoch": 71, "time_epoch": 15.4742, "eta": 354.04602, "eta_hours": 0.09835, "loss": 1.07728287, "lr": 0.00019355, "params": 5327, "time_iter": 0.08231, "accuracy": 0.42533, "f1": 0.4146, "auc": 0.59036}
{"epoch": 72, "time_epoch": 12.23175, "eta": 341.24886, "eta_hours": 0.09479, "loss": 1.08166885, "lr": 0.00018129, "params": 5327, "time_iter": 0.06506, "accuracy": 0.40533, "f1": 0.39659, "auc": 0.57458}
{"epoch": 73, "time_epoch": 12.2809, "eta": 328.48425, "eta_hours": 0.09125, "loss": 1.08307191, "lr": 0.00016934, "params": 5327, "time_iter": 0.06532, "accuracy": 0.42267, "f1": 0.41202, "auc": 0.57678}
{"epoch": 74, "time_epoch": 12.38576, "eta": 315.76749, "eta_hours": 0.08771, "loss": 1.08183644, "lr": 0.00015773, "params": 5327, "time_iter": 0.06588, "accuracy": 0.412, "f1": 0.40298, "auc": 0.5692}
{"epoch": 75, "time_epoch": 12.38123, "eta": 303.05801, "eta_hours": 0.08418, "loss": 1.08479937, "lr": 0.00014645, "params": 5327, "time_iter": 0.06586, "accuracy": 0.42667, "f1": 0.41848, "auc": 0.57203}
{"epoch": 76, "time_epoch": 12.31936, "eta": 290.33857, "eta_hours": 0.08065, "loss": 1.07519067, "lr": 0.00013552, "params": 5327, "time_iter": 0.06553, "accuracy": 0.428, "f1": 0.41751, "auc": 0.58591}
{"epoch": 77, "time_epoch": 12.35902, "eta": 277.64059, "eta_hours": 0.07712, "loss": 1.08543449, "lr": 0.00012494, "params": 5327, "time_iter": 0.06574, "accuracy": 0.40933, "f1": 0.40191, "auc": 0.57319}
{"epoch": 78, "time_epoch": 12.31464, "eta": 264.93938, "eta_hours": 0.07359, "loss": 1.07336539, "lr": 0.00011474, "params": 5327, "time_iter": 0.0655, "accuracy": 0.43067, "f1": 0.42441, "auc": 0.5936}
{"epoch": 79, "time_epoch": 11.96915, "eta": 252.16147, "eta_hours": 0.07004, "loss": 1.0743925, "lr": 0.00010492, "params": 5327, "time_iter": 0.06367, "accuracy": 0.40667, "f1": 0.39798, "auc": 0.5883}
{"epoch": 80, "time_epoch": 12.34908, "eta": 239.49264, "eta_hours": 0.06653, "loss": 1.07871022, "lr": 9.549e-05, "params": 5327, "time_iter": 0.06569, "accuracy": 0.40533, "f1": 0.39733, "auc": 0.58091}
{"epoch": 81, "time_epoch": 12.10429, "eta": 226.77788, "eta_hours": 0.06299, "loss": 1.06991163, "lr": 8.646e-05, "params": 5327, "time_iter": 0.06438, "accuracy": 0.42133, "f1": 0.40962, "auc": 0.59762}
{"epoch": 82, "time_epoch": 12.30605, "eta": 214.11915, "eta_hours": 0.05948, "loss": 1.07639681, "lr": 7.784e-05, "params": 5327, "time_iter": 0.06546, "accuracy": 0.416, "f1": 0.40668, "auc": 0.58711}
{"epoch": 83, "time_epoch": 12.32731, "eta": 201.47287, "eta_hours": 0.05596, "loss": 1.07463853, "lr": 6.963e-05, "params": 5327, "time_iter": 0.06557, "accuracy": 0.432, "f1": 0.42124, "auc": 0.59228}
{"epoch": 84, "time_epoch": 12.37483, "eta": 188.84249, "eta_hours": 0.05246, "loss": 1.08444103, "lr": 6.185e-05, "params": 5327, "time_iter": 0.06582, "accuracy": 0.384, "f1": 0.37389, "auc": 0.56721}
{"epoch": 85, "time_epoch": 12.01498, "eta": 176.15946, "eta_hours": 0.04893, "loss": 1.08069425, "lr": 5.45e-05, "params": 5327, "time_iter": 0.06391, "accuracy": 0.40267, "f1": 0.39418, "auc": 0.5759}
{"epoch": 86, "time_epoch": 11.96882, "eta": 163.48489, "eta_hours": 0.04541, "loss": 1.0820773, "lr": 4.759e-05, "params": 5327, "time_iter": 0.06366, "accuracy": 0.428, "f1": 0.41989, "auc": 0.57803}
{"epoch": 87, "time_epoch": 12.24389, "eta": 150.86388, "eta_hours": 0.04191, "loss": 1.07000422, "lr": 4.112e-05, "params": 5327, "time_iter": 0.06513, "accuracy": 0.42133, "f1": 0.41102, "auc": 0.59947}
{"epoch": 88, "time_epoch": 12.16618, "eta": 138.24173, "eta_hours": 0.0384, "loss": 1.07266979, "lr": 3.511e-05, "params": 5327, "time_iter": 0.06471, "accuracy": 0.436, "f1": 0.42685, "auc": 0.59132}
{"epoch": 89, "time_epoch": 12.12994, "eta": 125.62569, "eta_hours": 0.0349, "loss": 1.07573828, "lr": 2.956e-05, "params": 5327, "time_iter": 0.06452, "accuracy": 0.42, "f1": 0.41269, "auc": 0.58323}
{"epoch": 90, "time_epoch": 12.31675, "eta": 113.03881, "eta_hours": 0.0314, "loss": 1.07252635, "lr": 2.447e-05, "params": 5327, "time_iter": 0.06551, "accuracy": 0.412, "f1": 0.4039, "auc": 0.59406}
{"epoch": 91, "time_epoch": 12.10969, "eta": 100.4398, "eta_hours": 0.0279, "loss": 1.07695809, "lr": 1.985e-05, "params": 5327, "time_iter": 0.06441, "accuracy": 0.41467, "f1": 0.4066, "auc": 0.58795}
{"epoch": 92, "time_epoch": 12.28858, "eta": 87.86477, "eta_hours": 0.02441, "loss": 1.07875007, "lr": 1.571e-05, "params": 5327, "time_iter": 0.06536, "accuracy": 0.41333, "f1": 0.407, "auc": 0.58001}
{"epoch": 93, "time_epoch": 12.28841, "eta": 75.29583, "eta_hours": 0.02092, "loss": 1.07919203, "lr": 1.204e-05, "params": 5327, "time_iter": 0.06536, "accuracy": 0.41067, "f1": 0.40298, "auc": 0.58117}
{"epoch": 94, "time_epoch": 11.93213, "eta": 62.71404, "eta_hours": 0.01742, "loss": 1.07616851, "lr": 8.86e-06, "params": 5327, "time_iter": 0.06347, "accuracy": 0.42, "f1": 0.41017, "auc": 0.58132}
{"epoch": 95, "time_epoch": 12.41016, "eta": 50.16571, "eta_hours": 0.01393, "loss": 1.07858138, "lr": 6.16e-06, "params": 5327, "time_iter": 0.06601, "accuracy": 0.41067, "f1": 0.40245, "auc": 0.58034}
{"epoch": 96, "time_epoch": 12.22856, "eta": 37.6146, "eta_hours": 0.01045, "loss": 1.07380279, "lr": 3.94e-06, "params": 5327, "time_iter": 0.06505, "accuracy": 0.43067, "f1": 0.42173, "auc": 0.59138}
{"epoch": 97, "time_epoch": 12.34926, "eta": 25.07255, "eta_hours": 0.00696, "loss": 1.07234333, "lr": 2.22e-06, "params": 5327, "time_iter": 0.06569, "accuracy": 0.416, "f1": 0.40652, "auc": 0.59356}
{"epoch": 98, "time_epoch": 12.31366, "eta": 12.53402, "eta_hours": 0.00348, "loss": 1.07701146, "lr": 9.9e-07, "params": 5327, "time_iter": 0.0655, "accuracy": 0.41733, "f1": 0.40797, "auc": 0.5867}
{"epoch": 99, "time_epoch": 12.19782, "eta": 0.0, "eta_hours": 0.0, "loss": 1.07916758, "lr": 2.5e-07, "params": 5327, "time_iter": 0.06488, "accuracy": 0.42533, "f1": 0.41944, "auc": 0.58831}
