{"epoch": 0, "time_epoch": 27.84867, "eta": 2757.01786, "eta_hours": 0.76584, "loss": 1.10801516, "lr": 0.001, "params": 5327, "time_iter": 0.14813, "accuracy": 0.32533, "f1": 0.22582, "auc": 0.49943}
{"epoch": 1, "time_epoch": 14.34282, "eta": 2067.38262, "eta_hours": 0.57427, "loss": 1.09979734, "lr": 0.00099975, "params": 5327, "time_iter": 0.07629, "accuracy": 0.35333, "f1": 0.22101, "auc": 0.46966}
{"epoch": 2, "time_epoch": 14.14005, "eta": 1821.38611, "eta_hours": 0.50594, "loss": 1.10028888, "lr": 0.00099901, "params": 5327, "time_iter": 0.07521, "accuracy": 0.33067, "f1": 0.24505, "auc": 0.45023}
{"epoch": 3, "time_epoch": 14.94414, "eta": 1710.61598, "eta_hours": 0.47517, "loss": 1.09887612, "lr": 0.00099778, "params": 5327, "time_iter": 0.07949, "accuracy": 0.34933, "f1": 0.19692, "auc": 0.48678}
{"epoch": 4, "time_epoch": 15.89987, "eta": 1656.33515, "eta_hours": 0.46009, "loss": 1.09925176, "lr": 0.00099606, "params": 5327, "time_iter": 0.08457, "accuracy": 0.34267, "f1": 0.20653, "auc": 0.48277}
{"epoch": 5, "time_epoch": 14.18603, "eta": 1587.99789, "eta_hours": 0.44111, "loss": 1.08458463, "lr": 0.00099384, "params": 5327, "time_iter": 0.07546, "accuracy": 0.392, "f1": 0.33851, "auc": 0.56864}
{"epoch": 6, "time_epoch": 14.21923, "eta": 1535.57348, "eta_hours": 0.42655, "loss": 1.09021223, "lr": 0.00099114, "params": 5327, "time_iter": 0.07563, "accuracy": 0.37867, "f1": 0.31076, "auc": 0.54581}
{"epoch": 7, "time_epoch": 14.24032, "eta": 1492.94285, "eta_hours": 0.41471, "loss": 1.08634538, "lr": 0.00098796, "params": 5327, "time_iter": 0.07575, "accuracy": 0.404, "f1": 0.32052, "auc": 0.56086}
{"epoch": 8, "time_epoch": 14.21788, "eta": 1456.39434, "eta_hours": 0.40455, "loss": 1.08974299, "lr": 0.00098429, "params": 5327, "time_iter": 0.07563, "accuracy": 0.38933, "f1": 0.32915, "auc": 0.53769}
{"epoch": 9, "time_epoch": 14.12795, "eta": 1423.50258, "eta_hours": 0.39542, "loss": 1.0814685, "lr": 0.00098015, "params": 5327, "time_iter": 0.07515, "accuracy": 0.412, "f1": 0.35279, "auc": 0.56918}
{"epoch": 10, "time_epoch": 14.15927, "eta": 1394.27581, "eta_hours": 0.3873, "loss": 1.09234853, "lr": 0.00097553, "params": 5327, "time_iter": 0.07532, "accuracy": 0.39867, "f1": 0.31843, "auc": 0.54548}
{"epoch": 11, "time_epoch": 14.14674, "eta": 1367.46837, "eta_hours": 0.37985, "loss": 1.086704, "lr": 0.00097044, "params": 5327, "time_iter": 0.07525, "accuracy": 0.39467, "f1": 0.34719, "auc": 0.55984}
{"epoch": 12, "time_epoch": 14.14484, "eta": 1342.59603, "eta_hours": 0.37294, "loss": 1.08753498, "lr": 0.00096489, "params": 5327, "time_iter": 0.07524, "accuracy": 0.39733, "f1": 0.31518, "auc": 0.54596}
{"epoch": 13, "time_epoch": 14.15154, "eta": 1319.29736, "eta_hours": 0.36647, "loss": 1.09814703, "lr": 0.00095888, "params": 5327, "time_iter": 0.07527, "accuracy": 0.36667, "f1": 0.30537, "auc": 0.52771}
{"epoch": 14, "time_epoch": 14.16368, "eta": 1297.28712, "eta_hours": 0.36036, "loss": 1.09433649, "lr": 0.00095241, "params": 5327, "time_iter": 0.07534, "accuracy": 0.37467, "f1": 0.29493, "auc": 0.5371}
{"epoch": 15, "time_epoch": 12.18759, "eta": 1265.88323, "eta_hours": 0.35163, "loss": 1.09434515, "lr": 0.0009455, "params": 5327, "time_iter": 0.06483, "accuracy": 0.37467, "f1": 0.30954, "auc": 0.53383}
{"epoch": 16, "time_epoch": 11.8429, "eta": 1235.05715, "eta_hours": 0.34307, "loss": 1.08861306, "lr": 0.00093815, "params": 5327, "time_iter": 0.06299, "accuracy": 0.39333, "f1": 0.31962, "auc": 0.55641}
{"epoch": 17, "time_epoch": 11.83769, "eta": 1206.31661, "eta_hours": 0.33509, "loss": 1.08835106, "lr": 0.00093037, "params": 5327, "time_iter": 0.06297, "accuracy": 0.38267, "f1": 0.34748, "auc": 0.55483}
{"epoch": 18, "time_epoch": 11.82065, "eta": 1179.28265, "eta_hours": 0.32758, "loss": 1.08691969, "lr": 0.00092216, "params": 5327, "time_iter": 0.06288, "accuracy": 0.40533, "f1": 0.32319, "auc": 0.5568}
{"epoch": 19, "time_epoch": 11.82334, "eta": 1153.78079, "eta_hours": 0.32049, "loss": 1.09355152, "lr": 0.00091354, "params": 5327, "time_iter": 0.06289, "accuracy": 0.396, "f1": 0.3105, "auc": 0.53172}
{"epoch": 20, "time_epoch": 11.82837, "eta": 1129.60056, "eta_hours": 0.31378, "loss": 1.08586542, "lr": 0.00090451, "params": 5327, "time_iter": 0.06292, "accuracy": 0.38, "f1": 0.30519, "auc": 0.56233}
{"epoch": 21, "time_epoch": 11.81835, "eta": 1106.5077, "eta_hours": 0.30736, "loss": 1.09159343, "lr": 0.00089508, "params": 5327, "time_iter": 0.06286, "accuracy": 0.37067, "f1": 0.34986, "auc": 0.54566}
{"epoch": 22, "time_epoch": 11.81823, "eta": 1084.39483, "eta_hours": 0.30122, "loss": 1.08519908, "lr": 0.00088526, "params": 5327, "time_iter": 0.06286, "accuracy": 0.40933, "f1": 0.32271, "auc": 0.56386}
{"epoch": 23, "time_epoch": 11.80464, "eta": 1063.0968, "eta_hours": 0.2953, "loss": 1.08694491, "lr": 0.00087506, "params": 5327, "time_iter": 0.06279, "accuracy": 0.384, "f1": 0.32406, "auc": 0.55993}
{"epoch": 24, "time_epoch": 11.79145, "eta": 1042.51868, "eta_hours": 0.28959, "loss": 1.08789426, "lr": 0.00086448, "params": 5327, "time_iter": 0.06272, "accuracy": 0.388, "f1": 0.31182, "auc": 0.5497}
{"epoch": 25, "time_epoch": 11.88275, "eta": 1022.8763, "eta_hours": 0.28413, "loss": 1.08961244, "lr": 0.00085355, "params": 5327, "time_iter": 0.06321, "accuracy": 0.38133, "f1": 0.30542, "auc": 0.54346}
{"epoch": 26, "time_epoch": 11.90759, "eta": 1003.87588, "eta_hours": 0.27885, "loss": 1.09214883, "lr": 0.00084227, "params": 5327, "time_iter": 0.06334, "accuracy": 0.38933, "f1": 0.31529, "auc": 0.53776}
{"epoch": 27, "time_epoch": 11.90414, "eta": 985.37322, "eta_hours": 0.27371, "loss": 1.08516636, "lr": 0.00083066, "params": 5327, "time_iter": 0.06332, "accuracy": 0.40133, "f1": 0.32845, "auc": 0.56407}
{"epoch": 28, "time_epoch": 11.97694, "eta": 967.50386, "eta_hours": 0.26875, "loss": 1.09192606, "lr": 0.00081871, "params": 5327, "time_iter": 0.06371, "accuracy": 0.38267, "f1": 0.3187, "auc": 0.54521}
{"epoch": 29, "time_epoch": 11.79631, "eta": 949.60587, "eta_hours": 0.26378, "loss": 1.08137368, "lr": 0.00080645, "params": 5327, "time_iter": 0.06275, "accuracy": 0.408, "f1": 0.32254, "auc": 0.57325}
{"epoch": 30, "time_epoch": 11.81514, "eta": 932.14345, "eta_hours": 0.25893, "loss": 1.07556887, "lr": 0.00079389, "params": 5327, "time_iter": 0.06285, "accuracy": 0.40933, "f1": 0.37157, "auc": 0.58577}
{"epoch": 31, "time_epoch": 11.82782, "eta": 915.06093, "eta_hours": 0.25418, "loss": 1.08548114, "lr": 0.00078104, "params": 5327, "time_iter": 0.06291, "accuracy": 0.37733, "f1": 0.30471, "auc": 0.56621}
{"epoch": 32, "time_epoch": 11.81978, "eta": 898.28055, "eta_hours": 0.24952, "loss": 1.08868615, "lr": 0.00076791, "params": 5327, "time_iter": 0.06287, "accuracy": 0.38533, "f1": 0.34845, "auc": 0.55747}
{"epoch": 33, "time_epoch": 11.81818, "eta": 881.78887, "eta_hours": 0.24494, "loss": 1.09361117, "lr": 0.00075452, "params": 5327, "time_iter": 0.06286, "accuracy": 0.40667, "f1": 0.38612, "auc": 0.54463}
{"epoch": 34, "time_epoch": 11.8358, "eta": 865.59696, "eta_hours": 0.24044, "loss": 1.08793683, "lr": 0.00074088, "params": 5327, "time_iter": 0.06296, "accuracy": 0.38667, "f1": 0.36014, "auc": 0.55901}
{"epoch": 35, "time_epoch": 11.83218, "eta": 849.64062, "eta_hours": 0.23601, "loss": 1.08804706, "lr": 0.000727, "params": 5327, "time_iter": 0.06294, "accuracy": 0.39467, "f1": 0.35436, "auc": 0.55704}
{"epoch": 36, "time_epoch": 11.85741, "eta": 833.95016, "eta_hours": 0.23165, "loss": 1.08230565, "lr": 0.00071289, "params": 5327, "time_iter": 0.06307, "accuracy": 0.396, "f1": 0.36228, "auc": 0.56945}
{"epoch": 37, "time_epoch": 11.63639, "eta": 818.10084, "eta_hours": 0.22725, "loss": 1.07767337, "lr": 0.00069857, "params": 5327, "time_iter": 0.0619, "accuracy": 0.42533, "f1": 0.39101, "auc": 0.58}
{"epoch": 38, "time_epoch": 11.98622, "eta": 803.01473, "eta_hours": 0.22306, "loss": 1.08417346, "lr": 0.00068406, "params": 5327, "time_iter": 0.06376, "accuracy": 0.39467, "f1": 0.33669, "auc": 0.56256}
{"epoch": 39, "time_epoch": 11.80095, "eta": 787.80572, "eta_hours": 0.21883, "loss": 1.08238895, "lr": 0.00066937, "params": 5327, "time_iter": 0.06277, "accuracy": 0.37867, "f1": 0.33096, "auc": 0.57333}
{"epoch": 40, "time_epoch": 11.79361, "eta": 772.75238, "eta_hours": 0.21465, "loss": 1.08596338, "lr": 0.00065451, "params": 5327, "time_iter": 0.06273, "accuracy": 0.39067, "f1": 0.37115, "auc": 0.5663}
{"epoch": 41, "time_epoch": 11.84022, "eta": 757.91864, "eta_hours": 0.21053, "loss": 1.08266068, "lr": 0.0006395, "params": 5327, "time_iter": 0.06298, "accuracy": 0.416, "f1": 0.38273, "auc": 0.57121}
{"epoch": 42, "time_epoch": 11.92743, "eta": 743.33974, "eta_hours": 0.20648, "loss": 1.0772288, "lr": 0.00062434, "params": 5327, "time_iter": 0.06344, "accuracy": 0.424, "f1": 0.38474, "auc": 0.584}
{"epoch": 43, "time_epoch": 11.91033, "eta": 728.8596, "eta_hours": 0.20246, "loss": 1.09045133, "lr": 0.00060907, "params": 5327, "time_iter": 0.06335, "accuracy": 0.372, "f1": 0.34228, "auc": 0.55237}
{"epoch": 44, "time_epoch": 11.91908, "eta": 714.50436, "eta_hours": 0.19847, "loss": 1.08468279, "lr": 0.00059369, "params": 5327, "time_iter": 0.0634, "accuracy": 0.38, "f1": 0.33975, "auc": 0.56648}
{"epoch": 45, "time_epoch": 11.90855, "eta": 700.24268, "eta_hours": 0.19451, "loss": 1.087603, "lr": 0.00057822, "params": 5327, "time_iter": 0.06334, "accuracy": 0.39067, "f1": 0.36158, "auc": 0.56031}
{"epoch": 46, "time_epoch": 11.79349, "eta": 685.95139, "eta_hours": 0.19054, "loss": 1.08497596, "lr": 0.00056267, "params": 5327, "time_iter": 0.06273, "accuracy": 0.41467, "f1": 0.36048, "auc": 0.55779}
{"epoch": 47, "time_epoch": 11.82751, "eta": 671.80103, "eta_hours": 0.18661, "loss": 1.08449078, "lr": 0.00054705, "params": 5327, "time_iter": 0.06291, "accuracy": 0.38267, "f1": 0.32609, "auc": 0.57077}
{"epoch": 48, "time_epoch": 11.81639, "eta": 657.73391, "eta_hours": 0.1827, "loss": 1.08644754, "lr": 0.0005314, "params": 5327, "time_iter": 0.06285, "accuracy": 0.39733, "f1": 0.3542, "auc": 0.56264}
{"epoch": 49, "time_epoch": 11.85773, "eta": 643.79815, "eta_hours": 0.17883, "loss": 1.07993756, "lr": 0.00051571, "params": 5327, "time_iter": 0.06307, "accuracy": 0.424, "f1": 0.38654, "auc": 0.58208}
{"epoch": 50, "time_epoch": 11.8537, "eta": 629.94001, "eta_hours": 0.17498, "loss": 1.07859289, "lr": 0.0005, "params": 5327, "time_iter": 0.06305, "accuracy": 0.41867, "f1": 0.39824, "auc": 0.58185}
{"epoch": 51, "time_epoch": 11.81713, "eta": 616.12521, "eta_hours": 0.17115, "loss": 1.08867806, "lr": 0.00048429, "params": 5327, "time_iter": 0.06286, "accuracy": 0.40667, "f1": 0.37532, "auc": 0.56237}
{"epoch": 52, "time_epoch": 11.80866, "eta": 602.37828, "eta_hours": 0.16733, "loss": 1.08440222, "lr": 0.0004686, "params": 5327, "time_iter": 0.06281, "accuracy": 0.39333, "f1": 0.37677, "auc": 0.56984}
{"epoch": 53, "time_epoch": 11.80135, "eta": 588.69692, "eta_hours": 0.16353, "loss": 1.07737004, "lr": 0.00045295, "params": 5327, "time_iter": 0.06277, "accuracy": 0.42133, "f1": 0.39091, "auc": 0.58637}
{"epoch": 54, "time_epoch": 12.39956, "eta": 575.57336, "eta_hours": 0.15988, "loss": 1.08332786, "lr": 0.00043733, "params": 5327, "time_iter": 0.06596, "accuracy": 0.39467, "f1": 0.36998, "auc": 0.5711}
{"epoch": 55, "time_epoch": 14.12579, "eta": 563.83199, "eta_hours": 0.15662, "loss": 1.08176644, "lr": 0.00042178, "params": 5327, "time_iter": 0.07514, "accuracy": 0.40933, "f1": 0.39209, "auc": 0.5728}
{"epoch": 56, "time_epoch": 14.14124, "eta": 552.0186, "eta_hours": 0.15334, "loss": 1.08000927, "lr": 0.00040631, "params": 5327, "time_iter": 0.07522, "accuracy": 0.408, "f1": 0.38574, "auc": 0.58029}
{"epoch": 57, "time_epoch": 14.13664, "eta": 540.12161, "eta_hours": 0.15003, "loss": 1.0851566, "lr": 0.00039093, "params": 5327, "time_iter": 0.07519, "accuracy": 0.40533, "f1": 0.36361, "auc": 0.57122}
{"epoch": 58, "time_epoch": 14.13274, "eta": 528.14599, "eta_hours": 0.14671, "loss": 1.0855842, "lr": 0.00037566, "params": 5327, "time_iter": 0.07517, "accuracy": 0.4, "f1": 0.34837, "auc": 0.56683}
{"epoch": 59, "time_epoch": 14.10235, "eta": 516.07821, "eta_hours": 0.14336, "loss": 1.08241812, "lr": 0.0003605, "params": 5327, "time_iter": 0.07501, "accuracy": 0.39333, "f1": 0.36955, "auc": 0.58103}
{"epoch": 60, "time_epoch": 11.83431, "eta": 502.49366, "eta_hours": 0.13958, "loss": 1.07539787, "lr": 0.00034549, "params": 5327, "time_iter": 0.06295, "accuracy": 0.42267, "f1": 0.40545, "auc": 0.59364}
{"epoch": 61, "time_epoch": 11.79568, "eta": 488.9419, "eta_hours": 0.13582, "loss": 1.07972367, "lr": 0.00033063, "params": 5327, "time_iter": 0.06274, "accuracy": 0.42, "f1": 0.3968, "auc": 0.58721}
{"epoch": 62, "time_epoch": 11.86399, "eta": 475.486, "eta_hours": 0.13208, "loss": 1.0806813, "lr": 0.00031594, "params": 5327, "time_iter": 0.06311, "accuracy": 0.40933, "f1": 0.38894, "auc": 0.57891}
{"epoch": 63, "time_epoch": 11.83435, "eta": 462.06317, "eta_hours": 0.12835, "loss": 1.08347109, "lr": 0.00030143, "params": 5327, "time_iter": 0.06295, "accuracy": 0.42, "f1": 0.40589, "auc": 0.57564}
{"epoch": 64, "time_epoch": 11.81315, "eta": 448.67781, "eta_hours": 0.12463, "loss": 1.07479981, "lr": 0.00028711, "params": 5327, "time_iter": 0.06284, "accuracy": 0.39467, "f1": 0.37678, "auc": 0.59224}
{"epoch": 65, "time_epoch": 11.83108, "eta": 435.34932, "eta_hours": 0.12093, "loss": 1.07075467, "lr": 0.000273, "params": 5327, "time_iter": 0.06293, "accuracy": 0.43067, "f1": 0.4155, "auc": 0.60112}
{"epoch": 66, "time_epoch": 11.84315, "eta": 422.07148, "eta_hours": 0.11724, "loss": 1.08376569, "lr": 0.00025912, "params": 5327, "time_iter": 0.063, "accuracy": 0.39333, "f1": 0.38141, "auc": 0.5707}
{"epoch": 67, "time_epoch": 11.84862, "eta": 408.83842, "eta_hours": 0.11357, "loss": 1.0839934, "lr": 0.00024548, "params": 5327, "time_iter": 0.06302, "accuracy": 0.41867, "f1": 0.40614, "auc": 0.5773}
{"epoch": 68, "time_epoch": 11.81633, "eta": 395.63097, "eta_hours": 0.1099, "loss": 1.07907411, "lr": 0.00023209, "params": 5327, "time_iter": 0.06285, "accuracy": 0.396, "f1": 0.38145, "auc": 0.58245}
{"epoch": 69, "time_epoch": 11.84402, "eta": 382.47514, "eta_hours": 0.10624, "loss": 1.0840835, "lr": 0.00021896, "params": 5327, "time_iter": 0.063, "accuracy": 0.38933, "f1": 0.37645, "auc": 0.57035}
{"epoch": 70, "time_epoch": 14.27868, "eta": 370.35069, "eta_hours": 0.10288, "loss": 1.07081835, "lr": 0.00020611, "params": 5327, "time_iter": 0.07595, "accuracy": 0.44133, "f1": 0.42878, "auc": 0.60282}
{"epoch": 71, "time_epoch": 14.22322, "eta": 358.14485, "eta_hours": 0.09948, "loss": 1.07385752, "lr": 0.00019355, "params": 5327, "time_iter": 0.07566, "accuracy": 0.404, "f1": 0.38533, "auc": 0.59045}
{"epoch": 72, "time_epoch": 13.93792, "eta": 345.7782, "eta_hours": 0.09605, "loss": 1.08036652, "lr": 0.00018129, "params": 5327, "time_iter": 0.07414, "accuracy": 0.39733, "f1": 0.38581, "auc": 0.58383}
{"epoch": 73, "time_epoch": 11.81593, "eta": 332.62353, "eta_hours": 0.0924, "loss": 1.08431498, "lr": 0.00016934, "params": 5327, "time_iter": 0.06285, "accuracy": 0.404, "f1": 0.38926, "auc": 0.57224}
{"epoch": 74, "time_epoch": 11.83731, "eta": 319.51168, "eta_hours": 0.08875, "loss": 1.08012139, "lr": 0.00015773, "params": 5327, "time_iter": 0.06296, "accuracy": 0.424, "f1": 0.41264, "auc": 0.58206}
{"epoch": 75, "time_epoch": 11.84077, "eta": 306.43447, "eta_hours": 0.08512, "loss": 1.08001485, "lr": 0.00014645, "params": 5327, "time_iter": 0.06298, "accuracy": 0.40267, "f1": 0.38591, "auc": 0.57602}
{"epoch": 76, "time_epoch": 11.81929, "eta": 293.38295, "eta_hours": 0.0815, "loss": 1.08253036, "lr": 0.00013552, "params": 5327, "time_iter": 0.06287, "accuracy": 0.39733, "f1": 0.37524, "auc": 0.57611}
{"epoch": 77, "time_epoch": 11.83798, "eta": 280.36831, "eta_hours": 0.07788, "loss": 1.07884334, "lr": 0.00012494, "params": 5327, "time_iter": 0.06297, "accuracy": 0.40133, "f1": 0.38058, "auc": 0.5815}
{"epoch": 78, "time_epoch": 11.84687, "eta": 267.38581, "eta_hours": 0.07427, "loss": 1.07920714, "lr": 0.00011474, "params": 5327, "time_iter": 0.06302, "accuracy": 0.40667, "f1": 0.38806, "auc": 0.58081}
{"epoch": 79, "time_epoch": 11.83197, "eta": 254.42798, "eta_hours": 0.07067, "loss": 1.07809862, "lr": 0.00010492, "params": 5327, "time_iter": 0.06294, "accuracy": 0.40933, "f1": 0.3895, "auc": 0.59047}
{"epoch": 80, "time_epoch": 11.8249, "eta": 241.49629, "eta_hours": 0.06708, "loss": 1.07403234, "lr": 9.549e-05, "params": 5327, "time_iter": 0.0629, "accuracy": 0.41067, "f1": 0.39092, "auc": 0.59534}
{"epoch": 81, "time_epoch": 11.82962, "eta": 228.59264, "eta_hours": 0.0635, "loss": 1.08073263, "lr": 8.646e-05, "params": 5327, "time_iter": 0.06292, "accuracy": 0.39733, "f1": 0.37638, "auc": 0.57929}
{"epoch": 82, "time_epoch": 13.67048, "eta": 216.0919, "eta_hours": 0.06003, "loss": 1.0783861, "lr": 7.784e-05, "params": 5327, "time_iter": 0.07272, "accuracy": 0.404, "f1": 0.38372, "auc": 0.58714}
{"epoch": 83, "time_epoch": 12.51226, "eta": 203.3427, "eta_hours": 0.05648, "loss": 1.06728486, "lr": 6.963e-05, "params": 5327, "time_iter": 0.06655, "accuracy": 0.42933, "f1": 0.41153, "auc": 0.60706}
{"epoch": 84, "time_epoch": 12.50673, "eta": 190.5981, "eta_hours": 0.05294, "loss": 1.0792646, "lr": 6.185e-05, "params": 5327, "time_iter": 0.06653, "accuracy": 0.40133, "f1": 0.38715, "auc": 0.58449}
{"epoch": 85, "time_epoch": 12.51308, "eta": 177.86007, "eta_hours": 0.04941, "loss": 1.07365049, "lr": 5.45e-05, "params": 5327, "time_iter": 0.06656, "accuracy": 0.412, "f1": 0.39046, "auc": 0.59312}
{"epoch": 86, "time_epoch": 12.53107, "eta": 165.1299, "eta_hours": 0.04587, "loss": 1.07837338, "lr": 4.759e-05, "params": 5327, "time_iter": 0.06665, "accuracy": 0.392, "f1": 0.37407, "auc": 0.57983}
{"epoch": 87, "time_epoch": 12.52819, "eta": 152.40385, "eta_hours": 0.04233, "loss": 1.08025639, "lr": 4.112e-05, "params": 5327, "time_iter": 0.06664, "accuracy": 0.41467, "f1": 0.39621, "auc": 0.58019}
{"epoch": 88, "time_epoch": 12.55393, "eta": 139.68544, "eta_hours": 0.0388, "loss": 1.08245104, "lr": 3.511e-05, "params": 5327, "time_iter": 0.06678, "accuracy": 0.4, "f1": 0.37969, "auc": 0.57731}
{"epoch": 89, "time_epoch": 12.51303, "eta": 126.96614, "eta_hours": 0.03527, "loss": 1.06895971, "lr": 2.956e-05, "params": 5327, "time_iter": 0.06656, "accuracy": 0.42667, "f1": 0.40852, "auc": 0.60728}
{"epoch": 90, "time_epoch": 12.52749, "eta": 114.2528, "eta_hours": 0.03174, "loss": 1.06904343, "lr": 2.447e-05, "params": 5327, "time_iter": 0.06664, "accuracy": 0.42933, "f1": 0.41067, "auc": 0.60227}
{"epoch": 91, "time_epoch": 12.54403, "eta": 101.54493, "eta_hours": 0.02821, "loss": 1.07002522, "lr": 1.985e-05, "params": 5327, "time_iter": 0.06672, "accuracy": 0.44133, "f1": 0.42547, "auc": 0.60741}
{"epoch": 92, "time_epoch": 12.54066, "eta": 88.84034, "eta_hours": 0.02468, "loss": 1.07236886, "lr": 1.571e-05, "params": 5327, "time_iter": 0.06671, "accuracy": 0.436, "f1": 0.41853, "auc": 0.59656}
{"epoch": 93, "time_epoch": 12.51709, "eta": 76.13773, "eta_hours": 0.02115, "loss": 1.08311258, "lr": 1.204e-05, "params": 5327, "time_iter": 0.06658, "accuracy": 0.40533, "f1": 0.38912, "auc": 0.57757}
{"epoch": 94, "time_epoch": 12.55739, "eta": 63.44115, "eta_hours": 0.01762, "loss": 1.06837667, "lr": 8.86e-06, "params": 5327, "time_iter": 0.06679, "accuracy": 0.432, "f1": 0.4156, "auc": 0.60624}
{"epoch": 95, "time_epoch": 12.53484, "eta": 50.74653, "eta_hours": 0.0141, "loss": 1.07031999, "lr": 6.16e-06, "params": 5327, "time_iter": 0.06667, "accuracy": 0.43067, "f1": 0.40936, "auc": 0.60277}
{"epoch": 96, "time_epoch": 12.50348, "eta": 38.05423, "eta_hours": 0.01057, "loss": 1.08039563, "lr": 3.94e-06, "params": 5327, "time_iter": 0.06651, "accuracy": 0.40667, "f1": 0.39163, "auc": 0.58175}
{"epoch": 97, "time_epoch": 12.51044, "eta": 25.36593, "eta_hours": 0.00705, "loss": 1.07619506, "lr": 2.22e-06, "params": 5327, "time_iter": 0.06654, "accuracy": 0.408, "f1": 0.3892, "auc": 0.58893}
{"epoch": 98, "time_epoch": 12.50819, "eta": 12.6812, "eta_hours": 0.00352, "loss": 1.06969149, "lr": 9.9e-07, "params": 5327, "time_iter": 0.06653, "accuracy": 0.42267, "f1": 0.40533, "auc": 0.60278}
{"epoch": 99, "time_epoch": 13.29219, "eta": 0.0, "eta_hours": 0.0, "loss": 1.07884189, "lr": 2.5e-07, "params": 5327, "time_iter": 0.0707, "accuracy": 0.404, "f1": 0.38436, "auc": 0.58652}
