{"epoch": 0, "time_epoch": 45.02354, "eta": 4457.33086, "eta_hours": 1.23815, "loss": 0.66884205, "lr": 0.001, "params": 5865, "time_iter": 0.08759, "accuracy": 0.60467, "precision": 0.61066, "recall": 0.58818, "f1": 0.59921, "auc": 0.63553}
{"epoch": 1, "time_epoch": 32.09814, "eta": 3778.96247, "eta_hours": 1.04971, "loss": 0.65168778, "lr": 0.00099975, "params": 5865, "time_iter": 0.06245, "accuracy": 0.62804, "precision": 0.62811, "recall": 0.63663, "f1": 0.63234, "auc": 0.66643}
{"epoch": 2, "time_epoch": 32.10877, "eta": 3531.78476, "eta_hours": 0.98105, "loss": 0.65147649, "lr": 0.00099901, "params": 5865, "time_iter": 0.06247, "accuracy": 0.62366, "precision": 0.62963, "recall": 0.6095, "f1": 0.6194, "auc": 0.66573}
{"epoch": 3, "time_epoch": 32.11439, "eta": 3392.27642, "eta_hours": 0.9423, "loss": 0.64943143, "lr": 0.00099778, "params": 5865, "time_iter": 0.06248, "accuracy": 0.62025, "precision": 0.62805, "recall": 0.59884, "f1": 0.6131, "auc": 0.66969}
{"epoch": 4, "time_epoch": 32.06627, "eta": 3294.81137, "eta_hours": 0.91523, "loss": 0.64752044, "lr": 0.00099606, "params": 5865, "time_iter": 0.06239, "accuracy": 0.63486, "precision": 0.63796, "recall": 0.63178, "f1": 0.63486, "auc": 0.67385}
{"epoch": 5, "time_epoch": 32.07427, "eta": 3219.27115, "eta_hours": 0.89424, "loss": 0.64256467, "lr": 0.00099384, "params": 5865, "time_iter": 0.0624, "accuracy": 0.63827, "precision": 0.6407, "recall": 0.6376, "f1": 0.63915, "auc": 0.68088}
{"epoch": 6, "time_epoch": 32.0482, "eta": 3155.80349, "eta_hours": 0.87661, "loss": 0.6419977, "lr": 0.00099114, "params": 5865, "time_iter": 0.06235, "accuracy": 0.63827, "precision": 0.64378, "recall": 0.62694, "f1": 0.63525, "auc": 0.68198}
{"epoch": 7, "time_epoch": 32.07351, "eta": 3100.48172, "eta_hours": 0.86124, "loss": 0.63321314, "lr": 0.00098796, "params": 5865, "time_iter": 0.0624, "accuracy": 0.65579, "precision": 0.65916, "recall": 0.65213, "f1": 0.65563, "auc": 0.69915}
{"epoch": 8, "time_epoch": 32.04134, "eta": 3050.00092, "eta_hours": 0.84722, "loss": 0.62579604, "lr": 0.00098429, "params": 5865, "time_iter": 0.06234, "accuracy": 0.65239, "precision": 0.66224, "recall": 0.62888, "f1": 0.64513, "auc": 0.71017}
{"epoch": 9, "time_epoch": 32.0551, "eta": 3003.3319, "eta_hours": 0.83426, "loss": 0.62678024, "lr": 0.00098015, "params": 5865, "time_iter": 0.06236, "accuracy": 0.64411, "precision": 0.64683, "recall": 0.64244, "f1": 0.64463, "auc": 0.70616}
{"epoch": 10, "time_epoch": 32.06516, "eta": 2959.40133, "eta_hours": 0.82206, "loss": 0.61163946, "lr": 0.00097553, "params": 5865, "time_iter": 0.06238, "accuracy": 0.66991, "precision": 0.67319, "recall": 0.66667, "f1": 0.66991, "auc": 0.72429}
{"epoch": 11, "time_epoch": 32.04628, "eta": 2917.30992, "eta_hours": 0.81036, "loss": 0.61079465, "lr": 0.00097044, "params": 5865, "time_iter": 0.06235, "accuracy": 0.64946, "precision": 0.64471, "recall": 0.67345, "f1": 0.65877, "auc": 0.72762}
{"epoch": 12, "time_epoch": 32.04683, "eta": 2876.76758, "eta_hours": 0.7991, "loss": 0.59740901, "lr": 0.00096489, "params": 5865, "time_iter": 0.06235, "accuracy": 0.68598, "precision": 0.68307, "recall": 0.69961, "f1": 0.69124, "auc": 0.7519}
{"epoch": 13, "time_epoch": 32.04719, "eta": 2837.44107, "eta_hours": 0.78818, "loss": 0.60750968, "lr": 0.00095888, "params": 5865, "time_iter": 0.06235, "accuracy": 0.6777, "precision": 0.67823, "recall": 0.68217, "f1": 0.68019, "auc": 0.74643}
{"epoch": 14, "time_epoch": 32.04611, "eta": 2799.07904, "eta_hours": 0.77752, "loss": 0.6002625, "lr": 0.00095241, "params": 5865, "time_iter": 0.06235, "accuracy": 0.69133, "precision": 0.68916, "recall": 0.70252, "f1": 0.69578, "auc": 0.75466}
{"epoch": 15, "time_epoch": 32.03367, "eta": 2761.44117, "eta_hours": 0.76707, "loss": 0.59498127, "lr": 0.0009455, "params": 5865, "time_iter": 0.06232, "accuracy": 0.70545, "precision": 0.70748, "recall": 0.70543, "f1": 0.70645, "auc": 0.7645}
{"epoch": 16, "time_epoch": 32.06459, "eta": 2724.61357, "eta_hours": 0.75684, "loss": 0.59155801, "lr": 0.00093815, "params": 5865, "time_iter": 0.06238, "accuracy": 0.70351, "precision": 0.69822, "recall": 0.7219, "f1": 0.70986, "auc": 0.76563}
{"epoch": 17, "time_epoch": 32.03524, "eta": 2688.1815, "eta_hours": 0.74672, "loss": 0.59474358, "lr": 0.00093037, "params": 5865, "time_iter": 0.06233, "accuracy": 0.68793, "precision": 0.69073, "recall": 0.68605, "f1": 0.68838, "auc": 0.75978}
{"epoch": 18, "time_epoch": 32.01962, "eta": 2652.14568, "eta_hours": 0.73671, "loss": 0.58804372, "lr": 0.00092216, "params": 5865, "time_iter": 0.06229, "accuracy": 0.70935, "precision": 0.71344, "recall": 0.70446, "f1": 0.70892, "auc": 0.77062}
{"epoch": 19, "time_epoch": 33.22681, "eta": 2621.34023, "eta_hours": 0.72815, "loss": 0.59032054, "lr": 0.00091354, "params": 5865, "time_iter": 0.06464, "accuracy": 0.68695, "precision": 0.68401, "recall": 0.70058, "f1": 0.6922, "auc": 0.7729}
{"epoch": 20, "time_epoch": 32.12994, "eta": 2586.17784, "eta_hours": 0.71838, "loss": 0.58596924, "lr": 0.00090451, "params": 5865, "time_iter": 0.06251, "accuracy": 0.70204, "precision": 0.70154, "recall": 0.70833, "f1": 0.70492, "auc": 0.77317}
{"epoch": 21, "time_epoch": 32.14266, "eta": 2551.33623, "eta_hours": 0.7087, "loss": 0.58366589, "lr": 0.00089508, "params": 5865, "time_iter": 0.06253, "accuracy": 0.70253, "precision": 0.70338, "recall": 0.70543, "f1": 0.7044, "auc": 0.77524}
{"epoch": 22, "time_epoch": 32.14079, "eta": 2516.72306, "eta_hours": 0.69909, "loss": 0.57806221, "lr": 0.00088526, "params": 5865, "time_iter": 0.06253, "accuracy": 0.70448, "precision": 0.71019, "recall": 0.69574, "f1": 0.70289, "auc": 0.77938}
{"epoch": 23, "time_epoch": 32.16622, "eta": 2482.39644, "eta_hours": 0.68955, "loss": 0.58876247, "lr": 0.00087506, "params": 5865, "time_iter": 0.06258, "accuracy": 0.69669, "precision": 0.69758, "recall": 0.69961, "f1": 0.6986, "auc": 0.77002}
{"epoch": 24, "time_epoch": 32.15482, "eta": 2448.20846, "eta_hours": 0.68006, "loss": 0.57826627, "lr": 0.00086448, "params": 5865, "time_iter": 0.06256, "accuracy": 0.71373, "precision": 0.71063, "recall": 0.72578, "f1": 0.71812, "auc": 0.78176}
{"epoch": 25, "time_epoch": 32.15168, "eta": 2414.16793, "eta_hours": 0.6706, "loss": 0.57776913, "lr": 0.00085355, "params": 5865, "time_iter": 0.06255, "accuracy": 0.70545, "precision": 0.70952, "recall": 0.70058, "f1": 0.70502, "auc": 0.77959}
{"epoch": 26, "time_epoch": 32.1613, "eta": 2380.29332, "eta_hours": 0.66119, "loss": 0.57153886, "lr": 0.00084227, "params": 5865, "time_iter": 0.06257, "accuracy": 0.70837, "precision": 0.70837, "recall": 0.71318, "f1": 0.71077, "auc": 0.7847}
{"epoch": 27, "time_epoch": 32.19545, "eta": 2346.62891, "eta_hours": 0.65184, "loss": 0.57591954, "lr": 0.00083066, "params": 5865, "time_iter": 0.06264, "accuracy": 0.70545, "precision": 0.70748, "recall": 0.70543, "f1": 0.70645, "auc": 0.7873}
{"epoch": 28, "time_epoch": 32.20275, "eta": 2313.08367, "eta_hours": 0.64252, "loss": 0.57033741, "lr": 0.00081871, "params": 5865, "time_iter": 0.06265, "accuracy": 0.71081, "precision": 0.70817, "recall": 0.7219, "f1": 0.71497, "auc": 0.79112}
{"epoch": 29, "time_epoch": 32.14655, "eta": 2279.49682, "eta_hours": 0.63319, "loss": 0.57503234, "lr": 0.00080645, "params": 5865, "time_iter": 0.06254, "accuracy": 0.71032, "precision": 0.7241, "recall": 0.68411, "f1": 0.70354, "auc": 0.78785}
{"epoch": 30, "time_epoch": 32.18356, "eta": 2246.08525, "eta_hours": 0.62391, "loss": 0.58286592, "lr": 0.00079389, "params": 5865, "time_iter": 0.06261, "accuracy": 0.71081, "precision": 0.70937, "recall": 0.71899, "f1": 0.71415, "auc": 0.7822}
{"epoch": 31, "time_epoch": 32.15932, "eta": 2212.69893, "eta_hours": 0.61464, "loss": 0.57889016, "lr": 0.00078104, "params": 5865, "time_iter": 0.06257, "accuracy": 0.69912, "precision": 0.69942, "recall": 0.70349, "f1": 0.70145, "auc": 0.78476}
{"epoch": 32, "time_epoch": 32.15357, "eta": 2179.3753, "eta_hours": 0.60538, "loss": 0.57951983, "lr": 0.00076791, "params": 5865, "time_iter": 0.06256, "accuracy": 0.71373, "precision": 0.71305, "recall": 0.71996, "f1": 0.71649, "auc": 0.78897}
{"epoch": 33, "time_epoch": 32.20941, "eta": 2146.2289, "eta_hours": 0.59617, "loss": 0.57352913, "lr": 0.00075452, "params": 5865, "time_iter": 0.06266, "accuracy": 0.72103, "precision": 0.72478, "recall": 0.71705, "f1": 0.7209, "auc": 0.79641}
{"epoch": 34, "time_epoch": 32.17256, "eta": 2113.0676, "eta_hours": 0.58696, "loss": 0.57763328, "lr": 0.00074088, "params": 5865, "time_iter": 0.06259, "accuracy": 0.71762, "precision": 0.71899, "recall": 0.71899, "f1": 0.71899, "auc": 0.78847}
{"epoch": 35, "time_epoch": 32.1806, "eta": 2079.97553, "eta_hours": 0.57777, "loss": 0.58185731, "lr": 0.000727, "params": 5865, "time_iter": 0.06261, "accuracy": 0.70691, "precision": 0.7036, "recall": 0.71996, "f1": 0.71169, "auc": 0.78337}
{"epoch": 36, "time_epoch": 32.16847, "eta": 2046.91207, "eta_hours": 0.56859, "loss": 0.55623098, "lr": 0.00071289, "params": 5865, "time_iter": 0.06258, "accuracy": 0.72931, "precision": 0.73425, "recall": 0.72287, "f1": 0.72852, "auc": 0.80097}
{"epoch": 37, "time_epoch": 32.17905, "eta": 2013.91297, "eta_hours": 0.55942, "loss": 0.5553448, "lr": 0.00069857, "params": 5865, "time_iter": 0.06261, "accuracy": 0.73077, "precision": 0.72788, "recall": 0.74128, "f1": 0.73452, "auc": 0.80395}
{"epoch": 38, "time_epoch": 32.16738, "eta": 1980.93768, "eta_hours": 0.55026, "loss": 0.55758312, "lr": 0.00068406, "params": 5865, "time_iter": 0.06258, "accuracy": 0.72541, "precision": 0.72034, "recall": 0.74128, "f1": 0.73066, "auc": 0.80135}
{"epoch": 39, "time_epoch": 32.18514, "eta": 1948.02942, "eta_hours": 0.54112, "loss": 0.55537452, "lr": 0.00066937, "params": 5865, "time_iter": 0.06262, "accuracy": 0.72785, "precision": 0.73626, "recall": 0.71415, "f1": 0.72504, "auc": 0.80817}
{"epoch": 40, "time_epoch": 32.17994, "eta": 1915.14896, "eta_hours": 0.53199, "loss": 0.5703137, "lr": 0.00065451, "params": 5865, "time_iter": 0.06261, "accuracy": 0.72347, "precision": 0.72925, "recall": 0.71512, "f1": 0.72211, "auc": 0.7964}
{"epoch": 41, "time_epoch": 32.15404, "eta": 1882.26608, "eta_hours": 0.52285, "loss": 0.57978447, "lr": 0.0006395, "params": 5865, "time_iter": 0.06256, "accuracy": 0.72736, "precision": 0.72139, "recall": 0.74516, "f1": 0.73308, "auc": 0.79799}
{"epoch": 42, "time_epoch": 32.14576, "eta": 1849.40613, "eta_hours": 0.51372, "loss": 0.55349393, "lr": 0.00062434, "params": 5865, "time_iter": 0.06254, "accuracy": 0.73564, "precision": 0.73088, "recall": 0.75, "f1": 0.74032, "auc": 0.80712}
{"epoch": 43, "time_epoch": 32.18137, "eta": 1816.62397, "eta_hours": 0.50462, "loss": 0.56451121, "lr": 0.00060907, "params": 5865, "time_iter": 0.06261, "accuracy": 0.72444, "precision": 0.7219, "recall": 0.7345, "f1": 0.72815, "auc": 0.80153}
{"epoch": 44, "time_epoch": 32.13243, "eta": 1783.80868, "eta_hours": 0.4955, "loss": 0.56081054, "lr": 0.00059369, "params": 5865, "time_iter": 0.06251, "accuracy": 0.73077, "precision": 0.73095, "recall": 0.7345, "f1": 0.73272, "auc": 0.8064}
{"epoch": 45, "time_epoch": 32.16512, "eta": 1751.06146, "eta_hours": 0.48641, "loss": 0.56858043, "lr": 0.00057822, "params": 5865, "time_iter": 0.06258, "accuracy": 0.73077, "precision": 0.72573, "recall": 0.74612, "f1": 0.73579, "auc": 0.80525}
{"epoch": 46, "time_epoch": 32.17817, "eta": 1718.35373, "eta_hours": 0.47732, "loss": 0.55498226, "lr": 0.00056267, "params": 5865, "time_iter": 0.0626, "accuracy": 0.7259, "precision": 0.72701, "recall": 0.72771, "f1": 0.72736, "auc": 0.80704}
{"epoch": 47, "time_epoch": 32.201, "eta": 1685.6928, "eta_hours": 0.46825, "loss": 0.57168987, "lr": 0.00054705, "params": 5865, "time_iter": 0.06265, "accuracy": 0.72249, "precision": 0.72515, "recall": 0.72093, "f1": 0.72303, "auc": 0.79911}
{"epoch": 48, "time_epoch": 32.16521, "eta": 1653.01339, "eta_hours": 0.45917, "loss": 0.555643, "lr": 0.0005314, "params": 5865, "time_iter": 0.06258, "accuracy": 0.72931, "precision": 0.72797, "recall": 0.73643, "f1": 0.73218, "auc": 0.80863}
{"epoch": 49, "time_epoch": 32.17513, "eta": 1620.36447, "eta_hours": 0.4501, "loss": 0.55081501, "lr": 0.00051571, "params": 5865, "time_iter": 0.0626, "accuracy": 0.73223, "precision": 0.72996, "recall": 0.74128, "f1": 0.73558, "auc": 0.81227}
{"epoch": 50, "time_epoch": 32.17464, "eta": 1587.73366, "eta_hours": 0.44104, "loss": 0.53879126, "lr": 0.0005, "params": 5865, "time_iter": 0.0626, "accuracy": 0.73515, "precision": 0.73782, "recall": 0.73353, "f1": 0.73567, "auc": 0.8194}
{"epoch": 51, "time_epoch": 32.18026, "eta": 1555.12557, "eta_hours": 0.43198, "loss": 0.56443562, "lr": 0.00048429, "params": 5865, "time_iter": 0.06261, "accuracy": 0.73418, "precision": 0.73055, "recall": 0.74612, "f1": 0.73826, "auc": 0.8055}
{"epoch": 52, "time_epoch": 32.17481, "eta": 1522.5288, "eta_hours": 0.42292, "loss": 0.55141242, "lr": 0.0004686, "params": 5865, "time_iter": 0.0626, "accuracy": 0.73564, "precision": 0.739, "recall": 0.73256, "f1": 0.73577, "auc": 0.81243}
{"epoch": 53, "time_epoch": 32.17424, "eta": 1489.94717, "eta_hours": 0.41387, "loss": 0.55237466, "lr": 0.00045295, "params": 5865, "time_iter": 0.0626, "accuracy": 0.73905, "precision": 0.73755, "recall": 0.74612, "f1": 0.74181, "auc": 0.81342}
{"epoch": 54, "time_epoch": 32.16791, "eta": 1457.37518, "eta_hours": 0.40483, "loss": 0.55255025, "lr": 0.00043733, "params": 5865, "time_iter": 0.06258, "accuracy": 0.74343, "precision": 0.74302, "recall": 0.74806, "f1": 0.74553, "auc": 0.81479}
{"epoch": 55, "time_epoch": 32.16087, "eta": 1424.81209, "eta_hours": 0.39578, "loss": 0.54618985, "lr": 0.00042178, "params": 5865, "time_iter": 0.06257, "accuracy": 0.74684, "precision": 0.74568, "recall": 0.75291, "f1": 0.74928, "auc": 0.81992}
{"epoch": 56, "time_epoch": 32.15749, "eta": 1392.26055, "eta_hours": 0.38674, "loss": 0.54999391, "lr": 0.00040631, "params": 5865, "time_iter": 0.06256, "accuracy": 0.74537, "precision": 0.74032, "recall": 0.75969, "f1": 0.74988, "auc": 0.82047}
{"epoch": 57, "time_epoch": 32.18577, "eta": 1359.74309, "eta_hours": 0.37771, "loss": 0.55136316, "lr": 0.00039093, "params": 5865, "time_iter": 0.06262, "accuracy": 0.74197, "precision": 0.74135, "recall": 0.74709, "f1": 0.74421, "auc": 0.81395}
{"epoch": 58, "time_epoch": 32.15836, "eta": 1327.21782, "eta_hours": 0.36867, "loss": 0.55193176, "lr": 0.00037566, "params": 5865, "time_iter": 0.06256, "accuracy": 0.74635, "precision": 0.7445, "recall": 0.75388, "f1": 0.74916, "auc": 0.8194}
{"epoch": 59, "time_epoch": 32.15598, "eta": 1294.7032, "eta_hours": 0.35964, "loss": 0.55727222, "lr": 0.0003605, "params": 5865, "time_iter": 0.06256, "accuracy": 0.74537, "precision": 0.73587, "recall": 0.76938, "f1": 0.75225, "auc": 0.8152}
{"epoch": 60, "time_epoch": 32.17314, "eta": 1262.21131, "eta_hours": 0.35061, "loss": 0.54344627, "lr": 0.00034549, "params": 5865, "time_iter": 0.06259, "accuracy": 0.74391, "precision": 0.74707, "recall": 0.74128, "f1": 0.74416, "auc": 0.82438}
{"epoch": 61, "time_epoch": 32.17519, "eta": 1229.73095, "eta_hours": 0.34159, "loss": 0.5530691, "lr": 0.00033063, "params": 5865, "time_iter": 0.0626, "accuracy": 0.74343, "precision": 0.74828, "recall": 0.7374, "f1": 0.7428, "auc": 0.81679}
{"epoch": 62, "time_epoch": 32.13708, "eta": 1197.2379, "eta_hours": 0.33257, "loss": 0.54074436, "lr": 0.00031594, "params": 5865, "time_iter": 0.06252, "accuracy": 0.74537, "precision": 0.74215, "recall": 0.75581, "f1": 0.74892, "auc": 0.82516}
{"epoch": 63, "time_epoch": 32.15205, "eta": 1164.76439, "eta_hours": 0.32355, "loss": 0.54718434, "lr": 0.00030143, "params": 5865, "time_iter": 0.06255, "accuracy": 0.75122, "precision": 0.75024, "recall": 0.75678, "f1": 0.7535, "auc": 0.82595}
{"epoch": 64, "time_epoch": 32.15927, "eta": 1132.30466, "eta_hours": 0.31453, "loss": 0.54627777, "lr": 0.00028711, "params": 5865, "time_iter": 0.06257, "accuracy": 0.75219, "precision": 0.74693, "recall": 0.76647, "f1": 0.75658, "auc": 0.8222}
{"epoch": 65, "time_epoch": 32.16039, "eta": 1099.85462, "eta_hours": 0.30552, "loss": 0.52142287, "lr": 0.000273, "params": 5865, "time_iter": 0.06257, "accuracy": 0.75463, "precision": 0.75336, "recall": 0.76066, "f1": 0.75699, "auc": 0.83379}
{"epoch": 66, "time_epoch": 32.15367, "eta": 1067.40991, "eta_hours": 0.2965, "loss": 0.51929487, "lr": 0.00025912, "params": 5865, "time_iter": 0.06256, "accuracy": 0.75657, "precision": 0.75142, "recall": 0.77035, "f1": 0.76077, "auc": 0.83457}
{"epoch": 67, "time_epoch": 32.15292, "eta": 1034.97341, "eta_hours": 0.28749, "loss": 0.55024615, "lr": 0.00024548, "params": 5865, "time_iter": 0.06255, "accuracy": 0.73807, "precision": 0.73524, "recall": 0.74806, "f1": 0.74159, "auc": 0.8212}
{"epoch": 68, "time_epoch": 32.16157, "eta": 1002.54902, "eta_hours": 0.27849, "loss": 0.54295898, "lr": 0.00023209, "params": 5865, "time_iter": 0.06257, "accuracy": 0.74635, "precision": 0.74036, "recall": 0.7626, "f1": 0.75131, "auc": 0.82361}
{"epoch": 69, "time_epoch": 32.2028, "eta": 970.1498, "eta_hours": 0.26949, "loss": 0.54014964, "lr": 0.00021896, "params": 5865, "time_iter": 0.06265, "accuracy": 0.74976, "precision": 0.75097, "recall": 0.75097, "f1": 0.75097, "auc": 0.82976}
{"epoch": 70, "time_epoch": 32.34972, "eta": 937.81613, "eta_hours": 0.2605, "loss": 0.53645511, "lr": 0.00020611, "params": 5865, "time_iter": 0.06294, "accuracy": 0.75316, "precision": 0.74283, "recall": 0.7781, "f1": 0.76006, "auc": 0.83106}
{"epoch": 71, "time_epoch": 32.2868, "eta": 905.45755, "eta_hours": 0.25152, "loss": 0.54092964, "lr": 0.00019355, "params": 5865, "time_iter": 0.06281, "accuracy": 0.74489, "precision": 0.74008, "recall": 0.75872, "f1": 0.74928, "auc": 0.82689}
{"epoch": 72, "time_epoch": 32.26423, "eta": 873.09258, "eta_hours": 0.24253, "loss": 0.54066513, "lr": 0.00018129, "params": 5865, "time_iter": 0.06277, "accuracy": 0.74294, "precision": 0.74706, "recall": 0.73837, "f1": 0.74269, "auc": 0.82727}
{"epoch": 73, "time_epoch": 32.2641, "eta": 840.73028, "eta_hours": 0.23354, "loss": 0.5414186, "lr": 0.00016934, "params": 5865, "time_iter": 0.06277, "accuracy": 0.75219, "precision": 0.74191, "recall": 0.77713, "f1": 0.75911, "auc": 0.82913}
{"epoch": 74, "time_epoch": 32.24412, "eta": 808.36395, "eta_hours": 0.22455, "loss": 0.54224677, "lr": 0.00015773, "params": 5865, "time_iter": 0.06273, "accuracy": 0.75268, "precision": 0.75096, "recall": 0.75969, "f1": 0.7553, "auc": 0.82913}
{"epoch": 75, "time_epoch": 32.26025, "eta": 776.00593, "eta_hours": 0.21556, "loss": 0.55081073, "lr": 0.00014645, "params": 5865, "time_iter": 0.06276, "accuracy": 0.7371, "precision": 0.72948, "recall": 0.75775, "f1": 0.74335, "auc": 0.82458}
{"epoch": 76, "time_epoch": 32.30652, "eta": 743.66427, "eta_hours": 0.20657, "loss": 0.52673782, "lr": 0.00013552, "params": 5865, "time_iter": 0.06285, "accuracy": 0.75511, "precision": 0.75605, "recall": 0.75678, "f1": 0.75642, "auc": 0.83316}
{"epoch": 77, "time_epoch": 32.27775, "eta": 711.31539, "eta_hours": 0.19759, "loss": 0.53408813, "lr": 0.00012494, "params": 5865, "time_iter": 0.0628, "accuracy": 0.75609, "precision": 0.74836, "recall": 0.77519, "f1": 0.76154, "auc": 0.83228}
{"epoch": 78, "time_epoch": 32.25148, "eta": 678.96133, "eta_hours": 0.1886, "loss": 0.54315492, "lr": 0.00011474, "params": 5865, "time_iter": 0.06275, "accuracy": 0.75073, "precision": 0.74809, "recall": 0.75969, "f1": 0.75385, "auc": 0.8279}
{"epoch": 79, "time_epoch": 32.2434, "eta": 646.60781, "eta_hours": 0.17961, "loss": 0.52317339, "lr": 0.00010492, "params": 5865, "time_iter": 0.06273, "accuracy": 0.75949, "precision": 0.7514, "recall": 0.77907, "f1": 0.76499, "auc": 0.83582}
{"epoch": 80, "time_epoch": 32.25357, "eta": 614.2594, "eta_hours": 0.17063, "loss": 0.52665136, "lr": 9.549e-05, "params": 5865, "time_iter": 0.06275, "accuracy": 0.76241, "precision": 0.75564, "recall": 0.77907, "f1": 0.76718, "auc": 0.83672}
{"epoch": 81, "time_epoch": 32.2555, "eta": 581.91373, "eta_hours": 0.16164, "loss": 0.52817828, "lr": 8.646e-05, "params": 5865, "time_iter": 0.06275, "accuracy": 0.75901, "precision": 0.75306, "recall": 0.77422, "f1": 0.7635, "auc": 0.83577}
{"epoch": 82, "time_epoch": 32.44504, "eta": 549.60905, "eta_hours": 0.15267, "loss": 0.53026598, "lr": 7.784e-05, "params": 5865, "time_iter": 0.06312, "accuracy": 0.76339, "precision": 0.75951, "recall": 0.77422, "f1": 0.76679, "auc": 0.83815}
{"epoch": 83, "time_epoch": 32.47159, "eta": 517.30609, "eta_hours": 0.1437, "loss": 0.52419682, "lr": 6.963e-05, "params": 5865, "time_iter": 0.06317, "accuracy": 0.75901, "precision": 0.74211, "recall": 0.79748, "f1": 0.7688, "auc": 0.83943}
{"epoch": 84, "time_epoch": 32.47017, "eta": 484.9989, "eta_hours": 0.13472, "loss": 0.54098157, "lr": 6.185e-05, "params": 5865, "time_iter": 0.06317, "accuracy": 0.75901, "precision": 0.75117, "recall": 0.7781, "f1": 0.7644, "auc": 0.83484}
{"epoch": 85, "time_epoch": 32.41354, "eta": 452.67871, "eta_hours": 0.12574, "loss": 0.52312138, "lr": 5.45e-05, "params": 5865, "time_iter": 0.06306, "accuracy": 0.76534, "precision": 0.75749, "recall": 0.78391, "f1": 0.77048, "auc": 0.84226}
{"epoch": 86, "time_epoch": 32.14119, "eta": 420.31568, "eta_hours": 0.11675, "loss": 0.52547915, "lr": 4.759e-05, "params": 5865, "time_iter": 0.06253, "accuracy": 0.76339, "precision": 0.75562, "recall": 0.78198, "f1": 0.76857, "auc": 0.83889}
{"epoch": 87, "time_epoch": 32.11769, "eta": 387.95448, "eta_hours": 0.10777, "loss": 0.52910461, "lr": 4.112e-05, "params": 5865, "time_iter": 0.06249, "accuracy": 0.75852, "precision": 0.75094, "recall": 0.77713, "f1": 0.76381, "auc": 0.83955}
{"epoch": 88, "time_epoch": 32.12694, "eta": 355.5999, "eta_hours": 0.09878, "loss": 0.53432608, "lr": 3.511e-05, "params": 5865, "time_iter": 0.0625, "accuracy": 0.76095, "precision": 0.75885, "recall": 0.76841, "f1": 0.7636, "auc": 0.83615}
{"epoch": 89, "time_epoch": 32.07842, "eta": 323.24499, "eta_hours": 0.08979, "loss": 0.53392912, "lr": 2.956e-05, "params": 5865, "time_iter": 0.06241, "accuracy": 0.7556, "precision": 0.75142, "recall": 0.76744, "f1": 0.75935, "auc": 0.8368}
{"epoch": 90, "time_epoch": 32.45672, "eta": 290.93357, "eta_hours": 0.08081, "loss": 0.53711453, "lr": 2.447e-05, "params": 5865, "time_iter": 0.06315, "accuracy": 0.75657, "precision": 0.74404, "recall": 0.78585, "f1": 0.76437, "auc": 0.83287}
{"epoch": 91, "time_epoch": 32.45161, "eta": 258.61854, "eta_hours": 0.07184, "loss": 0.53451576, "lr": 1.985e-05, "params": 5865, "time_iter": 0.06314, "accuracy": 0.76485, "precision": 0.75921, "recall": 0.77907, "f1": 0.76901, "auc": 0.83753}
{"epoch": 92, "time_epoch": 32.44352, "eta": 226.29997, "eta_hours": 0.06286, "loss": 0.54459071, "lr": 1.571e-05, "params": 5865, "time_iter": 0.06312, "accuracy": 0.75365, "precision": 0.75143, "recall": 0.76163, "f1": 0.7565, "auc": 0.83145}
{"epoch": 93, "time_epoch": 32.44448, "eta": 193.9788, "eta_hours": 0.05388, "loss": 0.53275916, "lr": 1.204e-05, "params": 5865, "time_iter": 0.06312, "accuracy": 0.76047, "precision": 0.75763, "recall": 0.76938, "f1": 0.76346, "auc": 0.83651}
{"epoch": 94, "time_epoch": 32.42659, "eta": 161.6541, "eta_hours": 0.0449, "loss": 0.53061212, "lr": 8.86e-06, "params": 5865, "time_iter": 0.06309, "accuracy": 0.76777, "precision": 0.76504, "recall": 0.77616, "f1": 0.77056, "auc": 0.83923}
{"epoch": 95, "time_epoch": 32.45495, "eta": 129.32845, "eta_hours": 0.03592, "loss": 0.52663162, "lr": 6.16e-06, "params": 5865, "time_iter": 0.06314, "accuracy": 0.76777, "precision": 0.76403, "recall": 0.7781, "f1": 0.771, "auc": 0.83967}
{"epoch": 96, "time_epoch": 32.42385, "eta": 96.99917, "eta_hours": 0.02694, "loss": 0.53607661, "lr": 3.94e-06, "params": 5865, "time_iter": 0.06308, "accuracy": 0.74927, "precision": 0.7441, "recall": 0.76357, "f1": 0.75371, "auc": 0.83276}
{"epoch": 97, "time_epoch": 32.44395, "eta": 64.66838, "eta_hours": 0.01796, "loss": 0.53916781, "lr": 2.22e-06, "params": 5865, "time_iter": 0.06312, "accuracy": 0.75073, "precision": 0.74345, "recall": 0.76938, "f1": 0.75619, "auc": 0.83243}
{"epoch": 98, "time_epoch": 32.40947, "eta": 32.33495, "eta_hours": 0.00898, "loss": 0.52714196, "lr": 9.9e-07, "params": 5865, "time_iter": 0.06305, "accuracy": 0.76144, "precision": 0.7528, "recall": 0.78198, "f1": 0.76711, "auc": 0.83986}
{"epoch": 99, "time_epoch": 32.39378, "eta": 0.0, "eta_hours": 0.0, "loss": 0.52917174, "lr": 2.5e-07, "params": 5865, "time_iter": 0.06302, "accuracy": 0.75998, "precision": 0.75258, "recall": 0.7781, "f1": 0.76513, "auc": 0.83811}
