{"epoch": 0, "time_epoch": 6.43117, "eta": 636.68543, "eta_hours": 0.17686, "loss": 0.69481865, "lr": 0.001, "params": 9207, "time_iter": 0.58465, "accuracy": 0.52381, "precision": 0.0, "recall": 0.0, "f1": 0.0, "auc": 0.35682}
{"epoch": 1, "time_epoch": 7.68915, "eta": 691.89565, "eta_hours": 0.19219, "loss": 0.6928358, "lr": 0.00099975, "params": 9207, "time_iter": 0.69901, "accuracy": 0.52381, "precision": 0.0, "recall": 0.0, "f1": 0.0, "auc": 0.44318}
{"epoch": 2, "time_epoch": 0.44872, "eta": 471.06552, "eta_hours": 0.13085, "loss": 0.69225792, "lr": 0.00099901, "params": 9207, "time_iter": 0.04079, "accuracy": 0.52381, "precision": 0.0, "recall": 0.0, "f1": 0.0, "auc": 0.59091}
{"epoch": 3, "time_epoch": 0.47298, "eta": 361.0085, "eta_hours": 0.10028, "loss": 0.69454064, "lr": 0.00099778, "params": 9207, "time_iter": 0.043, "accuracy": 0.52381, "precision": 0.0, "recall": 0.0, "f1": 0.0, "auc": 0.46591}
{"epoch": 4, "time_epoch": 0.47094, "eta": 294.74623, "eta_hours": 0.08187, "loss": 0.69326284, "lr": 0.00099606, "params": 9207, "time_iter": 0.04281, "accuracy": 0.52381, "precision": 0.0, "recall": 0.0, "f1": 0.0, "auc": 0.51818}
{"epoch": 5, "time_epoch": 0.47562, "eta": 250.4877, "eta_hours": 0.06958, "loss": 0.69233913, "lr": 0.00099384, "params": 9207, "time_iter": 0.04324, "accuracy": 0.52381, "precision": 0.0, "recall": 0.0, "f1": 0.0, "auc": 0.54318}
{"epoch": 6, "time_epoch": 0.46891, "eta": 218.6495, "eta_hours": 0.06074, "loss": 0.69166567, "lr": 0.00099114, "params": 9207, "time_iter": 0.04263, "accuracy": 0.52381, "precision": 0.0, "recall": 0.0, "f1": 0.0, "auc": 0.58864}
{"epoch": 7, "time_epoch": 0.4717, "eta": 194.6857, "eta_hours": 0.05408, "loss": 0.69096764, "lr": 0.00098796, "params": 9207, "time_iter": 0.04288, "accuracy": 0.52381, "precision": 0.0, "recall": 0.0, "f1": 0.0, "auc": 0.59318}
{"epoch": 8, "time_epoch": 0.47565, "eta": 175.98224, "eta_hours": 0.04888, "loss": 0.68910344, "lr": 0.00098429, "params": 9207, "time_iter": 0.04324, "accuracy": 0.52381, "precision": 0.0, "recall": 0.0, "f1": 0.0, "auc": 0.76364}
{"epoch": 9, "time_epoch": 0.47463, "eta": 160.91521, "eta_hours": 0.0447, "loss": 0.68701239, "lr": 0.00098015, "params": 9207, "time_iter": 0.04315, "accuracy": 0.52381, "precision": 0.0, "recall": 0.0, "f1": 0.0, "auc": 0.775}
{"epoch": 10, "time_epoch": 0.47444, "eta": 148.49983, "eta_hours": 0.04125, "loss": 0.68309879, "lr": 0.00097553, "params": 9207, "time_iter": 0.04313, "accuracy": 0.59524, "precision": 1.0, "recall": 0.15, "f1": 0.26087, "auc": 0.73409}
{"epoch": 11, "time_epoch": 0.47438, "eta": 138.07411, "eta_hours": 0.03835, "loss": 0.66532419, "lr": 0.00097044, "params": 9207, "time_iter": 0.04313, "accuracy": 0.69048, "precision": 0.88889, "recall": 0.4, "f1": 0.55172, "auc": 0.87273}
{"epoch": 12, "time_epoch": 0.47503, "eta": 129.18374, "eta_hours": 0.03588, "loss": 0.65885315, "lr": 0.00096489, "params": 9207, "time_iter": 0.04318, "accuracy": 0.71429, "precision": 0.75, "recall": 0.6, "f1": 0.66667, "auc": 0.82045}
{"epoch": 13, "time_epoch": 0.47057, "eta": 121.46818, "eta_hours": 0.03374, "loss": 0.63699054, "lr": 0.00095888, "params": 9207, "time_iter": 0.04278, "accuracy": 0.7619, "precision": 0.75, "recall": 0.75, "f1": 0.75, "auc": 0.82045}
{"epoch": 14, "time_epoch": 0.47794, "eta": 114.76036, "eta_hours": 0.03188, "loss": 0.59997424, "lr": 0.00095241, "params": 9207, "time_iter": 0.04345, "accuracy": 0.80952, "precision": 0.8, "recall": 0.8, "f1": 0.8, "auc": 0.84773}
{"epoch": 15, "time_epoch": 0.47922, "eta": 108.83799, "eta_hours": 0.03023, "loss": 0.56193367, "lr": 0.0009455, "params": 9207, "time_iter": 0.04357, "accuracy": 0.83333, "precision": 0.80952, "recall": 0.85, "f1": 0.82927, "auc": 0.88182}
{"epoch": 16, "time_epoch": 0.48393, "eta": 103.57901, "eta_hours": 0.02877, "loss": 0.48630532, "lr": 0.00093815, "params": 9207, "time_iter": 0.04399, "accuracy": 0.88095, "precision": 0.85714, "recall": 0.9, "f1": 0.87805, "auc": 0.925}
{"epoch": 17, "time_epoch": 0.4702, "eta": 98.78804, "eta_hours": 0.02744, "loss": 0.44819549, "lr": 0.00093037, "params": 9207, "time_iter": 0.04275, "accuracy": 0.83333, "precision": 0.84211, "recall": 0.8, "f1": 0.82051, "auc": 0.93409}
{"epoch": 18, "time_epoch": 0.47073, "eta": 94.45415, "eta_hours": 0.02624, "loss": 0.4906917, "lr": 0.00092216, "params": 9207, "time_iter": 0.04279, "accuracy": 0.85714, "precision": 0.76923, "recall": 1.0, "f1": 0.86957, "auc": 0.86364}
{"epoch": 19, "time_epoch": 0.46486, "eta": 90.48308, "eta_hours": 0.02513, "loss": 0.34572489, "lr": 0.00091354, "params": 9207, "time_iter": 0.04226, "accuracy": 0.83333, "precision": 0.80952, "recall": 0.85, "f1": 0.82927, "auc": 0.96818}
{"epoch": 20, "time_epoch": 0.47374, "eta": 86.87935, "eta_hours": 0.02413, "loss": 0.39081012, "lr": 0.00090451, "params": 9207, "time_iter": 0.04307, "accuracy": 0.88095, "precision": 0.82609, "recall": 0.95, "f1": 0.88372, "auc": 0.92955}
{"epoch": 21, "time_epoch": 0.46898, "eta": 83.54328, "eta_hours": 0.02321, "loss": 0.25555473, "lr": 0.00089508, "params": 9207, "time_iter": 0.04263, "accuracy": 0.85714, "precision": 0.81818, "recall": 0.9, "f1": 0.85714, "auc": 0.97955}
{"epoch": 22, "time_epoch": 0.52217, "eta": 80.6346, "eta_hours": 0.0224, "loss": 0.32586731, "lr": 0.00088526, "params": 9207, "time_iter": 0.04747, "accuracy": 0.83333, "precision": 0.80952, "recall": 0.85, "f1": 0.82927, "auc": 0.94318}
{"epoch": 23, "time_epoch": 0.52338, "eta": 77.92861, "eta_hours": 0.02165, "loss": 0.22700328, "lr": 0.00087506, "params": 9207, "time_iter": 0.04758, "accuracy": 0.92857, "precision": 0.90476, "recall": 0.95, "f1": 0.92683, "auc": 0.98864}
{"epoch": 24, "time_epoch": 0.52025, "eta": 75.38784, "eta_hours": 0.02094, "loss": 0.19403995, "lr": 0.00086448, "params": 9207, "time_iter": 0.0473, "accuracy": 0.95238, "precision": 0.95, "recall": 0.95, "f1": 0.95, "auc": 0.98864}
{"epoch": 25, "time_epoch": 0.5348, "eta": 73.04393, "eta_hours": 0.02029, "loss": 0.25055434, "lr": 0.00085355, "params": 9207, "time_iter": 0.04862, "accuracy": 0.85714, "precision": 0.81818, "recall": 0.9, "f1": 0.85714, "auc": 0.97045}
{"epoch": 26, "time_epoch": 0.52326, "eta": 70.80281, "eta_hours": 0.01967, "loss": 0.21228158, "lr": 0.00084227, "params": 9207, "time_iter": 0.04757, "accuracy": 0.92857, "precision": 0.90476, "recall": 0.95, "f1": 0.92683, "auc": 0.975}
{"epoch": 27, "time_epoch": 0.52531, "eta": 68.68969, "eta_hours": 0.01908, "loss": 0.24354584, "lr": 0.00083066, "params": 9207, "time_iter": 0.04776, "accuracy": 0.85714, "precision": 0.81818, "recall": 0.9, "f1": 0.85714, "auc": 0.96818}
{"epoch": 28, "time_epoch": 0.52744, "eta": 66.69126, "eta_hours": 0.01853, "loss": 0.27226281, "lr": 0.00081871, "params": 9207, "time_iter": 0.04795, "accuracy": 0.90476, "precision": 0.94444, "recall": 0.85, "f1": 0.89474, "auc": 0.92727}
{"epoch": 29, "time_epoch": 0.53381, "eta": 64.80577, "eta_hours": 0.018, "loss": 0.18030581, "lr": 0.00080645, "params": 9207, "time_iter": 0.04853, "accuracy": 0.92857, "precision": 0.94737, "recall": 0.9, "f1": 0.92308, "auc": 0.98636}
{"epoch": 30, "time_epoch": 0.52475, "eta": 62.98731, "eta_hours": 0.0175, "loss": 0.14167186, "lr": 0.00079389, "params": 9207, "time_iter": 0.0477, "accuracy": 0.92857, "precision": 0.86957, "recall": 1.0, "f1": 0.93023, "auc": 0.98864}
{"epoch": 31, "time_epoch": 0.52616, "eta": 61.25272, "eta_hours": 0.01701, "loss": 0.20698051, "lr": 0.00078104, "params": 9207, "time_iter": 0.04783, "accuracy": 0.88095, "precision": 0.8, "recall": 1.0, "f1": 0.88889, "auc": 0.99318}
{"epoch": 32, "time_epoch": 0.52484, "eta": 59.58869, "eta_hours": 0.01655, "loss": 0.12344298, "lr": 0.00076791, "params": 9207, "time_iter": 0.04771, "accuracy": 0.95238, "precision": 1.0, "recall": 0.9, "f1": 0.94737, "auc": 1.0}
{"epoch": 33, "time_epoch": 0.51817, "eta": 57.97872, "eta_hours": 0.01611, "loss": 0.06318561, "lr": 0.00075452, "params": 9207, "time_iter": 0.04711, "accuracy": 0.97619, "precision": 0.95238, "recall": 1.0, "f1": 0.97561, "auc": 1.0}
{"epoch": 34, "time_epoch": 0.51492, "eta": 56.42509, "eta_hours": 0.01567, "loss": 0.15264953, "lr": 0.00074088, "params": 9207, "time_iter": 0.04681, "accuracy": 0.95238, "precision": 0.95, "recall": 0.95, "f1": 0.95, "auc": 0.98864}
{"epoch": 35, "time_epoch": 0.51852, "eta": 54.93557, "eta_hours": 0.01526, "loss": 0.16243121, "lr": 0.000727, "params": 9207, "time_iter": 0.04714, "accuracy": 0.92857, "precision": 0.94737, "recall": 0.9, "f1": 0.92308, "auc": 0.975}
{"epoch": 36, "time_epoch": 0.52834, "eta": 53.51527, "eta_hours": 0.01487, "loss": 0.07175682, "lr": 0.00071289, "params": 9207, "time_iter": 0.04803, "accuracy": 1.0, "precision": 1.0, "recall": 1.0, "f1": 1.0, "auc": 1.0}
{"epoch": 37, "time_epoch": 0.52745, "eta": 52.14046, "eta_hours": 0.01448, "loss": 0.21566294, "lr": 0.00069857, "params": 9207, "time_iter": 0.04795, "accuracy": 0.92857, "precision": 0.90476, "recall": 0.95, "f1": 0.92683, "auc": 0.98409}
{"epoch": 38, "time_epoch": 0.53207, "eta": 50.81633, "eta_hours": 0.01412, "loss": 0.15414562, "lr": 0.00068406, "params": 9207, "time_iter": 0.04837, "accuracy": 0.92857, "precision": 0.90476, "recall": 0.95, "f1": 0.92683, "auc": 0.99091}
{"epoch": 39, "time_epoch": 0.52179, "eta": 49.51638, "eta_hours": 0.01375, "loss": 0.29346, "lr": 0.00066937, "params": 9207, "time_iter": 0.04744, "accuracy": 0.90476, "precision": 0.86364, "recall": 0.95, "f1": 0.90476, "auc": 0.96136}
{"epoch": 40, "time_epoch": 0.52547, "eta": 48.25968, "eta_hours": 0.01341, "loss": 0.45747446, "lr": 0.00065451, "params": 9207, "time_iter": 0.04777, "accuracy": 0.90476, "precision": 0.86364, "recall": 0.95, "f1": 0.90476, "auc": 0.93182}
{"epoch": 41, "time_epoch": 0.52905, "eta": 47.04275, "eta_hours": 0.01307, "loss": 0.36197563, "lr": 0.0006395, "params": 9207, "time_iter": 0.0481, "accuracy": 0.92857, "precision": 0.90476, "recall": 0.95, "f1": 0.92683, "auc": 0.94545}
{"epoch": 42, "time_epoch": 0.53597, "eta": 45.86698, "eta_hours": 0.01274, "loss": 0.03356858, "lr": 0.00062434, "params": 9207, "time_iter": 0.04872, "accuracy": 1.0, "precision": 1.0, "recall": 1.0, "f1": 1.0, "auc": 1.0}
{"epoch": 43, "time_epoch": 0.5183, "eta": 44.69782, "eta_hours": 0.01242, "loss": 0.02235905, "lr": 0.00060907, "params": 9207, "time_iter": 0.04712, "accuracy": 1.0, "precision": 1.0, "recall": 1.0, "f1": 1.0, "auc": 1.0}
{"epoch": 44, "time_epoch": 0.531, "eta": 43.5731, "eta_hours": 0.0121, "loss": 0.20103685, "lr": 0.00059369, "params": 9207, "time_iter": 0.04827, "accuracy": 0.92857, "precision": 0.90476, "recall": 0.95, "f1": 0.92683, "auc": 0.975}
{"epoch": 45, "time_epoch": 0.52199, "eta": 42.46362, "eta_hours": 0.0118, "loss": 0.10682426, "lr": 0.00057822, "params": 9207, "time_iter": 0.04745, "accuracy": 0.95238, "precision": 0.90909, "recall": 1.0, "f1": 0.95238, "auc": 1.0}
{"epoch": 46, "time_epoch": 0.52543, "eta": 41.38301, "eta_hours": 0.0115, "loss": 0.26878403, "lr": 0.00056267, "params": 9207, "time_iter": 0.04777, "accuracy": 0.90476, "precision": 0.83333, "recall": 1.0, "f1": 0.90909, "auc": 0.96818}
{"epoch": 47, "time_epoch": 0.53087, "eta": 40.33143, "eta_hours": 0.0112, "loss": 0.12357579, "lr": 0.00054705, "params": 9207, "time_iter": 0.04826, "accuracy": 0.92857, "precision": 0.90476, "recall": 0.95, "f1": 0.92683, "auc": 0.99545}
{"epoch": 48, "time_epoch": 0.5222, "eta": 39.29208, "eta_hours": 0.01091, "loss": 0.1393999, "lr": 0.0005314, "params": 9207, "time_iter": 0.04747, "accuracy": 0.95238, "precision": 0.90909, "recall": 1.0, "f1": 0.95238, "auc": 0.99091}
{"epoch": 49, "time_epoch": 0.53528, "eta": 38.28649, "eta_hours": 0.01064, "loss": 0.25899399, "lr": 0.00051571, "params": 9207, "time_iter": 0.04866, "accuracy": 0.88095, "precision": 0.85714, "recall": 0.9, "f1": 0.87805, "auc": 0.95909}
{"epoch": 50, "time_epoch": 0.52314, "eta": 37.28768, "eta_hours": 0.01036, "loss": 0.27547808, "lr": 0.0005, "params": 9207, "time_iter": 0.04756, "accuracy": 0.90476, "precision": 0.9, "recall": 0.9, "f1": 0.9, "auc": 0.96364}
{"epoch": 51, "time_epoch": 0.52345, "eta": 36.30746, "eta_hours": 0.01009, "loss": 0.02485372, "lr": 0.00048429, "params": 9207, "time_iter": 0.04759, "accuracy": 1.0, "precision": 1.0, "recall": 1.0, "f1": 1.0, "auc": 1.0}
{"epoch": 52, "time_epoch": 0.52399, "eta": 35.34495, "eta_hours": 0.00982, "loss": 0.09371324, "lr": 0.0004686, "params": 9207, "time_iter": 0.04764, "accuracy": 0.97619, "precision": 0.95238, "recall": 1.0, "f1": 0.97561, "auc": 1.0}
{"epoch": 53, "time_epoch": 0.52506, "eta": 34.39959, "eta_hours": 0.00956, "loss": 0.1228158, "lr": 0.00045295, "params": 9207, "time_iter": 0.04773, "accuracy": 0.95238, "precision": 0.90909, "recall": 1.0, "f1": 0.95238, "auc": 0.99318}
{"epoch": 54, "time_epoch": 0.52035, "eta": 33.46567, "eta_hours": 0.0093, "loss": 0.04783071, "lr": 0.00043733, "params": 9207, "time_iter": 0.0473, "accuracy": 0.97619, "precision": 1.0, "recall": 0.95, "f1": 0.97436, "auc": 0.99773}
{"epoch": 55, "time_epoch": 0.51621, "eta": 32.54325, "eta_hours": 0.00904, "loss": 0.08584798, "lr": 0.00042178, "params": 9207, "time_iter": 0.04693, "accuracy": 0.95238, "precision": 0.90909, "recall": 1.0, "f1": 0.95238, "auc": 1.0}
{"epoch": 56, "time_epoch": 0.53589, "eta": 31.64994, "eta_hours": 0.00879, "loss": 0.32453216, "lr": 0.00040631, "params": 9207, "time_iter": 0.04872, "accuracy": 0.85714, "precision": 0.81818, "recall": 0.9, "f1": 0.85714, "auc": 0.95682}
{"epoch": 57, "time_epoch": 0.52401, "eta": 30.76035, "eta_hours": 0.00854, "loss": 0.2297671, "lr": 0.00039093, "params": 9207, "time_iter": 0.04764, "accuracy": 0.90476, "precision": 0.86364, "recall": 0.95, "f1": 0.90476, "auc": 0.975}
{"epoch": 58, "time_epoch": 0.52456, "eta": 29.88354, "eta_hours": 0.0083, "loss": 0.20923764, "lr": 0.00037566, "params": 9207, "time_iter": 0.04769, "accuracy": 0.90476, "precision": 0.86364, "recall": 0.95, "f1": 0.90476, "auc": 0.97273}
{"epoch": 59, "time_epoch": 0.52272, "eta": 29.01724, "eta_hours": 0.00806, "loss": 0.18507659, "lr": 0.0003605, "params": 9207, "time_iter": 0.04752, "accuracy": 0.95238, "precision": 0.95, "recall": 0.95, "f1": 0.95, "auc": 0.98182}
{"epoch": 60, "time_epoch": 0.52269, "eta": 28.16219, "eta_hours": 0.00782, "loss": 0.43700096, "lr": 0.00034549, "params": 9207, "time_iter": 0.04752, "accuracy": 0.7619, "precision": 0.75, "recall": 0.75, "f1": 0.75, "auc": 0.91136}
{"epoch": 61, "time_epoch": 0.52774, "eta": 27.32095, "eta_hours": 0.00759, "loss": 0.20667172, "lr": 0.00033063, "params": 9207, "time_iter": 0.04798, "accuracy": 0.88095, "precision": 0.89474, "recall": 0.85, "f1": 0.87179, "auc": 0.97727}
{"epoch": 62, "time_epoch": 0.51849, "eta": 26.48424, "eta_hours": 0.00736, "loss": 0.18089728, "lr": 0.00031594, "params": 9207, "time_iter": 0.04714, "accuracy": 0.92857, "precision": 0.90476, "recall": 0.95, "f1": 0.92683, "auc": 0.98864}
{"epoch": 63, "time_epoch": 0.52517, "eta": 25.66122, "eta_hours": 0.00713, "loss": 0.09037862, "lr": 0.00030143, "params": 9207, "time_iter": 0.04774, "accuracy": 0.95238, "precision": 1.0, "recall": 0.9, "f1": 0.94737, "auc": 1.0}
{"epoch": 64, "time_epoch": 0.52443, "eta": 24.84697, "eta_hours": 0.0069, "loss": 0.08627323, "lr": 0.00028711, "params": 9207, "time_iter": 0.04768, "accuracy": 0.97619, "precision": 0.95238, "recall": 1.0, "f1": 0.97561, "auc": 0.99545}
{"epoch": 65, "time_epoch": 0.52704, "eta": 24.04285, "eta_hours": 0.00668, "loss": 0.23663732, "lr": 0.000273, "params": 9207, "time_iter": 0.04791, "accuracy": 0.88095, "precision": 0.85714, "recall": 0.9, "f1": 0.87805, "auc": 0.96818}
{"epoch": 66, "time_epoch": 0.52074, "eta": 23.2439, "eta_hours": 0.00646, "loss": 0.21835514, "lr": 0.00025912, "params": 9207, "time_iter": 0.04734, "accuracy": 0.90476, "precision": 0.9, "recall": 0.9, "f1": 0.9, "auc": 0.97727}
{"epoch": 67, "time_epoch": 0.52188, "eta": 22.45366, "eta_hours": 0.00624, "loss": 0.22111607, "lr": 0.00024548, "params": 9207, "time_iter": 0.04744, "accuracy": 0.85714, "precision": 0.76923, "recall": 1.0, "f1": 0.86957, "auc": 0.99545}
{"epoch": 68, "time_epoch": 0.52813, "eta": 21.67402, "eta_hours": 0.00602, "loss": 0.35625464, "lr": 0.00023209, "params": 9207, "time_iter": 0.04801, "accuracy": 0.90476, "precision": 0.9, "recall": 0.9, "f1": 0.9, "auc": 0.95455}
{"epoch": 69, "time_epoch": 0.52979, "eta": 20.90227, "eta_hours": 0.00581, "loss": 0.04800631, "lr": 0.00021896, "params": 9207, "time_iter": 0.04816, "accuracy": 0.95238, "precision": 0.90909, "recall": 1.0, "f1": 0.95238, "auc": 1.0}
{"epoch": 70, "time_epoch": 0.5259, "eta": 20.13574, "eta_hours": 0.00559, "loss": 0.02094981, "lr": 0.00020611, "params": 9207, "time_iter": 0.04781, "accuracy": 1.0, "precision": 1.0, "recall": 1.0, "f1": 1.0, "auc": 1.0}
{"epoch": 71, "time_epoch": 0.51907, "eta": 19.37325, "eta_hours": 0.00538, "loss": 0.05467736, "lr": 0.00019355, "params": 9207, "time_iter": 0.04719, "accuracy": 0.95238, "precision": 0.90909, "recall": 1.0, "f1": 0.95238, "auc": 1.0}
{"epoch": 72, "time_epoch": 0.52366, "eta": 18.61912, "eta_hours": 0.00517, "loss": 0.01457054, "lr": 0.00018129, "params": 9207, "time_iter": 0.04761, "accuracy": 1.0, "precision": 1.0, "recall": 1.0, "f1": 1.0, "auc": 1.0}
{"epoch": 73, "time_epoch": 0.51927, "eta": 17.86968, "eta_hours": 0.00496, "loss": 0.22916985, "lr": 0.00016934, "params": 9207, "time_iter": 0.04721, "accuracy": 0.90476, "precision": 0.86364, "recall": 0.95, "f1": 0.90476, "auc": 0.97727}
{"epoch": 74, "time_epoch": 0.51783, "eta": 17.1259, "eta_hours": 0.00476, "loss": 0.02965765, "lr": 0.00015773, "params": 9207, "time_iter": 0.04708, "accuracy": 1.0, "precision": 1.0, "recall": 1.0, "f1": 1.0, "auc": 1.0}
{"epoch": 75, "time_epoch": 0.53136, "eta": 16.39233, "eta_hours": 0.00455, "loss": 0.0991883, "lr": 0.00014645, "params": 9207, "time_iter": 0.04831, "accuracy": 0.95238, "precision": 0.90909, "recall": 1.0, "f1": 0.95238, "auc": 1.0}
{"epoch": 76, "time_epoch": 0.5218, "eta": 15.66116, "eta_hours": 0.00435, "loss": 0.03333967, "lr": 0.00013552, "params": 9207, "time_iter": 0.04744, "accuracy": 0.97619, "precision": 1.0, "recall": 0.95, "f1": 0.97436, "auc": 1.0}
{"epoch": 77, "time_epoch": 0.52345, "eta": 14.93583, "eta_hours": 0.00415, "loss": 0.26182764, "lr": 0.00012494, "params": 9207, "time_iter": 0.04759, "accuracy": 0.85714, "precision": 0.79167, "recall": 0.95, "f1": 0.86364, "auc": 0.975}
{"epoch": 78, "time_epoch": 0.52232, "eta": 14.2153, "eta_hours": 0.00395, "loss": 0.29630114, "lr": 0.00011474, "params": 9207, "time_iter": 0.04748, "accuracy": 0.85714, "precision": 0.79167, "recall": 0.95, "f1": 0.86364, "auc": 0.95909}
{"epoch": 79, "time_epoch": 0.52172, "eta": 13.49958, "eta_hours": 0.00375, "loss": 0.12551155, "lr": 0.00010492, "params": 9207, "time_iter": 0.04743, "accuracy": 0.92857, "precision": 0.90476, "recall": 0.95, "f1": 0.92683, "auc": 0.99545}
{"epoch": 80, "time_epoch": 0.52299, "eta": 12.78895, "eta_hours": 0.00355, "loss": 0.17593465, "lr": 9.549e-05, "params": 9207, "time_iter": 0.04754, "accuracy": 0.92857, "precision": 0.90476, "recall": 0.95, "f1": 0.92683, "auc": 0.99091}
{"epoch": 81, "time_epoch": 0.51631, "eta": 12.08143, "eta_hours": 0.00336, "loss": 0.09668349, "lr": 8.646e-05, "params": 9207, "time_iter": 0.04694, "accuracy": 0.92857, "precision": 0.86957, "recall": 1.0, "f1": 0.93023, "auc": 1.0}
{"epoch": 82, "time_epoch": 0.52144, "eta": 11.37957, "eta_hours": 0.00316, "loss": 0.0842941, "lr": 7.784e-05, "params": 9207, "time_iter": 0.0474, "accuracy": 0.95238, "precision": 0.90909, "recall": 1.0, "f1": 0.95238, "auc": 1.0}
{"epoch": 83, "time_epoch": 0.52382, "eta": 10.68245, "eta_hours": 0.00297, "loss": 0.1477114, "lr": 6.963e-05, "params": 9207, "time_iter": 0.04762, "accuracy": 0.92857, "precision": 0.94737, "recall": 0.9, "f1": 0.92308, "auc": 0.98864}
{"epoch": 84, "time_epoch": 0.52013, "eta": 9.98877, "eta_hours": 0.00277, "loss": 0.10313291, "lr": 6.185e-05, "params": 9207, "time_iter": 0.04728, "accuracy": 0.95238, "precision": 0.90909, "recall": 1.0, "f1": 0.95238, "auc": 1.0}
{"epoch": 85, "time_epoch": 0.51959, "eta": 9.29903, "eta_hours": 0.00258, "loss": 0.0820505, "lr": 5.45e-05, "params": 9207, "time_iter": 0.04724, "accuracy": 0.95238, "precision": 0.90909, "recall": 1.0, "f1": 0.95238, "auc": 1.0}
{"epoch": 86, "time_epoch": 0.5217, "eta": 8.61352, "eta_hours": 0.00239, "loss": 0.08502467, "lr": 4.759e-05, "params": 9207, "time_iter": 0.04743, "accuracy": 0.95238, "precision": 0.90909, "recall": 1.0, "f1": 0.95238, "auc": 1.0}
{"epoch": 87, "time_epoch": 0.52091, "eta": 7.93162, "eta_hours": 0.0022, "loss": 0.04673426, "lr": 4.112e-05, "params": 9207, "time_iter": 0.04736, "accuracy": 0.97619, "precision": 1.0, "recall": 0.95, "f1": 0.97436, "auc": 1.0}
{"epoch": 88, "time_epoch": 0.51755, "eta": 7.25293, "eta_hours": 0.00201, "loss": 0.16063947, "lr": 3.511e-05, "params": 9207, "time_iter": 0.04705, "accuracy": 0.92857, "precision": 0.90476, "recall": 0.95, "f1": 0.92683, "auc": 0.98636}
{"epoch": 89, "time_epoch": 0.5194, "eta": 6.57802, "eta_hours": 0.00183, "loss": 0.05973242, "lr": 2.956e-05, "params": 9207, "time_iter": 0.04722, "accuracy": 0.97619, "precision": 0.95238, "recall": 1.0, "f1": 0.97561, "auc": 1.0}
{"epoch": 90, "time_epoch": 0.52182, "eta": 5.90677, "eta_hours": 0.00164, "loss": 0.06235837, "lr": 2.447e-05, "params": 9207, "time_iter": 0.04744, "accuracy": 0.95238, "precision": 0.90909, "recall": 1.0, "f1": 0.95238, "auc": 1.0}
{"epoch": 91, "time_epoch": 0.52418, "eta": 5.23897, "eta_hours": 0.00146, "loss": 0.10990792, "lr": 1.985e-05, "params": 9207, "time_iter": 0.04765, "accuracy": 0.92857, "precision": 0.86957, "recall": 1.0, "f1": 0.93023, "auc": 0.99318}
{"epoch": 92, "time_epoch": 0.52414, "eta": 4.57426, "eta_hours": 0.00127, "loss": 0.05967955, "lr": 1.571e-05, "params": 9207, "time_iter": 0.04765, "accuracy": 0.95238, "precision": 0.90909, "recall": 1.0, "f1": 0.95238, "auc": 1.0}
{"epoch": 93, "time_epoch": 0.52441, "eta": 3.91256, "eta_hours": 0.00109, "loss": 0.00215684, "lr": 1.204e-05, "params": 9207, "time_iter": 0.04767, "accuracy": 1.0, "precision": 1.0, "recall": 1.0, "f1": 1.0, "auc": 1.0}
{"epoch": 94, "time_epoch": 0.5214, "eta": 3.25359, "eta_hours": 0.0009, "loss": 0.32921356, "lr": 8.86e-06, "params": 9207, "time_iter": 0.0474, "accuracy": 0.90476, "precision": 0.94444, "recall": 0.85, "f1": 0.89474, "auc": 0.96591}
{"epoch": 95, "time_epoch": 0.51876, "eta": 2.59737, "eta_hours": 0.00072, "loss": 0.00848469, "lr": 6.16e-06, "params": 9207, "time_iter": 0.04716, "accuracy": 1.0, "precision": 1.0, "recall": 1.0, "f1": 1.0, "auc": 1.0}
{"epoch": 96, "time_epoch": 0.51702, "eta": 1.94394, "eta_hours": 0.00054, "loss": 0.08157962, "lr": 3.94e-06, "params": 9207, "time_iter": 0.047, "accuracy": 0.97619, "precision": 1.0, "recall": 0.95, "f1": 0.97436, "auc": 0.99773}
{"epoch": 97, "time_epoch": 0.5223, "eta": 1.29339, "eta_hours": 0.00036, "loss": 0.18914827, "lr": 2.22e-06, "params": 9207, "time_iter": 0.04748, "accuracy": 0.88095, "precision": 0.82609, "recall": 0.95, "f1": 0.88372, "auc": 0.98864}
{"epoch": 98, "time_epoch": 0.52525, "eta": 0.64547, "eta_hours": 0.00018, "loss": 0.22652809, "lr": 9.9e-07, "params": 9207, "time_iter": 0.04775, "accuracy": 0.92857, "precision": 0.90476, "recall": 0.95, "f1": 0.92683, "auc": 0.98409}
{"epoch": 99, "time_epoch": 0.53469, "eta": 0.0, "eta_hours": 0.0, "loss": 0.00692997, "lr": 2.5e-07, "params": 9207, "time_iter": 0.04861, "accuracy": 1.0, "precision": 1.0, "recall": 1.0, "f1": 1.0, "auc": 1.0}
