{"epoch": 0, "time_epoch": 24.42904, "eta": 2418.47491, "eta_hours": 0.6718, "loss": 0.66511155, "lr": 0.001, "params": 6215, "time_iter": 0.17575, "accuracy": 0.67086, "precision": 0.65766, "recall": 0.33486, "f1": 0.44377, "auc": 0.64436}
{"epoch": 1, "time_epoch": 6.80842, "eta": 1530.63565, "eta_hours": 0.42518, "loss": 0.61997496, "lr": 0.00099975, "params": 6215, "time_iter": 0.04898, "accuracy": 0.67266, "precision": 0.61392, "recall": 0.44495, "f1": 0.51596, "auc": 0.7038}
{"epoch": 2, "time_epoch": 6.81932, "eta": 1230.50269, "eta_hours": 0.34181, "loss": 0.57355385, "lr": 0.00099901, "params": 6215, "time_iter": 0.04906, "accuracy": 0.72662, "precision": 0.72603, "recall": 0.48624, "f1": 0.58242, "auc": 0.74247}
{"epoch": 3, "time_epoch": 6.80823, "eta": 1076.76024, "eta_hours": 0.2991, "loss": 0.57337169, "lr": 0.00099778, "params": 6215, "time_iter": 0.04898, "accuracy": 0.71763, "precision": 0.68485, "recall": 0.51835, "f1": 0.59008, "auc": 0.75862}
{"epoch": 4, "time_epoch": 6.77623, "eta": 981.18351, "eta_hours": 0.27255, "loss": 0.59032607, "lr": 0.00099606, "params": 6215, "time_iter": 0.04875, "accuracy": 0.72302, "precision": 0.70779, "recall": 0.5, "f1": 0.58602, "auc": 0.75284}
{"epoch": 5, "time_epoch": 6.77672, "eta": 915.21474, "eta_hours": 0.25423, "loss": 0.58950304, "lr": 0.00099384, "params": 6215, "time_iter": 0.04875, "accuracy": 0.71583, "precision": 0.6875, "recall": 0.50459, "f1": 0.58201, "auc": 0.75813}
{"epoch": 6, "time_epoch": 6.62737, "eta": 864.17376, "eta_hours": 0.24005, "loss": 0.56743828, "lr": 0.00099114, "params": 6215, "time_iter": 0.04768, "accuracy": 0.73561, "precision": 0.74483, "recall": 0.49541, "f1": 0.59504, "auc": 0.76149}
{"epoch": 7, "time_epoch": 6.40438, "eta": 821.6718, "eta_hours": 0.22824, "loss": 0.58696618, "lr": 0.00098796, "params": 6215, "time_iter": 0.04607, "accuracy": 0.7482, "precision": 0.72674, "recall": 0.57339, "f1": 0.64103, "auc": 0.76487}
{"epoch": 8, "time_epoch": 6.3697, "eta": 786.84081, "eta_hours": 0.21857, "loss": 0.56772828, "lr": 0.00098429, "params": 6215, "time_iter": 0.04583, "accuracy": 0.73741, "precision": 0.71429, "recall": 0.55046, "f1": 0.62176, "auc": 0.75708}
{"epoch": 9, "time_epoch": 6.41729, "eta": 758.13039, "eta_hours": 0.21059, "loss": 0.58555809, "lr": 0.00098015, "params": 6215, "time_iter": 0.04617, "accuracy": 0.73022, "precision": 0.72078, "recall": 0.50917, "f1": 0.59677, "auc": 0.76074}
{"epoch": 10, "time_epoch": 6.34599, "eta": 732.89638, "eta_hours": 0.20358, "loss": 0.56496857, "lr": 0.00097553, "params": 6215, "time_iter": 0.04565, "accuracy": 0.73381, "precision": 0.70833, "recall": 0.54587, "f1": 0.61658, "auc": 0.77907}
{"epoch": 11, "time_epoch": 6.40471, "eta": 711.241, "eta_hours": 0.19757, "loss": 0.58117963, "lr": 0.00097044, "params": 6215, "time_iter": 0.04608, "accuracy": 0.73741, "precision": 0.7, "recall": 0.57798, "f1": 0.63317, "auc": 0.76623}
{"epoch": 12, "time_epoch": 6.38064, "eta": 691.77076, "eta_hours": 0.19216, "loss": 0.5692193, "lr": 0.00096489, "params": 6215, "time_iter": 0.0459, "accuracy": 0.7464, "precision": 0.78519, "recall": 0.48624, "f1": 0.60057, "auc": 0.75434}
{"epoch": 13, "time_epoch": 6.38498, "eta": 674.19715, "eta_hours": 0.18728, "loss": 0.58787763, "lr": 0.00095888, "params": 6215, "time_iter": 0.04594, "accuracy": 0.73741, "precision": 0.71951, "recall": 0.54128, "f1": 0.6178, "auc": 0.75795}
{"epoch": 14, "time_epoch": 6.38432, "eta": 658.11163, "eta_hours": 0.18281, "loss": 0.5820687, "lr": 0.00095241, "params": 6215, "time_iter": 0.04593, "accuracy": 0.73201, "precision": 0.72549, "recall": 0.50917, "f1": 0.59838, "auc": 0.75922}
{"epoch": 15, "time_epoch": 6.38386, "eta": 643.23632, "eta_hours": 0.17868, "loss": 0.54500516, "lr": 0.0009455, "params": 6215, "time_iter": 0.04593, "accuracy": 0.76259, "precision": 0.74432, "recall": 0.60092, "f1": 0.66497, "auc": 0.79595}
{"epoch": 16, "time_epoch": 6.36766, "eta": 629.28094, "eta_hours": 0.1748, "loss": 0.58228782, "lr": 0.00093815, "params": 6215, "time_iter": 0.04581, "accuracy": 0.73921, "precision": 0.72121, "recall": 0.54587, "f1": 0.62141, "auc": 0.74776}
{"epoch": 17, "time_epoch": 6.36413, "eta": 616.15255, "eta_hours": 0.17115, "loss": 0.56350403, "lr": 0.00093037, "params": 6215, "time_iter": 0.04579, "accuracy": 0.7536, "precision": 0.74847, "recall": 0.55963, "f1": 0.64042, "auc": 0.75429}
{"epoch": 18, "time_epoch": 6.38637, "eta": 603.83098, "eta_hours": 0.16773, "loss": 0.56462591, "lr": 0.00092216, "params": 6215, "time_iter": 0.04595, "accuracy": 0.7536, "precision": 0.74545, "recall": 0.56422, "f1": 0.6423, "auc": 0.76939}
{"epoch": 19, "time_epoch": 6.36872, "eta": 592.03233, "eta_hours": 0.16445, "loss": 0.57028318, "lr": 0.00091354, "params": 6215, "time_iter": 0.04582, "accuracy": 0.7446, "precision": 0.74051, "recall": 0.5367, "f1": 0.62234, "auc": 0.76023}
{"epoch": 20, "time_epoch": 6.37241, "eta": 580.7647, "eta_hours": 0.16132, "loss": 0.55801204, "lr": 0.00090451, "params": 6215, "time_iter": 0.04584, "accuracy": 0.77518, "precision": 0.78182, "recall": 0.59174, "f1": 0.67363, "auc": 0.77387}
{"epoch": 21, "time_epoch": 6.35955, "eta": 569.89651, "eta_hours": 0.1583, "loss": 0.55043341, "lr": 0.00089508, "params": 6215, "time_iter": 0.04575, "accuracy": 0.76259, "precision": 0.75294, "recall": 0.58716, "f1": 0.65979, "auc": 0.78204}
{"epoch": 22, "time_epoch": 6.36346, "eta": 559.43348, "eta_hours": 0.1554, "loss": 0.59038202, "lr": 0.00088526, "params": 6215, "time_iter": 0.04578, "accuracy": 0.76259, "precision": 0.77922, "recall": 0.55046, "f1": 0.64516, "auc": 0.75385}
{"epoch": 23, "time_epoch": 6.35686, "eta": 549.29116, "eta_hours": 0.15258, "loss": 0.57391707, "lr": 0.00087506, "params": 6215, "time_iter": 0.04573, "accuracy": 0.75899, "precision": 0.73596, "recall": 0.60092, "f1": 0.66162, "auc": 0.78195}
{"epoch": 24, "time_epoch": 6.35574, "eta": 539.44831, "eta_hours": 0.14985, "loss": 0.54367117, "lr": 0.00086448, "params": 6215, "time_iter": 0.04572, "accuracy": 0.7446, "precision": 0.72353, "recall": 0.56422, "f1": 0.63402, "auc": 0.79093}
{"epoch": 25, "time_epoch": 6.3659, "eta": 529.90262, "eta_hours": 0.1472, "loss": 0.57791701, "lr": 0.00085355, "params": 6215, "time_iter": 0.0458, "accuracy": 0.74101, "precision": 0.72561, "recall": 0.54587, "f1": 0.62304, "auc": 0.77385}
{"epoch": 26, "time_epoch": 6.35308, "eta": 520.55782, "eta_hours": 0.1446, "loss": 0.55102784, "lr": 0.00084227, "params": 6215, "time_iter": 0.04571, "accuracy": 0.76259, "precision": 0.74432, "recall": 0.60092, "f1": 0.66497, "auc": 0.78424}
{"epoch": 27, "time_epoch": 6.36529, "eta": 511.45811, "eta_hours": 0.14207, "loss": 0.57731353, "lr": 0.00083066, "params": 6215, "time_iter": 0.04579, "accuracy": 0.7482, "precision": 0.75658, "recall": 0.52752, "f1": 0.62162, "auc": 0.73789}
{"epoch": 28, "time_epoch": 6.36324, "eta": 502.54194, "eta_hours": 0.13959, "loss": 0.56804083, "lr": 0.00081871, "params": 6215, "time_iter": 0.04578, "accuracy": 0.7536, "precision": 0.7341, "recall": 0.58257, "f1": 0.64962, "auc": 0.78481}
{"epoch": 29, "time_epoch": 6.35309, "eta": 493.77231, "eta_hours": 0.13716, "loss": 0.5543566, "lr": 0.00080645, "params": 6215, "time_iter": 0.04571, "accuracy": 0.76439, "precision": 0.7574, "recall": 0.58716, "f1": 0.6615, "auc": 0.78682}
{"epoch": 30, "time_epoch": 6.3731, "eta": 485.20312, "eta_hours": 0.13478, "loss": 0.57034556, "lr": 0.00079389, "params": 6215, "time_iter": 0.04585, "accuracy": 0.7554, "precision": 0.74405, "recall": 0.57339, "f1": 0.64767, "auc": 0.77151}
{"epoch": 31, "time_epoch": 6.36062, "eta": 476.74466, "eta_hours": 0.13243, "loss": 0.57800885, "lr": 0.00078104, "params": 6215, "time_iter": 0.04576, "accuracy": 0.73381, "precision": 0.74306, "recall": 0.49083, "f1": 0.59116, "auc": 0.74901}
{"epoch": 32, "time_epoch": 6.37309, "eta": 468.43865, "eta_hours": 0.13012, "loss": 0.54609074, "lr": 0.00076791, "params": 6215, "time_iter": 0.04585, "accuracy": 0.73741, "precision": 0.6978, "recall": 0.58257, "f1": 0.635, "auc": 0.77902}
{"epoch": 33, "time_epoch": 6.35537, "eta": 460.21195, "eta_hours": 0.12784, "loss": 0.54880293, "lr": 0.00075452, "params": 6215, "time_iter": 0.04572, "accuracy": 0.73741, "precision": 0.70455, "recall": 0.56881, "f1": 0.62944, "auc": 0.77709}
{"epoch": 34, "time_epoch": 6.36654, "eta": 452.11292, "eta_hours": 0.12559, "loss": 0.59468333, "lr": 0.00074088, "params": 6215, "time_iter": 0.0458, "accuracy": 0.75, "precision": 0.73653, "recall": 0.56422, "f1": 0.63896, "auc": 0.78396}
{"epoch": 35, "time_epoch": 6.41931, "eta": 444.20395, "eta_hours": 0.12339, "loss": 0.53735089, "lr": 0.000727, "params": 6215, "time_iter": 0.04618, "accuracy": 0.76259, "precision": 0.75904, "recall": 0.57798, "f1": 0.65625, "auc": 0.77724}
{"epoch": 36, "time_epoch": 6.40887, "eta": 436.35774, "eta_hours": 0.12121, "loss": 0.550486, "lr": 0.00071289, "params": 6215, "time_iter": 0.04611, "accuracy": 0.7554, "precision": 0.72283, "recall": 0.61009, "f1": 0.66169, "auc": 0.79826}
{"epoch": 37, "time_epoch": 6.37665, "eta": 428.5346, "eta_hours": 0.11904, "loss": 0.55909822, "lr": 0.00069857, "params": 6215, "time_iter": 0.04588, "accuracy": 0.7482, "precision": 0.73494, "recall": 0.55963, "f1": 0.63542, "auc": 0.78328}
{"epoch": 38, "time_epoch": 6.36966, "eta": 420.77471, "eta_hours": 0.11688, "loss": 0.55422035, "lr": 0.00068406, "params": 6215, "time_iter": 0.04582, "accuracy": 0.77698, "precision": 0.77976, "recall": 0.60092, "f1": 0.67876, "auc": 0.78303}
{"epoch": 39, "time_epoch": 6.37469, "eta": 413.09189, "eta_hours": 0.11475, "loss": 0.54192982, "lr": 0.00066937, "params": 6215, "time_iter": 0.04586, "accuracy": 0.77158, "precision": 0.77576, "recall": 0.58716, "f1": 0.66841, "auc": 0.79388}
{"epoch": 40, "time_epoch": 6.36136, "eta": 405.45369, "eta_hours": 0.11263, "loss": 0.53258129, "lr": 0.00065451, "params": 6215, "time_iter": 0.04577, "accuracy": 0.77878, "precision": 0.77143, "recall": 0.61927, "f1": 0.68702, "auc": 0.80168}
{"epoch": 41, "time_epoch": 6.35658, "eta": 397.86968, "eta_hours": 0.11052, "loss": 0.56773518, "lr": 0.0006395, "params": 6215, "time_iter": 0.04573, "accuracy": 0.75899, "precision": 0.7561, "recall": 0.56881, "f1": 0.64921, "auc": 0.77399}
{"epoch": 42, "time_epoch": 6.36386, "eta": 390.35243, "eta_hours": 0.10843, "loss": 0.57284201, "lr": 0.00062434, "params": 6215, "time_iter": 0.04578, "accuracy": 0.76079, "precision": 0.77419, "recall": 0.55046, "f1": 0.64343, "auc": 0.77477}
{"epoch": 43, "time_epoch": 6.35409, "eta": 382.87516, "eta_hours": 0.10635, "loss": 0.56895036, "lr": 0.00060907, "params": 6215, "time_iter": 0.04571, "accuracy": 0.7554, "precision": 0.75309, "recall": 0.55963, "f1": 0.64211, "auc": 0.77262}
{"epoch": 44, "time_epoch": 6.37837, "eta": 375.4775, "eta_hours": 0.1043, "loss": 0.51536065, "lr": 0.00059369, "params": 6215, "time_iter": 0.04589, "accuracy": 0.7554, "precision": 0.74118, "recall": 0.57798, "f1": 0.64948, "auc": 0.80843}
{"epoch": 45, "time_epoch": 6.3595, "eta": 368.10199, "eta_hours": 0.10225, "loss": 0.56676022, "lr": 0.00057822, "params": 6215, "time_iter": 0.04575, "accuracy": 0.75719, "precision": 0.75776, "recall": 0.55963, "f1": 0.6438, "auc": 0.79654}
{"epoch": 46, "time_epoch": 6.35072, "eta": 360.75982, "eta_hours": 0.10021, "loss": 0.55402197, "lr": 0.00056267, "params": 6215, "time_iter": 0.04569, "accuracy": 0.77698, "precision": 0.80128, "recall": 0.57339, "f1": 0.66845, "auc": 0.78702}
{"epoch": 47, "time_epoch": 6.35681, "eta": 353.46555, "eta_hours": 0.09818, "loss": 0.55451036, "lr": 0.00054705, "params": 6215, "time_iter": 0.04573, "accuracy": 0.76259, "precision": 0.75, "recall": 0.59174, "f1": 0.66154, "auc": 0.78838}
{"epoch": 48, "time_epoch": 6.36717, "eta": 346.22033, "eta_hours": 0.09617, "loss": 0.55989097, "lr": 0.0005314, "params": 6215, "time_iter": 0.04581, "accuracy": 0.74281, "precision": 0.71429, "recall": 0.57339, "f1": 0.63613, "auc": 0.77174}
{"epoch": 49, "time_epoch": 6.34738, "eta": 338.99045, "eta_hours": 0.09416, "loss": 0.54285396, "lr": 0.00051571, "params": 6215, "time_iter": 0.04566, "accuracy": 0.77878, "precision": 0.77778, "recall": 0.61009, "f1": 0.6838, "auc": 0.78446}
{"epoch": 50, "time_epoch": 6.3682, "eta": 331.81517, "eta_hours": 0.09217, "loss": 0.52440622, "lr": 0.0005, "params": 6215, "time_iter": 0.04581, "accuracy": 0.76619, "precision": 0.75882, "recall": 0.59174, "f1": 0.66495, "auc": 0.8035}
{"epoch": 51, "time_epoch": 6.36124, "eta": 324.66451, "eta_hours": 0.09018, "loss": 0.52632963, "lr": 0.00048429, "params": 6215, "time_iter": 0.04576, "accuracy": 0.75899, "precision": 0.72826, "recall": 0.61468, "f1": 0.66667, "auc": 0.81647}
{"epoch": 52, "time_epoch": 6.36511, "eta": 317.54708, "eta_hours": 0.08821, "loss": 0.55378158, "lr": 0.0004686, "params": 6215, "time_iter": 0.04579, "accuracy": 0.77338, "precision": 0.76744, "recall": 0.6055, "f1": 0.67692, "auc": 0.78926}
{"epoch": 53, "time_epoch": 6.35781, "eta": 310.45128, "eta_hours": 0.08624, "loss": 0.55594443, "lr": 0.00045295, "params": 6215, "time_iter": 0.04574, "accuracy": 0.7536, "precision": 0.71892, "recall": 0.61009, "f1": 0.66005, "auc": 0.7939}
{"epoch": 54, "time_epoch": 6.37137, "eta": 303.39342, "eta_hours": 0.08428, "loss": 0.55683899, "lr": 0.00043733, "params": 6215, "time_iter": 0.04584, "accuracy": 0.76079, "precision": 0.7972, "recall": 0.52294, "f1": 0.63158, "auc": 0.7752}
{"epoch": 55, "time_epoch": 6.3585, "eta": 296.34996, "eta_hours": 0.08232, "loss": 0.57827276, "lr": 0.00042178, "params": 6215, "time_iter": 0.04574, "accuracy": 0.75899, "precision": 0.77273, "recall": 0.54587, "f1": 0.63978, "auc": 0.76588}
{"epoch": 56, "time_epoch": 6.37511, "eta": 289.34307, "eta_hours": 0.08037, "loss": 0.55684203, "lr": 0.00040631, "params": 6215, "time_iter": 0.04586, "accuracy": 0.7464, "precision": 0.7362, "recall": 0.55046, "f1": 0.62992, "auc": 0.77431}
{"epoch": 57, "time_epoch": 6.41891, "eta": 282.38968, "eta_hours": 0.07844, "loss": 0.54300315, "lr": 0.00039093, "params": 6215, "time_iter": 0.04618, "accuracy": 0.77878, "precision": 0.78443, "recall": 0.60092, "f1": 0.68052, "auc": 0.79329}
{"epoch": 58, "time_epoch": 6.42506, "eta": 275.45868, "eta_hours": 0.07652, "loss": 0.56270056, "lr": 0.00037566, "params": 6215, "time_iter": 0.04622, "accuracy": 0.75899, "precision": 0.79167, "recall": 0.52294, "f1": 0.62983, "auc": 0.78412}
{"epoch": 59, "time_epoch": 6.45542, "eta": 268.56479, "eta_hours": 0.0746, "loss": 0.58283725, "lr": 0.0003605, "params": 6215, "time_iter": 0.04644, "accuracy": 0.76079, "precision": 0.75758, "recall": 0.57339, "f1": 0.65274, "auc": 0.77006}
{"epoch": 60, "time_epoch": 6.4274, "eta": 261.66736, "eta_hours": 0.07269, "loss": 0.55494272, "lr": 0.00034549, "params": 6215, "time_iter": 0.04624, "accuracy": 0.76259, "precision": 0.77564, "recall": 0.55505, "f1": 0.64706, "auc": 0.78415}
{"epoch": 61, "time_epoch": 6.4186, "eta": 254.77969, "eta_hours": 0.07077, "loss": 0.57822331, "lr": 0.00033063, "params": 6215, "time_iter": 0.04618, "accuracy": 0.7482, "precision": 0.72159, "recall": 0.58257, "f1": 0.64467, "auc": 0.77613}
{"epoch": 62, "time_epoch": 6.42049, "eta": 247.90803, "eta_hours": 0.06886, "loss": 0.54272575, "lr": 0.00031594, "params": 6215, "time_iter": 0.04619, "accuracy": 0.77878, "precision": 0.80255, "recall": 0.57798, "f1": 0.672, "auc": 0.77347}
{"epoch": 63, "time_epoch": 6.408, "eta": 241.04345, "eta_hours": 0.06696, "loss": 0.53737052, "lr": 0.00030143, "params": 6215, "time_iter": 0.0461, "accuracy": 0.75899, "precision": 0.78378, "recall": 0.53211, "f1": 0.63388, "auc": 0.78636}
{"epoch": 64, "time_epoch": 6.41298, "eta": 234.19559, "eta_hours": 0.06505, "loss": 0.56166978, "lr": 0.00028711, "params": 6215, "time_iter": 0.04614, "accuracy": 0.75719, "precision": 0.73988, "recall": 0.58716, "f1": 0.65473, "auc": 0.78386}
{"epoch": 65, "time_epoch": 6.41107, "eta": 227.35992, "eta_hours": 0.06316, "loss": 0.53806101, "lr": 0.000273, "params": 6215, "time_iter": 0.04612, "accuracy": 0.76799, "precision": 0.76023, "recall": 0.59633, "f1": 0.66838, "auc": 0.79264}
{"epoch": 66, "time_epoch": 6.41573, "eta": 220.53923, "eta_hours": 0.06126, "loss": 0.56310874, "lr": 0.00025912, "params": 6215, "time_iter": 0.04616, "accuracy": 0.77518, "precision": 0.81633, "recall": 0.55046, "f1": 0.65753, "auc": 0.76895}
{"epoch": 67, "time_epoch": 6.36947, "eta": 213.70868, "eta_hours": 0.05936, "loss": 0.54956976, "lr": 0.00024548, "params": 6215, "time_iter": 0.04582, "accuracy": 0.78058, "precision": 0.79268, "recall": 0.59633, "f1": 0.68063, "auc": 0.79253}
{"epoch": 68, "time_epoch": 6.35566, "eta": 206.88528, "eta_hours": 0.05747, "loss": 0.54257781, "lr": 0.00023209, "params": 6215, "time_iter": 0.04572, "accuracy": 0.7482, "precision": 0.74074, "recall": 0.55046, "f1": 0.63158, "auc": 0.79339}
{"epoch": 69, "time_epoch": 6.35162, "eta": 200.07352, "eta_hours": 0.05558, "loss": 0.55142782, "lr": 0.00021896, "params": 6215, "time_iter": 0.0457, "accuracy": 0.76619, "precision": 0.77848, "recall": 0.56422, "f1": 0.65426, "auc": 0.80102}
{"epoch": 70, "time_epoch": 6.34641, "eta": 193.27259, "eta_hours": 0.05369, "loss": 0.5205968, "lr": 0.00020611, "params": 6215, "time_iter": 0.04566, "accuracy": 0.76079, "precision": 0.75758, "recall": 0.57339, "f1": 0.65274, "auc": 0.80655}
{"epoch": 71, "time_epoch": 6.36097, "eta": 186.48995, "eta_hours": 0.0518, "loss": 0.51844401, "lr": 0.00019355, "params": 6215, "time_iter": 0.04576, "accuracy": 0.77698, "precision": 0.79012, "recall": 0.58716, "f1": 0.67368, "auc": 0.80895}
{"epoch": 72, "time_epoch": 6.36103, "eta": 179.71889, "eta_hours": 0.04992, "loss": 0.584587, "lr": 0.00018129, "params": 6215, "time_iter": 0.04576, "accuracy": 0.76799, "precision": 0.7764, "recall": 0.57339, "f1": 0.65963, "auc": 0.76729}
{"epoch": 73, "time_epoch": 6.35886, "eta": 172.95814, "eta_hours": 0.04804, "loss": 0.54490472, "lr": 0.00016934, "params": 6215, "time_iter": 0.04575, "accuracy": 0.75719, "precision": 0.7546, "recall": 0.56422, "f1": 0.64567, "auc": 0.7885}
{"epoch": 74, "time_epoch": 6.35503, "eta": 166.20684, "eta_hours": 0.04617, "loss": 0.56835205, "lr": 0.00015773, "params": 6215, "time_iter": 0.04572, "accuracy": 0.7536, "precision": 0.76471, "recall": 0.5367, "f1": 0.63073, "auc": 0.76796}
{"epoch": 75, "time_epoch": 6.35905, "eta": 159.46723, "eta_hours": 0.0443, "loss": 0.54609187, "lr": 0.00014645, "params": 6215, "time_iter": 0.04575, "accuracy": 0.77698, "precision": 0.78659, "recall": 0.59174, "f1": 0.67539, "auc": 0.78818}
{"epoch": 76, "time_epoch": 6.34751, "eta": 152.73406, "eta_hours": 0.04243, "loss": 0.53551212, "lr": 0.00013552, "params": 6215, "time_iter": 0.04567, "accuracy": 0.7464, "precision": 0.75163, "recall": 0.52752, "f1": 0.61995, "auc": 0.78921}
{"epoch": 77, "time_epoch": 6.35905, "eta": 146.01403, "eta_hours": 0.04056, "loss": 0.51922564, "lr": 0.00012494, "params": 6215, "time_iter": 0.04575, "accuracy": 0.76619, "precision": 0.775, "recall": 0.56881, "f1": 0.65608, "auc": 0.79781}
{"epoch": 78, "time_epoch": 6.38265, "eta": 139.30942, "eta_hours": 0.0387, "loss": 0.52006947, "lr": 0.00011474, "params": 6215, "time_iter": 0.04592, "accuracy": 0.77158, "precision": 0.77914, "recall": 0.58257, "f1": 0.66667, "auc": 0.81567}
{"epoch": 79, "time_epoch": 6.35928, "eta": 132.60701, "eta_hours": 0.03684, "loss": 0.52693263, "lr": 0.00010492, "params": 6215, "time_iter": 0.04575, "accuracy": 0.75899, "precision": 0.74419, "recall": 0.58716, "f1": 0.65641, "auc": 0.80096}
{"epoch": 80, "time_epoch": 6.36907, "eta": 125.91537, "eta_hours": 0.03498, "loss": 0.54584459, "lr": 9.549e-05, "params": 6215, "time_iter": 0.04582, "accuracy": 0.7518, "precision": 0.73529, "recall": 0.57339, "f1": 0.64433, "auc": 0.7969}
{"epoch": 81, "time_epoch": 6.37463, "eta": 119.23282, "eta_hours": 0.03312, "loss": 0.55276797, "lr": 8.646e-05, "params": 6215, "time_iter": 0.04586, "accuracy": 0.78237, "precision": 0.79394, "recall": 0.60092, "f1": 0.68407, "auc": 0.78119}
{"epoch": 82, "time_epoch": 6.37225, "eta": 112.55721, "eta_hours": 0.03127, "loss": 0.55726146, "lr": 7.784e-05, "params": 6215, "time_iter": 0.04584, "accuracy": 0.77338, "precision": 0.78049, "recall": 0.58716, "f1": 0.67016, "auc": 0.77245}
{"epoch": 83, "time_epoch": 6.37052, "eta": 105.88848, "eta_hours": 0.02941, "loss": 0.55189837, "lr": 6.963e-05, "params": 6215, "time_iter": 0.04583, "accuracy": 0.76079, "precision": 0.7707, "recall": 0.55505, "f1": 0.64533, "auc": 0.78169}
{"epoch": 84, "time_epoch": 6.37231, "eta": 99.22709, "eta_hours": 0.02756, "loss": 0.56032525, "lr": 6.185e-05, "params": 6215, "time_iter": 0.04584, "accuracy": 0.76619, "precision": 0.76829, "recall": 0.57798, "f1": 0.65969, "auc": 0.77731}
{"epoch": 85, "time_epoch": 6.1568, "eta": 92.53734, "eta_hours": 0.0257, "loss": 0.55941021, "lr": 5.45e-05, "params": 6215, "time_iter": 0.04429, "accuracy": 0.76619, "precision": 0.775, "recall": 0.56881, "f1": 0.65608, "auc": 0.7826}
{"epoch": 86, "time_epoch": 6.48608, "eta": 85.90904, "eta_hours": 0.02386, "loss": 0.54213987, "lr": 4.759e-05, "params": 6215, "time_iter": 0.04666, "accuracy": 0.76978, "precision": 0.75862, "recall": 0.6055, "f1": 0.67347, "auc": 0.79337}
{"epoch": 87, "time_epoch": 6.58204, "eta": 79.29706, "eta_hours": 0.02203, "loss": 0.54084762, "lr": 4.112e-05, "params": 6215, "time_iter": 0.04735, "accuracy": 0.77158, "precision": 0.77914, "recall": 0.58257, "f1": 0.66667, "auc": 0.80928}
{"epoch": 88, "time_epoch": 6.60675, "eta": 72.68881, "eta_hours": 0.02019, "loss": 0.5464563, "lr": 3.511e-05, "params": 6215, "time_iter": 0.04753, "accuracy": 0.76079, "precision": 0.75758, "recall": 0.57339, "f1": 0.65274, "auc": 0.79405}
{"epoch": 89, "time_epoch": 6.47723, "eta": 66.06619, "eta_hours": 0.01835, "loss": 0.52087497, "lr": 2.956e-05, "params": 6215, "time_iter": 0.0466, "accuracy": 0.77518, "precision": 0.78182, "recall": 0.59174, "f1": 0.67363, "auc": 0.80995}
{"epoch": 90, "time_epoch": 6.39102, "eta": 59.43825, "eta_hours": 0.01651, "loss": 0.53813443, "lr": 2.447e-05, "params": 6215, "time_iter": 0.04598, "accuracy": 0.77698, "precision": 0.78659, "recall": 0.59174, "f1": 0.67539, "auc": 0.7967}
{"epoch": 91, "time_epoch": 6.37194, "eta": 52.8138, "eta_hours": 0.01467, "loss": 0.53741784, "lr": 1.985e-05, "params": 6215, "time_iter": 0.04584, "accuracy": 0.77698, "precision": 0.78659, "recall": 0.59174, "f1": 0.67539, "auc": 0.79103}
{"epoch": 92, "time_epoch": 6.3752, "eta": 46.19503, "eta_hours": 0.01283, "loss": 0.52112828, "lr": 1.571e-05, "params": 6215, "time_iter": 0.04586, "accuracy": 0.78777, "precision": 0.79762, "recall": 0.61468, "f1": 0.6943, "auc": 0.80163}
{"epoch": 93, "time_epoch": 6.3763, "eta": 39.5815, "eta_hours": 0.01099, "loss": 0.54599968, "lr": 1.204e-05, "params": 6215, "time_iter": 0.04587, "accuracy": 0.77698, "precision": 0.79012, "recall": 0.58716, "f1": 0.67368, "auc": 0.77607}
{"epoch": 94, "time_epoch": 6.16666, "eta": 32.96194, "eta_hours": 0.00916, "loss": 0.54720088, "lr": 8.86e-06, "params": 6215, "time_iter": 0.04436, "accuracy": 0.75899, "precision": 0.75301, "recall": 0.57339, "f1": 0.65104, "auc": 0.79389}
{"epoch": 95, "time_epoch": 6.39051, "eta": 26.36114, "eta_hours": 0.00732, "loss": 0.54546407, "lr": 6.16e-06, "params": 6215, "time_iter": 0.04597, "accuracy": 0.75899, "precision": 0.76923, "recall": 0.55046, "f1": 0.64171, "auc": 0.78192}
{"epoch": 96, "time_epoch": 6.38505, "eta": 19.76451, "eta_hours": 0.00549, "loss": 0.53959581, "lr": 3.94e-06, "params": 6215, "time_iter": 0.04594, "accuracy": 0.77338, "precision": 0.79487, "recall": 0.56881, "f1": 0.6631, "auc": 0.7947}
{"epoch": 97, "time_epoch": 6.41674, "eta": 13.17284, "eta_hours": 0.00366, "loss": 0.52050454, "lr": 2.22e-06, "params": 6215, "time_iter": 0.04616, "accuracy": 0.77518, "precision": 0.77844, "recall": 0.59633, "f1": 0.67532, "auc": 0.80376}
{"epoch": 98, "time_epoch": 6.43169, "eta": 6.58486, "eta_hours": 0.00183, "loss": 0.50802898, "lr": 9.9e-07, "params": 6215, "time_iter": 0.04627, "accuracy": 0.77518, "precision": 0.77515, "recall": 0.60092, "f1": 0.677, "auc": 0.82007}
{"epoch": 99, "time_epoch": 6.42659, "eta": 0.0, "eta_hours": 0.0, "loss": 0.531336, "lr": 2.5e-07, "params": 6215, "time_iter": 0.04623, "accuracy": 0.76079, "precision": 0.75758, "recall": 0.57339, "f1": 0.65274, "auc": 0.79202}
