{"epoch": 0, "time_epoch": 6.32004, "eta": 625.68391, "eta_hours": 0.1738, "loss": 0.69637666, "lr": 0.001, "params": 9207, "time_iter": 0.57455, "accuracy": 0.47619, "precision": 0.47619, "recall": 1.0, "f1": 0.64516, "auc": 0.40909}
{"epoch": 1, "time_epoch": 7.44544, "eta": 674.50856, "eta_hours": 0.18736, "loss": 0.69541892, "lr": 0.00099975, "params": 9207, "time_iter": 0.67686, "accuracy": 0.47619, "precision": 0.47619, "recall": 1.0, "f1": 0.64516, "auc": 0.45}
{"epoch": 2, "time_epoch": 0.42046, "eta": 458.6787, "eta_hours": 0.12741, "loss": 0.69485116, "lr": 0.00099901, "params": 9207, "time_iter": 0.03822, "accuracy": 0.47619, "precision": 0.47619, "recall": 1.0, "f1": 0.64516, "auc": 0.50455}
{"epoch": 3, "time_epoch": 0.43842, "eta": 350.98468, "eta_hours": 0.0975, "loss": 0.69434543, "lr": 0.00099778, "params": 9207, "time_iter": 0.03986, "accuracy": 0.47619, "precision": 0.47619, "recall": 1.0, "f1": 0.64516, "auc": 0.46818}
{"epoch": 4, "time_epoch": 0.44517, "eta": 286.32102, "eta_hours": 0.07953, "loss": 0.69361912, "lr": 0.00099606, "params": 9207, "time_iter": 0.04047, "accuracy": 0.47619, "precision": 0.47619, "recall": 1.0, "f1": 0.64516, "auc": 0.53636}
{"epoch": 5, "time_epoch": 0.44274, "eta": 243.02554, "eta_hours": 0.06751, "loss": 0.69252891, "lr": 0.00099384, "params": 9207, "time_iter": 0.04025, "accuracy": 0.5, "precision": 0.4878, "recall": 1.0, "f1": 0.65574, "auc": 0.675}
{"epoch": 6, "time_epoch": 0.44547, "eta": 212.01002, "eta_hours": 0.05889, "loss": 0.69177755, "lr": 0.00099114, "params": 9207, "time_iter": 0.0405, "accuracy": 0.57143, "precision": 0.5625, "recall": 0.45, "f1": 0.5, "auc": 0.63182}
{"epoch": 7, "time_epoch": 0.49577, "eta": 189.21538, "eta_hours": 0.05256, "loss": 0.68766222, "lr": 0.00098796, "params": 9207, "time_iter": 0.04507, "accuracy": 0.61905, "precision": 0.75, "recall": 0.3, "f1": 0.42857, "auc": 0.80909}
{"epoch": 8, "time_epoch": 0.48832, "eta": 171.30074, "eta_hours": 0.04758, "loss": 0.68181507, "lr": 0.00098429, "params": 9207, "time_iter": 0.04439, "accuracy": 0.66667, "precision": 0.8, "recall": 0.4, "f1": 0.53333, "auc": 0.80682}
{"epoch": 9, "time_epoch": 0.48402, "eta": 156.83269, "eta_hours": 0.04356, "loss": 0.66896965, "lr": 0.00098015, "params": 9207, "time_iter": 0.044, "accuracy": 0.7381, "precision": 0.90909, "recall": 0.5, "f1": 0.64516, "auc": 0.84091}
{"epoch": 10, "time_epoch": 0.48898, "eta": 144.94728, "eta_hours": 0.04026, "loss": 0.65597949, "lr": 0.00097553, "params": 9207, "time_iter": 0.04445, "accuracy": 0.71429, "precision": 0.9, "recall": 0.45, "f1": 0.6, "auc": 0.84545}
{"epoch": 11, "time_epoch": 0.48376, "eta": 134.92299, "eta_hours": 0.03748, "loss": 0.62119236, "lr": 0.00097044, "params": 9207, "time_iter": 0.04398, "accuracy": 0.7381, "precision": 0.84615, "recall": 0.55, "f1": 0.66667, "auc": 0.91591}
{"epoch": 12, "time_epoch": 0.48779, "eta": 126.39345, "eta_hours": 0.03511, "loss": 0.61354687, "lr": 0.00096489, "params": 9207, "time_iter": 0.04434, "accuracy": 0.66667, "precision": 0.71429, "recall": 0.5, "f1": 0.58824, "auc": 0.83636}
{"epoch": 13, "time_epoch": 0.4886, "eta": 119.01769, "eta_hours": 0.03306, "loss": 0.57599185, "lr": 0.00095888, "params": 9207, "time_iter": 0.04442, "accuracy": 0.69048, "precision": 0.73333, "recall": 0.55, "f1": 0.62857, "auc": 0.85}
{"epoch": 14, "time_epoch": 0.48534, "eta": 112.54176, "eta_hours": 0.03126, "loss": 0.52101778, "lr": 0.00095241, "params": 9207, "time_iter": 0.04412, "accuracy": 0.7381, "precision": 0.73684, "recall": 0.7, "f1": 0.71795, "auc": 0.88182}
{"epoch": 15, "time_epoch": 0.49116, "eta": 106.84523, "eta_hours": 0.02968, "loss": 0.49776435, "lr": 0.0009455, "params": 9207, "time_iter": 0.04465, "accuracy": 0.78571, "precision": 0.82353, "recall": 0.7, "f1": 0.75676, "auc": 0.90682}
{"epoch": 16, "time_epoch": 0.48963, "eta": 101.7536, "eta_hours": 0.02826, "loss": 0.46193565, "lr": 0.00093815, "params": 9207, "time_iter": 0.04451, "accuracy": 0.78571, "precision": 0.82353, "recall": 0.7, "f1": 0.75676, "auc": 0.89545}
{"epoch": 17, "time_epoch": 0.49175, "eta": 97.18298, "eta_hours": 0.027, "loss": 0.48392824, "lr": 0.00093037, "params": 9207, "time_iter": 0.0447, "accuracy": 0.7619, "precision": 0.8125, "recall": 0.65, "f1": 0.72222, "auc": 0.84545}
{"epoch": 18, "time_epoch": 0.48964, "eta": 93.03271, "eta_hours": 0.02584, "loss": 0.40205254, "lr": 0.00092216, "params": 9207, "time_iter": 0.04451, "accuracy": 0.83333, "precision": 0.88235, "recall": 0.75, "f1": 0.81081, "auc": 0.93409}
{"epoch": 19, "time_epoch": 0.49351, "eta": 89.26398, "eta_hours": 0.0248, "loss": 0.37346071, "lr": 0.00091354, "params": 9207, "time_iter": 0.04486, "accuracy": 0.88095, "precision": 0.89474, "recall": 0.85, "f1": 0.87179, "auc": 0.925}
{"epoch": 20, "time_epoch": 0.49112, "eta": 85.79821, "eta_hours": 0.02383, "loss": 0.30155222, "lr": 0.00090451, "params": 9207, "time_iter": 0.04465, "accuracy": 0.85714, "precision": 0.88889, "recall": 0.8, "f1": 0.84211, "auc": 0.96591}
{"epoch": 21, "time_epoch": 0.4948, "eta": 82.61589, "eta_hours": 0.02295, "loss": 0.34978462, "lr": 0.00089508, "params": 9207, "time_iter": 0.04498, "accuracy": 0.88095, "precision": 0.94118, "recall": 0.8, "f1": 0.86486, "auc": 0.92727}
{"epoch": 22, "time_epoch": 0.48816, "eta": 79.64505, "eta_hours": 0.02212, "loss": 0.23269642, "lr": 0.00088526, "params": 9207, "time_iter": 0.04438, "accuracy": 0.95238, "precision": 0.95, "recall": 0.95, "f1": 0.95, "auc": 0.99318}
{"epoch": 23, "time_epoch": 0.48701, "eta": 76.87746, "eta_hours": 0.02135, "loss": 0.19327331, "lr": 0.00087506, "params": 9207, "time_iter": 0.04427, "accuracy": 0.95238, "precision": 0.95, "recall": 0.95, "f1": 0.95, "auc": 0.99773}
{"epoch": 24, "time_epoch": 0.48933, "eta": 74.29926, "eta_hours": 0.02064, "loss": 0.34366314, "lr": 0.00086448, "params": 9207, "time_iter": 0.04448, "accuracy": 0.88095, "precision": 0.89474, "recall": 0.85, "f1": 0.87179, "auc": 0.91591}
{"epoch": 25, "time_epoch": 0.48577, "eta": 71.87163, "eta_hours": 0.01996, "loss": 0.43556301, "lr": 0.00085355, "params": 9207, "time_iter": 0.04416, "accuracy": 0.7619, "precision": 0.75, "recall": 0.75, "f1": 0.75, "auc": 0.89545}
{"epoch": 26, "time_epoch": 0.48998, "eta": 69.5992, "eta_hours": 0.01933, "loss": 0.3109954, "lr": 0.00084227, "params": 9207, "time_iter": 0.04454, "accuracy": 0.83333, "precision": 0.84211, "recall": 0.8, "f1": 0.82051, "auc": 0.93864}
{"epoch": 27, "time_epoch": 0.48789, "eta": 67.44874, "eta_hours": 0.01874, "loss": 0.3524302, "lr": 0.00083066, "params": 9207, "time_iter": 0.04435, "accuracy": 0.85714, "precision": 0.88889, "recall": 0.8, "f1": 0.84211, "auc": 0.93182}
{"epoch": 28, "time_epoch": 0.48619, "eta": 65.40876, "eta_hours": 0.01817, "loss": 0.37258246, "lr": 0.00081871, "params": 9207, "time_iter": 0.0442, "accuracy": 0.85714, "precision": 0.81818, "recall": 0.9, "f1": 0.85714, "auc": 0.925}
{"epoch": 29, "time_epoch": 0.4917, "eta": 63.48523, "eta_hours": 0.01763, "loss": 0.25057317, "lr": 0.00080645, "params": 9207, "time_iter": 0.0447, "accuracy": 0.88095, "precision": 1.0, "recall": 0.75, "f1": 0.85714, "auc": 0.96364}
{"epoch": 30, "time_epoch": 0.49365, "eta": 61.65842, "eta_hours": 0.01713, "loss": 0.11566779, "lr": 0.00079389, "params": 9207, "time_iter": 0.04488, "accuracy": 0.97619, "precision": 1.0, "recall": 0.95, "f1": 0.97436, "auc": 0.99091}
{"epoch": 31, "time_epoch": 0.49281, "eta": 59.91314, "eta_hours": 0.01664, "loss": 0.25700275, "lr": 0.00078104, "params": 9207, "time_iter": 0.0448, "accuracy": 0.88095, "precision": 0.85714, "recall": 0.9, "f1": 0.87805, "auc": 0.95909}
{"epoch": 32, "time_epoch": 0.48583, "eta": 58.22961, "eta_hours": 0.01617, "loss": 0.24836308, "lr": 0.00076791, "params": 9207, "time_iter": 0.04417, "accuracy": 0.90476, "precision": 0.9, "recall": 0.9, "f1": 0.9, "auc": 0.96136}
{"epoch": 33, "time_epoch": 0.48629, "eta": 56.61741, "eta_hours": 0.01573, "loss": 0.34457384, "lr": 0.00075452, "params": 9207, "time_iter": 0.04421, "accuracy": 0.80952, "precision": 0.83333, "recall": 0.75, "f1": 0.78947, "auc": 0.93636}
{"epoch": 34, "time_epoch": 0.48614, "eta": 55.06928, "eta_hours": 0.0153, "loss": 0.33122979, "lr": 0.00074088, "params": 9207, "time_iter": 0.04419, "accuracy": 0.90476, "precision": 0.94444, "recall": 0.85, "f1": 0.89474, "auc": 0.93636}
{"epoch": 35, "time_epoch": 0.49755, "eta": 53.60043, "eta_hours": 0.01489, "loss": 0.19086561, "lr": 0.000727, "params": 9207, "time_iter": 0.04523, "accuracy": 0.90476, "precision": 0.94444, "recall": 0.85, "f1": 0.89474, "auc": 0.97955}
{"epoch": 36, "time_epoch": 0.48871, "eta": 52.16902, "eta_hours": 0.01449, "loss": 0.05661218, "lr": 0.00071289, "params": 9207, "time_iter": 0.04443, "accuracy": 1.0, "precision": 1.0, "recall": 1.0, "f1": 1.0, "auc": 1.0}
{"epoch": 37, "time_epoch": 0.48664, "eta": 50.78385, "eta_hours": 0.01411, "loss": 0.24513918, "lr": 0.00069857, "params": 9207, "time_iter": 0.04424, "accuracy": 0.95238, "precision": 1.0, "recall": 0.9, "f1": 0.94737, "auc": 0.95455}
{"epoch": 38, "time_epoch": 0.4865, "eta": 49.44454, "eta_hours": 0.01373, "loss": 0.14898448, "lr": 0.00068406, "params": 9207, "time_iter": 0.04423, "accuracy": 0.95238, "precision": 0.95, "recall": 0.95, "f1": 0.95, "auc": 0.99545}
{"epoch": 39, "time_epoch": 0.48896, "eta": 48.15156, "eta_hours": 0.01338, "loss": 0.10329347, "lr": 0.00066937, "params": 9207, "time_iter": 0.04445, "accuracy": 0.97619, "precision": 0.95238, "recall": 1.0, "f1": 0.97561, "auc": 0.98864}
{"epoch": 40, "time_epoch": 0.48654, "eta": 46.89433, "eta_hours": 0.01303, "loss": 0.30801402, "lr": 0.00065451, "params": 9207, "time_iter": 0.04423, "accuracy": 0.85714, "precision": 0.81818, "recall": 0.9, "f1": 0.85714, "auc": 0.96364}
{"epoch": 41, "time_epoch": 0.48729, "eta": 45.67482, "eta_hours": 0.01269, "loss": 0.05570179, "lr": 0.0006395, "params": 9207, "time_iter": 0.0443, "accuracy": 0.97619, "precision": 1.0, "recall": 0.95, "f1": 0.97436, "auc": 1.0}
{"epoch": 42, "time_epoch": 0.48416, "eta": 44.48522, "eta_hours": 0.01236, "loss": 0.17406098, "lr": 0.00062434, "params": 9207, "time_iter": 0.04401, "accuracy": 0.90476, "precision": 0.86364, "recall": 0.95, "f1": 0.90476, "auc": 0.99091}
{"epoch": 43, "time_epoch": 0.48471, "eta": 43.3284, "eta_hours": 0.01204, "loss": 0.13337863, "lr": 0.00060907, "params": 9207, "time_iter": 0.04406, "accuracy": 0.97619, "precision": 1.0, "recall": 0.95, "f1": 0.97436, "auc": 0.98864}
{"epoch": 44, "time_epoch": 0.48799, "eta": 42.20545, "eta_hours": 0.01172, "loss": 0.09686368, "lr": 0.00059369, "params": 9207, "time_iter": 0.04436, "accuracy": 0.95238, "precision": 0.95, "recall": 0.95, "f1": 0.95, "auc": 0.99091}
{"epoch": 45, "time_epoch": 0.49036, "eta": 41.11289, "eta_hours": 0.01142, "loss": 0.16419521, "lr": 0.00057822, "params": 9207, "time_iter": 0.04458, "accuracy": 0.95238, "precision": 0.95, "recall": 0.95, "f1": 0.95, "auc": 0.97955}
{"epoch": 46, "time_epoch": 0.48374, "eta": 40.03849, "eta_hours": 0.01112, "loss": 0.22004998, "lr": 0.00056267, "params": 9207, "time_iter": 0.04398, "accuracy": 0.90476, "precision": 0.9, "recall": 0.9, "f1": 0.9, "auc": 0.97273}
{"epoch": 47, "time_epoch": 0.48503, "eta": 38.9901, "eta_hours": 0.01083, "loss": 0.03096289, "lr": 0.00054705, "params": 9207, "time_iter": 0.04409, "accuracy": 1.0, "precision": 1.0, "recall": 1.0, "f1": 1.0, "auc": 1.0}
{"epoch": 48, "time_epoch": 0.48621, "eta": 37.96592, "eta_hours": 0.01055, "loss": 0.15154924, "lr": 0.0005314, "params": 9207, "time_iter": 0.0442, "accuracy": 0.95238, "precision": 0.95, "recall": 0.95, "f1": 0.95, "auc": 0.98409}
{"epoch": 49, "time_epoch": 0.48697, "eta": 36.96404, "eta_hours": 0.01027, "loss": 0.09858264, "lr": 0.00051571, "params": 9207, "time_iter": 0.04427, "accuracy": 0.97619, "precision": 1.0, "recall": 0.95, "f1": 0.97436, "auc": 0.99091}
{"epoch": 50, "time_epoch": 0.4865, "eta": 35.98188, "eta_hours": 0.00999, "loss": 0.20122167, "lr": 0.0005, "params": 9207, "time_iter": 0.04423, "accuracy": 0.92857, "precision": 1.0, "recall": 0.85, "f1": 0.91892, "auc": 0.97045}
{"epoch": 51, "time_epoch": 0.48904, "eta": 35.02114, "eta_hours": 0.00973, "loss": 0.02298637, "lr": 0.00048429, "params": 9207, "time_iter": 0.04446, "accuracy": 1.0, "precision": 1.0, "recall": 1.0, "f1": 1.0, "auc": 1.0}
{"epoch": 52, "time_epoch": 0.48862, "eta": 34.07783, "eta_hours": 0.00947, "loss": 0.08081568, "lr": 0.0004686, "params": 9207, "time_iter": 0.04442, "accuracy": 0.97619, "precision": 0.95238, "recall": 1.0, "f1": 0.97561, "auc": 0.99773}
{"epoch": 53, "time_epoch": 0.49175, "eta": 33.15402, "eta_hours": 0.00921, "loss": 0.07476743, "lr": 0.00045295, "params": 9207, "time_iter": 0.0447, "accuracy": 0.97619, "precision": 0.95238, "recall": 1.0, "f1": 0.97561, "auc": 0.99773}
{"epoch": 54, "time_epoch": 0.49098, "eta": 32.2453, "eta_hours": 0.00896, "loss": 0.25329121, "lr": 0.00043733, "params": 9207, "time_iter": 0.04463, "accuracy": 0.90476, "precision": 0.94444, "recall": 0.85, "f1": 0.89474, "auc": 0.96818}
{"epoch": 55, "time_epoch": 0.49284, "eta": 31.35295, "eta_hours": 0.00871, "loss": 0.16988215, "lr": 0.00042178, "params": 9207, "time_iter": 0.0448, "accuracy": 0.92857, "precision": 0.90476, "recall": 0.95, "f1": 0.92683, "auc": 0.98636}
{"epoch": 56, "time_epoch": 0.4911, "eta": 30.47331, "eta_hours": 0.00846, "loss": 0.31728088, "lr": 0.00040631, "params": 9207, "time_iter": 0.04465, "accuracy": 0.88095, "precision": 0.94118, "recall": 0.8, "f1": 0.86486, "auc": 0.93409}
{"epoch": 57, "time_epoch": 0.48695, "eta": 29.60406, "eta_hours": 0.00822, "loss": 0.04190875, "lr": 0.00039093, "params": 9207, "time_iter": 0.04427, "accuracy": 0.97619, "precision": 1.0, "recall": 0.95, "f1": 0.97436, "auc": 1.0}
{"epoch": 58, "time_epoch": 0.48757, "eta": 28.74821, "eta_hours": 0.00799, "loss": 0.03358698, "lr": 0.00037566, "params": 9207, "time_iter": 0.04432, "accuracy": 0.97619, "precision": 1.0, "recall": 0.95, "f1": 0.97436, "auc": 1.0}
{"epoch": 59, "time_epoch": 0.48807, "eta": 27.90496, "eta_hours": 0.00775, "loss": 0.07918226, "lr": 0.0003605, "params": 9207, "time_iter": 0.04437, "accuracy": 0.97619, "precision": 0.95238, "recall": 1.0, "f1": 0.97561, "auc": 1.0}
{"epoch": 60, "time_epoch": 0.48442, "eta": 27.07103, "eta_hours": 0.00752, "loss": 0.12193751, "lr": 0.00034549, "params": 9207, "time_iter": 0.04404, "accuracy": 0.95238, "precision": 1.0, "recall": 0.9, "f1": 0.94737, "auc": 0.99318}
{"epoch": 61, "time_epoch": 0.48827, "eta": 26.25072, "eta_hours": 0.00729, "loss": 0.07629754, "lr": 0.00033063, "params": 9207, "time_iter": 0.04439, "accuracy": 0.97619, "precision": 1.0, "recall": 0.95, "f1": 0.97436, "auc": 0.99773}
{"epoch": 62, "time_epoch": 0.48928, "eta": 25.44155, "eta_hours": 0.00707, "loss": 0.36646166, "lr": 0.00031594, "params": 9207, "time_iter": 0.04448, "accuracy": 0.85714, "precision": 0.9375, "recall": 0.75, "f1": 0.83333, "auc": 0.94091}
{"epoch": 63, "time_epoch": 0.48648, "eta": 24.64081, "eta_hours": 0.00684, "loss": 0.17540555, "lr": 0.00030143, "params": 9207, "time_iter": 0.04423, "accuracy": 0.97619, "precision": 0.95238, "recall": 1.0, "f1": 0.97561, "auc": 0.97955}
{"epoch": 64, "time_epoch": 0.49227, "eta": 23.85285, "eta_hours": 0.00663, "loss": 0.0383112, "lr": 0.00028711, "params": 9207, "time_iter": 0.04475, "accuracy": 0.97619, "precision": 0.95238, "recall": 1.0, "f1": 0.97561, "auc": 1.0}
{"epoch": 65, "time_epoch": 0.49276, "eta": 23.07411, "eta_hours": 0.00641, "loss": 0.17754153, "lr": 0.000273, "params": 9207, "time_iter": 0.0448, "accuracy": 0.88095, "precision": 0.82609, "recall": 0.95, "f1": 0.88372, "auc": 0.98409}
{"epoch": 66, "time_epoch": 0.48597, "eta": 22.30055, "eta_hours": 0.00619, "loss": 0.06347644, "lr": 0.00025912, "params": 9207, "time_iter": 0.04418, "accuracy": 0.95238, "precision": 1.0, "recall": 0.9, "f1": 0.94737, "auc": 1.0}
{"epoch": 67, "time_epoch": 0.48706, "eta": 21.53597, "eta_hours": 0.00598, "loss": 0.03938011, "lr": 0.00024548, "params": 9207, "time_iter": 0.04428, "accuracy": 0.97619, "precision": 1.0, "recall": 0.95, "f1": 0.97436, "auc": 1.0}
{"epoch": 68, "time_epoch": 0.48519, "eta": 20.7786, "eta_hours": 0.00577, "loss": 0.06695527, "lr": 0.00023209, "params": 9207, "time_iter": 0.04411, "accuracy": 0.95238, "precision": 1.0, "recall": 0.9, "f1": 0.94737, "auc": 1.0}
{"epoch": 69, "time_epoch": 0.48493, "eta": 20.02889, "eta_hours": 0.00556, "loss": 0.11538401, "lr": 0.00021896, "params": 9207, "time_iter": 0.04408, "accuracy": 0.95238, "precision": 0.95, "recall": 0.95, "f1": 0.95, "auc": 0.99318}
{"epoch": 70, "time_epoch": 0.48376, "eta": 19.28615, "eta_hours": 0.00536, "loss": 0.06668529, "lr": 0.00020611, "params": 9207, "time_iter": 0.04398, "accuracy": 0.97619, "precision": 0.95238, "recall": 1.0, "f1": 0.97561, "auc": 1.0}
{"epoch": 71, "time_epoch": 0.48585, "eta": 18.55143, "eta_hours": 0.00515, "loss": 0.20423436, "lr": 0.00019355, "params": 9207, "time_iter": 0.04417, "accuracy": 0.90476, "precision": 1.0, "recall": 0.8, "f1": 0.88889, "auc": 0.99091}
{"epoch": 72, "time_epoch": 0.48837, "eta": 17.82446, "eta_hours": 0.00495, "loss": 0.02227829, "lr": 0.00018129, "params": 9207, "time_iter": 0.0444, "accuracy": 1.0, "precision": 1.0, "recall": 1.0, "f1": 1.0, "auc": 1.0}
{"epoch": 73, "time_epoch": 0.48693, "eta": 17.10342, "eta_hours": 0.00475, "loss": 0.12367926, "lr": 0.00016934, "params": 9207, "time_iter": 0.04427, "accuracy": 0.95238, "precision": 0.95, "recall": 0.95, "f1": 0.95, "auc": 0.99091}
{"epoch": 74, "time_epoch": 0.48953, "eta": 16.3895, "eta_hours": 0.00455, "loss": 0.29131701, "lr": 0.00015773, "params": 9207, "time_iter": 0.0445, "accuracy": 0.90476, "precision": 0.94444, "recall": 0.85, "f1": 0.89474, "auc": 0.95227}
{"epoch": 75, "time_epoch": 0.48896, "eta": 15.68131, "eta_hours": 0.00436, "loss": 0.08357799, "lr": 0.00014645, "params": 9207, "time_iter": 0.04445, "accuracy": 0.97619, "precision": 0.95238, "recall": 1.0, "f1": 0.97561, "auc": 1.0}
{"epoch": 76, "time_epoch": 0.48768, "eta": 14.97842, "eta_hours": 0.00416, "loss": 0.12775591, "lr": 0.00013552, "params": 9207, "time_iter": 0.04433, "accuracy": 0.95238, "precision": 1.0, "recall": 0.9, "f1": 0.94737, "auc": 0.99318}
{"epoch": 77, "time_epoch": 0.49006, "eta": 14.28173, "eta_hours": 0.00397, "loss": 0.15104236, "lr": 0.00012494, "params": 9207, "time_iter": 0.04455, "accuracy": 0.92857, "precision": 1.0, "recall": 0.85, "f1": 0.91892, "auc": 0.98864}
{"epoch": 78, "time_epoch": 0.48802, "eta": 13.58972, "eta_hours": 0.00377, "loss": 0.11867654, "lr": 0.00011474, "params": 9207, "time_iter": 0.04437, "accuracy": 0.92857, "precision": 0.86957, "recall": 1.0, "f1": 0.93023, "auc": 0.99773}
{"epoch": 79, "time_epoch": 0.49047, "eta": 12.90342, "eta_hours": 0.00358, "loss": 0.17109276, "lr": 0.00010492, "params": 9207, "time_iter": 0.04459, "accuracy": 0.92857, "precision": 0.90476, "recall": 0.95, "f1": 0.92683, "auc": 0.98864}
{"epoch": 80, "time_epoch": 0.48458, "eta": 12.22058, "eta_hours": 0.00339, "loss": 0.00452346, "lr": 9.549e-05, "params": 9207, "time_iter": 0.04405, "accuracy": 1.0, "precision": 1.0, "recall": 1.0, "f1": 1.0, "auc": 1.0}
{"epoch": 81, "time_epoch": 0.48211, "eta": 11.54204, "eta_hours": 0.00321, "loss": 0.33680248, "lr": 8.646e-05, "params": 9207, "time_iter": 0.04383, "accuracy": 0.83333, "precision": 0.93333, "recall": 0.7, "f1": 0.8, "auc": 0.96136}
{"epoch": 82, "time_epoch": 0.48722, "eta": 10.86927, "eta_hours": 0.00302, "loss": 0.00697158, "lr": 7.784e-05, "params": 9207, "time_iter": 0.04429, "accuracy": 1.0, "precision": 1.0, "recall": 1.0, "f1": 1.0, "auc": 1.0}
{"epoch": 83, "time_epoch": 0.4833, "eta": 10.20017, "eta_hours": 0.00283, "loss": 0.2155693, "lr": 6.963e-05, "params": 9207, "time_iter": 0.04394, "accuracy": 0.92857, "precision": 0.94737, "recall": 0.9, "f1": 0.92308, "auc": 0.97955}
{"epoch": 84, "time_epoch": 0.4878, "eta": 9.53624, "eta_hours": 0.00265, "loss": 0.19142916, "lr": 6.185e-05, "params": 9207, "time_iter": 0.04435, "accuracy": 0.92857, "precision": 1.0, "recall": 0.85, "f1": 0.91892, "auc": 0.975}
{"epoch": 85, "time_epoch": 0.48562, "eta": 8.87605, "eta_hours": 0.00247, "loss": 0.00985061, "lr": 5.45e-05, "params": 9207, "time_iter": 0.04415, "accuracy": 1.0, "precision": 1.0, "recall": 1.0, "f1": 1.0, "auc": 1.0}
{"epoch": 86, "time_epoch": 0.4933, "eta": 8.22102, "eta_hours": 0.00228, "loss": 0.08157196, "lr": 4.759e-05, "params": 9207, "time_iter": 0.04485, "accuracy": 0.97619, "precision": 1.0, "recall": 0.95, "f1": 0.97436, "auc": 0.99545}
{"epoch": 87, "time_epoch": 0.48905, "eta": 7.56909, "eta_hours": 0.0021, "loss": 0.12058727, "lr": 4.112e-05, "params": 9207, "time_iter": 0.04446, "accuracy": 0.95238, "precision": 0.95, "recall": 0.95, "f1": 0.95, "auc": 0.99091}
{"epoch": 88, "time_epoch": 0.48971, "eta": 6.9209, "eta_hours": 0.00192, "loss": 0.07155971, "lr": 3.511e-05, "params": 9207, "time_iter": 0.04452, "accuracy": 0.97619, "precision": 0.95238, "recall": 1.0, "f1": 0.97561, "auc": 1.0}
{"epoch": 89, "time_epoch": 0.49541, "eta": 6.27687, "eta_hours": 0.00174, "loss": 0.11015669, "lr": 2.956e-05, "params": 9207, "time_iter": 0.04504, "accuracy": 0.97619, "precision": 0.95238, "recall": 1.0, "f1": 0.97561, "auc": 0.99545}
{"epoch": 90, "time_epoch": 0.48604, "eta": 5.63517, "eta_hours": 0.00157, "loss": 0.25066867, "lr": 2.447e-05, "params": 9207, "time_iter": 0.04419, "accuracy": 0.88095, "precision": 0.85714, "recall": 0.9, "f1": 0.87805, "auc": 0.95909}
{"epoch": 91, "time_epoch": 0.48495, "eta": 4.99676, "eta_hours": 0.00139, "loss": 0.15968766, "lr": 1.985e-05, "params": 9207, "time_iter": 0.04409, "accuracy": 0.92857, "precision": 0.90476, "recall": 0.95, "f1": 0.92683, "auc": 0.98182}
{"epoch": 92, "time_epoch": 0.49106, "eta": 4.36212, "eta_hours": 0.00121, "loss": 0.22976232, "lr": 1.571e-05, "params": 9207, "time_iter": 0.04464, "accuracy": 0.85714, "precision": 0.81818, "recall": 0.9, "f1": 0.85714, "auc": 0.97045}
{"epoch": 93, "time_epoch": 0.48677, "eta": 3.73025, "eta_hours": 0.00104, "loss": 0.0500784, "lr": 1.204e-05, "params": 9207, "time_iter": 0.04425, "accuracy": 0.97619, "precision": 0.95238, "recall": 1.0, "f1": 0.97561, "auc": 1.0}
{"epoch": 94, "time_epoch": 0.48679, "eta": 3.10144, "eta_hours": 0.00086, "loss": 0.13208161, "lr": 8.86e-06, "params": 9207, "time_iter": 0.04425, "accuracy": 0.95238, "precision": 1.0, "recall": 0.9, "f1": 0.94737, "auc": 0.99773}
{"epoch": 95, "time_epoch": 0.48612, "eta": 2.47556, "eta_hours": 0.00069, "loss": 0.195264, "lr": 6.16e-06, "params": 9207, "time_iter": 0.04419, "accuracy": 0.90476, "precision": 0.9, "recall": 0.9, "f1": 0.9, "auc": 0.97955}
{"epoch": 96, "time_epoch": 0.49087, "eta": 1.85271, "eta_hours": 0.00051, "loss": 0.08250812, "lr": 3.94e-06, "params": 9207, "time_iter": 0.04462, "accuracy": 0.92857, "precision": 0.86957, "recall": 1.0, "f1": 0.93023, "auc": 1.0}
{"epoch": 97, "time_epoch": 0.48595, "eta": 1.23246, "eta_hours": 0.00034, "loss": 0.10140936, "lr": 2.22e-06, "params": 9207, "time_iter": 0.04418, "accuracy": 0.95238, "precision": 0.95, "recall": 0.95, "f1": 0.95, "auc": 0.99545}
{"epoch": 98, "time_epoch": 0.48961, "eta": 0.61495, "eta_hours": 0.00017, "loss": 0.20507403, "lr": 9.9e-07, "params": 9207, "time_iter": 0.04451, "accuracy": 0.90476, "precision": 0.9, "recall": 0.9, "f1": 0.9, "auc": 0.97045}
{"epoch": 99, "time_epoch": 0.485, "eta": 0.0, "eta_hours": 0.0, "loss": 0.01513112, "lr": 2.5e-07, "params": 9207, "time_iter": 0.04409, "accuracy": 1.0, "precision": 1.0, "recall": 1.0, "f1": 1.0, "auc": 1.0}
