{"epoch": 0, "time_epoch": 21.9436, "eta": 2172.41625, "eta_hours": 0.60345, "loss": 0.69038855, "lr": 0.001, "params": 5289, "time_iter": 0.17555, "accuracy": 0.546, "precision": 0.59559, "recall": 0.32016, "f1": 0.41645, "auc": 0.55228}
{"epoch": 1, "time_epoch": 8.53561, "eta": 1493.48127, "eta_hours": 0.41486, "loss": 0.68518768, "lr": 0.00099975, "params": 5289, "time_iter": 0.06828, "accuracy": 0.552, "precision": 0.55731, "recall": 0.55731, "f1": 0.55731, "auc": 0.56944}
{"epoch": 2, "time_epoch": 8.24412, "eta": 1252.0542, "eta_hours": 0.34779, "loss": 0.67564617, "lr": 0.00099901, "params": 5289, "time_iter": 0.06595, "accuracy": 0.586, "precision": 0.60952, "recall": 0.50593, "f1": 0.55292, "auc": 0.6025}
{"epoch": 3, "time_epoch": 8.03686, "eta": 1122.24454, "eta_hours": 0.31173, "loss": 0.6778504, "lr": 0.00099778, "params": 5289, "time_iter": 0.06429, "accuracy": 0.584, "precision": 0.59036, "recall": 0.58103, "f1": 0.58566, "auc": 0.59839}
{"epoch": 4, "time_epoch": 8.03073, "eta": 1041.02741, "eta_hours": 0.28917, "loss": 0.67813452, "lr": 0.00099606, "params": 5289, "time_iter": 0.06425, "accuracy": 0.572, "precision": 0.5859, "recall": 0.52569, "f1": 0.55417, "auc": 0.59823}
{"epoch": 5, "time_epoch": 8.13951, "eta": 985.91007, "eta_hours": 0.27386, "loss": 0.67291116, "lr": 0.00099384, "params": 5289, "time_iter": 0.06512, "accuracy": 0.594, "precision": 0.60163, "recall": 0.58498, "f1": 0.59319, "auc": 0.60458}
{"epoch": 6, "time_epoch": 8.04891, "eta": 943.0112, "eta_hours": 0.26195, "loss": 0.67707173, "lr": 0.00099114, "params": 5289, "time_iter": 0.06439, "accuracy": 0.582, "precision": 0.59565, "recall": 0.5415, "f1": 0.56729, "auc": 0.59988}
{"epoch": 7, "time_epoch": 8.116, "eta": 909.59641, "eta_hours": 0.25267, "loss": 0.68502746, "lr": 0.00098796, "params": 5289, "time_iter": 0.06493, "accuracy": 0.552, "precision": 0.5617, "recall": 0.52174, "f1": 0.54098, "auc": 0.57858}
{"epoch": 8, "time_epoch": 8.09747, "eta": 881.61614, "eta_hours": 0.24489, "loss": 0.67550152, "lr": 0.00098429, "params": 5289, "time_iter": 0.06478, "accuracy": 0.578, "precision": 0.58077, "recall": 0.59684, "f1": 0.58869, "auc": 0.60935}
{"epoch": 9, "time_epoch": 8.0773, "eta": 857.43094, "eta_hours": 0.23818, "loss": 0.6729167, "lr": 0.00098015, "params": 5289, "time_iter": 0.06462, "accuracy": 0.588, "precision": 0.59751, "recall": 0.56917, "f1": 0.583, "auc": 0.61055}
{"epoch": 10, "time_epoch": 8.07053, "eta": 836.11966, "eta_hours": 0.23226, "loss": 0.68503674, "lr": 0.00097553, "params": 5289, "time_iter": 0.06456, "accuracy": 0.572, "precision": 0.58442, "recall": 0.5336, "f1": 0.55785, "auc": 0.57416}
{"epoch": 11, "time_epoch": 8.12657, "eta": 817.42615, "eta_hours": 0.22706, "loss": 0.68485501, "lr": 0.00097044, "params": 5289, "time_iter": 0.06501, "accuracy": 0.556, "precision": 0.56432, "recall": 0.53755, "f1": 0.55061, "auc": 0.57235}
{"epoch": 12, "time_epoch": 8.06056, "eta": 799.91655, "eta_hours": 0.2222, "loss": 0.67972675, "lr": 0.00096489, "params": 5289, "time_iter": 0.06448, "accuracy": 0.57, "precision": 0.57724, "recall": 0.56126, "f1": 0.56914, "auc": 0.58344}
{"epoch": 13, "time_epoch": 8.11072, "eta": 784.06496, "eta_hours": 0.2178, "loss": 0.68209728, "lr": 0.00095888, "params": 5289, "time_iter": 0.06489, "accuracy": 0.574, "precision": 0.58264, "recall": 0.55731, "f1": 0.5697, "auc": 0.58525}
{"epoch": 14, "time_epoch": 8.02187, "eta": 768.74201, "eta_hours": 0.21354, "loss": 0.67038943, "lr": 0.00095241, "params": 5289, "time_iter": 0.06417, "accuracy": 0.602, "precision": 0.61157, "recall": 0.58498, "f1": 0.59798, "auc": 0.62121}
{"epoch": 15, "time_epoch": 8.06887, "eta": 754.57843, "eta_hours": 0.20961, "loss": 0.68242034, "lr": 0.0009455, "params": 5289, "time_iter": 0.06455, "accuracy": 0.566, "precision": 0.58571, "recall": 0.48617, "f1": 0.53132, "auc": 0.57836}
{"epoch": 16, "time_epoch": 8.15794, "eta": 741.56676, "eta_hours": 0.20599, "loss": 0.67968554, "lr": 0.00093815, "params": 5289, "time_iter": 0.06526, "accuracy": 0.556, "precision": 0.56828, "recall": 0.50988, "f1": 0.5375, "auc": 0.57973}
{"epoch": 17, "time_epoch": 8.01372, "eta": 728.43736, "eta_hours": 0.20234, "loss": 0.6867807, "lr": 0.00093037, "params": 5289, "time_iter": 0.06411, "accuracy": 0.538, "precision": 0.55046, "recall": 0.47431, "f1": 0.50955, "auc": 0.55339}
{"epoch": 18, "time_epoch": 8.184, "eta": 716.57241, "eta_hours": 0.19905, "loss": 0.67927991, "lr": 0.00092216, "params": 5289, "time_iter": 0.06547, "accuracy": 0.582, "precision": 0.60092, "recall": 0.51779, "f1": 0.55626, "auc": 0.58669}
{"epoch": 19, "time_epoch": 8.11203, "eta": 704.78768, "eta_hours": 0.19577, "loss": 0.68993009, "lr": 0.00091354, "params": 5289, "time_iter": 0.0649, "accuracy": 0.556, "precision": 0.56828, "recall": 0.50988, "f1": 0.5375, "auc": 0.56367}
{"epoch": 20, "time_epoch": 8.06515, "eta": 693.17637, "eta_hours": 0.19255, "loss": 0.6856456, "lr": 0.00090451, "params": 5289, "time_iter": 0.06452, "accuracy": 0.57, "precision": 0.56934, "recall": 0.6166, "f1": 0.59203, "auc": 0.57888}
{"epoch": 21, "time_epoch": 8.08596, "eta": 681.96121, "eta_hours": 0.18943, "loss": 0.67730607, "lr": 0.00089508, "params": 5289, "time_iter": 0.06469, "accuracy": 0.582, "precision": 0.57483, "recall": 0.66798, "f1": 0.61792, "auc": 0.60317}
{"epoch": 22, "time_epoch": 8.0568, "eta": 670.92053, "eta_hours": 0.18637, "loss": 0.68212757, "lr": 0.00088526, "params": 5289, "time_iter": 0.06445, "accuracy": 0.55, "precision": 0.55344, "recall": 0.57312, "f1": 0.56311, "auc": 0.58612}
{"epoch": 23, "time_epoch": 8.09661, "eta": 660.25457, "eta_hours": 0.1834, "loss": 0.67011438, "lr": 0.00087506, "params": 5289, "time_iter": 0.06477, "accuracy": 0.596, "precision": 0.60759, "recall": 0.56917, "f1": 0.58776, "auc": 0.62604}
{"epoch": 24, "time_epoch": 8.11251, "eta": 649.84185, "eta_hours": 0.18051, "loss": 0.66967936, "lr": 0.00086448, "params": 5289, "time_iter": 0.0649, "accuracy": 0.608, "precision": 0.62128, "recall": 0.57708, "f1": 0.59836, "auc": 0.62243}
{"epoch": 25, "time_epoch": 7.95828, "eta": 639.16712, "eta_hours": 0.17755, "loss": 0.66244355, "lr": 0.00085355, "params": 5289, "time_iter": 0.06367, "accuracy": 0.614, "precision": 0.62295, "recall": 0.60079, "f1": 0.61167, "auc": 0.64008}
{"epoch": 26, "time_epoch": 8.1396, "eta": 629.18385, "eta_hours": 0.17477, "loss": 0.67514815, "lr": 0.00084227, "params": 5289, "time_iter": 0.06512, "accuracy": 0.584, "precision": 0.59036, "recall": 0.58103, "f1": 0.58566, "auc": 0.6114}
{"epoch": 27, "time_epoch": 8.07124, "eta": 619.15649, "eta_hours": 0.17199, "loss": 0.68255388, "lr": 0.00083066, "params": 5289, "time_iter": 0.06457, "accuracy": 0.572, "precision": 0.58159, "recall": 0.54941, "f1": 0.56504, "auc": 0.58677}
{"epoch": 28, "time_epoch": 8.07081, "eta": 609.26297, "eta_hours": 0.16924, "loss": 0.67815833, "lr": 0.00081871, "params": 5289, "time_iter": 0.06457, "accuracy": 0.584, "precision": 0.59414, "recall": 0.56126, "f1": 0.57724, "auc": 0.61038}
{"epoch": 29, "time_epoch": 8.1221, "eta": 599.61064, "eta_hours": 0.16656, "loss": 0.67964228, "lr": 0.00080645, "params": 5289, "time_iter": 0.06498, "accuracy": 0.55, "precision": 0.56667, "recall": 0.47036, "f1": 0.51404, "auc": 0.59503}
{"epoch": 30, "time_epoch": 8.00768, "eta": 589.80237, "eta_hours": 0.16383, "loss": 0.68004332, "lr": 0.00079389, "params": 5289, "time_iter": 0.06406, "accuracy": 0.566, "precision": 0.57692, "recall": 0.5336, "f1": 0.55441, "auc": 0.58757}
{"epoch": 31, "time_epoch": 8.03139, "eta": 580.157, "eta_hours": 0.16115, "loss": 0.68153404, "lr": 0.00078104, "params": 5289, "time_iter": 0.06425, "accuracy": 0.574, "precision": 0.58696, "recall": 0.5336, "f1": 0.55901, "auc": 0.58567}
{"epoch": 32, "time_epoch": 8.08273, "eta": 570.71369, "eta_hours": 0.15853, "loss": 0.67264662, "lr": 0.00076791, "params": 5289, "time_iter": 0.06466, "accuracy": 0.578, "precision": 0.58268, "recall": 0.58498, "f1": 0.58383, "auc": 0.61516}
{"epoch": 33, "time_epoch": 8.06827, "eta": 561.32234, "eta_hours": 0.15592, "loss": 0.67203355, "lr": 0.00075452, "params": 5289, "time_iter": 0.06455, "accuracy": 0.572, "precision": 0.58515, "recall": 0.52964, "f1": 0.55602, "auc": 0.62063}
{"epoch": 34, "time_epoch": 7.98844, "eta": 551.85835, "eta_hours": 0.15329, "loss": 0.67004768, "lr": 0.00074088, "params": 5289, "time_iter": 0.06391, "accuracy": 0.584, "precision": 0.58303, "recall": 0.62451, "f1": 0.60305, "auc": 0.61786}
{"epoch": 35, "time_epoch": 8.00243, "eta": 542.5012, "eta_hours": 0.15069, "loss": 0.68852267, "lr": 0.000727, "params": 5289, "time_iter": 0.06402, "accuracy": 0.518, "precision": 0.52344, "recall": 0.52964, "f1": 0.52652, "auc": 0.54725}
{"epoch": 36, "time_epoch": 8.00159, "eta": 533.21585, "eta_hours": 0.14812, "loss": 0.68433422, "lr": 0.00071289, "params": 5289, "time_iter": 0.06401, "accuracy": 0.556, "precision": 0.57209, "recall": 0.48617, "f1": 0.52564, "auc": 0.57967}
{"epoch": 37, "time_epoch": 8.04606, "eta": 524.07062, "eta_hours": 0.14558, "loss": 0.66837673, "lr": 0.00069857, "params": 5289, "time_iter": 0.06437, "accuracy": 0.586, "precision": 0.58456, "recall": 0.62846, "f1": 0.60571, "auc": 0.63036}
{"epoch": 38, "time_epoch": 7.95174, "eta": 514.83424, "eta_hours": 0.14301, "loss": 0.66601126, "lr": 0.00068406, "params": 5289, "time_iter": 0.06361, "accuracy": 0.608, "precision": 0.60837, "recall": 0.63241, "f1": 0.62016, "auc": 0.63608}
{"epoch": 39, "time_epoch": 7.9948, "eta": 505.72667, "eta_hours": 0.14048, "loss": 0.66883986, "lr": 0.00066937, "params": 5289, "time_iter": 0.06396, "accuracy": 0.594, "precision": 0.61261, "recall": 0.53755, "f1": 0.57263, "auc": 0.61849}
{"epoch": 40, "time_epoch": 7.93241, "eta": 496.58361, "eta_hours": 0.13794, "loss": 0.67201368, "lr": 0.00065451, "params": 5289, "time_iter": 0.06346, "accuracy": 0.608, "precision": 0.62232, "recall": 0.57312, "f1": 0.59671, "auc": 0.61602}
{"epoch": 41, "time_epoch": 7.99565, "eta": 487.58553, "eta_hours": 0.13544, "loss": 0.67058638, "lr": 0.0006395, "params": 5289, "time_iter": 0.06397, "accuracy": 0.592, "precision": 0.59533, "recall": 0.60474, "f1": 0.6, "auc": 0.62735}
{"epoch": 42, "time_epoch": 7.95308, "eta": 478.57764, "eta_hours": 0.13294, "loss": 0.6771405, "lr": 0.00062434, "params": 5289, "time_iter": 0.06362, "accuracy": 0.578, "precision": 0.57554, "recall": 0.63241, "f1": 0.60264, "auc": 0.60954}
{"epoch": 43, "time_epoch": 7.98248, "eta": 469.65511, "eta_hours": 0.13046, "loss": 0.66224464, "lr": 0.00060907, "params": 5289, "time_iter": 0.06386, "accuracy": 0.616, "precision": 0.64186, "recall": 0.54545, "f1": 0.58974, "auc": 0.64}
{"epoch": 44, "time_epoch": 7.96212, "eta": 460.74948, "eta_hours": 0.12799, "loss": 0.66410198, "lr": 0.00059369, "params": 5289, "time_iter": 0.0637, "accuracy": 0.618, "precision": 0.63248, "recall": 0.58498, "f1": 0.6078, "auc": 0.64377}
{"epoch": 45, "time_epoch": 7.99458, "eta": 451.92298, "eta_hours": 0.12553, "loss": 0.66309279, "lr": 0.00057822, "params": 5289, "time_iter": 0.06396, "accuracy": 0.61, "precision": 0.625, "recall": 0.57312, "f1": 0.59794, "auc": 0.63648}
{"epoch": 46, "time_epoch": 7.94697, "eta": 443.07819, "eta_hours": 0.12308, "loss": 0.65921102, "lr": 0.00056267, "params": 5289, "time_iter": 0.06358, "accuracy": 0.602, "precision": 0.61157, "recall": 0.58498, "f1": 0.59798, "auc": 0.64843}
{"epoch": 47, "time_epoch": 7.98478, "eta": 434.31177, "eta_hours": 0.12064, "loss": 0.66350326, "lr": 0.00054705, "params": 5289, "time_iter": 0.06388, "accuracy": 0.598, "precision": 0.61207, "recall": 0.56126, "f1": 0.58557, "auc": 0.63859}
{"epoch": 48, "time_epoch": 7.99707, "eta": 425.59005, "eta_hours": 0.11822, "loss": 0.65191541, "lr": 0.0005314, "params": 5289, "time_iter": 0.06398, "accuracy": 0.624, "precision": 0.63052, "recall": 0.62055, "f1": 0.6255, "auc": 0.66355}
{"epoch": 49, "time_epoch": 7.88372, "eta": 416.78397, "eta_hours": 0.11577, "loss": 0.67212664, "lr": 0.00051571, "params": 5289, "time_iter": 0.06307, "accuracy": 0.584, "precision": 0.59574, "recall": 0.55336, "f1": 0.57377, "auc": 0.61991}
{"epoch": 50, "time_epoch": 7.96622, "eta": 408.09332, "eta_hours": 0.11336, "loss": 0.66886513, "lr": 0.0005, "params": 5289, "time_iter": 0.06373, "accuracy": 0.58, "precision": 0.58848, "recall": 0.56522, "f1": 0.57661, "auc": 0.62467}
{"epoch": 51, "time_epoch": 7.99259, "eta": 399.45487, "eta_hours": 0.11096, "loss": 0.66311353, "lr": 0.00048429, "params": 5289, "time_iter": 0.06394, "accuracy": 0.624, "precision": 0.63158, "recall": 0.6166, "f1": 0.624, "auc": 0.64878}
{"epoch": 52, "time_epoch": 7.98703, "eta": 390.83587, "eta_hours": 0.10857, "loss": 0.6582746, "lr": 0.0004686, "params": 5289, "time_iter": 0.0639, "accuracy": 0.608, "precision": 0.61925, "recall": 0.58498, "f1": 0.60163, "auc": 0.64414}
{"epoch": 53, "time_epoch": 7.97256, "eta": 382.22795, "eta_hours": 0.10617, "loss": 0.66262756, "lr": 0.00045295, "params": 5289, "time_iter": 0.06378, "accuracy": 0.598, "precision": 0.604, "recall": 0.59684, "f1": 0.6004, "auc": 0.63462}
{"epoch": 54, "time_epoch": 7.99906, "eta": 373.66481, "eta_hours": 0.1038, "loss": 0.66750624, "lr": 0.00043733, "params": 5289, "time_iter": 0.06399, "accuracy": 0.592, "precision": 0.60251, "recall": 0.56917, "f1": 0.58537, "auc": 0.6282}
{"epoch": 55, "time_epoch": 7.96431, "eta": 365.09451, "eta_hours": 0.10142, "loss": 0.66508853, "lr": 0.00042178, "params": 5289, "time_iter": 0.06371, "accuracy": 0.612, "precision": 0.62041, "recall": 0.60079, "f1": 0.61044, "auc": 0.63507}
{"epoch": 56, "time_epoch": 7.99837, "eta": 356.57117, "eta_hours": 0.09905, "loss": 0.66192785, "lr": 0.00040631, "params": 5289, "time_iter": 0.06399, "accuracy": 0.594, "precision": 0.59398, "recall": 0.62451, "f1": 0.60886, "auc": 0.64086}
{"epoch": 57, "time_epoch": 7.9808, "eta": 348.05321, "eta_hours": 0.09668, "loss": 0.65374761, "lr": 0.00039093, "params": 5289, "time_iter": 0.06385, "accuracy": 0.608, "precision": 0.61089, "recall": 0.62055, "f1": 0.61569, "auc": 0.65128}
{"epoch": 58, "time_epoch": 8.01396, "eta": 339.5765, "eta_hours": 0.09433, "loss": 0.66179697, "lr": 0.00037566, "params": 5289, "time_iter": 0.06411, "accuracy": 0.614, "precision": 0.61905, "recall": 0.6166, "f1": 0.61782, "auc": 0.65093}
{"epoch": 59, "time_epoch": 7.9685, "eta": 331.08491, "eta_hours": 0.09197, "loss": 0.65571177, "lr": 0.0003605, "params": 5289, "time_iter": 0.06375, "accuracy": 0.626, "precision": 0.632, "recall": 0.62451, "f1": 0.62823, "auc": 0.66283}
{"epoch": 60, "time_epoch": 8.03226, "eta": 322.65124, "eta_hours": 0.08963, "loss": 0.67155574, "lr": 0.00034549, "params": 5289, "time_iter": 0.06426, "accuracy": 0.594, "precision": 0.60081, "recall": 0.58893, "f1": 0.59481, "auc": 0.63355}
{"epoch": 61, "time_epoch": 7.9674, "eta": 314.19076, "eta_hours": 0.08728, "loss": 0.66338408, "lr": 0.00033063, "params": 5289, "time_iter": 0.06374, "accuracy": 0.6, "precision": 0.61472, "recall": 0.56126, "f1": 0.58678, "auc": 0.63025}
{"epoch": 62, "time_epoch": 8.00006, "eta": 305.76511, "eta_hours": 0.08493, "loss": 0.64247436, "lr": 0.00031594, "params": 5289, "time_iter": 0.064, "accuracy": 0.64, "precision": 0.64314, "recall": 0.64822, "f1": 0.64567, "auc": 0.67639}
{"epoch": 63, "time_epoch": 7.99417, "eta": 297.34946, "eta_hours": 0.0826, "loss": 0.63766313, "lr": 0.00030143, "params": 5289, "time_iter": 0.06395, "accuracy": 0.632, "precision": 0.64435, "recall": 0.6087, "f1": 0.62602, "auc": 0.67535}
{"epoch": 64, "time_epoch": 7.95286, "eta": 288.92453, "eta_hours": 0.08026, "loss": 0.66436833, "lr": 0.00028711, "params": 5289, "time_iter": 0.06362, "accuracy": 0.624, "precision": 0.63485, "recall": 0.60474, "f1": 0.61943, "auc": 0.64853}
{"epoch": 65, "time_epoch": 8.03487, "eta": 280.55615, "eta_hours": 0.07793, "loss": 0.6613484, "lr": 0.000273, "params": 5289, "time_iter": 0.06428, "accuracy": 0.598, "precision": 0.61111, "recall": 0.56522, "f1": 0.58727, "auc": 0.64171}
{"epoch": 66, "time_epoch": 8.04974, "eta": 272.20505, "eta_hours": 0.07561, "loss": 0.66261324, "lr": 0.00025912, "params": 5289, "time_iter": 0.0644, "accuracy": 0.63, "precision": 0.6405, "recall": 0.61265, "f1": 0.62626, "auc": 0.64251}
{"epoch": 67, "time_epoch": 7.98459, "eta": 263.83215, "eta_hours": 0.07329, "loss": 0.67162254, "lr": 0.00024548, "params": 5289, "time_iter": 0.06388, "accuracy": 0.618, "precision": 0.63717, "recall": 0.56917, "f1": 0.60125, "auc": 0.62619}
{"epoch": 68, "time_epoch": 8.11789, "eta": 255.5304, "eta_hours": 0.07098, "loss": 0.66728115, "lr": 0.00023209, "params": 5289, "time_iter": 0.06494, "accuracy": 0.604, "precision": 0.61411, "recall": 0.58498, "f1": 0.59919, "auc": 0.63134}
{"epoch": 69, "time_epoch": 8.0379, "eta": 247.19962, "eta_hours": 0.06867, "loss": 0.64974635, "lr": 0.00021896, "params": 5289, "time_iter": 0.0643, "accuracy": 0.634, "precision": 0.65766, "recall": 0.57708, "f1": 0.61474, "auc": 0.65909}
{"epoch": 70, "time_epoch": 8.00466, "eta": 238.86351, "eta_hours": 0.06635, "loss": 0.65168594, "lr": 0.00020611, "params": 5289, "time_iter": 0.06404, "accuracy": 0.616, "precision": 0.6309, "recall": 0.58103, "f1": 0.60494, "auc": 0.66339}
{"epoch": 71, "time_epoch": 8.10326, "eta": 230.57496, "eta_hours": 0.06405, "loss": 0.66223537, "lr": 0.00019355, "params": 5289, "time_iter": 0.06483, "accuracy": 0.606, "precision": 0.6157, "recall": 0.58893, "f1": 0.60202, "auc": 0.64056}
{"epoch": 72, "time_epoch": 8.02788, "eta": 222.2636, "eta_hours": 0.06174, "loss": 0.6485563, "lr": 0.00018129, "params": 5289, "time_iter": 0.06422, "accuracy": 0.616, "precision": 0.63556, "recall": 0.56522, "f1": 0.59833, "auc": 0.65768}
{"epoch": 73, "time_epoch": 8.12577, "eta": 213.99429, "eta_hours": 0.05944, "loss": 0.65176324, "lr": 0.00016934, "params": 5289, "time_iter": 0.06501, "accuracy": 0.606, "precision": 0.612, "recall": 0.60474, "f1": 0.60835, "auc": 0.65176}
{"epoch": 74, "time_epoch": 8.09665, "eta": 205.71911, "eta_hours": 0.05714, "loss": 0.64183001, "lr": 0.00015773, "params": 5289, "time_iter": 0.06477, "accuracy": 0.626, "precision": 0.63636, "recall": 0.6087, "f1": 0.62222, "auc": 0.67285}
{"epoch": 75, "time_epoch": 8.03952, "eta": 197.43059, "eta_hours": 0.05484, "loss": 0.65636554, "lr": 0.00014645, "params": 5289, "time_iter": 0.06432, "accuracy": 0.61, "precision": 0.61789, "recall": 0.60079, "f1": 0.60922, "auc": 0.64961}
{"epoch": 76, "time_epoch": 8.11161, "eta": 189.17006, "eta_hours": 0.05255, "loss": 0.63665715, "lr": 0.00013552, "params": 5289, "time_iter": 0.06489, "accuracy": 0.622, "precision": 0.63223, "recall": 0.60474, "f1": 0.61818, "auc": 0.6785}
{"epoch": 77, "time_epoch": 8.03647, "eta": 180.89216, "eta_hours": 0.05025, "loss": 0.67015769, "lr": 0.00012494, "params": 5289, "time_iter": 0.06429, "accuracy": 0.594, "precision": 0.60593, "recall": 0.56522, "f1": 0.58487, "auc": 0.63476}
{"epoch": 78, "time_epoch": 8.0303, "eta": 172.61873, "eta_hours": 0.04795, "loss": 0.65140144, "lr": 0.00011474, "params": 5289, "time_iter": 0.06424, "accuracy": 0.626, "precision": 0.63866, "recall": 0.60079, "f1": 0.61914, "auc": 0.66227}
{"epoch": 79, "time_epoch": 8.12269, "eta": 164.37448, "eta_hours": 0.04566, "loss": 0.64148363, "lr": 0.00010492, "params": 5289, "time_iter": 0.06498, "accuracy": 0.624, "precision": 0.63485, "recall": 0.60474, "f1": 0.61943, "auc": 0.67666}
{"epoch": 80, "time_epoch": 8.06782, "eta": 156.12036, "eta_hours": 0.04337, "loss": 0.63800714, "lr": 9.549e-05, "params": 5289, "time_iter": 0.06454, "accuracy": 0.632, "precision": 0.65198, "recall": 0.58498, "f1": 0.61667, "auc": 0.67515}
{"epoch": 81, "time_epoch": 7.89179, "eta": 147.83214, "eta_hours": 0.04106, "loss": 0.63774773, "lr": 8.646e-05, "params": 5289, "time_iter": 0.06313, "accuracy": 0.64, "precision": 0.65145, "recall": 0.62055, "f1": 0.63563, "auc": 0.67427}
{"epoch": 82, "time_epoch": 7.96391, "eta": 139.56825, "eta_hours": 0.03877, "loss": 0.64996924, "lr": 7.784e-05, "params": 5289, "time_iter": 0.06371, "accuracy": 0.644, "precision": 0.67123, "recall": 0.58103, "f1": 0.62288, "auc": 0.66787}
{"epoch": 83, "time_epoch": 8.03119, "eta": 131.32431, "eta_hours": 0.03648, "loss": 0.64772729, "lr": 6.963e-05, "params": 5289, "time_iter": 0.06425, "accuracy": 0.618, "precision": 0.63025, "recall": 0.59289, "f1": 0.611, "auc": 0.66774}
{"epoch": 84, "time_epoch": 8.08578, "eta": 123.09501, "eta_hours": 0.03419, "loss": 0.65620632, "lr": 6.185e-05, "params": 5289, "time_iter": 0.06469, "accuracy": 0.624, "precision": 0.63374, "recall": 0.6087, "f1": 0.62097, "auc": 0.65584}
{"epoch": 85, "time_epoch": 8.03685, "eta": 114.86109, "eta_hours": 0.03191, "loss": 0.63915617, "lr": 5.45e-05, "params": 5289, "time_iter": 0.06429, "accuracy": 0.634, "precision": 0.64957, "recall": 0.60079, "f1": 0.62423, "auc": 0.68143}
{"epoch": 86, "time_epoch": 8.08862, "eta": 106.63943, "eta_hours": 0.02962, "loss": 0.63669211, "lr": 4.759e-05, "params": 5289, "time_iter": 0.06471, "accuracy": 0.628, "precision": 0.64255, "recall": 0.59684, "f1": 0.61885, "auc": 0.67805}
{"epoch": 87, "time_epoch": 8.02924, "eta": 98.4127, "eta_hours": 0.02734, "loss": 0.65494553, "lr": 4.112e-05, "params": 5289, "time_iter": 0.06423, "accuracy": 0.614, "precision": 0.62821, "recall": 0.58103, "f1": 0.6037, "auc": 0.65513}
{"epoch": 88, "time_epoch": 8.04813, "eta": 90.19274, "eta_hours": 0.02505, "loss": 0.67239053, "lr": 3.511e-05, "params": 5289, "time_iter": 0.06439, "accuracy": 0.608, "precision": 0.61826, "recall": 0.58893, "f1": 0.60324, "auc": 0.62943}
{"epoch": 89, "time_epoch": 8.03149, "eta": 81.97475, "eta_hours": 0.02277, "loss": 0.63026116, "lr": 2.956e-05, "params": 5289, "time_iter": 0.06425, "accuracy": 0.638, "precision": 0.65929, "recall": 0.58893, "f1": 0.62213, "auc": 0.69159}
{"epoch": 90, "time_epoch": 8.03927, "eta": 73.76163, "eta_hours": 0.02049, "loss": 0.65804793, "lr": 2.447e-05, "params": 5289, "time_iter": 0.06431, "accuracy": 0.614, "precision": 0.62397, "recall": 0.59684, "f1": 0.6101, "auc": 0.65459}
{"epoch": 91, "time_epoch": 8.06457, "eta": 65.55449, "eta_hours": 0.01821, "loss": 0.62749168, "lr": 1.985e-05, "params": 5289, "time_iter": 0.06452, "accuracy": 0.662, "precision": 0.675, "recall": 0.64032, "f1": 0.6572, "auc": 0.69088}
{"epoch": 92, "time_epoch": 8.03278, "eta": 57.34802, "eta_hours": 0.01593, "loss": 0.6439678, "lr": 1.571e-05, "params": 5289, "time_iter": 0.06426, "accuracy": 0.626, "precision": 0.63415, "recall": 0.6166, "f1": 0.62525, "auc": 0.66758}
{"epoch": 93, "time_epoch": 8.01262, "eta": 49.14396, "eta_hours": 0.01365, "loss": 0.63640205, "lr": 1.204e-05, "params": 5289, "time_iter": 0.0641, "accuracy": 0.66, "precision": 0.6766, "recall": 0.62846, "f1": 0.65164, "auc": 0.68039}
{"epoch": 94, "time_epoch": 8.05988, "eta": 40.94641, "eta_hours": 0.01137, "loss": 0.65218402, "lr": 8.86e-06, "params": 5289, "time_iter": 0.06448, "accuracy": 0.622, "precision": 0.63223, "recall": 0.60474, "f1": 0.61818, "auc": 0.66035}
{"epoch": 95, "time_epoch": 8.00146, "eta": 32.74931, "eta_hours": 0.0091, "loss": 0.64737192, "lr": 6.16e-06, "params": 5289, "time_iter": 0.06401, "accuracy": 0.64, "precision": 0.65801, "recall": 0.60079, "f1": 0.6281, "auc": 0.66802}
{"epoch": 96, "time_epoch": 8.00722, "eta": 24.55641, "eta_hours": 0.00682, "loss": 0.65671374, "lr": 3.94e-06, "params": 5289, "time_iter": 0.06406, "accuracy": 0.624, "precision": 0.63374, "recall": 0.6087, "f1": 0.62097, "auc": 0.65643}
{"epoch": 97, "time_epoch": 8.07403, "eta": 16.36866, "eta_hours": 0.00455, "loss": 0.6566833, "lr": 2.22e-06, "params": 5289, "time_iter": 0.06459, "accuracy": 0.61, "precision": 0.62393, "recall": 0.57708, "f1": 0.59959, "auc": 0.65878}
{"epoch": 98, "time_epoch": 8.00624, "eta": 8.18253, "eta_hours": 0.00227, "loss": 0.65546429, "lr": 9.9e-07, "params": 5289, "time_iter": 0.06405, "accuracy": 0.624, "precision": 0.6383, "recall": 0.59289, "f1": 0.61475, "auc": 0.65291}
{"epoch": 99, "time_epoch": 8.07693, "eta": 0.0, "eta_hours": 0.0, "loss": 0.66202703, "lr": 2.5e-07, "params": 5289, "time_iter": 0.06462, "accuracy": 0.618, "precision": 0.62602, "recall": 0.6087, "f1": 0.61723, "auc": 0.65032}
