{"epoch": 0, "time_epoch": 1.8361, "eta": 181.77436, "eta_hours": 0.05049, "loss": 0.7030999, "lr": 0.001, "params": 6247, "time_iter": 0.04832, "accuracy": 0.48, "precision": 0.0, "recall": 0.0, "f1": 0.0, "auc": 0.41649}
{"epoch": 1, "time_epoch": 1.92885, "eta": 184.48256, "eta_hours": 0.05125, "loss": 0.69591079, "lr": 0.00099975, "params": 6247, "time_iter": 0.05076, "accuracy": 0.48, "precision": 0.0, "recall": 0.0, "f1": 0.0, "auc": 0.51638}
{"epoch": 2, "time_epoch": 2.00265, "eta": 186.48573, "eta_hours": 0.0518, "loss": 0.69629244, "lr": 0.00099901, "params": 6247, "time_iter": 0.0527, "accuracy": 0.44667, "precision": 0.44898, "recall": 0.28205, "f1": 0.34646, "auc": 0.42646}
{"epoch": 3, "time_epoch": 1.98892, "eta": 186.15653, "eta_hours": 0.05171, "loss": 0.69352585, "lr": 0.00099778, "params": 6247, "time_iter": 0.05234, "accuracy": 0.49333, "precision": 0.52083, "recall": 0.32051, "f1": 0.39683, "auc": 0.50552}
{"epoch": 4, "time_epoch": 1.96674, "eta": 184.74197, "eta_hours": 0.05132, "loss": 0.69170542, "lr": 0.00099606, "params": 6247, "time_iter": 0.05176, "accuracy": 0.54667, "precision": 0.55, "recall": 0.70513, "f1": 0.61798, "auc": 0.54932}
{"epoch": 5, "time_epoch": 2.20211, "eta": 186.8309, "eta_hours": 0.0519, "loss": 0.69483359, "lr": 0.00099384, "params": 6247, "time_iter": 0.05795, "accuracy": 0.5, "precision": 0.51546, "recall": 0.64103, "f1": 0.57143, "auc": 0.45406}
{"epoch": 6, "time_epoch": 2.31991, "eta": 189.25878, "eta_hours": 0.05257, "loss": 0.68989058, "lr": 0.00099114, "params": 6247, "time_iter": 0.06105, "accuracy": 0.58667, "precision": 0.56349, "recall": 0.91026, "f1": 0.69608, "auc": 0.5479}
{"epoch": 7, "time_epoch": 2.06648, "eta": 187.58524, "eta_hours": 0.05211, "loss": 0.69366357, "lr": 0.00098796, "params": 6247, "time_iter": 0.05438, "accuracy": 0.53333, "precision": 0.52985, "recall": 0.91026, "f1": 0.66981, "auc": 0.48202}
{"epoch": 8, "time_epoch": 1.95492, "eta": 184.69646, "eta_hours": 0.0513, "loss": 0.69532458, "lr": 0.00098429, "params": 6247, "time_iter": 0.05145, "accuracy": 0.50667, "precision": 0.51429, "recall": 0.92308, "f1": 0.66055, "auc": 0.40937}
{"epoch": 9, "time_epoch": 2.05857, "eta": 182.92723, "eta_hours": 0.05081, "loss": 0.69235761, "lr": 0.00098015, "params": 6247, "time_iter": 0.05417, "accuracy": 0.52, "precision": 0.52, "recall": 1.0, "f1": 0.68421, "auc": 0.487}
{"epoch": 10, "time_epoch": 1.93383, "eta": 180.09619, "eta_hours": 0.05003, "loss": 0.69282033, "lr": 0.00097553, "params": 6247, "time_iter": 0.05089, "accuracy": 0.52667, "precision": 0.52381, "recall": 0.98718, "f1": 0.68444, "auc": 0.46154}
{"epoch": 11, "time_epoch": 1.91189, "eta": 177.25379, "eta_hours": 0.04924, "loss": 0.6904225, "lr": 0.00097044, "params": 6247, "time_iter": 0.05031, "accuracy": 0.54, "precision": 0.53237, "recall": 0.94872, "f1": 0.68203, "auc": 0.54523}
{"epoch": 12, "time_epoch": 2.05453, "eta": 175.50914, "eta_hours": 0.04875, "loss": 0.69140262, "lr": 0.00096489, "params": 6247, "time_iter": 0.05407, "accuracy": 0.52, "precision": 0.52113, "recall": 0.94872, "f1": 0.67273, "auc": 0.5406}
{"epoch": 13, "time_epoch": 2.11834, "eta": 174.11217, "eta_hours": 0.04836, "loss": 0.69215516, "lr": 0.00095888, "params": 6247, "time_iter": 0.05575, "accuracy": 0.53333, "precision": 0.52817, "recall": 0.96154, "f1": 0.68182, "auc": 0.49484}
{"epoch": 14, "time_epoch": 1.97153, "eta": 171.78711, "eta_hours": 0.04772, "loss": 0.6924233, "lr": 0.00095241, "params": 6247, "time_iter": 0.05188, "accuracy": 0.51333, "precision": 0.51773, "recall": 0.9359, "f1": 0.66667, "auc": 0.51246}
{"epoch": 15, "time_epoch": 1.9099, "eta": 169.18267, "eta_hours": 0.047, "loss": 0.69277095, "lr": 0.0009455, "params": 6247, "time_iter": 0.05026, "accuracy": 0.52, "precision": 0.52113, "recall": 0.94872, "f1": 0.67273, "auc": 0.48914}
{"epoch": 16, "time_epoch": 1.93206, "eta": 166.76813, "eta_hours": 0.04632, "loss": 0.69088994, "lr": 0.00093815, "params": 6247, "time_iter": 0.05084, "accuracy": 0.50667, "precision": 0.51408, "recall": 0.9359, "f1": 0.66364, "auc": 0.5235}
{"epoch": 17, "time_epoch": 1.96375, "eta": 164.55158, "eta_hours": 0.04571, "loss": 0.68973544, "lr": 0.00093037, "params": 6247, "time_iter": 0.05168, "accuracy": 0.54, "precision": 0.53543, "recall": 0.87179, "f1": 0.66341, "auc": 0.53152}
{"epoch": 18, "time_epoch": 1.96375, "eta": 162.36165, "eta_hours": 0.0451, "loss": 0.69019757, "lr": 0.00092216, "params": 6247, "time_iter": 0.05168, "accuracy": 0.54667, "precision": 0.53846, "recall": 0.89744, "f1": 0.67308, "auc": 0.54078}
{"epoch": 19, "time_epoch": 1.87554, "eta": 159.84149, "eta_hours": 0.0444, "loss": 0.68790543, "lr": 0.00091354, "params": 6247, "time_iter": 0.04936, "accuracy": 0.52667, "precision": 0.52632, "recall": 0.89744, "f1": 0.66351, "auc": 0.57568}
{"epoch": 20, "time_epoch": 1.86107, "eta": 157.32828, "eta_hours": 0.0437, "loss": 0.68800289, "lr": 0.00090451, "params": 6247, "time_iter": 0.04898, "accuracy": 0.56667, "precision": 0.55652, "recall": 0.82051, "f1": 0.66321, "auc": 0.58084}
{"epoch": 21, "time_epoch": 1.86302, "eta": 154.88128, "eta_hours": 0.04302, "loss": 0.68834176, "lr": 0.00089508, "params": 6247, "time_iter": 0.04903, "accuracy": 0.55333, "precision": 0.55046, "recall": 0.76923, "f1": 0.64171, "auc": 0.54398}
{"epoch": 22, "time_epoch": 1.97073, "eta": 152.84566, "eta_hours": 0.04246, "loss": 0.68653936, "lr": 0.00088526, "params": 6247, "time_iter": 0.05186, "accuracy": 0.57333, "precision": 0.5625, "recall": 0.80769, "f1": 0.66316, "auc": 0.56749}
{"epoch": 23, "time_epoch": 1.93483, "eta": 150.70176, "eta_hours": 0.04186, "loss": 0.69236392, "lr": 0.00087506, "params": 6247, "time_iter": 0.05092, "accuracy": 0.52667, "precision": 0.53097, "recall": 0.76923, "f1": 0.62827, "auc": 0.53472}
{"epoch": 24, "time_epoch": 1.9242, "eta": 148.54268, "eta_hours": 0.04126, "loss": 0.68367004, "lr": 0.00086448, "params": 6247, "time_iter": 0.05064, "accuracy": 0.52, "precision": 0.52778, "recall": 0.73077, "f1": 0.6129, "auc": 0.57924}
{"epoch": 25, "time_epoch": 1.92884, "eta": 146.41489, "eta_hours": 0.04067, "loss": 0.67776008, "lr": 0.00085355, "params": 6247, "time_iter": 0.05076, "accuracy": 0.55333, "precision": 0.55556, "recall": 0.70513, "f1": 0.62147, "auc": 0.59562}
{"epoch": 26, "time_epoch": 1.96674, "eta": 144.40431, "eta_hours": 0.04011, "loss": 0.68499745, "lr": 0.00084227, "params": 6247, "time_iter": 0.05176, "accuracy": 0.55333, "precision": 0.55238, "recall": 0.74359, "f1": 0.63388, "auc": 0.5495}
{"epoch": 27, "time_epoch": 1.93782, "eta": 142.32248, "eta_hours": 0.03953, "loss": 0.67645377, "lr": 0.00083066, "params": 6247, "time_iter": 0.051, "accuracy": 0.59333, "precision": 0.57658, "recall": 0.82051, "f1": 0.67725, "auc": 0.60132}
{"epoch": 28, "time_epoch": 1.9847, "eta": 140.36536, "eta_hours": 0.03899, "loss": 0.69361342, "lr": 0.00081871, "params": 6247, "time_iter": 0.05223, "accuracy": 0.50667, "precision": 0.51961, "recall": 0.67949, "f1": 0.58889, "auc": 0.50499}
{"epoch": 29, "time_epoch": 1.94081, "eta": 138.304, "eta_hours": 0.03842, "loss": 0.68465824, "lr": 0.00080645, "params": 6247, "time_iter": 0.05107, "accuracy": 0.54, "precision": 0.54128, "recall": 0.75641, "f1": 0.63102, "auc": 0.59384}
{"epoch": 30, "time_epoch": 1.9827, "eta": 136.34365, "eta_hours": 0.03787, "loss": 0.68236326, "lr": 0.00079389, "params": 6247, "time_iter": 0.05218, "accuracy": 0.56667, "precision": 0.56075, "recall": 0.76923, "f1": 0.64865, "auc": 0.55591}
{"epoch": 31, "time_epoch": 1.95777, "eta": 134.32892, "eta_hours": 0.03731, "loss": 0.68033382, "lr": 0.00078104, "params": 6247, "time_iter": 0.05152, "accuracy": 0.54667, "precision": 0.55319, "recall": 0.66667, "f1": 0.60465, "auc": 0.58761}
{"epoch": 32, "time_epoch": 1.96255, "eta": 132.32735, "eta_hours": 0.03676, "loss": 0.70149316, "lr": 0.00076791, "params": 6247, "time_iter": 0.05165, "accuracy": 0.49333, "precision": 0.5102, "recall": 0.64103, "f1": 0.56818, "auc": 0.4765}
{"epoch": 33, "time_epoch": 1.9099, "eta": 130.22586, "eta_hours": 0.03617, "loss": 0.68404551, "lr": 0.00075452, "params": 6247, "time_iter": 0.05026, "accuracy": 0.56, "precision": 0.55556, "recall": 0.76923, "f1": 0.64516, "auc": 0.58298}
{"epoch": 34, "time_epoch": 1.85804, "eta": 128.03902, "eta_hours": 0.03557, "loss": 0.69174138, "lr": 0.00074088, "params": 6247, "time_iter": 0.0489, "accuracy": 0.56, "precision": 0.55769, "recall": 0.74359, "f1": 0.63736, "auc": 0.53223}
{"epoch": 35, "time_epoch": 1.93188, "eta": 126.00171, "eta_hours": 0.035, "loss": 0.68250073, "lr": 0.000727, "params": 6247, "time_iter": 0.05084, "accuracy": 0.56, "precision": 0.5566, "recall": 0.75641, "f1": 0.6413, "auc": 0.58137}
{"epoch": 36, "time_epoch": 1.87898, "eta": 123.88003, "eta_hours": 0.03441, "loss": 0.6785024, "lr": 0.00071289, "params": 6247, "time_iter": 0.04945, "accuracy": 0.55333, "precision": 0.55046, "recall": 0.76923, "f1": 0.64171, "auc": 0.60844}
{"epoch": 37, "time_epoch": 1.90933, "eta": 121.82064, "eta_hours": 0.03384, "loss": 0.66833214, "lr": 0.00069857, "params": 6247, "time_iter": 0.05025, "accuracy": 0.58667, "precision": 0.57547, "recall": 0.78205, "f1": 0.66304, "auc": 0.63462}
{"epoch": 38, "time_epoch": 1.871, "eta": 119.709, "eta_hours": 0.03325, "loss": 0.69077587, "lr": 0.00068406, "params": 6247, "time_iter": 0.04924, "accuracy": 0.52667, "precision": 0.53608, "recall": 0.66667, "f1": 0.59429, "auc": 0.5333}
{"epoch": 39, "time_epoch": 1.88281, "eta": 117.62711, "eta_hours": 0.03267, "loss": 0.68423771, "lr": 0.00066937, "params": 6247, "time_iter": 0.04955, "accuracy": 0.54667, "precision": 0.5463, "recall": 0.75641, "f1": 0.63441, "auc": 0.56036}
{"epoch": 40, "time_epoch": 1.89593, "eta": 115.57382, "eta_hours": 0.0321, "loss": 0.68397528, "lr": 0.00065451, "params": 6247, "time_iter": 0.04989, "accuracy": 0.56, "precision": 0.5625, "recall": 0.69231, "f1": 0.62069, "auc": 0.56695}
{"epoch": 41, "time_epoch": 1.95178, "eta": 113.60514, "eta_hours": 0.03156, "loss": 0.67401523, "lr": 0.0006395, "params": 6247, "time_iter": 0.05136, "accuracy": 0.56667, "precision": 0.56566, "recall": 0.71795, "f1": 0.63277, "auc": 0.59081}
{"epoch": 42, "time_epoch": 1.93682, "eta": 111.61742, "eta_hours": 0.031, "loss": 0.67386943, "lr": 0.00062434, "params": 6247, "time_iter": 0.05097, "accuracy": 0.6, "precision": 0.58491, "recall": 0.79487, "f1": 0.67391, "auc": 0.59241}
{"epoch": 43, "time_epoch": 1.97474, "eta": 109.68027, "eta_hours": 0.03047, "loss": 0.67477689, "lr": 0.00060907, "params": 6247, "time_iter": 0.05197, "accuracy": 0.56, "precision": 0.56, "recall": 0.71795, "f1": 0.62921, "auc": 0.61289}
{"epoch": 44, "time_epoch": 1.94081, "eta": 107.69999, "eta_hours": 0.02992, "loss": 0.67032211, "lr": 0.00059369, "params": 6247, "time_iter": 0.05107, "accuracy": 0.56667, "precision": 0.56311, "recall": 0.74359, "f1": 0.64088, "auc": 0.62162}
{"epoch": 45, "time_epoch": 1.92785, "eta": 105.7062, "eta_hours": 0.02936, "loss": 0.67795061, "lr": 0.00057822, "params": 6247, "time_iter": 0.05073, "accuracy": 0.55333, "precision": 0.55914, "recall": 0.66667, "f1": 0.60819, "auc": 0.59954}
{"epoch": 46, "time_epoch": 1.95288, "eta": 103.74343, "eta_hours": 0.02882, "loss": 0.68588068, "lr": 0.00056267, "params": 6247, "time_iter": 0.05139, "accuracy": 0.56667, "precision": 0.56566, "recall": 0.71795, "f1": 0.63277, "auc": 0.57532}
{"epoch": 47, "time_epoch": 1.98569, "eta": 101.81664, "eta_hours": 0.02828, "loss": 0.67957459, "lr": 0.00054705, "params": 6247, "time_iter": 0.05226, "accuracy": 0.58, "precision": 0.57426, "recall": 0.74359, "f1": 0.64804, "auc": 0.58672}
{"epoch": 48, "time_epoch": 2.04653, "eta": 99.95076, "eta_hours": 0.02776, "loss": 0.69946569, "lr": 0.0005314, "params": 6247, "time_iter": 0.05386, "accuracy": 0.52, "precision": 0.53125, "recall": 0.65385, "f1": 0.58621, "auc": 0.50071}
{"epoch": 49, "time_epoch": 1.9942, "eta": 98.02532, "eta_hours": 0.02723, "loss": 0.69436599, "lr": 0.00051571, "params": 6247, "time_iter": 0.05248, "accuracy": 0.56, "precision": 0.56, "recall": 0.71795, "f1": 0.62921, "auc": 0.53241}
{"epoch": 50, "time_epoch": 1.96176, "eta": 96.06602, "eta_hours": 0.02669, "loss": 0.70418596, "lr": 0.0005, "params": 6247, "time_iter": 0.05163, "accuracy": 0.49333, "precision": 0.5102, "recall": 0.64103, "f1": 0.56818, "auc": 0.4797}
{"epoch": 51, "time_epoch": 1.94281, "eta": 94.08912, "eta_hours": 0.02614, "loss": 0.68072079, "lr": 0.00048429, "params": 6247, "time_iter": 0.05113, "accuracy": 0.54667, "precision": 0.54902, "recall": 0.71795, "f1": 0.62222, "auc": 0.57532}
{"epoch": 52, "time_epoch": 1.96625, "eta": 92.13431, "eta_hours": 0.02559, "loss": 0.67684101, "lr": 0.0004686, "params": 6247, "time_iter": 0.05174, "accuracy": 0.59333, "precision": 0.58416, "recall": 0.75641, "f1": 0.65922, "auc": 0.58707}
{"epoch": 53, "time_epoch": 1.91787, "eta": 90.13786, "eta_hours": 0.02504, "loss": 0.68509214, "lr": 0.00045295, "params": 6247, "time_iter": 0.05047, "accuracy": 0.61333, "precision": 0.58929, "recall": 0.84615, "f1": 0.69474, "auc": 0.54719}
{"epoch": 54, "time_epoch": 1.95777, "eta": 88.1769, "eta_hours": 0.02449, "loss": 0.69158057, "lr": 0.00043733, "params": 6247, "time_iter": 0.05152, "accuracy": 0.52, "precision": 0.52885, "recall": 0.70513, "f1": 0.6044, "auc": 0.50267}
{"epoch": 55, "time_epoch": 1.95282, "eta": 86.21218, "eta_hours": 0.02395, "loss": 0.67232153, "lr": 0.00042178, "params": 6247, "time_iter": 0.05139, "accuracy": 0.58, "precision": 0.57426, "recall": 0.74359, "f1": 0.64804, "auc": 0.60559}
{"epoch": 56, "time_epoch": 1.93483, "eta": 84.2343, "eta_hours": 0.0234, "loss": 0.67471564, "lr": 0.00040631, "params": 6247, "time_iter": 0.05092, "accuracy": 0.52667, "precision": 0.53398, "recall": 0.70513, "f1": 0.60773, "auc": 0.6015}
{"epoch": 57, "time_epoch": 1.89104, "eta": 82.22619, "eta_hours": 0.02284, "loss": 0.68033585, "lr": 0.00039093, "params": 6247, "time_iter": 0.04976, "accuracy": 0.54667, "precision": 0.55102, "recall": 0.69231, "f1": 0.61364, "auc": 0.58921}
{"epoch": 58, "time_epoch": 1.92785, "eta": 80.24763, "eta_hours": 0.02229, "loss": 0.68227729, "lr": 0.00037566, "params": 6247, "time_iter": 0.05073, "accuracy": 0.59333, "precision": 0.58763, "recall": 0.73077, "f1": 0.65143, "auc": 0.56214}
{"epoch": 59, "time_epoch": 1.92483, "eta": 78.26876, "eta_hours": 0.02174, "loss": 0.68054169, "lr": 0.0003605, "params": 6247, "time_iter": 0.05065, "accuracy": 0.52667, "precision": 0.53684, "recall": 0.65385, "f1": 0.5896, "auc": 0.58689}
{"epoch": 60, "time_epoch": 1.87603, "eta": 76.26045, "eta_hours": 0.02118, "loss": 0.69255088, "lr": 0.00034549, "params": 6247, "time_iter": 0.04937, "accuracy": 0.52667, "precision": 0.53465, "recall": 0.69231, "f1": 0.60335, "auc": 0.52813}
{"epoch": 61, "time_epoch": 1.88596, "eta": 74.26249, "eta_hours": 0.02063, "loss": 0.67302616, "lr": 0.00033063, "params": 6247, "time_iter": 0.04963, "accuracy": 0.62, "precision": 0.60606, "recall": 0.76923, "f1": 0.67797, "auc": 0.61271}
{"epoch": 62, "time_epoch": 1.97614, "eta": 72.32106, "eta_hours": 0.02009, "loss": 0.68700986, "lr": 0.00031594, "params": 6247, "time_iter": 0.052, "accuracy": 0.54667, "precision": 0.55, "recall": 0.70513, "f1": 0.61798, "auc": 0.52849}
{"epoch": 63, "time_epoch": 1.91491, "eta": 70.3441, "eta_hours": 0.01954, "loss": 0.66992521, "lr": 0.00030143, "params": 6247, "time_iter": 0.05039, "accuracy": 0.64, "precision": 0.61765, "recall": 0.80769, "f1": 0.7, "auc": 0.62963}
{"epoch": 64, "time_epoch": 1.91588, "eta": 68.36957, "eta_hours": 0.01899, "loss": 0.68983532, "lr": 0.00028711, "params": 6247, "time_iter": 0.05042, "accuracy": 0.53333, "precision": 0.53922, "recall": 0.70513, "f1": 0.61111, "auc": 0.54416}
{"epoch": 65, "time_epoch": 1.93383, "eta": 66.40606, "eta_hours": 0.01845, "loss": 0.69911914, "lr": 0.000273, "params": 6247, "time_iter": 0.05089, "accuracy": 0.5, "precision": 0.51546, "recall": 0.64103, "f1": 0.57143, "auc": 0.48558}
{"epoch": 66, "time_epoch": 1.90591, "eta": 64.42969, "eta_hours": 0.0179, "loss": 0.68890702, "lr": 0.00025912, "params": 6247, "time_iter": 0.05016, "accuracy": 0.50667, "precision": 0.51961, "recall": 0.67949, "f1": 0.58889, "auc": 0.53187}
{"epoch": 67, "time_epoch": 1.92286, "eta": 62.46337, "eta_hours": 0.01735, "loss": 0.6890875, "lr": 0.00024548, "params": 6247, "time_iter": 0.0506, "accuracy": 0.54667, "precision": 0.54808, "recall": 0.73077, "f1": 0.62637, "auc": 0.52244}
{"epoch": 68, "time_epoch": 1.92585, "eta": 60.49965, "eta_hours": 0.01681, "loss": 0.69327872, "lr": 0.00023209, "params": 6247, "time_iter": 0.05068, "accuracy": 0.51333, "precision": 0.52475, "recall": 0.67949, "f1": 0.59218, "auc": 0.51656}
{"epoch": 69, "time_epoch": 1.95354, "eta": 58.54888, "eta_hours": 0.01626, "loss": 0.68123962, "lr": 0.00021896, "params": 6247, "time_iter": 0.05141, "accuracy": 0.59333, "precision": 0.58095, "recall": 0.78205, "f1": 0.66667, "auc": 0.57817}
{"epoch": 70, "time_epoch": 1.97372, "eta": 56.60627, "eta_hours": 0.01572, "loss": 0.68216669, "lr": 0.00020611, "params": 6247, "time_iter": 0.05194, "accuracy": 0.58667, "precision": 0.57843, "recall": 0.75641, "f1": 0.65556, "auc": 0.56535}
{"epoch": 71, "time_epoch": 1.97572, "eta": 54.66358, "eta_hours": 0.01518, "loss": 0.6977609, "lr": 0.00019355, "params": 6247, "time_iter": 0.05199, "accuracy": 0.55333, "precision": 0.5534, "recall": 0.73077, "f1": 0.62983, "auc": 0.50249}
{"epoch": 72, "time_epoch": 1.92785, "eta": 52.70228, "eta_hours": 0.01464, "loss": 0.67540005, "lr": 0.00018129, "params": 6247, "time_iter": 0.05073, "accuracy": 0.60667, "precision": 0.58559, "recall": 0.83333, "f1": 0.68783, "auc": 0.60434}
{"epoch": 73, "time_epoch": 1.9259, "eta": 50.74119, "eta_hours": 0.01409, "loss": 0.69966032, "lr": 0.00016934, "params": 6247, "time_iter": 0.05068, "accuracy": 0.49333, "precision": 0.51, "recall": 0.65385, "f1": 0.57303, "auc": 0.49092}
{"epoch": 74, "time_epoch": 1.86003, "eta": 48.75909, "eta_hours": 0.01354, "loss": 0.67264528, "lr": 0.00015773, "params": 6247, "time_iter": 0.04895, "accuracy": 0.57333, "precision": 0.56731, "recall": 0.75641, "f1": 0.64835, "auc": 0.62215}
{"epoch": 75, "time_epoch": 1.90073, "eta": 46.79305, "eta_hours": 0.013, "loss": 0.69302605, "lr": 0.00014645, "params": 6247, "time_iter": 0.05002, "accuracy": 0.48667, "precision": 0.50495, "recall": 0.65385, "f1": 0.56983, "auc": 0.49715}
{"epoch": 76, "time_epoch": 1.89095, "eta": 44.82579, "eta_hours": 0.01245, "loss": 0.67436209, "lr": 0.00013552, "params": 6247, "time_iter": 0.04976, "accuracy": 0.58, "precision": 0.57282, "recall": 0.75641, "f1": 0.65193, "auc": 0.61948}
{"epoch": 77, "time_epoch": 1.88596, "eta": 42.85907, "eta_hours": 0.01191, "loss": 0.67141899, "lr": 0.00012494, "params": 6247, "time_iter": 0.04963, "accuracy": 0.62, "precision": 0.60396, "recall": 0.78205, "f1": 0.68156, "auc": 0.62037}
{"epoch": 78, "time_epoch": 1.91089, "eta": 40.90103, "eta_hours": 0.01136, "loss": 0.69443327, "lr": 0.00011474, "params": 6247, "time_iter": 0.05029, "accuracy": 0.50667, "precision": 0.52, "recall": 0.66667, "f1": 0.58427, "auc": 0.50623}
{"epoch": 79, "time_epoch": 1.90233, "eta": 38.94203, "eta_hours": 0.01082, "loss": 0.68455682, "lr": 0.00010492, "params": 6247, "time_iter": 0.05006, "accuracy": 0.54667, "precision": 0.54808, "recall": 0.73077, "f1": 0.62637, "auc": 0.57069}
{"epoch": 80, "time_epoch": 1.94779, "eta": 36.99509, "eta_hours": 0.01028, "loss": 0.67890004, "lr": 9.549e-05, "params": 6247, "time_iter": 0.05126, "accuracy": 0.55333, "precision": 0.5514, "recall": 0.75641, "f1": 0.63784, "auc": 0.56944}
{"epoch": 81, "time_epoch": 1.95677, "eta": 35.0501, "eta_hours": 0.00974, "loss": 0.69343719, "lr": 8.646e-05, "params": 6247, "time_iter": 0.05149, "accuracy": 0.53333, "precision": 0.53922, "recall": 0.70513, "f1": 0.61111, "auc": 0.51514}
{"epoch": 82, "time_epoch": 1.92785, "eta": 33.0989, "eta_hours": 0.00919, "loss": 0.69276359, "lr": 7.784e-05, "params": 6247, "time_iter": 0.05073, "accuracy": 0.55333, "precision": 0.5514, "recall": 0.75641, "f1": 0.63784, "auc": 0.51816}
{"epoch": 83, "time_epoch": 1.93162, "eta": 31.14898, "eta_hours": 0.00865, "loss": 0.69014494, "lr": 6.963e-05, "params": 6247, "time_iter": 0.05083, "accuracy": 0.50667, "precision": 0.52, "recall": 0.66667, "f1": 0.58427, "auc": 0.52635}
{"epoch": 84, "time_epoch": 1.91987, "eta": 29.19741, "eta_hours": 0.00811, "loss": 0.69114144, "lr": 6.185e-05, "params": 6247, "time_iter": 0.05052, "accuracy": 0.51333, "precision": 0.52525, "recall": 0.66667, "f1": 0.58757, "auc": 0.50588}
{"epoch": 85, "time_epoch": 1.89793, "eta": 27.24301, "eta_hours": 0.00757, "loss": 0.69093253, "lr": 5.45e-05, "params": 6247, "time_iter": 0.04995, "accuracy": 0.50667, "precision": 0.51887, "recall": 0.70513, "f1": 0.59783, "auc": 0.54274}
{"epoch": 86, "time_epoch": 1.93084, "eta": 25.29483, "eta_hours": 0.00703, "loss": 0.67779393, "lr": 4.759e-05, "params": 6247, "time_iter": 0.05081, "accuracy": 0.58667, "precision": 0.57692, "recall": 0.76923, "f1": 0.65934, "auc": 0.58743}
{"epoch": 87, "time_epoch": 1.87232, "eta": 23.33906, "eta_hours": 0.00648, "loss": 0.68531575, "lr": 4.112e-05, "params": 6247, "time_iter": 0.04927, "accuracy": 0.54, "precision": 0.54286, "recall": 0.73077, "f1": 0.62295, "auc": 0.55182}
{"epoch": 88, "time_epoch": 1.86701, "eta": 21.38451, "eta_hours": 0.00594, "loss": 0.69634681, "lr": 3.511e-05, "params": 6247, "time_iter": 0.04913, "accuracy": 0.56, "precision": 0.55769, "recall": 0.74359, "f1": 0.63736, "auc": 0.51674}
{"epoch": 89, "time_epoch": 1.86305, "eta": 19.43146, "eta_hours": 0.0054, "loss": 0.68095718, "lr": 2.956e-05, "params": 6247, "time_iter": 0.04903, "accuracy": 0.54667, "precision": 0.54717, "recall": 0.74359, "f1": 0.63043, "auc": 0.57176}
{"epoch": 90, "time_epoch": 1.85582, "eta": 17.47968, "eta_hours": 0.00486, "loss": 0.68891482, "lr": 2.447e-05, "params": 6247, "time_iter": 0.04884, "accuracy": 0.53333, "precision": 0.53846, "recall": 0.71795, "f1": 0.61538, "auc": 0.53294}
{"epoch": 91, "time_epoch": 1.88197, "eta": 15.53226, "eta_hours": 0.00431, "loss": 0.67053959, "lr": 1.985e-05, "params": 6247, "time_iter": 0.04953, "accuracy": 0.57333, "precision": 0.56863, "recall": 0.74359, "f1": 0.64444, "auc": 0.60773}
{"epoch": 92, "time_epoch": 1.92685, "eta": 13.58962, "eta_hours": 0.00377, "loss": 0.68431766, "lr": 1.571e-05, "params": 6247, "time_iter": 0.05071, "accuracy": 0.49333, "precision": 0.51042, "recall": 0.62821, "f1": 0.56322, "auc": 0.55431}
{"epoch": 93, "time_epoch": 1.88408, "eta": 11.64459, "eta_hours": 0.00323, "loss": 0.68310765, "lr": 1.204e-05, "params": 6247, "time_iter": 0.04958, "accuracy": 0.56, "precision": 0.5566, "recall": 0.75641, "f1": 0.6413, "auc": 0.56232}
{"epoch": 94, "time_epoch": 1.90192, "eta": 9.70178, "eta_hours": 0.00269, "loss": 0.68120529, "lr": 8.86e-06, "params": 6247, "time_iter": 0.05005, "accuracy": 0.54, "precision": 0.54737, "recall": 0.66667, "f1": 0.60116, "auc": 0.57194}
{"epoch": 95, "time_epoch": 1.86302, "eta": 7.7582, "eta_hours": 0.00216, "loss": 0.68105051, "lr": 6.16e-06, "params": 6247, "time_iter": 0.04903, "accuracy": 0.57333, "precision": 0.56604, "recall": 0.76923, "f1": 0.65217, "auc": 0.56677}
{"epoch": 96, "time_epoch": 1.8974, "eta": 5.81735, "eta_hours": 0.00162, "loss": 0.66570117, "lr": 3.94e-06, "params": 6247, "time_iter": 0.04993, "accuracy": 0.60667, "precision": 0.59406, "recall": 0.76923, "f1": 0.67039, "auc": 0.66987}
{"epoch": 97, "time_epoch": 1.90092, "eta": 3.87745, "eta_hours": 0.00108, "loss": 0.67571676, "lr": 2.22e-06, "params": 6247, "time_iter": 0.05002, "accuracy": 0.58, "precision": 0.57576, "recall": 0.73077, "f1": 0.64407, "auc": 0.60577}
{"epoch": 98, "time_epoch": 1.93383, "eta": 1.93868, "eta_hours": 0.00054, "loss": 0.67975415, "lr": 9.9e-07, "params": 6247, "time_iter": 0.05089, "accuracy": 0.58, "precision": 0.57426, "recall": 0.74359, "f1": 0.64804, "auc": 0.59669}
{"epoch": 99, "time_epoch": 1.88496, "eta": 0.0, "eta_hours": 0.0, "loss": 0.68883327, "lr": 2.5e-07, "params": 6247, "time_iter": 0.0496, "accuracy": 0.54, "precision": 0.54286, "recall": 0.73077, "f1": 0.62295, "auc": 0.53152}
