{"epoch": 0, "time_epoch": 35.14372, "eta": 3479.22874, "eta_hours": 0.96645, "loss": 0.66374741, "lr": 0.001, "params": 6759, "time_iter": 0.06837, "accuracy": 0.60613, "precision": 0.59755, "recall": 0.66182, "f1": 0.62805, "auc": 0.64277}
{"epoch": 1, "time_epoch": 22.21499, "eta": 2810.57713, "eta_hours": 0.78072, "loss": 0.65244586, "lr": 0.00099975, "params": 6759, "time_iter": 0.04322, "accuracy": 0.63389, "precision": 0.63283, "recall": 0.64632, "f1": 0.6395, "auc": 0.66593}
{"epoch": 2, "time_epoch": 22.22853, "eta": 2573.32098, "eta_hours": 0.71481, "loss": 0.64913734, "lr": 0.00099901, "params": 6759, "time_iter": 0.04325, "accuracy": 0.62999, "precision": 0.62523, "recall": 0.65795, "f1": 0.64117, "auc": 0.67205}
{"epoch": 3, "time_epoch": 22.19821, "eta": 2442.85087, "eta_hours": 0.67857, "loss": 0.64193854, "lr": 0.00099778, "params": 6759, "time_iter": 0.04319, "accuracy": 0.63048, "precision": 0.62466, "recall": 0.66279, "f1": 0.64316, "auc": 0.68581}
{"epoch": 4, "time_epoch": 22.17264, "eta": 2355.20385, "eta_hours": 0.65422, "loss": 0.64450823, "lr": 0.00099606, "params": 6759, "time_iter": 0.04314, "accuracy": 0.63535, "precision": 0.62899, "recall": 0.6686, "f1": 0.64819, "auc": 0.67957}
{"epoch": 5, "time_epoch": 22.16428, "eta": 2289.25058, "eta_hours": 0.6359, "loss": 0.63616723, "lr": 0.00099384, "params": 6759, "time_iter": 0.04312, "accuracy": 0.65579, "precision": 0.65258, "recall": 0.67345, "f1": 0.66285, "auc": 0.69499}
{"epoch": 6, "time_epoch": 22.15303, "eta": 2235.65898, "eta_hours": 0.62102, "loss": 0.634498, "lr": 0.00099114, "params": 6759, "time_iter": 0.0431, "accuracy": 0.65044, "precision": 0.65731, "recall": 0.63566, "f1": 0.64631, "auc": 0.69574}
{"epoch": 7, "time_epoch": 22.16673, "eta": 2190.08453, "eta_hours": 0.60836, "loss": 0.63067965, "lr": 0.00098796, "params": 6759, "time_iter": 0.04313, "accuracy": 0.64849, "precision": 0.65377, "recall": 0.63857, "f1": 0.64608, "auc": 0.7018}
{"epoch": 8, "time_epoch": 22.16741, "eta": 2149.71869, "eta_hours": 0.59714, "loss": 0.63296158, "lr": 0.00098429, "params": 6759, "time_iter": 0.04313, "accuracy": 0.63729, "precision": 0.635, "recall": 0.65407, "f1": 0.64439, "auc": 0.69248}
{"epoch": 9, "time_epoch": 22.17378, "eta": 2113.04985, "eta_hours": 0.58696, "loss": 0.62738013, "lr": 0.00098015, "params": 6759, "time_iter": 0.04314, "accuracy": 0.64216, "precision": 0.64688, "recall": 0.63372, "f1": 0.64023, "auc": 0.70587}
{"epoch": 10, "time_epoch": 22.16421, "eta": 2078.93904, "eta_hours": 0.57748, "loss": 0.62169373, "lr": 0.00097553, "params": 6759, "time_iter": 0.04312, "accuracy": 0.65531, "precision": 0.6514, "recall": 0.67539, "f1": 0.66318, "auc": 0.71317}
{"epoch": 11, "time_epoch": 22.16547, "eta": 2046.82863, "eta_hours": 0.56856, "loss": 0.61719247, "lr": 0.00097044, "params": 6759, "time_iter": 0.04312, "accuracy": 0.6631, "precision": 0.66409, "recall": 0.66667, "f1": 0.66538, "auc": 0.72223}
{"epoch": 12, "time_epoch": 22.14393, "eta": 2016.10405, "eta_hours": 0.56003, "loss": 0.61669946, "lr": 0.00096489, "params": 6759, "time_iter": 0.04308, "accuracy": 0.66164, "precision": 0.66063, "recall": 0.67151, "f1": 0.66603, "auc": 0.71862}
{"epoch": 13, "time_epoch": 22.17611, "eta": 1986.80292, "eta_hours": 0.55189, "loss": 0.60171202, "lr": 0.00095888, "params": 6759, "time_iter": 0.04314, "accuracy": 0.66699, "precision": 0.66603, "recall": 0.67636, "f1": 0.67115, "auc": 0.73906}
{"epoch": 14, "time_epoch": 22.17715, "eta": 1958.45773, "eta_hours": 0.54402, "loss": 0.59824371, "lr": 0.00095241, "params": 6759, "time_iter": 0.04315, "accuracy": 0.67819, "precision": 0.67684, "recall": 0.68798, "f1": 0.68236, "auc": 0.74923}
{"epoch": 15, "time_epoch": 22.18613, "eta": 1930.93068, "eta_hours": 0.53637, "loss": 0.59300838, "lr": 0.0009455, "params": 6759, "time_iter": 0.04316, "accuracy": 0.68062, "precision": 0.68077, "recall": 0.68605, "f1": 0.6834, "auc": 0.7578}
{"epoch": 16, "time_epoch": 22.15942, "eta": 1903.90154, "eta_hours": 0.52886, "loss": 0.59660687, "lr": 0.00093815, "params": 6759, "time_iter": 0.04311, "accuracy": 0.69231, "precision": 0.69268, "recall": 0.69671, "f1": 0.69469, "auc": 0.75553}
{"epoch": 17, "time_epoch": 26.38052, "eta": 1896.64294, "eta_hours": 0.52685, "loss": 0.59127314, "lr": 0.00093037, "params": 6759, "time_iter": 0.05132, "accuracy": 0.68841, "precision": 0.68491, "recall": 0.70349, "f1": 0.69407, "auc": 0.7646}
{"epoch": 18, "time_epoch": 27.09997, "eta": 1890.43866, "eta_hours": 0.52512, "loss": 0.5903863, "lr": 0.00092216, "params": 6759, "time_iter": 0.05272, "accuracy": 0.7074, "precision": 0.70902, "recall": 0.70833, "f1": 0.70868, "auc": 0.76768}
{"epoch": 19, "time_epoch": 22.18455, "eta": 1862.48312, "eta_hours": 0.51736, "loss": 0.58818082, "lr": 0.00091354, "params": 6759, "time_iter": 0.04316, "accuracy": 0.69815, "precision": 0.69656, "recall": 0.70736, "f1": 0.70192, "auc": 0.77106}
{"epoch": 20, "time_epoch": 22.16457, "eta": 1835.00204, "eta_hours": 0.50972, "loss": 0.59621077, "lr": 0.00090451, "params": 6759, "time_iter": 0.04312, "accuracy": 0.69669, "precision": 0.6972, "recall": 0.70058, "f1": 0.69889, "auc": 0.76439}
{"epoch": 21, "time_epoch": 22.19743, "eta": 1808.12075, "eta_hours": 0.50226, "loss": 0.57187403, "lr": 0.00089508, "params": 6759, "time_iter": 0.04319, "accuracy": 0.70204, "precision": 0.71169, "recall": 0.68411, "f1": 0.69763, "auc": 0.7833}
{"epoch": 22, "time_epoch": 22.1518, "eta": 1781.49402, "eta_hours": 0.49486, "loss": 0.57564745, "lr": 0.00088526, "params": 6759, "time_iter": 0.0431, "accuracy": 0.71324, "precision": 0.71319, "recall": 0.71802, "f1": 0.7156, "auc": 0.785}
{"epoch": 23, "time_epoch": 22.15303, "eta": 1755.24408, "eta_hours": 0.48757, "loss": 0.57298181, "lr": 0.00087506, "params": 6759, "time_iter": 0.0431, "accuracy": 0.71373, "precision": 0.71305, "recall": 0.71996, "f1": 0.71649, "auc": 0.78891}
{"epoch": 24, "time_epoch": 22.12873, "eta": 1729.24901, "eta_hours": 0.48035, "loss": 0.59206327, "lr": 0.00086448, "params": 6759, "time_iter": 0.04305, "accuracy": 0.69718, "precision": 0.70541, "recall": 0.68217, "f1": 0.6936, "auc": 0.7747}
{"epoch": 25, "time_epoch": 22.12146, "eta": 1703.53065, "eta_hours": 0.4732, "loss": 0.57342428, "lr": 0.00085355, "params": 6759, "time_iter": 0.04304, "accuracy": 0.71227, "precision": 0.71346, "recall": 0.71415, "f1": 0.7138, "auc": 0.79104}
{"epoch": 26, "time_epoch": 22.13943, "eta": 1678.12733, "eta_hours": 0.46615, "loss": 0.59981173, "lr": 0.00084227, "params": 6759, "time_iter": 0.04307, "accuracy": 0.71032, "precision": 0.71111, "recall": 0.71318, "f1": 0.71214, "auc": 0.77854}
{"epoch": 27, "time_epoch": 22.13901, "eta": 1652.95604, "eta_hours": 0.45915, "loss": 0.58103187, "lr": 0.00083066, "params": 6759, "time_iter": 0.04307, "accuracy": 0.69961, "precision": 0.70204, "recall": 0.69864, "f1": 0.70034, "auc": 0.78407}
{"epoch": 28, "time_epoch": 22.14905, "eta": 1628.01846, "eta_hours": 0.45223, "loss": 0.57197113, "lr": 0.00081871, "params": 6759, "time_iter": 0.04309, "accuracy": 0.72785, "precision": 0.72939, "recall": 0.72868, "f1": 0.72904, "auc": 0.7966}
{"epoch": 29, "time_epoch": 22.14639, "eta": 1603.26057, "eta_hours": 0.44535, "loss": 0.58869862, "lr": 0.00080645, "params": 6759, "time_iter": 0.04309, "accuracy": 0.69912, "precision": 0.70215, "recall": 0.69671, "f1": 0.69942, "auc": 0.77996}
{"epoch": 30, "time_epoch": 22.11856, "eta": 1578.60923, "eta_hours": 0.4385, "loss": 0.58688974, "lr": 0.00079389, "params": 6759, "time_iter": 0.04303, "accuracy": 0.71324, "precision": 0.72533, "recall": 0.69089, "f1": 0.70769, "auc": 0.78366}
{"epoch": 31, "time_epoch": 22.121, "eta": 1554.12137, "eta_hours": 0.4317, "loss": 0.56367215, "lr": 0.00078104, "params": 6759, "time_iter": 0.04304, "accuracy": 0.72152, "precision": 0.72505, "recall": 0.71802, "f1": 0.72152, "auc": 0.795}
{"epoch": 32, "time_epoch": 22.14312, "eta": 1529.82187, "eta_hours": 0.42495, "loss": 0.57849919, "lr": 0.00076791, "params": 6759, "time_iter": 0.04308, "accuracy": 0.71665, "precision": 0.71887, "recall": 0.71609, "f1": 0.71748, "auc": 0.78911}
{"epoch": 33, "time_epoch": 22.6525, "eta": 1506.63802, "eta_hours": 0.41851, "loss": 0.56870874, "lr": 0.00075452, "params": 6759, "time_iter": 0.04407, "accuracy": 0.72103, "precision": 0.7239, "recall": 0.71899, "f1": 0.72144, "auc": 0.7963}
{"epoch": 34, "time_epoch": 26.95312, "eta": 1491.47138, "eta_hours": 0.4143, "loss": 0.56732681, "lr": 0.00074088, "params": 6759, "time_iter": 0.05244, "accuracy": 0.73126, "precision": 0.74, "recall": 0.71705, "f1": 0.72835, "auc": 0.80274}
{"epoch": 35, "time_epoch": 26.88395, "eta": 1475.52698, "eta_hours": 0.40987, "loss": 0.56712448, "lr": 0.000727, "params": 6759, "time_iter": 0.0523, "accuracy": 0.72736, "precision": 0.73228, "recall": 0.72093, "f1": 0.72656, "auc": 0.8062}
{"epoch": 36, "time_epoch": 26.93196, "eta": 1459.073, "eta_hours": 0.4053, "loss": 0.57826214, "lr": 0.00071289, "params": 6759, "time_iter": 0.0524, "accuracy": 0.71665, "precision": 0.72016, "recall": 0.71318, "f1": 0.71665, "auc": 0.79914}
{"epoch": 37, "time_epoch": 26.92309, "eta": 1442.05308, "eta_hours": 0.40057, "loss": 0.56204974, "lr": 0.00069857, "params": 6759, "time_iter": 0.05238, "accuracy": 0.72541, "precision": 0.72718, "recall": 0.72578, "f1": 0.72648, "auc": 0.8056}
{"epoch": 38, "time_epoch": 26.91954, "eta": 1424.51974, "eta_hours": 0.3957, "loss": 0.56540988, "lr": 0.00068406, "params": 6759, "time_iter": 0.05237, "accuracy": 0.72444, "precision": 0.72754, "recall": 0.7219, "f1": 0.72471, "auc": 0.80445}
{"epoch": 39, "time_epoch": 27.03148, "eta": 1406.685, "eta_hours": 0.39075, "loss": 0.57113839, "lr": 0.00066937, "params": 6759, "time_iter": 0.05259, "accuracy": 0.73515, "precision": 0.73507, "recall": 0.73934, "f1": 0.7372, "auc": 0.8048}
{"epoch": 40, "time_epoch": 23.50811, "eta": 1383.33143, "eta_hours": 0.38426, "loss": 0.56532614, "lr": 0.00065451, "params": 6759, "time_iter": 0.04574, "accuracy": 0.71908, "precision": 0.71483, "recall": 0.73353, "f1": 0.72406, "auc": 0.79983}
{"epoch": 41, "time_epoch": 22.10234, "eta": 1358.02919, "eta_hours": 0.37723, "loss": 0.56878749, "lr": 0.0006395, "params": 6759, "time_iter": 0.043, "accuracy": 0.74148, "precision": 0.7468, "recall": 0.7345, "f1": 0.7406, "auc": 0.80844}
{"epoch": 42, "time_epoch": 22.11579, "eta": 1332.89362, "eta_hours": 0.37025, "loss": 0.55086855, "lr": 0.00062434, "params": 6759, "time_iter": 0.04303, "accuracy": 0.73905, "precision": 0.7344, "recall": 0.75291, "f1": 0.74354, "auc": 0.81427}
{"epoch": 43, "time_epoch": 22.10171, "eta": 1307.87738, "eta_hours": 0.3633, "loss": 0.55994315, "lr": 0.00060907, "params": 6759, "time_iter": 0.043, "accuracy": 0.73807, "precision": 0.73796, "recall": 0.74225, "f1": 0.7401, "auc": 0.81082}
{"epoch": 44, "time_epoch": 22.09824, "eta": 1282.98645, "eta_hours": 0.35639, "loss": 0.55041385, "lr": 0.00059369, "params": 6759, "time_iter": 0.04299, "accuracy": 0.7298, "precision": 0.73359, "recall": 0.72578, "f1": 0.72966, "auc": 0.81249}
{"epoch": 45, "time_epoch": 22.13745, "eta": 1258.26297, "eta_hours": 0.34952, "loss": 0.55389069, "lr": 0.00057822, "params": 6759, "time_iter": 0.04307, "accuracy": 0.7444, "precision": 0.74305, "recall": 0.75097, "f1": 0.74699, "auc": 0.81945}
{"epoch": 46, "time_epoch": 22.09884, "eta": 1233.60599, "eta_hours": 0.34267, "loss": 0.56159536, "lr": 0.00056267, "params": 6759, "time_iter": 0.04299, "accuracy": 0.73174, "precision": 0.73418, "recall": 0.73062, "f1": 0.73239, "auc": 0.81101}
{"epoch": 47, "time_epoch": 22.09344, "eta": 1209.04975, "eta_hours": 0.33585, "loss": 0.55668526, "lr": 0.00054705, "params": 6759, "time_iter": 0.04298, "accuracy": 0.73272, "precision": 0.73607, "recall": 0.72965, "f1": 0.73285, "auc": 0.81422}
{"epoch": 48, "time_epoch": 22.11914, "eta": 1184.62077, "eta_hours": 0.32906, "loss": 0.55535097, "lr": 0.0005314, "params": 6759, "time_iter": 0.04303, "accuracy": 0.74294, "precision": 0.74324, "recall": 0.74612, "f1": 0.74468, "auc": 0.81768}
{"epoch": 49, "time_epoch": 22.09903, "eta": 1160.26409, "eta_hours": 0.3223, "loss": 0.57643463, "lr": 0.00051571, "params": 6759, "time_iter": 0.04299, "accuracy": 0.74148, "precision": 0.7388, "recall": 0.75097, "f1": 0.74483, "auc": 0.81009}
{"epoch": 50, "time_epoch": 22.12512, "eta": 1136.02101, "eta_hours": 0.31556, "loss": 0.54467339, "lr": 0.0005, "params": 6759, "time_iter": 0.04304, "accuracy": 0.74294, "precision": 0.73729, "recall": 0.75872, "f1": 0.74785, "auc": 0.82279}
{"epoch": 51, "time_epoch": 22.11187, "eta": 1111.84715, "eta_hours": 0.30885, "loss": 0.54678491, "lr": 0.00048429, "params": 6759, "time_iter": 0.04302, "accuracy": 0.75316, "precision": 0.7556, "recall": 0.75194, "f1": 0.75376, "auc": 0.82322}
{"epoch": 52, "time_epoch": 22.10692, "eta": 1087.74672, "eta_hours": 0.30215, "loss": 0.5489227, "lr": 0.0004686, "params": 6759, "time_iter": 0.04301, "accuracy": 0.74294, "precision": 0.751, "recall": 0.73062, "f1": 0.74067, "auc": 0.82448}
{"epoch": 53, "time_epoch": 22.12617, "eta": 1063.73652, "eta_hours": 0.29548, "loss": 0.55943948, "lr": 0.00045295, "params": 6759, "time_iter": 0.04305, "accuracy": 0.74927, "precision": 0.75024, "recall": 0.75097, "f1": 0.75061, "auc": 0.82424}
{"epoch": 54, "time_epoch": 22.11569, "eta": 1039.78625, "eta_hours": 0.28883, "loss": 0.54968778, "lr": 0.00043733, "params": 6759, "time_iter": 0.04303, "accuracy": 0.73905, "precision": 0.73619, "recall": 0.74903, "f1": 0.74256, "auc": 0.8167}
{"epoch": 55, "time_epoch": 22.09968, "eta": 1015.88892, "eta_hours": 0.28219, "loss": 0.54384096, "lr": 0.00042178, "params": 6759, "time_iter": 0.043, "accuracy": 0.75657, "precision": 0.75825, "recall": 0.75678, "f1": 0.75752, "auc": 0.83129}
{"epoch": 56, "time_epoch": 22.13422, "eta": 992.08073, "eta_hours": 0.27558, "loss": 0.55305799, "lr": 0.00040631, "params": 6759, "time_iter": 0.04306, "accuracy": 0.7444, "precision": 0.74493, "recall": 0.74709, "f1": 0.74601, "auc": 0.81872}
{"epoch": 57, "time_epoch": 22.11787, "eta": 968.31842, "eta_hours": 0.26898, "loss": 0.5318485, "lr": 0.00039093, "params": 6759, "time_iter": 0.04303, "accuracy": 0.74343, "precision": 0.73888, "recall": 0.75678, "f1": 0.74773, "auc": 0.83005}
{"epoch": 58, "time_epoch": 22.12488, "eta": 944.61672, "eta_hours": 0.26239, "loss": 0.53851399, "lr": 0.00037566, "params": 6759, "time_iter": 0.04304, "accuracy": 0.7556, "precision": 0.75778, "recall": 0.75484, "f1": 0.75631, "auc": 0.82935}
{"epoch": 59, "time_epoch": 22.11945, "eta": 920.96397, "eta_hours": 0.25582, "loss": 0.54431207, "lr": 0.0003605, "params": 6759, "time_iter": 0.04303, "accuracy": 0.75463, "precision": 0.74859, "recall": 0.77035, "f1": 0.75931, "auc": 0.82912}
{"epoch": 60, "time_epoch": 22.1079, "eta": 897.3541, "eta_hours": 0.24927, "loss": 0.55726564, "lr": 0.00034549, "params": 6759, "time_iter": 0.04301, "accuracy": 0.76144, "precision": 0.7528, "recall": 0.78198, "f1": 0.76711, "auc": 0.8263}
{"epoch": 61, "time_epoch": 22.11877, "eta": 873.79935, "eta_hours": 0.24272, "loss": 0.54483633, "lr": 0.00033063, "params": 6759, "time_iter": 0.04303, "accuracy": 0.75803, "precision": 0.75796, "recall": 0.76163, "f1": 0.75979, "auc": 0.82998}
{"epoch": 62, "time_epoch": 22.11551, "eta": 850.28827, "eta_hours": 0.23619, "loss": 0.5463655, "lr": 0.00031594, "params": 6759, "time_iter": 0.04303, "accuracy": 0.75609, "precision": 0.7531, "recall": 0.7655, "f1": 0.75925, "auc": 0.82968}
{"epoch": 63, "time_epoch": 22.10079, "eta": 826.81252, "eta_hours": 0.22967, "loss": 0.53446673, "lr": 0.00030143, "params": 6759, "time_iter": 0.043, "accuracy": 0.75949, "precision": 0.75473, "recall": 0.77229, "f1": 0.76341, "auc": 0.83464}
{"epoch": 64, "time_epoch": 22.11661, "eta": 803.38759, "eta_hours": 0.22316, "loss": 0.5463504, "lr": 0.00028711, "params": 6759, "time_iter": 0.04303, "accuracy": 0.75803, "precision": 0.76047, "recall": 0.75678, "f1": 0.75862, "auc": 0.83173}
{"epoch": 65, "time_epoch": 22.10411, "eta": 779.99588, "eta_hours": 0.21667, "loss": 0.54002146, "lr": 0.000273, "params": 6759, "time_iter": 0.043, "accuracy": 0.74927, "precision": 0.75024, "recall": 0.75097, "f1": 0.75061, "auc": 0.83031}
{"epoch": 66, "time_epoch": 22.12839, "eta": 756.65456, "eta_hours": 0.21018, "loss": 0.54546422, "lr": 0.00025912, "params": 6759, "time_iter": 0.04305, "accuracy": 0.75316, "precision": 0.74741, "recall": 0.76841, "f1": 0.75776, "auc": 0.83118}
{"epoch": 67, "time_epoch": 22.11691, "eta": 733.34351, "eta_hours": 0.20371, "loss": 0.53501075, "lr": 0.00024548, "params": 6759, "time_iter": 0.04303, "accuracy": 0.75706, "precision": 0.75699, "recall": 0.76066, "f1": 0.75882, "auc": 0.83573}
{"epoch": 68, "time_epoch": 22.09855, "eta": 710.05882, "eta_hours": 0.19724, "loss": 0.53257235, "lr": 0.00023209, "params": 6759, "time_iter": 0.04299, "accuracy": 0.75219, "precision": 0.74462, "recall": 0.77132, "f1": 0.75773, "auc": 0.83662}
{"epoch": 69, "time_epoch": 22.12118, "eta": 686.81772, "eta_hours": 0.19078, "loss": 0.54007947, "lr": 0.00021896, "params": 6759, "time_iter": 0.04304, "accuracy": 0.75949, "precision": 0.7627, "recall": 0.75678, "f1": 0.75973, "auc": 0.83819}
{"epoch": 70, "time_epoch": 22.11744, "eta": 663.60664, "eta_hours": 0.18434, "loss": 0.52889844, "lr": 0.00020611, "params": 6759, "time_iter": 0.04303, "accuracy": 0.75073, "precision": 0.74528, "recall": 0.7655, "f1": 0.75526, "auc": 0.83856}
{"epoch": 71, "time_epoch": 22.12071, "eta": 640.42721, "eta_hours": 0.1779, "loss": 0.53423721, "lr": 0.00019355, "params": 6759, "time_iter": 0.04304, "accuracy": 0.76826, "precision": 0.76938, "recall": 0.76938, "f1": 0.76938, "auc": 0.84316}
{"epoch": 72, "time_epoch": 22.28918, "eta": 617.3391, "eta_hours": 0.17148, "loss": 0.53493684, "lr": 0.00018129, "params": 6759, "time_iter": 0.04336, "accuracy": 0.75414, "precision": 0.75312, "recall": 0.75969, "f1": 0.75639, "auc": 0.8363}
{"epoch": 73, "time_epoch": 22.1206, "eta": 594.21335, "eta_hours": 0.16506, "loss": 0.53167794, "lr": 0.00016934, "params": 6759, "time_iter": 0.04304, "accuracy": 0.76047, "precision": 0.75568, "recall": 0.77326, "f1": 0.76437, "auc": 0.83788}
{"epoch": 74, "time_epoch": 22.1338, "eta": 571.1188, "eta_hours": 0.15864, "loss": 0.53124802, "lr": 0.00015773, "params": 6759, "time_iter": 0.04306, "accuracy": 0.76144, "precision": 0.75712, "recall": 0.77326, "f1": 0.7651, "auc": 0.84098}
{"epoch": 75, "time_epoch": 22.1291, "eta": 548.04806, "eta_hours": 0.15224, "loss": 0.53123798, "lr": 0.00014645, "params": 6759, "time_iter": 0.04305, "accuracy": 0.75803, "precision": 0.75845, "recall": 0.76066, "f1": 0.75955, "auc": 0.83942}
{"epoch": 76, "time_epoch": 22.14457, "eta": 525.00639, "eta_hours": 0.14584, "loss": 0.52421353, "lr": 0.00013552, "params": 6759, "time_iter": 0.04308, "accuracy": 0.76923, "precision": 0.76983, "recall": 0.77132, "f1": 0.77057, "auc": 0.84504}
{"epoch": 77, "time_epoch": 22.14254, "eta": 501.98715, "eta_hours": 0.13944, "loss": 0.53411408, "lr": 0.00012494, "params": 6759, "time_iter": 0.04308, "accuracy": 0.76144, "precision": 0.76058, "recall": 0.76647, "f1": 0.76351, "auc": 0.8369}
{"epoch": 78, "time_epoch": 22.14976, "eta": 478.99202, "eta_hours": 0.13305, "loss": 0.51560397, "lr": 0.00011474, "params": 6759, "time_iter": 0.04309, "accuracy": 0.77897, "precision": 0.77316, "recall": 0.79264, "f1": 0.78278, "auc": 0.84907}
{"epoch": 79, "time_epoch": 22.13635, "eta": 456.01468, "eta_hours": 0.12667, "loss": 0.53237571, "lr": 0.00010492, "params": 6759, "time_iter": 0.04307, "accuracy": 0.76339, "precision": 0.76712, "recall": 0.75969, "f1": 0.76339, "auc": 0.84084}
{"epoch": 80, "time_epoch": 22.15062, "eta": 433.06145, "eta_hours": 0.12029, "loss": 0.53448743, "lr": 9.549e-05, "params": 6759, "time_iter": 0.04309, "accuracy": 0.76582, "precision": 0.7667, "recall": 0.76744, "f1": 0.76707, "auc": 0.84348}
{"epoch": 81, "time_epoch": 22.11197, "eta": 410.11931, "eta_hours": 0.11392, "loss": 0.52388478, "lr": 8.646e-05, "params": 6759, "time_iter": 0.04302, "accuracy": 0.76777, "precision": 0.76204, "recall": 0.78198, "f1": 0.77188, "auc": 0.84651}
{"epoch": 82, "time_epoch": 22.10859, "eta": 387.19649, "eta_hours": 0.10755, "loss": 0.55115682, "lr": 7.784e-05, "params": 6759, "time_iter": 0.04301, "accuracy": 0.75414, "precision": 0.75071, "recall": 0.76453, "f1": 0.75756, "auc": 0.83475}
{"epoch": 83, "time_epoch": 22.1344, "eta": 364.29796, "eta_hours": 0.10119, "loss": 0.5299308, "lr": 6.963e-05, "params": 6759, "time_iter": 0.04306, "accuracy": 0.7668, "precision": 0.76159, "recall": 0.78004, "f1": 0.7707, "auc": 0.84386}
{"epoch": 84, "time_epoch": 22.11382, "eta": 341.41379, "eta_hours": 0.09484, "loss": 0.5239128, "lr": 6.185e-05, "params": 6759, "time_iter": 0.04302, "accuracy": 0.7702, "precision": 0.77027, "recall": 0.77326, "f1": 0.77176, "auc": 0.84609}
{"epoch": 85, "time_epoch": 22.23828, "eta": 318.56779, "eta_hours": 0.08849, "loss": 0.53463369, "lr": 5.45e-05, "params": 6759, "time_iter": 0.04327, "accuracy": 0.76047, "precision": 0.75813, "recall": 0.76841, "f1": 0.76323, "auc": 0.84128}
{"epoch": 86, "time_epoch": 22.21243, "eta": 295.73189, "eta_hours": 0.08215, "loss": 0.53292745, "lr": 4.759e-05, "params": 6759, "time_iter": 0.04321, "accuracy": 0.7629, "precision": 0.76177, "recall": 0.76841, "f1": 0.76507, "auc": 0.84127}
{"epoch": 87, "time_epoch": 22.1769, "eta": 272.90533, "eta_hours": 0.07581, "loss": 0.52369862, "lr": 4.112e-05, "params": 6759, "time_iter": 0.04315, "accuracy": 0.76582, "precision": 0.76263, "recall": 0.77519, "f1": 0.76886, "auc": 0.84783}
{"epoch": 88, "time_epoch": 22.22195, "eta": 250.09893, "eta_hours": 0.06947, "loss": 0.53032866, "lr": 3.511e-05, "params": 6759, "time_iter": 0.04323, "accuracy": 0.76826, "precision": 0.77308, "recall": 0.7626, "f1": 0.7678, "auc": 0.84485}
{"epoch": 89, "time_epoch": 22.16721, "eta": 227.29943, "eta_hours": 0.06314, "loss": 0.51412627, "lr": 2.956e-05, "params": 6759, "time_iter": 0.04313, "accuracy": 0.76826, "precision": 0.76476, "recall": 0.7781, "f1": 0.77137, "auc": 0.84902}
{"epoch": 90, "time_epoch": 22.20125, "eta": 204.5172, "eta_hours": 0.05681, "loss": 0.52807518, "lr": 2.447e-05, "params": 6759, "time_iter": 0.04319, "accuracy": 0.75803, "precision": 0.7526, "recall": 0.77229, "f1": 0.76231, "auc": 0.84198}
{"epoch": 91, "time_epoch": 22.20587, "eta": 181.748, "eta_hours": 0.05049, "loss": 0.52325324, "lr": 1.985e-05, "params": 6759, "time_iter": 0.0432, "accuracy": 0.77118, "precision": 0.77124, "recall": 0.77422, "f1": 0.77273, "auc": 0.8446}
{"epoch": 92, "time_epoch": 22.16855, "eta": 158.98811, "eta_hours": 0.04416, "loss": 0.51673511, "lr": 1.571e-05, "params": 6759, "time_iter": 0.04313, "accuracy": 0.76923, "precision": 0.76724, "recall": 0.77616, "f1": 0.77168, "auc": 0.8492}
{"epoch": 93, "time_epoch": 22.18255, "eta": 136.24169, "eta_hours": 0.03784, "loss": 0.52025698, "lr": 1.204e-05, "params": 6759, "time_iter": 0.04316, "accuracy": 0.77167, "precision": 0.76989, "recall": 0.7781, "f1": 0.77398, "auc": 0.84505}
{"epoch": 94, "time_epoch": 22.20337, "eta": 113.50824, "eta_hours": 0.03153, "loss": 0.52592802, "lr": 8.86e-06, "params": 6759, "time_iter": 0.0432, "accuracy": 0.7668, "precision": 0.76409, "recall": 0.77519, "f1": 0.7696, "auc": 0.84446}
{"epoch": 95, "time_epoch": 22.17576, "eta": 90.78468, "eta_hours": 0.02522, "loss": 0.51795201, "lr": 6.16e-06, "params": 6759, "time_iter": 0.04314, "accuracy": 0.76777, "precision": 0.7676, "recall": 0.77132, "f1": 0.76945, "auc": 0.84781}
{"epoch": 96, "time_epoch": 22.21642, "eta": 68.07367, "eta_hours": 0.01891, "loss": 0.51925744, "lr": 3.94e-06, "params": 6759, "time_iter": 0.04322, "accuracy": 0.76485, "precision": 0.76369, "recall": 0.77035, "f1": 0.767, "auc": 0.84752}
{"epoch": 97, "time_epoch": 22.19131, "eta": 45.37224, "eta_hours": 0.0126, "loss": 0.50490573, "lr": 2.22e-06, "params": 6759, "time_iter": 0.04317, "accuracy": 0.77215, "precision": 0.77432, "recall": 0.77132, "f1": 0.77282, "auc": 0.85409}
{"epoch": 98, "time_epoch": 22.19858, "eta": 22.6812, "eta_hours": 0.0063, "loss": 0.52827903, "lr": 9.9e-07, "params": 6759, "time_iter": 0.04319, "accuracy": 0.75901, "precision": 0.75793, "recall": 0.76453, "f1": 0.76122, "auc": 0.8423}
{"epoch": 99, "time_epoch": 22.30952, "eta": 0.0, "eta_hours": 0.0, "loss": 0.50861406, "lr": 2.5e-07, "params": 6759, "time_iter": 0.0434, "accuracy": 0.77215, "precision": 0.77326, "recall": 0.77326, "f1": 0.77326, "auc": 0.85087}
