{"epoch": 0, "time_epoch": 52.57231, "eta": 5204.65864, "eta_hours": 1.44574, "loss": 0.67761789, "lr": 0.001, "params": 7591, "time_iter": 0.35763, "accuracy": 0.56633, "precision": 0.48286, "recall": 0.69547, "f1": 0.56998, "auc": 0.62121}
{"epoch": 1, "time_epoch": 18.32177, "eta": 3473.80973, "eta_hours": 0.96495, "loss": 0.60622999, "lr": 0.00099975, "params": 7591, "time_iter": 0.12464, "accuracy": 0.70238, "precision": 0.70732, "recall": 0.47737, "f1": 0.57002, "auc": 0.70178}
{"epoch": 2, "time_epoch": 6.8155, "eta": 2512.60969, "eta_hours": 0.69795, "loss": 0.60027486, "lr": 0.00099901, "params": 7591, "time_iter": 0.04636, "accuracy": 0.67857, "precision": 0.66071, "recall": 0.45679, "f1": 0.54015, "auc": 0.71901}
{"epoch": 3, "time_epoch": 6.95909, "eta": 2032.04808, "eta_hours": 0.56446, "loss": 0.56887104, "lr": 0.00099778, "params": 7591, "time_iter": 0.04734, "accuracy": 0.71939, "precision": 0.71196, "recall": 0.53909, "f1": 0.61358, "auc": 0.76125}
{"epoch": 4, "time_epoch": 6.95412, "eta": 1740.83308, "eta_hours": 0.48356, "loss": 0.57382914, "lr": 0.00099606, "params": 7591, "time_iter": 0.04731, "accuracy": 0.72789, "precision": 0.71066, "recall": 0.57613, "f1": 0.63636, "auc": 0.76469}
{"epoch": 5, "time_epoch": 6.70377, "eta": 1540.44944, "eta_hours": 0.4279, "loss": 0.55801679, "lr": 0.00099384, "params": 7591, "time_iter": 0.0456, "accuracy": 0.72959, "precision": 0.71212, "recall": 0.58025, "f1": 0.63946, "auc": 0.78144}
{"epoch": 6, "time_epoch": 6.69262, "eta": 1395.25478, "eta_hours": 0.38757, "loss": 0.56157792, "lr": 0.00099114, "params": 7591, "time_iter": 0.04553, "accuracy": 0.7449, "precision": 0.74346, "recall": 0.58436, "f1": 0.65438, "auc": 0.77085}
{"epoch": 7, "time_epoch": 6.71373, "eta": 1284.92841, "eta_hours": 0.35692, "loss": 0.56102187, "lr": 0.00098796, "params": 7591, "time_iter": 0.04567, "accuracy": 0.7534, "precision": 0.75521, "recall": 0.59671, "f1": 0.66667, "auc": 0.7684}
{"epoch": 8, "time_epoch": 6.85218, "eta": 1199.02693, "eta_hours": 0.33306, "loss": 0.55676325, "lr": 0.00098429, "params": 7591, "time_iter": 0.04661, "accuracy": 0.73639, "precision": 0.72917, "recall": 0.57613, "f1": 0.64368, "auc": 0.77214}
{"epoch": 9, "time_epoch": 7.07066, "eta": 1130.90163, "eta_hours": 0.31414, "loss": 0.55495997, "lr": 0.00098015, "params": 7591, "time_iter": 0.0481, "accuracy": 0.72959, "precision": 0.71212, "recall": 0.58025, "f1": 0.63946, "auc": 0.78176}
{"epoch": 10, "time_epoch": 7.00602, "eta": 1073.35418, "eta_hours": 0.29815, "loss": 0.56238058, "lr": 0.00097553, "params": 7591, "time_iter": 0.04766, "accuracy": 0.7398, "precision": 0.73438, "recall": 0.58025, "f1": 0.64828, "auc": 0.7782}
{"epoch": 11, "time_epoch": 7.30622, "eta": 1026.43178, "eta_hours": 0.28512, "loss": 0.5682343, "lr": 0.00097044, "params": 7591, "time_iter": 0.0497, "accuracy": 0.71599, "precision": 0.70879, "recall": 0.53086, "f1": 0.60706, "auc": 0.76783}
{"epoch": 12, "time_epoch": 7.31998, "eta": 985.69627, "eta_hours": 0.2738, "loss": 0.5504634, "lr": 0.00096489, "params": 7591, "time_iter": 0.0498, "accuracy": 0.7415, "precision": 0.74863, "recall": 0.56379, "f1": 0.64319, "auc": 0.78833}
{"epoch": 13, "time_epoch": 7.17499, "eta": 948.84376, "eta_hours": 0.26357, "loss": 0.55052466, "lr": 0.00095888, "params": 7591, "time_iter": 0.04881, "accuracy": 0.7449, "precision": 0.72249, "recall": 0.6214, "f1": 0.66814, "auc": 0.7984}
{"epoch": 14, "time_epoch": 7.0282, "eta": 915.11647, "eta_hours": 0.2542, "loss": 0.57000243, "lr": 0.00095241, "params": 7591, "time_iter": 0.04781, "accuracy": 0.7415, "precision": 0.72637, "recall": 0.60082, "f1": 0.65766, "auc": 0.77426}
{"epoch": 15, "time_epoch": 7.09299, "eta": 885.0667, "eta_hours": 0.24585, "loss": 0.540416, "lr": 0.0009455, "params": 7591, "time_iter": 0.04825, "accuracy": 0.76531, "precision": 0.78075, "recall": 0.60082, "f1": 0.67907, "auc": 0.79111}
{"epoch": 16, "time_epoch": 7.08882, "eta": 857.69735, "eta_hours": 0.23825, "loss": 0.55125301, "lr": 0.00093815, "params": 7591, "time_iter": 0.04822, "accuracy": 0.7432, "precision": 0.74468, "recall": 0.57613, "f1": 0.64965, "auc": 0.78756}
{"epoch": 17, "time_epoch": 7.10989, "eta": 832.67737, "eta_hours": 0.2313, "loss": 0.53971536, "lr": 0.00093037, "params": 7591, "time_iter": 0.04837, "accuracy": 0.75, "precision": 0.73529, "recall": 0.61728, "f1": 0.67114, "auc": 0.79832}
{"epoch": 18, "time_epoch": 7.13581, "eta": 809.65318, "eta_hours": 0.2249, "loss": 0.57670166, "lr": 0.00092216, "params": 7591, "time_iter": 0.04854, "accuracy": 0.71599, "precision": 0.69192, "recall": 0.56379, "f1": 0.62132, "auc": 0.76832}
{"epoch": 19, "time_epoch": 7.03369, "eta": 787.80936, "eta_hours": 0.21884, "loss": 0.57540919, "lr": 0.00091354, "params": 7591, "time_iter": 0.04785, "accuracy": 0.72619, "precision": 0.72527, "recall": 0.54321, "f1": 0.62118, "auc": 0.75802}
{"epoch": 20, "time_epoch": 7.25932, "eta": 768.2248, "eta_hours": 0.2134, "loss": 0.5653422, "lr": 0.00090451, "params": 7591, "time_iter": 0.04938, "accuracy": 0.73469, "precision": 0.72539, "recall": 0.57613, "f1": 0.6422, "auc": 0.76207}
{"epoch": 21, "time_epoch": 7.0427, "eta": 748.9927, "eta_hours": 0.20805, "loss": 0.5594427, "lr": 0.00089508, "params": 7591, "time_iter": 0.04791, "accuracy": 0.71429, "precision": 0.6943, "recall": 0.55144, "f1": 0.61468, "auc": 0.76591}
{"epoch": 22, "time_epoch": 7.11946, "eta": 731.07756, "eta_hours": 0.20308, "loss": 0.54384332, "lr": 0.00088526, "params": 7591, "time_iter": 0.04843, "accuracy": 0.7381, "precision": 0.71707, "recall": 0.60494, "f1": 0.65625, "auc": 0.78876}
{"epoch": 23, "time_epoch": 6.87225, "eta": 713.27922, "eta_hours": 0.19813, "loss": 0.56747738, "lr": 0.00087506, "params": 7591, "time_iter": 0.04675, "accuracy": 0.7398, "precision": 0.74725, "recall": 0.55967, "f1": 0.64, "auc": 0.7768}
{"epoch": 24, "time_epoch": 6.74018, "eta": 695.95875, "eta_hours": 0.19332, "loss": 0.56553889, "lr": 0.00086448, "params": 7591, "time_iter": 0.04585, "accuracy": 0.72959, "precision": 0.71429, "recall": 0.57613, "f1": 0.63781, "auc": 0.77056}
{"epoch": 25, "time_epoch": 7.19448, "eta": 680.74514, "eta_hours": 0.1891, "loss": 0.54400615, "lr": 0.00085355, "params": 7591, "time_iter": 0.04894, "accuracy": 0.7398, "precision": 0.71226, "recall": 0.6214, "f1": 0.66374, "auc": 0.79114}
{"epoch": 26, "time_epoch": 7.02962, "eta": 665.67982, "eta_hours": 0.18491, "loss": 0.53663129, "lr": 0.00084227, "params": 7591, "time_iter": 0.04782, "accuracy": 0.76361, "precision": 0.75743, "recall": 0.62963, "f1": 0.68764, "auc": 0.79085}
{"epoch": 27, "time_epoch": 6.91087, "eta": 650.88311, "eta_hours": 0.1808, "loss": 0.55682784, "lr": 0.00083066, "params": 7591, "time_iter": 0.04701, "accuracy": 0.7568, "precision": 0.74752, "recall": 0.6214, "f1": 0.67865, "auc": 0.78467}
{"epoch": 28, "time_epoch": 7.42387, "eta": 637.88624, "eta_hours": 0.17719, "loss": 0.53772133, "lr": 0.00081871, "params": 7591, "time_iter": 0.0505, "accuracy": 0.7568, "precision": 0.74038, "recall": 0.63374, "f1": 0.68293, "auc": 0.7935}
{"epoch": 29, "time_epoch": 6.83252, "eta": 623.88106, "eta_hours": 0.1733, "loss": 0.54547185, "lr": 0.00080645, "params": 7591, "time_iter": 0.04648, "accuracy": 0.7551, "precision": 0.74146, "recall": 0.62551, "f1": 0.67857, "auc": 0.79755}
{"epoch": 30, "time_epoch": 6.93275, "eta": 610.56175, "eta_hours": 0.1696, "loss": 0.55694572, "lr": 0.00079389, "params": 7591, "time_iter": 0.04716, "accuracy": 0.7381, "precision": 0.74054, "recall": 0.56379, "f1": 0.64019, "auc": 0.7806}
{"epoch": 31, "time_epoch": 6.8856, "eta": 597.5414, "eta_hours": 0.16598, "loss": 0.56332224, "lr": 0.00078104, "params": 7591, "time_iter": 0.04684, "accuracy": 0.7466, "precision": 0.74737, "recall": 0.58436, "f1": 0.65589, "auc": 0.77692}
{"epoch": 32, "time_epoch": 7.04416, "eta": 585.21477, "eta_hours": 0.16256, "loss": 0.54649561, "lr": 0.00076791, "params": 7591, "time_iter": 0.04792, "accuracy": 0.73639, "precision": 0.74719, "recall": 0.54733, "f1": 0.63183, "auc": 0.79053}
{"epoch": 33, "time_epoch": 6.99926, "eta": 573.11172, "eta_hours": 0.1592, "loss": 0.53109038, "lr": 0.00075452, "params": 7591, "time_iter": 0.04761, "accuracy": 0.77381, "precision": 0.75229, "recall": 0.6749, "f1": 0.7115, "auc": 0.80756}
{"epoch": 34, "time_epoch": 6.88828, "eta": 561.0942, "eta_hours": 0.15586, "loss": 0.5285828, "lr": 0.00074088, "params": 7591, "time_iter": 0.04686, "accuracy": 0.7551, "precision": 0.73684, "recall": 0.63374, "f1": 0.68142, "auc": 0.80796}
{"epoch": 35, "time_epoch": 6.8008, "eta": 549.20613, "eta_hours": 0.15256, "loss": 0.5385867, "lr": 0.000727, "params": 7591, "time_iter": 0.04626, "accuracy": 0.76361, "precision": 0.75, "recall": 0.64198, "f1": 0.6918, "auc": 0.80055}
{"epoch": 36, "time_epoch": 6.81279, "eta": 537.61345, "eta_hours": 0.14934, "loss": 0.54042632, "lr": 0.00071289, "params": 7591, "time_iter": 0.04635, "accuracy": 0.7449, "precision": 0.73367, "recall": 0.60082, "f1": 0.66063, "auc": 0.79295}
{"epoch": 37, "time_epoch": 7.01895, "eta": 526.60872, "eta_hours": 0.14628, "loss": 0.51348154, "lr": 0.00069857, "params": 7591, "time_iter": 0.04775, "accuracy": 0.76701, "precision": 0.7598, "recall": 0.63786, "f1": 0.69351, "auc": 0.82771}
{"epoch": 38, "time_epoch": 7.22961, "eta": 516.13788, "eta_hours": 0.14337, "loss": 0.55031001, "lr": 0.00068406, "params": 7591, "time_iter": 0.04918, "accuracy": 0.7398, "precision": 0.72727, "recall": 0.59259, "f1": 0.65306, "auc": 0.79639}
{"epoch": 39, "time_epoch": 7.18689, "eta": 505.76503, "eta_hours": 0.14049, "loss": 0.53661016, "lr": 0.00066937, "params": 7591, "time_iter": 0.04889, "accuracy": 0.7449, "precision": 0.74603, "recall": 0.58025, "f1": 0.65278, "auc": 0.80552}
{"epoch": 40, "time_epoch": 7.18654, "eta": 495.54709, "eta_hours": 0.13765, "loss": 0.52399071, "lr": 0.00065451, "params": 7591, "time_iter": 0.04889, "accuracy": 0.76361, "precision": 0.76531, "recall": 0.61728, "f1": 0.68337, "auc": 0.81179}
{"epoch": 41, "time_epoch": 7.15921, "eta": 485.43575, "eta_hours": 0.13484, "loss": 0.54960632, "lr": 0.0006395, "params": 7591, "time_iter": 0.0487, "accuracy": 0.7381, "precision": 0.72589, "recall": 0.58848, "f1": 0.65, "auc": 0.79778}
{"epoch": 42, "time_epoch": 7.22043, "eta": 475.54288, "eta_hours": 0.1321, "loss": 0.53255242, "lr": 0.00062434, "params": 7591, "time_iter": 0.04912, "accuracy": 0.78231, "precision": 0.76744, "recall": 0.67901, "f1": 0.72052, "auc": 0.80388}
{"epoch": 43, "time_epoch": 7.16622, "eta": 465.70248, "eta_hours": 0.12936, "loss": 0.53261431, "lr": 0.00060907, "params": 7591, "time_iter": 0.04875, "accuracy": 0.7517, "precision": 0.75936, "recall": 0.58436, "f1": 0.66047, "auc": 0.79451}
{"epoch": 44, "time_epoch": 7.22223, "eta": 456.04939, "eta_hours": 0.12668, "loss": 0.53684595, "lr": 0.00059369, "params": 7591, "time_iter": 0.04913, "accuracy": 0.73639, "precision": 0.73913, "recall": 0.55967, "f1": 0.637, "auc": 0.80688}
{"epoch": 45, "time_epoch": 7.16223, "eta": 446.43156, "eta_hours": 0.12401, "loss": 0.54440594, "lr": 0.00057822, "params": 7591, "time_iter": 0.04872, "accuracy": 0.7534, "precision": 0.74257, "recall": 0.61728, "f1": 0.67416, "auc": 0.79367}
{"epoch": 46, "time_epoch": 7.20878, "eta": 436.97072, "eta_hours": 0.12138, "loss": 0.53538978, "lr": 0.00056267, "params": 7591, "time_iter": 0.04904, "accuracy": 0.76701, "precision": 0.79444, "recall": 0.58848, "f1": 0.67612, "auc": 0.80192}
{"epoch": 47, "time_epoch": 7.1725, "eta": 427.56441, "eta_hours": 0.11877, "loss": 0.50952046, "lr": 0.00054705, "params": 7591, "time_iter": 0.04879, "accuracy": 0.77211, "precision": 0.76329, "recall": 0.65021, "f1": 0.70222, "auc": 0.82058}
{"epoch": 48, "time_epoch": 7.17651, "eta": 418.25345, "eta_hours": 0.11618, "loss": 0.53830637, "lr": 0.0005314, "params": 7591, "time_iter": 0.04882, "accuracy": 0.7466, "precision": 0.74227, "recall": 0.59259, "f1": 0.65904, "auc": 0.80662}
{"epoch": 49, "time_epoch": 7.18345, "eta": 409.0348, "eta_hours": 0.11362, "loss": 0.54807509, "lr": 0.00051571, "params": 7591, "time_iter": 0.04887, "accuracy": 0.7568, "precision": 0.77174, "recall": 0.58436, "f1": 0.66511, "auc": 0.78923}
{"epoch": 50, "time_epoch": 7.17209, "eta": 399.88505, "eta_hours": 0.11108, "loss": 0.52217961, "lr": 0.0005, "params": 7591, "time_iter": 0.04879, "accuracy": 0.7619, "precision": 0.75369, "recall": 0.62963, "f1": 0.6861, "auc": 0.81242}
{"epoch": 51, "time_epoch": 7.2038, "eta": 390.84063, "eta_hours": 0.10857, "loss": 0.5116489, "lr": 0.00048429, "params": 7591, "time_iter": 0.04901, "accuracy": 0.77891, "precision": 0.77033, "recall": 0.66255, "f1": 0.71239, "auc": 0.82375}
{"epoch": 52, "time_epoch": 7.18059, "eta": 381.84509, "eta_hours": 0.10607, "loss": 0.51136259, "lr": 0.0004686, "params": 7591, "time_iter": 0.04885, "accuracy": 0.76361, "precision": 0.77083, "recall": 0.60905, "f1": 0.68046, "auc": 0.82619}
{"epoch": 53, "time_epoch": 7.0313, "eta": 372.7896, "eta_hours": 0.10355, "loss": 0.52945222, "lr": 0.00045295, "params": 7591, "time_iter": 0.04783, "accuracy": 0.7602, "precision": 0.75758, "recall": 0.61728, "f1": 0.68027, "auc": 0.82152}
{"epoch": 54, "time_epoch": 6.93868, "eta": 363.73193, "eta_hours": 0.10104, "loss": 0.50493402, "lr": 0.00043733, "params": 7591, "time_iter": 0.0472, "accuracy": 0.78061, "precision": 0.77143, "recall": 0.66667, "f1": 0.71523, "auc": 0.8332}
{"epoch": 55, "time_epoch": 7.12838, "eta": 354.89899, "eta_hours": 0.09858, "loss": 0.53159078, "lr": 0.00042178, "params": 7591, "time_iter": 0.04849, "accuracy": 0.76701, "precision": 0.76768, "recall": 0.62551, "f1": 0.68934, "auc": 0.81571}
{"epoch": 56, "time_epoch": 6.94319, "eta": 345.98616, "eta_hours": 0.09611, "loss": 0.50493353, "lr": 0.00040631, "params": 7591, "time_iter": 0.04723, "accuracy": 0.76361, "precision": 0.76804, "recall": 0.61317, "f1": 0.68192, "auc": 0.83312}
{"epoch": 57, "time_epoch": 6.94874, "eta": 337.14526, "eta_hours": 0.09365, "loss": 0.5039654, "lr": 0.00039093, "params": 7591, "time_iter": 0.04727, "accuracy": 0.76531, "precision": 0.7561, "recall": 0.63786, "f1": 0.69196, "auc": 0.83463}
{"epoch": 58, "time_epoch": 6.89065, "eta": 328.32814, "eta_hours": 0.0912, "loss": 0.51834793, "lr": 0.00037566, "params": 7591, "time_iter": 0.04688, "accuracy": 0.77551, "precision": 0.79365, "recall": 0.61728, "f1": 0.69444, "auc": 0.82058}
{"epoch": 59, "time_epoch": 7.02222, "eta": 319.66294, "eta_hours": 0.0888, "loss": 0.49326297, "lr": 0.0003605, "params": 7591, "time_iter": 0.04777, "accuracy": 0.77381, "precision": 0.76961, "recall": 0.64609, "f1": 0.70246, "auc": 0.84656}
{"epoch": 60, "time_epoch": 7.01647, "eta": 311.04794, "eta_hours": 0.0864, "loss": 0.49368311, "lr": 0.00034549, "params": 7591, "time_iter": 0.04773, "accuracy": 0.78741, "precision": 0.78095, "recall": 0.6749, "f1": 0.72406, "auc": 0.83949}
{"epoch": 61, "time_epoch": 7.02452, "eta": 302.48944, "eta_hours": 0.08402, "loss": 0.51607923, "lr": 0.00033063, "params": 7591, "time_iter": 0.04779, "accuracy": 0.78231, "precision": 0.78325, "recall": 0.65432, "f1": 0.713, "auc": 0.83313}
{"epoch": 62, "time_epoch": 7.18978, "eta": 294.0767, "eta_hours": 0.08169, "loss": 0.51286925, "lr": 0.00031594, "params": 7591, "time_iter": 0.04891, "accuracy": 0.78231, "precision": 0.77251, "recall": 0.67078, "f1": 0.71806, "auc": 0.83268}
{"epoch": 63, "time_epoch": 6.74121, "eta": 285.44985, "eta_hours": 0.07929, "loss": 0.49703155, "lr": 0.00030143, "params": 7591, "time_iter": 0.04586, "accuracy": 0.77721, "precision": 0.75688, "recall": 0.67901, "f1": 0.71584, "auc": 0.84205}
{"epoch": 64, "time_epoch": 6.81018, "eta": 276.91816, "eta_hours": 0.07692, "loss": 0.53216249, "lr": 0.00028711, "params": 7591, "time_iter": 0.04633, "accuracy": 0.77211, "precision": 0.76329, "recall": 0.65021, "f1": 0.70222, "auc": 0.8284}
{"epoch": 65, "time_epoch": 7.19778, "eta": 268.63831, "eta_hours": 0.07462, "loss": 0.49963574, "lr": 0.000273, "params": 7591, "time_iter": 0.04896, "accuracy": 0.78231, "precision": 0.77251, "recall": 0.67078, "f1": 0.71806, "auc": 0.84603}
{"epoch": 66, "time_epoch": 7.12824, "eta": 260.35651, "eta_hours": 0.07232, "loss": 0.52903524, "lr": 0.00025912, "params": 7591, "time_iter": 0.04849, "accuracy": 0.76531, "precision": 0.7933, "recall": 0.58436, "f1": 0.67299, "auc": 0.80636}
{"epoch": 67, "time_epoch": 7.65684, "eta": 252.35739, "eta_hours": 0.0701, "loss": 0.4992826, "lr": 0.00024548, "params": 7591, "time_iter": 0.05209, "accuracy": 0.79082, "precision": 0.78846, "recall": 0.6749, "f1": 0.72727, "auc": 0.83656}
{"epoch": 68, "time_epoch": 6.91695, "eta": 244.03578, "eta_hours": 0.06779, "loss": 0.53949613, "lr": 0.00023209, "params": 7591, "time_iter": 0.04705, "accuracy": 0.76871, "precision": 0.74884, "recall": 0.66255, "f1": 0.70306, "auc": 0.81944}
{"epoch": 69, "time_epoch": 6.83493, "eta": 235.71914, "eta_hours": 0.06548, "loss": 0.4846752, "lr": 0.00021896, "params": 7591, "time_iter": 0.0465, "accuracy": 0.77551, "precision": 0.77612, "recall": 0.64198, "f1": 0.7027, "auc": 0.85084}
{"epoch": 70, "time_epoch": 7.29648, "eta": 227.63277, "eta_hours": 0.06323, "loss": 0.49743335, "lr": 0.00020611, "params": 7591, "time_iter": 0.04964, "accuracy": 0.77211, "precision": 0.77387, "recall": 0.63374, "f1": 0.69683, "auc": 0.84121}
{"epoch": 71, "time_epoch": 7.03541, "eta": 219.46681, "eta_hours": 0.06096, "loss": 0.54056426, "lr": 0.00019355, "params": 7591, "time_iter": 0.04786, "accuracy": 0.76701, "precision": 0.7598, "recall": 0.63786, "f1": 0.69351, "auc": 0.81282}
{"epoch": 72, "time_epoch": 6.72787, "eta": 211.21808, "eta_hours": 0.05867, "loss": 0.50412072, "lr": 0.00018129, "params": 7591, "time_iter": 0.04577, "accuracy": 0.78571, "precision": 0.80628, "recall": 0.63374, "f1": 0.70968, "auc": 0.83966}
{"epoch": 73, "time_epoch": 6.94479, "eta": 203.08666, "eta_hours": 0.05641, "loss": 0.53061507, "lr": 0.00016934, "params": 7591, "time_iter": 0.04724, "accuracy": 0.7602, "precision": 0.7602, "recall": 0.61317, "f1": 0.67882, "auc": 0.82864}
{"epoch": 74, "time_epoch": 6.88092, "eta": 194.9656, "eta_hours": 0.05416, "loss": 0.49817385, "lr": 0.00015773, "params": 7591, "time_iter": 0.04681, "accuracy": 0.78061, "precision": 0.79381, "recall": 0.63374, "f1": 0.70481, "auc": 0.85037}
{"epoch": 75, "time_epoch": 6.88459, "eta": 186.87834, "eta_hours": 0.05191, "loss": 0.50328577, "lr": 0.00014645, "params": 7591, "time_iter": 0.04683, "accuracy": 0.77551, "precision": 0.77889, "recall": 0.63786, "f1": 0.70136, "auc": 0.83761}
{"epoch": 76, "time_epoch": 6.71011, "eta": 178.77019, "eta_hours": 0.04966, "loss": 0.48393952, "lr": 0.00013552, "params": 7591, "time_iter": 0.04565, "accuracy": 0.77041, "precision": 0.76471, "recall": 0.64198, "f1": 0.69799, "auc": 0.85147}
{"epoch": 77, "time_epoch": 6.71315, "eta": 170.69875, "eta_hours": 0.04742, "loss": 0.49746195, "lr": 0.00012494, "params": 7591, "time_iter": 0.04567, "accuracy": 0.78571, "precision": 0.76712, "recall": 0.69136, "f1": 0.72727, "auc": 0.84147}
{"epoch": 78, "time_epoch": 6.88054, "eta": 162.70619, "eta_hours": 0.0452, "loss": 0.54437474, "lr": 0.00011474, "params": 7591, "time_iter": 0.04681, "accuracy": 0.76871, "precision": 0.76884, "recall": 0.62963, "f1": 0.69231, "auc": 0.81188}
{"epoch": 79, "time_epoch": 6.90819, "eta": 154.74835, "eta_hours": 0.04299, "loss": 0.48984537, "lr": 0.00010492, "params": 7591, "time_iter": 0.04699, "accuracy": 0.77721, "precision": 0.78, "recall": 0.64198, "f1": 0.70429, "auc": 0.8472}
{"epoch": 80, "time_epoch": 6.89286, "eta": 146.81282, "eta_hours": 0.04078, "loss": 0.49107854, "lr": 9.549e-05, "params": 7591, "time_iter": 0.04689, "accuracy": 0.79252, "precision": 0.79512, "recall": 0.67078, "f1": 0.72768, "auc": 0.84697}
{"epoch": 81, "time_epoch": 6.72155, "eta": 138.86512, "eta_hours": 0.03857, "loss": 0.52987013, "lr": 8.646e-05, "params": 7591, "time_iter": 0.04572, "accuracy": 0.76871, "precision": 0.76355, "recall": 0.63786, "f1": 0.69507, "auc": 0.82145}
{"epoch": 82, "time_epoch": 6.88657, "eta": 130.98077, "eta_hours": 0.03638, "loss": 0.49642177, "lr": 7.784e-05, "params": 7591, "time_iter": 0.04685, "accuracy": 0.78061, "precision": 0.77941, "recall": 0.65432, "f1": 0.71141, "auc": 0.848}
{"epoch": 83, "time_epoch": 6.87559, "eta": 123.11808, "eta_hours": 0.0342, "loss": 0.52599142, "lr": 6.963e-05, "params": 7591, "time_iter": 0.04677, "accuracy": 0.77211, "precision": 0.76329, "recall": 0.65021, "f1": 0.70222, "auc": 0.82326}
{"epoch": 84, "time_epoch": 6.86688, "eta": 115.27709, "eta_hours": 0.03202, "loss": 0.47386514, "lr": 6.185e-05, "params": 7591, "time_iter": 0.04671, "accuracy": 0.77721, "precision": 0.78866, "recall": 0.62963, "f1": 0.70023, "auc": 0.86216}
{"epoch": 85, "time_epoch": 6.86669, "eta": 107.45871, "eta_hours": 0.02985, "loss": 0.49004393, "lr": 5.45e-05, "params": 7591, "time_iter": 0.04671, "accuracy": 0.79252, "precision": 0.80711, "recall": 0.65432, "f1": 0.72273, "auc": 0.84449}
{"epoch": 86, "time_epoch": 6.89761, "eta": 99.66683, "eta_hours": 0.02769, "loss": 0.49755289, "lr": 4.759e-05, "params": 7591, "time_iter": 0.04692, "accuracy": 0.78571, "precision": 0.78261, "recall": 0.66667, "f1": 0.72, "auc": 0.84702}
{"epoch": 87, "time_epoch": 6.84111, "eta": 91.88758, "eta_hours": 0.02552, "loss": 0.50528597, "lr": 4.112e-05, "params": 7591, "time_iter": 0.04654, "accuracy": 0.76871, "precision": 0.76617, "recall": 0.63374, "f1": 0.69369, "auc": 0.84089}
{"epoch": 88, "time_epoch": 7.20526, "eta": 84.17441, "eta_hours": 0.02338, "loss": 0.50736219, "lr": 3.511e-05, "params": 7591, "time_iter": 0.04902, "accuracy": 0.76701, "precision": 0.765, "recall": 0.62963, "f1": 0.69074, "auc": 0.84237}
{"epoch": 89, "time_epoch": 7.1833, "eta": 76.47009, "eta_hours": 0.02124, "loss": 0.50414129, "lr": 2.956e-05, "params": 7591, "time_iter": 0.04887, "accuracy": 0.77041, "precision": 0.75472, "recall": 0.65844, "f1": 0.7033, "auc": 0.84073}
{"epoch": 90, "time_epoch": 7.199, "eta": 68.77877, "eta_hours": 0.01911, "loss": 0.50424965, "lr": 2.447e-05, "params": 7591, "time_iter": 0.04897, "accuracy": 0.77211, "precision": 0.78836, "recall": 0.61317, "f1": 0.68981, "auc": 0.84326}
{"epoch": 91, "time_epoch": 7.08729, "eta": 61.08844, "eta_hours": 0.01697, "loss": 0.51167004, "lr": 1.985e-05, "params": 7591, "time_iter": 0.04821, "accuracy": 0.77891, "precision": 0.78392, "recall": 0.64198, "f1": 0.70588, "auc": 0.84004}
{"epoch": 92, "time_epoch": 7.13617, "eta": 53.41476, "eta_hours": 0.01484, "loss": 0.4859347, "lr": 1.571e-05, "params": 7591, "time_iter": 0.04855, "accuracy": 0.78061, "precision": 0.76636, "recall": 0.6749, "f1": 0.71772, "auc": 0.85668}
{"epoch": 93, "time_epoch": 7.13969, "eta": 45.75274, "eta_hours": 0.01271, "loss": 0.53691919, "lr": 1.204e-05, "params": 7591, "time_iter": 0.04857, "accuracy": 0.77721, "precision": 0.78571, "recall": 0.63374, "f1": 0.70159, "auc": 0.82408}
{"epoch": 94, "time_epoch": 7.06831, "eta": 38.09796, "eta_hours": 0.01058, "loss": 0.4858777, "lr": 8.86e-06, "params": 7591, "time_iter": 0.04808, "accuracy": 0.78571, "precision": 0.7799, "recall": 0.67078, "f1": 0.72124, "auc": 0.8443}
{"epoch": 95, "time_epoch": 7.11363, "eta": 30.45729, "eta_hours": 0.00846, "loss": 0.52835006, "lr": 6.16e-06, "params": 7591, "time_iter": 0.04839, "accuracy": 0.77041, "precision": 0.76471, "recall": 0.64198, "f1": 0.69799, "auc": 0.82926}
{"epoch": 96, "time_epoch": 7.54622, "eta": 22.84086, "eta_hours": 0.00634, "loss": 0.51941119, "lr": 3.94e-06, "params": 7591, "time_iter": 0.05133, "accuracy": 0.77041, "precision": 0.76214, "recall": 0.64609, "f1": 0.69933, "auc": 0.83134}
{"epoch": 97, "time_epoch": 6.81928, "eta": 15.21103, "eta_hours": 0.00423, "loss": 0.52769889, "lr": 2.22e-06, "params": 7591, "time_iter": 0.04639, "accuracy": 0.77041, "precision": 0.76214, "recall": 0.64609, "f1": 0.69933, "auc": 0.82634}
{"epoch": 98, "time_epoch": 6.86124, "eta": 7.598, "eta_hours": 0.00211, "loss": 0.51778879, "lr": 9.9e-07, "params": 7591, "time_iter": 0.04668, "accuracy": 0.77551, "precision": 0.7734, "recall": 0.64609, "f1": 0.70404, "auc": 0.83216}
{"epoch": 99, "time_epoch": 6.83672, "eta": 0.0, "eta_hours": 0.0, "loss": 0.5160634, "lr": 2.5e-07, "params": 7591, "time_iter": 0.04651, "accuracy": 0.7585, "precision": 0.74396, "recall": 0.63374, "f1": 0.68444, "auc": 0.8345}
