{"epoch": 0, "time_epoch": 21.86316, "eta": 2164.45264, "eta_hours": 0.60124, "loss": 1.10213994, "lr": 0.001, "params": 6221, "time_iter": 0.11629, "accuracy": 0.344, "f1": 0.26589, "auc": 0.47427}
{"epoch": 1, "time_epoch": 8.78012, "eta": 1501.52039, "eta_hours": 0.41709, "loss": 1.10001802, "lr": 0.00099975, "params": 6221, "time_iter": 0.0467, "accuracy": 0.35067, "f1": 0.18571, "auc": 0.48272}
{"epoch": 2, "time_epoch": 8.79577, "eta": 1275.19565, "eta_hours": 0.35422, "loss": 1.09967107, "lr": 0.00099901, "params": 6221, "time_iter": 0.04679, "accuracy": 0.35467, "f1": 0.17488, "auc": 0.46798}
{"epoch": 3, "time_epoch": 8.77411, "eta": 1157.11553, "eta_hours": 0.32142, "loss": 1.09946106, "lr": 0.00099778, "params": 6221, "time_iter": 0.04667, "accuracy": 0.35067, "f1": 0.18571, "auc": 0.47048}
{"epoch": 4, "time_epoch": 8.75317, "eta": 1082.36007, "eta_hours": 0.30066, "loss": 1.09906731, "lr": 0.00099606, "params": 6221, "time_iter": 0.04656, "accuracy": 0.35467, "f1": 0.17454, "auc": 0.47513}
{"epoch": 5, "time_epoch": 8.80057, "eta": 1030.34796, "eta_hours": 0.28621, "loss": 1.09848969, "lr": 0.00099384, "params": 6221, "time_iter": 0.04681, "accuracy": 0.35467, "f1": 0.18464, "auc": 0.492}
{"epoch": 6, "time_epoch": 8.72554, "eta": 989.68517, "eta_hours": 0.27491, "loss": 1.10068068, "lr": 0.00099114, "params": 6221, "time_iter": 0.04641, "accuracy": 0.33733, "f1": 0.19284, "auc": 0.49216}
{"epoch": 7, "time_epoch": 9.83672, "eta": 969.78524, "eta_hours": 0.26938, "loss": 1.0989773, "lr": 0.00098796, "params": 6221, "time_iter": 0.05232, "accuracy": 0.36, "f1": 0.2201, "auc": 0.48698}
{"epoch": 8, "time_epoch": 9.99373, "eta": 953.70909, "eta_hours": 0.26492, "loss": 1.09941907, "lr": 0.00098429, "params": 6221, "time_iter": 0.05316, "accuracy": 0.35333, "f1": 0.17406, "auc": 0.47363}
{"epoch": 9, "time_epoch": 9.92133, "eta": 938.19789, "eta_hours": 0.26061, "loss": 1.09903524, "lr": 0.00098015, "params": 6221, "time_iter": 0.05277, "accuracy": 0.35067, "f1": 0.1884, "auc": 0.47621}
{"epoch": 10, "time_epoch": 9.98656, "eta": 924.2308, "eta_hours": 0.25673, "loss": 1.09797359, "lr": 0.00097553, "params": 6221, "time_iter": 0.05312, "accuracy": 0.356, "f1": 0.17747, "auc": 0.48072}
{"epoch": 11, "time_epoch": 9.88349, "eta": 910.17128, "eta_hours": 0.25283, "loss": 1.09761782, "lr": 0.00097044, "params": 6221, "time_iter": 0.05257, "accuracy": 0.34933, "f1": 0.29501, "auc": 0.50197}
{"epoch": 12, "time_epoch": 10.04481, "eta": 897.83382, "eta_hours": 0.2494, "loss": 1.09898056, "lr": 0.00096489, "params": 6221, "time_iter": 0.05343, "accuracy": 0.356, "f1": 0.19779, "auc": 0.48919}
{"epoch": 13, "time_epoch": 9.66978, "eta": 883.52011, "eta_hours": 0.24542, "loss": 1.09806025, "lr": 0.00095888, "params": 6221, "time_iter": 0.05143, "accuracy": 0.34933, "f1": 0.30948, "auc": 0.50902}
{"epoch": 14, "time_epoch": 9.32754, "eta": 867.88623, "eta_hours": 0.24108, "loss": 1.09833418, "lr": 0.00095241, "params": 6221, "time_iter": 0.04961, "accuracy": 0.352, "f1": 0.22347, "auc": 0.49843}
{"epoch": 15, "time_epoch": 8.80743, "eta": 850.31006, "eta_hours": 0.2362, "loss": 1.09852858, "lr": 0.0009455, "params": 6221, "time_iter": 0.04685, "accuracy": 0.352, "f1": 0.18344, "auc": 0.49704}
{"epoch": 16, "time_epoch": 8.81734, "eta": 833.81388, "eta_hours": 0.23161, "loss": 1.09831244, "lr": 0.00093815, "params": 6221, "time_iter": 0.0469, "accuracy": 0.34533, "f1": 0.20103, "auc": 0.49426}
{"epoch": 17, "time_epoch": 8.78815, "eta": 818.03795, "eta_hours": 0.22723, "loss": 1.09864982, "lr": 0.00093037, "params": 6221, "time_iter": 0.04675, "accuracy": 0.35333, "f1": 0.22273, "auc": 0.48615}
{"epoch": 18, "time_epoch": 8.80056, "eta": 803.05048, "eta_hours": 0.22307, "loss": 1.09835579, "lr": 0.00092216, "params": 6221, "time_iter": 0.04681, "accuracy": 0.352, "f1": 0.19207, "auc": 0.48065}
{"epoch": 19, "time_epoch": 8.75405, "eta": 788.49566, "eta_hours": 0.21903, "loss": 1.09828127, "lr": 0.00091354, "params": 6221, "time_iter": 0.04656, "accuracy": 0.34667, "f1": 0.19989, "auc": 0.49224}
{"epoch": 20, "time_epoch": 8.80128, "eta": 774.67096, "eta_hours": 0.21519, "loss": 1.09879113, "lr": 0.00090451, "params": 6221, "time_iter": 0.04682, "accuracy": 0.35467, "f1": 0.17981, "auc": 0.49518}
{"epoch": 21, "time_epoch": 8.74957, "eta": 761.1196, "eta_hours": 0.21142, "loss": 1.09712379, "lr": 0.00089508, "params": 6221, "time_iter": 0.04654, "accuracy": 0.36533, "f1": 0.28603, "auc": 0.49484}
{"epoch": 22, "time_epoch": 8.79275, "eta": 748.13037, "eta_hours": 0.20781, "loss": 1.10034803, "lr": 0.00088526, "params": 6221, "time_iter": 0.04677, "accuracy": 0.35467, "f1": 0.21256, "auc": 0.47303}
{"epoch": 23, "time_epoch": 8.81329, "eta": 735.55587, "eta_hours": 0.20432, "loss": 1.09727375, "lr": 0.00087506, "params": 6221, "time_iter": 0.04688, "accuracy": 0.356, "f1": 0.17747, "auc": 0.49173}
{"epoch": 24, "time_epoch": 8.74179, "eta": 723.06776, "eta_hours": 0.20085, "loss": 1.09938375, "lr": 0.00086448, "params": 6221, "time_iter": 0.0465, "accuracy": 0.35067, "f1": 0.19475, "auc": 0.48874}
{"epoch": 25, "time_epoch": 8.7435, "eta": 710.8727, "eta_hours": 0.19746, "loss": 1.09788308, "lr": 0.00085355, "params": 6221, "time_iter": 0.04651, "accuracy": 0.35467, "f1": 0.19797, "auc": 0.49144}
{"epoch": 26, "time_epoch": 8.78573, "eta": 699.0475, "eta_hours": 0.19418, "loss": 1.09886626, "lr": 0.00084227, "params": 6221, "time_iter": 0.04673, "accuracy": 0.35733, "f1": 0.18989, "auc": 0.47228}
{"epoch": 27, "time_epoch": 8.74435, "eta": 687.33299, "eta_hours": 0.19093, "loss": 1.09820495, "lr": 0.00083066, "params": 6221, "time_iter": 0.04651, "accuracy": 0.34933, "f1": 0.17806, "auc": 0.48397}
{"epoch": 28, "time_epoch": 8.70329, "eta": 675.72281, "eta_hours": 0.1877, "loss": 1.09815383, "lr": 0.00081871, "params": 6221, "time_iter": 0.04629, "accuracy": 0.36933, "f1": 0.22304, "auc": 0.49454}
{"epoch": 29, "time_epoch": 8.76639, "eta": 664.45366, "eta_hours": 0.18457, "loss": 1.09904794, "lr": 0.00080645, "params": 6221, "time_iter": 0.04663, "accuracy": 0.348, "f1": 0.19536, "auc": 0.49319}
{"epoch": 30, "time_epoch": 8.71033, "eta": 653.22118, "eta_hours": 0.18145, "loss": 1.09849049, "lr": 0.00079389, "params": 6221, "time_iter": 0.04633, "accuracy": 0.34933, "f1": 0.18725, "auc": 0.49093}
{"epoch": 31, "time_epoch": 8.71383, "eta": 642.15379, "eta_hours": 0.17838, "loss": 1.09745807, "lr": 0.00078104, "params": 6221, "time_iter": 0.04635, "accuracy": 0.352, "f1": 0.19659, "auc": 0.48926}
{"epoch": 32, "time_epoch": 8.74188, "eta": 631.28598, "eta_hours": 0.17536, "loss": 1.09949256, "lr": 0.00076791, "params": 6221, "time_iter": 0.0465, "accuracy": 0.364, "f1": 0.22291, "auc": 0.48148}
{"epoch": 33, "time_epoch": 8.76753, "eta": 620.59301, "eta_hours": 0.17239, "loss": 1.09923231, "lr": 0.00075452, "params": 6221, "time_iter": 0.04664, "accuracy": 0.34933, "f1": 0.18952, "auc": 0.48554}
{"epoch": 34, "time_epoch": 8.7199, "eta": 609.92161, "eta_hours": 0.16942, "loss": 1.09754123, "lr": 0.00074088, "params": 6221, "time_iter": 0.04638, "accuracy": 0.34933, "f1": 0.19524, "auc": 0.49845}
{"epoch": 35, "time_epoch": 8.75159, "eta": 599.41497, "eta_hours": 0.1665, "loss": 1.09645321, "lr": 0.000727, "params": 6221, "time_iter": 0.04655, "accuracy": 0.35867, "f1": 0.1909, "auc": 0.50719}
{"epoch": 36, "time_epoch": 8.777, "eta": 589.04646, "eta_hours": 0.16362, "loss": 1.09740955, "lr": 0.00071289, "params": 6221, "time_iter": 0.04669, "accuracy": 0.33867, "f1": 0.24773, "auc": 0.51261}
{"epoch": 37, "time_epoch": 8.73288, "eta": 578.68973, "eta_hours": 0.16075, "loss": 1.09826569, "lr": 0.00069857, "params": 6221, "time_iter": 0.04645, "accuracy": 0.336, "f1": 0.24779, "auc": 0.49463}
{"epoch": 38, "time_epoch": 8.80301, "eta": 568.52595, "eta_hours": 0.15792, "loss": 1.09976872, "lr": 0.00068406, "params": 6221, "time_iter": 0.04682, "accuracy": 0.356, "f1": 0.19585, "auc": 0.47468}
{"epoch": 39, "time_epoch": 8.73002, "eta": 558.32074, "eta_hours": 0.15509, "loss": 1.09658512, "lr": 0.00066937, "params": 6221, "time_iter": 0.04644, "accuracy": 0.35467, "f1": 0.18901, "auc": 0.50532}
{"epoch": 40, "time_epoch": 8.74797, "eta": 548.21331, "eta_hours": 0.15228, "loss": 1.09575362, "lr": 0.00065451, "params": 6221, "time_iter": 0.04653, "accuracy": 0.36133, "f1": 0.22839, "auc": 0.51225}
{"epoch": 41, "time_epoch": 8.75192, "eta": 538.17607, "eta_hours": 0.14949, "loss": 1.10018315, "lr": 0.0006395, "params": 6221, "time_iter": 0.04655, "accuracy": 0.356, "f1": 0.21121, "auc": 0.47569}
{"epoch": 42, "time_epoch": 8.79078, "eta": 528.25013, "eta_hours": 0.14674, "loss": 1.09812019, "lr": 0.00062434, "params": 6221, "time_iter": 0.04676, "accuracy": 0.35733, "f1": 0.19258, "auc": 0.48603}
{"epoch": 43, "time_epoch": 8.762, "eta": 518.33916, "eta_hours": 0.14398, "loss": 1.09828105, "lr": 0.00060907, "params": 6221, "time_iter": 0.04661, "accuracy": 0.35467, "f1": 0.17951, "auc": 0.48817}
{"epoch": 44, "time_epoch": 8.74701, "eta": 508.46094, "eta_hours": 0.14124, "loss": 1.09858714, "lr": 0.00059369, "params": 6221, "time_iter": 0.04653, "accuracy": 0.34133, "f1": 0.17929, "auc": 0.48647}
{"epoch": 45, "time_epoch": 8.78151, "eta": 498.67239, "eta_hours": 0.13852, "loss": 1.09789732, "lr": 0.00057822, "params": 6221, "time_iter": 0.04671, "accuracy": 0.35467, "f1": 0.19135, "auc": 0.49067}
{"epoch": 46, "time_epoch": 8.76331, "eta": 488.90618, "eta_hours": 0.13581, "loss": 1.09839813, "lr": 0.00056267, "params": 6221, "time_iter": 0.04661, "accuracy": 0.36, "f1": 0.19533, "auc": 0.48254}
{"epoch": 47, "time_epoch": 8.76553, "eta": 479.18416, "eta_hours": 0.13311, "loss": 1.09830982, "lr": 0.00054705, "params": 6221, "time_iter": 0.04663, "accuracy": 0.35733, "f1": 0.18037, "auc": 0.49215}
{"epoch": 48, "time_epoch": 8.78351, "eta": 469.5199, "eta_hours": 0.13042, "loss": 1.09637662, "lr": 0.0005314, "params": 6221, "time_iter": 0.04672, "accuracy": 0.36133, "f1": 0.19827, "auc": 0.50206}
{"epoch": 49, "time_epoch": 8.759, "eta": 459.86636, "eta_hours": 0.12774, "loss": 1.09782125, "lr": 0.00051571, "params": 6221, "time_iter": 0.04659, "accuracy": 0.34933, "f1": 0.17974, "auc": 0.49389}
{"epoch": 50, "time_epoch": 8.75237, "eta": 450.24152, "eta_hours": 0.12507, "loss": 1.09966899, "lr": 0.0005, "params": 6221, "time_iter": 0.04656, "accuracy": 0.352, "f1": 0.17426, "auc": 0.47101}
{"epoch": 51, "time_epoch": 8.74244, "eta": 440.64108, "eta_hours": 0.1224, "loss": 1.09662948, "lr": 0.00048429, "params": 6221, "time_iter": 0.0465, "accuracy": 0.35333, "f1": 0.179, "auc": 0.50789}
{"epoch": 52, "time_epoch": 8.79586, "eta": 431.12038, "eta_hours": 0.11976, "loss": 1.09802361, "lr": 0.0004686, "params": 6221, "time_iter": 0.04679, "accuracy": 0.35867, "f1": 0.20143, "auc": 0.48757}
{"epoch": 53, "time_epoch": 8.75699, "eta": 421.59342, "eta_hours": 0.11711, "loss": 1.09691664, "lr": 0.00045295, "params": 6221, "time_iter": 0.04658, "accuracy": 0.35867, "f1": 0.19938, "auc": 0.50463}
{"epoch": 54, "time_epoch": 8.76418, "eta": 412.10034, "eta_hours": 0.11447, "loss": 1.09916796, "lr": 0.00043733, "params": 6221, "time_iter": 0.04662, "accuracy": 0.356, "f1": 0.19212, "auc": 0.48332}
{"epoch": 55, "time_epoch": 8.73424, "eta": 402.60977, "eta_hours": 0.11184, "loss": 1.09754654, "lr": 0.00042178, "params": 6221, "time_iter": 0.04646, "accuracy": 0.35467, "f1": 0.18451, "auc": 0.48976}
{"epoch": 56, "time_epoch": 8.73871, "eta": 393.14911, "eta_hours": 0.10921, "loss": 1.09726702, "lr": 0.00040631, "params": 6221, "time_iter": 0.04648, "accuracy": 0.35333, "f1": 0.1863, "auc": 0.5007}
{"epoch": 57, "time_epoch": 8.75697, "eta": 383.72656, "eta_hours": 0.10659, "loss": 1.09805316, "lr": 0.00039093, "params": 6221, "time_iter": 0.04658, "accuracy": 0.35467, "f1": 0.19124, "auc": 0.50337}
{"epoch": 58, "time_epoch": 8.76298, "eta": 374.33076, "eta_hours": 0.10398, "loss": 1.09811481, "lr": 0.00037566, "params": 6221, "time_iter": 0.04661, "accuracy": 0.36, "f1": 0.21685, "auc": 0.49676}
{"epoch": 59, "time_epoch": 8.74422, "eta": 364.94354, "eta_hours": 0.10137, "loss": 1.09583309, "lr": 0.0003605, "params": 6221, "time_iter": 0.04651, "accuracy": 0.35333, "f1": 0.191, "auc": 0.52212}
{"epoch": 60, "time_epoch": 8.77757, "eta": 355.59872, "eta_hours": 0.09878, "loss": 1.09944859, "lr": 0.00034549, "params": 6221, "time_iter": 0.04669, "accuracy": 0.356, "f1": 0.19658, "auc": 0.47745}
{"epoch": 61, "time_epoch": 8.69585, "eta": 346.22212, "eta_hours": 0.09617, "loss": 1.09735739, "lr": 0.00033063, "params": 6221, "time_iter": 0.04625, "accuracy": 0.35333, "f1": 0.18398, "auc": 0.50432}
{"epoch": 62, "time_epoch": 8.37913, "eta": 336.68112, "eta_hours": 0.09352, "loss": 1.09838899, "lr": 0.00031594, "params": 6221, "time_iter": 0.04457, "accuracy": 0.35867, "f1": 0.20578, "auc": 0.49502}
{"epoch": 63, "time_epoch": 8.38154, "eta": 327.17778, "eta_hours": 0.09088, "loss": 1.09710672, "lr": 0.00030143, "params": 6221, "time_iter": 0.04458, "accuracy": 0.36133, "f1": 0.20816, "auc": 0.496}
{"epoch": 64, "time_epoch": 8.34651, "eta": 317.6901, "eta_hours": 0.08825, "loss": 1.09743954, "lr": 0.00028711, "params": 6221, "time_iter": 0.0444, "accuracy": 0.34933, "f1": 0.18691, "auc": 0.4874}
{"epoch": 65, "time_epoch": 8.32834, "eta": 308.22764, "eta_hours": 0.08562, "loss": 1.09771252, "lr": 0.000273, "params": 6221, "time_iter": 0.0443, "accuracy": 0.352, "f1": 0.18079, "auc": 0.4837}
{"epoch": 66, "time_epoch": 8.30692, "eta": 298.78848, "eta_hours": 0.083, "loss": 1.09923092, "lr": 0.00025912, "params": 6221, "time_iter": 0.04419, "accuracy": 0.348, "f1": 0.1777, "auc": 0.48379}
{"epoch": 67, "time_epoch": 8.33185, "eta": 289.39436, "eta_hours": 0.08039, "loss": 1.09797116, "lr": 0.00024548, "params": 6221, "time_iter": 0.04432, "accuracy": 0.36, "f1": 0.19122, "auc": 0.49669}
{"epoch": 68, "time_epoch": 8.35834, "eta": 280.04293, "eta_hours": 0.07779, "loss": 1.09806606, "lr": 0.00023209, "params": 6221, "time_iter": 0.04446, "accuracy": 0.356, "f1": 0.1917, "auc": 0.49607}
{"epoch": 69, "time_epoch": 8.46551, "eta": 270.7658, "eta_hours": 0.07521, "loss": 1.0970488, "lr": 0.00021896, "params": 6221, "time_iter": 0.04503, "accuracy": 0.36267, "f1": 0.20091, "auc": 0.49846}
{"epoch": 70, "time_epoch": 8.36385, "eta": 261.47001, "eta_hours": 0.07263, "loss": 1.09803207, "lr": 0.00020611, "params": 6221, "time_iter": 0.04449, "accuracy": 0.35467, "f1": 0.18197, "auc": 0.49196}
{"epoch": 71, "time_epoch": 8.3828, "eta": 252.20748, "eta_hours": 0.07006, "loss": 1.09757296, "lr": 0.00019355, "params": 6221, "time_iter": 0.04459, "accuracy": 0.356, "f1": 0.18016, "auc": 0.49321}
{"epoch": 72, "time_epoch": 8.38849, "eta": 242.97115, "eta_hours": 0.06749, "loss": 1.09751968, "lr": 0.00018129, "params": 6221, "time_iter": 0.04462, "accuracy": 0.36133, "f1": 0.19801, "auc": 0.49992}
{"epoch": 73, "time_epoch": 8.33463, "eta": 233.73882, "eta_hours": 0.06493, "loss": 1.09793639, "lr": 0.00016934, "params": 6221, "time_iter": 0.04433, "accuracy": 0.35467, "f1": 0.18478, "auc": 0.50226}
{"epoch": 74, "time_epoch": 8.34741, "eta": 224.53468, "eta_hours": 0.06237, "loss": 1.09726405, "lr": 0.00015773, "params": 6221, "time_iter": 0.0444, "accuracy": 0.35067, "f1": 0.17873, "auc": 0.50149}
{"epoch": 75, "time_epoch": 8.35134, "eta": 215.35433, "eta_hours": 0.05982, "loss": 1.09779978, "lr": 0.00014645, "params": 6221, "time_iter": 0.04442, "accuracy": 0.35333, "f1": 0.18216, "auc": 0.49791}
{"epoch": 76, "time_epoch": 8.36697, "eta": 206.20019, "eta_hours": 0.05728, "loss": 1.09661221, "lr": 0.00013552, "params": 6221, "time_iter": 0.04451, "accuracy": 0.35733, "f1": 0.18287, "auc": 0.50252}
{"epoch": 77, "time_epoch": 8.35267, "eta": 197.06219, "eta_hours": 0.05474, "loss": 1.09702878, "lr": 0.00012494, "params": 6221, "time_iter": 0.04443, "accuracy": 0.35467, "f1": 0.1866, "auc": 0.50911}
{"epoch": 78, "time_epoch": 8.37167, "eta": 187.94912, "eta_hours": 0.05221, "loss": 1.09640572, "lr": 0.00011474, "params": 6221, "time_iter": 0.04453, "accuracy": 0.352, "f1": 0.19054, "auc": 0.51833}
{"epoch": 79, "time_epoch": 8.32993, "eta": 178.84416, "eta_hours": 0.04968, "loss": 1.0960747, "lr": 0.00010492, "params": 6221, "time_iter": 0.04431, "accuracy": 0.35867, "f1": 0.19898, "auc": 0.51456}
{"epoch": 80, "time_epoch": 8.38842, "eta": 169.77205, "eta_hours": 0.04716, "loss": 1.09726156, "lr": 9.549e-05, "params": 6221, "time_iter": 0.04462, "accuracy": 0.352, "f1": 0.19198, "auc": 0.50423}
{"epoch": 81, "time_epoch": 8.35491, "eta": 160.70926, "eta_hours": 0.04464, "loss": 1.09704782, "lr": 8.646e-05, "params": 6221, "time_iter": 0.04444, "accuracy": 0.35467, "f1": 0.19925, "auc": 0.50184}
{"epoch": 82, "time_epoch": 8.40415, "eta": 151.67361, "eta_hours": 0.04213, "loss": 1.09650125, "lr": 7.784e-05, "params": 6221, "time_iter": 0.0447, "accuracy": 0.348, "f1": 0.18842, "auc": 0.51469}
{"epoch": 83, "time_epoch": 8.37212, "eta": 142.6469, "eta_hours": 0.03962, "loss": 1.09664018, "lr": 6.963e-05, "params": 6221, "time_iter": 0.04453, "accuracy": 0.36133, "f1": 0.20032, "auc": 0.51527}
{"epoch": 84, "time_epoch": 8.37917, "eta": 133.63684, "eta_hours": 0.03712, "loss": 1.09820601, "lr": 6.185e-05, "params": 6221, "time_iter": 0.04457, "accuracy": 0.36133, "f1": 0.19845, "auc": 0.49653}
{"epoch": 85, "time_epoch": 8.38171, "eta": 124.64186, "eta_hours": 0.03462, "loss": 1.09736648, "lr": 5.45e-05, "params": 6221, "time_iter": 0.04458, "accuracy": 0.35467, "f1": 0.18722, "auc": 0.49953}
{"epoch": 86, "time_epoch": 8.37664, "eta": 115.66022, "eta_hours": 0.03213, "loss": 1.09539469, "lr": 4.759e-05, "params": 6221, "time_iter": 0.04456, "accuracy": 0.356, "f1": 0.20168, "auc": 0.52515}
{"epoch": 87, "time_epoch": 8.34438, "eta": 106.68793, "eta_hours": 0.02964, "loss": 1.09795969, "lr": 4.112e-05, "params": 6221, "time_iter": 0.04438, "accuracy": 0.35067, "f1": 0.19042, "auc": 0.50527}
{"epoch": 88, "time_epoch": 8.36564, "eta": 97.73238, "eta_hours": 0.02715, "loss": 1.09604124, "lr": 3.511e-05, "params": 6221, "time_iter": 0.0445, "accuracy": 0.36267, "f1": 0.20693, "auc": 0.51193}
{"epoch": 89, "time_epoch": 8.35301, "eta": 88.78853, "eta_hours": 0.02466, "loss": 1.09568394, "lr": 2.956e-05, "params": 6221, "time_iter": 0.04443, "accuracy": 0.36667, "f1": 0.20878, "auc": 0.52877}
{"epoch": 90, "time_epoch": 8.3794, "eta": 79.86028, "eta_hours": 0.02218, "loss": 1.0969783, "lr": 2.447e-05, "params": 6221, "time_iter": 0.04457, "accuracy": 0.35867, "f1": 0.20309, "auc": 0.50779}
{"epoch": 91, "time_epoch": 8.39194, "eta": 70.94505, "eta_hours": 0.01971, "loss": 1.09637595, "lr": 1.985e-05, "params": 6221, "time_iter": 0.04464, "accuracy": 0.348, "f1": 0.18211, "auc": 0.52005}
{"epoch": 92, "time_epoch": 8.39366, "eta": 62.04121, "eta_hours": 0.01723, "loss": 1.09763728, "lr": 1.571e-05, "params": 6221, "time_iter": 0.04465, "accuracy": 0.34933, "f1": 0.19102, "auc": 0.4954}
{"epoch": 93, "time_epoch": 8.37437, "eta": 53.14699, "eta_hours": 0.01476, "loss": 1.09786355, "lr": 1.204e-05, "params": 6221, "time_iter": 0.04454, "accuracy": 0.352, "f1": 0.18825, "auc": 0.5038}
{"epoch": 94, "time_epoch": 8.3632, "eta": 44.26312, "eta_hours": 0.0123, "loss": 1.09792847, "lr": 8.86e-06, "params": 6221, "time_iter": 0.04449, "accuracy": 0.344, "f1": 0.18285, "auc": 0.51211}
{"epoch": 95, "time_epoch": 8.37026, "eta": 35.3904, "eta_hours": 0.00983, "loss": 1.09770844, "lr": 6.16e-06, "params": 6221, "time_iter": 0.04452, "accuracy": 0.352, "f1": 0.19033, "auc": 0.50056}
{"epoch": 96, "time_epoch": 8.31507, "eta": 26.52633, "eta_hours": 0.00737, "loss": 1.09641394, "lr": 3.94e-06, "params": 6221, "time_iter": 0.04423, "accuracy": 0.35467, "f1": 0.19332, "auc": 0.51643}
{"epoch": 97, "time_epoch": 8.3801, "eta": 17.67479, "eta_hours": 0.00491, "loss": 1.09570424, "lr": 2.22e-06, "params": 6221, "time_iter": 0.04457, "accuracy": 0.36267, "f1": 0.21075, "auc": 0.52814}
{"epoch": 98, "time_epoch": 8.37564, "eta": 8.83273, "eta_hours": 0.00245, "loss": 1.09630676, "lr": 9.9e-07, "params": 6221, "time_iter": 0.04455, "accuracy": 0.35867, "f1": 0.19906, "auc": 0.50378}
{"epoch": 99, "time_epoch": 8.38774, "eta": 0.0, "eta_hours": 0.0, "loss": 1.09656747, "lr": 2.5e-07, "params": 6221, "time_iter": 0.04462, "accuracy": 0.35067, "f1": 0.1936, "auc": 0.51184}
