{"epoch": 0, "time_epoch": 3.32737, "eta": 329.4095, "eta_hours": 0.0915, "loss": 0.68026397, "lr": 0.001, "params": 4849, "time_iter": 0.01132, "accuracy": 0.57653, "precision": 0.43182, "recall": 0.07819, "f1": 0.1324, "auc": 0.49612}
{"epoch": 1, "time_epoch": 3.26132, "eta": 322.84579, "eta_hours": 0.08968, "loss": 0.67970707, "lr": 0.00099975, "params": 4849, "time_iter": 0.01109, "accuracy": 0.58673, "precision": 0.0, "recall": 0.0, "f1": 0.0, "auc": 0.46466}
{"epoch": 2, "time_epoch": 3.2661, "eta": 318.63833, "eta_hours": 0.08851, "loss": 0.67902924, "lr": 0.00099901, "params": 4849, "time_iter": 0.01111, "accuracy": 0.58673, "precision": 0.0, "recall": 0.0, "f1": 0.0, "auc": 0.44965}
{"epoch": 3, "time_epoch": 3.2914, "eta": 315.50855, "eta_hours": 0.08764, "loss": 0.67887132, "lr": 0.00099778, "params": 4849, "time_iter": 0.0112, "accuracy": 0.58673, "precision": 0.0, "recall": 0.0, "f1": 0.0, "auc": 0.47186}
{"epoch": 4, "time_epoch": 3.3043, "eta": 312.55924, "eta_hours": 0.08682, "loss": 0.67884592, "lr": 0.00099606, "params": 4849, "time_iter": 0.01124, "accuracy": 0.58673, "precision": 0.0, "recall": 0.0, "f1": 0.0, "auc": 0.44709}
{"epoch": 5, "time_epoch": 3.30093, "eta": 309.43888, "eta_hours": 0.08596, "loss": 0.6791766, "lr": 0.00099384, "params": 4849, "time_iter": 0.01123, "accuracy": 0.58673, "precision": 0.0, "recall": 0.0, "f1": 0.0, "auc": 0.4578}
{"epoch": 6, "time_epoch": 3.31933, "eta": 306.51133, "eta_hours": 0.08514, "loss": 0.67938532, "lr": 0.00099114, "params": 4849, "time_iter": 0.01129, "accuracy": 0.58673, "precision": 0.0, "recall": 0.0, "f1": 0.0, "auc": 0.46584}
{"epoch": 7, "time_epoch": 3.30217, "eta": 303.28849, "eta_hours": 0.08425, "loss": 0.67879987, "lr": 0.00098796, "params": 4849, "time_iter": 0.01123, "accuracy": 0.58673, "precision": 0.0, "recall": 0.0, "f1": 0.0, "auc": 0.47098}
{"epoch": 8, "time_epoch": 3.21856, "eta": 299.20266, "eta_hours": 0.08311, "loss": 0.67889929, "lr": 0.00098429, "params": 4849, "time_iter": 0.01095, "accuracy": 0.58673, "precision": 0.0, "recall": 0.0, "f1": 0.0, "auc": 0.43401}
{"epoch": 9, "time_epoch": 2.95093, "eta": 292.88165, "eta_hours": 0.08136, "loss": 0.67853425, "lr": 0.00098015, "params": 4849, "time_iter": 0.01004, "accuracy": 0.58673, "precision": 0.0, "recall": 0.0, "f1": 0.0, "auc": 0.4507}
{"epoch": 10, "time_epoch": 2.89463, "eta": 286.71786, "eta_hours": 0.07964, "loss": 0.67916955, "lr": 0.00097553, "params": 4849, "time_iter": 0.00985, "accuracy": 0.58673, "precision": 0.0, "recall": 0.0, "f1": 0.0, "auc": 0.45626}
{"epoch": 11, "time_epoch": 3.66297, "eta": 286.7334, "eta_hours": 0.07965, "loss": 0.67907863, "lr": 0.00097044, "params": 4849, "time_iter": 0.01246, "accuracy": 0.58673, "precision": 0.0, "recall": 0.0, "f1": 0.0, "auc": 0.46165}
{"epoch": 12, "time_epoch": 3.65774, "eta": 286.14801, "eta_hours": 0.07949, "loss": 0.67901959, "lr": 0.00096489, "params": 4849, "time_iter": 0.01244, "accuracy": 0.58673, "precision": 0.0, "recall": 0.0, "f1": 0.0, "auc": 0.47596}
{"epoch": 13, "time_epoch": 3.6501, "eta": 285.07679, "eta_hours": 0.07919, "loss": 0.6787292, "lr": 0.00095888, "params": 4849, "time_iter": 0.01242, "accuracy": 0.58673, "precision": 0.0, "recall": 0.0, "f1": 0.0, "auc": 0.44257}
{"epoch": 14, "time_epoch": 3.61209, "eta": 283.44633, "eta_hours": 0.07874, "loss": 0.67871061, "lr": 0.00095241, "params": 4849, "time_iter": 0.01229, "accuracy": 0.58673, "precision": 0.0, "recall": 0.0, "f1": 0.0, "auc": 0.46451}
{"epoch": 15, "time_epoch": 3.62055, "eta": 281.61255, "eta_hours": 0.07823, "loss": 0.6785012, "lr": 0.0009455, "params": 4849, "time_iter": 0.01231, "accuracy": 0.58673, "precision": 0.0, "recall": 0.0, "f1": 0.0, "auc": 0.43381}
{"epoch": 16, "time_epoch": 3.63343, "eta": 279.63146, "eta_hours": 0.07768, "loss": 0.67856497, "lr": 0.00093815, "params": 4849, "time_iter": 0.01236, "accuracy": 0.58673, "precision": 0.0, "recall": 0.0, "f1": 0.0, "auc": 0.46626}
{"epoch": 17, "time_epoch": 3.62891, "eta": 277.44621, "eta_hours": 0.07707, "loss": 0.6786195, "lr": 0.00093037, "params": 4849, "time_iter": 0.01234, "accuracy": 0.58673, "precision": 0.0, "recall": 0.0, "f1": 0.0, "auc": 0.47126}
{"epoch": 18, "time_epoch": 3.64338, "eta": 275.17067, "eta_hours": 0.07644, "loss": 0.67864338, "lr": 0.00092216, "params": 4849, "time_iter": 0.01239, "accuracy": 0.58673, "precision": 0.0, "recall": 0.0, "f1": 0.0, "auc": 0.46156}
{"epoch": 19, "time_epoch": 3.61073, "eta": 272.62776, "eta_hours": 0.07573, "loss": 0.67848228, "lr": 0.00091354, "params": 4849, "time_iter": 0.01228, "accuracy": 0.58673, "precision": 0.0, "recall": 0.0, "f1": 0.0, "auc": 0.48878}
{"epoch": 20, "time_epoch": 3.61589, "eta": 270.00256, "eta_hours": 0.075, "loss": 0.67862457, "lr": 0.00090451, "params": 4849, "time_iter": 0.0123, "accuracy": 0.58673, "precision": 0.0, "recall": 0.0, "f1": 0.0, "auc": 0.45591}
{"epoch": 21, "time_epoch": 3.6302, "eta": 267.33801, "eta_hours": 0.07426, "loss": 0.67908354, "lr": 0.00089508, "params": 4849, "time_iter": 0.01235, "accuracy": 0.58673, "precision": 0.0, "recall": 0.0, "f1": 0.0, "auc": 0.41368}
{"epoch": 22, "time_epoch": 3.61489, "eta": 264.53825, "eta_hours": 0.07348, "loss": 0.6785697, "lr": 0.00088526, "params": 4849, "time_iter": 0.0123, "accuracy": 0.58673, "precision": 0.0, "recall": 0.0, "f1": 0.0, "auc": 0.45816}
{"epoch": 23, "time_epoch": 3.63574, "eta": 261.73659, "eta_hours": 0.0727, "loss": 0.67911246, "lr": 0.00087506, "params": 4849, "time_iter": 0.01237, "accuracy": 0.58673, "precision": 0.0, "recall": 0.0, "f1": 0.0, "auc": 0.44778}
{"epoch": 24, "time_epoch": 3.62344, "eta": 258.83131, "eta_hours": 0.0719, "loss": 0.67871687, "lr": 0.00086448, "params": 4849, "time_iter": 0.01232, "accuracy": 0.58673, "precision": 0.0, "recall": 0.0, "f1": 0.0, "auc": 0.44137}
{"epoch": 25, "time_epoch": 3.6176, "eta": 255.85416, "eta_hours": 0.07107, "loss": 0.67837049, "lr": 0.00085355, "params": 4849, "time_iter": 0.0123, "accuracy": 0.58673, "precision": 0.0, "recall": 0.0, "f1": 0.0, "auc": 0.46352}
{"epoch": 26, "time_epoch": 3.62549, "eta": 252.85091, "eta_hours": 0.07024, "loss": 0.67853924, "lr": 0.00084227, "params": 4849, "time_iter": 0.01233, "accuracy": 0.58673, "precision": 0.0, "recall": 0.0, "f1": 0.0, "auc": 0.45892}
{"epoch": 27, "time_epoch": 3.6133, "eta": 249.77186, "eta_hours": 0.06938, "loss": 0.67852481, "lr": 0.00083066, "params": 4849, "time_iter": 0.01229, "accuracy": 0.58673, "precision": 0.0, "recall": 0.0, "f1": 0.0, "auc": 0.44001}
{"epoch": 28, "time_epoch": 3.63469, "eta": 246.70833, "eta_hours": 0.06853, "loss": 0.6788232, "lr": 0.00081871, "params": 4849, "time_iter": 0.01236, "accuracy": 0.58673, "precision": 0.0, "recall": 0.0, "f1": 0.0, "auc": 0.46719}
{"epoch": 29, "time_epoch": 3.6652, "eta": 243.6779, "eta_hours": 0.06769, "loss": 0.67862278, "lr": 0.00080645, "params": 4849, "time_iter": 0.01247, "accuracy": 0.58673, "precision": 0.0, "recall": 0.0, "f1": 0.0, "auc": 0.45504}
{"epoch": 30, "time_epoch": 3.65666, "eta": 240.58752, "eta_hours": 0.06683, "loss": 0.67849651, "lr": 0.00079389, "params": 4849, "time_iter": 0.01244, "accuracy": 0.58673, "precision": 0.0, "recall": 0.0, "f1": 0.0, "auc": 0.43989}
{"epoch": 31, "time_epoch": 3.6202, "eta": 237.38428, "eta_hours": 0.06594, "loss": 0.67844785, "lr": 0.00078104, "params": 4849, "time_iter": 0.01231, "accuracy": 0.58673, "precision": 0.0, "recall": 0.0, "f1": 0.0, "auc": 0.45748}
{"epoch": 32, "time_epoch": 3.6406, "eta": 234.19718, "eta_hours": 0.06505, "loss": 0.6787991, "lr": 0.00076791, "params": 4849, "time_iter": 0.01238, "accuracy": 0.58673, "precision": 0.0, "recall": 0.0, "f1": 0.0, "auc": 0.45538}
{"epoch": 33, "time_epoch": 3.61118, "eta": 230.9263, "eta_hours": 0.06415, "loss": 0.67853373, "lr": 0.00075452, "params": 4849, "time_iter": 0.01228, "accuracy": 0.58673, "precision": 0.0, "recall": 0.0, "f1": 0.0, "auc": 0.44882}
{"epoch": 34, "time_epoch": 3.6318, "eta": 227.67425, "eta_hours": 0.06324, "loss": 0.67850789, "lr": 0.00074088, "params": 4849, "time_iter": 0.01235, "accuracy": 0.58673, "precision": 0.0, "recall": 0.0, "f1": 0.0, "auc": 0.4857}
{"epoch": 35, "time_epoch": 3.61232, "eta": 224.36649, "eta_hours": 0.06232, "loss": 0.67842952, "lr": 0.000727, "params": 4849, "time_iter": 0.01229, "accuracy": 0.58673, "precision": 0.0, "recall": 0.0, "f1": 0.0, "auc": 0.48099}
{"epoch": 36, "time_epoch": 3.60146, "eta": 221.02377, "eta_hours": 0.0614, "loss": 0.67843536, "lr": 0.00071289, "params": 4849, "time_iter": 0.01225, "accuracy": 0.58673, "precision": 0.0, "recall": 0.0, "f1": 0.0, "auc": 0.46949}
{"epoch": 37, "time_epoch": 3.62097, "eta": 217.69926, "eta_hours": 0.06047, "loss": 0.67843698, "lr": 0.00069857, "params": 4849, "time_iter": 0.01232, "accuracy": 0.58673, "precision": 0.0, "recall": 0.0, "f1": 0.0, "auc": 0.47504}
{"epoch": 38, "time_epoch": 2.93237, "eta": 213.28251, "eta_hours": 0.05925, "loss": 0.67840485, "lr": 0.00068406, "params": 4849, "time_iter": 0.00997, "accuracy": 0.58673, "precision": 0.0, "recall": 0.0, "f1": 0.0, "auc": 0.47327}
{"epoch": 39, "time_epoch": 3.63279, "eta": 209.99062, "eta_hours": 0.05833, "loss": 0.67839395, "lr": 0.00066937, "params": 4849, "time_iter": 0.01236, "accuracy": 0.58673, "precision": 0.0, "recall": 0.0, "f1": 0.0, "auc": 0.45393}
{"epoch": 40, "time_epoch": 3.65459, "eta": 206.71346, "eta_hours": 0.05742, "loss": 0.67855809, "lr": 0.00065451, "params": 4849, "time_iter": 0.01243, "accuracy": 0.58673, "precision": 0.0, "recall": 0.0, "f1": 0.0, "auc": 0.46021}
{"epoch": 41, "time_epoch": 3.64182, "eta": 203.4007, "eta_hours": 0.0565, "loss": 0.67873449, "lr": 0.0006395, "params": 4849, "time_iter": 0.01239, "accuracy": 0.58673, "precision": 0.0, "recall": 0.0, "f1": 0.0, "auc": 0.44672}
{"epoch": 42, "time_epoch": 3.63773, "eta": 200.0672, "eta_hours": 0.05557, "loss": 0.67843939, "lr": 0.00062434, "params": 4849, "time_iter": 0.01237, "accuracy": 0.58673, "precision": 0.0, "recall": 0.0, "f1": 0.0, "auc": 0.45247}
{"epoch": 43, "time_epoch": 3.6375, "eta": 196.71958, "eta_hours": 0.05464, "loss": 0.67837003, "lr": 0.00060907, "params": 4849, "time_iter": 0.01237, "accuracy": 0.58673, "precision": 0.0, "recall": 0.0, "f1": 0.0, "auc": 0.48542}
{"epoch": 44, "time_epoch": 3.43655, "eta": 193.11348, "eta_hours": 0.05364, "loss": 0.6784642, "lr": 0.00059369, "params": 4849, "time_iter": 0.01169, "accuracy": 0.58673, "precision": 0.0, "recall": 0.0, "f1": 0.0, "auc": 0.47308}
{"epoch": 45, "time_epoch": 3.18797, "eta": 189.22293, "eta_hours": 0.05256, "loss": 0.67840736, "lr": 0.00057822, "params": 4849, "time_iter": 0.01084, "accuracy": 0.58673, "precision": 0.0, "recall": 0.0, "f1": 0.0, "auc": 0.45647}
{"epoch": 46, "time_epoch": 3.19584, "eta": 185.37116, "eta_hours": 0.05149, "loss": 0.67833519, "lr": 0.00056267, "params": 4849, "time_iter": 0.01087, "accuracy": 0.58673, "precision": 0.0, "recall": 0.0, "f1": 0.0, "auc": 0.43252}
{"epoch": 47, "time_epoch": 2.97174, "eta": 181.30394, "eta_hours": 0.05036, "loss": 0.67856318, "lr": 0.00054705, "params": 4849, "time_iter": 0.01011, "accuracy": 0.58673, "precision": 0.0, "recall": 0.0, "f1": 0.0, "auc": 0.41088}
{"epoch": 48, "time_epoch": 3.07767, "eta": 177.39169, "eta_hours": 0.04928, "loss": 0.67826955, "lr": 0.0005314, "params": 4849, "time_iter": 0.01047, "accuracy": 0.58673, "precision": 0.0, "recall": 0.0, "f1": 0.0, "auc": 0.45709}
{"epoch": 49, "time_epoch": 2.94902, "eta": 173.38417, "eta_hours": 0.04816, "loss": 0.67830834, "lr": 0.00051571, "params": 4849, "time_iter": 0.01003, "accuracy": 0.58673, "precision": 0.0, "recall": 0.0, "f1": 0.0, "auc": 0.45575}
{"epoch": 50, "time_epoch": 3.65573, "eta": 170.09716, "eta_hours": 0.04725, "loss": 0.67830578, "lr": 0.0005, "params": 4849, "time_iter": 0.01243, "accuracy": 0.58673, "precision": 0.0, "recall": 0.0, "f1": 0.0, "auc": 0.46374}
{"epoch": 51, "time_epoch": 3.64814, "eta": 166.78896, "eta_hours": 0.04633, "loss": 0.6783075, "lr": 0.00048429, "params": 4849, "time_iter": 0.01241, "accuracy": 0.58673, "precision": 0.0, "recall": 0.0, "f1": 0.0, "auc": 0.43284}
{"epoch": 52, "time_epoch": 3.60588, "eta": 163.43046, "eta_hours": 0.0454, "loss": 0.6781947, "lr": 0.0004686, "params": 4849, "time_iter": 0.01226, "accuracy": 0.58673, "precision": 0.0, "recall": 0.0, "f1": 0.0, "auc": 0.46361}
{"epoch": 53, "time_epoch": 3.4103, "eta": 159.89618, "eta_hours": 0.04442, "loss": 0.67836551, "lr": 0.00045295, "params": 4849, "time_iter": 0.0116, "accuracy": 0.58673, "precision": 0.0, "recall": 0.0, "f1": 0.0, "auc": 0.44372}
{"epoch": 54, "time_epoch": 2.90503, "eta": 155.95302, "eta_hours": 0.04332, "loss": 0.67832303, "lr": 0.00043733, "params": 4849, "time_iter": 0.00988, "accuracy": 0.58673, "precision": 0.0, "recall": 0.0, "f1": 0.0, "auc": 0.44231}
{"epoch": 55, "time_epoch": 2.87803, "eta": 152.02571, "eta_hours": 0.04223, "loss": 0.67822792, "lr": 0.00042178, "params": 4849, "time_iter": 0.00979, "accuracy": 0.58673, "precision": 0.0, "recall": 0.0, "f1": 0.0, "auc": 0.46086}
{"epoch": 56, "time_epoch": 3.63002, "eta": 148.70252, "eta_hours": 0.04131, "loss": 0.67829895, "lr": 0.00040631, "params": 4849, "time_iter": 0.01235, "accuracy": 0.58673, "precision": 0.0, "recall": 0.0, "f1": 0.0, "auc": 0.46965}
{"epoch": 57, "time_epoch": 3.63901, "eta": 145.37525, "eta_hours": 0.04038, "loss": 0.67821147, "lr": 0.00039093, "params": 4849, "time_iter": 0.01238, "accuracy": 0.58673, "precision": 0.0, "recall": 0.0, "f1": 0.0, "auc": 0.46806}
{"epoch": 58, "time_epoch": 3.62728, "eta": 142.02927, "eta_hours": 0.03945, "loss": 0.67825071, "lr": 0.00037566, "params": 4849, "time_iter": 0.01234, "accuracy": 0.58673, "precision": 0.0, "recall": 0.0, "f1": 0.0, "auc": 0.42893}
{"epoch": 59, "time_epoch": 3.58984, "eta": 138.64895, "eta_hours": 0.03851, "loss": 0.67823, "lr": 0.0003605, "params": 4849, "time_iter": 0.01221, "accuracy": 0.58673, "precision": 0.0, "recall": 0.0, "f1": 0.0, "auc": 0.44714}
{"epoch": 60, "time_epoch": 3.63311, "eta": 135.28943, "eta_hours": 0.03758, "loss": 0.67828731, "lr": 0.00034549, "params": 4849, "time_iter": 0.01236, "accuracy": 0.58673, "precision": 0.0, "recall": 0.0, "f1": 0.0, "auc": 0.45722}
{"epoch": 61, "time_epoch": 3.61565, "eta": 131.91038, "eta_hours": 0.03664, "loss": 0.67831687, "lr": 0.00033063, "params": 4849, "time_iter": 0.0123, "accuracy": 0.58673, "precision": 0.0, "recall": 0.0, "f1": 0.0, "auc": 0.43785}
{"epoch": 62, "time_epoch": 3.51541, "eta": 128.46494, "eta_hours": 0.03568, "loss": 0.67829593, "lr": 0.00031594, "params": 4849, "time_iter": 0.01196, "accuracy": 0.58673, "precision": 0.0, "recall": 0.0, "f1": 0.0, "auc": 0.42597}
{"epoch": 63, "time_epoch": 3.21808, "eta": 124.85007, "eta_hours": 0.03468, "loss": 0.67824804, "lr": 0.00030143, "params": 4849, "time_iter": 0.01095, "accuracy": 0.58673, "precision": 0.0, "recall": 0.0, "f1": 0.0, "auc": 0.44424}
{"epoch": 64, "time_epoch": 3.65192, "eta": 121.48102, "eta_hours": 0.03374, "loss": 0.67827807, "lr": 0.00028711, "params": 4849, "time_iter": 0.01242, "accuracy": 0.58673, "precision": 0.0, "recall": 0.0, "f1": 0.0, "auc": 0.4685}
{"epoch": 65, "time_epoch": 2.9127, "eta": 117.72258, "eta_hours": 0.0327, "loss": 0.67819507, "lr": 0.000273, "params": 4849, "time_iter": 0.00991, "accuracy": 0.58673, "precision": 0.0, "recall": 0.0, "f1": 0.0, "auc": 0.39823}
{"epoch": 66, "time_epoch": 3.51081, "eta": 114.28398, "eta_hours": 0.03175, "loss": 0.67814083, "lr": 0.00025912, "params": 4849, "time_iter": 0.01194, "accuracy": 0.58673, "precision": 0.0, "recall": 0.0, "f1": 0.0, "auc": 0.42299}
{"epoch": 67, "time_epoch": 3.63478, "eta": 110.9016, "eta_hours": 0.03081, "loss": 0.67815073, "lr": 0.00024548, "params": 4849, "time_iter": 0.01236, "accuracy": 0.58673, "precision": 0.0, "recall": 0.0, "f1": 0.0, "auc": 0.44168}
{"epoch": 68, "time_epoch": 3.6208, "eta": 107.50562, "eta_hours": 0.02986, "loss": 0.67821325, "lr": 0.00023209, "params": 4849, "time_iter": 0.01232, "accuracy": 0.58673, "precision": 0.0, "recall": 0.0, "f1": 0.0, "auc": 0.4612}
{"epoch": 69, "time_epoch": 3.61076, "eta": 104.09891, "eta_hours": 0.02892, "loss": 0.67816273, "lr": 0.00021896, "params": 4849, "time_iter": 0.01228, "accuracy": 0.58673, "precision": 0.0, "recall": 0.0, "f1": 0.0, "auc": 0.45495}
{"epoch": 70, "time_epoch": 2.93204, "eta": 100.40923, "eta_hours": 0.02789, "loss": 0.67814158, "lr": 0.00020611, "params": 4849, "time_iter": 0.00997, "accuracy": 0.58673, "precision": 0.0, "recall": 0.0, "f1": 0.0, "auc": 0.45799}
{"epoch": 71, "time_epoch": 2.88094, "eta": 96.72072, "eta_hours": 0.02687, "loss": 0.67818405, "lr": 0.00019355, "params": 4849, "time_iter": 0.0098, "accuracy": 0.58673, "precision": 0.0, "recall": 0.0, "f1": 0.0, "auc": 0.44261}
{"epoch": 72, "time_epoch": 2.88039, "eta": 93.05414, "eta_hours": 0.02585, "loss": 0.67814431, "lr": 0.00018129, "params": 4849, "time_iter": 0.0098, "accuracy": 0.58673, "precision": 0.0, "recall": 0.0, "f1": 0.0, "auc": 0.42443}
{"epoch": 73, "time_epoch": 2.87909, "eta": 89.40835, "eta_hours": 0.02484, "loss": 0.67810497, "lr": 0.00016934, "params": 4849, "time_iter": 0.00979, "accuracy": 0.58673, "precision": 0.0, "recall": 0.0, "f1": 0.0, "auc": 0.44305}
{"epoch": 74, "time_epoch": 2.89095, "eta": 85.78696, "eta_hours": 0.02383, "loss": 0.67811823, "lr": 0.00015773, "params": 4849, "time_iter": 0.00983, "accuracy": 0.58673, "precision": 0.0, "recall": 0.0, "f1": 0.0, "auc": 0.47613}
{"epoch": 75, "time_epoch": 3.62041, "eta": 82.41514, "eta_hours": 0.02289, "loss": 0.67812196, "lr": 0.00014645, "params": 4849, "time_iter": 0.01231, "accuracy": 0.58673, "precision": 0.0, "recall": 0.0, "f1": 0.0, "auc": 0.46807}
{"epoch": 76, "time_epoch": 2.92787, "eta": 78.83001, "eta_hours": 0.0219, "loss": 0.67812808, "lr": 0.00013552, "params": 4849, "time_iter": 0.00996, "accuracy": 0.58673, "precision": 0.0, "recall": 0.0, "f1": 0.0, "auc": 0.45802}
{"epoch": 77, "time_epoch": 3.64283, "eta": 75.46338, "eta_hours": 0.02096, "loss": 0.67810776, "lr": 0.00012494, "params": 4849, "time_iter": 0.01239, "accuracy": 0.58673, "precision": 0.0, "recall": 0.0, "f1": 0.0, "auc": 0.45679}
{"epoch": 78, "time_epoch": 3.64429, "eta": 72.09015, "eta_hours": 0.02003, "loss": 0.6780885, "lr": 0.00011474, "params": 4849, "time_iter": 0.0124, "accuracy": 0.58673, "precision": 0.0, "recall": 0.0, "f1": 0.0, "auc": 0.46148}
{"epoch": 79, "time_epoch": 3.73675, "eta": 68.73325, "eta_hours": 0.01909, "loss": 0.6780971, "lr": 0.00010492, "params": 4849, "time_iter": 0.01271, "accuracy": 0.58673, "precision": 0.0, "recall": 0.0, "f1": 0.0, "auc": 0.46668}
{"epoch": 80, "time_epoch": 3.64396, "eta": 65.34522, "eta_hours": 0.01815, "loss": 0.67809397, "lr": 9.549e-05, "params": 4849, "time_iter": 0.01239, "accuracy": 0.58673, "precision": 0.0, "recall": 0.0, "f1": 0.0, "auc": 0.44183}
{"epoch": 81, "time_epoch": 3.62563, "eta": 61.94691, "eta_hours": 0.01721, "loss": 0.67809396, "lr": 8.646e-05, "params": 4849, "time_iter": 0.01233, "accuracy": 0.58673, "precision": 0.0, "recall": 0.0, "f1": 0.0, "auc": 0.43916}
{"epoch": 82, "time_epoch": 3.5837, "eta": 58.53454, "eta_hours": 0.01626, "loss": 0.67806807, "lr": 7.784e-05, "params": 4849, "time_iter": 0.01219, "accuracy": 0.58673, "precision": 0.0, "recall": 0.0, "f1": 0.0, "auc": 0.45182}
{"epoch": 83, "time_epoch": 3.58767, "eta": 55.11885, "eta_hours": 0.01531, "loss": 0.6780835, "lr": 6.963e-05, "params": 4849, "time_iter": 0.0122, "accuracy": 0.58673, "precision": 0.0, "recall": 0.0, "f1": 0.0, "auc": 0.46005}
{"epoch": 84, "time_epoch": 3.63827, "eta": 51.70804, "eta_hours": 0.01436, "loss": 0.67807057, "lr": 6.185e-05, "params": 4849, "time_iter": 0.01238, "accuracy": 0.58673, "precision": 0.0, "recall": 0.0, "f1": 0.0, "auc": 0.42853}
{"epoch": 85, "time_epoch": 3.60424, "eta": 48.2864, "eta_hours": 0.01341, "loss": 0.6780711, "lr": 5.45e-05, "params": 4849, "time_iter": 0.01226, "accuracy": 0.58673, "precision": 0.0, "recall": 0.0, "f1": 0.0, "auc": 0.43823}
{"epoch": 86, "time_epoch": 3.60176, "eta": 44.8602, "eta_hours": 0.01246, "loss": 0.67805314, "lr": 4.759e-05, "params": 4849, "time_iter": 0.01225, "accuracy": 0.58673, "precision": 0.0, "recall": 0.0, "f1": 0.0, "auc": 0.43365}
{"epoch": 87, "time_epoch": 3.60151, "eta": 41.42997, "eta_hours": 0.01151, "loss": 0.67805969, "lr": 4.112e-05, "params": 4849, "time_iter": 0.01225, "accuracy": 0.58673, "precision": 0.0, "recall": 0.0, "f1": 0.0, "auc": 0.44211}
{"epoch": 88, "time_epoch": 3.60331, "eta": 37.99611, "eta_hours": 0.01055, "loss": 0.67805586, "lr": 3.511e-05, "params": 4849, "time_iter": 0.01226, "accuracy": 0.58673, "precision": 0.0, "recall": 0.0, "f1": 0.0, "auc": 0.46886}
{"epoch": 89, "time_epoch": 3.63894, "eta": 34.56244, "eta_hours": 0.0096, "loss": 0.67804415, "lr": 2.956e-05, "params": 4849, "time_iter": 0.01238, "accuracy": 0.58673, "precision": 0.0, "recall": 0.0, "f1": 0.0, "auc": 0.46057}
{"epoch": 90, "time_epoch": 3.61231, "eta": 31.12163, "eta_hours": 0.00864, "loss": 0.67804286, "lr": 2.447e-05, "params": 4849, "time_iter": 0.01229, "accuracy": 0.58673, "precision": 0.0, "recall": 0.0, "f1": 0.0, "auc": 0.448}
{"epoch": 91, "time_epoch": 3.61722, "eta": 27.67752, "eta_hours": 0.00769, "loss": 0.67803916, "lr": 1.985e-05, "params": 4849, "time_iter": 0.0123, "accuracy": 0.58673, "precision": 0.0, "recall": 0.0, "f1": 0.0, "auc": 0.44527}
{"epoch": 92, "time_epoch": 3.60855, "eta": 24.22904, "eta_hours": 0.00673, "loss": 0.67803427, "lr": 1.571e-05, "params": 4849, "time_iter": 0.01227, "accuracy": 0.58673, "precision": 0.0, "recall": 0.0, "f1": 0.0, "auc": 0.42727}
{"epoch": 93, "time_epoch": 3.60505, "eta": 20.77692, "eta_hours": 0.00577, "loss": 0.67803389, "lr": 1.204e-05, "params": 4849, "time_iter": 0.01226, "accuracy": 0.58673, "precision": 0.0, "recall": 0.0, "f1": 0.0, "auc": 0.42727}
{"epoch": 94, "time_epoch": 3.64341, "eta": 17.32361, "eta_hours": 0.00481, "loss": 0.67803372, "lr": 8.86e-06, "params": 4849, "time_iter": 0.01239, "accuracy": 0.58673, "precision": 0.0, "recall": 0.0, "f1": 0.0, "auc": 0.45378}
{"epoch": 95, "time_epoch": 3.6349, "eta": 13.86598, "eta_hours": 0.00385, "loss": 0.67802966, "lr": 6.16e-06, "params": 4849, "time_iter": 0.01236, "accuracy": 0.58673, "precision": 0.0, "recall": 0.0, "f1": 0.0, "auc": 0.45146}
{"epoch": 96, "time_epoch": 3.59262, "eta": 10.40338, "eta_hours": 0.00289, "loss": 0.67802769, "lr": 3.94e-06, "params": 4849, "time_iter": 0.01222, "accuracy": 0.58673, "precision": 0.0, "recall": 0.0, "f1": 0.0, "auc": 0.43572}
{"epoch": 97, "time_epoch": 3.60613, "eta": 6.93841, "eta_hours": 0.00193, "loss": 0.67802642, "lr": 2.22e-06, "params": 4849, "time_iter": 0.01227, "accuracy": 0.58673, "precision": 0.0, "recall": 0.0, "f1": 0.0, "auc": 0.44481}
{"epoch": 98, "time_epoch": 3.63196, "eta": 3.47085, "eta_hours": 0.00096, "loss": 0.67802588, "lr": 9.9e-07, "params": 4849, "time_iter": 0.01235, "accuracy": 0.58673, "precision": 0.0, "recall": 0.0, "f1": 0.0, "auc": 0.43308}
{"epoch": 99, "time_epoch": 2.8485, "eta": 0.0, "eta_hours": 0.0, "loss": 0.67802519, "lr": 2.5e-07, "params": 4849, "time_iter": 0.00969, "accuracy": 0.58673, "precision": 0.0, "recall": 0.0, "f1": 0.0, "auc": 0.44512}
