{"epoch": 0, "time_epoch": 0.91704, "time_epoch_std": 0.0, "eta": 90.78648, "eta_std": 0.0, "eta_hours": 0.02522, "eta_hours_std": 0.0, "loss": 0.69664, "loss_std": 0.0, "lr": 0.001, "lr_std": 0.0, "params": 9207.0, "params_std": 0.0, "time_iter": 0.30568, "time_iter_std": 0.0, "accuracy": 0.30769, "accuracy_std": 0.0, "precision": 0.0, "precision_std": 0.0, "recall": 0.0, "recall_std": 0.0, "f1": 0.0, "f1_std": 0.0, "auc": 0.46006, "auc_std": 0.0}
{"epoch": 1, "time_epoch": 2.04016, "time_epoch_std": 0.0, "eta": 144.90244, "eta_std": 0.0, "eta_hours": 0.04025, "eta_hours_std": 0.0, "loss": 0.69289, "loss_std": 0.0, "lr": 0.001, "lr_std": 0.0, "params": 9207.0, "params_std": 0.0, "time_iter": 0.68005, "time_iter_std": 0.0, "accuracy": 0.51282, "accuracy_std": 0.0, "precision": 0.64, "precision_std": 0.0, "recall": 0.61538, "recall_std": 0.0, "f1": 0.62745, "f1_std": 0.0, "auc": 0.45858, "auc_std": 0.0}
{"epoch": 2, "time_epoch": 2.03864, "time_epoch_std": 0.0, "eta": 161.53192, "eta_std": 0.0, "eta_hours": 0.04487, "eta_hours_std": 0.0, "loss": 0.6894, "loss_std": 0.0, "lr": 0.001, "lr_std": 0.0, "params": 9207.0, "params_std": 0.0, "time_iter": 0.67955, "time_iter_std": 0.0, "accuracy": 0.66667, "accuracy_std": 0.0, "precision": 0.66667, "precision_std": 0.0, "recall": 1.0, "recall_std": 0.0, "f1": 0.8, "f1_std": 0.0, "auc": 0.47929, "auc_std": 0.0}
{"epoch": 3, "time_epoch": 2.05142, "time_epoch_std": 0.0, "eta": 169.1341, "eta_std": 0.0, "eta_hours": 0.04698, "eta_hours_std": 0.0, "loss": 0.68636, "loss_std": 0.0, "lr": 0.001, "lr_std": 0.0, "params": 9207.0, "params_std": 0.0, "time_iter": 0.68381, "time_iter_std": 0.0, "accuracy": 0.66667, "accuracy_std": 0.0, "precision": 0.66667, "precision_std": 0.0, "recall": 1.0, "recall_std": 0.0, "f1": 0.8, "f1_std": 0.0, "auc": 0.53254, "auc_std": 0.0}
{"epoch": 4, "time_epoch": 2.04428, "time_epoch_std": 0.0, "eta": 172.73912, "eta_std": 0.0, "eta_hours": 0.04798, "eta_hours_std": 0.0, "loss": 0.68435, "loss_std": 0.0, "lr": 0.001, "lr_std": 0.0, "params": 9207.0, "params_std": 0.0, "time_iter": 0.68143, "time_iter_std": 0.0, "accuracy": 0.66667, "accuracy_std": 0.0, "precision": 0.66667, "precision_std": 0.0, "recall": 1.0, "recall_std": 0.0, "f1": 0.8, "f1_std": 0.0, "auc": 0.42604, "auc_std": 0.0}
{"epoch": 5, "time_epoch": 2.04097, "time_epoch_std": 0.0, "eta": 174.40914, "eta_std": 0.0, "eta_hours": 0.04845, "eta_hours_std": 0.0, "loss": 0.68053, "loss_std": 0.0, "lr": 0.00099, "lr_std": 0.0, "params": 9207.0, "params_std": 0.0, "time_iter": 0.68032, "time_iter_std": 0.0, "accuracy": 0.66667, "accuracy_std": 0.0, "precision": 0.66667, "precision_std": 0.0, "recall": 1.0, "recall_std": 0.0, "f1": 0.8, "f1_std": 0.0, "auc": 0.69231, "auc_std": 0.0}
{"epoch": 6, "time_epoch": 2.0565, "time_epoch_std": 0.0, "eta": 175.22529, "eta_std": 0.0, "eta_hours": 0.04867, "eta_hours_std": 0.0, "loss": 0.67847, "loss_std": 0.0, "lr": 0.00099, "lr_std": 0.0, "params": 9207.0, "params_std": 0.0, "time_iter": 0.6855, "time_iter_std": 0.0, "accuracy": 0.66667, "accuracy_std": 0.0, "precision": 0.66667, "precision_std": 0.0, "recall": 1.0, "recall_std": 0.0, "f1": 0.8, "f1_std": 0.0, "auc": 0.59467, "auc_std": 0.0}
{"epoch": 7, "time_epoch": 0.74823, "time_epoch_std": 0.0, "eta": 160.27814, "eta_std": 0.0, "eta_hours": 0.04452, "eta_hours_std": 0.0, "loss": 0.67584, "loss_std": 0.0, "lr": 0.00099, "lr_std": 0.0, "params": 9207.0, "params_std": 0.0, "time_iter": 0.24941, "time_iter_std": 0.0, "accuracy": 0.66667, "accuracy_std": 0.0, "precision": 0.66667, "precision_std": 0.0, "recall": 1.0, "recall_std": 0.0, "f1": 0.8, "f1_std": 0.0, "auc": 0.60651, "auc_std": 0.0}
{"epoch": 8, "time_epoch": 0.116, "time_epoch_std": 0.0, "eta": 142.09373, "eta_std": 0.0, "eta_hours": 0.03947, "eta_hours_std": 0.0, "loss": 0.6722, "loss_std": 0.0, "lr": 0.00098, "lr_std": 0.0, "params": 9207.0, "params_std": 0.0, "time_iter": 0.03867, "time_iter_std": 0.0, "accuracy": 0.66667, "accuracy_std": 0.0, "precision": 0.66667, "precision_std": 0.0, "recall": 1.0, "recall_std": 0.0, "f1": 0.8, "f1_std": 0.0, "auc": 0.7071, "auc_std": 0.0}
{"epoch": 9, "time_epoch": 0.11776, "time_epoch_std": 0.0, "eta": 127.53892, "eta_std": 0.0, "eta_hours": 0.03543, "eta_hours_std": 0.0, "loss": 0.66936, "loss_std": 0.0, "lr": 0.00098, "lr_std": 0.0, "params": 9207.0, "params_std": 0.0, "time_iter": 0.03925, "time_iter_std": 0.0, "accuracy": 0.66667, "accuracy_std": 0.0, "precision": 0.66667, "precision_std": 0.0, "recall": 1.0, "recall_std": 0.0, "f1": 0.8, "f1_std": 0.0, "auc": 0.7574, "auc_std": 0.0}
{"epoch": 10, "time_epoch": 0.1186, "time_epoch_std": 0.0, "eta": 115.61581, "eta_std": 0.0, "eta_hours": 0.03212, "eta_hours_std": 0.0, "loss": 0.66623, "loss_std": 0.0, "lr": 0.00098, "lr_std": 0.0, "params": 9207.0, "params_std": 0.0, "time_iter": 0.03953, "time_iter_std": 0.0, "accuracy": 0.66667, "accuracy_std": 0.0, "precision": 0.66667, "precision_std": 0.0, "recall": 1.0, "recall_std": 0.0, "f1": 0.8, "f1_std": 0.0, "auc": 0.7574, "auc_std": 0.0}
{"epoch": 11, "time_epoch": 0.12275, "time_epoch_std": 0.0, "eta": 105.6905, "eta_std": 0.0, "eta_hours": 0.02936, "eta_hours_std": 0.0, "loss": 0.66275, "loss_std": 0.0, "lr": 0.00097, "lr_std": 0.0, "params": 9207.0, "params_std": 0.0, "time_iter": 0.04092, "time_iter_std": 0.0, "accuracy": 0.66667, "accuracy_std": 0.0, "precision": 0.66667, "precision_std": 0.0, "recall": 1.0, "recall_std": 0.0, "f1": 0.8, "f1_std": 0.0, "auc": 0.6568, "auc_std": 0.0}
{"epoch": 12, "time_epoch": 0.13225, "time_epoch_std": 0.0, "eta": 97.33691, "eta_std": 0.0, "eta_hours": 0.02704, "eta_hours_std": 0.0, "loss": 0.66054, "loss_std": 0.0, "lr": 0.00096, "lr_std": 0.0, "params": 9207.0, "params_std": 0.0, "time_iter": 0.04408, "time_iter_std": 0.0, "accuracy": 0.66667, "accuracy_std": 0.0, "precision": 0.66667, "precision_std": 0.0, "recall": 1.0, "recall_std": 0.0, "f1": 0.8, "f1_std": 0.0, "auc": 0.76923, "auc_std": 0.0}
{"epoch": 13, "time_epoch": 0.12832, "time_epoch_std": 0.0, "eta": 90.1336, "eta_std": 0.0, "eta_hours": 0.02504, "eta_hours_std": 0.0, "loss": 0.65504, "loss_std": 0.0, "lr": 0.00096, "lr_std": 0.0, "params": 9207.0, "params_std": 0.0, "time_iter": 0.04277, "time_iter_std": 0.0, "accuracy": 0.66667, "accuracy_std": 0.0, "precision": 0.66667, "precision_std": 0.0, "recall": 1.0, "recall_std": 0.0, "f1": 0.8, "f1_std": 0.0, "auc": 0.71893, "auc_std": 0.0}
{"epoch": 14, "time_epoch": 0.1254, "time_epoch_std": 0.0, "eta": 83.85709, "eta_std": 0.0, "eta_hours": 0.02329, "eta_hours_std": 0.0, "loss": 0.65328, "loss_std": 0.0, "lr": 0.00095, "lr_std": 0.0, "params": 9207.0, "params_std": 0.0, "time_iter": 0.0418, "time_iter_std": 0.0, "accuracy": 0.66667, "accuracy_std": 0.0, "precision": 0.66667, "precision_std": 0.0, "recall": 1.0, "recall_std": 0.0, "f1": 0.8, "f1_std": 0.0, "auc": 0.74556, "auc_std": 0.0}
{"epoch": 15, "time_epoch": 0.12991, "time_epoch_std": 0.0, "eta": 78.37316, "eta_std": 0.0, "eta_hours": 0.02177, "eta_hours_std": 0.0, "loss": 0.64931, "loss_std": 0.0, "lr": 0.00095, "lr_std": 0.0, "params": 9207.0, "params_std": 0.0, "time_iter": 0.0433, "time_iter_std": 0.0, "accuracy": 0.66667, "accuracy_std": 0.0, "precision": 0.66667, "precision_std": 0.0, "recall": 1.0, "recall_std": 0.0, "f1": 0.8, "f1_std": 0.0, "auc": 0.77811, "auc_std": 0.0}
{"epoch": 16, "time_epoch": 0.12736, "time_epoch_std": 0.0, "eta": 73.50665, "eta_std": 0.0, "eta_hours": 0.02042, "eta_hours_std": 0.0, "loss": 0.64523, "loss_std": 0.0, "lr": 0.00094, "lr_std": 0.0, "params": 9207.0, "params_std": 0.0, "time_iter": 0.04245, "time_iter_std": 0.0, "accuracy": 0.66667, "accuracy_std": 0.0, "precision": 0.66667, "precision_std": 0.0, "recall": 1.0, "recall_std": 0.0, "f1": 0.8, "f1_std": 0.0, "auc": 0.78402, "auc_std": 0.0}
{"epoch": 17, "time_epoch": 0.12752, "time_epoch_std": 0.0, "eta": 69.16745, "eta_std": 0.0, "eta_hours": 0.01921, "eta_hours_std": 0.0, "loss": 0.64138, "loss_std": 0.0, "lr": 0.00093, "lr_std": 0.0, "params": 9207.0, "params_std": 0.0, "time_iter": 0.04251, "time_iter_std": 0.0, "accuracy": 0.66667, "accuracy_std": 0.0, "precision": 0.66667, "precision_std": 0.0, "recall": 1.0, "recall_std": 0.0, "f1": 0.8, "f1_std": 0.0, "auc": 0.77219, "auc_std": 0.0}
{"epoch": 18, "time_epoch": 0.12791, "time_epoch_std": 0.0, "eta": 65.27324, "eta_std": 0.0, "eta_hours": 0.01813, "eta_hours_std": 0.0, "loss": 0.63954, "loss_std": 0.0, "lr": 0.00092, "lr_std": 0.0, "params": 9207.0, "params_std": 0.0, "time_iter": 0.04264, "time_iter_std": 0.0, "accuracy": 0.66667, "accuracy_std": 0.0, "precision": 0.66667, "precision_std": 0.0, "recall": 1.0, "recall_std": 0.0, "f1": 0.8, "f1_std": 0.0, "auc": 0.7426, "auc_std": 0.0}
{"epoch": 19, "time_epoch": 0.12769, "time_epoch_std": 0.0, "eta": 61.75479, "eta_std": 0.0, "eta_hours": 0.01715, "eta_hours_std": 0.0, "loss": 0.63538, "loss_std": 0.0, "lr": 0.00091, "lr_std": 0.0, "params": 9207.0, "params_std": 0.0, "time_iter": 0.04256, "time_iter_std": 0.0, "accuracy": 0.66667, "accuracy_std": 0.0, "precision": 0.66667, "precision_std": 0.0, "recall": 1.0, "recall_std": 0.0, "f1": 0.8, "f1_std": 0.0, "auc": 0.83136, "auc_std": 0.0}
{"epoch": 20, "time_epoch": 0.12601, "time_epoch_std": 0.0, "eta": 58.55295, "eta_std": 0.0, "eta_hours": 0.01626, "eta_hours_std": 0.0, "loss": 0.63047, "loss_std": 0.0, "lr": 0.0009, "lr_std": 0.0, "params": 9207.0, "params_std": 0.0, "time_iter": 0.042, "time_iter_std": 0.0, "accuracy": 0.66667, "accuracy_std": 0.0, "precision": 0.66667, "precision_std": 0.0, "recall": 1.0, "recall_std": 0.0, "f1": 0.8, "f1_std": 0.0, "auc": 0.83728, "auc_std": 0.0}
{"epoch": 21, "time_epoch": 0.12576, "time_epoch_std": 0.0, "eta": 55.62985, "eta_std": 0.0, "eta_hours": 0.01545, "eta_hours_std": 0.0, "loss": 0.62878, "loss_std": 0.0, "lr": 0.0009, "lr_std": 0.0, "params": 9207.0, "params_std": 0.0, "time_iter": 0.04192, "time_iter_std": 0.0, "accuracy": 0.66667, "accuracy_std": 0.0, "precision": 0.66667, "precision_std": 0.0, "recall": 1.0, "recall_std": 0.0, "f1": 0.8, "f1_std": 0.0, "auc": 0.8787, "auc_std": 0.0}
{"epoch": 22, "time_epoch": 0.12597, "time_epoch_std": 0.0, "eta": 52.9507, "eta_std": 0.0, "eta_hours": 0.01471, "eta_hours_std": 0.0, "loss": 0.62125, "loss_std": 0.0, "lr": 0.00089, "lr_std": 0.0, "params": 9207.0, "params_std": 0.0, "time_iter": 0.04199, "time_iter_std": 0.0, "accuracy": 0.66667, "accuracy_std": 0.0, "precision": 0.66667, "precision_std": 0.0, "recall": 1.0, "recall_std": 0.0, "f1": 0.8, "f1_std": 0.0, "auc": 0.89941, "auc_std": 0.0}
{"epoch": 23, "time_epoch": 0.12549, "time_epoch_std": 0.0, "eta": 50.4828, "eta_std": 0.0, "eta_hours": 0.01402, "eta_hours_std": 0.0, "loss": 0.61612, "loss_std": 0.0, "lr": 0.00088, "lr_std": 0.0, "params": 9207.0, "params_std": 0.0, "time_iter": 0.04183, "time_iter_std": 0.0, "accuracy": 0.66667, "accuracy_std": 0.0, "precision": 0.66667, "precision_std": 0.0, "recall": 1.0, "recall_std": 0.0, "f1": 0.8, "f1_std": 0.0, "auc": 0.88757, "auc_std": 0.0}
{"epoch": 24, "time_epoch": 0.12426, "time_epoch_std": 0.0, "eta": 48.19861, "eta_std": 0.0, "eta_hours": 0.01339, "eta_hours_std": 0.0, "loss": 0.61292, "loss_std": 0.0, "lr": 0.00086, "lr_std": 0.0, "params": 9207.0, "params_std": 0.0, "time_iter": 0.04142, "time_iter_std": 0.0, "accuracy": 0.66667, "accuracy_std": 0.0, "precision": 0.66667, "precision_std": 0.0, "recall": 1.0, "recall_std": 0.0, "f1": 0.8, "f1_std": 0.0, "auc": 0.90237, "auc_std": 0.0}
{"epoch": 25, "time_epoch": 0.12883, "time_epoch_std": 0.0, "eta": 46.09355, "eta_std": 0.0, "eta_hours": 0.0128, "eta_hours_std": 0.0, "loss": 0.59653, "loss_std": 0.0, "lr": 0.00085, "lr_std": 0.0, "params": 9207.0, "params_std": 0.0, "time_iter": 0.04294, "time_iter_std": 0.0, "accuracy": 0.66667, "accuracy_std": 0.0, "precision": 0.66667, "precision_std": 0.0, "recall": 1.0, "recall_std": 0.0, "f1": 0.8, "f1_std": 0.0, "auc": 0.99112, "auc_std": 0.0}
{"epoch": 26, "time_epoch": 0.1275, "time_epoch_std": 0.0, "eta": 44.1313, "eta_std": 0.0, "eta_hours": 0.01226, "eta_hours_std": 0.0, "loss": 0.59036, "loss_std": 0.0, "lr": 0.00084, "lr_std": 0.0, "params": 9207.0, "params_std": 0.0, "time_iter": 0.0425, "time_iter_std": 0.0, "accuracy": 0.66667, "accuracy_std": 0.0, "precision": 0.66667, "precision_std": 0.0, "recall": 1.0, "recall_std": 0.0, "f1": 0.8, "f1_std": 0.0, "auc": 0.90237, "auc_std": 0.0}
{"epoch": 27, "time_epoch": 0.12618, "time_epoch_std": 0.0, "eta": 42.29669, "eta_std": 0.0, "eta_hours": 0.01175, "eta_hours_std": 0.0, "loss": 0.58828, "loss_std": 0.0, "lr": 0.00083, "lr_std": 0.0, "params": 9207.0, "params_std": 0.0, "time_iter": 0.04206, "time_iter_std": 0.0, "accuracy": 0.66667, "accuracy_std": 0.0, "precision": 0.66667, "precision_std": 0.0, "recall": 1.0, "recall_std": 0.0, "f1": 0.8, "f1_std": 0.0, "auc": 0.93491, "auc_std": 0.0}
{"epoch": 28, "time_epoch": 0.12911, "time_epoch_std": 0.0, "eta": 40.58709, "eta_std": 0.0, "eta_hours": 0.01127, "eta_hours_std": 0.0, "loss": 0.57381, "loss_std": 0.0, "lr": 0.00082, "lr_std": 0.0, "params": 9207.0, "params_std": 0.0, "time_iter": 0.04304, "time_iter_std": 0.0, "accuracy": 0.71795, "accuracy_std": 0.0, "precision": 0.7027, "precision_std": 0.0, "recall": 1.0, "recall_std": 0.0, "f1": 0.8254, "f1_std": 0.0, "auc": 0.92604, "auc_std": 0.0}
{"epoch": 29, "time_epoch": 0.12487, "time_epoch_std": 0.0, "eta": 38.97295, "eta_std": 0.0, "eta_hours": 0.01083, "eta_hours_std": 0.0, "loss": 0.56425, "loss_std": 0.0, "lr": 0.00081, "lr_std": 0.0, "params": 9207.0, "params_std": 0.0, "time_iter": 0.04162, "time_iter_std": 0.0, "accuracy": 0.71795, "accuracy_std": 0.0, "precision": 0.7027, "precision_std": 0.0, "recall": 1.0, "recall_std": 0.0, "f1": 0.8254, "f1_std": 0.0, "auc": 0.97633, "auc_std": 0.0}
{"epoch": 30, "time_epoch": 0.12779, "time_epoch_std": 0.0, "eta": 37.4614, "eta_std": 0.0, "eta_hours": 0.01041, "eta_hours_std": 0.0, "loss": 0.54437, "loss_std": 0.0, "lr": 0.00079, "lr_std": 0.0, "params": 9207.0, "params_std": 0.0, "time_iter": 0.0426, "time_iter_std": 0.0, "accuracy": 0.71795, "accuracy_std": 0.0, "precision": 0.7027, "precision_std": 0.0, "recall": 1.0, "recall_std": 0.0, "f1": 0.8254, "f1_std": 0.0, "auc": 0.95266, "auc_std": 0.0}
{"epoch": 31, "time_epoch": 0.12742, "time_epoch_std": 0.0, "eta": 36.03555, "eta_std": 0.0, "eta_hours": 0.01001, "eta_hours_std": 0.0, "loss": 0.53413, "loss_std": 0.0, "lr": 0.00078, "lr_std": 0.0, "params": 9207.0, "params_std": 0.0, "time_iter": 0.04247, "time_iter_std": 0.0, "accuracy": 0.71795, "accuracy_std": 0.0, "precision": 0.7027, "precision_std": 0.0, "recall": 1.0, "recall_std": 0.0, "f1": 0.8254, "f1_std": 0.0, "auc": 0.98225, "auc_std": 0.0}
{"epoch": 32, "time_epoch": 0.12636, "time_epoch_std": 0.0, "eta": 34.68623, "eta_std": 0.0, "eta_hours": 0.00964, "eta_hours_std": 0.0, "loss": 0.51653, "loss_std": 0.0, "lr": 0.00077, "lr_std": 0.0, "params": 9207.0, "params_std": 0.0, "time_iter": 0.04212, "time_iter_std": 0.0, "accuracy": 0.74359, "accuracy_std": 0.0, "precision": 0.72222, "precision_std": 0.0, "recall": 1.0, "recall_std": 0.0, "f1": 0.83871, "f1_std": 0.0, "auc": 1.0, "auc_std": 0.0}
{"epoch": 33, "time_epoch": 0.12393, "time_epoch_std": 0.0, "eta": 33.40415, "eta_std": 0.0, "eta_hours": 0.00928, "eta_hours_std": 0.0, "loss": 0.49761, "loss_std": 0.0, "lr": 0.00075, "lr_std": 0.0, "params": 9207.0, "params_std": 0.0, "time_iter": 0.04131, "time_iter_std": 0.0, "accuracy": 0.76923, "accuracy_std": 0.0, "precision": 0.74286, "precision_std": 0.0, "recall": 1.0, "recall_std": 0.0, "f1": 0.85246, "f1_std": 0.0, "auc": 0.99112, "auc_std": 0.0}
{"epoch": 34, "time_epoch": 0.1268, "time_epoch_std": 0.0, "eta": 32.19357, "eta_std": 0.0, "eta_hours": 0.00894, "eta_hours_std": 0.0, "loss": 0.49638, "loss_std": 0.0, "lr": 0.00074, "lr_std": 0.0, "params": 9207.0, "params_std": 0.0, "time_iter": 0.04227, "time_iter_std": 0.0, "accuracy": 0.74359, "accuracy_std": 0.0, "precision": 0.72222, "precision_std": 0.0, "recall": 1.0, "recall_std": 0.0, "f1": 0.83871, "f1_std": 0.0, "auc": 0.96746, "auc_std": 0.0}
{"epoch": 35, "time_epoch": 0.12526, "time_epoch_std": 0.0, "eta": 31.04045, "eta_std": 0.0, "eta_hours": 0.00862, "eta_hours_std": 0.0, "loss": 0.46931, "loss_std": 0.0, "lr": 0.00073, "lr_std": 0.0, "params": 9207.0, "params_std": 0.0, "time_iter": 0.04175, "time_iter_std": 0.0, "accuracy": 0.79487, "accuracy_std": 0.0, "precision": 0.76471, "precision_std": 0.0, "recall": 1.0, "recall_std": 0.0, "f1": 0.86667, "f1_std": 0.0, "auc": 0.99112, "auc_std": 0.0}
{"epoch": 36, "time_epoch": 0.12649, "time_epoch_std": 0.0, "eta": 29.945, "eta_std": 0.0, "eta_hours": 0.00832, "eta_hours_std": 0.0, "loss": 0.45663, "loss_std": 0.0, "lr": 0.00071, "lr_std": 0.0, "params": 9207.0, "params_std": 0.0, "time_iter": 0.04216, "time_iter_std": 0.0, "accuracy": 0.84615, "accuracy_std": 0.0, "precision": 0.8125, "precision_std": 0.0, "recall": 1.0, "recall_std": 0.0, "f1": 0.89655, "f1_std": 0.0, "auc": 0.98521, "auc_std": 0.0}
{"epoch": 37, "time_epoch": 0.12739, "time_epoch_std": 0.0, "eta": 28.902, "eta_std": 0.0, "eta_hours": 0.00803, "eta_hours_std": 0.0, "loss": 0.42647, "loss_std": 0.0, "lr": 0.0007, "lr_std": 0.0, "params": 9207.0, "params_std": 0.0, "time_iter": 0.04246, "time_iter_std": 0.0, "accuracy": 0.87179, "accuracy_std": 0.0, "precision": 0.83871, "precision_std": 0.0, "recall": 1.0, "recall_std": 0.0, "f1": 0.91228, "f1_std": 0.0, "auc": 0.99408, "auc_std": 0.0}
{"epoch": 38, "time_epoch": 0.12715, "time_epoch_std": 0.0, "eta": 27.90559, "eta_std": 0.0, "eta_hours": 0.00775, "eta_hours_std": 0.0, "loss": 0.41644, "loss_std": 0.0, "lr": 0.00068, "lr_std": 0.0, "params": 9207.0, "params_std": 0.0, "time_iter": 0.04238, "time_iter_std": 0.0, "accuracy": 0.87179, "accuracy_std": 0.0, "precision": 0.83871, "precision_std": 0.0, "recall": 1.0, "recall_std": 0.0, "f1": 0.91228, "f1_std": 0.0, "auc": 0.99704, "auc_std": 0.0}
{"epoch": 39, "time_epoch": 0.12817, "time_epoch_std": 0.0, "eta": 26.95418, "eta_std": 0.0, "eta_hours": 0.00749, "eta_hours_std": 0.0, "loss": 0.40437, "loss_std": 0.0, "lr": 0.00067, "lr_std": 0.0, "params": 9207.0, "params_std": 0.0, "time_iter": 0.04272, "time_iter_std": 0.0, "accuracy": 0.84615, "accuracy_std": 0.0, "precision": 0.8125, "precision_std": 0.0, "recall": 1.0, "recall_std": 0.0, "f1": 0.89655, "f1_std": 0.0, "auc": 0.98817, "auc_std": 0.0}
{"epoch": 40, "time_epoch": 0.12722, "time_epoch_std": 0.0, "eta": 26.04155, "eta_std": 0.0, "eta_hours": 0.00723, "eta_hours_std": 0.0, "loss": 0.37365, "loss_std": 0.0, "lr": 0.00065, "lr_std": 0.0, "params": 9207.0, "params_std": 0.0, "time_iter": 0.04241, "time_iter_std": 0.0, "accuracy": 0.89744, "accuracy_std": 0.0, "precision": 0.86667, "precision_std": 0.0, "recall": 1.0, "recall_std": 0.0, "f1": 0.92857, "f1_std": 0.0, "auc": 1.0, "auc_std": 0.0}
{"epoch": 41, "time_epoch": 0.12604, "time_epoch_std": 0.0, "eta": 25.1647, "eta_std": 0.0, "eta_hours": 0.00699, "eta_hours_std": 0.0, "loss": 0.36075, "loss_std": 0.0, "lr": 0.00064, "lr_std": 0.0, "params": 9207.0, "params_std": 0.0, "time_iter": 0.04201, "time_iter_std": 0.0, "accuracy": 0.89744, "accuracy_std": 0.0, "precision": 0.86667, "precision_std": 0.0, "recall": 1.0, "recall_std": 0.0, "f1": 0.92857, "f1_std": 0.0, "auc": 1.0, "auc_std": 0.0}
{"epoch": 42, "time_epoch": 0.12733, "time_epoch_std": 0.0, "eta": 24.32448, "eta_std": 0.0, "eta_hours": 0.00676, "eta_hours_std": 0.0, "loss": 0.32812, "loss_std": 0.0, "lr": 0.00062, "lr_std": 0.0, "params": 9207.0, "params_std": 0.0, "time_iter": 0.04244, "time_iter_std": 0.0, "accuracy": 0.92308, "accuracy_std": 0.0, "precision": 0.89655, "precision_std": 0.0, "recall": 1.0, "recall_std": 0.0, "f1": 0.94545, "f1_std": 0.0, "auc": 1.0, "auc_std": 0.0}
{"epoch": 43, "time_epoch": 0.13308, "time_epoch_std": 0.0, "eta": 23.52398, "eta_std": 0.0, "eta_hours": 0.00653, "eta_hours_std": 0.0, "loss": 0.36511, "loss_std": 0.0, "lr": 0.00061, "lr_std": 0.0, "params": 9207.0, "params_std": 0.0, "time_iter": 0.04436, "time_iter_std": 0.0, "accuracy": 0.92308, "accuracy_std": 0.0, "precision": 0.89655, "precision_std": 0.0, "recall": 1.0, "recall_std": 0.0, "f1": 0.94545, "f1_std": 0.0, "auc": 0.96154, "auc_std": 0.0}
{"epoch": 44, "time_epoch": 0.12564, "time_epoch_std": 0.0, "eta": 22.74405, "eta_std": 0.0, "eta_hours": 0.00632, "eta_hours_std": 0.0, "loss": 0.34935, "loss_std": 0.0, "lr": 0.00059, "lr_std": 0.0, "params": 9207.0, "params_std": 0.0, "time_iter": 0.04188, "time_iter_std": 0.0, "accuracy": 0.87179, "accuracy_std": 0.0, "precision": 0.88889, "precision_std": 0.0, "recall": 0.92308, "recall_std": 0.0, "f1": 0.90566, "f1_std": 0.0, "auc": 0.97041, "auc_std": 0.0}
{"epoch": 45, "time_epoch": 0.12678, "time_epoch_std": 0.0, "eta": 21.9939, "eta_std": 0.0, "eta_hours": 0.00611, "eta_hours_std": 0.0, "loss": 0.32203, "loss_std": 0.0, "lr": 0.00058, "lr_std": 0.0, "params": 9207.0, "params_std": 0.0, "time_iter": 0.04226, "time_iter_std": 0.0, "accuracy": 0.92308, "accuracy_std": 0.0, "precision": 0.89655, "precision_std": 0.0, "recall": 1.0, "recall_std": 0.0, "f1": 0.94545, "f1_std": 0.0, "auc": 0.97337, "auc_std": 0.0}
{"epoch": 46, "time_epoch": 0.12423, "time_epoch_std": 0.0, "eta": 21.2674, "eta_std": 0.0, "eta_hours": 0.00591, "eta_hours_std": 0.0, "loss": 0.30532, "loss_std": 0.0, "lr": 0.00056, "lr_std": 0.0, "params": 9207.0, "params_std": 0.0, "time_iter": 0.04141, "time_iter_std": 0.0, "accuracy": 0.94872, "accuracy_std": 0.0, "precision": 0.92857, "precision_std": 0.0, "recall": 1.0, "recall_std": 0.0, "f1": 0.96296, "f1_std": 0.0, "auc": 0.98225, "auc_std": 0.0}
{"epoch": 47, "time_epoch": 0.1278, "time_epoch_std": 0.0, "eta": 20.56987, "eta_std": 0.0, "eta_hours": 0.00571, "eta_hours_std": 0.0, "loss": 0.26633, "loss_std": 0.0, "lr": 0.00055, "lr_std": 0.0, "params": 9207.0, "params_std": 0.0, "time_iter": 0.0426, "time_iter_std": 0.0, "accuracy": 0.94872, "accuracy_std": 0.0, "precision": 0.92857, "precision_std": 0.0, "recall": 1.0, "recall_std": 0.0, "f1": 0.96296, "f1_std": 0.0, "auc": 0.99408, "auc_std": 0.0}
{"epoch": 48, "time_epoch": 0.12996, "time_epoch_std": 0.0, "eta": 19.89784, "eta_std": 0.0, "eta_hours": 0.00553, "eta_hours_std": 0.0, "loss": 0.23734, "loss_std": 0.0, "lr": 0.00053, "lr_std": 0.0, "params": 9207.0, "params_std": 0.0, "time_iter": 0.04332, "time_iter_std": 0.0, "accuracy": 0.94872, "accuracy_std": 0.0, "precision": 0.92857, "precision_std": 0.0, "recall": 1.0, "recall_std": 0.0, "f1": 0.96296, "f1_std": 0.0, "auc": 1.0, "auc_std": 0.0}
{"epoch": 49, "time_epoch": 0.12619, "time_epoch_std": 0.0, "eta": 19.24372, "eta_std": 0.0, "eta_hours": 0.00535, "eta_hours_std": 0.0, "loss": 0.21975, "loss_std": 0.0, "lr": 0.00052, "lr_std": 0.0, "params": 9207.0, "params_std": 0.0, "time_iter": 0.04206, "time_iter_std": 0.0, "accuracy": 0.97436, "accuracy_std": 0.0, "precision": 0.96296, "precision_std": 0.0, "recall": 1.0, "recall_std": 0.0, "f1": 0.98113, "f1_std": 0.0, "auc": 1.0, "auc_std": 0.0}
{"epoch": 50, "time_epoch": 0.13323, "time_epoch_std": 0.0, "eta": 18.61707, "eta_std": 0.0, "eta_hours": 0.00517, "eta_hours_std": 0.0, "loss": 0.21354, "loss_std": 0.0, "lr": 0.0005, "lr_std": 0.0, "params": 9207.0, "params_std": 0.0, "time_iter": 0.04441, "time_iter_std": 0.0, "accuracy": 0.97436, "accuracy_std": 0.0, "precision": 0.96296, "precision_std": 0.0, "recall": 1.0, "recall_std": 0.0, "f1": 0.98113, "f1_std": 0.0, "auc": 1.0, "auc_std": 0.0}
{"epoch": 51, "time_epoch": 0.12905, "time_epoch_std": 0.0, "eta": 18.00555, "eta_std": 0.0, "eta_hours": 0.005, "eta_hours_std": 0.0, "loss": 0.2141, "loss_std": 0.0, "lr": 0.00048, "lr_std": 0.0, "params": 9207.0, "params_std": 0.0, "time_iter": 0.04302, "time_iter_std": 0.0, "accuracy": 0.94872, "accuracy_std": 0.0, "precision": 0.92857, "precision_std": 0.0, "recall": 1.0, "recall_std": 0.0, "f1": 0.96296, "f1_std": 0.0, "auc": 1.0, "auc_std": 0.0}
{"epoch": 52, "time_epoch": 0.12722, "time_epoch_std": 0.0, "eta": 17.41059, "eta_std": 0.0, "eta_hours": 0.00484, "eta_hours_std": 0.0, "loss": 0.18977, "loss_std": 0.0, "lr": 0.00047, "lr_std": 0.0, "params": 9207.0, "params_std": 0.0, "time_iter": 0.04241, "time_iter_std": 0.0, "accuracy": 0.97436, "accuracy_std": 0.0, "precision": 0.96296, "precision_std": 0.0, "recall": 1.0, "recall_std": 0.0, "f1": 0.98113, "f1_std": 0.0, "auc": 1.0, "auc_std": 0.0}
{"epoch": 53, "time_epoch": 0.12639, "time_epoch_std": 0.0, "eta": 16.83226, "eta_std": 0.0, "eta_hours": 0.00468, "eta_hours_std": 0.0, "loss": 0.18203, "loss_std": 0.0, "lr": 0.00045, "lr_std": 0.0, "params": 9207.0, "params_std": 0.0, "time_iter": 0.04213, "time_iter_std": 0.0, "accuracy": 0.97436, "accuracy_std": 0.0, "precision": 0.96296, "precision_std": 0.0, "recall": 1.0, "recall_std": 0.0, "f1": 0.98113, "f1_std": 0.0, "auc": 1.0, "auc_std": 0.0}
{"epoch": 54, "time_epoch": 0.12618, "time_epoch_std": 0.0, "eta": 16.2702, "eta_std": 0.0, "eta_hours": 0.00452, "eta_hours_std": 0.0, "loss": 0.19577, "loss_std": 0.0, "lr": 0.00044, "lr_std": 0.0, "params": 9207.0, "params_std": 0.0, "time_iter": 0.04206, "time_iter_std": 0.0, "accuracy": 0.97436, "accuracy_std": 0.0, "precision": 0.96296, "precision_std": 0.0, "recall": 1.0, "recall_std": 0.0, "f1": 0.98113, "f1_std": 0.0, "auc": 1.0, "auc_std": 0.0}
{"epoch": 55, "time_epoch": 0.13634, "time_epoch_std": 0.0, "eta": 15.73168, "eta_std": 0.0, "eta_hours": 0.00437, "eta_hours_std": 0.0, "loss": 0.1681, "loss_std": 0.0, "lr": 0.00042, "lr_std": 0.0, "params": 9207.0, "params_std": 0.0, "time_iter": 0.04545, "time_iter_std": 0.0, "accuracy": 1.0, "accuracy_std": 0.0, "precision": 1.0, "precision_std": 0.0, "recall": 1.0, "recall_std": 0.0, "f1": 1.0, "f1_std": 0.0, "auc": 1.0, "auc_std": 0.0}
{"epoch": 56, "time_epoch": 0.12638, "time_epoch_std": 0.0, "eta": 15.19976, "eta_std": 0.0, "eta_hours": 0.00422, "eta_hours_std": 0.0, "loss": 0.17828, "loss_std": 0.0, "lr": 0.00041, "lr_std": 0.0, "params": 9207.0, "params_std": 0.0, "time_iter": 0.04213, "time_iter_std": 0.0, "accuracy": 0.97436, "accuracy_std": 0.0, "precision": 0.96296, "precision_std": 0.0, "recall": 1.0, "recall_std": 0.0, "f1": 0.98113, "f1_std": 0.0, "auc": 1.0, "auc_std": 0.0}
{"epoch": 57, "time_epoch": 0.1273, "time_epoch_std": 0.0, "eta": 14.68249, "eta_std": 0.0, "eta_hours": 0.00408, "eta_hours_std": 0.0, "loss": 0.15604, "loss_std": 0.0, "lr": 0.00039, "lr_std": 0.0, "params": 9207.0, "params_std": 0.0, "time_iter": 0.04243, "time_iter_std": 0.0, "accuracy": 0.97436, "accuracy_std": 0.0, "precision": 0.96296, "precision_std": 0.0, "recall": 1.0, "recall_std": 0.0, "f1": 0.98113, "f1_std": 0.0, "auc": 1.0, "auc_std": 0.0}
{"epoch": 58, "time_epoch": 0.12773, "time_epoch_std": 0.0, "eta": 14.17874, "eta_std": 0.0, "eta_hours": 0.00394, "eta_hours_std": 0.0, "loss": 0.14561, "loss_std": 0.0, "lr": 0.00038, "lr_std": 0.0, "params": 9207.0, "params_std": 0.0, "time_iter": 0.04258, "time_iter_std": 0.0, "accuracy": 0.97436, "accuracy_std": 0.0, "precision": 0.96296, "precision_std": 0.0, "recall": 1.0, "recall_std": 0.0, "f1": 0.98113, "f1_std": 0.0, "auc": 1.0, "auc_std": 0.0}
{"epoch": 59, "time_epoch": 0.1296, "time_epoch_std": 0.0, "eta": 13.68877, "eta_std": 0.0, "eta_hours": 0.0038, "eta_hours_std": 0.0, "loss": 0.15755, "loss_std": 0.0, "lr": 0.00036, "lr_std": 0.0, "params": 9207.0, "params_std": 0.0, "time_iter": 0.0432, "time_iter_std": 0.0, "accuracy": 0.97436, "accuracy_std": 0.0, "precision": 0.96296, "precision_std": 0.0, "recall": 1.0, "recall_std": 0.0, "f1": 0.98113, "f1_std": 0.0, "auc": 1.0, "auc_std": 0.0}
{"epoch": 60, "time_epoch": 0.12898, "time_epoch_std": 0.0, "eta": 13.21022, "eta_std": 0.0, "eta_hours": 0.00367, "eta_hours_std": 0.0, "loss": 0.1306, "loss_std": 0.0, "lr": 0.00035, "lr_std": 0.0, "params": 9207.0, "params_std": 0.0, "time_iter": 0.04299, "time_iter_std": 0.0, "accuracy": 0.97436, "accuracy_std": 0.0, "precision": 0.96296, "precision_std": 0.0, "recall": 1.0, "recall_std": 0.0, "f1": 0.98113, "f1_std": 0.0, "auc": 1.0, "auc_std": 0.0}
{"epoch": 61, "time_epoch": 0.12705, "time_epoch_std": 0.0, "eta": 12.74176, "eta_std": 0.0, "eta_hours": 0.00354, "eta_hours_std": 0.0, "loss": 0.13743, "loss_std": 0.0, "lr": 0.00033, "lr_std": 0.0, "params": 9207.0, "params_std": 0.0, "time_iter": 0.04235, "time_iter_std": 0.0, "accuracy": 1.0, "accuracy_std": 0.0, "precision": 1.0, "precision_std": 0.0, "recall": 1.0, "recall_std": 0.0, "f1": 1.0, "f1_std": 0.0, "auc": 1.0, "auc_std": 0.0}
{"epoch": 62, "time_epoch": 0.12511, "time_epoch_std": 0.0, "eta": 12.283, "eta_std": 0.0, "eta_hours": 0.00341, "eta_hours_std": 0.0, "loss": 0.12081, "loss_std": 0.0, "lr": 0.00032, "lr_std": 0.0, "params": 9207.0, "params_std": 0.0, "time_iter": 0.0417, "time_iter_std": 0.0, "accuracy": 1.0, "accuracy_std": 0.0, "precision": 1.0, "precision_std": 0.0, "recall": 1.0, "recall_std": 0.0, "f1": 1.0, "f1_std": 0.0, "auc": 1.0, "auc_std": 0.0}
{"epoch": 63, "time_epoch": 0.1279, "time_epoch_std": 0.0, "eta": 11.83623, "eta_std": 0.0, "eta_hours": 0.00329, "eta_hours_std": 0.0, "loss": 0.11507, "loss_std": 0.0, "lr": 0.0003, "lr_std": 0.0, "params": 9207.0, "params_std": 0.0, "time_iter": 0.04263, "time_iter_std": 0.0, "accuracy": 1.0, "accuracy_std": 0.0, "precision": 1.0, "precision_std": 0.0, "recall": 1.0, "recall_std": 0.0, "f1": 1.0, "f1_std": 0.0, "auc": 1.0, "auc_std": 0.0}
{"epoch": 64, "time_epoch": 0.12529, "time_epoch_std": 0.0, "eta": 11.39788, "eta_std": 0.0, "eta_hours": 0.00317, "eta_hours_std": 0.0, "loss": 0.12714, "loss_std": 0.0, "lr": 0.00029, "lr_std": 0.0, "params": 9207.0, "params_std": 0.0, "time_iter": 0.04176, "time_iter_std": 0.0, "accuracy": 0.97436, "accuracy_std": 0.0, "precision": 0.96296, "precision_std": 0.0, "recall": 1.0, "recall_std": 0.0, "f1": 0.98113, "f1_std": 0.0, "auc": 1.0, "auc_std": 0.0}
{"epoch": 65, "time_epoch": 0.12575, "time_epoch_std": 0.0, "eta": 10.96924, "eta_std": 0.0, "eta_hours": 0.00305, "eta_hours_std": 0.0, "loss": 0.15093, "loss_std": 0.0, "lr": 0.00027, "lr_std": 0.0, "params": 9207.0, "params_std": 0.0, "time_iter": 0.04192, "time_iter_std": 0.0, "accuracy": 0.97436, "accuracy_std": 0.0, "precision": 0.96296, "precision_std": 0.0, "recall": 1.0, "recall_std": 0.0, "f1": 0.98113, "f1_std": 0.0, "auc": 1.0, "auc_std": 0.0}
{"epoch": 66, "time_epoch": 0.12704, "time_epoch_std": 0.0, "eta": 10.55029, "eta_std": 0.0, "eta_hours": 0.00293, "eta_hours_std": 0.0, "loss": 0.1075, "loss_std": 0.0, "lr": 0.00026, "lr_std": 0.0, "params": 9207.0, "params_std": 0.0, "time_iter": 0.04235, "time_iter_std": 0.0, "accuracy": 1.0, "accuracy_std": 0.0, "precision": 1.0, "precision_std": 0.0, "recall": 1.0, "recall_std": 0.0, "f1": 1.0, "f1_std": 0.0, "auc": 1.0, "auc_std": 0.0}
{"epoch": 67, "time_epoch": 0.12787, "time_epoch_std": 0.0, "eta": 10.14031, "eta_std": 0.0, "eta_hours": 0.00282, "eta_hours_std": 0.0, "loss": 0.11061, "loss_std": 0.0, "lr": 0.00025, "lr_std": 0.0, "params": 9207.0, "params_std": 0.0, "time_iter": 0.04262, "time_iter_std": 0.0, "accuracy": 1.0, "accuracy_std": 0.0, "precision": 1.0, "precision_std": 0.0, "recall": 1.0, "recall_std": 0.0, "f1": 1.0, "f1_std": 0.0, "auc": 1.0, "auc_std": 0.0}
{"epoch": 68, "time_epoch": 0.12738, "time_epoch_std": 0.0, "eta": 9.73828, "eta_std": 0.0, "eta_hours": 0.00271, "eta_hours_std": 0.0, "loss": 0.14722, "loss_std": 0.0, "lr": 0.00023, "lr_std": 0.0, "params": 9207.0, "params_std": 0.0, "time_iter": 0.04246, "time_iter_std": 0.0, "accuracy": 0.97436, "accuracy_std": 0.0, "precision": 0.96296, "precision_std": 0.0, "recall": 1.0, "recall_std": 0.0, "f1": 0.98113, "f1_std": 0.0, "auc": 0.99704, "auc_std": 0.0}
{"epoch": 69, "time_epoch": 0.12785, "time_epoch_std": 0.0, "eta": 9.3443, "eta_std": 0.0, "eta_hours": 0.0026, "eta_hours_std": 0.0, "loss": 0.13636, "loss_std": 0.0, "lr": 0.00022, "lr_std": 0.0, "params": 9207.0, "params_std": 0.0, "time_iter": 0.04262, "time_iter_std": 0.0, "accuracy": 1.0, "accuracy_std": 0.0, "precision": 1.0, "precision_std": 0.0, "recall": 1.0, "recall_std": 0.0, "f1": 1.0, "f1_std": 0.0, "auc": 1.0, "auc_std": 0.0}
{"epoch": 70, "time_epoch": 0.12755, "time_epoch_std": 0.0, "eta": 8.9577, "eta_std": 0.0, "eta_hours": 0.00249, "eta_hours_std": 0.0, "loss": 0.09592, "loss_std": 0.0, "lr": 0.00021, "lr_std": 0.0, "params": 9207.0, "params_std": 0.0, "time_iter": 0.04252, "time_iter_std": 0.0, "accuracy": 1.0, "accuracy_std": 0.0, "precision": 1.0, "precision_std": 0.0, "recall": 1.0, "recall_std": 0.0, "f1": 1.0, "f1_std": 0.0, "auc": 1.0, "auc_std": 0.0}
{"epoch": 71, "time_epoch": 0.12587, "time_epoch_std": 0.0, "eta": 8.57765, "eta_std": 0.0, "eta_hours": 0.00238, "eta_hours_std": 0.0, "loss": 0.11774, "loss_std": 0.0, "lr": 0.00019, "lr_std": 0.0, "params": 9207.0, "params_std": 0.0, "time_iter": 0.04196, "time_iter_std": 0.0, "accuracy": 1.0, "accuracy_std": 0.0, "precision": 1.0, "precision_std": 0.0, "recall": 1.0, "recall_std": 0.0, "f1": 1.0, "f1_std": 0.0, "auc": 1.0, "auc_std": 0.0}
{"epoch": 72, "time_epoch": 0.12442, "time_epoch_std": 0.0, "eta": 8.20401, "eta_std": 0.0, "eta_hours": 0.00228, "eta_hours_std": 0.0, "loss": 0.09356, "loss_std": 0.0, "lr": 0.00018, "lr_std": 0.0, "params": 9207.0, "params_std": 0.0, "time_iter": 0.04147, "time_iter_std": 0.0, "accuracy": 1.0, "accuracy_std": 0.0, "precision": 1.0, "precision_std": 0.0, "recall": 1.0, "recall_std": 0.0, "f1": 1.0, "f1_std": 0.0, "auc": 1.0, "auc_std": 0.0}
{"epoch": 73, "time_epoch": 0.12439, "time_epoch_std": 0.0, "eta": 7.83711, "eta_std": 0.0, "eta_hours": 0.00218, "eta_hours_std": 0.0, "loss": 0.09546, "loss_std": 0.0, "lr": 0.00017, "lr_std": 0.0, "params": 9207.0, "params_std": 0.0, "time_iter": 0.04146, "time_iter_std": 0.0, "accuracy": 1.0, "accuracy_std": 0.0, "precision": 1.0, "precision_std": 0.0, "recall": 1.0, "recall_std": 0.0, "f1": 1.0, "f1_std": 0.0, "auc": 1.0, "auc_std": 0.0}
{"epoch": 74, "time_epoch": 0.12866, "time_epoch_std": 0.0, "eta": 7.47809, "eta_std": 0.0, "eta_hours": 0.00208, "eta_hours_std": 0.0, "loss": 0.08876, "loss_std": 0.0, "lr": 0.00016, "lr_std": 0.0, "params": 9207.0, "params_std": 0.0, "time_iter": 0.04289, "time_iter_std": 0.0, "accuracy": 1.0, "accuracy_std": 0.0, "precision": 1.0, "precision_std": 0.0, "recall": 1.0, "recall_std": 0.0, "f1": 1.0, "f1_std": 0.0, "auc": 1.0, "auc_std": 0.0}
{"epoch": 75, "time_epoch": 0.12807, "time_epoch_std": 0.0, "eta": 7.12495, "eta_std": 0.0, "eta_hours": 0.00198, "eta_hours_std": 0.0, "loss": 0.08546, "loss_std": 0.0, "lr": 0.00015, "lr_std": 0.0, "params": 9207.0, "params_std": 0.0, "time_iter": 0.04269, "time_iter_std": 0.0, "accuracy": 1.0, "accuracy_std": 0.0, "precision": 1.0, "precision_std": 0.0, "recall": 1.0, "recall_std": 0.0, "f1": 1.0, "f1_std": 0.0, "auc": 1.0, "auc_std": 0.0}
{"epoch": 76, "time_epoch": 0.13064, "time_epoch_std": 0.0, "eta": 6.77842, "eta_std": 0.0, "eta_hours": 0.00188, "eta_hours_std": 0.0, "loss": 0.08735, "loss_std": 0.0, "lr": 0.00014, "lr_std": 0.0, "params": 9207.0, "params_std": 0.0, "time_iter": 0.04355, "time_iter_std": 0.0, "accuracy": 1.0, "accuracy_std": 0.0, "precision": 1.0, "precision_std": 0.0, "recall": 1.0, "recall_std": 0.0, "f1": 1.0, "f1_std": 0.0, "auc": 1.0, "auc_std": 0.0}
{"epoch": 77, "time_epoch": 0.12526, "time_epoch_std": 0.0, "eta": 6.43591, "eta_std": 0.0, "eta_hours": 0.00179, "eta_hours_std": 0.0, "loss": 0.07293, "loss_std": 0.0, "lr": 0.00012, "lr_std": 0.0, "params": 9207.0, "params_std": 0.0, "time_iter": 0.04175, "time_iter_std": 0.0, "accuracy": 1.0, "accuracy_std": 0.0, "precision": 1.0, "precision_std": 0.0, "recall": 1.0, "recall_std": 0.0, "f1": 1.0, "f1_std": 0.0, "auc": 1.0, "auc_std": 0.0}
{"epoch": 78, "time_epoch": 0.12615, "time_epoch_std": 0.0, "eta": 6.09914, "eta_std": 0.0, "eta_hours": 0.00169, "eta_hours_std": 0.0, "loss": 0.23318, "loss_std": 0.0, "lr": 0.00011, "lr_std": 0.0, "params": 9207.0, "params_std": 0.0, "time_iter": 0.04205, "time_iter_std": 0.0, "accuracy": 0.92308, "accuracy_std": 0.0, "precision": 0.96, "precision_std": 0.0, "recall": 0.92308, "recall_std": 0.0, "f1": 0.94118, "f1_std": 0.0, "auc": 0.9645, "auc_std": 0.0}
{"epoch": 79, "time_epoch": 0.12737, "time_epoch_std": 0.0, "eta": 5.76794, "eta_std": 0.0, "eta_hours": 0.0016, "eta_hours_std": 0.0, "loss": 0.08796, "loss_std": 0.0, "lr": 0.0001, "lr_std": 0.0, "params": 9207.0, "params_std": 0.0, "time_iter": 0.04246, "time_iter_std": 0.0, "accuracy": 1.0, "accuracy_std": 0.0, "precision": 1.0, "precision_std": 0.0, "recall": 1.0, "recall_std": 0.0, "f1": 1.0, "f1_std": 0.0, "auc": 1.0, "auc_std": 0.0}
{"epoch": 80, "time_epoch": 0.12753, "time_epoch_std": 0.0, "eta": 5.44181, "eta_std": 0.0, "eta_hours": 0.00151, "eta_hours_std": 0.0, "loss": 0.10096, "loss_std": 0.0, "lr": 0.0001, "lr_std": 0.0, "params": 9207.0, "params_std": 0.0, "time_iter": 0.04251, "time_iter_std": 0.0, "accuracy": 1.0, "accuracy_std": 0.0, "precision": 1.0, "precision_std": 0.0, "recall": 1.0, "recall_std": 0.0, "f1": 1.0, "f1_std": 0.0, "auc": 1.0, "auc_std": 0.0}
{"epoch": 81, "time_epoch": 0.12632, "time_epoch_std": 0.0, "eta": 5.12026, "eta_std": 0.0, "eta_hours": 0.00142, "eta_hours_std": 0.0, "loss": 0.08223, "loss_std": 0.0, "lr": 9e-05, "lr_std": 0.0, "params": 9207.0, "params_std": 0.0, "time_iter": 0.04211, "time_iter_std": 0.0, "accuracy": 1.0, "accuracy_std": 0.0, "precision": 1.0, "precision_std": 0.0, "recall": 1.0, "recall_std": 0.0, "f1": 1.0, "f1_std": 0.0, "auc": 1.0, "auc_std": 0.0}
{"epoch": 82, "time_epoch": 0.12682, "time_epoch_std": 0.0, "eta": 4.80351, "eta_std": 0.0, "eta_hours": 0.00133, "eta_hours_std": 0.0, "loss": 0.08206, "loss_std": 0.0, "lr": 8e-05, "lr_std": 0.0, "params": 9207.0, "params_std": 0.0, "time_iter": 0.04227, "time_iter_std": 0.0, "accuracy": 1.0, "accuracy_std": 0.0, "precision": 1.0, "precision_std": 0.0, "recall": 1.0, "recall_std": 0.0, "f1": 1.0, "f1_std": 0.0, "auc": 1.0, "auc_std": 0.0}
{"epoch": 83, "time_epoch": 0.12757, "time_epoch_std": 0.0, "eta": 4.49143, "eta_std": 0.0, "eta_hours": 0.00125, "eta_hours_std": 0.0, "loss": 0.06877, "loss_std": 0.0, "lr": 7e-05, "lr_std": 0.0, "params": 9207.0, "params_std": 0.0, "time_iter": 0.04252, "time_iter_std": 0.0, "accuracy": 1.0, "accuracy_std": 0.0, "precision": 1.0, "precision_std": 0.0, "recall": 1.0, "recall_std": 0.0, "f1": 1.0, "f1_std": 0.0, "auc": 1.0, "auc_std": 0.0}
{"epoch": 84, "time_epoch": 0.12426, "time_epoch_std": 0.0, "eta": 4.18311, "eta_std": 0.0, "eta_hours": 0.00116, "eta_hours_std": 0.0, "loss": 0.09799, "loss_std": 0.0, "lr": 6e-05, "lr_std": 0.0, "params": 9207.0, "params_std": 0.0, "time_iter": 0.04142, "time_iter_std": 0.0, "accuracy": 0.97436, "accuracy_std": 0.0, "precision": 0.96296, "precision_std": 0.0, "recall": 1.0, "recall_std": 0.0, "f1": 0.98113, "f1_std": 0.0, "auc": 1.0, "auc_std": 0.0}
{"epoch": 85, "time_epoch": 0.1246, "time_epoch_std": 0.0, "eta": 3.87912, "eta_std": 0.0, "eta_hours": 0.00108, "eta_hours_std": 0.0, "loss": 0.07581, "loss_std": 0.0, "lr": 5e-05, "lr_std": 0.0, "params": 9207.0, "params_std": 0.0, "time_iter": 0.04153, "time_iter_std": 0.0, "accuracy": 1.0, "accuracy_std": 0.0, "precision": 1.0, "precision_std": 0.0, "recall": 1.0, "recall_std": 0.0, "f1": 1.0, "f1_std": 0.0, "auc": 1.0, "auc_std": 0.0}
{"epoch": 86, "time_epoch": 0.1299, "time_epoch_std": 0.0, "eta": 3.58005, "eta_std": 0.0, "eta_hours": 0.00099, "eta_hours_std": 0.0, "loss": 0.08111, "loss_std": 0.0, "lr": 5e-05, "lr_std": 0.0, "params": 9207.0, "params_std": 0.0, "time_iter": 0.0433, "time_iter_std": 0.0, "accuracy": 1.0, "accuracy_std": 0.0, "precision": 1.0, "precision_std": 0.0, "recall": 1.0, "recall_std": 0.0, "f1": 1.0, "f1_std": 0.0, "auc": 1.0, "auc_std": 0.0}
{"epoch": 87, "time_epoch": 0.12542, "time_epoch_std": 0.0, "eta": 3.28421, "eta_std": 0.0, "eta_hours": 0.00091, "eta_hours_std": 0.0, "loss": 0.14292, "loss_std": 0.0, "lr": 4e-05, "lr_std": 0.0, "params": 9207.0, "params_std": 0.0, "time_iter": 0.04181, "time_iter_std": 0.0, "accuracy": 0.97436, "accuracy_std": 0.0, "precision": 1.0, "precision_std": 0.0, "recall": 0.96154, "recall_std": 0.0, "f1": 0.98039, "f1_std": 0.0, "auc": 1.0, "auc_std": 0.0}
{"epoch": 88, "time_epoch": 0.12545, "time_epoch_std": 0.0, "eta": 2.9922, "eta_std": 0.0, "eta_hours": 0.00083, "eta_hours_std": 0.0, "loss": 0.07739, "loss_std": 0.0, "lr": 4e-05, "lr_std": 0.0, "params": 9207.0, "params_std": 0.0, "time_iter": 0.04182, "time_iter_std": 0.0, "accuracy": 1.0, "accuracy_std": 0.0, "precision": 1.0, "precision_std": 0.0, "recall": 1.0, "recall_std": 0.0, "f1": 1.0, "f1_std": 0.0, "auc": 1.0, "auc_std": 0.0}
{"epoch": 89, "time_epoch": 0.13056, "time_epoch_std": 0.0, "eta": 2.70447, "eta_std": 0.0, "eta_hours": 0.00075, "eta_hours_std": 0.0, "loss": 0.06803, "loss_std": 0.0, "lr": 3e-05, "lr_std": 0.0, "params": 9207.0, "params_std": 0.0, "time_iter": 0.04352, "time_iter_std": 0.0, "accuracy": 1.0, "accuracy_std": 0.0, "precision": 1.0, "precision_std": 0.0, "recall": 1.0, "recall_std": 0.0, "f1": 1.0, "f1_std": 0.0, "auc": 1.0, "auc_std": 0.0}
{"epoch": 90, "time_epoch": 0.12703, "time_epoch_std": 0.0, "eta": 2.41984, "eta_std": 0.0, "eta_hours": 0.00067, "eta_hours_std": 0.0, "loss": 0.09012, "loss_std": 0.0, "lr": 2e-05, "lr_std": 0.0, "params": 9207.0, "params_std": 0.0, "time_iter": 0.04234, "time_iter_std": 0.0, "accuracy": 1.0, "accuracy_std": 0.0, "precision": 1.0, "precision_std": 0.0, "recall": 1.0, "recall_std": 0.0, "f1": 1.0, "f1_std": 0.0, "auc": 1.0, "auc_std": 0.0}
{"epoch": 91, "time_epoch": 0.12809, "time_epoch_std": 0.0, "eta": 2.13872, "eta_std": 0.0, "eta_hours": 0.00059, "eta_hours_std": 0.0, "loss": 0.0812, "loss_std": 0.0, "lr": 2e-05, "lr_std": 0.0, "params": 9207.0, "params_std": 0.0, "time_iter": 0.0427, "time_iter_std": 0.0, "accuracy": 1.0, "accuracy_std": 0.0, "precision": 1.0, "precision_std": 0.0, "recall": 1.0, "recall_std": 0.0, "f1": 1.0, "f1_std": 0.0, "auc": 1.0, "auc_std": 0.0}
{"epoch": 92, "time_epoch": 0.12693, "time_epoch_std": 0.0, "eta": 1.86081, "eta_std": 0.0, "eta_hours": 0.00052, "eta_hours_std": 0.0, "loss": 0.06773, "loss_std": 0.0, "lr": 2e-05, "lr_std": 0.0, "params": 9207.0, "params_std": 0.0, "time_iter": 0.04231, "time_iter_std": 0.0, "accuracy": 1.0, "accuracy_std": 0.0, "precision": 1.0, "precision_std": 0.0, "recall": 1.0, "recall_std": 0.0, "f1": 1.0, "f1_std": 0.0, "auc": 1.0, "auc_std": 0.0}
{"epoch": 93, "time_epoch": 0.13404, "time_epoch_std": 0.0, "eta": 1.58657, "eta_std": 0.0, "eta_hours": 0.00044, "eta_hours_std": 0.0, "loss": 0.07529, "loss_std": 0.0, "lr": 1e-05, "lr_std": 0.0, "params": 9207.0, "params_std": 0.0, "time_iter": 0.04468, "time_iter_std": 0.0, "accuracy": 1.0, "accuracy_std": 0.0, "precision": 1.0, "precision_std": 0.0, "recall": 1.0, "recall_std": 0.0, "f1": 1.0, "f1_std": 0.0, "auc": 1.0, "auc_std": 0.0}
{"epoch": 94, "time_epoch": 0.1283, "time_epoch_std": 0.0, "eta": 1.31498, "eta_std": 0.0, "eta_hours": 0.00037, "eta_hours_std": 0.0, "loss": 0.08913, "loss_std": 0.0, "lr": 1e-05, "lr_std": 0.0, "params": 9207.0, "params_std": 0.0, "time_iter": 0.04277, "time_iter_std": 0.0, "accuracy": 1.0, "accuracy_std": 0.0, "precision": 1.0, "precision_std": 0.0, "recall": 1.0, "recall_std": 0.0, "f1": 1.0, "f1_std": 0.0, "auc": 1.0, "auc_std": 0.0}
{"epoch": 95, "time_epoch": 0.12859, "time_epoch_std": 0.0, "eta": 1.04638, "eta_std": 0.0, "eta_hours": 0.00029, "eta_hours_std": 0.0, "loss": 0.08139, "loss_std": 0.0, "lr": 1e-05, "lr_std": 0.0, "params": 9207.0, "params_std": 0.0, "time_iter": 0.04286, "time_iter_std": 0.0, "accuracy": 1.0, "accuracy_std": 0.0, "precision": 1.0, "precision_std": 0.0, "recall": 1.0, "recall_std": 0.0, "f1": 1.0, "f1_std": 0.0, "auc": 1.0, "auc_std": 0.0}
{"epoch": 96, "time_epoch": 0.12734, "time_epoch_std": 0.0, "eta": 0.78063, "eta_std": 0.0, "eta_hours": 0.00022, "eta_hours_std": 0.0, "loss": 0.16629, "loss_std": 0.0, "lr": 0.0, "lr_std": 0.0, "params": 9207.0, "params_std": 0.0, "time_iter": 0.04245, "time_iter_std": 0.0, "accuracy": 0.94872, "accuracy_std": 0.0, "precision": 1.0, "precision_std": 0.0, "recall": 0.92308, "recall_std": 0.0, "f1": 0.96, "f1_std": 0.0, "auc": 0.98817, "auc_std": 0.0}
{"epoch": 97, "time_epoch": 0.12762, "time_epoch_std": 0.0, "eta": 0.51772, "eta_std": 0.0, "eta_hours": 0.00014, "eta_hours_std": 0.0, "loss": 0.10175, "loss_std": 0.0, "lr": 0.0, "lr_std": 0.0, "params": 9207.0, "params_std": 0.0, "time_iter": 0.04254, "time_iter_std": 0.0, "accuracy": 1.0, "accuracy_std": 0.0, "precision": 1.0, "precision_std": 0.0, "recall": 1.0, "recall_std": 0.0, "f1": 1.0, "f1_std": 0.0, "auc": 1.0, "auc_std": 0.0}
{"epoch": 98, "time_epoch": 0.13304, "time_epoch_std": 0.0, "eta": 0.25759, "eta_std": 0.0, "eta_hours": 7e-05, "eta_hours_std": 0.0, "loss": 0.07039, "loss_std": 0.0, "lr": 0.0, "lr_std": 0.0, "params": 9207.0, "params_std": 0.0, "time_iter": 0.04435, "time_iter_std": 0.0, "accuracy": 1.0, "accuracy_std": 0.0, "precision": 1.0, "precision_std": 0.0, "recall": 1.0, "recall_std": 0.0, "f1": 1.0, "f1_std": 0.0, "auc": 1.0, "auc_std": 0.0}
{"epoch": 99, "time_epoch": 0.12553, "time_epoch_std": 0.0, "eta": 0.0, "eta_std": 0.0, "eta_hours": 0.0, "eta_hours_std": 0.0, "loss": 0.08112, "loss_std": 0.0, "lr": 0.0, "lr_std": 0.0, "params": 9207.0, "params_std": 0.0, "time_iter": 0.04184, "time_iter_std": 0.0, "accuracy": 1.0, "accuracy_std": 0.0, "precision": 1.0, "precision_std": 0.0, "recall": 1.0, "recall_std": 0.0, "f1": 1.0, "f1_std": 0.0, "auc": 1.0, "auc_std": 0.0}
