{"epoch": 0, "time_epoch": 25.54417, "eta": 2528.87289, "eta_hours": 0.70246, "loss": 1.10062447, "lr": 0.001, "params": 5327, "time_iter": 0.13587, "accuracy": 0.33067, "f1": 0.2624, "auc": 0.46588}
{"epoch": 1, "time_epoch": 12.69496, "eta": 1873.71721, "eta_hours": 0.52048, "loss": 1.09830465, "lr": 0.00099975, "params": 5327, "time_iter": 0.06753, "accuracy": 0.352, "f1": 0.25931, "auc": 0.4893}
{"epoch": 2, "time_epoch": 12.8215, "eta": 1650.9603, "eta_hours": 0.4586, "loss": 1.09887877, "lr": 0.00099901, "params": 5327, "time_iter": 0.0682, "accuracy": 0.35067, "f1": 0.20561, "auc": 0.4918}
{"epoch": 3, "time_epoch": 12.86942, "eta": 1534.32113, "eta_hours": 0.4262, "loss": 1.09761574, "lr": 0.00099778, "params": 5327, "time_iter": 0.06845, "accuracy": 0.352, "f1": 0.24717, "auc": 0.5092}
{"epoch": 4, "time_epoch": 12.87469, "eta": 1459.29, "eta_hours": 0.40536, "loss": 1.09570679, "lr": 0.00099606, "params": 5327, "time_iter": 0.06848, "accuracy": 0.384, "f1": 0.32539, "auc": 0.51932}
{"epoch": 5, "time_epoch": 12.76232, "eta": 1403.21719, "eta_hours": 0.38978, "loss": 1.0965958, "lr": 0.00099384, "params": 5327, "time_iter": 0.06788, "accuracy": 0.38533, "f1": 0.29473, "auc": 0.5047}
{"epoch": 6, "time_epoch": 12.43385, "eta": 1355.15483, "eta_hours": 0.37643, "loss": 1.09209399, "lr": 0.00099114, "params": 5327, "time_iter": 0.06614, "accuracy": 0.392, "f1": 0.30531, "auc": 0.51709}
{"epoch": 7, "time_epoch": 12.3578, "eta": 1315.12507, "eta_hours": 0.36531, "loss": 1.08903918, "lr": 0.00098796, "params": 5327, "time_iter": 0.06573, "accuracy": 0.4, "f1": 0.31575, "auc": 0.53856}
{"epoch": 8, "time_epoch": 12.27173, "eta": 1280.37433, "eta_hours": 0.35566, "loss": 1.09636155, "lr": 0.00098429, "params": 5327, "time_iter": 0.06528, "accuracy": 0.36933, "f1": 0.28595, "auc": 0.51077}
{"epoch": 9, "time_epoch": 12.36576, "eta": 1250.96568, "eta_hours": 0.34749, "loss": 1.08908548, "lr": 0.00098015, "params": 5327, "time_iter": 0.06578, "accuracy": 0.40533, "f1": 0.31411, "auc": 0.53927}
{"epoch": 10, "time_epoch": 12.35117, "eta": 1224.53769, "eta_hours": 0.34015, "loss": 1.0995393, "lr": 0.00097553, "params": 5327, "time_iter": 0.0657, "accuracy": 0.35733, "f1": 0.28087, "auc": 0.50363}
{"epoch": 11, "time_epoch": 12.39408, "eta": 1200.77053, "eta_hours": 0.33355, "loss": 1.09635933, "lr": 0.00097044, "params": 5327, "time_iter": 0.06593, "accuracy": 0.376, "f1": 0.28545, "auc": 0.50464}
{"epoch": 12, "time_epoch": 12.29525, "eta": 1178.09165, "eta_hours": 0.32725, "loss": 1.09247025, "lr": 0.00096489, "params": 5327, "time_iter": 0.0654, "accuracy": 0.38667, "f1": 0.30212, "auc": 0.51938}
{"epoch": 13, "time_epoch": 12.36998, "eta": 1157.35519, "eta_hours": 0.32149, "loss": 1.09158944, "lr": 0.00095888, "params": 5327, "time_iter": 0.0658, "accuracy": 0.388, "f1": 0.29645, "auc": 0.53137}
{"epoch": 14, "time_epoch": 12.36816, "eta": 1137.72395, "eta_hours": 0.31603, "loss": 1.09404112, "lr": 0.00095241, "params": 5327, "time_iter": 0.06579, "accuracy": 0.37733, "f1": 0.29061, "auc": 0.52404}
{"epoch": 15, "time_epoch": 12.48525, "eta": 1119.61535, "eta_hours": 0.311, "loss": 1.09233695, "lr": 0.0009455, "params": 5327, "time_iter": 0.06641, "accuracy": 0.38, "f1": 0.29148, "auc": 0.52339}
{"epoch": 16, "time_epoch": 12.37052, "eta": 1101.60815, "eta_hours": 0.306, "loss": 1.09719329, "lr": 0.00093815, "params": 5327, "time_iter": 0.0658, "accuracy": 0.37067, "f1": 0.28333, "auc": 0.50773}
{"epoch": 17, "time_epoch": 12.30862, "eta": 1083.94526, "eta_hours": 0.3011, "loss": 1.09176902, "lr": 0.00093037, "params": 5327, "time_iter": 0.06547, "accuracy": 0.39867, "f1": 0.31085, "auc": 0.537}
{"epoch": 18, "time_epoch": 12.25866, "eta": 1066.63299, "eta_hours": 0.29629, "loss": 1.09206774, "lr": 0.00092216, "params": 5327, "time_iter": 0.06521, "accuracy": 0.39333, "f1": 0.30257, "auc": 0.5274}
{"epoch": 19, "time_epoch": 12.37317, "eta": 1050.28412, "eta_hours": 0.29175, "loss": 1.09093152, "lr": 0.00091354, "params": 5327, "time_iter": 0.06581, "accuracy": 0.396, "f1": 0.30499, "auc": 0.5258}
{"epoch": 20, "time_epoch": 12.38267, "eta": 1034.34963, "eta_hours": 0.28732, "loss": 1.08618862, "lr": 0.00090451, "params": 5327, "time_iter": 0.06587, "accuracy": 0.4, "f1": 0.31046, "auc": 0.5252}
{"epoch": 21, "time_epoch": 14.35301, "eta": 1025.7238, "eta_hours": 0.28492, "loss": 1.09086366, "lr": 0.00089508, "params": 5327, "time_iter": 0.07635, "accuracy": 0.392, "f1": 0.30486, "auc": 0.53201}
{"epoch": 22, "time_epoch": 14.62786, "eta": 1017.5201, "eta_hours": 0.28264, "loss": 1.0873618, "lr": 0.00088526, "params": 5327, "time_iter": 0.07781, "accuracy": 0.40133, "f1": 0.31356, "auc": 0.53275}
{"epoch": 23, "time_epoch": 12.49124, "eta": 1002.01509, "eta_hours": 0.27834, "loss": 1.08832796, "lr": 0.00087506, "params": 5327, "time_iter": 0.06644, "accuracy": 0.39733, "f1": 0.30743, "auc": 0.53475}
{"epoch": 24, "time_epoch": 12.94671, "eta": 988.1176, "eta_hours": 0.27448, "loss": 1.09154141, "lr": 0.00086448, "params": 5327, "time_iter": 0.06887, "accuracy": 0.396, "f1": 0.30946, "auc": 0.53425}
{"epoch": 25, "time_epoch": 12.85786, "eta": 974.04034, "eta_hours": 0.27057, "loss": 1.08837055, "lr": 0.00085355, "params": 5327, "time_iter": 0.06839, "accuracy": 0.39867, "f1": 0.30847, "auc": 0.53184}
{"epoch": 26, "time_epoch": 12.78948, "eta": 959.86855, "eta_hours": 0.26663, "loss": 1.08887696, "lr": 0.00084227, "params": 5327, "time_iter": 0.06803, "accuracy": 0.4, "f1": 0.31088, "auc": 0.5363}
{"epoch": 27, "time_epoch": 12.56457, "eta": 945.21713, "eta_hours": 0.26256, "loss": 1.0913153, "lr": 0.00083066, "params": 5327, "time_iter": 0.06683, "accuracy": 0.388, "f1": 0.30186, "auc": 0.52125}
{"epoch": 28, "time_epoch": 12.47048, "eta": 930.47928, "eta_hours": 0.25847, "loss": 1.08359194, "lr": 0.00081871, "params": 5327, "time_iter": 0.06633, "accuracy": 0.412, "f1": 0.32491, "auc": 0.54616}
{"epoch": 29, "time_epoch": 12.31342, "eta": 915.52611, "eta_hours": 0.25431, "loss": 1.0848324, "lr": 0.00080645, "params": 5327, "time_iter": 0.0655, "accuracy": 0.396, "f1": 0.30746, "auc": 0.54368}
{"epoch": 30, "time_epoch": 12.22572, "eta": 900.54806, "eta_hours": 0.25015, "loss": 1.09225863, "lr": 0.00079389, "params": 5327, "time_iter": 0.06503, "accuracy": 0.39067, "f1": 0.30059, "auc": 0.53788}
{"epoch": 31, "time_epoch": 12.6864, "eta": 886.72097, "eta_hours": 0.24631, "loss": 1.08423468, "lr": 0.00078104, "params": 5327, "time_iter": 0.06748, "accuracy": 0.40267, "f1": 0.31487, "auc": 0.5498}
{"epoch": 32, "time_epoch": 12.73881, "eta": 873.06942, "eta_hours": 0.24252, "loss": 1.08311804, "lr": 0.00076791, "params": 5327, "time_iter": 0.06776, "accuracy": 0.42133, "f1": 0.33476, "auc": 0.55616}
{"epoch": 33, "time_epoch": 12.73357, "eta": 859.46139, "eta_hours": 0.23874, "loss": 1.08140852, "lr": 0.00075452, "params": 5327, "time_iter": 0.06773, "accuracy": 0.416, "f1": 0.32514, "auc": 0.55326}
{"epoch": 34, "time_epoch": 12.32675, "eta": 845.1478, "eta_hours": 0.23476, "loss": 1.08262944, "lr": 0.00074088, "params": 5327, "time_iter": 0.06557, "accuracy": 0.40267, "f1": 0.31546, "auc": 0.55529}
{"epoch": 35, "time_epoch": 12.23743, "eta": 830.7858, "eta_hours": 0.23077, "loss": 1.08787126, "lr": 0.000727, "params": 5327, "time_iter": 0.06509, "accuracy": 0.39067, "f1": 0.30471, "auc": 0.54384}
{"epoch": 36, "time_epoch": 12.26891, "eta": 816.59225, "eta_hours": 0.22683, "loss": 1.08876994, "lr": 0.00071289, "params": 5327, "time_iter": 0.06526, "accuracy": 0.39467, "f1": 0.32187, "auc": 0.54088}
{"epoch": 37, "time_epoch": 12.31886, "eta": 802.5815, "eta_hours": 0.22294, "loss": 1.08083799, "lr": 0.00069857, "params": 5327, "time_iter": 0.06553, "accuracy": 0.424, "f1": 0.32959, "auc": 0.55205}
{"epoch": 38, "time_epoch": 12.30819, "eta": 788.64081, "eta_hours": 0.21907, "loss": 1.08106763, "lr": 0.00068406, "params": 5327, "time_iter": 0.06547, "accuracy": 0.404, "f1": 0.31992, "auc": 0.55307}
{"epoch": 39, "time_epoch": 12.31201, "eta": 774.78748, "eta_hours": 0.21522, "loss": 1.08348493, "lr": 0.00066937, "params": 5327, "time_iter": 0.06549, "accuracy": 0.416, "f1": 0.33476, "auc": 0.53913}
{"epoch": 40, "time_epoch": 12.33879, "eta": 761.04787, "eta_hours": 0.2114, "loss": 1.08438996, "lr": 0.00065451, "params": 5327, "time_iter": 0.06563, "accuracy": 0.40667, "f1": 0.31716, "auc": 0.55184}
{"epoch": 41, "time_epoch": 12.33817, "eta": 747.37411, "eta_hours": 0.2076, "loss": 1.0793722, "lr": 0.0006395, "params": 5327, "time_iter": 0.06563, "accuracy": 0.40667, "f1": 0.33332, "auc": 0.56917}
{"epoch": 42, "time_epoch": 12.29322, "eta": 733.70289, "eta_hours": 0.20381, "loss": 1.08139488, "lr": 0.00062434, "params": 5327, "time_iter": 0.06539, "accuracy": 0.404, "f1": 0.32373, "auc": 0.55875}
{"epoch": 43, "time_epoch": 12.34732, "eta": 720.16316, "eta_hours": 0.20005, "loss": 1.08493547, "lr": 0.00060907, "params": 5327, "time_iter": 0.06568, "accuracy": 0.40533, "f1": 0.34168, "auc": 0.5564}
{"epoch": 44, "time_epoch": 12.08995, "eta": 706.36187, "eta_hours": 0.19621, "loss": 1.08584624, "lr": 0.00059369, "params": 5327, "time_iter": 0.06431, "accuracy": 0.392, "f1": 0.33546, "auc": 0.56321}
{"epoch": 45, "time_epoch": 12.34119, "eta": 692.92991, "eta_hours": 0.19248, "loss": 1.08913147, "lr": 0.00057822, "params": 5327, "time_iter": 0.06564, "accuracy": 0.404, "f1": 0.36792, "auc": 0.54788}
{"epoch": 46, "time_epoch": 12.27925, "eta": 679.47452, "eta_hours": 0.18874, "loss": 1.08606276, "lr": 0.00056267, "params": 5327, "time_iter": 0.06532, "accuracy": 0.41067, "f1": 0.35509, "auc": 0.56622}
{"epoch": 47, "time_epoch": 12.28386, "eta": 666.07312, "eta_hours": 0.18502, "loss": 1.07920418, "lr": 0.00054705, "params": 5327, "time_iter": 0.06534, "accuracy": 0.40267, "f1": 0.34214, "auc": 0.5769}
{"epoch": 48, "time_epoch": 12.35104, "eta": 652.78727, "eta_hours": 0.18133, "loss": 1.07776054, "lr": 0.0005314, "params": 5327, "time_iter": 0.0657, "accuracy": 0.40533, "f1": 0.33366, "auc": 0.57886}
{"epoch": 49, "time_epoch": 12.02707, "eta": 639.21484, "eta_hours": 0.17756, "loss": 1.07754496, "lr": 0.00051571, "params": 5327, "time_iter": 0.06397, "accuracy": 0.41867, "f1": 0.34991, "auc": 0.5796}
{"epoch": 50, "time_epoch": 12.10172, "eta": 625.77474, "eta_hours": 0.17383, "loss": 1.08599145, "lr": 0.0005, "params": 5327, "time_iter": 0.06437, "accuracy": 0.40533, "f1": 0.35884, "auc": 0.57439}
{"epoch": 51, "time_epoch": 12.31761, "eta": 612.58539, "eta_hours": 0.17016, "loss": 1.07801894, "lr": 0.00048429, "params": 5327, "time_iter": 0.06552, "accuracy": 0.42933, "f1": 0.39414, "auc": 0.5783}
{"epoch": 52, "time_epoch": 12.24581, "eta": 599.36527, "eta_hours": 0.16649, "loss": 1.0809432, "lr": 0.0004686, "params": 5327, "time_iter": 0.06514, "accuracy": 0.41733, "f1": 0.35391, "auc": 0.58149}
{"epoch": 53, "time_epoch": 12.16098, "eta": 586.10898, "eta_hours": 0.16281, "loss": 1.08139249, "lr": 0.00045295, "params": 5327, "time_iter": 0.06469, "accuracy": 0.408, "f1": 0.3748, "auc": 0.58172}
{"epoch": 54, "time_epoch": 12.15176, "eta": 572.88496, "eta_hours": 0.15913, "loss": 1.08277518, "lr": 0.00043733, "params": 5327, "time_iter": 0.06464, "accuracy": 0.39867, "f1": 0.35532, "auc": 0.57064}
{"epoch": 55, "time_epoch": 12.30197, "eta": 559.81726, "eta_hours": 0.1555, "loss": 1.0826861, "lr": 0.00042178, "params": 5327, "time_iter": 0.06544, "accuracy": 0.416, "f1": 0.383, "auc": 0.57442}
{"epoch": 56, "time_epoch": 12.19718, "eta": 546.69738, "eta_hours": 0.15186, "loss": 1.07915372, "lr": 0.00040631, "params": 5327, "time_iter": 0.06488, "accuracy": 0.43067, "f1": 0.40267, "auc": 0.59003}
{"epoch": 57, "time_epoch": 12.2136, "eta": 533.62121, "eta_hours": 0.14823, "loss": 1.07999814, "lr": 0.00039093, "params": 5327, "time_iter": 0.06497, "accuracy": 0.412, "f1": 0.37929, "auc": 0.58366}
{"epoch": 58, "time_epoch": 12.22198, "eta": 520.58009, "eta_hours": 0.14461, "loss": 1.07981078, "lr": 0.00037566, "params": 5327, "time_iter": 0.06501, "accuracy": 0.42, "f1": 0.4084, "auc": 0.58314}
{"epoch": 59, "time_epoch": 12.20563, "eta": 507.55539, "eta_hours": 0.14099, "loss": 1.07290451, "lr": 0.0003605, "params": 5327, "time_iter": 0.06492, "accuracy": 0.408, "f1": 0.40023, "auc": 0.59954}
{"epoch": 60, "time_epoch": 11.92499, "eta": 494.37811, "eta_hours": 0.13733, "loss": 1.073598, "lr": 0.00034549, "params": 5327, "time_iter": 0.06343, "accuracy": 0.432, "f1": 0.41745, "auc": 0.59}
{"epoch": 61, "time_epoch": 14.42603, "eta": 482.77413, "eta_hours": 0.1341, "loss": 1.07774354, "lr": 0.00033063, "params": 5327, "time_iter": 0.07673, "accuracy": 0.40933, "f1": 0.38678, "auc": 0.5862}
{"epoch": 62, "time_epoch": 12.7189, "eta": 470.07795, "eta_hours": 0.13058, "loss": 1.06669225, "lr": 0.00031594, "params": 5327, "time_iter": 0.06765, "accuracy": 0.43333, "f1": 0.41634, "auc": 0.60492}
{"epoch": 63, "time_epoch": 12.76226, "eta": 457.40546, "eta_hours": 0.12706, "loss": 1.07822245, "lr": 0.00030143, "params": 5327, "time_iter": 0.06788, "accuracy": 0.42267, "f1": 0.40718, "auc": 0.58217}
{"epoch": 64, "time_epoch": 13.20707, "eta": 444.96972, "eta_hours": 0.1236, "loss": 1.08205156, "lr": 0.00028711, "params": 5327, "time_iter": 0.07025, "accuracy": 0.424, "f1": 0.41862, "auc": 0.58468}
{"epoch": 65, "time_epoch": 12.26142, "eta": 432.02345, "eta_hours": 0.12001, "loss": 1.07776484, "lr": 0.000273, "params": 5327, "time_iter": 0.06522, "accuracy": 0.41867, "f1": 0.41397, "auc": 0.58734}
{"epoch": 66, "time_epoch": 12.39265, "eta": 419.16226, "eta_hours": 0.11643, "loss": 1.07719623, "lr": 0.00025912, "params": 5327, "time_iter": 0.06592, "accuracy": 0.41067, "f1": 0.39188, "auc": 0.58845}
{"epoch": 67, "time_epoch": 12.21828, "eta": 406.23279, "eta_hours": 0.11284, "loss": 1.08291716, "lr": 0.00024548, "params": 5327, "time_iter": 0.06499, "accuracy": 0.4, "f1": 0.39003, "auc": 0.57703}
{"epoch": 68, "time_epoch": 12.28446, "eta": 393.35367, "eta_hours": 0.10926, "loss": 1.07304351, "lr": 0.00023209, "params": 5327, "time_iter": 0.06534, "accuracy": 0.42133, "f1": 0.40489, "auc": 0.59487}
{"epoch": 69, "time_epoch": 12.27649, "eta": 380.48813, "eta_hours": 0.10569, "loss": 1.0767528, "lr": 0.00021896, "params": 5327, "time_iter": 0.0653, "accuracy": 0.42533, "f1": 0.41556, "auc": 0.58929}
{"epoch": 70, "time_epoch": 12.29689, "eta": 367.64751, "eta_hours": 0.10212, "loss": 1.06979773, "lr": 0.00020611, "params": 5327, "time_iter": 0.06541, "accuracy": 0.42533, "f1": 0.41669, "auc": 0.6004}
{"epoch": 71, "time_epoch": 12.0886, "eta": 354.74099, "eta_hours": 0.09854, "loss": 1.07103169, "lr": 0.00019355, "params": 5327, "time_iter": 0.0643, "accuracy": 0.42667, "f1": 0.421, "auc": 0.59715}
{"epoch": 72, "time_epoch": 12.31115, "eta": 341.93919, "eta_hours": 0.09498, "loss": 1.07022544, "lr": 0.00018129, "params": 5327, "time_iter": 0.06548, "accuracy": 0.43333, "f1": 0.41669, "auc": 0.59888}
{"epoch": 73, "time_epoch": 12.33409, "eta": 329.15872, "eta_hours": 0.09143, "loss": 1.06972209, "lr": 0.00016934, "params": 5327, "time_iter": 0.06561, "accuracy": 0.43733, "f1": 0.42709, "auc": 0.60469}
{"epoch": 74, "time_epoch": 12.18404, "eta": 316.34013, "eta_hours": 0.08787, "loss": 1.07069855, "lr": 0.00015773, "params": 5327, "time_iter": 0.06481, "accuracy": 0.424, "f1": 0.42085, "auc": 0.60264}
{"epoch": 75, "time_epoch": 12.17437, "eta": 303.53519, "eta_hours": 0.08432, "loss": 1.06752398, "lr": 0.00014645, "params": 5327, "time_iter": 0.06476, "accuracy": 0.44267, "f1": 0.43552, "auc": 0.61324}
{"epoch": 76, "time_epoch": 12.37803, "eta": 290.80746, "eta_hours": 0.08078, "loss": 1.06962866, "lr": 0.00013552, "params": 5327, "time_iter": 0.06584, "accuracy": 0.42667, "f1": 0.41895, "auc": 0.6006}
{"epoch": 77, "time_epoch": 12.3156, "eta": 278.07109, "eta_hours": 0.07724, "loss": 1.07587523, "lr": 0.00012494, "params": 5327, "time_iter": 0.06551, "accuracy": 0.39733, "f1": 0.38326, "auc": 0.58924}
{"epoch": 78, "time_epoch": 12.3882, "eta": 265.36467, "eta_hours": 0.07371, "loss": 1.06381263, "lr": 0.00011474, "params": 5327, "time_iter": 0.06589, "accuracy": 0.432, "f1": 0.42675, "auc": 0.61239}
{"epoch": 79, "time_epoch": 12.34234, "eta": 252.65474, "eta_hours": 0.07018, "loss": 1.06949343, "lr": 0.00010492, "params": 5327, "time_iter": 0.06565, "accuracy": 0.43733, "f1": 0.42797, "auc": 0.60388}
{"epoch": 80, "time_epoch": 12.38888, "eta": 239.9648, "eta_hours": 0.06666, "loss": 1.06550797, "lr": 9.549e-05, "params": 5327, "time_iter": 0.0659, "accuracy": 0.44933, "f1": 0.43821, "auc": 0.60955}
{"epoch": 81, "time_epoch": 12.38987, "eta": 227.28242, "eta_hours": 0.06313, "loss": 1.07326032, "lr": 8.646e-05, "params": 5327, "time_iter": 0.0659, "accuracy": 0.42267, "f1": 0.41345, "auc": 0.59102}
{"epoch": 82, "time_epoch": 12.34679, "eta": 214.59827, "eta_hours": 0.05961, "loss": 1.06783349, "lr": 7.784e-05, "params": 5327, "time_iter": 0.06567, "accuracy": 0.42133, "f1": 0.40585, "auc": 0.59803}
{"epoch": 83, "time_epoch": 12.40636, "eta": 201.93349, "eta_hours": 0.05609, "loss": 1.06690592, "lr": 6.963e-05, "params": 5327, "time_iter": 0.06599, "accuracy": 0.41867, "f1": 0.40558, "auc": 0.60523}
{"epoch": 84, "time_epoch": 12.60834, "eta": 189.31044, "eta_hours": 0.05259, "loss": 1.06977143, "lr": 6.185e-05, "params": 5327, "time_iter": 0.06707, "accuracy": 0.416, "f1": 0.40621, "auc": 0.59406}
{"epoch": 85, "time_epoch": 12.62488, "eta": 176.69043, "eta_hours": 0.04908, "loss": 1.06759133, "lr": 5.45e-05, "params": 5327, "time_iter": 0.06715, "accuracy": 0.44533, "f1": 0.43508, "auc": 0.60482}
{"epoch": 86, "time_epoch": 12.40554, "eta": 164.03753, "eta_hours": 0.04557, "loss": 1.06208863, "lr": 4.759e-05, "params": 5327, "time_iter": 0.06599, "accuracy": 0.44267, "f1": 0.4299, "auc": 0.62006}
{"epoch": 87, "time_epoch": 12.36093, "eta": 151.38416, "eta_hours": 0.04205, "loss": 1.06269831, "lr": 4.112e-05, "params": 5327, "time_iter": 0.06575, "accuracy": 0.42933, "f1": 0.41622, "auc": 0.61165}
{"epoch": 88, "time_epoch": 12.40041, "eta": 138.74225, "eta_hours": 0.03854, "loss": 1.07243236, "lr": 3.511e-05, "params": 5327, "time_iter": 0.06596, "accuracy": 0.428, "f1": 0.42018, "auc": 0.59351}
{"epoch": 89, "time_epoch": 12.31156, "eta": 126.09583, "eta_hours": 0.03503, "loss": 1.06622839, "lr": 2.956e-05, "params": 5327, "time_iter": 0.06549, "accuracy": 0.41733, "f1": 0.40694, "auc": 0.60218}
{"epoch": 90, "time_epoch": 12.35141, "eta": 113.46072, "eta_hours": 0.03152, "loss": 1.06738451, "lr": 2.447e-05, "params": 5327, "time_iter": 0.0657, "accuracy": 0.43067, "f1": 0.41922, "auc": 0.60456}
{"epoch": 91, "time_epoch": 12.44938, "eta": 100.84029, "eta_hours": 0.02801, "loss": 1.06714203, "lr": 1.985e-05, "params": 5327, "time_iter": 0.06622, "accuracy": 0.42533, "f1": 0.42036, "auc": 0.61292}
{"epoch": 92, "time_epoch": 12.27891, "eta": 88.2107, "eta_hours": 0.0245, "loss": 1.06922462, "lr": 1.571e-05, "params": 5327, "time_iter": 0.06531, "accuracy": 0.43467, "f1": 0.42821, "auc": 0.60524}
{"epoch": 93, "time_epoch": 12.74755, "eta": 75.61849, "eta_hours": 0.02101, "loss": 1.05717427, "lr": 1.204e-05, "params": 5327, "time_iter": 0.06781, "accuracy": 0.46, "f1": 0.45041, "auc": 0.61733}
{"epoch": 94, "time_epoch": 12.45878, "eta": 63.00782, "eta_hours": 0.0175, "loss": 1.068559, "lr": 8.86e-06, "params": 5327, "time_iter": 0.06627, "accuracy": 0.424, "f1": 0.41392, "auc": 0.60144}
{"epoch": 95, "time_epoch": 13.03152, "eta": 50.42417, "eta_hours": 0.01401, "loss": 1.06423729, "lr": 6.16e-06, "params": 5327, "time_iter": 0.06932, "accuracy": 0.424, "f1": 0.41465, "auc": 0.60602}
{"epoch": 96, "time_epoch": 12.48046, "eta": 37.81424, "eta_hours": 0.0105, "loss": 1.06574832, "lr": 3.94e-06, "params": 5327, "time_iter": 0.06639, "accuracy": 0.43733, "f1": 0.42472, "auc": 0.60029}
{"epoch": 97, "time_epoch": 12.42617, "eta": 25.20585, "eta_hours": 0.007, "loss": 1.06089662, "lr": 2.22e-06, "params": 5327, "time_iter": 0.0661, "accuracy": 0.43333, "f1": 0.42438, "auc": 0.61151}
{"epoch": 98, "time_epoch": 12.32515, "eta": 12.60012, "eta_hours": 0.0035, "loss": 1.06872132, "lr": 9.9e-07, "params": 5327, "time_iter": 0.06556, "accuracy": 0.43867, "f1": 0.43103, "auc": 0.60342}
{"epoch": 99, "time_epoch": 12.31345, "eta": 0.0, "eta_hours": 0.0, "loss": 1.06090714, "lr": 2.5e-07, "params": 5327, "time_iter": 0.0655, "accuracy": 0.43733, "f1": 0.42824, "auc": 0.61341}
