{"epoch": 0, "time_epoch": 0.96446, "eta": 95.48172, "eta_hours": 0.02652, "loss": 0.67928666, "lr": 0.001, "params": 8313, "time_iter": 0.32149, "accuracy": 0.66667, "precision": 0.66667, "recall": 1.0, "f1": 0.8, "auc": 0.36391}
{"epoch": 1, "time_epoch": 2.07897, "eta": 149.12819, "eta_hours": 0.04142, "loss": 0.67595667, "lr": 0.00099975, "params": 8313, "time_iter": 0.69299, "accuracy": 0.66667, "precision": 0.66667, "recall": 1.0, "f1": 0.8, "auc": 0.60059}
{"epoch": 2, "time_epoch": 2.05367, "eta": 164.80642, "eta_hours": 0.04578, "loss": 0.67410035, "lr": 0.00099901, "params": 8313, "time_iter": 0.68456, "accuracy": 0.66667, "precision": 0.66667, "recall": 1.0, "f1": 0.8, "auc": 0.52367}
{"epoch": 3, "time_epoch": 2.05009, "eta": 171.53279, "eta_hours": 0.04765, "loss": 0.67212228, "lr": 0.00099778, "params": 8313, "time_iter": 0.68336, "accuracy": 0.66667, "precision": 0.66667, "recall": 1.0, "f1": 0.8, "auc": 0.39941}
{"epoch": 4, "time_epoch": 2.05138, "eta": 174.77309, "eta_hours": 0.04855, "loss": 0.66954588, "lr": 0.00099606, "params": 8313, "time_iter": 0.68379, "accuracy": 0.66667, "precision": 0.66667, "recall": 1.0, "f1": 0.8, "auc": 0.57988}
{"epoch": 5, "time_epoch": 2.04315, "eta": 176.1205, "eta_hours": 0.04892, "loss": 0.66772044, "lr": 0.00099384, "params": 8313, "time_iter": 0.68105, "accuracy": 0.66667, "precision": 0.66667, "recall": 1.0, "f1": 0.8, "auc": 0.64793}
{"epoch": 6, "time_epoch": 2.04594, "eta": 176.5362, "eta_hours": 0.04904, "loss": 0.66619695, "lr": 0.00099114, "params": 8313, "time_iter": 0.68198, "accuracy": 0.66667, "precision": 0.66667, "recall": 1.0, "f1": 0.8, "auc": 0.52663}
{"epoch": 7, "time_epoch": 0.79377, "eta": 161.93661, "eta_hours": 0.04498, "loss": 0.66392091, "lr": 0.00098796, "params": 8313, "time_iter": 0.26459, "accuracy": 0.66667, "precision": 0.66667, "recall": 1.0, "f1": 0.8, "auc": 0.61243}
{"epoch": 8, "time_epoch": 0.15861, "eta": 143.98274, "eta_hours": 0.04, "loss": 0.66178333, "lr": 0.00098429, "params": 8313, "time_iter": 0.05287, "accuracy": 0.66667, "precision": 0.66667, "recall": 1.0, "f1": 0.8, "auc": 0.60947}
{"epoch": 9, "time_epoch": 0.15741, "eta": 129.57715, "eta_hours": 0.03599, "loss": 0.66014215, "lr": 0.00098015, "params": 8313, "time_iter": 0.05247, "accuracy": 0.66667, "precision": 0.66667, "recall": 1.0, "f1": 0.8, "auc": 0.64497}
{"epoch": 10, "time_epoch": 0.16615, "eta": 117.83282, "eta_hours": 0.03273, "loss": 0.65749002, "lr": 0.00097553, "params": 8313, "time_iter": 0.05538, "accuracy": 0.66667, "precision": 0.66667, "recall": 1.0, "f1": 0.8, "auc": 0.68639}
{"epoch": 11, "time_epoch": 0.15728, "eta": 107.95316, "eta_hours": 0.02999, "loss": 0.65536436, "lr": 0.00097044, "params": 8313, "time_iter": 0.05243, "accuracy": 0.66667, "precision": 0.66667, "recall": 1.0, "f1": 0.8, "auc": 0.68047}
{"epoch": 12, "time_epoch": 0.16087, "eta": 99.59329, "eta_hours": 0.02766, "loss": 0.65450973, "lr": 0.00096489, "params": 8313, "time_iter": 0.05362, "accuracy": 0.66667, "precision": 0.66667, "recall": 1.0, "f1": 0.8, "auc": 0.6213}
{"epoch": 13, "time_epoch": 0.16711, "eta": 92.44304, "eta_hours": 0.02568, "loss": 0.65185483, "lr": 0.00095888, "params": 8313, "time_iter": 0.0557, "accuracy": 0.66667, "precision": 0.66667, "recall": 1.0, "f1": 0.8, "auc": 0.57988}
{"epoch": 14, "time_epoch": 0.17786, "eta": 86.28477, "eta_hours": 0.02397, "loss": 0.64835842, "lr": 0.00095241, "params": 8313, "time_iter": 0.05929, "accuracy": 0.66667, "precision": 0.66667, "recall": 1.0, "f1": 0.8, "auc": 0.68639}
{"epoch": 15, "time_epoch": 0.17758, "eta": 80.8726, "eta_hours": 0.02246, "loss": 0.64632329, "lr": 0.0009455, "params": 8313, "time_iter": 0.05919, "accuracy": 0.66667, "precision": 0.66667, "recall": 1.0, "f1": 0.8, "auc": 0.68639}
{"epoch": 16, "time_epoch": 0.18328, "eta": 76.10409, "eta_hours": 0.02114, "loss": 0.64458119, "lr": 0.00093815, "params": 8313, "time_iter": 0.06109, "accuracy": 0.66667, "precision": 0.66667, "recall": 1.0, "f1": 0.8, "auc": 0.71006}
{"epoch": 17, "time_epoch": 0.17797, "eta": 71.82088, "eta_hours": 0.01995, "loss": 0.64170035, "lr": 0.00093037, "params": 8313, "time_iter": 0.05932, "accuracy": 0.66667, "precision": 0.66667, "recall": 1.0, "f1": 0.8, "auc": 0.66272}
{"epoch": 18, "time_epoch": 0.17702, "eta": 67.96572, "eta_hours": 0.01888, "loss": 0.63933415, "lr": 0.00092216, "params": 8313, "time_iter": 0.05901, "accuracy": 0.66667, "precision": 0.66667, "recall": 1.0, "f1": 0.8, "auc": 0.73964}
{"epoch": 19, "time_epoch": 0.18151, "eta": 64.49635, "eta_hours": 0.01792, "loss": 0.63694982, "lr": 0.00091354, "params": 8313, "time_iter": 0.0605, "accuracy": 0.66667, "precision": 0.66667, "recall": 1.0, "f1": 0.8, "auc": 0.71302}
{"epoch": 20, "time_epoch": 0.18089, "eta": 61.33776, "eta_hours": 0.01704, "loss": 0.63440832, "lr": 0.00090451, "params": 8313, "time_iter": 0.0603, "accuracy": 0.66667, "precision": 0.66667, "recall": 1.0, "f1": 0.8, "auc": 0.7071}
{"epoch": 21, "time_epoch": 0.17583, "eta": 58.43194, "eta_hours": 0.01623, "loss": 0.62876752, "lr": 0.00089508, "params": 8313, "time_iter": 0.05861, "accuracy": 0.69231, "precision": 0.68421, "recall": 1.0, "f1": 0.8125, "auc": 0.77515}
{"epoch": 22, "time_epoch": 0.17831, "eta": 55.77183, "eta_hours": 0.01549, "loss": 0.6255748, "lr": 0.00088526, "params": 8313, "time_iter": 0.05944, "accuracy": 0.69231, "precision": 0.68421, "recall": 1.0, "f1": 0.8125, "auc": 0.78402}
{"epoch": 23, "time_epoch": 0.17703, "eta": 53.31448, "eta_hours": 0.01481, "loss": 0.62146109, "lr": 0.00087506, "params": 8313, "time_iter": 0.05901, "accuracy": 0.69231, "precision": 0.68421, "recall": 1.0, "f1": 0.8125, "auc": 0.77219}
{"epoch": 24, "time_epoch": 0.18089, "eta": 51.05113, "eta_hours": 0.01418, "loss": 0.6166121, "lr": 0.00086448, "params": 8313, "time_iter": 0.0603, "accuracy": 0.69231, "precision": 0.68421, "recall": 1.0, "f1": 0.8125, "auc": 0.81361}
{"epoch": 25, "time_epoch": 0.17744, "eta": 48.93816, "eta_hours": 0.01359, "loss": 0.61260906, "lr": 0.00085355, "params": 8313, "time_iter": 0.05915, "accuracy": 0.69231, "precision": 0.68421, "recall": 1.0, "f1": 0.8125, "auc": 0.78402}
{"epoch": 26, "time_epoch": 0.17516, "eta": 46.96237, "eta_hours": 0.01305, "loss": 0.60390096, "lr": 0.00084227, "params": 8313, "time_iter": 0.05839, "accuracy": 0.69231, "precision": 0.68421, "recall": 1.0, "f1": 0.8125, "auc": 0.79586}
{"epoch": 27, "time_epoch": 0.17945, "eta": 45.12625, "eta_hours": 0.01254, "loss": 0.60040401, "lr": 0.00083066, "params": 8313, "time_iter": 0.05982, "accuracy": 0.69231, "precision": 0.68421, "recall": 1.0, "f1": 0.8125, "auc": 0.85207}
{"epoch": 28, "time_epoch": 0.18127, "eta": 43.40883, "eta_hours": 0.01206, "loss": 0.59551122, "lr": 0.00081871, "params": 8313, "time_iter": 0.06042, "accuracy": 0.69231, "precision": 0.68421, "recall": 1.0, "f1": 0.8125, "auc": 0.85799}
{"epoch": 29, "time_epoch": 0.1811, "eta": 41.79343, "eta_hours": 0.01161, "loss": 0.59130802, "lr": 0.00080645, "params": 8313, "time_iter": 0.06037, "accuracy": 0.69231, "precision": 0.68421, "recall": 1.0, "f1": 0.8125, "auc": 0.89941}
{"epoch": 30, "time_epoch": 0.18294, "eta": 40.27466, "eta_hours": 0.01119, "loss": 0.57931514, "lr": 0.00079389, "params": 8313, "time_iter": 0.06098, "accuracy": 0.69231, "precision": 0.68421, "recall": 1.0, "f1": 0.8125, "auc": 0.89941}
{"epoch": 31, "time_epoch": 0.17819, "eta": 38.82929, "eta_hours": 0.01079, "loss": 0.58300484, "lr": 0.00078104, "params": 8313, "time_iter": 0.0594, "accuracy": 0.69231, "precision": 0.68421, "recall": 1.0, "f1": 0.8125, "auc": 0.84911}
{"epoch": 32, "time_epoch": 0.18134, "eta": 37.46711, "eta_hours": 0.01041, "loss": 0.5668036, "lr": 0.00076791, "params": 8313, "time_iter": 0.06045, "accuracy": 0.69231, "precision": 0.68421, "recall": 1.0, "f1": 0.8125, "auc": 0.90237}
{"epoch": 33, "time_epoch": 0.17561, "eta": 36.16327, "eta_hours": 0.01005, "loss": 0.56381651, "lr": 0.00075452, "params": 8313, "time_iter": 0.05854, "accuracy": 0.69231, "precision": 0.68421, "recall": 1.0, "f1": 0.8125, "auc": 0.90828}
{"epoch": 34, "time_epoch": 0.18049, "eta": 34.93296, "eta_hours": 0.0097, "loss": 0.55645124, "lr": 0.00074088, "params": 8313, "time_iter": 0.06016, "accuracy": 0.69231, "precision": 0.68421, "recall": 1.0, "f1": 0.8125, "auc": 0.8787}
{"epoch": 35, "time_epoch": 0.18095, "eta": 33.76178, "eta_hours": 0.00938, "loss": 0.54850171, "lr": 0.000727, "params": 8313, "time_iter": 0.06032, "accuracy": 0.69231, "precision": 0.68421, "recall": 1.0, "f1": 0.8125, "auc": 0.92012}
{"epoch": 36, "time_epoch": 0.18163, "eta": 32.64529, "eta_hours": 0.00907, "loss": 0.54231902, "lr": 0.00071289, "params": 8313, "time_iter": 0.06054, "accuracy": 0.69231, "precision": 0.68421, "recall": 1.0, "f1": 0.8125, "auc": 0.9142}
{"epoch": 37, "time_epoch": 0.17457, "eta": 31.56649, "eta_hours": 0.00877, "loss": 0.53797817, "lr": 0.00069857, "params": 8313, "time_iter": 0.05819, "accuracy": 0.69231, "precision": 0.68421, "recall": 1.0, "f1": 0.8125, "auc": 0.92308}
{"epoch": 38, "time_epoch": 0.17994, "eta": 30.54245, "eta_hours": 0.00848, "loss": 0.52630146, "lr": 0.00068406, "params": 8313, "time_iter": 0.05998, "accuracy": 0.69231, "precision": 0.68421, "recall": 1.0, "f1": 0.8125, "auc": 0.9142}
{"epoch": 39, "time_epoch": 0.17545, "eta": 29.55388, "eta_hours": 0.00821, "loss": 0.50653218, "lr": 0.00066937, "params": 8313, "time_iter": 0.05848, "accuracy": 0.69231, "precision": 0.68421, "recall": 1.0, "f1": 0.8125, "auc": 0.95266}
{"epoch": 40, "time_epoch": 0.18091, "eta": 28.61284, "eta_hours": 0.00795, "loss": 0.50387626, "lr": 0.00065451, "params": 8313, "time_iter": 0.0603, "accuracy": 0.69231, "precision": 0.68421, "recall": 1.0, "f1": 0.8125, "auc": 0.94379}
{"epoch": 41, "time_epoch": 0.17743, "eta": 27.70319, "eta_hours": 0.0077, "loss": 0.48824818, "lr": 0.0006395, "params": 8313, "time_iter": 0.05914, "accuracy": 0.69231, "precision": 0.68421, "recall": 1.0, "f1": 0.8125, "auc": 0.9645}
{"epoch": 42, "time_epoch": 0.18008, "eta": 26.83111, "eta_hours": 0.00745, "loss": 0.47738053, "lr": 0.00062434, "params": 8313, "time_iter": 0.06003, "accuracy": 0.71795, "precision": 0.7027, "recall": 1.0, "f1": 0.8254, "auc": 0.97337}
{"epoch": 43, "time_epoch": 0.17814, "eta": 25.98802, "eta_hours": 0.00722, "loss": 0.4699426, "lr": 0.00060907, "params": 8313, "time_iter": 0.05938, "accuracy": 0.74359, "precision": 0.72222, "recall": 1.0, "f1": 0.83871, "auc": 0.96746}
{"epoch": 44, "time_epoch": 0.17871, "eta": 25.17517, "eta_hours": 0.00699, "loss": 0.46023647, "lr": 0.00059369, "params": 8313, "time_iter": 0.05957, "accuracy": 0.74359, "precision": 0.72222, "recall": 1.0, "f1": 0.83871, "auc": 0.96746}
{"epoch": 45, "time_epoch": 0.17714, "eta": 24.38805, "eta_hours": 0.00677, "loss": 0.43849774, "lr": 0.00057822, "params": 8313, "time_iter": 0.05905, "accuracy": 0.79487, "precision": 0.76471, "recall": 1.0, "f1": 0.86667, "auc": 0.97633}
{"epoch": 46, "time_epoch": 0.17869, "eta": 23.62864, "eta_hours": 0.00656, "loss": 0.42739631, "lr": 0.00056267, "params": 8313, "time_iter": 0.05956, "accuracy": 0.76923, "precision": 0.74286, "recall": 1.0, "f1": 0.85246, "auc": 0.97633}
{"epoch": 47, "time_epoch": 0.17775, "eta": 22.8924, "eta_hours": 0.00636, "loss": 0.40945975, "lr": 0.00054705, "params": 8313, "time_iter": 0.05925, "accuracy": 0.82051, "precision": 0.78788, "recall": 1.0, "f1": 0.88136, "auc": 0.98225}
{"epoch": 48, "time_epoch": 0.17731, "eta": 22.1785, "eta_hours": 0.00616, "loss": 0.42177351, "lr": 0.0005314, "params": 8313, "time_iter": 0.0591, "accuracy": 0.82051, "precision": 0.78788, "recall": 1.0, "f1": 0.88136, "auc": 0.93787}
{"epoch": 49, "time_epoch": 0.17632, "eta": 21.48508, "eta_hours": 0.00597, "loss": 0.40600414, "lr": 0.00051571, "params": 8313, "time_iter": 0.05877, "accuracy": 0.79487, "precision": 0.76471, "recall": 1.0, "f1": 0.86667, "auc": 0.97929}
{"epoch": 50, "time_epoch": 0.17864, "eta": 20.81417, "eta_hours": 0.00578, "loss": 0.36603382, "lr": 0.0005, "params": 8313, "time_iter": 0.05955, "accuracy": 0.87179, "precision": 0.83871, "recall": 1.0, "f1": 0.91228, "auc": 0.99704}
{"epoch": 51, "time_epoch": 0.18099, "eta": 20.16435, "eta_hours": 0.0056, "loss": 0.36823166, "lr": 0.00048429, "params": 8313, "time_iter": 0.06033, "accuracy": 0.84615, "precision": 0.8125, "recall": 1.0, "f1": 0.89655, "auc": 1.0}
{"epoch": 52, "time_epoch": 0.18006, "eta": 19.5314, "eta_hours": 0.00543, "loss": 0.3692567, "lr": 0.0004686, "params": 8313, "time_iter": 0.06002, "accuracy": 0.82051, "precision": 0.78788, "recall": 1.0, "f1": 0.88136, "auc": 0.97633}
{"epoch": 53, "time_epoch": 0.17751, "eta": 18.91306, "eta_hours": 0.00525, "loss": 0.32653747, "lr": 0.00045295, "params": 8313, "time_iter": 0.05917, "accuracy": 0.92308, "precision": 0.89655, "recall": 1.0, "f1": 0.94545, "auc": 1.0}
{"epoch": 54, "time_epoch": 0.17968, "eta": 18.31251, "eta_hours": 0.00509, "loss": 0.3335841, "lr": 0.00043733, "params": 8313, "time_iter": 0.05989, "accuracy": 0.89744, "precision": 0.86667, "recall": 1.0, "f1": 0.92857, "auc": 0.99408}
{"epoch": 55, "time_epoch": 0.18521, "eta": 17.73135, "eta_hours": 0.00493, "loss": 0.32293083, "lr": 0.00042178, "params": 8313, "time_iter": 0.06174, "accuracy": 0.92308, "precision": 0.89655, "recall": 1.0, "f1": 0.94545, "auc": 0.98225}
{"epoch": 56, "time_epoch": 0.17849, "eta": 17.15901, "eta_hours": 0.00477, "loss": 0.32459557, "lr": 0.00040631, "params": 8313, "time_iter": 0.0595, "accuracy": 0.89744, "precision": 0.86667, "recall": 1.0, "f1": 0.92857, "auc": 0.98817}
{"epoch": 57, "time_epoch": 0.17555, "eta": 16.59812, "eta_hours": 0.00461, "loss": 0.28001661, "lr": 0.00039093, "params": 8313, "time_iter": 0.05852, "accuracy": 0.94872, "precision": 0.92857, "recall": 1.0, "f1": 0.96296, "auc": 1.0}
{"epoch": 58, "time_epoch": 0.17848, "eta": 16.05233, "eta_hours": 0.00446, "loss": 0.28194063, "lr": 0.00037566, "params": 8313, "time_iter": 0.05949, "accuracy": 0.94872, "precision": 0.92857, "recall": 1.0, "f1": 0.96296, "auc": 1.0}
{"epoch": 59, "time_epoch": 0.17828, "eta": 15.51865, "eta_hours": 0.00431, "loss": 0.2914721, "lr": 0.0003605, "params": 8313, "time_iter": 0.05943, "accuracy": 0.89744, "precision": 0.86667, "recall": 1.0, "f1": 0.92857, "auc": 0.99704}
{"epoch": 60, "time_epoch": 0.17956, "eta": 14.99744, "eta_hours": 0.00417, "loss": 0.24774003, "lr": 0.00034549, "params": 8313, "time_iter": 0.05985, "accuracy": 0.94872, "precision": 0.92857, "recall": 1.0, "f1": 0.96296, "auc": 1.0}
{"epoch": 61, "time_epoch": 0.17986, "eta": 14.48744, "eta_hours": 0.00402, "loss": 0.26806771, "lr": 0.00033063, "params": 8313, "time_iter": 0.05995, "accuracy": 0.97436, "precision": 0.96296, "recall": 1.0, "f1": 0.98113, "auc": 0.98817}
{"epoch": 62, "time_epoch": 0.1776, "eta": 13.98659, "eta_hours": 0.00389, "loss": 0.23468267, "lr": 0.00031594, "params": 8313, "time_iter": 0.0592, "accuracy": 0.94872, "precision": 0.92857, "recall": 1.0, "f1": 0.96296, "auc": 1.0}
{"epoch": 63, "time_epoch": 0.17806, "eta": 13.4961, "eta_hours": 0.00375, "loss": 0.23342147, "lr": 0.00030143, "params": 8313, "time_iter": 0.05935, "accuracy": 0.94872, "precision": 0.92857, "recall": 1.0, "f1": 0.96296, "auc": 1.0}
{"epoch": 64, "time_epoch": 0.18009, "eta": 13.01631, "eta_hours": 0.00362, "loss": 0.23873012, "lr": 0.00028711, "params": 8313, "time_iter": 0.06003, "accuracy": 0.92308, "precision": 0.89655, "recall": 1.0, "f1": 0.94545, "auc": 1.0}
{"epoch": 65, "time_epoch": 0.17966, "eta": 12.54539, "eta_hours": 0.00348, "loss": 0.20547428, "lr": 0.000273, "params": 8313, "time_iter": 0.05989, "accuracy": 0.97436, "precision": 0.96296, "recall": 1.0, "f1": 0.98113, "auc": 1.0}
{"epoch": 66, "time_epoch": 0.18035, "eta": 12.0835, "eta_hours": 0.00336, "loss": 0.23883325, "lr": 0.00025912, "params": 8313, "time_iter": 0.06012, "accuracy": 0.94872, "precision": 0.92857, "recall": 1.0, "f1": 0.96296, "auc": 1.0}
{"epoch": 67, "time_epoch": 0.17755, "eta": 11.62857, "eta_hours": 0.00323, "loss": 0.21226942, "lr": 0.00024548, "params": 8313, "time_iter": 0.05918, "accuracy": 0.97436, "precision": 0.96296, "recall": 1.0, "f1": 0.98113, "auc": 1.0}
{"epoch": 68, "time_epoch": 0.17749, "eta": 11.18166, "eta_hours": 0.00311, "loss": 0.20976317, "lr": 0.00023209, "params": 8313, "time_iter": 0.05916, "accuracy": 0.94872, "precision": 0.92857, "recall": 1.0, "f1": 0.96296, "auc": 1.0}
{"epoch": 69, "time_epoch": 0.17975, "eta": 10.74341, "eta_hours": 0.00298, "loss": 0.1788937, "lr": 0.00021896, "params": 8313, "time_iter": 0.05992, "accuracy": 1.0, "precision": 1.0, "recall": 1.0, "f1": 1.0, "auc": 1.0}
{"epoch": 70, "time_epoch": 0.17688, "eta": 10.31127, "eta_hours": 0.00286, "loss": 0.18082587, "lr": 0.00020611, "params": 8313, "time_iter": 0.05896, "accuracy": 0.97436, "precision": 0.96296, "recall": 1.0, "f1": 0.98113, "auc": 1.0}
{"epoch": 71, "time_epoch": 0.17912, "eta": 9.88709, "eta_hours": 0.00275, "loss": 0.1785972, "lr": 0.00019355, "params": 8313, "time_iter": 0.05971, "accuracy": 0.97436, "precision": 0.96296, "recall": 1.0, "f1": 0.98113, "auc": 1.0}
{"epoch": 72, "time_epoch": 0.18019, "eta": 9.47003, "eta_hours": 0.00263, "loss": 0.18252201, "lr": 0.00018129, "params": 8313, "time_iter": 0.06006, "accuracy": 0.97436, "precision": 0.96296, "recall": 1.0, "f1": 0.98113, "auc": 1.0}
{"epoch": 73, "time_epoch": 0.17748, "eta": 9.05841, "eta_hours": 0.00252, "loss": 0.16899338, "lr": 0.00016934, "params": 8313, "time_iter": 0.05916, "accuracy": 1.0, "precision": 1.0, "recall": 1.0, "f1": 1.0, "auc": 1.0}
{"epoch": 74, "time_epoch": 0.17503, "eta": 8.65222, "eta_hours": 0.0024, "loss": 0.16942699, "lr": 0.00015773, "params": 8313, "time_iter": 0.05834, "accuracy": 1.0, "precision": 1.0, "recall": 1.0, "f1": 1.0, "auc": 1.0}
{"epoch": 75, "time_epoch": 0.17775, "eta": 8.25297, "eta_hours": 0.00229, "loss": 0.17066621, "lr": 0.00014645, "params": 8313, "time_iter": 0.05925, "accuracy": 0.97436, "precision": 0.96296, "recall": 1.0, "f1": 0.98113, "auc": 1.0}
{"epoch": 76, "time_epoch": 0.18187, "eta": 7.86071, "eta_hours": 0.00218, "loss": 0.18286481, "lr": 0.00013552, "params": 8313, "time_iter": 0.06062, "accuracy": 0.97436, "precision": 0.96296, "recall": 1.0, "f1": 0.98113, "auc": 1.0}
{"epoch": 77, "time_epoch": 0.17941, "eta": 7.47315, "eta_hours": 0.00208, "loss": 0.19402197, "lr": 0.00012494, "params": 8313, "time_iter": 0.0598, "accuracy": 0.97436, "precision": 0.96296, "recall": 1.0, "f1": 0.98113, "auc": 1.0}
{"epoch": 78, "time_epoch": 0.18031, "eta": 7.09109, "eta_hours": 0.00197, "loss": 0.16925396, "lr": 0.00011474, "params": 8313, "time_iter": 0.0601, "accuracy": 0.97436, "precision": 0.96296, "recall": 1.0, "f1": 0.98113, "auc": 1.0}
{"epoch": 79, "time_epoch": 0.17992, "eta": 6.71398, "eta_hours": 0.00186, "loss": 0.17267575, "lr": 0.00010492, "params": 8313, "time_iter": 0.05997, "accuracy": 0.97436, "precision": 0.96296, "recall": 1.0, "f1": 0.98113, "auc": 1.0}
{"epoch": 80, "time_epoch": 0.17888, "eta": 6.3415, "eta_hours": 0.00176, "loss": 0.15047876, "lr": 9.549e-05, "params": 8313, "time_iter": 0.05963, "accuracy": 1.0, "precision": 1.0, "recall": 1.0, "f1": 1.0, "auc": 1.0}
{"epoch": 81, "time_epoch": 0.17718, "eta": 5.97336, "eta_hours": 0.00166, "loss": 0.14700146, "lr": 8.646e-05, "params": 8313, "time_iter": 0.05906, "accuracy": 1.0, "precision": 1.0, "recall": 1.0, "f1": 1.0, "auc": 1.0}
{"epoch": 82, "time_epoch": 0.17939, "eta": 5.61028, "eta_hours": 0.00156, "loss": 0.14991282, "lr": 7.784e-05, "params": 8313, "time_iter": 0.0598, "accuracy": 0.97436, "precision": 0.96296, "recall": 1.0, "f1": 0.98113, "auc": 1.0}
{"epoch": 83, "time_epoch": 0.17899, "eta": 5.2515, "eta_hours": 0.00146, "loss": 0.14733404, "lr": 6.963e-05, "params": 8313, "time_iter": 0.05966, "accuracy": 1.0, "precision": 1.0, "recall": 1.0, "f1": 1.0, "auc": 1.0}
{"epoch": 84, "time_epoch": 0.17544, "eta": 4.89632, "eta_hours": 0.00136, "loss": 0.14833623, "lr": 6.185e-05, "params": 8313, "time_iter": 0.05848, "accuracy": 1.0, "precision": 1.0, "recall": 1.0, "f1": 1.0, "auc": 1.0}
{"epoch": 85, "time_epoch": 0.17798, "eta": 4.54573, "eta_hours": 0.00126, "loss": 0.14786114, "lr": 5.45e-05, "params": 8313, "time_iter": 0.05933, "accuracy": 1.0, "precision": 1.0, "recall": 1.0, "f1": 1.0, "auc": 1.0}
{"epoch": 86, "time_epoch": 0.18049, "eta": 4.19949, "eta_hours": 0.00117, "loss": 0.14124638, "lr": 4.759e-05, "params": 8313, "time_iter": 0.06016, "accuracy": 1.0, "precision": 1.0, "recall": 1.0, "f1": 1.0, "auc": 1.0}
{"epoch": 87, "time_epoch": 0.18161, "eta": 3.85716, "eta_hours": 0.00107, "loss": 0.15456759, "lr": 4.112e-05, "params": 8313, "time_iter": 0.06054, "accuracy": 1.0, "precision": 1.0, "recall": 1.0, "f1": 1.0, "auc": 1.0}
{"epoch": 88, "time_epoch": 0.18031, "eta": 3.51829, "eta_hours": 0.00098, "loss": 0.14646232, "lr": 3.511e-05, "params": 8313, "time_iter": 0.0601, "accuracy": 1.0, "precision": 1.0, "recall": 1.0, "f1": 1.0, "auc": 1.0}
{"epoch": 89, "time_epoch": 0.18601, "eta": 3.18358, "eta_hours": 0.00088, "loss": 0.16464934, "lr": 2.956e-05, "params": 8313, "time_iter": 0.062, "accuracy": 0.97436, "precision": 0.96296, "recall": 1.0, "f1": 0.98113, "auc": 1.0}
{"epoch": 90, "time_epoch": 0.17671, "eta": 2.85121, "eta_hours": 0.00079, "loss": 0.13770105, "lr": 2.447e-05, "params": 8313, "time_iter": 0.0589, "accuracy": 1.0, "precision": 1.0, "recall": 1.0, "f1": 1.0, "auc": 1.0}
{"epoch": 91, "time_epoch": 0.17843, "eta": 2.52238, "eta_hours": 0.0007, "loss": 0.14603347, "lr": 1.985e-05, "params": 8313, "time_iter": 0.05948, "accuracy": 1.0, "precision": 1.0, "recall": 1.0, "f1": 1.0, "auc": 1.0}
{"epoch": 92, "time_epoch": 0.17804, "eta": 2.19675, "eta_hours": 0.00061, "loss": 0.14941672, "lr": 1.571e-05, "params": 8313, "time_iter": 0.05935, "accuracy": 0.97436, "precision": 0.96296, "recall": 1.0, "f1": 0.98113, "auc": 1.0}
{"epoch": 93, "time_epoch": 0.17873, "eta": 1.8743, "eta_hours": 0.00052, "loss": 0.15959106, "lr": 1.204e-05, "params": 8313, "time_iter": 0.05958, "accuracy": 1.0, "precision": 1.0, "recall": 1.0, "f1": 1.0, "auc": 1.0}
{"epoch": 94, "time_epoch": 0.17506, "eta": 1.55469, "eta_hours": 0.00043, "loss": 0.16367236, "lr": 8.86e-06, "params": 8313, "time_iter": 0.05835, "accuracy": 0.97436, "precision": 0.96296, "recall": 1.0, "f1": 0.98113, "auc": 1.0}
{"epoch": 95, "time_epoch": 0.17851, "eta": 1.23824, "eta_hours": 0.00034, "loss": 0.14418111, "lr": 6.16e-06, "params": 8313, "time_iter": 0.0595, "accuracy": 1.0, "precision": 1.0, "recall": 1.0, "f1": 1.0, "auc": 1.0}
{"epoch": 96, "time_epoch": 0.17769, "eta": 0.9246, "eta_hours": 0.00026, "loss": 0.15310238, "lr": 3.94e-06, "params": 8313, "time_iter": 0.05923, "accuracy": 0.97436, "precision": 0.96296, "recall": 1.0, "f1": 0.98113, "auc": 1.0}
{"epoch": 97, "time_epoch": 0.17754, "eta": 0.61373, "eta_hours": 0.00017, "loss": 0.13804117, "lr": 2.22e-06, "params": 8313, "time_iter": 0.05918, "accuracy": 1.0, "precision": 1.0, "recall": 1.0, "f1": 1.0, "auc": 1.0}
{"epoch": 98, "time_epoch": 0.17848, "eta": 0.30557, "eta_hours": 8e-05, "loss": 0.20469853, "lr": 9.9e-07, "params": 8313, "time_iter": 0.05949, "accuracy": 0.94872, "precision": 0.92857, "recall": 1.0, "f1": 0.96296, "auc": 0.99112}
{"epoch": 99, "time_epoch": 0.17568, "eta": 0.0, "eta_hours": 0.0, "loss": 0.13661302, "lr": 2.5e-07, "params": 8313, "time_iter": 0.05856, "accuracy": 1.0, "precision": 1.0, "recall": 1.0, "f1": 1.0, "auc": 1.0}
