{"epoch": 0, "time_epoch": 20.89491, "eta": 2068.59657, "eta_hours": 0.57461, "loss": 0.69135893, "lr": 0.001, "params": 5289, "time_iter": 0.16716, "accuracy": 0.544, "precision": 0.59398, "recall": 0.31225, "f1": 0.40933, "auc": 0.53906}
{"epoch": 1, "time_epoch": 7.88015, "eta": 1409.97821, "eta_hours": 0.39166, "loss": 0.68609384, "lr": 0.00099975, "params": 5289, "time_iter": 0.06304, "accuracy": 0.546, "precision": 0.55, "recall": 0.56522, "f1": 0.5575, "auc": 0.56783}
{"epoch": 2, "time_epoch": 7.92178, "eta": 1186.53143, "eta_hours": 0.32959, "loss": 0.67584991, "lr": 0.00099901, "params": 5289, "time_iter": 0.06337, "accuracy": 0.6, "precision": 0.62927, "recall": 0.50988, "f1": 0.56332, "auc": 0.60036}
{"epoch": 3, "time_epoch": 7.88795, "eta": 1070.03526, "eta_hours": 0.29723, "loss": 0.67789007, "lr": 0.00099778, "params": 5289, "time_iter": 0.0631, "accuracy": 0.58, "precision": 0.58635, "recall": 0.57708, "f1": 0.58167, "auc": 0.60087}
{"epoch": 4, "time_epoch": 7.89505, "eta": 997.11725, "eta_hours": 0.27698, "loss": 0.67778142, "lr": 0.00099606, "params": 5289, "time_iter": 0.06316, "accuracy": 0.576, "precision": 0.59111, "recall": 0.52569, "f1": 0.55649, "auc": 0.59761}
{"epoch": 5, "time_epoch": 7.86283, "eta": 945.36873, "eta_hours": 0.2626, "loss": 0.67155821, "lr": 0.00099384, "params": 5289, "time_iter": 0.0629, "accuracy": 0.592, "precision": 0.60251, "recall": 0.56917, "f1": 0.58537, "auc": 0.60185}
{"epoch": 6, "time_epoch": 7.88789, "eta": 906.49196, "eta_hours": 0.2518, "loss": 0.67653659, "lr": 0.00099114, "params": 5289, "time_iter": 0.0631, "accuracy": 0.578, "precision": 0.59459, "recall": 0.52174, "f1": 0.55579, "auc": 0.60258}
{"epoch": 7, "time_epoch": 7.88913, "eta": 875.37668, "eta_hours": 0.24316, "loss": 0.68527223, "lr": 0.00098796, "params": 5289, "time_iter": 0.06311, "accuracy": 0.548, "precision": 0.55947, "recall": 0.50198, "f1": 0.52917, "auc": 0.57669}
{"epoch": 8, "time_epoch": 10.08084, "eta": 871.58335, "eta_hours": 0.24211, "loss": 0.6727437, "lr": 0.00098429, "params": 5289, "time_iter": 0.08065, "accuracy": 0.56, "precision": 0.56735, "recall": 0.54941, "f1": 0.55823, "auc": 0.611}
{"epoch": 9, "time_epoch": 15.29456, "eta": 913.45604, "eta_hours": 0.25374, "loss": 0.67144616, "lr": 0.00098015, "params": 5289, "time_iter": 0.12236, "accuracy": 0.578, "precision": 0.59459, "recall": 0.52174, "f1": 0.55579, "auc": 0.61377}
{"epoch": 10, "time_epoch": 18.07062, "eta": 967.3955, "eta_hours": 0.26872, "loss": 0.68358624, "lr": 0.00097553, "params": 5289, "time_iter": 0.14456, "accuracy": 0.568, "precision": 0.58296, "recall": 0.51383, "f1": 0.54622, "auc": 0.57984}
{"epoch": 11, "time_epoch": 18.07803, "eta": 1009.38761, "eta_hours": 0.28039, "loss": 0.68374126, "lr": 0.00097044, "params": 5289, "time_iter": 0.14462, "accuracy": 0.562, "precision": 0.57391, "recall": 0.52174, "f1": 0.54658, "auc": 0.57547}
{"epoch": 12, "time_epoch": 18.14362, "eta": 1042.57714, "eta_hours": 0.2896, "loss": 0.67930453, "lr": 0.00096489, "params": 5289, "time_iter": 0.14515, "accuracy": 0.59, "precision": 0.59917, "recall": 0.57312, "f1": 0.58586, "auc": 0.58879}
{"epoch": 13, "time_epoch": 16.04937, "eta": 1055.56868, "eta_hours": 0.29321, "loss": 0.68155832, "lr": 0.00095888, "params": 5289, "time_iter": 0.12839, "accuracy": 0.568, "precision": 0.58222, "recall": 0.51779, "f1": 0.54812, "auc": 0.59383}
{"epoch": 14, "time_epoch": 7.99594, "eta": 1019.05197, "eta_hours": 0.28307, "loss": 0.66791721, "lr": 0.00095241, "params": 5289, "time_iter": 0.06397, "accuracy": 0.596, "precision": 0.60669, "recall": 0.57312, "f1": 0.58943, "auc": 0.62676}
{"epoch": 15, "time_epoch": 7.9874, "eta": 986.05555, "eta_hours": 0.2739, "loss": 0.68155397, "lr": 0.0009455, "params": 5289, "time_iter": 0.0639, "accuracy": 0.564, "precision": 0.58794, "recall": 0.46245, "f1": 0.5177, "auc": 0.57474}
{"epoch": 16, "time_epoch": 8.01795, "eta": 956.15052, "eta_hours": 0.2656, "loss": 0.67698993, "lr": 0.00093815, "params": 5289, "time_iter": 0.06414, "accuracy": 0.554, "precision": 0.57009, "recall": 0.48221, "f1": 0.52248, "auc": 0.59199}
{"epoch": 17, "time_epoch": 8.30886, "eta": 930.00264, "eta_hours": 0.25833, "loss": 0.6849618, "lr": 0.00093037, "params": 5289, "time_iter": 0.06647, "accuracy": 0.536, "precision": 0.55224, "recall": 0.43874, "f1": 0.48899, "auc": 0.56904}
{"epoch": 18, "time_epoch": 8.07318, "eta": 904.72778, "eta_hours": 0.25131, "loss": 0.67877147, "lr": 0.00092216, "params": 5289, "time_iter": 0.06459, "accuracy": 0.566, "precision": 0.58654, "recall": 0.48221, "f1": 0.52928, "auc": 0.59569}
{"epoch": 19, "time_epoch": 8.11364, "eta": 881.33496, "eta_hours": 0.24482, "loss": 0.68994623, "lr": 0.00091354, "params": 5289, "time_iter": 0.06491, "accuracy": 0.538, "precision": 0.55093, "recall": 0.47036, "f1": 0.50746, "auc": 0.56762}
{"epoch": 20, "time_epoch": 8.05079, "eta": 859.16087, "eta_hours": 0.23866, "loss": 0.68862276, "lr": 0.00090451, "params": 5289, "time_iter": 0.06441, "accuracy": 0.548, "precision": 0.55422, "recall": 0.54545, "f1": 0.5498, "auc": 0.5629}
{"epoch": 21, "time_epoch": 7.9795, "eta": 838.01796, "eta_hours": 0.23278, "loss": 0.67919159, "lr": 0.00089508, "params": 5289, "time_iter": 0.06384, "accuracy": 0.58, "precision": 0.58566, "recall": 0.58103, "f1": 0.58333, "auc": 0.5977}
{"epoch": 22, "time_epoch": 8.06864, "eta": 818.31809, "eta_hours": 0.22731, "loss": 0.67708101, "lr": 0.00088526, "params": 5289, "time_iter": 0.06455, "accuracy": 0.56, "precision": 0.56371, "recall": 0.57708, "f1": 0.57031, "auc": 0.60478}
{"epoch": 23, "time_epoch": 8.0272, "eta": 799.45626, "eta_hours": 0.22207, "loss": 0.67013984, "lr": 0.00087506, "params": 5289, "time_iter": 0.06422, "accuracy": 0.58, "precision": 0.59471, "recall": 0.5336, "f1": 0.5625, "auc": 0.6246}
{"epoch": 24, "time_epoch": 8.02205, "eta": 781.44578, "eta_hours": 0.21707, "loss": 0.6700676, "lr": 0.00086448, "params": 5289, "time_iter": 0.06418, "accuracy": 0.608, "precision": 0.61925, "recall": 0.58498, "f1": 0.60163, "auc": 0.61785}
{"epoch": 25, "time_epoch": 7.94961, "eta": 763.99746, "eta_hours": 0.21222, "loss": 0.66787878, "lr": 0.00085355, "params": 5289, "time_iter": 0.0636, "accuracy": 0.592, "precision": 0.61086, "recall": 0.5336, "f1": 0.56962, "auc": 0.63043}
{"epoch": 26, "time_epoch": 7.93269, "eta": 747.20699, "eta_hours": 0.20756, "loss": 0.67443923, "lr": 0.00084227, "params": 5289, "time_iter": 0.06346, "accuracy": 0.582, "precision": 0.59821, "recall": 0.52964, "f1": 0.56184, "auc": 0.60327}
{"epoch": 27, "time_epoch": 8.0393, "eta": 731.32336, "eta_hours": 0.20315, "loss": 0.68260231, "lr": 0.00083066, "params": 5289, "time_iter": 0.06431, "accuracy": 0.556, "precision": 0.57014, "recall": 0.49802, "f1": 0.53165, "auc": 0.57639}
{"epoch": 28, "time_epoch": 8.19455, "eta": 716.36081, "eta_hours": 0.19899, "loss": 0.67395851, "lr": 0.00081871, "params": 5289, "time_iter": 0.06556, "accuracy": 0.592, "precision": 0.61086, "recall": 0.5336, "f1": 0.56962, "auc": 0.61567}
{"epoch": 29, "time_epoch": 8.04656, "eta": 701.50415, "eta_hours": 0.19486, "loss": 0.67700842, "lr": 0.00080645, "params": 5289, "time_iter": 0.06437, "accuracy": 0.562, "precision": 0.58252, "recall": 0.47431, "f1": 0.52288, "auc": 0.59308}
{"epoch": 30, "time_epoch": 7.9577, "eta": 686.88907, "eta_hours": 0.1908, "loss": 0.6773656, "lr": 0.00079389, "params": 5289, "time_iter": 0.06366, "accuracy": 0.58, "precision": 0.59149, "recall": 0.54941, "f1": 0.56967, "auc": 0.59385}
{"epoch": 31, "time_epoch": 7.91949, "eta": 672.60888, "eta_hours": 0.18684, "loss": 0.67790318, "lr": 0.00078104, "params": 5289, "time_iter": 0.06336, "accuracy": 0.572, "precision": 0.58986, "recall": 0.50593, "f1": 0.54468, "auc": 0.59018}
{"epoch": 32, "time_epoch": 8.01228, "eta": 658.90258, "eta_hours": 0.18303, "loss": 0.67261065, "lr": 0.00076791, "params": 5289, "time_iter": 0.0641, "accuracy": 0.558, "precision": 0.56723, "recall": 0.5336, "f1": 0.5499, "auc": 0.61543}
{"epoch": 33, "time_epoch": 7.97752, "eta": 645.46375, "eta_hours": 0.1793, "loss": 0.67313808, "lr": 0.00075452, "params": 5289, "time_iter": 0.06382, "accuracy": 0.582, "precision": 0.61111, "recall": 0.47826, "f1": 0.53659, "auc": 0.61635}
{"epoch": 34, "time_epoch": 7.93848, "eta": 632.2645, "eta_hours": 0.17563, "loss": 0.66552178, "lr": 0.00074088, "params": 5289, "time_iter": 0.06351, "accuracy": 0.592, "precision": 0.60082, "recall": 0.57708, "f1": 0.58871, "auc": 0.62651}
{"epoch": 35, "time_epoch": 7.91525, "eta": 619.31619, "eta_hours": 0.17203, "loss": 0.68620532, "lr": 0.000727, "params": 5289, "time_iter": 0.06332, "accuracy": 0.538, "precision": 0.54583, "recall": 0.51779, "f1": 0.53144, "auc": 0.56978}
{"epoch": 36, "time_epoch": 7.94596, "eta": 606.69224, "eta_hours": 0.16853, "loss": 0.6880472, "lr": 0.00071289, "params": 5289, "time_iter": 0.06357, "accuracy": 0.546, "precision": 0.56633, "recall": 0.43874, "f1": 0.49443, "auc": 0.56619}
{"epoch": 37, "time_epoch": 8.03447, "eta": 594.45891, "eta_hours": 0.16513, "loss": 0.66862074, "lr": 0.00069857, "params": 5289, "time_iter": 0.06428, "accuracy": 0.606, "precision": 0.61024, "recall": 0.61265, "f1": 0.61144, "auc": 0.63859}
{"epoch": 38, "time_epoch": 7.97022, "eta": 582.34042, "eta_hours": 0.16176, "loss": 0.66653109, "lr": 0.00068406, "params": 5289, "time_iter": 0.06376, "accuracy": 0.59, "precision": 0.6, "recall": 0.56917, "f1": 0.58418, "auc": 0.62742}
{"epoch": 39, "time_epoch": 7.98297, "eta": 570.44846, "eta_hours": 0.15846, "loss": 0.66404187, "lr": 0.00066937, "params": 5289, "time_iter": 0.06386, "accuracy": 0.594, "precision": 0.62019, "recall": 0.50988, "f1": 0.55965, "auc": 0.62201}
{"epoch": 40, "time_epoch": 7.98796, "eta": 558.75438, "eta_hours": 0.15521, "loss": 0.6757061, "lr": 0.00065451, "params": 5289, "time_iter": 0.0639, "accuracy": 0.594, "precision": 0.61792, "recall": 0.51779, "f1": 0.56344, "auc": 0.60609}
{"epoch": 41, "time_epoch": 7.93448, "eta": 547.16292, "eta_hours": 0.15199, "loss": 0.67708251, "lr": 0.0006395, "params": 5289, "time_iter": 0.06348, "accuracy": 0.596, "precision": 0.62687, "recall": 0.49802, "f1": 0.55507, "auc": 0.60697}
{"epoch": 42, "time_epoch": 7.98981, "eta": 535.81489, "eta_hours": 0.14884, "loss": 0.67862151, "lr": 0.00062434, "params": 5289, "time_iter": 0.06392, "accuracy": 0.58, "precision": 0.58848, "recall": 0.56522, "f1": 0.57661, "auc": 0.59906}
{"epoch": 43, "time_epoch": 8.01413, "eta": 524.65047, "eta_hours": 0.14574, "loss": 0.6570199, "lr": 0.00060907, "params": 5289, "time_iter": 0.06411, "accuracy": 0.636, "precision": 0.68586, "recall": 0.51779, "f1": 0.59009, "auc": 0.65315}
{"epoch": 44, "time_epoch": 7.97154, "eta": 513.57399, "eta_hours": 0.14266, "loss": 0.6680812, "lr": 0.00059369, "params": 5289, "time_iter": 0.06377, "accuracy": 0.6, "precision": 0.61472, "recall": 0.56126, "f1": 0.58678, "auc": 0.63718}
{"epoch": 45, "time_epoch": 7.52857, "eta": 502.11251, "eta_hours": 0.13948, "loss": 0.66594406, "lr": 0.00057822, "params": 5289, "time_iter": 0.06023, "accuracy": 0.592, "precision": 0.60338, "recall": 0.56522, "f1": 0.58367, "auc": 0.63035}
{"epoch": 46, "time_epoch": 8.60243, "eta": 492.02934, "eta_hours": 0.13667, "loss": 0.66039626, "lr": 0.00056267, "params": 5289, "time_iter": 0.06882, "accuracy": 0.604, "precision": 0.61506, "recall": 0.58103, "f1": 0.59756, "auc": 0.64323}
{"epoch": 47, "time_epoch": 8.61668, "eta": 482.0233, "eta_hours": 0.1339, "loss": 0.66428938, "lr": 0.00054705, "params": 5289, "time_iter": 0.06893, "accuracy": 0.606, "precision": 0.63333, "recall": 0.52569, "f1": 0.57451, "auc": 0.63755}
{"epoch": 48, "time_epoch": 8.622, "eta": 472.07951, "eta_hours": 0.13113, "loss": 0.65625103, "lr": 0.0005314, "params": 5289, "time_iter": 0.06898, "accuracy": 0.612, "precision": 0.62882, "recall": 0.56917, "f1": 0.59751, "auc": 0.65808}
{"epoch": 49, "time_epoch": 8.58632, "eta": 462.15291, "eta_hours": 0.12838, "loss": 0.6706783, "lr": 0.00051571, "params": 5289, "time_iter": 0.06869, "accuracy": 0.594, "precision": 0.61468, "recall": 0.52964, "f1": 0.569, "auc": 0.61846}
{"epoch": 50, "time_epoch": 8.61771, "eta": 452.30902, "eta_hours": 0.12564, "loss": 0.66271398, "lr": 0.0005, "params": 5289, "time_iter": 0.06894, "accuracy": 0.6, "precision": 0.61088, "recall": 0.57708, "f1": 0.5935, "auc": 0.63907}
{"epoch": 51, "time_epoch": 8.60684, "eta": 442.50227, "eta_hours": 0.12292, "loss": 0.66782384, "lr": 0.00048429, "params": 5289, "time_iter": 0.06885, "accuracy": 0.636, "precision": 0.65236, "recall": 0.60079, "f1": 0.62551, "auc": 0.63584}
{"epoch": 52, "time_epoch": 8.58465, "eta": 432.72112, "eta_hours": 0.1202, "loss": 0.65785915, "lr": 0.0004686, "params": 5289, "time_iter": 0.06868, "accuracy": 0.596, "precision": 0.61039, "recall": 0.55731, "f1": 0.58264, "auc": 0.64008}
{"epoch": 53, "time_epoch": 8.60304, "eta": 422.99994, "eta_hours": 0.1175, "loss": 0.66402584, "lr": 0.00045295, "params": 5289, "time_iter": 0.06882, "accuracy": 0.606, "precision": 0.61864, "recall": 0.57708, "f1": 0.59714, "auc": 0.62196}
{"epoch": 54, "time_epoch": 8.60231, "eta": 413.31883, "eta_hours": 0.11481, "loss": 0.66604361, "lr": 0.00043733, "params": 5289, "time_iter": 0.06882, "accuracy": 0.608, "precision": 0.6278, "recall": 0.55336, "f1": 0.58824, "auc": 0.63508}
{"epoch": 55, "time_epoch": 8.58455, "eta": 403.66229, "eta_hours": 0.11213, "loss": 0.67657396, "lr": 0.00042178, "params": 5289, "time_iter": 0.06868, "accuracy": 0.612, "precision": 0.6347, "recall": 0.54941, "f1": 0.58898, "auc": 0.62249}
{"epoch": 56, "time_epoch": 8.69351, "eta": 394.12556, "eta_hours": 0.10948, "loss": 0.66251933, "lr": 0.00040631, "params": 5289, "time_iter": 0.06955, "accuracy": 0.608, "precision": 0.62025, "recall": 0.58103, "f1": 0.6, "auc": 0.63892}
{"epoch": 57, "time_epoch": 8.67439, "eta": 384.60407, "eta_hours": 0.10683, "loss": 0.65330864, "lr": 0.00039093, "params": 5289, "time_iter": 0.0694, "accuracy": 0.626, "precision": 0.63636, "recall": 0.6087, "f1": 0.62222, "auc": 0.65109}
{"epoch": 58, "time_epoch": 8.63703, "eta": 375.08532, "eta_hours": 0.10419, "loss": 0.66141116, "lr": 0.00037566, "params": 5289, "time_iter": 0.0691, "accuracy": 0.636, "precision": 0.64854, "recall": 0.61265, "f1": 0.63008, "auc": 0.65209}
{"epoch": 59, "time_epoch": 8.19146, "eta": 365.29893, "eta_hours": 0.10147, "loss": 0.6548505, "lr": 0.0003605, "params": 5289, "time_iter": 0.06553, "accuracy": 0.612, "precision": 0.62771, "recall": 0.57312, "f1": 0.59917, "auc": 0.66002}
{"epoch": 60, "time_epoch": 8.18637, "eta": 355.56157, "eta_hours": 0.09877, "loss": 0.67231938, "lr": 0.00034549, "params": 5289, "time_iter": 0.06549, "accuracy": 0.594, "precision": 0.60504, "recall": 0.56917, "f1": 0.58656, "auc": 0.62607}
{"epoch": 61, "time_epoch": 8.18211, "eta": 345.87163, "eta_hours": 0.09608, "loss": 0.6604264, "lr": 0.00033063, "params": 5289, "time_iter": 0.06546, "accuracy": 0.578, "precision": 0.58898, "recall": 0.54941, "f1": 0.56851, "auc": 0.62948}
{"epoch": 62, "time_epoch": 8.00616, "eta": 336.12622, "eta_hours": 0.09337, "loss": 0.65311829, "lr": 0.00031594, "params": 5289, "time_iter": 0.06405, "accuracy": 0.644, "precision": 0.64706, "recall": 0.65217, "f1": 0.64961, "auc": 0.66587}
{"epoch": 63, "time_epoch": 8.21985, "eta": 326.55537, "eta_hours": 0.09071, "loss": 0.64014023, "lr": 0.00030143, "params": 5289, "time_iter": 0.06576, "accuracy": 0.63, "precision": 0.6405, "recall": 0.61265, "f1": 0.62626, "auc": 0.67442}
{"epoch": 64, "time_epoch": 8.17737, "eta": 317.00321, "eta_hours": 0.08806, "loss": 0.66598432, "lr": 0.00028711, "params": 5289, "time_iter": 0.06542, "accuracy": 0.622, "precision": 0.64545, "recall": 0.56126, "f1": 0.60042, "auc": 0.64779}
{"epoch": 65, "time_epoch": 8.1826, "eta": 307.4954, "eta_hours": 0.08542, "loss": 0.66659099, "lr": 0.000273, "params": 5289, "time_iter": 0.06546, "accuracy": 0.596, "precision": 0.60669, "recall": 0.57312, "f1": 0.58943, "auc": 0.63004}
{"epoch": 66, "time_epoch": 8.16296, "eta": 298.01749, "eta_hours": 0.08278, "loss": 0.67313112, "lr": 0.00025912, "params": 5289, "time_iter": 0.0653, "accuracy": 0.61, "precision": 0.62393, "recall": 0.57708, "f1": 0.59959, "auc": 0.61618}
{"epoch": 67, "time_epoch": 7.96181, "eta": 288.48358, "eta_hours": 0.08013, "loss": 0.67344865, "lr": 0.00024548, "params": 5289, "time_iter": 0.06369, "accuracy": 0.604, "precision": 0.61603, "recall": 0.57708, "f1": 0.59592, "auc": 0.62319}
{"epoch": 68, "time_epoch": 7.92587, "eta": 278.9791, "eta_hours": 0.07749, "loss": 0.678068, "lr": 0.00023209, "params": 5289, "time_iter": 0.06341, "accuracy": 0.602, "precision": 0.60714, "recall": 0.60474, "f1": 0.60594, "auc": 0.60782}
{"epoch": 69, "time_epoch": 7.96389, "eta": 269.53602, "eta_hours": 0.07487, "loss": 0.66358465, "lr": 0.00021896, "params": 5289, "time_iter": 0.06371, "accuracy": 0.626, "precision": 0.64602, "recall": 0.57708, "f1": 0.6096, "auc": 0.63972}
{"epoch": 70, "time_epoch": 7.99031, "eta": 260.1454, "eta_hours": 0.07226, "loss": 0.65766351, "lr": 0.00020611, "params": 5289, "time_iter": 0.06392, "accuracy": 0.596, "precision": 0.60759, "recall": 0.56917, "f1": 0.58776, "auc": 0.6483}
{"epoch": 71, "time_epoch": 7.9907, "eta": 250.79382, "eta_hours": 0.06966, "loss": 0.66972219, "lr": 0.00019355, "params": 5289, "time_iter": 0.06393, "accuracy": 0.592, "precision": 0.60251, "recall": 0.56917, "f1": 0.58537, "auc": 0.62892}
{"epoch": 72, "time_epoch": 7.963, "eta": 241.46928, "eta_hours": 0.06707, "loss": 0.65448573, "lr": 0.00018129, "params": 5289, "time_iter": 0.0637, "accuracy": 0.64, "precision": 0.65801, "recall": 0.60079, "f1": 0.6281, "auc": 0.65409}
{"epoch": 73, "time_epoch": 7.99533, "eta": 232.19291, "eta_hours": 0.0645, "loss": 0.65964758, "lr": 0.00016934, "params": 5289, "time_iter": 0.06396, "accuracy": 0.61, "precision": 0.61789, "recall": 0.60079, "f1": 0.60922, "auc": 0.63952}
{"epoch": 74, "time_epoch": 7.97714, "eta": 222.94462, "eta_hours": 0.06193, "loss": 0.65234795, "lr": 0.00015773, "params": 5289, "time_iter": 0.06382, "accuracy": 0.608, "precision": 0.61826, "recall": 0.58893, "f1": 0.60324, "auc": 0.65302}
{"epoch": 75, "time_epoch": 7.93989, "eta": 213.71803, "eta_hours": 0.05937, "loss": 0.65748325, "lr": 0.00014645, "params": 5289, "time_iter": 0.06352, "accuracy": 0.61, "precision": 0.61983, "recall": 0.59289, "f1": 0.60606, "auc": 0.65493}
{"epoch": 76, "time_epoch": 8.09822, "eta": 204.57215, "eta_hours": 0.05683, "loss": 0.64463959, "lr": 0.00013552, "params": 5289, "time_iter": 0.06479, "accuracy": 0.634, "precision": 0.64463, "recall": 0.6166, "f1": 0.6303, "auc": 0.67573}
{"epoch": 77, "time_epoch": 7.9385, "eta": 195.40808, "eta_hours": 0.05428, "loss": 0.67282257, "lr": 0.00012494, "params": 5289, "time_iter": 0.06351, "accuracy": 0.598, "precision": 0.60744, "recall": 0.58103, "f1": 0.59394, "auc": 0.62537}
{"epoch": 78, "time_epoch": 7.93818, "eta": 186.27496, "eta_hours": 0.05174, "loss": 0.66390916, "lr": 0.00011474, "params": 5289, "time_iter": 0.06351, "accuracy": 0.608, "precision": 0.61925, "recall": 0.58498, "f1": 0.60163, "auc": 0.64076}
{"epoch": 79, "time_epoch": 7.91782, "eta": 177.16662, "eta_hours": 0.04921, "loss": 0.64455734, "lr": 0.00010492, "params": 5289, "time_iter": 0.06334, "accuracy": 0.626, "precision": 0.64103, "recall": 0.59289, "f1": 0.61602, "auc": 0.67759}
{"epoch": 80, "time_epoch": 7.96232, "eta": 168.09811, "eta_hours": 0.04669, "loss": 0.65409887, "lr": 9.549e-05, "params": 5289, "time_iter": 0.0637, "accuracy": 0.61, "precision": 0.625, "recall": 0.57312, "f1": 0.59794, "auc": 0.64862}
{"epoch": 81, "time_epoch": 7.9173, "eta": 159.0467, "eta_hours": 0.04418, "loss": 0.65419386, "lr": 8.646e-05, "params": 5289, "time_iter": 0.06334, "accuracy": 0.636, "precision": 0.65106, "recall": 0.60474, "f1": 0.62705, "auc": 0.65168}
{"epoch": 82, "time_epoch": 7.9348, "eta": 150.02621, "eta_hours": 0.04167, "loss": 0.65577174, "lr": 7.784e-05, "params": 5289, "time_iter": 0.06348, "accuracy": 0.624, "precision": 0.63948, "recall": 0.58893, "f1": 0.61317, "auc": 0.65798}
{"epoch": 83, "time_epoch": 7.9296, "eta": 141.03057, "eta_hours": 0.03918, "loss": 0.65072373, "lr": 6.963e-05, "params": 5289, "time_iter": 0.06344, "accuracy": 0.626, "precision": 0.63866, "recall": 0.60079, "f1": 0.61914, "auc": 0.66186}
{"epoch": 84, "time_epoch": 7.89317, "eta": 132.05359, "eta_hours": 0.03668, "loss": 0.66541887, "lr": 6.185e-05, "params": 5289, "time_iter": 0.06315, "accuracy": 0.612, "precision": 0.62241, "recall": 0.59289, "f1": 0.60729, "auc": 0.63216}
{"epoch": 85, "time_epoch": 7.97024, "eta": 123.11436, "eta_hours": 0.0342, "loss": 0.64846339, "lr": 5.45e-05, "params": 5289, "time_iter": 0.06376, "accuracy": 0.646, "precision": 0.66239, "recall": 0.61265, "f1": 0.63655, "auc": 0.67038}
{"epoch": 86, "time_epoch": 7.96968, "eta": 114.19732, "eta_hours": 0.03172, "loss": 0.65579414, "lr": 4.759e-05, "params": 5289, "time_iter": 0.06376, "accuracy": 0.644, "precision": 0.6569, "recall": 0.62055, "f1": 0.63821, "auc": 0.65478}
{"epoch": 87, "time_epoch": 7.97034, "eta": 105.3019, "eta_hours": 0.02925, "loss": 0.66565203, "lr": 4.112e-05, "params": 5289, "time_iter": 0.06376, "accuracy": 0.624, "precision": 0.63374, "recall": 0.6087, "f1": 0.62097, "auc": 0.63324}
{"epoch": 88, "time_epoch": 7.89881, "eta": 96.41843, "eta_hours": 0.02678, "loss": 0.68484951, "lr": 3.511e-05, "params": 5289, "time_iter": 0.06319, "accuracy": 0.592, "precision": 0.60082, "recall": 0.57708, "f1": 0.58871, "auc": 0.60714}
{"epoch": 89, "time_epoch": 7.94313, "eta": 87.56176, "eta_hours": 0.02432, "loss": 0.64974474, "lr": 2.956e-05, "params": 5289, "time_iter": 0.06355, "accuracy": 0.616, "precision": 0.63319, "recall": 0.57312, "f1": 0.60166, "auc": 0.66962}
{"epoch": 90, "time_epoch": 7.92976, "eta": 78.72385, "eta_hours": 0.02187, "loss": 0.6707484, "lr": 2.447e-05, "params": 5289, "time_iter": 0.06344, "accuracy": 0.624, "precision": 0.64317, "recall": 0.57708, "f1": 0.60833, "auc": 0.63155}
{"epoch": 91, "time_epoch": 7.90558, "eta": 69.90358, "eta_hours": 0.01942, "loss": 0.64246102, "lr": 1.985e-05, "params": 5289, "time_iter": 0.06324, "accuracy": 0.618, "precision": 0.63362, "recall": 0.58103, "f1": 0.60619, "auc": 0.67019}
{"epoch": 92, "time_epoch": 7.88372, "eta": 61.10134, "eta_hours": 0.01697, "loss": 0.65005024, "lr": 1.571e-05, "params": 5289, "time_iter": 0.06307, "accuracy": 0.62, "precision": 0.62963, "recall": 0.60474, "f1": 0.61694, "auc": 0.65816}
{"epoch": 93, "time_epoch": 7.8919, "eta": 52.31916, "eta_hours": 0.01453, "loss": 0.64861261, "lr": 1.204e-05, "params": 5289, "time_iter": 0.06314, "accuracy": 0.634, "precision": 0.64463, "recall": 0.6166, "f1": 0.6303, "auc": 0.66718}
{"epoch": 94, "time_epoch": 7.92395, "eta": 43.55741, "eta_hours": 0.0121, "loss": 0.66373465, "lr": 8.86e-06, "params": 5289, "time_iter": 0.06339, "accuracy": 0.61, "precision": 0.61983, "recall": 0.59289, "f1": 0.60606, "auc": 0.63806}
{"epoch": 95, "time_epoch": 7.90685, "eta": 34.8124, "eta_hours": 0.00967, "loss": 0.66428352, "lr": 6.16e-06, "params": 5289, "time_iter": 0.06325, "accuracy": 0.618, "precision": 0.62917, "recall": 0.59684, "f1": 0.61258, "auc": 0.64356}
{"epoch": 96, "time_epoch": 7.89299, "eta": 26.08425, "eta_hours": 0.00725, "loss": 0.66766713, "lr": 3.94e-06, "params": 5289, "time_iter": 0.06314, "accuracy": 0.622, "precision": 0.63115, "recall": 0.6087, "f1": 0.61972, "auc": 0.64709}
{"epoch": 97, "time_epoch": 7.91616, "eta": 17.37361, "eta_hours": 0.00483, "loss": 0.66308678, "lr": 2.22e-06, "params": 5289, "time_iter": 0.06333, "accuracy": 0.614, "precision": 0.62821, "recall": 0.58103, "f1": 0.6037, "auc": 0.64409}
{"epoch": 98, "time_epoch": 7.86567, "eta": 8.67851, "eta_hours": 0.00241, "loss": 0.66289244, "lr": 9.9e-07, "params": 5289, "time_iter": 0.06293, "accuracy": 0.616, "precision": 0.62979, "recall": 0.58498, "f1": 0.60656, "auc": 0.64161}
{"epoch": 99, "time_epoch": 7.88963, "eta": 0.0, "eta_hours": 0.0, "loss": 0.66887729, "lr": 2.5e-07, "params": 5289, "time_iter": 0.06312, "accuracy": 0.624, "precision": 0.63485, "recall": 0.60474, "f1": 0.61943, "auc": 0.63707}
