{"epoch": 0, "time_epoch": 7.33872, "eta": 726.53331, "eta_hours": 0.20181, "loss": 0.69345732, "lr": 0.001, "params": 9207, "time_iter": 0.66716, "accuracy": 0.52381, "precision": 0.0, "recall": 0.0, "f1": 0.0, "auc": 0.34773}
{"epoch": 1, "time_epoch": 7.5393, "eta": 729.0231, "eta_hours": 0.20251, "loss": 0.69214739, "lr": 0.00099975, "params": 9207, "time_iter": 0.68539, "accuracy": 0.52381, "precision": 0.0, "recall": 0.0, "f1": 0.0, "auc": 0.56818}
{"epoch": 2, "time_epoch": 0.41264, "eta": 494.3981, "eta_hours": 0.13733, "loss": 0.69389548, "lr": 0.00099901, "params": 9207, "time_iter": 0.03751, "accuracy": 0.52381, "precision": 0.0, "recall": 0.0, "f1": 0.0, "auc": 0.51818}
{"epoch": 3, "time_epoch": 0.4431, "eta": 377.61032, "eta_hours": 0.10489, "loss": 0.69206046, "lr": 0.00099778, "params": 9207, "time_iter": 0.04028, "accuracy": 0.52381, "precision": 0.0, "recall": 0.0, "f1": 0.0, "auc": 0.54545}
{"epoch": 4, "time_epoch": 0.44623, "eta": 307.41992, "eta_hours": 0.08539, "loss": 0.69200332, "lr": 0.00099606, "params": 9207, "time_iter": 0.04057, "accuracy": 0.52381, "precision": 0.0, "recall": 0.0, "f1": 0.0, "auc": 0.50909}
{"epoch": 5, "time_epoch": 0.45187, "eta": 260.56583, "eta_hours": 0.07238, "loss": 0.69299805, "lr": 0.00099384, "params": 9207, "time_iter": 0.04108, "accuracy": 0.52381, "precision": 0.0, "recall": 0.0, "f1": 0.0, "auc": 0.36364}
{"epoch": 6, "time_epoch": 0.49642, "eta": 227.56147, "eta_hours": 0.06321, "loss": 0.69098465, "lr": 0.00099114, "params": 9207, "time_iter": 0.04513, "accuracy": 0.52381, "precision": 0.0, "recall": 0.0, "f1": 0.0, "auc": 0.60455}
{"epoch": 7, "time_epoch": 0.49689, "eta": 202.68953, "eta_hours": 0.0563, "loss": 0.69029502, "lr": 0.00098796, "params": 9207, "time_iter": 0.04517, "accuracy": 0.52381, "precision": 0.0, "recall": 0.0, "f1": 0.0, "auc": 0.66364}
{"epoch": 8, "time_epoch": 0.49735, "eta": 183.23886, "eta_hours": 0.0509, "loss": 0.69157716, "lr": 0.00098429, "params": 9207, "time_iter": 0.04521, "accuracy": 0.52381, "precision": 0.0, "recall": 0.0, "f1": 0.0, "auc": 0.57955}
{"epoch": 9, "time_epoch": 0.49883, "eta": 167.59217, "eta_hours": 0.04655, "loss": 0.68512053, "lr": 0.00098015, "params": 9207, "time_iter": 0.04535, "accuracy": 0.52381, "precision": 0.0, "recall": 0.0, "f1": 0.0, "auc": 0.80682}
{"epoch": 10, "time_epoch": 0.50434, "eta": 154.74423, "eta_hours": 0.04298, "loss": 0.68737275, "lr": 0.00097553, "params": 9207, "time_iter": 0.04585, "accuracy": 0.52381, "precision": 0.0, "recall": 0.0, "f1": 0.0, "auc": 0.73409}
{"epoch": 11, "time_epoch": 0.49617, "eta": 143.89363, "eta_hours": 0.03997, "loss": 0.67891125, "lr": 0.00097044, "params": 9207, "time_iter": 0.04511, "accuracy": 0.57143, "precision": 1.0, "recall": 0.1, "f1": 0.18182, "auc": 0.75682}
{"epoch": 12, "time_epoch": 0.49402, "eta": 134.62163, "eta_hours": 0.03739, "loss": 0.67056624, "lr": 0.00096489, "params": 9207, "time_iter": 0.04491, "accuracy": 0.64286, "precision": 1.0, "recall": 0.25, "f1": 0.4, "auc": 0.8}
{"epoch": 13, "time_epoch": 0.49546, "eta": 126.61247, "eta_hours": 0.03517, "loss": 0.6487802, "lr": 0.00095888, "params": 9207, "time_iter": 0.04504, "accuracy": 0.7381, "precision": 1.0, "recall": 0.45, "f1": 0.62069, "auc": 0.88864}
{"epoch": 14, "time_epoch": 0.49404, "eta": 119.59711, "eta_hours": 0.03322, "loss": 0.62162451, "lr": 0.00095241, "params": 9207, "time_iter": 0.04491, "accuracy": 0.69048, "precision": 0.88889, "recall": 0.4, "f1": 0.55172, "auc": 0.89545}
{"epoch": 15, "time_epoch": 0.49531, "eta": 113.40358, "eta_hours": 0.0315, "loss": 0.60591852, "lr": 0.0009455, "params": 9207, "time_iter": 0.04503, "accuracy": 0.80952, "precision": 1.0, "recall": 0.6, "f1": 0.75, "auc": 0.91136}
{"epoch": 16, "time_epoch": 0.49948, "eta": 107.90079, "eta_hours": 0.02997, "loss": 0.56481053, "lr": 0.00093815, "params": 9207, "time_iter": 0.04541, "accuracy": 0.7381, "precision": 0.8, "recall": 0.6, "f1": 0.68571, "auc": 0.85455}
{"epoch": 17, "time_epoch": 0.49629, "eta": 102.93938, "eta_hours": 0.02859, "loss": 0.53304807, "lr": 0.00093037, "params": 9207, "time_iter": 0.04512, "accuracy": 0.7381, "precision": 0.8, "recall": 0.6, "f1": 0.68571, "auc": 0.84091}
{"epoch": 18, "time_epoch": 0.49946, "eta": 98.46151, "eta_hours": 0.02735, "loss": 0.52854365, "lr": 0.00092216, "params": 9207, "time_iter": 0.04541, "accuracy": 0.85714, "precision": 0.9375, "recall": 0.75, "f1": 0.83333, "auc": 0.84318}
{"epoch": 19, "time_epoch": 0.50006, "eta": 94.38388, "eta_hours": 0.02622, "loss": 0.52548737, "lr": 0.00091354, "params": 9207, "time_iter": 0.04546, "accuracy": 0.7381, "precision": 0.8, "recall": 0.6, "f1": 0.68571, "auc": 0.83409}
{"epoch": 20, "time_epoch": 0.49946, "eta": 90.64471, "eta_hours": 0.02518, "loss": 0.52240084, "lr": 0.00090451, "params": 9207, "time_iter": 0.04541, "accuracy": 0.7619, "precision": 0.85714, "recall": 0.6, "f1": 0.70588, "auc": 0.83864}
{"epoch": 21, "time_epoch": 0.50046, "eta": 87.20361, "eta_hours": 0.02422, "loss": 0.39534584, "lr": 0.00089508, "params": 9207, "time_iter": 0.0455, "accuracy": 0.83333, "precision": 0.88235, "recall": 0.75, "f1": 0.81081, "auc": 0.93864}
{"epoch": 22, "time_epoch": 0.49927, "eta": 84.01424, "eta_hours": 0.02334, "loss": 0.41704154, "lr": 0.00088526, "params": 9207, "time_iter": 0.04539, "accuracy": 0.78571, "precision": 0.78947, "recall": 0.75, "f1": 0.76923, "auc": 0.89091}
{"epoch": 23, "time_epoch": 0.50429, "eta": 81.06492, "eta_hours": 0.02252, "loss": 0.31729611, "lr": 0.00087506, "params": 9207, "time_iter": 0.04584, "accuracy": 0.85714, "precision": 0.9375, "recall": 0.75, "f1": 0.83333, "auc": 0.97045}
{"epoch": 24, "time_epoch": 0.49937, "eta": 78.29645, "eta_hours": 0.02175, "loss": 0.43310363, "lr": 0.00086448, "params": 9207, "time_iter": 0.0454, "accuracy": 0.83333, "precision": 0.84211, "recall": 0.8, "f1": 0.82051, "auc": 0.89318}
{"epoch": 25, "time_epoch": 0.49497, "eta": 75.69001, "eta_hours": 0.02103, "loss": 0.29186634, "lr": 0.00085355, "params": 9207, "time_iter": 0.045, "accuracy": 0.90476, "precision": 0.94444, "recall": 0.85, "f1": 0.89474, "auc": 0.96818}
{"epoch": 26, "time_epoch": 0.49807, "eta": 73.24836, "eta_hours": 0.02035, "loss": 0.30092602, "lr": 0.00084227, "params": 9207, "time_iter": 0.04528, "accuracy": 0.88095, "precision": 0.94118, "recall": 0.8, "f1": 0.86486, "auc": 0.95682}
{"epoch": 27, "time_epoch": 0.49411, "eta": 70.93536, "eta_hours": 0.0197, "loss": 0.34243372, "lr": 0.00083066, "params": 9207, "time_iter": 0.04492, "accuracy": 0.88095, "precision": 0.89474, "recall": 0.85, "f1": 0.87179, "auc": 0.92273}
{"epoch": 28, "time_epoch": 0.50062, "eta": 68.76372, "eta_hours": 0.0191, "loss": 0.19272865, "lr": 0.00081871, "params": 9207, "time_iter": 0.04551, "accuracy": 0.92857, "precision": 0.94737, "recall": 0.9, "f1": 0.92308, "auc": 0.99318}
{"epoch": 29, "time_epoch": 0.49727, "eta": 66.69568, "eta_hours": 0.01853, "loss": 0.2124468, "lr": 0.00080645, "params": 9207, "time_iter": 0.04521, "accuracy": 0.88095, "precision": 0.89474, "recall": 0.85, "f1": 0.87179, "auc": 0.97727}
{"epoch": 30, "time_epoch": 0.50241, "eta": 64.74041, "eta_hours": 0.01798, "loss": 0.20580437, "lr": 0.00079389, "params": 9207, "time_iter": 0.04567, "accuracy": 0.95238, "precision": 1.0, "recall": 0.9, "f1": 0.94737, "auc": 0.98182}
{"epoch": 31, "time_epoch": 0.49493, "eta": 62.86005, "eta_hours": 0.01746, "loss": 0.20814446, "lr": 0.00078104, "params": 9207, "time_iter": 0.04499, "accuracy": 0.92857, "precision": 1.0, "recall": 0.85, "f1": 0.91892, "auc": 0.98636}
{"epoch": 32, "time_epoch": 0.49582, "eta": 61.06546, "eta_hours": 0.01696, "loss": 0.22449137, "lr": 0.00076791, "params": 9207, "time_iter": 0.04507, "accuracy": 0.90476, "precision": 0.94444, "recall": 0.85, "f1": 0.89474, "auc": 0.97045}
{"epoch": 33, "time_epoch": 0.49336, "eta": 59.34249, "eta_hours": 0.01648, "loss": 0.11999849, "lr": 0.00075452, "params": 9207, "time_iter": 0.04485, "accuracy": 0.95238, "precision": 0.95, "recall": 0.95, "f1": 0.95, "auc": 0.99773}
{"epoch": 34, "time_epoch": 0.50148, "eta": 57.70488, "eta_hours": 0.01603, "loss": 0.13900128, "lr": 0.00074088, "params": 9207, "time_iter": 0.04559, "accuracy": 0.95238, "precision": 0.95, "recall": 0.95, "f1": 0.95, "auc": 0.99545}
{"epoch": 35, "time_epoch": 0.50002, "eta": 56.12779, "eta_hours": 0.01559, "loss": 0.63715141, "lr": 0.000727, "params": 9207, "time_iter": 0.04546, "accuracy": 0.7619, "precision": 0.85714, "recall": 0.6, "f1": 0.70588, "auc": 0.84773}
{"epoch": 36, "time_epoch": 0.5005, "eta": 54.60973, "eta_hours": 0.01517, "loss": 0.1067022, "lr": 0.00071289, "params": 9207, "time_iter": 0.0455, "accuracy": 1.0, "precision": 1.0, "recall": 1.0, "f1": 1.0, "auc": 1.0}
{"epoch": 37, "time_epoch": 0.49695, "eta": 53.13944, "eta_hours": 0.01476, "loss": 0.28246407, "lr": 0.00069857, "params": 9207, "time_iter": 0.04518, "accuracy": 0.92857, "precision": 0.94737, "recall": 0.9, "f1": 0.92308, "auc": 0.96136}
{"epoch": 38, "time_epoch": 0.49766, "eta": 51.72016, "eta_hours": 0.01437, "loss": 0.21827173, "lr": 0.00068406, "params": 9207, "time_iter": 0.04524, "accuracy": 0.92857, "precision": 1.0, "recall": 0.85, "f1": 0.91892, "auc": 0.96818}
{"epoch": 39, "time_epoch": 0.49691, "eta": 50.34585, "eta_hours": 0.01398, "loss": 0.12309406, "lr": 0.00066937, "params": 9207, "time_iter": 0.04517, "accuracy": 0.92857, "precision": 0.94737, "recall": 0.9, "f1": 0.92308, "auc": 0.99318}
{"epoch": 40, "time_epoch": 0.50279, "eta": 49.0228, "eta_hours": 0.01362, "loss": 0.14543368, "lr": 0.00065451, "params": 9207, "time_iter": 0.04571, "accuracy": 0.97619, "precision": 1.0, "recall": 0.95, "f1": 0.97436, "auc": 0.97955}
{"epoch": 41, "time_epoch": 0.49697, "eta": 47.73077, "eta_hours": 0.01326, "loss": 0.39072837, "lr": 0.0006395, "params": 9207, "time_iter": 0.04518, "accuracy": 0.85714, "precision": 0.88889, "recall": 0.8, "f1": 0.84211, "auc": 0.92727}
{"epoch": 42, "time_epoch": 0.49437, "eta": 46.47228, "eta_hours": 0.01291, "loss": 0.09061632, "lr": 0.00062434, "params": 9207, "time_iter": 0.04494, "accuracy": 0.97619, "precision": 0.95238, "recall": 1.0, "f1": 0.97561, "auc": 1.0}
{"epoch": 43, "time_epoch": 0.50117, "eta": 45.25717, "eta_hours": 0.01257, "loss": 0.07671522, "lr": 0.00060907, "params": 9207, "time_iter": 0.04556, "accuracy": 0.97619, "precision": 0.95238, "recall": 1.0, "f1": 0.97561, "auc": 1.0}
{"epoch": 44, "time_epoch": 0.49601, "eta": 44.06749, "eta_hours": 0.01224, "loss": 0.10149757, "lr": 0.00059369, "params": 9207, "time_iter": 0.04509, "accuracy": 0.92857, "precision": 0.90476, "recall": 0.95, "f1": 0.92683, "auc": 0.99545}
{"epoch": 45, "time_epoch": 0.49539, "eta": 42.90723, "eta_hours": 0.01192, "loss": 0.32419073, "lr": 0.00057822, "params": 9207, "time_iter": 0.04504, "accuracy": 0.85714, "precision": 0.88889, "recall": 0.8, "f1": 0.84211, "auc": 0.93409}
{"epoch": 46, "time_epoch": 0.49928, "eta": 41.77965, "eta_hours": 0.01161, "loss": 0.28850301, "lr": 0.00056267, "params": 9207, "time_iter": 0.04539, "accuracy": 0.90476, "precision": 0.94444, "recall": 0.85, "f1": 0.89474, "auc": 0.95682}
{"epoch": 47, "time_epoch": 0.49575, "eta": 40.67444, "eta_hours": 0.0113, "loss": 0.08788213, "lr": 0.00054705, "params": 9207, "time_iter": 0.04507, "accuracy": 0.95238, "precision": 1.0, "recall": 0.9, "f1": 0.94737, "auc": 1.0}
{"epoch": 48, "time_epoch": 0.49353, "eta": 39.59178, "eta_hours": 0.011, "loss": 0.05532617, "lr": 0.0005314, "params": 9207, "time_iter": 0.04487, "accuracy": 0.97619, "precision": 1.0, "recall": 0.95, "f1": 0.97436, "auc": 1.0}
{"epoch": 49, "time_epoch": 0.49333, "eta": 38.53249, "eta_hours": 0.0107, "loss": 0.16106007, "lr": 0.00051571, "params": 9207, "time_iter": 0.04485, "accuracy": 0.95238, "precision": 0.95, "recall": 0.95, "f1": 0.95, "auc": 0.98182}
{"epoch": 50, "time_epoch": 0.49465, "eta": 37.49666, "eta_hours": 0.01042, "loss": 0.15529021, "lr": 0.0005, "params": 9207, "time_iter": 0.04497, "accuracy": 0.90476, "precision": 0.94444, "recall": 0.85, "f1": 0.89474, "auc": 0.99091}
{"epoch": 51, "time_epoch": 0.49967, "eta": 36.48628, "eta_hours": 0.01014, "loss": 0.02791756, "lr": 0.00048429, "params": 9207, "time_iter": 0.04542, "accuracy": 1.0, "precision": 1.0, "recall": 1.0, "f1": 1.0, "auc": 1.0}
{"epoch": 52, "time_epoch": 0.49836, "eta": 35.49402, "eta_hours": 0.00986, "loss": 0.13037455, "lr": 0.0004686, "params": 9207, "time_iter": 0.04531, "accuracy": 0.95238, "precision": 1.0, "recall": 0.9, "f1": 0.94737, "auc": 0.99091}
{"epoch": 53, "time_epoch": 0.49634, "eta": 34.51832, "eta_hours": 0.00959, "loss": 0.07967088, "lr": 0.00045295, "params": 9207, "time_iter": 0.04512, "accuracy": 0.95238, "precision": 1.0, "recall": 0.9, "f1": 0.94737, "auc": 1.0}
{"epoch": 54, "time_epoch": 0.5004, "eta": 33.56338, "eta_hours": 0.00932, "loss": 0.09952286, "lr": 0.00043733, "params": 9207, "time_iter": 0.04549, "accuracy": 0.97619, "precision": 0.95238, "recall": 1.0, "f1": 0.97561, "auc": 0.99318}
{"epoch": 55, "time_epoch": 0.49974, "eta": 32.62416, "eta_hours": 0.00906, "loss": 0.17915774, "lr": 0.00042178, "params": 9207, "time_iter": 0.04543, "accuracy": 0.95238, "precision": 0.95, "recall": 0.95, "f1": 0.95, "auc": 0.97727}
{"epoch": 56, "time_epoch": 0.50211, "eta": 31.70214, "eta_hours": 0.00881, "loss": 0.15585882, "lr": 0.00040631, "params": 9207, "time_iter": 0.04565, "accuracy": 0.95238, "precision": 1.0, "recall": 0.9, "f1": 0.94737, "auc": 0.975}
{"epoch": 57, "time_epoch": 0.49935, "eta": 30.7926, "eta_hours": 0.00855, "loss": 0.03699945, "lr": 0.00039093, "params": 9207, "time_iter": 0.0454, "accuracy": 1.0, "precision": 1.0, "recall": 1.0, "f1": 1.0, "auc": 1.0}
{"epoch": 58, "time_epoch": 0.49784, "eta": 29.89592, "eta_hours": 0.0083, "loss": 0.01993481, "lr": 0.00037566, "params": 9207, "time_iter": 0.04526, "accuracy": 1.0, "precision": 1.0, "recall": 1.0, "f1": 1.0, "auc": 1.0}
{"epoch": 59, "time_epoch": 0.49901, "eta": 29.01331, "eta_hours": 0.00806, "loss": 0.04285957, "lr": 0.0003605, "params": 9207, "time_iter": 0.04536, "accuracy": 0.97619, "precision": 0.95238, "recall": 1.0, "f1": 0.97561, "auc": 1.0}
{"epoch": 60, "time_epoch": 0.49763, "eta": 28.1424, "eta_hours": 0.00782, "loss": 0.05912316, "lr": 0.00034549, "params": 9207, "time_iter": 0.04524, "accuracy": 0.97619, "precision": 1.0, "recall": 0.95, "f1": 0.97436, "auc": 0.99773}
{"epoch": 61, "time_epoch": 0.49784, "eta": 27.28366, "eta_hours": 0.00758, "loss": 0.02786011, "lr": 0.00033063, "params": 9207, "time_iter": 0.04526, "accuracy": 1.0, "precision": 1.0, "recall": 1.0, "f1": 1.0, "auc": 1.0}
{"epoch": 62, "time_epoch": 0.4965, "eta": 26.43558, "eta_hours": 0.00734, "loss": 0.44278527, "lr": 0.00031594, "params": 9207, "time_iter": 0.04514, "accuracy": 0.83333, "precision": 0.88235, "recall": 0.75, "f1": 0.81081, "auc": 0.91364}
{"epoch": 63, "time_epoch": 0.4968, "eta": 25.59866, "eta_hours": 0.00711, "loss": 0.06726644, "lr": 0.00030143, "params": 9207, "time_iter": 0.04516, "accuracy": 0.97619, "precision": 0.95238, "recall": 1.0, "f1": 0.97561, "auc": 1.0}
{"epoch": 64, "time_epoch": 0.50154, "eta": 24.77476, "eta_hours": 0.00688, "loss": 0.04797022, "lr": 0.00028711, "params": 9207, "time_iter": 0.04559, "accuracy": 0.97619, "precision": 0.95238, "recall": 1.0, "f1": 0.97561, "auc": 1.0}
{"epoch": 65, "time_epoch": 0.50179, "eta": 23.96076, "eta_hours": 0.00666, "loss": 0.01371861, "lr": 0.000273, "params": 9207, "time_iter": 0.04562, "accuracy": 1.0, "precision": 1.0, "recall": 1.0, "f1": 1.0, "auc": 1.0}
{"epoch": 66, "time_epoch": 0.49808, "eta": 23.15425, "eta_hours": 0.00643, "loss": 0.27209759, "lr": 0.00025912, "params": 9207, "time_iter": 0.04528, "accuracy": 0.90476, "precision": 0.94444, "recall": 0.85, "f1": 0.89474, "auc": 0.96591}
{"epoch": 67, "time_epoch": 0.50028, "eta": 22.35785, "eta_hours": 0.00621, "loss": 0.14440222, "lr": 0.00024548, "params": 9207, "time_iter": 0.04548, "accuracy": 0.95238, "precision": 1.0, "recall": 0.9, "f1": 0.94737, "auc": 0.98864}
{"epoch": 68, "time_epoch": 0.50089, "eta": 21.5703, "eta_hours": 0.00599, "loss": 0.13786114, "lr": 0.00023209, "params": 9207, "time_iter": 0.04554, "accuracy": 0.97619, "precision": 1.0, "recall": 0.95, "f1": 0.97436, "auc": 0.98864}
{"epoch": 69, "time_epoch": 0.50211, "eta": 20.79147, "eta_hours": 0.00578, "loss": 0.10016505, "lr": 0.00021896, "params": 9207, "time_iter": 0.04565, "accuracy": 0.95238, "precision": 0.95, "recall": 0.95, "f1": 0.95, "auc": 0.99773}
{"epoch": 70, "time_epoch": 0.49535, "eta": 20.01767, "eta_hours": 0.00556, "loss": 0.01583754, "lr": 0.00020611, "params": 9207, "time_iter": 0.04503, "accuracy": 1.0, "precision": 1.0, "recall": 1.0, "f1": 1.0, "auc": 1.0}
{"epoch": 71, "time_epoch": 0.49878, "eta": 19.25294, "eta_hours": 0.00535, "loss": 0.16300823, "lr": 0.00019355, "params": 9207, "time_iter": 0.04534, "accuracy": 0.95238, "precision": 1.0, "recall": 0.9, "f1": 0.94737, "auc": 1.0}
{"epoch": 72, "time_epoch": 0.50505, "eta": 18.49782, "eta_hours": 0.00514, "loss": 0.04894811, "lr": 0.00018129, "params": 9207, "time_iter": 0.04591, "accuracy": 1.0, "precision": 1.0, "recall": 1.0, "f1": 1.0, "auc": 1.0}
{"epoch": 73, "time_epoch": 0.49745, "eta": 17.74678, "eta_hours": 0.00493, "loss": 0.40443609, "lr": 0.00016934, "params": 9207, "time_iter": 0.04522, "accuracy": 0.83333, "precision": 1.0, "recall": 0.65, "f1": 0.78788, "auc": 0.95682}
{"epoch": 74, "time_epoch": 0.49727, "eta": 17.00244, "eta_hours": 0.00472, "loss": 0.04304914, "lr": 0.00015773, "params": 9207, "time_iter": 0.04521, "accuracy": 1.0, "precision": 1.0, "recall": 1.0, "f1": 1.0, "auc": 1.0}
{"epoch": 75, "time_epoch": 0.49523, "eta": 16.26396, "eta_hours": 0.00452, "loss": 0.24272484, "lr": 0.00014645, "params": 9207, "time_iter": 0.04502, "accuracy": 0.90476, "precision": 1.0, "recall": 0.8, "f1": 0.88889, "auc": 0.97727}
{"epoch": 76, "time_epoch": 0.49681, "eta": 15.53228, "eta_hours": 0.00431, "loss": 0.0799722, "lr": 0.00013552, "params": 9207, "time_iter": 0.04516, "accuracy": 0.95238, "precision": 1.0, "recall": 0.9, "f1": 0.94737, "auc": 1.0}
{"epoch": 77, "time_epoch": 0.50032, "eta": 14.8076, "eta_hours": 0.00411, "loss": 0.01583849, "lr": 0.00012494, "params": 9207, "time_iter": 0.04548, "accuracy": 1.0, "precision": 1.0, "recall": 1.0, "f1": 1.0, "auc": 1.0}
{"epoch": 78, "time_epoch": 0.49366, "eta": 14.08684, "eta_hours": 0.00391, "loss": 0.14507203, "lr": 0.00011474, "params": 9207, "time_iter": 0.04488, "accuracy": 0.95238, "precision": 1.0, "recall": 0.9, "f1": 0.94737, "auc": 0.98636}
{"epoch": 79, "time_epoch": 0.49662, "eta": 13.37249, "eta_hours": 0.00371, "loss": 0.05359008, "lr": 0.00010492, "params": 9207, "time_iter": 0.04515, "accuracy": 1.0, "precision": 1.0, "recall": 1.0, "f1": 1.0, "auc": 1.0}
{"epoch": 80, "time_epoch": 0.50117, "eta": 12.66459, "eta_hours": 0.00352, "loss": 0.09342045, "lr": 9.549e-05, "params": 9207, "time_iter": 0.04556, "accuracy": 0.95238, "precision": 1.0, "recall": 0.9, "f1": 0.94737, "auc": 1.0}
{"epoch": 81, "time_epoch": 0.49828, "eta": 11.96109, "eta_hours": 0.00332, "loss": 0.01205344, "lr": 8.646e-05, "params": 9207, "time_iter": 0.0453, "accuracy": 1.0, "precision": 1.0, "recall": 1.0, "f1": 1.0, "auc": 1.0}
{"epoch": 82, "time_epoch": 0.49279, "eta": 11.26142, "eta_hours": 0.00313, "loss": 0.07759519, "lr": 7.784e-05, "params": 9207, "time_iter": 0.0448, "accuracy": 0.97619, "precision": 0.95238, "recall": 1.0, "f1": 0.97561, "auc": 0.99545}
{"epoch": 83, "time_epoch": 0.49952, "eta": 10.56795, "eta_hours": 0.00294, "loss": 0.02494364, "lr": 6.963e-05, "params": 9207, "time_iter": 0.04541, "accuracy": 1.0, "precision": 1.0, "recall": 1.0, "f1": 1.0, "auc": 1.0}
{"epoch": 84, "time_epoch": 0.49397, "eta": 9.87806, "eta_hours": 0.00274, "loss": 0.01329543, "lr": 6.185e-05, "params": 9207, "time_iter": 0.04491, "accuracy": 1.0, "precision": 1.0, "recall": 1.0, "f1": 1.0, "auc": 1.0}
{"epoch": 85, "time_epoch": 0.4961, "eta": 9.19308, "eta_hours": 0.00255, "loss": 0.21255361, "lr": 5.45e-05, "params": 9207, "time_iter": 0.0451, "accuracy": 0.92857, "precision": 0.94737, "recall": 0.9, "f1": 0.92308, "auc": 0.98182}
{"epoch": 86, "time_epoch": 0.50081, "eta": 8.51315, "eta_hours": 0.00236, "loss": 0.03679814, "lr": 4.759e-05, "params": 9207, "time_iter": 0.04553, "accuracy": 1.0, "precision": 1.0, "recall": 1.0, "f1": 1.0, "auc": 1.0}
{"epoch": 87, "time_epoch": 0.49979, "eta": 7.83715, "eta_hours": 0.00218, "loss": 0.12756148, "lr": 4.112e-05, "params": 9207, "time_iter": 0.04544, "accuracy": 0.95238, "precision": 1.0, "recall": 0.9, "f1": 0.94737, "auc": 0.99545}
{"epoch": 88, "time_epoch": 0.49408, "eta": 7.1644, "eta_hours": 0.00199, "loss": 0.22687587, "lr": 3.511e-05, "params": 9207, "time_iter": 0.04492, "accuracy": 0.92857, "precision": 1.0, "recall": 0.85, "f1": 0.91892, "auc": 0.98182}
{"epoch": 89, "time_epoch": 0.493, "eta": 6.4955, "eta_hours": 0.0018, "loss": 0.06434796, "lr": 2.956e-05, "params": 9207, "time_iter": 0.04482, "accuracy": 1.0, "precision": 1.0, "recall": 1.0, "f1": 1.0, "auc": 1.0}
{"epoch": 90, "time_epoch": 0.49765, "eta": 5.83093, "eta_hours": 0.00162, "loss": 0.01996032, "lr": 2.447e-05, "params": 9207, "time_iter": 0.04524, "accuracy": 1.0, "precision": 1.0, "recall": 1.0, "f1": 1.0, "auc": 1.0}
{"epoch": 91, "time_epoch": 0.4957, "eta": 5.16981, "eta_hours": 0.00144, "loss": 0.00799422, "lr": 1.985e-05, "params": 9207, "time_iter": 0.04506, "accuracy": 1.0, "precision": 1.0, "recall": 1.0, "f1": 1.0, "auc": 1.0}
{"epoch": 92, "time_epoch": 0.49554, "eta": 4.51224, "eta_hours": 0.00125, "loss": 0.28571807, "lr": 1.571e-05, "params": 9207, "time_iter": 0.04505, "accuracy": 0.88095, "precision": 0.94118, "recall": 0.8, "f1": 0.86486, "auc": 0.95682}
{"epoch": 93, "time_epoch": 0.50225, "eta": 3.85855, "eta_hours": 0.00107, "loss": 0.13858319, "lr": 1.204e-05, "params": 9207, "time_iter": 0.04566, "accuracy": 0.95238, "precision": 1.0, "recall": 0.9, "f1": 0.94737, "auc": 0.99091}
{"epoch": 94, "time_epoch": 0.4959, "eta": 3.20771, "eta_hours": 0.00089, "loss": 0.07389634, "lr": 8.86e-06, "params": 9207, "time_iter": 0.04508, "accuracy": 0.97619, "precision": 1.0, "recall": 0.95, "f1": 0.97436, "auc": 1.0}
{"epoch": 95, "time_epoch": 0.50042, "eta": 2.56029, "eta_hours": 0.00071, "loss": 0.04965901, "lr": 6.16e-06, "params": 9207, "time_iter": 0.04549, "accuracy": 0.97619, "precision": 0.95238, "recall": 1.0, "f1": 0.97561, "auc": 1.0}
{"epoch": 96, "time_epoch": 0.49284, "eta": 1.91566, "eta_hours": 0.00053, "loss": 0.03633957, "lr": 3.94e-06, "params": 9207, "time_iter": 0.0448, "accuracy": 1.0, "precision": 1.0, "recall": 1.0, "f1": 1.0, "auc": 1.0}
{"epoch": 97, "time_epoch": 0.49489, "eta": 1.27418, "eta_hours": 0.00035, "loss": 0.15863359, "lr": 2.22e-06, "params": 9207, "time_iter": 0.04499, "accuracy": 0.95238, "precision": 0.95, "recall": 0.95, "f1": 0.95, "auc": 0.98636}
{"epoch": 98, "time_epoch": 0.50005, "eta": 0.6357, "eta_hours": 0.00018, "loss": 0.08040044, "lr": 9.9e-07, "params": 9207, "time_iter": 0.04546, "accuracy": 0.95238, "precision": 1.0, "recall": 0.9, "f1": 0.94737, "auc": 1.0}
{"epoch": 99, "time_epoch": 0.49703, "eta": 0.0, "eta_hours": 0.0, "loss": 0.09877553, "lr": 2.5e-07, "params": 9207, "time_iter": 0.04518, "accuracy": 0.97619, "precision": 0.95238, "recall": 1.0, "f1": 0.97561, "auc": 0.99773}
