{"epoch": 0, "time_epoch": 42.56727, "time_epoch_std": 1.11372, "eta": 4214.15972, "eta_std": 110.25857, "eta_hours": 1.1706, "eta_hours_std": 0.03062, "loss": 0.69644, "loss_std": 0.00452, "lr": 0.001, "lr_std": 0.0, "params": 3973.0, "params_std": 0.0, "time_iter": 4.25673, "time_iter_std": 0.11137, "accuracy": 0.51, "accuracy_std": 0.01732, "accuracy_max": 0.52, "precision": 0.39, "precision_std": 0.22517, "recall": 0.75, "recall_std": 0.43301, "f1": 0.51316, "f1_std": 0.29627, "auc": 0.46071, "auc_std": 0.04789}
