{"epoch": 0, "time_epoch": 42.56727, "time_epoch_std": 1.11372, "eta": 4214.15972, "eta_std": 110.25857, "eta_hours": 1.1706, "eta_hours_std": 0.03062, "loss": 0.69644, "loss_std": 0.00452, "lr": 0.001, "lr_std": 0.0, "params": 3973.0, "params_std": 0.0, "time_iter": 4.25673, "time_iter_std": 0.11137, "accuracy": 0.51, "accuracy_std": 0.01732, "accuracy_max": 0.52, "precision": 0.39, "precision_std": 0.22517, "recall": 0.75, "recall_std": 0.43301, "f1": 0.51316, "f1_std": 0.29627, "auc": 0.46071, "auc_std": 0.04789}
{"epoch": 1, "time_epoch": 42.6381, "time_epoch_std": 1.03244, "eta": 4175.0629, "eta_std": 105.05459, "eta_hours": 1.15974, "eta_hours_std": 0.02918, "loss": 0.69427, "loss_std": 0.00276, "lr": 0.001, "lr_std": 0.0, "params": 3973.0, "params_std": 0.0, "time_iter": 4.26381, "time_iter_std": 0.10324, "accuracy": 0.51, "accuracy_std": 0.01732, "accuracy_max": 0.52, "precision": 0.39, "precision_std": 0.22517, "recall": 0.75, "recall_std": 0.43301, "f1": 0.51316, "f1_std": 0.29627, "auc": 0.47249, "auc_std": 0.02708}
{"epoch": 2, "time_epoch": 42.6266, "time_epoch_std": 1.00036, "eta": 4133.23357, "eta_std": 101.60198, "eta_hours": 1.14812, "eta_hours_std": 0.02822, "loss": 0.69348, "loss_std": 0.00133, "lr": 0.001, "lr_std": 0.0, "params": 3973.0, "params_std": 0.0, "time_iter": 4.26266, "time_iter_std": 0.10004, "accuracy": 0.51, "accuracy_std": 0.01732, "accuracy_max": 0.52, "precision": 0.39, "precision_std": 0.22517, "recall": 0.75, "recall_std": 0.43301, "f1": 0.51316, "f1_std": 0.29627, "auc": 0.45168, "auc_std": 0.03972}
{"epoch": 3, "time_epoch": 42.62962, "time_epoch_std": 1.02269, "eta": 4091.07818, "eta_std": 99.94792, "eta_hours": 1.13641, "eta_hours_std": 0.02776, "loss": 0.69298, "loss_std": 0.00071, "lr": 0.001, "lr_std": 0.0, "params": 3973.0, "params_std": 0.0, "time_iter": 4.26296, "time_iter_std": 0.10227, "accuracy": 0.51, "accuracy_std": 0.01732, "accuracy_max": 0.52, "precision": 0.39, "precision_std": 0.22517, "recall": 0.75, "recall_std": 0.43301, "f1": 0.51316, "f1_std": 0.29627, "auc": 0.47837, "auc_std": 0.05508}
{"epoch": 4, "time_epoch": 42.61607, "time_epoch_std": 1.0277, "eta": 4048.4756, "eta_std": 98.64123, "eta_hours": 1.12458, "eta_hours_std": 0.0274, "loss": 0.69272, "loss_std": 0.00049, "lr": 0.001, "lr_std": 0.0, "params": 3973.0, "params_std": 0.0, "time_iter": 4.2616, "time_iter_std": 0.10277, "accuracy": 0.51, "accuracy_std": 0.01732, "accuracy_max": 0.52, "precision": 0.39, "precision_std": 0.22517, "recall": 0.75, "recall_std": 0.43301, "f1": 0.51316, "f1_std": 0.29627, "auc": 0.49543, "auc_std": 0.05701}
{"epoch": 5, "time_epoch": 42.72631, "time_epoch_std": 1.18919, "eta": 4007.59564, "eta_std": 99.85599, "eta_hours": 1.11322, "eta_hours_std": 0.02774, "loss": 0.69269, "loss_std": 0.00047, "lr": 0.00099, "lr_std": 0.0, "params": 3973.0, "params_std": 0.0, "time_iter": 4.27263, "time_iter_std": 0.11892, "accuracy": 0.51333, "accuracy_std": 0.01155, "accuracy_max": 0.52, "precision": 0.52158, "precision_std": 0.00274, "recall": 0.8141, "recall_std": 0.32198, "f1": 0.59936, "f1_std": 0.14696, "auc": 0.45662, "auc_std": 0.04119}
{"epoch": 6, "time_epoch": 42.56772, "time_epoch_std": 0.94349, "eta": 3964.08111, "eta_std": 97.19298, "eta_hours": 1.10113, "eta_hours_std": 0.027, "loss": 0.6928, "loss_std": 0.00021, "lr": 0.00099, "lr_std": 0.0, "params": 3973.0, "params_std": 0.0, "time_iter": 4.25677, "time_iter_std": 0.09435, "accuracy": 0.52, "accuracy_std": 0.0, "accuracy_max": 0.52, "precision": 0.52, "precision_std": 0.0, "recall": 1.0, "recall_std": 0.0, "f1": 0.68421, "f1_std": 0.0, "auc": 0.42294, "auc_std": 0.04511}
{"epoch": 7, "time_epoch": 42.59112, "time_epoch_std": 0.96486, "eta": 3921.07238, "eta_std": 95.20724, "eta_hours": 1.08918, "eta_hours_std": 0.02645, "loss": 0.69259, "loss_std": 0.00015, "lr": 0.00099, "lr_std": 0.0, "params": 3973.0, "params_std": 0.0, "time_iter": 4.25911, "time_iter_std": 0.09649, "accuracy": 0.52, "accuracy_std": 0.0, "accuracy_max": 0.52, "precision": 0.52, "precision_std": 0.0, "recall": 1.0, "recall_std": 0.0, "f1": 0.68421, "f1_std": 0.0, "auc": 0.46459, "auc_std": 0.06852}
{"epoch": 8, "time_epoch": 42.57903, "time_epoch_std": 0.92809, "eta": 3878.03425, "eta_std": 93.0498, "eta_hours": 1.07723, "eta_hours_std": 0.02585, "loss": 0.69268, "loss_std": 0.00016, "lr": 0.00098, "lr_std": 0.0, "params": 3973.0, "params_std": 0.0, "time_iter": 4.2579, "time_iter_std": 0.09281, "accuracy": 0.52, "accuracy_std": 0.0, "accuracy_max": 0.52, "precision": 0.52, "precision_std": 0.0, "recall": 1.0, "recall_std": 0.0, "f1": 0.68421, "f1_std": 0.0, "auc": 0.44807, "auc_std": 0.05263}
{"epoch": 9, "time_epoch": 42.5769, "time_epoch_std": 0.9743, "eta": 3835.06876, "eta_std": 91.58054, "eta_hours": 1.0653, "eta_hours_std": 0.02544, "loss": 0.69247, "loss_std": 0.0001, "lr": 0.00098, "lr_std": 0.0, "params": 3973.0, "params_std": 0.0, "time_iter": 4.25769, "time_iter_std": 0.09743, "accuracy": 0.52, "accuracy_std": 0.0, "accuracy_max": 0.52, "precision": 0.52, "precision_std": 0.0, "recall": 1.0, "recall_std": 0.0, "f1": 0.68421, "f1_std": 0.0, "auc": 0.4874, "auc_std": 0.04322}
{"epoch": 10, "time_epoch": 42.56936, "time_epoch_std": 0.97698, "eta": 3792.11288, "eta_std": 90.20971, "eta_hours": 1.05336, "eta_hours_std": 0.02506, "loss": 0.69282, "loss_std": 0.00028, "lr": 0.00098, "lr_std": 0.0, "params": 3973.0, "params_std": 0.0, "time_iter": 4.25694, "time_iter_std": 0.0977, "accuracy": 0.52, "accuracy_std": 0.0, "accuracy_max": 0.52, "precision": 0.52, "precision_std": 0.0, "recall": 1.0, "recall_std": 0.0, "f1": 0.68421, "f1_std": 0.0, "auc": 0.44834, "auc_std": 0.06372}
{"epoch": 11, "time_epoch": 42.54053, "time_epoch_std": 0.94705, "eta": 3749.01, "eta_std": 88.69491, "eta_hours": 1.04139, "eta_hours_std": 0.02464, "loss": 0.69252, "loss_std": 5e-05, "lr": 0.00097, "lr_std": 0.0, "params": 3973.0, "params_std": 0.0, "time_iter": 4.25405, "time_iter_std": 0.09471, "accuracy": 0.52, "accuracy_std": 0.0, "accuracy_max": 0.52, "precision": 0.52, "precision_std": 0.0, "recall": 1.0, "recall_std": 0.0, "f1": 0.68421, "f1_std": 0.0, "auc": 0.44398, "auc_std": 0.03834}
{"epoch": 12, "time_epoch": 42.55863, "time_epoch_std": 0.98837, "eta": 3706.11479, "eta_std": 87.54169, "eta_hours": 1.02947, "eta_hours_std": 0.02432, "loss": 0.69256, "loss_std": 0.00018, "lr": 0.00096, "lr_std": 0.0, "params": 3973.0, "params_std": 0.0, "time_iter": 4.25586, "time_iter_std": 0.09884, "accuracy": 0.52, "accuracy_std": 0.0, "accuracy_max": 0.52, "precision": 0.52, "precision_std": 0.0, "recall": 1.0, "recall_std": 0.0, "f1": 0.68421, "f1_std": 0.0, "auc": 0.44464, "auc_std": 0.05759}
{"epoch": 13, "time_epoch": 42.57281, "time_epoch_std": 0.98887, "eta": 3663.35478, "eta_std": 86.4271, "eta_hours": 1.0176, "eta_hours_std": 0.02401, "loss": 0.69262, "loss_std": 0.00019, "lr": 0.00096, "lr_std": 0.0, "params": 3973.0, "params_std": 0.0, "time_iter": 4.25728, "time_iter_std": 0.09889, "accuracy": 0.52, "accuracy_std": 0.0, "accuracy_max": 0.52, "precision": 0.52, "precision_std": 0.0, "recall": 1.0, "recall_std": 0.0, "f1": 0.68421, "f1_std": 0.0, "auc": 0.45782, "auc_std": 0.04611}
{"epoch": 14, "time_epoch": 42.55479, "time_epoch_std": 0.97588, "eta": 3620.5176, "eta_std": 85.25177, "eta_hours": 1.0057, "eta_hours_std": 0.02368, "loss": 0.69258, "loss_std": 7e-05, "lr": 0.00095, "lr_std": 0.0, "params": 3973.0, "params_std": 0.0, "time_iter": 4.25548, "time_iter_std": 0.09759, "accuracy": 0.52, "accuracy_std": 0.0, "accuracy_max": 0.52, "precision": 0.52, "precision_std": 0.0, "recall": 1.0, "recall_std": 0.0, "f1": 0.68421, "f1_std": 0.0, "auc": 0.42666, "auc_std": 0.02413}
{"epoch": 15, "time_epoch": 42.62118, "time_epoch_std": 1.02859, "eta": 3578.06429, "eta_std": 84.31228, "eta_hours": 0.99391, "eta_hours_std": 0.02342, "loss": 0.69245, "loss_std": 8e-05, "lr": 0.00095, "lr_std": 0.0, "params": 3973.0, "params_std": 0.0, "time_iter": 4.26212, "time_iter_std": 0.10286, "accuracy": 0.52, "accuracy_std": 0.0, "accuracy_max": 0.52, "precision": 0.52, "precision_std": 0.0, "recall": 1.0, "recall_std": 0.0, "f1": 0.68421, "f1_std": 0.0, "auc": 0.4615, "auc_std": 0.02995}
{"epoch": 16, "time_epoch": 42.56897, "time_epoch_std": 0.98479, "eta": 3535.33629, "eta_std": 83.21431, "eta_hours": 0.98204, "eta_hours_std": 0.02312, "loss": 0.69251, "loss_std": 0.00012, "lr": 0.00094, "lr_std": 0.0, "params": 3973.0, "params_std": 0.0, "time_iter": 4.2569, "time_iter_std": 0.09848, "accuracy": 0.52, "accuracy_std": 0.0, "accuracy_max": 0.52, "precision": 0.52, "precision_std": 0.0, "recall": 1.0, "recall_std": 0.0, "f1": 0.68421, "f1_std": 0.0, "auc": 0.4273, "auc_std": 0.01176}
{"epoch": 17, "time_epoch": 42.5762, "time_epoch_std": 0.97397, "eta": 3492.65891, "eta_std": 82.06865, "eta_hours": 0.97019, "eta_hours_std": 0.0228, "loss": 0.69253, "loss_std": 0.00014, "lr": 0.00093, "lr_std": 0.0, "params": 3973.0, "params_std": 0.0, "time_iter": 4.25762, "time_iter_std": 0.0974, "accuracy": 0.52, "accuracy_std": 0.0, "accuracy_max": 0.52, "precision": 0.52, "precision_std": 0.0, "recall": 1.0, "recall_std": 0.0, "f1": 0.68421, "f1_std": 0.0, "auc": 0.47469, "auc_std": 0.03005}
{"epoch": 18, "time_epoch": 42.5975, "time_epoch_std": 0.9839, "eta": 3450.08298, "eta_std": 80.98274, "eta_hours": 0.95836, "eta_hours_std": 0.0225, "loss": 0.69259, "loss_std": 0.00014, "lr": 0.00092, "lr_std": 0.0, "params": 3973.0, "params_std": 0.0, "time_iter": 4.25975, "time_iter_std": 0.09839, "accuracy": 0.52, "accuracy_std": 0.0, "accuracy_max": 0.52, "precision": 0.52, "precision_std": 0.0, "recall": 1.0, "recall_std": 0.0, "f1": 0.68421, "f1_std": 0.0, "auc": 0.4115, "auc_std": 0.0244}
{"epoch": 19, "time_epoch": 42.59854, "time_epoch_std": 1.03179, "eta": 3407.50905, "eta_std": 80.11078, "eta_hours": 0.94653, "eta_hours_std": 0.02225, "loss": 0.69257, "loss_std": 0.00017, "lr": 0.00091, "lr_std": 0.0, "params": 3973.0, "params_std": 0.0, "time_iter": 4.25985, "time_iter_std": 0.10318, "accuracy": 0.52, "accuracy_std": 0.0, "accuracy_max": 0.52, "precision": 0.52, "precision_std": 0.0, "recall": 1.0, "recall_std": 0.0, "f1": 0.68421, "f1_std": 0.0, "auc": 0.43576, "auc_std": 0.02036}
{"epoch": 20, "time_epoch": 42.57171, "time_epoch_std": 0.98574, "eta": 3364.83185, "eta_std": 79.04811, "eta_hours": 0.93468, "eta_hours_std": 0.02196, "loss": 0.69257, "loss_std": 8e-05, "lr": 0.0009, "lr_std": 0.0, "params": 3973.0, "params_std": 0.0, "time_iter": 4.25717, "time_iter_std": 0.09857, "accuracy": 0.52, "accuracy_std": 0.0, "accuracy_max": 0.52, "precision": 0.52, "precision_std": 0.0, "recall": 1.0, "recall_std": 0.0, "f1": 0.68421, "f1_std": 0.0, "auc": 0.43053, "auc_std": 0.02143}
{"epoch": 21, "time_epoch": 42.70852, "time_epoch_std": 1.01255, "eta": 3322.64929, "eta_std": 77.97086, "eta_hours": 0.92296, "eta_hours_std": 0.02166, "loss": 0.6927, "loss_std": 0.00032, "lr": 0.0009, "lr_std": 0.0, "params": 3973.0, "params_std": 0.0, "time_iter": 4.27085, "time_iter_std": 0.10125, "accuracy": 0.52, "accuracy_std": 0.0, "accuracy_max": 0.52, "precision": 0.52, "precision_std": 0.0, "recall": 1.0, "recall_std": 0.0, "f1": 0.68421, "f1_std": 0.0, "auc": 0.45321, "auc_std": 0.03897}
{"epoch": 22, "time_epoch": 42.55664, "time_epoch_std": 0.96056, "eta": 3279.91255, "eta_std": 76.83957, "eta_hours": 0.91108, "eta_hours_std": 0.02134, "loss": 0.69244, "loss_std": 7e-05, "lr": 0.00089, "lr_std": 0.0, "params": 3973.0, "params_std": 0.0, "time_iter": 4.25567, "time_iter_std": 0.09606, "accuracy": 0.52, "accuracy_std": 0.0, "accuracy_max": 0.52, "precision": 0.52, "precision_std": 0.0, "recall": 1.0, "recall_std": 0.0, "f1": 0.68421, "f1_std": 0.0, "auc": 0.4596, "auc_std": 0.05023}
{"epoch": 23, "time_epoch": 42.57029, "time_epoch_std": 0.95537, "eta": 3237.23401, "eta_std": 75.70612, "eta_hours": 0.89923, "eta_hours_std": 0.02103, "loss": 0.69252, "loss_std": 6e-05, "lr": 0.00088, "lr_std": 0.0, "params": 3973.0, "params_std": 0.0, "time_iter": 4.25703, "time_iter_std": 0.09554, "accuracy": 0.52, "accuracy_std": 0.0, "accuracy_max": 0.52, "precision": 0.52, "precision_std": 0.0, "recall": 1.0, "recall_std": 0.0, "f1": 0.68421, "f1_std": 0.0, "auc": 0.42755, "auc_std": 0.04063}
{"epoch": 24, "time_epoch": 42.80659, "time_epoch_std": 1.29173, "eta": 3195.27305, "eta_std": 75.52306, "eta_hours": 0.88758, "eta_hours_std": 0.02098, "loss": 0.6925, "loss_std": 7e-05, "lr": 0.00086, "lr_std": 0.0, "params": 3973.0, "params_std": 0.0, "time_iter": 4.28066, "time_iter_std": 0.12917, "accuracy": 0.52, "accuracy_std": 0.0, "accuracy_max": 0.52, "precision": 0.52, "precision_std": 0.0, "recall": 1.0, "recall_std": 0.0, "f1": 0.68421, "f1_std": 0.0, "auc": 0.4527, "auc_std": 0.02671}
{"epoch": 25, "time_epoch": 42.82601, "time_epoch_std": 1.27661, "eta": 3153.3023, "eta_std": 75.23939, "eta_hours": 0.87592, "eta_hours_std": 0.0209, "loss": 0.6927, "loss_std": 0.00018, "lr": 0.00085, "lr_std": 0.0, "params": 3973.0, "params_std": 0.0, "time_iter": 4.2826, "time_iter_std": 0.12766, "accuracy": 0.52, "accuracy_std": 0.0, "accuracy_max": 0.52, "precision": 0.52, "precision_std": 0.0, "recall": 1.0, "recall_std": 0.0, "f1": 0.68421, "f1_std": 0.0, "auc": 0.4162, "auc_std": 0.05103}
{"epoch": 26, "time_epoch": 42.81287, "time_epoch_std": 1.27235, "eta": 3111.23269, "eta_std": 74.8753, "eta_hours": 0.86423, "eta_hours_std": 0.0208, "loss": 0.69251, "loss_std": 9e-05, "lr": 0.00084, "lr_std": 0.0, "params": 3973.0, "params_std": 0.0, "time_iter": 4.28129, "time_iter_std": 0.12723, "accuracy": 0.52, "accuracy_std": 0.0, "accuracy_max": 0.52, "precision": 0.52, "precision_std": 0.0, "recall": 1.0, "recall_std": 0.0, "f1": 0.68421, "f1_std": 0.0, "auc": 0.42225, "auc_std": 0.03796}
{"epoch": 27, "time_epoch": 42.58068, "time_epoch_std": 1.01793, "eta": 3068.51292, "eta_std": 73.8202, "eta_hours": 0.85236, "eta_hours_std": 0.02051, "loss": 0.69255, "loss_std": 0.00014, "lr": 0.00083, "lr_std": 0.0, "params": 3973.0, "params_std": 0.0, "time_iter": 4.25807, "time_iter_std": 0.10179, "accuracy": 0.52, "accuracy_std": 0.0, "accuracy_max": 0.52, "precision": 0.52, "precision_std": 0.0, "recall": 1.0, "recall_std": 0.0, "f1": 0.68421, "f1_std": 0.0, "auc": 0.4093, "auc_std": 0.0718}
{"epoch": 28, "time_epoch": 42.58613, "time_epoch_std": 1.00408, "eta": 3025.81608, "eta_std": 72.73944, "eta_hours": 0.8405, "eta_hours_std": 0.0202, "loss": 0.69255, "loss_std": 0.00021, "lr": 0.00082, "lr_std": 0.0, "params": 3973.0, "params_std": 0.0, "time_iter": 4.25861, "time_iter_std": 0.10041, "accuracy": 0.52, "accuracy_std": 0.0, "accuracy_max": 0.52, "precision": 0.52, "precision_std": 0.0, "recall": 1.0, "recall_std": 0.0, "f1": 0.68421, "f1_std": 0.0, "auc": 0.46884, "auc_std": 0.04258}
{"epoch": 29, "time_epoch": 43.43328, "time_epoch_std": 2.25274, "eta": 2985.10332, "eta_std": 74.13706, "eta_hours": 0.8292, "eta_hours_std": 0.02059, "loss": 0.69246, "loss_std": 0.00011, "lr": 0.00081, "lr_std": 0.0, "params": 3973.0, "params_std": 0.0, "time_iter": 4.34333, "time_iter_std": 0.22528, "accuracy": 0.52, "accuracy_std": 0.0, "accuracy_max": 0.52, "precision": 0.52, "precision_std": 0.0, "recall": 1.0, "recall_std": 0.0, "f1": 0.68421, "f1_std": 0.0, "auc": 0.47968, "auc_std": 0.03922}
{"epoch": 30, "time_epoch": 42.77823, "time_epoch_std": 1.317, "eta": 2942.75701, "eta_std": 73.62696, "eta_hours": 0.81743, "eta_hours_std": 0.02045, "loss": 0.69247, "loss_std": 9e-05, "lr": 0.00079, "lr_std": 0.0, "params": 3973.0, "params_std": 0.0, "time_iter": 4.27782, "time_iter_std": 0.1317, "accuracy": 0.52, "accuracy_std": 0.0, "accuracy_max": 0.52, "precision": 0.52, "precision_std": 0.0, "recall": 1.0, "recall_std": 0.0, "f1": 0.68421, "f1_std": 0.0, "auc": 0.43325, "auc_std": 0.03662}
{"epoch": 31, "time_epoch": 42.8116, "time_epoch_std": 1.26963, "eta": 2900.45461, "eta_std": 72.95831, "eta_hours": 0.80568, "eta_hours_std": 0.02027, "loss": 0.69244, "loss_std": 6e-05, "lr": 0.00078, "lr_std": 0.0, "params": 3973.0, "params_std": 0.0, "time_iter": 4.28116, "time_iter_std": 0.12696, "accuracy": 0.52, "accuracy_std": 0.0, "accuracy_max": 0.52, "precision": 0.52, "precision_std": 0.0, "recall": 1.0, "recall_std": 0.0, "f1": 0.68421, "f1_std": 0.0, "auc": 0.43759, "auc_std": 0.04353}
{"epoch": 32, "time_epoch": 43.54978, "time_epoch_std": 2.39539, "eta": 2859.62008, "eta_std": 74.15764, "eta_hours": 0.79434, "eta_hours_std": 0.0206, "loss": 0.69242, "loss_std": 6e-05, "lr": 0.00077, "lr_std": 0.0, "params": 3973.0, "params_std": 0.0, "time_iter": 4.35498, "time_iter_std": 0.23954, "accuracy": 0.52, "accuracy_std": 0.0, "accuracy_max": 0.52, "precision": 0.52, "precision_std": 0.0, "recall": 1.0, "recall_std": 0.0, "f1": 0.68421, "f1_std": 0.0, "auc": 0.45816, "auc_std": 0.03797}
{"epoch": 33, "time_epoch": 42.8065, "time_epoch_std": 1.23918, "eta": 2817.18301, "eta_std": 73.29157, "eta_hours": 0.78255, "eta_hours_std": 0.02036, "loss": 0.69266, "loss_std": 0.00018, "lr": 0.00075, "lr_std": 0.0, "params": 3973.0, "params_std": 0.0, "time_iter": 4.28065, "time_iter_std": 0.12392, "accuracy": 0.52, "accuracy_std": 0.0, "accuracy_max": 0.52, "precision": 0.52, "precision_std": 0.0, "recall": 1.0, "recall_std": 0.0, "f1": 0.68421, "f1_std": 0.0, "auc": 0.40401, "auc_std": 0.02826}
{"epoch": 34, "time_epoch": 42.80929, "time_epoch_std": 1.25757, "eta": 2774.73001, "eta_std": 72.43849, "eta_hours": 0.77076, "eta_hours_std": 0.02012, "loss": 0.69251, "loss_std": 5e-05, "lr": 0.00074, "lr_std": 0.0, "params": 3973.0, "params_std": 0.0, "time_iter": 4.28093, "time_iter_std": 0.12576, "accuracy": 0.52, "accuracy_std": 0.0, "accuracy_max": 0.52, "precision": 0.52, "precision_std": 0.0, "recall": 1.0, "recall_std": 0.0, "f1": 0.68421, "f1_std": 0.0, "auc": 0.44041, "auc_std": 0.02195}
{"epoch": 35, "time_epoch": 42.84034, "time_epoch_std": 1.26082, "eta": 2732.31241, "eta_std": 71.57177, "eta_hours": 0.75898, "eta_hours_std": 0.01988, "loss": 0.69245, "loss_std": 8e-05, "lr": 0.00073, "lr_std": 0.0, "params": 3973.0, "params_std": 0.0, "time_iter": 4.28403, "time_iter_std": 0.12608, "accuracy": 0.52, "accuracy_std": 0.0, "accuracy_max": 0.52, "precision": 0.52, "precision_std": 0.0, "recall": 1.0, "recall_std": 0.0, "f1": 0.68421, "f1_std": 0.0, "auc": 0.46697, "auc_std": 0.04086}
{"epoch": 36, "time_epoch": 42.84308, "time_epoch_std": 1.29131, "eta": 2689.87662, "eta_std": 70.7373, "eta_hours": 0.74719, "eta_hours_std": 0.01965, "loss": 0.69244, "loss_std": 8e-05, "lr": 0.00071, "lr_std": 0.0, "params": 3973.0, "params_std": 0.0, "time_iter": 4.28431, "time_iter_std": 0.12913, "accuracy": 0.52, "accuracy_std": 0.0, "accuracy_max": 0.52, "precision": 0.52, "precision_std": 0.0, "recall": 1.0, "recall_std": 0.0, "f1": 0.68421, "f1_std": 0.0, "auc": 0.4531, "auc_std": 0.03091}
{"epoch": 37, "time_epoch": 42.8466, "time_epoch_std": 1.26658, "eta": 2647.42515, "eta_std": 69.83986, "eta_hours": 0.7354, "eta_hours_std": 0.0194, "loss": 0.69256, "loss_std": 0.00022, "lr": 0.0007, "lr_std": 0.0, "params": 3973.0, "params_std": 0.0, "time_iter": 4.28466, "time_iter_std": 0.12666, "accuracy": 0.52, "accuracy_std": 0.0, "accuracy_max": 0.52, "precision": 0.52, "precision_std": 0.0, "recall": 1.0, "recall_std": 0.0, "f1": 0.68421, "f1_std": 0.0, "auc": 0.4213, "auc_std": 0.03651}
{"epoch": 38, "time_epoch": 42.83363, "time_epoch_std": 1.26404, "eta": 2604.93312, "eta_std": 68.92049, "eta_hours": 0.72359, "eta_hours_std": 0.01914, "loss": 0.69251, "loss_std": 4e-05, "lr": 0.00068, "lr_std": 0.0, "params": 3973.0, "params_std": 0.0, "time_iter": 4.28336, "time_iter_std": 0.1264, "accuracy": 0.52, "accuracy_std": 0.0, "accuracy_max": 0.52, "precision": 0.52, "precision_std": 0.0, "recall": 1.0, "recall_std": 0.0, "f1": 0.68421, "f1_std": 0.0, "auc": 0.41531, "auc_std": 0.02292}
{"epoch": 39, "time_epoch": 43.40816, "time_epoch_std": 2.1538, "eta": 2563.2858, "eta_std": 69.14018, "eta_hours": 0.71202, "eta_hours_std": 0.01921, "loss": 0.69245, "loss_std": 6e-05, "lr": 0.00067, "lr_std": 0.0, "params": 3973.0, "params_std": 0.0, "time_iter": 4.34082, "time_iter_std": 0.21538, "accuracy": 0.52, "accuracy_std": 0.0, "accuracy_max": 0.52, "precision": 0.52, "precision_std": 0.0, "recall": 1.0, "recall_std": 0.0, "f1": 0.68421, "f1_std": 0.0, "auc": 0.46635, "auc_std": 0.02074}
{"epoch": 40, "time_epoch": 42.63353, "time_epoch_std": 0.94611, "eta": 2520.43788, "eta_std": 67.67703, "eta_hours": 0.70012, "eta_hours_std": 0.0188, "loss": 0.6924, "loss_std": 1e-05, "lr": 0.00065, "lr_std": 0.0, "params": 3973.0, "params_std": 0.0, "time_iter": 4.26335, "time_iter_std": 0.09461, "accuracy": 0.52, "accuracy_std": 0.0, "accuracy_max": 0.52, "precision": 0.52, "precision_std": 0.0, "recall": 1.0, "recall_std": 0.0, "f1": 0.68421, "f1_std": 0.0, "auc": 0.457, "auc_std": 0.03392}
{"epoch": 41, "time_epoch": 42.60401, "time_epoch_std": 0.97486, "eta": 2477.5594, "eta_std": 66.28496, "eta_hours": 0.68821, "eta_hours_std": 0.01841, "loss": 0.69246, "loss_std": 4e-05, "lr": 0.00064, "lr_std": 0.0, "params": 3973.0, "params_std": 0.0, "time_iter": 4.2604, "time_iter_std": 0.09748, "accuracy": 0.52, "accuracy_std": 0.0, "accuracy_max": 0.52, "precision": 0.52, "precision_std": 0.0, "recall": 1.0, "recall_std": 0.0, "f1": 0.68421, "f1_std": 0.0, "auc": 0.45119, "auc_std": 0.007}
{"epoch": 42, "time_epoch": 42.6228, "time_epoch_std": 0.98561, "eta": 2434.71859, "eta_std": 64.92178, "eta_hours": 0.67631, "eta_hours_std": 0.01803, "loss": 0.69242, "loss_std": 6e-05, "lr": 0.00062, "lr_std": 0.0, "params": 3973.0, "params_std": 0.0, "time_iter": 4.26228, "time_iter_std": 0.09856, "accuracy": 0.52, "accuracy_std": 0.0, "accuracy_max": 0.52, "precision": 0.52, "precision_std": 0.0, "recall": 1.0, "recall_std": 0.0, "f1": 0.68421, "f1_std": 0.0, "auc": 0.46968, "auc_std": 0.04578}
{"epoch": 43, "time_epoch": 46.0627, "time_epoch_std": 6.74556, "eta": 2396.26575, "eta_std": 69.74032, "eta_hours": 0.66563, "eta_hours_std": 0.01937, "loss": 0.69241, "loss_std": 5e-05, "lr": 0.00061, "lr_std": 0.0, "params": 3973.0, "params_std": 0.0, "time_iter": 4.60627, "time_iter_std": 0.67456, "accuracy": 0.52, "accuracy_std": 0.0, "accuracy_max": 0.52, "precision": 0.52, "precision_std": 0.0, "recall": 1.0, "recall_std": 0.0, "f1": 0.68421, "f1_std": 0.0, "auc": 0.46483, "auc_std": 0.04052}
{"epoch": 44, "time_epoch": 42.66871, "time_epoch_std": 1.07395, "eta": 2353.32648, "eta_std": 68.27823, "eta_hours": 0.6537, "eta_hours_std": 0.01896, "loss": 0.69238, "loss_std": 1e-05, "lr": 0.00059, "lr_std": 0.0, "params": 3973.0, "params_std": 0.0, "time_iter": 4.26687, "time_iter_std": 0.10739, "accuracy": 0.52, "accuracy_std": 0.0, "accuracy_max": 0.52, "precision": 0.52, "precision_std": 0.0, "recall": 1.0, "recall_std": 0.0, "f1": 0.68421, "f1_std": 0.0, "auc": 0.47291, "auc_std": 0.0346}
{"epoch": 45, "time_epoch": 42.58054, "time_epoch_std": 1.01407, "eta": 2310.29548, "eta_std": 66.74808, "eta_hours": 0.64175, "eta_hours_std": 0.01854, "loss": 0.69243, "loss_std": 6e-05, "lr": 0.00058, "lr_std": 0.0, "params": 3973.0, "params_std": 0.0, "time_iter": 4.25806, "time_iter_std": 0.10141, "accuracy": 0.52, "accuracy_std": 0.0, "accuracy_max": 0.52, "precision": 0.52, "precision_std": 0.0, "recall": 1.0, "recall_std": 0.0, "f1": 0.68421, "f1_std": 0.0, "auc": 0.44618, "auc_std": 0.03617}
{"epoch": 46, "time_epoch": 42.59042, "time_epoch_std": 0.98124, "eta": 2267.29478, "eta_std": 65.20864, "eta_hours": 0.6298, "eta_hours_std": 0.01812, "loss": 0.69244, "loss_std": 5e-05, "lr": 0.00056, "lr_std": 0.0, "params": 3973.0, "params_std": 0.0, "time_iter": 4.25904, "time_iter_std": 0.09813, "accuracy": 0.52, "accuracy_std": 0.0, "accuracy_max": 0.52, "precision": 0.52, "precision_std": 0.0, "recall": 1.0, "recall_std": 0.0, "f1": 0.68421, "f1_std": 0.0, "auc": 0.42185, "auc_std": 0.03649}
{"epoch": 47, "time_epoch": 42.90802, "time_epoch_std": 1.07663, "eta": 2224.65524, "eta_std": 63.70156, "eta_hours": 0.61796, "eta_hours_std": 0.01769, "loss": 0.69243, "loss_std": 5e-05, "lr": 0.00055, "lr_std": 0.0, "params": 3973.0, "params_std": 0.0, "time_iter": 4.2908, "time_iter_std": 0.10766, "accuracy": 0.52, "accuracy_std": 0.0, "accuracy_max": 0.52, "precision": 0.52, "precision_std": 0.0, "recall": 1.0, "recall_std": 0.0, "f1": 0.68421, "f1_std": 0.0, "auc": 0.42125, "auc_std": 0.0454}
{"epoch": 48, "time_epoch": 42.59301, "time_epoch_std": 0.99122, "eta": 2181.67688, "eta_std": 62.21598, "eta_hours": 0.60602, "eta_hours_std": 0.01728, "loss": 0.69245, "loss_std": 8e-05, "lr": 0.00053, "lr_std": 0.0, "params": 3973.0, "params_std": 0.0, "time_iter": 4.2593, "time_iter_std": 0.09912, "accuracy": 0.52, "accuracy_std": 0.0, "accuracy_max": 0.52, "precision": 0.52, "precision_std": 0.0, "recall": 1.0, "recall_std": 0.0, "f1": 0.68421, "f1_std": 0.0, "auc": 0.42993, "auc_std": 0.02355}
{"epoch": 49, "time_epoch": 42.6152, "time_epoch_std": 1.00368, "eta": 2138.73612, "eta_std": 60.76624, "eta_hours": 0.5941, "eta_hours_std": 0.01688, "loss": 0.69242, "loss_std": 3e-05, "lr": 0.00052, "lr_std": 0.0, "params": 3973.0, "params_std": 0.0, "time_iter": 4.26152, "time_iter_std": 0.10037, "accuracy": 0.52, "accuracy_std": 0.0, "accuracy_max": 0.52, "precision": 0.52, "precision_std": 0.0, "recall": 1.0, "recall_std": 0.0, "f1": 0.68421, "f1_std": 0.0, "auc": 0.43639, "auc_std": 0.03683}
{"epoch": 50, "time_epoch": 42.62012, "time_epoch_std": 1.00277, "eta": 2095.81287, "eta_std": 59.33521, "eta_hours": 0.58217, "eta_hours_std": 0.01648, "loss": 0.69241, "loss_std": 3e-05, "lr": 0.0005, "lr_std": 0.0, "params": 3973.0, "params_std": 0.0, "time_iter": 4.26201, "time_iter_std": 0.10027, "accuracy": 0.52, "accuracy_std": 0.0, "accuracy_max": 0.52, "precision": 0.52, "precision_std": 0.0, "recall": 1.0, "recall_std": 0.0, "f1": 0.68421, "f1_std": 0.0, "auc": 0.42969, "auc_std": 0.03449}
{"epoch": 51, "time_epoch": 42.59293, "time_epoch_std": 0.99488, "eta": 2052.87616, "eta_std": 57.91161, "eta_hours": 0.57025, "eta_hours_std": 0.01608, "loss": 0.69252, "loss_std": 6e-05, "lr": 0.00048, "lr_std": 0.0, "params": 3973.0, "params_std": 0.0, "time_iter": 4.25929, "time_iter_std": 0.09949, "accuracy": 0.52, "accuracy_std": 0.0, "accuracy_max": 0.52, "precision": 0.52, "precision_std": 0.0, "recall": 1.0, "recall_std": 0.0, "f1": 0.68421, "f1_std": 0.0, "auc": 0.39641, "auc_std": 0.03036}
{"epoch": 52, "time_epoch": 42.60066, "time_epoch_std": 0.99023, "eta": 2009.95929, "eta_std": 56.50327, "eta_hours": 0.55832, "eta_hours_std": 0.0157, "loss": 0.69244, "loss_std": 6e-05, "lr": 0.00047, "lr_std": 0.0, "params": 3973.0, "params_std": 0.0, "time_iter": 4.26007, "time_iter_std": 0.09903, "accuracy": 0.52, "accuracy_std": 0.0, "accuracy_max": 0.52, "precision": 0.52, "precision_std": 0.0, "recall": 1.0, "recall_std": 0.0, "f1": 0.68421, "f1_std": 0.0, "auc": 0.44066, "auc_std": 0.03328}
{"epoch": 53, "time_epoch": 42.5976, "time_epoch_std": 0.99909, "eta": 1967.05152, "eta_std": 55.11591, "eta_hours": 0.5464, "eta_hours_std": 0.01531, "loss": 0.69243, "loss_std": 5e-05, "lr": 0.00045, "lr_std": 0.0, "params": 3973.0, "params_std": 0.0, "time_iter": 4.25976, "time_iter_std": 0.09991, "accuracy": 0.52, "accuracy_std": 0.0, "accuracy_max": 0.52, "precision": 0.52, "precision_std": 0.0, "recall": 1.0, "recall_std": 0.0, "f1": 0.68421, "f1_std": 0.0, "auc": 0.43975, "auc_std": 0.02751}
{"epoch": 54, "time_epoch": 42.58872, "time_epoch_std": 0.99264, "eta": 1924.14777, "eta_std": 53.7391, "eta_hours": 0.53449, "eta_hours_std": 0.01493, "loss": 0.69241, "loss_std": 4e-05, "lr": 0.00044, "lr_std": 0.0, "params": 3973.0, "params_std": 0.0, "time_iter": 4.25887, "time_iter_std": 0.09927, "accuracy": 0.52, "accuracy_std": 0.0, "accuracy_max": 0.52, "precision": 0.52, "precision_std": 0.0, "recall": 1.0, "recall_std": 0.0, "f1": 0.68421, "f1_std": 0.0, "auc": 0.45689, "auc_std": 0.03632}
{"epoch": 55, "time_epoch": 42.61378, "time_epoch_std": 0.9972, "eta": 1881.27496, "eta_std": 52.3804, "eta_hours": 0.52258, "eta_hours_std": 0.01455, "loss": 0.69239, "loss_std": 4e-05, "lr": 0.00042, "lr_std": 0.0, "params": 3973.0, "params_std": 0.0, "time_iter": 4.26138, "time_iter_std": 0.09972, "accuracy": 0.52, "accuracy_std": 0.0, "accuracy_max": 0.52, "precision": 0.52, "precision_std": 0.0, "recall": 1.0, "recall_std": 0.0, "f1": 0.68421, "f1_std": 0.0, "auc": 0.46378, "auc_std": 0.03118}
{"epoch": 56, "time_epoch": 42.62021, "time_epoch_std": 0.99509, "eta": 1838.41608, "eta_std": 51.03188, "eta_hours": 0.51067, "eta_hours_std": 0.01418, "loss": 0.69246, "loss_std": 9e-05, "lr": 0.00041, "lr_std": 0.0, "params": 3973.0, "params_std": 0.0, "time_iter": 4.26202, "time_iter_std": 0.09951, "accuracy": 0.52, "accuracy_std": 0.0, "accuracy_max": 0.52, "precision": 0.52, "precision_std": 0.0, "recall": 1.0, "recall_std": 0.0, "f1": 0.68421, "f1_std": 0.0, "auc": 0.41293, "auc_std": 0.04711}
{"epoch": 57, "time_epoch": 42.63378, "time_epoch_std": 0.97018, "eta": 1795.57526, "eta_std": 49.679, "eta_hours": 0.49877, "eta_hours_std": 0.0138, "loss": 0.69252, "loss_std": 0.0002, "lr": 0.00039, "lr_std": 0.0, "params": 3973.0, "params_std": 0.0, "time_iter": 4.26338, "time_iter_std": 0.09702, "accuracy": 0.52, "accuracy_std": 0.0, "accuracy_max": 0.52, "precision": 0.52, "precision_std": 0.0, "recall": 1.0, "recall_std": 0.0, "f1": 0.68421, "f1_std": 0.0, "auc": 0.41747, "auc_std": 0.02631}
{"epoch": 58, "time_epoch": 42.62824, "time_epoch_std": 0.98634, "eta": 1752.73761, "eta_std": 48.35085, "eta_hours": 0.48687, "eta_hours_std": 0.01343, "loss": 0.69236, "loss_std": 3e-05, "lr": 0.00038, "lr_std": 0.0, "params": 3973.0, "params_std": 0.0, "time_iter": 4.26283, "time_iter_std": 0.09863, "accuracy": 0.52, "accuracy_std": 0.0, "accuracy_max": 0.52, "precision": 0.52, "precision_std": 0.0, "recall": 1.0, "recall_std": 0.0, "f1": 0.68421, "f1_std": 0.0, "auc": 0.47616, "auc_std": 0.03544}
{"epoch": 59, "time_epoch": 42.63599, "time_epoch_std": 0.97208, "eta": 1709.9121, "eta_std": 47.02506, "eta_hours": 0.47498, "eta_hours_std": 0.01306, "loss": 0.69239, "loss_std": 3e-05, "lr": 0.00036, "lr_std": 0.0, "params": 3973.0, "params_std": 0.0, "time_iter": 4.2636, "time_iter_std": 0.09721, "accuracy": 0.52, "accuracy_std": 0.0, "accuracy_max": 0.52, "precision": 0.52, "precision_std": 0.0, "recall": 1.0, "recall_std": 0.0, "f1": 0.68421, "f1_std": 0.0, "auc": 0.44692, "auc_std": 0.00906}
{"epoch": 60, "time_epoch": 42.6179, "time_epoch_std": 0.97641, "eta": 1667.08126, "eta_std": 45.71388, "eta_hours": 0.46308, "eta_hours_std": 0.0127, "loss": 0.69241, "loss_std": 3e-05, "lr": 0.00035, "lr_std": 0.0, "params": 3973.0, "params_std": 0.0, "time_iter": 4.26179, "time_iter_std": 0.09764, "accuracy": 0.52, "accuracy_std": 0.0, "accuracy_max": 0.52, "precision": 0.52, "precision_std": 0.0, "recall": 1.0, "recall_std": 0.0, "f1": 0.68421, "f1_std": 0.0, "auc": 0.42384, "auc_std": 0.0211}
{"epoch": 61, "time_epoch": 42.637, "time_epoch_std": 0.96785, "eta": 1624.26898, "eta_std": 44.41142, "eta_hours": 0.45118, "eta_hours_std": 0.01234, "loss": 0.69237, "loss_std": 1e-05, "lr": 0.00033, "lr_std": 0.0, "params": 3973.0, "params_std": 0.0, "time_iter": 4.2637, "time_iter_std": 0.09678, "accuracy": 0.52, "accuracy_std": 0.0, "accuracy_max": 0.52, "precision": 0.52, "precision_std": 0.0, "recall": 1.0, "recall_std": 0.0, "f1": 0.68421, "f1_std": 0.0, "auc": 0.43935, "auc_std": 0.02273}
{"epoch": 62, "time_epoch": 42.63433, "time_epoch_std": 0.97161, "eta": 1581.4607, "eta_std": 43.11946, "eta_hours": 0.4393, "eta_hours_std": 0.01198, "loss": 0.69239, "loss_std": 4e-05, "lr": 0.00032, "lr_std": 0.0, "params": 3973.0, "params_std": 0.0, "time_iter": 4.26343, "time_iter_std": 0.09716, "accuracy": 0.52, "accuracy_std": 0.0, "accuracy_max": 0.52, "precision": 0.52, "precision_std": 0.0, "recall": 1.0, "recall_std": 0.0, "f1": 0.68421, "f1_std": 0.0, "auc": 0.43429, "auc_std": 0.04962}
{"epoch": 63, "time_epoch": 42.63872, "time_epoch_std": 0.99145, "eta": 1538.66032, "eta_std": 41.85163, "eta_hours": 0.4274, "eta_hours_std": 0.01163, "loss": 0.69237, "loss_std": 2e-05, "lr": 0.0003, "lr_std": 0.0, "params": 3973.0, "params_std": 0.0, "time_iter": 4.26387, "time_iter_std": 0.09914, "accuracy": 0.52, "accuracy_std": 0.0, "accuracy_max": 0.52, "precision": 0.52, "precision_std": 0.0, "recall": 1.0, "recall_std": 0.0, "f1": 0.68421, "f1_std": 0.0, "auc": 0.46016, "auc_std": 0.0219}
{"epoch": 64, "time_epoch": 42.63972, "time_epoch_std": 0.94908, "eta": 1495.86545, "eta_std": 40.56933, "eta_hours": 0.41552, "eta_hours_std": 0.01127, "loss": 0.69237, "loss_std": 1e-05, "lr": 0.00029, "lr_std": 0.0, "params": 3973.0, "params_std": 0.0, "time_iter": 4.26397, "time_iter_std": 0.09491, "accuracy": 0.52, "accuracy_std": 0.0, "accuracy_max": 0.52, "precision": 0.52, "precision_std": 0.0, "recall": 1.0, "recall_std": 0.0, "f1": 0.68421, "f1_std": 0.0, "auc": 0.43458, "auc_std": 0.02776}
{"epoch": 65, "time_epoch": 42.64024, "time_epoch_std": 0.97126, "eta": 1453.07556, "eta_std": 39.30913, "eta_hours": 0.40363, "eta_hours_std": 0.01092, "loss": 0.69238, "loss_std": 2e-05, "lr": 0.00027, "lr_std": 0.0, "params": 3973.0, "params_std": 0.0, "time_iter": 4.26402, "time_iter_std": 0.09713, "accuracy": 0.52, "accuracy_std": 0.0, "accuracy_max": 0.52, "precision": 0.52, "precision_std": 0.0, "recall": 1.0, "recall_std": 0.0, "f1": 0.68421, "f1_std": 0.0, "auc": 0.44724, "auc_std": 0.03657}
{"epoch": 66, "time_epoch": 42.61815, "time_epoch_std": 0.95352, "eta": 1410.27925, "eta_std": 38.04936, "eta_hours": 0.39174, "eta_hours_std": 0.01057, "loss": 0.69238, "loss_std": 1e-05, "lr": 0.00026, "lr_std": 0.0, "params": 3973.0, "params_std": 0.0, "time_iter": 4.26181, "time_iter_std": 0.09535, "accuracy": 0.52, "accuracy_std": 0.0, "accuracy_max": 0.52, "precision": 0.52, "precision_std": 0.0, "recall": 1.0, "recall_std": 0.0, "f1": 0.68421, "f1_std": 0.0, "auc": 0.43596, "auc_std": 0.01529}
{"epoch": 67, "time_epoch": 42.60658, "time_epoch_std": 0.96101, "eta": 1367.48273, "eta_std": 36.802, "eta_hours": 0.37986, "eta_hours_std": 0.01022, "loss": 0.69237, "loss_std": 1e-05, "lr": 0.00025, "lr_std": 0.0, "params": 3973.0, "params_std": 0.0, "time_iter": 4.26066, "time_iter_std": 0.0961, "accuracy": 0.52, "accuracy_std": 0.0, "accuracy_max": 0.52, "precision": 0.52, "precision_std": 0.0, "recall": 1.0, "recall_std": 0.0, "f1": 0.68421, "f1_std": 0.0, "auc": 0.43189, "auc_std": 0.04304}
{"epoch": 68, "time_epoch": 42.62656, "time_epoch_std": 0.98353, "eta": 1324.7007, "eta_std": 35.57384, "eta_hours": 0.36797, "eta_hours_std": 0.00988, "loss": 0.69237, "loss_std": 3e-05, "lr": 0.00023, "lr_std": 0.0, "params": 3973.0, "params_std": 0.0, "time_iter": 4.26266, "time_iter_std": 0.09835, "accuracy": 0.52, "accuracy_std": 0.0, "accuracy_max": 0.52, "precision": 0.52, "precision_std": 0.0, "recall": 1.0, "recall_std": 0.0, "f1": 0.68421, "f1_std": 0.0, "auc": 0.44609, "auc_std": 0.04398}
{"epoch": 69, "time_epoch": 42.62358, "time_epoch_std": 0.97862, "eta": 1281.92184, "eta_std": 34.35036, "eta_hours": 0.35609, "eta_hours_std": 0.00954, "loss": 0.69237, "loss_std": 2e-05, "lr": 0.00022, "lr_std": 0.0, "params": 3973.0, "params_std": 0.0, "time_iter": 4.26236, "time_iter_std": 0.09786, "accuracy": 0.52, "accuracy_std": 0.0, "accuracy_max": 0.52, "precision": 0.52, "precision_std": 0.0, "recall": 1.0, "recall_std": 0.0, "f1": 0.68421, "f1_std": 0.0, "auc": 0.45059, "auc_std": 0.05347}
{"epoch": 70, "time_epoch": 42.64007, "time_epoch_std": 1.00332, "eta": 1239.15407, "eta_std": 33.14602, "eta_hours": 0.34421, "eta_hours_std": 0.00921, "loss": 0.69236, "loss_std": 0.0, "lr": 0.00021, "lr_std": 0.0, "params": 3973.0, "params_std": 0.0, "time_iter": 4.264, "time_iter_std": 0.10033, "accuracy": 0.52, "accuracy_std": 0.0, "accuracy_max": 0.52, "precision": 0.52, "precision_std": 0.0, "recall": 1.0, "recall_std": 0.0, "f1": 0.68421, "f1_std": 0.0, "auc": 0.44985, "auc_std": 0.04479}
{"epoch": 71, "time_epoch": 42.62786, "time_epoch_std": 0.97316, "eta": 1196.38512, "eta_std": 31.93451, "eta_hours": 0.33233, "eta_hours_std": 0.00887, "loss": 0.69241, "loss_std": 4e-05, "lr": 0.00019, "lr_std": 0.0, "params": 3973.0, "params_std": 0.0, "time_iter": 4.26278, "time_iter_std": 0.09732, "accuracy": 0.52, "accuracy_std": 0.0, "accuracy_max": 0.52, "precision": 0.52, "precision_std": 0.0, "recall": 1.0, "recall_std": 0.0, "f1": 0.68421, "f1_std": 0.0, "auc": 0.4199, "auc_std": 0.03866}
{"epoch": 72, "time_epoch": 42.62557, "time_epoch_std": 0.98433, "eta": 1153.61918, "eta_std": 30.73342, "eta_hours": 0.32045, "eta_hours_std": 0.00853, "loss": 0.69236, "loss_std": 1e-05, "lr": 0.00018, "lr_std": 0.0, "params": 3973.0, "params_std": 0.0, "time_iter": 4.26256, "time_iter_std": 0.09843, "accuracy": 0.52, "accuracy_std": 0.0, "accuracy_max": 0.52, "precision": 0.52, "precision_std": 0.0, "recall": 1.0, "recall_std": 0.0, "f1": 0.68421, "f1_std": 0.0, "auc": 0.46396, "auc_std": 0.01438}
{"epoch": 73, "time_epoch": 42.68448, "time_epoch_std": 1.00806, "eta": 1110.87773, "eta_std": 29.54115, "eta_hours": 0.30858, "eta_hours_std": 0.00821, "loss": 0.69239, "loss_std": 3e-05, "lr": 0.00017, "lr_std": 0.0, "params": 3973.0, "params_std": 0.0, "time_iter": 4.26845, "time_iter_std": 0.10081, "accuracy": 0.52, "accuracy_std": 0.0, "accuracy_max": 0.52, "precision": 0.52, "precision_std": 0.0, "recall": 1.0, "recall_std": 0.0, "f1": 0.68421, "f1_std": 0.0, "auc": 0.42989, "auc_std": 0.03235}
{"epoch": 74, "time_epoch": 42.63846, "time_epoch_std": 0.97438, "eta": 1068.12246, "eta_std": 28.34952, "eta_hours": 0.2967, "eta_hours_std": 0.00788, "loss": 0.69237, "loss_std": 1e-05, "lr": 0.00016, "lr_std": 0.0, "params": 3973.0, "params_std": 0.0, "time_iter": 4.26384, "time_iter_std": 0.09744, "accuracy": 0.52, "accuracy_std": 0.0, "accuracy_max": 0.52, "precision": 0.52, "precision_std": 0.0, "recall": 1.0, "recall_std": 0.0, "f1": 0.68421, "f1_std": 0.0, "auc": 0.4502, "auc_std": 0.02936}
{"epoch": 75, "time_epoch": 42.65841, "time_epoch_std": 0.95199, "eta": 1025.37657, "eta_std": 27.1549, "eta_hours": 0.28483, "eta_hours_std": 0.00754, "loss": 0.69236, "loss_std": 1e-05, "lr": 0.00015, "lr_std": 0.0, "params": 3973.0, "params_std": 0.0, "time_iter": 4.26584, "time_iter_std": 0.0952, "accuracy": 0.52, "accuracy_std": 0.0, "accuracy_max": 0.52, "precision": 0.52, "precision_std": 0.0, "recall": 1.0, "recall_std": 0.0, "f1": 0.68421, "f1_std": 0.0, "auc": 0.44976, "auc_std": 0.02328}
{"epoch": 76, "time_epoch": 42.64309, "time_epoch_std": 0.97816, "eta": 982.62837, "eta_std": 25.97538, "eta_hours": 0.27295, "eta_hours_std": 0.00721, "loss": 0.69235, "loss_std": 2e-05, "lr": 0.00014, "lr_std": 0.0, "params": 3973.0, "params_std": 0.0, "time_iter": 4.26431, "time_iter_std": 0.09782, "accuracy": 0.52, "accuracy_std": 0.0, "accuracy_max": 0.52, "precision": 0.52, "precision_std": 0.0, "recall": 1.0, "recall_std": 0.0, "f1": 0.68421, "f1_std": 0.0, "auc": 0.46575, "auc_std": 0.07179}
{"epoch": 77, "time_epoch": 42.61802, "time_epoch_std": 1.03513, "eta": 939.8758, "eta_std": 24.81813, "eta_hours": 0.26108, "eta_hours_std": 0.00689, "loss": 0.69238, "loss_std": 2e-05, "lr": 0.00012, "lr_std": 0.0, "params": 3973.0, "params_std": 0.0, "time_iter": 4.2618, "time_iter_std": 0.10351, "accuracy": 0.52, "accuracy_std": 0.0, "accuracy_max": 0.52, "precision": 0.52, "precision_std": 0.0, "recall": 1.0, "recall_std": 0.0, "f1": 0.68421, "f1_std": 0.0, "auc": 0.45822, "auc_std": 0.02876}
{"epoch": 78, "time_epoch": 42.6115, "time_epoch_std": 1.01134, "eta": 897.12489, "eta_std": 23.657, "eta_hours": 0.2492, "eta_hours_std": 0.00657, "loss": 0.69237, "loss_std": 2e-05, "lr": 0.00011, "lr_std": 0.0, "params": 3973.0, "params_std": 0.0, "time_iter": 4.26115, "time_iter_std": 0.10113, "accuracy": 0.52, "accuracy_std": 0.0, "accuracy_max": 0.52, "precision": 0.52, "precision_std": 0.0, "recall": 1.0, "recall_std": 0.0, "f1": 0.68421, "f1_std": 0.0, "auc": 0.45241, "auc_std": 0.06813}
{"epoch": 79, "time_epoch": 42.63711, "time_epoch_std": 1.0386, "eta": 854.38388, "eta_std": 22.50557, "eta_hours": 0.23733, "eta_hours_std": 0.00625, "loss": 0.69237, "loss_std": 3e-05, "lr": 0.0001, "lr_std": 0.0, "params": 3973.0, "params_std": 0.0, "time_iter": 4.26371, "time_iter_std": 0.10386, "accuracy": 0.52, "accuracy_std": 0.0, "accuracy_max": 0.52, "precision": 0.52, "precision_std": 0.0, "recall": 1.0, "recall_std": 0.0, "f1": 0.68421, "f1_std": 0.0, "auc": 0.45947, "auc_std": 0.0385}
{"epoch": 80, "time_epoch": 42.74006, "time_epoch_std": 0.83831, "eta": 811.66958, "eta_std": 21.31263, "eta_hours": 0.22546, "eta_hours_std": 0.00592, "loss": 0.69237, "loss_std": 1e-05, "lr": 0.0001, "lr_std": 0.0, "params": 3973.0, "params_std": 0.0, "time_iter": 4.27401, "time_iter_std": 0.08383, "accuracy": 0.52, "accuracy_std": 0.0, "accuracy_max": 0.52, "precision": 0.52, "precision_std": 0.0, "recall": 1.0, "recall_std": 0.0, "f1": 0.68421, "f1_std": 0.0, "auc": 0.44189, "auc_std": 0.05049}
{"epoch": 81, "time_epoch": 42.63607, "time_epoch_std": 0.98114, "eta": 768.93183, "eta_std": 20.15908, "eta_hours": 0.21359, "eta_hours_std": 0.0056, "loss": 0.69236, "loss_std": 0.0, "lr": 9e-05, "lr_std": 0.0, "params": 3973.0, "params_std": 0.0, "time_iter": 4.26361, "time_iter_std": 0.09812, "accuracy": 0.52, "accuracy_std": 0.0, "accuracy_max": 0.52, "precision": 0.52, "precision_std": 0.0, "recall": 1.0, "recall_std": 0.0, "f1": 0.68421, "f1_std": 0.0, "auc": 0.44086, "auc_std": 0.04891}
{"epoch": 82, "time_epoch": 42.65066, "time_epoch_std": 0.963, "eta": 726.19951, "eta_std": 19.00594, "eta_hours": 0.20172, "eta_hours_std": 0.00528, "loss": 0.69237, "loss_std": 4e-05, "lr": 8e-05, "lr_std": 0.0, "params": 3973.0, "params_std": 0.0, "time_iter": 4.26506, "time_iter_std": 0.0963, "accuracy": 0.52, "accuracy_std": 0.0, "accuracy_max": 0.52, "precision": 0.52, "precision_std": 0.0, "recall": 1.0, "recall_std": 0.0, "f1": 0.68421, "f1_std": 0.0, "auc": 0.44333, "auc_std": 0.07824}
{"epoch": 83, "time_epoch": 42.68616, "time_epoch_std": 1.00318, "eta": 683.4759, "eta_std": 17.86398, "eta_hours": 0.18985, "eta_hours_std": 0.00496, "loss": 0.69236, "loss_std": 1e-05, "lr": 7e-05, "lr_std": 0.0, "params": 3973.0, "params_std": 0.0, "time_iter": 4.26862, "time_iter_std": 0.10032, "accuracy": 0.52, "accuracy_std": 0.0, "accuracy_max": 0.52, "precision": 0.52, "precision_std": 0.0, "recall": 1.0, "recall_std": 0.0, "f1": 0.68421, "f1_std": 0.0, "auc": 0.48949, "auc_std": 0.01319}
{"epoch": 84, "time_epoch": 42.6264, "time_epoch_std": 0.97765, "eta": 640.74262, "eta_std": 16.72232, "eta_hours": 0.17798, "eta_hours_std": 0.00464, "loss": 0.69235, "loss_std": 1e-05, "lr": 6e-05, "lr_std": 0.0, "params": 3973.0, "params_std": 0.0, "time_iter": 4.26264, "time_iter_std": 0.09776, "accuracy": 0.52, "accuracy_std": 0.0, "accuracy_max": 0.52, "precision": 0.52, "precision_std": 0.0, "recall": 1.0, "recall_std": 0.0, "f1": 0.68421, "f1_std": 0.0, "auc": 0.49279, "auc_std": 0.02788}
{"epoch": 85, "time_epoch": 42.62441, "time_epoch_std": 0.9636, "eta": 598.01151, "eta_std": 15.5824, "eta_hours": 0.16612, "eta_hours_std": 0.00433, "loss": 0.69235, "loss_std": 0.0, "lr": 5e-05, "lr_std": 0.0, "params": 3973.0, "params_std": 0.0, "time_iter": 4.26244, "time_iter_std": 0.09636, "accuracy": 0.52, "accuracy_std": 0.0, "accuracy_max": 0.52, "precision": 0.52, "precision_std": 0.0, "recall": 1.0, "recall_std": 0.0, "f1": 0.68421, "f1_std": 0.0, "auc": 0.49969, "auc_std": 0.03488}
{"epoch": 86, "time_epoch": 42.61982, "time_epoch_std": 0.98713, "eta": 555.28217, "eta_std": 14.45004, "eta_hours": 0.15424, "eta_hours_std": 0.00401, "loss": 0.69237, "loss_std": 2e-05, "lr": 5e-05, "lr_std": 0.0, "params": 3973.0, "params_std": 0.0, "time_iter": 4.26198, "time_iter_std": 0.09871, "accuracy": 0.52, "accuracy_std": 0.0, "accuracy_max": 0.52, "precision": 0.52, "precision_std": 0.0, "recall": 1.0, "recall_std": 0.0, "f1": 0.68421, "f1_std": 0.0, "auc": 0.46405, "auc_std": 0.04679}
{"epoch": 87, "time_epoch": 42.67592, "time_epoch_std": 0.97582, "eta": 512.56296, "eta_std": 13.3182, "eta_hours": 0.14238, "eta_hours_std": 0.0037, "loss": 0.69236, "loss_std": 1e-05, "lr": 4e-05, "lr_std": 0.0, "params": 3973.0, "params_std": 0.0, "time_iter": 4.26759, "time_iter_std": 0.09758, "accuracy": 0.52, "accuracy_std": 0.0, "accuracy_max": 0.52, "precision": 0.52, "precision_std": 0.0, "recall": 1.0, "recall_std": 0.0, "f1": 0.68421, "f1_std": 0.0, "auc": 0.50029, "auc_std": 0.0167}
{"epoch": 88, "time_epoch": 42.62423, "time_epoch_std": 0.95466, "eta": 469.83833, "eta_std": 12.18876, "eta_hours": 0.13051, "eta_hours_std": 0.00339, "loss": 0.69237, "loss_std": 1e-05, "lr": 4e-05, "lr_std": 0.0, "params": 3973.0, "params_std": 0.0, "time_iter": 4.26242, "time_iter_std": 0.09546, "accuracy": 0.52, "accuracy_std": 0.0, "accuracy_max": 0.52, "precision": 0.52, "precision_std": 0.0, "recall": 1.0, "recall_std": 0.0, "f1": 0.68421, "f1_std": 0.0, "auc": 0.42675, "auc_std": 0.04904}
{"epoch": 89, "time_epoch": 42.64513, "time_epoch_std": 0.98288, "eta": 427.11826, "eta_std": 11.06663, "eta_hours": 0.11864, "eta_hours_std": 0.00307, "loss": 0.69235, "loss_std": 1e-05, "lr": 3e-05, "lr_std": 0.0, "params": 3973.0, "params_std": 0.0, "time_iter": 4.26451, "time_iter_std": 0.09829, "accuracy": 0.52, "accuracy_std": 0.0, "accuracy_max": 0.52, "precision": 0.52, "precision_std": 0.0, "recall": 1.0, "recall_std": 0.0, "f1": 0.68421, "f1_std": 0.0, "auc": 0.49517, "auc_std": 0.03718}
{"epoch": 90, "time_epoch": 42.62842, "time_epoch_std": 0.96772, "eta": 384.39819, "eta_std": 9.94591, "eta_hours": 0.10678, "eta_hours_std": 0.00276, "loss": 0.69236, "loss_std": 1e-05, "lr": 2e-05, "lr_std": 0.0, "params": 3973.0, "params_std": 0.0, "time_iter": 4.26285, "time_iter_std": 0.09677, "accuracy": 0.52, "accuracy_std": 0.0, "accuracy_max": 0.52, "precision": 0.52, "precision_std": 0.0, "recall": 1.0, "recall_std": 0.0, "f1": 0.68421, "f1_std": 0.0, "auc": 0.46341, "auc_std": 0.00495}
{"epoch": 91, "time_epoch": 42.62038, "time_epoch_std": 0.98857, "eta": 341.67941, "eta_std": 8.8305, "eta_hours": 0.09491, "eta_hours_std": 0.00245, "loss": 0.69236, "loss_std": 2e-05, "lr": 2e-05, "lr_std": 0.0, "params": 3973.0, "params_std": 0.0, "time_iter": 4.26204, "time_iter_std": 0.09886, "accuracy": 0.52, "accuracy_std": 0.0, "accuracy_max": 0.52, "precision": 0.52, "precision_std": 0.0, "recall": 1.0, "recall_std": 0.0, "f1": 0.68421, "f1_std": 0.0, "auc": 0.46494, "auc_std": 0.04068}
{"epoch": 92, "time_epoch": 42.68912, "time_epoch_std": 0.98075, "eta": 298.96792, "eta_std": 7.71634, "eta_hours": 0.08305, "eta_hours_std": 0.00214, "loss": 0.69235, "loss_std": 2e-05, "lr": 2e-05, "lr_std": 0.0, "params": 3973.0, "params_std": 0.0, "time_iter": 4.26891, "time_iter_std": 0.09807, "accuracy": 0.52, "accuracy_std": 0.0, "accuracy_max": 0.52, "precision": 0.52, "precision_std": 0.0, "recall": 1.0, "recall_std": 0.0, "f1": 0.68421, "f1_std": 0.0, "auc": 0.5098, "auc_std": 0.06189}
{"epoch": 93, "time_epoch": 42.62395, "time_epoch_std": 0.97582, "eta": 256.25274, "eta_std": 6.60577, "eta_hours": 0.07118, "eta_hours_std": 0.00184, "loss": 0.69236, "loss_std": 1e-05, "lr": 1e-05, "lr_std": 0.0, "params": 3973.0, "params_std": 0.0, "time_iter": 4.26239, "time_iter_std": 0.09758, "accuracy": 0.52, "accuracy_std": 0.0, "accuracy_max": 0.52, "precision": 0.52, "precision_std": 0.0, "recall": 1.0, "recall_std": 0.0, "f1": 0.68421, "f1_std": 0.0, "auc": 0.49312, "auc_std": 0.05017}
{"epoch": 94, "time_epoch": 42.62649, "time_epoch_std": 0.95857, "eta": 213.53962, "eta_std": 5.49718, "eta_hours": 0.05932, "eta_hours_std": 0.00153, "loss": 0.69236, "loss_std": 1e-05, "lr": 1e-05, "lr_std": 0.0, "params": 3973.0, "params_std": 0.0, "time_iter": 4.26265, "time_iter_std": 0.09586, "accuracy": 0.52, "accuracy_std": 0.0, "accuracy_max": 0.52, "precision": 0.52, "precision_std": 0.0, "recall": 1.0, "recall_std": 0.0, "f1": 0.68421, "f1_std": 0.0, "auc": 0.49138, "auc_std": 0.03195}
{"epoch": 95, "time_epoch": 42.69271, "time_epoch_std": 1.08935, "eta": 170.83106, "eta_std": 4.39731, "eta_hours": 0.04746, "eta_hours_std": 0.00122, "loss": 0.69235, "loss_std": 0.0, "lr": 1e-05, "lr_std": 0.0, "params": 3973.0, "params_std": 0.0, "time_iter": 4.26927, "time_iter_std": 0.10894, "accuracy": 0.52, "accuracy_std": 0.0, "accuracy_max": 0.52, "precision": 0.52, "precision_std": 0.0, "recall": 1.0, "recall_std": 0.0, "f1": 0.68421, "f1_std": 0.0, "auc": 0.4968, "auc_std": 0.033}
{"epoch": 96, "time_epoch": 42.62847, "time_epoch_std": 0.96104, "eta": 128.12084, "eta_std": 3.29357, "eta_hours": 0.03559, "eta_hours_std": 0.00092, "loss": 0.69235, "loss_std": 2e-05, "lr": 0.0, "lr_std": 0.0, "params": 3973.0, "params_std": 0.0, "time_iter": 4.26285, "time_iter_std": 0.09611, "accuracy": 0.52, "accuracy_std": 0.0, "accuracy_max": 0.52, "precision": 0.52, "precision_std": 0.0, "recall": 1.0, "recall_std": 0.0, "f1": 0.68421, "f1_std": 0.0, "auc": 0.50494, "auc_std": 0.04875}
{"epoch": 97, "time_epoch": 42.58303, "time_epoch_std": 1.00757, "eta": 85.41136, "eta_std": 2.19381, "eta_hours": 0.02373, "eta_hours_std": 0.00061, "loss": 0.69236, "loss_std": 1e-05, "lr": 0.0, "lr_std": 0.0, "params": 3973.0, "params_std": 0.0, "time_iter": 4.2583, "time_iter_std": 0.10075, "accuracy": 0.52, "accuracy_std": 0.0, "accuracy_max": 0.52, "precision": 0.52, "precision_std": 0.0, "recall": 1.0, "recall_std": 0.0, "f1": 0.68421, "f1_std": 0.0, "auc": 0.49464, "auc_std": 0.02412}
{"epoch": 98, "time_epoch": 42.56604, "time_epoch_std": 0.99529, "eta": 42.70427, "eta_std": 1.09586, "eta_hours": 0.01186, "eta_hours_std": 0.00031, "loss": 0.69235, "loss_std": 1e-05, "lr": 0.0, "lr_std": 0.0, "params": 3973.0, "params_std": 0.0, "time_iter": 4.2566, "time_iter_std": 0.09953, "accuracy": 0.52, "accuracy_std": 0.0, "accuracy_max": 0.52, "precision": 0.52, "precision_std": 0.0, "recall": 1.0, "recall_std": 0.0, "f1": 0.68421, "f1_std": 0.0, "auc": 0.48972, "auc_std": 0.04505}
{"epoch": 99, "time_epoch": 42.55292, "time_epoch_std": 0.96703, "eta": 0.0, "eta_std": 0.0, "eta_hours": 0.0, "eta_hours_std": 0.0, "loss": 0.69236, "loss_std": 1e-05, "lr": 0.0, "lr_std": 0.0, "params": 3973.0, "params_std": 0.0, "time_iter": 4.25529, "time_iter_std": 0.0967, "accuracy": 0.52, "accuracy_std": 0.0, "accuracy_max": 0.52, "precision": 0.52, "precision_std": 0.0, "recall": 1.0, "recall_std": 0.0, "f1": 0.68421, "f1_std": 0.0, "auc": 0.49268, "auc_std": 0.02754}
