{"epoch": 22, "time_epoch": 11.74718, "time_epoch_std": 5.66038, "eta": 912.44834, "eta_std": 764.50723, "eta_hours": 0.25346, "eta_hours_std": 0.21236, "loss": 0.67915, "loss_std": 0.01345, "lr": 0.00072, "lr_std": 0.00041, "params": 5289.0, "params_std": 0.0, "time_iter": 0.09398, "time_iter_std": 0.04528, "accuracy": 0.5645, "accuracy_std": 0.03502, "accuracy_max": 0.598, "precision": 0.57471, "precision_std": 0.04052, "recall": 0.6581, "recall_std": 0.1991, "f1": 0.59494, "f1_std": 0.04732, "auc": 0.57827, "auc_std": 0.06143}
