{"epoch": 0, "time_epoch": 21.23772, "time_epoch_std": 0.51519, "eta": 2102.53418, "eta_std": 51.00355, "eta_hours": 0.58404, "eta_hours_std": 0.01417, "loss": 0.69431, "loss_std": 0.00285, "lr": 0.001, "lr_std": 0.0, "params": 5289.0, "params_std": 0.0, "time_iter": 0.1699, "time_iter_std": 0.00412, "accuracy": 0.5165, "accuracy_std": 0.01705, "accuracy_max": 0.546, "precision": 0.52898, "precision_std": 0.03847, "recall": 0.79052, "recall_std": 0.27912, "f1": 0.59858, "f1_std": 0.1063, "auc": 0.51088, "auc_std": 0.02651}
{"epoch": 1, "time_epoch": 8.26574, "time_epoch_std": 0.30693, "eta": 1445.66938, "eta_std": 39.60227, "eta_hours": 0.40158, "eta_hours_std": 0.011, "loss": 0.69147, "loss_std": 0.00376, "lr": 0.001, "lr_std": 0.0, "params": 5289.0, "params_std": 0.0, "time_iter": 0.06612, "time_iter_std": 0.00245, "accuracy": 0.5265, "accuracy_std": 0.02685, "accuracy_max": 0.554, "precision": 0.5285, "precision_std": 0.02569, "recall": 0.79249, "recall_std": 0.19447, "f1": 0.62065, "f1_std": 0.04711, "auc": 0.51132, "auc_std": 0.04288}
{"epoch": 2, "time_epoch": 8.22234, "time_epoch_std": 0.27381, "eta": 1219.80063, "eta_std": 33.27542, "eta_hours": 0.33883, "eta_hours_std": 0.00925, "loss": 0.68712, "loss_std": 0.00774, "lr": 0.001, "lr_std": 0.0, "params": 5289.0, "params_std": 0.0, "time_iter": 0.06578, "time_iter_std": 0.00219, "accuracy": 0.534, "accuracy_std": 0.03581, "accuracy_max": 0.586, "precision": 0.5424, "precision_std": 0.04336, "recall": 0.62352, "recall_std": 0.22381, "f1": 0.56053, "f1_std": 0.07619, "auc": 0.53371, "auc_std": 0.06011}
{"epoch": 3, "time_epoch": 8.1425, "time_epoch_std": 0.29878, "eta": 1100.83908, "eta_std": 30.11995, "eta_hours": 0.30579, "eta_hours_std": 0.00837, "loss": 0.68558, "loss_std": 0.0088, "lr": 0.001, "lr_std": 0.0, "params": 5289.0, "params_std": 0.0, "time_iter": 0.06514, "time_iter_std": 0.00239, "accuracy": 0.5385, "accuracy_std": 0.03303, "accuracy_max": 0.584, "precision": 0.54228, "precision_std": 0.03586, "recall": 0.71739, "recall_std": 0.17936, "f1": 0.60409, "f1_std": 0.04312, "auc": 0.53272, "auc_std": 0.06848}
{"epoch": 4, "time_epoch": 8.14428, "time_epoch_std": 0.25999, "eta": 1026.23901, "eta_std": 27.86299, "eta_hours": 0.28507, "eta_hours_std": 0.00774, "loss": 0.68104, "loss_std": 0.01444, "lr": 0.001, "lr_std": 0.0, "params": 5289.0, "params_std": 0.0, "time_iter": 0.06516, "time_iter_std": 0.00208, "accuracy": 0.546, "accuracy_std": 0.04465, "accuracy_max": 0.606, "precision": 0.55936, "precision_std": 0.05532, "recall": 0.63043, "recall_std": 0.2092, "f1": 0.57289, "f1_std": 0.06085, "auc": 0.54115, "auc_std": 0.08135}
{"epoch": 5, "time_epoch": 8.15328, "time_epoch_std": 0.26534, "eta": 973.93179, "eta_std": 26.92419, "eta_hours": 0.27053, "eta_hours_std": 0.00748, "loss": 0.68364, "loss_std": 0.01009, "lr": 0.00099, "lr_std": 0.0, "params": 5289.0, "params_std": 0.0, "time_iter": 0.06523, "time_iter_std": 0.00212, "accuracy": 0.5425, "accuracy_std": 0.04414, "accuracy_max": 0.594, "precision": 0.55186, "precision_std": 0.0495, "recall": 0.73518, "recall_std": 0.20422, "f1": 0.60984, "f1_std": 0.04792, "auc": 0.53058, "auc_std": 0.07523}
{"epoch": 6, "time_epoch": 8.14229, "time_epoch_std": 0.25561, "eta": 934.09396, "eta_std": 25.89732, "eta_hours": 0.25947, "eta_hours_std": 0.00719, "loss": 0.68159, "loss_std": 0.01347, "lr": 0.00099, "lr_std": 0.0, "params": 5289.0, "params_std": 0.0, "time_iter": 0.06514, "time_iter_std": 0.00204, "accuracy": 0.5475, "accuracy_std": 0.04179, "accuracy_max": 0.596, "precision": 0.55801, "precision_std": 0.05299, "recall": 0.76186, "recall_std": 0.23847, "f1": 0.61755, "f1_std": 0.05451, "auc": 0.52376, "auc_std": 0.09118}
{"epoch": 7, "time_epoch": 8.14882, "time_epoch_std": 0.24886, "eta": 902.2551, "eta_std": 25.18164, "eta_hours": 0.25063, "eta_hours_std": 0.007, "loss": 0.68562, "loss_std": 0.00973, "lr": 0.00099, "lr_std": 0.0, "params": 5289.0, "params_std": 0.0, "time_iter": 0.06519, "time_iter_std": 0.00199, "accuracy": 0.5315, "accuracy_std": 0.04158, "accuracy_max": 0.588, "precision": 0.54384, "precision_std": 0.04905, "recall": 0.71344, "recall_std": 0.21359, "f1": 0.59527, "f1_std": 0.05396, "auc": 0.53617, "auc_std": 0.0716}
{"epoch": 8, "time_epoch": 8.13341, "time_epoch_std": 0.25608, "eta": 875.5249, "eta_std": 24.65349, "eta_hours": 0.2432, "eta_hours_std": 0.00685, "loss": 0.68236, "loss_std": 0.01193, "lr": 0.00098, "lr_std": 0.0, "params": 5289.0, "params_std": 0.0, "time_iter": 0.06507, "time_iter_std": 0.00205, "accuracy": 0.5455, "accuracy_std": 0.0409, "accuracy_max": 0.594, "precision": 0.55216, "precision_std": 0.04835, "recall": 0.77668, "recall_std": 0.21905, "f1": 0.62361, "f1_std": 0.04735, "auc": 0.5355, "auc_std": 0.08217}
{"epoch": 9, "time_epoch": 8.13667, "time_epoch_std": 0.27034, "eta": 852.54334, "eta_std": 24.29695, "eta_hours": 0.23682, "eta_hours_std": 0.00675, "loss": 0.68353, "loss_std": 0.01011, "lr": 0.00098, "lr_std": 0.0, "params": 5289.0, "params_std": 0.0, "time_iter": 0.06509, "time_iter_std": 0.00216, "accuracy": 0.5395, "accuracy_std": 0.04526, "accuracy_max": 0.588, "precision": 0.55084, "precision_std": 0.05172, "recall": 0.68379, "recall_std": 0.19606, "f1": 0.59132, "f1_std": 0.04955, "auc": 0.5444, "auc_std": 0.0658}
{"epoch": 10, "time_epoch": 8.12782, "time_epoch_std": 0.26404, "eta": 832.18934, "eta_std": 23.92062, "eta_hours": 0.23116, "eta_hours_std": 0.00664, "loss": 0.68483, "loss_std": 0.01109, "lr": 0.00098, "lr_std": 0.0, "params": 5289.0, "params_std": 0.0, "time_iter": 0.06502, "time_iter_std": 0.00211, "accuracy": 0.539, "accuracy_std": 0.04367, "accuracy_max": 0.592, "precision": 0.54768, "precision_std": 0.04721, "recall": 0.75988, "recall_std": 0.21269, "f1": 0.6156, "f1_std": 0.04652, "auc": 0.52273, "auc_std": 0.07951}
{"epoch": 11, "time_epoch": 8.15686, "time_epoch_std": 0.26909, "eta": 814.08601, "eta_std": 23.62835, "eta_hours": 0.22614, "eta_hours_std": 0.00656, "loss": 0.68477, "loss_std": 0.01113, "lr": 0.00097, "lr_std": 0.0, "params": 5289.0, "params_std": 0.0, "time_iter": 0.06525, "time_iter_std": 0.00215, "accuracy": 0.5375, "accuracy_std": 0.04131, "accuracy_max": 0.596, "precision": 0.54879, "precision_std": 0.05184, "recall": 0.63044, "recall_std": 0.21421, "f1": 0.56742, "f1_std": 0.0653, "auc": 0.51809, "auc_std": 0.0773}
{"epoch": 12, "time_epoch": 8.11334, "time_epoch_std": 0.27319, "eta": 797.22162, "eta_std": 23.35936, "eta_hours": 0.22145, "eta_hours_std": 0.00649, "loss": 0.68296, "loss_std": 0.01191, "lr": 0.00096, "lr_std": 0.0, "params": 5289.0, "params_std": 0.0, "time_iter": 0.0649, "time_iter_std": 0.00219, "accuracy": 0.5365, "accuracy_std": 0.0438, "accuracy_max": 0.588, "precision": 0.549, "precision_std": 0.05395, "recall": 0.64921, "recall_std": 0.20605, "f1": 0.57548, "f1_std": 0.05805, "auc": 0.52662, "auc_std": 0.07701}
{"epoch": 13, "time_epoch": 8.13052, "time_epoch_std": 0.29313, "eta": 781.71291, "eta_std": 23.2212, "eta_hours": 0.21714, "eta_hours_std": 0.00645, "loss": 0.68758, "loss_std": 0.00606, "lr": 0.00096, "lr_std": 0.0, "params": 5289.0, "params_std": 0.0, "time_iter": 0.06504, "time_iter_std": 0.00234, "accuracy": 0.539, "accuracy_std": 0.03303, "accuracy_max": 0.574, "precision": 0.5484, "precision_std": 0.04279, "recall": 0.75297, "recall_std": 0.24969, "f1": 0.60763, "f1_std": 0.06701, "auc": 0.52558, "auc_std": 0.06293}
{"epoch": 14, "time_epoch": 8.1089, "time_epoch_std": 0.27433, "eta": 767.06543, "eta_std": 22.93286, "eta_hours": 0.21308, "eta_hours_std": 0.00637, "loss": 0.67982, "loss_std": 0.01425, "lr": 0.00095, "lr_std": 0.0, "params": 5289.0, "params_std": 0.0, "time_iter": 0.06487, "time_iter_std": 0.00219, "accuracy": 0.541, "accuracy_std": 0.06107, "accuracy_max": 0.602, "precision": 0.55496, "precision_std": 0.06547, "recall": 0.64624, "recall_std": 0.14706, "f1": 0.58365, "f1_std": 0.03972, "auc": 0.55228, "auc_std": 0.08064}
{"epoch": 15, "time_epoch": 8.12756, "time_epoch_std": 0.26981, "eta": 753.33326, "eta_std": 22.64237, "eta_hours": 0.20926, "eta_hours_std": 0.00629, "loss": 0.68117, "loss_std": 0.01605, "lr": 0.00095, "lr_std": 0.0, "params": 5289.0, "params_std": 0.0, "time_iter": 0.06502, "time_iter_std": 0.00216, "accuracy": 0.5395, "accuracy_std": 0.05447, "accuracy_max": 0.616, "precision": 0.56184, "precision_std": 0.07154, "recall": 0.6581, "recall_std": 0.19369, "f1": 0.58206, "f1_std": 0.04473, "auc": 0.52906, "auc_std": 0.08991}
{"epoch": 16, "time_epoch": 8.2142, "time_epoch_std": 0.33909, "eta": 740.68347, "eta_std": 22.69979, "eta_hours": 0.20574, "eta_hours_std": 0.00631, "loss": 0.68314, "loss_std": 0.01155, "lr": 0.00094, "lr_std": 0.0, "params": 5289.0, "params_std": 0.0, "time_iter": 0.06571, "time_iter_std": 0.00271, "accuracy": 0.536, "accuracy_std": 0.04897, "accuracy_max": 0.606, "precision": 0.55186, "precision_std": 0.06091, "recall": 0.68083, "recall_std": 0.19943, "f1": 0.58802, "f1_std": 0.0489, "auc": 0.53156, "auc_std": 0.07033}
{"epoch": 17, "time_epoch": 8.11107, "time_epoch_std": 0.27106, "eta": 728.0567, "eta_std": 22.3838, "eta_hours": 0.20224, "eta_hours_std": 0.00622, "loss": 0.68083, "loss_std": 0.01815, "lr": 0.00093, "lr_std": 0.0, "params": 5289.0, "params_std": 0.0, "time_iter": 0.06489, "time_iter_std": 0.00217, "accuracy": 0.542, "accuracy_std": 0.04578, "accuracy_max": 0.618, "precision": 0.55476, "precision_std": 0.06152, "recall": 0.74704, "recall_std": 0.25335, "f1": 0.6075, "f1_std": 0.06869, "auc": 0.53251, "auc_std": 0.07379}
{"epoch": 18, "time_epoch": 8.10376, "time_epoch_std": 0.18797, "eta": 715.87412, "eta_std": 21.71928, "eta_hours": 0.19886, "eta_hours_std": 0.00603, "loss": 0.68596, "loss_std": 0.00755, "lr": 0.00092, "lr_std": 0.0, "params": 5289.0, "params_std": 0.0, "time_iter": 0.06483, "time_iter_std": 0.00151, "accuracy": 0.5325, "accuracy_std": 0.04218, "accuracy_max": 0.582, "precision": 0.5452, "precision_std": 0.04746, "recall": 0.71542, "recall_std": 0.21957, "f1": 0.59572, "f1_std": 0.05589, "auc": 0.53072, "auc_std": 0.05702}
{"epoch": 19, "time_epoch": 8.05953, "time_epoch_std": 0.12866, "eta": 703.92248, "eta_std": 20.86221, "eta_hours": 0.19554, "eta_hours_std": 0.0058, "loss": 0.68534, "loss_std": 0.01245, "lr": 0.00091, "lr_std": 0.0, "params": 5289.0, "params_std": 0.0, "time_iter": 0.06448, "time_iter_std": 0.00103, "accuracy": 0.5415, "accuracy_std": 0.03729, "accuracy_max": 0.596, "precision": 0.55761, "precision_std": 0.05854, "recall": 0.73617, "recall_std": 0.26307, "f1": 0.60127, "f1_std": 0.0709, "auc": 0.52716, "auc_std": 0.0747}
{"epoch": 20, "time_epoch": 8.05179, "time_epoch_std": 0.14918, "eta": 692.3124, "eta_std": 20.16453, "eta_hours": 0.19231, "eta_hours_std": 0.0056, "loss": 0.68537, "loss_std": 0.01052, "lr": 0.0009, "lr_std": 0.0, "params": 5289.0, "params_std": 0.0, "time_iter": 0.06441, "time_iter_std": 0.0012, "accuracy": 0.5255, "accuracy_std": 0.05205, "accuracy_max": 0.584, "precision": 0.53214, "precision_std": 0.06041, "recall": 0.45455, "recall_std": 0.14996, "f1": 0.47844, "f1_std": 0.11446, "auc": 0.52437, "auc_std": 0.07312}
{"epoch": 21, "time_epoch": 8.0385, "time_epoch_std": 0.12282, "eta": 680.97868, "eta_std": 19.41235, "eta_hours": 0.18916, "eta_hours_std": 0.00539, "loss": 0.67897, "loss_std": 0.01735, "lr": 0.0009, "lr_std": 0.0, "params": 5289.0, "params_std": 0.0, "time_iter": 0.06431, "time_iter_std": 0.00098, "accuracy": 0.555, "accuracy_std": 0.05025, "accuracy_max": 0.624, "precision": 0.5632, "precision_std": 0.06504, "recall": 0.79644, "recall_std": 0.21037, "f1": 0.63625, "f1_std": 0.03832, "auc": 0.54278, "auc_std": 0.08711}
{"epoch": 22, "time_epoch": 8.04744, "time_epoch_std": 0.1402, "eta": 669.96141, "eta_std": 18.79349, "eta_hours": 0.1861, "eta_hours_std": 0.00522, "loss": 0.68297, "loss_std": 0.01272, "lr": 0.00089, "lr_std": 0.0, "params": 5289.0, "params_std": 0.0, "time_iter": 0.06438, "time_iter_std": 0.00112, "accuracy": 0.536, "accuracy_std": 0.03206, "accuracy_max": 0.582, "precision": 0.54182, "precision_std": 0.0397, "recall": 0.77174, "recall_std": 0.22922, "f1": 0.61536, "f1_std": 0.0567, "auc": 0.5338, "auc_std": 0.0754}
{"epoch": 23, "time_epoch": 8.03466, "time_epoch_std": 0.12013, "eta": 659.15118, "eta_std": 18.13232, "eta_hours": 0.1831, "eta_hours_std": 0.00503, "loss": 0.68489, "loss_std": 0.00996, "lr": 0.00088, "lr_std": 0.0, "params": 5289.0, "params_std": 0.0, "time_iter": 0.06428, "time_iter_std": 0.00096, "accuracy": 0.529, "accuracy_std": 0.05289, "accuracy_max": 0.596, "precision": 0.52941, "precision_std": 0.0667, "recall": 0.57905, "recall_std": 0.27242, "f1": 0.52652, "f1_std": 0.13421, "auc": 0.52067, "auc_std": 0.08736}
{"epoch": 24, "time_epoch": 8.05465, "time_epoch_std": 0.13822, "eta": 648.62295, "eta_std": 17.57173, "eta_hours": 0.18017, "eta_hours_std": 0.00488, "loss": 0.67982, "loss_std": 0.01432, "lr": 0.00086, "lr_std": 0.0, "params": 5289.0, "params_std": 0.0, "time_iter": 0.06444, "time_iter_std": 0.00111, "accuracy": 0.5585, "accuracy_std": 0.05254, "accuracy_max": 0.614, "precision": 0.56903, "precision_std": 0.0635, "recall": 0.77767, "recall_std": 0.22286, "f1": 0.63137, "f1_std": 0.04097, "auc": 0.54081, "auc_std": 0.09125}
{"epoch": 25, "time_epoch": 8.02802, "time_epoch_std": 0.14713, "eta": 638.2092, "eta_std": 17.05541, "eta_hours": 0.17728, "eta_hours_std": 0.00474, "loss": 0.68003, "loss_std": 0.01381, "lr": 0.00085, "lr_std": 0.0, "params": 5289.0, "params_std": 0.0, "time_iter": 0.06422, "time_iter_std": 0.00118, "accuracy": 0.544, "accuracy_std": 0.05826, "accuracy_max": 0.614, "precision": 0.55471, "precision_std": 0.06297, "recall": 0.64624, "recall_std": 0.19953, "f1": 0.57972, "f1_std": 0.06627, "auc": 0.54681, "auc_std": 0.0803}
{"epoch": 26, "time_epoch": 8.04137, "time_epoch_std": 0.13245, "eta": 628.00826, "eta_std": 16.52144, "eta_hours": 0.17444, "eta_hours_std": 0.00459, "loss": 0.67809, "loss_std": 0.01769, "lr": 0.00084, "lr_std": 0.0, "params": 5289.0, "params_std": 0.0, "time_iter": 0.06433, "time_iter_std": 0.00106, "accuracy": 0.5565, "accuracy_std": 0.05305, "accuracy_max": 0.63, "precision": 0.56458, "precision_std": 0.063, "recall": 0.78656, "recall_std": 0.21351, "f1": 0.63421, "f1_std": 0.03853, "auc": 0.54993, "auc_std": 0.08926}
{"epoch": 27, "time_epoch": 8.01502, "time_epoch_std": 0.07831, "eta": 617.89384, "eta_std": 15.84802, "eta_hours": 0.17164, "eta_hours_std": 0.0044, "loss": 0.68173, "loss_std": 0.01463, "lr": 0.00083, "lr_std": 0.0, "params": 5289.0, "params_std": 0.0, "time_iter": 0.06412, "time_iter_std": 0.00063, "accuracy": 0.548, "accuracy_std": 0.04864, "accuracy_max": 0.616, "precision": 0.56074, "precision_std": 0.06211, "recall": 0.75099, "recall_std": 0.22073, "f1": 0.61675, "f1_std": 0.04715, "auc": 0.53444, "auc_std": 0.08001}
{"epoch": 28, "time_epoch": 7.99724, "time_epoch_std": 0.0842, "eta": 607.88066, "eta_std": 15.23414, "eta_hours": 0.16886, "eta_hours_std": 0.00423, "loss": 0.68432, "loss_std": 0.00955, "lr": 0.00082, "lr_std": 0.0, "params": 5289.0, "params_std": 0.0, "time_iter": 0.06398, "time_iter_std": 0.00067, "accuracy": 0.541, "accuracy_std": 0.0467, "accuracy_max": 0.59, "precision": 0.54894, "precision_std": 0.04924, "recall": 0.73122, "recall_std": 0.18376, "f1": 0.61036, "f1_std": 0.03798, "auc": 0.52498, "auc_std": 0.08764}
{"epoch": 29, "time_epoch": 8.0062, "time_epoch_std": 0.1031, "eta": 598.02279, "eta_std": 14.64673, "eta_hours": 0.16612, "eta_hours_std": 0.00407, "loss": 0.6824, "loss_std": 0.01279, "lr": 0.00081, "lr_std": 0.0, "params": 5289.0, "params_std": 0.0, "time_iter": 0.06405, "time_iter_std": 0.00083, "accuracy": 0.535, "accuracy_std": 0.05224, "accuracy_max": 0.614, "precision": 0.54713, "precision_std": 0.05484, "recall": 0.72036, "recall_std": 0.19868, "f1": 0.60141, "f1_std": 0.05305, "auc": 0.53414, "auc_std": 0.08668}
{"epoch": 30, "time_epoch": 7.98452, "time_epoch_std": 0.06983, "eta": 588.23614, "eta_std": 14.069, "eta_hours": 0.1634, "eta_hours_std": 0.00391, "loss": 0.6831, "loss_std": 0.01153, "lr": 0.00079, "lr_std": 0.0, "params": 5289.0, "params_std": 0.0, "time_iter": 0.06388, "time_iter_std": 0.00056, "accuracy": 0.5435, "accuracy_std": 0.03897, "accuracy_max": 0.596, "precision": 0.55273, "precision_std": 0.04938, "recall": 0.76186, "recall_std": 0.23825, "f1": 0.61528, "f1_std": 0.05677, "auc": 0.52086, "auc_std": 0.08774}
{"epoch": 31, "time_epoch": 7.97542, "time_epoch_std": 0.08461, "eta": 578.54277, "eta_std": 13.58906, "eta_hours": 0.1607, "eta_hours_std": 0.00377, "loss": 0.68198, "loss_std": 0.01383, "lr": 0.00078, "lr_std": 0.0, "params": 5289.0, "params_std": 0.0, "time_iter": 0.0638, "time_iter_std": 0.00068, "accuracy": 0.548, "accuracy_std": 0.0531, "accuracy_max": 0.622, "precision": 0.55906, "precision_std": 0.06084, "recall": 0.74901, "recall_std": 0.20482, "f1": 0.61819, "f1_std": 0.04257, "auc": 0.5348, "auc_std": 0.08118}
{"epoch": 32, "time_epoch": 8.00118, "time_epoch_std": 0.08813, "eta": 569.00581, "eta_std": 13.1007, "eta_hours": 0.15806, "eta_hours_std": 0.00364, "loss": 0.6794, "loss_std": 0.01514, "lr": 0.00077, "lr_std": 0.0, "params": 5289.0, "params_std": 0.0, "time_iter": 0.06401, "time_iter_std": 0.0007, "accuracy": 0.5465, "accuracy_std": 0.041, "accuracy_max": 0.596, "precision": 0.55127, "precision_std": 0.04632, "recall": 0.78557, "recall_std": 0.21465, "f1": 0.62761, "f1_std": 0.04437, "auc": 0.53286, "auc_std": 0.09326}
{"epoch": 33, "time_epoch": 7.99519, "time_epoch_std": 0.08035, "eta": 559.5476, "eta_std": 12.61465, "eta_hours": 0.15543, "eta_hours_std": 0.0035, "loss": 0.68225, "loss_std": 0.01121, "lr": 0.00075, "lr_std": 0.0, "params": 5289.0, "params_std": 0.0, "time_iter": 0.06396, "time_iter_std": 0.00064, "accuracy": 0.549, "accuracy_std": 0.04527, "accuracy_max": 0.612, "precision": 0.55736, "precision_std": 0.054, "recall": 0.77174, "recall_std": 0.22847, "f1": 0.6231, "f1_std": 0.05054, "auc": 0.53092, "auc_std": 0.08669}
{"epoch": 34, "time_epoch": 7.97705, "time_epoch_std": 0.0746, "eta": 550.13928, "eta_std": 12.16387, "eta_hours": 0.15282, "eta_hours_std": 0.00338, "loss": 0.67858, "loss_std": 0.01549, "lr": 0.00074, "lr_std": 0.0, "params": 5289.0, "params_std": 0.0, "time_iter": 0.06382, "time_iter_std": 0.0006, "accuracy": 0.553, "accuracy_std": 0.04834, "accuracy_max": 0.616, "precision": 0.56024, "precision_std": 0.05862, "recall": 0.78953, "recall_std": 0.21291, "f1": 0.63286, "f1_std": 0.03967, "auc": 0.53817, "auc_std": 0.0904}
{"epoch": 35, "time_epoch": 7.95693, "time_epoch_std": 0.07082, "eta": 540.77472, "eta_std": 11.74317, "eta_hours": 0.15021, "eta_hours_std": 0.00326, "loss": 0.68312, "loss_std": 0.01516, "lr": 0.00073, "lr_std": 0.0, "params": 5289.0, "params_std": 0.0, "time_iter": 0.06365, "time_iter_std": 0.00057, "accuracy": 0.537, "accuracy_std": 0.04702, "accuracy_max": 0.618, "precision": 0.548, "precision_std": 0.06308, "recall": 0.76087, "recall_std": 0.2392, "f1": 0.61174, "f1_std": 0.06277, "auc": 0.52524, "auc_std": 0.0797}
{"epoch": 36, "time_epoch": 7.97349, "time_epoch_std": 0.08323, "eta": 531.51443, "eta_std": 11.31506, "eta_hours": 0.14764, "eta_hours_std": 0.00314, "loss": 0.68446, "loss_std": 0.01125, "lr": 0.00071, "lr_std": 0.0, "params": 5289.0, "params_std": 0.0, "time_iter": 0.06379, "time_iter_std": 0.00067, "accuracy": 0.5265, "accuracy_std": 0.03485, "accuracy_max": 0.564, "precision": 0.53542, "precision_std": 0.03981, "recall": 0.6255, "recall_std": 0.21652, "f1": 0.55891, "f1_std": 0.06803, "auc": 0.52674, "auc_std": 0.07581}
{"epoch": 37, "time_epoch": 7.9896, "time_epoch_std": 0.07668, "eta": 522.34816, "eta_std": 10.92685, "eta_hours": 0.1451, "eta_hours_std": 0.00304, "loss": 0.67345, "loss_std": 0.02276, "lr": 0.0007, "lr_std": 0.0, "params": 5289.0, "params_std": 0.0, "time_iter": 0.06392, "time_iter_std": 0.00061, "accuracy": 0.5615, "accuracy_std": 0.05967, "accuracy_max": 0.648, "precision": 0.56933, "precision_std": 0.07188, "recall": 0.8004, "recall_std": 0.20056, "f1": 0.643, "f1_std": 0.02957, "auc": 0.55128, "auc_std": 0.10714}
{"epoch": 38, "time_epoch": 7.95283, "time_epoch_std": 0.0755, "eta": 513.18472, "eta_std": 10.55168, "eta_hours": 0.14255, "eta_hours_std": 0.00293, "loss": 0.6811, "loss_std": 0.01237, "lr": 0.00068, "lr_std": 0.0, "params": 5289.0, "params_std": 0.0, "time_iter": 0.06362, "time_iter_std": 0.0006, "accuracy": 0.555, "accuracy_std": 0.04908, "accuracy_max": 0.608, "precision": 0.56062, "precision_std": 0.05484, "recall": 0.7915, "recall_std": 0.2114, "f1": 0.63465, "f1_std": 0.04068, "auc": 0.53812, "auc_std": 0.09361}
{"epoch": 39, "time_epoch": 7.98512, "time_epoch_std": 0.08479, "eta": 504.13024, "eta_std": 10.22063, "eta_hours": 0.14004, "eta_hours_std": 0.00284, "loss": 0.67737, "loss_std": 0.01697, "lr": 0.00067, "lr_std": 0.0, "params": 5289.0, "params_std": 0.0, "time_iter": 0.06388, "time_iter_std": 0.00068, "accuracy": 0.546, "accuracy_std": 0.0598, "accuracy_max": 0.614, "precision": 0.5586, "precision_std": 0.06498, "recall": 0.69466, "recall_std": 0.18373, "f1": 0.60128, "f1_std": 0.04263, "auc": 0.55228, "auc_std": 0.08622}
{"epoch": 40, "time_epoch": 7.97303, "time_epoch_std": 0.08764, "eta": 495.11052, "eta_std": 9.89269, "eta_hours": 0.13753, "eta_hours_std": 0.00275, "loss": 0.68364, "loss_std": 0.00994, "lr": 0.00065, "lr_std": 0.0, "params": 5289.0, "params_std": 0.0, "time_iter": 0.06378, "time_iter_std": 0.0007, "accuracy": 0.546, "accuracy_std": 0.04292, "accuracy_max": 0.608, "precision": 0.55129, "precision_std": 0.04881, "recall": 0.78261, "recall_std": 0.21746, "f1": 0.62617, "f1_std": 0.04725, "auc": 0.53456, "auc_std": 0.0775}
{"epoch": 41, "time_epoch": 7.97342, "time_epoch_std": 0.07745, "eta": 486.14119, "eta_std": 9.55622, "eta_hours": 0.13504, "eta_hours_std": 0.00265, "loss": 0.68082, "loss_std": 0.01286, "lr": 0.00064, "lr_std": 0.0, "params": 5289.0, "params_std": 0.0, "time_iter": 0.06379, "time_iter_std": 0.00062, "accuracy": 0.5375, "accuracy_std": 0.05999, "accuracy_max": 0.598, "precision": 0.54553, "precision_std": 0.06219, "recall": 0.66403, "recall_std": 0.19466, "f1": 0.5839, "f1_std": 0.06551, "auc": 0.53631, "auc_std": 0.08801}
{"epoch": 42, "time_epoch": 7.95559, "time_epoch_std": 0.0718, "eta": 477.19454, "eta_std": 9.22264, "eta_hours": 0.13256, "eta_hours_std": 0.00256, "loss": 0.68179, "loss_std": 0.01278, "lr": 0.00062, "lr_std": 0.0, "params": 5289.0, "params_std": 0.0, "time_iter": 0.06364, "time_iter_std": 0.00057, "accuracy": 0.5405, "accuracy_std": 0.05505, "accuracy_max": 0.608, "precision": 0.55024, "precision_std": 0.06196, "recall": 0.68281, "recall_std": 0.18758, "f1": 0.59315, "f1_std": 0.05307, "auc": 0.53484, "auc_std": 0.08385}
{"epoch": 43, "time_epoch": 7.96698, "time_epoch_std": 0.06325, "eta": 468.30744, "eta_std": 8.92775, "eta_hours": 0.13008, "eta_hours_std": 0.00248, "loss": 0.67927, "loss_std": 0.01436, "lr": 0.00061, "lr_std": 0.0, "params": 5289.0, "params_std": 0.0, "time_iter": 0.06374, "time_iter_std": 0.00051, "accuracy": 0.5545, "accuracy_std": 0.05689, "accuracy_max": 0.616, "precision": 0.56611, "precision_std": 0.06473, "recall": 0.76878, "recall_std": 0.20849, "f1": 0.62822, "f1_std": 0.03545, "auc": 0.54272, "auc_std": 0.08933}
{"epoch": 44, "time_epoch": 7.96722, "time_epoch_std": 0.06582, "eta": 459.46152, "eta_std": 8.64862, "eta_hours": 0.12763, "eta_hours_std": 0.0024, "loss": 0.67936, "loss_std": 0.01406, "lr": 0.00059, "lr_std": 0.0, "params": 5289.0, "params_std": 0.0, "time_iter": 0.06374, "time_iter_std": 0.00053, "accuracy": 0.5485, "accuracy_std": 0.05617, "accuracy_max": 0.618, "precision": 0.55833, "precision_std": 0.05994, "recall": 0.74605, "recall_std": 0.18699, "f1": 0.61956, "f1_std": 0.03517, "auc": 0.54128, "auc_std": 0.09555}
{"epoch": 45, "time_epoch": 7.97441, "time_epoch_std": 0.05956, "eta": 450.66225, "eta_std": 8.3226, "eta_hours": 0.12518, "eta_hours_std": 0.00231, "loss": 0.67858, "loss_std": 0.0149, "lr": 0.00058, "lr_std": 0.0, "params": 5289.0, "params_std": 0.0, "time_iter": 0.0638, "time_iter_std": 0.00048, "accuracy": 0.557, "accuracy_std": 0.05102, "accuracy_max": 0.61, "precision": 0.56416, "precision_std": 0.0582, "recall": 0.78656, "recall_std": 0.21344, "f1": 0.63435, "f1_std": 0.03765, "auc": 0.54007, "auc_std": 0.09993}
{"epoch": 46, "time_epoch": 7.95162, "time_epoch_std": 0.05884, "eta": 441.87238, "eta_std": 8.04559, "eta_hours": 0.12274, "eta_hours_std": 0.00223, "loss": 0.6748, "loss_std": 0.01874, "lr": 0.00056, "lr_std": 0.0, "params": 5289.0, "params_std": 0.0, "time_iter": 0.06362, "time_iter_std": 0.00047, "accuracy": 0.556, "accuracy_std": 0.05008, "accuracy_max": 0.61, "precision": 0.56214, "precision_std": 0.05634, "recall": 0.78952, "recall_std": 0.21052, "f1": 0.63497, "f1_std": 0.03701, "auc": 0.55004, "auc_std": 0.10141}
{"epoch": 47, "time_epoch": 7.9612, "time_epoch_std": 0.05677, "eta": 433.12781, "eta_std": 7.78596, "eta_hours": 0.12032, "eta_hours_std": 0.00216, "loss": 0.67859, "loss_std": 0.01478, "lr": 0.00055, "lr_std": 0.0, "params": 5289.0, "params_std": 0.0, "time_iter": 0.06369, "time_iter_std": 0.00046, "accuracy": 0.5475, "accuracy_std": 0.04199, "accuracy_max": 0.598, "precision": 0.55449, "precision_std": 0.04891, "recall": 0.7747, "recall_std": 0.22545, "f1": 0.62346, "f1_std": 0.0491, "auc": 0.53836, "auc_std": 0.09405}
{"epoch": 48, "time_epoch": 7.9818, "time_epoch_std": 0.06999, "eta": 424.43667, "eta_std": 7.53597, "eta_hours": 0.1179, "eta_hours_std": 0.0021, "loss": 0.67705, "loss_std": 0.01751, "lr": 0.00053, "lr_std": 0.0, "params": 5289.0, "params_std": 0.0, "time_iter": 0.06385, "time_iter_std": 0.00056, "accuracy": 0.558, "accuracy_std": 0.05293, "accuracy_max": 0.624, "precision": 0.56448, "precision_std": 0.05872, "recall": 0.78952, "recall_std": 0.21251, "f1": 0.63583, "f1_std": 0.04051, "auc": 0.54567, "auc_std": 0.09934}
{"epoch": 49, "time_epoch": 7.95012, "time_epoch_std": 0.07811, "eta": 415.74222, "eta_std": 7.28822, "eta_hours": 0.11548, "eta_hours_std": 0.00202, "loss": 0.6795, "loss_std": 0.0145, "lr": 0.00052, "lr_std": 0.0, "params": 5289.0, "params_std": 0.0, "time_iter": 0.0636, "time_iter_std": 0.00062, "accuracy": 0.547, "accuracy_std": 0.0411, "accuracy_max": 0.592, "precision": 0.55278, "precision_std": 0.04686, "recall": 0.77964, "recall_std": 0.22039, "f1": 0.62535, "f1_std": 0.04676, "auc": 0.54714, "auc_std": 0.07432}
{"epoch": 50, "time_epoch": 7.96893, "time_epoch_std": 0.07282, "eta": 407.09502, "eta_std": 7.05111, "eta_hours": 0.11308, "eta_hours_std": 0.00196, "loss": 0.67966, "loss_std": 0.01384, "lr": 0.0005, "lr_std": 0.0, "params": 5289.0, "params_std": 0.0, "time_iter": 0.06375, "time_iter_std": 0.00058, "accuracy": 0.551, "accuracy_std": 0.0464, "accuracy_max": 0.612, "precision": 0.55942, "precision_std": 0.05613, "recall": 0.77668, "recall_std": 0.22348, "f1": 0.62651, "f1_std": 0.04558, "auc": 0.53795, "auc_std": 0.08991}
{"epoch": 51, "time_epoch": 7.97495, "time_epoch_std": 0.06967, "eta": 398.47947, "eta_std": 6.82823, "eta_hours": 0.11069, "eta_hours_std": 0.0019, "loss": 0.67808, "loss_std": 0.01533, "lr": 0.00048, "lr_std": 0.0, "params": 5289.0, "params_std": 0.0, "time_iter": 0.0638, "time_iter_std": 0.00056, "accuracy": 0.559, "accuracy_std": 0.05367, "accuracy_max": 0.624, "precision": 0.56508, "precision_std": 0.05931, "recall": 0.79249, "recall_std": 0.20871, "f1": 0.63782, "f1_std": 0.03706, "auc": 0.53755, "auc_std": 0.10654}
{"epoch": 52, "time_epoch": 7.9792, "time_epoch_std": 0.07538, "eta": 389.89186, "eta_std": 6.60244, "eta_hours": 0.1083, "eta_hours_std": 0.00184, "loss": 0.67597, "loss_std": 0.01736, "lr": 0.00047, "lr_std": 0.0, "params": 5289.0, "params_std": 0.0, "time_iter": 0.06384, "time_iter_std": 0.00061, "accuracy": 0.5555, "accuracy_std": 0.04955, "accuracy_max": 0.608, "precision": 0.56378, "precision_std": 0.0578, "recall": 0.78063, "recall_std": 0.22001, "f1": 0.63077, "f1_std": 0.04208, "auc": 0.53886, "auc_std": 0.10276}
{"epoch": 53, "time_epoch": 7.9548, "time_epoch_std": 0.07561, "eta": 381.30601, "eta_std": 6.37678, "eta_hours": 0.10592, "eta_hours_std": 0.00177, "loss": 0.68115, "loss_std": 0.01295, "lr": 0.00045, "lr_std": 0.0, "params": 5289.0, "params_std": 0.0, "time_iter": 0.06364, "time_iter_std": 0.0006, "accuracy": 0.5455, "accuracy_std": 0.04056, "accuracy_max": 0.598, "precision": 0.55189, "precision_std": 0.0461, "recall": 0.77372, "recall_std": 0.22897, "f1": 0.62128, "f1_std": 0.05491, "auc": 0.53544, "auc_std": 0.08528}
{"epoch": 54, "time_epoch": 7.98063, "time_epoch_std": 0.07591, "eta": 372.76423, "eta_std": 6.17876, "eta_hours": 0.10355, "eta_hours_std": 0.00172, "loss": 0.67765, "loss_std": 0.01631, "lr": 0.00044, "lr_std": 0.0, "params": 5289.0, "params_std": 0.0, "time_iter": 0.06384, "time_iter_std": 0.00061, "accuracy": 0.544, "accuracy_std": 0.03865, "accuracy_max": 0.592, "precision": 0.54902, "precision_std": 0.04366, "recall": 0.77964, "recall_std": 0.22047, "f1": 0.62359, "f1_std": 0.04892, "auc": 0.53759, "auc_std": 0.08781}
{"epoch": 55, "time_epoch": 7.96717, "time_epoch_std": 0.06684, "eta": 364.23191, "eta_std": 5.97603, "eta_hours": 0.10118, "eta_hours_std": 0.00166, "loss": 0.68421, "loss_std": 0.01155, "lr": 0.00042, "lr_std": 0.0, "params": 5289.0, "params_std": 0.0, "time_iter": 0.06374, "time_iter_std": 0.00054, "accuracy": 0.55, "accuracy_std": 0.05278, "accuracy_max": 0.612, "precision": 0.55983, "precision_std": 0.05854, "recall": 0.68182, "recall_std": 0.18762, "f1": 0.59786, "f1_std": 0.04868, "auc": 0.54627, "auc_std": 0.07862}
{"epoch": 56, "time_epoch": 7.97932, "time_epoch_std": 0.06619, "eta": 355.7286, "eta_std": 5.77424, "eta_hours": 0.09881, "eta_hours_std": 0.0016, "loss": 0.67671, "loss_std": 0.01654, "lr": 0.00041, "lr_std": 0.0, "params": 5289.0, "params_std": 0.0, "time_iter": 0.06383, "time_iter_std": 0.00053, "accuracy": 0.553, "accuracy_std": 0.04719, "accuracy_max": 0.606, "precision": 0.55747, "precision_std": 0.05254, "recall": 0.79546, "recall_std": 0.20592, "f1": 0.63539, "f1_std": 0.03728, "auc": 0.55136, "auc_std": 0.09156}
{"epoch": 57, "time_epoch": 7.90412, "time_epoch_std": 0.1072, "eta": 347.18889, "eta_std": 5.59529, "eta_hours": 0.09644, "eta_hours_std": 0.00155, "loss": 0.67816, "loss_std": 0.0165, "lr": 0.00039, "lr_std": 0.0, "params": 5289.0, "params_std": 0.0, "time_iter": 0.06323, "time_iter_std": 0.00086, "accuracy": 0.5525, "accuracy_std": 0.04693, "accuracy_max": 0.608, "precision": 0.55902, "precision_std": 0.05303, "recall": 0.7836, "recall_std": 0.21967, "f1": 0.6297, "f1_std": 0.04677, "auc": 0.54759, "auc_std": 0.09128}
{"epoch": 58, "time_epoch": 7.9758, "time_epoch_std": 0.08042, "eta": 338.72054, "eta_std": 5.42058, "eta_hours": 0.09409, "eta_hours_std": 0.00151, "loss": 0.6761, "loss_std": 0.01732, "lr": 0.00038, "lr_std": 0.0, "params": 5289.0, "params_std": 0.0, "time_iter": 0.06381, "time_iter_std": 0.00064, "accuracy": 0.5665, "accuracy_std": 0.06119, "accuracy_max": 0.64, "precision": 0.57481, "precision_std": 0.07097, "recall": 0.79743, "recall_std": 0.20315, "f1": 0.6447, "f1_std": 0.02728, "auc": 0.55852, "auc_std": 0.09241}
{"epoch": 59, "time_epoch": 7.9711, "time_epoch_std": 0.06951, "eta": 330.26549, "eta_std": 5.23695, "eta_hours": 0.09174, "eta_hours_std": 0.00146, "loss": 0.68058, "loss_std": 0.01532, "lr": 0.00036, "lr_std": 0.0, "params": 5289.0, "params_std": 0.0, "time_iter": 0.06377, "time_iter_std": 0.00056, "accuracy": 0.5605, "accuracy_std": 0.05505, "accuracy_max": 0.626, "precision": 0.5702, "precision_std": 0.06423, "recall": 0.78261, "recall_std": 0.2214, "f1": 0.63402, "f1_std": 0.04426, "auc": 0.55332, "auc_std": 0.08833}
{"epoch": 60, "time_epoch": 7.9865, "time_epoch_std": 0.08603, "eta": 321.83614, "eta_std": 5.06588, "eta_hours": 0.0894, "eta_hours_std": 0.00141, "loss": 0.68201, "loss_std": 0.01117, "lr": 0.00035, "lr_std": 0.0, "params": 5289.0, "params_std": 0.0, "time_iter": 0.06389, "time_iter_std": 0.00069, "accuracy": 0.5535, "accuracy_std": 0.04776, "accuracy_max": 0.608, "precision": 0.55987, "precision_std": 0.05464, "recall": 0.78656, "recall_std": 0.21373, "f1": 0.63218, "f1_std": 0.03983, "auc": 0.54859, "auc_std": 0.08561}
{"epoch": 61, "time_epoch": 7.97888, "time_epoch_std": 0.07536, "eta": 313.41641, "eta_std": 4.8871, "eta_hours": 0.08706, "eta_hours_std": 0.00136, "loss": 0.68502, "loss_std": 0.01257, "lr": 0.00033, "lr_std": 0.0, "params": 5289.0, "params_std": 0.0, "time_iter": 0.06383, "time_iter_std": 0.0006, "accuracy": 0.543, "accuracy_std": 0.04709, "accuracy_max": 0.6, "precision": 0.55278, "precision_std": 0.05248, "recall": 0.69664, "recall_std": 0.18775, "f1": 0.59906, "f1_std": 0.04371, "auc": 0.53249, "auc_std": 0.09186}
{"epoch": 62, "time_epoch": 7.98766, "time_epoch_std": 0.07412, "eta": 305.01583, "eta_std": 4.71689, "eta_hours": 0.08472, "eta_hours_std": 0.00131, "loss": 0.67093, "loss_std": 0.02269, "lr": 0.00032, "lr_std": 0.0, "params": 5289.0, "params_std": 0.0, "time_iter": 0.0639, "time_iter_std": 0.00059, "accuracy": 0.569, "accuracy_std": 0.06325, "accuracy_max": 0.64, "precision": 0.5749, "precision_std": 0.0689, "recall": 0.80533, "recall_std": 0.19647, "f1": 0.64908, "f1_std": 0.02673, "auc": 0.55375, "auc_std": 0.11604}
{"epoch": 63, "time_epoch": 7.97682, "time_epoch_std": 0.07862, "eta": 296.62206, "eta_std": 4.556, "eta_hours": 0.0824, "eta_hours_std": 0.00127, "loss": 0.67206, "loss_std": 0.02316, "lr": 0.0003, "lr_std": 0.0, "params": 5289.0, "params_std": 0.0, "time_iter": 0.06382, "time_iter_std": 0.00063, "accuracy": 0.564, "accuracy_std": 0.05843, "accuracy_max": 0.632, "precision": 0.57074, "precision_std": 0.06504, "recall": 0.79644, "recall_std": 0.20386, "f1": 0.6427, "f1_std": 0.03061, "auc": 0.56566, "auc_std": 0.09538}
{"epoch": 64, "time_epoch": 7.96343, "time_epoch_std": 0.07039, "eta": 288.2339, "eta_std": 4.39303, "eta_hours": 0.08007, "eta_hours_std": 0.00122, "loss": 0.68169, "loss_std": 0.01224, "lr": 0.00029, "lr_std": 0.0, "params": 5289.0, "params_std": 0.0, "time_iter": 0.06371, "time_iter_std": 0.00056, "accuracy": 0.551, "accuracy_std": 0.04916, "accuracy_max": 0.624, "precision": 0.55544, "precision_std": 0.05379, "recall": 0.7915, "recall_std": 0.20907, "f1": 0.63285, "f1_std": 0.04315, "auc": 0.54841, "auc_std": 0.08506}
{"epoch": 65, "time_epoch": 7.97125, "time_epoch_std": 0.0837, "eta": 279.86264, "eta_std": 4.23776, "eta_hours": 0.07774, "eta_hours_std": 0.00118, "loss": 0.67992, "loss_std": 0.01384, "lr": 0.00027, "lr_std": 0.0, "params": 5289.0, "params_std": 0.0, "time_iter": 0.06377, "time_iter_std": 0.00067, "accuracy": 0.5545, "accuracy_std": 0.04863, "accuracy_max": 0.608, "precision": 0.56084, "precision_std": 0.05494, "recall": 0.78656, "recall_std": 0.21351, "f1": 0.63281, "f1_std": 0.03943, "auc": 0.54301, "auc_std": 0.0912}
{"epoch": 66, "time_epoch": 7.99759, "time_epoch_std": 0.09402, "eta": 271.5163, "eta_std": 4.07139, "eta_hours": 0.07542, "eta_hours_std": 0.00113, "loss": 0.67982, "loss_std": 0.01364, "lr": 0.00026, "lr_std": 0.0, "params": 5289.0, "params_std": 0.0, "time_iter": 0.06398, "time_iter_std": 0.00075, "accuracy": 0.5605, "accuracy_std": 0.05552, "accuracy_max": 0.63, "precision": 0.56608, "precision_std": 0.06093, "recall": 0.79644, "recall_std": 0.20404, "f1": 0.64051, "f1_std": 0.03374, "auc": 0.55281, "auc_std": 0.09032}
{"epoch": 67, "time_epoch": 7.97192, "time_epoch_std": 0.07236, "eta": 263.16814, "eta_std": 3.9173, "eta_hours": 0.0731, "eta_hours_std": 0.00109, "loss": 0.68534, "loss_std": 0.00896, "lr": 0.00025, "lr_std": 0.0, "params": 5289.0, "params_std": 0.0, "time_iter": 0.06378, "time_iter_std": 0.00058, "accuracy": 0.556, "accuracy_std": 0.05071, "accuracy_max": 0.618, "precision": 0.56291, "precision_std": 0.05822, "recall": 0.78755, "recall_std": 0.21249, "f1": 0.63419, "f1_std": 0.03795, "auc": 0.53347, "auc_std": 0.08715}
{"epoch": 68, "time_epoch": 8.00704, "time_epoch_std": 0.10168, "eta": 254.84666, "eta_std": 3.7679, "eta_hours": 0.07079, "eta_hours_std": 0.00105, "loss": 0.68236, "loss_std": 0.01124, "lr": 0.00023, "lr_std": 0.0, "params": 5289.0, "params_std": 0.0, "time_iter": 0.06406, "time_iter_std": 0.00081, "accuracy": 0.5535, "accuracy_std": 0.04755, "accuracy_max": 0.604, "precision": 0.55884, "precision_std": 0.05287, "recall": 0.78952, "recall_std": 0.21052, "f1": 0.63344, "f1_std": 0.03865, "auc": 0.54023, "auc_std": 0.09344}
{"epoch": 69, "time_epoch": 7.99977, "time_epoch_std": 0.09787, "eta": 246.53104, "eta_std": 3.61869, "eta_hours": 0.06848, "eta_hours_std": 0.00101, "loss": 0.67854, "loss_std": 0.01772, "lr": 0.00022, "lr_std": 0.0, "params": 5289.0, "params_std": 0.0, "time_iter": 0.064, "time_iter_std": 0.00078, "accuracy": 0.5545, "accuracy_std": 0.05322, "accuracy_max": 0.634, "precision": 0.56215, "precision_std": 0.06267, "recall": 0.78558, "recall_std": 0.21447, "f1": 0.63268, "f1_std": 0.04211, "auc": 0.55064, "auc_std": 0.0843}
{"epoch": 70, "time_epoch": 7.94683, "time_epoch_std": 0.06914, "eta": 238.2027, "eta_std": 3.46995, "eta_hours": 0.06617, "eta_hours_std": 0.00096, "loss": 0.6793, "loss_std": 0.01693, "lr": 0.00021, "lr_std": 0.0, "params": 5289.0, "params_std": 0.0, "time_iter": 0.06357, "time_iter_std": 0.00056, "accuracy": 0.56, "accuracy_std": 0.05402, "accuracy_max": 0.616, "precision": 0.56633, "precision_std": 0.0604, "recall": 0.79348, "recall_std": 0.20656, "f1": 0.63905, "f1_std": 0.03294, "auc": 0.55701, "auc_std": 0.09282}
{"epoch": 71, "time_epoch": 7.97726, "time_epoch_std": 0.10277, "eta": 229.8968, "eta_std": 3.32511, "eta_hours": 0.06386, "eta_hours_std": 0.00092, "loss": 0.6778, "loss_std": 0.01517, "lr": 0.00019, "lr_std": 0.0, "params": 5289.0, "params_std": 0.0, "time_iter": 0.06382, "time_iter_std": 0.00082, "accuracy": 0.556, "accuracy_std": 0.05, "accuracy_max": 0.606, "precision": 0.56085, "precision_std": 0.05485, "recall": 0.79446, "recall_std": 0.20554, "f1": 0.637, "f1_std": 0.03498, "auc": 0.57657, "auc_std": 0.08057}
{"epoch": 72, "time_epoch": 7.98262, "time_epoch_std": 0.07476, "eta": 221.60187, "eta_std": 3.18324, "eta_hours": 0.06156, "eta_hours_std": 0.00088, "loss": 0.67311, "loss_std": 0.01965, "lr": 0.00018, "lr_std": 0.0, "params": 5289.0, "params_std": 0.0, "time_iter": 0.06386, "time_iter_std": 0.0006, "accuracy": 0.5645, "accuracy_std": 0.04993, "accuracy_max": 0.616, "precision": 0.5709, "precision_std": 0.05892, "recall": 0.74506, "recall_std": 0.17908, "f1": 0.6283, "f1_std": 0.02914, "auc": 0.58675, "auc_std": 0.08095}
{"epoch": 73, "time_epoch": 8.01144, "time_epoch_std": 0.08541, "eta": 213.32552, "eta_std": 3.04225, "eta_hours": 0.05926, "eta_hours_std": 0.00084, "loss": 0.67507, "loss_std": 0.01737, "lr": 0.00017, "lr_std": 0.0, "params": 5289.0, "params_std": 0.0, "time_iter": 0.06409, "time_iter_std": 0.00069, "accuracy": 0.568, "accuracy_std": 0.04101, "accuracy_max": 0.606, "precision": 0.5679, "precision_std": 0.04527, "recall": 0.74407, "recall_std": 0.16291, "f1": 0.63079, "f1_std": 0.02682, "auc": 0.58456, "auc_std": 0.08269}
{"epoch": 74, "time_epoch": 7.99559, "time_epoch_std": 0.09716, "eta": 205.05094, "eta_std": 2.90731, "eta_hours": 0.05696, "eta_hours_std": 0.00081, "loss": 0.67003, "loss_std": 0.02227, "lr": 0.00016, "lr_std": 0.0, "params": 5289.0, "params_std": 0.0, "time_iter": 0.06396, "time_iter_std": 0.00078, "accuracy": 0.576, "accuracy_std": 0.05048, "accuracy_max": 0.626, "precision": 0.58433, "precision_std": 0.06104, "recall": 0.70948, "recall_std": 0.17473, "f1": 0.62342, "f1_std": 0.02982, "auc": 0.58959, "auc_std": 0.0794}
{"epoch": 75, "time_epoch": 7.97408, "time_epoch_std": 0.07851, "eta": 196.77692, "eta_std": 2.77087, "eta_hours": 0.05466, "eta_hours_std": 0.00077, "loss": 0.684, "loss_std": 0.0164, "lr": 0.00015, "lr_std": 0.0, "params": 5289.0, "params_std": 0.0, "time_iter": 0.06379, "time_iter_std": 0.00063, "accuracy": 0.5695, "accuracy_std": 0.04129, "accuracy_max": 0.61, "precision": 0.57359, "precision_std": 0.04745, "recall": 0.71245, "recall_std": 0.17295, "f1": 0.62038, "f1_std": 0.03158, "auc": 0.58074, "auc_std": 0.07057}
{"epoch": 76, "time_epoch": 8.00197, "time_epoch_std": 0.10451, "eta": 188.51902, "eta_std": 2.64065, "eta_hours": 0.05236, "eta_hours_std": 0.00073, "loss": 0.6715, "loss_std": 0.02187, "lr": 0.00014, "lr_std": 0.0, "params": 5289.0, "params_std": 0.0, "time_iter": 0.06402, "time_iter_std": 0.00084, "accuracy": 0.5785, "accuracy_std": 0.04446, "accuracy_max": 0.622, "precision": 0.58338, "precision_std": 0.04894, "recall": 0.70455, "recall_std": 0.17155, "f1": 0.62318, "f1_std": 0.02906, "auc": 0.59494, "auc_std": 0.08412}
{"epoch": 77, "time_epoch": 7.95661, "time_epoch_std": 0.08127, "eta": 180.25488, "eta_std": 2.51399, "eta_hours": 0.05007, "eta_hours_std": 0.0007, "loss": 0.67773, "loss_std": 0.01162, "lr": 0.00012, "lr_std": 0.0, "params": 5289.0, "params_std": 0.0, "time_iter": 0.06365, "time_iter_std": 0.00065, "accuracy": 0.579, "accuracy_std": 0.04274, "accuracy_max": 0.614, "precision": 0.58512, "precision_std": 0.04703, "recall": 0.69664, "recall_std": 0.17772, "f1": 0.61996, "f1_std": 0.03263, "auc": 0.59633, "auc_std": 0.07068}
{"epoch": 78, "time_epoch": 7.97336, "time_epoch_std": 0.08665, "eta": 172.00298, "eta_std": 2.38893, "eta_hours": 0.04778, "eta_hours_std": 0.00067, "loss": 0.67393, "loss_std": 0.0159, "lr": 0.00011, "lr_std": 0.0, "params": 5289.0, "params_std": 0.0, "time_iter": 0.06379, "time_iter_std": 0.00069, "accuracy": 0.5715, "accuracy_std": 0.04283, "accuracy_max": 0.626, "precision": 0.57857, "precision_std": 0.04792, "recall": 0.68577, "recall_std": 0.18418, "f1": 0.61113, "f1_std": 0.04078, "auc": 0.59019, "auc_std": 0.07754}
{"epoch": 79, "time_epoch": 8.00061, "time_epoch_std": 0.10486, "eta": 163.76486, "eta_std": 2.26182, "eta_hours": 0.04549, "eta_hours_std": 0.00063, "loss": 0.67413, "loss_std": 0.01954, "lr": 0.0001, "lr_std": 0.0, "params": 5289.0, "params_std": 0.0, "time_iter": 0.064, "time_iter_std": 0.00084, "accuracy": 0.5685, "accuracy_std": 0.04189, "accuracy_max": 0.624, "precision": 0.57689, "precision_std": 0.04626, "recall": 0.67194, "recall_std": 0.19189, "f1": 0.60346, "f1_std": 0.04665, "auc": 0.59014, "auc_std": 0.07808}
{"epoch": 80, "time_epoch": 8.0063, "time_epoch_std": 0.10024, "eta": 155.53395, "eta_std": 2.14088, "eta_hours": 0.04321, "eta_hours_std": 0.0006, "loss": 0.6732, "loss_std": 0.02095, "lr": 0.0001, "lr_std": 0.0, "params": 5289.0, "params_std": 0.0, "time_iter": 0.06405, "time_iter_std": 0.0008, "accuracy": 0.58, "accuracy_std": 0.04593, "accuracy_max": 0.632, "precision": 0.5892, "precision_std": 0.05281, "recall": 0.68577, "recall_std": 0.1817, "f1": 0.6166, "f1_std": 0.03404, "auc": 0.58965, "auc_std": 0.09395}
{"epoch": 81, "time_epoch": 7.94846, "time_epoch_std": 0.09128, "eta": 147.2958, "eta_std": 2.01571, "eta_hours": 0.04091, "eta_hours_std": 0.00056, "loss": 0.6652, "loss_std": 0.02232, "lr": 9e-05, "lr_std": 0.0, "params": 5289.0, "params_std": 0.0, "time_iter": 0.06358, "time_iter_std": 0.00073, "accuracy": 0.594, "accuracy_std": 0.0532, "accuracy_max": 0.64, "precision": 0.60128, "precision_std": 0.05927, "recall": 0.71047, "recall_std": 0.16791, "f1": 0.63502, "f1_std": 0.02281, "auc": 0.60082, "auc_std": 0.09393}
{"epoch": 82, "time_epoch": 8.08978, "time_epoch_std": 0.26812, "eta": 139.09359, "eta_std": 1.89234, "eta_hours": 0.03863, "eta_hours_std": 0.00053, "loss": 0.66992, "loss_std": 0.01764, "lr": 8e-05, "lr_std": 0.0, "params": 5289.0, "params_std": 0.0, "time_iter": 0.06472, "time_iter_std": 0.00215, "accuracy": 0.5855, "accuracy_std": 0.05423, "accuracy_max": 0.644, "precision": 0.59826, "precision_std": 0.06506, "recall": 0.68479, "recall_std": 0.182, "f1": 0.61995, "f1_std": 0.03469, "auc": 0.5966, "auc_std": 0.0894}
{"epoch": 83, "time_epoch": 8.12833, "time_epoch_std": 0.31599, "eta": 130.9014, "eta_std": 1.7708, "eta_hours": 0.03636, "eta_hours_std": 0.00049, "loss": 0.66869, "loss_std": 0.01743, "lr": 7e-05, "lr_std": 0.0, "params": 5289.0, "params_std": 0.0, "time_iter": 0.06502, "time_iter_std": 0.00253, "accuracy": 0.586, "accuracy_std": 0.04639, "accuracy_max": 0.618, "precision": 0.59352, "precision_std": 0.05127, "recall": 0.69763, "recall_std": 0.17527, "f1": 0.62488, "f1_std": 0.02757, "auc": 0.60626, "auc_std": 0.07892}
{"epoch": 84, "time_epoch": 8.15098, "time_epoch_std": 0.31145, "eta": 122.7147, "eta_std": 1.65596, "eta_hours": 0.03408, "eta_hours_std": 0.00046, "loss": 0.67421, "loss_std": 0.01316, "lr": 6e-05, "lr_std": 0.0, "params": 5289.0, "params_std": 0.0, "time_iter": 0.06521, "time_iter_std": 0.00249, "accuracy": 0.5815, "accuracy_std": 0.04542, "accuracy_max": 0.624, "precision": 0.59148, "precision_std": 0.05193, "recall": 0.6838, "recall_std": 0.1844, "f1": 0.61636, "f1_std": 0.03529, "auc": 0.59051, "auc_std": 0.08587}
{"epoch": 85, "time_epoch": 8.13658, "time_epoch_std": 0.30171, "eta": 114.5265, "eta_std": 1.54354, "eta_hours": 0.03181, "eta_hours_std": 0.00043, "loss": 0.66486, "loss_std": 0.02009, "lr": 5e-05, "lr_std": 0.0, "params": 5289.0, "params_std": 0.0, "time_iter": 0.06509, "time_iter_std": 0.00241, "accuracy": 0.5925, "accuracy_std": 0.05094, "accuracy_max": 0.634, "precision": 0.60562, "precision_std": 0.05969, "recall": 0.68676, "recall_std": 0.18226, "f1": 0.62446, "f1_std": 0.02936, "auc": 0.6075, "auc_std": 0.08776}
{"epoch": 86, "time_epoch": 8.14943, "time_epoch_std": 0.29236, "eta": 106.34139, "eta_std": 1.43339, "eta_hours": 0.02954, "eta_hours_std": 0.0004, "loss": 0.66563, "loss_std": 0.02035, "lr": 5e-05, "lr_std": 0.0, "params": 5289.0, "params_std": 0.0, "time_iter": 0.0652, "time_iter_std": 0.00234, "accuracy": 0.5875, "accuracy_std": 0.04784, "accuracy_max": 0.628, "precision": 0.5991, "precision_std": 0.05586, "recall": 0.68676, "recall_std": 0.18441, "f1": 0.62097, "f1_std": 0.03342, "auc": 0.60022, "auc_std": 0.08946}
{"epoch": 87, "time_epoch": 8.09827, "time_epoch_std": 0.21168, "eta": 98.15012, "eta_std": 1.31812, "eta_hours": 0.02726, "eta_hours_std": 0.00037, "loss": 0.67453, "loss_std": 0.01351, "lr": 4e-05, "lr_std": 0.0, "params": 5289.0, "params_std": 0.0, "time_iter": 0.06479, "time_iter_std": 0.00169, "accuracy": 0.581, "accuracy_std": 0.04502, "accuracy_max": 0.618, "precision": 0.5951, "precision_std": 0.05578, "recall": 0.67095, "recall_std": 0.19151, "f1": 0.61068, "f1_std": 0.03641, "auc": 0.60014, "auc_std": 0.07354}
{"epoch": 88, "time_epoch": 8.09307, "time_epoch_std": 0.23245, "eta": 89.96031, "eta_std": 1.20717, "eta_hours": 0.02499, "eta_hours_std": 0.00034, "loss": 0.67993, "loss_std": 0.00789, "lr": 4e-05, "lr_std": 0.0, "params": 5289.0, "params_std": 0.0, "time_iter": 0.06474, "time_iter_std": 0.00186, "accuracy": 0.572, "accuracy_std": 0.04087, "accuracy_max": 0.608, "precision": 0.58132, "precision_std": 0.04722, "recall": 0.6749, "recall_std": 0.18833, "f1": 0.60709, "f1_std": 0.03922, "auc": 0.58245, "auc_std": 0.06204}
{"epoch": 89, "time_epoch": 8.12052, "time_epoch_std": 0.28974, "eta": 81.77569, "eta_std": 1.09927, "eta_hours": 0.02272, "eta_hours_std": 0.0003, "loss": 0.65696, "loss_std": 0.02485, "lr": 3e-05, "lr_std": 0.0, "params": 5289.0, "params_std": 0.0, "time_iter": 0.06496, "time_iter_std": 0.00232, "accuracy": 0.6, "accuracy_std": 0.05559, "accuracy_max": 0.644, "precision": 0.61305, "precision_std": 0.06517, "recall": 0.69763, "recall_std": 0.1752, "f1": 0.63378, "f1_std": 0.02213, "auc": 0.64113, "auc_std": 0.0689}
{"epoch": 90, "time_epoch": 8.26492, "time_epoch_std": 0.43888, "eta": 73.60676, "eta_std": 0.99008, "eta_hours": 0.02044, "eta_hours_std": 0.00028, "loss": 0.6686, "loss_std": 0.01517, "lr": 2e-05, "lr_std": 0.0, "params": 5289.0, "params_std": 0.0, "time_iter": 0.06612, "time_iter_std": 0.00351, "accuracy": 0.5875, "accuracy_std": 0.04824, "accuracy_max": 0.63, "precision": 0.5965, "precision_std": 0.05463, "recall": 0.69467, "recall_std": 0.17644, "f1": 0.62476, "f1_std": 0.02753, "auc": 0.60301, "auc_std": 0.08067}
{"epoch": 91, "time_epoch": 8.61224, "time_epoch_std": 0.59384, "eta": 65.46594, "eta_std": 0.83162, "eta_hours": 0.01818, "eta_hours_std": 0.00023, "loss": 0.66312, "loss_std": 0.0235, "lr": 2e-05, "lr_std": 0.0, "params": 5289.0, "params_std": 0.0, "time_iter": 0.0689, "time_iter_std": 0.00475, "accuracy": 0.595, "accuracy_std": 0.05688, "accuracy_max": 0.662, "precision": 0.60567, "precision_std": 0.06288, "recall": 0.69566, "recall_std": 0.17802, "f1": 0.62966, "f1_std": 0.03548, "auc": 0.61301, "auc_std": 0.08497}
{"epoch": 92, "time_epoch": 8.60077, "time_epoch_std": 0.58547, "eta": 57.31413, "eta_std": 0.68903, "eta_hours": 0.01592, "eta_hours_std": 0.00019, "loss": 0.66997, "loss_std": 0.0175, "lr": 2e-05, "lr_std": 0.0, "params": 5289.0, "params_std": 0.0, "time_iter": 0.0688, "time_iter_std": 0.00468, "accuracy": 0.584, "accuracy_std": 0.04643, "accuracy_max": 0.626, "precision": 0.5947, "precision_std": 0.05232, "recall": 0.68182, "recall_std": 0.18544, "f1": 0.61703, "f1_std": 0.03568, "auc": 0.59722, "auc_std": 0.08245}
{"epoch": 93, "time_epoch": 8.60855, "time_epoch_std": 0.60892, "eta": 49.15325, "eta_std": 0.55806, "eta_hours": 0.01365, "eta_hours_std": 0.00016, "loss": 0.66431, "loss_std": 0.02005, "lr": 1e-05, "lr_std": 0.0, "params": 5289.0, "params_std": 0.0, "time_iter": 0.06887, "time_iter_std": 0.00487, "accuracy": 0.5955, "accuracy_std": 0.05615, "accuracy_max": 0.66, "precision": 0.60484, "precision_std": 0.06257, "recall": 0.70257, "recall_std": 0.17268, "f1": 0.63292, "f1_std": 0.02978, "auc": 0.60899, "auc_std": 0.08699}
{"epoch": 94, "time_epoch": 8.62, "time_epoch_std": 0.59396, "eta": 40.98356, "eta_std": 0.43988, "eta_hours": 0.01138, "eta_hours_std": 0.00012, "loss": 0.67137, "loss_std": 0.01511, "lr": 1e-05, "lr_std": 0.0, "params": 5289.0, "params_std": 0.0, "time_iter": 0.06896, "time_iter_std": 0.00475, "accuracy": 0.581, "accuracy_std": 0.04805, "accuracy_max": 0.624, "precision": 0.59293, "precision_std": 0.05658, "recall": 0.67688, "recall_std": 0.18783, "f1": 0.61338, "f1_std": 0.03844, "auc": 0.60266, "auc_std": 0.05673}
{"epoch": 95, "time_epoch": 8.59017, "time_epoch_std": 0.60883, "eta": 32.80325, "eta_std": 0.33311, "eta_hours": 0.00912, "eta_hours_std": 9e-05, "loss": 0.6698, "loss_std": 0.01635, "lr": 1e-05, "lr_std": 0.0, "params": 5289.0, "params_std": 0.0, "time_iter": 0.06872, "time_iter_std": 0.00487, "accuracy": 0.588, "accuracy_std": 0.05148, "accuracy_max": 0.64, "precision": 0.59917, "precision_std": 0.05918, "recall": 0.68775, "recall_std": 0.18059, "f1": 0.62238, "f1_std": 0.03261, "auc": 0.61512, "auc_std": 0.05874}
{"epoch": 96, "time_epoch": 8.52636, "time_epoch_std": 0.56826, "eta": 24.6125, "eta_std": 0.2349, "eta_hours": 0.00684, "eta_hours_std": 6e-05, "loss": 0.67271, "loss_std": 0.01306, "lr": 0.0, "lr_std": 0.0, "params": 5289.0, "params_std": 0.0, "time_iter": 0.06821, "time_iter_std": 0.00455, "accuracy": 0.581, "accuracy_std": 0.04469, "accuracy_max": 0.624, "precision": 0.59122, "precision_std": 0.05014, "recall": 0.67984, "recall_std": 0.1873, "f1": 0.61422, "f1_std": 0.03818, "auc": 0.59442, "auc_std": 0.07445}
{"epoch": 97, "time_epoch": 8.53802, "time_epoch_std": 0.54215, "eta": 16.41514, "eta_std": 0.14722, "eta_hours": 0.00456, "eta_hours_std": 4e-05, "loss": 0.67016, "loss_std": 0.01471, "lr": 0.0, "lr_std": 0.0, "params": 5289.0, "params_std": 0.0, "time_iter": 0.06831, "time_iter_std": 0.00434, "accuracy": 0.575, "accuracy_std": 0.04053, "accuracy_max": 0.61, "precision": 0.5852, "precision_std": 0.04667, "recall": 0.67391, "recall_std": 0.19113, "f1": 0.60797, "f1_std": 0.04061, "auc": 0.6097, "auc_std": 0.04822}
{"epoch": 98, "time_epoch": 8.51189, "time_epoch_std": 0.56445, "eta": 8.21065, "eta_std": 0.06923, "eta_hours": 0.00228, "eta_hours_std": 2e-05, "loss": 0.67551, "loss_std": 0.01363, "lr": 0.0, "lr_std": 0.0, "params": 5289.0, "params_std": 0.0, "time_iter": 0.0681, "time_iter_std": 0.00452, "accuracy": 0.5815, "accuracy_std": 0.04495, "accuracy_max": 0.624, "precision": 0.59374, "precision_std": 0.05222, "recall": 0.67392, "recall_std": 0.1899, "f1": 0.61217, "f1_std": 0.03772, "auc": 0.61404, "auc_std": 0.04314}
{"epoch": 99, "time_epoch": 8.53674, "time_epoch_std": 0.55958, "eta": 0.0, "eta_std": 0.0, "eta_hours": 0.0, "eta_hours_std": 0.0, "loss": 0.6757, "loss_std": 0.01149, "lr": 0.0, "lr_std": 0.0, "params": 5289.0, "params_std": 0.0, "time_iter": 0.06829, "time_iter_std": 0.00447, "accuracy": 0.58, "accuracy_std": 0.04532, "accuracy_max": 0.618, "precision": 0.58713, "precision_std": 0.04914, "recall": 0.69071, "recall_std": 0.17958, "f1": 0.61843, "f1_std": 0.03524, "auc": 0.59947, "auc_std": 0.06996}
