{"epoch": 0, "time_epoch": 16.58371, "time_epoch_std": 0.0, "eta": 1641.78738, "eta_std": 0.0, "eta_hours": 0.45605, "eta_hours_std": 0.0, "loss": 0.67445, "loss_std": 0.0, "lr": 0.001, "lr_std": 0.0, "params": 6215.0, "params_std": 0.0, "time_iter": 0.47382, "time_iter_std": 0.0, "accuracy": 0.61511, "accuracy_std": 0.0, "precision": 0.83333, "precision_std": 0.0, "recall": 0.02294, "recall_std": 0.0, "f1": 0.04464, "f1_std": 0.0, "auc": 0.65745, "auc_std": 0.0}
{"epoch": 1, "time_epoch": 1.86895, "time_epoch_std": 0.0, "eta": 904.18023, "eta_std": 0.0, "eta_hours": 0.25116, "eta_hours_std": 0.0, "loss": 0.63737, "loss_std": 0.0, "lr": 0.001, "lr_std": 0.0, "params": 6215.0, "params_std": 0.0, "time_iter": 0.0534, "time_iter_std": 0.0, "accuracy": 0.69424, "accuracy_std": 0.0, "precision": 0.69355, "precision_std": 0.0, "recall": 0.3945, "recall_std": 0.0, "f1": 0.50292, "f1_std": 0.0, "auc": 0.72519, "auc_std": 0.0}
{"epoch": 2, "time_epoch": 1.70545, "time_epoch_std": 0.0, "eta": 651.7789, "eta_std": 0.0, "eta_hours": 0.18105, "eta_hours_std": 0.0, "loss": 0.59879, "loss_std": 0.0, "lr": 0.001, "lr_std": 0.0, "params": 6215.0, "params_std": 0.0, "time_iter": 0.04873, "time_iter_std": 0.0, "accuracy": 0.72482, "accuracy_std": 0.0, "precision": 0.76423, "precision_std": 0.0, "recall": 0.43119, "recall_std": 0.0, "f1": 0.55132, "f1_std": 0.0, "auc": 0.74879, "auc_std": 0.0}
{"epoch": 3, "time_epoch": 1.70346, "time_epoch_std": 0.0, "eta": 524.67772, "eta_std": 0.0, "eta_hours": 0.14574, "eta_hours_std": 0.0, "loss": 0.57798, "loss_std": 0.0, "lr": 0.001, "lr_std": 0.0, "params": 6215.0, "params_std": 0.0, "time_iter": 0.04867, "time_iter_std": 0.0, "accuracy": 0.70863, "accuracy_std": 0.0, "precision": 0.69718, "precision_std": 0.0, "recall": 0.45413, "recall_std": 0.0, "f1": 0.55, "f1_std": 0.0, "auc": 0.75585, "auc_std": 0.0}
{"epoch": 4, "time_epoch": 1.74509, "time_epoch_std": 0.0, "eta": 448.52666, "eta_std": 0.0, "eta_hours": 0.12459, "eta_hours_std": 0.0, "loss": 0.55831, "loss_std": 0.0, "lr": 0.001, "lr_std": 0.0, "params": 6215.0, "params_std": 0.0, "time_iter": 0.04986, "time_iter_std": 0.0, "accuracy": 0.73561, "accuracy_std": 0.0, "precision": 0.72903, "precision_std": 0.0, "recall": 0.51835, "recall_std": 0.0, "f1": 0.6059, "f1_std": 0.0, "auc": 0.7814, "auc_std": 0.0}
{"epoch": 5, "time_epoch": 1.46801, "time_epoch_std": 0.0, "eta": 392.83655, "eta_std": 0.0, "eta_hours": 0.10912, "eta_hours_std": 0.0, "loss": 0.56433, "loss_std": 0.0, "lr": 0.00099, "lr_std": 0.0, "params": 6215.0, "params_std": 0.0, "time_iter": 0.04194, "time_iter_std": 0.0, "accuracy": 0.69784, "accuracy_std": 0.0, "precision": 0.71186, "precision_std": 0.0, "recall": 0.38532, "recall_std": 0.0, "f1": 0.5, "f1_std": 0.0, "auc": 0.76755, "auc_std": 0.0}
{"epoch": 6, "time_epoch": 1.5545, "time_epoch_std": 0.0, "eta": 353.78758, "eta_std": 0.0, "eta_hours": 0.09827, "eta_hours_std": 0.0, "loss": 0.54779, "loss_std": 0.0, "lr": 0.00099, "lr_std": 0.0, "params": 6215.0, "params_std": 0.0, "time_iter": 0.04441, "time_iter_std": 0.0, "accuracy": 0.74101, "accuracy_std": 0.0, "precision": 0.71264, "precision_std": 0.0, "recall": 0.56881, "recall_std": 0.0, "f1": 0.63265, "f1_std": 0.0, "auc": 0.78485, "auc_std": 0.0}
{"epoch": 7, "time_epoch": 1.81445, "time_epoch_std": 0.0, "eta": 327.10167, "eta_std": 0.0, "eta_hours": 0.09086, "eta_hours_std": 0.0, "loss": 0.51573, "loss_std": 0.0, "lr": 0.00099, "lr_std": 0.0, "params": 6215.0, "params_std": 0.0, "time_iter": 0.05184, "time_iter_std": 0.0, "accuracy": 0.75719, "accuracy_std": 0.0, "precision": 0.74556, "precision_std": 0.0, "recall": 0.57798, "recall_std": 0.0, "f1": 0.65116, "f1_std": 0.0, "auc": 0.80605, "auc_std": 0.0}
{"epoch": 8, "time_epoch": 1.69779, "time_epoch_std": 0.0, "eta": 304.76319, "eta_std": 0.0, "eta_hours": 0.08466, "eta_hours_std": 0.0, "loss": 0.51915, "loss_std": 0.0, "lr": 0.00098, "lr_std": 0.0, "params": 6215.0, "params_std": 0.0, "time_iter": 0.04851, "time_iter_std": 0.0, "accuracy": 0.7482, "accuracy_std": 0.0, "precision": 0.75658, "precision_std": 0.0, "recall": 0.52752, "recall_std": 0.0, "f1": 0.62162, "f1_std": 0.0, "auc": 0.80163, "auc_std": 0.0}
{"epoch": 9, "time_epoch": 1.86984, "time_epoch_std": 0.0, "eta": 288.10127, "eta_std": 0.0, "eta_hours": 0.08003, "eta_hours_std": 0.0, "loss": 0.52325, "loss_std": 0.0, "lr": 0.00098, "lr_std": 0.0, "params": 6215.0, "params_std": 0.0, "time_iter": 0.05342, "time_iter_std": 0.0, "accuracy": 0.7446, "accuracy_std": 0.0, "precision": 0.70879, "precision_std": 0.0, "recall": 0.59174, "recall_std": 0.0, "f1": 0.645, "f1_std": 0.0, "auc": 0.79632, "auc_std": 0.0}
{"epoch": 10, "time_epoch": 1.87174, "time_epoch_std": 0.0, "eta": 274.14424, "eta_std": 0.0, "eta_hours": 0.07615, "eta_hours_std": 0.0, "loss": 0.5375, "loss_std": 0.0, "lr": 0.00098, "lr_std": 0.0, "params": 6215.0, "params_std": 0.0, "time_iter": 0.05348, "time_iter_std": 0.0, "accuracy": 0.72662, "accuracy_std": 0.0, "precision": 0.70625, "precision_std": 0.0, "recall": 0.51835, "recall_std": 0.0, "f1": 0.59788, "f1_std": 0.0, "auc": 0.78071, "auc_std": 0.0}
{"epoch": 11, "time_epoch": 1.83512, "time_epoch_std": 0.0, "eta": 261.93282, "eta_std": 0.0, "eta_hours": 0.07276, "eta_hours_std": 0.0, "loss": 0.51494, "loss_std": 0.0, "lr": 0.00097, "lr_std": 0.0, "params": 6215.0, "params_std": 0.0, "time_iter": 0.05243, "time_iter_std": 0.0, "accuracy": 0.7536, "accuracy_std": 0.0, "precision": 0.74545, "precision_std": 0.0, "recall": 0.56422, "recall_std": 0.0, "f1": 0.6423, "f1_std": 0.0, "auc": 0.81141, "auc_std": 0.0}
{"epoch": 12, "time_epoch": 1.78174, "time_epoch_std": 0.0, "eta": 250.96054, "eta_std": 0.0, "eta_hours": 0.06971, "eta_hours_std": 0.0, "loss": 0.5168, "loss_std": 0.0, "lr": 0.00096, "lr_std": 0.0, "params": 6215.0, "params_std": 0.0, "time_iter": 0.05091, "time_iter_std": 0.0, "accuracy": 0.7446, "accuracy_std": 0.0, "precision": 0.72093, "precision_std": 0.0, "recall": 0.56881, "recall_std": 0.0, "f1": 0.6359, "f1_std": 0.0, "auc": 0.80427, "auc_std": 0.0}
{"epoch": 13, "time_epoch": 1.94496, "time_epoch_std": 0.0, "eta": 242.30382, "eta_std": 0.0, "eta_hours": 0.06731, "eta_hours_std": 0.0, "loss": 0.51216, "loss_std": 0.0, "lr": 0.00096, "lr_std": 0.0, "params": 6215.0, "params_std": 0.0, "time_iter": 0.05557, "time_iter_std": 0.0, "accuracy": 0.7554, "accuracy_std": 0.0, "precision": 0.73034, "precision_std": 0.0, "recall": 0.59633, "recall_std": 0.0, "f1": 0.65657, "f1_std": 0.0, "auc": 0.81726, "auc_std": 0.0}
{"epoch": 14, "time_epoch": 1.68955, "time_epoch_std": 0.0, "eta": 233.09468, "eta_std": 0.0, "eta_hours": 0.06475, "eta_hours_std": 0.0, "loss": 0.51201, "loss_std": 0.0, "lr": 0.00095, "lr_std": 0.0, "params": 6215.0, "params_std": 0.0, "time_iter": 0.04827, "time_iter_std": 0.0, "accuracy": 0.74281, "accuracy_std": 0.0, "precision": 0.70718, "precision_std": 0.0, "recall": 0.58716, "recall_std": 0.0, "f1": 0.6416, "f1_std": 0.0, "auc": 0.80988, "auc_std": 0.0}
{"epoch": 15, "time_epoch": 1.80784, "time_epoch_std": 0.0, "eta": 225.44655, "eta_std": 0.0, "eta_hours": 0.06262, "eta_hours_std": 0.0, "loss": 0.49559, "loss_std": 0.0, "lr": 0.00095, "lr_std": 0.0, "params": 6215.0, "params_std": 0.0, "time_iter": 0.05165, "time_iter_std": 0.0, "accuracy": 0.77878, "accuracy_std": 0.0, "precision": 0.76536, "precision_std": 0.0, "recall": 0.62844, "recall_std": 0.0, "f1": 0.69018, "f1_std": 0.0, "auc": 0.8225, "auc_std": 0.0}
{"epoch": 16, "time_epoch": 1.59611, "time_epoch_std": 0.0, "eta": 217.45175, "eta_std": 0.0, "eta_hours": 0.0604, "eta_hours_std": 0.0, "loss": 0.51312, "loss_std": 0.0, "lr": 0.00094, "lr_std": 0.0, "params": 6215.0, "params_std": 0.0, "time_iter": 0.0456, "time_iter_std": 0.0, "accuracy": 0.76799, "accuracy_std": 0.0, "precision": 0.76023, "precision_std": 0.0, "recall": 0.59633, "recall_std": 0.0, "f1": 0.66838, "f1_std": 0.0, "auc": 0.81563, "auc_std": 0.0}
{"epoch": 17, "time_epoch": 1.465, "time_epoch_std": 0.0, "eta": 209.57063, "eta_std": 0.0, "eta_hours": 0.05821, "eta_hours_std": 0.0, "loss": 0.49727, "loss_std": 0.0, "lr": 0.00093, "lr_std": 0.0, "params": 6215.0, "params_std": 0.0, "time_iter": 0.04186, "time_iter_std": 0.0, "accuracy": 0.76079, "accuracy_std": 0.0, "precision": 0.75148, "precision_std": 0.0, "recall": 0.58257, "recall_std": 0.0, "f1": 0.65633, "f1_std": 0.0, "auc": 0.82121, "auc_std": 0.0}
{"epoch": 18, "time_epoch": 1.53382, "time_epoch_std": 0.0, "eta": 202.65828, "eta_std": 0.0, "eta_hours": 0.05629, "eta_hours_std": 0.0, "loss": 0.51623, "loss_std": 0.0, "lr": 0.00092, "lr_std": 0.0, "params": 6215.0, "params_std": 0.0, "time_iter": 0.04382, "time_iter_std": 0.0, "accuracy": 0.75899, "accuracy_std": 0.0, "precision": 0.73864, "precision_std": 0.0, "recall": 0.59633, "recall_std": 0.0, "f1": 0.6599, "f1_std": 0.0, "auc": 0.813, "auc_std": 0.0}
{"epoch": 19, "time_epoch": 2.06169, "time_epoch_std": 0.0, "eta": 198.39526, "eta_std": 0.0, "eta_hours": 0.05511, "eta_hours_std": 0.0, "loss": 0.49618, "loss_std": 0.0, "lr": 0.00091, "lr_std": 0.0, "params": 6215.0, "params_std": 0.0, "time_iter": 0.05891, "time_iter_std": 0.0, "accuracy": 0.77878, "accuracy_std": 0.0, "precision": 0.76243, "precision_std": 0.0, "recall": 0.63303, "recall_std": 0.0, "f1": 0.69173, "f1_std": 0.0, "auc": 0.82103, "auc_std": 0.0}
{"epoch": 20, "time_epoch": 1.69439, "time_epoch_std": 0.0, "eta": 192.96017, "eta_std": 0.0, "eta_hours": 0.0536, "eta_hours_std": 0.0, "loss": 0.50923, "loss_std": 0.0, "lr": 0.0009, "lr_std": 0.0, "params": 6215.0, "params_std": 0.0, "time_iter": 0.04841, "time_iter_std": 0.0, "accuracy": 0.75, "accuracy_std": 0.0, "precision": 0.74534, "precision_std": 0.0, "recall": 0.55046, "recall_std": 0.0, "f1": 0.63325, "f1_std": 0.0, "auc": 0.81128, "auc_std": 0.0}
{"epoch": 21, "time_epoch": 1.78021, "time_epoch_std": 0.0, "eta": 188.16939, "eta_std": 0.0, "eta_hours": 0.05227, "eta_hours_std": 0.0, "loss": 0.50343, "loss_std": 0.0, "lr": 0.0009, "lr_std": 0.0, "params": 6215.0, "params_std": 0.0, "time_iter": 0.05086, "time_iter_std": 0.0, "accuracy": 0.7464, "accuracy_std": 0.0, "precision": 0.70157, "precision_std": 0.0, "recall": 0.61468, "recall_std": 0.0, "f1": 0.65526, "f1_std": 0.0, "auc": 0.81149, "auc_std": 0.0}
{"epoch": 22, "time_epoch": 1.782, "time_epoch_std": 0.0, "eta": 183.6464, "eta_std": 0.0, "eta_hours": 0.05101, "eta_hours_std": 0.0, "loss": 0.5011, "loss_std": 0.0, "lr": 0.00089, "lr_std": 0.0, "params": 6215.0, "params_std": 0.0, "time_iter": 0.05091, "time_iter_std": 0.0, "accuracy": 0.7518, "accuracy_std": 0.0, "precision": 0.72222, "precision_std": 0.0, "recall": 0.59633, "recall_std": 0.0, "f1": 0.65327, "f1_std": 0.0, "auc": 0.81927, "auc_std": 0.0}
{"epoch": 23, "time_epoch": 1.3687, "time_epoch_std": 0.0, "eta": 178.04303, "eta_std": 0.0, "eta_hours": 0.04946, "eta_hours_std": 0.0, "loss": 0.51489, "loss_std": 0.0, "lr": 0.00088, "lr_std": 0.0, "params": 6215.0, "params_std": 0.0, "time_iter": 0.03911, "time_iter_std": 0.0, "accuracy": 0.75, "accuracy_std": 0.0, "precision": 0.73373, "precision_std": 0.0, "recall": 0.56881, "recall_std": 0.0, "f1": 0.64083, "f1_std": 0.0, "auc": 0.79922, "auc_std": 0.0}
{"epoch": 24, "time_epoch": 1.41576, "time_epoch_std": 0.0, "eta": 172.91961, "eta_std": 0.0, "eta_hours": 0.04803, "eta_hours_std": 0.0, "loss": 0.51727, "loss_std": 0.0, "lr": 0.00086, "lr_std": 0.0, "params": 6215.0, "params_std": 0.0, "time_iter": 0.04045, "time_iter_std": 0.0, "accuracy": 0.7554, "accuracy_std": 0.0, "precision": 0.73563, "precision_std": 0.0, "recall": 0.58716, "recall_std": 0.0, "f1": 0.65306, "f1_std": 0.0, "auc": 0.79792, "auc_std": 0.0}
{"epoch": 25, "time_epoch": 1.73101, "time_epoch_std": 0.0, "eta": 168.97866, "eta_std": 0.0, "eta_hours": 0.04694, "eta_hours_std": 0.0, "loss": 0.51233, "loss_std": 0.0, "lr": 0.00085, "lr_std": 0.0, "params": 6215.0, "params_std": 0.0, "time_iter": 0.04946, "time_iter_std": 0.0, "accuracy": 0.7518, "accuracy_std": 0.0, "precision": 0.72472, "precision_std": 0.0, "recall": 0.59174, "recall_std": 0.0, "f1": 0.65152, "f1_std": 0.0, "auc": 0.80733, "auc_std": 0.0}
{"epoch": 26, "time_epoch": 1.53855, "time_epoch_std": 0.0, "eta": 164.68105, "eta_std": 0.0, "eta_hours": 0.04574, "eta_hours_std": 0.0, "loss": 0.5005, "loss_std": 0.0, "lr": 0.00084, "lr_std": 0.0, "params": 6215.0, "params_std": 0.0, "time_iter": 0.04396, "time_iter_std": 0.0, "accuracy": 0.76439, "accuracy_std": 0.0, "precision": 0.77707, "precision_std": 0.0, "recall": 0.55963, "recall_std": 0.0, "f1": 0.65067, "f1_std": 0.0, "auc": 0.81871, "auc_std": 0.0}
{"epoch": 27, "time_epoch": 1.63491, "time_epoch_std": 0.0, "eta": 160.82832, "eta_std": 0.0, "eta_hours": 0.04467, "eta_hours_std": 0.0, "loss": 0.5017, "loss_std": 0.0, "lr": 0.00083, "lr_std": 0.0, "params": 6215.0, "params_std": 0.0, "time_iter": 0.04671, "time_iter_std": 0.0, "accuracy": 0.75, "accuracy_std": 0.0, "precision": 0.73099, "precision_std": 0.0, "recall": 0.57339, "recall_std": 0.0, "f1": 0.64267, "f1_std": 0.0, "auc": 0.81375, "auc_std": 0.0}
{"epoch": 28, "time_epoch": 1.70971, "time_epoch_std": 0.0, "eta": 157.31166, "eta_std": 0.0, "eta_hours": 0.0437, "eta_hours_std": 0.0, "loss": 0.51245, "loss_std": 0.0, "lr": 0.00082, "lr_std": 0.0, "params": 6215.0, "params_std": 0.0, "time_iter": 0.04885, "time_iter_std": 0.0, "accuracy": 0.7464, "accuracy_std": 0.0, "precision": 0.72781, "precision_std": 0.0, "recall": 0.56422, "recall_std": 0.0, "f1": 0.63566, "f1_std": 0.0, "auc": 0.80218, "auc_std": 0.0}
{"epoch": 29, "time_epoch": 1.193, "time_epoch_std": 0.0, "eta": 152.70979, "eta_std": 0.0, "eta_hours": 0.04242, "eta_hours_std": 0.0, "loss": 0.50083, "loss_std": 0.0, "lr": 0.00081, "lr_std": 0.0, "params": 6215.0, "params_std": 0.0, "time_iter": 0.03409, "time_iter_std": 0.0, "accuracy": 0.7518, "accuracy_std": 0.0, "precision": 0.72727, "precision_std": 0.0, "recall": 0.58716, "recall_std": 0.0, "f1": 0.64975, "f1_std": 0.0, "auc": 0.81562, "auc_std": 0.0}
{"epoch": 30, "time_epoch": 1.11299, "time_epoch_std": 0.0, "eta": 148.14979, "eta_std": 0.0, "eta_hours": 0.04115, "eta_hours_std": 0.0, "loss": 0.48719, "loss_std": 0.0, "lr": 0.00079, "lr_std": 0.0, "params": 6215.0, "params_std": 0.0, "time_iter": 0.0318, "time_iter_std": 0.0, "accuracy": 0.76799, "accuracy_std": 0.0, "precision": 0.75429, "precision_std": 0.0, "recall": 0.6055, "recall_std": 0.0, "f1": 0.67176, "f1_std": 0.0, "auc": 0.83258, "auc_std": 0.0}
{"epoch": 31, "time_epoch": 1.1248, "time_epoch_std": 0.0, "eta": 143.83031, "eta_std": 0.0, "eta_hours": 0.03995, "eta_hours_std": 0.0, "loss": 0.48288, "loss_std": 0.0, "lr": 0.00078, "lr_std": 0.0, "params": 6215.0, "params_std": 0.0, "time_iter": 0.03214, "time_iter_std": 0.0, "accuracy": 0.77158, "accuracy_std": 0.0, "precision": 0.75706, "precision_std": 0.0, "recall": 0.61468, "recall_std": 0.0, "f1": 0.67848, "f1_std": 0.0, "auc": 0.82919, "auc_std": 0.0}
{"epoch": 32, "time_epoch": 1.31484, "time_epoch_std": 0.0, "eta": 140.09029, "eta_std": 0.0, "eta_hours": 0.03891, "eta_hours_std": 0.0, "loss": 0.49635, "loss_std": 0.0, "lr": 0.00077, "lr_std": 0.0, "params": 6215.0, "params_std": 0.0, "time_iter": 0.03757, "time_iter_std": 0.0, "accuracy": 0.7482, "accuracy_std": 0.0, "precision": 0.72159, "precision_std": 0.0, "recall": 0.58257, "recall_std": 0.0, "f1": 0.64467, "f1_std": 0.0, "auc": 0.81912, "auc_std": 0.0}
{"epoch": 33, "time_epoch": 1.59208, "time_epoch_std": 0.0, "eta": 137.03109, "eta_std": 0.0, "eta_hours": 0.03806, "eta_hours_std": 0.0, "loss": 0.50453, "loss_std": 0.0, "lr": 0.00075, "lr_std": 0.0, "params": 6215.0, "params_std": 0.0, "time_iter": 0.04549, "time_iter_std": 0.0, "accuracy": 0.75719, "accuracy_std": 0.0, "precision": 0.75152, "precision_std": 0.0, "recall": 0.56881, "recall_std": 0.0, "f1": 0.64752, "f1_std": 0.0, "auc": 0.8102, "auc_std": 0.0}
{"epoch": 34, "time_epoch": 1.42376, "time_epoch_std": 0.0, "eta": 133.74313, "eta_std": 0.0, "eta_hours": 0.03715, "eta_hours_std": 0.0, "loss": 0.49963, "loss_std": 0.0, "lr": 0.00074, "lr_std": 0.0, "params": 6215.0, "params_std": 0.0, "time_iter": 0.04068, "time_iter_std": 0.0, "accuracy": 0.76439, "accuracy_std": 0.0, "precision": 0.74857, "precision_std": 0.0, "recall": 0.60092, "recall_std": 0.0, "f1": 0.66667, "f1_std": 0.0, "auc": 0.81886, "auc_std": 0.0}
{"epoch": 35, "time_epoch": 1.59215, "time_epoch_std": 0.0, "eta": 130.8581, "eta_std": 0.0, "eta_hours": 0.03635, "eta_hours_std": 0.0, "loss": 0.49232, "loss_std": 0.0, "lr": 0.00073, "lr_std": 0.0, "params": 6215.0, "params_std": 0.0, "time_iter": 0.04549, "time_iter_std": 0.0, "accuracy": 0.76619, "accuracy_std": 0.0, "precision": 0.73404, "precision_std": 0.0, "recall": 0.63303, "recall_std": 0.0, "f1": 0.6798, "f1_std": 0.0, "auc": 0.82266, "auc_std": 0.0}
{"epoch": 36, "time_epoch": 1.77272, "time_epoch_std": 0.0, "eta": 128.35041, "eta_std": 0.0, "eta_hours": 0.03565, "eta_hours_std": 0.0, "loss": 0.50159, "loss_std": 0.0, "lr": 0.00071, "lr_std": 0.0, "params": 6215.0, "params_std": 0.0, "time_iter": 0.05065, "time_iter_std": 0.0, "accuracy": 0.7554, "accuracy_std": 0.0, "precision": 0.71579, "precision_std": 0.0, "recall": 0.62385, "recall_std": 0.0, "f1": 0.66667, "f1_std": 0.0, "auc": 0.81186, "auc_std": 0.0}
{"epoch": 37, "time_epoch": 1.4263, "time_epoch_std": 0.0, "eta": 125.3162, "eta_std": 0.0, "eta_hours": 0.03481, "eta_hours_std": 0.0, "loss": 0.49332, "loss_std": 0.0, "lr": 0.0007, "lr_std": 0.0, "params": 6215.0, "params_std": 0.0, "time_iter": 0.04075, "time_iter_std": 0.0, "accuracy": 0.76439, "accuracy_std": 0.0, "precision": 0.7574, "precision_std": 0.0, "recall": 0.58716, "recall_std": 0.0, "f1": 0.6615, "f1_std": 0.0, "auc": 0.825, "auc_std": 0.0}
{"epoch": 38, "time_epoch": 1.4266, "time_epoch_std": 0.0, "eta": 122.36491, "eta_std": 0.0, "eta_hours": 0.03399, "eta_hours_std": 0.0, "loss": 0.49518, "loss_std": 0.0, "lr": 0.00068, "lr_std": 0.0, "params": 6215.0, "params_std": 0.0, "time_iter": 0.04076, "time_iter_std": 0.0, "accuracy": 0.76978, "accuracy_std": 0.0, "precision": 0.76163, "precision_std": 0.0, "recall": 0.60092, "recall_std": 0.0, "f1": 0.67179, "f1_std": 0.0, "auc": 0.81938, "auc_std": 0.0}
{"epoch": 39, "time_epoch": 1.73291, "time_epoch_std": 0.0, "eta": 119.94932, "eta_std": 0.0, "eta_hours": 0.03332, "eta_hours_std": 0.0, "loss": 0.49288, "loss_std": 0.0, "lr": 0.00067, "lr_std": 0.0, "params": 6215.0, "params_std": 0.0, "time_iter": 0.04951, "time_iter_std": 0.0, "accuracy": 0.75719, "accuracy_std": 0.0, "precision": 0.71728, "precision_std": 0.0, "recall": 0.62844, "recall_std": 0.0, "f1": 0.66993, "f1_std": 0.0, "auc": 0.82455, "auc_std": 0.0}
{"epoch": 40, "time_epoch": 1.65006, "time_epoch_std": 0.0, "eta": 117.44782, "eta_std": 0.0, "eta_hours": 0.03262, "eta_hours_std": 0.0, "loss": 0.48825, "loss_std": 0.0, "lr": 0.00065, "lr_std": 0.0, "params": 6215.0, "params_std": 0.0, "time_iter": 0.04714, "time_iter_std": 0.0, "accuracy": 0.76799, "accuracy_std": 0.0, "precision": 0.73298, "precision_std": 0.0, "recall": 0.6422, "recall_std": 0.0, "f1": 0.6846, "f1_std": 0.0, "auc": 0.82612, "auc_std": 0.0}
{"epoch": 41, "time_epoch": 1.57437, "time_epoch_std": 0.0, "eta": 114.88232, "eta_std": 0.0, "eta_hours": 0.03191, "eta_hours_std": 0.0, "loss": 0.50351, "loss_std": 0.0, "lr": 0.00064, "lr_std": 0.0, "params": 6215.0, "params_std": 0.0, "time_iter": 0.04498, "time_iter_std": 0.0, "accuracy": 0.7464, "accuracy_std": 0.0, "precision": 0.72254, "precision_std": 0.0, "recall": 0.57339, "recall_std": 0.0, "f1": 0.63939, "f1_std": 0.0, "auc": 0.81172, "auc_std": 0.0}
{"epoch": 42, "time_epoch": 1.70831, "time_epoch_std": 0.0, "eta": 112.54048, "eta_std": 0.0, "eta_hours": 0.03126, "eta_hours_std": 0.0, "loss": 0.49942, "loss_std": 0.0, "lr": 0.00062, "lr_std": 0.0, "params": 6215.0, "params_std": 0.0, "time_iter": 0.04881, "time_iter_std": 0.0, "accuracy": 0.75899, "accuracy_std": 0.0, "precision": 0.72581, "precision_std": 0.0, "recall": 0.61927, "recall_std": 0.0, "f1": 0.66832, "f1_std": 0.0, "auc": 0.81584, "auc_std": 0.0}
{"epoch": 43, "time_epoch": 1.43567, "time_epoch_std": 0.0, "eta": 109.88043, "eta_std": 0.0, "eta_hours": 0.03052, "eta_hours_std": 0.0, "loss": 0.49612, "loss_std": 0.0, "lr": 0.00061, "lr_std": 0.0, "params": 6215.0, "params_std": 0.0, "time_iter": 0.04102, "time_iter_std": 0.0, "accuracy": 0.76619, "accuracy_std": 0.0, "precision": 0.73656, "precision_std": 0.0, "recall": 0.62844, "recall_std": 0.0, "f1": 0.67822, "f1_std": 0.0, "auc": 0.82297, "auc_std": 0.0}
{"epoch": 44, "time_epoch": 1.46523, "time_epoch_std": 0.0, "eta": 107.31093, "eta_std": 0.0, "eta_hours": 0.02981, "eta_hours_std": 0.0, "loss": 0.49749, "loss_std": 0.0, "lr": 0.00059, "lr_std": 0.0, "params": 6215.0, "params_std": 0.0, "time_iter": 0.04186, "time_iter_std": 0.0, "accuracy": 0.76799, "accuracy_std": 0.0, "precision": 0.7697, "precision_std": 0.0, "recall": 0.58257, "recall_std": 0.0, "f1": 0.66319, "f1_std": 0.0, "auc": 0.81588, "auc_std": 0.0}
{"epoch": 45, "time_epoch": 1.56994, "time_epoch_std": 0.0, "eta": 104.91237, "eta_std": 0.0, "eta_hours": 0.02914, "eta_hours_std": 0.0, "loss": 0.49283, "loss_std": 0.0, "lr": 0.00058, "lr_std": 0.0, "params": 6215.0, "params_std": 0.0, "time_iter": 0.04486, "time_iter_std": 0.0, "accuracy": 0.76799, "accuracy_std": 0.0, "precision": 0.75429, "precision_std": 0.0, "recall": 0.6055, "recall_std": 0.0, "f1": 0.67176, "f1_std": 0.0, "auc": 0.81924, "auc_std": 0.0}
{"epoch": 46, "time_epoch": 1.57573, "time_epoch_std": 0.0, "eta": 102.5556, "eta_std": 0.0, "eta_hours": 0.02849, "eta_hours_std": 0.0, "loss": 0.50373, "loss_std": 0.0, "lr": 0.00056, "lr_std": 0.0, "params": 6215.0, "params_std": 0.0, "time_iter": 0.04502, "time_iter_std": 0.0, "accuracy": 0.76978, "accuracy_std": 0.0, "precision": 0.77778, "precision_std": 0.0, "recall": 0.57798, "recall_std": 0.0, "f1": 0.66316, "f1_std": 0.0, "auc": 0.81208, "auc_std": 0.0}
{"epoch": 47, "time_epoch": 1.29289, "time_epoch_std": 0.0, "eta": 99.92495, "eta_std": 0.0, "eta_hours": 0.02776, "eta_hours_std": 0.0, "loss": 0.47686, "loss_std": 0.0, "lr": 0.00055, "lr_std": 0.0, "params": 6215.0, "params_std": 0.0, "time_iter": 0.03694, "time_iter_std": 0.0, "accuracy": 0.76619, "accuracy_std": 0.0, "precision": 0.73656, "precision_std": 0.0, "recall": 0.62844, "recall_std": 0.0, "f1": 0.67822, "f1_std": 0.0, "auc": 0.83273, "auc_std": 0.0}
{"epoch": 48, "time_epoch": 1.30032, "time_epoch_std": 0.0, "eta": 97.35664, "eta_std": 0.0, "eta_hours": 0.02704, "eta_hours_std": 0.0, "loss": 0.47939, "loss_std": 0.0, "lr": 0.00053, "lr_std": 0.0, "params": 6215.0, "params_std": 0.0, "time_iter": 0.03715, "time_iter_std": 0.0, "accuracy": 0.77698, "accuracy_std": 0.0, "precision": 0.74737, "precision_std": 0.0, "recall": 0.65138, "recall_std": 0.0, "f1": 0.69608, "f1_std": 0.0, "auc": 0.83151, "auc_std": 0.0}
{"epoch": 49, "time_epoch": 1.75336, "time_epoch_std": 0.0, "eta": 95.29209, "eta_std": 0.0, "eta_hours": 0.02647, "eta_hours_std": 0.0, "loss": 0.47818, "loss_std": 0.0, "lr": 0.00052, "lr_std": 0.0, "params": 6215.0, "params_std": 0.0, "time_iter": 0.0501, "time_iter_std": 0.0, "accuracy": 0.75899, "accuracy_std": 0.0, "precision": 0.74419, "precision_std": 0.0, "recall": 0.58716, "recall_std": 0.0, "f1": 0.65641, "f1_std": 0.0, "auc": 0.83387, "auc_std": 0.0}
{"epoch": 50, "time_epoch": 1.65628, "time_epoch_std": 0.0, "eta": 93.14648, "eta_std": 0.0, "eta_hours": 0.02587, "eta_hours_std": 0.0, "loss": 0.49627, "loss_std": 0.0, "lr": 0.0005, "lr_std": 0.0, "params": 6215.0, "params_std": 0.0, "time_iter": 0.04732, "time_iter_std": 0.0, "accuracy": 0.75719, "accuracy_std": 0.0, "precision": 0.73446, "precision_std": 0.0, "recall": 0.59633, "recall_std": 0.0, "f1": 0.65823, "f1_std": 0.0, "auc": 0.81852, "auc_std": 0.0}
{"epoch": 51, "time_epoch": 1.55784, "time_epoch_std": 0.0, "eta": 90.92881, "eta_std": 0.0, "eta_hours": 0.02526, "eta_hours_std": 0.0, "loss": 0.49243, "loss_std": 0.0, "lr": 0.00048, "lr_std": 0.0, "params": 6215.0, "params_std": 0.0, "time_iter": 0.04451, "time_iter_std": 0.0, "accuracy": 0.75899, "accuracy_std": 0.0, "precision": 0.73864, "precision_std": 0.0, "recall": 0.59633, "recall_std": 0.0, "f1": 0.6599, "f1_std": 0.0, "auc": 0.82215, "auc_std": 0.0}
{"epoch": 52, "time_epoch": 1.78041, "time_epoch_std": 0.0, "eta": 88.93342, "eta_std": 0.0, "eta_hours": 0.0247, "eta_hours_std": 0.0, "loss": 0.48851, "loss_std": 0.0, "lr": 0.00047, "lr_std": 0.0, "params": 6215.0, "params_std": 0.0, "time_iter": 0.05087, "time_iter_std": 0.0, "accuracy": 0.76799, "accuracy_std": 0.0, "precision": 0.75141, "precision_std": 0.0, "recall": 0.61009, "recall_std": 0.0, "f1": 0.67342, "f1_std": 0.0, "auc": 0.82671, "auc_std": 0.0}
{"epoch": 53, "time_epoch": 1.214, "time_epoch_std": 0.0, "eta": 86.46349, "eta_std": 0.0, "eta_hours": 0.02402, "eta_hours_std": 0.0, "loss": 0.49145, "loss_std": 0.0, "lr": 0.00045, "lr_std": 0.0, "params": 6215.0, "params_std": 0.0, "time_iter": 0.03469, "time_iter_std": 0.0, "accuracy": 0.76978, "accuracy_std": 0.0, "precision": 0.75568, "precision_std": 0.0, "recall": 0.61009, "recall_std": 0.0, "f1": 0.67513, "f1_std": 0.0, "auc": 0.81893, "auc_std": 0.0}
{"epoch": 54, "time_epoch": 1.11488, "time_epoch_std": 0.0, "eta": 83.95814, "eta_std": 0.0, "eta_hours": 0.02332, "eta_hours_std": 0.0, "loss": 0.49709, "loss_std": 0.0, "lr": 0.00044, "lr_std": 0.0, "params": 6215.0, "params_std": 0.0, "time_iter": 0.03185, "time_iter_std": 0.0, "accuracy": 0.76079, "accuracy_std": 0.0, "precision": 0.74566, "precision_std": 0.0, "recall": 0.59174, "recall_std": 0.0, "f1": 0.65985, "f1_std": 0.0, "auc": 0.81997, "auc_std": 0.0}
{"epoch": 55, "time_epoch": 1.11752, "time_epoch_std": 0.0, "eta": 81.50452, "eta_std": 0.0, "eta_hours": 0.02264, "eta_hours_std": 0.0, "loss": 0.48338, "loss_std": 0.0, "lr": 0.00042, "lr_std": 0.0, "params": 6215.0, "params_std": 0.0, "time_iter": 0.03193, "time_iter_std": 0.0, "accuracy": 0.76259, "accuracy_std": 0.0, "precision": 0.74713, "precision_std": 0.0, "recall": 0.59633, "recall_std": 0.0, "f1": 0.66327, "f1_std": 0.0, "auc": 0.83033, "auc_std": 0.0}
{"epoch": 56, "time_epoch": 1.6458, "time_epoch_std": 0.0, "eta": 79.49631, "eta_std": 0.0, "eta_hours": 0.02208, "eta_hours_std": 0.0, "loss": 0.48089, "loss_std": 0.0, "lr": 0.00041, "lr_std": 0.0, "params": 6215.0, "params_std": 0.0, "time_iter": 0.04702, "time_iter_std": 0.0, "accuracy": 0.76619, "accuracy_std": 0.0, "precision": 0.73656, "precision_std": 0.0, "recall": 0.62844, "recall_std": 0.0, "f1": 0.67822, "f1_std": 0.0, "auc": 0.83178, "auc_std": 0.0}
{"epoch": 57, "time_epoch": 1.33711, "time_epoch_std": 0.0, "eta": 77.27706, "eta_std": 0.0, "eta_hours": 0.02147, "eta_hours_std": 0.0, "loss": 0.4928, "loss_std": 0.0, "lr": 0.00039, "lr_std": 0.0, "params": 6215.0, "params_std": 0.0, "time_iter": 0.0382, "time_iter_std": 0.0, "accuracy": 0.76079, "accuracy_std": 0.0, "precision": 0.72727, "precision_std": 0.0, "recall": 0.62385, "recall_std": 0.0, "f1": 0.6716, "f1_std": 0.0, "auc": 0.81935, "auc_std": 0.0}
{"epoch": 58, "time_epoch": 1.48457, "time_epoch_std": 0.0, "eta": 75.19018, "eta_std": 0.0, "eta_hours": 0.02089, "eta_hours_std": 0.0, "loss": 0.48076, "loss_std": 0.0, "lr": 0.00038, "lr_std": 0.0, "params": 6215.0, "params_std": 0.0, "time_iter": 0.04242, "time_iter_std": 0.0, "accuracy": 0.7554, "accuracy_std": 0.0, "precision": 0.73837, "precision_std": 0.0, "recall": 0.58257, "recall_std": 0.0, "f1": 0.65128, "f1_std": 0.0, "auc": 0.82757, "auc_std": 0.0}
{"epoch": 59, "time_epoch": 1.66059, "time_epoch_std": 0.0, "eta": 73.24073, "eta_std": 0.0, "eta_hours": 0.02034, "eta_hours_std": 0.0, "loss": 0.47285, "loss_std": 0.0, "lr": 0.00036, "lr_std": 0.0, "params": 6215.0, "params_std": 0.0, "time_iter": 0.04745, "time_iter_std": 0.0, "accuracy": 0.76619, "accuracy_std": 0.0, "precision": 0.75287, "precision_std": 0.0, "recall": 0.60092, "recall_std": 0.0, "f1": 0.66837, "f1_std": 0.0, "auc": 0.83758, "auc_std": 0.0}
{"epoch": 60, "time_epoch": 1.70473, "time_epoch_std": 0.0, "eta": 71.32897, "eta_std": 0.0, "eta_hours": 0.01981, "eta_hours_std": 0.0, "loss": 0.47991, "loss_std": 0.0, "lr": 0.00035, "lr_std": 0.0, "params": 6215.0, "params_std": 0.0, "time_iter": 0.04871, "time_iter_std": 0.0, "accuracy": 0.76259, "accuracy_std": 0.0, "precision": 0.74432, "precision_std": 0.0, "recall": 0.60092, "recall_std": 0.0, "f1": 0.66497, "f1_std": 0.0, "auc": 0.83295, "auc_std": 0.0}
{"epoch": 61, "time_epoch": 1.56433, "time_epoch_std": 0.0, "eta": 69.33784, "eta_std": 0.0, "eta_hours": 0.01926, "eta_hours_std": 0.0, "loss": 0.48081, "loss_std": 0.0, "lr": 0.00033, "lr_std": 0.0, "params": 6215.0, "params_std": 0.0, "time_iter": 0.0447, "time_iter_std": 0.0, "accuracy": 0.76079, "accuracy_std": 0.0, "precision": 0.72727, "precision_std": 0.0, "recall": 0.62385, "recall_std": 0.0, "f1": 0.6716, "f1_std": 0.0, "auc": 0.83479, "auc_std": 0.0}
{"epoch": 62, "time_epoch": 1.6577, "time_epoch_std": 0.0, "eta": 67.41509, "eta_std": 0.0, "eta_hours": 0.01873, "eta_hours_std": 0.0, "loss": 0.48053, "loss_std": 0.0, "lr": 0.00032, "lr_std": 0.0, "params": 6215.0, "params_std": 0.0, "time_iter": 0.04736, "time_iter_std": 0.0, "accuracy": 0.75899, "accuracy_std": 0.0, "precision": 0.73333, "precision_std": 0.0, "recall": 0.6055, "recall_std": 0.0, "f1": 0.66332, "f1_std": 0.0, "auc": 0.82939, "auc_std": 0.0}
{"epoch": 63, "time_epoch": 1.59344, "time_epoch_std": 0.0, "eta": 65.46448, "eta_std": 0.0, "eta_hours": 0.01818, "eta_hours_std": 0.0, "loss": 0.49457, "loss_std": 0.0, "lr": 0.0003, "lr_std": 0.0, "params": 6215.0, "params_std": 0.0, "time_iter": 0.04553, "time_iter_std": 0.0, "accuracy": 0.76619, "accuracy_std": 0.0, "precision": 0.76506, "precision_std": 0.0, "recall": 0.58257, "recall_std": 0.0, "f1": 0.66146, "f1_std": 0.0, "auc": 0.81915, "auc_std": 0.0}
{"epoch": 64, "time_epoch": 1.2908, "time_epoch_std": 0.0, "eta": 63.3619, "eta_std": 0.0, "eta_hours": 0.0176, "eta_hours_std": 0.0, "loss": 0.47928, "loss_std": 0.0, "lr": 0.00029, "lr_std": 0.0, "params": 6215.0, "params_std": 0.0, "time_iter": 0.03688, "time_iter_std": 0.0, "accuracy": 0.76439, "accuracy_std": 0.0, "precision": 0.75145, "precision_std": 0.0, "recall": 0.59633, "recall_std": 0.0, "f1": 0.66496, "f1_std": 0.0, "auc": 0.83346, "auc_std": 0.0}
{"epoch": 65, "time_epoch": 1.44528, "time_epoch_std": 0.0, "eta": 61.3635, "eta_std": 0.0, "eta_hours": 0.01705, "eta_hours_std": 0.0, "loss": 0.48749, "loss_std": 0.0, "lr": 0.00027, "lr_std": 0.0, "params": 6215.0, "params_std": 0.0, "time_iter": 0.04129, "time_iter_std": 0.0, "accuracy": 0.76978, "accuracy_std": 0.0, "precision": 0.75862, "precision_std": 0.0, "recall": 0.6055, "recall_std": 0.0, "f1": 0.67347, "f1_std": 0.0, "auc": 0.82376, "auc_std": 0.0}
{"epoch": 66, "time_epoch": 1.73546, "time_epoch_std": 0.0, "eta": 59.52453, "eta_std": 0.0, "eta_hours": 0.01653, "eta_hours_std": 0.0, "loss": 0.48454, "loss_std": 0.0, "lr": 0.00026, "lr_std": 0.0, "params": 6215.0, "params_std": 0.0, "time_iter": 0.04958, "time_iter_std": 0.0, "accuracy": 0.77338, "accuracy_std": 0.0, "precision": 0.76744, "precision_std": 0.0, "recall": 0.6055, "recall_std": 0.0, "f1": 0.67692, "f1_std": 0.0, "auc": 0.82472, "auc_std": 0.0}
{"epoch": 67, "time_epoch": 1.5589, "time_epoch_std": 0.0, "eta": 57.60552, "eta_std": 0.0, "eta_hours": 0.016, "eta_hours_std": 0.0, "loss": 0.4862, "loss_std": 0.0, "lr": 0.00025, "lr_std": 0.0, "params": 6215.0, "params_std": 0.0, "time_iter": 0.04454, "time_iter_std": 0.0, "accuracy": 0.77338, "accuracy_std": 0.0, "precision": 0.75, "precision_std": 0.0, "recall": 0.63303, "recall_std": 0.0, "f1": 0.68657, "f1_std": 0.0, "auc": 0.82662, "auc_std": 0.0}
{"epoch": 68, "time_epoch": 1.47851, "time_epoch_std": 0.0, "eta": 55.66083, "eta_std": 0.0, "eta_hours": 0.01546, "eta_hours_std": 0.0, "loss": 0.48841, "loss_std": 0.0, "lr": 0.00023, "lr_std": 0.0, "params": 6215.0, "params_std": 0.0, "time_iter": 0.04224, "time_iter_std": 0.0, "accuracy": 0.77698, "accuracy_std": 0.0, "precision": 0.77326, "precision_std": 0.0, "recall": 0.61009, "recall_std": 0.0, "f1": 0.68205, "f1_std": 0.0, "auc": 0.82847, "auc_std": 0.0}
{"epoch": 69, "time_epoch": 1.66769, "time_epoch_std": 0.0, "eta": 53.81054, "eta_std": 0.0, "eta_hours": 0.01495, "eta_hours_std": 0.0, "loss": 0.49744, "loss_std": 0.0, "lr": 0.00022, "lr_std": 0.0, "params": 6215.0, "params_std": 0.0, "time_iter": 0.04765, "time_iter_std": 0.0, "accuracy": 0.77338, "accuracy_std": 0.0, "precision": 0.75556, "precision_std": 0.0, "recall": 0.62385, "recall_std": 0.0, "f1": 0.68342, "f1_std": 0.0, "auc": 0.81407, "auc_std": 0.0}
{"epoch": 70, "time_epoch": 1.55996, "time_epoch_std": 0.0, "eta": 51.92139, "eta_std": 0.0, "eta_hours": 0.01442, "eta_hours_std": 0.0, "loss": 0.49219, "loss_std": 0.0, "lr": 0.00021, "lr_std": 0.0, "params": 6215.0, "params_std": 0.0, "time_iter": 0.04457, "time_iter_std": 0.0, "accuracy": 0.76259, "accuracy_std": 0.0, "precision": 0.75294, "precision_std": 0.0, "recall": 0.58716, "recall_std": 0.0, "f1": 0.65979, "f1_std": 0.0, "auc": 0.81394, "auc_std": 0.0}
{"epoch": 71, "time_epoch": 1.43899, "time_epoch_std": 0.0, "eta": 49.99434, "eta_std": 0.0, "eta_hours": 0.01389, "eta_hours_std": 0.0, "loss": 0.48741, "loss_std": 0.0, "lr": 0.00019, "lr_std": 0.0, "params": 6215.0, "params_std": 0.0, "time_iter": 0.04111, "time_iter_std": 0.0, "accuracy": 0.76799, "accuracy_std": 0.0, "precision": 0.76023, "precision_std": 0.0, "recall": 0.59633, "recall_std": 0.0, "f1": 0.66838, "f1_std": 0.0, "auc": 0.82946, "auc_std": 0.0}
{"epoch": 72, "time_epoch": 1.60837, "time_epoch_std": 0.0, "eta": 48.14331, "eta_std": 0.0, "eta_hours": 0.01337, "eta_hours_std": 0.0, "loss": 0.47927, "loss_std": 0.0, "lr": 0.00018, "lr_std": 0.0, "params": 6215.0, "params_std": 0.0, "time_iter": 0.04595, "time_iter_std": 0.0, "accuracy": 0.77518, "accuracy_std": 0.0, "precision": 0.76879, "precision_std": 0.0, "recall": 0.61009, "recall_std": 0.0, "f1": 0.68031, "f1_std": 0.0, "auc": 0.83059, "auc_std": 0.0}
{"epoch": 73, "time_epoch": 1.43987, "time_epoch_std": 0.0, "eta": 46.23964, "eta_std": 0.0, "eta_hours": 0.01284, "eta_hours_std": 0.0, "loss": 0.47876, "loss_std": 0.0, "lr": 0.00017, "lr_std": 0.0, "params": 6215.0, "params_std": 0.0, "time_iter": 0.04114, "time_iter_std": 0.0, "accuracy": 0.76799, "accuracy_std": 0.0, "precision": 0.7486, "precision_std": 0.0, "recall": 0.61468, "recall_std": 0.0, "f1": 0.67506, "f1_std": 0.0, "auc": 0.83427, "auc_std": 0.0}
{"epoch": 74, "time_epoch": 1.35695, "time_epoch_std": 0.0, "eta": 44.32069, "eta_std": 0.0, "eta_hours": 0.01231, "eta_hours_std": 0.0, "loss": 0.49705, "loss_std": 0.0, "lr": 0.00016, "lr_std": 0.0, "params": 6215.0, "params_std": 0.0, "time_iter": 0.03877, "time_iter_std": 0.0, "accuracy": 0.76439, "accuracy_std": 0.0, "precision": 0.7377, "precision_std": 0.0, "recall": 0.61927, "recall_std": 0.0, "f1": 0.67332, "f1_std": 0.0, "auc": 0.8201, "auc_std": 0.0}
{"epoch": 75, "time_epoch": 1.28948, "time_epoch_std": 0.0, "eta": 42.39523, "eta_std": 0.0, "eta_hours": 0.01178, "eta_hours_std": 0.0, "loss": 0.47761, "loss_std": 0.0, "lr": 0.00015, "lr_std": 0.0, "params": 6215.0, "params_std": 0.0, "time_iter": 0.03684, "time_iter_std": 0.0, "accuracy": 0.76079, "accuracy_std": 0.0, "precision": 0.75449, "precision_std": 0.0, "recall": 0.57798, "recall_std": 0.0, "f1": 0.65455, "f1_std": 0.0, "auc": 0.8298, "auc_std": 0.0}
{"epoch": 76, "time_epoch": 1.63125, "time_epoch_std": 0.0, "eta": 40.58837, "eta_std": 0.0, "eta_hours": 0.01127, "eta_hours_std": 0.0, "loss": 0.49198, "loss_std": 0.0, "lr": 0.00014, "lr_std": 0.0, "params": 6215.0, "params_std": 0.0, "time_iter": 0.04661, "time_iter_std": 0.0, "accuracy": 0.77878, "accuracy_std": 0.0, "precision": 0.77457, "precision_std": 0.0, "recall": 0.61468, "recall_std": 0.0, "f1": 0.68542, "f1_std": 0.0, "auc": 0.82367, "auc_std": 0.0}
{"epoch": 77, "time_epoch": 1.59512, "time_epoch_std": 0.0, "eta": 38.77583, "eta_std": 0.0, "eta_hours": 0.01077, "eta_hours_std": 0.0, "loss": 0.4818, "loss_std": 0.0, "lr": 0.00012, "lr_std": 0.0, "params": 6215.0, "params_std": 0.0, "time_iter": 0.04557, "time_iter_std": 0.0, "accuracy": 0.77518, "accuracy_std": 0.0, "precision": 0.75691, "precision_std": 0.0, "recall": 0.62844, "recall_std": 0.0, "f1": 0.68672, "f1_std": 0.0, "auc": 0.82922, "auc_std": 0.0}
{"epoch": 78, "time_epoch": 1.47135, "time_epoch_std": 0.0, "eta": 36.93588, "eta_std": 0.0, "eta_hours": 0.01026, "eta_hours_std": 0.0, "loss": 0.488, "loss_std": 0.0, "lr": 0.00011, "lr_std": 0.0, "params": 6215.0, "params_std": 0.0, "time_iter": 0.04204, "time_iter_std": 0.0, "accuracy": 0.7554, "accuracy_std": 0.0, "precision": 0.72527, "precision_std": 0.0, "recall": 0.6055, "recall_std": 0.0, "f1": 0.66, "f1_std": 0.0, "auc": 0.82623, "auc_std": 0.0}
{"epoch": 79, "time_epoch": 1.71305, "time_epoch_std": 0.0, "eta": 35.16558, "eta_std": 0.0, "eta_hours": 0.00977, "eta_hours_std": 0.0, "loss": 0.4712, "loss_std": 0.0, "lr": 0.0001, "lr_std": 0.0, "params": 6215.0, "params_std": 0.0, "time_iter": 0.04894, "time_iter_std": 0.0, "accuracy": 0.76799, "accuracy_std": 0.0, "precision": 0.75723, "precision_std": 0.0, "recall": 0.60092, "recall_std": 0.0, "f1": 0.67008, "f1_std": 0.0, "auc": 0.83855, "auc_std": 0.0}
{"epoch": 80, "time_epoch": 1.75951, "time_epoch_std": 0.0, "eta": 33.40759, "eta_std": 0.0, "eta_hours": 0.00928, "eta_hours_std": 0.0, "loss": 0.4927, "loss_std": 0.0, "lr": 0.0001, "lr_std": 0.0, "params": 6215.0, "params_std": 0.0, "time_iter": 0.05027, "time_iter_std": 0.0, "accuracy": 0.76079, "accuracy_std": 0.0, "precision": 0.72973, "precision_std": 0.0, "recall": 0.61927, "recall_std": 0.0, "f1": 0.66998, "f1_std": 0.0, "auc": 0.82144, "auc_std": 0.0}
{"epoch": 81, "time_epoch": 1.59729, "time_epoch_std": 0.0, "eta": 31.61395, "eta_std": 0.0, "eta_hours": 0.00878, "eta_hours_std": 0.0, "loss": 0.48286, "loss_std": 0.0, "lr": 9e-05, "lr_std": 0.0, "params": 6215.0, "params_std": 0.0, "time_iter": 0.04564, "time_iter_std": 0.0, "accuracy": 0.76079, "accuracy_std": 0.0, "precision": 0.72727, "precision_std": 0.0, "recall": 0.62385, "recall_std": 0.0, "f1": 0.6716, "f1_std": 0.0, "auc": 0.82924, "auc_std": 0.0}
{"epoch": 82, "time_epoch": 1.81637, "time_epoch_std": 0.0, "eta": 29.86992, "eta_std": 0.0, "eta_hours": 0.0083, "eta_hours_std": 0.0, "loss": 0.47542, "loss_std": 0.0, "lr": 8e-05, "lr_std": 0.0, "params": 6215.0, "params_std": 0.0, "time_iter": 0.0519, "time_iter_std": 0.0, "accuracy": 0.77158, "accuracy_std": 0.0, "precision": 0.75419, "precision_std": 0.0, "recall": 0.61927, "recall_std": 0.0, "f1": 0.6801, "f1_std": 0.0, "auc": 0.82854, "auc_std": 0.0}
{"epoch": 83, "time_epoch": 1.72079, "time_epoch_std": 0.0, "eta": 28.10596, "eta_std": 0.0, "eta_hours": 0.00781, "eta_hours_std": 0.0, "loss": 0.48253, "loss_std": 0.0, "lr": 7e-05, "lr_std": 0.0, "params": 6215.0, "params_std": 0.0, "time_iter": 0.04917, "time_iter_std": 0.0, "accuracy": 0.77518, "accuracy_std": 0.0, "precision": 0.76571, "precision_std": 0.0, "recall": 0.61468, "recall_std": 0.0, "f1": 0.68193, "f1_std": 0.0, "auc": 0.83048, "auc_std": 0.0}
{"epoch": 84, "time_epoch": 1.48732, "time_epoch_std": 0.0, "eta": 26.30181, "eta_std": 0.0, "eta_hours": 0.00731, "eta_hours_std": 0.0, "loss": 0.47603, "loss_std": 0.0, "lr": 6e-05, "lr_std": 0.0, "params": 6215.0, "params_std": 0.0, "time_iter": 0.04249, "time_iter_std": 0.0, "accuracy": 0.77698, "accuracy_std": 0.0, "precision": 0.75543, "precision_std": 0.0, "recall": 0.63761, "recall_std": 0.0, "f1": 0.69154, "f1_std": 0.0, "auc": 0.83724, "auc_std": 0.0}
{"epoch": 85, "time_epoch": 1.57482, "time_epoch_std": 0.0, "eta": 24.51928, "eta_std": 0.0, "eta_hours": 0.00681, "eta_hours_std": 0.0, "loss": 0.49332, "loss_std": 0.0, "lr": 5e-05, "lr_std": 0.0, "params": 6215.0, "params_std": 0.0, "time_iter": 0.04499, "time_iter_std": 0.0, "accuracy": 0.7464, "accuracy_std": 0.0, "precision": 0.71508, "precision_std": 0.0, "recall": 0.58716, "recall_std": 0.0, "f1": 0.64484, "f1_std": 0.0, "auc": 0.822, "auc_std": 0.0}
{"epoch": 86, "time_epoch": 1.87281, "time_epoch_std": 0.0, "eta": 22.78605, "eta_std": 0.0, "eta_hours": 0.00633, "eta_hours_std": 0.0, "loss": 0.47428, "loss_std": 0.0, "lr": 5e-05, "lr_std": 0.0, "params": 6215.0, "params_std": 0.0, "time_iter": 0.05351, "time_iter_std": 0.0, "accuracy": 0.77878, "accuracy_std": 0.0, "precision": 0.76536, "precision_std": 0.0, "recall": 0.62844, "recall_std": 0.0, "f1": 0.69018, "f1_std": 0.0, "auc": 0.83264, "auc_std": 0.0}
{"epoch": 87, "time_epoch": 1.61325, "time_epoch_std": 0.0, "eta": 21.01425, "eta_std": 0.0, "eta_hours": 0.00584, "eta_hours_std": 0.0, "loss": 0.47942, "loss_std": 0.0, "lr": 4e-05, "lr_std": 0.0, "params": 6215.0, "params_std": 0.0, "time_iter": 0.04609, "time_iter_std": 0.0, "accuracy": 0.77158, "accuracy_std": 0.0, "precision": 0.75419, "precision_std": 0.0, "recall": 0.61927, "recall_std": 0.0, "f1": 0.6801, "f1_std": 0.0, "auc": 0.83264, "auc_std": 0.0}
{"epoch": 88, "time_epoch": 1.65225, "time_epoch_std": 0.0, "eta": 19.25083, "eta_std": 0.0, "eta_hours": 0.00535, "eta_hours_std": 0.0, "loss": 0.48249, "loss_std": 0.0, "lr": 4e-05, "lr_std": 0.0, "params": 6215.0, "params_std": 0.0, "time_iter": 0.04721, "time_iter_std": 0.0, "accuracy": 0.77158, "accuracy_std": 0.0, "precision": 0.75419, "precision_std": 0.0, "recall": 0.61927, "recall_std": 0.0, "f1": 0.6801, "f1_std": 0.0, "auc": 0.82953, "auc_std": 0.0}
{"epoch": 89, "time_epoch": 1.74687, "time_epoch_std": 0.0, "eta": 17.5004, "eta_std": 0.0, "eta_hours": 0.00486, "eta_hours_std": 0.0, "loss": 0.48952, "loss_std": 0.0, "lr": 3e-05, "lr_std": 0.0, "params": 6215.0, "params_std": 0.0, "time_iter": 0.04991, "time_iter_std": 0.0, "accuracy": 0.76439, "accuracy_std": 0.0, "precision": 0.74857, "precision_std": 0.0, "recall": 0.60092, "recall_std": 0.0, "f1": 0.66667, "f1_std": 0.0, "auc": 0.8236, "auc_std": 0.0}
{"epoch": 90, "time_epoch": 1.67189, "time_epoch_std": 0.0, "eta": 15.74263, "eta_std": 0.0, "eta_hours": 0.00437, "eta_hours_std": 0.0, "loss": 0.48291, "loss_std": 0.0, "lr": 2e-05, "lr_std": 0.0, "params": 6215.0, "params_std": 0.0, "time_iter": 0.04777, "time_iter_std": 0.0, "accuracy": 0.7554, "accuracy_std": 0.0, "precision": 0.72778, "precision_std": 0.0, "recall": 0.60092, "recall_std": 0.0, "f1": 0.65829, "f1_std": 0.0, "auc": 0.83025, "auc_std": 0.0}
{"epoch": 91, "time_epoch": 1.76337, "time_epoch_std": 0.0, "eta": 13.99468, "eta_std": 0.0, "eta_hours": 0.00389, "eta_hours_std": 0.0, "loss": 0.48485, "loss_std": 0.0, "lr": 2e-05, "lr_std": 0.0, "params": 6215.0, "params_std": 0.0, "time_iter": 0.05038, "time_iter_std": 0.0, "accuracy": 0.76799, "accuracy_std": 0.0, "precision": 0.74586, "precision_std": 0.0, "recall": 0.61927, "recall_std": 0.0, "f1": 0.67669, "f1_std": 0.0, "auc": 0.82212, "auc_std": 0.0}
{"epoch": 92, "time_epoch": 1.64943, "time_epoch_std": 0.0, "eta": 12.23783, "eta_std": 0.0, "eta_hours": 0.0034, "eta_hours_std": 0.0, "loss": 0.46762, "loss_std": 0.0, "lr": 2e-05, "lr_std": 0.0, "params": 6215.0, "params_std": 0.0, "time_iter": 0.04713, "time_iter_std": 0.0, "accuracy": 0.77878, "accuracy_std": 0.0, "precision": 0.77457, "precision_std": 0.0, "recall": 0.61468, "recall_std": 0.0, "f1": 0.68542, "f1_std": 0.0, "auc": 0.84035, "auc_std": 0.0}
{"epoch": 93, "time_epoch": 1.7275, "time_epoch_std": 0.0, "eta": 10.48824, "eta_std": 0.0, "eta_hours": 0.00291, "eta_hours_std": 0.0, "loss": 0.48588, "loss_std": 0.0, "lr": 1e-05, "lr_std": 0.0, "params": 6215.0, "params_std": 0.0, "time_iter": 0.04936, "time_iter_std": 0.0, "accuracy": 0.7554, "accuracy_std": 0.0, "precision": 0.73295, "precision_std": 0.0, "recall": 0.59174, "recall_std": 0.0, "f1": 0.65482, "f1_std": 0.0, "auc": 0.82943, "auc_std": 0.0}
{"epoch": 94, "time_epoch": 1.81491, "time_epoch_std": 0.0, "eta": 8.74372, "eta_std": 0.0, "eta_hours": 0.00243, "eta_hours_std": 0.0, "loss": 0.48227, "loss_std": 0.0, "lr": 1e-05, "lr_std": 0.0, "params": 6215.0, "params_std": 0.0, "time_iter": 0.05185, "time_iter_std": 0.0, "accuracy": 0.77698, "accuracy_std": 0.0, "precision": 0.76404, "precision_std": 0.0, "recall": 0.62385, "recall_std": 0.0, "f1": 0.68687, "f1_std": 0.0, "auc": 0.83178, "auc_std": 0.0}
{"epoch": 95, "time_epoch": 1.61905, "time_epoch_std": 0.0, "eta": 6.98957, "eta_std": 0.0, "eta_hours": 0.00194, "eta_hours_std": 0.0, "loss": 0.48914, "loss_std": 0.0, "lr": 1e-05, "lr_std": 0.0, "params": 6215.0, "params_std": 0.0, "time_iter": 0.04626, "time_iter_std": 0.0, "accuracy": 0.76978, "accuracy_std": 0.0, "precision": 0.75, "precision_std": 0.0, "recall": 0.61927, "recall_std": 0.0, "f1": 0.67839, "f1_std": 0.0, "auc": 0.82069, "auc_std": 0.0}
{"epoch": 96, "time_epoch": 1.48439, "time_epoch_std": 0.0, "eta": 5.23405, "eta_std": 0.0, "eta_hours": 0.00145, "eta_hours_std": 0.0, "loss": 0.48242, "loss_std": 0.0, "lr": 0.0, "lr_std": 0.0, "params": 6215.0, "params_std": 0.0, "time_iter": 0.04241, "time_iter_std": 0.0, "accuracy": 0.77158, "accuracy_std": 0.0, "precision": 0.76301, "precision_std": 0.0, "recall": 0.6055, "recall_std": 0.0, "f1": 0.67519, "f1_std": 0.0, "auc": 0.83178, "auc_std": 0.0}
{"epoch": 97, "time_epoch": 1.57125, "time_epoch_std": 0.0, "eta": 3.48582, "eta_std": 0.0, "eta_hours": 0.00097, "eta_hours_std": 0.0, "loss": 0.49636, "loss_std": 0.0, "lr": 0.0, "lr_std": 0.0, "params": 6215.0, "params_std": 0.0, "time_iter": 0.04489, "time_iter_std": 0.0, "accuracy": 0.7518, "accuracy_std": 0.0, "precision": 0.72472, "precision_std": 0.0, "recall": 0.59174, "recall_std": 0.0, "f1": 0.65152, "f1_std": 0.0, "auc": 0.82014, "auc_std": 0.0}
{"epoch": 98, "time_epoch": 1.69214, "time_epoch_std": 0.0, "eta": 1.7424, "eta_std": 0.0, "eta_hours": 0.00048, "eta_hours_std": 0.0, "loss": 0.47413, "loss_std": 0.0, "lr": 0.0, "lr_std": 0.0, "params": 6215.0, "params_std": 0.0, "time_iter": 0.04835, "time_iter_std": 0.0, "accuracy": 0.77158, "accuracy_std": 0.0, "precision": 0.76, "precision_std": 0.0, "recall": 0.61009, "recall_std": 0.0, "f1": 0.67684, "f1_std": 0.0, "auc": 0.83576, "auc_std": 0.0}
{"epoch": 99, "time_epoch": 1.61471, "time_epoch_std": 0.0, "eta": 0.0, "eta_std": 0.0, "eta_hours": 0.0, "eta_hours_std": 0.0, "loss": 0.48044, "loss_std": 0.0, "lr": 0.0, "lr_std": 0.0, "params": 6215.0, "params_std": 0.0, "time_iter": 0.04613, "time_iter_std": 0.0, "accuracy": 0.7518, "accuracy_std": 0.0, "precision": 0.71739, "precision_std": 0.0, "recall": 0.6055, "recall_std": 0.0, "f1": 0.65672, "f1_std": 0.0, "auc": 0.82624, "auc_std": 0.0}
