{"epoch": 0, "time_epoch": 21.3424, "eta": 2112.89742, "eta_hours": 0.58692, "loss": 0.7111907, "lr": 0.001, "params": 3845, "time_iter": 2.13424, "accuracy": 0.48, "precision": 0.0, "recall": 0.0, "f1": 0.0, "auc": 0.40937}
{"epoch": 1, "time_epoch": 21.20918, "eta": 2085.02756, "eta_hours": 0.57917, "loss": 0.70168663, "lr": 0.00099975, "params": 3845, "time_iter": 2.12092, "accuracy": 0.48, "precision": 0.0, "recall": 0.0, "f1": 0.0, "auc": 0.46902}
{"epoch": 2, "time_epoch": 21.14934, "eta": 2059.66318, "eta_hours": 0.57213, "loss": 0.6968607, "lr": 0.00099901, "params": 3845, "time_iter": 2.11493, "accuracy": 0.48, "precision": 0.0, "recall": 0.0, "f1": 0.0, "auc": 0.5609}
{"epoch": 3, "time_epoch": 21.16267, "eta": 2036.72618, "eta_hours": 0.56576, "loss": 0.69444678, "lr": 0.00099778, "params": 3845, "time_iter": 2.11627, "accuracy": 0.48, "precision": 0.0, "recall": 0.0, "f1": 0.0, "auc": 0.51318}
{"epoch": 4, "time_epoch": 21.30445, "eta": 2017.19284, "eta_hours": 0.56033, "loss": 0.69400858, "lr": 0.00099606, "params": 3845, "time_iter": 2.13045, "accuracy": 0.44, "precision": 0.47458, "recall": 0.71795, "f1": 0.57143, "auc": 0.44453}
{"epoch": 5, "time_epoch": 21.2529, "eta": 1996.26146, "eta_hours": 0.55452, "loss": 0.6929575, "lr": 0.00099384, "params": 3845, "time_iter": 2.12529, "accuracy": 0.52, "precision": 0.52, "recall": 1.0, "f1": 0.68421, "auc": 0.43269}
{"epoch": 6, "time_epoch": 21.32811, "eta": 1976.23744, "eta_hours": 0.54895, "loss": 0.69255604, "lr": 0.00099114, "params": 3845, "time_iter": 2.13281, "accuracy": 0.52, "precision": 0.52, "recall": 1.0, "f1": 0.68421, "auc": 0.44525}
{"epoch": 7, "time_epoch": 21.24905, "eta": 1954.97815, "eta_hours": 0.54305, "loss": 0.69252715, "lr": 0.00098796, "params": 3845, "time_iter": 2.1249, "accuracy": 0.52, "precision": 0.52, "recall": 1.0, "f1": 0.68421, "auc": 0.47988}
{"epoch": 8, "time_epoch": 21.1546, "eta": 1932.76615, "eta_hours": 0.53688, "loss": 0.69249424, "lr": 0.00098429, "params": 3845, "time_iter": 2.11546, "accuracy": 0.52, "precision": 0.52, "recall": 1.0, "f1": 0.68421, "auc": 0.41809}
{"epoch": 9, "time_epoch": 21.19284, "eta": 1911.10985, "eta_hours": 0.53086, "loss": 0.69256635, "lr": 0.00098015, "params": 3845, "time_iter": 2.11928, "accuracy": 0.52, "precision": 0.52, "recall": 1.0, "f1": 0.68421, "auc": 0.40652}
{"epoch": 10, "time_epoch": 21.24454, "eta": 1889.95611, "eta_hours": 0.52499, "loss": 0.69243751, "lr": 0.00097553, "params": 3845, "time_iter": 2.12445, "accuracy": 0.52, "precision": 0.52, "recall": 1.0, "f1": 0.68421, "auc": 0.49421}
{"epoch": 11, "time_epoch": 21.28497, "eta": 1869.08369, "eta_hours": 0.51919, "loss": 0.69245986, "lr": 0.00097044, "params": 3845, "time_iter": 2.1285, "accuracy": 0.52, "precision": 0.52, "recall": 1.0, "f1": 0.68421, "auc": 0.48219}
{"epoch": 12, "time_epoch": 21.34264, "eta": 1848.53379, "eta_hours": 0.51348, "loss": 0.69269111, "lr": 0.00096489, "params": 3845, "time_iter": 2.13426, "accuracy": 0.52, "precision": 0.52, "recall": 1.0, "f1": 0.68421, "auc": 0.35648}
{"epoch": 13, "time_epoch": 21.2775, "eta": 1827.47048, "eta_hours": 0.50763, "loss": 0.69259174, "lr": 0.00095888, "params": 3845, "time_iter": 2.12775, "accuracy": 0.52, "precision": 0.52, "recall": 1.0, "f1": 0.68421, "auc": 0.42771}
{"epoch": 14, "time_epoch": 21.46565, "eta": 1807.44479, "eta_hours": 0.50207, "loss": 0.69250773, "lr": 0.00095241, "params": 3845, "time_iter": 2.14657, "accuracy": 0.52, "precision": 0.52, "recall": 1.0, "f1": 0.68421, "auc": 0.4432}
{"epoch": 15, "time_epoch": 21.3893, "eta": 1786.83828, "eta_hours": 0.49634, "loss": 0.69250081, "lr": 0.0009455, "params": 3845, "time_iter": 2.13893, "accuracy": 0.52, "precision": 0.52, "recall": 1.0, "f1": 0.68421, "auc": 0.42664}
{"epoch": 16, "time_epoch": 21.39276, "eta": 1766.15655, "eta_hours": 0.4906, "loss": 0.6924905, "lr": 0.00093815, "params": 3845, "time_iter": 2.13928, "accuracy": 0.52, "precision": 0.52, "recall": 1.0, "f1": 0.68421, "auc": 0.44284}
{"epoch": 17, "time_epoch": 21.38397, "eta": 1745.35578, "eta_hours": 0.48482, "loss": 0.69246473, "lr": 0.00093037, "params": 3845, "time_iter": 2.1384, "accuracy": 0.52, "precision": 0.52, "recall": 1.0, "f1": 0.68421, "auc": 0.47267}
{"epoch": 18, "time_epoch": 21.42096, "eta": 1724.65133, "eta_hours": 0.47907, "loss": 0.69240246, "lr": 0.00092216, "params": 3845, "time_iter": 2.1421, "accuracy": 0.52, "precision": 0.52, "recall": 1.0, "f1": 0.68421, "auc": 0.48602}
{"epoch": 19, "time_epoch": 21.71598, "eta": 1705.05528, "eta_hours": 0.47363, "loss": 0.69243475, "lr": 0.00091354, "params": 3845, "time_iter": 2.1716, "accuracy": 0.52, "precision": 0.52, "recall": 1.0, "f1": 0.68421, "auc": 0.41311}
{"epoch": 20, "time_epoch": 21.49507, "eta": 1684.42632, "eta_hours": 0.4679, "loss": 0.69244368, "lr": 0.00090451, "params": 3845, "time_iter": 2.14951, "accuracy": 0.52, "precision": 0.52, "recall": 1.0, "f1": 0.68421, "auc": 0.50294}
{"epoch": 21, "time_epoch": 22.42394, "eta": 1667.01188, "eta_hours": 0.46306, "loss": 0.69253543, "lr": 0.00089508, "params": 3845, "time_iter": 2.24239, "accuracy": 0.52, "precision": 0.52, "recall": 1.0, "f1": 0.68421, "auc": 0.42379}
{"epoch": 22, "time_epoch": 21.48797, "eta": 1646.02834, "eta_hours": 0.45723, "loss": 0.69243489, "lr": 0.00088526, "params": 3845, "time_iter": 2.1488, "accuracy": 0.52, "precision": 0.52, "recall": 1.0, "f1": 0.68421, "auc": 0.47187}
{"epoch": 23, "time_epoch": 21.65427, "eta": 1625.52941, "eta_hours": 0.45154, "loss": 0.69245673, "lr": 0.00087506, "params": 3845, "time_iter": 2.16543, "accuracy": 0.52, "precision": 0.52, "recall": 1.0, "f1": 0.68421, "auc": 0.42165}
{"epoch": 24, "time_epoch": 21.41123, "eta": 1604.20894, "eta_hours": 0.44561, "loss": 0.6924293, "lr": 0.00086448, "params": 3845, "time_iter": 2.14112, "accuracy": 0.52, "precision": 0.52, "recall": 1.0, "f1": 0.68421, "auc": 0.45753}
{"epoch": 25, "time_epoch": 21.21936, "eta": 1582.33537, "eta_hours": 0.43954, "loss": 0.69241671, "lr": 0.00085355, "params": 3845, "time_iter": 2.12194, "accuracy": 0.52, "precision": 0.52, "recall": 1.0, "f1": 0.68421, "auc": 0.47739}
{"epoch": 26, "time_epoch": 21.24721, "eta": 1560.58557, "eta_hours": 0.4335, "loss": 0.69243661, "lr": 0.00084227, "params": 3845, "time_iter": 2.12472, "accuracy": 0.52, "precision": 0.52, "recall": 1.0, "f1": 0.68421, "auc": 0.38497}
{"epoch": 27, "time_epoch": 21.20606, "eta": 1538.76586, "eta_hours": 0.42743, "loss": 0.6923453, "lr": 0.00083066, "params": 3845, "time_iter": 2.12061, "accuracy": 0.52, "precision": 0.52, "recall": 1.0, "f1": 0.68421, "auc": 0.5114}
{"epoch": 28, "time_epoch": 21.24441, "eta": 1517.08235, "eta_hours": 0.42141, "loss": 0.69241046, "lr": 0.00081871, "params": 3845, "time_iter": 2.12444, "accuracy": 0.52, "precision": 0.52, "recall": 1.0, "f1": 0.68421, "auc": 0.48139}
{"epoch": 29, "time_epoch": 21.39977, "eta": 1495.79062, "eta_hours": 0.4155, "loss": 0.69246439, "lr": 0.00080645, "params": 3845, "time_iter": 2.13998, "accuracy": 0.52, "precision": 0.52, "recall": 1.0, "f1": 0.68421, "auc": 0.43474}
{"epoch": 30, "time_epoch": 21.23879, "eta": 1474.13362, "eta_hours": 0.40948, "loss": 0.69237965, "lr": 0.00079389, "params": 3845, "time_iter": 2.12388, "accuracy": 0.52, "precision": 0.52, "recall": 1.0, "f1": 0.68421, "auc": 0.37393}
{"epoch": 31, "time_epoch": 21.35181, "eta": 1452.74292, "eta_hours": 0.40354, "loss": 0.69240533, "lr": 0.00078104, "params": 3845, "time_iter": 2.13518, "accuracy": 0.52, "precision": 0.52, "recall": 1.0, "f1": 0.68421, "auc": 0.4651}
{"epoch": 32, "time_epoch": 21.19459, "eta": 1431.03537, "eta_hours": 0.39751, "loss": 0.69240775, "lr": 0.00076791, "params": 3845, "time_iter": 2.11946, "accuracy": 0.52, "precision": 0.52, "recall": 1.0, "f1": 0.68421, "auc": 0.40687}
{"epoch": 33, "time_epoch": 21.16458, "eta": 1409.29975, "eta_hours": 0.39147, "loss": 0.69240713, "lr": 0.00075452, "params": 3845, "time_iter": 2.11646, "accuracy": 0.52, "precision": 0.52, "recall": 1.0, "f1": 0.68421, "auc": 0.3969}
{"epoch": 34, "time_epoch": 21.12874, "eta": 1387.53019, "eta_hours": 0.38543, "loss": 0.69237022, "lr": 0.00074088, "params": 3845, "time_iter": 2.11287, "accuracy": 0.52, "precision": 0.52, "recall": 1.0, "f1": 0.68421, "auc": 0.43073}
{"epoch": 35, "time_epoch": 21.15848, "eta": 1365.8491, "eta_hours": 0.3794, "loss": 0.69243802, "lr": 0.000727, "params": 3845, "time_iter": 2.11585, "accuracy": 0.52, "precision": 0.52, "recall": 1.0, "f1": 0.68421, "auc": 0.39298}
{"epoch": 36, "time_epoch": 21.34513, "eta": 1344.51408, "eta_hours": 0.37348, "loss": 0.69244731, "lr": 0.00071289, "params": 3845, "time_iter": 2.13451, "accuracy": 0.52, "precision": 0.52, "recall": 1.0, "f1": 0.68421, "auc": 0.41035}
{"epoch": 37, "time_epoch": 21.36275, "eta": 1323.20727, "eta_hours": 0.36756, "loss": 0.69244314, "lr": 0.00069857, "params": 3845, "time_iter": 2.13628, "accuracy": 0.52, "precision": 0.52, "recall": 1.0, "f1": 0.68421, "auc": 0.43429}
{"epoch": 38, "time_epoch": 21.34041, "eta": 1301.86265, "eta_hours": 0.36163, "loss": 0.6923645, "lr": 0.00068406, "params": 3845, "time_iter": 2.13404, "accuracy": 0.52, "precision": 0.52, "recall": 1.0, "f1": 0.68421, "auc": 0.44943}
{"epoch": 39, "time_epoch": 21.40353, "eta": 1280.61292, "eta_hours": 0.35573, "loss": 0.69247235, "lr": 0.00066937, "params": 3845, "time_iter": 2.14035, "accuracy": 0.52, "precision": 0.52, "recall": 1.0, "f1": 0.68421, "auc": 0.39396}
{"epoch": 40, "time_epoch": 21.2708, "eta": 1259.16468, "eta_hours": 0.34977, "loss": 0.69236632, "lr": 0.00065451, "params": 3845, "time_iter": 2.12708, "accuracy": 0.52, "precision": 0.52, "recall": 1.0, "f1": 0.68421, "auc": 0.43127}
{"epoch": 41, "time_epoch": 21.26915, "eta": 1237.72262, "eta_hours": 0.34381, "loss": 0.69243037, "lr": 0.0006395, "params": 3845, "time_iter": 2.12692, "accuracy": 0.52, "precision": 0.52, "recall": 1.0, "f1": 0.68421, "auc": 0.43305}
{"epoch": 42, "time_epoch": 21.37748, "eta": 1216.4322, "eta_hours": 0.3379, "loss": 0.69239052, "lr": 0.00062434, "params": 3845, "time_iter": 2.13775, "accuracy": 0.52, "precision": 0.52, "recall": 1.0, "f1": 0.68421, "auc": 0.42317}
{"epoch": 43, "time_epoch": 21.33761, "eta": 1195.08707, "eta_hours": 0.33197, "loss": 0.69237976, "lr": 0.00060907, "params": 3845, "time_iter": 2.13376, "accuracy": 0.52, "precision": 0.52, "recall": 1.0, "f1": 0.68421, "auc": 0.4432}
{"epoch": 44, "time_epoch": 21.28303, "eta": 1173.67557, "eta_hours": 0.32602, "loss": 0.69242711, "lr": 0.00059369, "params": 3845, "time_iter": 2.1283, "accuracy": 0.52, "precision": 0.52, "recall": 1.0, "f1": 0.68421, "auc": 0.38337}
{"epoch": 45, "time_epoch": 22.42936, "eta": 1153.61535, "eta_hours": 0.32045, "loss": 0.6923885, "lr": 0.00057822, "params": 3845, "time_iter": 2.24294, "accuracy": 0.52, "precision": 0.52, "recall": 1.0, "f1": 0.68421, "auc": 0.3547}
{"epoch": 46, "time_epoch": 22.16131, "eta": 1133.15205, "eta_hours": 0.31476, "loss": 0.69256394, "lr": 0.00056267, "params": 3845, "time_iter": 2.21613, "accuracy": 0.52, "precision": 0.52, "recall": 1.0, "f1": 0.68421, "auc": 0.40946}
{"epoch": 47, "time_epoch": 21.74943, "eta": 1112.17179, "eta_hours": 0.30894, "loss": 0.69247705, "lr": 0.00054705, "params": 3845, "time_iter": 2.17494, "accuracy": 0.52, "precision": 0.52, "recall": 1.0, "f1": 0.68421, "auc": 0.3888}
{"epoch": 48, "time_epoch": 21.54527, "eta": 1090.94765, "eta_hours": 0.30304, "loss": 0.69231728, "lr": 0.0005314, "params": 3845, "time_iter": 2.15453, "accuracy": 0.52, "precision": 0.52, "recall": 1.0, "f1": 0.68421, "auc": 0.5511}
{"epoch": 49, "time_epoch": 21.34396, "eta": 1069.50935, "eta_hours": 0.29709, "loss": 0.69238494, "lr": 0.00051571, "params": 3845, "time_iter": 2.1344, "accuracy": 0.52, "precision": 0.52, "recall": 1.0, "f1": 0.68421, "auc": 0.49306}
{"epoch": 50, "time_epoch": 21.28568, "eta": 1048.01876, "eta_hours": 0.29112, "loss": 0.69258343, "lr": 0.0005, "params": 3845, "time_iter": 2.12857, "accuracy": 0.52, "precision": 0.52, "recall": 1.0, "f1": 0.68421, "auc": 0.36619}
{"epoch": 51, "time_epoch": 21.23646, "eta": 1026.49061, "eta_hours": 0.28514, "loss": 0.69244417, "lr": 0.00048429, "params": 3845, "time_iter": 2.12365, "accuracy": 0.52, "precision": 0.52, "recall": 1.0, "f1": 0.68421, "auc": 0.44302}
{"epoch": 52, "time_epoch": 21.36194, "eta": 1005.08474, "eta_hours": 0.27919, "loss": 0.69235847, "lr": 0.0004686, "params": 3845, "time_iter": 2.13619, "accuracy": 0.52, "precision": 0.52, "recall": 1.0, "f1": 0.68421, "auc": 0.48032}
{"epoch": 53, "time_epoch": 21.51779, "eta": 983.81327, "eta_hours": 0.27328, "loss": 0.6923565, "lr": 0.00045295, "params": 3845, "time_iter": 2.15178, "accuracy": 0.52, "precision": 0.52, "recall": 1.0, "f1": 0.68421, "auc": 0.46964}
{"epoch": 54, "time_epoch": 21.44303, "eta": 962.47166, "eta_hours": 0.26735, "loss": 0.69238208, "lr": 0.00043733, "params": 3845, "time_iter": 2.1443, "accuracy": 0.52, "precision": 0.52, "recall": 1.0, "f1": 0.68421, "auc": 0.42566}
{"epoch": 55, "time_epoch": 21.5629, "eta": 941.22062, "eta_hours": 0.26145, "loss": 0.6923503, "lr": 0.00042178, "params": 3845, "time_iter": 2.15629, "accuracy": 0.52, "precision": 0.52, "recall": 1.0, "f1": 0.68421, "auc": 0.5308}
{"epoch": 56, "time_epoch": 21.38534, "eta": 919.82469, "eta_hours": 0.25551, "loss": 0.6924268, "lr": 0.00040631, "params": 3845, "time_iter": 2.13853, "accuracy": 0.52, "precision": 0.52, "recall": 1.0, "f1": 0.68421, "auc": 0.3831}
{"epoch": 57, "time_epoch": 21.40868, "eta": 898.44602, "eta_hours": 0.24957, "loss": 0.69235792, "lr": 0.00039093, "params": 3845, "time_iter": 2.14087, "accuracy": 0.52, "precision": 0.52, "recall": 1.0, "f1": 0.68421, "auc": 0.4367}
{"epoch": 58, "time_epoch": 21.29876, "eta": 876.98995, "eta_hours": 0.24361, "loss": 0.69236214, "lr": 0.00037566, "params": 3845, "time_iter": 2.12988, "accuracy": 0.52, "precision": 0.52, "recall": 1.0, "f1": 0.68421, "auc": 0.42984}
{"epoch": 59, "time_epoch": 21.21019, "eta": 855.48008, "eta_hours": 0.23763, "loss": 0.69235381, "lr": 0.0003605, "params": 3845, "time_iter": 2.12102, "accuracy": 0.52, "precision": 0.52, "recall": 1.0, "f1": 0.68421, "auc": 0.44676}
{"epoch": 60, "time_epoch": 21.34641, "eta": 834.06713, "eta_hours": 0.23169, "loss": 0.69237898, "lr": 0.00034549, "params": 3845, "time_iter": 2.13464, "accuracy": 0.52, "precision": 0.52, "recall": 1.0, "f1": 0.68421, "auc": 0.37197}
{"epoch": 61, "time_epoch": 21.24944, "eta": 812.59689, "eta_hours": 0.22572, "loss": 0.69244146, "lr": 0.00033063, "params": 3845, "time_iter": 2.12494, "accuracy": 0.52, "precision": 0.52, "recall": 1.0, "f1": 0.68421, "auc": 0.39254}
{"epoch": 62, "time_epoch": 21.27716, "eta": 791.14994, "eta_hours": 0.21976, "loss": 0.69236898, "lr": 0.00031594, "params": 3845, "time_iter": 2.12772, "accuracy": 0.52, "precision": 0.52, "recall": 1.0, "f1": 0.68421, "auc": 0.49208}
{"epoch": 63, "time_epoch": 21.33337, "eta": 769.73991, "eta_hours": 0.21382, "loss": 0.69233802, "lr": 0.00030143, "params": 3845, "time_iter": 2.13334, "accuracy": 0.52, "precision": 0.52, "recall": 1.0, "f1": 0.68421, "auc": 0.5722}
{"epoch": 64, "time_epoch": 21.2469, "eta": 748.28568, "eta_hours": 0.20786, "loss": 0.69234348, "lr": 0.00028711, "params": 3845, "time_iter": 2.12469, "accuracy": 0.52, "precision": 0.52, "recall": 1.0, "f1": 0.68421, "auc": 0.51994}
{"epoch": 65, "time_epoch": 21.15418, "eta": 726.78997, "eta_hours": 0.20189, "loss": 0.69238693, "lr": 0.000273, "params": 3845, "time_iter": 2.11542, "accuracy": 0.52, "precision": 0.52, "recall": 1.0, "f1": 0.68421, "auc": 0.44863}
{"epoch": 66, "time_epoch": 21.3228, "eta": 705.3875, "eta_hours": 0.19594, "loss": 0.69236779, "lr": 0.00025912, "params": 3845, "time_iter": 2.13228, "accuracy": 0.52, "precision": 0.52, "recall": 1.0, "f1": 0.68421, "auc": 0.41355}
{"epoch": 67, "time_epoch": 21.3314, "eta": 683.99143, "eta_hours": 0.19, "loss": 0.69238511, "lr": 0.00024548, "params": 3845, "time_iter": 2.13314, "accuracy": 0.52, "precision": 0.52, "recall": 1.0, "f1": 0.68421, "auc": 0.4083}
{"epoch": 68, "time_epoch": 21.22664, "eta": 662.55016, "eta_hours": 0.18404, "loss": 0.69244191, "lr": 0.00023209, "params": 3845, "time_iter": 2.12266, "accuracy": 0.52, "precision": 0.52, "recall": 1.0, "f1": 0.68421, "auc": 0.35016}
{"epoch": 69, "time_epoch": 21.20751, "eta": 641.10683, "eta_hours": 0.17809, "loss": 0.69235972, "lr": 0.00021896, "params": 3845, "time_iter": 2.12075, "accuracy": 0.52, "precision": 0.52, "recall": 1.0, "f1": 0.68421, "auc": 0.51798}
{"epoch": 70, "time_epoch": 21.37654, "eta": 619.73918, "eta_hours": 0.17215, "loss": 0.69237656, "lr": 0.00020611, "params": 3845, "time_iter": 2.13765, "accuracy": 0.52, "precision": 0.52, "recall": 1.0, "f1": 0.68421, "auc": 0.43652}
{"epoch": 71, "time_epoch": 21.86775, "eta": 598.56231, "eta_hours": 0.16627, "loss": 0.69238553, "lr": 0.00019355, "params": 3845, "time_iter": 2.18677, "accuracy": 0.52, "precision": 0.52, "recall": 1.0, "f1": 0.68421, "auc": 0.45958}
{"epoch": 72, "time_epoch": 21.66039, "eta": 577.28982, "eta_hours": 0.16036, "loss": 0.69236339, "lr": 0.00018129, "params": 3845, "time_iter": 2.16604, "accuracy": 0.52, "precision": 0.52, "recall": 1.0, "f1": 0.68421, "auc": 0.52155}
{"epoch": 73, "time_epoch": 21.3172, "eta": 555.88626, "eta_hours": 0.15441, "loss": 0.69237327, "lr": 0.00016934, "params": 3845, "time_iter": 2.13172, "accuracy": 0.52, "precision": 0.52, "recall": 1.0, "f1": 0.68421, "auc": 0.4318}
{"epoch": 74, "time_epoch": 21.30621, "eta": 534.48134, "eta_hours": 0.14847, "loss": 0.6923819, "lr": 0.00015773, "params": 3845, "time_iter": 2.13062, "accuracy": 0.52, "precision": 0.52, "recall": 1.0, "f1": 0.68421, "auc": 0.41765}
{"epoch": 75, "time_epoch": 21.32435, "eta": 513.08475, "eta_hours": 0.14252, "loss": 0.69237402, "lr": 0.00014645, "params": 3845, "time_iter": 2.13244, "accuracy": 0.52, "precision": 0.52, "recall": 1.0, "f1": 0.68421, "auc": 0.40536}
{"epoch": 76, "time_epoch": 21.3578, "eta": 491.70003, "eta_hours": 0.13658, "loss": 0.69237255, "lr": 0.00013552, "params": 3845, "time_iter": 2.13578, "accuracy": 0.52, "precision": 0.52, "recall": 1.0, "f1": 0.68421, "auc": 0.37055}
{"epoch": 77, "time_epoch": 22.01568, "eta": 470.50155, "eta_hours": 0.13069, "loss": 0.69237103, "lr": 0.00012494, "params": 3845, "time_iter": 2.20157, "accuracy": 0.52, "precision": 0.52, "recall": 1.0, "f1": 0.68421, "auc": 0.44427}
{"epoch": 78, "time_epoch": 21.33639, "eta": 449.10181, "eta_hours": 0.12475, "loss": 0.6923732, "lr": 0.00011474, "params": 3845, "time_iter": 2.13364, "accuracy": 0.52, "precision": 0.52, "recall": 1.0, "f1": 0.68421, "auc": 0.42005}
{"epoch": 79, "time_epoch": 21.54578, "eta": 427.75601, "eta_hours": 0.11882, "loss": 0.69238611, "lr": 0.00010492, "params": 3845, "time_iter": 2.15458, "accuracy": 0.52, "precision": 0.52, "recall": 1.0, "f1": 0.68421, "auc": 0.444}
{"epoch": 80, "time_epoch": 21.40189, "eta": 406.37151, "eta_hours": 0.11288, "loss": 0.6923694, "lr": 9.549e-05, "params": 3845, "time_iter": 2.14019, "accuracy": 0.52, "precision": 0.52, "recall": 1.0, "f1": 0.68421, "auc": 0.47098}
{"epoch": 81, "time_epoch": 21.29565, "eta": 384.96327, "eta_hours": 0.10693, "loss": 0.69236352, "lr": 8.646e-05, "params": 3845, "time_iter": 2.12957, "accuracy": 0.52, "precision": 0.52, "recall": 1.0, "f1": 0.68421, "auc": 0.52146}
{"epoch": 82, "time_epoch": 21.57229, "eta": 363.6144, "eta_hours": 0.101, "loss": 0.69236616, "lr": 7.784e-05, "params": 3845, "time_iter": 2.15723, "accuracy": 0.52, "precision": 0.52, "recall": 1.0, "f1": 0.68421, "auc": 0.44168}
{"epoch": 83, "time_epoch": 21.21155, "eta": 342.1915, "eta_hours": 0.09505, "loss": 0.69236883, "lr": 6.963e-05, "params": 3845, "time_iter": 2.12116, "accuracy": 0.52, "precision": 0.52, "recall": 1.0, "f1": 0.68421, "auc": 0.43465}
{"epoch": 84, "time_epoch": 21.4292, "eta": 320.81199, "eta_hours": 0.08911, "loss": 0.69236415, "lr": 6.185e-05, "params": 3845, "time_iter": 2.14292, "accuracy": 0.52, "precision": 0.52, "recall": 1.0, "f1": 0.68421, "auc": 0.50125}
{"epoch": 85, "time_epoch": 21.20433, "eta": 299.39471, "eta_hours": 0.08317, "loss": 0.69236765, "lr": 5.45e-05, "params": 3845, "time_iter": 2.12043, "accuracy": 0.52, "precision": 0.52, "recall": 1.0, "f1": 0.68421, "auc": 0.4667}
{"epoch": 86, "time_epoch": 21.26124, "eta": 277.99083, "eta_hours": 0.07722, "loss": 0.69236196, "lr": 4.759e-05, "params": 3845, "time_iter": 2.12612, "accuracy": 0.52, "precision": 0.52, "recall": 1.0, "f1": 0.68421, "auc": 0.49003}
{"epoch": 87, "time_epoch": 21.36985, "eta": 256.605, "eta_hours": 0.07128, "loss": 0.69235884, "lr": 4.112e-05, "params": 3845, "time_iter": 2.13699, "accuracy": 0.52, "precision": 0.52, "recall": 1.0, "f1": 0.68421, "auc": 0.54594}
{"epoch": 88, "time_epoch": 21.315, "eta": 235.21276, "eta_hours": 0.06534, "loss": 0.69236113, "lr": 3.511e-05, "params": 3845, "time_iter": 2.1315, "accuracy": 0.52, "precision": 0.52, "recall": 1.0, "f1": 0.68421, "auc": 0.4667}
{"epoch": 89, "time_epoch": 21.25712, "eta": 213.81579, "eta_hours": 0.05939, "loss": 0.69236078, "lr": 2.956e-05, "params": 3845, "time_iter": 2.12571, "accuracy": 0.52, "precision": 0.52, "recall": 1.0, "f1": 0.68421, "auc": 0.4951}
{"epoch": 90, "time_epoch": 21.25223, "eta": 192.42142, "eta_hours": 0.05345, "loss": 0.69236242, "lr": 2.447e-05, "params": 3845, "time_iter": 2.12522, "accuracy": 0.52, "precision": 0.52, "recall": 1.0, "f1": 0.68421, "auc": 0.42165}
{"epoch": 91, "time_epoch": 21.36775, "eta": 171.04018, "eta_hours": 0.04751, "loss": 0.69236037, "lr": 1.985e-05, "params": 3845, "time_iter": 2.13677, "accuracy": 0.52, "precision": 0.52, "recall": 1.0, "f1": 0.68421, "auc": 0.45344}
{"epoch": 92, "time_epoch": 21.42386, "eta": 149.66346, "eta_hours": 0.04157, "loss": 0.69236139, "lr": 1.571e-05, "params": 3845, "time_iter": 2.14239, "accuracy": 0.52, "precision": 0.52, "recall": 1.0, "f1": 0.68421, "auc": 0.41364}
{"epoch": 93, "time_epoch": 21.42505, "eta": 128.28581, "eta_hours": 0.03563, "loss": 0.69236035, "lr": 1.204e-05, "params": 3845, "time_iter": 2.14251, "accuracy": 0.52, "precision": 0.52, "recall": 1.0, "f1": 0.68421, "auc": 0.45637}
{"epoch": 94, "time_epoch": 21.40585, "eta": 106.90615, "eta_hours": 0.0297, "loss": 0.69236097, "lr": 8.86e-06, "params": 3845, "time_iter": 2.14059, "accuracy": 0.52, "precision": 0.52, "recall": 1.0, "f1": 0.68421, "auc": 0.43572}
{"epoch": 95, "time_epoch": 21.54735, "eta": 85.53184, "eta_hours": 0.02376, "loss": 0.69236176, "lr": 6.16e-06, "params": 3845, "time_iter": 2.15473, "accuracy": 0.52, "precision": 0.52, "recall": 1.0, "f1": 0.68421, "auc": 0.414}
{"epoch": 96, "time_epoch": 22.52213, "eta": 64.18411, "eta_hours": 0.01783, "loss": 0.69236038, "lr": 3.94e-06, "params": 3845, "time_iter": 2.25221, "accuracy": 0.52, "precision": 0.52, "recall": 1.0, "f1": 0.68421, "auc": 0.4489}
{"epoch": 97, "time_epoch": 22.52999, "eta": 42.81258, "eta_hours": 0.01189, "loss": 0.69236077, "lr": 2.22e-06, "params": 3845, "time_iter": 2.253, "accuracy": 0.52, "precision": 0.52, "recall": 1.0, "f1": 0.68421, "auc": 0.41355}
{"epoch": 98, "time_epoch": 21.42342, "eta": 21.40646, "eta_hours": 0.00595, "loss": 0.69235879, "lr": 9.9e-07, "params": 3845, "time_iter": 2.14234, "accuracy": 0.52, "precision": 0.52, "recall": 1.0, "f1": 0.68421, "auc": 0.53828}
{"epoch": 99, "time_epoch": 21.98008, "eta": 0.0, "eta_hours": 0.0, "loss": 0.69235914, "lr": 2.5e-07, "params": 3845, "time_iter": 2.19801, "accuracy": 0.52, "precision": 0.52, "recall": 1.0, "f1": 0.68421, "auc": 0.51478}
