{"epoch": 0, "time_epoch": 19.3973, "eta": 1920.33277, "eta_hours": 0.53343, "loss": 0.68226289, "lr": 0.001, "params": 7591, "time_iter": 0.13195, "accuracy": 0.53912, "precision": 0.46277, "recall": 0.71605, "f1": 0.5622, "auc": 0.60209}
{"epoch": 1, "time_epoch": 6.67182, "eta": 1277.38698, "eta_hours": 0.35483, "loss": 0.62086462, "lr": 0.00099975, "params": 7591, "time_iter": 0.04539, "accuracy": 0.67007, "precision": 0.67376, "recall": 0.39095, "f1": 0.49479, "auc": 0.6915}
{"epoch": 2, "time_epoch": 6.63691, "eta": 1057.49517, "eta_hours": 0.29375, "loss": 0.59830899, "lr": 0.00099901, "params": 7591, "time_iter": 0.04515, "accuracy": 0.69558, "precision": 0.71918, "recall": 0.4321, "f1": 0.53985, "auc": 0.72138}
{"epoch": 3, "time_epoch": 6.84697, "eta": 949.27216, "eta_hours": 0.26369, "loss": 0.57936295, "lr": 0.00099778, "params": 7591, "time_iter": 0.04658, "accuracy": 0.72109, "precision": 0.72316, "recall": 0.52675, "f1": 0.60952, "auc": 0.76207}
{"epoch": 4, "time_epoch": 6.9696, "eta": 883.92951, "eta_hours": 0.24554, "loss": 0.575268, "lr": 0.00099606, "params": 7591, "time_iter": 0.04741, "accuracy": 0.71939, "precision": 0.72159, "recall": 0.52263, "f1": 0.60621, "auc": 0.76671}
{"epoch": 5, "time_epoch": 6.74901, "eta": 834.58865, "eta_hours": 0.23183, "loss": 0.56060945, "lr": 0.00099384, "params": 7591, "time_iter": 0.04591, "accuracy": 0.72449, "precision": 0.72626, "recall": 0.53498, "f1": 0.61611, "auc": 0.77408}
{"epoch": 6, "time_epoch": 6.79626, "eta": 798.04465, "eta_hours": 0.22168, "loss": 0.5912306, "lr": 0.00099114, "params": 7591, "time_iter": 0.04623, "accuracy": 0.73299, "precision": 0.73626, "recall": 0.55144, "f1": 0.63059, "auc": 0.76373}
{"epoch": 7, "time_epoch": 6.83197, "eta": 769.34825, "eta_hours": 0.21371, "loss": 0.56826731, "lr": 0.00098796, "params": 7591, "time_iter": 0.04648, "accuracy": 0.71259, "precision": 0.71023, "recall": 0.5144, "f1": 0.59666, "auc": 0.7701}
{"epoch": 8, "time_epoch": 6.79871, "eta": 745.17428, "eta_hours": 0.20699, "loss": 0.58062776, "lr": 0.00098429, "params": 7591, "time_iter": 0.04625, "accuracy": 0.72959, "precision": 0.71429, "recall": 0.57613, "f1": 0.63781, "auc": 0.76635}
{"epoch": 9, "time_epoch": 6.60349, "eta": 722.71839, "eta_hours": 0.20076, "loss": 0.59932325, "lr": 0.00098015, "params": 7591, "time_iter": 0.04492, "accuracy": 0.72449, "precision": 0.72626, "recall": 0.53498, "f1": 0.61611, "auc": 0.74232}
{"epoch": 10, "time_epoch": 6.66159, "eta": 703.61489, "eta_hours": 0.19545, "loss": 0.54960986, "lr": 0.00097553, "params": 7591, "time_iter": 0.04532, "accuracy": 0.73639, "precision": 0.7268, "recall": 0.58025, "f1": 0.64531, "auc": 0.78816}
{"epoch": 11, "time_epoch": 6.61339, "eta": 686.23151, "eta_hours": 0.19062, "loss": 0.57113528, "lr": 0.00097044, "params": 7591, "time_iter": 0.04499, "accuracy": 0.7381, "precision": 0.75429, "recall": 0.54321, "f1": 0.63158, "auc": 0.7757}
{"epoch": 12, "time_epoch": 6.65314, "eta": 670.7711, "eta_hours": 0.18633, "loss": 0.57902343, "lr": 0.00096489, "params": 7591, "time_iter": 0.04526, "accuracy": 0.7483, "precision": 0.74869, "recall": 0.58848, "f1": 0.65899, "auc": 0.78601}
{"epoch": 13, "time_epoch": 6.64666, "eta": 656.52903, "eta_hours": 0.18237, "loss": 0.55927919, "lr": 0.00095888, "params": 7591, "time_iter": 0.04522, "accuracy": 0.72959, "precision": 0.73333, "recall": 0.54321, "f1": 0.62411, "auc": 0.77809}
{"epoch": 14, "time_epoch": 6.59928, "eta": 643.0312, "eta_hours": 0.17862, "loss": 0.57244351, "lr": 0.00095241, "params": 7591, "time_iter": 0.04489, "accuracy": 0.72279, "precision": 0.70833, "recall": 0.55967, "f1": 0.62529, "auc": 0.77773}
{"epoch": 15, "time_epoch": 6.61619, "eta": 630.4845, "eta_hours": 0.17513, "loss": 0.54645723, "lr": 0.0009455, "params": 7591, "time_iter": 0.04501, "accuracy": 0.7398, "precision": 0.73196, "recall": 0.58436, "f1": 0.64989, "auc": 0.79235}
{"epoch": 16, "time_epoch": 6.61744, "eta": 618.6416, "eta_hours": 0.17184, "loss": 0.55319814, "lr": 0.00093815, "params": 7591, "time_iter": 0.04502, "accuracy": 0.72789, "precision": 0.72678, "recall": 0.54733, "f1": 0.62441, "auc": 0.79785}
{"epoch": 17, "time_epoch": 6.62591, "eta": 607.41788, "eta_hours": 0.16873, "loss": 0.56208176, "lr": 0.00093037, "params": 7591, "time_iter": 0.04507, "accuracy": 0.73299, "precision": 0.7337, "recall": 0.55556, "f1": 0.63232, "auc": 0.78255}
{"epoch": 18, "time_epoch": 6.63973, "eta": 596.73709, "eta_hours": 0.16576, "loss": 0.56441611, "lr": 0.00092216, "params": 7591, "time_iter": 0.04517, "accuracy": 0.7466, "precision": 0.73267, "recall": 0.60905, "f1": 0.66517, "auc": 0.78224}
{"epoch": 19, "time_epoch": 6.60531, "eta": 586.3227, "eta_hours": 0.16287, "loss": 0.55160167, "lr": 0.00091354, "params": 7591, "time_iter": 0.04493, "accuracy": 0.72789, "precision": 0.71066, "recall": 0.57613, "f1": 0.63636, "auc": 0.78411}
{"epoch": 20, "time_epoch": 6.58535, "eta": 576.19601, "eta_hours": 0.16005, "loss": 0.56013186, "lr": 0.00090451, "params": 7591, "time_iter": 0.0448, "accuracy": 0.7466, "precision": 0.76404, "recall": 0.55967, "f1": 0.64608, "auc": 0.7835}
{"epoch": 21, "time_epoch": 6.59111, "eta": 566.41167, "eta_hours": 0.15734, "loss": 0.54541181, "lr": 0.00089508, "params": 7591, "time_iter": 0.04484, "accuracy": 0.73639, "precision": 0.73404, "recall": 0.5679, "f1": 0.64037, "auc": 0.78911}
{"epoch": 22, "time_epoch": 6.61691, "eta": 556.99136, "eta_hours": 0.15472, "loss": 0.56651223, "lr": 0.00088526, "params": 7591, "time_iter": 0.04501, "accuracy": 0.7466, "precision": 0.75, "recall": 0.58025, "f1": 0.65429, "auc": 0.78161}
{"epoch": 23, "time_epoch": 6.63728, "eta": 547.86919, "eta_hours": 0.15219, "loss": 0.51971848, "lr": 0.00087506, "params": 7591, "time_iter": 0.04515, "accuracy": 0.76531, "precision": 0.7561, "recall": 0.63786, "f1": 0.69196, "auc": 0.82169}
{"epoch": 24, "time_epoch": 6.64436, "eta": 538.96704, "eta_hours": 0.14971, "loss": 0.55850199, "lr": 0.00086448, "params": 7591, "time_iter": 0.0452, "accuracy": 0.7568, "precision": 0.75, "recall": 0.61728, "f1": 0.6772, "auc": 0.80428}
{"epoch": 25, "time_epoch": 6.52733, "eta": 529.9055, "eta_hours": 0.1472, "loss": 0.568416, "lr": 0.00085355, "params": 7591, "time_iter": 0.0444, "accuracy": 0.7568, "precision": 0.76596, "recall": 0.59259, "f1": 0.66821, "auc": 0.80142}
{"epoch": 26, "time_epoch": 6.61088, "eta": 521.25757, "eta_hours": 0.14479, "loss": 0.54603837, "lr": 0.00084227, "params": 7591, "time_iter": 0.04497, "accuracy": 0.7517, "precision": 0.74372, "recall": 0.60905, "f1": 0.66968, "auc": 0.79883}
{"epoch": 27, "time_epoch": 6.60867, "eta": 512.74946, "eta_hours": 0.14243, "loss": 0.56651397, "lr": 0.00083066, "params": 7591, "time_iter": 0.04496, "accuracy": 0.7449, "precision": 0.75135, "recall": 0.57202, "f1": 0.64953, "auc": 0.79433}
{"epoch": 28, "time_epoch": 6.60766, "eta": 504.36988, "eta_hours": 0.1401, "loss": 0.56920858, "lr": 0.00081871, "params": 7591, "time_iter": 0.04495, "accuracy": 0.7517, "precision": 0.76503, "recall": 0.57613, "f1": 0.65728, "auc": 0.7834}
{"epoch": 29, "time_epoch": 6.61816, "eta": 496.13291, "eta_hours": 0.13781, "loss": 0.5212805, "lr": 0.00080645, "params": 7591, "time_iter": 0.04502, "accuracy": 0.7483, "precision": 0.74359, "recall": 0.59671, "f1": 0.6621, "auc": 0.8216}
{"epoch": 30, "time_epoch": 6.62177, "eta": 488.00842, "eta_hours": 0.13556, "loss": 0.55519072, "lr": 0.00079389, "params": 7591, "time_iter": 0.04505, "accuracy": 0.7483, "precision": 0.74611, "recall": 0.59259, "f1": 0.66055, "auc": 0.80703}
{"epoch": 31, "time_epoch": 6.63811, "eta": 480.01257, "eta_hours": 0.13334, "loss": 0.532681, "lr": 0.00078104, "params": 7591, "time_iter": 0.04516, "accuracy": 0.7585, "precision": 0.74396, "recall": 0.63374, "f1": 0.68444, "auc": 0.82353}
{"epoch": 32, "time_epoch": 6.8013, "eta": 472.43033, "eta_hours": 0.13123, "loss": 0.54460264, "lr": 0.00076791, "params": 7591, "time_iter": 0.04627, "accuracy": 0.7432, "precision": 0.73958, "recall": 0.58436, "f1": 0.65287, "auc": 0.81048}
{"epoch": 33, "time_epoch": 6.81399, "eta": 464.91867, "eta_hours": 0.12914, "loss": 0.50826092, "lr": 0.00075452, "params": 7591, "time_iter": 0.04635, "accuracy": 0.76361, "precision": 0.76, "recall": 0.62551, "f1": 0.68623, "auc": 0.82702}
{"epoch": 34, "time_epoch": 6.8269, "eta": 457.47085, "eta_hours": 0.12708, "loss": 0.54893758, "lr": 0.00074088, "params": 7591, "time_iter": 0.04644, "accuracy": 0.7551, "precision": 0.74627, "recall": 0.61728, "f1": 0.67568, "auc": 0.81738}
{"epoch": 35, "time_epoch": 6.80192, "eta": 450.01312, "eta_hours": 0.125, "loss": 0.52670818, "lr": 0.000727, "params": 7591, "time_iter": 0.04627, "accuracy": 0.78571, "precision": 0.78261, "recall": 0.66667, "f1": 0.72, "auc": 0.83012}
{"epoch": 36, "time_epoch": 6.79532, "eta": 442.57959, "eta_hours": 0.12294, "loss": 0.51955224, "lr": 0.00071289, "params": 7591, "time_iter": 0.04623, "accuracy": 0.77551, "precision": 0.78462, "recall": 0.62963, "f1": 0.69863, "auc": 0.82483}
{"epoch": 37, "time_epoch": 6.77103, "eta": 435.14004, "eta_hours": 0.12087, "loss": 0.57248699, "lr": 0.00069857, "params": 7591, "time_iter": 0.04606, "accuracy": 0.7602, "precision": 0.78333, "recall": 0.58025, "f1": 0.66667, "auc": 0.80335}
{"epoch": 38, "time_epoch": 6.80577, "eta": 427.78909, "eta_hours": 0.11883, "loss": 0.51554026, "lr": 0.00068406, "params": 7591, "time_iter": 0.0463, "accuracy": 0.76361, "precision": 0.75243, "recall": 0.63786, "f1": 0.69042, "auc": 0.82314}
{"epoch": 39, "time_epoch": 6.83419, "eta": 420.50804, "eta_hours": 0.11681, "loss": 0.54275522, "lr": 0.00066937, "params": 7591, "time_iter": 0.04649, "accuracy": 0.76531, "precision": 0.77778, "recall": 0.60494, "f1": 0.68056, "auc": 0.81546}
{"epoch": 40, "time_epoch": 6.75837, "eta": 413.13967, "eta_hours": 0.11476, "loss": 0.53276883, "lr": 0.00065451, "params": 7591, "time_iter": 0.04598, "accuracy": 0.76871, "precision": 0.74654, "recall": 0.66667, "f1": 0.70435, "auc": 0.82925}
{"epoch": 41, "time_epoch": 6.65991, "eta": 405.66439, "eta_hours": 0.11268, "loss": 0.55785243, "lr": 0.0006395, "params": 7591, "time_iter": 0.04531, "accuracy": 0.7398, "precision": 0.73438, "recall": 0.58025, "f1": 0.64828, "auc": 0.79835}
{"epoch": 42, "time_epoch": 6.61617, "eta": 398.16904, "eta_hours": 0.1106, "loss": 0.53612374, "lr": 0.00062434, "params": 7591, "time_iter": 0.04501, "accuracy": 0.7517, "precision": 0.74619, "recall": 0.60494, "f1": 0.66818, "auc": 0.80982}
{"epoch": 43, "time_epoch": 6.58765, "eta": 390.67736, "eta_hours": 0.10852, "loss": 0.50773192, "lr": 0.00060907, "params": 7591, "time_iter": 0.04481, "accuracy": 0.76361, "precision": 0.76263, "recall": 0.6214, "f1": 0.68481, "auc": 0.83527}
{"epoch": 44, "time_epoch": 6.57612, "eta": 383.21177, "eta_hours": 0.10645, "loss": 0.51034143, "lr": 0.00059369, "params": 7591, "time_iter": 0.04474, "accuracy": 0.7619, "precision": 0.74178, "recall": 0.65021, "f1": 0.69298, "auc": 0.8355}
{"epoch": 45, "time_epoch": 6.60101, "eta": 375.81408, "eta_hours": 0.10439, "loss": 0.53041186, "lr": 0.00057822, "params": 7591, "time_iter": 0.0449, "accuracy": 0.7568, "precision": 0.74272, "recall": 0.62963, "f1": 0.68151, "auc": 0.82431}
{"epoch": 46, "time_epoch": 6.58377, "eta": 368.43084, "eta_hours": 0.10234, "loss": 0.51149696, "lr": 0.00056267, "params": 7591, "time_iter": 0.04479, "accuracy": 0.77211, "precision": 0.78238, "recall": 0.6214, "f1": 0.69266, "auc": 0.83479}
{"epoch": 47, "time_epoch": 6.59926, "eta": 361.09769, "eta_hours": 0.1003, "loss": 0.51091858, "lr": 0.00054705, "params": 7591, "time_iter": 0.04489, "accuracy": 0.77211, "precision": 0.76077, "recall": 0.65432, "f1": 0.70354, "auc": 0.8352}
{"epoch": 48, "time_epoch": 6.58379, "eta": 353.7784, "eta_hours": 0.09827, "loss": 0.51996883, "lr": 0.0005314, "params": 7591, "time_iter": 0.04479, "accuracy": 0.76871, "precision": 0.75117, "recall": 0.65844, "f1": 0.70175, "auc": 0.83513}
{"epoch": 49, "time_epoch": 6.6196, "eta": 346.52434, "eta_hours": 0.09626, "loss": 0.52139836, "lr": 0.00051571, "params": 7591, "time_iter": 0.04503, "accuracy": 0.7551, "precision": 0.76471, "recall": 0.58848, "f1": 0.66512, "auc": 0.82519}
{"epoch": 50, "time_epoch": 6.60518, "eta": 339.2813, "eta_hours": 0.09424, "loss": 0.51348154, "lr": 0.0005, "params": 7591, "time_iter": 0.04493, "accuracy": 0.77211, "precision": 0.77665, "recall": 0.62963, "f1": 0.69545, "auc": 0.8334}
{"epoch": 51, "time_epoch": 6.59523, "eta": 332.05361, "eta_hours": 0.09224, "loss": 0.51094557, "lr": 0.00048429, "params": 7591, "time_iter": 0.04487, "accuracy": 0.77381, "precision": 0.76961, "recall": 0.64609, "f1": 0.70246, "auc": 0.83432}
{"epoch": 52, "time_epoch": 6.59603, "eta": 324.8505, "eta_hours": 0.09024, "loss": 0.5024181, "lr": 0.0004686, "params": 7591, "time_iter": 0.04487, "accuracy": 0.78401, "precision": 0.79897, "recall": 0.63786, "f1": 0.70938, "auc": 0.84393}
{"epoch": 53, "time_epoch": 6.57806, "eta": 317.65456, "eta_hours": 0.08824, "loss": 0.53844535, "lr": 0.00045295, "params": 7591, "time_iter": 0.04475, "accuracy": 0.75, "precision": 0.73762, "recall": 0.61317, "f1": 0.66966, "auc": 0.82642}
{"epoch": 54, "time_epoch": 6.59152, "eta": 310.4921, "eta_hours": 0.08625, "loss": 0.55705129, "lr": 0.00043733, "params": 7591, "time_iter": 0.04484, "accuracy": 0.78741, "precision": 0.81383, "recall": 0.62963, "f1": 0.70998, "auc": 0.81926}
{"epoch": 55, "time_epoch": 6.57568, "eta": 303.33759, "eta_hours": 0.08426, "loss": 0.52041056, "lr": 0.00042178, "params": 7591, "time_iter": 0.04473, "accuracy": 0.78231, "precision": 0.78894, "recall": 0.64609, "f1": 0.71041, "auc": 0.841}
{"epoch": 56, "time_epoch": 6.61804, "eta": 296.23534, "eta_hours": 0.08229, "loss": 0.50374356, "lr": 0.00040631, "params": 7591, "time_iter": 0.04502, "accuracy": 0.76871, "precision": 0.75845, "recall": 0.64609, "f1": 0.69778, "auc": 0.84543}
{"epoch": 57, "time_epoch": 6.6051, "eta": 289.14043, "eta_hours": 0.08032, "loss": 0.53409779, "lr": 0.00039093, "params": 7591, "time_iter": 0.04493, "accuracy": 0.78061, "precision": 0.76147, "recall": 0.68313, "f1": 0.72017, "auc": 0.82772}
{"epoch": 58, "time_epoch": 6.63634, "eta": 282.08382, "eta_hours": 0.07836, "loss": 0.50309709, "lr": 0.00037566, "params": 7591, "time_iter": 0.04515, "accuracy": 0.77721, "precision": 0.77723, "recall": 0.64609, "f1": 0.70562, "auc": 0.84455}
{"epoch": 59, "time_epoch": 6.56855, "eta": 274.99604, "eta_hours": 0.07639, "loss": 0.49638153, "lr": 0.0003605, "params": 7591, "time_iter": 0.04468, "accuracy": 0.78231, "precision": 0.80749, "recall": 0.6214, "f1": 0.70233, "auc": 0.8485}
{"epoch": 60, "time_epoch": 6.59207, "eta": 267.94031, "eta_hours": 0.07443, "loss": 0.47419877, "lr": 0.00034549, "params": 7591, "time_iter": 0.04484, "accuracy": 0.79592, "precision": 0.78873, "recall": 0.69136, "f1": 0.73684, "auc": 0.85562}
{"epoch": 61, "time_epoch": 6.60348, "eta": 260.90653, "eta_hours": 0.07247, "loss": 0.51708907, "lr": 0.00033063, "params": 7591, "time_iter": 0.04492, "accuracy": 0.78571, "precision": 0.78537, "recall": 0.66255, "f1": 0.71875, "auc": 0.84449}
{"epoch": 62, "time_epoch": 6.5961, "eta": 253.88208, "eta_hours": 0.07052, "loss": 0.50035631, "lr": 0.00031594, "params": 7591, "time_iter": 0.04487, "accuracy": 0.79252, "precision": 0.80711, "recall": 0.65432, "f1": 0.72273, "auc": 0.84731}
{"epoch": 63, "time_epoch": 6.55345, "eta": 246.84703, "eta_hours": 0.06857, "loss": 0.47991875, "lr": 0.00030143, "params": 7591, "time_iter": 0.04458, "accuracy": 0.78571, "precision": 0.79695, "recall": 0.64609, "f1": 0.71364, "auc": 0.8529}
{"epoch": 64, "time_epoch": 6.59734, "eta": 239.85043, "eta_hours": 0.06663, "loss": 0.54552639, "lr": 0.00028711, "params": 7591, "time_iter": 0.04488, "accuracy": 0.76531, "precision": 0.76119, "recall": 0.62963, "f1": 0.68919, "auc": 0.8445}
{"epoch": 65, "time_epoch": 6.60426, "eta": 232.86948, "eta_hours": 0.06469, "loss": 0.49239691, "lr": 0.000273, "params": 7591, "time_iter": 0.04493, "accuracy": 0.80952, "precision": 0.82915, "recall": 0.67901, "f1": 0.74661, "auc": 0.86384}
{"epoch": 66, "time_epoch": 6.54784, "eta": 225.872, "eta_hours": 0.06274, "loss": 0.47847101, "lr": 0.00025912, "params": 7591, "time_iter": 0.04454, "accuracy": 0.78912, "precision": 0.77674, "recall": 0.68724, "f1": 0.72926, "auc": 0.86609}
{"epoch": 67, "time_epoch": 6.59836, "eta": 218.91151, "eta_hours": 0.06081, "loss": 0.47078229, "lr": 0.00024548, "params": 7591, "time_iter": 0.04489, "accuracy": 0.78741, "precision": 0.78095, "recall": 0.6749, "f1": 0.72406, "auc": 0.86662}
{"epoch": 68, "time_epoch": 6.64133, "eta": 211.98083, "eta_hours": 0.05888, "loss": 0.51771653, "lr": 0.00023209, "params": 7591, "time_iter": 0.04518, "accuracy": 0.77381, "precision": 0.78351, "recall": 0.62551, "f1": 0.69565, "auc": 0.84294}
{"epoch": 69, "time_epoch": 6.62696, "eta": 205.05225, "eta_hours": 0.05696, "loss": 0.52985066, "lr": 0.00021896, "params": 7591, "time_iter": 0.04508, "accuracy": 0.77381, "precision": 0.76699, "recall": 0.65021, "f1": 0.70379, "auc": 0.84963}
{"epoch": 70, "time_epoch": 6.62593, "eta": 198.13175, "eta_hours": 0.05504, "loss": 0.50541567, "lr": 0.00020611, "params": 7591, "time_iter": 0.04507, "accuracy": 0.78061, "precision": 0.7767, "recall": 0.65844, "f1": 0.71269, "auc": 0.85012}
{"epoch": 71, "time_epoch": 6.62888, "eta": 191.22058, "eta_hours": 0.05312, "loss": 0.4765681, "lr": 0.00019355, "params": 7591, "time_iter": 0.04509, "accuracy": 0.77721, "precision": 0.78866, "recall": 0.62963, "f1": 0.70023, "auc": 0.86236}
{"epoch": 72, "time_epoch": 6.61263, "eta": 184.31113, "eta_hours": 0.0512, "loss": 0.48629007, "lr": 0.00018129, "params": 7591, "time_iter": 0.04498, "accuracy": 0.78912, "precision": 0.79899, "recall": 0.65432, "f1": 0.71946, "auc": 0.85545}
{"epoch": 73, "time_epoch": 6.57803, "eta": 177.39755, "eta_hours": 0.04928, "loss": 0.46701011, "lr": 0.00016934, "params": 7591, "time_iter": 0.04475, "accuracy": 0.81122, "precision": 0.83333, "recall": 0.67901, "f1": 0.7483, "auc": 0.87503}
{"epoch": 74, "time_epoch": 6.63938, "eta": 170.51336, "eta_hours": 0.04736, "loss": 0.48279897, "lr": 0.00015773, "params": 7591, "time_iter": 0.04517, "accuracy": 0.78401, "precision": 0.78155, "recall": 0.66255, "f1": 0.71715, "auc": 0.86345}
{"epoch": 75, "time_epoch": 6.63008, "eta": 163.63269, "eta_hours": 0.04545, "loss": 0.49295926, "lr": 0.00014645, "params": 7591, "time_iter": 0.0451, "accuracy": 0.78571, "precision": 0.79695, "recall": 0.64609, "f1": 0.71364, "auc": 0.86026}
{"epoch": 76, "time_epoch": 6.58122, "eta": 156.74393, "eta_hours": 0.04354, "loss": 0.46268316, "lr": 0.00013552, "params": 7591, "time_iter": 0.04477, "accuracy": 0.79932, "precision": 0.81095, "recall": 0.67078, "f1": 0.73423, "auc": 0.86769}
{"epoch": 77, "time_epoch": 6.6184, "eta": 149.87353, "eta_hours": 0.04163, "loss": 0.47603264, "lr": 0.00012494, "params": 7591, "time_iter": 0.04502, "accuracy": 0.79082, "precision": 0.8, "recall": 0.65844, "f1": 0.72235, "auc": 0.8681}
{"epoch": 78, "time_epoch": 6.57793, "eta": 142.99876, "eta_hours": 0.03972, "loss": 0.48361485, "lr": 0.00011474, "params": 7591, "time_iter": 0.04475, "accuracy": 0.80442, "precision": 0.80769, "recall": 0.69136, "f1": 0.74501, "auc": 0.8662}
{"epoch": 79, "time_epoch": 6.63822, "eta": 136.14649, "eta_hours": 0.03782, "loss": 0.49236425, "lr": 0.00010492, "params": 7591, "time_iter": 0.04516, "accuracy": 0.79592, "precision": 0.78341, "recall": 0.69959, "f1": 0.73913, "auc": 0.85946}
{"epoch": 80, "time_epoch": 6.60373, "eta": 129.29141, "eta_hours": 0.03591, "loss": 0.5052213, "lr": 9.549e-05, "params": 7591, "time_iter": 0.04492, "accuracy": 0.79252, "precision": 0.801, "recall": 0.66255, "f1": 0.72523, "auc": 0.85369}
{"epoch": 81, "time_epoch": 6.62137, "eta": 122.44633, "eta_hours": 0.03401, "loss": 0.47859102, "lr": 8.646e-05, "params": 7591, "time_iter": 0.04504, "accuracy": 0.79252, "precision": 0.78404, "recall": 0.68724, "f1": 0.73246, "auc": 0.86263}
{"epoch": 82, "time_epoch": 6.62469, "eta": 115.60732, "eta_hours": 0.03211, "loss": 0.47450766, "lr": 7.784e-05, "params": 7591, "time_iter": 0.04507, "accuracy": 0.78571, "precision": 0.78261, "recall": 0.66667, "f1": 0.72, "auc": 0.86639}
{"epoch": 83, "time_epoch": 6.53312, "eta": 108.75597, "eta_hours": 0.03021, "loss": 0.51543535, "lr": 6.963e-05, "params": 7591, "time_iter": 0.04444, "accuracy": 0.77381, "precision": 0.77228, "recall": 0.64198, "f1": 0.70112, "auc": 0.84848}
{"epoch": 84, "time_epoch": 6.61857, "eta": 101.92719, "eta_hours": 0.02831, "loss": 0.47415275, "lr": 6.185e-05, "params": 7591, "time_iter": 0.04502, "accuracy": 0.78912, "precision": 0.79602, "recall": 0.65844, "f1": 0.72072, "auc": 0.86767}
{"epoch": 85, "time_epoch": 6.60994, "eta": 95.1019, "eta_hours": 0.02642, "loss": 0.49961144, "lr": 5.45e-05, "params": 7591, "time_iter": 0.04497, "accuracy": 0.79762, "precision": 0.80392, "recall": 0.6749, "f1": 0.73378, "auc": 0.85227}
{"epoch": 86, "time_epoch": 6.83406, "eta": 88.31504, "eta_hours": 0.02453, "loss": 0.45430851, "lr": 4.759e-05, "params": 7591, "time_iter": 0.04649, "accuracy": 0.79082, "precision": 0.79412, "recall": 0.66667, "f1": 0.72483, "auc": 0.8776}
{"epoch": 87, "time_epoch": 6.88039, "eta": 81.53343, "eta_hours": 0.02265, "loss": 0.45972946, "lr": 4.112e-05, "params": 7591, "time_iter": 0.04681, "accuracy": 0.81122, "precision": 0.81132, "recall": 0.70782, "f1": 0.75604, "auc": 0.87257}
{"epoch": 88, "time_epoch": 6.88216, "eta": 74.74982, "eta_hours": 0.02076, "loss": 0.4421073, "lr": 3.511e-05, "params": 7591, "time_iter": 0.04682, "accuracy": 0.81463, "precision": 0.835, "recall": 0.68724, "f1": 0.75395, "auc": 0.88378}
{"epoch": 89, "time_epoch": 6.89863, "eta": 67.96584, "eta_hours": 0.01888, "loss": 0.5585306, "lr": 2.956e-05, "params": 7591, "time_iter": 0.04693, "accuracy": 0.77551, "precision": 0.76555, "recall": 0.65844, "f1": 0.70796, "auc": 0.82834}
{"epoch": 90, "time_epoch": 6.88203, "eta": 61.17771, "eta_hours": 0.01699, "loss": 0.45838149, "lr": 2.447e-05, "params": 7591, "time_iter": 0.04682, "accuracy": 0.80102, "precision": 0.80288, "recall": 0.68724, "f1": 0.74058, "auc": 0.87286}
{"epoch": 91, "time_epoch": 6.83063, "eta": 54.38307, "eta_hours": 0.01511, "loss": 0.49001803, "lr": 1.985e-05, "params": 7591, "time_iter": 0.04647, "accuracy": 0.80102, "precision": 0.80288, "recall": 0.68724, "f1": 0.74058, "auc": 0.86062}
{"epoch": 92, "time_epoch": 6.68645, "eta": 47.57679, "eta_hours": 0.01322, "loss": 0.46674443, "lr": 1.571e-05, "params": 7591, "time_iter": 0.04549, "accuracy": 0.79252, "precision": 0.78947, "recall": 0.67901, "f1": 0.73009, "auc": 0.88123}
{"epoch": 93, "time_epoch": 6.76938, "eta": 40.77837, "eta_hours": 0.01133, "loss": 0.45055861, "lr": 1.204e-05, "params": 7591, "time_iter": 0.04605, "accuracy": 0.81122, "precision": 0.81429, "recall": 0.7037, "f1": 0.75497, "auc": 0.87654}
{"epoch": 94, "time_epoch": 6.79149, "eta": 33.98171, "eta_hours": 0.00944, "loss": 0.45019716, "lr": 8.86e-06, "params": 7591, "time_iter": 0.0462, "accuracy": 0.81803, "precision": 0.81481, "recall": 0.72428, "f1": 0.76688, "auc": 0.87566}
{"epoch": 95, "time_epoch": 6.80242, "eta": 27.18562, "eta_hours": 0.00755, "loss": 0.52532944, "lr": 6.16e-06, "params": 7591, "time_iter": 0.04627, "accuracy": 0.78741, "precision": 0.7783, "recall": 0.67901, "f1": 0.72527, "auc": 0.84962}
{"epoch": 96, "time_epoch": 6.79131, "eta": 20.38906, "eta_hours": 0.00566, "loss": 0.51844002, "lr": 3.94e-06, "params": 7591, "time_iter": 0.0462, "accuracy": 0.77551, "precision": 0.75814, "recall": 0.67078, "f1": 0.71179, "auc": 0.85114}
{"epoch": 97, "time_epoch": 6.79972, "eta": 13.59278, "eta_hours": 0.00378, "loss": 0.48034734, "lr": 2.22e-06, "params": 7591, "time_iter": 0.04626, "accuracy": 0.79932, "precision": 0.79904, "recall": 0.68724, "f1": 0.73894, "auc": 0.86456}
{"epoch": 98, "time_epoch": 6.8004, "eta": 6.79643, "eta_hours": 0.00189, "loss": 0.48653254, "lr": 9.9e-07, "params": 7591, "time_iter": 0.04626, "accuracy": 0.78912, "precision": 0.78199, "recall": 0.67901, "f1": 0.72687, "auc": 0.85858}
{"epoch": 99, "time_epoch": 6.72766, "eta": 0.0, "eta_hours": 0.0, "loss": 0.49259079, "lr": 2.5e-07, "params": 7591, "time_iter": 0.04577, "accuracy": 0.78912, "precision": 0.80203, "recall": 0.65021, "f1": 0.71818, "auc": 0.85262}
