{"epoch": 0, "time_epoch": 2.87024, "time_epoch_std": 0.4624, "eta": 284.15399, "eta_std": 45.77786, "eta_hours": 0.07893, "eta_hours_std": 0.01272, "loss": 0.70173, "loss_std": 0.00709, "lr": 0.001, "lr_std": 0.0, "params": 5337.5, "params_std": 1.5, "time_iter": 0.07553, "time_iter_std": 0.01217, "accuracy": 0.49, "accuracy_std": 0.01732, "accuracy_max": 0.52, "precision": 0.13, "precision_std": 0.22517, "recall": 0.25, "recall_std": 0.43301, "f1": 0.17105, "f1_std": 0.29627, "auc": 0.4355, "auc_std": 0.03833}
{"epoch": 1, "time_epoch": 3.0992, "time_epoch_std": 0.44198, "eta": 292.50238, "eta_std": 42.56793, "eta_hours": 0.08125, "eta_hours_std": 0.01182, "loss": 0.6971, "loss_std": 0.00397, "lr": 0.001, "lr_std": 0.0, "params": 5337.5, "params_std": 1.5, "time_iter": 0.08156, "time_iter_std": 0.01163, "accuracy": 0.48833, "accuracy_std": 0.01848, "accuracy_max": 0.52, "precision": 0.13, "precision_std": 0.22517, "recall": 0.25, "recall_std": 0.43301, "f1": 0.17105, "f1_std": 0.29627, "auc": 0.4618, "auc_std": 0.05336}
{"epoch": 2, "time_epoch": 2.99062, "time_epoch_std": 0.39471, "eta": 289.7085, "eta_std": 40.85053, "eta_hours": 0.08047, "eta_hours_std": 0.01135, "loss": 0.69573, "loss_std": 0.00238, "lr": 0.001, "lr_std": 0.0, "params": 5337.5, "params_std": 1.5, "time_iter": 0.0787, "time_iter_std": 0.01039, "accuracy": 0.47833, "accuracy_std": 0.03069, "accuracy_max": 0.52, "precision": 0.35348, "precision_std": 0.20963, "recall": 0.51923, "recall_std": 0.44101, "f1": 0.39097, "f1_std": 0.28643, "auc": 0.42452, "auc_std": 0.0018}
{"epoch": 3, "time_epoch": 3.068, "time_epoch_std": 0.40962, "eta": 288.67326, "eta_std": 39.69867, "eta_hours": 0.08019, "eta_hours_std": 0.01103, "loss": 0.69399, "loss_std": 0.00131, "lr": 0.001, "lr_std": 0.0, "params": 5337.5, "params_std": 1.5, "time_iter": 0.08074, "time_iter_std": 0.01078, "accuracy": 0.495, "accuracy_std": 0.02598, "accuracy_max": 0.52, "precision": 0.3729, "precision_std": 0.2171, "recall": 0.54487, "recall_std": 0.45953, "f1": 0.40632, "f1_std": 0.29235, "auc": 0.47614, "auc_std": 0.03304}
{"epoch": 4, "time_epoch": 3.03004, "time_epoch_std": 0.43334, "eta": 286.10367, "eta_std": 39.44623, "eta_hours": 0.07947, "eta_hours_std": 0.01096, "loss": 0.69283, "loss_std": 0.0008, "lr": 0.001, "lr_std": 0.0, "params": 5337.5, "params_std": 1.5, "time_iter": 0.07973, "time_iter_std": 0.0114, "accuracy": 0.51833, "accuracy_std": 0.02598, "accuracy_max": 0.55333, "precision": 0.39978, "precision_std": 0.23137, "recall": 0.66667, "recall_std": 0.40825, "f1": 0.49415, "f1_std": 0.28698, "auc": 0.51772, "auc_std": 0.0353}
{"epoch": 5, "time_epoch": 3.03466, "time_epoch_std": 0.40252, "eta": 283.45308, "eta_std": 38.60779, "eta_hours": 0.07874, "eta_hours_std": 0.01072, "loss": 0.69375, "loss_std": 0.00061, "lr": 0.00099, "lr_std": 0.0, "params": 5337.5, "params_std": 1.5, "time_iter": 0.07986, "time_iter_std": 0.01059, "accuracy": 0.505, "accuracy_std": 0.01658, "accuracy_max": 0.52, "precision": 0.51395, "precision_std": 0.00823, "recall": 0.875, "recall_std": 0.15179, "f1": 0.6426, "f1_std": 0.04824, "auc": 0.42041, "auc_std": 0.03241}
{"epoch": 6, "time_epoch": 2.99302, "time_epoch_std": 0.38701, "eta": 280.13953, "eta_std": 37.85874, "eta_hours": 0.07781, "eta_hours_std": 0.01052, "loss": 0.69189, "loss_std": 0.001, "lr": 0.00099, "lr_std": 0.0, "params": 5337.5, "params_std": 1.5, "time_iter": 0.07876, "time_iter_std": 0.01019, "accuracy": 0.53667, "accuracy_std": 0.02887, "accuracy_max": 0.58667, "precision": 0.53062, "precision_std": 0.0184, "recall": 0.98077, "recall_std": 0.03331, "f1": 0.68792, "f1_std": 0.00642, "auc": 0.50819, "auc_std": 0.03694}
{"epoch": 7, "time_epoch": 2.9729, "time_epoch_std": 0.38518, "eta": 276.67467, "eta_std": 37.17548, "eta_hours": 0.07685, "eta_hours_std": 0.01033, "loss": 0.6933, "loss_std": 0.00036, "lr": 0.00099, "lr_std": 0.0, "params": 5337.5, "params_std": 1.5, "time_iter": 0.07824, "time_iter_std": 0.01014, "accuracy": 0.525, "accuracy_std": 0.00866, "accuracy_max": 0.54, "precision": 0.52333, "precision_std": 0.00577, "recall": 0.98077, "recall_std": 0.03331, "f1": 0.68217, "f1_std": 0.00353, "auc": 0.46492, "auc_std": 0.0175}
{"epoch": 8, "time_epoch": 2.9247, "time_epoch_std": 0.41966, "eta": 272.83175, "eta_std": 36.83794, "eta_hours": 0.07579, "eta_hours_std": 0.01023, "loss": 0.69279, "loss_std": 0.00152, "lr": 0.00098, "lr_std": 0.0, "params": 5337.5, "params_std": 1.5, "time_iter": 0.07697, "time_iter_std": 0.01104, "accuracy": 0.51833, "accuracy_std": 0.00289, "accuracy_max": 0.52, "precision": 0.51943, "precision_std": 0.00098, "recall": 0.98398, "recall_std": 0.02776, "f1": 0.67983, "f1_std": 0.0076, "auc": 0.50984, "auc_std": 0.07002}
{"epoch": 9, "time_epoch": 2.89999, "time_epoch_std": 0.3977, "eta": 268.95016, "eta_std": 36.1595, "eta_hours": 0.07471, "eta_hours_std": 0.01004, "loss": 0.692, "loss_std": 0.00076, "lr": 0.00098, "lr_std": 0.0, "params": 5337.5, "params_std": 1.5, "time_iter": 0.07631, "time_iter_std": 0.01047, "accuracy": 0.52, "accuracy_std": 0.00472, "accuracy_max": 0.52667, "precision": 0.52012, "precision_std": 0.00229, "recall": 0.99359, "recall_std": 0.0111, "f1": 0.6828, "f1_std": 0.00436, "auc": 0.50557, "auc_std": 0.04892}
{"epoch": 10, "time_epoch": 2.88716, "time_epoch_std": 0.40357, "eta": 265.1432, "eta_std": 35.60572, "eta_hours": 0.07365, "eta_hours_std": 0.00989, "loss": 0.69303, "loss_std": 0.001, "lr": 0.00098, "lr_std": 0.0, "params": 5337.5, "params_std": 1.5, "time_iter": 0.07598, "time_iter_std": 0.01062, "accuracy": 0.525, "accuracy_std": 0.00553, "accuracy_max": 0.53333, "precision": 0.5228, "precision_std": 0.00308, "recall": 0.99359, "recall_std": 0.00641, "f1": 0.68509, "f1_std": 0.00139, "auc": 0.45771, "auc_std": 0.04815}
{"epoch": 11, "time_epoch": 3.01721, "time_epoch_std": 0.39683, "eta": 262.44325, "eta_std": 35.03838, "eta_hours": 0.0729, "eta_hours_std": 0.00973, "loss": 0.69205, "loss_std": 0.00112, "lr": 0.00097, "lr_std": 0.0, "params": 5337.5, "params_std": 1.5, "time_iter": 0.0794, "time_iter_std": 0.01044, "accuracy": 0.52, "accuracy_std": 0.01414, "accuracy_max": 0.54, "precision": 0.52079, "precision_std": 0.00767, "recall": 0.96474, "recall_std": 0.03779, "f1": 0.67621, "f1_std": 0.01263, "auc": 0.50472, "auc_std": 0.03868}
{"epoch": 12, "time_epoch": 2.96394, "time_epoch_std": 0.42501, "eta": 259.33802, "eta_std": 34.81061, "eta_hours": 0.07204, "eta_hours_std": 0.00967, "loss": 0.69258, "loss_std": 0.00083, "lr": 0.00096, "lr_std": 0.0, "params": 5337.5, "params_std": 1.5, "time_iter": 0.078, "time_iter_std": 0.01119, "accuracy": 0.52167, "accuracy_std": 0.00289, "accuracy_max": 0.52667, "precision": 0.52164, "precision_std": 0.00208, "recall": 0.96795, "recall_std": 0.02643, "f1": 0.67779, "f1_std": 0.00512, "auc": 0.47142, "auc_std": 0.05104}
{"epoch": 13, "time_epoch": 3.03288, "time_epoch_std": 0.41896, "eta": 256.67643, "eta_std": 34.45205, "eta_hours": 0.0713, "eta_hours_std": 0.00957, "loss": 0.69206, "loss_std": 0.00092, "lr": 0.00096, "lr_std": 0.0, "params": 5337.5, "params_std": 1.5, "time_iter": 0.07982, "time_iter_std": 0.01103, "accuracy": 0.53, "accuracy_std": 0.01, "accuracy_max": 0.54667, "precision": 0.52767, "precision_std": 0.00761, "recall": 0.93269, "recall_std": 0.05078, "f1": 0.67329, "f1_std": 0.00769, "auc": 0.48785, "auc_std": 0.02544}
{"epoch": 14, "time_epoch": 3.20336, "time_epoch_std": 0.49769, "eta": 254.9314, "eta_std": 33.01752, "eta_hours": 0.07082, "eta_hours_std": 0.00917, "loss": 0.69142, "loss_std": 0.00201, "lr": 0.00095, "lr_std": 0.0, "params": 5337.5, "params_std": 1.5, "time_iter": 0.0843, "time_iter_std": 0.0131, "accuracy": 0.53, "accuracy_std": 0.01972, "accuracy_max": 0.56, "precision": 0.52876, "precision_std": 0.01293, "recall": 0.91026, "recall_std": 0.066, "f1": 0.6677, "f1_std": 0.01429, "auc": 0.50939, "auc_std": 0.06601}
{"epoch": 15, "time_epoch": 3.5021, "time_epoch_std": 0.91691, "eta": 254.57244, "eta_std": 31.2681, "eta_hours": 0.07071, "eta_hours_std": 0.00868, "loss": 0.69162, "loss_std": 0.00104, "lr": 0.00095, "lr_std": 0.0, "params": 5337.5, "params_std": 1.5, "time_iter": 0.09216, "time_iter_std": 0.02413, "accuracy": 0.52167, "accuracy_std": 0.00986, "accuracy_max": 0.53333, "precision": 0.5239, "precision_std": 0.0074, "recall": 0.90385, "recall_std": 0.10276, "f1": 0.66076, "f1_std": 0.02645, "auc": 0.52515, "auc_std": 0.0302}
{"epoch": 16, "time_epoch": 3.19718, "time_epoch_std": 0.52853, "eta": 252.35497, "eta_std": 30.72031, "eta_hours": 0.0701, "eta_hours_std": 0.00853, "loss": 0.69001, "loss_std": 0.00243, "lr": 0.00094, "lr_std": 0.0, "params": 5337.5, "params_std": 1.5, "time_iter": 0.08414, "time_iter_std": 0.01391, "accuracy": 0.53833, "accuracy_std": 0.02075, "accuracy_max": 0.57333, "precision": 0.53449, "precision_std": 0.01413, "recall": 0.89744, "recall_std": 0.09806, "f1": 0.66744, "f1_std": 0.02536, "auc": 0.51028, "auc_std": 0.05688}
{"epoch": 17, "time_epoch": 2.98005, "time_epoch_std": 0.36161, "eta": 249.03952, "eta_std": 29.83725, "eta_hours": 0.06918, "eta_hours_std": 0.00829, "loss": 0.69045, "loss_std": 0.00188, "lr": 0.00093, "lr_std": 0.0, "params": 5337.5, "params_std": 1.5, "time_iter": 0.07842, "time_iter_std": 0.00952, "accuracy": 0.54666, "accuracy_std": 0.02261, "accuracy_max": 0.58, "precision": 0.54186, "precision_std": 0.01788, "recall": 0.8718, "recall_std": 0.09465, "f1": 0.66537, "f1_std": 0.01893, "auc": 0.52092, "auc_std": 0.04109}
{"epoch": 18, "time_epoch": 3.0229, "time_epoch_std": 0.34954, "eta": 245.94205, "eta_std": 28.6206, "eta_hours": 0.06832, "eta_hours_std": 0.00795, "loss": 0.69012, "loss_std": 0.00252, "lr": 0.00092, "lr_std": 0.0, "params": 5337.5, "params_std": 1.5, "time_iter": 0.07955, "time_iter_std": 0.0092, "accuracy": 0.545, "accuracy_std": 0.01658, "accuracy_max": 0.56, "precision": 0.54001, "precision_std": 0.01398, "recall": 0.8782, "recall_std": 0.08333, "f1": 0.66652, "f1_std": 0.01278, "auc": 0.51932, "auc_std": 0.05368}
{"epoch": 19, "time_epoch": 2.98135, "time_epoch_std": 0.37362, "eta": 242.68586, "eta_std": 27.99677, "eta_hours": 0.06741, "eta_hours_std": 0.00778, "loss": 0.69067, "loss_std": 0.0016, "lr": 0.00091, "lr_std": 0.0, "params": 5337.5, "params_std": 1.5, "time_iter": 0.07846, "time_iter_std": 0.00983, "accuracy": 0.53667, "accuracy_std": 0.01374, "accuracy_max": 0.55333, "precision": 0.53544, "precision_std": 0.01266, "recall": 0.86218, "recall_std": 0.09988, "f1": 0.65763, "f1_std": 0.01999, "auc": 0.51958, "auc_std": 0.03515}
{"epoch": 20, "time_epoch": 3.03696, "time_epoch_std": 0.34759, "eta": 239.66504, "eta_std": 27.10733, "eta_hours": 0.06658, "eta_hours_std": 0.00753, "loss": 0.68755, "loss_std": 0.00307, "lr": 0.0009, "lr_std": 0.0, "params": 5337.5, "params_std": 1.5, "time_iter": 0.07992, "time_iter_std": 0.00915, "accuracy": 0.555, "accuracy_std": 0.02375, "accuracy_max": 0.58667, "precision": 0.54921, "precision_std": 0.01886, "recall": 0.84295, "recall_std": 0.09524, "f1": 0.66202, "f1_std": 0.01841, "auc": 0.56174, "auc_std": 0.04165}
{"epoch": 21, "time_epoch": 3.09333, "time_epoch_std": 0.29029, "eta": 236.84261, "eta_std": 26.53407, "eta_hours": 0.06579, "eta_hours_std": 0.00737, "loss": 0.68588, "loss_std": 0.00636, "lr": 0.0009, "lr_std": 0.0, "params": 5337.5, "params_std": 1.5, "time_iter": 0.0814, "time_iter_std": 0.00764, "accuracy": 0.555, "accuracy_std": 0.02882, "accuracy_max": 0.6, "precision": 0.54991, "precision_std": 0.02202, "recall": 0.83333, "recall_std": 0.10013, "f1": 0.65931, "f1_std": 0.0233, "auc": 0.54737, "auc_std": 0.04789}
{"epoch": 22, "time_epoch": 2.88838, "time_epoch_std": 0.36032, "eta": 233.31048, "eta_std": 26.21724, "eta_hours": 0.06481, "eta_hours_std": 0.00728, "loss": 0.68824, "loss_std": 0.00455, "lr": 0.00089, "lr_std": 0.0, "params": 5337.5, "params_std": 1.5, "time_iter": 0.07601, "time_iter_std": 0.00948, "accuracy": 0.55, "accuracy_std": 0.02134, "accuracy_max": 0.57333, "precision": 0.54716, "precision_std": 0.01892, "recall": 0.82692, "recall_std": 0.10746, "f1": 0.65461, "f1_std": 0.02106, "auc": 0.52974, "auc_std": 0.05885}
{"epoch": 23, "time_epoch": 3.01352, "time_epoch_std": 0.42528, "eta": 230.22827, "eta_std": 25.99984, "eta_hours": 0.06395, "eta_hours_std": 0.00722, "loss": 0.69294, "loss_std": 0.00142, "lr": 0.00088, "lr_std": 0.0, "params": 5337.5, "params_std": 1.5, "time_iter": 0.0793, "time_iter_std": 0.01119, "accuracy": 0.52667, "accuracy_std": 0.00471, "accuracy_max": 0.53333, "precision": 0.53118, "precision_std": 0.00678, "recall": 0.79167, "recall_std": 0.12736, "f1": 0.63145, "f1_std": 0.03391, "auc": 0.49021, "auc_std": 0.04552}
{"epoch": 24, "time_epoch": 2.94497, "time_epoch_std": 0.4319, "eta": 226.9459, "eta_std": 25.88578, "eta_hours": 0.06304, "eta_hours_std": 0.00719, "loss": 0.68857, "loss_std": 0.00621, "lr": 0.00086, "lr_std": 0.0, "params": 5337.5, "params_std": 1.5, "time_iter": 0.0775, "time_iter_std": 0.01136, "accuracy": 0.53334, "accuracy_std": 0.01563, "accuracy_max": 0.56, "precision": 0.53541, "precision_std": 0.01198, "recall": 0.80128, "recall_std": 0.12179, "f1": 0.63798, "f1_std": 0.033, "auc": 0.52827, "auc_std": 0.09192}
{"epoch": 25, "time_epoch": 2.90914, "time_epoch_std": 0.41874, "eta": 223.58752, "eta_std": 25.71834, "eta_hours": 0.06211, "eta_hours_std": 0.00714, "loss": 0.68341, "loss_std": 0.00554, "lr": 0.00085, "lr_std": 0.0, "params": 5337.5, "params_std": 1.5, "time_iter": 0.07656, "time_iter_std": 0.01102, "accuracy": 0.57166, "accuracy_std": 0.03346, "accuracy_max": 0.61333, "precision": 0.56512, "precision_std": 0.02881, "recall": 0.82051, "recall_std": 0.10991, "f1": 0.6643, "f1_std": 0.01956, "auc": 0.56802, "auc_std": 0.04258}
{"epoch": 26, "time_epoch": 2.9459, "time_epoch_std": 0.42727, "eta": 220.36182, "eta_std": 25.55445, "eta_hours": 0.06121, "eta_hours_std": 0.0071, "loss": 0.68535, "loss_std": 0.00525, "lr": 0.00084, "lr_std": 0.0, "params": 5337.5, "params_std": 1.5, "time_iter": 0.07752, "time_iter_std": 0.01124, "accuracy": 0.575, "accuracy_std": 0.03602, "accuracy_max": 0.62, "precision": 0.56966, "precision_std": 0.03323, "recall": 0.8109, "recall_std": 0.10968, "f1": 0.6637, "f1_std": 0.01352, "auc": 0.53419, "auc_std": 0.06328}
{"epoch": 27, "time_epoch": 3.01646, "time_epoch_std": 0.42907, "eta": 217.33752, "eta_std": 25.19254, "eta_hours": 0.06037, "eta_hours_std": 0.007, "loss": 0.68807, "loss_std": 0.00827, "lr": 0.00083, "lr_std": 0.0, "params": 5337.5, "params_std": 1.5, "time_iter": 0.07938, "time_iter_std": 0.01129, "accuracy": 0.54167, "accuracy_std": 0.04885, "accuracy_max": 0.6, "precision": 0.53966, "precision_std": 0.03408, "recall": 0.80448, "recall_std": 0.146, "f1": 0.6415, "f1_std": 0.06059, "auc": 0.55782, "auc_std": 0.03988}
{"epoch": 28, "time_epoch": 2.87528, "time_epoch_std": 0.43897, "eta": 213.9681, "eta_std": 25.01089, "eta_hours": 0.05943, "eta_hours_std": 0.00695, "loss": 0.68714, "loss_std": 0.00525, "lr": 0.00082, "lr_std": 0.0, "params": 5337.5, "params_std": 1.5, "time_iter": 0.07566, "time_iter_std": 0.01155, "accuracy": 0.53833, "accuracy_std": 0.01848, "accuracy_max": 0.56, "precision": 0.54101, "precision_std": 0.01687, "recall": 0.78205, "recall_std": 0.12659, "f1": 0.63476, "f1_std": 0.03071, "auc": 0.53788, "auc_std": 0.04959}
{"epoch": 29, "time_epoch": 2.87713, "time_epoch_std": 0.40319, "eta": 210.63596, "eta_std": 24.74523, "eta_hours": 0.05851, "eta_hours_std": 0.00687, "loss": 0.68869, "loss_std": 0.00292, "lr": 0.00081, "lr_std": 0.0, "params": 5337.5, "params_std": 1.5, "time_iter": 0.07572, "time_iter_std": 0.01061, "accuracy": 0.53333, "accuracy_std": 0.01633, "accuracy_max": 0.56, "precision": 0.53673, "precision_std": 0.01522, "recall": 0.78846, "recall_std": 0.12643, "f1": 0.63407, "f1_std": 0.03197, "auc": 0.51836, "auc_std": 0.06274}
{"epoch": 30, "time_epoch": 2.87599, "time_epoch_std": 0.42774, "eta": 207.33064, "eta_std": 24.53207, "eta_hours": 0.05759, "eta_hours_std": 0.00682, "loss": 0.67939, "loss_std": 0.01729, "lr": 0.00079, "lr_std": 0.0, "params": 5337.5, "params_std": 1.5, "time_iter": 0.07568, "time_iter_std": 0.01126, "accuracy": 0.57166, "accuracy_std": 0.04952, "accuracy_max": 0.65333, "precision": 0.56502, "precision_std": 0.04427, "recall": 0.84295, "recall_std": 0.09437, "f1": 0.67174, "f1_std": 0.02046, "auc": 0.5446, "auc_std": 0.12369}
{"epoch": 31, "time_epoch": 2.89534, "time_epoch_std": 0.40082, "eta": 204.09326, "eta_std": 24.25329, "eta_hours": 0.05669, "eta_hours_std": 0.00674, "loss": 0.68541, "loss_std": 0.00665, "lr": 0.00078, "lr_std": 0.0, "params": 5337.5, "params_std": 1.5, "time_iter": 0.07619, "time_iter_std": 0.01055, "accuracy": 0.55333, "accuracy_std": 0.03055, "accuracy_max": 0.6, "precision": 0.55276, "precision_std": 0.0226, "recall": 0.77884, "recall_std": 0.15098, "f1": 0.63962, "f1_std": 0.04613, "auc": 0.54038, "auc_std": 0.0843}
{"epoch": 32, "time_epoch": 3.04303, "time_epoch_std": 0.43149, "eta": 201.17647, "eta_std": 23.83223, "eta_hours": 0.05588, "eta_hours_std": 0.00662, "loss": 0.68823, "loss_std": 0.01073, "lr": 0.00077, "lr_std": 0.0, "params": 5337.5, "params_std": 1.5, "time_iter": 0.08008, "time_iter_std": 0.01135, "accuracy": 0.53333, "accuracy_std": 0.04082, "accuracy_max": 0.59333, "precision": 0.53887, "precision_std": 0.03483, "recall": 0.76603, "recall_std": 0.14113, "f1": 0.62678, "f1_std": 0.04567, "auc": 0.52448, "auc_std": 0.05987}
{"epoch": 33, "time_epoch": 3.41324, "time_epoch_std": 0.90972, "eta": 198.97088, "eta_std": 23.25541, "eta_hours": 0.05527, "eta_hours_std": 0.00646, "loss": 0.68571, "loss_std": 0.00632, "lr": 0.00075, "lr_std": 0.0, "params": 5337.5, "params_std": 1.5, "time_iter": 0.08982, "time_iter_std": 0.02394, "accuracy": 0.55, "accuracy_std": 0.01795, "accuracy_max": 0.56667, "precision": 0.5521, "precision_std": 0.01905, "recall": 0.76923, "recall_std": 0.14247, "f1": 0.63579, "f1_std": 0.03355, "auc": 0.53784, "auc_std": 0.07897}
{"epoch": 34, "time_epoch": 3.02562, "time_epoch_std": 0.35365, "eta": 195.97643, "eta_std": 22.90101, "eta_hours": 0.05444, "eta_hours_std": 0.00636, "loss": 0.69048, "loss_std": 0.00612, "lr": 0.00074, "lr_std": 0.0, "params": 5337.5, "params_std": 1.5, "time_iter": 0.07962, "time_iter_std": 0.00931, "accuracy": 0.54, "accuracy_std": 0.01491, "accuracy_max": 0.56, "precision": 0.54386, "precision_std": 0.01565, "recall": 0.76282, "recall_std": 0.14291, "f1": 0.62856, "f1_std": 0.03639, "auc": 0.51478, "auc_std": 0.02548}
{"epoch": 35, "time_epoch": 3.21078, "time_epoch_std": 0.59482, "eta": 193.30942, "eta_std": 22.58329, "eta_hours": 0.0537, "eta_hours_std": 0.00627, "loss": 0.68006, "loss_std": 0.00932, "lr": 0.00073, "lr_std": 0.0, "params": 5337.5, "params_std": 1.5, "time_iter": 0.0845, "time_iter_std": 0.01565, "accuracy": 0.565, "accuracy_std": 0.02958, "accuracy_max": 0.6, "precision": 0.56488, "precision_std": 0.03053, "recall": 0.78205, "recall_std": 0.12916, "f1": 0.64891, "f1_std": 0.02069, "auc": 0.55355, "auc_std": 0.08732}
{"epoch": 36, "time_epoch": 2.99129, "time_epoch_std": 0.43843, "eta": 190.23929, "eta_std": 22.31324, "eta_hours": 0.05284, "eta_hours_std": 0.0062, "loss": 0.69047, "loss_std": 0.00653, "lr": 0.00071, "lr_std": 0.0, "params": 5337.5, "params_std": 1.5, "time_iter": 0.07872, "time_iter_std": 0.01154, "accuracy": 0.52167, "accuracy_std": 0.02179, "accuracy_max": 0.54, "precision": 0.52892, "precision_std": 0.01752, "recall": 0.76282, "recall_std": 0.14405, "f1": 0.61919, "f1_std": 0.04347, "auc": 0.53717, "auc_std": 0.04073}
{"epoch": 37, "time_epoch": 2.99947, "time_epoch_std": 0.43772, "eta": 187.18666, "eta_std": 22.03574, "eta_hours": 0.052, "eta_hours_std": 0.00612, "loss": 0.68702, "loss_std": 0.01081, "lr": 0.0007, "lr_std": 0.0, "params": 5337.5, "params_std": 1.5, "time_iter": 0.07893, "time_iter_std": 0.01152, "accuracy": 0.54333, "accuracy_std": 0.01972, "accuracy_max": 0.57333, "precision": 0.54331, "precision_std": 0.0163, "recall": 0.80128, "recall_std": 0.12512, "f1": 0.64288, "f1_std": 0.03272, "auc": 0.52974, "auc_std": 0.07401}
{"epoch": 38, "time_epoch": 2.84758, "time_epoch_std": 0.44838, "eta": 183.89918, "eta_std": 21.79627, "eta_hours": 0.05108, "eta_hours_std": 0.00605, "loss": 0.68617, "loss_std": 0.00638, "lr": 0.00068, "lr_std": 0.0, "params": 5337.5, "params_std": 1.5, "time_iter": 0.07494, "time_iter_std": 0.0118, "accuracy": 0.53333, "accuracy_std": 0.02055, "accuracy_max": 0.56667, "precision": 0.5365, "precision_std": 0.01769, "recall": 0.79167, "recall_std": 0.12704, "f1": 0.63499, "f1_std": 0.03419, "auc": 0.5179, "auc_std": 0.0679}
{"epoch": 39, "time_epoch": 2.90566, "time_epoch_std": 0.41221, "eta": 180.72081, "eta_std": 21.50603, "eta_hours": 0.0502, "eta_hours_std": 0.00597, "loss": 0.68635, "loss_std": 0.00357, "lr": 0.00067, "lr_std": 0.0, "params": 5337.5, "params_std": 1.5, "time_iter": 0.07647, "time_iter_std": 0.01085, "accuracy": 0.54, "accuracy_std": 0.01414, "accuracy_max": 0.55333, "precision": 0.54183, "precision_std": 0.0128, "recall": 0.78526, "recall_std": 0.1379, "f1": 0.63552, "f1_std": 0.03771, "auc": 0.54825, "auc_std": 0.03153}
{"epoch": 40, "time_epoch": 2.93245, "time_epoch_std": 0.48203, "eta": 177.59431, "eta_std": 21.30984, "eta_hours": 0.04933, "eta_hours_std": 0.00592, "loss": 0.68929, "loss_std": 0.00342, "lr": 0.00065, "lr_std": 0.0, "params": 5337.5, "params_std": 1.5, "time_iter": 0.07717, "time_iter_std": 0.01268, "accuracy": 0.54333, "accuracy_std": 0.01527, "accuracy_max": 0.56, "precision": 0.54555, "precision_std": 0.01692, "recall": 0.78205, "recall_std": 0.13231, "f1": 0.63692, "f1_std": 0.02956, "auc": 0.51629, "auc_std": 0.05083}
{"epoch": 41, "time_epoch": 2.91165, "time_epoch_std": 0.42758, "eta": 174.44831, "eta_std": 21.0248, "eta_hours": 0.04846, "eta_hours_std": 0.00584, "loss": 0.6833, "loss_std": 0.00674, "lr": 0.00064, "lr_std": 0.0, "params": 5337.5, "params_std": 1.5, "time_iter": 0.07662, "time_iter_std": 0.01125, "accuracy": 0.56167, "accuracy_std": 0.03411, "accuracy_max": 0.61333, "precision": 0.55904, "precision_std": 0.03268, "recall": 0.8141, "recall_std": 0.11268, "f1": 0.65734, "f1_std": 0.01736, "auc": 0.55333, "auc_std": 0.04455}
{"epoch": 42, "time_epoch": 2.89296, "time_epoch_std": 0.45834, "eta": 171.28845, "eta_std": 20.75626, "eta_hours": 0.04758, "eta_hours_std": 0.00577, "loss": 0.68113, "loss_std": 0.00755, "lr": 0.00062, "lr_std": 0.0, "params": 5337.5, "params_std": 1.5, "time_iter": 0.07613, "time_iter_std": 0.01206, "accuracy": 0.58334, "accuracy_std": 0.04014, "accuracy_max": 0.62667, "precision": 0.57247, "precision_std": 0.03171, "recall": 0.83654, "recall_std": 0.10231, "f1": 0.67524, "f1_std": 0.02105, "auc": 0.56375, "auc_std": 0.07418}
{"epoch": 43, "time_epoch": 2.85062, "time_epoch_std": 0.43698, "eta": 168.08682, "eta_std": 20.463, "eta_hours": 0.04669, "eta_hours_std": 0.00569, "loss": 0.68565, "loss_std": 0.00754, "lr": 0.00061, "lr_std": 0.0, "params": 5337.5, "params_std": 1.5, "time_iter": 0.07502, "time_iter_std": 0.0115, "accuracy": 0.55, "accuracy_std": 0.02236, "accuracy_max": 0.58, "precision": 0.55016, "precision_std": 0.02001, "recall": 0.78526, "recall_std": 0.12606, "f1": 0.64179, "f1_std": 0.02872, "auc": 0.54354, "auc_std": 0.05961}
{"epoch": 44, "time_epoch": 2.85899, "time_epoch_std": 0.42652, "eta": 164.91103, "eta_std": 20.16286, "eta_hours": 0.04581, "eta_hours_std": 0.0056, "loss": 0.68391, "loss_std": 0.01402, "lr": 0.00059, "lr_std": 0.0, "params": 5337.5, "params_std": 1.5, "time_iter": 0.07524, "time_iter_std": 0.01123, "accuracy": 0.54833, "accuracy_std": 0.04555, "accuracy_max": 0.62, "precision": 0.54652, "precision_std": 0.0333, "recall": 0.80769, "recall_std": 0.12196, "f1": 0.64789, "f1_std": 0.04318, "auc": 0.55373, "auc_std": 0.07095}
{"epoch": 45, "time_epoch": 2.96346, "time_epoch_std": 0.36653, "eta": 161.87164, "eta_std": 19.77065, "eta_hours": 0.04496, "eta_hours_std": 0.00549, "loss": 0.68596, "loss_std": 0.00626, "lr": 0.00058, "lr_std": 0.0, "params": 5337.5, "params_std": 1.5, "time_iter": 0.07798, "time_iter_std": 0.00965, "accuracy": 0.54333, "accuracy_std": 0.0238, "accuracy_max": 0.57333, "precision": 0.54693, "precision_std": 0.02278, "recall": 0.76603, "recall_std": 0.13519, "f1": 0.6321, "f1_std": 0.03168, "auc": 0.55818, "auc_std": 0.0317}
{"epoch": 46, "time_epoch": 3.02382, "time_epoch_std": 0.4142, "eta": 158.90356, "eta_std": 19.41815, "eta_hours": 0.04414, "eta_hours_std": 0.00539, "loss": 0.68817, "loss_std": 0.00325, "lr": 0.00056, "lr_std": 0.0, "params": 5337.5, "params_std": 1.5, "time_iter": 0.07958, "time_iter_std": 0.0109, "accuracy": 0.53833, "accuracy_std": 0.02375, "accuracy_max": 0.57333, "precision": 0.54143, "precision_std": 0.02078, "recall": 0.77885, "recall_std": 0.128, "f1": 0.63381, "f1_std": 0.03231, "auc": 0.54305, "auc_std": 0.03443}
{"epoch": 47, "time_epoch": 2.91631, "time_epoch_std": 0.39502, "eta": 155.81668, "eta_std": 19.07949, "eta_hours": 0.04328, "eta_hours_std": 0.0053, "loss": 0.68631, "loss_std": 0.0053, "lr": 0.00055, "lr_std": 0.0, "params": 5337.5, "params_std": 1.5, "time_iter": 0.07675, "time_iter_std": 0.0104, "accuracy": 0.55167, "accuracy_std": 0.02843, "accuracy_max": 0.58, "precision": 0.54965, "precision_std": 0.02424, "recall": 0.8141, "recall_std": 0.10746, "f1": 0.65213, "f1_std": 0.02132, "auc": 0.55337, "auc_std": 0.02702}
{"epoch": 48, "time_epoch": 3.22439, "time_epoch_std": 0.74106, "eta": 153.05743, "eta_std": 19.08767, "eta_hours": 0.04252, "eta_hours_std": 0.0053, "loss": 0.69261, "loss_std": 0.00765, "lr": 0.00053, "lr_std": 0.0, "params": 5337.5, "params_std": 1.5, "time_iter": 0.08486, "time_iter_std": 0.0195, "accuracy": 0.53, "accuracy_std": 0.01795, "accuracy_max": 0.56, "precision": 0.53407, "precision_std": 0.01444, "recall": 0.78205, "recall_std": 0.12884, "f1": 0.63029, "f1_std": 0.03576, "auc": 0.51157, "auc_std": 0.03456}
{"epoch": 49, "time_epoch": 2.9761, "time_epoch_std": 0.57817, "eta": 150.03128, "eta_std": 18.89762, "eta_hours": 0.04168, "eta_hours_std": 0.00525, "loss": 0.68562, "loss_std": 0.0077, "lr": 0.00052, "lr_std": 0.0, "params": 5337.5, "params_std": 1.5, "time_iter": 0.07832, "time_iter_std": 0.01521, "accuracy": 0.565, "accuracy_std": 0.03379, "accuracy_max": 0.60667, "precision": 0.55798, "precision_std": 0.02619, "recall": 0.83013, "recall_std": 0.10702, "f1": 0.66337, "f1_std": 0.02647, "auc": 0.5451, "auc_std": 0.04242}
{"epoch": 50, "time_epoch": 2.95443, "time_epoch_std": 0.40034, "eta": 146.98626, "eta_std": 18.49833, "eta_hours": 0.04083, "eta_hours_std": 0.00514, "loss": 0.69524, "loss_std": 0.00613, "lr": 0.0005, "lr_std": 0.0, "params": 5337.5, "params_std": 1.5, "time_iter": 0.07775, "time_iter_std": 0.01054, "accuracy": 0.50833, "accuracy_std": 0.02327, "accuracy_max": 0.54, "precision": 0.51847, "precision_std": 0.01619, "recall": 0.75, "recall_std": 0.14771, "f1": 0.60824, "f1_std": 0.0491, "auc": 0.50053, "auc_std": 0.02674}
{"epoch": 51, "time_epoch": 2.87999, "time_epoch_std": 0.43054, "eta": 143.87602, "eta_std": 18.15946, "eta_hours": 0.03997, "eta_hours_std": 0.00504, "loss": 0.6808, "loss_std": 0.01174, "lr": 0.00048, "lr_std": 0.0, "params": 5337.5, "params_std": 1.5, "time_iter": 0.07579, "time_iter_std": 0.01133, "accuracy": 0.56333, "accuracy_std": 0.05344, "accuracy_max": 0.65333, "precision": 0.55761, "precision_std": 0.03951, "recall": 0.82051, "recall_std": 0.11609, "f1": 0.65983, "f1_std": 0.04289, "auc": 0.56967, "auc_std": 0.07093}
{"epoch": 52, "time_epoch": 2.89391, "time_epoch_std": 0.40739, "eta": 140.78682, "eta_std": 17.79717, "eta_hours": 0.03911, "eta_hours_std": 0.00494, "loss": 0.68558, "loss_std": 0.00649, "lr": 0.00047, "lr_std": 0.0, "params": 5337.5, "params_std": 1.5, "time_iter": 0.07616, "time_iter_std": 0.01072, "accuracy": 0.55833, "accuracy_std": 0.03412, "accuracy_max": 0.60667, "precision": 0.55434, "precision_std": 0.02741, "recall": 0.8141, "recall_std": 0.11698, "f1": 0.65501, "f1_std": 0.03137, "auc": 0.55079, "auc_std": 0.02141}
{"epoch": 53, "time_epoch": 2.85797, "time_epoch_std": 0.4157, "eta": 137.67423, "eta_std": 17.43669, "eta_hours": 0.03824, "eta_hours_std": 0.00484, "loss": 0.68453, "loss_std": 0.00602, "lr": 0.00045, "lr_std": 0.0, "params": 5337.5, "params_std": 1.5, "time_iter": 0.07521, "time_iter_std": 0.01094, "accuracy": 0.55667, "accuracy_std": 0.04069, "accuracy_max": 0.60667, "precision": 0.55136, "precision_std": 0.02997, "recall": 0.83333, "recall_std": 0.10533, "f1": 0.66013, "f1_std": 0.03206, "auc": 0.54367, "auc_std": 0.0405}
{"epoch": 54, "time_epoch": 2.86523, "time_epoch_std": 0.40464, "eta": 134.57684, "eta_std": 17.07154, "eta_hours": 0.03738, "eta_hours_std": 0.00474, "loss": 0.68396, "loss_std": 0.00758, "lr": 0.00044, "lr_std": 0.0, "params": 5337.5, "params_std": 1.5, "time_iter": 0.0754, "time_iter_std": 0.01065, "accuracy": 0.54833, "accuracy_std": 0.0223, "accuracy_max": 0.57333, "precision": 0.54855, "precision_std": 0.0212, "recall": 0.79487, "recall_std": 0.12397, "f1": 0.64388, "f1_std": 0.02704, "auc": 0.54728, "auc_std": 0.04018}
{"epoch": 55, "time_epoch": 2.8747, "time_epoch_std": 0.4268, "eta": 131.49518, "eta_std": 16.72485, "eta_hours": 0.03653, "eta_hours_std": 0.00464, "loss": 0.67889, "loss_std": 0.00836, "lr": 0.00042, "lr_std": 0.0, "params": 5337.5, "params_std": 1.5, "time_iter": 0.07565, "time_iter_std": 0.01123, "accuracy": 0.56667, "accuracy_std": 0.02749, "accuracy_max": 0.58667, "precision": 0.56098, "precision_std": 0.0237, "recall": 0.81731, "recall_std": 0.11043, "f1": 0.6606, "f1_std": 0.01873, "auc": 0.57029, "auc_std": 0.06575}
{"epoch": 56, "time_epoch": 2.91586, "time_epoch_std": 0.44997, "eta": 128.45183, "eta_std": 16.39342, "eta_hours": 0.03568, "eta_hours_std": 0.00455, "loss": 0.68179, "loss_std": 0.00708, "lr": 0.00041, "lr_std": 0.0, "params": 5337.5, "params_std": 1.5, "time_iter": 0.07673, "time_iter_std": 0.01184, "accuracy": 0.555, "accuracy_std": 0.02598, "accuracy_max": 0.58, "precision": 0.55398, "precision_std": 0.02397, "recall": 0.79487, "recall_std": 0.11855, "f1": 0.64781, "f1_std": 0.02246, "auc": 0.5592, "auc_std": 0.04182}
{"epoch": 57, "time_epoch": 2.9078, "time_epoch_std": 0.39035, "eta": 125.40704, "eta_std": 15.99431, "eta_hours": 0.03483, "eta_hours_std": 0.00444, "loss": 0.68428, "loss_std": 0.00562, "lr": 0.00039, "lr_std": 0.0, "params": 5337.5, "params_std": 1.5, "time_iter": 0.07652, "time_iter_std": 0.01028, "accuracy": 0.55167, "accuracy_std": 0.03693, "accuracy_max": 0.61333, "precision": 0.55113, "precision_std": 0.02711, "recall": 0.77884, "recall_std": 0.14934, "f1": 0.63891, "f1_std": 0.04996, "auc": 0.54905, "auc_std": 0.05603}
{"epoch": 58, "time_epoch": 2.89386, "time_epoch_std": 0.40278, "eta": 122.35721, "eta_std": 15.62284, "eta_hours": 0.03399, "eta_hours_std": 0.00434, "loss": 0.68175, "loss_std": 0.00775, "lr": 0.00038, "lr_std": 0.0, "params": 5337.5, "params_std": 1.5, "time_iter": 0.07615, "time_iter_std": 0.0106, "accuracy": 0.565, "accuracy_std": 0.02723, "accuracy_max": 0.59333, "precision": 0.56302, "precision_std": 0.02567, "recall": 0.78846, "recall_std": 0.12314, "f1": 0.651, "f1_std": 0.0209, "auc": 0.58961, "auc_std": 0.03506}
{"epoch": 59, "time_epoch": 2.86799, "time_epoch_std": 0.41444, "eta": 119.29533, "eta_std": 15.25591, "eta_hours": 0.03314, "eta_hours_std": 0.00424, "loss": 0.6876, "loss_std": 0.00402, "lr": 0.00036, "lr_std": 0.0, "params": 5337.5, "params_std": 1.5, "time_iter": 0.07547, "time_iter_std": 0.01091, "accuracy": 0.53333, "accuracy_std": 0.00943, "accuracy_max": 0.54667, "precision": 0.53958, "precision_std": 0.01213, "recall": 0.74359, "recall_std": 0.14841, "f1": 0.6187, "f1_std": 0.03827, "auc": 0.54861, "auc_std": 0.02409}
{"epoch": 60, "time_epoch": 2.8785, "time_epoch_std": 0.37262, "eta": 116.24653, "eta_std": 14.86499, "eta_hours": 0.03229, "eta_hours_std": 0.00413, "loss": 0.68897, "loss_std": 0.00475, "lr": 0.00035, "lr_std": 0.0, "params": 5337.5, "params_std": 1.5, "time_iter": 0.07575, "time_iter_std": 0.0098, "accuracy": 0.55, "accuracy_std": 0.01795, "accuracy_max": 0.56667, "precision": 0.54943, "precision_std": 0.01738, "recall": 0.79487, "recall_std": 0.11924, "f1": 0.64498, "f1_std": 0.02337, "auc": 0.54483, "auc_std": 0.02509}
{"epoch": 61, "time_epoch": 2.89435, "time_epoch_std": 0.39598, "eta": 113.21293, "eta_std": 14.49123, "eta_hours": 0.03145, "eta_hours_std": 0.00403, "loss": 0.67792, "loss_std": 0.00885, "lr": 0.00033, "lr_std": 0.0, "params": 5337.5, "params_std": 1.5, "time_iter": 0.07617, "time_iter_std": 0.01042, "accuracy": 0.58833, "accuracy_std": 0.04481, "accuracy_max": 0.64, "precision": 0.57945, "precision_std": 0.03776, "recall": 0.82051, "recall_std": 0.10611, "f1": 0.67384, "f1_std": 0.01952, "auc": 0.57906, "auc_std": 0.06541}
{"epoch": 62, "time_epoch": 2.96801, "time_epoch_std": 0.42727, "eta": 110.22702, "eta_std": 14.12268, "eta_hours": 0.03062, "eta_hours_std": 0.00392, "loss": 0.68917, "loss_std": 0.00645, "lr": 0.00032, "lr_std": 0.0, "params": 5337.5, "params_std": 1.5, "time_iter": 0.07811, "time_iter_std": 0.01124, "accuracy": 0.53667, "accuracy_std": 0.03215, "accuracy_max": 0.58667, "precision": 0.53946, "precision_std": 0.02446, "recall": 0.77564, "recall_std": 0.13733, "f1": 0.63129, "f1_std": 0.04364, "auc": 0.53948, "auc_std": 0.02463}
{"epoch": 63, "time_epoch": 3.00654, "time_epoch_std": 0.4653, "eta": 107.26334, "eta_std": 13.76474, "eta_hours": 0.0298, "eta_hours_std": 0.00382, "loss": 0.68452, "loss_std": 0.00987, "lr": 0.0003, "lr_std": 0.0, "params": 5337.5, "params_std": 1.5, "time_iter": 0.07912, "time_iter_std": 0.01224, "accuracy": 0.55667, "accuracy_std": 0.04359, "accuracy_max": 0.62667, "precision": 0.55431, "precision_std": 0.03426, "recall": 0.80128, "recall_std": 0.12078, "f1": 0.65058, "f1_std": 0.03746, "auc": 0.5556, "auc_std": 0.05911}
{"epoch": 64, "time_epoch": 3.02908, "time_epoch_std": 0.42903, "eta": 104.31048, "eta_std": 13.38474, "eta_hours": 0.02898, "eta_hours_std": 0.00372, "loss": 0.68862, "loss_std": 0.00935, "lr": 0.00029, "lr_std": 0.0, "params": 5337.5, "params_std": 1.5, "time_iter": 0.07971, "time_iter_std": 0.01129, "accuracy": 0.52666, "accuracy_std": 0.03333, "accuracy_max": 0.57333, "precision": 0.53196, "precision_std": 0.02531, "recall": 0.76923, "recall_std": 0.13956, "f1": 0.62414, "f1_std": 0.0467, "auc": 0.53855, "auc_std": 0.06324}
{"epoch": 65, "time_epoch": 2.92269, "time_epoch_std": 0.40142, "eta": 101.30051, "eta_std": 13.00979, "eta_hours": 0.02814, "eta_hours_std": 0.00362, "loss": 0.69518, "loss_std": 0.00304, "lr": 0.00027, "lr_std": 0.0, "params": 5337.5, "params_std": 1.5, "time_iter": 0.07691, "time_iter_std": 0.01056, "accuracy": 0.51334, "accuracy_std": 0.00667, "accuracy_max": 0.52, "precision": 0.52202, "precision_std": 0.00303, "recall": 0.76282, "recall_std": 0.14175, "f1": 0.61508, "f1_std": 0.04274, "auc": 0.4984, "auc_std": 0.01968}
{"epoch": 66, "time_epoch": 2.93493, "time_epoch_std": 0.52222, "eta": 98.29916, "eta_std": 12.69251, "eta_hours": 0.02731, "eta_hours_std": 0.00352, "loss": 0.68145, "loss_std": 0.00942, "lr": 0.00026, "lr_std": 0.0, "params": 5337.5, "params_std": 1.5, "time_iter": 0.07724, "time_iter_std": 0.01374, "accuracy": 0.56, "accuracy_std": 0.04243, "accuracy_max": 0.62, "precision": 0.55729, "precision_std": 0.03488, "recall": 0.80449, "recall_std": 0.11516, "f1": 0.65366, "f1_std": 0.03155, "auc": 0.56232, "auc_std": 0.05115}
{"epoch": 67, "time_epoch": 2.89473, "time_epoch_std": 0.40362, "eta": 95.28086, "eta_std": 12.31644, "eta_hours": 0.02647, "eta_hours_std": 0.00342, "loss": 0.6853, "loss_std": 0.00747, "lr": 0.00025, "lr_std": 0.0, "params": 5337.5, "params_std": 1.5, "time_iter": 0.07618, "time_iter_std": 0.01062, "accuracy": 0.55166, "accuracy_std": 0.02128, "accuracy_max": 0.58, "precision": 0.54976, "precision_std": 0.01936, "recall": 0.80769, "recall_std": 0.11103, "f1": 0.65, "f1_std": 0.02058, "auc": 0.52974, "auc_std": 0.04933}
{"epoch": 68, "time_epoch": 2.96462, "time_epoch_std": 0.43755, "eta": 92.29753, "eta_std": 11.94049, "eta_hours": 0.02564, "eta_hours_std": 0.00332, "loss": 0.68559, "loss_std": 0.0072, "lr": 0.00023, "lr_std": 0.0, "params": 5337.5, "params_std": 1.5, "time_iter": 0.07802, "time_iter_std": 0.01151, "accuracy": 0.555, "accuracy_std": 0.0387, "accuracy_max": 0.6, "precision": 0.5523, "precision_std": 0.03025, "recall": 0.80769, "recall_std": 0.1168, "f1": 0.65162, "f1_std": 0.03382, "auc": 0.54456, "auc_std": 0.03454}
{"epoch": 69, "time_epoch": 2.92667, "time_epoch_std": 0.41049, "eta": 89.29848, "eta_std": 11.56518, "eta_hours": 0.0248, "eta_hours_std": 0.00321, "loss": 0.68437, "loss_std": 0.00433, "lr": 0.00022, "lr_std": 0.0, "params": 5337.5, "params_std": 1.5, "time_iter": 0.07702, "time_iter_std": 0.0108, "accuracy": 0.55333, "accuracy_std": 0.02449, "accuracy_max": 0.58, "precision": 0.55107, "precision_std": 0.02125, "recall": 0.80769, "recall_std": 0.11213, "f1": 0.65084, "f1_std": 0.02249, "auc": 0.58195, "auc_std": 0.01065}
{"epoch": 70, "time_epoch": 2.88464, "time_epoch_std": 0.41279, "eta": 86.2843, "eta_std": 11.18988, "eta_hours": 0.02397, "eta_hours_std": 0.00311, "loss": 0.68557, "loss_std": 0.00415, "lr": 0.00021, "lr_std": 0.0, "params": 5337.5, "params_std": 1.5, "time_iter": 0.07592, "time_iter_std": 0.01086, "accuracy": 0.54167, "accuracy_std": 0.02555, "accuracy_max": 0.57333, "precision": 0.54352, "precision_std": 0.02218, "recall": 0.79167, "recall_std": 0.12175, "f1": 0.63974, "f1_std": 0.02859, "auc": 0.55396, "auc_std": 0.02574}
{"epoch": 71, "time_epoch": 2.8366, "time_epoch_std": 0.40226, "eta": 83.25502, "eta_std": 10.80817, "eta_hours": 0.02312, "eta_hours_std": 0.003, "loss": 0.68374, "loss_std": 0.01345, "lr": 0.00019, "lr_std": 0.0, "params": 5337.5, "params_std": 1.5, "time_iter": 0.07465, "time_iter_std": 0.01059, "accuracy": 0.565, "accuracy_std": 0.03602, "accuracy_max": 0.60667, "precision": 0.55961, "precision_std": 0.02849, "recall": 0.8141, "recall_std": 0.11377, "f1": 0.65874, "f1_std": 0.02908, "auc": 0.56134, "auc_std": 0.06637}
{"epoch": 72, "time_epoch": 2.89704, "time_epoch_std": 0.42205, "eta": 80.25339, "eta_std": 10.43197, "eta_hours": 0.02229, "eta_hours_std": 0.0029, "loss": 0.68227, "loss_std": 0.00657, "lr": 0.00018, "lr_std": 0.0, "params": 5337.5, "params_std": 1.5, "time_iter": 0.07624, "time_iter_std": 0.01111, "accuracy": 0.55167, "accuracy_std": 0.02179, "accuracy_max": 0.58, "precision": 0.54861, "precision_std": 0.01778, "recall": 0.81731, "recall_std": 0.11264, "f1": 0.65249, "f1_std": 0.02521, "auc": 0.56009, "auc_std": 0.04971}
{"epoch": 73, "time_epoch": 2.91869, "time_epoch_std": 0.37271, "eta": 77.26219, "eta_std": 10.04041, "eta_hours": 0.02146, "eta_hours_std": 0.00279, "loss": 0.69026, "loss_std": 0.00617, "lr": 0.00017, "lr_std": 0.0, "params": 5337.5, "params_std": 1.5, "time_iter": 0.0768, "time_iter_std": 0.00981, "accuracy": 0.53667, "accuracy_std": 0.03, "accuracy_max": 0.58, "precision": 0.53967, "precision_std": 0.02362, "recall": 0.77885, "recall_std": 0.1318, "f1": 0.6327, "f1_std": 0.03892, "auc": 0.52012, "auc_std": 0.01757}
{"epoch": 74, "time_epoch": 2.93992, "time_epoch_std": 0.36586, "eta": 74.28, "eta_std": 9.64723, "eta_hours": 0.02064, "eta_hours_std": 0.00268, "loss": 0.68822, "loss_std": 0.01005, "lr": 0.00016, "lr_std": 0.0, "params": 5337.5, "params_std": 1.5, "time_iter": 0.07736, "time_iter_std": 0.00963, "accuracy": 0.54334, "accuracy_std": 0.02333, "accuracy_max": 0.56667, "precision": 0.54405, "precision_std": 0.01938, "recall": 0.79167, "recall_std": 0.12309, "f1": 0.64037, "f1_std": 0.03136, "auc": 0.54193, "auc_std": 0.04649}
{"epoch": 75, "time_epoch": 2.89039, "time_epoch_std": 0.42691, "eta": 71.28328, "eta_std": 9.2738, "eta_hours": 0.0198, "eta_hours_std": 0.00258, "loss": 0.68858, "loss_std": 0.00969, "lr": 0.00015, "lr_std": 0.0, "params": 5337.5, "params_std": 1.5, "time_iter": 0.07606, "time_iter_std": 0.01123, "accuracy": 0.53334, "accuracy_std": 0.03232, "accuracy_max": 0.56667, "precision": 0.53766, "precision_std": 0.02571, "recall": 0.76923, "recall_std": 0.13718, "f1": 0.62776, "f1_std": 0.04248, "auc": 0.54296, "auc_std": 0.04757}
{"epoch": 76, "time_epoch": 2.96837, "time_epoch_std": 0.45215, "eta": 68.31262, "eta_std": 8.90321, "eta_hours": 0.01897, "eta_hours_std": 0.00248, "loss": 0.67803, "loss_std": 0.00834, "lr": 0.00014, "lr_std": 0.0, "params": 5337.5, "params_std": 1.5, "time_iter": 0.07812, "time_iter_std": 0.0119, "accuracy": 0.56, "accuracy_std": 0.03399, "accuracy_max": 0.61333, "precision": 0.55668, "precision_std": 0.02864, "recall": 0.80769, "recall_std": 0.1125, "f1": 0.65449, "f1_std": 0.02552, "auc": 0.60506, "auc_std": 0.02547}
{"epoch": 77, "time_epoch": 2.91295, "time_epoch_std": 0.41061, "eta": 65.32638, "eta_std": 8.52218, "eta_hours": 0.01815, "eta_hours_std": 0.00237, "loss": 0.68142, "loss_std": 0.00727, "lr": 0.00012, "lr_std": 0.0, "params": 5337.5, "params_std": 1.5, "time_iter": 0.07666, "time_iter_std": 0.01081, "accuracy": 0.56, "accuracy_std": 0.03399, "accuracy_max": 0.61333, "precision": 0.55781, "precision_std": 0.02865, "recall": 0.79487, "recall_std": 0.12129, "f1": 0.65034, "f1_std": 0.02917, "auc": 0.56708, "auc_std": 0.03625}
{"epoch": 78, "time_epoch": 2.9367, "time_epoch_std": 0.41061, "eta": 62.34831, "eta_std": 8.1391, "eta_hours": 0.01732, "eta_hours_std": 0.00226, "loss": 0.68858, "loss_std": 0.00633, "lr": 0.00011, "lr_std": 0.0, "params": 5337.5, "params_std": 1.5, "time_iter": 0.07728, "time_iter_std": 0.0108, "accuracy": 0.53166, "accuracy_std": 0.01364, "accuracy_max": 0.55333, "precision": 0.5356, "precision_std": 0.012, "recall": 0.77885, "recall_std": 0.12992, "f1": 0.63008, "f1_std": 0.03422, "auc": 0.52773, "auc_std": 0.03538}
{"epoch": 79, "time_epoch": 3.05123, "time_epoch_std": 0.46502, "eta": 59.39991, "eta_std": 7.75665, "eta_hours": 0.0165, "eta_hours_std": 0.00215, "loss": 0.6813, "loss_std": 0.00803, "lr": 0.0001, "lr_std": 0.0, "params": 5337.5, "params_std": 1.5, "time_iter": 0.08029, "time_iter_std": 0.01224, "accuracy": 0.55167, "accuracy_std": 0.02641, "accuracy_max": 0.58667, "precision": 0.55123, "precision_std": 0.02403, "recall": 0.79487, "recall_std": 0.11889, "f1": 0.64604, "f1_std": 0.02464, "auc": 0.57706, "auc_std": 0.03961}
{"epoch": 80, "time_epoch": 2.9124, "time_epoch_std": 0.36667, "eta": 56.4164, "eta_std": 7.36344, "eta_hours": 0.01567, "eta_hours_std": 0.00204, "loss": 0.68386, "loss_std": 0.00747, "lr": 0.0001, "lr_std": 0.0, "params": 5337.5, "params_std": 1.5, "time_iter": 0.07664, "time_iter_std": 0.00965, "accuracy": 0.55166, "accuracy_std": 0.02128, "accuracy_max": 0.58, "precision": 0.54944, "precision_std": 0.01897, "recall": 0.8109, "recall_std": 0.1108, "f1": 0.65089, "f1_std": 0.02139, "auc": 0.55658, "auc_std": 0.03097}
{"epoch": 81, "time_epoch": 2.9261, "time_epoch_std": 0.44063, "eta": 53.43764, "eta_std": 6.98713, "eta_hours": 0.01484, "eta_hours_std": 0.00194, "loss": 0.68924, "loss_std": 0.00621, "lr": 9e-05, "lr_std": 0.0, "params": 5337.5, "params_std": 1.5, "time_iter": 0.077, "time_iter_std": 0.01159, "accuracy": 0.54166, "accuracy_std": 0.01364, "accuracy_max": 0.55333, "precision": 0.54422, "precision_std": 0.01482, "recall": 0.77564, "recall_std": 0.13027, "f1": 0.63429, "f1_std": 0.02925, "auc": 0.53633, "auc_std": 0.02507}
{"epoch": 82, "time_epoch": 2.90371, "time_epoch_std": 0.41415, "eta": 50.45556, "eta_std": 6.60345, "eta_hours": 0.01402, "eta_hours_std": 0.00184, "loss": 0.6827, "loss_std": 0.01011, "lr": 8e-05, "lr_std": 0.0, "params": 5337.5, "params_std": 1.5, "time_iter": 0.07641, "time_iter_std": 0.0109, "accuracy": 0.55333, "accuracy_std": 0.0216, "accuracy_max": 0.58, "precision": 0.55108, "precision_std": 0.01968, "recall": 0.80769, "recall_std": 0.11103, "f1": 0.65087, "f1_std": 0.01994, "auc": 0.54879, "auc_std": 0.05075}
{"epoch": 83, "time_epoch": 2.98281, "time_epoch_std": 0.40561, "eta": 47.49041, "eta_std": 6.21698, "eta_hours": 0.01319, "eta_hours_std": 0.00173, "loss": 0.68323, "loss_std": 0.00949, "lr": 7e-05, "lr_std": 0.0, "params": 5337.5, "params_std": 1.5, "time_iter": 0.0785, "time_iter_std": 0.01068, "accuracy": 0.545, "accuracy_std": 0.02843, "accuracy_max": 0.59333, "precision": 0.54671, "precision_std": 0.02494, "recall": 0.78205, "recall_std": 0.12659, "f1": 0.63837, "f1_std": 0.03168, "auc": 0.57216, "auc_std": 0.04342}
{"epoch": 84, "time_epoch": 2.97946, "time_epoch_std": 0.44102, "eta": 44.52425, "eta_std": 5.83254, "eta_hours": 0.01237, "eta_hours_std": 0.00162, "loss": 0.68373, "loss_std": 0.00839, "lr": 6e-05, "lr_std": 0.0, "params": 5337.5, "params_std": 1.5, "time_iter": 0.07841, "time_iter_std": 0.01161, "accuracy": 0.54833, "accuracy_std": 0.03312, "accuracy_max": 0.59333, "precision": 0.54946, "precision_std": 0.02747, "recall": 0.77885, "recall_std": 0.1318, "f1": 0.63882, "f1_std": 0.03645, "auc": 0.54198, "auc_std": 0.05001}
{"epoch": 85, "time_epoch": 3.02249, "time_epoch_std": 0.4573, "eta": 41.5648, "eta_std": 5.45003, "eta_hours": 0.01154, "eta_hours_std": 0.00152, "loss": 0.68073, "loss_std": 0.01135, "lr": 5e-05, "lr_std": 0.0, "params": 5337.5, "params_std": 1.5, "time_iter": 0.07954, "time_iter_std": 0.01204, "accuracy": 0.54833, "accuracy_std": 0.03601, "accuracy_max": 0.59333, "precision": 0.5479, "precision_std": 0.02838, "recall": 0.79808, "recall_std": 0.12309, "f1": 0.64502, "f1_std": 0.03536, "auc": 0.57336, "auc_std": 0.03462}
{"epoch": 86, "time_epoch": 2.88696, "time_epoch_std": 0.44467, "eta": 38.58364, "eta_std": 5.06761, "eta_hours": 0.01072, "eta_hours_std": 0.00141, "loss": 0.68595, "loss_std": 0.005, "lr": 5e-05, "lr_std": 0.0, "params": 5337.5, "params_std": 1.5, "time_iter": 0.07597, "time_iter_std": 0.0117, "accuracy": 0.54334, "accuracy_std": 0.01915, "accuracy_max": 0.57333, "precision": 0.54351, "precision_std": 0.01609, "recall": 0.79167, "recall_std": 0.12508, "f1": 0.64007, "f1_std": 0.03347, "auc": 0.54999, "auc_std": 0.02478}
{"epoch": 87, "time_epoch": 2.85237, "time_epoch_std": 0.44274, "eta": 35.5999, "eta_std": 4.68382, "eta_hours": 0.00989, "eta_hours_std": 0.0013, "loss": 0.68643, "loss_std": 0.00576, "lr": 4e-05, "lr_std": 0.0, "params": 5337.5, "params_std": 1.5, "time_iter": 0.07506, "time_iter_std": 0.01165, "accuracy": 0.54333, "accuracy_std": 0.02236, "accuracy_max": 0.58, "precision": 0.54545, "precision_std": 0.02125, "recall": 0.78205, "recall_std": 0.12659, "f1": 0.63744, "f1_std": 0.02891, "auc": 0.54834, "auc_std": 0.02369}
{"epoch": 88, "time_epoch": 2.9244, "time_epoch_std": 0.41048, "eta": 32.62802, "eta_std": 4.29417, "eta_hours": 0.00906, "eta_hours_std": 0.00119, "loss": 0.68382, "loss_std": 0.01103, "lr": 4e-05, "lr_std": 0.0, "params": 5337.5, "params_std": 1.5, "time_iter": 0.07696, "time_iter_std": 0.0108, "accuracy": 0.55666, "accuracy_std": 0.02603, "accuracy_max": 0.59333, "precision": 0.55537, "precision_std": 0.02532, "recall": 0.79808, "recall_std": 0.11763, "f1": 0.64968, "f1_std": 0.02022, "auc": 0.55876, "auc_std": 0.05116}
{"epoch": 89, "time_epoch": 2.90056, "time_epoch_std": 0.44804, "eta": 29.65454, "eta_std": 3.90941, "eta_hours": 0.00824, "eta_hours_std": 0.00109, "loss": 0.68669, "loss_std": 0.00613, "lr": 3e-05, "lr_std": 0.0, "params": 5337.5, "params_std": 1.5, "time_iter": 0.07633, "time_iter_std": 0.01179, "accuracy": 0.53334, "accuracy_std": 0.01333, "accuracy_max": 0.54667, "precision": 0.53749, "precision_std": 0.01228, "recall": 0.76923, "recall_std": 0.13688, "f1": 0.62751, "f1_std": 0.03673, "auc": 0.53441, "auc_std": 0.02792}
{"epoch": 90, "time_epoch": 2.88788, "time_epoch_std": 0.44128, "eta": 26.68142, "eta_std": 3.52265, "eta_hours": 0.00741, "eta_hours_std": 0.00098, "loss": 0.68304, "loss_std": 0.00772, "lr": 2e-05, "lr_std": 0.0, "params": 5337.5, "params_std": 1.5, "time_iter": 0.076, "time_iter_std": 0.01161, "accuracy": 0.55333, "accuracy_std": 0.03018, "accuracy_max": 0.6, "precision": 0.55347, "precision_std": 0.02776, "recall": 0.78205, "recall_std": 0.12627, "f1": 0.64274, "f1_std": 0.03076, "auc": 0.55368, "auc_std": 0.04138}
{"epoch": 91, "time_epoch": 2.84508, "time_epoch_std": 0.46749, "eta": 23.70642, "eta_std": 3.13668, "eta_hours": 0.00658, "eta_hours_std": 0.00087, "loss": 0.67544, "loss_std": 0.00988, "lr": 2e-05, "lr_std": 0.0, "params": 5337.5, "params_std": 1.5, "time_iter": 0.07487, "time_iter_std": 0.01231, "accuracy": 0.58167, "accuracy_std": 0.04038, "accuracy_max": 0.63333, "precision": 0.57386, "precision_std": 0.03515, "recall": 0.82051, "recall_std": 0.10376, "f1": 0.67026, "f1_std": 0.01471, "auc": 0.59184, "auc_std": 0.03858}
{"epoch": 92, "time_epoch": 2.90978, "time_epoch_std": 0.4346, "eta": 20.73909, "eta_std": 2.74754, "eta_hours": 0.00576, "eta_hours_std": 0.00076, "loss": 0.68039, "loss_std": 0.00884, "lr": 2e-05, "lr_std": 0.0, "params": 5337.5, "params_std": 1.5, "time_iter": 0.07658, "time_iter_std": 0.01144, "accuracy": 0.545, "accuracy_std": 0.03602, "accuracy_max": 0.58667, "precision": 0.54641, "precision_std": 0.02866, "recall": 0.77564, "recall_std": 0.13763, "f1": 0.63565, "f1_std": 0.04342, "auc": 0.57202, "auc_std": 0.03259}
{"epoch": 93, "time_epoch": 2.97653, "time_epoch_std": 0.39539, "eta": 17.77724, "eta_std": 2.35478, "eta_hours": 0.00494, "eta_hours_std": 0.00065, "loss": 0.68665, "loss_std": 0.00366, "lr": 1e-05, "lr_std": 0.0, "params": 5337.5, "params_std": 1.5, "time_iter": 0.07833, "time_iter_std": 0.0104, "accuracy": 0.54166, "accuracy_std": 0.01965, "accuracy_max": 0.57333, "precision": 0.54361, "precision_std": 0.01678, "recall": 0.77885, "recall_std": 0.1318, "f1": 0.63511, "f1_std": 0.03394, "auc": 0.55052, "auc_std": 0.00969}
{"epoch": 94, "time_epoch": 3.03153, "time_epoch_std": 0.47609, "eta": 14.81798, "eta_std": 1.96427, "eta_hours": 0.00412, "eta_hours_std": 0.00055, "loss": 0.68045, "loss_std": 0.00833, "lr": 1e-05, "lr_std": 0.0, "params": 5337.5, "params_std": 1.5, "time_iter": 0.07978, "time_iter_std": 0.01253, "accuracy": 0.55, "accuracy_std": 0.02687, "accuracy_max": 0.59333, "precision": 0.5508, "precision_std": 0.02527, "recall": 0.78846, "recall_std": 0.1274, "f1": 0.6428, "f1_std": 0.02852, "auc": 0.55284, "auc_std": 0.06253}
{"epoch": 95, "time_epoch": 3.10246, "time_epoch_std": 0.49534, "eta": 11.86017, "eta_std": 1.57138, "eta_hours": 0.0033, "eta_hours_std": 0.00044, "loss": 0.68121, "loss_std": 0.00625, "lr": 1e-05, "lr_std": 0.0, "params": 5337.5, "params_std": 1.5, "time_iter": 0.08164, "time_iter_std": 0.01303, "accuracy": 0.555, "accuracy_std": 0.02179, "accuracy_max": 0.57333, "precision": 0.55081, "precision_std": 0.01857, "recall": 0.82372, "recall_std": 0.10271, "f1": 0.65654, "f1_std": 0.01802, "auc": 0.56308, "auc_std": 0.02912}
{"epoch": 96, "time_epoch": 2.8773, "time_epoch_std": 0.44628, "eta": 8.89242, "eta_std": 1.17999, "eta_hours": 0.00247, "eta_hours_std": 0.00033, "loss": 0.67142, "loss_std": 0.01205, "lr": 0.0, "lr_std": 0.0, "params": 5337.5, "params_std": 1.5, "time_iter": 0.07572, "time_iter_std": 0.01175, "accuracy": 0.59333, "accuracy_std": 0.03858, "accuracy_max": 0.62, "precision": 0.58069, "precision_std": 0.0337, "recall": 0.83974, "recall_std": 0.09658, "f1": 0.68181, "f1_std": 0.00703, "auc": 0.61022, "auc_std": 0.06302}
{"epoch": 97, "time_epoch": 3.00887, "time_epoch_std": 0.47529, "eta": 5.92919, "eta_std": 0.7877, "eta_hours": 0.00165, "eta_hours_std": 0.00022, "loss": 0.6783, "loss_std": 0.00957, "lr": 0.0, "lr_std": 0.0, "params": 5337.5, "params_std": 1.5, "time_iter": 0.07918, "time_iter_std": 0.01251, "accuracy": 0.56, "accuracy_std": 0.02357, "accuracy_max": 0.58, "precision": 0.55858, "precision_std": 0.02258, "recall": 0.78846, "recall_std": 0.12247, "f1": 0.64831, "f1_std": 0.02126, "auc": 0.58574, "auc_std": 0.03236}
{"epoch": 98, "time_epoch": 3.32052, "time_epoch_std": 0.42348, "eta": 2.96819, "eta_std": 0.39275, "eta_hours": 0.00082, "eta_hours_std": 0.00011, "loss": 0.69058, "loss_std": 0.00894, "lr": 0.0, "lr_std": 0.0, "params": 5337.5, "params_std": 1.5, "time_iter": 0.08738, "time_iter_std": 0.01115, "accuracy": 0.53167, "accuracy_std": 0.02279, "accuracy_max": 0.55333, "precision": 0.53678, "precision_std": 0.01944, "recall": 0.76603, "recall_std": 0.13579, "f1": 0.62596, "f1_std": 0.03712, "auc": 0.53161, "auc_std": 0.04087}
{"epoch": 99, "time_epoch": 3.20002, "time_epoch_std": 0.44765, "eta": 0.0, "eta_std": 0.0, "eta_hours": 0.0, "eta_hours_std": 0.0, "loss": 0.68711, "loss_std": 0.0059, "lr": 0.0, "lr_std": 0.0, "params": 5337.5, "params_std": 1.5, "time_iter": 0.08421, "time_iter_std": 0.01178, "accuracy": 0.53333, "accuracy_std": 0.01491, "accuracy_max": 0.55333, "precision": 0.5366, "precision_std": 0.01191, "recall": 0.77244, "recall_std": 0.14055, "f1": 0.62803, "f1_std": 0.04215, "auc": 0.54626, "auc_std": 0.01752}
