{"epoch": 0, "time_epoch": 19.60581, "eta": 1940.97551, "eta_hours": 0.53916, "loss": 0.69785278, "lr": 0.001, "params": 6183, "time_iter": 0.15685, "accuracy": 0.506, "precision": 0.506, "recall": 1.0, "f1": 0.67198, "auc": 0.47978}
{"epoch": 1, "time_epoch": 5.54459, "eta": 1232.36995, "eta_hours": 0.34232, "loss": 0.69499461, "lr": 0.00099975, "params": 6183, "time_iter": 0.04436, "accuracy": 0.506, "precision": 0.506, "recall": 1.0, "f1": 0.67198, "auc": 0.4477}
{"epoch": 2, "time_epoch": 5.46039, "eta": 989.74917, "eta_hours": 0.27493, "loss": 0.69432274, "lr": 0.00099901, "params": 6183, "time_iter": 0.04368, "accuracy": 0.506, "precision": 0.506, "recall": 1.0, "f1": 0.67198, "auc": 0.46512}
{"epoch": 3, "time_epoch": 5.51147, "eta": 866.93447, "eta_hours": 0.24082, "loss": 0.69401688, "lr": 0.00099778, "params": 6183, "time_iter": 0.04409, "accuracy": 0.484, "precision": 0.4938, "recall": 0.78656, "f1": 0.60671, "auc": 0.46159}
{"epoch": 4, "time_epoch": 5.52011, "eta": 791.20518, "eta_hours": 0.21978, "loss": 0.69372005, "lr": 0.00099606, "params": 6183, "time_iter": 0.04416, "accuracy": 0.488, "precision": 0.49438, "recall": 0.52174, "f1": 0.50769, "auc": 0.47892}
{"epoch": 5, "time_epoch": 5.52458, "eta": 738.94905, "eta_hours": 0.20526, "loss": 0.69385636, "lr": 0.00099384, "params": 6183, "time_iter": 0.0442, "accuracy": 0.506, "precision": 0.506, "recall": 1.0, "f1": 0.67198, "auc": 0.45753}
{"epoch": 6, "time_epoch": 5.50382, "eta": 699.76892, "eta_hours": 0.19438, "loss": 0.69367463, "lr": 0.00099114, "params": 6183, "time_iter": 0.04403, "accuracy": 0.506, "precision": 0.506, "recall": 1.0, "f1": 0.67198, "auc": 0.46557}
{"epoch": 7, "time_epoch": 5.47748, "eta": 668.70503, "eta_hours": 0.18575, "loss": 0.69366317, "lr": 0.00098796, "params": 6183, "time_iter": 0.04382, "accuracy": 0.482, "precision": 0.49315, "recall": 0.85375, "f1": 0.62518, "auc": 0.47127}
{"epoch": 8, "time_epoch": 5.45947, "eta": 643.14489, "eta_hours": 0.17865, "loss": 0.69363355, "lr": 0.00098429, "params": 6183, "time_iter": 0.04368, "accuracy": 0.502, "precision": 0.50405, "recall": 0.98419, "f1": 0.66667, "auc": 0.46246}
{"epoch": 9, "time_epoch": 5.48335, "eta": 621.81977, "eta_hours": 0.17273, "loss": 0.69356948, "lr": 0.00098015, "params": 6183, "time_iter": 0.04387, "accuracy": 0.506, "precision": 0.506, "recall": 1.0, "f1": 0.67198, "auc": 0.46021}
{"epoch": 10, "time_epoch": 5.45927, "eta": 603.18018, "eta_hours": 0.16755, "loss": 0.69362824, "lr": 0.00097553, "params": 6183, "time_iter": 0.04367, "accuracy": 0.506, "precision": 0.506, "recall": 1.0, "f1": 0.67198, "auc": 0.44038}
{"epoch": 11, "time_epoch": 5.47091, "eta": 586.82267, "eta_hours": 0.16301, "loss": 0.69388976, "lr": 0.00097044, "params": 6183, "time_iter": 0.04377, "accuracy": 0.492, "precision": 0.49791, "recall": 0.47036, "f1": 0.48374, "auc": 0.46942}
{"epoch": 12, "time_epoch": 5.46897, "eta": 572.127, "eta_hours": 0.15892, "loss": 0.69368731, "lr": 0.00096489, "params": 6183, "time_iter": 0.04375, "accuracy": 0.48, "precision": 0.48772, "recall": 0.54941, "f1": 0.51673, "auc": 0.46962}
{"epoch": 13, "time_epoch": 5.4478, "eta": 558.61942, "eta_hours": 0.15517, "loss": 0.69369218, "lr": 0.00095888, "params": 6183, "time_iter": 0.04358, "accuracy": 0.506, "precision": 0.506, "recall": 1.0, "f1": 0.67198, "auc": 0.45002}
{"epoch": 14, "time_epoch": 5.47426, "eta": 546.33637, "eta_hours": 0.15176, "loss": 0.69377274, "lr": 0.00095241, "params": 6183, "time_iter": 0.04379, "accuracy": 0.484, "precision": 0.49453, "recall": 0.89328, "f1": 0.63662, "auc": 0.46989}
{"epoch": 15, "time_epoch": 5.45914, "eta": 534.82506, "eta_hours": 0.14856, "loss": 0.69387694, "lr": 0.0009455, "params": 6183, "time_iter": 0.04367, "accuracy": 0.492, "precision": 0.49897, "recall": 0.96047, "f1": 0.65676, "auc": 0.43077}
{"epoch": 16, "time_epoch": 5.60792, "eta": 524.75215, "eta_hours": 0.14576, "loss": 0.69368483, "lr": 0.00093815, "params": 6183, "time_iter": 0.04486, "accuracy": 0.488, "precision": 0.49602, "recall": 0.73913, "f1": 0.59365, "auc": 0.46443}
{"epoch": 17, "time_epoch": 4.66964, "eta": 510.90097, "eta_hours": 0.14192, "loss": 0.69332541, "lr": 0.00093037, "params": 6183, "time_iter": 0.03736, "accuracy": 0.506, "precision": 0.506, "recall": 1.0, "f1": 0.67198, "auc": 0.45906}
{"epoch": 18, "time_epoch": 4.71803, "eta": 498.22258, "eta_hours": 0.1384, "loss": 0.69361831, "lr": 0.00092216, "params": 6183, "time_iter": 0.03774, "accuracy": 0.478, "precision": 0.49123, "recall": 0.88538, "f1": 0.63188, "auc": 0.45959}
{"epoch": 19, "time_epoch": 4.67552, "eta": 486.17018, "eta_hours": 0.13505, "loss": 0.69395619, "lr": 0.00091354, "params": 6183, "time_iter": 0.0374, "accuracy": 0.506, "precision": 0.506, "recall": 1.0, "f1": 0.67198, "auc": 0.44495}
{"epoch": 20, "time_epoch": 4.6892, "eta": 474.87181, "eta_hours": 0.13191, "loss": 0.69371545, "lr": 0.00090451, "params": 6183, "time_iter": 0.03751, "accuracy": 0.478, "precision": 0.48473, "recall": 0.50198, "f1": 0.4932, "auc": 0.44502}
{"epoch": 21, "time_epoch": 4.66623, "eta": 464.09283, "eta_hours": 0.12891, "loss": 0.69373698, "lr": 0.00089508, "params": 6183, "time_iter": 0.03733, "accuracy": 0.506, "precision": 0.506, "recall": 1.0, "f1": 0.67198, "auc": 0.46754}
{"epoch": 22, "time_epoch": 4.66999, "eta": 453.85796, "eta_hours": 0.12607, "loss": 0.69367061, "lr": 0.00088526, "params": 6183, "time_iter": 0.03736, "accuracy": 0.506, "precision": 0.506, "recall": 1.0, "f1": 0.67198, "auc": 0.46578}
{"epoch": 23, "time_epoch": 4.68289, "eta": 444.12769, "eta_hours": 0.12337, "loss": 0.69388882, "lr": 0.00087506, "params": 6183, "time_iter": 0.03746, "accuracy": 0.454, "precision": 0.43243, "recall": 0.25296, "f1": 0.3192, "auc": 0.42582}
{"epoch": 24, "time_epoch": 4.68479, "eta": 434.80691, "eta_hours": 0.12078, "loss": 0.69400452, "lr": 0.00086448, "params": 6183, "time_iter": 0.03748, "accuracy": 0.506, "precision": 0.506, "recall": 1.0, "f1": 0.67198, "auc": 0.4471}
{"epoch": 25, "time_epoch": 4.67549, "eta": 425.81628, "eta_hours": 0.11828, "loss": 0.69344747, "lr": 0.00085355, "params": 6183, "time_iter": 0.0374, "accuracy": 0.482, "precision": 0.48846, "recall": 0.50198, "f1": 0.49513, "auc": 0.47548}
{"epoch": 26, "time_epoch": 4.67462, "eta": 417.14294, "eta_hours": 0.11587, "loss": 0.69327383, "lr": 0.00084227, "params": 6183, "time_iter": 0.0374, "accuracy": 0.506, "precision": 0.506, "recall": 1.0, "f1": 0.67198, "auc": 0.4412}
{"epoch": 27, "time_epoch": 4.69934, "eta": 408.81879, "eta_hours": 0.11356, "loss": 0.6934535, "lr": 0.00083066, "params": 6183, "time_iter": 0.03759, "accuracy": 0.506, "precision": 0.506, "recall": 1.0, "f1": 0.67198, "auc": 0.45569}
{"epoch": 28, "time_epoch": 4.68027, "eta": 400.69795, "eta_hours": 0.1113, "loss": 0.69350387, "lr": 0.00081871, "params": 6183, "time_iter": 0.03744, "accuracy": 0.506, "precision": 0.506, "recall": 1.0, "f1": 0.67198, "auc": 0.4222}
{"epoch": 29, "time_epoch": 4.69571, "eta": 392.84248, "eta_hours": 0.10912, "loss": 0.69358122, "lr": 0.00080645, "params": 6183, "time_iter": 0.03757, "accuracy": 0.48, "precision": 0.49231, "recall": 0.88538, "f1": 0.63277, "auc": 0.4536}
{"epoch": 30, "time_epoch": 4.66796, "eta": 385.12911, "eta_hours": 0.10698, "loss": 0.69334154, "lr": 0.00079389, "params": 6183, "time_iter": 0.03734, "accuracy": 0.506, "precision": 0.506, "recall": 1.0, "f1": 0.67198, "auc": 0.43604}
{"epoch": 31, "time_epoch": 4.69793, "eta": 377.66976, "eta_hours": 0.10491, "loss": 0.69344205, "lr": 0.00078104, "params": 6183, "time_iter": 0.03758, "accuracy": 0.506, "precision": 0.506, "recall": 1.0, "f1": 0.67198, "auc": 0.45282}
{"epoch": 32, "time_epoch": 4.69193, "eta": 370.36559, "eta_hours": 0.10288, "loss": 0.69376221, "lr": 0.00076791, "params": 6183, "time_iter": 0.03754, "accuracy": 0.506, "precision": 0.506, "recall": 1.0, "f1": 0.67198, "auc": 0.42755}
{"epoch": 33, "time_epoch": 4.69422, "eta": 363.21954, "eta_hours": 0.10089, "loss": 0.6934608, "lr": 0.00075452, "params": 6183, "time_iter": 0.03755, "accuracy": 0.506, "precision": 0.506, "recall": 1.0, "f1": 0.67198, "auc": 0.43565}
{"epoch": 34, "time_epoch": 4.67806, "eta": 356.18357, "eta_hours": 0.09894, "loss": 0.69335666, "lr": 0.00074088, "params": 6183, "time_iter": 0.03742, "accuracy": 0.506, "precision": 0.506, "recall": 1.0, "f1": 0.67198, "auc": 0.44654}
{"epoch": 35, "time_epoch": 4.68953, "eta": 349.29899, "eta_hours": 0.09703, "loss": 0.69336371, "lr": 0.000727, "params": 6183, "time_iter": 0.03752, "accuracy": 0.506, "precision": 0.506, "recall": 1.0, "f1": 0.67198, "auc": 0.44914}
{"epoch": 36, "time_epoch": 4.68289, "eta": 342.52176, "eta_hours": 0.09514, "loss": 0.69348491, "lr": 0.00071289, "params": 6183, "time_iter": 0.03746, "accuracy": 0.506, "precision": 0.506, "recall": 1.0, "f1": 0.67198, "auc": 0.44078}
{"epoch": 37, "time_epoch": 4.68239, "eta": 335.85393, "eta_hours": 0.09329, "loss": 0.69359655, "lr": 0.00069857, "params": 6183, "time_iter": 0.03746, "accuracy": 0.506, "precision": 0.506, "recall": 1.0, "f1": 0.67198, "auc": 0.43962}
{"epoch": 38, "time_epoch": 4.68091, "eta": 329.28561, "eta_hours": 0.09147, "loss": 0.69329674, "lr": 0.00068406, "params": 6183, "time_iter": 0.03745, "accuracy": 0.506, "precision": 0.506, "recall": 1.0, "f1": 0.67198, "auc": 0.41568}
{"epoch": 39, "time_epoch": 4.65307, "eta": 322.76991, "eta_hours": 0.08966, "loss": 0.69354449, "lr": 0.00066937, "params": 6183, "time_iter": 0.03722, "accuracy": 0.476, "precision": 0.48711, "recall": 0.67194, "f1": 0.56478, "auc": 0.47011}
{"epoch": 40, "time_epoch": 4.68423, "eta": 316.38991, "eta_hours": 0.08789, "loss": 0.69363709, "lr": 0.00065451, "params": 6183, "time_iter": 0.03747, "accuracy": 0.506, "precision": 0.506, "recall": 1.0, "f1": 0.67198, "auc": 0.43525}
{"epoch": 41, "time_epoch": 4.69156, "eta": 310.10078, "eta_hours": 0.08614, "loss": 0.693456, "lr": 0.0006395, "params": 6183, "time_iter": 0.03753, "accuracy": 0.506, "precision": 0.506, "recall": 1.0, "f1": 0.67198, "auc": 0.43675}
{"epoch": 42, "time_epoch": 4.69284, "eta": 303.88764, "eta_hours": 0.08441, "loss": 0.69349168, "lr": 0.00062434, "params": 6183, "time_iter": 0.03754, "accuracy": 0.472, "precision": 0.48136, "recall": 0.56126, "f1": 0.51825, "auc": 0.45003}
{"epoch": 43, "time_epoch": 4.67602, "eta": 297.7222, "eta_hours": 0.0827, "loss": 0.69352862, "lr": 0.00060907, "params": 6183, "time_iter": 0.03741, "accuracy": 0.488, "precision": 0.49691, "recall": 0.95257, "f1": 0.65312, "auc": 0.44998}
{"epoch": 44, "time_epoch": 4.67188, "eta": 291.6179, "eta_hours": 0.081, "loss": 0.69339981, "lr": 0.00059369, "params": 6183, "time_iter": 0.03738, "accuracy": 0.506, "precision": 0.506, "recall": 1.0, "f1": 0.67198, "auc": 0.44538}
{"epoch": 45, "time_epoch": 4.67346, "eta": 285.57773, "eta_hours": 0.07933, "loss": 0.69332628, "lr": 0.00057822, "params": 6183, "time_iter": 0.03739, "accuracy": 0.506, "precision": 0.506, "recall": 1.0, "f1": 0.67198, "auc": 0.45053}
{"epoch": 46, "time_epoch": 4.6843, "eta": 279.60795, "eta_hours": 0.07767, "loss": 0.69341155, "lr": 0.00056267, "params": 6183, "time_iter": 0.03747, "accuracy": 0.506, "precision": 0.506, "recall": 1.0, "f1": 0.67198, "auc": 0.45633}
{"epoch": 47, "time_epoch": 4.81567, "eta": 273.83405, "eta_hours": 0.07607, "loss": 0.69345539, "lr": 0.00054705, "params": 6183, "time_iter": 0.03853, "accuracy": 0.506, "precision": 0.506, "recall": 1.0, "f1": 0.67198, "auc": 0.44152}
{"epoch": 48, "time_epoch": 5.42095, "eta": 268.72924, "eta_hours": 0.07465, "loss": 0.69353737, "lr": 0.0005314, "params": 6183, "time_iter": 0.04337, "accuracy": 0.506, "precision": 0.506, "recall": 1.0, "f1": 0.67198, "auc": 0.44777}
{"epoch": 49, "time_epoch": 5.44769, "eta": 263.63853, "eta_hours": 0.07323, "loss": 0.69325289, "lr": 0.00051571, "params": 6183, "time_iter": 0.04358, "accuracy": 0.506, "precision": 0.506, "recall": 1.0, "f1": 0.67198, "auc": 0.46732}
{"epoch": 50, "time_epoch": 5.43517, "eta": 258.52179, "eta_hours": 0.07181, "loss": 0.69334716, "lr": 0.0005, "params": 6183, "time_iter": 0.04348, "accuracy": 0.506, "precision": 0.506, "recall": 1.0, "f1": 0.67198, "auc": 0.44937}
{"epoch": 51, "time_epoch": 5.46914, "eta": 253.42416, "eta_hours": 0.0704, "loss": 0.69354649, "lr": 0.00048429, "params": 6183, "time_iter": 0.04375, "accuracy": 0.506, "precision": 0.506, "recall": 1.0, "f1": 0.67198, "auc": 0.41656}
{"epoch": 52, "time_epoch": 5.46437, "eta": 248.30828, "eta_hours": 0.06897, "loss": 0.69332961, "lr": 0.0004686, "params": 6183, "time_iter": 0.04371, "accuracy": 0.506, "precision": 0.506, "recall": 1.0, "f1": 0.67198, "auc": 0.44109}
{"epoch": 53, "time_epoch": 5.47674, "eta": 243.19003, "eta_hours": 0.06755, "loss": 0.69335373, "lr": 0.00045295, "params": 6183, "time_iter": 0.04381, "accuracy": 0.506, "precision": 0.506, "recall": 1.0, "f1": 0.67198, "auc": 0.44977}
{"epoch": 54, "time_epoch": 5.44122, "eta": 238.02968, "eta_hours": 0.06612, "loss": 0.6934771, "lr": 0.00043733, "params": 6183, "time_iter": 0.04353, "accuracy": 0.506, "precision": 0.506, "recall": 1.0, "f1": 0.67198, "auc": 0.43928}
{"epoch": 55, "time_epoch": 5.43119, "eta": 232.85143, "eta_hours": 0.06468, "loss": 0.69322419, "lr": 0.00042178, "params": 6183, "time_iter": 0.04345, "accuracy": 0.506, "precision": 0.506, "recall": 1.0, "f1": 0.67198, "auc": 0.46714}
{"epoch": 56, "time_epoch": 5.45235, "eta": 227.68026, "eta_hours": 0.06324, "loss": 0.69323641, "lr": 0.00040631, "params": 6183, "time_iter": 0.04362, "accuracy": 0.506, "precision": 0.506, "recall": 1.0, "f1": 0.67198, "auc": 0.46359}
{"epoch": 57, "time_epoch": 5.43725, "eta": 222.48846, "eta_hours": 0.0618, "loss": 0.69337886, "lr": 0.00039093, "params": 6183, "time_iter": 0.0435, "accuracy": 0.506, "precision": 0.506, "recall": 1.0, "f1": 0.67198, "auc": 0.4433}
{"epoch": 58, "time_epoch": 5.45148, "eta": 217.29822, "eta_hours": 0.06036, "loss": 0.69327967, "lr": 0.00037566, "params": 6183, "time_iter": 0.04361, "accuracy": 0.506, "precision": 0.506, "recall": 1.0, "f1": 0.67198, "auc": 0.45091}
{"epoch": 59, "time_epoch": 5.44841, "eta": 212.09723, "eta_hours": 0.05892, "loss": 0.69323963, "lr": 0.0003605, "params": 6183, "time_iter": 0.04359, "accuracy": 0.506, "precision": 0.506, "recall": 1.0, "f1": 0.67198, "auc": 0.459}
{"epoch": 60, "time_epoch": 5.4443, "eta": 206.88551, "eta_hours": 0.05747, "loss": 0.69318584, "lr": 0.00034549, "params": 6183, "time_iter": 0.04355, "accuracy": 0.506, "precision": 0.506, "recall": 1.0, "f1": 0.67198, "auc": 0.46146}
{"epoch": 61, "time_epoch": 5.47277, "eta": 201.68373, "eta_hours": 0.05602, "loss": 0.69323571, "lr": 0.00033063, "params": 6183, "time_iter": 0.04378, "accuracy": 0.506, "precision": 0.506, "recall": 1.0, "f1": 0.67198, "auc": 0.43174}
{"epoch": 62, "time_epoch": 5.4714, "eta": 196.47254, "eta_hours": 0.05458, "loss": 0.69316039, "lr": 0.00031594, "params": 6183, "time_iter": 0.04377, "accuracy": 0.506, "precision": 0.506, "recall": 1.0, "f1": 0.67198, "auc": 0.4335}
{"epoch": 63, "time_epoch": 5.45018, "eta": 191.24129, "eta_hours": 0.05312, "loss": 0.6932917, "lr": 0.00030143, "params": 6183, "time_iter": 0.0436, "accuracy": 0.506, "precision": 0.506, "recall": 1.0, "f1": 0.67198, "auc": 0.46312}
{"epoch": 64, "time_epoch": 5.44792, "eta": 186.00208, "eta_hours": 0.05167, "loss": 0.69322268, "lr": 0.00028711, "params": 6183, "time_iter": 0.04358, "accuracy": 0.506, "precision": 0.506, "recall": 1.0, "f1": 0.67198, "auc": 0.46354}
{"epoch": 65, "time_epoch": 5.45895, "eta": 180.76223, "eta_hours": 0.05021, "loss": 0.69333395, "lr": 0.000273, "params": 6183, "time_iter": 0.04367, "accuracy": 0.506, "precision": 0.506, "recall": 1.0, "f1": 0.67198, "auc": 0.43379}
{"epoch": 66, "time_epoch": 5.45628, "eta": 175.51452, "eta_hours": 0.04875, "loss": 0.69317439, "lr": 0.00025912, "params": 6183, "time_iter": 0.04365, "accuracy": 0.506, "precision": 0.506, "recall": 1.0, "f1": 0.67198, "auc": 0.45436}
{"epoch": 67, "time_epoch": 5.45436, "eta": 170.25978, "eta_hours": 0.04729, "loss": 0.69337322, "lr": 0.00024548, "params": 6183, "time_iter": 0.04363, "accuracy": 0.506, "precision": 0.506, "recall": 1.0, "f1": 0.67198, "auc": 0.43665}
{"epoch": 68, "time_epoch": 5.4451, "eta": 164.99508, "eta_hours": 0.04583, "loss": 0.69318572, "lr": 0.00023209, "params": 6183, "time_iter": 0.04356, "accuracy": 0.506, "precision": 0.506, "recall": 1.0, "f1": 0.67198, "auc": 0.42145}
{"epoch": 69, "time_epoch": 5.44399, "eta": 159.72476, "eta_hours": 0.04437, "loss": 0.6931742, "lr": 0.00021896, "params": 6183, "time_iter": 0.04355, "accuracy": 0.506, "precision": 0.506, "recall": 1.0, "f1": 0.67198, "auc": 0.45065}
{"epoch": 70, "time_epoch": 5.45933, "eta": 154.45581, "eta_hours": 0.0429, "loss": 0.69323552, "lr": 0.00020611, "params": 6183, "time_iter": 0.04367, "accuracy": 0.506, "precision": 0.506, "recall": 1.0, "f1": 0.67198, "auc": 0.43174}
{"epoch": 71, "time_epoch": 5.45608, "eta": 149.18032, "eta_hours": 0.04144, "loss": 0.69338022, "lr": 0.00019355, "params": 6183, "time_iter": 0.04365, "accuracy": 0.506, "precision": 0.506, "recall": 1.0, "f1": 0.67198, "auc": 0.43927}
{"epoch": 72, "time_epoch": 5.45804, "eta": 143.90059, "eta_hours": 0.03997, "loss": 0.69324821, "lr": 0.00018129, "params": 6183, "time_iter": 0.04366, "accuracy": 0.506, "precision": 0.506, "recall": 1.0, "f1": 0.67198, "auc": 0.45006}
{"epoch": 73, "time_epoch": 5.4485, "eta": 138.6127, "eta_hours": 0.0385, "loss": 0.69329122, "lr": 0.00016934, "params": 6183, "time_iter": 0.04359, "accuracy": 0.506, "precision": 0.506, "recall": 1.0, "f1": 0.67198, "auc": 0.43495}
{"epoch": 74, "time_epoch": 5.45257, "eta": 133.32188, "eta_hours": 0.03703, "loss": 0.69314489, "lr": 0.00015773, "params": 6183, "time_iter": 0.04362, "accuracy": 0.506, "precision": 0.506, "recall": 1.0, "f1": 0.67198, "auc": 0.45583}
{"epoch": 75, "time_epoch": 5.45032, "eta": 128.02609, "eta_hours": 0.03556, "loss": 0.69315596, "lr": 0.00014645, "params": 6183, "time_iter": 0.0436, "accuracy": 0.506, "precision": 0.506, "recall": 1.0, "f1": 0.67198, "auc": 0.44708}
{"epoch": 76, "time_epoch": 5.42054, "eta": 122.71739, "eta_hours": 0.03409, "loss": 0.69316193, "lr": 0.00013552, "params": 6183, "time_iter": 0.04336, "accuracy": 0.506, "precision": 0.506, "recall": 1.0, "f1": 0.67198, "auc": 0.45465}
{"epoch": 77, "time_epoch": 5.45014, "eta": 117.41418, "eta_hours": 0.03262, "loss": 0.69313571, "lr": 0.00012494, "params": 6183, "time_iter": 0.0436, "accuracy": 0.506, "precision": 0.506, "recall": 1.0, "f1": 0.67198, "auc": 0.45511}
{"epoch": 78, "time_epoch": 5.46225, "eta": 112.11046, "eta_hours": 0.03114, "loss": 0.69311334, "lr": 0.00011474, "params": 6183, "time_iter": 0.0437, "accuracy": 0.506, "precision": 0.506, "recall": 1.0, "f1": 0.67198, "auc": 0.4239}
{"epoch": 79, "time_epoch": 5.45003, "eta": 106.79973, "eta_hours": 0.02967, "loss": 0.69313041, "lr": 0.00010492, "params": 6183, "time_iter": 0.0436, "accuracy": 0.506, "precision": 0.506, "recall": 1.0, "f1": 0.67198, "auc": 0.42815}
{"epoch": 80, "time_epoch": 5.44874, "eta": 101.48525, "eta_hours": 0.02819, "loss": 0.69313222, "lr": 9.549e-05, "params": 6183, "time_iter": 0.04359, "accuracy": 0.506, "precision": 0.506, "recall": 1.0, "f1": 0.67198, "auc": 0.4485}
{"epoch": 81, "time_epoch": 5.4403, "eta": 96.16565, "eta_hours": 0.02671, "loss": 0.69310703, "lr": 8.646e-05, "params": 6183, "time_iter": 0.04352, "accuracy": 0.506, "precision": 0.506, "recall": 1.0, "f1": 0.67198, "auc": 0.46082}
{"epoch": 82, "time_epoch": 5.46319, "eta": 90.84783, "eta_hours": 0.02524, "loss": 0.69315346, "lr": 7.784e-05, "params": 6183, "time_iter": 0.04371, "accuracy": 0.506, "precision": 0.506, "recall": 1.0, "f1": 0.67198, "auc": 0.43103}
{"epoch": 83, "time_epoch": 5.4485, "eta": 85.52374, "eta_hours": 0.02376, "loss": 0.69309815, "lr": 6.963e-05, "params": 6183, "time_iter": 0.04359, "accuracy": 0.506, "precision": 0.506, "recall": 1.0, "f1": 0.67198, "auc": 0.46521}
{"epoch": 84, "time_epoch": 5.43919, "eta": 80.19509, "eta_hours": 0.02228, "loss": 0.69310339, "lr": 6.185e-05, "params": 6183, "time_iter": 0.04351, "accuracy": 0.506, "precision": 0.506, "recall": 1.0, "f1": 0.67198, "auc": 0.45071}
{"epoch": 85, "time_epoch": 5.48702, "eta": 74.87165, "eta_hours": 0.0208, "loss": 0.69312553, "lr": 5.45e-05, "params": 6183, "time_iter": 0.0439, "accuracy": 0.506, "precision": 0.506, "recall": 1.0, "f1": 0.67198, "auc": 0.40981}
{"epoch": 86, "time_epoch": 5.46199, "eta": 69.54071, "eta_hours": 0.01932, "loss": 0.6931398, "lr": 4.759e-05, "params": 6183, "time_iter": 0.0437, "accuracy": 0.506, "precision": 0.506, "recall": 1.0, "f1": 0.67198, "auc": 0.44177}
{"epoch": 87, "time_epoch": 5.27621, "eta": 64.18146, "eta_hours": 0.01783, "loss": 0.69310077, "lr": 4.112e-05, "params": 6183, "time_iter": 0.04221, "accuracy": 0.506, "precision": 0.506, "recall": 1.0, "f1": 0.67198, "auc": 0.45779}
{"epoch": 88, "time_epoch": 5.45091, "eta": 58.84567, "eta_hours": 0.01635, "loss": 0.69309669, "lr": 3.511e-05, "params": 6183, "time_iter": 0.04361, "accuracy": 0.506, "precision": 0.506, "recall": 1.0, "f1": 0.67198, "auc": 0.45523}
{"epoch": 89, "time_epoch": 5.4466, "eta": 53.50684, "eta_hours": 0.01486, "loss": 0.69309717, "lr": 2.956e-05, "params": 6183, "time_iter": 0.04357, "accuracy": 0.506, "precision": 0.506, "recall": 1.0, "f1": 0.67198, "auc": 0.45843}
{"epoch": 90, "time_epoch": 5.44453, "eta": 48.16544, "eta_hours": 0.01338, "loss": 0.69308607, "lr": 2.447e-05, "params": 6183, "time_iter": 0.04356, "accuracy": 0.506, "precision": 0.506, "recall": 1.0, "f1": 0.67198, "auc": 0.45868}
{"epoch": 91, "time_epoch": 5.4422, "eta": 42.82159, "eta_hours": 0.01189, "loss": 0.6930887, "lr": 1.985e-05, "params": 6183, "time_iter": 0.04354, "accuracy": 0.506, "precision": 0.506, "recall": 1.0, "f1": 0.67198, "auc": 0.44907}
{"epoch": 92, "time_epoch": 5.42072, "eta": 37.47401, "eta_hours": 0.01041, "loss": 0.69308343, "lr": 1.571e-05, "params": 6183, "time_iter": 0.04337, "accuracy": 0.506, "precision": 0.506, "recall": 1.0, "f1": 0.67198, "auc": 0.45048}
{"epoch": 93, "time_epoch": 5.45091, "eta": 32.1268, "eta_hours": 0.00892, "loss": 0.69308743, "lr": 1.204e-05, "params": 6183, "time_iter": 0.04361, "accuracy": 0.506, "precision": 0.506, "recall": 1.0, "f1": 0.67198, "auc": 0.45157}
{"epoch": 94, "time_epoch": 5.46354, "eta": 26.77808, "eta_hours": 0.00744, "loss": 0.69307876, "lr": 8.86e-06, "params": 6183, "time_iter": 0.04371, "accuracy": 0.506, "precision": 0.506, "recall": 1.0, "f1": 0.67198, "auc": 0.4684}
{"epoch": 95, "time_epoch": 5.41438, "eta": 21.42491, "eta_hours": 0.00595, "loss": 0.69307819, "lr": 6.16e-06, "params": 6183, "time_iter": 0.04332, "accuracy": 0.506, "precision": 0.506, "recall": 1.0, "f1": 0.67198, "auc": 0.42315}
{"epoch": 96, "time_epoch": 5.46109, "eta": 16.07193, "eta_hours": 0.00446, "loss": 0.69307698, "lr": 3.94e-06, "params": 6183, "time_iter": 0.04369, "accuracy": 0.506, "precision": 0.506, "recall": 1.0, "f1": 0.67198, "auc": 0.43531}
{"epoch": 97, "time_epoch": 5.45277, "eta": 10.71657, "eta_hours": 0.00298, "loss": 0.69307611, "lr": 2.22e-06, "params": 6183, "time_iter": 0.04362, "accuracy": 0.506, "precision": 0.506, "recall": 1.0, "f1": 0.67198, "auc": 0.45776}
{"epoch": 98, "time_epoch": 6.36568, "eta": 5.36846, "eta_hours": 0.00149, "loss": 0.69307519, "lr": 9.9e-07, "params": 6183, "time_iter": 0.05093, "accuracy": 0.506, "precision": 0.506, "recall": 1.0, "f1": 0.67198, "auc": 0.4713}
{"epoch": 99, "time_epoch": 6.35597, "eta": 0.0, "eta_hours": 0.0, "loss": 0.6930753, "lr": 2.5e-07, "params": 6183, "time_iter": 0.05085, "accuracy": 0.506, "precision": 0.506, "recall": 1.0, "f1": 0.67198, "auc": 0.48913}
