{"epoch": 0, "time_epoch": 25.45237, "eta": 2519.78441, "eta_hours": 0.69994, "loss": 0.69578957, "lr": 0.001, "params": 3845, "time_iter": 2.54524, "accuracy": 0.52, "precision": 0.52, "recall": 1.0, "f1": 0.68421, "auc": 0.51175}
{"epoch": 1, "time_epoch": 24.53257, "eta": 2449.26188, "eta_hours": 0.68035, "loss": 0.69470163, "lr": 0.00099975, "params": 3845, "time_iter": 2.45326, "accuracy": 0.52, "precision": 0.52, "recall": 1.0, "f1": 0.68421, "auc": 0.48024}
{"epoch": 2, "time_epoch": 25.46126, "eta": 2439.42696, "eta_hours": 0.67762, "loss": 0.69365445, "lr": 0.00099901, "params": 3845, "time_iter": 2.54613, "accuracy": 0.52, "precision": 0.52, "recall": 1.0, "f1": 0.68421, "auc": 0.53009}
{"epoch": 3, "time_epoch": 25.96945, "eta": 2433.97541, "eta_hours": 0.6761, "loss": 0.69322415, "lr": 0.00099778, "params": 3845, "time_iter": 2.59694, "accuracy": 0.52, "precision": 0.52, "recall": 1.0, "f1": 0.68421, "auc": 0.52965}
{"epoch": 4, "time_epoch": 24.1812, "eta": 2386.33997, "eta_hours": 0.66287, "loss": 0.69325729, "lr": 0.00099606, "params": 3845, "time_iter": 2.41812, "accuracy": 0.52, "precision": 0.52, "recall": 1.0, "f1": 0.68421, "auc": 0.44249}
{"epoch": 5, "time_epoch": 28.418, "eta": 2412.89919, "eta_hours": 0.67025, "loss": 0.6929638, "lr": 0.00099384, "params": 3845, "time_iter": 2.8418, "accuracy": 0.52, "precision": 0.52, "recall": 1.0, "f1": 0.68421, "auc": 0.44355}
{"epoch": 6, "time_epoch": 24.05059, "eta": 2365.72639, "eta_hours": 0.65715, "loss": 0.6929671, "lr": 0.00099114, "params": 3845, "time_iter": 2.40506, "accuracy": 0.52, "precision": 0.52, "recall": 1.0, "f1": 0.68421, "auc": 0.42842}
{"epoch": 7, "time_epoch": 24.86459, "eta": 2333.69523, "eta_hours": 0.64825, "loss": 0.69261328, "lr": 0.00098796, "params": 3845, "time_iter": 2.48646, "accuracy": 0.52, "precision": 0.52, "recall": 1.0, "f1": 0.68421, "auc": 0.52012}
{"epoch": 8, "time_epoch": 23.0344, "eta": 2284.75131, "eta_hours": 0.63465, "loss": 0.69256484, "lr": 0.00098429, "params": 3845, "time_iter": 2.30344, "accuracy": 0.52, "precision": 0.52, "recall": 1.0, "f1": 0.68421, "auc": 0.44899}
{"epoch": 9, "time_epoch": 23.45317, "eta": 2244.7583, "eta_hours": 0.62354, "loss": 0.69268812, "lr": 0.00098015, "params": 3845, "time_iter": 2.34532, "accuracy": 0.52, "precision": 0.52, "recall": 1.0, "f1": 0.68421, "auc": 0.37749}
{"epoch": 10, "time_epoch": 22.43906, "eta": 2199.56741, "eta_hours": 0.61099, "loss": 0.692588, "lr": 0.00097553, "params": 3845, "time_iter": 2.24391, "accuracy": 0.52, "precision": 0.52, "recall": 1.0, "f1": 0.68421, "auc": 0.44293}
{"epoch": 11, "time_epoch": 22.19622, "eta": 2156.38769, "eta_hours": 0.599, "loss": 0.69257676, "lr": 0.00097044, "params": 3845, "time_iter": 2.21962, "accuracy": 0.52, "precision": 0.52, "recall": 1.0, "f1": 0.68421, "auc": 0.38568}
{"epoch": 12, "time_epoch": 22.19454, "eta": 2116.42494, "eta_hours": 0.5879, "loss": 0.69253553, "lr": 0.00096489, "params": 3845, "time_iter": 2.21945, "accuracy": 0.52, "precision": 0.52, "recall": 1.0, "f1": 0.68421, "auc": 0.49021}
{"epoch": 13, "time_epoch": 21.77801, "eta": 2076.44183, "eta_hours": 0.57679, "loss": 0.69257907, "lr": 0.00095888, "params": 3845, "time_iter": 2.1778, "accuracy": 0.52, "precision": 0.52, "recall": 1.0, "f1": 0.68421, "auc": 0.42352}
{"epoch": 14, "time_epoch": 23.55862, "eta": 2048.9762, "eta_hours": 0.56916, "loss": 0.69243504, "lr": 0.00095241, "params": 3845, "time_iter": 2.35586, "accuracy": 0.52, "precision": 0.52, "recall": 1.0, "f1": 0.68421, "auc": 0.44462}
{"epoch": 15, "time_epoch": 22.56228, "eta": 2016.76816, "eta_hours": 0.56021, "loss": 0.69242148, "lr": 0.0009455, "params": 3845, "time_iter": 2.25623, "accuracy": 0.52, "precision": 0.52, "recall": 1.0, "f1": 0.68421, "auc": 0.41435}
{"epoch": 16, "time_epoch": 22.44067, "eta": 1985.10116, "eta_hours": 0.55142, "loss": 0.6924138, "lr": 0.00093815, "params": 3845, "time_iter": 2.24407, "accuracy": 0.52, "precision": 0.52, "recall": 1.0, "f1": 0.68421, "auc": 0.47276}
{"epoch": 17, "time_epoch": 27.21875, "eta": 1976.2261, "eta_hours": 0.54895, "loss": 0.69239562, "lr": 0.00093037, "params": 3845, "time_iter": 2.72187, "accuracy": 0.52, "precision": 0.52, "recall": 1.0, "f1": 0.68421, "auc": 0.43786}
{"epoch": 18, "time_epoch": 24.28791, "eta": 1952.9255, "eta_hours": 0.54248, "loss": 0.69237345, "lr": 0.00092216, "params": 3845, "time_iter": 2.42879, "accuracy": 0.52, "precision": 0.52, "recall": 1.0, "f1": 0.68421, "auc": 0.48691}
{"epoch": 19, "time_epoch": 24.21232, "eta": 1929.22383, "eta_hours": 0.5359, "loss": 0.69259557, "lr": 0.00091354, "params": 3845, "time_iter": 2.42123, "accuracy": 0.52, "precision": 0.52, "recall": 1.0, "f1": 0.68421, "auc": 0.40385}
{"epoch": 20, "time_epoch": 23.83491, "eta": 1904.05375, "eta_hours": 0.5289, "loss": 0.69234762, "lr": 0.00090451, "params": 3845, "time_iter": 2.38349, "accuracy": 0.52, "precision": 0.52, "recall": 1.0, "f1": 0.68421, "auc": 0.52279}
{"epoch": 21, "time_epoch": 22.72859, "eta": 1875.08262, "eta_hours": 0.52086, "loss": 0.69242546, "lr": 0.00089508, "params": 3845, "time_iter": 2.27286, "accuracy": 0.52, "precision": 0.52, "recall": 1.0, "f1": 0.68421, "auc": 0.44507}
{"epoch": 22, "time_epoch": 22.2364, "eta": 1845.00657, "eta_hours": 0.5125, "loss": 0.6924978, "lr": 0.00088526, "params": 3845, "time_iter": 2.22364, "accuracy": 0.52, "precision": 0.52, "recall": 1.0, "f1": 0.68421, "auc": 0.42085}
{"epoch": 23, "time_epoch": 22.26105, "eta": 1815.66187, "eta_hours": 0.50435, "loss": 0.69246182, "lr": 0.00087506, "params": 3845, "time_iter": 2.2261, "accuracy": 0.52, "precision": 0.52, "recall": 1.0, "f1": 0.68421, "auc": 0.47881}
{"epoch": 24, "time_epoch": 22.36096, "eta": 1787.1836, "eta_hours": 0.49644, "loss": 0.69251451, "lr": 0.00086448, "params": 3845, "time_iter": 2.2361, "accuracy": 0.52, "precision": 0.52, "recall": 1.0, "f1": 0.68421, "auc": 0.44088}
{"epoch": 25, "time_epoch": 22.73158, "eta": 1760.23075, "eta_hours": 0.48895, "loss": 0.69240559, "lr": 0.00085355, "params": 3845, "time_iter": 2.27316, "accuracy": 0.52, "precision": 0.52, "recall": 1.0, "f1": 0.68421, "auc": 0.41052}
{"epoch": 26, "time_epoch": 23.3432, "eta": 1735.2442, "eta_hours": 0.48201, "loss": 0.69249574, "lr": 0.00084227, "params": 3845, "time_iter": 2.33432, "accuracy": 0.52, "precision": 0.52, "recall": 1.0, "f1": 0.68421, "auc": 0.42352}
{"epoch": 27, "time_epoch": 23.66381, "eta": 1711.19947, "eta_hours": 0.47533, "loss": 0.69242421, "lr": 0.00083066, "params": 3845, "time_iter": 2.36638, "accuracy": 0.52, "precision": 0.52, "recall": 1.0, "f1": 0.68421, "auc": 0.43519}
{"epoch": 28, "time_epoch": 23.60759, "eta": 1687.04337, "eta_hours": 0.46862, "loss": 0.69240787, "lr": 0.00081871, "params": 3845, "time_iter": 2.36076, "accuracy": 0.52, "precision": 0.52, "recall": 1.0, "f1": 0.68421, "auc": 0.46991}
{"epoch": 29, "time_epoch": 23.87988, "eta": 1663.55917, "eta_hours": 0.4621, "loss": 0.69249861, "lr": 0.00080645, "params": 3845, "time_iter": 2.38799, "accuracy": 0.52, "precision": 0.52, "recall": 1.0, "f1": 0.68421, "auc": 0.44614}
{"epoch": 30, "time_epoch": 22.72375, "eta": 1637.47614, "eta_hours": 0.45485, "loss": 0.69244674, "lr": 0.00079389, "params": 3845, "time_iter": 2.27238, "accuracy": 0.52, "precision": 0.52, "recall": 1.0, "f1": 0.68421, "auc": 0.43679}
{"epoch": 31, "time_epoch": 25.26689, "eta": 1617.00723, "eta_hours": 0.44917, "loss": 0.69238539, "lr": 0.00078104, "params": 3845, "time_iter": 2.52669, "accuracy": 0.52, "precision": 0.52, "recall": 1.0, "f1": 0.68421, "auc": 0.50988}
{"epoch": 32, "time_epoch": 21.95381, "eta": 1589.52097, "eta_hours": 0.44153, "loss": 0.69239514, "lr": 0.00076791, "params": 3845, "time_iter": 2.19538, "accuracy": 0.52, "precision": 0.52, "recall": 1.0, "f1": 0.68421, "auc": 0.49751}
{"epoch": 33, "time_epoch": 21.79869, "eta": 1562.05904, "eta_hours": 0.43391, "loss": 0.6925373, "lr": 0.00075452, "params": 3845, "time_iter": 2.17987, "accuracy": 0.52, "precision": 0.52, "recall": 1.0, "f1": 0.68421, "auc": 0.42325}
{"epoch": 34, "time_epoch": 38.28997, "eta": 1565.54738, "eta_hours": 0.43487, "loss": 0.692373, "lr": 0.00074088, "params": 3845, "time_iter": 3.829, "accuracy": 0.52, "precision": 0.52, "recall": 1.0, "f1": 0.68421, "auc": 0.4002}
{"epoch": 35, "time_epoch": 37.4329, "eta": 1565.19103, "eta_hours": 0.43478, "loss": 0.69245722, "lr": 0.000727, "params": 3845, "time_iter": 3.74329, "accuracy": 0.52, "precision": 0.52, "recall": 1.0, "f1": 0.68421, "auc": 0.42423}
{"epoch": 36, "time_epoch": 24.8969, "eta": 1541.48546, "eta_hours": 0.42819, "loss": 0.69242444, "lr": 0.00071289, "params": 3845, "time_iter": 2.48969, "accuracy": 0.52, "precision": 0.52, "recall": 1.0, "f1": 0.68421, "auc": 0.44436}
{"epoch": 37, "time_epoch": 32.9187, "eta": 1530.80538, "eta_hours": 0.42522, "loss": 0.69254289, "lr": 0.00069857, "params": 3845, "time_iter": 3.29187, "accuracy": 0.52, "precision": 0.52, "recall": 1.0, "f1": 0.68421, "auc": 0.33672}
{"epoch": 38, "time_epoch": 25.06096, "eta": 1506.69454, "eta_hours": 0.41853, "loss": 0.6923853, "lr": 0.00068406, "params": 3845, "time_iter": 2.5061, "accuracy": 0.52, "precision": 0.52, "recall": 1.0, "f1": 0.68421, "auc": 0.45201}
{"epoch": 39, "time_epoch": 23.87052, "eta": 1480.75054, "eta_hours": 0.41132, "loss": 0.69238986, "lr": 0.00066937, "params": 3845, "time_iter": 2.38705, "accuracy": 0.52, "precision": 0.52, "recall": 1.0, "f1": 0.68421, "auc": 0.46234}
{"epoch": 40, "time_epoch": 24.75463, "eta": 1456.17994, "eta_hours": 0.40449, "loss": 0.69233081, "lr": 0.00065451, "params": 3845, "time_iter": 2.47546, "accuracy": 0.52, "precision": 0.52, "recall": 1.0, "f1": 0.68421, "auc": 0.5252}
{"epoch": 41, "time_epoch": 22.80614, "eta": 1428.90981, "eta_hours": 0.39692, "loss": 0.6923672, "lr": 0.0006395, "params": 3845, "time_iter": 2.28061, "accuracy": 0.52, "precision": 0.52, "recall": 1.0, "f1": 0.68421, "auc": 0.45041}
{"epoch": 42, "time_epoch": 22.82744, "eta": 1401.87554, "eta_hours": 0.38941, "loss": 0.69239852, "lr": 0.00062434, "params": 3845, "time_iter": 2.28274, "accuracy": 0.52, "precision": 0.52, "recall": 1.0, "f1": 0.68421, "auc": 0.40625}
{"epoch": 43, "time_epoch": 23.91865, "eta": 1376.42131, "eta_hours": 0.38234, "loss": 0.69247943, "lr": 0.00060907, "params": 3845, "time_iter": 2.39187, "accuracy": 0.52, "precision": 0.52, "recall": 1.0, "f1": 0.68421, "auc": 0.42548}
{"epoch": 44, "time_epoch": 23.15896, "eta": 1350.10681, "eta_hours": 0.37503, "loss": 0.69243095, "lr": 0.00059369, "params": 3845, "time_iter": 2.3159, "accuracy": 0.52, "precision": 0.52, "recall": 1.0, "f1": 0.68421, "auc": 0.39227}
{"epoch": 45, "time_epoch": 22.57274, "eta": 1323.24134, "eta_hours": 0.36757, "loss": 0.69242925, "lr": 0.00057822, "params": 3845, "time_iter": 2.25727, "accuracy": 0.52, "precision": 0.52, "recall": 1.0, "f1": 0.68421, "auc": 0.4026}
{"epoch": 46, "time_epoch": 22.94892, "eta": 1296.98274, "eta_hours": 0.36027, "loss": 0.69237437, "lr": 0.00056267, "params": 3845, "time_iter": 2.29489, "accuracy": 0.52, "precision": 0.52, "recall": 1.0, "f1": 0.68421, "auc": 0.41132}
{"epoch": 47, "time_epoch": 22.5559, "eta": 1270.43627, "eta_hours": 0.3529, "loss": 0.69237952, "lr": 0.00054705, "params": 3845, "time_iter": 2.25559, "accuracy": 0.52, "precision": 0.52, "recall": 1.0, "f1": 0.68421, "auc": 0.4505}
{"epoch": 48, "time_epoch": 22.0123, "eta": 1243.4869, "eta_hours": 0.34541, "loss": 0.69259788, "lr": 0.0005314, "params": 3845, "time_iter": 2.20123, "accuracy": 0.52, "precision": 0.52, "recall": 1.0, "f1": 0.68421, "auc": 0.37019}
{"epoch": 49, "time_epoch": 22.26171, "eta": 1216.98442, "eta_hours": 0.33805, "loss": 0.6923521, "lr": 0.00051571, "params": 3845, "time_iter": 2.22617, "accuracy": 0.52, "precision": 0.52, "recall": 1.0, "f1": 0.68421, "auc": 0.52618}
{"epoch": 50, "time_epoch": 22.76621, "eta": 1191.13295, "eta_hours": 0.33087, "loss": 0.6923952, "lr": 0.0005, "params": 3845, "time_iter": 2.27662, "accuracy": 0.52, "precision": 0.52, "recall": 1.0, "f1": 0.68421, "auc": 0.47952}
{"epoch": 51, "time_epoch": 22.1107, "eta": 1164.79507, "eta_hours": 0.32355, "loss": 0.6923823, "lr": 0.00048429, "params": 3845, "time_iter": 2.21107, "accuracy": 0.52, "precision": 0.52, "recall": 1.0, "f1": 0.68421, "auc": 0.43189}
{"epoch": 52, "time_epoch": 22.75187, "eta": 1139.18529, "eta_hours": 0.31644, "loss": 0.6923659, "lr": 0.0004686, "params": 3845, "time_iter": 2.27519, "accuracy": 0.52, "precision": 0.52, "recall": 1.0, "f1": 0.68421, "auc": 0.46697}
{"epoch": 53, "time_epoch": 22.021, "eta": 1113.05876, "eta_hours": 0.30918, "loss": 0.69240421, "lr": 0.00045295, "params": 3845, "time_iter": 2.2021, "accuracy": 0.52, "precision": 0.52, "recall": 1.0, "f1": 0.68421, "auc": 0.43661}
{"epoch": 54, "time_epoch": 21.73105, "eta": 1086.8443, "eta_hours": 0.3019, "loss": 0.69238148, "lr": 0.00043733, "params": 3845, "time_iter": 2.17311, "accuracy": 0.52, "precision": 0.52, "recall": 1.0, "f1": 0.68421, "auc": 0.42325}
{"epoch": 55, "time_epoch": 21.769, "eta": 1060.81977, "eta_hours": 0.29467, "loss": 0.69240378, "lr": 0.00042178, "params": 3845, "time_iter": 2.1769, "accuracy": 0.52, "precision": 0.52, "recall": 1.0, "f1": 0.68421, "auc": 0.46813}
{"epoch": 56, "time_epoch": 23.28773, "eta": 1036.09026, "eta_hours": 0.2878, "loss": 0.69237329, "lr": 0.00040631, "params": 3845, "time_iter": 2.32877, "accuracy": 0.52, "precision": 0.52, "recall": 1.0, "f1": 0.68421, "auc": 0.43305}
{"epoch": 57, "time_epoch": 22.86229, "eta": 1011.1024, "eta_hours": 0.28086, "loss": 0.69238332, "lr": 0.00039093, "params": 3845, "time_iter": 2.28623, "accuracy": 0.52, "precision": 0.52, "recall": 1.0, "f1": 0.68421, "auc": 0.43697}
{"epoch": 58, "time_epoch": 21.99021, "eta": 985.58057, "eta_hours": 0.27377, "loss": 0.69237317, "lr": 0.00037566, "params": 3845, "time_iter": 2.19902, "accuracy": 0.52, "precision": 0.52, "recall": 1.0, "f1": 0.68421, "auc": 0.44275}
{"epoch": 59, "time_epoch": 22.6641, "eta": 960.62571, "eta_hours": 0.26684, "loss": 0.69236812, "lr": 0.0003605, "params": 3845, "time_iter": 2.26641, "accuracy": 0.52, "precision": 0.52, "recall": 1.0, "f1": 0.68421, "auc": 0.46403}
{"epoch": 60, "time_epoch": 22.6298, "eta": 935.72404, "eta_hours": 0.25992, "loss": 0.6924268, "lr": 0.00034549, "params": 3845, "time_iter": 2.26298, "accuracy": 0.52, "precision": 0.52, "recall": 1.0, "f1": 0.68421, "auc": 0.43572}
{"epoch": 61, "time_epoch": 22.61942, "eta": 910.8893, "eta_hours": 0.25302, "loss": 0.69236993, "lr": 0.00033063, "params": 3845, "time_iter": 2.26194, "accuracy": 0.52, "precision": 0.52, "recall": 1.0, "f1": 0.68421, "auc": 0.42735}
{"epoch": 62, "time_epoch": 23.07874, "eta": 886.39464, "eta_hours": 0.24622, "loss": 0.69235691, "lr": 0.00031594, "params": 3845, "time_iter": 2.30787, "accuracy": 0.52, "precision": 0.52, "recall": 1.0, "f1": 0.68421, "auc": 0.51006}
{"epoch": 63, "time_epoch": 24.22916, "eta": 862.59133, "eta_hours": 0.23961, "loss": 0.69244103, "lr": 0.00030143, "params": 3845, "time_iter": 2.42292, "accuracy": 0.52, "precision": 0.52, "recall": 1.0, "f1": 0.68421, "auc": 0.4164}
{"epoch": 64, "time_epoch": 22.62171, "eta": 837.90938, "eta_hours": 0.23275, "loss": 0.69237606, "lr": 0.00028711, "params": 3845, "time_iter": 2.26217, "accuracy": 0.52, "precision": 0.52, "recall": 1.0, "f1": 0.68421, "auc": 0.45272}
{"epoch": 65, "time_epoch": 23.04112, "eta": 813.50591, "eta_hours": 0.22597, "loss": 0.69235999, "lr": 0.000273, "params": 3845, "time_iter": 2.30411, "accuracy": 0.52, "precision": 0.52, "recall": 1.0, "f1": 0.68421, "auc": 0.45014}
{"epoch": 66, "time_epoch": 21.82771, "eta": 788.54546, "eta_hours": 0.21904, "loss": 0.69237114, "lr": 0.00025912, "params": 3845, "time_iter": 2.18277, "accuracy": 0.52, "precision": 0.52, "recall": 1.0, "f1": 0.68421, "auc": 0.40028}
{"epoch": 67, "time_epoch": 21.87516, "eta": 763.69949, "eta_hours": 0.21214, "loss": 0.69236165, "lr": 0.00024548, "params": 3845, "time_iter": 2.18752, "accuracy": 0.52, "precision": 0.52, "recall": 1.0, "f1": 0.68421, "auc": 0.44996}
{"epoch": 68, "time_epoch": 27.229, "eta": 741.34496, "eta_hours": 0.20593, "loss": 0.69237437, "lr": 0.00023209, "params": 3845, "time_iter": 2.7229, "accuracy": 0.52, "precision": 0.52, "recall": 1.0, "f1": 0.68421, "auc": 0.42646}
{"epoch": 69, "time_epoch": 21.59565, "eta": 716.43688, "eta_hours": 0.19901, "loss": 0.69235447, "lr": 0.00021896, "params": 3845, "time_iter": 2.15957, "accuracy": 0.52, "precision": 0.52, "recall": 1.0, "f1": 0.68421, "auc": 0.45495}
{"epoch": 70, "time_epoch": 22.04439, "eta": 691.80539, "eta_hours": 0.19217, "loss": 0.6923632, "lr": 0.00020611, "params": 3845, "time_iter": 2.20444, "accuracy": 0.52, "precision": 0.52, "recall": 1.0, "f1": 0.68421, "auc": 0.4375}
{"epoch": 71, "time_epoch": 23.10714, "eta": 667.65906, "eta_hours": 0.18546, "loss": 0.69235887, "lr": 0.00019355, "params": 3845, "time_iter": 2.31071, "accuracy": 0.52, "precision": 0.52, "recall": 1.0, "f1": 0.68421, "auc": 0.4424}
{"epoch": 72, "time_epoch": 25.2922, "eta": 644.34937, "eta_hours": 0.17899, "loss": 0.69235922, "lr": 0.00018129, "params": 3845, "time_iter": 2.52922, "accuracy": 0.52, "precision": 0.52, "recall": 1.0, "f1": 0.68421, "auc": 0.4359}
{"epoch": 73, "time_epoch": 26.90006, "eta": 621.55103, "eta_hours": 0.17265, "loss": 0.69236511, "lr": 0.00016934, "params": 3845, "time_iter": 2.69001, "accuracy": 0.52, "precision": 0.52, "recall": 1.0, "f1": 0.68421, "auc": 0.39307}
{"epoch": 74, "time_epoch": 22.00528, "eta": 597.01171, "eta_hours": 0.16584, "loss": 0.69236803, "lr": 0.00015773, "params": 3845, "time_iter": 2.20053, "accuracy": 0.52, "precision": 0.52, "recall": 1.0, "f1": 0.68421, "auc": 0.42219}
{"epoch": 75, "time_epoch": 21.36473, "eta": 572.3368, "eta_hours": 0.15898, "loss": 0.69237151, "lr": 0.00014645, "params": 3845, "time_iter": 2.13647, "accuracy": 0.52, "precision": 0.52, "recall": 1.0, "f1": 0.68421, "auc": 0.46083}
{"epoch": 76, "time_epoch": 21.49201, "eta": 547.78588, "eta_hours": 0.15216, "loss": 0.69236053, "lr": 0.00013552, "params": 3845, "time_iter": 2.1492, "accuracy": 0.52, "precision": 0.52, "recall": 1.0, "f1": 0.68421, "auc": 0.3929}
{"epoch": 77, "time_epoch": 27.07607, "eta": 524.88839, "eta_hours": 0.1458, "loss": 0.69235084, "lr": 0.00012494, "params": 3845, "time_iter": 2.70761, "accuracy": 0.52, "precision": 0.52, "recall": 1.0, "f1": 0.68421, "auc": 0.47623}
{"epoch": 78, "time_epoch": 28.79199, "eta": 502.34125, "eta_hours": 0.13954, "loss": 0.69237672, "lr": 0.00011474, "params": 3845, "time_iter": 2.8792, "accuracy": 0.52, "precision": 0.52, "recall": 1.0, "f1": 0.68421, "auc": 0.44685}
{"epoch": 79, "time_epoch": 29.0, "eta": 479.68998, "eta_hours": 0.13325, "loss": 0.69236421, "lr": 0.00010492, "params": 3845, "time_iter": 2.9, "accuracy": 0.52, "precision": 0.52, "recall": 1.0, "f1": 0.68421, "auc": 0.40198}
{"epoch": 80, "time_epoch": 28.90973, "eta": 456.86078, "eta_hours": 0.12691, "loss": 0.6923736, "lr": 9.549e-05, "params": 3845, "time_iter": 2.89097, "accuracy": 0.52, "precision": 0.52, "recall": 1.0, "f1": 0.68421, "auc": 0.39931}
{"epoch": 81, "time_epoch": 29.02646, "eta": 433.9089, "eta_hours": 0.12053, "loss": 0.69237962, "lr": 8.646e-05, "params": 3845, "time_iter": 2.90265, "accuracy": 0.52, "precision": 0.52, "recall": 1.0, "f1": 0.68421, "auc": 0.34152}
{"epoch": 82, "time_epoch": 29.25151, "eta": 410.85674, "eta_hours": 0.11413, "loss": 0.69234979, "lr": 7.784e-05, "params": 3845, "time_iter": 2.92515, "accuracy": 0.52, "precision": 0.52, "recall": 1.0, "f1": 0.68421, "auc": 0.44533}
{"epoch": 83, "time_epoch": 28.90953, "eta": 387.59184, "eta_hours": 0.10766, "loss": 0.69235748, "lr": 6.963e-05, "params": 3845, "time_iter": 2.89095, "accuracy": 0.52, "precision": 0.52, "recall": 1.0, "f1": 0.68421, "auc": 0.43928}
{"epoch": 84, "time_epoch": 28.76705, "eta": 364.16898, "eta_hours": 0.10116, "loss": 0.69234711, "lr": 6.185e-05, "params": 3845, "time_iter": 2.8767, "accuracy": 0.52, "precision": 0.52, "recall": 1.0, "f1": 0.68421, "auc": 0.5138}
{"epoch": 85, "time_epoch": 28.99707, "eta": 340.65928, "eta_hours": 0.09463, "loss": 0.6923575, "lr": 5.45e-05, "params": 3845, "time_iter": 2.89971, "accuracy": 0.52, "precision": 0.52, "recall": 1.0, "f1": 0.68421, "auc": 0.43705}
{"epoch": 86, "time_epoch": 28.78648, "eta": 316.99196, "eta_hours": 0.08805, "loss": 0.69234838, "lr": 4.759e-05, "params": 3845, "time_iter": 2.87865, "accuracy": 0.52, "precision": 0.52, "recall": 1.0, "f1": 0.68421, "auc": 0.48442}
{"epoch": 87, "time_epoch": 28.86677, "eta": 293.21925, "eta_hours": 0.08145, "loss": 0.69235261, "lr": 4.112e-05, "params": 3845, "time_iter": 2.88668, "accuracy": 0.52, "precision": 0.52, "recall": 1.0, "f1": 0.68421, "auc": 0.44151}
{"epoch": 88, "time_epoch": 28.73063, "eta": 269.31524, "eta_hours": 0.07481, "loss": 0.6923542, "lr": 3.511e-05, "params": 3845, "time_iter": 2.87306, "accuracy": 0.52, "precision": 0.52, "recall": 1.0, "f1": 0.68421, "auc": 0.42201}
{"epoch": 89, "time_epoch": 29.19503, "eta": 245.35558, "eta_hours": 0.06815, "loss": 0.69236106, "lr": 2.956e-05, "params": 3845, "time_iter": 2.9195, "accuracy": 0.52, "precision": 0.52, "recall": 1.0, "f1": 0.68421, "auc": 0.38034}
{"epoch": 90, "time_epoch": 28.52803, "eta": 221.21488, "eta_hours": 0.06145, "loss": 0.69234853, "lr": 2.447e-05, "params": 3845, "time_iter": 2.8528, "accuracy": 0.52, "precision": 0.52, "recall": 1.0, "f1": 0.68421, "auc": 0.49822}
{"epoch": 91, "time_epoch": 28.72062, "eta": 196.99555, "eta_hours": 0.05472, "loss": 0.69234901, "lr": 1.985e-05, "params": 3845, "time_iter": 2.87206, "accuracy": 0.52, "precision": 0.52, "recall": 1.0, "f1": 0.68421, "auc": 0.43821}
{"epoch": 92, "time_epoch": 29.0712, "eta": 172.70581, "eta_hours": 0.04797, "loss": 0.69235399, "lr": 1.571e-05, "params": 3845, "time_iter": 2.90712, "accuracy": 0.52, "precision": 0.52, "recall": 1.0, "f1": 0.68421, "auc": 0.39058}
{"epoch": 93, "time_epoch": 29.83379, "eta": 148.36301, "eta_hours": 0.04121, "loss": 0.69234912, "lr": 1.204e-05, "params": 3845, "time_iter": 2.98338, "accuracy": 0.52, "precision": 0.52, "recall": 1.0, "f1": 0.68421, "auc": 0.43901}
{"epoch": 94, "time_epoch": 28.75412, "eta": 123.84779, "eta_hours": 0.0344, "loss": 0.69234911, "lr": 8.86e-06, "params": 3845, "time_iter": 2.87541, "accuracy": 0.52, "precision": 0.52, "recall": 1.0, "f1": 0.68421, "auc": 0.42058}
{"epoch": 95, "time_epoch": 29.38906, "eta": 99.27071, "eta_hours": 0.02758, "loss": 0.69234875, "lr": 6.16e-06, "params": 3845, "time_iter": 2.93891, "accuracy": 0.52, "precision": 0.52, "recall": 1.0, "f1": 0.68421, "auc": 0.44249}
{"epoch": 96, "time_epoch": 28.87342, "eta": 74.57847, "eta_hours": 0.02072, "loss": 0.69234828, "lr": 3.94e-06, "params": 3845, "time_iter": 2.88734, "accuracy": 0.52, "precision": 0.52, "recall": 1.0, "f1": 0.68421, "auc": 0.45379}
{"epoch": 97, "time_epoch": 28.9073, "eta": 49.80159, "eta_hours": 0.01383, "loss": 0.69234716, "lr": 2.22e-06, "params": 3845, "time_iter": 2.89073, "accuracy": 0.52, "precision": 0.52, "recall": 1.0, "f1": 0.68421, "auc": 0.58681}
{"epoch": 98, "time_epoch": 28.70282, "eta": 24.9392, "eta_hours": 0.00693, "loss": 0.69234869, "lr": 9.9e-07, "params": 3845, "time_iter": 2.87028, "accuracy": 0.52, "precision": 0.52, "recall": 1.0, "f1": 0.68421, "auc": 0.39307}
{"epoch": 99, "time_epoch": 28.91652, "eta": 0.0, "eta_hours": 0.0, "loss": 0.69234763, "lr": 2.5e-07, "params": 3845, "time_iter": 2.89165, "accuracy": 0.52, "precision": 0.52, "recall": 1.0, "f1": 0.68421, "auc": 0.52911}
