{"epoch": 0, "time_epoch": 2.37532, "time_epoch_std": 0.03146, "eta": 235.15717, "eta_std": 3.11456, "eta_hours": 0.06532, "eta_hours_std": 0.00086, "loss": 0.70053, "loss_std": 0.00861, "lr": 0.001, "lr_std": 0.0, "params": 6295.0, "params_std": 0.0, "time_iter": 0.06251, "time_iter_std": 0.00083, "accuracy": 0.49333, "accuracy_std": 0.01633, "accuracy_max": 0.52, "precision": 0.25676, "precision_std": 0.2568, "recall": 0.48077, "recall_std": 0.48154, "f1": 0.33469, "f1_std": 0.33485, "auc": 0.42755, "auc_std": 0.07094}
