{"epoch": 0, "time_epoch": 2.37532, "time_epoch_std": 0.03146, "eta": 235.15717, "eta_std": 3.11456, "eta_hours": 0.06532, "eta_hours_std": 0.00086, "loss": 0.70053, "loss_std": 0.00861, "lr": 0.001, "lr_std": 0.0, "params": 6295.0, "params_std": 0.0, "time_iter": 0.06251, "time_iter_std": 0.00083, "accuracy": 0.49333, "accuracy_std": 0.01633, "accuracy_max": 0.52, "precision": 0.25676, "precision_std": 0.2568, "recall": 0.48077, "recall_std": 0.48154, "f1": 0.33469, "f1_std": 0.33485, "auc": 0.42755, "auc_std": 0.07094}
{"epoch": 1, "time_epoch": 2.4557, "time_epoch_std": 0.0313, "eta": 236.72039, "eta_std": 2.98849, "eta_hours": 0.06576, "eta_hours_std": 0.00083, "loss": 0.69678, "loss_std": 0.00467, "lr": 0.001, "lr_std": 0.0, "params": 6295.0, "params_std": 0.0, "time_iter": 0.06462, "time_iter_std": 0.00082, "accuracy": 0.5, "accuracy_std": 0.02, "accuracy_max": 0.52, "precision": 0.26, "precision_std": 0.26, "recall": 0.5, "recall_std": 0.5, "f1": 0.3421, "f1_std": 0.3421, "auc": 0.45602, "auc_std": 0.04422}
{"epoch": 2, "time_epoch": 1.57957, "time_epoch_std": 0.0347, "eta": 207.27591, "eta_std": 3.07097, "eta_hours": 0.05758, "eta_hours_std": 0.00085, "loss": 0.69449, "loss_std": 0.00242, "lr": 0.001, "lr_std": 0.0, "params": 6295.0, "params_std": 0.0, "time_iter": 0.04157, "time_iter_std": 0.00091, "accuracy": 0.50333, "accuracy_std": 0.01732, "accuracy_max": 0.52, "precision": 0.38681, "precision_std": 0.22339, "recall": 0.72436, "recall_std": 0.4203, "f1": 0.50414, "f1_std": 0.29144, "auc": 0.44429, "auc_std": 0.05133}
{"epoch": 3, "time_epoch": 1.7131, "time_epoch_std": 0.03087, "eta": 194.96864, "eta_std": 2.73956, "eta_hours": 0.05416, "eta_hours_std": 0.00076, "loss": 0.69439, "loss_std": 0.0011, "lr": 0.001, "lr_std": 0.0, "params": 6295.0, "params_std": 0.0, "time_iter": 0.04508, "time_iter_std": 0.00081, "accuracy": 0.46667, "accuracy_std": 0.07118, "accuracy_max": 0.52, "precision": 0.3419, "precision_std": 0.21245, "recall": 0.5609, "recall_std": 0.44747, "f1": 0.41196, "f1_std": 0.28962, "auc": 0.39744, "auc_std": 0.01056}
{"epoch": 4, "time_epoch": 1.71307, "time_epoch_std": 0.02898, "eta": 186.89845, "eta_std": 2.65877, "eta_hours": 0.05192, "eta_hours_std": 0.00074, "loss": 0.69346, "loss_std": 0.00034, "lr": 0.001, "lr_std": 0.0, "params": 6295.0, "params_std": 0.0, "time_iter": 0.04508, "time_iter_std": 0.00076, "accuracy": 0.51, "accuracy_std": 0.01732, "accuracy_max": 0.52, "precision": 0.515, "precision_std": 0.00866, "recall": 0.92628, "recall_std": 0.12768, "f1": 0.65944, "f1_std": 0.04291, "auc": 0.41268, "auc_std": 0.03095}
{"epoch": 5, "time_epoch": 1.71263, "time_epoch_std": 0.03136, "eta": 180.94046, "eta_std": 2.63608, "eta_hours": 0.05026, "eta_hours_std": 0.00073, "loss": 0.69293, "loss_std": 0.00017, "lr": 0.00099, "lr_std": 0.0, "params": 6295.0, "params_std": 0.0, "time_iter": 0.04507, "time_iter_std": 0.00083, "accuracy": 0.52, "accuracy_std": 0.0, "accuracy_max": 0.52, "precision": 0.52, "precision_std": 0.0, "recall": 1.0, "recall_std": 0.0, "f1": 0.68421, "f1_std": 0.0, "auc": 0.41282, "auc_std": 0.03071}
{"epoch": 6, "time_epoch": 1.71909, "time_epoch_std": 0.02997, "eta": 176.28133, "eta_std": 2.53921, "eta_hours": 0.04897, "eta_hours_std": 0.0007, "loss": 0.69328, "loss_std": 0.00037, "lr": 0.00099, "lr_std": 0.0, "params": 6295.0, "params_std": 0.0, "time_iter": 0.04524, "time_iter_std": 0.00079, "accuracy": 0.52, "accuracy_std": 0.0, "accuracy_max": 0.52, "precision": 0.52, "precision_std": 0.0, "recall": 1.0, "recall_std": 0.0, "f1": 0.68421, "f1_std": 0.0, "auc": 0.41059, "auc_std": 0.01329}
{"epoch": 7, "time_epoch": 1.71745, "time_epoch_std": 0.0341, "eta": 172.33831, "eta_std": 2.51196, "eta_hours": 0.04788, "eta_hours_std": 0.0007, "loss": 0.69279, "loss_std": 0.00014, "lr": 0.00099, "lr_std": 0.0, "params": 6295.0, "params_std": 0.0, "time_iter": 0.0452, "time_iter_std": 0.0009, "accuracy": 0.52, "accuracy_std": 0.0, "accuracy_max": 0.52, "precision": 0.52, "precision_std": 0.0, "recall": 1.0, "recall_std": 0.0, "f1": 0.68421, "f1_std": 0.0, "auc": 0.42023, "auc_std": 0.04341}
{"epoch": 8, "time_epoch": 1.71547, "time_epoch_std": 0.05766, "eta": 168.86978, "eta_std": 2.7298, "eta_hours": 0.04691, "eta_hours_std": 0.00076, "loss": 0.69295, "loss_std": 0.00045, "lr": 0.00098, "lr_std": 0.0, "params": 6295.0, "params_std": 0.0, "time_iter": 0.04514, "time_iter_std": 0.00152, "accuracy": 0.52, "accuracy_std": 0.0, "accuracy_max": 0.52, "precision": 0.52, "precision_std": 0.0, "recall": 1.0, "recall_std": 0.0, "f1": 0.68421, "f1_std": 0.0, "auc": 0.43122, "auc_std": 0.01739}
{"epoch": 9, "time_epoch": 1.70777, "time_epoch_std": 0.06821, "eta": 165.68259, "eta_std": 3.00586, "eta_hours": 0.04602, "eta_hours_std": 0.00083, "loss": 0.6931, "loss_std": 0.00032, "lr": 0.00098, "lr_std": 0.0, "params": 6295.0, "params_std": 0.0, "time_iter": 0.04494, "time_iter_std": 0.00179, "accuracy": 0.52, "accuracy_std": 0.0, "accuracy_max": 0.52, "precision": 0.52, "precision_std": 0.0, "recall": 1.0, "recall_std": 0.0, "f1": 0.68421, "f1_std": 0.0, "auc": 0.40836, "auc_std": 0.00851}
{"epoch": 10, "time_epoch": 1.71075, "time_epoch_std": 0.06832, "eta": 162.78848, "eta_std": 3.22854, "eta_hours": 0.04522, "eta_hours_std": 0.0009, "loss": 0.69288, "loss_std": 0.00014, "lr": 0.00098, "lr_std": 0.0, "params": 6295.0, "params_std": 0.0, "time_iter": 0.04502, "time_iter_std": 0.00179, "accuracy": 0.52, "accuracy_std": 0.0, "accuracy_max": 0.52, "precision": 0.52, "precision_std": 0.0, "recall": 1.0, "recall_std": 0.0, "f1": 0.68421, "f1_std": 0.0, "auc": 0.42532, "auc_std": 0.01068}
{"epoch": 11, "time_epoch": 1.70202, "time_epoch_std": 0.05985, "eta": 160.02761, "eta_std": 3.34885, "eta_hours": 0.04445, "eta_hours_std": 0.00093, "loss": 0.69305, "loss_std": 0.00017, "lr": 0.00097, "lr_std": 0.0, "params": 6295.0, "params_std": 0.0, "time_iter": 0.04479, "time_iter_std": 0.00158, "accuracy": 0.52, "accuracy_std": 0.0, "accuracy_max": 0.52, "precision": 0.52, "precision_std": 0.0, "recall": 1.0, "recall_std": 0.0, "f1": 0.68421, "f1_std": 0.0, "auc": 0.40618, "auc_std": 0.00969}
{"epoch": 12, "time_epoch": 1.70541, "time_epoch_std": 0.0582, "eta": 157.45232, "eta_std": 3.41554, "eta_hours": 0.04374, "eta_hours_std": 0.00095, "loss": 0.6939, "loss_std": 0.00136, "lr": 0.00096, "lr_std": 0.0, "params": 6295.0, "params_std": 0.0, "time_iter": 0.04488, "time_iter_std": 0.00153, "accuracy": 0.52, "accuracy_std": 0.0, "accuracy_max": 0.52, "precision": 0.52, "precision_std": 0.0, "recall": 1.0, "recall_std": 0.0, "f1": 0.68421, "f1_std": 0.0, "auc": 0.38377, "auc_std": 0.04145}
{"epoch": 13, "time_epoch": 1.7047, "time_epoch_std": 0.06152, "eta": 154.99694, "eta_std": 3.50626, "eta_hours": 0.04306, "eta_hours_std": 0.00097, "loss": 0.69325, "loss_std": 0.00048, "lr": 0.00096, "lr_std": 0.0, "params": 6295.0, "params_std": 0.0, "time_iter": 0.04486, "time_iter_std": 0.00162, "accuracy": 0.52, "accuracy_std": 0.0, "accuracy_max": 0.52, "precision": 0.52, "precision_std": 0.0, "recall": 1.0, "recall_std": 0.0, "f1": 0.68421, "f1_std": 0.0, "auc": 0.42299, "auc_std": 0.02259}
{"epoch": 14, "time_epoch": 1.70212, "time_epoch_std": 0.06828, "eta": 152.62705, "eta_std": 3.61618, "eta_hours": 0.0424, "eta_hours_std": 0.001, "loss": 0.69272, "loss_std": 0.0002, "lr": 0.00095, "lr_std": 0.0, "params": 6295.0, "params_std": 0.0, "time_iter": 0.04479, "time_iter_std": 0.0018, "accuracy": 0.52, "accuracy_std": 0.0, "accuracy_max": 0.52, "precision": 0.52, "precision_std": 0.0, "recall": 1.0, "recall_std": 0.0, "f1": 0.68421, "f1_std": 0.0, "auc": 0.43899, "auc_std": 0.04572}
{"epoch": 15, "time_epoch": 1.70433, "time_epoch_std": 0.0625, "eta": 150.3522, "eta_std": 3.6672, "eta_hours": 0.04176, "eta_hours_std": 0.00102, "loss": 0.69281, "loss_std": 0.00024, "lr": 0.00095, "lr_std": 0.0, "params": 6295.0, "params_std": 0.0, "time_iter": 0.04485, "time_iter_std": 0.00165, "accuracy": 0.52, "accuracy_std": 0.0, "accuracy_max": 0.52, "precision": 0.52, "precision_std": 0.0, "recall": 1.0, "recall_std": 0.0, "f1": 0.68421, "f1_std": 0.0, "auc": 0.3943, "auc_std": 0.02346}
{"epoch": 16, "time_epoch": 1.70297, "time_epoch_std": 0.06152, "eta": 148.13783, "eta_std": 3.71007, "eta_hours": 0.04115, "eta_hours_std": 0.00103, "loss": 0.69293, "loss_std": 0.00028, "lr": 0.00094, "lr_std": 0.0, "params": 6295.0, "params_std": 0.0, "time_iter": 0.04481, "time_iter_std": 0.00162, "accuracy": 0.52, "accuracy_std": 0.0, "accuracy_max": 0.52, "precision": 0.52, "precision_std": 0.0, "recall": 1.0, "recall_std": 0.0, "f1": 0.68421, "f1_std": 0.0, "auc": 0.4233, "auc_std": 0.01139}
{"epoch": 17, "time_epoch": 1.70626, "time_epoch_std": 0.06456, "eta": 145.99528, "eta_std": 3.75305, "eta_hours": 0.04055, "eta_hours_std": 0.00104, "loss": 0.69292, "loss_std": 0.00025, "lr": 0.00093, "lr_std": 0.0, "params": 6295.0, "params_std": 0.0, "time_iter": 0.0449, "time_iter_std": 0.0017, "accuracy": 0.52, "accuracy_std": 0.0, "accuracy_max": 0.52, "precision": 0.52, "precision_std": 0.0, "recall": 1.0, "recall_std": 0.0, "f1": 0.68421, "f1_std": 0.0, "auc": 0.41809, "auc_std": 0.02386}
{"epoch": 18, "time_epoch": 1.70455, "time_epoch_std": 0.06825, "eta": 143.89136, "eta_std": 3.80188, "eta_hours": 0.03997, "eta_hours_std": 0.00106, "loss": 0.69333, "loss_std": 0.00087, "lr": 0.00092, "lr_std": 0.0, "params": 6295.0, "params_std": 0.0, "time_iter": 0.04485, "time_iter_std": 0.0018, "accuracy": 0.52, "accuracy_std": 0.0, "accuracy_max": 0.52, "precision": 0.52, "precision_std": 0.0, "recall": 1.0, "recall_std": 0.0, "f1": 0.68421, "f1_std": 0.0, "auc": 0.40799, "auc_std": 0.03602}
{"epoch": 19, "time_epoch": 1.70544, "time_epoch_std": 0.05506, "eta": 141.83093, "eta_std": 3.77656, "eta_hours": 0.0394, "eta_hours_std": 0.00105, "loss": 0.69275, "loss_std": 0.00021, "lr": 0.00091, "lr_std": 0.0, "params": 6295.0, "params_std": 0.0, "time_iter": 0.04488, "time_iter_std": 0.00145, "accuracy": 0.52, "accuracy_std": 0.0, "accuracy_max": 0.52, "precision": 0.52, "precision_std": 0.0, "recall": 1.0, "recall_std": 0.0, "f1": 0.68421, "f1_std": 0.0, "auc": 0.41802, "auc_std": 0.03326}
{"epoch": 20, "time_epoch": 1.70175, "time_epoch_std": 0.05074, "eta": 139.79043, "eta_std": 3.74196, "eta_hours": 0.03883, "eta_hours_std": 0.00104, "loss": 0.69291, "loss_std": 0.00034, "lr": 0.0009, "lr_std": 0.0, "params": 6295.0, "params_std": 0.0, "time_iter": 0.04478, "time_iter_std": 0.00134, "accuracy": 0.52, "accuracy_std": 0.0, "accuracy_max": 0.52, "precision": 0.52, "precision_std": 0.0, "recall": 1.0, "recall_std": 0.0, "f1": 0.68421, "f1_std": 0.0, "auc": 0.41994, "auc_std": 0.01247}
{"epoch": 21, "time_epoch": 1.70224, "time_epoch_std": 0.05811, "eta": 137.78247, "eta_std": 3.72986, "eta_hours": 0.03827, "eta_hours_std": 0.00104, "loss": 0.69268, "loss_std": 0.00011, "lr": 0.0009, "lr_std": 0.0, "params": 6295.0, "params_std": 0.0, "time_iter": 0.04479, "time_iter_std": 0.00153, "accuracy": 0.52, "accuracy_std": 0.0, "accuracy_max": 0.52, "precision": 0.52, "precision_std": 0.0, "recall": 1.0, "recall_std": 0.0, "f1": 0.68421, "f1_std": 0.0, "auc": 0.41326, "auc_std": 0.03947}
{"epoch": 22, "time_epoch": 1.69916, "time_epoch_std": 0.06312, "eta": 135.79078, "eta_std": 3.732, "eta_hours": 0.03772, "eta_hours_std": 0.00104, "loss": 0.69276, "loss_std": 0.00015, "lr": 0.00089, "lr_std": 0.0, "params": 6295.0, "params_std": 0.0, "time_iter": 0.04472, "time_iter_std": 0.00166, "accuracy": 0.52, "accuracy_std": 0.0, "accuracy_max": 0.52, "precision": 0.52, "precision_std": 0.0, "recall": 1.0, "recall_std": 0.0, "f1": 0.68421, "f1_std": 0.0, "auc": 0.41099, "auc_std": 0.02499}
{"epoch": 23, "time_epoch": 1.70334, "time_epoch_std": 0.05954, "eta": 133.83673, "eta_std": 3.71696, "eta_hours": 0.03718, "eta_hours_std": 0.00103, "loss": 0.69305, "loss_std": 0.00046, "lr": 0.00088, "lr_std": 0.0, "params": 6295.0, "params_std": 0.0, "time_iter": 0.04482, "time_iter_std": 0.00157, "accuracy": 0.52, "accuracy_std": 0.0, "accuracy_max": 0.52, "precision": 0.52, "precision_std": 0.0, "recall": 1.0, "recall_std": 0.0, "f1": 0.68421, "f1_std": 0.0, "auc": 0.40616, "auc_std": 0.02487}
{"epoch": 24, "time_epoch": 1.69672, "time_epoch_std": 0.04839, "eta": 131.88285, "eta_std": 3.66297, "eta_hours": 0.03664, "eta_hours_std": 0.00102, "loss": 0.69274, "loss_std": 0.00022, "lr": 0.00086, "lr_std": 0.0, "params": 6295.0, "params_std": 0.0, "time_iter": 0.04465, "time_iter_std": 0.00127, "accuracy": 0.52, "accuracy_std": 0.0, "accuracy_max": 0.52, "precision": 0.52, "precision_std": 0.0, "recall": 1.0, "recall_std": 0.0, "f1": 0.68421, "f1_std": 0.0, "auc": 0.43098, "auc_std": 0.02082}
{"epoch": 25, "time_epoch": 1.70486, "time_epoch_std": 0.06556, "eta": 129.9719, "eta_std": 3.6612, "eta_hours": 0.0361, "eta_hours_std": 0.00102, "loss": 0.69291, "loss_std": 0.00018, "lr": 0.00085, "lr_std": 0.0, "params": 6295.0, "params_std": 0.0, "time_iter": 0.04486, "time_iter_std": 0.00172, "accuracy": 0.52, "accuracy_std": 0.0, "accuracy_max": 0.52, "precision": 0.52, "precision_std": 0.0, "recall": 1.0, "recall_std": 0.0, "f1": 0.68421, "f1_std": 0.0, "auc": 0.40767, "auc_std": 0.02568}
{"epoch": 26, "time_epoch": 1.69712, "time_epoch_std": 0.05576, "eta": 128.05531, "eta_std": 3.62599, "eta_hours": 0.03557, "eta_hours_std": 0.00101, "loss": 0.69295, "loss_std": 0.00024, "lr": 0.00084, "lr_std": 0.0, "params": 6295.0, "params_std": 0.0, "time_iter": 0.04466, "time_iter_std": 0.00147, "accuracy": 0.52, "accuracy_std": 0.0, "accuracy_max": 0.52, "precision": 0.52, "precision_std": 0.0, "recall": 1.0, "recall_std": 0.0, "f1": 0.68421, "f1_std": 0.0, "auc": 0.41782, "auc_std": 0.01394}
{"epoch": 27, "time_epoch": 1.7014, "time_epoch_std": 0.05223, "eta": 126.16542, "eta_std": 3.58085, "eta_hours": 0.03504, "eta_hours_std": 0.00099, "loss": 0.69253, "loss_std": 7e-05, "lr": 0.00083, "lr_std": 0.0, "params": 6295.0, "params_std": 0.0, "time_iter": 0.04478, "time_iter_std": 0.00138, "accuracy": 0.52, "accuracy_std": 0.0, "accuracy_max": 0.52, "precision": 0.52, "precision_std": 0.0, "recall": 1.0, "recall_std": 0.0, "f1": 0.68421, "f1_std": 0.0, "auc": 0.42708, "auc_std": 0.03768}
{"epoch": 28, "time_epoch": 1.70264, "time_epoch_std": 0.05898, "eta": 124.29154, "eta_std": 3.55329, "eta_hours": 0.03452, "eta_hours_std": 0.00099, "loss": 0.6928, "loss_std": 0.00011, "lr": 0.00082, "lr_std": 0.0, "params": 6295.0, "params_std": 0.0, "time_iter": 0.0448, "time_iter_std": 0.00155, "accuracy": 0.52, "accuracy_std": 0.0, "accuracy_max": 0.52, "precision": 0.52, "precision_std": 0.0, "recall": 1.0, "recall_std": 0.0, "f1": 0.68421, "f1_std": 0.0, "auc": 0.4016, "auc_std": 0.03212}
{"epoch": 29, "time_epoch": 1.7008, "time_epoch_std": 0.05889, "eta": 122.42478, "eta_std": 3.52358, "eta_hours": 0.03401, "eta_hours_std": 0.00098, "loss": 0.69272, "loss_std": 0.00015, "lr": 0.00081, "lr_std": 0.0, "params": 6295.0, "params_std": 0.0, "time_iter": 0.04476, "time_iter_std": 0.00155, "accuracy": 0.52, "accuracy_std": 0.0, "accuracy_max": 0.52, "precision": 0.52, "precision_std": 0.0, "recall": 1.0, "recall_std": 0.0, "f1": 0.68421, "f1_std": 0.0, "auc": 0.39641, "auc_std": 0.01937}
{"epoch": 30, "time_epoch": 1.6963, "time_epoch_std": 0.05174, "eta": 120.55871, "eta_std": 3.4753, "eta_hours": 0.03349, "eta_hours_std": 0.00096, "loss": 0.69335, "loss_std": 0.0009, "lr": 0.00079, "lr_std": 0.0, "params": 6295.0, "params_std": 0.0, "time_iter": 0.04464, "time_iter_std": 0.00136, "accuracy": 0.52, "accuracy_std": 0.0, "accuracy_max": 0.52, "precision": 0.52, "precision_std": 0.0, "recall": 1.0, "recall_std": 0.0, "f1": 0.68421, "f1_std": 0.0, "auc": 0.38762, "auc_std": 0.02835}
{"epoch": 31, "time_epoch": 1.69726, "time_epoch_std": 0.06082, "eta": 118.70531, "eta_std": 3.44651, "eta_hours": 0.03297, "eta_hours_std": 0.00096, "loss": 0.6928, "loss_std": 0.00021, "lr": 0.00078, "lr_std": 0.0, "params": 6295.0, "params_std": 0.0, "time_iter": 0.04467, "time_iter_std": 0.0016, "accuracy": 0.52, "accuracy_std": 0.0, "accuracy_max": 0.52, "precision": 0.52, "precision_std": 0.0, "recall": 1.0, "recall_std": 0.0, "f1": 0.68421, "f1_std": 0.0, "auc": 0.41192, "auc_std": 0.02762}
{"epoch": 32, "time_epoch": 1.70509, "time_epoch_std": 0.06425, "eta": 116.87727, "eta_std": 3.42334, "eta_hours": 0.03246, "eta_hours_std": 0.00095, "loss": 0.69287, "loss_std": 0.00023, "lr": 0.00077, "lr_std": 0.0, "params": 6295.0, "params_std": 0.0, "time_iter": 0.04487, "time_iter_std": 0.00169, "accuracy": 0.52, "accuracy_std": 0.0, "accuracy_max": 0.52, "precision": 0.52, "precision_std": 0.0, "recall": 1.0, "recall_std": 0.0, "f1": 0.68421, "f1_std": 0.0, "auc": 0.41077, "auc_std": 0.0211}
{"epoch": 33, "time_epoch": 1.70917, "time_epoch_std": 0.05993, "eta": 115.06438, "eta_std": 3.38682, "eta_hours": 0.03196, "eta_hours_std": 0.00094, "loss": 0.69319, "loss_std": 0.00035, "lr": 0.00075, "lr_std": 0.0, "params": 6295.0, "params_std": 0.0, "time_iter": 0.04498, "time_iter_std": 0.00158, "accuracy": 0.52, "accuracy_std": 0.0, "accuracy_max": 0.52, "precision": 0.52, "precision_std": 0.0, "recall": 1.0, "recall_std": 0.0, "f1": 0.68421, "f1_std": 0.0, "auc": 0.40545, "auc_std": 0.01131}
{"epoch": 34, "time_epoch": 1.69884, "time_epoch_std": 0.05358, "eta": 113.23822, "eta_std": 3.33839, "eta_hours": 0.03145, "eta_hours_std": 0.00093, "loss": 0.6928, "loss_std": 0.0002, "lr": 0.00074, "lr_std": 0.0, "params": 6295.0, "params_std": 0.0, "time_iter": 0.04471, "time_iter_std": 0.00141, "accuracy": 0.52, "accuracy_std": 0.0, "accuracy_max": 0.52, "precision": 0.52, "precision_std": 0.0, "recall": 1.0, "recall_std": 0.0, "f1": 0.68421, "f1_std": 0.0, "auc": 0.41544, "auc_std": 0.01721}
{"epoch": 35, "time_epoch": 1.69564, "time_epoch_std": 0.05634, "eta": 111.41345, "eta_std": 3.29405, "eta_hours": 0.03095, "eta_hours_std": 0.00091, "loss": 0.69258, "loss_std": 0.00012, "lr": 0.00073, "lr_std": 0.0, "params": 6295.0, "params_std": 0.0, "time_iter": 0.04462, "time_iter_std": 0.00148, "accuracy": 0.52, "accuracy_std": 0.0, "accuracy_max": 0.52, "precision": 0.52, "precision_std": 0.0, "recall": 1.0, "recall_std": 0.0, "f1": 0.68421, "f1_std": 0.0, "auc": 0.4331, "auc_std": 0.01992}
{"epoch": 36, "time_epoch": 1.69806, "time_epoch_std": 0.053, "eta": 109.59978, "eta_std": 3.24391, "eta_hours": 0.03045, "eta_hours_std": 0.0009, "loss": 0.69287, "loss_std": 0.00044, "lr": 0.00071, "lr_std": 0.0, "params": 6295.0, "params_std": 0.0, "time_iter": 0.04469, "time_iter_std": 0.00139, "accuracy": 0.52, "accuracy_std": 0.0, "accuracy_max": 0.52, "precision": 0.52, "precision_std": 0.0, "recall": 1.0, "recall_std": 0.0, "f1": 0.68421, "f1_std": 0.0, "auc": 0.4135, "auc_std": 0.04605}
{"epoch": 37, "time_epoch": 1.70658, "time_epoch_std": 0.05071, "eta": 107.80611, "eta_std": 3.19023, "eta_hours": 0.02994, "eta_hours_std": 0.00089, "loss": 0.69277, "loss_std": 0.00023, "lr": 0.0007, "lr_std": 0.0, "params": 6295.0, "params_std": 0.0, "time_iter": 0.04491, "time_iter_std": 0.00134, "accuracy": 0.52, "accuracy_std": 0.0, "accuracy_max": 0.52, "precision": 0.52, "precision_std": 0.0, "recall": 1.0, "recall_std": 0.0, "f1": 0.68421, "f1_std": 0.0, "auc": 0.40427, "auc_std": 0.03049}
{"epoch": 38, "time_epoch": 1.69954, "time_epoch_std": 0.05589, "eta": 106.00588, "eta_std": 3.14337, "eta_hours": 0.02945, "eta_hours_std": 0.00087, "loss": 0.69256, "loss_std": 0.00016, "lr": 0.00068, "lr_std": 0.0, "params": 6295.0, "params_std": 0.0, "time_iter": 0.04472, "time_iter_std": 0.00147, "accuracy": 0.52, "accuracy_std": 0.0, "accuracy_max": 0.52, "precision": 0.52, "precision_std": 0.0, "recall": 1.0, "recall_std": 0.0, "f1": 0.68421, "f1_std": 0.0, "auc": 0.4401, "auc_std": 0.0255}
{"epoch": 39, "time_epoch": 1.7019, "time_epoch_std": 0.05574, "eta": 104.21422, "eta_std": 3.0966, "eta_hours": 0.02895, "eta_hours_std": 0.00086, "loss": 0.69268, "loss_std": 0.00016, "lr": 0.00067, "lr_std": 0.0, "params": 6295.0, "params_std": 0.0, "time_iter": 0.04479, "time_iter_std": 0.00147, "accuracy": 0.52, "accuracy_std": 0.0, "accuracy_max": 0.52, "precision": 0.52, "precision_std": 0.0, "recall": 1.0, "recall_std": 0.0, "f1": 0.68421, "f1_std": 0.0, "auc": 0.41716, "auc_std": 0.01725}
{"epoch": 40, "time_epoch": 1.69846, "time_epoch_std": 0.05122, "eta": 102.422, "eta_std": 3.04311, "eta_hours": 0.02845, "eta_hours_std": 0.00084, "loss": 0.69271, "loss_std": 0.00034, "lr": 0.00065, "lr_std": 0.0, "params": 6295.0, "params_std": 0.0, "time_iter": 0.0447, "time_iter_std": 0.00135, "accuracy": 0.52, "accuracy_std": 0.0, "accuracy_max": 0.52, "precision": 0.52, "precision_std": 0.0, "recall": 1.0, "recall_std": 0.0, "f1": 0.68421, "f1_std": 0.0, "auc": 0.42486, "auc_std": 0.02874}
{"epoch": 41, "time_epoch": 1.69889, "time_epoch_std": 0.05423, "eta": 100.63483, "eta_std": 2.99435, "eta_hours": 0.02796, "eta_hours_std": 0.00083, "loss": 0.69266, "loss_std": 0.00011, "lr": 0.00064, "lr_std": 0.0, "params": 6295.0, "params_std": 0.0, "time_iter": 0.04471, "time_iter_std": 0.00143, "accuracy": 0.52, "accuracy_std": 0.0, "accuracy_max": 0.52, "precision": 0.52, "precision_std": 0.0, "recall": 1.0, "recall_std": 0.0, "f1": 0.68421, "f1_std": 0.0, "auc": 0.42949, "auc_std": 0.01083}
{"epoch": 42, "time_epoch": 1.69262, "time_epoch_std": 0.0545, "eta": 98.84346, "eta_std": 2.94607, "eta_hours": 0.02746, "eta_hours_std": 0.00082, "loss": 0.69288, "loss_std": 0.00041, "lr": 0.00062, "lr_std": 0.0, "params": 6295.0, "params_std": 0.0, "time_iter": 0.04454, "time_iter_std": 0.00144, "accuracy": 0.52, "accuracy_std": 0.0, "accuracy_max": 0.52, "precision": 0.52, "precision_std": 0.0, "recall": 1.0, "recall_std": 0.0, "f1": 0.68421, "f1_std": 0.0, "auc": 0.40113, "auc_std": 0.00834}
{"epoch": 43, "time_epoch": 1.70336, "time_epoch_std": 0.06077, "eta": 97.07025, "eta_std": 2.90531, "eta_hours": 0.02696, "eta_hours_std": 0.00081, "loss": 0.6926, "loss_std": 0.00016, "lr": 0.00061, "lr_std": 0.0, "params": 6295.0, "params_std": 0.0, "time_iter": 0.04482, "time_iter_std": 0.0016, "accuracy": 0.52, "accuracy_std": 0.0, "accuracy_max": 0.52, "precision": 0.52, "precision_std": 0.0, "recall": 1.0, "recall_std": 0.0, "f1": 0.68421, "f1_std": 0.0, "auc": 0.41992, "auc_std": 0.02722}
{"epoch": 44, "time_epoch": 1.70867, "time_epoch_std": 0.05725, "eta": 95.30663, "eta_std": 2.85996, "eta_hours": 0.02648, "eta_hours_std": 0.00079, "loss": 0.69263, "loss_std": 0.00019, "lr": 0.00059, "lr_std": 0.0, "params": 6295.0, "params_std": 0.0, "time_iter": 0.04496, "time_iter_std": 0.00151, "accuracy": 0.52, "accuracy_std": 0.0, "accuracy_max": 0.52, "precision": 0.52, "precision_std": 0.0, "recall": 1.0, "recall_std": 0.0, "f1": 0.68421, "f1_std": 0.0, "auc": 0.39975, "auc_std": 0.02845}
{"epoch": 45, "time_epoch": 1.69694, "time_epoch_std": 0.05893, "eta": 93.53162, "eta_std": 2.81585, "eta_hours": 0.02598, "eta_hours_std": 0.00078, "loss": 0.69261, "loss_std": 0.0001, "lr": 0.00058, "lr_std": 0.0, "params": 6295.0, "params_std": 0.0, "time_iter": 0.04466, "time_iter_std": 0.00155, "accuracy": 0.52, "accuracy_std": 0.0, "accuracy_max": 0.52, "precision": 0.52, "precision_std": 0.0, "recall": 1.0, "recall_std": 0.0, "f1": 0.68421, "f1_std": 0.0, "auc": 0.42818, "auc_std": 0.01763}
{"epoch": 46, "time_epoch": 1.70661, "time_epoch_std": 0.06374, "eta": 91.77085, "eta_std": 2.77612, "eta_hours": 0.02549, "eta_hours_std": 0.00077, "loss": 0.69256, "loss_std": 9e-05, "lr": 0.00056, "lr_std": 0.0, "params": 6295.0, "params_std": 0.0, "time_iter": 0.04491, "time_iter_std": 0.00168, "accuracy": 0.52, "accuracy_std": 0.0, "accuracy_max": 0.52, "precision": 0.52, "precision_std": 0.0, "recall": 1.0, "recall_std": 0.0, "f1": 0.68421, "f1_std": 0.0, "auc": 0.41945, "auc_std": 0.03525}
{"epoch": 47, "time_epoch": 1.70626, "time_epoch_std": 0.059, "eta": 90.01196, "eta_std": 2.7307, "eta_hours": 0.025, "eta_hours_std": 0.00076, "loss": 0.69281, "loss_std": 0.00022, "lr": 0.00055, "lr_std": 0.0, "params": 6295.0, "params_std": 0.0, "time_iter": 0.0449, "time_iter_std": 0.00155, "accuracy": 0.52, "accuracy_std": 0.0, "accuracy_max": 0.52, "precision": 0.52, "precision_std": 0.0, "recall": 1.0, "recall_std": 0.0, "f1": 0.68421, "f1_std": 0.0, "auc": 0.40632, "auc_std": 0.03484}
{"epoch": 48, "time_epoch": 1.69007, "time_epoch_std": 0.05223, "eta": 88.23836, "eta_std": 2.67673, "eta_hours": 0.02451, "eta_hours_std": 0.00074, "loss": 0.69264, "loss_std": 0.00016, "lr": 0.00053, "lr_std": 0.0, "params": 6295.0, "params_std": 0.0, "time_iter": 0.04448, "time_iter_std": 0.00137, "accuracy": 0.52, "accuracy_std": 0.0, "accuracy_max": 0.52, "precision": 0.52, "precision_std": 0.0, "recall": 1.0, "recall_std": 0.0, "f1": 0.68421, "f1_std": 0.0, "auc": 0.42452, "auc_std": 0.01389}
{"epoch": 49, "time_epoch": 1.69562, "time_epoch_std": 0.05839, "eta": 86.47365, "eta_std": 2.63001, "eta_hours": 0.02402, "eta_hours_std": 0.00073, "loss": 0.69267, "loss_std": 7e-05, "lr": 0.00052, "lr_std": 0.0, "params": 6295.0, "params_std": 0.0, "time_iter": 0.04462, "time_iter_std": 0.00154, "accuracy": 0.52, "accuracy_std": 0.0, "accuracy_max": 0.52, "precision": 0.52, "precision_std": 0.0, "recall": 1.0, "recall_std": 0.0, "f1": 0.68421, "f1_std": 0.0, "auc": 0.38157, "auc_std": 0.0282}
{"epoch": 50, "time_epoch": 1.70495, "time_epoch_std": 0.06675, "eta": 84.72062, "eta_std": 2.59075, "eta_hours": 0.02353, "eta_hours_std": 0.00072, "loss": 0.6926, "loss_std": 8e-05, "lr": 0.0005, "lr_std": 0.0, "params": 6295.0, "params_std": 0.0, "time_iter": 0.04486, "time_iter_std": 0.00176, "accuracy": 0.52, "accuracy_std": 0.0, "accuracy_max": 0.52, "precision": 0.52, "precision_std": 0.0, "recall": 1.0, "recall_std": 0.0, "f1": 0.68421, "f1_std": 0.0, "auc": 0.40992, "auc_std": 0.00883}
{"epoch": 51, "time_epoch": 1.70507, "time_epoch_std": 0.05917, "eta": 82.96954, "eta_std": 2.54334, "eta_hours": 0.02304, "eta_hours_std": 0.00071, "loss": 0.69257, "loss_std": 0.00011, "lr": 0.00048, "lr_std": 0.0, "params": 6295.0, "params_std": 0.0, "time_iter": 0.04487, "time_iter_std": 0.00156, "accuracy": 0.52, "accuracy_std": 0.0, "accuracy_max": 0.52, "precision": 0.52, "precision_std": 0.0, "recall": 1.0, "recall_std": 0.0, "f1": 0.68421, "f1_std": 0.0, "auc": 0.42421, "auc_std": 0.0081}
{"epoch": 52, "time_epoch": 1.69728, "time_epoch_std": 0.05412, "eta": 81.2133, "eta_std": 2.49097, "eta_hours": 0.02256, "eta_hours_std": 0.00069, "loss": 0.69259, "loss_std": 0.0001, "lr": 0.00047, "lr_std": 0.0, "params": 6295.0, "params_std": 0.0, "time_iter": 0.04467, "time_iter_std": 0.00142, "accuracy": 0.52, "accuracy_std": 0.0, "accuracy_max": 0.52, "precision": 0.52, "precision_std": 0.0, "recall": 1.0, "recall_std": 0.0, "f1": 0.68421, "f1_std": 0.0, "auc": 0.40772, "auc_std": 0.01322}
{"epoch": 53, "time_epoch": 1.68252, "time_epoch_std": 0.03023, "eta": 79.44666, "eta_std": 2.41453, "eta_hours": 0.02207, "eta_hours_std": 0.00067, "loss": 0.69272, "loss_std": 0.00016, "lr": 0.00045, "lr_std": 0.0, "params": 6295.0, "params_std": 0.0, "time_iter": 0.04428, "time_iter_std": 0.0008, "accuracy": 0.52, "accuracy_std": 0.0, "accuracy_max": 0.52, "precision": 0.52, "precision_std": 0.0, "recall": 1.0, "recall_std": 0.0, "f1": 0.68421, "f1_std": 0.0, "auc": 0.42998, "auc_std": 0.02156}
{"epoch": 54, "time_epoch": 1.64532, "time_epoch_std": 0.05019, "eta": 77.65265, "eta_std": 2.33611, "eta_hours": 0.02157, "eta_hours_std": 0.00065, "loss": 0.69256, "loss_std": 0.00012, "lr": 0.00044, "lr_std": 0.0, "params": 6295.0, "params_std": 0.0, "time_iter": 0.0433, "time_iter_std": 0.00132, "accuracy": 0.52, "accuracy_std": 0.0, "accuracy_max": 0.52, "precision": 0.52, "precision_std": 0.0, "recall": 1.0, "recall_std": 0.0, "f1": 0.68421, "f1_std": 0.0, "auc": 0.4067, "auc_std": 0.04563}
{"epoch": 55, "time_epoch": 1.67838, "time_epoch_std": 0.03585, "eta": 75.88992, "eta_std": 2.26851, "eta_hours": 0.02108, "eta_hours_std": 0.00063, "loss": 0.6926, "loss_std": 0.0001, "lr": 0.00042, "lr_std": 0.0, "params": 6295.0, "params_std": 0.0, "time_iter": 0.04417, "time_iter_std": 0.00095, "accuracy": 0.52, "accuracy_std": 0.0, "accuracy_max": 0.52, "precision": 0.52, "precision_std": 0.0, "recall": 1.0, "recall_std": 0.0, "f1": 0.68421, "f1_std": 0.0, "auc": 0.41754, "auc_std": 0.01084}
{"epoch": 56, "time_epoch": 1.67839, "time_epoch_std": 0.03072, "eta": 74.13016, "eta_std": 2.19789, "eta_hours": 0.02059, "eta_hours_std": 0.00061, "loss": 0.6925, "loss_std": 3e-05, "lr": 0.00041, "lr_std": 0.0, "params": 6295.0, "params_std": 0.0, "time_iter": 0.04417, "time_iter_std": 0.00081, "accuracy": 0.52, "accuracy_std": 0.0, "accuracy_max": 0.52, "precision": 0.52, "precision_std": 0.0, "recall": 1.0, "recall_std": 0.0, "f1": 0.68421, "f1_std": 0.0, "auc": 0.43701, "auc_std": 0.00885}
{"epoch": 57, "time_epoch": 1.68294, "time_epoch_std": 0.03625, "eta": 72.37649, "eta_std": 2.13188, "eta_hours": 0.0201, "eta_hours_std": 0.00059, "loss": 0.69285, "loss_std": 0.00036, "lr": 0.00039, "lr_std": 0.0, "params": 6295.0, "params_std": 0.0, "time_iter": 0.04429, "time_iter_std": 0.00096, "accuracy": 0.52, "accuracy_std": 0.0, "accuracy_max": 0.52, "precision": 0.52, "precision_std": 0.0, "recall": 1.0, "recall_std": 0.0, "f1": 0.68421, "f1_std": 0.0, "auc": 0.38735, "auc_std": 0.02}
{"epoch": 58, "time_epoch": 1.68539, "time_epoch_std": 0.03915, "eta": 70.62693, "eta_std": 2.06773, "eta_hours": 0.01962, "eta_hours_std": 0.00057, "loss": 0.69253, "loss_std": 5e-05, "lr": 0.00038, "lr_std": 0.0, "params": 6295.0, "params_std": 0.0, "time_iter": 0.04435, "time_iter_std": 0.00103, "accuracy": 0.52, "accuracy_std": 0.0, "accuracy_max": 0.52, "precision": 0.52, "precision_std": 0.0, "recall": 1.0, "recall_std": 0.0, "f1": 0.68421, "f1_std": 0.0, "auc": 0.41932, "auc_std": 0.01218}
{"epoch": 59, "time_epoch": 1.679, "time_epoch_std": 0.0334, "eta": 68.87526, "eta_std": 2.00368, "eta_hours": 0.01913, "eta_hours_std": 0.00056, "loss": 0.69247, "loss_std": 5e-05, "lr": 0.00036, "lr_std": 0.0, "params": 6295.0, "params_std": 0.0, "time_iter": 0.04418, "time_iter_std": 0.00088, "accuracy": 0.52, "accuracy_std": 0.0, "accuracy_max": 0.52, "precision": 0.52, "precision_std": 0.0, "recall": 1.0, "recall_std": 0.0, "f1": 0.68421, "f1_std": 0.0, "auc": 0.43414, "auc_std": 0.02955}
{"epoch": 60, "time_epoch": 1.68212, "time_epoch_std": 0.02948, "eta": 67.12796, "eta_std": 1.93708, "eta_hours": 0.01865, "eta_hours_std": 0.00054, "loss": 0.69255, "loss_std": 0.00012, "lr": 0.00035, "lr_std": 0.0, "params": 6295.0, "params_std": 0.0, "time_iter": 0.04426, "time_iter_std": 0.00078, "accuracy": 0.52, "accuracy_std": 0.0, "accuracy_max": 0.52, "precision": 0.52, "precision_std": 0.0, "recall": 1.0, "recall_std": 0.0, "f1": 0.68421, "f1_std": 0.0, "auc": 0.4263, "auc_std": 0.03095}
{"epoch": 61, "time_epoch": 1.68209, "time_epoch_std": 0.03224, "eta": 65.38274, "eta_std": 1.87413, "eta_hours": 0.01816, "eta_hours_std": 0.00052, "loss": 0.69274, "loss_std": 0.00014, "lr": 0.00033, "lr_std": 0.0, "params": 6295.0, "params_std": 0.0, "time_iter": 0.04426, "time_iter_std": 0.00085, "accuracy": 0.52, "accuracy_std": 0.0, "accuracy_max": 0.52, "precision": 0.52, "precision_std": 0.0, "recall": 1.0, "recall_std": 0.0, "f1": 0.68421, "f1_std": 0.0, "auc": 0.39892, "auc_std": 0.01205}
{"epoch": 62, "time_epoch": 1.68108, "time_epoch_std": 0.032, "eta": 63.63893, "eta_std": 1.81263, "eta_hours": 0.01768, "eta_hours_std": 0.0005, "loss": 0.69262, "loss_std": 0.00011, "lr": 0.00032, "lr_std": 0.0, "params": 6295.0, "params_std": 0.0, "time_iter": 0.04424, "time_iter_std": 0.00084, "accuracy": 0.52, "accuracy_std": 0.0, "accuracy_max": 0.52, "precision": 0.52, "precision_std": 0.0, "recall": 1.0, "recall_std": 0.0, "f1": 0.68421, "f1_std": 0.0, "auc": 0.39959, "auc_std": 0.01774}
{"epoch": 63, "time_epoch": 1.67584, "time_epoch_std": 0.03202, "eta": 61.89414, "eta_std": 1.75236, "eta_hours": 0.01719, "eta_hours_std": 0.00049, "loss": 0.69259, "loss_std": 0.00015, "lr": 0.0003, "lr_std": 0.0, "params": 6295.0, "params_std": 0.0, "time_iter": 0.0441, "time_iter_std": 0.00084, "accuracy": 0.52, "accuracy_std": 0.0, "accuracy_max": 0.52, "precision": 0.52, "precision_std": 0.0, "recall": 1.0, "recall_std": 0.0, "f1": 0.68421, "f1_std": 0.0, "auc": 0.39203, "auc_std": 0.01459}
{"epoch": 64, "time_epoch": 1.67917, "time_epoch_std": 0.03363, "eta": 60.15326, "eta_std": 1.69346, "eta_hours": 0.01671, "eta_hours_std": 0.00047, "loss": 0.69257, "loss_std": 0.00012, "lr": 0.00029, "lr_std": 0.0, "params": 6295.0, "params_std": 0.0, "time_iter": 0.04419, "time_iter_std": 0.00089, "accuracy": 0.52, "accuracy_std": 0.0, "accuracy_max": 0.52, "precision": 0.52, "precision_std": 0.0, "recall": 1.0, "recall_std": 0.0, "f1": 0.68421, "f1_std": 0.0, "auc": 0.40781, "auc_std": 0.04571}
{"epoch": 65, "time_epoch": 1.67798, "time_epoch_std": 0.03446, "eta": 58.41363, "eta_std": 1.63568, "eta_hours": 0.01622, "eta_hours_std": 0.00045, "loss": 0.6925, "loss_std": 4e-05, "lr": 0.00027, "lr_std": 0.0, "params": 6295.0, "params_std": 0.0, "time_iter": 0.04416, "time_iter_std": 0.00091, "accuracy": 0.52, "accuracy_std": 0.0, "accuracy_max": 0.52, "precision": 0.52, "precision_std": 0.0, "recall": 1.0, "recall_std": 0.0, "f1": 0.68421, "f1_std": 0.0, "auc": 0.40498, "auc_std": 0.02751}
{"epoch": 66, "time_epoch": 1.6787, "time_epoch_std": 0.03356, "eta": 56.6762, "eta_std": 1.57875, "eta_hours": 0.01574, "eta_hours_std": 0.00044, "loss": 0.69244, "loss_std": 3e-05, "lr": 0.00026, "lr_std": 0.0, "params": 6295.0, "params_std": 0.0, "time_iter": 0.04418, "time_iter_std": 0.00088, "accuracy": 0.52, "accuracy_std": 0.0, "accuracy_max": 0.52, "precision": 0.52, "precision_std": 0.0, "recall": 1.0, "recall_std": 0.0, "f1": 0.68421, "f1_std": 0.0, "auc": 0.42481, "auc_std": 0.04815}
{"epoch": 67, "time_epoch": 1.67861, "time_epoch_std": 0.03241, "eta": 54.94045, "eta_std": 1.52257, "eta_hours": 0.01526, "eta_hours_std": 0.00042, "loss": 0.69256, "loss_std": 0.0001, "lr": 0.00025, "lr_std": 0.0, "params": 6295.0, "params_std": 0.0, "time_iter": 0.04417, "time_iter_std": 0.00085, "accuracy": 0.52, "accuracy_std": 0.0, "accuracy_max": 0.52, "precision": 0.52, "precision_std": 0.0, "recall": 1.0, "recall_std": 0.0, "f1": 0.68421, "f1_std": 0.0, "auc": 0.38297, "auc_std": 0.0408}
{"epoch": 68, "time_epoch": 1.6767, "time_epoch_std": 0.03521, "eta": 53.20551, "eta_std": 1.468, "eta_hours": 0.01478, "eta_hours_std": 0.00041, "loss": 0.69244, "loss_std": 3e-05, "lr": 0.00023, "lr_std": 0.0, "params": 6295.0, "params_std": 0.0, "time_iter": 0.04412, "time_iter_std": 0.00093, "accuracy": 0.52, "accuracy_std": 0.0, "accuracy_max": 0.52, "precision": 0.52, "precision_std": 0.0, "recall": 1.0, "recall_std": 0.0, "f1": 0.68421, "f1_std": 0.0, "auc": 0.44502, "auc_std": 0.02503}
{"epoch": 69, "time_epoch": 1.67848, "time_epoch_std": 0.03367, "eta": 51.47299, "eta_std": 1.41327, "eta_hours": 0.0143, "eta_hours_std": 0.00039, "loss": 0.69251, "loss_std": 8e-05, "lr": 0.00022, "lr_std": 0.0, "params": 6295.0, "params_std": 0.0, "time_iter": 0.04417, "time_iter_std": 0.00089, "accuracy": 0.52, "accuracy_std": 0.0, "accuracy_max": 0.52, "precision": 0.52, "precision_std": 0.0, "recall": 1.0, "recall_std": 0.0, "f1": 0.68421, "f1_std": 0.0, "auc": 0.41217, "auc_std": 0.01871}
{"epoch": 70, "time_epoch": 1.6754, "time_epoch_std": 0.02908, "eta": 49.74074, "eta_std": 1.35816, "eta_hours": 0.01382, "eta_hours_std": 0.00038, "loss": 0.69247, "loss_std": 7e-05, "lr": 0.00021, "lr_std": 0.0, "params": 6295.0, "params_std": 0.0, "time_iter": 0.04409, "time_iter_std": 0.00076, "accuracy": 0.52, "accuracy_std": 0.0, "accuracy_max": 0.52, "precision": 0.52, "precision_std": 0.0, "recall": 1.0, "recall_std": 0.0, "f1": 0.68421, "f1_std": 0.0, "auc": 0.4233, "auc_std": 0.02467}
{"epoch": 71, "time_epoch": 1.68172, "time_epoch_std": 0.03552, "eta": 48.01252, "eta_std": 1.30533, "eta_hours": 0.01334, "eta_hours_std": 0.00036, "loss": 0.69247, "loss_std": 5e-05, "lr": 0.00019, "lr_std": 0.0, "params": 6295.0, "params_std": 0.0, "time_iter": 0.04426, "time_iter_std": 0.00094, "accuracy": 0.52, "accuracy_std": 0.0, "accuracy_max": 0.52, "precision": 0.52, "precision_std": 0.0, "recall": 1.0, "recall_std": 0.0, "f1": 0.68421, "f1_std": 0.0, "auc": 0.40934, "auc_std": 0.02292}
{"epoch": 72, "time_epoch": 1.68182, "time_epoch_std": 0.02997, "eta": 46.28561, "eta_std": 1.2515, "eta_hours": 0.01286, "eta_hours_std": 0.00035, "loss": 0.6924, "loss_std": 5e-05, "lr": 0.00018, "lr_std": 0.0, "params": 6295.0, "params_std": 0.0, "time_iter": 0.04426, "time_iter_std": 0.00079, "accuracy": 0.52, "accuracy_std": 0.0, "accuracy_max": 0.52, "precision": 0.52, "precision_std": 0.0, "recall": 1.0, "recall_std": 0.0, "f1": 0.68421, "f1_std": 0.0, "auc": 0.43487, "auc_std": 0.04443}
{"epoch": 73, "time_epoch": 1.68067, "time_epoch_std": 0.03427, "eta": 44.55952, "eta_std": 1.19958, "eta_hours": 0.01238, "eta_hours_std": 0.00033, "loss": 0.6925, "loss_std": 6e-05, "lr": 0.00017, "lr_std": 0.0, "params": 6295.0, "params_std": 0.0, "time_iter": 0.04423, "time_iter_std": 0.0009, "accuracy": 0.52, "accuracy_std": 0.0, "accuracy_max": 0.52, "precision": 0.52, "precision_std": 0.0, "recall": 1.0, "recall_std": 0.0, "f1": 0.68421, "f1_std": 0.0, "auc": 0.39728, "auc_std": 0.00502}
{"epoch": 74, "time_epoch": 1.67672, "time_epoch_std": 0.02957, "eta": 42.83332, "eta_std": 1.14722, "eta_hours": 0.0119, "eta_hours_std": 0.00032, "loss": 0.69242, "loss_std": 4e-05, "lr": 0.00016, "lr_std": 0.0, "params": 6295.0, "params_std": 0.0, "time_iter": 0.04412, "time_iter_std": 0.00078, "accuracy": 0.52, "accuracy_std": 0.0, "accuracy_max": 0.52, "precision": 0.52, "precision_std": 0.0, "recall": 1.0, "recall_std": 0.0, "f1": 0.68421, "f1_std": 0.0, "auc": 0.44311, "auc_std": 0.00563}
{"epoch": 75, "time_epoch": 1.67722, "time_epoch_std": 0.02937, "eta": 41.10859, "eta_std": 1.09548, "eta_hours": 0.01142, "eta_hours_std": 0.0003, "loss": 0.69246, "loss_std": 9e-05, "lr": 0.00015, "lr_std": 0.0, "params": 6295.0, "params_std": 0.0, "time_iter": 0.04414, "time_iter_std": 0.00077, "accuracy": 0.52, "accuracy_std": 0.0, "accuracy_max": 0.52, "precision": 0.52, "precision_std": 0.0, "recall": 1.0, "recall_std": 0.0, "f1": 0.68421, "f1_std": 0.0, "auc": 0.40712, "auc_std": 0.04324}
{"epoch": 76, "time_epoch": 1.67903, "time_epoch_std": 0.03167, "eta": 39.38562, "eta_std": 1.04488, "eta_hours": 0.01094, "eta_hours_std": 0.00029, "loss": 0.69243, "loss_std": 3e-05, "lr": 0.00014, "lr_std": 0.0, "params": 6295.0, "params_std": 0.0, "time_iter": 0.04419, "time_iter_std": 0.00083, "accuracy": 0.52, "accuracy_std": 0.0, "accuracy_max": 0.52, "precision": 0.52, "precision_std": 0.0, "recall": 1.0, "recall_std": 0.0, "f1": 0.68421, "f1_std": 0.0, "auc": 0.41576, "auc_std": 0.028}
{"epoch": 77, "time_epoch": 1.68005, "time_epoch_std": 0.03197, "eta": 37.66407, "eta_std": 0.99496, "eta_hours": 0.01046, "eta_hours_std": 0.00028, "loss": 0.69242, "loss_std": 9e-05, "lr": 0.00012, "lr_std": 0.0, "params": 6295.0, "params_std": 0.0, "time_iter": 0.04421, "time_iter_std": 0.00084, "accuracy": 0.52, "accuracy_std": 0.0, "accuracy_max": 0.52, "precision": 0.52, "precision_std": 0.0, "recall": 1.0, "recall_std": 0.0, "f1": 0.68421, "f1_std": 0.0, "auc": 0.45046, "auc_std": 0.05823}
{"epoch": 78, "time_epoch": 1.67742, "time_epoch_std": 0.03396, "eta": 35.94288, "eta_std": 0.94609, "eta_hours": 0.00998, "eta_hours_std": 0.00026, "loss": 0.69239, "loss_std": 4e-05, "lr": 0.00011, "lr_std": 0.0, "params": 6295.0, "params_std": 0.0, "time_iter": 0.04414, "time_iter_std": 0.00089, "accuracy": 0.52, "accuracy_std": 0.0, "accuracy_max": 0.52, "precision": 0.52, "precision_std": 0.0, "recall": 1.0, "recall_std": 0.0, "f1": 0.68421, "f1_std": 0.0, "auc": 0.45257, "auc_std": 0.0356}
{"epoch": 79, "time_epoch": 1.68036, "time_epoch_std": 0.0342, "eta": 34.22351, "eta_std": 0.89787, "eta_hours": 0.0095, "eta_hours_std": 0.00025, "loss": 0.69239, "loss_std": 4e-05, "lr": 0.0001, "lr_std": 0.0, "params": 6295.0, "params_std": 0.0, "time_iter": 0.04422, "time_iter_std": 0.0009, "accuracy": 0.52, "accuracy_std": 0.0, "accuracy_max": 0.52, "precision": 0.52, "precision_std": 0.0, "recall": 1.0, "recall_std": 0.0, "f1": 0.68421, "f1_std": 0.0, "auc": 0.44954, "auc_std": 0.03947}
{"epoch": 80, "time_epoch": 1.67771, "time_epoch_std": 0.03409, "eta": 32.50449, "eta_std": 0.85004, "eta_hours": 0.00903, "eta_hours_std": 0.00024, "loss": 0.6924, "loss_std": 3e-05, "lr": 0.0001, "lr_std": 0.0, "params": 6295.0, "params_std": 0.0, "time_iter": 0.04415, "time_iter_std": 0.0009, "accuracy": 0.52, "accuracy_std": 0.0, "accuracy_max": 0.52, "precision": 0.52, "precision_std": 0.0, "recall": 1.0, "recall_std": 0.0, "f1": 0.68421, "f1_std": 0.0, "auc": 0.43189, "auc_std": 0.01402}
{"epoch": 81, "time_epoch": 1.68143, "time_epoch_std": 0.02955, "eta": 30.78728, "eta_std": 0.80145, "eta_hours": 0.00855, "eta_hours_std": 0.00022, "loss": 0.69239, "loss_std": 4e-05, "lr": 9e-05, "lr_std": 0.0, "params": 6295.0, "params_std": 0.0, "time_iter": 0.04425, "time_iter_std": 0.00078, "accuracy": 0.52, "accuracy_std": 0.0, "accuracy_max": 0.52, "precision": 0.52, "precision_std": 0.0, "recall": 1.0, "recall_std": 0.0, "f1": 0.68421, "f1_std": 0.0, "auc": 0.4318, "auc_std": 0.04822}
{"epoch": 82, "time_epoch": 1.67961, "time_epoch_std": 0.03538, "eta": 29.07057, "eta_std": 0.75449, "eta_hours": 0.00807, "eta_hours_std": 0.00021, "loss": 0.69237, "loss_std": 5e-05, "lr": 8e-05, "lr_std": 0.0, "params": 6295.0, "params_std": 0.0, "time_iter": 0.0442, "time_iter_std": 0.00093, "accuracy": 0.52, "accuracy_std": 0.0, "accuracy_max": 0.52, "precision": 0.52, "precision_std": 0.0, "recall": 1.0, "recall_std": 0.0, "f1": 0.68421, "f1_std": 0.0, "auc": 0.46848, "auc_std": 0.05761}
{"epoch": 83, "time_epoch": 1.67548, "time_epoch_std": 0.03434, "eta": 27.35396, "eta_std": 0.70791, "eta_hours": 0.0076, "eta_hours_std": 0.0002, "loss": 0.6924, "loss_std": 5e-05, "lr": 7e-05, "lr_std": 0.0, "params": 6295.0, "params_std": 0.0, "time_iter": 0.04409, "time_iter_std": 0.0009, "accuracy": 0.52, "accuracy_std": 0.0, "accuracy_max": 0.52, "precision": 0.52, "precision_std": 0.0, "recall": 1.0, "recall_std": 0.0, "f1": 0.68421, "f1_std": 0.0, "auc": 0.42875, "auc_std": 0.02692}
{"epoch": 84, "time_epoch": 1.68048, "time_epoch_std": 0.03162, "eta": 25.63919, "eta_std": 0.66077, "eta_hours": 0.00712, "eta_hours_std": 0.00018, "loss": 0.69238, "loss_std": 3e-05, "lr": 6e-05, "lr_std": 0.0, "params": 6295.0, "params_std": 0.0, "time_iter": 0.04422, "time_iter_std": 0.00083, "accuracy": 0.52, "accuracy_std": 0.0, "accuracy_max": 0.52, "precision": 0.52, "precision_std": 0.0, "recall": 1.0, "recall_std": 0.0, "f1": 0.68421, "f1_std": 0.0, "auc": 0.43579, "auc_std": 0.03704}
{"epoch": 85, "time_epoch": 1.67439, "time_epoch_std": 0.03257, "eta": 23.92423, "eta_std": 0.61454, "eta_hours": 0.00664, "eta_hours_std": 0.00017, "loss": 0.69242, "loss_std": 6e-05, "lr": 5e-05, "lr_std": 0.0, "params": 6295.0, "params_std": 0.0, "time_iter": 0.04406, "time_iter_std": 0.00086, "accuracy": 0.52, "accuracy_std": 0.0, "accuracy_max": 0.52, "precision": 0.52, "precision_std": 0.0, "recall": 1.0, "recall_std": 0.0, "f1": 0.68421, "f1_std": 0.0, "auc": 0.40354, "auc_std": 0.02718}
{"epoch": 86, "time_epoch": 1.67626, "time_epoch_std": 0.0329, "eta": 22.21049, "eta_std": 0.56864, "eta_hours": 0.00617, "eta_hours_std": 0.00016, "loss": 0.69238, "loss_std": 3e-05, "lr": 5e-05, "lr_std": 0.0, "params": 6295.0, "params_std": 0.0, "time_iter": 0.04411, "time_iter_std": 0.00086, "accuracy": 0.52, "accuracy_std": 0.0, "accuracy_max": 0.52, "precision": 0.52, "precision_std": 0.0, "recall": 1.0, "recall_std": 0.0, "f1": 0.68421, "f1_std": 0.0, "auc": 0.40444, "auc_std": 0.05894}
{"epoch": 87, "time_epoch": 1.67776, "time_epoch_std": 0.0352, "eta": 20.4978, "eta_std": 0.5232, "eta_hours": 0.0057, "eta_hours_std": 0.00015, "loss": 0.69238, "loss_std": 1e-05, "lr": 4e-05, "lr_std": 0.0, "params": 6295.0, "params_std": 0.0, "time_iter": 0.04415, "time_iter_std": 0.00093, "accuracy": 0.52, "accuracy_std": 0.0, "accuracy_max": 0.52, "precision": 0.52, "precision_std": 0.0, "recall": 1.0, "recall_std": 0.0, "f1": 0.68421, "f1_std": 0.0, "auc": 0.42909, "auc_std": 0.03262}
{"epoch": 88, "time_epoch": 1.67096, "time_epoch_std": 0.02957, "eta": 18.78505, "eta_std": 0.47771, "eta_hours": 0.00522, "eta_hours_std": 0.00013, "loss": 0.69238, "loss_std": 3e-05, "lr": 4e-05, "lr_std": 0.0, "params": 6295.0, "params_std": 0.0, "time_iter": 0.04397, "time_iter_std": 0.00078, "accuracy": 0.52, "accuracy_std": 0.0, "accuracy_max": 0.52, "precision": 0.52, "precision_std": 0.0, "recall": 1.0, "recall_std": 0.0, "f1": 0.68421, "f1_std": 0.0, "auc": 0.41909, "auc_std": 0.01341}
{"epoch": 89, "time_epoch": 1.67182, "time_epoch_std": 0.03105, "eta": 17.07332, "eta_std": 0.43269, "eta_hours": 0.00474, "eta_hours_std": 0.00012, "loss": 0.69237, "loss_std": 3e-05, "lr": 3e-05, "lr_std": 0.0, "params": 6295.0, "params_std": 0.0, "time_iter": 0.044, "time_iter_std": 0.00082, "accuracy": 0.52, "accuracy_std": 0.0, "accuracy_max": 0.52, "precision": 0.52, "precision_std": 0.0, "recall": 1.0, "recall_std": 0.0, "f1": 0.68421, "f1_std": 0.0, "auc": 0.45101, "auc_std": 0.0512}
{"epoch": 90, "time_epoch": 1.70866, "time_epoch_std": 0.0781, "eta": 15.36612, "eta_std": 0.38952, "eta_hours": 0.00427, "eta_hours_std": 0.00011, "loss": 0.6924, "loss_std": 4e-05, "lr": 2e-05, "lr_std": 0.0, "params": 6295.0, "params_std": 0.0, "time_iter": 0.04497, "time_iter_std": 0.00206, "accuracy": 0.52, "accuracy_std": 0.0, "accuracy_max": 0.52, "precision": 0.52, "precision_std": 0.0, "recall": 1.0, "recall_std": 0.0, "f1": 0.68421, "f1_std": 0.0, "auc": 0.40246, "auc_std": 0.0506}
{"epoch": 91, "time_epoch": 1.66698, "time_epoch_std": 0.02901, "eta": 13.65527, "eta_std": 0.34471, "eta_hours": 0.0038, "eta_hours_std": 0.0001, "loss": 0.69235, "loss_std": 1e-05, "lr": 2e-05, "lr_std": 0.0, "params": 6295.0, "params_std": 0.0, "time_iter": 0.04387, "time_iter_std": 0.00076, "accuracy": 0.52, "accuracy_std": 0.0, "accuracy_max": 0.52, "precision": 0.52, "precision_std": 0.0, "recall": 1.0, "recall_std": 0.0, "f1": 0.68421, "f1_std": 0.0, "auc": 0.45546, "auc_std": 0.06009}
{"epoch": 92, "time_epoch": 1.9986, "time_epoch_std": 0.56922, "eta": 11.97032, "eta_std": 0.3123, "eta_hours": 0.00332, "eta_hours_std": 9e-05, "loss": 0.69239, "loss_std": 4e-05, "lr": 2e-05, "lr_std": 0.0, "params": 6295.0, "params_std": 0.0, "time_iter": 0.0526, "time_iter_std": 0.01498, "accuracy": 0.52, "accuracy_std": 0.0, "accuracy_max": 0.52, "precision": 0.52, "precision_std": 0.0, "recall": 1.0, "recall_std": 0.0, "f1": 0.68421, "f1_std": 0.0, "auc": 0.41892, "auc_std": 0.03685}
{"epoch": 93, "time_epoch": 1.85017, "time_epoch_std": 0.31436, "eta": 10.26922, "eta_std": 0.27408, "eta_hours": 0.00285, "eta_hours_std": 8e-05, "loss": 0.69238, "loss_std": 3e-05, "lr": 1e-05, "lr_std": 0.0, "params": 6295.0, "params_std": 0.0, "time_iter": 0.04869, "time_iter_std": 0.00827, "accuracy": 0.52, "accuracy_std": 0.0, "accuracy_max": 0.52, "precision": 0.52, "precision_std": 0.0, "recall": 1.0, "recall_std": 0.0, "f1": 0.68421, "f1_std": 0.0, "auc": 0.42773, "auc_std": 0.05346}
{"epoch": 94, "time_epoch": 1.61974, "time_epoch_std": 0.09205, "eta": 8.55284, "eta_std": 0.22575, "eta_hours": 0.00238, "eta_hours_std": 6e-05, "loss": 0.69236, "loss_std": 1e-05, "lr": 1e-05, "lr_std": 0.0, "params": 6295.0, "params_std": 0.0, "time_iter": 0.04262, "time_iter_std": 0.00242, "accuracy": 0.52, "accuracy_std": 0.0, "accuracy_max": 0.52, "precision": 0.52, "precision_std": 0.0, "recall": 1.0, "recall_std": 0.0, "f1": 0.68421, "f1_std": 0.0, "auc": 0.44945, "auc_std": 0.0398}
{"epoch": 95, "time_epoch": 1.68463, "time_epoch_std": 0.04174, "eta": 6.8412, "eta_std": 0.18015, "eta_hours": 0.0019, "eta_hours_std": 5e-05, "loss": 0.69237, "loss_std": 2e-05, "lr": 1e-05, "lr_std": 0.0, "params": 6295.0, "params_std": 0.0, "time_iter": 0.04433, "time_iter_std": 0.0011, "accuracy": 0.52, "accuracy_std": 0.0, "accuracy_max": 0.52, "precision": 0.52, "precision_std": 0.0, "recall": 1.0, "recall_std": 0.0, "f1": 0.68421, "f1_std": 0.0, "auc": 0.42412, "auc_std": 0.04823}
{"epoch": 96, "time_epoch": 1.70347, "time_epoch_std": 0.07223, "eta": 5.13068, "eta_std": 0.13534, "eta_hours": 0.00142, "eta_hours_std": 4e-05, "loss": 0.69235, "loss_std": 3e-05, "lr": 0.0, "lr_std": 0.0, "params": 6295.0, "params_std": 0.0, "time_iter": 0.04483, "time_iter_std": 0.0019, "accuracy": 0.52, "accuracy_std": 0.0, "accuracy_max": 0.52, "precision": 0.52, "precision_std": 0.0, "recall": 1.0, "recall_std": 0.0, "f1": 0.68421, "f1_std": 0.0, "auc": 0.45965, "auc_std": 0.03785}
{"epoch": 97, "time_epoch": 1.70452, "time_epoch_std": 0.06672, "eta": 3.42034, "eta_std": 0.09036, "eta_hours": 0.00095, "eta_hours_std": 2e-05, "loss": 0.69237, "loss_std": 3e-05, "lr": 0.0, "lr_std": 0.0, "params": 6295.0, "params_std": 0.0, "time_iter": 0.04486, "time_iter_std": 0.00176, "accuracy": 0.52, "accuracy_std": 0.0, "accuracy_max": 0.52, "precision": 0.52, "precision_std": 0.0, "recall": 1.0, "recall_std": 0.0, "f1": 0.68421, "f1_std": 0.0, "auc": 0.45441, "auc_std": 0.02293}
{"epoch": 98, "time_epoch": 1.7044, "time_epoch_std": 0.06754, "eta": 1.71012, "eta_std": 0.04522, "eta_hours": 0.00047, "eta_hours_std": 1e-05, "loss": 0.69235, "loss_std": 2e-05, "lr": 0.0, "lr_std": 0.0, "params": 6295.0, "params_std": 0.0, "time_iter": 0.04485, "time_iter_std": 0.00178, "accuracy": 0.52, "accuracy_std": 0.0, "accuracy_max": 0.52, "precision": 0.52, "precision_std": 0.0, "recall": 1.0, "recall_std": 0.0, "f1": 0.68421, "f1_std": 0.0, "auc": 0.4665, "auc_std": 0.05096}
{"epoch": 99, "time_epoch": 1.70068, "time_epoch_std": 0.06698, "eta": 0.0, "eta_std": 0.0, "eta_hours": 0.0, "eta_hours_std": 0.0, "loss": 0.69237, "loss_std": 2e-05, "lr": 0.0, "lr_std": 0.0, "params": 6295.0, "params_std": 0.0, "time_iter": 0.04476, "time_iter_std": 0.00176, "accuracy": 0.52, "accuracy_std": 0.0, "accuracy_max": 0.52, "precision": 0.52, "precision_std": 0.0, "recall": 1.0, "recall_std": 0.0, "f1": 0.68421, "f1_std": 0.0, "auc": 0.45994, "auc_std": 0.04515}
