{"epoch": 0, "time_epoch": 28.84413, "eta": 2855.56866, "eta_hours": 0.79321, "loss": 0.69462138, "lr": 0.001, "params": 3861, "time_iter": 0.90138, "accuracy": 0.452, "precision": 0.42657, "recall": 0.24111, "f1": 0.30808, "auc": 0.4495}
{"epoch": 1, "time_epoch": 28.60979, "eta": 2815.24207, "eta_hours": 0.78201, "loss": 0.69353751, "lr": 0.00099975, "params": 3861, "time_iter": 0.89406, "accuracy": 0.494, "precision": 0.0, "recall": 0.0, "f1": 0.0, "auc": 0.46297}
{"epoch": 2, "time_epoch": 28.6504, "eta": 2784.03954, "eta_hours": 0.77334, "loss": 0.6936121, "lr": 0.00099901, "params": 3861, "time_iter": 0.89532, "accuracy": 0.506, "precision": 0.506, "recall": 1.0, "f1": 0.67198, "auc": 0.48921}
{"epoch": 3, "time_epoch": 28.64095, "eta": 2753.88635, "eta_hours": 0.76497, "loss": 0.69357911, "lr": 0.00099778, "params": 3861, "time_iter": 0.89503, "accuracy": 0.506, "precision": 0.506, "recall": 1.0, "f1": 0.67198, "auc": 0.44386}
{"epoch": 4, "time_epoch": 28.64752, "eta": 2724.46286, "eta_hours": 0.7568, "loss": 0.69337041, "lr": 0.00099606, "params": 3861, "time_iter": 0.89523, "accuracy": 0.506, "precision": 0.506, "recall": 1.0, "f1": 0.67198, "auc": 0.40157}
{"epoch": 5, "time_epoch": 28.70111, "eta": 2696.13768, "eta_hours": 0.74893, "loss": 0.69330776, "lr": 0.00099384, "params": 3861, "time_iter": 0.89691, "accuracy": 0.506, "precision": 0.5063, "recall": 0.95257, "f1": 0.66118, "auc": 0.47168}
{"epoch": 6, "time_epoch": 28.77402, "eta": 2668.6737, "eta_hours": 0.7413, "loss": 0.69322013, "lr": 0.00099114, "params": 3861, "time_iter": 0.89919, "accuracy": 0.506, "precision": 0.506, "recall": 1.0, "f1": 0.67198, "auc": 0.46672}
{"epoch": 7, "time_epoch": 28.75241, "eta": 2640.63373, "eta_hours": 0.73351, "loss": 0.69397531, "lr": 0.00098796, "params": 3861, "time_iter": 0.89851, "accuracy": 0.506, "precision": 0.506, "recall": 1.0, "f1": 0.67198, "auc": 0.44702}
{"epoch": 8, "time_epoch": 28.76227, "eta": 2612.53513, "eta_hours": 0.7257, "loss": 0.6937322, "lr": 0.00098429, "params": 3861, "time_iter": 0.89882, "accuracy": 0.476, "precision": 0.4841, "recall": 0.5415, "f1": 0.51119, "auc": 0.4552}
{"epoch": 9, "time_epoch": 28.79806, "eta": 2584.62591, "eta_hours": 0.71795, "loss": 0.69313288, "lr": 0.00098015, "params": 3861, "time_iter": 0.89994, "accuracy": 0.506, "precision": 0.506, "recall": 1.0, "f1": 0.67198, "auc": 0.48377}
{"epoch": 10, "time_epoch": 28.76423, "eta": 2556.28133, "eta_hours": 0.71008, "loss": 0.69346314, "lr": 0.00097553, "params": 3861, "time_iter": 0.89888, "accuracy": 0.506, "precision": 0.506, "recall": 1.0, "f1": 0.67198, "auc": 0.459}
{"epoch": 11, "time_epoch": 28.68614, "eta": 2527.29417, "eta_hours": 0.70203, "loss": 0.69326271, "lr": 0.00097044, "params": 3861, "time_iter": 0.89644, "accuracy": 0.506, "precision": 0.506, "recall": 1.0, "f1": 0.67198, "auc": 0.44626}
{"epoch": 12, "time_epoch": 28.75889, "eta": 2498.84017, "eta_hours": 0.69412, "loss": 0.6936697, "lr": 0.00096489, "params": 3861, "time_iter": 0.89872, "accuracy": 0.506, "precision": 0.506, "recall": 1.0, "f1": 0.67198, "auc": 0.42773}
{"epoch": 13, "time_epoch": 28.77254, "eta": 2470.42646, "eta_hours": 0.68623, "loss": 0.69325137, "lr": 0.00095888, "params": 3861, "time_iter": 0.89914, "accuracy": 0.506, "precision": 0.506, "recall": 1.0, "f1": 0.67198, "auc": 0.46784}
{"epoch": 14, "time_epoch": 28.79166, "eta": 2442.07328, "eta_hours": 0.67835, "loss": 0.69323711, "lr": 0.00095241, "params": 3861, "time_iter": 0.89974, "accuracy": 0.506, "precision": 0.506, "recall": 1.0, "f1": 0.67198, "auc": 0.42942}
{"epoch": 15, "time_epoch": 28.77428, "eta": 2413.57401, "eta_hours": 0.67044, "loss": 0.69387173, "lr": 0.0009455, "params": 3861, "time_iter": 0.8992, "accuracy": 0.506, "precision": 0.506, "recall": 1.0, "f1": 0.67198, "auc": 0.44042}
{"epoch": 16, "time_epoch": 28.82306, "eta": 2385.2806, "eta_hours": 0.66258, "loss": 0.6935324, "lr": 0.00093815, "params": 3861, "time_iter": 0.90072, "accuracy": 0.506, "precision": 0.506, "recall": 1.0, "f1": 0.67198, "auc": 0.45802}
{"epoch": 17, "time_epoch": 28.80802, "eta": 2356.85981, "eta_hours": 0.65468, "loss": 0.69321777, "lr": 0.00093037, "params": 3861, "time_iter": 0.90025, "accuracy": 0.506, "precision": 0.506, "recall": 1.0, "f1": 0.67198, "auc": 0.47241}
{"epoch": 18, "time_epoch": 28.77783, "eta": 2328.26957, "eta_hours": 0.64674, "loss": 0.69316631, "lr": 0.00092216, "params": 3861, "time_iter": 0.89931, "accuracy": 0.506, "precision": 0.506, "recall": 1.0, "f1": 0.67198, "auc": 0.44966}
{"epoch": 19, "time_epoch": 28.82657, "eta": 2299.85552, "eta_hours": 0.63885, "loss": 0.69349251, "lr": 0.00091354, "params": 3861, "time_iter": 0.90083, "accuracy": 0.478, "precision": 0.48907, "recall": 0.70751, "f1": 0.57835, "auc": 0.4569}
{"epoch": 20, "time_epoch": 28.80407, "eta": 2271.31752, "eta_hours": 0.63092, "loss": 0.6933865, "lr": 0.00090451, "params": 3861, "time_iter": 0.90013, "accuracy": 0.506, "precision": 0.506, "recall": 1.0, "f1": 0.67198, "auc": 0.43526}
{"epoch": 21, "time_epoch": 28.80701, "eta": 2242.76578, "eta_hours": 0.62299, "loss": 0.69318346, "lr": 0.00089508, "params": 3861, "time_iter": 0.90022, "accuracy": 0.506, "precision": 0.506, "recall": 1.0, "f1": 0.67198, "auc": 0.43513}
{"epoch": 22, "time_epoch": 28.76449, "eta": 2214.04948, "eta_hours": 0.61501, "loss": 0.69338982, "lr": 0.00088526, "params": 3861, "time_iter": 0.89889, "accuracy": 0.46, "precision": 0.47962, "recall": 0.79051, "f1": 0.59701, "auc": 0.44254}
{"epoch": 23, "time_epoch": 28.78112, "eta": 2185.38183, "eta_hours": 0.60705, "loss": 0.69316382, "lr": 0.00087506, "params": 3861, "time_iter": 0.89941, "accuracy": 0.506, "precision": 0.506, "recall": 1.0, "f1": 0.67198, "auc": 0.46107}
{"epoch": 24, "time_epoch": 28.78831, "eta": 2156.72666, "eta_hours": 0.59909, "loss": 0.69322492, "lr": 0.00086448, "params": 3861, "time_iter": 0.89963, "accuracy": 0.506, "precision": 0.506, "recall": 1.0, "f1": 0.67198, "auc": 0.44011}
{"epoch": 25, "time_epoch": 28.80759, "eta": 2128.11611, "eta_hours": 0.59114, "loss": 0.69319486, "lr": 0.00085355, "params": 3861, "time_iter": 0.90024, "accuracy": 0.506, "precision": 0.506, "recall": 1.0, "f1": 0.67198, "auc": 0.46487}
{"epoch": 26, "time_epoch": 28.85339, "eta": 2099.61481, "eta_hours": 0.58323, "loss": 0.6932582, "lr": 0.00084227, "params": 3861, "time_iter": 0.90167, "accuracy": 0.506, "precision": 0.506, "recall": 1.0, "f1": 0.67198, "auc": 0.47389}
{"epoch": 27, "time_epoch": 28.86698, "eta": 2071.12329, "eta_hours": 0.57531, "loss": 0.69356025, "lr": 0.00083066, "params": 3861, "time_iter": 0.90209, "accuracy": 0.506, "precision": 0.506, "recall": 1.0, "f1": 0.67198, "auc": 0.41422}
{"epoch": 28, "time_epoch": 28.79124, "eta": 2042.42045, "eta_hours": 0.56734, "loss": 0.69327927, "lr": 0.00081871, "params": 3861, "time_iter": 0.89973, "accuracy": 0.506, "precision": 0.506, "recall": 1.0, "f1": 0.67198, "auc": 0.45034}
{"epoch": 29, "time_epoch": 28.72799, "eta": 2013.56414, "eta_hours": 0.55932, "loss": 0.6931991, "lr": 0.00080645, "params": 3861, "time_iter": 0.89775, "accuracy": 0.506, "precision": 0.506, "recall": 1.0, "f1": 0.67198, "auc": 0.4407}
{"epoch": 30, "time_epoch": 28.78694, "eta": 1984.84732, "eta_hours": 0.55135, "loss": 0.69329398, "lr": 0.00079389, "params": 3861, "time_iter": 0.89959, "accuracy": 0.506, "precision": 0.506, "recall": 1.0, "f1": 0.67198, "auc": 0.45427}
{"epoch": 31, "time_epoch": 28.86038, "eta": 1956.28217, "eta_hours": 0.54341, "loss": 0.69322181, "lr": 0.00078104, "params": 3861, "time_iter": 0.90189, "accuracy": 0.506, "precision": 0.506, "recall": 1.0, "f1": 0.67198, "auc": 0.48121}
{"epoch": 32, "time_epoch": 28.78571, "eta": 1927.54754, "eta_hours": 0.53543, "loss": 0.69316724, "lr": 0.00076791, "params": 3861, "time_iter": 0.89955, "accuracy": 0.506, "precision": 0.506, "recall": 1.0, "f1": 0.67198, "auc": 0.45943}
{"epoch": 33, "time_epoch": 28.79185, "eta": 1898.82181, "eta_hours": 0.52745, "loss": 0.69343915, "lr": 0.00075452, "params": 3861, "time_iter": 0.89975, "accuracy": 0.506, "precision": 0.506, "recall": 1.0, "f1": 0.67198, "auc": 0.44299}
{"epoch": 34, "time_epoch": 28.74211, "eta": 1869.99994, "eta_hours": 0.51944, "loss": 0.69319204, "lr": 0.00074088, "params": 3861, "time_iter": 0.89819, "accuracy": 0.506, "precision": 0.506, "recall": 1.0, "f1": 0.67198, "auc": 0.4522}
{"epoch": 35, "time_epoch": 28.74836, "eta": 1841.1936, "eta_hours": 0.51144, "loss": 0.69321396, "lr": 0.000727, "params": 3861, "time_iter": 0.89839, "accuracy": 0.506, "precision": 0.506, "recall": 1.0, "f1": 0.67198, "auc": 0.45164}
{"epoch": 36, "time_epoch": 28.71885, "eta": 1812.34016, "eta_hours": 0.50343, "loss": 0.69308648, "lr": 0.00071289, "params": 3861, "time_iter": 0.89746, "accuracy": 0.506, "precision": 0.506, "recall": 1.0, "f1": 0.67198, "auc": 0.50619}
{"epoch": 37, "time_epoch": 28.83915, "eta": 1783.69008, "eta_hours": 0.49547, "loss": 0.69314693, "lr": 0.00069857, "params": 3861, "time_iter": 0.90122, "accuracy": 0.506, "precision": 0.506, "recall": 1.0, "f1": 0.67198, "auc": 0.44648}
{"epoch": 38, "time_epoch": 28.77091, "eta": 1754.92358, "eta_hours": 0.48748, "loss": 0.69326369, "lr": 0.00068406, "params": 3861, "time_iter": 0.89909, "accuracy": 0.506, "precision": 0.506, "recall": 1.0, "f1": 0.67198, "auc": 0.46498}
{"epoch": 39, "time_epoch": 28.7766, "eta": 1726.16538, "eta_hours": 0.47949, "loss": 0.69314918, "lr": 0.00066937, "params": 3861, "time_iter": 0.89927, "accuracy": 0.506, "precision": 0.506, "recall": 1.0, "f1": 0.67198, "auc": 0.44886}
{"epoch": 40, "time_epoch": 28.8162, "eta": 1697.46327, "eta_hours": 0.47152, "loss": 0.6931909, "lr": 0.00065451, "params": 3861, "time_iter": 0.90051, "accuracy": 0.506, "precision": 0.506, "recall": 1.0, "f1": 0.67198, "auc": 0.43717}
{"epoch": 41, "time_epoch": 28.78086, "eta": 1668.70693, "eta_hours": 0.46353, "loss": 0.69327739, "lr": 0.0006395, "params": 3861, "time_iter": 0.8994, "accuracy": 0.506, "precision": 0.506, "recall": 1.0, "f1": 0.67198, "auc": 0.43992}
{"epoch": 42, "time_epoch": 28.79465, "eta": 1639.96772, "eta_hours": 0.45555, "loss": 0.69312115, "lr": 0.00062434, "params": 3861, "time_iter": 0.89983, "accuracy": 0.506, "precision": 0.506, "recall": 1.0, "f1": 0.67198, "auc": 0.45897}
{"epoch": 43, "time_epoch": 28.80088, "eta": 1611.23392, "eta_hours": 0.44756, "loss": 0.69349928, "lr": 0.00060907, "params": 3861, "time_iter": 0.90003, "accuracy": 0.506, "precision": 0.506, "recall": 1.0, "f1": 0.67198, "auc": 0.44016}
{"epoch": 44, "time_epoch": 28.81654, "eta": 1582.51628, "eta_hours": 0.43959, "loss": 0.69340294, "lr": 0.00059369, "params": 3861, "time_iter": 0.90052, "accuracy": 0.506, "precision": 0.506, "recall": 1.0, "f1": 0.67198, "auc": 0.42793}
{"epoch": 45, "time_epoch": 29.1482, "eta": 1554.18369, "eta_hours": 0.43172, "loss": 0.69342877, "lr": 0.00057822, "params": 3861, "time_iter": 0.91088, "accuracy": 0.506, "precision": 0.506, "recall": 1.0, "f1": 0.67198, "auc": 0.43217}
{"epoch": 46, "time_epoch": 28.85613, "eta": 1525.48703, "eta_hours": 0.42375, "loss": 0.69313526, "lr": 0.00056267, "params": 3861, "time_iter": 0.90175, "accuracy": 0.506, "precision": 0.506, "recall": 1.0, "f1": 0.67198, "auc": 0.45849}
{"epoch": 47, "time_epoch": 28.77712, "eta": 1496.69812, "eta_hours": 0.41575, "loss": 0.69323343, "lr": 0.00054705, "params": 3861, "time_iter": 0.89928, "accuracy": 0.506, "precision": 0.506, "recall": 1.0, "f1": 0.67198, "auc": 0.44962}
{"epoch": 48, "time_epoch": 28.82262, "eta": 1467.95706, "eta_hours": 0.40777, "loss": 0.69311371, "lr": 0.0005314, "params": 3861, "time_iter": 0.90071, "accuracy": 0.506, "precision": 0.506, "recall": 1.0, "f1": 0.67198, "auc": 0.47097}
{"epoch": 49, "time_epoch": 28.83363, "eta": 1439.22375, "eta_hours": 0.39978, "loss": 0.69318594, "lr": 0.00051571, "params": 3861, "time_iter": 0.90105, "accuracy": 0.506, "precision": 0.506, "recall": 1.0, "f1": 0.67198, "auc": 0.47235}
{"epoch": 50, "time_epoch": 28.81339, "eta": 1410.46705, "eta_hours": 0.3918, "loss": 0.69319204, "lr": 0.0005, "params": 3861, "time_iter": 0.90042, "accuracy": 0.506, "precision": 0.506, "recall": 1.0, "f1": 0.67198, "auc": 0.41864}
{"epoch": 51, "time_epoch": 28.77202, "eta": 1381.66999, "eta_hours": 0.3838, "loss": 0.69335769, "lr": 0.00048429, "params": 3861, "time_iter": 0.89913, "accuracy": 0.506, "precision": 0.506, "recall": 1.0, "f1": 0.67198, "auc": 0.45422}
{"epoch": 52, "time_epoch": 28.77659, "eta": 1352.87792, "eta_hours": 0.3758, "loss": 0.69340305, "lr": 0.0004686, "params": 3861, "time_iter": 0.89927, "accuracy": 0.506, "precision": 0.506, "recall": 1.0, "f1": 0.67198, "auc": 0.42216}
{"epoch": 53, "time_epoch": 28.76793, "eta": 1324.07905, "eta_hours": 0.3678, "loss": 0.6931839, "lr": 0.00045295, "params": 3861, "time_iter": 0.899, "accuracy": 0.506, "precision": 0.506, "recall": 1.0, "f1": 0.67198, "auc": 0.46179}
{"epoch": 54, "time_epoch": 28.79262, "eta": 1295.30151, "eta_hours": 0.35981, "loss": 0.69312387, "lr": 0.00043733, "params": 3861, "time_iter": 0.89977, "accuracy": 0.506, "precision": 0.506, "recall": 1.0, "f1": 0.67198, "auc": 0.49835}
{"epoch": 55, "time_epoch": 28.81708, "eta": 1266.54264, "eta_hours": 0.35182, "loss": 0.6932196, "lr": 0.00042178, "params": 3861, "time_iter": 0.90053, "accuracy": 0.506, "precision": 0.506, "recall": 1.0, "f1": 0.67198, "auc": 0.42846}
{"epoch": 56, "time_epoch": 28.82292, "eta": 1237.78614, "eta_hours": 0.34383, "loss": 0.69312691, "lr": 0.00040631, "params": 3861, "time_iter": 0.90072, "accuracy": 0.506, "precision": 0.506, "recall": 1.0, "f1": 0.67198, "auc": 0.46966}
{"epoch": 57, "time_epoch": 28.85588, "eta": 1209.05122, "eta_hours": 0.33585, "loss": 0.69313726, "lr": 0.00039093, "params": 3861, "time_iter": 0.90175, "accuracy": 0.506, "precision": 0.506, "recall": 1.0, "f1": 0.67198, "auc": 0.46764}
{"epoch": 58, "time_epoch": 28.91073, "eta": 1180.35031, "eta_hours": 0.32788, "loss": 0.693284, "lr": 0.00037566, "params": 3861, "time_iter": 0.90346, "accuracy": 0.506, "precision": 0.506, "recall": 1.0, "f1": 0.67198, "auc": 0.43414}
{"epoch": 59, "time_epoch": 28.7682, "eta": 1151.54739, "eta_hours": 0.31987, "loss": 0.69312788, "lr": 0.0003605, "params": 3861, "time_iter": 0.89901, "accuracy": 0.506, "precision": 0.506, "recall": 1.0, "f1": 0.67198, "auc": 0.47304}
{"epoch": 60, "time_epoch": 28.73347, "eta": 1122.7234, "eta_hours": 0.31187, "loss": 0.69312082, "lr": 0.00034549, "params": 3861, "time_iter": 0.89792, "accuracy": 0.506, "precision": 0.506, "recall": 1.0, "f1": 0.67198, "auc": 0.45901}
{"epoch": 61, "time_epoch": 28.83948, "eta": 1093.96731, "eta_hours": 0.30388, "loss": 0.69314459, "lr": 0.00033063, "params": 3861, "time_iter": 0.90123, "accuracy": 0.506, "precision": 0.506, "recall": 1.0, "f1": 0.67198, "auc": 0.44085}
{"epoch": 62, "time_epoch": 28.80778, "eta": 1065.18995, "eta_hours": 0.29589, "loss": 0.69310298, "lr": 0.00031594, "params": 3861, "time_iter": 0.90024, "accuracy": 0.506, "precision": 0.506, "recall": 1.0, "f1": 0.67198, "auc": 0.47584}
{"epoch": 63, "time_epoch": 28.78511, "eta": 1036.39889, "eta_hours": 0.28789, "loss": 0.69315868, "lr": 0.00030143, "params": 3861, "time_iter": 0.89953, "accuracy": 0.506, "precision": 0.506, "recall": 1.0, "f1": 0.67198, "auc": 0.4391}
{"epoch": 64, "time_epoch": 28.79733, "eta": 1007.61459, "eta_hours": 0.27989, "loss": 0.69318195, "lr": 0.00028711, "params": 3861, "time_iter": 0.89992, "accuracy": 0.506, "precision": 0.506, "recall": 1.0, "f1": 0.67198, "auc": 0.4417}
{"epoch": 65, "time_epoch": 28.84448, "eta": 978.8542, "eta_hours": 0.2719, "loss": 0.69311878, "lr": 0.000273, "params": 3861, "time_iter": 0.90139, "accuracy": 0.506, "precision": 0.506, "recall": 1.0, "f1": 0.67198, "auc": 0.42488}
{"epoch": 66, "time_epoch": 28.86475, "eta": 950.10127, "eta_hours": 0.26392, "loss": 0.69317258, "lr": 0.00025912, "params": 3861, "time_iter": 0.90202, "accuracy": 0.506, "precision": 0.506, "recall": 1.0, "f1": 0.67198, "auc": 0.47114}
{"epoch": 67, "time_epoch": 28.85003, "eta": 921.33812, "eta_hours": 0.25593, "loss": 0.69312235, "lr": 0.00024548, "params": 3861, "time_iter": 0.90156, "accuracy": 0.506, "precision": 0.506, "recall": 1.0, "f1": 0.67198, "auc": 0.4549}
{"epoch": 68, "time_epoch": 28.81897, "eta": 892.5585, "eta_hours": 0.24793, "loss": 0.69308328, "lr": 0.00023209, "params": 3861, "time_iter": 0.90059, "accuracy": 0.506, "precision": 0.506, "recall": 1.0, "f1": 0.67198, "auc": 0.4925}
{"epoch": 69, "time_epoch": 28.83072, "eta": 863.7828, "eta_hours": 0.23994, "loss": 0.69308381, "lr": 0.00021896, "params": 3861, "time_iter": 0.90096, "accuracy": 0.506, "precision": 0.506, "recall": 1.0, "f1": 0.67198, "auc": 0.4781}
{"epoch": 70, "time_epoch": 28.82802, "eta": 835.00444, "eta_hours": 0.23195, "loss": 0.69308932, "lr": 0.00020611, "params": 3861, "time_iter": 0.90088, "accuracy": 0.506, "precision": 0.506, "recall": 1.0, "f1": 0.67198, "auc": 0.50481}
{"epoch": 71, "time_epoch": 28.8528, "eta": 806.23434, "eta_hours": 0.22395, "loss": 0.69308552, "lr": 0.00019355, "params": 3861, "time_iter": 0.90165, "accuracy": 0.506, "precision": 0.506, "recall": 1.0, "f1": 0.67198, "auc": 0.4906}
{"epoch": 72, "time_epoch": 28.86528, "eta": 777.46659, "eta_hours": 0.21596, "loss": 0.69308954, "lr": 0.00018129, "params": 3861, "time_iter": 0.90204, "accuracy": 0.506, "precision": 0.506, "recall": 1.0, "f1": 0.67198, "auc": 0.48813}
{"epoch": 73, "time_epoch": 28.83117, "eta": 748.68422, "eta_hours": 0.20797, "loss": 0.69308576, "lr": 0.00016934, "params": 3861, "time_iter": 0.90097, "accuracy": 0.506, "precision": 0.506, "recall": 1.0, "f1": 0.67198, "auc": 0.4744}
{"epoch": 74, "time_epoch": 29.08347, "eta": 719.98465, "eta_hours": 0.2, "loss": 0.69311627, "lr": 0.00015773, "params": 3861, "time_iter": 0.90886, "accuracy": 0.506, "precision": 0.506, "recall": 1.0, "f1": 0.67198, "auc": 0.43127}
{"epoch": 75, "time_epoch": 28.84065, "eta": 691.19829, "eta_hours": 0.192, "loss": 0.69308923, "lr": 0.00014645, "params": 3861, "time_iter": 0.90127, "accuracy": 0.506, "precision": 0.506, "recall": 1.0, "f1": 0.67198, "auc": 0.47275}
{"epoch": 76, "time_epoch": 29.18013, "eta": 662.51193, "eta_hours": 0.18403, "loss": 0.6931723, "lr": 0.00013552, "params": 3861, "time_iter": 0.91188, "accuracy": 0.506, "precision": 0.506, "recall": 1.0, "f1": 0.67198, "auc": 0.44162}
{"epoch": 77, "time_epoch": 28.86704, "eta": 633.7246, "eta_hours": 0.17603, "loss": 0.69310004, "lr": 0.00012494, "params": 3861, "time_iter": 0.9021, "accuracy": 0.506, "precision": 0.506, "recall": 1.0, "f1": 0.67198, "auc": 0.45503}
{"epoch": 78, "time_epoch": 28.81672, "eta": 604.92188, "eta_hours": 0.16803, "loss": 0.69311811, "lr": 0.00011474, "params": 3861, "time_iter": 0.90052, "accuracy": 0.506, "precision": 0.506, "recall": 1.0, "f1": 0.67198, "auc": 0.47444}
{"epoch": 79, "time_epoch": 28.84029, "eta": 576.12469, "eta_hours": 0.16003, "loss": 0.6931461, "lr": 0.00010492, "params": 3861, "time_iter": 0.90126, "accuracy": 0.506, "precision": 0.506, "recall": 1.0, "f1": 0.67198, "auc": 0.44282}
{"epoch": 80, "time_epoch": 28.87351, "eta": 547.33424, "eta_hours": 0.15204, "loss": 0.6931005, "lr": 9.549e-05, "params": 3861, "time_iter": 0.9023, "accuracy": 0.506, "precision": 0.506, "recall": 1.0, "f1": 0.67198, "auc": 0.44562}
{"epoch": 81, "time_epoch": 28.84228, "eta": 518.53491, "eta_hours": 0.14404, "loss": 0.69316244, "lr": 8.646e-05, "params": 3861, "time_iter": 0.90132, "accuracy": 0.506, "precision": 0.506, "recall": 1.0, "f1": 0.67198, "auc": 0.43743}
{"epoch": 82, "time_epoch": 28.76055, "eta": 489.7178, "eta_hours": 0.13603, "loss": 0.6930963, "lr": 7.784e-05, "params": 3861, "time_iter": 0.89877, "accuracy": 0.506, "precision": 0.506, "recall": 1.0, "f1": 0.67198, "auc": 0.4664}
{"epoch": 83, "time_epoch": 28.76449, "eta": 460.90278, "eta_hours": 0.12803, "loss": 0.69306791, "lr": 6.963e-05, "params": 3861, "time_iter": 0.89889, "accuracy": 0.506, "precision": 0.506, "recall": 1.0, "f1": 0.67198, "auc": 0.5104}
{"epoch": 84, "time_epoch": 28.75635, "eta": 432.08752, "eta_hours": 0.12002, "loss": 0.69307203, "lr": 6.185e-05, "params": 3861, "time_iter": 0.89864, "accuracy": 0.506, "precision": 0.506, "recall": 1.0, "f1": 0.67198, "auc": 0.51389}
{"epoch": 85, "time_epoch": 28.83537, "eta": 403.2865, "eta_hours": 0.11202, "loss": 0.69309629, "lr": 5.45e-05, "params": 3861, "time_iter": 0.90111, "accuracy": 0.506, "precision": 0.506, "recall": 1.0, "f1": 0.67198, "auc": 0.44024}
{"epoch": 86, "time_epoch": 28.8386, "eta": 374.48516, "eta_hours": 0.10402, "loss": 0.69306975, "lr": 4.759e-05, "params": 3861, "time_iter": 0.90121, "accuracy": 0.506, "precision": 0.506, "recall": 1.0, "f1": 0.67198, "auc": 0.51383}
{"epoch": 87, "time_epoch": 28.85041, "eta": 345.68459, "eta_hours": 0.09602, "loss": 0.69309227, "lr": 4.112e-05, "params": 3861, "time_iter": 0.90158, "accuracy": 0.506, "precision": 0.506, "recall": 1.0, "f1": 0.67198, "auc": 0.45776}
{"epoch": 88, "time_epoch": 28.83549, "eta": 316.88106, "eta_hours": 0.08802, "loss": 0.69306464, "lr": 3.511e-05, "params": 3861, "time_iter": 0.90111, "accuracy": 0.506, "precision": 0.506, "recall": 1.0, "f1": 0.67198, "auc": 0.52422}
{"epoch": 89, "time_epoch": 28.82746, "eta": 288.07592, "eta_hours": 0.08002, "loss": 0.69309614, "lr": 2.956e-05, "params": 3861, "time_iter": 0.90086, "accuracy": 0.506, "precision": 0.506, "recall": 1.0, "f1": 0.67198, "auc": 0.4357}
{"epoch": 90, "time_epoch": 28.81518, "eta": 259.26908, "eta_hours": 0.07202, "loss": 0.69308484, "lr": 2.447e-05, "params": 3861, "time_iter": 0.90047, "accuracy": 0.506, "precision": 0.506, "recall": 1.0, "f1": 0.67198, "auc": 0.47334}
{"epoch": 91, "time_epoch": 28.75171, "eta": 230.45654, "eta_hours": 0.06402, "loss": 0.69307543, "lr": 1.985e-05, "params": 3861, "time_iter": 0.89849, "accuracy": 0.506, "precision": 0.506, "recall": 1.0, "f1": 0.67198, "auc": 0.49425}
{"epoch": 92, "time_epoch": 28.82738, "eta": 201.651, "eta_hours": 0.05601, "loss": 0.69308127, "lr": 1.571e-05, "params": 3861, "time_iter": 0.90086, "accuracy": 0.506, "precision": 0.506, "recall": 1.0, "f1": 0.67198, "auc": 0.47001}
{"epoch": 93, "time_epoch": 28.84326, "eta": 172.84601, "eta_hours": 0.04801, "loss": 0.69307925, "lr": 1.204e-05, "params": 3861, "time_iter": 0.90135, "accuracy": 0.506, "precision": 0.506, "recall": 1.0, "f1": 0.67198, "auc": 0.48349}
{"epoch": 94, "time_epoch": 28.84183, "eta": 144.04014, "eta_hours": 0.04001, "loss": 0.69306773, "lr": 8.86e-06, "params": 3861, "time_iter": 0.90131, "accuracy": 0.506, "precision": 0.506, "recall": 1.0, "f1": 0.67198, "auc": 0.52367}
{"epoch": 95, "time_epoch": 28.85782, "eta": 115.23419, "eta_hours": 0.03201, "loss": 0.69307438, "lr": 6.16e-06, "params": 3861, "time_iter": 0.90181, "accuracy": 0.506, "precision": 0.506, "recall": 1.0, "f1": 0.67198, "auc": 0.50718}
{"epoch": 96, "time_epoch": 28.86142, "eta": 86.42728, "eta_hours": 0.02401, "loss": 0.69307947, "lr": 3.94e-06, "params": 3861, "time_iter": 0.90192, "accuracy": 0.506, "precision": 0.506, "recall": 1.0, "f1": 0.67198, "auc": 0.48566}
{"epoch": 97, "time_epoch": 28.83318, "eta": 57.61868, "eta_hours": 0.01601, "loss": 0.69306993, "lr": 2.22e-06, "params": 3861, "time_iter": 0.90104, "accuracy": 0.506, "precision": 0.506, "recall": 1.0, "f1": 0.67198, "auc": 0.51819}
{"epoch": 98, "time_epoch": 28.85792, "eta": 28.80983, "eta_hours": 0.008, "loss": 0.69307842, "lr": 9.9e-07, "params": 3861, "time_iter": 0.90181, "accuracy": 0.506, "precision": 0.506, "recall": 1.0, "f1": 0.67198, "auc": 0.48301}
{"epoch": 99, "time_epoch": 28.8591, "eta": 0.0, "eta_hours": 0.0, "loss": 0.69306676, "lr": 2.5e-07, "params": 3861, "time_iter": 0.90185, "accuracy": 0.506, "precision": 0.506, "recall": 1.0, "f1": 0.67198, "auc": 0.5261}
