{"epoch": 0, "time_epoch": 0.97267, "eta": 96.29415, "eta_hours": 0.02675, "loss": 0.69652029, "lr": 0.001, "params": 8313, "time_iter": 0.32422, "accuracy": 0.47619, "precision": 0.47619, "recall": 1.0, "f1": 0.64516, "auc": 0.37159}
{"epoch": 1, "time_epoch": 2.13071, "eta": 152.06547, "eta_hours": 0.04224, "loss": 0.69557017, "lr": 0.00099975, "params": 8313, "time_iter": 0.71024, "accuracy": 0.47619, "precision": 0.47619, "recall": 1.0, "f1": 0.64516, "auc": 0.43636}
{"epoch": 2, "time_epoch": 2.13209, "eta": 169.28004, "eta_hours": 0.04702, "loss": 0.69523416, "lr": 0.00099901, "params": 8313, "time_iter": 0.7107, "accuracy": 0.47619, "precision": 0.47619, "recall": 1.0, "f1": 0.64516, "auc": 0.475}
{"epoch": 3, "time_epoch": 2.07395, "eta": 175.42588, "eta_hours": 0.04873, "loss": 0.69535674, "lr": 0.00099778, "params": 8313, "time_iter": 0.69132, "accuracy": 0.47619, "precision": 0.47619, "recall": 1.0, "f1": 0.64516, "auc": 0.4}
{"epoch": 4, "time_epoch": 2.07759, "eta": 178.35309, "eta_hours": 0.04954, "loss": 0.69448768, "lr": 0.00099606, "params": 8313, "time_iter": 0.69253, "accuracy": 0.47619, "precision": 0.47619, "recall": 1.0, "f1": 0.64516, "auc": 0.48864}
{"epoch": 5, "time_epoch": 2.10024, "eta": 179.96682, "eta_hours": 0.04999, "loss": 0.69391001, "lr": 0.00099384, "params": 8313, "time_iter": 0.70008, "accuracy": 0.47619, "precision": 0.47619, "recall": 1.0, "f1": 0.64516, "auc": 0.59545}
{"epoch": 6, "time_epoch": 2.08215, "eta": 180.27909, "eta_hours": 0.05008, "loss": 0.69422538, "lr": 0.00099114, "params": 8313, "time_iter": 0.69405, "accuracy": 0.47619, "precision": 0.47619, "recall": 1.0, "f1": 0.64516, "auc": 0.43636}
{"epoch": 7, "time_epoch": 0.79854, "eta": 165.23124, "eta_hours": 0.0459, "loss": 0.69325674, "lr": 0.00098796, "params": 8313, "time_iter": 0.26618, "accuracy": 0.47619, "precision": 0.47619, "recall": 1.0, "f1": 0.64516, "auc": 0.60909}
{"epoch": 8, "time_epoch": 0.15521, "eta": 146.84513, "eta_hours": 0.04079, "loss": 0.69261595, "lr": 0.00098429, "params": 8313, "time_iter": 0.05174, "accuracy": 0.5, "precision": 0.4878, "recall": 1.0, "f1": 0.65574, "auc": 0.72273}
{"epoch": 9, "time_epoch": 0.15363, "eta": 132.09093, "eta_hours": 0.03669, "loss": 0.69232351, "lr": 0.00098015, "params": 8313, "time_iter": 0.05121, "accuracy": 0.52381, "precision": 0.5, "recall": 1.0, "f1": 0.66667, "auc": 0.7}
{"epoch": 10, "time_epoch": 0.15669, "eta": 120.01618, "eta_hours": 0.03334, "loss": 0.691917, "lr": 0.00097553, "params": 8313, "time_iter": 0.05223, "accuracy": 0.57143, "precision": 0.52941, "recall": 0.9, "f1": 0.66667, "auc": 0.67955}
{"epoch": 11, "time_epoch": 0.15915, "eta": 109.94581, "eta_hours": 0.03054, "loss": 0.69097208, "lr": 0.00097044, "params": 8313, "time_iter": 0.05305, "accuracy": 0.59524, "precision": 0.55172, "recall": 0.8, "f1": 0.65306, "auc": 0.74318}
{"epoch": 12, "time_epoch": 0.15729, "eta": 101.38777, "eta_hours": 0.02816, "loss": 0.69004931, "lr": 0.00096489, "params": 8313, "time_iter": 0.05243, "accuracy": 0.7619, "precision": 0.8125, "recall": 0.65, "f1": 0.72222, "auc": 0.84091}
{"epoch": 13, "time_epoch": 0.17345, "eta": 94.12914, "eta_hours": 0.02615, "loss": 0.68875933, "lr": 0.00095888, "params": 8313, "time_iter": 0.05782, "accuracy": 0.66667, "precision": 1.0, "recall": 0.3, "f1": 0.46154, "auc": 0.88409}
{"epoch": 14, "time_epoch": 0.17493, "eta": 87.82355, "eta_hours": 0.0244, "loss": 0.68696306, "lr": 0.00095241, "params": 8313, "time_iter": 0.05831, "accuracy": 0.64286, "precision": 0.85714, "recall": 0.3, "f1": 0.44444, "auc": 0.87727}
{"epoch": 15, "time_epoch": 0.17448, "eta": 82.28195, "eta_hours": 0.02286, "loss": 0.68507987, "lr": 0.0009455, "params": 8313, "time_iter": 0.05816, "accuracy": 0.64286, "precision": 1.0, "recall": 0.25, "f1": 0.4, "auc": 0.89773}
{"epoch": 16, "time_epoch": 0.17786, "eta": 77.38831, "eta_hours": 0.0215, "loss": 0.68245947, "lr": 0.00093815, "params": 8313, "time_iter": 0.05929, "accuracy": 0.64286, "precision": 1.0, "recall": 0.25, "f1": 0.4, "auc": 0.90682}
{"epoch": 17, "time_epoch": 0.17704, "eta": 73.01489, "eta_hours": 0.02028, "loss": 0.68170277, "lr": 0.00093037, "params": 8313, "time_iter": 0.05901, "accuracy": 0.61905, "precision": 1.0, "recall": 0.2, "f1": 0.33333, "auc": 0.85682}
{"epoch": 18, "time_epoch": 0.17657, "eta": 69.08116, "eta_hours": 0.01919, "loss": 0.6777465, "lr": 0.00092216, "params": 8313, "time_iter": 0.05886, "accuracy": 0.61905, "precision": 1.0, "recall": 0.2, "f1": 0.33333, "auc": 0.91136}
{"epoch": 19, "time_epoch": 0.18049, "eta": 65.53884, "eta_hours": 0.01821, "loss": 0.67217234, "lr": 0.00091354, "params": 8313, "time_iter": 0.06016, "accuracy": 0.69048, "precision": 1.0, "recall": 0.35, "f1": 0.51852, "auc": 0.90455}
{"epoch": 20, "time_epoch": 0.17631, "eta": 62.30097, "eta_hours": 0.01731, "loss": 0.66864695, "lr": 0.00090451, "params": 8313, "time_iter": 0.05877, "accuracy": 0.66667, "precision": 0.875, "recall": 0.35, "f1": 0.5, "auc": 0.90909}
{"epoch": 21, "time_epoch": 0.17486, "eta": 59.33627, "eta_hours": 0.01648, "loss": 0.66581132, "lr": 0.00089508, "params": 8313, "time_iter": 0.05829, "accuracy": 0.71429, "precision": 1.0, "recall": 0.4, "f1": 0.57143, "auc": 0.89773}
{"epoch": 22, "time_epoch": 0.17229, "eta": 56.60558, "eta_hours": 0.01572, "loss": 0.65953336, "lr": 0.00088526, "params": 8313, "time_iter": 0.05743, "accuracy": 0.7381, "precision": 1.0, "recall": 0.45, "f1": 0.62069, "auc": 0.92727}
{"epoch": 23, "time_epoch": 0.17498, "eta": 54.09662, "eta_hours": 0.01503, "loss": 0.65000612, "lr": 0.00087506, "params": 8313, "time_iter": 0.05833, "accuracy": 0.7381, "precision": 0.90909, "recall": 0.5, "f1": 0.64516, "auc": 0.91136}
{"epoch": 24, "time_epoch": 0.175, "eta": 51.77442, "eta_hours": 0.01438, "loss": 0.64692084, "lr": 0.00086448, "params": 8313, "time_iter": 0.05833, "accuracy": 0.7619, "precision": 1.0, "recall": 0.5, "f1": 0.66667, "auc": 0.89773}
{"epoch": 25, "time_epoch": 0.17498, "eta": 49.61734, "eta_hours": 0.01378, "loss": 0.63214949, "lr": 0.00085355, "params": 8313, "time_iter": 0.05833, "accuracy": 0.78571, "precision": 0.92308, "recall": 0.6, "f1": 0.72727, "auc": 0.925}
{"epoch": 26, "time_epoch": 0.1731, "eta": 47.60199, "eta_hours": 0.01322, "loss": 0.63162838, "lr": 0.00084227, "params": 8313, "time_iter": 0.0577, "accuracy": 0.7619, "precision": 0.91667, "recall": 0.55, "f1": 0.6875, "auc": 0.92273}
{"epoch": 27, "time_epoch": 0.1751, "eta": 45.72337, "eta_hours": 0.0127, "loss": 0.61272701, "lr": 0.00083066, "params": 8313, "time_iter": 0.05837, "accuracy": 0.83333, "precision": 0.93333, "recall": 0.7, "f1": 0.8, "auc": 0.94545}
{"epoch": 28, "time_epoch": 0.17602, "eta": 43.96449, "eta_hours": 0.01221, "loss": 0.59950765, "lr": 0.00081871, "params": 8313, "time_iter": 0.05867, "accuracy": 0.80952, "precision": 0.875, "recall": 0.7, "f1": 0.77778, "auc": 0.93182}
{"epoch": 29, "time_epoch": 0.17444, "eta": 42.30745, "eta_hours": 0.01175, "loss": 0.59320644, "lr": 0.00080645, "params": 8313, "time_iter": 0.05815, "accuracy": 0.83333, "precision": 0.93333, "recall": 0.7, "f1": 0.8, "auc": 0.93636}
{"epoch": 30, "time_epoch": 0.1768, "eta": 40.75131, "eta_hours": 0.01132, "loss": 0.57283817, "lr": 0.00079389, "params": 8313, "time_iter": 0.05893, "accuracy": 0.92857, "precision": 1.0, "recall": 0.85, "f1": 0.91892, "auc": 0.96136}
{"epoch": 31, "time_epoch": 0.17878, "eta": 39.2856, "eta_hours": 0.01091, "loss": 0.56405277, "lr": 0.00078104, "params": 8313, "time_iter": 0.05959, "accuracy": 0.90476, "precision": 0.94444, "recall": 0.85, "f1": 0.89474, "auc": 0.94091}
{"epoch": 32, "time_epoch": 0.1751, "eta": 37.89041, "eta_hours": 0.01053, "loss": 0.54909692, "lr": 0.00076791, "params": 8313, "time_iter": 0.05837, "accuracy": 0.88095, "precision": 0.94118, "recall": 0.8, "f1": 0.86486, "auc": 0.96364}
{"epoch": 33, "time_epoch": 0.17551, "eta": 36.5678, "eta_hours": 0.01016, "loss": 0.54215768, "lr": 0.00075452, "params": 8313, "time_iter": 0.0585, "accuracy": 0.85714, "precision": 0.9375, "recall": 0.75, "f1": 0.83333, "auc": 0.92955}
{"epoch": 34, "time_epoch": 0.17584, "eta": 35.31134, "eta_hours": 0.00981, "loss": 0.54190122, "lr": 0.00074088, "params": 8313, "time_iter": 0.05861, "accuracy": 0.83333, "precision": 0.93333, "recall": 0.7, "f1": 0.8, "auc": 0.91364}
{"epoch": 35, "time_epoch": 0.17598, "eta": 34.11517, "eta_hours": 0.00948, "loss": 0.49872831, "lr": 0.000727, "params": 8313, "time_iter": 0.05866, "accuracy": 0.88095, "precision": 0.94118, "recall": 0.8, "f1": 0.86486, "auc": 0.96136}
{"epoch": 36, "time_epoch": 0.17595, "eta": 32.97408, "eta_hours": 0.00916, "loss": 0.47476164, "lr": 0.00071289, "params": 8313, "time_iter": 0.05865, "accuracy": 0.90476, "precision": 0.94444, "recall": 0.85, "f1": 0.89474, "auc": 0.97955}
{"epoch": 37, "time_epoch": 0.17507, "eta": 31.88236, "eta_hours": 0.00886, "loss": 0.48428366, "lr": 0.00069857, "params": 8313, "time_iter": 0.05836, "accuracy": 0.78571, "precision": 0.86667, "recall": 0.65, "f1": 0.74286, "auc": 0.93182}
{"epoch": 38, "time_epoch": 0.17093, "eta": 30.83116, "eta_hours": 0.00856, "loss": 0.45755563, "lr": 0.00068406, "params": 8313, "time_iter": 0.05698, "accuracy": 0.90476, "precision": 0.94444, "recall": 0.85, "f1": 0.89474, "auc": 0.97273}
{"epoch": 39, "time_epoch": 0.17159, "eta": 29.82498, "eta_hours": 0.00828, "loss": 0.42459914, "lr": 0.00066937, "params": 8313, "time_iter": 0.0572, "accuracy": 0.92857, "precision": 1.0, "recall": 0.85, "f1": 0.91892, "auc": 0.98636}
{"epoch": 40, "time_epoch": 0.17164, "eta": 28.85958, "eta_hours": 0.00802, "loss": 0.41893902, "lr": 0.00065451, "params": 8313, "time_iter": 0.05721, "accuracy": 0.90476, "precision": 0.94444, "recall": 0.85, "f1": 0.89474, "auc": 0.97955}
{"epoch": 41, "time_epoch": 0.17453, "eta": 27.93596, "eta_hours": 0.00776, "loss": 0.39396409, "lr": 0.0006395, "params": 8313, "time_iter": 0.05818, "accuracy": 0.88095, "precision": 1.0, "recall": 0.75, "f1": 0.85714, "auc": 0.99318}
{"epoch": 42, "time_epoch": 0.17651, "eta": 27.04982, "eta_hours": 0.00751, "loss": 0.38722694, "lr": 0.00062434, "params": 8313, "time_iter": 0.05884, "accuracy": 0.92857, "precision": 1.0, "recall": 0.85, "f1": 0.91892, "auc": 0.98182}
{"epoch": 43, "time_epoch": 0.1795, "eta": 26.19972, "eta_hours": 0.00728, "loss": 0.3612896, "lr": 0.00060907, "params": 8313, "time_iter": 0.05983, "accuracy": 0.92857, "precision": 1.0, "recall": 0.85, "f1": 0.91892, "auc": 0.99545}
{"epoch": 44, "time_epoch": 0.17568, "eta": 25.37477, "eta_hours": 0.00705, "loss": 0.35532794, "lr": 0.00059369, "params": 8313, "time_iter": 0.05856, "accuracy": 0.92857, "precision": 1.0, "recall": 0.85, "f1": 0.91892, "auc": 0.99091}
{"epoch": 45, "time_epoch": 0.17156, "eta": 24.57321, "eta_hours": 0.00683, "loss": 0.33946906, "lr": 0.00057822, "params": 8313, "time_iter": 0.05719, "accuracy": 0.95238, "precision": 1.0, "recall": 0.9, "f1": 0.94737, "auc": 0.99318}
{"epoch": 46, "time_epoch": 0.17587, "eta": 23.80333, "eta_hours": 0.00661, "loss": 0.32227801, "lr": 0.00056267, "params": 8313, "time_iter": 0.05862, "accuracy": 0.92857, "precision": 1.0, "recall": 0.85, "f1": 0.91892, "auc": 0.99091}
{"epoch": 47, "time_epoch": 0.17496, "eta": 23.0572, "eta_hours": 0.0064, "loss": 0.31206523, "lr": 0.00054705, "params": 8313, "time_iter": 0.05832, "accuracy": 0.95238, "precision": 1.0, "recall": 0.9, "f1": 0.94737, "auc": 0.99318}
{"epoch": 48, "time_epoch": 0.17773, "eta": 22.33728, "eta_hours": 0.0062, "loss": 0.3217307, "lr": 0.0005314, "params": 8313, "time_iter": 0.05924, "accuracy": 0.95238, "precision": 1.0, "recall": 0.9, "f1": 0.94737, "auc": 0.98636}
{"epoch": 49, "time_epoch": 0.17698, "eta": 21.63828, "eta_hours": 0.00601, "loss": 0.27882641, "lr": 0.00051571, "params": 8313, "time_iter": 0.05899, "accuracy": 0.95238, "precision": 1.0, "recall": 0.9, "f1": 0.94737, "auc": 1.0}
{"epoch": 50, "time_epoch": 0.17576, "eta": 20.95859, "eta_hours": 0.00582, "loss": 0.26190734, "lr": 0.0005, "params": 8313, "time_iter": 0.05859, "accuracy": 0.97619, "precision": 1.0, "recall": 0.95, "f1": 0.97436, "auc": 0.99773}
{"epoch": 51, "time_epoch": 0.17317, "eta": 20.2959, "eta_hours": 0.00564, "loss": 0.24064341, "lr": 0.00048429, "params": 8313, "time_iter": 0.05772, "accuracy": 0.95238, "precision": 1.0, "recall": 0.9, "f1": 0.94737, "auc": 1.0}
{"epoch": 52, "time_epoch": 0.1818, "eta": 19.65932, "eta_hours": 0.00546, "loss": 0.2488692, "lr": 0.0004686, "params": 8313, "time_iter": 0.0606, "accuracy": 0.95238, "precision": 1.0, "recall": 0.9, "f1": 0.94737, "auc": 0.99773}
{"epoch": 53, "time_epoch": 0.17759, "eta": 19.036, "eta_hours": 0.00529, "loss": 0.23789626, "lr": 0.00045295, "params": 8313, "time_iter": 0.0592, "accuracy": 0.97619, "precision": 1.0, "recall": 0.95, "f1": 0.97436, "auc": 0.99773}
{"epoch": 54, "time_epoch": 0.17937, "eta": 18.43035, "eta_hours": 0.00512, "loss": 0.26378445, "lr": 0.00043733, "params": 8313, "time_iter": 0.05979, "accuracy": 0.97619, "precision": 1.0, "recall": 0.95, "f1": 0.97436, "auc": 0.99318}
{"epoch": 55, "time_epoch": 0.18518, "eta": 17.84448, "eta_hours": 0.00496, "loss": 0.28388021, "lr": 0.00042178, "params": 8313, "time_iter": 0.06173, "accuracy": 0.95238, "precision": 1.0, "recall": 0.9, "f1": 0.94737, "auc": 0.98182}
{"epoch": 56, "time_epoch": 0.17297, "eta": 17.26347, "eta_hours": 0.0048, "loss": 0.19335812, "lr": 0.00040631, "params": 8313, "time_iter": 0.05766, "accuracy": 0.95238, "precision": 1.0, "recall": 0.9, "f1": 0.94737, "auc": 1.0}
{"epoch": 57, "time_epoch": 0.17943, "eta": 16.7012, "eta_hours": 0.00464, "loss": 0.19806964, "lr": 0.00039093, "params": 8313, "time_iter": 0.05981, "accuracy": 0.97619, "precision": 1.0, "recall": 0.95, "f1": 0.97436, "auc": 1.0}
{"epoch": 58, "time_epoch": 0.17552, "eta": 16.1492, "eta_hours": 0.00449, "loss": 0.20029094, "lr": 0.00037566, "params": 8313, "time_iter": 0.05851, "accuracy": 0.97619, "precision": 1.0, "recall": 0.95, "f1": 0.97436, "auc": 0.99545}
{"epoch": 59, "time_epoch": 0.17556, "eta": 15.60976, "eta_hours": 0.00434, "loss": 0.21232496, "lr": 0.0003605, "params": 8313, "time_iter": 0.05852, "accuracy": 0.97619, "precision": 1.0, "recall": 0.95, "f1": 0.97436, "auc": 0.98864}
{"epoch": 60, "time_epoch": 0.17593, "eta": 15.0825, "eta_hours": 0.00419, "loss": 0.18132771, "lr": 0.00034549, "params": 8313, "time_iter": 0.05864, "accuracy": 1.0, "precision": 1.0, "recall": 1.0, "f1": 1.0, "auc": 1.0}
{"epoch": 61, "time_epoch": 0.17837, "eta": 14.56807, "eta_hours": 0.00405, "loss": 0.16506564, "lr": 0.00033063, "params": 8313, "time_iter": 0.05946, "accuracy": 1.0, "precision": 1.0, "recall": 1.0, "f1": 1.0, "auc": 1.0}
{"epoch": 62, "time_epoch": 0.17532, "eta": 14.06251, "eta_hours": 0.00391, "loss": 0.25087365, "lr": 0.00031594, "params": 8313, "time_iter": 0.05844, "accuracy": 0.92857, "precision": 1.0, "recall": 0.85, "f1": 0.91892, "auc": 0.98182}
{"epoch": 63, "time_epoch": 0.17578, "eta": 13.56753, "eta_hours": 0.00377, "loss": 0.1830146, "lr": 0.00030143, "params": 8313, "time_iter": 0.05859, "accuracy": 0.97619, "precision": 1.0, "recall": 0.95, "f1": 0.97436, "auc": 1.0}
{"epoch": 64, "time_epoch": 0.17598, "eta": 13.08248, "eta_hours": 0.00363, "loss": 0.14920909, "lr": 0.00028711, "params": 8313, "time_iter": 0.05866, "accuracy": 1.0, "precision": 1.0, "recall": 1.0, "f1": 1.0, "auc": 1.0}
{"epoch": 65, "time_epoch": 0.17226, "eta": 12.60487, "eta_hours": 0.0035, "loss": 0.16105132, "lr": 0.000273, "params": 8313, "time_iter": 0.05742, "accuracy": 1.0, "precision": 1.0, "recall": 1.0, "f1": 1.0, "auc": 1.0}
{"epoch": 66, "time_epoch": 0.17538, "eta": 12.13792, "eta_hours": 0.00337, "loss": 0.16450471, "lr": 0.00025912, "params": 8313, "time_iter": 0.05846, "accuracy": 0.97619, "precision": 1.0, "recall": 0.95, "f1": 0.97436, "auc": 1.0}
{"epoch": 67, "time_epoch": 0.17632, "eta": 11.67999, "eta_hours": 0.00324, "loss": 0.14060381, "lr": 0.00024548, "params": 8313, "time_iter": 0.05877, "accuracy": 1.0, "precision": 1.0, "recall": 1.0, "f1": 1.0, "auc": 1.0}
{"epoch": 68, "time_epoch": 0.17663, "eta": 11.23036, "eta_hours": 0.00312, "loss": 0.17427592, "lr": 0.00023209, "params": 8313, "time_iter": 0.05888, "accuracy": 1.0, "precision": 1.0, "recall": 1.0, "f1": 1.0, "auc": 1.0}
{"epoch": 69, "time_epoch": 0.17633, "eta": 10.7884, "eta_hours": 0.003, "loss": 0.13790328, "lr": 0.00021896, "params": 8313, "time_iter": 0.05878, "accuracy": 1.0, "precision": 1.0, "recall": 1.0, "f1": 1.0, "auc": 1.0}
{"epoch": 70, "time_epoch": 0.1738, "eta": 10.35289, "eta_hours": 0.00288, "loss": 0.12328187, "lr": 0.00020611, "params": 8313, "time_iter": 0.05793, "accuracy": 0.97619, "precision": 1.0, "recall": 0.95, "f1": 0.97436, "auc": 1.0}
{"epoch": 71, "time_epoch": 0.17451, "eta": 9.92493, "eta_hours": 0.00276, "loss": 0.15919738, "lr": 0.00019355, "params": 8313, "time_iter": 0.05817, "accuracy": 0.97619, "precision": 1.0, "recall": 0.95, "f1": 0.97436, "auc": 1.0}
{"epoch": 72, "time_epoch": 0.17681, "eta": 9.50476, "eta_hours": 0.00264, "loss": 0.14562894, "lr": 0.00018129, "params": 8313, "time_iter": 0.05894, "accuracy": 0.97619, "precision": 1.0, "recall": 0.95, "f1": 0.97436, "auc": 1.0}
{"epoch": 73, "time_epoch": 0.175, "eta": 9.09054, "eta_hours": 0.00253, "loss": 0.14593198, "lr": 0.00016934, "params": 8313, "time_iter": 0.05833, "accuracy": 0.97619, "precision": 1.0, "recall": 0.95, "f1": 0.97436, "auc": 1.0}
{"epoch": 74, "time_epoch": 0.17692, "eta": 8.68333, "eta_hours": 0.00241, "loss": 0.13498739, "lr": 0.00015773, "params": 8313, "time_iter": 0.05897, "accuracy": 1.0, "precision": 1.0, "recall": 1.0, "f1": 1.0, "auc": 1.0}
{"epoch": 75, "time_epoch": 0.17474, "eta": 8.28149, "eta_hours": 0.0023, "loss": 0.14560883, "lr": 0.00014645, "params": 8313, "time_iter": 0.05825, "accuracy": 1.0, "precision": 1.0, "recall": 1.0, "f1": 1.0, "auc": 1.0}
{"epoch": 76, "time_epoch": 0.17525, "eta": 7.88571, "eta_hours": 0.00219, "loss": 0.12577271, "lr": 0.00013552, "params": 8313, "time_iter": 0.05842, "accuracy": 0.97619, "precision": 1.0, "recall": 0.95, "f1": 0.97436, "auc": 1.0}
{"epoch": 77, "time_epoch": 0.17826, "eta": 7.49643, "eta_hours": 0.00208, "loss": 0.11636695, "lr": 0.00012494, "params": 8313, "time_iter": 0.05942, "accuracy": 1.0, "precision": 1.0, "recall": 1.0, "f1": 1.0, "auc": 1.0}
{"epoch": 78, "time_epoch": 0.17524, "eta": 7.11169, "eta_hours": 0.00198, "loss": 0.12418025, "lr": 0.00011474, "params": 8313, "time_iter": 0.05841, "accuracy": 1.0, "precision": 1.0, "recall": 1.0, "f1": 1.0, "auc": 1.0}
{"epoch": 79, "time_epoch": 0.17633, "eta": 6.73245, "eta_hours": 0.00187, "loss": 0.13272966, "lr": 0.00010492, "params": 8313, "time_iter": 0.05878, "accuracy": 0.97619, "precision": 1.0, "recall": 0.95, "f1": 0.97436, "auc": 1.0}
{"epoch": 80, "time_epoch": 0.18105, "eta": 6.35934, "eta_hours": 0.00177, "loss": 0.10686803, "lr": 9.549e-05, "params": 8313, "time_iter": 0.06035, "accuracy": 1.0, "precision": 1.0, "recall": 1.0, "f1": 1.0, "auc": 1.0}
{"epoch": 81, "time_epoch": 0.17889, "eta": 5.99044, "eta_hours": 0.00166, "loss": 0.11016705, "lr": 8.646e-05, "params": 8313, "time_iter": 0.05963, "accuracy": 1.0, "precision": 1.0, "recall": 1.0, "f1": 1.0, "auc": 1.0}
{"epoch": 82, "time_epoch": 0.17544, "eta": 5.6254, "eta_hours": 0.00156, "loss": 0.10889045, "lr": 7.784e-05, "params": 8313, "time_iter": 0.05848, "accuracy": 1.0, "precision": 1.0, "recall": 1.0, "f1": 1.0, "auc": 1.0}
{"epoch": 83, "time_epoch": 0.17325, "eta": 5.26447, "eta_hours": 0.00146, "loss": 0.10308478, "lr": 6.963e-05, "params": 8313, "time_iter": 0.05775, "accuracy": 1.0, "precision": 1.0, "recall": 1.0, "f1": 1.0, "auc": 1.0}
{"epoch": 84, "time_epoch": 0.17695, "eta": 4.9086, "eta_hours": 0.00136, "loss": 0.20735884, "lr": 6.185e-05, "params": 8313, "time_iter": 0.05898, "accuracy": 0.92857, "precision": 1.0, "recall": 0.85, "f1": 0.91892, "auc": 0.98864}
{"epoch": 85, "time_epoch": 0.17677, "eta": 4.55687, "eta_hours": 0.00127, "loss": 0.10131143, "lr": 5.45e-05, "params": 8313, "time_iter": 0.05892, "accuracy": 1.0, "precision": 1.0, "recall": 1.0, "f1": 1.0, "auc": 1.0}
{"epoch": 86, "time_epoch": 0.1748, "eta": 4.20886, "eta_hours": 0.00117, "loss": 0.11629562, "lr": 4.759e-05, "params": 8313, "time_iter": 0.05827, "accuracy": 0.97619, "precision": 1.0, "recall": 0.95, "f1": 0.97436, "auc": 1.0}
{"epoch": 87, "time_epoch": 0.17855, "eta": 3.8653, "eta_hours": 0.00107, "loss": 0.11832051, "lr": 4.112e-05, "params": 8313, "time_iter": 0.05952, "accuracy": 1.0, "precision": 1.0, "recall": 1.0, "f1": 1.0, "auc": 1.0}
{"epoch": 88, "time_epoch": 0.18384, "eta": 3.5261, "eta_hours": 0.00098, "loss": 0.10748734, "lr": 3.511e-05, "params": 8313, "time_iter": 0.06128, "accuracy": 1.0, "precision": 1.0, "recall": 1.0, "f1": 1.0, "auc": 1.0}
{"epoch": 89, "time_epoch": 0.17367, "eta": 3.18923, "eta_hours": 0.00089, "loss": 0.12546746, "lr": 2.956e-05, "params": 8313, "time_iter": 0.05789, "accuracy": 0.97619, "precision": 1.0, "recall": 0.95, "f1": 0.97436, "auc": 1.0}
{"epoch": 90, "time_epoch": 0.17526, "eta": 2.85609, "eta_hours": 0.00079, "loss": 0.16603253, "lr": 2.447e-05, "params": 8313, "time_iter": 0.05842, "accuracy": 0.97619, "precision": 1.0, "recall": 0.95, "f1": 0.97436, "auc": 0.99773}
{"epoch": 91, "time_epoch": 0.17696, "eta": 2.52654, "eta_hours": 0.0007, "loss": 0.13973512, "lr": 1.985e-05, "params": 8313, "time_iter": 0.05899, "accuracy": 1.0, "precision": 1.0, "recall": 1.0, "f1": 1.0, "auc": 1.0}
{"epoch": 92, "time_epoch": 0.17604, "eta": 2.20021, "eta_hours": 0.00061, "loss": 0.09958977, "lr": 1.571e-05, "params": 8313, "time_iter": 0.05868, "accuracy": 1.0, "precision": 1.0, "recall": 1.0, "f1": 1.0, "auc": 1.0}
{"epoch": 93, "time_epoch": 0.17433, "eta": 1.87695, "eta_hours": 0.00052, "loss": 0.09780531, "lr": 1.204e-05, "params": 8313, "time_iter": 0.05811, "accuracy": 1.0, "precision": 1.0, "recall": 1.0, "f1": 1.0, "auc": 1.0}
{"epoch": 94, "time_epoch": 0.17409, "eta": 1.55683, "eta_hours": 0.00043, "loss": 0.103454, "lr": 8.86e-06, "params": 8313, "time_iter": 0.05803, "accuracy": 1.0, "precision": 1.0, "recall": 1.0, "f1": 1.0, "auc": 1.0}
{"epoch": 95, "time_epoch": 0.17542, "eta": 1.2398, "eta_hours": 0.00034, "loss": 0.12956439, "lr": 6.16e-06, "params": 8313, "time_iter": 0.05847, "accuracy": 0.97619, "precision": 1.0, "recall": 0.95, "f1": 0.97436, "auc": 1.0}
{"epoch": 96, "time_epoch": 0.17838, "eta": 0.92578, "eta_hours": 0.00026, "loss": 0.11028507, "lr": 3.94e-06, "params": 8313, "time_iter": 0.05946, "accuracy": 1.0, "precision": 1.0, "recall": 1.0, "f1": 1.0, "auc": 1.0}
{"epoch": 97, "time_epoch": 0.17326, "eta": 0.61442, "eta_hours": 0.00017, "loss": 0.11695388, "lr": 2.22e-06, "params": 8313, "time_iter": 0.05775, "accuracy": 1.0, "precision": 1.0, "recall": 1.0, "f1": 1.0, "auc": 1.0}
{"epoch": 98, "time_epoch": 0.1787, "eta": 0.30591, "eta_hours": 8e-05, "loss": 0.12084976, "lr": 9.9e-07, "params": 8313, "time_iter": 0.05957, "accuracy": 1.0, "precision": 1.0, "recall": 1.0, "f1": 1.0, "auc": 1.0}
{"epoch": 99, "time_epoch": 0.17459, "eta": 0.0, "eta_hours": 0.0, "loss": 0.10527783, "lr": 2.5e-07, "params": 8313, "time_iter": 0.0582, "accuracy": 1.0, "precision": 1.0, "recall": 1.0, "f1": 1.0, "auc": 1.0}
