{"epoch": 0, "time_epoch": 36.80651, "eta": 3643.84402, "eta_hours": 1.01218, "loss": 0.66635748, "lr": 0.001, "params": 6759, "time_iter": 0.07161, "accuracy": 0.59396, "precision": 0.63944, "recall": 0.43992, "f1": 0.52124, "auc": 0.63535}
{"epoch": 1, "time_epoch": 26.28959, "eta": 3091.70875, "eta_hours": 0.85881, "loss": 0.64816095, "lr": 0.00099975, "params": 6759, "time_iter": 0.05115, "accuracy": 0.64508, "precision": 0.64581, "recall": 0.65019, "f1": 0.648, "auc": 0.67354}
{"epoch": 2, "time_epoch": 23.96902, "eta": 2815.1054, "eta_hours": 0.78197, "loss": 0.6530162, "lr": 0.00099901, "params": 6759, "time_iter": 0.04663, "accuracy": 0.61928, "precision": 0.6186, "recall": 0.63178, "f1": 0.62512, "auc": 0.66159}
{"epoch": 3, "time_epoch": 24.024, "eta": 2666.13873, "eta_hours": 0.74059, "loss": 0.64628012, "lr": 0.00099778, "params": 6759, "time_iter": 0.04674, "accuracy": 0.63242, "precision": 0.62557, "recall": 0.6686, "f1": 0.64637, "auc": 0.67725}
{"epoch": 4, "time_epoch": 23.84, "eta": 2563.65319, "eta_hours": 0.71213, "loss": 0.63229948, "lr": 0.00099606, "params": 6759, "time_iter": 0.04638, "accuracy": 0.64411, "precision": 0.64374, "recall": 0.6531, "f1": 0.64839, "auc": 0.69861}
{"epoch": 5, "time_epoch": 24.47666, "eta": 2497.35717, "eta_hours": 0.69371, "loss": 0.64008176, "lr": 0.00099384, "params": 6759, "time_iter": 0.04762, "accuracy": 0.64752, "precision": 0.65157, "recall": 0.64147, "f1": 0.64648, "auc": 0.6902}
{"epoch": 6, "time_epoch": 24.52026, "eta": 2443.58873, "eta_hours": 0.67877, "loss": 0.63149039, "lr": 0.00099114, "params": 6759, "time_iter": 0.0477, "accuracy": 0.66066, "precision": 0.6564, "recall": 0.6812, "f1": 0.66857, "auc": 0.70332}
{"epoch": 7, "time_epoch": 24.26644, "eta": 2394.21343, "eta_hours": 0.66506, "loss": 0.62537126, "lr": 0.00098796, "params": 6759, "time_iter": 0.04721, "accuracy": 0.64995, "precision": 0.6576, "recall": 0.63275, "f1": 0.64494, "auc": 0.70761}
{"epoch": 8, "time_epoch": 24.70524, "eta": 2354.85464, "eta_hours": 0.65413, "loss": 0.62919557, "lr": 0.00098429, "params": 6759, "time_iter": 0.04806, "accuracy": 0.65774, "precision": 0.65682, "recall": 0.66764, "f1": 0.66218, "auc": 0.70988}
{"epoch": 9, "time_epoch": 24.69984, "eta": 2318.37794, "eta_hours": 0.64399, "loss": 0.62166116, "lr": 0.00098015, "params": 6759, "time_iter": 0.04805, "accuracy": 0.66894, "precision": 0.67778, "recall": 0.65019, "f1": 0.6637, "auc": 0.72703}
{"epoch": 10, "time_epoch": 24.64933, "eta": 2283.63386, "eta_hours": 0.63434, "loss": 0.62502107, "lr": 0.00097553, "params": 6759, "time_iter": 0.04796, "accuracy": 0.66212, "precision": 0.66281, "recall": 0.66667, "f1": 0.66473, "auc": 0.72236}
{"epoch": 11, "time_epoch": 24.71456, "eta": 2251.05054, "eta_hours": 0.62529, "loss": 0.61694229, "lr": 0.00097044, "params": 6759, "time_iter": 0.04808, "accuracy": 0.67332, "precision": 0.67207, "recall": 0.68314, "f1": 0.67756, "auc": 0.73042}
{"epoch": 12, "time_epoch": 24.73767, "eta": 2219.83246, "eta_hours": 0.61662, "loss": 0.61150681, "lr": 0.00096489, "params": 6759, "time_iter": 0.04813, "accuracy": 0.67673, "precision": 0.68182, "recall": 0.6686, "f1": 0.67515, "auc": 0.73562}
{"epoch": 13, "time_epoch": 24.67237, "eta": 2189.13904, "eta_hours": 0.60809, "loss": 0.60727341, "lr": 0.00095888, "params": 6759, "time_iter": 0.048, "accuracy": 0.67965, "precision": 0.67708, "recall": 0.69283, "f1": 0.68487, "auc": 0.74463}
{"epoch": 14, "time_epoch": 24.63796, "eta": 2159.05346, "eta_hours": 0.59974, "loss": 0.6079423, "lr": 0.00095241, "params": 6759, "time_iter": 0.04793, "accuracy": 0.68939, "precision": 0.69352, "recall": 0.68411, "f1": 0.68878, "auc": 0.74799}
{"epoch": 15, "time_epoch": 24.05273, "eta": 2126.57634, "eta_hours": 0.59072, "loss": 0.59185197, "lr": 0.0009455, "params": 6759, "time_iter": 0.0468, "accuracy": 0.69669, "precision": 0.68953, "recall": 0.72093, "f1": 0.70488, "auc": 0.76521}
{"epoch": 16, "time_epoch": 24.65076, "eta": 2098.01012, "eta_hours": 0.58278, "loss": 0.59908618, "lr": 0.00093815, "params": 6759, "time_iter": 0.04796, "accuracy": 0.69231, "precision": 0.68832, "recall": 0.70833, "f1": 0.69819, "auc": 0.76518}
{"epoch": 17, "time_epoch": 24.61761, "eta": 2069.72794, "eta_hours": 0.57492, "loss": 0.59876938, "lr": 0.00093037, "params": 6759, "time_iter": 0.04789, "accuracy": 0.70351, "precision": 0.70837, "recall": 0.69671, "f1": 0.70249, "auc": 0.76459}
{"epoch": 18, "time_epoch": 24.20469, "eta": 2040.07116, "eta_hours": 0.56669, "loss": 0.60074807, "lr": 0.00092216, "params": 6759, "time_iter": 0.04709, "accuracy": 0.70545, "precision": 0.70123, "recall": 0.72093, "f1": 0.71094, "auc": 0.76599}
{"epoch": 19, "time_epoch": 23.88223, "eta": 2009.66975, "eta_hours": 0.55824, "loss": 0.59195834, "lr": 0.00091354, "params": 6759, "time_iter": 0.04646, "accuracy": 0.70643, "precision": 0.70886, "recall": 0.70543, "f1": 0.70714, "auc": 0.77285}
{"epoch": 20, "time_epoch": 23.90771, "eta": 1979.98506, "eta_hours": 0.55, "loss": 0.58135917, "lr": 0.00090451, "params": 6759, "time_iter": 0.04651, "accuracy": 0.69961, "precision": 0.69195, "recall": 0.72481, "f1": 0.708, "auc": 0.77764}
{"epoch": 21, "time_epoch": 23.88296, "eta": 1950.73781, "eta_hours": 0.54187, "loss": 0.58332684, "lr": 0.00089508, "params": 6759, "time_iter": 0.04646, "accuracy": 0.71178, "precision": 0.70484, "recall": 0.73353, "f1": 0.7189, "auc": 0.78672}
{"epoch": 22, "time_epoch": 23.88013, "eta": 1921.94755, "eta_hours": 0.53387, "loss": 0.58545939, "lr": 0.00088526, "params": 6759, "time_iter": 0.04646, "accuracy": 0.70886, "precision": 0.7051, "recall": 0.72287, "f1": 0.71388, "auc": 0.78208}
{"epoch": 23, "time_epoch": 23.87211, "eta": 1893.54108, "eta_hours": 0.52598, "loss": 0.58404719, "lr": 0.00087506, "params": 6759, "time_iter": 0.04644, "accuracy": 0.71081, "precision": 0.70817, "recall": 0.7219, "f1": 0.71497, "auc": 0.78089}
{"epoch": 24, "time_epoch": 23.88293, "eta": 1865.52982, "eta_hours": 0.5182, "loss": 0.57885917, "lr": 0.00086448, "params": 6759, "time_iter": 0.04646, "accuracy": 0.70643, "precision": 0.70526, "recall": 0.71415, "f1": 0.70968, "auc": 0.78913}
{"epoch": 25, "time_epoch": 23.8769, "eta": 1837.81896, "eta_hours": 0.51051, "loss": 0.5719414, "lr": 0.00085355, "params": 6759, "time_iter": 0.04645, "accuracy": 0.71714, "precision": 0.71374, "recall": 0.72965, "f1": 0.72161, "auc": 0.79299}
{"epoch": 26, "time_epoch": 23.84874, "eta": 1810.31594, "eta_hours": 0.50287, "loss": 0.58339358, "lr": 0.00084227, "params": 6759, "time_iter": 0.0464, "accuracy": 0.72201, "precision": 0.71973, "recall": 0.73159, "f1": 0.72561, "auc": 0.79155}
{"epoch": 27, "time_epoch": 23.87138, "eta": 1783.13219, "eta_hours": 0.49531, "loss": 0.5810248, "lr": 0.00083066, "params": 6759, "time_iter": 0.04644, "accuracy": 0.72639, "precision": 0.72004, "recall": 0.74516, "f1": 0.73238, "auc": 0.79679}
{"epoch": 28, "time_epoch": 23.88187, "eta": 1756.20254, "eta_hours": 0.48783, "loss": 0.55322905, "lr": 0.00081871, "params": 6759, "time_iter": 0.04646, "accuracy": 0.72298, "precision": 0.72763, "recall": 0.71705, "f1": 0.7223, "auc": 0.80029}
{"epoch": 29, "time_epoch": 23.85824, "eta": 1729.42094, "eta_hours": 0.48039, "loss": 0.57025701, "lr": 0.00080645, "params": 6759, "time_iter": 0.04642, "accuracy": 0.72833, "precision": 0.72274, "recall": 0.74516, "f1": 0.73378, "auc": 0.79828}
{"epoch": 30, "time_epoch": 23.85998, "eta": 1702.83181, "eta_hours": 0.47301, "loss": 0.56948674, "lr": 0.00079389, "params": 6759, "time_iter": 0.04642, "accuracy": 0.73223, "precision": 0.72151, "recall": 0.76066, "f1": 0.74057, "auc": 0.80297}
{"epoch": 31, "time_epoch": 23.8406, "eta": 1676.37208, "eta_hours": 0.46566, "loss": 0.56607497, "lr": 0.00078104, "params": 6759, "time_iter": 0.04638, "accuracy": 0.73661, "precision": 0.73674, "recall": 0.74031, "f1": 0.73852, "auc": 0.80584}
{"epoch": 32, "time_epoch": 23.84275, "eta": 1650.07546, "eta_hours": 0.45835, "loss": 0.57652038, "lr": 0.00076791, "params": 6759, "time_iter": 0.04639, "accuracy": 0.72736, "precision": 0.72649, "recall": 0.73353, "f1": 0.72999, "auc": 0.80197}
{"epoch": 33, "time_epoch": 23.87635, "eta": 1623.98839, "eta_hours": 0.45111, "loss": 0.55308032, "lr": 0.00075452, "params": 6759, "time_iter": 0.04645, "accuracy": 0.74197, "precision": 0.73905, "recall": 0.75194, "f1": 0.74544, "auc": 0.81148}
{"epoch": 34, "time_epoch": 23.86214, "eta": 1598.00126, "eta_hours": 0.44389, "loss": 0.56327714, "lr": 0.00074088, "params": 6759, "time_iter": 0.04642, "accuracy": 0.73953, "precision": 0.7329, "recall": 0.75775, "f1": 0.74512, "auc": 0.81146}
{"epoch": 35, "time_epoch": 23.87012, "eta": 1572.14637, "eta_hours": 0.43671, "loss": 0.57441159, "lr": 0.000727, "params": 6759, "time_iter": 0.04644, "accuracy": 0.73369, "precision": 0.72516, "recall": 0.75678, "f1": 0.74064, "auc": 0.80755}
{"epoch": 36, "time_epoch": 23.87294, "eta": 1546.40357, "eta_hours": 0.42956, "loss": 0.56363861, "lr": 0.00071289, "params": 6759, "time_iter": 0.04645, "accuracy": 0.73905, "precision": 0.73396, "recall": 0.75388, "f1": 0.74379, "auc": 0.81052}
{"epoch": 37, "time_epoch": 23.86282, "eta": 1520.74267, "eta_hours": 0.42243, "loss": 0.55386929, "lr": 0.00069857, "params": 6759, "time_iter": 0.04643, "accuracy": 0.75609, "precision": 0.75953, "recall": 0.75291, "f1": 0.7562, "auc": 0.82271}
{"epoch": 38, "time_epoch": 23.87301, "eta": 1495.18992, "eta_hours": 0.41533, "loss": 0.5534754, "lr": 0.00068406, "params": 6759, "time_iter": 0.04645, "accuracy": 0.74343, "precision": 0.73934, "recall": 0.75581, "f1": 0.74748, "auc": 0.81795}
{"epoch": 39, "time_epoch": 23.85333, "eta": 1469.69164, "eta_hours": 0.40825, "loss": 0.5568818, "lr": 0.00066937, "params": 6759, "time_iter": 0.04641, "accuracy": 0.75073, "precision": 0.74857, "recall": 0.75872, "f1": 0.75361, "auc": 0.82186}
{"epoch": 40, "time_epoch": 23.85501, "eta": 1444.27601, "eta_hours": 0.40119, "loss": 0.56577488, "lr": 0.00065451, "params": 6759, "time_iter": 0.04641, "accuracy": 0.73856, "precision": 0.73283, "recall": 0.75484, "f1": 0.74368, "auc": 0.80997}
{"epoch": 41, "time_epoch": 23.8667, "eta": 1418.95085, "eta_hours": 0.39415, "loss": 0.5540289, "lr": 0.0006395, "params": 6759, "time_iter": 0.04643, "accuracy": 0.74489, "precision": 0.73827, "recall": 0.7626, "f1": 0.75024, "auc": 0.81734}
{"epoch": 42, "time_epoch": 23.84646, "eta": 1393.66668, "eta_hours": 0.38713, "loss": 0.55354637, "lr": 0.00062434, "params": 6759, "time_iter": 0.04639, "accuracy": 0.75609, "precision": 0.75071, "recall": 0.77035, "f1": 0.7604, "auc": 0.81654}
{"epoch": 43, "time_epoch": 23.88799, "eta": 1368.50073, "eta_hours": 0.38014, "loss": 0.54706152, "lr": 0.00060907, "params": 6759, "time_iter": 0.04647, "accuracy": 0.74148, "precision": 0.7388, "recall": 0.75097, "f1": 0.74483, "auc": 0.81826}
{"epoch": 44, "time_epoch": 23.85468, "eta": 1343.35087, "eta_hours": 0.37315, "loss": 0.54529718, "lr": 0.00059369, "params": 6759, "time_iter": 0.04641, "accuracy": 0.76047, "precision": 0.74954, "recall": 0.78585, "f1": 0.76727, "auc": 0.82841}
{"epoch": 45, "time_epoch": 23.86951, "eta": 1318.27473, "eta_hours": 0.36619, "loss": 0.54175831, "lr": 0.00057822, "params": 6759, "time_iter": 0.04644, "accuracy": 0.75073, "precision": 0.74119, "recall": 0.77422, "f1": 0.75735, "auc": 0.82932}
{"epoch": 46, "time_epoch": 23.87102, "eta": 1293.25164, "eta_hours": 0.35924, "loss": 0.5603917, "lr": 0.00056267, "params": 6759, "time_iter": 0.04644, "accuracy": 0.74245, "precision": 0.73749, "recall": 0.75678, "f1": 0.74701, "auc": 0.8212}
{"epoch": 47, "time_epoch": 23.87196, "eta": 1268.27757, "eta_hours": 0.3523, "loss": 0.54110902, "lr": 0.00054705, "params": 6759, "time_iter": 0.04644, "accuracy": 0.76436, "precision": 0.75752, "recall": 0.78101, "f1": 0.76908, "auc": 0.834}
{"epoch": 48, "time_epoch": 23.89179, "eta": 1243.36912, "eta_hours": 0.34538, "loss": 0.55523637, "lr": 0.0005314, "params": 6759, "time_iter": 0.04648, "accuracy": 0.74391, "precision": 0.73868, "recall": 0.75872, "f1": 0.74857, "auc": 0.82215}
{"epoch": 49, "time_epoch": 23.86637, "eta": 1218.47592, "eta_hours": 0.33847, "loss": 0.54597409, "lr": 0.00051571, "params": 6759, "time_iter": 0.04643, "accuracy": 0.75219, "precision": 0.74976, "recall": 0.76066, "f1": 0.75517, "auc": 0.82938}
{"epoch": 50, "time_epoch": 23.86101, "eta": 1193.61783, "eta_hours": 0.33156, "loss": 0.54991948, "lr": 0.0005, "params": 6759, "time_iter": 0.04642, "accuracy": 0.75657, "precision": 0.75577, "recall": 0.76163, "f1": 0.75869, "auc": 0.82969}
{"epoch": 51, "time_epoch": 23.86167, "eta": 1168.7987, "eta_hours": 0.32467, "loss": 0.54425771, "lr": 0.00048429, "params": 6759, "time_iter": 0.04642, "accuracy": 0.75365, "precision": 0.75534, "recall": 0.75388, "f1": 0.75461, "auc": 0.82834}
{"epoch": 52, "time_epoch": 23.85695, "eta": 1144.01152, "eta_hours": 0.31778, "loss": 0.53479245, "lr": 0.0004686, "params": 6759, "time_iter": 0.04641, "accuracy": 0.75901, "precision": 0.75892, "recall": 0.7626, "f1": 0.76075, "auc": 0.83679}
{"epoch": 53, "time_epoch": 23.85034, "eta": 1119.25316, "eta_hours": 0.3109, "loss": 0.5538236, "lr": 0.00045295, "params": 6759, "time_iter": 0.0464, "accuracy": 0.75316, "precision": 0.74788, "recall": 0.76744, "f1": 0.75753, "auc": 0.82885}
{"epoch": 54, "time_epoch": 23.84224, "eta": 1094.52119, "eta_hours": 0.30403, "loss": 0.52869289, "lr": 0.00043733, "params": 6759, "time_iter": 0.04639, "accuracy": 0.7629, "precision": 0.75587, "recall": 0.78004, "f1": 0.76776, "auc": 0.83643}
{"epoch": 55, "time_epoch": 23.84501, "eta": 1069.82318, "eta_hours": 0.29717, "loss": 0.5362894, "lr": 0.00042178, "params": 6759, "time_iter": 0.04639, "accuracy": 0.75901, "precision": 0.74977, "recall": 0.78101, "f1": 0.76507, "auc": 0.83813}
{"epoch": 56, "time_epoch": 23.85857, "eta": 1045.16532, "eta_hours": 0.29032, "loss": 0.52755443, "lr": 0.00040631, "params": 6759, "time_iter": 0.04642, "accuracy": 0.76193, "precision": 0.75833, "recall": 0.77229, "f1": 0.76524, "auc": 0.84034}
{"epoch": 57, "time_epoch": 23.85166, "eta": 1020.53002, "eta_hours": 0.28348, "loss": 0.53917398, "lr": 0.00039093, "params": 6759, "time_iter": 0.0464, "accuracy": 0.76728, "precision": 0.75888, "recall": 0.78682, "f1": 0.7726, "auc": 0.83696}
{"epoch": 58, "time_epoch": 23.87663, "eta": 995.93864, "eta_hours": 0.27665, "loss": 0.5494806, "lr": 0.00037566, "params": 6759, "time_iter": 0.04645, "accuracy": 0.75414, "precision": 0.74835, "recall": 0.76938, "f1": 0.75872, "auc": 0.83412}
{"epoch": 59, "time_epoch": 23.84883, "eta": 971.35254, "eta_hours": 0.26982, "loss": 0.53573818, "lr": 0.0003605, "params": 6759, "time_iter": 0.0464, "accuracy": 0.75657, "precision": 0.74675, "recall": 0.78004, "f1": 0.76303, "auc": 0.83903}
{"epoch": 60, "time_epoch": 23.83654, "eta": 946.78277, "eta_hours": 0.263, "loss": 0.54594097, "lr": 0.00034549, "params": 6759, "time_iter": 0.04637, "accuracy": 0.75706, "precision": 0.7493, "recall": 0.77616, "f1": 0.76249, "auc": 0.83672}
{"epoch": 61, "time_epoch": 23.8595, "eta": 922.25072, "eta_hours": 0.25618, "loss": 0.51509857, "lr": 0.00033063, "params": 6759, "time_iter": 0.04642, "accuracy": 0.76923, "precision": 0.7714, "recall": 0.76841, "f1": 0.7699, "auc": 0.8498}
{"epoch": 62, "time_epoch": 23.83358, "eta": 897.72479, "eta_hours": 0.24937, "loss": 0.54002557, "lr": 0.00031594, "params": 6759, "time_iter": 0.04637, "accuracy": 0.77361, "precision": 0.77181, "recall": 0.78004, "f1": 0.7759, "auc": 0.84121}
{"epoch": 63, "time_epoch": 23.85034, "eta": 873.22993, "eta_hours": 0.24256, "loss": 0.54980814, "lr": 0.00030143, "params": 6759, "time_iter": 0.0464, "accuracy": 0.75219, "precision": 0.74693, "recall": 0.76647, "f1": 0.75658, "auc": 0.83585}
{"epoch": 64, "time_epoch": 23.8493, "eta": 848.75435, "eta_hours": 0.23577, "loss": 0.52906056, "lr": 0.00028711, "params": 6759, "time_iter": 0.0464, "accuracy": 0.75949, "precision": 0.75522, "recall": 0.77132, "f1": 0.76318, "auc": 0.84355}
{"epoch": 65, "time_epoch": 23.83388, "eta": 824.28979, "eta_hours": 0.22897, "loss": 0.5185605, "lr": 0.000273, "params": 6759, "time_iter": 0.04637, "accuracy": 0.76972, "precision": 0.76644, "recall": 0.77907, "f1": 0.77271, "auc": 0.8486}
{"epoch": 66, "time_epoch": 23.84843, "eta": 799.85123, "eta_hours": 0.22218, "loss": 0.53380255, "lr": 0.00025912, "params": 6759, "time_iter": 0.0464, "accuracy": 0.77361, "precision": 0.77129, "recall": 0.78101, "f1": 0.77612, "auc": 0.84338}
{"epoch": 67, "time_epoch": 23.8357, "eta": 775.42404, "eta_hours": 0.2154, "loss": 0.52424452, "lr": 0.00024548, "params": 6759, "time_iter": 0.04637, "accuracy": 0.76777, "precision": 0.76555, "recall": 0.77519, "f1": 0.77034, "auc": 0.84653}
{"epoch": 68, "time_epoch": 23.83209, "eta": 751.01236, "eta_hours": 0.20861, "loss": 0.53654768, "lr": 0.00023209, "params": 6759, "time_iter": 0.04637, "accuracy": 0.76582, "precision": 0.75772, "recall": 0.78488, "f1": 0.77106, "auc": 0.84088}
{"epoch": 69, "time_epoch": 23.8469, "eta": 726.6236, "eta_hours": 0.20184, "loss": 0.53963952, "lr": 0.00021896, "params": 6759, "time_iter": 0.04639, "accuracy": 0.76923, "precision": 0.76724, "recall": 0.77616, "f1": 0.77168, "auc": 0.84448}
{"epoch": 70, "time_epoch": 23.85526, "eta": 702.25351, "eta_hours": 0.19507, "loss": 0.52418635, "lr": 0.00020611, "params": 6759, "time_iter": 0.04641, "accuracy": 0.76485, "precision": 0.75775, "recall": 0.78198, "f1": 0.76967, "auc": 0.84525}
{"epoch": 71, "time_epoch": 23.86177, "eta": 677.90026, "eta_hours": 0.18831, "loss": 0.5223874, "lr": 0.00019355, "params": 6759, "time_iter": 0.04642, "accuracy": 0.77361, "precision": 0.7672, "recall": 0.78876, "f1": 0.77783, "auc": 0.84995}
{"epoch": 72, "time_epoch": 23.9718, "eta": 653.60117, "eta_hours": 0.18156, "loss": 0.53185474, "lr": 0.00018129, "params": 6759, "time_iter": 0.04664, "accuracy": 0.76436, "precision": 0.76245, "recall": 0.77132, "f1": 0.76686, "auc": 0.8427}
{"epoch": 73, "time_epoch": 23.8571, "eta": 629.27062, "eta_hours": 0.1748, "loss": 0.52560484, "lr": 0.00016934, "params": 6759, "time_iter": 0.04641, "accuracy": 0.7702, "precision": 0.76266, "recall": 0.78779, "f1": 0.77502, "auc": 0.84711}
{"epoch": 74, "time_epoch": 23.83942, "eta": 604.94681, "eta_hours": 0.16804, "loss": 0.54150387, "lr": 0.00015773, "params": 6759, "time_iter": 0.04638, "accuracy": 0.76485, "precision": 0.7544, "recall": 0.78876, "f1": 0.7712, "auc": 0.84214}
{"epoch": 75, "time_epoch": 23.81714, "eta": 580.6287, "eta_hours": 0.16129, "loss": 0.51347461, "lr": 0.00014645, "params": 6759, "time_iter": 0.04634, "accuracy": 0.78092, "precision": 0.77045, "recall": 0.80329, "f1": 0.78653, "auc": 0.85144}
{"epoch": 76, "time_epoch": 23.88276, "eta": 556.34321, "eta_hours": 0.15454, "loss": 0.52088617, "lr": 0.00013552, "params": 6759, "time_iter": 0.04646, "accuracy": 0.77702, "precision": 0.77703, "recall": 0.78004, "f1": 0.77853, "auc": 0.85115}
{"epoch": 77, "time_epoch": 23.84957, "eta": 532.05869, "eta_hours": 0.14779, "loss": 0.52493136, "lr": 0.00012494, "params": 6759, "time_iter": 0.0464, "accuracy": 0.77313, "precision": 0.77055, "recall": 0.78101, "f1": 0.77575, "auc": 0.84614}
{"epoch": 78, "time_epoch": 23.87587, "eta": 507.79216, "eta_hours": 0.14105, "loss": 0.50613631, "lr": 0.00011474, "params": 6759, "time_iter": 0.04645, "accuracy": 0.77556, "precision": 0.76313, "recall": 0.80233, "f1": 0.78224, "auc": 0.8564}
{"epoch": 79, "time_epoch": 23.88926, "eta": 483.53875, "eta_hours": 0.13432, "loss": 0.52546489, "lr": 0.00010492, "params": 6759, "time_iter": 0.04648, "accuracy": 0.78092, "precision": 0.77453, "recall": 0.79554, "f1": 0.78489, "auc": 0.847}
{"epoch": 80, "time_epoch": 23.87137, "eta": 459.29014, "eta_hours": 0.12758, "loss": 0.50956633, "lr": 9.549e-05, "params": 6759, "time_iter": 0.04644, "accuracy": 0.77167, "precision": 0.76582, "recall": 0.78585, "f1": 0.77571, "auc": 0.8535}
{"epoch": 81, "time_epoch": 23.91743, "eta": 435.06084, "eta_hours": 0.12085, "loss": 0.53504214, "lr": 8.646e-05, "params": 6759, "time_iter": 0.04653, "accuracy": 0.76728, "precision": 0.76482, "recall": 0.77519, "f1": 0.76997, "auc": 0.84214}
{"epoch": 82, "time_epoch": 23.86093, "eta": 410.82748, "eta_hours": 0.11412, "loss": 0.49897194, "lr": 7.784e-05, "params": 6759, "time_iter": 0.04642, "accuracy": 0.78724, "precision": 0.78469, "recall": 0.79457, "f1": 0.7896, "auc": 0.86072}
{"epoch": 83, "time_epoch": 23.86296, "eta": 386.60337, "eta_hours": 0.10739, "loss": 0.51125973, "lr": 6.963e-05, "params": 6759, "time_iter": 0.04643, "accuracy": 0.77215, "precision": 0.77701, "recall": 0.76647, "f1": 0.77171, "auc": 0.85572}
{"epoch": 84, "time_epoch": 23.88777, "eta": 362.39214, "eta_hours": 0.10066, "loss": 0.5126978, "lr": 6.185e-05, "params": 6759, "time_iter": 0.04647, "accuracy": 0.78481, "precision": 0.78696, "recall": 0.78391, "f1": 0.78544, "auc": 0.85605}
{"epoch": 85, "time_epoch": 23.83337, "eta": 338.17958, "eta_hours": 0.09394, "loss": 0.52632976, "lr": 5.45e-05, "params": 6759, "time_iter": 0.04637, "accuracy": 0.76534, "precision": 0.76442, "recall": 0.77035, "f1": 0.76737, "auc": 0.84948}
{"epoch": 86, "time_epoch": 23.86318, "eta": 313.98019, "eta_hours": 0.08722, "loss": 0.52459789, "lr": 4.759e-05, "params": 6759, "time_iter": 0.04643, "accuracy": 0.76972, "precision": 0.76695, "recall": 0.7781, "f1": 0.77249, "auc": 0.8512}
{"epoch": 87, "time_epoch": 23.86373, "eta": 289.78851, "eta_hours": 0.0805, "loss": 0.51722689, "lr": 4.112e-05, "params": 6759, "time_iter": 0.04643, "accuracy": 0.76193, "precision": 0.76131, "recall": 0.76647, "f1": 0.76388, "auc": 0.85201}
{"epoch": 88, "time_epoch": 23.87047, "eta": 265.60504, "eta_hours": 0.07378, "loss": 0.51069031, "lr": 3.511e-05, "params": 6759, "time_iter": 0.04644, "accuracy": 0.78092, "precision": 0.77874, "recall": 0.78779, "f1": 0.78324, "auc": 0.8568}
{"epoch": 89, "time_epoch": 23.88901, "eta": 241.43058, "eta_hours": 0.06706, "loss": 0.51390723, "lr": 2.956e-05, "params": 6759, "time_iter": 0.04648, "accuracy": 0.77167, "precision": 0.76284, "recall": 0.79167, "f1": 0.77699, "auc": 0.8542}
{"epoch": 90, "time_epoch": 23.97169, "eta": 217.27058, "eta_hours": 0.06035, "loss": 0.51726011, "lr": 2.447e-05, "params": 6759, "time_iter": 0.04664, "accuracy": 0.77751, "precision": 0.77832, "recall": 0.77907, "f1": 0.77869, "auc": 0.85315}
{"epoch": 91, "time_epoch": 24.02768, "eta": 193.11953, "eta_hours": 0.05364, "loss": 0.49326471, "lr": 1.985e-05, "params": 6759, "time_iter": 0.04675, "accuracy": 0.78432, "precision": 0.77395, "recall": 0.8062, "f1": 0.78975, "auc": 0.8633}
{"epoch": 92, "time_epoch": 23.99933, "eta": 168.96901, "eta_hours": 0.04694, "loss": 0.51803526, "lr": 1.571e-05, "params": 6759, "time_iter": 0.04669, "accuracy": 0.7741, "precision": 0.7768, "recall": 0.77229, "f1": 0.77454, "auc": 0.85398}
{"epoch": 93, "time_epoch": 24.01124, "eta": 144.82246, "eta_hours": 0.04023, "loss": 0.51574308, "lr": 1.204e-05, "params": 6759, "time_iter": 0.04671, "accuracy": 0.78238, "precision": 0.78371, "recall": 0.78295, "f1": 0.78333, "auc": 0.85593}
{"epoch": 94, "time_epoch": 24.01682, "eta": 120.67905, "eta_hours": 0.03352, "loss": 0.52375625, "lr": 8.86e-06, "params": 6759, "time_iter": 0.04673, "accuracy": 0.77264, "precision": 0.76828, "recall": 0.78391, "f1": 0.77602, "auc": 0.85061}
{"epoch": 95, "time_epoch": 24.00237, "eta": 96.53768, "eta_hours": 0.02682, "loss": 0.52384906, "lr": 6.16e-06, "params": 6759, "time_iter": 0.0467, "accuracy": 0.76874, "precision": 0.7615, "recall": 0.78585, "f1": 0.77349, "auc": 0.85083}
{"epoch": 96, "time_epoch": 24.01695, "eta": 72.39963, "eta_hours": 0.02011, "loss": 0.51251013, "lr": 3.94e-06, "params": 6759, "time_iter": 0.04673, "accuracy": 0.77702, "precision": 0.77178, "recall": 0.78973, "f1": 0.78065, "auc": 0.85576}
{"epoch": 97, "time_epoch": 24.01095, "eta": 48.26392, "eta_hours": 0.01341, "loss": 0.51135341, "lr": 2.22e-06, "params": 6759, "time_iter": 0.04671, "accuracy": 0.77361, "precision": 0.7667, "recall": 0.78973, "f1": 0.77804, "auc": 0.85606}
{"epoch": 98, "time_epoch": 23.9981, "eta": 24.13061, "eta_hours": 0.0067, "loss": 0.51915628, "lr": 9.9e-07, "params": 6759, "time_iter": 0.04669, "accuracy": 0.7741, "precision": 0.7736, "recall": 0.7781, "f1": 0.77585, "auc": 0.85581}
{"epoch": 99, "time_epoch": 24.04076, "eta": 0.0, "eta_hours": 0.0, "loss": 0.5026916, "lr": 2.5e-07, "params": 6759, "time_iter": 0.04677, "accuracy": 0.78481, "precision": 0.78585, "recall": 0.78585, "f1": 0.78585, "auc": 0.86068}
