{"epoch": 0, "time_epoch": 6.71442, "eta": 664.72735, "eta_hours": 0.18465, "loss": 0.69347274, "lr": 0.001, "params": 8313, "time_iter": 0.6104, "accuracy": 0.52381, "precision": 0.0, "recall": 0.0, "f1": 0.0, "auc": 0.34545}
{"epoch": 1, "time_epoch": 8.60945, "eta": 750.8697, "eta_hours": 0.20857, "loss": 0.6927126, "lr": 0.00099975, "params": 8313, "time_iter": 0.78268, "accuracy": 0.52381, "precision": 0.0, "recall": 0.0, "f1": 0.0, "auc": 0.57955}
{"epoch": 2, "time_epoch": 0.69199, "eta": 517.84618, "eta_hours": 0.14385, "loss": 0.6929852, "lr": 0.00099901, "params": 8313, "time_iter": 0.06291, "accuracy": 0.52381, "precision": 0.0, "recall": 0.0, "f1": 0.0, "auc": 0.47045}
{"epoch": 3, "time_epoch": 0.70507, "eta": 401.30236, "eta_hours": 0.11147, "loss": 0.69198612, "lr": 0.00099778, "params": 8313, "time_iter": 0.0641, "accuracy": 0.52381, "precision": 0.0, "recall": 0.0, "f1": 0.0, "auc": 0.61364}
{"epoch": 4, "time_epoch": 0.69472, "eta": 330.89744, "eta_hours": 0.09192, "loss": 0.69067794, "lr": 0.00099606, "params": 8313, "time_iter": 0.06316, "accuracy": 0.54762, "precision": 1.0, "recall": 0.05, "f1": 0.09524, "auc": 0.7}
{"epoch": 5, "time_epoch": 0.70039, "eta": 283.81811, "eta_hours": 0.07884, "loss": 0.68981323, "lr": 0.00099384, "params": 8313, "time_iter": 0.06367, "accuracy": 0.54762, "precision": 1.0, "recall": 0.05, "f1": 0.09524, "auc": 0.69318}
{"epoch": 6, "time_epoch": 0.70284, "eta": 250.02235, "eta_hours": 0.06945, "loss": 0.68521831, "lr": 0.00099114, "params": 8313, "time_iter": 0.06389, "accuracy": 0.57143, "precision": 1.0, "recall": 0.1, "f1": 0.18182, "auc": 0.80455}
{"epoch": 7, "time_epoch": 0.6888, "eta": 224.33839, "eta_hours": 0.06232, "loss": 0.67988288, "lr": 0.00098796, "params": 8313, "time_iter": 0.06262, "accuracy": 0.69048, "precision": 1.0, "recall": 0.35, "f1": 0.51852, "auc": 0.79545}
{"epoch": 8, "time_epoch": 0.69059, "eta": 204.22699, "eta_hours": 0.05673, "loss": 0.67747326, "lr": 0.00098429, "params": 8313, "time_iter": 0.06278, "accuracy": 0.61905, "precision": 0.75, "recall": 0.3, "f1": 0.42857, "auc": 0.75}
{"epoch": 9, "time_epoch": 0.69616, "eta": 188.04993, "eta_hours": 0.05224, "loss": 0.65849362, "lr": 0.00098015, "params": 8313, "time_iter": 0.06329, "accuracy": 0.69048, "precision": 0.81818, "recall": 0.45, "f1": 0.58065, "auc": 0.86136}
{"epoch": 10, "time_epoch": 0.68873, "eta": 174.62742, "eta_hours": 0.04851, "loss": 0.65954383, "lr": 0.00097553, "params": 8313, "time_iter": 0.06261, "accuracy": 0.7381, "precision": 0.76471, "recall": 0.65, "f1": 0.7027, "auc": 0.76591}
{"epoch": 11, "time_epoch": 0.69296, "eta": 163.35823, "eta_hours": 0.04538, "loss": 0.62793367, "lr": 0.00097044, "params": 8313, "time_iter": 0.063, "accuracy": 0.80952, "precision": 0.92857, "recall": 0.65, "f1": 0.76471, "auc": 0.84545}
{"epoch": 12, "time_epoch": 0.69443, "eta": 153.72597, "eta_hours": 0.0427, "loss": 0.59580898, "lr": 0.00096489, "params": 8313, "time_iter": 0.06313, "accuracy": 0.7381, "precision": 0.73684, "recall": 0.7, "f1": 0.71795, "auc": 0.86136}
{"epoch": 13, "time_epoch": 0.69052, "eta": 145.34659, "eta_hours": 0.04037, "loss": 0.55717277, "lr": 0.00095888, "params": 8313, "time_iter": 0.06277, "accuracy": 0.80952, "precision": 0.83333, "recall": 0.75, "f1": 0.78947, "auc": 0.875}
{"epoch": 14, "time_epoch": 0.686, "eta": 137.96675, "eta_hours": 0.03832, "loss": 0.50068384, "lr": 0.00095241, "params": 8313, "time_iter": 0.06236, "accuracy": 0.80952, "precision": 0.8, "recall": 0.8, "f1": 0.8, "auc": 0.925}
{"epoch": 15, "time_epoch": 0.69072, "eta": 131.4484, "eta_hours": 0.03651, "loss": 0.48419532, "lr": 0.0009455, "params": 8313, "time_iter": 0.06279, "accuracy": 0.85714, "precision": 0.85, "recall": 0.85, "f1": 0.85, "auc": 0.90227}
{"epoch": 16, "time_epoch": 0.69983, "eta": 125.66015, "eta_hours": 0.03491, "loss": 0.43276931, "lr": 0.00093815, "params": 8313, "time_iter": 0.06362, "accuracy": 0.85714, "precision": 0.88889, "recall": 0.8, "f1": 0.84211, "auc": 0.89773}
{"epoch": 17, "time_epoch": 0.69207, "eta": 120.40193, "eta_hours": 0.03344, "loss": 0.42774054, "lr": 0.00093037, "params": 8313, "time_iter": 0.06292, "accuracy": 0.80952, "precision": 0.8, "recall": 0.8, "f1": 0.8, "auc": 0.89773}
{"epoch": 18, "time_epoch": 0.69925, "eta": 115.65497, "eta_hours": 0.03213, "loss": 0.44370467, "lr": 0.00092216, "params": 8313, "time_iter": 0.06357, "accuracy": 0.80952, "precision": 0.83333, "recall": 0.75, "f1": 0.78947, "auc": 0.87045}
{"epoch": 19, "time_epoch": 0.69945, "eta": 111.31355, "eta_hours": 0.03092, "loss": 0.46572428, "lr": 0.00091354, "params": 8313, "time_iter": 0.06359, "accuracy": 0.7381, "precision": 0.76471, "recall": 0.65, "f1": 0.7027, "auc": 0.86591}
{"epoch": 20, "time_epoch": 0.68509, "eta": 107.26499, "eta_hours": 0.0298, "loss": 0.48908275, "lr": 0.00090451, "params": 8313, "time_iter": 0.06228, "accuracy": 0.78571, "precision": 0.78947, "recall": 0.75, "f1": 0.76923, "auc": 0.84091}
{"epoch": 21, "time_epoch": 0.69349, "eta": 103.55198, "eta_hours": 0.02876, "loss": 0.29375751, "lr": 0.00089508, "params": 8313, "time_iter": 0.06304, "accuracy": 0.92857, "precision": 0.90476, "recall": 0.95, "f1": 0.92683, "auc": 0.95455}
{"epoch": 22, "time_epoch": 0.69452, "eta": 100.10498, "eta_hours": 0.02781, "loss": 0.35932678, "lr": 0.00088526, "params": 8313, "time_iter": 0.06314, "accuracy": 0.80952, "precision": 0.83333, "recall": 0.75, "f1": 0.78947, "auc": 0.91818}
{"epoch": 23, "time_epoch": 0.70116, "eta": 96.90837, "eta_hours": 0.02692, "loss": 0.23984903, "lr": 0.00087506, "params": 8313, "time_iter": 0.06374, "accuracy": 0.90476, "precision": 0.9, "recall": 0.9, "f1": 0.9, "auc": 0.975}
{"epoch": 24, "time_epoch": 0.68865, "eta": 93.87388, "eta_hours": 0.02608, "loss": 0.34870671, "lr": 0.00086448, "params": 8313, "time_iter": 0.0626, "accuracy": 0.80952, "precision": 0.77273, "recall": 0.85, "f1": 0.80952, "auc": 0.91818}
{"epoch": 25, "time_epoch": 0.69842, "eta": 91.04766, "eta_hours": 0.02529, "loss": 0.23233665, "lr": 0.00085355, "params": 8313, "time_iter": 0.06349, "accuracy": 0.90476, "precision": 0.9, "recall": 0.9, "f1": 0.9, "auc": 0.975}
{"epoch": 26, "time_epoch": 0.69116, "eta": 88.35942, "eta_hours": 0.02454, "loss": 0.20787036, "lr": 0.00084227, "params": 8313, "time_iter": 0.06283, "accuracy": 0.92857, "precision": 1.0, "recall": 0.85, "f1": 0.91892, "auc": 0.97273}
{"epoch": 27, "time_epoch": 0.70038, "eta": 85.83753, "eta_hours": 0.02384, "loss": 0.29455938, "lr": 0.00083066, "params": 8313, "time_iter": 0.06367, "accuracy": 0.85714, "precision": 0.85, "recall": 0.85, "f1": 0.85, "auc": 0.95}
{"epoch": 28, "time_epoch": 0.69799, "eta": 83.43541, "eta_hours": 0.02318, "loss": 0.12709128, "lr": 0.00081871, "params": 8313, "time_iter": 0.06345, "accuracy": 0.97619, "precision": 1.0, "recall": 0.95, "f1": 0.97436, "auc": 1.0}
{"epoch": 29, "time_epoch": 0.69085, "eta": 81.13022, "eta_hours": 0.02254, "loss": 0.14459561, "lr": 0.00080645, "params": 8313, "time_iter": 0.0628, "accuracy": 0.92857, "precision": 0.94737, "recall": 0.9, "f1": 0.92308, "auc": 0.99318}
{"epoch": 30, "time_epoch": 0.69225, "eta": 78.93231, "eta_hours": 0.02193, "loss": 0.16601691, "lr": 0.00079389, "params": 8313, "time_iter": 0.06293, "accuracy": 0.95238, "precision": 0.95, "recall": 0.95, "f1": 0.95, "auc": 0.98409}
{"epoch": 31, "time_epoch": 0.70505, "eta": 76.8557, "eta_hours": 0.02135, "loss": 0.12319522, "lr": 0.00078104, "params": 8313, "time_iter": 0.0641, "accuracy": 0.95238, "precision": 1.0, "recall": 0.9, "f1": 0.94737, "auc": 1.0}
{"epoch": 32, "time_epoch": 0.69003, "eta": 74.83174, "eta_hours": 0.02079, "loss": 0.17337298, "lr": 0.00076791, "params": 8313, "time_iter": 0.06273, "accuracy": 0.95238, "precision": 0.95, "recall": 0.95, "f1": 0.95, "auc": 0.98182}
{"epoch": 33, "time_epoch": 0.69696, "eta": 72.89969, "eta_hours": 0.02025, "loss": 0.0854818, "lr": 0.00075452, "params": 8313, "time_iter": 0.06336, "accuracy": 0.97619, "precision": 1.0, "recall": 0.95, "f1": 0.97436, "auc": 1.0}
{"epoch": 34, "time_epoch": 0.68677, "eta": 71.01929, "eta_hours": 0.01973, "loss": 0.13453389, "lr": 0.00074088, "params": 8313, "time_iter": 0.06243, "accuracy": 0.95238, "precision": 0.95, "recall": 0.95, "f1": 0.95, "auc": 0.99091}
{"epoch": 35, "time_epoch": 0.76271, "eta": 69.34021, "eta_hours": 0.01926, "loss": 0.51295252, "lr": 0.000727, "params": 8313, "time_iter": 0.06934, "accuracy": 0.78571, "precision": 0.86667, "recall": 0.65, "f1": 0.74286, "auc": 0.87955}
{"epoch": 36, "time_epoch": 0.69626, "eta": 67.59752, "eta_hours": 0.01878, "loss": 0.12289173, "lr": 0.00071289, "params": 8313, "time_iter": 0.0633, "accuracy": 0.92857, "precision": 0.90476, "recall": 0.95, "f1": 0.92683, "auc": 0.99318}
{"epoch": 37, "time_epoch": 0.64657, "eta": 65.82882, "eta_hours": 0.01829, "loss": 0.19571632, "lr": 0.00069857, "params": 8313, "time_iter": 0.05878, "accuracy": 0.90476, "precision": 0.9, "recall": 0.9, "f1": 0.9, "auc": 0.97955}
{"epoch": 38, "time_epoch": 0.64916, "eta": 64.12173, "eta_hours": 0.01781, "loss": 0.23089704, "lr": 0.00068406, "params": 8313, "time_iter": 0.05901, "accuracy": 0.92857, "precision": 0.90476, "recall": 0.95, "f1": 0.92683, "auc": 0.97045}
{"epoch": 39, "time_epoch": 0.64923, "eta": 62.46764, "eta_hours": 0.01735, "loss": 0.08941613, "lr": 0.00066937, "params": 8313, "time_iter": 0.05902, "accuracy": 0.95238, "precision": 0.95, "recall": 0.95, "f1": 0.95, "auc": 0.99773}
{"epoch": 40, "time_epoch": 0.65752, "eta": 60.87449, "eta_hours": 0.01691, "loss": 0.12283947, "lr": 0.00065451, "params": 8313, "time_iter": 0.05977, "accuracy": 0.97619, "precision": 1.0, "recall": 0.95, "f1": 0.97436, "auc": 0.98636}
{"epoch": 41, "time_epoch": 0.65841, "eta": 59.32712, "eta_hours": 0.01648, "loss": 0.42260031, "lr": 0.0006395, "params": 8313, "time_iter": 0.05986, "accuracy": 0.80952, "precision": 0.8, "recall": 0.8, "f1": 0.8, "auc": 0.93182}
{"epoch": 42, "time_epoch": 0.65003, "eta": 57.81, "eta_hours": 0.01606, "loss": 0.12613632, "lr": 0.00062434, "params": 8313, "time_iter": 0.05909, "accuracy": 0.95238, "precision": 0.90909, "recall": 1.0, "f1": 0.95238, "auc": 0.99545}
{"epoch": 43, "time_epoch": 0.65262, "eta": 56.33559, "eta_hours": 0.01565, "loss": 0.09029444, "lr": 0.00060907, "params": 8313, "time_iter": 0.05933, "accuracy": 0.95238, "precision": 0.90909, "recall": 1.0, "f1": 0.95238, "auc": 1.0}
{"epoch": 44, "time_epoch": 0.66084, "eta": 54.90774, "eta_hours": 0.01525, "loss": 0.1538745, "lr": 0.00059369, "params": 8313, "time_iter": 0.06008, "accuracy": 0.92857, "precision": 0.86957, "recall": 1.0, "f1": 0.93023, "auc": 0.99091}
{"epoch": 45, "time_epoch": 0.65036, "eta": 53.50095, "eta_hours": 0.01486, "loss": 0.36988786, "lr": 0.00057822, "params": 8313, "time_iter": 0.05912, "accuracy": 0.83333, "precision": 0.80952, "recall": 0.85, "f1": 0.82927, "auc": 0.93864}
{"epoch": 46, "time_epoch": 0.65032, "eta": 52.12629, "eta_hours": 0.01448, "loss": 0.28665655, "lr": 0.00056267, "params": 8313, "time_iter": 0.05912, "accuracy": 0.90476, "precision": 0.9, "recall": 0.9, "f1": 0.9, "auc": 0.95682}
{"epoch": 47, "time_epoch": 0.64852, "eta": 50.77986, "eta_hours": 0.01411, "loss": 0.08514589, "lr": 0.00054705, "params": 8313, "time_iter": 0.05896, "accuracy": 0.97619, "precision": 0.95238, "recall": 1.0, "f1": 0.97561, "auc": 0.99773}
{"epoch": 48, "time_epoch": 0.64261, "eta": 49.45577, "eta_hours": 0.01374, "loss": 0.03355267, "lr": 0.0005314, "params": 8313, "time_iter": 0.05842, "accuracy": 1.0, "precision": 1.0, "recall": 1.0, "f1": 1.0, "auc": 1.0}
{"epoch": 49, "time_epoch": 0.65587, "eta": 48.1722, "eta_hours": 0.01338, "loss": 0.14011846, "lr": 0.00051571, "params": 8313, "time_iter": 0.05962, "accuracy": 0.97619, "precision": 1.0, "recall": 0.95, "f1": 0.97436, "auc": 0.98409}
{"epoch": 50, "time_epoch": 0.64839, "eta": 46.90606, "eta_hours": 0.01303, "loss": 0.12876752, "lr": 0.0005, "params": 8313, "time_iter": 0.05894, "accuracy": 0.90476, "precision": 0.9, "recall": 0.9, "f1": 0.9, "auc": 0.98864}
{"epoch": 51, "time_epoch": 0.65039, "eta": 45.66553, "eta_hours": 0.01268, "loss": 0.0220099, "lr": 0.00048429, "params": 8313, "time_iter": 0.05913, "accuracy": 1.0, "precision": 1.0, "recall": 1.0, "f1": 1.0, "auc": 1.0}
{"epoch": 52, "time_epoch": 0.65058, "eta": 44.44743, "eta_hours": 0.01235, "loss": 0.16901074, "lr": 0.0004686, "params": 8313, "time_iter": 0.05914, "accuracy": 0.92857, "precision": 1.0, "recall": 0.85, "f1": 0.91892, "auc": 0.98636}
{"epoch": 53, "time_epoch": 0.64499, "eta": 43.24559, "eta_hours": 0.01201, "loss": 0.06341733, "lr": 0.00045295, "params": 8313, "time_iter": 0.05864, "accuracy": 0.95238, "precision": 1.0, "recall": 0.9, "f1": 0.94737, "auc": 1.0}
{"epoch": 54, "time_epoch": 0.64687, "eta": 42.06553, "eta_hours": 0.01168, "loss": 0.20444486, "lr": 0.00043733, "params": 8313, "time_iter": 0.05881, "accuracy": 0.97619, "precision": 0.95238, "recall": 1.0, "f1": 0.97561, "auc": 0.96591}
{"epoch": 55, "time_epoch": 0.64993, "eta": 40.90692, "eta_hours": 0.01136, "loss": 0.17744035, "lr": 0.00042178, "params": 8313, "time_iter": 0.05908, "accuracy": 0.92857, "precision": 0.90476, "recall": 0.95, "f1": 0.92683, "auc": 0.97955}
{"epoch": 56, "time_epoch": 0.64929, "eta": 39.76568, "eta_hours": 0.01105, "loss": 0.13247864, "lr": 0.00040631, "params": 8313, "time_iter": 0.05903, "accuracy": 0.95238, "precision": 1.0, "recall": 0.9, "f1": 0.94737, "auc": 0.98636}
{"epoch": 57, "time_epoch": 0.65504, "eta": 38.64557, "eta_hours": 0.01073, "loss": 0.05070795, "lr": 0.00039093, "params": 8313, "time_iter": 0.05955, "accuracy": 1.0, "precision": 1.0, "recall": 1.0, "f1": 1.0, "auc": 1.0}
{"epoch": 58, "time_epoch": 0.65101, "eta": 37.53842, "eta_hours": 0.01043, "loss": 0.01625154, "lr": 0.00037566, "params": 8313, "time_iter": 0.05918, "accuracy": 1.0, "precision": 1.0, "recall": 1.0, "f1": 1.0, "auc": 1.0}
{"epoch": 59, "time_epoch": 0.65202, "eta": 36.44715, "eta_hours": 0.01012, "loss": 0.05518965, "lr": 0.0003605, "params": 8313, "time_iter": 0.05927, "accuracy": 0.97619, "precision": 0.95238, "recall": 1.0, "f1": 0.97561, "auc": 1.0}
{"epoch": 60, "time_epoch": 0.6524, "eta": 35.37052, "eta_hours": 0.00983, "loss": 0.11538285, "lr": 0.00034549, "params": 8313, "time_iter": 0.05931, "accuracy": 0.97619, "precision": 0.95238, "recall": 1.0, "f1": 0.97561, "auc": 0.98864}
{"epoch": 61, "time_epoch": 0.6508, "eta": 34.3066, "eta_hours": 0.00953, "loss": 0.02269258, "lr": 0.00033063, "params": 8313, "time_iter": 0.05916, "accuracy": 1.0, "precision": 1.0, "recall": 1.0, "f1": 1.0, "auc": 1.0}
{"epoch": 62, "time_epoch": 0.6469, "eta": 33.2535, "eta_hours": 0.00924, "loss": 0.383433, "lr": 0.00031594, "params": 8313, "time_iter": 0.05881, "accuracy": 0.80952, "precision": 0.83333, "recall": 0.75, "f1": 0.78947, "auc": 0.92955}
{"epoch": 63, "time_epoch": 0.64338, "eta": 32.21111, "eta_hours": 0.00895, "loss": 0.11124747, "lr": 0.00030143, "params": 8313, "time_iter": 0.05849, "accuracy": 0.92857, "precision": 0.86957, "recall": 1.0, "f1": 0.93023, "auc": 1.0}
{"epoch": 64, "time_epoch": 0.65074, "eta": 31.18497, "eta_hours": 0.00866, "loss": 0.06911441, "lr": 0.00028711, "params": 8313, "time_iter": 0.05916, "accuracy": 0.97619, "precision": 0.95238, "recall": 1.0, "f1": 0.97561, "auc": 0.99773}
{"epoch": 65, "time_epoch": 0.64743, "eta": 30.1685, "eta_hours": 0.00838, "loss": 0.01518216, "lr": 0.000273, "params": 8313, "time_iter": 0.05886, "accuracy": 1.0, "precision": 1.0, "recall": 1.0, "f1": 1.0, "auc": 1.0}
{"epoch": 66, "time_epoch": 0.64364, "eta": 29.16117, "eta_hours": 0.0081, "loss": 0.33440865, "lr": 0.00025912, "params": 8313, "time_iter": 0.05851, "accuracy": 0.90476, "precision": 0.94444, "recall": 0.85, "f1": 0.89474, "auc": 0.95455}
{"epoch": 67, "time_epoch": 0.64899, "eta": 28.16706, "eta_hours": 0.00782, "loss": 0.14887239, "lr": 0.00024548, "params": 8313, "time_iter": 0.059, "accuracy": 0.92857, "precision": 0.94737, "recall": 0.9, "f1": 0.92308, "auc": 0.98182}
{"epoch": 68, "time_epoch": 0.64861, "eta": 27.18278, "eta_hours": 0.00755, "loss": 0.13006468, "lr": 0.00023209, "params": 8313, "time_iter": 0.05896, "accuracy": 0.97619, "precision": 1.0, "recall": 0.95, "f1": 0.97436, "auc": 0.98636}
{"epoch": 69, "time_epoch": 0.6466, "eta": 26.20724, "eta_hours": 0.00728, "loss": 0.14749567, "lr": 0.00021896, "params": 8313, "time_iter": 0.05878, "accuracy": 0.92857, "precision": 0.90476, "recall": 0.95, "f1": 0.92683, "auc": 0.99091}
{"epoch": 70, "time_epoch": 0.65742, "eta": 25.24537, "eta_hours": 0.00701, "loss": 0.02069398, "lr": 0.00020611, "params": 8313, "time_iter": 0.05977, "accuracy": 1.0, "precision": 1.0, "recall": 1.0, "f1": 1.0, "auc": 1.0}
{"epoch": 71, "time_epoch": 0.6482, "eta": 24.28838, "eta_hours": 0.00675, "loss": 0.14194056, "lr": 0.00019355, "params": 8313, "time_iter": 0.05893, "accuracy": 0.95238, "precision": 1.0, "recall": 0.9, "f1": 0.94737, "auc": 0.99545}
{"epoch": 72, "time_epoch": 0.64872, "eta": 23.34004, "eta_hours": 0.00648, "loss": 0.07777582, "lr": 0.00018129, "params": 8313, "time_iter": 0.05897, "accuracy": 0.95238, "precision": 0.90909, "recall": 1.0, "f1": 0.95238, "auc": 1.0}
{"epoch": 73, "time_epoch": 0.65325, "eta": 22.40139, "eta_hours": 0.00622, "loss": 0.37666758, "lr": 0.00016934, "params": 8313, "time_iter": 0.05939, "accuracy": 0.80952, "precision": 0.92857, "recall": 0.65, "f1": 0.76471, "auc": 0.94091}
{"epoch": 74, "time_epoch": 0.64174, "eta": 21.46652, "eta_hours": 0.00596, "loss": 0.0710716, "lr": 0.00015773, "params": 8313, "time_iter": 0.05834, "accuracy": 0.97619, "precision": 0.95238, "recall": 1.0, "f1": 0.97561, "auc": 0.99773}
{"epoch": 75, "time_epoch": 0.65238, "eta": 20.54271, "eta_hours": 0.00571, "loss": 0.23138055, "lr": 0.00014645, "params": 8313, "time_iter": 0.05931, "accuracy": 0.92857, "precision": 0.94737, "recall": 0.9, "f1": 0.92308, "auc": 0.96818}
{"epoch": 76, "time_epoch": 0.64441, "eta": 19.62358, "eta_hours": 0.00545, "loss": 0.06844724, "lr": 0.00013552, "params": 8313, "time_iter": 0.05858, "accuracy": 0.97619, "precision": 1.0, "recall": 0.95, "f1": 0.97436, "auc": 1.0}
{"epoch": 77, "time_epoch": 0.64529, "eta": 18.71174, "eta_hours": 0.0052, "loss": 0.02636481, "lr": 0.00012494, "params": 8313, "time_iter": 0.05866, "accuracy": 1.0, "precision": 1.0, "recall": 1.0, "f1": 1.0, "auc": 1.0}
{"epoch": 78, "time_epoch": 0.64815, "eta": 17.80741, "eta_hours": 0.00495, "loss": 0.07998702, "lr": 0.00011474, "params": 8313, "time_iter": 0.05892, "accuracy": 0.95238, "precision": 1.0, "recall": 0.9, "f1": 0.94737, "auc": 1.0}
{"epoch": 79, "time_epoch": 0.64823, "eta": 16.9095, "eta_hours": 0.0047, "loss": 0.07345075, "lr": 0.00010492, "params": 8313, "time_iter": 0.05893, "accuracy": 1.0, "precision": 1.0, "recall": 1.0, "f1": 1.0, "auc": 1.0}
{"epoch": 80, "time_epoch": 0.64441, "eta": 16.01686, "eta_hours": 0.00445, "loss": 0.06569058, "lr": 9.549e-05, "params": 8313, "time_iter": 0.05858, "accuracy": 0.97619, "precision": 1.0, "recall": 0.95, "f1": 0.97436, "auc": 1.0}
{"epoch": 81, "time_epoch": 0.65135, "eta": 15.1318, "eta_hours": 0.0042, "loss": 0.01681144, "lr": 8.646e-05, "params": 8313, "time_iter": 0.05921, "accuracy": 1.0, "precision": 1.0, "recall": 1.0, "f1": 1.0, "auc": 1.0}
{"epoch": 82, "time_epoch": 0.64466, "eta": 14.251, "eta_hours": 0.00396, "loss": 0.07986106, "lr": 7.784e-05, "params": 8313, "time_iter": 0.05861, "accuracy": 0.97619, "precision": 0.95238, "recall": 1.0, "f1": 0.97561, "auc": 0.99545}
{"epoch": 83, "time_epoch": 0.64419, "eta": 13.37574, "eta_hours": 0.00372, "loss": 0.02111152, "lr": 6.963e-05, "params": 8313, "time_iter": 0.05856, "accuracy": 1.0, "precision": 1.0, "recall": 1.0, "f1": 1.0, "auc": 1.0}
{"epoch": 84, "time_epoch": 0.64665, "eta": 12.50634, "eta_hours": 0.00347, "loss": 0.01964699, "lr": 6.185e-05, "params": 8313, "time_iter": 0.05879, "accuracy": 1.0, "precision": 1.0, "recall": 1.0, "f1": 1.0, "auc": 1.0}
{"epoch": 85, "time_epoch": 0.64429, "eta": 11.64174, "eta_hours": 0.00323, "loss": 0.2394313, "lr": 5.45e-05, "params": 8313, "time_iter": 0.05857, "accuracy": 0.88095, "precision": 0.85714, "recall": 0.9, "f1": 0.87805, "auc": 0.97955}
{"epoch": 86, "time_epoch": 0.64476, "eta": 10.78228, "eta_hours": 0.003, "loss": 0.06042428, "lr": 4.759e-05, "params": 8313, "time_iter": 0.05861, "accuracy": 0.97619, "precision": 0.95238, "recall": 1.0, "f1": 0.97561, "auc": 1.0}
{"epoch": 87, "time_epoch": 0.64501, "eta": 9.92773, "eta_hours": 0.00276, "loss": 0.09469606, "lr": 4.112e-05, "params": 8313, "time_iter": 0.05864, "accuracy": 0.97619, "precision": 1.0, "recall": 0.95, "f1": 0.97436, "auc": 0.99773}
{"epoch": 88, "time_epoch": 0.64352, "eta": 9.0777, "eta_hours": 0.00252, "loss": 0.19792293, "lr": 3.511e-05, "params": 8313, "time_iter": 0.0585, "accuracy": 0.92857, "precision": 0.94737, "recall": 0.9, "f1": 0.92308, "auc": 0.98182}
{"epoch": 89, "time_epoch": 0.69077, "eta": 8.23751, "eta_hours": 0.00229, "loss": 0.09918796, "lr": 2.956e-05, "params": 8313, "time_iter": 0.0628, "accuracy": 0.92857, "precision": 0.90476, "recall": 0.95, "f1": 0.92683, "auc": 0.99545}
{"epoch": 90, "time_epoch": 0.70809, "eta": 7.40232, "eta_hours": 0.00206, "loss": 0.03040965, "lr": 2.447e-05, "params": 8313, "time_iter": 0.06437, "accuracy": 1.0, "precision": 1.0, "recall": 1.0, "f1": 1.0, "auc": 1.0}
{"epoch": 91, "time_epoch": 0.64979, "eta": 6.56483, "eta_hours": 0.00182, "loss": 0.00752478, "lr": 1.985e-05, "params": 8313, "time_iter": 0.05907, "accuracy": 1.0, "precision": 1.0, "recall": 1.0, "f1": 1.0, "auc": 1.0}
{"epoch": 92, "time_epoch": 0.64359, "eta": 5.7309, "eta_hours": 0.00159, "loss": 0.24785699, "lr": 1.571e-05, "params": 8313, "time_iter": 0.05851, "accuracy": 0.90476, "precision": 1.0, "recall": 0.8, "f1": 0.88889, "auc": 0.95455}
{"epoch": 93, "time_epoch": 0.64548, "eta": 4.90114, "eta_hours": 0.00136, "loss": 0.11775005, "lr": 1.204e-05, "params": 8313, "time_iter": 0.05868, "accuracy": 0.92857, "precision": 1.0, "recall": 0.85, "f1": 0.91892, "auc": 0.99318}
{"epoch": 94, "time_epoch": 0.65219, "eta": 4.07562, "eta_hours": 0.00113, "loss": 0.05410154, "lr": 8.86e-06, "params": 8313, "time_iter": 0.05929, "accuracy": 0.97619, "precision": 1.0, "recall": 0.95, "f1": 0.97436, "auc": 1.0}
{"epoch": 95, "time_epoch": 0.64198, "eta": 3.25328, "eta_hours": 0.0009, "loss": 0.05860953, "lr": 6.16e-06, "params": 8313, "time_iter": 0.05836, "accuracy": 0.97619, "precision": 0.95238, "recall": 1.0, "f1": 0.97561, "auc": 1.0}
{"epoch": 96, "time_epoch": 0.64716, "eta": 2.43482, "eta_hours": 0.00068, "loss": 0.04670062, "lr": 3.94e-06, "params": 8313, "time_iter": 0.05883, "accuracy": 0.97619, "precision": 0.95238, "recall": 1.0, "f1": 0.97561, "auc": 1.0}
{"epoch": 97, "time_epoch": 0.64725, "eta": 1.61986, "eta_hours": 0.00045, "loss": 0.21214826, "lr": 2.22e-06, "params": 8313, "time_iter": 0.05884, "accuracy": 0.88095, "precision": 0.82609, "recall": 0.95, "f1": 0.88372, "auc": 0.98636}
{"epoch": 98, "time_epoch": 0.64682, "eta": 0.80828, "eta_hours": 0.00022, "loss": 0.06151807, "lr": 9.9e-07, "params": 8313, "time_iter": 0.0588, "accuracy": 0.95238, "precision": 1.0, "recall": 0.9, "f1": 0.94737, "auc": 1.0}
{"epoch": 99, "time_epoch": 0.64718, "eta": 0.0, "eta_hours": 0.0, "loss": 0.09635241, "lr": 2.5e-07, "params": 8313, "time_iter": 0.05883, "accuracy": 0.95238, "precision": 0.90909, "recall": 1.0, "f1": 0.95238, "auc": 0.99773}
