{"epoch": 0, "time_epoch": 21.59421, "eta": 2137.82676, "eta_hours": 0.59384, "loss": 1.09167649, "lr": 0.001, "params": 6221, "time_iter": 0.11486, "accuracy": 0.39733, "f1": 0.31074, "auc": 0.54388}
{"epoch": 1, "time_epoch": 8.62872, "eta": 1480.92371, "eta_hours": 0.41137, "loss": 1.09124708, "lr": 0.00099975, "params": 6221, "time_iter": 0.0459, "accuracy": 0.37467, "f1": 0.32018, "auc": 0.54509}
{"epoch": 2, "time_epoch": 8.65546, "eta": 1257.06809, "eta_hours": 0.34919, "loss": 1.08916095, "lr": 0.00099901, "params": 6221, "time_iter": 0.04604, "accuracy": 0.39067, "f1": 0.31343, "auc": 0.55676}
{"epoch": 3, "time_epoch": 8.64894, "eta": 1140.65604, "eta_hours": 0.31685, "loss": 1.08779934, "lr": 0.00099778, "params": 6221, "time_iter": 0.04601, "accuracy": 0.38933, "f1": 0.34387, "auc": 0.55941}
{"epoch": 4, "time_epoch": 8.57278, "eta": 1065.90218, "eta_hours": 0.29608, "loss": 1.08980713, "lr": 0.00099606, "params": 6221, "time_iter": 0.0456, "accuracy": 0.38933, "f1": 0.32423, "auc": 0.54687}
{"epoch": 5, "time_epoch": 8.2274, "eta": 1007.79769, "eta_hours": 0.27994, "loss": 1.08583413, "lr": 0.00099384, "params": 6221, "time_iter": 0.04376, "accuracy": 0.39867, "f1": 0.36718, "auc": 0.56383}
{"epoch": 6, "time_epoch": 8.18934, "eta": 963.43819, "eta_hours": 0.26762, "loss": 1.0862477, "lr": 0.00099114, "params": 6221, "time_iter": 0.04356, "accuracy": 0.39333, "f1": 0.34876, "auc": 0.56244}
{"epoch": 7, "time_epoch": 8.26939, "eta": 929.04179, "eta_hours": 0.25807, "loss": 1.09146374, "lr": 0.00098796, "params": 6221, "time_iter": 0.04399, "accuracy": 0.38933, "f1": 0.31327, "auc": 0.54818}
{"epoch": 8, "time_epoch": 8.24463, "eta": 900.20103, "eta_hours": 0.25006, "loss": 1.09185998, "lr": 0.00098429, "params": 6221, "time_iter": 0.04385, "accuracy": 0.384, "f1": 0.3637, "auc": 0.54836}
{"epoch": 9, "time_epoch": 8.22611, "eta": 875.31286, "eta_hours": 0.24314, "loss": 1.08627787, "lr": 0.00098015, "params": 6221, "time_iter": 0.04376, "accuracy": 0.39067, "f1": 0.32447, "auc": 0.561}
{"epoch": 10, "time_epoch": 9.59706, "eta": 864.54639, "eta_hours": 0.24015, "loss": 1.08503997, "lr": 0.00097553, "params": 6221, "time_iter": 0.05105, "accuracy": 0.42, "f1": 0.35885, "auc": 0.57355}
{"epoch": 11, "time_epoch": 8.242, "eta": 844.03767, "eta_hours": 0.23445, "loss": 1.09282533, "lr": 0.00097044, "params": 6221, "time_iter": 0.04384, "accuracy": 0.384, "f1": 0.34269, "auc": 0.54282}
{"epoch": 12, "time_epoch": 8.26938, "eta": 825.59939, "eta_hours": 0.22933, "loss": 1.07978298, "lr": 0.00096489, "params": 6221, "time_iter": 0.04399, "accuracy": 0.43067, "f1": 0.38519, "auc": 0.57971}
{"epoch": 13, "time_epoch": 8.42904, "eta": 809.5946, "eta_hours": 0.22489, "loss": 1.09156889, "lr": 0.00095888, "params": 6221, "time_iter": 0.04484, "accuracy": 0.388, "f1": 0.35256, "auc": 0.55066}
{"epoch": 14, "time_epoch": 8.16978, "eta": 793.13075, "eta_hours": 0.22031, "loss": 1.08142269, "lr": 0.00095241, "params": 6221, "time_iter": 0.04346, "accuracy": 0.396, "f1": 0.37064, "auc": 0.57848}
{"epoch": 15, "time_epoch": 8.29494, "eta": 778.36073, "eta_hours": 0.21621, "loss": 1.07609737, "lr": 0.0009455, "params": 6221, "time_iter": 0.04412, "accuracy": 0.42533, "f1": 0.37948, "auc": 0.58736}
{"epoch": 16, "time_epoch": 8.29537, "eta": 764.35458, "eta_hours": 0.21232, "loss": 1.08535454, "lr": 0.00093815, "params": 6221, "time_iter": 0.04412, "accuracy": 0.38533, "f1": 0.32307, "auc": 0.56642}
{"epoch": 17, "time_epoch": 8.38356, "eta": 751.38476, "eta_hours": 0.20872, "loss": 1.09154656, "lr": 0.00093037, "params": 6221, "time_iter": 0.04459, "accuracy": 0.40267, "f1": 0.35967, "auc": 0.55399}
{"epoch": 18, "time_epoch": 8.24314, "eta": 738.29904, "eta_hours": 0.20508, "loss": 1.07505487, "lr": 0.00092216, "params": 6221, "time_iter": 0.04385, "accuracy": 0.412, "f1": 0.33125, "auc": 0.57803}
{"epoch": 19, "time_epoch": 8.26842, "eta": 725.79869, "eta_hours": 0.20161, "loss": 1.09324097, "lr": 0.00091354, "params": 6221, "time_iter": 0.04398, "accuracy": 0.384, "f1": 0.32465, "auc": 0.55151}
{"epoch": 20, "time_epoch": 8.28656, "eta": 713.76964, "eta_hours": 0.19827, "loss": 1.07693416, "lr": 0.00090451, "params": 6221, "time_iter": 0.04408, "accuracy": 0.40933, "f1": 0.37233, "auc": 0.5905}
{"epoch": 21, "time_epoch": 8.31533, "eta": 702.18283, "eta_hours": 0.19505, "loss": 1.09044215, "lr": 0.00089508, "params": 6221, "time_iter": 0.04423, "accuracy": 0.39067, "f1": 0.34458, "auc": 0.55381}
{"epoch": 22, "time_epoch": 8.2808, "eta": 690.76489, "eta_hours": 0.19188, "loss": 1.0854621, "lr": 0.00088526, "params": 6221, "time_iter": 0.04405, "accuracy": 0.40533, "f1": 0.38508, "auc": 0.56553}
{"epoch": 23, "time_epoch": 8.24406, "eta": 679.49204, "eta_hours": 0.18875, "loss": 1.07683084, "lr": 0.00087506, "params": 6221, "time_iter": 0.04385, "accuracy": 0.40667, "f1": 0.38204, "auc": 0.57889}
{"epoch": 24, "time_epoch": 8.33882, "eta": 668.74575, "eta_hours": 0.18576, "loss": 1.07998915, "lr": 0.00086448, "params": 6221, "time_iter": 0.04436, "accuracy": 0.408, "f1": 0.36929, "auc": 0.58294}
{"epoch": 25, "time_epoch": 8.26003, "eta": 657.96041, "eta_hours": 0.18277, "loss": 1.08427176, "lr": 0.00085355, "params": 6221, "time_iter": 0.04394, "accuracy": 0.39067, "f1": 0.36688, "auc": 0.57282}
{"epoch": 26, "time_epoch": 8.34112, "eta": 647.58137, "eta_hours": 0.17988, "loss": 1.08279177, "lr": 0.00084227, "params": 6221, "time_iter": 0.04437, "accuracy": 0.41467, "f1": 0.39614, "auc": 0.57671}
{"epoch": 27, "time_epoch": 8.15904, "eta": 636.87971, "eta_hours": 0.17691, "loss": 1.08137479, "lr": 0.00083066, "params": 6221, "time_iter": 0.0434, "accuracy": 0.416, "f1": 0.37069, "auc": 0.58242}
{"epoch": 28, "time_epoch": 8.30763, "eta": 626.71718, "eta_hours": 0.17409, "loss": 1.08106194, "lr": 0.00081871, "params": 6221, "time_iter": 0.04419, "accuracy": 0.41333, "f1": 0.38443, "auc": 0.57592}
{"epoch": 29, "time_epoch": 8.24557, "eta": 616.53351, "eta_hours": 0.17126, "loss": 1.08155438, "lr": 0.00080645, "params": 6221, "time_iter": 0.04386, "accuracy": 0.41467, "f1": 0.37368, "auc": 0.57893}
{"epoch": 30, "time_epoch": 8.32186, "eta": 606.64468, "eta_hours": 0.16851, "loss": 1.07357608, "lr": 0.00079389, "params": 6221, "time_iter": 0.04427, "accuracy": 0.43333, "f1": 0.40893, "auc": 0.59944}
{"epoch": 31, "time_epoch": 8.34557, "eta": 596.90417, "eta_hours": 0.16581, "loss": 1.0767454, "lr": 0.00078104, "params": 6221, "time_iter": 0.04439, "accuracy": 0.41733, "f1": 0.38983, "auc": 0.59521}
{"epoch": 32, "time_epoch": 8.27265, "eta": 587.10015, "eta_hours": 0.16308, "loss": 1.07578827, "lr": 0.00076791, "params": 6221, "time_iter": 0.044, "accuracy": 0.4, "f1": 0.36534, "auc": 0.58843}
{"epoch": 33, "time_epoch": 8.32258, "eta": 577.48313, "eta_hours": 0.16041, "loss": 1.07266179, "lr": 0.00075452, "params": 6221, "time_iter": 0.04427, "accuracy": 0.42, "f1": 0.40069, "auc": 0.59793}
{"epoch": 34, "time_epoch": 8.21397, "eta": 567.73839, "eta_hours": 0.15771, "loss": 1.07408359, "lr": 0.00074088, "params": 6221, "time_iter": 0.04369, "accuracy": 0.46533, "f1": 0.45638, "auc": 0.60629}
{"epoch": 35, "time_epoch": 8.27708, "eta": 558.19087, "eta_hours": 0.15505, "loss": 1.08338994, "lr": 0.000727, "params": 6221, "time_iter": 0.04403, "accuracy": 0.40133, "f1": 0.38474, "auc": 0.57799}
{"epoch": 36, "time_epoch": 8.17843, "eta": 548.54406, "eta_hours": 0.15237, "loss": 1.08546026, "lr": 0.00071289, "params": 6221, "time_iter": 0.0435, "accuracy": 0.412, "f1": 0.39314, "auc": 0.57653}
{"epoch": 37, "time_epoch": 8.29269, "eta": 539.16095, "eta_hours": 0.14977, "loss": 1.06757071, "lr": 0.00069857, "params": 6221, "time_iter": 0.04411, "accuracy": 0.42667, "f1": 0.40187, "auc": 0.60569}
{"epoch": 38, "time_epoch": 8.20642, "eta": 529.69883, "eta_hours": 0.14714, "loss": 1.07977869, "lr": 0.00068406, "params": 6221, "time_iter": 0.04365, "accuracy": 0.41867, "f1": 0.40616, "auc": 0.58665}
{"epoch": 39, "time_epoch": 8.20908, "eta": 520.30348, "eta_hours": 0.14453, "loss": 1.08642263, "lr": 0.00066937, "params": 6221, "time_iter": 0.04367, "accuracy": 0.396, "f1": 0.37998, "auc": 0.5677}
{"epoch": 40, "time_epoch": 8.16713, "eta": 510.90563, "eta_hours": 0.14192, "loss": 1.08554235, "lr": 0.00065451, "params": 6221, "time_iter": 0.04344, "accuracy": 0.38533, "f1": 0.37585, "auc": 0.56883}
{"epoch": 41, "time_epoch": 8.13517, "eta": 501.52225, "eta_hours": 0.13931, "loss": 1.08332697, "lr": 0.0006395, "params": 6221, "time_iter": 0.04327, "accuracy": 0.40133, "f1": 0.36589, "auc": 0.57174}
{"epoch": 42, "time_epoch": 9.55307, "eta": 494.07647, "eta_hours": 0.13724, "loss": 1.08135316, "lr": 0.00062434, "params": 6221, "time_iter": 0.05081, "accuracy": 0.41733, "f1": 0.37384, "auc": 0.58087}
{"epoch": 43, "time_epoch": 9.63803, "eta": 486.64304, "eta_hours": 0.13518, "loss": 1.08854462, "lr": 0.00060907, "params": 6221, "time_iter": 0.05127, "accuracy": 0.40533, "f1": 0.36887, "auc": 0.56718}
{"epoch": 44, "time_epoch": 9.66057, "eta": 479.13917, "eta_hours": 0.13309, "loss": 1.08277986, "lr": 0.00059369, "params": 6221, "time_iter": 0.05139, "accuracy": 0.40267, "f1": 0.38168, "auc": 0.58413}
{"epoch": 45, "time_epoch": 9.7358, "eta": 471.62985, "eta_hours": 0.13101, "loss": 1.08171869, "lr": 0.00057822, "params": 6221, "time_iter": 0.05179, "accuracy": 0.39867, "f1": 0.36689, "auc": 0.57852}
{"epoch": 46, "time_epoch": 9.71063, "eta": 463.99739, "eta_hours": 0.12889, "loss": 1.07471106, "lr": 0.00056267, "params": 6221, "time_iter": 0.05165, "accuracy": 0.43467, "f1": 0.41572, "auc": 0.59497}
{"epoch": 47, "time_epoch": 9.76511, "eta": 456.33738, "eta_hours": 0.12676, "loss": 1.07513601, "lr": 0.00054705, "params": 6221, "time_iter": 0.05194, "accuracy": 0.41467, "f1": 0.39239, "auc": 0.59563}
{"epoch": 48, "time_epoch": 9.7002, "eta": 448.52387, "eta_hours": 0.12459, "loss": 1.08874159, "lr": 0.0005314, "params": 6221, "time_iter": 0.0516, "accuracy": 0.392, "f1": 0.37315, "auc": 0.56441}
{"epoch": 49, "time_epoch": 9.62905, "eta": 440.56376, "eta_hours": 0.12238, "loss": 1.08122071, "lr": 0.00051571, "params": 6221, "time_iter": 0.05122, "accuracy": 0.40533, "f1": 0.3792, "auc": 0.57624}
{"epoch": 50, "time_epoch": 9.65498, "eta": 432.5631, "eta_hours": 0.12016, "loss": 1.07628027, "lr": 0.0005, "params": 6221, "time_iter": 0.05136, "accuracy": 0.428, "f1": 0.40131, "auc": 0.59385}
{"epoch": 51, "time_epoch": 9.63982, "eta": 424.48482, "eta_hours": 0.11791, "loss": 1.07335611, "lr": 0.00048429, "params": 6221, "time_iter": 0.05128, "accuracy": 0.432, "f1": 0.42208, "auc": 0.59529}
{"epoch": 52, "time_epoch": 9.64729, "eta": 416.35424, "eta_hours": 0.11565, "loss": 1.07931154, "lr": 0.0004686, "params": 6221, "time_iter": 0.05132, "accuracy": 0.408, "f1": 0.38415, "auc": 0.58088}
{"epoch": 53, "time_epoch": 9.6321, "eta": 408.15454, "eta_hours": 0.11338, "loss": 1.0911565, "lr": 0.00045295, "params": 6221, "time_iter": 0.05123, "accuracy": 0.40267, "f1": 0.37567, "auc": 0.55824}
{"epoch": 54, "time_epoch": 9.63569, "eta": 399.9057, "eta_hours": 0.11108, "loss": 1.07955188, "lr": 0.00043733, "params": 6221, "time_iter": 0.05125, "accuracy": 0.41467, "f1": 0.39881, "auc": 0.58554}
{"epoch": 55, "time_epoch": 8.5379, "eta": 390.74477, "eta_hours": 0.10854, "loss": 1.07011992, "lr": 0.00042178, "params": 6221, "time_iter": 0.04541, "accuracy": 0.436, "f1": 0.42143, "auc": 0.60288}
{"epoch": 56, "time_epoch": 8.14711, "eta": 381.3109, "eta_hours": 0.10592, "loss": 1.08641826, "lr": 0.00040631, "params": 6221, "time_iter": 0.04334, "accuracy": 0.40133, "f1": 0.3848, "auc": 0.56814}
{"epoch": 57, "time_epoch": 8.2169, "eta": 371.97194, "eta_hours": 0.10333, "loss": 1.08329569, "lr": 0.00039093, "params": 6221, "time_iter": 0.04371, "accuracy": 0.40667, "f1": 0.38305, "auc": 0.57746}
{"epoch": 58, "time_epoch": 8.22454, "eta": 362.67632, "eta_hours": 0.10074, "loss": 1.0837976, "lr": 0.00037566, "params": 6221, "time_iter": 0.04375, "accuracy": 0.4, "f1": 0.37513, "auc": 0.5742}
{"epoch": 59, "time_epoch": 8.22635, "eta": 353.41762, "eta_hours": 0.09817, "loss": 1.07883156, "lr": 0.0003605, "params": 6221, "time_iter": 0.04376, "accuracy": 0.416, "f1": 0.38722, "auc": 0.58692}
{"epoch": 60, "time_epoch": 8.15977, "eta": 344.15019, "eta_hours": 0.0956, "loss": 1.07468607, "lr": 0.00034549, "params": 6221, "time_iter": 0.0434, "accuracy": 0.41333, "f1": 0.39189, "auc": 0.5979}
{"epoch": 61, "time_epoch": 8.20823, "eta": 334.9482, "eta_hours": 0.09304, "loss": 1.08292542, "lr": 0.00033063, "params": 6221, "time_iter": 0.04366, "accuracy": 0.404, "f1": 0.38219, "auc": 0.57568}
{"epoch": 62, "time_epoch": 8.14194, "eta": 325.73882, "eta_hours": 0.09048, "loss": 1.08484077, "lr": 0.00031594, "params": 6221, "time_iter": 0.04331, "accuracy": 0.396, "f1": 0.37765, "auc": 0.5689}
{"epoch": 63, "time_epoch": 7.93284, "eta": 316.44518, "eta_hours": 0.0879, "loss": 1.06851702, "lr": 0.00030143, "params": 6221, "time_iter": 0.0422, "accuracy": 0.416, "f1": 0.39398, "auc": 0.60434}
{"epoch": 64, "time_epoch": 8.20223, "eta": 307.33847, "eta_hours": 0.08537, "loss": 1.08129287, "lr": 0.00028711, "params": 6221, "time_iter": 0.04363, "accuracy": 0.404, "f1": 0.37356, "auc": 0.58037}
{"epoch": 65, "time_epoch": 8.17291, "eta": 298.24406, "eta_hours": 0.08285, "loss": 1.07106756, "lr": 0.000273, "params": 6221, "time_iter": 0.04347, "accuracy": 0.41067, "f1": 0.38674, "auc": 0.59657}
{"epoch": 66, "time_epoch": 8.16569, "eta": 289.1736, "eta_hours": 0.08033, "loss": 1.06781141, "lr": 0.00025912, "params": 6221, "time_iter": 0.04343, "accuracy": 0.436, "f1": 0.41446, "auc": 0.61091}
{"epoch": 67, "time_epoch": 8.17012, "eta": 280.13184, "eta_hours": 0.07781, "loss": 1.09109768, "lr": 0.00024548, "params": 6221, "time_iter": 0.04346, "accuracy": 0.388, "f1": 0.37112, "auc": 0.5611}
{"epoch": 68, "time_epoch": 8.17298, "eta": 271.11663, "eta_hours": 0.07531, "loss": 1.07994936, "lr": 0.00023209, "params": 6221, "time_iter": 0.04347, "accuracy": 0.41733, "f1": 0.40712, "auc": 0.585}
{"epoch": 69, "time_epoch": 8.30979, "eta": 262.18411, "eta_hours": 0.07283, "loss": 1.08371832, "lr": 0.00021896, "params": 6221, "time_iter": 0.0442, "accuracy": 0.39333, "f1": 0.37795, "auc": 0.57526}
{"epoch": 70, "time_epoch": 8.1225, "eta": 253.19264, "eta_hours": 0.07033, "loss": 1.08417886, "lr": 0.00020611, "params": 6221, "time_iter": 0.0432, "accuracy": 0.39333, "f1": 0.37684, "auc": 0.56955}
{"epoch": 71, "time_epoch": 8.13711, "eta": 244.23099, "eta_hours": 0.06784, "loss": 1.08131862, "lr": 0.00019355, "params": 6221, "time_iter": 0.04328, "accuracy": 0.4, "f1": 0.38165, "auc": 0.58099}
{"epoch": 72, "time_epoch": 8.18935, "eta": 235.31125, "eta_hours": 0.06536, "loss": 1.08433908, "lr": 0.00018129, "params": 6221, "time_iter": 0.04356, "accuracy": 0.412, "f1": 0.39483, "auc": 0.56948}
{"epoch": 73, "time_epoch": 8.15876, "eta": 226.4005, "eta_hours": 0.06289, "loss": 1.08152505, "lr": 0.00016934, "params": 6221, "time_iter": 0.0434, "accuracy": 0.40667, "f1": 0.38947, "auc": 0.57603}
{"epoch": 74, "time_epoch": 8.15836, "eta": 217.50967, "eta_hours": 0.06042, "loss": 1.07696032, "lr": 0.00015773, "params": 6221, "time_iter": 0.0434, "accuracy": 0.416, "f1": 0.39971, "auc": 0.58418}
{"epoch": 75, "time_epoch": 8.11607, "eta": 208.62476, "eta_hours": 0.05795, "loss": 1.08527253, "lr": 0.00014645, "params": 6221, "time_iter": 0.04317, "accuracy": 0.392, "f1": 0.3738, "auc": 0.56373}
{"epoch": 76, "time_epoch": 8.20519, "eta": 199.78644, "eta_hours": 0.0555, "loss": 1.08362104, "lr": 0.00013552, "params": 6221, "time_iter": 0.04364, "accuracy": 0.40933, "f1": 0.38707, "auc": 0.57686}
{"epoch": 77, "time_epoch": 8.15767, "eta": 190.95096, "eta_hours": 0.05304, "loss": 1.07903726, "lr": 0.00012494, "params": 6221, "time_iter": 0.04339, "accuracy": 0.42, "f1": 0.39736, "auc": 0.58657}
{"epoch": 78, "time_epoch": 8.19453, "eta": 182.14243, "eta_hours": 0.0506, "loss": 1.06945008, "lr": 0.00011474, "params": 6221, "time_iter": 0.04359, "accuracy": 0.44, "f1": 0.41937, "auc": 0.60415}
{"epoch": 79, "time_epoch": 8.11319, "eta": 173.32892, "eta_hours": 0.04815, "loss": 1.07052907, "lr": 0.00010492, "params": 6221, "time_iter": 0.04316, "accuracy": 0.41733, "f1": 0.39694, "auc": 0.59961}
{"epoch": 80, "time_epoch": 8.21944, "eta": 164.55762, "eta_hours": 0.04571, "loss": 1.0789858, "lr": 9.549e-05, "params": 6221, "time_iter": 0.04372, "accuracy": 0.41467, "f1": 0.38903, "auc": 0.58598}
{"epoch": 81, "time_epoch": 8.16308, "eta": 155.78741, "eta_hours": 0.04327, "loss": 1.07534052, "lr": 8.646e-05, "params": 6221, "time_iter": 0.04342, "accuracy": 0.41867, "f1": 0.39805, "auc": 0.58972}
{"epoch": 82, "time_epoch": 8.16415, "eta": 147.03205, "eta_hours": 0.04084, "loss": 1.0736555, "lr": 7.784e-05, "params": 6221, "time_iter": 0.04343, "accuracy": 0.41733, "f1": 0.39749, "auc": 0.5964}
{"epoch": 83, "time_epoch": 8.19593, "eta": 138.29681, "eta_hours": 0.03842, "loss": 1.08088264, "lr": 6.963e-05, "params": 6221, "time_iter": 0.0436, "accuracy": 0.41067, "f1": 0.38278, "auc": 0.57728}
{"epoch": 84, "time_epoch": 8.18581, "eta": 129.57248, "eta_hours": 0.03599, "loss": 1.08738837, "lr": 6.185e-05, "params": 6221, "time_iter": 0.04354, "accuracy": 0.40267, "f1": 0.38261, "auc": 0.56891}
{"epoch": 85, "time_epoch": 8.19481, "eta": 120.86214, "eta_hours": 0.03357, "loss": 1.07636101, "lr": 5.45e-05, "params": 6221, "time_iter": 0.04359, "accuracy": 0.396, "f1": 0.37, "auc": 0.58792}
{"epoch": 86, "time_epoch": 8.17676, "eta": 112.16096, "eta_hours": 0.03116, "loss": 1.06935969, "lr": 4.759e-05, "params": 6221, "time_iter": 0.04349, "accuracy": 0.42533, "f1": 0.39745, "auc": 0.60399}
{"epoch": 87, "time_epoch": 8.14223, "eta": 103.46698, "eta_hours": 0.02874, "loss": 1.07174034, "lr": 4.112e-05, "params": 6221, "time_iter": 0.04331, "accuracy": 0.41467, "f1": 0.39004, "auc": 0.59918}
{"epoch": 88, "time_epoch": 8.16664, "eta": 94.78842, "eta_hours": 0.02633, "loss": 1.07259948, "lr": 3.511e-05, "params": 6221, "time_iter": 0.04344, "accuracy": 0.412, "f1": 0.38464, "auc": 0.59413}
{"epoch": 89, "time_epoch": 8.33323, "eta": 86.13975, "eta_hours": 0.02393, "loss": 1.0682179, "lr": 2.956e-05, "params": 6221, "time_iter": 0.04433, "accuracy": 0.43067, "f1": 0.40669, "auc": 0.60563}
{"epoch": 90, "time_epoch": 8.28702, "eta": 77.49344, "eta_hours": 0.02153, "loss": 1.08495324, "lr": 2.447e-05, "params": 6221, "time_iter": 0.04408, "accuracy": 0.39867, "f1": 0.36814, "auc": 0.56987}
{"epoch": 91, "time_epoch": 8.20664, "eta": 68.84795, "eta_hours": 0.01912, "loss": 1.07991214, "lr": 1.985e-05, "params": 6221, "time_iter": 0.04365, "accuracy": 0.39733, "f1": 0.37103, "auc": 0.58408}
{"epoch": 92, "time_epoch": 8.286, "eta": 60.21787, "eta_hours": 0.01673, "loss": 1.07668638, "lr": 1.571e-05, "params": 6221, "time_iter": 0.04407, "accuracy": 0.416, "f1": 0.39257, "auc": 0.58671}
{"epoch": 93, "time_epoch": 8.25957, "eta": 51.59342, "eta_hours": 0.01433, "loss": 1.06987409, "lr": 1.204e-05, "params": 6221, "time_iter": 0.04393, "accuracy": 0.42133, "f1": 0.39548, "auc": 0.59851}
{"epoch": 94, "time_epoch": 8.27594, "eta": 42.97752, "eta_hours": 0.01194, "loss": 1.07893254, "lr": 8.86e-06, "params": 6221, "time_iter": 0.04402, "accuracy": 0.41467, "f1": 0.39229, "auc": 0.5858}
{"epoch": 95, "time_epoch": 7.9997, "eta": 34.35719, "eta_hours": 0.00954, "loss": 1.07067829, "lr": 6.16e-06, "params": 6221, "time_iter": 0.04255, "accuracy": 0.42267, "f1": 0.3999, "auc": 0.59474}
{"epoch": 96, "time_epoch": 8.26556, "eta": 25.75788, "eta_hours": 0.00715, "loss": 1.0807127, "lr": 3.94e-06, "params": 6221, "time_iter": 0.04397, "accuracy": 0.40267, "f1": 0.37726, "auc": 0.57794}
{"epoch": 97, "time_epoch": 8.2347, "eta": 17.16475, "eta_hours": 0.00477, "loss": 1.08214796, "lr": 2.22e-06, "params": 6221, "time_iter": 0.0438, "accuracy": 0.404, "f1": 0.38326, "auc": 0.57666}
{"epoch": 98, "time_epoch": 8.23434, "eta": 8.57886, "eta_hours": 0.00238, "loss": 1.06939631, "lr": 9.9e-07, "params": 6221, "time_iter": 0.0438, "accuracy": 0.43333, "f1": 0.40946, "auc": 0.60321}
{"epoch": 99, "time_epoch": 8.18011, "eta": 0.0, "eta_hours": 0.0, "loss": 1.07425593, "lr": 2.5e-07, "params": 6221, "time_iter": 0.04351, "accuracy": 0.41333, "f1": 0.39243, "auc": 0.59693}
