{"epoch": 0, "time_epoch": 28.56338, "eta": 2827.77424, "eta_hours": 0.78549, "loss": 0.70486577, "lr": 0.001, "params": 3861, "time_iter": 0.89261, "accuracy": 0.494, "precision": 0.0, "recall": 0.0, "f1": 0.0, "auc": 0.47884}
{"epoch": 1, "time_epoch": 28.38348, "eta": 2790.39579, "eta_hours": 0.77511, "loss": 0.69602085, "lr": 0.00099975, "params": 3861, "time_iter": 0.88698, "accuracy": 0.494, "precision": 0.0, "recall": 0.0, "f1": 0.0, "auc": 0.48133}
{"epoch": 2, "time_epoch": 28.42823, "eta": 2760.46103, "eta_hours": 0.76679, "loss": 0.69337132, "lr": 0.00099901, "params": 3861, "time_iter": 0.88838, "accuracy": 0.496, "precision": 0.66667, "recall": 0.00791, "f1": 0.01562, "auc": 0.48022}
{"epoch": 3, "time_epoch": 28.41592, "eta": 2730.98401, "eta_hours": 0.75861, "loss": 0.69411283, "lr": 0.00099778, "params": 3861, "time_iter": 0.888, "accuracy": 0.496, "precision": 0.50107, "recall": 0.92885, "f1": 0.65097, "auc": 0.43467}
{"epoch": 4, "time_epoch": 28.42398, "eta": 2702.08461, "eta_hours": 0.75058, "loss": 0.69343632, "lr": 0.00099606, "params": 3861, "time_iter": 0.88825, "accuracy": 0.47, "precision": 0.48214, "recall": 0.64032, "f1": 0.55008, "auc": 0.46363}
{"epoch": 5, "time_epoch": 28.40876, "eta": 2673.10523, "eta_hours": 0.74253, "loss": 0.69368522, "lr": 0.00099384, "params": 3861, "time_iter": 0.88777, "accuracy": 0.494, "precision": 0.0, "recall": 0.0, "f1": 0.0, "auc": 0.45098}
{"epoch": 6, "time_epoch": 28.46948, "eta": 2645.09557, "eta_hours": 0.73475, "loss": 0.69314906, "lr": 0.00099114, "params": 3861, "time_iter": 0.88967, "accuracy": 0.498, "precision": 0.50221, "recall": 0.89723, "f1": 0.64397, "auc": 0.50014}
{"epoch": 7, "time_epoch": 28.54462, "eta": 2617.83506, "eta_hours": 0.72718, "loss": 0.69317743, "lr": 0.00098796, "params": 3861, "time_iter": 0.89202, "accuracy": 0.506, "precision": 0.506, "recall": 1.0, "f1": 0.67198, "auc": 0.42697}
{"epoch": 8, "time_epoch": 28.51681, "eta": 2590.00802, "eta_hours": 0.71945, "loss": 0.69319911, "lr": 0.00098429, "params": 3861, "time_iter": 0.89115, "accuracy": 0.506, "precision": 0.506, "recall": 1.0, "f1": 0.67198, "auc": 0.45547}
{"epoch": 9, "time_epoch": 28.48928, "eta": 2561.79525, "eta_hours": 0.71161, "loss": 0.69342478, "lr": 0.00098015, "params": 3861, "time_iter": 0.89029, "accuracy": 0.506, "precision": 0.506, "recall": 1.0, "f1": 0.67198, "auc": 0.40626}
{"epoch": 10, "time_epoch": 28.51687, "eta": 2533.75549, "eta_hours": 0.70382, "loss": 0.69314035, "lr": 0.00097553, "params": 3861, "time_iter": 0.89115, "accuracy": 0.506, "precision": 0.506, "recall": 1.0, "f1": 0.67198, "auc": 0.45663}
{"epoch": 11, "time_epoch": 28.47599, "eta": 2505.3364, "eta_hours": 0.69593, "loss": 0.69313604, "lr": 0.00097044, "params": 3861, "time_iter": 0.88987, "accuracy": 0.506, "precision": 0.506, "recall": 1.0, "f1": 0.67198, "auc": 0.4749}
{"epoch": 12, "time_epoch": 28.54092, "eta": 2477.34307, "eta_hours": 0.68815, "loss": 0.69332365, "lr": 0.00096489, "params": 3861, "time_iter": 0.8919, "accuracy": 0.506, "precision": 0.506, "recall": 1.0, "f1": 0.67198, "auc": 0.45591}
{"epoch": 13, "time_epoch": 28.49376, "eta": 2448.9818, "eta_hours": 0.68027, "loss": 0.69307277, "lr": 0.00095888, "params": 3861, "time_iter": 0.89043, "accuracy": 0.506, "precision": 0.506, "recall": 1.0, "f1": 0.67198, "auc": 0.50364}
{"epoch": 14, "time_epoch": 28.5173, "eta": 2420.73631, "eta_hours": 0.67243, "loss": 0.69337121, "lr": 0.00095241, "params": 3861, "time_iter": 0.89117, "accuracy": 0.474, "precision": 0.48762, "recall": 0.77866, "f1": 0.5997, "auc": 0.45343}
{"epoch": 15, "time_epoch": 28.50878, "eta": 2392.41207, "eta_hours": 0.66456, "loss": 0.69326197, "lr": 0.0009455, "params": 3861, "time_iter": 0.8909, "accuracy": 0.506, "precision": 0.506, "recall": 1.0, "f1": 0.67198, "auc": 0.45733}
{"epoch": 16, "time_epoch": 28.46811, "eta": 2363.86757, "eta_hours": 0.65663, "loss": 0.69347508, "lr": 0.00093815, "params": 3861, "time_iter": 0.88963, "accuracy": 0.506, "precision": 0.506, "recall": 1.0, "f1": 0.67198, "auc": 0.46005}
{"epoch": 17, "time_epoch": 28.51151, "eta": 2335.52927, "eta_hours": 0.64876, "loss": 0.69335726, "lr": 0.00093037, "params": 3861, "time_iter": 0.89098, "accuracy": 0.506, "precision": 0.506, "recall": 1.0, "f1": 0.67198, "auc": 0.41252}
{"epoch": 18, "time_epoch": 28.48687, "eta": 2307.06771, "eta_hours": 0.64085, "loss": 0.69347362, "lr": 0.00092216, "params": 3861, "time_iter": 0.89021, "accuracy": 0.506, "precision": 0.506, "recall": 1.0, "f1": 0.67198, "auc": 0.44239}
{"epoch": 19, "time_epoch": 28.49956, "eta": 2278.65438, "eta_hours": 0.63296, "loss": 0.69335464, "lr": 0.00091354, "params": 3861, "time_iter": 0.89061, "accuracy": 0.506, "precision": 0.506, "recall": 1.0, "f1": 0.67198, "auc": 0.4761}
{"epoch": 20, "time_epoch": 28.45823, "eta": 2250.07734, "eta_hours": 0.62502, "loss": 0.693178, "lr": 0.00090451, "params": 3861, "time_iter": 0.88932, "accuracy": 0.506, "precision": 0.506, "recall": 1.0, "f1": 0.67198, "auc": 0.47077}
{"epoch": 21, "time_epoch": 28.38043, "eta": 2221.23526, "eta_hours": 0.61701, "loss": 0.69320735, "lr": 0.00089508, "params": 3861, "time_iter": 0.88689, "accuracy": 0.506, "precision": 0.506, "recall": 1.0, "f1": 0.67198, "auc": 0.47102}
{"epoch": 22, "time_epoch": 28.41091, "eta": 2192.53538, "eta_hours": 0.60904, "loss": 0.69315966, "lr": 0.00088526, "params": 3861, "time_iter": 0.88784, "accuracy": 0.506, "precision": 0.506, "recall": 1.0, "f1": 0.67198, "auc": 0.45672}
{"epoch": 23, "time_epoch": 28.4263, "eta": 2163.90832, "eta_hours": 0.60109, "loss": 0.69317212, "lr": 0.00087506, "params": 3861, "time_iter": 0.88832, "accuracy": 0.506, "precision": 0.506, "recall": 1.0, "f1": 0.67198, "auc": 0.47727}
{"epoch": 24, "time_epoch": 28.42329, "eta": 2135.28828, "eta_hours": 0.59314, "loss": 0.69323537, "lr": 0.00086448, "params": 3861, "time_iter": 0.88823, "accuracy": 0.506, "precision": 0.506, "recall": 1.0, "f1": 0.67198, "auc": 0.46334}
{"epoch": 25, "time_epoch": 28.44828, "eta": 2106.75449, "eta_hours": 0.58521, "loss": 0.6935608, "lr": 0.00085355, "params": 3861, "time_iter": 0.88901, "accuracy": 0.506, "precision": 0.506, "recall": 1.0, "f1": 0.67198, "auc": 0.44737}
{"epoch": 26, "time_epoch": 28.41026, "eta": 2078.12425, "eta_hours": 0.57726, "loss": 0.69300761, "lr": 0.00084227, "params": 3861, "time_iter": 0.88782, "accuracy": 0.506, "precision": 0.506, "recall": 1.0, "f1": 0.67198, "auc": 0.52276}
{"epoch": 27, "time_epoch": 28.34618, "eta": 2049.34493, "eta_hours": 0.56926, "loss": 0.69317688, "lr": 0.00083066, "params": 3861, "time_iter": 0.88582, "accuracy": 0.506, "precision": 0.506, "recall": 1.0, "f1": 0.67198, "auc": 0.45792}
{"epoch": 28, "time_epoch": 32.42282, "eta": 2030.57625, "eta_hours": 0.56405, "loss": 0.69324365, "lr": 0.00081871, "params": 3861, "time_iter": 1.01321, "accuracy": 0.506, "precision": 0.506, "recall": 1.0, "f1": 0.67198, "auc": 0.46124}
{"epoch": 29, "time_epoch": 28.44811, "eta": 2001.62296, "eta_hours": 0.55601, "loss": 0.69347513, "lr": 0.00080645, "params": 3861, "time_iter": 0.889, "accuracy": 0.506, "precision": 0.506, "recall": 1.0, "f1": 0.67198, "auc": 0.4518}
{"epoch": 30, "time_epoch": 28.49175, "eta": 1972.79939, "eta_hours": 0.548, "loss": 0.69338909, "lr": 0.00079389, "params": 3861, "time_iter": 0.89037, "accuracy": 0.506, "precision": 0.506, "recall": 1.0, "f1": 0.67198, "auc": 0.43101}
{"epoch": 31, "time_epoch": 28.6719, "eta": 1944.37937, "eta_hours": 0.54011, "loss": 0.69317439, "lr": 0.00078104, "params": 3861, "time_iter": 0.896, "accuracy": 0.506, "precision": 0.506, "recall": 1.0, "f1": 0.67198, "auc": 0.44761}
{"epoch": 32, "time_epoch": 28.44939, "eta": 1915.49233, "eta_hours": 0.53208, "loss": 0.69329896, "lr": 0.00076791, "params": 3861, "time_iter": 0.88904, "accuracy": 0.506, "precision": 0.506, "recall": 1.0, "f1": 0.67198, "auc": 0.44454}
{"epoch": 33, "time_epoch": 28.41265, "eta": 1886.55971, "eta_hours": 0.52404, "loss": 0.69319744, "lr": 0.00075452, "params": 3861, "time_iter": 0.8879, "accuracy": 0.506, "precision": 0.506, "recall": 1.0, "f1": 0.67198, "auc": 0.43225}
{"epoch": 34, "time_epoch": 28.59857, "eta": 1858.00209, "eta_hours": 0.51611, "loss": 0.69312856, "lr": 0.00074088, "params": 3861, "time_iter": 0.89371, "accuracy": 0.506, "precision": 0.506, "recall": 1.0, "f1": 0.67198, "auc": 0.4219}
{"epoch": 35, "time_epoch": 28.52825, "eta": 1829.31719, "eta_hours": 0.50814, "loss": 0.69312932, "lr": 0.000727, "params": 3861, "time_iter": 0.89151, "accuracy": 0.506, "precision": 0.506, "recall": 1.0, "f1": 0.67198, "auc": 0.44359}
{"epoch": 36, "time_epoch": 28.54648, "eta": 1800.67178, "eta_hours": 0.50019, "loss": 0.69320052, "lr": 0.00071289, "params": 3861, "time_iter": 0.89208, "accuracy": 0.506, "precision": 0.506, "recall": 1.0, "f1": 0.67198, "auc": 0.4682}
{"epoch": 37, "time_epoch": 28.73515, "eta": 1772.33941, "eta_hours": 0.49232, "loss": 0.69305822, "lr": 0.00069857, "params": 3861, "time_iter": 0.89797, "accuracy": 0.506, "precision": 0.506, "recall": 1.0, "f1": 0.67198, "auc": 0.49718}
{"epoch": 38, "time_epoch": 28.51855, "eta": 1743.6476, "eta_hours": 0.48435, "loss": 0.69311297, "lr": 0.00068406, "params": 3861, "time_iter": 0.8912, "accuracy": 0.506, "precision": 0.506, "recall": 1.0, "f1": 0.67198, "auc": 0.47925}
{"epoch": 39, "time_epoch": 28.4691, "eta": 1714.89029, "eta_hours": 0.47636, "loss": 0.69316121, "lr": 0.00066937, "params": 3861, "time_iter": 0.88966, "accuracy": 0.506, "precision": 0.506, "recall": 1.0, "f1": 0.67198, "auc": 0.43569}
{"epoch": 40, "time_epoch": 28.47758, "eta": 1686.15923, "eta_hours": 0.46838, "loss": 0.69313104, "lr": 0.00065451, "params": 3861, "time_iter": 0.88992, "accuracy": 0.506, "precision": 0.506, "recall": 1.0, "f1": 0.67198, "auc": 0.45819}
{"epoch": 41, "time_epoch": 28.46056, "eta": 1657.41674, "eta_hours": 0.46039, "loss": 0.69318783, "lr": 0.0006395, "params": 3861, "time_iter": 0.88939, "accuracy": 0.506, "precision": 0.506, "recall": 1.0, "f1": 0.67198, "auc": 0.44481}
{"epoch": 42, "time_epoch": 28.78388, "eta": 1629.11595, "eta_hours": 0.45253, "loss": 0.69314283, "lr": 0.00062434, "params": 3861, "time_iter": 0.8995, "accuracy": 0.506, "precision": 0.506, "recall": 1.0, "f1": 0.67198, "auc": 0.44814}
{"epoch": 43, "time_epoch": 28.56715, "eta": 1600.51736, "eta_hours": 0.44459, "loss": 0.69312592, "lr": 0.00060907, "params": 3861, "time_iter": 0.89272, "accuracy": 0.506, "precision": 0.506, "recall": 1.0, "f1": 0.67198, "auc": 0.46867}
{"epoch": 44, "time_epoch": 28.45567, "eta": 1571.78392, "eta_hours": 0.43661, "loss": 0.69317384, "lr": 0.00059369, "params": 3861, "time_iter": 0.88924, "accuracy": 0.506, "precision": 0.506, "recall": 1.0, "f1": 0.67198, "auc": 0.46482}
{"epoch": 45, "time_epoch": 28.44018, "eta": 1543.04438, "eta_hours": 0.42862, "loss": 0.69316289, "lr": 0.00057822, "params": 3861, "time_iter": 0.88876, "accuracy": 0.506, "precision": 0.506, "recall": 1.0, "f1": 0.67198, "auc": 0.45236}
{"epoch": 46, "time_epoch": 28.51052, "eta": 1514.39689, "eta_hours": 0.42067, "loss": 0.69328987, "lr": 0.00056267, "params": 3861, "time_iter": 0.89095, "accuracy": 0.506, "precision": 0.506, "recall": 1.0, "f1": 0.67198, "auc": 0.4218}
{"epoch": 47, "time_epoch": 28.63551, "eta": 1485.89051, "eta_hours": 0.41275, "loss": 0.69320441, "lr": 0.00054705, "params": 3861, "time_iter": 0.89486, "accuracy": 0.506, "precision": 0.506, "recall": 1.0, "f1": 0.67198, "auc": 0.4445}
{"epoch": 48, "time_epoch": 28.53947, "eta": 1457.27891, "eta_hours": 0.4048, "loss": 0.69320943, "lr": 0.0005314, "params": 3861, "time_iter": 0.89186, "accuracy": 0.506, "precision": 0.506, "recall": 1.0, "f1": 0.67198, "auc": 0.45899}
{"epoch": 49, "time_epoch": 28.57847, "eta": 1428.70918, "eta_hours": 0.39686, "loss": 0.6932308, "lr": 0.00051571, "params": 3861, "time_iter": 0.89308, "accuracy": 0.506, "precision": 0.506, "recall": 1.0, "f1": 0.67198, "auc": 0.46067}
{"epoch": 50, "time_epoch": 28.57083, "eta": 1400.13178, "eta_hours": 0.38893, "loss": 0.69330929, "lr": 0.0005, "params": 3861, "time_iter": 0.89284, "accuracy": 0.506, "precision": 0.506, "recall": 1.0, "f1": 0.67198, "auc": 0.45854}
{"epoch": 51, "time_epoch": 28.53838, "eta": 1371.52468, "eta_hours": 0.38098, "loss": 0.69319198, "lr": 0.00048429, "params": 3861, "time_iter": 0.89182, "accuracy": 0.506, "precision": 0.506, "recall": 1.0, "f1": 0.67198, "auc": 0.46648}
{"epoch": 52, "time_epoch": 28.53336, "eta": 1342.91571, "eta_hours": 0.37303, "loss": 0.69311188, "lr": 0.0004686, "params": 3861, "time_iter": 0.89167, "accuracy": 0.506, "precision": 0.506, "recall": 1.0, "f1": 0.67198, "auc": 0.44135}
{"epoch": 53, "time_epoch": 28.46437, "eta": 1314.25077, "eta_hours": 0.36507, "loss": 0.69317054, "lr": 0.00045295, "params": 3861, "time_iter": 0.88951, "accuracy": 0.506, "precision": 0.506, "recall": 1.0, "f1": 0.67198, "auc": 0.43776}
{"epoch": 54, "time_epoch": 28.49477, "eta": 1285.61801, "eta_hours": 0.35712, "loss": 0.69332536, "lr": 0.00043733, "params": 3861, "time_iter": 0.89046, "accuracy": 0.506, "precision": 0.506, "recall": 1.0, "f1": 0.67198, "auc": 0.46934}
{"epoch": 55, "time_epoch": 28.48075, "eta": 1256.97915, "eta_hours": 0.34916, "loss": 0.69315125, "lr": 0.00042178, "params": 3861, "time_iter": 0.89002, "accuracy": 0.506, "precision": 0.506, "recall": 1.0, "f1": 0.67198, "auc": 0.41988}
{"epoch": 56, "time_epoch": 28.43669, "eta": 1228.31261, "eta_hours": 0.3412, "loss": 0.69315447, "lr": 0.00040631, "params": 3861, "time_iter": 0.88865, "accuracy": 0.506, "precision": 0.506, "recall": 1.0, "f1": 0.67198, "auc": 0.45779}
{"epoch": 57, "time_epoch": 28.48889, "eta": 1199.69179, "eta_hours": 0.33325, "loss": 0.69316174, "lr": 0.00039093, "params": 3861, "time_iter": 0.89028, "accuracy": 0.506, "precision": 0.506, "recall": 1.0, "f1": 0.67198, "auc": 0.42052}
{"epoch": 58, "time_epoch": 28.46829, "eta": 1171.06112, "eta_hours": 0.32529, "loss": 0.69315398, "lr": 0.00037566, "params": 3861, "time_iter": 0.88963, "accuracy": 0.506, "precision": 0.506, "recall": 1.0, "f1": 0.67198, "auc": 0.45511}
{"epoch": 59, "time_epoch": 28.51504, "eta": 1142.46703, "eta_hours": 0.31735, "loss": 0.6931138, "lr": 0.0003605, "params": 3861, "time_iter": 0.89109, "accuracy": 0.506, "precision": 0.506, "recall": 1.0, "f1": 0.67198, "auc": 0.44018}
{"epoch": 60, "time_epoch": 28.52601, "eta": 1113.88256, "eta_hours": 0.30941, "loss": 0.69311407, "lr": 0.00034549, "params": 3861, "time_iter": 0.89144, "accuracy": 0.506, "precision": 0.506, "recall": 1.0, "f1": 0.67198, "auc": 0.46607}
{"epoch": 61, "time_epoch": 28.51315, "eta": 1085.29208, "eta_hours": 0.30147, "loss": 0.69313735, "lr": 0.00033063, "params": 3861, "time_iter": 0.89104, "accuracy": 0.506, "precision": 0.506, "recall": 1.0, "f1": 0.67198, "auc": 0.44916}
{"epoch": 62, "time_epoch": 28.48769, "eta": 1056.68911, "eta_hours": 0.29352, "loss": 0.69311649, "lr": 0.00031594, "params": 3861, "time_iter": 0.89024, "accuracy": 0.506, "precision": 0.506, "recall": 1.0, "f1": 0.67198, "auc": 0.45286}
{"epoch": 63, "time_epoch": 28.42223, "eta": 1028.05292, "eta_hours": 0.28557, "loss": 0.69310119, "lr": 0.00030143, "params": 3861, "time_iter": 0.88819, "accuracy": 0.506, "precision": 0.506, "recall": 1.0, "f1": 0.67198, "auc": 0.48301}
{"epoch": 64, "time_epoch": 28.42114, "eta": 999.42273, "eta_hours": 0.27762, "loss": 0.69312915, "lr": 0.00028711, "params": 3861, "time_iter": 0.88816, "accuracy": 0.506, "precision": 0.506, "recall": 1.0, "f1": 0.67198, "auc": 0.45895}
{"epoch": 65, "time_epoch": 28.37347, "eta": 970.77431, "eta_hours": 0.26966, "loss": 0.693118, "lr": 0.000273, "params": 3861, "time_iter": 0.88667, "accuracy": 0.506, "precision": 0.506, "recall": 1.0, "f1": 0.67198, "auc": 0.42064}
{"epoch": 66, "time_epoch": 28.39671, "eta": 942.14555, "eta_hours": 0.26171, "loss": 0.6931004, "lr": 0.00025912, "params": 3861, "time_iter": 0.8874, "accuracy": 0.506, "precision": 0.506, "recall": 1.0, "f1": 0.67198, "auc": 0.45785}
{"epoch": 67, "time_epoch": 28.49047, "eta": 913.56773, "eta_hours": 0.25377, "loss": 0.69312468, "lr": 0.00024548, "params": 3861, "time_iter": 0.89033, "accuracy": 0.506, "precision": 0.506, "recall": 1.0, "f1": 0.67198, "auc": 0.45063}
{"epoch": 68, "time_epoch": 28.50813, "eta": 885.00038, "eta_hours": 0.24583, "loss": 0.69310647, "lr": 0.00023209, "params": 3861, "time_iter": 0.89088, "accuracy": 0.506, "precision": 0.506, "recall": 1.0, "f1": 0.67198, "auc": 0.45694}
{"epoch": 69, "time_epoch": 28.46519, "eta": 856.41632, "eta_hours": 0.23789, "loss": 0.69310783, "lr": 0.00021896, "params": 3861, "time_iter": 0.88954, "accuracy": 0.506, "precision": 0.506, "recall": 1.0, "f1": 0.67198, "auc": 0.44478}
{"epoch": 70, "time_epoch": 28.49931, "eta": 827.84955, "eta_hours": 0.22996, "loss": 0.69310635, "lr": 0.00020611, "params": 3861, "time_iter": 0.8906, "accuracy": 0.506, "precision": 0.506, "recall": 1.0, "f1": 0.67198, "auc": 0.47122}
{"epoch": 71, "time_epoch": 28.43628, "eta": 799.26013, "eta_hours": 0.22202, "loss": 0.69310429, "lr": 0.00019355, "params": 3861, "time_iter": 0.88863, "accuracy": 0.506, "precision": 0.506, "recall": 1.0, "f1": 0.67198, "auc": 0.46336}
{"epoch": 72, "time_epoch": 28.62254, "eta": 770.74381, "eta_hours": 0.2141, "loss": 0.69314102, "lr": 0.00018129, "params": 3861, "time_iter": 0.89445, "accuracy": 0.506, "precision": 0.506, "recall": 1.0, "f1": 0.67198, "auc": 0.42932}
{"epoch": 73, "time_epoch": 28.54736, "eta": 742.19819, "eta_hours": 0.20617, "loss": 0.69315561, "lr": 0.00016934, "params": 3861, "time_iter": 0.8921, "accuracy": 0.506, "precision": 0.506, "recall": 1.0, "f1": 0.67198, "auc": 0.43495}
{"epoch": 74, "time_epoch": 28.52482, "eta": 713.64502, "eta_hours": 0.19823, "loss": 0.69309886, "lr": 0.00015773, "params": 3861, "time_iter": 0.8914, "accuracy": 0.506, "precision": 0.506, "recall": 1.0, "f1": 0.67198, "auc": 0.46058}
{"epoch": 75, "time_epoch": 29.06849, "eta": 685.26428, "eta_hours": 0.19035, "loss": 0.69309729, "lr": 0.00014645, "params": 3861, "time_iter": 0.90839, "accuracy": 0.506, "precision": 0.506, "recall": 1.0, "f1": 0.67198, "auc": 0.45689}
{"epoch": 76, "time_epoch": 28.45193, "eta": 656.6815, "eta_hours": 0.18241, "loss": 0.6931059, "lr": 0.00013552, "params": 3861, "time_iter": 0.88912, "accuracy": 0.506, "precision": 0.506, "recall": 1.0, "f1": 0.67198, "auc": 0.44806}
{"epoch": 77, "time_epoch": 28.55543, "eta": 628.13128, "eta_hours": 0.17448, "loss": 0.69312649, "lr": 0.00012494, "params": 3861, "time_iter": 0.89236, "accuracy": 0.506, "precision": 0.506, "recall": 1.0, "f1": 0.67198, "auc": 0.46114}
{"epoch": 78, "time_epoch": 28.50883, "eta": 599.56853, "eta_hours": 0.16655, "loss": 0.6931031, "lr": 0.00011474, "params": 3861, "time_iter": 0.8909, "accuracy": 0.506, "precision": 0.506, "recall": 1.0, "f1": 0.67198, "auc": 0.4654}
{"epoch": 79, "time_epoch": 28.54227, "eta": 571.0155, "eta_hours": 0.15862, "loss": 0.69309093, "lr": 0.00010492, "params": 3861, "time_iter": 0.89195, "accuracy": 0.506, "precision": 0.506, "recall": 1.0, "f1": 0.67198, "auc": 0.48522}
{"epoch": 80, "time_epoch": 28.52585, "eta": 542.45888, "eta_hours": 0.15068, "loss": 0.69309421, "lr": 9.549e-05, "params": 3861, "time_iter": 0.89143, "accuracy": 0.506, "precision": 0.506, "recall": 1.0, "f1": 0.67198, "auc": 0.44618}
{"epoch": 81, "time_epoch": 28.52715, "eta": 513.90329, "eta_hours": 0.14275, "loss": 0.69310007, "lr": 8.646e-05, "params": 3861, "time_iter": 0.89147, "accuracy": 0.506, "precision": 0.506, "recall": 1.0, "f1": 0.67198, "auc": 0.41728}
{"epoch": 82, "time_epoch": 28.54155, "eta": 485.35134, "eta_hours": 0.13482, "loss": 0.69309253, "lr": 7.784e-05, "params": 3861, "time_iter": 0.89192, "accuracy": 0.506, "precision": 0.506, "recall": 1.0, "f1": 0.67198, "auc": 0.46121}
{"epoch": 83, "time_epoch": 28.52364, "eta": 456.79622, "eta_hours": 0.12689, "loss": 0.69312063, "lr": 6.963e-05, "params": 3861, "time_iter": 0.89136, "accuracy": 0.506, "precision": 0.506, "recall": 1.0, "f1": 0.67198, "auc": 0.45835}
{"epoch": 84, "time_epoch": 28.58173, "eta": 428.2521, "eta_hours": 0.11896, "loss": 0.69308764, "lr": 6.185e-05, "params": 3861, "time_iter": 0.89318, "accuracy": 0.506, "precision": 0.506, "recall": 1.0, "f1": 0.67198, "auc": 0.4929}
{"epoch": 85, "time_epoch": 28.55415, "eta": 399.70261, "eta_hours": 0.11103, "loss": 0.69309277, "lr": 5.45e-05, "params": 3861, "time_iter": 0.89232, "accuracy": 0.506, "precision": 0.506, "recall": 1.0, "f1": 0.67198, "auc": 0.44614}
{"epoch": 86, "time_epoch": 28.52823, "eta": 371.14915, "eta_hours": 0.1031, "loss": 0.69309011, "lr": 4.759e-05, "params": 3861, "time_iter": 0.89151, "accuracy": 0.506, "precision": 0.506, "recall": 1.0, "f1": 0.67198, "auc": 0.45711}
{"epoch": 87, "time_epoch": 28.52908, "eta": 342.59637, "eta_hours": 0.09517, "loss": 0.69308773, "lr": 4.112e-05, "params": 3861, "time_iter": 0.89153, "accuracy": 0.506, "precision": 0.506, "recall": 1.0, "f1": 0.67198, "auc": 0.43263}
{"epoch": 88, "time_epoch": 28.53121, "eta": 314.04438, "eta_hours": 0.08723, "loss": 0.69308711, "lr": 3.511e-05, "params": 3861, "time_iter": 0.8916, "accuracy": 0.506, "precision": 0.506, "recall": 1.0, "f1": 0.67198, "auc": 0.47106}
{"epoch": 89, "time_epoch": 28.52784, "eta": 285.49249, "eta_hours": 0.0793, "loss": 0.69308543, "lr": 2.956e-05, "params": 3861, "time_iter": 0.89149, "accuracy": 0.506, "precision": 0.506, "recall": 1.0, "f1": 0.67198, "auc": 0.47551}
{"epoch": 90, "time_epoch": 28.51474, "eta": 256.93983, "eta_hours": 0.07137, "loss": 0.69308678, "lr": 2.447e-05, "params": 3861, "time_iter": 0.89109, "accuracy": 0.506, "precision": 0.506, "recall": 1.0, "f1": 0.67198, "auc": 0.46247}
{"epoch": 91, "time_epoch": 28.56385, "eta": 228.39226, "eta_hours": 0.06344, "loss": 0.69308634, "lr": 1.985e-05, "params": 3861, "time_iter": 0.89262, "accuracy": 0.506, "precision": 0.506, "recall": 1.0, "f1": 0.67198, "auc": 0.45608}
{"epoch": 92, "time_epoch": 29.28595, "eta": 199.89869, "eta_hours": 0.05553, "loss": 0.6930908, "lr": 1.571e-05, "params": 3861, "time_iter": 0.91519, "accuracy": 0.506, "precision": 0.506, "recall": 1.0, "f1": 0.67198, "auc": 0.44925}
{"epoch": 93, "time_epoch": 28.67544, "eta": 171.3493, "eta_hours": 0.0476, "loss": 0.69308297, "lr": 1.204e-05, "params": 3861, "time_iter": 0.89611, "accuracy": 0.506, "precision": 0.506, "recall": 1.0, "f1": 0.67198, "auc": 0.47064}
{"epoch": 94, "time_epoch": 28.84211, "eta": 142.80603, "eta_hours": 0.03967, "loss": 0.69308781, "lr": 8.86e-06, "params": 3861, "time_iter": 0.90132, "accuracy": 0.506, "precision": 0.506, "recall": 1.0, "f1": 0.67198, "auc": 0.41369}
{"epoch": 95, "time_epoch": 28.69761, "eta": 114.2505, "eta_hours": 0.03174, "loss": 0.69308406, "lr": 6.16e-06, "params": 3861, "time_iter": 0.8968, "accuracy": 0.506, "precision": 0.506, "recall": 1.0, "f1": 0.67198, "auc": 0.48181}
{"epoch": 96, "time_epoch": 28.91986, "eta": 85.69893, "eta_hours": 0.02381, "loss": 0.69308264, "lr": 3.94e-06, "params": 3861, "time_iter": 0.90375, "accuracy": 0.506, "precision": 0.506, "recall": 1.0, "f1": 0.67198, "auc": 0.5123}
{"epoch": 97, "time_epoch": 28.7455, "eta": 57.13627, "eta_hours": 0.01587, "loss": 0.69308268, "lr": 2.22e-06, "params": 3861, "time_iter": 0.8983, "accuracy": 0.506, "precision": 0.506, "recall": 1.0, "f1": 0.67198, "auc": 0.51169}
{"epoch": 98, "time_epoch": 28.75371, "eta": 28.57001, "eta_hours": 0.00794, "loss": 0.69308273, "lr": 9.9e-07, "params": 3861, "time_iter": 0.89855, "accuracy": 0.506, "precision": 0.506, "recall": 1.0, "f1": 0.67198, "auc": 0.47907}
{"epoch": 99, "time_epoch": 28.7757, "eta": 0.0, "eta_hours": 0.0, "loss": 0.69308318, "lr": 2.5e-07, "params": 3861, "time_iter": 0.89924, "accuracy": 0.506, "precision": 0.506, "recall": 1.0, "f1": 0.67198, "auc": 0.4692}
