{"epoch": 0, "time_epoch": 19.07633, "eta": 1888.55697, "eta_hours": 0.5246, "loss": 0.69608642, "lr": 0.001, "params": 6183, "time_iter": 0.15261, "accuracy": 0.506, "precision": 0.506, "recall": 1.0, "f1": 0.67198, "auc": 0.50051}
{"epoch": 1, "time_epoch": 5.47414, "eta": 1202.97315, "eta_hours": 0.33416, "loss": 0.6941125, "lr": 0.00099975, "params": 6183, "time_iter": 0.04379, "accuracy": 0.496, "precision": 0.50102, "recall": 0.97233, "f1": 0.66129, "auc": 0.47044}
{"epoch": 2, "time_epoch": 5.40508, "eta": 968.563, "eta_hours": 0.26905, "loss": 0.69436095, "lr": 0.00099901, "params": 6183, "time_iter": 0.04324, "accuracy": 0.49, "precision": 0.49558, "recall": 0.44269, "f1": 0.46764, "auc": 0.47345}
{"epoch": 3, "time_epoch": 5.44597, "eta": 849.63661, "eta_hours": 0.23601, "loss": 0.69465291, "lr": 0.00099778, "params": 6183, "time_iter": 0.04357, "accuracy": 0.506, "precision": 0.506, "recall": 1.0, "f1": 0.67198, "auc": 0.45927}
{"epoch": 4, "time_epoch": 5.43857, "eta": 775.96182, "eta_hours": 0.21554, "loss": 0.69371623, "lr": 0.00099606, "params": 6183, "time_iter": 0.04351, "accuracy": 0.506, "precision": 0.506, "recall": 1.0, "f1": 0.67198, "auc": 0.44434}
{"epoch": 5, "time_epoch": 5.40717, "eta": 724.54052, "eta_hours": 0.20126, "loss": 0.69359016, "lr": 0.00099384, "params": 6183, "time_iter": 0.04326, "accuracy": 0.49, "precision": 0.49773, "recall": 0.86561, "f1": 0.63203, "auc": 0.45377}
{"epoch": 6, "time_epoch": 5.42329, "eta": 686.48021, "eta_hours": 0.19069, "loss": 0.69404847, "lr": 0.00099114, "params": 6183, "time_iter": 0.04339, "accuracy": 0.506, "precision": 0.506, "recall": 1.0, "f1": 0.67198, "auc": 0.40719}
{"epoch": 7, "time_epoch": 5.39248, "eta": 656.22486, "eta_hours": 0.18228, "loss": 0.69383164, "lr": 0.00098796, "params": 6183, "time_iter": 0.04314, "accuracy": 0.506, "precision": 0.506, "recall": 1.0, "f1": 0.67198, "auc": 0.46534}
{"epoch": 8, "time_epoch": 5.38136, "eta": 631.38213, "eta_hours": 0.17538, "loss": 0.69408216, "lr": 0.00098429, "params": 6183, "time_iter": 0.04305, "accuracy": 0.506, "precision": 0.506, "recall": 1.0, "f1": 0.67198, "auc": 0.44711}
{"epoch": 9, "time_epoch": 5.28711, "eta": 609.58344, "eta_hours": 0.16933, "loss": 0.69386873, "lr": 0.00098015, "params": 6183, "time_iter": 0.0423, "accuracy": 0.484, "precision": 0.49288, "recall": 0.68379, "f1": 0.57285, "auc": 0.46938}
{"epoch": 10, "time_epoch": 5.41755, "eta": 591.84228, "eta_hours": 0.1644, "loss": 0.69370794, "lr": 0.00097553, "params": 6183, "time_iter": 0.04334, "accuracy": 0.492, "precision": 0.49898, "recall": 0.96838, "f1": 0.6586, "auc": 0.45304}
{"epoch": 11, "time_epoch": 5.37789, "eta": 575.86421, "eta_hours": 0.15996, "loss": 0.69378918, "lr": 0.00097044, "params": 6183, "time_iter": 0.04302, "accuracy": 0.506, "precision": 0.506, "recall": 1.0, "f1": 0.67198, "auc": 0.41972}
{"epoch": 12, "time_epoch": 5.39548, "eta": 561.63467, "eta_hours": 0.15601, "loss": 0.69357663, "lr": 0.00096489, "params": 6183, "time_iter": 0.04316, "accuracy": 0.506, "precision": 0.506, "recall": 1.0, "f1": 0.67198, "auc": 0.43417}
{"epoch": 13, "time_epoch": 5.34439, "eta": 548.35325, "eta_hours": 0.15232, "loss": 0.69358385, "lr": 0.00095888, "params": 6183, "time_iter": 0.04276, "accuracy": 0.506, "precision": 0.506, "recall": 1.0, "f1": 0.67198, "auc": 0.47582}
{"epoch": 14, "time_epoch": 5.35147, "eta": 536.17025, "eta_hours": 0.14894, "loss": 0.69364811, "lr": 0.00095241, "params": 6183, "time_iter": 0.04281, "accuracy": 0.474, "precision": 0.48355, "recall": 0.58103, "f1": 0.52783, "auc": 0.47493}
{"epoch": 15, "time_epoch": 5.3391, "eta": 524.77626, "eta_hours": 0.14577, "loss": 0.6937662, "lr": 0.0009455, "params": 6183, "time_iter": 0.04271, "accuracy": 0.484, "precision": 0.49311, "recall": 0.70751, "f1": 0.58117, "auc": 0.45956}
{"epoch": 16, "time_epoch": 5.34561, "eta": 514.12639, "eta_hours": 0.14281, "loss": 0.69346134, "lr": 0.00093815, "params": 6183, "time_iter": 0.04276, "accuracy": 0.506, "precision": 0.50602, "recall": 0.99605, "f1": 0.67111, "auc": 0.46359}
{"epoch": 17, "time_epoch": 5.33652, "eta": 504.02445, "eta_hours": 0.14001, "loss": 0.69354442, "lr": 0.00093037, "params": 6183, "time_iter": 0.04269, "accuracy": 0.506, "precision": 0.506, "recall": 1.0, "f1": 0.67198, "auc": 0.45952}
{"epoch": 18, "time_epoch": 5.33518, "eta": 494.41842, "eta_hours": 0.13734, "loss": 0.69340551, "lr": 0.00092216, "params": 6183, "time_iter": 0.04268, "accuracy": 0.506, "precision": 0.506, "recall": 1.0, "f1": 0.67198, "auc": 0.4698}
{"epoch": 19, "time_epoch": 5.33882, "eta": 485.25404, "eta_hours": 0.13479, "loss": 0.69368093, "lr": 0.00091354, "params": 6183, "time_iter": 0.04271, "accuracy": 0.506, "precision": 0.506, "recall": 1.0, "f1": 0.67198, "auc": 0.45493}
{"epoch": 20, "time_epoch": 5.34589, "eta": 476.48061, "eta_hours": 0.13236, "loss": 0.69402403, "lr": 0.00090451, "params": 6183, "time_iter": 0.04277, "accuracy": 0.488, "precision": 0.48696, "recall": 0.22134, "f1": 0.30435, "auc": 0.44913}
{"epoch": 21, "time_epoch": 5.34332, "eta": 468.00964, "eta_hours": 0.13, "loss": 0.6935535, "lr": 0.00089508, "params": 6183, "time_iter": 0.04275, "accuracy": 0.506, "precision": 0.506, "recall": 1.0, "f1": 0.67198, "auc": 0.43948}
{"epoch": 22, "time_epoch": 5.34284, "eta": 459.80905, "eta_hours": 0.12772, "loss": 0.69350068, "lr": 0.00088526, "params": 6183, "time_iter": 0.04274, "accuracy": 0.506, "precision": 0.506, "recall": 1.0, "f1": 0.67198, "auc": 0.45368}
{"epoch": 23, "time_epoch": 5.33476, "eta": 451.82102, "eta_hours": 0.12551, "loss": 0.69403754, "lr": 0.00087506, "params": 6183, "time_iter": 0.04268, "accuracy": 0.506, "precision": 0.506, "recall": 1.0, "f1": 0.67198, "auc": 0.4372}
{"epoch": 24, "time_epoch": 5.35415, "eta": 444.10343, "eta_hours": 0.12336, "loss": 0.69378191, "lr": 0.00086448, "params": 6183, "time_iter": 0.04283, "accuracy": 0.506, "precision": 0.506, "recall": 1.0, "f1": 0.67198, "auc": 0.44921}
{"epoch": 25, "time_epoch": 5.3466, "eta": 436.54615, "eta_hours": 0.12126, "loss": 0.6935763, "lr": 0.00085355, "params": 6183, "time_iter": 0.04277, "accuracy": 0.506, "precision": 0.506, "recall": 1.0, "f1": 0.67198, "auc": 0.46207}
{"epoch": 26, "time_epoch": 5.34531, "eta": 429.14913, "eta_hours": 0.11921, "loss": 0.69365144, "lr": 0.00084227, "params": 6183, "time_iter": 0.04276, "accuracy": 0.506, "precision": 0.506, "recall": 1.0, "f1": 0.67198, "auc": 0.45452}
{"epoch": 27, "time_epoch": 5.33295, "eta": 421.86687, "eta_hours": 0.11719, "loss": 0.69333126, "lr": 0.00083066, "params": 6183, "time_iter": 0.04266, "accuracy": 0.496, "precision": 0.50105, "recall": 0.94071, "f1": 0.65385, "auc": 0.44686}
{"epoch": 28, "time_epoch": 5.3365, "eta": 414.72775, "eta_hours": 0.1152, "loss": 0.69370808, "lr": 0.00081871, "params": 6183, "time_iter": 0.04269, "accuracy": 0.482, "precision": 0.49268, "recall": 0.79842, "f1": 0.60935, "auc": 0.44742}
{"epoch": 29, "time_epoch": 5.33032, "eta": 407.69438, "eta_hours": 0.11325, "loss": 0.6937041, "lr": 0.00080645, "params": 6183, "time_iter": 0.04264, "accuracy": 0.486, "precision": 0.4958, "recall": 0.93281, "f1": 0.64746, "auc": 0.44992}
{"epoch": 30, "time_epoch": 5.36244, "eta": 400.84237, "eta_hours": 0.11135, "loss": 0.69349457, "lr": 0.00079389, "params": 6183, "time_iter": 0.0429, "accuracy": 0.506, "precision": 0.506, "recall": 1.0, "f1": 0.67198, "auc": 0.42873}
{"epoch": 31, "time_epoch": 5.35615, "eta": 394.0701, "eta_hours": 0.10946, "loss": 0.69337216, "lr": 0.00078104, "params": 6183, "time_iter": 0.04285, "accuracy": 0.488, "precision": 0.49672, "recall": 0.89723, "f1": 0.63944, "auc": 0.45856}
{"epoch": 32, "time_epoch": 5.34454, "eta": 387.36007, "eta_hours": 0.1076, "loss": 0.69342022, "lr": 0.00076791, "params": 6183, "time_iter": 0.04276, "accuracy": 0.506, "precision": 0.506, "recall": 1.0, "f1": 0.67198, "auc": 0.44866}
{"epoch": 33, "time_epoch": 5.3413, "eta": 380.72407, "eta_hours": 0.10576, "loss": 0.69341922, "lr": 0.00075452, "params": 6183, "time_iter": 0.04273, "accuracy": 0.506, "precision": 0.506, "recall": 1.0, "f1": 0.67198, "auc": 0.44721}
{"epoch": 34, "time_epoch": 5.34473, "eta": 374.16845, "eta_hours": 0.10394, "loss": 0.69347622, "lr": 0.00074088, "params": 6183, "time_iter": 0.04276, "accuracy": 0.506, "precision": 0.506, "recall": 1.0, "f1": 0.67198, "auc": 0.44701}
{"epoch": 35, "time_epoch": 5.33441, "eta": 367.66174, "eta_hours": 0.10213, "loss": 0.69348083, "lr": 0.000727, "params": 6183, "time_iter": 0.04268, "accuracy": 0.506, "precision": 0.506, "recall": 1.0, "f1": 0.67198, "auc": 0.45547}
{"epoch": 36, "time_epoch": 5.34997, "eta": 361.24488, "eta_hours": 0.10035, "loss": 0.69388834, "lr": 0.00071289, "params": 6183, "time_iter": 0.0428, "accuracy": 0.484, "precision": 0.49042, "recall": 0.50593, "f1": 0.49805, "auc": 0.46862}
{"epoch": 37, "time_epoch": 5.20979, "eta": 354.65547, "eta_hours": 0.09852, "loss": 0.69357898, "lr": 0.00069857, "params": 6183, "time_iter": 0.04168, "accuracy": 0.506, "precision": 0.506, "recall": 1.0, "f1": 0.67198, "auc": 0.44898}
{"epoch": 38, "time_epoch": 5.31699, "eta": 348.30448, "eta_hours": 0.09675, "loss": 0.69336743, "lr": 0.00068406, "params": 6183, "time_iter": 0.04254, "accuracy": 0.506, "precision": 0.506, "recall": 1.0, "f1": 0.67198, "auc": 0.44503}
{"epoch": 39, "time_epoch": 5.3088, "eta": 341.99291, "eta_hours": 0.095, "loss": 0.69341753, "lr": 0.00066937, "params": 6183, "time_iter": 0.04247, "accuracy": 0.506, "precision": 0.506, "recall": 1.0, "f1": 0.67198, "auc": 0.4613}
{"epoch": 40, "time_epoch": 5.31981, "eta": 335.7461, "eta_hours": 0.09326, "loss": 0.6934219, "lr": 0.00065451, "params": 6183, "time_iter": 0.04256, "accuracy": 0.506, "precision": 0.506, "recall": 1.0, "f1": 0.67198, "auc": 0.45687}
{"epoch": 41, "time_epoch": 5.30908, "eta": 329.52861, "eta_hours": 0.09154, "loss": 0.6936329, "lr": 0.0006395, "params": 6183, "time_iter": 0.04247, "accuracy": 0.456, "precision": 0.4657, "recall": 0.50988, "f1": 0.48679, "auc": 0.44853}
{"epoch": 42, "time_epoch": 5.20601, "eta": 323.21675, "eta_hours": 0.08978, "loss": 0.69350105, "lr": 0.00062434, "params": 6183, "time_iter": 0.04165, "accuracy": 0.506, "precision": 0.506, "recall": 1.0, "f1": 0.67198, "auc": 0.45634}
{"epoch": 43, "time_epoch": 5.30582, "eta": 317.08219, "eta_hours": 0.08808, "loss": 0.6934595, "lr": 0.00060907, "params": 6183, "time_iter": 0.04245, "accuracy": 0.506, "precision": 0.506, "recall": 1.0, "f1": 0.67198, "auc": 0.45424}
{"epoch": 44, "time_epoch": 5.30571, "eta": 310.98432, "eta_hours": 0.08638, "loss": 0.69337938, "lr": 0.00059369, "params": 6183, "time_iter": 0.04245, "accuracy": 0.486, "precision": 0.49543, "recall": 0.85771, "f1": 0.62808, "auc": 0.43847}
{"epoch": 45, "time_epoch": 5.29863, "eta": 304.91258, "eta_hours": 0.0847, "loss": 0.69284902, "lr": 0.00057822, "params": 6183, "time_iter": 0.04239, "accuracy": 0.512, "precision": 0.50943, "recall": 0.96047, "f1": 0.66575, "auc": 0.50665}
{"epoch": 46, "time_epoch": 5.30268, "eta": 298.8783, "eta_hours": 0.08302, "loss": 0.67741197, "lr": 0.00056267, "params": 6183, "time_iter": 0.04242, "accuracy": 0.588, "precision": 0.59216, "recall": 0.59684, "f1": 0.59449, "auc": 0.60873}
{"epoch": 47, "time_epoch": 5.30737, "eta": 292.8796, "eta_hours": 0.08136, "loss": 0.68731951, "lr": 0.00054705, "params": 6183, "time_iter": 0.04246, "accuracy": 0.55, "precision": 0.55983, "recall": 0.51779, "f1": 0.53799, "auc": 0.56315}
{"epoch": 48, "time_epoch": 5.30879, "eta": 286.91058, "eta_hours": 0.0797, "loss": 0.66357704, "lr": 0.0005314, "params": 6183, "time_iter": 0.04247, "accuracy": 0.602, "precision": 0.63636, "recall": 0.49802, "f1": 0.55876, "auc": 0.61987}
{"epoch": 49, "time_epoch": 5.31227, "eta": 280.97146, "eta_hours": 0.07805, "loss": 0.66263337, "lr": 0.00051571, "params": 6183, "time_iter": 0.0425, "accuracy": 0.592, "precision": 0.61187, "recall": 0.52964, "f1": 0.5678, "auc": 0.62713}
{"epoch": 50, "time_epoch": 5.30586, "eta": 275.05076, "eta_hours": 0.0764, "loss": 0.65811947, "lr": 0.0005, "params": 6183, "time_iter": 0.04245, "accuracy": 0.612, "precision": 0.64975, "recall": 0.50593, "f1": 0.56889, "auc": 0.63696}
{"epoch": 51, "time_epoch": 5.30536, "eta": 269.15324, "eta_hours": 0.07476, "loss": 0.66374899, "lr": 0.00048429, "params": 6183, "time_iter": 0.04244, "accuracy": 0.586, "precision": 0.6036, "recall": 0.52964, "f1": 0.56421, "auc": 0.63099}
{"epoch": 52, "time_epoch": 5.30235, "eta": 263.2754, "eta_hours": 0.07313, "loss": 0.65506131, "lr": 0.0004686, "params": 6183, "time_iter": 0.04242, "accuracy": 0.624, "precision": 0.65116, "recall": 0.55336, "f1": 0.59829, "auc": 0.65158}
{"epoch": 53, "time_epoch": 5.30508, "eta": 257.4212, "eta_hours": 0.07151, "loss": 0.66450215, "lr": 0.00045295, "params": 6183, "time_iter": 0.04244, "accuracy": 0.592, "precision": 0.61395, "recall": 0.52174, "f1": 0.5641, "auc": 0.64523}
{"epoch": 54, "time_epoch": 5.30377, "eta": 251.58589, "eta_hours": 0.06988, "loss": 0.67665197, "lr": 0.00043733, "params": 6183, "time_iter": 0.04243, "accuracy": 0.606, "precision": 0.62069, "recall": 0.56917, "f1": 0.59381, "auc": 0.6178}
{"epoch": 55, "time_epoch": 5.31597, "eta": 245.77916, "eta_hours": 0.06827, "loss": 0.66627597, "lr": 0.00042178, "params": 6183, "time_iter": 0.04253, "accuracy": 0.6, "precision": 0.61778, "recall": 0.54941, "f1": 0.58159, "auc": 0.62259}
{"epoch": 56, "time_epoch": 5.30179, "eta": 239.97895, "eta_hours": 0.06666, "loss": 0.67449329, "lr": 0.00040631, "params": 6183, "time_iter": 0.04241, "accuracy": 0.584, "precision": 0.59657, "recall": 0.54941, "f1": 0.57202, "auc": 0.61553}
{"epoch": 57, "time_epoch": 5.30114, "eta": 234.19545, "eta_hours": 0.06505, "loss": 0.67350274, "lr": 0.00039093, "params": 6183, "time_iter": 0.04241, "accuracy": 0.586, "precision": 0.59664, "recall": 0.56126, "f1": 0.57841, "auc": 0.62473}
{"epoch": 58, "time_epoch": 5.3086, "eta": 228.43349, "eta_hours": 0.06345, "loss": 0.67666627, "lr": 0.00037566, "params": 6183, "time_iter": 0.04247, "accuracy": 0.57, "precision": 0.57724, "recall": 0.56126, "f1": 0.56914, "auc": 0.62283}
{"epoch": 59, "time_epoch": 5.30415, "eta": 222.68368, "eta_hours": 0.06186, "loss": 0.67068613, "lr": 0.0003605, "params": 6183, "time_iter": 0.04243, "accuracy": 0.596, "precision": 0.60759, "recall": 0.56917, "f1": 0.58776, "auc": 0.62065}
{"epoch": 60, "time_epoch": 5.32694, "eta": 216.96305, "eta_hours": 0.06027, "loss": 0.67672745, "lr": 0.00034549, "params": 6183, "time_iter": 0.04262, "accuracy": 0.6, "precision": 0.61674, "recall": 0.55336, "f1": 0.58333, "auc": 0.63267}
{"epoch": 61, "time_epoch": 5.30346, "eta": 211.24072, "eta_hours": 0.05868, "loss": 0.68203712, "lr": 0.00033063, "params": 6183, "time_iter": 0.04243, "accuracy": 0.584, "precision": 0.59109, "recall": 0.57708, "f1": 0.584, "auc": 0.62903}
{"epoch": 62, "time_epoch": 5.30987, "eta": 205.53546, "eta_hours": 0.05709, "loss": 0.66809647, "lr": 0.00031594, "params": 6183, "time_iter": 0.04248, "accuracy": 0.61, "precision": 0.60821, "recall": 0.64427, "f1": 0.62572, "auc": 0.64793}
{"epoch": 63, "time_epoch": 5.31217, "eta": 199.84385, "eta_hours": 0.05551, "loss": 0.68822442, "lr": 0.00030143, "params": 6183, "time_iter": 0.0425, "accuracy": 0.59, "precision": 0.5916, "recall": 0.61265, "f1": 0.60194, "auc": 0.61727}
{"epoch": 64, "time_epoch": 5.30802, "eta": 194.16167, "eta_hours": 0.05393, "loss": 0.66978303, "lr": 0.00028711, "params": 6183, "time_iter": 0.04246, "accuracy": 0.596, "precision": 0.5941, "recall": 0.63636, "f1": 0.6145, "auc": 0.64625}
{"epoch": 65, "time_epoch": 5.31041, "eta": 188.49207, "eta_hours": 0.05236, "loss": 0.67121205, "lr": 0.000273, "params": 6183, "time_iter": 0.04248, "accuracy": 0.584, "precision": 0.58964, "recall": 0.58498, "f1": 0.5873, "auc": 0.64632}
{"epoch": 66, "time_epoch": 5.31086, "eta": 182.83342, "eta_hours": 0.05079, "loss": 0.66868109, "lr": 0.00025912, "params": 6183, "time_iter": 0.04249, "accuracy": 0.626, "precision": 0.65421, "recall": 0.55336, "f1": 0.59957, "auc": 0.64513}
{"epoch": 67, "time_epoch": 5.32287, "eta": 177.19064, "eta_hours": 0.04922, "loss": 0.68602463, "lr": 0.00024548, "params": 6183, "time_iter": 0.04258, "accuracy": 0.59, "precision": 0.60909, "recall": 0.52964, "f1": 0.5666, "auc": 0.6283}
{"epoch": 68, "time_epoch": 5.31232, "eta": 171.55239, "eta_hours": 0.04765, "loss": 0.6513297, "lr": 0.00023209, "params": 6183, "time_iter": 0.0425, "accuracy": 0.6, "precision": 0.62326, "recall": 0.52964, "f1": 0.57265, "auc": 0.6403}
{"epoch": 69, "time_epoch": 5.30814, "eta": 165.92167, "eta_hours": 0.04609, "loss": 0.67782063, "lr": 0.00021896, "params": 6183, "time_iter": 0.04247, "accuracy": 0.592, "precision": 0.62069, "recall": 0.49802, "f1": 0.55263, "auc": 0.64318}
{"epoch": 70, "time_epoch": 5.32231, "eta": 160.30582, "eta_hours": 0.04453, "loss": 0.66733094, "lr": 0.00020611, "params": 6183, "time_iter": 0.04258, "accuracy": 0.596, "precision": 0.61233, "recall": 0.54941, "f1": 0.57917, "auc": 0.63544}
{"epoch": 71, "time_epoch": 5.31185, "eta": 154.69406, "eta_hours": 0.04297, "loss": 0.67730696, "lr": 0.00019355, "params": 6183, "time_iter": 0.04249, "accuracy": 0.592, "precision": 0.61086, "recall": 0.5336, "f1": 0.56962, "auc": 0.62927}
{"epoch": 72, "time_epoch": 5.31183, "eta": 149.0905, "eta_hours": 0.04141, "loss": 0.68995088, "lr": 0.00018129, "params": 6183, "time_iter": 0.04249, "accuracy": 0.612, "precision": 0.63229, "recall": 0.55731, "f1": 0.59244, "auc": 0.63696}
{"epoch": 73, "time_epoch": 5.30621, "eta": 143.49286, "eta_hours": 0.03986, "loss": 0.68164695, "lr": 0.00016934, "params": 6183, "time_iter": 0.04245, "accuracy": 0.6, "precision": 0.61472, "recall": 0.56126, "f1": 0.58678, "auc": 0.63643}
{"epoch": 74, "time_epoch": 5.31816, "eta": 137.90697, "eta_hours": 0.03831, "loss": 0.7037931, "lr": 0.00015773, "params": 6183, "time_iter": 0.04255, "accuracy": 0.552, "precision": 0.55777, "recall": 0.55336, "f1": 0.55556, "auc": 0.58767}
{"epoch": 75, "time_epoch": 5.30854, "eta": 132.32509, "eta_hours": 0.03676, "loss": 0.67727065, "lr": 0.00014645, "params": 6183, "time_iter": 0.04247, "accuracy": 0.602, "precision": 0.61739, "recall": 0.56126, "f1": 0.58799, "auc": 0.64545}
{"epoch": 76, "time_epoch": 5.30221, "eta": 126.74842, "eta_hours": 0.03521, "loss": 0.68130576, "lr": 0.00013552, "params": 6183, "time_iter": 0.04242, "accuracy": 0.592, "precision": 0.60699, "recall": 0.54941, "f1": 0.57676, "auc": 0.62879}
{"epoch": 77, "time_epoch": 5.31667, "eta": 121.18287, "eta_hours": 0.03366, "loss": 0.67286175, "lr": 0.00012494, "params": 6183, "time_iter": 0.04253, "accuracy": 0.654, "precision": 0.67391, "recall": 0.61265, "f1": 0.64182, "auc": 0.66182}
{"epoch": 78, "time_epoch": 5.30569, "eta": 115.62069, "eta_hours": 0.03212, "loss": 0.68534438, "lr": 0.00011474, "params": 6183, "time_iter": 0.04245, "accuracy": 0.624, "precision": 0.64444, "recall": 0.57312, "f1": 0.60669, "auc": 0.64086}
{"epoch": 79, "time_epoch": 5.30458, "eta": 110.06465, "eta_hours": 0.03057, "loss": 0.67189769, "lr": 0.00010492, "params": 6183, "time_iter": 0.04244, "accuracy": 0.592, "precision": 0.60338, "recall": 0.56522, "f1": 0.58367, "auc": 0.63598}
{"epoch": 80, "time_epoch": 5.31483, "eta": 104.51723, "eta_hours": 0.02903, "loss": 0.68172881, "lr": 9.549e-05, "params": 6183, "time_iter": 0.04252, "accuracy": 0.606, "precision": 0.61966, "recall": 0.57312, "f1": 0.59548, "auc": 0.62604}
{"epoch": 81, "time_epoch": 5.31467, "eta": 98.97544, "eta_hours": 0.02749, "loss": 0.69548765, "lr": 8.646e-05, "params": 6183, "time_iter": 0.04252, "accuracy": 0.608, "precision": 0.61633, "recall": 0.59684, "f1": 0.60643, "auc": 0.62423}
{"epoch": 82, "time_epoch": 5.304, "eta": 93.43694, "eta_hours": 0.02595, "loss": 0.67763015, "lr": 7.784e-05, "params": 6183, "time_iter": 0.04243, "accuracy": 0.59, "precision": 0.596, "recall": 0.58893, "f1": 0.59245, "auc": 0.6355}
{"epoch": 83, "time_epoch": 5.31643, "eta": 87.90639, "eta_hours": 0.02442, "loss": 0.67340239, "lr": 6.963e-05, "params": 6183, "time_iter": 0.04253, "accuracy": 0.614, "precision": 0.61719, "recall": 0.62451, "f1": 0.62083, "auc": 0.64563}
{"epoch": 84, "time_epoch": 5.31886, "eta": 82.38131, "eta_hours": 0.02288, "loss": 0.67859226, "lr": 6.185e-05, "params": 6183, "time_iter": 0.04255, "accuracy": 0.606, "precision": 0.6129, "recall": 0.60079, "f1": 0.60679, "auc": 0.64902}
{"epoch": 85, "time_epoch": 5.31223, "eta": 76.85994, "eta_hours": 0.02135, "loss": 0.67638701, "lr": 5.45e-05, "params": 6183, "time_iter": 0.0425, "accuracy": 0.6, "precision": 0.60729, "recall": 0.59289, "f1": 0.6, "auc": 0.63844}
{"epoch": 86, "time_epoch": 5.30793, "eta": 71.34274, "eta_hours": 0.01982, "loss": 0.68324799, "lr": 4.759e-05, "params": 6183, "time_iter": 0.04246, "accuracy": 0.61, "precision": 0.61885, "recall": 0.59684, "f1": 0.60765, "auc": 0.65045}
{"epoch": 87, "time_epoch": 5.31524, "eta": 65.83129, "eta_hours": 0.01829, "loss": 0.69587755, "lr": 4.112e-05, "params": 6183, "time_iter": 0.04252, "accuracy": 0.586, "precision": 0.59583, "recall": 0.56522, "f1": 0.58012, "auc": 0.63326}
{"epoch": 88, "time_epoch": 5.31658, "eta": 60.32442, "eta_hours": 0.01676, "loss": 0.68077178, "lr": 3.511e-05, "params": 6183, "time_iter": 0.04253, "accuracy": 0.574, "precision": 0.58065, "recall": 0.56917, "f1": 0.57485, "auc": 0.61881}
{"epoch": 89, "time_epoch": 5.31606, "eta": 54.82172, "eta_hours": 0.01523, "loss": 0.64434363, "lr": 2.956e-05, "params": 6183, "time_iter": 0.04253, "accuracy": 0.624, "precision": 0.62548, "recall": 0.64032, "f1": 0.63281, "auc": 0.68226}
{"epoch": 90, "time_epoch": 5.31456, "eta": 49.32297, "eta_hours": 0.0137, "loss": 0.66583955, "lr": 2.447e-05, "params": 6183, "time_iter": 0.04252, "accuracy": 0.608, "precision": 0.61633, "recall": 0.59684, "f1": 0.60643, "auc": 0.65245}
{"epoch": 91, "time_epoch": 5.31525, "eta": 43.82828, "eta_hours": 0.01217, "loss": 0.66924578, "lr": 1.985e-05, "params": 6183, "time_iter": 0.04252, "accuracy": 0.616, "precision": 0.62762, "recall": 0.59289, "f1": 0.60976, "auc": 0.65637}
{"epoch": 92, "time_epoch": 5.31188, "eta": 38.3372, "eta_hours": 0.01065, "loss": 0.68225933, "lr": 1.571e-05, "params": 6183, "time_iter": 0.0425, "accuracy": 0.594, "precision": 0.60081, "recall": 0.58893, "f1": 0.59481, "auc": 0.62987}
{"epoch": 93, "time_epoch": 5.31171, "eta": 32.84993, "eta_hours": 0.00912, "loss": 0.64676534, "lr": 1.204e-05, "params": 6183, "time_iter": 0.04249, "accuracy": 0.6, "precision": 0.60392, "recall": 0.6087, "f1": 0.6063, "auc": 0.66446}
{"epoch": 94, "time_epoch": 5.28787, "eta": 27.36509, "eta_hours": 0.0076, "loss": 0.69169257, "lr": 8.86e-06, "params": 6183, "time_iter": 0.0423, "accuracy": 0.614, "precision": 0.62712, "recall": 0.58498, "f1": 0.60532, "auc": 0.63199}
{"epoch": 95, "time_epoch": 5.31982, "eta": 21.88569, "eta_hours": 0.00608, "loss": 0.67600239, "lr": 6.16e-06, "params": 6183, "time_iter": 0.04256, "accuracy": 0.61, "precision": 0.616, "recall": 0.6087, "f1": 0.61233, "auc": 0.63334}
{"epoch": 96, "time_epoch": 5.3183, "eta": 16.40953, "eta_hours": 0.00456, "loss": 0.67250365, "lr": 3.94e-06, "params": 6183, "time_iter": 0.04255, "accuracy": 0.584, "precision": 0.59109, "recall": 0.57708, "f1": 0.584, "auc": 0.63592}
{"epoch": 97, "time_epoch": 5.32067, "eta": 10.93664, "eta_hours": 0.00304, "loss": 0.67912167, "lr": 2.22e-06, "params": 6183, "time_iter": 0.04257, "accuracy": 0.592, "precision": 0.59608, "recall": 0.60079, "f1": 0.59843, "auc": 0.62873}
{"epoch": 98, "time_epoch": 5.30229, "eta": 5.46664, "eta_hours": 0.00152, "loss": 0.7052164, "lr": 9.9e-07, "params": 6183, "time_iter": 0.04242, "accuracy": 0.602, "precision": 0.60976, "recall": 0.59289, "f1": 0.6012, "auc": 0.63716}
{"epoch": 99, "time_epoch": 5.31126, "eta": 0.0, "eta_hours": 0.0, "loss": 0.68349542, "lr": 2.5e-07, "params": 6183, "time_iter": 0.04249, "accuracy": 0.62, "precision": 0.6255, "recall": 0.62055, "f1": 0.62302, "auc": 0.64667}
