{"epoch": 0, "time_epoch": 6.31042, "eta": 624.73114, "eta_hours": 0.17354, "loss": 0.69345299, "lr": 0.001, "params": 9207, "time_iter": 0.57367, "accuracy": 0.52381, "precision": 0.0, "recall": 0.0, "f1": 0.0, "auc": 0.36818}
{"epoch": 1, "time_epoch": 7.44952, "eta": 674.23673, "eta_hours": 0.18729, "loss": 0.69232073, "lr": 0.00099975, "params": 9207, "time_iter": 0.67723, "accuracy": 0.52381, "precision": 0.0, "recall": 0.0, "f1": 0.0, "auc": 0.58864}
{"epoch": 2, "time_epoch": 0.41175, "eta": 458.21785, "eta_hours": 0.12728, "loss": 0.69366288, "lr": 0.00099901, "params": 9207, "time_iter": 0.03743, "accuracy": 0.52381, "precision": 0.0, "recall": 0.0, "f1": 0.0, "auc": 0.49773}
{"epoch": 3, "time_epoch": 0.4482, "eta": 350.87724, "eta_hours": 0.09747, "loss": 0.69185008, "lr": 0.00099778, "params": 9207, "time_iter": 0.04075, "accuracy": 0.52381, "precision": 0.0, "recall": 0.0, "f1": 0.0, "auc": 0.58409}
{"epoch": 4, "time_epoch": 0.44484, "eta": 286.22979, "eta_hours": 0.07951, "loss": 0.69131531, "lr": 0.00099606, "params": 9207, "time_iter": 0.04044, "accuracy": 0.52381, "precision": 0.0, "recall": 0.0, "f1": 0.0, "auc": 0.60909}
{"epoch": 5, "time_epoch": 0.44212, "eta": 242.94056, "eta_hours": 0.06748, "loss": 0.69160662, "lr": 0.00099384, "params": 9207, "time_iter": 0.04019, "accuracy": 0.52381, "precision": 0.0, "recall": 0.0, "f1": 0.0, "auc": 0.47273}
{"epoch": 6, "time_epoch": 0.49027, "eta": 212.53312, "eta_hours": 0.05904, "loss": 0.68803844, "lr": 0.00099114, "params": 9207, "time_iter": 0.04457, "accuracy": 0.52381, "precision": 0.0, "recall": 0.0, "f1": 0.0, "auc": 0.75909}
{"epoch": 7, "time_epoch": 0.49482, "eta": 189.65724, "eta_hours": 0.05268, "loss": 0.6853387, "lr": 0.00098796, "params": 9207, "time_iter": 0.04498, "accuracy": 0.59524, "precision": 1.0, "recall": 0.15, "f1": 0.26087, "auc": 0.78864}
{"epoch": 8, "time_epoch": 0.49251, "eta": 171.73163, "eta_hours": 0.0477, "loss": 0.68469474, "lr": 0.00098429, "params": 9207, "time_iter": 0.04477, "accuracy": 0.54762, "precision": 1.0, "recall": 0.05, "f1": 0.09524, "auc": 0.7}
{"epoch": 9, "time_epoch": 0.4891, "eta": 157.2619, "eta_hours": 0.04368, "loss": 0.67028763, "lr": 0.00098015, "params": 9207, "time_iter": 0.04446, "accuracy": 0.66667, "precision": 1.0, "recall": 0.3, "f1": 0.46154, "auc": 0.84773}
{"epoch": 10, "time_epoch": 0.4896, "eta": 145.33819, "eta_hours": 0.04037, "loss": 0.67031031, "lr": 0.00097553, "params": 9207, "time_iter": 0.04451, "accuracy": 0.71429, "precision": 0.83333, "recall": 0.5, "f1": 0.625, "auc": 0.76364}
{"epoch": 11, "time_epoch": 0.48644, "eta": 135.29694, "eta_hours": 0.03758, "loss": 0.64587558, "lr": 0.00097044, "params": 9207, "time_iter": 0.04422, "accuracy": 0.78571, "precision": 0.92308, "recall": 0.6, "f1": 0.72727, "auc": 0.80455}
{"epoch": 12, "time_epoch": 0.48628, "eta": 126.72464, "eta_hours": 0.0352, "loss": 0.62398762, "lr": 0.00096489, "params": 9207, "time_iter": 0.04421, "accuracy": 0.7381, "precision": 0.76471, "recall": 0.65, "f1": 0.7027, "auc": 0.825}
{"epoch": 13, "time_epoch": 0.48725, "eta": 119.3134, "eta_hours": 0.03314, "loss": 0.58257179, "lr": 0.00095888, "params": 9207, "time_iter": 0.0443, "accuracy": 0.7619, "precision": 0.77778, "recall": 0.7, "f1": 0.73684, "auc": 0.85909}
{"epoch": 14, "time_epoch": 0.48787, "eta": 112.82888, "eta_hours": 0.03134, "loss": 0.53370915, "lr": 0.00095241, "params": 9207, "time_iter": 0.04435, "accuracy": 0.83333, "precision": 0.84211, "recall": 0.8, "f1": 0.82051, "auc": 0.90455}
{"epoch": 15, "time_epoch": 0.49334, "eta": 107.1227, "eta_hours": 0.02976, "loss": 0.51496691, "lr": 0.0009455, "params": 9207, "time_iter": 0.04485, "accuracy": 0.85714, "precision": 0.85, "recall": 0.85, "f1": 0.85, "auc": 0.9}
{"epoch": 16, "time_epoch": 0.48808, "eta": 102.00409, "eta_hours": 0.02833, "loss": 0.46848522, "lr": 0.00093815, "params": 9207, "time_iter": 0.04437, "accuracy": 0.85714, "precision": 0.88889, "recall": 0.8, "f1": 0.84211, "auc": 0.88182}
{"epoch": 17, "time_epoch": 0.49004, "eta": 97.40891, "eta_hours": 0.02706, "loss": 0.45483075, "lr": 0.00093037, "params": 9207, "time_iter": 0.04455, "accuracy": 0.80952, "precision": 0.83333, "recall": 0.75, "f1": 0.78947, "auc": 0.86818}
{"epoch": 18, "time_epoch": 0.48605, "eta": 93.22885, "eta_hours": 0.0259, "loss": 0.44346425, "lr": 0.00092216, "params": 9207, "time_iter": 0.04419, "accuracy": 0.80952, "precision": 0.83333, "recall": 0.75, "f1": 0.78947, "auc": 0.87273}
{"epoch": 19, "time_epoch": 0.49018, "eta": 89.43472, "eta_hours": 0.02484, "loss": 0.48401854, "lr": 0.00091354, "params": 9207, "time_iter": 0.04456, "accuracy": 0.7381, "precision": 0.8, "recall": 0.6, "f1": 0.68571, "auc": 0.84318}
{"epoch": 20, "time_epoch": 0.48598, "eta": 85.93943, "eta_hours": 0.02387, "loss": 0.492219, "lr": 0.00090451, "params": 9207, "time_iter": 0.04418, "accuracy": 0.78571, "precision": 0.78947, "recall": 0.75, "f1": 0.76923, "auc": 0.83864}
{"epoch": 21, "time_epoch": 0.48856, "eta": 82.72685, "eta_hours": 0.02298, "loss": 0.31679009, "lr": 0.00089508, "params": 9207, "time_iter": 0.04441, "accuracy": 0.90476, "precision": 0.9, "recall": 0.9, "f1": 0.9, "auc": 0.94773}
{"epoch": 22, "time_epoch": 0.48553, "eta": 79.74101, "eta_hours": 0.02215, "loss": 0.37722074, "lr": 0.00088526, "params": 9207, "time_iter": 0.04414, "accuracy": 0.80952, "precision": 0.83333, "recall": 0.75, "f1": 0.78947, "auc": 0.91136}
{"epoch": 23, "time_epoch": 0.49479, "eta": 76.99284, "eta_hours": 0.02139, "loss": 0.26042964, "lr": 0.00087506, "params": 9207, "time_iter": 0.04498, "accuracy": 0.88095, "precision": 0.94118, "recall": 0.8, "f1": 0.86486, "auc": 0.96818}
{"epoch": 24, "time_epoch": 0.48926, "eta": 74.40837, "eta_hours": 0.02067, "loss": 0.39342825, "lr": 0.00086448, "params": 9207, "time_iter": 0.04448, "accuracy": 0.83333, "precision": 0.80952, "recall": 0.85, "f1": 0.82927, "auc": 0.89545}
{"epoch": 25, "time_epoch": 0.48851, "eta": 71.98292, "eta_hours": 0.02, "loss": 0.30542999, "lr": 0.00085355, "params": 9207, "time_iter": 0.04441, "accuracy": 0.85714, "precision": 0.88889, "recall": 0.8, "f1": 0.84211, "auc": 0.94091}
{"epoch": 26, "time_epoch": 0.48888, "eta": 69.70196, "eta_hours": 0.01936, "loss": 0.22802485, "lr": 0.00084227, "params": 9207, "time_iter": 0.04444, "accuracy": 0.92857, "precision": 1.0, "recall": 0.85, "f1": 0.91892, "auc": 0.97955}
{"epoch": 27, "time_epoch": 0.48901, "eta": 67.54934, "eta_hours": 0.01876, "loss": 0.31341143, "lr": 0.00083066, "params": 9207, "time_iter": 0.04446, "accuracy": 0.85714, "precision": 0.88889, "recall": 0.8, "f1": 0.84211, "auc": 0.93409}
{"epoch": 28, "time_epoch": 0.49879, "eta": 65.53539, "eta_hours": 0.0182, "loss": 0.15185152, "lr": 0.00081871, "params": 9207, "time_iter": 0.04534, "accuracy": 0.95238, "precision": 0.95, "recall": 0.95, "f1": 0.95, "auc": 0.99773}
{"epoch": 29, "time_epoch": 0.49499, "eta": 63.6136, "eta_hours": 0.01767, "loss": 0.18713215, "lr": 0.00080645, "params": 9207, "time_iter": 0.045, "accuracy": 0.90476, "precision": 0.94444, "recall": 0.85, "f1": 0.89474, "auc": 0.98409}
{"epoch": 30, "time_epoch": 0.4869, "eta": 61.76584, "eta_hours": 0.01716, "loss": 0.1759617, "lr": 0.00079389, "params": 9207, "time_iter": 0.04426, "accuracy": 0.97619, "precision": 1.0, "recall": 0.95, "f1": 0.97436, "auc": 0.98636}
{"epoch": 31, "time_epoch": 0.48623, "eta": 60.0017, "eta_hours": 0.01667, "loss": 0.13952451, "lr": 0.00078104, "params": 9207, "time_iter": 0.0442, "accuracy": 0.92857, "precision": 1.0, "recall": 0.85, "f1": 0.91892, "auc": 1.0}
{"epoch": 32, "time_epoch": 0.49288, "eta": 58.32852, "eta_hours": 0.0162, "loss": 0.18319888, "lr": 0.00076791, "params": 9207, "time_iter": 0.04481, "accuracy": 0.95238, "precision": 1.0, "recall": 0.9, "f1": 0.94737, "auc": 0.97955}
{"epoch": 33, "time_epoch": 0.48747, "eta": 56.71428, "eta_hours": 0.01575, "loss": 0.0908786, "lr": 0.00075452, "params": 9207, "time_iter": 0.04432, "accuracy": 1.0, "precision": 1.0, "recall": 1.0, "f1": 1.0, "auc": 1.0}
{"epoch": 34, "time_epoch": 0.48672, "eta": 55.16303, "eta_hours": 0.01532, "loss": 0.13161373, "lr": 0.00074088, "params": 9207, "time_iter": 0.04425, "accuracy": 0.95238, "precision": 0.95, "recall": 0.95, "f1": 0.95, "auc": 0.99318}
{"epoch": 35, "time_epoch": 0.49083, "eta": 53.67823, "eta_hours": 0.01491, "loss": 0.5279713, "lr": 0.000727, "params": 9207, "time_iter": 0.04462, "accuracy": 0.7619, "precision": 0.85714, "recall": 0.6, "f1": 0.70588, "auc": 0.875}
{"epoch": 36, "time_epoch": 0.49698, "eta": 52.25762, "eta_hours": 0.01452, "loss": 0.10543794, "lr": 0.00071289, "params": 9207, "time_iter": 0.04518, "accuracy": 0.95238, "precision": 0.95, "recall": 0.95, "f1": 0.95, "auc": 0.99773}
{"epoch": 37, "time_epoch": 0.48723, "eta": 50.86971, "eta_hours": 0.01413, "loss": 0.34438766, "lr": 0.00069857, "params": 9207, "time_iter": 0.04429, "accuracy": 0.90476, "precision": 0.9, "recall": 0.9, "f1": 0.9, "auc": 0.94773}
{"epoch": 38, "time_epoch": 0.48481, "eta": 49.52422, "eta_hours": 0.01376, "loss": 0.27120824, "lr": 0.00068406, "params": 9207, "time_iter": 0.04407, "accuracy": 0.92857, "precision": 0.94737, "recall": 0.9, "f1": 0.92308, "auc": 0.95455}
{"epoch": 39, "time_epoch": 0.49615, "eta": 48.23876, "eta_hours": 0.0134, "loss": 0.09636319, "lr": 0.00066937, "params": 9207, "time_iter": 0.0451, "accuracy": 0.95238, "precision": 0.95, "recall": 0.95, "f1": 0.95, "auc": 0.99773}
{"epoch": 40, "time_epoch": 0.49658, "eta": 46.99242, "eta_hours": 0.01305, "loss": 0.1383912, "lr": 0.00065451, "params": 9207, "time_iter": 0.04514, "accuracy": 0.95238, "precision": 0.95, "recall": 0.95, "f1": 0.95, "auc": 0.98409}
{"epoch": 41, "time_epoch": 0.49391, "eta": 45.7781, "eta_hours": 0.01272, "loss": 0.40988736, "lr": 0.0006395, "params": 9207, "time_iter": 0.0449, "accuracy": 0.80952, "precision": 0.8, "recall": 0.8, "f1": 0.8, "auc": 0.93409}
{"epoch": 42, "time_epoch": 0.49633, "eta": 44.6005, "eta_hours": 0.01239, "loss": 0.11464929, "lr": 0.00062434, "params": 9207, "time_iter": 0.04512, "accuracy": 0.95238, "precision": 0.90909, "recall": 1.0, "f1": 0.95238, "auc": 0.99545}
{"epoch": 43, "time_epoch": 0.49602, "eta": 43.45347, "eta_hours": 0.01207, "loss": 0.08180444, "lr": 0.00060907, "params": 9207, "time_iter": 0.04509, "accuracy": 0.95238, "precision": 0.90909, "recall": 1.0, "f1": 0.95238, "auc": 1.0}
{"epoch": 44, "time_epoch": 0.49233, "eta": 42.33086, "eta_hours": 0.01176, "loss": 0.10976923, "lr": 0.00059369, "params": 9207, "time_iter": 0.04476, "accuracy": 0.92857, "precision": 0.90476, "recall": 0.95, "f1": 0.92683, "auc": 0.99545}
{"epoch": 45, "time_epoch": 0.49431, "eta": 41.23799, "eta_hours": 0.01145, "loss": 0.38699906, "lr": 0.00057822, "params": 9207, "time_iter": 0.04494, "accuracy": 0.85714, "precision": 0.85, "recall": 0.85, "f1": 0.85, "auc": 0.92955}
{"epoch": 46, "time_epoch": 0.49375, "eta": 40.16994, "eta_hours": 0.01116, "loss": 0.26767753, "lr": 0.00056267, "params": 9207, "time_iter": 0.04489, "accuracy": 0.88095, "precision": 0.89474, "recall": 0.85, "f1": 0.87179, "auc": 0.96136}
{"epoch": 47, "time_epoch": 0.49659, "eta": 39.12891, "eta_hours": 0.01087, "loss": 0.08449556, "lr": 0.00054705, "params": 9207, "time_iter": 0.04514, "accuracy": 0.97619, "precision": 0.95238, "recall": 1.0, "f1": 0.97561, "auc": 0.99773}
{"epoch": 48, "time_epoch": 0.49966, "eta": 38.11329, "eta_hours": 0.01059, "loss": 0.04397441, "lr": 0.0005314, "params": 9207, "time_iter": 0.04542, "accuracy": 1.0, "precision": 1.0, "recall": 1.0, "f1": 1.0, "auc": 1.0}
{"epoch": 49, "time_epoch": 0.49848, "eta": 37.11713, "eta_hours": 0.01031, "loss": 0.16162436, "lr": 0.00051571, "params": 9207, "time_iter": 0.04532, "accuracy": 0.95238, "precision": 0.95, "recall": 0.95, "f1": 0.95, "auc": 0.97955}
{"epoch": 50, "time_epoch": 0.50285, "eta": 36.14469, "eta_hours": 0.01004, "loss": 0.14115488, "lr": 0.0005, "params": 9207, "time_iter": 0.04571, "accuracy": 0.92857, "precision": 0.94737, "recall": 0.9, "f1": 0.92308, "auc": 0.99091}
{"epoch": 51, "time_epoch": 0.49943, "eta": 35.18715, "eta_hours": 0.00977, "loss": 0.02355949, "lr": 0.00048429, "params": 9207, "time_iter": 0.0454, "accuracy": 1.0, "precision": 1.0, "recall": 1.0, "f1": 1.0, "auc": 1.0}
{"epoch": 52, "time_epoch": 0.49931, "eta": 34.2468, "eta_hours": 0.00951, "loss": 0.16069463, "lr": 0.0004686, "params": 9207, "time_iter": 0.04539, "accuracy": 0.92857, "precision": 1.0, "recall": 0.85, "f1": 0.91892, "auc": 0.98864}
{"epoch": 53, "time_epoch": 0.49566, "eta": 33.31967, "eta_hours": 0.00926, "loss": 0.07105472, "lr": 0.00045295, "params": 9207, "time_iter": 0.04506, "accuracy": 0.95238, "precision": 1.0, "recall": 0.9, "f1": 0.94737, "auc": 1.0}
{"epoch": 54, "time_epoch": 0.49943, "eta": 32.41131, "eta_hours": 0.009, "loss": 0.16236601, "lr": 0.00043733, "params": 9207, "time_iter": 0.0454, "accuracy": 0.97619, "precision": 0.95238, "recall": 1.0, "f1": 0.97561, "auc": 0.97727}
{"epoch": 55, "time_epoch": 0.49434, "eta": 31.51355, "eta_hours": 0.00875, "loss": 0.16841019, "lr": 0.00042178, "params": 9207, "time_iter": 0.04494, "accuracy": 0.95238, "precision": 0.95, "recall": 0.95, "f1": 0.95, "auc": 0.97727}
{"epoch": 56, "time_epoch": 0.49386, "eta": 30.62959, "eta_hours": 0.00851, "loss": 0.13650706, "lr": 0.00040631, "params": 9207, "time_iter": 0.0449, "accuracy": 0.95238, "precision": 1.0, "recall": 0.9, "f1": 0.94737, "auc": 0.98636}
{"epoch": 57, "time_epoch": 0.49782, "eta": 29.76195, "eta_hours": 0.00827, "loss": 0.04536855, "lr": 0.00039093, "params": 9207, "time_iter": 0.04526, "accuracy": 1.0, "precision": 1.0, "recall": 1.0, "f1": 1.0, "auc": 1.0}
{"epoch": 58, "time_epoch": 0.5003, "eta": 28.90857, "eta_hours": 0.00803, "loss": 0.01761722, "lr": 0.00037566, "params": 9207, "time_iter": 0.04548, "accuracy": 1.0, "precision": 1.0, "recall": 1.0, "f1": 1.0, "auc": 1.0}
{"epoch": 59, "time_epoch": 0.50104, "eta": 28.06745, "eta_hours": 0.0078, "loss": 0.05586259, "lr": 0.0003605, "params": 9207, "time_iter": 0.04555, "accuracy": 0.97619, "precision": 0.95238, "recall": 1.0, "f1": 0.97561, "auc": 0.99773}
{"epoch": 60, "time_epoch": 0.49221, "eta": 27.23184, "eta_hours": 0.00756, "loss": 0.13266339, "lr": 0.00034549, "params": 9207, "time_iter": 0.04475, "accuracy": 0.97619, "precision": 0.95238, "recall": 1.0, "f1": 0.97561, "auc": 0.98636}
{"epoch": 61, "time_epoch": 0.4965, "eta": 26.40993, "eta_hours": 0.00734, "loss": 0.02175245, "lr": 0.00033063, "params": 9207, "time_iter": 0.04514, "accuracy": 1.0, "precision": 1.0, "recall": 1.0, "f1": 1.0, "auc": 1.0}
{"epoch": 62, "time_epoch": 0.49903, "eta": 25.59984, "eta_hours": 0.00711, "loss": 0.4092081, "lr": 0.00031594, "params": 9207, "time_iter": 0.04537, "accuracy": 0.7619, "precision": 0.77778, "recall": 0.7, "f1": 0.73684, "auc": 0.92273}
{"epoch": 63, "time_epoch": 0.49688, "eta": 24.79826, "eta_hours": 0.00689, "loss": 0.09625268, "lr": 0.00030143, "params": 9207, "time_iter": 0.04517, "accuracy": 0.92857, "precision": 0.86957, "recall": 1.0, "f1": 0.93023, "auc": 1.0}
{"epoch": 64, "time_epoch": 0.49615, "eta": 24.00566, "eta_hours": 0.00667, "loss": 0.06767029, "lr": 0.00028711, "params": 9207, "time_iter": 0.0451, "accuracy": 0.97619, "precision": 0.95238, "recall": 1.0, "f1": 0.97561, "auc": 0.99773}
{"epoch": 65, "time_epoch": 0.49222, "eta": 23.22002, "eta_hours": 0.00645, "loss": 0.01313997, "lr": 0.000273, "params": 9207, "time_iter": 0.04475, "accuracy": 1.0, "precision": 1.0, "recall": 1.0, "f1": 1.0, "auc": 1.0}
{"epoch": 66, "time_epoch": 0.49534, "eta": 22.44468, "eta_hours": 0.00623, "loss": 0.30823725, "lr": 0.00025912, "params": 9207, "time_iter": 0.04503, "accuracy": 0.90476, "precision": 0.94444, "recall": 0.85, "f1": 0.89474, "auc": 0.95909}
{"epoch": 67, "time_epoch": 0.4963, "eta": 21.67802, "eta_hours": 0.00602, "loss": 0.14672292, "lr": 0.00024548, "params": 9207, "time_iter": 0.04512, "accuracy": 0.92857, "precision": 0.94737, "recall": 0.9, "f1": 0.92308, "auc": 0.98182}
{"epoch": 68, "time_epoch": 0.49422, "eta": 20.91827, "eta_hours": 0.00581, "loss": 0.14468394, "lr": 0.00023209, "params": 9207, "time_iter": 0.04493, "accuracy": 0.97619, "precision": 1.0, "recall": 0.95, "f1": 0.97436, "auc": 0.98409}
{"epoch": 69, "time_epoch": 0.49233, "eta": 20.16529, "eta_hours": 0.0056, "loss": 0.13811564, "lr": 0.00021896, "params": 9207, "time_iter": 0.04476, "accuracy": 0.95238, "precision": 0.95, "recall": 0.95, "f1": 0.95, "auc": 0.99091}
{"epoch": 70, "time_epoch": 0.48952, "eta": 19.41851, "eta_hours": 0.00539, "loss": 0.02717887, "lr": 0.00020611, "params": 9207, "time_iter": 0.0445, "accuracy": 1.0, "precision": 1.0, "recall": 1.0, "f1": 1.0, "auc": 1.0}
{"epoch": 71, "time_epoch": 0.50061, "eta": 18.68319, "eta_hours": 0.00519, "loss": 0.15059169, "lr": 0.00019355, "params": 9207, "time_iter": 0.04551, "accuracy": 0.95238, "precision": 1.0, "recall": 0.9, "f1": 0.94737, "auc": 0.99545}
{"epoch": 72, "time_epoch": 0.49605, "eta": 17.95261, "eta_hours": 0.00499, "loss": 0.06839091, "lr": 0.00018129, "params": 9207, "time_iter": 0.0451, "accuracy": 0.97619, "precision": 0.95238, "recall": 1.0, "f1": 0.97561, "auc": 1.0}
{"epoch": 73, "time_epoch": 0.49461, "eta": 17.22787, "eta_hours": 0.00479, "loss": 0.37419399, "lr": 0.00016934, "params": 9207, "time_iter": 0.04496, "accuracy": 0.78571, "precision": 0.86667, "recall": 0.65, "f1": 0.74286, "auc": 0.94318}
{"epoch": 74, "time_epoch": 0.49423, "eta": 16.50913, "eta_hours": 0.00459, "loss": 0.06141361, "lr": 0.00015773, "params": 9207, "time_iter": 0.04493, "accuracy": 0.97619, "precision": 0.95238, "recall": 1.0, "f1": 0.97561, "auc": 1.0}
{"epoch": 75, "time_epoch": 0.50118, "eta": 15.79849, "eta_hours": 0.00439, "loss": 0.247049, "lr": 0.00014645, "params": 9207, "time_iter": 0.04556, "accuracy": 0.92857, "precision": 0.94737, "recall": 0.9, "f1": 0.92308, "auc": 0.96818}
{"epoch": 76, "time_epoch": 0.49545, "eta": 15.09159, "eta_hours": 0.00419, "loss": 0.07031975, "lr": 0.00013552, "params": 9207, "time_iter": 0.04504, "accuracy": 0.97619, "precision": 1.0, "recall": 0.95, "f1": 0.97436, "auc": 1.0}
{"epoch": 77, "time_epoch": 0.49417, "eta": 14.38974, "eta_hours": 0.004, "loss": 0.02291028, "lr": 0.00012494, "params": 9207, "time_iter": 0.04492, "accuracy": 1.0, "precision": 1.0, "recall": 1.0, "f1": 1.0, "auc": 1.0}
{"epoch": 78, "time_epoch": 0.49744, "eta": 13.69403, "eta_hours": 0.0038, "loss": 0.09637239, "lr": 0.00011474, "params": 9207, "time_iter": 0.04522, "accuracy": 0.95238, "precision": 1.0, "recall": 0.9, "f1": 0.94737, "auc": 0.99545}
{"epoch": 79, "time_epoch": 0.49044, "eta": 13.00152, "eta_hours": 0.00361, "loss": 0.07119855, "lr": 0.00010492, "params": 9207, "time_iter": 0.04459, "accuracy": 1.0, "precision": 1.0, "recall": 1.0, "f1": 1.0, "auc": 1.0}
{"epoch": 80, "time_epoch": 0.49234, "eta": 12.31444, "eta_hours": 0.00342, "loss": 0.07653741, "lr": 9.549e-05, "params": 9207, "time_iter": 0.04476, "accuracy": 0.97619, "precision": 1.0, "recall": 0.95, "f1": 0.97436, "auc": 0.99773}
{"epoch": 81, "time_epoch": 0.49184, "eta": 11.632, "eta_hours": 0.00323, "loss": 0.01497031, "lr": 8.646e-05, "params": 9207, "time_iter": 0.04471, "accuracy": 1.0, "precision": 1.0, "recall": 1.0, "f1": 1.0, "auc": 1.0}
{"epoch": 82, "time_epoch": 0.49556, "eta": 10.95492, "eta_hours": 0.00304, "loss": 0.06826606, "lr": 7.784e-05, "params": 9207, "time_iter": 0.04505, "accuracy": 0.97619, "precision": 0.95238, "recall": 1.0, "f1": 0.97561, "auc": 1.0}
{"epoch": 83, "time_epoch": 0.49907, "eta": 10.28283, "eta_hours": 0.00286, "loss": 0.02180694, "lr": 6.963e-05, "params": 9207, "time_iter": 0.04537, "accuracy": 1.0, "precision": 1.0, "recall": 1.0, "f1": 1.0, "auc": 1.0}
{"epoch": 84, "time_epoch": 0.49116, "eta": 9.61342, "eta_hours": 0.00267, "loss": 0.01689093, "lr": 6.185e-05, "params": 9207, "time_iter": 0.04465, "accuracy": 1.0, "precision": 1.0, "recall": 1.0, "f1": 1.0, "auc": 1.0}
{"epoch": 85, "time_epoch": 0.49335, "eta": 8.94851, "eta_hours": 0.00249, "loss": 0.22095129, "lr": 5.45e-05, "params": 9207, "time_iter": 0.04485, "accuracy": 0.88095, "precision": 0.85714, "recall": 0.9, "f1": 0.87805, "auc": 0.97727}
{"epoch": 86, "time_epoch": 0.49756, "eta": 8.28816, "eta_hours": 0.0023, "loss": 0.05006529, "lr": 4.759e-05, "params": 9207, "time_iter": 0.04523, "accuracy": 1.0, "precision": 1.0, "recall": 1.0, "f1": 1.0, "auc": 1.0}
{"epoch": 87, "time_epoch": 0.49334, "eta": 7.63095, "eta_hours": 0.00212, "loss": 0.10924688, "lr": 4.112e-05, "params": 9207, "time_iter": 0.04485, "accuracy": 0.95238, "precision": 1.0, "recall": 0.9, "f1": 0.94737, "auc": 0.99773}
{"epoch": 88, "time_epoch": 0.49248, "eta": 6.97731, "eta_hours": 0.00194, "loss": 0.20747375, "lr": 3.511e-05, "params": 9207, "time_iter": 0.04477, "accuracy": 0.90476, "precision": 0.94444, "recall": 0.85, "f1": 0.89474, "auc": 0.98182}
{"epoch": 89, "time_epoch": 0.49017, "eta": 6.32699, "eta_hours": 0.00176, "loss": 0.07710411, "lr": 2.956e-05, "params": 9207, "time_iter": 0.04456, "accuracy": 0.95238, "precision": 0.95, "recall": 0.95, "f1": 0.95, "auc": 0.99773}
{"epoch": 90, "time_epoch": 0.49646, "eta": 5.68082, "eta_hours": 0.00158, "loss": 0.02676298, "lr": 2.447e-05, "params": 9207, "time_iter": 0.04513, "accuracy": 1.0, "precision": 1.0, "recall": 1.0, "f1": 1.0, "auc": 1.0}
{"epoch": 91, "time_epoch": 0.49833, "eta": 5.03806, "eta_hours": 0.0014, "loss": 0.00713163, "lr": 1.985e-05, "params": 9207, "time_iter": 0.0453, "accuracy": 1.0, "precision": 1.0, "recall": 1.0, "f1": 1.0, "auc": 1.0}
{"epoch": 92, "time_epoch": 0.49577, "eta": 4.39822, "eta_hours": 0.00122, "loss": 0.26954063, "lr": 1.571e-05, "params": 9207, "time_iter": 0.04507, "accuracy": 0.88095, "precision": 0.94118, "recall": 0.8, "f1": 0.86486, "auc": 0.96136}
{"epoch": 93, "time_epoch": 0.50285, "eta": 3.7619, "eta_hours": 0.00104, "loss": 0.12962213, "lr": 1.204e-05, "params": 9207, "time_iter": 0.04571, "accuracy": 0.92857, "precision": 1.0, "recall": 0.85, "f1": 0.91892, "auc": 0.99318}
{"epoch": 94, "time_epoch": 0.49819, "eta": 3.12813, "eta_hours": 0.00087, "loss": 0.06075381, "lr": 8.86e-06, "params": 9207, "time_iter": 0.04529, "accuracy": 0.97619, "precision": 1.0, "recall": 0.95, "f1": 0.97436, "auc": 1.0}
{"epoch": 95, "time_epoch": 0.49556, "eta": 2.49709, "eta_hours": 0.00069, "loss": 0.04879441, "lr": 6.16e-06, "params": 9207, "time_iter": 0.04505, "accuracy": 0.97619, "precision": 0.95238, "recall": 1.0, "f1": 0.97561, "auc": 1.0}
{"epoch": 96, "time_epoch": 0.50075, "eta": 1.869, "eta_hours": 0.00052, "loss": 0.04278944, "lr": 3.94e-06, "params": 9207, "time_iter": 0.04552, "accuracy": 0.97619, "precision": 0.95238, "recall": 1.0, "f1": 0.97561, "auc": 1.0}
{"epoch": 97, "time_epoch": 0.49561, "eta": 1.2434, "eta_hours": 0.00035, "loss": 0.19521853, "lr": 2.22e-06, "params": 9207, "time_iter": 0.04506, "accuracy": 0.88095, "precision": 0.85714, "recall": 0.9, "f1": 0.87805, "auc": 0.98409}
{"epoch": 98, "time_epoch": 0.49333, "eta": 0.6204, "eta_hours": 0.00017, "loss": 0.06869651, "lr": 9.9e-07, "params": 9207, "time_iter": 0.04485, "accuracy": 0.95238, "precision": 1.0, "recall": 0.9, "f1": 0.94737, "auc": 1.0}
{"epoch": 99, "time_epoch": 0.4922, "eta": 0.0, "eta_hours": 0.0, "loss": 0.09829513, "lr": 2.5e-07, "params": 9207, "time_iter": 0.04475, "accuracy": 0.95238, "precision": 0.90909, "recall": 1.0, "f1": 0.95238, "auc": 0.99773}
