{"epoch": 0, "time_epoch": 0.04716, "eta": 4.66848, "eta_hours": 0.0013, "loss": 0.74324084, "lr": 0.001, "params": 6465, "time_iter": 0.01572, "accuracy": 0.47619, "precision": 0.47619, "recall": 1.0, "f1": 0.64516, "auc": 0.37727}
{"epoch": 1, "time_epoch": 0.03013, "eta": 3.78712, "eta_hours": 0.00105, "loss": 0.73861444, "lr": 0.00099975, "params": 6465, "time_iter": 0.01004, "accuracy": 0.47619, "precision": 0.47619, "recall": 1.0, "f1": 0.64516, "auc": 0.44318}
{"epoch": 2, "time_epoch": 0.03204, "eta": 3.53504, "eta_hours": 0.00098, "loss": 0.73556304, "lr": 0.00099901, "params": 6465, "time_iter": 0.01068, "accuracy": 0.47619, "precision": 0.47619, "recall": 1.0, "f1": 0.64516, "auc": 0.49773}
{"epoch": 3, "time_epoch": 0.03546, "eta": 3.47498, "eta_hours": 0.00097, "loss": 0.73247277, "lr": 0.00099778, "params": 6465, "time_iter": 0.01182, "accuracy": 0.47619, "precision": 0.47619, "recall": 1.0, "f1": 0.64516, "auc": 0.64773}
{"epoch": 4, "time_epoch": 0.03842, "eta": 3.48093, "eta_hours": 0.00097, "loss": 0.73058761, "lr": 0.00099606, "params": 6465, "time_iter": 0.01281, "accuracy": 0.47619, "precision": 0.47619, "recall": 1.0, "f1": 0.64516, "auc": 0.44318}
{"epoch": 5, "time_epoch": 0.03458, "eta": 3.41197, "eta_hours": 0.00095, "loss": 0.7272655, "lr": 0.00099384, "params": 6465, "time_iter": 0.01153, "accuracy": 0.47619, "precision": 0.47619, "recall": 1.0, "f1": 0.64516, "auc": 0.625}
{"epoch": 6, "time_epoch": 0.03525, "eta": 3.36169, "eta_hours": 0.00093, "loss": 0.7248918, "lr": 0.00099114, "params": 6465, "time_iter": 0.01175, "accuracy": 0.47619, "precision": 0.47619, "recall": 1.0, "f1": 0.64516, "auc": 0.63182}
{"epoch": 7, "time_epoch": 0.03102, "eta": 3.26663, "eta_hours": 0.00091, "loss": 0.72341785, "lr": 0.00098796, "params": 6465, "time_iter": 0.01034, "accuracy": 0.47619, "precision": 0.47619, "recall": 1.0, "f1": 0.64516, "auc": 0.37955}
{"epoch": 8, "time_epoch": 0.03803, "eta": 3.25668, "eta_hours": 0.0009, "loss": 0.72131915, "lr": 0.00098429, "params": 6465, "time_iter": 0.01268, "accuracy": 0.47619, "precision": 0.47619, "recall": 1.0, "f1": 0.64516, "auc": 0.34091}
{"epoch": 9, "time_epoch": 0.03173, "eta": 3.18434, "eta_hours": 0.00088, "loss": 0.71838168, "lr": 0.00098015, "params": 6465, "time_iter": 0.01058, "accuracy": 0.47619, "precision": 0.47619, "recall": 1.0, "f1": 0.64516, "auc": 0.55682}
{"epoch": 10, "time_epoch": 0.03708, "eta": 3.16267, "eta_hours": 0.00088, "loss": 0.71641664, "lr": 0.00097553, "params": 6465, "time_iter": 0.01236, "accuracy": 0.47619, "precision": 0.47619, "recall": 1.0, "f1": 0.64516, "auc": 0.48409}
{"epoch": 11, "time_epoch": 0.03539, "eta": 3.12608, "eta_hours": 0.00087, "loss": 0.71432388, "lr": 0.00097044, "params": 6465, "time_iter": 0.0118, "accuracy": 0.47619, "precision": 0.47619, "recall": 1.0, "f1": 0.64516, "auc": 0.55455}
{"epoch": 12, "time_epoch": 0.0329, "eta": 3.07302, "eta_hours": 0.00085, "loss": 0.71277391, "lr": 0.00096489, "params": 6465, "time_iter": 0.01097, "accuracy": 0.47619, "precision": 0.47619, "recall": 1.0, "f1": 0.64516, "auc": 0.48409}
{"epoch": 13, "time_epoch": 0.03313, "eta": 3.02426, "eta_hours": 0.00084, "loss": 0.71104449, "lr": 0.00095888, "params": 6465, "time_iter": 0.01104, "accuracy": 0.47619, "precision": 0.47619, "recall": 1.0, "f1": 0.64516, "auc": 0.47727}
{"epoch": 14, "time_epoch": 0.03344, "eta": 2.9793, "eta_hours": 0.00083, "loss": 0.70938375, "lr": 0.00095241, "params": 6465, "time_iter": 0.01115, "accuracy": 0.47619, "precision": 0.47619, "recall": 1.0, "f1": 0.64516, "auc": 0.44318}
{"epoch": 15, "time_epoch": 0.03259, "eta": 2.93134, "eta_hours": 0.00081, "loss": 0.7073424, "lr": 0.0009455, "params": 6465, "time_iter": 0.01086, "accuracy": 0.47619, "precision": 0.47619, "recall": 1.0, "f1": 0.64516, "auc": 0.58864}
{"epoch": 16, "time_epoch": 0.03257, "eta": 2.88509, "eta_hours": 0.0008, "loss": 0.7066142, "lr": 0.00093815, "params": 6465, "time_iter": 0.01086, "accuracy": 0.47619, "precision": 0.47619, "recall": 1.0, "f1": 0.64516, "auc": 0.44545}
{"epoch": 17, "time_epoch": 0.03717, "eta": 2.86132, "eta_hours": 0.00079, "loss": 0.70491972, "lr": 0.00093037, "params": 6465, "time_iter": 0.01239, "accuracy": 0.47619, "precision": 0.47619, "recall": 1.0, "f1": 0.64516, "auc": 0.53182}
{"epoch": 18, "time_epoch": 0.03879, "eta": 2.84305, "eta_hours": 0.00079, "loss": 0.70403888, "lr": 0.00092216, "params": 6465, "time_iter": 0.01293, "accuracy": 0.47619, "precision": 0.47619, "recall": 1.0, "f1": 0.64516, "auc": 0.5}
{"epoch": 19, "time_epoch": 0.03348, "eta": 2.80148, "eta_hours": 0.00078, "loss": 0.70275889, "lr": 0.00091354, "params": 6465, "time_iter": 0.01116, "accuracy": 0.47619, "precision": 0.47619, "recall": 1.0, "f1": 0.64516, "auc": 0.57955}
{"epoch": 20, "time_epoch": 0.03221, "eta": 2.7559, "eta_hours": 0.00077, "loss": 0.70244181, "lr": 0.00090451, "params": 6465, "time_iter": 0.01074, "accuracy": 0.47619, "precision": 0.47619, "recall": 1.0, "f1": 0.64516, "auc": 0.41591}
{"epoch": 21, "time_epoch": 0.03257, "eta": 2.7128, "eta_hours": 0.00075, "loss": 0.70144614, "lr": 0.00089508, "params": 6465, "time_iter": 0.01086, "accuracy": 0.47619, "precision": 0.47619, "recall": 1.0, "f1": 0.64516, "auc": 0.52955}
{"epoch": 22, "time_epoch": 0.03188, "eta": 2.66832, "eta_hours": 0.00074, "loss": 0.70081336, "lr": 0.00088526, "params": 6465, "time_iter": 0.01063, "accuracy": 0.47619, "precision": 0.47619, "recall": 1.0, "f1": 0.64516, "auc": 0.51591}
{"epoch": 23, "time_epoch": 0.03437, "eta": 2.63278, "eta_hours": 0.00073, "loss": 0.70033971, "lr": 0.00087506, "params": 6465, "time_iter": 0.01146, "accuracy": 0.47619, "precision": 0.47619, "recall": 1.0, "f1": 0.64516, "auc": 0.44545}
{"epoch": 24, "time_epoch": 0.03602, "eta": 2.60227, "eta_hours": 0.00072, "loss": 0.69956303, "lr": 0.00086448, "params": 6465, "time_iter": 0.01201, "accuracy": 0.47619, "precision": 0.47619, "recall": 1.0, "f1": 0.64516, "auc": 0.51591}
{"epoch": 25, "time_epoch": 0.03221, "eta": 2.5605, "eta_hours": 0.00071, "loss": 0.69902368, "lr": 0.00085355, "params": 6465, "time_iter": 0.01074, "accuracy": 0.47619, "precision": 0.47619, "recall": 1.0, "f1": 0.64516, "auc": 0.52727}
{"epoch": 26, "time_epoch": 0.03189, "eta": 2.51857, "eta_hours": 0.0007, "loss": 0.69837496, "lr": 0.00084227, "params": 6465, "time_iter": 0.01063, "accuracy": 0.47619, "precision": 0.47619, "recall": 1.0, "f1": 0.64516, "auc": 0.62727}
{"epoch": 27, "time_epoch": 0.03198, "eta": 2.47759, "eta_hours": 0.00069, "loss": 0.69801069, "lr": 0.00083066, "params": 6465, "time_iter": 0.01066, "accuracy": 0.47619, "precision": 0.47619, "recall": 1.0, "f1": 0.64516, "auc": 0.59091}
{"epoch": 28, "time_epoch": 0.03235, "eta": 2.43813, "eta_hours": 0.00068, "loss": 0.69757478, "lr": 0.00081871, "params": 6465, "time_iter": 0.01078, "accuracy": 0.47619, "precision": 0.47619, "recall": 1.0, "f1": 0.64516, "auc": 0.53182}
{"epoch": 29, "time_epoch": 0.03241, "eta": 2.39928, "eta_hours": 0.00067, "loss": 0.6972571, "lr": 0.00080645, "params": 6465, "time_iter": 0.0108, "accuracy": 0.47619, "precision": 0.47619, "recall": 1.0, "f1": 0.64516, "auc": 0.41136}
{"epoch": 30, "time_epoch": 0.03267, "eta": 2.36142, "eta_hours": 0.00066, "loss": 0.69665922, "lr": 0.00079389, "params": 6465, "time_iter": 0.01089, "accuracy": 0.47619, "precision": 0.47619, "recall": 1.0, "f1": 0.64516, "auc": 0.48409}
{"epoch": 31, "time_epoch": 0.03293, "eta": 2.32446, "eta_hours": 0.00065, "loss": 0.69612499, "lr": 0.00078104, "params": 6465, "time_iter": 0.01098, "accuracy": 0.47619, "precision": 0.47619, "recall": 1.0, "f1": 0.64516, "auc": 0.63864}
{"epoch": 32, "time_epoch": 0.03355, "eta": 2.28899, "eta_hours": 0.00064, "loss": 0.69586992, "lr": 0.00076791, "params": 6465, "time_iter": 0.01118, "accuracy": 0.47619, "precision": 0.47619, "recall": 1.0, "f1": 0.64516, "auc": 0.61136}
{"epoch": 33, "time_epoch": 0.03196, "eta": 2.25054, "eta_hours": 0.00063, "loss": 0.69585694, "lr": 0.00075452, "params": 6465, "time_iter": 0.01065, "accuracy": 0.47619, "precision": 0.47619, "recall": 1.0, "f1": 0.64516, "auc": 0.42273}
{"epoch": 34, "time_epoch": 0.03209, "eta": 2.21271, "eta_hours": 0.00061, "loss": 0.69560987, "lr": 0.00074088, "params": 6465, "time_iter": 0.0107, "accuracy": 0.47619, "precision": 0.47619, "recall": 1.0, "f1": 0.64516, "auc": 0.33636}
{"epoch": 35, "time_epoch": 0.03132, "eta": 2.17382, "eta_hours": 0.0006, "loss": 0.69503523, "lr": 0.000727, "params": 6465, "time_iter": 0.01044, "accuracy": 0.47619, "precision": 0.47619, "recall": 1.0, "f1": 0.64516, "auc": 0.69091}
{"epoch": 36, "time_epoch": 0.03086, "eta": 2.13457, "eta_hours": 0.00059, "loss": 0.69503695, "lr": 0.00071289, "params": 6465, "time_iter": 0.01029, "accuracy": 0.47619, "precision": 0.47619, "recall": 1.0, "f1": 0.64516, "auc": 0.43295}
{"epoch": 37, "time_epoch": 0.03132, "eta": 2.09651, "eta_hours": 0.00058, "loss": 0.69462932, "lr": 0.00069857, "params": 6465, "time_iter": 0.01044, "accuracy": 0.47619, "precision": 0.47619, "recall": 1.0, "f1": 0.64516, "auc": 0.64773}
{"epoch": 38, "time_epoch": 0.03121, "eta": 2.05863, "eta_hours": 0.00057, "loss": 0.69445549, "lr": 0.00068406, "params": 6465, "time_iter": 0.0104, "accuracy": 0.47619, "precision": 0.47619, "recall": 1.0, "f1": 0.64516, "auc": 0.58636}
{"epoch": 39, "time_epoch": 0.03117, "eta": 2.02101, "eta_hours": 0.00056, "loss": 0.69435905, "lr": 0.00066937, "params": 6465, "time_iter": 0.01039, "accuracy": 0.47619, "precision": 0.47619, "recall": 1.0, "f1": 0.64516, "auc": 0.53182}
{"epoch": 40, "time_epoch": 0.03202, "eta": 1.98493, "eta_hours": 0.00055, "loss": 0.69419798, "lr": 0.00065451, "params": 6465, "time_iter": 0.01067, "accuracy": 0.47619, "precision": 0.47619, "recall": 1.0, "f1": 0.64516, "auc": 0.51136}
{"epoch": 41, "time_epoch": 0.03135, "eta": 1.94812, "eta_hours": 0.00054, "loss": 0.69404765, "lr": 0.0006395, "params": 6465, "time_iter": 0.01045, "accuracy": 0.47619, "precision": 0.47619, "recall": 1.0, "f1": 0.64516, "auc": 0.46818}
{"epoch": 42, "time_epoch": 0.03148, "eta": 1.91174, "eta_hours": 0.00053, "loss": 0.69391043, "lr": 0.00062434, "params": 6465, "time_iter": 0.01049, "accuracy": 0.47619, "precision": 0.47619, "recall": 1.0, "f1": 0.64516, "auc": 0.42727}
{"epoch": 43, "time_epoch": 0.03094, "eta": 1.87489, "eta_hours": 0.00052, "loss": 0.69369941, "lr": 0.00060907, "params": 6465, "time_iter": 0.01031, "accuracy": 0.47619, "precision": 0.47619, "recall": 1.0, "f1": 0.64516, "auc": 0.56818}
{"epoch": 44, "time_epoch": 0.03147, "eta": 1.83896, "eta_hours": 0.00051, "loss": 0.69362133, "lr": 0.00059369, "params": 6465, "time_iter": 0.01049, "accuracy": 0.47619, "precision": 0.47619, "recall": 1.0, "f1": 0.64516, "auc": 0.53182}
{"epoch": 45, "time_epoch": 0.03101, "eta": 1.80268, "eta_hours": 0.0005, "loss": 0.69353908, "lr": 0.00057822, "params": 6465, "time_iter": 0.01034, "accuracy": 0.47619, "precision": 0.47619, "recall": 1.0, "f1": 0.64516, "auc": 0.48182}
{"epoch": 46, "time_epoch": 0.03128, "eta": 1.76693, "eta_hours": 0.00049, "loss": 0.69339048, "lr": 0.00056267, "params": 6465, "time_iter": 0.01043, "accuracy": 0.47619, "precision": 0.47619, "recall": 1.0, "f1": 0.64516, "auc": 0.67727}
{"epoch": 47, "time_epoch": 0.03159, "eta": 1.7317, "eta_hours": 0.00048, "loss": 0.69335077, "lr": 0.00054705, "params": 6465, "time_iter": 0.01053, "accuracy": 0.47619, "precision": 0.47619, "recall": 1.0, "f1": 0.64516, "auc": 0.54545}
{"epoch": 48, "time_epoch": 0.03176, "eta": 1.69679, "eta_hours": 0.00047, "loss": 0.69328747, "lr": 0.0005314, "params": 6465, "time_iter": 0.01059, "accuracy": 0.47619, "precision": 0.47619, "recall": 1.0, "f1": 0.64516, "auc": 0.51818}
{"epoch": 49, "time_epoch": 0.03195, "eta": 1.6622, "eta_hours": 0.00046, "loss": 0.69327348, "lr": 0.00051571, "params": 6465, "time_iter": 0.01065, "accuracy": 0.47619, "precision": 0.47619, "recall": 1.0, "f1": 0.64516, "auc": 0.44545}
{"epoch": 50, "time_epoch": 0.03187, "eta": 1.62764, "eta_hours": 0.00045, "loss": 0.69317083, "lr": 0.0005, "params": 6465, "time_iter": 0.01062, "accuracy": 0.45238, "precision": 0.43478, "recall": 0.5, "f1": 0.46512, "auc": 0.45}
{"epoch": 51, "time_epoch": 0.03199, "eta": 1.59329, "eta_hours": 0.00044, "loss": 0.69307193, "lr": 0.00048429, "params": 6465, "time_iter": 0.01066, "accuracy": 0.52381, "precision": 0.0, "recall": 0.0, "f1": 0.0, "auc": 0.63409}
{"epoch": 52, "time_epoch": 0.03131, "eta": 1.55843, "eta_hours": 0.00043, "loss": 0.69308222, "lr": 0.0004686, "params": 6465, "time_iter": 0.01044, "accuracy": 0.52381, "precision": 0.0, "recall": 0.0, "f1": 0.0, "auc": 0.45682}
{"epoch": 53, "time_epoch": 0.03136, "eta": 1.52374, "eta_hours": 0.00042, "loss": 0.69297909, "lr": 0.00045295, "params": 6465, "time_iter": 0.01045, "accuracy": 0.52381, "precision": 0.0, "recall": 0.0, "f1": 0.0, "auc": 0.56932}
{"epoch": 54, "time_epoch": 0.03137, "eta": 1.48918, "eta_hours": 0.00041, "loss": 0.69302155, "lr": 0.00043733, "params": 6465, "time_iter": 0.01046, "accuracy": 0.52381, "precision": 0.0, "recall": 0.0, "f1": 0.0, "auc": 0.40682}
{"epoch": 55, "time_epoch": 0.03175, "eta": 1.45504, "eta_hours": 0.0004, "loss": 0.69296018, "lr": 0.00042178, "params": 6465, "time_iter": 0.01058, "accuracy": 0.52381, "precision": 0.0, "recall": 0.0, "f1": 0.0, "auc": 0.4}
{"epoch": 56, "time_epoch": 0.03162, "eta": 1.42087, "eta_hours": 0.00039, "loss": 0.69286352, "lr": 0.00040631, "params": 6465, "time_iter": 0.01054, "accuracy": 0.52381, "precision": 0.0, "recall": 0.0, "f1": 0.0, "auc": 0.65455}
{"epoch": 57, "time_epoch": 0.03184, "eta": 1.38696, "eta_hours": 0.00039, "loss": 0.6928418, "lr": 0.00039093, "params": 6465, "time_iter": 0.01061, "accuracy": 0.52381, "precision": 0.0, "recall": 0.0, "f1": 0.0, "auc": 0.58636}
{"epoch": 58, "time_epoch": 0.03223, "eta": 1.35338, "eta_hours": 0.00038, "loss": 0.69286969, "lr": 0.00037566, "params": 6465, "time_iter": 0.01074, "accuracy": 0.52381, "precision": 0.0, "recall": 0.0, "f1": 0.0, "auc": 0.38636}
{"epoch": 59, "time_epoch": 0.03157, "eta": 1.31941, "eta_hours": 0.00037, "loss": 0.69281471, "lr": 0.0003605, "params": 6465, "time_iter": 0.01052, "accuracy": 0.52381, "precision": 0.0, "recall": 0.0, "f1": 0.0, "auc": 0.42841}
{"epoch": 60, "time_epoch": 0.03254, "eta": 1.28614, "eta_hours": 0.00036, "loss": 0.69277657, "lr": 0.00034549, "params": 6465, "time_iter": 0.01085, "accuracy": 0.52381, "precision": 0.0, "recall": 0.0, "f1": 0.0, "auc": 0.44545}
{"epoch": 61, "time_epoch": 0.03233, "eta": 1.25277, "eta_hours": 0.00035, "loss": 0.69270556, "lr": 0.00033063, "params": 6465, "time_iter": 0.01078, "accuracy": 0.52381, "precision": 0.0, "recall": 0.0, "f1": 0.0, "auc": 0.58864}
{"epoch": 62, "time_epoch": 0.03179, "eta": 1.21911, "eta_hours": 0.00034, "loss": 0.6926903, "lr": 0.00031594, "params": 6465, "time_iter": 0.0106, "accuracy": 0.52381, "precision": 0.0, "recall": 0.0, "f1": 0.0, "auc": 0.58068}
{"epoch": 63, "time_epoch": 0.03174, "eta": 1.18549, "eta_hours": 0.00033, "loss": 0.69268409, "lr": 0.00030143, "params": 6465, "time_iter": 0.01058, "accuracy": 0.52381, "precision": 0.0, "recall": 0.0, "f1": 0.0, "auc": 0.53864}
{"epoch": 64, "time_epoch": 0.03175, "eta": 1.15192, "eta_hours": 0.00032, "loss": 0.69268004, "lr": 0.00028711, "params": 6465, "time_iter": 0.01058, "accuracy": 0.52381, "precision": 0.0, "recall": 0.0, "f1": 0.0, "auc": 0.43864}
{"epoch": 65, "time_epoch": 0.03296, "eta": 1.11903, "eta_hours": 0.00031, "loss": 0.69265353, "lr": 0.000273, "params": 6465, "time_iter": 0.01099, "accuracy": 0.52381, "precision": 0.0, "recall": 0.0, "f1": 0.0, "auc": 0.53182}
{"epoch": 66, "time_epoch": 0.03325, "eta": 1.08629, "eta_hours": 0.0003, "loss": 0.69262416, "lr": 0.00025912, "params": 6465, "time_iter": 0.01108, "accuracy": 0.52381, "precision": 0.0, "recall": 0.0, "f1": 0.0, "auc": 0.625}
{"epoch": 67, "time_epoch": 0.03317, "eta": 1.05349, "eta_hours": 0.00029, "loss": 0.69260804, "lr": 0.00024548, "params": 6465, "time_iter": 0.01106, "accuracy": 0.52381, "precision": 0.0, "recall": 0.0, "f1": 0.0, "auc": 0.55227}
{"epoch": 68, "time_epoch": 0.03269, "eta": 1.02046, "eta_hours": 0.00028, "loss": 0.69267384, "lr": 0.00023209, "params": 6465, "time_iter": 0.0109, "accuracy": 0.52381, "precision": 0.0, "recall": 0.0, "f1": 0.0, "auc": 0.33636}
{"epoch": 69, "time_epoch": 0.03164, "eta": 0.987, "eta_hours": 0.00027, "loss": 0.69256881, "lr": 0.00021896, "params": 6465, "time_iter": 0.01055, "accuracy": 0.52381, "precision": 0.0, "recall": 0.0, "f1": 0.0, "auc": 0.54886}
{"epoch": 70, "time_epoch": 0.03168, "eta": 0.9536, "eta_hours": 0.00026, "loss": 0.69255839, "lr": 0.00020611, "params": 6465, "time_iter": 0.01056, "accuracy": 0.52381, "precision": 0.0, "recall": 0.0, "f1": 0.0, "auc": 0.56818}
{"epoch": 71, "time_epoch": 0.03221, "eta": 0.92045, "eta_hours": 0.00026, "loss": 0.69261291, "lr": 0.00019355, "params": 6465, "time_iter": 0.01074, "accuracy": 0.52381, "precision": 0.0, "recall": 0.0, "f1": 0.0, "auc": 0.33864}
{"epoch": 72, "time_epoch": 0.03228, "eta": 0.88736, "eta_hours": 0.00025, "loss": 0.6925222, "lr": 0.00018129, "params": 6465, "time_iter": 0.01076, "accuracy": 0.52381, "precision": 0.0, "recall": 0.0, "f1": 0.0, "auc": 0.55455}
{"epoch": 73, "time_epoch": 0.03197, "eta": 0.85418, "eta_hours": 0.00024, "loss": 0.69255221, "lr": 0.00016934, "params": 6465, "time_iter": 0.01066, "accuracy": 0.52381, "precision": 0.0, "recall": 0.0, "f1": 0.0, "auc": 0.41136}
{"epoch": 74, "time_epoch": 0.03171, "eta": 0.82095, "eta_hours": 0.00023, "loss": 0.69252818, "lr": 0.00015773, "params": 6465, "time_iter": 0.01057, "accuracy": 0.52381, "precision": 0.0, "recall": 0.0, "f1": 0.0, "auc": 0.43409}
{"epoch": 75, "time_epoch": 0.03189, "eta": 0.78781, "eta_hours": 0.00022, "loss": 0.69256098, "lr": 0.00014645, "params": 6465, "time_iter": 0.01063, "accuracy": 0.52381, "precision": 0.0, "recall": 0.0, "f1": 0.0, "auc": 0.31364}
{"epoch": 76, "time_epoch": 0.03232, "eta": 0.75483, "eta_hours": 0.00021, "loss": 0.69252112, "lr": 0.00013552, "params": 6465, "time_iter": 0.01077, "accuracy": 0.52381, "precision": 0.0, "recall": 0.0, "f1": 0.0, "auc": 0.44545}
{"epoch": 77, "time_epoch": 0.0321, "eta": 0.72181, "eta_hours": 0.0002, "loss": 0.69250268, "lr": 0.00012494, "params": 6465, "time_iter": 0.0107, "accuracy": 0.52381, "precision": 0.0, "recall": 0.0, "f1": 0.0, "auc": 0.48409}
{"epoch": 78, "time_epoch": 0.03197, "eta": 0.68878, "eta_hours": 0.00019, "loss": 0.69251506, "lr": 0.00011474, "params": 6465, "time_iter": 0.01066, "accuracy": 0.52381, "precision": 0.0, "recall": 0.0, "f1": 0.0, "auc": 0.38636}
{"epoch": 79, "time_epoch": 0.03186, "eta": 0.65574, "eta_hours": 0.00018, "loss": 0.69250623, "lr": 0.00010492, "params": 6465, "time_iter": 0.01062, "accuracy": 0.52381, "precision": 0.0, "recall": 0.0, "f1": 0.0, "auc": 0.41477}
{"epoch": 80, "time_epoch": 0.03149, "eta": 0.62265, "eta_hours": 0.00017, "loss": 0.69250118, "lr": 9.549e-05, "params": 6465, "time_iter": 0.0105, "accuracy": 0.52381, "precision": 0.0, "recall": 0.0, "f1": 0.0, "auc": 0.40227}
{"epoch": 81, "time_epoch": 0.03171, "eta": 0.58965, "eta_hours": 0.00016, "loss": 0.69245685, "lr": 8.646e-05, "params": 6465, "time_iter": 0.01057, "accuracy": 0.52381, "precision": 0.0, "recall": 0.0, "f1": 0.0, "auc": 0.68864}
{"epoch": 82, "time_epoch": 0.03268, "eta": 0.55687, "eta_hours": 0.00015, "loss": 0.69248923, "lr": 7.784e-05, "params": 6465, "time_iter": 0.01089, "accuracy": 0.52381, "precision": 0.0, "recall": 0.0, "f1": 0.0, "auc": 0.45}
{"epoch": 83, "time_epoch": 0.03173, "eta": 0.52392, "eta_hours": 0.00015, "loss": 0.69247191, "lr": 6.963e-05, "params": 6465, "time_iter": 0.01058, "accuracy": 0.52381, "precision": 0.0, "recall": 0.0, "f1": 0.0, "auc": 0.56364}
{"epoch": 84, "time_epoch": 0.03154, "eta": 0.49096, "eta_hours": 0.00014, "loss": 0.69246594, "lr": 6.185e-05, "params": 6465, "time_iter": 0.01051, "accuracy": 0.52381, "precision": 0.0, "recall": 0.0, "f1": 0.0, "auc": 0.55682}
{"epoch": 85, "time_epoch": 0.03531, "eta": 0.45865, "eta_hours": 0.00013, "loss": 0.69246853, "lr": 5.45e-05, "params": 6465, "time_iter": 0.01177, "accuracy": 0.52381, "precision": 0.0, "recall": 0.0, "f1": 0.0, "auc": 0.51364}
{"epoch": 86, "time_epoch": 0.04092, "eta": 0.42711, "eta_hours": 0.00012, "loss": 0.69249214, "lr": 4.759e-05, "params": 6465, "time_iter": 0.01364, "accuracy": 0.52381, "precision": 0.0, "recall": 0.0, "f1": 0.0, "auc": 0.34432}
{"epoch": 87, "time_epoch": 0.03672, "eta": 0.39478, "eta_hours": 0.00011, "loss": 0.69246923, "lr": 4.112e-05, "params": 6465, "time_iter": 0.01224, "accuracy": 0.52381, "precision": 0.0, "recall": 0.0, "f1": 0.0, "auc": 0.46932}
{"epoch": 88, "time_epoch": 0.03652, "eta": 0.36233, "eta_hours": 0.0001, "loss": 0.69247544, "lr": 3.511e-05, "params": 6465, "time_iter": 0.01217, "accuracy": 0.52381, "precision": 0.0, "recall": 0.0, "f1": 0.0, "auc": 0.40227}
{"epoch": 89, "time_epoch": 0.0362, "eta": 0.32975, "eta_hours": 9e-05, "loss": 0.69245963, "lr": 2.956e-05, "params": 6465, "time_iter": 0.01207, "accuracy": 0.52381, "precision": 0.0, "recall": 0.0, "f1": 0.0, "auc": 0.55455}
{"epoch": 90, "time_epoch": 0.03614, "eta": 0.29709, "eta_hours": 8e-05, "loss": 0.69245822, "lr": 2.447e-05, "params": 6465, "time_iter": 0.01205, "accuracy": 0.52381, "precision": 0.0, "recall": 0.0, "f1": 0.0, "auc": 0.53636}
{"epoch": 91, "time_epoch": 0.03618, "eta": 0.26436, "eta_hours": 7e-05, "loss": 0.69244284, "lr": 1.985e-05, "params": 6465, "time_iter": 0.01206, "accuracy": 0.52381, "precision": 0.0, "recall": 0.0, "f1": 0.0, "auc": 0.71136}
{"epoch": 92, "time_epoch": 0.03445, "eta": 0.23142, "eta_hours": 6e-05, "loss": 0.69246978, "lr": 1.571e-05, "params": 6465, "time_iter": 0.01148, "accuracy": 0.52381, "precision": 0.0, "recall": 0.0, "f1": 0.0, "auc": 0.45568}
{"epoch": 93, "time_epoch": 0.03269, "eta": 0.19833, "eta_hours": 6e-05, "loss": 0.69244732, "lr": 1.204e-05, "params": 6465, "time_iter": 0.0109, "accuracy": 0.52381, "precision": 0.0, "recall": 0.0, "f1": 0.0, "auc": 0.65455}
{"epoch": 94, "time_epoch": 0.03236, "eta": 0.16524, "eta_hours": 5e-05, "loss": 0.69248282, "lr": 8.86e-06, "params": 6465, "time_iter": 0.01079, "accuracy": 0.52381, "precision": 0.0, "recall": 0.0, "f1": 0.0, "auc": 0.35682}
{"epoch": 95, "time_epoch": 0.03169, "eta": 0.13214, "eta_hours": 4e-05, "loss": 0.69244831, "lr": 6.16e-06, "params": 6465, "time_iter": 0.01056, "accuracy": 0.52381, "precision": 0.0, "recall": 0.0, "f1": 0.0, "auc": 0.63182}
{"epoch": 96, "time_epoch": 0.04122, "eta": 0.09936, "eta_hours": 3e-05, "loss": 0.69245266, "lr": 3.94e-06, "params": 6465, "time_iter": 0.01374, "accuracy": 0.52381, "precision": 0.0, "recall": 0.0, "f1": 0.0, "auc": 0.5875}
{"epoch": 97, "time_epoch": 0.04134, "eta": 0.06641, "eta_hours": 2e-05, "loss": 0.69242896, "lr": 2.22e-06, "params": 6465, "time_iter": 0.01378, "accuracy": 0.52381, "precision": 0.0, "recall": 0.0, "f1": 0.0, "auc": 0.7}
{"epoch": 98, "time_epoch": 0.04158, "eta": 0.03329, "eta_hours": 1e-05, "loss": 0.69246465, "lr": 9.9e-07, "params": 6465, "time_iter": 0.01386, "accuracy": 0.52381, "precision": 0.0, "recall": 0.0, "f1": 0.0, "auc": 0.41364}
{"epoch": 99, "time_epoch": 0.03258, "eta": 0.0, "eta_hours": 0.0, "loss": 0.69246859, "lr": 2.5e-07, "params": 6465, "time_iter": 0.01086, "accuracy": 0.52381, "precision": 0.0, "recall": 0.0, "f1": 0.0, "auc": 0.51136}
