{"epoch": 0, "time_epoch": 2.46765, "eta": 244.29723, "eta_hours": 0.06786, "loss": 0.71289704, "lr": 0.001, "params": 6239, "time_iter": 0.06494, "accuracy": 0.48, "precision": 0.0, "recall": 0.0, "f1": 0.0, "auc": 0.49724}
{"epoch": 1, "time_epoch": 2.58321, "eta": 247.49195, "eta_hours": 0.06875, "loss": 0.7043003, "lr": 0.00099975, "params": 6239, "time_iter": 0.06798, "accuracy": 0.48, "precision": 0.0, "recall": 0.0, "f1": 0.0, "auc": 0.52048}
{"epoch": 2, "time_epoch": 2.56574, "eta": 246.26981, "eta_hours": 0.06841, "loss": 0.69985812, "lr": 0.00099901, "params": 6239, "time_iter": 0.06752, "accuracy": 0.48, "precision": 0.0, "recall": 0.0, "f1": 0.0, "auc": 0.42771}
{"epoch": 3, "time_epoch": 2.53947, "eta": 243.74541, "eta_hours": 0.06771, "loss": 0.69666936, "lr": 0.00099778, "params": 6239, "time_iter": 0.06683, "accuracy": 0.48, "precision": 0.0, "recall": 0.0, "f1": 0.0, "auc": 0.50321}
{"epoch": 4, "time_epoch": 2.50858, "eta": 240.62808, "eta_hours": 0.06684, "loss": 0.69462931, "lr": 0.00099606, "params": 6239, "time_iter": 0.06602, "accuracy": 0.48, "precision": 0.0, "recall": 0.0, "f1": 0.0, "auc": 0.53793}
{"epoch": 5, "time_epoch": 2.52459, "eta": 237.96455, "eta_hours": 0.0661, "loss": 0.6944375, "lr": 0.00099384, "params": 6239, "time_iter": 0.06644, "accuracy": 0.42667, "precision": 0.46, "recall": 0.58974, "f1": 0.51685, "auc": 0.39298}
{"epoch": 6, "time_epoch": 2.51404, "eta": 235.20055, "eta_hours": 0.06533, "loss": 0.69287261, "lr": 0.00099114, "params": 6239, "time_iter": 0.06616, "accuracy": 0.5, "precision": 0.51111, "recall": 0.88462, "f1": 0.64789, "auc": 0.49875}
{"epoch": 7, "time_epoch": 2.52627, "eta": 232.63964, "eta_hours": 0.06462, "loss": 0.69221502, "lr": 0.00098796, "params": 6239, "time_iter": 0.06648, "accuracy": 0.52, "precision": 0.52, "recall": 1.0, "f1": 0.68421, "auc": 0.52635}
{"epoch": 8, "time_epoch": 2.56589, "eta": 230.48703, "eta_hours": 0.06402, "loss": 0.69248312, "lr": 0.00098429, "params": 6239, "time_iter": 0.06752, "accuracy": 0.51333, "precision": 0.51852, "recall": 0.89744, "f1": 0.65728, "auc": 0.52493}
{"epoch": 9, "time_epoch": 2.66779, "eta": 229.16892, "eta_hours": 0.06366, "loss": 0.69357798, "lr": 0.00098015, "params": 6239, "time_iter": 0.07021, "accuracy": 0.53333, "precision": 0.52899, "recall": 0.9359, "f1": 0.67593, "auc": 0.46955}
{"epoch": 10, "time_epoch": 2.44361, "eta": 225.79161, "eta_hours": 0.06272, "loss": 0.6937142, "lr": 0.00097553, "params": 6239, "time_iter": 0.06431, "accuracy": 0.51333, "precision": 0.51678, "recall": 0.98718, "f1": 0.67841, "auc": 0.42913}
{"epoch": 11, "time_epoch": 2.49721, "eta": 222.96293, "eta_hours": 0.06193, "loss": 0.69270935, "lr": 0.00097044, "params": 6239, "time_iter": 0.06572, "accuracy": 0.52, "precision": 0.52, "recall": 1.0, "f1": 0.68421, "auc": 0.48095}
{"epoch": 12, "time_epoch": 2.52444, "eta": 220.36751, "eta_hours": 0.06121, "loss": 0.69287378, "lr": 0.00096489, "params": 6239, "time_iter": 0.06643, "accuracy": 0.50667, "precision": 0.51389, "recall": 0.94872, "f1": 0.66667, "auc": 0.49679}
{"epoch": 13, "time_epoch": 2.5078, "eta": 217.67998, "eta_hours": 0.06047, "loss": 0.69272545, "lr": 0.00095888, "params": 6239, "time_iter": 0.06599, "accuracy": 0.51333, "precision": 0.51678, "recall": 0.98718, "f1": 0.67841, "auc": 0.51318}
{"epoch": 14, "time_epoch": 2.56891, "eta": 215.3627, "eta_hours": 0.05982, "loss": 0.69209463, "lr": 0.00095241, "params": 6239, "time_iter": 0.0676, "accuracy": 0.54, "precision": 0.53333, "recall": 0.92308, "f1": 0.67606, "auc": 0.51068}
{"epoch": 15, "time_epoch": 2.56283, "eta": 212.98206, "eta_hours": 0.05916, "loss": 0.68981622, "lr": 0.0009455, "params": 6239, "time_iter": 0.06744, "accuracy": 0.55333, "precision": 0.544, "recall": 0.87179, "f1": 0.66995, "auc": 0.54701}
{"epoch": 16, "time_epoch": 2.55623, "eta": 210.54775, "eta_hours": 0.05849, "loss": 0.69196652, "lr": 0.00093815, "params": 6239, "time_iter": 0.06727, "accuracy": 0.54, "precision": 0.53846, "recall": 0.80769, "f1": 0.64615, "auc": 0.5097}
{"epoch": 17, "time_epoch": 2.4991, "eta": 207.83964, "eta_hours": 0.05773, "loss": 0.69224711, "lr": 0.00093037, "params": 6239, "time_iter": 0.06577, "accuracy": 0.54667, "precision": 0.54717, "recall": 0.74359, "f1": 0.63043, "auc": 0.53383}
{"epoch": 18, "time_epoch": 2.51565, "eta": 205.22408, "eta_hours": 0.05701, "loss": 0.68997632, "lr": 0.00092216, "params": 6239, "time_iter": 0.0662, "accuracy": 0.55333, "precision": 0.55046, "recall": 0.76923, "f1": 0.64171, "auc": 0.53739}
{"epoch": 19, "time_epoch": 2.52392, "eta": 202.65159, "eta_hours": 0.05629, "loss": 0.69364154, "lr": 0.00091354, "params": 6239, "time_iter": 0.06642, "accuracy": 0.56, "precision": 0.55882, "recall": 0.73077, "f1": 0.63333, "auc": 0.5016}
{"epoch": 20, "time_epoch": 2.52658, "eta": 200.09376, "eta_hours": 0.05558, "loss": 0.68905365, "lr": 0.00090451, "params": 6239, "time_iter": 0.06649, "accuracy": 0.54, "precision": 0.53383, "recall": 0.91026, "f1": 0.67299, "auc": 0.57033}
{"epoch": 21, "time_epoch": 2.5475, "eta": 197.61295, "eta_hours": 0.05489, "loss": 0.69230933, "lr": 0.00089508, "params": 6239, "time_iter": 0.06704, "accuracy": 0.54, "precision": 0.53913, "recall": 0.79487, "f1": 0.64249, "auc": 0.52618}
{"epoch": 22, "time_epoch": 2.53346, "eta": 195.07931, "eta_hours": 0.05419, "loss": 0.69208102, "lr": 0.00088526, "params": 6239, "time_iter": 0.06667, "accuracy": 0.54667, "precision": 0.54167, "recall": 0.83333, "f1": 0.65657, "auc": 0.5073}
{"epoch": 23, "time_epoch": 2.58164, "eta": 192.69825, "eta_hours": 0.05353, "loss": 0.69574799, "lr": 0.00087506, "params": 6239, "time_iter": 0.06794, "accuracy": 0.54, "precision": 0.53659, "recall": 0.84615, "f1": 0.65672, "auc": 0.47293}
{"epoch": 24, "time_epoch": 2.54193, "eta": 190.18204, "eta_hours": 0.05283, "loss": 0.69304918, "lr": 0.00086448, "params": 6239, "time_iter": 0.06689, "accuracy": 0.54, "precision": 0.53719, "recall": 0.83333, "f1": 0.65327, "auc": 0.52226}
{"epoch": 25, "time_epoch": 2.53193, "eta": 187.63539, "eta_hours": 0.05212, "loss": 0.69117461, "lr": 0.00085355, "params": 6239, "time_iter": 0.06663, "accuracy": 0.53333, "precision": 0.53279, "recall": 0.83333, "f1": 0.65, "auc": 0.54523}
{"epoch": 26, "time_epoch": 2.64604, "eta": 185.39833, "eta_hours": 0.0515, "loss": 0.69203213, "lr": 0.00084227, "params": 6239, "time_iter": 0.06963, "accuracy": 0.49333, "precision": 0.50926, "recall": 0.70513, "f1": 0.5914, "auc": 0.51442}
{"epoch": 27, "time_epoch": 2.58318, "eta": 182.97043, "eta_hours": 0.05083, "loss": 0.68768368, "lr": 0.00083066, "params": 6239, "time_iter": 0.06798, "accuracy": 0.54, "precision": 0.54206, "recall": 0.74359, "f1": 0.62703, "auc": 0.55965}
{"epoch": 28, "time_epoch": 2.54136, "eta": 180.42944, "eta_hours": 0.05012, "loss": 0.68989293, "lr": 0.00081871, "params": 6239, "time_iter": 0.06688, "accuracy": 0.53333, "precision": 0.53922, "recall": 0.70513, "f1": 0.61111, "auc": 0.54256}
{"epoch": 29, "time_epoch": 2.56445, "eta": 177.94228, "eta_hours": 0.04943, "loss": 0.69662683, "lr": 0.00080645, "params": 6239, "time_iter": 0.06749, "accuracy": 0.54667, "precision": 0.54717, "recall": 0.74359, "f1": 0.63043, "auc": 0.47427}
{"epoch": 30, "time_epoch": 2.52784, "eta": 175.36865, "eta_hours": 0.04871, "loss": 0.69438675, "lr": 0.00079389, "params": 6239, "time_iter": 0.06652, "accuracy": 0.47333, "precision": 0.49495, "recall": 0.62821, "f1": 0.55367, "auc": 0.48754}
{"epoch": 31, "time_epoch": 2.56947, "eta": 172.88636, "eta_hours": 0.04802, "loss": 0.69386797, "lr": 0.00078104, "params": 6239, "time_iter": 0.06762, "accuracy": 0.51333, "precision": 0.52, "recall": 0.83333, "f1": 0.64039, "auc": 0.47703}
{"epoch": 32, "time_epoch": 2.5651, "eta": 170.38989, "eta_hours": 0.04733, "loss": 0.68827706, "lr": 0.00076791, "params": 6239, "time_iter": 0.0675, "accuracy": 0.57333, "precision": 0.55556, "recall": 0.89744, "f1": 0.68627, "auc": 0.57603}
{"epoch": 33, "time_epoch": 2.49738, "eta": 167.75794, "eta_hours": 0.0466, "loss": 0.69528615, "lr": 0.00075452, "params": 6239, "time_iter": 0.06572, "accuracy": 0.47333, "precision": 0.49573, "recall": 0.74359, "f1": 0.59487, "auc": 0.46599}
{"epoch": 34, "time_epoch": 2.52953, "eta": 165.19339, "eta_hours": 0.04589, "loss": 0.69464871, "lr": 0.00074088, "params": 6239, "time_iter": 0.06657, "accuracy": 0.49333, "precision": 0.50806, "recall": 0.80769, "f1": 0.62376, "auc": 0.46617}
{"epoch": 35, "time_epoch": 2.54298, "eta": 162.6547, "eta_hours": 0.04518, "loss": 0.69183747, "lr": 0.000727, "params": 6239, "time_iter": 0.06692, "accuracy": 0.52667, "precision": 0.52672, "recall": 0.88462, "f1": 0.66029, "auc": 0.51745}
{"epoch": 36, "time_epoch": 2.51579, "eta": 160.06947, "eta_hours": 0.04446, "loss": 0.6908846, "lr": 0.00071289, "params": 6239, "time_iter": 0.0662, "accuracy": 0.55333, "precision": 0.54701, "recall": 0.82051, "f1": 0.65641, "auc": 0.54576}
{"epoch": 37, "time_epoch": 2.53189, "eta": 157.51417, "eta_hours": 0.04375, "loss": 0.69358284, "lr": 0.00069857, "params": 6239, "time_iter": 0.06663, "accuracy": 0.53333, "precision": 0.53077, "recall": 0.88462, "f1": 0.66346, "auc": 0.48237}
{"epoch": 38, "time_epoch": 2.52834, "eta": 154.95452, "eta_hours": 0.04304, "loss": 0.69112615, "lr": 0.00068406, "params": 6239, "time_iter": 0.06654, "accuracy": 0.54667, "precision": 0.54098, "recall": 0.84615, "f1": 0.66, "auc": 0.51976}
{"epoch": 39, "time_epoch": 2.49864, "eta": 152.35189, "eta_hours": 0.04232, "loss": 0.69084314, "lr": 0.00066937, "params": 6239, "time_iter": 0.06575, "accuracy": 0.5, "precision": 0.5124, "recall": 0.79487, "f1": 0.62312, "auc": 0.52083}
{"epoch": 40, "time_epoch": 2.52518, "eta": 149.79252, "eta_hours": 0.04161, "loss": 0.69128148, "lr": 0.00065451, "params": 6239, "time_iter": 0.06645, "accuracy": 0.48667, "precision": 0.50388, "recall": 0.83333, "f1": 0.62802, "auc": 0.53615}
{"epoch": 41, "time_epoch": 2.53592, "eta": 147.24961, "eta_hours": 0.0409, "loss": 0.69164184, "lr": 0.0006395, "params": 6239, "time_iter": 0.06673, "accuracy": 0.52, "precision": 0.52308, "recall": 0.87179, "f1": 0.65385, "auc": 0.52974}
{"epoch": 42, "time_epoch": 2.58246, "eta": 144.76872, "eta_hours": 0.04021, "loss": 0.69238706, "lr": 0.00062434, "params": 6239, "time_iter": 0.06796, "accuracy": 0.49333, "precision": 0.5082, "recall": 0.79487, "f1": 0.62, "auc": 0.50499}
{"epoch": 43, "time_epoch": 2.5118, "eta": 142.19328, "eta_hours": 0.0395, "loss": 0.69031431, "lr": 0.00060907, "params": 6239, "time_iter": 0.0661, "accuracy": 0.5, "precision": 0.51163, "recall": 0.84615, "f1": 0.63768, "auc": 0.54256}
{"epoch": 44, "time_epoch": 2.5385, "eta": 139.6533, "eta_hours": 0.03879, "loss": 0.68821456, "lr": 0.00059369, "params": 6239, "time_iter": 0.0668, "accuracy": 0.52, "precision": 0.52679, "recall": 0.75641, "f1": 0.62105, "auc": 0.56054}
{"epoch": 45, "time_epoch": 2.52653, "eta": 137.09933, "eta_hours": 0.03808, "loss": 0.6883106, "lr": 0.00057822, "params": 6239, "time_iter": 0.06649, "accuracy": 0.54667, "precision": 0.54717, "recall": 0.74359, "f1": 0.63043, "auc": 0.55484}
{"epoch": 46, "time_epoch": 2.57689, "eta": 134.60332, "eta_hours": 0.03739, "loss": 0.6872991, "lr": 0.00056267, "params": 6239, "time_iter": 0.06781, "accuracy": 0.56667, "precision": 0.55856, "recall": 0.79487, "f1": 0.65608, "auc": 0.56072}
{"epoch": 47, "time_epoch": 2.56146, "eta": 132.08723, "eta_hours": 0.03669, "loss": 0.6939621, "lr": 0.00054705, "params": 6239, "time_iter": 0.06741, "accuracy": 0.49333, "precision": 0.50893, "recall": 0.73077, "f1": 0.6, "auc": 0.50659}
{"epoch": 48, "time_epoch": 2.57159, "eta": 129.57982, "eta_hours": 0.03599, "loss": 0.69392985, "lr": 0.0005314, "params": 6239, "time_iter": 0.06767, "accuracy": 0.51333, "precision": 0.52336, "recall": 0.71795, "f1": 0.60541, "auc": 0.52012}
{"epoch": 49, "time_epoch": 2.49696, "eta": 126.99523, "eta_hours": 0.03528, "loss": 0.6907997, "lr": 0.00051571, "params": 6239, "time_iter": 0.06571, "accuracy": 0.53333, "precision": 0.53704, "recall": 0.74359, "f1": 0.62366, "auc": 0.513}
{"epoch": 50, "time_epoch": 2.47947, "eta": 124.39726, "eta_hours": 0.03455, "loss": 0.69201046, "lr": 0.0005, "params": 6239, "time_iter": 0.06525, "accuracy": 0.56, "precision": 0.55172, "recall": 0.82051, "f1": 0.65979, "auc": 0.53063}
{"epoch": 51, "time_epoch": 2.5472, "eta": 121.86637, "eta_hours": 0.03385, "loss": 0.68607436, "lr": 0.00048429, "params": 6239, "time_iter": 0.06703, "accuracy": 0.58, "precision": 0.5641, "recall": 0.84615, "f1": 0.67692, "auc": 0.56571}
{"epoch": 52, "time_epoch": 2.53114, "eta": 119.32062, "eta_hours": 0.03314, "loss": 0.69526532, "lr": 0.0004686, "params": 6239, "time_iter": 0.06661, "accuracy": 0.55333, "precision": 0.54867, "recall": 0.79487, "f1": 0.64921, "auc": 0.49911}
{"epoch": 53, "time_epoch": 2.56376, "eta": 116.8032, "eta_hours": 0.03245, "loss": 0.68802428, "lr": 0.00045295, "params": 6239, "time_iter": 0.06747, "accuracy": 0.51333, "precision": 0.52137, "recall": 0.78205, "f1": 0.62564, "auc": 0.5698}
{"epoch": 54, "time_epoch": 2.60607, "eta": 114.31871, "eta_hours": 0.03176, "loss": 0.69315389, "lr": 0.00043733, "params": 6239, "time_iter": 0.06858, "accuracy": 0.50667, "precision": 0.51724, "recall": 0.76923, "f1": 0.61856, "auc": 0.51371}
{"epoch": 55, "time_epoch": 2.55156, "eta": 111.78705, "eta_hours": 0.03105, "loss": 0.68904061, "lr": 0.00042178, "params": 6239, "time_iter": 0.06715, "accuracy": 0.56, "precision": 0.55, "recall": 0.84615, "f1": 0.66667, "auc": 0.52849}
{"epoch": 56, "time_epoch": 2.53228, "eta": 109.24015, "eta_hours": 0.03034, "loss": 0.69001884, "lr": 0.00040631, "params": 6239, "time_iter": 0.06664, "accuracy": 0.53333, "precision": 0.5339, "recall": 0.80769, "f1": 0.64286, "auc": 0.53419}
{"epoch": 57, "time_epoch": 2.53287, "eta": 106.69417, "eta_hours": 0.02964, "loss": 0.6868959, "lr": 0.00039093, "params": 6239, "time_iter": 0.06665, "accuracy": 0.52667, "precision": 0.53043, "recall": 0.78205, "f1": 0.63212, "auc": 0.5682}
{"epoch": 58, "time_epoch": 2.52874, "eta": 104.14578, "eta_hours": 0.02893, "loss": 0.69203099, "lr": 0.00037566, "params": 6239, "time_iter": 0.06655, "accuracy": 0.54667, "precision": 0.54464, "recall": 0.78205, "f1": 0.64211, "auc": 0.5057}
{"epoch": 59, "time_epoch": 2.52006, "eta": 101.59225, "eta_hours": 0.02822, "loss": 0.68876807, "lr": 0.0003605, "params": 6239, "time_iter": 0.06632, "accuracy": 0.50667, "precision": 0.51818, "recall": 0.73077, "f1": 0.60638, "auc": 0.54594}
{"epoch": 60, "time_epoch": 2.50866, "eta": 99.03253, "eta_hours": 0.02751, "loss": 0.6890047, "lr": 0.00034549, "params": 6239, "time_iter": 0.06602, "accuracy": 0.56667, "precision": 0.55462, "recall": 0.84615, "f1": 0.67005, "auc": 0.55502}
{"epoch": 61, "time_epoch": 2.57242, "eta": 96.51353, "eta_hours": 0.02681, "loss": 0.68791535, "lr": 0.00033063, "params": 6239, "time_iter": 0.0677, "accuracy": 0.56, "precision": 0.55263, "recall": 0.80769, "f1": 0.65625, "auc": 0.54879}
{"epoch": 62, "time_epoch": 2.5495, "eta": 93.97938, "eta_hours": 0.02611, "loss": 0.69074559, "lr": 0.00031594, "params": 6239, "time_iter": 0.06709, "accuracy": 0.53333, "precision": 0.53571, "recall": 0.76923, "f1": 0.63158, "auc": 0.52974}
{"epoch": 63, "time_epoch": 2.49787, "eta": 91.41571, "eta_hours": 0.02539, "loss": 0.68794538, "lr": 0.00030143, "params": 6239, "time_iter": 0.06573, "accuracy": 0.54667, "precision": 0.54167, "recall": 0.83333, "f1": 0.65657, "auc": 0.5609}
{"epoch": 64, "time_epoch": 2.54574, "eta": 88.87984, "eta_hours": 0.02469, "loss": 0.6911084, "lr": 0.00028711, "params": 6239, "time_iter": 0.06699, "accuracy": 0.53333, "precision": 0.5339, "recall": 0.80769, "f1": 0.64286, "auc": 0.53917}
{"epoch": 65, "time_epoch": 2.55611, "eta": 86.34901, "eta_hours": 0.02399, "loss": 0.68657726, "lr": 0.000273, "params": 6239, "time_iter": 0.06727, "accuracy": 0.54, "precision": 0.53913, "recall": 0.79487, "f1": 0.64249, "auc": 0.56464}
{"epoch": 66, "time_epoch": 2.57705, "eta": 83.82774, "eta_hours": 0.02329, "loss": 0.68623581, "lr": 0.00025912, "params": 6239, "time_iter": 0.06782, "accuracy": 0.62, "precision": 0.59292, "recall": 0.85897, "f1": 0.70157, "auc": 0.56428}
{"epoch": 67, "time_epoch": 2.57215, "eta": 81.30253, "eta_hours": 0.02258, "loss": 0.69175489, "lr": 0.00024548, "params": 6239, "time_iter": 0.06769, "accuracy": 0.52667, "precision": 0.53211, "recall": 0.74359, "f1": 0.62032, "auc": 0.52333}
{"epoch": 68, "time_epoch": 2.53792, "eta": 78.76057, "eta_hours": 0.02188, "loss": 0.68712569, "lr": 0.00023209, "params": 6239, "time_iter": 0.06679, "accuracy": 0.52, "precision": 0.52679, "recall": 0.75641, "f1": 0.62105, "auc": 0.56606}
{"epoch": 69, "time_epoch": 2.51033, "eta": 76.20691, "eta_hours": 0.02117, "loss": 0.683662, "lr": 0.00021896, "params": 6239, "time_iter": 0.06606, "accuracy": 0.57333, "precision": 0.56364, "recall": 0.79487, "f1": 0.65957, "auc": 0.58725}
{"epoch": 70, "time_epoch": 2.55436, "eta": 73.67245, "eta_hours": 0.02046, "loss": 0.68921775, "lr": 0.00020611, "params": 6239, "time_iter": 0.06722, "accuracy": 0.54667, "precision": 0.54545, "recall": 0.76923, "f1": 0.6383, "auc": 0.53472}
{"epoch": 71, "time_epoch": 2.57574, "eta": 71.14575, "eta_hours": 0.01976, "loss": 0.68461331, "lr": 0.00019355, "params": 6239, "time_iter": 0.06778, "accuracy": 0.58, "precision": 0.57282, "recall": 0.75641, "f1": 0.65193, "auc": 0.57407}
{"epoch": 72, "time_epoch": 2.54365, "eta": 68.60584, "eta_hours": 0.01906, "loss": 0.69261279, "lr": 0.00018129, "params": 6239, "time_iter": 0.06694, "accuracy": 0.48, "precision": 0.5, "recall": 0.64103, "f1": 0.5618, "auc": 0.51994}
{"epoch": 73, "time_epoch": 2.59085, "eta": 66.08242, "eta_hours": 0.01836, "loss": 0.68457903, "lr": 0.00016934, "params": 6239, "time_iter": 0.06818, "accuracy": 0.59333, "precision": 0.58416, "recall": 0.75641, "f1": 0.65922, "auc": 0.58102}
{"epoch": 74, "time_epoch": 2.58716, "eta": 63.55596, "eta_hours": 0.01765, "loss": 0.69161488, "lr": 0.00015773, "params": 6239, "time_iter": 0.06808, "accuracy": 0.49333, "precision": 0.50943, "recall": 0.69231, "f1": 0.58696, "auc": 0.52511}
{"epoch": 75, "time_epoch": 2.53533, "eta": 61.01154, "eta_hours": 0.01695, "loss": 0.69182952, "lr": 0.00014645, "params": 6239, "time_iter": 0.06672, "accuracy": 0.52667, "precision": 0.53271, "recall": 0.73077, "f1": 0.61622, "auc": 0.51229}
{"epoch": 76, "time_epoch": 2.53122, "eta": 58.46613, "eta_hours": 0.01624, "loss": 0.69497136, "lr": 0.00013552, "params": 6239, "time_iter": 0.06661, "accuracy": 0.48667, "precision": 0.50495, "recall": 0.65385, "f1": 0.56983, "auc": 0.49804}
{"epoch": 77, "time_epoch": 2.59147, "eta": 55.93808, "eta_hours": 0.01554, "loss": 0.6875708, "lr": 0.00012494, "params": 6239, "time_iter": 0.0682, "accuracy": 0.54, "precision": 0.54286, "recall": 0.73077, "f1": 0.62295, "auc": 0.57016}
{"epoch": 78, "time_epoch": 2.52713, "eta": 53.39131, "eta_hours": 0.01483, "loss": 0.68769966, "lr": 0.00011474, "params": 6239, "time_iter": 0.0665, "accuracy": 0.56, "precision": 0.5566, "recall": 0.75641, "f1": 0.6413, "auc": 0.57318}
{"epoch": 79, "time_epoch": 2.54391, "eta": 50.84924, "eta_hours": 0.01412, "loss": 0.69431824, "lr": 0.00010492, "params": 6239, "time_iter": 0.06695, "accuracy": 0.48667, "precision": 0.50495, "recall": 0.65385, "f1": 0.56983, "auc": 0.50873}
{"epoch": 80, "time_epoch": 2.52388, "eta": 48.30242, "eta_hours": 0.01342, "loss": 0.68906597, "lr": 9.549e-05, "params": 6239, "time_iter": 0.06642, "accuracy": 0.55333, "precision": 0.55556, "recall": 0.70513, "f1": 0.62147, "auc": 0.53811}
{"epoch": 81, "time_epoch": 2.49928, "eta": 45.75076, "eta_hours": 0.01271, "loss": 0.68288381, "lr": 8.646e-05, "params": 6239, "time_iter": 0.06577, "accuracy": 0.54, "precision": 0.54369, "recall": 0.71795, "f1": 0.61878, "auc": 0.59259}
{"epoch": 82, "time_epoch": 2.55696, "eta": 43.21217, "eta_hours": 0.012, "loss": 0.69007806, "lr": 7.784e-05, "params": 6239, "time_iter": 0.06729, "accuracy": 0.52, "precision": 0.5283, "recall": 0.71795, "f1": 0.6087, "auc": 0.52796}
{"epoch": 83, "time_epoch": 2.5604, "eta": 40.6738, "eta_hours": 0.0113, "loss": 0.68716134, "lr": 6.963e-05, "params": 6239, "time_iter": 0.06738, "accuracy": 0.55333, "precision": 0.55238, "recall": 0.74359, "f1": 0.63388, "auc": 0.56677}
{"epoch": 84, "time_epoch": 2.48908, "eta": 38.12233, "eta_hours": 0.01059, "loss": 0.68920249, "lr": 6.185e-05, "params": 6239, "time_iter": 0.0655, "accuracy": 0.53333, "precision": 0.53846, "recall": 0.71795, "f1": 0.61538, "auc": 0.53508}
{"epoch": 85, "time_epoch": 2.53391, "eta": 35.57961, "eta_hours": 0.00988, "loss": 0.69004218, "lr": 5.45e-05, "params": 6239, "time_iter": 0.06668, "accuracy": 0.53333, "precision": 0.53636, "recall": 0.75641, "f1": 0.62766, "auc": 0.53098}
{"epoch": 86, "time_epoch": 2.52808, "eta": 33.03622, "eta_hours": 0.00918, "loss": 0.68974268, "lr": 4.759e-05, "params": 6239, "time_iter": 0.06653, "accuracy": 0.56, "precision": 0.55769, "recall": 0.74359, "f1": 0.63736, "auc": 0.53811}
{"epoch": 87, "time_epoch": 2.52918, "eta": 30.49333, "eta_hours": 0.00847, "loss": 0.68923676, "lr": 4.112e-05, "params": 6239, "time_iter": 0.06656, "accuracy": 0.55333, "precision": 0.5534, "recall": 0.73077, "f1": 0.62983, "auc": 0.53116}
{"epoch": 88, "time_epoch": 2.53775, "eta": 27.9518, "eta_hours": 0.00776, "loss": 0.68978516, "lr": 3.511e-05, "params": 6239, "time_iter": 0.06678, "accuracy": 0.54667, "precision": 0.5463, "recall": 0.75641, "f1": 0.63441, "auc": 0.53116}
{"epoch": 89, "time_epoch": 2.59892, "eta": 25.41716, "eta_hours": 0.00706, "loss": 0.68611234, "lr": 2.956e-05, "params": 6239, "time_iter": 0.06839, "accuracy": 0.55333, "precision": 0.55046, "recall": 0.76923, "f1": 0.64171, "auc": 0.5584}
{"epoch": 90, "time_epoch": 2.55374, "eta": 22.87663, "eta_hours": 0.00635, "loss": 0.68718122, "lr": 2.447e-05, "params": 6239, "time_iter": 0.0672, "accuracy": 0.56667, "precision": 0.55963, "recall": 0.78205, "f1": 0.65241, "auc": 0.54256}
{"epoch": 91, "time_epoch": 2.5511, "eta": 20.33559, "eta_hours": 0.00565, "loss": 0.69328882, "lr": 1.985e-05, "params": 6239, "time_iter": 0.06713, "accuracy": 0.54, "precision": 0.54128, "recall": 0.75641, "f1": 0.63102, "auc": 0.51603}
{"epoch": 92, "time_epoch": 2.53175, "eta": 17.79287, "eta_hours": 0.00494, "loss": 0.68469733, "lr": 1.571e-05, "params": 6239, "time_iter": 0.06663, "accuracy": 0.55333, "precision": 0.54955, "recall": 0.78205, "f1": 0.6455, "auc": 0.57212}
{"epoch": 93, "time_epoch": 2.50014, "eta": 15.24837, "eta_hours": 0.00424, "loss": 0.68543857, "lr": 1.204e-05, "params": 6239, "time_iter": 0.06579, "accuracy": 0.56667, "precision": 0.55963, "recall": 0.78205, "f1": 0.65241, "auc": 0.59188}
{"epoch": 94, "time_epoch": 2.47602, "eta": 12.70353, "eta_hours": 0.00353, "loss": 0.69000777, "lr": 8.86e-06, "params": 6239, "time_iter": 0.06516, "accuracy": 0.52, "precision": 0.5283, "recall": 0.71795, "f1": 0.6087, "auc": 0.52831}
{"epoch": 95, "time_epoch": 2.4996, "eta": 10.16111, "eta_hours": 0.00282, "loss": 0.68541984, "lr": 6.16e-06, "params": 6239, "time_iter": 0.06578, "accuracy": 0.59333, "precision": 0.57944, "recall": 0.79487, "f1": 0.67027, "auc": 0.57354}
{"epoch": 96, "time_epoch": 2.48464, "eta": 7.61911, "eta_hours": 0.00212, "loss": 0.69099478, "lr": 3.94e-06, "params": 6239, "time_iter": 0.06539, "accuracy": 0.54667, "precision": 0.54717, "recall": 0.74359, "f1": 0.63043, "auc": 0.53152}
{"epoch": 97, "time_epoch": 2.55819, "eta": 5.07979, "eta_hours": 0.00141, "loss": 0.68835318, "lr": 2.22e-06, "params": 6239, "time_iter": 0.06732, "accuracy": 0.53333, "precision": 0.53704, "recall": 0.74359, "f1": 0.62366, "auc": 0.56054}
{"epoch": 98, "time_epoch": 2.51758, "eta": 2.53967, "eta_hours": 0.00071, "loss": 0.68751322, "lr": 9.9e-07, "params": 6239, "time_iter": 0.06625, "accuracy": 0.56, "precision": 0.55769, "recall": 0.74359, "f1": 0.63736, "auc": 0.5463}
{"epoch": 99, "time_epoch": 2.52549, "eta": 0.0, "eta_hours": 0.0, "loss": 0.68607151, "lr": 2.5e-07, "params": 6239, "time_iter": 0.06646, "accuracy": 0.54667, "precision": 0.5463, "recall": 0.75641, "f1": 0.63441, "auc": 0.5771}
