{"epoch": 0, "time_epoch": 0.97128, "eta": 96.15713, "eta_hours": 0.02671, "loss": 0.69649513, "lr": 0.001, "params": 8313, "time_iter": 0.32376, "accuracy": 0.47619, "precision": 0.47619, "recall": 1.0, "f1": 0.64516, "auc": 0.37159}
{"epoch": 1, "time_epoch": 2.12879, "eta": 151.90361, "eta_hours": 0.0422, "loss": 0.69558139, "lr": 0.00099975, "params": 8313, "time_iter": 0.7096, "accuracy": 0.47619, "precision": 0.47619, "recall": 1.0, "f1": 0.64516, "auc": 0.44091}
{"epoch": 2, "time_epoch": 2.10992, "eta": 168.45632, "eta_hours": 0.04679, "loss": 0.69522381, "lr": 0.00099901, "params": 8313, "time_iter": 0.70331, "accuracy": 0.47619, "precision": 0.47619, "recall": 1.0, "f1": 0.64516, "auc": 0.475}
{"epoch": 3, "time_epoch": 2.09323, "eta": 175.27715, "eta_hours": 0.04869, "loss": 0.69530506, "lr": 0.00099778, "params": 8313, "time_iter": 0.69774, "accuracy": 0.47619, "precision": 0.47619, "recall": 1.0, "f1": 0.64516, "auc": 0.40909}
{"epoch": 4, "time_epoch": 2.10252, "eta": 178.70897, "eta_hours": 0.04964, "loss": 0.69451214, "lr": 0.00099606, "params": 8313, "time_iter": 0.70084, "accuracy": 0.47619, "precision": 0.47619, "recall": 1.0, "f1": 0.64516, "auc": 0.49545}
{"epoch": 5, "time_epoch": 2.09253, "eta": 180.13956, "eta_hours": 0.05004, "loss": 0.69386176, "lr": 0.00099384, "params": 8313, "time_iter": 0.69751, "accuracy": 0.47619, "precision": 0.47619, "recall": 1.0, "f1": 0.64516, "auc": 0.60682}
{"epoch": 6, "time_epoch": 2.12212, "eta": 180.95659, "eta_hours": 0.05027, "loss": 0.6941294, "lr": 0.00099114, "params": 8313, "time_iter": 0.70737, "accuracy": 0.47619, "precision": 0.47619, "recall": 1.0, "f1": 0.64516, "auc": 0.45227}
{"epoch": 7, "time_epoch": 0.80923, "eta": 165.94067, "eta_hours": 0.04609, "loss": 0.69314327, "lr": 0.00098796, "params": 8313, "time_iter": 0.26974, "accuracy": 0.47619, "precision": 0.47619, "recall": 1.0, "f1": 0.64516, "auc": 0.68409}
{"epoch": 8, "time_epoch": 0.16446, "eta": 147.56242, "eta_hours": 0.04099, "loss": 0.69248863, "lr": 0.00098429, "params": 8313, "time_iter": 0.05482, "accuracy": 0.47619, "precision": 0.47619, "recall": 1.0, "f1": 0.64516, "auc": 0.78864}
{"epoch": 9, "time_epoch": 0.15742, "eta": 132.7636, "eta_hours": 0.03688, "loss": 0.69210894, "lr": 0.00098015, "params": 8313, "time_iter": 0.05247, "accuracy": 0.52381, "precision": 0.5, "recall": 1.0, "f1": 0.66667, "auc": 0.77045}
{"epoch": 10, "time_epoch": 0.1593, "eta": 120.64202, "eta_hours": 0.03351, "loss": 0.69149913, "lr": 0.00097553, "params": 8313, "time_iter": 0.0531, "accuracy": 0.61905, "precision": 0.55556, "recall": 1.0, "f1": 0.71429, "auc": 0.79773}
{"epoch": 11, "time_epoch": 0.16648, "eta": 110.56683, "eta_hours": 0.03071, "loss": 0.6902132, "lr": 0.00097044, "params": 8313, "time_iter": 0.05549, "accuracy": 0.66667, "precision": 0.6, "recall": 0.9, "f1": 0.72, "auc": 0.85227}
{"epoch": 12, "time_epoch": 0.17037, "eta": 102.04204, "eta_hours": 0.02835, "loss": 0.6890043, "lr": 0.00096489, "params": 8313, "time_iter": 0.05679, "accuracy": 0.80952, "precision": 0.77273, "recall": 0.85, "f1": 0.80952, "auc": 0.86136}
{"epoch": 13, "time_epoch": 0.18106, "eta": 94.77646, "eta_hours": 0.02633, "loss": 0.68730455, "lr": 0.00095888, "params": 8313, "time_iter": 0.06035, "accuracy": 0.7619, "precision": 0.8125, "recall": 0.65, "f1": 0.72222, "auc": 0.87955}
{"epoch": 14, "time_epoch": 0.18157, "eta": 88.45836, "eta_hours": 0.02457, "loss": 0.68519833, "lr": 0.00095241, "params": 8313, "time_iter": 0.06052, "accuracy": 0.78571, "precision": 0.86667, "recall": 0.65, "f1": 0.74286, "auc": 0.88409}
{"epoch": 15, "time_epoch": 0.18453, "eta": 82.92284, "eta_hours": 0.02303, "loss": 0.68248074, "lr": 0.0009455, "params": 8313, "time_iter": 0.06151, "accuracy": 0.71429, "precision": 0.83333, "recall": 0.5, "f1": 0.625, "auc": 0.89091}
{"epoch": 16, "time_epoch": 0.1805, "eta": 77.99719, "eta_hours": 0.02167, "loss": 0.67923044, "lr": 0.00093815, "params": 8313, "time_iter": 0.06017, "accuracy": 0.7381, "precision": 0.90909, "recall": 0.5, "f1": 0.64516, "auc": 0.90227}
{"epoch": 17, "time_epoch": 0.18015, "eta": 73.59717, "eta_hours": 0.02044, "loss": 0.67856119, "lr": 0.00093037, "params": 8313, "time_iter": 0.06005, "accuracy": 0.61905, "precision": 0.7, "recall": 0.35, "f1": 0.46667, "auc": 0.86818}
{"epoch": 18, "time_epoch": 0.17576, "eta": 69.62266, "eta_hours": 0.01934, "loss": 0.67264629, "lr": 0.00092216, "params": 8313, "time_iter": 0.05859, "accuracy": 0.78571, "precision": 1.0, "recall": 0.55, "f1": 0.70968, "auc": 0.91136}
{"epoch": 19, "time_epoch": 0.17805, "eta": 66.03714, "eta_hours": 0.01834, "loss": 0.6658416, "lr": 0.00091354, "params": 8313, "time_iter": 0.05935, "accuracy": 0.71429, "precision": 0.83333, "recall": 0.5, "f1": 0.625, "auc": 0.90227}
{"epoch": 20, "time_epoch": 0.18099, "eta": 62.78721, "eta_hours": 0.01744, "loss": 0.66113144, "lr": 0.00090451, "params": 8313, "time_iter": 0.06033, "accuracy": 0.80952, "precision": 0.92857, "recall": 0.65, "f1": 0.76471, "auc": 0.91591}
{"epoch": 21, "time_epoch": 0.17476, "eta": 59.7942, "eta_hours": 0.01661, "loss": 0.65604002, "lr": 0.00089508, "params": 8313, "time_iter": 0.05825, "accuracy": 0.78571, "precision": 1.0, "recall": 0.55, "f1": 0.70968, "auc": 0.89773}
{"epoch": 22, "time_epoch": 0.17594, "eta": 57.0502, "eta_hours": 0.01585, "loss": 0.64753519, "lr": 0.00088526, "params": 8313, "time_iter": 0.05865, "accuracy": 0.85714, "precision": 0.9375, "recall": 0.75, "f1": 0.83333, "auc": 0.94091}
{"epoch": 23, "time_epoch": 0.1788, "eta": 54.52926, "eta_hours": 0.01515, "loss": 0.63752697, "lr": 0.00087506, "params": 8313, "time_iter": 0.0596, "accuracy": 0.80952, "precision": 0.875, "recall": 0.7, "f1": 0.77778, "auc": 0.90909}
{"epoch": 24, "time_epoch": 0.17571, "eta": 52.18643, "eta_hours": 0.0145, "loss": 0.63172777, "lr": 0.00086448, "params": 8313, "time_iter": 0.05857, "accuracy": 0.7619, "precision": 0.85714, "recall": 0.6, "f1": 0.70588, "auc": 0.90909}
{"epoch": 25, "time_epoch": 0.17625, "eta": 50.01184, "eta_hours": 0.01389, "loss": 0.61465231, "lr": 0.00085355, "params": 8313, "time_iter": 0.05875, "accuracy": 0.80952, "precision": 0.875, "recall": 0.7, "f1": 0.77778, "auc": 0.92955}
{"epoch": 26, "time_epoch": 0.17694, "eta": 47.98715, "eta_hours": 0.01333, "loss": 0.61379063, "lr": 0.00084227, "params": 8313, "time_iter": 0.05898, "accuracy": 0.78571, "precision": 0.92308, "recall": 0.6, "f1": 0.72727, "auc": 0.91591}
{"epoch": 27, "time_epoch": 0.17795, "eta": 46.09703, "eta_hours": 0.0128, "loss": 0.58975916, "lr": 0.00083066, "params": 8313, "time_iter": 0.05932, "accuracy": 0.90476, "precision": 0.94444, "recall": 0.85, "f1": 0.89474, "auc": 0.95455}
{"epoch": 28, "time_epoch": 0.17731, "eta": 44.32341, "eta_hours": 0.01231, "loss": 0.57568661, "lr": 0.00081871, "params": 8313, "time_iter": 0.0591, "accuracy": 0.85714, "precision": 0.88889, "recall": 0.8, "f1": 0.84211, "auc": 0.94091}
{"epoch": 29, "time_epoch": 0.18132, "eta": 42.66559, "eta_hours": 0.01185, "loss": 0.56900574, "lr": 0.00080645, "params": 8313, "time_iter": 0.06044, "accuracy": 0.80952, "precision": 0.875, "recall": 0.7, "f1": 0.77778, "auc": 0.93864}
{"epoch": 30, "time_epoch": 0.1801, "eta": 41.1003, "eta_hours": 0.01142, "loss": 0.54415776, "lr": 0.00079389, "params": 8313, "time_iter": 0.06003, "accuracy": 0.92857, "precision": 1.0, "recall": 0.85, "f1": 0.91892, "auc": 0.96364}
{"epoch": 31, "time_epoch": 0.17668, "eta": 39.61431, "eta_hours": 0.011, "loss": 0.53438017, "lr": 0.00078104, "params": 8313, "time_iter": 0.05889, "accuracy": 0.90476, "precision": 0.94444, "recall": 0.85, "f1": 0.89474, "auc": 0.94318}
{"epoch": 32, "time_epoch": 0.17642, "eta": 38.20716, "eta_hours": 0.01061, "loss": 0.51877182, "lr": 0.00076791, "params": 8313, "time_iter": 0.05881, "accuracy": 0.88095, "precision": 0.94118, "recall": 0.8, "f1": 0.86486, "auc": 0.97273}
{"epoch": 33, "time_epoch": 0.18133, "eta": 36.88193, "eta_hours": 0.01024, "loss": 0.51490584, "lr": 0.00075452, "params": 8313, "time_iter": 0.06044, "accuracy": 0.90476, "precision": 0.94444, "recall": 0.85, "f1": 0.89474, "auc": 0.93636}
{"epoch": 34, "time_epoch": 0.17851, "eta": 35.61683, "eta_hours": 0.00989, "loss": 0.51188847, "lr": 0.00074088, "params": 8313, "time_iter": 0.0595, "accuracy": 0.83333, "precision": 0.93333, "recall": 0.7, "f1": 0.8, "auc": 0.92727}
{"epoch": 35, "time_epoch": 0.17786, "eta": 34.41094, "eta_hours": 0.00956, "loss": 0.46946158, "lr": 0.000727, "params": 8313, "time_iter": 0.05929, "accuracy": 0.88095, "precision": 0.94118, "recall": 0.8, "f1": 0.86486, "auc": 0.975}
{"epoch": 36, "time_epoch": 0.17631, "eta": 33.25797, "eta_hours": 0.00924, "loss": 0.44063993, "lr": 0.00071289, "params": 8313, "time_iter": 0.05877, "accuracy": 0.90476, "precision": 0.94444, "recall": 0.85, "f1": 0.89474, "auc": 0.98409}
{"epoch": 37, "time_epoch": 0.17985, "eta": 32.16219, "eta_hours": 0.00893, "loss": 0.45660581, "lr": 0.00069857, "params": 8313, "time_iter": 0.05995, "accuracy": 0.80952, "precision": 0.875, "recall": 0.7, "f1": 0.77778, "auc": 0.93636}
{"epoch": 38, "time_epoch": 0.17775, "eta": 31.11009, "eta_hours": 0.00864, "loss": 0.42531233, "lr": 0.00068406, "params": 8313, "time_iter": 0.05925, "accuracy": 0.90476, "precision": 0.94444, "recall": 0.85, "f1": 0.89474, "auc": 0.97727}
{"epoch": 39, "time_epoch": 0.175, "eta": 30.09758, "eta_hours": 0.00836, "loss": 0.39106753, "lr": 0.00066937, "params": 8313, "time_iter": 0.05833, "accuracy": 0.92857, "precision": 1.0, "recall": 0.85, "f1": 0.91892, "auc": 0.99545}
{"epoch": 40, "time_epoch": 0.17961, "eta": 29.13256, "eta_hours": 0.00809, "loss": 0.38623528, "lr": 0.00065451, "params": 8313, "time_iter": 0.05987, "accuracy": 0.92857, "precision": 1.0, "recall": 0.85, "f1": 0.91892, "auc": 0.98182}
{"epoch": 41, "time_epoch": 0.17616, "eta": 28.20018, "eta_hours": 0.00783, "loss": 0.3600925, "lr": 0.0006395, "params": 8313, "time_iter": 0.05872, "accuracy": 0.90476, "precision": 1.0, "recall": 0.8, "f1": 0.88889, "auc": 0.99773}
{"epoch": 42, "time_epoch": 0.17956, "eta": 27.30749, "eta_hours": 0.00759, "loss": 0.35559168, "lr": 0.00062434, "params": 8313, "time_iter": 0.05985, "accuracy": 0.92857, "precision": 1.0, "recall": 0.85, "f1": 0.91892, "auc": 0.98182}
{"epoch": 43, "time_epoch": 0.17654, "eta": 26.44337, "eta_hours": 0.00735, "loss": 0.32707432, "lr": 0.00060907, "params": 8313, "time_iter": 0.05885, "accuracy": 0.97619, "precision": 1.0, "recall": 0.95, "f1": 0.97436, "auc": 1.0}
{"epoch": 44, "time_epoch": 0.18835, "eta": 25.62423, "eta_hours": 0.00712, "loss": 0.32245993, "lr": 0.00059369, "params": 8313, "time_iter": 0.06278, "accuracy": 0.95238, "precision": 1.0, "recall": 0.9, "f1": 0.94737, "auc": 0.99545}
{"epoch": 45, "time_epoch": 0.18384, "eta": 24.82723, "eta_hours": 0.0069, "loss": 0.30950515, "lr": 0.00057822, "params": 8313, "time_iter": 0.06128, "accuracy": 0.95238, "precision": 1.0, "recall": 0.9, "f1": 0.94737, "auc": 0.99545}
{"epoch": 46, "time_epoch": 0.17887, "eta": 24.05072, "eta_hours": 0.00668, "loss": 0.28867133, "lr": 0.00056267, "params": 8313, "time_iter": 0.05962, "accuracy": 0.95238, "precision": 1.0, "recall": 0.9, "f1": 0.94737, "auc": 0.99545}
{"epoch": 47, "time_epoch": 0.17898, "eta": 23.29923, "eta_hours": 0.00647, "loss": 0.27650534, "lr": 0.00054705, "params": 8313, "time_iter": 0.05966, "accuracy": 0.95238, "precision": 1.0, "recall": 0.9, "f1": 0.94737, "auc": 0.99545}
{"epoch": 48, "time_epoch": 0.17834, "eta": 22.57044, "eta_hours": 0.00627, "loss": 0.29454657, "lr": 0.0005314, "params": 8313, "time_iter": 0.05945, "accuracy": 0.97619, "precision": 1.0, "recall": 0.95, "f1": 0.97436, "auc": 0.98864}
{"epoch": 49, "time_epoch": 0.17763, "eta": 21.86295, "eta_hours": 0.00607, "loss": 0.24076526, "lr": 0.00051571, "params": 8313, "time_iter": 0.05921, "accuracy": 0.97619, "precision": 1.0, "recall": 0.95, "f1": 0.97436, "auc": 1.0}
{"epoch": 50, "time_epoch": 0.17699, "eta": 21.17563, "eta_hours": 0.00588, "loss": 0.22661191, "lr": 0.0005, "params": 8313, "time_iter": 0.059, "accuracy": 0.97619, "precision": 1.0, "recall": 0.95, "f1": 0.97436, "auc": 1.0}
{"epoch": 51, "time_epoch": 0.17677, "eta": 20.50774, "eta_hours": 0.0057, "loss": 0.20787818, "lr": 0.00048429, "params": 8313, "time_iter": 0.05892, "accuracy": 0.97619, "precision": 1.0, "recall": 0.95, "f1": 0.97436, "auc": 1.0}
{"epoch": 52, "time_epoch": 0.17517, "eta": 19.85696, "eta_hours": 0.00552, "loss": 0.21566577, "lr": 0.0004686, "params": 8313, "time_iter": 0.05839, "accuracy": 0.97619, "precision": 1.0, "recall": 0.95, "f1": 0.97436, "auc": 1.0}
{"epoch": 53, "time_epoch": 0.18, "eta": 19.2279, "eta_hours": 0.00534, "loss": 0.20515004, "lr": 0.00045295, "params": 8313, "time_iter": 0.06, "accuracy": 0.97619, "precision": 1.0, "recall": 0.95, "f1": 0.97436, "auc": 1.0}
{"epoch": 54, "time_epoch": 0.17951, "eta": 18.61478, "eta_hours": 0.00517, "loss": 0.23298844, "lr": 0.00043733, "params": 8313, "time_iter": 0.05984, "accuracy": 0.97619, "precision": 1.0, "recall": 0.95, "f1": 0.97436, "auc": 0.99318}
{"epoch": 55, "time_epoch": 0.17826, "eta": 18.01616, "eta_hours": 0.005, "loss": 0.25748843, "lr": 0.00042178, "params": 8313, "time_iter": 0.05942, "accuracy": 0.95238, "precision": 1.0, "recall": 0.9, "f1": 0.94737, "auc": 0.98636}
{"epoch": 56, "time_epoch": 0.17712, "eta": 17.43143, "eta_hours": 0.00484, "loss": 0.16677087, "lr": 0.00040631, "params": 8313, "time_iter": 0.05904, "accuracy": 0.97619, "precision": 1.0, "recall": 0.95, "f1": 0.97436, "auc": 1.0}
{"epoch": 57, "time_epoch": 0.17667, "eta": 16.86043, "eta_hours": 0.00468, "loss": 0.16647805, "lr": 0.00039093, "params": 8313, "time_iter": 0.05889, "accuracy": 0.97619, "precision": 1.0, "recall": 0.95, "f1": 0.97436, "auc": 1.0}
{"epoch": 58, "time_epoch": 0.17943, "eta": 16.30471, "eta_hours": 0.00453, "loss": 0.17272824, "lr": 0.00037566, "params": 8313, "time_iter": 0.05981, "accuracy": 0.97619, "precision": 1.0, "recall": 0.95, "f1": 0.97436, "auc": 1.0}
{"epoch": 59, "time_epoch": 0.17664, "eta": 15.75968, "eta_hours": 0.00438, "loss": 0.18510707, "lr": 0.0003605, "params": 8313, "time_iter": 0.05888, "accuracy": 0.97619, "precision": 1.0, "recall": 0.95, "f1": 0.97436, "auc": 0.99545}
{"epoch": 60, "time_epoch": 0.18021, "eta": 15.229, "eta_hours": 0.00423, "loss": 0.15560125, "lr": 0.00034549, "params": 8313, "time_iter": 0.06007, "accuracy": 1.0, "precision": 1.0, "recall": 1.0, "f1": 1.0, "auc": 1.0}
{"epoch": 61, "time_epoch": 0.17894, "eta": 14.70886, "eta_hours": 0.00409, "loss": 0.13890433, "lr": 0.00033063, "params": 8313, "time_iter": 0.05965, "accuracy": 1.0, "precision": 1.0, "recall": 1.0, "f1": 1.0, "auc": 1.0}
{"epoch": 62, "time_epoch": 0.178, "eta": 14.19899, "eta_hours": 0.00394, "loss": 0.22913401, "lr": 0.00031594, "params": 8313, "time_iter": 0.05933, "accuracy": 0.92857, "precision": 1.0, "recall": 0.85, "f1": 0.91892, "auc": 0.98864}
{"epoch": 63, "time_epoch": 0.17689, "eta": 13.69887, "eta_hours": 0.00381, "loss": 0.15704503, "lr": 0.00030143, "params": 8313, "time_iter": 0.05896, "accuracy": 0.97619, "precision": 1.0, "recall": 0.95, "f1": 0.97436, "auc": 1.0}
{"epoch": 64, "time_epoch": 0.18058, "eta": 13.21068, "eta_hours": 0.00367, "loss": 0.12539703, "lr": 0.00028711, "params": 8313, "time_iter": 0.06019, "accuracy": 1.0, "precision": 1.0, "recall": 1.0, "f1": 1.0, "auc": 1.0}
{"epoch": 65, "time_epoch": 0.18197, "eta": 12.73253, "eta_hours": 0.00354, "loss": 0.13548234, "lr": 0.000273, "params": 8313, "time_iter": 0.06066, "accuracy": 1.0, "precision": 1.0, "recall": 1.0, "f1": 1.0, "auc": 1.0}
{"epoch": 66, "time_epoch": 0.17914, "eta": 12.26183, "eta_hours": 0.00341, "loss": 0.14017244, "lr": 0.00025912, "params": 8313, "time_iter": 0.05971, "accuracy": 0.97619, "precision": 1.0, "recall": 0.95, "f1": 0.97436, "auc": 1.0}
{"epoch": 67, "time_epoch": 0.17865, "eta": 11.79948, "eta_hours": 0.00328, "loss": 0.11816855, "lr": 0.00024548, "params": 8313, "time_iter": 0.05955, "accuracy": 1.0, "precision": 1.0, "recall": 1.0, "f1": 1.0, "auc": 1.0}
{"epoch": 68, "time_epoch": 0.18014, "eta": 11.34601, "eta_hours": 0.00315, "loss": 0.15149404, "lr": 0.00023209, "params": 8313, "time_iter": 0.06005, "accuracy": 1.0, "precision": 1.0, "recall": 1.0, "f1": 1.0, "auc": 1.0}
{"epoch": 69, "time_epoch": 0.17642, "eta": 10.89876, "eta_hours": 0.00303, "loss": 0.11219545, "lr": 0.00021896, "params": 8313, "time_iter": 0.05881, "accuracy": 1.0, "precision": 1.0, "recall": 1.0, "f1": 1.0, "auc": 1.0}
{"epoch": 70, "time_epoch": 0.17841, "eta": 10.45996, "eta_hours": 0.00291, "loss": 0.10316719, "lr": 0.00020611, "params": 8313, "time_iter": 0.05947, "accuracy": 1.0, "precision": 1.0, "recall": 1.0, "f1": 1.0, "auc": 1.0}
{"epoch": 71, "time_epoch": 0.17817, "eta": 10.02829, "eta_hours": 0.00279, "loss": 0.13984917, "lr": 0.00019355, "params": 8313, "time_iter": 0.05939, "accuracy": 0.97619, "precision": 1.0, "recall": 0.95, "f1": 0.97436, "auc": 1.0}
{"epoch": 72, "time_epoch": 0.17568, "eta": 9.60264, "eta_hours": 0.00267, "loss": 0.11988555, "lr": 0.00018129, "params": 8313, "time_iter": 0.05856, "accuracy": 1.0, "precision": 1.0, "recall": 1.0, "f1": 1.0, "auc": 1.0}
{"epoch": 73, "time_epoch": 0.18119, "eta": 9.18569, "eta_hours": 0.00255, "loss": 0.1246589, "lr": 0.00016934, "params": 8313, "time_iter": 0.0604, "accuracy": 0.97619, "precision": 1.0, "recall": 0.95, "f1": 0.97436, "auc": 1.0}
{"epoch": 74, "time_epoch": 0.1819, "eta": 8.77527, "eta_hours": 0.00244, "loss": 0.1166613, "lr": 0.00015773, "params": 8313, "time_iter": 0.06063, "accuracy": 1.0, "precision": 1.0, "recall": 1.0, "f1": 1.0, "auc": 1.0}
{"epoch": 75, "time_epoch": 0.17624, "eta": 8.36907, "eta_hours": 0.00232, "loss": 0.12628533, "lr": 0.00014645, "params": 8313, "time_iter": 0.05875, "accuracy": 1.0, "precision": 1.0, "recall": 1.0, "f1": 1.0, "auc": 1.0}
{"epoch": 76, "time_epoch": 0.18034, "eta": 7.97006, "eta_hours": 0.00221, "loss": 0.10308987, "lr": 0.00013552, "params": 8313, "time_iter": 0.06011, "accuracy": 0.97619, "precision": 1.0, "recall": 0.95, "f1": 0.97436, "auc": 1.0}
{"epoch": 77, "time_epoch": 0.1751, "eta": 7.57518, "eta_hours": 0.0021, "loss": 0.09617805, "lr": 0.00012494, "params": 8313, "time_iter": 0.05837, "accuracy": 1.0, "precision": 1.0, "recall": 1.0, "f1": 1.0, "auc": 1.0}
{"epoch": 78, "time_epoch": 0.17495, "eta": 7.18583, "eta_hours": 0.002, "loss": 0.10298564, "lr": 0.00011474, "params": 8313, "time_iter": 0.05832, "accuracy": 1.0, "precision": 1.0, "recall": 1.0, "f1": 1.0, "auc": 1.0}
{"epoch": 79, "time_epoch": 0.17736, "eta": 6.80245, "eta_hours": 0.00189, "loss": 0.11215312, "lr": 0.00010492, "params": 8313, "time_iter": 0.05912, "accuracy": 1.0, "precision": 1.0, "recall": 1.0, "f1": 1.0, "auc": 1.0}
{"epoch": 80, "time_epoch": 0.17593, "eta": 6.42381, "eta_hours": 0.00178, "loss": 0.08687285, "lr": 9.549e-05, "params": 8313, "time_iter": 0.05864, "accuracy": 1.0, "precision": 1.0, "recall": 1.0, "f1": 1.0, "auc": 1.0}
{"epoch": 81, "time_epoch": 0.17806, "eta": 6.05058, "eta_hours": 0.00168, "loss": 0.0906133, "lr": 8.646e-05, "params": 8313, "time_iter": 0.05935, "accuracy": 1.0, "precision": 1.0, "recall": 1.0, "f1": 1.0, "auc": 1.0}
{"epoch": 82, "time_epoch": 0.17652, "eta": 5.68175, "eta_hours": 0.00158, "loss": 0.08872619, "lr": 7.784e-05, "params": 8313, "time_iter": 0.05884, "accuracy": 1.0, "precision": 1.0, "recall": 1.0, "f1": 1.0, "auc": 1.0}
{"epoch": 83, "time_epoch": 0.1769, "eta": 5.31756, "eta_hours": 0.00148, "loss": 0.08557296, "lr": 6.963e-05, "params": 8313, "time_iter": 0.05897, "accuracy": 1.0, "precision": 1.0, "recall": 1.0, "f1": 1.0, "auc": 1.0}
{"epoch": 84, "time_epoch": 0.17974, "eta": 4.95828, "eta_hours": 0.00138, "loss": 0.19751693, "lr": 6.185e-05, "params": 8313, "time_iter": 0.05991, "accuracy": 0.92857, "precision": 1.0, "recall": 0.85, "f1": 0.91892, "auc": 0.99318}
{"epoch": 85, "time_epoch": 0.17721, "eta": 4.60277, "eta_hours": 0.00128, "loss": 0.08273177, "lr": 5.45e-05, "params": 8313, "time_iter": 0.05907, "accuracy": 1.0, "precision": 1.0, "recall": 1.0, "f1": 1.0, "auc": 1.0}
{"epoch": 86, "time_epoch": 0.1762, "eta": 4.2512, "eta_hours": 0.00118, "loss": 0.09536195, "lr": 4.759e-05, "params": 8313, "time_iter": 0.05873, "accuracy": 1.0, "precision": 1.0, "recall": 1.0, "f1": 1.0, "auc": 1.0}
{"epoch": 87, "time_epoch": 0.17923, "eta": 3.90403, "eta_hours": 0.00108, "loss": 0.10147531, "lr": 4.112e-05, "params": 8313, "time_iter": 0.05974, "accuracy": 1.0, "precision": 1.0, "recall": 1.0, "f1": 1.0, "auc": 1.0}
{"epoch": 88, "time_epoch": 0.17645, "eta": 3.56029, "eta_hours": 0.00099, "loss": 0.08993298, "lr": 3.511e-05, "params": 8313, "time_iter": 0.05882, "accuracy": 1.0, "precision": 1.0, "recall": 1.0, "f1": 1.0, "auc": 1.0}
{"epoch": 89, "time_epoch": 0.17491, "eta": 3.2201, "eta_hours": 0.00089, "loss": 0.10650166, "lr": 2.956e-05, "params": 8313, "time_iter": 0.0583, "accuracy": 0.97619, "precision": 1.0, "recall": 0.95, "f1": 0.97436, "auc": 1.0}
{"epoch": 90, "time_epoch": 0.17759, "eta": 2.88381, "eta_hours": 0.0008, "loss": 0.14912434, "lr": 2.447e-05, "params": 8313, "time_iter": 0.0592, "accuracy": 0.97619, "precision": 1.0, "recall": 0.95, "f1": 0.97436, "auc": 0.99773}
{"epoch": 91, "time_epoch": 0.17451, "eta": 2.5507, "eta_hours": 0.00071, "loss": 0.12577851, "lr": 1.985e-05, "params": 8313, "time_iter": 0.05817, "accuracy": 1.0, "precision": 1.0, "recall": 1.0, "f1": 1.0, "auc": 1.0}
{"epoch": 92, "time_epoch": 0.17536, "eta": 2.22106, "eta_hours": 0.00062, "loss": 0.08088868, "lr": 1.571e-05, "params": 8313, "time_iter": 0.05845, "accuracy": 1.0, "precision": 1.0, "recall": 1.0, "f1": 1.0, "auc": 1.0}
{"epoch": 93, "time_epoch": 0.17935, "eta": 1.89496, "eta_hours": 0.00053, "loss": 0.07844145, "lr": 1.204e-05, "params": 8313, "time_iter": 0.05978, "accuracy": 1.0, "precision": 1.0, "recall": 1.0, "f1": 1.0, "auc": 1.0}
{"epoch": 94, "time_epoch": 0.17694, "eta": 1.57182, "eta_hours": 0.00044, "loss": 0.08563991, "lr": 8.86e-06, "params": 8313, "time_iter": 0.05898, "accuracy": 1.0, "precision": 1.0, "recall": 1.0, "f1": 1.0, "auc": 1.0}
{"epoch": 95, "time_epoch": 0.17586, "eta": 1.25169, "eta_hours": 0.00035, "loss": 0.11340621, "lr": 6.16e-06, "params": 8313, "time_iter": 0.05862, "accuracy": 1.0, "precision": 1.0, "recall": 1.0, "f1": 1.0, "auc": 1.0}
{"epoch": 96, "time_epoch": 0.17495, "eta": 0.9345, "eta_hours": 0.00026, "loss": 0.08992289, "lr": 3.94e-06, "params": 8313, "time_iter": 0.05832, "accuracy": 1.0, "precision": 1.0, "recall": 1.0, "f1": 1.0, "auc": 1.0}
{"epoch": 97, "time_epoch": 0.18361, "eta": 0.62039, "eta_hours": 0.00017, "loss": 0.0995408, "lr": 2.22e-06, "params": 8313, "time_iter": 0.0612, "accuracy": 1.0, "precision": 1.0, "recall": 1.0, "f1": 1.0, "auc": 1.0}
{"epoch": 98, "time_epoch": 0.18708, "eta": 0.30895, "eta_hours": 9e-05, "loss": 0.10580036, "lr": 9.9e-07, "params": 8313, "time_iter": 0.06236, "accuracy": 1.0, "precision": 1.0, "recall": 1.0, "f1": 1.0, "auc": 1.0}
{"epoch": 99, "time_epoch": 0.17525, "eta": 0.0, "eta_hours": 0.0, "loss": 0.08640869, "lr": 2.5e-07, "params": 8313, "time_iter": 0.05842, "accuracy": 1.0, "precision": 1.0, "recall": 1.0, "f1": 1.0, "auc": 1.0}
