{"epoch": 0, "time_epoch": 2.92838, "eta": 289.90976, "eta_hours": 0.08053, "loss": 0.71544002, "lr": 0.001, "params": 5401, "time_iter": 0.07706, "accuracy": 0.48, "precision": 0.0, "recall": 0.0, "f1": 0.0, "auc": 0.49439}
{"epoch": 1, "time_epoch": 3.08837, "eta": 294.82091, "eta_hours": 0.08189, "loss": 0.70524381, "lr": 0.00099975, "params": 5401, "time_iter": 0.08127, "accuracy": 0.48, "precision": 0.0, "recall": 0.0, "f1": 0.0, "auc": 0.49804}
{"epoch": 2, "time_epoch": 2.16123, "eta": 264.42159, "eta_hours": 0.07345, "loss": 0.69906559, "lr": 0.00099901, "params": 5401, "time_iter": 0.05687, "accuracy": 0.48, "precision": 0.0, "recall": 0.0, "f1": 0.0, "auc": 0.47632}
{"epoch": 3, "time_epoch": 2.2527, "eta": 250.33641, "eta_hours": 0.06954, "loss": 0.69609759, "lr": 0.00099778, "params": 5401, "time_iter": 0.05928, "accuracy": 0.48, "precision": 0.0, "recall": 0.0, "f1": 0.0, "auc": 0.40447}
{"epoch": 4, "time_epoch": 2.28928, "eta": 241.67923, "eta_hours": 0.06713, "loss": 0.69383524, "lr": 0.00099606, "params": 5401, "time_iter": 0.06024, "accuracy": 0.48, "precision": 0.5, "recall": 0.60256, "f1": 0.54651, "auc": 0.46261}
{"epoch": 5, "time_epoch": 2.24362, "eta": 234.42939, "eta_hours": 0.06512, "loss": 0.69319391, "lr": 0.00099384, "params": 5401, "time_iter": 0.05904, "accuracy": 0.52, "precision": 0.52, "recall": 1.0, "f1": 0.68421, "auc": 0.43964}
{"epoch": 6, "time_epoch": 2.26556, "eta": 228.90141, "eta_hours": 0.06358, "loss": 0.69316937, "lr": 0.00099114, "params": 5401, "time_iter": 0.05962, "accuracy": 0.52, "precision": 0.52, "recall": 1.0, "f1": 0.68421, "auc": 0.4042}
{"epoch": 7, "time_epoch": 2.25945, "eta": 224.11877, "eta_hours": 0.06226, "loss": 0.69292076, "lr": 0.00098796, "params": 5401, "time_iter": 0.05946, "accuracy": 0.52, "precision": 0.52, "recall": 1.0, "f1": 0.68421, "auc": 0.35595}
{"epoch": 8, "time_epoch": 2.25284, "eta": 219.82996, "eta_hours": 0.06106, "loss": 0.69366986, "lr": 0.00098429, "params": 5401, "time_iter": 0.05929, "accuracy": 0.52, "precision": 0.52, "recall": 1.0, "f1": 0.68421, "auc": 0.401}
{"epoch": 9, "time_epoch": 2.25912, "eta": 216.00491, "eta_hours": 0.06, "loss": 0.6935561, "lr": 0.00098015, "params": 5401, "time_iter": 0.05945, "accuracy": 0.52, "precision": 0.52, "recall": 1.0, "f1": 0.68421, "auc": 0.40118}
{"epoch": 10, "time_epoch": 2.24332, "eta": 212.33673, "eta_hours": 0.05898, "loss": 0.69287897, "lr": 0.00097553, "params": 5401, "time_iter": 0.05903, "accuracy": 0.52, "precision": 0.52, "recall": 1.0, "f1": 0.68421, "auc": 0.42308}
{"epoch": 11, "time_epoch": 2.26514, "eta": 209.06605, "eta_hours": 0.05807, "loss": 0.69284514, "lr": 0.00097044, "params": 5401, "time_iter": 0.05961, "accuracy": 0.52, "precision": 0.52, "recall": 1.0, "f1": 0.68421, "auc": 0.414}
{"epoch": 12, "time_epoch": 2.25326, "eta": 205.87059, "eta_hours": 0.05719, "loss": 0.69607044, "lr": 0.00096489, "params": 5401, "time_iter": 0.0593, "accuracy": 0.52, "precision": 0.52, "recall": 1.0, "f1": 0.68421, "auc": 0.32425}
{"epoch": 13, "time_epoch": 2.25179, "eta": 202.80067, "eta_hours": 0.05633, "loss": 0.69301137, "lr": 0.00095888, "params": 5401, "time_iter": 0.05926, "accuracy": 0.52, "precision": 0.52, "recall": 1.0, "f1": 0.68421, "auc": 0.42504}
{"epoch": 14, "time_epoch": 2.27354, "eta": 199.96308, "eta_hours": 0.05555, "loss": 0.6926649, "lr": 0.00095241, "params": 5401, "time_iter": 0.05983, "accuracy": 0.52, "precision": 0.52, "recall": 1.0, "f1": 0.68421, "auc": 0.43287}
{"epoch": 15, "time_epoch": 2.24792, "eta": 197.06151, "eta_hours": 0.05474, "loss": 0.69262751, "lr": 0.0009455, "params": 5401, "time_iter": 0.05916, "accuracy": 0.52, "precision": 0.52, "recall": 1.0, "f1": 0.68421, "auc": 0.33921}
{"epoch": 16, "time_epoch": 2.24907, "eta": 194.24242, "eta_hours": 0.05396, "loss": 0.69319031, "lr": 0.00093815, "params": 5401, "time_iter": 0.05919, "accuracy": 0.52, "precision": 0.52, "recall": 1.0, "f1": 0.68421, "auc": 0.42877}
{"epoch": 17, "time_epoch": 2.25978, "eta": 191.53547, "eta_hours": 0.0532, "loss": 0.69294213, "lr": 0.00093037, "params": 5401, "time_iter": 0.05947, "accuracy": 0.52, "precision": 0.52, "recall": 1.0, "f1": 0.68421, "auc": 0.38871}
{"epoch": 18, "time_epoch": 2.26301, "eta": 188.88936, "eta_hours": 0.05247, "loss": 0.69258975, "lr": 0.00092216, "params": 5401, "time_iter": 0.05955, "accuracy": 0.52, "precision": 0.52, "recall": 1.0, "f1": 0.68421, "auc": 0.45317}
{"epoch": 19, "time_epoch": 2.25921, "eta": 186.26638, "eta_hours": 0.05174, "loss": 0.69265882, "lr": 0.00091354, "params": 5401, "time_iter": 0.05945, "accuracy": 0.52, "precision": 0.52, "recall": 1.0, "f1": 0.68421, "auc": 0.45869}
{"epoch": 20, "time_epoch": 2.27964, "eta": 183.75489, "eta_hours": 0.05104, "loss": 0.69339171, "lr": 0.00090451, "params": 5401, "time_iter": 0.05999, "accuracy": 0.52, "precision": 0.52, "recall": 1.0, "f1": 0.68421, "auc": 0.4318}
{"epoch": 21, "time_epoch": 2.24938, "eta": 181.15718, "eta_hours": 0.05032, "loss": 0.69251845, "lr": 0.00089508, "params": 5401, "time_iter": 0.05919, "accuracy": 0.52, "precision": 0.52, "recall": 1.0, "f1": 0.68421, "auc": 0.45388}
{"epoch": 22, "time_epoch": 2.24613, "eta": 178.57888, "eta_hours": 0.04961, "loss": 0.69265694, "lr": 0.00088526, "params": 5401, "time_iter": 0.05911, "accuracy": 0.52, "precision": 0.52, "recall": 1.0, "f1": 0.68421, "auc": 0.43519}
{"epoch": 23, "time_epoch": 2.24164, "eta": 176.01404, "eta_hours": 0.04889, "loss": 0.69289734, "lr": 0.00087506, "params": 5401, "time_iter": 0.05899, "accuracy": 0.52, "precision": 0.52, "recall": 1.0, "f1": 0.68421, "auc": 0.40509}
{"epoch": 24, "time_epoch": 2.24094, "eta": 173.47296, "eta_hours": 0.04819, "loss": 0.6925118, "lr": 0.00086448, "params": 5401, "time_iter": 0.05897, "accuracy": 0.52, "precision": 0.52, "recall": 1.0, "f1": 0.68421, "auc": 0.44658}
{"epoch": 25, "time_epoch": 2.25035, "eta": 170.98175, "eta_hours": 0.04749, "loss": 0.6929131, "lr": 0.00085355, "params": 5401, "time_iter": 0.05922, "accuracy": 0.52, "precision": 0.52, "recall": 1.0, "f1": 0.68421, "auc": 0.40563}
{"epoch": 26, "time_epoch": 2.25309, "eta": 168.5158, "eta_hours": 0.04681, "loss": 0.69261356, "lr": 0.00084227, "params": 5401, "time_iter": 0.05929, "accuracy": 0.52, "precision": 0.52, "recall": 1.0, "f1": 0.68421, "auc": 0.43305}
{"epoch": 27, "time_epoch": 2.24378, "eta": 166.04112, "eta_hours": 0.04612, "loss": 0.69256315, "lr": 0.00083066, "params": 5401, "time_iter": 0.05905, "accuracy": 0.52, "precision": 0.52, "recall": 1.0, "f1": 0.68421, "auc": 0.39815}
{"epoch": 28, "time_epoch": 2.24852, "eta": 163.59396, "eta_hours": 0.04544, "loss": 0.69284023, "lr": 0.00081871, "params": 5401, "time_iter": 0.05917, "accuracy": 0.52, "precision": 0.52, "recall": 1.0, "f1": 0.68421, "auc": 0.44409}
{"epoch": 29, "time_epoch": 2.25656, "eta": 161.1788, "eta_hours": 0.04477, "loss": 0.69275242, "lr": 0.00080645, "params": 5401, "time_iter": 0.05938, "accuracy": 0.52, "precision": 0.52, "recall": 1.0, "f1": 0.68421, "auc": 0.4213}
{"epoch": 30, "time_epoch": 2.24682, "eta": 158.7522, "eta_hours": 0.0441, "loss": 0.69466194, "lr": 0.00079389, "params": 5401, "time_iter": 0.05913, "accuracy": 0.52, "precision": 0.52, "recall": 1.0, "f1": 0.68421, "auc": 0.35274}
{"epoch": 31, "time_epoch": 2.25982, "eta": 156.36446, "eta_hours": 0.04343, "loss": 0.69265288, "lr": 0.00078104, "params": 5401, "time_iter": 0.05947, "accuracy": 0.52, "precision": 0.52, "recall": 1.0, "f1": 0.68421, "auc": 0.46492}
{"epoch": 32, "time_epoch": 2.24835, "eta": 153.96118, "eta_hours": 0.04277, "loss": 0.69311737, "lr": 0.00076791, "params": 5401, "time_iter": 0.05917, "accuracy": 0.52, "precision": 0.52, "recall": 1.0, "f1": 0.68421, "auc": 0.37642}
{"epoch": 33, "time_epoch": 2.25591, "eta": 151.5817, "eta_hours": 0.04211, "loss": 0.69339972, "lr": 0.00075452, "params": 5401, "time_iter": 0.05937, "accuracy": 0.52, "precision": 0.52, "recall": 1.0, "f1": 0.68421, "auc": 0.40812}
{"epoch": 34, "time_epoch": 2.25142, "eta": 149.20093, "eta_hours": 0.04144, "loss": 0.69304835, "lr": 0.00074088, "params": 5401, "time_iter": 0.05925, "accuracy": 0.52, "precision": 0.52, "recall": 1.0, "f1": 0.68421, "auc": 0.40634}
{"epoch": 35, "time_epoch": 2.26038, "eta": 146.84328, "eta_hours": 0.04079, "loss": 0.69239615, "lr": 0.000727, "params": 5401, "time_iter": 0.05948, "accuracy": 0.52, "precision": 0.52, "recall": 1.0, "f1": 0.68421, "auc": 0.46065}
{"epoch": 36, "time_epoch": 2.24125, "eta": 144.45832, "eta_hours": 0.04013, "loss": 0.69354281, "lr": 0.00071289, "params": 5401, "time_iter": 0.05898, "accuracy": 0.52, "precision": 0.52, "recall": 1.0, "f1": 0.68421, "auc": 0.37429}
{"epoch": 37, "time_epoch": 2.24306, "eta": 142.08387, "eta_hours": 0.03947, "loss": 0.69295363, "lr": 0.00069857, "params": 5401, "time_iter": 0.05903, "accuracy": 0.52, "precision": 0.52, "recall": 1.0, "f1": 0.68421, "auc": 0.41889}
{"epoch": 38, "time_epoch": 2.25973, "eta": 139.74223, "eta_hours": 0.03882, "loss": 0.69290681, "lr": 0.00068406, "params": 5401, "time_iter": 0.05947, "accuracy": 0.52, "precision": 0.52, "recall": 1.0, "f1": 0.68421, "auc": 0.39067}
{"epoch": 39, "time_epoch": 2.26145, "eta": 137.40727, "eta_hours": 0.03817, "loss": 0.69251605, "lr": 0.00066937, "params": 5401, "time_iter": 0.05951, "accuracy": 0.52, "precision": 0.52, "recall": 1.0, "f1": 0.68421, "auc": 0.42023}
{"epoch": 40, "time_epoch": 2.27315, "eta": 135.09273, "eta_hours": 0.03753, "loss": 0.69244568, "lr": 0.00065451, "params": 5401, "time_iter": 0.05982, "accuracy": 0.52, "precision": 0.52, "recall": 1.0, "f1": 0.68421, "auc": 0.45673}
{"epoch": 41, "time_epoch": 2.27157, "eta": 132.77797, "eta_hours": 0.03688, "loss": 0.69268331, "lr": 0.0006395, "params": 5401, "time_iter": 0.05978, "accuracy": 0.52, "precision": 0.52, "recall": 1.0, "f1": 0.68421, "auc": 0.42664}
{"epoch": 42, "time_epoch": 2.27217, "eta": 130.46602, "eta_hours": 0.03624, "loss": 0.69350571, "lr": 0.00062434, "params": 5401, "time_iter": 0.05979, "accuracy": 0.52, "precision": 0.52, "recall": 1.0, "f1": 0.68421, "auc": 0.38818}
{"epoch": 43, "time_epoch": 2.27367, "eta": 128.1578, "eta_hours": 0.0356, "loss": 0.69255868, "lr": 0.00060907, "params": 5401, "time_iter": 0.05983, "accuracy": 0.52, "precision": 0.52, "recall": 1.0, "f1": 0.68421, "auc": 0.4724}
{"epoch": 44, "time_epoch": 2.28203, "eta": 125.86132, "eta_hours": 0.03496, "loss": 0.69297351, "lr": 0.00059369, "params": 5401, "time_iter": 0.06005, "accuracy": 0.52, "precision": 0.52, "recall": 1.0, "f1": 0.68421, "auc": 0.33636}
{"epoch": 45, "time_epoch": 2.25428, "eta": 123.53288, "eta_hours": 0.03431, "loss": 0.69250279, "lr": 0.00057822, "params": 5401, "time_iter": 0.05932, "accuracy": 0.52, "precision": 0.52, "recall": 1.0, "f1": 0.68421, "auc": 0.44551}
{"epoch": 46, "time_epoch": 2.27177, "eta": 121.22734, "eta_hours": 0.03367, "loss": 0.69252581, "lr": 0.00056267, "params": 5401, "time_iter": 0.05978, "accuracy": 0.52, "precision": 0.52, "recall": 1.0, "f1": 0.68421, "auc": 0.44996}
{"epoch": 47, "time_epoch": 2.28415, "eta": 118.93661, "eta_hours": 0.03304, "loss": 0.6926507, "lr": 0.00054705, "params": 5401, "time_iter": 0.06011, "accuracy": 0.52, "precision": 0.52, "recall": 1.0, "f1": 0.68421, "auc": 0.40616}
{"epoch": 48, "time_epoch": 2.2684, "eta": 116.62976, "eta_hours": 0.0324, "loss": 0.6927172, "lr": 0.0005314, "params": 5401, "time_iter": 0.05969, "accuracy": 0.52, "precision": 0.52, "recall": 1.0, "f1": 0.68421, "auc": 0.40011}
{"epoch": 49, "time_epoch": 2.27527, "eta": 114.33131, "eta_hours": 0.03176, "loss": 0.6925971, "lr": 0.00051571, "params": 5401, "time_iter": 0.05988, "accuracy": 0.52, "precision": 0.52, "recall": 1.0, "f1": 0.68421, "auc": 0.38586}
{"epoch": 50, "time_epoch": 2.27804, "eta": 112.03644, "eta_hours": 0.03112, "loss": 0.69272359, "lr": 0.0005, "params": 5401, "time_iter": 0.05995, "accuracy": 0.52, "precision": 0.52, "recall": 1.0, "f1": 0.68421, "auc": 0.41898}
{"epoch": 51, "time_epoch": 2.26818, "eta": 109.73311, "eta_hours": 0.03048, "loss": 0.6924878, "lr": 0.00048429, "params": 5401, "time_iter": 0.05969, "accuracy": 0.52, "precision": 0.52, "recall": 1.0, "f1": 0.68421, "auc": 0.4448}
{"epoch": 52, "time_epoch": 2.26811, "eta": 107.43104, "eta_hours": 0.02984, "loss": 0.69268143, "lr": 0.0004686, "params": 5401, "time_iter": 0.05969, "accuracy": 0.52, "precision": 0.52, "recall": 1.0, "f1": 0.68421, "auc": 0.4115}
{"epoch": 53, "time_epoch": 2.25138, "eta": 105.11599, "eta_hours": 0.0292, "loss": 0.69290719, "lr": 0.00045295, "params": 5401, "time_iter": 0.05925, "accuracy": 0.52, "precision": 0.52, "recall": 1.0, "f1": 0.68421, "auc": 0.42023}
{"epoch": 54, "time_epoch": 2.25193, "eta": 102.8037, "eta_hours": 0.02856, "loss": 0.69236784, "lr": 0.00043733, "params": 5401, "time_iter": 0.05926, "accuracy": 0.52, "precision": 0.52, "recall": 1.0, "f1": 0.68421, "auc": 0.5049}
{"epoch": 55, "time_epoch": 2.25303, "eta": 100.49443, "eta_hours": 0.02792, "loss": 0.69274652, "lr": 0.00042178, "params": 5401, "time_iter": 0.05929, "accuracy": 0.52, "precision": 0.52, "recall": 1.0, "f1": 0.68421, "auc": 0.40456}
{"epoch": 56, "time_epoch": 2.22798, "eta": 98.16823, "eta_hours": 0.02727, "loss": 0.69247325, "lr": 0.00040631, "params": 5401, "time_iter": 0.05863, "accuracy": 0.52, "precision": 0.52, "recall": 1.0, "f1": 0.68421, "auc": 0.43723}
{"epoch": 57, "time_epoch": 2.25455, "eta": 95.86465, "eta_hours": 0.02663, "loss": 0.69336267, "lr": 0.00039093, "params": 5401, "time_iter": 0.05933, "accuracy": 0.52, "precision": 0.52, "recall": 1.0, "f1": 0.68421, "auc": 0.36022}
{"epoch": 58, "time_epoch": 2.26045, "eta": 93.56685, "eta_hours": 0.02599, "loss": 0.6925954, "lr": 0.00037566, "params": 5401, "time_iter": 0.05949, "accuracy": 0.52, "precision": 0.52, "recall": 1.0, "f1": 0.68421, "auc": 0.43786}
{"epoch": 59, "time_epoch": 2.24531, "eta": 91.26019, "eta_hours": 0.02535, "loss": 0.69237018, "lr": 0.0003605, "params": 5401, "time_iter": 0.05909, "accuracy": 0.52, "precision": 0.52, "recall": 1.0, "f1": 0.68421, "auc": 0.49573}
{"epoch": 60, "time_epoch": 2.24134, "eta": 88.95301, "eta_hours": 0.02471, "loss": 0.69242624, "lr": 0.00034549, "params": 5401, "time_iter": 0.05898, "accuracy": 0.52, "precision": 0.52, "recall": 1.0, "f1": 0.68421, "auc": 0.47934}
{"epoch": 61, "time_epoch": 2.25143, "eta": 86.65413, "eta_hours": 0.02407, "loss": 0.69278235, "lr": 0.00033063, "params": 5401, "time_iter": 0.05925, "accuracy": 0.52, "precision": 0.52, "recall": 1.0, "f1": 0.68421, "auc": 0.40028}
{"epoch": 62, "time_epoch": 2.24793, "eta": 84.35471, "eta_hours": 0.02343, "loss": 0.69251518, "lr": 0.00031594, "params": 5401, "time_iter": 0.05916, "accuracy": 0.52, "precision": 0.52, "recall": 1.0, "f1": 0.68421, "auc": 0.41969}
{"epoch": 63, "time_epoch": 2.25866, "eta": 82.06293, "eta_hours": 0.0228, "loss": 0.69256361, "lr": 0.00030143, "params": 5401, "time_iter": 0.05944, "accuracy": 0.52, "precision": 0.52, "recall": 1.0, "f1": 0.68421, "auc": 0.41952}
{"epoch": 64, "time_epoch": 2.26508, "eta": 79.77562, "eta_hours": 0.02216, "loss": 0.69253688, "lr": 0.00028711, "params": 5401, "time_iter": 0.05961, "accuracy": 0.52, "precision": 0.52, "recall": 1.0, "f1": 0.68421, "auc": 0.41863}
{"epoch": 65, "time_epoch": 2.22264, "eta": 77.46713, "eta_hours": 0.02152, "loss": 0.69250396, "lr": 0.000273, "params": 5401, "time_iter": 0.05849, "accuracy": 0.52, "precision": 0.52, "recall": 1.0, "f1": 0.68421, "auc": 0.45005}
{"epoch": 66, "time_epoch": 2.25404, "eta": 75.17667, "eta_hours": 0.02088, "loss": 0.69243541, "lr": 0.00025912, "params": 5401, "time_iter": 0.05932, "accuracy": 0.52, "precision": 0.52, "recall": 1.0, "f1": 0.68421, "auc": 0.43786}
{"epoch": 67, "time_epoch": 2.24901, "eta": 72.88491, "eta_hours": 0.02025, "loss": 0.69254729, "lr": 0.00024548, "params": 5401, "time_iter": 0.05918, "accuracy": 0.52, "precision": 0.52, "recall": 1.0, "f1": 0.68421, "auc": 0.36022}
{"epoch": 68, "time_epoch": 2.26144, "eta": 70.59997, "eta_hours": 0.01961, "loss": 0.6924765, "lr": 0.00023209, "params": 5401, "time_iter": 0.05951, "accuracy": 0.52, "precision": 0.52, "recall": 1.0, "f1": 0.68421, "auc": 0.42165}
{"epoch": 69, "time_epoch": 2.25817, "eta": 68.3143, "eta_hours": 0.01898, "loss": 0.69244519, "lr": 0.00021896, "params": 5401, "time_iter": 0.05943, "accuracy": 0.52, "precision": 0.52, "recall": 1.0, "f1": 0.68421, "auc": 0.45192}
{"epoch": 70, "time_epoch": 2.6031, "eta": 66.1703, "eta_hours": 0.01838, "loss": 0.69259331, "lr": 0.00020611, "params": 5401, "time_iter": 0.0685, "accuracy": 0.52, "precision": 0.52, "recall": 1.0, "f1": 0.68421, "auc": 0.35345}
{"epoch": 71, "time_epoch": 3.37951, "eta": 64.31547, "eta_hours": 0.01787, "loss": 0.69251461, "lr": 0.00019355, "params": 5401, "time_iter": 0.08893, "accuracy": 0.52, "precision": 0.52, "recall": 1.0, "f1": 0.68421, "auc": 0.38693}
{"epoch": 72, "time_epoch": 1.95156, "eta": 61.89074, "eta_hours": 0.01719, "loss": 0.69236407, "lr": 0.00018129, "params": 5401, "time_iter": 0.05136, "accuracy": 0.52, "precision": 0.52, "recall": 1.0, "f1": 0.68421, "auc": 0.48415}
{"epoch": 73, "time_epoch": 2.2536, "eta": 59.58491, "eta_hours": 0.01655, "loss": 0.69252026, "lr": 0.00016934, "params": 5401, "time_iter": 0.05931, "accuracy": 0.52, "precision": 0.52, "recall": 1.0, "f1": 0.68421, "auc": 0.41756}
{"epoch": 74, "time_epoch": 2.2662, "eta": 57.28467, "eta_hours": 0.01591, "loss": 0.69242242, "lr": 0.00015773, "params": 5401, "time_iter": 0.05964, "accuracy": 0.52, "precision": 0.52, "recall": 1.0, "f1": 0.68421, "auc": 0.42504}
{"epoch": 75, "time_epoch": 2.26918, "eta": 54.98627, "eta_hours": 0.01527, "loss": 0.69253783, "lr": 0.00014645, "params": 5401, "time_iter": 0.05972, "accuracy": 0.52, "precision": 0.52, "recall": 1.0, "f1": 0.68421, "auc": 0.37999}
{"epoch": 76, "time_epoch": 2.25925, "eta": 52.68567, "eta_hours": 0.01463, "loss": 0.69244407, "lr": 0.00013552, "params": 5401, "time_iter": 0.05945, "accuracy": 0.52, "precision": 0.52, "recall": 1.0, "f1": 0.68421, "auc": 0.44017}
{"epoch": 77, "time_epoch": 2.25524, "eta": 50.38499, "eta_hours": 0.014, "loss": 0.69241233, "lr": 0.00012494, "params": 5401, "time_iter": 0.05935, "accuracy": 0.52, "precision": 0.52, "recall": 1.0, "f1": 0.68421, "auc": 0.43857}
{"epoch": 78, "time_epoch": 2.26303, "eta": 48.08753, "eta_hours": 0.01336, "loss": 0.69246555, "lr": 0.00011474, "params": 5401, "time_iter": 0.05955, "accuracy": 0.52, "precision": 0.52, "recall": 1.0, "f1": 0.68421, "auc": 0.42325}
{"epoch": 79, "time_epoch": 2.2667, "eta": 45.79185, "eta_hours": 0.01272, "loss": 0.69243273, "lr": 0.00010492, "params": 5401, "time_iter": 0.05965, "accuracy": 0.52, "precision": 0.52, "recall": 1.0, "f1": 0.68421, "auc": 0.4367}
{"epoch": 80, "time_epoch": 2.268, "eta": 43.4972, "eta_hours": 0.01208, "loss": 0.69245746, "lr": 9.549e-05, "params": 5401, "time_iter": 0.05968, "accuracy": 0.52, "precision": 0.52, "recall": 1.0, "f1": 0.68421, "auc": 0.4278}
{"epoch": 81, "time_epoch": 2.25368, "eta": 41.20005, "eta_hours": 0.01144, "loss": 0.69235358, "lr": 8.646e-05, "params": 5401, "time_iter": 0.05931, "accuracy": 0.52, "precision": 0.52, "recall": 1.0, "f1": 0.68421, "auc": 0.51104}
{"epoch": 82, "time_epoch": 2.27574, "eta": 38.90846, "eta_hours": 0.01081, "loss": 0.69238049, "lr": 7.784e-05, "params": 5401, "time_iter": 0.05989, "accuracy": 0.52, "precision": 0.52, "recall": 1.0, "f1": 0.68421, "auc": 0.48469}
{"epoch": 83, "time_epoch": 2.23721, "eta": 36.60992, "eta_hours": 0.01017, "loss": 0.69242183, "lr": 6.963e-05, "params": 5401, "time_iter": 0.05887, "accuracy": 0.52, "precision": 0.52, "recall": 1.0, "f1": 0.68421, "auc": 0.4302}
{"epoch": 84, "time_epoch": 2.2769, "eta": 34.31982, "eta_hours": 0.00953, "loss": 0.69235352, "lr": 6.185e-05, "params": 5401, "time_iter": 0.05992, "accuracy": 0.52, "precision": 0.52, "recall": 1.0, "f1": 0.68421, "auc": 0.50516}
{"epoch": 85, "time_epoch": 2.27636, "eta": 32.02993, "eta_hours": 0.0089, "loss": 0.69241562, "lr": 5.45e-05, "params": 5401, "time_iter": 0.0599, "accuracy": 0.52, "precision": 0.52, "recall": 1.0, "f1": 0.68421, "auc": 0.44311}
{"epoch": 86, "time_epoch": 2.26473, "eta": 29.73863, "eta_hours": 0.00826, "loss": 0.69241783, "lr": 4.759e-05, "params": 5401, "time_iter": 0.0596, "accuracy": 0.52, "precision": 0.52, "recall": 1.0, "f1": 0.68421, "auc": 0.43047}
{"epoch": 87, "time_epoch": 2.24648, "eta": 27.44544, "eta_hours": 0.00762, "loss": 0.69238029, "lr": 4.112e-05, "params": 5401, "time_iter": 0.05912, "accuracy": 0.52, "precision": 0.52, "recall": 1.0, "f1": 0.68421, "auc": 0.47151}
{"epoch": 88, "time_epoch": 2.26276, "eta": 25.1553, "eta_hours": 0.00699, "loss": 0.6923644, "lr": 3.511e-05, "params": 5401, "time_iter": 0.05955, "accuracy": 0.52, "precision": 0.52, "recall": 1.0, "f1": 0.68421, "auc": 0.47293}
{"epoch": 89, "time_epoch": 2.25426, "eta": 22.86484, "eta_hours": 0.00635, "loss": 0.69234849, "lr": 2.956e-05, "params": 5401, "time_iter": 0.05932, "accuracy": 0.52, "precision": 0.52, "recall": 1.0, "f1": 0.68421, "auc": 0.52297}
{"epoch": 90, "time_epoch": 2.2626, "eta": 20.57599, "eta_hours": 0.00572, "loss": 0.69243165, "lr": 2.447e-05, "params": 5401, "time_iter": 0.05954, "accuracy": 0.52, "precision": 0.52, "recall": 1.0, "f1": 0.68421, "auc": 0.41542}
{"epoch": 91, "time_epoch": 2.26508, "eta": 18.28793, "eta_hours": 0.00508, "loss": 0.69232445, "lr": 1.985e-05, "params": 5401, "time_iter": 0.05961, "accuracy": 0.52, "precision": 0.52, "recall": 1.0, "f1": 0.68421, "auc": 0.52137}
{"epoch": 92, "time_epoch": 2.25052, "eta": 15.99927, "eta_hours": 0.00444, "loss": 0.69240909, "lr": 1.571e-05, "params": 5401, "time_iter": 0.05922, "accuracy": 0.52, "precision": 0.52, "recall": 1.0, "f1": 0.68421, "auc": 0.42201}
{"epoch": 93, "time_epoch": 2.23499, "eta": 13.71043, "eta_hours": 0.00381, "loss": 0.69237369, "lr": 1.204e-05, "params": 5401, "time_iter": 0.05882, "accuracy": 0.52, "precision": 0.52, "recall": 1.0, "f1": 0.68421, "auc": 0.4781}
{"epoch": 94, "time_epoch": 2.26448, "eta": 11.42427, "eta_hours": 0.00317, "loss": 0.69234941, "lr": 8.86e-06, "params": 5401, "time_iter": 0.05959, "accuracy": 0.52, "precision": 0.52, "recall": 1.0, "f1": 0.68421, "auc": 0.4748}
{"epoch": 95, "time_epoch": 2.26816, "eta": 9.13872, "eta_hours": 0.00254, "loss": 0.69237803, "lr": 6.16e-06, "params": 5401, "time_iter": 0.05969, "accuracy": 0.52, "precision": 0.52, "recall": 1.0, "f1": 0.68421, "auc": 0.47463}
{"epoch": 96, "time_epoch": 2.25935, "eta": 6.85326, "eta_hours": 0.0019, "loss": 0.69234136, "lr": 3.94e-06, "params": 5401, "time_iter": 0.05946, "accuracy": 0.52, "precision": 0.52, "recall": 1.0, "f1": 0.68421, "auc": 0.49101}
{"epoch": 97, "time_epoch": 2.26609, "eta": 4.56847, "eta_hours": 0.00127, "loss": 0.69238526, "lr": 2.22e-06, "params": 5401, "time_iter": 0.05963, "accuracy": 0.52, "precision": 0.52, "recall": 1.0, "f1": 0.68421, "auc": 0.47721}
{"epoch": 98, "time_epoch": 2.25334, "eta": 2.28392, "eta_hours": 0.00063, "loss": 0.69231158, "lr": 9.9e-07, "params": 5401, "time_iter": 0.0593, "accuracy": 0.52, "precision": 0.52, "recall": 1.0, "f1": 0.68421, "auc": 0.54389}
{"epoch": 99, "time_epoch": 2.26699, "eta": 0.0, "eta_hours": 0.0, "loss": 0.69236837, "lr": 2.5e-07, "params": 5401, "time_iter": 0.05966, "accuracy": 0.52, "precision": 0.52, "recall": 1.0, "f1": 0.68421, "auc": 0.49822}
