{"epoch": 0, "time_epoch": 1.83509, "eta": 181.6744, "eta_hours": 0.05047, "loss": 0.70314674, "lr": 0.001, "params": 6251, "time_iter": 0.04829, "accuracy": 0.48, "precision": 0.0, "recall": 0.0, "f1": 0.0, "auc": 0.41257}
{"epoch": 1, "time_epoch": 1.91289, "eta": 183.65125, "eta_hours": 0.05101, "loss": 0.69578989, "lr": 0.00099975, "params": 6251, "time_iter": 0.05034, "accuracy": 0.48, "precision": 0.0, "recall": 0.0, "f1": 0.0, "auc": 0.51122}
{"epoch": 2, "time_epoch": 1.88075, "eta": 181.99577, "eta_hours": 0.05055, "loss": 0.69614807, "lr": 0.00099901, "params": 6251, "time_iter": 0.04949, "accuracy": 0.44667, "precision": 0.45902, "recall": 0.35897, "f1": 0.40288, "auc": 0.4245}
{"epoch": 3, "time_epoch": 1.89094, "eta": 180.4723, "eta_hours": 0.05013, "loss": 0.69360246, "lr": 0.00099778, "params": 6251, "time_iter": 0.04976, "accuracy": 0.47333, "precision": 0.48936, "recall": 0.29487, "f1": 0.368, "auc": 0.50766}
{"epoch": 4, "time_epoch": 1.92585, "eta": 179.46511, "eta_hours": 0.04985, "loss": 0.69226225, "lr": 0.00099606, "params": 6251, "time_iter": 0.05068, "accuracy": 0.54, "precision": 0.54286, "recall": 0.73077, "f1": 0.62295, "auc": 0.54327}
{"epoch": 5, "time_epoch": 1.90291, "eta": 177.79233, "eta_hours": 0.04939, "loss": 0.69496312, "lr": 0.00099384, "params": 6251, "time_iter": 0.05008, "accuracy": 0.51333, "precision": 0.52475, "recall": 0.67949, "f1": 0.59218, "auc": 0.44979}
{"epoch": 6, "time_epoch": 2.02858, "eta": 177.72336, "eta_hours": 0.04937, "loss": 0.69039808, "lr": 0.00099114, "params": 6251, "time_iter": 0.05338, "accuracy": 0.56667, "precision": 0.54887, "recall": 0.9359, "f1": 0.69194, "auc": 0.54932}
{"epoch": 7, "time_epoch": 2.29188, "eta": 180.19238, "eta_hours": 0.05005, "loss": 0.69418952, "lr": 0.00098796, "params": 6251, "time_iter": 0.06031, "accuracy": 0.53333, "precision": 0.52899, "recall": 0.9359, "f1": 0.67593, "auc": 0.46225}
{"epoch": 8, "time_epoch": 1.9069, "eta": 177.71092, "eta_hours": 0.04936, "loss": 0.69543904, "lr": 0.00098429, "params": 6251, "time_iter": 0.05018, "accuracy": 0.51333, "precision": 0.51748, "recall": 0.94872, "f1": 0.66968, "auc": 0.41613}
{"epoch": 9, "time_epoch": 1.83809, "eta": 174.72503, "eta_hours": 0.04853, "loss": 0.69280316, "lr": 0.00098015, "params": 6251, "time_iter": 0.04837, "accuracy": 0.52, "precision": 0.52, "recall": 1.0, "f1": 0.68421, "auc": 0.47365}
{"epoch": 10, "time_epoch": 1.96047, "eta": 172.93801, "eta_hours": 0.04804, "loss": 0.69287984, "lr": 0.00097553, "params": 6251, "time_iter": 0.05159, "accuracy": 0.52667, "precision": 0.52349, "recall": 1.0, "f1": 0.68722, "auc": 0.4692}
{"epoch": 11, "time_epoch": 1.97603, "eta": 171.2362, "eta_hours": 0.04757, "loss": 0.69137056, "lr": 0.00097044, "params": 6251, "time_iter": 0.052, "accuracy": 0.52667, "precision": 0.52448, "recall": 0.96154, "f1": 0.67873, "auc": 0.51781}
{"epoch": 12, "time_epoch": 1.92585, "eta": 169.15641, "eta_hours": 0.04699, "loss": 0.69191308, "lr": 0.00096489, "params": 6251, "time_iter": 0.05068, "accuracy": 0.52, "precision": 0.52055, "recall": 0.97436, "f1": 0.67857, "auc": 0.51674}
{"epoch": 13, "time_epoch": 1.95876, "eta": 167.30077, "eta_hours": 0.04647, "loss": 0.69255809, "lr": 0.00095888, "params": 6251, "time_iter": 0.05155, "accuracy": 0.53333, "precision": 0.52817, "recall": 0.96154, "f1": 0.68182, "auc": 0.49021}
{"epoch": 14, "time_epoch": 1.92785, "eta": 165.2562, "eta_hours": 0.0459, "loss": 0.69272967, "lr": 0.00095241, "params": 6251, "time_iter": 0.05073, "accuracy": 0.52, "precision": 0.52055, "recall": 0.97436, "f1": 0.67857, "auc": 0.48789}
{"epoch": 15, "time_epoch": 2.10693, "eta": 164.16639, "eta_hours": 0.0456, "loss": 0.69334865, "lr": 0.0009455, "params": 6251, "time_iter": 0.05545, "accuracy": 0.52, "precision": 0.52055, "recall": 0.97436, "f1": 0.67857, "auc": 0.46439}
{"epoch": 16, "time_epoch": 2.17062, "eta": 163.26789, "eta_hours": 0.04535, "loss": 0.69192498, "lr": 0.00093815, "params": 6251, "time_iter": 0.05712, "accuracy": 0.52667, "precision": 0.52414, "recall": 0.97436, "f1": 0.68161, "auc": 0.5}
{"epoch": 17, "time_epoch": 1.92884, "eta": 161.12661, "eta_hours": 0.04476, "loss": 0.69224192, "lr": 0.00093037, "params": 6251, "time_iter": 0.05076, "accuracy": 0.53333, "precision": 0.52941, "recall": 0.92308, "f1": 0.6729, "auc": 0.4886}
{"epoch": 18, "time_epoch": 1.91882, "eta": 158.96495, "eta_hours": 0.04416, "loss": 0.6913967, "lr": 0.00092216, "params": 6251, "time_iter": 0.0505, "accuracy": 0.53333, "precision": 0.52941, "recall": 0.92308, "f1": 0.6729, "auc": 0.53205}
{"epoch": 19, "time_epoch": 1.87901, "eta": 156.66835, "eta_hours": 0.04352, "loss": 0.69035377, "lr": 0.00091354, "params": 6251, "time_iter": 0.04945, "accuracy": 0.52667, "precision": 0.52448, "recall": 0.96154, "f1": 0.67873, "auc": 0.55342}
{"epoch": 20, "time_epoch": 1.88895, "eta": 154.4489, "eta_hours": 0.0429, "loss": 0.69003931, "lr": 0.00090451, "params": 6251, "time_iter": 0.04971, "accuracy": 0.54, "precision": 0.53383, "recall": 0.91026, "f1": 0.67299, "auc": 0.57461}
{"epoch": 21, "time_epoch": 1.89094, "eta": 152.26657, "eta_hours": 0.0423, "loss": 0.69013104, "lr": 0.00089508, "params": 6251, "time_iter": 0.04976, "accuracy": 0.52, "precision": 0.52273, "recall": 0.88462, "f1": 0.65714, "auc": 0.53917}
{"epoch": 22, "time_epoch": 1.90204, "eta": 150.14671, "eta_hours": 0.04171, "loss": 0.68891844, "lr": 0.00088526, "params": 6251, "time_iter": 0.05005, "accuracy": 0.57333, "precision": 0.55556, "recall": 0.89744, "f1": 0.68627, "auc": 0.54897}
{"epoch": 23, "time_epoch": 2.0216, "eta": 148.42361, "eta_hours": 0.04123, "loss": 0.69221961, "lr": 0.00087506, "params": 6251, "time_iter": 0.0532, "accuracy": 0.51333, "precision": 0.52, "recall": 0.83333, "f1": 0.64039, "auc": 0.52849}
{"epoch": 24, "time_epoch": 1.95876, "eta": 146.48813, "eta_hours": 0.04069, "loss": 0.68684398, "lr": 0.00086448, "params": 6251, "time_iter": 0.05155, "accuracy": 0.54, "precision": 0.53913, "recall": 0.79487, "f1": 0.64249, "auc": 0.57016}
{"epoch": 25, "time_epoch": 1.85803, "eta": 144.26417, "eta_hours": 0.04007, "loss": 0.68180087, "lr": 0.00085355, "params": 6251, "time_iter": 0.0489, "accuracy": 0.57333, "precision": 0.56604, "recall": 0.76923, "f1": 0.65217, "auc": 0.5901}
{"epoch": 26, "time_epoch": 1.99064, "eta": 142.42584, "eta_hours": 0.03956, "loss": 0.68604688, "lr": 0.00084227, "params": 6251, "time_iter": 0.05239, "accuracy": 0.54667, "precision": 0.54464, "recall": 0.78205, "f1": 0.64211, "auc": 0.54541}
{"epoch": 27, "time_epoch": 2.16621, "eta": 141.0281, "eta_hours": 0.03917, "loss": 0.68211849, "lr": 0.00083066, "params": 6251, "time_iter": 0.05701, "accuracy": 0.58667, "precision": 0.5678, "recall": 0.85897, "f1": 0.68367, "auc": 0.57639}
{"epoch": 28, "time_epoch": 2.0274, "eta": 139.23751, "eta_hours": 0.03868, "loss": 0.69133187, "lr": 0.00081871, "params": 6251, "time_iter": 0.05335, "accuracy": 0.54667, "precision": 0.54545, "recall": 0.76923, "f1": 0.6383, "auc": 0.51193}
{"epoch": 29, "time_epoch": 2.3833, "eta": 138.26158, "eta_hours": 0.03841, "loss": 0.68718026, "lr": 0.00080645, "params": 6251, "time_iter": 0.06272, "accuracy": 0.52, "precision": 0.52542, "recall": 0.79487, "f1": 0.63265, "auc": 0.57585}
{"epoch": 30, "time_epoch": 2.31961, "eta": 137.05307, "eta_hours": 0.03807, "loss": 0.68320904, "lr": 0.00079389, "params": 6251, "time_iter": 0.06104, "accuracy": 0.58667, "precision": 0.57018, "recall": 0.83333, "f1": 0.67708, "auc": 0.55929}
{"epoch": 31, "time_epoch": 2.16922, "eta": 135.45554, "eta_hours": 0.03763, "loss": 0.68281235, "lr": 0.00078104, "params": 6251, "time_iter": 0.05708, "accuracy": 0.55333, "precision": 0.55789, "recall": 0.67949, "f1": 0.61272, "auc": 0.57924}
{"epoch": 32, "time_epoch": 2.28387, "eta": 134.05614, "eta_hours": 0.03724, "loss": 0.69916339, "lr": 0.00076791, "params": 6251, "time_iter": 0.0601, "accuracy": 0.48667, "precision": 0.50495, "recall": 0.65385, "f1": 0.56983, "auc": 0.47578}
{"epoch": 33, "time_epoch": 1.94281, "eta": 131.94265, "eta_hours": 0.03665, "loss": 0.68605852, "lr": 0.00075452, "params": 6251, "time_iter": 0.05113, "accuracy": 0.55333, "precision": 0.54955, "recall": 0.78205, "f1": 0.6455, "auc": 0.57425}
{"epoch": 34, "time_epoch": 1.99068, "eta": 129.92783, "eta_hours": 0.03609, "loss": 0.6918502, "lr": 0.00074088, "params": 6251, "time_iter": 0.05239, "accuracy": 0.56667, "precision": 0.55963, "recall": 0.78205, "f1": 0.65241, "auc": 0.52368}
{"epoch": 35, "time_epoch": 2.22884, "eta": 128.33773, "eta_hours": 0.03565, "loss": 0.68412855, "lr": 0.000727, "params": 6251, "time_iter": 0.05865, "accuracy": 0.56, "precision": 0.55357, "recall": 0.79487, "f1": 0.65263, "auc": 0.57692}
{"epoch": 36, "time_epoch": 2.21621, "eta": 126.69162, "eta_hours": 0.03519, "loss": 0.68109897, "lr": 0.00071289, "params": 6251, "time_iter": 0.05832, "accuracy": 0.54, "precision": 0.53982, "recall": 0.78205, "f1": 0.63874, "auc": 0.59776}
{"epoch": 37, "time_epoch": 2.14327, "eta": 124.89649, "eta_hours": 0.03469, "loss": 0.6713551, "lr": 0.00069857, "params": 6251, "time_iter": 0.0564, "accuracy": 0.56667, "precision": 0.55752, "recall": 0.80769, "f1": 0.65969, "auc": 0.63337}
{"epoch": 38, "time_epoch": 2.16821, "eta": 123.1225, "eta_hours": 0.0342, "loss": 0.69051854, "lr": 0.00068406, "params": 6251, "time_iter": 0.05706, "accuracy": 0.52667, "precision": 0.53535, "recall": 0.67949, "f1": 0.59887, "auc": 0.53294}
{"epoch": 39, "time_epoch": 2.29786, "eta": 121.52329, "eta_hours": 0.03376, "loss": 0.68468218, "lr": 0.00066937, "params": 6251, "time_iter": 0.06047, "accuracy": 0.56, "precision": 0.55357, "recall": 0.79487, "f1": 0.65263, "auc": 0.55805}
{"epoch": 40, "time_epoch": 2.54719, "eta": 120.24879, "eta_hours": 0.0334, "loss": 0.68392399, "lr": 0.00065451, "params": 6251, "time_iter": 0.06703, "accuracy": 0.56667, "precision": 0.56566, "recall": 0.71795, "f1": 0.63277, "auc": 0.56838}
{"epoch": 41, "time_epoch": 2.20448, "eta": 118.44041, "eta_hours": 0.0329, "loss": 0.67454638, "lr": 0.0006395, "params": 6251, "time_iter": 0.05801, "accuracy": 0.56667, "precision": 0.56436, "recall": 0.73077, "f1": 0.63687, "auc": 0.59152}
{"epoch": 42, "time_epoch": 1.96375, "eta": 116.29451, "eta_hours": 0.0323, "loss": 0.67461771, "lr": 0.00062434, "params": 6251, "time_iter": 0.05168, "accuracy": 0.60667, "precision": 0.58879, "recall": 0.80769, "f1": 0.68108, "auc": 0.58957}
{"epoch": 43, "time_epoch": 2.00863, "eta": 114.21401, "eta_hours": 0.03173, "loss": 0.67589374, "lr": 0.00060907, "params": 6251, "time_iter": 0.05286, "accuracy": 0.56, "precision": 0.56, "recall": 0.71795, "f1": 0.62921, "auc": 0.60969}
{"epoch": 44, "time_epoch": 2.89181, "eta": 113.21614, "eta_hours": 0.03145, "loss": 0.67246188, "lr": 0.00059369, "params": 6251, "time_iter": 0.0761, "accuracy": 0.57333, "precision": 0.56863, "recall": 0.74359, "f1": 0.64444, "auc": 0.6136}
{"epoch": 45, "time_epoch": 2.88928, "eta": 112.13295, "eta_hours": 0.03115, "loss": 0.67941964, "lr": 0.00057822, "params": 6251, "time_iter": 0.07603, "accuracy": 0.55333, "precision": 0.55914, "recall": 0.66667, "f1": 0.60819, "auc": 0.59152}
{"epoch": 46, "time_epoch": 2.91022, "eta": 110.99653, "eta_hours": 0.03083, "loss": 0.68617163, "lr": 0.00056267, "params": 6251, "time_iter": 0.07658, "accuracy": 0.57333, "precision": 0.57143, "recall": 0.71795, "f1": 0.63636, "auc": 0.57194}
{"epoch": 47, "time_epoch": 3.77942, "eta": 110.72783, "eta_hours": 0.03076, "loss": 0.67911984, "lr": 0.00054705, "params": 6251, "time_iter": 0.09946, "accuracy": 0.59333, "precision": 0.58416, "recall": 0.75641, "f1": 0.65922, "auc": 0.58832}
{"epoch": 48, "time_epoch": 4.0023, "eta": 110.54781, "eta_hours": 0.03071, "loss": 0.70014133, "lr": 0.0005314, "params": 6251, "time_iter": 0.10532, "accuracy": 0.51333, "precision": 0.52632, "recall": 0.64103, "f1": 0.57803, "auc": 0.4886}
{"epoch": 49, "time_epoch": 2.75962, "eta": 108.97223, "eta_hours": 0.03027, "loss": 0.69407509, "lr": 0.00051571, "params": 6251, "time_iter": 0.07262, "accuracy": 0.54, "precision": 0.54545, "recall": 0.69231, "f1": 0.61017, "auc": 0.53027}
{"epoch": 50, "time_epoch": 2.4335, "eta": 107.03687, "eta_hours": 0.02973, "loss": 0.70325598, "lr": 0.0005, "params": 6251, "time_iter": 0.06404, "accuracy": 0.48, "precision": 0.5, "recall": 0.62821, "f1": 0.55682, "auc": 0.48059}
{"epoch": 51, "time_epoch": 2.23203, "eta": 104.89639, "eta_hours": 0.02914, "loss": 0.68073292, "lr": 0.00048429, "params": 6251, "time_iter": 0.05874, "accuracy": 0.54667, "precision": 0.54902, "recall": 0.71795, "f1": 0.62222, "auc": 0.57835}
{"epoch": 52, "time_epoch": 2.26993, "eta": 102.78607, "eta_hours": 0.02855, "loss": 0.67723546, "lr": 0.0004686, "params": 6251, "time_iter": 0.05974, "accuracy": 0.6, "precision": 0.58824, "recall": 0.76923, "f1": 0.66667, "auc": 0.58511}
{"epoch": 53, "time_epoch": 2.28884, "eta": 100.68594, "eta_hours": 0.02797, "loss": 0.68596901, "lr": 0.00045295, "params": 6251, "time_iter": 0.06023, "accuracy": 0.61333, "precision": 0.58772, "recall": 0.85897, "f1": 0.69792, "auc": 0.53793}
{"epoch": 54, "time_epoch": 2.22505, "eta": 98.52676, "eta_hours": 0.02737, "loss": 0.68988844, "lr": 0.00043733, "params": 6251, "time_iter": 0.05855, "accuracy": 0.53333, "precision": 0.53774, "recall": 0.73077, "f1": 0.61957, "auc": 0.51371}
{"epoch": 55, "time_epoch": 2.2819, "eta": 96.40989, "eta_hours": 0.02678, "loss": 0.67271432, "lr": 0.00042178, "params": 6251, "time_iter": 0.06005, "accuracy": 0.57333, "precision": 0.56731, "recall": 0.75641, "f1": 0.64835, "auc": 0.60737}
{"epoch": 56, "time_epoch": 2.21028, "eta": 94.23319, "eta_hours": 0.02618, "loss": 0.67536419, "lr": 0.00040631, "params": 6251, "time_iter": 0.05817, "accuracy": 0.53333, "precision": 0.53846, "recall": 0.71795, "f1": 0.61538, "auc": 0.60025}
{"epoch": 57, "time_epoch": 2.13982, "eta": 92.00432, "eta_hours": 0.02556, "loss": 0.68071013, "lr": 0.00039093, "params": 6251, "time_iter": 0.05631, "accuracy": 0.54667, "precision": 0.55, "recall": 0.70513, "f1": 0.61798, "auc": 0.5885}
{"epoch": 58, "time_epoch": 1.92786, "eta": 89.63118, "eta_hours": 0.0249, "loss": 0.68241305, "lr": 0.00037566, "params": 6251, "time_iter": 0.05073, "accuracy": 0.58667, "precision": 0.58333, "recall": 0.71795, "f1": 0.64368, "auc": 0.56001}
{"epoch": 59, "time_epoch": 2.07408, "eta": 87.37035, "eta_hours": 0.02427, "loss": 0.68004674, "lr": 0.0003605, "params": 6251, "time_iter": 0.05458, "accuracy": 0.53333, "precision": 0.54255, "recall": 0.65385, "f1": 0.59302, "auc": 0.59063}
{"epoch": 60, "time_epoch": 2.03057, "eta": 85.08784, "eta_hours": 0.02364, "loss": 0.6923273, "lr": 0.00034549, "params": 6251, "time_iter": 0.05344, "accuracy": 0.53333, "precision": 0.54, "recall": 0.69231, "f1": 0.60674, "auc": 0.52902}
{"epoch": 61, "time_epoch": 1.99706, "eta": 82.79291, "eta_hours": 0.023, "loss": 0.6729409, "lr": 0.00033063, "params": 6251, "time_iter": 0.05255, "accuracy": 0.61333, "precision": 0.60204, "recall": 0.75641, "f1": 0.67045, "auc": 0.61449}
{"epoch": 62, "time_epoch": 2.07447, "eta": 80.55289, "eta_hours": 0.02238, "loss": 0.68719858, "lr": 0.00031594, "params": 6251, "time_iter": 0.05459, "accuracy": 0.54667, "precision": 0.55, "recall": 0.70513, "f1": 0.61798, "auc": 0.52564}
{"epoch": 63, "time_epoch": 2.37936, "eta": 78.48956, "eta_hours": 0.0218, "loss": 0.67166317, "lr": 0.00030143, "params": 6251, "time_iter": 0.06261, "accuracy": 0.63333, "precision": 0.61165, "recall": 0.80769, "f1": 0.69613, "auc": 0.62411}
{"epoch": 64, "time_epoch": 2.3557, "eta": 76.40376, "eta_hours": 0.02122, "loss": 0.69014081, "lr": 0.00028711, "params": 6251, "time_iter": 0.06199, "accuracy": 0.53333, "precision": 0.53922, "recall": 0.70513, "f1": 0.61111, "auc": 0.54932}
{"epoch": 65, "time_epoch": 2.36104, "eta": 74.31253, "eta_hours": 0.02064, "loss": 0.69827486, "lr": 0.000273, "params": 6251, "time_iter": 0.06213, "accuracy": 0.49333, "precision": 0.51042, "recall": 0.62821, "f1": 0.56322, "auc": 0.48843}
{"epoch": 66, "time_epoch": 2.10144, "eta": 72.08539, "eta_hours": 0.02002, "loss": 0.68902282, "lr": 0.00025912, "params": 6251, "time_iter": 0.0553, "accuracy": 0.50667, "precision": 0.51961, "recall": 0.67949, "f1": 0.58889, "auc": 0.52849}
{"epoch": 67, "time_epoch": 2.56016, "eta": 70.07781, "eta_hours": 0.01947, "loss": 0.68946087, "lr": 0.00024548, "params": 6251, "time_iter": 0.06737, "accuracy": 0.54, "precision": 0.54286, "recall": 0.73077, "f1": 0.62295, "auc": 0.5203}
{"epoch": 68, "time_epoch": 2.18779, "eta": 67.88691, "eta_hours": 0.01886, "loss": 0.69295407, "lr": 0.00023209, "params": 6251, "time_iter": 0.05757, "accuracy": 0.51333, "precision": 0.52427, "recall": 0.69231, "f1": 0.59669, "auc": 0.51478}
{"epoch": 69, "time_epoch": 2.133, "eta": 65.67263, "eta_hours": 0.01824, "loss": 0.6822417, "lr": 0.00021896, "params": 6251, "time_iter": 0.05613, "accuracy": 0.58667, "precision": 0.57547, "recall": 0.78205, "f1": 0.66304, "auc": 0.57372}
{"epoch": 70, "time_epoch": 2.03216, "eta": 63.41944, "eta_hours": 0.01762, "loss": 0.68334577, "lr": 0.00020611, "params": 6251, "time_iter": 0.05348, "accuracy": 0.58667, "precision": 0.57692, "recall": 0.76923, "f1": 0.65934, "auc": 0.55876}
{"epoch": 71, "time_epoch": 2.01454, "eta": 61.16554, "eta_hours": 0.01699, "loss": 0.69634758, "lr": 0.00019355, "params": 6251, "time_iter": 0.05301, "accuracy": 0.56667, "precision": 0.56311, "recall": 0.74359, "f1": 0.64088, "auc": 0.50997}
{"epoch": 72, "time_epoch": 1.9869, "eta": 58.90798, "eta_hours": 0.01636, "loss": 0.67572273, "lr": 0.00018129, "params": 6251, "time_iter": 0.05229, "accuracy": 0.6, "precision": 0.58036, "recall": 0.83333, "f1": 0.68421, "auc": 0.6015}
{"epoch": 73, "time_epoch": 2.03493, "eta": 56.67461, "eta_hours": 0.01574, "loss": 0.69972384, "lr": 0.00016934, "params": 6251, "time_iter": 0.05355, "accuracy": 0.5, "precision": 0.51456, "recall": 0.67949, "f1": 0.58564, "auc": 0.48985}
{"epoch": 74, "time_epoch": 2.01062, "eta": 54.43843, "eta_hours": 0.01512, "loss": 0.67306917, "lr": 0.00015773, "params": 6251, "time_iter": 0.05291, "accuracy": 0.56667, "precision": 0.56311, "recall": 0.74359, "f1": 0.64088, "auc": 0.61823}
{"epoch": 75, "time_epoch": 2.01454, "eta": 52.20942, "eta_hours": 0.0145, "loss": 0.69221141, "lr": 0.00014645, "params": 6251, "time_iter": 0.05301, "accuracy": 0.49333, "precision": 0.5098, "recall": 0.66667, "f1": 0.57778, "auc": 0.50071}
{"epoch": 76, "time_epoch": 2.02193, "eta": 49.98818, "eta_hours": 0.01389, "loss": 0.67472331, "lr": 0.00013552, "params": 6251, "time_iter": 0.05321, "accuracy": 0.58667, "precision": 0.57692, "recall": 0.76923, "f1": 0.65934, "auc": 0.62233}
{"epoch": 77, "time_epoch": 2.00065, "eta": 47.76606, "eta_hours": 0.01327, "loss": 0.67109452, "lr": 0.00012494, "params": 6251, "time_iter": 0.05265, "accuracy": 0.62, "precision": 0.60606, "recall": 0.76923, "f1": 0.67797, "auc": 0.62286}
{"epoch": 78, "time_epoch": 2.04673, "eta": 45.56179, "eta_hours": 0.01266, "loss": 0.69374749, "lr": 0.00011474, "params": 6251, "time_iter": 0.05386, "accuracy": 0.50667, "precision": 0.52, "recall": 0.66667, "f1": 0.58427, "auc": 0.50766}
{"epoch": 79, "time_epoch": 2.02664, "eta": 43.35644, "eta_hours": 0.01204, "loss": 0.68407027, "lr": 0.00010492, "params": 6251, "time_iter": 0.05333, "accuracy": 0.54667, "precision": 0.54717, "recall": 0.74359, "f1": 0.63043, "auc": 0.57318}
{"epoch": 80, "time_epoch": 2.02081, "eta": 41.15414, "eta_hours": 0.01143, "loss": 0.67969752, "lr": 9.549e-05, "params": 6251, "time_iter": 0.05318, "accuracy": 0.54667, "precision": 0.5463, "recall": 0.75641, "f1": 0.63441, "auc": 0.56481}
{"epoch": 81, "time_epoch": 2.0632, "eta": 38.96556, "eta_hours": 0.01082, "loss": 0.69289572, "lr": 8.646e-05, "params": 6251, "time_iter": 0.05429, "accuracy": 0.53333, "precision": 0.53846, "recall": 0.71795, "f1": 0.61538, "auc": 0.51674}
{"epoch": 82, "time_epoch": 2.0232, "eta": 36.77181, "eta_hours": 0.01021, "loss": 0.69247206, "lr": 7.784e-05, "params": 6251, "time_iter": 0.05324, "accuracy": 0.55333, "precision": 0.55238, "recall": 0.74359, "f1": 0.63388, "auc": 0.51834}
{"epoch": 83, "time_epoch": 2.02306, "eta": 34.5821, "eta_hours": 0.00961, "loss": 0.69094244, "lr": 6.963e-05, "params": 6251, "time_iter": 0.05324, "accuracy": 0.51333, "precision": 0.52475, "recall": 0.67949, "f1": 0.59218, "auc": 0.51852}
{"epoch": 84, "time_epoch": 2.03257, "eta": 32.39799, "eta_hours": 0.009, "loss": 0.69083744, "lr": 6.185e-05, "params": 6251, "time_iter": 0.05349, "accuracy": 0.51333, "precision": 0.52525, "recall": 0.66667, "f1": 0.58757, "auc": 0.50712}
{"epoch": 85, "time_epoch": 2.02908, "eta": 30.21683, "eta_hours": 0.00839, "loss": 0.69063727, "lr": 5.45e-05, "params": 6251, "time_iter": 0.0534, "accuracy": 0.5, "precision": 0.51402, "recall": 0.70513, "f1": 0.59459, "auc": 0.54184}
{"epoch": 86, "time_epoch": 2.03692, "eta": 28.04034, "eta_hours": 0.00779, "loss": 0.67823709, "lr": 4.759e-05, "params": 6251, "time_iter": 0.0536, "accuracy": 0.58, "precision": 0.57282, "recall": 0.75641, "f1": 0.65193, "auc": 0.58672}
{"epoch": 87, "time_epoch": 2.02858, "eta": 25.86589, "eta_hours": 0.00718, "loss": 0.68586129, "lr": 4.112e-05, "params": 6251, "time_iter": 0.05338, "accuracy": 0.54667, "precision": 0.54717, "recall": 0.74359, "f1": 0.63043, "auc": 0.5463}
{"epoch": 88, "time_epoch": 2.03656, "eta": 23.6957, "eta_hours": 0.00658, "loss": 0.69642312, "lr": 3.511e-05, "params": 6251, "time_iter": 0.05359, "accuracy": 0.56, "precision": 0.55769, "recall": 0.74359, "f1": 0.63736, "auc": 0.51549}
{"epoch": 89, "time_epoch": 2.01053, "eta": 21.52559, "eta_hours": 0.00598, "loss": 0.68057463, "lr": 2.956e-05, "params": 6251, "time_iter": 0.05291, "accuracy": 0.54667, "precision": 0.54808, "recall": 0.73077, "f1": 0.62637, "auc": 0.57407}
{"epoch": 90, "time_epoch": 1.99367, "eta": 19.35731, "eta_hours": 0.00538, "loss": 0.68860302, "lr": 2.447e-05, "params": 6251, "time_iter": 0.05247, "accuracy": 0.53333, "precision": 0.53846, "recall": 0.71795, "f1": 0.61538, "auc": 0.53597}
{"epoch": 91, "time_epoch": 1.99965, "eta": 17.19336, "eta_hours": 0.00478, "loss": 0.66990191, "lr": 1.985e-05, "params": 6251, "time_iter": 0.05262, "accuracy": 0.57333, "precision": 0.56863, "recall": 0.74359, "f1": 0.64444, "auc": 0.61289}
{"epoch": 92, "time_epoch": 2.01561, "eta": 15.03413, "eta_hours": 0.00418, "loss": 0.68393126, "lr": 1.571e-05, "params": 6251, "time_iter": 0.05304, "accuracy": 0.50667, "precision": 0.52041, "recall": 0.65385, "f1": 0.57955, "auc": 0.55716}
{"epoch": 93, "time_epoch": 2.01539, "eta": 12.87795, "eta_hours": 0.00358, "loss": 0.68296043, "lr": 1.204e-05, "params": 6251, "time_iter": 0.05304, "accuracy": 0.58, "precision": 0.57009, "recall": 0.78205, "f1": 0.65946, "auc": 0.56268}
{"epoch": 94, "time_epoch": 2.02259, "eta": 10.72512, "eta_hours": 0.00298, "loss": 0.68127647, "lr": 8.86e-06, "params": 6251, "time_iter": 0.05323, "accuracy": 0.53333, "precision": 0.54167, "recall": 0.66667, "f1": 0.5977, "auc": 0.56784}
{"epoch": 95, "time_epoch": 2.03672, "eta": 8.57558, "eta_hours": 0.00238, "loss": 0.68032914, "lr": 6.16e-06, "params": 6251, "time_iter": 0.0536, "accuracy": 0.57333, "precision": 0.56481, "recall": 0.78205, "f1": 0.65591, "auc": 0.57247}
{"epoch": 96, "time_epoch": 2.24586, "eta": 6.43484, "eta_hours": 0.00179, "loss": 0.66621504, "lr": 3.94e-06, "params": 6251, "time_iter": 0.0591, "accuracy": 0.60667, "precision": 0.59223, "recall": 0.78205, "f1": 0.67403, "auc": 0.66934}
{"epoch": 97, "time_epoch": 2.82645, "eta": 4.3038, "eta_hours": 0.0012, "loss": 0.67602708, "lr": 2.22e-06, "params": 6251, "time_iter": 0.07438, "accuracy": 0.58, "precision": 0.57576, "recall": 0.73077, "f1": 0.64407, "auc": 0.60417}
{"epoch": 98, "time_epoch": 2.00217, "eta": 2.15039, "eta_hours": 0.0006, "loss": 0.6796493, "lr": 9.9e-07, "params": 6251, "time_iter": 0.05269, "accuracy": 0.56667, "precision": 0.56436, "recall": 0.73077, "f1": 0.63687, "auc": 0.59936}
{"epoch": 99, "time_epoch": 1.91932, "eta": 0.0, "eta_hours": 0.0, "loss": 0.6893757, "lr": 2.5e-07, "params": 6251, "time_iter": 0.05051, "accuracy": 0.53333, "precision": 0.53774, "recall": 0.73077, "f1": 0.61957, "auc": 0.53027}
