{"epoch": 0, "time_epoch": 0.04247, "time_epoch_std": 0.01121, "eta": 3.71286, "eta_std": 1.62913, "eta_hours": 0.00103, "eta_hours_std": 0.00045, "loss": 0.69299, "loss_std": 0.00041, "lr": 0.00086, "lr_std": 0.00021, "params": 6465.0, "params_std": 0.0, "time_iter": 0.01416, "time_iter_std": 0.00374, "accuracy": 0.5, "accuracy_std": 0.03765, "accuracy_max": 0.54762, "precision": 0.35042, "precision_std": 0.20587, "recall": 0.325, "recall_std": 0.19526, "f1": 0.33512, "f1_std": 0.19686, "auc": 0.46591, "auc_std": 0.06384}
