{"epoch": 0, "time_epoch": 0.05055, "time_epoch_std": 0.00441, "eta": 5.00422, "eta_std": 0.43675, "eta_hours": 0.00139, "eta_hours_std": 0.00012, "loss": 0.70797, "loss_std": 0.02077, "lr": 0.001, "lr_std": 0.0, "params": 6465.0, "params_std": 0.0, "time_iter": 0.01685, "time_iter_std": 0.00147, "accuracy": 0.48809, "accuracy_std": 0.02062, "accuracy_max": 0.52381, "precision": 0.34747, "precision_std": 0.20123, "recall": 0.5875, "recall_std": 0.43066, "f1": 0.4198, "f1_std": 0.26399, "auc": 0.41591, "auc_std": 0.02699}
{"epoch": 1, "time_epoch": 0.03258, "time_epoch_std": 0.00183, "eta": 4.07312, "eta_std": 0.2724, "eta_hours": 0.00113, "eta_hours_std": 7e-05, "loss": 0.70666, "loss_std": 0.0187, "lr": 0.001, "lr_std": 0.0, "params": 6465.0, "params_std": 0.0, "time_iter": 0.01086, "time_iter_std": 0.00061, "accuracy": 0.5, "accuracy_std": 0.02381, "accuracy_max": 0.52381, "precision": 0.2381, "precision_std": 0.2381, "recall": 0.5, "recall_std": 0.5, "f1": 0.32258, "f1_std": 0.32258, "auc": 0.43011, "auc_std": 0.07271}
{"epoch": 2, "time_epoch": 0.03241, "time_epoch_std": 0.001, "eta": 3.73547, "eta_std": 0.19729, "eta_hours": 0.00103, "eta_hours_std": 5e-05, "loss": 0.70513, "loss_std": 0.01784, "lr": 0.001, "lr_std": 0.0, "params": 6465.0, "params_std": 0.0, "time_iter": 0.0108, "time_iter_std": 0.00033, "accuracy": 0.5, "accuracy_std": 0.02381, "accuracy_max": 0.52381, "precision": 0.2381, "precision_std": 0.2381, "recall": 0.5, "recall_std": 0.5, "f1": 0.32258, "f1_std": 0.32258, "auc": 0.44602, "auc_std": 0.04114}
{"epoch": 3, "time_epoch": 0.03312, "time_epoch_std": 0.00154, "eta": 3.56743, "eta_std": 0.13717, "eta_hours": 0.00099, "eta_hours_std": 4e-05, "loss": 0.70421, "loss_std": 0.01649, "lr": 0.001, "lr_std": 0.0, "params": 6465.0, "params_std": 0.0, "time_iter": 0.01104, "time_iter_std": 0.00051, "accuracy": 0.5, "accuracy_std": 0.02381, "accuracy_max": 0.52381, "precision": 0.2381, "precision_std": 0.2381, "recall": 0.5, "recall_std": 0.5, "f1": 0.32258, "f1_std": 0.32258, "auc": 0.46989, "auc_std": 0.13789}
{"epoch": 4, "time_epoch": 0.03393, "time_epoch_std": 0.00264, "eta": 3.46894, "eta_std": 0.108, "eta_hours": 0.00096, "eta_hours_std": 3e-05, "loss": 0.70313, "loss_std": 0.01601, "lr": 0.001, "lr_std": 0.0, "params": 6465.0, "params_std": 0.0, "time_iter": 0.01131, "time_iter_std": 0.00088, "accuracy": 0.5, "accuracy_std": 0.02381, "accuracy_max": 0.52381, "precision": 0.2381, "precision_std": 0.2381, "recall": 0.5, "recall_std": 0.5, "f1": 0.32258, "f1_std": 0.32258, "auc": 0.51591, "auc_std": 0.10314}
{"epoch": 5, "time_epoch": 0.03284, "time_epoch_std": 0.00109, "eta": 3.37476, "eta_std": 0.09507, "eta_hours": 0.00094, "eta_hours_std": 3e-05, "loss": 0.70233, "loss_std": 0.01453, "lr": 0.00099, "lr_std": 0.0, "params": 6465.0, "params_std": 0.0, "time_iter": 0.01094, "time_iter_std": 0.00036, "accuracy": 0.5, "accuracy_std": 0.02381, "accuracy_max": 0.52381, "precision": 0.2381, "precision_std": 0.2381, "recall": 0.5, "recall_std": 0.5, "f1": 0.32258, "f1_std": 0.32258, "auc": 0.47443, "auc_std": 0.10018}
{"epoch": 6, "time_epoch": 0.03273, "time_epoch_std": 0.00158, "eta": 3.29672, "eta_std": 0.08516, "eta_hours": 0.00092, "eta_hours_std": 2e-05, "loss": 0.7016, "loss_std": 0.01358, "lr": 0.00099, "lr_std": 0.0, "params": 6465.0, "params_std": 0.0, "time_iter": 0.01091, "time_iter_std": 0.00052, "accuracy": 0.5, "accuracy_std": 0.02381, "accuracy_max": 0.52381, "precision": 0.2381, "precision_std": 0.2381, "recall": 0.5, "recall_std": 0.5, "f1": 0.32258, "f1_std": 0.32258, "auc": 0.44773, "auc_std": 0.11639}
{"epoch": 7, "time_epoch": 0.03169, "time_epoch_std": 0.00095, "eta": 3.21808, "eta_std": 0.0712, "eta_hours": 0.0009, "eta_hours_std": 2e-05, "loss": 0.70091, "loss_std": 0.01306, "lr": 0.00099, "lr_std": 0.0, "params": 6465.0, "params_std": 0.0, "time_iter": 0.01056, "time_iter_std": 0.00032, "accuracy": 0.5, "accuracy_std": 0.02381, "accuracy_max": 0.52381, "precision": 0.2381, "precision_std": 0.2381, "recall": 0.5, "recall_std": 0.5, "f1": 0.32258, "f1_std": 0.32258, "auc": 0.43864, "auc_std": 0.05433}
{"epoch": 8, "time_epoch": 0.03357, "time_epoch_std": 0.00259, "eta": 3.16883, "eta_std": 0.07802, "eta_hours": 0.00088, "eta_hours_std": 2e-05, "loss": 0.70035, "loss_std": 0.01218, "lr": 0.00098, "lr_std": 0.0, "params": 6465.0, "params_std": 0.0, "time_iter": 0.01119, "time_iter_std": 0.00087, "accuracy": 0.5, "accuracy_std": 0.02381, "accuracy_max": 0.52381, "precision": 0.2381, "precision_std": 0.2381, "recall": 0.5, "recall_std": 0.5, "f1": 0.32258, "f1_std": 0.32258, "auc": 0.43012, "auc_std": 0.09074}
{"epoch": 9, "time_epoch": 0.03198, "time_epoch_std": 0.00074, "eta": 3.10845, "eta_std": 0.06973, "eta_hours": 0.00086, "eta_hours_std": 2e-05, "loss": 0.6995, "loss_std": 0.01095, "lr": 0.00098, "lr_std": 0.0, "params": 6465.0, "params_std": 0.0, "time_iter": 0.01066, "time_iter_std": 0.00024, "accuracy": 0.5, "accuracy_std": 0.02381, "accuracy_max": 0.52381, "precision": 0.2381, "precision_std": 0.2381, "recall": 0.5, "recall_std": 0.5, "f1": 0.32258, "f1_std": 0.32258, "auc": 0.46477, "auc_std": 0.06685}
{"epoch": 10, "time_epoch": 0.03362, "time_epoch_std": 0.0021, "eta": 3.06645, "eta_std": 0.07665, "eta_hours": 0.00085, "eta_hours_std": 2e-05, "loss": 0.69879, "loss_std": 0.01022, "lr": 0.00098, "lr_std": 0.0, "params": 6465.0, "params_std": 0.0, "time_iter": 0.0112, "time_iter_std": 0.0007, "accuracy": 0.5, "accuracy_std": 0.02381, "accuracy_max": 0.52381, "precision": 0.2381, "precision_std": 0.2381, "recall": 0.5, "recall_std": 0.5, "f1": 0.32258, "f1_std": 0.32258, "auc": 0.54886, "auc_std": 0.08734}
{"epoch": 11, "time_epoch": 0.03285, "time_epoch_std": 0.00161, "eta": 3.02023, "eta_std": 0.07867, "eta_hours": 0.00084, "eta_hours_std": 2e-05, "loss": 0.69838, "loss_std": 0.00925, "lr": 0.00097, "lr_std": 0.0, "params": 6465.0, "params_std": 0.0, "time_iter": 0.01095, "time_iter_std": 0.00054, "accuracy": 0.5, "accuracy_std": 0.02381, "accuracy_max": 0.52381, "precision": 0.2381, "precision_std": 0.2381, "recall": 0.5, "recall_std": 0.5, "f1": 0.32258, "f1_std": 0.32258, "auc": 0.45568, "auc_std": 0.06879}
{"epoch": 12, "time_epoch": 0.03234, "time_epoch_std": 0.00062, "eta": 2.97267, "eta_std": 0.07505, "eta_hours": 0.00082, "eta_hours_std": 2e-05, "loss": 0.69788, "loss_std": 0.00863, "lr": 0.00096, "lr_std": 0.0, "params": 6465.0, "params_std": 0.0, "time_iter": 0.01078, "time_iter_std": 0.00021, "accuracy": 0.5, "accuracy_std": 0.02381, "accuracy_max": 0.52381, "precision": 0.2381, "precision_std": 0.2381, "recall": 0.5, "recall_std": 0.5, "f1": 0.32258, "f1_std": 0.32258, "auc": 0.42159, "auc_std": 0.1094}
{"epoch": 13, "time_epoch": 0.03225, "time_epoch_std": 0.00057, "eta": 2.92672, "eta_std": 0.07215, "eta_hours": 0.00081, "eta_hours_std": 2e-05, "loss": 0.69737, "loss_std": 0.00791, "lr": 0.00096, "lr_std": 0.0, "params": 6465.0, "params_std": 0.0, "time_iter": 0.01075, "time_iter_std": 0.00019, "accuracy": 0.5, "accuracy_std": 0.02381, "accuracy_max": 0.52381, "precision": 0.2381, "precision_std": 0.2381, "recall": 0.5, "recall_std": 0.5, "f1": 0.32258, "f1_std": 0.32258, "auc": 0.45199, "auc_std": 0.13062}
{"epoch": 14, "time_epoch": 0.03181, "time_epoch_std": 0.00106, "eta": 2.8801, "eta_std": 0.06937, "eta_hours": 0.0008, "eta_hours_std": 2e-05, "loss": 0.6969, "loss_std": 0.00722, "lr": 0.00095, "lr_std": 0.0, "params": 6465.0, "params_std": 0.0, "time_iter": 0.0106, "time_iter_std": 0.00035, "accuracy": 0.5, "accuracy_std": 0.02381, "accuracy_max": 0.52381, "precision": 0.2381, "precision_std": 0.2381, "recall": 0.5, "recall_std": 0.5, "f1": 0.32258, "f1_std": 0.32258, "auc": 0.44631, "auc_std": 0.07883}
{"epoch": 15, "time_epoch": 0.03205, "time_epoch_std": 0.00038, "eta": 2.83657, "eta_std": 0.06565, "eta_hours": 0.00078, "eta_hours_std": 2e-05, "loss": 0.69633, "loss_std": 0.00638, "lr": 0.00095, "lr_std": 0.0, "params": 6465.0, "params_std": 0.0, "time_iter": 0.01068, "time_iter_std": 0.00013, "accuracy": 0.5, "accuracy_std": 0.02381, "accuracy_max": 0.52381, "precision": 0.2381, "precision_std": 0.2381, "recall": 0.5, "recall_std": 0.5, "f1": 0.32258, "f1_std": 0.32258, "auc": 0.49148, "auc_std": 0.08536}
{"epoch": 16, "time_epoch": 0.03193, "time_epoch_std": 0.00037, "eta": 2.79383, "eta_std": 0.06241, "eta_hours": 0.00078, "eta_hours_std": 2e-05, "loss": 0.69609, "loss_std": 0.00608, "lr": 0.00094, "lr_std": 0.0, "params": 6465.0, "params_std": 0.0, "time_iter": 0.01064, "time_iter_std": 0.00013, "accuracy": 0.51786, "accuracy_std": 0.02595, "accuracy_max": 0.54762, "precision": 0.2514, "precision_std": 0.2521, "recall": 0.3625, "recall_std": 0.41136, "f1": 0.28291, "f1_std": 0.28842, "auc": 0.45398, "auc_std": 0.0855}
{"epoch": 17, "time_epoch": 0.03334, "time_epoch_std": 0.00226, "eta": 2.75869, "eta_std": 0.06746, "eta_hours": 0.00076, "eta_hours_std": 2e-05, "loss": 0.69577, "loss_std": 0.00529, "lr": 0.00093, "lr_std": 0.0, "params": 6465.0, "params_std": 0.0, "time_iter": 0.01111, "time_iter_std": 0.00075, "accuracy": 0.51191, "accuracy_std": 0.02062, "accuracy_max": 0.52381, "precision": 0.11905, "precision_std": 0.2062, "recall": 0.25, "recall_std": 0.43301, "f1": 0.16129, "f1_std": 0.27936, "auc": 0.39375, "auc_std": 0.10337}
{"epoch": 18, "time_epoch": 0.03344, "time_epoch_std": 0.00311, "eta": 2.72418, "eta_std": 0.07533, "eta_hours": 0.00076, "eta_hours_std": 2e-05, "loss": 0.69526, "loss_std": 0.00508, "lr": 0.00092, "lr_std": 0.0, "params": 6465.0, "params_std": 0.0, "time_iter": 0.01115, "time_iter_std": 0.00104, "accuracy": 0.51191, "accuracy_std": 0.02062, "accuracy_max": 0.52381, "precision": 0.11905, "precision_std": 0.2062, "recall": 0.25, "recall_std": 0.43301, "f1": 0.16129, "f1_std": 0.27936, "auc": 0.52216, "auc_std": 0.05692}
{"epoch": 19, "time_epoch": 0.03238, "time_epoch_std": 0.00066, "eta": 2.68556, "eta_std": 0.07329, "eta_hours": 0.00075, "eta_hours_std": 2e-05, "loss": 0.69494, "loss_std": 0.00452, "lr": 0.00091, "lr_std": 0.0, "params": 6465.0, "params_std": 0.0, "time_iter": 0.0108, "time_iter_std": 0.00022, "accuracy": 0.51191, "accuracy_std": 0.02062, "accuracy_max": 0.52381, "precision": 0.11905, "precision_std": 0.2062, "recall": 0.25, "recall_std": 0.43301, "f1": 0.16129, "f1_std": 0.27936, "auc": 0.49886, "auc_std": 0.04931}
{"epoch": 20, "time_epoch": 0.03213, "time_epoch_std": 0.00077, "eta": 2.6466, "eta_std": 0.06957, "eta_hours": 0.00074, "eta_hours_std": 2e-05, "loss": 0.69491, "loss_std": 0.00436, "lr": 0.0009, "lr_std": 0.0, "params": 6465.0, "params_std": 0.0, "time_iter": 0.01071, "time_iter_std": 0.00026, "accuracy": 0.51191, "accuracy_std": 0.02062, "accuracy_max": 0.52381, "precision": 0.11905, "precision_std": 0.2062, "recall": 0.25, "recall_std": 0.43301, "f1": 0.16129, "f1_std": 0.27936, "auc": 0.43466, "auc_std": 0.03798}
{"epoch": 21, "time_epoch": 0.03228, "time_epoch_std": 0.00049, "eta": 2.60874, "eta_std": 0.06672, "eta_hours": 0.00072, "eta_hours_std": 2e-05, "loss": 0.69446, "loss_std": 0.00404, "lr": 0.0009, "lr_std": 0.0, "params": 6465.0, "params_std": 0.0, "time_iter": 0.01076, "time_iter_std": 0.00017, "accuracy": 0.51191, "accuracy_std": 0.02062, "accuracy_max": 0.52381, "precision": 0.11905, "precision_std": 0.2062, "recall": 0.25, "recall_std": 0.43301, "f1": 0.16129, "f1_std": 0.27936, "auc": 0.55454, "auc_std": 0.0829}
{"epoch": 22, "time_epoch": 0.03285, "time_epoch_std": 0.00251, "eta": 2.5733, "eta_std": 0.06412, "eta_hours": 0.00071, "eta_hours_std": 2e-05, "loss": 0.69434, "loss_std": 0.00374, "lr": 0.00089, "lr_std": 0.0, "params": 6465.0, "params_std": 0.0, "time_iter": 0.01095, "time_iter_std": 0.00084, "accuracy": 0.51191, "accuracy_std": 0.02062, "accuracy_max": 0.52381, "precision": 0.11905, "precision_std": 0.2062, "recall": 0.25, "recall_std": 0.43301, "f1": 0.16129, "f1_std": 0.27936, "auc": 0.52443, "auc_std": 0.06283}
{"epoch": 23, "time_epoch": 0.03254, "time_epoch_std": 0.00119, "eta": 2.53711, "eta_std": 0.06368, "eta_hours": 0.0007, "eta_hours_std": 2e-05, "loss": 0.69419, "loss_std": 0.00355, "lr": 0.00088, "lr_std": 0.0, "params": 6465.0, "params_std": 0.0, "time_iter": 0.01085, "time_iter_std": 0.0004, "accuracy": 0.51191, "accuracy_std": 0.02062, "accuracy_max": 0.52381, "precision": 0.11905, "precision_std": 0.2062, "recall": 0.25, "recall_std": 0.43301, "f1": 0.16129, "f1_std": 0.27936, "auc": 0.50284, "auc_std": 0.06236}
{"epoch": 24, "time_epoch": 0.03306, "time_epoch_std": 0.00173, "eta": 2.50275, "eta_std": 0.06495, "eta_hours": 0.0007, "eta_hours_std": 2e-05, "loss": 0.69403, "loss_std": 0.0032, "lr": 0.00086, "lr_std": 0.0, "params": 6465.0, "params_std": 0.0, "time_iter": 0.01102, "time_iter_std": 0.00058, "accuracy": 0.51191, "accuracy_std": 0.02062, "accuracy_max": 0.52381, "precision": 0.11905, "precision_std": 0.2062, "recall": 0.25, "recall_std": 0.43301, "f1": 0.16129, "f1_std": 0.27936, "auc": 0.48693, "auc_std": 0.02771}
{"epoch": 25, "time_epoch": 0.03228, "time_epoch_std": 0.00072, "eta": 2.46628, "eta_std": 0.06184, "eta_hours": 0.00068, "eta_hours_std": 2e-05, "loss": 0.69378, "loss_std": 0.00303, "lr": 0.00085, "lr_std": 0.0, "params": 6465.0, "params_std": 0.0, "time_iter": 0.01076, "time_iter_std": 0.00024, "accuracy": 0.51191, "accuracy_std": 0.02062, "accuracy_max": 0.52381, "precision": 0.11905, "precision_std": 0.2062, "recall": 0.25, "recall_std": 0.43301, "f1": 0.16129, "f1_std": 0.27936, "auc": 0.56165, "auc_std": 0.08396}
{"epoch": 26, "time_epoch": 0.03217, "time_epoch_std": 0.00049, "eta": 2.42981, "eta_std": 0.05873, "eta_hours": 0.00068, "eta_hours_std": 2e-05, "loss": 0.69367, "loss_std": 0.00272, "lr": 0.00084, "lr_std": 0.0, "params": 6465.0, "params_std": 0.0, "time_iter": 0.01072, "time_iter_std": 0.00016, "accuracy": 0.51191, "accuracy_std": 0.02062, "accuracy_max": 0.52381, "precision": 0.11905, "precision_std": 0.2062, "recall": 0.25, "recall_std": 0.43301, "f1": 0.16129, "f1_std": 0.27936, "auc": 0.55738, "auc_std": 0.04846}
{"epoch": 27, "time_epoch": 0.03226, "time_epoch_std": 0.00042, "eta": 2.3939, "eta_std": 0.05588, "eta_hours": 0.00066, "eta_hours_std": 2e-05, "loss": 0.69356, "loss_std": 0.00257, "lr": 0.00083, "lr_std": 0.0, "params": 6465.0, "params_std": 0.0, "time_iter": 0.01076, "time_iter_std": 0.00014, "accuracy": 0.51191, "accuracy_std": 0.02062, "accuracy_max": 0.52381, "precision": 0.11905, "precision_std": 0.2062, "recall": 0.25, "recall_std": 0.43301, "f1": 0.16129, "f1_std": 0.27936, "auc": 0.55341, "auc_std": 0.04364}
{"epoch": 28, "time_epoch": 0.03231, "time_epoch_std": 0.00031, "eta": 2.35835, "eta_std": 0.05353, "eta_hours": 0.00066, "eta_hours_std": 2e-05, "loss": 0.69346, "loss_std": 0.00238, "lr": 0.00082, "lr_std": 0.0, "params": 6465.0, "params_std": 0.0, "time_iter": 0.01077, "time_iter_std": 0.0001, "accuracy": 0.51191, "accuracy_std": 0.02062, "accuracy_max": 0.52381, "precision": 0.11905, "precision_std": 0.2062, "recall": 0.25, "recall_std": 0.43301, "f1": 0.16129, "f1_std": 0.27936, "auc": 0.52188, "auc_std": 0.10525}
{"epoch": 29, "time_epoch": 0.0327, "time_epoch_std": 0.00082, "eta": 2.32392, "eta_std": 0.05156, "eta_hours": 0.00064, "eta_hours_std": 2e-05, "loss": 0.69341, "loss_std": 0.00222, "lr": 0.00081, "lr_std": 0.0, "params": 6465.0, "params_std": 0.0, "time_iter": 0.0109, "time_iter_std": 0.00027, "accuracy": 0.51191, "accuracy_std": 0.02062, "accuracy_max": 0.52381, "precision": 0.11905, "precision_std": 0.2062, "recall": 0.25, "recall_std": 0.43301, "f1": 0.16129, "f1_std": 0.27936, "auc": 0.4321, "auc_std": 0.06827}
{"epoch": 30, "time_epoch": 0.03268, "time_epoch_std": 0.00084, "eta": 2.28956, "eta_std": 0.05012, "eta_hours": 0.00063, "eta_hours_std": 2e-05, "loss": 0.69332, "loss_std": 0.00193, "lr": 0.00079, "lr_std": 0.0, "params": 6465.0, "params_std": 0.0, "time_iter": 0.01089, "time_iter_std": 0.00028, "accuracy": 0.51191, "accuracy_std": 0.02062, "accuracy_max": 0.52381, "precision": 0.11905, "precision_std": 0.2062, "recall": 0.25, "recall_std": 0.43301, "f1": 0.16129, "f1_std": 0.27936, "auc": 0.42443, "auc_std": 0.08817}
{"epoch": 31, "time_epoch": 0.03251, "time_epoch_std": 0.00055, "eta": 2.25495, "eta_std": 0.04881, "eta_hours": 0.00063, "eta_hours_std": 1e-05, "loss": 0.69309, "loss_std": 0.00175, "lr": 0.00078, "lr_std": 0.0, "params": 6465.0, "params_std": 0.0, "time_iter": 0.01084, "time_iter_std": 0.00018, "accuracy": 0.51191, "accuracy_std": 0.02062, "accuracy_max": 0.52381, "precision": 0.11905, "precision_std": 0.2062, "recall": 0.25, "recall_std": 0.43301, "f1": 0.16129, "f1_std": 0.27936, "auc": 0.55909, "auc_std": 0.10639}
{"epoch": 32, "time_epoch": 0.0329, "time_epoch_std": 0.00074, "eta": 2.22126, "eta_std": 0.04744, "eta_hours": 0.00062, "eta_hours_std": 1e-05, "loss": 0.69311, "loss_std": 0.0016, "lr": 0.00077, "lr_std": 0.0, "params": 6465.0, "params_std": 0.0, "time_iter": 0.01096, "time_iter_std": 0.00025, "accuracy": 0.51191, "accuracy_std": 0.02062, "accuracy_max": 0.52381, "precision": 0.11905, "precision_std": 0.2062, "recall": 0.25, "recall_std": 0.43301, "f1": 0.16129, "f1_std": 0.27936, "auc": 0.47926, "auc_std": 0.08442}
{"epoch": 33, "time_epoch": 0.03188, "time_epoch_std": 0.00044, "eta": 2.18563, "eta_std": 0.045, "eta_hours": 0.00061, "eta_hours_std": 1e-05, "loss": 0.693, "loss_std": 0.00165, "lr": 0.00075, "lr_std": 0.0, "params": 6465.0, "params_std": 0.0, "time_iter": 0.01062, "time_iter_std": 0.00015, "accuracy": 0.51191, "accuracy_std": 0.02062, "accuracy_max": 0.52381, "precision": 0.11905, "precision_std": 0.2062, "recall": 0.25, "recall_std": 0.43301, "f1": 0.16129, "f1_std": 0.27936, "auc": 0.49261, "auc_std": 0.06029}
{"epoch": 34, "time_epoch": 0.032, "time_epoch_std": 0.0005, "eta": 2.15044, "eta_std": 0.04313, "eta_hours": 0.0006, "eta_hours_std": 1e-05, "loss": 0.69295, "loss_std": 0.00154, "lr": 0.00074, "lr_std": 0.0, "params": 6465.0, "params_std": 0.0, "time_iter": 0.01067, "time_iter_std": 0.00017, "accuracy": 0.51191, "accuracy_std": 0.02062, "accuracy_max": 0.52381, "precision": 0.11905, "precision_std": 0.2062, "recall": 0.25, "recall_std": 0.43301, "f1": 0.16129, "f1_std": 0.27936, "auc": 0.45909, "auc_std": 0.07599}
{"epoch": 35, "time_epoch": 0.03285, "time_epoch_std": 0.00236, "eta": 2.11695, "eta_std": 0.04224, "eta_hours": 0.00059, "eta_hours_std": 1e-05, "loss": 0.69292, "loss_std": 0.00123, "lr": 0.00073, "lr_std": 0.0, "params": 6465.0, "params_std": 0.0, "time_iter": 0.01095, "time_iter_std": 0.00079, "accuracy": 0.51191, "accuracy_std": 0.02062, "accuracy_max": 0.52381, "precision": 0.11905, "precision_std": 0.2062, "recall": 0.25, "recall_std": 0.43301, "f1": 0.16129, "f1_std": 0.27936, "auc": 0.49773, "auc_std": 0.11855}
{"epoch": 36, "time_epoch": 0.03145, "time_epoch_std": 0.00089, "eta": 2.0811, "eta_std": 0.04042, "eta_hours": 0.00058, "eta_hours_std": 1e-05, "loss": 0.69283, "loss_std": 0.00128, "lr": 0.00071, "lr_std": 0.0, "params": 6465.0, "params_std": 0.0, "time_iter": 0.01048, "time_iter_std": 0.0003, "accuracy": 0.51191, "accuracy_std": 0.02062, "accuracy_max": 0.52381, "precision": 0.11905, "precision_std": 0.2062, "recall": 0.25, "recall_std": 0.43301, "f1": 0.16129, "f1_std": 0.27936, "auc": 0.46733, "auc_std": 0.0706}
{"epoch": 37, "time_epoch": 0.03145, "time_epoch_std": 0.00076, "eta": 2.04548, "eta_std": 0.03873, "eta_hours": 0.00057, "eta_hours_std": 1e-05, "loss": 0.69278, "loss_std": 0.00107, "lr": 0.0007, "lr_std": 0.0, "params": 6465.0, "params_std": 0.0, "time_iter": 0.01048, "time_iter_std": 0.00025, "accuracy": 0.51191, "accuracy_std": 0.02062, "accuracy_max": 0.52381, "precision": 0.11905, "precision_std": 0.2062, "recall": 0.25, "recall_std": 0.43301, "f1": 0.16129, "f1_std": 0.27936, "auc": 0.4787, "auc_std": 0.10616}
{"epoch": 38, "time_epoch": 0.03162, "time_epoch_std": 0.00044, "eta": 2.01035, "eta_std": 0.03718, "eta_hours": 0.00056, "eta_hours_std": 1e-05, "loss": 0.69261, "loss_std": 0.00107, "lr": 0.00068, "lr_std": 0.0, "params": 6465.0, "params_std": 0.0, "time_iter": 0.01054, "time_iter_std": 0.00015, "accuracy": 0.51191, "accuracy_std": 0.02062, "accuracy_max": 0.52381, "precision": 0.11905, "precision_std": 0.2062, "recall": 0.25, "recall_std": 0.43301, "f1": 0.16129, "f1_std": 0.27936, "auc": 0.55511, "auc_std": 0.07975}
{"epoch": 39, "time_epoch": 0.03145, "time_epoch_std": 0.00041, "eta": 1.97513, "eta_std": 0.03513, "eta_hours": 0.00055, "eta_hours_std": 1e-05, "loss": 0.6926, "loss_std": 0.00101, "lr": 0.00067, "lr_std": 0.0, "params": 6465.0, "params_std": 0.0, "time_iter": 0.01048, "time_iter_std": 0.00014, "accuracy": 0.51191, "accuracy_std": 0.02062, "accuracy_max": 0.52381, "precision": 0.11905, "precision_std": 0.2062, "recall": 0.25, "recall_std": 0.43301, "f1": 0.16129, "f1_std": 0.27936, "auc": 0.54773, "auc_std": 0.04925}
{"epoch": 40, "time_epoch": 0.03213, "time_epoch_std": 0.00078, "eta": 1.94107, "eta_std": 0.03351, "eta_hours": 0.00054, "eta_hours_std": 1e-05, "loss": 0.6926, "loss_std": 0.00092, "lr": 0.00065, "lr_std": 0.0, "params": 6465.0, "params_std": 0.0, "time_iter": 0.01071, "time_iter_std": 0.00026, "accuracy": 0.51191, "accuracy_std": 0.02062, "accuracy_max": 0.52381, "precision": 0.11905, "precision_std": 0.2062, "recall": 0.25, "recall_std": 0.43301, "f1": 0.16129, "f1_std": 0.27936, "auc": 0.48409, "auc_std": 0.01853}
{"epoch": 41, "time_epoch": 0.03224, "time_epoch_std": 0.00058, "eta": 1.90726, "eta_std": 0.03169, "eta_hours": 0.00053, "eta_hours_std": 1e-05, "loss": 0.69255, "loss_std": 0.00087, "lr": 0.00064, "lr_std": 0.0, "params": 6465.0, "params_std": 0.0, "time_iter": 0.01075, "time_iter_std": 0.00019, "accuracy": 0.51191, "accuracy_std": 0.02062, "accuracy_max": 0.52381, "precision": 0.11905, "precision_std": 0.2062, "recall": 0.25, "recall_std": 0.43301, "f1": 0.16129, "f1_std": 0.27936, "auc": 0.4767, "auc_std": 0.08584}
{"epoch": 42, "time_epoch": 0.03237, "time_epoch_std": 0.00119, "eta": 1.87369, "eta_std": 0.03091, "eta_hours": 0.00052, "eta_hours_std": 1e-05, "loss": 0.69253, "loss_std": 0.0008, "lr": 0.00062, "lr_std": 0.0, "params": 6465.0, "params_std": 0.0, "time_iter": 0.01079, "time_iter_std": 0.0004, "accuracy": 0.51191, "accuracy_std": 0.02062, "accuracy_max": 0.52381, "precision": 0.11905, "precision_std": 0.2062, "recall": 0.25, "recall_std": 0.43301, "f1": 0.16129, "f1_std": 0.27936, "auc": 0.48693, "auc_std": 0.06741}
{"epoch": 43, "time_epoch": 0.03159, "time_epoch_std": 0.00053, "eta": 1.83918, "eta_std": 0.0294, "eta_hours": 0.00051, "eta_hours_std": 1e-05, "loss": 0.69242, "loss_std": 0.00074, "lr": 0.00061, "lr_std": 0.0, "params": 6465.0, "params_std": 0.0, "time_iter": 0.01053, "time_iter_std": 0.00018, "accuracy": 0.51191, "accuracy_std": 0.02062, "accuracy_max": 0.52381, "precision": 0.11905, "precision_std": 0.2062, "recall": 0.25, "recall_std": 0.43301, "f1": 0.16129, "f1_std": 0.27936, "auc": 0.53693, "auc_std": 0.07903}
{"epoch": 44, "time_epoch": 0.03162, "time_epoch_std": 0.00047, "eta": 1.80484, "eta_std": 0.02853, "eta_hours": 0.0005, "eta_hours_std": 1e-05, "loss": 0.69241, "loss_std": 0.0007, "lr": 0.00059, "lr_std": 0.0, "params": 6465.0, "params_std": 0.0, "time_iter": 0.01054, "time_iter_std": 0.00016, "accuracy": 0.51191, "accuracy_std": 0.02062, "accuracy_max": 0.52381, "precision": 0.11905, "precision_std": 0.2062, "recall": 0.25, "recall_std": 0.43301, "f1": 0.16129, "f1_std": 0.27936, "auc": 0.55341, "auc_std": 0.07249}
{"epoch": 45, "time_epoch": 0.03161, "time_epoch_std": 0.0006, "eta": 1.77061, "eta_std": 0.02721, "eta_hours": 0.00049, "eta_hours_std": 1e-05, "loss": 0.69246, "loss_std": 0.00062, "lr": 0.00058, "lr_std": 0.0, "params": 6465.0, "params_std": 0.0, "time_iter": 0.01054, "time_iter_std": 0.0002, "accuracy": 0.51191, "accuracy_std": 0.02062, "accuracy_max": 0.52381, "precision": 0.11905, "precision_std": 0.2062, "recall": 0.25, "recall_std": 0.43301, "f1": 0.16129, "f1_std": 0.27936, "auc": 0.45057, "auc_std": 0.05282}
{"epoch": 46, "time_epoch": 0.03193, "time_epoch_std": 0.0004, "eta": 1.73685, "eta_std": 0.02579, "eta_hours": 0.00048, "eta_hours_std": 1e-05, "loss": 0.69243, "loss_std": 0.00056, "lr": 0.00056, "lr_std": 0.0, "params": 6465.0, "params_std": 0.0, "time_iter": 0.01064, "time_iter_std": 0.00013, "accuracy": 0.51191, "accuracy_std": 0.02062, "accuracy_max": 0.52381, "precision": 0.11905, "precision_std": 0.2062, "recall": 0.25, "recall_std": 0.43301, "f1": 0.16129, "f1_std": 0.27936, "auc": 0.525, "auc_std": 0.10421}
{"epoch": 47, "time_epoch": 0.03294, "time_epoch_std": 0.00125, "eta": 1.70427, "eta_std": 0.02385, "eta_hours": 0.00047, "eta_hours_std": 1e-05, "loss": 0.69248, "loss_std": 0.00052, "lr": 0.00055, "lr_std": 0.0, "params": 6465.0, "params_std": 0.0, "time_iter": 0.01098, "time_iter_std": 0.00042, "accuracy": 0.51191, "accuracy_std": 0.02062, "accuracy_max": 0.52381, "precision": 0.11905, "precision_std": 0.2062, "recall": 0.25, "recall_std": 0.43301, "f1": 0.16129, "f1_std": 0.27936, "auc": 0.45113, "auc_std": 0.11001}
{"epoch": 48, "time_epoch": 0.03235, "time_epoch_std": 0.00051, "eta": 1.67106, "eta_std": 0.0224, "eta_hours": 0.00046, "eta_hours_std": 0.0, "loss": 0.69239, "loss_std": 0.00052, "lr": 0.00053, "lr_std": 0.0, "params": 6465.0, "params_std": 0.0, "time_iter": 0.01078, "time_iter_std": 0.00017, "accuracy": 0.51191, "accuracy_std": 0.02062, "accuracy_max": 0.52381, "precision": 0.11905, "precision_std": 0.2062, "recall": 0.25, "recall_std": 0.43301, "f1": 0.16129, "f1_std": 0.27936, "auc": 0.48523, "auc_std": 0.07177}
{"epoch": 49, "time_epoch": 0.03204, "time_epoch_std": 0.00036, "eta": 1.63757, "eta_std": 0.02141, "eta_hours": 0.00046, "eta_hours_std": 1e-05, "loss": 0.69241, "loss_std": 0.0005, "lr": 0.00052, "lr_std": 0.0, "params": 6465.0, "params_std": 0.0, "time_iter": 0.01068, "time_iter_std": 0.00012, "accuracy": 0.51191, "accuracy_std": 0.02062, "accuracy_max": 0.52381, "precision": 0.11905, "precision_std": 0.2062, "recall": 0.25, "recall_std": 0.43301, "f1": 0.16129, "f1_std": 0.27936, "auc": 0.45795, "auc_std": 0.05561}
{"epoch": 50, "time_epoch": 0.03286, "time_epoch_std": 0.00195, "eta": 1.60492, "eta_std": 0.02158, "eta_hours": 0.00044, "eta_hours_std": 0.0, "loss": 0.69236, "loss_std": 0.00047, "lr": 0.0005, "lr_std": 0.0, "params": 6465.0, "params_std": 0.0, "time_iter": 0.01095, "time_iter_std": 0.00065, "accuracy": 0.50595, "accuracy_std": 0.03093, "accuracy_max": 0.52381, "precision": 0.1087, "precision_std": 0.18827, "recall": 0.125, "recall_std": 0.21651, "f1": 0.11628, "f1_std": 0.2014, "auc": 0.47528, "auc_std": 0.05517}
{"epoch": 51, "time_epoch": 0.03207, "time_epoch_std": 0.00036, "eta": 1.57154, "eta_std": 0.02083, "eta_hours": 0.00044, "eta_hours_std": 1e-05, "loss": 0.69234, "loss_std": 0.00045, "lr": 0.00048, "lr_std": 0.0, "params": 6465.0, "params_std": 0.0, "time_iter": 0.01069, "time_iter_std": 0.00012, "accuracy": 0.52381, "accuracy_std": 0.0, "accuracy_max": 0.52381, "precision": 0.0, "precision_std": 0.0, "recall": 0.0, "recall_std": 0.0, "f1": 0.0, "f1_std": 0.0, "auc": 0.50398, "auc_std": 0.12875}
{"epoch": 52, "time_epoch": 0.03191, "time_epoch_std": 0.00072, "eta": 1.53806, "eta_std": 0.01939, "eta_hours": 0.00042, "eta_hours_std": 0.0, "loss": 0.69238, "loss_std": 0.00041, "lr": 0.00047, "lr_std": 0.0, "params": 6465.0, "params_std": 0.0, "time_iter": 0.01064, "time_iter_std": 0.00024, "accuracy": 0.52381, "accuracy_std": 0.0, "accuracy_max": 0.52381, "precision": 0.0, "precision_std": 0.0, "recall": 0.0, "recall_std": 0.0, "f1": 0.0, "f1_std": 0.0, "auc": 0.40455, "auc_std": 0.07953}
{"epoch": 53, "time_epoch": 0.03215, "time_epoch_std": 0.00053, "eta": 1.50485, "eta_std": 0.01841, "eta_hours": 0.00042, "eta_hours_std": 1e-05, "loss": 0.69228, "loss_std": 0.00041, "lr": 0.00045, "lr_std": 0.0, "params": 6465.0, "params_std": 0.0, "time_iter": 0.01072, "time_iter_std": 0.00018, "accuracy": 0.52381, "accuracy_std": 0.0, "accuracy_max": 0.52381, "precision": 0.0, "precision_std": 0.0, "recall": 0.0, "recall_std": 0.0, "f1": 0.0, "f1_std": 0.0, "auc": 0.53438, "auc_std": 0.0274}
{"epoch": 54, "time_epoch": 0.03245, "time_epoch_std": 0.0007, "eta": 1.47192, "eta_std": 0.01718, "eta_hours": 0.00041, "eta_hours_std": 0.0, "loss": 0.69228, "loss_std": 0.00043, "lr": 0.00044, "lr_std": 0.0, "params": 6465.0, "params_std": 0.0, "time_iter": 0.01082, "time_iter_std": 0.00023, "accuracy": 0.52381, "accuracy_std": 0.0, "accuracy_max": 0.52381, "precision": 0.0, "precision_std": 0.0, "recall": 0.0, "recall_std": 0.0, "f1": 0.0, "f1_std": 0.0, "auc": 0.49318, "auc_std": 0.06341}
{"epoch": 55, "time_epoch": 0.03346, "time_epoch_std": 0.00187, "eta": 1.43981, "eta_std": 0.01701, "eta_hours": 0.0004, "eta_hours_std": 0.0, "loss": 0.69232, "loss_std": 0.00037, "lr": 0.00042, "lr_std": 0.0, "params": 6465.0, "params_std": 0.0, "time_iter": 0.01116, "time_iter_std": 0.00062, "accuracy": 0.52381, "accuracy_std": 0.0, "accuracy_max": 0.52381, "precision": 0.0, "precision_std": 0.0, "recall": 0.0, "recall_std": 0.0, "f1": 0.0, "f1_std": 0.0, "auc": 0.44488, "auc_std": 0.05635}
{"epoch": 56, "time_epoch": 0.03313, "time_epoch_std": 0.0019, "eta": 1.40739, "eta_std": 0.01705, "eta_hours": 0.00039, "eta_hours_std": 1e-05, "loss": 0.69229, "loss_std": 0.00037, "lr": 0.00041, "lr_std": 0.0, "params": 6465.0, "params_std": 0.0, "time_iter": 0.01104, "time_iter_std": 0.00064, "accuracy": 0.52381, "accuracy_std": 0.0, "accuracy_max": 0.52381, "precision": 0.0, "precision_std": 0.0, "recall": 0.0, "recall_std": 0.0, "f1": 0.0, "f1_std": 0.0, "auc": 0.53864, "auc_std": 0.1399}
{"epoch": 57, "time_epoch": 0.03335, "time_epoch_std": 0.00169, "eta": 1.37511, "eta_std": 0.01691, "eta_hours": 0.00038, "eta_hours_std": 0.0, "loss": 0.69226, "loss_std": 0.00036, "lr": 0.00039, "lr_std": 0.0, "params": 6465.0, "params_std": 0.0, "time_iter": 0.01112, "time_iter_std": 0.00057, "accuracy": 0.52381, "accuracy_std": 0.0, "accuracy_max": 0.52381, "precision": 0.0, "precision_std": 0.0, "recall": 0.0, "recall_std": 0.0, "f1": 0.0, "f1_std": 0.0, "auc": 0.50568, "auc_std": 0.09037}
{"epoch": 58, "time_epoch": 0.03342, "time_epoch_std": 0.00174, "eta": 1.34284, "eta_std": 0.01703, "eta_hours": 0.00038, "eta_hours_std": 1e-05, "loss": 0.69222, "loss_std": 0.00038, "lr": 0.00038, "lr_std": 0.0, "params": 6465.0, "params_std": 0.0, "time_iter": 0.01114, "time_iter_std": 0.00058, "accuracy": 0.52381, "accuracy_std": 0.0, "accuracy_max": 0.52381, "precision": 0.0, "precision_std": 0.0, "recall": 0.0, "recall_std": 0.0, "f1": 0.0, "f1_std": 0.0, "auc": 0.50057, "auc_std": 0.11997}
{"epoch": 59, "time_epoch": 0.03259, "time_epoch_std": 0.00127, "eta": 1.30998, "eta_std": 0.01692, "eta_hours": 0.00037, "eta_hours_std": 0.0, "loss": 0.69229, "loss_std": 0.00031, "lr": 0.00036, "lr_std": 0.0, "params": 6465.0, "params_std": 0.0, "time_iter": 0.01086, "time_iter_std": 0.00042, "accuracy": 0.52381, "accuracy_std": 0.0, "accuracy_max": 0.52381, "precision": 0.0, "precision_std": 0.0, "recall": 0.0, "recall_std": 0.0, "f1": 0.0, "f1_std": 0.0, "auc": 0.42017, "auc_std": 0.09471}
{"epoch": 60, "time_epoch": 0.03299, "time_epoch_std": 0.0009, "eta": 1.27738, "eta_std": 0.01669, "eta_hours": 0.00036, "eta_hours_std": 1e-05, "loss": 0.69231, "loss_std": 0.00029, "lr": 0.00035, "lr_std": 0.0, "params": 6465.0, "params_std": 0.0, "time_iter": 0.011, "time_iter_std": 0.0003, "accuracy": 0.52381, "accuracy_std": 0.0, "accuracy_max": 0.52381, "precision": 0.0, "precision_std": 0.0, "recall": 0.0, "recall_std": 0.0, "f1": 0.0, "f1_std": 0.0, "auc": 0.42841, "auc_std": 0.06674}
{"epoch": 61, "time_epoch": 0.0326, "time_epoch_std": 0.00086, "eta": 1.24454, "eta_std": 0.01646, "eta_hours": 0.00035, "eta_hours_std": 0.0, "loss": 0.69218, "loss_std": 0.0003, "lr": 0.00033, "lr_std": 0.0, "params": 6465.0, "params_std": 0.0, "time_iter": 0.01087, "time_iter_std": 0.00029, "accuracy": 0.52381, "accuracy_std": 0.0, "accuracy_max": 0.52381, "precision": 0.0, "precision_std": 0.0, "recall": 0.0, "recall_std": 0.0, "f1": 0.0, "f1_std": 0.0, "auc": 0.52727, "auc_std": 0.05707}
{"epoch": 62, "time_epoch": 0.0323, "time_epoch_std": 0.0005, "eta": 1.21152, "eta_std": 0.01565, "eta_hours": 0.00034, "eta_hours_std": 1e-05, "loss": 0.69222, "loss_std": 0.00027, "lr": 0.00032, "lr_std": 0.0, "params": 6465.0, "params_std": 0.0, "time_iter": 0.01077, "time_iter_std": 0.00016, "accuracy": 0.52381, "accuracy_std": 0.0, "accuracy_max": 0.52381, "precision": 0.0, "precision_std": 0.0, "recall": 0.0, "recall_std": 0.0, "f1": 0.0, "f1_std": 0.0, "auc": 0.47188, "auc_std": 0.10265}
{"epoch": 63, "time_epoch": 0.03579, "time_epoch_std": 0.00441, "eta": 1.18049, "eta_std": 0.01495, "eta_hours": 0.00033, "eta_hours_std": 0.0, "loss": 0.69217, "loss_std": 0.0003, "lr": 0.0003, "lr_std": 0.0, "params": 6465.0, "params_std": 0.0, "time_iter": 0.01193, "time_iter_std": 0.00147, "accuracy": 0.52381, "accuracy_std": 0.0, "accuracy_max": 0.52381, "precision": 0.0, "precision_std": 0.0, "recall": 0.0, "recall_std": 0.0, "f1": 0.0, "f1_std": 0.0, "auc": 0.52557, "auc_std": 0.05154}
{"epoch": 64, "time_epoch": 0.03629, "time_epoch_std": 0.00433, "eta": 1.14959, "eta_std": 0.01535, "eta_hours": 0.00032, "eta_hours_std": 1e-05, "loss": 0.69218, "loss_std": 0.00029, "lr": 0.00029, "lr_std": 0.0, "params": 6465.0, "params_std": 0.0, "time_iter": 0.0121, "time_iter_std": 0.00145, "accuracy": 0.52381, "accuracy_std": 0.0, "accuracy_max": 0.52381, "precision": 0.0, "precision_std": 0.0, "recall": 0.0, "recall_std": 0.0, "f1": 0.0, "f1_std": 0.0, "auc": 0.48864, "auc_std": 0.0588}
{"epoch": 65, "time_epoch": 0.0358, "time_epoch_std": 0.00235, "eta": 1.11826, "eta_std": 0.01446, "eta_hours": 0.00031, "eta_hours_std": 1e-05, "loss": 0.69222, "loss_std": 0.00025, "lr": 0.00027, "lr_std": 0.0, "params": 6465.0, "params_std": 0.0, "time_iter": 0.01194, "time_iter_std": 0.00078, "accuracy": 0.52381, "accuracy_std": 0.0, "accuracy_max": 0.52381, "precision": 0.0, "precision_std": 0.0, "recall": 0.0, "recall_std": 0.0, "f1": 0.0, "f1_std": 0.0, "auc": 0.49233, "auc_std": 0.0348}
{"epoch": 66, "time_epoch": 0.03524, "time_epoch_std": 0.00123, "eta": 1.08653, "eta_std": 0.01393, "eta_hours": 0.0003, "eta_hours_std": 0.0, "loss": 0.69215, "loss_std": 0.00028, "lr": 0.00026, "lr_std": 0.0, "params": 6465.0, "params_std": 0.0, "time_iter": 0.01175, "time_iter_std": 0.00041, "accuracy": 0.52381, "accuracy_std": 0.0, "accuracy_max": 0.52381, "precision": 0.0, "precision_std": 0.0, "recall": 0.0, "recall_std": 0.0, "f1": 0.0, "f1_std": 0.0, "auc": 0.56079, "auc_std": 0.06807}
{"epoch": 67, "time_epoch": 0.04015, "time_epoch_std": 0.01109, "eta": 1.057, "eta_std": 0.01397, "eta_hours": 0.0003, "eta_hours_std": 0.0, "loss": 0.6922, "loss_std": 0.00024, "lr": 0.00025, "lr_std": 0.0, "params": 6465.0, "params_std": 0.0, "time_iter": 0.01338, "time_iter_std": 0.0037, "accuracy": 0.52381, "accuracy_std": 0.0, "accuracy_max": 0.52381, "precision": 0.0, "precision_std": 0.0, "recall": 0.0, "recall_std": 0.0, "f1": 0.0, "f1_std": 0.0, "auc": 0.48409, "auc_std": 0.05513}
{"epoch": 68, "time_epoch": 0.03634, "time_epoch_std": 0.00491, "eta": 1.02546, "eta_std": 0.01386, "eta_hours": 0.00028, "eta_hours_std": 1e-05, "loss": 0.69219, "loss_std": 0.00028, "lr": 0.00023, "lr_std": 0.0, "params": 6465.0, "params_std": 0.0, "time_iter": 0.01212, "time_iter_std": 0.00163, "accuracy": 0.52381, "accuracy_std": 0.0, "accuracy_max": 0.52381, "precision": 0.0, "precision_std": 0.0, "recall": 0.0, "recall_std": 0.0, "f1": 0.0, "f1_std": 0.0, "auc": 0.42898, "auc_std": 0.05934}
{"epoch": 69, "time_epoch": 0.03842, "time_epoch_std": 0.00645, "eta": 0.99467, "eta_std": 0.01202, "eta_hours": 0.00027, "eta_hours_std": 0.0, "loss": 0.69218, "loss_std": 0.00023, "lr": 0.00022, "lr_std": 0.0, "params": 6465.0, "params_std": 0.0, "time_iter": 0.01281, "time_iter_std": 0.00215, "accuracy": 0.52381, "accuracy_std": 0.0, "accuracy_max": 0.52381, "precision": 0.0, "precision_std": 0.0, "recall": 0.0, "recall_std": 0.0, "f1": 0.0, "f1_std": 0.0, "auc": 0.50767, "auc_std": 0.05024}
{"epoch": 70, "time_epoch": 0.03718, "time_epoch_std": 0.00736, "eta": 0.96316, "eta_std": 0.00969, "eta_hours": 0.00026, "eta_hours_std": 1e-05, "loss": 0.69212, "loss_std": 0.00027, "lr": 0.00021, "lr_std": 0.0, "params": 6465.0, "params_std": 0.0, "time_iter": 0.01239, "time_iter_std": 0.00246, "accuracy": 0.52381, "accuracy_std": 0.0, "accuracy_max": 0.52381, "precision": 0.0, "precision_std": 0.0, "recall": 0.0, "recall_std": 0.0, "f1": 0.0, "f1_std": 0.0, "auc": 0.5375, "auc_std": 0.07245}
{"epoch": 71, "time_epoch": 0.0374, "time_epoch_std": 0.00765, "eta": 0.93157, "eta_std": 0.00809, "eta_hours": 0.00026, "eta_hours_std": 0.0, "loss": 0.69218, "loss_std": 0.00025, "lr": 0.00019, "lr_std": 0.0, "params": 6465.0, "params_std": 0.0, "time_iter": 0.01247, "time_iter_std": 0.00255, "accuracy": 0.52381, "accuracy_std": 0.0, "accuracy_max": 0.52381, "precision": 0.0, "precision_std": 0.0, "recall": 0.0, "recall_std": 0.0, "f1": 0.0, "f1_std": 0.0, "auc": 0.45171, "auc_std": 0.07305}
{"epoch": 72, "time_epoch": 0.03673, "time_epoch_std": 0.00664, "eta": 0.89958, "eta_std": 0.00751, "eta_hours": 0.00025, "eta_hours_std": 0.0, "loss": 0.69213, "loss_std": 0.00023, "lr": 0.00018, "lr_std": 0.0, "params": 6465.0, "params_std": 0.0, "time_iter": 0.01224, "time_iter_std": 0.00221, "accuracy": 0.52381, "accuracy_std": 0.0, "accuracy_max": 0.52381, "precision": 0.0, "precision_std": 0.0, "recall": 0.0, "recall_std": 0.0, "f1": 0.0, "f1_std": 0.0, "auc": 0.51534, "auc_std": 0.07119}
{"epoch": 73, "time_epoch": 0.03516, "time_epoch_std": 0.00393, "eta": 0.86691, "eta_std": 0.00752, "eta_hours": 0.00024, "eta_hours_std": 0.0, "loss": 0.69218, "loss_std": 0.00023, "lr": 0.00017, "lr_std": 0.0, "params": 6465.0, "params_std": 0.0, "time_iter": 0.01172, "time_iter_std": 0.00131, "accuracy": 0.52381, "accuracy_std": 0.0, "accuracy_max": 0.52381, "precision": 0.0, "precision_std": 0.0, "recall": 0.0, "recall_std": 0.0, "f1": 0.0, "f1_std": 0.0, "auc": 0.47841, "auc_std": 0.09884}
{"epoch": 74, "time_epoch": 0.03515, "time_epoch_std": 0.00398, "eta": 0.83418, "eta_std": 0.00779, "eta_hours": 0.00023, "eta_hours_std": 0.0, "loss": 0.69218, "loss_std": 0.00022, "lr": 0.00016, "lr_std": 0.0, "params": 6465.0, "params_std": 0.0, "time_iter": 0.01172, "time_iter_std": 0.00132, "accuracy": 0.52381, "accuracy_std": 0.0, "accuracy_max": 0.52381, "precision": 0.0, "precision_std": 0.0, "recall": 0.0, "recall_std": 0.0, "f1": 0.0, "f1_std": 0.0, "auc": 0.43977, "auc_std": 0.06275}
{"epoch": 75, "time_epoch": 0.03697, "time_epoch_std": 0.00596, "eta": 0.80194, "eta_std": 0.00852, "eta_hours": 0.00022, "eta_hours_std": 0.0, "loss": 0.69204, "loss_std": 0.00033, "lr": 0.00015, "lr_std": 0.0, "params": 6465.0, "params_std": 0.0, "time_iter": 0.01232, "time_iter_std": 0.00199, "accuracy": 0.52381, "accuracy_std": 0.0, "accuracy_max": 0.52381, "precision": 0.0, "precision_std": 0.0, "recall": 0.0, "recall_std": 0.0, "f1": 0.0, "f1_std": 0.0, "auc": 0.51989, "auc_std": 0.18636}
{"epoch": 76, "time_epoch": 0.03671, "time_epoch_std": 0.00606, "eta": 0.76952, "eta_std": 0.00929, "eta_hours": 0.00022, "eta_hours_std": 0.0, "loss": 0.69218, "loss_std": 0.00021, "lr": 0.00014, "lr_std": 0.0, "params": 6465.0, "params_std": 0.0, "time_iter": 0.01224, "time_iter_std": 0.00202, "accuracy": 0.52381, "accuracy_std": 0.0, "accuracy_max": 0.52381, "precision": 0.0, "precision_std": 0.0, "recall": 0.0, "recall_std": 0.0, "f1": 0.0, "f1_std": 0.0, "auc": 0.46136, "auc_std": 0.08874}
{"epoch": 77, "time_epoch": 0.03793, "time_epoch_std": 0.0051, "eta": 0.73732, "eta_std": 0.00991, "eta_hours": 0.00021, "eta_hours_std": 0.0, "loss": 0.69218, "loss_std": 0.00019, "lr": 0.00012, "lr_std": 0.0, "params": 6465.0, "params_std": 0.0, "time_iter": 0.01264, "time_iter_std": 0.0017, "accuracy": 0.52381, "accuracy_std": 0.0, "accuracy_max": 0.52381, "precision": 0.0, "precision_std": 0.0, "recall": 0.0, "recall_std": 0.0, "f1": 0.0, "f1_std": 0.0, "auc": 0.43978, "auc_std": 0.08474}
{"epoch": 78, "time_epoch": 0.03445, "time_epoch_std": 0.00153, "eta": 0.70406, "eta_std": 0.00964, "eta_hours": 0.0002, "eta_hours_std": 0.0, "loss": 0.69214, "loss_std": 0.00023, "lr": 0.00011, "lr_std": 0.0, "params": 6465.0, "params_std": 0.0, "time_iter": 0.01148, "time_iter_std": 0.00051, "accuracy": 0.52381, "accuracy_std": 0.0, "accuracy_max": 0.52381, "precision": 0.0, "precision_std": 0.0, "recall": 0.0, "recall_std": 0.0, "f1": 0.0, "f1_std": 0.0, "auc": 0.45454, "auc_std": 0.09304}
{"epoch": 79, "time_epoch": 0.03634, "time_epoch_std": 0.00374, "eta": 0.67123, "eta_std": 0.00966, "eta_hours": 0.00019, "eta_hours_std": 0.0, "loss": 0.69213, "loss_std": 0.00022, "lr": 0.0001, "lr_std": 0.0, "params": 6465.0, "params_std": 0.0, "time_iter": 0.01211, "time_iter_std": 0.00125, "accuracy": 0.52381, "accuracy_std": 0.0, "accuracy_max": 0.52381, "precision": 0.0, "precision_std": 0.0, "recall": 0.0, "recall_std": 0.0, "f1": 0.0, "f1_std": 0.0, "auc": 0.45426, "auc_std": 0.09374}
{"epoch": 80, "time_epoch": 0.03509, "time_epoch_std": 0.00408, "eta": 0.63803, "eta_std": 0.00972, "eta_hours": 0.00018, "eta_hours_std": 0.0, "loss": 0.69204, "loss_std": 0.00027, "lr": 0.0001, "lr_std": 0.0, "params": 6465.0, "params_std": 0.0, "time_iter": 0.0117, "time_iter_std": 0.00136, "accuracy": 0.52381, "accuracy_std": 0.0, "accuracy_max": 0.52381, "precision": 0.0, "precision_std": 0.0, "recall": 0.0, "recall_std": 0.0, "f1": 0.0, "f1_std": 0.0, "auc": 0.6108, "auc_std": 0.12911}
{"epoch": 81, "time_epoch": 0.03634, "time_epoch_std": 0.00373, "eta": 0.60506, "eta_std": 0.00944, "eta_hours": 0.00017, "eta_hours_std": 0.0, "loss": 0.69218, "loss_std": 0.00019, "lr": 9e-05, "lr_std": 0.0, "params": 6465.0, "params_std": 0.0, "time_iter": 0.01212, "time_iter_std": 0.00124, "accuracy": 0.52381, "accuracy_std": 0.0, "accuracy_max": 0.52381, "precision": 0.0, "precision_std": 0.0, "recall": 0.0, "recall_std": 0.0, "f1": 0.0, "f1_std": 0.0, "auc": 0.49886, "auc_std": 0.14212}
{"epoch": 82, "time_epoch": 0.0338, "time_epoch_std": 0.001, "eta": 0.57147, "eta_std": 0.0089, "eta_hours": 0.00016, "eta_hours_std": 0.0, "loss": 0.69212, "loss_std": 0.00024, "lr": 8e-05, "lr_std": 0.0, "params": 6465.0, "params_std": 0.0, "time_iter": 0.01126, "time_iter_std": 0.00033, "accuracy": 0.52381, "accuracy_std": 0.0, "accuracy_max": 0.52381, "precision": 0.0, "precision_std": 0.0, "recall": 0.0, "recall_std": 0.0, "f1": 0.0, "f1_std": 0.0, "auc": 0.48636, "auc_std": 0.09547}
{"epoch": 83, "time_epoch": 0.0349, "time_epoch_std": 0.00248, "eta": 0.53811, "eta_std": 0.00871, "eta_hours": 0.00015, "eta_hours_std": 0.0, "loss": 0.69212, "loss_std": 0.00021, "lr": 7e-05, "lr_std": 0.0, "params": 6465.0, "params_std": 0.0, "time_iter": 0.01164, "time_iter_std": 0.00083, "accuracy": 0.52381, "accuracy_std": 0.0, "accuracy_max": 0.52381, "precision": 0.0, "precision_std": 0.0, "recall": 0.0, "recall_std": 0.0, "f1": 0.0, "f1_std": 0.0, "auc": 0.54489, "auc_std": 0.09065}
{"epoch": 84, "time_epoch": 0.0376, "time_epoch_std": 0.00515, "eta": 0.50517, "eta_std": 0.00848, "eta_hours": 0.00014, "eta_hours_std": 0.0, "loss": 0.69213, "loss_std": 0.0002, "lr": 6e-05, "lr_std": 0.0, "params": 6465.0, "params_std": 0.0, "time_iter": 0.01253, "time_iter_std": 0.00172, "accuracy": 0.52381, "accuracy_std": 0.0, "accuracy_max": 0.52381, "precision": 0.0, "precision_std": 0.0, "recall": 0.0, "recall_std": 0.0, "f1": 0.0, "f1_std": 0.0, "auc": 0.50966, "auc_std": 0.09642}
{"epoch": 85, "time_epoch": 0.03665, "time_epoch_std": 0.00197, "eta": 0.47198, "eta_std": 0.00788, "eta_hours": 0.00013, "eta_hours_std": 0.0, "loss": 0.69209, "loss_std": 0.00027, "lr": 5e-05, "lr_std": 0.0, "params": 6465.0, "params_std": 0.0, "time_iter": 0.01221, "time_iter_std": 0.00066, "accuracy": 0.52381, "accuracy_std": 0.0, "accuracy_max": 0.52381, "precision": 0.0, "precision_std": 0.0, "recall": 0.0, "recall_std": 0.0, "f1": 0.0, "f1_std": 0.0, "auc": 0.50625, "auc_std": 0.14539}
{"epoch": 86, "time_epoch": 0.03894, "time_epoch_std": 0.00373, "eta": 0.43905, "eta_std": 0.00698, "eta_hours": 0.00012, "eta_hours_std": 0.0, "loss": 0.69215, "loss_std": 0.0002, "lr": 5e-05, "lr_std": 0.0, "params": 6465.0, "params_std": 0.0, "time_iter": 0.01298, "time_iter_std": 0.00124, "accuracy": 0.52381, "accuracy_std": 0.0, "accuracy_max": 0.52381, "precision": 0.0, "precision_std": 0.0, "recall": 0.0, "recall_std": 0.0, "f1": 0.0, "f1_std": 0.0, "auc": 0.45824, "auc_std": 0.07584}
{"epoch": 87, "time_epoch": 0.03636, "time_epoch_std": 0.00464, "eta": 0.40563, "eta_std": 0.00628, "eta_hours": 0.00011, "eta_hours_std": 0.0, "loss": 0.69206, "loss_std": 0.00024, "lr": 4e-05, "lr_std": 0.0, "params": 6465.0, "params_std": 0.0, "time_iter": 0.01212, "time_iter_std": 0.00155, "accuracy": 0.52381, "accuracy_std": 0.0, "accuracy_max": 0.52381, "precision": 0.0, "precision_std": 0.0, "recall": 0.0, "recall_std": 0.0, "f1": 0.0, "f1_std": 0.0, "auc": 0.55085, "auc_std": 0.05057}
{"epoch": 88, "time_epoch": 0.0357, "time_epoch_std": 0.00168, "eta": 0.37206, "eta_std": 0.00563, "eta_hours": 0.0001, "eta_hours_std": 0.0, "loss": 0.69215, "loss_std": 0.0002, "lr": 4e-05, "lr_std": 0.0, "params": 6465.0, "params_std": 0.0, "time_iter": 0.0119, "time_iter_std": 0.00056, "accuracy": 0.52381, "accuracy_std": 0.0, "accuracy_max": 0.52381, "precision": 0.0, "precision_std": 0.0, "recall": 0.0, "recall_std": 0.0, "f1": 0.0, "f1_std": 0.0, "auc": 0.45113, "auc_std": 0.06592}
{"epoch": 89, "time_epoch": 0.0355, "time_epoch_std": 0.00189, "eta": 0.33842, "eta_std": 0.00502, "eta_hours": 9e-05, "eta_hours_std": 0.0, "loss": 0.6922, "loss_std": 0.00018, "lr": 3e-05, "lr_std": 0.0, "params": 6465.0, "params_std": 0.0, "time_iter": 0.01183, "time_iter_std": 0.00063, "accuracy": 0.52381, "accuracy_std": 0.0, "accuracy_max": 0.52381, "precision": 0.0, "precision_std": 0.0, "recall": 0.0, "recall_std": 0.0, "f1": 0.0, "f1_std": 0.0, "auc": 0.49716, "auc_std": 0.09331}
{"epoch": 90, "time_epoch": 0.03947, "time_epoch_std": 0.00242, "eta": 0.30514, "eta_std": 0.00465, "eta_hours": 9e-05, "eta_hours_std": 0.0, "loss": 0.69221, "loss_std": 0.00015, "lr": 2e-05, "lr_std": 0.0, "params": 6465.0, "params_std": 0.0, "time_iter": 0.01316, "time_iter_std": 0.0008, "accuracy": 0.52381, "accuracy_std": 0.0, "accuracy_max": 0.52381, "precision": 0.0, "precision_std": 0.0, "recall": 0.0, "recall_std": 0.0, "f1": 0.0, "f1_std": 0.0, "auc": 0.42443, "auc_std": 0.07601}
{"epoch": 91, "time_epoch": 0.03589, "time_epoch_std": 0.00457, "eta": 0.27141, "eta_std": 0.0041, "eta_hours": 8e-05, "eta_hours_std": 0.0, "loss": 0.69211, "loss_std": 0.00019, "lr": 2e-05, "lr_std": 0.0, "params": 6465.0, "params_std": 0.0, "time_iter": 0.01196, "time_iter_std": 0.00153, "accuracy": 0.52381, "accuracy_std": 0.0, "accuracy_max": 0.52381, "precision": 0.0, "precision_std": 0.0, "recall": 0.0, "recall_std": 0.0, "f1": 0.0, "f1_std": 0.0, "auc": 0.55341, "auc_std": 0.1007}
{"epoch": 92, "time_epoch": 0.03686, "time_epoch_std": 0.00504, "eta": 0.2377, "eta_std": 0.00365, "eta_hours": 7e-05, "eta_hours_std": 0.0, "loss": 0.69215, "loss_std": 0.00019, "lr": 2e-05, "lr_std": 0.0, "params": 6465.0, "params_std": 0.0, "time_iter": 0.01228, "time_iter_std": 0.00168, "accuracy": 0.52381, "accuracy_std": 0.0, "accuracy_max": 0.52381, "precision": 0.0, "precision_std": 0.0, "recall": 0.0, "recall_std": 0.0, "f1": 0.0, "f1_std": 0.0, "auc": 0.47699, "auc_std": 0.02259}
{"epoch": 93, "time_epoch": 0.03562, "time_epoch_std": 0.00193, "eta": 0.20385, "eta_std": 0.0032, "eta_hours": 6e-05, "eta_hours_std": 0.0, "loss": 0.69211, "loss_std": 0.00021, "lr": 1e-05, "lr_std": 0.0, "params": 6465.0, "params_std": 0.0, "time_iter": 0.01187, "time_iter_std": 0.00064, "accuracy": 0.52381, "accuracy_std": 0.0, "accuracy_max": 0.52381, "precision": 0.0, "precision_std": 0.0, "recall": 0.0, "recall_std": 0.0, "f1": 0.0, "f1_std": 0.0, "auc": 0.54375, "auc_std": 0.11824}
{"epoch": 94, "time_epoch": 0.0351, "time_epoch_std": 0.00214, "eta": 0.16993, "eta_std": 0.00272, "eta_hours": 5e-05, "eta_hours_std": 0.0, "loss": 0.69209, "loss_std": 0.00023, "lr": 1e-05, "lr_std": 0.0, "params": 6465.0, "params_std": 0.0, "time_iter": 0.0117, "time_iter_std": 0.00071, "accuracy": 0.52381, "accuracy_std": 0.0, "accuracy_max": 0.52381, "precision": 0.0, "precision_std": 0.0, "recall": 0.0, "recall_std": 0.0, "f1": 0.0, "f1_std": 0.0, "auc": 0.49659, "auc_std": 0.08474}
{"epoch": 95, "time_epoch": 0.03455, "time_epoch_std": 0.00213, "eta": 0.13597, "eta_std": 0.00222, "eta_hours": 4e-05, "eta_hours_std": 0.0, "loss": 0.69208, "loss_std": 0.00022, "lr": 1e-05, "lr_std": 0.0, "params": 6465.0, "params_std": 0.0, "time_iter": 0.01152, "time_iter_std": 0.00071, "accuracy": 0.52381, "accuracy_std": 0.0, "accuracy_max": 0.52381, "precision": 0.0, "precision_std": 0.0, "recall": 0.0, "recall_std": 0.0, "f1": 0.0, "f1_std": 0.0, "auc": 0.58012, "auc_std": 0.04881}
{"epoch": 96, "time_epoch": 0.03629, "time_epoch_std": 0.00392, "eta": 0.10205, "eta_std": 0.00157, "eta_hours": 3e-05, "eta_hours_std": 0.0, "loss": 0.69208, "loss_std": 0.00025, "lr": 0.0, "lr_std": 0.0, "params": 6465.0, "params_std": 0.0, "time_iter": 0.0121, "time_iter_std": 0.00131, "accuracy": 0.52381, "accuracy_std": 0.0, "accuracy_max": 0.52381, "precision": 0.0, "precision_std": 0.0, "recall": 0.0, "recall_std": 0.0, "f1": 0.0, "f1_std": 0.0, "auc": 0.54347, "auc_std": 0.10497}
{"epoch": 97, "time_epoch": 0.03571, "time_epoch_std": 0.00356, "eta": 0.06807, "eta_std": 0.00097, "eta_hours": 2e-05, "eta_hours_std": 0.0, "loss": 0.6921, "loss_std": 0.00019, "lr": 0.0, "lr_std": 0.0, "params": 6465.0, "params_std": 0.0, "time_iter": 0.0119, "time_iter_std": 0.00118, "accuracy": 0.52381, "accuracy_std": 0.0, "accuracy_max": 0.52381, "precision": 0.0, "precision_std": 0.0, "recall": 0.0, "recall_std": 0.0, "f1": 0.0, "f1_std": 0.0, "auc": 0.56278, "auc_std": 0.0932}
{"epoch": 98, "time_epoch": 0.03568, "time_epoch_std": 0.00358, "eta": 0.03405, "eta_std": 0.00045, "eta_hours": 1e-05, "eta_hours_std": 0.0, "loss": 0.6921, "loss_std": 0.00022, "lr": 0.0, "lr_std": 0.0, "params": 6465.0, "params_std": 0.0, "time_iter": 0.0119, "time_iter_std": 0.00119, "accuracy": 0.52381, "accuracy_std": 0.0, "accuracy_max": 0.52381, "precision": 0.0, "precision_std": 0.0, "recall": 0.0, "recall_std": 0.0, "f1": 0.0, "f1_std": 0.0, "auc": 0.48523, "auc_std": 0.1017}
{"epoch": 99, "time_epoch": 0.03439, "time_epoch_std": 0.00149, "eta": 0.0, "eta_std": 0.0, "eta_hours": 0.0, "eta_hours_std": 0.0, "loss": 0.69214, "loss_std": 0.00019, "lr": 0.0, "lr_std": 0.0, "params": 6465.0, "params_std": 0.0, "time_iter": 0.01146, "time_iter_std": 0.00049, "accuracy": 0.52381, "accuracy_std": 0.0, "accuracy_max": 0.52381, "precision": 0.0, "precision_std": 0.0, "recall": 0.0, "recall_std": 0.0, "f1": 0.0, "f1_std": 0.0, "auc": 0.47045, "auc_std": 0.05291}
