{"epoch": 0, "time_epoch": 6.57667, "eta": 651.09075, "eta_hours": 0.18086, "loss": 0.70611801, "lr": 0.001, "params": 9207, "time_iter": 0.59788, "accuracy": 0.47619, "precision": 0.47619, "recall": 1.0, "f1": 0.64516, "auc": 0.42727}
{"epoch": 1, "time_epoch": 7.76844, "eta": 702.91053, "eta_hours": 0.19525, "loss": 0.70374009, "lr": 0.00099975, "params": 9207, "time_iter": 0.70622, "accuracy": 0.47619, "precision": 0.47619, "recall": 1.0, "f1": 0.64516, "auc": 0.48864}
{"epoch": 2, "time_epoch": 0.50235, "eta": 480.06801, "eta_hours": 0.13335, "loss": 0.70216654, "lr": 0.00099901, "params": 9207, "time_iter": 0.04567, "accuracy": 0.47619, "precision": 0.47619, "recall": 1.0, "f1": 0.64516, "auc": 0.54545}
{"epoch": 3, "time_epoch": 0.5359, "eta": 369.20084, "eta_hours": 0.10256, "loss": 0.70145575, "lr": 0.00099778, "params": 9207, "time_iter": 0.04872, "accuracy": 0.47619, "precision": 0.47619, "recall": 1.0, "f1": 0.64516, "auc": 0.40227}
{"epoch": 4, "time_epoch": 0.54635, "eta": 302.66463, "eta_hours": 0.08407, "loss": 0.6986492, "lr": 0.00099606, "params": 9207, "time_iter": 0.04967, "accuracy": 0.47619, "precision": 0.47619, "recall": 1.0, "f1": 0.64516, "auc": 0.56818}
{"epoch": 5, "time_epoch": 0.52963, "eta": 257.86307, "eta_hours": 0.07163, "loss": 0.69677832, "lr": 0.00099384, "params": 9207, "time_iter": 0.04815, "accuracy": 0.47619, "precision": 0.47619, "recall": 1.0, "f1": 0.64516, "auc": 0.56364}
{"epoch": 6, "time_epoch": 0.54355, "eta": 225.89555, "eta_hours": 0.06275, "loss": 0.69386954, "lr": 0.00099114, "params": 9207, "time_iter": 0.04941, "accuracy": 0.47619, "precision": 0.47619, "recall": 1.0, "f1": 0.64516, "auc": 0.82045}
{"epoch": 7, "time_epoch": 0.54279, "eta": 201.77537, "eta_hours": 0.05605, "loss": 0.69256207, "lr": 0.00098796, "params": 9207, "time_iter": 0.04934, "accuracy": 0.5, "precision": 0.4878, "recall": 1.0, "f1": 0.65574, "auc": 0.59773}
{"epoch": 8, "time_epoch": 0.56966, "eta": 183.16623, "eta_hours": 0.05088, "loss": 0.68195014, "lr": 0.00098429, "params": 9207, "time_iter": 0.05179, "accuracy": 0.66667, "precision": 0.58824, "recall": 1.0, "f1": 0.74074, "auc": 0.82727}
{"epoch": 9, "time_epoch": 0.55202, "eta": 168.00623, "eta_hours": 0.04667, "loss": 0.66985989, "lr": 0.00098015, "params": 9207, "time_iter": 0.05018, "accuracy": 0.7381, "precision": 0.65517, "recall": 0.95, "f1": 0.77551, "auc": 0.875}
{"epoch": 10, "time_epoch": 0.49965, "eta": 155.07853, "eta_hours": 0.04308, "loss": 0.65944942, "lr": 0.00097553, "params": 9207, "time_iter": 0.04542, "accuracy": 0.7619, "precision": 0.75, "recall": 0.75, "f1": 0.75, "auc": 0.8}
{"epoch": 11, "time_epoch": 0.81184, "eta": 146.51153, "eta_hours": 0.0407, "loss": 0.63180161, "lr": 0.00097044, "params": 9207, "time_iter": 0.0738, "accuracy": 0.78571, "precision": 0.82353, "recall": 0.7, "f1": 0.75676, "auc": 0.85227}
{"epoch": 12, "time_epoch": 0.4894, "eta": 136.97978, "eta_hours": 0.03805, "loss": 0.6044218, "lr": 0.00096489, "params": 9207, "time_iter": 0.04449, "accuracy": 0.7381, "precision": 0.76471, "recall": 0.65, "f1": 0.7027, "auc": 0.84318}
{"epoch": 13, "time_epoch": 0.48902, "eta": 128.73749, "eta_hours": 0.03576, "loss": 0.54496181, "lr": 0.00095888, "params": 9207, "time_iter": 0.04446, "accuracy": 0.78571, "precision": 0.86667, "recall": 0.65, "f1": 0.74286, "auc": 0.92727}
{"epoch": 14, "time_epoch": 0.47777, "eta": 121.46521, "eta_hours": 0.03374, "loss": 0.53966006, "lr": 0.00095241, "params": 9207, "time_iter": 0.04343, "accuracy": 0.88095, "precision": 1.0, "recall": 0.75, "f1": 0.85714, "auc": 0.88864}
{"epoch": 15, "time_epoch": 0.50788, "eta": 115.20033, "eta_hours": 0.032, "loss": 0.48466234, "lr": 0.0009455, "params": 9207, "time_iter": 0.04617, "accuracy": 0.80952, "precision": 0.875, "recall": 0.7, "f1": 0.77778, "auc": 0.90682}
{"epoch": 16, "time_epoch": 0.53458, "eta": 109.74308, "eta_hours": 0.03048, "loss": 0.4421626, "lr": 0.00093815, "params": 9207, "time_iter": 0.0486, "accuracy": 0.80952, "precision": 0.875, "recall": 0.7, "f1": 0.77778, "auc": 0.91136}
{"epoch": 17, "time_epoch": 0.53295, "eta": 104.82535, "eta_hours": 0.02912, "loss": 0.41895492, "lr": 0.00093037, "params": 9207, "time_iter": 0.04845, "accuracy": 0.85714, "precision": 0.9375, "recall": 0.75, "f1": 0.83333, "auc": 0.91364}
{"epoch": 18, "time_epoch": 0.47957, "eta": 100.14164, "eta_hours": 0.02782, "loss": 0.41842313, "lr": 0.00092216, "params": 9207, "time_iter": 0.0436, "accuracy": 0.83333, "precision": 0.88235, "recall": 0.75, "f1": 0.81081, "auc": 0.90455}
{"epoch": 19, "time_epoch": 0.48179, "eta": 95.88723, "eta_hours": 0.02664, "loss": 0.39979125, "lr": 0.00091354, "params": 9207, "time_iter": 0.0438, "accuracy": 0.85714, "precision": 0.9375, "recall": 0.75, "f1": 0.83333, "auc": 0.90227}
{"epoch": 20, "time_epoch": 0.49375, "eta": 92.03711, "eta_hours": 0.02557, "loss": 0.46634493, "lr": 0.00090451, "params": 9207, "time_iter": 0.04489, "accuracy": 0.80952, "precision": 0.92857, "recall": 0.65, "f1": 0.76471, "auc": 0.84545}
{"epoch": 21, "time_epoch": 0.49965, "eta": 88.51301, "eta_hours": 0.02459, "loss": 0.37374843, "lr": 0.00089508, "params": 9207, "time_iter": 0.04542, "accuracy": 0.85714, "precision": 0.9375, "recall": 0.75, "f1": 0.83333, "auc": 0.90909}
{"epoch": 22, "time_epoch": 0.50041, "eta": 85.25447, "eta_hours": 0.02368, "loss": 0.2491837, "lr": 0.00088526, "params": 9207, "time_iter": 0.04549, "accuracy": 0.95238, "precision": 1.0, "recall": 0.9, "f1": 0.94737, "auc": 0.99545}
{"epoch": 23, "time_epoch": 0.49383, "eta": 82.20494, "eta_hours": 0.02283, "loss": 0.36721132, "lr": 0.00087506, "params": 9207, "time_iter": 0.04489, "accuracy": 0.83333, "precision": 0.88235, "recall": 0.75, "f1": 0.81081, "auc": 0.90682}
{"epoch": 24, "time_epoch": 0.4796, "eta": 79.31715, "eta_hours": 0.02203, "loss": 0.26712465, "lr": 0.00086448, "params": 9207, "time_iter": 0.0436, "accuracy": 0.90476, "precision": 0.94444, "recall": 0.85, "f1": 0.89474, "auc": 0.97273}
{"epoch": 25, "time_epoch": 0.48461, "eta": 76.62889, "eta_hours": 0.02129, "loss": 0.15215359, "lr": 0.00085355, "params": 9207, "time_iter": 0.04406, "accuracy": 0.97619, "precision": 0.95238, "recall": 1.0, "f1": 0.97561, "auc": 0.99773}
{"epoch": 26, "time_epoch": 0.47309, "eta": 74.0727, "eta_hours": 0.02058, "loss": 0.25469343, "lr": 0.00084227, "params": 9207, "time_iter": 0.04301, "accuracy": 0.92857, "precision": 0.94737, "recall": 0.9, "f1": 0.92308, "auc": 0.95909}
{"epoch": 27, "time_epoch": 0.48312, "eta": 71.69111, "eta_hours": 0.01991, "loss": 0.12509231, "lr": 0.00083066, "params": 9207, "time_iter": 0.04392, "accuracy": 0.97619, "precision": 1.0, "recall": 0.95, "f1": 0.97436, "auc": 0.99773}
{"epoch": 28, "time_epoch": 0.51428, "eta": 69.51673, "eta_hours": 0.01931, "loss": 0.12628062, "lr": 0.00081871, "params": 9207, "time_iter": 0.04675, "accuracy": 0.97619, "precision": 1.0, "recall": 0.95, "f1": 0.97436, "auc": 1.0}
{"epoch": 29, "time_epoch": 0.51397, "eta": 67.45231, "eta_hours": 0.01874, "loss": 0.15304733, "lr": 0.00080645, "params": 9207, "time_iter": 0.04672, "accuracy": 0.95238, "precision": 0.95, "recall": 0.95, "f1": 0.95, "auc": 0.98409}
{"epoch": 30, "time_epoch": 0.49878, "eta": 65.45409, "eta_hours": 0.01818, "loss": 0.15851926, "lr": 0.00079389, "params": 9207, "time_iter": 0.04534, "accuracy": 0.95238, "precision": 1.0, "recall": 0.9, "f1": 0.94737, "auc": 0.97955}
{"epoch": 31, "time_epoch": 0.50187, "eta": 63.55615, "eta_hours": 0.01765, "loss": 0.18173202, "lr": 0.00078104, "params": 9207, "time_iter": 0.04562, "accuracy": 0.92857, "precision": 0.94737, "recall": 0.9, "f1": 0.92308, "auc": 0.97955}
{"epoch": 32, "time_epoch": 0.49796, "eta": 61.73488, "eta_hours": 0.01715, "loss": 0.2112533, "lr": 0.00076791, "params": 9207, "time_iter": 0.04527, "accuracy": 0.95238, "precision": 0.90909, "recall": 1.0, "f1": 0.95238, "auc": 0.96591}
{"epoch": 33, "time_epoch": 0.50423, "eta": 60.00362, "eta_hours": 0.01667, "loss": 0.16807461, "lr": 0.00075452, "params": 9207, "time_iter": 0.04584, "accuracy": 0.92857, "precision": 1.0, "recall": 0.85, "f1": 0.91892, "auc": 0.98864}
{"epoch": 34, "time_epoch": 0.50227, "eta": 58.33885, "eta_hours": 0.01621, "loss": 0.09154793, "lr": 0.00074088, "params": 9207, "time_iter": 0.04566, "accuracy": 0.97619, "precision": 0.95238, "recall": 1.0, "f1": 0.97561, "auc": 0.99545}
{"epoch": 35, "time_epoch": 0.46896, "eta": 56.67944, "eta_hours": 0.01574, "loss": 0.26082957, "lr": 0.000727, "params": 9207, "time_iter": 0.04263, "accuracy": 0.85714, "precision": 0.81818, "recall": 0.9, "f1": 0.85714, "auc": 0.96591}
{"epoch": 36, "time_epoch": 0.47099, "eta": 55.08784, "eta_hours": 0.0153, "loss": 0.0653694, "lr": 0.00071289, "params": 9207, "time_iter": 0.04282, "accuracy": 1.0, "precision": 1.0, "recall": 1.0, "f1": 1.0, "auc": 1.0}
{"epoch": 37, "time_epoch": 0.48499, "eta": 53.57805, "eta_hours": 0.01488, "loss": 0.12435421, "lr": 0.00069857, "params": 9207, "time_iter": 0.04409, "accuracy": 0.95238, "precision": 0.90909, "recall": 1.0, "f1": 0.95238, "auc": 0.98864}
{"epoch": 38, "time_epoch": 0.49013, "eta": 52.12887, "eta_hours": 0.01448, "loss": 0.15323782, "lr": 0.00068406, "params": 9207, "time_iter": 0.04456, "accuracy": 0.95238, "precision": 1.0, "recall": 0.9, "f1": 0.94737, "auc": 0.98182}
{"epoch": 39, "time_epoch": 0.50273, "eta": 50.74653, "eta_hours": 0.0141, "loss": 0.07889402, "lr": 0.00066937, "params": 9207, "time_iter": 0.0457, "accuracy": 0.97619, "precision": 1.0, "recall": 0.95, "f1": 0.97436, "auc": 1.0}
{"epoch": 40, "time_epoch": 0.49775, "eta": 49.39994, "eta_hours": 0.01372, "loss": 0.24127185, "lr": 0.00065451, "params": 9207, "time_iter": 0.04525, "accuracy": 0.90476, "precision": 0.94444, "recall": 0.85, "f1": 0.89474, "auc": 0.96591}
{"epoch": 41, "time_epoch": 0.49041, "eta": 48.08363, "eta_hours": 0.01336, "loss": 0.12925098, "lr": 0.0006395, "params": 9207, "time_iter": 0.04458, "accuracy": 0.92857, "precision": 0.86957, "recall": 1.0, "f1": 0.93023, "auc": 0.99773}
{"epoch": 42, "time_epoch": 0.47703, "eta": 46.78801, "eta_hours": 0.013, "loss": 0.16475197, "lr": 0.00062434, "params": 9207, "time_iter": 0.04337, "accuracy": 0.92857, "precision": 0.90476, "recall": 0.95, "f1": 0.92683, "auc": 0.98864}
{"epoch": 43, "time_epoch": 0.47264, "eta": 45.524, "eta_hours": 0.01265, "loss": 0.17082453, "lr": 0.00060907, "params": 9207, "time_iter": 0.04297, "accuracy": 0.92857, "precision": 1.0, "recall": 0.85, "f1": 0.91892, "auc": 0.97045}
{"epoch": 44, "time_epoch": 0.47275, "eta": 44.2953, "eta_hours": 0.0123, "loss": 0.10818768, "lr": 0.00059369, "params": 9207, "time_iter": 0.04298, "accuracy": 0.97619, "precision": 1.0, "recall": 0.95, "f1": 0.97436, "auc": 0.99545}
{"epoch": 45, "time_epoch": 0.4772, "eta": 43.10469, "eta_hours": 0.01197, "loss": 0.28762648, "lr": 0.00057822, "params": 9207, "time_iter": 0.04338, "accuracy": 0.88095, "precision": 0.89474, "recall": 0.85, "f1": 0.87179, "auc": 0.95455}
{"epoch": 46, "time_epoch": 0.49094, "eta": 41.95993, "eta_hours": 0.01166, "loss": 0.41981685, "lr": 0.00056267, "params": 9207, "time_iter": 0.04463, "accuracy": 0.85714, "precision": 0.85, "recall": 0.85, "f1": 0.85, "auc": 0.94773}
{"epoch": 47, "time_epoch": 0.52212, "eta": 40.87619, "eta_hours": 0.01135, "loss": 0.07856437, "lr": 0.00054705, "params": 9207, "time_iter": 0.04747, "accuracy": 0.97619, "precision": 0.95238, "recall": 1.0, "f1": 0.97561, "auc": 1.0}
{"epoch": 48, "time_epoch": 0.50573, "eta": 39.79831, "eta_hours": 0.01106, "loss": 0.05348561, "lr": 0.0005314, "params": 9207, "time_iter": 0.04598, "accuracy": 1.0, "precision": 1.0, "recall": 1.0, "f1": 1.0, "auc": 1.0}
{"epoch": 49, "time_epoch": 0.52644, "eta": 38.76403, "eta_hours": 0.01077, "loss": 0.04548992, "lr": 0.00051571, "params": 9207, "time_iter": 0.04786, "accuracy": 1.0, "precision": 1.0, "recall": 1.0, "f1": 1.0, "auc": 1.0}
{"epoch": 50, "time_epoch": 0.53619, "eta": 37.75903, "eta_hours": 0.01049, "loss": 0.32529638, "lr": 0.0005, "params": 9207, "time_iter": 0.04874, "accuracy": 0.95238, "precision": 0.95, "recall": 0.95, "f1": 0.95, "auc": 0.95455}
{"epoch": 51, "time_epoch": 0.52516, "eta": 36.76188, "eta_hours": 0.01021, "loss": 0.02190884, "lr": 0.00048429, "params": 9207, "time_iter": 0.04774, "accuracy": 1.0, "precision": 1.0, "recall": 1.0, "f1": 1.0, "auc": 1.0}
{"epoch": 52, "time_epoch": 0.49894, "eta": 35.7593, "eta_hours": 0.00993, "loss": 0.17368131, "lr": 0.0004686, "params": 9207, "time_iter": 0.04536, "accuracy": 0.92857, "precision": 0.94737, "recall": 0.9, "f1": 0.92308, "auc": 0.98636}
{"epoch": 53, "time_epoch": 0.51322, "eta": 34.78753, "eta_hours": 0.00966, "loss": 0.01718977, "lr": 0.00045295, "params": 9207, "time_iter": 0.04666, "accuracy": 1.0, "precision": 1.0, "recall": 1.0, "f1": 1.0, "auc": 1.0}
{"epoch": 54, "time_epoch": 0.51428, "eta": 33.8333, "eta_hours": 0.0094, "loss": 0.11320158, "lr": 0.00043733, "params": 9207, "time_iter": 0.04675, "accuracy": 0.95238, "precision": 0.90909, "recall": 1.0, "f1": 0.95238, "auc": 1.0}
{"epoch": 55, "time_epoch": 0.5224, "eta": 32.90117, "eta_hours": 0.00914, "loss": 0.07248873, "lr": 0.00042178, "params": 9207, "time_iter": 0.04749, "accuracy": 1.0, "precision": 1.0, "recall": 1.0, "f1": 1.0, "auc": 1.0}
{"epoch": 56, "time_epoch": 0.50439, "eta": 31.96982, "eta_hours": 0.00888, "loss": 0.09393646, "lr": 0.00040631, "params": 9207, "time_iter": 0.04585, "accuracy": 0.97619, "precision": 1.0, "recall": 0.95, "f1": 0.97436, "auc": 0.99545}
{"epoch": 57, "time_epoch": 0.509, "eta": 31.05654, "eta_hours": 0.00863, "loss": 0.10063844, "lr": 0.00039093, "params": 9207, "time_iter": 0.04627, "accuracy": 0.95238, "precision": 0.95, "recall": 0.95, "f1": 0.95, "auc": 0.99545}
{"epoch": 58, "time_epoch": 0.52432, "eta": 30.16761, "eta_hours": 0.00838, "loss": 0.55916794, "lr": 0.00037566, "params": 9207, "time_iter": 0.04767, "accuracy": 0.71429, "precision": 0.72222, "recall": 0.65, "f1": 0.68421, "auc": 0.875}
{"epoch": 59, "time_epoch": 0.52727, "eta": 29.2928, "eta_hours": 0.00814, "loss": 0.03251392, "lr": 0.0003605, "params": 9207, "time_iter": 0.04793, "accuracy": 0.97619, "precision": 0.95238, "recall": 1.0, "f1": 0.97561, "auc": 1.0}
{"epoch": 60, "time_epoch": 0.51472, "eta": 28.42135, "eta_hours": 0.00789, "loss": 0.32043151, "lr": 0.00034549, "params": 9207, "time_iter": 0.04679, "accuracy": 0.90476, "precision": 0.9, "recall": 0.9, "f1": 0.9, "auc": 0.94091}
{"epoch": 61, "time_epoch": 0.51258, "eta": 27.5601, "eta_hours": 0.00766, "loss": 0.06964276, "lr": 0.00033063, "params": 9207, "time_iter": 0.0466, "accuracy": 0.97619, "precision": 1.0, "recall": 0.95, "f1": 0.97436, "auc": 1.0}
{"epoch": 62, "time_epoch": 0.52032, "eta": 26.71447, "eta_hours": 0.00742, "loss": 0.03480216, "lr": 0.00031594, "params": 9207, "time_iter": 0.0473, "accuracy": 1.0, "precision": 1.0, "recall": 1.0, "f1": 1.0, "auc": 1.0}
{"epoch": 63, "time_epoch": 0.5288, "eta": 25.88378, "eta_hours": 0.00719, "loss": 0.1204767, "lr": 0.00030143, "params": 9207, "time_iter": 0.04807, "accuracy": 0.95238, "precision": 0.95, "recall": 0.95, "f1": 0.95, "auc": 0.99091}
{"epoch": 64, "time_epoch": 0.51755, "eta": 25.05631, "eta_hours": 0.00696, "loss": 0.16968102, "lr": 0.00028711, "params": 9207, "time_iter": 0.04705, "accuracy": 0.92857, "precision": 1.0, "recall": 0.85, "f1": 0.91892, "auc": 0.98182}
{"epoch": 65, "time_epoch": 0.50373, "eta": 24.23112, "eta_hours": 0.00673, "loss": 0.07040955, "lr": 0.000273, "params": 9207, "time_iter": 0.04579, "accuracy": 0.97619, "precision": 0.95238, "recall": 1.0, "f1": 0.97561, "auc": 0.99773}
{"epoch": 66, "time_epoch": 0.51256, "eta": 23.41987, "eta_hours": 0.00651, "loss": 0.14225018, "lr": 0.00025912, "params": 9207, "time_iter": 0.0466, "accuracy": 0.95238, "precision": 0.95, "recall": 0.95, "f1": 0.95, "auc": 0.98864}
{"epoch": 67, "time_epoch": 0.52657, "eta": 22.62401, "eta_hours": 0.00628, "loss": 0.20299599, "lr": 0.00024548, "params": 9207, "time_iter": 0.04787, "accuracy": 0.95238, "precision": 1.0, "recall": 0.9, "f1": 0.94737, "auc": 0.97273}
{"epoch": 68, "time_epoch": 0.52158, "eta": 21.8337, "eta_hours": 0.00606, "loss": 0.02703845, "lr": 0.00023209, "params": 9207, "time_iter": 0.04742, "accuracy": 1.0, "precision": 1.0, "recall": 1.0, "f1": 1.0, "auc": 1.0}
{"epoch": 69, "time_epoch": 0.49972, "eta": 21.04171, "eta_hours": 0.00584, "loss": 0.14335926, "lr": 0.00021896, "params": 9207, "time_iter": 0.04543, "accuracy": 0.92857, "precision": 1.0, "recall": 0.85, "f1": 0.91892, "auc": 1.0}
{"epoch": 70, "time_epoch": 0.51038, "eta": 20.2623, "eta_hours": 0.00563, "loss": 0.08583495, "lr": 0.00020611, "params": 9207, "time_iter": 0.0464, "accuracy": 0.97619, "precision": 1.0, "recall": 0.95, "f1": 0.97436, "auc": 0.99773}
{"epoch": 71, "time_epoch": 0.5246, "eta": 19.49589, "eta_hours": 0.00542, "loss": 0.18472466, "lr": 0.00019355, "params": 9207, "time_iter": 0.04769, "accuracy": 0.92857, "precision": 0.94737, "recall": 0.9, "f1": 0.92308, "auc": 0.98182}
{"epoch": 72, "time_epoch": 0.53046, "eta": 18.73828, "eta_hours": 0.00521, "loss": 0.19798586, "lr": 0.00018129, "params": 9207, "time_iter": 0.04822, "accuracy": 0.90476, "precision": 0.94444, "recall": 0.85, "f1": 0.89474, "auc": 0.97727}
{"epoch": 73, "time_epoch": 0.51527, "eta": 17.98147, "eta_hours": 0.00499, "loss": 0.17280747, "lr": 0.00016934, "params": 9207, "time_iter": 0.04684, "accuracy": 0.92857, "precision": 0.90476, "recall": 0.95, "f1": 0.92683, "auc": 0.98636}
{"epoch": 74, "time_epoch": 0.49994, "eta": 17.22599, "eta_hours": 0.00478, "loss": 0.28527505, "lr": 0.00015773, "params": 9207, "time_iter": 0.04545, "accuracy": 0.90476, "precision": 0.94444, "recall": 0.85, "f1": 0.89474, "auc": 0.96136}
{"epoch": 75, "time_epoch": 0.49746, "eta": 16.47645, "eta_hours": 0.00458, "loss": 0.02145239, "lr": 0.00014645, "params": 9207, "time_iter": 0.04522, "accuracy": 1.0, "precision": 1.0, "recall": 1.0, "f1": 1.0, "auc": 1.0}
{"epoch": 76, "time_epoch": 0.4999, "eta": 15.73419, "eta_hours": 0.00437, "loss": 0.10893306, "lr": 0.00013552, "params": 9207, "time_iter": 0.04545, "accuracy": 0.95238, "precision": 0.95, "recall": 0.95, "f1": 0.95, "auc": 0.99318}
{"epoch": 77, "time_epoch": 0.49571, "eta": 14.99696, "eta_hours": 0.00417, "loss": 0.11455192, "lr": 0.00012494, "params": 9207, "time_iter": 0.04506, "accuracy": 0.95238, "precision": 1.0, "recall": 0.9, "f1": 0.94737, "auc": 1.0}
{"epoch": 78, "time_epoch": 0.49749, "eta": 14.26632, "eta_hours": 0.00396, "loss": 0.06974407, "lr": 0.00011474, "params": 9207, "time_iter": 0.04523, "accuracy": 1.0, "precision": 1.0, "recall": 1.0, "f1": 1.0, "auc": 1.0}
{"epoch": 79, "time_epoch": 0.49737, "eta": 13.54148, "eta_hours": 0.00376, "loss": 0.07680448, "lr": 0.00010492, "params": 9207, "time_iter": 0.04522, "accuracy": 0.97619, "precision": 1.0, "recall": 0.95, "f1": 0.97436, "auc": 1.0}
{"epoch": 80, "time_epoch": 0.49848, "eta": 12.82251, "eta_hours": 0.00356, "loss": 0.22007642, "lr": 9.549e-05, "params": 9207, "time_iter": 0.04532, "accuracy": 0.90476, "precision": 0.94444, "recall": 0.85, "f1": 0.89474, "auc": 0.98409}
{"epoch": 81, "time_epoch": 0.49883, "eta": 12.109, "eta_hours": 0.00336, "loss": 0.32076487, "lr": 8.646e-05, "params": 9207, "time_iter": 0.04535, "accuracy": 0.88095, "precision": 0.94118, "recall": 0.8, "f1": 0.86486, "auc": 0.93636}
{"epoch": 82, "time_epoch": 0.498, "eta": 11.40049, "eta_hours": 0.00317, "loss": 0.07083983, "lr": 7.784e-05, "params": 9207, "time_iter": 0.04527, "accuracy": 0.97619, "precision": 0.95238, "recall": 1.0, "f1": 0.97561, "auc": 0.99545}
{"epoch": 83, "time_epoch": 0.50395, "eta": 10.69813, "eta_hours": 0.00297, "loss": 0.01593393, "lr": 6.963e-05, "params": 9207, "time_iter": 0.04581, "accuracy": 1.0, "precision": 1.0, "recall": 1.0, "f1": 1.0, "auc": 1.0}
{"epoch": 84, "time_epoch": 0.50118, "eta": 9.99994, "eta_hours": 0.00278, "loss": 0.22705195, "lr": 6.185e-05, "params": 9207, "time_iter": 0.04556, "accuracy": 0.92857, "precision": 0.94737, "recall": 0.9, "f1": 0.92308, "auc": 0.97955}
{"epoch": 85, "time_epoch": 0.50326, "eta": 9.30668, "eta_hours": 0.00259, "loss": 0.01120105, "lr": 5.45e-05, "params": 9207, "time_iter": 0.04575, "accuracy": 1.0, "precision": 1.0, "recall": 1.0, "f1": 1.0, "auc": 1.0}
{"epoch": 86, "time_epoch": 0.50016, "eta": 8.61732, "eta_hours": 0.00239, "loss": 0.02430859, "lr": 4.759e-05, "params": 9207, "time_iter": 0.04547, "accuracy": 0.97619, "precision": 1.0, "recall": 0.95, "f1": 0.97436, "auc": 1.0}
{"epoch": 87, "time_epoch": 0.49592, "eta": 7.93168, "eta_hours": 0.0022, "loss": 0.03291573, "lr": 4.112e-05, "params": 9207, "time_iter": 0.04508, "accuracy": 1.0, "precision": 1.0, "recall": 1.0, "f1": 1.0, "auc": 1.0}
{"epoch": 88, "time_epoch": 0.50047, "eta": 7.25087, "eta_hours": 0.00201, "loss": 0.01390975, "lr": 3.511e-05, "params": 9207, "time_iter": 0.0455, "accuracy": 1.0, "precision": 1.0, "recall": 1.0, "f1": 1.0, "auc": 1.0}
{"epoch": 89, "time_epoch": 0.49927, "eta": 6.57393, "eta_hours": 0.00183, "loss": 0.00769543, "lr": 2.956e-05, "params": 9207, "time_iter": 0.04539, "accuracy": 1.0, "precision": 1.0, "recall": 1.0, "f1": 1.0, "auc": 1.0}
{"epoch": 90, "time_epoch": 0.49415, "eta": 5.9004, "eta_hours": 0.00164, "loss": 0.03656995, "lr": 2.447e-05, "params": 9207, "time_iter": 0.04492, "accuracy": 1.0, "precision": 1.0, "recall": 1.0, "f1": 1.0, "auc": 1.0}
{"epoch": 91, "time_epoch": 0.4963, "eta": 5.23094, "eta_hours": 0.00145, "loss": 0.25416317, "lr": 1.985e-05, "params": 9207, "time_iter": 0.04512, "accuracy": 0.92857, "precision": 0.94737, "recall": 0.9, "f1": 0.92308, "auc": 0.95909}
{"epoch": 92, "time_epoch": 0.49975, "eta": 4.56548, "eta_hours": 0.00127, "loss": 0.17265873, "lr": 1.571e-05, "params": 9207, "time_iter": 0.04543, "accuracy": 0.92857, "precision": 1.0, "recall": 0.85, "f1": 0.91892, "auc": 0.98864}
{"epoch": 93, "time_epoch": 0.49479, "eta": 3.90322, "eta_hours": 0.00108, "loss": 0.01635723, "lr": 1.204e-05, "params": 9207, "time_iter": 0.04498, "accuracy": 1.0, "precision": 1.0, "recall": 1.0, "f1": 1.0, "auc": 1.0}
{"epoch": 94, "time_epoch": 0.4926, "eta": 3.24437, "eta_hours": 0.0009, "loss": 0.04859403, "lr": 8.86e-06, "params": 9207, "time_iter": 0.04478, "accuracy": 1.0, "precision": 1.0, "recall": 1.0, "f1": 1.0, "auc": 1.0}
{"epoch": 95, "time_epoch": 0.50084, "eta": 2.58933, "eta_hours": 0.00072, "loss": 0.03368003, "lr": 6.16e-06, "params": 9207, "time_iter": 0.04553, "accuracy": 1.0, "precision": 1.0, "recall": 1.0, "f1": 1.0, "auc": 1.0}
{"epoch": 96, "time_epoch": 0.4998, "eta": 1.93743, "eta_hours": 0.00054, "loss": 0.19433342, "lr": 3.94e-06, "params": 9207, "time_iter": 0.04544, "accuracy": 0.92857, "precision": 0.94737, "recall": 0.9, "f1": 0.92308, "auc": 0.98409}
{"epoch": 97, "time_epoch": 0.49466, "eta": 1.28854, "eta_hours": 0.00036, "loss": 0.15055705, "lr": 2.22e-06, "params": 9207, "time_iter": 0.04497, "accuracy": 0.95238, "precision": 1.0, "recall": 0.9, "f1": 0.94737, "auc": 0.99318}
{"epoch": 98, "time_epoch": 0.49716, "eta": 0.64278, "eta_hours": 0.00018, "loss": 0.06797493, "lr": 9.9e-07, "params": 9207, "time_iter": 0.0452, "accuracy": 0.95238, "precision": 0.95, "recall": 0.95, "f1": 0.95, "auc": 0.99773}
{"epoch": 99, "time_epoch": 0.4971, "eta": 0.0, "eta_hours": 0.0, "loss": 0.2385496, "lr": 2.5e-07, "params": 9207, "time_iter": 0.04519, "accuracy": 0.88095, "precision": 0.89474, "recall": 0.85, "f1": 0.87179, "auc": 0.96818}
