{"epoch": 0, "time_epoch": 18.65533, "eta": 1846.8774, "eta_hours": 0.51302, "loss": 0.69323564, "lr": 0.001, "params": 6183, "time_iter": 0.14924, "accuracy": 0.504, "precision": 0.50588, "recall": 0.8498, "f1": 0.63422, "auc": 0.50093}
{"epoch": 1, "time_epoch": 5.80979, "eta": 1198.79092, "eta_hours": 0.333, "loss": 0.69152676, "lr": 0.00099975, "params": 6183, "time_iter": 0.04648, "accuracy": 0.546, "precision": 0.54167, "recall": 0.66798, "f1": 0.59823, "auc": 0.54443}
{"epoch": 2, "time_epoch": 5.84145, "eta": 979.91249, "eta_hours": 0.2722, "loss": 0.68354749, "lr": 0.00099901, "params": 6183, "time_iter": 0.04673, "accuracy": 0.564, "precision": 0.56757, "recall": 0.58103, "f1": 0.57422, "auc": 0.58778}
{"epoch": 3, "time_epoch": 5.89065, "eta": 868.73335, "eta_hours": 0.24131, "loss": 0.67531012, "lr": 0.00099778, "params": 6183, "time_iter": 0.04713, "accuracy": 0.568, "precision": 0.57371, "recall": 0.56917, "f1": 0.57143, "auc": 0.60559}
{"epoch": 4, "time_epoch": 5.81135, "eta": 798.16296, "eta_hours": 0.22171, "loss": 0.65718794, "lr": 0.00099606, "params": 6183, "time_iter": 0.04649, "accuracy": 0.618, "precision": 0.65347, "recall": 0.52174, "f1": 0.58022, "auc": 0.64379}
{"epoch": 5, "time_epoch": 5.85917, "eta": 749.92796, "eta_hours": 0.20831, "loss": 0.67384009, "lr": 0.00099384, "params": 6183, "time_iter": 0.04687, "accuracy": 0.57, "precision": 0.59048, "recall": 0.49012, "f1": 0.53564, "auc": 0.60834}
{"epoch": 6, "time_epoch": 5.73127, "eta": 712.10121, "eta_hours": 0.19781, "loss": 0.66344276, "lr": 0.00099114, "params": 6183, "time_iter": 0.04585, "accuracy": 0.6, "precision": 0.62927, "recall": 0.50988, "f1": 0.56332, "auc": 0.6182}
{"epoch": 7, "time_epoch": 5.47309, "eta": 679.32925, "eta_hours": 0.1887, "loss": 0.67177169, "lr": 0.00098796, "params": 6183, "time_iter": 0.04378, "accuracy": 0.584, "precision": 0.60976, "recall": 0.49407, "f1": 0.54585, "auc": 0.62918}
{"epoch": 8, "time_epoch": 5.5331, "eta": 653.23048, "eta_hours": 0.18145, "loss": 0.66644272, "lr": 0.00098429, "params": 6183, "time_iter": 0.04426, "accuracy": 0.592, "precision": 0.61502, "recall": 0.51779, "f1": 0.56223, "auc": 0.62623}
{"epoch": 9, "time_epoch": 5.54213, "eta": 631.32605, "eta_hours": 0.17537, "loss": 0.67331536, "lr": 0.00098015, "params": 6183, "time_iter": 0.04434, "accuracy": 0.578, "precision": 0.60938, "recall": 0.46245, "f1": 0.52584, "auc": 0.61223}
{"epoch": 10, "time_epoch": 5.52214, "eta": 612.23488, "eta_hours": 0.17007, "loss": 0.66628135, "lr": 0.00097553, "params": 6183, "time_iter": 0.04418, "accuracy": 0.594, "precision": 0.60776, "recall": 0.55731, "f1": 0.58144, "auc": 0.62571}
{"epoch": 11, "time_epoch": 5.51235, "eta": 595.33342, "eta_hours": 0.16537, "loss": 0.66542841, "lr": 0.00097044, "params": 6183, "time_iter": 0.0441, "accuracy": 0.6, "precision": 0.63184, "recall": 0.50198, "f1": 0.55947, "auc": 0.61489}
{"epoch": 12, "time_epoch": 5.53929, "eta": 580.36441, "eta_hours": 0.16121, "loss": 0.66338743, "lr": 0.00096489, "params": 6183, "time_iter": 0.04431, "accuracy": 0.588, "precision": 0.62176, "recall": 0.47431, "f1": 0.53812, "auc": 0.61998}
{"epoch": 13, "time_epoch": 5.5247, "eta": 566.65292, "eta_hours": 0.1574, "loss": 0.68204277, "lr": 0.00095888, "params": 6183, "time_iter": 0.0442, "accuracy": 0.568, "precision": 0.59585, "recall": 0.45455, "f1": 0.5157, "auc": 0.59501}
{"epoch": 14, "time_epoch": 5.53288, "eta": 554.07934, "eta_hours": 0.15391, "loss": 0.66038284, "lr": 0.00095241, "params": 6183, "time_iter": 0.04426, "accuracy": 0.604, "precision": 0.63158, "recall": 0.52174, "f1": 0.57143, "auc": 0.64544}
{"epoch": 15, "time_epoch": 5.51266, "eta": 542.27966, "eta_hours": 0.15063, "loss": 0.65034819, "lr": 0.0009455, "params": 6183, "time_iter": 0.0441, "accuracy": 0.62, "precision": 0.66667, "recall": 0.49802, "f1": 0.57014, "auc": 0.65709}
{"epoch": 16, "time_epoch": 5.51496, "eta": 531.2309, "eta_hours": 0.14756, "loss": 0.66385128, "lr": 0.00093815, "params": 6183, "time_iter": 0.04412, "accuracy": 0.598, "precision": 0.63, "recall": 0.49802, "f1": 0.55629, "auc": 0.6226}
{"epoch": 17, "time_epoch": 5.49434, "eta": 520.70305, "eta_hours": 0.14464, "loss": 0.64758725, "lr": 0.00093037, "params": 6183, "time_iter": 0.04395, "accuracy": 0.62, "precision": 0.6599, "recall": 0.51383, "f1": 0.57778, "auc": 0.64656}
{"epoch": 18, "time_epoch": 5.55441, "eta": 510.96112, "eta_hours": 0.14193, "loss": 0.68041107, "lr": 0.00092216, "params": 6183, "time_iter": 0.04444, "accuracy": 0.572, "precision": 0.59242, "recall": 0.49407, "f1": 0.53879, "auc": 0.58706}
{"epoch": 19, "time_epoch": 5.52318, "eta": 501.51302, "eta_hours": 0.13931, "loss": 0.66486827, "lr": 0.00091354, "params": 6183, "time_iter": 0.04419, "accuracy": 0.59, "precision": 0.63953, "recall": 0.43478, "f1": 0.51765, "auc": 0.63555}
{"epoch": 20, "time_epoch": 5.4849, "eta": 492.29472, "eta_hours": 0.13675, "loss": 0.66702417, "lr": 0.00090451, "params": 6183, "time_iter": 0.04388, "accuracy": 0.592, "precision": 0.62189, "recall": 0.49407, "f1": 0.55066, "auc": 0.62638}
{"epoch": 21, "time_epoch": 5.52832, "eta": 483.56979, "eta_hours": 0.13432, "loss": 0.65282456, "lr": 0.00089508, "params": 6183, "time_iter": 0.04423, "accuracy": 0.624, "precision": 0.66497, "recall": 0.51779, "f1": 0.58222, "auc": 0.65081}
{"epoch": 22, "time_epoch": 5.51949, "eta": 475.09326, "eta_hours": 0.13197, "loss": 0.66028482, "lr": 0.00088526, "params": 6183, "time_iter": 0.04416, "accuracy": 0.58, "precision": 0.59227, "recall": 0.54545, "f1": 0.5679, "auc": 0.6395}
{"epoch": 23, "time_epoch": 5.50863, "eta": 466.82875, "eta_hours": 0.12967, "loss": 0.68504279, "lr": 0.00087506, "params": 6183, "time_iter": 0.04407, "accuracy": 0.566, "precision": 0.58108, "recall": 0.50988, "f1": 0.54316, "auc": 0.58968}
{"epoch": 24, "time_epoch": 5.52359, "eta": 458.82958, "eta_hours": 0.12745, "loss": 0.66495607, "lr": 0.00086448, "params": 6183, "time_iter": 0.04419, "accuracy": 0.608, "precision": 0.6338, "recall": 0.5336, "f1": 0.5794, "auc": 0.63832}
{"epoch": 25, "time_epoch": 5.52379, "eta": 451.02141, "eta_hours": 0.12528, "loss": 0.67421501, "lr": 0.00085355, "params": 6183, "time_iter": 0.04419, "accuracy": 0.584, "precision": 0.60563, "recall": 0.50988, "f1": 0.55365, "auc": 0.61234}
{"epoch": 26, "time_epoch": 5.50019, "eta": 443.31865, "eta_hours": 0.12314, "loss": 0.6490856, "lr": 0.00084227, "params": 6183, "time_iter": 0.044, "accuracy": 0.63, "precision": 0.65455, "recall": 0.56917, "f1": 0.60888, "auc": 0.66454}
{"epoch": 27, "time_epoch": 5.51307, "eta": 435.80633, "eta_hours": 0.12106, "loss": 0.65193419, "lr": 0.00083066, "params": 6183, "time_iter": 0.0441, "accuracy": 0.622, "precision": 0.65094, "recall": 0.54545, "f1": 0.59355, "auc": 0.65192}
{"epoch": 28, "time_epoch": 5.51304, "eta": 428.43182, "eta_hours": 0.11901, "loss": 0.6858189, "lr": 0.00081871, "params": 6183, "time_iter": 0.0441, "accuracy": 0.586, "precision": 0.58984, "recall": 0.59684, "f1": 0.59332, "auc": 0.605}
{"epoch": 29, "time_epoch": 5.51126, "eta": 421.17725, "eta_hours": 0.11699, "loss": 0.66476817, "lr": 0.00080645, "params": 6183, "time_iter": 0.04409, "accuracy": 0.6, "precision": 0.60474, "recall": 0.60474, "f1": 0.60474, "auc": 0.6444}
{"epoch": 30, "time_epoch": 5.51669, "eta": 414.04725, "eta_hours": 0.11501, "loss": 0.6669523, "lr": 0.00079389, "params": 6183, "time_iter": 0.04413, "accuracy": 0.6, "precision": 0.62441, "recall": 0.52569, "f1": 0.57082, "auc": 0.62823}
{"epoch": 31, "time_epoch": 5.50492, "eta": 406.99306, "eta_hours": 0.11305, "loss": 0.65851645, "lr": 0.00078104, "params": 6183, "time_iter": 0.04404, "accuracy": 0.644, "precision": 0.66667, "recall": 0.59289, "f1": 0.62762, "auc": 0.64456}
{"epoch": 32, "time_epoch": 5.49388, "eta": 400.01035, "eta_hours": 0.11111, "loss": 0.65853916, "lr": 0.00076791, "params": 6183, "time_iter": 0.04395, "accuracy": 0.608, "precision": 0.62025, "recall": 0.58103, "f1": 0.6, "auc": 0.64249}
{"epoch": 33, "time_epoch": 5.50925, "eta": 393.14506, "eta_hours": 0.10921, "loss": 0.66444326, "lr": 0.00075452, "params": 6183, "time_iter": 0.04407, "accuracy": 0.606, "precision": 0.62069, "recall": 0.56917, "f1": 0.59381, "auc": 0.63435}
{"epoch": 34, "time_epoch": 5.466, "eta": 386.27693, "eta_hours": 0.1073, "loss": 0.66086034, "lr": 0.00074088, "params": 6183, "time_iter": 0.04373, "accuracy": 0.62, "precision": 0.64253, "recall": 0.56126, "f1": 0.59916, "auc": 0.64166}
{"epoch": 35, "time_epoch": 5.4763, "eta": 379.50502, "eta_hours": 0.10542, "loss": 0.6582885, "lr": 0.000727, "params": 6183, "time_iter": 0.04381, "accuracy": 0.62, "precision": 0.65072, "recall": 0.53755, "f1": 0.58874, "auc": 0.6479}
{"epoch": 36, "time_epoch": 5.46233, "eta": 372.77934, "eta_hours": 0.10355, "loss": 0.67384944, "lr": 0.00071289, "params": 6183, "time_iter": 0.0437, "accuracy": 0.59, "precision": 0.60169, "recall": 0.56126, "f1": 0.58078, "auc": 0.61775}
{"epoch": 37, "time_epoch": 5.48254, "eta": 366.15314, "eta_hours": 0.10171, "loss": 0.63370498, "lr": 0.00069857, "params": 6183, "time_iter": 0.04386, "accuracy": 0.654, "precision": 0.66667, "recall": 0.63241, "f1": 0.64909, "auc": 0.68924}
{"epoch": 38, "time_epoch": 5.49143, "eta": 359.5995, "eta_hours": 0.09989, "loss": 0.67892015, "lr": 0.00068406, "params": 6183, "time_iter": 0.04393, "accuracy": 0.594, "precision": 0.6087, "recall": 0.55336, "f1": 0.57971, "auc": 0.63027}
{"epoch": 39, "time_epoch": 5.49009, "eta": 353.09695, "eta_hours": 0.09808, "loss": 0.65476177, "lr": 0.00066937, "params": 6183, "time_iter": 0.04392, "accuracy": 0.596, "precision": 0.60241, "recall": 0.59289, "f1": 0.59761, "auc": 0.65349}
{"epoch": 40, "time_epoch": 5.45635, "eta": 346.59524, "eta_hours": 0.09628, "loss": 0.68003231, "lr": 0.00065451, "params": 6183, "time_iter": 0.04365, "accuracy": 0.598, "precision": 0.60078, "recall": 0.61265, "f1": 0.60665, "auc": 0.62143}
{"epoch": 41, "time_epoch": 5.50088, "eta": 340.2048, "eta_hours": 0.0945, "loss": 0.66790874, "lr": 0.0006395, "params": 6183, "time_iter": 0.04401, "accuracy": 0.59, "precision": 0.60084, "recall": 0.56522, "f1": 0.58248, "auc": 0.63392}
{"epoch": 42, "time_epoch": 5.51228, "eta": 333.87084, "eta_hours": 0.09274, "loss": 0.66012754, "lr": 0.00062434, "params": 6183, "time_iter": 0.0441, "accuracy": 0.6, "precision": 0.61991, "recall": 0.5415, "f1": 0.57806, "auc": 0.63433}
{"epoch": 43, "time_epoch": 5.51492, "eta": 327.5776, "eta_hours": 0.09099, "loss": 0.66414762, "lr": 0.00060907, "params": 6183, "time_iter": 0.04412, "accuracy": 0.628, "precision": 0.64502, "recall": 0.58893, "f1": 0.6157, "auc": 0.63339}
{"epoch": 44, "time_epoch": 5.48437, "eta": 321.2816, "eta_hours": 0.08924, "loss": 0.66568997, "lr": 0.00059369, "params": 6183, "time_iter": 0.04387, "accuracy": 0.6, "precision": 0.61373, "recall": 0.56522, "f1": 0.58848, "auc": 0.63668}
{"epoch": 45, "time_epoch": 5.47265, "eta": 315.00714, "eta_hours": 0.0875, "loss": 0.66237504, "lr": 0.00057822, "params": 6183, "time_iter": 0.04378, "accuracy": 0.62, "precision": 0.63291, "recall": 0.59289, "f1": 0.61224, "auc": 0.64006}
{"epoch": 46, "time_epoch": 5.38684, "eta": 308.67002, "eta_hours": 0.08574, "loss": 0.64334639, "lr": 0.00056267, "params": 6183, "time_iter": 0.04309, "accuracy": 0.614, "precision": 0.62195, "recall": 0.60474, "f1": 0.61323, "auc": 0.66782}
{"epoch": 47, "time_epoch": 5.48866, "eta": 302.48281, "eta_hours": 0.08402, "loss": 0.65639379, "lr": 0.00054705, "params": 6183, "time_iter": 0.04391, "accuracy": 0.634, "precision": 0.63889, "recall": 0.63636, "f1": 0.63762, "auc": 0.65145}
{"epoch": 48, "time_epoch": 5.46661, "eta": 296.30117, "eta_hours": 0.08231, "loss": 0.67849309, "lr": 0.0005314, "params": 6183, "time_iter": 0.04373, "accuracy": 0.62, "precision": 0.63519, "recall": 0.58498, "f1": 0.60905, "auc": 0.63889}
{"epoch": 49, "time_epoch": 5.48411, "eta": 290.16563, "eta_hours": 0.0806, "loss": 0.665545, "lr": 0.00051571, "params": 6183, "time_iter": 0.04387, "accuracy": 0.6, "precision": 0.60474, "recall": 0.60474, "f1": 0.60474, "auc": 0.64308}
{"epoch": 50, "time_epoch": 5.47638, "eta": 284.0482, "eta_hours": 0.0789, "loss": 0.6632208, "lr": 0.0005, "params": 6183, "time_iter": 0.04381, "accuracy": 0.61, "precision": 0.61789, "recall": 0.60079, "f1": 0.60922, "auc": 0.64734}
{"epoch": 51, "time_epoch": 5.50296, "eta": 277.97997, "eta_hours": 0.07722, "loss": 0.67445875, "lr": 0.00048429, "params": 6183, "time_iter": 0.04402, "accuracy": 0.598, "precision": 0.604, "recall": 0.59684, "f1": 0.6004, "auc": 0.63054}
{"epoch": 52, "time_epoch": 5.49552, "eta": 271.92647, "eta_hours": 0.07554, "loss": 0.66561591, "lr": 0.0004686, "params": 6183, "time_iter": 0.04396, "accuracy": 0.6, "precision": 0.60905, "recall": 0.58498, "f1": 0.59677, "auc": 0.63668}
{"epoch": 53, "time_epoch": 5.48226, "eta": 265.88235, "eta_hours": 0.07386, "loss": 0.67437846, "lr": 0.00045295, "params": 6183, "time_iter": 0.04386, "accuracy": 0.592, "precision": 0.6129, "recall": 0.52569, "f1": 0.56596, "auc": 0.62231}
{"epoch": 54, "time_epoch": 5.50158, "eta": 259.87446, "eta_hours": 0.07219, "loss": 0.65453423, "lr": 0.00043733, "params": 6183, "time_iter": 0.04401, "accuracy": 0.608, "precision": 0.6278, "recall": 0.55336, "f1": 0.58824, "auc": 0.64595}
{"epoch": 55, "time_epoch": 5.47941, "eta": 253.86723, "eta_hours": 0.07052, "loss": 0.67214617, "lr": 0.00042178, "params": 6183, "time_iter": 0.04384, "accuracy": 0.588, "precision": 0.59916, "recall": 0.56126, "f1": 0.57959, "auc": 0.62627}
{"epoch": 56, "time_epoch": 5.50953, "eta": 247.90124, "eta_hours": 0.06886, "loss": 0.66234041, "lr": 0.00040631, "params": 6183, "time_iter": 0.04408, "accuracy": 0.616, "precision": 0.62551, "recall": 0.60079, "f1": 0.6129, "auc": 0.64977}
{"epoch": 57, "time_epoch": 5.49113, "eta": 241.93767, "eta_hours": 0.0672, "loss": 0.66795, "lr": 0.00039093, "params": 6183, "time_iter": 0.04393, "accuracy": 0.59, "precision": 0.60714, "recall": 0.53755, "f1": 0.57023, "auc": 0.63134}
{"epoch": 58, "time_epoch": 5.48902, "eta": 235.98865, "eta_hours": 0.06555, "loss": 0.648358, "lr": 0.00037566, "params": 6183, "time_iter": 0.04391, "accuracy": 0.644, "precision": 0.66816, "recall": 0.58893, "f1": 0.62605, "auc": 0.65968}
{"epoch": 59, "time_epoch": 5.45884, "eta": 230.03484, "eta_hours": 0.0639, "loss": 0.65789579, "lr": 0.0003605, "params": 6183, "time_iter": 0.04367, "accuracy": 0.618, "precision": 0.63478, "recall": 0.57708, "f1": 0.60455, "auc": 0.64556}
{"epoch": 60, "time_epoch": 5.51555, "eta": 224.13352, "eta_hours": 0.06226, "loss": 0.67343681, "lr": 0.00034549, "params": 6183, "time_iter": 0.04412, "accuracy": 0.586, "precision": 0.59664, "recall": 0.56126, "f1": 0.57841, "auc": 0.62867}
{"epoch": 61, "time_epoch": 5.51592, "eta": 218.24487, "eta_hours": 0.06062, "loss": 0.68184494, "lr": 0.00033063, "params": 6183, "time_iter": 0.04413, "accuracy": 0.596, "precision": 0.60581, "recall": 0.57708, "f1": 0.59109, "auc": 0.62401}
{"epoch": 62, "time_epoch": 5.4937, "eta": 212.355, "eta_hours": 0.05899, "loss": 0.65600889, "lr": 0.00031594, "params": 6183, "time_iter": 0.04395, "accuracy": 0.632, "precision": 0.64315, "recall": 0.61265, "f1": 0.62753, "auc": 0.66115}
{"epoch": 63, "time_epoch": 5.50632, "eta": 206.48461, "eta_hours": 0.05736, "loss": 0.67290368, "lr": 0.00030143, "params": 6183, "time_iter": 0.04405, "accuracy": 0.616, "precision": 0.62249, "recall": 0.61265, "f1": 0.61753, "auc": 0.63528}
{"epoch": 64, "time_epoch": 5.49931, "eta": 200.62165, "eta_hours": 0.05573, "loss": 0.68614106, "lr": 0.00028711, "params": 6183, "time_iter": 0.04399, "accuracy": 0.602, "precision": 0.6063, "recall": 0.6087, "f1": 0.6075, "auc": 0.61406}
{"epoch": 65, "time_epoch": 5.50326, "eta": 194.77174, "eta_hours": 0.0541, "loss": 0.67547391, "lr": 0.000273, "params": 6183, "time_iter": 0.04403, "accuracy": 0.596, "precision": 0.60324, "recall": 0.58893, "f1": 0.596, "auc": 0.62153}
{"epoch": 66, "time_epoch": 5.49622, "eta": 188.92871, "eta_hours": 0.05248, "loss": 0.67097191, "lr": 0.00025912, "params": 6183, "time_iter": 0.04397, "accuracy": 0.604, "precision": 0.61224, "recall": 0.59289, "f1": 0.60241, "auc": 0.63657}
{"epoch": 67, "time_epoch": 5.49494, "eta": 183.09529, "eta_hours": 0.05086, "loss": 0.66864024, "lr": 0.00024548, "params": 6183, "time_iter": 0.04396, "accuracy": 0.584, "precision": 0.58621, "recall": 0.60474, "f1": 0.59533, "auc": 0.62351}
{"epoch": 68, "time_epoch": 5.48976, "eta": 177.26934, "eta_hours": 0.04924, "loss": 0.66289979, "lr": 0.00023209, "params": 6183, "time_iter": 0.04392, "accuracy": 0.622, "precision": 0.61765, "recall": 0.66403, "f1": 0.64, "auc": 0.65267}
{"epoch": 69, "time_epoch": 5.50415, "eta": 171.45917, "eta_hours": 0.04763, "loss": 0.67469254, "lr": 0.00021896, "params": 6183, "time_iter": 0.04403, "accuracy": 0.572, "precision": 0.57647, "recall": 0.58103, "f1": 0.57874, "auc": 0.61004}
{"epoch": 70, "time_epoch": 5.48499, "eta": 165.64979, "eta_hours": 0.04601, "loss": 0.67459286, "lr": 0.00020611, "params": 6183, "time_iter": 0.04388, "accuracy": 0.608, "precision": 0.6092, "recall": 0.62846, "f1": 0.61868, "auc": 0.62487}
{"epoch": 71, "time_epoch": 5.49306, "eta": 159.85256, "eta_hours": 0.0444, "loss": 0.65508685, "lr": 0.00019355, "params": 6183, "time_iter": 0.04394, "accuracy": 0.618, "precision": 0.61923, "recall": 0.63636, "f1": 0.62768, "auc": 0.65077}
{"epoch": 72, "time_epoch": 5.47653, "eta": 154.05755, "eta_hours": 0.04279, "loss": 0.65272365, "lr": 0.00018129, "params": 6183, "time_iter": 0.04381, "accuracy": 0.602, "precision": 0.60887, "recall": 0.59684, "f1": 0.60279, "auc": 0.64561}
{"epoch": 73, "time_epoch": 5.45862, "eta": 148.26486, "eta_hours": 0.04118, "loss": 0.65197311, "lr": 0.00016934, "params": 6183, "time_iter": 0.04367, "accuracy": 0.616, "precision": 0.61868, "recall": 0.62846, "f1": 0.62353, "auc": 0.65795}
{"epoch": 74, "time_epoch": 5.45925, "eta": 142.48128, "eta_hours": 0.03958, "loss": 0.66023064, "lr": 0.00015773, "params": 6183, "time_iter": 0.04367, "accuracy": 0.624, "precision": 0.63598, "recall": 0.60079, "f1": 0.61789, "auc": 0.64526}
{"epoch": 75, "time_epoch": 5.4839, "eta": 136.71403, "eta_hours": 0.03798, "loss": 0.68696282, "lr": 0.00014645, "params": 6183, "time_iter": 0.04387, "accuracy": 0.57, "precision": 0.57983, "recall": 0.54545, "f1": 0.56212, "auc": 0.6117}
{"epoch": 76, "time_epoch": 5.50635, "eta": 130.96084, "eta_hours": 0.03638, "loss": 0.67016324, "lr": 0.00013552, "params": 6183, "time_iter": 0.04405, "accuracy": 0.594, "precision": 0.60331, "recall": 0.57708, "f1": 0.5899, "auc": 0.63358}
{"epoch": 77, "time_epoch": 5.50002, "eta": 125.21219, "eta_hours": 0.03478, "loss": 0.66683557, "lr": 0.00012494, "params": 6183, "time_iter": 0.044, "accuracy": 0.598, "precision": 0.60156, "recall": 0.6087, "f1": 0.60511, "auc": 0.65158}
{"epoch": 78, "time_epoch": 5.48476, "eta": 119.46578, "eta_hours": 0.03318, "loss": 0.67855415, "lr": 0.00011474, "params": 6183, "time_iter": 0.04388, "accuracy": 0.582, "precision": 0.59322, "recall": 0.55336, "f1": 0.5726, "auc": 0.62094}
{"epoch": 79, "time_epoch": 5.51074, "eta": 113.73241, "eta_hours": 0.03159, "loss": 0.65545116, "lr": 0.00010492, "params": 6183, "time_iter": 0.04409, "accuracy": 0.596, "precision": 0.60241, "recall": 0.59289, "f1": 0.59761, "auc": 0.64124}
{"epoch": 80, "time_epoch": 5.9242, "eta": 108.10152, "eta_hours": 0.03003, "loss": 0.67688903, "lr": 9.549e-05, "params": 6183, "time_iter": 0.04739, "accuracy": 0.6, "precision": 0.60643, "recall": 0.59684, "f1": 0.60159, "auc": 0.63751}
{"epoch": 81, "time_epoch": 5.86801, "eta": 102.45114, "eta_hours": 0.02846, "loss": 0.64330819, "lr": 8.646e-05, "params": 6183, "time_iter": 0.04694, "accuracy": 0.626, "precision": 0.63525, "recall": 0.61265, "f1": 0.62374, "auc": 0.66248}
{"epoch": 82, "time_epoch": 5.53829, "eta": 96.72798, "eta_hours": 0.02687, "loss": 0.6399258, "lr": 7.784e-05, "params": 6183, "time_iter": 0.04431, "accuracy": 0.648, "precision": 0.66109, "recall": 0.62451, "f1": 0.64228, "auc": 0.6812}
{"epoch": 83, "time_epoch": 5.55005, "eta": 91.01146, "eta_hours": 0.02528, "loss": 0.66005258, "lr": 6.963e-05, "params": 6183, "time_iter": 0.0444, "accuracy": 0.622, "precision": 0.63223, "recall": 0.60474, "f1": 0.61818, "auc": 0.65478}
{"epoch": 84, "time_epoch": 5.56561, "eta": 85.30161, "eta_hours": 0.02369, "loss": 0.66608759, "lr": 6.185e-05, "params": 6183, "time_iter": 0.04452, "accuracy": 0.618, "precision": 0.6281, "recall": 0.60079, "f1": 0.61414, "auc": 0.64566}
{"epoch": 85, "time_epoch": 5.50938, "eta": 79.58596, "eta_hours": 0.02211, "loss": 0.66321556, "lr": 5.45e-05, "params": 6183, "time_iter": 0.04408, "accuracy": 0.618, "precision": 0.63025, "recall": 0.59289, "f1": 0.611, "auc": 0.65133}
{"epoch": 86, "time_epoch": 5.53124, "eta": 73.87832, "eta_hours": 0.02052, "loss": 0.65995679, "lr": 4.759e-05, "params": 6183, "time_iter": 0.04425, "accuracy": 0.612, "precision": 0.62343, "recall": 0.58893, "f1": 0.60569, "auc": 0.6431}
{"epoch": 87, "time_epoch": 5.4784, "eta": 68.16748, "eta_hours": 0.01894, "loss": 0.67599748, "lr": 4.112e-05, "params": 6183, "time_iter": 0.04383, "accuracy": 0.62, "precision": 0.63071, "recall": 0.60079, "f1": 0.61538, "auc": 0.65166}
{"epoch": 88, "time_epoch": 5.48631, "eta": 62.46284, "eta_hours": 0.01735, "loss": 0.68772948, "lr": 3.511e-05, "params": 6183, "time_iter": 0.04389, "accuracy": 0.58, "precision": 0.58996, "recall": 0.55731, "f1": 0.57317, "auc": 0.6163}
{"epoch": 89, "time_epoch": 5.50817, "eta": 56.76548, "eta_hours": 0.01577, "loss": 0.63323799, "lr": 2.956e-05, "params": 6183, "time_iter": 0.04407, "accuracy": 0.644, "precision": 0.6569, "recall": 0.62055, "f1": 0.63821, "auc": 0.69581}
{"epoch": 90, "time_epoch": 5.50856, "eta": 51.07232, "eta_hours": 0.01419, "loss": 0.66245693, "lr": 2.447e-05, "params": 6183, "time_iter": 0.04407, "accuracy": 0.616, "precision": 0.62449, "recall": 0.60474, "f1": 0.61446, "auc": 0.64565}
{"epoch": 91, "time_epoch": 5.51649, "eta": 45.38386, "eta_hours": 0.01261, "loss": 0.66879367, "lr": 1.985e-05, "params": 6183, "time_iter": 0.04413, "accuracy": 0.604, "precision": 0.61317, "recall": 0.58893, "f1": 0.60081, "auc": 0.64694}
{"epoch": 92, "time_epoch": 5.51091, "eta": 39.69868, "eta_hours": 0.01103, "loss": 0.64425286, "lr": 1.571e-05, "params": 6183, "time_iter": 0.04409, "accuracy": 0.62, "precision": 0.63636, "recall": 0.58103, "f1": 0.60744, "auc": 0.66357}
{"epoch": 93, "time_epoch": 5.51262, "eta": 34.01731, "eta_hours": 0.00945, "loss": 0.67306369, "lr": 1.204e-05, "params": 6183, "time_iter": 0.0441, "accuracy": 0.612, "precision": 0.62041, "recall": 0.60079, "f1": 0.61044, "auc": 0.63508}
{"epoch": 94, "time_epoch": 5.50051, "eta": 28.33886, "eta_hours": 0.00787, "loss": 0.65688569, "lr": 8.86e-06, "params": 6183, "time_iter": 0.044, "accuracy": 0.612, "precision": 0.62447, "recall": 0.58498, "f1": 0.60408, "auc": 0.63523}
{"epoch": 95, "time_epoch": 5.50114, "eta": 22.66415, "eta_hours": 0.0063, "loss": 0.66859932, "lr": 6.16e-06, "params": 6183, "time_iter": 0.04401, "accuracy": 0.634, "precision": 0.64228, "recall": 0.62451, "f1": 0.63327, "auc": 0.64209}
{"epoch": 96, "time_epoch": 5.50696, "eta": 16.99319, "eta_hours": 0.00472, "loss": 0.67409728, "lr": 3.94e-06, "params": 6183, "time_iter": 0.04406, "accuracy": 0.586, "precision": 0.59829, "recall": 0.55336, "f1": 0.57495, "auc": 0.63134}
{"epoch": 97, "time_epoch": 5.50596, "eta": 11.32556, "eta_hours": 0.00315, "loss": 0.65909475, "lr": 2.22e-06, "params": 6183, "time_iter": 0.04405, "accuracy": 0.608, "precision": 0.62338, "recall": 0.56917, "f1": 0.59504, "auc": 0.63843}
{"epoch": 98, "time_epoch": 5.50728, "eta": 5.66121, "eta_hours": 0.00157, "loss": 0.67479487, "lr": 9.9e-07, "params": 6183, "time_iter": 0.04406, "accuracy": 0.608, "precision": 0.61826, "recall": 0.58893, "f1": 0.60324, "auc": 0.63673}
{"epoch": 99, "time_epoch": 5.54281, "eta": 0.0, "eta_hours": 0.0, "loss": 0.68595169, "lr": 2.5e-07, "params": 6183, "time_iter": 0.04434, "accuracy": 0.596, "precision": 0.60079, "recall": 0.60079, "f1": 0.60079, "auc": 0.62961}
