{"epoch": 0, "time_epoch": 2.94456, "time_epoch_std": 0.02404, "eta": 291.51168, "eta_std": 2.38035, "eta_hours": 0.08097, "eta_hours_std": 0.00066, "loss": 0.70065, "loss_std": 0.00876, "lr": 0.001, "lr_std": 0.0, "params": 5401.0, "params_std": 0.0, "time_iter": 0.07749, "time_iter_std": 0.00063, "accuracy": 0.49333, "accuracy_std": 0.01633, "accuracy_max": 0.52, "precision": 0.25676, "precision_std": 0.2568, "recall": 0.48077, "recall_std": 0.48154, "f1": 0.33469, "f1_std": 0.33485, "auc": 0.42824, "auc_std": 0.07084}
