{"epoch": 0, "time_epoch": 2.94456, "time_epoch_std": 0.02404, "eta": 291.51168, "eta_std": 2.38035, "eta_hours": 0.08097, "eta_hours_std": 0.00066, "loss": 0.70065, "loss_std": 0.00876, "lr": 0.001, "lr_std": 0.0, "params": 5401.0, "params_std": 0.0, "time_iter": 0.07749, "time_iter_std": 0.00063, "accuracy": 0.49333, "accuracy_std": 0.01633, "accuracy_max": 0.52, "precision": 0.25676, "precision_std": 0.2568, "recall": 0.48077, "recall_std": 0.48154, "f1": 0.33469, "f1_std": 0.33485, "auc": 0.42824, "auc_std": 0.07084}
{"epoch": 1, "time_epoch": 3.10499, "time_epoch_std": 0.02146, "eta": 296.42821, "eta_std": 2.19023, "eta_hours": 0.08234, "eta_hours_std": 0.00061, "loss": 0.6971, "loss_std": 0.00513, "lr": 0.001, "lr_std": 0.0, "params": 5401.0, "params_std": 0.0, "time_iter": 0.08171, "time_iter_std": 0.00057, "accuracy": 0.5, "accuracy_std": 0.02, "accuracy_max": 0.52, "precision": 0.26, "precision_std": 0.26, "recall": 0.5, "recall_std": 0.5, "f1": 0.3421, "f1_std": 0.3421, "auc": 0.45813, "auc_std": 0.04579}
{"epoch": 2, "time_epoch": 2.14135, "time_epoch_std": 0.01827, "eta": 264.83927, "eta_std": 1.2037, "eta_hours": 0.07356, "eta_hours_std": 0.00034, "loss": 0.69487, "loss_std": 0.0029, "lr": 0.001, "lr_std": 0.0, "params": 5401.0, "params_std": 0.0, "time_iter": 0.05635, "time_iter_std": 0.00048, "accuracy": 0.50333, "accuracy_std": 0.01732, "accuracy_max": 0.52, "precision": 0.38681, "precision_std": 0.22339, "recall": 0.72436, "recall_std": 0.4203, "f1": 0.50414, "f1_std": 0.29144, "auc": 0.44752, "auc_std": 0.05111}
{"epoch": 3, "time_epoch": 2.25946, "time_epoch_std": 0.02345, "eta": 250.80871, "eta_std": 1.17891, "eta_hours": 0.06967, "eta_hours_std": 0.00033, "loss": 0.69457, "loss_std": 0.00141, "lr": 0.001, "lr_std": 0.0, "params": 5401.0, "params_std": 0.0, "time_iter": 0.05946, "time_iter_std": 0.00062, "accuracy": 0.46667, "accuracy_std": 0.07118, "accuracy_max": 0.52, "precision": 0.3419, "precision_std": 0.21245, "recall": 0.5609, "recall_std": 0.44747, "f1": 0.41196, "f1_std": 0.28962, "auc": 0.39906, "auc_std": 0.01332}
{"epoch": 4, "time_epoch": 2.26636, "time_epoch_std": 0.02413, "eta": 241.61762, "eta_std": 1.28405, "eta_hours": 0.06712, "eta_hours_std": 0.00036, "loss": 0.69354, "loss_std": 0.00048, "lr": 0.001, "lr_std": 0.0, "params": 5401.0, "params_std": 0.0, "time_iter": 0.05964, "time_iter_std": 0.00063, "accuracy": 0.50667, "accuracy_std": 0.02309, "accuracy_max": 0.52, "precision": 0.49714, "precision_std": 0.03959, "recall": 0.76923, "recall_std": 0.39971, "f1": 0.54577, "f1_std": 0.23979, "auc": 0.42116, "auc_std": 0.03291}
{"epoch": 5, "time_epoch": 2.26285, "time_epoch_std": 0.03099, "eta": 234.67995, "eta_std": 1.47631, "eta_hours": 0.06519, "eta_hours_std": 0.00041, "loss": 0.69297, "loss_std": 0.00025, "lr": 0.00099, "lr_std": 0.0, "params": 5401.0, "params_std": 0.0, "time_iter": 0.05955, "time_iter_std": 0.00081, "accuracy": 0.51, "accuracy_std": 0.01732, "accuracy_max": 0.52, "precision": 0.515, "precision_std": 0.00866, "recall": 0.97756, "recall_std": 0.03886, "f1": 0.67452, "f1_std": 0.01678, "auc": 0.41633, "auc_std": 0.03615}
{"epoch": 6, "time_epoch": 2.2633, "time_epoch_std": 0.03995, "eta": 229.08379, "eta_std": 1.7703, "eta_hours": 0.06364, "eta_hours_std": 0.00049, "loss": 0.69325, "loss_std": 0.0003, "lr": 0.00099, "lr_std": 0.0, "params": 5401.0, "params_std": 0.0, "time_iter": 0.05956, "time_iter_std": 0.00105, "accuracy": 0.52, "accuracy_std": 0.0, "accuracy_max": 0.52, "precision": 0.52, "precision_std": 0.0, "recall": 1.0, "recall_std": 0.0, "f1": 0.68421, "f1_std": 0.0, "auc": 0.40699, "auc_std": 0.01661}
{"epoch": 7, "time_epoch": 2.25557, "time_epoch_std": 0.02395, "eta": 224.23205, "eta_std": 1.789, "eta_hours": 0.06229, "eta_hours_std": 0.0005, "loss": 0.69281, "loss_std": 0.00013, "lr": 0.00099, "lr_std": 0.0, "params": 5401.0, "params_std": 0.0, "time_iter": 0.05936, "time_iter_std": 0.00063, "accuracy": 0.52, "accuracy_std": 0.0, "accuracy_max": 0.52, "precision": 0.52, "precision_std": 0.0, "recall": 1.0, "recall_std": 0.0, "f1": 0.68421, "f1_std": 0.0, "auc": 0.41075, "auc_std": 0.01675}
{"epoch": 8, "time_epoch": 2.25323, "time_epoch_std": 0.02472, "eta": 219.93354, "eta_std": 1.81096, "eta_hours": 0.0611, "eta_hours_std": 0.0005, "loss": 0.69289, "loss_std": 0.0004, "lr": 0.00098, "lr_std": 0.0, "params": 5401.0, "params_std": 0.0, "time_iter": 0.0593, "time_iter_std": 0.00065, "accuracy": 0.52, "accuracy_std": 0.0, "accuracy_max": 0.52, "precision": 0.52, "precision_std": 0.0, "recall": 1.0, "recall_std": 0.0, "f1": 0.68421, "f1_std": 0.0, "auc": 0.42949, "auc_std": 0.02446}
{"epoch": 9, "time_epoch": 2.25456, "time_epoch_std": 0.03823, "eta": 216.05599, "eta_std": 1.94848, "eta_hours": 0.06002, "eta_hours_std": 0.00054, "loss": 0.69305, "loss_std": 0.00025, "lr": 0.00098, "lr_std": 0.0, "params": 5401.0, "params_std": 0.0, "time_iter": 0.05933, "time_iter_std": 0.00101, "accuracy": 0.52, "accuracy_std": 0.0, "accuracy_max": 0.52, "precision": 0.52, "precision_std": 0.0, "recall": 1.0, "recall_std": 0.0, "f1": 0.68421, "f1_std": 0.0, "auc": 0.40699, "auc_std": 0.00693}
{"epoch": 10, "time_epoch": 2.25588, "time_epoch_std": 0.03226, "eta": 212.48425, "eta_std": 1.98957, "eta_hours": 0.05902, "eta_hours_std": 0.00055, "loss": 0.69285, "loss_std": 0.00013, "lr": 0.00098, "lr_std": 0.0, "params": 5401.0, "params_std": 0.0, "time_iter": 0.05937, "time_iter_std": 0.00085, "accuracy": 0.52, "accuracy_std": 0.0, "accuracy_max": 0.52, "precision": 0.52, "precision_std": 0.0, "recall": 1.0, "recall_std": 0.0, "f1": 0.68421, "f1_std": 0.0, "auc": 0.42368, "auc_std": 0.01439}
{"epoch": 11, "time_epoch": 2.25776, "time_epoch_std": 0.03233, "eta": 209.14563, "eta_std": 2.02745, "eta_hours": 0.0581, "eta_hours_std": 0.00056, "loss": 0.69298, "loss_std": 0.00018, "lr": 0.00097, "lr_std": 0.0, "params": 5401.0, "params_std": 0.0, "time_iter": 0.05942, "time_iter_std": 0.00085, "accuracy": 0.52, "accuracy_std": 0.0, "accuracy_max": 0.52, "precision": 0.52, "precision_std": 0.0, "recall": 1.0, "recall_std": 0.0, "f1": 0.68421, "f1_std": 0.0, "auc": 0.40641, "auc_std": 0.01046}
{"epoch": 12, "time_epoch": 2.25642, "time_epoch_std": 0.03385, "eta": 205.96436, "eta_std": 2.07508, "eta_hours": 0.05721, "eta_hours_std": 0.00058, "loss": 0.69371, "loss_std": 0.00112, "lr": 0.00096, "lr_std": 0.0, "params": 5401.0, "params_std": 0.0, "time_iter": 0.05938, "time_iter_std": 0.00089, "accuracy": 0.52, "accuracy_std": 0.0, "accuracy_max": 0.52, "precision": 0.52, "precision_std": 0.0, "recall": 1.0, "recall_std": 0.0, "f1": 0.68421, "f1_std": 0.0, "auc": 0.38698, "auc_std": 0.0448}
{"epoch": 13, "time_epoch": 2.25276, "time_epoch_std": 0.0273, "eta": 202.89271, "eta_std": 2.05845, "eta_hours": 0.05636, "eta_hours_std": 0.00057, "loss": 0.69319, "loss_std": 0.00047, "lr": 0.00096, "lr_std": 0.0, "params": 5401.0, "params_std": 0.0, "time_iter": 0.05928, "time_iter_std": 0.00072, "accuracy": 0.52, "accuracy_std": 0.0, "accuracy_max": 0.52, "precision": 0.52, "precision_std": 0.0, "recall": 1.0, "recall_std": 0.0, "f1": 0.68421, "f1_std": 0.0, "auc": 0.4263, "auc_std": 0.02176}
{"epoch": 14, "time_epoch": 2.24912, "time_epoch_std": 0.02428, "eta": 199.9096, "eta_std": 2.0329, "eta_hours": 0.05553, "eta_hours_std": 0.00056, "loss": 0.69265, "loss_std": 0.00015, "lr": 0.00095, "lr_std": 0.0, "params": 5401.0, "params_std": 0.0, "time_iter": 0.05919, "time_iter_std": 0.00064, "accuracy": 0.52, "accuracy_std": 0.0, "accuracy_max": 0.52, "precision": 0.52, "precision_std": 0.0, "recall": 1.0, "recall_std": 0.0, "f1": 0.68421, "f1_std": 0.0, "auc": 0.4399, "auc_std": 0.0448}
{"epoch": 15, "time_epoch": 2.23871, "time_epoch_std": 0.0548, "eta": 196.9636, "eta_std": 2.0941, "eta_hours": 0.05471, "eta_hours_std": 0.00058, "loss": 0.69279, "loss_std": 0.00023, "lr": 0.00095, "lr_std": 0.0, "params": 5401.0, "params_std": 0.0, "time_iter": 0.05891, "time_iter_std": 0.00144, "accuracy": 0.52, "accuracy_std": 0.0, "accuracy_max": 0.52, "precision": 0.52, "precision_std": 0.0, "recall": 1.0, "recall_std": 0.0, "f1": 0.68421, "f1_std": 0.0, "auc": 0.38938, "auc_std": 0.02889}
{"epoch": 16, "time_epoch": 2.62305, "time_epoch_std": 0.62977, "eta": 195.97728, "eta_std": 3.32555, "eta_hours": 0.05444, "eta_hours_std": 0.00092, "loss": 0.69288, "loss_std": 0.00023, "lr": 0.00094, "lr_std": 0.0, "params": 5401.0, "params_std": 0.0, "time_iter": 0.06903, "time_iter_std": 0.01657, "accuracy": 0.52, "accuracy_std": 0.0, "accuracy_max": 0.52, "precision": 0.52, "precision_std": 0.0, "recall": 1.0, "recall_std": 0.0, "f1": 0.68421, "f1_std": 0.0, "auc": 0.42043, "auc_std": 0.01354}
{"epoch": 17, "time_epoch": 2.11496, "time_epoch_std": 0.23859, "eta": 192.4945, "eta_std": 2.4884, "eta_hours": 0.05347, "eta_hours_std": 0.00069, "loss": 0.69289, "loss_std": 0.00024, "lr": 0.00093, "lr_std": 0.0, "params": 5401.0, "params_std": 0.0, "time_iter": 0.05566, "time_iter_std": 0.00628, "accuracy": 0.52, "accuracy_std": 0.0, "accuracy_max": 0.52, "precision": 0.52, "precision_std": 0.0, "recall": 1.0, "recall_std": 0.0, "f1": 0.68421, "f1_std": 0.0, "auc": 0.41295, "auc_std": 0.0149}
{"epoch": 18, "time_epoch": 2.15557, "time_epoch_std": 0.16212, "eta": 189.32879, "eta_std": 2.12899, "eta_hours": 0.05259, "eta_hours_std": 0.00059, "loss": 0.69326, "loss_std": 0.00077, "lr": 0.00092, "lr_std": 0.0, "params": 5401.0, "params_std": 0.0, "time_iter": 0.05672, "time_iter_std": 0.00426, "accuracy": 0.52, "accuracy_std": 0.0, "accuracy_max": 0.52, "precision": 0.52, "precision_std": 0.0, "recall": 1.0, "recall_std": 0.0, "f1": 0.68421, "f1_std": 0.0, "auc": 0.40354, "auc_std": 0.03527}
{"epoch": 19, "time_epoch": 2.12894, "time_epoch_std": 0.20843, "eta": 186.15759, "eta_std": 2.022, "eta_hours": 0.05171, "eta_hours_std": 0.00056, "loss": 0.6927, "loss_std": 0.00016, "lr": 0.00091, "lr_std": 0.0, "params": 5401.0, "params_std": 0.0, "time_iter": 0.05602, "time_iter_std": 0.00548, "accuracy": 0.52, "accuracy_std": 0.0, "accuracy_max": 0.52, "precision": 0.52, "precision_std": 0.0, "recall": 1.0, "recall_std": 0.0, "f1": 0.68421, "f1_std": 0.0, "auc": 0.42027, "auc_std": 0.02863}
{"epoch": 20, "time_epoch": 2.17129, "time_epoch_std": 0.14356, "eta": 183.24496, "eta_std": 2.13094, "eta_hours": 0.0509, "eta_hours_std": 0.00059, "loss": 0.69285, "loss_std": 0.00029, "lr": 0.0009, "lr_std": 0.0, "params": 5401.0, "params_std": 0.0, "time_iter": 0.05714, "time_iter_std": 0.00378, "accuracy": 0.52, "accuracy_std": 0.0, "accuracy_max": 0.52, "precision": 0.52, "precision_std": 0.0, "recall": 1.0, "recall_std": 0.0, "f1": 0.68421, "f1_std": 0.0, "auc": 0.41796, "auc_std": 0.01222}
{"epoch": 21, "time_epoch": 2.1597, "time_epoch_std": 0.17182, "eta": 180.35863, "eta_std": 2.38938, "eta_hours": 0.0501, "eta_hours_std": 0.00066, "loss": 0.69267, "loss_std": 9e-05, "lr": 0.0009, "lr_std": 0.0, "params": 5401.0, "params_std": 0.0, "time_iter": 0.05684, "time_iter_std": 0.00452, "accuracy": 0.52, "accuracy_std": 0.0, "accuracy_max": 0.52, "precision": 0.52, "precision_std": 0.0, "recall": 1.0, "recall_std": 0.0, "f1": 0.68421, "f1_std": 0.0, "auc": 0.40322, "auc_std": 0.03014}
{"epoch": 22, "time_epoch": 2.13611, "time_epoch_std": 0.17726, "eta": 177.45653, "eta_std": 2.67867, "eta_hours": 0.04929, "eta_hours_std": 0.00074, "loss": 0.69274, "loss_std": 0.00015, "lr": 0.00089, "lr_std": 0.0, "params": 5401.0, "params_std": 0.0, "time_iter": 0.05621, "time_iter_std": 0.00466, "accuracy": 0.52, "accuracy_std": 0.0, "accuracy_max": 0.52, "precision": 0.52, "precision_std": 0.0, "recall": 1.0, "recall_std": 0.0, "f1": 0.68421, "f1_std": 0.0, "auc": 0.40892, "auc_std": 0.02558}
{"epoch": 23, "time_epoch": 2.16834, "time_epoch_std": 0.15921, "eta": 174.7203, "eta_std": 2.95024, "eta_hours": 0.04853, "eta_hours_std": 0.00082, "loss": 0.69303, "loss_std": 0.00047, "lr": 0.00088, "lr_std": 0.0, "params": 5401.0, "params_std": 0.0, "time_iter": 0.05706, "time_iter_std": 0.00419, "accuracy": 0.52, "accuracy_std": 0.0, "accuracy_max": 0.52, "precision": 0.52, "precision_std": 0.0, "recall": 1.0, "recall_std": 0.0, "f1": 0.68421, "f1_std": 0.0, "auc": 0.39975, "auc_std": 0.0205}
{"epoch": 24, "time_epoch": 2.14623, "time_epoch_std": 0.18767, "eta": 171.96319, "eta_std": 3.2783, "eta_hours": 0.04776, "eta_hours_std": 0.00091, "loss": 0.69273, "loss_std": 0.00018, "lr": 0.00086, "lr_std": 0.0, "params": 5401.0, "params_std": 0.0, "time_iter": 0.05648, "time_iter_std": 0.00494, "accuracy": 0.52, "accuracy_std": 0.0, "accuracy_max": 0.52, "precision": 0.52, "precision_std": 0.0, "recall": 1.0, "recall_std": 0.0, "f1": 0.68421, "f1_std": 0.0, "auc": 0.42105, "auc_std": 0.01466}
{"epoch": 25, "time_epoch": 2.15295, "time_epoch_std": 0.18542, "eta": 169.27218, "eta_std": 3.59415, "eta_hours": 0.04702, "eta_hours_std": 0.001, "loss": 0.69285, "loss_std": 0.0002, "lr": 0.00085, "lr_std": 0.0, "params": 5401.0, "params_std": 0.0, "time_iter": 0.05666, "time_iter_std": 0.00488, "accuracy": 0.52, "accuracy_std": 0.0, "accuracy_max": 0.52, "precision": 0.52, "precision_std": 0.0, "recall": 1.0, "recall_std": 0.0, "f1": 0.68421, "f1_std": 0.0, "auc": 0.41092, "auc_std": 0.02769}
{"epoch": 26, "time_epoch": 2.15469, "time_epoch_std": 0.16674, "eta": 166.62573, "eta_std": 3.83302, "eta_hours": 0.04628, "eta_hours_std": 0.00106, "loss": 0.69292, "loss_std": 0.00023, "lr": 0.00084, "lr_std": 0.0, "params": 5401.0, "params_std": 0.0, "time_iter": 0.0567, "time_iter_std": 0.00439, "accuracy": 0.52, "accuracy_std": 0.0, "accuracy_max": 0.52, "precision": 0.52, "precision_std": 0.0, "recall": 1.0, "recall_std": 0.0, "f1": 0.68421, "f1_std": 0.0, "auc": 0.41491, "auc_std": 0.01276}
{"epoch": 27, "time_epoch": 2.13984, "time_epoch_std": 0.19393, "eta": 163.97622, "eta_std": 4.11079, "eta_hours": 0.04555, "eta_hours_std": 0.00114, "loss": 0.69251, "loss_std": 6e-05, "lr": 0.00083, "lr_std": 0.0, "params": 5401.0, "params_std": 0.0, "time_iter": 0.05631, "time_iter_std": 0.0051, "accuracy": 0.52, "accuracy_std": 0.0, "accuracy_max": 0.52, "precision": 0.52, "precision_std": 0.0, "recall": 1.0, "recall_std": 0.0, "f1": 0.68421, "f1_std": 0.0, "auc": 0.4271, "auc_std": 0.03034}
{"epoch": 28, "time_epoch": 2.2117, "time_epoch_std": 0.23533, "eta": 161.5378, "eta_std": 4.44591, "eta_hours": 0.04487, "eta_hours_std": 0.00123, "loss": 0.69276, "loss_std": 8e-05, "lr": 0.00082, "lr_std": 0.0, "params": 5401.0, "params_std": 0.0, "time_iter": 0.0582, "time_iter_std": 0.00619, "accuracy": 0.52, "accuracy_std": 0.0, "accuracy_max": 0.52, "precision": 0.52, "precision_std": 0.0, "recall": 1.0, "recall_std": 0.0, "f1": 0.68421, "f1_std": 0.0, "auc": 0.40229, "auc_std": 0.03433}
{"epoch": 29, "time_epoch": 2.39631, "time_epoch_std": 0.48702, "eta": 159.54524, "eta_std": 5.10262, "eta_hours": 0.04432, "eta_hours_std": 0.00142, "loss": 0.69269, "loss_std": 0.00016, "lr": 0.00081, "lr_std": 0.0, "params": 5401.0, "params_std": 0.0, "time_iter": 0.06306, "time_iter_std": 0.01281, "accuracy": 0.52, "accuracy_std": 0.0, "accuracy_max": 0.52, "precision": 0.52, "precision_std": 0.0, "recall": 1.0, "recall_std": 0.0, "f1": 0.68421, "f1_std": 0.0, "auc": 0.40062, "auc_std": 0.01907}
{"epoch": 30, "time_epoch": 2.6131, "time_epoch_std": 0.84722, "eta": 158.00918, "eta_std": 6.38333, "eta_hours": 0.04389, "eta_hours_std": 0.00177, "loss": 0.69324, "loss_std": 0.00076, "lr": 0.00079, "lr_std": 0.0, "params": 5401.0, "params_std": 0.0, "time_iter": 0.06876, "time_iter_std": 0.0223, "accuracy": 0.52, "accuracy_std": 0.0, "accuracy_max": 0.52, "precision": 0.52, "precision_std": 0.0, "recall": 1.0, "recall_std": 0.0, "f1": 0.68421, "f1_std": 0.0, "auc": 0.38751, "auc_std": 0.02821}
{"epoch": 31, "time_epoch": 2.07292, "time_epoch_std": 0.19212, "eta": 155.25791, "eta_std": 6.24457, "eta_hours": 0.04313, "eta_hours_std": 0.00174, "loss": 0.69274, "loss_std": 0.00018, "lr": 0.00078, "lr_std": 0.0, "params": 5401.0, "params_std": 0.0, "time_iter": 0.05455, "time_iter_std": 0.00505, "accuracy": 0.52, "accuracy_std": 0.0, "accuracy_max": 0.52, "precision": 0.52, "precision_std": 0.0, "recall": 1.0, "recall_std": 0.0, "f1": 0.68421, "f1_std": 0.0, "auc": 0.414, "auc_std": 0.02822}
{"epoch": 32, "time_epoch": 2.13292, "time_epoch_std": 0.17864, "eta": 152.66959, "eta_std": 6.27448, "eta_hours": 0.04241, "eta_hours_std": 0.00175, "loss": 0.69283, "loss_std": 0.00021, "lr": 0.00077, "lr_std": 0.0, "params": 5401.0, "params_std": 0.0, "time_iter": 0.05613, "time_iter_std": 0.0047, "accuracy": 0.52, "accuracy_std": 0.0, "accuracy_max": 0.52, "precision": 0.52, "precision_std": 0.0, "recall": 1.0, "recall_std": 0.0, "f1": 0.68421, "f1_std": 0.0, "auc": 0.40752, "auc_std": 0.02268}
{"epoch": 33, "time_epoch": 2.14727, "time_epoch_std": 0.16624, "eta": 150.13592, "eta_std": 6.28916, "eta_hours": 0.0417, "eta_hours_std": 0.00175, "loss": 0.69311, "loss_std": 0.00026, "lr": 0.00075, "lr_std": 0.0, "params": 5401.0, "params_std": 0.0, "time_iter": 0.05651, "time_iter_std": 0.00437, "accuracy": 0.52, "accuracy_std": 0.0, "accuracy_max": 0.52, "precision": 0.52, "precision_std": 0.0, "recall": 1.0, "recall_std": 0.0, "f1": 0.68421, "f1_std": 0.0, "auc": 0.40333, "auc_std": 0.00934}
{"epoch": 34, "time_epoch": 2.1386, "time_epoch_std": 0.18393, "eta": 147.60822, "eta_std": 6.33022, "eta_hours": 0.041, "eta_hours_std": 0.00176, "loss": 0.69278, "loss_std": 0.00017, "lr": 0.00074, "lr_std": 0.0, "params": 5401.0, "params_std": 0.0, "time_iter": 0.05628, "time_iter_std": 0.00484, "accuracy": 0.52, "accuracy_std": 0.0, "accuracy_max": 0.52, "precision": 0.52, "precision_std": 0.0, "recall": 1.0, "recall_std": 0.0, "f1": 0.68421, "f1_std": 0.0, "auc": 0.40917, "auc_std": 0.00761}
{"epoch": 35, "time_epoch": 2.15477, "time_epoch_std": 0.1729, "eta": 145.13086, "eta_std": 6.3421, "eta_hours": 0.04032, "eta_hours_std": 0.00176, "loss": 0.69258, "loss_std": 0.00011, "lr": 0.00073, "lr_std": 0.0, "params": 5401.0, "params_std": 0.0, "time_iter": 0.0567, "time_iter_std": 0.00455, "accuracy": 0.52, "accuracy_std": 0.0, "accuracy_max": 0.52, "precision": 0.52, "precision_std": 0.0, "recall": 1.0, "recall_std": 0.0, "f1": 0.68421, "f1_std": 0.0, "auc": 0.42045, "auc_std": 0.00702}
{"epoch": 36, "time_epoch": 2.14371, "time_epoch_std": 0.17553, "eta": 142.65213, "eta_std": 6.35239, "eta_hours": 0.03962, "eta_hours_std": 0.00176, "loss": 0.69281, "loss_std": 0.00038, "lr": 0.00071, "lr_std": 0.0, "params": 5401.0, "params_std": 0.0, "time_iter": 0.05641, "time_iter_std": 0.00462, "accuracy": 0.52, "accuracy_std": 0.0, "accuracy_max": 0.52, "precision": 0.52, "precision_std": 0.0, "recall": 1.0, "recall_std": 0.0, "f1": 0.68421, "f1_std": 0.0, "auc": 0.41749, "auc_std": 0.04397}
{"epoch": 37, "time_epoch": 2.15057, "time_epoch_std": 0.16813, "eta": 140.2022, "eta_std": 6.34428, "eta_hours": 0.03894, "eta_hours_std": 0.00176, "loss": 0.69275, "loss_std": 0.00022, "lr": 0.0007, "lr_std": 0.0, "params": 5401.0, "params_std": 0.0, "time_iter": 0.05659, "time_iter_std": 0.00443, "accuracy": 0.52, "accuracy_std": 0.0, "accuracy_max": 0.52, "precision": 0.52, "precision_std": 0.0, "recall": 1.0, "recall_std": 0.0, "f1": 0.68421, "f1_std": 0.0, "auc": 0.39979, "auc_std": 0.028}
{"epoch": 38, "time_epoch": 2.14229, "time_epoch_std": 0.183, "eta": 137.75469, "eta_std": 6.35016, "eta_hours": 0.03826, "eta_hours_std": 0.00177, "loss": 0.69259, "loss_std": 0.00013, "lr": 0.00068, "lr_std": 0.0, "params": 5401.0, "params_std": 0.0, "time_iter": 0.05638, "time_iter_std": 0.00482, "accuracy": 0.52, "accuracy_std": 0.0, "accuracy_max": 0.52, "precision": 0.52, "precision_std": 0.0, "recall": 1.0, "recall_std": 0.0, "f1": 0.68421, "f1_std": 0.0, "auc": 0.42423, "auc_std": 0.01357}
{"epoch": 39, "time_epoch": 2.14656, "time_epoch_std": 0.19719, "eta": 135.32886, "eta_std": 6.37117, "eta_hours": 0.03759, "eta_hours_std": 0.00177, "loss": 0.69266, "loss_std": 0.00015, "lr": 0.00067, "lr_std": 0.0, "params": 5401.0, "params_std": 0.0, "time_iter": 0.05649, "time_iter_std": 0.00519, "accuracy": 0.52, "accuracy_std": 0.0, "accuracy_max": 0.52, "precision": 0.52, "precision_std": 0.0, "recall": 1.0, "recall_std": 0.0, "f1": 0.68421, "f1_std": 0.0, "auc": 0.41462, "auc_std": 0.02091}
{"epoch": 40, "time_epoch": 2.13836, "time_epoch_std": 0.19073, "eta": 132.90484, "eta_std": 6.37393, "eta_hours": 0.03692, "eta_hours_std": 0.00177, "loss": 0.69271, "loss_std": 0.00031, "lr": 0.00065, "lr_std": 0.0, "params": 5401.0, "params_std": 0.0, "time_iter": 0.05627, "time_iter_std": 0.00502, "accuracy": 0.52, "accuracy_std": 0.0, "accuracy_max": 0.52, "precision": 0.52, "precision_std": 0.0, "recall": 1.0, "recall_std": 0.0, "f1": 0.68421, "f1_std": 0.0, "auc": 0.40959, "auc_std": 0.00613}
{"epoch": 41, "time_epoch": 2.14326, "time_epoch_std": 0.17159, "eta": 130.50118, "eta_std": 6.34624, "eta_hours": 0.03625, "eta_hours_std": 0.00176, "loss": 0.69265, "loss_std": 0.00011, "lr": 0.00064, "lr_std": 0.0, "params": 5401.0, "params_std": 0.0, "time_iter": 0.0564, "time_iter_std": 0.00452, "accuracy": 0.52, "accuracy_std": 0.0, "accuracy_max": 0.52, "precision": 0.52, "precision_std": 0.0, "recall": 1.0, "recall_std": 0.0, "f1": 0.68421, "f1_std": 0.0, "auc": 0.42679, "auc_std": 0.01175}
{"epoch": 42, "time_epoch": 2.12826, "time_epoch_std": 0.21354, "eta": 128.08975, "eta_std": 6.3621, "eta_hours": 0.03558, "eta_hours_std": 0.00176, "loss": 0.69284, "loss_std": 0.00035, "lr": 0.00062, "lr_std": 0.0, "params": 5401.0, "params_std": 0.0, "time_iter": 0.05601, "time_iter_std": 0.00562, "accuracy": 0.52, "accuracy_std": 0.0, "accuracy_max": 0.52, "precision": 0.52, "precision_std": 0.0, "recall": 1.0, "recall_std": 0.0, "f1": 0.68421, "f1_std": 0.0, "auc": 0.39463, "auc_std": 0.00652}
{"epoch": 43, "time_epoch": 2.15988, "time_epoch_std": 0.16049, "eta": 125.73144, "eta_std": 6.30243, "eta_hours": 0.03492, "eta_hours_std": 0.00175, "loss": 0.69255, "loss_std": 0.0001, "lr": 0.00061, "lr_std": 0.0, "params": 5401.0, "params_std": 0.0, "time_iter": 0.05684, "time_iter_std": 0.00422, "accuracy": 0.52, "accuracy_std": 0.0, "accuracy_max": 0.52, "precision": 0.52, "precision_std": 0.0, "recall": 1.0, "recall_std": 0.0, "f1": 0.68421, "f1_std": 0.0, "auc": 0.42644, "auc_std": 0.028}
{"epoch": 44, "time_epoch": 2.14101, "time_epoch_std": 0.18573, "eta": 123.35888, "eta_std": 6.27123, "eta_hours": 0.03427, "eta_hours_std": 0.00174, "loss": 0.6926, "loss_std": 0.00014, "lr": 0.00059, "lr_std": 0.0, "params": 5401.0, "params_std": 0.0, "time_iter": 0.05634, "time_iter_std": 0.00489, "accuracy": 0.52, "accuracy_std": 0.0, "accuracy_max": 0.52, "precision": 0.52, "precision_std": 0.0, "recall": 1.0, "recall_std": 0.0, "f1": 0.68421, "f1_std": 0.0, "auc": 0.39383, "auc_std": 0.03449}
{"epoch": 45, "time_epoch": 2.1384, "time_epoch_std": 0.17988, "eta": 120.99334, "eta_std": 6.22756, "eta_hours": 0.03361, "eta_hours_std": 0.00173, "loss": 0.69262, "loss_std": 0.0001, "lr": 0.00058, "lr_std": 0.0, "params": 5401.0, "params_std": 0.0, "time_iter": 0.05627, "time_iter_std": 0.00474, "accuracy": 0.52, "accuracy_std": 0.0, "accuracy_max": 0.52, "precision": 0.52, "precision_std": 0.0, "recall": 1.0, "recall_std": 0.0, "f1": 0.68421, "f1_std": 0.0, "auc": 0.41631, "auc_std": 0.01018}
{"epoch": 46, "time_epoch": 2.14756, "time_epoch_std": 0.18823, "eta": 118.64778, "eta_std": 6.18859, "eta_hours": 0.03296, "eta_hours_std": 0.00172, "loss": 0.69253, "loss_std": 8e-05, "lr": 0.00056, "lr_std": 0.0, "params": 5401.0, "params_std": 0.0, "time_iter": 0.05652, "time_iter_std": 0.00495, "accuracy": 0.52, "accuracy_std": 0.0, "accuracy_max": 0.52, "precision": 0.52, "precision_std": 0.0, "recall": 1.0, "recall_std": 0.0, "f1": 0.68421, "f1_std": 0.0, "auc": 0.42397, "auc_std": 0.0259}
{"epoch": 47, "time_epoch": 2.13827, "time_epoch_std": 0.1992, "eta": 116.3004, "eta_std": 6.15495, "eta_hours": 0.03231, "eta_hours_std": 0.00171, "loss": 0.69281, "loss_std": 0.00022, "lr": 0.00055, "lr_std": 0.0, "params": 5401.0, "params_std": 0.0, "time_iter": 0.05627, "time_iter_std": 0.00524, "accuracy": 0.52, "accuracy_std": 0.0, "accuracy_max": 0.52, "precision": 0.52, "precision_std": 0.0, "recall": 1.0, "recall_std": 0.0, "f1": 0.68421, "f1_std": 0.0, "auc": 0.39991, "auc_std": 0.03138}
{"epoch": 48, "time_epoch": 2.13096, "time_epoch_std": 0.19172, "eta": 113.95396, "eta_std": 6.10822, "eta_hours": 0.03165, "eta_hours_std": 0.0017, "loss": 0.69261, "loss_std": 0.00014, "lr": 0.00053, "lr_std": 0.0, "params": 5401.0, "params_std": 0.0, "time_iter": 0.05608, "time_iter_std": 0.00504, "accuracy": 0.52, "accuracy_std": 0.0, "accuracy_max": 0.52, "precision": 0.52, "precision_std": 0.0, "recall": 1.0, "recall_std": 0.0, "f1": 0.68421, "f1_std": 0.0, "auc": 0.41965, "auc_std": 0.01839}
{"epoch": 49, "time_epoch": 2.14417, "time_epoch_std": 0.19663, "eta": 111.62934, "eta_std": 6.06108, "eta_hours": 0.03101, "eta_hours_std": 0.00168, "loss": 0.69263, "loss_std": 5e-05, "lr": 0.00052, "lr_std": 0.0, "params": 5401.0, "params_std": 0.0, "time_iter": 0.05643, "time_iter_std": 0.00518, "accuracy": 0.52, "accuracy_std": 0.0, "accuracy_max": 0.52, "precision": 0.52, "precision_std": 0.0, "recall": 1.0, "recall_std": 0.0, "f1": 0.68421, "f1_std": 0.0, "auc": 0.38871, "auc_std": 0.03169}
{"epoch": 50, "time_epoch": 2.13618, "time_epoch_std": 0.20455, "eta": 109.30413, "eta_std": 6.01458, "eta_hours": 0.03036, "eta_hours_std": 0.00167, "loss": 0.69257, "loss_std": 0.0001, "lr": 0.0005, "lr_std": 0.0, "params": 5401.0, "params_std": 0.0, "time_iter": 0.05622, "time_iter_std": 0.00539, "accuracy": 0.52, "accuracy_std": 0.0, "accuracy_max": 0.52, "precision": 0.52, "precision_std": 0.0, "recall": 1.0, "recall_std": 0.0, "f1": 0.68421, "f1_std": 0.0, "auc": 0.4107, "auc_std": 0.01009}
{"epoch": 51, "time_epoch": 2.11684, "time_epoch_std": 0.20987, "eta": 106.96834, "eta_std": 5.967, "eta_hours": 0.02971, "eta_hours_std": 0.00166, "loss": 0.69255, "loss_std": 9e-05, "lr": 0.00048, "lr_std": 0.0, "params": 5401.0, "params_std": 0.0, "time_iter": 0.0557, "time_iter_std": 0.00552, "accuracy": 0.52, "accuracy_std": 0.0, "accuracy_max": 0.52, "precision": 0.52, "precision_std": 0.0, "recall": 1.0, "recall_std": 0.0, "f1": 0.68421, "f1_std": 0.0, "auc": 0.42196, "auc_std": 0.00445}
{"epoch": 52, "time_epoch": 2.12225, "time_epoch_std": 0.21681, "eta": 104.6456, "eta_std": 5.92022, "eta_hours": 0.02907, "eta_hours_std": 0.00164, "loss": 0.69258, "loss_std": 8e-05, "lr": 0.00047, "lr_std": 0.0, "params": 5401.0, "params_std": 0.0, "time_iter": 0.05585, "time_iter_std": 0.0057, "accuracy": 0.52, "accuracy_std": 0.0, "accuracy_max": 0.52, "precision": 0.52, "precision_std": 0.0, "recall": 1.0, "recall_std": 0.0, "f1": 0.68421, "f1_std": 0.0, "auc": 0.4028, "auc_std": 0.00849}
{"epoch": 53, "time_epoch": 2.13412, "time_epoch_std": 0.19972, "eta": 102.3404, "eta_std": 5.85303, "eta_hours": 0.02843, "eta_hours_std": 0.00162, "loss": 0.69271, "loss_std": 0.00013, "lr": 0.00045, "lr_std": 0.0, "params": 5401.0, "params_std": 0.0, "time_iter": 0.05616, "time_iter_std": 0.00525, "accuracy": 0.52, "accuracy_std": 0.0, "accuracy_max": 0.52, "precision": 0.52, "precision_std": 0.0, "recall": 1.0, "recall_std": 0.0, "f1": 0.68421, "f1_std": 0.0, "auc": 0.41934, "auc_std": 0.01456}
{"epoch": 54, "time_epoch": 2.1339, "time_epoch_std": 0.18248, "eta": 100.04123, "eta_std": 5.7672, "eta_hours": 0.02779, "eta_hours_std": 0.0016, "loss": 0.69252, "loss_std": 0.0001, "lr": 0.00044, "lr_std": 0.0, "params": 5401.0, "params_std": 0.0, "time_iter": 0.05615, "time_iter_std": 0.0048, "accuracy": 0.52, "accuracy_std": 0.0, "accuracy_max": 0.52, "precision": 0.52, "precision_std": 0.0, "recall": 1.0, "recall_std": 0.0, "f1": 0.68421, "f1_std": 0.0, "auc": 0.40808, "auc_std": 0.0501}
{"epoch": 55, "time_epoch": 2.15613, "time_epoch_std": 0.17482, "eta": 97.76545, "eta_std": 5.67386, "eta_hours": 0.02716, "eta_hours_std": 0.00158, "loss": 0.69259, "loss_std": 0.0001, "lr": 0.00042, "lr_std": 0.0, "params": 5401.0, "params_std": 0.0, "time_iter": 0.05674, "time_iter_std": 0.0046, "accuracy": 0.52, "accuracy_std": 0.0, "accuracy_max": 0.52, "precision": 0.52, "precision_std": 0.0, "recall": 1.0, "recall_std": 0.0, "f1": 0.68421, "f1_std": 0.0, "auc": 0.41019, "auc_std": 0.00321}
{"epoch": 56, "time_epoch": 2.15201, "time_epoch_std": 0.1731, "eta": 95.49075, "eta_std": 5.576, "eta_hours": 0.02653, "eta_hours_std": 0.00155, "loss": 0.69247, "loss_std": 4e-05, "lr": 0.00041, "lr_std": 0.0, "params": 5401.0, "params_std": 0.0, "time_iter": 0.05663, "time_iter_std": 0.00455, "accuracy": 0.52, "accuracy_std": 0.0, "accuracy_max": 0.52, "precision": 0.52, "precision_std": 0.0, "recall": 1.0, "recall_std": 0.0, "f1": 0.68421, "f1_std": 0.0, "auc": 0.43329, "auc_std": 0.0124}
{"epoch": 57, "time_epoch": 2.14394, "time_epoch_std": 0.17943, "eta": 93.21444, "eta_std": 5.4801, "eta_hours": 0.02589, "eta_hours_std": 0.00152, "loss": 0.6928, "loss_std": 0.0003, "lr": 0.00039, "lr_std": 0.0, "params": 5401.0, "params_std": 0.0, "time_iter": 0.05642, "time_iter_std": 0.00472, "accuracy": 0.52, "accuracy_std": 0.0, "accuracy_max": 0.52, "precision": 0.52, "precision_std": 0.0, "recall": 1.0, "recall_std": 0.0, "f1": 0.68421, "f1_std": 0.0, "auc": 0.38511, "auc_std": 0.01786}
{"epoch": 58, "time_epoch": 2.13418, "time_epoch_std": 0.1963, "eta": 90.93584, "eta_std": 5.39361, "eta_hours": 0.02526, "eta_hours_std": 0.0015, "loss": 0.69251, "loss_std": 5e-05, "lr": 0.00038, "lr_std": 0.0, "params": 5401.0, "params_std": 0.0, "time_iter": 0.05616, "time_iter_std": 0.00517, "accuracy": 0.52, "accuracy_std": 0.0, "accuracy_max": 0.52, "precision": 0.52, "precision_std": 0.0, "recall": 1.0, "recall_std": 0.0, "f1": 0.68421, "f1_std": 0.0, "auc": 0.4205, "auc_std": 0.00858}
{"epoch": 59, "time_epoch": 2.14725, "time_epoch_std": 0.17069, "eta": 88.67076, "eta_std": 5.28662, "eta_hours": 0.02463, "eta_hours_std": 0.00147, "loss": 0.69246, "loss_std": 3e-05, "lr": 0.00036, "lr_std": 0.0, "params": 5401.0, "params_std": 0.0, "time_iter": 0.05651, "time_iter_std": 0.00449, "accuracy": 0.52, "accuracy_std": 0.0, "accuracy_max": 0.52, "precision": 0.52, "precision_std": 0.0, "recall": 1.0, "recall_std": 0.0, "f1": 0.68421, "f1_std": 0.0, "auc": 0.42755, "auc_std": 0.02507}
{"epoch": 60, "time_epoch": 2.14657, "time_epoch_std": 0.1857, "eta": 86.40911, "eta_std": 5.18704, "eta_hours": 0.024, "eta_hours_std": 0.00144, "loss": 0.69255, "loss_std": 0.00012, "lr": 0.00035, "lr_std": 0.0, "params": 5401.0, "params_std": 0.0, "time_iter": 0.05649, "time_iter_std": 0.00489, "accuracy": 0.52, "accuracy_std": 0.0, "accuracy_max": 0.52, "precision": 0.52, "precision_std": 0.0, "recall": 1.0, "recall_std": 0.0, "f1": 0.68421, "f1_std": 0.0, "auc": 0.42167, "auc_std": 0.02832}
{"epoch": 61, "time_epoch": 2.15032, "time_epoch_std": 0.17119, "eta": 84.15347, "eta_std": 5.07586, "eta_hours": 0.02338, "eta_hours_std": 0.00141, "loss": 0.69272, "loss_std": 0.00013, "lr": 0.00033, "lr_std": 0.0, "params": 5401.0, "params_std": 0.0, "time_iter": 0.05659, "time_iter_std": 0.00451, "accuracy": 0.52, "accuracy_std": 0.0, "accuracy_max": 0.52, "precision": 0.52, "precision_std": 0.0, "recall": 1.0, "recall_std": 0.0, "f1": 0.68421, "f1_std": 0.0, "auc": 0.39528, "auc_std": 0.01151}
{"epoch": 62, "time_epoch": 2.13532, "time_epoch_std": 0.20194, "eta": 81.89236, "eta_std": 4.98077, "eta_hours": 0.02275, "eta_hours_std": 0.00139, "loss": 0.69261, "loss_std": 0.0001, "lr": 0.00032, "lr_std": 0.0, "params": 5401.0, "params_std": 0.0, "time_iter": 0.05619, "time_iter_std": 0.00531, "accuracy": 0.52, "accuracy_std": 0.0, "accuracy_max": 0.52, "precision": 0.52, "precision_std": 0.0, "recall": 1.0, "recall_std": 0.0, "f1": 0.68421, "f1_std": 0.0, "auc": 0.39172, "auc_std": 0.0203}
{"epoch": 63, "time_epoch": 2.13939, "time_epoch_std": 0.19099, "eta": 79.63747, "eta_std": 4.87622, "eta_hours": 0.02212, "eta_hours_std": 0.00135, "loss": 0.69256, "loss_std": 0.00011, "lr": 0.0003, "lr_std": 0.0, "params": 5401.0, "params_std": 0.0, "time_iter": 0.0563, "time_iter_std": 0.00502, "accuracy": 0.52, "accuracy_std": 0.0, "accuracy_max": 0.52, "precision": 0.52, "precision_std": 0.0, "recall": 1.0, "recall_std": 0.0, "f1": 0.68421, "f1_std": 0.0, "auc": 0.39428, "auc_std": 0.01319}
{"epoch": 64, "time_epoch": 2.1622, "time_epoch_std": 0.16289, "eta": 77.39843, "eta_std": 4.75393, "eta_hours": 0.0215, "eta_hours_std": 0.00132, "loss": 0.69255, "loss_std": 0.00011, "lr": 0.00029, "lr_std": 0.0, "params": 5401.0, "params_std": 0.0, "time_iter": 0.0569, "time_iter_std": 0.00428, "accuracy": 0.52, "accuracy_std": 0.0, "accuracy_max": 0.52, "precision": 0.52, "precision_std": 0.0, "recall": 1.0, "recall_std": 0.0, "f1": 0.68421, "f1_std": 0.0, "auc": 0.40438, "auc_std": 0.04185}
{"epoch": 65, "time_epoch": 2.15052, "time_epoch_std": 0.18499, "eta": 75.15569, "eta_std": 4.64285, "eta_hours": 0.02088, "eta_hours_std": 0.00129, "loss": 0.6925, "loss_std": 4e-05, "lr": 0.00027, "lr_std": 0.0, "params": 5401.0, "params_std": 0.0, "time_iter": 0.05659, "time_iter_std": 0.00487, "accuracy": 0.52, "accuracy_std": 0.0, "accuracy_max": 0.52, "precision": 0.52, "precision_std": 0.0, "recall": 1.0, "recall_std": 0.0, "f1": 0.68421, "f1_std": 0.0, "auc": 0.40051, "auc_std": 0.02267}
{"epoch": 66, "time_epoch": 2.15933, "time_epoch_std": 0.16665, "eta": 72.92004, "eta_std": 4.52027, "eta_hours": 0.02025, "eta_hours_std": 0.00126, "loss": 0.69245, "loss_std": 2e-05, "lr": 0.00026, "lr_std": 0.0, "params": 5401.0, "params_std": 0.0, "time_iter": 0.05683, "time_iter_std": 0.00439, "accuracy": 0.52, "accuracy_std": 0.0, "accuracy_max": 0.52, "precision": 0.52, "precision_std": 0.0, "recall": 1.0, "recall_std": 0.0, "f1": 0.68421, "f1_std": 0.0, "auc": 0.40184, "auc_std": 0.03284}
{"epoch": 67, "time_epoch": 2.13091, "time_epoch_std": 0.20102, "eta": 70.67326, "eta_std": 4.41238, "eta_hours": 0.01963, "eta_hours_std": 0.00122, "loss": 0.69252, "loss_std": 6e-05, "lr": 0.00025, "lr_std": 0.0, "params": 5401.0, "params_std": 0.0, "time_iter": 0.05607, "time_iter_std": 0.00529, "accuracy": 0.52, "accuracy_std": 0.0, "accuracy_max": 0.52, "precision": 0.52, "precision_std": 0.0, "recall": 1.0, "recall_std": 0.0, "f1": 0.68421, "f1_std": 0.0, "auc": 0.39012, "auc_std": 0.03592}
{"epoch": 68, "time_epoch": 2.14539, "time_epoch_std": 0.1871, "eta": 68.43635, "eta_std": 4.29609, "eta_hours": 0.01901, "eta_hours_std": 0.00119, "loss": 0.69245, "loss_std": 3e-05, "lr": 0.00023, "lr_std": 0.0, "params": 5401.0, "params_std": 0.0, "time_iter": 0.05646, "time_iter_std": 0.00492, "accuracy": 0.52, "accuracy_std": 0.0, "accuracy_max": 0.52, "precision": 0.52, "precision_std": 0.0, "recall": 1.0, "recall_std": 0.0, "f1": 0.68421, "f1_std": 0.0, "auc": 0.42018, "auc_std": 0.01865}
{"epoch": 69, "time_epoch": 2.1265, "time_epoch_std": 0.21045, "eta": 66.19396, "eta_std": 4.18751, "eta_hours": 0.01838, "eta_hours_std": 0.00116, "loss": 0.69251, "loss_std": 8e-05, "lr": 0.00022, "lr_std": 0.0, "params": 5401.0, "params_std": 0.0, "time_iter": 0.05596, "time_iter_std": 0.00554, "accuracy": 0.52, "accuracy_std": 0.0, "accuracy_max": 0.52, "precision": 0.52, "precision_std": 0.0, "recall": 1.0, "recall_std": 0.0, "f1": 0.68421, "f1_std": 0.0, "auc": 0.39619, "auc_std": 0.01761}
{"epoch": 70, "time_epoch": 2.13768, "time_epoch_std": 0.16016, "eta": 63.9594, "eta_std": 4.0562, "eta_hours": 0.01777, "eta_hours_std": 0.00113, "loss": 0.69247, "loss_std": 8e-05, "lr": 0.00021, "lr_std": 0.0, "params": 5401.0, "params_std": 0.0, "time_iter": 0.05625, "time_iter_std": 0.00422, "accuracy": 0.52, "accuracy_std": 0.0, "accuracy_max": 0.52, "precision": 0.52, "precision_std": 0.0, "recall": 1.0, "recall_std": 0.0, "f1": 0.68421, "f1_std": 0.0, "auc": 0.40721, "auc_std": 0.03179}
{"epoch": 71, "time_epoch": 2.14473, "time_epoch_std": 0.18598, "eta": 61.73028, "eta_std": 3.93324, "eta_hours": 0.01715, "eta_hours_std": 0.00109, "loss": 0.69243, "loss_std": 2e-05, "lr": 0.00019, "lr_std": 0.0, "params": 5401.0, "params_std": 0.0, "time_iter": 0.05644, "time_iter_std": 0.00489, "accuracy": 0.52, "accuracy_std": 0.0, "accuracy_max": 0.52, "precision": 0.52, "precision_std": 0.0, "recall": 1.0, "recall_std": 0.0, "f1": 0.68421, "f1_std": 0.0, "auc": 0.41306, "auc_std": 0.0171}
{"epoch": 72, "time_epoch": 2.14442, "time_epoch_std": 0.17865, "eta": 59.50334, "eta_std": 3.80662, "eta_hours": 0.01653, "eta_hours_std": 0.00106, "loss": 0.6924, "loss_std": 2e-05, "lr": 0.00018, "lr_std": 0.0, "params": 5401.0, "params_std": 0.0, "time_iter": 0.05643, "time_iter_std": 0.0047, "accuracy": 0.52, "accuracy_std": 0.0, "accuracy_max": 0.52, "precision": 0.52, "precision_std": 0.0, "recall": 1.0, "recall_std": 0.0, "f1": 0.68421, "f1_std": 0.0, "auc": 0.4204, "auc_std": 0.03049}
{"epoch": 73, "time_epoch": 2.14408, "time_epoch_std": 0.17791, "eta": 57.27853, "eta_std": 3.67821, "eta_hours": 0.01591, "eta_hours_std": 0.00102, "loss": 0.69249, "loss_std": 4e-05, "lr": 0.00017, "lr_std": 0.0, "params": 5401.0, "params_std": 0.0, "time_iter": 0.05642, "time_iter_std": 0.00468, "accuracy": 0.52, "accuracy_std": 0.0, "accuracy_max": 0.52, "precision": 0.52, "precision_std": 0.0, "recall": 1.0, "recall_std": 0.0, "f1": 0.68421, "f1_std": 0.0, "auc": 0.39205, "auc_std": 0.00994}
{"epoch": 74, "time_epoch": 2.14139, "time_epoch_std": 0.18494, "eta": 55.05496, "eta_std": 3.55091, "eta_hours": 0.01529, "eta_hours_std": 0.00099, "loss": 0.6924, "loss_std": 2e-05, "lr": 0.00016, "lr_std": 0.0, "params": 5401.0, "params_std": 0.0, "time_iter": 0.05636, "time_iter_std": 0.00487, "accuracy": 0.52, "accuracy_std": 0.0, "accuracy_max": 0.52, "precision": 0.52, "precision_std": 0.0, "recall": 1.0, "recall_std": 0.0, "f1": 0.68421, "f1_std": 0.0, "auc": 0.43964, "auc_std": 0.00489}
{"epoch": 75, "time_epoch": 2.15052, "time_epoch_std": 0.16967, "eta": 52.83645, "eta_std": 3.41709, "eta_hours": 0.01468, "eta_hours_std": 0.00095, "loss": 0.69247, "loss_std": 5e-05, "lr": 0.00015, "lr_std": 0.0, "params": 5401.0, "params_std": 0.0, "time_iter": 0.05659, "time_iter_std": 0.00447, "accuracy": 0.52, "accuracy_std": 0.0, "accuracy_max": 0.52, "precision": 0.52, "precision_std": 0.0, "recall": 1.0, "recall_std": 0.0, "f1": 0.68421, "f1_std": 0.0, "auc": 0.39465, "auc_std": 0.01476}
{"epoch": 76, "time_epoch": 2.1302, "time_epoch_std": 0.20918, "eta": 50.61362, "eta_std": 3.29402, "eta_hours": 0.01406, "eta_hours_std": 0.00091, "loss": 0.69242, "loss_std": 1e-05, "lr": 0.00014, "lr_std": 0.0, "params": 5401.0, "params_std": 0.0, "time_iter": 0.05606, "time_iter_std": 0.0055, "accuracy": 0.52, "accuracy_std": 0.0, "accuracy_max": 0.52, "precision": 0.52, "precision_std": 0.0, "recall": 1.0, "recall_std": 0.0, "f1": 0.68421, "f1_std": 0.0, "auc": 0.39702, "auc_std": 0.04217}
{"epoch": 77, "time_epoch": 2.13486, "time_epoch_std": 0.19645, "eta": 48.39449, "eta_std": 3.16539, "eta_hours": 0.01344, "eta_hours_std": 0.00088, "loss": 0.69243, "loss_std": 9e-05, "lr": 0.00012, "lr_std": 0.0, "params": 5401.0, "params_std": 0.0, "time_iter": 0.05618, "time_iter_std": 0.00517, "accuracy": 0.52, "accuracy_std": 0.0, "accuracy_max": 0.52, "precision": 0.52, "precision_std": 0.0, "recall": 1.0, "recall_std": 0.0, "f1": 0.68421, "f1_std": 0.0, "auc": 0.42764, "auc_std": 0.0472}
{"epoch": 78, "time_epoch": 2.14984, "time_epoch_std": 0.1853, "eta": 46.18147, "eta_std": 3.03211, "eta_hours": 0.01283, "eta_hours_std": 0.00084, "loss": 0.69241, "loss_std": 3e-05, "lr": 0.00011, "lr_std": 0.0, "params": 5401.0, "params_std": 0.0, "time_iter": 0.05657, "time_iter_std": 0.00487, "accuracy": 0.52, "accuracy_std": 0.0, "accuracy_max": 0.52, "precision": 0.52, "precision_std": 0.0, "recall": 1.0, "recall_std": 0.0, "f1": 0.68421, "f1_std": 0.0, "auc": 0.41918, "auc_std": 0.01905}
{"epoch": 79, "time_epoch": 2.16052, "time_epoch_std": 0.18301, "eta": 43.97271, "eta_std": 2.89707, "eta_hours": 0.01222, "eta_hours_std": 0.00081, "loss": 0.69239, "loss_std": 2e-05, "lr": 0.0001, "lr_std": 0.0, "params": 5401.0, "params_std": 0.0, "time_iter": 0.05686, "time_iter_std": 0.00482, "accuracy": 0.52, "accuracy_std": 0.0, "accuracy_max": 0.52, "precision": 0.52, "precision_std": 0.0, "recall": 1.0, "recall_std": 0.0, "f1": 0.68421, "f1_std": 0.0, "auc": 0.41411, "auc_std": 0.02997}
{"epoch": 80, "time_epoch": 2.13701, "time_epoch_std": 0.18177, "eta": 41.75961, "eta_std": 2.76059, "eta_hours": 0.0116, "eta_hours_std": 0.00077, "loss": 0.69239, "loss_std": 2e-05, "lr": 0.0001, "lr_std": 0.0, "params": 5401.0, "params_std": 0.0, "time_iter": 0.05624, "time_iter_std": 0.00478, "accuracy": 0.52, "accuracy_std": 0.0, "accuracy_max": 0.52, "precision": 0.52, "precision_std": 0.0, "recall": 1.0, "recall_std": 0.0, "f1": 0.68421, "f1_std": 0.0, "auc": 0.41898, "auc_std": 0.02176}
{"epoch": 81, "time_epoch": 2.12563, "time_epoch_std": 0.21856, "eta": 39.54588, "eta_std": 2.63106, "eta_hours": 0.01098, "eta_hours_std": 0.00073, "loss": 0.69239, "loss_std": 2e-05, "lr": 9e-05, "lr_std": 0.0, "params": 5401.0, "params_std": 0.0, "time_iter": 0.05594, "time_iter_std": 0.00575, "accuracy": 0.52, "accuracy_std": 0.0, "accuracy_max": 0.52, "precision": 0.52, "precision_std": 0.0, "recall": 1.0, "recall_std": 0.0, "f1": 0.68421, "f1_std": 0.0, "auc": 0.41244, "auc_std": 0.02951}
{"epoch": 82, "time_epoch": 2.15411, "time_epoch_std": 0.17118, "eta": 37.3401, "eta_std": 2.48977, "eta_hours": 0.01038, "eta_hours_std": 0.00069, "loss": 0.69239, "loss_std": 3e-05, "lr": 8e-05, "lr_std": 0.0, "params": 5401.0, "params_std": 0.0, "time_iter": 0.05668, "time_iter_std": 0.00451, "accuracy": 0.52, "accuracy_std": 0.0, "accuracy_max": 0.52, "precision": 0.52, "precision_std": 0.0, "recall": 1.0, "recall_std": 0.0, "f1": 0.68421, "f1_std": 0.0, "auc": 0.41126, "auc_std": 0.01113}
{"epoch": 83, "time_epoch": 2.14753, "time_epoch_std": 0.18082, "eta": 35.1343, "eta_std": 2.34949, "eta_hours": 0.00976, "eta_hours_std": 0.00065, "loss": 0.69238, "loss_std": 3e-05, "lr": 7e-05, "lr_std": 0.0, "params": 5401.0, "params_std": 0.0, "time_iter": 0.05651, "time_iter_std": 0.00476, "accuracy": 0.52, "accuracy_std": 0.0, "accuracy_max": 0.52, "precision": 0.52, "precision_std": 0.0, "recall": 1.0, "recall_std": 0.0, "f1": 0.68421, "f1_std": 0.0, "auc": 0.42016, "auc_std": 0.01835}
{"epoch": 84, "time_epoch": 2.15851, "time_epoch_std": 0.15671, "eta": 32.93182, "eta_std": 2.20412, "eta_hours": 0.00915, "eta_hours_std": 0.00061, "loss": 0.69237, "loss_std": 1e-05, "lr": 6e-05, "lr_std": 0.0, "params": 5401.0, "params_std": 0.0, "time_iter": 0.0568, "time_iter_std": 0.00413, "accuracy": 0.52, "accuracy_std": 0.0, "accuracy_max": 0.52, "precision": 0.52, "precision_std": 0.0, "recall": 1.0, "recall_std": 0.0, "f1": 0.68421, "f1_std": 0.0, "auc": 0.41662, "auc_std": 0.0297}
{"epoch": 85, "time_epoch": 2.12723, "time_epoch_std": 0.16873, "eta": 30.72526, "eta_std": 2.06016, "eta_hours": 0.00853, "eta_hours_std": 0.00057, "loss": 0.69241, "loss_std": 4e-05, "lr": 5e-05, "lr_std": 0.0, "params": 5401.0, "params_std": 0.0, "time_iter": 0.05598, "time_iter_std": 0.00444, "accuracy": 0.52, "accuracy_std": 0.0, "accuracy_max": 0.52, "precision": 0.52, "precision_std": 0.0, "recall": 1.0, "recall_std": 0.0, "f1": 0.68421, "f1_std": 0.0, "auc": 0.38668, "auc_std": 0.01966}
{"epoch": 86, "time_epoch": 2.04272, "time_epoch_std": 0.1976, "eta": 28.50789, "eta_std": 1.90272, "eta_hours": 0.00792, "eta_hours_std": 0.00053, "loss": 0.69237, "loss_std": 1e-05, "lr": 5e-05, "lr_std": 0.0, "params": 5401.0, "params_std": 0.0, "time_iter": 0.05376, "time_iter_std": 0.0052, "accuracy": 0.52, "accuracy_std": 0.0, "accuracy_max": 0.52, "precision": 0.52, "precision_std": 0.0, "recall": 1.0, "recall_std": 0.0, "f1": 0.68421, "f1_std": 0.0, "auc": 0.38637, "auc_std": 0.03781}
{"epoch": 87, "time_epoch": 2.00776, "time_epoch_std": 0.21342, "eta": 26.28972, "eta_std": 1.75404, "eta_hours": 0.0073, "eta_hours_std": 0.00049, "loss": 0.69238, "loss_std": 1e-05, "lr": 4e-05, "lr_std": 0.0, "params": 5401.0, "params_std": 0.0, "time_iter": 0.05284, "time_iter_std": 0.00561, "accuracy": 0.52, "accuracy_std": 0.0, "accuracy_max": 0.52, "precision": 0.52, "precision_std": 0.0, "recall": 1.0, "recall_std": 0.0, "f1": 0.68421, "f1_std": 0.0, "auc": 0.39138, "auc_std": 0.01038}
{"epoch": 88, "time_epoch": 2.03688, "time_epoch_std": 0.20088, "eta": 24.07989, "eta_std": 1.60058, "eta_hours": 0.00669, "eta_hours_std": 0.00044, "loss": 0.69236, "loss_std": 2e-05, "lr": 4e-05, "lr_std": 0.0, "params": 5401.0, "params_std": 0.0, "time_iter": 0.0536, "time_iter_std": 0.00529, "accuracy": 0.52, "accuracy_std": 0.0, "accuracy_max": 0.52, "precision": 0.52, "precision_std": 0.0, "recall": 1.0, "recall_std": 0.0, "f1": 0.68421, "f1_std": 0.0, "auc": 0.42644, "auc_std": 0.0503}
{"epoch": 89, "time_epoch": 2.06126, "time_epoch_std": 0.19086, "eta": 21.87661, "eta_std": 1.45447, "eta_hours": 0.00608, "eta_hours_std": 0.00041, "loss": 0.69236, "loss_std": 1e-05, "lr": 3e-05, "lr_std": 0.0, "params": 5401.0, "params_std": 0.0, "time_iter": 0.05424, "time_iter_std": 0.00502, "accuracy": 0.52, "accuracy_std": 0.0, "accuracy_max": 0.52, "precision": 0.52, "precision_std": 0.0, "recall": 1.0, "recall_std": 0.0, "f1": 0.68421, "f1_std": 0.0, "auc": 0.42966, "auc_std": 0.04748}
{"epoch": 90, "time_epoch": 2.1477, "time_epoch_std": 0.17554, "eta": 19.685, "eta_std": 1.31182, "eta_hours": 0.00547, "eta_hours_std": 0.00036, "loss": 0.69237, "loss_std": 1e-05, "lr": 2e-05, "lr_std": 0.0, "params": 5401.0, "params_std": 0.0, "time_iter": 0.05652, "time_iter_std": 0.00462, "accuracy": 0.52, "accuracy_std": 0.0, "accuracy_max": 0.52, "precision": 0.52, "precision_std": 0.0, "recall": 1.0, "recall_std": 0.0, "f1": 0.68421, "f1_std": 0.0, "auc": 0.40966, "auc_std": 0.04782}
{"epoch": 91, "time_epoch": 2.15299, "time_epoch_std": 0.17144, "eta": 17.4948, "eta_std": 1.16814, "eta_hours": 0.00486, "eta_hours_std": 0.00032, "loss": 0.69235, "loss_std": 1e-05, "lr": 2e-05, "lr_std": 0.0, "params": 5401.0, "params_std": 0.0, "time_iter": 0.05666, "time_iter_std": 0.00451, "accuracy": 0.52, "accuracy_std": 0.0, "accuracy_max": 0.52, "precision": 0.52, "precision_std": 0.0, "recall": 1.0, "recall_std": 0.0, "f1": 0.68421, "f1_std": 0.0, "auc": 0.4476, "auc_std": 0.05737}
{"epoch": 92, "time_epoch": 2.13535, "time_epoch_std": 0.20518, "eta": 15.30407, "eta_std": 1.0265, "eta_hours": 0.00425, "eta_hours_std": 0.00028, "loss": 0.69236, "loss_std": 1e-05, "lr": 2e-05, "lr_std": 0.0, "params": 5401.0, "params_std": 0.0, "time_iter": 0.05619, "time_iter_std": 0.0054, "accuracy": 0.52, "accuracy_std": 0.0, "accuracy_max": 0.52, "precision": 0.52, "precision_std": 0.0, "recall": 1.0, "recall_std": 0.0, "f1": 0.68421, "f1_std": 0.0, "auc": 0.42539, "auc_std": 0.03682}
{"epoch": 93, "time_epoch": 2.15376, "time_epoch_std": 0.16374, "eta": 13.1157, "eta_std": 0.88086, "eta_hours": 0.00364, "eta_hours_std": 0.00024, "loss": 0.69236, "loss_std": 1e-05, "lr": 1e-05, "lr_std": 0.0, "params": 5401.0, "params_std": 0.0, "time_iter": 0.05668, "time_iter_std": 0.00431, "accuracy": 0.52, "accuracy_std": 0.0, "accuracy_max": 0.52, "precision": 0.52, "precision_std": 0.0, "recall": 1.0, "recall_std": 0.0, "f1": 0.68421, "f1_std": 0.0, "auc": 0.40915, "auc_std": 0.05472}
{"epoch": 94, "time_epoch": 2.15455, "time_epoch_std": 0.17721, "eta": 10.9281, "eta_std": 0.73552, "eta_hours": 0.00304, "eta_hours_std": 0.0002, "loss": 0.69237, "loss_std": 2e-05, "lr": 1e-05, "lr_std": 0.0, "params": 5401.0, "params_std": 0.0, "time_iter": 0.0567, "time_iter_std": 0.00467, "accuracy": 0.52, "accuracy_std": 0.0, "accuracy_max": 0.52, "precision": 0.52, "precision_std": 0.0, "recall": 1.0, "recall_std": 0.0, "f1": 0.68421, "f1_std": 0.0, "auc": 0.39663, "auc_std": 0.01791}
{"epoch": 95, "time_epoch": 2.1493, "time_epoch_std": 0.17216, "eta": 8.74096, "eta_std": 0.58941, "eta_hours": 0.00243, "eta_hours_std": 0.00016, "loss": 0.69235, "loss_std": 0.0, "lr": 1e-05, "lr_std": 0.0, "params": 5401.0, "params_std": 0.0, "time_iter": 0.05656, "time_iter_std": 0.00453, "accuracy": 0.52, "accuracy_std": 0.0, "accuracy_max": 0.52, "precision": 0.52, "precision_std": 0.0, "recall": 1.0, "recall_std": 0.0, "f1": 0.68421, "f1_std": 0.0, "auc": 0.42568, "auc_std": 0.04994}
{"epoch": 96, "time_epoch": 2.15044, "time_epoch_std": 0.18411, "eta": 6.55465, "eta_std": 0.44317, "eta_hours": 0.00182, "eta_hours_std": 0.00012, "loss": 0.69234, "loss_std": 1e-05, "lr": 0.0, "lr_std": 0.0, "params": 5401.0, "params_std": 0.0, "time_iter": 0.05659, "time_iter_std": 0.00484, "accuracy": 0.52, "accuracy_std": 0.0, "accuracy_max": 0.52, "precision": 0.52, "precision_std": 0.0, "recall": 1.0, "recall_std": 0.0, "f1": 0.68421, "f1_std": 0.0, "auc": 0.49379, "auc_std": 0.05907}
{"epoch": 97, "time_epoch": 2.14794, "time_epoch_std": 0.17691, "eta": 4.36901, "eta_std": 0.296, "eta_hours": 0.00121, "eta_hours_std": 8e-05, "loss": 0.69235, "loss_std": 0.0, "lr": 0.0, "lr_std": 0.0, "params": 5401.0, "params_std": 0.0, "time_iter": 0.05652, "time_iter_std": 0.00466, "accuracy": 0.52, "accuracy_std": 0.0, "accuracy_max": 0.52, "precision": 0.52, "precision_std": 0.0, "recall": 1.0, "recall_std": 0.0, "f1": 0.68421, "f1_std": 0.0, "auc": 0.46688, "auc_std": 0.02949}
{"epoch": 98, "time_epoch": 2.15036, "time_epoch_std": 0.17069, "eta": 2.18416, "eta_std": 0.14822, "eta_hours": 0.00061, "eta_hours_std": 4e-05, "loss": 0.69235, "loss_std": 1e-05, "lr": 0.0, "lr_std": 0.0, "params": 5401.0, "params_std": 0.0, "time_iter": 0.05659, "time_iter_std": 0.00449, "accuracy": 0.52, "accuracy_std": 0.0, "accuracy_max": 0.52, "precision": 0.52, "precision_std": 0.0, "recall": 1.0, "recall_std": 0.0, "f1": 0.68421, "f1_std": 0.0, "auc": 0.43343, "auc_std": 0.02478}
{"epoch": 99, "time_epoch": 2.14213, "time_epoch_std": 0.19211, "eta": 0.0, "eta_std": 0.0, "eta_hours": 0.0, "eta_hours_std": 0.0, "loss": 0.69235, "loss_std": 0.0, "lr": 0.0, "lr_std": 0.0, "params": 5401.0, "params_std": 0.0, "time_iter": 0.05637, "time_iter_std": 0.00505, "accuracy": 0.52, "accuracy_std": 0.0, "accuracy_max": 0.52, "precision": 0.52, "precision_std": 0.0, "recall": 1.0, "recall_std": 0.0, "f1": 0.68421, "f1_std": 0.0, "auc": 0.43924, "auc_std": 0.03703}
