{"epoch": 0, "time_epoch": 0.40925, "eta": 40.51608, "eta_hours": 0.01125, "loss": 0.70711424, "lr": 0.001, "params": 3473, "time_iter": 0.01169, "accuracy": 0.43525, "precision": 0.40551, "recall": 0.94495, "f1": 0.56749, "auc": 0.52808}
{"epoch": 1, "time_epoch": 0.38765, "eta": 39.04846, "eta_hours": 0.01085, "loss": 0.68408232, "lr": 0.00099975, "params": 3473, "time_iter": 0.01108, "accuracy": 0.60791, "precision": 0.0, "recall": 0.0, "f1": 0.0, "auc": 0.47622}
{"epoch": 2, "time_epoch": 0.3814, "eta": 38.09856, "eta_hours": 0.01058, "loss": 0.67666697, "lr": 0.00099901, "params": 3473, "time_iter": 0.0109, "accuracy": 0.60791, "precision": 0.0, "recall": 0.0, "f1": 0.0, "auc": 0.52262}
{"epoch": 3, "time_epoch": 0.46487, "eta": 39.4362, "eta_hours": 0.01095, "loss": 0.67379668, "lr": 0.00099778, "params": 3473, "time_iter": 0.01328, "accuracy": 0.60791, "precision": 0.0, "recall": 0.0, "f1": 0.0, "auc": 0.48453}
{"epoch": 4, "time_epoch": 0.36617, "eta": 38.17765, "eta_hours": 0.0106, "loss": 0.67236736, "lr": 0.00099606, "params": 3473, "time_iter": 0.01046, "accuracy": 0.60791, "precision": 0.0, "recall": 0.0, "f1": 0.0, "auc": 0.46657}
{"epoch": 5, "time_epoch": 0.36102, "eta": 37.13584, "eta_hours": 0.01032, "loss": 0.67123498, "lr": 0.00099384, "params": 3473, "time_iter": 0.01031, "accuracy": 0.60791, "precision": 0.0, "recall": 0.0, "f1": 0.0, "auc": 0.5051}
{"epoch": 6, "time_epoch": 0.35262, "eta": 36.17693, "eta_hours": 0.01005, "loss": 0.67064359, "lr": 0.00099114, "params": 3473, "time_iter": 0.01007, "accuracy": 0.60791, "precision": 0.0, "recall": 0.0, "f1": 0.0, "auc": 0.50131}
{"epoch": 7, "time_epoch": 0.35229, "eta": 35.36573, "eta_hours": 0.00982, "loss": 0.67037876, "lr": 0.00098796, "params": 3473, "time_iter": 0.01007, "accuracy": 0.60791, "precision": 0.0, "recall": 0.0, "f1": 0.0, "auc": 0.44662}
{"epoch": 8, "time_epoch": 0.35403, "eta": 34.67413, "eta_hours": 0.00963, "loss": 0.67025822, "lr": 0.00098429, "params": 3473, "time_iter": 0.01012, "accuracy": 0.60791, "precision": 0.0, "recall": 0.0, "f1": 0.0, "auc": 0.46506}
{"epoch": 9, "time_epoch": 0.35328, "eta": 34.04332, "eta_hours": 0.00946, "loss": 0.66995632, "lr": 0.00098015, "params": 3473, "time_iter": 0.01009, "accuracy": 0.60791, "precision": 0.0, "recall": 0.0, "f1": 0.0, "auc": 0.49944}
{"epoch": 10, "time_epoch": 0.35842, "eta": 33.50452, "eta_hours": 0.00931, "loss": 0.67001823, "lr": 0.00097553, "params": 3473, "time_iter": 0.01024, "accuracy": 0.60791, "precision": 0.0, "recall": 0.0, "f1": 0.0, "auc": 0.44061}
{"epoch": 11, "time_epoch": 0.43085, "eta": 33.52698, "eta_hours": 0.00931, "loss": 0.66976643, "lr": 0.00097044, "params": 3473, "time_iter": 0.01231, "accuracy": 0.60791, "precision": 0.0, "recall": 0.0, "f1": 0.0, "auc": 0.45374}
{"epoch": 12, "time_epoch": 0.57143, "eta": 34.42047, "eta_hours": 0.00956, "loss": 0.66983957, "lr": 0.00096489, "params": 3473, "time_iter": 0.01633, "accuracy": 0.60791, "precision": 0.0, "recall": 0.0, "f1": 0.0, "auc": 0.46716}
{"epoch": 13, "time_epoch": 0.46554, "eta": 34.45425, "eta_hours": 0.00957, "loss": 0.67006284, "lr": 0.00095888, "params": 3473, "time_iter": 0.0133, "accuracy": 0.60791, "precision": 0.0, "recall": 0.0, "f1": 0.0, "auc": 0.42816}
{"epoch": 14, "time_epoch": 0.49248, "eta": 34.57411, "eta_hours": 0.0096, "loss": 0.66982314, "lr": 0.00095241, "params": 3473, "time_iter": 0.01407, "accuracy": 0.60791, "precision": 0.0, "recall": 0.0, "f1": 0.0, "auc": 0.46589}
{"epoch": 15, "time_epoch": 0.41708, "eta": 34.22158, "eta_hours": 0.00951, "loss": 0.66980638, "lr": 0.0009455, "params": 3473, "time_iter": 0.01192, "accuracy": 0.60791, "precision": 0.0, "recall": 0.0, "f1": 0.0, "auc": 0.45813}
{"epoch": 16, "time_epoch": 0.34246, "eta": 33.4971, "eta_hours": 0.0093, "loss": 0.66970917, "lr": 0.00093815, "params": 3473, "time_iter": 0.00978, "accuracy": 0.60791, "precision": 0.0, "recall": 0.0, "f1": 0.0, "auc": 0.47045}
{"epoch": 17, "time_epoch": 0.32322, "eta": 32.72746, "eta_hours": 0.00909, "loss": 0.66979584, "lr": 0.00093037, "params": 3473, "time_iter": 0.00923, "accuracy": 0.60791, "precision": 0.0, "recall": 0.0, "f1": 0.0, "auc": 0.44664}
{"epoch": 18, "time_epoch": 0.3146, "eta": 31.96806, "eta_hours": 0.00888, "loss": 0.66994053, "lr": 0.00092216, "params": 3473, "time_iter": 0.00899, "accuracy": 0.60791, "precision": 0.0, "recall": 0.0, "f1": 0.0, "auc": 0.45781}
{"epoch": 19, "time_epoch": 0.31399, "eta": 31.25068, "eta_hours": 0.00868, "loss": 0.66984095, "lr": 0.00091354, "params": 3473, "time_iter": 0.00897, "accuracy": 0.60791, "precision": 0.0, "recall": 0.0, "f1": 0.0, "auc": 0.45229}
{"epoch": 20, "time_epoch": 0.31344, "eta": 30.56965, "eta_hours": 0.00849, "loss": 0.66974435, "lr": 0.00090451, "params": 3473, "time_iter": 0.00896, "accuracy": 0.60791, "precision": 0.0, "recall": 0.0, "f1": 0.0, "auc": 0.4455}
{"epoch": 21, "time_epoch": 0.31399, "eta": 29.92399, "eta_hours": 0.00831, "loss": 0.66972051, "lr": 0.00089508, "params": 3473, "time_iter": 0.00897, "accuracy": 0.60791, "precision": 0.0, "recall": 0.0, "f1": 0.0, "auc": 0.45802}
{"epoch": 22, "time_epoch": 0.33288, "eta": 29.3704, "eta_hours": 0.00816, "loss": 0.6697367, "lr": 0.00088526, "params": 3473, "time_iter": 0.00951, "accuracy": 0.60791, "precision": 0.0, "recall": 0.0, "f1": 0.0, "auc": 0.46737}
{"epoch": 23, "time_epoch": 0.34636, "eta": 28.87788, "eta_hours": 0.00802, "loss": 0.66978614, "lr": 0.00087506, "params": 3473, "time_iter": 0.0099, "accuracy": 0.60791, "precision": 0.0, "recall": 0.0, "f1": 0.0, "auc": 0.45371}
{"epoch": 24, "time_epoch": 0.43129, "eta": 28.65186, "eta_hours": 0.00796, "loss": 0.6697395, "lr": 0.00086448, "params": 3473, "time_iter": 0.01232, "accuracy": 0.60791, "precision": 0.0, "recall": 0.0, "f1": 0.0, "auc": 0.45197}
{"epoch": 25, "time_epoch": 0.50571, "eta": 28.62187, "eta_hours": 0.00795, "loss": 0.66970887, "lr": 0.00085355, "params": 3473, "time_iter": 0.01445, "accuracy": 0.60791, "precision": 0.0, "recall": 0.0, "f1": 0.0, "auc": 0.46639}
{"epoch": 26, "time_epoch": 0.4115, "eta": 28.30192, "eta_hours": 0.00786, "loss": 0.669784, "lr": 0.00084227, "params": 3473, "time_iter": 0.01176, "accuracy": 0.60791, "precision": 0.0, "recall": 0.0, "f1": 0.0, "auc": 0.44668}
{"epoch": 27, "time_epoch": 0.46639, "eta": 28.11656, "eta_hours": 0.00781, "loss": 0.6697846, "lr": 0.00083066, "params": 3473, "time_iter": 0.01333, "accuracy": 0.60791, "precision": 0.0, "recall": 0.0, "f1": 0.0, "auc": 0.4491}
{"epoch": 28, "time_epoch": 0.41722, "eta": 27.79146, "eta_hours": 0.00772, "loss": 0.67052826, "lr": 0.00081871, "params": 3473, "time_iter": 0.01192, "accuracy": 0.60791, "precision": 0.0, "recall": 0.0, "f1": 0.0, "auc": 0.4499}
{"epoch": 29, "time_epoch": 0.36238, "eta": 27.33226, "eta_hours": 0.00759, "loss": 0.6698077, "lr": 0.00080645, "params": 3473, "time_iter": 0.01035, "accuracy": 0.60791, "precision": 0.0, "recall": 0.0, "f1": 0.0, "auc": 0.44793}
{"epoch": 30, "time_epoch": 0.35244, "eta": 26.85718, "eta_hours": 0.00746, "loss": 0.66976238, "lr": 0.00079389, "params": 3473, "time_iter": 0.01007, "accuracy": 0.60791, "precision": 0.0, "recall": 0.0, "f1": 0.0, "auc": 0.45994}
{"epoch": 31, "time_epoch": 0.34984, "eta": 26.38423, "eta_hours": 0.00733, "loss": 0.66970794, "lr": 0.00078104, "params": 3473, "time_iter": 0.01, "accuracy": 0.60791, "precision": 0.0, "recall": 0.0, "f1": 0.0, "auc": 0.45695}
{"epoch": 32, "time_epoch": 0.3479, "eta": 25.91481, "eta_hours": 0.0072, "loss": 0.66973221, "lr": 0.00076791, "params": 3473, "time_iter": 0.00994, "accuracy": 0.60791, "precision": 0.0, "recall": 0.0, "f1": 0.0, "auc": 0.47683}
{"epoch": 33, "time_epoch": 0.35177, "eta": 25.46004, "eta_hours": 0.00707, "loss": 0.67003031, "lr": 0.00075452, "params": 3473, "time_iter": 0.01005, "accuracy": 0.60791, "precision": 0.0, "recall": 0.0, "f1": 0.0, "auc": 0.43419}
{"epoch": 34, "time_epoch": 0.36454, "eta": 25.03487, "eta_hours": 0.00695, "loss": 0.66971786, "lr": 0.00074088, "params": 3473, "time_iter": 0.01042, "accuracy": 0.60791, "precision": 0.0, "recall": 0.0, "f1": 0.0, "auc": 0.46557}
{"epoch": 35, "time_epoch": 0.50481, "eta": 24.86244, "eta_hours": 0.00691, "loss": 0.66999657, "lr": 0.000727, "params": 3473, "time_iter": 0.01442, "accuracy": 0.60791, "precision": 0.0, "recall": 0.0, "f1": 0.0, "auc": 0.45591}
{"epoch": 36, "time_epoch": 0.41366, "eta": 24.51685, "eta_hours": 0.00681, "loss": 0.6698093, "lr": 0.00071289, "params": 3473, "time_iter": 0.01182, "accuracy": 0.60791, "precision": 0.0, "recall": 0.0, "f1": 0.0, "auc": 0.45278}
{"epoch": 37, "time_epoch": 0.53475, "eta": 24.36525, "eta_hours": 0.00677, "loss": 0.66976339, "lr": 0.00069857, "params": 3473, "time_iter": 0.01528, "accuracy": 0.60791, "precision": 0.0, "recall": 0.0, "f1": 0.0, "auc": 0.45392}
{"epoch": 38, "time_epoch": 0.42627, "eta": 24.02432, "eta_hours": 0.00667, "loss": 0.66970769, "lr": 0.00068406, "params": 3473, "time_iter": 0.01218, "accuracy": 0.60791, "precision": 0.0, "recall": 0.0, "f1": 0.0, "auc": 0.46502}
{"epoch": 39, "time_epoch": 0.393, "eta": 23.62922, "eta_hours": 0.00656, "loss": 0.66982732, "lr": 0.00066937, "params": 3473, "time_iter": 0.01123, "accuracy": 0.60791, "precision": 0.0, "recall": 0.0, "f1": 0.0, "auc": 0.43853}
{"epoch": 40, "time_epoch": 0.39259, "eta": 23.23362, "eta_hours": 0.00645, "loss": 0.66967891, "lr": 0.00065451, "params": 3473, "time_iter": 0.01122, "accuracy": 0.60791, "precision": 0.0, "recall": 0.0, "f1": 0.0, "auc": 0.48777}
{"epoch": 41, "time_epoch": 0.3517, "eta": 22.78171, "eta_hours": 0.00633, "loss": 0.66971516, "lr": 0.0006395, "params": 3473, "time_iter": 0.01005, "accuracy": 0.60791, "precision": 0.0, "recall": 0.0, "f1": 0.0, "auc": 0.44324}
{"epoch": 42, "time_epoch": 0.35133, "eta": 22.33397, "eta_hours": 0.0062, "loss": 0.66979203, "lr": 0.00062434, "params": 3473, "time_iter": 0.01004, "accuracy": 0.60791, "precision": 0.0, "recall": 0.0, "f1": 0.0, "auc": 0.44163}
{"epoch": 43, "time_epoch": 0.34454, "eta": 21.88196, "eta_hours": 0.00608, "loss": 0.66971368, "lr": 0.00060907, "params": 3473, "time_iter": 0.00984, "accuracy": 0.60791, "precision": 0.0, "recall": 0.0, "f1": 0.0, "auc": 0.46431}
{"epoch": 44, "time_epoch": 0.34561, "eta": 21.43604, "eta_hours": 0.00595, "loss": 0.66973492, "lr": 0.00059369, "params": 3473, "time_iter": 0.00987, "accuracy": 0.60791, "precision": 0.0, "recall": 0.0, "f1": 0.0, "auc": 0.42523}
{"epoch": 45, "time_epoch": 0.35378, "eta": 21.00407, "eta_hours": 0.00583, "loss": 0.66971141, "lr": 0.00057822, "params": 3473, "time_iter": 0.01011, "accuracy": 0.60791, "precision": 0.0, "recall": 0.0, "f1": 0.0, "auc": 0.42808}
{"epoch": 46, "time_epoch": 0.3567, "eta": 20.57873, "eta_hours": 0.00572, "loss": 0.66974883, "lr": 0.00056267, "params": 3473, "time_iter": 0.01019, "accuracy": 0.60791, "precision": 0.0, "recall": 0.0, "f1": 0.0, "auc": 0.44932}
{"epoch": 47, "time_epoch": 0.35979, "eta": 20.15958, "eta_hours": 0.0056, "loss": 0.66972647, "lr": 0.00054705, "params": 3473, "time_iter": 0.01028, "accuracy": 0.60791, "precision": 0.0, "recall": 0.0, "f1": 0.0, "auc": 0.46008}
{"epoch": 48, "time_epoch": 0.35508, "eta": 19.73796, "eta_hours": 0.00548, "loss": 0.66973562, "lr": 0.0005314, "params": 3473, "time_iter": 0.01015, "accuracy": 0.60791, "precision": 0.0, "recall": 0.0, "f1": 0.0, "auc": 0.45288}
{"epoch": 49, "time_epoch": 0.34056, "eta": 19.30448, "eta_hours": 0.00536, "loss": 0.66980801, "lr": 0.00051571, "params": 3473, "time_iter": 0.00973, "accuracy": 0.60791, "precision": 0.0, "recall": 0.0, "f1": 0.0, "auc": 0.43316}
{"epoch": 50, "time_epoch": 0.43377, "eta": 18.9642, "eta_hours": 0.00527, "loss": 0.6697091, "lr": 0.0005, "params": 3473, "time_iter": 0.01239, "accuracy": 0.60791, "precision": 0.0, "recall": 0.0, "f1": 0.0, "auc": 0.46845}
{"epoch": 51, "time_epoch": 0.48563, "eta": 18.6682, "eta_hours": 0.00519, "loss": 0.66969663, "lr": 0.00048429, "params": 3473, "time_iter": 0.01388, "accuracy": 0.60791, "precision": 0.0, "recall": 0.0, "f1": 0.0, "auc": 0.46424}
{"epoch": 52, "time_epoch": 0.43993, "eta": 18.32451, "eta_hours": 0.00509, "loss": 0.66971813, "lr": 0.0004686, "params": 3473, "time_iter": 0.01257, "accuracy": 0.60791, "precision": 0.0, "recall": 0.0, "f1": 0.0, "auc": 0.45532}
{"epoch": 53, "time_epoch": 0.437, "eta": 17.97477, "eta_hours": 0.00499, "loss": 0.66969934, "lr": 0.00045295, "params": 3473, "time_iter": 0.01249, "accuracy": 0.60791, "precision": 0.0, "recall": 0.0, "f1": 0.0, "auc": 0.47679}
{"epoch": 54, "time_epoch": 0.39199, "eta": 17.58503, "eta_hours": 0.00488, "loss": 0.66970181, "lr": 0.00043733, "params": 3473, "time_iter": 0.0112, "accuracy": 0.60791, "precision": 0.0, "recall": 0.0, "f1": 0.0, "auc": 0.43969}
{"epoch": 55, "time_epoch": 0.36054, "eta": 17.17049, "eta_hours": 0.00477, "loss": 0.6697801, "lr": 0.00042178, "params": 3473, "time_iter": 0.0103, "accuracy": 0.60791, "precision": 0.0, "recall": 0.0, "f1": 0.0, "auc": 0.43405}
{"epoch": 56, "time_epoch": 0.35449, "eta": 16.75329, "eta_hours": 0.00465, "loss": 0.66975359, "lr": 0.00040631, "params": 3473, "time_iter": 0.01013, "accuracy": 0.60791, "precision": 0.0, "recall": 0.0, "f1": 0.0, "auc": 0.46086}
{"epoch": 57, "time_epoch": 0.35639, "eta": 16.33962, "eta_hours": 0.00454, "loss": 0.66970357, "lr": 0.00039093, "params": 3473, "time_iter": 0.01018, "accuracy": 0.60791, "precision": 0.0, "recall": 0.0, "f1": 0.0, "auc": 0.47151}
{"epoch": 58, "time_epoch": 0.36017, "eta": 15.93052, "eta_hours": 0.00443, "loss": 0.66970031, "lr": 0.00037566, "params": 3473, "time_iter": 0.01029, "accuracy": 0.60791, "precision": 0.0, "recall": 0.0, "f1": 0.0, "auc": 0.44026}
{"epoch": 59, "time_epoch": 0.35514, "eta": 15.51969, "eta_hours": 0.00431, "loss": 0.66971952, "lr": 0.0003605, "params": 3473, "time_iter": 0.01015, "accuracy": 0.60791, "precision": 0.0, "recall": 0.0, "f1": 0.0, "auc": 0.45083}
{"epoch": 60, "time_epoch": 0.35326, "eta": 15.1095, "eta_hours": 0.0042, "loss": 0.66970459, "lr": 0.00034549, "params": 3473, "time_iter": 0.01009, "accuracy": 0.60791, "precision": 0.0, "recall": 0.0, "f1": 0.0, "auc": 0.4417}
{"epoch": 61, "time_epoch": 0.3525, "eta": 14.70067, "eta_hours": 0.00408, "loss": 0.66970732, "lr": 0.00033063, "params": 3473, "time_iter": 0.01007, "accuracy": 0.60791, "precision": 0.0, "recall": 0.0, "f1": 0.0, "auc": 0.46012}
{"epoch": 62, "time_epoch": 0.40187, "eta": 14.32263, "eta_hours": 0.00398, "loss": 0.66967258, "lr": 0.00031594, "params": 3473, "time_iter": 0.01148, "accuracy": 0.60791, "precision": 0.0, "recall": 0.0, "f1": 0.0, "auc": 0.4987}
{"epoch": 63, "time_epoch": 0.51144, "eta": 14.00547, "eta_hours": 0.00389, "loss": 0.66971581, "lr": 0.00030143, "params": 3473, "time_iter": 0.01461, "accuracy": 0.60791, "precision": 0.0, "recall": 0.0, "f1": 0.0, "auc": 0.45171}
{"epoch": 64, "time_epoch": 0.42047, "eta": 13.63336, "eta_hours": 0.00379, "loss": 0.66970502, "lr": 0.00028711, "params": 3473, "time_iter": 0.01201, "accuracy": 0.60791, "precision": 0.0, "recall": 0.0, "f1": 0.0, "auc": 0.45883}
{"epoch": 65, "time_epoch": 0.47272, "eta": 13.28669, "eta_hours": 0.00369, "loss": 0.66969429, "lr": 0.000273, "params": 3473, "time_iter": 0.01351, "accuracy": 0.60791, "precision": 0.0, "recall": 0.0, "f1": 0.0, "auc": 0.46767}
{"epoch": 66, "time_epoch": 0.35706, "eta": 12.8793, "eta_hours": 0.00358, "loss": 0.66969889, "lr": 0.00025912, "params": 3473, "time_iter": 0.0102, "accuracy": 0.60791, "precision": 0.0, "recall": 0.0, "f1": 0.0, "auc": 0.44445}
{"epoch": 67, "time_epoch": 0.36064, "eta": 12.47506, "eta_hours": 0.00347, "loss": 0.66969177, "lr": 0.00024548, "params": 3473, "time_iter": 0.0103, "accuracy": 0.60791, "precision": 0.0, "recall": 0.0, "f1": 0.0, "auc": 0.47139}
{"epoch": 68, "time_epoch": 0.34873, "eta": 12.06674, "eta_hours": 0.00335, "loss": 0.66968945, "lr": 0.00023209, "params": 3473, "time_iter": 0.00996, "accuracy": 0.60791, "precision": 0.0, "recall": 0.0, "f1": 0.0, "auc": 0.46218}
{"epoch": 69, "time_epoch": 0.35183, "eta": 11.66146, "eta_hours": 0.00324, "loss": 0.66969192, "lr": 0.00021896, "params": 3473, "time_iter": 0.01005, "accuracy": 0.60791, "precision": 0.0, "recall": 0.0, "f1": 0.0, "auc": 0.46777}
{"epoch": 70, "time_epoch": 0.35125, "eta": 11.25744, "eta_hours": 0.00313, "loss": 0.66971938, "lr": 0.00020611, "params": 3473, "time_iter": 0.01004, "accuracy": 0.60791, "precision": 0.0, "recall": 0.0, "f1": 0.0, "auc": 0.44377}
{"epoch": 71, "time_epoch": 0.35308, "eta": 10.85559, "eta_hours": 0.00302, "loss": 0.6696974, "lr": 0.00019355, "params": 3473, "time_iter": 0.01009, "accuracy": 0.60791, "precision": 0.0, "recall": 0.0, "f1": 0.0, "auc": 0.47443}
{"epoch": 72, "time_epoch": 0.35099, "eta": 10.45432, "eta_hours": 0.0029, "loss": 0.66967856, "lr": 0.00018129, "params": 3473, "time_iter": 0.01003, "accuracy": 0.60791, "precision": 0.0, "recall": 0.0, "f1": 0.0, "auc": 0.48112}
{"epoch": 73, "time_epoch": 0.35355, "eta": 10.0553, "eta_hours": 0.00279, "loss": 0.66967578, "lr": 0.00016934, "params": 3473, "time_iter": 0.0101, "accuracy": 0.60791, "precision": 0.0, "recall": 0.0, "f1": 0.0, "auc": 0.47971}
{"epoch": 74, "time_epoch": 0.34784, "eta": 9.65559, "eta_hours": 0.00268, "loss": 0.66968274, "lr": 0.00015773, "params": 3473, "time_iter": 0.00994, "accuracy": 0.60791, "precision": 0.0, "recall": 0.0, "f1": 0.0, "auc": 0.48148}
{"epoch": 75, "time_epoch": 0.47492, "eta": 9.29737, "eta_hours": 0.00258, "loss": 0.66968762, "lr": 0.00014645, "params": 3473, "time_iter": 0.01357, "accuracy": 0.60791, "precision": 0.0, "recall": 0.0, "f1": 0.0, "auc": 0.45163}
{"epoch": 76, "time_epoch": 0.41524, "eta": 8.9183, "eta_hours": 0.00248, "loss": 0.66969025, "lr": 0.00013552, "params": 3473, "time_iter": 0.01186, "accuracy": 0.60791, "precision": 0.0, "recall": 0.0, "f1": 0.0, "auc": 0.46196}
{"epoch": 77, "time_epoch": 0.50669, "eta": 8.5641, "eta_hours": 0.00238, "loss": 0.66969071, "lr": 0.00012494, "params": 3473, "time_iter": 0.01448, "accuracy": 0.60791, "precision": 0.0, "recall": 0.0, "f1": 0.0, "auc": 0.45385}
{"epoch": 78, "time_epoch": 0.40953, "eta": 8.1802, "eta_hours": 0.00227, "loss": 0.66967804, "lr": 0.00011474, "params": 3473, "time_iter": 0.0117, "accuracy": 0.60791, "precision": 0.0, "recall": 0.0, "f1": 0.0, "auc": 0.48251}
{"epoch": 79, "time_epoch": 0.35855, "eta": 7.78292, "eta_hours": 0.00216, "loss": 0.66967203, "lr": 0.00010492, "params": 3473, "time_iter": 0.01024, "accuracy": 0.60791, "precision": 0.0, "recall": 0.0, "f1": 0.0, "auc": 0.50405}
{"epoch": 80, "time_epoch": 0.3482, "eta": 7.38417, "eta_hours": 0.00205, "loss": 0.66967191, "lr": 9.549e-05, "params": 3473, "time_iter": 0.00995, "accuracy": 0.60791, "precision": 0.0, "recall": 0.0, "f1": 0.0, "auc": 0.49508}
{"epoch": 81, "time_epoch": 0.35101, "eta": 6.98727, "eta_hours": 0.00194, "loss": 0.66967248, "lr": 8.646e-05, "params": 3473, "time_iter": 0.01003, "accuracy": 0.60791, "precision": 0.0, "recall": 0.0, "f1": 0.0, "auc": 0.46564}
{"epoch": 82, "time_epoch": 0.34823, "eta": 6.59091, "eta_hours": 0.00183, "loss": 0.66967718, "lr": 7.784e-05, "params": 3473, "time_iter": 0.00995, "accuracy": 0.60791, "precision": 0.0, "recall": 0.0, "f1": 0.0, "auc": 0.4831}
{"epoch": 83, "time_epoch": 0.35805, "eta": 6.19756, "eta_hours": 0.00172, "loss": 0.66967526, "lr": 6.963e-05, "params": 3473, "time_iter": 0.01023, "accuracy": 0.60791, "precision": 0.0, "recall": 0.0, "f1": 0.0, "auc": 0.47865}
{"epoch": 84, "time_epoch": 0.3532, "eta": 5.80419, "eta_hours": 0.00161, "loss": 0.66967156, "lr": 6.185e-05, "params": 3473, "time_iter": 0.01009, "accuracy": 0.60791, "precision": 0.0, "recall": 0.0, "f1": 0.0, "auc": 0.50683}
{"epoch": 85, "time_epoch": 0.35018, "eta": 5.41126, "eta_hours": 0.0015, "loss": 0.66967193, "lr": 5.45e-05, "params": 3473, "time_iter": 0.01001, "accuracy": 0.60791, "precision": 0.0, "recall": 0.0, "f1": 0.0, "auc": 0.49954}
{"epoch": 86, "time_epoch": 0.42087, "eta": 5.02987, "eta_hours": 0.0014, "loss": 0.66967453, "lr": 4.759e-05, "params": 3473, "time_iter": 0.01202, "accuracy": 0.60791, "precision": 0.0, "recall": 0.0, "f1": 0.0, "auc": 0.47066}
{"epoch": 87, "time_epoch": 0.40794, "eta": 4.64583, "eta_hours": 0.00129, "loss": 0.66967126, "lr": 4.112e-05, "params": 3473, "time_iter": 0.01166, "accuracy": 0.60791, "precision": 0.0, "recall": 0.0, "f1": 0.0, "auc": 0.49793}
{"epoch": 88, "time_epoch": 0.46435, "eta": 4.26821, "eta_hours": 0.00119, "loss": 0.66967184, "lr": 3.511e-05, "params": 3473, "time_iter": 0.01327, "accuracy": 0.60791, "precision": 0.0, "recall": 0.0, "f1": 0.0, "auc": 0.48999}
{"epoch": 89, "time_epoch": 0.42144, "eta": 3.88391, "eta_hours": 0.00108, "loss": 0.66967076, "lr": 2.956e-05, "params": 3473, "time_iter": 0.01204, "accuracy": 0.60791, "precision": 0.0, "recall": 0.0, "f1": 0.0, "auc": 0.49624}
{"epoch": 90, "time_epoch": 0.40966, "eta": 3.49762, "eta_hours": 0.00097, "loss": 0.6696693, "lr": 2.447e-05, "params": 3473, "time_iter": 0.0117, "accuracy": 0.60791, "precision": 0.0, "recall": 0.0, "f1": 0.0, "auc": 0.51876}
{"epoch": 91, "time_epoch": 0.37731, "eta": 3.10801, "eta_hours": 0.00086, "loss": 0.66967304, "lr": 1.985e-05, "params": 3473, "time_iter": 0.01078, "accuracy": 0.60791, "precision": 0.0, "recall": 0.0, "f1": 0.0, "auc": 0.47315}
{"epoch": 92, "time_epoch": 0.358, "eta": 2.71722, "eta_hours": 0.00075, "loss": 0.66967118, "lr": 1.571e-05, "params": 3473, "time_iter": 0.01023, "accuracy": 0.60791, "precision": 0.0, "recall": 0.0, "f1": 0.0, "auc": 0.48629}
{"epoch": 93, "time_epoch": 0.34878, "eta": 2.32653, "eta_hours": 0.00065, "loss": 0.66966904, "lr": 1.204e-05, "params": 3473, "time_iter": 0.00997, "accuracy": 0.60791, "precision": 0.0, "recall": 0.0, "f1": 0.0, "auc": 0.52885}
{"epoch": 94, "time_epoch": 0.35415, "eta": 1.937, "eta_hours": 0.00054, "loss": 0.66966917, "lr": 8.86e-06, "params": 3473, "time_iter": 0.01012, "accuracy": 0.60791, "precision": 0.0, "recall": 0.0, "f1": 0.0, "auc": 0.53121}
{"epoch": 95, "time_epoch": 0.36097, "eta": 1.5485, "eta_hours": 0.00043, "loss": 0.66966911, "lr": 6.16e-06, "params": 3473, "time_iter": 0.01031, "accuracy": 0.60791, "precision": 0.0, "recall": 0.0, "f1": 0.0, "auc": 0.53805}
{"epoch": 96, "time_epoch": 0.35136, "eta": 1.16027, "eta_hours": 0.00032, "loss": 0.66966661, "lr": 3.94e-06, "params": 3473, "time_iter": 0.01004, "accuracy": 0.60791, "precision": 0.0, "recall": 0.0, "f1": 0.0, "auc": 0.60223}
{"epoch": 97, "time_epoch": 0.34658, "eta": 0.77269, "eta_hours": 0.00021, "loss": 0.66966776, "lr": 2.22e-06, "params": 3473, "time_iter": 0.0099, "accuracy": 0.60791, "precision": 0.0, "recall": 0.0, "f1": 0.0, "auc": 0.58945}
{"epoch": 98, "time_epoch": 0.35313, "eta": 0.38601, "eta_hours": 0.00011, "loss": 0.66966659, "lr": 9.9e-07, "params": 3473, "time_iter": 0.01009, "accuracy": 0.60791, "precision": 0.0, "recall": 0.0, "f1": 0.0, "auc": 0.6199}
{"epoch": 99, "time_epoch": 0.43001, "eta": 0.0, "eta_hours": 0.0, "loss": 0.66966567, "lr": 2.5e-07, "params": 3473, "time_iter": 0.01229, "accuracy": 0.60791, "precision": 0.0, "recall": 0.0, "f1": 0.0, "auc": 0.62106}
