{"epoch": 0, "time_epoch": 0.04814, "eta": 4.76565, "eta_hours": 0.00132, "loss": 0.69220588, "lr": 0.001, "params": 6465, "time_iter": 0.01605, "accuracy": 0.5641, "precision": 0.69565, "recall": 0.61538, "f1": 0.65306, "auc": 0.50888}
{"epoch": 1, "time_epoch": 0.04169, "eta": 4.40142, "eta_hours": 0.00122, "loss": 0.68480966, "lr": 0.00099975, "params": 6465, "time_iter": 0.0139, "accuracy": 0.66667, "precision": 0.66667, "recall": 1.0, "f1": 0.8, "auc": 0.76627}
{"epoch": 2, "time_epoch": 0.03413, "eta": 4.00773, "eta_hours": 0.00111, "loss": 0.68243313, "lr": 0.00099901, "params": 6465, "time_iter": 0.01138, "accuracy": 0.66667, "precision": 0.66667, "recall": 1.0, "f1": 0.8, "auc": 0.37574}
{"epoch": 3, "time_epoch": 0.03372, "eta": 3.78405, "eta_hours": 0.00105, "loss": 0.6776021, "lr": 0.00099778, "params": 6465, "time_iter": 0.01124, "accuracy": 0.66667, "precision": 0.66667, "recall": 1.0, "f1": 0.8, "auc": 0.50888}
{"epoch": 4, "time_epoch": 0.03307, "eta": 3.62406, "eta_hours": 0.00101, "loss": 0.67490311, "lr": 0.00099606, "params": 6465, "time_iter": 0.01102, "accuracy": 0.66667, "precision": 0.66667, "recall": 1.0, "f1": 0.8, "auc": 0.49112}
{"epoch": 5, "time_epoch": 0.03344, "eta": 3.51222, "eta_hours": 0.00098, "loss": 0.67187853, "lr": 0.00099384, "params": 6465, "time_iter": 0.01115, "accuracy": 0.66667, "precision": 0.66667, "recall": 1.0, "f1": 0.8, "auc": 0.54142}
{"epoch": 6, "time_epoch": 0.03471, "eta": 3.43963, "eta_hours": 0.00096, "loss": 0.66940928, "lr": 0.00099114, "params": 6465, "time_iter": 0.01157, "accuracy": 0.66667, "precision": 0.66667, "recall": 1.0, "f1": 0.8, "auc": 0.55917}
{"epoch": 7, "time_epoch": 0.03329, "eta": 3.36014, "eta_hours": 0.00093, "loss": 0.66750734, "lr": 0.00098796, "params": 6465, "time_iter": 0.0111, "accuracy": 0.66667, "precision": 0.66667, "recall": 1.0, "f1": 0.8, "auc": 0.54438}
{"epoch": 8, "time_epoch": 0.03304, "eta": 3.28842, "eta_hours": 0.00091, "loss": 0.66578723, "lr": 0.00098429, "params": 6465, "time_iter": 0.01101, "accuracy": 0.66667, "precision": 0.66667, "recall": 1.0, "f1": 0.8, "auc": 0.51479}
{"epoch": 9, "time_epoch": 0.03302, "eta": 3.22421, "eta_hours": 0.0009, "loss": 0.66424904, "lr": 0.00098015, "params": 6465, "time_iter": 0.01101, "accuracy": 0.66667, "precision": 0.66667, "recall": 1.0, "f1": 0.8, "auc": 0.47929}
{"epoch": 10, "time_epoch": 0.0351, "eta": 3.1825, "eta_hours": 0.00088, "loss": 0.66319156, "lr": 0.00097553, "params": 6465, "time_iter": 0.0117, "accuracy": 0.66667, "precision": 0.66667, "recall": 1.0, "f1": 0.8, "auc": 0.39349}
{"epoch": 11, "time_epoch": 0.03911, "eta": 3.17134, "eta_hours": 0.00088, "loss": 0.66219583, "lr": 0.00097044, "params": 6465, "time_iter": 0.01304, "accuracy": 0.66667, "precision": 0.66667, "recall": 1.0, "f1": 0.8, "auc": 0.31953}
{"epoch": 12, "time_epoch": 0.03837, "eta": 3.15091, "eta_hours": 0.00088, "loss": 0.66110849, "lr": 0.00096489, "params": 6465, "time_iter": 0.01279, "accuracy": 0.66667, "precision": 0.66667, "recall": 1.0, "f1": 0.8, "auc": 0.47633}
{"epoch": 13, "time_epoch": 0.04274, "eta": 3.15475, "eta_hours": 0.00088, "loss": 0.66022663, "lr": 0.00095888, "params": 6465, "time_iter": 0.01425, "accuracy": 0.66667, "precision": 0.66667, "recall": 1.0, "f1": 0.8, "auc": 0.59172}
{"epoch": 14, "time_epoch": 0.04028, "eta": 3.13845, "eta_hours": 0.00087, "loss": 0.65964, "lr": 0.00095241, "params": 6465, "time_iter": 0.01343, "accuracy": 0.66667, "precision": 0.66667, "recall": 1.0, "f1": 0.8, "auc": 0.48521}
{"epoch": 15, "time_epoch": 0.03606, "eta": 3.09699, "eta_hours": 0.00086, "loss": 0.65892173, "lr": 0.0009455, "params": 6465, "time_iter": 0.01202, "accuracy": 0.66667, "precision": 0.66667, "recall": 1.0, "f1": 0.8, "auc": 0.37278}
{"epoch": 16, "time_epoch": 0.04486, "eta": 3.09916, "eta_hours": 0.00086, "loss": 0.65800776, "lr": 0.00093815, "params": 6465, "time_iter": 0.01495, "accuracy": 0.66667, "precision": 0.66667, "recall": 1.0, "f1": 0.8, "auc": 0.58432}
{"epoch": 17, "time_epoch": 0.04258, "eta": 3.08569, "eta_hours": 0.00086, "loss": 0.65742258, "lr": 0.00093037, "params": 6465, "time_iter": 0.01419, "accuracy": 0.66667, "precision": 0.66667, "recall": 1.0, "f1": 0.8, "auc": 0.4645}
{"epoch": 18, "time_epoch": 0.03254, "eta": 3.02637, "eta_hours": 0.00084, "loss": 0.65664213, "lr": 0.00092216, "params": 6465, "time_iter": 0.01085, "accuracy": 0.66667, "precision": 0.66667, "recall": 1.0, "f1": 0.8, "auc": 0.59467}
{"epoch": 19, "time_epoch": 0.04608, "eta": 3.02388, "eta_hours": 0.00084, "loss": 0.65609881, "lr": 0.00091354, "params": 6465, "time_iter": 0.01536, "accuracy": 0.66667, "precision": 0.66667, "recall": 1.0, "f1": 0.8, "auc": 0.54142}
{"epoch": 20, "time_epoch": 0.04518, "eta": 3.01384, "eta_hours": 0.00084, "loss": 0.65575758, "lr": 0.00090451, "params": 6465, "time_iter": 0.01506, "accuracy": 0.66667, "precision": 0.66667, "recall": 1.0, "f1": 0.8, "auc": 0.33432}
{"epoch": 21, "time_epoch": 0.04524, "eta": 3.00084, "eta_hours": 0.00083, "loss": 0.65502125, "lr": 0.00089508, "params": 6465, "time_iter": 0.01508, "accuracy": 0.66667, "precision": 0.66667, "recall": 1.0, "f1": 0.8, "auc": 0.35503}
{"epoch": 22, "time_epoch": 0.04147, "eta": 2.97242, "eta_hours": 0.00083, "loss": 0.65440726, "lr": 0.00088526, "params": 6465, "time_iter": 0.01382, "accuracy": 0.66667, "precision": 0.66667, "recall": 1.0, "f1": 0.8, "auc": 0.52663}
{"epoch": 23, "time_epoch": 0.03161, "eta": 2.91167, "eta_hours": 0.00081, "loss": 0.65405829, "lr": 0.00087506, "params": 6465, "time_iter": 0.01054, "accuracy": 0.66667, "precision": 0.66667, "recall": 1.0, "f1": 0.8, "auc": 0.49408}
{"epoch": 24, "time_epoch": 0.02854, "eta": 2.84403, "eta_hours": 0.00079, "loss": 0.65341498, "lr": 0.00086448, "params": 6465, "time_iter": 0.00951, "accuracy": 0.66667, "precision": 0.66667, "recall": 1.0, "f1": 0.8, "auc": 0.5858}
{"epoch": 25, "time_epoch": 0.02628, "eta": 2.77297, "eta_hours": 0.00077, "loss": 0.65312109, "lr": 0.00085355, "params": 6465, "time_iter": 0.00876, "accuracy": 0.66667, "precision": 0.66667, "recall": 1.0, "f1": 0.8, "auc": 0.47337}
{"epoch": 26, "time_epoch": 0.04397, "eta": 2.75307, "eta_hours": 0.00076, "loss": 0.65264435, "lr": 0.00084227, "params": 6465, "time_iter": 0.01466, "accuracy": 0.66667, "precision": 0.66667, "recall": 1.0, "f1": 0.8, "auc": 0.36686}
{"epoch": 27, "time_epoch": 0.05797, "eta": 2.76743, "eta_hours": 0.00077, "loss": 0.65209145, "lr": 0.00083066, "params": 6465, "time_iter": 0.01932, "accuracy": 0.66667, "precision": 0.66667, "recall": 1.0, "f1": 0.8, "auc": 0.43787}
{"epoch": 28, "time_epoch": 0.03365, "eta": 2.71728, "eta_hours": 0.00075, "loss": 0.65163628, "lr": 0.00081871, "params": 6465, "time_iter": 0.01122, "accuracy": 0.66667, "precision": 0.66667, "recall": 1.0, "f1": 0.8, "auc": 0.55621}
{"epoch": 29, "time_epoch": 0.03403, "eta": 2.66911, "eta_hours": 0.00074, "loss": 0.65120201, "lr": 0.00080645, "params": 6465, "time_iter": 0.01134, "accuracy": 0.66667, "precision": 0.66667, "recall": 1.0, "f1": 0.8, "auc": 0.65385}
{"epoch": 30, "time_epoch": 0.03465, "eta": 2.62324, "eta_hours": 0.00073, "loss": 0.65107367, "lr": 0.00079389, "params": 6465, "time_iter": 0.01155, "accuracy": 0.66667, "precision": 0.66667, "recall": 1.0, "f1": 0.8, "auc": 0.33728}
{"epoch": 31, "time_epoch": 0.03844, "eta": 2.58612, "eta_hours": 0.00072, "loss": 0.65047407, "lr": 0.00078104, "params": 6465, "time_iter": 0.01281, "accuracy": 0.66667, "precision": 0.66667, "recall": 1.0, "f1": 0.8, "auc": 0.57249}
{"epoch": 32, "time_epoch": 0.04621, "eta": 2.5647, "eta_hours": 0.00071, "loss": 0.65014373, "lr": 0.00076791, "params": 6465, "time_iter": 0.0154, "accuracy": 0.66667, "precision": 0.66667, "recall": 1.0, "f1": 0.8, "auc": 0.42899}
{"epoch": 33, "time_epoch": 0.03261, "eta": 2.51541, "eta_hours": 0.0007, "loss": 0.64989382, "lr": 0.00075452, "params": 6465, "time_iter": 0.01087, "accuracy": 0.66667, "precision": 0.66667, "recall": 1.0, "f1": 0.8, "auc": 0.39793}
{"epoch": 34, "time_epoch": 0.03223, "eta": 2.46638, "eta_hours": 0.00069, "loss": 0.64945411, "lr": 0.00074088, "params": 6465, "time_iter": 0.01074, "accuracy": 0.66667, "precision": 0.66667, "recall": 1.0, "f1": 0.8, "auc": 0.41568}
{"epoch": 35, "time_epoch": 0.03175, "eta": 2.41742, "eta_hours": 0.00067, "loss": 0.64904008, "lr": 0.000727, "params": 6465, "time_iter": 0.01058, "accuracy": 0.66667, "precision": 0.66667, "recall": 1.0, "f1": 0.8, "auc": 0.64349}
{"epoch": 36, "time_epoch": 0.03156, "eta": 2.36908, "eta_hours": 0.00066, "loss": 0.64886194, "lr": 0.00071289, "params": 6465, "time_iter": 0.01052, "accuracy": 0.66667, "precision": 0.66667, "recall": 1.0, "f1": 0.8, "auc": 0.47041}
{"epoch": 37, "time_epoch": 0.03133, "eta": 2.32123, "eta_hours": 0.00064, "loss": 0.6485449, "lr": 0.00069857, "params": 6465, "time_iter": 0.01044, "accuracy": 0.66667, "precision": 0.66667, "recall": 1.0, "f1": 0.8, "auc": 0.39053}
{"epoch": 38, "time_epoch": 0.03187, "eta": 2.27507, "eta_hours": 0.00063, "loss": 0.64815131, "lr": 0.00068406, "params": 6465, "time_iter": 0.01062, "accuracy": 0.66667, "precision": 0.66667, "recall": 1.0, "f1": 0.8, "auc": 0.58284}
{"epoch": 39, "time_epoch": 0.03187, "eta": 2.22964, "eta_hours": 0.00062, "loss": 0.6478679, "lr": 0.00066937, "params": 6465, "time_iter": 0.01062, "accuracy": 0.66667, "precision": 0.66667, "recall": 1.0, "f1": 0.8, "auc": 0.53846}
{"epoch": 40, "time_epoch": 0.03186, "eta": 2.18485, "eta_hours": 0.00061, "loss": 0.64756488, "lr": 0.00065451, "params": 6465, "time_iter": 0.01062, "accuracy": 0.66667, "precision": 0.66667, "recall": 1.0, "f1": 0.8, "auc": 0.6716}
{"epoch": 41, "time_epoch": 0.03194, "eta": 2.1408, "eta_hours": 0.00059, "loss": 0.64739547, "lr": 0.0006395, "params": 6465, "time_iter": 0.01065, "accuracy": 0.66667, "precision": 0.66667, "recall": 1.0, "f1": 0.8, "auc": 0.50592}
{"epoch": 42, "time_epoch": 0.03174, "eta": 2.09703, "eta_hours": 0.00058, "loss": 0.6472636, "lr": 0.00062434, "params": 6465, "time_iter": 0.01058, "accuracy": 0.66667, "precision": 0.66667, "recall": 1.0, "f1": 0.8, "auc": 0.35207}
{"epoch": 43, "time_epoch": 0.03328, "eta": 2.05577, "eta_hours": 0.00057, "loss": 0.64688357, "lr": 0.00060907, "params": 6465, "time_iter": 0.01109, "accuracy": 0.66667, "precision": 0.66667, "recall": 1.0, "f1": 0.8, "auc": 0.52367}
{"epoch": 44, "time_epoch": 0.0312, "eta": 2.01233, "eta_hours": 0.00056, "loss": 0.64666219, "lr": 0.00059369, "params": 6465, "time_iter": 0.0104, "accuracy": 0.66667, "precision": 0.66667, "recall": 1.0, "f1": 0.8, "auc": 0.52071}
{"epoch": 45, "time_epoch": 0.03205, "eta": 1.97041, "eta_hours": 0.00055, "loss": 0.64656143, "lr": 0.00057822, "params": 6465, "time_iter": 0.01068, "accuracy": 0.66667, "precision": 0.66667, "recall": 1.0, "f1": 0.8, "auc": 0.37722}
{"epoch": 46, "time_epoch": 0.03138, "eta": 1.92816, "eta_hours": 0.00054, "loss": 0.64635772, "lr": 0.00056267, "params": 6465, "time_iter": 0.01046, "accuracy": 0.66667, "precision": 0.66667, "recall": 1.0, "f1": 0.8, "auc": 0.34911}
{"epoch": 47, "time_epoch": 0.03128, "eta": 1.88626, "eta_hours": 0.00052, "loss": 0.64613128, "lr": 0.00054705, "params": 6465, "time_iter": 0.01043, "accuracy": 0.66667, "precision": 0.66667, "recall": 1.0, "f1": 0.8, "auc": 0.40237}
{"epoch": 48, "time_epoch": 0.03159, "eta": 1.84512, "eta_hours": 0.00051, "loss": 0.64593245, "lr": 0.0005314, "params": 6465, "time_iter": 0.01053, "accuracy": 0.66667, "precision": 0.66667, "recall": 1.0, "f1": 0.8, "auc": 0.44527}
{"epoch": 49, "time_epoch": 0.03175, "eta": 1.80451, "eta_hours": 0.0005, "loss": 0.64584345, "lr": 0.00051571, "params": 6465, "time_iter": 0.01058, "accuracy": 0.66667, "precision": 0.66667, "recall": 1.0, "f1": 0.8, "auc": 0.35947}
{"epoch": 50, "time_epoch": 0.03273, "eta": 1.76519, "eta_hours": 0.00049, "loss": 0.64562512, "lr": 0.0005, "params": 6465, "time_iter": 0.01091, "accuracy": 0.66667, "precision": 0.66667, "recall": 1.0, "f1": 0.8, "auc": 0.46006}
{"epoch": 51, "time_epoch": 0.03304, "eta": 1.72641, "eta_hours": 0.00048, "loss": 0.64549625, "lr": 0.00048429, "params": 6465, "time_iter": 0.01101, "accuracy": 0.66667, "precision": 0.66667, "recall": 1.0, "f1": 0.8, "auc": 0.48669}
{"epoch": 52, "time_epoch": 0.03349, "eta": 1.68825, "eta_hours": 0.00047, "loss": 0.64539429, "lr": 0.0004686, "params": 6465, "time_iter": 0.01116, "accuracy": 0.66667, "precision": 0.66667, "recall": 1.0, "f1": 0.8, "auc": 0.46746}
{"epoch": 53, "time_epoch": 0.03194, "eta": 1.64894, "eta_hours": 0.00046, "loss": 0.6452082, "lr": 0.00045295, "params": 6465, "time_iter": 0.01065, "accuracy": 0.66667, "precision": 0.66667, "recall": 1.0, "f1": 0.8, "auc": 0.5429}
{"epoch": 54, "time_epoch": 0.03165, "eta": 1.60966, "eta_hours": 0.00045, "loss": 0.64512462, "lr": 0.00043733, "params": 6465, "time_iter": 0.01055, "accuracy": 0.66667, "precision": 0.66667, "recall": 1.0, "f1": 0.8, "auc": 0.38609}
{"epoch": 55, "time_epoch": 0.03208, "eta": 1.57099, "eta_hours": 0.00044, "loss": 0.64498618, "lr": 0.00042178, "params": 6465, "time_iter": 0.01069, "accuracy": 0.66667, "precision": 0.66667, "recall": 1.0, "f1": 0.8, "auc": 0.42456}
{"epoch": 56, "time_epoch": 0.03214, "eta": 1.53259, "eta_hours": 0.00043, "loss": 0.64482566, "lr": 0.00040631, "params": 6465, "time_iter": 0.01071, "accuracy": 0.66667, "precision": 0.66667, "recall": 1.0, "f1": 0.8, "auc": 0.6997}
{"epoch": 57, "time_epoch": 0.03207, "eta": 1.49436, "eta_hours": 0.00042, "loss": 0.6447395, "lr": 0.00039093, "params": 6465, "time_iter": 0.01069, "accuracy": 0.66667, "precision": 0.66667, "recall": 1.0, "f1": 0.8, "auc": 0.60799}
{"epoch": 58, "time_epoch": 0.03219, "eta": 1.45642, "eta_hours": 0.0004, "loss": 0.64463765, "lr": 0.00037566, "params": 6465, "time_iter": 0.01073, "accuracy": 0.66667, "precision": 0.66667, "recall": 1.0, "f1": 0.8, "auc": 0.52663}
{"epoch": 59, "time_epoch": 0.03197, "eta": 1.41853, "eta_hours": 0.00039, "loss": 0.64455324, "lr": 0.0003605, "params": 6465, "time_iter": 0.01066, "accuracy": 0.66667, "precision": 0.66667, "recall": 1.0, "f1": 0.8, "auc": 0.47041}
{"epoch": 60, "time_epoch": 0.03265, "eta": 1.38127, "eta_hours": 0.00038, "loss": 0.64440691, "lr": 0.00034549, "params": 6465, "time_iter": 0.01088, "accuracy": 0.66667, "precision": 0.66667, "recall": 1.0, "f1": 0.8, "auc": 0.58432}
{"epoch": 61, "time_epoch": 0.03187, "eta": 1.34367, "eta_hours": 0.00037, "loss": 0.64431822, "lr": 0.00033063, "params": 6465, "time_iter": 0.01062, "accuracy": 0.66667, "precision": 0.66667, "recall": 1.0, "f1": 0.8, "auc": 0.5355}
{"epoch": 62, "time_epoch": 0.03233, "eta": 1.30654, "eta_hours": 0.00036, "loss": 0.64425485, "lr": 0.00031594, "params": 6465, "time_iter": 0.01078, "accuracy": 0.66667, "precision": 0.66667, "recall": 1.0, "f1": 0.8, "auc": 0.42308}
{"epoch": 63, "time_epoch": 0.03185, "eta": 1.26928, "eta_hours": 0.00035, "loss": 0.64411958, "lr": 0.00030143, "params": 6465, "time_iter": 0.01062, "accuracy": 0.66667, "precision": 0.66667, "recall": 1.0, "f1": 0.8, "auc": 0.54142}
{"epoch": 64, "time_epoch": 0.0319, "eta": 1.23222, "eta_hours": 0.00034, "loss": 0.6440715, "lr": 0.00028711, "params": 6465, "time_iter": 0.01063, "accuracy": 0.66667, "precision": 0.66667, "recall": 1.0, "f1": 0.8, "auc": 0.40976}
{"epoch": 65, "time_epoch": 0.03138, "eta": 1.19504, "eta_hours": 0.00033, "loss": 0.64397683, "lr": 0.000273, "params": 6465, "time_iter": 0.01046, "accuracy": 0.66667, "precision": 0.66667, "recall": 1.0, "f1": 0.8, "auc": 0.41568}
{"epoch": 66, "time_epoch": 0.03111, "eta": 1.1579, "eta_hours": 0.00032, "loss": 0.64388101, "lr": 0.00025912, "params": 6465, "time_iter": 0.01037, "accuracy": 0.66667, "precision": 0.66667, "recall": 1.0, "f1": 0.8, "auc": 0.74112}
{"epoch": 67, "time_epoch": 0.03175, "eta": 1.12125, "eta_hours": 0.00031, "loss": 0.64382275, "lr": 0.00024548, "params": 6465, "time_iter": 0.01058, "accuracy": 0.66667, "precision": 0.66667, "recall": 1.0, "f1": 0.8, "auc": 0.5858}
{"epoch": 68, "time_epoch": 0.03219, "eta": 1.08493, "eta_hours": 0.0003, "loss": 0.64374608, "lr": 0.00023209, "params": 6465, "time_iter": 0.01073, "accuracy": 0.66667, "precision": 0.66667, "recall": 1.0, "f1": 0.8, "auc": 0.68491}
{"epoch": 69, "time_epoch": 0.03199, "eta": 1.04864, "eta_hours": 0.00029, "loss": 0.64376149, "lr": 0.00021896, "params": 6465, "time_iter": 0.01066, "accuracy": 0.66667, "precision": 0.66667, "recall": 1.0, "f1": 0.8, "auc": 0.32692}
{"epoch": 70, "time_epoch": 0.03211, "eta": 1.01252, "eta_hours": 0.00028, "loss": 0.64365816, "lr": 0.00020611, "params": 6465, "time_iter": 0.0107, "accuracy": 0.66667, "precision": 0.66667, "recall": 1.0, "f1": 0.8, "auc": 0.42012}
{"epoch": 71, "time_epoch": 0.03176, "eta": 0.97638, "eta_hours": 0.00027, "loss": 0.64360587, "lr": 0.00019355, "params": 6465, "time_iter": 0.01059, "accuracy": 0.66667, "precision": 0.66667, "recall": 1.0, "f1": 0.8, "auc": 0.45266}
{"epoch": 72, "time_epoch": 0.03191, "eta": 0.94041, "eta_hours": 0.00026, "loss": 0.64358859, "lr": 0.00018129, "params": 6465, "time_iter": 0.01064, "accuracy": 0.66667, "precision": 0.66667, "recall": 1.0, "f1": 0.8, "auc": 0.31805}
{"epoch": 73, "time_epoch": 0.03205, "eta": 0.90461, "eta_hours": 0.00025, "loss": 0.64352908, "lr": 0.00016934, "params": 6465, "time_iter": 0.01068, "accuracy": 0.66667, "precision": 0.66667, "recall": 1.0, "f1": 0.8, "auc": 0.54586}
{"epoch": 74, "time_epoch": 0.03175, "eta": 0.8688, "eta_hours": 0.00024, "loss": 0.6435139, "lr": 0.00015773, "params": 6465, "time_iter": 0.01058, "accuracy": 0.66667, "precision": 0.66667, "recall": 1.0, "f1": 0.8, "auc": 0.41272}
{"epoch": 75, "time_epoch": 0.03118, "eta": 0.83292, "eta_hours": 0.00023, "loss": 0.64348234, "lr": 0.00014645, "params": 6465, "time_iter": 0.01039, "accuracy": 0.66667, "precision": 0.66667, "recall": 1.0, "f1": 0.8, "auc": 0.40237}
{"epoch": 76, "time_epoch": 0.03169, "eta": 0.79731, "eta_hours": 0.00022, "loss": 0.64347063, "lr": 0.00013552, "params": 6465, "time_iter": 0.01056, "accuracy": 0.66667, "precision": 0.66667, "recall": 1.0, "f1": 0.8, "auc": 0.33728}
{"epoch": 77, "time_epoch": 0.03208, "eta": 0.76192, "eta_hours": 0.00021, "loss": 0.64342657, "lr": 0.00012494, "params": 6465, "time_iter": 0.01069, "accuracy": 0.66667, "precision": 0.66667, "recall": 1.0, "f1": 0.8, "auc": 0.4142}
{"epoch": 78, "time_epoch": 0.03198, "eta": 0.72658, "eta_hours": 0.0002, "loss": 0.64340419, "lr": 0.00011474, "params": 6465, "time_iter": 0.01066, "accuracy": 0.66667, "precision": 0.66667, "recall": 1.0, "f1": 0.8, "auc": 0.53254}
{"epoch": 79, "time_epoch": 0.03199, "eta": 0.69133, "eta_hours": 0.00019, "loss": 0.64339792, "lr": 0.00010492, "params": 6465, "time_iter": 0.01066, "accuracy": 0.66667, "precision": 0.66667, "recall": 1.0, "f1": 0.8, "auc": 0.37278}
{"epoch": 80, "time_epoch": 0.03205, "eta": 0.65617, "eta_hours": 0.00018, "loss": 0.64337022, "lr": 9.549e-05, "params": 6465, "time_iter": 0.01068, "accuracy": 0.66667, "precision": 0.66667, "recall": 1.0, "f1": 0.8, "auc": 0.57692}
{"epoch": 81, "time_epoch": 0.0318, "eta": 0.62104, "eta_hours": 0.00017, "loss": 0.64337529, "lr": 8.646e-05, "params": 6465, "time_iter": 0.0106, "accuracy": 0.66667, "precision": 0.66667, "recall": 1.0, "f1": 0.8, "auc": 0.2929}
{"epoch": 82, "time_epoch": 0.03132, "eta": 0.58588, "eta_hours": 0.00016, "loss": 0.64334702, "lr": 7.784e-05, "params": 6465, "time_iter": 0.01044, "accuracy": 0.66667, "precision": 0.66667, "recall": 1.0, "f1": 0.8, "auc": 0.53107}
{"epoch": 83, "time_epoch": 0.03152, "eta": 0.55086, "eta_hours": 0.00015, "loss": 0.64334446, "lr": 6.963e-05, "params": 6465, "time_iter": 0.01051, "accuracy": 0.66667, "precision": 0.66667, "recall": 1.0, "f1": 0.8, "auc": 0.37574}
{"epoch": 84, "time_epoch": 0.03144, "eta": 0.5159, "eta_hours": 0.00014, "loss": 0.64333312, "lr": 6.185e-05, "params": 6465, "time_iter": 0.01048, "accuracy": 0.66667, "precision": 0.66667, "recall": 1.0, "f1": 0.8, "auc": 0.43343}
{"epoch": 85, "time_epoch": 0.03213, "eta": 0.48114, "eta_hours": 0.00013, "loss": 0.64332065, "lr": 5.45e-05, "params": 6465, "time_iter": 0.01071, "accuracy": 0.66667, "precision": 0.66667, "recall": 1.0, "f1": 0.8, "auc": 0.48373}
{"epoch": 86, "time_epoch": 0.03183, "eta": 0.44639, "eta_hours": 0.00012, "loss": 0.64331125, "lr": 4.759e-05, "params": 6465, "time_iter": 0.01061, "accuracy": 0.66667, "precision": 0.66667, "recall": 1.0, "f1": 0.8, "auc": 0.55325}
{"epoch": 87, "time_epoch": 0.03175, "eta": 0.4117, "eta_hours": 0.00011, "loss": 0.64330368, "lr": 4.112e-05, "params": 6465, "time_iter": 0.01058, "accuracy": 0.66667, "precision": 0.66667, "recall": 1.0, "f1": 0.8, "auc": 0.44379}
{"epoch": 88, "time_epoch": 0.03253, "eta": 0.37717, "eta_hours": 0.0001, "loss": 0.64329588, "lr": 3.511e-05, "params": 6465, "time_iter": 0.01084, "accuracy": 0.66667, "precision": 0.66667, "recall": 1.0, "f1": 0.8, "auc": 0.49112}
{"epoch": 89, "time_epoch": 0.03178, "eta": 0.34261, "eta_hours": 0.0001, "loss": 0.64329104, "lr": 2.956e-05, "params": 6465, "time_iter": 0.01059, "accuracy": 0.66667, "precision": 0.66667, "recall": 1.0, "f1": 0.8, "auc": 0.4645}
{"epoch": 90, "time_epoch": 0.03196, "eta": 0.30812, "eta_hours": 9e-05, "loss": 0.64329188, "lr": 2.447e-05, "params": 6465, "time_iter": 0.01065, "accuracy": 0.66667, "precision": 0.66667, "recall": 1.0, "f1": 0.8, "auc": 0.33136}
{"epoch": 91, "time_epoch": 0.03182, "eta": 0.27367, "eta_hours": 8e-05, "loss": 0.64328094, "lr": 1.985e-05, "params": 6465, "time_iter": 0.01061, "accuracy": 0.66667, "precision": 0.66667, "recall": 1.0, "f1": 0.8, "auc": 0.44231}
{"epoch": 92, "time_epoch": 0.03133, "eta": 0.23925, "eta_hours": 7e-05, "loss": 0.64327667, "lr": 1.571e-05, "params": 6465, "time_iter": 0.01044, "accuracy": 0.66667, "precision": 0.66667, "recall": 1.0, "f1": 0.8, "auc": 0.45562}
{"epoch": 93, "time_epoch": 0.03174, "eta": 0.20491, "eta_hours": 6e-05, "loss": 0.64327378, "lr": 1.204e-05, "params": 6465, "time_iter": 0.01058, "accuracy": 0.66667, "precision": 0.66667, "recall": 1.0, "f1": 0.8, "auc": 0.48373}
{"epoch": 94, "time_epoch": 0.03103, "eta": 0.1706, "eta_hours": 5e-05, "loss": 0.64327157, "lr": 8.86e-06, "params": 6465, "time_iter": 0.01034, "accuracy": 0.66667, "precision": 0.66667, "recall": 1.0, "f1": 0.8, "auc": 0.51035}
{"epoch": 95, "time_epoch": 0.03284, "eta": 0.13642, "eta_hours": 4e-05, "loss": 0.64326903, "lr": 6.16e-06, "params": 6465, "time_iter": 0.01095, "accuracy": 0.66667, "precision": 0.66667, "recall": 1.0, "f1": 0.8, "auc": 0.43935}
{"epoch": 96, "time_epoch": 0.0313, "eta": 0.10223, "eta_hours": 3e-05, "loss": 0.64326901, "lr": 3.94e-06, "params": 6465, "time_iter": 0.01043, "accuracy": 0.66667, "precision": 0.66667, "recall": 1.0, "f1": 0.8, "auc": 0.40976}
{"epoch": 97, "time_epoch": 0.04774, "eta": 0.06843, "eta_hours": 2e-05, "loss": 0.64326708, "lr": 2.22e-06, "params": 6465, "time_iter": 0.01591, "accuracy": 0.66667, "precision": 0.66667, "recall": 1.0, "f1": 0.8, "auc": 0.48225}
{"epoch": 98, "time_epoch": 0.0476, "eta": 0.03435, "eta_hours": 1e-05, "loss": 0.64326722, "lr": 9.9e-07, "params": 6465, "time_iter": 0.01587, "accuracy": 0.66667, "precision": 0.66667, "recall": 1.0, "f1": 0.8, "auc": 0.43935}
{"epoch": 99, "time_epoch": 0.04743, "eta": 0.0, "eta_hours": 0.0, "loss": 0.64326656, "lr": 2.5e-07, "params": 6465, "time_iter": 0.01581, "accuracy": 0.66667, "precision": 0.66667, "recall": 1.0, "f1": 0.8, "auc": 0.49852}
