{"epoch": 0, "time_epoch": 3.18277, "eta": 315.09407, "eta_hours": 0.08753, "loss": 0.69726765, "lr": 0.001, "params": 5401, "time_iter": 0.08376, "accuracy": 0.52, "precision": 0.52, "recall": 1.0, "f1": 0.68421, "auc": 0.44988}
{"epoch": 1, "time_epoch": 3.14448, "eta": 310.03527, "eta_hours": 0.08612, "loss": 0.69441997, "lr": 0.00099975, "params": 5401, "time_iter": 0.08275, "accuracy": 0.52, "precision": 0.52, "recall": 1.0, "f1": 0.68421, "auc": 0.48344}
{"epoch": 2, "time_epoch": 2.19249, "eta": 275.47175, "eta_hours": 0.07652, "loss": 0.69301072, "lr": 0.00099901, "params": 5401, "time_iter": 0.0577, "accuracy": 0.52, "precision": 0.52, "recall": 1.0, "f1": 0.68421, "auc": 0.51264}
{"epoch": 3, "time_epoch": 2.29814, "eta": 259.6292, "eta_hours": 0.07212, "loss": 0.6936135, "lr": 0.00099778, "params": 5401, "time_iter": 0.06048, "accuracy": 0.52, "precision": 0.52, "recall": 1.0, "f1": 0.68421, "auc": 0.39708}
{"epoch": 4, "time_epoch": 2.30838, "eta": 249.39899, "eta_hours": 0.06928, "loss": 0.69368526, "lr": 0.00099606, "params": 5401, "time_iter": 0.06075, "accuracy": 0.52, "precision": 0.52, "recall": 1.0, "f1": 0.68421, "auc": 0.38141}
{"epoch": 5, "time_epoch": 2.32316, "eta": 242.04099, "eta_hours": 0.06723, "loss": 0.69288701, "lr": 0.00099384, "params": 5401, "time_iter": 0.06114, "accuracy": 0.52, "precision": 0.52, "recall": 1.0, "f1": 0.68421, "auc": 0.36485}
{"epoch": 6, "time_epoch": 2.28367, "eta": 235.5968, "eta_hours": 0.06544, "loss": 0.69375054, "lr": 0.00099114, "params": 5401, "time_iter": 0.0601, "accuracy": 0.52, "precision": 0.52, "recall": 1.0, "f1": 0.68421, "auc": 0.4229}
{"epoch": 7, "time_epoch": 2.30005, "eta": 230.38109, "eta_hours": 0.06399, "loss": 0.69260555, "lr": 0.00098796, "params": 5401, "time_iter": 0.06053, "accuracy": 0.52, "precision": 0.52, "recall": 1.0, "f1": 0.68421, "auc": 0.42539}
{"epoch": 8, "time_epoch": 2.30242, "eta": 225.83734, "eta_hours": 0.06273, "loss": 0.69263132, "lr": 0.00098429, "params": 5401, "time_iter": 0.06059, "accuracy": 0.52, "precision": 0.52, "recall": 1.0, "f1": 0.68421, "auc": 0.45709}
{"epoch": 9, "time_epoch": 2.29826, "eta": 221.70443, "eta_hours": 0.06158, "loss": 0.69311232, "lr": 0.00098015, "params": 5401, "time_iter": 0.06048, "accuracy": 0.52, "precision": 0.52, "recall": 1.0, "f1": 0.68421, "auc": 0.41284}
{"epoch": 10, "time_epoch": 2.27788, "eta": 217.74016, "eta_hours": 0.06048, "loss": 0.69303156, "lr": 0.00097553, "params": 5401, "time_iter": 0.05994, "accuracy": 0.52, "precision": 0.52, "recall": 1.0, "f1": 0.68421, "auc": 0.41026}
{"epoch": 11, "time_epoch": 2.31475, "eta": 214.32733, "eta_hours": 0.05954, "loss": 0.69314638, "lr": 0.00097044, "params": 5401, "time_iter": 0.06091, "accuracy": 0.52, "precision": 0.52, "recall": 1.0, "f1": 0.68421, "auc": 0.42076}
{"epoch": 12, "time_epoch": 2.31511, "eta": 211.08586, "eta_hours": 0.05863, "loss": 0.69306566, "lr": 0.00096489, "params": 5401, "time_iter": 0.06092, "accuracy": 0.52, "precision": 0.52, "recall": 1.0, "f1": 0.68421, "auc": 0.44436}
{"epoch": 13, "time_epoch": 2.28496, "eta": 207.7915, "eta_hours": 0.05772, "loss": 0.69350823, "lr": 0.00095888, "params": 5401, "time_iter": 0.06013, "accuracy": 0.52, "precision": 0.52, "recall": 1.0, "f1": 0.68421, "auc": 0.42967}
{"epoch": 14, "time_epoch": 2.31322, "eta": 204.7919, "eta_hours": 0.05689, "loss": 0.69288361, "lr": 0.00095241, "params": 5401, "time_iter": 0.06087, "accuracy": 0.52, "precision": 0.52, "recall": 1.0, "f1": 0.68421, "auc": 0.4334}
{"epoch": 15, "time_epoch": 2.30007, "eta": 201.80907, "eta_hours": 0.05606, "loss": 0.69305238, "lr": 0.0009455, "params": 5401, "time_iter": 0.06053, "accuracy": 0.52, "precision": 0.52, "recall": 1.0, "f1": 0.68421, "auc": 0.37927}
{"epoch": 16, "time_epoch": 2.29222, "eta": 198.86818, "eta_hours": 0.05524, "loss": 0.69301806, "lr": 0.00093815, "params": 5401, "time_iter": 0.06032, "accuracy": 0.52, "precision": 0.52, "recall": 1.0, "f1": 0.68421, "auc": 0.40527}
{"epoch": 17, "time_epoch": 2.29771, "eta": 196.02439, "eta_hours": 0.05445, "loss": 0.69336018, "lr": 0.00093037, "params": 5401, "time_iter": 0.06047, "accuracy": 0.52, "precision": 0.52, "recall": 1.0, "f1": 0.68421, "auc": 0.43038}
{"epoch": 18, "time_epoch": 2.32341, "eta": 193.34765, "eta_hours": 0.05371, "loss": 0.69479702, "lr": 0.00092216, "params": 5401, "time_iter": 0.06114, "accuracy": 0.52, "precision": 0.52, "recall": 1.0, "f1": 0.68421, "auc": 0.35221}
{"epoch": 19, "time_epoch": 2.28105, "eta": 190.53682, "eta_hours": 0.05293, "loss": 0.69294024, "lr": 0.00091354, "params": 5401, "time_iter": 0.06003, "accuracy": 0.52, "precision": 0.52, "recall": 1.0, "f1": 0.68421, "auc": 0.3969}
{"epoch": 20, "time_epoch": 2.31089, "eta": 187.88869, "eta_hours": 0.05219, "loss": 0.69287208, "lr": 0.00090451, "params": 5401, "time_iter": 0.06081, "accuracy": 0.52, "precision": 0.52, "recall": 1.0, "f1": 0.68421, "auc": 0.42771}
{"epoch": 21, "time_epoch": 2.25842, "eta": 185.08519, "eta_hours": 0.05141, "loss": 0.69281783, "lr": 0.00089508, "params": 5401, "time_iter": 0.05943, "accuracy": 0.52, "precision": 0.52, "recall": 1.0, "f1": 0.68421, "auc": 0.40714}
{"epoch": 22, "time_epoch": 2.32539, "eta": 182.55329, "eta_hours": 0.05071, "loss": 0.69299053, "lr": 0.00088526, "params": 5401, "time_iter": 0.06119, "accuracy": 0.52, "precision": 0.52, "recall": 1.0, "f1": 0.68421, "auc": 0.40242}
{"epoch": 23, "time_epoch": 2.32011, "eta": 180.02187, "eta_hours": 0.05001, "loss": 0.69298056, "lr": 0.00087506, "params": 5401, "time_iter": 0.06106, "accuracy": 0.52, "precision": 0.52, "recall": 1.0, "f1": 0.68421, "auc": 0.43198}
{"epoch": 24, "time_epoch": 2.28249, "eta": 177.3945, "eta_hours": 0.04928, "loss": 0.69303427, "lr": 0.00086448, "params": 5401, "time_iter": 0.06007, "accuracy": 0.52, "precision": 0.52, "recall": 1.0, "f1": 0.68421, "auc": 0.41008}
{"epoch": 25, "time_epoch": 2.28589, "eta": 174.80333, "eta_hours": 0.04856, "loss": 0.69258769, "lr": 0.00085355, "params": 5401, "time_iter": 0.06015, "accuracy": 0.52, "precision": 0.52, "recall": 1.0, "f1": 0.68421, "auc": 0.45566}
{"epoch": 26, "time_epoch": 2.2704, "eta": 172.19291, "eta_hours": 0.04783, "loss": 0.69302073, "lr": 0.00084227, "params": 5401, "time_iter": 0.05975, "accuracy": 0.52, "precision": 0.52, "recall": 1.0, "f1": 0.68421, "auc": 0.42067}
{"epoch": 27, "time_epoch": 2.29954, "eta": 169.6817, "eta_hours": 0.04713, "loss": 0.69241776, "lr": 0.00083066, "params": 5401, "time_iter": 0.06051, "accuracy": 0.52, "precision": 0.52, "recall": 1.0, "f1": 0.68421, "auc": 0.47204}
{"epoch": 28, "time_epoch": 2.26936, "eta": 167.1112, "eta_hours": 0.04642, "loss": 0.69290229, "lr": 0.00081871, "params": 5401, "time_iter": 0.05972, "accuracy": 0.52, "precision": 0.52, "recall": 1.0, "f1": 0.68421, "auc": 0.41186}
{"epoch": 29, "time_epoch": 2.27553, "eta": 164.57518, "eta_hours": 0.04572, "loss": 0.69258717, "lr": 0.00080645, "params": 5401, "time_iter": 0.05988, "accuracy": 0.52, "precision": 0.52, "recall": 1.0, "f1": 0.68421, "auc": 0.40946}
{"epoch": 30, "time_epoch": 2.29481, "eta": 162.09887, "eta_hours": 0.04503, "loss": 0.69337809, "lr": 0.00079389, "params": 5401, "time_iter": 0.06039, "accuracy": 0.52, "precision": 0.52, "recall": 1.0, "f1": 0.68421, "auc": 0.36645}
{"epoch": 31, "time_epoch": 2.31082, "eta": 159.66793, "eta_hours": 0.04435, "loss": 0.69307091, "lr": 0.00078104, "params": 5401, "time_iter": 0.06081, "accuracy": 0.52, "precision": 0.52, "recall": 1.0, "f1": 0.68421, "auc": 0.39619}
{"epoch": 32, "time_epoch": 2.2886, "eta": 157.19915, "eta_hours": 0.04367, "loss": 0.69279014, "lr": 0.00076791, "params": 5401, "time_iter": 0.06023, "accuracy": 0.52, "precision": 0.52, "recall": 1.0, "f1": 0.68421, "auc": 0.4245}
{"epoch": 33, "time_epoch": 2.26954, "eta": 154.70397, "eta_hours": 0.04297, "loss": 0.69347611, "lr": 0.00075452, "params": 5401, "time_iter": 0.05972, "accuracy": 0.52, "precision": 0.52, "recall": 1.0, "f1": 0.68421, "auc": 0.39129}
{"epoch": 34, "time_epoch": 2.27521, "eta": 152.23222, "eta_hours": 0.04229, "loss": 0.69261735, "lr": 0.00074088, "params": 5401, "time_iter": 0.05987, "accuracy": 0.52, "precision": 0.52, "recall": 1.0, "f1": 0.68421, "auc": 0.42201}
{"epoch": 35, "time_epoch": 2.29302, "eta": 149.80305, "eta_hours": 0.04161, "loss": 0.69257537, "lr": 0.000727, "params": 5401, "time_iter": 0.06034, "accuracy": 0.52, "precision": 0.52, "recall": 1.0, "f1": 0.68421, "auc": 0.41845}
{"epoch": 36, "time_epoch": 2.28109, "eta": 147.36093, "eta_hours": 0.04093, "loss": 0.69277123, "lr": 0.00071289, "params": 5401, "time_iter": 0.06003, "accuracy": 0.52, "precision": 0.52, "recall": 1.0, "f1": 0.68421, "auc": 0.39726}
{"epoch": 37, "time_epoch": 2.26625, "eta": 144.90308, "eta_hours": 0.04025, "loss": 0.69264473, "lr": 0.00069857, "params": 5401, "time_iter": 0.05964, "accuracy": 0.52, "precision": 0.52, "recall": 1.0, "f1": 0.68421, "auc": 0.41061}
{"epoch": 38, "time_epoch": 2.27907, "eta": 142.47509, "eta_hours": 0.03958, "loss": 0.6924851, "lr": 0.00068406, "params": 5401, "time_iter": 0.05998, "accuracy": 0.52, "precision": 0.52, "recall": 1.0, "f1": 0.68421, "auc": 0.45486}
{"epoch": 39, "time_epoch": 2.27568, "eta": 140.04946, "eta_hours": 0.0389, "loss": 0.69280538, "lr": 0.00066937, "params": 5401, "time_iter": 0.05989, "accuracy": 0.52, "precision": 0.52, "recall": 1.0, "f1": 0.68421, "auc": 0.43875}
{"epoch": 40, "time_epoch": 2.28859, "eta": 137.64974, "eta_hours": 0.03824, "loss": 0.6933237, "lr": 0.00065451, "params": 5401, "time_iter": 0.06023, "accuracy": 0.52, "precision": 0.52, "recall": 1.0, "f1": 0.68421, "auc": 0.40598}
{"epoch": 41, "time_epoch": 2.26763, "eta": 135.22636, "eta_hours": 0.03756, "loss": 0.69282372, "lr": 0.0006395, "params": 5401, "time_iter": 0.05967, "accuracy": 0.52, "precision": 0.52, "recall": 1.0, "f1": 0.68421, "auc": 0.44587}
{"epoch": 42, "time_epoch": 2.26606, "eta": 132.80814, "eta_hours": 0.03689, "loss": 0.69277575, "lr": 0.00062434, "params": 5401, "time_iter": 0.05963, "accuracy": 0.52, "precision": 0.52, "recall": 1.0, "f1": 0.68421, "auc": 0.40189}
{"epoch": 43, "time_epoch": 2.27769, "eta": 130.41164, "eta_hours": 0.03623, "loss": 0.69274828, "lr": 0.00060907, "params": 5401, "time_iter": 0.05994, "accuracy": 0.52, "precision": 0.52, "recall": 1.0, "f1": 0.68421, "auc": 0.42094}
{"epoch": 44, "time_epoch": 2.26354, "eta": 128.00313, "eta_hours": 0.03556, "loss": 0.69260819, "lr": 0.00059369, "params": 5401, "time_iter": 0.05957, "accuracy": 0.52, "precision": 0.52, "recall": 1.0, "f1": 0.68421, "auc": 0.35078}
{"epoch": 45, "time_epoch": 2.25791, "eta": 125.59431, "eta_hours": 0.03489, "loss": 0.69273859, "lr": 0.00057822, "params": 5401, "time_iter": 0.05942, "accuracy": 0.52, "precision": 0.52, "recall": 1.0, "f1": 0.68421, "auc": 0.4083}
{"epoch": 46, "time_epoch": 2.28156, "eta": 123.21858, "eta_hours": 0.03423, "loss": 0.69253832, "lr": 0.00056267, "params": 5401, "time_iter": 0.06004, "accuracy": 0.52, "precision": 0.52, "recall": 1.0, "f1": 0.68421, "auc": 0.40189}
{"epoch": 47, "time_epoch": 2.26267, "eta": 120.82631, "eta_hours": 0.03356, "loss": 0.69262076, "lr": 0.00054705, "params": 5401, "time_iter": 0.05954, "accuracy": 0.52, "precision": 0.52, "recall": 1.0, "f1": 0.68421, "auc": 0.41275}
{"epoch": 48, "time_epoch": 2.24828, "eta": 118.42435, "eta_hours": 0.0329, "loss": 0.69279494, "lr": 0.0005314, "params": 5401, "time_iter": 0.05917, "accuracy": 0.52, "precision": 0.52, "recall": 1.0, "f1": 0.68421, "auc": 0.42717}
{"epoch": 49, "time_epoch": 2.27731, "eta": 116.05756, "eta_hours": 0.03224, "loss": 0.69275143, "lr": 0.00051571, "params": 5401, "time_iter": 0.05993, "accuracy": 0.52, "precision": 0.52, "recall": 1.0, "f1": 0.68421, "auc": 0.42415}
{"epoch": 50, "time_epoch": 2.2799, "eta": 113.69678, "eta_hours": 0.03158, "loss": 0.69247727, "lr": 0.0005, "params": 5401, "time_iter": 0.06, "accuracy": 0.52, "precision": 0.52, "recall": 1.0, "f1": 0.68421, "auc": 0.42112}
{"epoch": 51, "time_epoch": 2.27599, "eta": 111.33549, "eta_hours": 0.03093, "loss": 0.69272286, "lr": 0.00048429, "params": 5401, "time_iter": 0.05989, "accuracy": 0.52, "precision": 0.52, "recall": 1.0, "f1": 0.68421, "auc": 0.42682}
{"epoch": 52, "time_epoch": 2.24663, "eta": 108.95139, "eta_hours": 0.03026, "loss": 0.69261597, "lr": 0.0004686, "params": 5401, "time_iter": 0.05912, "accuracy": 0.52, "precision": 0.52, "recall": 1.0, "f1": 0.68421, "auc": 0.4099}
{"epoch": 53, "time_epoch": 2.28213, "eta": 106.60262, "eta_hours": 0.02961, "loss": 0.69266218, "lr": 0.00045295, "params": 5401, "time_iter": 0.06006, "accuracy": 0.52, "precision": 0.52, "recall": 1.0, "f1": 0.68421, "auc": 0.42949}
{"epoch": 54, "time_epoch": 2.26704, "eta": 104.24394, "eta_hours": 0.02896, "loss": 0.69268992, "lr": 0.00043733, "params": 5401, "time_iter": 0.05966, "accuracy": 0.52, "precision": 0.52, "recall": 1.0, "f1": 0.68421, "auc": 0.35559}
{"epoch": 55, "time_epoch": 2.24746, "eta": 101.87313, "eta_hours": 0.0283, "loss": 0.69256341, "lr": 0.00042178, "params": 5401, "time_iter": 0.05914, "accuracy": 0.52, "precision": 0.52, "recall": 1.0, "f1": 0.68421, "auc": 0.414}
{"epoch": 56, "time_epoch": 2.26778, "eta": 99.52199, "eta_hours": 0.02764, "loss": 0.69245171, "lr": 0.00040631, "params": 5401, "time_iter": 0.05968, "accuracy": 0.52, "precision": 0.52, "recall": 1.0, "f1": 0.68421, "auc": 0.41774}
{"epoch": 57, "time_epoch": 2.27552, "eta": 97.17932, "eta_hours": 0.02699, "loss": 0.69279485, "lr": 0.00039093, "params": 5401, "time_iter": 0.05988, "accuracy": 0.52, "precision": 0.52, "recall": 1.0, "f1": 0.68421, "auc": 0.40563}
{"epoch": 58, "time_epoch": 2.25964, "eta": 94.8279, "eta_hours": 0.02634, "loss": 0.69249147, "lr": 0.00037566, "params": 5401, "time_iter": 0.05946, "accuracy": 0.52, "precision": 0.52, "recall": 1.0, "f1": 0.68421, "auc": 0.41676}
{"epoch": 59, "time_epoch": 2.26157, "eta": 92.48082, "eta_hours": 0.02569, "loss": 0.6925222, "lr": 0.0003605, "params": 5401, "time_iter": 0.05951, "accuracy": 0.52, "precision": 0.52, "recall": 1.0, "f1": 0.68421, "auc": 0.40118}
{"epoch": 60, "time_epoch": 2.27932, "eta": 90.14789, "eta_hours": 0.02504, "loss": 0.69253057, "lr": 0.00034549, "params": 5401, "time_iter": 0.05998, "accuracy": 0.52, "precision": 0.52, "recall": 1.0, "f1": 0.68421, "auc": 0.42459}
{"epoch": 61, "time_epoch": 2.2874, "eta": 87.82164, "eta_hours": 0.02439, "loss": 0.6928748, "lr": 0.00033063, "params": 5401, "time_iter": 0.06019, "accuracy": 0.52, "precision": 0.52, "recall": 1.0, "f1": 0.68421, "auc": 0.39966}
{"epoch": 62, "time_epoch": 2.26006, "eta": 85.48058, "eta_hours": 0.02374, "loss": 0.69278751, "lr": 0.00031594, "params": 5401, "time_iter": 0.05948, "accuracy": 0.52, "precision": 0.52, "recall": 1.0, "f1": 0.68421, "auc": 0.36503}
{"epoch": 63, "time_epoch": 2.26155, "eta": 83.14288, "eta_hours": 0.0231, "loss": 0.69276734, "lr": 0.00030143, "params": 5401, "time_iter": 0.05951, "accuracy": 0.52, "precision": 0.52, "recall": 1.0, "f1": 0.68421, "auc": 0.40563}
{"epoch": 64, "time_epoch": 2.29411, "eta": 80.82505, "eta_hours": 0.02245, "loss": 0.69260992, "lr": 0.00028711, "params": 5401, "time_iter": 0.06037, "accuracy": 0.52, "precision": 0.52, "recall": 1.0, "f1": 0.68421, "auc": 0.41302}
{"epoch": 65, "time_epoch": 2.26439, "eta": 78.49264, "eta_hours": 0.0218, "loss": 0.69246546, "lr": 0.000273, "params": 5401, "time_iter": 0.05959, "accuracy": 0.52, "precision": 0.52, "recall": 1.0, "f1": 0.68421, "auc": 0.39824}
{"epoch": 66, "time_epoch": 2.25828, "eta": 76.15924, "eta_hours": 0.02116, "loss": 0.69247354, "lr": 0.00025912, "params": 5401, "time_iter": 0.05943, "accuracy": 0.52, "precision": 0.52, "recall": 1.0, "f1": 0.68421, "auc": 0.40296}
{"epoch": 67, "time_epoch": 2.26288, "eta": 73.83022, "eta_hours": 0.02051, "loss": 0.69260399, "lr": 0.00024548, "params": 5401, "time_iter": 0.05955, "accuracy": 0.52, "precision": 0.52, "recall": 1.0, "f1": 0.68421, "auc": 0.37821}
{"epoch": 68, "time_epoch": 2.28217, "eta": 71.51178, "eta_hours": 0.01986, "loss": 0.69243552, "lr": 0.00023209, "params": 5401, "time_iter": 0.06006, "accuracy": 0.52, "precision": 0.52, "recall": 1.0, "f1": 0.68421, "auc": 0.44551}
{"epoch": 69, "time_epoch": 2.248, "eta": 69.17974, "eta_hours": 0.01922, "loss": 0.69248911, "lr": 0.00021896, "params": 5401, "time_iter": 0.05916, "accuracy": 0.52, "precision": 0.52, "recall": 1.0, "f1": 0.68421, "auc": 0.37616}
{"epoch": 70, "time_epoch": 2.25235, "eta": 66.85184, "eta_hours": 0.01857, "loss": 0.69260737, "lr": 0.00020611, "params": 5401, "time_iter": 0.05927, "accuracy": 0.52, "precision": 0.52, "recall": 1.0, "f1": 0.68421, "auc": 0.37607}
{"epoch": 71, "time_epoch": 2.27526, "eta": 64.53494, "eta_hours": 0.01793, "loss": 0.69245353, "lr": 0.00019355, "params": 5401, "time_iter": 0.05988, "accuracy": 0.52, "precision": 0.52, "recall": 1.0, "f1": 0.68421, "auc": 0.4229}
{"epoch": 72, "time_epoch": 2.26289, "eta": 62.21462, "eta_hours": 0.01728, "loss": 0.69244691, "lr": 0.00018129, "params": 5401, "time_iter": 0.05955, "accuracy": 0.52, "precision": 0.52, "recall": 1.0, "f1": 0.68421, "auc": 0.38052}
{"epoch": 73, "time_epoch": 2.25281, "eta": 59.8923, "eta_hours": 0.01664, "loss": 0.69251356, "lr": 0.00016934, "params": 5401, "time_iter": 0.05928, "accuracy": 0.52, "precision": 0.52, "recall": 1.0, "f1": 0.68421, "auc": 0.38355}
{"epoch": 74, "time_epoch": 2.27801, "eta": 57.58024, "eta_hours": 0.01599, "loss": 0.6924142, "lr": 0.00015773, "params": 5401, "time_iter": 0.05995, "accuracy": 0.52, "precision": 0.52, "recall": 1.0, "f1": 0.68421, "auc": 0.4521}
{"epoch": 75, "time_epoch": 2.31003, "eta": 55.27918, "eta_hours": 0.01536, "loss": 0.69246122, "lr": 0.00014645, "params": 5401, "time_iter": 0.06079, "accuracy": 0.52, "precision": 0.52, "recall": 1.0, "f1": 0.68421, "auc": 0.41738}
{"epoch": 76, "time_epoch": 2.25756, "eta": 52.96222, "eta_hours": 0.01471, "loss": 0.69244252, "lr": 0.00013552, "params": 5401, "time_iter": 0.05941, "accuracy": 0.52, "precision": 0.52, "recall": 1.0, "f1": 0.68421, "auc": 0.3214}
{"epoch": 77, "time_epoch": 2.24466, "eta": 50.64314, "eta_hours": 0.01407, "loss": 0.69241258, "lr": 0.00012494, "params": 5401, "time_iter": 0.05907, "accuracy": 0.52, "precision": 0.52, "recall": 1.0, "f1": 0.68421, "auc": 0.4261}
{"epoch": 78, "time_epoch": 2.26688, "eta": 48.33186, "eta_hours": 0.01343, "loss": 0.69240548, "lr": 0.00011474, "params": 5401, "time_iter": 0.05965, "accuracy": 0.52, "precision": 0.52, "recall": 1.0, "f1": 0.68421, "auc": 0.41097}
{"epoch": 79, "time_epoch": 2.22973, "eta": 46.01239, "eta_hours": 0.01278, "loss": 0.69241585, "lr": 0.00010492, "params": 5401, "time_iter": 0.05868, "accuracy": 0.52, "precision": 0.52, "recall": 1.0, "f1": 0.68421, "auc": 0.37384}
{"epoch": 80, "time_epoch": 2.26946, "eta": 43.70447, "eta_hours": 0.01214, "loss": 0.6924121, "lr": 9.549e-05, "params": 5401, "time_iter": 0.05972, "accuracy": 0.52, "precision": 0.52, "recall": 1.0, "f1": 0.68421, "auc": 0.39815}
{"epoch": 81, "time_epoch": 2.27461, "eta": 41.39861, "eta_hours": 0.0115, "loss": 0.69240262, "lr": 8.646e-05, "params": 5401, "time_iter": 0.05986, "accuracy": 0.52, "precision": 0.52, "recall": 1.0, "f1": 0.68421, "auc": 0.40545}
{"epoch": 82, "time_epoch": 2.27196, "eta": 39.09296, "eta_hours": 0.01086, "loss": 0.69238504, "lr": 7.784e-05, "params": 5401, "time_iter": 0.05979, "accuracy": 0.52, "precision": 0.52, "recall": 1.0, "f1": 0.68421, "auc": 0.40527}
{"epoch": 83, "time_epoch": 2.29784, "eta": 36.79304, "eta_hours": 0.01022, "loss": 0.6923708, "lr": 6.963e-05, "params": 5401, "time_iter": 0.06047, "accuracy": 0.52, "precision": 0.52, "recall": 1.0, "f1": 0.68421, "auc": 0.43162}
{"epoch": 84, "time_epoch": 2.2562, "eta": 34.48582, "eta_hours": 0.00958, "loss": 0.6923709, "lr": 6.185e-05, "params": 5401, "time_iter": 0.05937, "accuracy": 0.52, "precision": 0.52, "recall": 1.0, "f1": 0.68421, "auc": 0.39387}
{"epoch": 85, "time_epoch": 2.26773, "eta": 32.18167, "eta_hours": 0.00894, "loss": 0.69247042, "lr": 5.45e-05, "params": 5401, "time_iter": 0.05968, "accuracy": 0.52, "precision": 0.52, "recall": 1.0, "f1": 0.68421, "auc": 0.35791}
{"epoch": 86, "time_epoch": 2.2997, "eta": 29.88313, "eta_hours": 0.0083, "loss": 0.69237901, "lr": 4.759e-05, "params": 5401, "time_iter": 0.06052, "accuracy": 0.52, "precision": 0.52, "recall": 1.0, "f1": 0.68421, "auc": 0.42664}
{"epoch": 87, "time_epoch": 2.27761, "eta": 27.58155, "eta_hours": 0.00766, "loss": 0.69237984, "lr": 4.112e-05, "params": 5401, "time_iter": 0.05994, "accuracy": 0.52, "precision": 0.52, "recall": 1.0, "f1": 0.68421, "auc": 0.39138}
{"epoch": 88, "time_epoch": 2.27037, "eta": 25.27961, "eta_hours": 0.00702, "loss": 0.69239701, "lr": 3.511e-05, "params": 5401, "time_iter": 0.05975, "accuracy": 0.52, "precision": 0.52, "recall": 1.0, "f1": 0.68421, "auc": 0.3799}
{"epoch": 89, "time_epoch": 2.27674, "eta": 22.97909, "eta_hours": 0.00638, "loss": 0.69238879, "lr": 2.956e-05, "params": 5401, "time_iter": 0.05991, "accuracy": 0.52, "precision": 0.52, "recall": 1.0, "f1": 0.68421, "auc": 0.38684}
{"epoch": 90, "time_epoch": 2.26588, "eta": 20.67801, "eta_hours": 0.00574, "loss": 0.69236647, "lr": 2.447e-05, "params": 5401, "time_iter": 0.05963, "accuracy": 0.52, "precision": 0.52, "recall": 1.0, "f1": 0.68421, "auc": 0.44017}
{"epoch": 91, "time_epoch": 2.25868, "eta": 18.37707, "eta_hours": 0.0051, "loss": 0.69235537, "lr": 1.985e-05, "params": 5401, "time_iter": 0.05944, "accuracy": 0.52, "precision": 0.52, "recall": 1.0, "f1": 0.68421, "auc": 0.4813}
{"epoch": 92, "time_epoch": 2.26719, "eta": 16.07769, "eta_hours": 0.00447, "loss": 0.69236646, "lr": 1.571e-05, "params": 5401, "time_iter": 0.05966, "accuracy": 0.52, "precision": 0.52, "recall": 1.0, "f1": 0.68421, "auc": 0.42744}
{"epoch": 93, "time_epoch": 2.28255, "eta": 13.77996, "eta_hours": 0.00383, "loss": 0.69237244, "lr": 1.204e-05, "params": 5401, "time_iter": 0.06007, "accuracy": 0.52, "precision": 0.52, "recall": 1.0, "f1": 0.68421, "auc": 0.41177}
{"epoch": 94, "time_epoch": 2.26799, "eta": 11.48179, "eta_hours": 0.00319, "loss": 0.69236885, "lr": 8.86e-06, "params": 5401, "time_iter": 0.05968, "accuracy": 0.52, "precision": 0.52, "recall": 1.0, "f1": 0.68421, "auc": 0.38827}
{"epoch": 95, "time_epoch": 2.27243, "eta": 9.18444, "eta_hours": 0.00255, "loss": 0.69235386, "lr": 6.16e-06, "params": 5401, "time_iter": 0.0598, "accuracy": 0.52, "precision": 0.52, "recall": 1.0, "f1": 0.68421, "auc": 0.45691}
{"epoch": 96, "time_epoch": 2.25744, "eta": 6.88713, "eta_hours": 0.00191, "loss": 0.69235078, "lr": 3.94e-06, "params": 5401, "time_iter": 0.05941, "accuracy": 0.52, "precision": 0.52, "recall": 1.0, "f1": 0.68421, "auc": 0.48567}
{"epoch": 97, "time_epoch": 2.29005, "eta": 4.59131, "eta_hours": 0.00128, "loss": 0.69234985, "lr": 2.22e-06, "params": 5401, "time_iter": 0.06026, "accuracy": 0.52, "precision": 0.52, "recall": 1.0, "f1": 0.68421, "auc": 0.4903}
{"epoch": 98, "time_epoch": 2.25889, "eta": 2.29528, "eta_hours": 0.00064, "loss": 0.69235858, "lr": 9.9e-07, "params": 5401, "time_iter": 0.05944, "accuracy": 0.52, "precision": 0.52, "recall": 1.0, "f1": 0.68421, "auc": 0.42539}
{"epoch": 99, "time_epoch": 2.24781, "eta": 0.0, "eta_hours": 0.0, "loss": 0.69235918, "lr": 2.5e-07, "params": 5401, "time_iter": 0.05915, "accuracy": 0.52, "precision": 0.52, "recall": 1.0, "f1": 0.68421, "auc": 0.44729}
