{"epoch": 0, "time_epoch": 1.79221, "eta": 177.42885, "eta_hours": 0.04929, "loss": 0.69589421, "lr": 0.001, "params": 6251, "time_iter": 0.04716, "accuracy": 0.52, "precision": 0.52, "recall": 1.0, "f1": 0.68421, "auc": 0.40509}
{"epoch": 1, "time_epoch": 1.86707, "eta": 179.30476, "eta_hours": 0.04981, "loss": 0.69401182, "lr": 0.00099975, "params": 6251, "time_iter": 0.04913, "accuracy": 0.52, "precision": 0.52, "recall": 1.0, "f1": 0.68421, "auc": 0.40687}
{"epoch": 2, "time_epoch": 1.85205, "eta": 178.19971, "eta_hours": 0.0495, "loss": 0.6932467, "lr": 0.00099901, "params": 6251, "time_iter": 0.04874, "accuracy": 0.52, "precision": 0.52, "recall": 1.0, "f1": 0.68421, "auc": 0.45709}
{"epoch": 3, "time_epoch": 1.89394, "eta": 177.72642, "eta_hours": 0.04937, "loss": 0.69224753, "lr": 0.00099778, "params": 6251, "time_iter": 0.04984, "accuracy": 0.52, "precision": 0.52, "recall": 1.0, "f1": 0.68421, "auc": 0.51745}
{"epoch": 4, "time_epoch": 1.86601, "eta": 176.15432, "eta_hours": 0.04893, "loss": 0.69164063, "lr": 0.00099606, "params": 6251, "time_iter": 0.04911, "accuracy": 0.52, "precision": 0.52, "recall": 1.0, "f1": 0.68421, "auc": 0.56357}
{"epoch": 5, "time_epoch": 1.86601, "eta": 174.48421, "eta_hours": 0.04847, "loss": 0.69282832, "lr": 0.00099384, "params": 6251, "time_iter": 0.04911, "accuracy": 0.52, "precision": 0.52, "recall": 1.0, "f1": 0.68421, "auc": 0.47774}
{"epoch": 6, "time_epoch": 1.86103, "eta": 172.69191, "eta_hours": 0.04797, "loss": 0.69150373, "lr": 0.00099114, "params": 6251, "time_iter": 0.04897, "accuracy": 0.52, "precision": 0.52, "recall": 1.0, "f1": 0.68421, "auc": 0.53063}
{"epoch": 7, "time_epoch": 1.85803, "eta": 170.84802, "eta_hours": 0.04746, "loss": 0.69222, "lr": 0.00098796, "params": 6251, "time_iter": 0.0489, "accuracy": 0.52, "precision": 0.52143, "recall": 0.9359, "f1": 0.66972, "auc": 0.51709}
{"epoch": 8, "time_epoch": 1.88424, "eta": 169.266, "eta_hours": 0.04702, "loss": 0.68898582, "lr": 0.00098429, "params": 6251, "time_iter": 0.04959, "accuracy": 0.53333, "precision": 0.5274, "recall": 0.98718, "f1": 0.6875, "auc": 0.61806}
{"epoch": 9, "time_epoch": 1.80621, "eta": 166.92127, "eta_hours": 0.04637, "loss": 0.68921199, "lr": 0.00098015, "params": 6251, "time_iter": 0.04753, "accuracy": 0.56, "precision": 0.55172, "recall": 0.82051, "f1": 0.65979, "auc": 0.58209}
{"epoch": 10, "time_epoch": 1.81618, "eta": 164.75512, "eta_hours": 0.04577, "loss": 0.69100328, "lr": 0.00097553, "params": 6251, "time_iter": 0.04779, "accuracy": 0.53333, "precision": 0.53922, "recall": 0.70513, "f1": 0.61111, "auc": 0.53098}
{"epoch": 11, "time_epoch": 1.8341, "eta": 162.77865, "eta_hours": 0.04522, "loss": 0.69314378, "lr": 0.00097044, "params": 6251, "time_iter": 0.04827, "accuracy": 0.51333, "precision": 0.52252, "recall": 0.74359, "f1": 0.61376, "auc": 0.49697}
{"epoch": 12, "time_epoch": 1.8331, "eta": 160.81742, "eta_hours": 0.04467, "loss": 0.69255658, "lr": 0.00096489, "params": 6251, "time_iter": 0.04824, "accuracy": 0.54, "precision": 0.53383, "recall": 0.91026, "f1": 0.67299, "auc": 0.49056}
{"epoch": 13, "time_epoch": 1.82313, "eta": 158.81323, "eta_hours": 0.04411, "loss": 0.69173605, "lr": 0.00095888, "params": 6251, "time_iter": 0.04798, "accuracy": 0.55333, "precision": 0.54622, "recall": 0.83333, "f1": 0.6599, "auc": 0.50944}
{"epoch": 14, "time_epoch": 1.83809, "eta": 156.91796, "eta_hours": 0.04359, "loss": 0.68608529, "lr": 0.00095241, "params": 6251, "time_iter": 0.04837, "accuracy": 0.56, "precision": 0.55263, "recall": 0.80769, "f1": 0.65625, "auc": 0.59384}
{"epoch": 15, "time_epoch": 1.872, "eta": 155.20785, "eta_hours": 0.04311, "loss": 0.68745858, "lr": 0.0009455, "params": 6251, "time_iter": 0.04926, "accuracy": 0.55333, "precision": 0.54783, "recall": 0.80769, "f1": 0.65285, "auc": 0.5755}
{"epoch": 16, "time_epoch": 1.85703, "eta": 153.40565, "eta_hours": 0.04261, "loss": 0.68602767, "lr": 0.00093815, "params": 6251, "time_iter": 0.04887, "accuracy": 0.55333, "precision": 0.5534, "recall": 0.73077, "f1": 0.62983, "auc": 0.57461}
{"epoch": 17, "time_epoch": 1.85952, "eta": 151.60866, "eta_hours": 0.04211, "loss": 0.68693043, "lr": 0.00093037, "params": 6251, "time_iter": 0.04893, "accuracy": 0.57333, "precision": 0.56863, "recall": 0.74359, "f1": 0.64444, "auc": 0.56179}
{"epoch": 18, "time_epoch": 1.84507, "eta": 149.74349, "eta_hours": 0.0416, "loss": 0.68416486, "lr": 0.00092216, "params": 6251, "time_iter": 0.04855, "accuracy": 0.54, "precision": 0.54455, "recall": 0.70513, "f1": 0.61453, "auc": 0.57603}
{"epoch": 19, "time_epoch": 1.84285, "eta": 147.87145, "eta_hours": 0.04108, "loss": 0.69186311, "lr": 0.00091354, "params": 6251, "time_iter": 0.0485, "accuracy": 0.54667, "precision": 0.55, "recall": 0.70513, "f1": 0.61798, "auc": 0.51496}
{"epoch": 20, "time_epoch": 1.83712, "eta": 145.98065, "eta_hours": 0.04055, "loss": 0.68120804, "lr": 0.00090451, "params": 6251, "time_iter": 0.04835, "accuracy": 0.56667, "precision": 0.56566, "recall": 0.71795, "f1": 0.63277, "auc": 0.62803}
{"epoch": 21, "time_epoch": 1.90092, "eta": 144.32093, "eta_hours": 0.04009, "loss": 0.68610515, "lr": 0.00089508, "params": 6251, "time_iter": 0.05002, "accuracy": 0.54667, "precision": 0.54902, "recall": 0.71795, "f1": 0.62222, "auc": 0.54915}
{"epoch": 22, "time_epoch": 1.87561, "eta": 142.55551, "eta_hours": 0.0396, "loss": 0.69149785, "lr": 0.00088526, "params": 6251, "time_iter": 0.04936, "accuracy": 0.55333, "precision": 0.5514, "recall": 0.75641, "f1": 0.63784, "auc": 0.53971}
{"epoch": 23, "time_epoch": 1.81614, "eta": 140.59259, "eta_hours": 0.03905, "loss": 0.69148251, "lr": 0.00087506, "params": 6251, "time_iter": 0.04779, "accuracy": 0.54667, "precision": 0.54902, "recall": 0.71795, "f1": 0.62222, "auc": 0.49412}
{"epoch": 24, "time_epoch": 1.86103, "eta": 138.77605, "eta_hours": 0.03855, "loss": 0.68231198, "lr": 0.00086448, "params": 6251, "time_iter": 0.04897, "accuracy": 0.54667, "precision": 0.5463, "recall": 0.75641, "f1": 0.63441, "auc": 0.59028}
{"epoch": 25, "time_epoch": 1.88795, "eta": 137.03274, "eta_hours": 0.03806, "loss": 0.68182504, "lr": 0.00085355, "params": 6251, "time_iter": 0.04968, "accuracy": 0.6, "precision": 0.58654, "recall": 0.78205, "f1": 0.67033, "auc": 0.58672}
{"epoch": 26, "time_epoch": 1.85504, "eta": 135.18972, "eta_hours": 0.03755, "loss": 0.68624157, "lr": 0.00084227, "params": 6251, "time_iter": 0.04882, "accuracy": 0.55333, "precision": 0.5534, "recall": 0.73077, "f1": 0.62983, "auc": 0.54558}
{"epoch": 27, "time_epoch": 1.81515, "eta": 133.24327, "eta_hours": 0.03701, "loss": 0.68378591, "lr": 0.00083066, "params": 6251, "time_iter": 0.04777, "accuracy": 0.56667, "precision": 0.56075, "recall": 0.76923, "f1": 0.64865, "auc": 0.58761}
{"epoch": 28, "time_epoch": 1.86701, "eta": 131.43284, "eta_hours": 0.03651, "loss": 0.68209345, "lr": 0.00081871, "params": 6251, "time_iter": 0.04913, "accuracy": 0.54667, "precision": 0.55208, "recall": 0.67949, "f1": 0.6092, "auc": 0.56517}
{"epoch": 29, "time_epoch": 1.84008, "eta": 129.55581, "eta_hours": 0.03599, "loss": 0.68796501, "lr": 0.00080645, "params": 6251, "time_iter": 0.04842, "accuracy": 0.53333, "precision": 0.54255, "recall": 0.65385, "f1": 0.59302, "auc": 0.52707}
{"epoch": 30, "time_epoch": 1.87998, "eta": 127.76996, "eta_hours": 0.03549, "loss": 0.69208735, "lr": 0.00079389, "params": 6251, "time_iter": 0.04947, "accuracy": 0.54, "precision": 0.53782, "recall": 0.82051, "f1": 0.64975, "auc": 0.49929}
{"epoch": 31, "time_epoch": 1.78722, "eta": 125.78112, "eta_hours": 0.03494, "loss": 0.67544539, "lr": 0.00078104, "params": 6251, "time_iter": 0.04703, "accuracy": 0.60667, "precision": 0.58559, "recall": 0.83333, "f1": 0.68783, "auc": 0.62518}
{"epoch": 32, "time_epoch": 1.80916, "eta": 123.84906, "eta_hours": 0.0344, "loss": 0.68486888, "lr": 0.00076791, "params": 6251, "time_iter": 0.04761, "accuracy": 0.53333, "precision": 0.53846, "recall": 0.71795, "f1": 0.61538, "auc": 0.55217}
{"epoch": 33, "time_epoch": 1.86723, "eta": 122.03694, "eta_hours": 0.0339, "loss": 0.67631687, "lr": 0.00075452, "params": 6251, "time_iter": 0.04914, "accuracy": 0.55333, "precision": 0.55914, "recall": 0.66667, "f1": 0.60819, "auc": 0.59865}
{"epoch": 34, "time_epoch": 1.89798, "eta": 120.27878, "eta_hours": 0.03341, "loss": 0.67961464, "lr": 0.00074088, "params": 6251, "time_iter": 0.04995, "accuracy": 0.56, "precision": 0.56522, "recall": 0.66667, "f1": 0.61176, "auc": 0.53543}
{"epoch": 35, "time_epoch": 1.88097, "eta": 118.48261, "eta_hours": 0.03291, "loss": 0.67168157, "lr": 0.000727, "params": 6251, "time_iter": 0.0495, "accuracy": 0.57333, "precision": 0.57609, "recall": 0.67949, "f1": 0.62353, "auc": 0.60399}
{"epoch": 36, "time_epoch": 1.86061, "eta": 116.64719, "eta_hours": 0.0324, "loss": 0.69948127, "lr": 0.00071289, "params": 6251, "time_iter": 0.04896, "accuracy": 0.46667, "precision": 0.49, "recall": 0.62821, "f1": 0.55056, "auc": 0.48095}
{"epoch": 37, "time_epoch": 1.82817, "eta": 114.75751, "eta_hours": 0.03188, "loss": 0.69110031, "lr": 0.00069857, "params": 6251, "time_iter": 0.04811, "accuracy": 0.55333, "precision": 0.54701, "recall": 0.82051, "f1": 0.65641, "auc": 0.53241}
{"epoch": 38, "time_epoch": 1.8341, "eta": 112.88026, "eta_hours": 0.03136, "loss": 0.68323472, "lr": 0.00068406, "params": 6251, "time_iter": 0.04827, "accuracy": 0.53333, "precision": 0.53509, "recall": 0.78205, "f1": 0.63542, "auc": 0.53205}
{"epoch": 39, "time_epoch": 1.86019, "eta": 111.04431, "eta_hours": 0.03085, "loss": 0.68579611, "lr": 0.00066937, "params": 6251, "time_iter": 0.04895, "accuracy": 0.58, "precision": 0.57282, "recall": 0.75641, "f1": 0.65193, "auc": 0.55021}
{"epoch": 40, "time_epoch": 1.93837, "eta": 109.31967, "eta_hours": 0.03037, "loss": 0.69153053, "lr": 0.00065451, "params": 6251, "time_iter": 0.05101, "accuracy": 0.52, "precision": 0.52727, "recall": 0.74359, "f1": 0.61702, "auc": 0.51994}
{"epoch": 41, "time_epoch": 2.01241, "eta": 107.6871, "eta_hours": 0.02991, "loss": 0.68315011, "lr": 0.0006395, "params": 6251, "time_iter": 0.05296, "accuracy": 0.55333, "precision": 0.54472, "recall": 0.85897, "f1": 0.66667, "auc": 0.57568}
{"epoch": 42, "time_epoch": 1.91688, "eta": 105.91023, "eta_hours": 0.02942, "loss": 0.67428057, "lr": 0.00062434, "params": 6251, "time_iter": 0.05044, "accuracy": 0.59333, "precision": 0.58252, "recall": 0.76923, "f1": 0.66298, "auc": 0.64583}
{"epoch": 43, "time_epoch": 1.82113, "eta": 104.00514, "eta_hours": 0.02889, "loss": 0.68630941, "lr": 0.00060907, "params": 6251, "time_iter": 0.04792, "accuracy": 0.56, "precision": 0.56, "recall": 0.71795, "f1": 0.62921, "auc": 0.5568}
{"epoch": 44, "time_epoch": 1.86601, "eta": 102.15863, "eta_hours": 0.02838, "loss": 0.66780985, "lr": 0.00059369, "params": 6251, "time_iter": 0.04911, "accuracy": 0.6, "precision": 0.58654, "recall": 0.78205, "f1": 0.67033, "auc": 0.64281}
{"epoch": 45, "time_epoch": 1.83111, "eta": 100.2703, "eta_hours": 0.02785, "loss": 0.68418172, "lr": 0.00057822, "params": 6251, "time_iter": 0.04819, "accuracy": 0.58, "precision": 0.57895, "recall": 0.70513, "f1": 0.63584, "auc": 0.56873}
{"epoch": 46, "time_epoch": 1.7952, "eta": 98.34392, "eta_hours": 0.02732, "loss": 0.68955578, "lr": 0.00056267, "params": 6251, "time_iter": 0.04724, "accuracy": 0.52, "precision": 0.53061, "recall": 0.66667, "f1": 0.59091, "auc": 0.54612}
{"epoch": 47, "time_epoch": 1.80617, "eta": 96.43488, "eta_hours": 0.02679, "loss": 0.69259966, "lr": 0.00054705, "params": 6251, "time_iter": 0.04753, "accuracy": 0.53333, "precision": 0.53704, "recall": 0.74359, "f1": 0.62366, "auc": 0.51264}
{"epoch": 48, "time_epoch": 1.76728, "eta": 94.48956, "eta_hours": 0.02625, "loss": 0.68060496, "lr": 0.0005314, "params": 6251, "time_iter": 0.04651, "accuracy": 0.56, "precision": 0.55882, "recall": 0.73077, "f1": 0.63333, "auc": 0.58155}
{"epoch": 49, "time_epoch": 1.80418, "eta": 92.58827, "eta_hours": 0.02572, "loss": 0.67861053, "lr": 0.00051571, "params": 6251, "time_iter": 0.04748, "accuracy": 0.57333, "precision": 0.56034, "recall": 0.83333, "f1": 0.6701, "auc": 0.57229}
{"epoch": 50, "time_epoch": 1.87299, "eta": 90.7569, "eta_hours": 0.02521, "loss": 0.68835736, "lr": 0.0005, "params": 6251, "time_iter": 0.04929, "accuracy": 0.54667, "precision": 0.54902, "recall": 0.71795, "f1": 0.62222, "auc": 0.5203}
{"epoch": 51, "time_epoch": 1.9089, "eta": 88.95707, "eta_hours": 0.02471, "loss": 0.69151417, "lr": 0.00048429, "params": 6251, "time_iter": 0.05023, "accuracy": 0.54667, "precision": 0.5463, "recall": 0.75641, "f1": 0.63441, "auc": 0.49252}
{"epoch": 52, "time_epoch": 1.84806, "eta": 87.09917, "eta_hours": 0.02419, "loss": 0.68353961, "lr": 0.0004686, "params": 6251, "time_iter": 0.04863, "accuracy": 0.56, "precision": 0.55556, "recall": 0.76923, "f1": 0.64516, "auc": 0.54523}
{"epoch": 53, "time_epoch": 1.87499, "eta": 85.26458, "eta_hours": 0.02368, "loss": 0.68743761, "lr": 0.00045295, "params": 6251, "time_iter": 0.04934, "accuracy": 0.54667, "precision": 0.54717, "recall": 0.74359, "f1": 0.63043, "auc": 0.52208}
{"epoch": 54, "time_epoch": 1.88097, "eta": 83.43342, "eta_hours": 0.02318, "loss": 0.68113956, "lr": 0.00043733, "params": 6251, "time_iter": 0.0495, "accuracy": 0.57333, "precision": 0.56604, "recall": 0.76923, "f1": 0.65217, "auc": 0.5771}
{"epoch": 55, "time_epoch": 1.84208, "eta": 81.56992, "eta_hours": 0.02266, "loss": 0.68076818, "lr": 0.00042178, "params": 6251, "time_iter": 0.04848, "accuracy": 0.57333, "precision": 0.5625, "recall": 0.80769, "f1": 0.66316, "auc": 0.5901}
{"epoch": 56, "time_epoch": 1.86165, "eta": 79.72193, "eta_hours": 0.02214, "loss": 0.6791249, "lr": 0.00040631, "params": 6251, "time_iter": 0.04899, "accuracy": 0.56667, "precision": 0.56566, "recall": 0.71795, "f1": 0.63277, "auc": 0.59491}
{"epoch": 57, "time_epoch": 1.82213, "eta": 77.84485, "eta_hours": 0.02162, "loss": 0.67984202, "lr": 0.00039093, "params": 6251, "time_iter": 0.04795, "accuracy": 0.61333, "precision": 0.59804, "recall": 0.78205, "f1": 0.67778, "auc": 0.59473}
{"epoch": 58, "time_epoch": 1.84307, "eta": 75.98419, "eta_hours": 0.02111, "loss": 0.67047981, "lr": 0.00037566, "params": 6251, "time_iter": 0.0485, "accuracy": 0.58, "precision": 0.57282, "recall": 0.75641, "f1": 0.65193, "auc": 0.64156}
{"epoch": 59, "time_epoch": 1.85803, "eta": 74.13409, "eta_hours": 0.02059, "loss": 0.68927915, "lr": 0.0003605, "params": 6251, "time_iter": 0.0489, "accuracy": 0.54667, "precision": 0.55435, "recall": 0.65385, "f1": 0.6, "auc": 0.54594}
{"epoch": 60, "time_epoch": 1.82014, "eta": 72.2595, "eta_hours": 0.02007, "loss": 0.69124002, "lr": 0.00034549, "params": 6251, "time_iter": 0.0479, "accuracy": 0.56, "precision": 0.56, "recall": 0.71795, "f1": 0.62921, "auc": 0.52404}
{"epoch": 61, "time_epoch": 1.83809, "eta": 70.39767, "eta_hours": 0.01955, "loss": 0.67773186, "lr": 0.00033063, "params": 6251, "time_iter": 0.04837, "accuracy": 0.56667, "precision": 0.56566, "recall": 0.71795, "f1": 0.63277, "auc": 0.58814}
{"epoch": 62, "time_epoch": 1.84108, "eta": 68.53835, "eta_hours": 0.01904, "loss": 0.67913642, "lr": 0.00031594, "params": 6251, "time_iter": 0.04845, "accuracy": 0.59333, "precision": 0.58095, "recall": 0.78205, "f1": 0.66667, "auc": 0.57799}
{"epoch": 63, "time_epoch": 1.85803, "eta": 66.68914, "eta_hours": 0.01852, "loss": 0.68015111, "lr": 0.00030143, "params": 6251, "time_iter": 0.0489, "accuracy": 0.56, "precision": 0.56, "recall": 0.71795, "f1": 0.62921, "auc": 0.59028}
{"epoch": 64, "time_epoch": 1.81315, "eta": 64.81549, "eta_hours": 0.018, "loss": 0.67639894, "lr": 0.00028711, "params": 6251, "time_iter": 0.04771, "accuracy": 0.56667, "precision": 0.56436, "recall": 0.73077, "f1": 0.63687, "auc": 0.61325}
{"epoch": 65, "time_epoch": 1.80418, "eta": 62.93905, "eta_hours": 0.01748, "loss": 0.69155333, "lr": 0.000273, "params": 6251, "time_iter": 0.04748, "accuracy": 0.48667, "precision": 0.50526, "recall": 0.61538, "f1": 0.55491, "auc": 0.52511}
{"epoch": 66, "time_epoch": 1.84806, "eta": 61.08638, "eta_hours": 0.01697, "loss": 0.67582615, "lr": 0.00025912, "params": 6251, "time_iter": 0.04863, "accuracy": 0.55333, "precision": 0.55446, "recall": 0.71795, "f1": 0.6257, "auc": 0.59081}
{"epoch": 67, "time_epoch": 1.86103, "eta": 59.23995, "eta_hours": 0.01646, "loss": 0.68794675, "lr": 0.00024548, "params": 6251, "time_iter": 0.04897, "accuracy": 0.52, "precision": 0.52885, "recall": 0.70513, "f1": 0.6044, "auc": 0.52831}
{"epoch": 68, "time_epoch": 1.74434, "eta": 57.34067, "eta_hours": 0.01593, "loss": 0.67628885, "lr": 0.00023209, "params": 6251, "time_iter": 0.0459, "accuracy": 0.58667, "precision": 0.57692, "recall": 0.76923, "f1": 0.65934, "auc": 0.58939}
{"epoch": 69, "time_epoch": 1.85205, "eta": 55.49198, "eta_hours": 0.01541, "loss": 0.68658506, "lr": 0.00021896, "params": 6251, "time_iter": 0.04874, "accuracy": 0.53333, "precision": 0.53922, "recall": 0.70513, "f1": 0.61111, "auc": 0.5495}
{"epoch": 70, "time_epoch": 1.8566, "eta": 53.64505, "eta_hours": 0.0149, "loss": 0.68224844, "lr": 0.00020611, "params": 6251, "time_iter": 0.04886, "accuracy": 0.49333, "precision": 0.50943, "recall": 0.69231, "f1": 0.58696, "auc": 0.56499}
{"epoch": 71, "time_epoch": 1.85607, "eta": 51.79765, "eta_hours": 0.01439, "loss": 0.66111473, "lr": 0.00019355, "params": 6251, "time_iter": 0.04884, "accuracy": 0.58667, "precision": 0.58, "recall": 0.74359, "f1": 0.65169, "auc": 0.68198}
{"epoch": 72, "time_epoch": 2.08742, "eta": 50.03558, "eta_hours": 0.0139, "loss": 0.6776755, "lr": 0.00018129, "params": 6251, "time_iter": 0.05493, "accuracy": 0.55333, "precision": 0.55238, "recall": 0.74359, "f1": 0.63388, "auc": 0.58778}
{"epoch": 73, "time_epoch": 1.9021, "eta": 48.1996, "eta_hours": 0.01339, "loss": 0.68223669, "lr": 0.00016934, "params": 6251, "time_iter": 0.05006, "accuracy": 0.56, "precision": 0.5566, "recall": 0.75641, "f1": 0.6413, "auc": 0.5584}
{"epoch": 74, "time_epoch": 1.86505, "eta": 46.34951, "eta_hours": 0.01287, "loss": 0.68976258, "lr": 0.00015773, "params": 6251, "time_iter": 0.04908, "accuracy": 0.54667, "precision": 0.54902, "recall": 0.71795, "f1": 0.62222, "auc": 0.52386}
{"epoch": 75, "time_epoch": 1.82512, "eta": 44.48641, "eta_hours": 0.01236, "loss": 0.67476548, "lr": 0.00014645, "params": 6251, "time_iter": 0.04803, "accuracy": 0.55333, "precision": 0.55238, "recall": 0.74359, "f1": 0.63388, "auc": 0.60737}
{"epoch": 76, "time_epoch": 1.85409, "eta": 42.63296, "eta_hours": 0.01184, "loss": 0.68051789, "lr": 0.00013552, "params": 6251, "time_iter": 0.04879, "accuracy": 0.55333, "precision": 0.55556, "recall": 0.70513, "f1": 0.62147, "auc": 0.57532}
{"epoch": 77, "time_epoch": 1.89603, "eta": 40.79131, "eta_hours": 0.01133, "loss": 0.68341856, "lr": 0.00012494, "params": 6251, "time_iter": 0.0499, "accuracy": 0.56, "precision": 0.56122, "recall": 0.70513, "f1": 0.625, "auc": 0.53739}
{"epoch": 78, "time_epoch": 1.80218, "eta": 38.92335, "eta_hours": 0.01081, "loss": 0.68064459, "lr": 0.00011474, "params": 6251, "time_iter": 0.04743, "accuracy": 0.57333, "precision": 0.56604, "recall": 0.76923, "f1": 0.65217, "auc": 0.57835}
{"epoch": 79, "time_epoch": 1.7952, "eta": 37.05528, "eta_hours": 0.01029, "loss": 0.67970868, "lr": 0.00010492, "params": 6251, "time_iter": 0.04724, "accuracy": 0.57333, "precision": 0.56481, "recall": 0.78205, "f1": 0.65591, "auc": 0.59651}
{"epoch": 80, "time_epoch": 1.89325, "eta": 35.21202, "eta_hours": 0.00978, "loss": 0.68892553, "lr": 9.549e-05, "params": 6251, "time_iter": 0.04982, "accuracy": 0.57333, "precision": 0.57, "recall": 0.73077, "f1": 0.64045, "auc": 0.54915}
{"epoch": 81, "time_epoch": 1.82416, "eta": 33.35236, "eta_hours": 0.00926, "loss": 0.67961398, "lr": 8.646e-05, "params": 6251, "time_iter": 0.048, "accuracy": 0.56, "precision": 0.5625, "recall": 0.69231, "f1": 0.62069, "auc": 0.57639}
{"epoch": 82, "time_epoch": 1.85205, "eta": 31.49928, "eta_hours": 0.00875, "loss": 0.68009995, "lr": 7.784e-05, "params": 6251, "time_iter": 0.04874, "accuracy": 0.56667, "precision": 0.56566, "recall": 0.71795, "f1": 0.63277, "auc": 0.56036}
{"epoch": 83, "time_epoch": 1.85709, "eta": 29.64718, "eta_hours": 0.00824, "loss": 0.68408752, "lr": 6.963e-05, "params": 6251, "time_iter": 0.04887, "accuracy": 0.54, "precision": 0.54455, "recall": 0.70513, "f1": 0.61453, "auc": 0.56161}
{"epoch": 84, "time_epoch": 1.86113, "eta": 27.79567, "eta_hours": 0.00772, "loss": 0.67260556, "lr": 6.185e-05, "params": 6251, "time_iter": 0.04898, "accuracy": 0.6, "precision": 0.59, "recall": 0.75641, "f1": 0.66292, "auc": 0.60061}
{"epoch": 85, "time_epoch": 1.85803, "eta": 25.94344, "eta_hours": 0.00721, "loss": 0.6678835, "lr": 5.45e-05, "params": 6251, "time_iter": 0.0489, "accuracy": 0.6, "precision": 0.58491, "recall": 0.79487, "f1": 0.67391, "auc": 0.60648}
{"epoch": 86, "time_epoch": 1.85404, "eta": 24.09048, "eta_hours": 0.00669, "loss": 0.6874624, "lr": 4.759e-05, "params": 6251, "time_iter": 0.04879, "accuracy": 0.52667, "precision": 0.53271, "recall": 0.73077, "f1": 0.61622, "auc": 0.52635}
{"epoch": 87, "time_epoch": 1.78423, "eta": 22.22797, "eta_hours": 0.00617, "loss": 0.69217497, "lr": 4.112e-05, "params": 6251, "time_iter": 0.04695, "accuracy": 0.54, "precision": 0.54369, "recall": 0.71795, "f1": 0.61878, "auc": 0.52582}
{"epoch": 88, "time_epoch": 1.78323, "eta": 20.3671, "eta_hours": 0.00566, "loss": 0.67189772, "lr": 3.511e-05, "params": 6251, "time_iter": 0.04693, "accuracy": 0.59333, "precision": 0.57944, "recall": 0.79487, "f1": 0.67027, "auc": 0.61699}
{"epoch": 89, "time_epoch": 1.8351, "eta": 18.51372, "eta_hours": 0.00514, "loss": 0.68520826, "lr": 2.956e-05, "params": 6251, "time_iter": 0.04829, "accuracy": 0.56667, "precision": 0.5619, "recall": 0.75641, "f1": 0.64481, "auc": 0.53027}
{"epoch": 90, "time_epoch": 1.85604, "eta": 16.66281, "eta_hours": 0.00463, "loss": 0.67226952, "lr": 2.447e-05, "params": 6251, "time_iter": 0.04884, "accuracy": 0.57333, "precision": 0.57, "recall": 0.73077, "f1": 0.64045, "auc": 0.61823}
{"epoch": 91, "time_epoch": 1.87, "eta": 14.813, "eta_hours": 0.00411, "loss": 0.67609295, "lr": 1.985e-05, "params": 6251, "time_iter": 0.04921, "accuracy": 0.58, "precision": 0.57282, "recall": 0.75641, "f1": 0.65193, "auc": 0.59491}
{"epoch": 92, "time_epoch": 1.87898, "eta": 12.96343, "eta_hours": 0.0036, "loss": 0.67836348, "lr": 1.571e-05, "params": 6251, "time_iter": 0.04945, "accuracy": 0.59333, "precision": 0.58252, "recall": 0.76923, "f1": 0.66298, "auc": 0.57853}
{"epoch": 93, "time_epoch": 1.84108, "eta": 11.11082, "eta_hours": 0.00309, "loss": 0.68978872, "lr": 1.204e-05, "params": 6251, "time_iter": 0.04845, "accuracy": 0.54, "precision": 0.54839, "recall": 0.65385, "f1": 0.59649, "auc": 0.52938}
{"epoch": 94, "time_epoch": 1.86003, "eta": 9.25945, "eta_hours": 0.00257, "loss": 0.67795367, "lr": 8.86e-06, "params": 6251, "time_iter": 0.04895, "accuracy": 0.54, "precision": 0.54206, "recall": 0.74359, "f1": 0.62703, "auc": 0.57657}
{"epoch": 95, "time_epoch": 1.86203, "eta": 7.40798, "eta_hours": 0.00206, "loss": 0.68475924, "lr": 6.16e-06, "params": 6251, "time_iter": 0.049, "accuracy": 0.55333, "precision": 0.5534, "recall": 0.73077, "f1": 0.62983, "auc": 0.54915}
{"epoch": 96, "time_epoch": 1.80523, "eta": 5.55454, "eta_hours": 0.00154, "loss": 0.67002396, "lr": 3.94e-06, "params": 6251, "time_iter": 0.04751, "accuracy": 0.58667, "precision": 0.57547, "recall": 0.78205, "f1": 0.66304, "auc": 0.62073}
{"epoch": 97, "time_epoch": 1.8717, "eta": 3.70344, "eta_hours": 0.00103, "loss": 0.66941336, "lr": 2.22e-06, "params": 6251, "time_iter": 0.04926, "accuracy": 0.56, "precision": 0.56122, "recall": 0.70513, "f1": 0.625, "auc": 0.60274}
{"epoch": 98, "time_epoch": 1.85906, "eta": 1.85179, "eta_hours": 0.00051, "loss": 0.69091759, "lr": 9.9e-07, "params": 6251, "time_iter": 0.04892, "accuracy": 0.55333, "precision": 0.55446, "recall": 0.71795, "f1": 0.6257, "auc": 0.53134}
{"epoch": 99, "time_epoch": 1.8514, "eta": 0.0, "eta_hours": 0.0, "loss": 0.6826234, "lr": 2.5e-07, "params": 6251, "time_iter": 0.04872, "accuracy": 0.55333, "precision": 0.5534, "recall": 0.73077, "f1": 0.62983, "auc": 0.53437}
