{"epoch": 0, "time_epoch": 55.06079, "eta": 5451.01786, "eta_hours": 1.51417, "loss": 0.69496726, "lr": 0.001, "params": 4143, "time_iter": 0.42683, "accuracy": 0.50195, "precision": 0.53913, "recall": 0.06008, "f1": 0.10811, "auc": 0.49542}
{"epoch": 1, "time_epoch": 55.00454, "eta": 5393.2008, "eta_hours": 1.49811, "loss": 0.6936809, "lr": 0.00099975, "params": 4143, "time_iter": 0.42639, "accuracy": 0.49318, "precision": 0.49699, "recall": 0.71899, "f1": 0.58772, "auc": 0.48915}
{"epoch": 2, "time_epoch": 54.97561, "eta": 5336.32354, "eta_hours": 1.48231, "loss": 0.69345796, "lr": 0.00099901, "params": 4143, "time_iter": 0.42617, "accuracy": 0.49903, "precision": 0.50117, "recall": 0.62209, "f1": 0.55512, "auc": 0.48759}
{"epoch": 3, "time_epoch": 54.9528, "eta": 5279.8496, "eta_hours": 1.46662, "loss": 0.69339335, "lr": 0.00099778, "params": 4143, "time_iter": 0.42599, "accuracy": 0.4927, "precision": 0.49657, "recall": 0.70058, "f1": 0.58119, "auc": 0.48042}
{"epoch": 4, "time_epoch": 54.82497, "eta": 5221.55541, "eta_hours": 1.45043, "loss": 0.69365476, "lr": 0.00099606, "params": 4143, "time_iter": 0.425, "accuracy": 0.49951, "precision": 0.50169, "recall": 0.57364, "f1": 0.53526, "auc": 0.48915}
{"epoch": 5, "time_epoch": 55.04141, "eta": 5167.80841, "eta_hours": 1.4355, "loss": 0.69344241, "lr": 0.00099384, "params": 4143, "time_iter": 0.42668, "accuracy": 0.50243, "precision": 0.50243, "recall": 1.0, "f1": 0.66883, "auc": 0.48861}
{"epoch": 6, "time_epoch": 55.01367, "eta": 5113.32316, "eta_hours": 1.42037, "loss": 0.69331801, "lr": 0.00099114, "params": 4143, "time_iter": 0.42646, "accuracy": 0.50292, "precision": 0.50268, "recall": 0.99806, "f1": 0.66861, "auc": 0.45909}
{"epoch": 7, "time_epoch": 55.05992, "eta": 5059.23765, "eta_hours": 1.40534, "loss": 0.69330499, "lr": 0.00098796, "params": 4143, "time_iter": 0.42682, "accuracy": 0.49757, "precision": 0.5, "recall": 0.19671, "f1": 0.28234, "auc": 0.48872}
{"epoch": 8, "time_epoch": 55.05135, "eta": 5004.84895, "eta_hours": 1.39024, "loss": 0.69364104, "lr": 0.00098429, "params": 4143, "time_iter": 0.42675, "accuracy": 0.49708, "precision": 0.49909, "recall": 0.2655, "f1": 0.34662, "auc": 0.48219}
{"epoch": 9, "time_epoch": 55.11562, "eta": 4950.90613, "eta_hours": 1.37525, "loss": 0.69341044, "lr": 0.00098015, "params": 4143, "time_iter": 0.42725, "accuracy": 0.50243, "precision": 0.50243, "recall": 1.0, "f1": 0.66883, "auc": 0.46843}
{"epoch": 10, "time_epoch": 54.95002, "eta": 4895.41019, "eta_hours": 1.35984, "loss": 0.69323812, "lr": 0.00097553, "params": 4143, "time_iter": 0.42597, "accuracy": 0.50243, "precision": 0.50243, "recall": 1.0, "f1": 0.66883, "auc": 0.48973}
{"epoch": 11, "time_epoch": 55.09251, "eta": 4841.0502, "eta_hours": 1.34474, "loss": 0.69344368, "lr": 0.00097044, "params": 4143, "time_iter": 0.42707, "accuracy": 0.48296, "precision": 0.47466, "recall": 0.27229, "f1": 0.34606, "auc": 0.47964}
{"epoch": 12, "time_epoch": 55.04999, "eta": 4786.29293, "eta_hours": 1.32953, "loss": 0.69355463, "lr": 0.00096489, "params": 4143, "time_iter": 0.42674, "accuracy": 0.49854, "precision": 0.50051, "recall": 0.95736, "f1": 0.65735, "auc": 0.46735}
{"epoch": 13, "time_epoch": 54.97085, "eta": 4731.00772, "eta_hours": 1.31417, "loss": 0.69361885, "lr": 0.00095888, "params": 4143, "time_iter": 0.42613, "accuracy": 0.4742, "precision": 0.47727, "recall": 0.48837, "f1": 0.48276, "auc": 0.46983}
{"epoch": 14, "time_epoch": 54.95942, "eta": 4675.69963, "eta_hours": 1.29881, "loss": 0.69339673, "lr": 0.00095241, "params": 4143, "time_iter": 0.42604, "accuracy": 0.49075, "precision": 0.49435, "recall": 0.59302, "f1": 0.53921, "auc": 0.47428}
{"epoch": 15, "time_epoch": 55.01591, "eta": 4620.73171, "eta_hours": 1.28354, "loss": 0.69331408, "lr": 0.0009455, "params": 4143, "time_iter": 0.42648, "accuracy": 0.48978, "precision": 0.4957, "recall": 0.89341, "f1": 0.63762, "auc": 0.4847}
{"epoch": 16, "time_epoch": 55.01716, "eta": 4565.76426, "eta_hours": 1.26827, "loss": 0.69333709, "lr": 0.00093815, "params": 4143, "time_iter": 0.42649, "accuracy": 0.4927, "precision": 0.49686, "recall": 0.7655, "f1": 0.60259, "auc": 0.48604}
{"epoch": 17, "time_epoch": 54.93968, "eta": 4510.4383, "eta_hours": 1.2529, "loss": 0.69340612, "lr": 0.00093037, "params": 4143, "time_iter": 0.42589, "accuracy": 0.49659, "precision": 0.4995, "recall": 0.96124, "f1": 0.65739, "auc": 0.47725}
{"epoch": 18, "time_epoch": 55.12083, "eta": 4455.92527, "eta_hours": 1.23776, "loss": 0.6933544, "lr": 0.00092216, "params": 4143, "time_iter": 0.42729, "accuracy": 0.4927, "precision": 0.49646, "recall": 0.68023, "f1": 0.574, "auc": 0.47282}
{"epoch": 19, "time_epoch": 55.0371, "eta": 4401.01654, "eta_hours": 1.2225, "loss": 0.69339711, "lr": 0.00091354, "params": 4143, "time_iter": 0.42664, "accuracy": 0.49562, "precision": 0.49683, "recall": 0.30329, "f1": 0.37665, "auc": 0.49166}
{"epoch": 20, "time_epoch": 55.13224, "eta": 4346.45349, "eta_hours": 1.20735, "loss": 0.69336146, "lr": 0.00090451, "params": 4143, "time_iter": 0.42738, "accuracy": 0.50243, "precision": 0.50243, "recall": 1.0, "f1": 0.66883, "auc": 0.47179}
{"epoch": 21, "time_epoch": 55.10681, "eta": 4291.74856, "eta_hours": 1.19215, "loss": 0.69352634, "lr": 0.00089508, "params": 4143, "time_iter": 0.42718, "accuracy": 0.48685, "precision": 0.49404, "recall": 0.88372, "f1": 0.63377, "auc": 0.4756}
{"epoch": 22, "time_epoch": 54.97287, "eta": 4236.56028, "eta_hours": 1.17682, "loss": 0.69334358, "lr": 0.00088526, "params": 4143, "time_iter": 0.42615, "accuracy": 0.49075, "precision": 0.49624, "recall": 0.89535, "f1": 0.63856, "auc": 0.47956}
{"epoch": 23, "time_epoch": 54.94242, "eta": 4181.29352, "eta_hours": 1.16147, "loss": 0.69337636, "lr": 0.00087506, "params": 4143, "time_iter": 0.42591, "accuracy": 0.50243, "precision": 0.50243, "recall": 1.0, "f1": 0.66883, "auc": 0.48361}
{"epoch": 24, "time_epoch": 55.04283, "eta": 4126.35394, "eta_hours": 1.14621, "loss": 0.69332995, "lr": 0.00086448, "params": 4143, "time_iter": 0.42669, "accuracy": 0.49367, "precision": 0.45349, "recall": 0.03779, "f1": 0.06977, "auc": 0.46954}
{"epoch": 25, "time_epoch": 54.84294, "eta": 4070.83747, "eta_hours": 1.13079, "loss": 0.69328613, "lr": 0.00085355, "params": 4143, "time_iter": 0.42514, "accuracy": 0.49562, "precision": 0.49844, "recall": 0.62112, "f1": 0.55306, "auc": 0.48764}
{"epoch": 26, "time_epoch": 54.96886, "eta": 4015.71137, "eta_hours": 1.11548, "loss": 0.69329055, "lr": 0.00084227, "params": 4143, "time_iter": 0.42612, "accuracy": 0.50243, "precision": 0.50243, "recall": 1.0, "f1": 0.66883, "auc": 0.47612}
{"epoch": 27, "time_epoch": 55.00312, "eta": 3960.68459, "eta_hours": 1.10019, "loss": 0.69332452, "lr": 0.00083066, "params": 4143, "time_iter": 0.42638, "accuracy": 0.49464, "precision": 0.4978, "recall": 0.65795, "f1": 0.56678, "auc": 0.47898}
{"epoch": 28, "time_epoch": 55.03348, "eta": 3905.73376, "eta_hours": 1.08493, "loss": 0.69325588, "lr": 0.00081871, "params": 4143, "time_iter": 0.42662, "accuracy": 0.49172, "precision": 0.49678, "recall": 0.89632, "f1": 0.63925, "auc": 0.48202}
{"epoch": 29, "time_epoch": 55.01879, "eta": 3850.74315, "eta_hours": 1.06965, "loss": 0.69330541, "lr": 0.00080645, "params": 4143, "time_iter": 0.4265, "accuracy": 0.48978, "precision": 0.49409, "recall": 0.64826, "f1": 0.56077, "auc": 0.4833}
{"epoch": 30, "time_epoch": 55.04986, "eta": 3795.81988, "eta_hours": 1.05439, "loss": 0.69328767, "lr": 0.00079389, "params": 4143, "time_iter": 0.42674, "accuracy": 0.50243, "precision": 0.50247, "recall": 0.9845, "f1": 0.66536, "auc": 0.4797}
{"epoch": 31, "time_epoch": 55.03747, "eta": 3740.86237, "eta_hours": 1.03913, "loss": 0.6933224, "lr": 0.00078104, "params": 4143, "time_iter": 0.42665, "accuracy": 0.49854, "precision": 0.50267, "recall": 0.18217, "f1": 0.26743, "auc": 0.48723}
{"epoch": 32, "time_epoch": 55.51621, "eta": 3686.87201, "eta_hours": 1.02413, "loss": 0.69328246, "lr": 0.00076791, "params": 4143, "time_iter": 0.43036, "accuracy": 0.49367, "precision": 0.49785, "recall": 0.89826, "f1": 0.64064, "auc": 0.47595}
{"epoch": 33, "time_epoch": 55.27197, "eta": 3632.31778, "eta_hours": 1.00898, "loss": 0.69329198, "lr": 0.00075452, "params": 4143, "time_iter": 0.42846, "accuracy": 0.49951, "precision": 0.50098, "recall": 0.99419, "f1": 0.66623, "auc": 0.48212}
{"epoch": 34, "time_epoch": 55.01325, "eta": 3577.24205, "eta_hours": 0.99368, "loss": 0.69330331, "lr": 0.00074088, "params": 4143, "time_iter": 0.42646, "accuracy": 0.49172, "precision": 0.49634, "recall": 0.78779, "f1": 0.60899, "auc": 0.47095}
{"epoch": 35, "time_epoch": 55.01363, "eta": 3522.17047, "eta_hours": 0.97838, "loss": 0.69335265, "lr": 0.000727, "params": 4143, "time_iter": 0.42646, "accuracy": 0.50243, "precision": 0.50243, "recall": 1.0, "f1": 0.66883, "auc": 0.46979}
{"epoch": 36, "time_epoch": 55.06711, "eta": 3467.19308, "eta_hours": 0.96311, "loss": 0.69337856, "lr": 0.00071289, "params": 4143, "time_iter": 0.42688, "accuracy": 0.48101, "precision": 0.48819, "recall": 0.6812, "f1": 0.56877, "auc": 0.47484}
{"epoch": 37, "time_epoch": 55.04672, "eta": 3412.17771, "eta_hours": 0.94783, "loss": 0.69328597, "lr": 0.00069857, "params": 4143, "time_iter": 0.42672, "accuracy": 0.49172, "precision": 0.49528, "recall": 0.6095, "f1": 0.54648, "auc": 0.47458}
{"epoch": 38, "time_epoch": 55.13656, "eta": 3357.30124, "eta_hours": 0.93258, "loss": 0.69330638, "lr": 0.00068406, "params": 4143, "time_iter": 0.42742, "accuracy": 0.50243, "precision": 0.50243, "recall": 1.0, "f1": 0.66883, "auc": 0.4763}
{"epoch": 39, "time_epoch": 55.10155, "eta": 3302.35925, "eta_hours": 0.91732, "loss": 0.69322843, "lr": 0.00066937, "params": 4143, "time_iter": 0.42714, "accuracy": 0.48978, "precision": 0.4957, "recall": 0.89438, "f1": 0.63787, "auc": 0.46721}
{"epoch": 40, "time_epoch": 55.07511, "eta": 3247.37144, "eta_hours": 0.90205, "loss": 0.69352358, "lr": 0.00065451, "params": 4143, "time_iter": 0.42694, "accuracy": 0.50049, "precision": 0.50264, "recall": 0.55329, "f1": 0.52675, "auc": 0.48755}
{"epoch": 41, "time_epoch": 55.05321, "eta": 3192.34921, "eta_hours": 0.88676, "loss": 0.69335312, "lr": 0.0006395, "params": 4143, "time_iter": 0.42677, "accuracy": 0.4815, "precision": 0.48415, "recall": 0.48837, "f1": 0.48625, "auc": 0.48041}
{"epoch": 42, "time_epoch": 54.9777, "eta": 3137.22546, "eta_hours": 0.87145, "loss": 0.69327779, "lr": 0.00062434, "params": 4143, "time_iter": 0.42618, "accuracy": 0.4927, "precision": 0.49719, "recall": 0.85853, "f1": 0.62971, "auc": 0.47969}
{"epoch": 43, "time_epoch": 55.14006, "eta": 3082.31498, "eta_hours": 0.8562, "loss": 0.6932609, "lr": 0.00060907, "params": 4143, "time_iter": 0.42744, "accuracy": 0.49221, "precision": 0.49569, "recall": 0.6124, "f1": 0.5479, "auc": 0.48552}
{"epoch": 44, "time_epoch": 55.01332, "eta": 3027.2394, "eta_hours": 0.8409, "loss": 0.69327649, "lr": 0.00059369, "params": 4143, "time_iter": 0.42646, "accuracy": 0.48734, "precision": 0.49424, "recall": 0.87306, "f1": 0.63117, "auc": 0.47729}
{"epoch": 45, "time_epoch": 55.03837, "eta": 2972.19593, "eta_hours": 0.82561, "loss": 0.6932194, "lr": 0.00057822, "params": 4143, "time_iter": 0.42665, "accuracy": 0.50243, "precision": 0.50243, "recall": 1.0, "f1": 0.66883, "auc": 0.47628}
{"epoch": 46, "time_epoch": 55.08349, "eta": 2917.20356, "eta_hours": 0.81033, "loss": 0.69328545, "lr": 0.00056267, "params": 4143, "time_iter": 0.427, "accuracy": 0.47907, "precision": 0.47903, "recall": 0.42054, "f1": 0.44788, "auc": 0.48267}
{"epoch": 47, "time_epoch": 55.10521, "eta": 2862.23092, "eta_hours": 0.79506, "loss": 0.69325291, "lr": 0.00054705, "params": 4143, "time_iter": 0.42717, "accuracy": 0.50243, "precision": 0.50243, "recall": 1.0, "f1": 0.66883, "auc": 0.48384}
{"epoch": 48, "time_epoch": 55.17299, "eta": 2807.32341, "eta_hours": 0.77981, "loss": 0.69322728, "lr": 0.0005314, "params": 4143, "time_iter": 0.4277, "accuracy": 0.49708, "precision": 0.49975, "recall": 0.97578, "f1": 0.66098, "auc": 0.48525}
{"epoch": 49, "time_epoch": 54.98528, "eta": 2752.21758, "eta_hours": 0.7645, "loss": 0.69324515, "lr": 0.00051571, "params": 4143, "time_iter": 0.42624, "accuracy": 0.50243, "precision": 0.50243, "recall": 1.0, "f1": 0.66883, "auc": 0.48335}
{"epoch": 50, "time_epoch": 55.04618, "eta": 2697.17498, "eta_hours": 0.74922, "loss": 0.69328663, "lr": 0.0005, "params": 4143, "time_iter": 0.42671, "accuracy": 0.49757, "precision": 0.5, "recall": 0.88372, "f1": 0.63866, "auc": 0.48597}
{"epoch": 51, "time_epoch": 54.98484, "eta": 2642.07563, "eta_hours": 0.73391, "loss": 0.693316, "lr": 0.00048429, "params": 4143, "time_iter": 0.42624, "accuracy": 0.50243, "precision": 0.52747, "recall": 0.09302, "f1": 0.15815, "auc": 0.49092}
{"epoch": 52, "time_epoch": 54.96774, "eta": 2586.96543, "eta_hours": 0.7186, "loss": 0.69324032, "lr": 0.0004686, "params": 4143, "time_iter": 0.42611, "accuracy": 0.50243, "precision": 0.50243, "recall": 1.0, "f1": 0.66883, "auc": 0.48062}
{"epoch": 53, "time_epoch": 55.02555, "eta": 2531.90976, "eta_hours": 0.70331, "loss": 0.69326487, "lr": 0.00045295, "params": 4143, "time_iter": 0.42655, "accuracy": 0.49805, "precision": 0.5003, "recall": 0.81298, "f1": 0.61942, "auc": 0.47876}
{"epoch": 54, "time_epoch": 54.96875, "eta": 2476.80871, "eta_hours": 0.688, "loss": 0.69323592, "lr": 0.00043733, "params": 4143, "time_iter": 0.42611, "accuracy": 0.50243, "precision": 0.50243, "recall": 1.0, "f1": 0.66883, "auc": 0.48445}
{"epoch": 55, "time_epoch": 54.97557, "eta": 2421.71774, "eta_hours": 0.6727, "loss": 0.69322653, "lr": 0.00042178, "params": 4143, "time_iter": 0.42617, "accuracy": 0.50243, "precision": 0.50243, "recall": 1.0, "f1": 0.66883, "auc": 0.4824}
{"epoch": 56, "time_epoch": 55.00546, "eta": 2366.65337, "eta_hours": 0.6574, "loss": 0.69319904, "lr": 0.00040631, "params": 4143, "time_iter": 0.4264, "accuracy": 0.50243, "precision": 0.50243, "recall": 1.0, "f1": 0.66883, "auc": 0.47155}
{"epoch": 57, "time_epoch": 55.02006, "eta": 2311.6016, "eta_hours": 0.64211, "loss": 0.6932364, "lr": 0.00039093, "params": 4143, "time_iter": 0.42651, "accuracy": 0.50243, "precision": 0.50243, "recall": 1.0, "f1": 0.66883, "auc": 0.4695}
{"epoch": 58, "time_epoch": 55.09648, "eta": 2256.60401, "eta_hours": 0.62683, "loss": 0.69322725, "lr": 0.00037566, "params": 4143, "time_iter": 0.4271, "accuracy": 0.50243, "precision": 0.50243, "recall": 1.0, "f1": 0.66883, "auc": 0.47368}
{"epoch": 59, "time_epoch": 55.12224, "eta": 2201.6203, "eta_hours": 0.61156, "loss": 0.69318454, "lr": 0.0003605, "params": 4143, "time_iter": 0.4273, "accuracy": 0.50243, "precision": 0.50243, "recall": 1.0, "f1": 0.66883, "auc": 0.46638}
{"epoch": 60, "time_epoch": 55.01336, "eta": 2146.56244, "eta_hours": 0.59627, "loss": 0.69320783, "lr": 0.00034549, "params": 4143, "time_iter": 0.42646, "accuracy": 0.50243, "precision": 0.50243, "recall": 1.0, "f1": 0.66883, "auc": 0.47436}
{"epoch": 61, "time_epoch": 55.08305, "eta": 2091.54872, "eta_hours": 0.58099, "loss": 0.69321268, "lr": 0.00033063, "params": 4143, "time_iter": 0.427, "accuracy": 0.50243, "precision": 0.50243, "recall": 1.0, "f1": 0.66883, "auc": 0.47937}
{"epoch": 62, "time_epoch": 55.00298, "eta": 2036.48578, "eta_hours": 0.56569, "loss": 0.69325461, "lr": 0.00031594, "params": 4143, "time_iter": 0.42638, "accuracy": 0.50243, "precision": 0.50243, "recall": 1.0, "f1": 0.66883, "auc": 0.46808}
{"epoch": 63, "time_epoch": 54.98128, "eta": 1981.4125, "eta_hours": 0.55039, "loss": 0.6931847, "lr": 0.00030143, "params": 4143, "time_iter": 0.42621, "accuracy": 0.50243, "precision": 0.50243, "recall": 1.0, "f1": 0.66883, "auc": 0.4839}
{"epoch": 64, "time_epoch": 55.0914, "eta": 1926.40135, "eta_hours": 0.53511, "loss": 0.69317543, "lr": 0.00028711, "params": 4143, "time_iter": 0.42707, "accuracy": 0.50243, "precision": 0.50243, "recall": 1.0, "f1": 0.66883, "auc": 0.47391}
{"epoch": 65, "time_epoch": 54.95663, "eta": 1871.31834, "eta_hours": 0.51981, "loss": 0.6931864, "lr": 0.000273, "params": 4143, "time_iter": 0.42602, "accuracy": 0.50243, "precision": 0.50243, "recall": 1.0, "f1": 0.66883, "auc": 0.48247}
{"epoch": 66, "time_epoch": 55.07239, "eta": 1816.29612, "eta_hours": 0.50453, "loss": 0.69330728, "lr": 0.00025912, "params": 4143, "time_iter": 0.42692, "accuracy": 0.49367, "precision": 0.49746, "recall": 0.75872, "f1": 0.60092, "auc": 0.4748}
{"epoch": 67, "time_epoch": 54.94661, "eta": 1761.21324, "eta_hours": 0.48923, "loss": 0.69319993, "lr": 0.00024548, "params": 4143, "time_iter": 0.42594, "accuracy": 0.50243, "precision": 0.50243, "recall": 1.0, "f1": 0.66883, "auc": 0.47679}
{"epoch": 68, "time_epoch": 54.96064, "eta": 1706.14061, "eta_hours": 0.47393, "loss": 0.69319387, "lr": 0.00023209, "params": 4143, "time_iter": 0.42605, "accuracy": 0.4927, "precision": 0.49568, "recall": 0.5562, "f1": 0.5242, "auc": 0.48544}
{"epoch": 69, "time_epoch": 55.00201, "eta": 1651.08891, "eta_hours": 0.45864, "loss": 0.69319467, "lr": 0.00021896, "params": 4143, "time_iter": 0.42637, "accuracy": 0.50243, "precision": 0.50243, "recall": 1.0, "f1": 0.66883, "auc": 0.47219}
{"epoch": 70, "time_epoch": 54.96753, "eta": 1596.02452, "eta_hours": 0.44334, "loss": 0.69317829, "lr": 0.00020611, "params": 4143, "time_iter": 0.4261, "accuracy": 0.50243, "precision": 0.50243, "recall": 1.0, "f1": 0.66883, "auc": 0.47122}
{"epoch": 71, "time_epoch": 55.08896, "eta": 1541.01005, "eta_hours": 0.42806, "loss": 0.69317147, "lr": 0.00019355, "params": 4143, "time_iter": 0.42705, "accuracy": 0.50243, "precision": 0.50243, "recall": 1.0, "f1": 0.66883, "auc": 0.47435}
{"epoch": 72, "time_epoch": 54.9244, "eta": 1485.93268, "eta_hours": 0.41276, "loss": 0.69318519, "lr": 0.00018129, "params": 4143, "time_iter": 0.42577, "accuracy": 0.50243, "precision": 0.50243, "recall": 1.0, "f1": 0.66883, "auc": 0.4738}
{"epoch": 73, "time_epoch": 55.11365, "eta": 1430.92593, "eta_hours": 0.39748, "loss": 0.6932041, "lr": 0.00016934, "params": 4143, "time_iter": 0.42724, "accuracy": 0.50243, "precision": 0.50243, "recall": 1.0, "f1": 0.66883, "auc": 0.47172}
{"epoch": 74, "time_epoch": 54.97334, "eta": 1375.86956, "eta_hours": 0.38219, "loss": 0.69319334, "lr": 0.00015773, "params": 4143, "time_iter": 0.42615, "accuracy": 0.50243, "precision": 0.50243, "recall": 1.0, "f1": 0.66883, "auc": 0.47695}
{"epoch": 75, "time_epoch": 55.04843, "eta": 1320.83908, "eta_hours": 0.3669, "loss": 0.69319495, "lr": 0.00014645, "params": 4143, "time_iter": 0.42673, "accuracy": 0.50243, "precision": 0.50243, "recall": 1.0, "f1": 0.66883, "auc": 0.47828}
{"epoch": 76, "time_epoch": 55.0871, "eta": 1265.8197, "eta_hours": 0.35162, "loss": 0.6931622, "lr": 0.00013552, "params": 4143, "time_iter": 0.42703, "accuracy": 0.50243, "precision": 0.50243, "recall": 1.0, "f1": 0.66883, "auc": 0.47878}
{"epoch": 77, "time_epoch": 55.10849, "eta": 1210.8046, "eta_hours": 0.33633, "loss": 0.69317968, "lr": 0.00012494, "params": 4143, "time_iter": 0.4272, "accuracy": 0.50243, "precision": 0.50243, "recall": 1.0, "f1": 0.66883, "auc": 0.47897}
{"epoch": 78, "time_epoch": 55.08725, "eta": 1155.7815, "eta_hours": 0.32105, "loss": 0.69317837, "lr": 0.00011474, "params": 4143, "time_iter": 0.42703, "accuracy": 0.50243, "precision": 0.50243, "recall": 1.0, "f1": 0.66883, "auc": 0.46956}
{"epoch": 79, "time_epoch": 54.9928, "eta": 1100.73319, "eta_hours": 0.30576, "loss": 0.69316077, "lr": 0.00010492, "params": 4143, "time_iter": 0.4263, "accuracy": 0.50243, "precision": 0.50243, "recall": 1.0, "f1": 0.66883, "auc": 0.46684}
{"epoch": 80, "time_epoch": 55.25708, "eta": 1045.74823, "eta_hours": 0.29049, "loss": 0.69315592, "lr": 9.549e-05, "params": 4143, "time_iter": 0.42835, "accuracy": 0.50243, "precision": 0.50243, "recall": 1.0, "f1": 0.66883, "auc": 0.48425}
{"epoch": 81, "time_epoch": 55.21202, "eta": 990.74674, "eta_hours": 0.27521, "loss": 0.69317076, "lr": 8.646e-05, "params": 4143, "time_iter": 0.428, "accuracy": 0.50243, "precision": 0.50243, "recall": 1.0, "f1": 0.66883, "auc": 0.47487}
{"epoch": 82, "time_epoch": 55.13495, "eta": 935.7244, "eta_hours": 0.25992, "loss": 0.69315798, "lr": 7.784e-05, "params": 4143, "time_iter": 0.4274, "accuracy": 0.50243, "precision": 0.50243, "recall": 1.0, "f1": 0.66883, "auc": 0.47229}
{"epoch": 83, "time_epoch": 55.19008, "eta": 880.70988, "eta_hours": 0.24464, "loss": 0.69314821, "lr": 6.963e-05, "params": 4143, "time_iter": 0.42783, "accuracy": 0.50243, "precision": 0.50243, "recall": 1.0, "f1": 0.66883, "auc": 0.46985}
{"epoch": 84, "time_epoch": 55.14495, "eta": 825.68326, "eta_hours": 0.22936, "loss": 0.69314457, "lr": 6.185e-05, "params": 4143, "time_iter": 0.42748, "accuracy": 0.50243, "precision": 0.50243, "recall": 1.0, "f1": 0.66883, "auc": 0.47427}
{"epoch": 85, "time_epoch": 55.2142, "eta": 770.66517, "eta_hours": 0.21407, "loss": 0.69314668, "lr": 5.45e-05, "params": 4143, "time_iter": 0.42802, "accuracy": 0.50243, "precision": 0.50243, "recall": 1.0, "f1": 0.66883, "auc": 0.47497}
{"epoch": 86, "time_epoch": 55.20637, "eta": 715.64139, "eta_hours": 0.19879, "loss": 0.69315195, "lr": 4.759e-05, "params": 4143, "time_iter": 0.42796, "accuracy": 0.50243, "precision": 0.50243, "recall": 1.0, "f1": 0.66883, "auc": 0.48118}
{"epoch": 87, "time_epoch": 55.09105, "eta": 660.59774, "eta_hours": 0.1835, "loss": 0.69314164, "lr": 4.112e-05, "params": 4143, "time_iter": 0.42706, "accuracy": 0.50243, "precision": 0.50243, "recall": 1.0, "f1": 0.66883, "auc": 0.48039}
{"epoch": 88, "time_epoch": 55.117, "eta": 605.55623, "eta_hours": 0.16821, "loss": 0.69314402, "lr": 3.511e-05, "params": 4143, "time_iter": 0.42726, "accuracy": 0.50243, "precision": 0.50243, "recall": 1.0, "f1": 0.66883, "auc": 0.47072}
{"epoch": 89, "time_epoch": 55.07022, "eta": 550.50785, "eta_hours": 0.15292, "loss": 0.69314461, "lr": 2.956e-05, "params": 4143, "time_iter": 0.4269, "accuracy": 0.50243, "precision": 0.50243, "recall": 1.0, "f1": 0.66883, "auc": 0.47401}
{"epoch": 90, "time_epoch": 55.26832, "eta": 495.47858, "eta_hours": 0.13763, "loss": 0.69314097, "lr": 2.447e-05, "params": 4143, "time_iter": 0.42844, "accuracy": 0.50243, "precision": 0.50243, "recall": 1.0, "f1": 0.66883, "auc": 0.47602}
{"epoch": 91, "time_epoch": 55.1247, "eta": 440.43163, "eta_hours": 0.12234, "loss": 0.69314042, "lr": 1.985e-05, "params": 4143, "time_iter": 0.42732, "accuracy": 0.50243, "precision": 0.50243, "recall": 1.0, "f1": 0.66883, "auc": 0.46291}
{"epoch": 92, "time_epoch": 55.14354, "eta": 385.38442, "eta_hours": 0.10705, "loss": 0.69313971, "lr": 1.571e-05, "params": 4143, "time_iter": 0.42747, "accuracy": 0.50243, "precision": 0.50243, "recall": 1.0, "f1": 0.66883, "auc": 0.48111}
{"epoch": 93, "time_epoch": 55.16419, "eta": 330.33647, "eta_hours": 0.09176, "loss": 0.69313937, "lr": 1.204e-05, "params": 4143, "time_iter": 0.42763, "accuracy": 0.50243, "precision": 0.50243, "recall": 1.0, "f1": 0.66883, "auc": 0.4642}
{"epoch": 94, "time_epoch": 55.22687, "eta": 275.28938, "eta_hours": 0.07647, "loss": 0.69313852, "lr": 8.86e-06, "params": 4143, "time_iter": 0.42812, "accuracy": 0.50243, "precision": 0.50243, "recall": 1.0, "f1": 0.66883, "auc": 0.46852}
{"epoch": 95, "time_epoch": 55.13668, "eta": 220.23479, "eta_hours": 0.06118, "loss": 0.6931373, "lr": 6.16e-06, "params": 4143, "time_iter": 0.42742, "accuracy": 0.50243, "precision": 0.50243, "recall": 1.0, "f1": 0.66883, "auc": 0.47671}
{"epoch": 96, "time_epoch": 55.11345, "eta": 165.17779, "eta_hours": 0.04588, "loss": 0.69313628, "lr": 3.94e-06, "params": 4143, "time_iter": 0.42724, "accuracy": 0.50243, "precision": 0.50243, "recall": 1.0, "f1": 0.66883, "auc": 0.48082}
{"epoch": 97, "time_epoch": 55.17594, "eta": 110.12091, "eta_hours": 0.03059, "loss": 0.69313619, "lr": 2.22e-06, "params": 4143, "time_iter": 0.42772, "accuracy": 0.50243, "precision": 0.50243, "recall": 1.0, "f1": 0.66883, "auc": 0.48096}
{"epoch": 98, "time_epoch": 55.16812, "eta": 55.06154, "eta_hours": 0.01529, "loss": 0.69313596, "lr": 9.9e-07, "params": 4143, "time_iter": 0.42766, "accuracy": 0.50243, "precision": 0.50243, "recall": 1.0, "f1": 0.66883, "auc": 0.47854}
{"epoch": 99, "time_epoch": 55.19935, "eta": 0.0, "eta_hours": 0.0, "loss": 0.69313544, "lr": 2.5e-07, "params": 4143, "time_iter": 0.4279, "accuracy": 0.50243, "precision": 0.50243, "recall": 1.0, "f1": 0.66883, "auc": 0.49782}
