{"epoch": 0, "time_epoch": 2.34085, "eta": 231.74376, "eta_hours": 0.06437, "loss": 0.6954677, "lr": 0.001, "params": 6295, "time_iter": 0.0616, "accuracy": 0.48, "precision": 0.0, "recall": 0.0, "f1": 0.0, "auc": 0.45068}
{"epoch": 1, "time_epoch": 2.46893, "eta": 235.6792, "eta_hours": 0.06547, "loss": 0.69363997, "lr": 0.00099975, "params": 6295, "time_iter": 0.06497, "accuracy": 0.48, "precision": 0.5, "recall": 0.32051, "f1": 0.39063, "auc": 0.45851}
{"epoch": 2, "time_epoch": 1.5351, "eta": 205.15096, "eta_hours": 0.05699, "loss": 0.69345137, "lr": 0.00099901, "params": 6295, "time_iter": 0.0404, "accuracy": 0.52, "precision": 0.52, "recall": 1.0, "f1": 0.68421, "auc": 0.38996}
{"epoch": 3, "time_epoch": 1.64915, "eta": 191.85659, "eta_hours": 0.05329, "loss": 0.69524005, "lr": 0.00099778, "params": 6295, "time_iter": 0.0434, "accuracy": 0.34667, "precision": 0.33871, "recall": 0.26923, "f1": 0.3, "auc": 0.37055}
{"epoch": 4, "time_epoch": 1.75868, "eta": 185.3013, "eta_hours": 0.05147, "loss": 0.69288058, "lr": 0.00099606, "params": 6295, "time_iter": 0.04628, "accuracy": 0.52, "precision": 0.52, "recall": 1.0, "f1": 0.68421, "auc": 0.42753}
{"epoch": 5, "time_epoch": 1.76948, "eta": 180.51411, "eta_hours": 0.05014, "loss": 0.69297893, "lr": 0.00099384, "params": 6295, "time_iter": 0.04657, "accuracy": 0.52, "precision": 0.52, "recall": 1.0, "f1": 0.68421, "auc": 0.43136}
{"epoch": 6, "time_epoch": 1.75752, "eta": 176.43029, "eta_hours": 0.04901, "loss": 0.69348917, "lr": 0.00099114, "params": 6295, "time_iter": 0.04625, "accuracy": 0.52, "precision": 0.52, "recall": 1.0, "f1": 0.68421, "auc": 0.4229}
{"epoch": 7, "time_epoch": 1.74849, "eta": 172.82423, "eta_hours": 0.04801, "loss": 0.69288081, "lr": 0.00098796, "params": 6295, "time_iter": 0.04601, "accuracy": 0.52, "precision": 0.52, "recall": 1.0, "f1": 0.68421, "auc": 0.41462}
{"epoch": 8, "time_epoch": 1.73982, "eta": 169.54325, "eta_hours": 0.0471, "loss": 0.6925734, "lr": 0.00098429, "params": 6295, "time_iter": 0.04578, "accuracy": 0.52, "precision": 0.52, "recall": 1.0, "f1": 0.68421, "auc": 0.444}
{"epoch": 9, "time_epoch": 1.73567, "eta": 166.53313, "eta_hours": 0.04626, "loss": 0.69307934, "lr": 0.00098015, "params": 6295, "time_iter": 0.04568, "accuracy": 0.52, "precision": 0.52, "recall": 1.0, "f1": 0.68421, "auc": 0.4115}
{"epoch": 10, "time_epoch": 1.7299, "eta": 163.7081, "eta_hours": 0.04547, "loss": 0.69268983, "lr": 0.00097553, "params": 6295, "time_iter": 0.04552, "accuracy": 0.52, "precision": 0.52, "recall": 1.0, "f1": 0.68421, "auc": 0.45077}
{"epoch": 11, "time_epoch": 1.73222, "eta": 161.08255, "eta_hours": 0.04475, "loss": 0.69335582, "lr": 0.00097044, "params": 6295, "time_iter": 0.04558, "accuracy": 0.52, "precision": 0.52, "recall": 1.0, "f1": 0.68421, "auc": 0.39138}
{"epoch": 12, "time_epoch": 1.80563, "eta": 159.08571, "eta_hours": 0.04419, "loss": 0.69319849, "lr": 0.00096489, "params": 6295, "time_iter": 0.04752, "accuracy": 0.52, "precision": 0.52, "recall": 1.0, "f1": 0.68421, "auc": 0.37108}
{"epoch": 13, "time_epoch": 1.94286, "eta": 157.95919, "eta_hours": 0.04388, "loss": 0.69260499, "lr": 0.00095888, "params": 6295, "time_iter": 0.05113, "accuracy": 0.52, "precision": 0.52, "recall": 1.0, "f1": 0.68421, "auc": 0.45798}
{"epoch": 14, "time_epoch": 1.9313, "eta": 156.65831, "eta_hours": 0.04352, "loss": 0.69278171, "lr": 0.00095241, "params": 6295, "time_iter": 0.05082, "accuracy": 0.52, "precision": 0.52, "recall": 1.0, "f1": 0.68421, "auc": 0.39174}
{"epoch": 15, "time_epoch": 1.9304, "eta": 155.27391, "eta_hours": 0.04313, "loss": 0.6930949, "lr": 0.0009455, "params": 6295, "time_iter": 0.0508, "accuracy": 0.52, "precision": 0.52, "recall": 1.0, "f1": 0.68421, "auc": 0.41417}
{"epoch": 16, "time_epoch": 1.93776, "eta": 153.86122, "eta_hours": 0.04274, "loss": 0.69304115, "lr": 0.00093815, "params": 6295, "time_iter": 0.05099, "accuracy": 0.52, "precision": 0.52, "recall": 1.0, "f1": 0.68421, "auc": 0.40509}
{"epoch": 17, "time_epoch": 1.75273, "eta": 151.54725, "eta_hours": 0.0421, "loss": 0.69273724, "lr": 0.00093037, "params": 6295, "time_iter": 0.04612, "accuracy": 0.52, "precision": 0.52, "recall": 1.0, "f1": 0.68421, "auc": 0.42788}
{"epoch": 18, "time_epoch": 1.74204, "eta": 149.2468, "eta_hours": 0.04146, "loss": 0.69319307, "lr": 0.00092216, "params": 6295, "time_iter": 0.04584, "accuracy": 0.52, "precision": 0.52, "recall": 1.0, "f1": 0.68421, "auc": 0.40491}
{"epoch": 19, "time_epoch": 1.73588, "eta": 146.97757, "eta_hours": 0.04083, "loss": 0.69284522, "lr": 0.00091354, "params": 6295, "time_iter": 0.04568, "accuracy": 0.52, "precision": 0.52, "recall": 1.0, "f1": 0.68421, "auc": 0.39067}
{"epoch": 20, "time_epoch": 1.74683, "eta": 144.8003, "eta_hours": 0.04022, "loss": 0.69265172, "lr": 0.00090451, "params": 6295, "time_iter": 0.04597, "accuracy": 0.52, "precision": 0.52, "recall": 1.0, "f1": 0.68421, "auc": 0.39227}
{"epoch": 21, "time_epoch": 1.81256, "eta": 142.89521, "eta_hours": 0.03969, "loss": 0.69266349, "lr": 0.00089508, "params": 6295, "time_iter": 0.0477, "accuracy": 0.52, "precision": 0.52, "recall": 1.0, "f1": 0.68421, "auc": 0.36236}
{"epoch": 22, "time_epoch": 1.79693, "eta": 140.94586, "eta_hours": 0.03915, "loss": 0.69289303, "lr": 0.00088526, "params": 6295, "time_iter": 0.04729, "accuracy": 0.52, "precision": 0.52, "recall": 1.0, "f1": 0.68421, "auc": 0.42067}
{"epoch": 23, "time_epoch": 1.74633, "eta": 138.84897, "eta_hours": 0.03857, "loss": 0.69387965, "lr": 0.00087506, "params": 6295, "time_iter": 0.04596, "accuracy": 0.52, "precision": 0.52, "recall": 1.0, "f1": 0.68421, "auc": 0.36734}
{"epoch": 24, "time_epoch": 1.73999, "eta": 136.76109, "eta_hours": 0.03799, "loss": 0.69257894, "lr": 0.00086448, "params": 6295, "time_iter": 0.04579, "accuracy": 0.52, "precision": 0.52, "recall": 1.0, "f1": 0.68421, "auc": 0.44872}
{"epoch": 25, "time_epoch": 1.73763, "eta": 134.69327, "eta_hours": 0.03741, "loss": 0.69289503, "lr": 0.00085355, "params": 6295, "time_iter": 0.04573, "accuracy": 0.52, "precision": 0.52, "recall": 1.0, "f1": 0.68421, "auc": 0.3823}
{"epoch": 26, "time_epoch": 1.74041, "eta": 132.65741, "eta_hours": 0.03685, "loss": 0.69285787, "lr": 0.00084227, "params": 6295, "time_iter": 0.0458, "accuracy": 0.52, "precision": 0.52, "recall": 1.0, "f1": 0.68421, "auc": 0.4286}
{"epoch": 27, "time_epoch": 1.73694, "eta": 130.63375, "eta_hours": 0.03629, "loss": 0.69258885, "lr": 0.00083066, "params": 6295, "time_iter": 0.04571, "accuracy": 0.52, "precision": 0.52, "recall": 1.0, "f1": 0.68421, "auc": 0.42468}
{"epoch": 28, "time_epoch": 1.74186, "eta": 128.6419, "eta_hours": 0.03573, "loss": 0.69263671, "lr": 0.00081871, "params": 6295, "time_iter": 0.04584, "accuracy": 0.52, "precision": 0.52, "recall": 1.0, "f1": 0.68421, "auc": 0.36325}
{"epoch": 29, "time_epoch": 1.75043, "eta": 126.68671, "eta_hours": 0.03519, "loss": 0.6925755, "lr": 0.00080645, "params": 6295, "time_iter": 0.04606, "accuracy": 0.52, "precision": 0.52, "recall": 1.0, "f1": 0.68421, "auc": 0.39174}
{"epoch": 30, "time_epoch": 1.74538, "eta": 124.73348, "eta_hours": 0.03465, "loss": 0.69269452, "lr": 0.00079389, "params": 6295, "time_iter": 0.04593, "accuracy": 0.52, "precision": 0.52, "recall": 1.0, "f1": 0.68421, "auc": 0.41417}
{"epoch": 31, "time_epoch": 1.73922, "eta": 122.78015, "eta_hours": 0.03411, "loss": 0.69255864, "lr": 0.00078104, "params": 6295, "time_iter": 0.04577, "accuracy": 0.52, "precision": 0.52, "recall": 1.0, "f1": 0.68421, "auc": 0.40937}
{"epoch": 32, "time_epoch": 1.7448, "eta": 120.85113, "eta_hours": 0.03357, "loss": 0.69306084, "lr": 0.00076791, "params": 6295, "time_iter": 0.04592, "accuracy": 0.52, "precision": 0.52, "recall": 1.0, "f1": 0.68421, "auc": 0.39192}
{"epoch": 33, "time_epoch": 1.79278, "eta": 119.02609, "eta_hours": 0.03306, "loss": 0.69275042, "lr": 0.00075452, "params": 6295, "time_iter": 0.04718, "accuracy": 0.52, "precision": 0.52, "recall": 1.0, "f1": 0.68421, "auc": 0.41916}
{"epoch": 34, "time_epoch": 1.78525, "eta": 117.18891, "eta_hours": 0.03255, "loss": 0.69291592, "lr": 0.00074088, "params": 6295, "time_iter": 0.04698, "accuracy": 0.52, "precision": 0.52, "recall": 1.0, "f1": 0.68421, "auc": 0.40901}
{"epoch": 35, "time_epoch": 1.74397, "eta": 115.28122, "eta_hours": 0.03202, "loss": 0.69262364, "lr": 0.000727, "params": 6295, "time_iter": 0.04589, "accuracy": 0.52, "precision": 0.52, "recall": 1.0, "f1": 0.68421, "auc": 0.42486}
{"epoch": 36, "time_epoch": 1.73842, "eta": 113.37294, "eta_hours": 0.03149, "loss": 0.69275319, "lr": 0.00071289, "params": 6295, "time_iter": 0.04575, "accuracy": 0.52, "precision": 0.52, "recall": 1.0, "f1": 0.68421, "auc": 0.40438}
{"epoch": 37, "time_epoch": 1.7368, "eta": 111.47095, "eta_hours": 0.03096, "loss": 0.69247586, "lr": 0.00069857, "params": 6295, "time_iter": 0.04571, "accuracy": 0.52, "precision": 0.52, "recall": 1.0, "f1": 0.68421, "auc": 0.41542}
{"epoch": 38, "time_epoch": 1.73544, "eta": 109.57531, "eta_hours": 0.03044, "loss": 0.69251542, "lr": 0.00068406, "params": 6295, "time_iter": 0.04567, "accuracy": 0.52, "precision": 0.52, "recall": 1.0, "f1": 0.68421, "auc": 0.41898}
{"epoch": 39, "time_epoch": 1.74721, "eta": 107.70534, "eta_hours": 0.02992, "loss": 0.69284607, "lr": 0.00066937, "params": 6295, "time_iter": 0.04598, "accuracy": 0.52, "precision": 0.52, "recall": 1.0, "f1": 0.68421, "auc": 0.38693}
{"epoch": 40, "time_epoch": 1.73707, "eta": 105.82676, "eta_hours": 0.0294, "loss": 0.69255002, "lr": 0.00065451, "params": 6295, "time_iter": 0.04571, "accuracy": 0.52, "precision": 0.52, "recall": 1.0, "f1": 0.68421, "auc": 0.40011}
{"epoch": 41, "time_epoch": 1.73318, "eta": 103.94955, "eta_hours": 0.02887, "loss": 0.69265507, "lr": 0.0006395, "params": 6295, "time_iter": 0.04561, "accuracy": 0.52, "precision": 0.52, "recall": 1.0, "f1": 0.68421, "auc": 0.41756}
{"epoch": 42, "time_epoch": 1.73774, "eta": 102.08508, "eta_hours": 0.02836, "loss": 0.69266801, "lr": 0.00062434, "params": 6295, "time_iter": 0.04573, "accuracy": 0.52, "precision": 0.52, "recall": 1.0, "f1": 0.68421, "auc": 0.38871}
{"epoch": 43, "time_epoch": 1.73735, "eta": 100.22587, "eta_hours": 0.02784, "loss": 0.69247496, "lr": 0.00060907, "params": 6295, "time_iter": 0.04572, "accuracy": 0.52, "precision": 0.52, "recall": 1.0, "f1": 0.68421, "auc": 0.39672}
{"epoch": 44, "time_epoch": 1.78266, "eta": 98.42747, "eta_hours": 0.02734, "loss": 0.6924698, "lr": 0.00059369, "params": 6295, "time_iter": 0.04691, "accuracy": 0.52, "precision": 0.52, "recall": 1.0, "f1": 0.68421, "auc": 0.40954}
{"epoch": 45, "time_epoch": 1.77077, "eta": 96.61578, "eta_hours": 0.02684, "loss": 0.69253479, "lr": 0.00057822, "params": 6295, "time_iter": 0.0466, "accuracy": 0.52, "precision": 0.52, "recall": 1.0, "f1": 0.68421, "auc": 0.42334}
{"epoch": 46, "time_epoch": 1.74467, "eta": 94.77641, "eta_hours": 0.02633, "loss": 0.6926572, "lr": 0.00056267, "params": 6295, "time_iter": 0.04591, "accuracy": 0.52, "precision": 0.52, "recall": 1.0, "f1": 0.68421, "auc": 0.3896}
{"epoch": 47, "time_epoch": 1.73837, "eta": 92.93416, "eta_hours": 0.02582, "loss": 0.69293821, "lr": 0.00054705, "params": 6295, "time_iter": 0.04575, "accuracy": 0.52, "precision": 0.52, "recall": 1.0, "f1": 0.68421, "auc": 0.41702}
{"epoch": 48, "time_epoch": 1.73783, "eta": 91.09559, "eta_hours": 0.0253, "loss": 0.6925828, "lr": 0.0005314, "params": 6295, "time_iter": 0.04573, "accuracy": 0.52, "precision": 0.52, "recall": 1.0, "f1": 0.68421, "auc": 0.42094}
{"epoch": 49, "time_epoch": 1.74597, "eta": 89.26918, "eta_hours": 0.0248, "loss": 0.69262658, "lr": 0.00051571, "params": 6295, "time_iter": 0.04595, "accuracy": 0.52, "precision": 0.52, "recall": 1.0, "f1": 0.68421, "auc": 0.40883}
{"epoch": 50, "time_epoch": 1.7388, "eta": 87.43904, "eta_hours": 0.02429, "loss": 0.69257723, "lr": 0.0005, "params": 6295, "time_iter": 0.04576, "accuracy": 0.52, "precision": 0.52, "recall": 1.0, "f1": 0.68421, "auc": 0.39405}
{"epoch": 51, "time_epoch": 1.75486, "eta": 85.62724, "eta_hours": 0.02379, "loss": 0.6924695, "lr": 0.00048429, "params": 6295, "time_iter": 0.04618, "accuracy": 0.52, "precision": 0.52, "recall": 1.0, "f1": 0.68421, "auc": 0.4188}
{"epoch": 52, "time_epoch": 1.74575, "eta": 83.8095, "eta_hours": 0.02328, "loss": 0.69263398, "lr": 0.0004686, "params": 6295, "time_iter": 0.04594, "accuracy": 0.52, "precision": 0.52, "recall": 1.0, "f1": 0.68421, "auc": 0.38684}
{"epoch": 53, "time_epoch": 1.74125, "eta": 81.9906, "eta_hours": 0.02278, "loss": 0.69278492, "lr": 0.00045295, "params": 6295, "time_iter": 0.04582, "accuracy": 0.52, "precision": 0.52, "recall": 1.0, "f1": 0.68421, "auc": 0.3985}
{"epoch": 54, "time_epoch": 1.78569, "eta": 80.21089, "eta_hours": 0.02228, "loss": 0.6925797, "lr": 0.00043733, "params": 6295, "time_iter": 0.04699, "accuracy": 0.52, "precision": 0.52, "recall": 1.0, "f1": 0.68421, "auc": 0.38301}
{"epoch": 55, "time_epoch": 1.79534, "eta": 78.43854, "eta_hours": 0.02179, "loss": 0.69245097, "lr": 0.00042178, "params": 6295, "time_iter": 0.04725, "accuracy": 0.52, "precision": 0.52, "recall": 1.0, "f1": 0.68421, "auc": 0.4213}
{"epoch": 56, "time_epoch": 1.74134, "eta": 76.62465, "eta_hours": 0.02128, "loss": 0.69254214, "lr": 0.00040631, "params": 6295, "time_iter": 0.04582, "accuracy": 0.52, "precision": 0.52, "recall": 1.0, "f1": 0.68421, "auc": 0.43937}
{"epoch": 57, "time_epoch": 1.75016, "eta": 74.81965, "eta_hours": 0.02078, "loss": 0.69251549, "lr": 0.00039093, "params": 6295, "time_iter": 0.04606, "accuracy": 0.52, "precision": 0.52, "recall": 1.0, "f1": 0.68421, "auc": 0.40856}
{"epoch": 58, "time_epoch": 1.74102, "eta": 73.01015, "eta_hours": 0.02028, "loss": 0.6925231, "lr": 0.00037566, "params": 6295, "time_iter": 0.04582, "accuracy": 0.52, "precision": 0.52, "recall": 1.0, "f1": 0.68421, "auc": 0.41435}
{"epoch": 59, "time_epoch": 1.74526, "eta": 71.20577, "eta_hours": 0.01978, "loss": 0.69246687, "lr": 0.0003605, "params": 6295, "time_iter": 0.04593, "accuracy": 0.52, "precision": 0.52, "recall": 1.0, "f1": 0.68421, "auc": 0.41613}
{"epoch": 60, "time_epoch": 1.73828, "eta": 69.39886, "eta_hours": 0.01928, "loss": 0.69245605, "lr": 0.00034549, "params": 6295, "time_iter": 0.04574, "accuracy": 0.52, "precision": 0.52, "recall": 1.0, "f1": 0.68421, "auc": 0.42254}
{"epoch": 61, "time_epoch": 1.73919, "eta": 67.59472, "eta_hours": 0.01878, "loss": 0.69277436, "lr": 0.00033063, "params": 6295, "time_iter": 0.04577, "accuracy": 0.52, "precision": 0.52, "recall": 1.0, "f1": 0.68421, "auc": 0.37785}
{"epoch": 62, "time_epoch": 1.74927, "eta": 65.79856, "eta_hours": 0.01828, "loss": 0.69264711, "lr": 0.00031594, "params": 6295, "time_iter": 0.04603, "accuracy": 0.52, "precision": 0.52, "recall": 1.0, "f1": 0.68421, "auc": 0.40509}
{"epoch": 63, "time_epoch": 1.73159, "eta": 63.99392, "eta_hours": 0.01778, "loss": 0.69245553, "lr": 0.00030143, "params": 6295, "time_iter": 0.04557, "accuracy": 0.52, "precision": 0.52, "recall": 1.0, "f1": 0.68421, "auc": 0.388}
{"epoch": 64, "time_epoch": 1.76837, "eta": 62.21134, "eta_hours": 0.01728, "loss": 0.69249324, "lr": 0.00028711, "params": 6295, "time_iter": 0.04654, "accuracy": 0.52, "precision": 0.52, "recall": 1.0, "f1": 0.68421, "auc": 0.40678}
{"epoch": 65, "time_epoch": 1.79137, "eta": 60.44103, "eta_hours": 0.01679, "loss": 0.69254216, "lr": 0.000273, "params": 6295, "time_iter": 0.04714, "accuracy": 0.52, "precision": 0.52, "recall": 1.0, "f1": 0.68421, "auc": 0.41168}
{"epoch": 66, "time_epoch": 1.75736, "eta": 58.65335, "eta_hours": 0.01629, "loss": 0.69248274, "lr": 0.00025912, "params": 6295, "time_iter": 0.04625, "accuracy": 0.52, "precision": 0.52, "recall": 1.0, "f1": 0.68421, "auc": 0.4188}
{"epoch": 67, "time_epoch": 1.74112, "eta": 56.85891, "eta_hours": 0.01579, "loss": 0.69254273, "lr": 0.00024548, "params": 6295, "time_iter": 0.04582, "accuracy": 0.52, "precision": 0.52, "recall": 1.0, "f1": 0.68421, "auc": 0.40385}
{"epoch": 68, "time_epoch": 1.73671, "eta": 55.06404, "eta_hours": 0.0153, "loss": 0.69250163, "lr": 0.00023209, "params": 6295, "time_iter": 0.0457, "accuracy": 0.52, "precision": 0.52, "recall": 1.0, "f1": 0.68421, "auc": 0.40892}
{"epoch": 69, "time_epoch": 1.74344, "eta": 53.27372, "eta_hours": 0.0148, "loss": 0.69246271, "lr": 0.00021896, "params": 6295, "time_iter": 0.04588, "accuracy": 0.52, "precision": 0.52, "recall": 1.0, "f1": 0.68421, "auc": 0.40278}
{"epoch": 70, "time_epoch": 1.74609, "eta": 51.4858, "eta_hours": 0.0143, "loss": 0.69238859, "lr": 0.00020611, "params": 6295, "time_iter": 0.04595, "accuracy": 0.52, "precision": 0.52, "recall": 1.0, "f1": 0.68421, "auc": 0.42842}
{"epoch": 71, "time_epoch": 1.73806, "eta": 49.69591, "eta_hours": 0.0138, "loss": 0.69239922, "lr": 0.00019355, "params": 6295, "time_iter": 0.04574, "accuracy": 0.52, "precision": 0.52, "recall": 1.0, "f1": 0.68421, "auc": 0.40803}
{"epoch": 72, "time_epoch": 1.73696, "eta": 47.90704, "eta_hours": 0.01331, "loss": 0.69238127, "lr": 0.00018129, "params": 6295, "time_iter": 0.04571, "accuracy": 0.52, "precision": 0.52, "recall": 1.0, "f1": 0.68421, "auc": 0.43145}
{"epoch": 73, "time_epoch": 1.73812, "eta": 46.11998, "eta_hours": 0.01281, "loss": 0.69241844, "lr": 0.00016934, "params": 6295, "time_iter": 0.04574, "accuracy": 0.52, "precision": 0.52, "recall": 1.0, "f1": 0.68421, "auc": 0.39833}
{"epoch": 74, "time_epoch": 1.73866, "eta": 44.33441, "eta_hours": 0.01232, "loss": 0.69237797, "lr": 0.00015773, "params": 6295, "time_iter": 0.04575, "accuracy": 0.52, "precision": 0.52, "recall": 1.0, "f1": 0.68421, "auc": 0.43946}
{"epoch": 75, "time_epoch": 1.73437, "eta": 42.54872, "eta_hours": 0.01182, "loss": 0.69250346, "lr": 0.00014645, "params": 6295, "time_iter": 0.04564, "accuracy": 0.52, "precision": 0.52, "recall": 1.0, "f1": 0.68421, "auc": 0.38568}
{"epoch": 76, "time_epoch": 1.72328, "eta": 40.76104, "eta_hours": 0.01132, "loss": 0.69244367, "lr": 0.00013552, "params": 6295, "time_iter": 0.04535, "accuracy": 0.52, "precision": 0.52, "recall": 1.0, "f1": 0.68421, "auc": 0.4294}
{"epoch": 77, "time_epoch": 1.73429, "eta": 38.97813, "eta_hours": 0.01083, "loss": 0.69236776, "lr": 0.00012494, "params": 6295, "time_iter": 0.04564, "accuracy": 0.52, "precision": 0.52, "recall": 1.0, "f1": 0.68421, "auc": 0.44685}
{"epoch": 78, "time_epoch": 1.7342, "eta": 37.19642, "eta_hours": 0.01033, "loss": 0.69238756, "lr": 0.00011474, "params": 6295, "time_iter": 0.04564, "accuracy": 0.52, "precision": 0.52, "recall": 1.0, "f1": 0.68421, "auc": 0.43625}
{"epoch": 79, "time_epoch": 1.73238, "eta": 35.41544, "eta_hours": 0.00984, "loss": 0.69238107, "lr": 0.00010492, "params": 6295, "time_iter": 0.04559, "accuracy": 0.52, "precision": 0.52, "recall": 1.0, "f1": 0.68421, "auc": 0.44249}
{"epoch": 80, "time_epoch": 1.73696, "eta": 33.63674, "eta_hours": 0.00934, "loss": 0.6923673, "lr": 9.549e-05, "params": 6295, "time_iter": 0.04571, "accuracy": 0.52, "precision": 0.52, "recall": 1.0, "f1": 0.68421, "auc": 0.41836}
{"epoch": 81, "time_epoch": 1.72996, "eta": 31.85752, "eta_hours": 0.00885, "loss": 0.69243058, "lr": 8.646e-05, "params": 6295, "time_iter": 0.04553, "accuracy": 0.52, "precision": 0.52, "recall": 1.0, "f1": 0.68421, "auc": 0.39779}
{"epoch": 82, "time_epoch": 1.8136, "eta": 30.09661, "eta_hours": 0.00836, "loss": 0.69244259, "lr": 7.784e-05, "params": 6295, "time_iter": 0.04773, "accuracy": 0.52, "precision": 0.52, "recall": 1.0, "f1": 0.68421, "auc": 0.41613}
{"epoch": 83, "time_epoch": 1.83226, "eta": 28.33801, "eta_hours": 0.00787, "loss": 0.6923781, "lr": 6.963e-05, "params": 6295, "time_iter": 0.04822, "accuracy": 0.52, "precision": 0.52, "recall": 1.0, "f1": 0.68421, "auc": 0.41871}
{"epoch": 84, "time_epoch": 1.82656, "eta": 26.57667, "eta_hours": 0.00738, "loss": 0.69235786, "lr": 6.185e-05, "params": 6295, "time_iter": 0.04807, "accuracy": 0.52, "precision": 0.52, "recall": 1.0, "f1": 0.68421, "auc": 0.42201}
{"epoch": 85, "time_epoch": 1.84617, "eta": 24.817, "eta_hours": 0.00689, "loss": 0.69237796, "lr": 5.45e-05, "params": 6295, "time_iter": 0.04858, "accuracy": 0.52, "precision": 0.52, "recall": 1.0, "f1": 0.68421, "auc": 0.37731}
{"epoch": 86, "time_epoch": 1.86182, "eta": 23.05768, "eta_hours": 0.0064, "loss": 0.69236048, "lr": 4.759e-05, "params": 6295, "time_iter": 0.049, "accuracy": 0.52, "precision": 0.52, "recall": 1.0, "f1": 0.68421, "auc": 0.39129}
{"epoch": 87, "time_epoch": 1.84599, "eta": 21.29388, "eta_hours": 0.00591, "loss": 0.6923619, "lr": 4.112e-05, "params": 6295, "time_iter": 0.04858, "accuracy": 0.52, "precision": 0.52, "recall": 1.0, "f1": 0.68421, "auc": 0.43403}
{"epoch": 88, "time_epoch": 1.8228, "eta": 19.52536, "eta_hours": 0.00542, "loss": 0.69235429, "lr": 3.511e-05, "params": 6295, "time_iter": 0.04797, "accuracy": 0.52, "precision": 0.52, "recall": 1.0, "f1": 0.68421, "auc": 0.45085}
{"epoch": 89, "time_epoch": 1.83082, "eta": 17.75652, "eta_hours": 0.00493, "loss": 0.69236991, "lr": 2.956e-05, "params": 6295, "time_iter": 0.04818, "accuracy": 0.52, "precision": 0.52, "recall": 1.0, "f1": 0.68421, "auc": 0.38141}
{"epoch": 90, "time_epoch": 1.82743, "eta": 15.98599, "eta_hours": 0.00444, "loss": 0.69236915, "lr": 2.447e-05, "params": 6295, "time_iter": 0.04809, "accuracy": 0.52, "precision": 0.52, "recall": 1.0, "f1": 0.68421, "auc": 0.42762}
{"epoch": 91, "time_epoch": 1.82983, "eta": 14.21443, "eta_hours": 0.00395, "loss": 0.69235299, "lr": 1.985e-05, "params": 6295, "time_iter": 0.04815, "accuracy": 0.52, "precision": 0.52, "recall": 1.0, "f1": 0.68421, "auc": 0.43608}
{"epoch": 92, "time_epoch": 1.82404, "eta": 12.44118, "eta_hours": 0.00346, "loss": 0.69235162, "lr": 1.571e-05, "params": 6295, "time_iter": 0.048, "accuracy": 0.52, "precision": 0.52, "recall": 1.0, "f1": 0.68421, "auc": 0.47979}
{"epoch": 93, "time_epoch": 1.8123, "eta": 10.6661, "eta_hours": 0.00296, "loss": 0.69235401, "lr": 1.204e-05, "params": 6295, "time_iter": 0.04769, "accuracy": 0.52, "precision": 0.52, "recall": 1.0, "f1": 0.68421, "auc": 0.3904}
{"epoch": 94, "time_epoch": 1.81945, "eta": 8.89062, "eta_hours": 0.00247, "loss": 0.69235458, "lr": 8.86e-06, "params": 6295, "time_iter": 0.04788, "accuracy": 0.52, "precision": 0.52, "recall": 1.0, "f1": 0.68421, "auc": 0.39993}
{"epoch": 95, "time_epoch": 1.84817, "eta": 7.11541, "eta_hours": 0.00198, "loss": 0.69235223, "lr": 6.16e-06, "params": 6295, "time_iter": 0.04864, "accuracy": 0.52, "precision": 0.52, "recall": 1.0, "f1": 0.68421, "auc": 0.42058}
{"epoch": 96, "time_epoch": 1.84485, "eta": 5.3386, "eta_hours": 0.00148, "loss": 0.69234448, "lr": 3.94e-06, "params": 6295, "time_iter": 0.04855, "accuracy": 0.52, "precision": 0.52, "recall": 1.0, "f1": 0.68421, "auc": 0.5455}
{"epoch": 97, "time_epoch": 1.81721, "eta": 3.55984, "eta_hours": 0.00099, "loss": 0.69234797, "lr": 2.22e-06, "params": 6295, "time_iter": 0.04782, "accuracy": 0.52, "precision": 0.52, "recall": 1.0, "f1": 0.68421, "auc": 0.4886}
{"epoch": 98, "time_epoch": 1.81817, "eta": 1.7803, "eta_hours": 0.00049, "loss": 0.69235001, "lr": 9.9e-07, "params": 6295, "time_iter": 0.04785, "accuracy": 0.52, "precision": 0.52, "recall": 1.0, "f1": 0.68421, "auc": 0.45994}
{"epoch": 99, "time_epoch": 1.82355, "eta": 0.0, "eta_hours": 0.0, "loss": 0.69234685, "lr": 2.5e-07, "params": 6295, "time_iter": 0.04799, "accuracy": 0.52, "precision": 0.52, "recall": 1.0, "f1": 0.68421, "auc": 0.49751}
