{"epoch": 0, "time_epoch": 43.00331, "eta": 4257.32726, "eta_hours": 1.18259, "loss": 0.69392594, "lr": 0.001, "params": 3973, "time_iter": 4.30033, "accuracy": 0.52, "precision": 0.52, "recall": 1.0, "f1": 0.68421, "auc": 0.44747}
{"epoch": 1, "time_epoch": 42.96753, "eta": 4212.57073, "eta_hours": 1.17016, "loss": 0.6925683, "lr": 0.00099975, "params": 3973, "time_iter": 4.29675, "accuracy": 0.52, "precision": 0.52, "recall": 1.0, "f1": 0.68421, "auc": 0.49217}
{"epoch": 2, "time_epoch": 42.90812, "eta": 4167.08612, "eta_hours": 1.15752, "loss": 0.69255414, "lr": 0.00099901, "params": 3973, "time_iter": 4.29081, "accuracy": 0.52, "precision": 0.52, "recall": 1.0, "f1": 0.68421, "auc": 0.47258}
{"epoch": 3, "time_epoch": 42.90677, "eta": 4122.85729, "eta_hours": 1.14524, "loss": 0.69284662, "lr": 0.00099778, "params": 3973, "time_iter": 4.29068, "accuracy": 0.52, "precision": 0.52, "recall": 1.0, "f1": 0.68421, "auc": 0.4302}
{"epoch": 4, "time_epoch": 42.8783, "eta": 4078.61639, "eta_hours": 1.13295, "loss": 0.69244746, "lr": 0.00099606, "params": 3973, "time_iter": 4.28783, "accuracy": 0.52, "precision": 0.52, "recall": 1.0, "f1": 0.68421, "auc": 0.45255}
{"epoch": 5, "time_epoch": 42.89413, "eta": 4035.07771, "eta_hours": 1.12085, "loss": 0.69238774, "lr": 0.00099384, "params": 3973, "time_iter": 4.28941, "accuracy": 0.52, "precision": 0.52, "recall": 1.0, "f1": 0.68421, "auc": 0.47436}
{"epoch": 6, "time_epoch": 42.88058, "eta": 3991.54314, "eta_hours": 1.10876, "loss": 0.69296389, "lr": 0.00099114, "params": 3973, "time_iter": 4.28806, "accuracy": 0.52, "precision": 0.52, "recall": 1.0, "f1": 0.68421, "auc": 0.42468}
{"epoch": 7, "time_epoch": 42.89665, "eta": 3948.35694, "eta_hours": 1.09677, "loss": 0.69272207, "lr": 0.00098796, "params": 3973, "time_iter": 4.28967, "accuracy": 0.52, "precision": 0.52, "recall": 1.0, "f1": 0.68421, "auc": 0.44266}
{"epoch": 8, "time_epoch": 42.94848, "eta": 3905.75905, "eta_hours": 1.08493, "loss": 0.69286391, "lr": 0.00098429, "params": 3973, "time_iter": 4.29485, "accuracy": 0.52, "precision": 0.52, "recall": 1.0, "f1": 0.68421, "auc": 0.42575}
{"epoch": 9, "time_epoch": 42.9026, "eta": 3862.67812, "eta_hours": 1.07297, "loss": 0.69247222, "lr": 0.00098015, "params": 3973, "time_iter": 4.29026, "accuracy": 0.52, "precision": 0.52, "recall": 1.0, "f1": 0.68421, "auc": 0.45851}
{"epoch": 10, "time_epoch": 42.9602, "eta": 3820.09565, "eta_hours": 1.06114, "loss": 0.69260292, "lr": 0.00097553, "params": 3973, "time_iter": 4.29602, "accuracy": 0.52, "precision": 0.52, "recall": 1.0, "f1": 0.68421, "auc": 0.46563}
{"epoch": 11, "time_epoch": 42.86961, "eta": 3776.78591, "eta_hours": 1.04911, "loss": 0.69252986, "lr": 0.00097044, "params": 3973, "time_iter": 4.28696, "accuracy": 0.52, "precision": 0.52, "recall": 1.0, "f1": 0.68421, "auc": 0.40296}
{"epoch": 12, "time_epoch": 42.9325, "eta": 3733.96478, "eta_hours": 1.03721, "loss": 0.69281837, "lr": 0.00096489, "params": 3973, "time_iter": 4.29325, "accuracy": 0.52, "precision": 0.52, "recall": 1.0, "f1": 0.68421, "auc": 0.42931}
{"epoch": 13, "time_epoch": 42.92025, "eta": 3691.05249, "eta_hours": 1.02529, "loss": 0.69289819, "lr": 0.00095888, "params": 3973, "time_iter": 4.29203, "accuracy": 0.52, "precision": 0.52, "recall": 1.0, "f1": 0.68421, "auc": 0.45281}
{"epoch": 14, "time_epoch": 42.92194, "eta": 3648.14875, "eta_hours": 1.01337, "loss": 0.6926228, "lr": 0.00095241, "params": 3973, "time_iter": 4.29219, "accuracy": 0.52, "precision": 0.52, "recall": 1.0, "f1": 0.68421, "auc": 0.45833}
{"epoch": 15, "time_epoch": 43.23677, "eta": 3606.89556, "eta_hours": 1.00192, "loss": 0.69259138, "lr": 0.0009455, "params": 3973, "time_iter": 4.32368, "accuracy": 0.52, "precision": 0.52, "recall": 1.0, "f1": 0.68421, "auc": 0.42593}
{"epoch": 16, "time_epoch": 42.9328, "eta": 3563.92491, "eta_hours": 0.98998, "loss": 0.69271573, "lr": 0.00093815, "params": 3973, "time_iter": 4.29328, "accuracy": 0.52, "precision": 0.52, "recall": 1.0, "f1": 0.68421, "auc": 0.43714}
{"epoch": 17, "time_epoch": 42.91222, "eta": 3520.86472, "eta_hours": 0.97802, "loss": 0.6925498, "lr": 0.00093037, "params": 3973, "time_iter": 4.29122, "accuracy": 0.52, "precision": 0.52, "recall": 1.0, "f1": 0.68421, "auc": 0.51282}
{"epoch": 18, "time_epoch": 42.89049, "eta": 3477.72748, "eta_hours": 0.96604, "loss": 0.69279464, "lr": 0.00092216, "params": 3973, "time_iter": 4.28905, "accuracy": 0.52, "precision": 0.52, "recall": 1.0, "f1": 0.68421, "auc": 0.42219}
{"epoch": 19, "time_epoch": 42.93884, "eta": 3434.80831, "eta_hours": 0.95411, "loss": 0.69285107, "lr": 0.00091354, "params": 3973, "time_iter": 4.29388, "accuracy": 0.52, "precision": 0.52, "recall": 1.0, "f1": 0.68421, "auc": 0.44249}
{"epoch": 20, "time_epoch": 42.91857, "eta": 3391.81102, "eta_hours": 0.94217, "loss": 0.69270677, "lr": 0.00090451, "params": 3973, "time_iter": 4.29186, "accuracy": 0.52, "precision": 0.52, "recall": 1.0, "f1": 0.68421, "auc": 0.4489}
{"epoch": 21, "time_epoch": 42.9208, "eta": 3348.8288, "eta_hours": 0.93023, "loss": 0.69251042, "lr": 0.00089508, "params": 3973, "time_iter": 4.29208, "accuracy": 0.52, "precision": 0.52, "recall": 1.0, "f1": 0.68421, "auc": 0.50623}
{"epoch": 22, "time_epoch": 42.89762, "eta": 3305.77429, "eta_hours": 0.91827, "loss": 0.69253703, "lr": 0.00088526, "params": 3973, "time_iter": 4.28976, "accuracy": 0.52, "precision": 0.52, "recall": 1.0, "f1": 0.68421, "auc": 0.3734}
{"epoch": 23, "time_epoch": 42.93001, "eta": 3262.83545, "eta_hours": 0.90634, "loss": 0.69254909, "lr": 0.00087506, "params": 3973, "time_iter": 4.293, "accuracy": 0.52, "precision": 0.52, "recall": 1.0, "f1": 0.68421, "auc": 0.45744}
{"epoch": 24, "time_epoch": 42.98084, "eta": 3220.0498, "eta_hours": 0.89446, "loss": 0.69257132, "lr": 0.00086448, "params": 3973, "time_iter": 4.29808, "accuracy": 0.52, "precision": 0.52, "recall": 1.0, "f1": 0.68421, "auc": 0.42236}
{"epoch": 25, "time_epoch": 42.97825, "eta": 3177.24176, "eta_hours": 0.88257, "loss": 0.69269403, "lr": 0.00085355, "params": 3973, "time_iter": 4.29783, "accuracy": 0.52, "precision": 0.52, "recall": 1.0, "f1": 0.68421, "auc": 0.33716}
{"epoch": 26, "time_epoch": 42.95972, "eta": 3134.37101, "eta_hours": 0.87066, "loss": 0.69249471, "lr": 0.00084227, "params": 3973, "time_iter": 4.29597, "accuracy": 0.52, "precision": 0.52, "recall": 1.0, "f1": 0.68421, "auc": 0.45103}
{"epoch": 27, "time_epoch": 42.99335, "eta": 3091.58038, "eta_hours": 0.85877, "loss": 0.69271718, "lr": 0.00083066, "params": 3973, "time_iter": 4.29934, "accuracy": 0.52, "precision": 0.52, "recall": 1.0, "f1": 0.68421, "auc": 0.33992}
{"epoch": 28, "time_epoch": 42.92983, "eta": 3048.62025, "eta_hours": 0.84684, "loss": 0.69250437, "lr": 0.00081871, "params": 3973, "time_iter": 4.29298, "accuracy": 0.52, "precision": 0.52, "recall": 1.0, "f1": 0.68421, "auc": 0.44925}
{"epoch": 29, "time_epoch": 42.98136, "eta": 3005.78237, "eta_hours": 0.83494, "loss": 0.69245274, "lr": 0.00080645, "params": 3973, "time_iter": 4.29814, "accuracy": 0.52, "precision": 0.52, "recall": 1.0, "f1": 0.68421, "auc": 0.47382}
{"epoch": 30, "time_epoch": 42.92794, "eta": 2962.81633, "eta_hours": 0.823, "loss": 0.69259876, "lr": 0.00079389, "params": 3973, "time_iter": 4.29279, "accuracy": 0.52, "precision": 0.52, "recall": 1.0, "f1": 0.68421, "auc": 0.37269}
{"epoch": 31, "time_epoch": 42.95163, "eta": 2919.90301, "eta_hours": 0.81108, "loss": 0.69249339, "lr": 0.00078104, "params": 3973, "time_iter": 4.29516, "accuracy": 0.52, "precision": 0.52, "recall": 1.0, "f1": 0.68421, "auc": 0.40082}
{"epoch": 32, "time_epoch": 42.98271, "eta": 2877.05049, "eta_hours": 0.79918, "loss": 0.69237249, "lr": 0.00076791, "params": 3973, "time_iter": 4.29827, "accuracy": 0.52, "precision": 0.52, "recall": 1.0, "f1": 0.68421, "auc": 0.51834}
{"epoch": 33, "time_epoch": 42.98648, "eta": 2834.19763, "eta_hours": 0.78728, "loss": 0.69254217, "lr": 0.00075452, "params": 3973, "time_iter": 4.29865, "accuracy": 0.52, "precision": 0.52, "recall": 1.0, "f1": 0.68421, "auc": 0.40474}
{"epoch": 34, "time_epoch": 42.95559, "eta": 2791.27976, "eta_hours": 0.77536, "loss": 0.69246775, "lr": 0.00074088, "params": 3973, "time_iter": 4.29556, "accuracy": 0.52, "precision": 0.52, "recall": 1.0, "f1": 0.68421, "auc": 0.44649}
{"epoch": 35, "time_epoch": 42.95104, "eta": 2748.3517, "eta_hours": 0.76343, "loss": 0.69245847, "lr": 0.000727, "params": 3973, "time_iter": 4.2951, "accuracy": 0.52, "precision": 0.52, "recall": 1.0, "f1": 0.68421, "auc": 0.45353}
{"epoch": 36, "time_epoch": 42.95911, "eta": 2705.43614, "eta_hours": 0.75151, "loss": 0.69236387, "lr": 0.00071289, "params": 3973, "time_iter": 4.29591, "accuracy": 0.52, "precision": 0.52, "recall": 1.0, "f1": 0.68421, "auc": 0.49519}
{"epoch": 37, "time_epoch": 42.98575, "eta": 2662.56176, "eta_hours": 0.7396, "loss": 0.69250607, "lr": 0.00069857, "params": 3973, "time_iter": 4.29858, "accuracy": 0.52, "precision": 0.52, "recall": 1.0, "f1": 0.68421, "auc": 0.3742}
{"epoch": 38, "time_epoch": 42.93048, "eta": 2619.59522, "eta_hours": 0.72767, "loss": 0.69258337, "lr": 0.00068406, "params": 3973, "time_iter": 4.29305, "accuracy": 0.52, "precision": 0.52, "recall": 1.0, "f1": 0.68421, "auc": 0.44249}
{"epoch": 39, "time_epoch": 42.93293, "eta": 2576.63416, "eta_hours": 0.71573, "loss": 0.69238659, "lr": 0.00066937, "params": 3973, "time_iter": 4.29329, "accuracy": 0.52, "precision": 0.52, "recall": 1.0, "f1": 0.68421, "auc": 0.49804}
{"epoch": 40, "time_epoch": 42.95191, "eta": 2533.70178, "eta_hours": 0.70381, "loss": 0.69242573, "lr": 0.00065451, "params": 3973, "time_iter": 4.29519, "accuracy": 0.52, "precision": 0.52, "recall": 1.0, "f1": 0.68421, "auc": 0.47258}
{"epoch": 41, "time_epoch": 42.9388, "eta": 2490.75037, "eta_hours": 0.69188, "loss": 0.69242418, "lr": 0.0006395, "params": 3973, "time_iter": 4.29388, "accuracy": 0.52, "precision": 0.52, "recall": 1.0, "f1": 0.68421, "auc": 0.44729}
{"epoch": 42, "time_epoch": 43.01112, "eta": 2447.89541, "eta_hours": 0.67997, "loss": 0.69241569, "lr": 0.00062434, "params": 3973, "time_iter": 4.30111, "accuracy": 0.52, "precision": 0.52, "recall": 1.0, "f1": 0.68421, "auc": 0.47801}
{"epoch": 43, "time_epoch": 42.94846, "eta": 2404.9536, "eta_hours": 0.66804, "loss": 0.6923596, "lr": 0.00060907, "params": 3973, "time_iter": 4.29485, "accuracy": 0.52, "precision": 0.52, "recall": 1.0, "f1": 0.68421, "auc": 0.5057}
{"epoch": 44, "time_epoch": 42.94687, "eta": 2362.00955, "eta_hours": 0.65611, "loss": 0.69236776, "lr": 0.00059369, "params": 3973, "time_iter": 4.29469, "accuracy": 0.52, "precision": 0.52, "recall": 1.0, "f1": 0.68421, "auc": 0.48326}
{"epoch": 45, "time_epoch": 42.9462, "eta": 2319.06459, "eta_hours": 0.64418, "loss": 0.6923834, "lr": 0.00057822, "params": 3973, "time_iter": 4.29462, "accuracy": 0.52, "precision": 0.52, "recall": 1.0, "f1": 0.68421, "auc": 0.4984}
{"epoch": 46, "time_epoch": 42.92669, "eta": 2276.09759, "eta_hours": 0.63225, "loss": 0.69248775, "lr": 0.00056267, "params": 3973, "time_iter": 4.29267, "accuracy": 0.52, "precision": 0.52, "recall": 1.0, "f1": 0.68421, "auc": 0.39245}
{"epoch": 47, "time_epoch": 43.48299, "eta": 2233.73492, "eta_hours": 0.62048, "loss": 0.69250203, "lr": 0.00054705, "params": 3973, "time_iter": 4.3483, "accuracy": 0.52, "precision": 0.52, "recall": 1.0, "f1": 0.68421, "auc": 0.40883}
{"epoch": 48, "time_epoch": 42.9659, "eta": 2190.78832, "eta_hours": 0.60855, "loss": 0.69240875, "lr": 0.0005314, "params": 3973, "time_iter": 4.29659, "accuracy": 0.52, "precision": 0.52, "recall": 1.0, "f1": 0.68421, "auc": 0.44008}
{"epoch": 49, "time_epoch": 42.99001, "eta": 2147.86506, "eta_hours": 0.59663, "loss": 0.69242216, "lr": 0.00051571, "params": 3973, "time_iter": 4.299, "accuracy": 0.52, "precision": 0.52, "recall": 1.0, "f1": 0.68421, "auc": 0.487}
{"epoch": 50, "time_epoch": 42.95002, "eta": 2104.90077, "eta_hours": 0.58469, "loss": 0.69246504, "lr": 0.0005, "params": 3973, "time_iter": 4.295, "accuracy": 0.52, "precision": 0.52, "recall": 1.0, "f1": 0.68421, "auc": 0.42165}
{"epoch": 51, "time_epoch": 42.9566, "eta": 2061.9431, "eta_hours": 0.57276, "loss": 0.69254361, "lr": 0.00048429, "params": 3973, "time_iter": 4.29566, "accuracy": 0.52, "precision": 0.52, "recall": 1.0, "f1": 0.68421, "auc": 0.38675}
{"epoch": 52, "time_epoch": 42.95149, "eta": 2018.98093, "eta_hours": 0.56083, "loss": 0.69241525, "lr": 0.0004686, "params": 3973, "time_iter": 4.29515, "accuracy": 0.52, "precision": 0.52, "recall": 1.0, "f1": 0.68421, "auc": 0.45014}
{"epoch": 53, "time_epoch": 42.99226, "eta": 1976.05389, "eta_hours": 0.5489, "loss": 0.69245477, "lr": 0.00045295, "params": 3973, "time_iter": 4.29923, "accuracy": 0.52, "precision": 0.52, "recall": 1.0, "f1": 0.68421, "auc": 0.41613}
{"epoch": 54, "time_epoch": 42.95641, "eta": 1933.09515, "eta_hours": 0.53697, "loss": 0.69246674, "lr": 0.00043733, "params": 3973, "time_iter": 4.29564, "accuracy": 0.52, "precision": 0.52, "recall": 1.0, "f1": 0.68421, "auc": 0.45762}
{"epoch": 55, "time_epoch": 42.94342, "eta": 1890.12628, "eta_hours": 0.52504, "loss": 0.69240532, "lr": 0.00042178, "params": 3973, "time_iter": 4.29434, "accuracy": 0.52, "precision": 0.52, "recall": 1.0, "f1": 0.68421, "auc": 0.47525}
{"epoch": 56, "time_epoch": 42.96643, "eta": 1847.17566, "eta_hours": 0.5131, "loss": 0.69245675, "lr": 0.00040631, "params": 3973, "time_iter": 4.29664, "accuracy": 0.52, "precision": 0.52, "recall": 1.0, "f1": 0.68421, "auc": 0.34509}
{"epoch": 57, "time_epoch": 42.96173, "eta": 1804.2211, "eta_hours": 0.50117, "loss": 0.69286299, "lr": 0.00039093, "params": 3973, "time_iter": 4.29617, "accuracy": 0.52, "precision": 0.52, "recall": 1.0, "f1": 0.68421, "auc": 0.37696}
{"epoch": 58, "time_epoch": 42.95317, "eta": 1761.26034, "eta_hours": 0.48924, "loss": 0.69239988, "lr": 0.00037566, "params": 3973, "time_iter": 4.29532, "accuracy": 0.52, "precision": 0.52, "recall": 1.0, "f1": 0.68421, "auc": 0.46047}
{"epoch": 59, "time_epoch": 42.95727, "eta": 1718.30257, "eta_hours": 0.47731, "loss": 0.69239314, "lr": 0.0003605, "params": 3973, "time_iter": 4.29573, "accuracy": 0.52, "precision": 0.52, "recall": 1.0, "f1": 0.68421, "auc": 0.45237}
{"epoch": 60, "time_epoch": 43.01898, "eta": 1675.38428, "eta_hours": 0.46538, "loss": 0.69241355, "lr": 0.00034549, "params": 3973, "time_iter": 4.3019, "accuracy": 0.52, "precision": 0.52, "recall": 1.0, "f1": 0.68421, "auc": 0.39842}
{"epoch": 61, "time_epoch": 42.96863, "eta": 1632.43187, "eta_hours": 0.45345, "loss": 0.69237702, "lr": 0.00033063, "params": 3973, "time_iter": 4.29686, "accuracy": 0.52, "precision": 0.52, "recall": 1.0, "f1": 0.68421, "auc": 0.45121}
{"epoch": 62, "time_epoch": 42.99429, "eta": 1589.49402, "eta_hours": 0.44153, "loss": 0.69243575, "lr": 0.00031594, "params": 3973, "time_iter": 4.29943, "accuracy": 0.52, "precision": 0.52, "recall": 1.0, "f1": 0.68421, "auc": 0.37384}
{"epoch": 63, "time_epoch": 42.96451, "eta": 1546.53765, "eta_hours": 0.42959, "loss": 0.69240127, "lr": 0.00030143, "params": 3973, "time_iter": 4.29645, "accuracy": 0.52, "precision": 0.52, "recall": 1.0, "f1": 0.68421, "auc": 0.4278}
{"epoch": 64, "time_epoch": 42.93319, "eta": 1503.56417, "eta_hours": 0.41766, "loss": 0.69238293, "lr": 0.00028711, "params": 3973, "time_iter": 4.29332, "accuracy": 0.52, "precision": 0.52, "recall": 1.0, "f1": 0.68421, "auc": 0.42851}
{"epoch": 65, "time_epoch": 42.9632, "eta": 1460.60737, "eta_hours": 0.40572, "loss": 0.69236646, "lr": 0.000273, "params": 3973, "time_iter": 4.29632, "accuracy": 0.52, "precision": 0.52, "recall": 1.0, "f1": 0.68421, "auc": 0.49038}
{"epoch": 66, "time_epoch": 42.97264, "eta": 1417.65503, "eta_hours": 0.39379, "loss": 0.69238482, "lr": 0.00025912, "params": 3973, "time_iter": 4.29726, "accuracy": 0.52, "precision": 0.52, "recall": 1.0, "f1": 0.68421, "auc": 0.41952}
{"epoch": 67, "time_epoch": 42.98184, "eta": 1374.70642, "eta_hours": 0.38186, "loss": 0.69236448, "lr": 0.00024548, "params": 3973, "time_iter": 4.29818, "accuracy": 0.52, "precision": 0.52, "recall": 1.0, "f1": 0.68421, "auc": 0.47979}
{"epoch": 68, "time_epoch": 42.99567, "eta": 1331.76306, "eta_hours": 0.36993, "loss": 0.69233326, "lr": 0.00023209, "params": 3973, "time_iter": 4.29957, "accuracy": 0.52, "precision": 0.52, "recall": 1.0, "f1": 0.68421, "auc": 0.52208}
{"epoch": 69, "time_epoch": 42.97999, "eta": 1288.81149, "eta_hours": 0.358, "loss": 0.69237758, "lr": 0.00021896, "params": 3973, "time_iter": 4.298, "accuracy": 0.52, "precision": 0.52, "recall": 1.0, "f1": 0.68421, "auc": 0.46368}
{"epoch": 70, "time_epoch": 42.95204, "eta": 1245.84769, "eta_hours": 0.34607, "loss": 0.69235935, "lr": 0.00020611, "params": 3973, "time_iter": 4.2952, "accuracy": 0.52, "precision": 0.52, "recall": 1.0, "f1": 0.68421, "auc": 0.50801}
{"epoch": 71, "time_epoch": 42.9814, "eta": 1202.89565, "eta_hours": 0.33414, "loss": 0.69237702, "lr": 0.00019355, "params": 3973, "time_iter": 4.29814, "accuracy": 0.52, "precision": 0.52, "recall": 1.0, "f1": 0.68421, "auc": 0.45201}
{"epoch": 72, "time_epoch": 42.99234, "eta": 1159.94685, "eta_hours": 0.32221, "loss": 0.69235951, "lr": 0.00018129, "params": 3973, "time_iter": 4.29923, "accuracy": 0.52, "precision": 0.52, "recall": 1.0, "f1": 0.68421, "auc": 0.48798}
{"epoch": 73, "time_epoch": 43.24391, "eta": 1117.08525, "eta_hours": 0.3103, "loss": 0.69242869, "lr": 0.00016934, "params": 3973, "time_iter": 4.32439, "accuracy": 0.52, "precision": 0.52, "recall": 1.0, "f1": 0.68421, "auc": 0.414}
{"epoch": 74, "time_epoch": 42.98787, "eta": 1074.12812, "eta_hours": 0.29837, "loss": 0.69239508, "lr": 0.00015773, "params": 3973, "time_iter": 4.29879, "accuracy": 0.52, "precision": 0.52, "recall": 1.0, "f1": 0.68421, "auc": 0.44533}
{"epoch": 75, "time_epoch": 43.01139, "eta": 1031.17761, "eta_hours": 0.28644, "loss": 0.69235945, "lr": 0.00014645, "params": 3973, "time_iter": 4.30114, "accuracy": 0.52, "precision": 0.52, "recall": 1.0, "f1": 0.68421, "auc": 0.47934}
{"epoch": 76, "time_epoch": 42.98617, "eta": 988.21798, "eta_hours": 0.2745, "loss": 0.6923173, "lr": 0.00013552, "params": 3973, "time_iter": 4.29862, "accuracy": 0.52, "precision": 0.52, "recall": 1.0, "f1": 0.68421, "auc": 0.57123}
{"epoch": 77, "time_epoch": 42.94644, "eta": 945.24646, "eta_hours": 0.26257, "loss": 0.69238112, "lr": 0.00012494, "params": 3973, "time_iter": 4.29464, "accuracy": 0.52, "precision": 0.52, "recall": 1.0, "f1": 0.68421, "auc": 0.44151}
{"epoch": 78, "time_epoch": 42.93812, "eta": 902.27337, "eta_hours": 0.25063, "loss": 0.69235994, "lr": 0.00011474, "params": 3973, "time_iter": 4.29381, "accuracy": 0.52, "precision": 0.52, "recall": 1.0, "f1": 0.68421, "auc": 0.4838}
{"epoch": 79, "time_epoch": 43.06154, "eta": 859.33201, "eta_hours": 0.2387, "loss": 0.69235528, "lr": 0.00010492, "params": 3973, "time_iter": 4.30615, "accuracy": 0.52, "precision": 0.52, "recall": 1.0, "f1": 0.68421, "auc": 0.50677}
{"epoch": 80, "time_epoch": 42.93249, "eta": 816.35741, "eta_hours": 0.22677, "loss": 0.69236854, "lr": 9.549e-05, "params": 3973, "time_iter": 4.29325, "accuracy": 0.52, "precision": 0.52, "recall": 1.0, "f1": 0.68421, "auc": 0.49021}
{"epoch": 81, "time_epoch": 42.9747, "eta": 773.3931, "eta_hours": 0.21483, "loss": 0.69236318, "lr": 8.646e-05, "params": 3973, "time_iter": 4.29747, "accuracy": 0.52, "precision": 0.52, "recall": 1.0, "f1": 0.68421, "auc": 0.4578}
{"epoch": 82, "time_epoch": 42.99127, "eta": 730.43193, "eta_hours": 0.2029, "loss": 0.69232738, "lr": 7.784e-05, "params": 3973, "time_iter": 4.29913, "accuracy": 0.52, "precision": 0.52, "recall": 1.0, "f1": 0.68421, "auc": 0.57505}
{"epoch": 83, "time_epoch": 43.13502, "eta": 687.49743, "eta_hours": 0.19097, "loss": 0.6923475, "lr": 6.963e-05, "params": 3973, "time_iter": 4.3135, "accuracy": 0.52, "precision": 0.52, "recall": 1.0, "f1": 0.68421, "auc": 0.51068}
{"epoch": 84, "time_epoch": 42.89814, "eta": 644.51641, "eta_hours": 0.17903, "loss": 0.69234397, "lr": 6.185e-05, "params": 3973, "time_iter": 4.28981, "accuracy": 0.52, "precision": 0.52, "recall": 1.0, "f1": 0.68421, "auc": 0.5219}
{"epoch": 85, "time_epoch": 42.91268, "eta": 601.53968, "eta_hours": 0.16709, "loss": 0.6923523, "lr": 5.45e-05, "params": 3973, "time_iter": 4.29127, "accuracy": 0.52, "precision": 0.52, "recall": 1.0, "f1": 0.68421, "auc": 0.50116}
{"epoch": 86, "time_epoch": 42.89475, "eta": 558.56175, "eta_hours": 0.15516, "loss": 0.69238787, "lr": 4.759e-05, "params": 3973, "time_iter": 4.28948, "accuracy": 0.52, "precision": 0.52, "recall": 1.0, "f1": 0.68421, "auc": 0.41337}
{"epoch": 87, "time_epoch": 43.14388, "eta": 515.61968, "eta_hours": 0.14323, "loss": 0.69237059, "lr": 4.112e-05, "params": 3973, "time_iter": 4.31439, "accuracy": 0.52, "precision": 0.52, "recall": 1.0, "f1": 0.68421, "auc": 0.47142}
{"epoch": 88, "time_epoch": 42.89161, "eta": 472.64189, "eta_hours": 0.13129, "loss": 0.69238121, "lr": 3.511e-05, "params": 3973, "time_iter": 4.28916, "accuracy": 0.52, "precision": 0.52, "recall": 1.0, "f1": 0.68421, "auc": 0.45477}
{"epoch": 89, "time_epoch": 42.92186, "eta": 429.66938, "eta_hours": 0.11935, "loss": 0.69235082, "lr": 2.956e-05, "params": 3973, "time_iter": 4.29219, "accuracy": 0.52, "precision": 0.52, "recall": 1.0, "f1": 0.68421, "auc": 0.50018}
{"epoch": 90, "time_epoch": 42.87215, "eta": 386.69307, "eta_hours": 0.10741, "loss": 0.6923709, "lr": 2.447e-05, "params": 3973, "time_iter": 4.28722, "accuracy": 0.52, "precision": 0.52, "recall": 1.0, "f1": 0.68421, "auc": 0.46145}
{"epoch": 91, "time_epoch": 42.88292, "eta": 343.71996, "eta_hours": 0.09548, "loss": 0.69234424, "lr": 1.985e-05, "params": 3973, "time_iter": 4.28829, "accuracy": 0.52, "precision": 0.52, "recall": 1.0, "f1": 0.68421, "auc": 0.52386}
{"epoch": 92, "time_epoch": 42.90407, "eta": 300.75038, "eta_hours": 0.08354, "loss": 0.69231852, "lr": 1.571e-05, "params": 3973, "time_iter": 4.29041, "accuracy": 0.52, "precision": 0.52, "recall": 1.0, "f1": 0.68421, "auc": 0.5966}
{"epoch": 93, "time_epoch": 42.87543, "eta": 257.78036, "eta_hours": 0.07161, "loss": 0.69237794, "lr": 1.204e-05, "params": 3973, "time_iter": 4.28754, "accuracy": 0.52, "precision": 0.52, "recall": 1.0, "f1": 0.68421, "auc": 0.43501}
{"epoch": 94, "time_epoch": 42.90172, "eta": 214.81372, "eta_hours": 0.05967, "loss": 0.69237227, "lr": 8.86e-06, "params": 3973, "time_iter": 4.29017, "accuracy": 0.52, "precision": 0.52, "recall": 1.0, "f1": 0.68421, "auc": 0.45646}
{"epoch": 95, "time_epoch": 42.89743, "eta": 171.84826, "eta_hours": 0.04774, "loss": 0.6923562, "lr": 6.16e-06, "params": 3973, "time_iter": 4.28974, "accuracy": 0.52, "precision": 0.52, "recall": 1.0, "f1": 0.68421, "auc": 0.50329}
{"epoch": 96, "time_epoch": 42.84839, "eta": 128.88268, "eta_hours": 0.0358, "loss": 0.69232415, "lr": 3.94e-06, "params": 3973, "time_iter": 4.28484, "accuracy": 0.52, "precision": 0.52, "recall": 1.0, "f1": 0.68421, "auc": 0.57096}
{"epoch": 97, "time_epoch": 42.84931, "eta": 85.91951, "eta_hours": 0.02387, "loss": 0.69236482, "lr": 2.22e-06, "params": 3973, "time_iter": 4.28493, "accuracy": 0.52, "precision": 0.52, "recall": 1.0, "f1": 0.68421, "auc": 0.4667}
{"epoch": 98, "time_epoch": 42.87659, "eta": 42.95891, "eta_hours": 0.01193, "loss": 0.69234228, "lr": 9.9e-07, "params": 3973, "time_iter": 4.28766, "accuracy": 0.52, "precision": 0.52, "recall": 1.0, "f1": 0.68421, "auc": 0.5308}
{"epoch": 99, "time_epoch": 42.78568, "eta": 0.0, "eta_hours": 0.0, "loss": 0.69234884, "lr": 2.5e-07, "params": 3973, "time_iter": 4.27857, "accuracy": 0.52, "precision": 0.52, "recall": 1.0, "f1": 0.68421, "auc": 0.50855}
