{"epoch": 0, "time_epoch": 155.88638, "eta": 15432.75185, "eta_hours": 4.28688, "loss": 0.68073426, "lr": 0.001, "params": 4975, "time_iter": 0.53023, "accuracy": 0.58673, "precision": 0.0, "recall": 0.0, "f1": 0.0, "auc": 0.4698}
{"epoch": 1, "time_epoch": 202.8012, "eta": 17575.69133, "eta_hours": 4.88214, "loss": 0.67901379, "lr": 0.00099975, "params": 4975, "time_iter": 0.6898, "accuracy": 0.58673, "precision": 0.0, "recall": 0.0, "f1": 0.0, "auc": 0.45733}
{"epoch": 2, "time_epoch": 203.009, "eta": 18161.52282, "eta_hours": 5.04487, "loss": 0.67889164, "lr": 0.00099901, "params": 4975, "time_iter": 0.69051, "accuracy": 0.58673, "precision": 0.0, "recall": 0.0, "f1": 0.0, "auc": 0.4703}
{"epoch": 3, "time_epoch": 202.88725, "eta": 18350.01187, "eta_hours": 5.09723, "loss": 0.67851175, "lr": 0.00099778, "params": 4975, "time_iter": 0.69009, "accuracy": 0.58673, "precision": 0.0, "recall": 0.0, "f1": 0.0, "auc": 0.47021}
{"epoch": 4, "time_epoch": 203.09567, "eta": 18385.91043, "eta_hours": 5.1072, "loss": 0.67859419, "lr": 0.00099606, "params": 4975, "time_iter": 0.6908, "accuracy": 0.58673, "precision": 0.0, "recall": 0.0, "f1": 0.0, "auc": 0.43885}
{"epoch": 5, "time_epoch": 202.83042, "eta": 18337.98864, "eta_hours": 5.09389, "loss": 0.67887378, "lr": 0.00099384, "params": 4975, "time_iter": 0.6899, "accuracy": 0.58673, "precision": 0.0, "recall": 0.0, "f1": 0.0, "auc": 0.43936}
{"epoch": 6, "time_epoch": 202.59543, "eta": 18242.68525, "eta_hours": 5.06741, "loss": 0.67835343, "lr": 0.00099114, "params": 4975, "time_iter": 0.6891, "accuracy": 0.58673, "precision": 0.0, "recall": 0.0, "f1": 0.0, "auc": 0.49069}
{"epoch": 7, "time_epoch": 202.90564, "eta": 18124.12627, "eta_hours": 5.03448, "loss": 0.67860463, "lr": 0.00098796, "params": 4975, "time_iter": 0.69016, "accuracy": 0.58673, "precision": 0.0, "recall": 0.0, "f1": 0.0, "auc": 0.48124}
{"epoch": 8, "time_epoch": 202.71936, "eta": 17984.94007, "eta_hours": 4.99582, "loss": 0.67852787, "lr": 0.00098429, "params": 4975, "time_iter": 0.68952, "accuracy": 0.58673, "precision": 0.0, "recall": 0.0, "f1": 0.0, "auc": 0.45869}
{"epoch": 9, "time_epoch": 202.87918, "eta": 17834.48566, "eta_hours": 4.95402, "loss": 0.67845154, "lr": 0.00098015, "params": 4975, "time_iter": 0.69007, "accuracy": 0.58673, "precision": 0.0, "recall": 0.0, "f1": 0.0, "auc": 0.46274}
{"epoch": 10, "time_epoch": 202.86098, "eta": 17674.35217, "eta_hours": 4.90954, "loss": 0.67839763, "lr": 0.00097553, "params": 4975, "time_iter": 0.69, "accuracy": 0.58673, "precision": 0.0, "recall": 0.0, "f1": 0.0, "auc": 0.47293}
{"epoch": 11, "time_epoch": 202.90897, "eta": 17507.44942, "eta_hours": 4.86318, "loss": 0.67843233, "lr": 0.00097044, "params": 4975, "time_iter": 0.69017, "accuracy": 0.58673, "precision": 0.0, "recall": 0.0, "f1": 0.0, "auc": 0.47895}
{"epoch": 12, "time_epoch": 202.66224, "eta": 17333.35605, "eta_hours": 4.81482, "loss": 0.67850244, "lr": 0.00096489, "params": 4975, "time_iter": 0.68933, "accuracy": 0.58673, "precision": 0.0, "recall": 0.0, "f1": 0.0, "auc": 0.45503}
{"epoch": 13, "time_epoch": 202.63458, "eta": 17155.01151, "eta_hours": 4.76528, "loss": 0.67858811, "lr": 0.00095888, "params": 4975, "time_iter": 0.68923, "accuracy": 0.58673, "precision": 0.0, "recall": 0.0, "f1": 0.0, "auc": 0.46422}
{"epoch": 14, "time_epoch": 202.61012, "eta": 16973.28967, "eta_hours": 4.7148, "loss": 0.67851843, "lr": 0.00095241, "params": 4975, "time_iter": 0.68915, "accuracy": 0.58673, "precision": 0.0, "recall": 0.0, "f1": 0.0, "auc": 0.45504}
{"epoch": 15, "time_epoch": 202.82437, "eta": 16790.08164, "eta_hours": 4.66391, "loss": 0.67841312, "lr": 0.0009455, "params": 4975, "time_iter": 0.68988, "accuracy": 0.58673, "precision": 0.0, "recall": 0.0, "f1": 0.0, "auc": 0.46649}
{"epoch": 16, "time_epoch": 202.78819, "eta": 16604.38915, "eta_hours": 4.61233, "loss": 0.67844298, "lr": 0.00093815, "params": 4975, "time_iter": 0.68976, "accuracy": 0.58673, "precision": 0.0, "recall": 0.0, "f1": 0.0, "auc": 0.47308}
{"epoch": 17, "time_epoch": 202.64349, "eta": 16416.13794, "eta_hours": 4.56004, "loss": 0.67856175, "lr": 0.00093037, "params": 4975, "time_iter": 0.68926, "accuracy": 0.58673, "precision": 0.0, "recall": 0.0, "f1": 0.0, "auc": 0.44193}
{"epoch": 18, "time_epoch": 202.60799, "eta": 16226.22041, "eta_hours": 4.50728, "loss": 0.67842018, "lr": 0.00092216, "params": 4975, "time_iter": 0.68914, "accuracy": 0.58673, "precision": 0.0, "recall": 0.0, "f1": 0.0, "auc": 0.44513}
{"epoch": 19, "time_epoch": 202.83108, "eta": 16035.92617, "eta_hours": 4.45442, "loss": 0.6784425, "lr": 0.00091354, "params": 4975, "time_iter": 0.6899, "accuracy": 0.58673, "precision": 0.0, "recall": 0.0, "f1": 0.0, "auc": 0.44752}
{"epoch": 20, "time_epoch": 202.74013, "eta": 15844.09582, "eta_hours": 4.40114, "loss": 0.67838323, "lr": 0.00090451, "params": 4975, "time_iter": 0.68959, "accuracy": 0.58673, "precision": 0.0, "recall": 0.0, "f1": 0.0, "auc": 0.46165}
{"epoch": 21, "time_epoch": 202.59071, "eta": 15650.74391, "eta_hours": 4.34743, "loss": 0.67825973, "lr": 0.00089508, "params": 4975, "time_iter": 0.68908, "accuracy": 0.58673, "precision": 0.0, "recall": 0.0, "f1": 0.0, "auc": 0.46309}
{"epoch": 22, "time_epoch": 202.71532, "eta": 15457.00579, "eta_hours": 4.29361, "loss": 0.67836508, "lr": 0.00088526, "params": 4975, "time_iter": 0.68951, "accuracy": 0.58673, "precision": 0.0, "recall": 0.0, "f1": 0.0, "auc": 0.46812}
{"epoch": 23, "time_epoch": 202.57488, "eta": 15262.07485, "eta_hours": 4.23947, "loss": 0.67836969, "lr": 0.00087506, "params": 4975, "time_iter": 0.68903, "accuracy": 0.58673, "precision": 0.0, "recall": 0.0, "f1": 0.0, "auc": 0.45736}
{"epoch": 24, "time_epoch": 202.90623, "eta": 15067.52646, "eta_hours": 4.18542, "loss": 0.67832569, "lr": 0.00086448, "params": 4975, "time_iter": 0.69016, "accuracy": 0.58673, "precision": 0.0, "recall": 0.0, "f1": 0.0, "auc": 0.45913}
{"epoch": 25, "time_epoch": 202.67928, "eta": 14871.68922, "eta_hours": 4.13102, "loss": 0.67837488, "lr": 0.00085355, "params": 4975, "time_iter": 0.68939, "accuracy": 0.58673, "precision": 0.0, "recall": 0.0, "f1": 0.0, "auc": 0.45698}
{"epoch": 26, "time_epoch": 202.7423, "eta": 14675.51552, "eta_hours": 4.07653, "loss": 0.6783468, "lr": 0.00084227, "params": 4975, "time_iter": 0.6896, "accuracy": 0.58673, "precision": 0.0, "recall": 0.0, "f1": 0.0, "auc": 0.45621}
{"epoch": 27, "time_epoch": 202.9092, "eta": 14479.30183, "eta_hours": 4.02203, "loss": 0.67845235, "lr": 0.00083066, "params": 4975, "time_iter": 0.69017, "accuracy": 0.58673, "precision": 0.0, "recall": 0.0, "f1": 0.0, "auc": 0.41276}
{"epoch": 28, "time_epoch": 187.86666, "eta": 14245.79809, "eta_hours": 3.95717, "loss": 0.678304, "lr": 0.00081871, "params": 4975, "time_iter": 0.639, "accuracy": 0.58673, "precision": 0.0, "recall": 0.0, "f1": 0.0, "auc": 0.41219}
{"epoch": 29, "time_epoch": 148.08562, "eta": 13922.5144, "eta_hours": 3.86737, "loss": 0.67835066, "lr": 0.00080645, "params": 4975, "time_iter": 0.50369, "accuracy": 0.58673, "precision": 0.0, "recall": 0.0, "f1": 0.0, "auc": 0.46531}
{"epoch": 30, "time_epoch": 148.17727, "eta": 13610.7378, "eta_hours": 3.78076, "loss": 0.67832974, "lr": 0.00079389, "params": 4975, "time_iter": 0.504, "accuracy": 0.58673, "precision": 0.0, "recall": 0.0, "f1": 0.0, "auc": 0.4681}
{"epoch": 31, "time_epoch": 148.44858, "eta": 13309.7627, "eta_hours": 3.69716, "loss": 0.67842126, "lr": 0.00078104, "params": 4975, "time_iter": 0.50493, "accuracy": 0.58673, "precision": 0.0, "recall": 0.0, "f1": 0.0, "auc": 0.44947}
{"epoch": 32, "time_epoch": 148.40293, "eta": 13017.93893, "eta_hours": 3.61609, "loss": 0.67850469, "lr": 0.00076791, "params": 4975, "time_iter": 0.50477, "accuracy": 0.58673, "precision": 0.0, "recall": 0.0, "f1": 0.0, "auc": 0.46361}
{"epoch": 33, "time_epoch": 148.22097, "eta": 12734.19846, "eta_hours": 3.53728, "loss": 0.6784944, "lr": 0.00075452, "params": 4975, "time_iter": 0.50415, "accuracy": 0.58673, "precision": 0.0, "recall": 0.0, "f1": 0.0, "auc": 0.48323}
{"epoch": 34, "time_epoch": 148.71086, "eta": 12459.11177, "eta_hours": 3.46086, "loss": 0.67853015, "lr": 0.00074088, "params": 4975, "time_iter": 0.50582, "accuracy": 0.58673, "precision": 0.0, "recall": 0.0, "f1": 0.0, "auc": 0.44857}
{"epoch": 35, "time_epoch": 148.5651, "eta": 12190.78684, "eta_hours": 3.38633, "loss": 0.67839023, "lr": 0.000727, "params": 4975, "time_iter": 0.50532, "accuracy": 0.58673, "precision": 0.0, "recall": 0.0, "f1": 0.0, "auc": 0.45007}
{"epoch": 36, "time_epoch": 148.49259, "eta": 11928.81194, "eta_hours": 3.31356, "loss": 0.67844767, "lr": 0.00071289, "params": 4975, "time_iter": 0.50508, "accuracy": 0.58673, "precision": 0.0, "recall": 0.0, "f1": 0.0, "auc": 0.46596}
{"epoch": 37, "time_epoch": 148.52096, "eta": 11672.85608, "eta_hours": 3.24246, "loss": 0.67864275, "lr": 0.00069857, "params": 4975, "time_iter": 0.50517, "accuracy": 0.58673, "precision": 0.0, "recall": 0.0, "f1": 0.0, "auc": 0.44851}
{"epoch": 38, "time_epoch": 148.56372, "eta": 11422.47658, "eta_hours": 3.17291, "loss": 0.67830949, "lr": 0.00068406, "params": 4975, "time_iter": 0.50532, "accuracy": 0.58673, "precision": 0.0, "recall": 0.0, "f1": 0.0, "auc": 0.45513}
{"epoch": 39, "time_epoch": 148.44323, "eta": 11177.00714, "eta_hours": 3.10472, "loss": 0.678302, "lr": 0.00066937, "params": 4975, "time_iter": 0.50491, "accuracy": 0.58673, "precision": 0.0, "recall": 0.0, "f1": 0.0, "auc": 0.45301}
{"epoch": 40, "time_epoch": 148.45768, "eta": 10936.29148, "eta_hours": 3.03786, "loss": 0.67819681, "lr": 0.00065451, "params": 4975, "time_iter": 0.50496, "accuracy": 0.58673, "precision": 0.0, "recall": 0.0, "f1": 0.0, "auc": 0.44529}
{"epoch": 41, "time_epoch": 148.35891, "eta": 10699.83267, "eta_hours": 2.97218, "loss": 0.67822945, "lr": 0.0006395, "params": 4975, "time_iter": 0.50462, "accuracy": 0.58673, "precision": 0.0, "recall": 0.0, "f1": 0.0, "auc": 0.4322}
{"epoch": 42, "time_epoch": 148.32979, "eta": 10467.43291, "eta_hours": 2.90762, "loss": 0.67836296, "lr": 0.00062434, "params": 4975, "time_iter": 0.50452, "accuracy": 0.58673, "precision": 0.0, "recall": 0.0, "f1": 0.0, "auc": 0.45513}
{"epoch": 43, "time_epoch": 148.67628, "eta": 10239.29551, "eta_hours": 2.84425, "loss": 0.67827111, "lr": 0.00060907, "params": 4975, "time_iter": 0.5057, "accuracy": 0.58673, "precision": 0.0, "recall": 0.0, "f1": 0.0, "auc": 0.45897}
{"epoch": 44, "time_epoch": 148.09325, "eta": 10013.97713, "eta_hours": 2.78166, "loss": 0.67821951, "lr": 0.00059369, "params": 4975, "time_iter": 0.50372, "accuracy": 0.58673, "precision": 0.0, "recall": 0.0, "f1": 0.0, "auc": 0.43793}
{"epoch": 45, "time_epoch": 147.98163, "eta": 9791.88532, "eta_hours": 2.71997, "loss": 0.67823223, "lr": 0.00057822, "params": 4975, "time_iter": 0.50334, "accuracy": 0.58673, "precision": 0.0, "recall": 0.0, "f1": 0.0, "auc": 0.43416}
{"epoch": 46, "time_epoch": 148.09069, "eta": 9573.07012, "eta_hours": 2.65919, "loss": 0.67838023, "lr": 0.00056267, "params": 4975, "time_iter": 0.50371, "accuracy": 0.58673, "precision": 0.0, "recall": 0.0, "f1": 0.0, "auc": 0.44498}
{"epoch": 47, "time_epoch": 148.01604, "eta": 9357.12091, "eta_hours": 2.5992, "loss": 0.6781604, "lr": 0.00054705, "params": 4975, "time_iter": 0.50346, "accuracy": 0.58673, "precision": 0.0, "recall": 0.0, "f1": 0.0, "auc": 0.45646}
{"epoch": 48, "time_epoch": 148.13417, "eta": 9144.06742, "eta_hours": 2.54002, "loss": 0.67832021, "lr": 0.0005314, "params": 4975, "time_iter": 0.50386, "accuracy": 0.58673, "precision": 0.0, "recall": 0.0, "f1": 0.0, "auc": 0.44797}
{"epoch": 49, "time_epoch": 148.19908, "eta": 8933.67563, "eta_hours": 2.48158, "loss": 0.67827259, "lr": 0.00051571, "params": 4975, "time_iter": 0.50408, "accuracy": 0.58673, "precision": 0.0, "recall": 0.0, "f1": 0.0, "auc": 0.43023}
{"epoch": 50, "time_epoch": 148.08226, "eta": 8725.61052, "eta_hours": 2.42378, "loss": 0.67824545, "lr": 0.0005, "params": 4975, "time_iter": 0.50368, "accuracy": 0.58673, "precision": 0.0, "recall": 0.0, "f1": 0.0, "auc": 0.43834}
{"epoch": 51, "time_epoch": 148.11763, "eta": 8519.88509, "eta_hours": 2.36663, "loss": 0.67824057, "lr": 0.00048429, "params": 4975, "time_iter": 0.5038, "accuracy": 0.58673, "precision": 0.0, "recall": 0.0, "f1": 0.0, "auc": 0.47094}
{"epoch": 52, "time_epoch": 148.10639, "eta": 8316.32358, "eta_hours": 2.31009, "loss": 0.67823014, "lr": 0.0004686, "params": 4975, "time_iter": 0.50376, "accuracy": 0.58673, "precision": 0.0, "recall": 0.0, "f1": 0.0, "auc": 0.46892}
{"epoch": 53, "time_epoch": 148.23651, "eta": 8114.9268, "eta_hours": 2.25415, "loss": 0.67825947, "lr": 0.00045295, "params": 4975, "time_iter": 0.50421, "accuracy": 0.58673, "precision": 0.0, "recall": 0.0, "f1": 0.0, "auc": 0.45794}
{"epoch": 54, "time_epoch": 148.07708, "eta": 7915.33268, "eta_hours": 2.1987, "loss": 0.67822632, "lr": 0.00043733, "params": 4975, "time_iter": 0.50366, "accuracy": 0.58673, "precision": 0.0, "recall": 0.0, "f1": 0.0, "auc": 0.46869}
{"epoch": 55, "time_epoch": 148.16886, "eta": 7717.65057, "eta_hours": 2.14379, "loss": 0.67834028, "lr": 0.00042178, "params": 4975, "time_iter": 0.50398, "accuracy": 0.58673, "precision": 0.0, "recall": 0.0, "f1": 0.0, "auc": 0.46266}
{"epoch": 56, "time_epoch": 148.28302, "eta": 7521.79188, "eta_hours": 2.08939, "loss": 0.67823321, "lr": 0.00040631, "params": 4975, "time_iter": 0.50436, "accuracy": 0.58673, "precision": 0.0, "recall": 0.0, "f1": 0.0, "auc": 0.45382}
{"epoch": 57, "time_epoch": 148.11461, "eta": 7327.45178, "eta_hours": 2.0354, "loss": 0.67818208, "lr": 0.00039093, "params": 4975, "time_iter": 0.50379, "accuracy": 0.58673, "precision": 0.0, "recall": 0.0, "f1": 0.0, "auc": 0.4666}
{"epoch": 58, "time_epoch": 148.17257, "eta": 7134.71893, "eta_hours": 1.98187, "loss": 0.67825595, "lr": 0.00037566, "params": 4975, "time_iter": 0.50399, "accuracy": 0.58673, "precision": 0.0, "recall": 0.0, "f1": 0.0, "auc": 0.47467}
{"epoch": 59, "time_epoch": 148.24905, "eta": 6943.5224, "eta_hours": 1.92876, "loss": 0.67821138, "lr": 0.0003605, "params": 4975, "time_iter": 0.50425, "accuracy": 0.58673, "precision": 0.0, "recall": 0.0, "f1": 0.0, "auc": 0.45851}
{"epoch": 60, "time_epoch": 148.11532, "eta": 6753.64849, "eta_hours": 1.87601, "loss": 0.6783102, "lr": 0.00034549, "params": 4975, "time_iter": 0.50379, "accuracy": 0.58673, "precision": 0.0, "recall": 0.0, "f1": 0.0, "auc": 0.45042}
{"epoch": 61, "time_epoch": 148.19858, "eta": 6565.17267, "eta_hours": 1.82366, "loss": 0.67823166, "lr": 0.00033063, "params": 4975, "time_iter": 0.50408, "accuracy": 0.58673, "precision": 0.0, "recall": 0.0, "f1": 0.0, "auc": 0.45836}
{"epoch": 62, "time_epoch": 148.1326, "eta": 6377.93673, "eta_hours": 1.77165, "loss": 0.67814068, "lr": 0.00031594, "params": 4975, "time_iter": 0.50385, "accuracy": 0.58673, "precision": 0.0, "recall": 0.0, "f1": 0.0, "auc": 0.45798}
{"epoch": 63, "time_epoch": 147.7124, "eta": 6191.68641, "eta_hours": 1.71991, "loss": 0.67817247, "lr": 0.00030143, "params": 4975, "time_iter": 0.50242, "accuracy": 0.58673, "precision": 0.0, "recall": 0.0, "f1": 0.0, "auc": 0.42202}
{"epoch": 64, "time_epoch": 148.23723, "eta": 6006.90447, "eta_hours": 1.66858, "loss": 0.67815182, "lr": 0.00028711, "params": 4975, "time_iter": 0.50421, "accuracy": 0.58673, "precision": 0.0, "recall": 0.0, "f1": 0.0, "auc": 0.47158}
{"epoch": 65, "time_epoch": 148.16338, "eta": 5823.1919, "eta_hours": 1.61755, "loss": 0.67812596, "lr": 0.000273, "params": 4975, "time_iter": 0.50396, "accuracy": 0.58673, "precision": 0.0, "recall": 0.0, "f1": 0.0, "auc": 0.45626}
{"epoch": 66, "time_epoch": 148.15066, "eta": 5640.53424, "eta_hours": 1.56682, "loss": 0.67813937, "lr": 0.00025912, "params": 4975, "time_iter": 0.50391, "accuracy": 0.58673, "precision": 0.0, "recall": 0.0, "f1": 0.0, "auc": 0.44771}
{"epoch": 67, "time_epoch": 148.0766, "eta": 5458.85664, "eta_hours": 1.51635, "loss": 0.67818183, "lr": 0.00024548, "params": 4975, "time_iter": 0.50366, "accuracy": 0.58673, "precision": 0.0, "recall": 0.0, "f1": 0.0, "auc": 0.46326}
{"epoch": 68, "time_epoch": 147.97466, "eta": 5278.10719, "eta_hours": 1.46614, "loss": 0.6781224, "lr": 0.00023209, "params": 4975, "time_iter": 0.50332, "accuracy": 0.58673, "precision": 0.0, "recall": 0.0, "f1": 0.0, "auc": 0.45595}
{"epoch": 69, "time_epoch": 147.93342, "eta": 5098.27648, "eta_hours": 1.41619, "loss": 0.67817156, "lr": 0.00021896, "params": 4975, "time_iter": 0.50317, "accuracy": 0.58673, "precision": 0.0, "recall": 0.0, "f1": 0.0, "auc": 0.43317}
{"epoch": 70, "time_epoch": 148.01554, "eta": 4919.37783, "eta_hours": 1.36649, "loss": 0.67810644, "lr": 0.00020611, "params": 4975, "time_iter": 0.50345, "accuracy": 0.58673, "precision": 0.0, "recall": 0.0, "f1": 0.0, "auc": 0.46125}
{"epoch": 71, "time_epoch": 148.22597, "eta": 4741.41887, "eta_hours": 1.31706, "loss": 0.67809023, "lr": 0.00019355, "params": 4975, "time_iter": 0.50417, "accuracy": 0.58673, "precision": 0.0, "recall": 0.0, "f1": 0.0, "auc": 0.44503}
{"epoch": 72, "time_epoch": 147.95291, "eta": 4564.17353, "eta_hours": 1.26783, "loss": 0.67812305, "lr": 0.00018129, "params": 4975, "time_iter": 0.50324, "accuracy": 0.58673, "precision": 0.0, "recall": 0.0, "f1": 0.0, "auc": 0.43602}
{"epoch": 73, "time_epoch": 148.11695, "eta": 4387.7775, "eta_hours": 1.21883, "loss": 0.67807986, "lr": 0.00016934, "params": 4975, "time_iter": 0.5038, "accuracy": 0.58673, "precision": 0.0, "recall": 0.0, "f1": 0.0, "auc": 0.46725}
{"epoch": 74, "time_epoch": 148.12636, "eta": 4212.13872, "eta_hours": 1.17004, "loss": 0.67808059, "lr": 0.00015773, "params": 4975, "time_iter": 0.50383, "accuracy": 0.58673, "precision": 0.0, "recall": 0.0, "f1": 0.0, "auc": 0.41153}
{"epoch": 75, "time_epoch": 148.08442, "eta": 4037.21071, "eta_hours": 1.12145, "loss": 0.67808541, "lr": 0.00014645, "params": 4975, "time_iter": 0.50369, "accuracy": 0.58673, "precision": 0.0, "recall": 0.0, "f1": 0.0, "auc": 0.44682}
{"epoch": 76, "time_epoch": 148.1338, "eta": 3862.99469, "eta_hours": 1.07305, "loss": 0.67815255, "lr": 0.00013552, "params": 4975, "time_iter": 0.50386, "accuracy": 0.58673, "precision": 0.0, "recall": 0.0, "f1": 0.0, "auc": 0.45723}
{"epoch": 77, "time_epoch": 148.22946, "eta": 3689.47442, "eta_hours": 1.02485, "loss": 0.67807135, "lr": 0.00012494, "params": 4975, "time_iter": 0.50418, "accuracy": 0.58673, "precision": 0.0, "recall": 0.0, "f1": 0.0, "auc": 0.46425}
{"epoch": 78, "time_epoch": 148.17436, "eta": 3516.57978, "eta_hours": 0.97683, "loss": 0.67807399, "lr": 0.00011474, "params": 4975, "time_iter": 0.50399, "accuracy": 0.58673, "precision": 0.0, "recall": 0.0, "f1": 0.0, "auc": 0.44686}
{"epoch": 79, "time_epoch": 148.06033, "eta": 3344.27464, "eta_hours": 0.92897, "loss": 0.67807745, "lr": 0.00010492, "params": 4975, "time_iter": 0.50361, "accuracy": 0.58673, "precision": 0.0, "recall": 0.0, "f1": 0.0, "auc": 0.46098}
{"epoch": 80, "time_epoch": 148.10378, "eta": 3172.57832, "eta_hours": 0.88127, "loss": 0.67806377, "lr": 9.549e-05, "params": 4975, "time_iter": 0.50375, "accuracy": 0.58673, "precision": 0.0, "recall": 0.0, "f1": 0.0, "auc": 0.45522}
{"epoch": 81, "time_epoch": 148.27627, "eta": 3001.4953, "eta_hours": 0.83375, "loss": 0.67807122, "lr": 8.646e-05, "params": 4975, "time_iter": 0.50434, "accuracy": 0.58673, "precision": 0.0, "recall": 0.0, "f1": 0.0, "auc": 0.45288}
{"epoch": 82, "time_epoch": 148.2449, "eta": 2830.95541, "eta_hours": 0.78638, "loss": 0.67806803, "lr": 7.784e-05, "params": 4975, "time_iter": 0.50423, "accuracy": 0.58673, "precision": 0.0, "recall": 0.0, "f1": 0.0, "auc": 0.43054}
{"epoch": 83, "time_epoch": 148.36375, "eta": 2660.969, "eta_hours": 0.73916, "loss": 0.67805487, "lr": 6.963e-05, "params": 4975, "time_iter": 0.50464, "accuracy": 0.58673, "precision": 0.0, "recall": 0.0, "f1": 0.0, "auc": 0.45031}
{"epoch": 84, "time_epoch": 148.07151, "eta": 2491.43978, "eta_hours": 0.69207, "loss": 0.67805156, "lr": 6.185e-05, "params": 4975, "time_iter": 0.50364, "accuracy": 0.58673, "precision": 0.0, "recall": 0.0, "f1": 0.0, "auc": 0.43759}
{"epoch": 85, "time_epoch": 148.14137, "eta": 2322.42095, "eta_hours": 0.64512, "loss": 0.67804579, "lr": 5.45e-05, "params": 4975, "time_iter": 0.50388, "accuracy": 0.58673, "precision": 0.0, "recall": 0.0, "f1": 0.0, "auc": 0.46224}
{"epoch": 86, "time_epoch": 148.24683, "eta": 2153.89782, "eta_hours": 0.5983, "loss": 0.6780469, "lr": 4.759e-05, "params": 4975, "time_iter": 0.50424, "accuracy": 0.58673, "precision": 0.0, "recall": 0.0, "f1": 0.0, "auc": 0.42393}
{"epoch": 87, "time_epoch": 148.00567, "eta": 1985.80263, "eta_hours": 0.55161, "loss": 0.67803811, "lr": 4.112e-05, "params": 4975, "time_iter": 0.50342, "accuracy": 0.58673, "precision": 0.0, "recall": 0.0, "f1": 0.0, "auc": 0.4432}
{"epoch": 88, "time_epoch": 148.21083, "eta": 1818.18425, "eta_hours": 0.50505, "loss": 0.67804247, "lr": 3.511e-05, "params": 4975, "time_iter": 0.50412, "accuracy": 0.58673, "precision": 0.0, "recall": 0.0, "f1": 0.0, "auc": 0.45366}
{"epoch": 89, "time_epoch": 148.28968, "eta": 1651.0059, "eta_hours": 0.45861, "loss": 0.67803797, "lr": 2.956e-05, "params": 4975, "time_iter": 0.50439, "accuracy": 0.58673, "precision": 0.0, "recall": 0.0, "f1": 0.0, "auc": 0.41832}
{"epoch": 90, "time_epoch": 148.09117, "eta": 1484.22306, "eta_hours": 0.41228, "loss": 0.6780346, "lr": 2.447e-05, "params": 4975, "time_iter": 0.50371, "accuracy": 0.58673, "precision": 0.0, "recall": 0.0, "f1": 0.0, "auc": 0.44694}
{"epoch": 91, "time_epoch": 148.07863, "eta": 1317.84547, "eta_hours": 0.36607, "loss": 0.67803374, "lr": 1.985e-05, "params": 4975, "time_iter": 0.50367, "accuracy": 0.58673, "precision": 0.0, "recall": 0.0, "f1": 0.0, "auc": 0.47094}
{"epoch": 92, "time_epoch": 148.2792, "eta": 1151.87651, "eta_hours": 0.31997, "loss": 0.67803438, "lr": 1.571e-05, "params": 4975, "time_iter": 0.50435, "accuracy": 0.58673, "precision": 0.0, "recall": 0.0, "f1": 0.0, "auc": 0.45994}
{"epoch": 93, "time_epoch": 148.31483, "eta": 986.28619, "eta_hours": 0.27397, "loss": 0.67803247, "lr": 1.204e-05, "params": 4975, "time_iter": 0.50447, "accuracy": 0.58673, "precision": 0.0, "recall": 0.0, "f1": 0.0, "auc": 0.4458}
{"epoch": 94, "time_epoch": 148.26602, "eta": 821.057, "eta_hours": 0.22807, "loss": 0.67802877, "lr": 8.86e-06, "params": 4975, "time_iter": 0.50431, "accuracy": 0.58673, "precision": 0.0, "recall": 0.0, "f1": 0.0, "auc": 0.43595}
{"epoch": 95, "time_epoch": 148.31832, "eta": 656.18339, "eta_hours": 0.18227, "loss": 0.67802755, "lr": 6.16e-06, "params": 4975, "time_iter": 0.50448, "accuracy": 0.58673, "precision": 0.0, "recall": 0.0, "f1": 0.0, "auc": 0.4237}
{"epoch": 96, "time_epoch": 197.04226, "eta": 493.15805, "eta_hours": 0.13699, "loss": 0.67802703, "lr": 3.94e-06, "params": 4975, "time_iter": 0.67021, "accuracy": 0.58673, "precision": 0.0, "recall": 0.0, "f1": 0.0, "auc": 0.45089}
{"epoch": 97, "time_epoch": 148.6591, "eta": 328.45107, "eta_hours": 0.09124, "loss": 0.67802701, "lr": 2.22e-06, "params": 4975, "time_iter": 0.50564, "accuracy": 0.58673, "precision": 0.0, "recall": 0.0, "f1": 0.0, "auc": 0.41815}
{"epoch": 98, "time_epoch": 148.67753, "eta": 164.06849, "eta_hours": 0.04557, "loss": 0.67802551, "lr": 9.9e-07, "params": 4975, "time_iter": 0.50571, "accuracy": 0.58673, "precision": 0.0, "recall": 0.0, "f1": 0.0, "auc": 0.43485}
{"epoch": 99, "time_epoch": 148.754, "eta": 0.0, "eta_hours": 0.0, "loss": 0.67802517, "lr": 2.5e-07, "params": 4975, "time_iter": 0.50597, "accuracy": 0.58673, "precision": 0.0, "recall": 0.0, "f1": 0.0, "auc": 0.4546}
