{"epoch": 0, "time_epoch": 24.88578, "eta": 2463.69206, "eta_hours": 0.68436, "loss": 0.67047917, "lr": 0.001, "params": 6759, "time_iter": 0.19291, "accuracy": 0.57984, "precision": 0.7056, "recall": 0.28101, "f1": 0.40194, "auc": 0.64036}
{"epoch": 1, "time_epoch": 6.8868, "eta": 1556.85622, "eta_hours": 0.43246, "loss": 0.63622781, "lr": 0.00099975, "params": 6759, "time_iter": 0.05339, "accuracy": 0.64021, "precision": 0.6515, "recall": 0.61047, "f1": 0.63032, "auc": 0.69168}
{"epoch": 2, "time_epoch": 6.58365, "eta": 1240.18452, "eta_hours": 0.3445, "loss": 0.63115907, "lr": 0.00099901, "params": 6759, "time_iter": 0.05104, "accuracy": 0.64606, "precision": 0.6631, "recall": 0.60078, "f1": 0.6304, "auc": 0.69408}
{"epoch": 3, "time_epoch": 7.03128, "eta": 1089.30017, "eta_hours": 0.30258, "loss": 0.62658036, "lr": 0.00099778, "params": 6759, "time_iter": 0.05451, "accuracy": 0.64849, "precision": 0.64933, "recall": 0.6531, "f1": 0.65121, "auc": 0.70725}
{"epoch": 4, "time_epoch": 6.66643, "eta": 989.02482, "eta_hours": 0.27473, "loss": 0.62164589, "lr": 0.00099606, "params": 6759, "time_iter": 0.05168, "accuracy": 0.65433, "precision": 0.67349, "recall": 0.60562, "f1": 0.63776, "auc": 0.71138}
{"epoch": 5, "time_epoch": 6.41365, "eta": 915.99221, "eta_hours": 0.25444, "loss": 0.61959141, "lr": 0.00099384, "params": 6759, "time_iter": 0.04972, "accuracy": 0.65531, "precision": 0.6677, "recall": 0.625, "f1": 0.64565, "auc": 0.7141}
{"epoch": 6, "time_epoch": 6.2974, "eta": 860.44918, "eta_hours": 0.23901, "loss": 0.6146302, "lr": 0.00099114, "params": 6759, "time_iter": 0.04882, "accuracy": 0.66504, "precision": 0.68029, "recall": 0.62888, "f1": 0.65358, "auc": 0.71824}
{"epoch": 7, "time_epoch": 6.52267, "eta": 819.80814, "eta_hours": 0.22772, "loss": 0.61675401, "lr": 0.00098796, "params": 6759, "time_iter": 0.05056, "accuracy": 0.6592, "precision": 0.6722, "recall": 0.62791, "f1": 0.6493, "auc": 0.71904}
{"epoch": 8, "time_epoch": 6.77218, "eta": 789.2718, "eta_hours": 0.21924, "loss": 0.60741023, "lr": 0.00098429, "params": 6759, "time_iter": 0.0525, "accuracy": 0.66894, "precision": 0.67635, "recall": 0.65407, "f1": 0.66502, "auc": 0.72817}
{"epoch": 9, "time_epoch": 7.24315, "eta": 767.72699, "eta_hours": 0.21326, "loss": 0.6017029, "lr": 0.00098015, "params": 6759, "time_iter": 0.05615, "accuracy": 0.66553, "precision": 0.67876, "recall": 0.63469, "f1": 0.65598, "auc": 0.73375}
{"epoch": 10, "time_epoch": 6.70953, "eta": 744.46499, "eta_hours": 0.2068, "loss": 0.5950883, "lr": 0.00097553, "params": 6759, "time_iter": 0.05201, "accuracy": 0.685, "precision": 0.69231, "recall": 0.67151, "f1": 0.68175, "auc": 0.74633}
{"epoch": 11, "time_epoch": 6.1728, "eta": 720.02574, "eta_hours": 0.20001, "loss": 0.59486745, "lr": 0.00097044, "params": 6759, "time_iter": 0.04785, "accuracy": 0.67673, "precision": 0.68891, "recall": 0.65019, "f1": 0.66899, "auc": 0.74339}
{"epoch": 12, "time_epoch": 6.57764, "eta": 701.10602, "eta_hours": 0.19475, "loss": 0.59302423, "lr": 0.00096489, "params": 6759, "time_iter": 0.05099, "accuracy": 0.67381, "precision": 0.68357, "recall": 0.6531, "f1": 0.66799, "auc": 0.74472}
{"epoch": 13, "time_epoch": 6.6573, "eta": 684.43881, "eta_hours": 0.19012, "loss": 0.59304666, "lr": 0.00095888, "params": 6759, "time_iter": 0.05161, "accuracy": 0.66553, "precision": 0.67548, "recall": 0.64341, "f1": 0.65906, "auc": 0.74303}
{"epoch": 14, "time_epoch": 6.68516, "eta": 669.26412, "eta_hours": 0.18591, "loss": 0.58449404, "lr": 0.00095241, "params": 6759, "time_iter": 0.05182, "accuracy": 0.67624, "precision": 0.69752, "recall": 0.62791, "f1": 0.66089, "auc": 0.74928}
{"epoch": 15, "time_epoch": 6.87512, "eta": 656.14788, "eta_hours": 0.18226, "loss": 0.58161766, "lr": 0.0009455, "params": 6759, "time_iter": 0.0533, "accuracy": 0.68403, "precision": 0.70222, "recall": 0.64438, "f1": 0.67206, "auc": 0.75779}
{"epoch": 16, "time_epoch": 6.57945, "eta": 642.32232, "eta_hours": 0.17842, "loss": 0.57846772, "lr": 0.00093815, "params": 6759, "time_iter": 0.051, "accuracy": 0.6777, "precision": 0.68994, "recall": 0.65116, "f1": 0.66999, "auc": 0.76148}
{"epoch": 17, "time_epoch": 6.93334, "eta": 630.91407, "eta_hours": 0.17525, "loss": 0.57632115, "lr": 0.00093037, "params": 6759, "time_iter": 0.05375, "accuracy": 0.69377, "precision": 0.70624, "recall": 0.6686, "f1": 0.68691, "auc": 0.76924}
{"epoch": 18, "time_epoch": 6.94691, "eta": 620.03473, "eta_hours": 0.17223, "loss": 0.58120419, "lr": 0.00092216, "params": 6759, "time_iter": 0.05385, "accuracy": 0.69036, "precision": 0.70798, "recall": 0.6531, "f1": 0.67944, "auc": 0.76177}
{"epoch": 19, "time_epoch": 6.5688, "eta": 608.03617, "eta_hours": 0.1689, "loss": 0.57200781, "lr": 0.00091354, "params": 6759, "time_iter": 0.05092, "accuracy": 0.68354, "precision": 0.70021, "recall": 0.64729, "f1": 0.67271, "auc": 0.76526}
{"epoch": 20, "time_epoch": 6.72055, "eta": 597.12562, "eta_hours": 0.16587, "loss": 0.57098257, "lr": 0.00090451, "params": 6759, "time_iter": 0.0521, "accuracy": 0.6962, "precision": 0.70606, "recall": 0.67733, "f1": 0.69139, "auc": 0.77084}
{"epoch": 21, "time_epoch": 6.37038, "eta": 585.35445, "eta_hours": 0.1626, "loss": 0.56107944, "lr": 0.00089508, "params": 6759, "time_iter": 0.04938, "accuracy": 0.70886, "precision": 0.71528, "recall": 0.69864, "f1": 0.70686, "auc": 0.78131}
{"epoch": 22, "time_epoch": 6.41685, "eta": 574.20848, "eta_hours": 0.1595, "loss": 0.56582123, "lr": 0.00088526, "params": 6759, "time_iter": 0.04974, "accuracy": 0.69669, "precision": 0.70846, "recall": 0.67345, "f1": 0.69051, "auc": 0.77768}
{"epoch": 23, "time_epoch": 7.11323, "eta": 565.66183, "eta_hours": 0.15713, "loss": 0.5578621, "lr": 0.00087506, "params": 6759, "time_iter": 0.05514, "accuracy": 0.7001, "precision": 0.708, "recall": 0.68605, "f1": 0.69685, "auc": 0.78144}
{"epoch": 24, "time_epoch": 6.62525, "eta": 555.76592, "eta_hours": 0.15438, "loss": 0.56358063, "lr": 0.00086448, "params": 6759, "time_iter": 0.05136, "accuracy": 0.70107, "precision": 0.71026, "recall": 0.68411, "f1": 0.69694, "auc": 0.7819}
{"epoch": 25, "time_epoch": 6.39968, "eta": 545.47956, "eta_hours": 0.15152, "loss": 0.55254087, "lr": 0.00085355, "params": 6759, "time_iter": 0.04961, "accuracy": 0.71276, "precision": 0.71881, "recall": 0.70349, "f1": 0.71107, "auc": 0.78759}
{"epoch": 26, "time_epoch": 6.77569, "eta": 536.49775, "eta_hours": 0.14903, "loss": 0.55538313, "lr": 0.00084227, "params": 6759, "time_iter": 0.05252, "accuracy": 0.71373, "precision": 0.72244, "recall": 0.69864, "f1": 0.71034, "auc": 0.78693}
{"epoch": 27, "time_epoch": 10.44666, "eta": 537.11314, "eta_hours": 0.1492, "loss": 0.55179272, "lr": 0.00083066, "params": 6759, "time_iter": 0.08098, "accuracy": 0.71373, "precision": 0.71937, "recall": 0.70543, "f1": 0.71233, "auc": 0.79005}
{"epoch": 28, "time_epoch": 12.86432, "eta": 542.88473, "eta_hours": 0.1508, "loss": 0.5540278, "lr": 0.00081871, "params": 6759, "time_iter": 0.09972, "accuracy": 0.71276, "precision": 0.71709, "recall": 0.70736, "f1": 0.7122, "auc": 0.79053}
{"epoch": 29, "time_epoch": 11.62567, "eta": 544.52374, "eta_hours": 0.15126, "loss": 0.54938015, "lr": 0.00080645, "params": 6759, "time_iter": 0.09012, "accuracy": 0.71276, "precision": 0.71128, "recall": 0.72093, "f1": 0.71607, "auc": 0.79565}
{"epoch": 30, "time_epoch": 13.97039, "eta": 550.52586, "eta_hours": 0.15292, "loss": 0.54624176, "lr": 0.00079389, "params": 6759, "time_iter": 0.1083, "accuracy": 0.71276, "precision": 0.71332, "recall": 0.71609, "f1": 0.7147, "auc": 0.79353}
{"epoch": 31, "time_epoch": 12.81641, "eta": 552.8275, "eta_hours": 0.15356, "loss": 0.54689834, "lr": 0.00078104, "params": 6759, "time_iter": 0.09935, "accuracy": 0.71714, "precision": 0.7183, "recall": 0.71899, "f1": 0.71864, "auc": 0.79678}
{"epoch": 32, "time_epoch": 12.99049, "eta": 554.56633, "eta_hours": 0.15405, "loss": 0.54364973, "lr": 0.00076791, "params": 6759, "time_iter": 0.1007, "accuracy": 0.72055, "precision": 0.72809, "recall": 0.70833, "f1": 0.71807, "auc": 0.80189}
{"epoch": 33, "time_epoch": 11.09241, "eta": 551.75421, "eta_hours": 0.15327, "loss": 0.54315733, "lr": 0.00075452, "params": 6759, "time_iter": 0.08599, "accuracy": 0.72395, "precision": 0.72595, "recall": 0.72384, "f1": 0.72489, "auc": 0.798}
{"epoch": 34, "time_epoch": 10.97248, "eta": 548.2462, "eta_hours": 0.15229, "loss": 0.5395819, "lr": 0.00074088, "params": 6759, "time_iter": 0.08506, "accuracy": 0.71908, "precision": 0.72637, "recall": 0.70736, "f1": 0.71674, "auc": 0.80296}
{"epoch": 35, "time_epoch": 11.98213, "eta": 546.11844, "eta_hours": 0.1517, "loss": 0.54042509, "lr": 0.000727, "params": 6759, "time_iter": 0.09288, "accuracy": 0.72882, "precision": 0.72469, "recall": 0.74225, "f1": 0.73337, "auc": 0.80162}
{"epoch": 36, "time_epoch": 13.0956, "eta": 545.35391, "eta_hours": 0.15149, "loss": 0.5403709, "lr": 0.00071289, "params": 6759, "time_iter": 0.10152, "accuracy": 0.72833, "precision": 0.73145, "recall": 0.72578, "f1": 0.7286, "auc": 0.80354}
{"epoch": 37, "time_epoch": 12.97708, "eta": 543.74702, "eta_hours": 0.15104, "loss": 0.53026617, "lr": 0.00069857, "params": 6759, "time_iter": 0.1006, "accuracy": 0.72736, "precision": 0.7479, "recall": 0.68992, "f1": 0.71774, "auc": 0.81193}
{"epoch": 38, "time_epoch": 9.925, "eta": 536.78327, "eta_hours": 0.14911, "loss": 0.54558147, "lr": 0.00068406, "params": 6759, "time_iter": 0.07694, "accuracy": 0.72444, "precision": 0.71857, "recall": 0.74225, "f1": 0.73022, "auc": 0.80054}
{"epoch": 39, "time_epoch": 12.72789, "eta": 533.87579, "eta_hours": 0.1483, "loss": 0.52694586, "lr": 0.00066937, "params": 6759, "time_iter": 0.09867, "accuracy": 0.74684, "precision": 0.75, "recall": 0.74419, "f1": 0.74708, "auc": 0.816}
{"epoch": 40, "time_epoch": 12.99324, "eta": 530.87111, "eta_hours": 0.14746, "loss": 0.52989953, "lr": 0.00065451, "params": 6759, "time_iter": 0.10072, "accuracy": 0.72395, "precision": 0.72291, "recall": 0.73062, "f1": 0.72675, "auc": 0.81181}
{"epoch": 41, "time_epoch": 11.74501, "eta": 525.66704, "eta_hours": 0.14602, "loss": 0.53823488, "lr": 0.0006395, "params": 6759, "time_iter": 0.09105, "accuracy": 0.72639, "precision": 0.72296, "recall": 0.73837, "f1": 0.73058, "auc": 0.80614}
{"epoch": 42, "time_epoch": 11.76029, "eta": 520.17899, "eta_hours": 0.14449, "loss": 0.53063768, "lr": 0.00062434, "params": 6759, "time_iter": 0.09117, "accuracy": 0.73028, "precision": 0.73249, "recall": 0.72965, "f1": 0.73107, "auc": 0.81162}
{"epoch": 43, "time_epoch": 9.98241, "eta": 512.14309, "eta_hours": 0.14226, "loss": 0.52828035, "lr": 0.00060907, "params": 6759, "time_iter": 0.07738, "accuracy": 0.74294, "precision": 0.73909, "recall": 0.75484, "f1": 0.74688, "auc": 0.814}
{"epoch": 44, "time_epoch": 11.5017, "eta": 505.87758, "eta_hours": 0.14052, "loss": 0.53383842, "lr": 0.00059369, "params": 6759, "time_iter": 0.08916, "accuracy": 0.73369, "precision": 0.7277, "recall": 0.75097, "f1": 0.73915, "auc": 0.81052}
{"epoch": 45, "time_epoch": 11.28787, "eta": 499.1334, "eta_hours": 0.13865, "loss": 0.52771747, "lr": 0.00057822, "params": 6759, "time_iter": 0.0875, "accuracy": 0.73953, "precision": 0.73871, "recall": 0.74516, "f1": 0.74192, "auc": 0.81912}
{"epoch": 46, "time_epoch": 11.61174, "eta": 492.56108, "eta_hours": 0.13682, "loss": 0.53187544, "lr": 0.00056267, "params": 6759, "time_iter": 0.09001, "accuracy": 0.72833, "precision": 0.72486, "recall": 0.74031, "f1": 0.7325, "auc": 0.81434}
{"epoch": 47, "time_epoch": 10.10496, "eta": 484.14644, "eta_hours": 0.13449, "loss": 0.5213992, "lr": 0.00054705, "params": 6759, "time_iter": 0.07833, "accuracy": 0.73953, "precision": 0.74244, "recall": 0.7374, "f1": 0.73991, "auc": 0.82204}
{"epoch": 48, "time_epoch": 11.74934, "eta": 477.3743, "eta_hours": 0.1326, "loss": 0.52381145, "lr": 0.0005314, "params": 6759, "time_iter": 0.09108, "accuracy": 0.73515, "precision": 0.74351, "recall": 0.7219, "f1": 0.73255, "auc": 0.82003}
{"epoch": 49, "time_epoch": 11.1841, "eta": 469.83784, "eta_hours": 0.13051, "loss": 0.52019752, "lr": 0.00051571, "params": 6759, "time_iter": 0.0867, "accuracy": 0.73174, "precision": 0.72498, "recall": 0.75097, "f1": 0.73774, "auc": 0.81746}
{"epoch": 50, "time_epoch": 11.7542, "eta": 462.70608, "eta_hours": 0.12853, "loss": 0.52127918, "lr": 0.0005, "params": 6759, "time_iter": 0.09112, "accuracy": 0.74537, "precision": 0.74685, "recall": 0.74612, "f1": 0.74649, "auc": 0.82144}
{"epoch": 51, "time_epoch": 11.6803, "eta": 455.32831, "eta_hours": 0.12648, "loss": 0.52763327, "lr": 0.00048429, "params": 6759, "time_iter": 0.09054, "accuracy": 0.74294, "precision": 0.751, "recall": 0.73062, "f1": 0.74067, "auc": 0.81892}
{"epoch": 52, "time_epoch": 11.13432, "eta": 447.30402, "eta_hours": 0.12425, "loss": 0.53399542, "lr": 0.0004686, "params": 6759, "time_iter": 0.08631, "accuracy": 0.73807, "precision": 0.72661, "recall": 0.76744, "f1": 0.74647, "auc": 0.81047}
{"epoch": 53, "time_epoch": 11.97133, "eta": 439.87755, "eta_hours": 0.12219, "loss": 0.5287115, "lr": 0.00045295, "params": 6759, "time_iter": 0.0928, "accuracy": 0.72882, "precision": 0.73262, "recall": 0.72481, "f1": 0.72869, "auc": 0.8166}
{"epoch": 54, "time_epoch": 11.61704, "eta": 431.99593, "eta_hours": 0.12, "loss": 0.52215745, "lr": 0.00043733, "params": 6759, "time_iter": 0.09005, "accuracy": 0.74537, "precision": 0.74078, "recall": 0.75872, "f1": 0.74964, "auc": 0.82048}
{"epoch": 55, "time_epoch": 10.94646, "eta": 423.45402, "eta_hours": 0.11763, "loss": 0.51798034, "lr": 0.00042178, "params": 6759, "time_iter": 0.08486, "accuracy": 0.73612, "precision": 0.73157, "recall": 0.75, "f1": 0.74067, "auc": 0.82242}
{"epoch": 56, "time_epoch": 10.6685, "eta": 414.61806, "eta_hours": 0.11517, "loss": 0.51589384, "lr": 0.00040631, "params": 6759, "time_iter": 0.0827, "accuracy": 0.74586, "precision": 0.74057, "recall": 0.76066, "f1": 0.75048, "auc": 0.82822}
{"epoch": 57, "time_epoch": 10.89713, "eta": 405.88446, "eta_hours": 0.11275, "loss": 0.51427785, "lr": 0.00039093, "params": 6759, "time_iter": 0.08447, "accuracy": 0.74732, "precision": 0.74313, "recall": 0.75969, "f1": 0.75132, "auc": 0.82669}
{"epoch": 58, "time_epoch": 12.48058, "eta": 398.17789, "eta_hours": 0.1106, "loss": 0.51809159, "lr": 0.00037566, "params": 6759, "time_iter": 0.09675, "accuracy": 0.73661, "precision": 0.72923, "recall": 0.75678, "f1": 0.74275, "auc": 0.82423}
{"epoch": 59, "time_epoch": 11.84127, "eta": 389.88597, "eta_hours": 0.1083, "loss": 0.52097296, "lr": 0.0003605, "params": 6759, "time_iter": 0.09179, "accuracy": 0.7444, "precision": 0.73758, "recall": 0.7626, "f1": 0.74988, "auc": 0.82449}
{"epoch": 60, "time_epoch": 11.44316, "eta": 381.22315, "eta_hours": 0.1059, "loss": 0.511912, "lr": 0.00034549, "params": 6759, "time_iter": 0.08871, "accuracy": 0.75122, "precision": 0.75267, "recall": 0.75194, "f1": 0.7523, "auc": 0.82995}
{"epoch": 61, "time_epoch": 11.14854, "eta": 372.29008, "eta_hours": 0.10341, "loss": 0.50702386, "lr": 0.00033063, "params": 6759, "time_iter": 0.08642, "accuracy": 0.75268, "precision": 0.74717, "recall": 0.76744, "f1": 0.75717, "auc": 0.83401}
{"epoch": 62, "time_epoch": 11.6481, "eta": 363.58006, "eta_hours": 0.10099, "loss": 0.51516056, "lr": 0.00031594, "params": 6759, "time_iter": 0.0903, "accuracy": 0.74684, "precision": 0.73925, "recall": 0.76647, "f1": 0.75262, "auc": 0.82775}
{"epoch": 63, "time_epoch": 10.40973, "eta": 354.08165, "eta_hours": 0.09836, "loss": 0.50521594, "lr": 0.00030143, "params": 6759, "time_iter": 0.0807, "accuracy": 0.75852, "precision": 0.75379, "recall": 0.77132, "f1": 0.76245, "auc": 0.83407}
{"epoch": 64, "time_epoch": 11.69312, "eta": 345.24625, "eta_hours": 0.0959, "loss": 0.51227479, "lr": 0.00028711, "params": 6759, "time_iter": 0.09064, "accuracy": 0.74927, "precision": 0.74272, "recall": 0.76647, "f1": 0.75441, "auc": 0.82785}
{"epoch": 65, "time_epoch": 12.17055, "eta": 336.5702, "eta_hours": 0.09349, "loss": 0.51433772, "lr": 0.000273, "params": 6759, "time_iter": 0.09435, "accuracy": 0.75365, "precision": 0.75435, "recall": 0.75581, "f1": 0.75508, "auc": 0.83331}
{"epoch": 66, "time_epoch": 11.82123, "eta": 327.61779, "eta_hours": 0.091, "loss": 0.51407988, "lr": 0.00025912, "params": 6759, "time_iter": 0.09164, "accuracy": 0.75219, "precision": 0.75266, "recall": 0.75484, "f1": 0.75375, "auc": 0.83106}
{"epoch": 67, "time_epoch": 10.15915, "eta": 317.79884, "eta_hours": 0.08828, "loss": 0.50788833, "lr": 0.00024548, "params": 6759, "time_iter": 0.07875, "accuracy": 0.75463, "precision": 0.74444, "recall": 0.77907, "f1": 0.76136, "auc": 0.83513}
{"epoch": 68, "time_epoch": 12.25507, "eta": 308.91168, "eta_hours": 0.08581, "loss": 0.50785216, "lr": 0.00023209, "params": 6759, "time_iter": 0.095, "accuracy": 0.74927, "precision": 0.75318, "recall": 0.74516, "f1": 0.74915, "auc": 0.836}
{"epoch": 69, "time_epoch": 11.104, "eta": 299.43498, "eta_hours": 0.08318, "loss": 0.51118747, "lr": 0.00021896, "params": 6759, "time_iter": 0.08608, "accuracy": 0.76144, "precision": 0.75186, "recall": 0.78391, "f1": 0.76755, "auc": 0.83331}
{"epoch": 70, "time_epoch": 10.25162, "eta": 289.56428, "eta_hours": 0.08043, "loss": 0.50287324, "lr": 0.00020611, "params": 6759, "time_iter": 0.07947, "accuracy": 0.75998, "precision": 0.76089, "recall": 0.76163, "f1": 0.76126, "auc": 0.83728}
{"epoch": 71, "time_epoch": 8.45965, "eta": 278.98612, "eta_hours": 0.0775, "loss": 0.50648868, "lr": 0.00019355, "params": 6759, "time_iter": 0.06558, "accuracy": 0.76047, "precision": 0.75568, "recall": 0.77326, "f1": 0.76437, "auc": 0.83597}
{"epoch": 72, "time_epoch": 10.99038, "eta": 269.40203, "eta_hours": 0.07483, "loss": 0.50140389, "lr": 0.00018129, "params": 6759, "time_iter": 0.0852, "accuracy": 0.75706, "precision": 0.76, "recall": 0.75484, "f1": 0.75741, "auc": 0.83761}
{"epoch": 73, "time_epoch": 12.34715, "eta": 260.25663, "eta_hours": 0.07229, "loss": 0.5156023, "lr": 0.00016934, "params": 6759, "time_iter": 0.09571, "accuracy": 0.75219, "precision": 0.74647, "recall": 0.76744, "f1": 0.75681, "auc": 0.82813}
{"epoch": 74, "time_epoch": 13.24073, "eta": 251.32371, "eta_hours": 0.06981, "loss": 0.51771774, "lr": 0.00015773, "params": 6759, "time_iter": 0.10264, "accuracy": 0.74732, "precision": 0.7395, "recall": 0.76744, "f1": 0.75321, "auc": 0.82756}
{"epoch": 75, "time_epoch": 10.63332, "eta": 241.45404, "eta_hours": 0.06707, "loss": 0.50564091, "lr": 0.00014645, "params": 6759, "time_iter": 0.08243, "accuracy": 0.74002, "precision": 0.73988, "recall": 0.74419, "f1": 0.74203, "auc": 0.83265}
{"epoch": 76, "time_epoch": 14.18536, "eta": 232.62553, "eta_hours": 0.06462, "loss": 0.50516806, "lr": 0.00013552, "params": 6759, "time_iter": 0.10996, "accuracy": 0.75268, "precision": 0.74952, "recall": 0.7626, "f1": 0.756, "auc": 0.83795}
{"epoch": 77, "time_epoch": 12.61726, "eta": 223.21738, "eta_hours": 0.062, "loss": 0.50634442, "lr": 0.00012494, "params": 6759, "time_iter": 0.09781, "accuracy": 0.75463, "precision": 0.74953, "recall": 0.76841, "f1": 0.75885, "auc": 0.837}
{"epoch": 78, "time_epoch": 11.09051, "eta": 213.32214, "eta_hours": 0.05926, "loss": 0.50544665, "lr": 0.00011474, "params": 6759, "time_iter": 0.08597, "accuracy": 0.75268, "precision": 0.7417, "recall": 0.77907, "f1": 0.75992, "auc": 0.8352}
{"epoch": 79, "time_epoch": 12.76279, "eta": 203.81509, "eta_hours": 0.05662, "loss": 0.49628289, "lr": 0.00010492, "params": 6759, "time_iter": 0.09894, "accuracy": 0.75219, "precision": 0.74508, "recall": 0.77035, "f1": 0.7575, "auc": 0.84102}
{"epoch": 80, "time_epoch": 10.46313, "eta": 193.68823, "eta_hours": 0.0538, "loss": 0.49862332, "lr": 9.549e-05, "params": 6759, "time_iter": 0.08111, "accuracy": 0.75657, "precision": 0.75094, "recall": 0.77132, "f1": 0.76099, "auc": 0.84102}
{"epoch": 81, "time_epoch": 10.4145, "eta": 183.54249, "eta_hours": 0.05098, "loss": 0.51107521, "lr": 8.646e-05, "params": 6759, "time_iter": 0.08073, "accuracy": 0.75365, "precision": 0.74534, "recall": 0.77422, "f1": 0.75951, "auc": 0.83264}
{"epoch": 82, "time_epoch": 11.10712, "eta": 173.53214, "eta_hours": 0.0482, "loss": 0.49892407, "lr": 7.784e-05, "params": 6759, "time_iter": 0.0861, "accuracy": 0.75998, "precision": 0.75938, "recall": 0.76453, "f1": 0.76195, "auc": 0.83921}
{"epoch": 83, "time_epoch": 10.93994, "eta": 163.46382, "eta_hours": 0.04541, "loss": 0.49747966, "lr": 6.963e-05, "params": 6759, "time_iter": 0.08481, "accuracy": 0.75463, "precision": 0.74673, "recall": 0.77422, "f1": 0.76023, "auc": 0.84149}
{"epoch": 84, "time_epoch": 11.07687, "eta": 153.39917, "eta_hours": 0.04261, "loss": 0.50799809, "lr": 6.185e-05, "params": 6759, "time_iter": 0.08587, "accuracy": 0.74732, "precision": 0.74687, "recall": 0.75194, "f1": 0.7494, "auc": 0.83485}
{"epoch": 85, "time_epoch": 11.86328, "eta": 143.43899, "eta_hours": 0.03984, "loss": 0.49888513, "lr": 5.45e-05, "params": 6759, "time_iter": 0.09196, "accuracy": 0.75706, "precision": 0.74883, "recall": 0.77713, "f1": 0.76272, "auc": 0.83717}
{"epoch": 86, "time_epoch": 10.44618, "eta": 133.22331, "eta_hours": 0.03701, "loss": 0.49608888, "lr": 4.759e-05, "params": 6759, "time_iter": 0.08098, "accuracy": 0.7629, "precision": 0.75683, "recall": 0.7781, "f1": 0.76732, "auc": 0.84113}
{"epoch": 87, "time_epoch": 11.95503, "eta": 123.20815, "eta_hours": 0.03422, "loss": 0.49822467, "lr": 4.112e-05, "params": 6759, "time_iter": 0.09267, "accuracy": 0.75755, "precision": 0.75141, "recall": 0.77326, "f1": 0.76218, "auc": 0.83825}
{"epoch": 88, "time_epoch": 11.41007, "eta": 113.08204, "eta_hours": 0.03141, "loss": 0.50469217, "lr": 3.511e-05, "params": 6759, "time_iter": 0.08845, "accuracy": 0.75268, "precision": 0.74764, "recall": 0.76647, "f1": 0.75694, "auc": 0.83454}
{"epoch": 89, "time_epoch": 10.11322, "eta": 102.7833, "eta_hours": 0.02855, "loss": 0.49781266, "lr": 2.956e-05, "params": 6759, "time_iter": 0.0784, "accuracy": 0.75609, "precision": 0.7493, "recall": 0.77326, "f1": 0.76109, "auc": 0.84042}
{"epoch": 90, "time_epoch": 11.46678, "eta": 92.62251, "eta_hours": 0.02573, "loss": 0.49794131, "lr": 2.447e-05, "params": 6759, "time_iter": 0.08889, "accuracy": 0.76193, "precision": 0.75541, "recall": 0.7781, "f1": 0.76659, "auc": 0.84019}
{"epoch": 91, "time_epoch": 10.80411, "eta": 82.37571, "eta_hours": 0.02288, "loss": 0.497476, "lr": 1.985e-05, "params": 6759, "time_iter": 0.08375, "accuracy": 0.75706, "precision": 0.7493, "recall": 0.77616, "f1": 0.76249, "auc": 0.84007}
{"epoch": 92, "time_epoch": 11.73845, "eta": 72.18724, "eta_hours": 0.02005, "loss": 0.49531664, "lr": 1.571e-05, "params": 6759, "time_iter": 0.091, "accuracy": 0.75316, "precision": 0.74602, "recall": 0.77132, "f1": 0.75846, "auc": 0.84054}
{"epoch": 93, "time_epoch": 10.18009, "eta": 61.86633, "eta_hours": 0.01719, "loss": 0.51265994, "lr": 1.204e-05, "params": 6759, "time_iter": 0.07892, "accuracy": 0.73953, "precision": 0.73466, "recall": 0.75388, "f1": 0.74414, "auc": 0.82918}
{"epoch": 94, "time_epoch": 14.03596, "eta": 51.75132, "eta_hours": 0.01438, "loss": 0.50638047, "lr": 8.86e-06, "params": 6759, "time_iter": 0.10881, "accuracy": 0.75268, "precision": 0.74349, "recall": 0.77519, "f1": 0.75901, "auc": 0.83302}
{"epoch": 95, "time_epoch": 11.68285, "eta": 41.45658, "eta_hours": 0.01152, "loss": 0.49925978, "lr": 6.16e-06, "params": 6759, "time_iter": 0.09056, "accuracy": 0.75463, "precision": 0.75, "recall": 0.76744, "f1": 0.75862, "auc": 0.84079}
{"epoch": 96, "time_epoch": 12.01027, "eta": 31.14335, "eta_hours": 0.00865, "loss": 0.49674193, "lr": 3.94e-06, "params": 6759, "time_iter": 0.0931, "accuracy": 0.7629, "precision": 0.75302, "recall": 0.78585, "f1": 0.76908, "auc": 0.84118}
{"epoch": 97, "time_epoch": 12.7735, "eta": 20.81106, "eta_hours": 0.00578, "loss": 0.50821064, "lr": 2.22e-06, "params": 6759, "time_iter": 0.09902, "accuracy": 0.75901, "precision": 0.75547, "recall": 0.76938, "f1": 0.76236, "auc": 0.83479}
{"epoch": 98, "time_epoch": 13.52604, "eta": 10.43705, "eta_hours": 0.0029, "loss": 0.49928459, "lr": 9.9e-07, "params": 6759, "time_iter": 0.10485, "accuracy": 0.7629, "precision": 0.75208, "recall": 0.78779, "f1": 0.76952, "auc": 0.83837}
{"epoch": 99, "time_epoch": 11.42358, "eta": 0.0, "eta_hours": 0.0, "loss": 0.49911336, "lr": 2.5e-07, "params": 6759, "time_iter": 0.08855, "accuracy": 0.76485, "precision": 0.75678, "recall": 0.78391, "f1": 0.77011, "auc": 0.84066}
