{"epoch": 0, "time_epoch": 84.92934, "eta": 8408.00477, "eta_hours": 2.33556, "loss": 0.69380626, "lr": 0.001, "params": 4143, "time_iter": 0.65837, "accuracy": 0.50049, "precision": 0.50177, "recall": 0.82461, "f1": 0.6239, "auc": 0.4864}
{"epoch": 1, "time_epoch": 90.13305, "eta": 8578.05714, "eta_hours": 2.38279, "loss": 0.69347107, "lr": 0.00099975, "params": 4143, "time_iter": 0.69871, "accuracy": 0.49416, "precision": 0.49718, "recall": 0.5969, "f1": 0.54249, "auc": 0.48443}
{"epoch": 2, "time_epoch": 85.49304, "eta": 8424.62543, "eta_hours": 2.34017, "loss": 0.69336894, "lr": 0.00099901, "params": 4143, "time_iter": 0.66274, "accuracy": 0.50097, "precision": 0.5058, "recall": 0.29554, "f1": 0.37309, "auc": 0.48699}
{"epoch": 3, "time_epoch": 87.69886, "eta": 8358.10297, "eta_hours": 2.3217, "loss": 0.69348789, "lr": 0.00099778, "params": 4143, "time_iter": 0.67984, "accuracy": 0.49172, "precision": 0.49588, "recall": 0.69961, "f1": 0.58039, "auc": 0.48815}
{"epoch": 4, "time_epoch": 92.10562, "eta": 8366.83823, "eta_hours": 2.32412, "loss": 0.6933881, "lr": 0.00099606, "params": 4143, "time_iter": 0.714, "accuracy": 0.48978, "precision": 0.49579, "recall": 0.91182, "f1": 0.64232, "auc": 0.4807}
{"epoch": 5, "time_epoch": 87.02261, "eta": 8262.32602, "eta_hours": 2.29509, "loss": 0.69336138, "lr": 0.00099384, "params": 4143, "time_iter": 0.67459, "accuracy": 0.48685, "precision": 0.49196, "recall": 0.65213, "f1": 0.56083, "auc": 0.4832}
{"epoch": 6, "time_epoch": 86.91084, "eta": 8161.32594, "eta_hours": 2.26703, "loss": 0.69346052, "lr": 0.00099114, "params": 4143, "time_iter": 0.67373, "accuracy": 0.48832, "precision": 0.49444, "recall": 0.8188, "f1": 0.61656, "auc": 0.46451}
{"epoch": 7, "time_epoch": 85.50272, "eta": 8047.65483, "eta_hours": 2.23546, "loss": 0.69365151, "lr": 0.00098796, "params": 4143, "time_iter": 0.66281, "accuracy": 0.49513, "precision": 0.49844, "recall": 0.77326, "f1": 0.60615, "auc": 0.48215}
{"epoch": 8, "time_epoch": 89.91701, "eta": 7984.87671, "eta_hours": 2.21802, "loss": 0.69337374, "lr": 0.00098429, "params": 4143, "time_iter": 0.69703, "accuracy": 0.49075, "precision": 0.49134, "recall": 0.38469, "f1": 0.43152, "auc": 0.47261}
{"epoch": 9, "time_epoch": 84.33471, "eta": 7866.43011, "eta_hours": 2.18512, "loss": 0.69337972, "lr": 0.00098015, "params": 4143, "time_iter": 0.65376, "accuracy": 0.48978, "precision": 0.49555, "recall": 0.86337, "f1": 0.62968, "auc": 0.47492}
{"epoch": 10, "time_epoch": 88.44296, "eta": 7787.42514, "eta_hours": 2.16317, "loss": 0.69334877, "lr": 0.00097553, "params": 4143, "time_iter": 0.6856, "accuracy": 0.49318, "precision": 0.49713, "recall": 0.75581, "f1": 0.59977, "auc": 0.48448}
{"epoch": 11, "time_epoch": 85.22423, "eta": 7683.24316, "eta_hours": 2.13423, "loss": 0.69334025, "lr": 0.00097044, "params": 4143, "time_iter": 0.66065, "accuracy": 0.48783, "precision": 0.49266, "recall": 0.65019, "f1": 0.56057, "auc": 0.4808}
{"epoch": 12, "time_epoch": 84.78334, "eta": 7579.0272, "eta_hours": 2.10529, "loss": 0.69326949, "lr": 0.00096489, "params": 4143, "time_iter": 0.65724, "accuracy": 0.49757, "precision": 0.5, "recall": 0.9874, "f1": 0.66384, "auc": 0.44721}
{"epoch": 13, "time_epoch": 85.37727, "eta": 7481.23576, "eta_hours": 2.07812, "loss": 0.69325553, "lr": 0.00095888, "params": 4143, "time_iter": 0.66184, "accuracy": 0.49951, "precision": 0.50412, "recall": 0.2374, "f1": 0.32279, "auc": 0.49804}
{"epoch": 14, "time_epoch": 89.00421, "eta": 7405.65221, "eta_hours": 2.05713, "loss": 0.69356968, "lr": 0.00095241, "params": 4143, "time_iter": 0.68996, "accuracy": 0.4927, "precision": 0.4963, "recall": 0.64922, "f1": 0.56255, "auc": 0.47679}
{"epoch": 15, "time_epoch": 85.94944, "eta": 7312.35352, "eta_hours": 2.03121, "loss": 0.69324015, "lr": 0.0009455, "params": 4143, "time_iter": 0.66627, "accuracy": 0.50243, "precision": 0.50243, "recall": 1.0, "f1": 0.66883, "auc": 0.49575}
{"epoch": 16, "time_epoch": 85.80636, "eta": 7219.2209, "eta_hours": 2.00534, "loss": 0.69341418, "lr": 0.00093815, "params": 4143, "time_iter": 0.66517, "accuracy": 0.49757, "precision": 0.5, "recall": 0.09593, "f1": 0.16098, "auc": 0.47804}
{"epoch": 17, "time_epoch": 90.11616, "eta": 7146.5358, "eta_hours": 1.98515, "loss": 0.69335538, "lr": 0.00093037, "params": 4143, "time_iter": 0.69857, "accuracy": 0.50243, "precision": 0.50243, "recall": 1.0, "f1": 0.66883, "auc": 0.45935}
{"epoch": 18, "time_epoch": 83.98718, "eta": 7045.88708, "eta_hours": 1.95719, "loss": 0.69335128, "lr": 0.00092216, "params": 4143, "time_iter": 0.65106, "accuracy": 0.50243, "precision": 0.50243, "recall": 1.0, "f1": 0.66883, "auc": 0.47277}
{"epoch": 19, "time_epoch": 83.69644, "eta": 6945.74153, "eta_hours": 1.92937, "loss": 0.69347927, "lr": 0.00091354, "params": 4143, "time_iter": 0.64881, "accuracy": 0.49367, "precision": 0.49564, "recall": 0.44089, "f1": 0.46667, "auc": 0.48779}
{"epoch": 20, "time_epoch": 87.50633, "eta": 6861.49501, "eta_hours": 1.90597, "loss": 0.69339107, "lr": 0.00090451, "params": 4143, "time_iter": 0.67834, "accuracy": 0.50243, "precision": 0.50243, "recall": 1.0, "f1": 0.66883, "auc": 0.48108}
{"epoch": 21, "time_epoch": 86.48944, "eta": 6773.34679, "eta_hours": 1.88149, "loss": 0.69333191, "lr": 0.00089508, "params": 4143, "time_iter": 0.67046, "accuracy": 0.48783, "precision": 0.49412, "recall": 0.81492, "f1": 0.61522, "auc": 0.47296}
{"epoch": 22, "time_epoch": 90.66923, "eta": 6699.33606, "eta_hours": 1.86093, "loss": 0.69337683, "lr": 0.00088526, "params": 4143, "time_iter": 0.70286, "accuracy": 0.50243, "precision": 0.50243, "recall": 1.0, "f1": 0.66883, "auc": 0.48618}
{"epoch": 23, "time_epoch": 88.62823, "eta": 6617.47394, "eta_hours": 1.83819, "loss": 0.69338222, "lr": 0.00087506, "params": 4143, "time_iter": 0.68704, "accuracy": 0.48345, "precision": 0.47461, "recall": 0.2626, "f1": 0.33812, "auc": 0.46305}
{"epoch": 24, "time_epoch": 88.93936, "eta": 6536.00392, "eta_hours": 1.81556, "loss": 0.6932188, "lr": 0.00086448, "params": 4143, "time_iter": 0.68945, "accuracy": 0.50243, "precision": 0.50243, "recall": 1.0, "f1": 0.66883, "auc": 0.47877}
{"epoch": 25, "time_epoch": 86.96988, "eta": 6448.35389, "eta_hours": 1.79121, "loss": 0.69326509, "lr": 0.00085355, "params": 4143, "time_iter": 0.67419, "accuracy": 0.50243, "precision": 0.50243, "recall": 1.0, "f1": 0.66883, "auc": 0.47525}
{"epoch": 26, "time_epoch": 89.74068, "eta": 6368.24566, "eta_hours": 1.76896, "loss": 0.69330173, "lr": 0.00084227, "params": 4143, "time_iter": 0.69566, "accuracy": 0.50243, "precision": 0.50243, "recall": 1.0, "f1": 0.66883, "auc": 0.46644}
{"epoch": 27, "time_epoch": 88.42981, "eta": 6284.0786, "eta_hours": 1.74558, "loss": 0.69331815, "lr": 0.00083066, "params": 4143, "time_iter": 0.6855, "accuracy": 0.46446, "precision": 0.46239, "recall": 0.40504, "f1": 0.43182, "auc": 0.45257}
{"epoch": 28, "time_epoch": 82.11373, "eta": 6184.15404, "eta_hours": 1.71782, "loss": 0.69332674, "lr": 0.00081871, "params": 4143, "time_iter": 0.63654, "accuracy": 0.49854, "precision": 0.50049, "recall": 0.98062, "f1": 0.66274, "auc": 0.48203}
{"epoch": 29, "time_epoch": 90.33829, "eta": 6104.60751, "eta_hours": 1.69572, "loss": 0.69325396, "lr": 0.00080645, "params": 4143, "time_iter": 0.7003, "accuracy": 0.49075, "precision": 0.48763, "recall": 0.26744, "f1": 0.34543, "auc": 0.48514}
{"epoch": 30, "time_epoch": 86.48776, "eta": 6015.79422, "eta_hours": 1.67105, "loss": 0.69330737, "lr": 0.00079389, "params": 4143, "time_iter": 0.67045, "accuracy": 0.50243, "precision": 0.50243, "recall": 1.0, "f1": 0.66883, "auc": 0.48692}
{"epoch": 31, "time_epoch": 82.40124, "eta": 5918.4424, "eta_hours": 1.64401, "loss": 0.69338651, "lr": 0.00078104, "params": 4143, "time_iter": 0.63877, "accuracy": 0.48685, "precision": 0.49388, "recall": 0.86047, "f1": 0.62756, "auc": 0.46928}
{"epoch": 32, "time_epoch": 86.42205, "eta": 5830.16015, "eta_hours": 1.61949, "loss": 0.69326285, "lr": 0.00076791, "params": 4143, "time_iter": 0.66994, "accuracy": 0.48978, "precision": 0.4947, "recall": 0.72384, "f1": 0.58773, "auc": 0.47385}
{"epoch": 33, "time_epoch": 87.27883, "eta": 5743.65047, "eta_hours": 1.59546, "loss": 0.6933968, "lr": 0.00075452, "params": 4143, "time_iter": 0.67658, "accuracy": 0.49562, "precision": 0.499, "recall": 0.96705, "f1": 0.65831, "auc": 0.47185}
{"epoch": 34, "time_epoch": 90.50241, "eta": 5663.08349, "eta_hours": 1.57308, "loss": 0.69330172, "lr": 0.00074088, "params": 4143, "time_iter": 0.70157, "accuracy": 0.49903, "precision": 0.50074, "recall": 0.98643, "f1": 0.66427, "auc": 0.4608}
{"epoch": 35, "time_epoch": 87.56207, "eta": 5576.73728, "eta_hours": 1.54909, "loss": 0.69321931, "lr": 0.000727, "params": 4143, "time_iter": 0.67878, "accuracy": 0.50243, "precision": 0.50243, "recall": 1.0, "f1": 0.66883, "auc": 0.4754}
{"epoch": 36, "time_epoch": 85.99399, "eta": 5487.65537, "eta_hours": 1.52435, "loss": 0.69322518, "lr": 0.00071289, "params": 4143, "time_iter": 0.66662, "accuracy": 0.50243, "precision": 0.50243, "recall": 1.0, "f1": 0.66883, "auc": 0.48878}
{"epoch": 37, "time_epoch": 86.35059, "eta": 5399.3178, "eta_hours": 1.49981, "loss": 0.69327261, "lr": 0.00069857, "params": 4143, "time_iter": 0.66938, "accuracy": 0.47663, "precision": 0.47966, "recall": 0.49128, "f1": 0.4854, "auc": 0.46862}
{"epoch": 38, "time_epoch": 87.51882, "eta": 5312.90936, "eta_hours": 1.47581, "loss": 0.69321928, "lr": 0.00068406, "params": 4143, "time_iter": 0.67844, "accuracy": 0.49611, "precision": 0.49868, "recall": 0.54845, "f1": 0.52238, "auc": 0.48983}
{"epoch": 39, "time_epoch": 83.11376, "eta": 5219.83781, "eta_hours": 1.44995, "loss": 0.69325226, "lr": 0.00066937, "params": 4143, "time_iter": 0.64429, "accuracy": 0.48783, "precision": 0.4918, "recall": 0.5814, "f1": 0.53286, "auc": 0.46931}
{"epoch": 40, "time_epoch": 91.9377, "eta": 5139.94987, "eta_hours": 1.42776, "loss": 0.69327742, "lr": 0.00065451, "params": 4143, "time_iter": 0.7127, "accuracy": 0.50243, "precision": 0.50243, "recall": 1.0, "f1": 0.66883, "auc": 0.48465}
{"epoch": 41, "time_epoch": 88.7234, "eta": 5055.04934, "eta_hours": 1.40418, "loss": 0.69322711, "lr": 0.0006395, "params": 4143, "time_iter": 0.68778, "accuracy": 0.49318, "precision": 0.49699, "recall": 0.71996, "f1": 0.58805, "auc": 0.4791}
{"epoch": 42, "time_epoch": 90.03626, "eta": 4971.71131, "eta_hours": 1.38103, "loss": 0.69324845, "lr": 0.00062434, "params": 4143, "time_iter": 0.69796, "accuracy": 0.50243, "precision": 0.50243, "recall": 1.0, "f1": 0.66883, "auc": 0.47888}
{"epoch": 43, "time_epoch": 88.49381, "eta": 4886.10569, "eta_hours": 1.35725, "loss": 0.69320827, "lr": 0.00060907, "params": 4143, "time_iter": 0.686, "accuracy": 0.50243, "precision": 0.50243, "recall": 1.0, "f1": 0.66883, "auc": 0.46328}
{"epoch": 44, "time_epoch": 85.88205, "eta": 4797.17955, "eta_hours": 1.33255, "loss": 0.69326398, "lr": 0.00059369, "params": 4143, "time_iter": 0.66575, "accuracy": 0.48442, "precision": 0.43284, "recall": 0.0843, "f1": 0.14112, "auc": 0.47086}
{"epoch": 45, "time_epoch": 89.8417, "eta": 4713.03405, "eta_hours": 1.30918, "loss": 0.69321931, "lr": 0.00057822, "params": 4143, "time_iter": 0.69645, "accuracy": 0.49562, "precision": 0.49898, "recall": 0.94671, "f1": 0.65351, "auc": 0.47731}
{"epoch": 46, "time_epoch": 89.05547, "eta": 4627.75957, "eta_hours": 1.28549, "loss": 0.69325408, "lr": 0.00056267, "params": 4143, "time_iter": 0.69035, "accuracy": 0.50243, "precision": 0.50243, "recall": 1.0, "f1": 0.66883, "auc": 0.47895}
{"epoch": 47, "time_epoch": 83.76529, "eta": 4536.5965, "eta_hours": 1.26017, "loss": 0.69325227, "lr": 0.00054705, "params": 4143, "time_iter": 0.64934, "accuracy": 0.49367, "precision": 0.49693, "recall": 0.62694, "f1": 0.55441, "auc": 0.47321}
{"epoch": 48, "time_epoch": 82.75032, "eta": 4444.679, "eta_hours": 1.23463, "loss": 0.69321458, "lr": 0.0005314, "params": 4143, "time_iter": 0.64148, "accuracy": 0.50243, "precision": 0.50243, "recall": 1.0, "f1": 0.66883, "auc": 0.47965}
{"epoch": 49, "time_epoch": 91.40147, "eta": 4361.77933, "eta_hours": 1.21161, "loss": 0.69326149, "lr": 0.00051571, "params": 4143, "time_iter": 0.70854, "accuracy": 0.47225, "precision": 0.47695, "recall": 0.52132, "f1": 0.49815, "auc": 0.46835}
{"epoch": 50, "time_epoch": 85.13599, "eta": 4272.52648, "eta_hours": 1.18681, "loss": 0.6932138, "lr": 0.0005, "params": 4143, "time_iter": 0.65997, "accuracy": 0.49464, "precision": 0.49819, "recall": 0.79845, "f1": 0.61355, "auc": 0.48858}
{"epoch": 51, "time_epoch": 87.18741, "eta": 4185.32559, "eta_hours": 1.16259, "loss": 0.6931973, "lr": 0.00048429, "params": 4143, "time_iter": 0.67587, "accuracy": 0.50243, "precision": 0.50243, "recall": 1.0, "f1": 0.66883, "auc": 0.47628}
{"epoch": 52, "time_epoch": 85.9981, "eta": 4097.07054, "eta_hours": 1.13808, "loss": 0.69325082, "lr": 0.0004686, "params": 4143, "time_iter": 0.66665, "accuracy": 0.48296, "precision": 0.48862, "recall": 0.62403, "f1": 0.54809, "auc": 0.48059}
{"epoch": 53, "time_epoch": 85.42973, "eta": 4008.41491, "eta_hours": 1.11345, "loss": 0.69324055, "lr": 0.00045295, "params": 4143, "time_iter": 0.66225, "accuracy": 0.50243, "precision": 0.50243, "recall": 1.0, "f1": 0.66883, "auc": 0.48384}
{"epoch": 54, "time_epoch": 83.27418, "eta": 3918.11296, "eta_hours": 1.08836, "loss": 0.69323009, "lr": 0.00043733, "params": 4143, "time_iter": 0.64554, "accuracy": 0.49172, "precision": 0.49611, "recall": 0.74225, "f1": 0.59472, "auc": 0.47858}
{"epoch": 55, "time_epoch": 77.19457, "eta": 3823.28516, "eta_hours": 1.06202, "loss": 0.69325874, "lr": 0.00042178, "params": 4143, "time_iter": 0.59841, "accuracy": 0.50243, "precision": 0.50243, "recall": 1.0, "f1": 0.66883, "auc": 0.47599}
{"epoch": 56, "time_epoch": 77.68304, "eta": 3729.44457, "eta_hours": 1.03596, "loss": 0.69323632, "lr": 0.00040631, "params": 4143, "time_iter": 0.60219, "accuracy": 0.48978, "precision": 0.49481, "recall": 0.73934, "f1": 0.59285, "auc": 0.47297}
{"epoch": 57, "time_epoch": 77.88966, "eta": 3636.31076, "eta_hours": 1.01009, "loss": 0.69319266, "lr": 0.00039093, "params": 4143, "time_iter": 0.6038, "accuracy": 0.50243, "precision": 0.50243, "recall": 1.0, "f1": 0.66883, "auc": 0.44872}
{"epoch": 58, "time_epoch": 74.55441, "eta": 3541.37598, "eta_hours": 0.98372, "loss": 0.69320983, "lr": 0.00037566, "params": 4143, "time_iter": 0.57794, "accuracy": 0.49464, "precision": 0.49843, "recall": 0.92248, "f1": 0.64718, "auc": 0.47906}
{"epoch": 59, "time_epoch": 73.60817, "eta": 3446.48972, "eta_hours": 0.95736, "loss": 0.6932496, "lr": 0.0003605, "params": 4143, "time_iter": 0.57061, "accuracy": 0.49464, "precision": 0.49833, "recall": 0.86822, "f1": 0.63322, "auc": 0.47696}
{"epoch": 60, "time_epoch": 72.31507, "eta": 3351.47437, "eta_hours": 0.93097, "loss": 0.69320687, "lr": 0.00034549, "params": 4143, "time_iter": 0.56058, "accuracy": 0.50243, "precision": 0.50243, "recall": 1.0, "f1": 0.66883, "auc": 0.47811}
{"epoch": 61, "time_epoch": 62.1998, "eta": 3250.9916, "eta_hours": 0.90305, "loss": 0.693181, "lr": 0.00033063, "params": 4143, "time_iter": 0.48217, "accuracy": 0.50243, "precision": 0.50243, "recall": 1.0, "f1": 0.66883, "auc": 0.47054}
{"epoch": 62, "time_epoch": 64.35832, "eta": 3152.99187, "eta_hours": 0.87583, "loss": 0.6932103, "lr": 0.00031594, "params": 4143, "time_iter": 0.4989, "accuracy": 0.49075, "precision": 0.49581, "recall": 0.80233, "f1": 0.61288, "auc": 0.46869}
{"epoch": 63, "time_epoch": 66.30307, "eta": 3057.13735, "eta_hours": 0.8492, "loss": 0.69317715, "lr": 0.00030143, "params": 4143, "time_iter": 0.51398, "accuracy": 0.50243, "precision": 0.50243, "recall": 1.0, "f1": 0.66883, "auc": 0.47948}
{"epoch": 64, "time_epoch": 64.30589, "eta": 2961.11671, "eta_hours": 0.82253, "loss": 0.69320485, "lr": 0.00028711, "params": 4143, "time_iter": 0.4985, "accuracy": 0.50243, "precision": 0.50243, "recall": 1.0, "f1": 0.66883, "auc": 0.46491}
{"epoch": 65, "time_epoch": 62.2492, "eta": 2864.9976, "eta_hours": 0.79583, "loss": 0.69319814, "lr": 0.000273, "params": 4143, "time_iter": 0.48255, "accuracy": 0.50243, "precision": 0.50243, "recall": 1.0, "f1": 0.66883, "auc": 0.46957}
{"epoch": 66, "time_epoch": 62.12571, "eta": 2769.82872, "eta_hours": 0.7694, "loss": 0.69322197, "lr": 0.00025912, "params": 4143, "time_iter": 0.48159, "accuracy": 0.50243, "precision": 0.50243, "recall": 1.0, "f1": 0.66883, "auc": 0.46756}
{"epoch": 67, "time_epoch": 64.95595, "eta": 2676.96357, "eta_hours": 0.7436, "loss": 0.69320895, "lr": 0.00024548, "params": 4143, "time_iter": 0.50353, "accuracy": 0.50243, "precision": 0.50243, "recall": 1.0, "f1": 0.66883, "auc": 0.46945}
{"epoch": 68, "time_epoch": 64.69414, "eta": 2584.78977, "eta_hours": 0.718, "loss": 0.69319863, "lr": 0.00023209, "params": 4143, "time_iter": 0.5015, "accuracy": 0.49075, "precision": 0.49627, "recall": 0.9031, "f1": 0.64055, "auc": 0.4819}
{"epoch": 69, "time_epoch": 61.99899, "eta": 2492.24603, "eta_hours": 0.69229, "loss": 0.69320206, "lr": 0.00021896, "params": 4143, "time_iter": 0.48061, "accuracy": 0.50243, "precision": 0.50243, "recall": 1.0, "f1": 0.66883, "auc": 0.46993}
{"epoch": 70, "time_epoch": 62.3382, "eta": 2400.70125, "eta_hours": 0.66686, "loss": 0.69318369, "lr": 0.00020611, "params": 4143, "time_iter": 0.48324, "accuracy": 0.50243, "precision": 0.50243, "recall": 1.0, "f1": 0.66883, "auc": 0.46501}
{"epoch": 71, "time_epoch": 63.70965, "eta": 2310.50111, "eta_hours": 0.64181, "loss": 0.69321151, "lr": 0.00019355, "params": 4143, "time_iter": 0.49387, "accuracy": 0.50243, "precision": 0.50243, "recall": 1.0, "f1": 0.66883, "auc": 0.45958}
{"epoch": 72, "time_epoch": 65.28796, "eta": 2221.6105, "eta_hours": 0.61711, "loss": 0.6931639, "lr": 0.00018129, "params": 4143, "time_iter": 0.50611, "accuracy": 0.50243, "precision": 0.50243, "recall": 1.0, "f1": 0.66883, "auc": 0.47963}
{"epoch": 73, "time_epoch": 65.46769, "eta": 2133.42094, "eta_hours": 0.59262, "loss": 0.69317023, "lr": 0.00016934, "params": 4143, "time_iter": 0.5075, "accuracy": 0.50243, "precision": 0.50243, "recall": 1.0, "f1": 0.66883, "auc": 0.47282}
{"epoch": 74, "time_epoch": 62.43491, "eta": 2044.82638, "eta_hours": 0.56801, "loss": 0.69317121, "lr": 0.00015773, "params": 4143, "time_iter": 0.48399, "accuracy": 0.50243, "precision": 0.50243, "recall": 1.0, "f1": 0.66883, "auc": 0.46739}
{"epoch": 75, "time_epoch": 62.533, "eta": 1956.9512, "eta_hours": 0.5436, "loss": 0.69315253, "lr": 0.00014645, "params": 4143, "time_iter": 0.48475, "accuracy": 0.50243, "precision": 0.50243, "recall": 1.0, "f1": 0.66883, "auc": 0.48291}
{"epoch": 76, "time_epoch": 65.61502, "eta": 1870.65486, "eta_hours": 0.51963, "loss": 0.69318431, "lr": 0.00013552, "params": 4143, "time_iter": 0.50864, "accuracy": 0.50243, "precision": 0.50243, "recall": 1.0, "f1": 0.66883, "auc": 0.46722}
{"epoch": 77, "time_epoch": 65.44859, "eta": 1784.84188, "eta_hours": 0.49579, "loss": 0.69316037, "lr": 0.00012494, "params": 4143, "time_iter": 0.50735, "accuracy": 0.50243, "precision": 0.50243, "recall": 1.0, "f1": 0.66883, "auc": 0.46496}
{"epoch": 78, "time_epoch": 62.72866, "eta": 1698.82142, "eta_hours": 0.47189, "loss": 0.69314619, "lr": 0.00011474, "params": 4143, "time_iter": 0.48627, "accuracy": 0.50243, "precision": 0.50243, "recall": 1.0, "f1": 0.66883, "auc": 0.47527}
{"epoch": 79, "time_epoch": 62.28169, "eta": 1613.27152, "eta_hours": 0.44813, "loss": 0.69315757, "lr": 0.00010492, "params": 4143, "time_iter": 0.4828, "accuracy": 0.50243, "precision": 0.50243, "recall": 1.0, "f1": 0.66883, "auc": 0.47811}
{"epoch": 80, "time_epoch": 63.09722, "eta": 1528.48744, "eta_hours": 0.42458, "loss": 0.69315566, "lr": 9.549e-05, "params": 4143, "time_iter": 0.48913, "accuracy": 0.50243, "precision": 0.50243, "recall": 1.0, "f1": 0.66883, "auc": 0.47276}
{"epoch": 81, "time_epoch": 65.71575, "eta": 1444.80711, "eta_hours": 0.40134, "loss": 0.69314752, "lr": 8.646e-05, "params": 4143, "time_iter": 0.50942, "accuracy": 0.50243, "precision": 0.50243, "recall": 1.0, "f1": 0.66883, "auc": 0.47409}
{"epoch": 82, "time_epoch": 65.3021, "eta": 1361.47494, "eta_hours": 0.37819, "loss": 0.69315581, "lr": 7.784e-05, "params": 4143, "time_iter": 0.50622, "accuracy": 0.50243, "precision": 0.50243, "recall": 1.0, "f1": 0.66883, "auc": 0.47275}
{"epoch": 83, "time_epoch": 62.52481, "eta": 1278.04304, "eta_hours": 0.35501, "loss": 0.69314458, "lr": 6.963e-05, "params": 4143, "time_iter": 0.48469, "accuracy": 0.50243, "precision": 0.50243, "recall": 1.0, "f1": 0.66883, "auc": 0.46941}
{"epoch": 84, "time_epoch": 62.47038, "eta": 1195.09347, "eta_hours": 0.33197, "loss": 0.69314202, "lr": 6.185e-05, "params": 4143, "time_iter": 0.48427, "accuracy": 0.50243, "precision": 0.50243, "recall": 1.0, "f1": 0.66883, "auc": 0.47679}
{"epoch": 85, "time_epoch": 65.12511, "eta": 1113.05233, "eta_hours": 0.30918, "loss": 0.69314189, "lr": 5.45e-05, "params": 4143, "time_iter": 0.50485, "accuracy": 0.50243, "precision": 0.50243, "recall": 1.0, "f1": 0.66883, "auc": 0.47008}
{"epoch": 86, "time_epoch": 65.14709, "eta": 1031.40335, "eta_hours": 0.2865, "loss": 0.69314503, "lr": 4.759e-05, "params": 4143, "time_iter": 0.50502, "accuracy": 0.50243, "precision": 0.50243, "recall": 1.0, "f1": 0.66883, "auc": 0.45901}
{"epoch": 87, "time_epoch": 63.11436, "eta": 949.85221, "eta_hours": 0.26385, "loss": 0.69314587, "lr": 4.112e-05, "params": 4143, "time_iter": 0.48926, "accuracy": 0.50243, "precision": 0.50243, "recall": 1.0, "f1": 0.66883, "auc": 0.48362}
{"epoch": 88, "time_epoch": 62.12118, "eta": 868.59264, "eta_hours": 0.24128, "loss": 0.69314306, "lr": 3.511e-05, "params": 4143, "time_iter": 0.48156, "accuracy": 0.50243, "precision": 0.50243, "recall": 1.0, "f1": 0.66883, "auc": 0.46789}
{"epoch": 89, "time_epoch": 62.14856, "eta": 787.76141, "eta_hours": 0.21882, "loss": 0.69314001, "lr": 2.956e-05, "params": 4143, "time_iter": 0.48177, "accuracy": 0.50243, "precision": 0.50243, "recall": 1.0, "f1": 0.66883, "auc": 0.47732}
{"epoch": 90, "time_epoch": 65.15374, "eta": 707.63799, "eta_hours": 0.19657, "loss": 0.69314083, "lr": 2.447e-05, "params": 4143, "time_iter": 0.50507, "accuracy": 0.50243, "precision": 0.50243, "recall": 1.0, "f1": 0.66883, "auc": 0.47424}
{"epoch": 91, "time_epoch": 64.15831, "eta": 627.75345, "eta_hours": 0.17438, "loss": 0.69314063, "lr": 1.985e-05, "params": 4143, "time_iter": 0.49735, "accuracy": 0.50243, "precision": 0.50243, "recall": 1.0, "f1": 0.66883, "auc": 0.47655}
{"epoch": 92, "time_epoch": 61.07691, "eta": 547.97517, "eta_hours": 0.15222, "loss": 0.69313674, "lr": 1.571e-05, "params": 4143, "time_iter": 0.47346, "accuracy": 0.50243, "precision": 0.50243, "recall": 1.0, "f1": 0.66883, "auc": 0.47964}
{"epoch": 93, "time_epoch": 62.886, "eta": 468.71027, "eta_hours": 0.1302, "loss": 0.69313821, "lr": 1.204e-05, "params": 4143, "time_iter": 0.48749, "accuracy": 0.50243, "precision": 0.50243, "recall": 1.0, "f1": 0.66883, "auc": 0.46735}
{"epoch": 94, "time_epoch": 63.28762, "eta": 389.81133, "eta_hours": 0.10828, "loss": 0.69313667, "lr": 8.86e-06, "params": 4143, "time_iter": 0.4906, "accuracy": 0.50243, "precision": 0.50243, "recall": 1.0, "f1": 0.66883, "auc": 0.47172}
{"epoch": 95, "time_epoch": 63.84744, "eta": 311.26094, "eta_hours": 0.08646, "loss": 0.69313635, "lr": 6.16e-06, "params": 4143, "time_iter": 0.49494, "accuracy": 0.50243, "precision": 0.50243, "recall": 1.0, "f1": 0.66883, "auc": 0.48239}
{"epoch": 96, "time_epoch": 62.97436, "eta": 232.98671, "eta_hours": 0.06472, "loss": 0.69313604, "lr": 3.94e-06, "params": 4143, "time_iter": 0.48817, "accuracy": 0.50243, "precision": 0.50243, "recall": 1.0, "f1": 0.66883, "auc": 0.48748}
{"epoch": 97, "time_epoch": 60.94172, "eta": 154.98324, "eta_hours": 0.04305, "loss": 0.69313565, "lr": 2.22e-06, "params": 4143, "time_iter": 0.47242, "accuracy": 0.50243, "precision": 0.50243, "recall": 1.0, "f1": 0.66883, "auc": 0.48438}
{"epoch": 98, "time_epoch": 60.97426, "eta": 77.32478, "eta_hours": 0.02148, "loss": 0.69313546, "lr": 9.9e-07, "params": 4143, "time_iter": 0.47267, "accuracy": 0.50243, "precision": 0.50243, "recall": 1.0, "f1": 0.66883, "auc": 0.49273}
{"epoch": 99, "time_epoch": 64.28758, "eta": 0.0, "eta_hours": 0.0, "loss": 0.69313524, "lr": 2.5e-07, "params": 4143, "time_iter": 0.49835, "accuracy": 0.50243, "precision": 0.50243, "recall": 1.0, "f1": 0.66883, "auc": 0.50721}
