{"epoch": 0, "time_epoch": 27.98124, "eta": 2770.14276, "eta_hours": 0.76948, "loss": 0.67297511, "lr": 0.001, "params": 5865, "time_iter": 0.21691, "accuracy": 0.57741, "precision": 0.71809, "recall": 0.26163, "f1": 0.38352, "auc": 0.63721}
{"epoch": 1, "time_epoch": 9.76271, "eta": 1849.45347, "eta_hours": 0.51374, "loss": 0.63822197, "lr": 0.00099975, "params": 5865, "time_iter": 0.07568, "accuracy": 0.63729, "precision": 0.65058, "recall": 0.60078, "f1": 0.62469, "auc": 0.68909}
{"epoch": 2, "time_epoch": 9.6355, "eta": 1531.93538, "eta_hours": 0.42554, "loss": 0.63476123, "lr": 0.00099901, "params": 5865, "time_iter": 0.07469, "accuracy": 0.64508, "precision": 0.66667, "recall": 0.58721, "f1": 0.62442, "auc": 0.69021}
{"epoch": 3, "time_epoch": 9.09279, "eta": 1355.33363, "eta_hours": 0.37648, "loss": 0.63051157, "lr": 0.00099778, "params": 5865, "time_iter": 0.07049, "accuracy": 0.6519, "precision": 0.65081, "recall": 0.66279, "f1": 0.65675, "auc": 0.70338}
{"epoch": 4, "time_epoch": 9.57059, "eta": 1254.81364, "eta_hours": 0.34856, "loss": 0.62406366, "lr": 0.00099606, "params": 5865, "time_iter": 0.07419, "accuracy": 0.66018, "precision": 0.68556, "recall": 0.59787, "f1": 0.63872, "auc": 0.70973}
{"epoch": 5, "time_epoch": 9.24625, "eta": 1179.52881, "eta_hours": 0.32765, "loss": 0.62407977, "lr": 0.00099384, "params": 5865, "time_iter": 0.07168, "accuracy": 0.65093, "precision": 0.66596, "recall": 0.6124, "f1": 0.63806, "auc": 0.70908}
{"epoch": 6, "time_epoch": 10.07108, "eta": 1134.07058, "eta_hours": 0.31502, "loss": 0.62116473, "lr": 0.00099114, "params": 5865, "time_iter": 0.07807, "accuracy": 0.67478, "precision": 0.70177, "recall": 0.61337, "f1": 0.6546, "auc": 0.70976}
{"epoch": 7, "time_epoch": 8.96476, "eta": 1084.73646, "eta_hours": 0.30132, "loss": 0.61888113, "lr": 0.00098796, "params": 5865, "time_iter": 0.06949, "accuracy": 0.6631, "precision": 0.68162, "recall": 0.61822, "f1": 0.64837, "auc": 0.71518}
{"epoch": 8, "time_epoch": 10.45043, "eta": 1059.39514, "eta_hours": 0.29428, "loss": 0.6133964, "lr": 0.00098429, "params": 5865, "time_iter": 0.08101, "accuracy": 0.66504, "precision": 0.68818, "recall": 0.6095, "f1": 0.64645, "auc": 0.71922}
{"epoch": 9, "time_epoch": 9.59986, "eta": 1029.37686, "eta_hours": 0.28594, "loss": 0.60768942, "lr": 0.00098015, "params": 5865, "time_iter": 0.07442, "accuracy": 0.6665, "precision": 0.6892, "recall": 0.6124, "f1": 0.64854, "auc": 0.72477}
{"epoch": 10, "time_epoch": 9.6633, "eta": 1003.58427, "eta_hours": 0.27877, "loss": 0.60122509, "lr": 0.00097553, "params": 5865, "time_iter": 0.07491, "accuracy": 0.67673, "precision": 0.69328, "recall": 0.63953, "f1": 0.66532, "auc": 0.73785}
{"epoch": 11, "time_epoch": 9.678, "eta": 980.5877, "eta_hours": 0.27239, "loss": 0.60163011, "lr": 0.00097044, "params": 5865, "time_iter": 0.07502, "accuracy": 0.67381, "precision": 0.69462, "recall": 0.62597, "f1": 0.65851, "auc": 0.73568}
{"epoch": 12, "time_epoch": 9.11968, "eta": 955.90372, "eta_hours": 0.26553, "loss": 0.59721378, "lr": 0.00096489, "params": 5865, "time_iter": 0.0707, "accuracy": 0.67381, "precision": 0.68507, "recall": 0.64922, "f1": 0.66667, "auc": 0.74217}
{"epoch": 13, "time_epoch": 10.30346, "eta": 940.71499, "eta_hours": 0.26131, "loss": 0.59666874, "lr": 0.00095888, "params": 5865, "time_iter": 0.07987, "accuracy": 0.66845, "precision": 0.68074, "recall": 0.6405, "f1": 0.66001, "auc": 0.73987}
{"epoch": 14, "time_epoch": 9.8083, "eta": 923.37173, "eta_hours": 0.25649, "loss": 0.58964608, "lr": 0.00095241, "params": 5865, "time_iter": 0.07603, "accuracy": 0.67283, "precision": 0.69272, "recall": 0.62694, "f1": 0.65819, "auc": 0.74587}
{"epoch": 15, "time_epoch": 10.28081, "eta": 909.45101, "eta_hours": 0.25263, "loss": 0.58483669, "lr": 0.0009455, "params": 5865, "time_iter": 0.0797, "accuracy": 0.67478, "precision": 0.68534, "recall": 0.65213, "f1": 0.66832, "auc": 0.75481}
{"epoch": 16, "time_epoch": 9.47925, "eta": 892.04498, "eta_hours": 0.24779, "loss": 0.58204753, "lr": 0.00093815, "params": 5865, "time_iter": 0.07348, "accuracy": 0.68257, "precision": 0.69388, "recall": 0.65891, "f1": 0.67594, "auc": 0.75788}
{"epoch": 17, "time_epoch": 9.71864, "eta": 876.61031, "eta_hours": 0.2435, "loss": 0.57417063, "lr": 0.00093037, "params": 5865, "time_iter": 0.07534, "accuracy": 0.69036, "precision": 0.69412, "recall": 0.68605, "f1": 0.69006, "auc": 0.76709}
{"epoch": 18, "time_epoch": 9.19287, "eta": 859.53587, "eta_hours": 0.23876, "loss": 0.57941724, "lr": 0.00092216, "params": 5865, "time_iter": 0.07126, "accuracy": 0.69474, "precision": 0.70517, "recall": 0.67442, "f1": 0.68945, "auc": 0.76276}
{"epoch": 19, "time_epoch": 9.23111, "eta": 843.40255, "eta_hours": 0.23428, "loss": 0.57334668, "lr": 0.00091354, "params": 5865, "time_iter": 0.07156, "accuracy": 0.69426, "precision": 0.70654, "recall": 0.66957, "f1": 0.68756, "auc": 0.76631}
{"epoch": 20, "time_epoch": 9.24843, "eta": 827.99171, "eta_hours": 0.23, "loss": 0.57258154, "lr": 0.00090451, "params": 5865, "time_iter": 0.07169, "accuracy": 0.69133, "precision": 0.69358, "recall": 0.69089, "f1": 0.69223, "auc": 0.76779}
{"epoch": 21, "time_epoch": 9.578, "eta": 814.3096, "eta_hours": 0.2262, "loss": 0.56201558, "lr": 0.00089508, "params": 5865, "time_iter": 0.07425, "accuracy": 0.70351, "precision": 0.71045, "recall": 0.69186, "f1": 0.70103, "auc": 0.78136}
{"epoch": 22, "time_epoch": 9.89622, "eta": 802.0497, "eta_hours": 0.22279, "loss": 0.55957922, "lr": 0.00088526, "params": 5865, "time_iter": 0.07671, "accuracy": 0.7001, "precision": 0.69923, "recall": 0.70736, "f1": 0.70328, "auc": 0.78392}
{"epoch": 23, "time_epoch": 9.07493, "eta": 787.38602, "eta_hours": 0.21872, "loss": 0.55263766, "lr": 0.00087506, "params": 5865, "time_iter": 0.07035, "accuracy": 0.7074, "precision": 0.71065, "recall": 0.70446, "f1": 0.70754, "auc": 0.78658}
{"epoch": 24, "time_epoch": 9.11806, "eta": 773.29882, "eta_hours": 0.21481, "loss": 0.55696236, "lr": 0.00086448, "params": 5865, "time_iter": 0.07068, "accuracy": 0.71178, "precision": 0.71782, "recall": 0.70252, "f1": 0.71009, "auc": 0.78592}
{"epoch": 25, "time_epoch": 9.3672, "eta": 760.30295, "eta_hours": 0.2112, "loss": 0.54359561, "lr": 0.00085355, "params": 5865, "time_iter": 0.07261, "accuracy": 0.71762, "precision": 0.71773, "recall": 0.7219, "f1": 0.71981, "auc": 0.79631}
{"epoch": 26, "time_epoch": 9.51755, "eta": 747.98238, "eta_hours": 0.20777, "loss": 0.54283708, "lr": 0.00084227, "params": 5865, "time_iter": 0.07378, "accuracy": 0.72493, "precision": 0.7296, "recall": 0.71899, "f1": 0.72426, "auc": 0.79871}
{"epoch": 27, "time_epoch": 9.95371, "eta": 736.98358, "eta_hours": 0.20472, "loss": 0.5436465, "lr": 0.00083066, "params": 5865, "time_iter": 0.07716, "accuracy": 0.71714, "precision": 0.7213, "recall": 0.71221, "f1": 0.71672, "auc": 0.79657}
{"epoch": 28, "time_epoch": 9.63384, "eta": 725.27372, "eta_hours": 0.20146, "loss": 0.54307707, "lr": 0.00081871, "params": 5865, "time_iter": 0.07468, "accuracy": 0.72736, "precision": 0.72692, "recall": 0.73256, "f1": 0.72973, "auc": 0.79981}
{"epoch": 29, "time_epoch": 9.95813, "eta": 714.45894, "eta_hours": 0.19846, "loss": 0.54277975, "lr": 0.00080645, "params": 5865, "time_iter": 0.07719, "accuracy": 0.72541, "precision": 0.72034, "recall": 0.74128, "f1": 0.73066, "auc": 0.80164}
{"epoch": 30, "time_epoch": 9.33372, "eta": 702.30963, "eta_hours": 0.19509, "loss": 0.53962918, "lr": 0.00079389, "params": 5865, "time_iter": 0.07235, "accuracy": 0.71762, "precision": 0.71857, "recall": 0.71996, "f1": 0.71926, "auc": 0.80008}
{"epoch": 31, "time_epoch": 8.93724, "eta": 689.49377, "eta_hours": 0.19153, "loss": 0.54020629, "lr": 0.00078104, "params": 5865, "time_iter": 0.06928, "accuracy": 0.72103, "precision": 0.7159, "recall": 0.7374, "f1": 0.72649, "auc": 0.80183}
{"epoch": 32, "time_epoch": 9.5996, "eta": 678.25777, "eta_hours": 0.1884, "loss": 0.53300504, "lr": 0.00076791, "params": 5865, "time_iter": 0.07442, "accuracy": 0.73466, "precision": 0.73257, "recall": 0.74322, "f1": 0.73785, "auc": 0.81032}
{"epoch": 33, "time_epoch": 9.42894, "eta": 666.78675, "eta_hours": 0.18522, "loss": 0.52980284, "lr": 0.00075452, "params": 5865, "time_iter": 0.07309, "accuracy": 0.73077, "precision": 0.73878, "recall": 0.71802, "f1": 0.72826, "auc": 0.81026}
{"epoch": 34, "time_epoch": 9.76949, "eta": 656.06485, "eta_hours": 0.18224, "loss": 0.53007783, "lr": 0.00074088, "params": 5865, "time_iter": 0.07573, "accuracy": 0.73272, "precision": 0.73607, "recall": 0.72965, "f1": 0.73285, "auc": 0.81245}
{"epoch": 35, "time_epoch": 8.59677, "eta": 643.31105, "eta_hours": 0.1787, "loss": 0.53355163, "lr": 0.000727, "params": 5865, "time_iter": 0.06664, "accuracy": 0.73174, "precision": 0.72753, "recall": 0.74516, "f1": 0.73624, "auc": 0.80724}
{"epoch": 36, "time_epoch": 9.74919, "eta": 632.74417, "eta_hours": 0.17576, "loss": 0.5323273, "lr": 0.00071289, "params": 5865, "time_iter": 0.07558, "accuracy": 0.72833, "precision": 0.72571, "recall": 0.73837, "f1": 0.73199, "auc": 0.80887}
{"epoch": 37, "time_epoch": 9.48076, "eta": 621.78237, "eta_hours": 0.17272, "loss": 0.52242908, "lr": 0.00069857, "params": 5865, "time_iter": 0.07349, "accuracy": 0.74343, "precision": 0.76112, "recall": 0.71318, "f1": 0.73637, "auc": 0.81904}
{"epoch": 38, "time_epoch": 9.54609, "eta": 610.9987, "eta_hours": 0.16972, "loss": 0.53134952, "lr": 0.00068406, "params": 5865, "time_iter": 0.074, "accuracy": 0.73369, "precision": 0.726, "recall": 0.75484, "f1": 0.74014, "auc": 0.81119}
{"epoch": 39, "time_epoch": 9.09439, "eta": 599.59935, "eta_hours": 0.16656, "loss": 0.52090269, "lr": 0.00066937, "params": 5865, "time_iter": 0.0705, "accuracy": 0.74489, "precision": 0.74902, "recall": 0.74031, "f1": 0.74464, "auc": 0.81922}
{"epoch": 40, "time_epoch": 10.37766, "eta": 590.1591, "eta_hours": 0.16393, "loss": 0.51938008, "lr": 0.00065451, "params": 5865, "time_iter": 0.08045, "accuracy": 0.73369, "precision": 0.72942, "recall": 0.74709, "f1": 0.73815, "auc": 0.8184}
{"epoch": 41, "time_epoch": 9.36565, "eta": 579.27667, "eta_hours": 0.16091, "loss": 0.52727681, "lr": 0.0006395, "params": 5865, "time_iter": 0.0726, "accuracy": 0.72833, "precision": 0.72571, "recall": 0.73837, "f1": 0.73199, "auc": 0.81241}
{"epoch": 42, "time_epoch": 9.71223, "eta": 568.9242, "eta_hours": 0.15803, "loss": 0.5228736, "lr": 0.00062434, "params": 5865, "time_iter": 0.07529, "accuracy": 0.74489, "precision": 0.73827, "recall": 0.7626, "f1": 0.75024, "auc": 0.81924}
{"epoch": 43, "time_epoch": 9.13675, "eta": 557.86842, "eta_hours": 0.15496, "loss": 0.52256276, "lr": 0.00060907, "params": 5865, "time_iter": 0.07083, "accuracy": 0.74878, "precision": 0.7434, "recall": 0.76357, "f1": 0.75335, "auc": 0.81764}
{"epoch": 44, "time_epoch": 10.49269, "eta": 548.55519, "eta_hours": 0.15238, "loss": 0.52461156, "lr": 0.00059369, "params": 5865, "time_iter": 0.08134, "accuracy": 0.74781, "precision": 0.73112, "recall": 0.78779, "f1": 0.7584, "auc": 0.81741}
{"epoch": 45, "time_epoch": 9.13796, "eta": 537.60034, "eta_hours": 0.14933, "loss": 0.51905134, "lr": 0.00057822, "params": 5865, "time_iter": 0.07084, "accuracy": 0.74294, "precision": 0.72993, "recall": 0.77519, "f1": 0.75188, "auc": 0.82201}
{"epoch": 46, "time_epoch": 9.9734, "eta": 527.66489, "eta_hours": 0.14657, "loss": 0.52242407, "lr": 0.00056267, "params": 5865, "time_iter": 0.07731, "accuracy": 0.74635, "precision": 0.73723, "recall": 0.76938, "f1": 0.75296, "auc": 0.82018}
{"epoch": 47, "time_epoch": 9.17185, "eta": 516.85952, "eta_hours": 0.14357, "loss": 0.51821461, "lr": 0.00054705, "params": 5865, "time_iter": 0.0711, "accuracy": 0.74197, "precision": 0.73859, "recall": 0.75291, "f1": 0.74568, "auc": 0.82223}
{"epoch": 48, "time_epoch": 9.23972, "eta": 506.19146, "eta_hours": 0.14061, "loss": 0.52076308, "lr": 0.0005314, "params": 5865, "time_iter": 0.07163, "accuracy": 0.74197, "precision": 0.74416, "recall": 0.74128, "f1": 0.74272, "auc": 0.82218}
{"epoch": 49, "time_epoch": 8.97301, "eta": 495.31383, "eta_hours": 0.13759, "loss": 0.51910645, "lr": 0.00051571, "params": 5865, "time_iter": 0.06956, "accuracy": 0.73759, "precision": 0.73365, "recall": 0.75, "f1": 0.74173, "auc": 0.82092}
{"epoch": 50, "time_epoch": 10.23344, "eta": 485.72188, "eta_hours": 0.13492, "loss": 0.52013334, "lr": 0.0005, "params": 5865, "time_iter": 0.07933, "accuracy": 0.74586, "precision": 0.74709, "recall": 0.74709, "f1": 0.74709, "auc": 0.82335}
{"epoch": 51, "time_epoch": 9.44353, "eta": 475.37612, "eta_hours": 0.13205, "loss": 0.52554316, "lr": 0.00048429, "params": 5865, "time_iter": 0.07321, "accuracy": 0.74635, "precision": 0.75272, "recall": 0.7374, "f1": 0.74498, "auc": 0.81883}
{"epoch": 52, "time_epoch": 9.65614, "eta": 465.25294, "eta_hours": 0.12924, "loss": 0.52533988, "lr": 0.0004686, "params": 5865, "time_iter": 0.07485, "accuracy": 0.73028, "precision": 0.72378, "recall": 0.74903, "f1": 0.73619, "auc": 0.81438}
{"epoch": 53, "time_epoch": 9.00457, "eta": 454.59202, "eta_hours": 0.12628, "loss": 0.51735521, "lr": 0.00045295, "params": 5865, "time_iter": 0.0698, "accuracy": 0.74489, "precision": 0.74708, "recall": 0.74419, "f1": 0.74563, "auc": 0.82422}
{"epoch": 54, "time_epoch": 9.6293, "eta": 444.50247, "eta_hours": 0.12347, "loss": 0.51312624, "lr": 0.00043733, "params": 5865, "time_iter": 0.07465, "accuracy": 0.75073, "precision": 0.74575, "recall": 0.76453, "f1": 0.75502, "auc": 0.82455}
{"epoch": 55, "time_epoch": 8.90479, "eta": 433.8601, "eta_hours": 0.12052, "loss": 0.51240331, "lr": 0.00042178, "params": 5865, "time_iter": 0.06903, "accuracy": 0.74684, "precision": 0.7406, "recall": 0.76357, "f1": 0.75191, "auc": 0.82694}
{"epoch": 56, "time_epoch": 9.45375, "eta": 423.69284, "eta_hours": 0.11769, "loss": 0.50845856, "lr": 0.00040631, "params": 5865, "time_iter": 0.07328, "accuracy": 0.75463, "precision": 0.75191, "recall": 0.76357, "f1": 0.75769, "auc": 0.83046}
{"epoch": 57, "time_epoch": 9.26981, "eta": 413.41697, "eta_hours": 0.11484, "loss": 0.51029227, "lr": 0.00039093, "params": 5865, "time_iter": 0.07186, "accuracy": 0.74245, "precision": 0.74021, "recall": 0.75097, "f1": 0.74555, "auc": 0.82712}
{"epoch": 58, "time_epoch": 9.4118, "eta": 403.27388, "eta_hours": 0.11202, "loss": 0.50683468, "lr": 0.00037566, "params": 5865, "time_iter": 0.07296, "accuracy": 0.7483, "precision": 0.74178, "recall": 0.7655, "f1": 0.75346, "auc": 0.83091}
{"epoch": 59, "time_epoch": 8.99527, "eta": 392.87748, "eta_hours": 0.10913, "loss": 0.50828404, "lr": 0.0003605, "params": 5865, "time_iter": 0.06973, "accuracy": 0.74684, "precision": 0.74197, "recall": 0.76066, "f1": 0.7512, "auc": 0.83106}
{"epoch": 60, "time_epoch": 9.66164, "eta": 382.95306, "eta_hours": 0.10638, "loss": 0.5055946, "lr": 0.00034549, "params": 5865, "time_iter": 0.0749, "accuracy": 0.75414, "precision": 0.75758, "recall": 0.75097, "f1": 0.75426, "auc": 0.83149}
{"epoch": 61, "time_epoch": 9.40648, "eta": 372.88072, "eta_hours": 0.10358, "loss": 0.50347534, "lr": 0.00033063, "params": 5865, "time_iter": 0.07292, "accuracy": 0.74927, "precision": 0.7441, "recall": 0.76357, "f1": 0.75371, "auc": 0.8333}
{"epoch": 62, "time_epoch": 9.46985, "eta": 362.86675, "eta_hours": 0.1008, "loss": 0.51032522, "lr": 0.00031594, "params": 5865, "time_iter": 0.07341, "accuracy": 0.75219, "precision": 0.74416, "recall": 0.77229, "f1": 0.75796, "auc": 0.82928}
{"epoch": 63, "time_epoch": 9.18507, "eta": 352.70958, "eta_hours": 0.09797, "loss": 0.50567921, "lr": 0.00030143, "params": 5865, "time_iter": 0.0712, "accuracy": 0.75706, "precision": 0.756, "recall": 0.7626, "f1": 0.75929, "auc": 0.83325}
{"epoch": 64, "time_epoch": 9.31519, "eta": 342.65239, "eta_hours": 0.09518, "loss": 0.5109034, "lr": 0.00028711, "params": 5865, "time_iter": 0.07221, "accuracy": 0.74635, "precision": 0.73723, "recall": 0.76938, "f1": 0.75296, "auc": 0.82738}
{"epoch": 65, "time_epoch": 9.41055, "eta": 332.66682, "eta_hours": 0.09241, "loss": 0.50614024, "lr": 0.000273, "params": 5865, "time_iter": 0.07295, "accuracy": 0.75706, "precision": 0.75165, "recall": 0.77132, "f1": 0.76136, "auc": 0.83285}
{"epoch": 66, "time_epoch": 9.25711, "eta": 322.62283, "eta_hours": 0.08962, "loss": 0.50783621, "lr": 0.00025912, "params": 5865, "time_iter": 0.07176, "accuracy": 0.75024, "precision": 0.74551, "recall": 0.76357, "f1": 0.75443, "auc": 0.83107}
{"epoch": 67, "time_epoch": 10.41859, "eta": 313.14856, "eta_hours": 0.08699, "loss": 0.50204683, "lr": 0.00024548, "params": 5865, "time_iter": 0.08076, "accuracy": 0.75219, "precision": 0.74554, "recall": 0.76938, "f1": 0.75727, "auc": 0.8339}
{"epoch": 68, "time_epoch": 12.62674, "eta": 304.63899, "eta_hours": 0.08462, "loss": 0.50163014, "lr": 0.00023209, "params": 5865, "time_iter": 0.09788, "accuracy": 0.75511, "precision": 0.75755, "recall": 0.75388, "f1": 0.75571, "auc": 0.83604}
{"epoch": 69, "time_epoch": 12.6366, "eta": 296.01602, "eta_hours": 0.08223, "loss": 0.50211103, "lr": 0.00021896, "params": 5865, "time_iter": 0.09796, "accuracy": 0.75316, "precision": 0.7451, "recall": 0.77326, "f1": 0.75892, "auc": 0.83416}
{"epoch": 70, "time_epoch": 13.62012, "eta": 287.6817, "eta_hours": 0.07991, "loss": 0.49528404, "lr": 0.00020611, "params": 5865, "time_iter": 0.10558, "accuracy": 0.76777, "precision": 0.77126, "recall": 0.76453, "f1": 0.76788, "auc": 0.84039}
{"epoch": 71, "time_epoch": 13.89411, "eta": 279.3071, "eta_hours": 0.07759, "loss": 0.50271566, "lr": 0.00019355, "params": 5865, "time_iter": 0.10771, "accuracy": 0.76582, "precision": 0.75676, "recall": 0.78682, "f1": 0.7715, "auc": 0.83834}
{"epoch": 72, "time_epoch": 9.86533, "eta": 269.29119, "eta_hours": 0.0748, "loss": 0.49773536, "lr": 0.00018129, "params": 5865, "time_iter": 0.07648, "accuracy": 0.75852, "precision": 0.75621, "recall": 0.76647, "f1": 0.76131, "auc": 0.83747}
{"epoch": 73, "time_epoch": 9.89378, "eta": 259.28935, "eta_hours": 0.07202, "loss": 0.51259619, "lr": 0.00016934, "params": 5865, "time_iter": 0.0767, "accuracy": 0.75073, "precision": 0.74436, "recall": 0.76744, "f1": 0.75573, "auc": 0.82803}
{"epoch": 74, "time_epoch": 9.71049, "eta": 249.22929, "eta_hours": 0.06923, "loss": 0.5045526, "lr": 0.00015773, "params": 5865, "time_iter": 0.07528, "accuracy": 0.75901, "precision": 0.75306, "recall": 0.77422, "f1": 0.7635, "auc": 0.83295}
{"epoch": 75, "time_epoch": 9.5577, "eta": 239.13018, "eta_hours": 0.06643, "loss": 0.49845916, "lr": 0.00014645, "params": 5865, "time_iter": 0.07409, "accuracy": 0.75268, "precision": 0.75192, "recall": 0.75775, "f1": 0.75483, "auc": 0.83722}
{"epoch": 76, "time_epoch": 8.7456, "eta": 228.80256, "eta_hours": 0.06356, "loss": 0.50437236, "lr": 0.00013552, "params": 5865, "time_iter": 0.0678, "accuracy": 0.75657, "precision": 0.7543, "recall": 0.76453, "f1": 0.75938, "auc": 0.83407}
{"epoch": 77, "time_epoch": 9.14457, "eta": 218.62803, "eta_hours": 0.06073, "loss": 0.49438325, "lr": 0.00012494, "params": 5865, "time_iter": 0.07089, "accuracy": 0.75316, "precision": 0.74788, "recall": 0.76744, "f1": 0.75753, "auc": 0.8398}
{"epoch": 78, "time_epoch": 9.35605, "eta": 208.53579, "eta_hours": 0.05793, "loss": 0.50014801, "lr": 0.00011474, "params": 5865, "time_iter": 0.07253, "accuracy": 0.7556, "precision": 0.74446, "recall": 0.78198, "f1": 0.76276, "auc": 0.83674}
{"epoch": 79, "time_epoch": 9.24649, "eta": 198.43457, "eta_hours": 0.05512, "loss": 0.49501019, "lr": 0.00010492, "params": 5865, "time_iter": 0.07168, "accuracy": 0.76241, "precision": 0.75856, "recall": 0.77326, "f1": 0.76583, "auc": 0.83983}
{"epoch": 80, "time_epoch": 9.76815, "eta": 188.47681, "eta_hours": 0.05235, "loss": 0.49817275, "lr": 9.549e-05, "params": 5865, "time_iter": 0.07572, "accuracy": 0.75901, "precision": 0.75164, "recall": 0.77713, "f1": 0.76417, "auc": 0.83858}
{"epoch": 81, "time_epoch": 9.18803, "eta": 178.39634, "eta_hours": 0.04955, "loss": 0.50356659, "lr": 8.646e-05, "params": 5865, "time_iter": 0.07123, "accuracy": 0.75949, "precision": 0.75619, "recall": 0.76938, "f1": 0.76273, "auc": 0.83573}
{"epoch": 82, "time_epoch": 9.54046, "eta": 168.40956, "eta_hours": 0.04678, "loss": 0.49735961, "lr": 7.784e-05, "params": 5865, "time_iter": 0.07396, "accuracy": 0.76047, "precision": 0.76062, "recall": 0.76357, "f1": 0.76209, "auc": 0.83819}
{"epoch": 83, "time_epoch": 7.86872, "eta": 158.11498, "eta_hours": 0.04392, "loss": 0.49786357, "lr": 6.963e-05, "params": 5865, "time_iter": 0.061, "accuracy": 0.75998, "precision": 0.74977, "recall": 0.78391, "f1": 0.76646, "auc": 0.83717}
{"epoch": 84, "time_epoch": 9.17359, "eta": 148.10774, "eta_hours": 0.04114, "loss": 0.50035178, "lr": 6.185e-05, "params": 5865, "time_iter": 0.07111, "accuracy": 0.75316, "precision": 0.7512, "recall": 0.76066, "f1": 0.7559, "auc": 0.83696}
{"epoch": 85, "time_epoch": 9.22815, "eta": 138.12878, "eta_hours": 0.03837, "loss": 0.49647824, "lr": 5.45e-05, "params": 5865, "time_iter": 0.07154, "accuracy": 0.76339, "precision": 0.75562, "recall": 0.78198, "f1": 0.76857, "auc": 0.83919}
{"epoch": 86, "time_epoch": 8.55689, "eta": 128.06677, "eta_hours": 0.03557, "loss": 0.49284457, "lr": 4.759e-05, "params": 5865, "time_iter": 0.06633, "accuracy": 0.75755, "precision": 0.75284, "recall": 0.77035, "f1": 0.76149, "auc": 0.84127}
{"epoch": 87, "time_epoch": 9.19428, "eta": 118.12589, "eta_hours": 0.03281, "loss": 0.49603541, "lr": 4.112e-05, "params": 5865, "time_iter": 0.07127, "accuracy": 0.76047, "precision": 0.75763, "recall": 0.76938, "f1": 0.76346, "auc": 0.83955}
{"epoch": 88, "time_epoch": 9.5383, "eta": 108.2443, "eta_hours": 0.03007, "loss": 0.50219389, "lr": 3.511e-05, "params": 5865, "time_iter": 0.07394, "accuracy": 0.7556, "precision": 0.75286, "recall": 0.76453, "f1": 0.75865, "auc": 0.83463}
{"epoch": 89, "time_epoch": 9.38114, "eta": 98.35288, "eta_hours": 0.02732, "loss": 0.49225505, "lr": 2.956e-05, "params": 5865, "time_iter": 0.07272, "accuracy": 0.7629, "precision": 0.75683, "recall": 0.7781, "f1": 0.76732, "auc": 0.84241}
{"epoch": 90, "time_epoch": 8.48365, "eta": 88.38392, "eta_hours": 0.02455, "loss": 0.49654719, "lr": 2.447e-05, "params": 5865, "time_iter": 0.06576, "accuracy": 0.74927, "precision": 0.74502, "recall": 0.76163, "f1": 0.75323, "auc": 0.8382}
{"epoch": 91, "time_epoch": 8.47772, "eta": 78.44672, "eta_hours": 0.02179, "loss": 0.49202333, "lr": 1.985e-05, "params": 5865, "time_iter": 0.06572, "accuracy": 0.75219, "precision": 0.74929, "recall": 0.76163, "f1": 0.75541, "auc": 0.84202}
{"epoch": 92, "time_epoch": 9.00771, "eta": 68.58081, "eta_hours": 0.01905, "loss": 0.49694556, "lr": 1.571e-05, "params": 5865, "time_iter": 0.06983, "accuracy": 0.74878, "precision": 0.74022, "recall": 0.77035, "f1": 0.75499, "auc": 0.83732}
{"epoch": 93, "time_epoch": 8.77116, "eta": 58.71806, "eta_hours": 0.01631, "loss": 0.50637685, "lr": 1.204e-05, "params": 5865, "time_iter": 0.06799, "accuracy": 0.7483, "precision": 0.745, "recall": 0.75872, "f1": 0.7518, "auc": 0.83121}
{"epoch": 94, "time_epoch": 9.08589, "eta": 48.89485, "eta_hours": 0.01358, "loss": 0.50362661, "lr": 8.86e-06, "params": 5865, "time_iter": 0.07043, "accuracy": 0.75219, "precision": 0.74554, "recall": 0.76938, "f1": 0.75727, "auc": 0.83322}
{"epoch": 95, "time_epoch": 8.66022, "eta": 39.06926, "eta_hours": 0.01085, "loss": 0.48791651, "lr": 6.16e-06, "params": 5865, "time_iter": 0.06713, "accuracy": 0.76144, "precision": 0.75908, "recall": 0.76938, "f1": 0.7642, "auc": 0.8442}
{"epoch": 96, "time_epoch": 8.95758, "eta": 29.2769, "eta_hours": 0.00813, "loss": 0.49311203, "lr": 3.94e-06, "params": 5865, "time_iter": 0.06944, "accuracy": 0.76631, "precision": 0.75891, "recall": 0.78391, "f1": 0.77121, "auc": 0.84083}
{"epoch": 97, "time_epoch": 9.08409, "eta": 19.50416, "eta_hours": 0.00542, "loss": 0.4974945, "lr": 2.22e-06, "params": 5865, "time_iter": 0.07042, "accuracy": 0.76047, "precision": 0.75472, "recall": 0.77519, "f1": 0.76482, "auc": 0.83884}
{"epoch": 98, "time_epoch": 8.79184, "eta": 9.74238, "eta_hours": 0.00271, "loss": 0.49731503, "lr": 9.9e-07, "params": 5865, "time_iter": 0.06815, "accuracy": 0.75609, "precision": 0.74561, "recall": 0.78101, "f1": 0.7629, "auc": 0.83741}
{"epoch": 99, "time_epoch": 8.86516, "eta": 0.0, "eta_hours": 0.0, "loss": 0.49284, "lr": 2.5e-07, "params": 5865, "time_iter": 0.06872, "accuracy": 0.76728, "precision": 0.75888, "recall": 0.78682, "f1": 0.7726, "auc": 0.84153}
