{"epoch": 0, "time_epoch": 5.59894, "eta": 554.29545, "eta_hours": 0.15397, "loss": 0.65808978, "lr": 0.001, "params": 9207, "time_iter": 0.55989, "accuracy": 0.66667, "precision": 0.66667, "recall": 1.0, "f1": 0.8, "auc": 0.34024}
{"epoch": 1, "time_epoch": 6.82646, "eta": 608.84471, "eta_hours": 0.16912, "loss": 0.65445562, "lr": 0.00099975, "params": 9207, "time_iter": 0.68265, "accuracy": 0.66667, "precision": 0.66667, "recall": 1.0, "f1": 0.8, "auc": 0.60947}
{"epoch": 2, "time_epoch": 1.68029, "eta": 456.08392, "eta_hours": 0.12669, "loss": 0.65259726, "lr": 0.00099901, "params": 9207, "time_iter": 0.16803, "accuracy": 0.66667, "precision": 0.66667, "recall": 1.0, "f1": 0.8, "auc": 0.53846}
{"epoch": 3, "time_epoch": 0.39251, "eta": 347.95676, "eta_hours": 0.09665, "loss": 0.65064496, "lr": 0.00099778, "params": 9207, "time_iter": 0.03925, "accuracy": 0.66667, "precision": 0.66667, "recall": 1.0, "f1": 0.8, "auc": 0.49408}
{"epoch": 4, "time_epoch": 0.43141, "eta": 283.66249, "eta_hours": 0.0788, "loss": 0.64962441, "lr": 0.00099606, "params": 9207, "time_iter": 0.04314, "accuracy": 0.66667, "precision": 0.66667, "recall": 1.0, "f1": 0.8, "auc": 0.34911}
{"epoch": 5, "time_epoch": 0.4547, "eta": 241.02071, "eta_hours": 0.06695, "loss": 0.64556299, "lr": 0.00099384, "params": 9207, "time_iter": 0.04547, "accuracy": 0.66667, "precision": 0.66667, "recall": 1.0, "f1": 0.8, "auc": 0.72485}
{"epoch": 6, "time_epoch": 0.4689, "eta": 210.62108, "eta_hours": 0.05851, "loss": 0.64421622, "lr": 0.00099114, "params": 9207, "time_iter": 0.04689, "accuracy": 0.66667, "precision": 0.66667, "recall": 1.0, "f1": 0.8, "auc": 0.72485}
{"epoch": 7, "time_epoch": 0.46378, "eta": 187.6453, "eta_hours": 0.05212, "loss": 0.64151266, "lr": 0.00098796, "params": 9207, "time_iter": 0.04638, "accuracy": 0.66667, "precision": 0.66667, "recall": 1.0, "f1": 0.8, "auc": 0.60059}
{"epoch": 8, "time_epoch": 0.46836, "eta": 169.71848, "eta_hours": 0.04714, "loss": 0.63634141, "lr": 0.00098429, "params": 9207, "time_iter": 0.04684, "accuracy": 0.66667, "precision": 0.66667, "recall": 1.0, "f1": 0.8, "auc": 0.69231}
{"epoch": 9, "time_epoch": 0.46671, "eta": 155.26845, "eta_hours": 0.04313, "loss": 0.62681203, "lr": 0.00098015, "params": 9207, "time_iter": 0.04667, "accuracy": 0.66667, "precision": 0.66667, "recall": 1.0, "f1": 0.8, "auc": 0.80178}
{"epoch": 10, "time_epoch": 0.46548, "eta": 143.35096, "eta_hours": 0.03982, "loss": 0.62231966, "lr": 0.00097553, "params": 9207, "time_iter": 0.04655, "accuracy": 0.66667, "precision": 0.66667, "recall": 1.0, "f1": 0.8, "auc": 0.76627}
{"epoch": 11, "time_epoch": 0.47691, "eta": 133.42593, "eta_hours": 0.03706, "loss": 0.60627024, "lr": 0.00097044, "params": 9207, "time_iter": 0.04769, "accuracy": 0.66667, "precision": 0.66667, "recall": 1.0, "f1": 0.8, "auc": 0.83728}
{"epoch": 12, "time_epoch": 0.46386, "eta": 124.86711, "eta_hours": 0.03469, "loss": 0.57279783, "lr": 0.00096489, "params": 9207, "time_iter": 0.04639, "accuracy": 0.66667, "precision": 0.66667, "recall": 1.0, "f1": 0.8, "auc": 0.97633}
{"epoch": 13, "time_epoch": 0.46644, "eta": 117.48059, "eta_hours": 0.03263, "loss": 0.56794339, "lr": 0.00095888, "params": 9207, "time_iter": 0.04664, "accuracy": 0.69231, "precision": 0.68421, "recall": 1.0, "f1": 0.8125, "auc": 0.83432}
{"epoch": 14, "time_epoch": 0.47149, "eta": 111.04537, "eta_hours": 0.03085, "loss": 0.51716828, "lr": 0.00095241, "params": 9207, "time_iter": 0.04715, "accuracy": 0.69231, "precision": 0.68421, "recall": 1.0, "f1": 0.8125, "auc": 0.88462}
{"epoch": 15, "time_epoch": 0.46995, "eta": 105.34748, "eta_hours": 0.02926, "loss": 0.48493987, "lr": 0.0009455, "params": 9207, "time_iter": 0.04699, "accuracy": 0.69231, "precision": 0.68421, "recall": 1.0, "f1": 0.8125, "auc": 0.9142}
{"epoch": 16, "time_epoch": 0.46802, "eta": 100.25523, "eta_hours": 0.02785, "loss": 0.4406707, "lr": 0.00093815, "params": 9207, "time_iter": 0.0468, "accuracy": 0.71795, "precision": 0.7027, "recall": 1.0, "f1": 0.8254, "auc": 0.97041}
{"epoch": 17, "time_epoch": 0.46275, "eta": 95.65281, "eta_hours": 0.02657, "loss": 0.4198367, "lr": 0.00093037, "params": 9207, "time_iter": 0.04628, "accuracy": 0.76923, "precision": 0.74286, "recall": 1.0, "f1": 0.85246, "auc": 0.94379}
{"epoch": 18, "time_epoch": 0.46419, "eta": 91.49227, "eta_hours": 0.02541, "loss": 0.3338214, "lr": 0.00092216, "params": 9207, "time_iter": 0.04642, "accuracy": 0.89744, "precision": 0.86667, "recall": 1.0, "f1": 0.92857, "auc": 0.98521}
{"epoch": 19, "time_epoch": 0.47862, "eta": 87.75907, "eta_hours": 0.02438, "loss": 0.29375403, "lr": 0.00091354, "params": 9207, "time_iter": 0.04786, "accuracy": 0.92308, "precision": 0.89655, "recall": 1.0, "f1": 0.94545, "auc": 0.98817}
{"epoch": 20, "time_epoch": 0.4785, "eta": 84.3354, "eta_hours": 0.02343, "loss": 0.30291411, "lr": 0.00090451, "params": 9207, "time_iter": 0.04785, "accuracy": 0.87179, "precision": 0.86207, "recall": 0.96154, "f1": 0.90909, "auc": 0.96746}
{"epoch": 21, "time_epoch": 0.46359, "eta": 81.12661, "eta_hours": 0.02254, "loss": 0.30160943, "lr": 0.00089508, "params": 9207, "time_iter": 0.04636, "accuracy": 0.87179, "precision": 0.88889, "recall": 0.92308, "f1": 0.90566, "auc": 0.93491}
{"epoch": 22, "time_epoch": 0.46931, "eta": 78.17566, "eta_hours": 0.02172, "loss": 0.20746551, "lr": 0.00088526, "params": 9207, "time_iter": 0.04693, "accuracy": 0.89744, "precision": 0.92308, "recall": 0.92308, "f1": 0.92308, "auc": 0.98817}
{"epoch": 23, "time_epoch": 0.4589, "eta": 75.39857, "eta_hours": 0.02094, "loss": 0.2744477, "lr": 0.00087506, "params": 9207, "time_iter": 0.04589, "accuracy": 0.92308, "precision": 0.92593, "recall": 0.96154, "f1": 0.9434, "auc": 0.9645}
{"epoch": 24, "time_epoch": 0.46891, "eta": 72.83695, "eta_hours": 0.02023, "loss": 0.23074766, "lr": 0.00086448, "params": 9207, "time_iter": 0.04689, "accuracy": 0.87179, "precision": 0.88889, "recall": 0.92308, "f1": 0.90566, "auc": 0.97337}
{"epoch": 25, "time_epoch": 0.4748, "eta": 70.45308, "eta_hours": 0.01957, "loss": 0.19836784, "lr": 0.00085355, "params": 9207, "time_iter": 0.04748, "accuracy": 0.92308, "precision": 0.92593, "recall": 0.96154, "f1": 0.9434, "auc": 0.98817}
{"epoch": 26, "time_epoch": 0.46651, "eta": 68.1882, "eta_hours": 0.01894, "loss": 0.10035151, "lr": 0.00084227, "params": 9207, "time_iter": 0.04665, "accuracy": 1.0, "precision": 1.0, "recall": 1.0, "f1": 1.0, "auc": 1.0}
{"epoch": 27, "time_epoch": 0.46673, "eta": 66.05234, "eta_hours": 0.01835, "loss": 0.29250049, "lr": 0.00083066, "params": 9207, "time_iter": 0.04667, "accuracy": 0.84615, "precision": 0.91667, "recall": 0.84615, "f1": 0.88, "auc": 0.94675}
{"epoch": 28, "time_epoch": 0.46671, "eta": 64.03156, "eta_hours": 0.01779, "loss": 0.1222029, "lr": 0.00081871, "params": 9207, "time_iter": 0.04667, "accuracy": 0.94872, "precision": 0.96154, "recall": 0.96154, "f1": 0.96154, "auc": 0.99704}
{"epoch": 29, "time_epoch": 0.47464, "eta": 62.13287, "eta_hours": 0.01726, "loss": 0.08103928, "lr": 0.00080645, "params": 9207, "time_iter": 0.04746, "accuracy": 0.97436, "precision": 1.0, "recall": 0.96154, "f1": 0.98039, "auc": 1.0}
{"epoch": 30, "time_epoch": 0.47552, "eta": 60.32802, "eta_hours": 0.01676, "loss": 0.0595515, "lr": 0.00079389, "params": 9207, "time_iter": 0.04755, "accuracy": 1.0, "precision": 1.0, "recall": 1.0, "f1": 1.0, "auc": 1.0}
{"epoch": 31, "time_epoch": 0.47191, "eta": 58.59858, "eta_hours": 0.01628, "loss": 0.16381849, "lr": 0.00078104, "params": 9207, "time_iter": 0.04719, "accuracy": 0.94872, "precision": 1.0, "recall": 0.92308, "f1": 0.96, "auc": 0.97929}
{"epoch": 32, "time_epoch": 0.46694, "eta": 56.93528, "eta_hours": 0.01582, "loss": 0.08643417, "lr": 0.00076791, "params": 9207, "time_iter": 0.04669, "accuracy": 0.94872, "precision": 0.96154, "recall": 0.96154, "f1": 0.96154, "auc": 0.99704}
{"epoch": 33, "time_epoch": 0.45745, "eta": 55.32392, "eta_hours": 0.01537, "loss": 0.09970739, "lr": 0.00075452, "params": 9207, "time_iter": 0.04575, "accuracy": 0.97436, "precision": 1.0, "recall": 0.96154, "f1": 0.98039, "auc": 1.0}
{"epoch": 34, "time_epoch": 0.46625, "eta": 53.79484, "eta_hours": 0.01494, "loss": 0.20277355, "lr": 0.00074088, "params": 9207, "time_iter": 0.04662, "accuracy": 0.92308, "precision": 1.0, "recall": 0.88462, "f1": 0.93878, "auc": 0.98817}
{"epoch": 35, "time_epoch": 0.47096, "eta": 52.33318, "eta_hours": 0.01454, "loss": 0.11666836, "lr": 0.000727, "params": 9207, "time_iter": 0.0471, "accuracy": 0.94872, "precision": 0.96154, "recall": 0.96154, "f1": 0.96154, "auc": 0.99112}
{"epoch": 36, "time_epoch": 0.47571, "eta": 50.93317, "eta_hours": 0.01415, "loss": 0.0971992, "lr": 0.00071289, "params": 9207, "time_iter": 0.04757, "accuracy": 0.94872, "precision": 0.96154, "recall": 0.96154, "f1": 0.96154, "auc": 0.99704}
{"epoch": 37, "time_epoch": 0.46491, "eta": 49.56418, "eta_hours": 0.01377, "loss": 0.13819177, "lr": 0.00069857, "params": 9207, "time_iter": 0.04649, "accuracy": 0.89744, "precision": 0.95833, "recall": 0.88462, "f1": 0.92, "auc": 0.98817}
{"epoch": 38, "time_epoch": 0.46488, "eta": 48.2415, "eta_hours": 0.0134, "loss": 0.17905592, "lr": 0.00068406, "params": 9207, "time_iter": 0.04649, "accuracy": 0.89744, "precision": 0.89286, "recall": 0.96154, "f1": 0.92593, "auc": 0.97337}
{"epoch": 39, "time_epoch": 0.47402, "eta": 46.97543, "eta_hours": 0.01305, "loss": 0.14205037, "lr": 0.00066937, "params": 9207, "time_iter": 0.0474, "accuracy": 0.94872, "precision": 1.0, "recall": 0.92308, "f1": 0.96, "auc": 0.99704}
{"epoch": 40, "time_epoch": 0.47219, "eta": 45.74535, "eta_hours": 0.01271, "loss": 0.03128957, "lr": 0.00065451, "params": 9207, "time_iter": 0.04722, "accuracy": 1.0, "precision": 1.0, "recall": 1.0, "f1": 1.0, "auc": 1.0}
{"epoch": 41, "time_epoch": 0.46824, "eta": 44.5459, "eta_hours": 0.01237, "loss": 0.2731483, "lr": 0.0006395, "params": 9207, "time_iter": 0.04682, "accuracy": 0.89744, "precision": 0.89286, "recall": 0.96154, "f1": 0.92593, "auc": 0.92899}
{"epoch": 42, "time_epoch": 0.47223, "eta": 43.38576, "eta_hours": 0.01205, "loss": 0.28596202, "lr": 0.00062434, "params": 9207, "time_iter": 0.04722, "accuracy": 0.89744, "precision": 0.86667, "recall": 1.0, "f1": 0.92857, "auc": 0.94083}
{"epoch": 43, "time_epoch": 0.46281, "eta": 42.2449, "eta_hours": 0.01173, "loss": 0.12117152, "lr": 0.00060907, "params": 9207, "time_iter": 0.04628, "accuracy": 0.94872, "precision": 0.96154, "recall": 0.96154, "f1": 0.96154, "auc": 0.98817}
{"epoch": 44, "time_epoch": 0.46438, "eta": 41.13608, "eta_hours": 0.01143, "loss": 0.10676641, "lr": 0.00059369, "params": 9207, "time_iter": 0.04644, "accuracy": 0.94872, "precision": 0.96154, "recall": 0.96154, "f1": 0.96154, "auc": 0.99704}
{"epoch": 45, "time_epoch": 0.4665, "eta": 40.05778, "eta_hours": 0.01113, "loss": 0.10952509, "lr": 0.00057822, "params": 9207, "time_iter": 0.04665, "accuracy": 0.97436, "precision": 0.96296, "recall": 1.0, "f1": 0.98113, "auc": 0.99408}
{"epoch": 46, "time_epoch": 0.47047, "eta": 39.00998, "eta_hours": 0.01084, "loss": 0.02799807, "lr": 0.00056267, "params": 9207, "time_iter": 0.04705, "accuracy": 1.0, "precision": 1.0, "recall": 1.0, "f1": 1.0, "auc": 1.0}
{"epoch": 47, "time_epoch": 0.46864, "eta": 37.98426, "eta_hours": 0.01055, "loss": 0.04146445, "lr": 0.00054705, "params": 9207, "time_iter": 0.04686, "accuracy": 0.97436, "precision": 1.0, "recall": 0.96154, "f1": 0.98039, "auc": 1.0}
{"epoch": 48, "time_epoch": 0.46171, "eta": 36.97407, "eta_hours": 0.01027, "loss": 0.28839727, "lr": 0.0005314, "params": 9207, "time_iter": 0.04617, "accuracy": 0.89744, "precision": 0.89286, "recall": 0.96154, "f1": 0.92593, "auc": 0.93787}
{"epoch": 49, "time_epoch": 0.44609, "eta": 35.9702, "eta_hours": 0.00999, "loss": 0.03957347, "lr": 0.00051571, "params": 9207, "time_iter": 0.04461, "accuracy": 1.0, "precision": 1.0, "recall": 1.0, "f1": 1.0, "auc": 1.0}
{"epoch": 50, "time_epoch": 0.44375, "eta": 34.98595, "eta_hours": 0.00972, "loss": 0.26673331, "lr": 0.0005, "params": 9207, "time_iter": 0.04437, "accuracy": 0.89744, "precision": 0.86667, "recall": 1.0, "f1": 0.92857, "auc": 0.93491}
{"epoch": 51, "time_epoch": 0.44938, "eta": 34.02769, "eta_hours": 0.00945, "loss": 0.07486731, "lr": 0.00048429, "params": 9207, "time_iter": 0.04494, "accuracy": 0.97436, "precision": 1.0, "recall": 0.96154, "f1": 0.98039, "auc": 1.0}
{"epoch": 52, "time_epoch": 0.44554, "eta": 33.08522, "eta_hours": 0.00919, "loss": 0.03138262, "lr": 0.0004686, "params": 9207, "time_iter": 0.04455, "accuracy": 1.0, "precision": 1.0, "recall": 1.0, "f1": 1.0, "auc": 1.0}
{"epoch": 53, "time_epoch": 0.44506, "eta": 32.16076, "eta_hours": 0.00893, "loss": 0.07910278, "lr": 0.00045295, "params": 9207, "time_iter": 0.04451, "accuracy": 1.0, "precision": 1.0, "recall": 1.0, "f1": 1.0, "auc": 1.0}
{"epoch": 54, "time_epoch": 0.44439, "eta": 31.25318, "eta_hours": 0.00868, "loss": 0.06283522, "lr": 0.00043733, "params": 9207, "time_iter": 0.04444, "accuracy": 0.97436, "precision": 1.0, "recall": 0.96154, "f1": 0.98039, "auc": 1.0}
{"epoch": 55, "time_epoch": 0.45443, "eta": 30.37003, "eta_hours": 0.00844, "loss": 0.02756644, "lr": 0.00042178, "params": 9207, "time_iter": 0.04544, "accuracy": 1.0, "precision": 1.0, "recall": 1.0, "f1": 1.0, "auc": 1.0}
{"epoch": 56, "time_epoch": 0.44474, "eta": 29.4946, "eta_hours": 0.00819, "loss": 0.23252594, "lr": 0.00040631, "params": 9207, "time_iter": 0.04447, "accuracy": 0.92308, "precision": 0.89655, "recall": 1.0, "f1": 0.94545, "auc": 0.95266}
{"epoch": 57, "time_epoch": 0.44269, "eta": 28.63255, "eta_hours": 0.00795, "loss": 0.04020337, "lr": 0.00039093, "params": 9207, "time_iter": 0.04427, "accuracy": 1.0, "precision": 1.0, "recall": 1.0, "f1": 1.0, "auc": 1.0}
{"epoch": 58, "time_epoch": 0.44219, "eta": 27.78436, "eta_hours": 0.00772, "loss": 0.07625775, "lr": 0.00037566, "params": 9207, "time_iter": 0.04422, "accuracy": 0.97436, "precision": 0.96296, "recall": 1.0, "f1": 0.98113, "auc": 1.0}
{"epoch": 59, "time_epoch": 0.44575, "eta": 26.95208, "eta_hours": 0.00749, "loss": 0.33156985, "lr": 0.0003605, "params": 9207, "time_iter": 0.04458, "accuracy": 0.87179, "precision": 0.88889, "recall": 0.92308, "f1": 0.90566, "auc": 0.92899}
{"epoch": 60, "time_epoch": 0.44549, "eta": 26.13231, "eta_hours": 0.00726, "loss": 0.0725569, "lr": 0.00034549, "params": 9207, "time_iter": 0.04455, "accuracy": 0.94872, "precision": 1.0, "recall": 0.92308, "f1": 0.96, "auc": 1.0}
{"epoch": 61, "time_epoch": 0.4427, "eta": 25.32291, "eta_hours": 0.00703, "loss": 0.03480928, "lr": 0.00033063, "params": 9207, "time_iter": 0.04427, "accuracy": 1.0, "precision": 1.0, "recall": 1.0, "f1": 1.0, "auc": 1.0}
{"epoch": 62, "time_epoch": 0.44222, "eta": 24.52486, "eta_hours": 0.00681, "loss": 0.04770924, "lr": 0.00031594, "params": 9207, "time_iter": 0.04422, "accuracy": 1.0, "precision": 1.0, "recall": 1.0, "f1": 1.0, "auc": 1.0}
{"epoch": 63, "time_epoch": 0.45008, "eta": 23.74235, "eta_hours": 0.0066, "loss": 0.01573578, "lr": 0.00030143, "params": 9207, "time_iter": 0.04501, "accuracy": 1.0, "precision": 1.0, "recall": 1.0, "f1": 1.0, "auc": 1.0}
{"epoch": 64, "time_epoch": 0.44448, "eta": 22.96705, "eta_hours": 0.00638, "loss": 0.07752256, "lr": 0.00028711, "params": 9207, "time_iter": 0.04445, "accuracy": 1.0, "precision": 1.0, "recall": 1.0, "f1": 1.0, "auc": 1.0}
{"epoch": 65, "time_epoch": 0.4439, "eta": 22.20149, "eta_hours": 0.00617, "loss": 0.29316659, "lr": 0.000273, "params": 9207, "time_iter": 0.04439, "accuracy": 0.87179, "precision": 0.86207, "recall": 0.96154, "f1": 0.90909, "auc": 0.93787}
{"epoch": 66, "time_epoch": 0.44488, "eta": 21.446, "eta_hours": 0.00596, "loss": 0.0284479, "lr": 0.00025912, "params": 9207, "time_iter": 0.04449, "accuracy": 1.0, "precision": 1.0, "recall": 1.0, "f1": 1.0, "auc": 1.0}
{"epoch": 67, "time_epoch": 0.44891, "eta": 20.70155, "eta_hours": 0.00575, "loss": 0.05898093, "lr": 0.00024548, "params": 9207, "time_iter": 0.04489, "accuracy": 1.0, "precision": 1.0, "recall": 1.0, "f1": 1.0, "auc": 1.0}
{"epoch": 68, "time_epoch": 0.44144, "eta": 19.9623, "eta_hours": 0.00555, "loss": 0.01976528, "lr": 0.00023209, "params": 9207, "time_iter": 0.04414, "accuracy": 1.0, "precision": 1.0, "recall": 1.0, "f1": 1.0, "auc": 1.0}
{"epoch": 69, "time_epoch": 0.44375, "eta": 19.23256, "eta_hours": 0.00534, "loss": 0.01916883, "lr": 0.00021896, "params": 9207, "time_iter": 0.04437, "accuracy": 1.0, "precision": 1.0, "recall": 1.0, "f1": 1.0, "auc": 1.0}
{"epoch": 70, "time_epoch": 0.44376, "eta": 18.51088, "eta_hours": 0.00514, "loss": 0.05860443, "lr": 0.00020611, "params": 9207, "time_iter": 0.04438, "accuracy": 0.97436, "precision": 1.0, "recall": 0.96154, "f1": 0.98039, "auc": 1.0}
{"epoch": 71, "time_epoch": 0.44588, "eta": 17.79774, "eta_hours": 0.00494, "loss": 0.19766703, "lr": 0.00019355, "params": 9207, "time_iter": 0.04459, "accuracy": 0.94872, "precision": 0.92857, "recall": 1.0, "f1": 0.96296, "auc": 0.98225}
{"epoch": 72, "time_epoch": 0.44853, "eta": 17.0929, "eta_hours": 0.00475, "loss": 0.03967083, "lr": 0.00018129, "params": 9207, "time_iter": 0.04485, "accuracy": 0.97436, "precision": 0.96296, "recall": 1.0, "f1": 0.98113, "auc": 1.0}
{"epoch": 73, "time_epoch": 0.44771, "eta": 16.3947, "eta_hours": 0.00455, "loss": 0.05990541, "lr": 0.00016934, "params": 9207, "time_iter": 0.04477, "accuracy": 1.0, "precision": 1.0, "recall": 1.0, "f1": 1.0, "auc": 1.0}
{"epoch": 74, "time_epoch": 0.44622, "eta": 15.70269, "eta_hours": 0.00436, "loss": 0.05949538, "lr": 0.00015773, "params": 9207, "time_iter": 0.04462, "accuracy": 1.0, "precision": 1.0, "recall": 1.0, "f1": 1.0, "auc": 1.0}
{"epoch": 75, "time_epoch": 0.44695, "eta": 15.01738, "eta_hours": 0.00417, "loss": 0.02504756, "lr": 0.00014645, "params": 9207, "time_iter": 0.04469, "accuracy": 1.0, "precision": 1.0, "recall": 1.0, "f1": 1.0, "auc": 1.0}
{"epoch": 76, "time_epoch": 0.44189, "eta": 14.33674, "eta_hours": 0.00398, "loss": 0.01901493, "lr": 0.00013552, "params": 9207, "time_iter": 0.04419, "accuracy": 1.0, "precision": 1.0, "recall": 1.0, "f1": 1.0, "auc": 1.0}
{"epoch": 77, "time_epoch": 0.44109, "eta": 13.662, "eta_hours": 0.0038, "loss": 0.07383501, "lr": 0.00012494, "params": 9207, "time_iter": 0.04411, "accuracy": 0.94872, "precision": 1.0, "recall": 0.92308, "f1": 0.96, "auc": 1.0}
{"epoch": 78, "time_epoch": 0.4464, "eta": 12.99459, "eta_hours": 0.00361, "loss": 0.05310498, "lr": 0.00011474, "params": 9207, "time_iter": 0.04464, "accuracy": 1.0, "precision": 1.0, "recall": 1.0, "f1": 1.0, "auc": 1.0}
{"epoch": 79, "time_epoch": 0.44517, "eta": 12.33239, "eta_hours": 0.00343, "loss": 0.18580408, "lr": 0.00010492, "params": 9207, "time_iter": 0.04452, "accuracy": 0.97436, "precision": 1.0, "recall": 0.96154, "f1": 0.98039, "auc": 0.97633}
{"epoch": 80, "time_epoch": 0.44615, "eta": 11.67579, "eta_hours": 0.00324, "loss": 0.09705841, "lr": 9.549e-05, "params": 9207, "time_iter": 0.04462, "accuracy": 0.94872, "precision": 0.92857, "recall": 1.0, "f1": 0.96296, "auc": 1.0}
{"epoch": 81, "time_epoch": 0.45087, "eta": 11.02535, "eta_hours": 0.00306, "loss": 0.05731493, "lr": 8.646e-05, "params": 9207, "time_iter": 0.04509, "accuracy": 1.0, "precision": 1.0, "recall": 1.0, "f1": 1.0, "auc": 1.0}
{"epoch": 82, "time_epoch": 0.44586, "eta": 10.3787, "eta_hours": 0.00288, "loss": 0.06171264, "lr": 7.784e-05, "params": 9207, "time_iter": 0.04459, "accuracy": 0.97436, "precision": 0.96296, "recall": 1.0, "f1": 0.98113, "auc": 1.0}
{"epoch": 83, "time_epoch": 0.44616, "eta": 9.73688, "eta_hours": 0.0027, "loss": 0.08748551, "lr": 6.963e-05, "params": 9207, "time_iter": 0.04462, "accuracy": 0.94872, "precision": 0.92857, "recall": 1.0, "f1": 0.96296, "auc": 1.0}
{"epoch": 84, "time_epoch": 0.4482, "eta": 9.10003, "eta_hours": 0.00253, "loss": 0.03969603, "lr": 6.185e-05, "params": 9207, "time_iter": 0.04482, "accuracy": 1.0, "precision": 1.0, "recall": 1.0, "f1": 1.0, "auc": 1.0}
{"epoch": 85, "time_epoch": 0.44177, "eta": 8.46651, "eta_hours": 0.00235, "loss": 0.24938925, "lr": 5.45e-05, "params": 9207, "time_iter": 0.04418, "accuracy": 0.89744, "precision": 0.89286, "recall": 0.96154, "f1": 0.92593, "auc": 0.9645}
{"epoch": 86, "time_epoch": 0.44383, "eta": 7.83772, "eta_hours": 0.00218, "loss": 0.05181529, "lr": 4.759e-05, "params": 9207, "time_iter": 0.04438, "accuracy": 1.0, "precision": 1.0, "recall": 1.0, "f1": 1.0, "auc": 1.0}
{"epoch": 87, "time_epoch": 0.44538, "eta": 7.21334, "eta_hours": 0.002, "loss": 0.05444711, "lr": 4.112e-05, "params": 9207, "time_iter": 0.04454, "accuracy": 0.97436, "precision": 1.0, "recall": 0.96154, "f1": 0.98039, "auc": 1.0}
{"epoch": 88, "time_epoch": 0.44756, "eta": 6.59325, "eta_hours": 0.00183, "loss": 0.01311218, "lr": 3.511e-05, "params": 9207, "time_iter": 0.04476, "accuracy": 1.0, "precision": 1.0, "recall": 1.0, "f1": 1.0, "auc": 1.0}
{"epoch": 89, "time_epoch": 0.43982, "eta": 5.97613, "eta_hours": 0.00166, "loss": 0.03994022, "lr": 2.956e-05, "params": 9207, "time_iter": 0.04398, "accuracy": 1.0, "precision": 1.0, "recall": 1.0, "f1": 1.0, "auc": 1.0}
{"epoch": 90, "time_epoch": 0.44402, "eta": 5.36333, "eta_hours": 0.00149, "loss": 0.02635026, "lr": 2.447e-05, "params": 9207, "time_iter": 0.0444, "accuracy": 1.0, "precision": 1.0, "recall": 1.0, "f1": 1.0, "auc": 1.0}
{"epoch": 91, "time_epoch": 0.44565, "eta": 4.75433, "eta_hours": 0.00132, "loss": 0.0626682, "lr": 1.985e-05, "params": 9207, "time_iter": 0.04457, "accuracy": 0.97436, "precision": 1.0, "recall": 0.96154, "f1": 0.98039, "auc": 1.0}
{"epoch": 92, "time_epoch": 0.4438, "eta": 4.14872, "eta_hours": 0.00115, "loss": 0.0397027, "lr": 1.571e-05, "params": 9207, "time_iter": 0.04438, "accuracy": 1.0, "precision": 1.0, "recall": 1.0, "f1": 1.0, "auc": 1.0}
{"epoch": 93, "time_epoch": 0.44471, "eta": 3.5466, "eta_hours": 0.00099, "loss": 0.0660543, "lr": 1.204e-05, "params": 9207, "time_iter": 0.04447, "accuracy": 0.97436, "precision": 0.96296, "recall": 1.0, "f1": 0.98113, "auc": 1.0}
{"epoch": 94, "time_epoch": 0.43935, "eta": 2.94751, "eta_hours": 0.00082, "loss": 0.0572567, "lr": 8.86e-06, "params": 9207, "time_iter": 0.04393, "accuracy": 1.0, "precision": 1.0, "recall": 1.0, "f1": 1.0, "auc": 1.0}
{"epoch": 95, "time_epoch": 0.44741, "eta": 2.35209, "eta_hours": 0.00065, "loss": 0.07828975, "lr": 6.16e-06, "params": 9207, "time_iter": 0.04474, "accuracy": 0.97436, "precision": 0.96296, "recall": 1.0, "f1": 0.98113, "auc": 0.99704}
{"epoch": 96, "time_epoch": 0.44833, "eta": 1.75975, "eta_hours": 0.00049, "loss": 0.06656805, "lr": 3.94e-06, "params": 9207, "time_iter": 0.04483, "accuracy": 0.97436, "precision": 0.96296, "recall": 1.0, "f1": 0.98113, "auc": 1.0}
{"epoch": 97, "time_epoch": 0.44963, "eta": 1.17037, "eta_hours": 0.00033, "loss": 0.02137373, "lr": 2.22e-06, "params": 9207, "time_iter": 0.04496, "accuracy": 1.0, "precision": 1.0, "recall": 1.0, "f1": 1.0, "auc": 1.0}
{"epoch": 98, "time_epoch": 0.44375, "eta": 0.58376, "eta_hours": 0.00016, "loss": 0.04861593, "lr": 9.9e-07, "params": 9207, "time_iter": 0.04437, "accuracy": 1.0, "precision": 1.0, "recall": 1.0, "f1": 1.0, "auc": 1.0}
{"epoch": 99, "time_epoch": 0.45208, "eta": 0.0, "eta_hours": 0.0, "loss": 0.01560537, "lr": 2.5e-07, "params": 9207, "time_iter": 0.04521, "accuracy": 1.0, "precision": 1.0, "recall": 1.0, "f1": 1.0, "auc": 1.0}
