{"epoch": 0, "time_epoch": 1.4821, "eta": 146.7275, "eta_hours": 0.04076, "loss": 0.69456694, "lr": 0.001, "params": 4017, "time_iter": 0.01149, "accuracy": 0.50536, "precision": 0.50449, "recall": 0.87016, "f1": 0.63869, "auc": 0.50496}
{"epoch": 1, "time_epoch": 1.27529, "eta": 135.11173, "eta_hours": 0.03753, "loss": 0.69349241, "lr": 0.00099975, "params": 4017, "time_iter": 0.00989, "accuracy": 0.50633, "precision": 0.51731, "recall": 0.26066, "f1": 0.34665, "auc": 0.49018}
{"epoch": 2, "time_epoch": 1.29088, "eta": 130.89383, "eta_hours": 0.03636, "loss": 0.69353168, "lr": 0.00099901, "params": 4017, "time_iter": 0.01001, "accuracy": 0.49026, "precision": 0.49374, "recall": 0.57364, "f1": 0.5307, "auc": 0.49108}
{"epoch": 3, "time_epoch": 1.26789, "eta": 127.58772, "eta_hours": 0.03544, "loss": 0.69343659, "lr": 0.00099778, "params": 4017, "time_iter": 0.00983, "accuracy": 0.49513, "precision": 0.49838, "recall": 0.74516, "f1": 0.59728, "auc": 0.48136}
{"epoch": 4, "time_epoch": 1.28812, "eta": 125.48119, "eta_hours": 0.03486, "loss": 0.69360854, "lr": 0.00099606, "params": 4017, "time_iter": 0.00999, "accuracy": 0.48783, "precision": 0.49383, "recall": 0.77616, "f1": 0.60362, "auc": 0.47429}
{"epoch": 5, "time_epoch": 1.28775, "eta": 123.64168, "eta_hours": 0.03434, "loss": 0.69348454, "lr": 0.00099384, "params": 4017, "time_iter": 0.00998, "accuracy": 0.49951, "precision": 0.50188, "recall": 0.51647, "f1": 0.50907, "auc": 0.4916}
{"epoch": 6, "time_epoch": 1.28681, "eta": 121.94734, "eta_hours": 0.03387, "loss": 0.69356249, "lr": 0.00099114, "params": 4017, "time_iter": 0.00998, "accuracy": 0.50243, "precision": 0.50243, "recall": 1.0, "f1": 0.66883, "auc": 0.47013}
{"epoch": 7, "time_epoch": 1.26923, "eta": 120.15276, "eta_hours": 0.03338, "loss": 0.69337654, "lr": 0.00098796, "params": 4017, "time_iter": 0.00984, "accuracy": 0.4888, "precision": 0.49233, "recall": 0.56008, "f1": 0.52403, "auc": 0.47985}
{"epoch": 8, "time_epoch": 1.26858, "eta": 118.46829, "eta_hours": 0.03291, "loss": 0.69383974, "lr": 0.00098429, "params": 4017, "time_iter": 0.00983, "accuracy": 0.48929, "precision": 0.49504, "recall": 0.82267, "f1": 0.61813, "auc": 0.46889}
{"epoch": 9, "time_epoch": 1.29284, "eta": 117.08532, "eta_hours": 0.03252, "loss": 0.6934677, "lr": 0.00098015, "params": 4017, "time_iter": 0.01002, "accuracy": 0.48053, "precision": 0.48687, "recall": 0.62888, "f1": 0.54884, "auc": 0.46569}
{"epoch": 10, "time_epoch": 1.28298, "eta": 115.63899, "eta_hours": 0.03212, "loss": 0.69350735, "lr": 0.00097553, "params": 4017, "time_iter": 0.00995, "accuracy": 0.49513, "precision": 0.49804, "recall": 0.61531, "f1": 0.5505, "auc": 0.48425}
{"epoch": 11, "time_epoch": 1.30174, "eta": 114.35749, "eta_hours": 0.03177, "loss": 0.69335496, "lr": 0.00097044, "params": 4017, "time_iter": 0.01009, "accuracy": 0.49464, "precision": 0.49841, "recall": 0.91182, "f1": 0.64452, "auc": 0.47926}
{"epoch": 12, "time_epoch": 1.30334, "eta": 113.08354, "eta_hours": 0.03141, "loss": 0.69344957, "lr": 0.00096489, "params": 4017, "time_iter": 0.0101, "accuracy": 0.49805, "precision": 0.50077, "recall": 0.31395, "f1": 0.38594, "auc": 0.48711}
{"epoch": 13, "time_epoch": 1.27101, "eta": 111.60682, "eta_hours": 0.031, "loss": 0.69322027, "lr": 0.00095888, "params": 4017, "time_iter": 0.00985, "accuracy": 0.50243, "precision": 0.50243, "recall": 1.0, "f1": 0.66883, "auc": 0.51008}
{"epoch": 14, "time_epoch": 1.2853, "eta": 110.23849, "eta_hours": 0.03062, "loss": 0.69350095, "lr": 0.00095241, "params": 4017, "time_iter": 0.00996, "accuracy": 0.4888, "precision": 0.4625, "recall": 0.10756, "f1": 0.17453, "auc": 0.47465}
{"epoch": 15, "time_epoch": 1.29594, "eta": 108.93637, "eta_hours": 0.03026, "loss": 0.69329474, "lr": 0.0009455, "params": 4017, "time_iter": 0.01005, "accuracy": 0.49318, "precision": 0.49496, "recall": 0.42829, "f1": 0.45922, "auc": 0.48973}
{"epoch": 16, "time_epoch": 1.282, "eta": 107.56693, "eta_hours": 0.02988, "loss": 0.69337782, "lr": 0.00093815, "params": 4017, "time_iter": 0.00994, "accuracy": 0.50243, "precision": 0.50243, "recall": 1.0, "f1": 0.66883, "auc": 0.48696}
{"epoch": 17, "time_epoch": 1.2757, "eta": 106.17851, "eta_hours": 0.02949, "loss": 0.69334745, "lr": 0.00093037, "params": 4017, "time_iter": 0.00989, "accuracy": 0.48247, "precision": 0.47795, "recall": 0.32558, "f1": 0.38732, "auc": 0.47276}
{"epoch": 18, "time_epoch": 1.29442, "eta": 104.88178, "eta_hours": 0.02913, "loss": 0.6934415, "lr": 0.00092216, "params": 4017, "time_iter": 0.01003, "accuracy": 0.49075, "precision": 0.48205, "recall": 0.18217, "f1": 0.26442, "auc": 0.47819}
{"epoch": 19, "time_epoch": 1.28368, "eta": 103.54231, "eta_hours": 0.02876, "loss": 0.69342126, "lr": 0.00091354, "params": 4017, "time_iter": 0.00995, "accuracy": 0.50243, "precision": 0.50243, "recall": 1.0, "f1": 0.66883, "auc": 0.46712}
{"epoch": 20, "time_epoch": 1.28495, "eta": 102.21292, "eta_hours": 0.02839, "loss": 0.69330784, "lr": 0.00090451, "params": 4017, "time_iter": 0.00996, "accuracy": 0.49367, "precision": 0.49523, "recall": 0.40213, "f1": 0.44385, "auc": 0.48389}
{"epoch": 21, "time_epoch": 1.27928, "eta": 100.8675, "eta_hours": 0.02802, "loss": 0.69347221, "lr": 0.00089508, "params": 4017, "time_iter": 0.00992, "accuracy": 0.49562, "precision": 0.49894, "recall": 0.90795, "f1": 0.64399, "auc": 0.47768}
{"epoch": 22, "time_epoch": 1.27566, "eta": 99.51569, "eta_hours": 0.02764, "loss": 0.69329641, "lr": 0.00088526, "params": 4017, "time_iter": 0.00989, "accuracy": 0.49367, "precision": 0.49738, "recall": 0.73547, "f1": 0.59343, "auc": 0.48675}
{"epoch": 23, "time_epoch": 1.28523, "eta": 98.20053, "eta_hours": 0.02728, "loss": 0.69334549, "lr": 0.00087506, "params": 4017, "time_iter": 0.00996, "accuracy": 0.49757, "precision": 0.5, "recall": 0.45252, "f1": 0.47508, "auc": 0.48053}
{"epoch": 24, "time_epoch": 1.29099, "eta": 96.90504, "eta_hours": 0.02692, "loss": 0.69337465, "lr": 0.00086448, "params": 4017, "time_iter": 0.01001, "accuracy": 0.50243, "precision": 0.50243, "recall": 1.0, "f1": 0.66883, "auc": 0.46968}
{"epoch": 25, "time_epoch": 1.27841, "eta": 95.57409, "eta_hours": 0.02655, "loss": 0.69337521, "lr": 0.00085355, "params": 4017, "time_iter": 0.00991, "accuracy": 0.49367, "precision": 0.49795, "recall": 0.94186, "f1": 0.65147, "auc": 0.47775}
{"epoch": 26, "time_epoch": 1.27477, "eta": 94.23721, "eta_hours": 0.02618, "loss": 0.69330422, "lr": 0.00084227, "params": 4017, "time_iter": 0.00988, "accuracy": 0.50146, "precision": 0.50204, "recall": 0.95252, "f1": 0.65753, "auc": 0.48194}
{"epoch": 27, "time_epoch": 1.31991, "eta": 93.02083, "eta_hours": 0.02584, "loss": 0.69341367, "lr": 0.00083066, "params": 4017, "time_iter": 0.01023, "accuracy": 0.48978, "precision": 0.49414, "recall": 0.65407, "f1": 0.56297, "auc": 0.47182}
{"epoch": 28, "time_epoch": 1.3037, "eta": 91.75763, "eta_hours": 0.02549, "loss": 0.6933844, "lr": 0.00081871, "params": 4017, "time_iter": 0.01011, "accuracy": 0.48978, "precision": 0.49091, "recall": 0.4186, "f1": 0.45188, "auc": 0.48635}
{"epoch": 29, "time_epoch": 1.27805, "eta": 90.43188, "eta_hours": 0.02512, "loss": 0.69330401, "lr": 0.00080645, "params": 4017, "time_iter": 0.00991, "accuracy": 0.48588, "precision": 0.4932, "recall": 0.84399, "f1": 0.62259, "auc": 0.47263}
{"epoch": 30, "time_epoch": 1.27749, "eta": 89.10797, "eta_hours": 0.02475, "loss": 0.69329613, "lr": 0.00079389, "params": 4017, "time_iter": 0.0099, "accuracy": 0.48004, "precision": 0.48845, "recall": 0.7374, "f1": 0.58764, "auc": 0.46922}
{"epoch": 31, "time_epoch": 1.26828, "eta": 87.76737, "eta_hours": 0.02438, "loss": 0.6933357, "lr": 0.00078104, "params": 4017, "time_iter": 0.00983, "accuracy": 0.49172, "precision": 0.49489, "recall": 0.56298, "f1": 0.52675, "auc": 0.48259}
{"epoch": 32, "time_epoch": 1.28398, "eta": 86.46304, "eta_hours": 0.02402, "loss": 0.69330696, "lr": 0.00076791, "params": 4017, "time_iter": 0.00995, "accuracy": 0.49464, "precision": 0.49793, "recall": 0.69767, "f1": 0.58111, "auc": 0.48433}
{"epoch": 33, "time_epoch": 1.28839, "eta": 85.16847, "eta_hours": 0.02366, "loss": 0.69334644, "lr": 0.00075452, "params": 4017, "time_iter": 0.00999, "accuracy": 0.50243, "precision": 0.50243, "recall": 1.0, "f1": 0.66883, "auc": 0.47138}
{"epoch": 34, "time_epoch": 1.27368, "eta": 83.84693, "eta_hours": 0.02329, "loss": 0.69323131, "lr": 0.00074088, "params": 4017, "time_iter": 0.00987, "accuracy": 0.50243, "precision": 0.50243, "recall": 1.0, "f1": 0.66883, "auc": 0.4858}
{"epoch": 35, "time_epoch": 1.27119, "eta": 82.52362, "eta_hours": 0.02292, "loss": 0.69324728, "lr": 0.000727, "params": 4017, "time_iter": 0.00985, "accuracy": 0.49464, "precision": 0.49843, "recall": 0.92248, "f1": 0.64718, "auc": 0.46181}
{"epoch": 36, "time_epoch": 1.27852, "eta": 81.21561, "eta_hours": 0.02256, "loss": 0.69329212, "lr": 0.00071289, "params": 4017, "time_iter": 0.00991, "accuracy": 0.50243, "precision": 0.50243, "recall": 1.0, "f1": 0.66883, "auc": 0.4632}
{"epoch": 37, "time_epoch": 1.2803, "eta": 79.91206, "eta_hours": 0.0222, "loss": 0.69335374, "lr": 0.00069857, "params": 4017, "time_iter": 0.00992, "accuracy": 0.48783, "precision": 0.49182, "recall": 0.58236, "f1": 0.53327, "auc": 0.47739}
{"epoch": 38, "time_epoch": 1.27648, "eta": 78.60373, "eta_hours": 0.02183, "loss": 0.69323489, "lr": 0.00068406, "params": 4017, "time_iter": 0.0099, "accuracy": 0.50243, "precision": 0.50243, "recall": 1.0, "f1": 0.66883, "auc": 0.47733}
{"epoch": 39, "time_epoch": 1.27395, "eta": 77.29318, "eta_hours": 0.02147, "loss": 0.693266, "lr": 0.00066937, "params": 4017, "time_iter": 0.00988, "accuracy": 0.48296, "precision": 0.48788, "recall": 0.58527, "f1": 0.53216, "auc": 0.48218}
{"epoch": 40, "time_epoch": 1.28832, "eta": 76.0051, "eta_hours": 0.02111, "loss": 0.69320069, "lr": 0.00065451, "params": 4017, "time_iter": 0.00999, "accuracy": 0.50243, "precision": 0.50243, "recall": 1.0, "f1": 0.66883, "auc": 0.4793}
{"epoch": 41, "time_epoch": 1.27786, "eta": 74.70257, "eta_hours": 0.02075, "loss": 0.69326576, "lr": 0.0006395, "params": 4017, "time_iter": 0.00991, "accuracy": 0.48685, "precision": 0.49377, "recall": 0.84496, "f1": 0.6233, "auc": 0.47806}
{"epoch": 42, "time_epoch": 1.27368, "eta": 73.39564, "eta_hours": 0.02039, "loss": 0.69324565, "lr": 0.00062434, "params": 4017, "time_iter": 0.00987, "accuracy": 0.4927, "precision": 0.4974, "recall": 0.92829, "f1": 0.64773, "auc": 0.47629}
{"epoch": 43, "time_epoch": 1.27369, "eta": 72.09024, "eta_hours": 0.02003, "loss": 0.6932799, "lr": 0.00060907, "params": 4017, "time_iter": 0.00987, "accuracy": 0.48588, "precision": 0.49288, "recall": 0.80523, "f1": 0.61148, "auc": 0.45182}
{"epoch": 44, "time_epoch": 1.2935, "eta": 70.81046, "eta_hours": 0.01967, "loss": 0.69324261, "lr": 0.00059369, "params": 4017, "time_iter": 0.01003, "accuracy": 0.50243, "precision": 0.50243, "recall": 1.0, "f1": 0.66883, "auc": 0.48585}
{"epoch": 45, "time_epoch": 1.27307, "eta": 69.5061, "eta_hours": 0.01931, "loss": 0.69327091, "lr": 0.00057822, "params": 4017, "time_iter": 0.00987, "accuracy": 0.49464, "precision": 0.49761, "recall": 0.60465, "f1": 0.54593, "auc": 0.48379}
{"epoch": 46, "time_epoch": 1.29552, "eta": 68.2284, "eta_hours": 0.01895, "loss": 0.6932307, "lr": 0.00056267, "params": 4017, "time_iter": 0.01004, "accuracy": 0.4927, "precision": 0.49569, "recall": 0.55717, "f1": 0.52464, "auc": 0.48818}
{"epoch": 47, "time_epoch": 1.29974, "eta": 66.95452, "eta_hours": 0.0186, "loss": 0.69326991, "lr": 0.00054705, "params": 4017, "time_iter": 0.01008, "accuracy": 0.50243, "precision": 0.50243, "recall": 1.0, "f1": 0.66883, "auc": 0.48507}
{"epoch": 48, "time_epoch": 1.28251, "eta": 65.66165, "eta_hours": 0.01824, "loss": 0.69336222, "lr": 0.0005314, "params": 4017, "time_iter": 0.00994, "accuracy": 0.48393, "precision": 0.48597, "recall": 0.46996, "f1": 0.47783, "auc": 0.47677}
{"epoch": 49, "time_epoch": 1.27213, "eta": 64.35882, "eta_hours": 0.01788, "loss": 0.6932708, "lr": 0.00051571, "params": 4017, "time_iter": 0.00986, "accuracy": 0.50243, "precision": 0.50243, "recall": 1.0, "f1": 0.66883, "auc": 0.48472}
{"epoch": 50, "time_epoch": 1.27643, "eta": 63.06132, "eta_hours": 0.01752, "loss": 0.69326504, "lr": 0.0005, "params": 4017, "time_iter": 0.00989, "accuracy": 0.4927, "precision": 0.49654, "recall": 0.69574, "f1": 0.5795, "auc": 0.47148}
{"epoch": 51, "time_epoch": 1.30375, "eta": 61.78984, "eta_hours": 0.01716, "loss": 0.6932854, "lr": 0.00048429, "params": 4017, "time_iter": 0.01011, "accuracy": 0.50243, "precision": 0.50243, "recall": 1.0, "f1": 0.66883, "auc": 0.45825}
{"epoch": 52, "time_epoch": 1.30715, "eta": 60.52017, "eta_hours": 0.01681, "loss": 0.69335038, "lr": 0.0004686, "params": 4017, "time_iter": 0.01013, "accuracy": 0.48978, "precision": 0.49574, "recall": 0.90213, "f1": 0.63986, "auc": 0.45838}
{"epoch": 53, "time_epoch": 1.28103, "eta": 59.22686, "eta_hours": 0.01645, "loss": 0.69321589, "lr": 0.00045295, "params": 4017, "time_iter": 0.00993, "accuracy": 0.50243, "precision": 0.50243, "recall": 1.0, "f1": 0.66883, "auc": 0.4574}
{"epoch": 54, "time_epoch": 1.27812, "eta": 57.93161, "eta_hours": 0.01609, "loss": 0.6932797, "lr": 0.00043733, "params": 4017, "time_iter": 0.00991, "accuracy": 0.49075, "precision": 0.48968, "recall": 0.32171, "f1": 0.3883, "auc": 0.48419}
{"epoch": 55, "time_epoch": 1.30397, "eta": 56.65729, "eta_hours": 0.01574, "loss": 0.69324703, "lr": 0.00042178, "params": 4017, "time_iter": 0.01011, "accuracy": 0.50243, "precision": 0.50243, "recall": 1.0, "f1": 0.66883, "auc": 0.47613}
{"epoch": 56, "time_epoch": 1.30797, "eta": 55.38494, "eta_hours": 0.01538, "loss": 0.69321838, "lr": 0.00040631, "params": 4017, "time_iter": 0.01014, "accuracy": 0.49659, "precision": 0.49873, "recall": 0.38178, "f1": 0.43249, "auc": 0.48753}
{"epoch": 57, "time_epoch": 1.27628, "eta": 54.08842, "eta_hours": 0.01502, "loss": 0.69322211, "lr": 0.00039093, "params": 4017, "time_iter": 0.00989, "accuracy": 0.50243, "precision": 0.50243, "recall": 1.0, "f1": 0.66883, "auc": 0.47454}
{"epoch": 58, "time_epoch": 1.25673, "eta": 52.77899, "eta_hours": 0.01466, "loss": 0.69319241, "lr": 0.00037566, "params": 4017, "time_iter": 0.00974, "accuracy": 0.50243, "precision": 0.50243, "recall": 1.0, "f1": 0.66883, "auc": 0.47539}
{"epoch": 59, "time_epoch": 1.30276, "eta": 51.50201, "eta_hours": 0.01431, "loss": 0.69319551, "lr": 0.0003605, "params": 4017, "time_iter": 0.0101, "accuracy": 0.50243, "precision": 0.50243, "recall": 1.0, "f1": 0.66883, "auc": 0.45975}
{"epoch": 60, "time_epoch": 1.28495, "eta": 50.21279, "eta_hours": 0.01395, "loss": 0.69320321, "lr": 0.00034549, "params": 4017, "time_iter": 0.00996, "accuracy": 0.48978, "precision": 0.49555, "recall": 0.86337, "f1": 0.62968, "auc": 0.48469}
{"epoch": 61, "time_epoch": 1.30197, "eta": 48.93415, "eta_hours": 0.01359, "loss": 0.69320032, "lr": 0.00033063, "params": 4017, "time_iter": 0.01009, "accuracy": 0.50243, "precision": 0.50243, "recall": 1.0, "f1": 0.66883, "auc": 0.47219}
{"epoch": 62, "time_epoch": 1.29335, "eta": 47.6497, "eta_hours": 0.01324, "loss": 0.69325027, "lr": 0.00031594, "params": 4017, "time_iter": 0.01003, "accuracy": 0.50243, "precision": 0.50243, "recall": 1.0, "f1": 0.66883, "auc": 0.4758}
{"epoch": 63, "time_epoch": 1.30464, "eta": 46.37133, "eta_hours": 0.01288, "loss": 0.69325867, "lr": 0.00030143, "params": 4017, "time_iter": 0.01011, "accuracy": 0.50243, "precision": 0.50243, "recall": 1.0, "f1": 0.66883, "auc": 0.48349}
{"epoch": 64, "time_epoch": 1.33165, "eta": 45.10669, "eta_hours": 0.01253, "loss": 0.69320335, "lr": 0.00028711, "params": 4017, "time_iter": 0.01032, "accuracy": 0.50243, "precision": 0.50243, "recall": 1.0, "f1": 0.66883, "auc": 0.46329}
{"epoch": 65, "time_epoch": 1.30668, "eta": 43.82716, "eta_hours": 0.01217, "loss": 0.6931965, "lr": 0.000273, "params": 4017, "time_iter": 0.01013, "accuracy": 0.50243, "precision": 0.50243, "recall": 1.0, "f1": 0.66883, "auc": 0.47937}
{"epoch": 66, "time_epoch": 1.30566, "eta": 42.54631, "eta_hours": 0.01182, "loss": 0.69324668, "lr": 0.00025912, "params": 4017, "time_iter": 0.01012, "accuracy": 0.50243, "precision": 0.50243, "recall": 1.0, "f1": 0.66883, "auc": 0.47118}
{"epoch": 67, "time_epoch": 1.28153, "eta": 41.25338, "eta_hours": 0.01146, "loss": 0.69320406, "lr": 0.00024548, "params": 4017, "time_iter": 0.00993, "accuracy": 0.50243, "precision": 0.50243, "recall": 1.0, "f1": 0.66883, "auc": 0.47099}
{"epoch": 68, "time_epoch": 1.29172, "eta": 39.96536, "eta_hours": 0.0111, "loss": 0.69321044, "lr": 0.00023209, "params": 4017, "time_iter": 0.01001, "accuracy": 0.47907, "precision": 0.48742, "recall": 0.71318, "f1": 0.57907, "auc": 0.46766}
{"epoch": 69, "time_epoch": 1.31072, "eta": 38.68538, "eta_hours": 0.01075, "loss": 0.69322664, "lr": 0.00021896, "params": 4017, "time_iter": 0.01016, "accuracy": 0.50243, "precision": 0.50243, "recall": 1.0, "f1": 0.66883, "auc": 0.45636}
{"epoch": 70, "time_epoch": 1.31242, "eta": 37.40522, "eta_hours": 0.01039, "loss": 0.69316572, "lr": 0.00020611, "params": 4017, "time_iter": 0.01017, "accuracy": 0.50243, "precision": 0.50243, "recall": 1.0, "f1": 0.66883, "auc": 0.47523}
{"epoch": 71, "time_epoch": 1.28504, "eta": 36.11352, "eta_hours": 0.01003, "loss": 0.69325155, "lr": 0.00019355, "params": 4017, "time_iter": 0.00996, "accuracy": 0.50243, "precision": 0.50243, "recall": 1.0, "f1": 0.66883, "auc": 0.47528}
{"epoch": 72, "time_epoch": 1.28705, "eta": 34.82275, "eta_hours": 0.00967, "loss": 0.69318029, "lr": 0.00018129, "params": 4017, "time_iter": 0.00998, "accuracy": 0.50243, "precision": 0.50243, "recall": 1.0, "f1": 0.66883, "auc": 0.48758}
{"epoch": 73, "time_epoch": 1.30368, "eta": 33.53792, "eta_hours": 0.00932, "loss": 0.69318644, "lr": 0.00016934, "params": 4017, "time_iter": 0.01011, "accuracy": 0.50243, "precision": 0.50243, "recall": 1.0, "f1": 0.66883, "auc": 0.46599}
{"epoch": 74, "time_epoch": 1.31449, "eta": 32.25619, "eta_hours": 0.00896, "loss": 0.69318949, "lr": 0.00015773, "params": 4017, "time_iter": 0.01019, "accuracy": 0.50243, "precision": 0.50243, "recall": 1.0, "f1": 0.66883, "auc": 0.46532}
{"epoch": 75, "time_epoch": 1.2894, "eta": 30.96567, "eta_hours": 0.0086, "loss": 0.69318477, "lr": 0.00014645, "params": 4017, "time_iter": 0.01, "accuracy": 0.50243, "precision": 0.50243, "recall": 1.0, "f1": 0.66883, "auc": 0.47466}
{"epoch": 76, "time_epoch": 1.2899, "eta": 29.67534, "eta_hours": 0.00824, "loss": 0.69315561, "lr": 0.00013552, "params": 4017, "time_iter": 0.01, "accuracy": 0.50243, "precision": 0.50243, "recall": 1.0, "f1": 0.66883, "auc": 0.4724}
{"epoch": 77, "time_epoch": 1.31292, "eta": 28.3915, "eta_hours": 0.00789, "loss": 0.69317834, "lr": 0.00012494, "params": 4017, "time_iter": 0.01018, "accuracy": 0.50243, "precision": 0.50243, "recall": 1.0, "f1": 0.66883, "auc": 0.47648}
{"epoch": 78, "time_epoch": 1.29859, "eta": 27.10312, "eta_hours": 0.00753, "loss": 0.69315548, "lr": 0.00011474, "params": 4017, "time_iter": 0.01007, "accuracy": 0.50243, "precision": 0.50243, "recall": 1.0, "f1": 0.66883, "auc": 0.47889}
{"epoch": 79, "time_epoch": 1.29265, "eta": 25.81301, "eta_hours": 0.00717, "loss": 0.69315337, "lr": 0.00010492, "params": 4017, "time_iter": 0.01002, "accuracy": 0.50243, "precision": 0.50243, "recall": 1.0, "f1": 0.66883, "auc": 0.47515}
{"epoch": 80, "time_epoch": 1.29409, "eta": 24.52316, "eta_hours": 0.00681, "loss": 0.69316155, "lr": 9.549e-05, "params": 4017, "time_iter": 0.01003, "accuracy": 0.50243, "precision": 0.50243, "recall": 1.0, "f1": 0.66883, "auc": 0.47759}
{"epoch": 81, "time_epoch": 1.2898, "eta": 23.23227, "eta_hours": 0.00645, "loss": 0.69315596, "lr": 8.646e-05, "params": 4017, "time_iter": 0.01, "accuracy": 0.50243, "precision": 0.50243, "recall": 1.0, "f1": 0.66883, "auc": 0.47813}
{"epoch": 82, "time_epoch": 1.29051, "eta": 21.94156, "eta_hours": 0.00609, "loss": 0.69316639, "lr": 7.784e-05, "params": 4017, "time_iter": 0.01, "accuracy": 0.50243, "precision": 0.50243, "recall": 1.0, "f1": 0.66883, "auc": 0.46459}
{"epoch": 83, "time_epoch": 1.29045, "eta": 20.65083, "eta_hours": 0.00574, "loss": 0.69315032, "lr": 6.963e-05, "params": 4017, "time_iter": 0.01, "accuracy": 0.50243, "precision": 0.50243, "recall": 1.0, "f1": 0.66883, "auc": 0.46408}
{"epoch": 84, "time_epoch": 1.28737, "eta": 19.35957, "eta_hours": 0.00538, "loss": 0.69314391, "lr": 6.185e-05, "params": 4017, "time_iter": 0.00998, "accuracy": 0.50243, "precision": 0.50243, "recall": 1.0, "f1": 0.66883, "auc": 0.46758}
{"epoch": 85, "time_epoch": 1.27516, "eta": 18.06641, "eta_hours": 0.00502, "loss": 0.69314949, "lr": 5.45e-05, "params": 4017, "time_iter": 0.00988, "accuracy": 0.50243, "precision": 0.50243, "recall": 1.0, "f1": 0.66883, "auc": 0.48247}
{"epoch": 86, "time_epoch": 1.28388, "eta": 16.77497, "eta_hours": 0.00466, "loss": 0.69315637, "lr": 4.759e-05, "params": 4017, "time_iter": 0.00995, "accuracy": 0.50243, "precision": 0.50243, "recall": 1.0, "f1": 0.66883, "auc": 0.47187}
{"epoch": 87, "time_epoch": 1.28913, "eta": 15.48442, "eta_hours": 0.0043, "loss": 0.69314558, "lr": 4.112e-05, "params": 4017, "time_iter": 0.00999, "accuracy": 0.50243, "precision": 0.50243, "recall": 1.0, "f1": 0.66883, "auc": 0.47097}
{"epoch": 88, "time_epoch": 1.29429, "eta": 14.19454, "eta_hours": 0.00394, "loss": 0.69314674, "lr": 3.511e-05, "params": 4017, "time_iter": 0.01003, "accuracy": 0.50243, "precision": 0.50243, "recall": 1.0, "f1": 0.66883, "auc": 0.48256}
{"epoch": 89, "time_epoch": 1.28386, "eta": 12.90339, "eta_hours": 0.00358, "loss": 0.69314033, "lr": 2.956e-05, "params": 4017, "time_iter": 0.00995, "accuracy": 0.50243, "precision": 0.50243, "recall": 1.0, "f1": 0.66883, "auc": 0.48016}
{"epoch": 90, "time_epoch": 1.28058, "eta": 11.61209, "eta_hours": 0.00323, "loss": 0.69314077, "lr": 2.447e-05, "params": 4017, "time_iter": 0.00993, "accuracy": 0.50243, "precision": 0.50243, "recall": 1.0, "f1": 0.66883, "auc": 0.48172}
{"epoch": 91, "time_epoch": 1.28998, "eta": 10.32184, "eta_hours": 0.00287, "loss": 0.69314037, "lr": 1.985e-05, "params": 4017, "time_iter": 0.01, "accuracy": 0.50243, "precision": 0.50243, "recall": 1.0, "f1": 0.66883, "auc": 0.4821}
{"epoch": 92, "time_epoch": 1.26075, "eta": 9.02939, "eta_hours": 0.00251, "loss": 0.69313873, "lr": 1.571e-05, "params": 4017, "time_iter": 0.00977, "accuracy": 0.50243, "precision": 0.50243, "recall": 1.0, "f1": 0.66883, "auc": 0.47923}
{"epoch": 93, "time_epoch": 1.29242, "eta": 7.73963, "eta_hours": 0.00215, "loss": 0.69313839, "lr": 1.204e-05, "params": 4017, "time_iter": 0.01002, "accuracy": 0.50243, "precision": 0.50243, "recall": 1.0, "f1": 0.66883, "auc": 0.48115}
{"epoch": 94, "time_epoch": 1.28681, "eta": 6.44953, "eta_hours": 0.00179, "loss": 0.6931377, "lr": 8.86e-06, "params": 4017, "time_iter": 0.00998, "accuracy": 0.50243, "precision": 0.50243, "recall": 1.0, "f1": 0.66883, "auc": 0.47539}
{"epoch": 95, "time_epoch": 1.29567, "eta": 5.15986, "eta_hours": 0.00143, "loss": 0.69313699, "lr": 6.16e-06, "params": 4017, "time_iter": 0.01004, "accuracy": 0.50243, "precision": 0.50243, "recall": 1.0, "f1": 0.66883, "auc": 0.4772}
{"epoch": 96, "time_epoch": 1.298, "eta": 3.87015, "eta_hours": 0.00108, "loss": 0.6931362, "lr": 3.94e-06, "params": 4017, "time_iter": 0.01006, "accuracy": 0.50243, "precision": 0.50243, "recall": 1.0, "f1": 0.66883, "auc": 0.48257}
{"epoch": 97, "time_epoch": 1.28533, "eta": 2.58, "eta_hours": 0.00072, "loss": 0.69313622, "lr": 2.22e-06, "params": 4017, "time_iter": 0.00996, "accuracy": 0.50243, "precision": 0.50243, "recall": 1.0, "f1": 0.66883, "auc": 0.46908}
{"epoch": 98, "time_epoch": 1.29323, "eta": 1.29003, "eta_hours": 0.00036, "loss": 0.6931355, "lr": 9.9e-07, "params": 4017, "time_iter": 0.01003, "accuracy": 0.50243, "precision": 0.50243, "recall": 1.0, "f1": 0.66883, "auc": 0.48641}
{"epoch": 99, "time_epoch": 1.26811, "eta": 0.0, "eta_hours": 0.0, "loss": 0.69313589, "lr": 2.5e-07, "params": 4017, "time_iter": 0.00983, "accuracy": 0.50243, "precision": 0.50243, "recall": 1.0, "f1": 0.66883, "auc": 0.47892}
