{"epoch": 0, "time_epoch": 21.41367, "eta": 2119.95322, "eta_hours": 0.58888, "loss": 1.10682024, "lr": 0.001, "params": 6221, "time_iter": 0.1139, "accuracy": 0.32133, "f1": 0.23748, "auc": 0.49986}
{"epoch": 1, "time_epoch": 8.52974, "eta": 1467.22692, "eta_hours": 0.40756, "loss": 1.09825519, "lr": 0.00099975, "params": 6221, "time_iter": 0.04537, "accuracy": 0.348, "f1": 0.19834, "auc": 0.50666}
{"epoch": 2, "time_epoch": 8.53111, "eta": 1244.00937, "eta_hours": 0.34556, "loss": 1.09539764, "lr": 0.00099901, "params": 6221, "time_iter": 0.04538, "accuracy": 0.36667, "f1": 0.29008, "auc": 0.50435}
{"epoch": 3, "time_epoch": 8.53074, "eta": 1128.12606, "eta_hours": 0.31337, "loss": 1.09395282, "lr": 0.00099778, "params": 6221, "time_iter": 0.04538, "accuracy": 0.38, "f1": 0.307, "auc": 0.538}
{"epoch": 4, "time_epoch": 8.52405, "eta": 1055.05666, "eta_hours": 0.29307, "loss": 1.091081, "lr": 0.00099606, "params": 6221, "time_iter": 0.04534, "accuracy": 0.38, "f1": 0.3037, "auc": 0.54193}
{"epoch": 5, "time_epoch": 8.52898, "eta": 1003.57962, "eta_hours": 0.27877, "loss": 1.07405672, "lr": 0.00099384, "params": 6221, "time_iter": 0.04537, "accuracy": 0.428, "f1": 0.35318, "auc": 0.58793}
{"epoch": 6, "time_epoch": 8.52079, "eta": 964.26475, "eta_hours": 0.26785, "loss": 1.08787956, "lr": 0.00099114, "params": 6221, "time_iter": 0.04532, "accuracy": 0.38933, "f1": 0.31566, "auc": 0.556}
{"epoch": 7, "time_epoch": 8.53562, "eta": 932.81892, "eta_hours": 0.25912, "loss": 1.08576727, "lr": 0.00098796, "params": 6221, "time_iter": 0.0454, "accuracy": 0.41067, "f1": 0.32989, "auc": 0.56864}
{"epoch": 8, "time_epoch": 8.49976, "eta": 906.10166, "eta_hours": 0.25169, "loss": 1.08943077, "lr": 0.00098429, "params": 6221, "time_iter": 0.04521, "accuracy": 0.388, "f1": 0.33067, "auc": 0.54154}
{"epoch": 9, "time_epoch": 8.5157, "eta": 883.17132, "eta_hours": 0.24533, "loss": 1.08181269, "lr": 0.00098015, "params": 6221, "time_iter": 0.0453, "accuracy": 0.40933, "f1": 0.34359, "auc": 0.56829}
{"epoch": 10, "time_epoch": 8.51797, "eta": 862.8802, "eta_hours": 0.23969, "loss": 1.09000573, "lr": 0.00097553, "params": 6221, "time_iter": 0.04531, "accuracy": 0.40267, "f1": 0.32033, "auc": 0.55267}
{"epoch": 11, "time_epoch": 8.50385, "eta": 844.44777, "eta_hours": 0.23457, "loss": 1.0882531, "lr": 0.00097044, "params": 6221, "time_iter": 0.04523, "accuracy": 0.39867, "f1": 0.34215, "auc": 0.55996}
{"epoch": 12, "time_epoch": 8.52965, "eta": 827.71544, "eta_hours": 0.22992, "loss": 1.08665725, "lr": 0.00096489, "params": 6221, "time_iter": 0.04537, "accuracy": 0.4, "f1": 0.31714, "auc": 0.55062}
{"epoch": 13, "time_epoch": 8.52198, "eta": 812.10784, "eta_hours": 0.22559, "loss": 1.0967422, "lr": 0.00095888, "params": 6221, "time_iter": 0.04533, "accuracy": 0.35733, "f1": 0.29336, "auc": 0.533}
{"epoch": 14, "time_epoch": 8.51501, "eta": 797.40545, "eta_hours": 0.2215, "loss": 1.0929166, "lr": 0.00095241, "params": 6221, "time_iter": 0.04529, "accuracy": 0.384, "f1": 0.30025, "auc": 0.5424}
{"epoch": 15, "time_epoch": 8.48272, "eta": 783.30698, "eta_hours": 0.21759, "loss": 1.09360928, "lr": 0.0009455, "params": 6221, "time_iter": 0.04512, "accuracy": 0.368, "f1": 0.30301, "auc": 0.54246}
{"epoch": 16, "time_epoch": 8.52485, "eta": 770.0749, "eta_hours": 0.21391, "loss": 1.08855713, "lr": 0.00093815, "params": 6221, "time_iter": 0.04534, "accuracy": 0.39067, "f1": 0.31431, "auc": 0.55842}
{"epoch": 17, "time_epoch": 8.51455, "eta": 757.31891, "eta_hours": 0.21037, "loss": 1.08751027, "lr": 0.00093037, "params": 6221, "time_iter": 0.04529, "accuracy": 0.39067, "f1": 0.34227, "auc": 0.56147}
{"epoch": 18, "time_epoch": 8.51181, "eta": 744.99768, "eta_hours": 0.20694, "loss": 1.08567374, "lr": 0.00092216, "params": 6221, "time_iter": 0.04528, "accuracy": 0.41467, "f1": 0.34202, "auc": 0.56545}
{"epoch": 19, "time_epoch": 8.50989, "eta": 733.04972, "eta_hours": 0.20362, "loss": 1.09137065, "lr": 0.00091354, "params": 6221, "time_iter": 0.04527, "accuracy": 0.38667, "f1": 0.30329, "auc": 0.5443}
{"epoch": 20, "time_epoch": 8.51985, "eta": 721.46668, "eta_hours": 0.20041, "loss": 1.08395928, "lr": 0.00090451, "params": 6221, "time_iter": 0.04532, "accuracy": 0.38133, "f1": 0.32666, "auc": 0.56758}
{"epoch": 21, "time_epoch": 8.50024, "eta": 710.0926, "eta_hours": 0.19725, "loss": 1.08811447, "lr": 0.00089508, "params": 6221, "time_iter": 0.04521, "accuracy": 0.39333, "f1": 0.37442, "auc": 0.55809}
{"epoch": 22, "time_epoch": 8.52689, "eta": 699.05761, "eta_hours": 0.19418, "loss": 1.08140099, "lr": 0.00088526, "params": 6221, "time_iter": 0.04536, "accuracy": 0.412, "f1": 0.34497, "auc": 0.57573}
{"epoch": 23, "time_epoch": 8.53111, "eta": 688.245, "eta_hours": 0.19118, "loss": 1.08535325, "lr": 0.00087506, "params": 6221, "time_iter": 0.04538, "accuracy": 0.396, "f1": 0.36998, "auc": 0.56457}
{"epoch": 24, "time_epoch": 8.51351, "eta": 677.56212, "eta_hours": 0.18821, "loss": 1.08327075, "lr": 0.00086448, "params": 6221, "time_iter": 0.04528, "accuracy": 0.40267, "f1": 0.37681, "auc": 0.56907}
{"epoch": 25, "time_epoch": 8.47691, "eta": 666.94195, "eta_hours": 0.18526, "loss": 1.08261048, "lr": 0.00085355, "params": 6221, "time_iter": 0.04509, "accuracy": 0.39867, "f1": 0.36228, "auc": 0.57583}
{"epoch": 26, "time_epoch": 8.48994, "eta": 656.51576, "eta_hours": 0.18237, "loss": 1.09057304, "lr": 0.00084227, "params": 6221, "time_iter": 0.04516, "accuracy": 0.41067, "f1": 0.40356, "auc": 0.56903}
{"epoch": 27, "time_epoch": 8.51713, "eta": 646.29779, "eta_hours": 0.17953, "loss": 1.079914, "lr": 0.00083066, "params": 6221, "time_iter": 0.0453, "accuracy": 0.40267, "f1": 0.3867, "auc": 0.5812}
{"epoch": 28, "time_epoch": 8.51283, "eta": 636.18658, "eta_hours": 0.17672, "loss": 1.08757936, "lr": 0.00081871, "params": 6221, "time_iter": 0.04528, "accuracy": 0.40267, "f1": 0.38018, "auc": 0.56417}
{"epoch": 29, "time_epoch": 8.5191, "eta": 626.19657, "eta_hours": 0.17394, "loss": 1.07348057, "lr": 0.00080645, "params": 6221, "time_iter": 0.04531, "accuracy": 0.416, "f1": 0.38973, "auc": 0.59845}
{"epoch": 30, "time_epoch": 8.51937, "eta": 616.30204, "eta_hours": 0.1712, "loss": 1.06825317, "lr": 0.00079389, "params": 6221, "time_iter": 0.04532, "accuracy": 0.424, "f1": 0.39879, "auc": 0.60492}
{"epoch": 31, "time_epoch": 8.50982, "eta": 606.47319, "eta_hours": 0.16846, "loss": 1.0826339, "lr": 0.00078104, "params": 6221, "time_iter": 0.04527, "accuracy": 0.42, "f1": 0.41573, "auc": 0.58005}
{"epoch": 32, "time_epoch": 8.53621, "eta": 596.77785, "eta_hours": 0.16577, "loss": 1.08016726, "lr": 0.00076791, "params": 6221, "time_iter": 0.04541, "accuracy": 0.416, "f1": 0.39811, "auc": 0.58423}
{"epoch": 33, "time_epoch": 8.50961, "eta": 587.09907, "eta_hours": 0.16308, "loss": 1.08747483, "lr": 0.00075452, "params": 6221, "time_iter": 0.04526, "accuracy": 0.41867, "f1": 0.40962, "auc": 0.56945}
{"epoch": 34, "time_epoch": 8.52973, "eta": 577.52446, "eta_hours": 0.16042, "loss": 1.08368639, "lr": 0.00074088, "params": 6221, "time_iter": 0.04537, "accuracy": 0.424, "f1": 0.41865, "auc": 0.58269}
{"epoch": 35, "time_epoch": 8.5124, "eta": 567.97708, "eta_hours": 0.15777, "loss": 1.07536883, "lr": 0.000727, "params": 6221, "time_iter": 0.04528, "accuracy": 0.39733, "f1": 0.38045, "auc": 0.59087}
{"epoch": 36, "time_epoch": 8.52429, "eta": 558.50589, "eta_hours": 0.15514, "loss": 1.08892475, "lr": 0.00071289, "params": 6221, "time_iter": 0.04534, "accuracy": 0.41733, "f1": 0.4072, "auc": 0.57823}
{"epoch": 37, "time_epoch": 8.49687, "eta": 549.03981, "eta_hours": 0.15251, "loss": 1.06943169, "lr": 0.00069857, "params": 6221, "time_iter": 0.0452, "accuracy": 0.42533, "f1": 0.40012, "auc": 0.59909}
{"epoch": 38, "time_epoch": 8.53909, "eta": 539.68946, "eta_hours": 0.14991, "loss": 1.07682058, "lr": 0.00068406, "params": 6221, "time_iter": 0.04542, "accuracy": 0.42533, "f1": 0.40135, "auc": 0.59399}
{"epoch": 39, "time_epoch": 8.52, "eta": 530.35104, "eta_hours": 0.14732, "loss": 1.06567907, "lr": 0.00066937, "params": 6221, "time_iter": 0.04532, "accuracy": 0.40533, "f1": 0.37811, "auc": 0.60332}
{"epoch": 40, "time_epoch": 8.516, "eta": 521.04679, "eta_hours": 0.14474, "loss": 1.0788485, "lr": 0.00065451, "params": 6221, "time_iter": 0.0453, "accuracy": 0.43067, "f1": 0.42319, "auc": 0.59822}
{"epoch": 41, "time_epoch": 8.49595, "eta": 511.75238, "eta_hours": 0.14215, "loss": 1.0702981, "lr": 0.0006395, "params": 6221, "time_iter": 0.04519, "accuracy": 0.44533, "f1": 0.43996, "auc": 0.60878}
{"epoch": 42, "time_epoch": 8.51143, "eta": 502.51563, "eta_hours": 0.13959, "loss": 1.06762435, "lr": 0.00062434, "params": 6221, "time_iter": 0.04527, "accuracy": 0.43333, "f1": 0.42364, "auc": 0.61164}
{"epoch": 43, "time_epoch": 8.50913, "eta": 493.30891, "eta_hours": 0.13703, "loss": 1.0787461, "lr": 0.00060907, "params": 6221, "time_iter": 0.04526, "accuracy": 0.42933, "f1": 0.42605, "auc": 0.59061}
{"epoch": 44, "time_epoch": 8.5255, "eta": 484.15322, "eta_hours": 0.13449, "loss": 1.07682513, "lr": 0.00059369, "params": 6221, "time_iter": 0.04535, "accuracy": 0.42133, "f1": 0.41166, "auc": 0.59672}
{"epoch": 45, "time_epoch": 8.50046, "eta": 474.99554, "eta_hours": 0.13194, "loss": 1.07611759, "lr": 0.00057822, "params": 6221, "time_iter": 0.04522, "accuracy": 0.428, "f1": 0.42173, "auc": 0.59424}
{"epoch": 46, "time_epoch": 8.49628, "eta": 465.86111, "eta_hours": 0.12941, "loss": 1.0816794, "lr": 0.00056267, "params": 6221, "time_iter": 0.04519, "accuracy": 0.42667, "f1": 0.4209, "auc": 0.60034}
{"epoch": 47, "time_epoch": 8.49151, "eta": 456.74809, "eta_hours": 0.12687, "loss": 1.07180126, "lr": 0.00054705, "params": 6221, "time_iter": 0.04517, "accuracy": 0.46267, "f1": 0.45515, "auc": 0.60746}
{"epoch": 48, "time_epoch": 8.52805, "eta": 447.69847, "eta_hours": 0.12436, "loss": 1.08459979, "lr": 0.0005314, "params": 6221, "time_iter": 0.04536, "accuracy": 0.424, "f1": 0.41941, "auc": 0.58665}
{"epoch": 49, "time_epoch": 8.62547, "eta": 438.76713, "eta_hours": 0.12188, "loss": 1.06721891, "lr": 0.00051571, "params": 6221, "time_iter": 0.04588, "accuracy": 0.42933, "f1": 0.42281, "auc": 0.60851}
{"epoch": 50, "time_epoch": 8.04138, "eta": 429.28661, "eta_hours": 0.11925, "loss": 1.06485802, "lr": 0.0005, "params": 6221, "time_iter": 0.04277, "accuracy": 0.44667, "f1": 0.44409, "auc": 0.61309}
{"epoch": 51, "time_epoch": 8.51003, "eta": 420.29404, "eta_hours": 0.11675, "loss": 1.08225553, "lr": 0.00048429, "params": 6221, "time_iter": 0.04527, "accuracy": 0.408, "f1": 0.40056, "auc": 0.59719}
{"epoch": 52, "time_epoch": 8.48083, "eta": 411.29378, "eta_hours": 0.11425, "loss": 1.0977133, "lr": 0.0004686, "params": 6221, "time_iter": 0.04511, "accuracy": 0.40933, "f1": 0.40592, "auc": 0.58561}
{"epoch": 53, "time_epoch": 8.46297, "eta": 402.29755, "eta_hours": 0.11175, "loss": 1.06676472, "lr": 0.00045295, "params": 6221, "time_iter": 0.04502, "accuracy": 0.42933, "f1": 0.42718, "auc": 0.61664}
{"epoch": 54, "time_epoch": 8.50839, "eta": 393.35787, "eta_hours": 0.10927, "loss": 1.07228223, "lr": 0.00043733, "params": 6221, "time_iter": 0.04526, "accuracy": 0.41067, "f1": 0.40571, "auc": 0.6055}
{"epoch": 55, "time_epoch": 8.50701, "eta": 384.43251, "eta_hours": 0.10679, "loss": 1.09267665, "lr": 0.00042178, "params": 6221, "time_iter": 0.04525, "accuracy": 0.39733, "f1": 0.39704, "auc": 0.58918}
{"epoch": 56, "time_epoch": 8.52894, "eta": 375.53837, "eta_hours": 0.10432, "loss": 1.07724624, "lr": 0.00040631, "params": 6221, "time_iter": 0.04537, "accuracy": 0.428, "f1": 0.42543, "auc": 0.6104}
{"epoch": 57, "time_epoch": 8.52122, "eta": 366.65123, "eta_hours": 0.10185, "loss": 1.0832676, "lr": 0.00039093, "params": 6221, "time_iter": 0.04533, "accuracy": 0.42267, "f1": 0.41354, "auc": 0.59607}
{"epoch": 58, "time_epoch": 8.51994, "eta": 357.77561, "eta_hours": 0.09938, "loss": 1.08215427, "lr": 0.00037566, "params": 6221, "time_iter": 0.04532, "accuracy": 0.43067, "f1": 0.41494, "auc": 0.59752}
{"epoch": 59, "time_epoch": 8.49545, "eta": 348.89552, "eta_hours": 0.09692, "loss": 1.08280697, "lr": 0.0003605, "params": 6221, "time_iter": 0.04519, "accuracy": 0.39333, "f1": 0.38683, "auc": 0.58413}
{"epoch": 60, "time_epoch": 8.55482, "eta": 340.06599, "eta_hours": 0.09446, "loss": 1.06662794, "lr": 0.00034549, "params": 6221, "time_iter": 0.0455, "accuracy": 0.41867, "f1": 0.41351, "auc": 0.60756}
{"epoch": 61, "time_epoch": 8.50246, "eta": 331.21324, "eta_hours": 0.092, "loss": 1.06943923, "lr": 0.00033063, "params": 6221, "time_iter": 0.04523, "accuracy": 0.44133, "f1": 0.43912, "auc": 0.61013}
{"epoch": 62, "time_epoch": 8.5063, "eta": 322.37387, "eta_hours": 0.08955, "loss": 1.07628695, "lr": 0.00031594, "params": 6221, "time_iter": 0.04525, "accuracy": 0.44133, "f1": 0.43958, "auc": 0.59756}
{"epoch": 63, "time_epoch": 8.48361, "eta": 313.53214, "eta_hours": 0.08709, "loss": 1.07132605, "lr": 0.00030143, "params": 6221, "time_iter": 0.04513, "accuracy": 0.43467, "f1": 0.43075, "auc": 0.61039}
{"epoch": 64, "time_epoch": 8.5361, "eta": 304.72969, "eta_hours": 0.08465, "loss": 1.06706938, "lr": 0.00028711, "params": 6221, "time_iter": 0.0454, "accuracy": 0.41867, "f1": 0.41789, "auc": 0.60649}
{"epoch": 65, "time_epoch": 8.50572, "eta": 295.91967, "eta_hours": 0.0822, "loss": 1.05975565, "lr": 0.000273, "params": 6221, "time_iter": 0.04524, "accuracy": 0.444, "f1": 0.44145, "auc": 0.62255}
{"epoch": 66, "time_epoch": 8.5183, "eta": 287.12492, "eta_hours": 0.07976, "loss": 1.08343056, "lr": 0.00025912, "params": 6221, "time_iter": 0.04531, "accuracy": 0.39867, "f1": 0.39599, "auc": 0.5838}
{"epoch": 67, "time_epoch": 8.51606, "eta": 278.33725, "eta_hours": 0.07732, "loss": 1.07272713, "lr": 0.00024548, "params": 6221, "time_iter": 0.0453, "accuracy": 0.436, "f1": 0.43089, "auc": 0.60112}
{"epoch": 68, "time_epoch": 8.50279, "eta": 269.55149, "eta_hours": 0.07488, "loss": 1.06450534, "lr": 0.00023209, "params": 6221, "time_iter": 0.04523, "accuracy": 0.41467, "f1": 0.41162, "auc": 0.60342}
{"epoch": 69, "time_epoch": 8.62026, "eta": 260.82416, "eta_hours": 0.07245, "loss": 1.08159631, "lr": 0.00021896, "params": 6221, "time_iter": 0.04585, "accuracy": 0.39467, "f1": 0.39254, "auc": 0.57806}
{"epoch": 70, "time_epoch": 9.70357, "eta": 252.54232, "eta_hours": 0.07015, "loss": 1.07496607, "lr": 0.00020611, "params": 6221, "time_iter": 0.05161, "accuracy": 0.412, "f1": 0.40868, "auc": 0.59558}
{"epoch": 71, "time_epoch": 9.43323, "eta": 244.11586, "eta_hours": 0.06781, "loss": 1.07362728, "lr": 0.00019355, "params": 6221, "time_iter": 0.05018, "accuracy": 0.416, "f1": 0.41167, "auc": 0.59877}
{"epoch": 72, "time_epoch": 9.7986, "eta": 235.79696, "eta_hours": 0.0655, "loss": 1.06688221, "lr": 0.00018129, "params": 6221, "time_iter": 0.05212, "accuracy": 0.444, "f1": 0.44397, "auc": 0.61225}
{"epoch": 73, "time_epoch": 9.92246, "eta": 227.48158, "eta_hours": 0.06319, "loss": 1.0696352, "lr": 0.00016934, "params": 6221, "time_iter": 0.05278, "accuracy": 0.43333, "f1": 0.43306, "auc": 0.60735}
{"epoch": 74, "time_epoch": 9.81922, "eta": 219.08893, "eta_hours": 0.06086, "loss": 1.07253738, "lr": 0.00015773, "params": 6221, "time_iter": 0.05223, "accuracy": 0.44133, "f1": 0.44147, "auc": 0.60897}
{"epoch": 75, "time_epoch": 9.90799, "eta": 210.68677, "eta_hours": 0.05852, "loss": 1.06595242, "lr": 0.00014645, "params": 6221, "time_iter": 0.0527, "accuracy": 0.42533, "f1": 0.42369, "auc": 0.61019}
{"epoch": 76, "time_epoch": 9.90081, "eta": 202.24336, "eta_hours": 0.05618, "loss": 1.06770958, "lr": 0.00013552, "params": 6221, "time_iter": 0.05266, "accuracy": 0.42533, "f1": 0.42328, "auc": 0.60611}
{"epoch": 77, "time_epoch": 9.89742, "eta": 193.76162, "eta_hours": 0.05382, "loss": 1.06868515, "lr": 0.00012494, "params": 6221, "time_iter": 0.05265, "accuracy": 0.42933, "f1": 0.42769, "auc": 0.60281}
{"epoch": 78, "time_epoch": 9.88378, "eta": 185.24041, "eta_hours": 0.05146, "loss": 1.06808114, "lr": 0.00011474, "params": 6221, "time_iter": 0.05257, "accuracy": 0.41333, "f1": 0.4128, "auc": 0.6101}
{"epoch": 79, "time_epoch": 9.83001, "eta": 176.6717, "eta_hours": 0.04908, "loss": 1.06337501, "lr": 0.00010492, "params": 6221, "time_iter": 0.05229, "accuracy": 0.444, "f1": 0.44332, "auc": 0.61405}
{"epoch": 80, "time_epoch": 9.93643, "eta": 168.0968, "eta_hours": 0.04669, "loss": 1.06161592, "lr": 9.549e-05, "params": 6221, "time_iter": 0.05285, "accuracy": 0.464, "f1": 0.46217, "auc": 0.62525}
{"epoch": 81, "time_epoch": 9.93277, "eta": 159.4879, "eta_hours": 0.0443, "loss": 1.06301474, "lr": 8.646e-05, "params": 6221, "time_iter": 0.05283, "accuracy": 0.448, "f1": 0.44715, "auc": 0.613}
{"epoch": 82, "time_epoch": 9.83091, "eta": 150.82623, "eta_hours": 0.0419, "loss": 1.07231432, "lr": 7.784e-05, "params": 6221, "time_iter": 0.05229, "accuracy": 0.436, "f1": 0.43538, "auc": 0.60568}
{"epoch": 83, "time_epoch": 9.7311, "eta": 142.11771, "eta_hours": 0.03948, "loss": 1.06157065, "lr": 6.963e-05, "params": 6221, "time_iter": 0.05176, "accuracy": 0.43867, "f1": 0.43625, "auc": 0.61648}
{"epoch": 84, "time_epoch": 9.93208, "eta": 133.4206, "eta_hours": 0.03706, "loss": 1.06715646, "lr": 6.185e-05, "params": 6221, "time_iter": 0.05283, "accuracy": 0.432, "f1": 0.43113, "auc": 0.60331}
{"epoch": 85, "time_epoch": 9.8248, "eta": 124.67731, "eta_hours": 0.03463, "loss": 1.06634843, "lr": 5.45e-05, "params": 6221, "time_iter": 0.05226, "accuracy": 0.43467, "f1": 0.43194, "auc": 0.60808}
{"epoch": 86, "time_epoch": 8.53092, "eta": 115.71581, "eta_hours": 0.03214, "loss": 1.07624347, "lr": 4.759e-05, "params": 6221, "time_iter": 0.04538, "accuracy": 0.42133, "f1": 0.41891, "auc": 0.59236}
{"epoch": 87, "time_epoch": 8.49743, "eta": 106.75953, "eta_hours": 0.02966, "loss": 1.07294073, "lr": 4.112e-05, "params": 6221, "time_iter": 0.0452, "accuracy": 0.41467, "f1": 0.41096, "auc": 0.59243}
{"epoch": 88, "time_epoch": 8.51101, "eta": 97.81524, "eta_hours": 0.02717, "loss": 1.07258267, "lr": 3.511e-05, "params": 6221, "time_iter": 0.04527, "accuracy": 0.428, "f1": 0.42576, "auc": 0.59594}
{"epoch": 89, "time_epoch": 8.53049, "eta": 88.88275, "eta_hours": 0.02469, "loss": 1.05919323, "lr": 2.956e-05, "params": 6221, "time_iter": 0.04537, "accuracy": 0.456, "f1": 0.45259, "auc": 0.62147}
{"epoch": 90, "time_epoch": 8.51352, "eta": 79.95741, "eta_hours": 0.02221, "loss": 1.05153892, "lr": 2.447e-05, "params": 6221, "time_iter": 0.04528, "accuracy": 0.44933, "f1": 0.44772, "auc": 0.63145}
{"epoch": 91, "time_epoch": 8.56332, "eta": 71.04535, "eta_hours": 0.01973, "loss": 1.06820965, "lr": 1.985e-05, "params": 6221, "time_iter": 0.04555, "accuracy": 0.42533, "f1": 0.42307, "auc": 0.61672}
{"epoch": 92, "time_epoch": 8.59848, "eta": 62.14344, "eta_hours": 0.01726, "loss": 1.06385941, "lr": 1.571e-05, "params": 6221, "time_iter": 0.04574, "accuracy": 0.436, "f1": 0.4343, "auc": 0.61046}
{"epoch": 93, "time_epoch": 8.61526, "eta": 53.24906, "eta_hours": 0.01479, "loss": 1.07442409, "lr": 1.204e-05, "params": 6221, "time_iter": 0.04583, "accuracy": 0.42533, "f1": 0.42174, "auc": 0.59496}
{"epoch": 94, "time_epoch": 8.51498, "eta": 44.35528, "eta_hours": 0.01232, "loss": 1.05688993, "lr": 8.86e-06, "params": 6221, "time_iter": 0.04529, "accuracy": 0.46133, "f1": 0.45783, "auc": 0.61623}
{"epoch": 95, "time_epoch": 8.48744, "eta": 35.46824, "eta_hours": 0.00985, "loss": 1.05616045, "lr": 6.16e-06, "params": 6221, "time_iter": 0.04515, "accuracy": 0.43333, "f1": 0.43022, "auc": 0.62244}
{"epoch": 96, "time_epoch": 8.52341, "eta": 26.59055, "eta_hours": 0.00739, "loss": 1.07518512, "lr": 3.94e-06, "params": 6221, "time_iter": 0.04534, "accuracy": 0.43467, "f1": 0.43058, "auc": 0.5936}
{"epoch": 97, "time_epoch": 8.52973, "eta": 17.72022, "eta_hours": 0.00492, "loss": 1.06894947, "lr": 2.22e-06, "params": 6221, "time_iter": 0.04537, "accuracy": 0.42133, "f1": 0.41745, "auc": 0.60061}
{"epoch": 98, "time_epoch": 8.49759, "eta": 8.85645, "eta_hours": 0.00246, "loss": 1.06502112, "lr": 9.9e-07, "params": 6221, "time_iter": 0.0452, "accuracy": 0.412, "f1": 0.40949, "auc": 0.59659}
{"epoch": 99, "time_epoch": 8.52917, "eta": 0.0, "eta_hours": 0.0, "loss": 1.07302881, "lr": 2.5e-07, "params": 6221, "time_iter": 0.04537, "accuracy": 0.43067, "f1": 0.42523, "auc": 0.59988}
