{"epoch": 0, "time_epoch": 24.01558, "eta": 2377.54248, "eta_hours": 0.66043, "loss": 0.70436487, "lr": 0.001, "params": 3845, "time_iter": 2.40156, "accuracy": 0.48, "precision": 0.0, "recall": 0.0, "f1": 0.0, "auc": 0.4724}
{"epoch": 1, "time_epoch": 23.37729, "eta": 2322.25067, "eta_hours": 0.64507, "loss": 0.69802573, "lr": 0.00099975, "params": 3845, "time_iter": 2.33773, "accuracy": 0.48, "precision": 0.0, "recall": 0.0, "f1": 0.0, "auc": 0.57496}
{"epoch": 2, "time_epoch": 21.63288, "eta": 2231.83263, "eta_hours": 0.61995, "loss": 0.69643961, "lr": 0.00099901, "params": 3845, "time_iter": 2.16329, "accuracy": 0.48, "precision": 0.0, "recall": 0.0, "f1": 0.0, "auc": 0.46278}
{"epoch": 3, "time_epoch": 22.52877, "eta": 2197.30857, "eta_hours": 0.61036, "loss": 0.69431554, "lr": 0.00099778, "params": 3845, "time_iter": 2.25288, "accuracy": 0.48, "precision": 0.0, "recall": 0.0, "f1": 0.0, "auc": 0.53116}
{"epoch": 4, "time_epoch": 22.37957, "eta": 2164.74783, "eta_hours": 0.60132, "loss": 0.69370687, "lr": 0.00099606, "params": 3845, "time_iter": 2.23796, "accuracy": 0.48, "precision": 0.0, "recall": 0.0, "f1": 0.0, "auc": 0.50178}
{"epoch": 5, "time_epoch": 23.08152, "eta": 2146.57796, "eta_hours": 0.59627, "loss": 0.69282754, "lr": 0.00099384, "params": 3845, "time_iter": 2.30815, "accuracy": 0.48667, "precision": 0.5042, "recall": 0.76923, "f1": 0.60914, "auc": 0.5365}
{"epoch": 6, "time_epoch": 24.06738, "eta": 2140.10264, "eta_hours": 0.59447, "loss": 0.69260038, "lr": 0.00099114, "params": 3845, "time_iter": 2.40674, "accuracy": 0.52, "precision": 0.52, "recall": 1.0, "f1": 0.68421, "auc": 0.51353}
{"epoch": 7, "time_epoch": 24.18481, "eta": 2130.57974, "eta_hours": 0.59183, "loss": 0.69253632, "lr": 0.00098796, "params": 3845, "time_iter": 2.41848, "accuracy": 0.52, "precision": 0.52, "recall": 1.0, "f1": 0.68421, "auc": 0.45201}
{"epoch": 8, "time_epoch": 29.12637, "eta": 2167.7633, "eta_hours": 0.60216, "loss": 0.69250126, "lr": 0.00098429, "params": 3845, "time_iter": 2.91264, "accuracy": 0.52, "precision": 0.52, "recall": 1.0, "f1": 0.68421, "auc": 0.49902}
{"epoch": 9, "time_epoch": 24.10798, "eta": 2146.51937, "eta_hours": 0.59626, "loss": 0.69249516, "lr": 0.00098015, "params": 3845, "time_iter": 2.4108, "accuracy": 0.52, "precision": 0.52, "recall": 1.0, "f1": 0.68421, "auc": 0.4789}
{"epoch": 10, "time_epoch": 24.16053, "eta": 2125.17992, "eta_hours": 0.59033, "loss": 0.69254845, "lr": 0.00097553, "params": 3845, "time_iter": 2.41605, "accuracy": 0.52, "precision": 0.52, "recall": 1.0, "f1": 0.68421, "auc": 0.4172}
{"epoch": 11, "time_epoch": 22.43326, "eta": 2090.70361, "eta_hours": 0.58075, "loss": 0.69242676, "lr": 0.00097044, "params": 3845, "time_iter": 2.24333, "accuracy": 0.52, "precision": 0.52, "recall": 1.0, "f1": 0.68421, "auc": 0.49172}
{"epoch": 12, "time_epoch": 25.71929, "eta": 2080.07121, "eta_hours": 0.5778, "loss": 0.69249415, "lr": 0.00096489, "params": 3845, "time_iter": 2.57193, "accuracy": 0.52, "precision": 0.52, "recall": 1.0, "f1": 0.68421, "auc": 0.33529}
{"epoch": 13, "time_epoch": 21.50727, "eta": 2041.4097, "eta_hours": 0.56706, "loss": 0.69246413, "lr": 0.00095888, "params": 3845, "time_iter": 2.15073, "accuracy": 0.52, "precision": 0.52, "recall": 1.0, "f1": 0.68421, "auc": 0.4724}
{"epoch": 14, "time_epoch": 31.39812, "eta": 2061.08355, "eta_hours": 0.57252, "loss": 0.69236567, "lr": 0.00095241, "params": 3845, "time_iter": 3.13981, "accuracy": 0.52, "precision": 0.52, "recall": 1.0, "f1": 0.68421, "auc": 0.52306}
{"epoch": 15, "time_epoch": 27.76351, "eta": 2055.29172, "eta_hours": 0.57091, "loss": 0.69238357, "lr": 0.0009455, "params": 3845, "time_iter": 2.77635, "accuracy": 0.52, "precision": 0.52, "recall": 1.0, "f1": 0.68421, "auc": 0.46875}
{"epoch": 16, "time_epoch": 25.47862, "eta": 2035.75935, "eta_hours": 0.56549, "loss": 0.692377, "lr": 0.00093815, "params": 3845, "time_iter": 2.54786, "accuracy": 0.52, "precision": 0.52, "recall": 1.0, "f1": 0.68421, "auc": 0.40928}
{"epoch": 17, "time_epoch": 25.52693, "eta": 2015.78635, "eta_hours": 0.55994, "loss": 0.69245298, "lr": 0.00093037, "params": 3845, "time_iter": 2.55269, "accuracy": 0.52, "precision": 0.52, "recall": 1.0, "f1": 0.68421, "auc": 0.42762}
{"epoch": 18, "time_epoch": 21.87085, "eta": 1979.64228, "eta_hours": 0.5499, "loss": 0.69239257, "lr": 0.00092216, "params": 3845, "time_iter": 2.18708, "accuracy": 0.52, "precision": 0.52, "recall": 1.0, "f1": 0.68421, "auc": 0.41346}
{"epoch": 19, "time_epoch": 22.4423, "eta": 1947.21135, "eta_hours": 0.54089, "loss": 0.69237405, "lr": 0.00091354, "params": 3845, "time_iter": 2.24423, "accuracy": 0.52, "precision": 0.52, "recall": 1.0, "f1": 0.68421, "auc": 0.39574}
{"epoch": 20, "time_epoch": 23.6519, "eta": 1920.28211, "eta_hours": 0.53341, "loss": 0.6924008, "lr": 0.00090451, "params": 3845, "time_iter": 2.36519, "accuracy": 0.52, "precision": 0.52, "recall": 1.0, "f1": 0.68421, "auc": 0.42913}
{"epoch": 21, "time_epoch": 22.23714, "eta": 1888.63485, "eta_hours": 0.52462, "loss": 0.69240412, "lr": 0.00089508, "params": 3845, "time_iter": 2.22371, "accuracy": 0.52, "precision": 0.52, "recall": 1.0, "f1": 0.68421, "auc": 0.45103}
{"epoch": 22, "time_epoch": 24.1694, "eta": 1864.27473, "eta_hours": 0.51785, "loss": 0.69240938, "lr": 0.00088526, "params": 3845, "time_iter": 2.41694, "accuracy": 0.52, "precision": 0.52, "recall": 1.0, "f1": 0.68421, "auc": 0.37598}
{"epoch": 23, "time_epoch": 23.88041, "eta": 1839.01535, "eta_hours": 0.51084, "loss": 0.69245873, "lr": 0.00087506, "params": 3845, "time_iter": 2.38804, "accuracy": 0.52, "precision": 0.52, "recall": 1.0, "f1": 0.68421, "auc": 0.3636}
{"epoch": 24, "time_epoch": 23.92674, "eta": 1814.00531, "eta_hours": 0.50389, "loss": 0.69234777, "lr": 0.00086448, "params": 3845, "time_iter": 2.39267, "accuracy": 0.52, "precision": 0.52, "recall": 1.0, "f1": 0.68421, "auc": 0.49795}
{"epoch": 25, "time_epoch": 23.62389, "eta": 1788.21663, "eta_hours": 0.49673, "loss": 0.69244562, "lr": 0.00085355, "params": 3845, "time_iter": 2.36239, "accuracy": 0.52, "precision": 0.52, "recall": 1.0, "f1": 0.68421, "auc": 0.38097}
{"epoch": 26, "time_epoch": 22.29537, "eta": 1758.99636, "eta_hours": 0.48861, "loss": 0.692434, "lr": 0.00084227, "params": 3845, "time_iter": 2.22954, "accuracy": 0.52, "precision": 0.52, "recall": 1.0, "f1": 0.68421, "auc": 0.3912}
{"epoch": 27, "time_epoch": 24.23525, "eta": 1735.25899, "eta_hours": 0.48202, "loss": 0.69235374, "lr": 0.00083066, "params": 3845, "time_iter": 2.42352, "accuracy": 0.52, "precision": 0.52, "recall": 1.0, "f1": 0.68421, "auc": 0.4724}
{"epoch": 28, "time_epoch": 23.69076, "eta": 1710.15424, "eta_hours": 0.47504, "loss": 0.6923671, "lr": 0.00081871, "params": 3845, "time_iter": 2.36908, "accuracy": 0.52, "precision": 0.52, "recall": 1.0, "f1": 0.68421, "auc": 0.40153}
{"epoch": 29, "time_epoch": 24.37296, "eta": 1686.73555, "eta_hours": 0.46854, "loss": 0.69242143, "lr": 0.00080645, "params": 3845, "time_iter": 2.4373, "accuracy": 0.52, "precision": 0.52, "recall": 1.0, "f1": 0.68421, "auc": 0.40776}
{"epoch": 30, "time_epoch": 24.16001, "eta": 1662.7813, "eta_hours": 0.46188, "loss": 0.69234863, "lr": 0.00079389, "params": 3845, "time_iter": 2.416, "accuracy": 0.52, "precision": 0.52, "recall": 1.0, "f1": 0.68421, "auc": 0.48958}
{"epoch": 31, "time_epoch": 23.78443, "eta": 1638.01609, "eta_hours": 0.455, "loss": 0.69240394, "lr": 0.00078104, "params": 3845, "time_iter": 2.37844, "accuracy": 0.52, "precision": 0.52, "recall": 1.0, "f1": 0.68421, "auc": 0.41889}
{"epoch": 32, "time_epoch": 23.39525, "eta": 1612.52017, "eta_hours": 0.44792, "loss": 0.69239489, "lr": 0.00076791, "params": 3845, "time_iter": 2.33953, "accuracy": 0.52, "precision": 0.52, "recall": 1.0, "f1": 0.68421, "auc": 0.4464}
{"epoch": 33, "time_epoch": 24.21026, "eta": 1588.7299, "eta_hours": 0.44131, "loss": 0.69237402, "lr": 0.00075452, "params": 3845, "time_iter": 2.42103, "accuracy": 0.52, "precision": 0.52, "recall": 1.0, "f1": 0.68421, "auc": 0.43901}
{"epoch": 34, "time_epoch": 21.49092, "eta": 1559.86542, "eta_hours": 0.4333, "loss": 0.69245608, "lr": 0.00074088, "params": 3845, "time_iter": 2.14909, "accuracy": 0.52, "precision": 0.52, "recall": 1.0, "f1": 0.68421, "auc": 0.4042}
{"epoch": 35, "time_epoch": 21.48307, "eta": 1531.39664, "eta_hours": 0.42539, "loss": 0.69244061, "lr": 0.000727, "params": 3845, "time_iter": 2.14831, "accuracy": 0.52, "precision": 0.52, "recall": 1.0, "f1": 0.68421, "auc": 0.43234}
{"epoch": 36, "time_epoch": 21.55261, "eta": 1503.42386, "eta_hours": 0.41762, "loss": 0.69238005, "lr": 0.00071289, "params": 3845, "time_iter": 2.15526, "accuracy": 0.52, "precision": 0.52, "recall": 1.0, "f1": 0.68421, "auc": 0.3847}
{"epoch": 37, "time_epoch": 28.56084, "eta": 1487.22347, "eta_hours": 0.41312, "loss": 0.69235247, "lr": 0.00069857, "params": 3845, "time_iter": 2.85608, "accuracy": 0.52, "precision": 0.52, "recall": 1.0, "f1": 0.68421, "auc": 0.46305}
{"epoch": 38, "time_epoch": 28.61175, "eta": 1470.46883, "eta_hours": 0.40846, "loss": 0.69235283, "lr": 0.00068406, "params": 3845, "time_iter": 2.86117, "accuracy": 0.52, "precision": 0.52, "recall": 1.0, "f1": 0.68421, "auc": 0.4838}
{"epoch": 39, "time_epoch": 29.0357, "eta": 1453.75726, "eta_hours": 0.40382, "loss": 0.69235943, "lr": 0.00066937, "params": 3845, "time_iter": 2.90357, "accuracy": 0.52, "precision": 0.52, "recall": 1.0, "f1": 0.68421, "auc": 0.45255}
{"epoch": 40, "time_epoch": 24.34988, "eta": 1429.70151, "eta_hours": 0.39714, "loss": 0.69238524, "lr": 0.00065451, "params": 3845, "time_iter": 2.43499, "accuracy": 0.52, "precision": 0.52, "recall": 1.0, "f1": 0.68421, "auc": 0.40483}
{"epoch": 41, "time_epoch": 21.50447, "eta": 1401.70238, "eta_hours": 0.38936, "loss": 0.6924104, "lr": 0.0006395, "params": 3845, "time_iter": 2.15045, "accuracy": 0.52, "precision": 0.52, "recall": 1.0, "f1": 0.68421, "auc": 0.42788}
{"epoch": 42, "time_epoch": 21.23292, "eta": 1373.64537, "eta_hours": 0.38157, "loss": 0.69235425, "lr": 0.00062434, "params": 3845, "time_iter": 2.12329, "accuracy": 0.52, "precision": 0.52, "recall": 1.0, "f1": 0.68421, "auc": 0.43243}
{"epoch": 43, "time_epoch": 22.54578, "eta": 1347.56945, "eta_hours": 0.37432, "loss": 0.69235238, "lr": 0.00060907, "params": 3845, "time_iter": 2.25458, "accuracy": 0.52, "precision": 0.52, "recall": 1.0, "f1": 0.68421, "auc": 0.46661}
{"epoch": 44, "time_epoch": 28.08571, "eta": 1328.42145, "eta_hours": 0.36901, "loss": 0.69236025, "lr": 0.00059369, "params": 3845, "time_iter": 2.80857, "accuracy": 0.52, "precision": 0.52, "recall": 1.0, "f1": 0.68421, "auc": 0.40171}
{"epoch": 45, "time_epoch": 29.16996, "eta": 1310.15767, "eta_hours": 0.36393, "loss": 0.69239929, "lr": 0.00057822, "params": 3845, "time_iter": 2.917, "accuracy": 0.52, "precision": 0.52, "recall": 1.0, "f1": 0.68421, "auc": 0.44302}
{"epoch": 46, "time_epoch": 28.55599, "eta": 1290.73745, "eta_hours": 0.35854, "loss": 0.69235812, "lr": 0.00056267, "params": 3845, "time_iter": 2.8556, "accuracy": 0.52, "precision": 0.52, "recall": 1.0, "f1": 0.68421, "auc": 0.45014}
{"epoch": 47, "time_epoch": 28.90138, "eta": 1271.31074, "eta_hours": 0.35314, "loss": 0.6923637, "lr": 0.00054705, "params": 3845, "time_iter": 2.89014, "accuracy": 0.52, "precision": 0.52, "recall": 1.0, "f1": 0.68421, "auc": 0.42459}
{"epoch": 48, "time_epoch": 28.59363, "eta": 1251.17699, "eta_hours": 0.34755, "loss": 0.69235544, "lr": 0.0005314, "params": 3845, "time_iter": 2.85936, "accuracy": 0.52, "precision": 0.52, "recall": 1.0, "f1": 0.68421, "auc": 0.42869}
{"epoch": 49, "time_epoch": 28.80242, "eta": 1230.91365, "eta_hours": 0.34192, "loss": 0.69238841, "lr": 0.00051571, "params": 3845, "time_iter": 2.88024, "accuracy": 0.52, "precision": 0.52, "recall": 1.0, "f1": 0.68421, "auc": 0.45548}
{"epoch": 50, "time_epoch": 28.85269, "eta": 1210.36374, "eta_hours": 0.33621, "loss": 0.69236349, "lr": 0.0005, "params": 3845, "time_iter": 2.88527, "accuracy": 0.52, "precision": 0.52, "recall": 1.0, "f1": 0.68421, "auc": 0.46439}
{"epoch": 51, "time_epoch": 29.22274, "eta": 1189.83607, "eta_hours": 0.33051, "loss": 0.69235157, "lr": 0.00048429, "params": 3845, "time_iter": 2.92227, "accuracy": 0.52, "precision": 0.52, "recall": 1.0, "f1": 0.68421, "auc": 0.48486}
{"epoch": 52, "time_epoch": 28.75392, "eta": 1168.56455, "eta_hours": 0.3246, "loss": 0.69236187, "lr": 0.0004686, "params": 3845, "time_iter": 2.87539, "accuracy": 0.52, "precision": 0.52, "recall": 1.0, "f1": 0.68421, "auc": 0.43483}
{"epoch": 53, "time_epoch": 28.67916, "eta": 1146.95221, "eta_hours": 0.3186, "loss": 0.6923614, "lr": 0.00045295, "params": 3845, "time_iter": 2.86792, "accuracy": 0.52, "precision": 0.52, "recall": 1.0, "f1": 0.68421, "auc": 0.46813}
{"epoch": 54, "time_epoch": 28.62418, "eta": 1125.03792, "eta_hours": 0.31251, "loss": 0.69237689, "lr": 0.00043733, "params": 3845, "time_iter": 2.86242, "accuracy": 0.52, "precision": 0.52, "recall": 1.0, "f1": 0.68421, "auc": 0.37634}
{"epoch": 55, "time_epoch": 28.59224, "eta": 1102.85889, "eta_hours": 0.30635, "loss": 0.69237435, "lr": 0.00042178, "params": 3845, "time_iter": 2.85922, "accuracy": 0.52, "precision": 0.52, "recall": 1.0, "f1": 0.68421, "auc": 0.44177}
{"epoch": 56, "time_epoch": 28.95731, "eta": 1080.73023, "eta_hours": 0.3002, "loss": 0.6923516, "lr": 0.00040631, "params": 3845, "time_iter": 2.89573, "accuracy": 0.52, "precision": 0.52, "recall": 1.0, "f1": 0.68421, "auc": 0.40189}
{"epoch": 57, "time_epoch": 28.83672, "eta": 1058.27879, "eta_hours": 0.29397, "loss": 0.69235764, "lr": 0.00039093, "params": 3845, "time_iter": 2.88367, "accuracy": 0.52, "precision": 0.52, "recall": 1.0, "f1": 0.68421, "auc": 0.43803}
{"epoch": 58, "time_epoch": 28.6214, "eta": 1035.46126, "eta_hours": 0.28763, "loss": 0.69235376, "lr": 0.00037566, "params": 3845, "time_iter": 2.86214, "accuracy": 0.52, "precision": 0.52, "recall": 1.0, "f1": 0.68421, "auc": 0.43082}
{"epoch": 59, "time_epoch": 28.60889, "eta": 1012.44193, "eta_hours": 0.28123, "loss": 0.69236647, "lr": 0.0003605, "params": 3845, "time_iter": 2.86089, "accuracy": 0.52, "precision": 0.52, "recall": 1.0, "f1": 0.68421, "auc": 0.46305}
{"epoch": 60, "time_epoch": 29.02965, "eta": 989.50835, "eta_hours": 0.27486, "loss": 0.69235812, "lr": 0.00034549, "params": 3845, "time_iter": 2.90296, "accuracy": 0.52, "precision": 0.52, "recall": 1.0, "f1": 0.68421, "auc": 0.39922}
{"epoch": 61, "time_epoch": 29.16567, "eta": 966.46149, "eta_hours": 0.26846, "loss": 0.69235851, "lr": 0.00033063, "params": 3845, "time_iter": 2.91657, "accuracy": 0.52, "precision": 0.52, "recall": 1.0, "f1": 0.68421, "auc": 0.39797}
{"epoch": 62, "time_epoch": 30.31226, "eta": 943.89377, "eta_hours": 0.26219, "loss": 0.69235604, "lr": 0.00031594, "params": 3845, "time_iter": 3.03123, "accuracy": 0.52, "precision": 0.52, "recall": 1.0, "f1": 0.68421, "auc": 0.40438}
{"epoch": 63, "time_epoch": 28.64626, "eta": 920.14691, "eta_hours": 0.2556, "loss": 0.69234872, "lr": 0.00030143, "params": 3845, "time_iter": 2.86463, "accuracy": 0.52, "precision": 0.52, "recall": 1.0, "f1": 0.68421, "auc": 0.47267}
{"epoch": 64, "time_epoch": 28.71495, "eta": 896.28629, "eta_hours": 0.24897, "loss": 0.69235127, "lr": 0.00028711, "params": 3845, "time_iter": 2.87149, "accuracy": 0.52, "precision": 0.52, "recall": 1.0, "f1": 0.68421, "auc": 0.41898}
{"epoch": 65, "time_epoch": 28.80576, "eta": 872.32535, "eta_hours": 0.24231, "loss": 0.69234951, "lr": 0.000273, "params": 3845, "time_iter": 2.88058, "accuracy": 0.52, "precision": 0.52, "recall": 1.0, "f1": 0.68421, "auc": 0.52172}
{"epoch": 66, "time_epoch": 28.90669, "eta": 848.2695, "eta_hours": 0.23563, "loss": 0.69235365, "lr": 0.00025912, "params": 3845, "time_iter": 2.89067, "accuracy": 0.52, "precision": 0.52, "recall": 1.0, "f1": 0.68421, "auc": 0.48068}
{"epoch": 67, "time_epoch": 34.60268, "eta": 826.75144, "eta_hours": 0.22965, "loss": 0.69236411, "lr": 0.00024548, "params": 3845, "time_iter": 3.46027, "accuracy": 0.52, "precision": 0.52, "recall": 1.0, "f1": 0.68421, "auc": 0.41524}
{"epoch": 68, "time_epoch": 36.66451, "eta": 805.78045, "eta_hours": 0.22383, "loss": 0.69235735, "lr": 0.00023209, "params": 3845, "time_iter": 3.66645, "accuracy": 0.52, "precision": 0.52, "recall": 1.0, "f1": 0.68421, "auc": 0.44382}
{"epoch": 69, "time_epoch": 24.18846, "eta": 779.01419, "eta_hours": 0.21639, "loss": 0.69234844, "lr": 0.00021896, "params": 3845, "time_iter": 2.41885, "accuracy": 0.52, "precision": 0.52, "recall": 1.0, "f1": 0.68421, "auc": 0.54282}
{"epoch": 70, "time_epoch": 22.3241, "eta": 751.55905, "eta_hours": 0.20877, "loss": 0.69235809, "lr": 0.00020611, "params": 3845, "time_iter": 2.23241, "accuracy": 0.52, "precision": 0.52, "recall": 1.0, "f1": 0.68421, "auc": 0.39842}
{"epoch": 71, "time_epoch": 24.32167, "eta": 725.02327, "eta_hours": 0.2014, "loss": 0.69236485, "lr": 0.00019355, "params": 3845, "time_iter": 2.43217, "accuracy": 0.52, "precision": 0.52, "recall": 1.0, "f1": 0.68421, "auc": 0.44462}
{"epoch": 72, "time_epoch": 31.66834, "eta": 701.26541, "eta_hours": 0.1948, "loss": 0.69235161, "lr": 0.00018129, "params": 3845, "time_iter": 3.16683, "accuracy": 0.52, "precision": 0.52, "recall": 1.0, "f1": 0.68421, "auc": 0.48335}
{"epoch": 73, "time_epoch": 29.38015, "eta": 676.4898, "eta_hours": 0.18791, "loss": 0.69235591, "lr": 0.00016934, "params": 3845, "time_iter": 2.93802, "accuracy": 0.52, "precision": 0.52, "recall": 1.0, "f1": 0.68421, "auc": 0.42423}
{"epoch": 74, "time_epoch": 49.37396, "eta": 658.256, "eta_hours": 0.18285, "loss": 0.69235265, "lr": 0.00015773, "params": 3845, "time_iter": 4.9374, "accuracy": 0.52, "precision": 0.52, "recall": 1.0, "f1": 0.68421, "auc": 0.47801}
{"epoch": 75, "time_epoch": 47.5354, "eta": 638.62212, "eta_hours": 0.1774, "loss": 0.69235388, "lr": 0.00014645, "params": 3845, "time_iter": 4.75354, "accuracy": 0.52, "precision": 0.52, "recall": 1.0, "f1": 0.68421, "auc": 0.40118}
{"epoch": 76, "time_epoch": 22.05268, "eta": 610.65181, "eta_hours": 0.16963, "loss": 0.6923548, "lr": 0.00013552, "params": 3845, "time_iter": 2.20527, "accuracy": 0.52, "precision": 0.52, "recall": 1.0, "f1": 0.68421, "auc": 0.40963}
{"epoch": 77, "time_epoch": 27.29896, "eta": 584.31296, "eta_hours": 0.16231, "loss": 0.692355, "lr": 0.00012494, "params": 3845, "time_iter": 2.7299, "accuracy": 0.52, "precision": 0.52, "recall": 1.0, "f1": 0.68421, "auc": 0.47347}
{"epoch": 78, "time_epoch": 24.20659, "eta": 557.12777, "eta_hours": 0.15476, "loss": 0.69234622, "lr": 0.00011474, "params": 3845, "time_iter": 2.42066, "accuracy": 0.52, "precision": 0.52, "recall": 1.0, "f1": 0.68421, "auc": 0.52894}
{"epoch": 79, "time_epoch": 22.32978, "eta": 529.54785, "eta_hours": 0.1471, "loss": 0.69235191, "lr": 0.00010492, "params": 3845, "time_iter": 2.23298, "accuracy": 0.52, "precision": 0.52, "recall": 1.0, "f1": 0.68421, "auc": 0.41738}
{"epoch": 80, "time_epoch": 21.73228, "eta": 501.95741, "eta_hours": 0.13943, "loss": 0.69235064, "lr": 9.549e-05, "params": 3845, "time_iter": 2.17323, "accuracy": 0.52, "precision": 0.52, "recall": 1.0, "f1": 0.68421, "auc": 0.41818}
{"epoch": 81, "time_epoch": 25.38704, "eta": 475.31211, "eta_hours": 0.13203, "loss": 0.69234889, "lr": 8.646e-05, "params": 3845, "time_iter": 2.5387, "accuracy": 0.52, "precision": 0.52, "recall": 1.0, "f1": 0.68421, "auc": 0.49377}
{"epoch": 82, "time_epoch": 21.3764, "eta": 447.87568, "eta_hours": 0.12441, "loss": 0.69235159, "lr": 7.784e-05, "params": 3845, "time_iter": 2.13764, "accuracy": 0.52, "precision": 0.52, "recall": 1.0, "f1": 0.68421, "auc": 0.44284}
{"epoch": 83, "time_epoch": 21.89971, "eta": 420.68321, "eta_hours": 0.11686, "loss": 0.6923496, "lr": 6.963e-05, "params": 3845, "time_iter": 2.18997, "accuracy": 0.52, "precision": 0.52, "recall": 1.0, "f1": 0.68421, "auc": 0.44614}
{"epoch": 84, "time_epoch": 21.56555, "eta": 393.5563, "eta_hours": 0.10932, "loss": 0.69234804, "lr": 6.185e-05, "params": 3845, "time_iter": 2.15656, "accuracy": 0.52, "precision": 0.52, "recall": 1.0, "f1": 0.68421, "auc": 0.51184}
{"epoch": 85, "time_epoch": 23.29835, "eta": 366.84082, "eta_hours": 0.1019, "loss": 0.69235, "lr": 5.45e-05, "params": 3845, "time_iter": 2.32983, "accuracy": 0.52, "precision": 0.52, "recall": 1.0, "f1": 0.68421, "auc": 0.46136}
{"epoch": 86, "time_epoch": 22.4395, "eta": 340.07555, "eta_hours": 0.09447, "loss": 0.69235069, "lr": 4.759e-05, "params": 3845, "time_iter": 2.24395, "accuracy": 0.52, "precision": 0.52, "recall": 1.0, "f1": 0.68421, "auc": 0.40767}
{"epoch": 87, "time_epoch": 22.55415, "eta": 313.42423, "eta_hours": 0.08706, "loss": 0.69234926, "lr": 4.112e-05, "params": 3845, "time_iter": 2.25542, "accuracy": 0.52, "precision": 0.52, "recall": 1.0, "f1": 0.68421, "auc": 0.47338}
{"epoch": 88, "time_epoch": 22.66116, "eta": 286.87821, "eta_hours": 0.07969, "loss": 0.69234957, "lr": 3.511e-05, "params": 3845, "time_iter": 2.26612, "accuracy": 0.52, "precision": 0.52, "recall": 1.0, "f1": 0.68421, "auc": 0.47837}
{"epoch": 89, "time_epoch": 22.77601, "eta": 260.43128, "eta_hours": 0.07234, "loss": 0.69235047, "lr": 2.956e-05, "params": 3845, "time_iter": 2.2776, "accuracy": 0.52, "precision": 0.52, "recall": 1.0, "f1": 0.68421, "auc": 0.42824}
{"epoch": 90, "time_epoch": 22.16218, "eta": 234.00433, "eta_hours": 0.065, "loss": 0.69235005, "lr": 2.447e-05, "params": 3845, "time_iter": 2.21622, "accuracy": 0.52, "precision": 0.52, "recall": 1.0, "f1": 0.68421, "auc": 0.44756}
{"epoch": 91, "time_epoch": 23.32785, "eta": 207.77144, "eta_hours": 0.05771, "loss": 0.69234944, "lr": 1.985e-05, "params": 3845, "time_iter": 2.33279, "accuracy": 0.52, "precision": 0.52, "recall": 1.0, "f1": 0.68421, "auc": 0.45495}
{"epoch": 92, "time_epoch": 22.62181, "eta": 181.54789, "eta_hours": 0.05043, "loss": 0.69234967, "lr": 1.571e-05, "params": 3845, "time_iter": 2.26218, "accuracy": 0.52, "precision": 0.52, "recall": 1.0, "f1": 0.68421, "auc": 0.43581}
{"epoch": 93, "time_epoch": 22.34462, "eta": 155.38328, "eta_hours": 0.04316, "loss": 0.69234978, "lr": 1.204e-05, "params": 3845, "time_iter": 2.23446, "accuracy": 0.52, "precision": 0.52, "recall": 1.0, "f1": 0.68421, "auc": 0.4326}
{"epoch": 94, "time_epoch": 22.02618, "eta": 129.28233, "eta_hours": 0.03591, "loss": 0.69234848, "lr": 8.86e-06, "params": 3845, "time_iter": 2.20262, "accuracy": 0.52, "precision": 0.52, "recall": 1.0, "f1": 0.68421, "auc": 0.51469}
{"epoch": 95, "time_epoch": 22.09763, "eta": 103.26924, "eta_hours": 0.02869, "loss": 0.69234893, "lr": 6.16e-06, "params": 3845, "time_iter": 2.20976, "accuracy": 0.52, "precision": 0.52, "recall": 1.0, "f1": 0.68421, "auc": 0.46866}
{"epoch": 96, "time_epoch": 23.04608, "eta": 77.36622, "eta_hours": 0.02149, "loss": 0.69234965, "lr": 3.94e-06, "params": 3845, "time_iter": 2.30461, "accuracy": 0.52, "precision": 0.52, "recall": 1.0, "f1": 0.68421, "auc": 0.45264}
{"epoch": 97, "time_epoch": 22.24122, "eta": 51.50508, "eta_hours": 0.01431, "loss": 0.69234902, "lr": 2.22e-06, "params": 3845, "time_iter": 2.22412, "accuracy": 0.52, "precision": 0.52, "recall": 1.0, "f1": 0.68421, "auc": 0.46902}
{"epoch": 98, "time_epoch": 22.257, "eta": 25.71723, "eta_hours": 0.00714, "loss": 0.69234797, "lr": 9.9e-07, "params": 3845, "time_iter": 2.2257, "accuracy": 0.52, "precision": 0.52, "recall": 1.0, "f1": 0.68421, "auc": 0.5682}
{"epoch": 99, "time_epoch": 21.77973, "eta": 0.0, "eta_hours": 0.0, "loss": 0.69234958, "lr": 2.5e-07, "params": 3845, "time_iter": 2.17797, "accuracy": 0.52, "precision": 0.52, "recall": 1.0, "f1": 0.68421, "auc": 0.42254}
