{"epoch": 0, "time_epoch": 0.94684, "time_epoch_std": 0.0, "eta": 93.73714, "eta_std": 0.0, "eta_hours": 0.02604, "eta_hours_std": 0.0, "loss": 0.69315, "loss_std": 0.0, "lr": 0.001, "lr_std": 0.0, "params": 9207.0, "params_std": 0.0, "time_iter": 0.31561, "time_iter_std": 0.0, "accuracy": 0.52381, "accuracy_std": 0.0, "precision": 0.0, "precision_std": 0.0, "recall": 0.0, "recall_std": 0.0, "f1": 0.0, "f1_std": 0.0, "auc": 0.43409, "auc_std": 0.0}
{"epoch": 1, "time_epoch": 2.05691, "time_epoch_std": 0.0, "eta": 147.18375, "eta_std": 0.0, "eta_hours": 0.04088, "eta_hours_std": 0.0, "loss": 0.69289, "loss_std": 0.0, "lr": 0.001, "lr_std": 0.0, "params": 9207.0, "params_std": 0.0, "time_iter": 0.68564, "time_iter_std": 0.0, "accuracy": 0.52381, "accuracy_std": 0.0, "precision": 0.0, "precision_std": 0.0, "recall": 0.0, "recall_std": 0.0, "f1": 0.0, "f1_std": 0.0, "auc": 0.47273, "auc_std": 0.0}
{"epoch": 2, "time_epoch": 2.04855, "time_epoch_std": 0.0, "eta": 163.35782, "eta_std": 0.0, "eta_hours": 0.04538, "eta_hours_std": 0.0, "loss": 0.6928, "loss_std": 0.0, "lr": 0.001, "lr_std": 0.0, "params": 9207.0, "params_std": 0.0, "time_iter": 0.68285, "time_iter_std": 0.0, "accuracy": 0.52381, "accuracy_std": 0.0, "precision": 0.0, "precision_std": 0.0, "recall": 0.0, "recall_std": 0.0, "f1": 0.0, "f1_std": 0.0, "auc": 0.35909, "auc_std": 0.0}
{"epoch": 3, "time_epoch": 2.02567, "time_epoch_std": 0.0, "eta": 169.87126, "eta_std": 0.0, "eta_hours": 0.04719, "eta_hours_std": 0.0, "loss": 0.69254, "loss_std": 0.0, "lr": 0.001, "lr_std": 0.0, "params": 9207.0, "params_std": 0.0, "time_iter": 0.67522, "time_iter_std": 0.0, "accuracy": 0.52381, "accuracy_std": 0.0, "precision": 0.0, "precision_std": 0.0, "recall": 0.0, "recall_std": 0.0, "f1": 0.0, "f1_std": 0.0, "auc": 0.55682, "auc_std": 0.0}
{"epoch": 4, "time_epoch": 2.01638, "time_epoch_std": 0.0, "eta": 172.79265, "eta_std": 0.0, "eta_hours": 0.048, "eta_hours_std": 0.0, "loss": 0.69215, "loss_std": 0.0, "lr": 0.001, "lr_std": 0.0, "params": 9207.0, "params_std": 0.0, "time_iter": 0.67213, "time_iter_std": 0.0, "accuracy": 0.52381, "accuracy_std": 0.0, "precision": 0.0, "precision_std": 0.0, "recall": 0.0, "recall_std": 0.0, "f1": 0.0, "f1_std": 0.0, "auc": 0.58409, "auc_std": 0.0}
{"epoch": 5, "time_epoch": 2.02034, "time_epoch_std": 0.0, "eta": 174.13016, "eta_std": 0.0, "eta_hours": 0.04837, "eta_hours_std": 0.0, "loss": 0.6926, "loss_std": 0.0, "lr": 0.00099, "lr_std": 0.0, "params": 9207.0, "params_std": 0.0, "time_iter": 0.67345, "time_iter_std": 0.0, "accuracy": 0.52381, "accuracy_std": 0.0, "precision": 0.0, "precision_std": 0.0, "recall": 0.0, "recall_std": 0.0, "f1": 0.0, "f1_std": 0.0, "auc": 0.55227, "auc_std": 0.0}
{"epoch": 6, "time_epoch": 2.04778, "time_epoch_std": 0.0, "eta": 174.87286, "eta_std": 0.0, "eta_hours": 0.04858, "eta_hours_std": 0.0, "loss": 0.69155, "loss_std": 0.0, "lr": 0.00099, "lr_std": 0.0, "params": 9207.0, "params_std": 0.0, "time_iter": 0.68259, "time_iter_std": 0.0, "accuracy": 0.52381, "accuracy_std": 0.0, "precision": 0.0, "precision_std": 0.0, "recall": 0.0, "recall_std": 0.0, "f1": 0.0, "f1_std": 0.0, "auc": 0.67955, "auc_std": 0.0}
{"epoch": 7, "time_epoch": 0.76337, "time_epoch_std": 0.0, "eta": 160.14722, "eta_std": 0.0, "eta_hours": 0.04449, "eta_hours_std": 0.0, "loss": 0.6917, "loss_std": 0.0, "lr": 0.00099, "lr_std": 0.0, "params": 9207.0, "params_std": 0.0, "time_iter": 0.25446, "time_iter_std": 0.0, "accuracy": 0.52381, "accuracy_std": 0.0, "precision": 0.0, "precision_std": 0.0, "recall": 0.0, "recall_std": 0.0, "f1": 0.0, "f1_std": 0.0, "auc": 0.7, "auc_std": 0.0}
{"epoch": 8, "time_epoch": 0.11452, "time_epoch_std": 0.0, "eta": 141.96369, "eta_std": 0.0, "eta_hours": 0.03943, "eta_hours_std": 0.0, "loss": 0.69072, "loss_std": 0.0, "lr": 0.00098, "lr_std": 0.0, "params": 9207.0, "params_std": 0.0, "time_iter": 0.03817, "time_iter_std": 0.0, "accuracy": 0.52381, "accuracy_std": 0.0, "precision": 0.0, "precision_std": 0.0, "recall": 0.0, "recall_std": 0.0, "f1": 0.0, "f1_std": 0.0, "auc": 0.71136, "auc_std": 0.0}
{"epoch": 9, "time_epoch": 0.11124, "time_epoch_std": 0.0, "eta": 127.36441, "eta_std": 0.0, "eta_hours": 0.03538, "eta_hours_std": 0.0, "loss": 0.68948, "loss_std": 0.0, "lr": 0.00098, "lr_std": 0.0, "params": 9207.0, "params_std": 0.0, "time_iter": 0.03708, "time_iter_std": 0.0, "accuracy": 0.52381, "accuracy_std": 0.0, "precision": 0.0, "precision_std": 0.0, "recall": 0.0, "recall_std": 0.0, "f1": 0.0, "f1_std": 0.0, "auc": 0.82273, "auc_std": 0.0}
{"epoch": 10, "time_epoch": 0.11152, "time_epoch_std": 0.0, "eta": 115.40163, "eta_std": 0.0, "eta_hours": 0.03206, "eta_hours_std": 0.0, "loss": 0.69024, "loss_std": 0.0, "lr": 0.00098, "lr_std": 0.0, "params": 9207.0, "params_std": 0.0, "time_iter": 0.03717, "time_iter_std": 0.0, "accuracy": 0.52381, "accuracy_std": 0.0, "precision": 0.0, "precision_std": 0.0, "recall": 0.0, "recall_std": 0.0, "f1": 0.0, "f1_std": 0.0, "auc": 0.78636, "auc_std": 0.0}
{"epoch": 11, "time_epoch": 0.11986, "time_epoch_std": 0.0, "eta": 105.47518, "eta_std": 0.0, "eta_hours": 0.0293, "eta_hours_std": 0.0, "loss": 0.69059, "loss_std": 0.0, "lr": 0.00097, "lr_std": 0.0, "params": 9207.0, "params_std": 0.0, "time_iter": 0.03995, "time_iter_std": 0.0, "accuracy": 0.52381, "accuracy_std": 0.0, "precision": 0.0, "precision_std": 0.0, "recall": 0.0, "recall_std": 0.0, "f1": 0.0, "f1_std": 0.0, "auc": 0.74318, "auc_std": 0.0}
{"epoch": 12, "time_epoch": 0.12309, "time_epoch_std": 0.0, "eta": 97.0791, "eta_std": 0.0, "eta_hours": 0.02697, "eta_hours_std": 0.0, "loss": 0.68758, "loss_std": 0.0, "lr": 0.00096, "lr_std": 0.0, "params": 9207.0, "params_std": 0.0, "time_iter": 0.04103, "time_iter_std": 0.0, "accuracy": 0.52381, "accuracy_std": 0.0, "precision": 0.0, "precision_std": 0.0, "recall": 0.0, "recall_std": 0.0, "f1": 0.0, "f1_std": 0.0, "auc": 0.77727, "auc_std": 0.0}
{"epoch": 13, "time_epoch": 0.12445, "time_epoch_std": 0.0, "eta": 89.87322, "eta_std": 0.0, "eta_hours": 0.02496, "eta_hours_std": 0.0, "loss": 0.68484, "loss_std": 0.0, "lr": 0.00096, "lr_std": 0.0, "params": 9207.0, "params_std": 0.0, "time_iter": 0.04148, "time_iter_std": 0.0, "accuracy": 0.54762, "accuracy_std": 0.0, "precision": 1.0, "precision_std": 0.0, "recall": 0.05, "recall_std": 0.0, "f1": 0.09524, "f1_std": 0.0, "auc": 0.85682, "auc_std": 0.0}
{"epoch": 14, "time_epoch": 0.12462, "time_epoch_std": 0.0, "eta": 83.61251, "eta_std": 0.0, "eta_hours": 0.02323, "eta_hours_std": 0.0, "loss": 0.68359, "loss_std": 0.0, "lr": 0.00095, "lr_std": 0.0, "params": 9207.0, "params_std": 0.0, "time_iter": 0.04154, "time_iter_std": 0.0, "accuracy": 0.57143, "accuracy_std": 0.0, "precision": 1.0, "precision_std": 0.0, "recall": 0.1, "recall_std": 0.0, "f1": 0.18182, "f1_std": 0.0, "auc": 0.85, "auc_std": 0.0}
{"epoch": 15, "time_epoch": 0.12339, "time_epoch_std": 0.0, "eta": 78.11231, "eta_std": 0.0, "eta_hours": 0.0217, "eta_hours_std": 0.0, "loss": 0.68028, "loss_std": 0.0, "lr": 0.00095, "lr_std": 0.0, "params": 9207.0, "params_std": 0.0, "time_iter": 0.04113, "time_iter_std": 0.0, "accuracy": 0.57143, "accuracy_std": 0.0, "precision": 1.0, "precision_std": 0.0, "recall": 0.1, "recall_std": 0.0, "f1": 0.18182, "f1_std": 0.0, "auc": 0.87727, "auc_std": 0.0}
{"epoch": 16, "time_epoch": 0.12408, "time_epoch_std": 0.0, "eta": 73.24808, "eta_std": 0.0, "eta_hours": 0.02035, "eta_hours_std": 0.0, "loss": 0.67599, "loss_std": 0.0, "lr": 0.00094, "lr_std": 0.0, "params": 9207.0, "params_std": 0.0, "time_iter": 0.04136, "time_iter_std": 0.0, "accuracy": 0.61905, "accuracy_std": 0.0, "precision": 1.0, "precision_std": 0.0, "recall": 0.2, "recall_std": 0.0, "f1": 0.33333, "f1_std": 0.0, "auc": 0.89091, "auc_std": 0.0}
{"epoch": 17, "time_epoch": 0.12481, "time_epoch_std": 0.0, "eta": 68.91386, "eta_std": 0.0, "eta_hours": 0.01914, "eta_hours_std": 0.0, "loss": 0.67448, "loss_std": 0.0, "lr": 0.00093, "lr_std": 0.0, "params": 9207.0, "params_std": 0.0, "time_iter": 0.0416, "time_iter_std": 0.0, "accuracy": 0.69048, "accuracy_std": 0.0, "precision": 1.0, "precision_std": 0.0, "recall": 0.35, "recall_std": 0.0, "f1": 0.51852, "f1_std": 0.0, "auc": 0.82273, "auc_std": 0.0}
{"epoch": 18, "time_epoch": 0.12592, "time_epoch_std": 0.0, "eta": 65.02744, "eta_std": 0.0, "eta_hours": 0.01806, "eta_hours_std": 0.0, "loss": 0.67033, "loss_std": 0.0, "lr": 0.00092, "lr_std": 0.0, "params": 9207.0, "params_std": 0.0, "time_iter": 0.04197, "time_iter_std": 0.0, "accuracy": 0.66667, "accuracy_std": 0.0, "precision": 0.875, "precision_std": 0.0, "recall": 0.35, "recall_std": 0.0, "f1": 0.5, "f1_std": 0.0, "auc": 0.86818, "auc_std": 0.0}
{"epoch": 19, "time_epoch": 0.14095, "time_epoch_std": 0.0, "eta": 61.5772, "eta_std": 0.0, "eta_hours": 0.0171, "eta_hours_std": 0.0, "loss": 0.66381, "loss_std": 0.0, "lr": 0.00091, "lr_std": 0.0, "params": 9207.0, "params_std": 0.0, "time_iter": 0.04698, "time_iter_std": 0.0, "accuracy": 0.71429, "accuracy_std": 0.0, "precision": 1.0, "precision_std": 0.0, "recall": 0.4, "recall_std": 0.0, "f1": 0.57143, "f1_std": 0.0, "auc": 0.88182, "auc_std": 0.0}
{"epoch": 20, "time_epoch": 0.13759, "time_epoch_std": 0.0, "eta": 58.4295, "eta_std": 0.0, "eta_hours": 0.01623, "eta_hours_std": 0.0, "loss": 0.66224, "loss_std": 0.0, "lr": 0.0009, "lr_std": 0.0, "params": 9207.0, "params_std": 0.0, "time_iter": 0.04586, "time_iter_std": 0.0, "accuracy": 0.69048, "accuracy_std": 0.0, "precision": 0.88889, "precision_std": 0.0, "recall": 0.4, "recall_std": 0.0, "f1": 0.55172, "f1_std": 0.0, "auc": 0.78409, "auc_std": 0.0}
{"epoch": 21, "time_epoch": 0.13764, "time_epoch_std": 0.0, "eta": 55.55562, "eta_std": 0.0, "eta_hours": 0.01543, "eta_hours_std": 0.0, "loss": 0.65366, "loss_std": 0.0, "lr": 0.0009, "lr_std": 0.0, "params": 9207.0, "params_std": 0.0, "time_iter": 0.04588, "time_iter_std": 0.0, "accuracy": 0.7381, "accuracy_std": 0.0, "precision": 1.0, "precision_std": 0.0, "recall": 0.45, "recall_std": 0.0, "f1": 0.62069, "f1_std": 0.0, "auc": 0.88864, "auc_std": 0.0}
{"epoch": 22, "time_epoch": 0.13892, "time_epoch_std": 0.0, "eta": 52.92395, "eta_std": 0.0, "eta_hours": 0.0147, "eta_hours_std": 0.0, "loss": 0.64486, "loss_std": 0.0, "lr": 0.00089, "lr_std": 0.0, "params": 9207.0, "params_std": 0.0, "time_iter": 0.04631, "time_iter_std": 0.0, "accuracy": 0.7619, "accuracy_std": 0.0, "precision": 0.91667, "precision_std": 0.0, "recall": 0.55, "recall_std": 0.0, "f1": 0.6875, "f1_std": 0.0, "auc": 0.84545, "auc_std": 0.0}
{"epoch": 23, "time_epoch": 0.14264, "time_epoch_std": 0.0, "eta": 50.51178, "eta_std": 0.0, "eta_hours": 0.01403, "eta_hours_std": 0.0, "loss": 0.63209, "loss_std": 0.0, "lr": 0.00088, "lr_std": 0.0, "params": 9207.0, "params_std": 0.0, "time_iter": 0.04755, "time_iter_std": 0.0, "accuracy": 0.80952, "accuracy_std": 0.0, "precision": 0.92857, "precision_std": 0.0, "recall": 0.65, "recall_std": 0.0, "f1": 0.76471, "f1_std": 0.0, "auc": 0.87273, "auc_std": 0.0}
{"epoch": 24, "time_epoch": 0.13554, "time_epoch_std": 0.0, "eta": 48.25989, "eta_std": 0.0, "eta_hours": 0.01341, "eta_hours_std": 0.0, "loss": 0.64122, "loss_std": 0.0, "lr": 0.00086, "lr_std": 0.0, "params": 9207.0, "params_std": 0.0, "time_iter": 0.04518, "time_iter_std": 0.0, "accuracy": 0.7619, "accuracy_std": 0.0, "precision": 0.85714, "precision_std": 0.0, "recall": 0.6, "recall_std": 0.0, "f1": 0.70588, "f1_std": 0.0, "auc": 0.80909, "auc_std": 0.0}
{"epoch": 25, "time_epoch": 0.12292, "time_epoch_std": 0.0, "eta": 46.13487, "eta_std": 0.0, "eta_hours": 0.01282, "eta_hours_std": 0.0, "loss": 0.62146, "loss_std": 0.0, "lr": 0.00085, "lr_std": 0.0, "params": 9207.0, "params_std": 0.0, "time_iter": 0.04097, "time_iter_std": 0.0, "accuracy": 0.78571, "accuracy_std": 0.0, "precision": 0.86667, "precision_std": 0.0, "recall": 0.65, "recall_std": 0.0, "f1": 0.74286, "f1_std": 0.0, "auc": 0.89318, "auc_std": 0.0}
{"epoch": 26, "time_epoch": 0.12359, "time_epoch_std": 0.0, "eta": 44.15999, "eta_std": 0.0, "eta_hours": 0.01227, "eta_hours_std": 0.0, "loss": 0.61134, "loss_std": 0.0, "lr": 0.00084, "lr_std": 0.0, "params": 9207.0, "params_std": 0.0, "time_iter": 0.0412, "time_iter_std": 0.0, "accuracy": 0.80952, "accuracy_std": 0.0, "precision": 0.92857, "precision_std": 0.0, "recall": 0.65, "recall_std": 0.0, "f1": 0.76471, "f1_std": 0.0, "auc": 0.90455, "auc_std": 0.0}
{"epoch": 27, "time_epoch": 0.12409, "time_epoch_std": 0.0, "eta": 42.31862, "eta_std": 0.0, "eta_hours": 0.01176, "eta_hours_std": 0.0, "loss": 0.60357, "loss_std": 0.0, "lr": 0.00083, "lr_std": 0.0, "params": 9207.0, "params_std": 0.0, "time_iter": 0.04136, "time_iter_std": 0.0, "accuracy": 0.7619, "accuracy_std": 0.0, "precision": 0.8125, "precision_std": 0.0, "recall": 0.65, "recall_std": 0.0, "f1": 0.72222, "f1_std": 0.0, "auc": 0.88182, "auc_std": 0.0}
{"epoch": 28, "time_epoch": 0.12314, "time_epoch_std": 0.0, "eta": 40.59334, "eta_std": 0.0, "eta_hours": 0.01128, "eta_hours_std": 0.0, "loss": 0.5797, "loss_std": 0.0, "lr": 0.00082, "lr_std": 0.0, "params": 9207.0, "params_std": 0.0, "time_iter": 0.04105, "time_iter_std": 0.0, "accuracy": 0.80952, "accuracy_std": 0.0, "precision": 0.875, "precision_std": 0.0, "recall": 0.7, "recall_std": 0.0, "f1": 0.77778, "f1_std": 0.0, "auc": 0.92273, "auc_std": 0.0}
{"epoch": 29, "time_epoch": 0.12384, "time_epoch_std": 0.0, "eta": 38.9765, "eta_std": 0.0, "eta_hours": 0.01083, "eta_hours_std": 0.0, "loss": 0.56474, "loss_std": 0.0, "lr": 0.00081, "lr_std": 0.0, "params": 9207.0, "params_std": 0.0, "time_iter": 0.04128, "time_iter_std": 0.0, "accuracy": 0.83333, "accuracy_std": 0.0, "precision": 0.88235, "precision_std": 0.0, "recall": 0.75, "recall_std": 0.0, "f1": 0.81081, "f1_std": 0.0, "auc": 0.925, "auc_std": 0.0}
{"epoch": 30, "time_epoch": 0.13072, "time_epoch_std": 0.0, "eta": 37.47132, "eta_std": 0.0, "eta_hours": 0.01041, "eta_hours_std": 0.0, "loss": 0.55521, "loss_std": 0.0, "lr": 0.00079, "lr_std": 0.0, "params": 9207.0, "params_std": 0.0, "time_iter": 0.04357, "time_iter_std": 0.0, "accuracy": 0.85714, "accuracy_std": 0.0, "precision": 0.9375, "precision_std": 0.0, "recall": 0.75, "recall_std": 0.0, "f1": 0.83333, "f1_std": 0.0, "auc": 0.92045, "auc_std": 0.0}
{"epoch": 31, "time_epoch": 0.12402, "time_epoch_std": 0.0, "eta": 36.03779, "eta_std": 0.0, "eta_hours": 0.01001, "eta_hours_std": 0.0, "loss": 0.54356, "loss_std": 0.0, "lr": 0.00078, "lr_std": 0.0, "params": 9207.0, "params_std": 0.0, "time_iter": 0.04134, "time_iter_std": 0.0, "accuracy": 0.85714, "accuracy_std": 0.0, "precision": 0.88889, "precision_std": 0.0, "recall": 0.8, "recall_std": 0.0, "f1": 0.84211, "f1_std": 0.0, "auc": 0.92955, "auc_std": 0.0}
{"epoch": 32, "time_epoch": 0.12579, "time_epoch_std": 0.0, "eta": 34.68723, "eta_std": 0.0, "eta_hours": 0.00964, "eta_hours_std": 0.0, "loss": 0.53648, "loss_std": 0.0, "lr": 0.00077, "lr_std": 0.0, "params": 9207.0, "params_std": 0.0, "time_iter": 0.04193, "time_iter_std": 0.0, "accuracy": 0.85714, "accuracy_std": 0.0, "precision": 0.88889, "precision_std": 0.0, "recall": 0.8, "recall_std": 0.0, "f1": 0.84211, "f1_std": 0.0, "auc": 0.91818, "auc_std": 0.0}
{"epoch": 33, "time_epoch": 0.12745, "time_epoch_std": 0.0, "eta": 33.41193, "eta_std": 0.0, "eta_hours": 0.00928, "eta_hours_std": 0.0, "loss": 0.51923, "loss_std": 0.0, "lr": 0.00075, "lr_std": 0.0, "params": 9207.0, "params_std": 0.0, "time_iter": 0.04248, "time_iter_std": 0.0, "accuracy": 0.90476, "accuracy_std": 0.0, "precision": 0.94444, "precision_std": 0.0, "recall": 0.85, "recall_std": 0.0, "f1": 0.89474, "f1_std": 0.0, "auc": 0.94545, "auc_std": 0.0}
{"epoch": 34, "time_epoch": 0.12431, "time_epoch_std": 0.0, "eta": 32.19639, "eta_std": 0.0, "eta_hours": 0.00894, "eta_hours_std": 0.0, "loss": 0.49778, "loss_std": 0.0, "lr": 0.00074, "lr_std": 0.0, "params": 9207.0, "params_std": 0.0, "time_iter": 0.04144, "time_iter_std": 0.0, "accuracy": 0.85714, "accuracy_std": 0.0, "precision": 0.88889, "precision_std": 0.0, "recall": 0.8, "recall_std": 0.0, "f1": 0.84211, "f1_std": 0.0, "auc": 0.94318, "auc_std": 0.0}
{"epoch": 35, "time_epoch": 0.12634, "time_epoch_std": 0.0, "eta": 31.04508, "eta_std": 0.0, "eta_hours": 0.00862, "eta_hours_std": 0.0, "loss": 0.48043, "loss_std": 0.0, "lr": 0.00073, "lr_std": 0.0, "params": 9207.0, "params_std": 0.0, "time_iter": 0.04211, "time_iter_std": 0.0, "accuracy": 0.85714, "accuracy_std": 0.0, "precision": 0.88889, "precision_std": 0.0, "recall": 0.8, "recall_std": 0.0, "f1": 0.84211, "f1_std": 0.0, "auc": 0.94318, "auc_std": 0.0}
{"epoch": 36, "time_epoch": 0.12224, "time_epoch_std": 0.0, "eta": 29.94219, "eta_std": 0.0, "eta_hours": 0.00832, "eta_hours_std": 0.0, "loss": 0.4968, "loss_std": 0.0, "lr": 0.00071, "lr_std": 0.0, "params": 9207.0, "params_std": 0.0, "time_iter": 0.04075, "time_iter_std": 0.0, "accuracy": 0.80952, "accuracy_std": 0.0, "precision": 0.83333, "precision_std": 0.0, "recall": 0.75, "recall_std": 0.0, "f1": 0.78947, "f1_std": 0.0, "auc": 0.91818, "auc_std": 0.0}
{"epoch": 37, "time_epoch": 0.12594, "time_epoch_std": 0.0, "eta": 28.89695, "eta_std": 0.0, "eta_hours": 0.00803, "eta_hours_std": 0.0, "loss": 0.46794, "loss_std": 0.0, "lr": 0.0007, "lr_std": 0.0, "params": 9207.0, "params_std": 0.0, "time_iter": 0.04198, "time_iter_std": 0.0, "accuracy": 0.88095, "accuracy_std": 0.0, "precision": 0.94118, "precision_std": 0.0, "recall": 0.8, "recall_std": 0.0, "f1": 0.86486, "f1_std": 0.0, "auc": 0.96364, "auc_std": 0.0}
{"epoch": 38, "time_epoch": 0.12409, "time_epoch_std": 0.0, "eta": 27.89596, "eta_std": 0.0, "eta_hours": 0.00775, "eta_hours_std": 0.0, "loss": 0.4421, "loss_std": 0.0, "lr": 0.00068, "lr_std": 0.0, "params": 9207.0, "params_std": 0.0, "time_iter": 0.04136, "time_iter_std": 0.0, "accuracy": 0.90476, "accuracy_std": 0.0, "precision": 0.94444, "precision_std": 0.0, "recall": 0.85, "recall_std": 0.0, "f1": 0.89474, "f1_std": 0.0, "auc": 0.96136, "auc_std": 0.0}
{"epoch": 39, "time_epoch": 0.12641, "time_epoch_std": 0.0, "eta": 26.94229, "eta_std": 0.0, "eta_hours": 0.00748, "eta_hours_std": 0.0, "loss": 0.4252, "loss_std": 0.0, "lr": 0.00067, "lr_std": 0.0, "params": 9207.0, "params_std": 0.0, "time_iter": 0.04214, "time_iter_std": 0.0, "accuracy": 0.90476, "accuracy_std": 0.0, "precision": 0.94444, "precision_std": 0.0, "recall": 0.85, "recall_std": 0.0, "f1": 0.89474, "f1_std": 0.0, "auc": 0.95682, "auc_std": 0.0}
{"epoch": 40, "time_epoch": 0.12604, "time_epoch_std": 0.0, "eta": 26.02845, "eta_std": 0.0, "eta_hours": 0.00723, "eta_hours_std": 0.0, "loss": 0.43839, "loss_std": 0.0, "lr": 0.00065, "lr_std": 0.0, "params": 9207.0, "params_std": 0.0, "time_iter": 0.04201, "time_iter_std": 0.0, "accuracy": 0.92857, "accuracy_std": 0.0, "precision": 1.0, "precision_std": 0.0, "recall": 0.85, "recall_std": 0.0, "f1": 0.91892, "f1_std": 0.0, "auc": 0.95, "auc_std": 0.0}
{"epoch": 41, "time_epoch": 0.12345, "time_epoch_std": 0.0, "eta": 25.14854, "eta_std": 0.0, "eta_hours": 0.00699, "eta_hours_std": 0.0, "loss": 0.41726, "loss_std": 0.0, "lr": 0.00064, "lr_std": 0.0, "params": 9207.0, "params_std": 0.0, "time_iter": 0.04115, "time_iter_std": 0.0, "accuracy": 0.88095, "accuracy_std": 0.0, "precision": 0.94118, "precision_std": 0.0, "recall": 0.8, "recall_std": 0.0, "f1": 0.86486, "f1_std": 0.0, "auc": 0.97045, "auc_std": 0.0}
{"epoch": 42, "time_epoch": 0.12718, "time_epoch_std": 0.0, "eta": 24.30877, "eta_std": 0.0, "eta_hours": 0.00675, "eta_hours_std": 0.0, "loss": 0.42305, "loss_std": 0.0, "lr": 0.00062, "lr_std": 0.0, "params": 9207.0, "params_std": 0.0, "time_iter": 0.04239, "time_iter_std": 0.0, "accuracy": 0.90476, "accuracy_std": 0.0, "precision": 1.0, "precision_std": 0.0, "recall": 0.8, "recall_std": 0.0, "f1": 0.88889, "f1_std": 0.0, "auc": 0.96364, "auc_std": 0.0}
{"epoch": 43, "time_epoch": 0.12392, "time_epoch_std": 0.0, "eta": 23.49724, "eta_std": 0.0, "eta_hours": 0.00653, "eta_hours_std": 0.0, "loss": 0.41768, "loss_std": 0.0, "lr": 0.00061, "lr_std": 0.0, "params": 9207.0, "params_std": 0.0, "time_iter": 0.04131, "time_iter_std": 0.0, "accuracy": 0.85714, "accuracy_std": 0.0, "precision": 0.9375, "precision_std": 0.0, "recall": 0.75, "recall_std": 0.0, "f1": 0.83333, "f1_std": 0.0, "auc": 0.94545, "auc_std": 0.0}
{"epoch": 44, "time_epoch": 0.13313, "time_epoch_std": 0.0, "eta": 22.72753, "eta_std": 0.0, "eta_hours": 0.00631, "eta_hours_std": 0.0, "loss": 0.36852, "loss_std": 0.0, "lr": 0.00059, "lr_std": 0.0, "params": 9207.0, "params_std": 0.0, "time_iter": 0.04438, "time_iter_std": 0.0, "accuracy": 0.92857, "accuracy_std": 0.0, "precision": 1.0, "precision_std": 0.0, "recall": 0.85, "recall_std": 0.0, "f1": 0.91892, "f1_std": 0.0, "auc": 0.96364, "auc_std": 0.0}
{"epoch": 45, "time_epoch": 0.12397, "time_epoch_std": 0.0, "eta": 21.97474, "eta_std": 0.0, "eta_hours": 0.0061, "eta_hours_std": 0.0, "loss": 0.38892, "loss_std": 0.0, "lr": 0.00058, "lr_std": 0.0, "params": 9207.0, "params_std": 0.0, "time_iter": 0.04132, "time_iter_std": 0.0, "accuracy": 0.88095, "accuracy_std": 0.0, "precision": 0.94118, "precision_std": 0.0, "recall": 0.8, "recall_std": 0.0, "f1": 0.86486, "f1_std": 0.0, "auc": 0.96136, "auc_std": 0.0}
{"epoch": 46, "time_epoch": 0.12584, "time_epoch_std": 0.0, "eta": 21.25081, "eta_std": 0.0, "eta_hours": 0.0059, "eta_hours_std": 0.0, "loss": 0.33082, "loss_std": 0.0, "lr": 0.00056, "lr_std": 0.0, "params": 9207.0, "params_std": 0.0, "time_iter": 0.04195, "time_iter_std": 0.0, "accuracy": 0.92857, "accuracy_std": 0.0, "precision": 1.0, "precision_std": 0.0, "recall": 0.85, "recall_std": 0.0, "f1": 0.91892, "f1_std": 0.0, "auc": 0.99091, "auc_std": 0.0}
{"epoch": 47, "time_epoch": 0.12389, "time_epoch_std": 0.0, "eta": 20.54969, "eta_std": 0.0, "eta_hours": 0.00571, "eta_hours_std": 0.0, "loss": 0.37256, "loss_std": 0.0, "lr": 0.00055, "lr_std": 0.0, "params": 9207.0, "params_std": 0.0, "time_iter": 0.0413, "time_iter_std": 0.0, "accuracy": 0.88095, "accuracy_std": 0.0, "precision": 0.89474, "precision_std": 0.0, "recall": 0.85, "recall_std": 0.0, "f1": 0.87179, "f1_std": 0.0, "auc": 0.95909, "auc_std": 0.0}
{"epoch": 48, "time_epoch": 0.12329, "time_epoch_std": 0.0, "eta": 19.87152, "eta_std": 0.0, "eta_hours": 0.00552, "eta_hours_std": 0.0, "loss": 0.31822, "loss_std": 0.0, "lr": 0.00053, "lr_std": 0.0, "params": 9207.0, "params_std": 0.0, "time_iter": 0.0411, "time_iter_std": 0.0, "accuracy": 0.90476, "accuracy_std": 0.0, "precision": 0.94444, "precision_std": 0.0, "recall": 0.85, "recall_std": 0.0, "f1": 0.89474, "f1_std": 0.0, "auc": 0.98409, "auc_std": 0.0}
{"epoch": 49, "time_epoch": 0.12431, "time_epoch_std": 0.0, "eta": 19.21655, "eta_std": 0.0, "eta_hours": 0.00534, "eta_hours_std": 0.0, "loss": 0.35022, "loss_std": 0.0, "lr": 0.00052, "lr_std": 0.0, "params": 9207.0, "params_std": 0.0, "time_iter": 0.04144, "time_iter_std": 0.0, "accuracy": 0.90476, "accuracy_std": 0.0, "precision": 0.94444, "precision_std": 0.0, "recall": 0.85, "recall_std": 0.0, "f1": 0.89474, "f1_std": 0.0, "auc": 0.96364, "auc_std": 0.0}
{"epoch": 50, "time_epoch": 0.12482, "time_epoch_std": 0.0, "eta": 18.58288, "eta_std": 0.0, "eta_hours": 0.00516, "eta_hours_std": 0.0, "loss": 0.31108, "loss_std": 0.0, "lr": 0.0005, "lr_std": 0.0, "params": 9207.0, "params_std": 0.0, "time_iter": 0.04161, "time_iter_std": 0.0, "accuracy": 0.92857, "accuracy_std": 0.0, "precision": 1.0, "precision_std": 0.0, "recall": 0.85, "recall_std": 0.0, "f1": 0.91892, "f1_std": 0.0, "auc": 0.98864, "auc_std": 0.0}
{"epoch": 51, "time_epoch": 0.12325, "time_epoch_std": 0.0, "eta": 17.96734, "eta_std": 0.0, "eta_hours": 0.00499, "eta_hours_std": 0.0, "loss": 0.29323, "loss_std": 0.0, "lr": 0.00048, "lr_std": 0.0, "params": 9207.0, "params_std": 0.0, "time_iter": 0.04108, "time_iter_std": 0.0, "accuracy": 0.90476, "accuracy_std": 0.0, "precision": 0.94444, "precision_std": 0.0, "recall": 0.85, "recall_std": 0.0, "f1": 0.89474, "f1_std": 0.0, "auc": 0.98636, "auc_std": 0.0}
{"epoch": 52, "time_epoch": 0.12338, "time_epoch_std": 0.0, "eta": 17.37049, "eta_std": 0.0, "eta_hours": 0.00483, "eta_hours_std": 0.0, "loss": 0.28873, "loss_std": 0.0, "lr": 0.00047, "lr_std": 0.0, "params": 9207.0, "params_std": 0.0, "time_iter": 0.04113, "time_iter_std": 0.0, "accuracy": 0.92857, "accuracy_std": 0.0, "precision": 0.94737, "precision_std": 0.0, "recall": 0.9, "recall_std": 0.0, "f1": 0.92308, "f1_std": 0.0, "auc": 0.97955, "auc_std": 0.0}
{"epoch": 53, "time_epoch": 0.12508, "time_epoch_std": 0.0, "eta": 16.79262, "eta_std": 0.0, "eta_hours": 0.00466, "eta_hours_std": 0.0, "loss": 0.27905, "loss_std": 0.0, "lr": 0.00045, "lr_std": 0.0, "params": 9207.0, "params_std": 0.0, "time_iter": 0.04169, "time_iter_std": 0.0, "accuracy": 0.97619, "accuracy_std": 0.0, "precision": 1.0, "precision_std": 0.0, "recall": 0.95, "recall_std": 0.0, "f1": 0.97436, "f1_std": 0.0, "auc": 0.99318, "auc_std": 0.0}
{"epoch": 54, "time_epoch": 0.12726, "time_epoch_std": 0.0, "eta": 16.233, "eta_std": 0.0, "eta_hours": 0.00451, "eta_hours_std": 0.0, "loss": 0.27854, "loss_std": 0.0, "lr": 0.00044, "lr_std": 0.0, "params": 9207.0, "params_std": 0.0, "time_iter": 0.04242, "time_iter_std": 0.0, "accuracy": 0.95238, "accuracy_std": 0.0, "precision": 1.0, "precision_std": 0.0, "recall": 0.9, "recall_std": 0.0, "f1": 0.94737, "f1_std": 0.0, "auc": 0.99545, "auc_std": 0.0}
{"epoch": 55, "time_epoch": 0.12635, "time_epoch_std": 0.0, "eta": 15.68811, "eta_std": 0.0, "eta_hours": 0.00436, "eta_hours_std": 0.0, "loss": 0.25505, "loss_std": 0.0, "lr": 0.00042, "lr_std": 0.0, "params": 9207.0, "params_std": 0.0, "time_iter": 0.04212, "time_iter_std": 0.0, "accuracy": 0.95238, "accuracy_std": 0.0, "precision": 1.0, "precision_std": 0.0, "recall": 0.9, "recall_std": 0.0, "f1": 0.94737, "f1_std": 0.0, "auc": 0.98636, "auc_std": 0.0}
{"epoch": 56, "time_epoch": 0.12419, "time_epoch_std": 0.0, "eta": 15.15627, "eta_std": 0.0, "eta_hours": 0.00421, "eta_hours_std": 0.0, "loss": 0.25813, "loss_std": 0.0, "lr": 0.00041, "lr_std": 0.0, "params": 9207.0, "params_std": 0.0, "time_iter": 0.0414, "time_iter_std": 0.0, "accuracy": 0.95238, "accuracy_std": 0.0, "precision": 1.0, "precision_std": 0.0, "recall": 0.9, "recall_std": 0.0, "f1": 0.94737, "f1_std": 0.0, "auc": 0.99545, "auc_std": 0.0}
{"epoch": 57, "time_epoch": 0.12419, "time_epoch_std": 0.0, "eta": 14.63849, "eta_std": 0.0, "eta_hours": 0.00407, "eta_hours_std": 0.0, "loss": 0.25032, "loss_std": 0.0, "lr": 0.00039, "lr_std": 0.0, "params": 9207.0, "params_std": 0.0, "time_iter": 0.0414, "time_iter_std": 0.0, "accuracy": 0.95238, "accuracy_std": 0.0, "precision": 1.0, "precision_std": 0.0, "recall": 0.9, "recall_std": 0.0, "f1": 0.94737, "f1_std": 0.0, "auc": 0.99091, "auc_std": 0.0}
{"epoch": 58, "time_epoch": 0.12325, "time_epoch_std": 0.0, "eta": 14.1334, "eta_std": 0.0, "eta_hours": 0.00393, "eta_hours_std": 0.0, "loss": 0.22811, "loss_std": 0.0, "lr": 0.00038, "lr_std": 0.0, "params": 9207.0, "params_std": 0.0, "time_iter": 0.04108, "time_iter_std": 0.0, "accuracy": 0.97619, "accuracy_std": 0.0, "precision": 1.0, "precision_std": 0.0, "recall": 0.95, "recall_std": 0.0, "f1": 0.97436, "f1_std": 0.0, "auc": 1.0, "auc_std": 0.0}
{"epoch": 59, "time_epoch": 0.12275, "time_epoch_std": 0.0, "eta": 13.64071, "eta_std": 0.0, "eta_hours": 0.00379, "eta_hours_std": 0.0, "loss": 0.23995, "loss_std": 0.0, "lr": 0.00036, "lr_std": 0.0, "params": 9207.0, "params_std": 0.0, "time_iter": 0.04092, "time_iter_std": 0.0, "accuracy": 0.95238, "accuracy_std": 0.0, "precision": 1.0, "precision_std": 0.0, "recall": 0.9, "recall_std": 0.0, "f1": 0.94737, "f1_std": 0.0, "auc": 0.99545, "auc_std": 0.0}
{"epoch": 60, "time_epoch": 0.12484, "time_epoch_std": 0.0, "eta": 13.16148, "eta_std": 0.0, "eta_hours": 0.00366, "eta_hours_std": 0.0, "loss": 0.20896, "loss_std": 0.0, "lr": 0.00035, "lr_std": 0.0, "params": 9207.0, "params_std": 0.0, "time_iter": 0.04161, "time_iter_std": 0.0, "accuracy": 0.95238, "accuracy_std": 0.0, "precision": 1.0, "precision_std": 0.0, "recall": 0.9, "recall_std": 0.0, "f1": 0.94737, "f1_std": 0.0, "auc": 1.0, "auc_std": 0.0}
{"epoch": 61, "time_epoch": 0.12506, "time_epoch_std": 0.0, "eta": 12.69382, "eta_std": 0.0, "eta_hours": 0.00353, "eta_hours_std": 0.0, "loss": 0.21759, "loss_std": 0.0, "lr": 0.00033, "lr_std": 0.0, "params": 9207.0, "params_std": 0.0, "time_iter": 0.04169, "time_iter_std": 0.0, "accuracy": 0.97619, "accuracy_std": 0.0, "precision": 1.0, "precision_std": 0.0, "recall": 0.95, "recall_std": 0.0, "f1": 0.97436, "f1_std": 0.0, "auc": 0.99545, "auc_std": 0.0}
{"epoch": 62, "time_epoch": 0.12459, "time_epoch_std": 0.0, "eta": 12.23675, "eta_std": 0.0, "eta_hours": 0.0034, "eta_hours_std": 0.0, "loss": 0.25959, "loss_std": 0.0, "lr": 0.00032, "lr_std": 0.0, "params": 9207.0, "params_std": 0.0, "time_iter": 0.04153, "time_iter_std": 0.0, "accuracy": 0.92857, "accuracy_std": 0.0, "precision": 1.0, "precision_std": 0.0, "recall": 0.85, "recall_std": 0.0, "f1": 0.91892, "f1_std": 0.0, "auc": 0.98182, "auc_std": 0.0}
{"epoch": 63, "time_epoch": 0.12364, "time_epoch_std": 0.0, "eta": 11.78955, "eta_std": 0.0, "eta_hours": 0.00327, "eta_hours_std": 0.0, "loss": 0.18776, "loss_std": 0.0, "lr": 0.0003, "lr_std": 0.0, "params": 9207.0, "params_std": 0.0, "time_iter": 0.04121, "time_iter_std": 0.0, "accuracy": 0.97619, "accuracy_std": 0.0, "precision": 1.0, "precision_std": 0.0, "recall": 0.95, "recall_std": 0.0, "f1": 0.97436, "f1_std": 0.0, "auc": 1.0, "auc_std": 0.0}
{"epoch": 64, "time_epoch": 0.12516, "time_epoch_std": 0.0, "eta": 11.35312, "eta_std": 0.0, "eta_hours": 0.00315, "eta_hours_std": 0.0, "loss": 0.19376, "loss_std": 0.0, "lr": 0.00029, "lr_std": 0.0, "params": 9207.0, "params_std": 0.0, "time_iter": 0.04172, "time_iter_std": 0.0, "accuracy": 1.0, "accuracy_std": 0.0, "precision": 1.0, "precision_std": 0.0, "recall": 1.0, "recall_std": 0.0, "f1": 1.0, "f1_std": 0.0, "auc": 1.0, "auc_std": 0.0}
{"epoch": 65, "time_epoch": 0.1234, "time_epoch_std": 0.0, "eta": 10.92521, "eta_std": 0.0, "eta_hours": 0.00303, "eta_hours_std": 0.0, "loss": 0.18823, "loss_std": 0.0, "lr": 0.00027, "lr_std": 0.0, "params": 9207.0, "params_std": 0.0, "time_iter": 0.04113, "time_iter_std": 0.0, "accuracy": 1.0, "accuracy_std": 0.0, "precision": 1.0, "precision_std": 0.0, "recall": 1.0, "recall_std": 0.0, "f1": 1.0, "f1_std": 0.0, "auc": 1.0, "auc_std": 0.0}
{"epoch": 66, "time_epoch": 0.12571, "time_epoch_std": 0.0, "eta": 10.50753, "eta_std": 0.0, "eta_hours": 0.00292, "eta_hours_std": 0.0, "loss": 0.22219, "loss_std": 0.0, "lr": 0.00026, "lr_std": 0.0, "params": 9207.0, "params_std": 0.0, "time_iter": 0.0419, "time_iter_std": 0.0, "accuracy": 0.97619, "accuracy_std": 0.0, "precision": 1.0, "precision_std": 0.0, "recall": 0.95, "recall_std": 0.0, "f1": 0.97436, "f1_std": 0.0, "auc": 0.99773, "auc_std": 0.0}
{"epoch": 67, "time_epoch": 0.12731, "time_epoch_std": 0.0, "eta": 10.09919, "eta_std": 0.0, "eta_hours": 0.00281, "eta_hours_std": 0.0, "loss": 0.18853, "loss_std": 0.0, "lr": 0.00025, "lr_std": 0.0, "params": 9207.0, "params_std": 0.0, "time_iter": 0.04244, "time_iter_std": 0.0, "accuracy": 0.97619, "accuracy_std": 0.0, "precision": 1.0, "precision_std": 0.0, "recall": 0.95, "recall_std": 0.0, "f1": 0.97436, "f1_std": 0.0, "auc": 1.0, "auc_std": 0.0}
{"epoch": 68, "time_epoch": 0.12402, "time_epoch_std": 0.0, "eta": 9.69752, "eta_std": 0.0, "eta_hours": 0.00269, "eta_hours_std": 0.0, "loss": 0.2087, "loss_std": 0.0, "lr": 0.00023, "lr_std": 0.0, "params": 9207.0, "params_std": 0.0, "time_iter": 0.04134, "time_iter_std": 0.0, "accuracy": 0.97619, "accuracy_std": 0.0, "precision": 1.0, "precision_std": 0.0, "recall": 0.95, "recall_std": 0.0, "f1": 0.97436, "f1_std": 0.0, "auc": 0.99318, "auc_std": 0.0}
{"epoch": 69, "time_epoch": 0.12408, "time_epoch_std": 0.0, "eta": 9.30381, "eta_std": 0.0, "eta_hours": 0.00258, "eta_hours_std": 0.0, "loss": 0.16137, "loss_std": 0.0, "lr": 0.00022, "lr_std": 0.0, "params": 9207.0, "params_std": 0.0, "time_iter": 0.04136, "time_iter_std": 0.0, "accuracy": 0.97619, "accuracy_std": 0.0, "precision": 1.0, "precision_std": 0.0, "recall": 0.95, "recall_std": 0.0, "f1": 0.97436, "f1_std": 0.0, "auc": 1.0, "auc_std": 0.0}
{"epoch": 70, "time_epoch": 0.1247, "time_epoch_std": 0.0, "eta": 8.91794, "eta_std": 0.0, "eta_hours": 0.00248, "eta_hours_std": 0.0, "loss": 0.16018, "loss_std": 0.0, "lr": 0.00021, "lr_std": 0.0, "params": 9207.0, "params_std": 0.0, "time_iter": 0.04157, "time_iter_std": 0.0, "accuracy": 1.0, "accuracy_std": 0.0, "precision": 1.0, "precision_std": 0.0, "recall": 1.0, "recall_std": 0.0, "f1": 1.0, "f1_std": 0.0, "auc": 1.0, "auc_std": 0.0}
{"epoch": 71, "time_epoch": 0.12384, "time_epoch_std": 0.0, "eta": 8.539, "eta_std": 0.0, "eta_hours": 0.00237, "eta_hours_std": 0.0, "loss": 0.16509, "loss_std": 0.0, "lr": 0.00019, "lr_std": 0.0, "params": 9207.0, "params_std": 0.0, "time_iter": 0.04128, "time_iter_std": 0.0, "accuracy": 0.97619, "accuracy_std": 0.0, "precision": 1.0, "precision_std": 0.0, "recall": 0.95, "recall_std": 0.0, "f1": 0.97436, "f1_std": 0.0, "auc": 1.0, "auc_std": 0.0}
{"epoch": 72, "time_epoch": 0.12445, "time_epoch_std": 0.0, "eta": 8.16727, "eta_std": 0.0, "eta_hours": 0.00227, "eta_hours_std": 0.0, "loss": 0.17664, "loss_std": 0.0, "lr": 0.00018, "lr_std": 0.0, "params": 9207.0, "params_std": 0.0, "time_iter": 0.04148, "time_iter_std": 0.0, "accuracy": 0.97619, "accuracy_std": 0.0, "precision": 1.0, "precision_std": 0.0, "recall": 0.95, "recall_std": 0.0, "f1": 0.97436, "f1_std": 0.0, "auc": 1.0, "auc_std": 0.0}
{"epoch": 73, "time_epoch": 0.12324, "time_epoch_std": 0.0, "eta": 7.8018, "eta_std": 0.0, "eta_hours": 0.00217, "eta_hours_std": 0.0, "loss": 0.14272, "loss_std": 0.0, "lr": 0.00017, "lr_std": 0.0, "params": 9207.0, "params_std": 0.0, "time_iter": 0.04108, "time_iter_std": 0.0, "accuracy": 1.0, "accuracy_std": 0.0, "precision": 1.0, "precision_std": 0.0, "recall": 1.0, "recall_std": 0.0, "f1": 1.0, "f1_std": 0.0, "auc": 1.0, "auc_std": 0.0}
{"epoch": 74, "time_epoch": 0.12805, "time_epoch_std": 0.0, "eta": 7.44439, "eta_std": 0.0, "eta_hours": 0.00207, "eta_hours_std": 0.0, "loss": 0.18756, "loss_std": 0.0, "lr": 0.00016, "lr_std": 0.0, "params": 9207.0, "params_std": 0.0, "time_iter": 0.04268, "time_iter_std": 0.0, "accuracy": 0.95238, "accuracy_std": 0.0, "precision": 1.0, "precision_std": 0.0, "recall": 0.9, "recall_std": 0.0, "f1": 0.94737, "f1_std": 0.0, "auc": 0.99545, "auc_std": 0.0}
{"epoch": 75, "time_epoch": 0.12421, "time_epoch_std": 0.0, "eta": 7.0918, "eta_std": 0.0, "eta_hours": 0.00197, "eta_hours_std": 0.0, "loss": 0.15386, "loss_std": 0.0, "lr": 0.00015, "lr_std": 0.0, "params": 9207.0, "params_std": 0.0, "time_iter": 0.0414, "time_iter_std": 0.0, "accuracy": 0.97619, "accuracy_std": 0.0, "precision": 1.0, "precision_std": 0.0, "recall": 0.95, "recall_std": 0.0, "f1": 0.97436, "f1_std": 0.0, "auc": 1.0, "auc_std": 0.0}
{"epoch": 76, "time_epoch": 0.12428, "time_epoch_std": 0.0, "eta": 6.74517, "eta_std": 0.0, "eta_hours": 0.00187, "eta_hours_std": 0.0, "loss": 0.14428, "loss_std": 0.0, "lr": 0.00014, "lr_std": 0.0, "params": 9207.0, "params_std": 0.0, "time_iter": 0.04143, "time_iter_std": 0.0, "accuracy": 1.0, "accuracy_std": 0.0, "precision": 1.0, "precision_std": 0.0, "recall": 1.0, "recall_std": 0.0, "f1": 1.0, "f1_std": 0.0, "auc": 1.0, "auc_std": 0.0}
{"epoch": 77, "time_epoch": 0.12321, "time_epoch_std": 0.0, "eta": 6.40394, "eta_std": 0.0, "eta_hours": 0.00178, "eta_hours_std": 0.0, "loss": 0.13785, "loss_std": 0.0, "lr": 0.00012, "lr_std": 0.0, "params": 9207.0, "params_std": 0.0, "time_iter": 0.04107, "time_iter_std": 0.0, "accuracy": 1.0, "accuracy_std": 0.0, "precision": 1.0, "precision_std": 0.0, "recall": 1.0, "recall_std": 0.0, "f1": 1.0, "f1_std": 0.0, "auc": 1.0, "auc_std": 0.0}
{"epoch": 78, "time_epoch": 0.12363, "time_epoch_std": 0.0, "eta": 6.06833, "eta_std": 0.0, "eta_hours": 0.00169, "eta_hours_std": 0.0, "loss": 0.13425, "loss_std": 0.0, "lr": 0.00011, "lr_std": 0.0, "params": 9207.0, "params_std": 0.0, "time_iter": 0.04121, "time_iter_std": 0.0, "accuracy": 1.0, "accuracy_std": 0.0, "precision": 1.0, "precision_std": 0.0, "recall": 1.0, "recall_std": 0.0, "f1": 1.0, "f1_std": 0.0, "auc": 1.0, "auc_std": 0.0}
{"epoch": 79, "time_epoch": 0.12688, "time_epoch_std": 0.0, "eta": 5.73884, "eta_std": 0.0, "eta_hours": 0.00159, "eta_hours_std": 0.0, "loss": 0.19018, "loss_std": 0.0, "lr": 0.0001, "lr_std": 0.0, "params": 9207.0, "params_std": 0.0, "time_iter": 0.04229, "time_iter_std": 0.0, "accuracy": 0.95238, "accuracy_std": 0.0, "precision": 1.0, "precision_std": 0.0, "recall": 0.9, "recall_std": 0.0, "f1": 0.94737, "f1_std": 0.0, "auc": 0.99773, "auc_std": 0.0}
{"epoch": 80, "time_epoch": 0.12433, "time_epoch_std": 0.0, "eta": 5.41376, "eta_std": 0.0, "eta_hours": 0.0015, "eta_hours_std": 0.0, "loss": 0.13431, "loss_std": 0.0, "lr": 0.0001, "lr_std": 0.0, "params": 9207.0, "params_std": 0.0, "time_iter": 0.04144, "time_iter_std": 0.0, "accuracy": 1.0, "accuracy_std": 0.0, "precision": 1.0, "precision_std": 0.0, "recall": 1.0, "recall_std": 0.0, "f1": 1.0, "f1_std": 0.0, "auc": 1.0, "auc_std": 0.0}
{"epoch": 81, "time_epoch": 0.1266, "time_epoch_std": 0.0, "eta": 5.09407, "eta_std": 0.0, "eta_hours": 0.00142, "eta_hours_std": 0.0, "loss": 0.15602, "loss_std": 0.0, "lr": 9e-05, "lr_std": 0.0, "params": 9207.0, "params_std": 0.0, "time_iter": 0.0422, "time_iter_std": 0.0, "accuracy": 0.97619, "accuracy_std": 0.0, "precision": 1.0, "precision_std": 0.0, "recall": 0.95, "recall_std": 0.0, "f1": 0.97436, "f1_std": 0.0, "auc": 1.0, "auc_std": 0.0}
{"epoch": 82, "time_epoch": 0.12452, "time_epoch_std": 0.0, "eta": 4.7786, "eta_std": 0.0, "eta_hours": 0.00133, "eta_hours_std": 0.0, "loss": 0.16056, "loss_std": 0.0, "lr": 8e-05, "lr_std": 0.0, "params": 9207.0, "params_std": 0.0, "time_iter": 0.04151, "time_iter_std": 0.0, "accuracy": 0.97619, "accuracy_std": 0.0, "precision": 1.0, "precision_std": 0.0, "recall": 0.95, "recall_std": 0.0, "f1": 0.97436, "f1_std": 0.0, "auc": 1.0, "auc_std": 0.0}
{"epoch": 83, "time_epoch": 0.12534, "time_epoch_std": 0.0, "eta": 4.46784, "eta_std": 0.0, "eta_hours": 0.00124, "eta_hours_std": 0.0, "loss": 0.12714, "loss_std": 0.0, "lr": 7e-05, "lr_std": 0.0, "params": 9207.0, "params_std": 0.0, "time_iter": 0.04178, "time_iter_std": 0.0, "accuracy": 1.0, "accuracy_std": 0.0, "precision": 1.0, "precision_std": 0.0, "recall": 1.0, "recall_std": 0.0, "f1": 1.0, "f1_std": 0.0, "auc": 1.0, "auc_std": 0.0}
{"epoch": 84, "time_epoch": 0.1265, "time_epoch_std": 0.0, "eta": 4.16165, "eta_std": 0.0, "eta_hours": 0.00116, "eta_hours_std": 0.0, "loss": 0.154, "loss_std": 0.0, "lr": 6e-05, "lr_std": 0.0, "params": 9207.0, "params_std": 0.0, "time_iter": 0.04217, "time_iter_std": 0.0, "accuracy": 0.97619, "accuracy_std": 0.0, "precision": 1.0, "precision_std": 0.0, "recall": 0.95, "recall_std": 0.0, "f1": 0.97436, "f1_std": 0.0, "auc": 0.99773, "auc_std": 0.0}
{"epoch": 85, "time_epoch": 0.12489, "time_epoch_std": 0.0, "eta": 3.85937, "eta_std": 0.0, "eta_hours": 0.00107, "eta_hours_std": 0.0, "loss": 0.153, "loss_std": 0.0, "lr": 5e-05, "lr_std": 0.0, "params": 9207.0, "params_std": 0.0, "time_iter": 0.04163, "time_iter_std": 0.0, "accuracy": 1.0, "accuracy_std": 0.0, "precision": 1.0, "precision_std": 0.0, "recall": 1.0, "recall_std": 0.0, "f1": 1.0, "f1_std": 0.0, "auc": 1.0, "auc_std": 0.0}
{"epoch": 86, "time_epoch": 0.12675, "time_epoch_std": 0.0, "eta": 3.56145, "eta_std": 0.0, "eta_hours": 0.00099, "eta_hours_std": 0.0, "loss": 0.13372, "loss_std": 0.0, "lr": 5e-05, "lr_std": 0.0, "params": 9207.0, "params_std": 0.0, "time_iter": 0.04225, "time_iter_std": 0.0, "accuracy": 0.97619, "accuracy_std": 0.0, "precision": 1.0, "precision_std": 0.0, "recall": 0.95, "recall_std": 0.0, "f1": 0.97436, "f1_std": 0.0, "auc": 1.0, "auc_std": 0.0}
{"epoch": 87, "time_epoch": 0.12478, "time_epoch_std": 0.0, "eta": 3.26715, "eta_std": 0.0, "eta_hours": 0.00091, "eta_hours_std": 0.0, "loss": 0.14463, "loss_std": 0.0, "lr": 4e-05, "lr_std": 0.0, "params": 9207.0, "params_std": 0.0, "time_iter": 0.04159, "time_iter_std": 0.0, "accuracy": 0.97619, "accuracy_std": 0.0, "precision": 1.0, "precision_std": 0.0, "recall": 0.95, "recall_std": 0.0, "f1": 0.97436, "f1_std": 0.0, "auc": 1.0, "auc_std": 0.0}
{"epoch": 88, "time_epoch": 0.12259, "time_epoch_std": 0.0, "eta": 2.97638, "eta_std": 0.0, "eta_hours": 0.00083, "eta_hours_std": 0.0, "loss": 0.1524, "loss_std": 0.0, "lr": 4e-05, "lr_std": 0.0, "params": 9207.0, "params_std": 0.0, "time_iter": 0.04086, "time_iter_std": 0.0, "accuracy": 0.97619, "accuracy_std": 0.0, "precision": 1.0, "precision_std": 0.0, "recall": 0.95, "recall_std": 0.0, "f1": 0.97436, "f1_std": 0.0, "auc": 1.0, "auc_std": 0.0}
{"epoch": 89, "time_epoch": 0.12281, "time_epoch_std": 0.0, "eta": 2.68938, "eta_std": 0.0, "eta_hours": 0.00075, "eta_hours_std": 0.0, "loss": 0.18581, "loss_std": 0.0, "lr": 3e-05, "lr_std": 0.0, "params": 9207.0, "params_std": 0.0, "time_iter": 0.04094, "time_iter_std": 0.0, "accuracy": 0.95238, "accuracy_std": 0.0, "precision": 1.0, "precision_std": 0.0, "recall": 0.9, "recall_std": 0.0, "f1": 0.94737, "f1_std": 0.0, "auc": 0.98864, "auc_std": 0.0}
{"epoch": 90, "time_epoch": 0.12401, "time_epoch_std": 0.0, "eta": 2.40611, "eta_std": 0.0, "eta_hours": 0.00067, "eta_hours_std": 0.0, "loss": 0.12259, "loss_std": 0.0, "lr": 2e-05, "lr_std": 0.0, "params": 9207.0, "params_std": 0.0, "time_iter": 0.04134, "time_iter_std": 0.0, "accuracy": 1.0, "accuracy_std": 0.0, "precision": 1.0, "precision_std": 0.0, "recall": 1.0, "recall_std": 0.0, "f1": 1.0, "f1_std": 0.0, "auc": 1.0, "auc_std": 0.0}
{"epoch": 91, "time_epoch": 0.12712, "time_epoch_std": 0.0, "eta": 2.12657, "eta_std": 0.0, "eta_hours": 0.00059, "eta_hours_std": 0.0, "loss": 0.12711, "loss_std": 0.0, "lr": 2e-05, "lr_std": 0.0, "params": 9207.0, "params_std": 0.0, "time_iter": 0.04237, "time_iter_std": 0.0, "accuracy": 1.0, "accuracy_std": 0.0, "precision": 1.0, "precision_std": 0.0, "recall": 1.0, "recall_std": 0.0, "f1": 1.0, "f1_std": 0.0, "auc": 1.0, "auc_std": 0.0}
{"epoch": 92, "time_epoch": 0.12457, "time_epoch_std": 0.0, "eta": 1.85012, "eta_std": 0.0, "eta_hours": 0.00051, "eta_hours_std": 0.0, "loss": 0.15294, "loss_std": 0.0, "lr": 2e-05, "lr_std": 0.0, "params": 9207.0, "params_std": 0.0, "time_iter": 0.04152, "time_iter_std": 0.0, "accuracy": 0.97619, "accuracy_std": 0.0, "precision": 1.0, "precision_std": 0.0, "recall": 0.95, "recall_std": 0.0, "f1": 0.97436, "f1_std": 0.0, "auc": 1.0, "auc_std": 0.0}
{"epoch": 93, "time_epoch": 0.12485, "time_epoch_std": 0.0, "eta": 1.57692, "eta_std": 0.0, "eta_hours": 0.00044, "eta_hours_std": 0.0, "loss": 0.13607, "loss_std": 0.0, "lr": 1e-05, "lr_std": 0.0, "params": 9207.0, "params_std": 0.0, "time_iter": 0.04162, "time_iter_std": 0.0, "accuracy": 1.0, "accuracy_std": 0.0, "precision": 1.0, "precision_std": 0.0, "recall": 1.0, "recall_std": 0.0, "f1": 1.0, "f1_std": 0.0, "auc": 1.0, "auc_std": 0.0}
{"epoch": 94, "time_epoch": 0.13147, "time_epoch_std": 0.0, "eta": 1.30718, "eta_std": 0.0, "eta_hours": 0.00036, "eta_hours_std": 0.0, "loss": 0.1586, "loss_std": 0.0, "lr": 1e-05, "lr_std": 0.0, "params": 9207.0, "params_std": 0.0, "time_iter": 0.04382, "time_iter_std": 0.0, "accuracy": 0.95238, "accuracy_std": 0.0, "precision": 1.0, "precision_std": 0.0, "recall": 0.9, "recall_std": 0.0, "f1": 0.94737, "f1_std": 0.0, "auc": 1.0, "auc_std": 0.0}
{"epoch": 95, "time_epoch": 0.12312, "time_epoch_std": 0.0, "eta": 1.03998, "eta_std": 0.0, "eta_hours": 0.00029, "eta_hours_std": 0.0, "loss": 0.14092, "loss_std": 0.0, "lr": 1e-05, "lr_std": 0.0, "params": 9207.0, "params_std": 0.0, "time_iter": 0.04104, "time_iter_std": 0.0, "accuracy": 0.97619, "accuracy_std": 0.0, "precision": 1.0, "precision_std": 0.0, "recall": 0.95, "recall_std": 0.0, "f1": 0.97436, "f1_std": 0.0, "auc": 1.0, "auc_std": 0.0}
{"epoch": 96, "time_epoch": 0.12379, "time_epoch_std": 0.0, "eta": 0.77577, "eta_std": 0.0, "eta_hours": 0.00022, "eta_hours_std": 0.0, "loss": 0.13016, "loss_std": 0.0, "lr": 0.0, "lr_std": 0.0, "params": 9207.0, "params_std": 0.0, "time_iter": 0.04126, "time_iter_std": 0.0, "accuracy": 1.0, "accuracy_std": 0.0, "precision": 1.0, "precision_std": 0.0, "recall": 1.0, "recall_std": 0.0, "f1": 1.0, "f1_std": 0.0, "auc": 1.0, "auc_std": 0.0}
{"epoch": 97, "time_epoch": 0.12219, "time_epoch_std": 0.0, "eta": 0.5144, "eta_std": 0.0, "eta_hours": 0.00014, "eta_hours_std": 0.0, "loss": 0.12751, "loss_std": 0.0, "lr": 0.0, "lr_std": 0.0, "params": 9207.0, "params_std": 0.0, "time_iter": 0.04073, "time_iter_std": 0.0, "accuracy": 1.0, "accuracy_std": 0.0, "precision": 1.0, "precision_std": 0.0, "recall": 1.0, "recall_std": 0.0, "f1": 1.0, "f1_std": 0.0, "auc": 1.0, "auc_std": 0.0}
{"epoch": 98, "time_epoch": 0.12346, "time_epoch_std": 0.0, "eta": 0.25585, "eta_std": 0.0, "eta_hours": 7e-05, "eta_hours_std": 0.0, "loss": 0.13269, "loss_std": 0.0, "lr": 0.0, "lr_std": 0.0, "params": 9207.0, "params_std": 0.0, "time_iter": 0.04115, "time_iter_std": 0.0, "accuracy": 0.97619, "accuracy_std": 0.0, "precision": 1.0, "precision_std": 0.0, "recall": 0.95, "recall_std": 0.0, "f1": 0.97436, "f1_std": 0.0, "auc": 1.0, "auc_std": 0.0}
{"epoch": 99, "time_epoch": 0.12585, "time_epoch_std": 0.0, "eta": 0.0, "eta_std": 0.0, "eta_hours": 0.0, "eta_hours_std": 0.0, "loss": 0.12313, "loss_std": 0.0, "lr": 0.0, "lr_std": 0.0, "params": 9207.0, "params_std": 0.0, "time_iter": 0.04195, "time_iter_std": 0.0, "accuracy": 1.0, "accuracy_std": 0.0, "precision": 1.0, "precision_std": 0.0, "recall": 1.0, "recall_std": 0.0, "f1": 1.0, "f1_std": 0.0, "auc": 1.0, "auc_std": 0.0}
