{"epoch": 0, "time_epoch": 19.29648, "eta": 1910.35144, "eta_hours": 0.53065, "loss": 0.69783349, "lr": 0.001, "params": 6183, "time_iter": 0.15437, "accuracy": 0.506, "precision": 0.506, "recall": 1.0, "f1": 0.67198, "auc": 0.48012}
{"epoch": 1, "time_epoch": 6.28768, "eta": 1253.62386, "eta_hours": 0.34823, "loss": 0.69484223, "lr": 0.00099975, "params": 6183, "time_iter": 0.0503, "accuracy": 0.506, "precision": 0.506, "recall": 1.0, "f1": 0.67198, "auc": 0.45532}
{"epoch": 2, "time_epoch": 6.26764, "eta": 1029.87473, "eta_hours": 0.28608, "loss": 0.6942612, "lr": 0.00099901, "params": 6183, "time_iter": 0.05014, "accuracy": 0.506, "precision": 0.506, "recall": 1.0, "f1": 0.67198, "auc": 0.46872}
{"epoch": 3, "time_epoch": 6.29511, "eta": 915.52585, "eta_hours": 0.25431, "loss": 0.69161011, "lr": 0.00099778, "params": 6183, "time_iter": 0.05036, "accuracy": 0.538, "precision": 0.53374, "recall": 0.68775, "f1": 0.60104, "auc": 0.54323}
{"epoch": 4, "time_epoch": 6.27622, "eta": 844.03947, "eta_hours": 0.23446, "loss": 0.68548407, "lr": 0.00099606, "params": 6183, "time_iter": 0.05021, "accuracy": 0.564, "precision": 0.57709, "recall": 0.51779, "f1": 0.54583, "auc": 0.57852}
{"epoch": 5, "time_epoch": 6.28275, "eta": 794.3921, "eta_hours": 0.22066, "loss": 0.68836519, "lr": 0.00099384, "params": 6183, "time_iter": 0.05026, "accuracy": 0.53, "precision": 0.53125, "recall": 0.60474, "f1": 0.56562, "auc": 0.55502}
{"epoch": 6, "time_epoch": 6.2729, "eta": 757.00375, "eta_hours": 0.21028, "loss": 0.67699833, "lr": 0.00099114, "params": 6183, "time_iter": 0.05018, "accuracy": 0.586, "precision": 0.58456, "recall": 0.62846, "f1": 0.60571, "auc": 0.60434}
{"epoch": 7, "time_epoch": 6.28259, "eta": 727.50568, "eta_hours": 0.20208, "loss": 0.66668907, "lr": 0.00098796, "params": 6183, "time_iter": 0.05026, "accuracy": 0.602, "precision": 0.6125, "recall": 0.58103, "f1": 0.59635, "auc": 0.62737}
{"epoch": 8, "time_epoch": 6.28252, "eta": 703.16593, "eta_hours": 0.19532, "loss": 0.67171178, "lr": 0.00098429, "params": 6183, "time_iter": 0.05026, "accuracy": 0.604, "precision": 0.61044, "recall": 0.60079, "f1": 0.60558, "auc": 0.62359}
{"epoch": 9, "time_epoch": 6.27619, "eta": 682.38069, "eta_hours": 0.18955, "loss": 0.6699867, "lr": 0.00098015, "params": 6183, "time_iter": 0.05021, "accuracy": 0.598, "precision": 0.59924, "recall": 0.62055, "f1": 0.60971, "auc": 0.63643}
{"epoch": 10, "time_epoch": 6.26711, "eta": 664.15996, "eta_hours": 0.18449, "loss": 0.6626988, "lr": 0.00097553, "params": 6183, "time_iter": 0.05014, "accuracy": 0.582, "precision": 0.58209, "recall": 0.6166, "f1": 0.59885, "auc": 0.62483}
{"epoch": 11, "time_epoch": 6.26642, "eta": 647.92647, "eta_hours": 0.17998, "loss": 0.64508142, "lr": 0.00097044, "params": 6183, "time_iter": 0.05013, "accuracy": 0.63, "precision": 0.65455, "recall": 0.56917, "f1": 0.60888, "auc": 0.66501}
{"epoch": 12, "time_epoch": 6.26602, "eta": 633.22366, "eta_hours": 0.1759, "loss": 0.66107572, "lr": 0.00096489, "params": 6183, "time_iter": 0.05013, "accuracy": 0.61, "precision": 0.61885, "recall": 0.59684, "f1": 0.60765, "auc": 0.64957}
{"epoch": 13, "time_epoch": 6.28167, "eta": 619.82223, "eta_hours": 0.17217, "loss": 0.65456263, "lr": 0.00095888, "params": 6183, "time_iter": 0.05025, "accuracy": 0.634, "precision": 0.64463, "recall": 0.6166, "f1": 0.6303, "auc": 0.65513}
{"epoch": 14, "time_epoch": 6.26705, "eta": 607.28725, "eta_hours": 0.16869, "loss": 0.68087828, "lr": 0.00095241, "params": 6183, "time_iter": 0.05014, "accuracy": 0.58, "precision": 0.58635, "recall": 0.57708, "f1": 0.58167, "auc": 0.61795}
{"epoch": 15, "time_epoch": 5.78497, "eta": 593.00489, "eta_hours": 0.16472, "loss": 0.65560164, "lr": 0.0009455, "params": 6183, "time_iter": 0.04628, "accuracy": 0.612, "precision": 0.62041, "recall": 0.60079, "f1": 0.61044, "auc": 0.64728}
{"epoch": 16, "time_epoch": 4.60675, "eta": 573.96973, "eta_hours": 0.15944, "loss": 0.65542739, "lr": 0.00093815, "params": 6183, "time_iter": 0.03685, "accuracy": 0.608, "precision": 0.62555, "recall": 0.56126, "f1": 0.59167, "auc": 0.64686}
{"epoch": 17, "time_epoch": 4.71941, "eta": 557.05095, "eta_hours": 0.15474, "loss": 0.64516727, "lr": 0.00093037, "params": 6183, "time_iter": 0.03776, "accuracy": 0.63, "precision": 0.66346, "recall": 0.54545, "f1": 0.5987, "auc": 0.66093}
{"epoch": 18, "time_epoch": 5.43708, "eta": 544.47583, "eta_hours": 0.15124, "loss": 0.67490165, "lr": 0.00092216, "params": 6183, "time_iter": 0.0435, "accuracy": 0.586, "precision": 0.59914, "recall": 0.54941, "f1": 0.5732, "auc": 0.62758}
{"epoch": 19, "time_epoch": 5.4343, "eta": 532.60343, "eta_hours": 0.14795, "loss": 0.66259385, "lr": 0.00091354, "params": 6183, "time_iter": 0.04347, "accuracy": 0.62, "precision": 0.62651, "recall": 0.6166, "f1": 0.62151, "auc": 0.64849}
{"epoch": 20, "time_epoch": 5.42502, "eta": 521.30926, "eta_hours": 0.14481, "loss": 0.65510879, "lr": 0.00090451, "params": 6183, "time_iter": 0.0434, "accuracy": 0.628, "precision": 0.64758, "recall": 0.58103, "f1": 0.6125, "auc": 0.645}
{"epoch": 21, "time_epoch": 5.42207, "eta": 510.53817, "eta_hours": 0.14182, "loss": 0.65229555, "lr": 0.00089508, "params": 6183, "time_iter": 0.04338, "accuracy": 0.628, "precision": 0.64255, "recall": 0.59684, "f1": 0.61885, "auc": 0.65677}
{"epoch": 22, "time_epoch": 5.49717, "eta": 500.48365, "eta_hours": 0.13902, "loss": 0.65439954, "lr": 0.00088526, "params": 6183, "time_iter": 0.04398, "accuracy": 0.62, "precision": 0.6318, "recall": 0.59684, "f1": 0.61382, "auc": 0.66278}
{"epoch": 23, "time_epoch": 5.422, "eta": 490.57087, "eta_hours": 0.13627, "loss": 0.68793998, "lr": 0.00087506, "params": 6183, "time_iter": 0.04338, "accuracy": 0.616, "precision": 0.63801, "recall": 0.55731, "f1": 0.59494, "auc": 0.6242}
{"epoch": 24, "time_epoch": 5.40972, "eta": 480.98052, "eta_hours": 0.13361, "loss": 0.67000742, "lr": 0.00086448, "params": 6183, "time_iter": 0.04328, "accuracy": 0.626, "precision": 0.64103, "recall": 0.59289, "f1": 0.61602, "auc": 0.64443}
{"epoch": 25, "time_epoch": 5.41553, "eta": 471.72827, "eta_hours": 0.13104, "loss": 0.65902495, "lr": 0.00085355, "params": 6183, "time_iter": 0.04332, "accuracy": 0.632, "precision": 0.65198, "recall": 0.58498, "f1": 0.61667, "auc": 0.65933}
{"epoch": 26, "time_epoch": 5.41906, "eta": 462.76977, "eta_hours": 0.12855, "loss": 0.64212082, "lr": 0.00084227, "params": 6183, "time_iter": 0.04335, "accuracy": 0.636, "precision": 0.65236, "recall": 0.60079, "f1": 0.62551, "auc": 0.65742}
{"epoch": 27, "time_epoch": 5.41551, "eta": 454.05496, "eta_hours": 0.12613, "loss": 0.67997565, "lr": 0.00083066, "params": 6183, "time_iter": 0.04332, "accuracy": 0.596, "precision": 0.60944, "recall": 0.56126, "f1": 0.58436, "auc": 0.63529}
{"epoch": 28, "time_epoch": 5.41887, "eta": 445.57592, "eta_hours": 0.12377, "loss": 0.6659979, "lr": 0.00081871, "params": 6183, "time_iter": 0.04335, "accuracy": 0.624, "precision": 0.63052, "recall": 0.62055, "f1": 0.6255, "auc": 0.64629}
{"epoch": 29, "time_epoch": 5.40835, "eta": 437.27634, "eta_hours": 0.12147, "loss": 0.67657744, "lr": 0.00080645, "params": 6183, "time_iter": 0.04327, "accuracy": 0.606, "precision": 0.62389, "recall": 0.55731, "f1": 0.58873, "auc": 0.61908}
{"epoch": 30, "time_epoch": 5.4198, "eta": 429.18879, "eta_hours": 0.11922, "loss": 0.64548616, "lr": 0.00079389, "params": 6183, "time_iter": 0.04336, "accuracy": 0.628, "precision": 0.64017, "recall": 0.60474, "f1": 0.62195, "auc": 0.66378}
{"epoch": 31, "time_epoch": 5.42862, "eta": 421.28672, "eta_hours": 0.11702, "loss": 0.66774129, "lr": 0.00078104, "params": 6183, "time_iter": 0.04343, "accuracy": 0.628, "precision": 0.64629, "recall": 0.58498, "f1": 0.61411, "auc": 0.65102}
{"epoch": 32, "time_epoch": 5.42718, "eta": 413.53162, "eta_hours": 0.11487, "loss": 0.67038508, "lr": 0.00076791, "params": 6183, "time_iter": 0.04342, "accuracy": 0.602, "precision": 0.61538, "recall": 0.56917, "f1": 0.59138, "auc": 0.63984}
{"epoch": 33, "time_epoch": 5.42817, "eta": 405.91538, "eta_hours": 0.11275, "loss": 0.65467635, "lr": 0.00075452, "params": 6183, "time_iter": 0.04343, "accuracy": 0.648, "precision": 0.67742, "recall": 0.58103, "f1": 0.62553, "auc": 0.65713}
{"epoch": 34, "time_epoch": 5.42661, "eta": 398.42128, "eta_hours": 0.11067, "loss": 0.65721661, "lr": 0.00074088, "params": 6183, "time_iter": 0.04341, "accuracy": 0.628, "precision": 0.65438, "recall": 0.56126, "f1": 0.60426, "auc": 0.65059}
{"epoch": 35, "time_epoch": 5.42533, "eta": 391.03976, "eta_hours": 0.10862, "loss": 0.64525557, "lr": 0.000727, "params": 6183, "time_iter": 0.0434, "accuracy": 0.618, "precision": 0.63964, "recall": 0.56126, "f1": 0.59789, "auc": 0.65542}
{"epoch": 36, "time_epoch": 5.41491, "eta": 383.74624, "eta_hours": 0.1066, "loss": 0.66369238, "lr": 0.00071289, "params": 6183, "time_iter": 0.04332, "accuracy": 0.624, "precision": 0.64192, "recall": 0.58103, "f1": 0.60996, "auc": 0.64355}
{"epoch": 37, "time_epoch": 5.41189, "eta": 376.54666, "eta_hours": 0.1046, "loss": 0.65935525, "lr": 0.00069857, "params": 6183, "time_iter": 0.0433, "accuracy": 0.632, "precision": 0.65198, "recall": 0.58498, "f1": 0.61667, "auc": 0.65616}
{"epoch": 38, "time_epoch": 5.42229, "eta": 369.45502, "eta_hours": 0.10263, "loss": 0.65700985, "lr": 0.00068406, "params": 6183, "time_iter": 0.04338, "accuracy": 0.662, "precision": 0.69444, "recall": 0.59289, "f1": 0.63966, "auc": 0.65014}
{"epoch": 39, "time_epoch": 5.41356, "eta": 362.43376, "eta_hours": 0.10068, "loss": 0.65475612, "lr": 0.00066937, "params": 6183, "time_iter": 0.04331, "accuracy": 0.636, "precision": 0.66512, "recall": 0.56522, "f1": 0.61111, "auc": 0.67093}
{"epoch": 40, "time_epoch": 5.42202, "eta": 355.50311, "eta_hours": 0.09875, "loss": 0.65525137, "lr": 0.00065451, "params": 6183, "time_iter": 0.04338, "accuracy": 0.612, "precision": 0.6214, "recall": 0.59684, "f1": 0.60887, "auc": 0.64798}
{"epoch": 41, "time_epoch": 5.42403, "eta": 348.64706, "eta_hours": 0.09685, "loss": 0.6495542, "lr": 0.0006395, "params": 6183, "time_iter": 0.04339, "accuracy": 0.634, "precision": 0.66204, "recall": 0.56522, "f1": 0.60981, "auc": 0.65905}
{"epoch": 42, "time_epoch": 5.43432, "eta": 341.87127, "eta_hours": 0.09496, "loss": 0.64610643, "lr": 0.00062434, "params": 6183, "time_iter": 0.04347, "accuracy": 0.63, "precision": 0.6619, "recall": 0.54941, "f1": 0.60043, "auc": 0.65345}
{"epoch": 43, "time_epoch": 5.43041, "eta": 335.15146, "eta_hours": 0.0931, "loss": 0.66382984, "lr": 0.00060907, "params": 6183, "time_iter": 0.04344, "accuracy": 0.622, "precision": 0.65094, "recall": 0.54545, "f1": 0.59355, "auc": 0.63594}
{"epoch": 44, "time_epoch": 5.42311, "eta": 328.48005, "eta_hours": 0.09124, "loss": 0.65945851, "lr": 0.00059369, "params": 6183, "time_iter": 0.04338, "accuracy": 0.628, "precision": 0.64758, "recall": 0.58103, "f1": 0.6125, "auc": 0.64196}
{"epoch": 45, "time_epoch": 5.42804, "eta": 321.86869, "eta_hours": 0.08941, "loss": 0.63700716, "lr": 0.00057822, "params": 6183, "time_iter": 0.04342, "accuracy": 0.638, "precision": 0.67308, "recall": 0.55336, "f1": 0.60738, "auc": 0.67176}
{"epoch": 46, "time_epoch": 5.41625, "eta": 315.2944, "eta_hours": 0.08758, "loss": 0.65638286, "lr": 0.00056267, "params": 6183, "time_iter": 0.04333, "accuracy": 0.646, "precision": 0.67273, "recall": 0.58498, "f1": 0.62579, "auc": 0.67397}
{"epoch": 47, "time_epoch": 5.42098, "eta": 308.77347, "eta_hours": 0.08577, "loss": 0.66246099, "lr": 0.00054705, "params": 6183, "time_iter": 0.04337, "accuracy": 0.608, "precision": 0.63507, "recall": 0.52964, "f1": 0.57759, "auc": 0.63708}
{"epoch": 48, "time_epoch": 5.42665, "eta": 302.30335, "eta_hours": 0.08397, "loss": 0.64770094, "lr": 0.0005314, "params": 6183, "time_iter": 0.04341, "accuracy": 0.642, "precision": 0.67453, "recall": 0.56522, "f1": 0.61505, "auc": 0.66488}
{"epoch": 49, "time_epoch": 5.42854, "eta": 295.87686, "eta_hours": 0.08219, "loss": 0.64527933, "lr": 0.00051571, "params": 6183, "time_iter": 0.04343, "accuracy": 0.65, "precision": 0.68224, "recall": 0.57708, "f1": 0.62527, "auc": 0.66334}
{"epoch": 50, "time_epoch": 5.41433, "eta": 289.47585, "eta_hours": 0.08041, "loss": 0.65565719, "lr": 0.0005, "params": 6183, "time_iter": 0.04331, "accuracy": 0.63, "precision": 0.65315, "recall": 0.57312, "f1": 0.61053, "auc": 0.64563}
{"epoch": 51, "time_epoch": 5.41778, "eta": 283.11597, "eta_hours": 0.07864, "loss": 0.66315627, "lr": 0.00048429, "params": 6183, "time_iter": 0.04334, "accuracy": 0.612, "precision": 0.63229, "recall": 0.55731, "f1": 0.59244, "auc": 0.63457}
{"epoch": 52, "time_epoch": 5.42097, "eta": 276.79448, "eta_hours": 0.07689, "loss": 0.64400478, "lr": 0.0004686, "params": 6183, "time_iter": 0.04337, "accuracy": 0.616, "precision": 0.64878, "recall": 0.52569, "f1": 0.58079, "auc": 0.67064}
{"epoch": 53, "time_epoch": 5.41966, "eta": 270.50522, "eta_hours": 0.07514, "loss": 0.66524874, "lr": 0.00045295, "params": 6183, "time_iter": 0.04336, "accuracy": 0.626, "precision": 0.66019, "recall": 0.53755, "f1": 0.59259, "auc": 0.6492}
{"epoch": 54, "time_epoch": 5.42588, "eta": 264.25267, "eta_hours": 0.0734, "loss": 0.64303711, "lr": 0.00043733, "params": 6183, "time_iter": 0.04341, "accuracy": 0.634, "precision": 0.65909, "recall": 0.57312, "f1": 0.61311, "auc": 0.67557}
{"epoch": 55, "time_epoch": 5.41567, "eta": 258.02162, "eta_hours": 0.07167, "loss": 0.65150036, "lr": 0.00042178, "params": 6183, "time_iter": 0.04333, "accuracy": 0.62, "precision": 0.64651, "recall": 0.54941, "f1": 0.59402, "auc": 0.64593}
{"epoch": 56, "time_epoch": 5.42779, "eta": 251.82832, "eta_hours": 0.06995, "loss": 0.64743227, "lr": 0.00040631, "params": 6183, "time_iter": 0.04342, "accuracy": 0.626, "precision": 0.64865, "recall": 0.56917, "f1": 0.60632, "auc": 0.66773}
{"epoch": 57, "time_epoch": 5.42187, "eta": 245.65714, "eta_hours": 0.06824, "loss": 0.64971789, "lr": 0.00039093, "params": 6183, "time_iter": 0.04337, "accuracy": 0.654, "precision": 0.68519, "recall": 0.58498, "f1": 0.63113, "auc": 0.64468}
{"epoch": 58, "time_epoch": 5.41262, "eta": 239.50493, "eta_hours": 0.06653, "loss": 0.64423761, "lr": 0.00037566, "params": 6183, "time_iter": 0.0433, "accuracy": 0.622, "precision": 0.64679, "recall": 0.55731, "f1": 0.59873, "auc": 0.66381}
{"epoch": 59, "time_epoch": 5.43164, "eta": 233.39005, "eta_hours": 0.06483, "loss": 0.65418736, "lr": 0.0003605, "params": 6183, "time_iter": 0.04345, "accuracy": 0.602, "precision": 0.63107, "recall": 0.51383, "f1": 0.56645, "auc": 0.64097}
{"epoch": 60, "time_epoch": 5.43692, "eta": 227.30094, "eta_hours": 0.06314, "loss": 0.64998463, "lr": 0.00034549, "params": 6183, "time_iter": 0.0435, "accuracy": 0.628, "precision": 0.64889, "recall": 0.57708, "f1": 0.61088, "auc": 0.65813}
{"epoch": 61, "time_epoch": 5.43395, "eta": 221.23106, "eta_hours": 0.06145, "loss": 0.65103896, "lr": 0.00033063, "params": 6183, "time_iter": 0.04347, "accuracy": 0.622, "precision": 0.64815, "recall": 0.55336, "f1": 0.59701, "auc": 0.65429}
{"epoch": 62, "time_epoch": 5.43649, "eta": 215.18285, "eta_hours": 0.05977, "loss": 0.63348621, "lr": 0.00031594, "params": 6183, "time_iter": 0.04349, "accuracy": 0.664, "precision": 0.69406, "recall": 0.60079, "f1": 0.64407, "auc": 0.68096}
{"epoch": 63, "time_epoch": 5.42218, "eta": 209.14571, "eta_hours": 0.0581, "loss": 0.6646608, "lr": 0.00030143, "params": 6183, "time_iter": 0.04338, "accuracy": 0.612, "precision": 0.63111, "recall": 0.56126, "f1": 0.59414, "auc": 0.64409}
{"epoch": 64, "time_epoch": 5.44238, "eta": 203.13837, "eta_hours": 0.05643, "loss": 0.6613443, "lr": 0.00028711, "params": 6183, "time_iter": 0.04354, "accuracy": 0.624, "precision": 0.64317, "recall": 0.57708, "f1": 0.60833, "auc": 0.65005}
{"epoch": 65, "time_epoch": 5.45673, "eta": 197.15554, "eta_hours": 0.05477, "loss": 0.65120921, "lr": 0.000273, "params": 6183, "time_iter": 0.04365, "accuracy": 0.644, "precision": 0.67281, "recall": 0.57708, "f1": 0.62128, "auc": 0.66242}
{"epoch": 66, "time_epoch": 5.42598, "eta": 191.17328, "eta_hours": 0.0531, "loss": 0.64404523, "lr": 0.00025912, "params": 6183, "time_iter": 0.04341, "accuracy": 0.656, "precision": 0.69014, "recall": 0.58103, "f1": 0.6309, "auc": 0.66602}
{"epoch": 67, "time_epoch": 5.436, "eta": 185.21209, "eta_hours": 0.05145, "loss": 0.6652175, "lr": 0.00024548, "params": 6183, "time_iter": 0.04349, "accuracy": 0.642, "precision": 0.66372, "recall": 0.59289, "f1": 0.6263, "auc": 0.64966}
{"epoch": 68, "time_epoch": 5.43231, "eta": 179.26446, "eta_hours": 0.0498, "loss": 0.66103169, "lr": 0.00023209, "params": 6183, "time_iter": 0.04346, "accuracy": 0.604, "precision": 0.62443, "recall": 0.54545, "f1": 0.58228, "auc": 0.65403}
{"epoch": 69, "time_epoch": 5.43944, "eta": 173.33462, "eta_hours": 0.04815, "loss": 0.64994035, "lr": 0.00021896, "params": 6183, "time_iter": 0.04352, "accuracy": 0.64, "precision": 0.67136, "recall": 0.56522, "f1": 0.61373, "auc": 0.65334}
{"epoch": 70, "time_epoch": 5.43657, "eta": 167.41741, "eta_hours": 0.0465, "loss": 0.65800517, "lr": 0.00020611, "params": 6183, "time_iter": 0.04349, "accuracy": 0.624, "precision": 0.6601, "recall": 0.52964, "f1": 0.58772, "auc": 0.65406}
{"epoch": 71, "time_epoch": 5.42538, "eta": 161.5092, "eta_hours": 0.04486, "loss": 0.64491015, "lr": 0.00019355, "params": 6183, "time_iter": 0.0434, "accuracy": 0.644, "precision": 0.67773, "recall": 0.56522, "f1": 0.61638, "auc": 0.66749}
{"epoch": 72, "time_epoch": 5.42864, "eta": 155.61543, "eta_hours": 0.04323, "loss": 0.65260072, "lr": 0.00018129, "params": 6183, "time_iter": 0.04343, "accuracy": 0.628, "precision": 0.65158, "recall": 0.56917, "f1": 0.60759, "auc": 0.65153}
{"epoch": 73, "time_epoch": 5.42793, "eta": 149.73399, "eta_hours": 0.04159, "loss": 0.64936453, "lr": 0.00016934, "params": 6183, "time_iter": 0.04342, "accuracy": 0.632, "precision": 0.65198, "recall": 0.58498, "f1": 0.61667, "auc": 0.6668}
{"epoch": 74, "time_epoch": 5.42572, "eta": 143.86389, "eta_hours": 0.03996, "loss": 0.66941106, "lr": 0.00015773, "params": 6183, "time_iter": 0.04341, "accuracy": 0.598, "precision": 0.6215, "recall": 0.52569, "f1": 0.56959, "auc": 0.63572}
{"epoch": 75, "time_epoch": 5.44661, "eta": 138.01209, "eta_hours": 0.03834, "loss": 0.66336135, "lr": 0.00014645, "params": 6183, "time_iter": 0.04357, "accuracy": 0.63, "precision": 0.64912, "recall": 0.58498, "f1": 0.61538, "auc": 0.6584}
{"epoch": 76, "time_epoch": 5.43879, "eta": 132.16848, "eta_hours": 0.03671, "loss": 0.63059421, "lr": 0.00013552, "params": 6183, "time_iter": 0.04351, "accuracy": 0.634, "precision": 0.66204, "recall": 0.56522, "f1": 0.60981, "auc": 0.68066}
{"epoch": 77, "time_epoch": 5.43813, "eta": 126.33506, "eta_hours": 0.03509, "loss": 0.6609061, "lr": 0.00012494, "params": 6183, "time_iter": 0.04351, "accuracy": 0.626, "precision": 0.65, "recall": 0.56522, "f1": 0.60465, "auc": 0.66048}
{"epoch": 78, "time_epoch": 5.41658, "eta": 120.50592, "eta_hours": 0.03347, "loss": 0.65362353, "lr": 0.00011474, "params": 6183, "time_iter": 0.04333, "accuracy": 0.628, "precision": 0.65158, "recall": 0.56917, "f1": 0.60759, "auc": 0.65286}
{"epoch": 79, "time_epoch": 5.43928, "eta": 114.69277, "eta_hours": 0.03186, "loss": 0.64046974, "lr": 0.00010492, "params": 6183, "time_iter": 0.04351, "accuracy": 0.634, "precision": 0.66204, "recall": 0.56522, "f1": 0.60981, "auc": 0.68026}
{"epoch": 80, "time_epoch": 5.4293, "eta": 108.88651, "eta_hours": 0.03025, "loss": 0.64205292, "lr": 9.549e-05, "params": 6183, "time_iter": 0.04343, "accuracy": 0.654, "precision": 0.68692, "recall": 0.58103, "f1": 0.62955, "auc": 0.69072}
{"epoch": 81, "time_epoch": 5.41883, "eta": 103.08714, "eta_hours": 0.02864, "loss": 0.66381571, "lr": 8.646e-05, "params": 6183, "time_iter": 0.04335, "accuracy": 0.63, "precision": 0.6619, "recall": 0.54941, "f1": 0.60043, "auc": 0.64144}
{"epoch": 82, "time_epoch": 5.43159, "eta": 97.29956, "eta_hours": 0.02703, "loss": 0.64452194, "lr": 7.784e-05, "params": 6183, "time_iter": 0.04345, "accuracy": 0.64, "precision": 0.67136, "recall": 0.56522, "f1": 0.61373, "auc": 0.67597}
{"epoch": 83, "time_epoch": 5.41419, "eta": 91.51714, "eta_hours": 0.02542, "loss": 0.63828789, "lr": 6.963e-05, "params": 6183, "time_iter": 0.04331, "accuracy": 0.654, "precision": 0.69608, "recall": 0.56126, "f1": 0.62144, "auc": 0.67704}
{"epoch": 84, "time_epoch": 5.41421, "eta": 85.74339, "eta_hours": 0.02382, "loss": 0.6559366, "lr": 6.185e-05, "params": 6183, "time_iter": 0.04331, "accuracy": 0.636, "precision": 0.66825, "recall": 0.55731, "f1": 0.60776, "auc": 0.66142}
{"epoch": 85, "time_epoch": 5.43328, "eta": 79.9811, "eta_hours": 0.02222, "loss": 0.66763023, "lr": 5.45e-05, "params": 6183, "time_iter": 0.04347, "accuracy": 0.616, "precision": 0.64319, "recall": 0.5415, "f1": 0.58798, "auc": 0.63592}
{"epoch": 86, "time_epoch": 5.43635, "eta": 74.22684, "eta_hours": 0.02062, "loss": 0.65462991, "lr": 4.759e-05, "params": 6183, "time_iter": 0.04349, "accuracy": 0.626, "precision": 0.65, "recall": 0.56522, "f1": 0.60465, "auc": 0.66454}
{"epoch": 87, "time_epoch": 5.43381, "eta": 68.47945, "eta_hours": 0.01902, "loss": 0.62933012, "lr": 4.112e-05, "params": 6183, "time_iter": 0.04347, "accuracy": 0.662, "precision": 0.70792, "recall": 0.56522, "f1": 0.62857, "auc": 0.69032}
{"epoch": 88, "time_epoch": 5.44204, "eta": 62.74013, "eta_hours": 0.01743, "loss": 0.63329481, "lr": 3.511e-05, "params": 6183, "time_iter": 0.04354, "accuracy": 0.646, "precision": 0.67925, "recall": 0.56917, "f1": 0.61935, "auc": 0.69002}
{"epoch": 89, "time_epoch": 5.4167, "eta": 57.0046, "eta_hours": 0.01583, "loss": 0.65102282, "lr": 2.956e-05, "params": 6183, "time_iter": 0.04333, "accuracy": 0.624, "precision": 0.6555, "recall": 0.5415, "f1": 0.59307, "auc": 0.6704}
{"epoch": 90, "time_epoch": 5.43174, "eta": 51.27756, "eta_hours": 0.01424, "loss": 0.64987015, "lr": 2.447e-05, "params": 6183, "time_iter": 0.04345, "accuracy": 0.628, "precision": 0.65438, "recall": 0.56126, "f1": 0.60426, "auc": 0.65873}
{"epoch": 91, "time_epoch": 5.41027, "eta": 45.55508, "eta_hours": 0.01265, "loss": 0.65595276, "lr": 1.985e-05, "params": 6183, "time_iter": 0.04328, "accuracy": 0.632, "precision": 0.65611, "recall": 0.57312, "f1": 0.61181, "auc": 0.65801}
{"epoch": 92, "time_epoch": 5.42152, "eta": 39.84016, "eta_hours": 0.01107, "loss": 0.65524445, "lr": 1.571e-05, "params": 6183, "time_iter": 0.04337, "accuracy": 0.636, "precision": 0.66667, "recall": 0.56126, "f1": 0.60944, "auc": 0.65712}
{"epoch": 93, "time_epoch": 5.42576, "eta": 34.13175, "eta_hours": 0.00948, "loss": 0.63234374, "lr": 1.204e-05, "params": 6183, "time_iter": 0.04341, "accuracy": 0.644, "precision": 0.68473, "recall": 0.54941, "f1": 0.60965, "auc": 0.6833}
{"epoch": 94, "time_epoch": 5.42676, "eta": 28.42934, "eta_hours": 0.0079, "loss": 0.66107868, "lr": 8.86e-06, "params": 6183, "time_iter": 0.04341, "accuracy": 0.628, "precision": 0.65581, "recall": 0.55731, "f1": 0.60256, "auc": 0.63729}
{"epoch": 95, "time_epoch": 5.41921, "eta": 22.73236, "eta_hours": 0.00631, "loss": 0.66780375, "lr": 6.16e-06, "params": 6183, "time_iter": 0.04335, "accuracy": 0.614, "precision": 0.64563, "recall": 0.52569, "f1": 0.57952, "auc": 0.63648}
{"epoch": 96, "time_epoch": 5.43919, "eta": 17.04173, "eta_hours": 0.00473, "loss": 0.66638081, "lr": 3.94e-06, "params": 6183, "time_iter": 0.04351, "accuracy": 0.61, "precision": 0.63426, "recall": 0.5415, "f1": 0.58422, "auc": 0.63752}
{"epoch": 97, "time_epoch": 5.43281, "eta": 11.3561, "eta_hours": 0.00315, "loss": 0.65688811, "lr": 2.22e-06, "params": 6183, "time_iter": 0.04346, "accuracy": 0.622, "precision": 0.65534, "recall": 0.5336, "f1": 0.58824, "auc": 0.64728}
{"epoch": 98, "time_epoch": 5.42266, "eta": 5.67547, "eta_hours": 0.00158, "loss": 0.64629092, "lr": 9.9e-07, "params": 6183, "time_iter": 0.04338, "accuracy": 0.62, "precision": 0.64929, "recall": 0.5415, "f1": 0.59052, "auc": 0.65997}
{"epoch": 99, "time_epoch": 5.43423, "eta": 0.0, "eta_hours": 0.0, "loss": 0.64680342, "lr": 2.5e-07, "params": 6183, "time_iter": 0.04347, "accuracy": 0.65, "precision": 0.695, "recall": 0.54941, "f1": 0.61369, "auc": 0.66243}
