{"epoch": 0, "time_epoch": 50.73385, "eta": 5022.65117, "eta_hours": 1.39518, "loss": 0.6663841, "lr": 0.001, "params": 5865, "time_iter": 0.0987, "accuracy": 0.5964, "precision": 0.58653, "recall": 0.66667, "f1": 0.62404, "auc": 0.63847}
{"epoch": 1, "time_epoch": 33.22454, "eta": 4113.9609, "eta_hours": 1.14277, "loss": 0.65324198, "lr": 0.00099975, "params": 5865, "time_iter": 0.06464, "accuracy": 0.63096, "precision": 0.63224, "recall": 0.63469, "f1": 0.63346, "auc": 0.66706}
{"epoch": 2, "time_epoch": 33.23076, "eta": 3789.1156, "eta_hours": 1.05253, "loss": 0.64960826, "lr": 0.00099901, "params": 5865, "time_iter": 0.06465, "accuracy": 0.62999, "precision": 0.6271, "recall": 0.65019, "f1": 0.63844, "auc": 0.67156}
{"epoch": 3, "time_epoch": 33.19627, "eta": 3609.24998, "eta_hours": 1.00257, "loss": 0.64102053, "lr": 0.00099778, "params": 5865, "time_iter": 0.06458, "accuracy": 0.63486, "precision": 0.63378, "recall": 0.64729, "f1": 0.64046, "auc": 0.68574}
{"epoch": 4, "time_epoch": 33.20218, "eta": 3488.16435, "eta_hours": 0.96893, "loss": 0.64325342, "lr": 0.00099606, "params": 5865, "time_iter": 0.0646, "accuracy": 0.63875, "precision": 0.63679, "recall": 0.65407, "f1": 0.64532, "auc": 0.68068}
{"epoch": 5, "time_epoch": 33.18897, "eta": 3396.16619, "eta_hours": 0.94338, "loss": 0.63372254, "lr": 0.00099384, "params": 5865, "time_iter": 0.06457, "accuracy": 0.65482, "precision": 0.65366, "recall": 0.6657, "f1": 0.65963, "auc": 0.69797}
{"epoch": 6, "time_epoch": 33.18513, "eta": 3320.9197, "eta_hours": 0.92248, "loss": 0.62992459, "lr": 0.00099114, "params": 5865, "time_iter": 0.06456, "accuracy": 0.65385, "precision": 0.66131, "recall": 0.6376, "f1": 0.64924, "auc": 0.70211}
{"epoch": 7, "time_epoch": 33.17685, "eta": 3256.09333, "eta_hours": 0.90447, "loss": 0.62332268, "lr": 0.00098796, "params": 5865, "time_iter": 0.06455, "accuracy": 0.65871, "precision": 0.66905, "recall": 0.63469, "f1": 0.65142, "auc": 0.70992}
{"epoch": 8, "time_epoch": 33.15629, "eta": 3198.09231, "eta_hours": 0.88836, "loss": 0.62841301, "lr": 0.00098429, "params": 5865, "time_iter": 0.06451, "accuracy": 0.64654, "precision": 0.65059, "recall": 0.6405, "f1": 0.64551, "auc": 0.7}
{"epoch": 9, "time_epoch": 33.03819, "eta": 3143.99735, "eta_hours": 0.87333, "loss": 0.62565965, "lr": 0.00098015, "params": 5865, "time_iter": 0.06428, "accuracy": 0.64606, "precision": 0.65609, "recall": 0.62112, "f1": 0.63813, "auc": 0.7127}
{"epoch": 10, "time_epoch": 33.18791, "eta": 3094.94224, "eta_hours": 0.85971, "loss": 0.62241522, "lr": 0.00097553, "params": 5865, "time_iter": 0.06457, "accuracy": 0.65579, "precision": 0.65731, "recall": 0.65795, "f1": 0.65763, "auc": 0.71982}
{"epoch": 11, "time_epoch": 33.16546, "eta": 3048.36704, "eta_hours": 0.84677, "loss": 0.62287957, "lr": 0.00097044, "params": 5865, "time_iter": 0.06452, "accuracy": 0.67137, "precision": 0.67797, "recall": 0.65891, "f1": 0.6683, "auc": 0.72705}
{"epoch": 12, "time_epoch": 33.17951, "eta": 3003.94885, "eta_hours": 0.83443, "loss": 0.61825426, "lr": 0.00096489, "params": 5865, "time_iter": 0.06455, "accuracy": 0.68062, "precision": 0.67871, "recall": 0.69186, "f1": 0.68522, "auc": 0.73542}
{"epoch": 13, "time_epoch": 33.18788, "eta": 2961.1876, "eta_hours": 0.82255, "loss": 0.60794738, "lr": 0.00095888, "params": 5865, "time_iter": 0.06457, "accuracy": 0.68354, "precision": 0.68508, "recall": 0.68508, "f1": 0.68508, "auc": 0.74838}
{"epoch": 14, "time_epoch": 33.17682, "eta": 2919.64017, "eta_hours": 0.81101, "loss": 0.60151716, "lr": 0.00095241, "params": 5865, "time_iter": 0.06455, "accuracy": 0.67624, "precision": 0.68008, "recall": 0.67151, "f1": 0.67577, "auc": 0.75326}
{"epoch": 15, "time_epoch": 33.16362, "eta": 2879.06974, "eta_hours": 0.79974, "loss": 0.6023675, "lr": 0.0009455, "params": 5865, "time_iter": 0.06452, "accuracy": 0.69182, "precision": 0.69733, "recall": 0.68314, "f1": 0.69016, "auc": 0.76062}
{"epoch": 16, "time_epoch": 33.19095, "eta": 2839.50413, "eta_hours": 0.78875, "loss": 0.59878919, "lr": 0.00093815, "params": 5865, "time_iter": 0.06457, "accuracy": 0.69474, "precision": 0.70069, "recall": 0.68508, "f1": 0.6928, "auc": 0.76306}
{"epoch": 17, "time_epoch": 33.17164, "eta": 2800.55886, "eta_hours": 0.77793, "loss": 0.59371037, "lr": 0.00093037, "params": 5865, "time_iter": 0.06454, "accuracy": 0.70302, "precision": 0.70211, "recall": 0.71027, "f1": 0.70617, "auc": 0.76922}
{"epoch": 18, "time_epoch": 33.174, "eta": 2762.23141, "eta_hours": 0.76729, "loss": 0.58904514, "lr": 0.00092216, "params": 5865, "time_iter": 0.06454, "accuracy": 0.71032, "precision": 0.70909, "recall": 0.71802, "f1": 0.71353, "auc": 0.77747}
{"epoch": 19, "time_epoch": 33.17955, "eta": 2724.44149, "eta_hours": 0.75679, "loss": 0.58169046, "lr": 0.00091354, "params": 5865, "time_iter": 0.06455, "accuracy": 0.70935, "precision": 0.705, "recall": 0.72481, "f1": 0.71476, "auc": 0.78292}
{"epoch": 20, "time_epoch": 33.19766, "eta": 2687.1588, "eta_hours": 0.74643, "loss": 0.58721418, "lr": 0.00090451, "params": 5865, "time_iter": 0.06459, "accuracy": 0.69766, "precision": 0.70088, "recall": 0.69477, "f1": 0.69781, "auc": 0.77435}
{"epoch": 21, "time_epoch": 33.16408, "eta": 2650.12841, "eta_hours": 0.73615, "loss": 0.57823287, "lr": 0.00089508, "params": 5865, "time_iter": 0.06452, "accuracy": 0.70935, "precision": 0.71772, "recall": 0.69477, "f1": 0.70606, "auc": 0.78502}
{"epoch": 22, "time_epoch": 33.16078, "eta": 2613.42318, "eta_hours": 0.72595, "loss": 0.58861923, "lr": 0.00088526, "params": 5865, "time_iter": 0.06452, "accuracy": 0.70935, "precision": 0.7122, "recall": 0.70736, "f1": 0.70977, "auc": 0.78127}
{"epoch": 23, "time_epoch": 33.21272, "eta": 2577.1778, "eta_hours": 0.71588, "loss": 0.57899713, "lr": 0.00087506, "params": 5865, "time_iter": 0.06462, "accuracy": 0.71665, "precision": 0.71469, "recall": 0.72578, "f1": 0.72019, "auc": 0.7898}
{"epoch": 24, "time_epoch": 33.18194, "eta": 2541.08269, "eta_hours": 0.70586, "loss": 0.58070026, "lr": 0.00086448, "params": 5865, "time_iter": 0.06456, "accuracy": 0.71324, "precision": 0.71909, "recall": 0.70446, "f1": 0.7117, "auc": 0.78963}
{"epoch": 25, "time_epoch": 33.16999, "eta": 2505.17764, "eta_hours": 0.69588, "loss": 0.57145825, "lr": 0.00085355, "params": 5865, "time_iter": 0.06453, "accuracy": 0.71908, "precision": 0.7177, "recall": 0.72674, "f1": 0.7222, "auc": 0.79345}
{"epoch": 26, "time_epoch": 33.15769, "eta": 2469.44195, "eta_hours": 0.68596, "loss": 0.58709599, "lr": 0.00084227, "params": 5865, "time_iter": 0.06451, "accuracy": 0.70399, "precision": 0.70385, "recall": 0.7093, "f1": 0.70656, "auc": 0.78329}
{"epoch": 27, "time_epoch": 33.18935, "eta": 2433.97181, "eta_hours": 0.6761, "loss": 0.57054209, "lr": 0.00083066, "params": 5865, "time_iter": 0.06457, "accuracy": 0.72103, "precision": 0.72046, "recall": 0.72674, "f1": 0.72359, "auc": 0.7889}
{"epoch": 28, "time_epoch": 33.17879, "eta": 2398.63311, "eta_hours": 0.66629, "loss": 0.57066041, "lr": 0.00081871, "params": 5865, "time_iter": 0.06455, "accuracy": 0.72444, "precision": 0.72621, "recall": 0.72481, "f1": 0.72551, "auc": 0.7995}
{"epoch": 29, "time_epoch": 33.16537, "eta": 2363.40708, "eta_hours": 0.6565, "loss": 0.58347648, "lr": 0.00080645, "params": 5865, "time_iter": 0.06452, "accuracy": 0.7147, "precision": 0.72079, "recall": 0.70543, "f1": 0.71303, "auc": 0.79017}
{"epoch": 30, "time_epoch": 33.17918, "eta": 2328.34475, "eta_hours": 0.64676, "loss": 0.58796819, "lr": 0.00079389, "params": 5865, "time_iter": 0.06455, "accuracy": 0.7186, "precision": 0.727, "recall": 0.70446, "f1": 0.71555, "auc": 0.78819}
{"epoch": 31, "time_epoch": 35.94524, "eta": 2299.27799, "eta_hours": 0.63869, "loss": 0.56656437, "lr": 0.00078104, "params": 5865, "time_iter": 0.06993, "accuracy": 0.72103, "precision": 0.72004, "recall": 0.72771, "f1": 0.72386, "auc": 0.79576}
{"epoch": 32, "time_epoch": 34.74659, "eta": 2267.36072, "eta_hours": 0.62982, "loss": 0.56993514, "lr": 0.00076791, "params": 5865, "time_iter": 0.0676, "accuracy": 0.71714, "precision": 0.72043, "recall": 0.71415, "f1": 0.71727, "auc": 0.79665}
{"epoch": 33, "time_epoch": 34.72978, "eta": 2235.24439, "eta_hours": 0.6209, "loss": 0.57344984, "lr": 0.00075452, "params": 5865, "time_iter": 0.06757, "accuracy": 0.71908, "precision": 0.71854, "recall": 0.72481, "f1": 0.72166, "auc": 0.79228}
{"epoch": 34, "time_epoch": 34.77502, "eta": 2203.06275, "eta_hours": 0.61196, "loss": 0.56292029, "lr": 0.00074088, "params": 5865, "time_iter": 0.06766, "accuracy": 0.74148, "precision": 0.74777, "recall": 0.73256, "f1": 0.74009, "auc": 0.80609}
{"epoch": 35, "time_epoch": 34.73339, "eta": 2170.66302, "eta_hours": 0.60296, "loss": 0.56404004, "lr": 0.000727, "params": 5865, "time_iter": 0.06757, "accuracy": 0.73077, "precision": 0.73007, "recall": 0.73643, "f1": 0.73324, "auc": 0.80387}
{"epoch": 36, "time_epoch": 34.76499, "eta": 2138.19094, "eta_hours": 0.59394, "loss": 0.57053214, "lr": 0.00071289, "params": 5865, "time_iter": 0.06764, "accuracy": 0.72833, "precision": 0.73281, "recall": 0.72287, "f1": 0.7278, "auc": 0.80256}
{"epoch": 37, "time_epoch": 34.70303, "eta": 2105.49711, "eta_hours": 0.58486, "loss": 0.56488134, "lr": 0.00069857, "params": 5865, "time_iter": 0.06752, "accuracy": 0.72785, "precision": 0.73028, "recall": 0.72674, "f1": 0.72851, "auc": 0.80604}
{"epoch": 38, "time_epoch": 33.61781, "eta": 2071.00284, "eta_hours": 0.57528, "loss": 0.56686901, "lr": 0.00068406, "params": 5865, "time_iter": 0.0654, "accuracy": 0.73272, "precision": 0.73288, "recall": 0.73643, "f1": 0.73465, "auc": 0.80249}
{"epoch": 39, "time_epoch": 33.09928, "eta": 2035.7746, "eta_hours": 0.56549, "loss": 0.57016534, "lr": 0.00066937, "params": 5865, "time_iter": 0.0644, "accuracy": 0.74002, "precision": 0.74081, "recall": 0.74225, "f1": 0.74153, "auc": 0.80738}
{"epoch": 40, "time_epoch": 33.09057, "eta": 2000.63767, "eta_hours": 0.55573, "loss": 0.56694427, "lr": 0.00065451, "params": 5865, "time_iter": 0.06438, "accuracy": 0.72541, "precision": 0.72414, "recall": 0.73256, "f1": 0.72832, "auc": 0.80311}
{"epoch": 41, "time_epoch": 33.11299, "eta": 1965.62914, "eta_hours": 0.54601, "loss": 0.55743559, "lr": 0.0006395, "params": 5865, "time_iter": 0.06442, "accuracy": 0.74684, "precision": 0.75397, "recall": 0.73643, "f1": 0.7451, "auc": 0.81678}
{"epoch": 42, "time_epoch": 33.08196, "eta": 1930.66766, "eta_hours": 0.5363, "loss": 0.55179981, "lr": 0.00062434, "params": 5865, "time_iter": 0.06436, "accuracy": 0.74294, "precision": 0.73909, "recall": 0.75484, "f1": 0.74688, "auc": 0.81584}
{"epoch": 43, "time_epoch": 33.11551, "eta": 1895.8343, "eta_hours": 0.52662, "loss": 0.55201986, "lr": 0.00060907, "params": 5865, "time_iter": 0.06443, "accuracy": 0.7444, "precision": 0.74212, "recall": 0.75291, "f1": 0.74747, "auc": 0.81871}
{"epoch": 44, "time_epoch": 33.08617, "eta": 1861.04143, "eta_hours": 0.51696, "loss": 0.55487531, "lr": 0.00059369, "params": 5865, "time_iter": 0.06437, "accuracy": 0.73515, "precision": 0.73462, "recall": 0.74031, "f1": 0.73745, "auc": 0.81514}
{"epoch": 45, "time_epoch": 33.10758, "eta": 1826.34789, "eta_hours": 0.50732, "loss": 0.55589045, "lr": 0.00057822, "params": 5865, "time_iter": 0.06441, "accuracy": 0.74391, "precision": 0.73168, "recall": 0.77422, "f1": 0.75235, "auc": 0.82093}
{"epoch": 46, "time_epoch": 33.08395, "eta": 1791.69521, "eta_hours": 0.49769, "loss": 0.57317966, "lr": 0.00056267, "params": 5865, "time_iter": 0.06437, "accuracy": 0.73807, "precision": 0.73614, "recall": 0.74612, "f1": 0.7411, "auc": 0.8129}
{"epoch": 47, "time_epoch": 33.08486, "eta": 1757.10886, "eta_hours": 0.48809, "loss": 0.54850941, "lr": 0.00054705, "params": 5865, "time_iter": 0.06437, "accuracy": 0.74635, "precision": 0.75024, "recall": 0.74225, "f1": 0.74623, "auc": 0.82074}
{"epoch": 48, "time_epoch": 33.07018, "eta": 1722.56853, "eta_hours": 0.47849, "loss": 0.55044757, "lr": 0.0005314, "params": 5865, "time_iter": 0.06434, "accuracy": 0.7483, "precision": 0.74224, "recall": 0.76453, "f1": 0.75322, "auc": 0.82123}
{"epoch": 49, "time_epoch": 33.11618, "eta": 1688.133, "eta_hours": 0.46893, "loss": 0.57225382, "lr": 0.00051571, "params": 5865, "time_iter": 0.06443, "accuracy": 0.73856, "precision": 0.73684, "recall": 0.74612, "f1": 0.74145, "auc": 0.81156}
{"epoch": 50, "time_epoch": 33.08759, "eta": 1653.72175, "eta_hours": 0.45937, "loss": 0.54772729, "lr": 0.0005, "params": 5865, "time_iter": 0.06437, "accuracy": 0.7371, "precision": 0.73563, "recall": 0.74419, "f1": 0.73988, "auc": 0.82249}
{"epoch": 51, "time_epoch": 33.0816, "eta": 1619.35587, "eta_hours": 0.44982, "loss": 0.54121026, "lr": 0.00048429, "params": 5865, "time_iter": 0.06436, "accuracy": 0.75609, "precision": 0.75214, "recall": 0.76744, "f1": 0.75971, "auc": 0.82821}
{"epoch": 52, "time_epoch": 33.28139, "eta": 1585.21563, "eta_hours": 0.44034, "loss": 0.54650083, "lr": 0.0004686, "params": 5865, "time_iter": 0.06475, "accuracy": 0.73953, "precision": 0.74483, "recall": 0.73256, "f1": 0.73864, "auc": 0.82775}
{"epoch": 53, "time_epoch": 33.16441, "eta": 1551.00755, "eta_hours": 0.43084, "loss": 0.55330325, "lr": 0.00045295, "params": 5865, "time_iter": 0.06452, "accuracy": 0.74343, "precision": 0.74209, "recall": 0.75, "f1": 0.74602, "auc": 0.82402}
{"epoch": 54, "time_epoch": 33.15415, "eta": 1516.82903, "eta_hours": 0.42134, "loss": 0.55446296, "lr": 0.00043733, "params": 5865, "time_iter": 0.0645, "accuracy": 0.74294, "precision": 0.73909, "recall": 0.75484, "f1": 0.74688, "auc": 0.82334}
{"epoch": 55, "time_epoch": 33.23266, "eta": 1482.74877, "eta_hours": 0.41187, "loss": 0.55242311, "lr": 0.00042178, "params": 5865, "time_iter": 0.06465, "accuracy": 0.75073, "precision": 0.74809, "recall": 0.75969, "f1": 0.75385, "auc": 0.83215}
{"epoch": 56, "time_epoch": 33.17377, "eta": 1448.65383, "eta_hours": 0.4024, "loss": 0.54783814, "lr": 0.00040631, "params": 5865, "time_iter": 0.06454, "accuracy": 0.74586, "precision": 0.7424, "recall": 0.75678, "f1": 0.74952, "auc": 0.82137}
{"epoch": 57, "time_epoch": 33.17585, "eta": 1414.59217, "eta_hours": 0.39294, "loss": 0.55304827, "lr": 0.00039093, "params": 5865, "time_iter": 0.06454, "accuracy": 0.74537, "precision": 0.74308, "recall": 0.75388, "f1": 0.74844, "auc": 0.82573}
{"epoch": 58, "time_epoch": 33.20749, "eta": 1380.58251, "eta_hours": 0.3835, "loss": 0.5355287, "lr": 0.00037566, "params": 5865, "time_iter": 0.06461, "accuracy": 0.75949, "precision": 0.76321, "recall": 0.75581, "f1": 0.75949, "auc": 0.83216}
{"epoch": 59, "time_epoch": 33.16074, "eta": 1346.56843, "eta_hours": 0.37405, "loss": 0.53142459, "lr": 0.0003605, "params": 5865, "time_iter": 0.06452, "accuracy": 0.75024, "precision": 0.73961, "recall": 0.77616, "f1": 0.75745, "auc": 0.83136}
{"epoch": 60, "time_epoch": 33.1575, "eta": 1312.58026, "eta_hours": 0.36461, "loss": 0.55239998, "lr": 0.00034549, "params": 5865, "time_iter": 0.06451, "accuracy": 0.7517, "precision": 0.74347, "recall": 0.77229, "f1": 0.7576, "auc": 0.82915}
{"epoch": 61, "time_epoch": 33.17495, "eta": 1278.62958, "eta_hours": 0.35517, "loss": 0.53633178, "lr": 0.00033063, "params": 5865, "time_iter": 0.06454, "accuracy": 0.75219, "precision": 0.75072, "recall": 0.75872, "f1": 0.7547, "auc": 0.83408}
{"epoch": 62, "time_epoch": 33.15814, "eta": 1244.69365, "eta_hours": 0.34575, "loss": 0.53234541, "lr": 0.00031594, "params": 5865, "time_iter": 0.06451, "accuracy": 0.75657, "precision": 0.75875, "recall": 0.75581, "f1": 0.75728, "auc": 0.83701}
{"epoch": 63, "time_epoch": 33.23137, "eta": 1210.82322, "eta_hours": 0.33634, "loss": 0.54937713, "lr": 0.00030143, "params": 5865, "time_iter": 0.06465, "accuracy": 0.75511, "precision": 0.75167, "recall": 0.7655, "f1": 0.75852, "auc": 0.83185}
{"epoch": 64, "time_epoch": 33.16808, "eta": 1176.93837, "eta_hours": 0.32693, "loss": 0.54174501, "lr": 0.00028711, "params": 5865, "time_iter": 0.06453, "accuracy": 0.76047, "precision": 0.76163, "recall": 0.76163, "f1": 0.76163, "auc": 0.83598}
{"epoch": 65, "time_epoch": 33.18693, "eta": 1143.08496, "eta_hours": 0.31752, "loss": 0.53511275, "lr": 0.000273, "params": 5865, "time_iter": 0.06457, "accuracy": 0.74927, "precision": 0.75418, "recall": 0.74322, "f1": 0.74866, "auc": 0.83019}
{"epoch": 66, "time_epoch": 33.18299, "eta": 1109.2495, "eta_hours": 0.30812, "loss": 0.54957689, "lr": 0.00025912, "params": 5865, "time_iter": 0.06456, "accuracy": 0.75365, "precision": 0.74488, "recall": 0.77519, "f1": 0.75973, "auc": 0.82986}
{"epoch": 67, "time_epoch": 33.18866, "eta": 1075.43589, "eta_hours": 0.29873, "loss": 0.53711446, "lr": 0.00024548, "params": 5865, "time_iter": 0.06457, "accuracy": 0.75852, "precision": 0.75094, "recall": 0.77713, "f1": 0.76381, "auc": 0.83681}
{"epoch": 68, "time_epoch": 33.19377, "eta": 1041.6427, "eta_hours": 0.28935, "loss": 0.53167687, "lr": 0.00023209, "params": 5865, "time_iter": 0.06458, "accuracy": 0.75073, "precision": 0.74715, "recall": 0.76163, "f1": 0.75432, "auc": 0.83762}
{"epoch": 69, "time_epoch": 33.16538, "eta": 1007.85447, "eta_hours": 0.27996, "loss": 0.53478167, "lr": 0.00021896, "params": 5865, "time_iter": 0.06452, "accuracy": 0.75755, "precision": 0.75922, "recall": 0.75775, "f1": 0.75849, "auc": 0.83984}
{"epoch": 70, "time_epoch": 33.33603, "eta": 974.15348, "eta_hours": 0.2706, "loss": 0.53252921, "lr": 0.00020611, "params": 5865, "time_iter": 0.06486, "accuracy": 0.75316, "precision": 0.74741, "recall": 0.76841, "f1": 0.75776, "auc": 0.83614}
{"epoch": 71, "time_epoch": 33.18012, "eta": 940.402, "eta_hours": 0.26122, "loss": 0.55408836, "lr": 0.00019355, "params": 5865, "time_iter": 0.06455, "accuracy": 0.75755, "precision": 0.75624, "recall": 0.76357, "f1": 0.75988, "auc": 0.83342}
{"epoch": 72, "time_epoch": 33.24559, "eta": 906.69039, "eta_hours": 0.25186, "loss": 0.51783156, "lr": 0.00018129, "params": 5865, "time_iter": 0.06468, "accuracy": 0.7629, "precision": 0.76954, "recall": 0.75388, "f1": 0.76163, "auc": 0.84333}
{"epoch": 73, "time_epoch": 33.17843, "eta": 872.96777, "eta_hours": 0.24249, "loss": 0.52942855, "lr": 0.00016934, "params": 5865, "time_iter": 0.06455, "accuracy": 0.75414, "precision": 0.75459, "recall": 0.75678, "f1": 0.75568, "auc": 0.83736}
{"epoch": 74, "time_epoch": 33.14608, "eta": 839.24889, "eta_hours": 0.23312, "loss": 0.53754352, "lr": 0.00015773, "params": 5865, "time_iter": 0.06449, "accuracy": 0.76047, "precision": 0.75187, "recall": 0.78101, "f1": 0.76616, "auc": 0.83953}
{"epoch": 75, "time_epoch": 33.18671, "eta": 805.55791, "eta_hours": 0.22377, "loss": 0.53245762, "lr": 0.00014645, "params": 5865, "time_iter": 0.06457, "accuracy": 0.75949, "precision": 0.75619, "recall": 0.76938, "f1": 0.76273, "auc": 0.83774}
{"epoch": 76, "time_epoch": 33.15352, "eta": 771.87011, "eta_hours": 0.21441, "loss": 0.52602228, "lr": 0.00013552, "params": 5865, "time_iter": 0.0645, "accuracy": 0.76144, "precision": 0.75908, "recall": 0.76938, "f1": 0.7642, "auc": 0.84028}
{"epoch": 77, "time_epoch": 33.17045, "eta": 738.20079, "eta_hours": 0.20506, "loss": 0.53349506, "lr": 0.00012494, "params": 5865, "time_iter": 0.06453, "accuracy": 0.75901, "precision": 0.75892, "recall": 0.7626, "f1": 0.76075, "auc": 0.83778}
{"epoch": 78, "time_epoch": 33.11515, "eta": 704.5294, "eta_hours": 0.1957, "loss": 0.5233711, "lr": 0.00011474, "params": 5865, "time_iter": 0.06443, "accuracy": 0.77167, "precision": 0.76532, "recall": 0.78682, "f1": 0.77592, "auc": 0.84471}
{"epoch": 79, "time_epoch": 33.40186, "eta": 670.94359, "eta_hours": 0.18637, "loss": 0.52559132, "lr": 0.00010492, "params": 5865, "time_iter": 0.06498, "accuracy": 0.75852, "precision": 0.75869, "recall": 0.76163, "f1": 0.76015, "auc": 0.84435}
{"epoch": 80, "time_epoch": 33.16511, "eta": 637.30679, "eta_hours": 0.17703, "loss": 0.53667556, "lr": 9.549e-05, "params": 5865, "time_iter": 0.06452, "accuracy": 0.75511, "precision": 0.75457, "recall": 0.75969, "f1": 0.75712, "auc": 0.8427}
{"epoch": 81, "time_epoch": 33.1714, "eta": 603.68287, "eta_hours": 0.16769, "loss": 0.52165307, "lr": 8.646e-05, "params": 5865, "time_iter": 0.06454, "accuracy": 0.75949, "precision": 0.75, "recall": 0.78198, "f1": 0.76565, "auc": 0.84542}
{"epoch": 82, "time_epoch": 33.18647, "eta": 570.07295, "eta_hours": 0.15835, "loss": 0.54404751, "lr": 7.784e-05, "params": 5865, "time_iter": 0.06457, "accuracy": 0.75365, "precision": 0.75095, "recall": 0.7626, "f1": 0.75673, "auc": 0.83764}
{"epoch": 83, "time_epoch": 33.1516, "eta": 536.46646, "eta_hours": 0.14902, "loss": 0.52648708, "lr": 6.963e-05, "params": 5865, "time_iter": 0.0645, "accuracy": 0.76193, "precision": 0.74615, "recall": 0.79748, "f1": 0.77096, "auc": 0.84363}
{"epoch": 84, "time_epoch": 33.17194, "eta": 502.87427, "eta_hours": 0.13969, "loss": 0.52810684, "lr": 6.185e-05, "params": 5865, "time_iter": 0.06454, "accuracy": 0.76095, "precision": 0.75935, "recall": 0.76744, "f1": 0.76337, "auc": 0.84335}
{"epoch": 85, "time_epoch": 33.17743, "eta": 469.29275, "eta_hours": 0.13036, "loss": 0.5218475, "lr": 5.45e-05, "params": 5865, "time_iter": 0.06455, "accuracy": 0.7668, "precision": 0.76209, "recall": 0.77907, "f1": 0.77048, "auc": 0.84788}
{"epoch": 86, "time_epoch": 33.18977, "eta": 435.72236, "eta_hours": 0.12103, "loss": 0.53180999, "lr": 4.759e-05, "params": 5865, "time_iter": 0.06457, "accuracy": 0.76923, "precision": 0.76931, "recall": 0.77229, "f1": 0.77079, "auc": 0.84279}
{"epoch": 87, "time_epoch": 33.16164, "eta": 402.15678, "eta_hours": 0.11171, "loss": 0.52591043, "lr": 4.112e-05, "params": 5865, "time_iter": 0.06452, "accuracy": 0.76339, "precision": 0.75706, "recall": 0.77907, "f1": 0.76791, "auc": 0.84644}
{"epoch": 88, "time_epoch": 33.17599, "eta": 368.60205, "eta_hours": 0.10239, "loss": 0.54317399, "lr": 3.511e-05, "params": 5865, "time_iter": 0.06454, "accuracy": 0.77167, "precision": 0.76582, "recall": 0.78585, "f1": 0.77571, "auc": 0.84299}
{"epoch": 89, "time_epoch": 33.17074, "eta": 335.05516, "eta_hours": 0.09307, "loss": 0.51153797, "lr": 2.956e-05, "params": 5865, "time_iter": 0.06453, "accuracy": 0.76631, "precision": 0.75989, "recall": 0.78198, "f1": 0.77077, "auc": 0.85214}
{"epoch": 90, "time_epoch": 33.24606, "eta": 301.52398, "eta_hours": 0.08376, "loss": 0.54694499, "lr": 2.447e-05, "params": 5865, "time_iter": 0.06468, "accuracy": 0.75803, "precision": 0.74654, "recall": 0.78488, "f1": 0.76523, "auc": 0.83774}
{"epoch": 91, "time_epoch": 33.17855, "eta": 267.99313, "eta_hours": 0.07444, "loss": 0.54106269, "lr": 1.985e-05, "params": 5865, "time_iter": 0.06455, "accuracy": 0.75901, "precision": 0.76144, "recall": 0.75775, "f1": 0.75959, "auc": 0.84021}
{"epoch": 92, "time_epoch": 33.18407, "eta": 234.47028, "eta_hours": 0.06513, "loss": 0.53008668, "lr": 1.571e-05, "params": 5865, "time_iter": 0.06456, "accuracy": 0.76631, "precision": 0.76437, "recall": 0.77326, "f1": 0.76879, "auc": 0.84392}
{"epoch": 93, "time_epoch": 33.1927, "eta": 200.95518, "eta_hours": 0.05582, "loss": 0.53364047, "lr": 1.204e-05, "params": 5865, "time_iter": 0.06458, "accuracy": 0.75998, "precision": 0.75401, "recall": 0.77519, "f1": 0.76445, "auc": 0.84323}
{"epoch": 94, "time_epoch": 33.16384, "eta": 167.44535, "eta_hours": 0.04651, "loss": 0.5461873, "lr": 8.86e-06, "params": 5865, "time_iter": 0.06452, "accuracy": 0.75998, "precision": 0.75353, "recall": 0.77616, "f1": 0.76468, "auc": 0.83719}
{"epoch": 95, "time_epoch": 33.17919, "eta": 133.94337, "eta_hours": 0.03721, "loss": 0.51764003, "lr": 6.16e-06, "params": 5865, "time_iter": 0.06455, "accuracy": 0.7668, "precision": 0.7611, "recall": 0.78101, "f1": 0.77092, "auc": 0.84814}
{"epoch": 96, "time_epoch": 34.6841, "eta": 100.49459, "eta_hours": 0.02792, "loss": 0.52925986, "lr": 3.94e-06, "params": 5865, "time_iter": 0.06748, "accuracy": 0.76144, "precision": 0.75518, "recall": 0.77713, "f1": 0.766, "auc": 0.84237}
{"epoch": 97, "time_epoch": 34.91146, "eta": 67.02523, "eta_hours": 0.01862, "loss": 0.51063379, "lr": 2.22e-06, "params": 5865, "time_iter": 0.06792, "accuracy": 0.77605, "precision": 0.77606, "recall": 0.77907, "f1": 0.77756, "auc": 0.85151}
{"epoch": 98, "time_epoch": 35.07227, "eta": 33.52837, "eta_hours": 0.00931, "loss": 0.53430933, "lr": 9.9e-07, "params": 5865, "time_iter": 0.06823, "accuracy": 0.75219, "precision": 0.75217, "recall": 0.75581, "f1": 0.75399, "auc": 0.8393}
{"epoch": 99, "time_epoch": 35.08537, "eta": 0.0, "eta_hours": 0.0, "loss": 0.52010314, "lr": 2.5e-07, "params": 5865, "time_iter": 0.06826, "accuracy": 0.75852, "precision": 0.75283, "recall": 0.77326, "f1": 0.76291, "auc": 0.84622}
