{"epoch": 0, "time_epoch": 24.2828, "eta": 2403.99672, "eta_hours": 0.66778, "loss": 1.09212049, "lr": 0.001, "params": 5327, "time_iter": 0.12916, "accuracy": 0.38667, "f1": 0.29915, "auc": 0.54791}
{"epoch": 1, "time_epoch": 11.25786, "eta": 1741.49198, "eta_hours": 0.48375, "loss": 1.08996267, "lr": 0.00099975, "params": 5327, "time_iter": 0.05988, "accuracy": 0.37867, "f1": 0.32158, "auc": 0.55076}
{"epoch": 2, "time_epoch": 12.01931, "eta": 1537.77205, "eta_hours": 0.42716, "loss": 1.08818026, "lr": 0.00099901, "params": 5327, "time_iter": 0.06393, "accuracy": 0.396, "f1": 0.31646, "auc": 0.5584}
{"epoch": 3, "time_epoch": 11.98368, "eta": 1429.04742, "eta_hours": 0.39696, "loss": 1.08665472, "lr": 0.00099778, "params": 5327, "time_iter": 0.06374, "accuracy": 0.396, "f1": 0.35075, "auc": 0.56126}
{"epoch": 4, "time_epoch": 12.01183, "eta": 1359.5539, "eta_hours": 0.37765, "loss": 1.08941402, "lr": 0.00099606, "params": 5327, "time_iter": 0.06389, "accuracy": 0.38667, "f1": 0.33028, "auc": 0.54612}
{"epoch": 5, "time_epoch": 12.13428, "eta": 1311.13942, "eta_hours": 0.36421, "loss": 1.08543401, "lr": 0.00099384, "params": 5327, "time_iter": 0.06454, "accuracy": 0.4, "f1": 0.36264, "auc": 0.56289}
{"epoch": 6, "time_epoch": 11.96002, "eta": 1270.77556, "eta_hours": 0.35299, "loss": 1.08531154, "lr": 0.00099114, "params": 5327, "time_iter": 0.06362, "accuracy": 0.39333, "f1": 0.34594, "auc": 0.56343}
{"epoch": 7, "time_epoch": 11.84122, "eta": 1236.14638, "eta_hours": 0.34337, "loss": 1.09169496, "lr": 0.00098796, "params": 5327, "time_iter": 0.06299, "accuracy": 0.388, "f1": 0.31248, "auc": 0.54628}
{"epoch": 8, "time_epoch": 12.31546, "eta": 1211.3763, "eta_hours": 0.33649, "loss": 1.0908246, "lr": 0.00098429, "params": 5327, "time_iter": 0.06551, "accuracy": 0.38533, "f1": 0.35583, "auc": 0.54996}
{"epoch": 9, "time_epoch": 11.79532, "eta": 1184.41593, "eta_hours": 0.329, "loss": 1.08576395, "lr": 0.00098015, "params": 5327, "time_iter": 0.06274, "accuracy": 0.39333, "f1": 0.34314, "auc": 0.56102}
{"epoch": 10, "time_epoch": 12.22339, "eta": 1163.67627, "eta_hours": 0.32324, "loss": 1.08273017, "lr": 0.00097553, "params": 5327, "time_iter": 0.06502, "accuracy": 0.41333, "f1": 0.36282, "auc": 0.58006}
{"epoch": 11, "time_epoch": 12.17472, "eta": 1143.99909, "eta_hours": 0.31778, "loss": 1.09091433, "lr": 0.00097044, "params": 5327, "time_iter": 0.06476, "accuracy": 0.372, "f1": 0.34586, "auc": 0.55329}
{"epoch": 12, "time_epoch": 11.34218, "eta": 1119.90454, "eta_hours": 0.31108, "loss": 1.08043544, "lr": 0.00096489, "params": 5327, "time_iter": 0.06033, "accuracy": 0.42, "f1": 0.38208, "auc": 0.57494}
{"epoch": 13, "time_epoch": 12.30204, "eta": 1103.52802, "eta_hours": 0.30654, "loss": 1.0908648, "lr": 0.00095888, "params": 5327, "time_iter": 0.06544, "accuracy": 0.38, "f1": 0.34188, "auc": 0.55064}
{"epoch": 14, "time_epoch": 12.27853, "eta": 1087.56153, "eta_hours": 0.3021, "loss": 1.07879776, "lr": 0.00095241, "params": 5327, "time_iter": 0.06531, "accuracy": 0.40267, "f1": 0.37599, "auc": 0.5825}
{"epoch": 15, "time_epoch": 12.13477, "eta": 1071.30133, "eta_hours": 0.29758, "loss": 1.07488751, "lr": 0.0009455, "params": 5327, "time_iter": 0.06455, "accuracy": 0.40133, "f1": 0.35102, "auc": 0.5881}
{"epoch": 16, "time_epoch": 12.22099, "eta": 1055.94744, "eta_hours": 0.29332, "loss": 1.08311899, "lr": 0.00093815, "params": 5327, "time_iter": 0.06501, "accuracy": 0.396, "f1": 0.36305, "auc": 0.57375}
{"epoch": 17, "time_epoch": 12.14412, "eta": 1040.59142, "eta_hours": 0.28905, "loss": 1.09088619, "lr": 0.00093037, "params": 5327, "time_iter": 0.0646, "accuracy": 0.40133, "f1": 0.38037, "auc": 0.55824}
{"epoch": 18, "time_epoch": 12.10569, "eta": 1025.40967, "eta_hours": 0.28484, "loss": 1.074919, "lr": 0.00092216, "params": 5327, "time_iter": 0.06439, "accuracy": 0.41067, "f1": 0.35392, "auc": 0.57813}
{"epoch": 19, "time_epoch": 12.21988, "eta": 1010.9923, "eta_hours": 0.28083, "loss": 1.09320378, "lr": 0.00091354, "params": 5327, "time_iter": 0.065, "accuracy": 0.38133, "f1": 0.33928, "auc": 0.55372}
{"epoch": 20, "time_epoch": 12.15807, "eta": 996.55168, "eta_hours": 0.27682, "loss": 1.07710391, "lr": 0.00090451, "params": 5327, "time_iter": 0.06467, "accuracy": 0.42, "f1": 0.39103, "auc": 0.58895}
{"epoch": 21, "time_epoch": 12.10117, "eta": 982.11682, "eta_hours": 0.27281, "loss": 1.09042185, "lr": 0.00089508, "params": 5327, "time_iter": 0.06437, "accuracy": 0.40667, "f1": 0.37058, "auc": 0.55693}
{"epoch": 22, "time_epoch": 12.00473, "eta": 967.56204, "eta_hours": 0.26877, "loss": 1.08589707, "lr": 0.00088526, "params": 5327, "time_iter": 0.06385, "accuracy": 0.40267, "f1": 0.39121, "auc": 0.56517}
{"epoch": 23, "time_epoch": 12.07776, "eta": 953.45102, "eta_hours": 0.26485, "loss": 1.07348699, "lr": 0.00087506, "params": 5327, "time_iter": 0.06424, "accuracy": 0.41067, "f1": 0.39177, "auc": 0.58847}
{"epoch": 24, "time_epoch": 12.27461, "eta": 940.0932, "eta_hours": 0.26114, "loss": 1.08085923, "lr": 0.00086448, "params": 5327, "time_iter": 0.06529, "accuracy": 0.41733, "f1": 0.36985, "auc": 0.58236}
{"epoch": 25, "time_epoch": 12.07046, "eta": 926.23767, "eta_hours": 0.25729, "loss": 1.08334943, "lr": 0.00085355, "params": 5327, "time_iter": 0.0642, "accuracy": 0.38667, "f1": 0.36844, "auc": 0.57219}
{"epoch": 26, "time_epoch": 11.91729, "eta": 912.10027, "eta_hours": 0.25336, "loss": 1.08063472, "lr": 0.00084227, "params": 5327, "time_iter": 0.06339, "accuracy": 0.41867, "f1": 0.40293, "auc": 0.58272}
{"epoch": 27, "time_epoch": 12.05695, "eta": 898.48055, "eta_hours": 0.24958, "loss": 1.08473898, "lr": 0.00083066, "params": 5327, "time_iter": 0.06413, "accuracy": 0.412, "f1": 0.36555, "auc": 0.57219}
{"epoch": 28, "time_epoch": 12.38775, "eta": 885.77851, "eta_hours": 0.24605, "loss": 1.07792524, "lr": 0.00081871, "params": 5327, "time_iter": 0.06589, "accuracy": 0.41467, "f1": 0.38282, "auc": 0.5851}
{"epoch": 29, "time_epoch": 11.96955, "eta": 872.12162, "eta_hours": 0.24226, "loss": 1.08103635, "lr": 0.00080645, "params": 5327, "time_iter": 0.06367, "accuracy": 0.416, "f1": 0.37796, "auc": 0.58322}
{"epoch": 30, "time_epoch": 12.09545, "eta": 858.85382, "eta_hours": 0.23857, "loss": 1.07209871, "lr": 0.00079389, "params": 5327, "time_iter": 0.06434, "accuracy": 0.43733, "f1": 0.4113, "auc": 0.60108}
{"epoch": 31, "time_epoch": 12.20041, "eta": 845.88232, "eta_hours": 0.23497, "loss": 1.07562517, "lr": 0.00078104, "params": 5327, "time_iter": 0.0649, "accuracy": 0.43467, "f1": 0.41391, "auc": 0.5954}
{"epoch": 32, "time_epoch": 11.46529, "eta": 831.46503, "eta_hours": 0.23096, "loss": 1.07452291, "lr": 0.00076791, "params": 5327, "time_iter": 0.06099, "accuracy": 0.432, "f1": 0.41699, "auc": 0.59515}
{"epoch": 33, "time_epoch": 12.17307, "eta": 818.59533, "eta_hours": 0.22739, "loss": 1.06933798, "lr": 0.00075452, "params": 5327, "time_iter": 0.06475, "accuracy": 0.40667, "f1": 0.38675, "auc": 0.60424}
{"epoch": 34, "time_epoch": 12.0561, "eta": 805.5482, "eta_hours": 0.22376, "loss": 1.07023416, "lr": 0.00074088, "params": 5327, "time_iter": 0.06413, "accuracy": 0.45067, "f1": 0.44193, "auc": 0.60921}
{"epoch": 35, "time_epoch": 12.2717, "eta": 792.93941, "eta_hours": 0.22026, "loss": 1.08269347, "lr": 0.000727, "params": 5327, "time_iter": 0.06527, "accuracy": 0.412, "f1": 0.39766, "auc": 0.57968}
{"epoch": 36, "time_epoch": 12.00076, "eta": 779.88753, "eta_hours": 0.21664, "loss": 1.08233857, "lr": 0.00071289, "params": 5327, "time_iter": 0.06383, "accuracy": 0.41067, "f1": 0.39319, "auc": 0.58525}
{"epoch": 37, "time_epoch": 12.04103, "eta": 766.95667, "eta_hours": 0.21304, "loss": 1.06300156, "lr": 0.00069857, "params": 5327, "time_iter": 0.06405, "accuracy": 0.41333, "f1": 0.38815, "auc": 0.61358}
{"epoch": 38, "time_epoch": 12.18627, "eta": 754.2986, "eta_hours": 0.20953, "loss": 1.07912038, "lr": 0.00068406, "params": 5327, "time_iter": 0.06482, "accuracy": 0.43067, "f1": 0.41675, "auc": 0.58784}
{"epoch": 39, "time_epoch": 12.11186, "eta": 741.55251, "eta_hours": 0.20599, "loss": 1.085183, "lr": 0.00066937, "params": 5327, "time_iter": 0.06442, "accuracy": 0.38933, "f1": 0.36997, "auc": 0.57041}
{"epoch": 40, "time_epoch": 12.08781, "eta": 728.80275, "eta_hours": 0.20245, "loss": 1.08795253, "lr": 0.00065451, "params": 5327, "time_iter": 0.0643, "accuracy": 0.41733, "f1": 0.40229, "auc": 0.573}
{"epoch": 41, "time_epoch": 12.19513, "eta": 716.23272, "eta_hours": 0.19895, "loss": 1.07723736, "lr": 0.0006395, "params": 5327, "time_iter": 0.06487, "accuracy": 0.40667, "f1": 0.37597, "auc": 0.59351}
{"epoch": 42, "time_epoch": 11.90943, "eta": 703.3014, "eta_hours": 0.19536, "loss": 1.07994911, "lr": 0.00062434, "params": 5327, "time_iter": 0.06335, "accuracy": 0.40667, "f1": 0.38177, "auc": 0.59503}
{"epoch": 43, "time_epoch": 12.2743, "eta": 690.88092, "eta_hours": 0.19191, "loss": 1.08997116, "lr": 0.00060907, "params": 5327, "time_iter": 0.06529, "accuracy": 0.40667, "f1": 0.38654, "auc": 0.57579}
{"epoch": 44, "time_epoch": 11.54877, "eta": 677.58017, "eta_hours": 0.18822, "loss": 1.08031206, "lr": 0.00059369, "params": 5327, "time_iter": 0.06143, "accuracy": 0.42133, "f1": 0.40514, "auc": 0.58544}
{"epoch": 45, "time_epoch": 11.34871, "eta": 664.12075, "eta_hours": 0.18448, "loss": 1.07777888, "lr": 0.00057822, "params": 5327, "time_iter": 0.06037, "accuracy": 0.428, "f1": 0.40611, "auc": 0.58964}
{"epoch": 46, "time_epoch": 11.71207, "eta": 651.16089, "eta_hours": 0.18088, "loss": 1.07439028, "lr": 0.00056267, "params": 5327, "time_iter": 0.0623, "accuracy": 0.436, "f1": 0.42202, "auc": 0.59876}
{"epoch": 47, "time_epoch": 11.35986, "eta": 637.87146, "eta_hours": 0.17719, "loss": 1.07851274, "lr": 0.00054705, "params": 5327, "time_iter": 0.06042, "accuracy": 0.41733, "f1": 0.4004, "auc": 0.58953}
{"epoch": 48, "time_epoch": 11.78985, "eta": 625.10833, "eta_hours": 0.17364, "loss": 1.08966294, "lr": 0.0005314, "params": 5327, "time_iter": 0.06271, "accuracy": 0.40667, "f1": 0.38452, "auc": 0.57169}
{"epoch": 49, "time_epoch": 11.37022, "eta": 611.9645, "eta_hours": 0.16999, "loss": 1.08086185, "lr": 0.00051571, "params": 5327, "time_iter": 0.06048, "accuracy": 0.41467, "f1": 0.3865, "auc": 0.57953}
{"epoch": 50, "time_epoch": 12.16979, "eta": 599.65843, "eta_hours": 0.16657, "loss": 1.07706868, "lr": 0.0005, "params": 5327, "time_iter": 0.06473, "accuracy": 0.42667, "f1": 0.4028, "auc": 0.59336}
{"epoch": 51, "time_epoch": 11.33122, "eta": 586.58354, "eta_hours": 0.16294, "loss": 1.06785633, "lr": 0.00048429, "params": 5327, "time_iter": 0.06027, "accuracy": 0.44133, "f1": 0.431, "auc": 0.61131}
{"epoch": 52, "time_epoch": 11.75666, "eta": 573.95173, "eta_hours": 0.15943, "loss": 1.07179815, "lr": 0.0004686, "params": 5327, "time_iter": 0.06254, "accuracy": 0.41333, "f1": 0.39774, "auc": 0.59814}
{"epoch": 53, "time_epoch": 12.19319, "eta": 561.72419, "eta_hours": 0.15603, "loss": 1.0871008, "lr": 0.00045295, "params": 5327, "time_iter": 0.06486, "accuracy": 0.38933, "f1": 0.36668, "auc": 0.57084}
{"epoch": 54, "time_epoch": 12.19863, "eta": 549.50235, "eta_hours": 0.15264, "loss": 1.0869731, "lr": 0.00043733, "params": 5327, "time_iter": 0.06489, "accuracy": 0.41067, "f1": 0.40112, "auc": 0.56978}
{"epoch": 55, "time_epoch": 12.20196, "eta": 537.28396, "eta_hours": 0.14925, "loss": 1.06566627, "lr": 0.00042178, "params": 5327, "time_iter": 0.0649, "accuracy": 0.43733, "f1": 0.42019, "auc": 0.60956}
{"epoch": 56, "time_epoch": 11.62532, "eta": 524.63114, "eta_hours": 0.14573, "loss": 1.08335281, "lr": 0.00040631, "params": 5327, "time_iter": 0.06184, "accuracy": 0.42, "f1": 0.40551, "auc": 0.58073}
{"epoch": 57, "time_epoch": 12.24076, "eta": 512.4594, "eta_hours": 0.14235, "loss": 1.08192335, "lr": 0.00039093, "params": 5327, "time_iter": 0.06511, "accuracy": 0.40267, "f1": 0.37892, "auc": 0.58212}
{"epoch": 58, "time_epoch": 11.3545, "eta": 499.66946, "eta_hours": 0.1388, "loss": 1.07953338, "lr": 0.00037566, "params": 5327, "time_iter": 0.0604, "accuracy": 0.40667, "f1": 0.38904, "auc": 0.58767}
{"epoch": 59, "time_epoch": 12.18255, "eta": 487.47939, "eta_hours": 0.13541, "loss": 1.07423607, "lr": 0.0003605, "params": 5327, "time_iter": 0.0648, "accuracy": 0.41333, "f1": 0.39976, "auc": 0.59716}
{"epoch": 60, "time_epoch": 12.00632, "eta": 475.1769, "eta_hours": 0.13199, "loss": 1.07184233, "lr": 0.00034549, "params": 5327, "time_iter": 0.06386, "accuracy": 0.43067, "f1": 0.41868, "auc": 0.60558}
{"epoch": 61, "time_epoch": 11.33374, "eta": 462.47173, "eta_hours": 0.12846, "loss": 1.0804499, "lr": 0.00033063, "params": 5327, "time_iter": 0.06029, "accuracy": 0.41733, "f1": 0.40599, "auc": 0.58993}
{"epoch": 62, "time_epoch": 11.55383, "eta": 449.93937, "eta_hours": 0.12498, "loss": 1.07919492, "lr": 0.00031594, "params": 5327, "time_iter": 0.06146, "accuracy": 0.41467, "f1": 0.40242, "auc": 0.58279}
{"epoch": 63, "time_epoch": 11.44954, "eta": 437.37891, "eta_hours": 0.12149, "loss": 1.06517936, "lr": 0.00030143, "params": 5327, "time_iter": 0.0609, "accuracy": 0.43333, "f1": 0.41845, "auc": 0.61273}
{"epoch": 64, "time_epoch": 12.17606, "eta": 425.24385, "eta_hours": 0.11812, "loss": 1.07662934, "lr": 0.00028711, "params": 5327, "time_iter": 0.06477, "accuracy": 0.41867, "f1": 0.40204, "auc": 0.58967}
{"epoch": 65, "time_epoch": 11.88309, "eta": 412.95662, "eta_hours": 0.11471, "loss": 1.07119984, "lr": 0.000273, "params": 5327, "time_iter": 0.06321, "accuracy": 0.43467, "f1": 0.42484, "auc": 0.5997}
{"epoch": 66, "time_epoch": 12.19485, "eta": 400.835, "eta_hours": 0.11134, "loss": 1.06817151, "lr": 0.00025912, "params": 5327, "time_iter": 0.06487, "accuracy": 0.43333, "f1": 0.41508, "auc": 0.60924}
{"epoch": 67, "time_epoch": 11.78169, "eta": 388.5168, "eta_hours": 0.10792, "loss": 1.08858528, "lr": 0.00024548, "params": 5327, "time_iter": 0.06267, "accuracy": 0.39867, "f1": 0.38275, "auc": 0.56933}
{"epoch": 68, "time_epoch": 11.72537, "eta": 376.18885, "eta_hours": 0.1045, "loss": 1.07803642, "lr": 0.00023209, "params": 5327, "time_iter": 0.06237, "accuracy": 0.44267, "f1": 0.43054, "auc": 0.58942}
{"epoch": 69, "time_epoch": 11.38435, "eta": 363.73197, "eta_hours": 0.10104, "loss": 1.07774987, "lr": 0.00021896, "params": 5327, "time_iter": 0.06056, "accuracy": 0.408, "f1": 0.39234, "auc": 0.58774}
{"epoch": 70, "time_epoch": 11.33507, "eta": 351.28517, "eta_hours": 0.09758, "loss": 1.07585542, "lr": 0.00020611, "params": 5327, "time_iter": 0.06029, "accuracy": 0.428, "f1": 0.41004, "auc": 0.59327}
{"epoch": 71, "time_epoch": 12.23621, "eta": 339.2197, "eta_hours": 0.09423, "loss": 1.0815705, "lr": 0.00019355, "params": 5327, "time_iter": 0.06509, "accuracy": 0.39867, "f1": 0.38637, "auc": 0.58583}
{"epoch": 72, "time_epoch": 12.20312, "eta": 327.1373, "eta_hours": 0.09087, "loss": 1.08011995, "lr": 0.00018129, "params": 5327, "time_iter": 0.06491, "accuracy": 0.41733, "f1": 0.40746, "auc": 0.58769}
{"epoch": 73, "time_epoch": 11.94868, "eta": 314.96225, "eta_hours": 0.08749, "loss": 1.075258, "lr": 0.00016934, "params": 5327, "time_iter": 0.06356, "accuracy": 0.40267, "f1": 0.39111, "auc": 0.58701}
{"epoch": 74, "time_epoch": 12.18721, "eta": 302.87274, "eta_hours": 0.08413, "loss": 1.07090479, "lr": 0.00015773, "params": 5327, "time_iter": 0.06483, "accuracy": 0.43733, "f1": 0.42793, "auc": 0.59968}
{"epoch": 75, "time_epoch": 12.24757, "eta": 290.79972, "eta_hours": 0.08078, "loss": 1.08000014, "lr": 0.00014645, "params": 5327, "time_iter": 0.06515, "accuracy": 0.42, "f1": 0.40712, "auc": 0.58271}
{"epoch": 76, "time_epoch": 11.93081, "eta": 278.62756, "eta_hours": 0.0774, "loss": 1.07848579, "lr": 0.00013552, "params": 5327, "time_iter": 0.06346, "accuracy": 0.41333, "f1": 0.39718, "auc": 0.59593}
{"epoch": 77, "time_epoch": 11.84321, "eta": 266.43687, "eta_hours": 0.07401, "loss": 1.07477759, "lr": 0.00012494, "params": 5327, "time_iter": 0.063, "accuracy": 0.44133, "f1": 0.42931, "auc": 0.60107}
{"epoch": 78, "time_epoch": 11.80262, "eta": 254.24419, "eta_hours": 0.07062, "loss": 1.06319633, "lr": 0.00011474, "params": 5327, "time_iter": 0.06278, "accuracy": 0.44667, "f1": 0.43085, "auc": 0.61421}
{"epoch": 79, "time_epoch": 11.59137, "eta": 242.00845, "eta_hours": 0.06722, "loss": 1.06578466, "lr": 0.00010492, "params": 5327, "time_iter": 0.06166, "accuracy": 0.43867, "f1": 0.42423, "auc": 0.61002}
{"epoch": 80, "time_epoch": 12.46938, "eta": 229.99457, "eta_hours": 0.06389, "loss": 1.07503081, "lr": 9.549e-05, "params": 5327, "time_iter": 0.06633, "accuracy": 0.432, "f1": 0.41564, "auc": 0.59327}
{"epoch": 81, "time_epoch": 13.0688, "eta": 218.10117, "eta_hours": 0.06058, "loss": 1.07294602, "lr": 8.646e-05, "params": 5327, "time_iter": 0.06951, "accuracy": 0.42533, "f1": 0.41342, "auc": 0.60013}
{"epoch": 82, "time_epoch": 13.06519, "eta": 206.1787, "eta_hours": 0.05727, "loss": 1.06560235, "lr": 7.784e-05, "params": 5327, "time_iter": 0.0695, "accuracy": 0.40933, "f1": 0.39944, "auc": 0.60957}
{"epoch": 83, "time_epoch": 13.05388, "eta": 194.22687, "eta_hours": 0.05395, "loss": 1.07406224, "lr": 6.963e-05, "params": 5327, "time_iter": 0.06944, "accuracy": 0.43733, "f1": 0.42209, "auc": 0.60264}
{"epoch": 84, "time_epoch": 12.89491, "eta": 182.22105, "eta_hours": 0.05062, "loss": 1.07853046, "lr": 6.185e-05, "params": 5327, "time_iter": 0.06859, "accuracy": 0.44533, "f1": 0.43632, "auc": 0.58684}
{"epoch": 85, "time_epoch": 12.50487, "eta": 170.13107, "eta_hours": 0.04726, "loss": 1.06747548, "lr": 5.45e-05, "params": 5327, "time_iter": 0.06652, "accuracy": 0.41733, "f1": 0.40623, "auc": 0.60968}
{"epoch": 86, "time_epoch": 12.39155, "eta": 158.01461, "eta_hours": 0.04389, "loss": 1.06440806, "lr": 4.759e-05, "params": 5327, "time_iter": 0.06591, "accuracy": 0.44267, "f1": 0.4297, "auc": 0.61726}
{"epoch": 87, "time_epoch": 12.40386, "eta": 145.89358, "eta_hours": 0.04053, "loss": 1.06621519, "lr": 4.112e-05, "params": 5327, "time_iter": 0.06598, "accuracy": 0.42267, "f1": 0.40947, "auc": 0.61257}
{"epoch": 88, "time_epoch": 12.33378, "eta": 133.75753, "eta_hours": 0.03715, "loss": 1.06747837, "lr": 3.511e-05, "params": 5327, "time_iter": 0.06561, "accuracy": 0.42667, "f1": 0.41198, "auc": 0.61125}
{"epoch": 89, "time_epoch": 12.27323, "eta": 121.61036, "eta_hours": 0.03378, "loss": 1.07002143, "lr": 2.956e-05, "params": 5327, "time_iter": 0.06528, "accuracy": 0.43067, "f1": 0.41227, "auc": 0.60376}
{"epoch": 90, "time_epoch": 12.36978, "eta": 109.46997, "eta_hours": 0.03041, "loss": 1.0733757, "lr": 2.447e-05, "params": 5327, "time_iter": 0.0658, "accuracy": 0.41867, "f1": 0.40511, "auc": 0.59594}
{"epoch": 91, "time_epoch": 12.35685, "eta": 97.32347, "eta_hours": 0.02703, "loss": 1.07347584, "lr": 1.985e-05, "params": 5327, "time_iter": 0.06573, "accuracy": 0.432, "f1": 0.42113, "auc": 0.59944}
{"epoch": 92, "time_epoch": 12.31089, "eta": 85.16898, "eta_hours": 0.02366, "loss": 1.07056803, "lr": 1.571e-05, "params": 5327, "time_iter": 0.06548, "accuracy": 0.44133, "f1": 0.42768, "auc": 0.60365}
{"epoch": 93, "time_epoch": 12.27137, "eta": 73.00865, "eta_hours": 0.02028, "loss": 1.06456895, "lr": 1.204e-05, "params": 5327, "time_iter": 0.06527, "accuracy": 0.43333, "f1": 0.41776, "auc": 0.6116}
{"epoch": 94, "time_epoch": 12.35216, "eta": 60.85023, "eta_hours": 0.0169, "loss": 1.07528781, "lr": 8.86e-06, "params": 5327, "time_iter": 0.0657, "accuracy": 0.42133, "f1": 0.40842, "auc": 0.59402}
{"epoch": 95, "time_epoch": 12.34665, "eta": 48.68754, "eta_hours": 0.01352, "loss": 1.07090144, "lr": 6.16e-06, "params": 5327, "time_iter": 0.06567, "accuracy": 0.42933, "f1": 0.41578, "auc": 0.60045}
{"epoch": 96, "time_epoch": 12.36042, "eta": 36.52149, "eta_hours": 0.01014, "loss": 1.07523005, "lr": 3.94e-06, "params": 5327, "time_iter": 0.06575, "accuracy": 0.408, "f1": 0.39342, "auc": 0.59084}
{"epoch": 97, "time_epoch": 12.31178, "eta": 24.35047, "eta_hours": 0.00676, "loss": 1.07857577, "lr": 2.22e-06, "params": 5327, "time_iter": 0.06549, "accuracy": 0.428, "f1": 0.41869, "auc": 0.58876}
{"epoch": 98, "time_epoch": 12.3461, "eta": 12.17696, "eta_hours": 0.00338, "loss": 1.06398862, "lr": 9.9e-07, "params": 5327, "time_iter": 0.06567, "accuracy": 0.436, "f1": 0.42164, "auc": 0.61528}
{"epoch": 99, "time_epoch": 12.32861, "eta": 0.0, "eta_hours": 0.0, "loss": 1.0692678, "lr": 2.5e-07, "params": 5327, "time_iter": 0.06558, "accuracy": 0.44133, "f1": 0.43016, "auc": 0.60322}
