{"epoch": 0, "time_epoch": 18.1503, "eta": 1796.88003, "eta_hours": 0.49913, "loss": 0.67296066, "lr": 0.001, "params": 3599, "time_iter": 0.51858, "accuracy": 0.60791, "precision": 0.0, "recall": 0.0, "f1": 0.0, "auc": 0.48446}
{"epoch": 1, "time_epoch": 18.18456, "eta": 1780.40841, "eta_hours": 0.49456, "loss": 0.67012137, "lr": 0.00099975, "params": 3599, "time_iter": 0.51956, "accuracy": 0.60791, "precision": 0.0, "recall": 0.0, "f1": 0.0, "auc": 0.50829}
{"epoch": 2, "time_epoch": 18.17275, "eta": 1762.41278, "eta_hours": 0.48956, "loss": 0.67013119, "lr": 0.00099901, "params": 3599, "time_iter": 0.51922, "accuracy": 0.60791, "precision": 0.0, "recall": 0.0, "f1": 0.0, "auc": 0.44516}
{"epoch": 3, "time_epoch": 18.19108, "eta": 1744.76865, "eta_hours": 0.48466, "loss": 0.66990348, "lr": 0.00099778, "params": 3599, "time_iter": 0.51975, "accuracy": 0.60791, "precision": 0.0, "recall": 0.0, "f1": 0.0, "auc": 0.47668}
{"epoch": 4, "time_epoch": 18.13508, "eta": 1725.84167, "eta_hours": 0.4794, "loss": 0.66992669, "lr": 0.00099606, "params": 3599, "time_iter": 0.51815, "accuracy": 0.60791, "precision": 0.0, "recall": 0.0, "f1": 0.0, "auc": 0.46306}
{"epoch": 5, "time_epoch": 18.117, "eta": 1706.89536, "eta_hours": 0.47414, "loss": 0.66981638, "lr": 0.00099384, "params": 3599, "time_iter": 0.51763, "accuracy": 0.60791, "precision": 0.0, "recall": 0.0, "f1": 0.0, "auc": 0.47324}
{"epoch": 6, "time_epoch": 18.11389, "eta": 1688.14467, "eta_hours": 0.46893, "loss": 0.67010344, "lr": 0.00099114, "params": 3599, "time_iter": 0.51754, "accuracy": 0.60791, "precision": 0.0, "recall": 0.0, "f1": 0.0, "auc": 0.44563}
{"epoch": 7, "time_epoch": 18.19551, "eta": 1670.49184, "eta_hours": 0.46403, "loss": 0.6698715, "lr": 0.00098796, "params": 3599, "time_iter": 0.51987, "accuracy": 0.60791, "precision": 0.0, "recall": 0.0, "f1": 0.0, "auc": 0.4385}
{"epoch": 8, "time_epoch": 18.19879, "eta": 1652.7516, "eta_hours": 0.4591, "loss": 0.67005279, "lr": 0.00098429, "params": 3599, "time_iter": 0.51997, "accuracy": 0.60791, "precision": 0.0, "recall": 0.0, "f1": 0.0, "auc": 0.45756}
{"epoch": 9, "time_epoch": 18.19252, "eta": 1634.8632, "eta_hours": 0.45413, "loss": 0.67003818, "lr": 0.00098015, "params": 3599, "time_iter": 0.51979, "accuracy": 0.60791, "precision": 0.0, "recall": 0.0, "f1": 0.0, "auc": 0.44801}
{"epoch": 10, "time_epoch": 18.20082, "eta": 1616.98667, "eta_hours": 0.44916, "loss": 0.66992705, "lr": 0.00097553, "params": 3599, "time_iter": 0.52002, "accuracy": 0.60791, "precision": 0.0, "recall": 0.0, "f1": 0.0, "auc": 0.46441}
{"epoch": 11, "time_epoch": 18.22634, "eta": 1599.24322, "eta_hours": 0.44423, "loss": 0.66985858, "lr": 0.00097044, "params": 3599, "time_iter": 0.52075, "accuracy": 0.60791, "precision": 0.0, "recall": 0.0, "f1": 0.0, "auc": 0.44757}
{"epoch": 12, "time_epoch": 18.19913, "eta": 1581.24339, "eta_hours": 0.43923, "loss": 0.66990352, "lr": 0.00096489, "params": 3599, "time_iter": 0.51998, "accuracy": 0.60791, "precision": 0.0, "recall": 0.0, "f1": 0.0, "auc": 0.46782}
{"epoch": 13, "time_epoch": 18.17616, "eta": 1563.07403, "eta_hours": 0.43419, "loss": 0.66985897, "lr": 0.00095888, "params": 3599, "time_iter": 0.51932, "accuracy": 0.60791, "precision": 0.0, "recall": 0.0, "f1": 0.0, "auc": 0.41896}
{"epoch": 14, "time_epoch": 18.19783, "eta": 1545.02651, "eta_hours": 0.42917, "loss": 0.66981841, "lr": 0.00095241, "params": 3599, "time_iter": 0.51994, "accuracy": 0.60791, "precision": 0.0, "recall": 0.0, "f1": 0.0, "auc": 0.44352}
{"epoch": 15, "time_epoch": 18.17496, "eta": 1526.84013, "eta_hours": 0.42412, "loss": 0.67003108, "lr": 0.0009455, "params": 3599, "time_iter": 0.51928, "accuracy": 0.60791, "precision": 0.0, "recall": 0.0, "f1": 0.0, "auc": 0.4459}
{"epoch": 16, "time_epoch": 18.1969, "eta": 1508.76223, "eta_hours": 0.4191, "loss": 0.66975852, "lr": 0.00093815, "params": 3599, "time_iter": 0.51991, "accuracy": 0.60791, "precision": 0.0, "recall": 0.0, "f1": 0.0, "auc": 0.47923}
{"epoch": 17, "time_epoch": 18.1799, "eta": 1490.59367, "eta_hours": 0.41405, "loss": 0.6698424, "lr": 0.00093037, "params": 3599, "time_iter": 0.51943, "accuracy": 0.60791, "precision": 0.0, "recall": 0.0, "f1": 0.0, "auc": 0.44288}
{"epoch": 18, "time_epoch": 18.17725, "eta": 1472.41261, "eta_hours": 0.409, "loss": 0.66978979, "lr": 0.00092216, "params": 3599, "time_iter": 0.51935, "accuracy": 0.60791, "precision": 0.0, "recall": 0.0, "f1": 0.0, "auc": 0.45997}
{"epoch": 19, "time_epoch": 18.22256, "eta": 1454.41319, "eta_hours": 0.404, "loss": 0.67008169, "lr": 0.00091354, "params": 3599, "time_iter": 0.52064, "accuracy": 0.60791, "precision": 0.0, "recall": 0.0, "f1": 0.0, "auc": 0.42334}
{"epoch": 20, "time_epoch": 18.15378, "eta": 1436.13376, "eta_hours": 0.39893, "loss": 0.66987863, "lr": 0.00090451, "params": 3599, "time_iter": 0.51868, "accuracy": 0.60791, "precision": 0.0, "recall": 0.0, "f1": 0.0, "auc": 0.4578}
{"epoch": 21, "time_epoch": 18.23484, "eta": 1418.15315, "eta_hours": 0.39393, "loss": 0.67024191, "lr": 0.00089508, "params": 3599, "time_iter": 0.521, "accuracy": 0.60791, "precision": 0.0, "recall": 0.0, "f1": 0.0, "auc": 0.41419}
{"epoch": 22, "time_epoch": 18.23398, "eta": 1400.14757, "eta_hours": 0.38893, "loss": 0.66990388, "lr": 0.00088526, "params": 3599, "time_iter": 0.52097, "accuracy": 0.60791, "precision": 0.0, "recall": 0.0, "f1": 0.0, "auc": 0.46222}
{"epoch": 23, "time_epoch": 18.16216, "eta": 1381.89551, "eta_hours": 0.38386, "loss": 0.66984208, "lr": 0.00087506, "params": 3599, "time_iter": 0.51892, "accuracy": 0.60791, "precision": 0.0, "recall": 0.0, "f1": 0.0, "auc": 0.43477}
{"epoch": 24, "time_epoch": 18.1016, "eta": 1363.46896, "eta_hours": 0.37874, "loss": 0.6698617, "lr": 0.00086448, "params": 3599, "time_iter": 0.51719, "accuracy": 0.60791, "precision": 0.0, "recall": 0.0, "f1": 0.0, "auc": 0.43573}
{"epoch": 25, "time_epoch": 18.1571, "eta": 1345.22537, "eta_hours": 0.37367, "loss": 0.66990277, "lr": 0.00085355, "params": 3599, "time_iter": 0.51877, "accuracy": 0.60791, "precision": 0.0, "recall": 0.0, "f1": 0.0, "auc": 0.43157}
{"epoch": 26, "time_epoch": 18.15377, "eta": 1326.97919, "eta_hours": 0.36861, "loss": 0.66991116, "lr": 0.00084227, "params": 3599, "time_iter": 0.51868, "accuracy": 0.60791, "precision": 0.0, "recall": 0.0, "f1": 0.0, "auc": 0.45048}
{"epoch": 27, "time_epoch": 18.26464, "eta": 1309.02471, "eta_hours": 0.36362, "loss": 0.66977715, "lr": 0.00083066, "params": 3599, "time_iter": 0.52185, "accuracy": 0.60791, "precision": 0.0, "recall": 0.0, "f1": 0.0, "auc": 0.46322}
{"epoch": 28, "time_epoch": 24.50785, "eta": 1306.33393, "eta_hours": 0.36287, "loss": 0.6697559, "lr": 0.00081871, "params": 3599, "time_iter": 0.70022, "accuracy": 0.60791, "precision": 0.0, "recall": 0.0, "f1": 0.0, "auc": 0.46674}
{"epoch": 29, "time_epoch": 25.35565, "eta": 1304.16689, "eta_hours": 0.36227, "loss": 0.66985091, "lr": 0.00080645, "params": 3599, "time_iter": 0.72445, "accuracy": 0.60791, "precision": 0.0, "recall": 0.0, "f1": 0.0, "auc": 0.45817}
{"epoch": 30, "time_epoch": 25.36024, "eta": 1300.51401, "eta_hours": 0.36125, "loss": 0.66973427, "lr": 0.00079389, "params": 3599, "time_iter": 0.72458, "accuracy": 0.60791, "precision": 0.0, "recall": 0.0, "f1": 0.0, "auc": 0.45553}
{"epoch": 31, "time_epoch": 25.36586, "eta": 1295.51637, "eta_hours": 0.35987, "loss": 0.66999038, "lr": 0.00078104, "params": 3599, "time_iter": 0.72474, "accuracy": 0.60791, "precision": 0.0, "recall": 0.0, "f1": 0.0, "auc": 0.42848}
{"epoch": 32, "time_epoch": 25.41601, "eta": 1289.38612, "eta_hours": 0.35816, "loss": 0.66971173, "lr": 0.00076791, "params": 3599, "time_iter": 0.72617, "accuracy": 0.60791, "precision": 0.0, "recall": 0.0, "f1": 0.0, "auc": 0.4879}
{"epoch": 33, "time_epoch": 25.45648, "eta": 1282.19997, "eta_hours": 0.35617, "loss": 0.66977755, "lr": 0.00075452, "params": 3599, "time_iter": 0.72733, "accuracy": 0.60791, "precision": 0.0, "recall": 0.0, "f1": 0.0, "auc": 0.47875}
{"epoch": 34, "time_epoch": 25.4463, "eta": 1273.95089, "eta_hours": 0.35388, "loss": 0.66977685, "lr": 0.00074088, "params": 3599, "time_iter": 0.72704, "accuracy": 0.60791, "precision": 0.0, "recall": 0.0, "f1": 0.0, "auc": 0.48694}
{"epoch": 35, "time_epoch": 25.43539, "eta": 1264.72701, "eta_hours": 0.35131, "loss": 0.66995931, "lr": 0.000727, "params": 3599, "time_iter": 0.72673, "accuracy": 0.60791, "precision": 0.0, "recall": 0.0, "f1": 0.0, "auc": 0.4732}
{"epoch": 36, "time_epoch": 25.35694, "eta": 1254.49327, "eta_hours": 0.34847, "loss": 0.67041584, "lr": 0.00071289, "params": 3599, "time_iter": 0.72448, "accuracy": 0.60791, "precision": 0.0, "recall": 0.0, "f1": 0.0, "auc": 0.45681}
{"epoch": 37, "time_epoch": 25.42736, "eta": 1243.57845, "eta_hours": 0.34544, "loss": 0.66967354, "lr": 0.00069857, "params": 3599, "time_iter": 0.7265, "accuracy": 0.60791, "precision": 0.0, "recall": 0.0, "f1": 0.0, "auc": 0.49959}
{"epoch": 38, "time_epoch": 25.35774, "eta": 1231.81051, "eta_hours": 0.34217, "loss": 0.66995982, "lr": 0.00068406, "params": 3599, "time_iter": 0.72451, "accuracy": 0.60791, "precision": 0.0, "recall": 0.0, "f1": 0.0, "auc": 0.4391}
{"epoch": 39, "time_epoch": 25.35612, "eta": 1219.36066, "eta_hours": 0.33871, "loss": 0.66973567, "lr": 0.00066937, "params": 3599, "time_iter": 0.72446, "accuracy": 0.60791, "precision": 0.0, "recall": 0.0, "f1": 0.0, "auc": 0.4676}
{"epoch": 40, "time_epoch": 25.41682, "eta": 1206.36858, "eta_hours": 0.3351, "loss": 0.66972701, "lr": 0.00065451, "params": 3599, "time_iter": 0.72619, "accuracy": 0.60791, "precision": 0.0, "recall": 0.0, "f1": 0.0, "auc": 0.44993}
{"epoch": 41, "time_epoch": 25.41013, "eta": 1192.77561, "eta_hours": 0.33133, "loss": 0.66970914, "lr": 0.0006395, "params": 3599, "time_iter": 0.726, "accuracy": 0.60791, "precision": 0.0, "recall": 0.0, "f1": 0.0, "auc": 0.46781}
{"epoch": 42, "time_epoch": 25.38949, "eta": 1178.60563, "eta_hours": 0.32739, "loss": 0.66979149, "lr": 0.00062434, "params": 3599, "time_iter": 0.72541, "accuracy": 0.60791, "precision": 0.0, "recall": 0.0, "f1": 0.0, "auc": 0.44456}
{"epoch": 43, "time_epoch": 25.35992, "eta": 1163.88804, "eta_hours": 0.3233, "loss": 0.66976276, "lr": 0.00060907, "params": 3599, "time_iter": 0.72457, "accuracy": 0.60791, "precision": 0.0, "recall": 0.0, "f1": 0.0, "auc": 0.44655}
{"epoch": 44, "time_epoch": 25.41805, "eta": 1148.76852, "eta_hours": 0.3191, "loss": 0.66978256, "lr": 0.00059369, "params": 3599, "time_iter": 0.72623, "accuracy": 0.60791, "precision": 0.0, "recall": 0.0, "f1": 0.0, "auc": 0.473}
{"epoch": 45, "time_epoch": 25.3769, "eta": 1133.15292, "eta_hours": 0.31476, "loss": 0.66988822, "lr": 0.00057822, "params": 3599, "time_iter": 0.72505, "accuracy": 0.60791, "precision": 0.0, "recall": 0.0, "f1": 0.0, "auc": 0.4603}
{"epoch": 46, "time_epoch": 25.4287, "eta": 1117.18036, "eta_hours": 0.31033, "loss": 0.6696751, "lr": 0.00056267, "params": 3599, "time_iter": 0.72653, "accuracy": 0.60791, "precision": 0.0, "recall": 0.0, "f1": 0.0, "auc": 0.50191}
{"epoch": 47, "time_epoch": 25.42288, "eta": 1100.80749, "eta_hours": 0.30578, "loss": 0.66974227, "lr": 0.00054705, "params": 3599, "time_iter": 0.72637, "accuracy": 0.60791, "precision": 0.0, "recall": 0.0, "f1": 0.0, "auc": 0.46901}
{"epoch": 48, "time_epoch": 25.33598, "eta": 1083.97478, "eta_hours": 0.3011, "loss": 0.66976555, "lr": 0.0005314, "params": 3599, "time_iter": 0.72389, "accuracy": 0.60791, "precision": 0.0, "recall": 0.0, "f1": 0.0, "auc": 0.46278}
{"epoch": 49, "time_epoch": 25.36451, "eta": 1066.83048, "eta_hours": 0.29634, "loss": 0.66976711, "lr": 0.00051571, "params": 3599, "time_iter": 0.7247, "accuracy": 0.60791, "precision": 0.0, "recall": 0.0, "f1": 0.0, "auc": 0.45597}
{"epoch": 50, "time_epoch": 25.36307, "eta": 1049.36242, "eta_hours": 0.29149, "loss": 0.66966165, "lr": 0.0005, "params": 3599, "time_iter": 0.72466, "accuracy": 0.60791, "precision": 0.0, "recall": 0.0, "f1": 0.0, "auc": 0.49988}
{"epoch": 51, "time_epoch": 25.43217, "eta": 1031.65451, "eta_hours": 0.28657, "loss": 0.66970875, "lr": 0.00048429, "params": 3599, "time_iter": 0.72663, "accuracy": 0.60791, "precision": 0.0, "recall": 0.0, "f1": 0.0, "auc": 0.49091}
{"epoch": 52, "time_epoch": 25.41795, "eta": 1013.6425, "eta_hours": 0.28157, "loss": 0.66979661, "lr": 0.0004686, "params": 3599, "time_iter": 0.72623, "accuracy": 0.60791, "precision": 0.0, "recall": 0.0, "f1": 0.0, "auc": 0.46888}
{"epoch": 53, "time_epoch": 25.41895, "eta": 995.35704, "eta_hours": 0.27649, "loss": 0.66964556, "lr": 0.00045295, "params": 3599, "time_iter": 0.72626, "accuracy": 0.60791, "precision": 0.0, "recall": 0.0, "f1": 0.0, "auc": 0.50176}
{"epoch": 54, "time_epoch": 25.40544, "eta": 976.80113, "eta_hours": 0.27133, "loss": 0.66963585, "lr": 0.00043733, "params": 3599, "time_iter": 0.72587, "accuracy": 0.60791, "precision": 0.0, "recall": 0.0, "f1": 0.0, "auc": 0.50843}
{"epoch": 55, "time_epoch": 25.40593, "eta": 958.00098, "eta_hours": 0.26611, "loss": 0.66958145, "lr": 0.00042178, "params": 3599, "time_iter": 0.72588, "accuracy": 0.60791, "precision": 0.0, "recall": 0.0, "f1": 0.0, "auc": 0.52356}
{"epoch": 56, "time_epoch": 25.41411, "eta": 938.97523, "eta_hours": 0.26083, "loss": 0.66963784, "lr": 0.00040631, "params": 3599, "time_iter": 0.72612, "accuracy": 0.60791, "precision": 0.0, "recall": 0.0, "f1": 0.0, "auc": 0.50366}
{"epoch": 57, "time_epoch": 25.35414, "eta": 919.68575, "eta_hours": 0.25547, "loss": 0.66985391, "lr": 0.00039093, "params": 3599, "time_iter": 0.7244, "accuracy": 0.60791, "precision": 0.0, "recall": 0.0, "f1": 0.0, "auc": 0.44538}
{"epoch": 58, "time_epoch": 25.42793, "eta": 900.24198, "eta_hours": 0.25007, "loss": 0.66972771, "lr": 0.00037566, "params": 3599, "time_iter": 0.72651, "accuracy": 0.60791, "precision": 0.0, "recall": 0.0, "f1": 0.0, "auc": 0.47926}
{"epoch": 59, "time_epoch": 25.34831, "eta": 880.54565, "eta_hours": 0.2446, "loss": 0.66973561, "lr": 0.0003605, "params": 3599, "time_iter": 0.72424, "accuracy": 0.60791, "precision": 0.0, "recall": 0.0, "f1": 0.0, "auc": 0.47705}
{"epoch": 60, "time_epoch": 25.3279, "eta": 860.65096, "eta_hours": 0.23907, "loss": 0.66972707, "lr": 0.00034549, "params": 3599, "time_iter": 0.72365, "accuracy": 0.60791, "precision": 0.0, "recall": 0.0, "f1": 0.0, "auc": 0.47297}
{"epoch": 61, "time_epoch": 25.44762, "eta": 840.65439, "eta_hours": 0.23352, "loss": 0.66970392, "lr": 0.00033063, "params": 3599, "time_iter": 0.72707, "accuracy": 0.60791, "precision": 0.0, "recall": 0.0, "f1": 0.0, "auc": 0.46294}
{"epoch": 62, "time_epoch": 25.40897, "eta": 820.46206, "eta_hours": 0.22791, "loss": 0.66962679, "lr": 0.00031594, "params": 3599, "time_iter": 0.72597, "accuracy": 0.60791, "precision": 0.0, "recall": 0.0, "f1": 0.0, "auc": 0.50653}
{"epoch": 63, "time_epoch": 25.3529, "eta": 800.07518, "eta_hours": 0.22224, "loss": 0.66959072, "lr": 0.00030143, "params": 3599, "time_iter": 0.72437, "accuracy": 0.60791, "precision": 0.0, "recall": 0.0, "f1": 0.0, "auc": 0.50753}
{"epoch": 64, "time_epoch": 25.42392, "eta": 779.57374, "eta_hours": 0.21655, "loss": 0.66959547, "lr": 0.00028711, "params": 3599, "time_iter": 0.7264, "accuracy": 0.60791, "precision": 0.0, "recall": 0.0, "f1": 0.0, "auc": 0.51338}
{"epoch": 65, "time_epoch": 25.42527, "eta": 758.92382, "eta_hours": 0.21081, "loss": 0.66947327, "lr": 0.000273, "params": 3599, "time_iter": 0.72644, "accuracy": 0.60791, "precision": 0.0, "recall": 0.0, "f1": 0.0, "auc": 0.5454}
{"epoch": 66, "time_epoch": 25.36618, "eta": 738.10226, "eta_hours": 0.20503, "loss": 0.66996008, "lr": 0.00025912, "params": 3599, "time_iter": 0.72475, "accuracy": 0.60791, "precision": 0.0, "recall": 0.0, "f1": 0.0, "auc": 0.45068}
{"epoch": 67, "time_epoch": 25.29329, "eta": 717.11272, "eta_hours": 0.1992, "loss": 0.66968071, "lr": 0.00024548, "params": 3599, "time_iter": 0.72267, "accuracy": 0.60791, "precision": 0.0, "recall": 0.0, "f1": 0.0, "auc": 0.48342}
{"epoch": 68, "time_epoch": 25.46269, "eta": 696.07455, "eta_hours": 0.19335, "loss": 0.66972432, "lr": 0.00023209, "params": 3599, "time_iter": 0.72751, "accuracy": 0.60791, "precision": 0.0, "recall": 0.0, "f1": 0.0, "auc": 0.47283}
{"epoch": 69, "time_epoch": 25.37606, "eta": 674.87283, "eta_hours": 0.18746, "loss": 0.66960392, "lr": 0.00021896, "params": 3599, "time_iter": 0.72503, "accuracy": 0.60791, "precision": 0.0, "recall": 0.0, "f1": 0.0, "auc": 0.50669}
{"epoch": 70, "time_epoch": 25.36707, "eta": 653.54986, "eta_hours": 0.18154, "loss": 0.66946054, "lr": 0.00020611, "params": 3599, "time_iter": 0.72477, "accuracy": 0.60791, "precision": 0.0, "recall": 0.0, "f1": 0.0, "auc": 0.54612}
{"epoch": 71, "time_epoch": 25.36913, "eta": 632.11535, "eta_hours": 0.17559, "loss": 0.6695902, "lr": 0.00019355, "params": 3599, "time_iter": 0.72483, "accuracy": 0.60791, "precision": 0.0, "recall": 0.0, "f1": 0.0, "auc": 0.50411}
{"epoch": 72, "time_epoch": 25.44956, "eta": 610.60279, "eta_hours": 0.16961, "loss": 0.66944329, "lr": 0.00018129, "params": 3599, "time_iter": 0.72713, "accuracy": 0.60791, "precision": 0.0, "recall": 0.0, "f1": 0.0, "auc": 0.54846}
{"epoch": 73, "time_epoch": 25.39478, "eta": 588.96459, "eta_hours": 0.1636, "loss": 0.66944641, "lr": 0.00016934, "params": 3599, "time_iter": 0.72557, "accuracy": 0.60791, "precision": 0.0, "recall": 0.0, "f1": 0.0, "auc": 0.58631}
{"epoch": 74, "time_epoch": 25.40821, "eta": 567.23068, "eta_hours": 0.15756, "loss": 0.66939473, "lr": 0.00015773, "params": 3599, "time_iter": 0.72595, "accuracy": 0.60791, "precision": 0.0, "recall": 0.0, "f1": 0.0, "auc": 0.55395}
{"epoch": 75, "time_epoch": 25.40135, "eta": 545.39791, "eta_hours": 0.1515, "loss": 0.66935412, "lr": 0.00014645, "params": 3599, "time_iter": 0.72575, "accuracy": 0.60791, "precision": 0.0, "recall": 0.0, "f1": 0.0, "auc": 0.56411}
{"epoch": 76, "time_epoch": 25.41252, "eta": 523.47579, "eta_hours": 0.14541, "loss": 0.66939162, "lr": 0.00013552, "params": 3599, "time_iter": 0.72607, "accuracy": 0.60791, "precision": 0.0, "recall": 0.0, "f1": 0.0, "auc": 0.52773}
{"epoch": 77, "time_epoch": 25.34374, "eta": 501.44477, "eta_hours": 0.13929, "loss": 0.66916594, "lr": 0.00012494, "params": 3599, "time_iter": 0.72411, "accuracy": 0.60791, "precision": 0.0, "recall": 0.0, "f1": 0.0, "auc": 0.61033}
{"epoch": 78, "time_epoch": 25.43252, "eta": 479.35349, "eta_hours": 0.13315, "loss": 0.66918986, "lr": 0.00011474, "params": 3599, "time_iter": 0.72664, "accuracy": 0.60791, "precision": 0.0, "recall": 0.0, "f1": 0.0, "auc": 0.55757}
{"epoch": 79, "time_epoch": 25.36818, "eta": 457.16259, "eta_hours": 0.12699, "loss": 0.66894713, "lr": 0.00010492, "params": 3599, "time_iter": 0.72481, "accuracy": 0.60791, "precision": 0.0, "recall": 0.0, "f1": 0.0, "auc": 0.62329}
{"epoch": 80, "time_epoch": 25.38334, "eta": 434.89679, "eta_hours": 0.1208, "loss": 0.6689429, "lr": 9.549e-05, "params": 3599, "time_iter": 0.72524, "accuracy": 0.60791, "precision": 0.0, "recall": 0.0, "f1": 0.0, "auc": 0.60007}
{"epoch": 81, "time_epoch": 25.36368, "eta": 412.55064, "eta_hours": 0.1146, "loss": 0.66915175, "lr": 8.646e-05, "params": 3599, "time_iter": 0.72468, "accuracy": 0.60791, "precision": 0.0, "recall": 0.0, "f1": 0.0, "auc": 0.57099}
{"epoch": 82, "time_epoch": 25.29506, "eta": 390.11773, "eta_hours": 0.10837, "loss": 0.66878157, "lr": 7.784e-05, "params": 3599, "time_iter": 0.72272, "accuracy": 0.60791, "precision": 0.0, "recall": 0.0, "f1": 0.0, "auc": 0.59839}
{"epoch": 83, "time_epoch": 25.40646, "eta": 367.63788, "eta_hours": 0.10212, "loss": 0.66879526, "lr": 6.963e-05, "params": 3599, "time_iter": 0.7259, "accuracy": 0.60791, "precision": 0.0, "recall": 0.0, "f1": 0.0, "auc": 0.57956}
{"epoch": 84, "time_epoch": 25.36485, "eta": 345.08184, "eta_hours": 0.09586, "loss": 0.66827249, "lr": 6.185e-05, "params": 3599, "time_iter": 0.72471, "accuracy": 0.60791, "precision": 0.0, "recall": 0.0, "f1": 0.0, "auc": 0.64348}
{"epoch": 85, "time_epoch": 25.35706, "eta": 322.4592, "eta_hours": 0.08957, "loss": 0.66874083, "lr": 5.45e-05, "params": 3599, "time_iter": 0.72449, "accuracy": 0.60791, "precision": 0.0, "recall": 0.0, "f1": 0.0, "auc": 0.56558}
{"epoch": 86, "time_epoch": 25.43091, "eta": 299.78474, "eta_hours": 0.08327, "loss": 0.66801892, "lr": 4.759e-05, "params": 3599, "time_iter": 0.7266, "accuracy": 0.60791, "precision": 0.0, "recall": 0.0, "f1": 0.0, "auc": 0.64421}
{"epoch": 87, "time_epoch": 25.30675, "eta": 277.0307, "eta_hours": 0.07695, "loss": 0.66809723, "lr": 4.112e-05, "params": 3599, "time_iter": 0.72305, "accuracy": 0.60791, "precision": 0.0, "recall": 0.0, "f1": 0.0, "auc": 0.60188}
{"epoch": 88, "time_epoch": 25.31666, "eta": 254.22052, "eta_hours": 0.07062, "loss": 0.66774562, "lr": 3.511e-05, "params": 3599, "time_iter": 0.72333, "accuracy": 0.60791, "precision": 0.0, "recall": 0.0, "f1": 0.0, "auc": 0.62433}
{"epoch": 89, "time_epoch": 25.30793, "eta": 231.35367, "eta_hours": 0.06426, "loss": 0.66833043, "lr": 2.956e-05, "params": 3599, "time_iter": 0.72308, "accuracy": 0.60791, "precision": 0.0, "recall": 0.0, "f1": 0.0, "auc": 0.58562}
{"epoch": 90, "time_epoch": 25.32782, "eta": 208.43514, "eta_hours": 0.0579, "loss": 0.66812202, "lr": 2.447e-05, "params": 3599, "time_iter": 0.72365, "accuracy": 0.60791, "precision": 0.0, "recall": 0.0, "f1": 0.0, "auc": 0.58148}
{"epoch": 91, "time_epoch": 25.29594, "eta": 185.46146, "eta_hours": 0.05152, "loss": 0.66811315, "lr": 1.985e-05, "params": 3599, "time_iter": 0.72274, "accuracy": 0.60791, "precision": 0.0, "recall": 0.0, "f1": 0.0, "auc": 0.59339}
{"epoch": 92, "time_epoch": 25.28365, "eta": 162.43692, "eta_hours": 0.04512, "loss": 0.66803747, "lr": 1.571e-05, "params": 3599, "time_iter": 0.72239, "accuracy": 0.60791, "precision": 0.0, "recall": 0.0, "f1": 0.0, "auc": 0.58562}
{"epoch": 93, "time_epoch": 25.29259, "eta": 139.36487, "eta_hours": 0.03871, "loss": 0.66772465, "lr": 1.204e-05, "params": 3599, "time_iter": 0.72265, "accuracy": 0.60791, "precision": 0.0, "recall": 0.0, "f1": 0.0, "auc": 0.63216}
{"epoch": 94, "time_epoch": 25.36215, "eta": 116.24975, "eta_hours": 0.03229, "loss": 0.66748904, "lr": 8.86e-06, "params": 3599, "time_iter": 0.72463, "accuracy": 0.60791, "precision": 0.0, "recall": 0.0, "f1": 0.0, "auc": 0.62875}
{"epoch": 95, "time_epoch": 25.32263, "eta": 93.08616, "eta_hours": 0.02586, "loss": 0.66803116, "lr": 6.16e-06, "params": 3599, "time_iter": 0.7235, "accuracy": 0.60791, "precision": 0.0, "recall": 0.0, "f1": 0.0, "auc": 0.59}
{"epoch": 96, "time_epoch": 25.3605, "eta": 69.87923, "eta_hours": 0.01941, "loss": 0.66725412, "lr": 3.94e-06, "params": 3599, "time_iter": 0.72459, "accuracy": 0.60791, "precision": 0.0, "recall": 0.0, "f1": 0.0, "auc": 0.64416}
{"epoch": 97, "time_epoch": 25.38569, "eta": 46.62886, "eta_hours": 0.01295, "loss": 0.66805635, "lr": 2.22e-06, "params": 3599, "time_iter": 0.72531, "accuracy": 0.60791, "precision": 0.0, "recall": 0.0, "f1": 0.0, "auc": 0.57786}
{"epoch": 98, "time_epoch": 25.30036, "eta": 23.33449, "eta_hours": 0.00648, "loss": 0.6675032, "lr": 9.9e-07, "params": 3599, "time_iter": 0.72287, "accuracy": 0.60791, "precision": 0.0, "recall": 0.0, "f1": 0.0, "auc": 0.6128}
{"epoch": 99, "time_epoch": 25.31176, "eta": 0.0, "eta_hours": 0.0, "loss": 0.66728566, "lr": 2.5e-07, "params": 3599, "time_iter": 0.72319, "accuracy": 0.60791, "precision": 0.0, "recall": 0.0, "f1": 0.0, "auc": 0.6345}
