{"epoch": 0, "time_epoch": 20.85217, "eta": 2064.36471, "eta_hours": 0.57343, "loss": 0.69296991, "lr": 0.001, "params": 5289, "time_iter": 0.16682, "accuracy": 0.508, "precision": 0.50835, "recall": 0.8419, "f1": 0.63393, "auc": 0.5112}
{"epoch": 1, "time_epoch": 8.06393, "eta": 1416.88882, "eta_hours": 0.39358, "loss": 0.69197738, "lr": 0.00099975, "params": 5289, "time_iter": 0.06451, "accuracy": 0.554, "precision": 0.55068, "recall": 0.64427, "f1": 0.59381, "auc": 0.53547}
{"epoch": 2, "time_epoch": 8.07473, "eta": 1196.0368, "eta_hours": 0.33223, "loss": 0.68441719, "lr": 0.00099901, "params": 5289, "time_iter": 0.0646, "accuracy": 0.548, "precision": 0.55172, "recall": 0.56917, "f1": 0.56031, "auc": 0.58442}
{"epoch": 3, "time_epoch": 7.99894, "eta": 1079.75437, "eta_hours": 0.29993, "loss": 0.67576734, "lr": 0.00099778, "params": 5289, "time_iter": 0.06399, "accuracy": 0.556, "precision": 0.56327, "recall": 0.54545, "f1": 0.55422, "auc": 0.60391}
{"epoch": 4, "time_epoch": 8.03959, "eta": 1007.5577, "eta_hours": 0.27988, "loss": 0.65859431, "lr": 0.00099606, "params": 5289, "time_iter": 0.06432, "accuracy": 0.606, "precision": 0.63725, "recall": 0.51383, "f1": 0.56893, "auc": 0.64195}
{"epoch": 5, "time_epoch": 8.00159, "eta": 956.1515, "eta_hours": 0.2656, "loss": 0.6742068, "lr": 0.00099384, "params": 5289, "time_iter": 0.06401, "accuracy": 0.578, "precision": 0.60096, "recall": 0.49407, "f1": 0.5423, "auc": 0.60702}
{"epoch": 6, "time_epoch": 8.01754, "eta": 917.3584, "eta_hours": 0.25482, "loss": 0.66151196, "lr": 0.00099114, "params": 5289, "time_iter": 0.06414, "accuracy": 0.596, "precision": 0.62439, "recall": 0.50593, "f1": 0.55895, "auc": 0.62515}
{"epoch": 7, "time_epoch": 8.01955, "eta": 886.28232, "eta_hours": 0.24619, "loss": 0.66993693, "lr": 0.00098796, "params": 5289, "time_iter": 0.06416, "accuracy": 0.588, "precision": 0.61576, "recall": 0.49407, "f1": 0.54825, "auc": 0.63174}
{"epoch": 8, "time_epoch": 7.9838, "eta": 859.96848, "eta_hours": 0.23888, "loss": 0.66627939, "lr": 0.00098429, "params": 5289, "time_iter": 0.06387, "accuracy": 0.594, "precision": 0.61682, "recall": 0.52174, "f1": 0.56531, "auc": 0.62532}
{"epoch": 9, "time_epoch": 7.99701, "eta": 837.43954, "eta_hours": 0.23262, "loss": 0.6739423, "lr": 0.00098015, "params": 5289, "time_iter": 0.06398, "accuracy": 0.58, "precision": 0.60697, "recall": 0.48221, "f1": 0.53744, "auc": 0.60919}
{"epoch": 10, "time_epoch": 8.01734, "eta": 817.71729, "eta_hours": 0.22714, "loss": 0.66664955, "lr": 0.00097553, "params": 5289, "time_iter": 0.06414, "accuracy": 0.592, "precision": 0.60426, "recall": 0.56126, "f1": 0.58197, "auc": 0.62571}
{"epoch": 11, "time_epoch": 8.04155, "eta": 800.12337, "eta_hours": 0.22226, "loss": 0.66656675, "lr": 0.00097044, "params": 5289, "time_iter": 0.06433, "accuracy": 0.596, "precision": 0.62687, "recall": 0.49802, "f1": 0.55507, "auc": 0.6123}
{"epoch": 12, "time_epoch": 7.97426, "eta": 783.54869, "eta_hours": 0.21765, "loss": 0.66482731, "lr": 0.00096489, "params": 5289, "time_iter": 0.06379, "accuracy": 0.588, "precision": 0.62304, "recall": 0.47036, "f1": 0.53604, "auc": 0.61943}
{"epoch": 13, "time_epoch": 8.03108, "eta": 768.55169, "eta_hours": 0.21349, "loss": 0.68097112, "lr": 0.00095888, "params": 5289, "time_iter": 0.06425, "accuracy": 0.57, "precision": 0.59896, "recall": 0.45455, "f1": 0.51685, "auc": 0.59042}
{"epoch": 14, "time_epoch": 7.98592, "eta": 754.22758, "eta_hours": 0.20951, "loss": 0.66144702, "lr": 0.00095241, "params": 5289, "time_iter": 0.06389, "accuracy": 0.602, "precision": 0.62857, "recall": 0.52174, "f1": 0.57019, "auc": 0.64376}
{"epoch": 15, "time_epoch": 8.02679, "eta": 740.91033, "eta_hours": 0.20581, "loss": 0.65457276, "lr": 0.0009455, "params": 5289, "time_iter": 0.06421, "accuracy": 0.616, "precision": 0.66851, "recall": 0.47826, "f1": 0.5576, "auc": 0.65077}
{"epoch": 16, "time_epoch": 8.05001, "eta": 728.32883, "eta_hours": 0.20231, "loss": 0.66571507, "lr": 0.00093815, "params": 5289, "time_iter": 0.0644, "accuracy": 0.606, "precision": 0.64433, "recall": 0.49407, "f1": 0.55928, "auc": 0.62099}
{"epoch": 17, "time_epoch": 8.01205, "eta": 716.07792, "eta_hours": 0.19891, "loss": 0.64973829, "lr": 0.00093037, "params": 5289, "time_iter": 0.0641, "accuracy": 0.618, "precision": 0.65657, "recall": 0.51383, "f1": 0.5765, "auc": 0.64432}
{"epoch": 18, "time_epoch": 8.02036, "eta": 704.30864, "eta_hours": 0.19564, "loss": 0.67759018, "lr": 0.00092216, "params": 5289, "time_iter": 0.06416, "accuracy": 0.564, "precision": 0.58294, "recall": 0.48617, "f1": 0.53017, "auc": 0.58864}
{"epoch": 19, "time_epoch": 8.03274, "eta": 692.96377, "eta_hours": 0.19249, "loss": 0.66395715, "lr": 0.00091354, "params": 5289, "time_iter": 0.06426, "accuracy": 0.596, "precision": 0.64912, "recall": 0.43874, "f1": 0.52358, "auc": 0.63201}
{"epoch": 20, "time_epoch": 8.03054, "eta": 681.92607, "eta_hours": 0.18942, "loss": 0.66810033, "lr": 0.00090451, "params": 5289, "time_iter": 0.06424, "accuracy": 0.584, "precision": 0.61194, "recall": 0.48617, "f1": 0.54185, "auc": 0.61398}
{"epoch": 21, "time_epoch": 8.02096, "eta": 671.12776, "eta_hours": 0.18642, "loss": 0.65124831, "lr": 0.00089508, "params": 5289, "time_iter": 0.06417, "accuracy": 0.624, "precision": 0.66497, "recall": 0.51779, "f1": 0.58222, "auc": 0.65243}
{"epoch": 22, "time_epoch": 8.01216, "eta": 660.54149, "eta_hours": 0.18348, "loss": 0.66249431, "lr": 0.00088526, "params": 5289, "time_iter": 0.0641, "accuracy": 0.582, "precision": 0.60185, "recall": 0.51383, "f1": 0.55437, "auc": 0.62915}
{"epoch": 23, "time_epoch": 8.00395, "eta": 650.14374, "eta_hours": 0.1806, "loss": 0.68141752, "lr": 0.00087506, "params": 5289, "time_iter": 0.06403, "accuracy": 0.558, "precision": 0.57143, "recall": 0.50593, "f1": 0.53669, "auc": 0.58773}
{"epoch": 24, "time_epoch": 8.02494, "eta": 640.00047, "eta_hours": 0.17778, "loss": 0.66186679, "lr": 0.00086448, "params": 5289, "time_iter": 0.0642, "accuracy": 0.614, "precision": 0.64286, "recall": 0.5336, "f1": 0.58315, "auc": 0.64121}
{"epoch": 25, "time_epoch": 8.045, "eta": 630.07725, "eta_hours": 0.17502, "loss": 0.67059358, "lr": 0.00085355, "params": 5289, "time_iter": 0.06436, "accuracy": 0.588, "precision": 0.61137, "recall": 0.50988, "f1": 0.55603, "auc": 0.6125}
{"epoch": 26, "time_epoch": 8.0007, "eta": 620.17336, "eta_hours": 0.17227, "loss": 0.65032341, "lr": 0.00084227, "params": 5289, "time_iter": 0.06401, "accuracy": 0.63, "precision": 0.65596, "recall": 0.56522, "f1": 0.60722, "auc": 0.66306}
{"epoch": 27, "time_epoch": 8.05164, "eta": 610.53641, "eta_hours": 0.16959, "loss": 0.65758225, "lr": 0.00083066, "params": 5289, "time_iter": 0.06441, "accuracy": 0.616, "precision": 0.65327, "recall": 0.51383, "f1": 0.57522, "auc": 0.63769}
{"epoch": 28, "time_epoch": 8.0185, "eta": 600.92765, "eta_hours": 0.16692, "loss": 0.67189156, "lr": 0.00081871, "params": 5289, "time_iter": 0.06415, "accuracy": 0.59, "precision": 0.60169, "recall": 0.56126, "f1": 0.58078, "auc": 0.61446}
{"epoch": 29, "time_epoch": 8.04022, "eta": 591.4756, "eta_hours": 0.1643, "loss": 0.66259565, "lr": 0.00080645, "params": 5289, "time_iter": 0.06432, "accuracy": 0.614, "precision": 0.62821, "recall": 0.58103, "f1": 0.6037, "auc": 0.64323}
{"epoch": 30, "time_epoch": 8.04396, "eta": 582.12296, "eta_hours": 0.1617, "loss": 0.66551211, "lr": 0.00079389, "params": 5289, "time_iter": 0.06435, "accuracy": 0.596, "precision": 0.62201, "recall": 0.51383, "f1": 0.56277, "auc": 0.62716}
{"epoch": 31, "time_epoch": 7.97664, "eta": 572.70905, "eta_hours": 0.15909, "loss": 0.65955357, "lr": 0.00078104, "params": 5289, "time_iter": 0.06381, "accuracy": 0.622, "precision": 0.64545, "recall": 0.56126, "f1": 0.60042, "auc": 0.6414}
{"epoch": 32, "time_epoch": 8.03368, "eta": 563.49806, "eta_hours": 0.15653, "loss": 0.6577495, "lr": 0.00076791, "params": 5289, "time_iter": 0.06427, "accuracy": 0.596, "precision": 0.61039, "recall": 0.55731, "f1": 0.58264, "auc": 0.63604}
{"epoch": 33, "time_epoch": 8.03989, "eta": 554.36839, "eta_hours": 0.15399, "loss": 0.67008455, "lr": 0.00075452, "params": 5289, "time_iter": 0.06432, "accuracy": 0.612, "precision": 0.63229, "recall": 0.55731, "f1": 0.59244, "auc": 0.61452}
{"epoch": 34, "time_epoch": 8.04119, "eta": 545.3034, "eta_hours": 0.15147, "loss": 0.65742906, "lr": 0.00074088, "params": 5289, "time_iter": 0.06433, "accuracy": 0.616, "precision": 0.64593, "recall": 0.5336, "f1": 0.58442, "auc": 0.63864}
{"epoch": 35, "time_epoch": 7.98355, "eta": 536.19281, "eta_hours": 0.14894, "loss": 0.65710143, "lr": 0.000727, "params": 5289, "time_iter": 0.06387, "accuracy": 0.618, "precision": 0.65657, "recall": 0.51383, "f1": 0.5765, "auc": 0.64637}
{"epoch": 36, "time_epoch": 8.06627, "eta": 527.28399, "eta_hours": 0.14647, "loss": 0.66612146, "lr": 0.00071289, "params": 5289, "time_iter": 0.06453, "accuracy": 0.564, "precision": 0.57709, "recall": 0.51779, "f1": 0.54583, "auc": 0.62126}
{"epoch": 37, "time_epoch": 8.03378, "eta": 518.3665, "eta_hours": 0.14399, "loss": 0.63828312, "lr": 0.00069857, "params": 5289, "time_iter": 0.06427, "accuracy": 0.648, "precision": 0.68075, "recall": 0.57312, "f1": 0.62232, "auc": 0.68317}
{"epoch": 38, "time_epoch": 8.0298, "eta": 509.48811, "eta_hours": 0.14152, "loss": 0.67178402, "lr": 0.00068406, "params": 5289, "time_iter": 0.06424, "accuracy": 0.6, "precision": 0.62212, "recall": 0.5336, "f1": 0.57447, "auc": 0.62729}
{"epoch": 39, "time_epoch": 8.04435, "eta": 500.67397, "eta_hours": 0.13908, "loss": 0.65369714, "lr": 0.00066937, "params": 5289, "time_iter": 0.06435, "accuracy": 0.614, "precision": 0.63274, "recall": 0.56522, "f1": 0.59708, "auc": 0.65621}
{"epoch": 40, "time_epoch": 8.05905, "eta": 491.91854, "eta_hours": 0.13664, "loss": 0.67553728, "lr": 0.00065451, "params": 5289, "time_iter": 0.06447, "accuracy": 0.564, "precision": 0.57085, "recall": 0.55731, "f1": 0.564, "auc": 0.60793}
{"epoch": 41, "time_epoch": 8.05416, "eta": 483.18952, "eta_hours": 0.13422, "loss": 0.6655684, "lr": 0.0006395, "params": 5289, "time_iter": 0.06443, "accuracy": 0.598, "precision": 0.61607, "recall": 0.54545, "f1": 0.57862, "auc": 0.62123}
{"epoch": 42, "time_epoch": 8.04549, "eta": 474.48038, "eta_hours": 0.1318, "loss": 0.6629261, "lr": 0.00062434, "params": 5289, "time_iter": 0.06436, "accuracy": 0.608, "precision": 0.63902, "recall": 0.51779, "f1": 0.57205, "auc": 0.62715}
{"epoch": 43, "time_epoch": 7.9911, "eta": 465.7322, "eta_hours": 0.12937, "loss": 0.66784844, "lr": 0.00060907, "params": 5289, "time_iter": 0.06393, "accuracy": 0.606, "precision": 0.61864, "recall": 0.57708, "f1": 0.59714, "auc": 0.62372}
{"epoch": 44, "time_epoch": 7.98981, "eta": 457.01609, "eta_hours": 0.12695, "loss": 0.66655377, "lr": 0.00059369, "params": 5289, "time_iter": 0.06392, "accuracy": 0.588, "precision": 0.60173, "recall": 0.54941, "f1": 0.57438, "auc": 0.62905}
{"epoch": 45, "time_epoch": 8.0571, "eta": 448.41055, "eta_hours": 0.12456, "loss": 0.66429248, "lr": 0.00057822, "params": 5289, "time_iter": 0.06446, "accuracy": 0.606, "precision": 0.61966, "recall": 0.57312, "f1": 0.59548, "auc": 0.64345}
{"epoch": 46, "time_epoch": 8.00343, "eta": 439.76783, "eta_hours": 0.12216, "loss": 0.65315158, "lr": 0.00056267, "params": 5289, "time_iter": 0.06403, "accuracy": 0.61, "precision": 0.625, "recall": 0.57312, "f1": 0.59794, "auc": 0.65433}
{"epoch": 47, "time_epoch": 7.9753, "eta": 431.12126, "eta_hours": 0.11976, "loss": 0.66411834, "lr": 0.00054705, "params": 5289, "time_iter": 0.0638, "accuracy": 0.58, "precision": 0.59389, "recall": 0.53755, "f1": 0.56432, "auc": 0.62595}
{"epoch": 48, "time_epoch": 8.03898, "eta": 422.56837, "eta_hours": 0.11738, "loss": 0.6694083, "lr": 0.0005314, "params": 5289, "time_iter": 0.06431, "accuracy": 0.596, "precision": 0.61538, "recall": 0.53755, "f1": 0.57384, "auc": 0.62439}
{"epoch": 49, "time_epoch": 8.03502, "eta": 414.03208, "eta_hours": 0.11501, "loss": 0.65931559, "lr": 0.00051571, "params": 5289, "time_iter": 0.06428, "accuracy": 0.592, "precision": 0.60338, "recall": 0.56522, "f1": 0.58367, "auc": 0.62278}
{"epoch": 50, "time_epoch": 8.04488, "eta": 405.52492, "eta_hours": 0.11265, "loss": 0.66308604, "lr": 0.0005, "params": 5289, "time_iter": 0.06436, "accuracy": 0.612, "precision": 0.63721, "recall": 0.5415, "f1": 0.58547, "auc": 0.63099}
{"epoch": 51, "time_epoch": 8.02038, "eta": 397.01292, "eta_hours": 0.11028, "loss": 0.66239737, "lr": 0.00048429, "params": 5289, "time_iter": 0.06416, "accuracy": 0.6, "precision": 0.61674, "recall": 0.55336, "f1": 0.58333, "auc": 0.63814}
{"epoch": 52, "time_epoch": 8.06323, "eta": 388.55748, "eta_hours": 0.10793, "loss": 0.65894391, "lr": 0.0004686, "params": 5289, "time_iter": 0.06451, "accuracy": 0.602, "precision": 0.62385, "recall": 0.53755, "f1": 0.57749, "auc": 0.63899}
{"epoch": 53, "time_epoch": 8.04624, "eta": 380.10209, "eta_hours": 0.10558, "loss": 0.67540735, "lr": 0.00045295, "params": 5289, "time_iter": 0.06437, "accuracy": 0.572, "precision": 0.59155, "recall": 0.49802, "f1": 0.54077, "auc": 0.60479}
{"epoch": 54, "time_epoch": 8.02587, "eta": 371.64491, "eta_hours": 0.10323, "loss": 0.65617497, "lr": 0.00043733, "params": 5289, "time_iter": 0.06421, "accuracy": 0.572, "precision": 0.58159, "recall": 0.54941, "f1": 0.56504, "auc": 0.62254}
{"epoch": 55, "time_epoch": 8.02434, "eta": 363.20193, "eta_hours": 0.10089, "loss": 0.68507274, "lr": 0.00042178, "params": 5289, "time_iter": 0.06419, "accuracy": 0.592, "precision": 0.61611, "recall": 0.51383, "f1": 0.56034, "auc": 0.61393}
{"epoch": 56, "time_epoch": 8.03997, "eta": 354.78544, "eta_hours": 0.09855, "loss": 0.65849993, "lr": 0.00040631, "params": 5289, "time_iter": 0.06432, "accuracy": 0.606, "precision": 0.62389, "recall": 0.55731, "f1": 0.58873, "auc": 0.64473}
{"epoch": 57, "time_epoch": 7.75768, "eta": 346.1775, "eta_hours": 0.09616, "loss": 0.67229861, "lr": 0.00039093, "params": 5289, "time_iter": 0.06206, "accuracy": 0.59, "precision": 0.61321, "recall": 0.51383, "f1": 0.55914, "auc": 0.62465}
{"epoch": 58, "time_epoch": 8.00071, "eta": 337.76728, "eta_hours": 0.09382, "loss": 0.65599745, "lr": 0.00037566, "params": 5289, "time_iter": 0.06401, "accuracy": 0.64, "precision": 0.6682, "recall": 0.57312, "f1": 0.61702, "auc": 0.65088}
{"epoch": 59, "time_epoch": 8.03358, "eta": 329.39262, "eta_hours": 0.0915, "loss": 0.68012924, "lr": 0.0003605, "params": 5289, "time_iter": 0.06427, "accuracy": 0.604, "precision": 0.63682, "recall": 0.50593, "f1": 0.56388, "auc": 0.6175}
{"epoch": 60, "time_epoch": 8.04295, "eta": 321.03514, "eta_hours": 0.08918, "loss": 0.67013777, "lr": 0.00034549, "params": 5289, "time_iter": 0.06434, "accuracy": 0.608, "precision": 0.62667, "recall": 0.55731, "f1": 0.58996, "auc": 0.63468}
{"epoch": 61, "time_epoch": 8.06749, "eta": 312.70285, "eta_hours": 0.08686, "loss": 0.68991329, "lr": 0.00033063, "params": 5289, "time_iter": 0.06454, "accuracy": 0.578, "precision": 0.59459, "recall": 0.52174, "f1": 0.55579, "auc": 0.61687}
{"epoch": 62, "time_epoch": 8.05408, "eta": 304.37108, "eta_hours": 0.08455, "loss": 0.65484542, "lr": 0.00031594, "params": 5289, "time_iter": 0.06443, "accuracy": 0.624, "precision": 0.64444, "recall": 0.57312, "f1": 0.60669, "auc": 0.66136}
{"epoch": 63, "time_epoch": 8.02945, "eta": 296.03414, "eta_hours": 0.08223, "loss": 0.66407747, "lr": 0.00030143, "params": 5289, "time_iter": 0.06424, "accuracy": 0.612, "precision": 0.62661, "recall": 0.57708, "f1": 0.60082, "auc": 0.64555}
{"epoch": 64, "time_epoch": 8.02253, "eta": 287.70293, "eta_hours": 0.07992, "loss": 0.67593623, "lr": 0.00028711, "params": 5289, "time_iter": 0.06418, "accuracy": 0.568, "precision": 0.5749, "recall": 0.56126, "f1": 0.568, "auc": 0.61666}
{"epoch": 65, "time_epoch": 8.00864, "eta": 279.37392, "eta_hours": 0.0776, "loss": 0.67184116, "lr": 0.000273, "params": 5289, "time_iter": 0.06407, "accuracy": 0.608, "precision": 0.62025, "recall": 0.58103, "f1": 0.6, "auc": 0.62355}
{"epoch": 66, "time_epoch": 8.11032, "eta": 271.10456, "eta_hours": 0.07531, "loss": 0.67027524, "lr": 0.00025912, "params": 5289, "time_iter": 0.06488, "accuracy": 0.6, "precision": 0.61181, "recall": 0.57312, "f1": 0.59184, "auc": 0.64358}
{"epoch": 67, "time_epoch": 8.0357, "eta": 262.80476, "eta_hours": 0.073, "loss": 0.68307429, "lr": 0.00024548, "params": 5289, "time_iter": 0.06429, "accuracy": 0.594, "precision": 0.60246, "recall": 0.58103, "f1": 0.59155, "auc": 0.61484}
{"epoch": 68, "time_epoch": 8.05912, "eta": 254.52313, "eta_hours": 0.0707, "loss": 0.67576745, "lr": 0.00023209, "params": 5289, "time_iter": 0.06447, "accuracy": 0.598, "precision": 0.60924, "recall": 0.57312, "f1": 0.59063, "auc": 0.63464}
{"epoch": 69, "time_epoch": 8.11332, "eta": 246.27109, "eta_hours": 0.06841, "loss": 0.67811835, "lr": 0.00021896, "params": 5289, "time_iter": 0.06491, "accuracy": 0.572, "precision": 0.57895, "recall": 0.56522, "f1": 0.572, "auc": 0.60545}
{"epoch": 70, "time_epoch": 7.98649, "eta": 237.97116, "eta_hours": 0.0661, "loss": 0.67920531, "lr": 0.00020611, "params": 5289, "time_iter": 0.06389, "accuracy": 0.612, "precision": 0.62241, "recall": 0.59289, "f1": 0.60729, "auc": 0.62489}
{"epoch": 71, "time_epoch": 8.02582, "eta": 229.69522, "eta_hours": 0.0638, "loss": 0.66303975, "lr": 0.00019355, "params": 5289, "time_iter": 0.06421, "accuracy": 0.606, "precision": 0.6157, "recall": 0.58893, "f1": 0.60202, "auc": 0.63689}
{"epoch": 72, "time_epoch": 8.04195, "eta": 221.4321, "eta_hours": 0.06151, "loss": 0.65907536, "lr": 0.00018129, "params": 5289, "time_iter": 0.06434, "accuracy": 0.612, "precision": 0.62343, "recall": 0.58893, "f1": 0.60569, "auc": 0.64484}
{"epoch": 73, "time_epoch": 8.02501, "eta": 213.16902, "eta_hours": 0.05921, "loss": 0.66497604, "lr": 0.00016934, "params": 5289, "time_iter": 0.0642, "accuracy": 0.604, "precision": 0.61044, "recall": 0.60079, "f1": 0.60558, "auc": 0.64086}
{"epoch": 74, "time_epoch": 8.05119, "eta": 204.921, "eta_hours": 0.05692, "loss": 0.65467044, "lr": 0.00015773, "params": 5289, "time_iter": 0.06441, "accuracy": 0.622, "precision": 0.65094, "recall": 0.54545, "f1": 0.59355, "auc": 0.64584}
{"epoch": 75, "time_epoch": 8.03477, "eta": 196.67298, "eta_hours": 0.05463, "loss": 0.69863416, "lr": 0.00014645, "params": 5289, "time_iter": 0.06428, "accuracy": 0.602, "precision": 0.61842, "recall": 0.55731, "f1": 0.58628, "auc": 0.60583}
{"epoch": 76, "time_epoch": 8.06577, "eta": 188.43976, "eta_hours": 0.05234, "loss": 0.66963653, "lr": 0.00013552, "params": 5289, "time_iter": 0.06453, "accuracy": 0.606, "precision": 0.61765, "recall": 0.58103, "f1": 0.59878, "auc": 0.63793}
{"epoch": 77, "time_epoch": 7.92774, "eta": 180.1719, "eta_hours": 0.05005, "loss": 0.66344728, "lr": 0.00012494, "params": 5289, "time_iter": 0.06342, "accuracy": 0.614, "precision": 0.62931, "recall": 0.57708, "f1": 0.60206, "auc": 0.6539}
{"epoch": 78, "time_epoch": 8.02318, "eta": 171.93802, "eta_hours": 0.04776, "loss": 0.66751064, "lr": 0.00011474, "params": 5289, "time_iter": 0.06419, "accuracy": 0.58, "precision": 0.59556, "recall": 0.52964, "f1": 0.56067, "auc": 0.62723}
{"epoch": 79, "time_epoch": 8.05974, "eta": 163.71855, "eta_hours": 0.04548, "loss": 0.67908581, "lr": 0.00010492, "params": 5289, "time_iter": 0.06448, "accuracy": 0.574, "precision": 0.59009, "recall": 0.51779, "f1": 0.55158, "auc": 0.61671}
{"epoch": 80, "time_epoch": 8.0833, "eta": 155.50855, "eta_hours": 0.0432, "loss": 0.68198466, "lr": 9.549e-05, "params": 5289, "time_iter": 0.06467, "accuracy": 0.594, "precision": 0.60593, "recall": 0.56522, "f1": 0.58487, "auc": 0.62892}
{"epoch": 81, "time_epoch": 8.06862, "eta": 147.29842, "eta_hours": 0.04092, "loss": 0.64980496, "lr": 8.646e-05, "params": 5289, "time_iter": 0.06455, "accuracy": 0.632, "precision": 0.65066, "recall": 0.58893, "f1": 0.61826, "auc": 0.66838}
{"epoch": 82, "time_epoch": 8.54502, "eta": 139.18927, "eta_hours": 0.03866, "loss": 0.65600509, "lr": 7.784e-05, "params": 5289, "time_iter": 0.06836, "accuracy": 0.626, "precision": 0.64602, "recall": 0.57708, "f1": 0.6096, "auc": 0.66058}
{"epoch": 83, "time_epoch": 8.66518, "eta": 131.09263, "eta_hours": 0.03641, "loss": 0.65761895, "lr": 6.963e-05, "params": 5289, "time_iter": 0.06932, "accuracy": 0.614, "precision": 0.62931, "recall": 0.57708, "f1": 0.60206, "auc": 0.65235}
{"epoch": 84, "time_epoch": 8.67002, "eta": 122.98347, "eta_hours": 0.03416, "loss": 0.67147372, "lr": 6.185e-05, "params": 5289, "time_iter": 0.06936, "accuracy": 0.608, "precision": 0.63256, "recall": 0.53755, "f1": 0.5812, "auc": 0.63496}
{"epoch": 85, "time_epoch": 8.64342, "eta": 114.85694, "eta_hours": 0.0319, "loss": 0.65486911, "lr": 5.45e-05, "params": 5289, "time_iter": 0.06915, "accuracy": 0.624, "precision": 0.65403, "recall": 0.54545, "f1": 0.59483, "auc": 0.64478}
{"epoch": 86, "time_epoch": 8.63227, "eta": 106.71685, "eta_hours": 0.02964, "loss": 0.66077991, "lr": 4.759e-05, "params": 5289, "time_iter": 0.06906, "accuracy": 0.612, "precision": 0.64251, "recall": 0.52569, "f1": 0.57826, "auc": 0.6342}
{"epoch": 87, "time_epoch": 8.45572, "eta": 98.54151, "eta_hours": 0.02737, "loss": 0.67443222, "lr": 4.112e-05, "params": 5289, "time_iter": 0.06765, "accuracy": 0.618, "precision": 0.65347, "recall": 0.52174, "f1": 0.58022, "auc": 0.65001}
{"epoch": 88, "time_epoch": 8.47508, "eta": 90.36226, "eta_hours": 0.0251, "loss": 0.67588093, "lr": 3.511e-05, "params": 5289, "time_iter": 0.0678, "accuracy": 0.604, "precision": 0.62443, "recall": 0.54545, "f1": 0.58228, "auc": 0.62051}
{"epoch": 89, "time_epoch": 8.60422, "eta": 82.19078, "eta_hours": 0.02283, "loss": 0.63792264, "lr": 2.956e-05, "params": 5289, "time_iter": 0.06883, "accuracy": 0.644, "precision": 0.67123, "recall": 0.58103, "f1": 0.62288, "auc": 0.69111}
{"epoch": 90, "time_epoch": 9.02433, "eta": 74.05135, "eta_hours": 0.02057, "loss": 0.65414484, "lr": 2.447e-05, "params": 5289, "time_iter": 0.07219, "accuracy": 0.63, "precision": 0.65044, "recall": 0.58103, "f1": 0.61378, "auc": 0.65192}
{"epoch": 91, "time_epoch": 8.98893, "eta": 65.88959, "eta_hours": 0.0183, "loss": 0.66236412, "lr": 1.985e-05, "params": 5289, "time_iter": 0.07191, "accuracy": 0.618, "precision": 0.63839, "recall": 0.56522, "f1": 0.59958, "auc": 0.64811}
{"epoch": 92, "time_epoch": 8.99617, "eta": 57.7106, "eta_hours": 0.01603, "loss": 0.66920169, "lr": 1.571e-05, "params": 5289, "time_iter": 0.07197, "accuracy": 0.61, "precision": 0.63182, "recall": 0.54941, "f1": 0.58774, "auc": 0.6392}
{"epoch": 93, "time_epoch": 8.99889, "eta": 49.51439, "eta_hours": 0.01375, "loss": 0.66423318, "lr": 1.204e-05, "params": 5289, "time_iter": 0.07199, "accuracy": 0.616, "precision": 0.63203, "recall": 0.57708, "f1": 0.60331, "auc": 0.62769}
{"epoch": 94, "time_epoch": 8.99579, "eta": 41.30111, "eta_hours": 0.01147, "loss": 0.66413385, "lr": 8.86e-06, "params": 5289, "time_iter": 0.07197, "accuracy": 0.624, "precision": 0.65258, "recall": 0.54941, "f1": 0.59657, "auc": 0.63347}
{"epoch": 95, "time_epoch": 8.97889, "eta": 33.07084, "eta_hours": 0.00919, "loss": 0.66584468, "lr": 6.16e-06, "params": 5289, "time_iter": 0.07183, "accuracy": 0.622, "precision": 0.64159, "recall": 0.57312, "f1": 0.60543, "auc": 0.65088}
{"epoch": 96, "time_epoch": 8.65748, "eta": 24.81518, "eta_hours": 0.00689, "loss": 0.66978179, "lr": 3.94e-06, "params": 5289, "time_iter": 0.06926, "accuracy": 0.596, "precision": 0.6186, "recall": 0.52569, "f1": 0.56838, "auc": 0.62367}
{"epoch": 97, "time_epoch": 8.62099, "eta": 16.55058, "eta_hours": 0.0046, "loss": 0.65784152, "lr": 2.22e-06, "params": 5289, "time_iter": 0.06897, "accuracy": 0.59, "precision": 0.61321, "recall": 0.51383, "f1": 0.55914, "auc": 0.6315}
{"epoch": 98, "time_epoch": 8.61981, "eta": 8.27877, "eta_hours": 0.0023, "loss": 0.68066416, "lr": 9.9e-07, "params": 5289, "time_iter": 0.06896, "accuracy": 0.602, "precision": 0.62736, "recall": 0.52569, "f1": 0.57204, "auc": 0.63313}
{"epoch": 99, "time_epoch": 8.6193, "eta": 0.0, "eta_hours": 0.0, "loss": 0.6778461, "lr": 2.5e-07, "params": 5289, "time_iter": 0.06895, "accuracy": 0.58, "precision": 0.58996, "recall": 0.55731, "f1": 0.57317, "auc": 0.62715}
