{"epoch": 0, "time_epoch": 1.83709, "eta": 181.87186, "eta_hours": 0.05052, "loss": 0.70309526, "lr": 0.001, "params": 6239, "time_iter": 0.04834, "accuracy": 0.48, "precision": 0.0, "recall": 0.0, "f1": 0.0, "auc": 0.42521}
{"epoch": 1, "time_epoch": 1.96771, "eta": 186.43506, "eta_hours": 0.05179, "loss": 0.69608769, "lr": 0.00099975, "params": 6239, "time_iter": 0.05178, "accuracy": 0.48, "precision": 0.0, "recall": 0.0, "f1": 0.0, "auc": 0.52564}
{"epoch": 2, "time_epoch": 1.95873, "eta": 186.35391, "eta_hours": 0.05176, "loss": 0.69666087, "lr": 0.00099901, "params": 6239, "time_iter": 0.05155, "accuracy": 0.45333, "precision": 0.44444, "recall": 0.20513, "f1": 0.2807, "auc": 0.44106}
{"epoch": 3, "time_epoch": 1.9478, "eta": 185.07164, "eta_hours": 0.05141, "loss": 0.69362953, "lr": 0.00099778, "params": 6239, "time_iter": 0.05126, "accuracy": 0.47333, "precision": 0.48837, "recall": 0.26923, "f1": 0.34711, "auc": 0.50783}
{"epoch": 4, "time_epoch": 1.92197, "eta": 183.03253, "eta_hours": 0.05084, "loss": 0.69074631, "lr": 0.00099606, "params": 6239, "time_iter": 0.05058, "accuracy": 0.54, "precision": 0.55422, "recall": 0.58974, "f1": 0.57143, "auc": 0.5609}
{"epoch": 5, "time_epoch": 1.9448, "eta": 181.39012, "eta_hours": 0.05039, "loss": 0.69447062, "lr": 0.00099384, "params": 6239, "time_iter": 0.05118, "accuracy": 0.50667, "precision": 0.52128, "recall": 0.62821, "f1": 0.56977, "auc": 0.45887}
{"epoch": 6, "time_epoch": 1.94081, "eta": 179.60831, "eta_hours": 0.04989, "loss": 0.68877275, "lr": 0.00099114, "params": 6239, "time_iter": 0.05107, "accuracy": 0.58, "precision": 0.5641, "recall": 0.84615, "f1": 0.67692, "auc": 0.55146}
{"epoch": 7, "time_epoch": 1.93682, "eta": 177.74088, "eta_hours": 0.04937, "loss": 0.69333037, "lr": 0.00098796, "params": 6239, "time_iter": 0.05097, "accuracy": 0.51333, "precision": 0.51908, "recall": 0.87179, "f1": 0.65072, "auc": 0.49822}
{"epoch": 8, "time_epoch": 1.97273, "eta": 176.22105, "eta_hours": 0.04895, "loss": 0.69498783, "lr": 0.00098429, "params": 6239, "time_iter": 0.05191, "accuracy": 0.49333, "precision": 0.50735, "recall": 0.88462, "f1": 0.64486, "auc": 0.44088}
{"epoch": 9, "time_epoch": 1.98869, "eta": 174.75428, "eta_hours": 0.04854, "loss": 0.69154008, "lr": 0.00098015, "params": 6239, "time_iter": 0.05233, "accuracy": 0.52667, "precision": 0.52381, "recall": 0.98718, "f1": 0.68444, "auc": 0.53312}
{"epoch": 10, "time_epoch": 1.94494, "eta": 172.83866, "eta_hours": 0.04801, "loss": 0.69273647, "lr": 0.00097553, "params": 6239, "time_iter": 0.05118, "accuracy": 0.53333, "precision": 0.52778, "recall": 0.97436, "f1": 0.68468, "auc": 0.48184}
{"epoch": 11, "time_epoch": 1.96076, "eta": 171.03418, "eta_hours": 0.04751, "loss": 0.68909503, "lr": 0.00097044, "params": 6239, "time_iter": 0.0516, "accuracy": 0.54, "precision": 0.53383, "recall": 0.91026, "f1": 0.67299, "auc": 0.58102}
{"epoch": 12, "time_epoch": 1.9458, "eta": 169.10552, "eta_hours": 0.04697, "loss": 0.69048269, "lr": 0.00096489, "params": 6239, "time_iter": 0.05121, "accuracy": 0.52667, "precision": 0.52593, "recall": 0.91026, "f1": 0.66667, "auc": 0.56517}
{"epoch": 13, "time_epoch": 1.94481, "eta": 167.16833, "eta_hours": 0.04644, "loss": 0.69144077, "lr": 0.00095888, "params": 6239, "time_iter": 0.05118, "accuracy": 0.53333, "precision": 0.52941, "recall": 0.92308, "f1": 0.6729, "auc": 0.50588}
{"epoch": 14, "time_epoch": 1.92186, "eta": 165.1001, "eta_hours": 0.04586, "loss": 0.69198812, "lr": 0.00095241, "params": 6239, "time_iter": 0.05058, "accuracy": 0.50667, "precision": 0.51515, "recall": 0.87179, "f1": 0.64762, "auc": 0.52885}
{"epoch": 15, "time_epoch": 1.99961, "eta": 163.45832, "eta_hours": 0.04541, "loss": 0.6918263, "lr": 0.0009455, "params": 6239, "time_iter": 0.05262, "accuracy": 0.52667, "precision": 0.52632, "recall": 0.89744, "f1": 0.66351, "auc": 0.51122}
{"epoch": 16, "time_epoch": 1.96329, "eta": 161.59712, "eta_hours": 0.04489, "loss": 0.68931382, "lr": 0.00093815, "params": 6239, "time_iter": 0.05167, "accuracy": 0.55333, "precision": 0.54264, "recall": 0.89744, "f1": 0.67633, "auc": 0.53312}
{"epoch": 17, "time_epoch": 2.00364, "eta": 159.90842, "eta_hours": 0.04442, "loss": 0.68555067, "lr": 0.00093037, "params": 6239, "time_iter": 0.05273, "accuracy": 0.54, "precision": 0.53913, "recall": 0.79487, "f1": 0.64249, "auc": 0.57051}
{"epoch": 18, "time_epoch": 1.89838, "eta": 157.73781, "eta_hours": 0.04382, "loss": 0.68871726, "lr": 0.00092216, "params": 6239, "time_iter": 0.04996, "accuracy": 0.57333, "precision": 0.55932, "recall": 0.84615, "f1": 0.67347, "auc": 0.54505}
{"epoch": 19, "time_epoch": 1.98273, "eta": 155.93183, "eta_hours": 0.04331, "loss": 0.68423305, "lr": 0.00091354, "params": 6239, "time_iter": 0.05218, "accuracy": 0.54667, "precision": 0.54237, "recall": 0.82051, "f1": 0.65306, "auc": 0.5901}
{"epoch": 20, "time_epoch": 1.98845, "eta": 154.13052, "eta_hours": 0.04281, "loss": 0.68751815, "lr": 0.00090451, "params": 6239, "time_iter": 0.05233, "accuracy": 0.55333, "precision": 0.55046, "recall": 0.76923, "f1": 0.64171, "auc": 0.58066}
{"epoch": 21, "time_epoch": 1.99467, "eta": 152.33426, "eta_hours": 0.04232, "loss": 0.68594901, "lr": 0.00089508, "params": 6239, "time_iter": 0.05249, "accuracy": 0.56, "precision": 0.56, "recall": 0.71795, "f1": 0.62921, "auc": 0.56019}
{"epoch": 22, "time_epoch": 1.93882, "eta": 150.33377, "eta_hours": 0.04176, "loss": 0.68585791, "lr": 0.00088526, "params": 6239, "time_iter": 0.05102, "accuracy": 0.56667, "precision": 0.56075, "recall": 0.76923, "f1": 0.64865, "auc": 0.56838}
{"epoch": 23, "time_epoch": 1.96574, "eta": 148.42368, "eta_hours": 0.04123, "loss": 0.6927229, "lr": 0.00087506, "params": 6239, "time_iter": 0.05173, "accuracy": 0.53333, "precision": 0.53636, "recall": 0.75641, "f1": 0.62766, "auc": 0.53668}
{"epoch": 24, "time_epoch": 1.91998, "eta": 146.37186, "eta_hours": 0.04066, "loss": 0.6811792, "lr": 0.00086448, "params": 6239, "time_iter": 0.05053, "accuracy": 0.56667, "precision": 0.56311, "recall": 0.74359, "f1": 0.64088, "auc": 0.59099}
{"epoch": 25, "time_epoch": 1.91388, "eta": 144.31282, "eta_hours": 0.04009, "loss": 0.6753737, "lr": 0.00085355, "params": 6239, "time_iter": 0.05037, "accuracy": 0.56, "precision": 0.56122, "recall": 0.70513, "f1": 0.625, "auc": 0.59758}
{"epoch": 26, "time_epoch": 1.9139, "eta": 142.26456, "eta_hours": 0.03952, "loss": 0.68364757, "lr": 0.00084227, "params": 6239, "time_iter": 0.05037, "accuracy": 0.56667, "precision": 0.56436, "recall": 0.73077, "f1": 0.63687, "auc": 0.56143}
{"epoch": 27, "time_epoch": 1.87399, "eta": 140.12329, "eta_hours": 0.03892, "loss": 0.67341991, "lr": 0.00083066, "params": 6239, "time_iter": 0.04932, "accuracy": 0.59333, "precision": 0.57798, "recall": 0.80769, "f1": 0.6738, "auc": 0.60951}
{"epoch": 28, "time_epoch": 1.84208, "eta": 137.92232, "eta_hours": 0.03831, "loss": 0.69352479, "lr": 0.00081871, "params": 6239, "time_iter": 0.04848, "accuracy": 0.50667, "precision": 0.52, "recall": 0.66667, "f1": 0.58427, "auc": 0.51407}
{"epoch": 29, "time_epoch": 1.84899, "eta": 135.76141, "eta_hours": 0.03771, "loss": 0.68467908, "lr": 0.00080645, "params": 6239, "time_iter": 0.04866, "accuracy": 0.52667, "precision": 0.53271, "recall": 0.73077, "f1": 0.61622, "auc": 0.58405}
{"epoch": 30, "time_epoch": 1.87499, "eta": 133.67848, "eta_hours": 0.03713, "loss": 0.68137773, "lr": 0.00079389, "params": 6239, "time_iter": 0.04934, "accuracy": 0.56667, "precision": 0.56075, "recall": 0.76923, "f1": 0.64865, "auc": 0.56214}
{"epoch": 31, "time_epoch": 1.90391, "eta": 131.67001, "eta_hours": 0.03658, "loss": 0.68053889, "lr": 0.00078104, "params": 6239, "time_iter": 0.0501, "accuracy": 0.55333, "precision": 0.55914, "recall": 0.66667, "f1": 0.60819, "auc": 0.58618}
{"epoch": 32, "time_epoch": 1.85803, "eta": 129.57473, "eta_hours": 0.03599, "loss": 0.70245351, "lr": 0.00076791, "params": 6239, "time_iter": 0.0489, "accuracy": 0.48, "precision": 0.5, "recall": 0.61538, "f1": 0.55172, "auc": 0.47151}
{"epoch": 33, "time_epoch": 1.87599, "eta": 127.52826, "eta_hours": 0.03542, "loss": 0.68278228, "lr": 0.00075452, "params": 6239, "time_iter": 0.04937, "accuracy": 0.55333, "precision": 0.55238, "recall": 0.74359, "f1": 0.63388, "auc": 0.58814}
{"epoch": 34, "time_epoch": 1.871, "eta": 125.48227, "eta_hours": 0.03486, "loss": 0.69294825, "lr": 0.00074088, "params": 6239, "time_iter": 0.04924, "accuracy": 0.54667, "precision": 0.54902, "recall": 0.71795, "f1": 0.62222, "auc": 0.52707}
{"epoch": 35, "time_epoch": 1.84806, "eta": 123.40521, "eta_hours": 0.03428, "loss": 0.68293379, "lr": 0.000727, "params": 6239, "time_iter": 0.04863, "accuracy": 0.56, "precision": 0.5566, "recall": 0.75641, "f1": 0.6413, "auc": 0.57799}
{"epoch": 36, "time_epoch": 1.86801, "eta": 121.37451, "eta_hours": 0.03372, "loss": 0.67884266, "lr": 0.00071289, "params": 6239, "time_iter": 0.04916, "accuracy": 0.55333, "precision": 0.5514, "recall": 0.75641, "f1": 0.63784, "auc": 0.60524}
{"epoch": 37, "time_epoch": 1.95468, "eta": 119.49378, "eta_hours": 0.03319, "loss": 0.66733943, "lr": 0.00069857, "params": 6239, "time_iter": 0.05144, "accuracy": 0.58, "precision": 0.57143, "recall": 0.76923, "f1": 0.65574, "auc": 0.63746}
{"epoch": 38, "time_epoch": 1.93383, "eta": 117.57664, "eta_hours": 0.03266, "loss": 0.69122561, "lr": 0.00068406, "params": 6239, "time_iter": 0.05089, "accuracy": 0.51333, "precision": 0.52577, "recall": 0.65385, "f1": 0.58286, "auc": 0.53365}
{"epoch": 39, "time_epoch": 1.89863, "eta": 115.60588, "eta_hours": 0.03211, "loss": 0.68394643, "lr": 0.00066937, "params": 6239, "time_iter": 0.04996, "accuracy": 0.54667, "precision": 0.5463, "recall": 0.75641, "f1": 0.63441, "auc": 0.56375}
{"epoch": 40, "time_epoch": 1.88097, "eta": 113.61321, "eta_hours": 0.03156, "loss": 0.68491352, "lr": 0.00065451, "params": 6239, "time_iter": 0.0495, "accuracy": 0.56, "precision": 0.56122, "recall": 0.70513, "f1": 0.625, "auc": 0.56054}
{"epoch": 41, "time_epoch": 1.92087, "eta": 111.68096, "eta_hours": 0.03102, "loss": 0.67348327, "lr": 0.0006395, "params": 6239, "time_iter": 0.05055, "accuracy": 0.57333, "precision": 0.57, "recall": 0.73077, "f1": 0.64045, "auc": 0.5917}
{"epoch": 42, "time_epoch": 1.82518, "eta": 109.6224, "eta_hours": 0.03045, "loss": 0.67369581, "lr": 0.00062434, "params": 6239, "time_iter": 0.04803, "accuracy": 0.60667, "precision": 0.59048, "recall": 0.79487, "f1": 0.6776, "auc": 0.59562}
{"epoch": 43, "time_epoch": 2.31082, "eta": 108.19254, "eta_hours": 0.03005, "loss": 0.6742096, "lr": 0.00060907, "params": 6239, "time_iter": 0.06081, "accuracy": 0.56, "precision": 0.56, "recall": 0.71795, "f1": 0.62921, "auc": 0.61645}
{"epoch": 44, "time_epoch": 1.84708, "eta": 106.15672, "eta_hours": 0.02949, "loss": 0.67143085, "lr": 0.00059369, "params": 6239, "time_iter": 0.04861, "accuracy": 0.55333, "precision": 0.5534, "recall": 0.73077, "f1": 0.62983, "auc": 0.61396}
{"epoch": 45, "time_epoch": 1.84906, "eta": 104.13143, "eta_hours": 0.02893, "loss": 0.67721567, "lr": 0.00057822, "params": 6239, "time_iter": 0.04866, "accuracy": 0.57333, "precision": 0.57292, "recall": 0.70513, "f1": 0.63218, "auc": 0.60381}
{"epoch": 46, "time_epoch": 1.90591, "eta": 102.17775, "eta_hours": 0.02838, "loss": 0.68542881, "lr": 0.00056267, "params": 6239, "time_iter": 0.05016, "accuracy": 0.58, "precision": 0.57732, "recall": 0.71795, "f1": 0.64, "auc": 0.57657}
{"epoch": 47, "time_epoch": 1.87, "eta": 100.18717, "eta_hours": 0.02783, "loss": 0.67960611, "lr": 0.00054705, "params": 6239, "time_iter": 0.04921, "accuracy": 0.58, "precision": 0.57426, "recall": 0.74359, "f1": 0.64804, "auc": 0.58903}
{"epoch": 48, "time_epoch": 1.87058, "eta": 98.20211, "eta_hours": 0.02728, "loss": 0.7000638, "lr": 0.0005314, "params": 6239, "time_iter": 0.04923, "accuracy": 0.51333, "precision": 0.52577, "recall": 0.65385, "f1": 0.58286, "auc": 0.49234}
{"epoch": 49, "time_epoch": 1.84111, "eta": 96.19215, "eta_hours": 0.02672, "loss": 0.69412282, "lr": 0.00051571, "params": 6239, "time_iter": 0.04845, "accuracy": 0.54, "precision": 0.54545, "recall": 0.69231, "f1": 0.61017, "auc": 0.53312}
{"epoch": 50, "time_epoch": 1.87798, "eta": 94.22425, "eta_hours": 0.02617, "loss": 0.70433892, "lr": 0.0005, "params": 6239, "time_iter": 0.04942, "accuracy": 0.48667, "precision": 0.50515, "recall": 0.62821, "f1": 0.56, "auc": 0.48326}
{"epoch": 51, "time_epoch": 1.91209, "eta": 92.29129, "eta_hours": 0.02564, "loss": 0.67977856, "lr": 0.00048429, "params": 6239, "time_iter": 0.05032, "accuracy": 0.55333, "precision": 0.55446, "recall": 0.71795, "f1": 0.6257, "auc": 0.57906}
{"epoch": 52, "time_epoch": 1.91787, "eta": 90.36424, "eta_hours": 0.0251, "loss": 0.67683986, "lr": 0.0004686, "params": 6239, "time_iter": 0.05047, "accuracy": 0.60667, "precision": 0.59406, "recall": 0.76923, "f1": 0.67039, "auc": 0.58725}
{"epoch": 53, "time_epoch": 1.91588, "eta": 88.43583, "eta_hours": 0.02457, "loss": 0.68502114, "lr": 0.00045295, "params": 6239, "time_iter": 0.05042, "accuracy": 0.60667, "precision": 0.58407, "recall": 0.84615, "f1": 0.6911, "auc": 0.54149}
{"epoch": 54, "time_epoch": 1.92186, "eta": 86.51278, "eta_hours": 0.02403, "loss": 0.69021646, "lr": 0.00043733, "params": 6239, "time_iter": 0.05058, "accuracy": 0.52, "precision": 0.52941, "recall": 0.69231, "f1": 0.6, "auc": 0.51193}
{"epoch": 55, "time_epoch": 1.84507, "eta": 84.52943, "eta_hours": 0.02348, "loss": 0.67292616, "lr": 0.00042178, "params": 6239, "time_iter": 0.04855, "accuracy": 0.57333, "precision": 0.56863, "recall": 0.74359, "f1": 0.64444, "auc": 0.60239}
{"epoch": 56, "time_epoch": 1.93483, "eta": 82.61864, "eta_hours": 0.02295, "loss": 0.67268294, "lr": 0.00040631, "params": 6239, "time_iter": 0.05092, "accuracy": 0.52667, "precision": 0.53398, "recall": 0.70513, "f1": 0.60773, "auc": 0.61129}
{"epoch": 57, "time_epoch": 1.92984, "eta": 80.70342, "eta_hours": 0.02242, "loss": 0.68072729, "lr": 0.00039093, "params": 6239, "time_iter": 0.05079, "accuracy": 0.54667, "precision": 0.54902, "recall": 0.71795, "f1": 0.62222, "auc": 0.58778}
{"epoch": 58, "time_epoch": 1.91688, "eta": 78.77869, "eta_hours": 0.02188, "loss": 0.68178194, "lr": 0.00037566, "params": 6239, "time_iter": 0.05044, "accuracy": 0.59333, "precision": 0.58763, "recall": 0.73077, "f1": 0.65143, "auc": 0.5666}
{"epoch": 59, "time_epoch": 1.87997, "eta": 76.82962, "eta_hours": 0.02134, "loss": 0.68108538, "lr": 0.0003605, "params": 6239, "time_iter": 0.04947, "accuracy": 0.52667, "precision": 0.53684, "recall": 0.65385, "f1": 0.5896, "auc": 0.58476}
{"epoch": 60, "time_epoch": 1.88297, "eta": 74.88473, "eta_hours": 0.0208, "loss": 0.69288459, "lr": 0.00034549, "params": 6239, "time_iter": 0.04955, "accuracy": 0.53333, "precision": 0.53922, "recall": 0.70513, "f1": 0.61111, "auc": 0.52831}
{"epoch": 61, "time_epoch": 1.84806, "eta": 72.92044, "eta_hours": 0.02026, "loss": 0.67223487, "lr": 0.00033063, "params": 6239, "time_iter": 0.04863, "accuracy": 0.61333, "precision": 0.60204, "recall": 0.75641, "f1": 0.67045, "auc": 0.61467}
{"epoch": 62, "time_epoch": 1.9079, "eta": 70.99499, "eta_hours": 0.01972, "loss": 0.68717435, "lr": 0.00031594, "params": 6239, "time_iter": 0.05021, "accuracy": 0.54, "precision": 0.54545, "recall": 0.69231, "f1": 0.61017, "auc": 0.53045}
{"epoch": 63, "time_epoch": 1.85448, "eta": 69.04003, "eta_hours": 0.01918, "loss": 0.67025763, "lr": 0.00030143, "params": 6239, "time_iter": 0.0488, "accuracy": 0.62667, "precision": 0.60784, "recall": 0.79487, "f1": 0.68889, "auc": 0.63141}
{"epoch": 64, "time_epoch": 1.87698, "eta": 67.10029, "eta_hours": 0.01864, "loss": 0.68983265, "lr": 0.00028711, "params": 6239, "time_iter": 0.04939, "accuracy": 0.53333, "precision": 0.53922, "recall": 0.70513, "f1": 0.61111, "auc": 0.54826}
{"epoch": 65, "time_epoch": 2.10647, "eta": 65.28066, "eta_hours": 0.01813, "loss": 0.69866932, "lr": 0.000273, "params": 6239, "time_iter": 0.05543, "accuracy": 0.52, "precision": 0.53, "recall": 0.67949, "f1": 0.59551, "auc": 0.48807}
{"epoch": 66, "time_epoch": 2.48935, "eta": 63.64106, "eta_hours": 0.01768, "loss": 0.68913648, "lr": 0.00025912, "params": 6239, "time_iter": 0.06551, "accuracy": 0.52, "precision": 0.52885, "recall": 0.70513, "f1": 0.6044, "auc": 0.52831}
{"epoch": 67, "time_epoch": 2.37166, "eta": 61.92108, "eta_hours": 0.0172, "loss": 0.69041956, "lr": 0.00024548, "params": 6239, "time_iter": 0.06241, "accuracy": 0.55333, "precision": 0.55238, "recall": 0.74359, "f1": 0.63388, "auc": 0.51727}
{"epoch": 68, "time_epoch": 2.19638, "eta": 60.10346, "eta_hours": 0.0167, "loss": 0.69291437, "lr": 0.00023209, "params": 6239, "time_iter": 0.0578, "accuracy": 0.51333, "precision": 0.52427, "recall": 0.69231, "f1": 0.59669, "auc": 0.51531}
{"epoch": 69, "time_epoch": 1.99267, "eta": 58.18772, "eta_hours": 0.01616, "loss": 0.68162835, "lr": 0.00021896, "params": 6239, "time_iter": 0.05244, "accuracy": 0.57333, "precision": 0.56731, "recall": 0.75641, "f1": 0.64835, "auc": 0.58066}
{"epoch": 70, "time_epoch": 1.93283, "eta": 56.24537, "eta_hours": 0.01562, "loss": 0.68279165, "lr": 0.00020611, "params": 6239, "time_iter": 0.05086, "accuracy": 0.58, "precision": 0.57282, "recall": 0.75641, "f1": 0.65193, "auc": 0.56339}
{"epoch": 71, "time_epoch": 1.96175, "eta": 54.31453, "eta_hours": 0.01509, "loss": 0.6969815, "lr": 0.00019355, "params": 6239, "time_iter": 0.05163, "accuracy": 0.58, "precision": 0.57143, "recall": 0.76923, "f1": 0.65574, "auc": 0.50766}
{"epoch": 72, "time_epoch": 1.95478, "eta": 52.38026, "eta_hours": 0.01455, "loss": 0.67566422, "lr": 0.00018129, "params": 6239, "time_iter": 0.05144, "accuracy": 0.6, "precision": 0.58182, "recall": 0.82051, "f1": 0.68085, "auc": 0.60274}
{"epoch": 73, "time_epoch": 1.91432, "eta": 50.43123, "eta_hours": 0.01401, "loss": 0.6997632, "lr": 0.00016934, "params": 6239, "time_iter": 0.05038, "accuracy": 0.48667, "precision": 0.50505, "recall": 0.64103, "f1": 0.56497, "auc": 0.49163}
{"epoch": 74, "time_epoch": 1.93882, "eta": 48.49128, "eta_hours": 0.01347, "loss": 0.67294977, "lr": 0.00015773, "params": 6239, "time_iter": 0.05102, "accuracy": 0.56667, "precision": 0.56311, "recall": 0.74359, "f1": 0.64088, "auc": 0.61966}
{"epoch": 75, "time_epoch": 1.92884, "eta": 46.54822, "eta_hours": 0.01293, "loss": 0.69372918, "lr": 0.00014645, "params": 6239, "time_iter": 0.05076, "accuracy": 0.49333, "precision": 0.51, "recall": 0.65385, "f1": 0.57303, "auc": 0.4943}
{"epoch": 76, "time_epoch": 1.92286, "eta": 44.60374, "eta_hours": 0.01239, "loss": 0.67427931, "lr": 0.00013552, "params": 6239, "time_iter": 0.0506, "accuracy": 0.57333, "precision": 0.56731, "recall": 0.75641, "f1": 0.64835, "auc": 0.62251}
{"epoch": 77, "time_epoch": 1.94365, "eta": 42.66567, "eta_hours": 0.01185, "loss": 0.67232381, "lr": 0.00012494, "params": 6239, "time_iter": 0.05115, "accuracy": 0.62, "precision": 0.60396, "recall": 0.78205, "f1": 0.68156, "auc": 0.61182}
{"epoch": 78, "time_epoch": 1.96631, "eta": 40.73349, "eta_hours": 0.01131, "loss": 0.69368745, "lr": 0.00011474, "params": 6239, "time_iter": 0.05175, "accuracy": 0.50667, "precision": 0.52, "recall": 0.66667, "f1": 0.58427, "auc": 0.50926}
{"epoch": 79, "time_epoch": 1.92884, "eta": 38.79109, "eta_hours": 0.01078, "loss": 0.68428387, "lr": 0.00010492, "params": 6239, "time_iter": 0.05076, "accuracy": 0.54, "precision": 0.54286, "recall": 0.73077, "f1": 0.62295, "auc": 0.57372}
{"epoch": 80, "time_epoch": 1.92785, "eta": 36.84879, "eta_hours": 0.01024, "loss": 0.67969412, "lr": 9.549e-05, "params": 6239, "time_iter": 0.05073, "accuracy": 0.55333, "precision": 0.55046, "recall": 0.76923, "f1": 0.64171, "auc": 0.56321}
{"epoch": 81, "time_epoch": 1.93184, "eta": 34.90772, "eta_hours": 0.0097, "loss": 0.69364066, "lr": 8.646e-05, "params": 6239, "time_iter": 0.05084, "accuracy": 0.53333, "precision": 0.54, "recall": 0.69231, "f1": 0.60674, "auc": 0.51709}
{"epoch": 82, "time_epoch": 1.98769, "eta": 32.97831, "eta_hours": 0.00916, "loss": 0.69285134, "lr": 7.784e-05, "params": 6239, "time_iter": 0.05231, "accuracy": 0.55333, "precision": 0.55238, "recall": 0.74359, "f1": 0.63388, "auc": 0.51905}
{"epoch": 83, "time_epoch": 1.94979, "eta": 31.04029, "eta_hours": 0.00862, "loss": 0.69136922, "lr": 6.963e-05, "params": 6239, "time_iter": 0.05131, "accuracy": 0.52, "precision": 0.52941, "recall": 0.69231, "f1": 0.6, "auc": 0.5187}
{"epoch": 84, "time_epoch": 1.97771, "eta": 29.10692, "eta_hours": 0.00809, "loss": 0.69069438, "lr": 6.185e-05, "params": 6239, "time_iter": 0.05205, "accuracy": 0.52, "precision": 0.53061, "recall": 0.66667, "f1": 0.59091, "auc": 0.50962}
{"epoch": 85, "time_epoch": 1.99766, "eta": 27.17577, "eta_hours": 0.00755, "loss": 0.69124184, "lr": 5.45e-05, "params": 6239, "time_iter": 0.05257, "accuracy": 0.51333, "precision": 0.52381, "recall": 0.70513, "f1": 0.60109, "auc": 0.54256}
{"epoch": 86, "time_epoch": 1.97273, "eta": 25.23937, "eta_hours": 0.00701, "loss": 0.67802602, "lr": 4.759e-05, "params": 6239, "time_iter": 0.05191, "accuracy": 0.58, "precision": 0.57143, "recall": 0.76923, "f1": 0.65574, "auc": 0.59063}
{"epoch": 87, "time_epoch": 2.07915, "eta": 23.31665, "eta_hours": 0.00648, "loss": 0.68583057, "lr": 4.112e-05, "params": 6239, "time_iter": 0.05471, "accuracy": 0.54, "precision": 0.54286, "recall": 0.73077, "f1": 0.62295, "auc": 0.5511}
{"epoch": 88, "time_epoch": 2.32678, "eta": 21.42102, "eta_hours": 0.00595, "loss": 0.69739827, "lr": 3.511e-05, "params": 6239, "time_iter": 0.06123, "accuracy": 0.56, "precision": 0.55769, "recall": 0.74359, "f1": 0.63736, "auc": 0.50962}
{"epoch": 89, "time_epoch": 2.47064, "eta": 19.5318, "eta_hours": 0.00543, "loss": 0.68063031, "lr": 2.956e-05, "params": 6239, "time_iter": 0.06502, "accuracy": 0.54, "precision": 0.54455, "recall": 0.70513, "f1": 0.61453, "auc": 0.57247}
{"epoch": 90, "time_epoch": 2.29985, "eta": 17.61291, "eta_hours": 0.00489, "loss": 0.68867493, "lr": 2.447e-05, "params": 6239, "time_iter": 0.06052, "accuracy": 0.53333, "precision": 0.53922, "recall": 0.70513, "f1": 0.61111, "auc": 0.5349}
{"epoch": 91, "time_epoch": 1.93982, "eta": 15.65442, "eta_hours": 0.00435, "loss": 0.6700947, "lr": 1.985e-05, "params": 6239, "time_iter": 0.05105, "accuracy": 0.58, "precision": 0.57426, "recall": 0.74359, "f1": 0.64804, "auc": 0.61254}
{"epoch": 92, "time_epoch": 1.93006, "eta": 13.69561, "eta_hours": 0.0038, "loss": 0.68506935, "lr": 1.571e-05, "params": 6239, "time_iter": 0.05079, "accuracy": 0.48, "precision": 0.5, "recall": 0.61538, "f1": 0.55172, "auc": 0.55075}
{"epoch": 93, "time_epoch": 1.94232, "eta": 11.73819, "eta_hours": 0.00326, "loss": 0.68292313, "lr": 1.204e-05, "params": 6239, "time_iter": 0.05111, "accuracy": 0.56667, "precision": 0.56436, "recall": 0.73077, "f1": 0.63687, "auc": 0.55947}
{"epoch": 94, "time_epoch": 1.97427, "eta": 9.78276, "eta_hours": 0.00272, "loss": 0.68214107, "lr": 8.86e-06, "params": 6239, "time_iter": 0.05195, "accuracy": 0.55333, "precision": 0.55789, "recall": 0.67949, "f1": 0.61272, "auc": 0.56624}
{"epoch": 95, "time_epoch": 1.88396, "eta": 7.82319, "eta_hours": 0.00217, "loss": 0.68060104, "lr": 6.16e-06, "params": 6239, "time_iter": 0.04958, "accuracy": 0.58667, "precision": 0.57407, "recall": 0.79487, "f1": 0.66667, "auc": 0.56802}
{"epoch": 96, "time_epoch": 1.89194, "eta": 5.86541, "eta_hours": 0.00163, "loss": 0.66641021, "lr": 3.94e-06, "params": 6239, "time_iter": 0.04979, "accuracy": 0.60667, "precision": 0.59223, "recall": 0.78205, "f1": 0.67403, "auc": 0.66311}
{"epoch": 97, "time_epoch": 1.86103, "eta": 3.90836, "eta_hours": 0.00109, "loss": 0.67638301, "lr": 2.22e-06, "params": 6239, "time_iter": 0.04897, "accuracy": 0.58, "precision": 0.57576, "recall": 0.73077, "f1": 0.64407, "auc": 0.6015}
{"epoch": 98, "time_epoch": 1.85404, "eta": 1.95317, "eta_hours": 0.00054, "loss": 0.68015731, "lr": 9.9e-07, "params": 6239, "time_iter": 0.04879, "accuracy": 0.56, "precision": 0.56122, "recall": 0.70513, "f1": 0.625, "auc": 0.59562}
{"epoch": 99, "time_epoch": 1.90391, "eta": 0.0, "eta_hours": 0.0, "loss": 0.68927646, "lr": 2.5e-07, "params": 6239, "time_iter": 0.0501, "accuracy": 0.53333, "precision": 0.53774, "recall": 0.73077, "f1": 0.61957, "auc": 0.52582}
