{"epoch": 0, "time_epoch": 18.46046, "eta": 1827.58528, "eta_hours": 0.50766, "loss": 0.68068665, "lr": 0.001, "params": 3599, "time_iter": 0.52744, "accuracy": 0.58633, "precision": 0.40625, "recall": 0.11927, "f1": 0.1844, "auc": 0.51606}
{"epoch": 1, "time_epoch": 18.36911, "eta": 1804.64861, "eta_hours": 0.50129, "loss": 0.67274293, "lr": 0.00099975, "params": 3599, "time_iter": 0.52483, "accuracy": 0.60791, "precision": 0.0, "recall": 0.0, "f1": 0.0, "auc": 0.49562}
{"epoch": 2, "time_epoch": 24.40664, "eta": 1979.97059, "eta_hours": 0.54999, "loss": 0.67122441, "lr": 0.00099901, "params": 3599, "time_iter": 0.69733, "accuracy": 0.60791, "precision": 0.0, "recall": 0.0, "f1": 0.0, "auc": 0.51594}
{"epoch": 3, "time_epoch": 18.23959, "eta": 1907.41912, "eta_hours": 0.52984, "loss": 0.67063362, "lr": 0.00099778, "params": 3599, "time_iter": 0.52113, "accuracy": 0.60791, "precision": 0.0, "recall": 0.0, "f1": 0.0, "auc": 0.485}
{"epoch": 4, "time_epoch": 18.28543, "eta": 1857.46327, "eta_hours": 0.51596, "loss": 0.67035641, "lr": 0.00099606, "params": 3599, "time_iter": 0.52244, "accuracy": 0.60791, "precision": 0.0, "recall": 0.0, "f1": 0.0, "auc": 0.48298}
{"epoch": 5, "time_epoch": 18.247, "eta": 1817.46214, "eta_hours": 0.50485, "loss": 0.67007054, "lr": 0.00099384, "params": 3599, "time_iter": 0.52134, "accuracy": 0.60791, "precision": 0.0, "recall": 0.0, "f1": 0.0, "auc": 0.4588}
{"epoch": 6, "time_epoch": 18.27614, "eta": 1784.0637, "eta_hours": 0.49557, "loss": 0.66997688, "lr": 0.00099114, "params": 3599, "time_iter": 0.52218, "accuracy": 0.60791, "precision": 0.0, "recall": 0.0, "f1": 0.0, "auc": 0.49287}
{"epoch": 7, "time_epoch": 18.26148, "eta": 1754.27723, "eta_hours": 0.4873, "loss": 0.66982749, "lr": 0.00098796, "params": 3599, "time_iter": 0.52176, "accuracy": 0.60791, "precision": 0.0, "recall": 0.0, "f1": 0.0, "auc": 0.4657}
{"epoch": 8, "time_epoch": 18.27643, "eta": 1727.203, "eta_hours": 0.47978, "loss": 0.6697991, "lr": 0.00098429, "params": 3599, "time_iter": 0.52218, "accuracy": 0.60791, "precision": 0.0, "recall": 0.0, "f1": 0.0, "auc": 0.45277}
{"epoch": 9, "time_epoch": 18.17888, "eta": 1701.01043, "eta_hours": 0.4725, "loss": 0.66976829, "lr": 0.00098015, "params": 3599, "time_iter": 0.5194, "accuracy": 0.60791, "precision": 0.0, "recall": 0.0, "f1": 0.0, "auc": 0.47459}
{"epoch": 10, "time_epoch": 18.19025, "eta": 1676.36685, "eta_hours": 0.46566, "loss": 0.6698058, "lr": 0.00097553, "params": 3599, "time_iter": 0.51972, "accuracy": 0.60791, "precision": 0.0, "recall": 0.0, "f1": 0.0, "auc": 0.45192}
{"epoch": 11, "time_epoch": 18.27731, "eta": 1653.43726, "eta_hours": 0.45929, "loss": 0.66996994, "lr": 0.00097044, "params": 3599, "time_iter": 0.52221, "accuracy": 0.60791, "precision": 0.0, "recall": 0.0, "f1": 0.0, "auc": 0.44288}
{"epoch": 12, "time_epoch": 18.23268, "eta": 1630.92473, "eta_hours": 0.45303, "loss": 0.66972111, "lr": 0.00096489, "params": 3599, "time_iter": 0.52093, "accuracy": 0.60791, "precision": 0.0, "recall": 0.0, "f1": 0.0, "auc": 0.438}
{"epoch": 13, "time_epoch": 18.29017, "eta": 1609.37675, "eta_hours": 0.44705, "loss": 0.6698087, "lr": 0.00095888, "params": 3599, "time_iter": 0.52258, "accuracy": 0.60791, "precision": 0.0, "recall": 0.0, "f1": 0.0, "auc": 0.45168}
{"epoch": 14, "time_epoch": 18.18755, "eta": 1587.68165, "eta_hours": 0.44102, "loss": 0.66985447, "lr": 0.00095241, "params": 3599, "time_iter": 0.51964, "accuracy": 0.60791, "precision": 0.0, "recall": 0.0, "f1": 0.0, "auc": 0.4505}
{"epoch": 15, "time_epoch": 18.19062, "eta": 1566.4411, "eta_hours": 0.43512, "loss": 0.66979407, "lr": 0.0009455, "params": 3599, "time_iter": 0.51973, "accuracy": 0.60791, "precision": 0.0, "recall": 0.0, "f1": 0.0, "auc": 0.46387}
{"epoch": 16, "time_epoch": 18.17293, "eta": 1545.47302, "eta_hours": 0.4293, "loss": 0.66980013, "lr": 0.00093815, "params": 3599, "time_iter": 0.51923, "accuracy": 0.60791, "precision": 0.0, "recall": 0.0, "f1": 0.0, "auc": 0.46682}
{"epoch": 17, "time_epoch": 18.17269, "eta": 1524.81439, "eta_hours": 0.42356, "loss": 0.66972561, "lr": 0.00093037, "params": 3599, "time_iter": 0.51922, "accuracy": 0.60791, "precision": 0.0, "recall": 0.0, "f1": 0.0, "auc": 0.45278}
{"epoch": 18, "time_epoch": 18.19155, "eta": 1504.49785, "eta_hours": 0.41792, "loss": 0.66987667, "lr": 0.00092216, "params": 3599, "time_iter": 0.51976, "accuracy": 0.60791, "precision": 0.0, "recall": 0.0, "f1": 0.0, "auc": 0.45497}
{"epoch": 19, "time_epoch": 18.16045, "eta": 1484.2694, "eta_hours": 0.4123, "loss": 0.66973996, "lr": 0.00091354, "params": 3599, "time_iter": 0.51887, "accuracy": 0.60791, "precision": 0.0, "recall": 0.0, "f1": 0.0, "auc": 0.46895}
{"epoch": 20, "time_epoch": 18.27534, "eta": 1464.67012, "eta_hours": 0.40685, "loss": 0.66968926, "lr": 0.00090451, "params": 3599, "time_iter": 0.52215, "accuracy": 0.60791, "precision": 0.0, "recall": 0.0, "f1": 0.0, "auc": 0.48514}
{"epoch": 21, "time_epoch": 18.19914, "eta": 1444.92104, "eta_hours": 0.40137, "loss": 0.66977317, "lr": 0.00089508, "params": 3599, "time_iter": 0.51998, "accuracy": 0.60791, "precision": 0.0, "recall": 0.0, "f1": 0.0, "auc": 0.45001}
{"epoch": 22, "time_epoch": 18.29887, "eta": 1425.64061, "eta_hours": 0.39601, "loss": 0.66999187, "lr": 0.00088526, "params": 3599, "time_iter": 0.52282, "accuracy": 0.60791, "precision": 0.0, "recall": 0.0, "f1": 0.0, "auc": 0.44003}
{"epoch": 23, "time_epoch": 18.25417, "eta": 1406.30042, "eta_hours": 0.39064, "loss": 0.66972745, "lr": 0.00087506, "params": 3599, "time_iter": 0.52155, "accuracy": 0.60791, "precision": 0.0, "recall": 0.0, "f1": 0.0, "auc": 0.47947}
{"epoch": 24, "time_epoch": 18.25155, "eta": 1387.03926, "eta_hours": 0.38529, "loss": 0.66971332, "lr": 0.00086448, "params": 3599, "time_iter": 0.52147, "accuracy": 0.60791, "precision": 0.0, "recall": 0.0, "f1": 0.0, "auc": 0.46085}
{"epoch": 25, "time_epoch": 18.31155, "eta": 1368.02652, "eta_hours": 0.38001, "loss": 0.66973943, "lr": 0.00085355, "params": 3599, "time_iter": 0.52319, "accuracy": 0.60791, "precision": 0.0, "recall": 0.0, "f1": 0.0, "auc": 0.44895}
{"epoch": 26, "time_epoch": 18.18673, "eta": 1348.72827, "eta_hours": 0.37465, "loss": 0.66975104, "lr": 0.00084227, "params": 3599, "time_iter": 0.51962, "accuracy": 0.60791, "precision": 0.0, "recall": 0.0, "f1": 0.0, "auc": 0.44826}
{"epoch": 27, "time_epoch": 18.24534, "eta": 1329.66012, "eta_hours": 0.36935, "loss": 0.66977724, "lr": 0.00083066, "params": 3599, "time_iter": 0.5213, "accuracy": 0.60791, "precision": 0.0, "recall": 0.0, "f1": 0.0, "auc": 0.44181}
{"epoch": 28, "time_epoch": 18.19108, "eta": 1310.51586, "eta_hours": 0.36403, "loss": 0.6697101, "lr": 0.00081871, "params": 3599, "time_iter": 0.51975, "accuracy": 0.60791, "precision": 0.0, "recall": 0.0, "f1": 0.0, "auc": 0.48254}
{"epoch": 29, "time_epoch": 18.17541, "eta": 1291.39858, "eta_hours": 0.35872, "loss": 0.66984204, "lr": 0.00080645, "params": 3599, "time_iter": 0.5193, "accuracy": 0.60791, "precision": 0.0, "recall": 0.0, "f1": 0.0, "auc": 0.44554}
{"epoch": 30, "time_epoch": 18.27748, "eta": 1272.56926, "eta_hours": 0.35349, "loss": 0.66987135, "lr": 0.00079389, "params": 3599, "time_iter": 0.52221, "accuracy": 0.60791, "precision": 0.0, "recall": 0.0, "f1": 0.0, "auc": 0.44236}
{"epoch": 31, "time_epoch": 18.20761, "eta": 1253.62596, "eta_hours": 0.34823, "loss": 0.66983254, "lr": 0.00078104, "params": 3599, "time_iter": 0.52022, "accuracy": 0.60791, "precision": 0.0, "recall": 0.0, "f1": 0.0, "auc": 0.41751}
{"epoch": 32, "time_epoch": 18.19005, "eta": 1234.6916, "eta_hours": 0.34297, "loss": 0.66973652, "lr": 0.00076791, "params": 3599, "time_iter": 0.51972, "accuracy": 0.60791, "precision": 0.0, "recall": 0.0, "f1": 0.0, "auc": 0.43085}
{"epoch": 33, "time_epoch": 18.22941, "eta": 1215.87742, "eta_hours": 0.33774, "loss": 0.66971342, "lr": 0.00075452, "params": 3599, "time_iter": 0.52084, "accuracy": 0.60791, "precision": 0.0, "recall": 0.0, "f1": 0.0, "auc": 0.44719}
{"epoch": 34, "time_epoch": 18.27769, "eta": 1197.18632, "eta_hours": 0.33255, "loss": 0.66979031, "lr": 0.00074088, "params": 3599, "time_iter": 0.52222, "accuracy": 0.60791, "precision": 0.0, "recall": 0.0, "f1": 0.0, "auc": 0.46328}
{"epoch": 35, "time_epoch": 18.18151, "eta": 1178.3472, "eta_hours": 0.32732, "loss": 0.66975107, "lr": 0.000727, "params": 3599, "time_iter": 0.51947, "accuracy": 0.60791, "precision": 0.0, "recall": 0.0, "f1": 0.0, "auc": 0.46359}
{"epoch": 36, "time_epoch": 18.28695, "eta": 1159.72316, "eta_hours": 0.32215, "loss": 0.6697788, "lr": 0.00071289, "params": 3599, "time_iter": 0.52248, "accuracy": 0.60791, "precision": 0.0, "recall": 0.0, "f1": 0.0, "auc": 0.45145}
{"epoch": 37, "time_epoch": 18.2944, "eta": 1141.12902, "eta_hours": 0.31698, "loss": 0.6697304, "lr": 0.00069857, "params": 3599, "time_iter": 0.5227, "accuracy": 0.60791, "precision": 0.0, "recall": 0.0, "f1": 0.0, "auc": 0.47202}
{"epoch": 38, "time_epoch": 18.19013, "eta": 1122.38715, "eta_hours": 0.31177, "loss": 0.6697845, "lr": 0.00068406, "params": 3599, "time_iter": 0.51972, "accuracy": 0.60791, "precision": 0.0, "recall": 0.0, "f1": 0.0, "auc": 0.44613}
{"epoch": 39, "time_epoch": 18.17865, "eta": 1103.65565, "eta_hours": 0.30657, "loss": 0.66981011, "lr": 0.00066937, "params": 3599, "time_iter": 0.51939, "accuracy": 0.60791, "precision": 0.0, "recall": 0.0, "f1": 0.0, "auc": 0.43619}
{"epoch": 40, "time_epoch": 18.20821, "eta": 1084.99367, "eta_hours": 0.30139, "loss": 0.66976172, "lr": 0.00065451, "params": 3599, "time_iter": 0.52023, "accuracy": 0.60791, "precision": 0.0, "recall": 0.0, "f1": 0.0, "auc": 0.45276}
{"epoch": 41, "time_epoch": 18.19133, "eta": 1066.32997, "eta_hours": 0.2962, "loss": 0.66972268, "lr": 0.0006395, "params": 3599, "time_iter": 0.51975, "accuracy": 0.60791, "precision": 0.0, "recall": 0.0, "f1": 0.0, "auc": 0.46817}
{"epoch": 42, "time_epoch": 18.16701, "eta": 1047.65601, "eta_hours": 0.29102, "loss": 0.66970913, "lr": 0.00062434, "params": 3599, "time_iter": 0.51906, "accuracy": 0.60791, "precision": 0.0, "recall": 0.0, "f1": 0.0, "auc": 0.46421}
{"epoch": 43, "time_epoch": 18.25709, "eta": 1029.11974, "eta_hours": 0.28587, "loss": 0.66967093, "lr": 0.00060907, "params": 3599, "time_iter": 0.52163, "accuracy": 0.60791, "precision": 0.0, "recall": 0.0, "f1": 0.0, "auc": 0.49642}
{"epoch": 44, "time_epoch": 18.25401, "eta": 1010.59212, "eta_hours": 0.28072, "loss": 0.66971308, "lr": 0.00059369, "params": 3599, "time_iter": 0.52154, "accuracy": 0.60791, "precision": 0.0, "recall": 0.0, "f1": 0.0, "auc": 0.46032}
{"epoch": 45, "time_epoch": 18.21201, "eta": 992.02708, "eta_hours": 0.27556, "loss": 0.66971013, "lr": 0.00057822, "params": 3599, "time_iter": 0.52034, "accuracy": 0.60791, "precision": 0.0, "recall": 0.0, "f1": 0.0, "auc": 0.45737}
{"epoch": 46, "time_epoch": 18.24742, "eta": 973.517, "eta_hours": 0.27042, "loss": 0.6698411, "lr": 0.00056267, "params": 3599, "time_iter": 0.52135, "accuracy": 0.60791, "precision": 0.0, "recall": 0.0, "f1": 0.0, "auc": 0.44381}
{"epoch": 47, "time_epoch": 18.31257, "eta": 955.08844, "eta_hours": 0.2653, "loss": 0.66968783, "lr": 0.00054705, "params": 3599, "time_iter": 0.52322, "accuracy": 0.60791, "precision": 0.0, "recall": 0.0, "f1": 0.0, "auc": 0.48175}
{"epoch": 48, "time_epoch": 18.31124, "eta": 936.66323, "eta_hours": 0.26018, "loss": 0.66975037, "lr": 0.0005314, "params": 3599, "time_iter": 0.52318, "accuracy": 0.60791, "precision": 0.0, "recall": 0.0, "f1": 0.0, "auc": 0.44502}
{"epoch": 49, "time_epoch": 18.3553, "eta": 918.28664, "eta_hours": 0.25508, "loss": 0.66975132, "lr": 0.00051571, "params": 3599, "time_iter": 0.52444, "accuracy": 0.60791, "precision": 0.0, "recall": 0.0, "f1": 0.0, "auc": 0.44937}
{"epoch": 50, "time_epoch": 18.33365, "eta": 899.89008, "eta_hours": 0.24997, "loss": 0.66970684, "lr": 0.0005, "params": 3599, "time_iter": 0.52382, "accuracy": 0.60791, "precision": 0.0, "recall": 0.0, "f1": 0.0, "auc": 0.46356}
{"epoch": 51, "time_epoch": 18.32639, "eta": 881.48924, "eta_hours": 0.24486, "loss": 0.66972615, "lr": 0.00048429, "params": 3599, "time_iter": 0.52361, "accuracy": 0.60791, "precision": 0.0, "recall": 0.0, "f1": 0.0, "auc": 0.462}
{"epoch": 52, "time_epoch": 18.26955, "eta": 863.0408, "eta_hours": 0.23973, "loss": 0.66993026, "lr": 0.0004686, "params": 3599, "time_iter": 0.52199, "accuracy": 0.60791, "precision": 0.0, "recall": 0.0, "f1": 0.0, "auc": 0.45331}
{"epoch": 53, "time_epoch": 18.23718, "eta": 844.57142, "eta_hours": 0.2346, "loss": 0.66970498, "lr": 0.00045295, "params": 3599, "time_iter": 0.52106, "accuracy": 0.60791, "precision": 0.0, "recall": 0.0, "f1": 0.0, "auc": 0.47825}
{"epoch": 54, "time_epoch": 18.27755, "eta": 826.1435, "eta_hours": 0.22948, "loss": 0.66974512, "lr": 0.00043733, "params": 3599, "time_iter": 0.52222, "accuracy": 0.60791, "precision": 0.0, "recall": 0.0, "f1": 0.0, "auc": 0.44694}
{"epoch": 55, "time_epoch": 18.26014, "eta": 807.70728, "eta_hours": 0.22436, "loss": 0.66970722, "lr": 0.00042178, "params": 3599, "time_iter": 0.52172, "accuracy": 0.60791, "precision": 0.0, "recall": 0.0, "f1": 0.0, "auc": 0.45557}
{"epoch": 56, "time_epoch": 18.24608, "eta": 789.26663, "eta_hours": 0.21924, "loss": 0.66969969, "lr": 0.00040631, "params": 3599, "time_iter": 0.52132, "accuracy": 0.60791, "precision": 0.0, "recall": 0.0, "f1": 0.0, "auc": 0.46867}
{"epoch": 57, "time_epoch": 18.22276, "eta": 770.81581, "eta_hours": 0.21412, "loss": 0.66969302, "lr": 0.00039093, "params": 3599, "time_iter": 0.52065, "accuracy": 0.60791, "precision": 0.0, "recall": 0.0, "f1": 0.0, "auc": 0.4656}
{"epoch": 58, "time_epoch": 18.22969, "eta": 752.37753, "eta_hours": 0.20899, "loss": 0.66968126, "lr": 0.00037566, "params": 3599, "time_iter": 0.52085, "accuracy": 0.60791, "precision": 0.0, "recall": 0.0, "f1": 0.0, "auc": 0.48462}
{"epoch": 59, "time_epoch": 18.30737, "eta": 733.99799, "eta_hours": 0.20389, "loss": 0.66970834, "lr": 0.0003605, "params": 3599, "time_iter": 0.52307, "accuracy": 0.60791, "precision": 0.0, "recall": 0.0, "f1": 0.0, "auc": 0.46425}
{"epoch": 60, "time_epoch": 18.29997, "eta": 715.61609, "eta_hours": 0.19878, "loss": 0.66968193, "lr": 0.00034549, "params": 3599, "time_iter": 0.52286, "accuracy": 0.60791, "precision": 0.0, "recall": 0.0, "f1": 0.0, "auc": 0.47918}
{"epoch": 61, "time_epoch": 18.29497, "eta": 697.23376, "eta_hours": 0.19368, "loss": 0.66969517, "lr": 0.00033063, "params": 3599, "time_iter": 0.52271, "accuracy": 0.60791, "precision": 0.0, "recall": 0.0, "f1": 0.0, "auc": 0.47189}
{"epoch": 62, "time_epoch": 18.28701, "eta": 678.84954, "eta_hours": 0.18857, "loss": 0.66979726, "lr": 0.00031594, "params": 3599, "time_iter": 0.52249, "accuracy": 0.60791, "precision": 0.0, "recall": 0.0, "f1": 0.0, "auc": 0.42167}
{"epoch": 63, "time_epoch": 18.23136, "eta": 660.43704, "eta_hours": 0.18345, "loss": 0.66970795, "lr": 0.00030143, "params": 3599, "time_iter": 0.5209, "accuracy": 0.60791, "precision": 0.0, "recall": 0.0, "f1": 0.0, "auc": 0.44011}
{"epoch": 64, "time_epoch": 18.23237, "eta": 642.03066, "eta_hours": 0.17834, "loss": 0.66969525, "lr": 0.00028711, "params": 3599, "time_iter": 0.52092, "accuracy": 0.60791, "precision": 0.0, "recall": 0.0, "f1": 0.0, "auc": 0.46192}
{"epoch": 65, "time_epoch": 18.3186, "eta": 623.67398, "eta_hours": 0.17324, "loss": 0.669703, "lr": 0.000273, "params": 3599, "time_iter": 0.52339, "accuracy": 0.60791, "precision": 0.0, "recall": 0.0, "f1": 0.0, "auc": 0.46701}
{"epoch": 66, "time_epoch": 18.33293, "eta": 605.32549, "eta_hours": 0.16815, "loss": 0.66968541, "lr": 0.00025912, "params": 3599, "time_iter": 0.5238, "accuracy": 0.60791, "precision": 0.0, "recall": 0.0, "f1": 0.0, "auc": 0.46757}
{"epoch": 67, "time_epoch": 18.34993, "eta": 586.98547, "eta_hours": 0.16305, "loss": 0.66968829, "lr": 0.00024548, "params": 3599, "time_iter": 0.52428, "accuracy": 0.60791, "precision": 0.0, "recall": 0.0, "f1": 0.0, "auc": 0.46869}
{"epoch": 68, "time_epoch": 18.31811, "eta": 568.63085, "eta_hours": 0.15795, "loss": 0.66974683, "lr": 0.00023209, "params": 3599, "time_iter": 0.52337, "accuracy": 0.60791, "precision": 0.0, "recall": 0.0, "f1": 0.0, "auc": 0.43622}
{"epoch": 69, "time_epoch": 18.23812, "eta": 550.243, "eta_hours": 0.15285, "loss": 0.66969877, "lr": 0.00021896, "params": 3599, "time_iter": 0.52109, "accuracy": 0.60791, "precision": 0.0, "recall": 0.0, "f1": 0.0, "auc": 0.46672}
{"epoch": 70, "time_epoch": 18.31733, "eta": 531.89172, "eta_hours": 0.14775, "loss": 0.6697124, "lr": 0.00020611, "params": 3599, "time_iter": 0.52335, "accuracy": 0.60791, "precision": 0.0, "recall": 0.0, "f1": 0.0, "auc": 0.45955}
{"epoch": 71, "time_epoch": 18.25872, "eta": 513.5186, "eta_hours": 0.14264, "loss": 0.66969438, "lr": 0.00019355, "params": 3599, "time_iter": 0.52168, "accuracy": 0.60791, "precision": 0.0, "recall": 0.0, "f1": 0.0, "auc": 0.46898}
{"epoch": 72, "time_epoch": 18.34797, "eta": 495.18161, "eta_hours": 0.13755, "loss": 0.66968387, "lr": 0.00018129, "params": 3599, "time_iter": 0.52423, "accuracy": 0.60791, "precision": 0.0, "recall": 0.0, "f1": 0.0, "auc": 0.46592}
{"epoch": 73, "time_epoch": 18.24222, "eta": 476.80718, "eta_hours": 0.13245, "loss": 0.66971311, "lr": 0.00016934, "params": 3599, "time_iter": 0.52121, "accuracy": 0.60791, "precision": 0.0, "recall": 0.0, "f1": 0.0, "auc": 0.46091}
{"epoch": 74, "time_epoch": 18.24427, "eta": 458.43695, "eta_hours": 0.12734, "loss": 0.66966871, "lr": 0.00015773, "params": 3599, "time_iter": 0.52126, "accuracy": 0.60791, "precision": 0.0, "recall": 0.0, "f1": 0.0, "auc": 0.49601}
{"epoch": 75, "time_epoch": 18.2351, "eta": 440.06714, "eta_hours": 0.12224, "loss": 0.66967887, "lr": 0.00014645, "params": 3599, "time_iter": 0.521, "accuracy": 0.60791, "precision": 0.0, "recall": 0.0, "f1": 0.0, "auc": 0.48558}
{"epoch": 76, "time_epoch": 18.30847, "eta": 421.72275, "eta_hours": 0.11715, "loss": 0.66967873, "lr": 0.00013552, "params": 3599, "time_iter": 0.5231, "accuracy": 0.60791, "precision": 0.0, "recall": 0.0, "f1": 0.0, "auc": 0.488}
{"epoch": 77, "time_epoch": 18.26996, "eta": 403.36842, "eta_hours": 0.11205, "loss": 0.66967612, "lr": 0.00012494, "params": 3599, "time_iter": 0.522, "accuracy": 0.60791, "precision": 0.0, "recall": 0.0, "f1": 0.0, "auc": 0.49641}
{"epoch": 78, "time_epoch": 18.24535, "eta": 385.00968, "eta_hours": 0.10695, "loss": 0.66967225, "lr": 0.00011474, "params": 3599, "time_iter": 0.5213, "accuracy": 0.60791, "precision": 0.0, "recall": 0.0, "f1": 0.0, "auc": 0.4942}
{"epoch": 79, "time_epoch": 18.23541, "eta": 366.65129, "eta_hours": 0.10185, "loss": 0.66968771, "lr": 0.00010492, "params": 3599, "time_iter": 0.52101, "accuracy": 0.60791, "precision": 0.0, "recall": 0.0, "f1": 0.0, "auc": 0.46164}
{"epoch": 80, "time_epoch": 18.29861, "eta": 348.31076, "eta_hours": 0.09675, "loss": 0.66967111, "lr": 9.549e-05, "params": 3599, "time_iter": 0.52282, "accuracy": 0.60791, "precision": 0.0, "recall": 0.0, "f1": 0.0, "auc": 0.50043}
{"epoch": 81, "time_epoch": 18.28999, "eta": 329.96936, "eta_hours": 0.09166, "loss": 0.6696726, "lr": 8.646e-05, "params": 3599, "time_iter": 0.52257, "accuracy": 0.60791, "precision": 0.0, "recall": 0.0, "f1": 0.0, "auc": 0.48906}
{"epoch": 82, "time_epoch": 18.33692, "eta": 311.63881, "eta_hours": 0.08657, "loss": 0.66967453, "lr": 7.784e-05, "params": 3599, "time_iter": 0.52391, "accuracy": 0.60791, "precision": 0.0, "recall": 0.0, "f1": 0.0, "auc": 0.47832}
{"epoch": 83, "time_epoch": 18.29158, "eta": 293.29948, "eta_hours": 0.08147, "loss": 0.66967526, "lr": 6.963e-05, "params": 3599, "time_iter": 0.52262, "accuracy": 0.60791, "precision": 0.0, "recall": 0.0, "f1": 0.0, "auc": 0.47585}
{"epoch": 84, "time_epoch": 18.28889, "eta": 274.96079, "eta_hours": 0.07638, "loss": 0.66967161, "lr": 6.185e-05, "params": 3599, "time_iter": 0.52254, "accuracy": 0.60791, "precision": 0.0, "recall": 0.0, "f1": 0.0, "auc": 0.48316}
{"epoch": 85, "time_epoch": 18.25693, "eta": 256.61806, "eta_hours": 0.07128, "loss": 0.6696753, "lr": 5.45e-05, "params": 3599, "time_iter": 0.52163, "accuracy": 0.60791, "precision": 0.0, "recall": 0.0, "f1": 0.0, "auc": 0.48154}
{"epoch": 86, "time_epoch": 18.26951, "eta": 238.27918, "eta_hours": 0.06619, "loss": 0.66968123, "lr": 4.759e-05, "params": 3599, "time_iter": 0.52199, "accuracy": 0.60791, "precision": 0.0, "recall": 0.0, "f1": 0.0, "auc": 0.46008}
{"epoch": 87, "time_epoch": 18.24247, "eta": 219.93819, "eta_hours": 0.06109, "loss": 0.66967334, "lr": 4.112e-05, "params": 3599, "time_iter": 0.52121, "accuracy": 0.60791, "precision": 0.0, "recall": 0.0, "f1": 0.0, "auc": 0.48904}
{"epoch": 88, "time_epoch": 24.08537, "eta": 202.32157, "eta_hours": 0.0562, "loss": 0.66966799, "lr": 3.511e-05, "params": 3599, "time_iter": 0.68815, "accuracy": 0.60791, "precision": 0.0, "recall": 0.0, "f1": 0.0, "auc": 0.5344}
{"epoch": 89, "time_epoch": 25.22213, "eta": 184.68751, "eta_hours": 0.0513, "loss": 0.669665, "lr": 2.956e-05, "params": 3599, "time_iter": 0.72063, "accuracy": 0.60791, "precision": 0.0, "recall": 0.0, "f1": 0.0, "auc": 0.55048}
{"epoch": 90, "time_epoch": 25.23698, "eta": 166.88814, "eta_hours": 0.04636, "loss": 0.66966594, "lr": 2.447e-05, "params": 3599, "time_iter": 0.72106, "accuracy": 0.60791, "precision": 0.0, "recall": 0.0, "f1": 0.0, "auc": 0.53002}
{"epoch": 91, "time_epoch": 25.22264, "eta": 148.92584, "eta_hours": 0.04137, "loss": 0.66966468, "lr": 1.985e-05, "params": 3599, "time_iter": 0.72065, "accuracy": 0.60791, "precision": 0.0, "recall": 0.0, "f1": 0.0, "auc": 0.52771}
{"epoch": 92, "time_epoch": 25.3058, "eta": 130.81367, "eta_hours": 0.03634, "loss": 0.66966697, "lr": 1.571e-05, "params": 3599, "time_iter": 0.72302, "accuracy": 0.60791, "precision": 0.0, "recall": 0.0, "f1": 0.0, "auc": 0.51582}
{"epoch": 93, "time_epoch": 25.31951, "eta": 112.54931, "eta_hours": 0.03126, "loss": 0.66966727, "lr": 1.204e-05, "params": 3599, "time_iter": 0.72341, "accuracy": 0.60791, "precision": 0.0, "recall": 0.0, "f1": 0.0, "auc": 0.51447}
{"epoch": 94, "time_epoch": 25.24379, "eta": 94.13244, "eta_hours": 0.02615, "loss": 0.66966745, "lr": 8.86e-06, "params": 3599, "time_iter": 0.72125, "accuracy": 0.60791, "precision": 0.0, "recall": 0.0, "f1": 0.0, "auc": 0.51952}
{"epoch": 95, "time_epoch": 25.23462, "eta": 75.57295, "eta_hours": 0.02099, "loss": 0.66966658, "lr": 6.16e-06, "params": 3599, "time_iter": 0.72099, "accuracy": 0.60791, "precision": 0.0, "recall": 0.0, "f1": 0.0, "auc": 0.5242}
{"epoch": 96, "time_epoch": 25.25572, "eta": 56.87649, "eta_hours": 0.0158, "loss": 0.66966622, "lr": 3.94e-06, "params": 3599, "time_iter": 0.72159, "accuracy": 0.60791, "precision": 0.0, "recall": 0.0, "f1": 0.0, "auc": 0.50298}
{"epoch": 97, "time_epoch": 25.28353, "eta": 38.04674, "eta_hours": 0.01057, "loss": 0.66966795, "lr": 2.22e-06, "params": 3599, "time_iter": 0.72239, "accuracy": 0.60791, "precision": 0.0, "recall": 0.0, "f1": 0.0, "auc": 0.48932}
{"epoch": 98, "time_epoch": 25.30583, "eta": 19.08683, "eta_hours": 0.0053, "loss": 0.66966825, "lr": 9.9e-07, "params": 3599, "time_iter": 0.72302, "accuracy": 0.60791, "precision": 0.0, "recall": 0.0, "f1": 0.0, "auc": 0.50925}
{"epoch": 99, "time_epoch": 25.22398, "eta": 0.0, "eta_hours": 0.0, "loss": 0.66966686, "lr": 2.5e-07, "params": 3599, "time_iter": 0.72069, "accuracy": 0.60791, "precision": 0.0, "recall": 0.0, "f1": 0.0, "auc": 0.50321}
