{"epoch": 0, "time_epoch": 27.53805, "eta": 2726.26706, "eta_hours": 0.7573, "loss": 0.69555908, "lr": 0.001, "params": 3861, "time_iter": 0.86056, "accuracy": 0.494, "precision": 0.0, "recall": 0.0, "f1": 0.0, "auc": 0.47439}
{"epoch": 1, "time_epoch": 27.25526, "eta": 2684.87234, "eta_hours": 0.7458, "loss": 0.69358282, "lr": 0.00099975, "params": 3861, "time_iter": 0.85173, "accuracy": 0.466, "precision": 0.4375, "recall": 0.19368, "f1": 0.26849, "auc": 0.45484}
{"epoch": 2, "time_epoch": 27.27581, "eta": 2653.56827, "eta_hours": 0.7371, "loss": 0.69331076, "lr": 0.00099901, "params": 3861, "time_iter": 0.85237, "accuracy": 0.478, "precision": 0.4863, "recall": 0.56126, "f1": 0.5211, "auc": 0.47114}
{"epoch": 3, "time_epoch": 27.30162, "eta": 2624.89771, "eta_hours": 0.72914, "loss": 0.69316248, "lr": 0.00099778, "params": 3861, "time_iter": 0.85318, "accuracy": 0.506, "precision": 0.506, "recall": 1.0, "f1": 0.67198, "auc": 0.45647}
{"epoch": 4, "time_epoch": 27.31326, "eta": 2596.99587, "eta_hours": 0.72139, "loss": 0.69317852, "lr": 0.00099606, "params": 3861, "time_iter": 0.85354, "accuracy": 0.506, "precision": 0.506, "recall": 1.0, "f1": 0.67198, "auc": 0.46645}
{"epoch": 5, "time_epoch": 27.25959, "eta": 2568.44945, "eta_hours": 0.71346, "loss": 0.69319143, "lr": 0.00099384, "params": 3861, "time_iter": 0.85186, "accuracy": 0.506, "precision": 0.506, "recall": 1.0, "f1": 0.67198, "auc": 0.42681}
{"epoch": 6, "time_epoch": 27.32117, "eta": 2541.08887, "eta_hours": 0.70586, "loss": 0.69357789, "lr": 0.00099114, "params": 3861, "time_iter": 0.85379, "accuracy": 0.506, "precision": 0.506, "recall": 1.0, "f1": 0.67198, "auc": 0.44787}
{"epoch": 7, "time_epoch": 27.24006, "eta": 2512.80533, "eta_hours": 0.698, "loss": 0.69325179, "lr": 0.00098796, "params": 3861, "time_iter": 0.85125, "accuracy": 0.506, "precision": 0.506, "recall": 1.0, "f1": 0.67198, "auc": 0.45551}
{"epoch": 8, "time_epoch": 27.25393, "eta": 2484.89392, "eta_hours": 0.69025, "loss": 0.69323199, "lr": 0.00098429, "params": 3861, "time_iter": 0.85169, "accuracy": 0.506, "precision": 0.506, "recall": 1.0, "f1": 0.67198, "auc": 0.46052}
{"epoch": 9, "time_epoch": 27.32196, "eta": 2457.72628, "eta_hours": 0.6827, "loss": 0.69372999, "lr": 0.00098015, "params": 3861, "time_iter": 0.85381, "accuracy": 0.506, "precision": 0.506, "recall": 1.0, "f1": 0.67198, "auc": 0.40755}
{"epoch": 10, "time_epoch": 27.31374, "eta": 2430.4641, "eta_hours": 0.67513, "loss": 0.69316719, "lr": 0.00097553, "params": 3861, "time_iter": 0.85355, "accuracy": 0.506, "precision": 0.506, "recall": 1.0, "f1": 0.67198, "auc": 0.47981}
{"epoch": 11, "time_epoch": 27.31048, "eta": 2403.16937, "eta_hours": 0.66755, "loss": 0.69334843, "lr": 0.00097044, "params": 3861, "time_iter": 0.85345, "accuracy": 0.506, "precision": 0.506, "recall": 1.0, "f1": 0.67198, "auc": 0.44637}
{"epoch": 12, "time_epoch": 27.27033, "eta": 2375.60356, "eta_hours": 0.65989, "loss": 0.6932076, "lr": 0.00096489, "params": 3861, "time_iter": 0.8522, "accuracy": 0.506, "precision": 0.506, "recall": 1.0, "f1": 0.67198, "auc": 0.46585}
{"epoch": 13, "time_epoch": 27.2529, "eta": 2347.97287, "eta_hours": 0.65221, "loss": 0.69317679, "lr": 0.00095888, "params": 3861, "time_iter": 0.85165, "accuracy": 0.506, "precision": 0.506, "recall": 1.0, "f1": 0.67198, "auc": 0.46085}
{"epoch": 14, "time_epoch": 27.31123, "eta": 2320.72308, "eta_hours": 0.64465, "loss": 0.69335184, "lr": 0.00095241, "params": 3861, "time_iter": 0.85348, "accuracy": 0.506, "precision": 0.506, "recall": 1.0, "f1": 0.67198, "auc": 0.45283}
{"epoch": 15, "time_epoch": 27.33437, "eta": 2293.58713, "eta_hours": 0.63711, "loss": 0.69326848, "lr": 0.0009455, "params": 3861, "time_iter": 0.8542, "accuracy": 0.506, "precision": 0.506, "recall": 1.0, "f1": 0.67198, "auc": 0.42065}
{"epoch": 16, "time_epoch": 27.39068, "eta": 2266.70277, "eta_hours": 0.62964, "loss": 0.69324855, "lr": 0.00093815, "params": 3861, "time_iter": 0.85596, "accuracy": 0.506, "precision": 0.506, "recall": 1.0, "f1": 0.67198, "auc": 0.44384}
{"epoch": 17, "time_epoch": 27.27107, "eta": 2239.21724, "eta_hours": 0.622, "loss": 0.69340041, "lr": 0.00093037, "params": 3861, "time_iter": 0.85222, "accuracy": 0.506, "precision": 0.506, "recall": 1.0, "f1": 0.67198, "auc": 0.44373}
{"epoch": 18, "time_epoch": 27.26668, "eta": 2211.73559, "eta_hours": 0.61437, "loss": 0.69312904, "lr": 0.00092216, "params": 3861, "time_iter": 0.85208, "accuracy": 0.506, "precision": 0.506, "recall": 1.0, "f1": 0.67198, "auc": 0.49371}
{"epoch": 19, "time_epoch": 27.26358, "eta": 2184.26303, "eta_hours": 0.60674, "loss": 0.69318742, "lr": 0.00091354, "params": 3861, "time_iter": 0.85199, "accuracy": 0.506, "precision": 0.506, "recall": 1.0, "f1": 0.67198, "auc": 0.45416}
{"epoch": 20, "time_epoch": 27.25102, "eta": 2156.76312, "eta_hours": 0.5991, "loss": 0.69316038, "lr": 0.00090451, "params": 3861, "time_iter": 0.85159, "accuracy": 0.506, "precision": 0.506, "recall": 1.0, "f1": 0.67198, "auc": 0.47299}
{"epoch": 21, "time_epoch": 27.33296, "eta": 2129.57635, "eta_hours": 0.59155, "loss": 0.69342111, "lr": 0.00089508, "params": 3861, "time_iter": 0.85415, "accuracy": 0.506, "precision": 0.506, "recall": 1.0, "f1": 0.67198, "auc": 0.44484}
{"epoch": 22, "time_epoch": 27.32593, "eta": 2102.35332, "eta_hours": 0.58399, "loss": 0.69334055, "lr": 0.00088526, "params": 3861, "time_iter": 0.85394, "accuracy": 0.506, "precision": 0.506, "recall": 1.0, "f1": 0.67198, "auc": 0.44317}
{"epoch": 23, "time_epoch": 27.31594, "eta": 2075.0901, "eta_hours": 0.57641, "loss": 0.6932027, "lr": 0.00087506, "params": 3861, "time_iter": 0.85362, "accuracy": 0.506, "precision": 0.506, "recall": 1.0, "f1": 0.67198, "auc": 0.46543}
{"epoch": 24, "time_epoch": 27.31413, "eta": 2047.81721, "eta_hours": 0.56884, "loss": 0.69326155, "lr": 0.00086448, "params": 3861, "time_iter": 0.85357, "accuracy": 0.506, "precision": 0.506, "recall": 1.0, "f1": 0.67198, "auc": 0.45943}
{"epoch": 25, "time_epoch": 27.33968, "eta": 2020.61387, "eta_hours": 0.56128, "loss": 0.69318237, "lr": 0.00085355, "params": 3861, "time_iter": 0.85436, "accuracy": 0.506, "precision": 0.506, "recall": 1.0, "f1": 0.67198, "auc": 0.46834}
{"epoch": 26, "time_epoch": 27.25331, "eta": 1993.16691, "eta_hours": 0.55366, "loss": 0.69313834, "lr": 0.00084227, "params": 3861, "time_iter": 0.85167, "accuracy": 0.506, "precision": 0.506, "recall": 1.0, "f1": 0.67198, "auc": 0.44182}
{"epoch": 27, "time_epoch": 27.35578, "eta": 1965.9973, "eta_hours": 0.54611, "loss": 0.69331467, "lr": 0.00083066, "params": 3861, "time_iter": 0.85487, "accuracy": 0.506, "precision": 0.506, "recall": 1.0, "f1": 0.67198, "auc": 0.43889}
{"epoch": 28, "time_epoch": 27.31022, "eta": 1938.70329, "eta_hours": 0.53853, "loss": 0.69342986, "lr": 0.00081871, "params": 3861, "time_iter": 0.85344, "accuracy": 0.506, "precision": 0.506, "recall": 1.0, "f1": 0.67198, "auc": 0.47296}
{"epoch": 29, "time_epoch": 27.31894, "eta": 1911.42854, "eta_hours": 0.53095, "loss": 0.69327567, "lr": 0.00080645, "params": 3861, "time_iter": 0.85372, "accuracy": 0.506, "precision": 0.506, "recall": 1.0, "f1": 0.67198, "auc": 0.44387}
{"epoch": 30, "time_epoch": 27.33204, "eta": 1884.1801, "eta_hours": 0.52338, "loss": 0.69320588, "lr": 0.00079389, "params": 3861, "time_iter": 0.85413, "accuracy": 0.506, "precision": 0.506, "recall": 1.0, "f1": 0.67198, "auc": 0.47768}
{"epoch": 31, "time_epoch": 27.36121, "eta": 1856.98842, "eta_hours": 0.51583, "loss": 0.69324371, "lr": 0.00078104, "params": 3861, "time_iter": 0.85504, "accuracy": 0.506, "precision": 0.506, "recall": 1.0, "f1": 0.67198, "auc": 0.4458}
{"epoch": 32, "time_epoch": 27.39818, "eta": 1829.86153, "eta_hours": 0.50829, "loss": 0.69342476, "lr": 0.00076791, "params": 3861, "time_iter": 0.85619, "accuracy": 0.506, "precision": 0.506, "recall": 1.0, "f1": 0.67198, "auc": 0.44704}
{"epoch": 33, "time_epoch": 27.34146, "eta": 1802.60857, "eta_hours": 0.50072, "loss": 0.69313392, "lr": 0.00075452, "params": 3861, "time_iter": 0.85442, "accuracy": 0.506, "precision": 0.506, "recall": 1.0, "f1": 0.67198, "auc": 0.47343}
{"epoch": 34, "time_epoch": 27.33078, "eta": 1775.33073, "eta_hours": 0.49315, "loss": 0.6932013, "lr": 0.00074088, "params": 3861, "time_iter": 0.85409, "accuracy": 0.506, "precision": 0.506, "recall": 1.0, "f1": 0.67198, "auc": 0.45231}
{"epoch": 35, "time_epoch": 27.34701, "eta": 1748.0788, "eta_hours": 0.48558, "loss": 0.69333169, "lr": 0.000727, "params": 3861, "time_iter": 0.85459, "accuracy": 0.506, "precision": 0.506, "recall": 1.0, "f1": 0.67198, "auc": 0.44324}
{"epoch": 36, "time_epoch": 27.33022, "eta": 1720.79315, "eta_hours": 0.478, "loss": 0.6930998, "lr": 0.00071289, "params": 3861, "time_iter": 0.85407, "accuracy": 0.506, "precision": 0.506, "recall": 1.0, "f1": 0.67198, "auc": 0.4683}
{"epoch": 37, "time_epoch": 27.33436, "eta": 1693.51191, "eta_hours": 0.47042, "loss": 0.69314126, "lr": 0.00069857, "params": 3861, "time_iter": 0.8542, "accuracy": 0.506, "precision": 0.506, "recall": 1.0, "f1": 0.67198, "auc": 0.46407}
{"epoch": 38, "time_epoch": 27.35358, "eta": 1666.258, "eta_hours": 0.46285, "loss": 0.69313703, "lr": 0.00068406, "params": 3861, "time_iter": 0.8548, "accuracy": 0.506, "precision": 0.506, "recall": 1.0, "f1": 0.67198, "auc": 0.44161}
{"epoch": 39, "time_epoch": 27.36949, "eta": 1639.02298, "eta_hours": 0.45528, "loss": 0.69319679, "lr": 0.00066937, "params": 3861, "time_iter": 0.8553, "accuracy": 0.506, "precision": 0.506, "recall": 1.0, "f1": 0.67198, "auc": 0.46108}
{"epoch": 40, "time_epoch": 27.33569, "eta": 1611.73276, "eta_hours": 0.4477, "loss": 0.69309941, "lr": 0.00065451, "params": 3861, "time_iter": 0.85424, "accuracy": 0.506, "precision": 0.506, "recall": 1.0, "f1": 0.67198, "auc": 0.48008}
{"epoch": 41, "time_epoch": 27.36188, "eta": 1584.47654, "eta_hours": 0.44013, "loss": 0.69324265, "lr": 0.0006395, "params": 3861, "time_iter": 0.85506, "accuracy": 0.506, "precision": 0.506, "recall": 1.0, "f1": 0.67198, "auc": 0.46032}
{"epoch": 42, "time_epoch": 27.32321, "eta": 1557.16414, "eta_hours": 0.43255, "loss": 0.69327346, "lr": 0.00062434, "params": 3861, "time_iter": 0.85385, "accuracy": 0.506, "precision": 0.506, "recall": 1.0, "f1": 0.67198, "auc": 0.46314}
{"epoch": 43, "time_epoch": 27.36795, "eta": 1529.90819, "eta_hours": 0.42497, "loss": 0.69309977, "lr": 0.00060907, "params": 3861, "time_iter": 0.85525, "accuracy": 0.506, "precision": 0.506, "recall": 1.0, "f1": 0.67198, "auc": 0.47653}
{"epoch": 44, "time_epoch": 27.33217, "eta": 1502.60354, "eta_hours": 0.41739, "loss": 0.69315574, "lr": 0.00059369, "params": 3861, "time_iter": 0.85413, "accuracy": 0.506, "precision": 0.506, "recall": 1.0, "f1": 0.67198, "auc": 0.44049}
{"epoch": 45, "time_epoch": 27.33961, "eta": 1475.30642, "eta_hours": 0.40981, "loss": 0.69313759, "lr": 0.00057822, "params": 3861, "time_iter": 0.85436, "accuracy": 0.506, "precision": 0.506, "recall": 1.0, "f1": 0.67198, "auc": 0.48493}
{"epoch": 46, "time_epoch": 27.299, "eta": 1447.9617, "eta_hours": 0.40221, "loss": 0.69316039, "lr": 0.00056267, "params": 3861, "time_iter": 0.85309, "accuracy": 0.506, "precision": 0.506, "recall": 1.0, "f1": 0.67198, "auc": 0.47249}
{"epoch": 47, "time_epoch": 27.33972, "eta": 1420.663, "eta_hours": 0.39463, "loss": 0.69309987, "lr": 0.00054705, "params": 3861, "time_iter": 0.85437, "accuracy": 0.506, "precision": 0.506, "recall": 1.0, "f1": 0.67198, "auc": 0.47881}
{"epoch": 48, "time_epoch": 27.3465, "eta": 1393.36968, "eta_hours": 0.38705, "loss": 0.69313632, "lr": 0.0005314, "params": 3861, "time_iter": 0.85458, "accuracy": 0.506, "precision": 0.506, "recall": 1.0, "f1": 0.67198, "auc": 0.45492}
{"epoch": 49, "time_epoch": 27.28439, "eta": 1366.01212, "eta_hours": 0.37945, "loss": 0.69315749, "lr": 0.00051571, "params": 3861, "time_iter": 0.85264, "accuracy": 0.506, "precision": 0.506, "recall": 1.0, "f1": 0.67198, "auc": 0.46265}
{"epoch": 50, "time_epoch": 27.2794, "eta": 1338.65264, "eta_hours": 0.37185, "loss": 0.69316604, "lr": 0.0005, "params": 3861, "time_iter": 0.85248, "accuracy": 0.506, "precision": 0.506, "recall": 1.0, "f1": 0.67198, "auc": 0.45321}
{"epoch": 51, "time_epoch": 27.332, "eta": 1311.34479, "eta_hours": 0.36426, "loss": 0.69310196, "lr": 0.00048429, "params": 3861, "time_iter": 0.85412, "accuracy": 0.506, "precision": 0.506, "recall": 1.0, "f1": 0.67198, "auc": 0.4455}
{"epoch": 52, "time_epoch": 27.34094, "eta": 1284.04395, "eta_hours": 0.35668, "loss": 0.69316567, "lr": 0.0004686, "params": 3861, "time_iter": 0.8544, "accuracy": 0.506, "precision": 0.506, "recall": 1.0, "f1": 0.67198, "auc": 0.43862}
{"epoch": 53, "time_epoch": 27.34039, "eta": 1256.74117, "eta_hours": 0.34909, "loss": 0.69320365, "lr": 0.00045295, "params": 3861, "time_iter": 0.85439, "accuracy": 0.506, "precision": 0.506, "recall": 1.0, "f1": 0.67198, "auc": 0.46093}
{"epoch": 54, "time_epoch": 27.36147, "eta": 1229.45426, "eta_hours": 0.34152, "loss": 0.69307846, "lr": 0.00043733, "params": 3861, "time_iter": 0.85505, "accuracy": 0.506, "precision": 0.506, "recall": 1.0, "f1": 0.67198, "auc": 0.48612}
{"epoch": 55, "time_epoch": 27.35634, "eta": 1202.16066, "eta_hours": 0.33393, "loss": 0.69310858, "lr": 0.00042178, "params": 3861, "time_iter": 0.85489, "accuracy": 0.506, "precision": 0.506, "recall": 1.0, "f1": 0.67198, "auc": 0.45138}
{"epoch": 56, "time_epoch": 27.33249, "eta": 1174.84686, "eta_hours": 0.32635, "loss": 0.69317532, "lr": 0.00040631, "params": 3861, "time_iter": 0.85414, "accuracy": 0.506, "precision": 0.506, "recall": 1.0, "f1": 0.67198, "auc": 0.46067}
{"epoch": 57, "time_epoch": 27.36645, "eta": 1147.55702, "eta_hours": 0.31877, "loss": 0.69315397, "lr": 0.00039093, "params": 3861, "time_iter": 0.8552, "accuracy": 0.506, "precision": 0.506, "recall": 1.0, "f1": 0.67198, "auc": 0.44115}
{"epoch": 58, "time_epoch": 27.35727, "eta": 1120.2582, "eta_hours": 0.31118, "loss": 0.69314379, "lr": 0.00037566, "params": 3861, "time_iter": 0.85491, "accuracy": 0.506, "precision": 0.506, "recall": 1.0, "f1": 0.67198, "auc": 0.45492}
{"epoch": 59, "time_epoch": 27.33591, "eta": 1092.94318, "eta_hours": 0.3036, "loss": 0.69308048, "lr": 0.0003605, "params": 3861, "time_iter": 0.85425, "accuracy": 0.506, "precision": 0.506, "recall": 1.0, "f1": 0.67198, "auc": 0.49364}
{"epoch": 60, "time_epoch": 27.3107, "eta": 1065.61137, "eta_hours": 0.296, "loss": 0.69312318, "lr": 0.00034549, "params": 3861, "time_iter": 0.85346, "accuracy": 0.506, "precision": 0.506, "recall": 1.0, "f1": 0.67198, "auc": 0.45403}
{"epoch": 61, "time_epoch": 27.28721, "eta": 1038.26583, "eta_hours": 0.28841, "loss": 0.69312013, "lr": 0.00033063, "params": 3861, "time_iter": 0.85273, "accuracy": 0.506, "precision": 0.506, "recall": 1.0, "f1": 0.67198, "auc": 0.46451}
{"epoch": 62, "time_epoch": 27.37599, "eta": 1010.9743, "eta_hours": 0.28083, "loss": 0.69312527, "lr": 0.00031594, "params": 3861, "time_iter": 0.8555, "accuracy": 0.506, "precision": 0.506, "recall": 1.0, "f1": 0.67198, "auc": 0.46008}
{"epoch": 63, "time_epoch": 27.40238, "eta": 983.69496, "eta_hours": 0.27325, "loss": 0.6931224, "lr": 0.00030143, "params": 3861, "time_iter": 0.85632, "accuracy": 0.506, "precision": 0.506, "recall": 1.0, "f1": 0.67198, "auc": 0.46255}
{"epoch": 64, "time_epoch": 27.33871, "eta": 956.37756, "eta_hours": 0.26566, "loss": 0.69314262, "lr": 0.00028711, "params": 3861, "time_iter": 0.85433, "accuracy": 0.506, "precision": 0.506, "recall": 1.0, "f1": 0.67198, "auc": 0.45333}
{"epoch": 65, "time_epoch": 27.37517, "eta": 929.07829, "eta_hours": 0.25808, "loss": 0.69313701, "lr": 0.000273, "params": 3861, "time_iter": 0.85547, "accuracy": 0.506, "precision": 0.506, "recall": 1.0, "f1": 0.67198, "auc": 0.43664}
{"epoch": 66, "time_epoch": 27.35829, "eta": 901.76845, "eta_hours": 0.25049, "loss": 0.69313158, "lr": 0.00025912, "params": 3861, "time_iter": 0.85495, "accuracy": 0.506, "precision": 0.506, "recall": 1.0, "f1": 0.67198, "auc": 0.45995}
{"epoch": 67, "time_epoch": 27.37205, "eta": 874.46365, "eta_hours": 0.24291, "loss": 0.69315089, "lr": 0.00024548, "params": 3861, "time_iter": 0.85538, "accuracy": 0.506, "precision": 0.506, "recall": 1.0, "f1": 0.67198, "auc": 0.45102}
{"epoch": 68, "time_epoch": 27.30096, "eta": 847.12497, "eta_hours": 0.23531, "loss": 0.69318777, "lr": 0.00023209, "params": 3861, "time_iter": 0.85316, "accuracy": 0.506, "precision": 0.506, "recall": 1.0, "f1": 0.67198, "auc": 0.44245}
{"epoch": 69, "time_epoch": 27.34816, "eta": 819.80759, "eta_hours": 0.22772, "loss": 0.69306065, "lr": 0.00021896, "params": 3861, "time_iter": 0.85463, "accuracy": 0.506, "precision": 0.506, "recall": 1.0, "f1": 0.67198, "auc": 0.51211}
{"epoch": 70, "time_epoch": 27.35701, "eta": 792.49296, "eta_hours": 0.22014, "loss": 0.69314611, "lr": 0.00020611, "params": 3861, "time_iter": 0.85491, "accuracy": 0.506, "precision": 0.506, "recall": 1.0, "f1": 0.67198, "auc": 0.43582}
{"epoch": 71, "time_epoch": 27.36917, "eta": 765.18188, "eta_hours": 0.21255, "loss": 0.69314792, "lr": 0.00019355, "params": 3861, "time_iter": 0.85529, "accuracy": 0.506, "precision": 0.506, "recall": 1.0, "f1": 0.67198, "auc": 0.42562}
{"epoch": 72, "time_epoch": 27.29233, "eta": 737.84079, "eta_hours": 0.20496, "loss": 0.69309026, "lr": 0.00018129, "params": 3861, "time_iter": 0.85289, "accuracy": 0.506, "precision": 0.506, "recall": 1.0, "f1": 0.67198, "auc": 0.47076}
{"epoch": 73, "time_epoch": 27.49637, "eta": 710.57271, "eta_hours": 0.19738, "loss": 0.69309967, "lr": 0.00016934, "params": 3861, "time_iter": 0.85926, "accuracy": 0.506, "precision": 0.506, "recall": 1.0, "f1": 0.67198, "auc": 0.44096}
{"epoch": 74, "time_epoch": 27.36651, "eta": 683.25526, "eta_hours": 0.18979, "loss": 0.69311899, "lr": 0.00015773, "params": 3861, "time_iter": 0.8552, "accuracy": 0.506, "precision": 0.506, "recall": 1.0, "f1": 0.67198, "auc": 0.4415}
{"epoch": 75, "time_epoch": 27.36429, "eta": 655.93581, "eta_hours": 0.1822, "loss": 0.6931026, "lr": 0.00014645, "params": 3861, "time_iter": 0.85513, "accuracy": 0.506, "precision": 0.506, "recall": 1.0, "f1": 0.67198, "auc": 0.47691}
{"epoch": 76, "time_epoch": 27.3882, "eta": 628.62234, "eta_hours": 0.17462, "loss": 0.69309046, "lr": 0.00013552, "params": 3861, "time_iter": 0.85588, "accuracy": 0.506, "precision": 0.506, "recall": 1.0, "f1": 0.67198, "auc": 0.47355}
{"epoch": 77, "time_epoch": 27.37464, "eta": 601.30312, "eta_hours": 0.16703, "loss": 0.69312726, "lr": 0.00012494, "params": 3861, "time_iter": 0.85546, "accuracy": 0.506, "precision": 0.506, "recall": 1.0, "f1": 0.67198, "auc": 0.43637}
{"epoch": 78, "time_epoch": 27.35837, "eta": 573.97818, "eta_hours": 0.15944, "loss": 0.69312319, "lr": 0.00011474, "params": 3861, "time_iter": 0.85495, "accuracy": 0.506, "precision": 0.506, "recall": 1.0, "f1": 0.67198, "auc": 0.44757}
{"epoch": 79, "time_epoch": 27.4078, "eta": 546.66477, "eta_hours": 0.15185, "loss": 0.69308915, "lr": 0.00010492, "params": 3861, "time_iter": 0.85649, "accuracy": 0.506, "precision": 0.506, "recall": 1.0, "f1": 0.67198, "auc": 0.46566}
{"epoch": 80, "time_epoch": 27.40013, "eta": 519.34722, "eta_hours": 0.14426, "loss": 0.69308347, "lr": 9.549e-05, "params": 3861, "time_iter": 0.85625, "accuracy": 0.506, "precision": 0.506, "recall": 1.0, "f1": 0.67198, "auc": 0.46489}
{"epoch": 81, "time_epoch": 27.30195, "eta": 492.00611, "eta_hours": 0.13667, "loss": 0.69309288, "lr": 8.646e-05, "params": 3861, "time_iter": 0.85319, "accuracy": 0.506, "precision": 0.506, "recall": 1.0, "f1": 0.67198, "auc": 0.46626}
{"epoch": 82, "time_epoch": 27.36643, "eta": 464.67914, "eta_hours": 0.12908, "loss": 0.6930949, "lr": 7.784e-05, "params": 3861, "time_iter": 0.8552, "accuracy": 0.506, "precision": 0.506, "recall": 1.0, "f1": 0.67198, "auc": 0.44345}
{"epoch": 83, "time_epoch": 27.36965, "eta": 437.35185, "eta_hours": 0.12149, "loss": 0.69310284, "lr": 6.963e-05, "params": 3861, "time_iter": 0.8553, "accuracy": 0.506, "precision": 0.506, "recall": 1.0, "f1": 0.67198, "auc": 0.43085}
{"epoch": 84, "time_epoch": 27.41742, "eta": 410.032, "eta_hours": 0.1139, "loss": 0.69308157, "lr": 6.185e-05, "params": 3861, "time_iter": 0.85679, "accuracy": 0.506, "precision": 0.506, "recall": 1.0, "f1": 0.67198, "auc": 0.48682}
{"epoch": 85, "time_epoch": 27.40014, "eta": 382.70706, "eta_hours": 0.10631, "loss": 0.69308368, "lr": 5.45e-05, "params": 3861, "time_iter": 0.85625, "accuracy": 0.506, "precision": 0.506, "recall": 1.0, "f1": 0.67198, "auc": 0.48365}
{"epoch": 86, "time_epoch": 27.35053, "eta": 355.37298, "eta_hours": 0.09871, "loss": 0.69310162, "lr": 4.759e-05, "params": 3861, "time_iter": 0.8547, "accuracy": 0.506, "precision": 0.506, "recall": 1.0, "f1": 0.67198, "auc": 0.43113}
{"epoch": 87, "time_epoch": 27.36473, "eta": 328.04046, "eta_hours": 0.09112, "loss": 0.69309132, "lr": 4.112e-05, "params": 3861, "time_iter": 0.85515, "accuracy": 0.506, "precision": 0.506, "recall": 1.0, "f1": 0.67198, "auc": 0.46097}
{"epoch": 88, "time_epoch": 27.38194, "eta": 300.70935, "eta_hours": 0.08353, "loss": 0.6930912, "lr": 3.511e-05, "params": 3861, "time_iter": 0.85569, "accuracy": 0.506, "precision": 0.506, "recall": 1.0, "f1": 0.67198, "auc": 0.45376}
{"epoch": 89, "time_epoch": 27.38666, "eta": 273.37763, "eta_hours": 0.07594, "loss": 0.69308773, "lr": 2.956e-05, "params": 3861, "time_iter": 0.85583, "accuracy": 0.506, "precision": 0.506, "recall": 1.0, "f1": 0.67198, "auc": 0.45526}
{"epoch": 90, "time_epoch": 27.37951, "eta": 246.044, "eta_hours": 0.06835, "loss": 0.69309138, "lr": 2.447e-05, "params": 3861, "time_iter": 0.85561, "accuracy": 0.506, "precision": 0.506, "recall": 1.0, "f1": 0.67198, "auc": 0.45798}
{"epoch": 91, "time_epoch": 27.37419, "eta": 218.7089, "eta_hours": 0.06075, "loss": 0.69308626, "lr": 1.985e-05, "params": 3861, "time_iter": 0.85544, "accuracy": 0.506, "precision": 0.506, "recall": 1.0, "f1": 0.67198, "auc": 0.45941}
{"epoch": 92, "time_epoch": 27.35257, "eta": 191.37134, "eta_hours": 0.05316, "loss": 0.6930801, "lr": 1.571e-05, "params": 3861, "time_iter": 0.85477, "accuracy": 0.506, "precision": 0.506, "recall": 1.0, "f1": 0.67198, "auc": 0.47997}
{"epoch": 93, "time_epoch": 27.37455, "eta": 164.03486, "eta_hours": 0.04557, "loss": 0.69307022, "lr": 1.204e-05, "params": 3861, "time_iter": 0.85545, "accuracy": 0.506, "precision": 0.506, "recall": 1.0, "f1": 0.67198, "auc": 0.53681}
{"epoch": 94, "time_epoch": 27.38371, "eta": 136.69806, "eta_hours": 0.03797, "loss": 0.69307898, "lr": 8.86e-06, "params": 3861, "time_iter": 0.85574, "accuracy": 0.506, "precision": 0.506, "recall": 1.0, "f1": 0.67198, "auc": 0.49844}
{"epoch": 95, "time_epoch": 27.3913, "eta": 109.3606, "eta_hours": 0.03038, "loss": 0.69308431, "lr": 6.16e-06, "params": 3861, "time_iter": 0.85598, "accuracy": 0.506, "precision": 0.506, "recall": 1.0, "f1": 0.67198, "auc": 0.45684}
{"epoch": 96, "time_epoch": 27.38245, "eta": 82.02176, "eta_hours": 0.02278, "loss": 0.69308524, "lr": 3.94e-06, "params": 3861, "time_iter": 0.8557, "accuracy": 0.506, "precision": 0.506, "recall": 1.0, "f1": 0.67198, "auc": 0.46994}
{"epoch": 97, "time_epoch": 27.36688, "eta": 54.68171, "eta_hours": 0.01519, "loss": 0.69307839, "lr": 2.22e-06, "params": 3861, "time_iter": 0.85522, "accuracy": 0.506, "precision": 0.506, "recall": 1.0, "f1": 0.67198, "auc": 0.49692}
{"epoch": 98, "time_epoch": 27.39126, "eta": 27.34136, "eta_hours": 0.00759, "loss": 0.69308051, "lr": 9.9e-07, "params": 3861, "time_iter": 0.85598, "accuracy": 0.506, "precision": 0.506, "recall": 1.0, "f1": 0.67198, "auc": 0.48157}
{"epoch": 99, "time_epoch": 27.36615, "eta": 0.0, "eta_hours": 0.0, "loss": 0.69308052, "lr": 2.5e-07, "params": 3861, "time_iter": 0.85519, "accuracy": 0.506, "precision": 0.506, "recall": 1.0, "f1": 0.67198, "auc": 0.49028}
