{"epoch": 0, "time_epoch": 28.98244, "eta": 2869.26163, "eta_hours": 0.79702, "loss": 1.10282577, "lr": 0.001, "params": 3899, "time_iter": 0.61665, "accuracy": 0.35467, "f1": 0.17454, "auc": 0.48166}
{"epoch": 1, "time_epoch": 28.74635, "eta": 2828.7106, "eta_hours": 0.78575, "loss": 1.09846993, "lr": 0.00099975, "params": 3899, "time_iter": 0.61162, "accuracy": 0.35467, "f1": 0.17454, "auc": 0.47021}
{"epoch": 2, "time_epoch": 28.8189, "eta": 2798.37509, "eta_hours": 0.77733, "loss": 1.09844498, "lr": 0.00099901, "params": 3899, "time_iter": 0.61317, "accuracy": 0.35467, "f1": 0.17454, "auc": 0.4527}
{"epoch": 3, "time_epoch": 28.9003, "eta": 2770.75152, "eta_hours": 0.76965, "loss": 1.09845211, "lr": 0.00099778, "params": 3899, "time_iter": 0.6149, "accuracy": 0.35467, "f1": 0.17454, "auc": 0.46909}
{"epoch": 4, "time_epoch": 28.77902, "eta": 2740.31295, "eta_hours": 0.7612, "loss": 1.09766554, "lr": 0.00099606, "params": 3899, "time_iter": 0.61232, "accuracy": 0.35467, "f1": 0.17454, "auc": 0.48423}
{"epoch": 5, "time_epoch": 28.79674, "eta": 2710.70516, "eta_hours": 0.75297, "loss": 1.09811232, "lr": 0.00099384, "params": 3899, "time_iter": 0.6127, "accuracy": 0.35467, "f1": 0.17454, "auc": 0.45711}
{"epoch": 6, "time_epoch": 28.82052, "eta": 2681.64514, "eta_hours": 0.7449, "loss": 1.09842326, "lr": 0.00099114, "params": 3899, "time_iter": 0.6132, "accuracy": 0.35467, "f1": 0.17454, "auc": 0.46006}
{"epoch": 7, "time_epoch": 28.80724, "eta": 2652.49227, "eta_hours": 0.7368, "loss": 1.09792929, "lr": 0.00098796, "params": 3899, "time_iter": 0.61292, "accuracy": 0.35467, "f1": 0.17454, "auc": 0.45039}
{"epoch": 8, "time_epoch": 28.88646, "eta": 2624.21714, "eta_hours": 0.72895, "loss": 1.09791048, "lr": 0.00098429, "params": 3899, "time_iter": 0.61461, "accuracy": 0.35467, "f1": 0.17454, "auc": 0.46148}
{"epoch": 9, "time_epoch": 28.79745, "eta": 2595.01867, "eta_hours": 0.72084, "loss": 1.09819291, "lr": 0.00098015, "params": 3899, "time_iter": 0.61271, "accuracy": 0.35467, "f1": 0.17454, "auc": 0.46402}
{"epoch": 10, "time_epoch": 28.81749, "eta": 2566.05525, "eta_hours": 0.71279, "loss": 1.09861348, "lr": 0.00097553, "params": 3899, "time_iter": 0.61314, "accuracy": 0.35467, "f1": 0.17454, "auc": 0.45721}
{"epoch": 11, "time_epoch": 29.38327, "eta": 2541.26523, "eta_hours": 0.70591, "loss": 1.09825732, "lr": 0.00097044, "params": 3899, "time_iter": 0.62518, "accuracy": 0.35467, "f1": 0.17454, "auc": 0.43404}
{"epoch": 12, "time_epoch": 28.68926, "eta": 2511.12404, "eta_hours": 0.69753, "loss": 1.09818111, "lr": 0.00096489, "params": 3899, "time_iter": 0.61041, "accuracy": 0.35467, "f1": 0.17454, "auc": 0.45549}
{"epoch": 13, "time_epoch": 28.62013, "eta": 2480.76557, "eta_hours": 0.6891, "loss": 1.09835755, "lr": 0.00095888, "params": 3899, "time_iter": 0.60894, "accuracy": 0.35467, "f1": 0.17454, "auc": 0.45578}
{"epoch": 14, "time_epoch": 28.55974, "eta": 2450.29668, "eta_hours": 0.68064, "loss": 1.09783441, "lr": 0.00095241, "params": 3899, "time_iter": 0.60765, "accuracy": 0.35467, "f1": 0.17454, "auc": 0.47906}
{"epoch": 15, "time_epoch": 28.58679, "eta": 2420.20846, "eta_hours": 0.67228, "loss": 1.09806339, "lr": 0.0009455, "params": 3899, "time_iter": 0.60823, "accuracy": 0.35467, "f1": 0.17454, "auc": 0.45786}
{"epoch": 16, "time_epoch": 28.66354, "eta": 2390.67158, "eta_hours": 0.66408, "loss": 1.09789228, "lr": 0.00093815, "params": 3899, "time_iter": 0.60986, "accuracy": 0.35467, "f1": 0.17454, "auc": 0.46356}
{"epoch": 17, "time_epoch": 28.71663, "eta": 2361.47358, "eta_hours": 0.65596, "loss": 1.09860494, "lr": 0.00093037, "params": 3899, "time_iter": 0.61099, "accuracy": 0.35467, "f1": 0.17454, "auc": 0.45466}
{"epoch": 18, "time_epoch": 28.6653, "eta": 2332.10745, "eta_hours": 0.64781, "loss": 1.09807285, "lr": 0.00092216, "params": 3899, "time_iter": 0.6099, "accuracy": 0.35467, "f1": 0.17454, "auc": 0.46107}
{"epoch": 19, "time_epoch": 28.57433, "eta": 2302.44753, "eta_hours": 0.63957, "loss": 1.09783853, "lr": 0.00091354, "params": 3899, "time_iter": 0.60796, "accuracy": 0.35467, "f1": 0.17454, "auc": 0.44215}
{"epoch": 20, "time_epoch": 28.62325, "eta": 2273.075, "eta_hours": 0.63141, "loss": 1.09821007, "lr": 0.00090451, "params": 3899, "time_iter": 0.60901, "accuracy": 0.35467, "f1": 0.17454, "auc": 0.45726}
{"epoch": 21, "time_epoch": 28.68932, "eta": 2244.00487, "eta_hours": 0.62333, "loss": 1.09834538, "lr": 0.00089508, "params": 3899, "time_iter": 0.61041, "accuracy": 0.35467, "f1": 0.17454, "auc": 0.45373}
{"epoch": 22, "time_epoch": 28.58013, "eta": 2214.60229, "eta_hours": 0.61517, "loss": 1.09799542, "lr": 0.00088526, "params": 3899, "time_iter": 0.60809, "accuracy": 0.35467, "f1": 0.17454, "auc": 0.45129}
{"epoch": 23, "time_epoch": 28.6086, "eta": 2185.35839, "eta_hours": 0.60704, "loss": 1.09798004, "lr": 0.00087506, "params": 3899, "time_iter": 0.60869, "accuracy": 0.35467, "f1": 0.17454, "auc": 0.46675}
{"epoch": 24, "time_epoch": 28.6021, "eta": 2156.14584, "eta_hours": 0.59893, "loss": 1.09818155, "lr": 0.00086448, "params": 3899, "time_iter": 0.60856, "accuracy": 0.35467, "f1": 0.17454, "auc": 0.45975}
{"epoch": 25, "time_epoch": 28.59275, "eta": 2126.95363, "eta_hours": 0.59082, "loss": 1.09841195, "lr": 0.00085355, "params": 3899, "time_iter": 0.60836, "accuracy": 0.35467, "f1": 0.17454, "auc": 0.44043}
{"epoch": 26, "time_epoch": 28.71012, "eta": 2098.12316, "eta_hours": 0.58281, "loss": 1.09813212, "lr": 0.00084227, "params": 3899, "time_iter": 0.61085, "accuracy": 0.35467, "f1": 0.17454, "auc": 0.45727}
{"epoch": 27, "time_epoch": 28.60794, "eta": 2069.03853, "eta_hours": 0.57473, "loss": 1.0982287, "lr": 0.00083066, "params": 3899, "time_iter": 0.60868, "accuracy": 0.35467, "f1": 0.17454, "auc": 0.45052}
{"epoch": 28, "time_epoch": 28.70046, "eta": 2040.2133, "eta_hours": 0.56673, "loss": 1.0978435, "lr": 0.00081871, "params": 3899, "time_iter": 0.61065, "accuracy": 0.35467, "f1": 0.17454, "auc": 0.47008}
{"epoch": 29, "time_epoch": 28.61794, "eta": 2011.20383, "eta_hours": 0.55867, "loss": 1.09788792, "lr": 0.00080645, "params": 3899, "time_iter": 0.60889, "accuracy": 0.35467, "f1": 0.17454, "auc": 0.45709}
{"epoch": 30, "time_epoch": 29.71285, "eta": 1984.65668, "eta_hours": 0.55129, "loss": 1.0978994, "lr": 0.00079389, "params": 3899, "time_iter": 0.63219, "accuracy": 0.35467, "f1": 0.17454, "auc": 0.45759}
{"epoch": 31, "time_epoch": 28.71934, "eta": 1955.80047, "eta_hours": 0.54328, "loss": 1.0978895, "lr": 0.00078104, "params": 3899, "time_iter": 0.61105, "accuracy": 0.35467, "f1": 0.17454, "auc": 0.46741}
{"epoch": 32, "time_epoch": 28.9332, "eta": 1927.38676, "eta_hours": 0.53539, "loss": 1.09786969, "lr": 0.00076791, "params": 3899, "time_iter": 0.6156, "accuracy": 0.35467, "f1": 0.17454, "auc": 0.4653}
{"epoch": 33, "time_epoch": 28.74589, "eta": 1898.57889, "eta_hours": 0.52738, "loss": 1.09800616, "lr": 0.00075452, "params": 3899, "time_iter": 0.61161, "accuracy": 0.35467, "f1": 0.17454, "auc": 0.45407}
{"epoch": 34, "time_epoch": 28.70566, "eta": 1869.69984, "eta_hours": 0.51936, "loss": 1.09785238, "lr": 0.00074088, "params": 3899, "time_iter": 0.61076, "accuracy": 0.35467, "f1": 0.17454, "auc": 0.45945}
{"epoch": 35, "time_epoch": 28.87007, "eta": 1841.12271, "eta_hours": 0.51142, "loss": 1.09811374, "lr": 0.000727, "params": 3899, "time_iter": 0.61426, "accuracy": 0.35467, "f1": 0.17454, "auc": 0.44188}
{"epoch": 36, "time_epoch": 28.74434, "eta": 1812.31565, "eta_hours": 0.50342, "loss": 1.09777142, "lr": 0.00071289, "params": 3899, "time_iter": 0.61158, "accuracy": 0.35467, "f1": 0.17454, "auc": 0.46167}
{"epoch": 37, "time_epoch": 28.78963, "eta": 1783.58581, "eta_hours": 0.49544, "loss": 1.09775104, "lr": 0.00069857, "params": 3899, "time_iter": 0.61255, "accuracy": 0.35467, "f1": 0.17454, "auc": 0.46826}
{"epoch": 38, "time_epoch": 28.79156, "eta": 1754.85591, "eta_hours": 0.48746, "loss": 1.09783281, "lr": 0.00068406, "params": 3899, "time_iter": 0.61259, "accuracy": 0.35467, "f1": 0.17454, "auc": 0.45644}
{"epoch": 39, "time_epoch": 28.86433, "eta": 1726.23208, "eta_hours": 0.47951, "loss": 1.09790481, "lr": 0.00066937, "params": 3899, "time_iter": 0.61413, "accuracy": 0.35467, "f1": 0.17454, "auc": 0.46763}
{"epoch": 40, "time_epoch": 28.85856, "eta": 1697.58823, "eta_hours": 0.47155, "loss": 1.09781789, "lr": 0.00065451, "params": 3899, "time_iter": 0.61401, "accuracy": 0.35467, "f1": 0.17454, "auc": 0.46094}
{"epoch": 41, "time_epoch": 28.80828, "eta": 1668.8647, "eta_hours": 0.46357, "loss": 1.09781545, "lr": 0.0006395, "params": 3899, "time_iter": 0.61294, "accuracy": 0.35467, "f1": 0.17454, "auc": 0.46446}
{"epoch": 42, "time_epoch": 28.78324, "eta": 1640.10404, "eta_hours": 0.45558, "loss": 1.09792241, "lr": 0.00062434, "params": 3899, "time_iter": 0.61241, "accuracy": 0.35467, "f1": 0.17454, "auc": 0.46126}
{"epoch": 43, "time_epoch": 28.8955, "eta": 1611.48523, "eta_hours": 0.44763, "loss": 1.09771165, "lr": 0.00060907, "params": 3899, "time_iter": 0.6148, "accuracy": 0.35467, "f1": 0.17454, "auc": 0.45694}
{"epoch": 44, "time_epoch": 28.79979, "eta": 1582.73714, "eta_hours": 0.43965, "loss": 1.09794181, "lr": 0.00059369, "params": 3899, "time_iter": 0.61276, "accuracy": 0.35467, "f1": 0.17454, "auc": 0.43707}
{"epoch": 45, "time_epoch": 28.93923, "eta": 1554.15051, "eta_hours": 0.43171, "loss": 1.09782312, "lr": 0.00057822, "params": 3899, "time_iter": 0.61573, "accuracy": 0.35467, "f1": 0.17454, "auc": 0.44988}
{"epoch": 46, "time_epoch": 28.87666, "eta": 1525.47831, "eta_hours": 0.42374, "loss": 1.09777852, "lr": 0.00056267, "params": 3899, "time_iter": 0.6144, "accuracy": 0.35467, "f1": 0.17454, "auc": 0.44604}
{"epoch": 47, "time_epoch": 28.88722, "eta": 1496.80903, "eta_hours": 0.41578, "loss": 1.09790026, "lr": 0.00054705, "params": 3899, "time_iter": 0.61462, "accuracy": 0.35467, "f1": 0.17454, "auc": 0.4553}
{"epoch": 48, "time_epoch": 28.88985, "eta": 1468.13359, "eta_hours": 0.40781, "loss": 1.09776606, "lr": 0.0005314, "params": 3899, "time_iter": 0.61468, "accuracy": 0.35467, "f1": 0.17454, "auc": 0.46486}
{"epoch": 49, "time_epoch": 28.92286, "eta": 1439.48258, "eta_hours": 0.39986, "loss": 1.0978856, "lr": 0.00051571, "params": 3899, "time_iter": 0.61538, "accuracy": 0.35467, "f1": 0.17454, "auc": 0.44268}
{"epoch": 50, "time_epoch": 28.78623, "eta": 1410.68964, "eta_hours": 0.39186, "loss": 1.09779208, "lr": 0.0005, "params": 3899, "time_iter": 0.61247, "accuracy": 0.35467, "f1": 0.17454, "auc": 0.44616}
{"epoch": 51, "time_epoch": 28.58713, "eta": 1381.71317, "eta_hours": 0.38381, "loss": 1.09782282, "lr": 0.00048429, "params": 3899, "time_iter": 0.60824, "accuracy": 0.35467, "f1": 0.17454, "auc": 0.46063}
{"epoch": 52, "time_epoch": 29.05114, "eta": 1353.16288, "eta_hours": 0.37588, "loss": 1.09785054, "lr": 0.0004686, "params": 3899, "time_iter": 0.61811, "accuracy": 0.35467, "f1": 0.17454, "auc": 0.4579}
{"epoch": 53, "time_epoch": 28.61517, "eta": 1324.22266, "eta_hours": 0.36784, "loss": 1.09772413, "lr": 0.00045295, "params": 3899, "time_iter": 0.60883, "accuracy": 0.35467, "f1": 0.17454, "auc": 0.46079}
{"epoch": 54, "time_epoch": 28.65246, "eta": 1295.32476, "eta_hours": 0.35981, "loss": 1.09798132, "lr": 0.00043733, "params": 3899, "time_iter": 0.60963, "accuracy": 0.35467, "f1": 0.17454, "auc": 0.44519}
{"epoch": 55, "time_epoch": 28.54468, "eta": 1266.35094, "eta_hours": 0.35176, "loss": 1.09771799, "lr": 0.00042178, "params": 3899, "time_iter": 0.60733, "accuracy": 0.35467, "f1": 0.17454, "auc": 0.44925}
{"epoch": 56, "time_epoch": 28.57206, "eta": 1237.41284, "eta_hours": 0.34373, "loss": 1.09786214, "lr": 0.00040631, "params": 3899, "time_iter": 0.60792, "accuracy": 0.35467, "f1": 0.17454, "auc": 0.45169}
{"epoch": 57, "time_epoch": 28.60058, "eta": 1208.50802, "eta_hours": 0.3357, "loss": 1.0978548, "lr": 0.00039093, "params": 3899, "time_iter": 0.60852, "accuracy": 0.35467, "f1": 0.17454, "auc": 0.45574}
{"epoch": 58, "time_epoch": 28.59623, "eta": 1179.61048, "eta_hours": 0.32767, "loss": 1.09771515, "lr": 0.00037566, "params": 3899, "time_iter": 0.60843, "accuracy": 0.35467, "f1": 0.17454, "auc": 0.46585}
{"epoch": 59, "time_epoch": 28.61189, "eta": 1150.73343, "eta_hours": 0.31965, "loss": 1.09789156, "lr": 0.0003605, "params": 3899, "time_iter": 0.60876, "accuracy": 0.35467, "f1": 0.17454, "auc": 0.44403}
{"epoch": 60, "time_epoch": 28.69419, "eta": 1121.91769, "eta_hours": 0.31164, "loss": 1.09776658, "lr": 0.00034549, "params": 3899, "time_iter": 0.61051, "accuracy": 0.35467, "f1": 0.17454, "auc": 0.44674}
{"epoch": 61, "time_epoch": 28.5974, "eta": 1093.04655, "eta_hours": 0.30362, "loss": 1.09769125, "lr": 0.00033063, "params": 3899, "time_iter": 0.60846, "accuracy": 0.35467, "f1": 0.17454, "auc": 0.46484}
{"epoch": 62, "time_epoch": 28.59259, "eta": 1064.18127, "eta_hours": 0.29561, "loss": 1.09766769, "lr": 0.00031594, "params": 3899, "time_iter": 0.60835, "accuracy": 0.35467, "f1": 0.17454, "auc": 0.46215}
{"epoch": 63, "time_epoch": 28.59918, "eta": 1035.32822, "eta_hours": 0.28759, "loss": 1.09788065, "lr": 0.00030143, "params": 3899, "time_iter": 0.60849, "accuracy": 0.35467, "f1": 0.17454, "auc": 0.44446}
{"epoch": 64, "time_epoch": 28.62444, "eta": 1006.49658, "eta_hours": 0.27958, "loss": 1.09775517, "lr": 0.00028711, "params": 3899, "time_iter": 0.60903, "accuracy": 0.35467, "f1": 0.17454, "auc": 0.45311}
{"epoch": 65, "time_epoch": 28.68723, "eta": 977.70357, "eta_hours": 0.27158, "loss": 1.09778608, "lr": 0.000273, "params": 3899, "time_iter": 0.61037, "accuracy": 0.35467, "f1": 0.17454, "auc": 0.45217}
{"epoch": 66, "time_epoch": 28.64226, "eta": 948.89157, "eta_hours": 0.26358, "loss": 1.09788517, "lr": 0.00025912, "params": 3899, "time_iter": 0.60941, "accuracy": 0.35467, "f1": 0.17454, "auc": 0.44803}
{"epoch": 67, "time_epoch": 28.58242, "eta": 920.0564, "eta_hours": 0.25557, "loss": 1.0976454, "lr": 0.00024548, "params": 3899, "time_iter": 0.60814, "accuracy": 0.35467, "f1": 0.17454, "auc": 0.46384}
{"epoch": 68, "time_epoch": 28.59488, "eta": 891.23415, "eta_hours": 0.24757, "loss": 1.09775437, "lr": 0.00023209, "params": 3899, "time_iter": 0.6084, "accuracy": 0.35467, "f1": 0.17454, "auc": 0.44763}
{"epoch": 69, "time_epoch": 28.6087, "eta": 862.42432, "eta_hours": 0.23956, "loss": 1.09783917, "lr": 0.00021896, "params": 3899, "time_iter": 0.6087, "accuracy": 0.35467, "f1": 0.17454, "auc": 0.43768}
{"epoch": 70, "time_epoch": 28.6647, "eta": 833.64303, "eta_hours": 0.23157, "loss": 1.09764995, "lr": 0.00020611, "params": 3899, "time_iter": 0.60989, "accuracy": 0.35467, "f1": 0.17454, "auc": 0.47351}
{"epoch": 71, "time_epoch": 28.6989, "eta": 804.87829, "eta_hours": 0.22358, "loss": 1.09767904, "lr": 0.00019355, "params": 3899, "time_iter": 0.61061, "accuracy": 0.35467, "f1": 0.17454, "auc": 0.46279}
{"epoch": 72, "time_epoch": 28.583, "eta": 776.07247, "eta_hours": 0.21558, "loss": 1.09769762, "lr": 0.00018129, "params": 3899, "time_iter": 0.60815, "accuracy": 0.35467, "f1": 0.17454, "auc": 0.45785}
{"epoch": 73, "time_epoch": 28.60435, "eta": 747.28018, "eta_hours": 0.20758, "loss": 1.09766051, "lr": 0.00016934, "params": 3899, "time_iter": 0.6086, "accuracy": 0.35467, "f1": 0.17454, "auc": 0.46429}
{"epoch": 74, "time_epoch": 28.62073, "eta": 718.49837, "eta_hours": 0.19958, "loss": 1.09765697, "lr": 0.00015773, "params": 3899, "time_iter": 0.60895, "accuracy": 0.35467, "f1": 0.17454, "auc": 0.46734}
{"epoch": 75, "time_epoch": 28.61783, "eta": 689.71987, "eta_hours": 0.19159, "loss": 1.09768496, "lr": 0.00014645, "params": 3899, "time_iter": 0.60889, "accuracy": 0.35467, "f1": 0.17454, "auc": 0.45348}
{"epoch": 76, "time_epoch": 28.62047, "eta": 660.94634, "eta_hours": 0.1836, "loss": 1.09770615, "lr": 0.00013552, "params": 3899, "time_iter": 0.60895, "accuracy": 0.35467, "f1": 0.17454, "auc": 0.45957}
{"epoch": 77, "time_epoch": 28.7191, "eta": 632.20455, "eta_hours": 0.17561, "loss": 1.09763345, "lr": 0.00012494, "params": 3899, "time_iter": 0.61104, "accuracy": 0.35467, "f1": 0.17454, "auc": 0.47706}
{"epoch": 78, "time_epoch": 28.60622, "eta": 603.43333, "eta_hours": 0.16762, "loss": 1.09764889, "lr": 0.00011474, "params": 3899, "time_iter": 0.60864, "accuracy": 0.35467, "f1": 0.17454, "auc": 0.45012}
{"epoch": 79, "time_epoch": 29.1944, "eta": 574.81328, "eta_hours": 0.15967, "loss": 1.09764745, "lr": 0.00010492, "params": 3899, "time_iter": 0.62116, "accuracy": 0.35467, "f1": 0.17454, "auc": 0.46551}
{"epoch": 80, "time_epoch": 28.61899, "eta": 546.04408, "eta_hours": 0.15168, "loss": 1.09762985, "lr": 9.549e-05, "params": 3899, "time_iter": 0.60891, "accuracy": 0.35467, "f1": 0.17454, "auc": 0.46581}
{"epoch": 81, "time_epoch": 28.57901, "eta": 517.26976, "eta_hours": 0.14369, "loss": 1.09766845, "lr": 8.646e-05, "params": 3899, "time_iter": 0.60806, "accuracy": 0.35467, "f1": 0.17454, "auc": 0.44177}
{"epoch": 82, "time_epoch": 28.67685, "eta": 488.52019, "eta_hours": 0.1357, "loss": 1.09764674, "lr": 7.784e-05, "params": 3899, "time_iter": 0.61015, "accuracy": 0.35467, "f1": 0.17454, "auc": 0.44622}
{"epoch": 83, "time_epoch": 28.57331, "eta": 459.75263, "eta_hours": 0.12771, "loss": 1.09761652, "lr": 6.963e-05, "params": 3899, "time_iter": 0.60794, "accuracy": 0.35467, "f1": 0.17454, "auc": 0.46678}
{"epoch": 84, "time_epoch": 28.58693, "eta": 430.99204, "eta_hours": 0.11972, "loss": 1.09762851, "lr": 6.185e-05, "params": 3899, "time_iter": 0.60823, "accuracy": 0.35467, "f1": 0.17454, "auc": 0.46687}
{"epoch": 85, "time_epoch": 28.58065, "eta": 402.23447, "eta_hours": 0.11173, "loss": 1.0976094, "lr": 5.45e-05, "params": 3899, "time_iter": 0.6081, "accuracy": 0.35467, "f1": 0.17454, "auc": 0.47921}
{"epoch": 86, "time_epoch": 28.61208, "eta": 373.48566, "eta_hours": 0.10375, "loss": 1.09760915, "lr": 4.759e-05, "params": 3899, "time_iter": 0.60877, "accuracy": 0.35467, "f1": 0.17454, "auc": 0.47854}
{"epoch": 87, "time_epoch": 28.6882, "eta": 344.75034, "eta_hours": 0.09576, "loss": 1.09761353, "lr": 4.112e-05, "params": 3899, "time_iter": 0.61039, "accuracy": 0.35467, "f1": 0.17454, "auc": 0.47368}
{"epoch": 88, "time_epoch": 28.58961, "eta": 316.00389, "eta_hours": 0.08778, "loss": 1.09761863, "lr": 3.511e-05, "params": 3899, "time_iter": 0.60829, "accuracy": 0.35467, "f1": 0.17454, "auc": 0.46553}
{"epoch": 89, "time_epoch": 28.6743, "eta": 287.27034, "eta_hours": 0.0798, "loss": 1.09761476, "lr": 2.956e-05, "params": 3899, "time_iter": 0.61009, "accuracy": 0.35467, "f1": 0.17454, "auc": 0.47019}
{"epoch": 90, "time_epoch": 28.63677, "eta": 258.53438, "eta_hours": 0.07182, "loss": 1.09761589, "lr": 2.447e-05, "params": 3899, "time_iter": 0.60929, "accuracy": 0.35467, "f1": 0.17454, "auc": 0.45961}
{"epoch": 91, "time_epoch": 29.05964, "eta": 229.83735, "eta_hours": 0.06384, "loss": 1.09759438, "lr": 1.985e-05, "params": 3899, "time_iter": 0.61829, "accuracy": 0.35467, "f1": 0.17454, "auc": 0.4989}
{"epoch": 92, "time_epoch": 28.59892, "eta": 201.09784, "eta_hours": 0.05586, "loss": 1.0976103, "lr": 1.571e-05, "params": 3899, "time_iter": 0.60849, "accuracy": 0.35467, "f1": 0.17454, "auc": 0.4744}
{"epoch": 93, "time_epoch": 28.60025, "eta": 172.3614, "eta_hours": 0.04788, "loss": 1.09760809, "lr": 1.204e-05, "params": 3899, "time_iter": 0.60852, "accuracy": 0.35467, "f1": 0.17454, "auc": 0.47318}
{"epoch": 94, "time_epoch": 28.62801, "eta": 143.6293, "eta_hours": 0.0399, "loss": 1.0976012, "lr": 8.86e-06, "params": 3899, "time_iter": 0.60911, "accuracy": 0.35467, "f1": 0.17454, "auc": 0.48822}
{"epoch": 95, "time_epoch": 28.63151, "eta": 114.89951, "eta_hours": 0.03192, "loss": 1.09759309, "lr": 6.16e-06, "params": 3899, "time_iter": 0.60918, "accuracy": 0.35467, "f1": 0.17454, "auc": 0.49877}
{"epoch": 96, "time_epoch": 28.68895, "eta": 86.17352, "eta_hours": 0.02394, "loss": 1.09756781, "lr": 3.94e-06, "params": 3899, "time_iter": 0.6104, "accuracy": 0.35467, "f1": 0.17454, "auc": 0.54104}
{"epoch": 97, "time_epoch": 28.62539, "eta": 57.44699, "eta_hours": 0.01596, "loss": 1.09760093, "lr": 2.22e-06, "params": 3899, "time_iter": 0.60905, "accuracy": 0.35467, "f1": 0.17454, "auc": 0.48956}
{"epoch": 98, "time_epoch": 28.64545, "eta": 28.72271, "eta_hours": 0.00798, "loss": 1.09759257, "lr": 9.9e-07, "params": 3899, "time_iter": 0.60948, "accuracy": 0.35467, "f1": 0.17454, "auc": 0.5014}
{"epoch": 99, "time_epoch": 28.61291, "eta": 0.0, "eta_hours": 0.0, "loss": 1.0976033, "lr": 2.5e-07, "params": 3899, "time_iter": 0.60879, "accuracy": 0.35467, "f1": 0.17454, "auc": 0.47916}
