{"epoch": 0, "time_epoch": 0.97584, "time_epoch_std": 0.0, "eta": 96.60857, "eta_std": 0.0, "eta_hours": 0.02684, "eta_hours_std": 0.0, "loss": 0.69301, "loss_std": 0.0, "lr": 0.001, "lr_std": 0.0, "params": 8313.0, "params_std": 0.0, "time_iter": 0.32528, "time_iter_std": 0.0, "accuracy": 0.52381, "accuracy_std": 0.0, "precision": 0.0, "precision_std": 0.0, "recall": 0.0, "recall_std": 0.0, "f1": 0.0, "f1_std": 0.0, "auc": 0.4, "auc_std": 0.0}
{"epoch": 1, "time_epoch": 2.1306, "time_epoch_std": 0.0, "eta": 152.21557, "eta_std": 0.0, "eta_hours": 0.04228, "eta_hours_std": 0.0, "loss": 0.69274, "loss_std": 0.0, "lr": 0.001, "lr_std": 0.0, "params": 8313.0, "params_std": 0.0, "time_iter": 0.7102, "time_iter_std": 0.0, "accuracy": 0.52381, "accuracy_std": 0.0, "precision": 0.0, "precision_std": 0.0, "recall": 0.0, "recall_std": 0.0, "f1": 0.0, "f1_std": 0.0, "auc": 0.49545, "auc_std": 0.0}
{"epoch": 2, "time_epoch": 2.09768, "time_epoch_std": 0.0, "eta": 168.26654, "eta_std": 0.0, "eta_hours": 0.04674, "eta_hours_std": 0.0, "loss": 0.69269, "loss_std": 0.0, "lr": 0.001, "lr_std": 0.0, "params": 8313.0, "params_std": 0.0, "time_iter": 0.69923, "time_iter_std": 0.0, "accuracy": 0.52381, "accuracy_std": 0.0, "precision": 0.0, "precision_std": 0.0, "recall": 0.0, "recall_std": 0.0, "f1": 0.0, "f1_std": 0.0, "auc": 0.41364, "auc_std": 0.0}
{"epoch": 3, "time_epoch": 2.09498, "time_epoch_std": 0.0, "eta": 175.17841, "eta_std": 0.0, "eta_hours": 0.04866, "eta_hours_std": 0.0, "loss": 0.69238, "loss_std": 0.0, "lr": 0.001, "lr_std": 0.0, "params": 8313.0, "params_std": 0.0, "time_iter": 0.69833, "time_iter_std": 0.0, "accuracy": 0.52381, "accuracy_std": 0.0, "precision": 0.0, "precision_std": 0.0, "recall": 0.0, "recall_std": 0.0, "f1": 0.0, "f1_std": 0.0, "auc": 0.65682, "auc_std": 0.0}
{"epoch": 4, "time_epoch": 2.16459, "time_epoch_std": 0.0, "eta": 179.81013, "eta_std": 0.0, "eta_hours": 0.04995, "eta_hours_std": 0.0, "loss": 0.69208, "loss_std": 0.0, "lr": 0.001, "lr_std": 0.0, "params": 8313.0, "params_std": 0.0, "time_iter": 0.72153, "time_iter_std": 0.0, "accuracy": 0.52381, "accuracy_std": 0.0, "precision": 0.0, "precision_std": 0.0, "recall": 0.0, "recall_std": 0.0, "f1": 0.0, "f1_std": 0.0, "auc": 0.64318, "auc_std": 0.0}
{"epoch": 5, "time_epoch": 2.09103, "time_epoch_std": 0.0, "eta": 181.02396, "eta_std": 0.0, "eta_hours": 0.05028, "eta_hours_std": 0.0, "loss": 0.69206, "loss_std": 0.0, "lr": 0.00099, "lr_std": 0.0, "params": 8313.0, "params_std": 0.0, "time_iter": 0.69701, "time_iter_std": 0.0, "accuracy": 0.52381, "accuracy_std": 0.0, "precision": 0.0, "precision_std": 0.0, "recall": 0.0, "recall_std": 0.0, "f1": 0.0, "f1_std": 0.0, "auc": 0.65227, "auc_std": 0.0}
{"epoch": 6, "time_epoch": 2.10654, "time_epoch_std": 0.0, "eta": 181.49958, "eta_std": 0.0, "eta_hours": 0.05042, "eta_hours_std": 0.0, "loss": 0.69128, "loss_std": 0.0, "lr": 0.00099, "lr_std": 0.0, "params": 8313.0, "params_std": 0.0, "time_iter": 0.70218, "time_iter_std": 0.0, "accuracy": 0.52381, "accuracy_std": 0.0, "precision": 0.0, "precision_std": 0.0, "recall": 0.0, "recall_std": 0.0, "f1": 0.0, "f1_std": 0.0, "auc": 0.78636, "auc_std": 0.0}
{"epoch": 7, "time_epoch": 0.82003, "time_epoch_std": 0.0, "eta": 166.53484, "eta_std": 0.0, "eta_hours": 0.04626, "eta_hours_std": 0.0, "loss": 0.69084, "loss_std": 0.0, "lr": 0.00099, "lr_std": 0.0, "params": 8313.0, "params_std": 0.0, "time_iter": 0.27334, "time_iter_std": 0.0, "accuracy": 0.52381, "accuracy_std": 0.0, "precision": 0.0, "precision_std": 0.0, "recall": 0.0, "recall_std": 0.0, "f1": 0.0, "f1_std": 0.0, "auc": 0.825, "auc_std": 0.0}
{"epoch": 8, "time_epoch": 0.16524, "time_epoch_std": 0.0, "eta": 148.09271, "eta_std": 0.0, "eta_hours": 0.04114, "eta_hours_std": 0.0, "loss": 0.69009, "loss_std": 0.0, "lr": 0.00098, "lr_std": 0.0, "params": 8313.0, "params_std": 0.0, "time_iter": 0.05508, "time_iter_std": 0.0, "accuracy": 0.52381, "accuracy_std": 0.0, "precision": 0.0, "precision_std": 0.0, "recall": 0.0, "recall_std": 0.0, "f1": 0.0, "f1_std": 0.0, "auc": 0.80455, "auc_std": 0.0}
{"epoch": 9, "time_epoch": 0.16586, "time_epoch_std": 0.0, "eta": 133.31153, "eta_std": 0.0, "eta_hours": 0.03703, "eta_hours_std": 0.0, "loss": 0.68859, "loss_std": 0.0, "lr": 0.00098, "lr_std": 0.0, "params": 8313.0, "params_std": 0.0, "time_iter": 0.05529, "time_iter_std": 0.0, "accuracy": 0.52381, "accuracy_std": 0.0, "precision": 0.0, "precision_std": 0.0, "recall": 0.0, "recall_std": 0.0, "f1": 0.0, "f1_std": 0.0, "auc": 0.85227, "auc_std": 0.0}
{"epoch": 10, "time_epoch": 0.16224, "time_epoch_std": 0.0, "eta": 121.15837, "eta_std": 0.0, "eta_hours": 0.03366, "eta_hours_std": 0.0, "loss": 0.68846, "loss_std": 0.0, "lr": 0.00098, "lr_std": 0.0, "params": 8313.0, "params_std": 0.0, "time_iter": 0.05408, "time_iter_std": 0.0, "accuracy": 0.52381, "accuracy_std": 0.0, "precision": 0.0, "precision_std": 0.0, "recall": 0.0, "recall_std": 0.0, "f1": 0.0, "f1_std": 0.0, "auc": 0.82727, "auc_std": 0.0}
{"epoch": 11, "time_epoch": 0.16416, "time_epoch_std": 0.0, "eta": 111.01782, "eta_std": 0.0, "eta_hours": 0.03084, "eta_hours_std": 0.0, "loss": 0.6879, "loss_std": 0.0, "lr": 0.00097, "lr_std": 0.0, "params": 8313.0, "params_std": 0.0, "time_iter": 0.05472, "time_iter_std": 0.0, "accuracy": 0.54762, "accuracy_std": 0.0, "precision": 1.0, "precision_std": 0.0, "recall": 0.05, "recall_std": 0.0, "f1": 0.09524, "f1_std": 0.0, "auc": 0.78409, "auc_std": 0.0}
{"epoch": 12, "time_epoch": 0.16783, "time_epoch_std": 0.0, "eta": 102.43665, "eta_std": 0.0, "eta_hours": 0.02845, "eta_hours_std": 0.0, "loss": 0.6855, "loss_std": 0.0, "lr": 0.00096, "lr_std": 0.0, "params": 8313.0, "params_std": 0.0, "time_iter": 0.05594, "time_iter_std": 0.0, "accuracy": 0.52381, "accuracy_std": 0.0, "precision": 0.0, "precision_std": 0.0, "recall": 0.0, "recall_std": 0.0, "f1": 0.0, "f1_std": 0.0, "auc": 0.82727, "auc_std": 0.0}
{"epoch": 13, "time_epoch": 0.17653, "time_epoch_std": 0.0, "eta": 95.1108, "eta_std": 0.0, "eta_hours": 0.02642, "eta_hours_std": 0.0, "loss": 0.6826, "loss_std": 0.0, "lr": 0.00096, "lr_std": 0.0, "params": 8313.0, "params_std": 0.0, "time_iter": 0.05884, "time_iter_std": 0.0, "accuracy": 0.57143, "accuracy_std": 0.0, "precision": 1.0, "precision_std": 0.0, "recall": 0.1, "recall_std": 0.0, "f1": 0.18182, "f1_std": 0.0, "auc": 0.90455, "auc_std": 0.0}
{"epoch": 14, "time_epoch": 0.18038, "time_epoch_std": 0.0, "eta": 88.75999, "eta_std": 0.0, "eta_hours": 0.02466, "eta_hours_std": 0.0, "loss": 0.6802, "loss_std": 0.0, "lr": 0.00095, "lr_std": 0.0, "params": 8313.0, "params_std": 0.0, "time_iter": 0.06013, "time_iter_std": 0.0, "accuracy": 0.61905, "accuracy_std": 0.0, "precision": 1.0, "precision_std": 0.0, "recall": 0.2, "recall_std": 0.0, "f1": 0.33333, "f1_std": 0.0, "auc": 0.875, "auc_std": 0.0}
{"epoch": 15, "time_epoch": 0.18371, "time_epoch_std": 0.0, "eta": 83.19801, "eta_std": 0.0, "eta_hours": 0.02311, "eta_hours_std": 0.0, "loss": 0.67699, "loss_std": 0.0, "lr": 0.00095, "lr_std": 0.0, "params": 8313.0, "params_std": 0.0, "time_iter": 0.06124, "time_iter_std": 0.0, "accuracy": 0.64286, "accuracy_std": 0.0, "precision": 1.0, "precision_std": 0.0, "recall": 0.25, "recall_std": 0.0, "f1": 0.4, "f1_std": 0.0, "auc": 0.89545, "auc_std": 0.0}
{"epoch": 16, "time_epoch": 0.18091, "time_epoch_std": 0.0, "eta": 78.25507, "eta_std": 0.0, "eta_hours": 0.02174, "eta_hours_std": 0.0, "loss": 0.67286, "loss_std": 0.0, "lr": 0.00094, "lr_std": 0.0, "params": 8313.0, "params_std": 0.0, "time_iter": 0.0603, "time_iter_std": 0.0, "accuracy": 0.69048, "accuracy_std": 0.0, "precision": 1.0, "precision_std": 0.0, "recall": 0.35, "recall_std": 0.0, "f1": 0.51852, "f1_std": 0.0, "auc": 0.88636, "auc_std": 0.0}
{"epoch": 17, "time_epoch": 0.18588, "time_epoch_std": 0.0, "eta": 73.86391, "eta_std": 0.0, "eta_hours": 0.02052, "eta_hours_std": 0.0, "loss": 0.67181, "loss_std": 0.0, "lr": 0.00093, "lr_std": 0.0, "params": 8313.0, "params_std": 0.0, "time_iter": 0.06196, "time_iter_std": 0.0, "accuracy": 0.71429, "accuracy_std": 0.0, "precision": 1.0, "precision_std": 0.0, "recall": 0.4, "recall_std": 0.0, "f1": 0.57143, "f1_std": 0.0, "auc": 0.82045, "auc_std": 0.0}
{"epoch": 18, "time_epoch": 0.18221, "time_epoch_std": 0.0, "eta": 69.89976, "eta_std": 0.0, "eta_hours": 0.01942, "eta_hours_std": 0.0, "loss": 0.66549, "loss_std": 0.0, "lr": 0.00092, "lr_std": 0.0, "params": 8313.0, "params_std": 0.0, "time_iter": 0.06074, "time_iter_std": 0.0, "accuracy": 0.69048, "accuracy_std": 0.0, "precision": 0.88889, "precision_std": 0.0, "recall": 0.4, "recall_std": 0.0, "f1": 0.55172, "f1_std": 0.0, "auc": 0.89318, "auc_std": 0.0}
{"epoch": 19, "time_epoch": 0.18265, "time_epoch_std": 0.0, "eta": 66.31555, "eta_std": 0.0, "eta_hours": 0.01842, "eta_hours_std": 0.0, "loss": 0.6598, "loss_std": 0.0, "lr": 0.00091, "lr_std": 0.0, "params": 8313.0, "params_std": 0.0, "time_iter": 0.06088, "time_iter_std": 0.0, "accuracy": 0.78571, "accuracy_std": 0.0, "precision": 1.0, "precision_std": 0.0, "recall": 0.55, "recall_std": 0.0, "f1": 0.70968, "f1_std": 0.0, "auc": 0.89318, "auc_std": 0.0}
{"epoch": 20, "time_epoch": 0.18126, "time_epoch_std": 0.0, "eta": 63.05007, "eta_std": 0.0, "eta_hours": 0.01751, "eta_hours_std": 0.0, "loss": 0.6593, "loss_std": 0.0, "lr": 0.0009, "lr_std": 0.0, "params": 8313.0, "params_std": 0.0, "time_iter": 0.06042, "time_iter_std": 0.0, "accuracy": 0.71429, "accuracy_std": 0.0, "precision": 0.83333, "precision_std": 0.0, "recall": 0.5, "recall_std": 0.0, "f1": 0.625, "f1_std": 0.0, "auc": 0.81364, "auc_std": 0.0}
{"epoch": 21, "time_epoch": 0.18423, "time_epoch_std": 0.0, "eta": 60.07551, "eta_std": 0.0, "eta_hours": 0.01669, "eta_hours_std": 0.0, "loss": 0.65052, "loss_std": 0.0, "lr": 0.0009, "lr_std": 0.0, "params": 8313.0, "params_std": 0.0, "time_iter": 0.06141, "time_iter_std": 0.0, "accuracy": 0.66667, "accuracy_std": 0.0, "precision": 0.75, "precision_std": 0.0, "recall": 0.45, "recall_std": 0.0, "f1": 0.5625, "f1_std": 0.0, "auc": 0.87273, "auc_std": 0.0}
{"epoch": 22, "time_epoch": 0.18444, "time_epoch_std": 0.0, "eta": 57.34429, "eta_std": 0.0, "eta_hours": 0.01593, "eta_hours_std": 0.0, "loss": 0.639, "loss_std": 0.0, "lr": 0.00089, "lr_std": 0.0, "params": 8313.0, "params_std": 0.0, "time_iter": 0.06148, "time_iter_std": 0.0, "accuracy": 0.7619, "accuracy_std": 0.0, "precision": 0.85714, "precision_std": 0.0, "recall": 0.6, "recall_std": 0.0, "f1": 0.70588, "f1_std": 0.0, "auc": 0.87045, "auc_std": 0.0}
{"epoch": 23, "time_epoch": 0.17859, "time_epoch_std": 0.0, "eta": 54.80677, "eta_std": 0.0, "eta_hours": 0.01522, "eta_hours_std": 0.0, "loss": 0.62969, "loss_std": 0.0, "lr": 0.00088, "lr_std": 0.0, "params": 8313.0, "params_std": 0.0, "time_iter": 0.05953, "time_iter_std": 0.0, "accuracy": 0.80952, "accuracy_std": 0.0, "precision": 0.875, "precision_std": 0.0, "recall": 0.7, "recall_std": 0.0, "f1": 0.77778, "f1_std": 0.0, "auc": 0.89318, "auc_std": 0.0}
{"epoch": 24, "time_epoch": 0.18351, "time_epoch_std": 0.0, "eta": 52.47274, "eta_std": 0.0, "eta_hours": 0.01458, "eta_hours_std": 0.0, "loss": 0.63449, "loss_std": 0.0, "lr": 0.00086, "lr_std": 0.0, "params": 8313.0, "params_std": 0.0, "time_iter": 0.06117, "time_iter_std": 0.0, "accuracy": 0.78571, "accuracy_std": 0.0, "precision": 0.86667, "precision_std": 0.0, "recall": 0.65, "recall_std": 0.0, "f1": 0.74286, "f1_std": 0.0, "auc": 0.86591, "auc_std": 0.0}
{"epoch": 25, "time_epoch": 0.1854, "time_epoch_std": 0.0, "eta": 50.30952, "eta_std": 0.0, "eta_hours": 0.01397, "eta_hours_std": 0.0, "loss": 0.61756, "loss_std": 0.0, "lr": 0.00085, "lr_std": 0.0, "params": 8313.0, "params_std": 0.0, "time_iter": 0.0618, "time_iter_std": 0.0, "accuracy": 0.83333, "accuracy_std": 0.0, "precision": 0.88235, "precision_std": 0.0, "recall": 0.75, "recall_std": 0.0, "f1": 0.81081, "f1_std": 0.0, "auc": 0.90227, "auc_std": 0.0}
{"epoch": 26, "time_epoch": 0.1798, "time_epoch_std": 0.0, "eta": 48.27764, "eta_std": 0.0, "eta_hours": 0.01341, "eta_hours_std": 0.0, "loss": 0.60865, "loss_std": 0.0, "lr": 0.00084, "lr_std": 0.0, "params": 8313.0, "params_std": 0.0, "time_iter": 0.05993, "time_iter_std": 0.0, "accuracy": 0.80952, "accuracy_std": 0.0, "precision": 0.92857, "precision_std": 0.0, "recall": 0.65, "recall_std": 0.0, "f1": 0.76471, "f1_std": 0.0, "auc": 0.90682, "auc_std": 0.0}
{"epoch": 27, "time_epoch": 0.18347, "time_epoch_std": 0.0, "eta": 46.3875, "eta_std": 0.0, "eta_hours": 0.01289, "eta_hours_std": 0.0, "loss": 0.601, "loss_std": 0.0, "lr": 0.00083, "lr_std": 0.0, "params": 8313.0, "params_std": 0.0, "time_iter": 0.06116, "time_iter_std": 0.0, "accuracy": 0.78571, "accuracy_std": 0.0, "precision": 0.82353, "precision_std": 0.0, "recall": 0.7, "recall_std": 0.0, "f1": 0.75676, "f1_std": 0.0, "auc": 0.89091, "auc_std": 0.0}
{"epoch": 28, "time_epoch": 0.17941, "time_epoch_std": 0.0, "eta": 44.60513, "eta_std": 0.0, "eta_hours": 0.01239, "eta_hours_std": 0.0, "loss": 0.57441, "loss_std": 0.0, "lr": 0.00082, "lr_std": 0.0, "params": 8313.0, "params_std": 0.0, "time_iter": 0.0598, "time_iter_std": 0.0, "accuracy": 0.83333, "accuracy_std": 0.0, "precision": 0.84211, "precision_std": 0.0, "recall": 0.8, "recall_std": 0.0, "f1": 0.82051, "f1_std": 0.0, "auc": 0.94545, "auc_std": 0.0}
{"epoch": 29, "time_epoch": 0.18393, "time_epoch_std": 0.0, "eta": 42.94016, "eta_std": 0.0, "eta_hours": 0.01193, "eta_hours_std": 0.0, "loss": 0.56565, "loss_std": 0.0, "lr": 0.00081, "lr_std": 0.0, "params": 8313.0, "params_std": 0.0, "time_iter": 0.06131, "time_iter_std": 0.0, "accuracy": 0.83333, "accuracy_std": 0.0, "precision": 0.88235, "precision_std": 0.0, "recall": 0.75, "recall_std": 0.0, "f1": 0.81081, "f1_std": 0.0, "auc": 0.93409, "auc_std": 0.0}
{"epoch": 30, "time_epoch": 0.18054, "time_epoch_std": 0.0, "eta": 41.36319, "eta_std": 0.0, "eta_hours": 0.01149, "eta_hours_std": 0.0, "loss": 0.55338, "loss_std": 0.0, "lr": 0.00079, "lr_std": 0.0, "params": 8313.0, "params_std": 0.0, "time_iter": 0.06018, "time_iter_std": 0.0, "accuracy": 0.85714, "accuracy_std": 0.0, "precision": 0.9375, "precision_std": 0.0, "recall": 0.75, "recall_std": 0.0, "f1": 0.83333, "f1_std": 0.0, "auc": 0.92955, "auc_std": 0.0}
{"epoch": 31, "time_epoch": 0.18059, "time_epoch_std": 0.0, "eta": 39.8736, "eta_std": 0.0, "eta_hours": 0.01108, "eta_hours_std": 0.0, "loss": 0.54094, "loss_std": 0.0, "lr": 0.00078, "lr_std": 0.0, "params": 8313.0, "params_std": 0.0, "time_iter": 0.0602, "time_iter_std": 0.0, "accuracy": 0.88095, "accuracy_std": 0.0, "precision": 0.94118, "precision_std": 0.0, "recall": 0.8, "recall_std": 0.0, "f1": 0.86486, "f1_std": 0.0, "auc": 0.93636, "auc_std": 0.0}
{"epoch": 32, "time_epoch": 0.18535, "time_epoch_std": 0.0, "eta": 38.47303, "eta_std": 0.0, "eta_hours": 0.01069, "eta_hours_std": 0.0, "loss": 0.52671, "loss_std": 0.0, "lr": 0.00077, "lr_std": 0.0, "params": 8313.0, "params_std": 0.0, "time_iter": 0.06178, "time_iter_std": 0.0, "accuracy": 0.90476, "accuracy_std": 0.0, "precision": 0.94444, "precision_std": 0.0, "recall": 0.85, "recall_std": 0.0, "f1": 0.89474, "f1_std": 0.0, "auc": 0.92955, "auc_std": 0.0}
{"epoch": 33, "time_epoch": 0.18089, "time_epoch_std": 0.0, "eta": 37.13527, "eta_std": 0.0, "eta_hours": 0.01032, "eta_hours_std": 0.0, "loss": 0.51214, "loss_std": 0.0, "lr": 0.00075, "lr_std": 0.0, "params": 8313.0, "params_std": 0.0, "time_iter": 0.0603, "time_iter_std": 0.0, "accuracy": 0.92857, "accuracy_std": 0.0, "precision": 1.0, "precision_std": 0.0, "recall": 0.85, "recall_std": 0.0, "f1": 0.91892, "f1_std": 0.0, "auc": 0.95, "auc_std": 0.0}
{"epoch": 34, "time_epoch": 0.18197, "time_epoch_std": 0.0, "eta": 35.86563, "eta_std": 0.0, "eta_hours": 0.00996, "eta_hours_std": 0.0, "loss": 0.49538, "loss_std": 0.0, "lr": 0.00074, "lr_std": 0.0, "params": 8313.0, "params_std": 0.0, "time_iter": 0.06066, "time_iter_std": 0.0, "accuracy": 0.90476, "accuracy_std": 0.0, "precision": 0.94444, "precision_std": 0.0, "recall": 0.85, "recall_std": 0.0, "f1": 0.89474, "f1_std": 0.0, "auc": 0.95455, "auc_std": 0.0}
{"epoch": 35, "time_epoch": 0.18031, "time_epoch_std": 0.0, "eta": 34.65347, "eta_std": 0.0, "eta_hours": 0.00963, "eta_hours_std": 0.0, "loss": 0.47913, "loss_std": 0.0, "lr": 0.00073, "lr_std": 0.0, "params": 8313.0, "params_std": 0.0, "time_iter": 0.0601, "time_iter_std": 0.0, "accuracy": 0.83333, "accuracy_std": 0.0, "precision": 0.88235, "precision_std": 0.0, "recall": 0.75, "recall_std": 0.0, "f1": 0.81081, "f1_std": 0.0, "auc": 0.94773, "auc_std": 0.0}
{"epoch": 36, "time_epoch": 0.18025, "time_epoch_std": 0.0, "eta": 33.49697, "eta_std": 0.0, "eta_hours": 0.0093, "eta_hours_std": 0.0, "loss": 0.48763, "loss_std": 0.0, "lr": 0.00071, "lr_std": 0.0, "params": 8313.0, "params_std": 0.0, "time_iter": 0.06008, "time_iter_std": 0.0, "accuracy": 0.80952, "accuracy_std": 0.0, "precision": 0.875, "precision_std": 0.0, "recall": 0.7, "recall_std": 0.0, "f1": 0.77778, "f1_std": 0.0, "auc": 0.93182, "auc_std": 0.0}
{"epoch": 37, "time_epoch": 0.18199, "time_epoch_std": 0.0, "eta": 32.3947, "eta_std": 0.0, "eta_hours": 0.009, "eta_hours_std": 0.0, "loss": 0.45785, "loss_std": 0.0, "lr": 0.0007, "lr_std": 0.0, "params": 8313.0, "params_std": 0.0, "time_iter": 0.06066, "time_iter_std": 0.0, "accuracy": 0.88095, "accuracy_std": 0.0, "precision": 1.0, "precision_std": 0.0, "recall": 0.75, "recall_std": 0.0, "f1": 0.85714, "f1_std": 0.0, "auc": 0.97045, "auc_std": 0.0}
{"epoch": 38, "time_epoch": 0.18433, "time_epoch_std": 0.0, "eta": 31.34329, "eta_std": 0.0, "eta_hours": 0.00871, "eta_hours_std": 0.0, "loss": 0.43359, "loss_std": 0.0, "lr": 0.00068, "lr_std": 0.0, "params": 8313.0, "params_std": 0.0, "time_iter": 0.06144, "time_iter_std": 0.0, "accuracy": 0.92857, "accuracy_std": 0.0, "precision": 1.0, "precision_std": 0.0, "recall": 0.85, "recall_std": 0.0, "f1": 0.91892, "f1_std": 0.0, "auc": 0.975, "auc_std": 0.0}
{"epoch": 39, "time_epoch": 0.18386, "time_epoch_std": 0.0, "eta": 30.33451, "eta_std": 0.0, "eta_hours": 0.00843, "eta_hours_std": 0.0, "loss": 0.41851, "loss_std": 0.0, "lr": 0.00067, "lr_std": 0.0, "params": 8313.0, "params_std": 0.0, "time_iter": 0.06129, "time_iter_std": 0.0, "accuracy": 0.92857, "accuracy_std": 0.0, "precision": 1.0, "precision_std": 0.0, "recall": 0.85, "recall_std": 0.0, "f1": 0.91892, "f1_std": 0.0, "auc": 0.975, "auc_std": 0.0}
{"epoch": 40, "time_epoch": 0.18175, "time_epoch_std": 0.0, "eta": 29.36294, "eta_std": 0.0, "eta_hours": 0.00816, "eta_hours_std": 0.0, "loss": 0.42387, "loss_std": 0.0, "lr": 0.00065, "lr_std": 0.0, "params": 8313.0, "params_std": 0.0, "time_iter": 0.06058, "time_iter_std": 0.0, "accuracy": 0.92857, "accuracy_std": 0.0, "precision": 1.0, "precision_std": 0.0, "recall": 0.85, "recall_std": 0.0, "f1": 0.91892, "f1_std": 0.0, "auc": 0.96591, "auc_std": 0.0}
{"epoch": 41, "time_epoch": 0.18259, "time_epoch_std": 0.0, "eta": 28.43014, "eta_std": 0.0, "eta_hours": 0.0079, "eta_hours_std": 0.0, "loss": 0.41141, "loss_std": 0.0, "lr": 0.00064, "lr_std": 0.0, "params": 8313.0, "params_std": 0.0, "time_iter": 0.06086, "time_iter_std": 0.0, "accuracy": 0.90476, "accuracy_std": 0.0, "precision": 1.0, "precision_std": 0.0, "recall": 0.8, "recall_std": 0.0, "f1": 0.88889, "f1_std": 0.0, "auc": 0.98409, "auc_std": 0.0}
{"epoch": 42, "time_epoch": 0.18219, "time_epoch_std": 0.0, "eta": 27.53171, "eta_std": 0.0, "eta_hours": 0.00765, "eta_hours_std": 0.0, "loss": 0.40496, "loss_std": 0.0, "lr": 0.00062, "lr_std": 0.0, "params": 8313.0, "params_std": 0.0, "time_iter": 0.06073, "time_iter_std": 0.0, "accuracy": 0.92857, "accuracy_std": 0.0, "precision": 1.0, "precision_std": 0.0, "recall": 0.85, "recall_std": 0.0, "f1": 0.91892, "f1_std": 0.0, "auc": 0.98409, "auc_std": 0.0}
{"epoch": 43, "time_epoch": 0.18145, "time_epoch_std": 0.0, "eta": 26.66488, "eta_std": 0.0, "eta_hours": 0.00741, "eta_hours_std": 0.0, "loss": 0.41357, "loss_std": 0.0, "lr": 0.00061, "lr_std": 0.0, "params": 8313.0, "params_std": 0.0, "time_iter": 0.06048, "time_iter_std": 0.0, "accuracy": 0.85714, "accuracy_std": 0.0, "precision": 0.9375, "precision_std": 0.0, "recall": 0.75, "recall_std": 0.0, "f1": 0.83333, "f1_std": 0.0, "auc": 0.95909, "auc_std": 0.0}
{"epoch": 44, "time_epoch": 0.17916, "time_epoch_std": 0.0, "eta": 25.82573, "eta_std": 0.0, "eta_hours": 0.00717, "eta_hours_std": 0.0, "loss": 0.35656, "loss_std": 0.0, "lr": 0.00059, "lr_std": 0.0, "params": 8313.0, "params_std": 0.0, "time_iter": 0.05972, "time_iter_std": 0.0, "accuracy": 0.92857, "accuracy_std": 0.0, "precision": 1.0, "precision_std": 0.0, "recall": 0.85, "recall_std": 0.0, "f1": 0.91892, "f1_std": 0.0, "auc": 0.98182, "auc_std": 0.0}
{"epoch": 45, "time_epoch": 0.18033, "time_epoch_std": 0.0, "eta": 25.01664, "eta_std": 0.0, "eta_hours": 0.00695, "eta_hours_std": 0.0, "loss": 0.3783, "loss_std": 0.0, "lr": 0.00058, "lr_std": 0.0, "params": 8313.0, "params_std": 0.0, "time_iter": 0.06011, "time_iter_std": 0.0, "accuracy": 0.90476, "accuracy_std": 0.0, "precision": 0.94444, "precision_std": 0.0, "recall": 0.85, "recall_std": 0.0, "f1": 0.89474, "f1_std": 0.0, "auc": 0.98182, "auc_std": 0.0}
{"epoch": 46, "time_epoch": 0.18263, "time_epoch_std": 0.0, "eta": 24.2369, "eta_std": 0.0, "eta_hours": 0.00673, "eta_hours_std": 0.0, "loss": 0.32165, "loss_std": 0.0, "lr": 0.00056, "lr_std": 0.0, "params": 8313.0, "params_std": 0.0, "time_iter": 0.06088, "time_iter_std": 0.0, "accuracy": 0.95238, "accuracy_std": 0.0, "precision": 1.0, "precision_std": 0.0, "recall": 0.9, "recall_std": 0.0, "f1": 0.94737, "f1_std": 0.0, "auc": 0.99545, "auc_std": 0.0}
{"epoch": 47, "time_epoch": 0.18387, "time_epoch_std": 0.0, "eta": 23.48339, "eta_std": 0.0, "eta_hours": 0.00652, "eta_hours_std": 0.0, "loss": 0.36165, "loss_std": 0.0, "lr": 0.00055, "lr_std": 0.0, "params": 8313.0, "params_std": 0.0, "time_iter": 0.06129, "time_iter_std": 0.0, "accuracy": 0.92857, "accuracy_std": 0.0, "precision": 1.0, "precision_std": 0.0, "recall": 0.85, "recall_std": 0.0, "f1": 0.91892, "f1_std": 0.0, "auc": 0.97727, "auc_std": 0.0}
{"epoch": 48, "time_epoch": 0.18296, "time_epoch_std": 0.0, "eta": 22.75218, "eta_std": 0.0, "eta_hours": 0.00632, "eta_hours_std": 0.0, "loss": 0.30417, "loss_std": 0.0, "lr": 0.00053, "lr_std": 0.0, "params": 8313.0, "params_std": 0.0, "time_iter": 0.06099, "time_iter_std": 0.0, "accuracy": 0.95238, "accuracy_std": 0.0, "precision": 1.0, "precision_std": 0.0, "recall": 0.9, "recall_std": 0.0, "f1": 0.94737, "f1_std": 0.0, "auc": 0.99545, "auc_std": 0.0}
{"epoch": 49, "time_epoch": 0.18172, "time_epoch_std": 0.0, "eta": 22.04166, "eta_std": 0.0, "eta_hours": 0.00612, "eta_hours_std": 0.0, "loss": 0.33424, "loss_std": 0.0, "lr": 0.00052, "lr_std": 0.0, "params": 8313.0, "params_std": 0.0, "time_iter": 0.06057, "time_iter_std": 0.0, "accuracy": 0.92857, "accuracy_std": 0.0, "precision": 1.0, "precision_std": 0.0, "recall": 0.85, "recall_std": 0.0, "f1": 0.91892, "f1_std": 0.0, "auc": 0.97955, "auc_std": 0.0}
{"epoch": 50, "time_epoch": 0.1883, "time_epoch_std": 0.0, "eta": 21.3582, "eta_std": 0.0, "eta_hours": 0.00593, "eta_hours_std": 0.0, "loss": 0.2986, "loss_std": 0.0, "lr": 0.0005, "lr_std": 0.0, "params": 8313.0, "params_std": 0.0, "time_iter": 0.06277, "time_iter_std": 0.0, "accuracy": 0.97619, "accuracy_std": 0.0, "precision": 1.0, "precision_std": 0.0, "recall": 0.95, "recall_std": 0.0, "f1": 0.97436, "f1_std": 0.0, "auc": 0.99318, "auc_std": 0.0}
{"epoch": 51, "time_epoch": 0.18215, "time_epoch_std": 0.0, "eta": 20.6881, "eta_std": 0.0, "eta_hours": 0.00575, "eta_hours_std": 0.0, "loss": 0.27407, "loss_std": 0.0, "lr": 0.00048, "lr_std": 0.0, "params": 8313.0, "params_std": 0.0, "time_iter": 0.06072, "time_iter_std": 0.0, "accuracy": 0.95238, "accuracy_std": 0.0, "precision": 1.0, "precision_std": 0.0, "recall": 0.9, "recall_std": 0.0, "f1": 0.94737, "f1_std": 0.0, "auc": 0.99773, "auc_std": 0.0}
{"epoch": 52, "time_epoch": 0.1819, "time_epoch_std": 0.0, "eta": 20.0362, "eta_std": 0.0, "eta_hours": 0.00557, "eta_hours_std": 0.0, "loss": 0.2713, "loss_std": 0.0, "lr": 0.00047, "lr_std": 0.0, "params": 8313.0, "params_std": 0.0, "time_iter": 0.06063, "time_iter_std": 0.0, "accuracy": 0.95238, "accuracy_std": 0.0, "precision": 1.0, "precision_std": 0.0, "recall": 0.9, "recall_std": 0.0, "f1": 0.94737, "f1_std": 0.0, "auc": 0.98636, "auc_std": 0.0}
{"epoch": 53, "time_epoch": 0.18205, "time_epoch_std": 0.0, "eta": 19.40182, "eta_std": 0.0, "eta_hours": 0.00539, "eta_hours_std": 0.0, "loss": 0.25736, "loss_std": 0.0, "lr": 0.00045, "lr_std": 0.0, "params": 8313.0, "params_std": 0.0, "time_iter": 0.06068, "time_iter_std": 0.0, "accuracy": 0.97619, "accuracy_std": 0.0, "precision": 1.0, "precision_std": 0.0, "recall": 0.95, "recall_std": 0.0, "f1": 0.97436, "f1_std": 0.0, "auc": 0.99545, "auc_std": 0.0}
{"epoch": 54, "time_epoch": 0.1802, "time_epoch_std": 0.0, "eta": 18.78239, "eta_std": 0.0, "eta_hours": 0.00522, "eta_hours_std": 0.0, "loss": 0.26549, "loss_std": 0.0, "lr": 0.00044, "lr_std": 0.0, "params": 8313.0, "params_std": 0.0, "time_iter": 0.06007, "time_iter_std": 0.0, "accuracy": 0.95238, "accuracy_std": 0.0, "precision": 1.0, "precision_std": 0.0, "recall": 0.9, "recall_std": 0.0, "f1": 0.94737, "f1_std": 0.0, "auc": 1.0, "auc_std": 0.0}
{"epoch": 55, "time_epoch": 0.1937, "time_epoch_std": 0.0, "eta": 18.18925, "eta_std": 0.0, "eta_hours": 0.00505, "eta_hours_std": 0.0, "loss": 0.23849, "loss_std": 0.0, "lr": 0.00042, "lr_std": 0.0, "params": 8313.0, "params_std": 0.0, "time_iter": 0.06457, "time_iter_std": 0.0, "accuracy": 0.95238, "accuracy_std": 0.0, "precision": 1.0, "precision_std": 0.0, "recall": 0.9, "recall_std": 0.0, "f1": 0.94737, "f1_std": 0.0, "auc": 1.0, "auc_std": 0.0}
{"epoch": 56, "time_epoch": 0.1804, "time_epoch_std": 0.0, "eta": 17.60009, "eta_std": 0.0, "eta_hours": 0.00489, "eta_hours_std": 0.0, "loss": 0.24795, "loss_std": 0.0, "lr": 0.00041, "lr_std": 0.0, "params": 8313.0, "params_std": 0.0, "time_iter": 0.06013, "time_iter_std": 0.0, "accuracy": 0.97619, "accuracy_std": 0.0, "precision": 1.0, "precision_std": 0.0, "recall": 0.95, "recall_std": 0.0, "f1": 0.97436, "f1_std": 0.0, "auc": 0.99545, "auc_std": 0.0}
{"epoch": 57, "time_epoch": 0.18013, "time_epoch_std": 0.0, "eta": 17.02483, "eta_std": 0.0, "eta_hours": 0.00473, "eta_hours_std": 0.0, "loss": 0.24271, "loss_std": 0.0, "lr": 0.00039, "lr_std": 0.0, "params": 8313.0, "params_std": 0.0, "time_iter": 0.06004, "time_iter_std": 0.0, "accuracy": 0.95238, "accuracy_std": 0.0, "precision": 1.0, "precision_std": 0.0, "recall": 0.9, "recall_std": 0.0, "f1": 0.94737, "f1_std": 0.0, "auc": 0.99773, "auc_std": 0.0}
{"epoch": 58, "time_epoch": 0.18182, "time_epoch_std": 0.0, "eta": 16.46414, "eta_std": 0.0, "eta_hours": 0.00457, "eta_hours_std": 0.0, "loss": 0.21676, "loss_std": 0.0, "lr": 0.00038, "lr_std": 0.0, "params": 8313.0, "params_std": 0.0, "time_iter": 0.06061, "time_iter_std": 0.0, "accuracy": 0.97619, "accuracy_std": 0.0, "precision": 1.0, "precision_std": 0.0, "recall": 0.95, "recall_std": 0.0, "f1": 0.97436, "f1_std": 0.0, "auc": 1.0, "auc_std": 0.0}
{"epoch": 59, "time_epoch": 0.18217, "time_epoch_std": 0.0, "eta": 15.91632, "eta_std": 0.0, "eta_hours": 0.00442, "eta_hours_std": 0.0, "loss": 0.2288, "loss_std": 0.0, "lr": 0.00036, "lr_std": 0.0, "params": 8313.0, "params_std": 0.0, "time_iter": 0.06072, "time_iter_std": 0.0, "accuracy": 0.97619, "accuracy_std": 0.0, "precision": 1.0, "precision_std": 0.0, "recall": 0.95, "recall_std": 0.0, "f1": 0.97436, "f1_std": 0.0, "auc": 1.0, "auc_std": 0.0}
{"epoch": 60, "time_epoch": 0.18155, "time_epoch_std": 0.0, "eta": 15.38008, "eta_std": 0.0, "eta_hours": 0.00427, "eta_hours_std": 0.0, "loss": 0.19184, "loss_std": 0.0, "lr": 0.00035, "lr_std": 0.0, "params": 8313.0, "params_std": 0.0, "time_iter": 0.06052, "time_iter_std": 0.0, "accuracy": 1.0, "accuracy_std": 0.0, "precision": 1.0, "precision_std": 0.0, "recall": 1.0, "recall_std": 0.0, "f1": 1.0, "f1_std": 0.0, "auc": 1.0, "auc_std": 0.0}
{"epoch": 61, "time_epoch": 0.18135, "time_epoch_std": 0.0, "eta": 14.85517, "eta_std": 0.0, "eta_hours": 0.00413, "eta_hours_std": 0.0, "loss": 0.20592, "loss_std": 0.0, "lr": 0.00033, "lr_std": 0.0, "params": 8313.0, "params_std": 0.0, "time_iter": 0.06045, "time_iter_std": 0.0, "accuracy": 0.97619, "accuracy_std": 0.0, "precision": 1.0, "precision_std": 0.0, "recall": 0.95, "recall_std": 0.0, "f1": 0.97436, "f1_std": 0.0, "auc": 1.0, "auc_std": 0.0}
{"epoch": 62, "time_epoch": 0.18178, "time_epoch_std": 0.0, "eta": 14.34141, "eta_std": 0.0, "eta_hours": 0.00398, "eta_hours_std": 0.0, "loss": 0.25275, "loss_std": 0.0, "lr": 0.00032, "lr_std": 0.0, "params": 8313.0, "params_std": 0.0, "time_iter": 0.06059, "time_iter_std": 0.0, "accuracy": 0.95238, "accuracy_std": 0.0, "precision": 1.0, "precision_std": 0.0, "recall": 0.9, "recall_std": 0.0, "f1": 0.94737, "f1_std": 0.0, "auc": 0.99091, "auc_std": 0.0}
{"epoch": 63, "time_epoch": 0.18071, "time_epoch_std": 0.0, "eta": 13.83743, "eta_std": 0.0, "eta_hours": 0.00384, "eta_hours_std": 0.0, "loss": 0.17509, "loss_std": 0.0, "lr": 0.0003, "lr_std": 0.0, "params": 8313.0, "params_std": 0.0, "time_iter": 0.06024, "time_iter_std": 0.0, "accuracy": 1.0, "accuracy_std": 0.0, "precision": 1.0, "precision_std": 0.0, "recall": 1.0, "recall_std": 0.0, "f1": 1.0, "f1_std": 0.0, "auc": 1.0, "auc_std": 0.0}
{"epoch": 64, "time_epoch": 0.18786, "time_epoch_std": 0.0, "eta": 13.34724, "eta_std": 0.0, "eta_hours": 0.00371, "eta_hours_std": 0.0, "loss": 0.17705, "loss_std": 0.0, "lr": 0.00029, "lr_std": 0.0, "params": 8313.0, "params_std": 0.0, "time_iter": 0.06262, "time_iter_std": 0.0, "accuracy": 1.0, "accuracy_std": 0.0, "precision": 1.0, "precision_std": 0.0, "recall": 1.0, "recall_std": 0.0, "f1": 1.0, "f1_std": 0.0, "auc": 1.0, "auc_std": 0.0}
{"epoch": 65, "time_epoch": 0.17977, "time_epoch_std": 0.0, "eta": 12.86204, "eta_std": 0.0, "eta_hours": 0.00357, "eta_hours_std": 0.0, "loss": 0.17572, "loss_std": 0.0, "lr": 0.00027, "lr_std": 0.0, "params": 8313.0, "params_std": 0.0, "time_iter": 0.05992, "time_iter_std": 0.0, "accuracy": 1.0, "accuracy_std": 0.0, "precision": 1.0, "precision_std": 0.0, "recall": 1.0, "recall_std": 0.0, "f1": 1.0, "f1_std": 0.0, "auc": 1.0, "auc_std": 0.0}
{"epoch": 66, "time_epoch": 0.17891, "time_epoch_std": 0.0, "eta": 12.38554, "eta_std": 0.0, "eta_hours": 0.00344, "eta_hours_std": 0.0, "loss": 0.20296, "loss_std": 0.0, "lr": 0.00026, "lr_std": 0.0, "params": 8313.0, "params_std": 0.0, "time_iter": 0.05964, "time_iter_std": 0.0, "accuracy": 0.97619, "accuracy_std": 0.0, "precision": 1.0, "precision_std": 0.0, "recall": 0.95, "recall_std": 0.0, "f1": 0.97436, "f1_std": 0.0, "auc": 1.0, "auc_std": 0.0}
{"epoch": 67, "time_epoch": 0.18356, "time_epoch_std": 0.0, "eta": 11.91998, "eta_std": 0.0, "eta_hours": 0.00331, "eta_hours_std": 0.0, "loss": 0.17568, "loss_std": 0.0, "lr": 0.00025, "lr_std": 0.0, "params": 8313.0, "params_std": 0.0, "time_iter": 0.06119, "time_iter_std": 0.0, "accuracy": 1.0, "accuracy_std": 0.0, "precision": 1.0, "precision_std": 0.0, "recall": 1.0, "recall_std": 0.0, "f1": 1.0, "f1_std": 0.0, "auc": 1.0, "auc_std": 0.0}
{"epoch": 68, "time_epoch": 0.18057, "time_epoch_std": 0.0, "eta": 11.46126, "eta_std": 0.0, "eta_hours": 0.00318, "eta_hours_std": 0.0, "loss": 0.20093, "loss_std": 0.0, "lr": 0.00023, "lr_std": 0.0, "params": 8313.0, "params_std": 0.0, "time_iter": 0.06019, "time_iter_std": 0.0, "accuracy": 0.97619, "accuracy_std": 0.0, "precision": 1.0, "precision_std": 0.0, "recall": 0.95, "recall_std": 0.0, "f1": 0.97436, "f1_std": 0.0, "auc": 0.99318, "auc_std": 0.0}
{"epoch": 69, "time_epoch": 0.18226, "time_epoch_std": 0.0, "eta": 11.0112, "eta_std": 0.0, "eta_hours": 0.00306, "eta_hours_std": 0.0, "loss": 0.15639, "loss_std": 0.0, "lr": 0.00022, "lr_std": 0.0, "params": 8313.0, "params_std": 0.0, "time_iter": 0.06075, "time_iter_std": 0.0, "accuracy": 1.0, "accuracy_std": 0.0, "precision": 1.0, "precision_std": 0.0, "recall": 1.0, "recall_std": 0.0, "f1": 1.0, "f1_std": 0.0, "auc": 1.0, "auc_std": 0.0}
{"epoch": 70, "time_epoch": 0.17877, "time_epoch_std": 0.0, "eta": 10.56726, "eta_std": 0.0, "eta_hours": 0.00294, "eta_hours_std": 0.0, "loss": 0.15322, "loss_std": 0.0, "lr": 0.00021, "lr_std": 0.0, "params": 8313.0, "params_std": 0.0, "time_iter": 0.05959, "time_iter_std": 0.0, "accuracy": 1.0, "accuracy_std": 0.0, "precision": 1.0, "precision_std": 0.0, "recall": 1.0, "recall_std": 0.0, "f1": 1.0, "f1_std": 0.0, "auc": 1.0, "auc_std": 0.0}
{"epoch": 71, "time_epoch": 0.17918, "time_epoch_std": 0.0, "eta": 10.13084, "eta_std": 0.0, "eta_hours": 0.00281, "eta_hours_std": 0.0, "loss": 0.15936, "loss_std": 0.0, "lr": 0.00019, "lr_std": 0.0, "params": 8313.0, "params_std": 0.0, "time_iter": 0.05973, "time_iter_std": 0.0, "accuracy": 1.0, "accuracy_std": 0.0, "precision": 1.0, "precision_std": 0.0, "recall": 1.0, "recall_std": 0.0, "f1": 1.0, "f1_std": 0.0, "auc": 1.0, "auc_std": 0.0}
{"epoch": 72, "time_epoch": 0.17848, "time_epoch_std": 0.0, "eta": 9.70122, "eta_std": 0.0, "eta_hours": 0.00269, "eta_hours_std": 0.0, "loss": 0.17115, "loss_std": 0.0, "lr": 0.00018, "lr_std": 0.0, "params": 8313.0, "params_std": 0.0, "time_iter": 0.05949, "time_iter_std": 0.0, "accuracy": 0.97619, "accuracy_std": 0.0, "precision": 1.0, "precision_std": 0.0, "recall": 0.95, "recall_std": 0.0, "f1": 0.97436, "f1_std": 0.0, "auc": 1.0, "auc_std": 0.0}
{"epoch": 73, "time_epoch": 0.18468, "time_epoch_std": 0.0, "eta": 9.28056, "eta_std": 0.0, "eta_hours": 0.00258, "eta_hours_std": 0.0, "loss": 0.13804, "loss_std": 0.0, "lr": 0.00017, "lr_std": 0.0, "params": 8313.0, "params_std": 0.0, "time_iter": 0.06156, "time_iter_std": 0.0, "accuracy": 1.0, "accuracy_std": 0.0, "precision": 1.0, "precision_std": 0.0, "recall": 1.0, "recall_std": 0.0, "f1": 1.0, "f1_std": 0.0, "auc": 1.0, "auc_std": 0.0}
{"epoch": 74, "time_epoch": 0.17818, "time_epoch_std": 0.0, "eta": 8.86403, "eta_std": 0.0, "eta_hours": 0.00246, "eta_hours_std": 0.0, "loss": 0.17935, "loss_std": 0.0, "lr": 0.00016, "lr_std": 0.0, "params": 8313.0, "params_std": 0.0, "time_iter": 0.05939, "time_iter_std": 0.0, "accuracy": 0.97619, "accuracy_std": 0.0, "precision": 1.0, "precision_std": 0.0, "recall": 0.95, "recall_std": 0.0, "f1": 0.97436, "f1_std": 0.0, "auc": 1.0, "auc_std": 0.0}
{"epoch": 75, "time_epoch": 0.17859, "time_epoch_std": 0.0, "eta": 8.4539, "eta_std": 0.0, "eta_hours": 0.00235, "eta_hours_std": 0.0, "loss": 0.14777, "loss_std": 0.0, "lr": 0.00015, "lr_std": 0.0, "params": 8313.0, "params_std": 0.0, "time_iter": 0.05953, "time_iter_std": 0.0, "accuracy": 1.0, "accuracy_std": 0.0, "precision": 1.0, "precision_std": 0.0, "recall": 1.0, "recall_std": 0.0, "f1": 1.0, "f1_std": 0.0, "auc": 1.0, "auc_std": 0.0}
{"epoch": 76, "time_epoch": 0.17916, "time_epoch_std": 0.0, "eta": 8.04995, "eta_std": 0.0, "eta_hours": 0.00224, "eta_hours_std": 0.0, "loss": 0.13782, "loss_std": 0.0, "lr": 0.00014, "lr_std": 0.0, "params": 8313.0, "params_std": 0.0, "time_iter": 0.05972, "time_iter_std": 0.0, "accuracy": 1.0, "accuracy_std": 0.0, "precision": 1.0, "precision_std": 0.0, "recall": 1.0, "recall_std": 0.0, "f1": 1.0, "f1_std": 0.0, "auc": 1.0, "auc_std": 0.0}
{"epoch": 77, "time_epoch": 0.18027, "time_epoch_std": 0.0, "eta": 7.65208, "eta_std": 0.0, "eta_hours": 0.00213, "eta_hours_std": 0.0, "loss": 0.13049, "loss_std": 0.0, "lr": 0.00012, "lr_std": 0.0, "params": 8313.0, "params_std": 0.0, "time_iter": 0.06009, "time_iter_std": 0.0, "accuracy": 1.0, "accuracy_std": 0.0, "precision": 1.0, "precision_std": 0.0, "recall": 1.0, "recall_std": 0.0, "f1": 1.0, "f1_std": 0.0, "auc": 1.0, "auc_std": 0.0}
{"epoch": 78, "time_epoch": 0.1791, "time_epoch_std": 0.0, "eta": 7.25941, "eta_std": 0.0, "eta_hours": 0.00202, "eta_hours_std": 0.0, "loss": 0.12558, "loss_std": 0.0, "lr": 0.00011, "lr_std": 0.0, "params": 8313.0, "params_std": 0.0, "time_iter": 0.0597, "time_iter_std": 0.0, "accuracy": 1.0, "accuracy_std": 0.0, "precision": 1.0, "precision_std": 0.0, "recall": 1.0, "recall_std": 0.0, "f1": 1.0, "f1_std": 0.0, "auc": 1.0, "auc_std": 0.0}
{"epoch": 79, "time_epoch": 0.18232, "time_epoch_std": 0.0, "eta": 6.87288, "eta_std": 0.0, "eta_hours": 0.00191, "eta_hours_std": 0.0, "loss": 0.18294, "loss_std": 0.0, "lr": 0.0001, "lr_std": 0.0, "params": 8313.0, "params_std": 0.0, "time_iter": 0.06077, "time_iter_std": 0.0, "accuracy": 0.97619, "accuracy_std": 0.0, "precision": 1.0, "precision_std": 0.0, "recall": 0.95, "recall_std": 0.0, "f1": 0.97436, "f1_std": 0.0, "auc": 0.99773, "auc_std": 0.0}
{"epoch": 80, "time_epoch": 0.18257, "time_epoch_std": 0.0, "eta": 6.49145, "eta_std": 0.0, "eta_hours": 0.0018, "eta_hours_std": 0.0, "loss": 0.12832, "loss_std": 0.0, "lr": 0.0001, "lr_std": 0.0, "params": 8313.0, "params_std": 0.0, "time_iter": 0.06086, "time_iter_std": 0.0, "accuracy": 1.0, "accuracy_std": 0.0, "precision": 1.0, "precision_std": 0.0, "recall": 1.0, "recall_std": 0.0, "f1": 1.0, "f1_std": 0.0, "auc": 1.0, "auc_std": 0.0}
{"epoch": 81, "time_epoch": 0.18306, "time_epoch_std": 0.0, "eta": 6.11499, "eta_std": 0.0, "eta_hours": 0.0017, "eta_hours_std": 0.0, "loss": 0.1464, "loss_std": 0.0, "lr": 9e-05, "lr_std": 0.0, "params": 8313.0, "params_std": 0.0, "time_iter": 0.06102, "time_iter_std": 0.0, "accuracy": 1.0, "accuracy_std": 0.0, "precision": 1.0, "precision_std": 0.0, "recall": 1.0, "recall_std": 0.0, "f1": 1.0, "f1_std": 0.0, "auc": 1.0, "auc_std": 0.0}
{"epoch": 82, "time_epoch": 0.17946, "time_epoch_std": 0.0, "eta": 5.74244, "eta_std": 0.0, "eta_hours": 0.0016, "eta_hours_std": 0.0, "loss": 0.15166, "loss_std": 0.0, "lr": 8e-05, "lr_std": 0.0, "params": 8313.0, "params_std": 0.0, "time_iter": 0.05982, "time_iter_std": 0.0, "accuracy": 1.0, "accuracy_std": 0.0, "precision": 1.0, "precision_std": 0.0, "recall": 1.0, "recall_std": 0.0, "f1": 1.0, "f1_std": 0.0, "auc": 1.0, "auc_std": 0.0}
{"epoch": 83, "time_epoch": 0.18399, "time_epoch_std": 0.0, "eta": 5.37535, "eta_std": 0.0, "eta_hours": 0.00149, "eta_hours_std": 0.0, "loss": 0.1177, "loss_std": 0.0, "lr": 7e-05, "lr_std": 0.0, "params": 8313.0, "params_std": 0.0, "time_iter": 0.06133, "time_iter_std": 0.0, "accuracy": 1.0, "accuracy_std": 0.0, "precision": 1.0, "precision_std": 0.0, "recall": 1.0, "recall_std": 0.0, "f1": 1.0, "f1_std": 0.0, "auc": 1.0, "auc_std": 0.0}
{"epoch": 84, "time_epoch": 0.18021, "time_epoch_std": 0.0, "eta": 5.01191, "eta_std": 0.0, "eta_hours": 0.00139, "eta_hours_std": 0.0, "loss": 0.14815, "loss_std": 0.0, "lr": 6e-05, "lr_std": 0.0, "params": 8313.0, "params_std": 0.0, "time_iter": 0.06007, "time_iter_std": 0.0, "accuracy": 0.97619, "accuracy_std": 0.0, "precision": 1.0, "precision_std": 0.0, "recall": 0.95, "recall_std": 0.0, "f1": 0.97436, "f1_std": 0.0, "auc": 1.0, "auc_std": 0.0}
{"epoch": 85, "time_epoch": 0.18364, "time_epoch_std": 0.0, "eta": 4.65328, "eta_std": 0.0, "eta_hours": 0.00129, "eta_hours_std": 0.0, "loss": 0.14403, "loss_std": 0.0, "lr": 5e-05, "lr_std": 0.0, "params": 8313.0, "params_std": 0.0, "time_iter": 0.06121, "time_iter_std": 0.0, "accuracy": 1.0, "accuracy_std": 0.0, "precision": 1.0, "precision_std": 0.0, "recall": 1.0, "recall_std": 0.0, "f1": 1.0, "f1_std": 0.0, "auc": 1.0, "auc_std": 0.0}
{"epoch": 86, "time_epoch": 0.18245, "time_epoch_std": 0.0, "eta": 4.2985, "eta_std": 0.0, "eta_hours": 0.00119, "eta_hours_std": 0.0, "loss": 0.12587, "loss_std": 0.0, "lr": 5e-05, "lr_std": 0.0, "params": 8313.0, "params_std": 0.0, "time_iter": 0.06082, "time_iter_std": 0.0, "accuracy": 1.0, "accuracy_std": 0.0, "precision": 1.0, "precision_std": 0.0, "recall": 1.0, "recall_std": 0.0, "f1": 1.0, "f1_std": 0.0, "auc": 1.0, "auc_std": 0.0}
{"epoch": 87, "time_epoch": 0.1826, "time_epoch_std": 0.0, "eta": 3.94766, "eta_std": 0.0, "eta_hours": 0.0011, "eta_hours_std": 0.0, "loss": 0.1344, "loss_std": 0.0, "lr": 4e-05, "lr_std": 0.0, "params": 8313.0, "params_std": 0.0, "time_iter": 0.06087, "time_iter_std": 0.0, "accuracy": 1.0, "accuracy_std": 0.0, "precision": 1.0, "precision_std": 0.0, "recall": 1.0, "recall_std": 0.0, "f1": 1.0, "f1_std": 0.0, "auc": 1.0, "auc_std": 0.0}
{"epoch": 88, "time_epoch": 0.17954, "time_epoch_std": 0.0, "eta": 3.60022, "eta_std": 0.0, "eta_hours": 0.001, "eta_hours_std": 0.0, "loss": 0.14891, "loss_std": 0.0, "lr": 4e-05, "lr_std": 0.0, "params": 8313.0, "params_std": 0.0, "time_iter": 0.05985, "time_iter_std": 0.0, "accuracy": 0.97619, "accuracy_std": 0.0, "precision": 1.0, "precision_std": 0.0, "recall": 0.95, "recall_std": 0.0, "f1": 0.97436, "f1_std": 0.0, "auc": 1.0, "auc_std": 0.0}
{"epoch": 89, "time_epoch": 0.18105, "time_epoch_std": 0.0, "eta": 3.25668, "eta_std": 0.0, "eta_hours": 0.0009, "eta_hours_std": 0.0, "loss": 0.1846, "loss_std": 0.0, "lr": 3e-05, "lr_std": 0.0, "params": 8313.0, "params_std": 0.0, "time_iter": 0.06035, "time_iter_std": 0.0, "accuracy": 0.95238, "accuracy_std": 0.0, "precision": 1.0, "precision_std": 0.0, "recall": 0.9, "recall_std": 0.0, "f1": 0.94737, "f1_std": 0.0, "auc": 0.99091, "auc_std": 0.0}
{"epoch": 90, "time_epoch": 0.18046, "time_epoch_std": 0.0, "eta": 2.91665, "eta_std": 0.0, "eta_hours": 0.00081, "eta_hours_std": 0.0, "loss": 0.1165, "loss_std": 0.0, "lr": 2e-05, "lr_std": 0.0, "params": 8313.0, "params_std": 0.0, "time_iter": 0.06015, "time_iter_std": 0.0, "accuracy": 1.0, "accuracy_std": 0.0, "precision": 1.0, "precision_std": 0.0, "recall": 1.0, "recall_std": 0.0, "f1": 1.0, "f1_std": 0.0, "auc": 1.0, "auc_std": 0.0}
{"epoch": 91, "time_epoch": 0.18307, "time_epoch_std": 0.0, "eta": 2.58031, "eta_std": 0.0, "eta_hours": 0.00072, "eta_hours_std": 0.0, "loss": 0.12208, "loss_std": 0.0, "lr": 2e-05, "lr_std": 0.0, "params": 8313.0, "params_std": 0.0, "time_iter": 0.06102, "time_iter_std": 0.0, "accuracy": 1.0, "accuracy_std": 0.0, "precision": 1.0, "precision_std": 0.0, "recall": 1.0, "recall_std": 0.0, "f1": 1.0, "f1_std": 0.0, "auc": 1.0, "auc_std": 0.0}
{"epoch": 92, "time_epoch": 0.18133, "time_epoch_std": 0.0, "eta": 2.24715, "eta_std": 0.0, "eta_hours": 0.00062, "eta_hours_std": 0.0, "loss": 0.15252, "loss_std": 0.0, "lr": 2e-05, "lr_std": 0.0, "params": 8313.0, "params_std": 0.0, "time_iter": 0.06044, "time_iter_std": 0.0, "accuracy": 0.97619, "accuracy_std": 0.0, "precision": 1.0, "precision_std": 0.0, "recall": 0.95, "recall_std": 0.0, "f1": 0.97436, "f1_std": 0.0, "auc": 1.0, "auc_std": 0.0}
{"epoch": 93, "time_epoch": 0.18318, "time_epoch_std": 0.0, "eta": 1.91733, "eta_std": 0.0, "eta_hours": 0.00053, "eta_hours_std": 0.0, "loss": 0.1343, "loss_std": 0.0, "lr": 1e-05, "lr_std": 0.0, "params": 8313.0, "params_std": 0.0, "time_iter": 0.06106, "time_iter_std": 0.0, "accuracy": 1.0, "accuracy_std": 0.0, "precision": 1.0, "precision_std": 0.0, "recall": 1.0, "recall_std": 0.0, "f1": 1.0, "f1_std": 0.0, "auc": 1.0, "auc_std": 0.0}
{"epoch": 94, "time_epoch": 0.18089, "time_epoch_std": 0.0, "eta": 1.59048, "eta_std": 0.0, "eta_hours": 0.00044, "eta_hours_std": 0.0, "loss": 0.14858, "loss_std": 0.0, "lr": 1e-05, "lr_std": 0.0, "params": 8313.0, "params_std": 0.0, "time_iter": 0.0603, "time_iter_std": 0.0, "accuracy": 0.97619, "accuracy_std": 0.0, "precision": 1.0, "precision_std": 0.0, "recall": 0.95, "recall_std": 0.0, "f1": 0.97436, "f1_std": 0.0, "auc": 1.0, "auc_std": 0.0}
{"epoch": 95, "time_epoch": 0.18258, "time_epoch_std": 0.0, "eta": 1.26673, "eta_std": 0.0, "eta_hours": 0.00035, "eta_hours_std": 0.0, "loss": 0.13151, "loss_std": 0.0, "lr": 1e-05, "lr_std": 0.0, "params": 8313.0, "params_std": 0.0, "time_iter": 0.06086, "time_iter_std": 0.0, "accuracy": 1.0, "accuracy_std": 0.0, "precision": 1.0, "precision_std": 0.0, "recall": 1.0, "recall_std": 0.0, "f1": 1.0, "f1_std": 0.0, "auc": 1.0, "auc_std": 0.0}
{"epoch": 96, "time_epoch": 0.18123, "time_epoch_std": 0.0, "eta": 0.94586, "eta_std": 0.0, "eta_hours": 0.00026, "eta_hours_std": 0.0, "loss": 0.12165, "loss_std": 0.0, "lr": 0.0, "lr_std": 0.0, "params": 8313.0, "params_std": 0.0, "time_iter": 0.06041, "time_iter_std": 0.0, "accuracy": 1.0, "accuracy_std": 0.0, "precision": 1.0, "precision_std": 0.0, "recall": 1.0, "recall_std": 0.0, "f1": 1.0, "f1_std": 0.0, "auc": 1.0, "auc_std": 0.0}
{"epoch": 97, "time_epoch": 0.18241, "time_epoch_std": 0.0, "eta": 0.62786, "eta_std": 0.0, "eta_hours": 0.00017, "eta_hours_std": 0.0, "loss": 0.12348, "loss_std": 0.0, "lr": 0.0, "lr_std": 0.0, "params": 8313.0, "params_std": 0.0, "time_iter": 0.0608, "time_iter_std": 0.0, "accuracy": 1.0, "accuracy_std": 0.0, "precision": 1.0, "precision_std": 0.0, "recall": 1.0, "recall_std": 0.0, "f1": 1.0, "f1_std": 0.0, "auc": 1.0, "auc_std": 0.0}
{"epoch": 98, "time_epoch": 0.18793, "time_epoch_std": 0.0, "eta": 0.31266, "eta_std": 0.0, "eta_hours": 9e-05, "eta_hours_std": 0.0, "loss": 0.12653, "loss_std": 0.0, "lr": 0.0, "lr_std": 0.0, "params": 8313.0, "params_std": 0.0, "time_iter": 0.06264, "time_iter_std": 0.0, "accuracy": 0.97619, "accuracy_std": 0.0, "precision": 1.0, "precision_std": 0.0, "recall": 0.95, "recall_std": 0.0, "f1": 0.97436, "f1_std": 0.0, "auc": 1.0, "auc_std": 0.0}
{"epoch": 99, "time_epoch": 0.17988, "time_epoch_std": 0.0, "eta": 0.0, "eta_std": 0.0, "eta_hours": 0.0, "eta_hours_std": 0.0, "loss": 0.11689, "loss_std": 0.0, "lr": 0.0, "lr_std": 0.0, "params": 8313.0, "params_std": 0.0, "time_iter": 0.05996, "time_iter_std": 0.0, "accuracy": 1.0, "accuracy_std": 0.0, "precision": 1.0, "precision_std": 0.0, "recall": 1.0, "recall_std": 0.0, "f1": 1.0, "f1_std": 0.0, "auc": 1.0, "auc_std": 0.0}
