{"epoch": 0, "time_epoch": 20.92706, "eta": 2071.77898, "eta_hours": 0.57549, "loss": 1.10808515, "lr": 0.001, "params": 6221, "time_iter": 0.11131, "accuracy": 0.32267, "f1": 0.22789, "auc": 0.50015}
{"epoch": 1, "time_epoch": 8.05156, "eta": 1419.95246, "eta_hours": 0.39443, "loss": 1.09993669, "lr": 0.00099975, "params": 6221, "time_iter": 0.04283, "accuracy": 0.348, "f1": 0.22763, "auc": 0.46953}
{"epoch": 2, "time_epoch": 8.03585, "eta": 1196.80139, "eta_hours": 0.33244, "loss": 1.10038484, "lr": 0.00099901, "params": 6221, "time_iter": 0.04274, "accuracy": 0.336, "f1": 0.24962, "auc": 0.44753}
{"epoch": 3, "time_epoch": 8.03134, "eta": 1081.09955, "eta_hours": 0.30031, "loss": 1.09905941, "lr": 0.00099778, "params": 6221, "time_iter": 0.04272, "accuracy": 0.352, "f1": 0.18768, "auc": 0.47627}
{"epoch": 4, "time_epoch": 8.06817, "eta": 1009.16577, "eta_hours": 0.28032, "loss": 1.09991876, "lr": 0.00099606, "params": 6221, "time_iter": 0.04292, "accuracy": 0.35467, "f1": 0.17697, "auc": 0.44734}
{"epoch": 5, "time_epoch": 8.07795, "eta": 958.67371, "eta_hours": 0.2663, "loss": 1.0987052, "lr": 0.00099384, "params": 6221, "time_iter": 0.04297, "accuracy": 0.35333, "f1": 0.17915, "auc": 0.48318}
{"epoch": 6, "time_epoch": 8.08283, "eta": 920.36473, "eta_hours": 0.25566, "loss": 1.09692756, "lr": 0.00099114, "params": 6221, "time_iter": 0.04299, "accuracy": 0.34667, "f1": 0.30068, "auc": 0.5017}
{"epoch": 7, "time_epoch": 8.08155, "eta": 889.5976, "eta_hours": 0.24711, "loss": 1.09648371, "lr": 0.00098796, "params": 6221, "time_iter": 0.04299, "accuracy": 0.372, "f1": 0.31606, "auc": 0.52677}
{"epoch": 8, "time_epoch": 8.08088, "eta": 863.86492, "eta_hours": 0.23996, "loss": 1.10167237, "lr": 0.00098429, "params": 6221, "time_iter": 0.04298, "accuracy": 0.34667, "f1": 0.32996, "auc": 0.52511}
{"epoch": 9, "time_epoch": 8.08969, "eta": 841.7419, "eta_hours": 0.23382, "loss": 1.09827687, "lr": 0.00098015, "params": 6221, "time_iter": 0.04303, "accuracy": 0.372, "f1": 0.36324, "auc": 0.54632}
{"epoch": 10, "time_epoch": 8.08239, "eta": 822.11133, "eta_hours": 0.22836, "loss": 1.10030402, "lr": 0.00097553, "params": 6221, "time_iter": 0.04299, "accuracy": 0.35067, "f1": 0.34432, "auc": 0.53622}
{"epoch": 11, "time_epoch": 8.09896, "eta": 804.52698, "eta_hours": 0.22348, "loss": 1.10277139, "lr": 0.00097044, "params": 6221, "time_iter": 0.04308, "accuracy": 0.37333, "f1": 0.36822, "auc": 0.53507}
{"epoch": 12, "time_epoch": 8.08065, "eta": 788.27937, "eta_hours": 0.21897, "loss": 1.10525932, "lr": 0.00096489, "params": 6221, "time_iter": 0.04298, "accuracy": 0.328, "f1": 0.26966, "auc": 0.51501}
{"epoch": 13, "time_epoch": 8.09586, "eta": 773.29191, "eta_hours": 0.2148, "loss": 1.09505597, "lr": 0.00095888, "params": 6221, "time_iter": 0.04306, "accuracy": 0.36, "f1": 0.35654, "auc": 0.54885}
{"epoch": 14, "time_epoch": 8.10259, "eta": 759.26149, "eta_hours": 0.21091, "loss": 1.10449943, "lr": 0.00095241, "params": 6221, "time_iter": 0.0431, "accuracy": 0.356, "f1": 0.34635, "auc": 0.52575}
{"epoch": 15, "time_epoch": 8.0768, "eta": 745.83664, "eta_hours": 0.20718, "loss": 1.10274891, "lr": 0.0009455, "params": 6221, "time_iter": 0.04296, "accuracy": 0.33733, "f1": 0.3218, "auc": 0.50532}
{"epoch": 16, "time_epoch": 8.0783, "eta": 733.04831, "eta_hours": 0.20362, "loss": 1.09920471, "lr": 0.00093815, "params": 6221, "time_iter": 0.04297, "accuracy": 0.34133, "f1": 0.27334, "auc": 0.51643}
{"epoch": 17, "time_epoch": 8.09422, "eta": 720.85582, "eta_hours": 0.20024, "loss": 1.09660167, "lr": 0.00093037, "params": 6221, "time_iter": 0.04305, "accuracy": 0.34667, "f1": 0.31913, "auc": 0.51464}
{"epoch": 18, "time_epoch": 8.06511, "eta": 708.97065, "eta_hours": 0.19694, "loss": 1.10204297, "lr": 0.00092216, "params": 6221, "time_iter": 0.0429, "accuracy": 0.34133, "f1": 0.29795, "auc": 0.51001}
{"epoch": 19, "time_epoch": 8.05104, "eta": 697.41119, "eta_hours": 0.19373, "loss": 1.09228013, "lr": 0.00091354, "params": 6221, "time_iter": 0.04282, "accuracy": 0.384, "f1": 0.35274, "auc": 0.54436}
{"epoch": 20, "time_epoch": 8.06621, "eta": 686.24294, "eta_hours": 0.19062, "loss": 1.10061355, "lr": 0.00090451, "params": 6221, "time_iter": 0.04291, "accuracy": 0.34933, "f1": 0.33968, "auc": 0.51095}
{"epoch": 21, "time_epoch": 8.05751, "eta": 675.32585, "eta_hours": 0.18759, "loss": 1.09072848, "lr": 0.00089508, "params": 6221, "time_iter": 0.04286, "accuracy": 0.35867, "f1": 0.3512, "auc": 0.53722}
{"epoch": 22, "time_epoch": 8.06181, "eta": 664.67181, "eta_hours": 0.18463, "loss": 1.10270713, "lr": 0.00088526, "params": 6221, "time_iter": 0.04288, "accuracy": 0.336, "f1": 0.31435, "auc": 0.51879}
{"epoch": 23, "time_epoch": 8.0597, "eta": 654.2271, "eta_hours": 0.18173, "loss": 1.0957557, "lr": 0.00087506, "params": 6221, "time_iter": 0.04287, "accuracy": 0.35067, "f1": 0.33329, "auc": 0.52881}
{"epoch": 24, "time_epoch": 8.04292, "eta": 643.92287, "eta_hours": 0.17887, "loss": 1.0922574, "lr": 0.00086448, "params": 6221, "time_iter": 0.04278, "accuracy": 0.384, "f1": 0.37476, "auc": 0.56732}
{"epoch": 25, "time_epoch": 8.06076, "eta": 633.84336, "eta_hours": 0.17607, "loss": 1.10132594, "lr": 0.00085355, "params": 6221, "time_iter": 0.04288, "accuracy": 0.37067, "f1": 0.32042, "auc": 0.55119}
{"epoch": 26, "time_epoch": 8.05226, "eta": 623.8904, "eta_hours": 0.1733, "loss": 1.1052408, "lr": 0.00084227, "params": 6221, "time_iter": 0.04283, "accuracy": 0.38933, "f1": 0.38567, "auc": 0.53306}
{"epoch": 27, "time_epoch": 8.05306, "eta": 614.07526, "eta_hours": 0.17058, "loss": 1.09593303, "lr": 0.00083066, "params": 6221, "time_iter": 0.04284, "accuracy": 0.37733, "f1": 0.37244, "auc": 0.54628}
{"epoch": 28, "time_epoch": 8.04971, "eta": 604.37344, "eta_hours": 0.16788, "loss": 1.09968141, "lr": 0.00081871, "params": 6221, "time_iter": 0.04282, "accuracy": 0.376, "f1": 0.37061, "auc": 0.53414}
{"epoch": 29, "time_epoch": 8.04809, "eta": 594.77799, "eta_hours": 0.16522, "loss": 1.09710141, "lr": 0.00080645, "params": 6221, "time_iter": 0.04281, "accuracy": 0.376, "f1": 0.29545, "auc": 0.53608}
{"epoch": 30, "time_epoch": 8.05636, "eta": 585.30075, "eta_hours": 0.16258, "loss": 1.09296482, "lr": 0.00079389, "params": 6221, "time_iter": 0.04285, "accuracy": 0.37333, "f1": 0.31101, "auc": 0.54607}
{"epoch": 31, "time_epoch": 8.05343, "eta": 575.90611, "eta_hours": 0.15997, "loss": 1.10095561, "lr": 0.00078104, "params": 6221, "time_iter": 0.04284, "accuracy": 0.36267, "f1": 0.27691, "auc": 0.53071}
{"epoch": 32, "time_epoch": 8.06163, "eta": 566.60939, "eta_hours": 0.15739, "loss": 1.0958403, "lr": 0.00076791, "params": 6221, "time_iter": 0.04288, "accuracy": 0.34933, "f1": 0.31655, "auc": 0.53224}
{"epoch": 33, "time_epoch": 8.05167, "eta": 557.36599, "eta_hours": 0.15482, "loss": 1.09570665, "lr": 0.00075452, "params": 6221, "time_iter": 0.04283, "accuracy": 0.37867, "f1": 0.3503, "auc": 0.53932}
{"epoch": 34, "time_epoch": 8.04584, "eta": 548.17987, "eta_hours": 0.15227, "loss": 1.09245659, "lr": 0.00074088, "params": 6221, "time_iter": 0.0428, "accuracy": 0.36667, "f1": 0.33896, "auc": 0.55452}
{"epoch": 35, "time_epoch": 8.05383, "eta": 539.0713, "eta_hours": 0.14974, "loss": 1.0930176, "lr": 0.000727, "params": 6221, "time_iter": 0.04284, "accuracy": 0.37733, "f1": 0.36957, "auc": 0.54512}
{"epoch": 36, "time_epoch": 8.05355, "eta": 530.01926, "eta_hours": 0.14723, "loss": 1.08989279, "lr": 0.00071289, "params": 6221, "time_iter": 0.04284, "accuracy": 0.39467, "f1": 0.37663, "auc": 0.55364}
{"epoch": 37, "time_epoch": 8.07875, "eta": 521.06089, "eta_hours": 0.14474, "loss": 1.09594043, "lr": 0.00069857, "params": 6221, "time_iter": 0.04297, "accuracy": 0.38267, "f1": 0.36671, "auc": 0.5392}
{"epoch": 38, "time_epoch": 8.07345, "eta": 512.13934, "eta_hours": 0.14226, "loss": 1.09708522, "lr": 0.00068406, "params": 6221, "time_iter": 0.04294, "accuracy": 0.37333, "f1": 0.36896, "auc": 0.53462}
{"epoch": 39, "time_epoch": 8.05369, "eta": 503.23056, "eta_hours": 0.13979, "loss": 1.09611895, "lr": 0.00066937, "params": 6221, "time_iter": 0.04284, "accuracy": 0.344, "f1": 0.31133, "auc": 0.52762}
{"epoch": 40, "time_epoch": 8.05701, "eta": 494.36826, "eta_hours": 0.13732, "loss": 1.09316459, "lr": 0.00065451, "params": 6221, "time_iter": 0.04286, "accuracy": 0.37333, "f1": 0.32137, "auc": 0.54794}
{"epoch": 41, "time_epoch": 8.06462, "eta": 485.55482, "eta_hours": 0.13488, "loss": 1.09989119, "lr": 0.0006395, "params": 6221, "time_iter": 0.0429, "accuracy": 0.35733, "f1": 0.32513, "auc": 0.51811}
{"epoch": 42, "time_epoch": 8.0593, "eta": 476.76916, "eta_hours": 0.13244, "loss": 1.09667047, "lr": 0.00062434, "params": 6221, "time_iter": 0.04287, "accuracy": 0.348, "f1": 0.33996, "auc": 0.5321}
{"epoch": 43, "time_epoch": 8.04687, "eta": 468.00069, "eta_hours": 0.13, "loss": 1.09717985, "lr": 0.00060907, "params": 6221, "time_iter": 0.0428, "accuracy": 0.35333, "f1": 0.34495, "auc": 0.52726}
{"epoch": 44, "time_epoch": 8.05657, "eta": 459.27615, "eta_hours": 0.12758, "loss": 1.09771692, "lr": 0.00059369, "params": 6221, "time_iter": 0.04285, "accuracy": 0.35867, "f1": 0.35705, "auc": 0.53407}
{"epoch": 45, "time_epoch": 8.05653, "eta": 450.58061, "eta_hours": 0.12516, "loss": 1.09368718, "lr": 0.00057822, "params": 6221, "time_iter": 0.04285, "accuracy": 0.376, "f1": 0.37484, "auc": 0.55638}
{"epoch": 46, "time_epoch": 8.06309, "eta": 441.91966, "eta_hours": 0.12276, "loss": 1.09566865, "lr": 0.00056267, "params": 6221, "time_iter": 0.04289, "accuracy": 0.36667, "f1": 0.32022, "auc": 0.54739}
{"epoch": 47, "time_epoch": 8.05187, "eta": 433.27147, "eta_hours": 0.12035, "loss": 1.09211295, "lr": 0.00054705, "params": 6221, "time_iter": 0.04283, "accuracy": 0.38667, "f1": 0.36249, "auc": 0.5555}
{"epoch": 48, "time_epoch": 8.05588, "eta": 424.65179, "eta_hours": 0.11796, "loss": 1.09659373, "lr": 0.0005314, "params": 6221, "time_iter": 0.04285, "accuracy": 0.38533, "f1": 0.35929, "auc": 0.54314}
{"epoch": 49, "time_epoch": 8.05968, "eta": 416.05846, "eta_hours": 0.11557, "loss": 1.09206983, "lr": 0.00051571, "params": 6221, "time_iter": 0.04287, "accuracy": 0.37867, "f1": 0.33811, "auc": 0.55179}
{"epoch": 50, "time_epoch": 8.05109, "eta": 407.4778, "eta_hours": 0.11319, "loss": 1.09819387, "lr": 0.0005, "params": 6221, "time_iter": 0.04282, "accuracy": 0.396, "f1": 0.39249, "auc": 0.54377}
{"epoch": 51, "time_epoch": 8.06414, "eta": 398.92956, "eta_hours": 0.11081, "loss": 1.09400388, "lr": 0.00048429, "params": 6221, "time_iter": 0.04289, "accuracy": 0.392, "f1": 0.38516, "auc": 0.55149}
{"epoch": 52, "time_epoch": 8.04956, "eta": 390.38665, "eta_hours": 0.10844, "loss": 1.09581623, "lr": 0.0004686, "params": 6221, "time_iter": 0.04282, "accuracy": 0.37867, "f1": 0.37892, "auc": 0.55919}
{"epoch": 53, "time_epoch": 8.04274, "eta": 381.85621, "eta_hours": 0.10607, "loss": 1.09653977, "lr": 0.00045295, "params": 6221, "time_iter": 0.04278, "accuracy": 0.37333, "f1": 0.37337, "auc": 0.54821}
{"epoch": 54, "time_epoch": 8.05412, "eta": 373.35282, "eta_hours": 0.10371, "loss": 1.10404404, "lr": 0.00043733, "params": 6221, "time_iter": 0.04284, "accuracy": 0.36267, "f1": 0.35283, "auc": 0.53003}
{"epoch": 55, "time_epoch": 8.04335, "eta": 364.85701, "eta_hours": 0.10135, "loss": 1.09586776, "lr": 0.00042178, "params": 6221, "time_iter": 0.04278, "accuracy": 0.38533, "f1": 0.37507, "auc": 0.54236}
{"epoch": 56, "time_epoch": 8.04999, "eta": 356.38208, "eta_hours": 0.099, "loss": 1.09637657, "lr": 0.00040631, "params": 6221, "time_iter": 0.04282, "accuracy": 0.36133, "f1": 0.33416, "auc": 0.56042}
{"epoch": 57, "time_epoch": 8.05816, "eta": 347.92772, "eta_hours": 0.09665, "loss": 1.09915956, "lr": 0.00039093, "params": 6221, "time_iter": 0.04286, "accuracy": 0.39733, "f1": 0.39055, "auc": 0.54644}
{"epoch": 58, "time_epoch": 8.06445, "eta": 339.49116, "eta_hours": 0.0943, "loss": 1.092522, "lr": 0.00037566, "params": 6221, "time_iter": 0.0429, "accuracy": 0.38, "f1": 0.33392, "auc": 0.56206}
{"epoch": 59, "time_epoch": 8.05781, "eta": 331.06258, "eta_hours": 0.09196, "loss": 1.09373951, "lr": 0.0003605, "params": 6221, "time_iter": 0.04286, "accuracy": 0.412, "f1": 0.41037, "auc": 0.56126}
{"epoch": 60, "time_epoch": 8.0577, "eta": 322.64609, "eta_hours": 0.08962, "loss": 1.08800457, "lr": 0.00034549, "params": 6221, "time_iter": 0.04286, "accuracy": 0.40933, "f1": 0.40655, "auc": 0.57548}
{"epoch": 61, "time_epoch": 8.04997, "eta": 314.23643, "eta_hours": 0.08729, "loss": 1.08668898, "lr": 0.00033063, "params": 6221, "time_iter": 0.04282, "accuracy": 0.42933, "f1": 0.42539, "auc": 0.58287}
{"epoch": 62, "time_epoch": 8.06869, "eta": 305.84918, "eta_hours": 0.08496, "loss": 1.0906461, "lr": 0.00031594, "params": 6221, "time_iter": 0.04292, "accuracy": 0.40267, "f1": 0.39988, "auc": 0.57375}
{"epoch": 63, "time_epoch": 8.04834, "eta": 297.46045, "eta_hours": 0.08263, "loss": 1.10051465, "lr": 0.00030143, "params": 6221, "time_iter": 0.04281, "accuracy": 0.39733, "f1": 0.39076, "auc": 0.55572}
{"epoch": 64, "time_epoch": 8.04574, "eta": 289.08078, "eta_hours": 0.0803, "loss": 1.09536813, "lr": 0.00028711, "params": 6221, "time_iter": 0.0428, "accuracy": 0.39467, "f1": 0.38972, "auc": 0.56593}
{"epoch": 65, "time_epoch": 8.05668, "eta": 280.71687, "eta_hours": 0.07798, "loss": 1.09574716, "lr": 0.000273, "params": 6221, "time_iter": 0.04285, "accuracy": 0.39067, "f1": 0.37377, "auc": 0.55564}
{"epoch": 66, "time_epoch": 8.05453, "eta": 272.36108, "eta_hours": 0.07566, "loss": 1.09264206, "lr": 0.00025912, "params": 6221, "time_iter": 0.04284, "accuracy": 0.39333, "f1": 0.37034, "auc": 0.56264}
{"epoch": 67, "time_epoch": 8.06013, "eta": 264.01678, "eta_hours": 0.07334, "loss": 1.10010512, "lr": 0.00024548, "params": 6221, "time_iter": 0.04287, "accuracy": 0.36533, "f1": 0.35822, "auc": 0.54058}
{"epoch": 68, "time_epoch": 8.0574, "eta": 255.67949, "eta_hours": 0.07102, "loss": 1.09909284, "lr": 0.00023209, "params": 6221, "time_iter": 0.04286, "accuracy": 0.392, "f1": 0.37881, "auc": 0.5535}
{"epoch": 69, "time_epoch": 8.05862, "eta": 247.35072, "eta_hours": 0.06871, "loss": 1.09585803, "lr": 0.00021896, "params": 6221, "time_iter": 0.04287, "accuracy": 0.37333, "f1": 0.36421, "auc": 0.5503}
{"epoch": 70, "time_epoch": 8.06544, "eta": 239.03234, "eta_hours": 0.0664, "loss": 1.08542993, "lr": 0.00020611, "params": 6221, "time_iter": 0.0429, "accuracy": 0.41467, "f1": 0.40606, "auc": 0.57929}
{"epoch": 71, "time_epoch": 8.05663, "eta": 230.71757, "eta_hours": 0.06409, "loss": 1.08807538, "lr": 0.00019355, "params": 6221, "time_iter": 0.04285, "accuracy": 0.384, "f1": 0.36502, "auc": 0.56933}
{"epoch": 72, "time_epoch": 8.06459, "eta": 222.41281, "eta_hours": 0.06178, "loss": 1.08884034, "lr": 0.00018129, "params": 6221, "time_iter": 0.0429, "accuracy": 0.38533, "f1": 0.37663, "auc": 0.55504}
{"epoch": 73, "time_epoch": 8.06158, "eta": 214.11348, "eta_hours": 0.05948, "loss": 1.09006182, "lr": 0.00016934, "params": 6221, "time_iter": 0.04288, "accuracy": 0.41067, "f1": 0.40059, "auc": 0.5633}
{"epoch": 74, "time_epoch": 8.05504, "eta": 205.81832, "eta_hours": 0.05717, "loss": 1.08780364, "lr": 0.00015773, "params": 6221, "time_iter": 0.04285, "accuracy": 0.41467, "f1": 0.4118, "auc": 0.57064}
{"epoch": 75, "time_epoch": 8.0575, "eta": 197.53025, "eta_hours": 0.05487, "loss": 1.09479367, "lr": 0.00014645, "params": 6221, "time_iter": 0.04286, "accuracy": 0.388, "f1": 0.37913, "auc": 0.55407}
{"epoch": 76, "time_epoch": 8.05606, "eta": 189.24774, "eta_hours": 0.05257, "loss": 1.092372, "lr": 0.00013552, "params": 6221, "time_iter": 0.04285, "accuracy": 0.37467, "f1": 0.36842, "auc": 0.55228}
{"epoch": 77, "time_epoch": 8.0561, "eta": 180.97105, "eta_hours": 0.05027, "loss": 1.08642295, "lr": 0.00012494, "params": 6221, "time_iter": 0.04285, "accuracy": 0.428, "f1": 0.42333, "auc": 0.57279}
{"epoch": 78, "time_epoch": 8.05746, "eta": 172.7003, "eta_hours": 0.04797, "loss": 1.08596599, "lr": 0.00011474, "params": 6221, "time_iter": 0.04286, "accuracy": 0.40133, "f1": 0.39102, "auc": 0.58008}
{"epoch": 79, "time_epoch": 8.06355, "eta": 164.43641, "eta_hours": 0.04568, "loss": 1.09018781, "lr": 0.00010492, "params": 6221, "time_iter": 0.04289, "accuracy": 0.396, "f1": 0.38564, "auc": 0.5676}
{"epoch": 80, "time_epoch": 8.0457, "eta": 156.17327, "eta_hours": 0.04338, "loss": 1.09177035, "lr": 9.549e-05, "params": 6221, "time_iter": 0.0428, "accuracy": 0.396, "f1": 0.37821, "auc": 0.56575}
{"epoch": 81, "time_epoch": 8.04216, "eta": 147.91467, "eta_hours": 0.04109, "loss": 1.08761274, "lr": 8.646e-05, "params": 6221, "time_iter": 0.04278, "accuracy": 0.40267, "f1": 0.39968, "auc": 0.56701}
{"epoch": 82, "time_epoch": 8.05619, "eta": 139.66415, "eta_hours": 0.0388, "loss": 1.09779597, "lr": 7.784e-05, "params": 6221, "time_iter": 0.04285, "accuracy": 0.40133, "f1": 0.39769, "auc": 0.55098}
{"epoch": 83, "time_epoch": 8.05147, "eta": 131.41736, "eta_hours": 0.0365, "loss": 1.08958831, "lr": 6.963e-05, "params": 6221, "time_iter": 0.04283, "accuracy": 0.42267, "f1": 0.41985, "auc": 0.57258}
{"epoch": 84, "time_epoch": 8.04655, "eta": 123.1743, "eta_hours": 0.03422, "loss": 1.09103135, "lr": 6.185e-05, "params": 6221, "time_iter": 0.0428, "accuracy": 0.408, "f1": 0.40453, "auc": 0.56748}
{"epoch": 85, "time_epoch": 8.0468, "eta": 114.93585, "eta_hours": 0.03193, "loss": 1.09655183, "lr": 5.45e-05, "params": 6221, "time_iter": 0.0428, "accuracy": 0.37467, "f1": 0.37187, "auc": 0.54977}
{"epoch": 86, "time_epoch": 8.05827, "eta": 106.70352, "eta_hours": 0.02964, "loss": 1.08757921, "lr": 4.759e-05, "params": 6221, "time_iter": 0.04286, "accuracy": 0.404, "f1": 0.40025, "auc": 0.57954}
{"epoch": 87, "time_epoch": 8.05626, "eta": 98.47487, "eta_hours": 0.02735, "loss": 1.10169891, "lr": 4.112e-05, "params": 6221, "time_iter": 0.04285, "accuracy": 0.38933, "f1": 0.38387, "auc": 0.53875}
{"epoch": 88, "time_epoch": 8.05393, "eta": 90.24981, "eta_hours": 0.02507, "loss": 1.09241614, "lr": 3.511e-05, "params": 6221, "time_iter": 0.04284, "accuracy": 0.39733, "f1": 0.39485, "auc": 0.562}
{"epoch": 89, "time_epoch": 8.04902, "eta": 82.028, "eta_hours": 0.02279, "loss": 1.09186937, "lr": 2.956e-05, "params": 6221, "time_iter": 0.04281, "accuracy": 0.39467, "f1": 0.39016, "auc": 0.56363}
{"epoch": 90, "time_epoch": 8.04487, "eta": 73.80958, "eta_hours": 0.0205, "loss": 1.08781059, "lr": 2.447e-05, "params": 6221, "time_iter": 0.04279, "accuracy": 0.41733, "f1": 0.41247, "auc": 0.57186}
{"epoch": 91, "time_epoch": 8.05954, "eta": 65.59621, "eta_hours": 0.01822, "loss": 1.0917943, "lr": 1.985e-05, "params": 6221, "time_iter": 0.04287, "accuracy": 0.39467, "f1": 0.38755, "auc": 0.5677}
{"epoch": 92, "time_epoch": 8.06196, "eta": 57.38633, "eta_hours": 0.01594, "loss": 1.08533536, "lr": 1.571e-05, "params": 6221, "time_iter": 0.04288, "accuracy": 0.41067, "f1": 0.40468, "auc": 0.57755}
{"epoch": 93, "time_epoch": 8.05616, "eta": 49.17922, "eta_hours": 0.01366, "loss": 1.09083827, "lr": 1.204e-05, "params": 6221, "time_iter": 0.04285, "accuracy": 0.412, "f1": 0.40833, "auc": 0.56878}
{"epoch": 94, "time_epoch": 8.06339, "eta": 40.97568, "eta_hours": 0.01138, "loss": 1.09758302, "lr": 8.86e-06, "params": 6221, "time_iter": 0.04289, "accuracy": 0.39867, "f1": 0.39448, "auc": 0.5494}
{"epoch": 95, "time_epoch": 8.05447, "eta": 32.77468, "eta_hours": 0.0091, "loss": 1.09489009, "lr": 6.16e-06, "params": 6221, "time_iter": 0.04284, "accuracy": 0.396, "f1": 0.39173, "auc": 0.55567}
{"epoch": 96, "time_epoch": 8.06171, "eta": 24.57693, "eta_hours": 0.00683, "loss": 1.08388595, "lr": 3.94e-06, "params": 6221, "time_iter": 0.04288, "accuracy": 0.41867, "f1": 0.415, "auc": 0.58242}
{"epoch": 97, "time_epoch": 8.04147, "eta": 16.38154, "eta_hours": 0.00455, "loss": 1.08894622, "lr": 2.22e-06, "params": 6221, "time_iter": 0.04277, "accuracy": 0.416, "f1": 0.4063, "auc": 0.57325}
{"epoch": 98, "time_epoch": 8.03696, "eta": 8.18922, "eta_hours": 0.00227, "loss": 1.08468539, "lr": 9.9e-07, "params": 6221, "time_iter": 0.04275, "accuracy": 0.42133, "f1": 0.41667, "auc": 0.58361}
{"epoch": 99, "time_epoch": 8.07297, "eta": 0.0, "eta_hours": 0.0, "loss": 1.0908732, "lr": 2.5e-07, "params": 6221, "time_iter": 0.04294, "accuracy": 0.39333, "f1": 0.38983, "auc": 0.56336}
