{"epoch": 0, "time_epoch": 0.05812, "eta": 5.75381, "eta_hours": 0.0016, "loss": 0.69345093, "lr": 0.001, "params": 6465, "time_iter": 0.01937, "accuracy": 0.47619, "precision": 0.4375, "recall": 0.35, "f1": 0.38889, "auc": 0.40455}
{"epoch": 1, "time_epoch": 0.03404, "eta": 4.51589, "eta_hours": 0.00125, "loss": 0.69356166, "lr": 0.00099975, "params": 6465, "time_iter": 0.01135, "accuracy": 0.52381, "precision": 0.0, "recall": 0.0, "f1": 0.0, "auc": 0.42727}
{"epoch": 2, "time_epoch": 0.03297, "eta": 4.04581, "eta_hours": 0.00112, "loss": 0.69260613, "lr": 0.00099901, "params": 6465, "time_iter": 0.01099, "accuracy": 0.52381, "precision": 0.0, "recall": 0.0, "f1": 0.0, "auc": 0.38636}
{"epoch": 3, "time_epoch": 0.03236, "eta": 3.7796, "eta_hours": 0.00105, "loss": 0.69241687, "lr": 0.00099778, "params": 6465, "time_iter": 0.01079, "accuracy": 0.52381, "precision": 0.0, "recall": 0.0, "f1": 0.0, "auc": 0.44773}
{"epoch": 4, "time_epoch": 0.0328, "eta": 3.61545, "eta_hours": 0.001, "loss": 0.69254893, "lr": 0.00099606, "params": 6465, "time_iter": 0.01093, "accuracy": 0.52381, "precision": 0.0, "recall": 0.0, "f1": 0.0, "auc": 0.40227}
{"epoch": 5, "time_epoch": 0.03228, "eta": 3.48694, "eta_hours": 0.00097, "loss": 0.6927628, "lr": 0.00099384, "params": 6465, "time_iter": 0.01076, "accuracy": 0.52381, "precision": 0.0, "recall": 0.0, "f1": 0.0, "auc": 0.34773}
{"epoch": 6, "time_epoch": 0.0311, "eta": 3.37018, "eta_hours": 0.00094, "loss": 0.6924124, "lr": 0.00099114, "params": 6465, "time_iter": 0.01037, "accuracy": 0.52381, "precision": 0.0, "recall": 0.0, "f1": 0.0, "auc": 0.45455}
{"epoch": 7, "time_epoch": 0.03084, "eta": 3.27187, "eta_hours": 0.00091, "loss": 0.69242089, "lr": 0.00098796, "params": 6465, "time_iter": 0.01028, "accuracy": 0.52381, "precision": 0.0, "recall": 0.0, "f1": 0.0, "auc": 0.42045}
{"epoch": 8, "time_epoch": 0.03195, "eta": 3.19977, "eta_hours": 0.00089, "loss": 0.69221333, "lr": 0.00098429, "params": 6465, "time_iter": 0.01065, "accuracy": 0.52381, "precision": 0.0, "recall": 0.0, "f1": 0.0, "auc": 0.57955}
{"epoch": 9, "time_epoch": 0.03128, "eta": 3.12968, "eta_hours": 0.00087, "loss": 0.69247905, "lr": 0.00098015, "params": 6465, "time_iter": 0.01043, "accuracy": 0.52381, "precision": 0.0, "recall": 0.0, "f1": 0.0, "auc": 0.37273}
{"epoch": 10, "time_epoch": 0.03226, "eta": 3.07454, "eta_hours": 0.00085, "loss": 0.69214932, "lr": 0.00097553, "params": 6465, "time_iter": 0.01075, "accuracy": 0.52381, "precision": 0.0, "recall": 0.0, "f1": 0.0, "auc": 0.59773}
{"epoch": 11, "time_epoch": 0.03124, "eta": 3.01573, "eta_hours": 0.00084, "loss": 0.6923223, "lr": 0.00097044, "params": 6465, "time_iter": 0.01041, "accuracy": 0.52381, "precision": 0.0, "recall": 0.0, "f1": 0.0, "auc": 0.47045}
{"epoch": 12, "time_epoch": 0.03181, "eta": 2.96498, "eta_hours": 0.00082, "loss": 0.69255325, "lr": 0.00096489, "params": 6465, "time_iter": 0.0106, "accuracy": 0.52381, "precision": 0.0, "recall": 0.0, "f1": 0.0, "auc": 0.24091}
{"epoch": 13, "time_epoch": 0.03188, "eta": 2.91737, "eta_hours": 0.00081, "loss": 0.69255825, "lr": 0.00095888, "params": 6465, "time_iter": 0.01063, "accuracy": 0.52381, "precision": 0.0, "recall": 0.0, "f1": 0.0, "auc": 0.2625}
{"epoch": 14, "time_epoch": 0.03136, "eta": 2.86892, "eta_hours": 0.0008, "loss": 0.69237443, "lr": 0.00095241, "params": 6465, "time_iter": 0.01045, "accuracy": 0.52381, "precision": 0.0, "recall": 0.0, "f1": 0.0, "auc": 0.44205}
{"epoch": 15, "time_epoch": 0.03153, "eta": 2.8235, "eta_hours": 0.00078, "loss": 0.69223953, "lr": 0.0009455, "params": 6465, "time_iter": 0.01051, "accuracy": 0.52381, "precision": 0.0, "recall": 0.0, "f1": 0.0, "auc": 0.54773}
{"epoch": 16, "time_epoch": 0.03172, "eta": 2.78064, "eta_hours": 0.00077, "loss": 0.69230529, "lr": 0.00093815, "params": 6465, "time_iter": 0.01057, "accuracy": 0.52381, "precision": 0.0, "recall": 0.0, "f1": 0.0, "auc": 0.46591}
{"epoch": 17, "time_epoch": 0.03153, "eta": 2.73818, "eta_hours": 0.00076, "loss": 0.69266827, "lr": 0.00093037, "params": 6465, "time_iter": 0.01051, "accuracy": 0.52381, "precision": 0.0, "recall": 0.0, "f1": 0.0, "auc": 0.28409}
{"epoch": 18, "time_epoch": 0.03122, "eta": 2.69551, "eta_hours": 0.00075, "loss": 0.69239191, "lr": 0.00092216, "params": 6465, "time_iter": 0.01041, "accuracy": 0.52381, "precision": 0.0, "recall": 0.0, "f1": 0.0, "auc": 0.45227}
{"epoch": 19, "time_epoch": 0.03219, "eta": 2.65789, "eta_hours": 0.00074, "loss": 0.69225284, "lr": 0.00091354, "params": 6465, "time_iter": 0.01073, "accuracy": 0.52381, "precision": 0.0, "recall": 0.0, "f1": 0.0, "auc": 0.475}
{"epoch": 20, "time_epoch": 0.03107, "eta": 2.61658, "eta_hours": 0.00073, "loss": 0.69220854, "lr": 0.00090451, "params": 6465, "time_iter": 0.01036, "accuracy": 0.52381, "precision": 0.0, "recall": 0.0, "f1": 0.0, "auc": 0.48864}
{"epoch": 21, "time_epoch": 0.03186, "eta": 2.57898, "eta_hours": 0.00072, "loss": 0.69191731, "lr": 0.00089508, "params": 6465, "time_iter": 0.01062, "accuracy": 0.52381, "precision": 0.0, "recall": 0.0, "f1": 0.0, "auc": 0.67045}
{"epoch": 22, "time_epoch": 0.03035, "eta": 2.53684, "eta_hours": 0.0007, "loss": 0.69223002, "lr": 0.00088526, "params": 6465, "time_iter": 0.01012, "accuracy": 0.52381, "precision": 0.0, "recall": 0.0, "f1": 0.0, "auc": 0.43182}
{"epoch": 23, "time_epoch": 0.03105, "eta": 2.49789, "eta_hours": 0.00069, "loss": 0.69204451, "lr": 0.00087506, "params": 6465, "time_iter": 0.01035, "accuracy": 0.52381, "precision": 0.0, "recall": 0.0, "f1": 0.0, "auc": 0.60455}
{"epoch": 24, "time_epoch": 0.03166, "eta": 2.4614, "eta_hours": 0.00068, "loss": 0.69218392, "lr": 0.00086448, "params": 6465, "time_iter": 0.01055, "accuracy": 0.52381, "precision": 0.0, "recall": 0.0, "f1": 0.0, "auc": 0.47045}
{"epoch": 25, "time_epoch": 0.03114, "eta": 2.42381, "eta_hours": 0.00067, "loss": 0.69182792, "lr": 0.00085355, "params": 6465, "time_iter": 0.01038, "accuracy": 0.52381, "precision": 0.0, "recall": 0.0, "f1": 0.0, "auc": 0.70455}
{"epoch": 26, "time_epoch": 0.03157, "eta": 2.38785, "eta_hours": 0.00066, "loss": 0.69207675, "lr": 0.00084227, "params": 6465, "time_iter": 0.01052, "accuracy": 0.52381, "precision": 0.0, "recall": 0.0, "f1": 0.0, "auc": 0.54091}
{"epoch": 27, "time_epoch": 0.03187, "eta": 2.35297, "eta_hours": 0.00065, "loss": 0.69202713, "lr": 0.00083066, "params": 6465, "time_iter": 0.01062, "accuracy": 0.52381, "precision": 0.0, "recall": 0.0, "f1": 0.0, "auc": 0.55455}
{"epoch": 28, "time_epoch": 0.03185, "eta": 2.31825, "eta_hours": 0.00064, "loss": 0.6921225, "lr": 0.00081871, "params": 6465, "time_iter": 0.01062, "accuracy": 0.52381, "precision": 0.0, "recall": 0.0, "f1": 0.0, "auc": 0.475}
{"epoch": 29, "time_epoch": 0.03185, "eta": 2.28374, "eta_hours": 0.00063, "loss": 0.69205024, "lr": 0.00080645, "params": 6465, "time_iter": 0.01062, "accuracy": 0.52381, "precision": 0.0, "recall": 0.0, "f1": 0.0, "auc": 0.53068}
{"epoch": 30, "time_epoch": 0.03175, "eta": 2.24917, "eta_hours": 0.00062, "loss": 0.69217389, "lr": 0.00079389, "params": 6465, "time_iter": 0.01058, "accuracy": 0.52381, "precision": 0.0, "recall": 0.0, "f1": 0.0, "auc": 0.40227}
{"epoch": 31, "time_epoch": 0.03176, "eta": 2.21479, "eta_hours": 0.00062, "loss": 0.69195501, "lr": 0.00078104, "params": 6465, "time_iter": 0.01059, "accuracy": 0.52381, "precision": 0.0, "recall": 0.0, "f1": 0.0, "auc": 0.68636}
{"epoch": 32, "time_epoch": 0.03165, "eta": 2.18036, "eta_hours": 0.00061, "loss": 0.69218356, "lr": 0.00076791, "params": 6465, "time_iter": 0.01055, "accuracy": 0.52381, "precision": 0.0, "recall": 0.0, "f1": 0.0, "auc": 0.46364}
{"epoch": 33, "time_epoch": 0.03185, "eta": 2.14647, "eta_hours": 0.0006, "loss": 0.69198417, "lr": 0.00075452, "params": 6465, "time_iter": 0.01062, "accuracy": 0.52381, "precision": 0.0, "recall": 0.0, "f1": 0.0, "auc": 0.56818}
{"epoch": 34, "time_epoch": 0.03126, "eta": 2.11159, "eta_hours": 0.00059, "loss": 0.69210861, "lr": 0.00074088, "params": 6465, "time_iter": 0.01042, "accuracy": 0.52381, "precision": 0.0, "recall": 0.0, "f1": 0.0, "auc": 0.50455}
{"epoch": 35, "time_epoch": 0.03091, "eta": 2.0763, "eta_hours": 0.00058, "loss": 0.69218683, "lr": 0.000727, "params": 6465, "time_iter": 0.0103, "accuracy": 0.52381, "precision": 0.0, "recall": 0.0, "f1": 0.0, "auc": 0.45909}
{"epoch": 36, "time_epoch": 0.03031, "eta": 2.04022, "eta_hours": 0.00057, "loss": 0.69204684, "lr": 0.00071289, "params": 6465, "time_iter": 0.0101, "accuracy": 0.52381, "precision": 0.0, "recall": 0.0, "f1": 0.0, "auc": 0.53182}
{"epoch": 37, "time_epoch": 0.0304, "eta": 2.0046, "eta_hours": 0.00056, "loss": 0.69214528, "lr": 0.00069857, "params": 6465, "time_iter": 0.01013, "accuracy": 0.52381, "precision": 0.0, "recall": 0.0, "f1": 0.0, "auc": 0.48182}
{"epoch": 38, "time_epoch": 0.03121, "eta": 1.97051, "eta_hours": 0.00055, "loss": 0.69188743, "lr": 0.00068406, "params": 6465, "time_iter": 0.0104, "accuracy": 0.52381, "precision": 0.0, "recall": 0.0, "f1": 0.0, "auc": 0.61591}
{"epoch": 39, "time_epoch": 0.03174, "eta": 1.93736, "eta_hours": 0.00054, "loss": 0.69202404, "lr": 0.00066937, "params": 6465, "time_iter": 0.01058, "accuracy": 0.52381, "precision": 0.0, "recall": 0.0, "f1": 0.0, "auc": 0.49773}
{"epoch": 40, "time_epoch": 0.03131, "eta": 1.90366, "eta_hours": 0.00053, "loss": 0.69210106, "lr": 0.00065451, "params": 6465, "time_iter": 0.01044, "accuracy": 0.52381, "precision": 0.0, "recall": 0.0, "f1": 0.0, "auc": 0.46818}
{"epoch": 41, "time_epoch": 0.03212, "eta": 1.87119, "eta_hours": 0.00052, "loss": 0.69192148, "lr": 0.0006395, "params": 6465, "time_iter": 0.01071, "accuracy": 0.52381, "precision": 0.0, "recall": 0.0, "f1": 0.0, "auc": 0.575}
{"epoch": 42, "time_epoch": 0.03141, "eta": 1.83781, "eta_hours": 0.00051, "loss": 0.69223535, "lr": 0.00062434, "params": 6465, "time_iter": 0.01047, "accuracy": 0.52381, "precision": 0.0, "recall": 0.0, "f1": 0.0, "auc": 0.43864}
{"epoch": 43, "time_epoch": 0.03128, "eta": 1.80434, "eta_hours": 0.0005, "loss": 0.69194633, "lr": 0.00060907, "params": 6465, "time_iter": 0.01043, "accuracy": 0.52381, "precision": 0.0, "recall": 0.0, "f1": 0.0, "auc": 0.61364}
{"epoch": 44, "time_epoch": 0.03096, "eta": 1.77057, "eta_hours": 0.00049, "loss": 0.6919604, "lr": 0.00059369, "params": 6465, "time_iter": 0.01032, "accuracy": 0.52381, "precision": 0.0, "recall": 0.0, "f1": 0.0, "auc": 0.60227}
{"epoch": 45, "time_epoch": 0.03113, "eta": 1.73713, "eta_hours": 0.00048, "loss": 0.69210495, "lr": 0.00057822, "params": 6465, "time_iter": 0.01038, "accuracy": 0.52381, "precision": 0.0, "recall": 0.0, "f1": 0.0, "auc": 0.48182}
{"epoch": 46, "time_epoch": 0.03211, "eta": 1.70489, "eta_hours": 0.00047, "loss": 0.69223395, "lr": 0.00056267, "params": 6465, "time_iter": 0.0107, "accuracy": 0.52381, "precision": 0.0, "recall": 0.0, "f1": 0.0, "auc": 0.40682}
{"epoch": 47, "time_epoch": 0.03294, "eta": 1.67356, "eta_hours": 0.00046, "loss": 0.69219297, "lr": 0.00054705, "params": 6465, "time_iter": 0.01098, "accuracy": 0.52381, "precision": 0.0, "recall": 0.0, "f1": 0.0, "auc": 0.4}
{"epoch": 48, "time_epoch": 0.0328, "eta": 1.64203, "eta_hours": 0.00046, "loss": 0.69210485, "lr": 0.0005314, "params": 6465, "time_iter": 0.01093, "accuracy": 0.52381, "precision": 0.0, "recall": 0.0, "f1": 0.0, "auc": 0.46818}
{"epoch": 49, "time_epoch": 0.03183, "eta": 1.60947, "eta_hours": 0.00045, "loss": 0.69225253, "lr": 0.00051571, "params": 6465, "time_iter": 0.01061, "accuracy": 0.52381, "precision": 0.0, "recall": 0.0, "f1": 0.0, "auc": 0.39091}
{"epoch": 50, "time_epoch": 0.03132, "eta": 1.57644, "eta_hours": 0.00044, "loss": 0.69214087, "lr": 0.0005, "params": 6465, "time_iter": 0.01044, "accuracy": 0.52381, "precision": 0.0, "recall": 0.0, "f1": 0.0, "auc": 0.45909}
{"epoch": 51, "time_epoch": 0.03155, "eta": 1.54369, "eta_hours": 0.00043, "loss": 0.69191869, "lr": 0.00048429, "params": 6465, "time_iter": 0.01052, "accuracy": 0.52381, "precision": 0.0, "recall": 0.0, "f1": 0.0, "auc": 0.60455}
{"epoch": 52, "time_epoch": 0.03284, "eta": 1.51213, "eta_hours": 0.00042, "loss": 0.69217508, "lr": 0.0004686, "params": 6465, "time_iter": 0.01095, "accuracy": 0.52381, "precision": 0.0, "recall": 0.0, "f1": 0.0, "auc": 0.43182}
{"epoch": 53, "time_epoch": 0.03266, "eta": 1.48038, "eta_hours": 0.00041, "loss": 0.69207531, "lr": 0.00045295, "params": 6465, "time_iter": 0.01089, "accuracy": 0.52381, "precision": 0.0, "recall": 0.0, "f1": 0.0, "auc": 0.49773}
{"epoch": 54, "time_epoch": 0.03323, "eta": 1.44905, "eta_hours": 0.0004, "loss": 0.69211637, "lr": 0.00043733, "params": 6465, "time_iter": 0.01108, "accuracy": 0.52381, "precision": 0.0, "recall": 0.0, "f1": 0.0, "auc": 0.45909}
{"epoch": 55, "time_epoch": 0.03311, "eta": 1.41756, "eta_hours": 0.00039, "loss": 0.69212067, "lr": 0.00042178, "params": 6465, "time_iter": 0.01104, "accuracy": 0.52381, "precision": 0.0, "recall": 0.0, "f1": 0.0, "auc": 0.45227}
{"epoch": 56, "time_epoch": 0.03249, "eta": 1.38556, "eta_hours": 0.00038, "loss": 0.69197612, "lr": 0.00040631, "params": 6465, "time_iter": 0.01083, "accuracy": 0.52381, "precision": 0.0, "recall": 0.0, "f1": 0.0, "auc": 0.58636}
{"epoch": 57, "time_epoch": 0.03334, "eta": 1.35414, "eta_hours": 0.00038, "loss": 0.69228227, "lr": 0.00039093, "params": 6465, "time_iter": 0.01111, "accuracy": 0.52381, "precision": 0.0, "recall": 0.0, "f1": 0.0, "auc": 0.35455}
{"epoch": 58, "time_epoch": 0.0326, "eta": 1.32215, "eta_hours": 0.00037, "loss": 0.6919709, "lr": 0.00037566, "params": 6465, "time_iter": 0.01087, "accuracy": 0.52381, "precision": 0.0, "recall": 0.0, "f1": 0.0, "auc": 0.61818}
{"epoch": 59, "time_epoch": 0.03174, "eta": 1.28956, "eta_hours": 0.00036, "loss": 0.69225039, "lr": 0.0003605, "params": 6465, "time_iter": 0.01058, "accuracy": 0.52381, "precision": 0.0, "recall": 0.0, "f1": 0.0, "auc": 0.32273}
{"epoch": 60, "time_epoch": 0.03236, "eta": 1.2574, "eta_hours": 0.00035, "loss": 0.69212491, "lr": 0.00034549, "params": 6465, "time_iter": 0.01079, "accuracy": 0.52381, "precision": 0.0, "recall": 0.0, "f1": 0.0, "auc": 0.46364}
{"epoch": 61, "time_epoch": 0.03172, "eta": 1.22484, "eta_hours": 0.00034, "loss": 0.69200498, "lr": 0.00033063, "params": 6465, "time_iter": 0.01057, "accuracy": 0.52381, "precision": 0.0, "recall": 0.0, "f1": 0.0, "auc": 0.575}
{"epoch": 62, "time_epoch": 0.03214, "eta": 1.19255, "eta_hours": 0.00033, "loss": 0.69206642, "lr": 0.00031594, "params": 6465, "time_iter": 0.01071, "accuracy": 0.52381, "precision": 0.0, "recall": 0.0, "f1": 0.0, "auc": 0.47273}
{"epoch": 63, "time_epoch": 0.03237, "eta": 1.1604, "eta_hours": 0.00032, "loss": 0.69210734, "lr": 0.00030143, "params": 6465, "time_iter": 0.01079, "accuracy": 0.52381, "precision": 0.0, "recall": 0.0, "f1": 0.0, "auc": 0.45455}
{"epoch": 64, "time_epoch": 0.03227, "eta": 1.12819, "eta_hours": 0.00031, "loss": 0.69196317, "lr": 0.00028711, "params": 6465, "time_iter": 0.01076, "accuracy": 0.52381, "precision": 0.0, "recall": 0.0, "f1": 0.0, "auc": 0.57045}
{"epoch": 65, "time_epoch": 0.03577, "eta": 1.09778, "eta_hours": 0.0003, "loss": 0.69211897, "lr": 0.000273, "params": 6465, "time_iter": 0.01192, "accuracy": 0.52381, "precision": 0.0, "recall": 0.0, "f1": 0.0, "auc": 0.43636}
{"epoch": 66, "time_epoch": 0.03524, "eta": 1.06694, "eta_hours": 0.0003, "loss": 0.69188741, "lr": 0.00025912, "params": 6465, "time_iter": 0.01175, "accuracy": 0.52381, "precision": 0.0, "recall": 0.0, "f1": 0.0, "auc": 0.61818}
{"epoch": 67, "time_epoch": 0.03514, "eta": 1.03593, "eta_hours": 0.00029, "loss": 0.6920755, "lr": 0.00024548, "params": 6465, "time_iter": 0.01171, "accuracy": 0.52381, "precision": 0.0, "recall": 0.0, "f1": 0.0, "auc": 0.47955}
{"epoch": 68, "time_epoch": 0.03556, "eta": 1.00499, "eta_hours": 0.00028, "loss": 0.69201837, "lr": 0.00023209, "params": 6465, "time_iter": 0.01185, "accuracy": 0.52381, "precision": 0.0, "recall": 0.0, "f1": 0.0, "auc": 0.49545}
{"epoch": 69, "time_epoch": 0.04754, "eta": 0.97905, "eta_hours": 0.00027, "loss": 0.69197323, "lr": 0.00021896, "params": 6465, "time_iter": 0.01585, "accuracy": 0.52381, "precision": 0.0, "recall": 0.0, "f1": 0.0, "auc": 0.56591}
{"epoch": 70, "time_epoch": 0.04985, "eta": 0.95345, "eta_hours": 0.00026, "loss": 0.69195298, "lr": 0.00020611, "params": 6465, "time_iter": 0.01662, "accuracy": 0.52381, "precision": 0.0, "recall": 0.0, "f1": 0.0, "auc": 0.57045}
{"epoch": 71, "time_epoch": 0.05061, "eta": 0.92747, "eta_hours": 0.00026, "loss": 0.69202301, "lr": 0.00019355, "params": 6465, "time_iter": 0.01687, "accuracy": 0.52381, "precision": 0.0, "recall": 0.0, "f1": 0.0, "auc": 0.52955}
{"epoch": 72, "time_epoch": 0.04821, "eta": 0.89992, "eta_hours": 0.00025, "loss": 0.69210696, "lr": 0.00018129, "params": 6465, "time_iter": 0.01607, "accuracy": 0.52381, "precision": 0.0, "recall": 0.0, "f1": 0.0, "auc": 0.39318}
{"epoch": 73, "time_epoch": 0.04186, "eta": 0.86959, "eta_hours": 0.00024, "loss": 0.69201837, "lr": 0.00016934, "params": 6465, "time_iter": 0.01395, "accuracy": 0.52381, "precision": 0.0, "recall": 0.0, "f1": 0.0, "auc": 0.50909}
{"epoch": 74, "time_epoch": 0.04162, "eta": 0.83887, "eta_hours": 0.00023, "loss": 0.69213769, "lr": 0.00015773, "params": 6465, "time_iter": 0.01387, "accuracy": 0.52381, "precision": 0.0, "recall": 0.0, "f1": 0.0, "auc": 0.41364}
{"epoch": 75, "time_epoch": 0.04706, "eta": 0.80958, "eta_hours": 0.00022, "loss": 0.69175576, "lr": 0.00014645, "params": 6465, "time_iter": 0.01569, "accuracy": 0.52381, "precision": 0.0, "recall": 0.0, "f1": 0.0, "auc": 0.70682}
{"epoch": 76, "time_epoch": 0.04706, "eta": 0.77983, "eta_hours": 0.00022, "loss": 0.69205641, "lr": 0.00013552, "params": 6465, "time_iter": 0.01569, "accuracy": 0.52381, "precision": 0.0, "recall": 0.0, "f1": 0.0, "auc": 0.43409}
{"epoch": 77, "time_epoch": 0.04018, "eta": 0.74769, "eta_hours": 0.00021, "loss": 0.69199076, "lr": 0.00012494, "params": 6465, "time_iter": 0.01339, "accuracy": 0.52381, "precision": 0.0, "recall": 0.0, "f1": 0.0, "auc": 0.55682}
{"epoch": 78, "time_epoch": 0.03493, "eta": 0.71396, "eta_hours": 0.0002, "loss": 0.69205716, "lr": 0.00011474, "params": 6465, "time_iter": 0.01164, "accuracy": 0.52381, "precision": 0.0, "recall": 0.0, "f1": 0.0, "auc": 0.49545}
{"epoch": 79, "time_epoch": 0.03469, "eta": 0.68013, "eta_hours": 0.00019, "loss": 0.69202953, "lr": 0.00010492, "params": 6465, "time_iter": 0.01156, "accuracy": 0.52381, "precision": 0.0, "recall": 0.0, "f1": 0.0, "auc": 0.48864}
{"epoch": 80, "time_epoch": 0.03458, "eta": 0.64626, "eta_hours": 0.00018, "loss": 0.69189246, "lr": 9.549e-05, "params": 6465, "time_iter": 0.01153, "accuracy": 0.52381, "precision": 0.0, "recall": 0.0, "f1": 0.0, "auc": 0.62273}
{"epoch": 81, "time_epoch": 0.03492, "eta": 0.61245, "eta_hours": 0.00017, "loss": 0.69200144, "lr": 8.646e-05, "params": 6465, "time_iter": 0.01164, "accuracy": 0.52381, "precision": 0.0, "recall": 0.0, "f1": 0.0, "auc": 0.52273}
{"epoch": 82, "time_epoch": 0.03478, "eta": 0.57857, "eta_hours": 0.00016, "loss": 0.6918177, "lr": 7.784e-05, "params": 6465, "time_iter": 0.01159, "accuracy": 0.52381, "precision": 0.0, "recall": 0.0, "f1": 0.0, "auc": 0.63864}
{"epoch": 83, "time_epoch": 0.03711, "eta": 0.54513, "eta_hours": 0.00015, "loss": 0.69191465, "lr": 6.963e-05, "params": 6465, "time_iter": 0.01237, "accuracy": 0.52381, "precision": 0.0, "recall": 0.0, "f1": 0.0, "auc": 0.66591}
{"epoch": 84, "time_epoch": 0.03518, "eta": 0.51125, "eta_hours": 0.00014, "loss": 0.6921059, "lr": 6.185e-05, "params": 6465, "time_iter": 0.01173, "accuracy": 0.52381, "precision": 0.0, "recall": 0.0, "f1": 0.0, "auc": 0.38409}
{"epoch": 85, "time_epoch": 0.03493, "eta": 0.47731, "eta_hours": 0.00013, "loss": 0.6921095, "lr": 5.45e-05, "params": 6465, "time_iter": 0.01164, "accuracy": 0.52381, "precision": 0.0, "recall": 0.0, "f1": 0.0, "auc": 0.41591}
{"epoch": 86, "time_epoch": 0.03458, "eta": 0.44329, "eta_hours": 0.00012, "loss": 0.69208246, "lr": 4.759e-05, "params": 6465, "time_iter": 0.01153, "accuracy": 0.52381, "precision": 0.0, "recall": 0.0, "f1": 0.0, "auc": 0.44318}
{"epoch": 87, "time_epoch": 0.03213, "eta": 0.40892, "eta_hours": 0.00011, "loss": 0.69191885, "lr": 4.112e-05, "params": 6465, "time_iter": 0.01071, "accuracy": 0.52381, "precision": 0.0, "recall": 0.0, "f1": 0.0, "auc": 0.55227}
{"epoch": 88, "time_epoch": 0.03422, "eta": 0.37486, "eta_hours": 0.0001, "loss": 0.69211029, "lr": 3.511e-05, "params": 6465, "time_iter": 0.01141, "accuracy": 0.52381, "precision": 0.0, "recall": 0.0, "f1": 0.0, "auc": 0.37273}
{"epoch": 89, "time_epoch": 0.03316, "eta": 0.34068, "eta_hours": 9e-05, "loss": 0.69221344, "lr": 2.956e-05, "params": 6465, "time_iter": 0.01105, "accuracy": 0.52381, "precision": 0.0, "recall": 0.0, "f1": 0.0, "auc": 0.40909}
{"epoch": 90, "time_epoch": 0.0423, "eta": 0.30743, "eta_hours": 9e-05, "loss": 0.6921889, "lr": 2.447e-05, "params": 6465, "time_iter": 0.0141, "accuracy": 0.52381, "precision": 0.0, "recall": 0.0, "f1": 0.0, "auc": 0.35909}
{"epoch": 91, "time_epoch": 0.03387, "eta": 0.27324, "eta_hours": 8e-05, "loss": 0.6919649, "lr": 1.985e-05, "params": 6465, "time_iter": 0.01129, "accuracy": 0.52381, "precision": 0.0, "recall": 0.0, "f1": 0.0, "auc": 0.57045}
{"epoch": 92, "time_epoch": 0.04546, "eta": 0.23994, "eta_hours": 7e-05, "loss": 0.69202598, "lr": 1.571e-05, "params": 6465, "time_iter": 0.01515, "accuracy": 0.52381, "precision": 0.0, "recall": 0.0, "f1": 0.0, "auc": 0.51364}
{"epoch": 93, "time_epoch": 0.03665, "eta": 0.20581, "eta_hours": 6e-05, "loss": 0.69203069, "lr": 1.204e-05, "params": 6465, "time_iter": 0.01222, "accuracy": 0.52381, "precision": 0.0, "recall": 0.0, "f1": 0.0, "auc": 0.47955}
{"epoch": 94, "time_epoch": 0.0383, "eta": 0.17172, "eta_hours": 5e-05, "loss": 0.69193681, "lr": 8.86e-06, "params": 6465, "time_iter": 0.01277, "accuracy": 0.52381, "precision": 0.0, "recall": 0.0, "f1": 0.0, "auc": 0.55455}
{"epoch": 95, "time_epoch": 0.03331, "eta": 0.13733, "eta_hours": 4e-05, "loss": 0.69196758, "lr": 6.16e-06, "params": 6465, "time_iter": 0.0111, "accuracy": 0.52381, "precision": 0.0, "recall": 0.0, "f1": 0.0, "auc": 0.50682}
{"epoch": 96, "time_epoch": 0.03192, "eta": 0.10293, "eta_hours": 3e-05, "loss": 0.692096, "lr": 3.94e-06, "params": 6465, "time_iter": 0.01064, "accuracy": 0.52381, "precision": 0.0, "recall": 0.0, "f1": 0.0, "auc": 0.40909}
{"epoch": 97, "time_epoch": 0.03584, "eta": 0.06865, "eta_hours": 2e-05, "loss": 0.69198735, "lr": 2.22e-06, "params": 6465, "time_iter": 0.01195, "accuracy": 0.52381, "precision": 0.0, "recall": 0.0, "f1": 0.0, "auc": 0.52159}
{"epoch": 98, "time_epoch": 0.0351, "eta": 0.03433, "eta_hours": 1e-05, "loss": 0.69186713, "lr": 9.9e-07, "params": 6465, "time_iter": 0.0117, "accuracy": 0.52381, "precision": 0.0, "recall": 0.0, "f1": 0.0, "auc": 0.64773}
{"epoch": 99, "time_epoch": 0.03489, "eta": 0.0, "eta_hours": 0.0, "loss": 0.69211122, "lr": 2.5e-07, "params": 6465, "time_iter": 0.01163, "accuracy": 0.52381, "precision": 0.0, "recall": 0.0, "f1": 0.0, "auc": 0.39773}
