{"epoch": 0, "time_epoch": 6.51009, "eta": 644.49876, "eta_hours": 0.17903, "loss": 0.70614596, "lr": 0.001, "params": 8313, "time_iter": 0.59183, "accuracy": 0.47619, "precision": 0.47619, "recall": 1.0, "f1": 0.64516, "auc": 0.42955}
{"epoch": 1, "time_epoch": 7.67177, "eta": 694.91107, "eta_hours": 0.19303, "loss": 0.70396289, "lr": 0.00099975, "params": 8313, "time_iter": 0.69743, "accuracy": 0.47619, "precision": 0.47619, "recall": 1.0, "f1": 0.64516, "auc": 0.47955}
{"epoch": 2, "time_epoch": 0.58467, "eta": 477.45115, "eta_hours": 0.13263, "loss": 0.70267894, "lr": 0.00099901, "params": 8313, "time_iter": 0.05315, "accuracy": 0.47619, "precision": 0.47619, "recall": 1.0, "f1": 0.64516, "auc": 0.53636}
{"epoch": 3, "time_epoch": 0.6264, "eta": 369.43042, "eta_hours": 0.10262, "loss": 0.70211496, "lr": 0.00099778, "params": 8313, "time_iter": 0.05695, "accuracy": 0.47619, "precision": 0.47619, "recall": 1.0, "f1": 0.64516, "auc": 0.34545}
{"epoch": 4, "time_epoch": 0.64647, "eta": 304.74859, "eta_hours": 0.08465, "loss": 0.69958477, "lr": 0.00099606, "params": 8313, "time_iter": 0.05877, "accuracy": 0.47619, "precision": 0.47619, "recall": 1.0, "f1": 0.64516, "auc": 0.51364}
{"epoch": 5, "time_epoch": 0.64276, "eta": 261.35385, "eta_hours": 0.0726, "loss": 0.69792385, "lr": 0.00099384, "params": 8313, "time_iter": 0.05843, "accuracy": 0.47619, "precision": 0.47619, "recall": 1.0, "f1": 0.64516, "auc": 0.59318}
{"epoch": 6, "time_epoch": 0.63848, "eta": 230.11708, "eta_hours": 0.06392, "loss": 0.6947464, "lr": 0.00099114, "params": 8313, "time_iter": 0.05804, "accuracy": 0.47619, "precision": 0.47619, "recall": 1.0, "f1": 0.64516, "auc": 0.81364}
{"epoch": 7, "time_epoch": 0.65389, "eta": 206.70712, "eta_hours": 0.05742, "loss": 0.69203138, "lr": 0.00098796, "params": 8313, "time_iter": 0.05944, "accuracy": 0.47619, "precision": 0.47619, "recall": 1.0, "f1": 0.64516, "auc": 0.65}
{"epoch": 8, "time_epoch": 0.65189, "eta": 188.33383, "eta_hours": 0.05231, "loss": 0.67991269, "lr": 0.00098429, "params": 8313, "time_iter": 0.05926, "accuracy": 0.54762, "precision": 0.51351, "recall": 0.95, "f1": 0.66667, "auc": 0.825}
{"epoch": 9, "time_epoch": 0.64715, "eta": 173.46218, "eta_hours": 0.04818, "loss": 0.66282958, "lr": 0.00098015, "params": 8313, "time_iter": 0.05883, "accuracy": 0.7381, "precision": 0.65517, "recall": 0.95, "f1": 0.77551, "auc": 0.88182}
{"epoch": 10, "time_epoch": 0.64584, "eta": 161.16618, "eta_hours": 0.04477, "loss": 0.64923259, "lr": 0.00097553, "params": 8313, "time_iter": 0.05871, "accuracy": 0.7619, "precision": 0.72727, "recall": 0.8, "f1": 0.7619, "auc": 0.81818}
{"epoch": 11, "time_epoch": 0.64177, "eta": 150.78203, "eta_hours": 0.04188, "loss": 0.61380729, "lr": 0.00097044, "params": 8313, "time_iter": 0.05834, "accuracy": 0.71429, "precision": 0.7, "recall": 0.7, "f1": 0.7, "auc": 0.85455}
{"epoch": 12, "time_epoch": 0.64469, "eta": 141.91627, "eta_hours": 0.03942, "loss": 0.58144983, "lr": 0.00096489, "params": 8313, "time_iter": 0.05861, "accuracy": 0.7381, "precision": 0.73684, "recall": 0.7, "f1": 0.71795, "auc": 0.85227}
{"epoch": 13, "time_epoch": 0.64811, "eta": 134.24593, "eta_hours": 0.03729, "loss": 0.50773817, "lr": 0.00095888, "params": 8313, "time_iter": 0.05892, "accuracy": 0.85714, "precision": 0.85, "recall": 0.85, "f1": 0.85, "auc": 0.91364}
{"epoch": 14, "time_epoch": 0.63977, "eta": 127.46463, "eta_hours": 0.03541, "loss": 0.49132946, "lr": 0.00095241, "params": 8313, "time_iter": 0.05816, "accuracy": 0.85714, "precision": 0.88889, "recall": 0.8, "f1": 0.84211, "auc": 0.88182}
{"epoch": 15, "time_epoch": 0.6461, "eta": 121.48426, "eta_hours": 0.03375, "loss": 0.43021389, "lr": 0.0009455, "params": 8313, "time_iter": 0.05874, "accuracy": 0.80952, "precision": 0.8, "recall": 0.8, "f1": 0.8, "auc": 0.92727}
{"epoch": 16, "time_epoch": 0.64775, "eta": 116.13949, "eta_hours": 0.03226, "loss": 0.39790381, "lr": 0.00093815, "params": 8313, "time_iter": 0.05889, "accuracy": 0.90476, "precision": 0.94444, "recall": 0.85, "f1": 0.89474, "auc": 0.925}
{"epoch": 17, "time_epoch": 0.64764, "eta": 111.3161, "eta_hours": 0.03092, "loss": 0.36095615, "lr": 0.00093037, "params": 8313, "time_iter": 0.05888, "accuracy": 0.90476, "precision": 1.0, "recall": 0.8, "f1": 0.88889, "auc": 0.93409}
{"epoch": 18, "time_epoch": 0.65027, "eta": 106.94348, "eta_hours": 0.02971, "loss": 0.34033497, "lr": 0.00092216, "params": 8313, "time_iter": 0.05912, "accuracy": 0.88095, "precision": 0.94118, "recall": 0.8, "f1": 0.86486, "auc": 0.925}
{"epoch": 19, "time_epoch": 0.64203, "eta": 102.91014, "eta_hours": 0.02859, "loss": 0.34002156, "lr": 0.00091354, "params": 8313, "time_iter": 0.05837, "accuracy": 0.83333, "precision": 0.88235, "recall": 0.75, "f1": 0.81081, "auc": 0.93182}
{"epoch": 20, "time_epoch": 0.65469, "eta": 99.24743, "eta_hours": 0.02757, "loss": 0.41429035, "lr": 0.00090451, "params": 8313, "time_iter": 0.05952, "accuracy": 0.80952, "precision": 0.875, "recall": 0.7, "f1": 0.77778, "auc": 0.85682}
{"epoch": 21, "time_epoch": 0.64433, "eta": 95.82142, "eta_hours": 0.02662, "loss": 0.28335982, "lr": 0.00089508, "params": 8313, "time_iter": 0.05858, "accuracy": 0.92857, "precision": 1.0, "recall": 0.85, "f1": 0.91892, "auc": 0.94773}
{"epoch": 22, "time_epoch": 0.64494, "eta": 92.63934, "eta_hours": 0.02573, "loss": 0.17244968, "lr": 0.00088526, "params": 8313, "time_iter": 0.05863, "accuracy": 0.97619, "precision": 1.0, "recall": 0.95, "f1": 0.97436, "auc": 0.99773}
{"epoch": 23, "time_epoch": 0.65313, "eta": 89.69462, "eta_hours": 0.02492, "loss": 0.33242005, "lr": 0.00087506, "params": 8313, "time_iter": 0.05938, "accuracy": 0.85714, "precision": 0.9375, "recall": 0.75, "f1": 0.83333, "auc": 0.91818}
{"epoch": 24, "time_epoch": 0.65775, "eta": 86.9471, "eta_hours": 0.02415, "loss": 0.22284016, "lr": 0.00086448, "params": 8313, "time_iter": 0.0598, "accuracy": 0.92857, "precision": 0.94737, "recall": 0.9, "f1": 0.92308, "auc": 0.97955}
{"epoch": 25, "time_epoch": 0.6431, "eta": 84.31862, "eta_hours": 0.02342, "loss": 0.1137765, "lr": 0.00085355, "params": 8313, "time_iter": 0.05846, "accuracy": 0.97619, "precision": 1.0, "recall": 0.95, "f1": 0.97436, "auc": 1.0}
{"epoch": 26, "time_epoch": 0.64854, "eta": 81.85192, "eta_hours": 0.02274, "loss": 0.24793679, "lr": 0.00084227, "params": 8313, "time_iter": 0.05896, "accuracy": 0.90476, "precision": 0.9, "recall": 0.9, "f1": 0.9, "auc": 0.95682}
{"epoch": 27, "time_epoch": 0.64414, "eta": 79.50378, "eta_hours": 0.02208, "loss": 0.10215148, "lr": 0.00083066, "params": 8313, "time_iter": 0.05856, "accuracy": 0.95238, "precision": 0.95, "recall": 0.95, "f1": 0.95, "auc": 0.99773}
{"epoch": 28, "time_epoch": 0.64047, "eta": 77.26417, "eta_hours": 0.02146, "loss": 0.11037719, "lr": 0.00081871, "params": 8313, "time_iter": 0.05822, "accuracy": 0.97619, "precision": 1.0, "recall": 0.95, "f1": 0.97436, "auc": 0.99773}
{"epoch": 29, "time_epoch": 0.64794, "eta": 75.14859, "eta_hours": 0.02087, "loss": 0.14546402, "lr": 0.00080645, "params": 8313, "time_iter": 0.0589, "accuracy": 0.95238, "precision": 0.95, "recall": 0.95, "f1": 0.95, "auc": 0.98636}
{"epoch": 30, "time_epoch": 0.64274, "eta": 73.11613, "eta_hours": 0.02031, "loss": 0.14226035, "lr": 0.00079389, "params": 8313, "time_iter": 0.05843, "accuracy": 0.95238, "precision": 1.0, "recall": 0.9, "f1": 0.94737, "auc": 0.97727}
{"epoch": 31, "time_epoch": 0.65454, "eta": 71.19561, "eta_hours": 0.01978, "loss": 0.19272377, "lr": 0.00078104, "params": 8313, "time_iter": 0.0595, "accuracy": 0.90476, "precision": 0.9, "recall": 0.9, "f1": 0.9, "auc": 0.97045}
{"epoch": 32, "time_epoch": 0.6472, "eta": 69.33691, "eta_hours": 0.01926, "loss": 0.22538877, "lr": 0.00076791, "params": 8313, "time_iter": 0.05884, "accuracy": 0.92857, "precision": 0.86957, "recall": 1.0, "f1": 0.93023, "auc": 0.96364}
{"epoch": 33, "time_epoch": 0.65701, "eta": 67.56851, "eta_hours": 0.01877, "loss": 0.14768539, "lr": 0.00075452, "params": 8313, "time_iter": 0.05973, "accuracy": 0.97619, "precision": 1.0, "recall": 0.95, "f1": 0.97436, "auc": 0.98636}
{"epoch": 34, "time_epoch": 0.64832, "eta": 65.84749, "eta_hours": 0.01829, "loss": 0.09531086, "lr": 0.00074088, "params": 8313, "time_iter": 0.05894, "accuracy": 0.97619, "precision": 0.95238, "recall": 1.0, "f1": 0.97561, "auc": 1.0}
{"epoch": 35, "time_epoch": 0.64313, "eta": 64.17683, "eta_hours": 0.01783, "loss": 0.30178794, "lr": 0.000727, "params": 8313, "time_iter": 0.05847, "accuracy": 0.88095, "precision": 0.82609, "recall": 0.95, "f1": 0.88372, "auc": 0.95}
{"epoch": 36, "time_epoch": 0.64359, "eta": 62.5625, "eta_hours": 0.01738, "loss": 0.06840565, "lr": 0.00071289, "params": 8313, "time_iter": 0.05851, "accuracy": 0.97619, "precision": 0.95238, "recall": 1.0, "f1": 0.97561, "auc": 1.0}
{"epoch": 37, "time_epoch": 0.64192, "eta": 60.99654, "eta_hours": 0.01694, "loss": 0.15762254, "lr": 0.00069857, "params": 8313, "time_iter": 0.05836, "accuracy": 0.95238, "precision": 0.90909, "recall": 1.0, "f1": 0.95238, "auc": 0.98409}
{"epoch": 38, "time_epoch": 0.65199, "eta": 59.49372, "eta_hours": 0.01653, "loss": 0.13816926, "lr": 0.00068406, "params": 8313, "time_iter": 0.05927, "accuracy": 0.97619, "precision": 1.0, "recall": 0.95, "f1": 0.97436, "auc": 0.98864}
{"epoch": 39, "time_epoch": 0.65262, "eta": 58.03438, "eta_hours": 0.01612, "loss": 0.06937926, "lr": 0.00066937, "params": 8313, "time_iter": 0.05933, "accuracy": 0.97619, "precision": 1.0, "recall": 0.95, "f1": 0.97436, "auc": 1.0}
{"epoch": 40, "time_epoch": 0.64628, "eta": 56.60528, "eta_hours": 0.01572, "loss": 0.23997727, "lr": 0.00065451, "params": 8313, "time_iter": 0.05875, "accuracy": 0.90476, "precision": 0.9, "recall": 0.9, "f1": 0.9, "auc": 0.96364}
{"epoch": 41, "time_epoch": 0.64644, "eta": 55.21366, "eta_hours": 0.01534, "loss": 0.15950188, "lr": 0.0006395, "params": 8313, "time_iter": 0.05877, "accuracy": 0.92857, "precision": 0.86957, "recall": 1.0, "f1": 0.93023, "auc": 0.99545}
{"epoch": 42, "time_epoch": 0.65748, "eta": 53.87134, "eta_hours": 0.01496, "loss": 0.17111482, "lr": 0.00062434, "params": 8313, "time_iter": 0.05977, "accuracy": 0.92857, "precision": 0.90476, "recall": 0.95, "f1": 0.92683, "auc": 0.98864}
{"epoch": 43, "time_epoch": 0.65434, "eta": 52.55616, "eta_hours": 0.0146, "loss": 0.20587879, "lr": 0.00060907, "params": 8313, "time_iter": 0.05949, "accuracy": 0.90476, "precision": 0.9, "recall": 0.9, "f1": 0.9, "auc": 0.97955}
{"epoch": 44, "time_epoch": 0.67067, "eta": 51.2903, "eta_hours": 0.01425, "loss": 0.11307459, "lr": 0.00059369, "params": 8313, "time_iter": 0.06097, "accuracy": 0.97619, "precision": 1.0, "recall": 0.95, "f1": 0.97436, "auc": 0.99545}
{"epoch": 45, "time_epoch": 0.62671, "eta": 49.99872, "eta_hours": 0.01389, "loss": 0.28620462, "lr": 0.00057822, "params": 8313, "time_iter": 0.05697, "accuracy": 0.90476, "precision": 0.86364, "recall": 0.95, "f1": 0.90476, "auc": 0.95682}
{"epoch": 46, "time_epoch": 0.48714, "eta": 48.57805, "eta_hours": 0.01349, "loss": 0.35916605, "lr": 0.00056267, "params": 8313, "time_iter": 0.04429, "accuracy": 0.85714, "precision": 0.81818, "recall": 0.9, "f1": 0.85714, "auc": 0.94091}
{"epoch": 47, "time_epoch": 0.48195, "eta": 47.19065, "eta_hours": 0.01311, "loss": 0.10032236, "lr": 0.00054705, "params": 8313, "time_iter": 0.04381, "accuracy": 0.95238, "precision": 0.90909, "recall": 1.0, "f1": 0.95238, "auc": 1.0}
{"epoch": 48, "time_epoch": 0.4923, "eta": 45.85097, "eta_hours": 0.01274, "loss": 0.05150591, "lr": 0.0005314, "params": 8313, "time_iter": 0.04475, "accuracy": 1.0, "precision": 1.0, "recall": 1.0, "f1": 1.0, "auc": 1.0}
{"epoch": 49, "time_epoch": 0.48397, "eta": 44.53686, "eta_hours": 0.01237, "loss": 0.04780013, "lr": 0.00051571, "params": 8313, "time_iter": 0.044, "accuracy": 0.97619, "precision": 1.0, "recall": 0.95, "f1": 0.97436, "auc": 1.0}
{"epoch": 50, "time_epoch": 0.48257, "eta": 43.25396, "eta_hours": 0.01201, "loss": 0.31375053, "lr": 0.0005, "params": 8313, "time_iter": 0.04387, "accuracy": 0.95238, "precision": 0.95, "recall": 0.95, "f1": 0.95, "auc": 0.94545}
{"epoch": 51, "time_epoch": 0.51882, "eta": 42.03531, "eta_hours": 0.01168, "loss": 0.01859683, "lr": 0.00048429, "params": 8313, "time_iter": 0.04717, "accuracy": 1.0, "precision": 1.0, "recall": 1.0, "f1": 1.0, "auc": 1.0}
{"epoch": 52, "time_epoch": 0.56486, "eta": 40.88389, "eta_hours": 0.01136, "loss": 0.21724386, "lr": 0.0004686, "params": 8313, "time_iter": 0.05135, "accuracy": 0.90476, "precision": 0.9, "recall": 0.9, "f1": 0.9, "auc": 0.98182}
{"epoch": 53, "time_epoch": 0.48797, "eta": 39.6887, "eta_hours": 0.01102, "loss": 0.01623577, "lr": 0.00045295, "params": 8313, "time_iter": 0.04436, "accuracy": 1.0, "precision": 1.0, "recall": 1.0, "f1": 1.0, "auc": 1.0}
{"epoch": 54, "time_epoch": 0.48978, "eta": 38.52071, "eta_hours": 0.0107, "loss": 0.152747, "lr": 0.00043733, "params": 8313, "time_iter": 0.04453, "accuracy": 0.92857, "precision": 0.86957, "recall": 1.0, "f1": 0.93023, "auc": 1.0}
{"epoch": 55, "time_epoch": 0.49434, "eta": 37.38051, "eta_hours": 0.01038, "loss": 0.08676858, "lr": 0.00042178, "params": 8313, "time_iter": 0.04494, "accuracy": 0.95238, "precision": 0.90909, "recall": 1.0, "f1": 0.95238, "auc": 1.0}
{"epoch": 56, "time_epoch": 0.49239, "eta": 36.26151, "eta_hours": 0.01007, "loss": 0.08052281, "lr": 0.00040631, "params": 8313, "time_iter": 0.04476, "accuracy": 0.97619, "precision": 1.0, "recall": 0.95, "f1": 0.97436, "auc": 0.99773}
{"epoch": 57, "time_epoch": 0.48358, "eta": 35.15774, "eta_hours": 0.00977, "loss": 0.11499411, "lr": 0.00039093, "params": 8313, "time_iter": 0.04396, "accuracy": 0.95238, "precision": 0.95, "recall": 0.95, "f1": 0.95, "auc": 0.99318}
{"epoch": 58, "time_epoch": 0.4942, "eta": 34.08237, "eta_hours": 0.00947, "loss": 0.59153349, "lr": 0.00037566, "params": 8313, "time_iter": 0.04493, "accuracy": 0.71429, "precision": 0.7, "recall": 0.7, "f1": 0.7, "auc": 0.86591}
{"epoch": 59, "time_epoch": 0.48454, "eta": 33.01994, "eta_hours": 0.00917, "loss": 0.04180939, "lr": 0.0003605, "params": 8313, "time_iter": 0.04405, "accuracy": 0.97619, "precision": 0.95238, "recall": 1.0, "f1": 0.97561, "auc": 1.0}
{"epoch": 60, "time_epoch": 0.48738, "eta": 31.97827, "eta_hours": 0.00888, "loss": 0.32099378, "lr": 0.00034549, "params": 8313, "time_iter": 0.04431, "accuracy": 0.90476, "precision": 0.9, "recall": 0.9, "f1": 0.9, "auc": 0.94318}
{"epoch": 61, "time_epoch": 0.48963, "eta": 30.95585, "eta_hours": 0.0086, "loss": 0.04846311, "lr": 0.00033063, "params": 8313, "time_iter": 0.04451, "accuracy": 0.97619, "precision": 1.0, "recall": 0.95, "f1": 0.97436, "auc": 1.0}
{"epoch": 62, "time_epoch": 0.48381, "eta": 29.94694, "eta_hours": 0.00832, "loss": 0.04424981, "lr": 0.00031594, "params": 8313, "time_iter": 0.04398, "accuracy": 0.97619, "precision": 0.95238, "recall": 1.0, "f1": 0.97561, "auc": 1.0}
{"epoch": 63, "time_epoch": 0.48286, "eta": 28.95389, "eta_hours": 0.00804, "loss": 0.14415108, "lr": 0.00030143, "params": 8313, "time_iter": 0.0439, "accuracy": 0.95238, "precision": 0.95, "recall": 0.95, "f1": 0.95, "auc": 0.99318}
{"epoch": 64, "time_epoch": 0.48862, "eta": 27.97965, "eta_hours": 0.00777, "loss": 0.18899284, "lr": 0.00028711, "params": 8313, "time_iter": 0.04442, "accuracy": 0.88095, "precision": 0.89474, "recall": 0.85, "f1": 0.87179, "auc": 0.97727}
{"epoch": 65, "time_epoch": 0.49232, "eta": 27.02203, "eta_hours": 0.00751, "loss": 0.08531557, "lr": 0.000273, "params": 8313, "time_iter": 0.04476, "accuracy": 0.97619, "precision": 0.95238, "recall": 1.0, "f1": 0.97561, "auc": 0.99545}
{"epoch": 66, "time_epoch": 0.48722, "eta": 26.07579, "eta_hours": 0.00724, "loss": 0.14121777, "lr": 0.00025912, "params": 8313, "time_iter": 0.04429, "accuracy": 0.90476, "precision": 0.86364, "recall": 0.95, "f1": 0.90476, "auc": 0.99091}
{"epoch": 67, "time_epoch": 0.48805, "eta": 25.14343, "eta_hours": 0.00698, "loss": 0.20931173, "lr": 0.00024548, "params": 8313, "time_iter": 0.04437, "accuracy": 0.92857, "precision": 0.94737, "recall": 0.9, "f1": 0.92308, "auc": 0.97045}
{"epoch": 68, "time_epoch": 0.49499, "eta": 24.22708, "eta_hours": 0.00673, "loss": 0.03339756, "lr": 0.00023209, "params": 8313, "time_iter": 0.045, "accuracy": 1.0, "precision": 1.0, "recall": 1.0, "f1": 1.0, "auc": 1.0}
{"epoch": 69, "time_epoch": 0.48658, "eta": 23.31915, "eta_hours": 0.00648, "loss": 0.11828931, "lr": 0.00021896, "params": 8313, "time_iter": 0.04423, "accuracy": 0.95238, "precision": 1.0, "recall": 0.9, "f1": 0.94737, "auc": 0.99545}
{"epoch": 70, "time_epoch": 0.48327, "eta": 22.42175, "eta_hours": 0.00623, "loss": 0.09319676, "lr": 0.00020611, "params": 8313, "time_iter": 0.04393, "accuracy": 0.97619, "precision": 1.0, "recall": 0.95, "f1": 0.97436, "auc": 0.99545}
{"epoch": 71, "time_epoch": 0.48532, "eta": 21.53665, "eta_hours": 0.00598, "loss": 0.20603919, "lr": 0.00019355, "params": 8313, "time_iter": 0.04412, "accuracy": 0.90476, "precision": 0.9, "recall": 0.9, "f1": 0.9, "auc": 0.97727}
{"epoch": 72, "time_epoch": 0.48432, "eta": 20.66212, "eta_hours": 0.00574, "loss": 0.17717678, "lr": 0.00018129, "params": 8313, "time_iter": 0.04403, "accuracy": 0.92857, "precision": 0.94737, "recall": 0.9, "f1": 0.92308, "auc": 0.97727}
{"epoch": 73, "time_epoch": 0.48288, "eta": 19.79765, "eta_hours": 0.0055, "loss": 0.17692124, "lr": 0.00016934, "params": 8313, "time_iter": 0.0439, "accuracy": 0.90476, "precision": 0.86364, "recall": 0.95, "f1": 0.90476, "auc": 0.98864}
{"epoch": 74, "time_epoch": 0.48715, "eta": 18.94476, "eta_hours": 0.00526, "loss": 0.28771825, "lr": 0.00015773, "params": 8313, "time_iter": 0.04429, "accuracy": 0.90476, "precision": 0.9, "recall": 0.9, "f1": 0.9, "auc": 0.96364}
{"epoch": 75, "time_epoch": 0.49542, "eta": 18.10412, "eta_hours": 0.00503, "loss": 0.02788345, "lr": 0.00014645, "params": 8313, "time_iter": 0.04504, "accuracy": 1.0, "precision": 1.0, "recall": 1.0, "f1": 1.0, "auc": 1.0}
{"epoch": 76, "time_epoch": 0.48604, "eta": 17.26964, "eta_hours": 0.0048, "loss": 0.12860005, "lr": 0.00013552, "params": 8313, "time_iter": 0.04419, "accuracy": 0.95238, "precision": 0.95, "recall": 0.95, "f1": 0.95, "auc": 0.99318}
{"epoch": 77, "time_epoch": 0.49496, "eta": 16.44661, "eta_hours": 0.00457, "loss": 0.09601764, "lr": 0.00012494, "params": 8313, "time_iter": 0.045, "accuracy": 0.95238, "precision": 1.0, "recall": 0.9, "f1": 0.94737, "auc": 1.0}
{"epoch": 78, "time_epoch": 0.49474, "eta": 15.63183, "eta_hours": 0.00434, "loss": 0.12265714, "lr": 0.00011474, "params": 8313, "time_iter": 0.04498, "accuracy": 0.92857, "precision": 0.86957, "recall": 1.0, "f1": 0.93023, "auc": 0.99545}
{"epoch": 79, "time_epoch": 0.48299, "eta": 14.82211, "eta_hours": 0.00412, "loss": 0.0714288, "lr": 0.00010492, "params": 8313, "time_iter": 0.04391, "accuracy": 0.97619, "precision": 1.0, "recall": 0.95, "f1": 0.97436, "auc": 0.99545}
{"epoch": 80, "time_epoch": 0.48415, "eta": 14.02073, "eta_hours": 0.00389, "loss": 0.1657996, "lr": 9.549e-05, "params": 8313, "time_iter": 0.04401, "accuracy": 0.90476, "precision": 0.94444, "recall": 0.85, "f1": 0.89474, "auc": 0.98864}
{"epoch": 81, "time_epoch": 0.48308, "eta": 13.22686, "eta_hours": 0.00367, "loss": 0.28773369, "lr": 8.646e-05, "params": 8313, "time_iter": 0.04392, "accuracy": 0.88095, "precision": 0.89474, "recall": 0.85, "f1": 0.87179, "auc": 0.95}
{"epoch": 82, "time_epoch": 0.4868, "eta": 12.44123, "eta_hours": 0.00346, "loss": 0.08112216, "lr": 7.784e-05, "params": 8313, "time_iter": 0.04425, "accuracy": 0.97619, "precision": 0.95238, "recall": 1.0, "f1": 0.97561, "auc": 0.99545}
{"epoch": 83, "time_epoch": 0.48563, "eta": 11.6625, "eta_hours": 0.00324, "loss": 0.01529103, "lr": 6.963e-05, "params": 8313, "time_iter": 0.04415, "accuracy": 1.0, "precision": 1.0, "recall": 1.0, "f1": 1.0, "auc": 1.0}
{"epoch": 84, "time_epoch": 0.48365, "eta": 10.89031, "eta_hours": 0.00303, "loss": 0.18574838, "lr": 6.185e-05, "params": 8313, "time_iter": 0.04397, "accuracy": 0.92857, "precision": 0.94737, "recall": 0.9, "f1": 0.92308, "auc": 0.97955}
{"epoch": 85, "time_epoch": 0.48882, "eta": 10.12568, "eta_hours": 0.00281, "loss": 0.01447167, "lr": 5.45e-05, "params": 8313, "time_iter": 0.04444, "accuracy": 1.0, "precision": 1.0, "recall": 1.0, "f1": 1.0, "auc": 1.0}
{"epoch": 86, "time_epoch": 0.48281, "eta": 9.36648, "eta_hours": 0.0026, "loss": 0.02590619, "lr": 4.759e-05, "params": 8313, "time_iter": 0.04389, "accuracy": 0.97619, "precision": 1.0, "recall": 0.95, "f1": 0.97436, "auc": 1.0}
{"epoch": 87, "time_epoch": 0.48224, "eta": 8.61349, "eta_hours": 0.00239, "loss": 0.02689528, "lr": 4.112e-05, "params": 8313, "time_iter": 0.04384, "accuracy": 1.0, "precision": 1.0, "recall": 1.0, "f1": 1.0, "auc": 1.0}
{"epoch": 88, "time_epoch": 0.48768, "eta": 7.86726, "eta_hours": 0.00219, "loss": 0.01369019, "lr": 3.511e-05, "params": 8313, "time_iter": 0.04433, "accuracy": 1.0, "precision": 1.0, "recall": 1.0, "f1": 1.0, "auc": 1.0}
{"epoch": 89, "time_epoch": 0.48369, "eta": 7.12633, "eta_hours": 0.00198, "loss": 0.00645056, "lr": 2.956e-05, "params": 8313, "time_iter": 0.04397, "accuracy": 1.0, "precision": 1.0, "recall": 1.0, "f1": 1.0, "auc": 1.0}
{"epoch": 90, "time_epoch": 0.48175, "eta": 6.39087, "eta_hours": 0.00178, "loss": 0.0665692, "lr": 2.447e-05, "params": 8313, "time_iter": 0.0438, "accuracy": 0.95238, "precision": 0.90909, "recall": 1.0, "f1": 0.95238, "auc": 1.0}
{"epoch": 91, "time_epoch": 0.48331, "eta": 5.66105, "eta_hours": 0.00157, "loss": 0.23666516, "lr": 1.985e-05, "params": 8313, "time_iter": 0.04394, "accuracy": 0.92857, "precision": 0.94737, "recall": 0.9, "f1": 0.92308, "auc": 0.96591}
{"epoch": 92, "time_epoch": 0.49385, "eta": 4.93733, "eta_hours": 0.00137, "loss": 0.15707538, "lr": 1.571e-05, "params": 8313, "time_iter": 0.0449, "accuracy": 0.92857, "precision": 0.94737, "recall": 0.9, "f1": 0.92308, "auc": 0.99318}
{"epoch": 93, "time_epoch": 0.48334, "eta": 4.21782, "eta_hours": 0.00117, "loss": 0.01615865, "lr": 1.204e-05, "params": 8313, "time_iter": 0.04394, "accuracy": 1.0, "precision": 1.0, "recall": 1.0, "f1": 1.0, "auc": 1.0}
{"epoch": 94, "time_epoch": 0.48953, "eta": 3.50362, "eta_hours": 0.00097, "loss": 0.08166041, "lr": 8.86e-06, "params": 8313, "time_iter": 0.0445, "accuracy": 0.97619, "precision": 0.95238, "recall": 1.0, "f1": 0.97561, "auc": 1.0}
{"epoch": 95, "time_epoch": 0.49077, "eta": 2.79415, "eta_hours": 0.00078, "loss": 0.04094261, "lr": 6.16e-06, "params": 8313, "time_iter": 0.04462, "accuracy": 1.0, "precision": 1.0, "recall": 1.0, "f1": 1.0, "auc": 1.0}
{"epoch": 96, "time_epoch": 0.48237, "eta": 2.08893, "eta_hours": 0.00058, "loss": 0.19565847, "lr": 3.94e-06, "params": 8313, "time_iter": 0.04385, "accuracy": 0.92857, "precision": 0.94737, "recall": 0.9, "f1": 0.92308, "auc": 0.98409}
{"epoch": 97, "time_epoch": 0.49191, "eta": 1.38845, "eta_hours": 0.00039, "loss": 0.12117413, "lr": 2.22e-06, "params": 8313, "time_iter": 0.04472, "accuracy": 0.92857, "precision": 1.0, "recall": 0.85, "f1": 0.91892, "auc": 0.99545}
{"epoch": 98, "time_epoch": 0.48405, "eta": 0.6921, "eta_hours": 0.00019, "loss": 0.08471971, "lr": 9.9e-07, "params": 8313, "time_iter": 0.044, "accuracy": 0.97619, "precision": 0.95238, "recall": 1.0, "f1": 0.97561, "auc": 0.99773}
{"epoch": 99, "time_epoch": 0.48611, "eta": 0.0, "eta_hours": 0.0, "loss": 0.23503801, "lr": 2.5e-07, "params": 8313, "time_iter": 0.04419, "accuracy": 0.85714, "precision": 0.81818, "recall": 0.9, "f1": 0.85714, "auc": 0.96364}
