{"epoch": 5, "time_epoch": 0.65066, "time_epoch_std": 0.01523, "eta": 110.15667, "eta_std": 99.20645, "eta_hours": 0.0306, "eta_hours_std": 0.02756, "loss": 0.32419, "loss_std": 0.28005, "lr": 0.00059, "lr_std": 0.00039, "params": 8313.0, "params_std": 0.0, "time_iter": 0.05915, "time_iter_std": 0.00139, "accuracy": 0.83333, "accuracy_std": 0.19991, "accuracy_max": 1.0, "precision": 0.84417, "precision_std": 0.21069, "recall": 0.9375, "recall_std": 0.08197, "f1": 0.86805, "f1_std": 0.13644, "auc": 0.88807, "auc_std": 0.13826}
