{"epoch": 0, "time_epoch": 6.72235, "time_epoch_std": 0.19698, "eta": 665.51278, "eta_std": 19.50055, "eta_hours": 0.18486, "eta_hours_std": 0.00541, "loss": 0.69758, "loss_std": 0.00505, "lr": 0.001, "lr_std": 0.0, "params": 8313.0, "params_std": 0.0, "time_iter": 0.61112, "time_iter_std": 0.01791, "accuracy": 0.5, "accuracy_std": 0.02381, "accuracy_max": 0.52381, "precision": 0.2381, "precision_std": 0.2381, "recall": 0.5, "recall_std": 0.5, "f1": 0.32258, "f1_std": 0.32258, "auc": 0.39091, "auc_std": 0.02933}
{"epoch": 1, "time_epoch": 7.83702, "time_epoch_std": 0.18988, "eta": 713.40929, "eta_std": 18.90911, "eta_hours": 0.19817, "eta_hours_std": 0.00525, "loss": 0.69616, "loss_std": 0.00459, "lr": 0.001, "lr_std": 0.0, "params": 8313.0, "params_std": 0.0, "time_iter": 0.71246, "time_iter_std": 0.01726, "accuracy": 0.5, "accuracy_std": 0.02381, "accuracy_max": 0.52381, "precision": 0.2381, "precision_std": 0.2381, "recall": 0.5, "recall_std": 0.5, "f1": 0.32258, "f1_std": 0.32258, "auc": 0.5108, "auc_std": 0.08659}
{"epoch": 2, "time_epoch": 0.58334, "time_epoch_std": 0.01593, "eta": 489.61441, "eta_std": 12.96268, "eta_hours": 0.136, "eta_hours_std": 0.0036, "loss": 0.69573, "loss_std": 0.004, "lr": 0.001, "lr_std": 0.0, "params": 8313.0, "params_std": 0.0, "time_iter": 0.05303, "time_iter_std": 0.00145, "accuracy": 0.5, "accuracy_std": 0.02381, "accuracy_max": 0.52381, "precision": 0.2381, "precision_std": 0.2381, "recall": 0.5, "recall_std": 0.5, "f1": 0.32258, "f1_std": 0.32258, "auc": 0.52898, "auc_std": 0.02269}
{"epoch": 3, "time_epoch": 0.63817, "time_epoch_std": 0.01853, "eta": 378.74114, "eta_std": 9.91906, "eta_hours": 0.1052, "eta_hours_std": 0.00276, "loss": 0.6954, "loss_std": 0.00388, "lr": 0.001, "lr_std": 0.0, "params": 8313.0, "params_std": 0.0, "time_iter": 0.05802, "time_iter_std": 0.00168, "accuracy": 0.5, "accuracy_std": 0.02381, "accuracy_max": 0.52381, "precision": 0.2381, "precision_std": 0.2381, "recall": 0.5, "recall_std": 0.5, "f1": 0.32258, "f1_std": 0.32258, "auc": 0.49034, "auc_std": 0.09223}
{"epoch": 4, "time_epoch": 0.64351, "time_epoch_std": 0.01366, "eta": 312.06339, "eta_std": 8.0333, "eta_hours": 0.08668, "eta_hours_std": 0.00223, "loss": 0.69395, "loss_std": 0.00327, "lr": 0.001, "lr_std": 0.0, "params": 8313.0, "params_std": 0.0, "time_iter": 0.0585, "time_iter_std": 0.00124, "accuracy": 0.50595, "accuracy_std": 0.03093, "accuracy_max": 0.54762, "precision": 0.48809, "precision_std": 0.35375, "recall": 0.5125, "recall_std": 0.48782, "f1": 0.34639, "f1_std": 0.30066, "auc": 0.58466, "auc_std": 0.03739}
{"epoch": 5, "time_epoch": 0.65619, "time_epoch_std": 0.01201, "eta": 267.59571, "eta_std": 6.65693, "eta_hours": 0.07434, "eta_hours_std": 0.00185, "loss": 0.693, "loss_std": 0.00279, "lr": 0.00099, "lr_std": 0.0, "params": 8313.0, "params_std": 0.0, "time_iter": 0.05966, "time_iter_std": 0.00109, "accuracy": 0.51191, "accuracy_std": 0.02662, "accuracy_max": 0.54762, "precision": 0.491, "precision_std": 0.35369, "recall": 0.5125, "recall_std": 0.48782, "f1": 0.34904, "f1_std": 0.30331, "auc": 0.60284, "auc_std": 0.03676}
{"epoch": 6, "time_epoch": 0.65007, "time_epoch_std": 0.02134, "eta": 235.56425, "eta_std": 5.84776, "eta_hours": 0.06543, "eta_hours_std": 0.00163, "loss": 0.6908, "loss_std": 0.00324, "lr": 0.00099, "lr_std": 0.0, "params": 8313.0, "params_std": 0.0, "time_iter": 0.05909, "time_iter_std": 0.00194, "accuracy": 0.55357, "accuracy_std": 0.07018, "accuracy_max": 0.66667, "precision": 0.53155, "precision_std": 0.36024, "recall": 0.425, "recall_std": 0.41908, "f1": 0.3476, "f1_std": 0.30187, "auc": 0.71648, "auc_std": 0.07494}
{"epoch": 7, "time_epoch": 0.66, "time_epoch_std": 0.035, "eta": 211.49234, "eta_std": 5.0932, "eta_hours": 0.05875, "eta_hours_std": 0.00142, "loss": 0.68783, "loss_std": 0.00429, "lr": 0.00099, "lr_std": 0.0, "params": 8313.0, "params_std": 0.0, "time_iter": 0.06, "time_iter_std": 0.00318, "accuracy": 0.57143, "accuracy_std": 0.07339, "accuracy_max": 0.64286, "precision": 0.55086, "precision_std": 0.36806, "recall": 0.4125, "recall_std": 0.36806, "f1": 0.39032, "f1_std": 0.24146, "auc": 0.71591, "auc_std": 0.09018}
{"epoch": 8, "time_epoch": 0.69027, "time_epoch_std": 0.07518, "eta": 192.92922, "eta_std": 4.5103, "eta_hours": 0.05359, "eta_hours_std": 0.00125, "loss": 0.6831, "loss_std": 0.00175, "lr": 0.00098, "lr_std": 0.0, "params": 8313.0, "params_std": 0.0, "time_iter": 0.06275, "time_iter_std": 0.00683, "accuracy": 0.58334, "accuracy_std": 0.05189, "accuracy_max": 0.66667, "precision": 0.48575, "precision_std": 0.29162, "recall": 0.4125, "recall_std": 0.37479, "f1": 0.38996, "f1_std": 0.26383, "auc": 0.79204, "auc_std": 0.03264}
{"epoch": 9, "time_epoch": 0.63741, "time_epoch_std": 0.03239, "eta": 177.46486, "eta_std": 4.17764, "eta_hours": 0.0493, "eta_hours_std": 0.00116, "loss": 0.67148, "loss_std": 0.00544, "lr": 0.00098, "lr_std": 0.0, "params": 8313.0, "params_std": 0.0, "time_iter": 0.05794, "time_iter_std": 0.00294, "accuracy": 0.66072, "accuracy_std": 0.07964, "accuracy_max": 0.71429, "precision": 0.58889, "precision_std": 0.35303, "recall": 0.4625, "recall_std": 0.33796, "f1": 0.48418, "f1_std": 0.28935, "auc": 0.8517, "auc_std": 0.02738}
{"epoch": 10, "time_epoch": 0.68194, "time_epoch_std": 0.06346, "eta": 165.05667, "eta_std": 3.80262, "eta_hours": 0.04585, "eta_hours_std": 0.00105, "loss": 0.66398, "loss_std": 0.00321, "lr": 0.00098, "lr_std": 0.0, "params": 8313.0, "params_std": 0.0, "time_iter": 0.06199, "time_iter_std": 0.00577, "accuracy": 0.73809, "accuracy_std": 0.04124, "accuracy_max": 0.7619, "precision": 0.79923, "precision_std": 0.04666, "recall": 0.6125, "recall_std": 0.14307, "f1": 0.68083, "f1_std": 0.08756, "auc": 0.80227, "auc_std": 0.02526}
{"epoch": 11, "time_epoch": 0.63119, "time_epoch_std": 0.03657, "eta": 154.23066, "eta_std": 3.4979, "eta_hours": 0.04284, "eta_hours_std": 0.00097, "loss": 0.63743, "loss_std": 0.00281, "lr": 0.00097, "lr_std": 0.0, "params": 8313.0, "params_std": 0.0, "time_iter": 0.05738, "time_iter_std": 0.00332, "accuracy": 0.75595, "accuracy_std": 0.03521, "accuracy_max": 0.80952, "precision": 0.8218, "precision_std": 0.08203, "recall": 0.6375, "recall_std": 0.05449, "f1": 0.7134, "f1_std": 0.03562, "auc": 0.86193, "auc_std": 0.02799}
{"epoch": 12, "time_epoch": 0.63613, "time_epoch_std": 0.01892, "eta": 145.00614, "eta_std": 3.29513, "eta_hours": 0.04028, "eta_hours_std": 0.00091, "loss": 0.61952, "loss_std": 0.01056, "lr": 0.00096, "lr_std": 0.0, "params": 8313.0, "params_std": 0.0, "time_iter": 0.05783, "time_iter_std": 0.00172, "accuracy": 0.73215, "accuracy_std": 0.01031, "accuracy_max": 0.7381, "precision": 0.75602, "precision_std": 0.02057, "recall": 0.65, "recall_std": 0.06124, "f1": 0.69642, "f1_std": 0.02917, "auc": 0.84489, "auc_std": 0.01228}
{"epoch": 13, "time_epoch": 0.643, "time_epoch_std": 0.01617, "eta": 137.05074, "eta_std": 3.11519, "eta_hours": 0.03807, "eta_hours_std": 0.00086, "loss": 0.57692, "loss_std": 0.01934, "lr": 0.00096, "lr_std": 0.0, "params": 8313.0, "params_std": 0.0, "time_iter": 0.05845, "time_iter_std": 0.00147, "accuracy": 0.77381, "accuracy_std": 0.03571, "accuracy_max": 0.80952, "precision": 0.8076, "precision_std": 0.03349, "recall": 0.6875, "recall_std": 0.05449, "f1": 0.74242, "f1_std": 0.04572, "auc": 0.86818, "auc_std": 0.02746}
{"epoch": 14, "time_epoch": 0.67808, "time_epoch_std": 0.05647, "eta": 130.26908, "eta_std": 2.92199, "eta_hours": 0.03618, "eta_hours_std": 0.00081, "loss": 0.54181, "loss_std": 0.00582, "lr": 0.00095, "lr_std": 0.0, "params": 8313.0, "params_std": 0.0, "time_iter": 0.06164, "time_iter_std": 0.00513, "accuracy": 0.79166, "accuracy_std": 0.04251, "accuracy_max": 0.83333, "precision": 0.79276, "precision_std": 0.04956, "recall": 0.7625, "recall_std": 0.04146, "f1": 0.77724, "f1_std": 0.04473, "auc": 0.88352, "auc_std": 0.02158}
{"epoch": 15, "time_epoch": 0.69286, "time_epoch_std": 0.0832, "eta": 124.32798, "eta_std": 2.83274, "eta_hours": 0.03454, "eta_hours_std": 0.00079, "loss": 0.50274, "loss_std": 0.01787, "lr": 0.00095, "lr_std": 0.0, "params": 8313.0, "params_std": 0.0, "time_iter": 0.06299, "time_iter_std": 0.00756, "accuracy": 0.82142, "accuracy_std": 0.03571, "accuracy_max": 0.85714, "precision": 0.84778, "precision_std": 0.04421, "recall": 0.7625, "recall_std": 0.04146, "f1": 0.80257, "f1_std": 0.0396, "auc": 0.89261, "auc_std": 0.01059}
{"epoch": 16, "time_epoch": 0.69599, "time_epoch_std": 0.07386, "eta": 119.0196, "eta_std": 2.80242, "eta_hours": 0.03306, "eta_hours_std": 0.00078, "loss": 0.44771, "loss_std": 0.02403, "lr": 0.00094, "lr_std": 0.0, "params": 8313.0, "params_std": 0.0, "time_iter": 0.06327, "time_iter_std": 0.00671, "accuracy": 0.85119, "accuracy_std": 0.05678, "accuracy_max": 0.92857, "precision": 0.88516, "precision_std": 0.04434, "recall": 0.7875, "recall_std": 0.08927, "f1": 0.83235, "f1_std": 0.06797, "auc": 0.90568, "auc_std": 0.01424}
{"epoch": 17, "time_epoch": 0.68442, "time_epoch_std": 0.07718, "eta": 114.17098, "eta_std": 2.77169, "eta_hours": 0.03172, "eta_hours_std": 0.00077, "loss": 0.42682, "loss_std": 0.04393, "lr": 0.00093, "lr_std": 0.0, "params": 8313.0, "params_std": 0.0, "time_iter": 0.06222, "time_iter_std": 0.00701, "accuracy": 0.82142, "accuracy_std": 0.03948, "accuracy_max": 0.88095, "precision": 0.84907, "precision_std": 0.05643, "recall": 0.7625, "recall_std": 0.04146, "f1": 0.80284, "f1_std": 0.04305, "auc": 0.90341, "auc_std": 0.03872}
{"epoch": 18, "time_epoch": 0.72086, "time_epoch_std": 0.07085, "eta": 109.91607, "eta_std": 2.69058, "eta_hours": 0.03053, "eta_hours_std": 0.00075, "loss": 0.42367, "loss_std": 0.02529, "lr": 0.00092, "lr_std": 0.0, "params": 8313.0, "params_std": 0.0, "time_iter": 0.06553, "time_iter_std": 0.00644, "accuracy": 0.82142, "accuracy_std": 0.02062, "accuracy_max": 0.85714, "precision": 0.86146, "precision_std": 0.05132, "recall": 0.75, "recall_std": 0.03536, "f1": 0.80015, "f1_std": 0.02071, "auc": 0.89716, "auc_std": 0.02042}
{"epoch": 19, "time_epoch": 0.72669, "time_epoch_std": 0.06668, "eta": 106.0379, "eta_std": 2.5755, "eta_hours": 0.02946, "eta_hours_std": 0.00072, "loss": 0.38295, "loss_std": 0.06058, "lr": 0.00091, "lr_std": 0.0, "params": 8313.0, "params_std": 0.0, "time_iter": 0.06606, "time_iter_std": 0.00606, "accuracy": 0.82143, "accuracy_std": 0.07986, "accuracy_max": 0.90476, "precision": 0.85539, "precision_std": 0.08963, "recall": 0.75, "recall_std": 0.09354, "f1": 0.79908, "f1_std": 0.09188, "auc": 0.91022, "auc_std": 0.03722}
{"epoch": 20, "time_epoch": 0.71201, "time_epoch_std": 0.06013, "eta": 102.40462, "eta_std": 2.54422, "eta_hours": 0.02844, "eta_hours_std": 0.00071, "loss": 0.40201, "loss_std": 0.07457, "lr": 0.0009, "lr_std": 0.0, "params": 8313.0, "params_std": 0.0, "time_iter": 0.06473, "time_iter_std": 0.00547, "accuracy": 0.82142, "accuracy_std": 0.02662, "accuracy_max": 0.85714, "precision": 0.84887, "precision_std": 0.03827, "recall": 0.7625, "recall_std": 0.04146, "f1": 0.80241, "f1_std": 0.03005, "auc": 0.89773, "auc_std": 0.05452}
{"epoch": 21, "time_epoch": 0.71236, "time_epoch_std": 0.06472, "eta": 99.03815, "eta_std": 2.52513, "eta_hours": 0.02751, "eta_hours_std": 0.0007, "loss": 0.3081, "loss_std": 0.04217, "lr": 0.0009, "lr_std": 0.0, "params": 8313.0, "params_std": 0.0, "time_iter": 0.06476, "time_iter_std": 0.00588, "accuracy": 0.91071, "accuracy_std": 0.03093, "accuracy_max": 0.95238, "precision": 0.93428, "precision_std": 0.01742, "recall": 0.875, "recall_std": 0.075, "f1": 0.90164, "f1_std": 0.03768, "auc": 0.94204, "auc_std": 0.02042}
{"epoch": 22, "time_epoch": 0.69855, "time_epoch_std": 0.07015, "eta": 95.85626, "eta_std": 2.47823, "eta_hours": 0.02663, "eta_hours_std": 0.00069, "loss": 0.27898, "loss_std": 0.064, "lr": 0.00089, "lr_std": 0.0, "params": 8313.0, "params_std": 0.0, "time_iter": 0.0635, "time_iter_std": 0.00638, "accuracy": 0.89286, "accuracy_std": 0.06411, "accuracy_max": 0.97619, "precision": 0.90768, "precision_std": 0.06884, "recall": 0.8625, "recall_std": 0.07395, "f1": 0.88423, "f1_std": 0.07033, "auc": 0.96307, "auc_std": 0.03655}
{"epoch": 23, "time_epoch": 0.72288, "time_epoch_std": 0.09822, "eta": 92.95836, "eta_std": 2.45451, "eta_hours": 0.02582, "eta_hours_std": 0.00068, "loss": 0.24438, "loss_std": 0.05868, "lr": 0.00088, "lr_std": 0.0, "params": 8313.0, "params_std": 0.0, "time_iter": 0.06572, "time_iter_std": 0.00893, "accuracy": 0.91666, "accuracy_std": 0.02662, "accuracy_max": 0.95238, "precision": 0.94575, "precision_std": 0.00329, "recall": 0.875, "recall_std": 0.0559, "f1": 0.90817, "f1_std": 0.03173, "auc": 0.96762, "auc_std": 0.03004}
{"epoch": 24, "time_epoch": 0.72894, "time_epoch_std": 0.08832, "eta": 90.25262, "eta_std": 2.44275, "eta_hours": 0.02507, "eta_hours_std": 0.00068, "loss": 0.27798, "loss_std": 0.08203, "lr": 0.00086, "lr_std": 0.0, "params": 8313.0, "params_std": 0.0, "time_iter": 0.06626, "time_iter_std": 0.00803, "accuracy": 0.88095, "accuracy_std": 0.04454, "accuracy_max": 0.92857, "precision": 0.87917, "precision_std": 0.0642, "recall": 0.875, "recall_std": 0.0433, "f1": 0.87572, "f1_std": 0.04293, "auc": 0.94943, "auc_std": 0.0375}
{"epoch": 25, "time_epoch": 0.72596, "time_epoch_std": 0.09989, "eta": 87.69046, "eta_std": 2.47351, "eta_hours": 0.02436, "eta_hours_std": 0.00069, "loss": 0.26046, "loss_std": 0.09634, "lr": 0.00085, "lr_std": 0.0, "params": 8313.0, "params_std": 0.0, "time_iter": 0.066, "time_iter_std": 0.00908, "accuracy": 0.89881, "accuracy_std": 0.07018, "accuracy_max": 0.97619, "precision": 0.92032, "precision_std": 0.07871, "recall": 0.8625, "recall_std": 0.07395, "f1": 0.89035, "f1_std": 0.07553, "auc": 0.96136, "auc_std": 0.03398}
{"epoch": 26, "time_epoch": 0.72986, "time_epoch_std": 0.0903, "eta": 85.27488, "eta_std": 2.49864, "eta_hours": 0.02369, "eta_hours_std": 0.00069, "loss": 0.24138, "loss_std": 0.03611, "lr": 0.00084, "lr_std": 0.0, "params": 8313.0, "params_std": 0.0, "time_iter": 0.06635, "time_iter_std": 0.00821, "accuracy": 0.91071, "accuracy_std": 0.03093, "accuracy_max": 0.92857, "precision": 0.93526, "precision_std": 0.04306, "recall": 0.875, "recall_std": 0.0559, "f1": 0.90274, "f1_std": 0.03511, "auc": 0.96193, "auc_std": 0.01377}
{"epoch": 27, "time_epoch": 0.69018, "time_epoch_std": 0.08024, "eta": 82.87768, "eta_std": 2.41325, "eta_hours": 0.02302, "eta_hours_std": 0.00067, "loss": 0.25251, "loss_std": 0.08117, "lr": 0.00083, "lr_std": 0.0, "params": 8313.0, "params_std": 0.0, "time_iter": 0.06274, "time_iter_std": 0.0073, "accuracy": 0.8869, "accuracy_std": 0.03903, "accuracy_max": 0.95238, "precision": 0.88795, "precision_std": 0.04681, "recall": 0.875, "recall_std": 0.0559, "f1": 0.88026, "f1_std": 0.04161, "auc": 0.95966, "auc_std": 0.02223}
{"epoch": 28, "time_epoch": 0.68428, "time_epoch_std": 0.08159, "eta": 80.58374, "eta_std": 2.35009, "eta_hours": 0.02238, "eta_hours_std": 0.00065, "loss": 0.23588, "loss_std": 0.10957, "lr": 0.00082, "lr_std": 0.0, "params": 8313.0, "params_std": 0.0, "time_iter": 0.0622, "time_iter_std": 0.00742, "accuracy": 0.91666, "accuracy_std": 0.06839, "accuracy_max": 0.97619, "precision": 0.92929, "precision_std": 0.09319, "recall": 0.9, "recall_std": 0.05, "f1": 0.91324, "f1_std": 0.06814, "auc": 0.95966, "auc_std": 0.04035}
{"epoch": 29, "time_epoch": 0.68452, "time_epoch_std": 0.08157, "eta": 78.39768, "eta_std": 2.30056, "eta_hours": 0.02178, "eta_hours_std": 0.00064, "loss": 0.18262, "loss_std": 0.047, "lr": 0.00081, "lr_std": 0.0, "params": 8313.0, "params_std": 0.0, "time_iter": 0.06223, "time_iter_std": 0.00741, "accuracy": 0.92857, "accuracy_std": 0.02916, "accuracy_max": 0.95238, "precision": 0.94714, "precision_std": 0.0036, "recall": 0.9, "recall_std": 0.06124, "f1": 0.92198, "f1_std": 0.03476, "auc": 0.98068, "auc_std": 0.01387}
{"epoch": 30, "time_epoch": 0.69104, "time_epoch_std": 0.07816, "eta": 76.32301, "eta_std": 2.25008, "eta_hours": 0.0212, "eta_hours_std": 0.00062, "loss": 0.1378, "loss_std": 0.01732, "lr": 0.00079, "lr_std": 0.0, "params": 8313.0, "params_std": 0.0, "time_iter": 0.06282, "time_iter_std": 0.0071, "accuracy": 0.95833, "accuracy_std": 0.01031, "accuracy_max": 0.97619, "precision": 0.96477, "precision_std": 0.03808, "recall": 0.95, "recall_std": 0.03536, "f1": 0.95603, "f1_std": 0.01073, "auc": 0.98693, "auc_std": 0.00609}
{"epoch": 31, "time_epoch": 0.68584, "time_epoch_std": 0.08644, "eta": 74.32377, "eta_std": 2.23927, "eta_hours": 0.02064, "eta_hours_std": 0.00063, "loss": 0.20004, "loss_std": 0.03922, "lr": 0.00078, "lr_std": 0.0, "params": 8313.0, "params_std": 0.0, "time_iter": 0.06235, "time_iter_std": 0.00786, "accuracy": 0.93452, "accuracy_std": 0.01974, "accuracy_max": 0.95238, "precision": 0.93452, "precision_std": 0.07018, "recall": 0.9375, "recall_std": 0.04146, "f1": 0.93267, "f1_std": 0.01599, "auc": 0.9767, "auc_std": 0.01217}
{"epoch": 32, "time_epoch": 0.6831, "time_epoch_std": 0.08111, "eta": 72.39856, "eta_std": 2.2262, "eta_hours": 0.02011, "eta_hours_std": 0.00062, "loss": 0.20032, "loss_std": 0.05279, "lr": 0.00077, "lr_std": 0.0, "params": 8313.0, "params_std": 0.0, "time_iter": 0.0621, "time_iter_std": 0.00737, "accuracy": 0.92857, "accuracy_std": 0.03367, "accuracy_max": 0.97619, "precision": 0.91852, "precision_std": 0.05838, "recall": 0.9375, "recall_std": 0.04146, "f1": 0.92643, "f1_std": 0.03415, "auc": 0.97557, "auc_std": 0.01185}
{"epoch": 33, "time_epoch": 0.69126, "time_epoch_std": 0.08428, "eta": 70.56227, "eta_std": 2.22057, "eta_hours": 0.0196, "eta_hours_std": 0.00062, "loss": 0.16691, "loss_std": 0.11422, "lr": 0.00075, "lr_std": 0.0, "params": 8313.0, "params_std": 0.0, "time_iter": 0.06284, "time_iter_std": 0.00766, "accuracy": 0.94048, "accuracy_std": 0.06411, "accuracy_max": 1.0, "precision": 0.95868, "precision_std": 0.04817, "recall": 0.9125, "recall_std": 0.10232, "f1": 0.93345, "f1_std": 0.07321, "auc": 0.98409, "auc_std": 0.02262}
{"epoch": 34, "time_epoch": 0.68712, "time_epoch_std": 0.08362, "eta": 68.7837, "eta_std": 2.22574, "eta_hours": 0.0191, "eta_hours_std": 0.00062, "loss": 0.17588, "loss_std": 0.09224, "lr": 0.00074, "lr_std": 0.0, "params": 8313.0, "params_std": 0.0, "time_iter": 0.06246, "time_iter_std": 0.0076, "accuracy": 0.94048, "accuracy_std": 0.03571, "accuracy_max": 0.97619, "precision": 0.93678, "precision_std": 0.02429, "recall": 0.9375, "recall_std": 0.05449, "f1": 0.93685, "f1_std": 0.03899, "auc": 0.97898, "auc_std": 0.02375}
{"epoch": 35, "time_epoch": 0.68938, "time_epoch_std": 0.08245, "eta": 67.06979, "eta_std": 2.22758, "eta_hours": 0.01863, "eta_hours_std": 0.00062, "loss": 0.27753, "loss_std": 0.13999, "lr": 0.00073, "lr_std": 0.0, "params": 8313.0, "params_std": 0.0, "time_iter": 0.06267, "time_iter_std": 0.00749, "accuracy": 0.875, "accuracy_std": 0.05923, "accuracy_max": 0.92857, "precision": 0.8949, "precision_std": 0.0552, "recall": 0.8375, "recall_std": 0.10825, "f1": 0.86154, "f1_std": 0.07362, "auc": 0.95057, "auc_std": 0.04316}
{"epoch": 36, "time_epoch": 0.68596, "time_epoch_std": 0.08469, "eta": 65.40544, "eta_std": 2.23663, "eta_hours": 0.01817, "eta_hours_std": 0.00062, "loss": 0.07303, "loss_std": 0.01814, "lr": 0.00071, "lr_std": 0.0, "params": 8313.0, "params_std": 0.0, "time_iter": 0.06236, "time_iter_std": 0.0077, "accuracy": 0.9881, "accuracy_std": 0.02062, "accuracy_max": 1.0, "precision": 0.9875, "precision_std": 0.02165, "recall": 0.9875, "recall_std": 0.02165, "f1": 0.9875, "f1_std": 0.02165, "auc": 0.99886, "auc_std": 0.00197}
{"epoch": 37, "time_epoch": 0.69066, "time_epoch_std": 0.08302, "eta": 63.80024, "eta_std": 2.24194, "eta_hours": 0.01772, "eta_hours_std": 0.00062, "loss": 0.20149, "loss_std": 0.05566, "lr": 0.0007, "lr_std": 0.0, "params": 8313.0, "params_std": 0.0, "time_iter": 0.06279, "time_iter_std": 0.00755, "accuracy": 0.94048, "accuracy_std": 0.0119, "accuracy_max": 0.95238, "precision": 0.9278, "precision_std": 0.02096, "recall": 0.95, "recall_std": 0.03536, "f1": 0.93807, "f1_std": 0.01321, "auc": 0.9733, "auc_std": 0.01329}
{"epoch": 38, "time_epoch": 0.68936, "time_epoch_std": 0.07812, "eta": 62.23992, "eta_std": 2.23921, "eta_hours": 0.01729, "eta_hours_std": 0.00062, "loss": 0.18286, "loss_std": 0.04501, "lr": 0.00068, "lr_std": 0.0, "params": 8313.0, "params_std": 0.0, "time_iter": 0.06267, "time_iter_std": 0.0071, "accuracy": 0.94048, "accuracy_std": 0.0119, "accuracy_max": 0.95238, "precision": 0.92738, "precision_std": 0.02262, "recall": 0.95, "recall_std": 0.0, "f1": 0.93842, "f1_std": 0.01158, "auc": 0.98125, "auc_std": 0.0076}
{"epoch": 39, "time_epoch": 0.68799, "time_epoch_std": 0.08396, "eta": 60.72109, "eta_std": 2.25057, "eta_hours": 0.01687, "eta_hours_std": 0.00062, "loss": 0.12883, "loss_std": 0.0692, "lr": 0.00067, "lr_std": 0.0, "params": 8313.0, "params_std": 0.0, "time_iter": 0.06254, "time_iter_std": 0.00763, "accuracy": 0.94643, "accuracy_std": 0.03903, "accuracy_max": 0.97619, "precision": 0.93988, "precision_std": 0.05177, "recall": 0.95, "recall_std": 0.03536, "f1": 0.9445, "f1_std": 0.0397, "auc": 0.98978, "auc_std": 0.01072}
{"epoch": 40, "time_epoch": 0.68778, "time_epoch_std": 0.08278, "eta": 59.24249, "eta_std": 2.25267, "eta_hours": 0.01646, "eta_hours_std": 0.00062, "loss": 0.24685, "loss_std": 0.07993, "lr": 0.00065, "lr_std": 0.0, "params": 8313.0, "params_std": 0.0, "time_iter": 0.06253, "time_iter_std": 0.00752, "accuracy": 0.90476, "accuracy_std": 0.04454, "accuracy_max": 0.97619, "precision": 0.89383, "precision_std": 0.06778, "recall": 0.9125, "recall_std": 0.02165, "f1": 0.90239, "f1_std": 0.04423, "auc": 0.96818, "auc_std": 0.01125}
{"epoch": 41, "time_epoch": 0.68508, "time_epoch_std": 0.08342, "eta": 57.79782, "eta_std": 2.25548, "eta_hours": 0.01605, "eta_hours_std": 0.00063, "loss": 0.22074, "loss_std": 0.14366, "lr": 0.00064, "lr_std": 0.0, "params": 8313.0, "params_std": 0.0, "time_iter": 0.06228, "time_iter_std": 0.00759, "accuracy": 0.90476, "accuracy_std": 0.0607, "accuracy_max": 0.97619, "precision": 0.8833, "precision_std": 0.07269, "recall": 0.925, "recall_std": 0.075, "f1": 0.90234, "f1_std": 0.06412, "auc": 0.96818, "auc_std": 0.0336}
{"epoch": 42, "time_epoch": 0.6851, "time_epoch_std": 0.08277, "eta": 56.3885, "eta_std": 2.25501, "eta_hours": 0.01566, "eta_hours_std": 0.00063, "loss": 0.13208, "loss_std": 0.06006, "lr": 0.00062, "lr_std": 0.0, "params": 8313.0, "params_std": 0.0, "time_iter": 0.06228, "time_iter_std": 0.00752, "accuracy": 0.94048, "accuracy_std": 0.03948, "accuracy_max": 1.0, "precision": 0.91932, "precision_std": 0.05842, "recall": 0.9625, "recall_std": 0.02165, "f1": 0.93988, "f1_std": 0.03932, "auc": 0.99204, "auc_std": 0.00521}
{"epoch": 43, "time_epoch": 0.66748, "time_epoch_std": 0.04827, "eta": 54.98968, "eta_std": 2.21841, "eta_hours": 0.01528, "eta_hours_std": 0.00062, "loss": 0.0933, "loss_std": 0.04978, "lr": 0.00061, "lr_std": 0.0, "params": 8313.0, "params_std": 0.0, "time_iter": 0.06068, "time_iter_std": 0.00439, "accuracy": 0.96428, "accuracy_std": 0.03571, "accuracy_max": 1.0, "precision": 0.9631, "precision_std": 0.04129, "recall": 0.9625, "recall_std": 0.04146, "f1": 0.96249, "f1_std": 0.0375, "auc": 0.99318, "auc_std": 0.00835}
{"epoch": 44, "time_epoch": 0.66391, "time_epoch_std": 0.04924, "eta": 53.619, "eta_std": 2.18298, "eta_hours": 0.01489, "eta_hours_std": 0.00061, "loss": 0.13681, "loss_std": 0.05114, "lr": 0.00059, "lr_std": 0.0, "params": 8313.0, "params_std": 0.0, "time_iter": 0.06036, "time_iter_std": 0.00448, "accuracy": 0.93452, "accuracy_std": 0.01974, "accuracy_max": 0.95238, "precision": 0.9498, "precision_std": 0.03383, "recall": 0.9125, "recall_std": 0.04146, "f1": 0.92974, "f1_std": 0.02211, "auc": 0.9892, "auc_std": 0.00956}
{"epoch": 45, "time_epoch": 0.66201, "time_epoch_std": 0.04974, "eta": 52.27681, "eta_std": 2.14994, "eta_hours": 0.01452, "eta_hours_std": 0.0006, "loss": 0.22867, "loss_std": 0.11097, "lr": 0.00058, "lr_std": 0.0, "params": 8313.0, "params_std": 0.0, "time_iter": 0.06018, "time_iter_std": 0.00452, "accuracy": 0.92262, "accuracy_std": 0.04251, "accuracy_max": 0.97619, "precision": 0.9058, "precision_std": 0.05148, "recall": 0.9375, "recall_std": 0.05449, "f1": 0.92028, "f1_std": 0.04368, "auc": 0.96591, "auc_std": 0.02526}
{"epoch": 46, "time_epoch": 0.66936, "time_epoch_std": 0.0453, "eta": 50.97186, "eta_std": 2.11005, "eta_hours": 0.01416, "eta_hours_std": 0.00059, "loss": 0.24643, "loss_std": 0.06122, "lr": 0.00056, "lr_std": 0.0, "params": 8313.0, "params_std": 0.0, "time_iter": 0.06085, "time_iter_std": 0.00412, "accuracy": 0.89881, "accuracy_std": 0.01974, "accuracy_max": 0.92857, "precision": 0.89254, "precision_std": 0.04038, "recall": 0.9, "recall_std": 0.06124, "f1": 0.89394, "f1_std": 0.02269, "auc": 0.96534, "auc_std": 0.01553}
{"epoch": 47, "time_epoch": 0.67909, "time_epoch_std": 0.04379, "eta": 49.70393, "eta_std": 2.06473, "eta_hours": 0.01381, "eta_hours_std": 0.00057, "loss": 0.0786, "loss_std": 0.02846, "lr": 0.00055, "lr_std": 0.0, "params": 8313.0, "params_std": 0.0, "time_iter": 0.06174, "time_iter_std": 0.00398, "accuracy": 0.95833, "accuracy_std": 0.03522, "accuracy_max": 1.0, "precision": 0.93128, "precision_std": 0.05058, "recall": 0.9875, "recall_std": 0.02165, "f1": 0.95819, "f1_std": 0.03514, "auc": 0.99773, "auc_std": 0.00278}
{"epoch": 48, "time_epoch": 0.68312, "time_epoch_std": 0.03961, "eta": 48.46424, "eta_std": 2.01373, "eta_hours": 0.01346, "eta_hours_std": 0.00056, "loss": 0.08174, "loss_std": 0.04685, "lr": 0.00053, "lr_std": 0.0, "params": 8313.0, "params_std": 0.0, "time_iter": 0.0621, "time_iter_std": 0.0036, "accuracy": 0.97619, "accuracy_std": 0.02381, "accuracy_max": 1.0, "precision": 0.96477, "precision_std": 0.03808, "recall": 0.9875, "recall_std": 0.02165, "f1": 0.9756, "f1_std": 0.02442, "auc": 0.99716, "auc_std": 0.00492}
{"epoch": 49, "time_epoch": 0.72244, "time_epoch_std": 0.08005, "eta": 47.28612, "eta_std": 1.94699, "eta_hours": 0.01314, "eta_hours_std": 0.00054, "loss": 0.14096, "loss_std": 0.08133, "lr": 0.00052, "lr_std": 0.0, "params": 8313.0, "params_std": 0.0, "time_iter": 0.06568, "time_iter_std": 0.00728, "accuracy": 0.95833, "accuracy_std": 0.03522, "accuracy_max": 1.0, "precision": 0.9625, "precision_std": 0.04146, "recall": 0.95, "recall_std": 0.03536, "f1": 0.95609, "f1_std": 0.0369, "auc": 0.98523, "auc_std": 0.01164}
{"epoch": 50, "time_epoch": 0.64828, "time_epoch_std": 0.06571, "eta": 46.05462, "eta_std": 1.91917, "eta_hours": 0.0128, "eta_hours_std": 0.00053, "loss": 0.24295, "loss_std": 0.06112, "lr": 0.0005, "lr_std": 0.0, "params": 8313.0, "params_std": 0.0, "time_iter": 0.05894, "time_iter_std": 0.00597, "accuracy": 0.92262, "accuracy_std": 0.01974, "accuracy_max": 0.95238, "precision": 0.93545, "precision_std": 0.02056, "recall": 0.9, "recall_std": 0.03536, "f1": 0.91696, "f1_std": 0.02185, "auc": 0.96477, "auc_std": 0.0133}
{"epoch": 51, "time_epoch": 0.64502, "time_epoch_std": 0.06766, "eta": 44.84254, "eta_std": 1.89292, "eta_hours": 0.01246, "eta_hours_std": 0.00053, "loss": 0.02396, "loss_std": 0.00379, "lr": 0.00048, "lr_std": 0.0, "params": 8313.0, "params_std": 0.0, "time_iter": 0.05864, "time_iter_std": 0.00615, "accuracy": 1.0, "accuracy_std": 0.0, "accuracy_max": 1.0, "precision": 1.0, "precision_std": 0.0, "recall": 1.0, "recall_std": 0.0, "f1": 1.0, "f1_std": 0.0, "auc": 1.0, "auc_std": 0.0}
{"epoch": 52, "time_epoch": 0.67402, "time_epoch_std": 0.04369, "eta": 43.67758, "eta_std": 1.8535, "eta_hours": 0.01213, "eta_hours_std": 0.00051, "loss": 0.12344, "loss_std": 0.04888, "lr": 0.00047, "lr_std": 0.0, "params": 8313.0, "params_std": 0.0, "time_iter": 0.06127, "time_iter_std": 0.00397, "accuracy": 0.94643, "accuracy_std": 0.03093, "accuracy_max": 0.97619, "precision": 0.95119, "precision_std": 0.03538, "recall": 0.9375, "recall_std": 0.06495, "f1": 0.94254, "f1_std": 0.03374, "auc": 0.99204, "auc_std": 0.00691}
{"epoch": 53, "time_epoch": 0.67349, "time_epoch_std": 0.04122, "eta": 42.53035, "eta_std": 1.81294, "eta_hours": 0.01181, "eta_hours_std": 0.00051, "loss": 0.06735, "loss_std": 0.03261, "lr": 0.00045, "lr_std": 0.0, "params": 8313.0, "params_std": 0.0, "time_iter": 0.06122, "time_iter_std": 0.00375, "accuracy": 0.96428, "accuracy_std": 0.02062, "accuracy_max": 1.0, "precision": 0.975, "precision_std": 0.025, "recall": 0.95, "recall_std": 0.03536, "f1": 0.96184, "f1_std": 0.02206, "auc": 0.99772, "auc_std": 0.00228}
{"epoch": 54, "time_epoch": 0.68516, "time_epoch_std": 0.04056, "eta": 41.40989, "eta_std": 1.76818, "eta_hours": 0.0115, "eta_hours_std": 0.00049, "loss": 0.15248, "loss_std": 0.07419, "lr": 0.00044, "lr_std": 0.0, "params": 8313.0, "params_std": 0.0, "time_iter": 0.06229, "time_iter_std": 0.00369, "accuracy": 0.94048, "accuracy_std": 0.03948, "accuracy_max": 0.97619, "precision": 0.92917, "precision_std": 0.05073, "recall": 0.95, "recall_std": 0.06124, "f1": 0.938, "f1_std": 0.04237, "auc": 0.98636, "auc_std": 0.01276}
{"epoch": 55, "time_epoch": 0.6806, "time_epoch_std": 0.03756, "eta": 40.3014, "eta_std": 1.723, "eta_hours": 0.0112, "eta_hours_std": 0.00048, "loss": 0.12735, "loss_std": 0.05509, "lr": 0.00042, "lr_std": 0.0, "params": 8313.0, "params_std": 0.0, "time_iter": 0.06187, "time_iter_std": 0.00342, "accuracy": 0.94643, "accuracy_std": 0.01974, "accuracy_max": 0.97619, "precision": 0.91775, "precision_std": 0.02007, "recall": 0.975, "recall_std": 0.025, "f1": 0.94541, "f1_std": 0.02032, "auc": 0.99091, "auc_std": 0.00909}
{"epoch": 56, "time_epoch": 0.68147, "time_epoch_std": 0.03918, "eta": 39.20857, "eta_std": 1.67916, "eta_hours": 0.01089, "eta_hours_std": 0.00047, "loss": 0.21077, "loss_std": 0.10551, "lr": 0.00041, "lr_std": 0.0, "params": 8313.0, "params_std": 0.0, "time_iter": 0.06195, "time_iter_std": 0.00356, "accuracy": 0.92857, "accuracy_std": 0.03765, "accuracy_max": 0.97619, "precision": 0.9504, "precision_std": 0.05842, "recall": 0.9, "recall_std": 0.03536, "f1": 0.92363, "f1_std": 0.03889, "auc": 0.96818, "auc_std": 0.02221}
{"epoch": 57, "time_epoch": 0.6854, "time_epoch_std": 0.03644, "eta": 38.13278, "eta_std": 1.63434, "eta_hours": 0.01059, "eta_hours_std": 0.00045, "loss": 0.09869, "loss_std": 0.05931, "lr": 0.00039, "lr_std": 0.0, "params": 8313.0, "params_std": 0.0, "time_iter": 0.06231, "time_iter_std": 0.00331, "accuracy": 0.94643, "accuracy_std": 0.03093, "accuracy_max": 0.97619, "precision": 0.9302, "precision_std": 0.05109, "recall": 0.9625, "recall_std": 0.02165, "f1": 0.94539, "f1_std": 0.03061, "auc": 0.99432, "auc_std": 0.00653}
{"epoch": 58, "time_epoch": 0.6811, "time_epoch_std": 0.03941, "eta": 37.06723, "eta_std": 1.59037, "eta_hours": 0.0103, "eta_hours_std": 0.00044, "loss": 0.20217, "loss_std": 0.21743, "lr": 0.00038, "lr_std": 0.0, "params": 8313.0, "params_std": 0.0, "time_iter": 0.06192, "time_iter_std": 0.00358, "accuracy": 0.89881, "accuracy_std": 0.12641, "accuracy_max": 1.0, "precision": 0.88696, "precision_std": 0.12962, "recall": 0.9, "recall_std": 0.14577, "f1": 0.89286, "f1_std": 0.13625, "auc": 0.9608, "auc_std": 0.05671}
{"epoch": 59, "time_epoch": 0.68714, "time_epoch_std": 0.04133, "eta": 36.01853, "eta_std": 1.54806, "eta_hours": 0.01, "eta_hours_std": 0.00043, "loss": 0.10112, "loss_std": 0.0742, "lr": 0.00036, "lr_std": 0.0, "params": 8313.0, "params_std": 0.0, "time_iter": 0.06247, "time_iter_std": 0.00376, "accuracy": 0.95833, "accuracy_std": 0.03522, "accuracy_max": 1.0, "precision": 0.95148, "precision_std": 0.03241, "recall": 0.9625, "recall_std": 0.06495, "f1": 0.95568, "f1_std": 0.03901, "auc": 0.99204, "auc_std": 0.0093}
{"epoch": 60, "time_epoch": 0.69064, "time_epoch_std": 0.03708, "eta": 34.98391, "eta_std": 1.50184, "eta_hours": 0.00972, "eta_hours_std": 0.00042, "loss": 0.24193, "loss_std": 0.1084, "lr": 0.00035, "lr_std": 0.0, "params": 8313.0, "params_std": 0.0, "time_iter": 0.06278, "time_iter_std": 0.00337, "accuracy": 0.8869, "accuracy_std": 0.07964, "accuracy_max": 0.97619, "precision": 0.88367, "precision_std": 0.07193, "recall": 0.875, "recall_std": 0.10897, "f1": 0.8784, "f1_std": 0.08872, "auc": 0.95966, "auc_std": 0.03204}
{"epoch": 61, "time_epoch": 0.68181, "time_epoch_std": 0.0435, "eta": 33.95499, "eta_std": 1.46206, "eta_hours": 0.00943, "eta_hours_std": 0.00041, "loss": 0.09863, "loss_std": 0.09063, "lr": 0.00033, "lr_std": 0.0, "params": 8313.0, "params_std": 0.0, "time_iter": 0.06198, "time_iter_std": 0.00396, "accuracy": 0.95833, "accuracy_std": 0.04572, "accuracy_max": 1.0, "precision": 0.96178, "precision_std": 0.04331, "recall": 0.95, "recall_std": 0.06124, "f1": 0.95544, "f1_std": 0.04937, "auc": 0.99148, "auc_std": 0.01228}
{"epoch": 62, "time_epoch": 0.68614, "time_epoch_std": 0.03863, "eta": 32.93962, "eta_std": 1.41978, "eta_hours": 0.00915, "eta_hours_std": 0.00039, "loss": 0.23172, "loss_std": 0.13746, "lr": 0.00032, "lr_std": 0.0, "params": 8313.0, "params_std": 0.0, "time_iter": 0.06238, "time_iter_std": 0.00351, "accuracy": 0.89881, "accuracy_std": 0.07217, "accuracy_max": 1.0, "precision": 0.9189, "precision_std": 0.06009, "recall": 0.8625, "recall_std": 0.11388, "f1": 0.88741, "f1_std": 0.08177, "auc": 0.96648, "auc_std": 0.02926}
{"epoch": 63, "time_epoch": 0.68055, "time_epoch_std": 0.03852, "eta": 31.9314, "eta_std": 1.37782, "eta_hours": 0.00887, "eta_hours_std": 0.00038, "loss": 0.12485, "loss_std": 0.01247, "lr": 0.0003, "lr_std": 0.0, "params": 8313.0, "params_std": 0.0, "time_iter": 0.06187, "time_iter_std": 0.0035, "accuracy": 0.94643, "accuracy_std": 0.01031, "accuracy_max": 0.95238, "precision": 0.94239, "precision_std": 0.04674, "recall": 0.95, "recall_std": 0.03536, "f1": 0.9444, "f1_std": 0.00825, "auc": 0.99318, "auc_std": 0.00425}
{"epoch": 64, "time_epoch": 0.67044, "time_epoch_std": 0.02563, "eta": 30.92782, "eta_std": 1.32554, "eta_hours": 0.00859, "eta_hours_std": 0.00037, "loss": 0.08353, "loss_std": 0.05044, "lr": 0.00029, "lr_std": 0.0, "params": 8313.0, "params_std": 0.0, "time_iter": 0.06095, "time_iter_std": 0.00233, "accuracy": 0.96428, "accuracy_std": 0.02062, "accuracy_max": 0.97619, "precision": 0.96428, "precision_std": 0.02062, "recall": 0.9625, "recall_std": 0.06495, "f1": 0.96144, "f1_std": 0.02455, "auc": 0.99489, "auc_std": 0.0076}
{"epoch": 65, "time_epoch": 0.68578, "time_epoch_std": 0.03661, "eta": 29.94223, "eta_std": 1.28323, "eta_hours": 0.00832, "eta_hours_std": 0.00036, "loss": 0.12635, "loss_std": 0.08583, "lr": 0.00027, "lr_std": 0.0, "params": 8313.0, "params_std": 0.0, "time_iter": 0.06234, "time_iter_std": 0.00333, "accuracy": 0.95238, "accuracy_std": 0.03765, "accuracy_max": 1.0, "precision": 0.93928, "precision_std": 0.0406, "recall": 0.9625, "recall_std": 0.04146, "f1": 0.95061, "f1_std": 0.03934, "auc": 0.98523, "auc_std": 0.01546}
{"epoch": 66, "time_epoch": 0.68588, "time_epoch_std": 0.04099, "eta": 28.96564, "eta_std": 1.24479, "eta_hours": 0.00805, "eta_hours_std": 0.00035, "loss": 0.1869, "loss_std": 0.09151, "lr": 0.00026, "lr_std": 0.0, "params": 8313.0, "params_std": 0.0, "time_iter": 0.06235, "time_iter_std": 0.00373, "accuracy": 0.92857, "accuracy_std": 0.02381, "accuracy_max": 0.95238, "precision": 0.95972, "precision_std": 0.02337, "recall": 0.8875, "recall_std": 0.04146, "f1": 0.92171, "f1_std": 0.02699, "auc": 0.98239, "auc_std": 0.01528}
{"epoch": 67, "time_epoch": 0.68047, "time_epoch_std": 0.03958, "eta": 27.99506, "eta_std": 1.2051, "eta_hours": 0.00778, "eta_hours_std": 0.00033, "loss": 0.1326, "loss_std": 0.05713, "lr": 0.00025, "lr_std": 0.0, "params": 8313.0, "params_std": 0.0, "time_iter": 0.06186, "time_iter_std": 0.0036, "accuracy": 0.93452, "accuracy_std": 0.02595, "accuracy_max": 0.97619, "precision": 0.93202, "precision_std": 0.06089, "recall": 0.9375, "recall_std": 0.04146, "f1": 0.9324, "f1_std": 0.02489, "auc": 0.98864, "auc_std": 0.01181}
{"epoch": 68, "time_epoch": 0.69527, "time_epoch_std": 0.03377, "eta": 27.03953, "eta_std": 1.16111, "eta_hours": 0.00751, "eta_hours_std": 0.00032, "loss": 0.15091, "loss_std": 0.13604, "lr": 0.00023, "lr_std": 0.0, "params": 8313.0, "params_std": 0.0, "time_iter": 0.0632, "time_iter_std": 0.00307, "accuracy": 0.95833, "accuracy_std": 0.03522, "accuracy_max": 1.0, "precision": 0.98611, "precision_std": 0.02406, "recall": 0.925, "recall_std": 0.0559, "f1": 0.95412, "f1_std": 0.03901, "auc": 0.98466, "auc_std": 0.01951}
{"epoch": 69, "time_epoch": 0.69639, "time_epoch_std": 0.02553, "eta": 26.09192, "eta_std": 1.11189, "eta_hours": 0.00725, "eta_hours_std": 0.00031, "loss": 0.10331, "loss_std": 0.04367, "lr": 0.00022, "lr_std": 0.0, "params": 8313.0, "params_std": 0.0, "time_iter": 0.06331, "time_iter_std": 0.00232, "accuracy": 0.96428, "accuracy_std": 0.0119, "accuracy_max": 0.97619, "precision": 0.96369, "precision_std": 0.02099, "recall": 0.9625, "recall_std": 0.04146, "f1": 0.96215, "f1_std": 0.01349, "auc": 0.99659, "auc_std": 0.00341}
{"epoch": 70, "time_epoch": 0.69902, "time_epoch_std": 0.02688, "eta": 25.15247, "eta_std": 1.0645, "eta_hours": 0.00699, "eta_hours_std": 0.0003, "loss": 0.0468, "loss_std": 0.02535, "lr": 0.00021, "lr_std": 0.0, "params": 8313.0, "params_std": 0.0, "time_iter": 0.06355, "time_iter_std": 0.00245, "accuracy": 0.98214, "accuracy_std": 0.01974, "accuracy_max": 1.0, "precision": 0.9881, "precision_std": 0.02062, "recall": 0.975, "recall_std": 0.0433, "f1": 0.98074, "f1_std": 0.02169, "auc": 1.0, "auc_std": 0.0}
{"epoch": 71, "time_epoch": 0.70462, "time_epoch_std": 0.03487, "eta": 24.22187, "eta_std": 1.02173, "eta_hours": 0.00673, "eta_hours_std": 0.00029, "loss": 0.14511, "loss_std": 0.0675, "lr": 0.00019, "lr_std": 0.0, "params": 8313.0, "params_std": 0.0, "time_iter": 0.06406, "time_iter_std": 0.00317, "accuracy": 0.95238, "accuracy_std": 0.02916, "accuracy_max": 1.0, "precision": 0.98684, "precision_std": 0.02279, "recall": 0.9125, "recall_std": 0.05449, "f1": 0.94734, "f1_std": 0.03229, "auc": 0.99034, "auc_std": 0.00856}
{"epoch": 72, "time_epoch": 0.70708, "time_epoch_std": 0.03753, "eta": 23.29837, "eta_std": 0.98058, "eta_hours": 0.00647, "eta_hours_std": 0.00027, "loss": 0.07033, "loss_std": 0.06444, "lr": 0.00018, "lr_std": 0.0, "params": 8313.0, "params_std": 0.0, "time_iter": 0.06428, "time_iter_std": 0.00341, "accuracy": 0.97619, "accuracy_std": 0.02916, "accuracy_max": 1.0, "precision": 0.97494, "precision_std": 0.02513, "recall": 0.975, "recall_std": 0.0433, "f1": 0.97467, "f1_std": 0.03141, "auc": 0.99489, "auc_std": 0.00886}
{"epoch": 73, "time_epoch": 0.70526, "time_epoch_std": 0.02974, "eta": 22.38008, "eta_std": 0.93682, "eta_hours": 0.00622, "eta_hours_std": 0.00026, "loss": 0.223, "loss_std": 0.09206, "lr": 0.00017, "lr_std": 0.0, "params": 8313.0, "params_std": 0.0, "time_iter": 0.06412, "time_iter_std": 0.0027, "accuracy": 0.89881, "accuracy_std": 0.05423, "accuracy_max": 0.95238, "precision": 0.92083, "precision_std": 0.02002, "recall": 0.8625, "recall_std": 0.12437, "f1": 0.88538, "f1_std": 0.07188, "auc": 0.97557, "auc_std": 0.01485}
{"epoch": 74, "time_epoch": 0.71816, "time_epoch_std": 0.04743, "eta": 21.47177, "eta_std": 0.90049, "eta_hours": 0.00597, "eta_hours_std": 0.00025, "loss": 0.18021, "loss_std": 0.13287, "lr": 0.00016, "lr_std": 0.0, "params": 8313.0, "params_std": 0.0, "time_iter": 0.06529, "time_iter_std": 0.00431, "accuracy": 0.92857, "accuracy_std": 0.0607, "accuracy_max": 1.0, "precision": 0.92464, "precision_std": 0.05755, "recall": 0.925, "recall_std": 0.08292, "f1": 0.92399, "f1_std": 0.06575, "auc": 0.97614, "auc_std": 0.0244}
{"epoch": 75, "time_epoch": 0.69996, "time_epoch_std": 0.02811, "eta": 20.56272, "eta_std": 0.8567, "eta_hours": 0.00571, "eta_hours_std": 0.00024, "loss": 0.10096, "loss_std": 0.07915, "lr": 0.00015, "lr_std": 0.0, "params": 8313.0, "params_std": 0.0, "time_iter": 0.06364, "time_iter_std": 0.00255, "accuracy": 0.95238, "accuracy_std": 0.03367, "accuracy_max": 1.0, "precision": 0.92954, "precision_std": 0.04085, "recall": 0.975, "recall_std": 0.0433, "f1": 0.95119, "f1_std": 0.03538, "auc": 0.99204, "auc_std": 0.01378}
{"epoch": 76, "time_epoch": 0.72838, "time_epoch_std": 0.07024, "eta": 19.66758, "eta_std": 0.82701, "eta_hours": 0.00546, "eta_hours_std": 0.00023, "loss": 0.09033, "loss_std": 0.0322, "lr": 0.00014, "lr_std": 0.0, "params": 8313.0, "params_std": 0.0, "time_iter": 0.06622, "time_iter_std": 0.00638, "accuracy": 0.96428, "accuracy_std": 0.0119, "accuracy_max": 0.97619, "precision": 0.9875, "precision_std": 0.02165, "recall": 0.9375, "recall_std": 0.02165, "f1": 0.96152, "f1_std": 0.01287, "auc": 0.99659, "auc_std": 0.00341}
{"epoch": 77, "time_epoch": 0.68888, "time_epoch_std": 0.0212, "eta": 18.76559, "eta_std": 0.77732, "eta_hours": 0.00521, "eta_hours_std": 0.00021, "loss": 0.1262, "loss_std": 0.06797, "lr": 0.00012, "lr_std": 0.0, "params": 8313.0, "params_std": 0.0, "time_iter": 0.06262, "time_iter_std": 0.00193, "accuracy": 0.94643, "accuracy_std": 0.05423, "accuracy_max": 1.0, "precision": 0.94792, "precision_std": 0.09021, "recall": 0.95, "recall_std": 0.03536, "f1": 0.94634, "f1_std": 0.05125, "auc": 0.99148, "auc_std": 0.00856}
{"epoch": 78, "time_epoch": 0.68282, "time_epoch_std": 0.01789, "eta": 17.86737, "eta_std": 0.72979, "eta_hours": 0.00496, "eta_hours_std": 0.0002, "loss": 0.12987, "loss_std": 0.08396, "lr": 0.00011, "lr_std": 0.0, "params": 8313.0, "params_std": 0.0, "time_iter": 0.06208, "time_iter_std": 0.00162, "accuracy": 0.95238, "accuracy_std": 0.03367, "accuracy_max": 1.0, "precision": 0.95227, "precision_std": 0.04784, "recall": 0.95, "recall_std": 0.05, "f1": 0.94994, "f1_std": 0.0354, "auc": 0.98864, "auc_std": 0.01839}
{"epoch": 79, "time_epoch": 0.68986, "time_epoch_std": 0.0203, "eta": 16.9763, "eta_std": 0.68751, "eta_hours": 0.00472, "eta_hours_std": 0.00019, "loss": 0.1177, "loss_std": 0.04546, "lr": 0.0001, "lr_std": 0.0, "params": 8313.0, "params_std": 0.0, "time_iter": 0.06271, "time_iter_std": 0.00185, "accuracy": 0.96428, "accuracy_std": 0.02062, "accuracy_max": 0.97619, "precision": 0.96428, "precision_std": 0.03948, "recall": 0.9625, "recall_std": 0.02165, "f1": 0.96279, "f1_std": 0.02077, "auc": 0.99318, "auc_std": 0.00682}
{"epoch": 80, "time_epoch": 0.70178, "time_epoch_std": 0.02544, "eta": 16.09299, "eta_std": 0.64824, "eta_hours": 0.00447, "eta_hours_std": 0.00018, "loss": 0.10568, "loss_std": 0.07362, "lr": 0.0001, "lr_std": 0.0, "params": 8313.0, "params_std": 0.0, "time_iter": 0.0638, "time_iter_std": 0.00231, "accuracy": 0.95238, "accuracy_std": 0.03765, "accuracy_max": 1.0, "precision": 0.9623, "precision_std": 0.04023, "recall": 0.9375, "recall_std": 0.05449, "f1": 0.94898, "f1_std": 0.04086, "auc": 0.99375, "auc_std": 0.0067}
{"epoch": 81, "time_epoch": 0.70327, "time_epoch_std": 0.02766, "eta": 15.21444, "eta_std": 0.61049, "eta_hours": 0.00423, "eta_hours_std": 0.00017, "loss": 0.19274, "loss_std": 0.14518, "lr": 9e-05, "lr_std": 0.0, "params": 8313.0, "params_std": 0.0, "time_iter": 0.06393, "time_iter_std": 0.00251, "accuracy": 0.91666, "accuracy_std": 0.07242, "accuracy_max": 1.0, "precision": 0.94365, "precision_std": 0.03986, "recall": 0.875, "recall_std": 0.1299, "f1": 0.90443, "f1_std": 0.08513, "auc": 0.975, "auc_std": 0.024}
{"epoch": 82, "time_epoch": 0.69794, "time_epoch_std": 0.02738, "eta": 14.33903, "eta_std": 0.57226, "eta_hours": 0.00398, "eta_hours_std": 0.00016, "loss": 0.06472, "loss_std": 0.03791, "lr": 8e-05, "lr_std": 0.0, "params": 8313.0, "params_std": 0.0, "time_iter": 0.06345, "time_iter_std": 0.00249, "accuracy": 0.97619, "accuracy_std": 0.01684, "accuracy_max": 1.0, "precision": 0.95346, "precision_std": 0.03216, "recall": 1.0, "recall_std": 0.0, "f1": 0.9759, "f1_std": 0.01684, "auc": 0.99772, "auc_std": 0.00228}
{"epoch": 83, "time_epoch": 0.70059, "time_epoch_std": 0.02863, "eta": 13.46834, "eta_std": 0.53507, "eta_hours": 0.00374, "eta_hours_std": 0.00015, "loss": 0.10539, "loss_std": 0.08945, "lr": 7e-05, "lr_std": 0.0, "params": 8313.0, "params_std": 0.0, "time_iter": 0.06369, "time_iter_std": 0.0026, "accuracy": 0.95238, "accuracy_std": 0.04762, "accuracy_max": 1.0, "precision": 0.97222, "precision_std": 0.02778, "recall": 0.925, "recall_std": 0.075, "f1": 0.94737, "f1_std": 0.05263, "auc": 0.99262, "auc_std": 0.00777}
{"epoch": 84, "time_epoch": 0.70093, "time_epoch_std": 0.02704, "eta": 12.60171, "eta_std": 0.49851, "eta_hours": 0.0035, "eta_hours_std": 0.00014, "loss": 0.12026, "loss_std": 0.07537, "lr": 6e-05, "lr_std": 0.0, "params": 8313.0, "params_std": 0.0, "time_iter": 0.06372, "time_iter_std": 0.00246, "accuracy": 0.94643, "accuracy_std": 0.03522, "accuracy_max": 1.0, "precision": 0.95227, "precision_std": 0.04784, "recall": 0.9375, "recall_std": 0.06495, "f1": 0.94282, "f1_std": 0.03797, "auc": 0.99034, "auc_std": 0.00969}
{"epoch": 85, "time_epoch": 0.70058, "time_epoch_std": 0.02649, "eta": 11.73888, "eta_std": 0.46221, "eta_hours": 0.00326, "eta_hours_std": 0.00013, "loss": 0.07668, "loss_std": 0.08643, "lr": 5e-05, "lr_std": 0.0, "params": 8313.0, "params_std": 0.0, "time_iter": 0.06369, "time_iter_std": 0.00241, "accuracy": 0.96428, "accuracy_std": 0.04909, "accuracy_max": 1.0, "precision": 0.95238, "precision_std": 0.05832, "recall": 0.975, "recall_std": 0.0433, "f1": 0.96342, "f1_std": 0.05028, "auc": 0.99489, "auc_std": 0.00886}
{"epoch": 86, "time_epoch": 0.70345, "time_epoch_std": 0.0233, "eta": 10.88021, "eta_std": 0.42661, "eta_hours": 0.00302, "eta_hours_std": 0.00012, "loss": 0.06281, "loss_std": 0.03454, "lr": 5e-05, "lr_std": 0.0, "params": 8313.0, "params_std": 0.0, "time_iter": 0.06395, "time_iter_std": 0.00212, "accuracy": 0.98214, "accuracy_std": 0.01031, "accuracy_max": 1.0, "precision": 0.97619, "precision_std": 0.02381, "recall": 0.9875, "recall_std": 0.02165, "f1": 0.9814, "f1_std": 0.01075, "auc": 0.99716, "auc_std": 0.00492}
{"epoch": 87, "time_epoch": 0.69657, "time_epoch_std": 0.02739, "eta": 10.02413, "eta_std": 0.39148, "eta_hours": 0.00278, "eta_hours_std": 0.00011, "loss": 0.09084, "loss_std": 0.04956, "lr": 4e-05, "lr_std": 0.0, "params": 8313.0, "params_std": 0.0, "time_iter": 0.06332, "time_iter_std": 0.00249, "accuracy": 0.97024, "accuracy_std": 0.02595, "accuracy_max": 1.0, "precision": 0.97619, "precision_std": 0.04124, "recall": 0.9625, "recall_std": 0.02165, "f1": 0.96889, "f1_std": 0.02644, "auc": 0.99488, "auc_std": 0.00518}
{"epoch": 88, "time_epoch": 0.69331, "time_epoch_std": 0.02665, "eta": 9.17124, "eta_std": 0.35691, "eta_hours": 0.00255, "eta_hours_std": 0.0001, "loss": 0.11171, "loss_std": 0.06818, "lr": 4e-05, "lr_std": 0.0, "params": 8313.0, "params_std": 0.0, "time_iter": 0.06303, "time_iter_std": 0.00242, "accuracy": 0.93452, "accuracy_std": 0.03903, "accuracy_max": 1.0, "precision": 0.9285, "precision_std": 0.04912, "recall": 0.9375, "recall_std": 0.06495, "f1": 0.93124, "f1_std": 0.04194, "auc": 0.99204, "auc_std": 0.00812}
{"epoch": 89, "time_epoch": 0.69676, "time_epoch_std": 0.02623, "eta": 8.32226, "eta_std": 0.32289, "eta_hours": 0.00231, "eta_hours_std": 9e-05, "loss": 0.06387, "loss_std": 0.0421, "lr": 3e-05, "lr_std": 0.0, "params": 8313.0, "params_std": 0.0, "time_iter": 0.06334, "time_iter_std": 0.00238, "accuracy": 0.97024, "accuracy_std": 0.02595, "accuracy_max": 1.0, "precision": 0.95238, "precision_std": 0.03367, "recall": 0.9875, "recall_std": 0.02165, "f1": 0.96951, "f1_std": 0.02658, "auc": 0.99716, "auc_std": 0.00373}
{"epoch": 90, "time_epoch": 0.69581, "time_epoch_std": 0.02586, "eta": 7.47655, "eta_std": 0.28901, "eta_hours": 0.00208, "eta_hours_std": 8e-05, "loss": 0.09224, "loss_std": 0.09586, "lr": 2e-05, "lr_std": 0.0, "params": 8313.0, "params_std": 0.0, "time_iter": 0.06326, "time_iter_std": 0.00235, "accuracy": 0.95238, "accuracy_std": 0.05584, "accuracy_max": 1.0, "precision": 0.93869, "precision_std": 0.05477, "recall": 0.9625, "recall_std": 0.06495, "f1": 0.9503, "f1_std": 0.05876, "auc": 0.98977, "auc_std": 0.01771}
{"epoch": 91, "time_epoch": 0.69728, "time_epoch_std": 0.02775, "eta": 6.63422, "eta_std": 0.25567, "eta_hours": 0.00184, "eta_hours_std": 7e-05, "loss": 0.11299, "loss_std": 0.08148, "lr": 2e-05, "lr_std": 0.0, "params": 8313.0, "params_std": 0.0, "time_iter": 0.06339, "time_iter_std": 0.00252, "accuracy": 0.95833, "accuracy_std": 0.03093, "accuracy_max": 1.0, "precision": 0.95113, "precision_std": 0.03374, "recall": 0.9625, "recall_std": 0.04146, "f1": 0.95638, "f1_std": 0.03261, "auc": 0.9875, "auc_std": 0.01486}
{"epoch": 92, "time_epoch": 0.6933, "time_epoch_std": 0.02537, "eta": 5.7947, "eta_std": 0.22253, "eta_hours": 0.00161, "eta_hours_std": 6e-05, "loss": 0.17009, "loss_std": 0.0786, "lr": 2e-05, "lr_std": 0.0, "params": 8313.0, "params_std": 0.0, "time_iter": 0.06303, "time_iter_std": 0.0023, "accuracy": 0.92262, "accuracy_std": 0.04872, "accuracy_max": 1.0, "precision": 0.94958, "precision_std": 0.05852, "recall": 0.8875, "recall_std": 0.07395, "f1": 0.91546, "f1_std": 0.05272, "auc": 0.98068, "auc_std": 0.01424}
{"epoch": 93, "time_epoch": 0.69852, "time_epoch_std": 0.03043, "eta": 4.95864, "eta_std": 0.19, "eta_hours": 0.00138, "eta_hours_std": 5e-05, "loss": 0.04625, "loss_std": 0.04515, "lr": 1e-05, "lr_std": 0.0, "params": 8313.0, "params_std": 0.0, "time_iter": 0.0635, "time_iter_std": 0.00277, "accuracy": 0.97619, "accuracy_std": 0.02916, "accuracy_max": 1.0, "precision": 0.9881, "precision_std": 0.02062, "recall": 0.9625, "recall_std": 0.06495, "f1": 0.97363, "f1_std": 0.03312, "auc": 0.99886, "auc_std": 0.00197}
{"epoch": 94, "time_epoch": 0.69672, "time_epoch_std": 0.02718, "eta": 4.12537, "eta_std": 0.15765, "eta_hours": 0.00114, "eta_hours_std": 4e-05, "loss": 0.14326, "loss_std": 0.11292, "lr": 1e-05, "lr_std": 0.0, "params": 8313.0, "params_std": 0.0, "time_iter": 0.06334, "time_iter_std": 0.00247, "accuracy": 0.95833, "accuracy_std": 0.03522, "accuracy_max": 1.0, "precision": 0.98611, "precision_std": 0.02406, "recall": 0.925, "recall_std": 0.0559, "f1": 0.95412, "f1_std": 0.03901, "auc": 0.99034, "auc_std": 0.01544}
{"epoch": 95, "time_epoch": 0.70366, "time_epoch_std": 0.0291, "eta": 3.29524, "eta_std": 0.12558, "eta_hours": 0.00092, "eta_hours_std": 3e-05, "loss": 0.07871, "loss_std": 0.08339, "lr": 1e-05, "lr_std": 0.0, "params": 8313.0, "params_std": 0.0, "time_iter": 0.06397, "time_iter_std": 0.00265, "accuracy": 0.97024, "accuracy_std": 0.03903, "accuracy_max": 1.0, "precision": 0.9631, "precision_std": 0.04129, "recall": 0.975, "recall_std": 0.0433, "f1": 0.9689, "f1_std": 0.04101, "auc": 0.99261, "auc_std": 0.0128}
{"epoch": 96, "time_epoch": 0.70106, "time_epoch_std": 0.02473, "eta": 2.46763, "eta_std": 0.09379, "eta_hours": 0.00069, "eta_hours_std": 3e-05, "loss": 0.10073, "loss_std": 0.04476, "lr": 0.0, "lr_std": 0.0, "params": 8313.0, "params_std": 0.0, "time_iter": 0.06373, "time_iter_std": 0.00225, "accuracy": 0.95238, "accuracy_std": 0.01684, "accuracy_max": 0.97619, "precision": 0.93971, "precision_std": 0.01777, "recall": 0.9625, "recall_std": 0.04146, "f1": 0.95027, "f1_std": 0.01861, "auc": 0.99602, "auc_std": 0.00336}
{"epoch": 97, "time_epoch": 0.6962, "time_epoch_std": 0.02956, "eta": 1.64251, "eta_std": 0.06231, "eta_hours": 0.00046, "eta_hours_std": 2e-05, "loss": 0.15029, "loss_std": 0.03837, "lr": 0.0, "lr_std": 0.0, "params": 8313.0, "params_std": 0.0, "time_iter": 0.06329, "time_iter_std": 0.00269, "accuracy": 0.92857, "accuracy_std": 0.01684, "accuracy_max": 0.95238, "precision": 0.90949, "precision_std": 0.05457, "recall": 0.95, "recall_std": 0.03536, "f1": 0.9273, "f1_std": 0.01516, "auc": 0.99148, "auc_std": 0.00588}
{"epoch": 98, "time_epoch": 0.69856, "time_epoch_std": 0.02592, "eta": 0.82002, "eta_std": 0.03102, "eta_hours": 0.00023, "eta_hours_std": 1e-05, "loss": 0.1427, "loss_std": 0.07657, "lr": 0.0, "lr_std": 0.0, "params": 8313.0, "params_std": 0.0, "time_iter": 0.0635, "time_iter_std": 0.00236, "accuracy": 0.94643, "accuracy_std": 0.02595, "accuracy_max": 0.97619, "precision": 0.95, "precision_std": 0.03536, "recall": 0.9375, "recall_std": 0.02165, "f1": 0.94359, "f1_std": 0.02706, "auc": 0.9875, "auc_std": 0.01164}
{"epoch": 99, "time_epoch": 0.69408, "time_epoch_std": 0.02738, "eta": 0.0, "eta_std": 0.0, "eta_hours": 0.0, "eta_hours_std": 0.0, "loss": 0.0859, "loss_std": 0.08817, "lr": 0.0, "lr_std": 0.0, "params": 8313.0, "params_std": 0.0, "time_iter": 0.0631, "time_iter_std": 0.00249, "accuracy": 0.96428, "accuracy_std": 0.03948, "accuracy_max": 1.0, "precision": 0.95227, "precision_std": 0.04784, "recall": 0.975, "recall_std": 0.0433, "f1": 0.9631, "f1_std": 0.04129, "auc": 0.99148, "auc_std": 0.01348}
