{"epoch": 0, "time_epoch": 19.06511, "eta": 1887.44638, "eta_hours": 0.52429, "loss": 0.65461504, "lr": 0.001, "params": 6215, "time_iter": 0.13716, "accuracy": 0.64928, "precision": 0.66667, "recall": 0.21101, "f1": 0.32056, "auc": 0.65725}
{"epoch": 1, "time_epoch": 6.13337, "eta": 1234.72558, "eta_hours": 0.34298, "loss": 0.61196767, "lr": 0.00099975, "params": 6215, "time_iter": 0.04412, "accuracy": 0.67806, "precision": 0.62745, "recall": 0.44037, "f1": 0.51752, "auc": 0.70604}
{"epoch": 2, "time_epoch": 6.17101, "eta": 1014.28034, "eta_hours": 0.28174, "loss": 0.58475859, "lr": 0.00099901, "params": 6215, "time_iter": 0.0444, "accuracy": 0.70863, "precision": 0.68421, "recall": 0.47706, "f1": 0.56216, "auc": 0.74445}
{"epoch": 3, "time_epoch": 6.10582, "eta": 899.40749, "eta_hours": 0.24984, "loss": 0.58443995, "lr": 0.00099778, "params": 6215, "time_iter": 0.04393, "accuracy": 0.72662, "precision": 0.7037, "recall": 0.52294, "f1": 0.6, "auc": 0.75965}
{"epoch": 4, "time_epoch": 6.16536, "eta": 829.17276, "eta_hours": 0.23033, "loss": 0.56553712, "lr": 0.00099606, "params": 6215, "time_iter": 0.04436, "accuracy": 0.71763, "precision": 0.69677, "recall": 0.49541, "f1": 0.57909, "auc": 0.74981}
{"epoch": 5, "time_epoch": 6.15794, "eta": 780.17828, "eta_hours": 0.21672, "loss": 0.57217789, "lr": 0.00099384, "params": 6215, "time_iter": 0.0443, "accuracy": 0.71223, "precision": 0.70423, "recall": 0.45872, "f1": 0.55556, "auc": 0.76143}
{"epoch": 6, "time_epoch": 6.14096, "eta": 743.19717, "eta_hours": 0.20644, "loss": 0.58876637, "lr": 0.00099114, "params": 6215, "time_iter": 0.04418, "accuracy": 0.70144, "precision": 0.65116, "recall": 0.51376, "f1": 0.57436, "auc": 0.74845}
{"epoch": 7, "time_epoch": 6.12227, "eta": 713.71121, "eta_hours": 0.19825, "loss": 0.59952513, "lr": 0.00098796, "params": 6215, "time_iter": 0.04405, "accuracy": 0.72842, "precision": 0.70552, "recall": 0.52752, "f1": 0.60367, "auc": 0.73772}
{"epoch": 8, "time_epoch": 6.15478, "eta": 689.74586, "eta_hours": 0.1916, "loss": 0.58512092, "lr": 0.00098429, "params": 6215, "time_iter": 0.04428, "accuracy": 0.7464, "precision": 0.76923, "recall": 0.50459, "f1": 0.60942, "auc": 0.76945}
{"epoch": 9, "time_epoch": 6.1875, "eta": 669.63715, "eta_hours": 0.18601, "loss": 0.56856391, "lr": 0.00098015, "params": 6215, "time_iter": 0.04451, "accuracy": 0.73201, "precision": 0.74126, "recall": 0.48624, "f1": 0.58726, "auc": 0.76325}
{"epoch": 10, "time_epoch": 6.17115, "eta": 651.92725, "eta_hours": 0.18109, "loss": 0.57427383, "lr": 0.00097553, "params": 6215, "time_iter": 0.0444, "accuracy": 0.74101, "precision": 0.74342, "recall": 0.51835, "f1": 0.61081, "auc": 0.76584}
{"epoch": 11, "time_epoch": 6.16352, "eta": 636.0845, "eta_hours": 0.17669, "loss": 0.5563676, "lr": 0.00097044, "params": 6215, "time_iter": 0.04434, "accuracy": 0.75719, "precision": 0.75152, "recall": 0.56881, "f1": 0.64752, "auc": 0.78265}
{"epoch": 12, "time_epoch": 6.18119, "eta": 621.84914, "eta_hours": 0.17274, "loss": 0.56277267, "lr": 0.00096489, "params": 6215, "time_iter": 0.04447, "accuracy": 0.74281, "precision": 0.73585, "recall": 0.5367, "f1": 0.62069, "auc": 0.76729}
{"epoch": 13, "time_epoch": 6.13847, "eta": 608.50192, "eta_hours": 0.16903, "loss": 0.58237951, "lr": 0.00095888, "params": 6215, "time_iter": 0.04416, "accuracy": 0.73201, "precision": 0.71698, "recall": 0.52294, "f1": 0.60477, "auc": 0.78191}
{"epoch": 14, "time_epoch": 6.1715, "eta": 596.30308, "eta_hours": 0.16564, "loss": 0.54485674, "lr": 0.00095241, "params": 6215, "time_iter": 0.0444, "accuracy": 0.7554, "precision": 0.75625, "recall": 0.55505, "f1": 0.64021, "auc": 0.77611}
{"epoch": 15, "time_epoch": 6.16959, "eta": 584.84759, "eta_hours": 0.16246, "loss": 0.52700467, "lr": 0.0009455, "params": 6215, "time_iter": 0.04439, "accuracy": 0.76799, "precision": 0.75141, "recall": 0.61009, "f1": 0.67342, "auc": 0.81262}
{"epoch": 16, "time_epoch": 6.20426, "eta": 574.18326, "eta_hours": 0.1595, "loss": 0.55295797, "lr": 0.00093815, "params": 6215, "time_iter": 0.04463, "accuracy": 0.7446, "precision": 0.74359, "recall": 0.53211, "f1": 0.62032, "auc": 0.79503}
{"epoch": 17, "time_epoch": 6.12541, "eta": 563.65529, "eta_hours": 0.15657, "loss": 0.54627111, "lr": 0.00093037, "params": 6215, "time_iter": 0.04407, "accuracy": 0.7536, "precision": 0.74545, "recall": 0.56422, "f1": 0.6423, "auc": 0.78582}
{"epoch": 18, "time_epoch": 6.16075, "eta": 553.74141, "eta_hours": 0.15382, "loss": 0.57972757, "lr": 0.00092216, "params": 6215, "time_iter": 0.04432, "accuracy": 0.74101, "precision": 0.73418, "recall": 0.53211, "f1": 0.61702, "auc": 0.76224}
{"epoch": 19, "time_epoch": 6.13201, "eta": 544.08788, "eta_hours": 0.15114, "loss": 0.55340823, "lr": 0.00091354, "params": 6215, "time_iter": 0.04412, "accuracy": 0.7482, "precision": 0.75, "recall": 0.5367, "f1": 0.62567, "auc": 0.78644}
{"epoch": 20, "time_epoch": 6.17445, "eta": 534.92938, "eta_hours": 0.14859, "loss": 0.56560251, "lr": 0.00090451, "params": 6215, "time_iter": 0.04442, "accuracy": 0.75, "precision": 0.78417, "recall": 0.5, "f1": 0.61064, "auc": 0.77911}
{"epoch": 21, "time_epoch": 6.1537, "eta": 525.96862, "eta_hours": 0.1461, "loss": 0.5803805, "lr": 0.00089508, "params": 6215, "time_iter": 0.04427, "accuracy": 0.74281, "precision": 0.7193, "recall": 0.56422, "f1": 0.63239, "auc": 0.76889}
{"epoch": 22, "time_epoch": 6.17023, "eta": 517.30725, "eta_hours": 0.1437, "loss": 0.55648992, "lr": 0.00088526, "params": 6215, "time_iter": 0.04439, "accuracy": 0.75899, "precision": 0.7625, "recall": 0.55963, "f1": 0.6455, "auc": 0.77549}
{"epoch": 23, "time_epoch": 6.14261, "eta": 508.76602, "eta_hours": 0.14132, "loss": 0.56961151, "lr": 0.00087506, "params": 6215, "time_iter": 0.04419, "accuracy": 0.7446, "precision": 0.78358, "recall": 0.48165, "f1": 0.59659, "auc": 0.76319}
{"epoch": 24, "time_epoch": 6.14986, "eta": 500.43843, "eta_hours": 0.13901, "loss": 0.5788121, "lr": 0.00086448, "params": 6215, "time_iter": 0.04424, "accuracy": 0.73561, "precision": 0.7076, "recall": 0.55505, "f1": 0.62211, "auc": 0.76893}
{"epoch": 25, "time_epoch": 6.16029, "eta": 492.30805, "eta_hours": 0.13675, "loss": 0.54714482, "lr": 0.00085355, "params": 6215, "time_iter": 0.04432, "accuracy": 0.7518, "precision": 0.75, "recall": 0.55046, "f1": 0.63492, "auc": 0.78223}
{"epoch": 26, "time_epoch": 6.1494, "eta": 484.29417, "eta_hours": 0.13453, "loss": 0.55281618, "lr": 0.00084227, "params": 6215, "time_iter": 0.04424, "accuracy": 0.74281, "precision": 0.73885, "recall": 0.53211, "f1": 0.61867, "auc": 0.77404}
{"epoch": 27, "time_epoch": 6.19383, "eta": 476.5277, "eta_hours": 0.13237, "loss": 0.56004779, "lr": 0.00083066, "params": 6215, "time_iter": 0.04456, "accuracy": 0.7554, "precision": 0.7971, "recall": 0.50459, "f1": 0.61798, "auc": 0.75132}
{"epoch": 28, "time_epoch": 6.11073, "eta": 468.66624, "eta_hours": 0.13019, "loss": 0.55756077, "lr": 0.00081871, "params": 6215, "time_iter": 0.04396, "accuracy": 0.75719, "precision": 0.78231, "recall": 0.52752, "f1": 0.63014, "auc": 0.76778}
{"epoch": 29, "time_epoch": 6.15471, "eta": 461.02411, "eta_hours": 0.12806, "loss": 0.56932254, "lr": 0.00080645, "params": 6215, "time_iter": 0.04428, "accuracy": 0.7518, "precision": 0.73529, "recall": 0.57339, "f1": 0.64433, "auc": 0.77826}
{"epoch": 30, "time_epoch": 6.10853, "eta": 453.37516, "eta_hours": 0.12594, "loss": 0.56978898, "lr": 0.00079389, "params": 6215, "time_iter": 0.04395, "accuracy": 0.7482, "precision": 0.74684, "recall": 0.54128, "f1": 0.62766, "auc": 0.7737}
{"epoch": 31, "time_epoch": 6.16901, "eta": 445.951, "eta_hours": 0.12388, "loss": 0.54729432, "lr": 0.00078104, "params": 6215, "time_iter": 0.04438, "accuracy": 0.77158, "precision": 0.76923, "recall": 0.59633, "f1": 0.67183, "auc": 0.79218}
{"epoch": 32, "time_epoch": 6.14352, "eta": 438.55116, "eta_hours": 0.12182, "loss": 0.52498508, "lr": 0.00076791, "params": 6215, "time_iter": 0.0442, "accuracy": 0.76439, "precision": 0.74033, "recall": 0.61468, "f1": 0.67168, "auc": 0.79818}
{"epoch": 33, "time_epoch": 6.18585, "eta": 431.3074, "eta_hours": 0.11981, "loss": 0.57390805, "lr": 0.00075452, "params": 6215, "time_iter": 0.0445, "accuracy": 0.75899, "precision": 0.77273, "recall": 0.54587, "f1": 0.63978, "auc": 0.78134}
{"epoch": 34, "time_epoch": 6.13961, "eta": 424.03822, "eta_hours": 0.11779, "loss": 0.5371436, "lr": 0.00074088, "params": 6215, "time_iter": 0.04417, "accuracy": 0.7464, "precision": 0.72515, "recall": 0.56881, "f1": 0.63753, "auc": 0.78784}
{"epoch": 35, "time_epoch": 6.15332, "eta": 416.85617, "eta_hours": 0.11579, "loss": 0.55904475, "lr": 0.000727, "params": 6215, "time_iter": 0.04427, "accuracy": 0.7536, "precision": 0.76129, "recall": 0.54128, "f1": 0.63271, "auc": 0.76853}
{"epoch": 36, "time_epoch": 6.11085, "eta": 409.65741, "eta_hours": 0.11379, "loss": 0.54413789, "lr": 0.00071289, "params": 6215, "time_iter": 0.04396, "accuracy": 0.76259, "precision": 0.73626, "recall": 0.61468, "f1": 0.67, "auc": 0.78208}
{"epoch": 37, "time_epoch": 6.16658, "eta": 402.60684, "eta_hours": 0.11184, "loss": 0.5423843, "lr": 0.00069857, "params": 6215, "time_iter": 0.04436, "accuracy": 0.7482, "precision": 0.74684, "recall": 0.54128, "f1": 0.62766, "auc": 0.79131}
{"epoch": 38, "time_epoch": 6.16685, "eta": 395.60202, "eta_hours": 0.10989, "loss": 0.56083622, "lr": 0.00068406, "params": 6215, "time_iter": 0.04437, "accuracy": 0.7518, "precision": 0.76667, "recall": 0.52752, "f1": 0.625, "auc": 0.77623}
{"epoch": 39, "time_epoch": 6.19065, "eta": 388.67479, "eta_hours": 0.10797, "loss": 0.55979738, "lr": 0.00066937, "params": 6215, "time_iter": 0.04454, "accuracy": 0.75719, "precision": 0.73446, "recall": 0.59633, "f1": 0.65823, "auc": 0.7921}
{"epoch": 40, "time_epoch": 6.23066, "eta": 381.84108, "eta_hours": 0.10607, "loss": 0.55068592, "lr": 0.00065451, "params": 6215, "time_iter": 0.04482, "accuracy": 0.75719, "precision": 0.7546, "recall": 0.56422, "f1": 0.64567, "auc": 0.77632}
{"epoch": 41, "time_epoch": 6.18265, "eta": 374.96977, "eta_hours": 0.10416, "loss": 0.52015318, "lr": 0.0006395, "params": 6215, "time_iter": 0.04448, "accuracy": 0.75719, "precision": 0.76101, "recall": 0.55505, "f1": 0.64191, "auc": 0.7939}
{"epoch": 42, "time_epoch": 6.16566, "eta": 368.10798, "eta_hours": 0.10225, "loss": 0.55621243, "lr": 0.00062434, "params": 6215, "time_iter": 0.04436, "accuracy": 0.75899, "precision": 0.76923, "recall": 0.55046, "f1": 0.64171, "auc": 0.76851}
{"epoch": 43, "time_epoch": 6.18081, "eta": 361.29712, "eta_hours": 0.10036, "loss": 0.55930908, "lr": 0.00060907, "params": 6215, "time_iter": 0.04447, "accuracy": 0.7518, "precision": 0.72989, "recall": 0.58257, "f1": 0.64796, "auc": 0.78918}
{"epoch": 44, "time_epoch": 6.18471, "eta": 354.51902, "eta_hours": 0.09848, "loss": 0.56189016, "lr": 0.00059369, "params": 6215, "time_iter": 0.04449, "accuracy": 0.7464, "precision": 0.75839, "recall": 0.51835, "f1": 0.6158, "auc": 0.76405}
{"epoch": 45, "time_epoch": 6.1462, "eta": 347.72152, "eta_hours": 0.09659, "loss": 0.52887996, "lr": 0.00057822, "params": 6215, "time_iter": 0.04422, "accuracy": 0.7482, "precision": 0.76351, "recall": 0.51835, "f1": 0.61749, "auc": 0.78392}
{"epoch": 46, "time_epoch": 6.15671, "eta": 340.96358, "eta_hours": 0.09471, "loss": 0.56598292, "lr": 0.00056267, "params": 6215, "time_iter": 0.04429, "accuracy": 0.76619, "precision": 0.79333, "recall": 0.54587, "f1": 0.64674, "auc": 0.76611}
{"epoch": 47, "time_epoch": 6.16184, "eta": 334.23625, "eta_hours": 0.09284, "loss": 0.52965267, "lr": 0.00054705, "params": 6215, "time_iter": 0.04433, "accuracy": 0.7554, "precision": 0.73837, "recall": 0.58257, "f1": 0.65128, "auc": 0.79584}
{"epoch": 48, "time_epoch": 6.10347, "eta": 327.47125, "eta_hours": 0.09096, "loss": 0.53635034, "lr": 0.0005314, "params": 6215, "time_iter": 0.04391, "accuracy": 0.7464, "precision": 0.72254, "recall": 0.57339, "f1": 0.63939, "auc": 0.79071}
{"epoch": 49, "time_epoch": 6.13402, "eta": 320.76325, "eta_hours": 0.0891, "loss": 0.56929353, "lr": 0.00051571, "params": 6215, "time_iter": 0.04413, "accuracy": 0.7518, "precision": 0.77027, "recall": 0.52294, "f1": 0.62295, "auc": 0.76444}
{"epoch": 50, "time_epoch": 6.11498, "eta": 314.05948, "eta_hours": 0.08724, "loss": 0.55947937, "lr": 0.0005, "params": 6215, "time_iter": 0.04399, "accuracy": 0.7518, "precision": 0.72727, "recall": 0.58716, "f1": 0.64975, "auc": 0.76831}
{"epoch": 51, "time_epoch": 6.20742, "eta": 307.46369, "eta_hours": 0.08541, "loss": 0.52953903, "lr": 0.00048429, "params": 6215, "time_iter": 0.04466, "accuracy": 0.76259, "precision": 0.77564, "recall": 0.55505, "f1": 0.64706, "auc": 0.79537}
{"epoch": 52, "time_epoch": 6.15778, "eta": 300.83853, "eta_hours": 0.08357, "loss": 0.52308773, "lr": 0.0004686, "params": 6215, "time_iter": 0.0443, "accuracy": 0.7554, "precision": 0.73034, "recall": 0.59633, "f1": 0.65657, "auc": 0.80437}
{"epoch": 53, "time_epoch": 6.1836, "eta": 294.25267, "eta_hours": 0.08174, "loss": 0.53267373, "lr": 0.00045295, "params": 6215, "time_iter": 0.04449, "accuracy": 0.75719, "precision": 0.73446, "recall": 0.59633, "f1": 0.65823, "auc": 0.80397}
{"epoch": 54, "time_epoch": 6.15069, "eta": 287.65451, "eta_hours": 0.0799, "loss": 0.5217166, "lr": 0.00043733, "params": 6215, "time_iter": 0.04425, "accuracy": 0.75719, "precision": 0.77483, "recall": 0.5367, "f1": 0.63415, "auc": 0.7918}
{"epoch": 55, "time_epoch": 6.16827, "eta": 281.08615, "eta_hours": 0.07808, "loss": 0.52355113, "lr": 0.00042178, "params": 6215, "time_iter": 0.04438, "accuracy": 0.76799, "precision": 0.76331, "recall": 0.59174, "f1": 0.66667, "auc": 0.81478}
{"epoch": 56, "time_epoch": 6.17589, "eta": 274.53757, "eta_hours": 0.07626, "loss": 0.54332257, "lr": 0.00040631, "params": 6215, "time_iter": 0.04443, "accuracy": 0.75, "precision": 0.73939, "recall": 0.55963, "f1": 0.63708, "auc": 0.78408}
{"epoch": 57, "time_epoch": 6.15486, "eta": 267.98662, "eta_hours": 0.07444, "loss": 0.54453792, "lr": 0.00039093, "params": 6215, "time_iter": 0.04428, "accuracy": 0.75, "precision": 0.74233, "recall": 0.55505, "f1": 0.63517, "auc": 0.78925}
{"epoch": 58, "time_epoch": 6.17758, "eta": 261.46488, "eta_hours": 0.07263, "loss": 0.53121664, "lr": 0.00037566, "params": 6215, "time_iter": 0.04444, "accuracy": 0.76619, "precision": 0.78205, "recall": 0.55963, "f1": 0.65241, "auc": 0.78649}
{"epoch": 59, "time_epoch": 6.18526, "eta": 254.95973, "eta_hours": 0.07082, "loss": 0.561456, "lr": 0.0003605, "params": 6215, "time_iter": 0.0445, "accuracy": 0.7536, "precision": 0.75472, "recall": 0.55046, "f1": 0.6366, "auc": 0.78793}
{"epoch": 60, "time_epoch": 6.16107, "eta": 248.44961, "eta_hours": 0.06901, "loss": 0.519302, "lr": 0.00034549, "params": 6215, "time_iter": 0.04432, "accuracy": 0.76079, "precision": 0.75758, "recall": 0.57339, "f1": 0.65274, "auc": 0.79872}
{"epoch": 61, "time_epoch": 6.15869, "eta": 241.94929, "eta_hours": 0.06721, "loss": 0.53918716, "lr": 0.00033063, "params": 6215, "time_iter": 0.04431, "accuracy": 0.76619, "precision": 0.7716, "recall": 0.57339, "f1": 0.65789, "auc": 0.79242}
{"epoch": 62, "time_epoch": 6.17866, "eta": 235.47154, "eta_hours": 0.06541, "loss": 0.50147358, "lr": 0.00031594, "params": 6215, "time_iter": 0.04445, "accuracy": 0.77338, "precision": 0.76136, "recall": 0.61468, "f1": 0.6802, "auc": 0.82543}
{"epoch": 63, "time_epoch": 6.1361, "eta": 228.97919, "eta_hours": 0.06361, "loss": 0.53464774, "lr": 0.00030143, "params": 6215, "time_iter": 0.04414, "accuracy": 0.77518, "precision": 0.8, "recall": 0.56881, "f1": 0.66488, "auc": 0.79202}
{"epoch": 64, "time_epoch": 6.18954, "eta": 222.52659, "eta_hours": 0.06181, "loss": 0.52347416, "lr": 0.00028711, "params": 6215, "time_iter": 0.04453, "accuracy": 0.77338, "precision": 0.7875, "recall": 0.57798, "f1": 0.66667, "auc": 0.81104}
{"epoch": 65, "time_epoch": 6.16474, "eta": 216.06918, "eta_hours": 0.06002, "loss": 0.55108862, "lr": 0.000273, "params": 6215, "time_iter": 0.04435, "accuracy": 0.76619, "precision": 0.75882, "recall": 0.59174, "f1": 0.66495, "auc": 0.79198}
{"epoch": 66, "time_epoch": 6.16359, "eta": 209.61994, "eta_hours": 0.05823, "loss": 0.52481013, "lr": 0.00025912, "params": 6215, "time_iter": 0.04434, "accuracy": 0.77338, "precision": 0.7875, "recall": 0.57798, "f1": 0.66667, "auc": 0.80496}
{"epoch": 67, "time_epoch": 6.15846, "eta": 203.17669, "eta_hours": 0.05644, "loss": 0.54850227, "lr": 0.00024548, "params": 6215, "time_iter": 0.04431, "accuracy": 0.76978, "precision": 0.76786, "recall": 0.59174, "f1": 0.66839, "auc": 0.79627}
{"epoch": 68, "time_epoch": 6.14562, "eta": 196.73592, "eta_hours": 0.05465, "loss": 0.53834581, "lr": 0.00023209, "params": 6215, "time_iter": 0.04421, "accuracy": 0.77338, "precision": 0.79487, "recall": 0.56881, "f1": 0.6631, "auc": 0.78967}
{"epoch": 69, "time_epoch": 6.16934, "eta": 190.31375, "eta_hours": 0.05286, "loss": 0.53151318, "lr": 0.00021896, "params": 6215, "time_iter": 0.04438, "accuracy": 0.77158, "precision": 0.77246, "recall": 0.59174, "f1": 0.67013, "auc": 0.79863}
{"epoch": 70, "time_epoch": 6.15797, "eta": 183.89406, "eta_hours": 0.05108, "loss": 0.53117031, "lr": 0.00020611, "params": 6215, "time_iter": 0.0443, "accuracy": 0.76799, "precision": 0.78344, "recall": 0.56422, "f1": 0.656, "auc": 0.79791}
{"epoch": 71, "time_epoch": 6.1689, "eta": 177.48589, "eta_hours": 0.0493, "loss": 0.53685811, "lr": 0.00019355, "params": 6215, "time_iter": 0.04438, "accuracy": 0.75899, "precision": 0.75301, "recall": 0.57339, "f1": 0.65104, "auc": 0.80057}
{"epoch": 72, "time_epoch": 6.16896, "eta": 171.0843, "eta_hours": 0.04752, "loss": 0.52073052, "lr": 0.00018129, "params": 6215, "time_iter": 0.04438, "accuracy": 0.76259, "precision": 0.7622, "recall": 0.57339, "f1": 0.65445, "auc": 0.81189}
{"epoch": 73, "time_epoch": 6.1392, "eta": 164.67853, "eta_hours": 0.04574, "loss": 0.5129507, "lr": 0.00016934, "params": 6215, "time_iter": 0.04417, "accuracy": 0.76799, "precision": 0.76331, "recall": 0.59174, "f1": 0.66667, "auc": 0.82261}
{"epoch": 74, "time_epoch": 6.17418, "eta": 158.29154, "eta_hours": 0.04397, "loss": 0.55782728, "lr": 0.00015773, "params": 6215, "time_iter": 0.04442, "accuracy": 0.75, "precision": 0.73939, "recall": 0.55963, "f1": 0.63708, "auc": 0.78257}
{"epoch": 75, "time_epoch": 6.19325, "eta": 151.91617, "eta_hours": 0.0422, "loss": 0.52032137, "lr": 0.00014645, "params": 6215, "time_iter": 0.04456, "accuracy": 0.77518, "precision": 0.8, "recall": 0.56881, "f1": 0.66488, "auc": 0.80344}
{"epoch": 76, "time_epoch": 6.16313, "eta": 145.53653, "eta_hours": 0.04043, "loss": 0.53455807, "lr": 0.00013552, "params": 6215, "time_iter": 0.04434, "accuracy": 0.75899, "precision": 0.75926, "recall": 0.56422, "f1": 0.64737, "auc": 0.78976}
{"epoch": 77, "time_epoch": 6.15666, "eta": 139.16062, "eta_hours": 0.03866, "loss": 0.53683927, "lr": 0.00012494, "params": 6215, "time_iter": 0.04429, "accuracy": 0.76079, "precision": 0.76074, "recall": 0.56881, "f1": 0.65092, "auc": 0.79544}
{"epoch": 78, "time_epoch": 6.15428, "eta": 132.78963, "eta_hours": 0.03689, "loss": 0.53857921, "lr": 0.00011474, "params": 6215, "time_iter": 0.04428, "accuracy": 0.76799, "precision": 0.7871, "recall": 0.55963, "f1": 0.65416, "auc": 0.79879}
{"epoch": 79, "time_epoch": 6.15272, "eta": 126.42367, "eta_hours": 0.03512, "loss": 0.53881395, "lr": 0.00010492, "params": 6215, "time_iter": 0.04426, "accuracy": 0.76439, "precision": 0.76364, "recall": 0.57798, "f1": 0.65796, "auc": 0.79191}
{"epoch": 80, "time_epoch": 6.20073, "eta": 120.07423, "eta_hours": 0.03335, "loss": 0.56236511, "lr": 9.549e-05, "params": 6215, "time_iter": 0.04461, "accuracy": 0.77158, "precision": 0.76923, "recall": 0.59633, "f1": 0.67183, "auc": 0.77842}
{"epoch": 81, "time_epoch": 6.16101, "eta": 113.7197, "eta_hours": 0.03159, "loss": 0.53479408, "lr": 8.646e-05, "params": 6215, "time_iter": 0.04432, "accuracy": 0.77338, "precision": 0.76744, "recall": 0.6055, "f1": 0.67692, "auc": 0.79097}
{"epoch": 82, "time_epoch": 6.15416, "eta": 107.36843, "eta_hours": 0.02982, "loss": 0.55916325, "lr": 7.784e-05, "params": 6215, "time_iter": 0.04427, "accuracy": 0.76799, "precision": 0.78344, "recall": 0.56422, "f1": 0.656, "auc": 0.7787}
{"epoch": 83, "time_epoch": 6.17784, "eta": 101.02636, "eta_hours": 0.02806, "loss": 0.54005798, "lr": 6.963e-05, "params": 6215, "time_iter": 0.04444, "accuracy": 0.76978, "precision": 0.76163, "recall": 0.60092, "f1": 0.67179, "auc": 0.7882}
{"epoch": 84, "time_epoch": 6.19419, "eta": 94.69105, "eta_hours": 0.0263, "loss": 0.49452101, "lr": 6.185e-05, "params": 6215, "time_iter": 0.04456, "accuracy": 0.77158, "precision": 0.75706, "recall": 0.61468, "f1": 0.67848, "auc": 0.82464}
{"epoch": 85, "time_epoch": 6.20555, "eta": 88.36086, "eta_hours": 0.02454, "loss": 0.51700663, "lr": 5.45e-05, "params": 6215, "time_iter": 0.04464, "accuracy": 0.77338, "precision": 0.76437, "recall": 0.61009, "f1": 0.67857, "auc": 0.81008}
{"epoch": 86, "time_epoch": 6.15363, "eta": 82.02578, "eta_hours": 0.02278, "loss": 0.51216395, "lr": 4.759e-05, "params": 6215, "time_iter": 0.04427, "accuracy": 0.77878, "precision": 0.77457, "recall": 0.61468, "f1": 0.68542, "auc": 0.8211}
{"epoch": 87, "time_epoch": 6.16641, "eta": 75.69657, "eta_hours": 0.02103, "loss": 0.51599456, "lr": 4.112e-05, "params": 6215, "time_iter": 0.04436, "accuracy": 0.77338, "precision": 0.78049, "recall": 0.58716, "f1": 0.67016, "auc": 0.81129}
{"epoch": 88, "time_epoch": 6.13764, "eta": 69.36746, "eta_hours": 0.01927, "loss": 0.54423061, "lr": 3.511e-05, "params": 6215, "time_iter": 0.04416, "accuracy": 0.76079, "precision": 0.75449, "recall": 0.57798, "f1": 0.65455, "auc": 0.79523}
{"epoch": 89, "time_epoch": 6.14967, "eta": 63.04394, "eta_hours": 0.01751, "loss": 0.52950649, "lr": 2.956e-05, "params": 6215, "time_iter": 0.04424, "accuracy": 0.75719, "precision": 0.74269, "recall": 0.58257, "f1": 0.65296, "auc": 0.80287}
{"epoch": 90, "time_epoch": 6.15, "eta": 56.72428, "eta_hours": 0.01576, "loss": 0.51860323, "lr": 2.447e-05, "params": 6215, "time_iter": 0.04424, "accuracy": 0.75899, "precision": 0.73596, "recall": 0.60092, "f1": 0.66162, "auc": 0.81609}
{"epoch": 91, "time_epoch": 6.15979, "eta": 50.40916, "eta_hours": 0.014, "loss": 0.51015146, "lr": 1.985e-05, "params": 6215, "time_iter": 0.04432, "accuracy": 0.78237, "precision": 0.78035, "recall": 0.61927, "f1": 0.69054, "auc": 0.81096}
{"epoch": 92, "time_epoch": 6.22213, "eta": 44.10206, "eta_hours": 0.01225, "loss": 0.55879527, "lr": 1.571e-05, "params": 6215, "time_iter": 0.04476, "accuracy": 0.77158, "precision": 0.77246, "recall": 0.59174, "f1": 0.67013, "auc": 0.79256}
{"epoch": 93, "time_epoch": 6.17739, "eta": 37.79392, "eta_hours": 0.0105, "loss": 0.52927658, "lr": 1.204e-05, "params": 6215, "time_iter": 0.04444, "accuracy": 0.77158, "precision": 0.78261, "recall": 0.57798, "f1": 0.66491, "auc": 0.80913}
{"epoch": 94, "time_epoch": 6.1892, "eta": 31.48916, "eta_hours": 0.00875, "loss": 0.52583639, "lr": 8.86e-06, "params": 6215, "time_iter": 0.04453, "accuracy": 0.78597, "precision": 0.8, "recall": 0.6055, "f1": 0.6893, "auc": 0.8056}
{"epoch": 95, "time_epoch": 6.1773, "eta": 25.1863, "eta_hours": 0.007, "loss": 0.51087484, "lr": 6.16e-06, "params": 6215, "time_iter": 0.04444, "accuracy": 0.78237, "precision": 0.80124, "recall": 0.59174, "f1": 0.68074, "auc": 0.80783}
{"epoch": 96, "time_epoch": 6.19054, "eta": 18.88645, "eta_hours": 0.00525, "loss": 0.54558907, "lr": 3.94e-06, "params": 6215, "time_iter": 0.04454, "accuracy": 0.76799, "precision": 0.76647, "recall": 0.58716, "f1": 0.66494, "auc": 0.80089}
{"epoch": 97, "time_epoch": 6.17625, "eta": 12.58853, "eta_hours": 0.0035, "loss": 0.53383829, "lr": 2.22e-06, "params": 6215, "time_iter": 0.04443, "accuracy": 0.77158, "precision": 0.77576, "recall": 0.58716, "f1": 0.66841, "auc": 0.8014}
{"epoch": 98, "time_epoch": 6.18282, "eta": 6.29314, "eta_hours": 0.00175, "loss": 0.52951096, "lr": 9.9e-07, "params": 6215, "time_iter": 0.04448, "accuracy": 0.77518, "precision": 0.77844, "recall": 0.59633, "f1": 0.67532, "auc": 0.80913}
{"epoch": 99, "time_epoch": 6.10298, "eta": 0.0, "eta_hours": 0.0, "loss": 0.51028153, "lr": 2.5e-07, "params": 6215, "time_iter": 0.04391, "accuracy": 0.77878, "precision": 0.79503, "recall": 0.58716, "f1": 0.67546, "auc": 0.8157}
