{"epoch": 0, "time_epoch": 3.68874, "eta": 365.18517, "eta_hours": 0.10144, "loss": 0.68055494, "lr": 0.001, "params": 4849, "time_iter": 0.01255, "accuracy": 0.58673, "precision": 0.0, "recall": 0.0, "f1": 0.0, "auc": 0.42606}
{"epoch": 1, "time_epoch": 3.68768, "eta": 361.44465, "eta_hours": 0.1004, "loss": 0.67923698, "lr": 0.00099975, "params": 4849, "time_iter": 0.01254, "accuracy": 0.58673, "precision": 0.0, "recall": 0.0, "f1": 0.0, "auc": 0.48689}
{"epoch": 2, "time_epoch": 3.71144, "eta": 358.50755, "eta_hours": 0.09959, "loss": 0.67923063, "lr": 0.00099901, "params": 4849, "time_iter": 0.01262, "accuracy": 0.58673, "precision": 0.0, "recall": 0.0, "f1": 0.0, "auc": 0.48056}
{"epoch": 3, "time_epoch": 3.71217, "eta": 355.20066, "eta_hours": 0.09867, "loss": 0.67878855, "lr": 0.00099778, "params": 4849, "time_iter": 0.01263, "accuracy": 0.58673, "precision": 0.0, "recall": 0.0, "f1": 0.0, "auc": 0.45798}
{"epoch": 4, "time_epoch": 3.69601, "eta": 351.4248, "eta_hours": 0.09762, "loss": 0.67872684, "lr": 0.00099606, "params": 4849, "time_iter": 0.01257, "accuracy": 0.58673, "precision": 0.0, "recall": 0.0, "f1": 0.0, "auc": 0.44355}
{"epoch": 5, "time_epoch": 3.69717, "eta": 347.69368, "eta_hours": 0.09658, "loss": 0.67887773, "lr": 0.00099384, "params": 4849, "time_iter": 0.01258, "accuracy": 0.58673, "precision": 0.0, "recall": 0.0, "f1": 0.0, "auc": 0.45037}
{"epoch": 6, "time_epoch": 3.65565, "eta": 343.42058, "eta_hours": 0.09539, "loss": 0.67915273, "lr": 0.00099114, "params": 4849, "time_iter": 0.01243, "accuracy": 0.58673, "precision": 0.0, "recall": 0.0, "f1": 0.0, "auc": 0.4798}
{"epoch": 7, "time_epoch": 2.96894, "eta": 331.40473, "eta_hours": 0.09206, "loss": 0.67851367, "lr": 0.00098796, "params": 4849, "time_iter": 0.0101, "accuracy": 0.58673, "precision": 0.0, "recall": 0.0, "f1": 0.0, "auc": 0.46519}
{"epoch": 8, "time_epoch": 2.93071, "eta": 321.01276, "eta_hours": 0.08917, "loss": 0.67861158, "lr": 0.00098429, "params": 4849, "time_iter": 0.00997, "accuracy": 0.58673, "precision": 0.0, "recall": 0.0, "f1": 0.0, "auc": 0.46664}
{"epoch": 9, "time_epoch": 2.95099, "eta": 312.29555, "eta_hours": 0.08675, "loss": 0.67845235, "lr": 0.00098015, "params": 4849, "time_iter": 0.01004, "accuracy": 0.58673, "precision": 0.0, "recall": 0.0, "f1": 0.0, "auc": 0.46986}
{"epoch": 10, "time_epoch": 2.98581, "eta": 304.90844, "eta_hours": 0.0847, "loss": 0.67847218, "lr": 0.00097553, "params": 4849, "time_iter": 0.01016, "accuracy": 0.58673, "precision": 0.0, "recall": 0.0, "f1": 0.0, "auc": 0.42144}
{"epoch": 11, "time_epoch": 2.95941, "eta": 298.06127, "eta_hours": 0.08279, "loss": 0.67868932, "lr": 0.00097044, "params": 4849, "time_iter": 0.01007, "accuracy": 0.58673, "precision": 0.0, "recall": 0.0, "f1": 0.0, "auc": 0.44961}
{"epoch": 12, "time_epoch": 3.04553, "eta": 292.38862, "eta_hours": 0.08122, "loss": 0.67865446, "lr": 0.00096489, "params": 4849, "time_iter": 0.01036, "accuracy": 0.58673, "precision": 0.0, "recall": 0.0, "f1": 0.0, "auc": 0.46791}
{"epoch": 13, "time_epoch": 2.94647, "eta": 286.48271, "eta_hours": 0.07958, "loss": 0.67849178, "lr": 0.00095888, "params": 4849, "time_iter": 0.01002, "accuracy": 0.58673, "precision": 0.0, "recall": 0.0, "f1": 0.0, "auc": 0.45212}
{"epoch": 14, "time_epoch": 2.97642, "eta": 281.14113, "eta_hours": 0.07809, "loss": 0.67853028, "lr": 0.00095241, "params": 4849, "time_iter": 0.01012, "accuracy": 0.58673, "precision": 0.0, "recall": 0.0, "f1": 0.0, "auc": 0.45286}
{"epoch": 15, "time_epoch": 2.98882, "eta": 276.16031, "eta_hours": 0.07671, "loss": 0.67842078, "lr": 0.0009455, "params": 4849, "time_iter": 0.01017, "accuracy": 0.58673, "precision": 0.0, "recall": 0.0, "f1": 0.0, "auc": 0.45334}
{"epoch": 16, "time_epoch": 2.95987, "eta": 271.27251, "eta_hours": 0.07535, "loss": 0.67866629, "lr": 0.00093815, "params": 4849, "time_iter": 0.01007, "accuracy": 0.58673, "precision": 0.0, "recall": 0.0, "f1": 0.0, "auc": 0.44577}
{"epoch": 17, "time_epoch": 2.94506, "eta": 266.53145, "eta_hours": 0.07404, "loss": 0.67856701, "lr": 0.00093037, "params": 4849, "time_iter": 0.01002, "accuracy": 0.58673, "precision": 0.0, "recall": 0.0, "f1": 0.0, "auc": 0.4586}
{"epoch": 18, "time_epoch": 2.98502, "eta": 262.14976, "eta_hours": 0.07282, "loss": 0.67842692, "lr": 0.00092216, "params": 4849, "time_iter": 0.01015, "accuracy": 0.58673, "precision": 0.0, "recall": 0.0, "f1": 0.0, "auc": 0.46873}
{"epoch": 19, "time_epoch": 2.95133, "eta": 257.77301, "eta_hours": 0.0716, "loss": 0.6785287, "lr": 0.00091354, "params": 4849, "time_iter": 0.01004, "accuracy": 0.58673, "precision": 0.0, "recall": 0.0, "f1": 0.0, "auc": 0.43454}
{"epoch": 20, "time_epoch": 2.97759, "eta": 253.63079, "eta_hours": 0.07045, "loss": 0.67870088, "lr": 0.00090451, "params": 4849, "time_iter": 0.01013, "accuracy": 0.58673, "precision": 0.0, "recall": 0.0, "f1": 0.0, "auc": 0.44102}
{"epoch": 21, "time_epoch": 2.97001, "eta": 249.56757, "eta_hours": 0.06932, "loss": 0.67833623, "lr": 0.00089508, "params": 4849, "time_iter": 0.0101, "accuracy": 0.58673, "precision": 0.0, "recall": 0.0, "f1": 0.0, "auc": 0.48969}
{"epoch": 22, "time_epoch": 2.98693, "eta": 245.65606, "eta_hours": 0.06824, "loss": 0.67846191, "lr": 0.00088526, "params": 4849, "time_iter": 0.01016, "accuracy": 0.58673, "precision": 0.0, "recall": 0.0, "f1": 0.0, "auc": 0.47755}
{"epoch": 23, "time_epoch": 2.9652, "eta": 241.75279, "eta_hours": 0.06715, "loss": 0.67851021, "lr": 0.00087506, "params": 4849, "time_iter": 0.01009, "accuracy": 0.58673, "precision": 0.0, "recall": 0.0, "f1": 0.0, "auc": 0.45592}
{"epoch": 24, "time_epoch": 3.0341, "eta": 238.13127, "eta_hours": 0.06615, "loss": 0.67843039, "lr": 0.00086448, "params": 4849, "time_iter": 0.01032, "accuracy": 0.58673, "precision": 0.0, "recall": 0.0, "f1": 0.0, "auc": 0.46022}
{"epoch": 25, "time_epoch": 2.98687, "eta": 234.42051, "eta_hours": 0.06512, "loss": 0.67837418, "lr": 0.00085355, "params": 4849, "time_iter": 0.01016, "accuracy": 0.58673, "precision": 0.0, "recall": 0.0, "f1": 0.0, "auc": 0.47422}
{"epoch": 26, "time_epoch": 2.96578, "eta": 230.70635, "eta_hours": 0.06409, "loss": 0.67841435, "lr": 0.00084227, "params": 4849, "time_iter": 0.01009, "accuracy": 0.58673, "precision": 0.0, "recall": 0.0, "f1": 0.0, "auc": 0.47736}
{"epoch": 27, "time_epoch": 3.01581, "eta": 227.17427, "eta_hours": 0.0631, "loss": 0.67840885, "lr": 0.00083066, "params": 4849, "time_iter": 0.01026, "accuracy": 0.58673, "precision": 0.0, "recall": 0.0, "f1": 0.0, "auc": 0.44629}
{"epoch": 28, "time_epoch": 2.97587, "eta": 223.58003, "eta_hours": 0.06211, "loss": 0.67853966, "lr": 0.00081871, "params": 4849, "time_iter": 0.01012, "accuracy": 0.58673, "precision": 0.0, "recall": 0.0, "f1": 0.0, "auc": 0.46317}
{"epoch": 29, "time_epoch": 2.9718, "eta": 220.0175, "eta_hours": 0.06112, "loss": 0.67847662, "lr": 0.00080645, "params": 4849, "time_iter": 0.01011, "accuracy": 0.58673, "precision": 0.0, "recall": 0.0, "f1": 0.0, "auc": 0.45461}
{"epoch": 30, "time_epoch": 2.96486, "eta": 216.47765, "eta_hours": 0.06013, "loss": 0.67837951, "lr": 0.00079389, "params": 4849, "time_iter": 0.01008, "accuracy": 0.58673, "precision": 0.0, "recall": 0.0, "f1": 0.0, "auc": 0.46532}
{"epoch": 31, "time_epoch": 2.9879, "eta": 213.02269, "eta_hours": 0.05917, "loss": 0.6784033, "lr": 0.00078104, "params": 4849, "time_iter": 0.01016, "accuracy": 0.58673, "precision": 0.0, "recall": 0.0, "f1": 0.0, "auc": 0.47334}
{"epoch": 32, "time_epoch": 2.9762, "eta": 209.57228, "eta_hours": 0.05821, "loss": 0.6785056, "lr": 0.00076791, "params": 4849, "time_iter": 0.01012, "accuracy": 0.58673, "precision": 0.0, "recall": 0.0, "f1": 0.0, "auc": 0.44196}
{"epoch": 33, "time_epoch": 2.96756, "eta": 206.133, "eta_hours": 0.05726, "loss": 0.67837134, "lr": 0.00075452, "params": 4849, "time_iter": 0.01009, "accuracy": 0.58673, "precision": 0.0, "recall": 0.0, "f1": 0.0, "auc": 0.44483}
{"epoch": 34, "time_epoch": 2.97929, "eta": 202.74247, "eta_hours": 0.05632, "loss": 0.67834333, "lr": 0.00074088, "params": 4849, "time_iter": 0.01013, "accuracy": 0.58673, "precision": 0.0, "recall": 0.0, "f1": 0.0, "auc": 0.4463}
{"epoch": 35, "time_epoch": 2.97719, "eta": 199.37104, "eta_hours": 0.05538, "loss": 0.67833599, "lr": 0.000727, "params": 4849, "time_iter": 0.01013, "accuracy": 0.58673, "precision": 0.0, "recall": 0.0, "f1": 0.0, "auc": 0.46072}
{"epoch": 36, "time_epoch": 3.08811, "eta": 196.20979, "eta_hours": 0.0545, "loss": 0.67822868, "lr": 0.00071289, "params": 4849, "time_iter": 0.0105, "accuracy": 0.58673, "precision": 0.0, "recall": 0.0, "f1": 0.0, "auc": 0.46338}
{"epoch": 37, "time_epoch": 2.9884, "eta": 192.8897, "eta_hours": 0.05358, "loss": 0.67837922, "lr": 0.00069857, "params": 4849, "time_iter": 0.01016, "accuracy": 0.58673, "precision": 0.0, "recall": 0.0, "f1": 0.0, "auc": 0.46709}
{"epoch": 38, "time_epoch": 2.97639, "eta": 189.56783, "eta_hours": 0.05266, "loss": 0.67831316, "lr": 0.00068406, "params": 4849, "time_iter": 0.01012, "accuracy": 0.58673, "precision": 0.0, "recall": 0.0, "f1": 0.0, "auc": 0.45711}
{"epoch": 39, "time_epoch": 2.98789, "eta": 186.28049, "eta_hours": 0.05174, "loss": 0.67827078, "lr": 0.00066937, "params": 4849, "time_iter": 0.01016, "accuracy": 0.58673, "precision": 0.0, "recall": 0.0, "f1": 0.0, "auc": 0.4586}
{"epoch": 40, "time_epoch": 2.97273, "eta": 182.98594, "eta_hours": 0.05083, "loss": 0.67830693, "lr": 0.00065451, "params": 4849, "time_iter": 0.01011, "accuracy": 0.58673, "precision": 0.0, "recall": 0.0, "f1": 0.0, "auc": 0.45666}
{"epoch": 41, "time_epoch": 2.95308, "eta": 179.67958, "eta_hours": 0.04991, "loss": 0.67827932, "lr": 0.0006395, "params": 4849, "time_iter": 0.01004, "accuracy": 0.58673, "precision": 0.0, "recall": 0.0, "f1": 0.0, "auc": 0.45337}
{"epoch": 42, "time_epoch": 2.98054, "eta": 176.42606, "eta_hours": 0.04901, "loss": 0.67835994, "lr": 0.00062434, "params": 4849, "time_iter": 0.01014, "accuracy": 0.58673, "precision": 0.0, "recall": 0.0, "f1": 0.0, "auc": 0.41101}
{"epoch": 43, "time_epoch": 2.99516, "eta": 173.20355, "eta_hours": 0.04811, "loss": 0.67823466, "lr": 0.00060907, "params": 4849, "time_iter": 0.01019, "accuracy": 0.58673, "precision": 0.0, "recall": 0.0, "f1": 0.0, "auc": 0.41316}
{"epoch": 44, "time_epoch": 2.9776, "eta": 169.96968, "eta_hours": 0.04721, "loss": 0.67827799, "lr": 0.00059369, "params": 4849, "time_iter": 0.01013, "accuracy": 0.58673, "precision": 0.0, "recall": 0.0, "f1": 0.0, "auc": 0.46354}
{"epoch": 45, "time_epoch": 3.22281, "eta": 167.03482, "eta_hours": 0.0464, "loss": 0.67826957, "lr": 0.00057822, "params": 4849, "time_iter": 0.01096, "accuracy": 0.58673, "precision": 0.0, "recall": 0.0, "f1": 0.0, "auc": 0.46609}
{"epoch": 46, "time_epoch": 3.2479, "eta": 164.11598, "eta_hours": 0.04559, "loss": 0.67832128, "lr": 0.00056267, "params": 4849, "time_iter": 0.01105, "accuracy": 0.58673, "precision": 0.0, "recall": 0.0, "f1": 0.0, "auc": 0.44662}
{"epoch": 47, "time_epoch": 3.25551, "eta": 161.19168, "eta_hours": 0.04478, "loss": 0.67833885, "lr": 0.00054705, "params": 4849, "time_iter": 0.01107, "accuracy": 0.58673, "precision": 0.0, "recall": 0.0, "f1": 0.0, "auc": 0.46122}
{"epoch": 48, "time_epoch": 2.98296, "eta": 157.9702, "eta_hours": 0.04388, "loss": 0.67842646, "lr": 0.0005314, "params": 4849, "time_iter": 0.01015, "accuracy": 0.58673, "precision": 0.0, "recall": 0.0, "f1": 0.0, "auc": 0.46422}
{"epoch": 49, "time_epoch": 2.98006, "eta": 154.75535, "eta_hours": 0.04299, "loss": 0.67828509, "lr": 0.00051571, "params": 4849, "time_iter": 0.01014, "accuracy": 0.58673, "precision": 0.0, "recall": 0.0, "f1": 0.0, "auc": 0.44286}
{"epoch": 50, "time_epoch": 2.97152, "eta": 151.5415, "eta_hours": 0.04209, "loss": 0.67823522, "lr": 0.0005, "params": 4849, "time_iter": 0.01011, "accuracy": 0.58673, "precision": 0.0, "recall": 0.0, "f1": 0.0, "auc": 0.45028}
{"epoch": 51, "time_epoch": 2.97432, "eta": 148.33956, "eta_hours": 0.04121, "loss": 0.6782913, "lr": 0.00048429, "params": 4849, "time_iter": 0.01012, "accuracy": 0.58673, "precision": 0.0, "recall": 0.0, "f1": 0.0, "auc": 0.46329}
{"epoch": 52, "time_epoch": 2.96803, "eta": 145.14062, "eta_hours": 0.04032, "loss": 0.67842568, "lr": 0.0004686, "params": 4849, "time_iter": 0.0101, "accuracy": 0.58673, "precision": 0.0, "recall": 0.0, "f1": 0.0, "auc": 0.44642}
{"epoch": 53, "time_epoch": 2.97821, "eta": 141.95892, "eta_hours": 0.03943, "loss": 0.67820946, "lr": 0.00045295, "params": 4849, "time_iter": 0.01013, "accuracy": 0.58673, "precision": 0.0, "recall": 0.0, "f1": 0.0, "auc": 0.44747}
{"epoch": 54, "time_epoch": 3.73953, "eta": 139.40751, "eta_hours": 0.03872, "loss": 0.67820039, "lr": 0.00043733, "params": 4849, "time_iter": 0.01272, "accuracy": 0.58673, "precision": 0.0, "recall": 0.0, "f1": 0.0, "auc": 0.45219}
{"epoch": 55, "time_epoch": 3.67427, "eta": 136.76239, "eta_hours": 0.03799, "loss": 0.67820789, "lr": 0.00042178, "params": 4849, "time_iter": 0.0125, "accuracy": 0.58673, "precision": 0.0, "recall": 0.0, "f1": 0.0, "auc": 0.435}
{"epoch": 56, "time_epoch": 3.69205, "eta": 134.09457, "eta_hours": 0.03725, "loss": 0.67818466, "lr": 0.00040631, "params": 4849, "time_iter": 0.01256, "accuracy": 0.58673, "precision": 0.0, "recall": 0.0, "f1": 0.0, "auc": 0.43299}
{"epoch": 57, "time_epoch": 3.69879, "eta": 131.39632, "eta_hours": 0.0365, "loss": 0.67829417, "lr": 0.00039093, "params": 4849, "time_iter": 0.01258, "accuracy": 0.58673, "precision": 0.0, "recall": 0.0, "f1": 0.0, "auc": 0.45371}
{"epoch": 58, "time_epoch": 3.70421, "eta": 128.66792, "eta_hours": 0.03574, "loss": 0.67820659, "lr": 0.00037566, "params": 4849, "time_iter": 0.0126, "accuracy": 0.58673, "precision": 0.0, "recall": 0.0, "f1": 0.0, "auc": 0.45521}
{"epoch": 59, "time_epoch": 3.00915, "eta": 125.44361, "eta_hours": 0.03485, "loss": 0.67815614, "lr": 0.0003605, "params": 4849, "time_iter": 0.01024, "accuracy": 0.58673, "precision": 0.0, "recall": 0.0, "f1": 0.0, "auc": 0.43852}
{"epoch": 60, "time_epoch": 3.02081, "eta": 122.23382, "eta_hours": 0.03395, "loss": 0.67816069, "lr": 0.00034549, "params": 4849, "time_iter": 0.01027, "accuracy": 0.58673, "precision": 0.0, "recall": 0.0, "f1": 0.0, "auc": 0.43432}
{"epoch": 61, "time_epoch": 2.97624, "eta": 119.00281, "eta_hours": 0.03306, "loss": 0.67823935, "lr": 0.00033063, "params": 4849, "time_iter": 0.01012, "accuracy": 0.58673, "precision": 0.0, "recall": 0.0, "f1": 0.0, "auc": 0.44467}
{"epoch": 62, "time_epoch": 2.99244, "eta": 115.7894, "eta_hours": 0.03216, "loss": 0.67810963, "lr": 0.00031594, "params": 4849, "time_iter": 0.01018, "accuracy": 0.58673, "precision": 0.0, "recall": 0.0, "f1": 0.0, "auc": 0.45313}
{"epoch": 63, "time_epoch": 2.95298, "eta": 112.56069, "eta_hours": 0.03127, "loss": 0.67820879, "lr": 0.00030143, "params": 4849, "time_iter": 0.01004, "accuracy": 0.58673, "precision": 0.0, "recall": 0.0, "f1": 0.0, "auc": 0.44697}
{"epoch": 64, "time_epoch": 3.02389, "eta": 109.37866, "eta_hours": 0.03038, "loss": 0.67817226, "lr": 0.00028711, "params": 4849, "time_iter": 0.01029, "accuracy": 0.58673, "precision": 0.0, "recall": 0.0, "f1": 0.0, "auc": 0.42959}
{"epoch": 65, "time_epoch": 2.97795, "eta": 106.17774, "eta_hours": 0.02949, "loss": 0.67815542, "lr": 0.000273, "params": 4849, "time_iter": 0.01013, "accuracy": 0.58673, "precision": 0.0, "recall": 0.0, "f1": 0.0, "auc": 0.4387}
{"epoch": 66, "time_epoch": 2.97612, "eta": 102.98259, "eta_hours": 0.02861, "loss": 0.67815175, "lr": 0.00025912, "params": 4849, "time_iter": 0.01012, "accuracy": 0.58673, "precision": 0.0, "recall": 0.0, "f1": 0.0, "auc": 0.46915}
{"epoch": 67, "time_epoch": 2.97817, "eta": 99.79484, "eta_hours": 0.02772, "loss": 0.67814583, "lr": 0.00024548, "params": 4849, "time_iter": 0.01013, "accuracy": 0.58673, "precision": 0.0, "recall": 0.0, "f1": 0.0, "auc": 0.46652}
{"epoch": 68, "time_epoch": 2.91862, "eta": 96.58641, "eta_hours": 0.02683, "loss": 0.67815027, "lr": 0.00023209, "params": 4849, "time_iter": 0.00993, "accuracy": 0.58673, "precision": 0.0, "recall": 0.0, "f1": 0.0, "auc": 0.45716}
{"epoch": 69, "time_epoch": 2.91098, "eta": 93.38298, "eta_hours": 0.02594, "loss": 0.67812976, "lr": 0.00021896, "params": 4849, "time_iter": 0.0099, "accuracy": 0.58673, "precision": 0.0, "recall": 0.0, "f1": 0.0, "auc": 0.46641}
{"epoch": 70, "time_epoch": 2.90976, "eta": 90.1873, "eta_hours": 0.02505, "loss": 0.67813576, "lr": 0.00020611, "params": 4849, "time_iter": 0.0099, "accuracy": 0.58673, "precision": 0.0, "recall": 0.0, "f1": 0.0, "auc": 0.46609}
{"epoch": 71, "time_epoch": 2.91204, "eta": 87.00044, "eta_hours": 0.02417, "loss": 0.67812283, "lr": 0.00019355, "params": 4849, "time_iter": 0.0099, "accuracy": 0.58673, "precision": 0.0, "recall": 0.0, "f1": 0.0, "auc": 0.45146}
{"epoch": 72, "time_epoch": 3.14936, "eta": 83.90889, "eta_hours": 0.02331, "loss": 0.67809625, "lr": 0.00018129, "params": 4849, "time_iter": 0.01071, "accuracy": 0.58673, "precision": 0.0, "recall": 0.0, "f1": 0.0, "auc": 0.46557}
{"epoch": 73, "time_epoch": 2.97345, "eta": 80.75397, "eta_hours": 0.02243, "loss": 0.6781352, "lr": 0.00016934, "params": 4849, "time_iter": 0.01011, "accuracy": 0.58673, "precision": 0.0, "recall": 0.0, "f1": 0.0, "auc": 0.46859}
{"epoch": 74, "time_epoch": 2.97561, "eta": 77.60461, "eta_hours": 0.02156, "loss": 0.67810474, "lr": 0.00015773, "params": 4849, "time_iter": 0.01012, "accuracy": 0.58673, "precision": 0.0, "recall": 0.0, "f1": 0.0, "auc": 0.45786}
{"epoch": 75, "time_epoch": 2.96978, "eta": 74.45799, "eta_hours": 0.02068, "loss": 0.67814544, "lr": 0.00014645, "params": 4849, "time_iter": 0.0101, "accuracy": 0.58673, "precision": 0.0, "recall": 0.0, "f1": 0.0, "auc": 0.44832}
{"epoch": 76, "time_epoch": 2.96801, "eta": 71.31542, "eta_hours": 0.01981, "loss": 0.67810852, "lr": 0.00013552, "params": 4849, "time_iter": 0.0101, "accuracy": 0.58673, "precision": 0.0, "recall": 0.0, "f1": 0.0, "auc": 0.4573}
{"epoch": 77, "time_epoch": 2.9899, "eta": 68.18351, "eta_hours": 0.01894, "loss": 0.67806979, "lr": 0.00012494, "params": 4849, "time_iter": 0.01017, "accuracy": 0.58673, "precision": 0.0, "recall": 0.0, "f1": 0.0, "auc": 0.45795}
{"epoch": 78, "time_epoch": 2.97924, "eta": 65.05236, "eta_hours": 0.01807, "loss": 0.67807983, "lr": 0.00011474, "params": 4849, "time_iter": 0.01013, "accuracy": 0.58673, "precision": 0.0, "recall": 0.0, "f1": 0.0, "auc": 0.4198}
{"epoch": 79, "time_epoch": 3.06443, "eta": 61.9463, "eta_hours": 0.01721, "loss": 0.67807176, "lr": 0.00010492, "params": 4849, "time_iter": 0.01042, "accuracy": 0.58673, "precision": 0.0, "recall": 0.0, "f1": 0.0, "auc": 0.47008}
{"epoch": 80, "time_epoch": 2.9512, "eta": 58.81471, "eta_hours": 0.01634, "loss": 0.67806023, "lr": 9.549e-05, "params": 4849, "time_iter": 0.01004, "accuracy": 0.58673, "precision": 0.0, "recall": 0.0, "f1": 0.0, "auc": 0.45375}
{"epoch": 81, "time_epoch": 2.95841, "eta": 55.6891, "eta_hours": 0.01547, "loss": 0.67806291, "lr": 8.646e-05, "params": 4849, "time_iter": 0.01006, "accuracy": 0.58673, "precision": 0.0, "recall": 0.0, "f1": 0.0, "auc": 0.4471}
{"epoch": 82, "time_epoch": 2.96464, "eta": 52.5688, "eta_hours": 0.0146, "loss": 0.6780736, "lr": 7.784e-05, "params": 4849, "time_iter": 0.01008, "accuracy": 0.58673, "precision": 0.0, "recall": 0.0, "f1": 0.0, "auc": 0.46176}
{"epoch": 83, "time_epoch": 2.94777, "eta": 49.44899, "eta_hours": 0.01374, "loss": 0.6780549, "lr": 6.963e-05, "params": 4849, "time_iter": 0.01003, "accuracy": 0.58673, "precision": 0.0, "recall": 0.0, "f1": 0.0, "auc": 0.45577}
{"epoch": 84, "time_epoch": 2.90221, "eta": 46.32519, "eta_hours": 0.01287, "loss": 0.67806669, "lr": 6.185e-05, "params": 4849, "time_iter": 0.00987, "accuracy": 0.58673, "precision": 0.0, "recall": 0.0, "f1": 0.0, "auc": 0.42854}
{"epoch": 85, "time_epoch": 2.95632, "eta": 43.21535, "eta_hours": 0.012, "loss": 0.67804686, "lr": 5.45e-05, "params": 4849, "time_iter": 0.01006, "accuracy": 0.58673, "precision": 0.0, "recall": 0.0, "f1": 0.0, "auc": 0.46064}
{"epoch": 86, "time_epoch": 3.699, "eta": 40.22002, "eta_hours": 0.01117, "loss": 0.67804117, "lr": 4.759e-05, "params": 4849, "time_iter": 0.01258, "accuracy": 0.58673, "precision": 0.0, "recall": 0.0, "f1": 0.0, "auc": 0.44375}
{"epoch": 87, "time_epoch": 3.66237, "eta": 37.2037, "eta_hours": 0.01033, "loss": 0.67804716, "lr": 4.112e-05, "params": 4849, "time_iter": 0.01246, "accuracy": 0.58673, "precision": 0.0, "recall": 0.0, "f1": 0.0, "auc": 0.43643}
{"epoch": 88, "time_epoch": 3.6671, "eta": 34.17344, "eta_hours": 0.00949, "loss": 0.67803662, "lr": 3.511e-05, "params": 4849, "time_iter": 0.01247, "accuracy": 0.58673, "precision": 0.0, "recall": 0.0, "f1": 0.0, "auc": 0.46729}
{"epoch": 89, "time_epoch": 3.66991, "eta": 31.12935, "eta_hours": 0.00865, "loss": 0.67803551, "lr": 2.956e-05, "params": 4849, "time_iter": 0.01248, "accuracy": 0.58673, "precision": 0.0, "recall": 0.0, "f1": 0.0, "auc": 0.41136}
{"epoch": 90, "time_epoch": 3.6941, "eta": 28.07389, "eta_hours": 0.0078, "loss": 0.67803523, "lr": 2.447e-05, "params": 4849, "time_iter": 0.01256, "accuracy": 0.58673, "precision": 0.0, "recall": 0.0, "f1": 0.0, "auc": 0.44735}
{"epoch": 91, "time_epoch": 3.66803, "eta": 25.00228, "eta_hours": 0.00695, "loss": 0.67804219, "lr": 1.985e-05, "params": 4849, "time_iter": 0.01248, "accuracy": 0.58673, "precision": 0.0, "recall": 0.0, "f1": 0.0, "auc": 0.45709}
{"epoch": 92, "time_epoch": 3.68063, "eta": 21.9188, "eta_hours": 0.00609, "loss": 0.67803102, "lr": 1.571e-05, "params": 4849, "time_iter": 0.01252, "accuracy": 0.58673, "precision": 0.0, "recall": 0.0, "f1": 0.0, "auc": 0.46362}
{"epoch": 93, "time_epoch": 3.67315, "eta": 18.82213, "eta_hours": 0.00523, "loss": 0.67803042, "lr": 1.204e-05, "params": 4849, "time_iter": 0.01249, "accuracy": 0.58673, "precision": 0.0, "recall": 0.0, "f1": 0.0, "auc": 0.44543}
{"epoch": 94, "time_epoch": 3.68784, "eta": 15.7141, "eta_hours": 0.00437, "loss": 0.67802969, "lr": 8.86e-06, "params": 4849, "time_iter": 0.01254, "accuracy": 0.58673, "precision": 0.0, "recall": 0.0, "f1": 0.0, "auc": 0.46063}
{"epoch": 95, "time_epoch": 3.64905, "eta": 12.59237, "eta_hours": 0.0035, "loss": 0.67802781, "lr": 6.16e-06, "params": 4849, "time_iter": 0.01241, "accuracy": 0.58673, "precision": 0.0, "recall": 0.0, "f1": 0.0, "auc": 0.45417}
{"epoch": 96, "time_epoch": 3.64988, "eta": 9.4598, "eta_hours": 0.00263, "loss": 0.67802739, "lr": 3.94e-06, "params": 4849, "time_iter": 0.01241, "accuracy": 0.58673, "precision": 0.0, "recall": 0.0, "f1": 0.0, "auc": 0.45229}
{"epoch": 97, "time_epoch": 3.6755, "eta": 6.31719, "eta_hours": 0.00175, "loss": 0.67802653, "lr": 2.22e-06, "params": 4849, "time_iter": 0.0125, "accuracy": 0.58673, "precision": 0.0, "recall": 0.0, "f1": 0.0, "auc": 0.42881}
{"epoch": 98, "time_epoch": 3.62026, "eta": 3.16326, "eta_hours": 0.00088, "loss": 0.67802573, "lr": 9.9e-07, "params": 4849, "time_iter": 0.01231, "accuracy": 0.58673, "precision": 0.0, "recall": 0.0, "f1": 0.0, "auc": 0.44754}
{"epoch": 99, "time_epoch": 3.62672, "eta": 0.0, "eta_hours": 0.0, "loss": 0.67802542, "lr": 2.5e-07, "params": 4849, "time_iter": 0.01234, "accuracy": 0.58673, "precision": 0.0, "recall": 0.0, "f1": 0.0, "auc": 0.43744}
