{"epoch": 0, "time_epoch": 2.97127, "eta": 294.15579, "eta_hours": 0.08171, "loss": 0.71568289, "lr": 0.001, "params": 5401, "time_iter": 0.07819, "accuracy": 0.48, "precision": 0.0, "recall": 0.0, "f1": 0.0, "auc": 0.49626}
{"epoch": 1, "time_epoch": 3.12477, "eta": 298.70605, "eta_hours": 0.08297, "loss": 0.70596915, "lr": 0.00099975, "params": 5401, "time_iter": 0.08223, "accuracy": 0.48, "precision": 0.0, "recall": 0.0, "f1": 0.0, "auc": 0.5}
{"epoch": 2, "time_epoch": 2.15071, "eta": 266.64507, "eta_hours": 0.07407, "loss": 0.69988441, "lr": 0.00099901, "params": 5401, "time_iter": 0.0566, "accuracy": 0.48, "precision": 0.0, "recall": 0.0, "f1": 0.0, "auc": 0.48148}
{"epoch": 3, "time_epoch": 2.24957, "eta": 251.91182, "eta_hours": 0.06998, "loss": 0.6966665, "lr": 0.00099778, "params": 5401, "time_iter": 0.0592, "accuracy": 0.48, "precision": 0.0, "recall": 0.0, "f1": 0.0, "auc": 0.41319}
{"epoch": 4, "time_epoch": 2.29369, "eta": 243.01021, "eta_hours": 0.0675, "loss": 0.69423555, "lr": 0.00099606, "params": 5401, "time_iter": 0.06036, "accuracy": 0.46667, "precision": 0.42857, "recall": 0.07692, "f1": 0.13043, "auc": 0.47133}
{"epoch": 5, "time_epoch": 2.2676, "eta": 235.90263, "eta_hours": 0.06553, "loss": 0.69337272, "lr": 0.00099384, "params": 5401, "time_iter": 0.05967, "accuracy": 0.48, "precision": 0.5, "recall": 0.91026, "f1": 0.64545, "auc": 0.45335}
{"epoch": 6, "time_epoch": 2.3001, "eta": 230.60962, "eta_hours": 0.06406, "loss": 0.69321477, "lr": 0.00099114, "params": 5401, "time_iter": 0.06053, "accuracy": 0.52, "precision": 0.52, "recall": 1.0, "f1": 0.68421, "auc": 0.38978}
{"epoch": 7, "time_epoch": 2.2634, "eta": 225.64286, "eta_hours": 0.06268, "loss": 0.69292732, "lr": 0.00098796, "params": 5401, "time_iter": 0.05956, "accuracy": 0.52, "precision": 0.52, "recall": 1.0, "f1": 0.68421, "auc": 0.38177}
{"epoch": 8, "time_epoch": 2.26327, "eta": 221.2755, "eta_hours": 0.06147, "loss": 0.69356227, "lr": 0.00098429, "params": 5401, "time_iter": 0.05956, "accuracy": 0.52, "precision": 0.52, "recall": 1.0, "f1": 0.68421, "auc": 0.3937}
{"epoch": 9, "time_epoch": 2.28516, "eta": 217.52595, "eta_hours": 0.06042, "loss": 0.69343462, "lr": 0.00098015, "params": 5401, "time_iter": 0.06014, "accuracy": 0.52, "precision": 0.52, "recall": 1.0, "f1": 0.68421, "auc": 0.40046}
{"epoch": 10, "time_epoch": 2.25854, "eta": 213.82728, "eta_hours": 0.0594, "loss": 0.69280571, "lr": 0.00097553, "params": 5401, "time_iter": 0.05944, "accuracy": 0.52, "precision": 0.52, "recall": 1.0, "f1": 0.68421, "auc": 0.43038}
{"epoch": 11, "time_epoch": 2.2782, "eta": 210.51283, "eta_hours": 0.05848, "loss": 0.69278314, "lr": 0.00097044, "params": 5401, "time_iter": 0.05995, "accuracy": 0.52, "precision": 0.52, "recall": 1.0, "f1": 0.68421, "auc": 0.40937}
{"epoch": 12, "time_epoch": 2.28008, "eta": 207.37034, "eta_hours": 0.0576, "loss": 0.69565218, "lr": 0.00096489, "params": 5401, "time_iter": 0.06, "accuracy": 0.52, "precision": 0.52, "recall": 1.0, "f1": 0.68421, "auc": 0.3239}
{"epoch": 13, "time_epoch": 2.2524, "eta": 204.18105, "eta_hours": 0.05672, "loss": 0.69293063, "lr": 0.00095888, "params": 5401, "time_iter": 0.05927, "accuracy": 0.52, "precision": 0.52, "recall": 1.0, "f1": 0.68421, "auc": 0.42539}
{"epoch": 14, "time_epoch": 2.26412, "eta": 201.18306, "eta_hours": 0.05588, "loss": 0.69262267, "lr": 0.00095241, "params": 5401, "time_iter": 0.05958, "accuracy": 0.52, "precision": 0.52, "recall": 1.0, "f1": 0.68421, "auc": 0.43305}
{"epoch": 15, "time_epoch": 2.29097, "eta": 198.41776, "eta_hours": 0.05512, "loss": 0.69259755, "lr": 0.0009455, "params": 5401, "time_iter": 0.06029, "accuracy": 0.52, "precision": 0.52, "recall": 1.0, "f1": 0.68421, "auc": 0.3482}
{"epoch": 16, "time_epoch": 2.2826, "eta": 195.66742, "eta_hours": 0.05435, "loss": 0.69310414, "lr": 0.00093815, "params": 5401, "time_iter": 0.06007, "accuracy": 0.52, "precision": 0.52, "recall": 1.0, "f1": 0.68421, "auc": 0.42913}
{"epoch": 17, "time_epoch": 2.27372, "eta": 192.9286, "eta_hours": 0.05359, "loss": 0.69289786, "lr": 0.00093037, "params": 5401, "time_iter": 0.05983, "accuracy": 0.52, "precision": 0.52, "recall": 1.0, "f1": 0.68421, "auc": 0.38835}
{"epoch": 18, "time_epoch": 2.25507, "eta": 190.15922, "eta_hours": 0.05282, "loss": 0.69257189, "lr": 0.00092216, "params": 5401, "time_iter": 0.05934, "accuracy": 0.52, "precision": 0.52, "recall": 1.0, "f1": 0.68421, "auc": 0.44961}
{"epoch": 19, "time_epoch": 2.28243, "eta": 187.5507, "eta_hours": 0.0521, "loss": 0.69263019, "lr": 0.00091354, "params": 5401, "time_iter": 0.06006, "accuracy": 0.52, "precision": 0.52, "recall": 1.0, "f1": 0.68421, "auc": 0.46011}
{"epoch": 20, "time_epoch": 2.28362, "eta": 184.97772, "eta_hours": 0.05138, "loss": 0.69332436, "lr": 0.00090451, "params": 5401, "time_iter": 0.0601, "accuracy": 0.52, "precision": 0.52, "recall": 1.0, "f1": 0.68421, "auc": 0.42343}
{"epoch": 21, "time_epoch": 2.2712, "eta": 182.38702, "eta_hours": 0.05066, "loss": 0.69253722, "lr": 0.00089508, "params": 5401, "time_iter": 0.05977, "accuracy": 0.52, "precision": 0.52, "recall": 1.0, "f1": 0.68421, "auc": 0.43073}
{"epoch": 22, "time_epoch": 2.23676, "eta": 179.70879, "eta_hours": 0.04992, "loss": 0.69263254, "lr": 0.00088526, "params": 5401, "time_iter": 0.05886, "accuracy": 0.52, "precision": 0.52, "recall": 1.0, "f1": 0.68421, "auc": 0.43572}
{"epoch": 23, "time_epoch": 2.27471, "eta": 177.18752, "eta_hours": 0.04922, "loss": 0.69285149, "lr": 0.00087506, "params": 5401, "time_iter": 0.05986, "accuracy": 0.52, "precision": 0.52, "recall": 1.0, "f1": 0.68421, "auc": 0.39868}
{"epoch": 24, "time_epoch": 2.24647, "eta": 174.60128, "eta_hours": 0.0485, "loss": 0.69256912, "lr": 0.00086448, "params": 5401, "time_iter": 0.05912, "accuracy": 0.52, "precision": 0.52, "recall": 1.0, "f1": 0.68421, "auc": 0.41738}
{"epoch": 25, "time_epoch": 2.27208, "eta": 172.11405, "eta_hours": 0.04781, "loss": 0.69285762, "lr": 0.00085355, "params": 5401, "time_iter": 0.05979, "accuracy": 0.52, "precision": 0.52, "recall": 1.0, "f1": 0.68421, "auc": 0.40429}
{"epoch": 26, "time_epoch": 2.26041, "eta": 169.61122, "eta_hours": 0.04711, "loss": 0.69260884, "lr": 0.00084227, "params": 5401, "time_iter": 0.05948, "accuracy": 0.52, "precision": 0.52, "recall": 1.0, "f1": 0.68421, "auc": 0.42076}
{"epoch": 27, "time_epoch": 2.2682, "eta": 167.14573, "eta_hours": 0.04643, "loss": 0.69250133, "lr": 0.00083066, "params": 5401, "time_iter": 0.05969, "accuracy": 0.52, "precision": 0.52, "recall": 1.0, "f1": 0.68421, "auc": 0.41889}
{"epoch": 28, "time_epoch": 2.507, "eta": 165.27848, "eta_hours": 0.04591, "loss": 0.69281579, "lr": 0.00081871, "params": 5401, "time_iter": 0.06597, "accuracy": 0.52, "precision": 0.52, "recall": 1.0, "f1": 0.68421, "auc": 0.44088}
{"epoch": 29, "time_epoch": 3.20472, "eta": 164.9966, "eta_hours": 0.04583, "loss": 0.69269295, "lr": 0.00080645, "params": 5401, "time_iter": 0.08433, "accuracy": 0.52, "precision": 0.52, "recall": 1.0, "f1": 0.68421, "auc": 0.42682}
{"epoch": 30, "time_epoch": 4.05909, "eta": 166.42782, "eta_hours": 0.04623, "loss": 0.69444671, "lr": 0.00079389, "params": 5401, "time_iter": 0.10682, "accuracy": 0.52, "precision": 0.52, "recall": 1.0, "f1": 0.68421, "auc": 0.35417}
{"epoch": 31, "time_epoch": 1.96331, "eta": 163.06236, "eta_hours": 0.0453, "loss": 0.69263704, "lr": 0.00078104, "params": 5401, "time_iter": 0.05167, "accuracy": 0.52, "precision": 0.52, "recall": 1.0, "f1": 0.68421, "auc": 0.46118}
{"epoch": 32, "time_epoch": 2.21382, "eta": 160.29049, "eta_hours": 0.04453, "loss": 0.69302652, "lr": 0.00076791, "params": 5401, "time_iter": 0.05826, "accuracy": 0.52, "precision": 0.52, "recall": 1.0, "f1": 0.68421, "auc": 0.38016}
{"epoch": 33, "time_epoch": 2.24826, "eta": 157.6183, "eta_hours": 0.04378, "loss": 0.69333925, "lr": 0.00075452, "params": 5401, "time_iter": 0.05916, "accuracy": 0.52, "precision": 0.52, "recall": 1.0, "f1": 0.68421, "auc": 0.3985}
{"epoch": 34, "time_epoch": 2.25367, "eta": 154.98039, "eta_hours": 0.04305, "loss": 0.69300539, "lr": 0.00074088, "params": 5401, "time_iter": 0.05931, "accuracy": 0.52, "precision": 0.52, "recall": 1.0, "f1": 0.68421, "auc": 0.40972}
{"epoch": 35, "time_epoch": 2.26006, "eta": 152.37518, "eta_hours": 0.04233, "loss": 0.69243458, "lr": 0.000727, "params": 5401, "time_iter": 0.05948, "accuracy": 0.52, "precision": 0.52, "recall": 1.0, "f1": 0.68421, "auc": 0.43216}
{"epoch": 36, "time_epoch": 2.25196, "eta": 149.77484, "eta_hours": 0.0416, "loss": 0.69340347, "lr": 0.00071289, "params": 5401, "time_iter": 0.05926, "accuracy": 0.52, "precision": 0.52, "recall": 1.0, "f1": 0.68421, "auc": 0.37927}
{"epoch": 37, "time_epoch": 2.25599, "eta": 147.1994, "eta_hours": 0.04089, "loss": 0.69291359, "lr": 0.00069857, "params": 5401, "time_iter": 0.05937, "accuracy": 0.52, "precision": 0.52, "recall": 1.0, "f1": 0.68421, "auc": 0.42147}
{"epoch": 38, "time_epoch": 2.25261, "eta": 144.63506, "eta_hours": 0.04018, "loss": 0.69280964, "lr": 0.00068406, "params": 5401, "time_iter": 0.05928, "accuracy": 0.52, "precision": 0.52, "recall": 1.0, "f1": 0.68421, "auc": 0.40509}
{"epoch": 39, "time_epoch": 2.26869, "eta": 142.11043, "eta_hours": 0.03948, "loss": 0.69253622, "lr": 0.00066937, "params": 5401, "time_iter": 0.0597, "accuracy": 0.52, "precision": 0.52, "recall": 1.0, "f1": 0.68421, "auc": 0.39975}
{"epoch": 40, "time_epoch": 2.2591, "eta": 139.58448, "eta_hours": 0.03877, "loss": 0.69248958, "lr": 0.00065451, "params": 5401, "time_iter": 0.05945, "accuracy": 0.52, "precision": 0.52, "recall": 1.0, "f1": 0.68421, "auc": 0.41969}
{"epoch": 41, "time_epoch": 2.26816, "eta": 137.08375, "eta_hours": 0.03808, "loss": 0.69268517, "lr": 0.0006395, "params": 5401, "time_iter": 0.05969, "accuracy": 0.52, "precision": 0.52, "recall": 1.0, "f1": 0.68421, "auc": 0.41702}
{"epoch": 42, "time_epoch": 2.26047, "eta": 134.58364, "eta_hours": 0.03738, "loss": 0.6934321, "lr": 0.00062434, "params": 5401, "time_iter": 0.05949, "accuracy": 0.52, "precision": 0.52, "recall": 1.0, "f1": 0.68421, "auc": 0.38515}
{"epoch": 43, "time_epoch": 2.24496, "eta": 132.07468, "eta_hours": 0.03669, "loss": 0.69256909, "lr": 0.00060907, "params": 5401, "time_iter": 0.05908, "accuracy": 0.52, "precision": 0.52, "recall": 1.0, "f1": 0.68421, "auc": 0.47276}
{"epoch": 44, "time_epoch": 2.25718, "eta": 129.59239, "eta_hours": 0.036, "loss": 0.69283276, "lr": 0.00059369, "params": 5401, "time_iter": 0.0594, "accuracy": 0.52, "precision": 0.52, "recall": 1.0, "f1": 0.68421, "auc": 0.36325}
{"epoch": 45, "time_epoch": 2.24846, "eta": 127.10966, "eta_hours": 0.03531, "loss": 0.69251668, "lr": 0.00057822, "params": 5401, "time_iter": 0.05917, "accuracy": 0.52, "precision": 0.52, "recall": 1.0, "f1": 0.68421, "auc": 0.42806}
{"epoch": 46, "time_epoch": 2.26468, "eta": 124.65519, "eta_hours": 0.03463, "loss": 0.6925214, "lr": 0.00056267, "params": 5401, "time_iter": 0.0596, "accuracy": 0.52, "precision": 0.52, "recall": 1.0, "f1": 0.68421, "auc": 0.44338}
{"epoch": 47, "time_epoch": 2.26447, "eta": 122.20839, "eta_hours": 0.03395, "loss": 0.69259141, "lr": 0.00054705, "params": 5401, "time_iter": 0.05959, "accuracy": 0.52, "precision": 0.52, "recall": 1.0, "f1": 0.68421, "auc": 0.42806}
{"epoch": 48, "time_epoch": 2.25987, "eta": 119.76425, "eta_hours": 0.03327, "loss": 0.69269305, "lr": 0.0005314, "params": 5401, "time_iter": 0.05947, "accuracy": 0.52, "precision": 0.52, "recall": 1.0, "f1": 0.68421, "auc": 0.38942}
{"epoch": 49, "time_epoch": 2.26887, "eta": 117.33648, "eta_hours": 0.03259, "loss": 0.69260582, "lr": 0.00051571, "params": 5401, "time_iter": 0.05971, "accuracy": 0.52, "precision": 0.52, "recall": 1.0, "f1": 0.68421, "auc": 0.36984}
{"epoch": 50, "time_epoch": 2.2596, "eta": 114.90604, "eta_hours": 0.03192, "loss": 0.69272922, "lr": 0.0005, "params": 5401, "time_iter": 0.05946, "accuracy": 0.52, "precision": 0.52, "recall": 1.0, "f1": 0.68421, "auc": 0.40776}
{"epoch": 51, "time_epoch": 2.25431, "eta": 112.47729, "eta_hours": 0.03124, "loss": 0.69252558, "lr": 0.00048429, "params": 5401, "time_iter": 0.05932, "accuracy": 0.52, "precision": 0.52, "recall": 1.0, "f1": 0.68421, "auc": 0.42753}
{"epoch": 52, "time_epoch": 2.25979, "eta": 110.05997, "eta_hours": 0.03057, "loss": 0.69264288, "lr": 0.0004686, "params": 5401, "time_iter": 0.05947, "accuracy": 0.52, "precision": 0.52, "recall": 1.0, "f1": 0.68421, "auc": 0.40741}
{"epoch": 53, "time_epoch": 2.2509, "eta": 107.64093, "eta_hours": 0.0299, "loss": 0.6928839, "lr": 0.00045295, "params": 5401, "time_iter": 0.05923, "accuracy": 0.52, "precision": 0.52, "recall": 1.0, "f1": 0.68421, "auc": 0.41595}
{"epoch": 54, "time_epoch": 2.24284, "eta": 105.22139, "eta_hours": 0.02923, "loss": 0.69239863, "lr": 0.00043733, "params": 5401, "time_iter": 0.05902, "accuracy": 0.52, "precision": 0.52, "recall": 1.0, "f1": 0.68421, "auc": 0.49181}
{"epoch": 55, "time_epoch": 2.2729, "eta": 102.83179, "eta_hours": 0.02856, "loss": 0.69272056, "lr": 0.00042178, "params": 5401, "time_iter": 0.05981, "accuracy": 0.52, "precision": 0.52, "recall": 1.0, "f1": 0.68421, "auc": 0.40643}
{"epoch": 56, "time_epoch": 2.25903, "eta": 100.43582, "eta_hours": 0.0279, "loss": 0.692453, "lr": 0.00040631, "params": 5401, "time_iter": 0.05945, "accuracy": 0.52, "precision": 0.52, "recall": 1.0, "f1": 0.68421, "auc": 0.44525}
{"epoch": 57, "time_epoch": 2.25244, "eta": 98.0398, "eta_hours": 0.02723, "loss": 0.69330052, "lr": 0.00039093, "params": 5401, "time_iter": 0.05927, "accuracy": 0.52, "precision": 0.52, "recall": 1.0, "f1": 0.68421, "auc": 0.35613}
{"epoch": 58, "time_epoch": 2.26412, "eta": 95.65677, "eta_hours": 0.02657, "loss": 0.69257903, "lr": 0.00037566, "params": 5401, "time_iter": 0.05958, "accuracy": 0.52, "precision": 0.52, "recall": 1.0, "f1": 0.68421, "auc": 0.43483}
{"epoch": 59, "time_epoch": 2.2661, "eta": 93.27901, "eta_hours": 0.02591, "loss": 0.69243642, "lr": 0.0003605, "params": 5401, "time_iter": 0.05963, "accuracy": 0.52, "precision": 0.52, "recall": 1.0, "f1": 0.68421, "auc": 0.42993}
{"epoch": 60, "time_epoch": 2.25993, "eta": 90.90098, "eta_hours": 0.02525, "loss": 0.69246941, "lr": 0.00034549, "params": 5401, "time_iter": 0.05947, "accuracy": 0.52, "precision": 0.52, "recall": 1.0, "f1": 0.68421, "auc": 0.46011}
{"epoch": 61, "time_epoch": 2.25394, "eta": 88.52308, "eta_hours": 0.02459, "loss": 0.69277089, "lr": 0.00033063, "params": 5401, "time_iter": 0.05931, "accuracy": 0.52, "precision": 0.52, "recall": 1.0, "f1": 0.68421, "auc": 0.39263}
{"epoch": 62, "time_epoch": 2.25973, "eta": 86.15252, "eta_hours": 0.02393, "loss": 0.69256991, "lr": 0.00031594, "params": 5401, "time_iter": 0.05947, "accuracy": 0.52, "precision": 0.52, "recall": 1.0, "f1": 0.68421, "auc": 0.38141}
{"epoch": 63, "time_epoch": 2.25169, "eta": 83.78089, "eta_hours": 0.02327, "loss": 0.69258137, "lr": 0.00030143, "params": 5401, "time_iter": 0.05925, "accuracy": 0.52, "precision": 0.52, "recall": 1.0, "f1": 0.68421, "auc": 0.3961}
{"epoch": 64, "time_epoch": 2.25345, "eta": 81.41391, "eta_hours": 0.02261, "loss": 0.69242261, "lr": 0.00028711, "params": 5401, "time_iter": 0.0593, "accuracy": 0.52, "precision": 0.52, "recall": 1.0, "f1": 0.68421, "auc": 0.4562}
{"epoch": 65, "time_epoch": 2.27498, "eta": 79.06146, "eta_hours": 0.02196, "loss": 0.6925337, "lr": 0.000273, "params": 5401, "time_iter": 0.05987, "accuracy": 0.52, "precision": 0.52, "recall": 1.0, "f1": 0.68421, "auc": 0.43269}
{"epoch": 66, "time_epoch": 2.26392, "eta": 76.70587, "eta_hours": 0.02131, "loss": 0.69243193, "lr": 0.00025912, "params": 5401, "time_iter": 0.05958, "accuracy": 0.52, "precision": 0.52, "recall": 1.0, "f1": 0.68421, "auc": 0.42735}
{"epoch": 67, "time_epoch": 2.25433, "eta": 74.34846, "eta_hours": 0.02065, "loss": 0.69251815, "lr": 0.00024548, "params": 5401, "time_iter": 0.05932, "accuracy": 0.52, "precision": 0.52, "recall": 1.0, "f1": 0.68421, "auc": 0.34313}
{"epoch": 68, "time_epoch": 2.26942, "eta": 72.00083, "eta_hours": 0.02, "loss": 0.69244791, "lr": 0.00023209, "params": 5401, "time_iter": 0.05972, "accuracy": 0.52, "precision": 0.52, "recall": 1.0, "f1": 0.68421, "auc": 0.39334}
{"epoch": 69, "time_epoch": 2.26767, "eta": 69.65467, "eta_hours": 0.01935, "loss": 0.6924604, "lr": 0.00021896, "params": 5401, "time_iter": 0.05968, "accuracy": 0.52, "precision": 0.52, "recall": 1.0, "f1": 0.68421, "auc": 0.4164}
{"epoch": 70, "time_epoch": 2.26444, "eta": 67.30941, "eta_hours": 0.0187, "loss": 0.69250992, "lr": 0.00020611, "params": 5401, "time_iter": 0.05959, "accuracy": 0.52, "precision": 0.52, "recall": 1.0, "f1": 0.68421, "auc": 0.37322}
{"epoch": 71, "time_epoch": 2.25873, "eta": 64.96418, "eta_hours": 0.01805, "loss": 0.69244999, "lr": 0.00019355, "params": 5401, "time_iter": 0.05944, "accuracy": 0.52, "precision": 0.52, "recall": 1.0, "f1": 0.68421, "auc": 0.3969}
{"epoch": 72, "time_epoch": 2.26619, "eta": 62.62407, "eta_hours": 0.0174, "loss": 0.69238187, "lr": 0.00018129, "params": 5401, "time_iter": 0.05964, "accuracy": 0.52, "precision": 0.52, "recall": 1.0, "f1": 0.68421, "auc": 0.45762}
{"epoch": 73, "time_epoch": 2.26036, "eta": 60.28392, "eta_hours": 0.01675, "loss": 0.69253713, "lr": 0.00016934, "params": 5401, "time_iter": 0.05948, "accuracy": 0.52, "precision": 0.52, "recall": 1.0, "f1": 0.68421, "auc": 0.38942}
{"epoch": 74, "time_epoch": 2.26424, "eta": 57.94718, "eta_hours": 0.0161, "loss": 0.6924119, "lr": 0.00015773, "params": 5401, "time_iter": 0.05959, "accuracy": 0.52, "precision": 0.52, "recall": 1.0, "f1": 0.68421, "auc": 0.43412}
{"epoch": 75, "time_epoch": 2.25289, "eta": 55.60877, "eta_hours": 0.01545, "loss": 0.69251351, "lr": 0.00014645, "params": 5401, "time_iter": 0.05929, "accuracy": 0.52, "precision": 0.52, "recall": 1.0, "f1": 0.68421, "auc": 0.3807}
{"epoch": 76, "time_epoch": 2.2526, "eta": 53.27249, "eta_hours": 0.0148, "loss": 0.69241969, "lr": 0.00013552, "params": 5401, "time_iter": 0.05928, "accuracy": 0.52, "precision": 0.52, "recall": 1.0, "f1": 0.68421, "auc": 0.43697}
{"epoch": 77, "time_epoch": 2.2576, "eta": 50.93977, "eta_hours": 0.01415, "loss": 0.69235984, "lr": 0.00012494, "params": 5401, "time_iter": 0.05941, "accuracy": 0.52, "precision": 0.52, "recall": 1.0, "f1": 0.68421, "auc": 0.48406}
{"epoch": 78, "time_epoch": 2.26069, "eta": 48.60977, "eta_hours": 0.0135, "loss": 0.69245696, "lr": 0.00011474, "params": 5401, "time_iter": 0.05949, "accuracy": 0.52, "precision": 0.52, "recall": 1.0, "f1": 0.68421, "auc": 0.39174}
{"epoch": 79, "time_epoch": 2.27344, "eta": 46.28469, "eta_hours": 0.01286, "loss": 0.69240035, "lr": 0.00010492, "params": 5401, "time_iter": 0.05983, "accuracy": 0.52, "precision": 0.52, "recall": 1.0, "f1": 0.68421, "auc": 0.43002}
{"epoch": 80, "time_epoch": 2.25296, "eta": 43.95608, "eta_hours": 0.01221, "loss": 0.6923938, "lr": 9.549e-05, "params": 5401, "time_iter": 0.05929, "accuracy": 0.52, "precision": 0.52, "recall": 1.0, "f1": 0.68421, "auc": 0.44471}
{"epoch": 81, "time_epoch": 2.26493, "eta": 41.63195, "eta_hours": 0.01156, "loss": 0.69237787, "lr": 8.646e-05, "params": 5401, "time_iter": 0.0596, "accuracy": 0.52, "precision": 0.52, "recall": 1.0, "f1": 0.68421, "auc": 0.4635}
{"epoch": 82, "time_epoch": 2.25841, "eta": 39.3079, "eta_hours": 0.01092, "loss": 0.69238407, "lr": 7.784e-05, "params": 5401, "time_iter": 0.05943, "accuracy": 0.52, "precision": 0.52, "recall": 1.0, "f1": 0.68421, "auc": 0.42646}
{"epoch": 83, "time_epoch": 2.25215, "eta": 36.98423, "eta_hours": 0.01027, "loss": 0.692428, "lr": 6.963e-05, "params": 5401, "time_iter": 0.05927, "accuracy": 0.52, "precision": 0.52, "recall": 1.0, "f1": 0.68421, "auc": 0.39566}
{"epoch": 84, "time_epoch": 2.24715, "eta": 34.66136, "eta_hours": 0.00963, "loss": 0.692376, "lr": 6.185e-05, "params": 5401, "time_iter": 0.05914, "accuracy": 0.52, "precision": 0.52, "recall": 1.0, "f1": 0.68421, "auc": 0.46546}
{"epoch": 85, "time_epoch": 2.25744, "eta": 32.34192, "eta_hours": 0.00898, "loss": 0.69241667, "lr": 5.45e-05, "params": 5401, "time_iter": 0.05941, "accuracy": 0.52, "precision": 0.52, "recall": 1.0, "f1": 0.68421, "auc": 0.40215}
{"epoch": 86, "time_epoch": 2.2617, "eta": 30.02454, "eta_hours": 0.00834, "loss": 0.69238338, "lr": 4.759e-05, "params": 5401, "time_iter": 0.05952, "accuracy": 0.52, "precision": 0.52, "recall": 1.0, "f1": 0.68421, "auc": 0.42165}
{"epoch": 87, "time_epoch": 2.24705, "eta": 27.70644, "eta_hours": 0.0077, "loss": 0.69239462, "lr": 4.112e-05, "params": 5401, "time_iter": 0.05913, "accuracy": 0.52, "precision": 0.52, "recall": 1.0, "f1": 0.68421, "auc": 0.37366}
{"epoch": 88, "time_epoch": 2.26928, "eta": 25.39267, "eta_hours": 0.00705, "loss": 0.69234334, "lr": 3.511e-05, "params": 5401, "time_iter": 0.05972, "accuracy": 0.52, "precision": 0.52, "recall": 1.0, "f1": 0.68421, "auc": 0.50881}
{"epoch": 89, "time_epoch": 2.27822, "eta": 23.08089, "eta_hours": 0.00641, "loss": 0.69235143, "lr": 2.956e-05, "params": 5401, "time_iter": 0.05995, "accuracy": 0.52, "precision": 0.52, "recall": 1.0, "f1": 0.68421, "auc": 0.51104}
{"epoch": 90, "time_epoch": 2.25233, "eta": 20.76729, "eta_hours": 0.00577, "loss": 0.69237598, "lr": 2.447e-05, "params": 5401, "time_iter": 0.05927, "accuracy": 0.52, "precision": 0.52, "recall": 1.0, "f1": 0.68421, "auc": 0.42219}
{"epoch": 91, "time_epoch": 2.25582, "eta": 18.45532, "eta_hours": 0.00513, "loss": 0.69233516, "lr": 1.985e-05, "params": 5401, "time_iter": 0.05936, "accuracy": 0.52, "precision": 0.52, "recall": 1.0, "f1": 0.68421, "auc": 0.53205}
{"epoch": 92, "time_epoch": 2.27154, "eta": 16.14574, "eta_hours": 0.00448, "loss": 0.6923533, "lr": 1.571e-05, "params": 5401, "time_iter": 0.05978, "accuracy": 0.52, "precision": 0.52, "recall": 1.0, "f1": 0.68421, "auc": 0.47124}
{"epoch": 93, "time_epoch": 2.25406, "eta": 13.83586, "eta_hours": 0.00384, "loss": 0.69236661, "lr": 1.204e-05, "params": 5401, "time_iter": 0.05932, "accuracy": 0.52, "precision": 0.52, "recall": 1.0, "f1": 0.68421, "auc": 0.45691}
{"epoch": 94, "time_epoch": 2.25407, "eta": 11.52715, "eta_hours": 0.0032, "loss": 0.69239553, "lr": 8.86e-06, "params": 5401, "time_iter": 0.05932, "accuracy": 0.52, "precision": 0.52, "recall": 1.0, "f1": 0.68421, "auc": 0.3685}
{"epoch": 95, "time_epoch": 2.25587, "eta": 9.21965, "eta_hours": 0.00256, "loss": 0.69235781, "lr": 6.16e-06, "params": 5401, "time_iter": 0.05936, "accuracy": 0.52, "precision": 0.52, "recall": 1.0, "f1": 0.68421, "auc": 0.4838}
{"epoch": 96, "time_epoch": 2.27482, "eta": 6.91381, "eta_hours": 0.00192, "loss": 0.69231553, "lr": 3.94e-06, "params": 5401, "time_iter": 0.05986, "accuracy": 0.52, "precision": 0.52, "recall": 1.0, "f1": 0.68421, "auc": 0.57505}
{"epoch": 97, "time_epoch": 2.24817, "eta": 4.60806, "eta_hours": 0.00128, "loss": 0.69234989, "lr": 2.22e-06, "params": 5401, "time_iter": 0.05916, "accuracy": 0.52, "precision": 0.52, "recall": 1.0, "f1": 0.68421, "auc": 0.50249}
{"epoch": 98, "time_epoch": 2.25861, "eta": 2.30357, "eta_hours": 0.00064, "loss": 0.69236323, "lr": 9.9e-07, "params": 5401, "time_iter": 0.05944, "accuracy": 0.52, "precision": 0.52, "recall": 1.0, "f1": 0.68421, "auc": 0.4667}
{"epoch": 99, "time_epoch": 2.26026, "eta": 0.0, "eta_hours": 0.0, "loss": 0.6923553, "lr": 2.5e-07, "params": 5401, "time_iter": 0.05948, "accuracy": 0.52, "precision": 0.52, "recall": 1.0, "f1": 0.68421, "auc": 0.48718}
