{"epoch": 0, "time_epoch": 0.05113, "eta": 5.06216, "eta_hours": 0.00141, "loss": 0.63952093, "lr": 0.001, "params": 6465, "time_iter": 0.01704, "accuracy": 0.66667, "precision": 0.66667, "recall": 1.0, "f1": 0.8, "auc": 0.39645}
{"epoch": 1, "time_epoch": 0.04348, "eta": 4.63601, "eta_hours": 0.00129, "loss": 0.63900209, "lr": 0.00099975, "params": 6465, "time_iter": 0.01449, "accuracy": 0.66667, "precision": 0.66667, "recall": 1.0, "f1": 0.8, "auc": 0.43787}
{"epoch": 2, "time_epoch": 0.03466, "eta": 4.17974, "eta_hours": 0.00116, "loss": 0.63831964, "lr": 0.00099901, "params": 6465, "time_iter": 0.01155, "accuracy": 0.66667, "precision": 0.66667, "recall": 1.0, "f1": 0.8, "auc": 0.56805}
{"epoch": 3, "time_epoch": 0.03387, "eta": 3.91545, "eta_hours": 0.00109, "loss": 0.63789719, "lr": 0.00099778, "params": 6465, "time_iter": 0.01129, "accuracy": 0.66667, "precision": 0.66667, "recall": 1.0, "f1": 0.8, "auc": 0.5858}
{"epoch": 4, "time_epoch": 0.03327, "eta": 3.7318, "eta_hours": 0.00104, "loss": 0.63790967, "lr": 0.00099606, "params": 6465, "time_iter": 0.01109, "accuracy": 0.66667, "precision": 0.66667, "recall": 1.0, "f1": 0.8, "auc": 0.47929}
{"epoch": 5, "time_epoch": 0.03458, "eta": 3.61892, "eta_hours": 0.00101, "loss": 0.63756116, "lr": 0.00099384, "params": 6465, "time_iter": 0.01153, "accuracy": 0.66667, "precision": 0.66667, "recall": 1.0, "f1": 0.8, "auc": 0.54438}
{"epoch": 6, "time_epoch": 0.04285, "eta": 3.63828, "eta_hours": 0.00101, "loss": 0.63762968, "lr": 0.00099114, "params": 6465, "time_iter": 0.01428, "accuracy": 0.66667, "precision": 0.66667, "recall": 1.0, "f1": 0.8, "auc": 0.38462}
{"epoch": 7, "time_epoch": 0.04475, "eta": 3.66394, "eta_hours": 0.00102, "loss": 0.63736239, "lr": 0.00098796, "params": 6465, "time_iter": 0.01492, "accuracy": 0.66667, "precision": 0.66667, "recall": 1.0, "f1": 0.8, "auc": 0.53254}
{"epoch": 8, "time_epoch": 0.03312, "eta": 3.5563, "eta_hours": 0.00099, "loss": 0.63727548, "lr": 0.00098429, "params": 6465, "time_iter": 0.01104, "accuracy": 0.66667, "precision": 0.66667, "recall": 1.0, "f1": 0.8, "auc": 0.48373}
{"epoch": 9, "time_epoch": 0.0331, "eta": 3.4634, "eta_hours": 0.00096, "loss": 0.63725677, "lr": 0.00098015, "params": 6465, "time_iter": 0.01103, "accuracy": 0.66667, "precision": 0.66667, "recall": 1.0, "f1": 0.8, "auc": 0.44822}
{"epoch": 10, "time_epoch": 0.03279, "eta": 3.37887, "eta_hours": 0.00094, "loss": 0.63713679, "lr": 0.00097553, "params": 6465, "time_iter": 0.01093, "accuracy": 0.66667, "precision": 0.66667, "recall": 1.0, "f1": 0.8, "auc": 0.52959}
{"epoch": 11, "time_epoch": 0.03353, "eta": 3.30838, "eta_hours": 0.00092, "loss": 0.63711005, "lr": 0.00097044, "params": 6465, "time_iter": 0.01118, "accuracy": 0.66667, "precision": 0.66667, "recall": 1.0, "f1": 0.8, "auc": 0.42012}
{"epoch": 12, "time_epoch": 0.03512, "eta": 3.2542, "eta_hours": 0.0009, "loss": 0.63704825, "lr": 0.00096489, "params": 6465, "time_iter": 0.01171, "accuracy": 0.66667, "precision": 0.66667, "recall": 1.0, "f1": 0.8, "auc": 0.44379}
{"epoch": 13, "time_epoch": 0.03332, "eta": 3.19173, "eta_hours": 0.00089, "loss": 0.63693466, "lr": 0.00095888, "params": 6465, "time_iter": 0.01111, "accuracy": 0.66667, "precision": 0.66667, "recall": 1.0, "f1": 0.8, "auc": 0.64497}
{"epoch": 14, "time_epoch": 0.03273, "eta": 3.12976, "eta_hours": 0.00087, "loss": 0.63695328, "lr": 0.00095241, "params": 6465, "time_iter": 0.01091, "accuracy": 0.66667, "precision": 0.66667, "recall": 1.0, "f1": 0.8, "auc": 0.44083}
{"epoch": 15, "time_epoch": 0.03359, "eta": 3.07598, "eta_hours": 0.00085, "loss": 0.63694581, "lr": 0.0009455, "params": 6465, "time_iter": 0.0112, "accuracy": 0.66667, "precision": 0.66667, "recall": 1.0, "f1": 0.8, "auc": 0.52663}
{"epoch": 16, "time_epoch": 0.03345, "eta": 3.02387, "eta_hours": 0.00084, "loss": 0.63690278, "lr": 0.00093815, "params": 6465, "time_iter": 0.01115, "accuracy": 0.66667, "precision": 0.66667, "recall": 1.0, "f1": 0.8, "auc": 0.45266}
{"epoch": 17, "time_epoch": 0.03365, "eta": 2.97477, "eta_hours": 0.00083, "loss": 0.63691865, "lr": 0.00093037, "params": 6465, "time_iter": 0.01122, "accuracy": 0.66667, "precision": 0.66667, "recall": 1.0, "f1": 0.8, "auc": 0.3787}
{"epoch": 18, "time_epoch": 0.03326, "eta": 2.92563, "eta_hours": 0.00081, "loss": 0.6368885, "lr": 0.00092216, "params": 6465, "time_iter": 0.01109, "accuracy": 0.66667, "precision": 0.66667, "recall": 1.0, "f1": 0.8, "auc": 0.42308}
{"epoch": 19, "time_epoch": 0.03776, "eta": 2.89609, "eta_hours": 0.0008, "loss": 0.63708351, "lr": 0.00091354, "params": 6465, "time_iter": 0.01259, "accuracy": 0.66667, "precision": 0.66667, "recall": 1.0, "f1": 0.8, "auc": 0.26331}
{"epoch": 20, "time_epoch": 0.03357, "eta": 2.85, "eta_hours": 0.00079, "loss": 0.63694531, "lr": 0.00090451, "params": 6465, "time_iter": 0.01119, "accuracy": 0.66667, "precision": 0.66667, "recall": 1.0, "f1": 0.8, "auc": 0.41716}
{"epoch": 21, "time_epoch": 0.03301, "eta": 2.80306, "eta_hours": 0.00078, "loss": 0.63684375, "lr": 0.00089508, "params": 6465, "time_iter": 0.011, "accuracy": 0.66667, "precision": 0.66667, "recall": 1.0, "f1": 0.8, "auc": 0.5503}
{"epoch": 22, "time_epoch": 0.03332, "eta": 2.75837, "eta_hours": 0.00077, "loss": 0.63682578, "lr": 0.00088526, "params": 6465, "time_iter": 0.01111, "accuracy": 0.66667, "precision": 0.66667, "recall": 1.0, "f1": 0.8, "auc": 0.54586}
{"epoch": 23, "time_epoch": 0.03365, "eta": 2.71567, "eta_hours": 0.00075, "loss": 0.63676773, "lr": 0.00087506, "params": 6465, "time_iter": 0.01122, "accuracy": 0.66667, "precision": 0.66667, "recall": 1.0, "f1": 0.8, "auc": 0.63905}
{"epoch": 24, "time_epoch": 0.03408, "eta": 2.67498, "eta_hours": 0.00074, "loss": 0.63679806, "lr": 0.00086448, "params": 6465, "time_iter": 0.01136, "accuracy": 0.66667, "precision": 0.66667, "recall": 1.0, "f1": 0.8, "auc": 0.49408}
{"epoch": 25, "time_epoch": 0.03495, "eta": 2.63729, "eta_hours": 0.00073, "loss": 0.63672419, "lr": 0.00085355, "params": 6465, "time_iter": 0.01165, "accuracy": 0.66667, "precision": 0.66667, "recall": 1.0, "f1": 0.8, "auc": 0.61243}
{"epoch": 26, "time_epoch": 0.03504, "eta": 2.60002, "eta_hours": 0.00072, "loss": 0.63682344, "lr": 0.00084227, "params": 6465, "time_iter": 0.01168, "accuracy": 0.66667, "precision": 0.66667, "recall": 1.0, "f1": 0.8, "auc": 0.42604}
{"epoch": 27, "time_epoch": 0.03474, "eta": 2.56216, "eta_hours": 0.00071, "loss": 0.63673306, "lr": 0.00083066, "params": 6465, "time_iter": 0.01158, "accuracy": 0.66667, "precision": 0.66667, "recall": 1.0, "f1": 0.8, "auc": 0.38757}
{"epoch": 28, "time_epoch": 0.03791, "eta": 2.53227, "eta_hours": 0.0007, "loss": 0.63669883, "lr": 0.00081871, "params": 6465, "time_iter": 0.01264, "accuracy": 0.66667, "precision": 0.66667, "recall": 1.0, "f1": 0.8, "auc": 0.43047}
{"epoch": 29, "time_epoch": 0.03328, "eta": 2.49104, "eta_hours": 0.00069, "loss": 0.63668283, "lr": 0.00080645, "params": 6465, "time_iter": 0.01109, "accuracy": 0.66667, "precision": 0.66667, "recall": 1.0, "f1": 0.8, "auc": 0.47633}
{"epoch": 30, "time_epoch": 0.0335, "eta": 2.45082, "eta_hours": 0.00068, "loss": 0.6366737, "lr": 0.00079389, "params": 6465, "time_iter": 0.01117, "accuracy": 0.66667, "precision": 0.66667, "recall": 1.0, "f1": 0.8, "auc": 0.5}
{"epoch": 31, "time_epoch": 0.03368, "eta": 2.41138, "eta_hours": 0.00067, "loss": 0.63665745, "lr": 0.00078104, "params": 6465, "time_iter": 0.01123, "accuracy": 0.66667, "precision": 0.66667, "recall": 1.0, "f1": 0.8, "auc": 0.53254}
{"epoch": 32, "time_epoch": 0.033, "eta": 2.37093, "eta_hours": 0.00066, "loss": 0.63663746, "lr": 0.00076791, "params": 6465, "time_iter": 0.011, "accuracy": 0.66667, "precision": 0.66667, "recall": 1.0, "f1": 0.8, "auc": 0.60355}
{"epoch": 33, "time_epoch": 0.04047, "eta": 2.34541, "eta_hours": 0.00065, "loss": 0.63671085, "lr": 0.00075452, "params": 6465, "time_iter": 0.01349, "accuracy": 0.66667, "precision": 0.66667, "recall": 1.0, "f1": 0.8, "auc": 0.42012}
{"epoch": 34, "time_epoch": 0.04246, "eta": 2.32273, "eta_hours": 0.00065, "loss": 0.63662837, "lr": 0.00074088, "params": 6465, "time_iter": 0.01415, "accuracy": 0.66667, "precision": 0.66667, "recall": 1.0, "f1": 0.8, "auc": 0.39201}
{"epoch": 35, "time_epoch": 0.03706, "eta": 2.28935, "eta_hours": 0.00064, "loss": 0.63665288, "lr": 0.000727, "params": 6465, "time_iter": 0.01235, "accuracy": 0.66667, "precision": 0.66667, "recall": 1.0, "f1": 0.8, "auc": 0.43343}
{"epoch": 36, "time_epoch": 0.03373, "eta": 2.25011, "eta_hours": 0.00063, "loss": 0.63664899, "lr": 0.00071289, "params": 6465, "time_iter": 0.01124, "accuracy": 0.66667, "precision": 0.66667, "recall": 1.0, "f1": 0.8, "auc": 0.40828}
{"epoch": 37, "time_epoch": 0.03394, "eta": 2.21149, "eta_hours": 0.00061, "loss": 0.63661838, "lr": 0.00069857, "params": 6465, "time_iter": 0.01131, "accuracy": 0.66667, "precision": 0.66667, "recall": 1.0, "f1": 0.8, "auc": 0.38609}
{"epoch": 38, "time_epoch": 0.03329, "eta": 2.1721, "eta_hours": 0.0006, "loss": 0.63659531, "lr": 0.00068406, "params": 6465, "time_iter": 0.0111, "accuracy": 0.66667, "precision": 0.66667, "recall": 1.0, "f1": 0.8, "auc": 0.55621}
{"epoch": 39, "time_epoch": 0.03318, "eta": 2.13285, "eta_hours": 0.00059, "loss": 0.63661717, "lr": 0.00066937, "params": 6465, "time_iter": 0.01106, "accuracy": 0.66667, "precision": 0.66667, "recall": 1.0, "f1": 0.8, "auc": 0.49112}
{"epoch": 40, "time_epoch": 0.0338, "eta": 2.09479, "eta_hours": 0.00058, "loss": 0.63663114, "lr": 0.00065451, "params": 6465, "time_iter": 0.01127, "accuracy": 0.66667, "precision": 0.66667, "recall": 1.0, "f1": 0.8, "auc": 0.50888}
{"epoch": 41, "time_epoch": 0.0335, "eta": 2.05652, "eta_hours": 0.00057, "loss": 0.63665734, "lr": 0.0006395, "params": 6465, "time_iter": 0.01117, "accuracy": 0.66667, "precision": 0.66667, "recall": 1.0, "f1": 0.8, "auc": 0.38462}
{"epoch": 42, "time_epoch": 0.03332, "eta": 2.01823, "eta_hours": 0.00056, "loss": 0.63663842, "lr": 0.00062434, "params": 6465, "time_iter": 0.01111, "accuracy": 0.66667, "precision": 0.66667, "recall": 1.0, "f1": 0.8, "auc": 0.51183}
{"epoch": 43, "time_epoch": 0.03359, "eta": 1.98052, "eta_hours": 0.00055, "loss": 0.63669242, "lr": 0.00060907, "params": 6465, "time_iter": 0.0112, "accuracy": 0.66667, "precision": 0.66667, "recall": 1.0, "f1": 0.8, "auc": 0.30769}
{"epoch": 44, "time_epoch": 0.03318, "eta": 1.94248, "eta_hours": 0.00054, "loss": 0.63666183, "lr": 0.00059369, "params": 6465, "time_iter": 0.01106, "accuracy": 0.66667, "precision": 0.66667, "recall": 1.0, "f1": 0.8, "auc": 0.42604}
{"epoch": 45, "time_epoch": 0.03356, "eta": 1.9051, "eta_hours": 0.00053, "loss": 0.6366355, "lr": 0.00057822, "params": 6465, "time_iter": 0.01119, "accuracy": 0.66667, "precision": 0.66667, "recall": 1.0, "f1": 0.8, "auc": 0.52367}
{"epoch": 46, "time_epoch": 0.03256, "eta": 1.86675, "eta_hours": 0.00052, "loss": 0.63665022, "lr": 0.00056267, "params": 6465, "time_iter": 0.01085, "accuracy": 0.66667, "precision": 0.66667, "recall": 1.0, "f1": 0.8, "auc": 0.44083}
{"epoch": 47, "time_epoch": 0.03077, "eta": 1.8267, "eta_hours": 0.00051, "loss": 0.63668632, "lr": 0.00054705, "params": 6465, "time_iter": 0.01026, "accuracy": 0.66667, "precision": 0.66667, "recall": 1.0, "f1": 0.8, "auc": 0.32544}
{"epoch": 48, "time_epoch": 0.03348, "eta": 1.78986, "eta_hours": 0.0005, "loss": 0.63662156, "lr": 0.0005314, "params": 6465, "time_iter": 0.01116, "accuracy": 0.66667, "precision": 0.66667, "recall": 1.0, "f1": 0.8, "auc": 0.52663}
{"epoch": 49, "time_epoch": 0.03341, "eta": 1.75308, "eta_hours": 0.00049, "loss": 0.63665373, "lr": 0.00051571, "params": 6465, "time_iter": 0.01114, "accuracy": 0.66667, "precision": 0.66667, "recall": 1.0, "f1": 0.8, "auc": 0.44083}
{"epoch": 50, "time_epoch": 0.03326, "eta": 1.71629, "eta_hours": 0.00048, "loss": 0.6366279, "lr": 0.0005, "params": 6465, "time_iter": 0.01109, "accuracy": 0.66667, "precision": 0.66667, "recall": 1.0, "f1": 0.8, "auc": 0.60651}
{"epoch": 51, "time_epoch": 0.03342, "eta": 1.67978, "eta_hours": 0.00047, "loss": 0.63664433, "lr": 0.00048429, "params": 6465, "time_iter": 0.01114, "accuracy": 0.66667, "precision": 0.66667, "recall": 1.0, "f1": 0.8, "auc": 0.5}
{"epoch": 52, "time_epoch": 0.03358, "eta": 1.64352, "eta_hours": 0.00046, "loss": 0.63663656, "lr": 0.0004686, "params": 6465, "time_iter": 0.01119, "accuracy": 0.66667, "precision": 0.66667, "recall": 1.0, "f1": 0.8, "auc": 0.48817}
{"epoch": 53, "time_epoch": 0.03333, "eta": 1.60716, "eta_hours": 0.00045, "loss": 0.63665411, "lr": 0.00045295, "params": 6465, "time_iter": 0.01111, "accuracy": 0.66667, "precision": 0.66667, "recall": 1.0, "f1": 0.8, "auc": 0.40828}
{"epoch": 54, "time_epoch": 0.03295, "eta": 1.57059, "eta_hours": 0.00044, "loss": 0.63666151, "lr": 0.00043733, "params": 6465, "time_iter": 0.01098, "accuracy": 0.66667, "precision": 0.66667, "recall": 1.0, "f1": 0.8, "auc": 0.39053}
{"epoch": 55, "time_epoch": 0.03347, "eta": 1.53456, "eta_hours": 0.00043, "loss": 0.63663214, "lr": 0.00042178, "params": 6465, "time_iter": 0.01116, "accuracy": 0.66667, "precision": 0.66667, "recall": 1.0, "f1": 0.8, "auc": 0.56509}
{"epoch": 56, "time_epoch": 0.03338, "eta": 1.49856, "eta_hours": 0.00042, "loss": 0.63664063, "lr": 0.00040631, "params": 6465, "time_iter": 0.01113, "accuracy": 0.66667, "precision": 0.66667, "recall": 1.0, "f1": 0.8, "auc": 0.52367}
{"epoch": 57, "time_epoch": 0.03343, "eta": 1.46268, "eta_hours": 0.00041, "loss": 0.63664682, "lr": 0.00039093, "params": 6465, "time_iter": 0.01114, "accuracy": 0.66667, "precision": 0.66667, "recall": 1.0, "f1": 0.8, "auc": 0.47041}
{"epoch": 58, "time_epoch": 0.0336, "eta": 1.427, "eta_hours": 0.0004, "loss": 0.63661477, "lr": 0.00037566, "params": 6465, "time_iter": 0.0112, "accuracy": 0.66667, "precision": 0.66667, "recall": 1.0, "f1": 0.8, "auc": 0.64497}
{"epoch": 59, "time_epoch": 0.03492, "eta": 1.39227, "eta_hours": 0.00039, "loss": 0.6366721, "lr": 0.0003605, "params": 6465, "time_iter": 0.01164, "accuracy": 0.66667, "precision": 0.66667, "recall": 1.0, "f1": 0.8, "auc": 0.29586}
{"epoch": 60, "time_epoch": 0.03485, "eta": 1.3575, "eta_hours": 0.00038, "loss": 0.63665127, "lr": 0.00034549, "params": 6465, "time_iter": 0.01162, "accuracy": 0.66667, "precision": 0.66667, "recall": 1.0, "f1": 0.8, "auc": 0.26923}
{"epoch": 61, "time_epoch": 0.03461, "eta": 1.32256, "eta_hours": 0.00037, "loss": 0.63662618, "lr": 0.00033063, "params": 6465, "time_iter": 0.01154, "accuracy": 0.66667, "precision": 0.66667, "recall": 1.0, "f1": 0.8, "auc": 0.40237}
{"epoch": 62, "time_epoch": 0.03398, "eta": 1.28728, "eta_hours": 0.00036, "loss": 0.63663159, "lr": 0.00031594, "params": 6465, "time_iter": 0.01133, "accuracy": 0.66667, "precision": 0.66667, "recall": 1.0, "f1": 0.8, "auc": 0.40828}
{"epoch": 63, "time_epoch": 0.03366, "eta": 1.25185, "eta_hours": 0.00035, "loss": 0.63661023, "lr": 0.00030143, "params": 6465, "time_iter": 0.01122, "accuracy": 0.66667, "precision": 0.66667, "recall": 1.0, "f1": 0.8, "auc": 0.54142}
{"epoch": 64, "time_epoch": 0.03369, "eta": 1.21649, "eta_hours": 0.00034, "loss": 0.63666471, "lr": 0.00028711, "params": 6465, "time_iter": 0.01123, "accuracy": 0.66667, "precision": 0.66667, "recall": 1.0, "f1": 0.8, "auc": 0.33728}
{"epoch": 65, "time_epoch": 0.05024, "eta": 1.18971, "eta_hours": 0.00033, "loss": 0.63664032, "lr": 0.000273, "params": 6465, "time_iter": 0.01675, "accuracy": 0.66667, "precision": 0.66667, "recall": 1.0, "f1": 0.8, "auc": 0.32249}
{"epoch": 66, "time_epoch": 0.05048, "eta": 1.16234, "eta_hours": 0.00032, "loss": 0.6366339, "lr": 0.00025912, "params": 6465, "time_iter": 0.01683, "accuracy": 0.66667, "precision": 0.66667, "recall": 1.0, "f1": 0.8, "auc": 0.51479}
{"epoch": 67, "time_epoch": 0.05049, "eta": 1.1343, "eta_hours": 0.00032, "loss": 0.63663759, "lr": 0.00024548, "params": 6465, "time_iter": 0.01683, "accuracy": 0.66667, "precision": 0.66667, "recall": 1.0, "f1": 0.8, "auc": 0.4497}
{"epoch": 68, "time_epoch": 0.03712, "eta": 1.09961, "eta_hours": 0.00031, "loss": 0.63664073, "lr": 0.00023209, "params": 6465, "time_iter": 0.01237, "accuracy": 0.66667, "precision": 0.66667, "recall": 1.0, "f1": 0.8, "auc": 0.47633}
{"epoch": 69, "time_epoch": 0.03426, "eta": 1.06362, "eta_hours": 0.0003, "loss": 0.63664439, "lr": 0.00021896, "params": 6465, "time_iter": 0.01142, "accuracy": 0.66667, "precision": 0.66667, "recall": 1.0, "f1": 0.8, "auc": 0.4216}
{"epoch": 70, "time_epoch": 0.05328, "eta": 1.03545, "eta_hours": 0.00029, "loss": 0.63664175, "lr": 0.00020611, "params": 6465, "time_iter": 0.01776, "accuracy": 0.66667, "precision": 0.66667, "recall": 1.0, "f1": 0.8, "auc": 0.3284}
{"epoch": 71, "time_epoch": 0.0473, "eta": 1.00425, "eta_hours": 0.00028, "loss": 0.63662369, "lr": 0.00019355, "params": 6465, "time_iter": 0.01577, "accuracy": 0.66667, "precision": 0.66667, "recall": 1.0, "f1": 0.8, "auc": 0.55621}
{"epoch": 72, "time_epoch": 0.0318, "eta": 0.96688, "eta_hours": 0.00027, "loss": 0.63663219, "lr": 0.00018129, "params": 6465, "time_iter": 0.0106, "accuracy": 0.66667, "precision": 0.66667, "recall": 1.0, "f1": 0.8, "auc": 0.37574}
{"epoch": 73, "time_epoch": 0.02993, "eta": 0.929, "eta_hours": 0.00026, "loss": 0.63661143, "lr": 0.00016934, "params": 6465, "time_iter": 0.00998, "accuracy": 0.66667, "precision": 0.66667, "recall": 1.0, "f1": 0.8, "auc": 0.61538}
{"epoch": 74, "time_epoch": 0.0299, "eta": 0.89133, "eta_hours": 0.00025, "loss": 0.63662744, "lr": 0.00015773, "params": 6465, "time_iter": 0.00997, "accuracy": 0.66667, "precision": 0.66667, "recall": 1.0, "f1": 0.8, "auc": 0.44527}
{"epoch": 75, "time_epoch": 0.03247, "eta": 0.85467, "eta_hours": 0.00024, "loss": 0.63661153, "lr": 0.00014645, "params": 6465, "time_iter": 0.01082, "accuracy": 0.66667, "precision": 0.66667, "recall": 1.0, "f1": 0.8, "auc": 0.55621}
{"epoch": 76, "time_epoch": 0.03086, "eta": 0.81764, "eta_hours": 0.00023, "loss": 0.63663611, "lr": 0.00013552, "params": 6465, "time_iter": 0.01029, "accuracy": 0.66667, "precision": 0.66667, "recall": 1.0, "f1": 0.8, "auc": 0.38757}
{"epoch": 77, "time_epoch": 0.03089, "eta": 0.78078, "eta_hours": 0.00022, "loss": 0.63662753, "lr": 0.00012494, "params": 6465, "time_iter": 0.0103, "accuracy": 0.66667, "precision": 0.66667, "recall": 1.0, "f1": 0.8, "auc": 0.47337}
{"epoch": 78, "time_epoch": 0.0308, "eta": 0.74404, "eta_hours": 0.00021, "loss": 0.63662229, "lr": 0.00011474, "params": 6465, "time_iter": 0.01027, "accuracy": 0.66667, "precision": 0.66667, "recall": 1.0, "f1": 0.8, "auc": 0.50296}
{"epoch": 79, "time_epoch": 0.0311, "eta": 0.70753, "eta_hours": 0.0002, "loss": 0.63661491, "lr": 0.00010492, "params": 6465, "time_iter": 0.01037, "accuracy": 0.66667, "precision": 0.66667, "recall": 1.0, "f1": 0.8, "auc": 0.57692}
{"epoch": 80, "time_epoch": 0.03123, "eta": 0.67118, "eta_hours": 0.00019, "loss": 0.63661585, "lr": 9.549e-05, "params": 6465, "time_iter": 0.01041, "accuracy": 0.66667, "precision": 0.66667, "recall": 1.0, "f1": 0.8, "auc": 0.60355}
{"epoch": 81, "time_epoch": 0.03395, "eta": 0.63555, "eta_hours": 0.00018, "loss": 0.63662612, "lr": 8.646e-05, "params": 6465, "time_iter": 0.01132, "accuracy": 0.66667, "precision": 0.66667, "recall": 1.0, "f1": 0.8, "auc": 0.50296}
{"epoch": 82, "time_epoch": 0.02984, "eta": 0.59912, "eta_hours": 0.00017, "loss": 0.63662344, "lr": 7.784e-05, "params": 6465, "time_iter": 0.00995, "accuracy": 0.66667, "precision": 0.66667, "recall": 1.0, "f1": 0.8, "auc": 0.50296}
{"epoch": 83, "time_epoch": 0.03443, "eta": 0.56373, "eta_hours": 0.00016, "loss": 0.63662783, "lr": 6.963e-05, "params": 6465, "time_iter": 0.01148, "accuracy": 0.66667, "precision": 0.66667, "recall": 1.0, "f1": 0.8, "auc": 0.43491}
{"epoch": 84, "time_epoch": 0.03818, "eta": 0.52901, "eta_hours": 0.00015, "loss": 0.63661573, "lr": 6.185e-05, "params": 6465, "time_iter": 0.01273, "accuracy": 0.66667, "precision": 0.66667, "recall": 1.0, "f1": 0.8, "auc": 0.60355}
{"epoch": 85, "time_epoch": 0.03589, "eta": 0.49385, "eta_hours": 0.00014, "loss": 0.63662304, "lr": 5.45e-05, "params": 6465, "time_iter": 0.01196, "accuracy": 0.66667, "precision": 0.66667, "recall": 1.0, "f1": 0.8, "auc": 0.5355}
{"epoch": 86, "time_epoch": 0.03962, "eta": 0.45922, "eta_hours": 0.00013, "loss": 0.63662188, "lr": 4.759e-05, "params": 6465, "time_iter": 0.01321, "accuracy": 0.66667, "precision": 0.66667, "recall": 1.0, "f1": 0.8, "auc": 0.47633}
{"epoch": 87, "time_epoch": 0.03723, "eta": 0.42416, "eta_hours": 0.00012, "loss": 0.63660836, "lr": 4.112e-05, "params": 6465, "time_iter": 0.01241, "accuracy": 0.66667, "precision": 0.66667, "recall": 1.0, "f1": 0.8, "auc": 0.64349}
{"epoch": 88, "time_epoch": 0.04094, "eta": 0.3895, "eta_hours": 0.00011, "loss": 0.63662687, "lr": 3.511e-05, "params": 6465, "time_iter": 0.01365, "accuracy": 0.66667, "precision": 0.66667, "recall": 1.0, "f1": 0.8, "auc": 0.44675}
{"epoch": 89, "time_epoch": 0.03467, "eta": 0.35401, "eta_hours": 0.0001, "loss": 0.63662493, "lr": 2.956e-05, "params": 6465, "time_iter": 0.01156, "accuracy": 0.66667, "precision": 0.66667, "recall": 1.0, "f1": 0.8, "auc": 0.41716}
{"epoch": 90, "time_epoch": 0.04239, "eta": 0.3193, "eta_hours": 9e-05, "loss": 0.63662788, "lr": 2.447e-05, "params": 6465, "time_iter": 0.01413, "accuracy": 0.66667, "precision": 0.66667, "recall": 1.0, "f1": 0.8, "auc": 0.37574}
{"epoch": 91, "time_epoch": 0.0436, "eta": 0.28453, "eta_hours": 8e-05, "loss": 0.63662617, "lr": 1.985e-05, "params": 6465, "time_iter": 0.01453, "accuracy": 0.66667, "precision": 0.66667, "recall": 1.0, "f1": 0.8, "auc": 0.44675}
{"epoch": 92, "time_epoch": 0.04202, "eta": 0.24945, "eta_hours": 7e-05, "loss": 0.63660862, "lr": 1.571e-05, "params": 6465, "time_iter": 0.01401, "accuracy": 0.66667, "precision": 0.66667, "recall": 1.0, "f1": 0.8, "auc": 0.60059}
{"epoch": 93, "time_epoch": 0.04178, "eta": 0.21421, "eta_hours": 6e-05, "loss": 0.63661587, "lr": 1.204e-05, "params": 6465, "time_iter": 0.01393, "accuracy": 0.66667, "precision": 0.66667, "recall": 1.0, "f1": 0.8, "auc": 0.57101}
{"epoch": 94, "time_epoch": 0.04072, "eta": 0.17877, "eta_hours": 5e-05, "loss": 0.63661955, "lr": 8.86e-06, "params": 6465, "time_iter": 0.01357, "accuracy": 0.66667, "precision": 0.66667, "recall": 1.0, "f1": 0.8, "auc": 0.47337}
{"epoch": 95, "time_epoch": 0.03937, "eta": 0.14317, "eta_hours": 4e-05, "loss": 0.6366132, "lr": 6.16e-06, "params": 6465, "time_iter": 0.01312, "accuracy": 0.66667, "precision": 0.66667, "recall": 1.0, "f1": 0.8, "auc": 0.54142}
{"epoch": 96, "time_epoch": 0.04161, "eta": 0.10755, "eta_hours": 3e-05, "loss": 0.63661371, "lr": 3.94e-06, "params": 6465, "time_iter": 0.01387, "accuracy": 0.66667, "precision": 0.66667, "recall": 1.0, "f1": 0.8, "auc": 0.60207}
{"epoch": 97, "time_epoch": 0.05487, "eta": 0.07209, "eta_hours": 2e-05, "loss": 0.63661992, "lr": 2.22e-06, "params": 6465, "time_iter": 0.01829, "accuracy": 0.66667, "precision": 0.66667, "recall": 1.0, "f1": 0.8, "auc": 0.49112}
{"epoch": 98, "time_epoch": 0.03492, "eta": 0.03603, "eta_hours": 1e-05, "loss": 0.63660283, "lr": 9.9e-07, "params": 6465, "time_iter": 0.01164, "accuracy": 0.66667, "precision": 0.66667, "recall": 1.0, "f1": 0.8, "auc": 0.71893}
{"epoch": 99, "time_epoch": 0.03429, "eta": 0.0, "eta_hours": 0.0, "loss": 0.63663486, "lr": 2.5e-07, "params": 6465, "time_iter": 0.01143, "accuracy": 0.66667, "precision": 0.66667, "recall": 1.0, "f1": 0.8, "auc": 0.33728}
