{"epoch": 0, "time_epoch": 0.96965, "eta": 95.99583, "eta_hours": 0.02667, "loss": 0.67933327, "lr": 0.001, "params": 8313, "time_iter": 0.32322, "accuracy": 0.66667, "precision": 0.66667, "recall": 1.0, "f1": 0.8, "auc": 0.36095}
{"epoch": 1, "time_epoch": 2.09859, "eta": 150.3438, "eta_hours": 0.04176, "loss": 0.67583921, "lr": 0.00099975, "params": 8313, "time_iter": 0.69953, "accuracy": 0.66667, "precision": 0.66667, "recall": 1.0, "f1": 0.8, "auc": 0.62426}
{"epoch": 2, "time_epoch": 2.06552, "eta": 165.99153, "eta_hours": 0.04611, "loss": 0.6738332, "lr": 0.00099901, "params": 8313, "time_iter": 0.68851, "accuracy": 0.66667, "precision": 0.66667, "recall": 1.0, "f1": 0.8, "auc": 0.51479}
{"epoch": 3, "time_epoch": 2.05212, "eta": 172.46105, "eta_hours": 0.04791, "loss": 0.67160664, "lr": 0.00099778, "params": 8313, "time_iter": 0.68404, "accuracy": 0.66667, "precision": 0.66667, "recall": 1.0, "f1": 0.8, "auc": 0.38166}
{"epoch": 4, "time_epoch": 2.08367, "eta": 176.12134, "eta_hours": 0.04892, "loss": 0.66862196, "lr": 0.00099606, "params": 8313, "time_iter": 0.69456, "accuracy": 0.66667, "precision": 0.66667, "recall": 1.0, "f1": 0.8, "auc": 0.5503}
{"epoch": 5, "time_epoch": 2.0729, "eta": 177.69825, "eta_hours": 0.04936, "loss": 0.6663143, "lr": 0.00099384, "params": 8313, "time_iter": 0.69097, "accuracy": 0.69231, "precision": 0.68421, "recall": 1.0, "f1": 0.8125, "auc": 0.64497}
{"epoch": 6, "time_epoch": 2.06605, "eta": 178.14139, "eta_hours": 0.04948, "loss": 0.66442631, "lr": 0.00099114, "params": 8313, "time_iter": 0.68868, "accuracy": 0.69231, "precision": 0.68421, "recall": 1.0, "f1": 0.8125, "auc": 0.48521}
{"epoch": 7, "time_epoch": 0.79719, "eta": 163.36529, "eta_hours": 0.04538, "loss": 0.66171613, "lr": 0.00098796, "params": 8313, "time_iter": 0.26573, "accuracy": 0.69231, "precision": 0.68421, "recall": 1.0, "f1": 0.8125, "auc": 0.56805}
{"epoch": 8, "time_epoch": 0.16062, "eta": 145.25922, "eta_hours": 0.04035, "loss": 0.6594095, "lr": 0.00098429, "params": 8313, "time_iter": 0.05354, "accuracy": 0.69231, "precision": 0.68421, "recall": 1.0, "f1": 0.8125, "auc": 0.5503}
{"epoch": 9, "time_epoch": 0.15752, "eta": 130.71437, "eta_hours": 0.03631, "loss": 0.65804646, "lr": 0.00098015, "params": 8313, "time_iter": 0.05251, "accuracy": 0.69231, "precision": 0.68421, "recall": 1.0, "f1": 0.8125, "auc": 0.61243}
{"epoch": 10, "time_epoch": 0.16013, "eta": 118.80651, "eta_hours": 0.033, "loss": 0.65411955, "lr": 0.00097553, "params": 8313, "time_iter": 0.05338, "accuracy": 0.69231, "precision": 0.68421, "recall": 1.0, "f1": 0.8125, "auc": 0.66272}
{"epoch": 11, "time_epoch": 0.15933, "eta": 108.85072, "eta_hours": 0.03024, "loss": 0.65151376, "lr": 0.00097044, "params": 8313, "time_iter": 0.05311, "accuracy": 0.69231, "precision": 0.68421, "recall": 1.0, "f1": 0.8125, "auc": 0.64497}
{"epoch": 12, "time_epoch": 0.16688, "eta": 100.45259, "eta_hours": 0.0279, "loss": 0.65380115, "lr": 0.00096489, "params": 8313, "time_iter": 0.05563, "accuracy": 0.66667, "precision": 0.66667, "recall": 1.0, "f1": 0.8, "auc": 0.57396}
{"epoch": 13, "time_epoch": 0.17178, "eta": 93.26045, "eta_hours": 0.02591, "loss": 0.64619127, "lr": 0.00095888, "params": 8313, "time_iter": 0.05726, "accuracy": 0.69231, "precision": 0.68421, "recall": 1.0, "f1": 0.8125, "auc": 0.53254}
{"epoch": 14, "time_epoch": 0.17906, "eta": 87.04566, "eta_hours": 0.02418, "loss": 0.64191525, "lr": 0.00095241, "params": 8313, "time_iter": 0.05969, "accuracy": 0.69231, "precision": 0.68421, "recall": 1.0, "f1": 0.8125, "auc": 0.65089}
{"epoch": 15, "time_epoch": 0.17842, "eta": 81.58193, "eta_hours": 0.02266, "loss": 0.63965405, "lr": 0.0009455, "params": 8313, "time_iter": 0.05947, "accuracy": 0.69231, "precision": 0.68421, "recall": 1.0, "f1": 0.8125, "auc": 0.66864}
{"epoch": 16, "time_epoch": 0.18091, "eta": 76.75218, "eta_hours": 0.02132, "loss": 0.63773181, "lr": 0.00093815, "params": 8313, "time_iter": 0.0603, "accuracy": 0.69231, "precision": 0.68421, "recall": 1.0, "f1": 0.8125, "auc": 0.65976}
{"epoch": 17, "time_epoch": 0.18109, "eta": 72.43977, "eta_hours": 0.02012, "loss": 0.63511287, "lr": 0.00093037, "params": 8313, "time_iter": 0.06036, "accuracy": 0.69231, "precision": 0.68421, "recall": 1.0, "f1": 0.8125, "auc": 0.59172}
{"epoch": 18, "time_epoch": 0.17753, "eta": 68.54709, "eta_hours": 0.01904, "loss": 0.63472944, "lr": 0.00092216, "params": 8313, "time_iter": 0.05918, "accuracy": 0.69231, "precision": 0.68421, "recall": 1.0, "f1": 0.8125, "auc": 0.67751}
{"epoch": 19, "time_epoch": 0.18083, "eta": 65.03912, "eta_hours": 0.01807, "loss": 0.63112071, "lr": 0.00091354, "params": 8313, "time_iter": 0.06028, "accuracy": 0.69231, "precision": 0.68421, "recall": 1.0, "f1": 0.8125, "auc": 0.63905}
{"epoch": 20, "time_epoch": 0.17822, "eta": 61.83819, "eta_hours": 0.01718, "loss": 0.62809002, "lr": 0.00090451, "params": 8313, "time_iter": 0.05941, "accuracy": 0.69231, "precision": 0.68421, "recall": 1.0, "f1": 0.8125, "auc": 0.6716}
{"epoch": 21, "time_epoch": 0.17811, "eta": 58.91165, "eta_hours": 0.01636, "loss": 0.62195265, "lr": 0.00089508, "params": 8313, "time_iter": 0.05937, "accuracy": 0.69231, "precision": 0.68421, "recall": 1.0, "f1": 0.8125, "auc": 0.6716}
{"epoch": 22, "time_epoch": 0.17744, "eta": 56.22187, "eta_hours": 0.01562, "loss": 0.61950425, "lr": 0.00088526, "params": 8313, "time_iter": 0.05915, "accuracy": 0.69231, "precision": 0.68421, "recall": 1.0, "f1": 0.8125, "auc": 0.73373}
{"epoch": 23, "time_epoch": 0.17871, "eta": 53.74547, "eta_hours": 0.01493, "loss": 0.6166217, "lr": 0.00087506, "params": 8313, "time_iter": 0.05957, "accuracy": 0.69231, "precision": 0.68421, "recall": 1.0, "f1": 0.8125, "auc": 0.67456}
{"epoch": 24, "time_epoch": 0.17693, "eta": 51.44754, "eta_hours": 0.01429, "loss": 0.61156557, "lr": 0.00086448, "params": 8313, "time_iter": 0.05898, "accuracy": 0.69231, "precision": 0.68421, "recall": 1.0, "f1": 0.8125, "auc": 0.74852}
{"epoch": 25, "time_epoch": 0.18064, "eta": 49.32333, "eta_hours": 0.0137, "loss": 0.60899718, "lr": 0.00085355, "params": 8313, "time_iter": 0.06021, "accuracy": 0.69231, "precision": 0.68421, "recall": 1.0, "f1": 0.8125, "auc": 0.71893}
{"epoch": 26, "time_epoch": 0.18253, "eta": 47.34821, "eta_hours": 0.01315, "loss": 0.60065511, "lr": 0.00084227, "params": 8313, "time_iter": 0.06084, "accuracy": 0.69231, "precision": 0.68421, "recall": 1.0, "f1": 0.8125, "auc": 0.7426}
{"epoch": 27, "time_epoch": 0.1792, "eta": 45.49257, "eta_hours": 0.01264, "loss": 0.59865761, "lr": 0.00083066, "params": 8313, "time_iter": 0.05973, "accuracy": 0.69231, "precision": 0.68421, "recall": 1.0, "f1": 0.8125, "auc": 0.73373}
{"epoch": 28, "time_epoch": 0.17991, "eta": 43.75427, "eta_hours": 0.01215, "loss": 0.59659576, "lr": 0.00081871, "params": 8313, "time_iter": 0.05997, "accuracy": 0.69231, "precision": 0.68421, "recall": 1.0, "f1": 0.8125, "auc": 0.76923}
{"epoch": 29, "time_epoch": 0.17403, "eta": 42.10614, "eta_hours": 0.0117, "loss": 0.59358682, "lr": 0.00080645, "params": 8313, "time_iter": 0.05801, "accuracy": 0.69231, "precision": 0.68421, "recall": 1.0, "f1": 0.8125, "auc": 0.78994}
{"epoch": 30, "time_epoch": 0.17811, "eta": 40.56221, "eta_hours": 0.01127, "loss": 0.58351665, "lr": 0.00079389, "params": 8313, "time_iter": 0.05937, "accuracy": 0.69231, "precision": 0.68421, "recall": 1.0, "f1": 0.8125, "auc": 0.83728}
{"epoch": 31, "time_epoch": 0.17485, "eta": 39.0967, "eta_hours": 0.01086, "loss": 0.59375423, "lr": 0.00078104, "params": 8313, "time_iter": 0.05828, "accuracy": 0.69231, "precision": 0.68421, "recall": 1.0, "f1": 0.8125, "auc": 0.78402}
{"epoch": 32, "time_epoch": 0.18079, "eta": 37.72148, "eta_hours": 0.01048, "loss": 0.57694702, "lr": 0.00076791, "params": 8313, "time_iter": 0.06026, "accuracy": 0.69231, "precision": 0.68421, "recall": 1.0, "f1": 0.8125, "auc": 0.81065}
{"epoch": 33, "time_epoch": 0.18648, "eta": 36.42757, "eta_hours": 0.01012, "loss": 0.58001722, "lr": 0.00075452, "params": 8313, "time_iter": 0.06216, "accuracy": 0.69231, "precision": 0.68421, "recall": 1.0, "f1": 0.8125, "auc": 0.86391}
{"epoch": 34, "time_epoch": 0.1792, "eta": 35.18341, "eta_hours": 0.00977, "loss": 0.56982548, "lr": 0.00074088, "params": 8313, "time_iter": 0.05973, "accuracy": 0.69231, "precision": 0.68421, "recall": 1.0, "f1": 0.8125, "auc": 0.80473}
{"epoch": 35, "time_epoch": 0.17587, "eta": 33.9925, "eta_hours": 0.00944, "loss": 0.5660713, "lr": 0.000727, "params": 8313, "time_iter": 0.05862, "accuracy": 0.69231, "precision": 0.68421, "recall": 1.0, "f1": 0.8125, "auc": 0.87278}
{"epoch": 36, "time_epoch": 0.1783, "eta": 32.8606, "eta_hours": 0.00913, "loss": 0.56288483, "lr": 0.00071289, "params": 8313, "time_iter": 0.05943, "accuracy": 0.69231, "precision": 0.68421, "recall": 1.0, "f1": 0.8125, "auc": 0.88757}
{"epoch": 37, "time_epoch": 0.17671, "eta": 31.7763, "eta_hours": 0.00883, "loss": 0.56088175, "lr": 0.00069857, "params": 8313, "time_iter": 0.0589, "accuracy": 0.69231, "precision": 0.68421, "recall": 1.0, "f1": 0.8125, "auc": 0.89349}
{"epoch": 38, "time_epoch": 0.17849, "eta": 30.74131, "eta_hours": 0.00854, "loss": 0.55492753, "lr": 0.00068406, "params": 8313, "time_iter": 0.0595, "accuracy": 0.69231, "precision": 0.68421, "recall": 1.0, "f1": 0.8125, "auc": 0.88462}
{"epoch": 39, "time_epoch": 0.18441, "eta": 29.75804, "eta_hours": 0.00827, "loss": 0.53628006, "lr": 0.00066937, "params": 8313, "time_iter": 0.06147, "accuracy": 0.69231, "precision": 0.68421, "recall": 1.0, "f1": 0.8125, "auc": 0.92899}
{"epoch": 40, "time_epoch": 0.18064, "eta": 28.80831, "eta_hours": 0.008, "loss": 0.53944304, "lr": 0.00065451, "params": 8313, "time_iter": 0.06021, "accuracy": 0.69231, "precision": 0.68421, "recall": 1.0, "f1": 0.8125, "auc": 0.9142}
{"epoch": 41, "time_epoch": 0.18007, "eta": 27.89442, "eta_hours": 0.00775, "loss": 0.52938942, "lr": 0.0006395, "params": 8313, "time_iter": 0.06002, "accuracy": 0.69231, "precision": 0.68421, "recall": 1.0, "f1": 0.8125, "auc": 0.93491}
{"epoch": 42, "time_epoch": 0.17844, "eta": 27.0125, "eta_hours": 0.0075, "loss": 0.52407898, "lr": 0.00062434, "params": 8313, "time_iter": 0.05948, "accuracy": 0.69231, "precision": 0.68421, "recall": 1.0, "f1": 0.8125, "auc": 0.94675}
{"epoch": 43, "time_epoch": 0.17496, "eta": 26.15812, "eta_hours": 0.00727, "loss": 0.51815436, "lr": 0.00060907, "params": 8313, "time_iter": 0.05832, "accuracy": 0.69231, "precision": 0.68421, "recall": 1.0, "f1": 0.8125, "auc": 0.93195}
{"epoch": 44, "time_epoch": 0.18275, "eta": 25.34345, "eta_hours": 0.00704, "loss": 0.51533844, "lr": 0.00059369, "params": 8313, "time_iter": 0.06092, "accuracy": 0.69231, "precision": 0.68421, "recall": 1.0, "f1": 0.8125, "auc": 0.93787}
{"epoch": 45, "time_epoch": 0.17792, "eta": 24.5506, "eta_hours": 0.00682, "loss": 0.50012919, "lr": 0.00057822, "params": 8313, "time_iter": 0.05931, "accuracy": 0.69231, "precision": 0.68421, "recall": 1.0, "f1": 0.8125, "auc": 0.95858}
{"epoch": 46, "time_epoch": 0.18058, "eta": 23.78691, "eta_hours": 0.00661, "loss": 0.49589364, "lr": 0.00056267, "params": 8313, "time_iter": 0.06019, "accuracy": 0.71795, "precision": 0.7027, "recall": 1.0, "f1": 0.8254, "auc": 0.9497}
{"epoch": 47, "time_epoch": 0.17759, "eta": 23.04428, "eta_hours": 0.0064, "loss": 0.48414741, "lr": 0.00054705, "params": 8313, "time_iter": 0.0592, "accuracy": 0.69231, "precision": 0.68421, "recall": 1.0, "f1": 0.8125, "auc": 0.96154}
{"epoch": 48, "time_epoch": 0.17917, "eta": 22.32635, "eta_hours": 0.0062, "loss": 0.49171368, "lr": 0.0005314, "params": 8313, "time_iter": 0.05972, "accuracy": 0.74359, "precision": 0.72222, "recall": 1.0, "f1": 0.83871, "auc": 0.92308}
{"epoch": 49, "time_epoch": 0.17866, "eta": 21.62947, "eta_hours": 0.00601, "loss": 0.47840225, "lr": 0.00051571, "params": 8313, "time_iter": 0.05955, "accuracy": 0.74359, "precision": 0.72222, "recall": 1.0, "f1": 0.83871, "auc": 0.95266}
{"epoch": 50, "time_epoch": 0.17699, "eta": 20.95131, "eta_hours": 0.00582, "loss": 0.45657297, "lr": 0.0005, "params": 8313, "time_iter": 0.059, "accuracy": 0.76923, "precision": 0.74286, "recall": 1.0, "f1": 0.85246, "auc": 0.97337}
{"epoch": 51, "time_epoch": 0.17416, "eta": 20.2898, "eta_hours": 0.00564, "loss": 0.45823639, "lr": 0.00048429, "params": 8313, "time_iter": 0.05805, "accuracy": 0.74359, "precision": 0.72222, "recall": 1.0, "f1": 0.83871, "auc": 0.98225}
{"epoch": 52, "time_epoch": 0.17974, "eta": 19.65164, "eta_hours": 0.00546, "loss": 0.45197556, "lr": 0.0004686, "params": 8313, "time_iter": 0.05991, "accuracy": 0.74359, "precision": 0.72222, "recall": 1.0, "f1": 0.83871, "auc": 0.95266}
{"epoch": 53, "time_epoch": 0.17774, "eta": 19.02875, "eta_hours": 0.00529, "loss": 0.42884947, "lr": 0.00045295, "params": 8313, "time_iter": 0.05925, "accuracy": 0.76923, "precision": 0.74286, "recall": 1.0, "f1": 0.85246, "auc": 0.98521}
{"epoch": 54, "time_epoch": 0.17754, "eta": 18.42188, "eta_hours": 0.00512, "loss": 0.44216979, "lr": 0.00043733, "params": 8313, "time_iter": 0.05918, "accuracy": 0.79487, "precision": 0.76471, "recall": 1.0, "f1": 0.86667, "auc": 0.97633}
{"epoch": 55, "time_epoch": 0.18037, "eta": 17.83257, "eta_hours": 0.00495, "loss": 0.42481948, "lr": 0.00042178, "params": 8313, "time_iter": 0.06012, "accuracy": 0.79487, "precision": 0.76471, "recall": 1.0, "f1": 0.86667, "auc": 0.96154}
{"epoch": 56, "time_epoch": 0.17752, "eta": 17.25546, "eta_hours": 0.00479, "loss": 0.42032936, "lr": 0.00040631, "params": 8313, "time_iter": 0.05917, "accuracy": 0.76923, "precision": 0.74286, "recall": 1.0, "f1": 0.85246, "auc": 0.96154}
{"epoch": 57, "time_epoch": 0.18111, "eta": 16.69473, "eta_hours": 0.00464, "loss": 0.39194141, "lr": 0.00039093, "params": 8313, "time_iter": 0.06037, "accuracy": 0.82051, "precision": 0.78788, "recall": 1.0, "f1": 0.88136, "auc": 0.98521}
{"epoch": 58, "time_epoch": 0.17984, "eta": 16.14599, "eta_hours": 0.00448, "loss": 0.39286728, "lr": 0.00037566, "params": 8313, "time_iter": 0.05995, "accuracy": 0.79487, "precision": 0.76471, "recall": 1.0, "f1": 0.86667, "auc": 0.98817}
{"epoch": 59, "time_epoch": 0.18011, "eta": 15.60972, "eta_hours": 0.00434, "loss": 0.39649218, "lr": 0.0003605, "params": 8313, "time_iter": 0.06004, "accuracy": 0.82051, "precision": 0.78788, "recall": 1.0, "f1": 0.88136, "auc": 0.98521}
{"epoch": 60, "time_epoch": 0.17866, "eta": 15.0842, "eta_hours": 0.00419, "loss": 0.36224966, "lr": 0.00034549, "params": 8313, "time_iter": 0.05955, "accuracy": 0.84615, "precision": 0.8125, "recall": 1.0, "f1": 0.89655, "auc": 0.99704}
{"epoch": 61, "time_epoch": 0.17949, "eta": 14.57038, "eta_hours": 0.00405, "loss": 0.38242862, "lr": 0.00033063, "params": 8313, "time_iter": 0.05983, "accuracy": 0.87179, "precision": 0.83871, "recall": 1.0, "f1": 0.91228, "auc": 0.95858}
{"epoch": 62, "time_epoch": 0.1798, "eta": 14.06736, "eta_hours": 0.00391, "loss": 0.34863099, "lr": 0.00031594, "params": 8313, "time_iter": 0.05993, "accuracy": 0.89744, "precision": 0.86667, "recall": 1.0, "f1": 0.92857, "auc": 0.98225}
{"epoch": 63, "time_epoch": 0.18437, "eta": 13.577, "eta_hours": 0.00377, "loss": 0.34201221, "lr": 0.00030143, "params": 8313, "time_iter": 0.06146, "accuracy": 0.89744, "precision": 0.86667, "recall": 1.0, "f1": 0.92857, "auc": 1.0}
{"epoch": 64, "time_epoch": 0.18136, "eta": 13.09444, "eta_hours": 0.00364, "loss": 0.34837638, "lr": 0.00028711, "params": 8313, "time_iter": 0.06045, "accuracy": 0.89744, "precision": 0.86667, "recall": 1.0, "f1": 0.92857, "auc": 0.98225}
{"epoch": 65, "time_epoch": 0.18404, "eta": 12.62239, "eta_hours": 0.00351, "loss": 0.32478248, "lr": 0.000273, "params": 8313, "time_iter": 0.06135, "accuracy": 0.89744, "precision": 0.86667, "recall": 1.0, "f1": 0.92857, "auc": 1.0}
{"epoch": 66, "time_epoch": 0.17927, "eta": 12.15659, "eta_hours": 0.00338, "loss": 0.34371305, "lr": 0.00025912, "params": 8313, "time_iter": 0.05976, "accuracy": 0.87179, "precision": 0.83871, "recall": 1.0, "f1": 0.91228, "auc": 0.99704}
{"epoch": 67, "time_epoch": 0.17841, "eta": 11.69881, "eta_hours": 0.00325, "loss": 0.31903808, "lr": 0.00024548, "params": 8313, "time_iter": 0.05947, "accuracy": 0.89744, "precision": 0.86667, "recall": 1.0, "f1": 0.92857, "auc": 0.98817}
{"epoch": 68, "time_epoch": 0.17799, "eta": 11.24894, "eta_hours": 0.00312, "loss": 0.31736679, "lr": 0.00023209, "params": 8313, "time_iter": 0.05933, "accuracy": 0.89744, "precision": 0.86667, "recall": 1.0, "f1": 0.92857, "auc": 0.97929}
{"epoch": 69, "time_epoch": 0.17882, "eta": 10.80719, "eta_hours": 0.003, "loss": 0.28978232, "lr": 0.00021896, "params": 8313, "time_iter": 0.05961, "accuracy": 0.94872, "precision": 0.92857, "recall": 1.0, "f1": 0.96296, "auc": 1.0}
{"epoch": 70, "time_epoch": 0.1811, "eta": 10.37378, "eta_hours": 0.00288, "loss": 0.28775317, "lr": 0.00020611, "params": 8313, "time_iter": 0.06037, "accuracy": 0.92308, "precision": 0.89655, "recall": 1.0, "f1": 0.94545, "auc": 1.0}
{"epoch": 71, "time_epoch": 0.17818, "eta": 9.94625, "eta_hours": 0.00276, "loss": 0.28407432, "lr": 0.00019355, "params": 8313, "time_iter": 0.05939, "accuracy": 0.94872, "precision": 0.92857, "recall": 1.0, "f1": 0.96296, "auc": 1.0}
{"epoch": 72, "time_epoch": 0.17797, "eta": 9.52546, "eta_hours": 0.00265, "loss": 0.28691304, "lr": 0.00018129, "params": 8313, "time_iter": 0.05932, "accuracy": 0.92308, "precision": 0.89655, "recall": 1.0, "f1": 0.94545, "auc": 1.0}
{"epoch": 73, "time_epoch": 0.17906, "eta": 9.11163, "eta_hours": 0.00253, "loss": 0.27284935, "lr": 0.00016934, "params": 8313, "time_iter": 0.05969, "accuracy": 0.92308, "precision": 0.89655, "recall": 1.0, "f1": 0.94545, "auc": 1.0}
{"epoch": 74, "time_epoch": 0.1801, "eta": 8.7044, "eta_hours": 0.00242, "loss": 0.2690778, "lr": 0.00015773, "params": 8313, "time_iter": 0.06003, "accuracy": 0.92308, "precision": 0.89655, "recall": 1.0, "f1": 0.94545, "auc": 1.0}
{"epoch": 75, "time_epoch": 0.18069, "eta": 8.30333, "eta_hours": 0.00231, "loss": 0.26893436, "lr": 0.00014645, "params": 8313, "time_iter": 0.06023, "accuracy": 0.94872, "precision": 0.92857, "recall": 1.0, "f1": 0.96296, "auc": 1.0}
{"epoch": 76, "time_epoch": 0.18114, "eta": 7.90812, "eta_hours": 0.0022, "loss": 0.27436318, "lr": 0.00013552, "params": 8313, "time_iter": 0.06038, "accuracy": 0.89744, "precision": 0.86667, "recall": 1.0, "f1": 0.92857, "auc": 1.0}
{"epoch": 77, "time_epoch": 0.18193, "eta": 7.51862, "eta_hours": 0.00209, "loss": 0.29092682, "lr": 0.00012494, "params": 8313, "time_iter": 0.06064, "accuracy": 0.92308, "precision": 0.89655, "recall": 1.0, "f1": 0.94545, "auc": 0.99704}
{"epoch": 78, "time_epoch": 0.18343, "eta": 7.13478, "eta_hours": 0.00198, "loss": 0.26588424, "lr": 0.00011474, "params": 8313, "time_iter": 0.06114, "accuracy": 0.94872, "precision": 0.92857, "recall": 1.0, "f1": 0.96296, "auc": 0.99112}
{"epoch": 79, "time_epoch": 0.1777, "eta": 6.75452, "eta_hours": 0.00188, "loss": 0.26821118, "lr": 0.00010492, "params": 8313, "time_iter": 0.05923, "accuracy": 0.92308, "precision": 0.89655, "recall": 1.0, "f1": 0.94545, "auc": 1.0}
{"epoch": 80, "time_epoch": 0.17745, "eta": 6.37919, "eta_hours": 0.00177, "loss": 0.2458593, "lr": 9.549e-05, "params": 8313, "time_iter": 0.05915, "accuracy": 0.94872, "precision": 0.92857, "recall": 1.0, "f1": 0.96296, "auc": 1.0}
{"epoch": 81, "time_epoch": 0.18023, "eta": 6.00931, "eta_hours": 0.00167, "loss": 0.24464888, "lr": 8.646e-05, "params": 8313, "time_iter": 0.06008, "accuracy": 0.94872, "precision": 0.92857, "recall": 1.0, "f1": 0.96296, "auc": 1.0}
{"epoch": 82, "time_epoch": 0.1782, "eta": 5.64358, "eta_hours": 0.00157, "loss": 0.24888282, "lr": 7.784e-05, "params": 8313, "time_iter": 0.0594, "accuracy": 0.94872, "precision": 0.92857, "recall": 1.0, "f1": 0.96296, "auc": 1.0}
{"epoch": 83, "time_epoch": 0.17871, "eta": 5.28241, "eta_hours": 0.00147, "loss": 0.24793733, "lr": 6.963e-05, "params": 8313, "time_iter": 0.05957, "accuracy": 0.94872, "precision": 0.92857, "recall": 1.0, "f1": 0.96296, "auc": 1.0}
{"epoch": 84, "time_epoch": 0.17826, "eta": 4.92545, "eta_hours": 0.00137, "loss": 0.24375466, "lr": 6.185e-05, "params": 8313, "time_iter": 0.05942, "accuracy": 0.94872, "precision": 0.92857, "recall": 1.0, "f1": 0.96296, "auc": 1.0}
{"epoch": 85, "time_epoch": 0.17739, "eta": 4.57251, "eta_hours": 0.00127, "loss": 0.24058744, "lr": 5.45e-05, "params": 8313, "time_iter": 0.05913, "accuracy": 0.94872, "precision": 0.92857, "recall": 1.0, "f1": 0.96296, "auc": 1.0}
{"epoch": 86, "time_epoch": 0.17878, "eta": 4.22382, "eta_hours": 0.00117, "loss": 0.23515556, "lr": 4.759e-05, "params": 8313, "time_iter": 0.05959, "accuracy": 0.97436, "precision": 0.96296, "recall": 1.0, "f1": 0.98113, "auc": 1.0}
{"epoch": 87, "time_epoch": 0.17647, "eta": 3.87867, "eta_hours": 0.00108, "loss": 0.24729971, "lr": 4.112e-05, "params": 8313, "time_iter": 0.05882, "accuracy": 0.94872, "precision": 0.92857, "recall": 1.0, "f1": 0.96296, "auc": 1.0}
{"epoch": 88, "time_epoch": 0.17996, "eta": 3.53774, "eta_hours": 0.00098, "loss": 0.23906135, "lr": 3.511e-05, "params": 8313, "time_iter": 0.05999, "accuracy": 0.94872, "precision": 0.92857, "recall": 1.0, "f1": 0.96296, "auc": 1.0}
{"epoch": 89, "time_epoch": 0.17915, "eta": 3.2003, "eta_hours": 0.00089, "loss": 0.253064, "lr": 2.956e-05, "params": 8313, "time_iter": 0.05972, "accuracy": 0.94872, "precision": 0.92857, "recall": 1.0, "f1": 0.96296, "auc": 0.99408}
{"epoch": 90, "time_epoch": 0.17467, "eta": 2.86589, "eta_hours": 0.0008, "loss": 0.23145071, "lr": 2.447e-05, "params": 8313, "time_iter": 0.05822, "accuracy": 0.97436, "precision": 0.96296, "recall": 1.0, "f1": 0.98113, "auc": 1.0}
{"epoch": 91, "time_epoch": 0.17619, "eta": 2.53509, "eta_hours": 0.0007, "loss": 0.2360274, "lr": 1.985e-05, "params": 8313, "time_iter": 0.05873, "accuracy": 0.97436, "precision": 0.96296, "recall": 1.0, "f1": 0.98113, "auc": 1.0}
{"epoch": 92, "time_epoch": 0.1836, "eta": 2.20817, "eta_hours": 0.00061, "loss": 0.23477573, "lr": 1.571e-05, "params": 8313, "time_iter": 0.0612, "accuracy": 0.92308, "precision": 0.89655, "recall": 1.0, "f1": 0.94545, "auc": 1.0}
{"epoch": 93, "time_epoch": 0.17534, "eta": 1.88377, "eta_hours": 0.00052, "loss": 0.25504211, "lr": 1.204e-05, "params": 8313, "time_iter": 0.05845, "accuracy": 0.94872, "precision": 0.92857, "recall": 1.0, "f1": 0.96296, "auc": 1.0}
{"epoch": 94, "time_epoch": 0.17891, "eta": 1.5627, "eta_hours": 0.00043, "loss": 0.24774833, "lr": 8.86e-06, "params": 8313, "time_iter": 0.05964, "accuracy": 0.94872, "precision": 0.92857, "recall": 1.0, "f1": 0.96296, "auc": 0.99704}
{"epoch": 95, "time_epoch": 0.18103, "eta": 1.24468, "eta_hours": 0.00035, "loss": 0.23907471, "lr": 6.16e-06, "params": 8313, "time_iter": 0.06034, "accuracy": 0.94872, "precision": 0.92857, "recall": 1.0, "f1": 0.96296, "auc": 1.0}
{"epoch": 96, "time_epoch": 0.18141, "eta": 0.9295, "eta_hours": 0.00026, "loss": 0.24410774, "lr": 3.94e-06, "params": 8313, "time_iter": 0.06047, "accuracy": 0.97436, "precision": 0.96296, "recall": 1.0, "f1": 0.98113, "auc": 0.99704}
{"epoch": 97, "time_epoch": 0.17983, "eta": 0.61701, "eta_hours": 0.00017, "loss": 0.23296299, "lr": 2.22e-06, "params": 8313, "time_iter": 0.05994, "accuracy": 0.94872, "precision": 0.92857, "recall": 1.0, "f1": 0.96296, "auc": 1.0}
{"epoch": 98, "time_epoch": 0.1818, "eta": 0.30723, "eta_hours": 9e-05, "loss": 0.28480793, "lr": 9.9e-07, "params": 8313, "time_iter": 0.0606, "accuracy": 0.92308, "precision": 0.89655, "recall": 1.0, "f1": 0.94545, "auc": 0.97929}
{"epoch": 99, "time_epoch": 0.17804, "eta": 0.0, "eta_hours": 0.0, "loss": 0.23548985, "lr": 2.5e-07, "params": 8313, "time_iter": 0.05935, "accuracy": 0.94872, "precision": 0.92857, "recall": 1.0, "f1": 0.96296, "auc": 1.0}
