{"epoch": 46, "time_epoch": 9.71418, "time_epoch_std": 0.46343, "eta": 880.91514, "eta_std": 423.36133, "eta_hours": 0.2447, "eta_hours_std": 0.1176, "loss": 0.55283, "loss_std": 0.02218, "lr": 0.00072, "lr_std": 0.00028, "params": 6697.0, "params_std": 0.0, "time_iter": 0.06608, "time_iter_std": 0.00315, "accuracy": 0.74447, "accuracy_std": 0.02811, "accuracy_max": 0.77891, "precision": 0.75289, "precision_std": 0.03709, "recall": 0.56687, "recall_std": 0.05329, "f1": 0.64612, "f1_std": 0.04596, "auc": 0.79365, "auc_std": 0.03303}
