{"epoch": 0, "time_epoch": 45.43851, "eta": 4498.41296, "eta_hours": 1.24956, "loss": 0.66498967, "lr": 0.001, "params": 5865, "time_iter": 0.0884, "accuracy": 0.60029, "precision": 0.58994, "recall": 0.67054, "f1": 0.62766, "auc": 0.6399}
{"epoch": 1, "time_epoch": 32.87186, "eta": 3837.2085, "eta_hours": 1.06589, "loss": 0.65323112, "lr": 0.00099975, "params": 5865, "time_iter": 0.06395, "accuracy": 0.63389, "precision": 0.63359, "recall": 0.64341, "f1": 0.63846, "auc": 0.66414}
{"epoch": 2, "time_epoch": 32.8079, "eta": 3592.82415, "eta_hours": 0.99801, "loss": 0.65018011, "lr": 0.00099901, "params": 5865, "time_iter": 0.06383, "accuracy": 0.63389, "precision": 0.63035, "recall": 0.65601, "f1": 0.64292, "auc": 0.66899}
{"epoch": 3, "time_epoch": 32.89874, "eta": 3456.40821, "eta_hours": 0.96011, "loss": 0.64316176, "lr": 0.00099778, "params": 5865, "time_iter": 0.06401, "accuracy": 0.63194, "precision": 0.62825, "recall": 0.65504, "f1": 0.64137, "auc": 0.68247}
{"epoch": 4, "time_epoch": 32.76537, "eta": 3358.86514, "eta_hours": 0.93302, "loss": 0.6469875, "lr": 0.00099606, "params": 5865, "time_iter": 0.06375, "accuracy": 0.62707, "precision": 0.62595, "recall": 0.6405, "f1": 0.63314, "auc": 0.67359}
{"epoch": 5, "time_epoch": 32.79445, "eta": 3283.37019, "eta_hours": 0.91205, "loss": 0.6376039, "lr": 0.00099384, "params": 5865, "time_iter": 0.0638, "accuracy": 0.65677, "precision": 0.65586, "recall": 0.66667, "f1": 0.66122, "auc": 0.6917}
{"epoch": 6, "time_epoch": 32.80675, "eta": 3220.23892, "eta_hours": 0.89451, "loss": 0.63550358, "lr": 0.00099114, "params": 5865, "time_iter": 0.06383, "accuracy": 0.64849, "precision": 0.65594, "recall": 0.63178, "f1": 0.64363, "auc": 0.69359}
{"epoch": 7, "time_epoch": 32.79498, "eta": 3164.55344, "eta_hours": 0.87904, "loss": 0.63171986, "lr": 0.00098796, "params": 5865, "time_iter": 0.0638, "accuracy": 0.65385, "precision": 0.65844, "recall": 0.64632, "f1": 0.65232, "auc": 0.69967}
{"epoch": 8, "time_epoch": 32.78534, "eta": 3113.85723, "eta_hours": 0.86496, "loss": 0.63350924, "lr": 0.00098429, "params": 5865, "time_iter": 0.06378, "accuracy": 0.63827, "precision": 0.63619, "recall": 0.65407, "f1": 0.64501, "auc": 0.69393}
{"epoch": 9, "time_epoch": 32.79767, "eta": 3066.85416, "eta_hours": 0.8519, "loss": 0.62499717, "lr": 0.00098015, "params": 5865, "time_iter": 0.06381, "accuracy": 0.64508, "precision": 0.65226, "recall": 0.62888, "f1": 0.64036, "auc": 0.70728}
{"epoch": 10, "time_epoch": 32.79611, "eta": 3022.42126, "eta_hours": 0.83956, "loss": 0.61931947, "lr": 0.00097553, "params": 5865, "time_iter": 0.06381, "accuracy": 0.65141, "precision": 0.64822, "recall": 0.66957, "f1": 0.65872, "auc": 0.71471}
{"epoch": 11, "time_epoch": 32.80004, "eta": 2979.95661, "eta_hours": 0.82777, "loss": 0.61566622, "lr": 0.00097044, "params": 5865, "time_iter": 0.06381, "accuracy": 0.66504, "precision": 0.66475, "recall": 0.67248, "f1": 0.66859, "auc": 0.72413}
{"epoch": 12, "time_epoch": 32.77309, "eta": 2938.79848, "eta_hours": 0.81633, "loss": 0.61462011, "lr": 0.00096489, "params": 5865, "time_iter": 0.06376, "accuracy": 0.66699, "precision": 0.6654, "recall": 0.67829, "f1": 0.67179, "auc": 0.72138}
{"epoch": 13, "time_epoch": 32.79808, "eta": 2898.99176, "eta_hours": 0.80528, "loss": 0.59805073, "lr": 0.00095888, "params": 5865, "time_iter": 0.06381, "accuracy": 0.67965, "precision": 0.67509, "recall": 0.69864, "f1": 0.68667, "auc": 0.74355}
{"epoch": 14, "time_epoch": 32.76206, "eta": 2859.91542, "eta_hours": 0.79442, "loss": 0.59600832, "lr": 0.00095241, "params": 5865, "time_iter": 0.06374, "accuracy": 0.68452, "precision": 0.68216, "recall": 0.69671, "f1": 0.68936, "auc": 0.75054}
{"epoch": 15, "time_epoch": 32.77687, "eta": 2821.70606, "eta_hours": 0.78381, "loss": 0.59082959, "lr": 0.0009455, "params": 5865, "time_iter": 0.06377, "accuracy": 0.68695, "precision": 0.68366, "recall": 0.70155, "f1": 0.69249, "auc": 0.75963}
{"epoch": 16, "time_epoch": 32.76722, "eta": 2784.08874, "eta_hours": 0.77336, "loss": 0.59167978, "lr": 0.00093815, "params": 5865, "time_iter": 0.06375, "accuracy": 0.68257, "precision": 0.68027, "recall": 0.69477, "f1": 0.68744, "auc": 0.75893}
{"epoch": 17, "time_epoch": 32.56413, "eta": 2746.08511, "eta_hours": 0.7628, "loss": 0.58115904, "lr": 0.00093037, "params": 5865, "time_iter": 0.06335, "accuracy": 0.69279, "precision": 0.68721, "recall": 0.71318, "f1": 0.69995, "auc": 0.77219}
{"epoch": 18, "time_epoch": 32.86085, "eta": 2709.91904, "eta_hours": 0.75276, "loss": 0.57394727, "lr": 0.00092216, "params": 5865, "time_iter": 0.06393, "accuracy": 0.70351, "precision": 0.70395, "recall": 0.70736, "f1": 0.70565, "auc": 0.77749}
{"epoch": 19, "time_epoch": 32.77766, "eta": 2673.75073, "eta_hours": 0.74271, "loss": 0.57304339, "lr": 0.00091354, "params": 5865, "time_iter": 0.06377, "accuracy": 0.69912, "precision": 0.69639, "recall": 0.71124, "f1": 0.70374, "auc": 0.78288}
{"epoch": 20, "time_epoch": 32.81939, "eta": 2638.06233, "eta_hours": 0.7328, "loss": 0.5842726, "lr": 0.00090451, "params": 5865, "time_iter": 0.06385, "accuracy": 0.69133, "precision": 0.68952, "recall": 0.70155, "f1": 0.69549, "auc": 0.77042}
{"epoch": 21, "time_epoch": 32.8188, "eta": 2602.63263, "eta_hours": 0.72295, "loss": 0.5656641, "lr": 0.00089508, "params": 5865, "time_iter": 0.06385, "accuracy": 0.70302, "precision": 0.7085, "recall": 0.69477, "f1": 0.70157, "auc": 0.78759}
{"epoch": 22, "time_epoch": 32.81896, "eta": 2567.43051, "eta_hours": 0.71318, "loss": 0.56677928, "lr": 0.00088526, "params": 5865, "time_iter": 0.06385, "accuracy": 0.70935, "precision": 0.70538, "recall": 0.72384, "f1": 0.71449, "auc": 0.78939}
{"epoch": 23, "time_epoch": 32.83515, "eta": 2532.47827, "eta_hours": 0.70347, "loss": 0.5619597, "lr": 0.00087506, "params": 5865, "time_iter": 0.06388, "accuracy": 0.71665, "precision": 0.71887, "recall": 0.71609, "f1": 0.71748, "auc": 0.7965}
{"epoch": 24, "time_epoch": 32.82344, "eta": 2497.66027, "eta_hours": 0.69379, "loss": 0.57606178, "lr": 0.00086448, "params": 5865, "time_iter": 0.06386, "accuracy": 0.69426, "precision": 0.69882, "recall": 0.68798, "f1": 0.69336, "auc": 0.78225}
{"epoch": 25, "time_epoch": 32.84327, "eta": 2463.05212, "eta_hours": 0.68418, "loss": 0.56743695, "lr": 0.00085355, "params": 5865, "time_iter": 0.0639, "accuracy": 0.71081, "precision": 0.70739, "recall": 0.72384, "f1": 0.71552, "auc": 0.7921}
{"epoch": 26, "time_epoch": 32.8048, "eta": 2428.47069, "eta_hours": 0.67458, "loss": 0.57428682, "lr": 0.00084227, "params": 5865, "time_iter": 0.06382, "accuracy": 0.71227, "precision": 0.711, "recall": 0.71996, "f1": 0.71545, "auc": 0.78679}
{"epoch": 27, "time_epoch": 32.80859, "eta": 2394.0259, "eta_hours": 0.66501, "loss": 0.56622893, "lr": 0.00083066, "params": 5865, "time_iter": 0.06383, "accuracy": 0.70789, "precision": 0.71176, "recall": 0.70349, "f1": 0.7076, "auc": 0.79016}
{"epoch": 28, "time_epoch": 32.79869, "eta": 2359.66974, "eta_hours": 0.65546, "loss": 0.55943331, "lr": 0.00081871, "params": 5865, "time_iter": 0.06381, "accuracy": 0.72541, "precision": 0.72587, "recall": 0.72868, "f1": 0.72727, "auc": 0.80015}
{"epoch": 29, "time_epoch": 32.78429, "eta": 2325.3838, "eta_hours": 0.64594, "loss": 0.57270251, "lr": 0.00080645, "params": 5865, "time_iter": 0.06378, "accuracy": 0.70448, "precision": 0.70772, "recall": 0.70155, "f1": 0.70462, "auc": 0.78974}
{"epoch": 30, "time_epoch": 32.81521, "eta": 2291.26357, "eta_hours": 0.63646, "loss": 0.5727564, "lr": 0.00079389, "params": 5865, "time_iter": 0.06384, "accuracy": 0.72055, "precision": 0.72584, "recall": 0.71318, "f1": 0.71945, "auc": 0.79189}
{"epoch": 31, "time_epoch": 32.81859, "eta": 2257.23207, "eta_hours": 0.62701, "loss": 0.55498907, "lr": 0.00078104, "params": 5865, "time_iter": 0.06385, "accuracy": 0.72541, "precision": 0.72718, "recall": 0.72578, "f1": 0.72648, "auc": 0.79785}
{"epoch": 32, "time_epoch": 32.79515, "eta": 2223.22649, "eta_hours": 0.61756, "loss": 0.5687283, "lr": 0.00076791, "params": 5865, "time_iter": 0.0638, "accuracy": 0.72006, "precision": 0.7212, "recall": 0.7219, "f1": 0.72155, "auc": 0.79593}
{"epoch": 33, "time_epoch": 32.79903, "eta": 2189.29966, "eta_hours": 0.60814, "loss": 0.5651087, "lr": 0.00075452, "params": 5865, "time_iter": 0.06381, "accuracy": 0.71422, "precision": 0.71333, "recall": 0.72093, "f1": 0.71711, "auc": 0.79812}
{"epoch": 34, "time_epoch": 32.79371, "eta": 2155.42739, "eta_hours": 0.59873, "loss": 0.55590082, "lr": 0.00074088, "params": 5865, "time_iter": 0.0638, "accuracy": 0.73612, "precision": 0.74648, "recall": 0.71899, "f1": 0.73248, "auc": 0.80669}
{"epoch": 35, "time_epoch": 32.80234, "eta": 2121.63037, "eta_hours": 0.58934, "loss": 0.55254993, "lr": 0.000727, "params": 5865, "time_iter": 0.06382, "accuracy": 0.7298, "precision": 0.72521, "recall": 0.74419, "f1": 0.73458, "auc": 0.80884}
{"epoch": 36, "time_epoch": 32.84936, "eta": 2087.96719, "eta_hours": 0.57999, "loss": 0.5615144, "lr": 0.00071289, "params": 5865, "time_iter": 0.06391, "accuracy": 0.71616, "precision": 0.72206, "recall": 0.70736, "f1": 0.71464, "auc": 0.80368}
{"epoch": 37, "time_epoch": 32.94673, "eta": 2054.50571, "eta_hours": 0.5707, "loss": 0.55309222, "lr": 0.00069857, "params": 5865, "time_iter": 0.0641, "accuracy": 0.72639, "precision": 0.72771, "recall": 0.72771, "f1": 0.72771, "auc": 0.80675}
{"epoch": 38, "time_epoch": 32.81626, "eta": 2020.86655, "eta_hours": 0.56135, "loss": 0.56096372, "lr": 0.00068406, "params": 5865, "time_iter": 0.06384, "accuracy": 0.72882, "precision": 0.72947, "recall": 0.73159, "f1": 0.73053, "auc": 0.80392}
{"epoch": 39, "time_epoch": 32.79294, "eta": 1987.23357, "eta_hours": 0.55201, "loss": 0.55069314, "lr": 0.00066937, "params": 5865, "time_iter": 0.0638, "accuracy": 0.73759, "precision": 0.74096, "recall": 0.7345, "f1": 0.73771, "auc": 0.80947}
{"epoch": 40, "time_epoch": 32.81526, "eta": 1953.67368, "eta_hours": 0.54269, "loss": 0.55107015, "lr": 0.00065451, "params": 5865, "time_iter": 0.06384, "accuracy": 0.72347, "precision": 0.7197, "recall": 0.73643, "f1": 0.72797, "auc": 0.80663}
{"epoch": 41, "time_epoch": 32.779, "eta": 1920.09917, "eta_hours": 0.53336, "loss": 0.56060335, "lr": 0.0006395, "params": 5865, "time_iter": 0.06377, "accuracy": 0.73515, "precision": 0.73782, "recall": 0.73353, "f1": 0.73567, "auc": 0.80818}
{"epoch": 42, "time_epoch": 32.77882, "eta": 1886.56142, "eta_hours": 0.52404, "loss": 0.54111581, "lr": 0.00062434, "params": 5865, "time_iter": 0.06377, "accuracy": 0.72833, "precision": 0.72658, "recall": 0.73643, "f1": 0.73147, "auc": 0.81548}
{"epoch": 43, "time_epoch": 32.76653, "eta": 1853.04253, "eta_hours": 0.51473, "loss": 0.55020068, "lr": 0.00060907, "params": 5865, "time_iter": 0.06375, "accuracy": 0.7259, "precision": 0.72701, "recall": 0.72771, "f1": 0.72736, "auc": 0.81192}
{"epoch": 44, "time_epoch": 32.79537, "eta": 1819.59232, "eta_hours": 0.50544, "loss": 0.54675587, "lr": 0.00059369, "params": 5865, "time_iter": 0.0638, "accuracy": 0.73466, "precision": 0.7371, "recall": 0.73353, "f1": 0.73531, "auc": 0.81643}
{"epoch": 45, "time_epoch": 32.77829, "eta": 1786.15054, "eta_hours": 0.49615, "loss": 0.54268533, "lr": 0.00057822, "params": 5865, "time_iter": 0.06377, "accuracy": 0.74343, "precision": 0.73576, "recall": 0.76357, "f1": 0.74941, "auc": 0.82539}
{"epoch": 46, "time_epoch": 32.79502, "eta": 1752.75586, "eta_hours": 0.48688, "loss": 0.55981821, "lr": 0.00056267, "params": 5865, "time_iter": 0.0638, "accuracy": 0.72931, "precision": 0.72973, "recall": 0.73256, "f1": 0.73114, "auc": 0.81258}
{"epoch": 47, "time_epoch": 32.77341, "eta": 1719.36275, "eta_hours": 0.4776, "loss": 0.54817384, "lr": 0.00054705, "params": 5865, "time_iter": 0.06376, "accuracy": 0.73807, "precision": 0.7375, "recall": 0.74322, "f1": 0.74035, "auc": 0.81901}
{"epoch": 48, "time_epoch": 32.79462, "eta": 1686.01701, "eta_hours": 0.46834, "loss": 0.53792901, "lr": 0.0005314, "params": 5865, "time_iter": 0.0638, "accuracy": 0.74294, "precision": 0.74419, "recall": 0.74419, "f1": 0.74419, "auc": 0.8231}
{"epoch": 49, "time_epoch": 32.78113, "eta": 1652.67982, "eta_hours": 0.45908, "loss": 0.56480662, "lr": 0.00051571, "params": 5865, "time_iter": 0.06378, "accuracy": 0.73466, "precision": 0.73257, "recall": 0.74322, "f1": 0.73785, "auc": 0.81102}
{"epoch": 50, "time_epoch": 32.78381, "eta": 1619.36702, "eta_hours": 0.44982, "loss": 0.54297638, "lr": 0.0005, "params": 5865, "time_iter": 0.06378, "accuracy": 0.7371, "precision": 0.73473, "recall": 0.74612, "f1": 0.74038, "auc": 0.82198}
{"epoch": 51, "time_epoch": 32.73813, "eta": 1586.0324, "eta_hours": 0.44056, "loss": 0.53798103, "lr": 0.00048429, "params": 5865, "time_iter": 0.06369, "accuracy": 0.74245, "precision": 0.74441, "recall": 0.74225, "f1": 0.74333, "auc": 0.82372}
{"epoch": 52, "time_epoch": 32.79716, "eta": 1552.77264, "eta_hours": 0.43133, "loss": 0.54941554, "lr": 0.0004686, "params": 5865, "time_iter": 0.06381, "accuracy": 0.73905, "precision": 0.74361, "recall": 0.73353, "f1": 0.73854, "auc": 0.81958}
{"epoch": 53, "time_epoch": 32.76863, "eta": 1519.5057, "eta_hours": 0.42208, "loss": 0.54723506, "lr": 0.00045295, "params": 5865, "time_iter": 0.06375, "accuracy": 0.74002, "precision": 0.73896, "recall": 0.74612, "f1": 0.74253, "auc": 0.81907}
{"epoch": 54, "time_epoch": 32.78291, "eta": 1486.26856, "eta_hours": 0.41285, "loss": 0.54038304, "lr": 0.00043733, "params": 5865, "time_iter": 0.06378, "accuracy": 0.73466, "precision": 0.73037, "recall": 0.74806, "f1": 0.73911, "auc": 0.82057}
{"epoch": 55, "time_epoch": 32.7552, "eta": 1453.02588, "eta_hours": 0.40362, "loss": 0.53029973, "lr": 0.00042178, "params": 5865, "time_iter": 0.06373, "accuracy": 0.76047, "precision": 0.76214, "recall": 0.76066, "f1": 0.7614, "auc": 0.83489}
{"epoch": 56, "time_epoch": 32.81195, "eta": 1419.84311, "eta_hours": 0.3944, "loss": 0.54823261, "lr": 0.00040631, "params": 5865, "time_iter": 0.06384, "accuracy": 0.74927, "precision": 0.75418, "recall": 0.74322, "f1": 0.74866, "auc": 0.81878}
{"epoch": 57, "time_epoch": 32.75109, "eta": 1386.62906, "eta_hours": 0.38517, "loss": 0.52956895, "lr": 0.00039093, "params": 5865, "time_iter": 0.06372, "accuracy": 0.74343, "precision": 0.74209, "recall": 0.75, "f1": 0.74602, "auc": 0.82996}
{"epoch": 58, "time_epoch": 32.73632, "eta": 1353.42044, "eta_hours": 0.37595, "loss": 0.53189722, "lr": 0.00037566, "params": 5865, "time_iter": 0.06369, "accuracy": 0.74537, "precision": 0.75025, "recall": 0.73934, "f1": 0.74475, "auc": 0.82757}
{"epoch": 59, "time_epoch": 32.78481, "eta": 1320.25989, "eta_hours": 0.36674, "loss": 0.53797862, "lr": 0.0003605, "params": 5865, "time_iter": 0.06378, "accuracy": 0.75268, "precision": 0.74081, "recall": 0.78101, "f1": 0.76038, "auc": 0.8255}
{"epoch": 60, "time_epoch": 32.77667, "eta": 1287.10646, "eta_hours": 0.35753, "loss": 0.53146766, "lr": 0.00034549, "params": 5865, "time_iter": 0.06377, "accuracy": 0.75463, "precision": 0.75385, "recall": 0.75969, "f1": 0.75676, "auc": 0.83285}
{"epoch": 61, "time_epoch": 32.74294, "eta": 1253.9445, "eta_hours": 0.34832, "loss": 0.5375717, "lr": 0.00033063, "params": 5865, "time_iter": 0.0637, "accuracy": 0.74537, "precision": 0.74637, "recall": 0.74709, "f1": 0.74673, "auc": 0.82924}
{"epoch": 62, "time_epoch": 32.76377, "eta": 1220.80809, "eta_hours": 0.33911, "loss": 0.53317677, "lr": 0.00031594, "params": 5865, "time_iter": 0.06374, "accuracy": 0.75024, "precision": 0.74833, "recall": 0.75775, "f1": 0.75301, "auc": 0.83132}
{"epoch": 63, "time_epoch": 32.77107, "eta": 1187.68742, "eta_hours": 0.32991, "loss": 0.52929674, "lr": 0.00030143, "params": 5865, "time_iter": 0.06376, "accuracy": 0.75949, "precision": 0.75425, "recall": 0.77326, "f1": 0.76364, "auc": 0.83469}
{"epoch": 64, "time_epoch": 32.7858, "eta": 1154.58544, "eta_hours": 0.32072, "loss": 0.53286186, "lr": 0.00028711, "params": 5865, "time_iter": 0.06379, "accuracy": 0.75755, "precision": 0.75429, "recall": 0.76744, "f1": 0.76081, "auc": 0.83382}
{"epoch": 65, "time_epoch": 32.78287, "eta": 1121.49153, "eta_hours": 0.31153, "loss": 0.53253429, "lr": 0.000273, "params": 5865, "time_iter": 0.06378, "accuracy": 0.75268, "precision": 0.75737, "recall": 0.74709, "f1": 0.7522, "auc": 0.83224}
{"epoch": 66, "time_epoch": 32.75012, "eta": 1088.39078, "eta_hours": 0.30233, "loss": 0.53831834, "lr": 0.00025912, "params": 5865, "time_iter": 0.06372, "accuracy": 0.74878, "precision": 0.74432, "recall": 0.76163, "f1": 0.75287, "auc": 0.82959}
{"epoch": 67, "time_epoch": 32.93252, "eta": 1055.38617, "eta_hours": 0.29316, "loss": 0.52984672, "lr": 0.00024548, "params": 5865, "time_iter": 0.06407, "accuracy": 0.76241, "precision": 0.76408, "recall": 0.7626, "f1": 0.76334, "auc": 0.83559}
{"epoch": 68, "time_epoch": 32.84857, "eta": 1022.34594, "eta_hours": 0.28398, "loss": 0.52996076, "lr": 0.00023209, "params": 5865, "time_iter": 0.06391, "accuracy": 0.75609, "precision": 0.75166, "recall": 0.76841, "f1": 0.75994, "auc": 0.83455}
{"epoch": 69, "time_epoch": 32.95905, "eta": 989.35853, "eta_hours": 0.27482, "loss": 0.53485793, "lr": 0.00021896, "params": 5865, "time_iter": 0.06412, "accuracy": 0.75414, "precision": 0.75607, "recall": 0.75388, "f1": 0.75497, "auc": 0.8356}
{"epoch": 70, "time_epoch": 33.14024, "eta": 956.44593, "eta_hours": 0.26568, "loss": 0.52480251, "lr": 0.00020611, "params": 5865, "time_iter": 0.06448, "accuracy": 0.75024, "precision": 0.74412, "recall": 0.76647, "f1": 0.75513, "auc": 0.83595}
{"epoch": 71, "time_epoch": 32.96947, "eta": 923.46059, "eta_hours": 0.25652, "loss": 0.53192961, "lr": 0.00019355, "params": 5865, "time_iter": 0.06414, "accuracy": 0.76095, "precision": 0.76186, "recall": 0.7626, "f1": 0.76223, "auc": 0.8394}
{"epoch": 72, "time_epoch": 32.95536, "eta": 890.47047, "eta_hours": 0.24735, "loss": 0.53005652, "lr": 0.00018129, "params": 5865, "time_iter": 0.06412, "accuracy": 0.75901, "precision": 0.75892, "recall": 0.7626, "f1": 0.76075, "auc": 0.83645}
{"epoch": 73, "time_epoch": 32.82115, "eta": 857.43414, "eta_hours": 0.23818, "loss": 0.52232751, "lr": 0.00016934, "params": 5865, "time_iter": 0.06385, "accuracy": 0.76972, "precision": 0.76953, "recall": 0.77326, "f1": 0.77139, "auc": 0.8382}
{"epoch": 74, "time_epoch": 32.82724, "eta": 824.40557, "eta_hours": 0.229, "loss": 0.52341153, "lr": 0.00015773, "params": 5865, "time_iter": 0.06387, "accuracy": 0.76047, "precision": 0.75234, "recall": 0.78004, "f1": 0.76594, "auc": 0.83903}
{"epoch": 75, "time_epoch": 32.81571, "eta": 791.37866, "eta_hours": 0.21983, "loss": 0.53099953, "lr": 0.00014645, "params": 5865, "time_iter": 0.06384, "accuracy": 0.75998, "precision": 0.76089, "recall": 0.76163, "f1": 0.76126, "auc": 0.83598}
{"epoch": 76, "time_epoch": 32.82415, "eta": 758.35975, "eta_hours": 0.21066, "loss": 0.5181694, "lr": 0.00013552, "params": 5865, "time_iter": 0.06386, "accuracy": 0.76144, "precision": 0.7626, "recall": 0.7626, "f1": 0.7626, "auc": 0.84071}
{"epoch": 77, "time_epoch": 32.78729, "eta": 725.33545, "eta_hours": 0.20148, "loss": 0.52334277, "lr": 0.00012494, "params": 5865, "time_iter": 0.06379, "accuracy": 0.75706, "precision": 0.75799, "recall": 0.75872, "f1": 0.75835, "auc": 0.83673}
{"epoch": 78, "time_epoch": 32.78902, "eta": 692.3176, "eta_hours": 0.19231, "loss": 0.52558037, "lr": 0.00011474, "params": 5865, "time_iter": 0.06379, "accuracy": 0.76534, "precision": 0.76341, "recall": 0.77229, "f1": 0.76782, "auc": 0.83961}
{"epoch": 79, "time_epoch": 32.80612, "eta": 659.30975, "eta_hours": 0.18314, "loss": 0.52319243, "lr": 0.00010492, "params": 5865, "time_iter": 0.06383, "accuracy": 0.76436, "precision": 0.7681, "recall": 0.76066, "f1": 0.76436, "auc": 0.84063}
{"epoch": 80, "time_epoch": 32.85142, "eta": 626.3175, "eta_hours": 0.17398, "loss": 0.51979236, "lr": 9.549e-05, "params": 5865, "time_iter": 0.06391, "accuracy": 0.77118, "precision": 0.77124, "recall": 0.77422, "f1": 0.77273, "auc": 0.84346}
{"epoch": 81, "time_epoch": 32.81722, "eta": 593.32119, "eta_hours": 0.16481, "loss": 0.5248959, "lr": 8.646e-05, "params": 5865, "time_iter": 0.06385, "accuracy": 0.75073, "precision": 0.75, "recall": 0.75581, "f1": 0.7529, "auc": 0.83908}
{"epoch": 82, "time_epoch": 32.77872, "eta": 560.3213, "eta_hours": 0.15564, "loss": 0.53343108, "lr": 7.784e-05, "params": 5865, "time_iter": 0.06377, "accuracy": 0.75949, "precision": 0.76321, "recall": 0.75581, "f1": 0.75949, "auc": 0.83733}
{"epoch": 83, "time_epoch": 33.16312, "eta": 527.3999, "eta_hours": 0.1465, "loss": 0.50901971, "lr": 6.963e-05, "params": 5865, "time_iter": 0.06452, "accuracy": 0.76582, "precision": 0.7582, "recall": 0.78391, "f1": 0.77084, "auc": 0.84619}
{"epoch": 84, "time_epoch": 39.3695, "eta": 495.56805, "eta_hours": 0.13766, "loss": 0.52277083, "lr": 6.185e-05, "params": 5865, "time_iter": 0.07659, "accuracy": 0.75901, "precision": 0.75645, "recall": 0.76744, "f1": 0.7619, "auc": 0.84161}
{"epoch": 85, "time_epoch": 39.38241, "eta": 463.56302, "eta_hours": 0.12877, "loss": 0.5236955, "lr": 5.45e-05, "params": 5865, "time_iter": 0.07662, "accuracy": 0.76728, "precision": 0.76331, "recall": 0.7781, "f1": 0.77063, "auc": 0.84152}
{"epoch": 86, "time_epoch": 38.69815, "eta": 431.28614, "eta_hours": 0.1198, "loss": 0.5117314, "lr": 4.759e-05, "params": 5865, "time_iter": 0.07529, "accuracy": 0.76728, "precision": 0.77318, "recall": 0.75969, "f1": 0.76637, "auc": 0.84693}
{"epoch": 87, "time_epoch": 32.9482, "eta": 398.07924, "eta_hours": 0.11058, "loss": 0.52645467, "lr": 4.112e-05, "params": 5865, "time_iter": 0.0641, "accuracy": 0.76241, "precision": 0.75905, "recall": 0.77229, "f1": 0.76561, "auc": 0.84141}
{"epoch": 88, "time_epoch": 32.87711, "eta": 364.86936, "eta_hours": 0.10135, "loss": 0.52747618, "lr": 3.511e-05, "params": 5865, "time_iter": 0.06396, "accuracy": 0.76241, "precision": 0.76255, "recall": 0.7655, "f1": 0.76402, "auc": 0.8413}
{"epoch": 89, "time_epoch": 32.83352, "eta": 331.66204, "eta_hours": 0.09213, "loss": 0.5098726, "lr": 2.956e-05, "params": 5865, "time_iter": 0.06388, "accuracy": 0.75901, "precision": 0.75596, "recall": 0.76841, "f1": 0.76213, "auc": 0.84766}
{"epoch": 90, "time_epoch": 32.77255, "eta": 298.4569, "eta_hours": 0.0829, "loss": 0.52865881, "lr": 2.447e-05, "params": 5865, "time_iter": 0.06376, "accuracy": 0.76047, "precision": 0.75862, "recall": 0.76744, "f1": 0.76301, "auc": 0.83845}
{"epoch": 91, "time_epoch": 32.85591, "eta": 265.26842, "eta_hours": 0.07369, "loss": 0.52097719, "lr": 1.985e-05, "params": 5865, "time_iter": 0.06392, "accuracy": 0.76631, "precision": 0.76538, "recall": 0.77132, "f1": 0.76834, "auc": 0.84213}
{"epoch": 92, "time_epoch": 32.88903, "eta": 232.08958, "eta_hours": 0.06447, "loss": 0.51560785, "lr": 1.571e-05, "params": 5865, "time_iter": 0.06399, "accuracy": 0.76582, "precision": 0.76774, "recall": 0.7655, "f1": 0.76662, "auc": 0.84634}
{"epoch": 93, "time_epoch": 36.81396, "eta": 199.16743, "eta_hours": 0.05532, "loss": 0.52379012, "lr": 1.204e-05, "params": 5865, "time_iter": 0.07162, "accuracy": 0.75463, "precision": 0.75832, "recall": 0.75097, "f1": 0.75463, "auc": 0.83992}
{"epoch": 94, "time_epoch": 33.12857, "eta": 165.96939, "eta_hours": 0.0461, "loss": 0.52918971, "lr": 8.86e-06, "params": 5865, "time_iter": 0.06445, "accuracy": 0.76534, "precision": 0.7624, "recall": 0.77422, "f1": 0.76827, "auc": 0.84086}
{"epoch": 95, "time_epoch": 33.65829, "eta": 132.79486, "eta_hours": 0.03689, "loss": 0.51765197, "lr": 6.16e-06, "params": 5865, "time_iter": 0.06548, "accuracy": 0.76972, "precision": 0.76849, "recall": 0.77519, "f1": 0.77183, "auc": 0.84638}
{"epoch": 96, "time_epoch": 33.07265, "eta": 99.59225, "eta_hours": 0.02766, "loss": 0.52156184, "lr": 3.94e-06, "params": 5865, "time_iter": 0.06434, "accuracy": 0.75998, "precision": 0.76039, "recall": 0.7626, "f1": 0.76149, "auc": 0.84338}
{"epoch": 97, "time_epoch": 33.20677, "eta": 66.39502, "eta_hours": 0.01844, "loss": 0.51015995, "lr": 2.22e-06, "params": 5865, "time_iter": 0.0646, "accuracy": 0.76631, "precision": 0.76953, "recall": 0.76357, "f1": 0.76654, "auc": 0.84924}
{"epoch": 98, "time_epoch": 33.22977, "eta": 33.19784, "eta_hours": 0.00922, "loss": 0.52573049, "lr": 9.9e-07, "params": 5865, "time_iter": 0.06465, "accuracy": 0.75949, "precision": 0.76218, "recall": 0.75775, "f1": 0.75996, "auc": 0.83928}
{"epoch": 99, "time_epoch": 33.2337, "eta": 0.0, "eta_hours": 0.0, "loss": 0.51734761, "lr": 2.5e-07, "params": 5865, "time_iter": 0.06466, "accuracy": 0.76436, "precision": 0.76245, "recall": 0.77132, "f1": 0.76686, "auc": 0.84406}
