{"epoch": 0, "time_epoch": 18.46764, "time_epoch_std": 0.22907, "eta": 1828.29618, "eta_std": 22.67816, "eta_hours": 0.50786, "eta_hours_std": 0.0063, "loss": 0.67626, "loss_std": 0.00319, "lr": 0.001, "lr_std": 0.0, "params": 3599.0, "params_std": 0.0, "time_iter": 0.52764, "time_iter_std": 0.00654, "accuracy": 0.60251, "accuracy_std": 0.00934, "accuracy_max": 0.60791, "precision": 0.10156, "precision_std": 0.17591, "recall": 0.02982, "recall_std": 0.05165, "f1": 0.0461, "f1_std": 0.07985, "auc": 0.49146, "auc_std": 0.0176}
