{"epoch": 0, "time_epoch": 18.46764, "time_epoch_std": 0.22907, "eta": 1828.29618, "eta_std": 22.67816, "eta_hours": 0.50786, "eta_hours_std": 0.0063, "loss": 0.67626, "loss_std": 0.00319, "lr": 0.001, "lr_std": 0.0, "params": 3599.0, "params_std": 0.0, "time_iter": 0.52764, "time_iter_std": 0.00654, "accuracy": 0.60251, "accuracy_std": 0.00934, "accuracy_max": 0.60791, "precision": 0.10156, "precision_std": 0.17591, "recall": 0.02982, "recall_std": 0.05165, "f1": 0.0461, "f1_std": 0.07985, "auc": 0.49146, "auc_std": 0.0176}
{"epoch": 1, "time_epoch": 18.48074, "time_epoch_std": 0.23763, "eta": 1810.47051, "eta_std": 22.66388, "eta_hours": 0.50291, "eta_hours_std": 0.00629, "loss": 0.67139, "loss_std": 0.0013, "lr": 0.001, "lr_std": 0.0, "params": 3599.0, "params_std": 0.0, "time_iter": 0.52802, "time_iter_std": 0.00679, "accuracy": 0.60791, "accuracy_std": 0.0, "accuracy_max": 0.60791, "precision": 0.0, "precision_std": 0.0, "recall": 0.0, "recall_std": 0.0, "f1": 0.0, "f1_std": 0.0, "auc": 0.50198, "auc_std": 0.0045}
{"epoch": 2, "time_epoch": 19.97093, "time_epoch_std": 2.56941, "eta": 1840.39091, "eta_std": 83.39627, "eta_hours": 0.51122, "eta_hours_std": 0.02316, "loss": 0.67063, "loss_std": 0.00069, "lr": 0.001, "lr_std": 0.0, "params": 3599.0, "params_std": 0.0, "time_iter": 0.57059, "time_iter_std": 0.07341, "accuracy": 0.60791, "accuracy_std": 0.0, "accuracy_max": 0.60791, "precision": 0.0, "precision_std": 0.0, "recall": 0.0, "recall_std": 0.0, "f1": 0.0, "f1_std": 0.0, "auc": 0.48326, "auc_std": 0.02553}
{"epoch": 3, "time_epoch": 18.43516, "time_epoch_std": 0.23134, "eta": 1808.50714, "eta_std": 60.76304, "eta_hours": 0.50236, "eta_hours_std": 0.01688, "loss": 0.67023, "loss_std": 0.00041, "lr": 0.001, "lr_std": 0.0, "params": 3599.0, "params_std": 0.0, "time_iter": 0.52672, "time_iter_std": 0.00661, "accuracy": 0.60791, "accuracy_std": 0.0, "accuracy_max": 0.60791, "precision": 0.0, "precision_std": 0.0, "recall": 0.0, "recall_std": 0.0, "f1": 0.0, "f1_std": 0.0, "auc": 0.48706, "auc_std": 0.01119}
{"epoch": 4, "time_epoch": 18.43263, "time_epoch_std": 0.23699, "eta": 1781.95476, "eta_std": 48.21754, "eta_hours": 0.49499, "eta_hours_std": 0.01339, "loss": 0.67029, "loss_std": 0.00021, "lr": 0.001, "lr_std": 0.0, "params": 3599.0, "params_std": 0.0, "time_iter": 0.52665, "time_iter_std": 0.00677, "accuracy": 0.60791, "accuracy_std": 0.0, "accuracy_max": 0.60791, "precision": 0.0, "precision_std": 0.0, "recall": 0.0, "recall_std": 0.0, "f1": 0.0, "f1_std": 0.0, "auc": 0.46793, "auc_std": 0.00888}
{"epoch": 5, "time_epoch": 18.43711, "time_epoch_std": 0.27689, "eta": 1758.17917, "eta_std": 40.13992, "eta_hours": 0.48838, "eta_hours_std": 0.01115, "loss": 0.66998, "loss_std": 0.0001, "lr": 0.00099, "lr_std": 0.0, "params": 3599.0, "params_std": 0.0, "time_iter": 0.52678, "time_iter_std": 0.00791, "accuracy": 0.60791, "accuracy_std": 0.0, "accuracy_max": 0.60791, "precision": 0.0, "precision_std": 0.0, "recall": 0.0, "recall_std": 0.0, "f1": 0.0, "f1_std": 0.0, "auc": 0.47433, "auc_std": 0.01746}
{"epoch": 6, "time_epoch": 18.47719, "time_epoch_std": 0.29001, "eta": 1736.46129, "eta_std": 34.71339, "eta_hours": 0.48235, "eta_hours_std": 0.00964, "loss": 0.66997, "loss_std": 8e-05, "lr": 0.00099, "lr_std": 0.0, "params": 3599.0, "params_std": 0.0, "time_iter": 0.52792, "time_iter_std": 0.00829, "accuracy": 0.60791, "accuracy_std": 0.0, "accuracy_max": 0.60791, "precision": 0.0, "precision_std": 0.0, "recall": 0.0, "recall_std": 0.0, "f1": 0.0, "f1_std": 0.0, "auc": 0.47706, "auc_std": 0.01879}
{"epoch": 7, "time_epoch": 18.46456, "time_epoch_std": 0.24187, "eta": 1715.40844, "eta_std": 30.57748, "eta_hours": 0.4765, "eta_hours_std": 0.00849, "loss": 0.66986, "loss_std": 2e-05, "lr": 0.00099, "lr_std": 0.0, "params": 3599.0, "params_std": 0.0, "time_iter": 0.52756, "time_iter_std": 0.00691, "accuracy": 0.60791, "accuracy_std": 0.0, "accuracy_max": 0.60791, "precision": 0.0, "precision_std": 0.0, "recall": 0.0, "recall_std": 0.0, "f1": 0.0, "f1_std": 0.0, "auc": 0.45522, "auc_std": 0.01169}
{"epoch": 8, "time_epoch": 18.48743, "time_epoch_std": 0.25907, "eta": 1695.16198, "eta_std": 27.66408, "eta_hours": 0.47088, "eta_hours_std": 0.00768, "loss": 0.66987, "loss_std": 0.00011, "lr": 0.00098, "lr_std": 0.0, "params": 3599.0, "params_std": 0.0, "time_iter": 0.52821, "time_iter_std": 0.0074, "accuracy": 0.60791, "accuracy_std": 0.0, "accuracy_max": 0.60791, "precision": 0.0, "precision_std": 0.0, "recall": 0.0, "recall_std": 0.0, "f1": 0.0, "f1_std": 0.0, "auc": 0.45572, "auc_std": 0.00407}
{"epoch": 9, "time_epoch": 18.44017, "time_epoch_std": 0.26003, "eta": 1674.84194, "eta_std": 25.23268, "eta_hours": 0.46523, "eta_hours_std": 0.00701, "loss": 0.66984, "loss_std": 0.00012, "lr": 0.00098, "lr_std": 0.0, "params": 3599.0, "params_std": 0.0, "time_iter": 0.52686, "time_iter_std": 0.00743, "accuracy": 0.60791, "accuracy_std": 0.0, "accuracy_max": 0.60791, "precision": 0.0, "precision_std": 0.0, "recall": 0.0, "recall_std": 0.0, "f1": 0.0, "f1_std": 0.0, "auc": 0.46132, "auc_std": 0.01085}
{"epoch": 10, "time_epoch": 18.43184, "time_epoch_std": 0.25717, "eta": 1654.79633, "eta_std": 23.47178, "eta_hours": 0.45966, "eta_hours_std": 0.00652, "loss": 0.66985, "loss_std": 5e-05, "lr": 0.00098, "lr_std": 0.0, "params": 3599.0, "params_std": 0.0, "time_iter": 0.52662, "time_iter_std": 0.00735, "accuracy": 0.60791, "accuracy_std": 0.0, "accuracy_max": 0.60791, "precision": 0.0, "precision_std": 0.0, "recall": 0.0, "recall_std": 0.0, "f1": 0.0, "f1_std": 0.0, "auc": 0.45761, "auc_std": 0.00622}
{"epoch": 11, "time_epoch": 18.45726, "time_epoch_std": 0.2227, "eta": 1635.20614, "eta_std": 22.13343, "eta_hours": 0.45422, "eta_hours_std": 0.00615, "loss": 0.66985, "loss_std": 9e-05, "lr": 0.00097, "lr_std": 0.0, "params": 3599.0, "params_std": 0.0, "time_iter": 0.52735, "time_iter_std": 0.00636, "accuracy": 0.60791, "accuracy_std": 0.0, "accuracy_max": 0.60791, "precision": 0.0, "precision_std": 0.0, "recall": 0.0, "recall_std": 0.0, "f1": 0.0, "f1_std": 0.0, "auc": 0.46186, "auc_std": 0.02564}
{"epoch": 12, "time_epoch": 18.45162, "time_epoch_std": 0.23967, "eta": 1615.75249, "eta_std": 21.02963, "eta_hours": 0.44882, "eta_hours_std": 0.00584, "loss": 0.66983, "loss_std": 7e-05, "lr": 0.00096, "lr_std": 0.0, "params": 3599.0, "params_std": 0.0, "time_iter": 0.52719, "time_iter_std": 0.00685, "accuracy": 0.60791, "accuracy_std": 0.0, "accuracy_max": 0.60791, "precision": 0.0, "precision_std": 0.0, "recall": 0.0, "recall_std": 0.0, "f1": 0.0, "f1_std": 0.0, "auc": 0.45605, "auc_std": 0.01414}
{"epoch": 13, "time_epoch": 18.44825, "time_epoch_std": 0.22756, "eta": 1596.42124, "eta_std": 20.2599, "eta_hours": 0.44345, "eta_hours_std": 0.00563, "loss": 0.66997, "loss_std": 0.00019, "lr": 0.00096, "lr_std": 0.0, "params": 3599.0, "params_std": 0.0, "time_iter": 0.52709, "time_iter_std": 0.0065, "accuracy": 0.60791, "accuracy_std": 0.0, "accuracy_max": 0.60791, "precision": 0.0, "precision_std": 0.0, "recall": 0.0, "recall_std": 0.0, "f1": 0.0, "f1_std": 0.0, "auc": 0.44642, "auc_std": 0.01762}
{"epoch": 14, "time_epoch": 18.44214, "time_epoch_std": 0.25415, "eta": 1577.17309, "eta_std": 19.50596, "eta_hours": 0.4381, "eta_hours_std": 0.00542, "loss": 0.66981, "loss_std": 5e-05, "lr": 0.00095, "lr_std": 0.0, "params": 3599.0, "params_std": 0.0, "time_iter": 0.52692, "time_iter_std": 0.00726, "accuracy": 0.60791, "accuracy_std": 0.0, "accuracy_max": 0.60791, "precision": 0.0, "precision_std": 0.0, "recall": 0.0, "recall_std": 0.0, "f1": 0.0, "f1_std": 0.0, "auc": 0.44476, "auc_std": 0.00337}
{"epoch": 15, "time_epoch": 18.4175, "time_epoch_std": 0.24202, "eta": 1557.89635, "eta_std": 18.89829, "eta_hours": 0.43275, "eta_hours_std": 0.00525, "loss": 0.66985, "loss_std": 0.00011, "lr": 0.00095, "lr_std": 0.0, "params": 3599.0, "params_std": 0.0, "time_iter": 0.52621, "time_iter_std": 0.00692, "accuracy": 0.60791, "accuracy_std": 0.0, "accuracy_max": 0.60791, "precision": 0.0, "precision_std": 0.0, "recall": 0.0, "recall_std": 0.0, "f1": 0.0, "f1_std": 0.0, "auc": 0.44954, "auc_std": 0.01406}
{"epoch": 16, "time_epoch": 18.44616, "time_epoch_std": 0.26309, "eta": 1538.8606, "eta_std": 18.37795, "eta_hours": 0.42746, "eta_hours_std": 0.0051, "loss": 0.66976, "loss_std": 3e-05, "lr": 0.00094, "lr_std": 0.0, "params": 3599.0, "params_std": 0.0, "time_iter": 0.52704, "time_iter_std": 0.00752, "accuracy": 0.60791, "accuracy_std": 0.0, "accuracy_max": 0.60791, "precision": 0.0, "precision_std": 0.0, "recall": 0.0, "recall_std": 0.0, "f1": 0.0, "f1_std": 0.0, "auc": 0.46654, "auc_std": 0.00787}
{"epoch": 17, "time_epoch": 18.44965, "time_epoch_std": 0.2769, "eta": 1519.90629, "eta_std": 18.02069, "eta_hours": 0.4222, "eta_hours_std": 0.00501, "loss": 0.6698, "loss_std": 6e-05, "lr": 0.00093, "lr_std": 0.0, "params": 3599.0, "params_std": 0.0, "time_iter": 0.52713, "time_iter_std": 0.00791, "accuracy": 0.60791, "accuracy_std": 0.0, "accuracy_max": 0.60791, "precision": 0.0, "precision_std": 0.0, "recall": 0.0, "recall_std": 0.0, "f1": 0.0, "f1_std": 0.0, "auc": 0.45928, "auc_std": 0.01413}
{"epoch": 18, "time_epoch": 18.44346, "time_epoch_std": 0.27359, "eta": 1500.97868, "eta_std": 17.75586, "eta_hours": 0.41694, "eta_hours_std": 0.00493, "loss": 0.66988, "loss_std": 0.00017, "lr": 0.00092, "lr_std": 0.0, "params": 3599.0, "params_std": 0.0, "time_iter": 0.52696, "time_iter_std": 0.00782, "accuracy": 0.60791, "accuracy_std": 0.0, "accuracy_max": 0.60791, "precision": 0.0, "precision_std": 0.0, "recall": 0.0, "recall_std": 0.0, "f1": 0.0, "f1_std": 0.0, "auc": 0.45698, "auc_std": 0.01462}
{"epoch": 19, "time_epoch": 18.44762, "time_epoch_std": 0.2684, "eta": 1482.11616, "eta_std": 17.4376, "eta_hours": 0.4117, "eta_hours_std": 0.00485, "loss": 0.66989, "loss_std": 0.00014, "lr": 0.00091, "lr_std": 0.0, "params": 3599.0, "params_std": 0.0, "time_iter": 0.52707, "time_iter_std": 0.00767, "accuracy": 0.60791, "accuracy_std": 0.0, "accuracy_max": 0.60791, "precision": 0.0, "precision_std": 0.0, "recall": 0.0, "recall_std": 0.0, "f1": 0.0, "f1_std": 0.0, "auc": 0.44766, "auc_std": 0.01714}
{"epoch": 20, "time_epoch": 18.43965, "time_epoch_std": 0.23337, "eta": 1463.26315, "eta_std": 17.17473, "eta_hours": 0.40646, "eta_hours_std": 0.00477, "loss": 0.66981, "loss_std": 7e-05, "lr": 0.0009, "lr_std": 0.0, "params": 3599.0, "params_std": 0.0, "time_iter": 0.52684, "time_iter_std": 0.00667, "accuracy": 0.60791, "accuracy_std": 0.0, "accuracy_max": 0.60791, "precision": 0.0, "precision_std": 0.0, "recall": 0.0, "recall_std": 0.0, "f1": 0.0, "f1_std": 0.0, "auc": 0.46574, "auc_std": 0.01244}
{"epoch": 21, "time_epoch": 18.45835, "time_epoch_std": 0.2529, "eta": 1444.51405, "eta_std": 16.89154, "eta_hours": 0.40125, "eta_hours_std": 0.00469, "loss": 0.66988, "loss_std": 0.00021, "lr": 0.0009, "lr_std": 0.0, "params": 3599.0, "params_std": 0.0, "time_iter": 0.52738, "time_iter_std": 0.00723, "accuracy": 0.60791, "accuracy_std": 0.0, "accuracy_max": 0.60791, "precision": 0.0, "precision_std": 0.0, "recall": 0.0, "recall_std": 0.0, "f1": 0.0, "f1_std": 0.0, "auc": 0.44387, "auc_std": 0.0199}
{"epoch": 22, "time_epoch": 18.47023, "time_epoch_std": 0.21169, "eta": 1425.82998, "eta_std": 16.57507, "eta_hours": 0.39606, "eta_hours_std": 0.00461, "loss": 0.66988, "loss_std": 8e-05, "lr": 0.00089, "lr_std": 0.0, "params": 3599.0, "params_std": 0.0, "time_iter": 0.52772, "time_iter_std": 0.00605, "accuracy": 0.60791, "accuracy_std": 0.0, "accuracy_max": 0.60791, "precision": 0.0, "precision_std": 0.0, "recall": 0.0, "recall_std": 0.0, "f1": 0.0, "f1_std": 0.0, "auc": 0.45931, "auc_std": 0.0127}
{"epoch": 23, "time_epoch": 18.43587, "time_epoch_std": 0.23384, "eta": 1407.05493, "eta_std": 16.34156, "eta_hours": 0.39085, "eta_hours_std": 0.00454, "loss": 0.66983, "loss_std": 0.00013, "lr": 0.00088, "lr_std": 0.0, "params": 3599.0, "params_std": 0.0, "time_iter": 0.52674, "time_iter_std": 0.00668, "accuracy": 0.60791, "accuracy_std": 0.0, "accuracy_max": 0.60791, "precision": 0.0, "precision_std": 0.0, "recall": 0.0, "recall_std": 0.0, "f1": 0.0, "f1_std": 0.0, "auc": 0.45773, "auc_std": 0.01761}
{"epoch": 24, "time_epoch": 18.47583, "time_epoch_std": 0.32802, "eta": 1388.42689, "eta_std": 16.39429, "eta_hours": 0.38568, "eta_hours_std": 0.00456, "loss": 0.66994, "loss_std": 0.00022, "lr": 0.00086, "lr_std": 0.0, "params": 3599.0, "params_std": 0.0, "time_iter": 0.52788, "time_iter_std": 0.00937, "accuracy": 0.60791, "accuracy_std": 0.0, "accuracy_max": 0.60791, "precision": 0.0, "precision_std": 0.0, "recall": 0.0, "recall_std": 0.0, "f1": 0.0, "f1_std": 0.0, "auc": 0.4491, "auc_std": 0.00943}
{"epoch": 25, "time_epoch": 18.47708, "time_epoch_std": 0.26191, "eta": 1369.81412, "eta_std": 16.26156, "eta_hours": 0.3805, "eta_hours_std": 0.00452, "loss": 0.66982, "loss_std": 0.00011, "lr": 0.00085, "lr_std": 0.0, "params": 3599.0, "params_std": 0.0, "time_iter": 0.52792, "time_iter_std": 0.00749, "accuracy": 0.60791, "accuracy_std": 0.0, "accuracy_max": 0.60791, "precision": 0.0, "precision_std": 0.0, "recall": 0.0, "recall_std": 0.0, "f1": 0.0, "f1_std": 0.0, "auc": 0.4545, "auc_std": 0.02168}
{"epoch": 26, "time_epoch": 18.44146, "time_epoch_std": 0.27188, "eta": 1351.11511, "eta_std": 16.07532, "eta_hours": 0.37531, "eta_hours_std": 0.00446, "loss": 0.6698, "loss_std": 7e-05, "lr": 0.00084, "lr_std": 0.0, "params": 3599.0, "params_std": 0.0, "time_iter": 0.5269, "time_iter_std": 0.00777, "accuracy": 0.60791, "accuracy_std": 0.0, "accuracy_max": 0.60791, "precision": 0.0, "precision_std": 0.0, "recall": 0.0, "recall_std": 0.0, "f1": 0.0, "f1_std": 0.0, "auc": 0.4457, "auc_std": 0.00547}
{"epoch": 27, "time_epoch": 18.45856, "time_epoch_std": 0.20835, "eta": 1332.47845, "eta_std": 15.74872, "eta_hours": 0.37013, "eta_hours_std": 0.00437, "loss": 0.66978, "loss_std": 5e-05, "lr": 0.00083, "lr_std": 0.0, "params": 3599.0, "params_std": 0.0, "time_iter": 0.52739, "time_iter_std": 0.00595, "accuracy": 0.60791, "accuracy_std": 0.0, "accuracy_max": 0.60791, "precision": 0.0, "precision_std": 0.0, "recall": 0.0, "recall_std": 0.0, "f1": 0.0, "f1_std": 0.0, "auc": 0.45064, "auc_std": 0.00845}
{"epoch": 28, "time_epoch": 20.00838, "time_epoch_std": 2.60557, "eta": 1317.64847, "eta_std": 10.42102, "eta_hours": 0.36601, "eta_hours_std": 0.0029, "loss": 0.66974, "loss_std": 3e-05, "lr": 0.00082, "lr_std": 0.0, "params": 3599.0, "params_std": 0.0, "time_iter": 0.57167, "time_iter_std": 0.07444, "accuracy": 0.60791, "accuracy_std": 0.0, "accuracy_max": 0.60791, "precision": 0.0, "precision_std": 0.0, "recall": 0.0, "recall_std": 0.0, "f1": 0.0, "f1_std": 0.0, "auc": 0.46688, "auc_std": 0.01242}
{"epoch": 29, "time_epoch": 20.23527, "time_epoch_std": 2.96424, "eta": 1303.00266, "eta_std": 8.21544, "eta_hours": 0.36194, "eta_hours_std": 0.00228, "loss": 0.6698, "loss_std": 4e-05, "lr": 0.00081, "lr_std": 0.0, "params": 3599.0, "params_std": 0.0, "time_iter": 0.57815, "time_iter_std": 0.08469, "accuracy": 0.60791, "accuracy_std": 0.0, "accuracy_max": 0.60791, "precision": 0.0, "precision_std": 0.0, "recall": 0.0, "recall_std": 0.0, "f1": 0.0, "f1_std": 0.0, "auc": 0.44645, "auc_std": 0.01423}
{"epoch": 30, "time_epoch": 20.28822, "time_epoch_std": 2.93492, "eta": 1288.11411, "eta_std": 10.85806, "eta_hours": 0.35781, "eta_hours_std": 0.00301, "loss": 0.66977, "loss_std": 6e-05, "lr": 0.00079, "lr_std": 0.0, "params": 3599.0, "params_std": 0.0, "time_iter": 0.57966, "time_iter_std": 0.08386, "accuracy": 0.60791, "accuracy_std": 0.0, "accuracy_max": 0.60791, "precision": 0.0, "precision_std": 0.0, "recall": 0.0, "recall_std": 0.0, "f1": 0.0, "f1_std": 0.0, "auc": 0.44273, "auc_std": 0.0088}
{"epoch": 31, "time_epoch": 20.25398, "time_epoch_std": 2.95889, "eta": 1272.81531, "eta_std": 15.46264, "eta_hours": 0.35356, "eta_hours_std": 0.0043, "loss": 0.66985, "loss_std": 9e-05, "lr": 0.00078, "lr_std": 0.0, "params": 3599.0, "params_std": 0.0, "time_iter": 0.57869, "time_iter_std": 0.08454, "accuracy": 0.60791, "accuracy_std": 0.0, "accuracy_max": 0.60791, "precision": 0.0, "precision_std": 0.0, "recall": 0.0, "recall_std": 0.0, "f1": 0.0, "f1_std": 0.0, "auc": 0.43822, "auc_std": 0.01616}
{"epoch": 32, "time_epoch": 20.26094, "time_epoch_std": 2.98419, "eta": 1257.23033, "eta_std": 20.31317, "eta_hours": 0.34923, "eta_hours_std": 0.00564, "loss": 0.66974, "loss_std": 2e-05, "lr": 0.00077, "lr_std": 0.0, "params": 3599.0, "params_std": 0.0, "time_iter": 0.57888, "time_iter_std": 0.08526, "accuracy": 0.60791, "accuracy_std": 0.0, "accuracy_max": 0.60791, "precision": 0.0, "precision_std": 0.0, "recall": 0.0, "recall_std": 0.0, "f1": 0.0, "f1_std": 0.0, "auc": 0.45444, "auc_std": 0.02196}
{"epoch": 33, "time_epoch": 20.27994, "time_epoch_std": 2.99609, "eta": 1241.40718, "eta_std": 24.9666, "eta_hours": 0.34484, "eta_hours_std": 0.00694, "loss": 0.66975, "loss_std": 3e-05, "lr": 0.00075, "lr_std": 0.0, "params": 3599.0, "params_std": 0.0, "time_iter": 0.57943, "time_iter_std": 0.0856, "accuracy": 0.60791, "accuracy_std": 0.0, "accuracy_max": 0.60791, "precision": 0.0, "precision_std": 0.0, "recall": 0.0, "recall_std": 0.0, "f1": 0.0, "f1_std": 0.0, "auc": 0.45847, "auc_std": 0.01239}
{"epoch": 34, "time_epoch": 20.27194, "time_epoch_std": 2.99224, "eta": 1225.3145, "eta_std": 29.26204, "eta_hours": 0.34036, "eta_hours_std": 0.00813, "loss": 0.6698, "loss_std": 6e-05, "lr": 0.00074, "lr_std": 0.0, "params": 3599.0, "params_std": 0.0, "time_iter": 0.5792, "time_iter_std": 0.08549, "accuracy": 0.60791, "accuracy_std": 0.0, "accuracy_max": 0.60791, "precision": 0.0, "precision_std": 0.0, "recall": 0.0, "recall_std": 0.0, "f1": 0.0, "f1_std": 0.0, "auc": 0.46224, "auc_std": 0.01817}
{"epoch": 35, "time_epoch": 20.26603, "time_epoch_std": 2.99361, "eta": 1208.97914, "eta_std": 33.23634, "eta_hours": 0.33583, "eta_hours_std": 0.00923, "loss": 0.66982, "loss_std": 9e-05, "lr": 0.00073, "lr_std": 0.0, "params": 3599.0, "params_std": 0.0, "time_iter": 0.57903, "time_iter_std": 0.08553, "accuracy": 0.60791, "accuracy_std": 0.0, "accuracy_max": 0.60791, "precision": 0.0, "precision_std": 0.0, "recall": 0.0, "recall_std": 0.0, "f1": 0.0, "f1_std": 0.0, "auc": 0.46447, "auc_std": 0.01039}
{"epoch": 36, "time_epoch": 20.29082, "time_epoch_std": 2.93178, "eta": 1192.47352, "eta_std": 36.75056, "eta_hours": 0.33124, "eta_hours_std": 0.01021, "loss": 0.66993, "loss_std": 0.00028, "lr": 0.00071, "lr_std": 0.0, "params": 3599.0, "params_std": 0.0, "time_iter": 0.57974, "time_iter_std": 0.08376, "accuracy": 0.60791, "accuracy_std": 0.0, "accuracy_max": 0.60791, "precision": 0.0, "precision_std": 0.0, "recall": 0.0, "recall_std": 0.0, "f1": 0.0, "f1_std": 0.0, "auc": 0.45616, "auc_std": 0.00456}
{"epoch": 37, "time_epoch": 20.27667, "time_epoch_std": 2.97831, "eta": 1175.74557, "eta_std": 40.00951, "eta_hours": 0.3266, "eta_hours_std": 0.01111, "loss": 0.66976, "loss_std": 7e-05, "lr": 0.0007, "lr_std": 0.0, "params": 3599.0, "params_std": 0.0, "time_iter": 0.57933, "time_iter_std": 0.0851, "accuracy": 0.60791, "accuracy_std": 0.0, "accuracy_max": 0.60791, "precision": 0.0, "precision_std": 0.0, "recall": 0.0, "recall_std": 0.0, "f1": 0.0, "f1_std": 0.0, "auc": 0.46918, "auc_std": 0.02198}
{"epoch": 38, "time_epoch": 20.26903, "time_epoch_std": 2.9473, "eta": 1158.8237, "eta_std": 42.92525, "eta_hours": 0.32189, "eta_hours_std": 0.01193, "loss": 0.6698, "loss_std": 9e-05, "lr": 0.00068, "lr_std": 0.0, "params": 3599.0, "params_std": 0.0, "time_iter": 0.57911, "time_iter_std": 0.08421, "accuracy": 0.60791, "accuracy_std": 0.0, "accuracy_max": 0.60791, "precision": 0.0, "precision_std": 0.0, "recall": 0.0, "recall_std": 0.0, "f1": 0.0, "f1_std": 0.0, "auc": 0.45778, "auc_std": 0.01761}
{"epoch": 39, "time_epoch": 20.29366, "time_epoch_std": 2.93482, "eta": 1141.77141, "eta_std": 45.53609, "eta_hours": 0.31716, "eta_hours_std": 0.01265, "loss": 0.66974, "loss_std": 4e-05, "lr": 0.00067, "lr_std": 0.0, "params": 3599.0, "params_std": 0.0, "time_iter": 0.57982, "time_iter_std": 0.08385, "accuracy": 0.60791, "accuracy_std": 0.0, "accuracy_max": 0.60791, "precision": 0.0, "precision_std": 0.0, "recall": 0.0, "recall_std": 0.0, "f1": 0.0, "f1_std": 0.0, "auc": 0.4521, "auc_std": 0.01583}
{"epoch": 40, "time_epoch": 20.26084, "time_epoch_std": 2.98392, "eta": 1124.51378, "eta_std": 47.95263, "eta_hours": 0.31236, "eta_hours_std": 0.01332, "loss": 0.66978, "loss_std": 5e-05, "lr": 0.00065, "lr_std": 0.0, "params": 3599.0, "params_std": 0.0, "time_iter": 0.57888, "time_iter_std": 0.08525, "accuracy": 0.60791, "accuracy_std": 0.0, "accuracy_max": 0.60791, "precision": 0.0, "precision_std": 0.0, "recall": 0.0, "recall_std": 0.0, "f1": 0.0, "f1_std": 0.0, "auc": 0.45154, "auc_std": 0.00976}
{"epoch": 41, "time_epoch": 20.2496, "time_epoch_std": 2.98672, "eta": 1107.09762, "eta_std": 50.12121, "eta_hours": 0.30753, "eta_hours_std": 0.01392, "loss": 0.66977, "loss_std": 7e-05, "lr": 0.00064, "lr_std": 0.0, "params": 3599.0, "params_std": 0.0, "time_iter": 0.57856, "time_iter_std": 0.08533, "accuracy": 0.60791, "accuracy_std": 0.0, "accuracy_max": 0.60791, "precision": 0.0, "precision_std": 0.0, "recall": 0.0, "recall_std": 0.0, "f1": 0.0, "f1_std": 0.0, "auc": 0.45757, "auc_std": 0.01276}
{"epoch": 42, "time_epoch": 20.23506, "time_epoch_std": 2.98377, "eta": 1089.53038, "eta_std": 52.05086, "eta_hours": 0.30265, "eta_hours_std": 0.01446, "loss": 0.66976, "loss_std": 4e-05, "lr": 0.00062, "lr_std": 0.0, "params": 3599.0, "params_std": 0.0, "time_iter": 0.57814, "time_iter_std": 0.08525, "accuracy": 0.60791, "accuracy_std": 0.0, "accuracy_max": 0.60791, "precision": 0.0, "precision_std": 0.0, "recall": 0.0, "recall_std": 0.0, "f1": 0.0, "f1_std": 0.0, "auc": 0.45352, "auc_std": 0.01072}
{"epoch": 43, "time_epoch": 20.25606, "time_epoch_std": 2.95239, "eta": 1071.86862, "eta_std": 53.71657, "eta_hours": 0.29774, "eta_hours_std": 0.01492, "loss": 0.66975, "loss_std": 6e-05, "lr": 0.00061, "lr_std": 0.0, "params": 3599.0, "params_std": 0.0, "time_iter": 0.57874, "time_iter_std": 0.08436, "accuracy": 0.60791, "accuracy_std": 0.0, "accuracy_max": 0.60791, "precision": 0.0, "precision_std": 0.0, "recall": 0.0, "recall_std": 0.0, "f1": 0.0, "f1_std": 0.0, "auc": 0.45884, "auc_std": 0.02251}
{"epoch": 44, "time_epoch": 20.28397, "time_epoch_std": 2.97143, "eta": 1054.12566, "eta_std": 55.20631, "eta_hours": 0.29281, "eta_hours_std": 0.01533, "loss": 0.66975, "loss_std": 3e-05, "lr": 0.00059, "lr_std": 0.0, "params": 3599.0, "params_std": 0.0, "time_iter": 0.57954, "time_iter_std": 0.0849, "accuracy": 0.60791, "accuracy_std": 0.0, "accuracy_max": 0.60791, "precision": 0.0, "precision_std": 0.0, "recall": 0.0, "recall_std": 0.0, "f1": 0.0, "f1_std": 0.0, "auc": 0.45921, "auc_std": 0.00921}
{"epoch": 45, "time_epoch": 20.25317, "time_epoch_std": 2.96597, "eta": 1036.23608, "eta_std": 56.49785, "eta_hours": 0.28784, "eta_hours_std": 0.01569, "loss": 0.66977, "loss_std": 7e-05, "lr": 0.00058, "lr_std": 0.0, "params": 3599.0, "params_std": 0.0, "time_iter": 0.57866, "time_iter_std": 0.08474, "accuracy": 0.60791, "accuracy_std": 0.0, "accuracy_max": 0.60791, "precision": 0.0, "precision_std": 0.0, "recall": 0.0, "recall_std": 0.0, "f1": 0.0, "f1_std": 0.0, "auc": 0.44566, "auc_std": 0.01562}
{"epoch": 46, "time_epoch": 20.26629, "time_epoch_std": 2.98712, "eta": 1018.2607, "eta_std": 57.63193, "eta_hours": 0.28285, "eta_hours_std": 0.01601, "loss": 0.66975, "loss_std": 6e-05, "lr": 0.00056, "lr_std": 0.0, "params": 3599.0, "params_std": 0.0, "time_iter": 0.57904, "time_iter_std": 0.08535, "accuracy": 0.60791, "accuracy_std": 0.0, "accuracy_max": 0.60791, "precision": 0.0, "precision_std": 0.0, "recall": 0.0, "recall_std": 0.0, "f1": 0.0, "f1_std": 0.0, "auc": 0.46394, "auc_std": 0.02273}
{"epoch": 47, "time_epoch": 20.27771, "time_epoch_std": 2.97462, "eta": 1000.20225, "eta_std": 58.57827, "eta_hours": 0.27783, "eta_hours_std": 0.01627, "loss": 0.66972, "loss_std": 4e-05, "lr": 0.00055, "lr_std": 0.0, "params": 3599.0, "params_std": 0.0, "time_iter": 0.57936, "time_iter_std": 0.08499, "accuracy": 0.60791, "accuracy_std": 0.0, "accuracy_max": 0.60791, "precision": 0.0, "precision_std": 0.0, "recall": 0.0, "recall_std": 0.0, "f1": 0.0, "f1_std": 0.0, "auc": 0.47344, "auc_std": 0.01728}
{"epoch": 48, "time_epoch": 20.26069, "time_epoch_std": 2.93514, "eta": 982.0355, "eta_std": 59.3267, "eta_hours": 0.27278, "eta_hours_std": 0.01648, "loss": 0.66975, "loss_std": 2e-05, "lr": 0.00053, "lr_std": 0.0, "params": 3599.0, "params_std": 0.0, "time_iter": 0.57888, "time_iter_std": 0.08386, "accuracy": 0.60791, "accuracy_std": 0.0, "accuracy_max": 0.60791, "precision": 0.0, "precision_std": 0.0, "recall": 0.0, "recall_std": 0.0, "f1": 0.0, "f1_std": 0.0, "auc": 0.44827, "auc_std": 0.00946}
{"epoch": 49, "time_epoch": 20.25749, "time_epoch_std": 2.95144, "eta": 963.78179, "eta_std": 59.9422, "eta_hours": 0.26772, "eta_hours_std": 0.01665, "loss": 0.66974, "loss_std": 2e-05, "lr": 0.00052, "lr_std": 0.0, "params": 3599.0, "params_std": 0.0, "time_iter": 0.57879, "time_iter_std": 0.08433, "accuracy": 0.60791, "accuracy_std": 0.0, "accuracy_max": 0.60791, "precision": 0.0, "precision_std": 0.0, "recall": 0.0, "recall_std": 0.0, "f1": 0.0, "f1_std": 0.0, "auc": 0.45585, "auc_std": 0.00409}
{"epoch": 50, "time_epoch": 20.3776, "time_epoch_std": 2.88847, "eta": 945.5649, "eta_std": 60.35982, "eta_hours": 0.26266, "eta_hours_std": 0.01677, "loss": 0.66971, "loss_std": 4e-05, "lr": 0.0005, "lr_std": 0.0, "params": 3599.0, "params_std": 0.0, "time_iter": 0.58222, "time_iter_std": 0.08253, "accuracy": 0.60791, "accuracy_std": 0.0, "accuracy_max": 0.60791, "precision": 0.0, "precision_std": 0.0, "recall": 0.0, "recall_std": 0.0, "f1": 0.0, "f1_std": 0.0, "auc": 0.46654, "auc_std": 0.02081}
{"epoch": 51, "time_epoch": 20.27754, "time_epoch_std": 2.98002, "eta": 927.17256, "eta_std": 60.73563, "eta_hours": 0.25755, "eta_hours_std": 0.01687, "loss": 0.66971, "loss_std": 1e-05, "lr": 0.00048, "lr_std": 0.0, "params": 3599.0, "params_std": 0.0, "time_iter": 0.57936, "time_iter_std": 0.08514, "accuracy": 0.60791, "accuracy_std": 0.0, "accuracy_max": 0.60791, "precision": 0.0, "precision_std": 0.0, "recall": 0.0, "recall_std": 0.0, "f1": 0.0, "f1_std": 0.0, "auc": 0.47278, "auc_std": 0.01576}
{"epoch": 52, "time_epoch": 20.28446, "time_epoch_std": 2.96967, "eta": 908.7152, "eta_std": 60.97719, "eta_hours": 0.25242, "eta_hours_std": 0.01694, "loss": 0.66979, "loss_std": 9e-05, "lr": 0.00047, "lr_std": 0.0, "params": 3599.0, "params_std": 0.0, "time_iter": 0.57956, "time_iter_std": 0.08485, "accuracy": 0.60791, "accuracy_std": 0.0, "accuracy_max": 0.60791, "precision": 0.0, "precision_std": 0.0, "recall": 0.0, "recall_std": 0.0, "f1": 0.0, "f1_std": 0.0, "auc": 0.45916, "auc_std": 0.01148}
{"epoch": 53, "time_epoch": 20.26948, "time_epoch_std": 2.98022, "eta": 890.17741, "eta_std": 61.11087, "eta_hours": 0.24727, "eta_hours_std": 0.01698, "loss": 0.6697, "loss_std": 4e-05, "lr": 0.00045, "lr_std": 0.0, "params": 3599.0, "params_std": 0.0, "time_iter": 0.57913, "time_iter_std": 0.08515, "accuracy": 0.60791, "accuracy_std": 0.0, "accuracy_max": 0.60791, "precision": 0.0, "precision_std": 0.0, "recall": 0.0, "recall_std": 0.0, "f1": 0.0, "f1_std": 0.0, "auc": 0.47659, "auc_std": 0.01803}
{"epoch": 54, "time_epoch": 20.30068, "time_epoch_std": 2.9541, "eta": 871.60218, "eta_std": 61.11, "eta_hours": 0.24211, "eta_hours_std": 0.01697, "loss": 0.66971, "loss_std": 4e-05, "lr": 0.00044, "lr_std": 0.0, "params": 3599.0, "params_std": 0.0, "time_iter": 0.58002, "time_iter_std": 0.0844, "accuracy": 0.60791, "accuracy_std": 0.0, "accuracy_max": 0.60791, "precision": 0.0, "precision_std": 0.0, "recall": 0.0, "recall_std": 0.0, "f1": 0.0, "f1_std": 0.0, "auc": 0.46588, "auc_std": 0.02476}
{"epoch": 55, "time_epoch": 20.28694, "time_epoch_std": 2.96229, "eta": 852.95453, "eta_std": 61.01036, "eta_hours": 0.23693, "eta_hours_std": 0.01695, "loss": 0.66969, "loss_std": 7e-05, "lr": 0.00042, "lr_std": 0.0, "params": 3599.0, "params_std": 0.0, "time_iter": 0.57963, "time_iter_std": 0.08463, "accuracy": 0.60791, "accuracy_std": 0.0, "accuracy_max": 0.60791, "precision": 0.0, "precision_std": 0.0, "recall": 0.0, "recall_std": 0.0, "f1": 0.0, "f1_std": 0.0, "auc": 0.47193, "auc_std": 0.03017}
{"epoch": 56, "time_epoch": 20.25915, "time_epoch_std": 2.98248, "eta": 834.2284, "eta_std": 60.82556, "eta_hours": 0.23173, "eta_hours_std": 0.0169, "loss": 0.66969, "loss_std": 3e-05, "lr": 0.00041, "lr_std": 0.0, "params": 3599.0, "params_std": 0.0, "time_iter": 0.57884, "time_iter_std": 0.08521, "accuracy": 0.60791, "accuracy_std": 0.0, "accuracy_max": 0.60791, "precision": 0.0, "precision_std": 0.0, "recall": 0.0, "recall_std": 0.0, "f1": 0.0, "f1_std": 0.0, "auc": 0.48082, "auc_std": 0.01348}
{"epoch": 57, "time_epoch": 20.25618, "time_epoch_std": 2.95044, "eta": 815.44725, "eta_std": 60.52118, "eta_hours": 0.22651, "eta_hours_std": 0.01681, "loss": 0.66974, "loss_std": 6e-05, "lr": 0.00039, "lr_std": 0.0, "params": 3599.0, "params_std": 0.0, "time_iter": 0.57875, "time_iter_std": 0.0843, "accuracy": 0.60791, "accuracy_std": 0.0, "accuracy_max": 0.60791, "precision": 0.0, "precision_std": 0.0, "recall": 0.0, "recall_std": 0.0, "f1": 0.0, "f1_std": 0.0, "auc": 0.45863, "auc_std": 0.01072}
{"epoch": 58, "time_epoch": 20.26451, "time_epoch_std": 2.98754, "eta": 796.6219, "eta_std": 60.15319, "eta_hours": 0.22128, "eta_hours_std": 0.01671, "loss": 0.66971, "loss_std": 2e-05, "lr": 0.00038, "lr_std": 0.0, "params": 3599.0, "params_std": 0.0, "time_iter": 0.57898, "time_iter_std": 0.08536, "accuracy": 0.60791, "accuracy_std": 0.0, "accuracy_max": 0.60791, "precision": 0.0, "precision_std": 0.0, "recall": 0.0, "recall_std": 0.0, "f1": 0.0, "f1_std": 0.0, "auc": 0.47, "auc_std": 0.01532}
{"epoch": 59, "time_epoch": 20.25049, "time_epoch_std": 2.94728, "eta": 777.73922, "eta_std": 59.67019, "eta_hours": 0.21604, "eta_hours_std": 0.01658, "loss": 0.66971, "loss_std": 2e-05, "lr": 0.00036, "lr_std": 0.0, "params": 3599.0, "params_std": 0.0, "time_iter": 0.57859, "time_iter_std": 0.08421, "accuracy": 0.60791, "accuracy_std": 0.0, "accuracy_max": 0.60791, "precision": 0.0, "precision_std": 0.0, "recall": 0.0, "recall_std": 0.0, "f1": 0.0, "f1_std": 0.0, "auc": 0.47093, "auc_std": 0.0074}
{"epoch": 60, "time_epoch": 20.24078, "time_epoch_std": 2.94122, "eta": 758.80549, "eta_std": 59.10291, "eta_hours": 0.21078, "eta_hours_std": 0.01642, "loss": 0.66971, "loss_std": 2e-05, "lr": 0.00035, "lr_std": 0.0, "params": 3599.0, "params_std": 0.0, "time_iter": 0.57831, "time_iter_std": 0.08403, "accuracy": 0.60791, "accuracy_std": 0.0, "accuracy_max": 0.60791, "precision": 0.0, "precision_std": 0.0, "recall": 0.0, "recall_std": 0.0, "f1": 0.0, "f1_std": 0.0, "auc": 0.46215, "auc_std": 0.01484}
{"epoch": 61, "time_epoch": 20.24598, "time_epoch_std": 3.00893, "eta": 739.83278, "eta_std": 58.50032, "eta_hours": 0.20551, "eta_hours_std": 0.01625, "loss": 0.6697, "loss_std": 1e-05, "lr": 0.00033, "lr_std": 0.0, "params": 3599.0, "params_std": 0.0, "time_iter": 0.57845, "time_iter_std": 0.08597, "accuracy": 0.60791, "accuracy_std": 0.0, "accuracy_max": 0.60791, "precision": 0.0, "precision_std": 0.0, "recall": 0.0, "recall_std": 0.0, "f1": 0.0, "f1_std": 0.0, "auc": 0.46799, "auc_std": 0.0039}
{"epoch": 62, "time_epoch": 20.23063, "time_epoch_std": 2.9953, "eta": 720.81064, "eta_std": 57.81366, "eta_hours": 0.20023, "eta_hours_std": 0.01606, "loss": 0.66972, "loss_std": 6e-05, "lr": 0.00032, "lr_std": 0.0, "params": 3599.0, "params_std": 0.0, "time_iter": 0.57802, "time_iter_std": 0.08558, "accuracy": 0.60791, "accuracy_std": 0.0, "accuracy_max": 0.60791, "precision": 0.0, "precision_std": 0.0, "recall": 0.0, "recall_std": 0.0, "f1": 0.0, "f1_std": 0.0, "auc": 0.45526, "auc_std": 0.03129}
{"epoch": 63, "time_epoch": 20.25446, "time_epoch_std": 2.95092, "eta": 701.76413, "eta_std": 57.03147, "eta_hours": 0.19493, "eta_hours_std": 0.01584, "loss": 0.66968, "loss_std": 5e-05, "lr": 0.0003, "lr_std": 0.0, "params": 3599.0, "params_std": 0.0, "time_iter": 0.5787, "time_iter_std": 0.08431, "accuracy": 0.60791, "accuracy_std": 0.0, "accuracy_max": 0.60791, "precision": 0.0, "precision_std": 0.0, "recall": 0.0, "recall_std": 0.0, "f1": 0.0, "f1_std": 0.0, "auc": 0.46958, "auc_std": 0.02584}
{"epoch": 64, "time_epoch": 20.26653, "time_epoch_std": 2.9847, "eta": 682.68696, "eta_std": 56.20073, "eta_hours": 0.18964, "eta_hours_std": 0.01561, "loss": 0.66966, "loss_std": 4e-05, "lr": 0.00029, "lr_std": 0.0, "params": 3599.0, "params_std": 0.0, "time_iter": 0.57904, "time_iter_std": 0.08528, "accuracy": 0.60791, "accuracy_std": 0.0, "accuracy_max": 0.60791, "precision": 0.0, "precision_std": 0.0, "recall": 0.0, "recall_std": 0.0, "f1": 0.0, "f1_std": 0.0, "auc": 0.48209, "auc_std": 0.0201}
{"epoch": 65, "time_epoch": 20.29657, "time_epoch_std": 2.96639, "eta": 663.58922, "eta_std": 55.29492, "eta_hours": 0.18433, "eta_hours_std": 0.01536, "loss": 0.66964, "loss_std": 9e-05, "lr": 0.00027, "lr_std": 0.0, "params": 3599.0, "params_std": 0.0, "time_iter": 0.5799, "time_iter_std": 0.08476, "accuracy": 0.60791, "accuracy_std": 0.0, "accuracy_max": 0.60791, "precision": 0.0, "precision_std": 0.0, "recall": 0.0, "recall_std": 0.0, "f1": 0.0, "f1_std": 0.0, "auc": 0.49114, "auc_std": 0.03177}
{"epoch": 66, "time_epoch": 20.28051, "time_epoch_std": 2.94106, "eta": 644.44778, "eta_std": 54.3151, "eta_hours": 0.17901, "eta_hours_std": 0.01509, "loss": 0.66975, "loss_std": 0.00012, "lr": 0.00026, "lr_std": 0.0, "params": 3599.0, "params_std": 0.0, "time_iter": 0.57944, "time_iter_std": 0.08403, "accuracy": 0.60791, "accuracy_std": 0.0, "accuracy_max": 0.60791, "precision": 0.0, "precision_std": 0.0, "recall": 0.0, "recall_std": 0.0, "f1": 0.0, "f1_std": 0.0, "auc": 0.46744, "auc_std": 0.01079}
{"epoch": 67, "time_epoch": 20.27578, "time_epoch_std": 2.90178, "eta": 625.27062, "eta_std": 53.25928, "eta_hours": 0.17369, "eta_hours_std": 0.01479, "loss": 0.66969, "loss_std": 1e-05, "lr": 0.00025, "lr_std": 0.0, "params": 3599.0, "params_std": 0.0, "time_iter": 0.57931, "time_iter_std": 0.08291, "accuracy": 0.60791, "accuracy_std": 0.0, "accuracy_max": 0.60791, "precision": 0.0, "precision_std": 0.0, "recall": 0.0, "recall_std": 0.0, "f1": 0.0, "f1_std": 0.0, "auc": 0.472, "auc_std": 0.00761}
{"epoch": 68, "time_epoch": 20.33151, "time_epoch_std": 2.96838, "eta": 606.08665, "eta_std": 52.17999, "eta_hours": 0.16836, "eta_hours_std": 0.01449, "loss": 0.66971, "loss_std": 2e-05, "lr": 0.00023, "lr_std": 0.0, "params": 3599.0, "params_std": 0.0, "time_iter": 0.5809, "time_iter_std": 0.08481, "accuracy": 0.60791, "accuracy_std": 0.0, "accuracy_max": 0.60791, "precision": 0.0, "precision_std": 0.0, "recall": 0.0, "recall_std": 0.0, "f1": 0.0, "f1_std": 0.0, "auc": 0.45913, "auc_std": 0.01375}
{"epoch": 69, "time_epoch": 20.28258, "time_epoch_std": 2.94892, "eta": 586.84892, "eta_std": 51.03897, "eta_hours": 0.16302, "eta_hours_std": 0.01417, "loss": 0.66967, "loss_std": 4e-05, "lr": 0.00022, "lr_std": 0.0, "params": 3599.0, "params_std": 0.0, "time_iter": 0.5795, "time_iter_std": 0.08425, "accuracy": 0.60791, "accuracy_std": 0.0, "accuracy_max": 0.60791, "precision": 0.0, "precision_std": 0.0, "recall": 0.0, "recall_std": 0.0, "f1": 0.0, "f1_std": 0.0, "auc": 0.47434, "auc_std": 0.02066}
{"epoch": 70, "time_epoch": 20.27836, "time_epoch_std": 2.94307, "eta": 567.58004, "eta_std": 49.84421, "eta_hours": 0.15766, "eta_hours_std": 0.01385, "loss": 0.66963, "loss_std": 0.0001, "lr": 0.00021, "lr_std": 0.0, "params": 3599.0, "params_std": 0.0, "time_iter": 0.57938, "time_iter_std": 0.08409, "accuracy": 0.60791, "accuracy_std": 0.0, "accuracy_max": 0.60791, "precision": 0.0, "precision_std": 0.0, "recall": 0.0, "recall_std": 0.0, "f1": 0.0, "f1_std": 0.0, "auc": 0.48732, "auc_std": 0.03522}
{"epoch": 71, "time_epoch": 20.25044, "time_epoch_std": 2.96059, "eta": 548.27226, "eta_std": 48.60771, "eta_hours": 0.1523, "eta_hours_std": 0.0135, "loss": 0.66967, "loss_std": 4e-05, "lr": 0.00019, "lr_std": 0.0, "params": 3599.0, "params_std": 0.0, "time_iter": 0.57858, "time_iter_std": 0.08459, "accuracy": 0.60791, "accuracy_std": 0.0, "accuracy_max": 0.60791, "precision": 0.0, "precision_std": 0.0, "recall": 0.0, "recall_std": 0.0, "f1": 0.0, "f1_std": 0.0, "auc": 0.47601, "auc_std": 0.01629}
{"epoch": 72, "time_epoch": 20.29364, "time_epoch_std": 2.98026, "eta": 528.95463, "eta_std": 47.33095, "eta_hours": 0.14693, "eta_hours_std": 0.01315, "loss": 0.66962, "loss_std": 0.0001, "lr": 0.00018, "lr_std": 0.0, "params": 3599.0, "params_std": 0.0, "time_iter": 0.57982, "time_iter_std": 0.08515, "accuracy": 0.60791, "accuracy_std": 0.0, "accuracy_max": 0.60791, "precision": 0.0, "precision_std": 0.0, "recall": 0.0, "recall_std": 0.0, "f1": 0.0, "f1_std": 0.0, "auc": 0.48922, "auc_std": 0.03539}
{"epoch": 73, "time_epoch": 20.22279, "time_epoch_std": 2.99026, "eta": 509.58574, "eta_std": 46.01187, "eta_hours": 0.14155, "eta_hours_std": 0.01278, "loss": 0.66963, "loss_std": 0.00011, "lr": 0.00017, "lr_std": 0.0, "params": 3599.0, "params_std": 0.0, "time_iter": 0.5778, "time_iter_std": 0.08544, "accuracy": 0.60791, "accuracy_std": 0.0, "accuracy_max": 0.60791, "precision": 0.0, "precision_std": 0.0, "recall": 0.0, "recall_std": 0.0, "f1": 0.0, "f1_std": 0.0, "auc": 0.49944, "auc_std": 0.05133}
{"epoch": 74, "time_epoch": 20.24854, "time_epoch_std": 2.98402, "eta": 490.20264, "eta_std": 44.64623, "eta_hours": 0.13616, "eta_hours_std": 0.0124, "loss": 0.66962, "loss_std": 0.00013, "lr": 0.00016, "lr_std": 0.0, "params": 3599.0, "params_std": 0.0, "time_iter": 0.57853, "time_iter_std": 0.08526, "accuracy": 0.60791, "accuracy_std": 0.0, "accuracy_max": 0.60791, "precision": 0.0, "precision_std": 0.0, "recall": 0.0, "recall_std": 0.0, "f1": 0.0, "f1_std": 0.0, "auc": 0.49453, "auc_std": 0.03829}
{"epoch": 75, "time_epoch": 20.27184, "time_epoch_std": 2.96831, "eta": 470.80414, "eta_std": 43.23339, "eta_hours": 0.13078, "eta_hours_std": 0.01201, "loss": 0.6696, "loss_std": 0.00014, "lr": 0.00015, "lr_std": 0.0, "params": 3599.0, "params_std": 0.0, "time_iter": 0.57919, "time_iter_std": 0.08481, "accuracy": 0.60791, "accuracy_std": 0.0, "accuracy_max": 0.60791, "precision": 0.0, "precision_std": 0.0, "recall": 0.0, "recall_std": 0.0, "f1": 0.0, "f1_std": 0.0, "auc": 0.49848, "auc_std": 0.03829}
{"epoch": 76, "time_epoch": 20.2768, "time_epoch_std": 2.96927, "eta": 451.38443, "eta_std": 41.78008, "eta_hours": 0.12539, "eta_hours_std": 0.01161, "loss": 0.66961, "loss_std": 0.00013, "lr": 0.00014, "lr_std": 0.0, "params": 3599.0, "params_std": 0.0, "time_iter": 0.57934, "time_iter_std": 0.08483, "accuracy": 0.60791, "accuracy_std": 0.0, "accuracy_max": 0.60791, "precision": 0.0, "precision_std": 0.0, "recall": 0.0, "recall_std": 0.0, "f1": 0.0, "f1_std": 0.0, "auc": 0.48018, "auc_std": 0.03813}
{"epoch": 77, "time_epoch": 20.24025, "time_epoch_std": 2.9513, "eta": 431.93244, "eta_std": 40.28322, "eta_hours": 0.11998, "eta_hours_std": 0.01119, "loss": 0.66955, "loss_std": 0.00022, "lr": 0.00012, "lr_std": 0.0, "params": 3599.0, "params_std": 0.0, "time_iter": 0.5783, "time_iter_std": 0.08432, "accuracy": 0.60791, "accuracy_std": 0.0, "accuracy_max": 0.60791, "precision": 0.0, "precision_std": 0.0, "recall": 0.0, "recall_std": 0.0, "f1": 0.0, "f1_std": 0.0, "auc": 0.51133, "auc_std": 0.0607}
{"epoch": 78, "time_epoch": 20.23921, "time_epoch_std": 3.00303, "eta": 412.46021, "eta_std": 38.76334, "eta_hours": 0.11457, "eta_hours_std": 0.01077, "loss": 0.66956, "loss_std": 0.00021, "lr": 0.00011, "lr_std": 0.0, "params": 3599.0, "params_std": 0.0, "time_iter": 0.57826, "time_iter_std": 0.0858, "accuracy": 0.60791, "accuracy_std": 0.0, "accuracy_max": 0.60791, "precision": 0.0, "precision_std": 0.0, "recall": 0.0, "recall_std": 0.0, "f1": 0.0, "f1_std": 0.0, "auc": 0.49506, "auc_std": 0.03812}
{"epoch": 79, "time_epoch": 20.30298, "time_epoch_std": 2.93399, "eta": 392.98475, "eta_std": 37.18883, "eta_hours": 0.10916, "eta_hours_std": 0.01033, "loss": 0.6695, "loss_std": 0.00032, "lr": 0.0001, "lr_std": 0.0, "params": 3599.0, "params_std": 0.0, "time_iter": 0.58008, "time_iter_std": 0.08383, "accuracy": 0.60791, "accuracy_std": 0.0, "accuracy_max": 0.60791, "precision": 0.0, "precision_std": 0.0, "recall": 0.0, "recall_std": 0.0, "f1": 0.0, "f1_std": 0.0, "auc": 0.51193, "auc_std": 0.06493}
{"epoch": 80, "time_epoch": 20.262, "time_epoch_std": 2.96097, "eta": 373.47924, "eta_std": 35.58726, "eta_hours": 0.10374, "eta_hours_std": 0.00988, "loss": 0.66949, "loss_std": 0.00032, "lr": 0.0001, "lr_std": 0.0, "params": 3599.0, "params_std": 0.0, "time_iter": 0.57891, "time_iter_std": 0.0846, "accuracy": 0.60791, "accuracy_std": 0.0, "accuracy_max": 0.60791, "precision": 0.0, "precision_std": 0.0, "recall": 0.0, "recall_std": 0.0, "f1": 0.0, "f1_std": 0.0, "auc": 0.50808, "auc_std": 0.05502}
{"epoch": 81, "time_epoch": 20.32112, "time_epoch_std": 2.91949, "eta": 353.96827, "eta_std": 33.94346, "eta_hours": 0.09832, "eta_hours_std": 0.00943, "loss": 0.66955, "loss_std": 0.00023, "lr": 9e-05, "lr_std": 0.0, "params": 3599.0, "params_std": 0.0, "time_iter": 0.5806, "time_iter_std": 0.08342, "accuracy": 0.60791, "accuracy_std": 0.0, "accuracy_max": 0.60791, "precision": 0.0, "precision_std": 0.0, "recall": 0.0, "recall_std": 0.0, "f1": 0.0, "f1_std": 0.0, "auc": 0.4986, "auc_std": 0.04275}
{"epoch": 82, "time_epoch": 21.18276, "time_epoch_std": 2.80522, "eta": 334.61425, "eta_std": 32.16631, "eta_hours": 0.09295, "eta_hours_std": 0.00894, "loss": 0.66945, "loss_std": 0.00039, "lr": 8e-05, "lr_std": 0.0, "params": 3599.0, "params_std": 0.0, "time_iter": 0.60522, "time_iter_std": 0.08015, "accuracy": 0.60791, "accuracy_std": 0.0, "accuracy_max": 0.60791, "precision": 0.0, "precision_std": 0.0, "recall": 0.0, "recall_std": 0.0, "f1": 0.0, "f1_std": 0.0, "auc": 0.51345, "auc_std": 0.04959}
{"epoch": 83, "time_epoch": 21.0197, "time_epoch_std": 2.80434, "eta": 315.18564, "eta_std": 30.40476, "eta_hours": 0.08755, "eta_hours_std": 0.00845, "loss": 0.66945, "loss_std": 0.00038, "lr": 7e-05, "lr_std": 0.0, "params": 3599.0, "params_std": 0.0, "time_iter": 0.60056, "time_iter_std": 0.08012, "accuracy": 0.60791, "accuracy_std": 0.0, "accuracy_max": 0.60791, "precision": 0.0, "precision_std": 0.0, "recall": 0.0, "recall_std": 0.0, "f1": 0.0, "f1_std": 0.0, "auc": 0.51034, "auc_std": 0.042}
{"epoch": 84, "time_epoch": 21.11594, "time_epoch_std": 2.79505, "eta": 295.73656, "eta_std": 28.61273, "eta_hours": 0.08215, "eta_hours_std": 0.00795, "loss": 0.66932, "loss_std": 0.00061, "lr": 6e-05, "lr_std": 0.0, "params": 3599.0, "params_std": 0.0, "time_iter": 0.60331, "time_iter_std": 0.07986, "accuracy": 0.60791, "accuracy_std": 0.0, "accuracy_max": 0.60791, "precision": 0.0, "precision_std": 0.0, "recall": 0.0, "recall_std": 0.0, "f1": 0.0, "f1_std": 0.0, "auc": 0.51688, "auc_std": 0.07332}
{"epoch": 85, "time_epoch": 21.04705, "time_epoch_std": 2.76553, "eta": 276.23751, "eta_std": 26.8105, "eta_hours": 0.07673, "eta_hours_std": 0.00745, "loss": 0.66944, "loss_std": 0.0004, "lr": 5e-05, "lr_std": 0.0, "params": 3599.0, "params_std": 0.0, "time_iter": 0.60135, "time_iter_std": 0.07901, "accuracy": 0.60791, "accuracy_std": 0.0, "accuracy_max": 0.60791, "precision": 0.0, "precision_std": 0.0, "recall": 0.0, "recall_std": 0.0, "f1": 0.0, "f1_std": 0.0, "auc": 0.50243, "auc_std": 0.03851}
{"epoch": 86, "time_epoch": 21.09728, "time_epoch_std": 2.74297, "eta": 256.71038, "eta_std": 24.99416, "eta_hours": 0.07131, "eta_hours_std": 0.00694, "loss": 0.66926, "loss_std": 0.00072, "lr": 5e-05, "lr_std": 0.0, "params": 3599.0, "params_std": 0.0, "time_iter": 0.60278, "time_iter_std": 0.07837, "accuracy": 0.60791, "accuracy_std": 0.0, "accuracy_max": 0.60791, "precision": 0.0, "precision_std": 0.0, "recall": 0.0, "recall_std": 0.0, "f1": 0.0, "f1_std": 0.0, "auc": 0.51741, "auc_std": 0.07384}
{"epoch": 87, "time_epoch": 20.91543, "time_epoch_std": 2.81084, "eta": 237.12276, "eta_std": 23.16463, "eta_hours": 0.06587, "eta_hours_std": 0.00643, "loss": 0.66928, "loss_std": 0.00068, "lr": 4e-05, "lr_std": 0.0, "params": 3599.0, "params_std": 0.0, "time_iter": 0.59758, "time_iter_std": 0.08031, "accuracy": 0.60791, "accuracy_std": 0.0, "accuracy_max": 0.60791, "precision": 0.0, "precision_std": 0.0, "recall": 0.0, "recall_std": 0.0, "f1": 0.0, "f1_std": 0.0, "auc": 0.52002, "auc_std": 0.04808}
{"epoch": 88, "time_epoch": 22.30776, "time_epoch_std": 2.58586, "eta": 217.6774, "eta_std": 21.19037, "eta_hours": 0.06047, "eta_hours_std": 0.00589, "loss": 0.66919, "loss_std": 0.00083, "lr": 4e-05, "lr_std": 0.0, "params": 3599.0, "params_std": 0.0, "time_iter": 0.63736, "time_iter_std": 0.07388, "accuracy": 0.60791, "accuracy_std": 0.0, "accuracy_max": 0.60791, "precision": 0.0, "precision_std": 0.0, "recall": 0.0, "recall_std": 0.0, "f1": 0.0, "f1_std": 0.0, "auc": 0.53702, "auc_std": 0.05301}
{"epoch": 89, "time_epoch": 22.5307, "time_epoch_std": 2.8487, "eta": 198.1932, "eta_std": 19.20815, "eta_hours": 0.05505, "eta_hours_std": 0.00533, "loss": 0.66933, "loss_std": 0.00058, "lr": 3e-05, "lr_std": 0.0, "params": 3599.0, "params_std": 0.0, "time_iter": 0.64373, "time_iter_std": 0.08139, "accuracy": 0.60791, "accuracy_std": 0.0, "accuracy_max": 0.60791, "precision": 0.0, "precision_std": 0.0, "recall": 0.0, "recall_std": 0.0, "f1": 0.0, "f1_std": 0.0, "auc": 0.5443, "auc_std": 0.02896}
{"epoch": 90, "time_epoch": 22.49313, "time_epoch_std": 2.87901, "eta": 178.63832, "eta_std": 17.24443, "eta_hours": 0.04962, "eta_hours_std": 0.00479, "loss": 0.66928, "loss_std": 0.00067, "lr": 2e-05, "lr_std": 0.0, "params": 3599.0, "params_std": 0.0, "time_iter": 0.64266, "time_iter_std": 0.08226, "accuracy": 0.60791, "accuracy_std": 0.0, "accuracy_max": 0.60791, "precision": 0.0, "precision_std": 0.0, "recall": 0.0, "recall_std": 0.0, "f1": 0.0, "f1_std": 0.0, "auc": 0.53535, "auc_std": 0.03007}
{"epoch": 91, "time_epoch": 22.55251, "time_epoch_std": 2.83231, "eta": 159.02473, "eta_std": 15.2901, "eta_hours": 0.04418, "eta_hours_std": 0.00425, "loss": 0.66928, "loss_std": 0.00067, "lr": 2e-05, "lr_std": 0.0, "params": 3599.0, "params_std": 0.0, "time_iter": 0.64436, "time_iter_std": 0.08092, "accuracy": 0.60791, "accuracy_std": 0.0, "accuracy_max": 0.60791, "precision": 0.0, "precision_std": 0.0, "recall": 0.0, "recall_std": 0.0, "f1": 0.0, "f1_std": 0.0, "auc": 0.54288, "auc_std": 0.03089}
{"epoch": 92, "time_epoch": 22.65644, "time_epoch_std": 2.80267, "eta": 139.35576, "eta_std": 13.34388, "eta_hours": 0.03871, "eta_hours_std": 0.00371, "loss": 0.66926, "loss_std": 0.00071, "lr": 2e-05, "lr_std": 0.0, "params": 3599.0, "params_std": 0.0, "time_iter": 0.64733, "time_iter_std": 0.08007, "accuracy": 0.60791, "accuracy_std": 0.0, "accuracy_max": 0.60791, "precision": 0.0, "precision_std": 0.0, "recall": 0.0, "recall_std": 0.0, "f1": 0.0, "f1_std": 0.0, "auc": 0.5394, "auc_std": 0.02725}
{"epoch": 93, "time_epoch": 22.59675, "time_epoch_std": 2.8275, "eta": 119.61942, "eta_std": 11.41244, "eta_hours": 0.03323, "eta_hours_std": 0.00317, "loss": 0.66918, "loss_std": 0.00084, "lr": 1e-05, "lr_std": 0.0, "params": 3599.0, "params_std": 0.0, "time_iter": 0.64562, "time_iter_std": 0.08078, "accuracy": 0.60791, "accuracy_std": 0.0, "accuracy_max": 0.60791, "precision": 0.0, "precision_std": 0.0, "recall": 0.0, "recall_std": 0.0, "f1": 0.0, "f1_std": 0.0, "auc": 0.58566, "auc_std": 0.04581}
{"epoch": 94, "time_epoch": 22.5663, "time_epoch_std": 2.84381, "eta": 99.82126, "eta_std": 9.49445, "eta_hours": 0.02773, "eta_hours_std": 0.00264, "loss": 0.66912, "loss_std": 0.00094, "lr": 1e-05, "lr_std": 0.0, "params": 3599.0, "params_std": 0.0, "time_iter": 0.64475, "time_iter_std": 0.08125, "accuracy": 0.60791, "accuracy_std": 0.0, "accuracy_max": 0.60791, "precision": 0.0, "precision_std": 0.0, "recall": 0.0, "recall_std": 0.0, "f1": 0.0, "f1_std": 0.0, "auc": 0.56566, "auc_std": 0.04213}
{"epoch": 95, "time_epoch": 22.65067, "time_epoch_std": 2.77737, "eta": 79.96894, "eta_std": 7.58164, "eta_hours": 0.02221, "eta_hours_std": 0.00211, "loss": 0.66926, "loss_std": 0.00071, "lr": 1e-05, "lr_std": 0.0, "params": 3599.0, "params_std": 0.0, "time_iter": 0.64716, "time_iter_std": 0.07935, "accuracy": 0.60791, "accuracy_std": 0.0, "accuracy_max": 0.60791, "precision": 0.0, "precision_std": 0.0, "recall": 0.0, "recall_std": 0.0, "f1": 0.0, "f1_std": 0.0, "auc": 0.56081, "auc_std": 0.02357}
{"epoch": 96, "time_epoch": 22.57716, "time_epoch_std": 2.85208, "eta": 60.05665, "eta_std": 5.67878, "eta_hours": 0.01668, "eta_hours_std": 0.00158, "loss": 0.66906, "loss_std": 0.00104, "lr": 0.0, "lr_std": 0.0, "params": 3599.0, "params_std": 0.0, "time_iter": 0.64506, "time_iter_std": 0.08149, "accuracy": 0.60791, "accuracy_std": 0.0, "accuracy_max": 0.60791, "precision": 0.0, "precision_std": 0.0, "recall": 0.0, "recall_std": 0.0, "f1": 0.0, "f1_std": 0.0, "auc": 0.58148, "auc_std": 0.05398}
{"epoch": 97, "time_epoch": 22.77746, "time_epoch_std": 2.78959, "eta": 40.09406, "eta_std": 3.77979, "eta_hours": 0.01114, "eta_hours_std": 0.00105, "loss": 0.66926, "loss_std": 0.0007, "lr": 0.0, "lr_std": 0.0, "params": 3599.0, "params_std": 0.0, "time_iter": 0.65079, "time_iter_std": 0.0797, "accuracy": 0.60791, "accuracy_std": 0.0, "accuracy_max": 0.60791, "precision": 0.0, "precision_std": 0.0, "recall": 0.0, "recall_std": 0.0, "f1": 0.0, "f1_std": 0.0, "auc": 0.56823, "auc_std": 0.04686}
{"epoch": 98, "time_epoch": 22.75718, "time_epoch_std": 2.7478, "eta": 20.07441, "eta_std": 1.88678, "eta_hours": 0.00557, "eta_hours_std": 0.00052, "loss": 0.66913, "loss_std": 0.00094, "lr": 0.0, "lr_std": 0.0, "params": 3599.0, "params_std": 0.0, "time_iter": 0.6502, "time_iter_std": 0.07851, "accuracy": 0.60791, "accuracy_std": 0.0, "accuracy_max": 0.60791, "precision": 0.0, "precision_std": 0.0, "recall": 0.0, "recall_std": 0.0, "f1": 0.0, "f1_std": 0.0, "auc": 0.59164, "auc_std": 0.04799}
{"epoch": 99, "time_epoch": 22.72907, "time_epoch_std": 2.7377, "eta": 0.0, "eta_std": 0.0, "eta_hours": 0.0, "eta_hours_std": 0.0, "loss": 0.66907, "loss_std": 0.00103, "lr": 0.0, "lr_std": 0.0, "params": 3599.0, "params_std": 0.0, "time_iter": 0.6494, "time_iter_std": 0.07822, "accuracy": 0.60791, "accuracy_std": 0.0, "accuracy_max": 0.60791, "precision": 0.0, "precision_std": 0.0, "recall": 0.0, "recall_std": 0.0, "f1": 0.0, "f1_std": 0.0, "auc": 0.57045, "auc_std": 0.05067}
