{"epoch": 0, "time_epoch": 2.95064, "eta": 292.11303, "eta_hours": 0.08114, "loss": 0.69409146, "lr": 0.001, "params": 5401, "time_iter": 0.07765, "accuracy": 0.49333, "precision": 0.50704, "recall": 0.92308, "f1": 0.65455, "auc": 0.30867}
{"epoch": 1, "time_epoch": 3.11674, "eta": 297.30152, "eta_hours": 0.08258, "loss": 0.69414835, "lr": 0.00099975, "params": 5401, "time_iter": 0.08202, "accuracy": 0.52, "precision": 0.52, "recall": 1.0, "f1": 0.68421, "auc": 0.38257}
{"epoch": 2, "time_epoch": 2.18683, "eta": 266.88598, "eta_hours": 0.07413, "loss": 0.69292144, "lr": 0.00099901, "params": 5401, "time_iter": 0.05755, "accuracy": 0.52, "precision": 0.52, "recall": 1.0, "f1": 0.68421, "auc": 0.40064}
{"epoch": 3, "time_epoch": 2.30286, "eta": 253.36969, "eta_hours": 0.07038, "loss": 0.69306039, "lr": 0.00099778, "params": 5401, "time_iter": 0.0606, "accuracy": 0.52, "precision": 0.52, "recall": 1.0, "f1": 0.68421, "auc": 0.40972}
{"epoch": 4, "time_epoch": 2.29897, "eta": 244.26483, "eta_hours": 0.06785, "loss": 0.69350472, "lr": 0.00099606, "params": 5401, "time_iter": 0.0605, "accuracy": 0.52, "precision": 0.52, "recall": 1.0, "f1": 0.68421, "auc": 0.39049}
{"epoch": 5, "time_epoch": 2.542, "eta": 241.23597, "eta_hours": 0.06701, "loss": 0.69269051, "lr": 0.00099384, "params": 5401, "time_iter": 0.06689, "accuracy": 0.52, "precision": 0.52, "recall": 1.0, "f1": 0.68421, "auc": 0.42263}
{"epoch": 6, "time_epoch": 2.3618, "eta": 235.95219, "eta_hours": 0.06554, "loss": 0.6928132, "lr": 0.00099114, "params": 5401, "time_iter": 0.06215, "accuracy": 0.52, "precision": 0.52, "recall": 1.0, "f1": 0.68421, "auc": 0.38746}
{"epoch": 7, "time_epoch": 2.27628, "eta": 230.41537, "eta_hours": 0.064, "loss": 0.69290685, "lr": 0.00098796, "params": 5401, "time_iter": 0.0599, "accuracy": 0.52, "precision": 0.52, "recall": 1.0, "f1": 0.68421, "auc": 0.42076}
{"epoch": 8, "time_epoch": 2.25421, "eta": 225.38, "eta_hours": 0.06261, "loss": 0.69283854, "lr": 0.00098429, "params": 5401, "time_iter": 0.05932, "accuracy": 0.52, "precision": 0.52, "recall": 1.0, "f1": 0.68421, "auc": 0.41916}
{"epoch": 9, "time_epoch": 2.24816, "eta": 220.8464, "eta_hours": 0.06135, "loss": 0.6927576, "lr": 0.00098015, "params": 5401, "time_iter": 0.05916, "accuracy": 0.52, "precision": 0.52, "recall": 1.0, "f1": 0.68421, "auc": 0.39779}
{"epoch": 10, "time_epoch": 2.24253, "eta": 216.68279, "eta_hours": 0.06019, "loss": 0.69299951, "lr": 0.00097553, "params": 5401, "time_iter": 0.05901, "accuracy": 0.52, "precision": 0.52, "recall": 1.0, "f1": 0.68421, "auc": 0.41506}
{"epoch": 11, "time_epoch": 2.2544, "eta": 212.92642, "eta_hours": 0.05915, "loss": 0.69286985, "lr": 0.00097044, "params": 5401, "time_iter": 0.05933, "accuracy": 0.52, "precision": 0.52, "recall": 1.0, "f1": 0.68421, "auc": 0.40224}
{"epoch": 12, "time_epoch": 2.23899, "eta": 209.29795, "eta_hours": 0.05814, "loss": 0.69310182, "lr": 0.00096489, "params": 5401, "time_iter": 0.05892, "accuracy": 0.52, "precision": 0.52, "recall": 1.0, "f1": 0.68421, "auc": 0.41382}
{"epoch": 13, "time_epoch": 2.25113, "eta": 205.94256, "eta_hours": 0.05721, "loss": 0.69386546, "lr": 0.00095888, "params": 5401, "time_iter": 0.05924, "accuracy": 0.52, "precision": 0.52, "recall": 1.0, "f1": 0.68421, "auc": 0.39272}
{"epoch": 14, "time_epoch": 2.24969, "eta": 202.72627, "eta_hours": 0.05631, "loss": 0.69242886, "lr": 0.00095241, "params": 5401, "time_iter": 0.0592, "accuracy": 0.52, "precision": 0.52, "recall": 1.0, "f1": 0.68421, "auc": 0.50873}
{"epoch": 15, "time_epoch": 2.23944, "eta": 199.577, "eta_hours": 0.05544, "loss": 0.6925129, "lr": 0.0009455, "params": 5401, "time_iter": 0.05893, "accuracy": 0.52, "precision": 0.52, "recall": 1.0, "f1": 0.68421, "auc": 0.41934}
{"epoch": 16, "time_epoch": 2.25802, "eta": 196.62548, "eta_hours": 0.05462, "loss": 0.69248964, "lr": 0.00093815, "params": 5401, "time_iter": 0.05942, "accuracy": 0.52, "precision": 0.52, "recall": 1.0, "f1": 0.68421, "auc": 0.43848}
{"epoch": 17, "time_epoch": 2.24143, "eta": 193.67542, "eta_hours": 0.0538, "loss": 0.69267791, "lr": 0.00093037, "params": 5401, "time_iter": 0.05898, "accuracy": 0.52, "precision": 0.52, "recall": 1.0, "f1": 0.68421, "auc": 0.42325}
{"epoch": 18, "time_epoch": 2.22783, "eta": 190.74198, "eta_hours": 0.05298, "loss": 0.69276585, "lr": 0.00092216, "params": 5401, "time_iter": 0.05863, "accuracy": 0.52, "precision": 0.52, "recall": 1.0, "f1": 0.68421, "auc": 0.41124}
{"epoch": 19, "time_epoch": 2.23505, "eta": 187.90799, "eta_hours": 0.0522, "loss": 0.69247072, "lr": 0.00091354, "params": 5401, "time_iter": 0.05882, "accuracy": 0.52, "precision": 0.52, "recall": 1.0, "f1": 0.68421, "auc": 0.43501}
{"epoch": 20, "time_epoch": 2.2307, "eta": 185.11465, "eta_hours": 0.05142, "loss": 0.69261866, "lr": 0.00090451, "params": 5401, "time_iter": 0.0587, "accuracy": 0.52, "precision": 0.52, "recall": 1.0, "f1": 0.68421, "auc": 0.42432}
{"epoch": 21, "time_epoch": 2.23174, "eta": 182.37616, "eta_hours": 0.05066, "loss": 0.69273046, "lr": 0.00089508, "params": 5401, "time_iter": 0.05873, "accuracy": 0.52, "precision": 0.52, "recall": 1.0, "f1": 0.68421, "auc": 0.42512}
{"epoch": 22, "time_epoch": 2.23616, "eta": 179.69654, "eta_hours": 0.04992, "loss": 0.69257188, "lr": 0.00088526, "params": 5401, "time_iter": 0.05885, "accuracy": 0.52, "precision": 0.52, "recall": 1.0, "f1": 0.68421, "auc": 0.37171}
{"epoch": 23, "time_epoch": 2.24339, "eta": 177.07675, "eta_hours": 0.04919, "loss": 0.69254366, "lr": 0.00087506, "params": 5401, "time_iter": 0.05904, "accuracy": 0.52, "precision": 0.52, "recall": 1.0, "f1": 0.68421, "auc": 0.40224}
{"epoch": 24, "time_epoch": 2.24048, "eta": 174.47836, "eta_hours": 0.04847, "loss": 0.69283687, "lr": 0.00086448, "params": 5401, "time_iter": 0.05896, "accuracy": 0.52, "precision": 0.52, "recall": 1.0, "f1": 0.68421, "auc": 0.41097}
{"epoch": 25, "time_epoch": 2.23055, "eta": 171.87923, "eta_hours": 0.04774, "loss": 0.69313068, "lr": 0.00085355, "params": 5401, "time_iter": 0.0587, "accuracy": 0.52, "precision": 0.52, "recall": 1.0, "f1": 0.68421, "auc": 0.39708}
{"epoch": 26, "time_epoch": 2.23777, "eta": 169.32693, "eta_hours": 0.04704, "loss": 0.69327117, "lr": 0.00084227, "params": 5401, "time_iter": 0.05889, "accuracy": 0.52, "precision": 0.52, "recall": 1.0, "f1": 0.68421, "auc": 0.39183}
{"epoch": 27, "time_epoch": 2.23491, "eta": 166.78975, "eta_hours": 0.04633, "loss": 0.69254419, "lr": 0.00083066, "params": 5401, "time_iter": 0.05881, "accuracy": 0.52, "precision": 0.52, "recall": 1.0, "f1": 0.68421, "auc": 0.388}
{"epoch": 28, "time_epoch": 2.23531, "eta": 164.27438, "eta_hours": 0.04563, "loss": 0.69275822, "lr": 0.00081871, "params": 5401, "time_iter": 0.05882, "accuracy": 0.52, "precision": 0.52, "recall": 1.0, "f1": 0.68421, "auc": 0.40883}
{"epoch": 29, "time_epoch": 2.24309, "eta": 161.79585, "eta_hours": 0.04494, "loss": 0.69295182, "lr": 0.00080645, "params": 5401, "time_iter": 0.05903, "accuracy": 0.52, "precision": 0.52, "recall": 1.0, "f1": 0.68421, "auc": 0.37589}
{"epoch": 30, "time_epoch": 2.23824, "eta": 159.32171, "eta_hours": 0.04426, "loss": 0.69253021, "lr": 0.00079389, "params": 5401, "time_iter": 0.0589, "accuracy": 0.52, "precision": 0.52, "recall": 1.0, "f1": 0.68421, "auc": 0.41319}
{"epoch": 31, "time_epoch": 2.23646, "eta": 156.85854, "eta_hours": 0.04357, "loss": 0.69276304, "lr": 0.00078104, "params": 5401, "time_iter": 0.05885, "accuracy": 0.52, "precision": 0.52, "recall": 1.0, "f1": 0.68421, "auc": 0.39726}
{"epoch": 32, "time_epoch": 2.23244, "eta": 154.40093, "eta_hours": 0.04289, "loss": 0.69253084, "lr": 0.00076791, "params": 5401, "time_iter": 0.05875, "accuracy": 0.52, "precision": 0.52, "recall": 1.0, "f1": 0.68421, "auc": 0.43572}
{"epoch": 33, "time_epoch": 2.23758, "eta": 151.96656, "eta_hours": 0.04221, "loss": 0.69298376, "lr": 0.00075452, "params": 5401, "time_iter": 0.05888, "accuracy": 0.52, "precision": 0.52, "recall": 1.0, "f1": 0.68421, "auc": 0.40616}
{"epoch": 34, "time_epoch": 2.23459, "eta": 149.53786, "eta_hours": 0.04154, "loss": 0.69263405, "lr": 0.00074088, "params": 5401, "time_iter": 0.0588, "accuracy": 0.52, "precision": 0.52, "recall": 1.0, "f1": 0.68421, "auc": 0.39663}
{"epoch": 35, "time_epoch": 2.23324, "eta": 147.11757, "eta_hours": 0.04087, "loss": 0.69273049, "lr": 0.000727, "params": 5401, "time_iter": 0.05877, "accuracy": 0.52, "precision": 0.52, "recall": 1.0, "f1": 0.68421, "auc": 0.41791}
{"epoch": 36, "time_epoch": 2.23007, "eta": 144.70197, "eta_hours": 0.04019, "loss": 0.69234437, "lr": 0.00071289, "params": 5401, "time_iter": 0.05869, "accuracy": 0.52, "precision": 0.52, "recall": 1.0, "f1": 0.68421, "auc": 0.4943}
{"epoch": 37, "time_epoch": 2.22018, "eta": 142.28001, "eta_hours": 0.03952, "loss": 0.69301841, "lr": 0.00069857, "params": 5401, "time_iter": 0.05843, "accuracy": 0.52, "precision": 0.52, "recall": 1.0, "f1": 0.68421, "auc": 0.35212}
{"epoch": 38, "time_epoch": 2.2289, "eta": 139.88204, "eta_hours": 0.03886, "loss": 0.69256918, "lr": 0.00068406, "params": 5401, "time_iter": 0.05866, "accuracy": 0.52, "precision": 0.52, "recall": 1.0, "f1": 0.68421, "auc": 0.42014}
{"epoch": 39, "time_epoch": 2.23039, "eta": 137.49476, "eta_hours": 0.03819, "loss": 0.69249463, "lr": 0.00066937, "params": 5401, "time_iter": 0.05869, "accuracy": 0.52, "precision": 0.52, "recall": 1.0, "f1": 0.68421, "auc": 0.43216}
{"epoch": 40, "time_epoch": 2.24689, "eta": 135.13886, "eta_hours": 0.03754, "loss": 0.69256767, "lr": 0.00065451, "params": 5401, "time_iter": 0.05913, "accuracy": 0.52, "precision": 0.52, "recall": 1.0, "f1": 0.68421, "auc": 0.40812}
{"epoch": 41, "time_epoch": 2.24393, "eta": 132.78407, "eta_hours": 0.03688, "loss": 0.69248558, "lr": 0.0006395, "params": 5401, "time_iter": 0.05905, "accuracy": 0.52, "precision": 0.52, "recall": 1.0, "f1": 0.68421, "auc": 0.4253}
{"epoch": 42, "time_epoch": 2.23751, "eta": 130.42593, "eta_hours": 0.03623, "loss": 0.69253156, "lr": 0.00062434, "params": 5401, "time_iter": 0.05888, "accuracy": 0.52, "precision": 0.52, "recall": 1.0, "f1": 0.68421, "auc": 0.39343}
{"epoch": 43, "time_epoch": 2.23297, "eta": 128.0675, "eta_hours": 0.03557, "loss": 0.6924552, "lr": 0.00060907, "params": 5401, "time_iter": 0.05876, "accuracy": 0.52, "precision": 0.52, "recall": 1.0, "f1": 0.68421, "auc": 0.40999}
{"epoch": 44, "time_epoch": 2.23319, "eta": 125.71492, "eta_hours": 0.03492, "loss": 0.69250991, "lr": 0.00059369, "params": 5401, "time_iter": 0.05877, "accuracy": 0.52, "precision": 0.52, "recall": 1.0, "f1": 0.68421, "auc": 0.43527}
{"epoch": 45, "time_epoch": 2.23991, "eta": 123.3754, "eta_hours": 0.03427, "loss": 0.69273677, "lr": 0.00057822, "params": 5401, "time_iter": 0.05894, "accuracy": 0.52, "precision": 0.52, "recall": 1.0, "f1": 0.68421, "auc": 0.40767}
{"epoch": 46, "time_epoch": 2.23461, "eta": 121.03416, "eta_hours": 0.03362, "loss": 0.69243857, "lr": 0.00056267, "params": 5401, "time_iter": 0.05881, "accuracy": 0.52, "precision": 0.52, "recall": 1.0, "f1": 0.68421, "auc": 0.45175}
{"epoch": 47, "time_epoch": 2.23559, "eta": 118.69842, "eta_hours": 0.03297, "loss": 0.69312091, "lr": 0.00054705, "params": 5401, "time_iter": 0.05883, "accuracy": 0.52, "precision": 0.52, "recall": 1.0, "f1": 0.68421, "auc": 0.34713}
{"epoch": 48, "time_epoch": 2.24364, "eta": 116.37514, "eta_hours": 0.03233, "loss": 0.69240539, "lr": 0.0005314, "params": 5401, "time_iter": 0.05904, "accuracy": 0.52, "precision": 0.52, "recall": 1.0, "f1": 0.68421, "auc": 0.43786}
{"epoch": 49, "time_epoch": 2.22677, "eta": 114.03818, "eta_hours": 0.03168, "loss": 0.69259315, "lr": 0.00051571, "params": 5401, "time_iter": 0.0586, "accuracy": 0.52, "precision": 0.52, "recall": 1.0, "f1": 0.68421, "auc": 0.34891}
{"epoch": 50, "time_epoch": 2.23706, "eta": 111.71543, "eta_hours": 0.03103, "loss": 0.69253934, "lr": 0.0005, "params": 5401, "time_iter": 0.05887, "accuracy": 0.52, "precision": 0.52, "recall": 1.0, "f1": 0.68421, "auc": 0.41524}
{"epoch": 51, "time_epoch": 2.23539, "eta": 109.39443, "eta_hours": 0.03039, "loss": 0.69251445, "lr": 0.00048429, "params": 5401, "time_iter": 0.05883, "accuracy": 0.52, "precision": 0.52, "recall": 1.0, "f1": 0.68421, "auc": 0.4156}
{"epoch": 52, "time_epoch": 2.24451, "eta": 107.08475, "eta_hours": 0.02975, "loss": 0.69244015, "lr": 0.0004686, "params": 5401, "time_iter": 0.05907, "accuracy": 0.52, "precision": 0.52, "recall": 1.0, "f1": 0.68421, "auc": 0.40794}
{"epoch": 53, "time_epoch": 2.23582, "eta": 104.77008, "eta_hours": 0.0291, "loss": 0.69253446, "lr": 0.00045295, "params": 5401, "time_iter": 0.05884, "accuracy": 0.52, "precision": 0.52, "recall": 1.0, "f1": 0.68421, "auc": 0.43572}
{"epoch": 54, "time_epoch": 2.23418, "eta": 102.45693, "eta_hours": 0.02846, "loss": 0.69246517, "lr": 0.00043733, "params": 5401, "time_iter": 0.05879, "accuracy": 0.52, "precision": 0.52, "recall": 1.0, "f1": 0.68421, "auc": 0.39227}
{"epoch": 55, "time_epoch": 2.24068, "eta": 100.15172, "eta_hours": 0.02782, "loss": 0.69265029, "lr": 0.00042178, "params": 5401, "time_iter": 0.05897, "accuracy": 0.52, "precision": 0.52, "recall": 1.0, "f1": 0.68421, "auc": 0.4075}
{"epoch": 56, "time_epoch": 2.23364, "eta": 97.84345, "eta_hours": 0.02718, "loss": 0.69245526, "lr": 0.00040631, "params": 5401, "time_iter": 0.05878, "accuracy": 0.52, "precision": 0.52, "recall": 1.0, "f1": 0.68421, "auc": 0.43884}
{"epoch": 57, "time_epoch": 2.23904, "eta": 95.54167, "eta_hours": 0.02654, "loss": 0.69263776, "lr": 0.00039093, "params": 5401, "time_iter": 0.05892, "accuracy": 0.52, "precision": 0.52, "recall": 1.0, "f1": 0.68421, "auc": 0.38577}
{"epoch": 58, "time_epoch": 2.23482, "eta": 93.23908, "eta_hours": 0.0259, "loss": 0.69245793, "lr": 0.00037566, "params": 5401, "time_iter": 0.05881, "accuracy": 0.52, "precision": 0.52, "recall": 1.0, "f1": 0.68421, "auc": 0.41676}
{"epoch": 59, "time_epoch": 2.2318, "eta": 90.93674, "eta_hours": 0.02526, "loss": 0.69243237, "lr": 0.0003605, "params": 5401, "time_iter": 0.05873, "accuracy": 0.52, "precision": 0.52, "recall": 1.0, "f1": 0.68421, "auc": 0.46688}
{"epoch": 60, "time_epoch": 2.22615, "eta": 88.6331, "eta_hours": 0.02462, "loss": 0.69275608, "lr": 0.00034549, "params": 5401, "time_iter": 0.05858, "accuracy": 0.52, "precision": 0.52, "recall": 1.0, "f1": 0.68421, "auc": 0.38105}
{"epoch": 61, "time_epoch": 2.23656, "eta": 86.33834, "eta_hours": 0.02398, "loss": 0.69250515, "lr": 0.00033063, "params": 5401, "time_iter": 0.05886, "accuracy": 0.52, "precision": 0.52, "recall": 1.0, "f1": 0.68421, "auc": 0.41061}
{"epoch": 62, "time_epoch": 2.23659, "eta": 84.04545, "eta_hours": 0.02335, "loss": 0.69248685, "lr": 0.00031594, "params": 5401, "time_iter": 0.05886, "accuracy": 0.52, "precision": 0.52, "recall": 1.0, "f1": 0.68421, "auc": 0.41676}
{"epoch": 63, "time_epoch": 2.22097, "eta": 81.74553, "eta_hours": 0.02271, "loss": 0.69247424, "lr": 0.00030143, "params": 5401, "time_iter": 0.05845, "accuracy": 0.52, "precision": 0.52, "recall": 1.0, "f1": 0.68421, "auc": 0.37269}
{"epoch": 64, "time_epoch": 2.23049, "eta": 79.45316, "eta_hours": 0.02207, "loss": 0.69272725, "lr": 0.00028711, "params": 5401, "time_iter": 0.0587, "accuracy": 0.52, "precision": 0.52, "recall": 1.0, "f1": 0.68421, "auc": 0.33983}
{"epoch": 65, "time_epoch": 2.22871, "eta": 77.16176, "eta_hours": 0.02143, "loss": 0.69245061, "lr": 0.000273, "params": 5401, "time_iter": 0.05865, "accuracy": 0.52, "precision": 0.52, "recall": 1.0, "f1": 0.68421, "auc": 0.37037}
{"epoch": 66, "time_epoch": 2.24345, "eta": 74.87948, "eta_hours": 0.0208, "loss": 0.69243351, "lr": 0.00025912, "params": 5401, "time_iter": 0.05904, "accuracy": 0.52, "precision": 0.52, "recall": 1.0, "f1": 0.68421, "auc": 0.34615}
{"epoch": 67, "time_epoch": 2.24062, "eta": 72.59701, "eta_hours": 0.02017, "loss": 0.69242087, "lr": 0.00024548, "params": 5401, "time_iter": 0.05896, "accuracy": 0.52, "precision": 0.52, "recall": 1.0, "f1": 0.68421, "auc": 0.4432}
{"epoch": 68, "time_epoch": 2.23598, "eta": 70.31368, "eta_hours": 0.01953, "loss": 0.6924188, "lr": 0.00023209, "params": 5401, "time_iter": 0.05884, "accuracy": 0.52, "precision": 0.52, "recall": 1.0, "f1": 0.68421, "auc": 0.42254}
{"epoch": 69, "time_epoch": 2.2493, "eta": 68.0374, "eta_hours": 0.0189, "loss": 0.69265045, "lr": 0.00021896, "params": 5401, "time_iter": 0.05919, "accuracy": 0.52, "precision": 0.52, "recall": 1.0, "f1": 0.68421, "auc": 0.39752}
{"epoch": 70, "time_epoch": 2.24407, "eta": 65.75975, "eta_hours": 0.01827, "loss": 0.69242524, "lr": 0.00020611, "params": 5401, "time_iter": 0.05905, "accuracy": 0.52, "precision": 0.52, "recall": 1.0, "f1": 0.68421, "auc": 0.42913}
{"epoch": 71, "time_epoch": 2.22822, "eta": 63.47686, "eta_hours": 0.01763, "loss": 0.69244267, "lr": 0.00019355, "params": 5401, "time_iter": 0.05864, "accuracy": 0.52, "precision": 0.52, "recall": 1.0, "f1": 0.68421, "auc": 0.43403}
{"epoch": 72, "time_epoch": 2.23517, "eta": 61.19805, "eta_hours": 0.017, "loss": 0.69241541, "lr": 0.00018129, "params": 5401, "time_iter": 0.05882, "accuracy": 0.52, "precision": 0.52, "recall": 1.0, "f1": 0.68421, "auc": 0.39735}
{"epoch": 73, "time_epoch": 2.22753, "eta": 58.91773, "eta_hours": 0.01637, "loss": 0.69248717, "lr": 0.00016934, "params": 5401, "time_iter": 0.05862, "accuracy": 0.52, "precision": 0.52, "recall": 1.0, "f1": 0.68421, "auc": 0.4026}
{"epoch": 74, "time_epoch": 2.23484, "eta": 56.64125, "eta_hours": 0.01573, "loss": 0.69237999, "lr": 0.00015773, "params": 5401, "time_iter": 0.05881, "accuracy": 0.52, "precision": 0.52, "recall": 1.0, "f1": 0.68421, "auc": 0.43723}
{"epoch": 75, "time_epoch": 2.22603, "eta": 54.36309, "eta_hours": 0.0151, "loss": 0.69239644, "lr": 0.00014645, "params": 5401, "time_iter": 0.05858, "accuracy": 0.52, "precision": 0.52, "recall": 1.0, "f1": 0.68421, "auc": 0.39681}
{"epoch": 76, "time_epoch": 2.23691, "eta": 52.08954, "eta_hours": 0.01447, "loss": 0.69241124, "lr": 0.00013552, "params": 5401, "time_iter": 0.05887, "accuracy": 0.52, "precision": 0.52, "recall": 1.0, "f1": 0.68421, "auc": 0.42058}
{"epoch": 77, "time_epoch": 2.24002, "eta": 49.8178, "eta_hours": 0.01384, "loss": 0.69257497, "lr": 0.00012494, "params": 5401, "time_iter": 0.05895, "accuracy": 0.52, "precision": 0.52, "recall": 1.0, "f1": 0.68421, "auc": 0.35666}
{"epoch": 78, "time_epoch": 2.25813, "eta": 47.55167, "eta_hours": 0.01321, "loss": 0.69239195, "lr": 0.00011474, "params": 5401, "time_iter": 0.05942, "accuracy": 0.52, "precision": 0.52, "recall": 1.0, "f1": 0.68421, "auc": 0.41934}
{"epoch": 79, "time_epoch": 2.25457, "eta": 45.28486, "eta_hours": 0.01258, "loss": 0.69236994, "lr": 0.00010492, "params": 5401, "time_iter": 0.05933, "accuracy": 0.52, "precision": 0.52, "recall": 1.0, "f1": 0.68421, "auc": 0.40999}
{"epoch": 80, "time_epoch": 2.24674, "eta": 43.01651, "eta_hours": 0.01195, "loss": 0.69240532, "lr": 9.549e-05, "params": 5401, "time_iter": 0.05912, "accuracy": 0.52, "precision": 0.52, "recall": 1.0, "f1": 0.68421, "auc": 0.40981}
{"epoch": 81, "time_epoch": 2.23832, "eta": 40.74684, "eta_hours": 0.01132, "loss": 0.69237066, "lr": 8.646e-05, "params": 5401, "time_iter": 0.0589, "accuracy": 0.52, "precision": 0.52, "recall": 1.0, "f1": 0.68421, "auc": 0.39459}
{"epoch": 82, "time_epoch": 2.24284, "eta": 38.47885, "eta_hours": 0.01069, "loss": 0.69236874, "lr": 7.784e-05, "params": 5401, "time_iter": 0.05902, "accuracy": 0.52, "precision": 0.52, "recall": 1.0, "f1": 0.68421, "auc": 0.41115}
{"epoch": 83, "time_epoch": 2.22561, "eta": 36.20818, "eta_hours": 0.01006, "loss": 0.69235556, "lr": 6.963e-05, "params": 5401, "time_iter": 0.05857, "accuracy": 0.52, "precision": 0.52, "recall": 1.0, "f1": 0.68421, "auc": 0.44133}
{"epoch": 84, "time_epoch": 2.23539, "eta": 33.94029, "eta_hours": 0.00943, "loss": 0.69236388, "lr": 6.185e-05, "params": 5401, "time_iter": 0.05883, "accuracy": 0.52, "precision": 0.52, "recall": 1.0, "f1": 0.68421, "auc": 0.40919}
{"epoch": 85, "time_epoch": 2.24188, "eta": 31.67422, "eta_hours": 0.0088, "loss": 0.69236932, "lr": 5.45e-05, "params": 5401, "time_iter": 0.059, "accuracy": 0.52, "precision": 0.52, "recall": 1.0, "f1": 0.68421, "auc": 0.40118}
{"epoch": 86, "time_epoch": 2.21796, "eta": 29.40513, "eta_hours": 0.00817, "loss": 0.69236173, "lr": 4.759e-05, "params": 5401, "time_iter": 0.05837, "accuracy": 0.52, "precision": 0.52, "recall": 1.0, "f1": 0.68421, "auc": 0.33048}
{"epoch": 87, "time_epoch": 2.22529, "eta": 27.1382, "eta_hours": 0.00754, "loss": 0.69237803, "lr": 4.112e-05, "params": 5401, "time_iter": 0.05856, "accuracy": 0.52, "precision": 0.52, "recall": 1.0, "f1": 0.68421, "auc": 0.39824}
{"epoch": 88, "time_epoch": 2.24257, "eta": 24.87434, "eta_hours": 0.00691, "loss": 0.69235512, "lr": 3.511e-05, "params": 5401, "time_iter": 0.05902, "accuracy": 0.52, "precision": 0.52, "recall": 1.0, "f1": 0.68421, "auc": 0.40759}
{"epoch": 89, "time_epoch": 2.41394, "eta": 22.63, "eta_hours": 0.00629, "loss": 0.69236032, "lr": 2.956e-05, "params": 5401, "time_iter": 0.06352, "accuracy": 0.52, "precision": 0.52, "recall": 1.0, "f1": 0.68421, "auc": 0.41284}
{"epoch": 90, "time_epoch": 2.25204, "eta": 20.36591, "eta_hours": 0.00566, "loss": 0.69236119, "lr": 2.447e-05, "params": 5401, "time_iter": 0.05926, "accuracy": 0.52, "precision": 0.52, "recall": 1.0, "f1": 0.68421, "auc": 0.32888}
{"epoch": 91, "time_epoch": 2.23123, "eta": 18.10028, "eta_hours": 0.00503, "loss": 0.69236108, "lr": 1.985e-05, "params": 5401, "time_iter": 0.05872, "accuracy": 0.52, "precision": 0.52, "recall": 1.0, "f1": 0.68421, "auc": 0.38684}
{"epoch": 92, "time_epoch": 2.22124, "eta": 15.83464, "eta_hours": 0.0044, "loss": 0.69237646, "lr": 1.571e-05, "params": 5401, "time_iter": 0.05845, "accuracy": 0.52, "precision": 0.52, "recall": 1.0, "f1": 0.68421, "auc": 0.36841}
{"epoch": 93, "time_epoch": 2.2224, "eta": 13.57001, "eta_hours": 0.00377, "loss": 0.6923528, "lr": 1.204e-05, "params": 5401, "time_iter": 0.05848, "accuracy": 0.52, "precision": 0.52, "recall": 1.0, "f1": 0.68421, "auc": 0.46635}
{"epoch": 94, "time_epoch": 2.25424, "eta": 11.30795, "eta_hours": 0.00314, "loss": 0.69235829, "lr": 8.86e-06, "params": 5401, "time_iter": 0.05932, "accuracy": 0.52, "precision": 0.52, "recall": 1.0, "f1": 0.68421, "auc": 0.41587}
{"epoch": 95, "time_epoch": 2.22279, "eta": 9.04475, "eta_hours": 0.00251, "loss": 0.6923602, "lr": 6.16e-06, "params": 5401, "time_iter": 0.05849, "accuracy": 0.52, "precision": 0.52, "recall": 1.0, "f1": 0.68421, "auc": 0.37509}
{"epoch": 96, "time_epoch": 2.25656, "eta": 6.78342, "eta_hours": 0.00188, "loss": 0.69234864, "lr": 3.94e-06, "params": 5401, "time_iter": 0.05938, "accuracy": 0.52, "precision": 0.52, "recall": 1.0, "f1": 0.68421, "auc": 0.4586}
{"epoch": 97, "time_epoch": 2.2364, "eta": 4.52177, "eta_hours": 0.00126, "loss": 0.69234875, "lr": 2.22e-06, "params": 5401, "time_iter": 0.05885, "accuracy": 0.52, "precision": 0.52, "recall": 1.0, "f1": 0.68421, "auc": 0.42646}
{"epoch": 98, "time_epoch": 2.22138, "eta": 2.26049, "eta_hours": 0.00063, "loss": 0.69234844, "lr": 9.9e-07, "params": 5401, "time_iter": 0.05846, "accuracy": 0.52, "precision": 0.52, "recall": 1.0, "f1": 0.68421, "auc": 0.41774}
{"epoch": 99, "time_epoch": 2.21182, "eta": 0.0, "eta_hours": 0.0, "loss": 0.69234812, "lr": 2.5e-07, "params": 5401, "time_iter": 0.05821, "accuracy": 0.52, "precision": 0.52, "recall": 1.0, "f1": 0.68421, "auc": 0.37625}
