{"epoch": 0, "time_epoch": 27.56662, "eta": 2729.09523, "eta_hours": 0.75808, "loss": 1.11638259, "lr": 0.001, "params": 3899, "time_iter": 0.58652, "accuracy": 0.32133, "f1": 0.16213, "auc": 0.48782}
{"epoch": 1, "time_epoch": 27.34493, "eta": 2690.66579, "eta_hours": 0.74741, "loss": 1.09963672, "lr": 0.00099975, "params": 3899, "time_iter": 0.58181, "accuracy": 0.32533, "f1": 0.25751, "auc": 0.46962}
{"epoch": 2, "time_epoch": 27.34369, "eta": 2659.58588, "eta_hours": 0.73877, "loss": 1.09889879, "lr": 0.00099901, "params": 3899, "time_iter": 0.58178, "accuracy": 0.35467, "f1": 0.17454, "auc": 0.44736}
{"epoch": 3, "time_epoch": 27.45558, "eta": 2633.05944, "eta_hours": 0.73141, "loss": 1.09832942, "lr": 0.00099778, "params": 3899, "time_iter": 0.58416, "accuracy": 0.35467, "f1": 0.17454, "auc": 0.46777}
{"epoch": 4, "time_epoch": 27.37949, "eta": 2604.71566, "eta_hours": 0.72353, "loss": 1.09799986, "lr": 0.00099606, "params": 3899, "time_iter": 0.58254, "accuracy": 0.35467, "f1": 0.17454, "auc": 0.47181}
{"epoch": 5, "time_epoch": 27.33974, "eta": 2576.07055, "eta_hours": 0.71558, "loss": 1.09829861, "lr": 0.00099384, "params": 3899, "time_iter": 0.5817, "accuracy": 0.35467, "f1": 0.17454, "auc": 0.44544}
{"epoch": 6, "time_epoch": 27.33236, "eta": 2547.70034, "eta_hours": 0.70769, "loss": 1.09832806, "lr": 0.00099114, "params": 3899, "time_iter": 0.58154, "accuracy": 0.35467, "f1": 0.17454, "auc": 0.45159}
{"epoch": 7, "time_epoch": 27.45804, "eta": 2521.03497, "eta_hours": 0.70029, "loss": 1.09804462, "lr": 0.00098796, "params": 3899, "time_iter": 0.58421, "accuracy": 0.35467, "f1": 0.17454, "auc": 0.45092}
{"epoch": 8, "time_epoch": 27.36025, "eta": 2493.20465, "eta_hours": 0.69256, "loss": 1.09810581, "lr": 0.00098429, "params": 3899, "time_iter": 0.58213, "accuracy": 0.35467, "f1": 0.17454, "auc": 0.4534}
{"epoch": 9, "time_epoch": 27.37544, "eta": 2465.60505, "eta_hours": 0.68489, "loss": 1.09841278, "lr": 0.00098015, "params": 3899, "time_iter": 0.58246, "accuracy": 0.35467, "f1": 0.17454, "auc": 0.46309}
{"epoch": 10, "time_epoch": 27.36547, "eta": 2437.9656, "eta_hours": 0.67721, "loss": 1.09816588, "lr": 0.00097553, "params": 3899, "time_iter": 0.58224, "accuracy": 0.35467, "f1": 0.17454, "auc": 0.45122}
{"epoch": 11, "time_epoch": 27.38279, "eta": 2410.49876, "eta_hours": 0.66958, "loss": 1.09816294, "lr": 0.00097044, "params": 3899, "time_iter": 0.58261, "accuracy": 0.35467, "f1": 0.17454, "auc": 0.46274}
{"epoch": 12, "time_epoch": 27.46303, "eta": 2383.5819, "eta_hours": 0.66211, "loss": 1.09801983, "lr": 0.00096489, "params": 3899, "time_iter": 0.58432, "accuracy": 0.35467, "f1": 0.17454, "auc": 0.46748}
{"epoch": 13, "time_epoch": 27.4133, "eta": 2356.28148, "eta_hours": 0.65452, "loss": 1.09787414, "lr": 0.00095888, "params": 3899, "time_iter": 0.58326, "accuracy": 0.35467, "f1": 0.17454, "auc": 0.45159}
{"epoch": 14, "time_epoch": 27.41159, "eta": 2328.95633, "eta_hours": 0.64693, "loss": 1.09803588, "lr": 0.00095241, "params": 3899, "time_iter": 0.58323, "accuracy": 0.35467, "f1": 0.17454, "auc": 0.45092}
{"epoch": 15, "time_epoch": 27.39357, "eta": 2301.52579, "eta_hours": 0.63931, "loss": 1.09859827, "lr": 0.0009455, "params": 3899, "time_iter": 0.58284, "accuracy": 0.35467, "f1": 0.17454, "auc": 0.46062}
{"epoch": 16, "time_epoch": 27.41474, "eta": 2274.20295, "eta_hours": 0.63172, "loss": 1.0981464, "lr": 0.00093815, "params": 3899, "time_iter": 0.58329, "accuracy": 0.35467, "f1": 0.17454, "auc": 0.46761}
{"epoch": 17, "time_epoch": 27.38022, "eta": 2246.71263, "eta_hours": 0.62409, "loss": 1.0980767, "lr": 0.00093037, "params": 3899, "time_iter": 0.58256, "accuracy": 0.35467, "f1": 0.17454, "auc": 0.45628}
{"epoch": 18, "time_epoch": 27.43459, "eta": 2219.46569, "eta_hours": 0.61652, "loss": 1.09823577, "lr": 0.00092216, "params": 3899, "time_iter": 0.58371, "accuracy": 0.35467, "f1": 0.17454, "auc": 0.45529}
{"epoch": 19, "time_epoch": 27.37929, "eta": 2191.97878, "eta_hours": 0.60888, "loss": 1.09835785, "lr": 0.00091354, "params": 3899, "time_iter": 0.58254, "accuracy": 0.35467, "f1": 0.17454, "auc": 0.46172}
{"epoch": 20, "time_epoch": 27.4015, "eta": 2164.5857, "eta_hours": 0.60127, "loss": 1.09776302, "lr": 0.00090451, "params": 3899, "time_iter": 0.58301, "accuracy": 0.35467, "f1": 0.17454, "auc": 0.46481}
{"epoch": 21, "time_epoch": 27.40292, "eta": 2137.19689, "eta_hours": 0.59367, "loss": 1.0986978, "lr": 0.00089508, "params": 3899, "time_iter": 0.58304, "accuracy": 0.35467, "f1": 0.17454, "auc": 0.43449}
{"epoch": 22, "time_epoch": 27.39983, "eta": 2109.7965, "eta_hours": 0.58605, "loss": 1.09789488, "lr": 0.00088526, "params": 3899, "time_iter": 0.58298, "accuracy": 0.35467, "f1": 0.17454, "auc": 0.46281}
{"epoch": 23, "time_epoch": 27.45494, "eta": 2082.57065, "eta_hours": 0.57849, "loss": 1.09808963, "lr": 0.00087506, "params": 3899, "time_iter": 0.58415, "accuracy": 0.35467, "f1": 0.17454, "auc": 0.44257}
{"epoch": 24, "time_epoch": 27.40157, "eta": 2055.16638, "eta_hours": 0.57088, "loss": 1.09780056, "lr": 0.00086448, "params": 3899, "time_iter": 0.58301, "accuracy": 0.35467, "f1": 0.17454, "auc": 0.46739}
{"epoch": 25, "time_epoch": 27.39347, "eta": 2027.73925, "eta_hours": 0.56326, "loss": 1.09808704, "lr": 0.00085355, "params": 3899, "time_iter": 0.58284, "accuracy": 0.35467, "f1": 0.17454, "auc": 0.46184}
{"epoch": 26, "time_epoch": 27.39472, "eta": 2000.31801, "eta_hours": 0.55564, "loss": 1.09839068, "lr": 0.00084227, "params": 3899, "time_iter": 0.58287, "accuracy": 0.35467, "f1": 0.17454, "auc": 0.44994}
{"epoch": 27, "time_epoch": 27.45121, "eta": 1973.04393, "eta_hours": 0.54807, "loss": 1.09791057, "lr": 0.00083066, "params": 3899, "time_iter": 0.58407, "accuracy": 0.35467, "f1": 0.17454, "auc": 0.45367}
{"epoch": 28, "time_epoch": 27.54722, "eta": 1945.99269, "eta_hours": 0.54055, "loss": 1.09830252, "lr": 0.00081871, "params": 3899, "time_iter": 0.58611, "accuracy": 0.35467, "f1": 0.17454, "auc": 0.46418}
{"epoch": 29, "time_epoch": 27.42149, "eta": 1918.61502, "eta_hours": 0.53295, "loss": 1.09810556, "lr": 0.00080645, "params": 3899, "time_iter": 0.58344, "accuracy": 0.35467, "f1": 0.17454, "auc": 0.45425}
{"epoch": 30, "time_epoch": 27.43992, "eta": 1891.27554, "eta_hours": 0.52535, "loss": 1.0980488, "lr": 0.00079389, "params": 3899, "time_iter": 0.58383, "accuracy": 0.35467, "f1": 0.17454, "auc": 0.45034}
{"epoch": 31, "time_epoch": 27.45472, "eta": 1863.96122, "eta_hours": 0.51777, "loss": 1.09781929, "lr": 0.00078104, "params": 3899, "time_iter": 0.58414, "accuracy": 0.35467, "f1": 0.17454, "auc": 0.46096}
{"epoch": 32, "time_epoch": 27.44966, "eta": 1836.62811, "eta_hours": 0.51017, "loss": 1.09781377, "lr": 0.00076791, "params": 3899, "time_iter": 0.58404, "accuracy": 0.35467, "f1": 0.17454, "auc": 0.45437}
{"epoch": 33, "time_epoch": 27.545, "eta": 1809.47323, "eta_hours": 0.50263, "loss": 1.09833686, "lr": 0.00075452, "params": 3899, "time_iter": 0.58606, "accuracy": 0.35467, "f1": 0.17454, "auc": 0.43546}
{"epoch": 34, "time_epoch": 27.43854, "eta": 1782.09834, "eta_hours": 0.49503, "loss": 1.09785991, "lr": 0.00074088, "params": 3899, "time_iter": 0.5838, "accuracy": 0.35467, "f1": 0.17454, "auc": 0.45666}
{"epoch": 35, "time_epoch": 27.44875, "eta": 1754.73806, "eta_hours": 0.48743, "loss": 1.09792163, "lr": 0.000727, "params": 3899, "time_iter": 0.58402, "accuracy": 0.35467, "f1": 0.17454, "auc": 0.46549}
{"epoch": 36, "time_epoch": 27.44748, "eta": 1727.37085, "eta_hours": 0.47983, "loss": 1.09797615, "lr": 0.00071289, "params": 3899, "time_iter": 0.58399, "accuracy": 0.35467, "f1": 0.17454, "auc": 0.45872}
{"epoch": 37, "time_epoch": 27.46894, "eta": 1700.03443, "eta_hours": 0.47223, "loss": 1.09820595, "lr": 0.00069857, "params": 3899, "time_iter": 0.58445, "accuracy": 0.35467, "f1": 0.17454, "auc": 0.45735}
{"epoch": 38, "time_epoch": 27.54755, "eta": 1672.81416, "eta_hours": 0.46467, "loss": 1.09801133, "lr": 0.00068406, "params": 3899, "time_iter": 0.58612, "accuracy": 0.35467, "f1": 0.17454, "auc": 0.47017}
{"epoch": 39, "time_epoch": 27.45253, "eta": 1645.435, "eta_hours": 0.45707, "loss": 1.09785567, "lr": 0.00066937, "params": 3899, "time_iter": 0.5841, "accuracy": 0.35467, "f1": 0.17454, "auc": 0.4544}
{"epoch": 40, "time_epoch": 27.49598, "eta": 1618.11478, "eta_hours": 0.44948, "loss": 1.09808283, "lr": 0.00065451, "params": 3899, "time_iter": 0.58502, "accuracy": 0.35467, "f1": 0.17454, "auc": 0.45629}
{"epoch": 41, "time_epoch": 27.50017, "eta": 1590.79198, "eta_hours": 0.44189, "loss": 1.09776454, "lr": 0.0006395, "params": 3899, "time_iter": 0.58511, "accuracy": 0.35467, "f1": 0.17454, "auc": 0.47247}
{"epoch": 42, "time_epoch": 27.50182, "eta": 1563.46311, "eta_hours": 0.4343, "loss": 1.09792348, "lr": 0.00062434, "params": 3899, "time_iter": 0.58515, "accuracy": 0.35467, "f1": 0.17454, "auc": 0.43818}
{"epoch": 43, "time_epoch": 27.5749, "eta": 1536.2194, "eta_hours": 0.42673, "loss": 1.09779209, "lr": 0.00060907, "params": 3899, "time_iter": 0.5867, "accuracy": 0.35467, "f1": 0.17454, "auc": 0.46866}
{"epoch": 44, "time_epoch": 27.48682, "eta": 1508.85331, "eta_hours": 0.41913, "loss": 1.09799825, "lr": 0.00059369, "params": 3899, "time_iter": 0.58483, "accuracy": 0.35467, "f1": 0.17454, "auc": 0.45715}
{"epoch": 45, "time_epoch": 27.48968, "eta": 1481.48533, "eta_hours": 0.41152, "loss": 1.09779771, "lr": 0.00057822, "params": 3899, "time_iter": 0.58489, "accuracy": 0.35467, "f1": 0.17454, "auc": 0.45621}
{"epoch": 46, "time_epoch": 27.48508, "eta": 1454.10699, "eta_hours": 0.40392, "loss": 1.09798345, "lr": 0.00056267, "params": 3899, "time_iter": 0.58479, "accuracy": 0.35467, "f1": 0.17454, "auc": 0.44194}
{"epoch": 47, "time_epoch": 27.47989, "eta": 1426.71857, "eta_hours": 0.39631, "loss": 1.0976786, "lr": 0.00054705, "params": 3899, "time_iter": 0.58468, "accuracy": 0.35467, "f1": 0.17454, "auc": 0.47221}
{"epoch": 48, "time_epoch": 27.51855, "eta": 1399.36667, "eta_hours": 0.38871, "loss": 1.09799269, "lr": 0.0005314, "params": 3899, "time_iter": 0.5855, "accuracy": 0.35467, "f1": 0.17454, "auc": 0.45881}
{"epoch": 49, "time_epoch": 27.56607, "eta": 1372.05561, "eta_hours": 0.38113, "loss": 1.09775271, "lr": 0.00051571, "params": 3899, "time_iter": 0.58651, "accuracy": 0.35467, "f1": 0.17454, "auc": 0.46707}
{"epoch": 50, "time_epoch": 27.40314, "eta": 1344.57802, "eta_hours": 0.37349, "loss": 1.09772982, "lr": 0.0005, "params": 3899, "time_iter": 0.58305, "accuracy": 0.35467, "f1": 0.17454, "auc": 0.46437}
{"epoch": 51, "time_epoch": 27.34967, "eta": 1317.05393, "eta_hours": 0.36585, "loss": 1.09795993, "lr": 0.00048429, "params": 3899, "time_iter": 0.58191, "accuracy": 0.35467, "f1": 0.17454, "auc": 0.45047}
{"epoch": 52, "time_epoch": 27.3431, "eta": 1289.5306, "eta_hours": 0.3582, "loss": 1.09776784, "lr": 0.0004686, "params": 3899, "time_iter": 0.58177, "accuracy": 0.35467, "f1": 0.17454, "auc": 0.46183}
{"epoch": 53, "time_epoch": 27.43142, "eta": 1262.08918, "eta_hours": 0.35058, "loss": 1.09795618, "lr": 0.00045295, "params": 3899, "time_iter": 0.58365, "accuracy": 0.35467, "f1": 0.17454, "auc": 0.44986}
{"epoch": 54, "time_epoch": 27.29836, "eta": 1234.53925, "eta_hours": 0.34293, "loss": 1.0977733, "lr": 0.00043733, "params": 3899, "time_iter": 0.58082, "accuracy": 0.35467, "f1": 0.17454, "auc": 0.44307}
{"epoch": 55, "time_epoch": 27.3068, "eta": 1207.00494, "eta_hours": 0.33528, "loss": 1.09783769, "lr": 0.00042178, "params": 3899, "time_iter": 0.581, "accuracy": 0.35467, "f1": 0.17454, "auc": 0.44682}
{"epoch": 56, "time_epoch": 27.31203, "eta": 1179.48256, "eta_hours": 0.32763, "loss": 1.09773814, "lr": 0.00040631, "params": 3899, "time_iter": 0.58111, "accuracy": 0.35467, "f1": 0.17454, "auc": 0.46898}
{"epoch": 57, "time_epoch": 27.30206, "eta": 1151.96021, "eta_hours": 0.31999, "loss": 1.09767974, "lr": 0.00039093, "params": 3899, "time_iter": 0.58089, "accuracy": 0.35467, "f1": 0.17454, "auc": 0.4586}
{"epoch": 58, "time_epoch": 27.44485, "eta": 1124.54456, "eta_hours": 0.31237, "loss": 1.0977047, "lr": 0.00037566, "params": 3899, "time_iter": 0.58393, "accuracy": 0.35467, "f1": 0.17454, "auc": 0.45939}
{"epoch": 59, "time_epoch": 27.29425, "eta": 1097.02753, "eta_hours": 0.30473, "loss": 1.09776506, "lr": 0.0003605, "params": 3899, "time_iter": 0.58073, "accuracy": 0.35467, "f1": 0.17454, "auc": 0.46458}
{"epoch": 60, "time_epoch": 27.32883, "eta": 1069.53992, "eta_hours": 0.29709, "loss": 1.09781292, "lr": 0.00034549, "params": 3899, "time_iter": 0.58146, "accuracy": 0.35467, "f1": 0.17454, "auc": 0.46023}
{"epoch": 61, "time_epoch": 27.37562, "eta": 1042.0861, "eta_hours": 0.28947, "loss": 1.09769444, "lr": 0.00033063, "params": 3899, "time_iter": 0.58246, "accuracy": 0.35467, "f1": 0.17454, "auc": 0.46785}
{"epoch": 62, "time_epoch": 27.37662, "eta": 1014.63536, "eta_hours": 0.28184, "loss": 1.09779532, "lr": 0.00031594, "params": 3899, "time_iter": 0.58248, "accuracy": 0.35467, "f1": 0.17454, "auc": 0.46098}
{"epoch": 63, "time_epoch": 27.45432, "eta": 987.23064, "eta_hours": 0.27423, "loss": 1.09776301, "lr": 0.00030143, "params": 3899, "time_iter": 0.58413, "accuracy": 0.35467, "f1": 0.17454, "auc": 0.4535}
{"epoch": 64, "time_epoch": 27.36294, "eta": 959.77519, "eta_hours": 0.2666, "loss": 1.0976897, "lr": 0.00028711, "params": 3899, "time_iter": 0.58219, "accuracy": 0.35467, "f1": 0.17454, "auc": 0.45137}
{"epoch": 65, "time_epoch": 27.36199, "eta": 932.32205, "eta_hours": 0.25898, "loss": 1.09773699, "lr": 0.000273, "params": 3899, "time_iter": 0.58217, "accuracy": 0.35467, "f1": 0.17454, "auc": 0.46186}
{"epoch": 66, "time_epoch": 27.36712, "eta": 904.87415, "eta_hours": 0.25135, "loss": 1.09769481, "lr": 0.00025912, "params": 3899, "time_iter": 0.58228, "accuracy": 0.35467, "f1": 0.17454, "auc": 0.45297}
{"epoch": 67, "time_epoch": 27.36824, "eta": 877.42917, "eta_hours": 0.24373, "loss": 1.09781738, "lr": 0.00024548, "params": 3899, "time_iter": 0.5823, "accuracy": 0.35467, "f1": 0.17454, "auc": 0.46645}
{"epoch": 68, "time_epoch": 27.43929, "eta": 850.01832, "eta_hours": 0.23612, "loss": 1.09769936, "lr": 0.00023209, "params": 3899, "time_iter": 0.58381, "accuracy": 0.35467, "f1": 0.17454, "auc": 0.47295}
{"epoch": 69, "time_epoch": 27.33917, "eta": 822.56376, "eta_hours": 0.22849, "loss": 1.09764579, "lr": 0.00021896, "params": 3899, "time_iter": 0.58168, "accuracy": 0.35467, "f1": 0.17454, "auc": 0.46805}
{"epoch": 70, "time_epoch": 27.34225, "eta": 795.1137, "eta_hours": 0.22086, "loss": 1.0978279, "lr": 0.00020611, "params": 3899, "time_iter": 0.58175, "accuracy": 0.35467, "f1": 0.17454, "auc": 0.4516}
{"epoch": 71, "time_epoch": 27.32824, "eta": 767.66119, "eta_hours": 0.21324, "loss": 1.09777934, "lr": 0.00019355, "params": 3899, "time_iter": 0.58145, "accuracy": 0.35467, "f1": 0.17454, "auc": 0.44642}
{"epoch": 72, "time_epoch": 27.48524, "eta": 740.27016, "eta_hours": 0.20563, "loss": 1.0977328, "lr": 0.00018129, "params": 3899, "time_iter": 0.58479, "accuracy": 0.35467, "f1": 0.17454, "auc": 0.45202}
{"epoch": 73, "time_epoch": 27.40909, "eta": 712.84982, "eta_hours": 0.19801, "loss": 1.09767378, "lr": 0.00016934, "params": 3899, "time_iter": 0.58317, "accuracy": 0.35467, "f1": 0.17454, "auc": 0.44671}
{"epoch": 74, "time_epoch": 27.32811, "eta": 685.40279, "eta_hours": 0.19039, "loss": 1.09763579, "lr": 0.00015773, "params": 3899, "time_iter": 0.58145, "accuracy": 0.35467, "f1": 0.17454, "auc": 0.46533}
{"epoch": 75, "time_epoch": 27.32767, "eta": 657.95875, "eta_hours": 0.18277, "loss": 1.09766473, "lr": 0.00014645, "params": 3899, "time_iter": 0.58144, "accuracy": 0.35467, "f1": 0.17454, "auc": 0.46872}
{"epoch": 76, "time_epoch": 27.33735, "eta": 630.52062, "eta_hours": 0.17514, "loss": 1.09767636, "lr": 0.00013552, "params": 3899, "time_iter": 0.58165, "accuracy": 0.35467, "f1": 0.17454, "auc": 0.46109}
{"epoch": 77, "time_epoch": 27.35085, "eta": 603.08889, "eta_hours": 0.16752, "loss": 1.09763772, "lr": 0.00012494, "params": 3899, "time_iter": 0.58193, "accuracy": 0.35467, "f1": 0.17454, "auc": 0.46507}
{"epoch": 78, "time_epoch": 27.40699, "eta": 575.67412, "eta_hours": 0.15991, "loss": 1.09765303, "lr": 0.00011474, "params": 3899, "time_iter": 0.58313, "accuracy": 0.35467, "f1": 0.17454, "auc": 0.45646}
{"epoch": 79, "time_epoch": 27.30013, "eta": 548.23284, "eta_hours": 0.15229, "loss": 1.09762366, "lr": 0.00010492, "params": 3899, "time_iter": 0.58085, "accuracy": 0.35467, "f1": 0.17454, "auc": 0.46413}
{"epoch": 80, "time_epoch": 27.32263, "eta": 520.80032, "eta_hours": 0.14467, "loss": 1.09763762, "lr": 9.549e-05, "params": 3899, "time_iter": 0.58133, "accuracy": 0.35467, "f1": 0.17454, "auc": 0.47436}
{"epoch": 81, "time_epoch": 27.31809, "eta": 493.36948, "eta_hours": 0.13705, "loss": 1.09762717, "lr": 8.646e-05, "params": 3899, "time_iter": 0.58124, "accuracy": 0.35467, "f1": 0.17454, "auc": 0.47469}
{"epoch": 82, "time_epoch": 27.40797, "eta": 465.95977, "eta_hours": 0.12943, "loss": 1.09766529, "lr": 7.784e-05, "params": 3899, "time_iter": 0.58315, "accuracy": 0.35467, "f1": 0.17454, "auc": 0.46144}
{"epoch": 83, "time_epoch": 27.31104, "eta": 438.53163, "eta_hours": 0.12181, "loss": 1.09762506, "lr": 6.963e-05, "params": 3899, "time_iter": 0.58109, "accuracy": 0.35467, "f1": 0.17454, "auc": 0.46791}
{"epoch": 84, "time_epoch": 27.35179, "eta": 411.11345, "eta_hours": 0.1142, "loss": 1.09762538, "lr": 6.185e-05, "params": 3899, "time_iter": 0.58195, "accuracy": 0.35467, "f1": 0.17454, "auc": 0.46904}
{"epoch": 85, "time_epoch": 27.33431, "eta": 383.69396, "eta_hours": 0.10658, "loss": 1.09764131, "lr": 5.45e-05, "params": 3899, "time_iter": 0.58158, "accuracy": 0.35467, "f1": 0.17454, "auc": 0.46542}
{"epoch": 86, "time_epoch": 27.42525, "eta": 356.29002, "eta_hours": 0.09897, "loss": 1.09760317, "lr": 4.759e-05, "params": 3899, "time_iter": 0.58352, "accuracy": 0.35467, "f1": 0.17454, "auc": 0.48783}
{"epoch": 87, "time_epoch": 27.32122, "eta": 328.87141, "eta_hours": 0.09135, "loss": 1.09761263, "lr": 4.112e-05, "params": 3899, "time_iter": 0.5813, "accuracy": 0.35467, "f1": 0.17454, "auc": 0.47466}
{"epoch": 88, "time_epoch": 27.31515, "eta": 301.45424, "eta_hours": 0.08374, "loss": 1.097591, "lr": 3.511e-05, "params": 3899, "time_iter": 0.58117, "accuracy": 0.35467, "f1": 0.17454, "auc": 0.49953}
{"epoch": 89, "time_epoch": 27.33904, "eta": 274.04198, "eta_hours": 0.07612, "loss": 1.09760682, "lr": 2.956e-05, "params": 3899, "time_iter": 0.58168, "accuracy": 0.35467, "f1": 0.17454, "auc": 0.48332}
{"epoch": 90, "time_epoch": 27.33826, "eta": 246.63126, "eta_hours": 0.06851, "loss": 1.09760197, "lr": 2.447e-05, "params": 3899, "time_iter": 0.58167, "accuracy": 0.35467, "f1": 0.17454, "auc": 0.48959}
{"epoch": 91, "time_epoch": 27.4207, "eta": 219.22929, "eta_hours": 0.0609, "loss": 1.0976127, "lr": 1.985e-05, "params": 3899, "time_iter": 0.58342, "accuracy": 0.35467, "f1": 0.17454, "auc": 0.47864}
{"epoch": 92, "time_epoch": 27.3266, "eta": 191.81983, "eta_hours": 0.05328, "loss": 1.09762705, "lr": 1.571e-05, "params": 3899, "time_iter": 0.58142, "accuracy": 0.35467, "f1": 0.17454, "auc": 0.45323}
{"epoch": 93, "time_epoch": 27.32239, "eta": 164.41186, "eta_hours": 0.04567, "loss": 1.09763361, "lr": 1.204e-05, "params": 3899, "time_iter": 0.58133, "accuracy": 0.35467, "f1": 0.17454, "auc": 0.44695}
{"epoch": 94, "time_epoch": 27.3766, "eta": 137.00855, "eta_hours": 0.03806, "loss": 1.09757562, "lr": 8.86e-06, "params": 3899, "time_iter": 0.58248, "accuracy": 0.35467, "f1": 0.17454, "auc": 0.52377}
{"epoch": 95, "time_epoch": 27.38899, "eta": 109.60631, "eta_hours": 0.03045, "loss": 1.09760719, "lr": 6.16e-06, "params": 3899, "time_iter": 0.58274, "accuracy": 0.35467, "f1": 0.17454, "auc": 0.49047}
{"epoch": 96, "time_epoch": 27.45154, "eta": 82.20628, "eta_hours": 0.02284, "loss": 1.09758688, "lr": 3.94e-06, "params": 3899, "time_iter": 0.58408, "accuracy": 0.35467, "f1": 0.17454, "auc": 0.50346}
{"epoch": 97, "time_epoch": 27.37559, "eta": 54.80364, "eta_hours": 0.01522, "loss": 1.09758214, "lr": 2.22e-06, "params": 3899, "time_iter": 0.58246, "accuracy": 0.35467, "f1": 0.17454, "auc": 0.50813}
{"epoch": 98, "time_epoch": 27.36658, "eta": 27.40147, "eta_hours": 0.00761, "loss": 1.0976009, "lr": 9.9e-07, "params": 3899, "time_iter": 0.58227, "accuracy": 0.35467, "f1": 0.17454, "auc": 0.48308}
{"epoch": 99, "time_epoch": 27.44557, "eta": 0.0, "eta_hours": 0.0, "loss": 1.09759203, "lr": 2.5e-07, "params": 3899, "time_iter": 0.58395, "accuracy": 0.35467, "f1": 0.17454, "auc": 0.49838}
