{"epoch": 0, "time_epoch": 20.62986, "eta": 2042.35601, "eta_hours": 0.56732, "loss": 0.69570528, "lr": 0.001, "params": 5289, "time_iter": 0.16504, "accuracy": 0.506, "precision": 0.506, "recall": 1.0, "f1": 0.67198, "auc": 0.50371}
{"epoch": 1, "time_epoch": 7.93759, "eta": 1399.80484, "eta_hours": 0.38883, "loss": 0.69429438, "lr": 0.00099975, "params": 5289, "time_iter": 0.0635, "accuracy": 0.484, "precision": 0.49443, "recall": 0.87747, "f1": 0.63248, "auc": 0.47893}
{"epoch": 2, "time_epoch": 7.95351, "eta": 1180.84429, "eta_hours": 0.32801, "loss": 0.69387527, "lr": 0.00099901, "params": 5289, "time_iter": 0.06363, "accuracy": 0.502, "precision": 0.50971, "recall": 0.41502, "f1": 0.45752, "auc": 0.48513}
{"epoch": 3, "time_epoch": 7.9854, "eta": 1068.15264, "eta_hours": 0.29671, "loss": 0.69395982, "lr": 0.00099778, "params": 5289, "time_iter": 0.06388, "accuracy": 0.51, "precision": 0.50851, "recall": 0.94466, "f1": 0.66113, "auc": 0.48426}
{"epoch": 4, "time_epoch": 7.94617, "eta": 996.59801, "eta_hours": 0.27683, "loss": 0.69480701, "lr": 0.00099606, "params": 5289, "time_iter": 0.06357, "accuracy": 0.466, "precision": 0.4838, "recall": 0.82609, "f1": 0.61022, "auc": 0.44099}
{"epoch": 5, "time_epoch": 7.97726, "eta": 946.73332, "eta_hours": 0.26298, "loss": 0.69368846, "lr": 0.00099384, "params": 5289, "time_iter": 0.06382, "accuracy": 0.488, "precision": 0.49661, "recall": 0.86957, "f1": 0.63218, "auc": 0.46778}
{"epoch": 6, "time_epoch": 7.94635, "eta": 908.42581, "eta_hours": 0.25234, "loss": 0.69395603, "lr": 0.00099114, "params": 5289, "time_iter": 0.06357, "accuracy": 0.498, "precision": 0.50208, "recall": 0.95257, "f1": 0.65757, "auc": 0.44224}
{"epoch": 7, "time_epoch": 7.96768, "eta": 877.95393, "eta_hours": 0.24388, "loss": 0.69422225, "lr": 0.00098796, "params": 5289, "time_iter": 0.06374, "accuracy": 0.502, "precision": 0.5041, "recall": 0.97233, "f1": 0.66397, "auc": 0.45726}
{"epoch": 8, "time_epoch": 7.92985, "eta": 852.10047, "eta_hours": 0.23669, "loss": 0.69423198, "lr": 0.00098429, "params": 5289, "time_iter": 0.06344, "accuracy": 0.496, "precision": 0.50101, "recall": 0.97628, "f1": 0.6622, "auc": 0.44477}
{"epoch": 9, "time_epoch": 7.97843, "eta": 830.26892, "eta_hours": 0.23063, "loss": 0.6938151, "lr": 0.00098015, "params": 5289, "time_iter": 0.06383, "accuracy": 0.482, "precision": 0.49148, "recall": 0.68379, "f1": 0.5719, "auc": 0.47628}
{"epoch": 10, "time_epoch": 7.97274, "eta": 810.91013, "eta_hours": 0.22525, "loss": 0.69387281, "lr": 0.00097553, "params": 5289, "time_iter": 0.06378, "accuracy": 0.494, "precision": 0.5, "recall": 0.92885, "f1": 0.65007, "auc": 0.45463}
{"epoch": 11, "time_epoch": 7.96159, "eta": 793.36722, "eta_hours": 0.22038, "loss": 0.69375773, "lr": 0.00097044, "params": 5289, "time_iter": 0.06369, "accuracy": 0.512, "precision": 0.50916, "recall": 0.98814, "f1": 0.67204, "auc": 0.43046}
{"epoch": 12, "time_epoch": 7.96139, "eta": 777.297, "eta_hours": 0.21592, "loss": 0.69370209, "lr": 0.00096489, "params": 5289, "time_iter": 0.06369, "accuracy": 0.51, "precision": 0.5081, "recall": 0.99209, "f1": 0.67202, "auc": 0.432}
{"epoch": 13, "time_epoch": 7.95921, "eta": 762.37179, "eta_hours": 0.21177, "loss": 0.69351072, "lr": 0.00095888, "params": 5289, "time_iter": 0.06367, "accuracy": 0.508, "precision": 0.50701, "recall": 1.0, "f1": 0.67287, "auc": 0.47951}
{"epoch": 14, "time_epoch": 7.95508, "eta": 748.35198, "eta_hours": 0.20788, "loss": 0.69374955, "lr": 0.00095241, "params": 5289, "time_iter": 0.06364, "accuracy": 0.478, "precision": 0.4863, "recall": 0.56126, "f1": 0.5211, "auc": 0.47244}
{"epoch": 15, "time_epoch": 7.94898, "eta": 735.05823, "eta_hours": 0.20418, "loss": 0.69378692, "lr": 0.0009455, "params": 5289, "time_iter": 0.06359, "accuracy": 0.494, "precision": 0.5, "recall": 0.72727, "f1": 0.59259, "auc": 0.45946}
{"epoch": 16, "time_epoch": 7.93269, "eta": 722.31376, "eta_hours": 0.20064, "loss": 0.69352311, "lr": 0.00093815, "params": 5289, "time_iter": 0.06346, "accuracy": 0.502, "precision": 0.50407, "recall": 0.98024, "f1": 0.66577, "auc": 0.45674}
{"epoch": 17, "time_epoch": 7.96592, "eta": 710.25532, "eta_hours": 0.19729, "loss": 0.6934877, "lr": 0.00093037, "params": 5289, "time_iter": 0.06373, "accuracy": 0.506, "precision": 0.506, "recall": 1.0, "f1": 0.67198, "auc": 0.47151}
{"epoch": 18, "time_epoch": 7.96522, "eta": 698.62467, "eta_hours": 0.19406, "loss": 0.69343167, "lr": 0.00092216, "params": 5289, "time_iter": 0.06372, "accuracy": 0.506, "precision": 0.50605, "recall": 0.99209, "f1": 0.67023, "auc": 0.46752}
{"epoch": 19, "time_epoch": 7.94629, "eta": 687.28485, "eta_hours": 0.19091, "loss": 0.69364828, "lr": 0.00091354, "params": 5289, "time_iter": 0.06357, "accuracy": 0.508, "precision": 0.5071, "recall": 0.98814, "f1": 0.67024, "auc": 0.45709}
{"epoch": 20, "time_epoch": 7.93523, "eta": 676.22661, "eta_hours": 0.18784, "loss": 0.69403626, "lr": 0.00090451, "params": 5289, "time_iter": 0.06348, "accuracy": 0.476, "precision": 0.46218, "recall": 0.21739, "f1": 0.2957, "auc": 0.45625}
{"epoch": 21, "time_epoch": 7.96063, "eta": 665.54233, "eta_hours": 0.18487, "loss": 0.69356544, "lr": 0.00089508, "params": 5289, "time_iter": 0.06369, "accuracy": 0.506, "precision": 0.50602, "recall": 0.99605, "f1": 0.67111, "auc": 0.43496}
{"epoch": 22, "time_epoch": 7.96582, "eta": 655.11227, "eta_hours": 0.18198, "loss": 0.69340493, "lr": 0.00088526, "params": 5289, "time_iter": 0.06373, "accuracy": 0.506, "precision": 0.506, "recall": 1.0, "f1": 0.67198, "auc": 0.46271}
{"epoch": 23, "time_epoch": 7.90253, "eta": 644.68716, "eta_hours": 0.17908, "loss": 0.69408685, "lr": 0.00087506, "params": 5289, "time_iter": 0.06322, "accuracy": 0.506, "precision": 0.506, "recall": 1.0, "f1": 0.67198, "auc": 0.43858}
{"epoch": 24, "time_epoch": 7.94844, "eta": 634.60156, "eta_hours": 0.17628, "loss": 0.6938327, "lr": 0.00086448, "params": 5289, "time_iter": 0.06359, "accuracy": 0.502, "precision": 0.50403, "recall": 0.98814, "f1": 0.66756, "auc": 0.44941}
{"epoch": 25, "time_epoch": 7.94154, "eta": 624.66074, "eta_hours": 0.17352, "loss": 0.69360234, "lr": 0.00085355, "params": 5289, "time_iter": 0.06353, "accuracy": 0.506, "precision": 0.50607, "recall": 0.98814, "f1": 0.66934, "auc": 0.45668}
{"epoch": 26, "time_epoch": 7.94365, "eta": 614.87372, "eta_hours": 0.1708, "loss": 0.69363935, "lr": 0.00084227, "params": 5289, "time_iter": 0.06355, "accuracy": 0.506, "precision": 0.506, "recall": 1.0, "f1": 0.67198, "auc": 0.45968}
{"epoch": 27, "time_epoch": 7.94491, "eta": 605.22161, "eta_hours": 0.16812, "loss": 0.69334905, "lr": 0.00083066, "params": 5289, "time_iter": 0.06356, "accuracy": 0.504, "precision": 0.50518, "recall": 0.96443, "f1": 0.66304, "auc": 0.44961}
{"epoch": 28, "time_epoch": 7.94631, "eta": 595.69066, "eta_hours": 0.16547, "loss": 0.69367783, "lr": 0.00081871, "params": 5289, "time_iter": 0.06357, "accuracy": 0.48, "precision": 0.49153, "recall": 0.80237, "f1": 0.60961, "auc": 0.44938}
{"epoch": 29, "time_epoch": 7.93969, "eta": 586.24991, "eta_hours": 0.16285, "loss": 0.69371005, "lr": 0.00080645, "params": 5289, "time_iter": 0.06352, "accuracy": 0.492, "precision": 0.49896, "recall": 0.94466, "f1": 0.65301, "auc": 0.45096}
{"epoch": 30, "time_epoch": 7.95877, "eta": 576.94847, "eta_hours": 0.16026, "loss": 0.69348004, "lr": 0.00079389, "params": 5289, "time_iter": 0.06367, "accuracy": 0.504, "precision": 0.50501, "recall": 0.99605, "f1": 0.67021, "auc": 0.43579}
{"epoch": 31, "time_epoch": 7.99773, "eta": 567.81372, "eta_hours": 0.15773, "loss": 0.69338949, "lr": 0.00078104, "params": 5289, "time_iter": 0.06398, "accuracy": 0.492, "precision": 0.49894, "recall": 0.92885, "f1": 0.64917, "auc": 0.45576}
{"epoch": 32, "time_epoch": 8.00401, "eta": 558.76065, "eta_hours": 0.15521, "loss": 0.69342656, "lr": 0.00076791, "params": 5289, "time_iter": 0.06403, "accuracy": 0.506, "precision": 0.506, "recall": 1.0, "f1": 0.67198, "auc": 0.44393}
{"epoch": 33, "time_epoch": 7.98531, "eta": 549.73298, "eta_hours": 0.1527, "loss": 0.69342295, "lr": 0.00075452, "params": 5289, "time_iter": 0.06388, "accuracy": 0.506, "precision": 0.506, "recall": 1.0, "f1": 0.67198, "auc": 0.4472}
{"epoch": 34, "time_epoch": 8.02646, "eta": 540.8413, "eta_hours": 0.15023, "loss": 0.69345633, "lr": 0.00074088, "params": 5289, "time_iter": 0.06421, "accuracy": 0.506, "precision": 0.506, "recall": 1.0, "f1": 0.67198, "auc": 0.45295}
{"epoch": 35, "time_epoch": 7.98256, "eta": 531.91965, "eta_hours": 0.14776, "loss": 0.69347361, "lr": 0.000727, "params": 5289, "time_iter": 0.06386, "accuracy": 0.506, "precision": 0.506, "recall": 1.0, "f1": 0.67198, "auc": 0.45487}
{"epoch": 36, "time_epoch": 8.22319, "eta": 523.45848, "eta_hours": 0.14541, "loss": 0.69387327, "lr": 0.00071289, "params": 5289, "time_iter": 0.06579, "accuracy": 0.476, "precision": 0.48289, "recall": 0.50198, "f1": 0.49225, "auc": 0.46986}
{"epoch": 37, "time_epoch": 8.16831, "eta": 514.92028, "eta_hours": 0.14303, "loss": 0.69355049, "lr": 0.00069857, "params": 5289, "time_iter": 0.06535, "accuracy": 0.506, "precision": 0.506, "recall": 1.0, "f1": 0.67198, "auc": 0.45246}
{"epoch": 38, "time_epoch": 8.24069, "eta": 506.51427, "eta_hours": 0.1407, "loss": 0.69334259, "lr": 0.00068406, "params": 5289, "time_iter": 0.06593, "accuracy": 0.506, "precision": 0.506, "recall": 1.0, "f1": 0.67198, "auc": 0.44906}
{"epoch": 39, "time_epoch": 8.12561, "eta": 497.9439, "eta_hours": 0.13832, "loss": 0.69347774, "lr": 0.00066937, "params": 5289, "time_iter": 0.065, "accuracy": 0.506, "precision": 0.506, "recall": 1.0, "f1": 0.67198, "auc": 0.45378}
{"epoch": 40, "time_epoch": 8.21333, "eta": 489.52146, "eta_hours": 0.13598, "loss": 0.69338606, "lr": 0.00065451, "params": 5289, "time_iter": 0.06571, "accuracy": 0.506, "precision": 0.506, "recall": 1.0, "f1": 0.67198, "auc": 0.46075}
{"epoch": 41, "time_epoch": 8.21177, "eta": 481.10682, "eta_hours": 0.13364, "loss": 0.69357587, "lr": 0.0006395, "params": 5289, "time_iter": 0.06569, "accuracy": 0.464, "precision": 0.47423, "recall": 0.54545, "f1": 0.50735, "auc": 0.45181}
{"epoch": 42, "time_epoch": 8.11173, "eta": 472.56902, "eta_hours": 0.13127, "loss": 0.69344664, "lr": 0.00062434, "params": 5289, "time_iter": 0.06489, "accuracy": 0.506, "precision": 0.506, "recall": 1.0, "f1": 0.67198, "auc": 0.46573}
{"epoch": 43, "time_epoch": 8.00245, "eta": 463.91149, "eta_hours": 0.12886, "loss": 0.69343254, "lr": 0.00060907, "params": 5289, "time_iter": 0.06402, "accuracy": 0.506, "precision": 0.506, "recall": 1.0, "f1": 0.67198, "auc": 0.46058}
{"epoch": 44, "time_epoch": 7.94655, "eta": 455.21475, "eta_hours": 0.12645, "loss": 0.69341882, "lr": 0.00059369, "params": 5289, "time_iter": 0.06357, "accuracy": 0.486, "precision": 0.49543, "recall": 0.85771, "f1": 0.62808, "auc": 0.43988}
{"epoch": 45, "time_epoch": 7.95422, "eta": 446.55964, "eta_hours": 0.12404, "loss": 0.69358445, "lr": 0.00057822, "params": 5289, "time_iter": 0.06363, "accuracy": 0.506, "precision": 0.506, "recall": 1.0, "f1": 0.67198, "auc": 0.44264}
{"epoch": 46, "time_epoch": 7.98066, "eta": 437.96417, "eta_hours": 0.12166, "loss": 0.69340766, "lr": 0.00056267, "params": 5289, "time_iter": 0.06385, "accuracy": 0.506, "precision": 0.506, "recall": 1.0, "f1": 0.67198, "auc": 0.44717}
{"epoch": 47, "time_epoch": 7.98303, "eta": 429.39688, "eta_hours": 0.11928, "loss": 0.69334311, "lr": 0.00054705, "params": 5289, "time_iter": 0.06386, "accuracy": 0.506, "precision": 0.506, "recall": 1.0, "f1": 0.67198, "auc": 0.43991}
{"epoch": 48, "time_epoch": 7.99296, "eta": 420.86377, "eta_hours": 0.11691, "loss": 0.69328293, "lr": 0.0005314, "params": 5289, "time_iter": 0.06394, "accuracy": 0.506, "precision": 0.506, "recall": 1.0, "f1": 0.67198, "auc": 0.45142}
{"epoch": 49, "time_epoch": 7.98349, "eta": 412.34279, "eta_hours": 0.11454, "loss": 0.69330028, "lr": 0.00051571, "params": 5289, "time_iter": 0.06387, "accuracy": 0.506, "precision": 0.506, "recall": 1.0, "f1": 0.67198, "auc": 0.47044}
{"epoch": 50, "time_epoch": 7.99143, "eta": 403.85052, "eta_hours": 0.11218, "loss": 0.69334403, "lr": 0.0005, "params": 5289, "time_iter": 0.06393, "accuracy": 0.506, "precision": 0.506, "recall": 1.0, "f1": 0.67198, "auc": 0.4468}
{"epoch": 51, "time_epoch": 7.95097, "eta": 395.34018, "eta_hours": 0.10982, "loss": 0.69326358, "lr": 0.00048429, "params": 5289, "time_iter": 0.06361, "accuracy": 0.506, "precision": 0.506, "recall": 1.0, "f1": 0.67198, "auc": 0.45094}
{"epoch": 52, "time_epoch": 7.96397, "eta": 386.86246, "eta_hours": 0.10746, "loss": 0.69330272, "lr": 0.0004686, "params": 5289, "time_iter": 0.06371, "accuracy": 0.506, "precision": 0.506, "recall": 1.0, "f1": 0.67198, "auc": 0.43956}
{"epoch": 53, "time_epoch": 7.973, "eta": 378.41146, "eta_hours": 0.10511, "loss": 0.69324923, "lr": 0.00045295, "params": 5289, "time_iter": 0.06378, "accuracy": 0.506, "precision": 0.506, "recall": 1.0, "f1": 0.67198, "auc": 0.4433}
{"epoch": 54, "time_epoch": 7.98991, "eta": 369.99169, "eta_hours": 0.10278, "loss": 0.69346828, "lr": 0.00043733, "params": 5289, "time_iter": 0.06392, "accuracy": 0.506, "precision": 0.506, "recall": 1.0, "f1": 0.67198, "auc": 0.4505}
{"epoch": 55, "time_epoch": 7.96121, "eta": 361.56472, "eta_hours": 0.10043, "loss": 0.69344348, "lr": 0.00042178, "params": 5289, "time_iter": 0.06369, "accuracy": 0.482, "precision": 0.4908, "recall": 0.63241, "f1": 0.55268, "auc": 0.46368}
{"epoch": 56, "time_epoch": 7.99208, "eta": 353.17737, "eta_hours": 0.0981, "loss": 0.69318243, "lr": 0.00040631, "params": 5289, "time_iter": 0.06394, "accuracy": 0.506, "precision": 0.506, "recall": 1.0, "f1": 0.67198, "auc": 0.46091}
{"epoch": 57, "time_epoch": 7.9782, "eta": 344.79361, "eta_hours": 0.09578, "loss": 0.69322441, "lr": 0.00039093, "params": 5289, "time_iter": 0.06383, "accuracy": 0.506, "precision": 0.506, "recall": 1.0, "f1": 0.67198, "auc": 0.47052}
{"epoch": 58, "time_epoch": 8.01381, "eta": 336.44834, "eta_hours": 0.09346, "loss": 0.69332044, "lr": 0.00037566, "params": 5289, "time_iter": 0.06411, "accuracy": 0.506, "precision": 0.506, "recall": 1.0, "f1": 0.67198, "auc": 0.4737}
{"epoch": 59, "time_epoch": 7.99716, "eta": 328.10302, "eta_hours": 0.09114, "loss": 0.69322903, "lr": 0.0003605, "params": 5289, "time_iter": 0.06398, "accuracy": 0.506, "precision": 0.506, "recall": 1.0, "f1": 0.67198, "auc": 0.47247}
{"epoch": 60, "time_epoch": 7.9952, "eta": 319.76786, "eta_hours": 0.08882, "loss": 0.69316049, "lr": 0.00034549, "params": 5289, "time_iter": 0.06396, "accuracy": 0.506, "precision": 0.506, "recall": 1.0, "f1": 0.67198, "auc": 0.46283}
{"epoch": 61, "time_epoch": 7.97008, "eta": 311.42827, "eta_hours": 0.08651, "loss": 0.69352573, "lr": 0.00033063, "params": 5289, "time_iter": 0.06376, "accuracy": 0.496, "precision": 0.50133, "recall": 0.74704, "f1": 0.6, "auc": 0.45736}
{"epoch": 62, "time_epoch": 8.01639, "eta": 303.12761, "eta_hours": 0.0842, "loss": 0.69315033, "lr": 0.00031594, "params": 5289, "time_iter": 0.06413, "accuracy": 0.506, "precision": 0.506, "recall": 1.0, "f1": 0.67198, "auc": 0.47297}
{"epoch": 63, "time_epoch": 8.87971, "eta": 295.32145, "eta_hours": 0.08203, "loss": 0.69320664, "lr": 0.00030143, "params": 5289, "time_iter": 0.07104, "accuracy": 0.506, "precision": 0.506, "recall": 1.0, "f1": 0.67198, "auc": 0.47642}
{"epoch": 64, "time_epoch": 8.57819, "eta": 287.3199, "eta_hours": 0.07981, "loss": 0.69321113, "lr": 0.00028711, "params": 5289, "time_iter": 0.06863, "accuracy": 0.506, "precision": 0.506, "recall": 1.0, "f1": 0.67198, "auc": 0.48028}
{"epoch": 65, "time_epoch": 8.55882, "eta": 279.2909, "eta_hours": 0.07758, "loss": 0.69315871, "lr": 0.000273, "params": 5289, "time_iter": 0.06847, "accuracy": 0.506, "precision": 0.506, "recall": 1.0, "f1": 0.67198, "auc": 0.47774}
{"epoch": 66, "time_epoch": 8.54952, "eta": 271.24151, "eta_hours": 0.07534, "loss": 0.69320581, "lr": 0.00025912, "params": 5289, "time_iter": 0.0684, "accuracy": 0.506, "precision": 0.506, "recall": 1.0, "f1": 0.67198, "auc": 0.47073}
{"epoch": 67, "time_epoch": 8.55268, "eta": 263.17888, "eta_hours": 0.07311, "loss": 0.69318776, "lr": 0.00024548, "params": 5289, "time_iter": 0.06842, "accuracy": 0.506, "precision": 0.506, "recall": 1.0, "f1": 0.67198, "auc": 0.47345}
{"epoch": 68, "time_epoch": 8.55931, "eta": 255.10504, "eta_hours": 0.07086, "loss": 0.69287726, "lr": 0.00023209, "params": 5289, "time_iter": 0.06847, "accuracy": 0.506, "precision": 0.506, "recall": 1.0, "f1": 0.67198, "auc": 0.55518}
{"epoch": 69, "time_epoch": 8.55495, "eta": 247.01545, "eta_hours": 0.06862, "loss": 0.6922903, "lr": 0.00021896, "params": 5289, "time_iter": 0.06844, "accuracy": 0.512, "precision": 0.50905, "recall": 1.0, "f1": 0.67467, "auc": 0.58927}
{"epoch": 70, "time_epoch": 8.56786, "eta": 238.91803, "eta_hours": 0.06637, "loss": 0.69160505, "lr": 0.00020611, "params": 5289, "time_iter": 0.06854, "accuracy": 0.514, "precision": 0.51037, "recall": 0.97233, "f1": 0.66939, "auc": 0.5862}
{"epoch": 71, "time_epoch": 8.54726, "eta": 230.79953, "eta_hours": 0.06411, "loss": 0.6892333, "lr": 0.00019355, "params": 5289, "time_iter": 0.06838, "accuracy": 0.546, "precision": 0.53495, "recall": 0.78656, "f1": 0.6368, "auc": 0.59804}
{"epoch": 72, "time_epoch": 8.55494, "eta": 222.67212, "eta_hours": 0.06185, "loss": 0.68505713, "lr": 0.00018129, "params": 5289, "time_iter": 0.06844, "accuracy": 0.574, "precision": 0.56944, "recall": 0.64822, "f1": 0.60628, "auc": 0.60558}
{"epoch": 73, "time_epoch": 8.53432, "eta": 214.52592, "eta_hours": 0.05959, "loss": 0.68241272, "lr": 0.00016934, "params": 5289, "time_iter": 0.06827, "accuracy": 0.568, "precision": 0.56981, "recall": 0.59684, "f1": 0.58301, "auc": 0.60703}
{"epoch": 74, "time_epoch": 8.55762, "eta": 206.37713, "eta_hours": 0.05733, "loss": 0.68661386, "lr": 0.00015773, "params": 5289, "time_iter": 0.06846, "accuracy": 0.57, "precision": 0.57422, "recall": 0.58103, "f1": 0.5776, "auc": 0.57189}
{"epoch": 75, "time_epoch": 8.57489, "eta": 198.22304, "eta_hours": 0.05506, "loss": 0.67999533, "lr": 0.00014645, "params": 5289, "time_iter": 0.0686, "accuracy": 0.582, "precision": 0.588, "recall": 0.58103, "f1": 0.58449, "auc": 0.60478}
{"epoch": 76, "time_epoch": 8.44452, "eta": 190.01907, "eta_hours": 0.05278, "loss": 0.67832241, "lr": 0.00013552, "params": 5289, "time_iter": 0.06756, "accuracy": 0.588, "precision": 0.59751, "recall": 0.56917, "f1": 0.583, "auc": 0.60834}
{"epoch": 77, "time_epoch": 7.98695, "eta": 181.67988, "eta_hours": 0.05047, "loss": 0.67532131, "lr": 0.00012494, "params": 5289, "time_iter": 0.0639, "accuracy": 0.606, "precision": 0.62069, "recall": 0.56917, "f1": 0.59381, "auc": 0.62321}
{"epoch": 78, "time_epoch": 8.02123, "eta": 173.35872, "eta_hours": 0.04816, "loss": 0.67512511, "lr": 0.00011474, "params": 5289, "time_iter": 0.06417, "accuracy": 0.582, "precision": 0.59244, "recall": 0.55731, "f1": 0.57434, "auc": 0.61564}
{"epoch": 79, "time_epoch": 8.02326, "eta": 165.04556, "eta_hours": 0.04585, "loss": 0.67449702, "lr": 0.00010492, "params": 5289, "time_iter": 0.06419, "accuracy": 0.578, "precision": 0.59633, "recall": 0.51383, "f1": 0.55202, "auc": 0.60476}
{"epoch": 80, "time_epoch": 8.00745, "eta": 156.73585, "eta_hours": 0.04354, "loss": 0.66912895, "lr": 9.549e-05, "params": 5289, "time_iter": 0.06406, "accuracy": 0.598, "precision": 0.6215, "recall": 0.52569, "f1": 0.56959, "auc": 0.62801}
{"epoch": 81, "time_epoch": 8.10061, "eta": 148.45397, "eta_hours": 0.04124, "loss": 0.67313328, "lr": 8.646e-05, "params": 5289, "time_iter": 0.0648, "accuracy": 0.574, "precision": 0.58772, "recall": 0.52964, "f1": 0.55717, "auc": 0.61646}
{"epoch": 82, "time_epoch": 7.99821, "eta": 140.15548, "eta_hours": 0.03893, "loss": 0.67575922, "lr": 7.784e-05, "params": 5289, "time_iter": 0.06399, "accuracy": 0.574, "precision": 0.58772, "recall": 0.52964, "f1": 0.55717, "auc": 0.60684}
{"epoch": 83, "time_epoch": 8.01994, "eta": 131.86828, "eta_hours": 0.03663, "loss": 0.66952721, "lr": 6.963e-05, "params": 5289, "time_iter": 0.06416, "accuracy": 0.62, "precision": 0.64, "recall": 0.56917, "f1": 0.60251, "auc": 0.63392}
{"epoch": 84, "time_epoch": 8.02983, "eta": 123.58911, "eta_hours": 0.03433, "loss": 0.66981434, "lr": 6.185e-05, "params": 5289, "time_iter": 0.06424, "accuracy": 0.584, "precision": 0.59912, "recall": 0.53755, "f1": 0.56667, "auc": 0.62515}
{"epoch": 85, "time_epoch": 8.01526, "eta": 115.31337, "eta_hours": 0.03203, "loss": 0.66482751, "lr": 5.45e-05, "params": 5289, "time_iter": 0.06412, "accuracy": 0.618, "precision": 0.63964, "recall": 0.56126, "f1": 0.59789, "auc": 0.63953}
{"epoch": 86, "time_epoch": 8.01225, "eta": 107.04316, "eta_hours": 0.02973, "loss": 0.66456379, "lr": 4.759e-05, "params": 5289, "time_iter": 0.0641, "accuracy": 0.612, "precision": 0.62553, "recall": 0.58103, "f1": 0.60246, "auc": 0.63833}
{"epoch": 87, "time_epoch": 8.01894, "eta": 98.77974, "eta_hours": 0.02744, "loss": 0.67006386, "lr": 4.112e-05, "params": 5289, "time_iter": 0.06415, "accuracy": 0.59, "precision": 0.61009, "recall": 0.52569, "f1": 0.56476, "auc": 0.62103}
{"epoch": 88, "time_epoch": 7.9891, "eta": 90.51811, "eta_hours": 0.02514, "loss": 0.67290145, "lr": 3.511e-05, "params": 5289, "time_iter": 0.06391, "accuracy": 0.584, "precision": 0.6009, "recall": 0.52964, "f1": 0.56303, "auc": 0.60716}
{"epoch": 89, "time_epoch": 8.01763, "eta": 82.26572, "eta_hours": 0.02285, "loss": 0.65607259, "lr": 2.956e-05, "params": 5289, "time_iter": 0.06414, "accuracy": 0.604, "precision": 0.62332, "recall": 0.54941, "f1": 0.58403, "auc": 0.65681}
{"epoch": 90, "time_epoch": 8.05972, "eta": 74.02264, "eta_hours": 0.02056, "loss": 0.66079888, "lr": 2.447e-05, "params": 5289, "time_iter": 0.06448, "accuracy": 0.602, "precision": 0.62617, "recall": 0.52964, "f1": 0.57388, "auc": 0.63587}
{"epoch": 91, "time_epoch": 8.0414, "eta": 65.78196, "eta_hours": 0.01827, "loss": 0.66171392, "lr": 1.985e-05, "params": 5289, "time_iter": 0.06433, "accuracy": 0.606, "precision": 0.62613, "recall": 0.54941, "f1": 0.58526, "auc": 0.64176}
{"epoch": 92, "time_epoch": 7.99882, "eta": 57.54236, "eta_hours": 0.01598, "loss": 0.6720052, "lr": 1.571e-05, "params": 5289, "time_iter": 0.06399, "accuracy": 0.594, "precision": 0.61682, "recall": 0.52174, "f1": 0.56531, "auc": 0.6169}
{"epoch": 93, "time_epoch": 7.99889, "eta": 49.30789, "eta_hours": 0.0137, "loss": 0.65202733, "lr": 1.204e-05, "params": 5289, "time_iter": 0.06399, "accuracy": 0.588, "precision": 0.60444, "recall": 0.53755, "f1": 0.56904, "auc": 0.66219}
{"epoch": 94, "time_epoch": 8.01044, "eta": 41.07899, "eta_hours": 0.01141, "loss": 0.6745513, "lr": 8.86e-06, "params": 5289, "time_iter": 0.06408, "accuracy": 0.574, "precision": 0.59259, "recall": 0.50593, "f1": 0.54584, "auc": 0.60161}
{"epoch": 95, "time_epoch": 8.02255, "eta": 32.85514, "eta_hours": 0.00913, "loss": 0.66693807, "lr": 6.16e-06, "params": 5289, "time_iter": 0.06418, "accuracy": 0.59, "precision": 0.60811, "recall": 0.5336, "f1": 0.56842, "auc": 0.62171}
{"epoch": 96, "time_epoch": 7.99794, "eta": 24.63468, "eta_hours": 0.00684, "loss": 0.66186605, "lr": 3.94e-06, "params": 5289, "time_iter": 0.06398, "accuracy": 0.588, "precision": 0.61033, "recall": 0.51383, "f1": 0.55794, "auc": 0.63536}
{"epoch": 97, "time_epoch": 8.21039, "eta": 16.42309, "eta_hours": 0.00456, "loss": 0.66601937, "lr": 2.22e-06, "params": 5289, "time_iter": 0.06568, "accuracy": 0.61, "precision": 0.62609, "recall": 0.56917, "f1": 0.59627, "auc": 0.61753}
{"epoch": 98, "time_epoch": 8.21431, "eta": 8.21157, "eta_hours": 0.00228, "loss": 0.67112066, "lr": 9.9e-07, "params": 5289, "time_iter": 0.06571, "accuracy": 0.6, "precision": 0.62559, "recall": 0.52174, "f1": 0.56897, "auc": 0.62478}
{"epoch": 99, "time_epoch": 8.17021, "eta": 0.0, "eta_hours": 0.0, "loss": 0.6659649, "lr": 2.5e-07, "params": 5289, "time_iter": 0.06536, "accuracy": 0.602, "precision": 0.62736, "recall": 0.52569, "f1": 0.57204, "auc": 0.63496}
