{"epoch": 0, "time_epoch": 2.34024, "eta": 231.68369, "eta_hours": 0.06436, "loss": 0.69403376, "lr": 0.001, "params": 6295, "time_iter": 0.06159, "accuracy": 0.49333, "precision": 0.50704, "recall": 0.92308, "f1": 0.65455, "auc": 0.30992}
{"epoch": 1, "time_epoch": 2.45948, "eta": 235.18612, "eta_hours": 0.06533, "loss": 0.69406403, "lr": 0.00099975, "params": 6295, "time_iter": 0.06472, "accuracy": 0.52, "precision": 0.52, "recall": 1.0, "f1": 0.68421, "auc": 0.38177}
{"epoch": 2, "time_epoch": 1.57491, "eta": 206.11301, "eta_hours": 0.05725, "loss": 0.69291412, "lr": 0.00099901, "params": 6295, "time_iter": 0.04145, "accuracy": 0.52, "precision": 0.52, "recall": 1.0, "f1": 0.68421, "auc": 0.40171}
{"epoch": 3, "time_epoch": 1.72729, "eta": 194.44595, "eta_hours": 0.05401, "loss": 0.69304118, "lr": 0.00099778, "params": 6295, "time_iter": 0.04545, "accuracy": 0.52, "precision": 0.52, "recall": 1.0, "f1": 0.68421, "auc": 0.41141}
{"epoch": 4, "time_epoch": 1.71383, "eta": 186.49908, "eta_hours": 0.05181, "loss": 0.69345575, "lr": 0.00099606, "params": 6295, "time_iter": 0.0451, "accuracy": 0.52, "precision": 0.52, "recall": 1.0, "f1": 0.68421, "auc": 0.39147}
{"epoch": 5, "time_epoch": 1.712, "eta": 180.60125, "eta_hours": 0.05017, "loss": 0.69267807, "lr": 0.00099384, "params": 6295, "time_iter": 0.04505, "accuracy": 0.52, "precision": 0.52, "recall": 1.0, "f1": 0.68421, "auc": 0.4237}
{"epoch": 6, "time_epoch": 1.70904, "eta": 175.86013, "eta_hours": 0.04885, "loss": 0.69279537, "lr": 0.00099114, "params": 6295, "time_iter": 0.04497, "accuracy": 0.52, "precision": 0.52, "recall": 1.0, "f1": 0.68421, "auc": 0.38978}
{"epoch": 7, "time_epoch": 1.72689, "eta": 172.08223, "eta_hours": 0.0478, "loss": 0.69288165, "lr": 0.00098796, "params": 6295, "time_iter": 0.04544, "accuracy": 0.52, "precision": 0.52, "recall": 1.0, "f1": 0.68421, "auc": 0.42201}
{"epoch": 8, "time_epoch": 1.71748, "eta": 168.66494, "eta_hours": 0.04685, "loss": 0.69281741, "lr": 0.00098429, "params": 6295, "time_iter": 0.0452, "accuracy": 0.52, "precision": 0.52, "recall": 1.0, "f1": 0.68421, "auc": 0.41969}
{"epoch": 9, "time_epoch": 1.70881, "eta": 165.50963, "eta_hours": 0.04597, "loss": 0.69274137, "lr": 0.00098015, "params": 6295, "time_iter": 0.04497, "accuracy": 0.52, "precision": 0.52, "recall": 1.0, "f1": 0.68421, "auc": 0.39931}
{"epoch": 10, "time_epoch": 1.72552, "eta": 162.75248, "eta_hours": 0.04521, "loss": 0.69297943, "lr": 0.00097553, "params": 6295, "time_iter": 0.04541, "accuracy": 0.52, "precision": 0.52, "recall": 1.0, "f1": 0.68421, "auc": 0.41551}
{"epoch": 11, "time_epoch": 1.72578, "eta": 160.16924, "eta_hours": 0.04449, "loss": 0.69285456, "lr": 0.00097044, "params": 6295, "time_iter": 0.04542, "accuracy": 0.52, "precision": 0.52, "recall": 1.0, "f1": 0.68421, "auc": 0.40376}
{"epoch": 12, "time_epoch": 1.71155, "eta": 157.62268, "eta_hours": 0.04378, "loss": 0.69307775, "lr": 0.00096489, "params": 6295, "time_iter": 0.04504, "accuracy": 0.52, "precision": 0.52, "recall": 1.0, "f1": 0.68421, "auc": 0.41204}
{"epoch": 13, "time_epoch": 1.71697, "eta": 155.22867, "eta_hours": 0.04312, "loss": 0.69382468, "lr": 0.00095888, "params": 6295, "time_iter": 0.04518, "accuracy": 0.52, "precision": 0.52, "recall": 1.0, "f1": 0.68421, "auc": 0.39307}
{"epoch": 14, "time_epoch": 1.72258, "eta": 152.95671, "eta_hours": 0.04249, "loss": 0.69242678, "lr": 0.00095241, "params": 6295, "time_iter": 0.04533, "accuracy": 0.52, "precision": 0.52, "recall": 1.0, "f1": 0.68421, "auc": 0.50881}
{"epoch": 15, "time_epoch": 1.72248, "eta": 150.75291, "eta_hours": 0.04188, "loss": 0.6925093, "lr": 0.0009455, "params": 6295, "time_iter": 0.04533, "accuracy": 0.52, "precision": 0.52, "recall": 1.0, "f1": 0.68421, "auc": 0.42032}
{"epoch": 16, "time_epoch": 1.70973, "eta": 148.5435, "eta_hours": 0.04126, "loss": 0.69248661, "lr": 0.00093815, "params": 6295, "time_iter": 0.04499, "accuracy": 0.52, "precision": 0.52, "recall": 1.0, "f1": 0.68421, "auc": 0.43821}
{"epoch": 17, "time_epoch": 1.71511, "eta": 146.41411, "eta_hours": 0.04067, "loss": 0.69267097, "lr": 0.00093037, "params": 6295, "time_iter": 0.04513, "accuracy": 0.52, "precision": 0.52, "recall": 1.0, "f1": 0.68421, "auc": 0.42406}
{"epoch": 18, "time_epoch": 1.71443, "eta": 144.32544, "eta_hours": 0.04009, "loss": 0.69275706, "lr": 0.00092216, "params": 6295, "time_iter": 0.04512, "accuracy": 0.52, "precision": 0.52, "recall": 1.0, "f1": 0.68421, "auc": 0.41355}
{"epoch": 19, "time_epoch": 1.72341, "eta": 142.31011, "eta_hours": 0.03953, "loss": 0.69246807, "lr": 0.00091354, "params": 6295, "time_iter": 0.04535, "accuracy": 0.52, "precision": 0.52, "recall": 1.0, "f1": 0.68421, "auc": 0.43358}
{"epoch": 20, "time_epoch": 1.71861, "eta": 140.30451, "eta_hours": 0.03897, "loss": 0.69261351, "lr": 0.00090451, "params": 6295, "time_iter": 0.04523, "accuracy": 0.52, "precision": 0.52, "recall": 1.0, "f1": 0.68421, "auc": 0.42201}
{"epoch": 21, "time_epoch": 1.71638, "eta": 138.31712, "eta_hours": 0.03842, "loss": 0.6927237, "lr": 0.00089508, "params": 6295, "time_iter": 0.04517, "accuracy": 0.52, "precision": 0.52, "recall": 1.0, "f1": 0.68421, "auc": 0.42388}
{"epoch": 22, "time_epoch": 1.71738, "eta": 136.35664, "eta_hours": 0.03788, "loss": 0.69256791, "lr": 0.00088526, "params": 6295, "time_iter": 0.04519, "accuracy": 0.52, "precision": 0.52, "recall": 1.0, "f1": 0.68421, "auc": 0.36993}
{"epoch": 23, "time_epoch": 1.70909, "eta": 134.39014, "eta_hours": 0.03733, "loss": 0.69254013, "lr": 0.00087506, "params": 6295, "time_iter": 0.04498, "accuracy": 0.52, "precision": 0.52, "recall": 1.0, "f1": 0.68421, "auc": 0.40278}
{"epoch": 24, "time_epoch": 1.70784, "eta": 132.44048, "eta_hours": 0.03679, "loss": 0.69282816, "lr": 0.00086448, "params": 6295, "time_iter": 0.04494, "accuracy": 0.52, "precision": 0.52, "recall": 1.0, "f1": 0.68421, "auc": 0.40981}
{"epoch": 25, "time_epoch": 1.70995, "eta": 130.51546, "eta_hours": 0.03625, "loss": 0.69311729, "lr": 0.00085355, "params": 6295, "time_iter": 0.045, "accuracy": 0.52, "precision": 0.52, "recall": 1.0, "f1": 0.68421, "auc": 0.39886}
{"epoch": 26, "time_epoch": 1.70317, "eta": 128.58803, "eta_hours": 0.03572, "loss": 0.69325709, "lr": 0.00084227, "params": 6295, "time_iter": 0.04482, "accuracy": 0.52, "precision": 0.52, "recall": 1.0, "f1": 0.68421, "auc": 0.39263}
{"epoch": 27, "time_epoch": 1.70484, "eta": 126.68089, "eta_hours": 0.03519, "loss": 0.69254116, "lr": 0.00083066, "params": 6295, "time_iter": 0.04486, "accuracy": 0.52, "precision": 0.52, "recall": 1.0, "f1": 0.68421, "auc": 0.39005}
{"epoch": 28, "time_epoch": 1.71846, "eta": 124.82105, "eta_hours": 0.03467, "loss": 0.69275308, "lr": 0.00081871, "params": 6295, "time_iter": 0.04522, "accuracy": 0.52, "precision": 0.52, "recall": 1.0, "f1": 0.68421, "auc": 0.41052}
{"epoch": 29, "time_epoch": 1.70009, "eta": 122.9278, "eta_hours": 0.03415, "loss": 0.69294384, "lr": 0.00080645, "params": 6295, "time_iter": 0.04474, "accuracy": 0.52, "precision": 0.52, "recall": 1.0, "f1": 0.68421, "auc": 0.3774}
{"epoch": 30, "time_epoch": 1.7084, "eta": 121.06548, "eta_hours": 0.03363, "loss": 0.69252791, "lr": 0.00079389, "params": 6295, "time_iter": 0.04496, "accuracy": 0.52, "precision": 0.52, "recall": 1.0, "f1": 0.68421, "auc": 0.41311}
{"epoch": 31, "time_epoch": 1.70932, "eta": 119.21476, "eta_hours": 0.03312, "loss": 0.69275724, "lr": 0.00078104, "params": 6295, "time_iter": 0.04498, "accuracy": 0.52, "precision": 0.52, "recall": 1.0, "f1": 0.68421, "auc": 0.39886}
{"epoch": 32, "time_epoch": 1.70901, "eta": 117.37197, "eta_hours": 0.0326, "loss": 0.69252852, "lr": 0.00076791, "params": 6295, "time_iter": 0.04497, "accuracy": 0.52, "precision": 0.52, "recall": 1.0, "f1": 0.68421, "auc": 0.43501}
{"epoch": 33, "time_epoch": 1.70349, "eta": 115.52632, "eta_hours": 0.03209, "loss": 0.69297574, "lr": 0.00075452, "params": 6295, "time_iter": 0.04483, "accuracy": 0.52, "precision": 0.52, "recall": 1.0, "f1": 0.68421, "auc": 0.40652}
{"epoch": 34, "time_epoch": 1.7118, "eta": 113.70424, "eta_hours": 0.03158, "loss": 0.69263051, "lr": 0.00074088, "params": 6295, "time_iter": 0.04505, "accuracy": 0.52, "precision": 0.52, "recall": 1.0, "f1": 0.68421, "auc": 0.39663}
{"epoch": 35, "time_epoch": 1.71903, "eta": 111.90114, "eta_hours": 0.03108, "loss": 0.69272622, "lr": 0.000727, "params": 6295, "time_iter": 0.04524, "accuracy": 0.52, "precision": 0.52, "recall": 1.0, "f1": 0.68421, "auc": 0.41827}
{"epoch": 36, "time_epoch": 1.70192, "eta": 110.07345, "eta_hours": 0.03058, "loss": 0.69234452, "lr": 0.00071289, "params": 6295, "time_iter": 0.04479, "accuracy": 0.52, "precision": 0.52, "recall": 1.0, "f1": 0.68421, "auc": 0.49243}
{"epoch": 37, "time_epoch": 1.70914, "eta": 108.26415, "eta_hours": 0.03007, "loss": 0.69301022, "lr": 0.00069857, "params": 6295, "time_iter": 0.04498, "accuracy": 0.52, "precision": 0.52, "recall": 1.0, "f1": 0.68421, "auc": 0.35239}
{"epoch": 38, "time_epoch": 1.71047, "eta": 106.46207, "eta_hours": 0.02957, "loss": 0.69256666, "lr": 0.00068406, "params": 6295, "time_iter": 0.04501, "accuracy": 0.52, "precision": 0.52, "recall": 1.0, "f1": 0.68421, "auc": 0.42103}
{"epoch": 39, "time_epoch": 1.71034, "eta": 104.66438, "eta_hours": 0.02907, "loss": 0.69249304, "lr": 0.00066937, "params": 6295, "time_iter": 0.04501, "accuracy": 0.52, "precision": 0.52, "recall": 1.0, "f1": 0.68421, "auc": 0.4334}
{"epoch": 40, "time_epoch": 1.70836, "eta": 102.8681, "eta_hours": 0.02857, "loss": 0.6925652, "lr": 0.00065451, "params": 6295, "time_iter": 0.04496, "accuracy": 0.52, "precision": 0.52, "recall": 1.0, "f1": 0.68421, "auc": 0.40714}
{"epoch": 41, "time_epoch": 1.71759, "eta": 101.08875, "eta_hours": 0.02808, "loss": 0.69248413, "lr": 0.0006395, "params": 6295, "time_iter": 0.0452, "accuracy": 0.52, "precision": 0.52, "recall": 1.0, "f1": 0.68421, "auc": 0.4253}
{"epoch": 42, "time_epoch": 1.71906, "eta": 99.31422, "eta_hours": 0.02759, "loss": 0.69252951, "lr": 0.00062434, "params": 6295, "time_iter": 0.04524, "accuracy": 0.52, "precision": 0.52, "recall": 1.0, "f1": 0.68421, "auc": 0.39307}
{"epoch": 43, "time_epoch": 1.72029, "eta": 97.54378, "eta_hours": 0.0271, "loss": 0.69245399, "lr": 0.00060907, "params": 6295, "time_iter": 0.04527, "accuracy": 0.52, "precision": 0.52, "recall": 1.0, "f1": 0.68421, "auc": 0.40981}
{"epoch": 44, "time_epoch": 1.71239, "eta": 95.76591, "eta_hours": 0.0266, "loss": 0.69250817, "lr": 0.00059369, "params": 6295, "time_iter": 0.04506, "accuracy": 0.52, "precision": 0.52, "recall": 1.0, "f1": 0.68421, "auc": 0.43465}
{"epoch": 45, "time_epoch": 1.71054, "eta": 93.98873, "eta_hours": 0.02611, "loss": 0.69273236, "lr": 0.00057822, "params": 6295, "time_iter": 0.04501, "accuracy": 0.52, "precision": 0.52, "recall": 1.0, "f1": 0.68421, "auc": 0.40652}
{"epoch": 46, "time_epoch": 1.71939, "eta": 92.22435, "eta_hours": 0.02562, "loss": 0.69243755, "lr": 0.00056267, "params": 6295, "time_iter": 0.04525, "accuracy": 0.52, "precision": 0.52, "recall": 1.0, "f1": 0.68421, "auc": 0.45299}
{"epoch": 47, "time_epoch": 1.71515, "eta": 90.45727, "eta_hours": 0.02513, "loss": 0.69311218, "lr": 0.00054705, "params": 6295, "time_iter": 0.04514, "accuracy": 0.52, "precision": 0.52, "recall": 1.0, "f1": 0.68421, "auc": 0.3466}
{"epoch": 48, "time_epoch": 1.70946, "eta": 88.68637, "eta_hours": 0.02464, "loss": 0.69240479, "lr": 0.0005314, "params": 6295, "time_iter": 0.04499, "accuracy": 0.52, "precision": 0.52, "recall": 1.0, "f1": 0.68421, "auc": 0.43821}
{"epoch": 49, "time_epoch": 1.72492, "eta": 86.93339, "eta_hours": 0.02415, "loss": 0.69259061, "lr": 0.00051571, "params": 6295, "time_iter": 0.04539, "accuracy": 0.52, "precision": 0.52, "recall": 1.0, "f1": 0.68421, "auc": 0.34749}
{"epoch": 50, "time_epoch": 1.71286, "eta": 85.16993, "eta_hours": 0.02366, "loss": 0.69253738, "lr": 0.0005, "params": 6295, "time_iter": 0.04508, "accuracy": 0.52, "precision": 0.52, "recall": 1.0, "f1": 0.68421, "auc": 0.41453}
{"epoch": 51, "time_epoch": 1.70354, "eta": 83.39981, "eta_hours": 0.02317, "loss": 0.69251277, "lr": 0.00048429, "params": 6295, "time_iter": 0.04483, "accuracy": 0.52, "precision": 0.52, "recall": 1.0, "f1": 0.68421, "auc": 0.41471}
{"epoch": 52, "time_epoch": 1.72305, "eta": 81.6495, "eta_hours": 0.02268, "loss": 0.69243926, "lr": 0.0004686, "params": 6295, "time_iter": 0.04534, "accuracy": 0.52, "precision": 0.52, "recall": 1.0, "f1": 0.68421, "auc": 0.40803}
{"epoch": 53, "time_epoch": 1.71793, "eta": 79.89584, "eta_hours": 0.02219, "loss": 0.69253251, "lr": 0.00045295, "params": 6295, "time_iter": 0.04521, "accuracy": 0.52, "precision": 0.52, "recall": 1.0, "f1": 0.68421, "auc": 0.43501}
{"epoch": 54, "time_epoch": 1.70825, "eta": 78.13555, "eta_hours": 0.0217, "loss": 0.69246398, "lr": 0.00043733, "params": 6295, "time_iter": 0.04495, "accuracy": 0.52, "precision": 0.52, "recall": 1.0, "f1": 0.68421, "auc": 0.39218}
{"epoch": 55, "time_epoch": 1.71451, "eta": 76.38205, "eta_hours": 0.02122, "loss": 0.6926473, "lr": 0.00042178, "params": 6295, "time_iter": 0.04512, "accuracy": 0.52, "precision": 0.52, "recall": 1.0, "f1": 0.68421, "auc": 0.40785}
{"epoch": 56, "time_epoch": 1.71151, "eta": 74.62765, "eta_hours": 0.02073, "loss": 0.69245421, "lr": 0.00040631, "params": 6295, "time_iter": 0.04504, "accuracy": 0.52, "precision": 0.52, "recall": 1.0, "f1": 0.68421, "auc": 0.43901}
{"epoch": 57, "time_epoch": 1.71659, "eta": 72.87841, "eta_hours": 0.02024, "loss": 0.69263479, "lr": 0.00039093, "params": 6295, "time_iter": 0.04517, "accuracy": 0.52, "precision": 0.52, "recall": 1.0, "f1": 0.68421, "auc": 0.38622}
{"epoch": 58, "time_epoch": 1.70591, "eta": 71.12286, "eta_hours": 0.01976, "loss": 0.69245684, "lr": 0.00037566, "params": 6295, "time_iter": 0.04489, "accuracy": 0.52, "precision": 0.52, "recall": 1.0, "f1": 0.68421, "auc": 0.41756}
{"epoch": 59, "time_epoch": 1.71166, "eta": 69.37279, "eta_hours": 0.01927, "loss": 0.69243153, "lr": 0.0003605, "params": 6295, "time_iter": 0.04504, "accuracy": 0.52, "precision": 0.52, "recall": 1.0, "f1": 0.68421, "auc": 0.46715}
{"epoch": 60, "time_epoch": 1.70714, "eta": 67.62109, "eta_hours": 0.01878, "loss": 0.69275167, "lr": 0.00034549, "params": 6295, "time_iter": 0.04492, "accuracy": 0.52, "precision": 0.52, "recall": 1.0, "f1": 0.68421, "auc": 0.38025}
{"epoch": 61, "time_epoch": 1.70737, "eta": 65.87098, "eta_hours": 0.0183, "loss": 0.69250352, "lr": 0.00033063, "params": 6295, "time_iter": 0.04493, "accuracy": 0.52, "precision": 0.52, "recall": 1.0, "f1": 0.68421, "auc": 0.41088}
{"epoch": 62, "time_epoch": 1.70683, "eta": 64.1219, "eta_hours": 0.01781, "loss": 0.69248546, "lr": 0.00031594, "params": 6295, "time_iter": 0.04492, "accuracy": 0.52, "precision": 0.52, "recall": 1.0, "f1": 0.68421, "auc": 0.41622}
{"epoch": 63, "time_epoch": 1.71152, "eta": 62.37678, "eta_hours": 0.01733, "loss": 0.69247297, "lr": 0.00030143, "params": 6295, "time_iter": 0.04504, "accuracy": 0.52, "precision": 0.52, "recall": 1.0, "f1": 0.68421, "auc": 0.37171}
{"epoch": 64, "time_epoch": 1.70663, "eta": 60.63006, "eta_hours": 0.01684, "loss": 0.69272323, "lr": 0.00028711, "params": 6295, "time_iter": 0.04491, "accuracy": 0.52, "precision": 0.52, "recall": 1.0, "f1": 0.68421, "auc": 0.33912}
{"epoch": 65, "time_epoch": 1.70544, "eta": 58.88394, "eta_hours": 0.01636, "loss": 0.69244958, "lr": 0.000273, "params": 6295, "time_iter": 0.04488, "accuracy": 0.52, "precision": 0.52, "recall": 1.0, "f1": 0.68421, "auc": 0.36975}
{"epoch": 66, "time_epoch": 1.70728, "eta": 57.13994, "eta_hours": 0.01587, "loss": 0.6924327, "lr": 0.00025912, "params": 6295, "time_iter": 0.04493, "accuracy": 0.52, "precision": 0.52, "recall": 1.0, "f1": 0.68421, "auc": 0.34669}
{"epoch": 67, "time_epoch": 1.71007, "eta": 55.39834, "eta_hours": 0.01539, "loss": 0.69242017, "lr": 0.00024548, "params": 6295, "time_iter": 0.045, "accuracy": 0.52, "precision": 0.52, "recall": 1.0, "f1": 0.68421, "auc": 0.44266}
{"epoch": 68, "time_epoch": 1.70165, "eta": 53.65387, "eta_hours": 0.0149, "loss": 0.6924181, "lr": 0.00023209, "params": 6295, "time_iter": 0.04478, "accuracy": 0.52, "precision": 0.52, "recall": 1.0, "f1": 0.68421, "auc": 0.42147}
{"epoch": 69, "time_epoch": 1.70574, "eta": 51.91237, "eta_hours": 0.01442, "loss": 0.6926473, "lr": 0.00021896, "params": 6295, "time_iter": 0.04489, "accuracy": 0.52, "precision": 0.52, "recall": 1.0, "f1": 0.68421, "auc": 0.39752}
{"epoch": 70, "time_epoch": 1.71549, "eta": 50.17586, "eta_hours": 0.01394, "loss": 0.69242447, "lr": 0.00020611, "params": 6295, "time_iter": 0.04514, "accuracy": 0.52, "precision": 0.52, "recall": 1.0, "f1": 0.68421, "auc": 0.42895}
{"epoch": 71, "time_epoch": 1.70929, "eta": 48.43753, "eta_hours": 0.01345, "loss": 0.69244168, "lr": 0.00019355, "params": 6295, "time_iter": 0.04498, "accuracy": 0.52, "precision": 0.52, "recall": 1.0, "f1": 0.68421, "auc": 0.43349}
{"epoch": 72, "time_epoch": 1.70009, "eta": 46.69658, "eta_hours": 0.01297, "loss": 0.6924147, "lr": 0.00018129, "params": 6295, "time_iter": 0.04474, "accuracy": 0.52, "precision": 0.52, "recall": 1.0, "f1": 0.68421, "auc": 0.39788}
{"epoch": 73, "time_epoch": 1.70663, "eta": 44.95904, "eta_hours": 0.01249, "loss": 0.69248572, "lr": 0.00016934, "params": 6295, "time_iter": 0.04491, "accuracy": 0.52, "precision": 0.52, "recall": 1.0, "f1": 0.68421, "auc": 0.40242}
{"epoch": 74, "time_epoch": 1.71341, "eta": 43.22459, "eta_hours": 0.01201, "loss": 0.69237966, "lr": 0.00015773, "params": 6295, "time_iter": 0.04509, "accuracy": 0.52, "precision": 0.52, "recall": 1.0, "f1": 0.68421, "auc": 0.43812}
{"epoch": 75, "time_epoch": 1.70392, "eta": 41.48769, "eta_hours": 0.01152, "loss": 0.69239593, "lr": 0.00014645, "params": 6295, "time_iter": 0.04484, "accuracy": 0.52, "precision": 0.52, "recall": 1.0, "f1": 0.68421, "auc": 0.39681}
{"epoch": 76, "time_epoch": 1.70336, "eta": 39.75148, "eta_hours": 0.01104, "loss": 0.69241057, "lr": 0.00013552, "params": 6295, "time_iter": 0.04483, "accuracy": 0.52, "precision": 0.52, "recall": 1.0, "f1": 0.68421, "auc": 0.42023}
{"epoch": 77, "time_epoch": 1.71332, "eta": 38.01892, "eta_hours": 0.01056, "loss": 0.69257251, "lr": 0.00012494, "params": 6295, "time_iter": 0.04509, "accuracy": 0.52, "precision": 0.52, "recall": 1.0, "f1": 0.68421, "auc": 0.35675}
{"epoch": 78, "time_epoch": 1.7169, "eta": 36.2878, "eta_hours": 0.01008, "loss": 0.69239148, "lr": 0.00011474, "params": 6295, "time_iter": 0.04518, "accuracy": 0.52, "precision": 0.52, "recall": 1.0, "f1": 0.68421, "auc": 0.41943}
{"epoch": 79, "time_epoch": 1.71256, "eta": 34.55595, "eta_hours": 0.0096, "loss": 0.69236971, "lr": 0.00010492, "params": 6295, "time_iter": 0.04507, "accuracy": 0.52, "precision": 0.52, "recall": 1.0, "f1": 0.68421, "auc": 0.4099}
{"epoch": 80, "time_epoch": 1.71596, "eta": 32.82538, "eta_hours": 0.00912, "loss": 0.69240469, "lr": 9.549e-05, "params": 6295, "time_iter": 0.04516, "accuracy": 0.52, "precision": 0.52, "recall": 1.0, "f1": 0.68421, "auc": 0.41008}
{"epoch": 81, "time_epoch": 1.70729, "eta": 31.09326, "eta_hours": 0.00864, "loss": 0.69237042, "lr": 8.646e-05, "params": 6295, "time_iter": 0.04493, "accuracy": 0.52, "precision": 0.52, "recall": 1.0, "f1": 0.68421, "auc": 0.39539}
{"epoch": 82, "time_epoch": 1.71315, "eta": 29.36294, "eta_hours": 0.00816, "loss": 0.69236852, "lr": 7.784e-05, "params": 6295, "time_iter": 0.04508, "accuracy": 0.52, "precision": 0.52, "recall": 1.0, "f1": 0.68421, "auc": 0.41141}
{"epoch": 83, "time_epoch": 1.71466, "eta": 27.63331, "eta_hours": 0.00768, "loss": 0.69235549, "lr": 6.963e-05, "params": 6295, "time_iter": 0.04512, "accuracy": 0.52, "precision": 0.52, "recall": 1.0, "f1": 0.68421, "auc": 0.4416}
{"epoch": 84, "time_epoch": 1.7075, "eta": 25.90277, "eta_hours": 0.0072, "loss": 0.69236372, "lr": 6.185e-05, "params": 6295, "time_iter": 0.04493, "accuracy": 0.52, "precision": 0.52, "recall": 1.0, "f1": 0.68421, "auc": 0.40937}
{"epoch": 85, "time_epoch": 1.70919, "eta": 24.17304, "eta_hours": 0.00671, "loss": 0.69236909, "lr": 5.45e-05, "params": 6295, "time_iter": 0.04498, "accuracy": 0.52, "precision": 0.52, "recall": 1.0, "f1": 0.68421, "auc": 0.40073}
{"epoch": 86, "time_epoch": 1.71038, "eta": 22.44397, "eta_hours": 0.00623, "loss": 0.6923616, "lr": 4.759e-05, "params": 6295, "time_iter": 0.04501, "accuracy": 0.52, "precision": 0.52, "recall": 1.0, "f1": 0.68421, "auc": 0.32888}
{"epoch": 87, "time_epoch": 1.7134, "eta": 20.71573, "eta_hours": 0.00575, "loss": 0.69237771, "lr": 4.112e-05, "params": 6295, "time_iter": 0.04509, "accuracy": 0.52, "precision": 0.52, "recall": 1.0, "f1": 0.68421, "auc": 0.39824}
{"epoch": 88, "time_epoch": 1.70921, "eta": 18.9873, "eta_hours": 0.00527, "loss": 0.69235505, "lr": 3.511e-05, "params": 6295, "time_iter": 0.04498, "accuracy": 0.52, "precision": 0.52, "recall": 1.0, "f1": 0.68421, "auc": 0.40741}
{"epoch": 89, "time_epoch": 1.71598, "eta": 17.26006, "eta_hours": 0.00479, "loss": 0.69236021, "lr": 2.956e-05, "params": 6295, "time_iter": 0.04516, "accuracy": 0.52, "precision": 0.52, "recall": 1.0, "f1": 0.68421, "auc": 0.41239}
{"epoch": 90, "time_epoch": 1.71528, "eta": 15.53299, "eta_hours": 0.00431, "loss": 0.69236105, "lr": 2.447e-05, "params": 6295, "time_iter": 0.04514, "accuracy": 0.52, "precision": 0.52, "recall": 1.0, "f1": 0.68421, "auc": 0.32817}
{"epoch": 91, "time_epoch": 1.71085, "eta": 13.8058, "eta_hours": 0.00383, "loss": 0.69236096, "lr": 1.985e-05, "params": 6295, "time_iter": 0.04502, "accuracy": 0.52, "precision": 0.52, "recall": 1.0, "f1": 0.68421, "auc": 0.38649}
{"epoch": 92, "time_epoch": 1.71094, "eta": 12.07896, "eta_hours": 0.00336, "loss": 0.69237613, "lr": 1.571e-05, "params": 6295, "time_iter": 0.04502, "accuracy": 0.52, "precision": 0.52, "recall": 1.0, "f1": 0.68421, "auc": 0.3685}
{"epoch": 93, "time_epoch": 1.71608, "eta": 10.35279, "eta_hours": 0.00288, "loss": 0.69235276, "lr": 1.204e-05, "params": 6295, "time_iter": 0.04516, "accuracy": 0.52, "precision": 0.52, "recall": 1.0, "f1": 0.68421, "auc": 0.46661}
{"epoch": 94, "time_epoch": 1.71301, "eta": 8.62667, "eta_hours": 0.0024, "loss": 0.6923582, "lr": 8.86e-06, "params": 6295, "time_iter": 0.04508, "accuracy": 0.52, "precision": 0.52, "recall": 1.0, "f1": 0.68421, "auc": 0.41524}
{"epoch": 95, "time_epoch": 1.70925, "eta": 6.90066, "eta_hours": 0.00192, "loss": 0.69236007, "lr": 6.16e-06, "params": 6295, "time_iter": 0.04498, "accuracy": 0.52, "precision": 0.52, "recall": 1.0, "f1": 0.68421, "auc": 0.37527}
{"epoch": 96, "time_epoch": 1.71503, "eta": 5.17518, "eta_hours": 0.00144, "loss": 0.69234866, "lr": 3.94e-06, "params": 6295, "time_iter": 0.04513, "accuracy": 0.52, "precision": 0.52, "recall": 1.0, "f1": 0.68421, "auc": 0.45709}
{"epoch": 97, "time_epoch": 1.70486, "eta": 3.44971, "eta_hours": 0.00096, "loss": 0.69234876, "lr": 2.22e-06, "params": 6295, "time_iter": 0.04486, "accuracy": 0.52, "precision": 0.52, "recall": 1.0, "f1": 0.68421, "auc": 0.42477}
{"epoch": 98, "time_epoch": 1.71276, "eta": 1.72473, "eta_hours": 0.00048, "loss": 0.69234844, "lr": 9.9e-07, "params": 6295, "time_iter": 0.04507, "accuracy": 0.52, "precision": 0.52, "recall": 1.0, "f1": 0.68421, "auc": 0.4196}
{"epoch": 99, "time_epoch": 1.71212, "eta": 0.0, "eta_hours": 0.0, "loss": 0.69234814, "lr": 2.5e-07, "params": 6295, "time_iter": 0.04506, "accuracy": 0.52, "precision": 0.52, "recall": 1.0, "f1": 0.68421, "auc": 0.38773}
