{"epoch": 0, "time_epoch": 1.06732, "eta": 105.66488, "eta_hours": 0.02935, "loss": 0.69297071, "lr": 0.001, "params": 8313, "time_iter": 0.35577, "accuracy": 0.52381, "precision": 0.0, "recall": 0.0, "f1": 0.0, "auc": 0.41136}
{"epoch": 1, "time_epoch": 2.15922, "eta": 158.10043, "eta_hours": 0.04392, "loss": 0.69271919, "lr": 0.00099975, "params": 8313, "time_iter": 0.71974, "accuracy": 0.52381, "precision": 0.0, "recall": 0.0, "f1": 0.0, "auc": 0.5}
{"epoch": 2, "time_epoch": 2.116, "eta": 172.74217, "eta_hours": 0.04798, "loss": 0.69271714, "lr": 0.00099901, "params": 8313, "time_iter": 0.70533, "accuracy": 0.52381, "precision": 0.0, "recall": 0.0, "f1": 0.0, "auc": 0.42045}
{"epoch": 3, "time_epoch": 2.0897, "eta": 178.37391, "eta_hours": 0.04955, "loss": 0.69237496, "lr": 0.00099778, "params": 8313, "time_iter": 0.69657, "accuracy": 0.52381, "precision": 0.0, "recall": 0.0, "f1": 0.0, "auc": 0.67955}
{"epoch": 4, "time_epoch": 2.08768, "eta": 180.87864, "eta_hours": 0.05024, "loss": 0.69212785, "lr": 0.00099606, "params": 8313, "time_iter": 0.69589, "accuracy": 0.52381, "precision": 0.0, "recall": 0.0, "f1": 0.0, "auc": 0.71136}
{"epoch": 5, "time_epoch": 2.09154, "eta": 181.91297, "eta_hours": 0.05053, "loss": 0.69203803, "lr": 0.00099384, "params": 8313, "time_iter": 0.69718, "accuracy": 0.52381, "precision": 0.0, "recall": 0.0, "f1": 0.0, "auc": 0.66136}
{"epoch": 6, "time_epoch": 2.08489, "eta": 181.96593, "eta_hours": 0.05055, "loss": 0.69126042, "lr": 0.00099114, "params": 8313, "time_iter": 0.69496, "accuracy": 0.52381, "precision": 0.0, "recall": 0.0, "f1": 0.0, "auc": 0.79545}
{"epoch": 7, "time_epoch": 0.82428, "eta": 166.98742, "eta_hours": 0.04639, "loss": 0.69076798, "lr": 0.00098796, "params": 8313, "time_iter": 0.27476, "accuracy": 0.52381, "precision": 0.0, "recall": 0.0, "f1": 0.0, "auc": 0.83182}
{"epoch": 8, "time_epoch": 0.16239, "eta": 148.46175, "eta_hours": 0.04124, "loss": 0.69007948, "lr": 0.00098429, "params": 8313, "time_iter": 0.05413, "accuracy": 0.52381, "precision": 0.0, "recall": 0.0, "f1": 0.0, "auc": 0.82273}
{"epoch": 9, "time_epoch": 0.1691, "eta": 133.66917, "eta_hours": 0.03713, "loss": 0.68864446, "lr": 0.00098015, "params": 8313, "time_iter": 0.05637, "accuracy": 0.52381, "precision": 0.0, "recall": 0.0, "f1": 0.0, "auc": 0.86136}
{"epoch": 10, "time_epoch": 0.16314, "eta": 121.48722, "eta_hours": 0.03375, "loss": 0.6881811, "lr": 0.00097553, "params": 8313, "time_iter": 0.05438, "accuracy": 0.52381, "precision": 0.0, "recall": 0.0, "f1": 0.0, "auc": 0.84318}
{"epoch": 11, "time_epoch": 0.17135, "eta": 111.36855, "eta_hours": 0.03094, "loss": 0.68707799, "lr": 0.00097044, "params": 8313, "time_iter": 0.05712, "accuracy": 0.54762, "precision": 1.0, "recall": 0.05, "f1": 0.09524, "auc": 0.84318}
{"epoch": 12, "time_epoch": 0.16477, "eta": 102.7362, "eta_hours": 0.02854, "loss": 0.684773, "lr": 0.00096489, "params": 8313, "time_iter": 0.05492, "accuracy": 0.54762, "precision": 1.0, "recall": 0.05, "f1": 0.09524, "auc": 0.84773}
{"epoch": 13, "time_epoch": 0.18213, "eta": 95.42016, "eta_hours": 0.02651, "loss": 0.68175306, "lr": 0.00095888, "params": 8313, "time_iter": 0.06071, "accuracy": 0.59524, "precision": 1.0, "recall": 0.15, "f1": 0.26087, "auc": 0.88636}
{"epoch": 14, "time_epoch": 0.18322, "eta": 89.06151, "eta_hours": 0.02474, "loss": 0.67869688, "lr": 0.00095241, "params": 8313, "time_iter": 0.06107, "accuracy": 0.64286, "precision": 1.0, "recall": 0.25, "f1": 0.4, "auc": 0.88409}
{"epoch": 15, "time_epoch": 0.18477, "eta": 83.48292, "eta_hours": 0.02319, "loss": 0.67541833, "lr": 0.0009455, "params": 8313, "time_iter": 0.06159, "accuracy": 0.69048, "precision": 1.0, "recall": 0.35, "f1": 0.51852, "auc": 0.87955}
{"epoch": 16, "time_epoch": 0.18156, "eta": 78.52322, "eta_hours": 0.02181, "loss": 0.6703283, "lr": 0.00093815, "params": 8313, "time_iter": 0.06052, "accuracy": 0.69048, "precision": 0.88889, "recall": 0.4, "f1": 0.55172, "auc": 0.89318}
{"epoch": 17, "time_epoch": 0.18127, "eta": 74.09309, "eta_hours": 0.02058, "loss": 0.66868467, "lr": 0.00093037, "params": 8313, "time_iter": 0.06042, "accuracy": 0.69048, "precision": 0.88889, "recall": 0.4, "f1": 0.55172, "auc": 0.84318}
{"epoch": 18, "time_epoch": 0.18191, "eta": 70.11295, "eta_hours": 0.01948, "loss": 0.66116839, "lr": 0.00092216, "params": 8313, "time_iter": 0.06064, "accuracy": 0.7381, "precision": 0.90909, "recall": 0.5, "f1": 0.64516, "auc": 0.89545}
{"epoch": 19, "time_epoch": 0.18345, "eta": 66.51877, "eta_hours": 0.01848, "loss": 0.6541334, "lr": 0.00091354, "params": 8313, "time_iter": 0.06115, "accuracy": 0.78571, "precision": 0.92308, "recall": 0.6, "f1": 0.72727, "auc": 0.90455}
{"epoch": 20, "time_epoch": 0.18356, "eta": 63.24986, "eta_hours": 0.01757, "loss": 0.65538102, "lr": 0.00090451, "params": 8313, "time_iter": 0.06119, "accuracy": 0.71429, "precision": 0.83333, "recall": 0.5, "f1": 0.625, "auc": 0.81136}
{"epoch": 21, "time_epoch": 0.184, "eta": 60.26301, "eta_hours": 0.01674, "loss": 0.64151496, "lr": 0.00089508, "params": 8313, "time_iter": 0.06133, "accuracy": 0.69048, "precision": 0.76923, "recall": 0.5, "f1": 0.60606, "auc": 0.88409}
{"epoch": 22, "time_epoch": 0.19338, "eta": 57.55128, "eta_hours": 0.01599, "loss": 0.63036293, "lr": 0.00088526, "params": 8313, "time_iter": 0.06446, "accuracy": 0.80952, "precision": 0.875, "recall": 0.7, "f1": 0.77778, "auc": 0.87727}
{"epoch": 23, "time_epoch": 0.18294, "eta": 55.01633, "eta_hours": 0.01528, "loss": 0.61951935, "lr": 0.00087506, "params": 8313, "time_iter": 0.06098, "accuracy": 0.80952, "precision": 0.875, "recall": 0.7, "f1": 0.77778, "auc": 0.9}
{"epoch": 24, "time_epoch": 0.18387, "eta": 52.67235, "eta_hours": 0.01463, "loss": 0.61867068, "lr": 0.00086448, "params": 8313, "time_iter": 0.06129, "accuracy": 0.80952, "precision": 0.875, "recall": 0.7, "f1": 0.77778, "auc": 0.89545}
{"epoch": 25, "time_epoch": 0.18188, "eta": 50.48886, "eta_hours": 0.01402, "loss": 0.60371372, "lr": 0.00085355, "params": 8313, "time_iter": 0.06063, "accuracy": 0.88095, "precision": 0.89474, "recall": 0.85, "f1": 0.87179, "auc": 0.90227}
{"epoch": 26, "time_epoch": 0.18528, "eta": 48.46283, "eta_hours": 0.01346, "loss": 0.59205922, "lr": 0.00084227, "params": 8313, "time_iter": 0.06176, "accuracy": 0.90476, "precision": 0.94444, "recall": 0.85, "f1": 0.89474, "auc": 0.90909}
{"epoch": 27, "time_epoch": 0.18869, "eta": 46.57706, "eta_hours": 0.01294, "loss": 0.5868674, "lr": 0.00083066, "params": 8313, "time_iter": 0.0629, "accuracy": 0.80952, "precision": 0.83333, "recall": 0.75, "f1": 0.78947, "auc": 0.88636}
{"epoch": 28, "time_epoch": 0.1851, "eta": 44.79954, "eta_hours": 0.01244, "loss": 0.55507418, "lr": 0.00081871, "params": 8313, "time_iter": 0.0617, "accuracy": 0.83333, "precision": 0.84211, "recall": 0.8, "f1": 0.82051, "auc": 0.94091}
{"epoch": 29, "time_epoch": 0.18383, "eta": 43.12522, "eta_hours": 0.01198, "loss": 0.54583211, "lr": 0.00080645, "params": 8313, "time_iter": 0.06128, "accuracy": 0.80952, "precision": 0.83333, "recall": 0.75, "f1": 0.78947, "auc": 0.93636}
{"epoch": 30, "time_epoch": 0.18226, "eta": 41.54356, "eta_hours": 0.01154, "loss": 0.53075603, "lr": 0.00079389, "params": 8313, "time_iter": 0.06075, "accuracy": 0.85714, "precision": 0.88889, "recall": 0.8, "f1": 0.84211, "auc": 0.93409}
{"epoch": 31, "time_epoch": 0.19584, "eta": 40.07823, "eta_hours": 0.01113, "loss": 0.51732252, "lr": 0.00078104, "params": 8313, "time_iter": 0.06528, "accuracy": 0.90476, "precision": 0.94444, "recall": 0.85, "f1": 0.89474, "auc": 0.93864}
{"epoch": 32, "time_epoch": 0.19249, "eta": 38.68302, "eta_hours": 0.01075, "loss": 0.50196745, "lr": 0.00076791, "params": 8313, "time_iter": 0.06416, "accuracy": 0.90476, "precision": 0.94444, "recall": 0.85, "f1": 0.89474, "auc": 0.93409}
{"epoch": 33, "time_epoch": 0.18122, "eta": 37.33669, "eta_hours": 0.01037, "loss": 0.48594563, "lr": 0.00075452, "params": 8313, "time_iter": 0.06041, "accuracy": 0.92857, "precision": 1.0, "recall": 0.85, "f1": 0.91892, "auc": 0.95455}
{"epoch": 34, "time_epoch": 0.18142, "eta": 36.05731, "eta_hours": 0.01002, "loss": 0.46755508, "lr": 0.00074088, "params": 8313, "time_iter": 0.06047, "accuracy": 0.90476, "precision": 0.94444, "recall": 0.85, "f1": 0.89474, "auc": 0.95682}
{"epoch": 35, "time_epoch": 0.18253, "eta": 34.84089, "eta_hours": 0.00968, "loss": 0.45106124, "lr": 0.000727, "params": 8313, "time_iter": 0.06084, "accuracy": 0.88095, "precision": 0.94118, "recall": 0.8, "f1": 0.86486, "auc": 0.95227}
{"epoch": 36, "time_epoch": 0.18316, "eta": 33.68144, "eta_hours": 0.00936, "loss": 0.46126371, "lr": 0.00071289, "params": 8313, "time_iter": 0.06105, "accuracy": 0.80952, "precision": 0.83333, "recall": 0.75, "f1": 0.78947, "auc": 0.93409}
{"epoch": 37, "time_epoch": 0.18307, "eta": 32.57322, "eta_hours": 0.00905, "loss": 0.43097276, "lr": 0.00069857, "params": 8313, "time_iter": 0.06102, "accuracy": 0.90476, "precision": 1.0, "recall": 0.8, "f1": 0.88889, "auc": 0.97273}
{"epoch": 38, "time_epoch": 0.1852, "eta": 31.51578, "eta_hours": 0.00875, "loss": 0.40334139, "lr": 0.00068406, "params": 8313, "time_iter": 0.06173, "accuracy": 0.92857, "precision": 1.0, "recall": 0.85, "f1": 0.91892, "auc": 0.975}
{"epoch": 39, "time_epoch": 0.18127, "eta": 30.49605, "eta_hours": 0.00847, "loss": 0.38834763, "lr": 0.00066937, "params": 8313, "time_iter": 0.06042, "accuracy": 0.92857, "precision": 1.0, "recall": 0.85, "f1": 0.91892, "auc": 0.97727}
{"epoch": 40, "time_epoch": 0.17777, "eta": 29.51219, "eta_hours": 0.0082, "loss": 0.39043266, "lr": 0.00065451, "params": 8313, "time_iter": 0.05926, "accuracy": 0.92857, "precision": 1.0, "recall": 0.85, "f1": 0.91892, "auc": 0.975}
{"epoch": 41, "time_epoch": 0.18185, "eta": 28.57234, "eta_hours": 0.00794, "loss": 0.38334945, "lr": 0.0006395, "params": 8313, "time_iter": 0.06062, "accuracy": 0.90476, "precision": 1.0, "recall": 0.8, "f1": 0.88889, "auc": 0.98409}
{"epoch": 42, "time_epoch": 0.18314, "eta": 27.66947, "eta_hours": 0.00769, "loss": 0.37034941, "lr": 0.00062434, "params": 8313, "time_iter": 0.06105, "accuracy": 0.92857, "precision": 1.0, "recall": 0.85, "f1": 0.91892, "auc": 0.97955}
{"epoch": 43, "time_epoch": 0.18302, "eta": 26.79916, "eta_hours": 0.00744, "loss": 0.38213237, "lr": 0.00060907, "params": 8313, "time_iter": 0.06101, "accuracy": 0.85714, "precision": 0.9375, "recall": 0.75, "f1": 0.83333, "auc": 0.96591}
{"epoch": 44, "time_epoch": 0.18262, "eta": 25.9589, "eta_hours": 0.00721, "loss": 0.31872272, "lr": 0.00059369, "params": 8313, "time_iter": 0.06087, "accuracy": 0.95238, "precision": 1.0, "recall": 0.9, "f1": 0.94737, "auc": 0.98864}
{"epoch": 45, "time_epoch": 0.1832, "eta": 25.14792, "eta_hours": 0.00699, "loss": 0.34332667, "lr": 0.00057822, "params": 8313, "time_iter": 0.06107, "accuracy": 0.90476, "precision": 0.94444, "recall": 0.85, "f1": 0.89474, "auc": 0.98864}
{"epoch": 46, "time_epoch": 0.18341, "eta": 24.36389, "eta_hours": 0.00677, "loss": 0.28430035, "lr": 0.00056267, "params": 8313, "time_iter": 0.06114, "accuracy": 0.95238, "precision": 1.0, "recall": 0.9, "f1": 0.94737, "auc": 0.99773}
{"epoch": 47, "time_epoch": 0.18183, "eta": 23.60317, "eta_hours": 0.00656, "loss": 0.32020586, "lr": 0.00054705, "params": 8313, "time_iter": 0.06061, "accuracy": 0.95238, "precision": 1.0, "recall": 0.9, "f1": 0.94737, "auc": 0.98864}
{"epoch": 48, "time_epoch": 0.18149, "eta": 22.86573, "eta_hours": 0.00635, "loss": 0.27026091, "lr": 0.0005314, "params": 8313, "time_iter": 0.0605, "accuracy": 0.95238, "precision": 1.0, "recall": 0.9, "f1": 0.94737, "auc": 0.99545}
{"epoch": 49, "time_epoch": 0.18415, "eta": 22.15318, "eta_hours": 0.00615, "loss": 0.29876694, "lr": 0.00051571, "params": 8313, "time_iter": 0.06138, "accuracy": 0.92857, "precision": 1.0, "recall": 0.85, "f1": 0.91892, "auc": 0.98864}
{"epoch": 50, "time_epoch": 0.18361, "eta": 21.46084, "eta_hours": 0.00596, "loss": 0.25726778, "lr": 0.0005, "params": 8313, "time_iter": 0.0612, "accuracy": 0.97619, "precision": 1.0, "recall": 0.95, "f1": 0.97436, "auc": 0.99545}
{"epoch": 51, "time_epoch": 0.19399, "eta": 20.79765, "eta_hours": 0.00578, "loss": 0.23512572, "lr": 0.00048429, "params": 8313, "time_iter": 0.06466, "accuracy": 0.97619, "precision": 1.0, "recall": 0.95, "f1": 0.97436, "auc": 1.0}
{"epoch": 52, "time_epoch": 0.18098, "eta": 20.14063, "eta_hours": 0.00559, "loss": 0.2384955, "lr": 0.0004686, "params": 8313, "time_iter": 0.06033, "accuracy": 0.95238, "precision": 1.0, "recall": 0.9, "f1": 0.94737, "auc": 0.99091}
{"epoch": 53, "time_epoch": 0.18708, "eta": 19.50643, "eta_hours": 0.00542, "loss": 0.22160765, "lr": 0.00045295, "params": 8313, "time_iter": 0.06236, "accuracy": 0.97619, "precision": 1.0, "recall": 0.95, "f1": 0.97436, "auc": 0.99773}
{"epoch": 54, "time_epoch": 0.17844, "eta": 18.88142, "eta_hours": 0.00524, "loss": 0.22252101, "lr": 0.00043733, "params": 8313, "time_iter": 0.05948, "accuracy": 0.95238, "precision": 1.0, "recall": 0.9, "f1": 0.94737, "auc": 1.0}
{"epoch": 55, "time_epoch": 0.18212, "eta": 18.27525, "eta_hours": 0.00508, "loss": 0.20538945, "lr": 0.00042178, "params": 8313, "time_iter": 0.06071, "accuracy": 0.95238, "precision": 1.0, "recall": 0.9, "f1": 0.94737, "auc": 1.0}
{"epoch": 56, "time_epoch": 0.18232, "eta": 17.68411, "eta_hours": 0.00491, "loss": 0.21903552, "lr": 0.00040631, "params": 8313, "time_iter": 0.06077, "accuracy": 0.97619, "precision": 1.0, "recall": 0.95, "f1": 0.97436, "auc": 0.99545}
{"epoch": 57, "time_epoch": 0.18342, "eta": 17.10786, "eta_hours": 0.00475, "loss": 0.21193204, "lr": 0.00039093, "params": 8313, "time_iter": 0.06114, "accuracy": 0.95238, "precision": 1.0, "recall": 0.9, "f1": 0.94737, "auc": 0.99773}
{"epoch": 58, "time_epoch": 0.18492, "eta": 16.54598, "eta_hours": 0.0046, "loss": 0.18091439, "lr": 0.00037566, "params": 8313, "time_iter": 0.06164, "accuracy": 1.0, "precision": 1.0, "recall": 1.0, "f1": 1.0, "auc": 1.0}
{"epoch": 59, "time_epoch": 0.18192, "eta": 15.99466, "eta_hours": 0.00444, "loss": 0.1889712, "lr": 0.0003605, "params": 8313, "time_iter": 0.06064, "accuracy": 0.97619, "precision": 1.0, "recall": 0.95, "f1": 0.97436, "auc": 1.0}
{"epoch": 60, "time_epoch": 0.18154, "eta": 15.4552, "eta_hours": 0.00429, "loss": 0.15620438, "lr": 0.00034549, "params": 8313, "time_iter": 0.06051, "accuracy": 1.0, "precision": 1.0, "recall": 1.0, "f1": 1.0, "auc": 1.0}
{"epoch": 61, "time_epoch": 0.18248, "eta": 14.92787, "eta_hours": 0.00415, "loss": 0.17370932, "lr": 0.00033063, "params": 8313, "time_iter": 0.06083, "accuracy": 0.97619, "precision": 1.0, "recall": 0.95, "f1": 0.97436, "auc": 1.0}
{"epoch": 62, "time_epoch": 0.18993, "eta": 14.41586, "eta_hours": 0.004, "loss": 0.22642191, "lr": 0.00031594, "params": 8313, "time_iter": 0.06331, "accuracy": 0.97619, "precision": 1.0, "recall": 0.95, "f1": 0.97436, "auc": 0.99318}
{"epoch": 63, "time_epoch": 0.19208, "eta": 13.91513, "eta_hours": 0.00387, "loss": 0.14244345, "lr": 0.00030143, "params": 8313, "time_iter": 0.06403, "accuracy": 1.0, "precision": 1.0, "recall": 1.0, "f1": 1.0, "auc": 1.0}
{"epoch": 64, "time_epoch": 0.1811, "eta": 13.41798, "eta_hours": 0.00373, "loss": 0.14375156, "lr": 0.00028711, "params": 8313, "time_iter": 0.06037, "accuracy": 1.0, "precision": 1.0, "recall": 1.0, "f1": 1.0, "auc": 1.0}
{"epoch": 65, "time_epoch": 0.18143, "eta": 12.93058, "eta_hours": 0.00359, "loss": 0.1455958, "lr": 0.000273, "params": 8313, "time_iter": 0.06048, "accuracy": 1.0, "precision": 1.0, "recall": 1.0, "f1": 1.0, "auc": 1.0}
{"epoch": 66, "time_epoch": 0.18306, "eta": 12.45312, "eta_hours": 0.00346, "loss": 0.17393349, "lr": 0.00025912, "params": 8313, "time_iter": 0.06102, "accuracy": 1.0, "precision": 1.0, "recall": 1.0, "f1": 1.0, "auc": 1.0}
{"epoch": 67, "time_epoch": 0.18478, "eta": 11.98512, "eta_hours": 0.00333, "loss": 0.1465523, "lr": 0.00024548, "params": 8313, "time_iter": 0.06159, "accuracy": 1.0, "precision": 1.0, "recall": 1.0, "f1": 1.0, "auc": 1.0}
{"epoch": 68, "time_epoch": 0.18185, "eta": 11.52401, "eta_hours": 0.0032, "loss": 0.17389266, "lr": 0.00023209, "params": 8313, "time_iter": 0.06062, "accuracy": 0.97619, "precision": 1.0, "recall": 0.95, "f1": 0.97436, "auc": 0.99545}
{"epoch": 69, "time_epoch": 0.18268, "eta": 11.07125, "eta_hours": 0.00308, "loss": 0.12606361, "lr": 0.00021896, "params": 8313, "time_iter": 0.06089, "accuracy": 1.0, "precision": 1.0, "recall": 1.0, "f1": 1.0, "auc": 1.0}
{"epoch": 70, "time_epoch": 0.18303, "eta": 10.62623, "eta_hours": 0.00295, "loss": 0.12355949, "lr": 0.00020611, "params": 8313, "time_iter": 0.06101, "accuracy": 1.0, "precision": 1.0, "recall": 1.0, "f1": 1.0, "auc": 1.0}
{"epoch": 71, "time_epoch": 0.1827, "eta": 10.18836, "eta_hours": 0.00283, "loss": 0.13514323, "lr": 0.00019355, "params": 8313, "time_iter": 0.0609, "accuracy": 1.0, "precision": 1.0, "recall": 1.0, "f1": 1.0, "auc": 1.0}
{"epoch": 72, "time_epoch": 0.18325, "eta": 9.75769, "eta_hours": 0.00271, "loss": 0.14666388, "lr": 0.00018129, "params": 8313, "time_iter": 0.06108, "accuracy": 1.0, "precision": 1.0, "recall": 1.0, "f1": 1.0, "auc": 1.0}
{"epoch": 73, "time_epoch": 0.18374, "eta": 9.33387, "eta_hours": 0.00259, "loss": 0.11092337, "lr": 0.00016934, "params": 8313, "time_iter": 0.06125, "accuracy": 1.0, "precision": 1.0, "recall": 1.0, "f1": 1.0, "auc": 1.0}
{"epoch": 74, "time_epoch": 0.18245, "eta": 8.91603, "eta_hours": 0.00248, "loss": 0.1531303, "lr": 0.00015773, "params": 8313, "time_iter": 0.06082, "accuracy": 0.97619, "precision": 1.0, "recall": 0.95, "f1": 0.97436, "auc": 1.0}
{"epoch": 75, "time_epoch": 0.18104, "eta": 8.50393, "eta_hours": 0.00236, "loss": 0.12600547, "lr": 0.00014645, "params": 8313, "time_iter": 0.06035, "accuracy": 1.0, "precision": 1.0, "recall": 1.0, "f1": 1.0, "auc": 1.0}
{"epoch": 76, "time_epoch": 0.18168, "eta": 8.09803, "eta_hours": 0.00225, "loss": 0.11240351, "lr": 0.00013552, "params": 8313, "time_iter": 0.06056, "accuracy": 1.0, "precision": 1.0, "recall": 1.0, "f1": 1.0, "auc": 1.0}
{"epoch": 77, "time_epoch": 0.18612, "eta": 7.69913, "eta_hours": 0.00214, "loss": 0.1052949, "lr": 0.00012494, "params": 8313, "time_iter": 0.06204, "accuracy": 1.0, "precision": 1.0, "recall": 1.0, "f1": 1.0, "auc": 1.0}
{"epoch": 78, "time_epoch": 0.18327, "eta": 7.30486, "eta_hours": 0.00203, "loss": 0.10012407, "lr": 0.00011474, "params": 8313, "time_iter": 0.06109, "accuracy": 1.0, "precision": 1.0, "recall": 1.0, "f1": 1.0, "auc": 1.0}
{"epoch": 79, "time_epoch": 0.18265, "eta": 6.91571, "eta_hours": 0.00192, "loss": 0.15861886, "lr": 0.00010492, "params": 8313, "time_iter": 0.06088, "accuracy": 0.97619, "precision": 1.0, "recall": 0.95, "f1": 0.97436, "auc": 1.0}
{"epoch": 80, "time_epoch": 0.1831, "eta": 6.53177, "eta_hours": 0.00181, "loss": 0.10305794, "lr": 9.549e-05, "params": 8313, "time_iter": 0.06103, "accuracy": 1.0, "precision": 1.0, "recall": 1.0, "f1": 1.0, "auc": 1.0}
{"epoch": 81, "time_epoch": 0.18281, "eta": 6.15266, "eta_hours": 0.00171, "loss": 0.12003456, "lr": 8.646e-05, "params": 8313, "time_iter": 0.06094, "accuracy": 1.0, "precision": 1.0, "recall": 1.0, "f1": 1.0, "auc": 1.0}
{"epoch": 82, "time_epoch": 0.18365, "eta": 5.77845, "eta_hours": 0.00161, "loss": 0.12720861, "lr": 7.784e-05, "params": 8313, "time_iter": 0.06122, "accuracy": 1.0, "precision": 1.0, "recall": 1.0, "f1": 1.0, "auc": 1.0}
{"epoch": 83, "time_epoch": 0.18387, "eta": 5.40882, "eta_hours": 0.0015, "loss": 0.0938007, "lr": 6.963e-05, "params": 8313, "time_iter": 0.06129, "accuracy": 1.0, "precision": 1.0, "recall": 1.0, "f1": 1.0, "auc": 1.0}
{"epoch": 84, "time_epoch": 0.1826, "eta": 5.04333, "eta_hours": 0.0014, "loss": 0.12446382, "lr": 6.185e-05, "params": 8313, "time_iter": 0.06087, "accuracy": 0.97619, "precision": 1.0, "recall": 0.95, "f1": 0.97436, "auc": 1.0}
{"epoch": 85, "time_epoch": 0.18037, "eta": 4.68174, "eta_hours": 0.0013, "loss": 0.11808686, "lr": 5.45e-05, "params": 8313, "time_iter": 0.06012, "accuracy": 1.0, "precision": 1.0, "recall": 1.0, "f1": 1.0, "auc": 1.0}
{"epoch": 86, "time_epoch": 0.1818, "eta": 4.32453, "eta_hours": 0.0012, "loss": 0.10195361, "lr": 4.759e-05, "params": 8313, "time_iter": 0.0606, "accuracy": 1.0, "precision": 1.0, "recall": 1.0, "f1": 1.0, "auc": 1.0}
{"epoch": 87, "time_epoch": 0.18631, "eta": 3.97191, "eta_hours": 0.0011, "loss": 0.10876427, "lr": 4.112e-05, "params": 8313, "time_iter": 0.0621, "accuracy": 1.0, "precision": 1.0, "recall": 1.0, "f1": 1.0, "auc": 1.0}
{"epoch": 88, "time_epoch": 0.18713, "eta": 3.62314, "eta_hours": 0.00101, "loss": 0.12629275, "lr": 3.511e-05, "params": 8313, "time_iter": 0.06238, "accuracy": 0.97619, "precision": 1.0, "recall": 0.95, "f1": 0.97436, "auc": 1.0}
{"epoch": 89, "time_epoch": 0.17985, "eta": 3.27715, "eta_hours": 0.00091, "loss": 0.16370466, "lr": 2.956e-05, "params": 8313, "time_iter": 0.05995, "accuracy": 0.95238, "precision": 1.0, "recall": 0.9, "f1": 0.94737, "auc": 0.99318}
{"epoch": 90, "time_epoch": 0.18429, "eta": 2.93525, "eta_hours": 0.00082, "loss": 0.09283065, "lr": 2.447e-05, "params": 8313, "time_iter": 0.06143, "accuracy": 1.0, "precision": 1.0, "recall": 1.0, "f1": 1.0, "auc": 1.0}
{"epoch": 91, "time_epoch": 0.17986, "eta": 2.59639, "eta_hours": 0.00072, "loss": 0.09955293, "lr": 1.985e-05, "params": 8313, "time_iter": 0.05995, "accuracy": 1.0, "precision": 1.0, "recall": 1.0, "f1": 1.0, "auc": 1.0}
{"epoch": 92, "time_epoch": 0.18294, "eta": 2.26118, "eta_hours": 0.00063, "loss": 0.13102086, "lr": 1.571e-05, "params": 8313, "time_iter": 0.06098, "accuracy": 0.97619, "precision": 1.0, "recall": 0.95, "f1": 0.97436, "auc": 1.0}
{"epoch": 93, "time_epoch": 0.19157, "eta": 1.92977, "eta_hours": 0.00054, "loss": 0.11260605, "lr": 1.204e-05, "params": 8313, "time_iter": 0.06386, "accuracy": 1.0, "precision": 1.0, "recall": 1.0, "f1": 1.0, "auc": 1.0}
{"epoch": 94, "time_epoch": 0.19539, "eta": 1.60149, "eta_hours": 0.00044, "loss": 0.12321844, "lr": 8.86e-06, "params": 8313, "time_iter": 0.06513, "accuracy": 0.97619, "precision": 1.0, "recall": 0.95, "f1": 0.97436, "auc": 1.0}
{"epoch": 95, "time_epoch": 0.18142, "eta": 1.27541, "eta_hours": 0.00035, "loss": 0.10713822, "lr": 6.16e-06, "params": 8313, "time_iter": 0.06047, "accuracy": 1.0, "precision": 1.0, "recall": 1.0, "f1": 1.0, "auc": 1.0}
{"epoch": 96, "time_epoch": 0.18184, "eta": 0.95232, "eta_hours": 0.00026, "loss": 0.0964142, "lr": 3.94e-06, "params": 8313, "time_iter": 0.06061, "accuracy": 1.0, "precision": 1.0, "recall": 1.0, "f1": 1.0, "auc": 1.0}
{"epoch": 97, "time_epoch": 0.18359, "eta": 0.63215, "eta_hours": 0.00018, "loss": 0.0998695, "lr": 2.22e-06, "params": 8313, "time_iter": 0.0612, "accuracy": 1.0, "precision": 1.0, "recall": 1.0, "f1": 1.0, "auc": 1.0}
{"epoch": 98, "time_epoch": 0.18119, "eta": 0.31471, "eta_hours": 9e-05, "loss": 0.1040658, "lr": 9.9e-07, "params": 8313, "time_iter": 0.0604, "accuracy": 1.0, "precision": 1.0, "recall": 1.0, "f1": 1.0, "auc": 1.0}
{"epoch": 99, "time_epoch": 0.18325, "eta": 0.0, "eta_hours": 0.0, "loss": 0.09216203, "lr": 2.5e-07, "params": 8313, "time_iter": 0.06108, "accuracy": 1.0, "precision": 1.0, "recall": 1.0, "f1": 1.0, "auc": 1.0}
