{"epoch": 32, "time_epoch": 6.43288, "time_epoch_std": 0.58979, "eta": 623.72984, "eta_std": 199.37738, "eta_hours": 0.17326, "eta_hours_std": 0.05538, "loss": 0.5527, "loss_std": 0.03065, "lr": 0.00086, "lr_std": 0.00012, "params": 6215.0, "params_std": 0.0, "time_iter": 0.04628, "time_iter_std": 0.00424, "accuracy": 0.74101, "accuracy_std": 0.01594, "accuracy_max": 0.76439, "precision": 0.72986, "precision_std": 0.01094, "recall": 0.53784, "recall_std": 0.04902, "f1": 0.61839, "f1_std": 0.03524, "auc": 0.77556, "auc_std": 0.02393}
