{"epoch": 0, "time_epoch": 19.37907, "time_epoch_std": 0.29594, "eta": 1918.52774, "eta_std": 29.298, "eta_hours": 0.53292, "eta_hours_std": 0.00814, "loss": 0.66015, "loss_std": 0.00762, "lr": 0.001, "lr_std": 0.0, "params": 6215.0, "params_std": 0.0, "time_iter": 0.13942, "time_iter_std": 0.00213, "accuracy": 0.64613, "accuracy_std": 0.02197, "accuracy_max": 0.66727, "precision": 0.75126, "precision_std": 0.14367, "recall": 0.19266, "recall_std": 0.1139, "f1": 0.27804, "f1_std": 0.15922, "auc": 0.63978, "auc_std": 0.04555}
{"epoch": 1, "time_epoch": 7.602, "time_epoch_std": 2.32523, "eta": 1322.07216, "eta_std": 118.83909, "eta_hours": 0.36724, "eta_hours_std": 0.03301, "loss": 0.62042, "loss_std": 0.00663, "lr": 0.001, "lr_std": 0.0, "params": 6215.0, "params_std": 0.0, "time_iter": 0.05469, "time_iter_std": 0.01673, "accuracy": 0.6884, "accuracy_std": 0.00788, "accuracy_max": 0.69604, "precision": 0.66204, "precision_std": 0.03167, "recall": 0.42546, "recall_std": 0.02582, "f1": 0.51666, "f1_std": 0.01327, "auc": 0.70264, "auc_std": 0.00879}
{"epoch": 2, "time_epoch": 6.29475, "time_epoch_std": 0.20779, "eta": 1075.91797, "eta_std": 81.13427, "eta_hours": 0.29886, "eta_hours_std": 0.02254, "loss": 0.59431, "loss_std": 0.01042, "lr": 0.001, "lr_std": 0.0, "params": 6215.0, "params_std": 0.0, "time_iter": 0.04529, "time_iter_std": 0.00149, "accuracy": 0.70773, "accuracy_std": 0.00972, "accuracy_max": 0.71942, "precision": 0.71695, "precision_std": 0.02955, "recall": 0.42431, "recall_std": 0.04406, "f1": 0.53105, "f1_std": 0.03139, "auc": 0.72345, "auc_std": 0.01944}
{"epoch": 3, "time_epoch": 6.345, "time_epoch_std": 0.23358, "eta": 950.89965, "eta_std": 64.20385, "eta_hours": 0.26414, "eta_hours_std": 0.01783, "loss": 0.58757, "loss_std": 0.00765, "lr": 0.001, "lr_std": 0.0, "params": 6215.0, "params_std": 0.0, "time_iter": 0.04565, "time_iter_std": 0.00168, "accuracy": 0.72302, "accuracy_std": 0.00255, "accuracy_max": 0.72662, "precision": 0.71156, "precision_std": 0.00664, "recall": 0.49427, "recall_std": 0.02136, "f1": 0.58295, "f1_std": 0.01277, "auc": 0.74788, "auc_std": 0.01432}
{"epoch": 4, "time_epoch": 6.3355, "time_epoch_std": 0.22128, "eta": 873.17007, "eta_std": 54.17156, "eta_hours": 0.24255, "eta_hours_std": 0.01505, "loss": 0.57204, "loss_std": 0.01352, "lr": 0.001, "lr_std": 0.0, "params": 6215.0, "params_std": 0.0, "time_iter": 0.04558, "time_iter_std": 0.00159, "accuracy": 0.72122, "accuracy_std": 0.00554, "accuracy_max": 0.73022, "precision": 0.70934, "precision_std": 0.01265, "recall": 0.49082, "recall_std": 0.03025, "f1": 0.5794, "f1_std": 0.01942, "auc": 0.75007, "auc_std": 0.00918}
{"epoch": 5, "time_epoch": 6.32765, "time_epoch_std": 0.21218, "eta": 819.11548, "eta_std": 47.37469, "eta_hours": 0.22753, "eta_hours_std": 0.01316, "loss": 0.57743, "loss_std": 0.00997, "lr": 0.00099, "lr_std": 0.0, "params": 6215.0, "params_std": 0.0, "time_iter": 0.04552, "time_iter_std": 0.00153, "accuracy": 0.72167, "accuracy_std": 0.00666, "accuracy_max": 0.73022, "precision": 0.70576, "precision_std": 0.00651, "recall": 0.49771, "recall_std": 0.02723, "f1": 0.58331, "f1_std": 0.01893, "auc": 0.75862, "auc_std": 0.00955}
{"epoch": 6, "time_epoch": 6.51884, "time_epoch_std": 0.47998, "eta": 781.23723, "eta_std": 46.54429, "eta_hours": 0.21701, "eta_hours_std": 0.01293, "loss": 0.58138, "loss_std": 0.02145, "lr": 0.00099, "lr_std": 0.0, "params": 6215.0, "params_std": 0.0, "time_iter": 0.0469, "time_iter_std": 0.00345, "accuracy": 0.71628, "accuracy_std": 0.01384, "accuracy_max": 0.73741, "precision": 0.69211, "precision_std": 0.035, "recall": 0.50344, "recall_std": 0.04428, "f1": 0.58092, "f1_std": 0.02792, "auc": 0.75754, "auc_std": 0.0105}
{"epoch": 7, "time_epoch": 6.5047, "time_epoch_std": 0.58188, "eta": 751.03624, "eta_std": 46.81085, "eta_hours": 0.20862, "eta_hours_std": 0.013, "loss": 0.59278, "loss_std": 0.01453, "lr": 0.00099, "lr_std": 0.0, "params": 6215.0, "params_std": 0.0, "time_iter": 0.0468, "time_iter_std": 0.00419, "accuracy": 0.72977, "accuracy_std": 0.01378, "accuracy_max": 0.7518, "precision": 0.712, "precision_std": 0.01395, "recall": 0.52179, "recall_std": 0.04614, "f1": 0.60113, "f1_std": 0.03331, "auc": 0.74975, "auc_std": 0.01594}
{"epoch": 8, "time_epoch": 6.50763, "time_epoch_std": 0.57774, "eta": 726.13075, "eta_std": 46.79026, "eta_hours": 0.2017, "eta_hours_std": 0.013, "loss": 0.57506, "loss_std": 0.01004, "lr": 0.00098, "lr_std": 0.0, "params": 6215.0, "params_std": 0.0, "time_iter": 0.04682, "time_iter_std": 0.00416, "accuracy": 0.73336, "accuracy_std": 0.00946, "accuracy_max": 0.7464, "precision": 0.71237, "precision_std": 0.03608, "recall": 0.54243, "recall_std": 0.02392, "f1": 0.61458, "f1_std": 0.00577, "auc": 0.7613, "auc_std": 0.00532}
{"epoch": 9, "time_epoch": 6.51342, "time_epoch_std": 0.56328, "eta": 704.95695, "eta_std": 46.62836, "eta_hours": 0.19582, "eta_hours_std": 0.01295, "loss": 0.57294, "loss_std": 0.00888, "lr": 0.00098, "lr_std": 0.0, "params": 6215.0, "params_std": 0.0, "time_iter": 0.04686, "time_iter_std": 0.00405, "accuracy": 0.72887, "accuracy_std": 0.01312, "accuracy_max": 0.74101, "precision": 0.72963, "precision_std": 0.017, "recall": 0.48968, "recall_std": 0.03746, "f1": 0.58539, "f1_std": 0.03019, "auc": 0.76056, "auc_std": 0.01098}
{"epoch": 10, "time_epoch": 6.48931, "time_epoch_std": 0.57436, "eta": 686.25357, "eta_std": 46.44743, "eta_hours": 0.19063, "eta_hours_std": 0.0129, "loss": 0.56857, "loss_std": 0.00855, "lr": 0.00098, "lr_std": 0.0, "params": 6215.0, "params_std": 0.0, "time_iter": 0.04668, "time_iter_std": 0.00413, "accuracy": 0.73696, "accuracy_std": 0.00601, "accuracy_max": 0.7446, "precision": 0.73253, "precision_std": 0.01015, "recall": 0.5195, "recall_std": 0.03573, "f1": 0.60696, "f1_std": 0.021, "auc": 0.76867, "auc_std": 0.01147}
{"epoch": 11, "time_epoch": 6.47953, "time_epoch_std": 0.5648, "eta": 669.51415, "eta_std": 46.14674, "eta_hours": 0.18598, "eta_hours_std": 0.01282, "loss": 0.56042, "loss_std": 0.01817, "lr": 0.00097, "lr_std": 0.0, "params": 6215.0, "params_std": 0.0, "time_iter": 0.04662, "time_iter_std": 0.00407, "accuracy": 0.74595, "accuracy_std": 0.01611, "accuracy_max": 0.76619, "precision": 0.73193, "precision_std": 0.03093, "recall": 0.55849, "recall_std": 0.04283, "f1": 0.63215, "f1_std": 0.02944, "auc": 0.77181, "auc_std": 0.00903}
{"epoch": 12, "time_epoch": 6.48408, "time_epoch_std": 0.56695, "eta": 654.38366, "eta_std": 45.86321, "eta_hours": 0.18177, "eta_hours_std": 0.01274, "loss": 0.56486, "loss_std": 0.01514, "lr": 0.00096, "lr_std": 0.0, "params": 6215.0, "params_std": 0.0, "time_iter": 0.04665, "time_iter_std": 0.00408, "accuracy": 0.73921, "accuracy_std": 0.00774, "accuracy_max": 0.75, "precision": 0.72673, "precision_std": 0.00835, "recall": 0.5367, "recall_std": 0.02595, "f1": 0.61708, "f1_std": 0.01801, "auc": 0.77064, "auc_std": 0.01348}
{"epoch": 13, "time_epoch": 6.47175, "time_epoch_std": 0.57174, "eta": 640.41261, "eta_std": 45.56166, "eta_hours": 0.17789, "eta_hours_std": 0.01266, "loss": 0.57857, "loss_std": 0.0049, "lr": 0.00096, "lr_std": 0.0, "params": 6215.0, "params_std": 0.0, "time_iter": 0.04656, "time_iter_std": 0.00412, "accuracy": 0.73741, "accuracy_std": 0.01692, "accuracy_max": 0.7554, "precision": 0.72666, "precision_std": 0.02488, "recall": 0.52867, "recall_std": 0.03282, "f1": 0.61184, "f1_std": 0.02972, "auc": 0.76656, "auc_std": 0.01234}
{"epoch": 14, "time_epoch": 6.48133, "time_epoch_std": 0.5649, "eta": 627.49578, "eta_std": 45.19407, "eta_hours": 0.1743, "eta_hours_std": 0.01255, "loss": 0.55396, "loss_std": 0.01231, "lr": 0.00095, "lr_std": 0.0, "params": 6215.0, "params_std": 0.0, "time_iter": 0.04663, "time_iter_std": 0.00407, "accuracy": 0.74146, "accuracy_std": 0.01312, "accuracy_max": 0.7554, "precision": 0.73377, "precision_std": 0.02207, "recall": 0.53555, "recall_std": 0.03675, "f1": 0.61833, "f1_std": 0.02694, "auc": 0.77278, "auc_std": 0.0056}
{"epoch": 15, "time_epoch": 6.48405, "time_epoch_std": 0.57706, "eta": 615.39765, "eta_std": 44.86175, "eta_hours": 0.17094, "eta_hours_std": 0.01246, "loss": 0.55459, "loss_std": 0.02092, "lr": 0.00095, "lr_std": 0.0, "params": 6215.0, "params_std": 0.0, "time_iter": 0.04665, "time_iter_std": 0.00415, "accuracy": 0.75, "accuracy_std": 0.01101, "accuracy_max": 0.76799, "precision": 0.73292, "precision_std": 0.01562, "recall": 0.5711, "recall_std": 0.04019, "f1": 0.64102, "f1_std": 0.02517, "auc": 0.7809, "auc_std": 0.03063}
{"epoch": 16, "time_epoch": 6.49565, "time_epoch_std": 0.59023, "eta": 604.01663, "eta_std": 44.56278, "eta_hours": 0.16778, "eta_hours_std": 0.01238, "loss": 0.5527, "loss_std": 0.01332, "lr": 0.00094, "lr_std": 0.0, "params": 6215.0, "params_std": 0.0, "time_iter": 0.04673, "time_iter_std": 0.00425, "accuracy": 0.74595, "accuracy_std": 0.00266, "accuracy_max": 0.75, "precision": 0.75006, "precision_std": 0.01239, "recall": 0.52867, "recall_std": 0.01428, "f1": 0.61994, "f1_std": 0.00706, "auc": 0.7736, "auc_std": 0.01707}
{"epoch": 17, "time_epoch": 6.46103, "time_epoch_std": 0.57522, "eta": 593.0207, "eta_std": 44.1791, "eta_hours": 0.16473, "eta_hours_std": 0.01227, "loss": 0.56818, "loss_std": 0.01612, "lr": 0.00093, "lr_std": 0.0, "params": 6215.0, "params_std": 0.0, "time_iter": 0.04648, "time_iter_std": 0.00414, "accuracy": 0.73066, "accuracy_std": 0.01665, "accuracy_max": 0.7536, "precision": 0.71196, "precision_std": 0.02938, "recall": 0.52638, "recall_std": 0.02347, "f1": 0.6051, "f1_std": 0.02425, "auc": 0.75979, "auc_std": 0.01717}
{"epoch": 18, "time_epoch": 6.4763, "time_epoch_std": 0.55965, "eta": 582.56724, "eta_std": 43.70841, "eta_hours": 0.16182, "eta_hours_std": 0.01214, "loss": 0.57304, "loss_std": 0.01643, "lr": 0.00092, "lr_std": 0.0, "params": 6215.0, "params_std": 0.0, "time_iter": 0.04659, "time_iter_std": 0.00403, "accuracy": 0.74416, "accuracy_std": 0.01384, "accuracy_max": 0.75899, "precision": 0.73531, "precision_std": 0.02645, "recall": 0.54357, "recall_std": 0.01791, "f1": 0.62493, "f1_std": 0.01923, "auc": 0.76326, "auc_std": 0.00172}
{"epoch": 19, "time_epoch": 6.47352, "time_epoch_std": 0.57802, "eta": 572.5004, "eta_std": 43.31059, "eta_hours": 0.15903, "eta_hours_std": 0.01203, "loss": 0.56489, "loss_std": 0.00868, "lr": 0.00091, "lr_std": 0.0, "params": 6215.0, "params_std": 0.0, "time_iter": 0.04657, "time_iter_std": 0.00416, "accuracy": 0.74685, "accuracy_std": 0.01713, "accuracy_max": 0.77338, "precision": 0.74558, "precision_std": 0.01851, "recall": 0.5367, "recall_std": 0.03933, "f1": 0.62375, "f1_std": 0.0328, "auc": 0.77037, "auc_std": 0.01785}
{"epoch": 20, "time_epoch": 6.4778, "time_epoch_std": 0.55914, "eta": 562.79184, "eta_std": 42.81762, "eta_hours": 0.15633, "eta_hours_std": 0.01189, "loss": 0.55679, "loss_std": 0.00999, "lr": 0.0009, "lr_std": 0.0, "params": 6215.0, "params_std": 0.0, "time_iter": 0.0466, "time_iter_std": 0.00402, "accuracy": 0.75225, "accuracy_std": 0.01161, "accuracy_max": 0.76799, "precision": 0.74961, "precision_std": 0.02657, "recall": 0.55505, "recall_std": 0.03655, "f1": 0.63668, "f1_std": 0.02319, "auc": 0.7733, "auc_std": 0.01779}
{"epoch": 21, "time_epoch": 6.45737, "time_epoch_std": 0.58176, "eta": 553.30458, "eta_std": 42.40895, "eta_hours": 0.15369, "eta_hours_std": 0.01178, "loss": 0.57719, "loss_std": 0.0176, "lr": 0.0009, "lr_std": 0.0, "params": 6215.0, "params_std": 0.0, "time_iter": 0.04646, "time_iter_std": 0.00419, "accuracy": 0.73786, "accuracy_std": 0.01378, "accuracy_max": 0.7536, "precision": 0.72292, "precision_std": 0.0117, "recall": 0.5367, "recall_std": 0.04364, "f1": 0.61525, "f1_std": 0.03182, "auc": 0.76488, "auc_std": 0.00943}
{"epoch": 22, "time_epoch": 6.47182, "time_epoch_std": 0.5635, "eta": 544.12916, "eta_std": 41.92341, "eta_hours": 0.15115, "eta_hours_std": 0.01164, "loss": 0.56942, "loss_std": 0.01617, "lr": 0.00089, "lr_std": 0.0, "params": 6215.0, "params_std": 0.0, "time_iter": 0.04656, "time_iter_std": 0.00405, "accuracy": 0.75, "accuracy_std": 0.00708, "accuracy_max": 0.75899, "precision": 0.75512, "precision_std": 0.01538, "recall": 0.5367, "recall_std": 0.01376, "f1": 0.62729, "f1_std": 0.01114, "auc": 0.75918, "auc_std": 0.01047}
{"epoch": 23, "time_epoch": 6.46661, "time_epoch_std": 0.56309, "eta": 535.16253, "eta_std": 41.42914, "eta_hours": 0.14865, "eta_hours_std": 0.01151, "loss": 0.55879, "loss_std": 0.00712, "lr": 0.00088, "lr_std": 0.0, "params": 6215.0, "params_std": 0.0, "time_iter": 0.04652, "time_iter_std": 0.00405, "accuracy": 0.7527, "accuracy_std": 0.01337, "accuracy_max": 0.76978, "precision": 0.74958, "precision_std": 0.02596, "recall": 0.55734, "recall_std": 0.05235, "f1": 0.6373, "f1_std": 0.03252, "auc": 0.77958, "auc_std": 0.01009}
{"epoch": 24, "time_epoch": 6.47408, "time_epoch_std": 0.57063, "eta": 526.4183, "eta_std": 40.95244, "eta_hours": 0.14623, "eta_hours_std": 0.01138, "loss": 0.5727, "loss_std": 0.02226, "lr": 0.00086, "lr_std": 0.0, "params": 6215.0, "params_std": 0.0, "time_iter": 0.04658, "time_iter_std": 0.00411, "accuracy": 0.73786, "accuracy_std": 0.01189, "accuracy_max": 0.75, "precision": 0.71765, "precision_std": 0.00962, "recall": 0.54587, "recall_std": 0.03783, "f1": 0.61949, "f1_std": 0.02753, "auc": 0.77511, "auc_std": 0.01112}
{"epoch": 25, "time_epoch": 6.47093, "time_epoch_std": 0.5639, "eta": 517.83974, "eta_std": 40.44605, "eta_hours": 0.14384, "eta_hours_std": 0.01124, "loss": 0.55737, "loss_std": 0.02602, "lr": 0.00085, "lr_std": 0.0, "params": 6215.0, "params_std": 0.0, "time_iter": 0.04655, "time_iter_std": 0.00405, "accuracy": 0.74505, "accuracy_std": 0.01036, "accuracy_max": 0.7554, "precision": 0.74017, "precision_std": 0.01774, "recall": 0.53899, "recall_std": 0.01732, "f1": 0.62368, "f1_std": 0.01674, "auc": 0.77451, "auc_std": 0.01511}
{"epoch": 26, "time_epoch": 6.45111, "time_epoch_std": 0.58866, "eta": 509.36373, "eta_std": 40.00661, "eta_hours": 0.14149, "eta_hours_std": 0.01111, "loss": 0.55336, "loss_std": 0.0136, "lr": 0.00084, "lr_std": 0.0, "params": 6215.0, "params_std": 0.0, "time_iter": 0.04641, "time_iter_std": 0.00424, "accuracy": 0.74775, "accuracy_std": 0.00701, "accuracy_max": 0.75899, "precision": 0.7325, "precision_std": 0.0041, "recall": 0.56192, "recall_std": 0.02855, "f1": 0.63556, "f1_std": 0.01789, "auc": 0.77483, "auc_std": 0.01692}
{"epoch": 27, "time_epoch": 7.09562, "time_epoch_std": 1.07446, "eta": 502.68966, "eta_std": 39.1435, "eta_hours": 0.13964, "eta_hours_std": 0.01088, "loss": 0.55709, "loss_std": 0.00796, "lr": 0.00083, "lr_std": 0.0, "params": 6215.0, "params_std": 0.0, "time_iter": 0.05105, "time_iter_std": 0.00773, "accuracy": 0.74685, "accuracy_std": 0.01255, "accuracy_max": 0.75899, "precision": 0.75737, "precision_std": 0.03103, "recall": 0.52293, "recall_std": 0.01806, "f1": 0.6183, "f1_std": 0.01704, "auc": 0.76254, "auc_std": 0.01462}
{"epoch": 28, "time_epoch": 6.32502, "time_epoch_std": 0.67029, "eta": 494.09988, "eta_std": 38.71894, "eta_hours": 0.13725, "eta_hours_std": 0.01075, "loss": 0.5542, "loss_std": 0.01439, "lr": 0.00082, "lr_std": 0.0, "params": 6215.0, "params_std": 0.0, "time_iter": 0.0455, "time_iter_std": 0.00482, "accuracy": 0.7491, "accuracy_std": 0.01068, "accuracy_max": 0.76079, "precision": 0.74344, "precision_std": 0.02668, "recall": 0.5516, "recall_std": 0.02185, "f1": 0.63279, "f1_std": 0.01543, "auc": 0.78566, "auc_std": 0.01761}
{"epoch": 29, "time_epoch": 6.4161, "time_epoch_std": 0.6052, "eta": 485.87359, "eta_std": 38.26678, "eta_hours": 0.13496, "eta_hours_std": 0.01063, "loss": 0.5636, "loss_std": 0.00556, "lr": 0.00081, "lr_std": 0.0, "params": 6215.0, "params_std": 0.0, "time_iter": 0.04616, "time_iter_std": 0.00435, "accuracy": 0.74595, "accuracy_std": 0.00689, "accuracy_max": 0.7536, "precision": 0.73104, "precision_std": 0.01387, "recall": 0.55734, "recall_std": 0.01357, "f1": 0.63235, "f1_std": 0.0107, "auc": 0.78386, "auc_std": 0.00872}
{"epoch": 30, "time_epoch": 6.40856, "time_epoch_std": 0.6086, "eta": 477.74732, "eta_std": 37.81517, "eta_hours": 0.13271, "eta_hours_std": 0.0105, "loss": 0.57157, "loss_std": 0.01787, "lr": 0.00079, "lr_std": 0.0, "params": 6215.0, "params_std": 0.0, "time_iter": 0.0461, "time_iter_std": 0.00438, "accuracy": 0.74146, "accuracy_std": 0.00545, "accuracy_max": 0.7482, "precision": 0.71833, "precision_std": 0.01876, "recall": 0.56192, "recall_std": 0.0167, "f1": 0.63015, "f1_std": 0.00676, "auc": 0.77734, "auc_std": 0.00654}
{"epoch": 31, "time_epoch": 6.43186, "time_epoch_std": 0.58809, "eta": 469.77791, "eta_std": 37.31397, "eta_hours": 0.1305, "eta_hours_std": 0.01037, "loss": 0.55847, "loss_std": 0.00872, "lr": 0.00078, "lr_std": 0.0, "params": 6215.0, "params_std": 0.0, "time_iter": 0.04627, "time_iter_std": 0.00423, "accuracy": 0.75629, "accuracy_std": 0.01576, "accuracy_max": 0.77158, "precision": 0.74792, "precision_std": 0.01851, "recall": 0.56996, "recall_std": 0.03313, "f1": 0.64672, "f1_std": 0.02811, "auc": 0.78278, "auc_std": 0.01629}
{"epoch": 32, "time_epoch": 6.40988, "time_epoch_std": 0.59487, "eta": 461.85706, "eta_std": 36.81956, "eta_hours": 0.12829, "eta_hours_std": 0.01023, "loss": 0.54701, "loss_std": 0.01383, "lr": 0.00077, "lr_std": 0.0, "params": 6215.0, "params_std": 0.0, "time_iter": 0.04612, "time_iter_std": 0.00428, "accuracy": 0.7536, "accuracy_std": 0.00774, "accuracy_max": 0.76439, "precision": 0.73707, "precision_std": 0.01969, "recall": 0.57913, "recall_std": 0.02623, "f1": 0.648, "f1_std": 0.01462, "auc": 0.78727, "auc_std": 0.00985}
{"epoch": 33, "time_epoch": 6.42554, "time_epoch_std": 0.59824, "eta": 454.05548, "eta_std": 36.32524, "eta_hours": 0.12613, "eta_hours_std": 0.01009, "loss": 0.55804, "loss_std": 0.02188, "lr": 0.00075, "lr_std": 0.0, "params": 6215.0, "params_std": 0.0, "time_iter": 0.04623, "time_iter_std": 0.00431, "accuracy": 0.74595, "accuracy_std": 0.0092, "accuracy_max": 0.75899, "precision": 0.73242, "precision_std": 0.02788, "recall": 0.55734, "recall_std": 0.01792, "f1": 0.63238, "f1_std": 0.0095, "auc": 0.78509, "auc_std": 0.01224}
{"epoch": 34, "time_epoch": 6.41389, "time_epoch_std": 0.59649, "eta": 446.31092, "eta_std": 35.83175, "eta_hours": 0.12398, "eta_hours_std": 0.00996, "loss": 0.54648, "loss_std": 0.02155, "lr": 0.00074, "lr_std": 0.0, "params": 6215.0, "params_std": 0.0, "time_iter": 0.04615, "time_iter_std": 0.00429, "accuracy": 0.7482, "accuracy_std": 0.00493, "accuracy_max": 0.7536, "precision": 0.74031, "precision_std": 0.00893, "recall": 0.55161, "recall_std": 0.02256, "f1": 0.63181, "f1_std": 0.01364, "auc": 0.7942, "auc_std": 0.00762}
{"epoch": 35, "time_epoch": 6.41475, "time_epoch_std": 0.59387, "eta": 438.6418, "eta_std": 35.32886, "eta_hours": 0.12184, "eta_hours_std": 0.00981, "loss": 0.54202, "loss_std": 0.01556, "lr": 0.00073, "lr_std": 0.0, "params": 6215.0, "params_std": 0.0, "time_iter": 0.04615, "time_iter_std": 0.00427, "accuracy": 0.7527, "accuracy_std": 0.00392, "accuracy_max": 0.75719, "precision": 0.7464, "precision_std": 0.00896, "recall": 0.55963, "recall_std": 0.01622, "f1": 0.63946, "f1_std": 0.00945, "auc": 0.78517, "auc_std": 0.01187}
{"epoch": 36, "time_epoch": 6.40797, "time_epoch_std": 0.61489, "eta": 431.02895, "eta_std": 34.85979, "eta_hours": 0.11973, "eta_hours_std": 0.00968, "loss": 0.55496, "loss_std": 0.01574, "lr": 0.00071, "lr_std": 0.0, "params": 6215.0, "params_std": 0.0, "time_iter": 0.0461, "time_iter_std": 0.00443, "accuracy": 0.75135, "accuracy_std": 0.00788, "accuracy_max": 0.76259, "precision": 0.72627, "precision_std": 0.00712, "recall": 0.58716, "recall_std": 0.02772, "f1": 0.64898, "f1_std": 0.0179, "auc": 0.79153, "auc_std": 0.00978}
{"epoch": 37, "time_epoch": 6.4166, "time_epoch_std": 0.59952, "eta": 423.4936, "eta_std": 34.36261, "eta_hours": 0.11764, "eta_hours_std": 0.00954, "loss": 0.55387, "loss_std": 0.02453, "lr": 0.0007, "lr_std": 0.0, "params": 6215.0, "params_std": 0.0, "time_iter": 0.04616, "time_iter_std": 0.00431, "accuracy": 0.75494, "accuracy_std": 0.00465, "accuracy_max": 0.76079, "precision": 0.75069, "precision_std": 0.0104, "recall": 0.56192, "recall_std": 0.01905, "f1": 0.64246, "f1_std": 0.01113, "auc": 0.78939, "auc_std": 0.012}
{"epoch": 38, "time_epoch": 6.42161, "time_epoch_std": 0.59153, "eta": 416.02345, "eta_std": 33.84608, "eta_hours": 0.11556, "eta_hours_std": 0.0094, "loss": 0.56085, "loss_std": 0.02577, "lr": 0.00068, "lr_std": 0.0, "params": 6215.0, "params_std": 0.0, "time_iter": 0.0462, "time_iter_std": 0.00426, "accuracy": 0.75764, "accuracy_std": 0.00777, "accuracy_max": 0.76978, "precision": 0.7541, "precision_std": 0.02338, "recall": 0.56881, "recall_std": 0.02655, "f1": 0.64769, "f1_std": 0.01404, "auc": 0.78502, "auc_std": 0.01548}
{"epoch": 39, "time_epoch": 6.42794, "time_epoch_std": 0.59347, "eta": 408.61521, "eta_std": 33.32883, "eta_hours": 0.1135, "eta_hours_std": 0.00926, "loss": 0.55832, "loss_std": 0.02292, "lr": 0.00067, "lr_std": 0.0, "params": 6215.0, "params_std": 0.0, "time_iter": 0.04625, "time_iter_std": 0.00427, "accuracy": 0.76214, "accuracy_std": 0.01004, "accuracy_max": 0.77338, "precision": 0.75046, "precision_std": 0.01665, "recall": 0.58945, "recall_std": 0.01762, "f1": 0.66018, "f1_std": 0.0156, "auc": 0.79222, "auc_std": 0.01578}
{"epoch": 40, "time_epoch": 6.43076, "time_epoch_std": 0.5907, "eta": 401.25886, "eta_std": 32.80352, "eta_hours": 0.11146, "eta_hours_std": 0.00911, "loss": 0.53824, "loss_std": 0.01642, "lr": 0.00065, "lr_std": 0.0, "params": 6215.0, "params_std": 0.0, "time_iter": 0.04626, "time_iter_std": 0.00425, "accuracy": 0.76484, "accuracy_std": 0.01111, "accuracy_max": 0.78237, "precision": 0.76244, "precision_std": 0.00502, "recall": 0.58142, "recall_std": 0.04056, "f1": 0.65896, "f1_std": 0.02568, "auc": 0.79764, "auc_std": 0.01676}
{"epoch": 41, "time_epoch": 6.42496, "time_epoch_std": 0.59347, "eta": 393.93857, "eta_std": 32.28157, "eta_hours": 0.10943, "eta_hours_std": 0.00896, "loss": 0.53989, "loss_std": 0.01504, "lr": 0.00064, "lr_std": 0.0, "params": 6215.0, "params_std": 0.0, "time_iter": 0.04622, "time_iter_std": 0.00427, "accuracy": 0.75944, "accuracy_std": 0.00234, "accuracy_max": 0.76259, "precision": 0.75029, "precision_std": 0.0136, "recall": 0.58028, "recall_std": 0.01905, "f1": 0.65402, "f1_std": 0.00776, "auc": 0.80108, "auc_std": 0.00961}
{"epoch": 42, "time_epoch": 6.41272, "time_epoch_std": 0.59253, "eta": 386.6437, "eta_std": 31.75938, "eta_hours": 0.1074, "eta_hours_std": 0.00882, "loss": 0.56098, "loss_std": 0.01927, "lr": 0.00062, "lr_std": 0.0, "params": 6215.0, "params_std": 0.0, "time_iter": 0.04613, "time_iter_std": 0.00426, "accuracy": 0.75585, "accuracy_std": 0.00545, "accuracy_max": 0.76259, "precision": 0.745, "precision_std": 0.02499, "recall": 0.57684, "recall_std": 0.02872, "f1": 0.64916, "f1_std": 0.01018, "auc": 0.78627, "auc_std": 0.01897}
{"epoch": 43, "time_epoch": 6.41987, "time_epoch_std": 0.59386, "eta": 379.39802, "eta_std": 31.23644, "eta_hours": 0.10539, "eta_hours_std": 0.00868, "loss": 0.55478, "loss_std": 0.01321, "lr": 0.00061, "lr_std": 0.0, "params": 6215.0, "params_std": 0.0, "time_iter": 0.04619, "time_iter_std": 0.00427, "accuracy": 0.75674, "accuracy_std": 0.00429, "accuracy_max": 0.76259, "precision": 0.74477, "precision_std": 0.01555, "recall": 0.57913, "recall_std": 0.03134, "f1": 0.65075, "f1_std": 0.0148, "auc": 0.79633, "auc_std": 0.01455}
{"epoch": 44, "time_epoch": 6.41515, "time_epoch_std": 0.5971, "eta": 372.18329, "eta_std": 30.71402, "eta_hours": 0.10338, "eta_hours_std": 0.00853, "loss": 0.54311, "loss_std": 0.01905, "lr": 0.00059, "lr_std": 0.0, "params": 6215.0, "params_std": 0.0, "time_iter": 0.04615, "time_iter_std": 0.0043, "accuracy": 0.7536, "accuracy_std": 0.00815, "accuracy_max": 0.76619, "precision": 0.74914, "precision_std": 0.01103, "recall": 0.55964, "recall_std": 0.03906, "f1": 0.63966, "f1_std": 0.0232, "auc": 0.79458, "auc_std": 0.02211}
{"epoch": 45, "time_epoch": 6.41446, "time_epoch_std": 0.60383, "eta": 365.00251, "eta_std": 30.19912, "eta_hours": 0.10139, "eta_hours_std": 0.00839, "loss": 0.54821, "loss_std": 0.02011, "lr": 0.00058, "lr_std": 0.0, "params": 6215.0, "params_std": 0.0, "time_iter": 0.04615, "time_iter_std": 0.00435, "accuracy": 0.7563, "accuracy_std": 0.00576, "accuracy_max": 0.76439, "precision": 0.74996, "precision_std": 0.01926, "recall": 0.5711, "recall_std": 0.05164, "f1": 0.64635, "f1_std": 0.02484, "auc": 0.79442, "auc_std": 0.01931}
{"epoch": 46, "time_epoch": 6.4058, "time_epoch_std": 0.60451, "eta": 357.84456, "eta_std": 29.68355, "eta_hours": 0.0994, "eta_hours_std": 0.00824, "loss": 0.55701, "loss_std": 0.01893, "lr": 0.00056, "lr_std": 0.0, "params": 6215.0, "params_std": 0.0, "time_iter": 0.04609, "time_iter_std": 0.00435, "accuracy": 0.76934, "accuracy_std": 0.00866, "accuracy_max": 0.78058, "precision": 0.78072, "precision_std": 0.0253, "recall": 0.57454, "recall_std": 0.03217, "f1": 0.66098, "f1_std": 0.01753, "auc": 0.78918, "auc_std": 0.01919}
{"epoch": 47, "time_epoch": 6.41231, "time_epoch_std": 0.58877, "eta": 350.72502, "eta_std": 29.14519, "eta_hours": 0.09742, "eta_hours_std": 0.0081, "loss": 0.54231, "loss_std": 0.01467, "lr": 0.00055, "lr_std": 0.0, "params": 6215.0, "params_std": 0.0, "time_iter": 0.04613, "time_iter_std": 0.00424, "accuracy": 0.76259, "accuracy_std": 0.00508, "accuracy_max": 0.76978, "precision": 0.74807, "precision_std": 0.00876, "recall": 0.59518, "recall_std": 0.02086, "f1": 0.66265, "f1_std": 0.01179, "auc": 0.79914, "auc_std": 0.01263}
{"epoch": 48, "time_epoch": 6.40666, "time_epoch_std": 0.6076, "eta": 343.62846, "eta_std": 28.62746, "eta_hours": 0.09545, "eta_hours_std": 0.00795, "loss": 0.54601, "loss_std": 0.01052, "lr": 0.00053, "lr_std": 0.0, "params": 6215.0, "params_std": 0.0, "time_iter": 0.04609, "time_iter_std": 0.00437, "accuracy": 0.75225, "accuracy_std": 0.00429, "accuracy_max": 0.75719, "precision": 0.72344, "precision_std": 0.00935, "recall": 0.59633, "recall_std": 0.01487, "f1": 0.6536, "f1_std": 0.0082, "auc": 0.79989, "auc_std": 0.00993}
{"epoch": 49, "time_epoch": 6.41794, "time_epoch_std": 0.60181, "eta": 336.57078, "eta_std": 28.09991, "eta_hours": 0.09349, "eta_hours_std": 0.0078, "loss": 0.54588, "loss_std": 0.02273, "lr": 0.00052, "lr_std": 0.0, "params": 6215.0, "params_std": 0.0, "time_iter": 0.04617, "time_iter_std": 0.00433, "accuracy": 0.7554, "accuracy_std": 0.00336, "accuracy_max": 0.76079, "precision": 0.7465, "precision_std": 0.0152, "recall": 0.5711, "recall_std": 0.02855, "f1": 0.64636, "f1_std": 0.01407, "auc": 0.79515, "auc_std": 0.02358}
{"epoch": 50, "time_epoch": 6.40986, "time_epoch_std": 0.60224, "eta": 329.53042, "eta_std": 27.57073, "eta_hours": 0.09154, "eta_hours_std": 0.00766, "loss": 0.55454, "loss_std": 0.01481, "lr": 0.0005, "lr_std": 0.0, "params": 6215.0, "params_std": 0.0, "time_iter": 0.04612, "time_iter_std": 0.00433, "accuracy": 0.7581, "accuracy_std": 0.00679, "accuracy_max": 0.76799, "precision": 0.74082, "precision_std": 0.01713, "recall": 0.59174, "recall_std": 0.04756, "f1": 0.65631, "f1_std": 0.02336, "auc": 0.79304, "auc_std": 0.02083}
{"epoch": 51, "time_epoch": 6.43258, "time_epoch_std": 0.59518, "eta": 322.53528, "eta_std": 27.02993, "eta_hours": 0.0896, "eta_hours_std": 0.00751, "loss": 0.53315, "loss_std": 0.00947, "lr": 0.00048, "lr_std": 0.0, "params": 6215.0, "params_std": 0.0, "time_iter": 0.04628, "time_iter_std": 0.00428, "accuracy": 0.76754, "accuracy_std": 0.00602, "accuracy_max": 0.77518, "precision": 0.756, "precision_std": 0.02473, "recall": 0.60436, "recall_std": 0.03746, "f1": 0.67036, "f1_std": 0.01609, "auc": 0.817, "auc_std": 0.01257}
{"epoch": 52, "time_epoch": 6.51092, "time_epoch_std": 0.57506, "eta": 315.63084, "eta_std": 26.45636, "eta_hours": 0.08768, "eta_hours_std": 0.00735, "loss": 0.56003, "loss_std": 0.02415, "lr": 0.00047, "lr_std": 0.0, "params": 6215.0, "params_std": 0.0, "time_iter": 0.04684, "time_iter_std": 0.00414, "accuracy": 0.76034, "accuracy_std": 0.00602, "accuracy_max": 0.76799, "precision": 0.73982, "precision_std": 0.01339, "recall": 0.60092, "recall_std": 0.0326, "f1": 0.66242, "f1_std": 0.01665, "auc": 0.80236, "auc_std": 0.0078}
{"epoch": 53, "time_epoch": 6.42066, "time_epoch_std": 0.58762, "eta": 308.66409, "eta_std": 25.90924, "eta_hours": 0.08574, "eta_hours_std": 0.00719, "loss": 0.54884, "loss_std": 0.01192, "lr": 0.00045, "lr_std": 0.0, "params": 6215.0, "params_std": 0.0, "time_iter": 0.04619, "time_iter_std": 0.00422, "accuracy": 0.76304, "accuracy_std": 0.00713, "accuracy_max": 0.77518, "precision": 0.7402, "precision_std": 0.01093, "recall": 0.61009, "recall_std": 0.02575, "f1": 0.66849, "f1_std": 0.01495, "auc": 0.80191, "auc_std": 0.00999}
{"epoch": 54, "time_epoch": 6.41333, "time_epoch_std": 0.60135, "eta": 301.7112, "eta_std": 25.37242, "eta_hours": 0.08381, "eta_hours_std": 0.00705, "loss": 0.54615, "loss_std": 0.02398, "lr": 0.00044, "lr_std": 0.0, "params": 6215.0, "params_std": 0.0, "time_iter": 0.04614, "time_iter_std": 0.00432, "accuracy": 0.76169, "accuracy_std": 0.00392, "accuracy_max": 0.76799, "precision": 0.76644, "precision_std": 0.01248, "recall": 0.56537, "recall_std": 0.03217, "f1": 0.64989, "f1_std": 0.01615, "auc": 0.79978, "auc_std": 0.01239}
{"epoch": 55, "time_epoch": 6.42062, "time_epoch_std": 0.58835, "eta": 294.78331, "eta_std": 24.82264, "eta_hours": 0.08188, "eta_hours_std": 0.00689, "loss": 0.53208, "loss_std": 0.02347, "lr": 0.00042, "lr_std": 0.0, "params": 6215.0, "params_std": 0.0, "time_iter": 0.04619, "time_iter_std": 0.00423, "accuracy": 0.76574, "accuracy_std": 0.00465, "accuracy_max": 0.77158, "precision": 0.75835, "precision_std": 0.01396, "recall": 0.59174, "recall_std": 0.02271, "f1": 0.66431, "f1_std": 0.01125, "auc": 0.81285, "auc_std": 0.01436}
{"epoch": 56, "time_epoch": 6.42164, "time_epoch_std": 0.59185, "eta": 287.87399, "eta_std": 24.27537, "eta_hours": 0.07997, "eta_hours_std": 0.00674, "loss": 0.54213, "loss_std": 0.0076, "lr": 0.00041, "lr_std": 0.0, "params": 6215.0, "params_std": 0.0, "time_iter": 0.0462, "time_iter_std": 0.00426, "accuracy": 0.75719, "accuracy_std": 0.00926, "accuracy_max": 0.77158, "precision": 0.73666, "precision_std": 0.0182, "recall": 0.59404, "recall_std": 0.03531, "f1": 0.65686, "f1_std": 0.01969, "auc": 0.80374, "auc_std": 0.01552}
{"epoch": 57, "time_epoch": 6.41871, "time_epoch_std": 0.60096, "eta": 280.97936, "eta_std": 23.73311, "eta_hours": 0.07805, "eta_hours_std": 0.00659, "loss": 0.54013, "loss_std": 0.00752, "lr": 0.00039, "lr_std": 0.0, "params": 6215.0, "params_std": 0.0, "time_iter": 0.04618, "time_iter_std": 0.00432, "accuracy": 0.75854, "accuracy_std": 0.00689, "accuracy_max": 0.76619, "precision": 0.75114, "precision_std": 0.01926, "recall": 0.57569, "recall_std": 0.0167, "f1": 0.65146, "f1_std": 0.0096, "auc": 0.80477, "auc_std": 0.01104}
{"epoch": 58, "time_epoch": 6.41799, "time_epoch_std": 0.5923, "eta": 274.10036, "eta_std": 23.18324, "eta_hours": 0.07614, "eta_hours_std": 0.00644, "loss": 0.53427, "loss_std": 0.0041, "lr": 0.00038, "lr_std": 0.0, "params": 6215.0, "params_std": 0.0, "time_iter": 0.04617, "time_iter_std": 0.00426, "accuracy": 0.77068, "accuracy_std": 0.01112, "accuracy_max": 0.78777, "precision": 0.76784, "precision_std": 0.01084, "recall": 0.59633, "recall_std": 0.0526, "f1": 0.66972, "f1_std": 0.02897, "auc": 0.80762, "auc_std": 0.01576}
{"epoch": 59, "time_epoch": 6.42194, "time_epoch_std": 0.59459, "eta": 267.23936, "eta_std": 22.63341, "eta_hours": 0.07423, "eta_hours_std": 0.00629, "loss": 0.55568, "loss_std": 0.00562, "lr": 0.00036, "lr_std": 0.0, "params": 6215.0, "params_std": 0.0, "time_iter": 0.0462, "time_iter_std": 0.00428, "accuracy": 0.76619, "accuracy_std": 0.00773, "accuracy_max": 0.77338, "precision": 0.76058, "precision_std": 0.01775, "recall": 0.5906, "recall_std": 0.03514, "f1": 0.66399, "f1_std": 0.01876, "auc": 0.79657, "auc_std": 0.00962}
{"epoch": 60, "time_epoch": 6.41586, "time_epoch_std": 0.59572, "eta": 260.38888, "eta_std": 22.08371, "eta_hours": 0.07233, "eta_hours_std": 0.00614, "loss": 0.54521, "loss_std": 0.02213, "lr": 0.00035, "lr_std": 0.0, "params": 6215.0, "params_std": 0.0, "time_iter": 0.04616, "time_iter_std": 0.00429, "accuracy": 0.75405, "accuracy_std": 0.00866, "accuracy_max": 0.76439, "precision": 0.73826, "precision_std": 0.01618, "recall": 0.57798, "recall_std": 0.01973, "f1": 0.6481, "f1_std": 0.0142, "auc": 0.80014, "auc_std": 0.01572}
{"epoch": 61, "time_epoch": 6.42216, "time_epoch_std": 0.60435, "eta": 253.55626, "eta_std": 21.53715, "eta_hours": 0.07043, "eta_hours_std": 0.00598, "loss": 0.55631, "loss_std": 0.0127, "lr": 0.00033, "lr_std": 0.0, "params": 6215.0, "params_std": 0.0, "time_iter": 0.0462, "time_iter_std": 0.00435, "accuracy": 0.76349, "accuracy_std": 0.01022, "accuracy_max": 0.77338, "precision": 0.75427, "precision_std": 0.02865, "recall": 0.59174, "recall_std": 0.03838, "f1": 0.66185, "f1_std": 0.0194, "auc": 0.80495, "auc_std": 0.01222}
{"epoch": 62, "time_epoch": 6.42406, "time_epoch_std": 0.59254, "eta": 246.7378, "eta_std": 20.98245, "eta_hours": 0.06854, "eta_hours_std": 0.00583, "loss": 0.5442, "loss_std": 0.02869, "lr": 0.00032, "lr_std": 0.0, "params": 6215.0, "params_std": 0.0, "time_iter": 0.04622, "time_iter_std": 0.00426, "accuracy": 0.76529, "accuracy_std": 0.01029, "accuracy_max": 0.77338, "precision": 0.75, "precision_std": 0.02319, "recall": 0.60321, "recall_std": 0.00688, "f1": 0.66847, "f1_std": 0.01053, "auc": 0.81471, "auc_std": 0.01038}
{"epoch": 63, "time_epoch": 6.4202, "time_epoch_std": 0.59549, "eta": 239.92949, "eta_std": 20.42912, "eta_hours": 0.06665, "eta_hours_std": 0.00568, "loss": 0.532, "loss_std": 0.01148, "lr": 0.0003, "lr_std": 0.0, "params": 6215.0, "params_std": 0.0, "time_iter": 0.04619, "time_iter_std": 0.00428, "accuracy": 0.76798, "accuracy_std": 0.00834, "accuracy_max": 0.77698, "precision": 0.76035, "precision_std": 0.03568, "recall": 0.60092, "recall_std": 0.0247, "f1": 0.67002, "f1_std": 0.00324, "auc": 0.814, "auc_std": 0.01519}
{"epoch": 64, "time_epoch": 6.41709, "time_epoch_std": 0.59822, "eta": 233.13145, "eta_std": 19.87546, "eta_hours": 0.06476, "eta_hours_std": 0.00552, "loss": 0.53207, "loss_std": 0.01438, "lr": 0.00029, "lr_std": 0.0, "params": 6215.0, "params_std": 0.0, "time_iter": 0.04616, "time_iter_std": 0.00431, "accuracy": 0.77338, "accuracy_std": 0.00834, "accuracy_max": 0.78597, "precision": 0.77448, "precision_std": 0.02122, "recall": 0.59633, "recall_std": 0.01076, "f1": 0.67362, "f1_std": 0.0096, "auc": 0.81344, "auc_std": 0.00973}
{"epoch": 65, "time_epoch": 6.41953, "time_epoch_std": 0.58646, "eta": 226.34621, "eta_std": 19.31505, "eta_hours": 0.06288, "eta_hours_std": 0.00536, "loss": 0.53358, "loss_std": 0.01864, "lr": 0.00027, "lr_std": 0.0, "params": 6215.0, "params_std": 0.0, "time_iter": 0.04618, "time_iter_std": 0.00422, "accuracy": 0.77338, "accuracy_std": 0.00661, "accuracy_max": 0.78237, "precision": 0.76507, "precision_std": 0.00587, "recall": 0.60894, "recall_std": 0.01788, "f1": 0.67803, "f1_std": 0.01255, "auc": 0.80933, "auc_std": 0.01612}
{"epoch": 66, "time_epoch": 6.39618, "time_epoch_std": 0.61266, "eta": 219.56039, "eta_std": 18.76742, "eta_hours": 0.06099, "eta_hours_std": 0.00521, "loss": 0.54061, "loss_std": 0.01889, "lr": 0.00026, "lr_std": 0.0, "params": 6215.0, "params_std": 0.0, "time_iter": 0.04602, "time_iter_std": 0.00441, "accuracy": 0.76934, "accuracy_std": 0.01168, "accuracy_max": 0.78417, "precision": 0.76715, "precision_std": 0.03143, "recall": 0.59404, "recall_std": 0.0235, "f1": 0.66877, "f1_std": 0.01411, "auc": 0.81074, "auc_std": 0.00782}
{"epoch": 67, "time_epoch": 6.40845, "time_epoch_std": 0.59905, "eta": 212.7918, "eta_std": 18.2115, "eta_hours": 0.05911, "eta_hours_std": 0.00506, "loss": 0.54405, "loss_std": 0.00481, "lr": 0.00025, "lr_std": 0.0, "params": 6215.0, "params_std": 0.0, "time_iter": 0.0461, "time_iter_std": 0.00431, "accuracy": 0.76528, "accuracy_std": 0.00467, "accuracy_max": 0.76978, "precision": 0.75418, "precision_std": 0.02093, "recall": 0.59748, "recall_std": 0.02112, "f1": 0.66612, "f1_std": 0.00618, "auc": 0.81569, "auc_std": 0.01476}
{"epoch": 68, "time_epoch": 6.4238, "time_epoch_std": 0.58921, "eta": 206.04054, "eta_std": 17.64919, "eta_hours": 0.05723, "eta_hours_std": 0.0049, "loss": 0.53443, "loss_std": 0.01267, "lr": 0.00023, "lr_std": 0.0, "params": 6215.0, "params_std": 0.0, "time_iter": 0.04621, "time_iter_std": 0.00424, "accuracy": 0.76259, "accuracy_std": 0.00763, "accuracy_max": 0.77338, "precision": 0.75121, "precision_std": 0.02826, "recall": 0.59289, "recall_std": 0.02457, "f1": 0.66183, "f1_std": 0.00973, "auc": 0.81397, "auc_std": 0.01601}
{"epoch": 69, "time_epoch": 6.58497, "time_epoch_std": 0.55592, "eta": 199.36772, "eta_std": 17.03746, "eta_hours": 0.05538, "eta_hours_std": 0.00473, "loss": 0.53224, "loss_std": 0.02155, "lr": 0.00022, "lr_std": 0.0, "params": 6215.0, "params_std": 0.0, "time_iter": 0.04737, "time_iter_std": 0.004, "accuracy": 0.76843, "accuracy_std": 0.00545, "accuracy_max": 0.77158, "precision": 0.76063, "precision_std": 0.00727, "recall": 0.59748, "recall_std": 0.01634, "f1": 0.66912, "f1_std": 0.0109, "auc": 0.81551, "auc_std": 0.0113}
{"epoch": 70, "time_epoch": 7.07121, "time_epoch_std": 1.0788, "eta": 192.89597, "eta_std": 16.29557, "eta_hours": 0.05358, "eta_hours_std": 0.00452, "loss": 0.52463, "loss_std": 0.00504, "lr": 0.00021, "lr_std": 0.0, "params": 6215.0, "params_std": 0.0, "time_iter": 0.05087, "time_iter_std": 0.00776, "accuracy": 0.77113, "accuracy_std": 0.00447, "accuracy_max": 0.77878, "precision": 0.76678, "precision_std": 0.01429, "recall": 0.59977, "recall_std": 0.03499, "f1": 0.67213, "f1_std": 0.01644, "auc": 0.81651, "auc_std": 0.01134}
{"epoch": 71, "time_epoch": 7.22631, "time_epoch_std": 1.3006, "eta": 186.46789, "eta_std": 15.54947, "eta_hours": 0.0518, "eta_hours_std": 0.00432, "loss": 0.5289, "loss_std": 0.01791, "lr": 0.00019, "lr_std": 0.0, "params": 6215.0, "params_std": 0.0, "time_iter": 0.05199, "time_iter_std": 0.00936, "accuracy": 0.77203, "accuracy_std": 0.01082, "accuracy_max": 0.78597, "precision": 0.77057, "precision_std": 0.03434, "recall": 0.59977, "recall_std": 0.02835, "f1": 0.6734, "f1_std": 0.01367, "auc": 0.82084, "auc_std": 0.01213}
{"epoch": 72, "time_epoch": 7.14895, "time_epoch_std": 1.18342, "eta": 179.98933, "eta_std": 14.85191, "eta_hours": 0.05, "eta_hours_std": 0.00412, "loss": 0.54145, "loss_std": 0.02865, "lr": 0.00018, "lr_std": 0.0, "params": 6215.0, "params_std": 0.0, "time_iter": 0.05143, "time_iter_std": 0.00851, "accuracy": 0.76439, "accuracy_std": 0.0018, "accuracy_max": 0.76619, "precision": 0.7504, "precision_std": 0.01623, "recall": 0.59977, "recall_std": 0.02908, "f1": 0.6659, "f1_std": 0.01135, "auc": 0.81494, "auc_std": 0.01511}
{"epoch": 73, "time_epoch": 7.12336, "time_epoch_std": 1.15835, "eta": 173.48365, "eta_std": 14.1875, "eta_hours": 0.04819, "eta_hours_std": 0.00394, "loss": 0.53027, "loss_std": 0.02078, "lr": 0.00017, "lr_std": 0.0, "params": 6215.0, "params_std": 0.0, "time_iter": 0.05125, "time_iter_std": 0.00833, "accuracy": 0.76349, "accuracy_std": 0.00789, "accuracy_max": 0.76978, "precision": 0.74855, "precision_std": 0.01449, "recall": 0.59862, "recall_std": 0.03531, "f1": 0.66444, "f1_std": 0.01905, "auc": 0.82426, "auc_std": 0.00983}
{"epoch": 74, "time_epoch": 6.46587, "time_epoch_std": 0.57191, "eta": 166.74235, "eta_std": 13.64962, "eta_hours": 0.04632, "eta_hours_std": 0.00379, "loss": 0.54289, "loss_std": 0.02481, "lr": 0.00016, "lr_std": 0.0, "params": 6215.0, "params_std": 0.0, "time_iter": 0.04652, "time_iter_std": 0.00412, "accuracy": 0.76349, "accuracy_std": 0.01006, "accuracy_max": 0.77698, "precision": 0.74501, "precision_std": 0.00642, "recall": 0.60321, "recall_std": 0.03516, "f1": 0.66612, "f1_std": 0.02226, "auc": 0.8096, "auc_std": 0.02162}
{"epoch": 75, "time_epoch": 6.46117, "time_epoch_std": 0.58102, "eta": 160.0068, "eta_std": 13.1136, "eta_hours": 0.04445, "eta_hours_std": 0.00364, "loss": 0.52595, "loss_std": 0.00878, "lr": 0.00015, "lr_std": 0.0, "params": 6215.0, "params_std": 0.0, "time_iter": 0.04648, "time_iter_std": 0.00418, "accuracy": 0.77383, "accuracy_std": 0.00515, "accuracy_max": 0.78058, "precision": 0.76839, "precision_std": 0.02432, "recall": 0.60895, "recall_std": 0.04056, "f1": 0.67794, "f1_std": 0.0168, "auc": 0.8174, "auc_std": 0.01073}
{"epoch": 76, "time_epoch": 6.45151, "time_epoch_std": 0.58016, "eta": 153.2755, "eta_std": 12.57649, "eta_hours": 0.04258, "eta_hours_std": 0.00349, "loss": 0.52425, "loss_std": 0.01332, "lr": 0.00014, "lr_std": 0.0, "params": 6215.0, "params_std": 0.0, "time_iter": 0.04641, "time_iter_std": 0.00417, "accuracy": 0.76754, "accuracy_std": 0.00857, "accuracy_max": 0.77698, "precision": 0.75927, "precision_std": 0.01054, "recall": 0.59633, "recall_std": 0.02809, "f1": 0.66762, "f1_std": 0.01792, "auc": 0.81496, "auc_std": 0.01646}
{"epoch": 77, "time_epoch": 6.60248, "time_epoch_std": 0.57201, "eta": 146.59395, "eta_std": 12.01706, "eta_hours": 0.04072, "eta_hours_std": 0.00334, "loss": 0.53237, "loss_std": 0.00595, "lr": 0.00012, "lr_std": 0.0, "params": 6215.0, "params_std": 0.0, "time_iter": 0.0475, "time_iter_std": 0.00412, "accuracy": 0.76708, "accuracy_std": 0.00725, "accuracy_max": 0.77518, "precision": 0.75397, "precision_std": 0.01647, "recall": 0.60436, "recall_std": 0.03951, "f1": 0.66983, "f1_std": 0.01951, "auc": 0.8165, "auc_std": 0.01263}
{"epoch": 78, "time_epoch": 6.7008, "time_epoch_std": 0.62456, "eta": 139.94054, "eta_std": 11.44838, "eta_hours": 0.03888, "eta_hours_std": 0.00318, "loss": 0.52237, "loss_std": 0.01873, "lr": 0.00011, "lr_std": 0.0, "params": 6215.0, "params_std": 0.0, "time_iter": 0.04821, "time_iter_std": 0.00449, "accuracy": 0.77158, "accuracy_std": 0.00458, "accuracy_max": 0.77698, "precision": 0.76446, "precision_std": 0.0224, "recall": 0.60665, "recall_std": 0.04428, "f1": 0.6748, "f1_std": 0.01855, "auc": 0.81906, "auc_std": 0.01395}
{"epoch": 79, "time_epoch": 6.69437, "time_epoch_std": 0.61947, "eta": 133.28434, "eta_std": 10.88188, "eta_hours": 0.03703, "eta_hours_std": 0.00302, "loss": 0.53359, "loss_std": 0.00642, "lr": 0.0001, "lr_std": 0.0, "params": 6215.0, "params_std": 0.0, "time_iter": 0.04816, "time_iter_std": 0.00446, "accuracy": 0.76888, "accuracy_std": 0.0027, "accuracy_max": 0.77158, "precision": 0.75879, "precision_std": 0.01901, "recall": 0.60436, "recall_std": 0.03661, "f1": 0.67164, "f1_std": 0.01465, "auc": 0.81405, "auc_std": 0.01291}
{"epoch": 80, "time_epoch": 6.7146, "time_epoch_std": 0.61516, "eta": 126.63194, "eta_std": 10.32049, "eta_hours": 0.03518, "eta_hours_std": 0.00287, "loss": 0.5426, "loss_std": 0.0175, "lr": 0.0001, "lr_std": 0.0, "params": 6215.0, "params_std": 0.0, "time_iter": 0.04831, "time_iter_std": 0.00443, "accuracy": 0.76664, "accuracy_std": 0.00894, "accuracy_max": 0.77518, "precision": 0.74716, "precision_std": 0.01437, "recall": 0.61238, "recall_std": 0.02762, "f1": 0.67268, "f1_std": 0.01699, "auc": 0.81319, "auc_std": 0.02126}
{"epoch": 81, "time_epoch": 6.69979, "time_epoch_std": 0.61978, "eta": 119.97478, "eta_std": 9.76169, "eta_hours": 0.03333, "eta_hours_std": 0.00271, "loss": 0.53607, "loss_std": 0.00463, "lr": 9e-05, "lr_std": 0.0, "params": 6215.0, "params_std": 0.0, "time_iter": 0.0482, "time_iter_std": 0.00446, "accuracy": 0.77068, "accuracy_std": 0.00725, "accuracy_max": 0.77878, "precision": 0.75746, "precision_std": 0.0109, "recall": 0.61124, "recall_std": 0.02962, "f1": 0.67603, "f1_std": 0.01648, "auc": 0.81104, "auc_std": 0.01489}
{"epoch": 82, "time_epoch": 6.6979, "time_epoch_std": 0.61728, "eta": 113.31619, "eta_std": 9.20497, "eta_hours": 0.03148, "eta_hours_std": 0.00256, "loss": 0.54186, "loss_std": 0.01604, "lr": 8e-05, "lr_std": 0.0, "params": 6215.0, "params_std": 0.0, "time_iter": 0.04818, "time_iter_std": 0.00444, "accuracy": 0.77473, "accuracy_std": 0.00465, "accuracy_max": 0.78058, "precision": 0.76612, "precision_std": 0.0122, "recall": 0.61353, "recall_std": 0.03066, "f1": 0.68067, "f1_std": 0.01524, "auc": 0.81261, "auc_std": 0.02793}
{"epoch": 83, "time_epoch": 6.77624, "time_epoch_std": 0.54223, "eta": 106.6716, "eta_std": 8.64095, "eta_hours": 0.02963, "eta_hours_std": 0.0024, "loss": 0.53502, "loss_std": 0.0094, "lr": 7e-05, "lr_std": 0.0, "params": 6215.0, "params_std": 0.0, "time_iter": 0.04875, "time_iter_std": 0.0039, "accuracy": 0.77203, "accuracy_std": 0.00857, "accuracy_max": 0.78597, "precision": 0.75806, "precision_std": 0.02024, "recall": 0.61583, "recall_std": 0.01697, "f1": 0.67928, "f1_std": 0.0115, "auc": 0.81016, "auc_std": 0.01578}
{"epoch": 84, "time_epoch": 6.71037, "time_epoch_std": 0.61088, "eta": 100.01228, "eta_std": 8.08914, "eta_hours": 0.02778, "eta_hours_std": 0.00225, "loss": 0.53258, "loss_std": 0.03099, "lr": 6e-05, "lr_std": 0.0, "params": 6215.0, "params_std": 0.0, "time_iter": 0.04828, "time_iter_std": 0.00439, "accuracy": 0.76844, "accuracy_std": 0.00767, "accuracy_max": 0.77518, "precision": 0.74842, "precision_std": 0.01427, "recall": 0.61697, "recall_std": 0.00827, "f1": 0.67633, "f1_std": 0.00964, "auc": 0.8182, "auc_std": 0.01053}
{"epoch": 85, "time_epoch": 6.70669, "time_epoch_std": 0.61361, "eta": 93.35118, "eta_std": 7.54002, "eta_hours": 0.02593, "eta_hours_std": 0.00209, "loss": 0.52569, "loss_std": 0.0135, "lr": 5e-05, "lr_std": 0.0, "params": 6215.0, "params_std": 0.0, "time_iter": 0.04825, "time_iter_std": 0.00441, "accuracy": 0.78238, "accuracy_std": 0.00872, "accuracy_max": 0.79676, "precision": 0.77622, "precision_std": 0.00814, "recall": 0.625, "recall_std": 0.02061, "f1": 0.69234, "f1_std": 0.01527, "auc": 0.82141, "auc_std": 0.01315}
{"epoch": 86, "time_epoch": 6.69196, "time_epoch_std": 0.61921, "eta": 86.68682, "eta_std": 6.99456, "eta_hours": 0.02408, "eta_hours_std": 0.00195, "loss": 0.50766, "loss_std": 0.01487, "lr": 5e-05, "lr_std": 0.0, "params": 6215.0, "params_std": 0.0, "time_iter": 0.04814, "time_iter_std": 0.00445, "accuracy": 0.78372, "accuracy_std": 0.00712, "accuracy_max": 0.79317, "precision": 0.7713, "precision_std": 0.01094, "recall": 0.63762, "recall_std": 0.01973, "f1": 0.69792, "f1_std": 0.01264, "auc": 0.82686, "auc_std": 0.01337}
{"epoch": 87, "time_epoch": 6.7139, "time_epoch_std": 0.6295, "eta": 80.02484, "eta_std": 6.44979, "eta_hours": 0.02223, "eta_hours_std": 0.00179, "loss": 0.51649, "loss_std": 0.01286, "lr": 4e-05, "lr_std": 0.0, "params": 6215.0, "params_std": 0.0, "time_iter": 0.0483, "time_iter_std": 0.00453, "accuracy": 0.77293, "accuracy_std": 0.00724, "accuracy_max": 0.78417, "precision": 0.76292, "precision_std": 0.01467, "recall": 0.61124, "recall_std": 0.02035, "f1": 0.67841, "f1_std": 0.01248, "auc": 0.82441, "auc_std": 0.01648}
{"epoch": 88, "time_epoch": 6.71821, "time_epoch_std": 0.64189, "eta": 73.36221, "eta_std": 5.90557, "eta_hours": 0.02038, "eta_hours_std": 0.00164, "loss": 0.5331, "loss_std": 0.01121, "lr": 4e-05, "lr_std": 0.0, "params": 6215.0, "params_std": 0.0, "time_iter": 0.04834, "time_iter_std": 0.00462, "accuracy": 0.77068, "accuracy_std": 0.00642, "accuracy_max": 0.77878, "precision": 0.75932, "precision_std": 0.01569, "recall": 0.60895, "recall_std": 0.02779, "f1": 0.67528, "f1_std": 0.0142, "auc": 0.81115, "auc_std": 0.0118}
{"epoch": 89, "time_epoch": 6.72107, "time_epoch_std": 0.64338, "eta": 66.69868, "eta_std": 5.36423, "eta_hours": 0.01853, "eta_hours_std": 0.00149, "loss": 0.52967, "loss_std": 0.01435, "lr": 3e-05, "lr_std": 0.0, "params": 6215.0, "params_std": 0.0, "time_iter": 0.04835, "time_iter_std": 0.00463, "accuracy": 0.76708, "accuracy_std": 0.00829, "accuracy_max": 0.77698, "precision": 0.75104, "precision_std": 0.01317, "recall": 0.6078, "recall_std": 0.02837, "f1": 0.67142, "f1_std": 0.01677, "auc": 0.81786, "auc_std": 0.01244}
{"epoch": 90, "time_epoch": 6.70307, "time_epoch_std": 0.62463, "eta": 60.0321, "eta_std": 4.82296, "eta_hours": 0.01668, "eta_hours_std": 0.00134, "loss": 0.52166, "loss_std": 0.0123, "lr": 2e-05, "lr_std": 0.0, "params": 6215.0, "params_std": 0.0, "time_iter": 0.04822, "time_iter_std": 0.0045, "accuracy": 0.77248, "accuracy_std": 0.0082, "accuracy_max": 0.78058, "precision": 0.75359, "precision_std": 0.01292, "recall": 0.62386, "recall_std": 0.01863, "f1": 0.68246, "f1_std": 0.01336, "auc": 0.82289, "auc_std": 0.01099}
{"epoch": 91, "time_epoch": 7.21431, "time_epoch_std": 1.3848, "eta": 53.40917, "eta_std": 4.35894, "eta_hours": 0.01483, "eta_hours_std": 0.00121, "loss": 0.51452, "loss_std": 0.00955, "lr": 2e-05, "lr_std": 0.0, "params": 6215.0, "params_std": 0.0, "time_iter": 0.0519, "time_iter_std": 0.00996, "accuracy": 0.77788, "accuracy_std": 0.00589, "accuracy_max": 0.78237, "precision": 0.76432, "precision_std": 0.02141, "recall": 0.62844, "recall_std": 0.01337, "f1": 0.68934, "f1_std": 0.00125, "auc": 0.82339, "auc_std": 0.00837}
{"epoch": 92, "time_epoch": 7.43753, "time_epoch_std": 1.70754, "eta": 46.79034, "eta_std": 3.9009, "eta_hours": 0.013, "eta_hours_std": 0.00108, "loss": 0.53252, "loss_std": 0.01841, "lr": 2e-05, "lr_std": 0.0, "params": 6215.0, "params_std": 0.0, "time_iter": 0.05351, "time_iter_std": 0.01229, "accuracy": 0.77158, "accuracy_std": 0.00834, "accuracy_max": 0.78417, "precision": 0.76343, "precision_std": 0.02433, "recall": 0.60665, "recall_std": 0.01428, "f1": 0.67564, "f1_std": 0.00788, "auc": 0.81908, "auc_std": 0.01547}
{"epoch": 93, "time_epoch": 7.14004, "time_epoch_std": 1.23859, "eta": 40.13509, "eta_std": 3.38525, "eta_hours": 0.01115, "eta_hours_std": 0.00094, "loss": 0.53523, "loss_std": 0.00823, "lr": 1e-05, "lr_std": 0.0, "params": 6215.0, "params_std": 0.0, "time_iter": 0.05136, "time_iter_std": 0.00891, "accuracy": 0.77248, "accuracy_std": 0.00655, "accuracy_max": 0.78058, "precision": 0.76454, "precision_std": 0.01608, "recall": 0.6078, "recall_std": 0.03136, "f1": 0.67648, "f1_std": 0.01568, "auc": 0.81474, "auc_std": 0.01191}
{"epoch": 94, "time_epoch": 7.02816, "time_epoch_std": 1.0906, "eta": 33.46375, "eta_std": 2.84726, "eta_hours": 0.0093, "eta_hours_std": 0.00079, "loss": 0.52297, "loss_std": 0.01201, "lr": 1e-05, "lr_std": 0.0, "params": 6215.0, "params_std": 0.0, "time_iter": 0.05056, "time_iter_std": 0.00785, "accuracy": 0.77878, "accuracy_std": 0.00843, "accuracy_max": 0.78597, "precision": 0.77324, "precision_std": 0.02879, "recall": 0.61926, "recall_std": 0.01522, "f1": 0.6871, "f1_std": 0.00406, "auc": 0.82402, "auc_std": 0.0118}
{"epoch": 95, "time_epoch": 6.49521, "time_epoch_std": 0.43858, "eta": 26.76277, "eta_std": 2.26059, "eta_hours": 0.00744, "eta_hours_std": 0.00063, "loss": 0.51963, "loss_std": 0.01242, "lr": 1e-05, "lr_std": 0.0, "params": 6215.0, "params_std": 0.0, "time_iter": 0.04673, "time_iter_std": 0.00315, "accuracy": 0.77248, "accuracy_std": 0.00829, "accuracy_max": 0.78237, "precision": 0.76612, "precision_std": 0.02048, "recall": 0.60551, "recall_std": 0.02772, "f1": 0.67579, "f1_std": 0.01537, "auc": 0.82035, "auc_std": 0.01349}
{"epoch": 96, "time_epoch": 6.50156, "time_epoch_std": 0.44383, "eta": 20.06623, "eta_std": 1.68315, "eta_hours": 0.00558, "eta_hours_std": 0.00047, "loss": 0.52782, "loss_std": 0.01253, "lr": 0.0, "lr_std": 0.0, "params": 6215.0, "params_std": 0.0, "time_iter": 0.04678, "time_iter_std": 0.00319, "accuracy": 0.77158, "accuracy_std": 0.0073, "accuracy_max": 0.78237, "precision": 0.76514, "precision_std": 0.02456, "recall": 0.60436, "recall_std": 0.01728, "f1": 0.67476, "f1_std": 0.00685, "auc": 0.81815, "auc_std": 0.01183}
{"epoch": 97, "time_epoch": 6.48872, "time_epoch_std": 0.43531, "eta": 13.3734, "eta_std": 1.11398, "eta_hours": 0.00372, "eta_hours_std": 0.00031, "loss": 0.51809, "loss_std": 0.0131, "lr": 0.0, "lr_std": 0.0, "params": 6215.0, "params_std": 0.0, "time_iter": 0.04668, "time_iter_std": 0.00313, "accuracy": 0.77563, "accuracy_std": 0.00746, "accuracy_max": 0.78777, "precision": 0.76326, "precision_std": 0.00862, "recall": 0.62042, "recall_std": 0.02835, "f1": 0.68404, "f1_std": 0.01637, "auc": 0.82327, "auc_std": 0.01323}
{"epoch": 98, "time_epoch": 6.49544, "time_epoch_std": 0.43889, "eta": 6.68477, "eta_std": 0.55293, "eta_hours": 0.00186, "eta_hours_std": 0.00015, "loss": 0.51341, "loss_std": 0.01336, "lr": 0.0, "lr_std": 0.0, "params": 6215.0, "params_std": 0.0, "time_iter": 0.04673, "time_iter_std": 0.00316, "accuracy": 0.78238, "accuracy_std": 0.00636, "accuracy_max": 0.78957, "precision": 0.77271, "precision_std": 0.00905, "recall": 0.63074, "recall_std": 0.02438, "f1": 0.6942, "f1_std": 0.01383, "auc": 0.82444, "auc_std": 0.00966}
{"epoch": 99, "time_epoch": 6.47476, "time_epoch_std": 0.45441, "eta": 0.0, "eta_std": 0.0, "eta_hours": 0.0, "eta_hours_std": 0.0, "loss": 0.51747, "loss_std": 0.01696, "lr": 0.0, "lr_std": 0.0, "params": 6215.0, "params_std": 0.0, "time_iter": 0.04658, "time_iter_std": 0.00327, "accuracy": 0.77698, "accuracy_std": 0.00977, "accuracy_max": 0.79137, "precision": 0.76982, "precision_std": 0.01518, "recall": 0.61583, "recall_std": 0.03376, "f1": 0.68362, "f1_std": 0.01992, "auc": 0.8269, "auc_std": 0.01153}
