{"epoch": 0, "time_epoch": 2.30196, "eta": 227.89369, "eta_hours": 0.0633, "loss": 0.71568223, "lr": 0.001, "params": 6295, "time_iter": 0.06058, "accuracy": 0.48, "precision": 0.0, "recall": 0.0, "f1": 0.0, "auc": 0.49671}
{"epoch": 1, "time_epoch": 2.37947, "eta": 229.38986, "eta_hours": 0.06372, "loss": 0.70594745, "lr": 0.00099975, "params": 6295, "time_iter": 0.06262, "accuracy": 0.48, "precision": 0.0, "recall": 0.0, "f1": 0.0, "auc": 0.50071}
{"epoch": 2, "time_epoch": 1.4963, "eta": 199.7466, "eta_hours": 0.05549, "loss": 0.6998567, "lr": 0.00099901, "params": 6295, "time_iter": 0.03938, "accuracy": 0.48, "precision": 0.0, "recall": 0.0, "f1": 0.0, "auc": 0.4797}
{"epoch": 3, "time_epoch": 1.61823, "eta": 187.10306, "eta_hours": 0.05197, "loss": 0.69662504, "lr": 0.00099778, "params": 6295, "time_iter": 0.04259, "accuracy": 0.48, "precision": 0.0, "recall": 0.0, "f1": 0.0, "auc": 0.41524}
{"epoch": 4, "time_epoch": 1.6056, "eta": 178.62965, "eta_hours": 0.04962, "loss": 0.69422278, "lr": 0.00099606, "params": 6295, "time_iter": 0.04225, "accuracy": 0.46, "precision": 0.41176, "recall": 0.08974, "f1": 0.14737, "auc": 0.46902}
{"epoch": 5, "time_epoch": 1.61102, "eta": 172.5305, "eta_hours": 0.04793, "loss": 0.69335019, "lr": 0.00099384, "params": 6295, "time_iter": 0.0424, "accuracy": 0.52, "precision": 0.52, "recall": 1.0, "f1": 0.68421, "auc": 0.45718}
{"epoch": 6, "time_epoch": 1.61892, "eta": 167.8186, "eta_hours": 0.04662, "loss": 0.69319827, "lr": 0.00099114, "params": 6295, "time_iter": 0.0426, "accuracy": 0.52, "precision": 0.52, "recall": 1.0, "f1": 0.68421, "auc": 0.39672}
{"epoch": 7, "time_epoch": 1.61701, "eta": 163.85794, "eta_hours": 0.04552, "loss": 0.6928934, "lr": 0.00098796, "params": 6295, "time_iter": 0.04255, "accuracy": 0.52, "precision": 0.52, "recall": 1.0, "f1": 0.68421, "auc": 0.3953}
{"epoch": 8, "time_epoch": 1.6047, "eta": 160.29367, "eta_hours": 0.04453, "loss": 0.69355723, "lr": 0.00098429, "params": 6295, "time_iter": 0.04223, "accuracy": 0.52, "precision": 0.52, "recall": 1.0, "f1": 0.68421, "auc": 0.40135}
{"epoch": 9, "time_epoch": 1.61736, "eta": 157.23521, "eta_hours": 0.04368, "loss": 0.69343374, "lr": 0.00098015, "params": 6295, "time_iter": 0.04256, "accuracy": 0.52, "precision": 0.52, "recall": 1.0, "f1": 0.68421, "auc": 0.40331}
{"epoch": 10, "time_epoch": 1.62022, "eta": 154.4619, "eta_hours": 0.04291, "loss": 0.69279039, "lr": 0.00097553, "params": 6295, "time_iter": 0.04264, "accuracy": 0.52, "precision": 0.52, "recall": 1.0, "f1": 0.68421, "auc": 0.43447}
{"epoch": 11, "time_epoch": 1.60511, "eta": 151.77002, "eta_hours": 0.04216, "loss": 0.69277832, "lr": 0.00097044, "params": 6295, "time_iter": 0.04224, "accuracy": 0.52, "precision": 0.52, "recall": 1.0, "f1": 0.68421, "auc": 0.41952}
{"epoch": 12, "time_epoch": 1.6003, "eta": 149.21308, "eta_hours": 0.04145, "loss": 0.69564664, "lr": 0.00096489, "params": 6295, "time_iter": 0.04211, "accuracy": 0.52, "precision": 0.52, "recall": 1.0, "f1": 0.68421, "auc": 0.32585}
{"epoch": 13, "time_epoch": 1.60847, "eta": 146.84303, "eta_hours": 0.04079, "loss": 0.69292097, "lr": 0.00095888, "params": 6295, "time_iter": 0.04233, "accuracy": 0.52, "precision": 0.52, "recall": 1.0, "f1": 0.68421, "auc": 0.42201}
{"epoch": 14, "time_epoch": 1.6035, "eta": 144.54637, "eta_hours": 0.04015, "loss": 0.69267205, "lr": 0.00095241, "params": 6295, "time_iter": 0.0422, "accuracy": 0.52, "precision": 0.52, "recall": 1.0, "f1": 0.68421, "auc": 0.43857}
{"epoch": 15, "time_epoch": 1.60233, "eta": 142.3302, "eta_hours": 0.03954, "loss": 0.69263044, "lr": 0.0009455, "params": 6295, "time_iter": 0.04217, "accuracy": 0.52, "precision": 0.52, "recall": 1.0, "f1": 0.68421, "auc": 0.35595}
{"epoch": 16, "time_epoch": 1.59925, "eta": 140.17123, "eta_hours": 0.03894, "loss": 0.69308608, "lr": 0.00093815, "params": 6295, "time_iter": 0.04209, "accuracy": 0.52, "precision": 0.52, "recall": 1.0, "f1": 0.68421, "auc": 0.43394}
{"epoch": 17, "time_epoch": 1.59562, "eta": 138.05789, "eta_hours": 0.03835, "loss": 0.69290197, "lr": 0.00093037, "params": 6295, "time_iter": 0.04199, "accuracy": 0.52, "precision": 0.52, "recall": 1.0, "f1": 0.68421, "auc": 0.39281}
{"epoch": 18, "time_epoch": 1.61554, "eta": 136.08396, "eta_hours": 0.0378, "loss": 0.69255218, "lr": 0.00092216, "params": 6295, "time_iter": 0.04251, "accuracy": 0.52, "precision": 0.52, "recall": 1.0, "f1": 0.68421, "auc": 0.4537}
{"epoch": 19, "time_epoch": 1.59992, "eta": 134.0834, "eta_hours": 0.03725, "loss": 0.69262588, "lr": 0.00091354, "params": 6295, "time_iter": 0.0421, "accuracy": 0.52, "precision": 0.52, "recall": 1.0, "f1": 0.68421, "auc": 0.461}
{"epoch": 20, "time_epoch": 1.60026, "eta": 132.12227, "eta_hours": 0.0367, "loss": 0.69333895, "lr": 0.00090451, "params": 6295, "time_iter": 0.04211, "accuracy": 0.52, "precision": 0.52, "recall": 1.0, "f1": 0.68421, "auc": 0.42593}
{"epoch": 21, "time_epoch": 1.60297, "eta": 130.20356, "eta_hours": 0.03617, "loss": 0.69254456, "lr": 0.00089508, "params": 6295, "time_iter": 0.04218, "accuracy": 0.52, "precision": 0.52, "recall": 1.0, "f1": 0.68421, "auc": 0.44551}
{"epoch": 22, "time_epoch": 1.60378, "eta": 128.31502, "eta_hours": 0.03564, "loss": 0.69262203, "lr": 0.00088526, "params": 6295, "time_iter": 0.0422, "accuracy": 0.52, "precision": 0.52, "recall": 1.0, "f1": 0.68421, "auc": 0.43554}
{"epoch": 23, "time_epoch": 1.59896, "eta": 126.43494, "eta_hours": 0.03512, "loss": 0.69285666, "lr": 0.00087506, "params": 6295, "time_iter": 0.04208, "accuracy": 0.52, "precision": 0.52, "recall": 1.0, "f1": 0.68421, "auc": 0.40189}
{"epoch": 24, "time_epoch": 1.59536, "eta": 124.56655, "eta_hours": 0.0346, "loss": 0.69258061, "lr": 0.00086448, "params": 6295, "time_iter": 0.04198, "accuracy": 0.52, "precision": 0.52, "recall": 1.0, "f1": 0.68421, "auc": 0.41595}
{"epoch": 25, "time_epoch": 1.60315, "eta": 122.74134, "eta_hours": 0.03409, "loss": 0.69292033, "lr": 0.00085355, "params": 6295, "time_iter": 0.04219, "accuracy": 0.52, "precision": 0.52, "recall": 1.0, "f1": 0.68421, "auc": 0.39156}
{"epoch": 26, "time_epoch": 1.60269, "eta": 120.93134, "eta_hours": 0.03359, "loss": 0.69261588, "lr": 0.00084227, "params": 6295, "time_iter": 0.04218, "accuracy": 0.52, "precision": 0.52, "recall": 1.0, "f1": 0.68421, "auc": 0.41506}
{"epoch": 27, "time_epoch": 1.59504, "eta": 119.11648, "eta_hours": 0.03309, "loss": 0.69248123, "lr": 0.00083066, "params": 6295, "time_iter": 0.04197, "accuracy": 0.52, "precision": 0.52, "recall": 1.0, "f1": 0.68421, "auc": 0.42877}
{"epoch": 28, "time_epoch": 1.60086, "eta": 117.33102, "eta_hours": 0.03259, "loss": 0.69278404, "lr": 0.00081871, "params": 6295, "time_iter": 0.04213, "accuracy": 0.52, "precision": 0.52, "recall": 1.0, "f1": 0.68421, "auc": 0.44266}
{"epoch": 29, "time_epoch": 1.60184, "eta": 115.56015, "eta_hours": 0.0321, "loss": 0.69269325, "lr": 0.00080645, "params": 6295, "time_iter": 0.04215, "accuracy": 0.52, "precision": 0.52, "recall": 1.0, "f1": 0.68421, "auc": 0.42984}
{"epoch": 30, "time_epoch": 1.59456, "eta": 113.78399, "eta_hours": 0.03161, "loss": 0.69447217, "lr": 0.00079389, "params": 6295, "time_iter": 0.04196, "accuracy": 0.52, "precision": 0.52, "recall": 1.0, "f1": 0.68421, "auc": 0.35577}
{"epoch": 31, "time_epoch": 1.60012, "eta": 112.03098, "eta_hours": 0.03112, "loss": 0.6926564, "lr": 0.00078104, "params": 6295, "time_iter": 0.04211, "accuracy": 0.52, "precision": 0.52, "recall": 1.0, "f1": 0.68421, "auc": 0.46029}
{"epoch": 32, "time_epoch": 1.60266, "eta": 110.29239, "eta_hours": 0.03064, "loss": 0.69303973, "lr": 0.00076791, "params": 6295, "time_iter": 0.04218, "accuracy": 0.52, "precision": 0.52, "recall": 1.0, "f1": 0.68421, "auc": 0.38515}
{"epoch": 33, "time_epoch": 1.59761, "eta": 108.55201, "eta_hours": 0.03015, "loss": 0.69336412, "lr": 0.00075452, "params": 6295, "time_iter": 0.04204, "accuracy": 0.52, "precision": 0.52, "recall": 1.0, "f1": 0.68421, "auc": 0.39637}
{"epoch": 34, "time_epoch": 1.59809, "eta": 106.82066, "eta_hours": 0.02967, "loss": 0.69294961, "lr": 0.00074088, "params": 6295, "time_iter": 0.04205, "accuracy": 0.52, "precision": 0.52, "recall": 1.0, "f1": 0.68421, "auc": 0.4196}
{"epoch": 35, "time_epoch": 1.59473, "eta": 105.09075, "eta_hours": 0.02919, "loss": 0.69239757, "lr": 0.000727, "params": 6295, "time_iter": 0.04197, "accuracy": 0.52, "precision": 0.52, "recall": 1.0, "f1": 0.68421, "auc": 0.45602}
{"epoch": 36, "time_epoch": 1.60723, "eta": 103.38943, "eta_hours": 0.02872, "loss": 0.69344978, "lr": 0.00071289, "params": 6295, "time_iter": 0.0423, "accuracy": 0.52, "precision": 0.52, "recall": 1.0, "f1": 0.68421, "auc": 0.3766}
{"epoch": 37, "time_epoch": 1.60313, "eta": 101.68637, "eta_hours": 0.02825, "loss": 0.69288943, "lr": 0.00069857, "params": 6295, "time_iter": 0.04219, "accuracy": 0.52, "precision": 0.52, "recall": 1.0, "f1": 0.68421, "auc": 0.42112}
{"epoch": 38, "time_epoch": 1.60064, "eta": 99.98454, "eta_hours": 0.02777, "loss": 0.69274028, "lr": 0.00068406, "params": 6295, "time_iter": 0.04212, "accuracy": 0.52, "precision": 0.52, "recall": 1.0, "f1": 0.68421, "auc": 0.43145}
{"epoch": 39, "time_epoch": 1.59978, "eta": 98.28648, "eta_hours": 0.0273, "loss": 0.69256979, "lr": 0.00066937, "params": 6295, "time_iter": 0.0421, "accuracy": 0.52, "precision": 0.52, "recall": 1.0, "f1": 0.68421, "auc": 0.39726}
{"epoch": 40, "time_epoch": 1.59146, "eta": 96.58125, "eta_hours": 0.02683, "loss": 0.69244174, "lr": 0.00065451, "params": 6295, "time_iter": 0.04188, "accuracy": 0.52, "precision": 0.52, "recall": 1.0, "f1": 0.68421, "auc": 0.47035}
{"epoch": 41, "time_epoch": 1.59748, "eta": 94.88974, "eta_hours": 0.02636, "loss": 0.69268665, "lr": 0.0006395, "params": 6295, "time_iter": 0.04204, "accuracy": 0.52, "precision": 0.52, "recall": 1.0, "f1": 0.68421, "auc": 0.41987}
{"epoch": 42, "time_epoch": 1.59821, "eta": 93.20358, "eta_hours": 0.02589, "loss": 0.69343821, "lr": 0.00062434, "params": 6295, "time_iter": 0.04206, "accuracy": 0.52, "precision": 0.52, "recall": 1.0, "f1": 0.68421, "auc": 0.39174}
{"epoch": 43, "time_epoch": 1.59995, "eta": 91.52363, "eta_hours": 0.02542, "loss": 0.69255734, "lr": 0.00060907, "params": 6295, "time_iter": 0.0421, "accuracy": 0.52, "precision": 0.52, "recall": 1.0, "f1": 0.68421, "auc": 0.4724}
{"epoch": 44, "time_epoch": 1.59874, "eta": 89.84575, "eta_hours": 0.02496, "loss": 0.69281906, "lr": 0.00059369, "params": 6295, "time_iter": 0.04207, "accuracy": 0.52, "precision": 0.52, "recall": 1.0, "f1": 0.68421, "auc": 0.38052}
{"epoch": 45, "time_epoch": 1.5987, "eta": 88.17127, "eta_hours": 0.02449, "loss": 0.69240569, "lr": 0.00057822, "params": 6295, "time_iter": 0.04207, "accuracy": 0.52, "precision": 0.52, "recall": 1.0, "f1": 0.68421, "auc": 0.48451}
{"epoch": 46, "time_epoch": 1.60116, "eta": 86.50279, "eta_hours": 0.02403, "loss": 0.69247412, "lr": 0.00056267, "params": 6295, "time_iter": 0.04214, "accuracy": 0.52, "precision": 0.52, "recall": 1.0, "f1": 0.68421, "auc": 0.46724}
{"epoch": 47, "time_epoch": 1.59583, "eta": 84.83134, "eta_hours": 0.02356, "loss": 0.69256267, "lr": 0.00054705, "params": 6295, "time_iter": 0.042, "accuracy": 0.52, "precision": 0.52, "recall": 1.0, "f1": 0.68421, "auc": 0.44818}
{"epoch": 48, "time_epoch": 1.59175, "eta": 83.15873, "eta_hours": 0.0231, "loss": 0.69273797, "lr": 0.0005314, "params": 6295, "time_iter": 0.04189, "accuracy": 0.52, "precision": 0.52, "recall": 1.0, "f1": 0.68421, "auc": 0.40491}
{"epoch": 49, "time_epoch": 1.60999, "eta": 81.50759, "eta_hours": 0.02264, "loss": 0.69264709, "lr": 0.00051571, "params": 6295, "time_iter": 0.04237, "accuracy": 0.52, "precision": 0.52, "recall": 1.0, "f1": 0.68421, "auc": 0.37269}
{"epoch": 50, "time_epoch": 1.59639, "eta": 79.845, "eta_hours": 0.02218, "loss": 0.69277746, "lr": 0.0005, "params": 6295, "time_iter": 0.04201, "accuracy": 0.52, "precision": 0.52, "recall": 1.0, "f1": 0.68421, "auc": 0.40331}
{"epoch": 51, "time_epoch": 1.59658, "eta": 78.18514, "eta_hours": 0.02172, "loss": 0.69253995, "lr": 0.00048429, "params": 6295, "time_iter": 0.04202, "accuracy": 0.52, "precision": 0.52, "recall": 1.0, "f1": 0.68421, "auc": 0.43732}
{"epoch": 52, "time_epoch": 1.5992, "eta": 76.52998, "eta_hours": 0.02126, "loss": 0.69264923, "lr": 0.0004686, "params": 6295, "time_iter": 0.04208, "accuracy": 0.52, "precision": 0.52, "recall": 1.0, "f1": 0.68421, "auc": 0.41987}
{"epoch": 53, "time_epoch": 1.59467, "eta": 74.87304, "eta_hours": 0.0208, "loss": 0.69291566, "lr": 0.00045295, "params": 6295, "time_iter": 0.04197, "accuracy": 0.52, "precision": 0.52, "recall": 1.0, "f1": 0.68421, "auc": 0.41168}
{"epoch": 54, "time_epoch": 1.5947, "eta": 73.21838, "eta_hours": 0.02034, "loss": 0.69240164, "lr": 0.00043733, "params": 6295, "time_iter": 0.04197, "accuracy": 0.52, "precision": 0.52, "recall": 1.0, "f1": 0.68421, "auc": 0.49288}
{"epoch": 55, "time_epoch": 1.59763, "eta": 71.56817, "eta_hours": 0.01988, "loss": 0.69266128, "lr": 0.00042178, "params": 6295, "time_iter": 0.04204, "accuracy": 0.52, "precision": 0.52, "recall": 1.0, "f1": 0.68421, "auc": 0.43287}
{"epoch": 56, "time_epoch": 1.59949, "eta": 69.92121, "eta_hours": 0.01942, "loss": 0.6924841, "lr": 0.00040631, "params": 6295, "time_iter": 0.04209, "accuracy": 0.52, "precision": 0.52, "recall": 1.0, "f1": 0.68421, "auc": 0.45637}
{"epoch": 57, "time_epoch": 1.60111, "eta": 68.27706, "eta_hours": 0.01897, "loss": 0.69333989, "lr": 0.00039093, "params": 6295, "time_iter": 0.04213, "accuracy": 0.52, "precision": 0.52, "recall": 1.0, "f1": 0.68421, "auc": 0.35719}
{"epoch": 58, "time_epoch": 1.59446, "eta": 66.62975, "eta_hours": 0.01851, "loss": 0.69260079, "lr": 0.00037566, "params": 6295, "time_iter": 0.04196, "accuracy": 0.52, "precision": 0.52, "recall": 1.0, "f1": 0.68421, "auc": 0.42931}
{"epoch": 59, "time_epoch": 1.59896, "eta": 64.98719, "eta_hours": 0.01805, "loss": 0.69244935, "lr": 0.0003605, "params": 6295, "time_iter": 0.04208, "accuracy": 0.52, "precision": 0.52, "recall": 1.0, "f1": 0.68421, "auc": 0.45192}
{"epoch": 60, "time_epoch": 1.59998, "eta": 63.34672, "eta_hours": 0.0176, "loss": 0.69246754, "lr": 0.00034549, "params": 6295, "time_iter": 0.0421, "accuracy": 0.52, "precision": 0.52, "recall": 1.0, "f1": 0.68421, "auc": 0.46323}
{"epoch": 61, "time_epoch": 1.60045, "eta": 61.70785, "eta_hours": 0.01714, "loss": 0.69276095, "lr": 0.00033063, "params": 6295, "time_iter": 0.04212, "accuracy": 0.52, "precision": 0.52, "recall": 1.0, "f1": 0.68421, "auc": 0.40189}
{"epoch": 62, "time_epoch": 1.59315, "eta": 60.0659, "eta_hours": 0.01668, "loss": 0.69260197, "lr": 0.00031594, "params": 6295, "time_iter": 0.04192, "accuracy": 0.52, "precision": 0.52, "recall": 1.0, "f1": 0.68421, "auc": 0.38453}
{"epoch": 63, "time_epoch": 1.60652, "eta": 58.433, "eta_hours": 0.01623, "loss": 0.6925757, "lr": 0.00030143, "params": 6295, "time_iter": 0.04228, "accuracy": 0.52, "precision": 0.52, "recall": 1.0, "f1": 0.68421, "auc": 0.40705}
{"epoch": 64, "time_epoch": 1.59411, "eta": 56.79423, "eta_hours": 0.01578, "loss": 0.69240626, "lr": 0.00028711, "params": 6295, "time_iter": 0.04195, "accuracy": 0.52, "precision": 0.52, "recall": 1.0, "f1": 0.68421, "auc": 0.47231}
{"epoch": 65, "time_epoch": 1.6033, "eta": 55.16154, "eta_hours": 0.01532, "loss": 0.69252267, "lr": 0.000273, "params": 6295, "time_iter": 0.04219, "accuracy": 0.52, "precision": 0.52, "recall": 1.0, "f1": 0.68421, "auc": 0.45014}
{"epoch": 66, "time_epoch": 1.59545, "eta": 53.52587, "eta_hours": 0.01487, "loss": 0.69239027, "lr": 0.00025912, "params": 6295, "time_iter": 0.04199, "accuracy": 0.52, "precision": 0.52, "recall": 1.0, "f1": 0.68421, "auc": 0.46706}
{"epoch": 67, "time_epoch": 1.60449, "eta": 51.89564, "eta_hours": 0.01442, "loss": 0.69256636, "lr": 0.00024548, "params": 6295, "time_iter": 0.04222, "accuracy": 0.52, "precision": 0.52, "recall": 1.0, "f1": 0.68421, "auc": 0.36476}
{"epoch": 68, "time_epoch": 1.5939, "eta": 50.26139, "eta_hours": 0.01396, "loss": 0.69243502, "lr": 0.00023209, "params": 6295, "time_iter": 0.04194, "accuracy": 0.52, "precision": 0.52, "recall": 1.0, "f1": 0.68421, "auc": 0.4489}
{"epoch": 69, "time_epoch": 1.59857, "eta": 48.6303, "eta_hours": 0.01351, "loss": 0.69246285, "lr": 0.00021896, "params": 6295, "time_iter": 0.04207, "accuracy": 0.52, "precision": 0.52, "recall": 1.0, "f1": 0.68421, "auc": 0.42254}
{"epoch": 70, "time_epoch": 1.59946, "eta": 47.00048, "eta_hours": 0.01306, "loss": 0.69254009, "lr": 0.00020611, "params": 6295, "time_iter": 0.04209, "accuracy": 0.52, "precision": 0.52, "recall": 1.0, "f1": 0.68421, "auc": 0.37767}
{"epoch": 71, "time_epoch": 1.60845, "eta": 45.37501, "eta_hours": 0.0126, "loss": 0.69249081, "lr": 0.00019355, "params": 6295, "time_iter": 0.04233, "accuracy": 0.52, "precision": 0.52, "recall": 1.0, "f1": 0.68421, "auc": 0.39904}
{"epoch": 72, "time_epoch": 1.59489, "eta": 43.74499, "eta_hours": 0.01215, "loss": 0.6923669, "lr": 0.00018129, "params": 6295, "time_iter": 0.04197, "accuracy": 0.52, "precision": 0.52, "recall": 1.0, "f1": 0.68421, "auc": 0.49795}
{"epoch": 73, "time_epoch": 1.6045, "eta": 42.11929, "eta_hours": 0.0117, "loss": 0.69254244, "lr": 0.00016934, "params": 6295, "time_iter": 0.04222, "accuracy": 0.52, "precision": 0.52, "recall": 1.0, "f1": 0.68421, "auc": 0.39744}
{"epoch": 74, "time_epoch": 1.59854, "eta": 40.49218, "eta_hours": 0.01125, "loss": 0.69240991, "lr": 0.00015773, "params": 6295, "time_iter": 0.04207, "accuracy": 0.52, "precision": 0.52, "recall": 1.0, "f1": 0.68421, "auc": 0.45905}
{"epoch": 75, "time_epoch": 1.6076, "eta": 38.86867, "eta_hours": 0.0108, "loss": 0.69256994, "lr": 0.00014645, "params": 6295, "time_iter": 0.04231, "accuracy": 0.52, "precision": 0.52, "recall": 1.0, "f1": 0.68421, "auc": 0.37358}
{"epoch": 76, "time_epoch": 1.59718, "eta": 37.24247, "eta_hours": 0.01035, "loss": 0.69236315, "lr": 0.00013552, "params": 6295, "time_iter": 0.04203, "accuracy": 0.52, "precision": 0.52, "recall": 1.0, "f1": 0.68421, "auc": 0.49181}
{"epoch": 77, "time_epoch": 1.59877, "eta": 35.61746, "eta_hours": 0.00989, "loss": 0.69230351, "lr": 0.00012494, "params": 6295, "time_iter": 0.04207, "accuracy": 0.52, "precision": 0.52, "recall": 1.0, "f1": 0.68421, "auc": 0.54327}
{"epoch": 78, "time_epoch": 1.60472, "eta": 33.99469, "eta_hours": 0.00944, "loss": 0.69247508, "lr": 0.00011474, "params": 6295, "time_iter": 0.04223, "accuracy": 0.52, "precision": 0.52, "recall": 1.0, "f1": 0.68421, "auc": 0.41168}
{"epoch": 79, "time_epoch": 1.59768, "eta": 32.37062, "eta_hours": 0.00899, "loss": 0.69242484, "lr": 0.00010492, "params": 6295, "time_iter": 0.04204, "accuracy": 0.52, "precision": 0.52, "recall": 1.0, "f1": 0.68421, "auc": 0.44801}
{"epoch": 80, "time_epoch": 1.60789, "eta": 30.74959, "eta_hours": 0.00854, "loss": 0.69236798, "lr": 9.549e-05, "params": 6295, "time_iter": 0.04231, "accuracy": 0.52, "precision": 0.52, "recall": 1.0, "f1": 0.68421, "auc": 0.47578}
{"epoch": 81, "time_epoch": 1.60183, "eta": 29.12755, "eta_hours": 0.00809, "loss": 0.69233924, "lr": 8.646e-05, "params": 6295, "time_iter": 0.04215, "accuracy": 0.52, "precision": 0.52, "recall": 1.0, "f1": 0.68421, "auc": 0.51611}
{"epoch": 82, "time_epoch": 1.60172, "eta": 27.50598, "eta_hours": 0.00764, "loss": 0.69237903, "lr": 7.784e-05, "params": 6295, "time_iter": 0.04215, "accuracy": 0.52, "precision": 0.52, "recall": 1.0, "f1": 0.68421, "auc": 0.47703}
{"epoch": 83, "time_epoch": 1.59806, "eta": 25.88419, "eta_hours": 0.00719, "loss": 0.69244542, "lr": 6.963e-05, "params": 6295, "time_iter": 0.04205, "accuracy": 0.52, "precision": 0.52, "recall": 1.0, "f1": 0.68421, "auc": 0.43064}
{"epoch": 84, "time_epoch": 1.60487, "eta": 24.26415, "eta_hours": 0.00674, "loss": 0.69237285, "lr": 6.185e-05, "params": 6295, "time_iter": 0.04223, "accuracy": 0.52, "precision": 0.52, "recall": 1.0, "f1": 0.68421, "auc": 0.48113}
{"epoch": 85, "time_epoch": 1.6078, "eta": 22.64494, "eta_hours": 0.00629, "loss": 0.69241594, "lr": 5.45e-05, "params": 6295, "time_iter": 0.04231, "accuracy": 0.52, "precision": 0.52, "recall": 1.0, "f1": 0.68421, "auc": 0.46911}
{"epoch": 86, "time_epoch": 1.60829, "eta": 21.02607, "eta_hours": 0.00584, "loss": 0.69242666, "lr": 4.759e-05, "params": 6295, "time_iter": 0.04232, "accuracy": 0.52, "precision": 0.52, "recall": 1.0, "f1": 0.68421, "auc": 0.43563}
{"epoch": 87, "time_epoch": 1.60877, "eta": 19.4075, "eta_hours": 0.00539, "loss": 0.69243153, "lr": 4.112e-05, "params": 6295, "time_iter": 0.04234, "accuracy": 0.52, "precision": 0.52, "recall": 1.0, "f1": 0.68421, "auc": 0.40011}
{"epoch": 88, "time_epoch": 1.61034, "eta": 17.78935, "eta_hours": 0.00494, "loss": 0.69231159, "lr": 3.511e-05, "params": 6295, "time_iter": 0.04238, "accuracy": 0.52, "precision": 0.52, "recall": 1.0, "f1": 0.68421, "auc": 0.5317}
{"epoch": 89, "time_epoch": 1.59682, "eta": 16.16987, "eta_hours": 0.00449, "loss": 0.69232423, "lr": 2.956e-05, "params": 6295, "time_iter": 0.04202, "accuracy": 0.52, "precision": 0.52, "recall": 1.0, "f1": 0.68421, "auc": 0.53722}
{"epoch": 90, "time_epoch": 1.59581, "eta": 14.55079, "eta_hours": 0.00404, "loss": 0.69239456, "lr": 2.447e-05, "params": 6295, "time_iter": 0.04199, "accuracy": 0.52, "precision": 0.52, "recall": 1.0, "f1": 0.68421, "auc": 0.4578}
{"epoch": 91, "time_epoch": 1.60512, "eta": 12.93302, "eta_hours": 0.00359, "loss": 0.69230785, "lr": 1.985e-05, "params": 6295, "time_iter": 0.04224, "accuracy": 0.52, "precision": 0.52, "recall": 1.0, "f1": 0.68421, "auc": 0.54603}
{"epoch": 92, "time_epoch": 1.60042, "eta": 11.31518, "eta_hours": 0.00314, "loss": 0.69234057, "lr": 1.571e-05, "params": 6295, "time_iter": 0.04212, "accuracy": 0.52, "precision": 0.52, "recall": 1.0, "f1": 0.68421, "auc": 0.49911}
{"epoch": 93, "time_epoch": 1.60463, "eta": 9.69797, "eta_hours": 0.00269, "loss": 0.69240309, "lr": 1.204e-05, "params": 6295, "time_iter": 0.04223, "accuracy": 0.52, "precision": 0.52, "recall": 1.0, "f1": 0.68421, "auc": 0.44907}
{"epoch": 94, "time_epoch": 1.59588, "eta": 8.08056, "eta_hours": 0.00224, "loss": 0.69246764, "lr": 8.86e-06, "params": 6295, "time_iter": 0.042, "accuracy": 0.52, "precision": 0.52, "recall": 1.0, "f1": 0.68421, "auc": 0.38114}
{"epoch": 95, "time_epoch": 1.60239, "eta": 6.46388, "eta_hours": 0.0018, "loss": 0.69236406, "lr": 6.16e-06, "params": 6295, "time_iter": 0.04217, "accuracy": 0.52, "precision": 0.52, "recall": 1.0, "f1": 0.68421, "auc": 0.49555}
{"epoch": 96, "time_epoch": 1.6008, "eta": 4.84744, "eta_hours": 0.00135, "loss": 0.69224393, "lr": 3.94e-06, "params": 6295, "time_iter": 0.04213, "accuracy": 0.52, "precision": 0.52, "recall": 1.0, "f1": 0.68421, "auc": 0.58957}
{"epoch": 97, "time_epoch": 1.60301, "eta": 3.23137, "eta_hours": 0.0009, "loss": 0.69234967, "lr": 2.22e-06, "params": 6295, "time_iter": 0.04218, "accuracy": 0.52, "precision": 0.52, "recall": 1.0, "f1": 0.68421, "auc": 0.5041}
{"epoch": 98, "time_epoch": 1.60282, "eta": 1.61555, "eta_hours": 0.00045, "loss": 0.69239833, "lr": 9.9e-07, "params": 6295, "time_iter": 0.04218, "accuracy": 0.52, "precision": 0.52, "recall": 1.0, "f1": 0.68421, "auc": 0.4602}
{"epoch": 99, "time_epoch": 1.59661, "eta": 0.0, "eta_hours": 0.0, "loss": 0.69236397, "lr": 2.5e-07, "params": 6295, "time_iter": 0.04202, "accuracy": 0.52, "precision": 0.52, "recall": 1.0, "f1": 0.68421, "auc": 0.49403}
