{"epoch": 0, "time_epoch": 6.91227, "eta": 684.31443, "eta_hours": 0.19009, "loss": 0.69353199, "lr": 0.001, "params": 9207, "time_iter": 0.62839, "accuracy": 0.52381, "precision": 0.0, "recall": 0.0, "f1": 0.0, "auc": 0.32727}
{"epoch": 1, "time_epoch": 7.51737, "eta": 707.05209, "eta_hours": 0.1964, "loss": 0.69281466, "lr": 0.00099975, "params": 9207, "time_iter": 0.6834, "accuracy": 0.52381, "precision": 0.0, "recall": 0.0, "f1": 0.0, "auc": 0.54091}
{"epoch": 2, "time_epoch": 0.47498, "eta": 481.91585, "eta_hours": 0.13387, "loss": 0.69311361, "lr": 0.00099901, "params": 9207, "time_iter": 0.04318, "accuracy": 0.52381, "precision": 0.0, "recall": 0.0, "f1": 0.0, "auc": 0.425}
{"epoch": 3, "time_epoch": 0.5276, "eta": 370.37314, "eta_hours": 0.10288, "loss": 0.69216748, "lr": 0.00099778, "params": 9207, "time_iter": 0.04796, "accuracy": 0.52381, "precision": 0.0, "recall": 0.0, "f1": 0.0, "auc": 0.6}
{"epoch": 4, "time_epoch": 0.52339, "eta": 303.1565, "eta_hours": 0.08421, "loss": 0.69092434, "lr": 0.00099606, "params": 9207, "time_iter": 0.04758, "accuracy": 0.52381, "precision": 0.0, "recall": 0.0, "f1": 0.0, "auc": 0.7}
{"epoch": 5, "time_epoch": 0.57848, "eta": 259.03399, "eta_hours": 0.07195, "loss": 0.69051118, "lr": 0.00099384, "params": 9207, "time_iter": 0.05259, "accuracy": 0.54762, "precision": 1.0, "recall": 0.05, "f1": 0.09524, "auc": 0.64091}
{"epoch": 6, "time_epoch": 0.58624, "eta": 227.45576, "eta_hours": 0.06318, "loss": 0.68570224, "lr": 0.00099114, "params": 9207, "time_iter": 0.05329, "accuracy": 0.57143, "precision": 1.0, "recall": 0.1, "f1": 0.18182, "auc": 0.79318}
{"epoch": 7, "time_epoch": 0.5817, "eta": 203.57334, "eta_hours": 0.05655, "loss": 0.68013291, "lr": 0.00098796, "params": 9207, "time_iter": 0.05288, "accuracy": 0.66667, "precision": 0.8, "recall": 0.4, "f1": 0.53333, "auc": 0.76364}
{"epoch": 8, "time_epoch": 0.57843, "eta": 184.83579, "eta_hours": 0.05134, "loss": 0.6751837, "lr": 0.00098429, "params": 9207, "time_iter": 0.05258, "accuracy": 0.64286, "precision": 0.77778, "recall": 0.35, "f1": 0.48276, "auc": 0.74318}
{"epoch": 9, "time_epoch": 0.5814, "eta": 169.75674, "eta_hours": 0.04715, "loss": 0.65052085, "lr": 0.00098015, "params": 9207, "time_iter": 0.05285, "accuracy": 0.7381, "precision": 0.84615, "recall": 0.55, "f1": 0.66667, "auc": 0.85682}
{"epoch": 10, "time_epoch": 0.57692, "eta": 157.27743, "eta_hours": 0.04369, "loss": 0.65167292, "lr": 0.00097553, "params": 9207, "time_iter": 0.05245, "accuracy": 0.71429, "precision": 0.72222, "recall": 0.65, "f1": 0.68421, "auc": 0.76136}
{"epoch": 11, "time_epoch": 0.57886, "eta": 146.79605, "eta_hours": 0.04078, "loss": 0.60325889, "lr": 0.00097044, "params": 9207, "time_iter": 0.05262, "accuracy": 0.7619, "precision": 0.85714, "recall": 0.6, "f1": 0.70588, "auc": 0.82955}
{"epoch": 12, "time_epoch": 0.57896, "eta": 137.83879, "eta_hours": 0.03829, "loss": 0.56520628, "lr": 0.00096489, "params": 9207, "time_iter": 0.05263, "accuracy": 0.71429, "precision": 0.7, "recall": 0.7, "f1": 0.7, "auc": 0.85682}
{"epoch": 13, "time_epoch": 0.57775, "eta": 130.071, "eta_hours": 0.03613, "loss": 0.51441913, "lr": 0.00095888, "params": 9207, "time_iter": 0.05252, "accuracy": 0.80952, "precision": 0.83333, "recall": 0.75, "f1": 0.78947, "auc": 0.87045}
{"epoch": 14, "time_epoch": 0.5778, "eta": 123.2622, "eta_hours": 0.03424, "loss": 0.460265, "lr": 0.00095241, "params": 9207, "time_iter": 0.05253, "accuracy": 0.78571, "precision": 0.7619, "recall": 0.8, "f1": 0.78049, "auc": 0.91136}
{"epoch": 15, "time_epoch": 0.57533, "eta": 117.21928, "eta_hours": 0.03256, "loss": 0.44159849, "lr": 0.0009455, "params": 9207, "time_iter": 0.0523, "accuracy": 0.85714, "precision": 0.85, "recall": 0.85, "f1": 0.85, "auc": 0.91136}
{"epoch": 16, "time_epoch": 0.57957, "eta": 111.84032, "eta_hours": 0.03107, "loss": 0.41455094, "lr": 0.00093815, "params": 9207, "time_iter": 0.05269, "accuracy": 0.83333, "precision": 0.84211, "recall": 0.8, "f1": 0.82051, "auc": 0.89318}
{"epoch": 17, "time_epoch": 0.57524, "eta": 106.97489, "eta_hours": 0.02972, "loss": 0.41329391, "lr": 0.00093037, "params": 9207, "time_iter": 0.05229, "accuracy": 0.88095, "precision": 0.89474, "recall": 0.85, "f1": 0.87179, "auc": 0.88636}
{"epoch": 18, "time_epoch": 0.57748, "eta": 102.57063, "eta_hours": 0.02849, "loss": 0.42387372, "lr": 0.00092216, "params": 9207, "time_iter": 0.0525, "accuracy": 0.80952, "precision": 0.83333, "recall": 0.75, "f1": 0.78947, "auc": 0.87955}
{"epoch": 19, "time_epoch": 0.58023, "eta": 98.56004, "eta_hours": 0.02738, "loss": 0.4605895, "lr": 0.00091354, "params": 9207, "time_iter": 0.05275, "accuracy": 0.7619, "precision": 0.77778, "recall": 0.7, "f1": 0.73684, "auc": 0.87045}
{"epoch": 20, "time_epoch": 0.58239, "eta": 94.88427, "eta_hours": 0.02636, "loss": 0.46152788, "lr": 0.00090451, "params": 9207, "time_iter": 0.05294, "accuracy": 0.78571, "precision": 0.78947, "recall": 0.75, "f1": 0.76923, "auc": 0.86591}
{"epoch": 21, "time_epoch": 0.57667, "eta": 91.46943, "eta_hours": 0.02541, "loss": 0.26480166, "lr": 0.00089508, "params": 9207, "time_iter": 0.05242, "accuracy": 0.95238, "precision": 0.95, "recall": 0.95, "f1": 0.95, "auc": 0.975}
{"epoch": 22, "time_epoch": 0.58416, "eta": 88.32647, "eta_hours": 0.02454, "loss": 0.34104059, "lr": 0.00088526, "params": 9207, "time_iter": 0.05311, "accuracy": 0.80952, "precision": 0.83333, "recall": 0.75, "f1": 0.78947, "auc": 0.925}
{"epoch": 23, "time_epoch": 0.58136, "eta": 85.38789, "eta_hours": 0.02372, "loss": 0.23695066, "lr": 0.00087506, "params": 9207, "time_iter": 0.05285, "accuracy": 0.92857, "precision": 0.94737, "recall": 0.9, "f1": 0.92308, "auc": 0.97045}
{"epoch": 24, "time_epoch": 0.57801, "eta": 82.62781, "eta_hours": 0.02295, "loss": 0.33408687, "lr": 0.00086448, "params": 9207, "time_iter": 0.05255, "accuracy": 0.83333, "precision": 0.80952, "recall": 0.85, "f1": 0.82927, "auc": 0.92955}
{"epoch": 25, "time_epoch": 0.57849, "eta": 80.03695, "eta_hours": 0.02223, "loss": 0.22189041, "lr": 0.00085355, "params": 9207, "time_iter": 0.05259, "accuracy": 0.90476, "precision": 0.9, "recall": 0.9, "f1": 0.9, "auc": 0.97955}
{"epoch": 26, "time_epoch": 0.50535, "eta": 77.39742, "eta_hours": 0.0215, "loss": 0.19614145, "lr": 0.00084227, "params": 9207, "time_iter": 0.04594, "accuracy": 0.92857, "precision": 1.0, "recall": 0.85, "f1": 0.91892, "auc": 0.975}
{"epoch": 27, "time_epoch": 0.5029, "eta": 74.90404, "eta_hours": 0.02081, "loss": 0.30661654, "lr": 0.00083066, "params": 9207, "time_iter": 0.04572, "accuracy": 0.88095, "precision": 0.89474, "recall": 0.85, "f1": 0.87179, "auc": 0.94091}
{"epoch": 28, "time_epoch": 0.50021, "eta": 72.54133, "eta_hours": 0.02015, "loss": 0.11874478, "lr": 0.00081871, "params": 9207, "time_iter": 0.04547, "accuracy": 0.95238, "precision": 0.95, "recall": 0.95, "f1": 0.95, "auc": 0.99545}
{"epoch": 29, "time_epoch": 0.50779, "eta": 70.32048, "eta_hours": 0.01953, "loss": 0.13829311, "lr": 0.00080645, "params": 9207, "time_iter": 0.04616, "accuracy": 0.95238, "precision": 0.95, "recall": 0.95, "f1": 0.95, "auc": 0.99091}
{"epoch": 30, "time_epoch": 0.50256, "eta": 68.19852, "eta_hours": 0.01894, "loss": 0.1629064, "lr": 0.00079389, "params": 9207, "time_iter": 0.04569, "accuracy": 0.95238, "precision": 0.95, "recall": 0.95, "f1": 0.95, "auc": 0.98409}
{"epoch": 31, "time_epoch": 0.50197, "eta": 66.17651, "eta_hours": 0.01838, "loss": 0.12196222, "lr": 0.00078104, "params": 9207, "time_iter": 0.04563, "accuracy": 0.95238, "precision": 1.0, "recall": 0.9, "f1": 0.94737, "auc": 0.99773}
{"epoch": 32, "time_epoch": 0.49983, "eta": 64.24227, "eta_hours": 0.01785, "loss": 0.17752427, "lr": 0.00076791, "params": 9207, "time_iter": 0.04544, "accuracy": 0.90476, "precision": 0.9, "recall": 0.9, "f1": 0.9, "auc": 0.97955}
{"epoch": 33, "time_epoch": 0.5037, "eta": 62.39992, "eta_hours": 0.01733, "loss": 0.08046169, "lr": 0.00075452, "params": 9207, "time_iter": 0.04579, "accuracy": 1.0, "precision": 1.0, "recall": 1.0, "f1": 1.0, "auc": 1.0}
{"epoch": 34, "time_epoch": 0.50339, "eta": 60.6335, "eta_hours": 0.01684, "loss": 0.13075923, "lr": 0.00074088, "params": 9207, "time_iter": 0.04576, "accuracy": 0.95238, "precision": 0.95, "recall": 0.95, "f1": 0.95, "auc": 0.99091}
{"epoch": 35, "time_epoch": 0.50718, "eta": 58.94397, "eta_hours": 0.01637, "loss": 0.52866805, "lr": 0.000727, "params": 9207, "time_iter": 0.04611, "accuracy": 0.78571, "precision": 0.86667, "recall": 0.65, "f1": 0.74286, "auc": 0.87727}
{"epoch": 36, "time_epoch": 0.50565, "eta": 57.31575, "eta_hours": 0.01592, "loss": 0.11010494, "lr": 0.00071289, "params": 9207, "time_iter": 0.04597, "accuracy": 0.95238, "precision": 0.95, "recall": 0.95, "f1": 0.95, "auc": 0.99318}
{"epoch": 37, "time_epoch": 0.50405, "eta": 55.74401, "eta_hours": 0.01548, "loss": 0.1985649, "lr": 0.00069857, "params": 9207, "time_iter": 0.04582, "accuracy": 0.92857, "precision": 0.94737, "recall": 0.9, "f1": 0.92308, "auc": 0.97955}
{"epoch": 38, "time_epoch": 0.50452, "eta": 54.22776, "eta_hours": 0.01506, "loss": 0.20693719, "lr": 0.00068406, "params": 9207, "time_iter": 0.04587, "accuracy": 0.90476, "precision": 0.9, "recall": 0.9, "f1": 0.9, "auc": 0.97727}
{"epoch": 39, "time_epoch": 0.49896, "eta": 52.75375, "eta_hours": 0.01465, "loss": 0.09925853, "lr": 0.00066937, "params": 9207, "time_iter": 0.04536, "accuracy": 0.95238, "precision": 0.95, "recall": 0.95, "f1": 0.95, "auc": 0.99318}
{"epoch": 40, "time_epoch": 0.50356, "eta": 51.33393, "eta_hours": 0.01426, "loss": 0.12667176, "lr": 0.00065451, "params": 9207, "time_iter": 0.04578, "accuracy": 0.97619, "precision": 1.0, "recall": 0.95, "f1": 0.97436, "auc": 0.98409}
{"epoch": 41, "time_epoch": 0.50322, "eta": 49.95727, "eta_hours": 0.01388, "loss": 0.42356266, "lr": 0.0006395, "params": 9207, "time_iter": 0.04575, "accuracy": 0.83333, "precision": 0.84211, "recall": 0.8, "f1": 0.82051, "auc": 0.91364}
{"epoch": 42, "time_epoch": 0.49968, "eta": 48.61653, "eta_hours": 0.0135, "loss": 0.14667717, "lr": 0.00062434, "params": 9207, "time_iter": 0.04543, "accuracy": 0.95238, "precision": 0.90909, "recall": 1.0, "f1": 0.95238, "auc": 0.98864}
{"epoch": 43, "time_epoch": 0.50443, "eta": 47.32007, "eta_hours": 0.01314, "loss": 0.08854778, "lr": 0.00060907, "params": 9207, "time_iter": 0.04586, "accuracy": 0.97619, "precision": 0.95238, "recall": 1.0, "f1": 0.97561, "auc": 0.99318}
{"epoch": 44, "time_epoch": 0.50757, "eta": 46.06266, "eta_hours": 0.0128, "loss": 0.14601806, "lr": 0.00059369, "params": 9207, "time_iter": 0.04614, "accuracy": 0.90476, "precision": 0.86364, "recall": 0.95, "f1": 0.90476, "auc": 0.99318}
{"epoch": 45, "time_epoch": 0.49936, "eta": 44.8282, "eta_hours": 0.01245, "loss": 0.35883601, "lr": 0.00057822, "params": 9207, "time_iter": 0.0454, "accuracy": 0.85714, "precision": 0.85, "recall": 0.85, "f1": 0.85, "auc": 0.94318}
{"epoch": 46, "time_epoch": 0.50818, "eta": 43.63497, "eta_hours": 0.01212, "loss": 0.27458792, "lr": 0.00056267, "params": 9207, "time_iter": 0.0462, "accuracy": 0.90476, "precision": 0.9, "recall": 0.9, "f1": 0.9, "auc": 0.95682}
{"epoch": 47, "time_epoch": 0.5062, "eta": 42.46814, "eta_hours": 0.0118, "loss": 0.08868723, "lr": 0.00054705, "params": 9207, "time_iter": 0.04602, "accuracy": 0.97619, "precision": 0.95238, "recall": 1.0, "f1": 0.97561, "auc": 0.99773}
{"epoch": 48, "time_epoch": 0.50812, "eta": 41.33027, "eta_hours": 0.01148, "loss": 0.03384793, "lr": 0.0005314, "params": 9207, "time_iter": 0.04619, "accuracy": 1.0, "precision": 1.0, "recall": 1.0, "f1": 1.0, "auc": 1.0}
{"epoch": 49, "time_epoch": 0.49929, "eta": 40.20876, "eta_hours": 0.01117, "loss": 0.13518002, "lr": 0.00051571, "params": 9207, "time_iter": 0.04539, "accuracy": 0.97619, "precision": 1.0, "recall": 0.95, "f1": 0.97436, "auc": 0.98864}
{"epoch": 50, "time_epoch": 0.49662, "eta": 39.10909, "eta_hours": 0.01086, "loss": 0.13668624, "lr": 0.0005, "params": 9207, "time_iter": 0.04515, "accuracy": 0.92857, "precision": 0.94737, "recall": 0.9, "f1": 0.92308, "auc": 0.98636}
{"epoch": 51, "time_epoch": 0.49924, "eta": 38.03504, "eta_hours": 0.01057, "loss": 0.02077872, "lr": 0.00048429, "params": 9207, "time_iter": 0.04539, "accuracy": 1.0, "precision": 1.0, "recall": 1.0, "f1": 1.0, "auc": 1.0}
{"epoch": 52, "time_epoch": 0.50136, "eta": 36.98455, "eta_hours": 0.01027, "loss": 0.1381606, "lr": 0.0004686, "params": 9207, "time_iter": 0.04558, "accuracy": 0.92857, "precision": 1.0, "recall": 0.85, "f1": 0.91892, "auc": 0.99318}
{"epoch": 53, "time_epoch": 0.50429, "eta": 35.95689, "eta_hours": 0.00999, "loss": 0.08141055, "lr": 0.00045295, "params": 9207, "time_iter": 0.04584, "accuracy": 0.95238, "precision": 1.0, "recall": 0.9, "f1": 0.94737, "auc": 0.99773}
{"epoch": 54, "time_epoch": 0.50153, "eta": 34.94601, "eta_hours": 0.00971, "loss": 0.19607429, "lr": 0.00043733, "params": 9207, "time_iter": 0.04559, "accuracy": 0.97619, "precision": 0.95238, "recall": 1.0, "f1": 0.97561, "auc": 0.96818}
{"epoch": 55, "time_epoch": 0.50311, "eta": 33.95457, "eta_hours": 0.00943, "loss": 0.17622931, "lr": 0.00042178, "params": 9207, "time_iter": 0.04574, "accuracy": 0.92857, "precision": 0.90476, "recall": 0.95, "f1": 0.92683, "auc": 0.98409}
{"epoch": 56, "time_epoch": 0.501, "eta": 32.97867, "eta_hours": 0.00916, "loss": 0.12969181, "lr": 0.00040631, "params": 9207, "time_iter": 0.04555, "accuracy": 0.95238, "precision": 1.0, "recall": 0.9, "f1": 0.94737, "auc": 0.98864}
{"epoch": 57, "time_epoch": 0.49968, "eta": 32.01818, "eta_hours": 0.00889, "loss": 0.04860353, "lr": 0.00039093, "params": 9207, "time_iter": 0.04543, "accuracy": 1.0, "precision": 1.0, "recall": 1.0, "f1": 1.0, "auc": 1.0}
{"epoch": 58, "time_epoch": 0.5023, "eta": 31.07514, "eta_hours": 0.00863, "loss": 0.01527132, "lr": 0.00037566, "params": 9207, "time_iter": 0.04566, "accuracy": 1.0, "precision": 1.0, "recall": 1.0, "f1": 1.0, "auc": 1.0}
{"epoch": 59, "time_epoch": 0.50621, "eta": 30.1494, "eta_hours": 0.00837, "loss": 0.05332629, "lr": 0.0003605, "params": 9207, "time_iter": 0.04602, "accuracy": 0.97619, "precision": 0.95238, "recall": 1.0, "f1": 0.97561, "auc": 1.0}
{"epoch": 60, "time_epoch": 0.49921, "eta": 29.23293, "eta_hours": 0.00812, "loss": 0.10337328, "lr": 0.00034549, "params": 9207, "time_iter": 0.04538, "accuracy": 0.97619, "precision": 0.95238, "recall": 1.0, "f1": 0.97561, "auc": 0.99318}
{"epoch": 61, "time_epoch": 0.50152, "eta": 28.33134, "eta_hours": 0.00787, "loss": 0.02326585, "lr": 0.00033063, "params": 9207, "time_iter": 0.04559, "accuracy": 1.0, "precision": 1.0, "recall": 1.0, "f1": 1.0, "auc": 1.0}
{"epoch": 62, "time_epoch": 0.50166, "eta": 27.44254, "eta_hours": 0.00762, "loss": 0.376012, "lr": 0.00031594, "params": 9207, "time_iter": 0.04561, "accuracy": 0.80952, "precision": 0.83333, "recall": 0.75, "f1": 0.78947, "auc": 0.93636}
{"epoch": 63, "time_epoch": 0.5036, "eta": 26.56692, "eta_hours": 0.00738, "loss": 0.13737392, "lr": 0.00030143, "params": 9207, "time_iter": 0.04578, "accuracy": 0.92857, "precision": 0.86957, "recall": 1.0, "f1": 0.93023, "auc": 1.0}
{"epoch": 64, "time_epoch": 0.50437, "eta": 25.70317, "eta_hours": 0.00714, "loss": 0.07057476, "lr": 0.00028711, "params": 9207, "time_iter": 0.04585, "accuracy": 0.97619, "precision": 0.95238, "recall": 1.0, "f1": 0.97561, "auc": 0.99773}
{"epoch": 65, "time_epoch": 0.5051, "eta": 24.85068, "eta_hours": 0.0069, "loss": 0.01308876, "lr": 0.000273, "params": 9207, "time_iter": 0.04592, "accuracy": 1.0, "precision": 1.0, "recall": 1.0, "f1": 1.0, "auc": 1.0}
{"epoch": 66, "time_epoch": 0.50949, "eta": 24.01072, "eta_hours": 0.00667, "loss": 0.27969382, "lr": 0.00025912, "params": 9207, "time_iter": 0.04632, "accuracy": 0.90476, "precision": 0.94444, "recall": 0.85, "f1": 0.89474, "auc": 0.975}
{"epoch": 67, "time_epoch": 0.50857, "eta": 23.18005, "eta_hours": 0.00644, "loss": 0.15090401, "lr": 0.00024548, "params": 9207, "time_iter": 0.04623, "accuracy": 0.92857, "precision": 0.94737, "recall": 0.9, "f1": 0.92308, "auc": 0.98182}
{"epoch": 68, "time_epoch": 0.5052, "eta": 22.35721, "eta_hours": 0.00621, "loss": 0.12965412, "lr": 0.00023209, "params": 9207, "time_iter": 0.04593, "accuracy": 0.97619, "precision": 1.0, "recall": 0.95, "f1": 0.97436, "auc": 0.99091}
{"epoch": 69, "time_epoch": 0.50333, "eta": 21.54263, "eta_hours": 0.00598, "loss": 0.15292539, "lr": 0.00021896, "params": 9207, "time_iter": 0.04576, "accuracy": 0.92857, "precision": 0.90476, "recall": 0.95, "f1": 0.92683, "auc": 0.99318}
{"epoch": 70, "time_epoch": 0.50461, "eta": 20.73735, "eta_hours": 0.00576, "loss": 0.02191436, "lr": 0.00020611, "params": 9207, "time_iter": 0.04587, "accuracy": 1.0, "precision": 1.0, "recall": 1.0, "f1": 1.0, "auc": 1.0}
{"epoch": 71, "time_epoch": 0.50092, "eta": 19.93898, "eta_hours": 0.00554, "loss": 0.13428482, "lr": 0.00019355, "params": 9207, "time_iter": 0.04554, "accuracy": 0.95238, "precision": 1.0, "recall": 0.9, "f1": 0.94737, "auc": 1.0}
{"epoch": 72, "time_epoch": 0.50149, "eta": 19.14898, "eta_hours": 0.00532, "loss": 0.07746201, "lr": 0.00018129, "params": 9207, "time_iter": 0.04559, "accuracy": 0.95238, "precision": 0.90909, "recall": 1.0, "f1": 0.95238, "auc": 0.99773}
{"epoch": 73, "time_epoch": 0.50798, "eta": 18.36905, "eta_hours": 0.0051, "loss": 0.34260796, "lr": 0.00016934, "params": 9207, "time_iter": 0.04618, "accuracy": 0.80952, "precision": 0.92857, "recall": 0.65, "f1": 0.76471, "auc": 0.95227}
{"epoch": 74, "time_epoch": 0.50378, "eta": 17.59497, "eta_hours": 0.00489, "loss": 0.08488841, "lr": 0.00015773, "params": 9207, "time_iter": 0.0458, "accuracy": 0.95238, "precision": 0.90909, "recall": 1.0, "f1": 0.95238, "auc": 0.99545}
{"epoch": 75, "time_epoch": 0.49997, "eta": 16.82681, "eta_hours": 0.00467, "loss": 0.22725987, "lr": 0.00014645, "params": 9207, "time_iter": 0.04545, "accuracy": 0.92857, "precision": 0.94737, "recall": 0.9, "f1": 0.92308, "auc": 0.96818}
{"epoch": 76, "time_epoch": 0.50531, "eta": 16.0672, "eta_hours": 0.00446, "loss": 0.06221628, "lr": 0.00013552, "params": 9207, "time_iter": 0.04594, "accuracy": 0.97619, "precision": 1.0, "recall": 0.95, "f1": 0.97436, "auc": 1.0}
{"epoch": 77, "time_epoch": 0.50768, "eta": 15.31479, "eta_hours": 0.00425, "loss": 0.02647864, "lr": 0.00012494, "params": 9207, "time_iter": 0.04615, "accuracy": 1.0, "precision": 1.0, "recall": 1.0, "f1": 1.0, "auc": 1.0}
{"epoch": 78, "time_epoch": 0.50446, "eta": 14.56771, "eta_hours": 0.00405, "loss": 0.0882865, "lr": 0.00011474, "params": 9207, "time_iter": 0.04586, "accuracy": 0.97619, "precision": 1.0, "recall": 0.95, "f1": 0.97436, "auc": 0.99545}
{"epoch": 79, "time_epoch": 0.50314, "eta": 13.82637, "eta_hours": 0.00384, "loss": 0.07949465, "lr": 0.00010492, "params": 9207, "time_iter": 0.04574, "accuracy": 0.97619, "precision": 0.95238, "recall": 1.0, "f1": 0.97561, "auc": 1.0}
{"epoch": 80, "time_epoch": 0.50082, "eta": 13.09037, "eta_hours": 0.00364, "loss": 0.06612793, "lr": 9.549e-05, "params": 9207, "time_iter": 0.04553, "accuracy": 0.97619, "precision": 1.0, "recall": 0.95, "f1": 0.97436, "auc": 1.0}
{"epoch": 81, "time_epoch": 0.49894, "eta": 12.35969, "eta_hours": 0.00343, "loss": 0.01568123, "lr": 8.646e-05, "params": 9207, "time_iter": 0.04536, "accuracy": 1.0, "precision": 1.0, "recall": 1.0, "f1": 1.0, "auc": 1.0}
{"epoch": 82, "time_epoch": 0.50106, "eta": 11.63502, "eta_hours": 0.00323, "loss": 0.08149427, "lr": 7.784e-05, "params": 9207, "time_iter": 0.04555, "accuracy": 0.95238, "precision": 0.90909, "recall": 1.0, "f1": 0.95238, "auc": 0.99545}
{"epoch": 83, "time_epoch": 0.50188, "eta": 10.91584, "eta_hours": 0.00303, "loss": 0.02102744, "lr": 6.963e-05, "params": 9207, "time_iter": 0.04563, "accuracy": 1.0, "precision": 1.0, "recall": 1.0, "f1": 1.0, "auc": 1.0}
{"epoch": 84, "time_epoch": 0.49963, "eta": 10.20138, "eta_hours": 0.00283, "loss": 0.01705609, "lr": 6.185e-05, "params": 9207, "time_iter": 0.04542, "accuracy": 1.0, "precision": 1.0, "recall": 1.0, "f1": 1.0, "auc": 1.0}
{"epoch": 85, "time_epoch": 0.50702, "eta": 9.49311, "eta_hours": 0.00264, "loss": 0.23527491, "lr": 5.45e-05, "params": 9207, "time_iter": 0.04609, "accuracy": 0.88095, "precision": 0.85714, "recall": 0.9, "f1": 0.87805, "auc": 0.97727}
{"epoch": 86, "time_epoch": 0.50125, "eta": 8.78861, "eta_hours": 0.00244, "loss": 0.06152982, "lr": 4.759e-05, "params": 9207, "time_iter": 0.04557, "accuracy": 1.0, "precision": 1.0, "recall": 1.0, "f1": 1.0, "auc": 1.0}
{"epoch": 87, "time_epoch": 0.50073, "eta": 8.08866, "eta_hours": 0.00225, "loss": 0.09039455, "lr": 4.112e-05, "params": 9207, "time_iter": 0.04552, "accuracy": 0.95238, "precision": 1.0, "recall": 0.9, "f1": 0.94737, "auc": 0.99773}
{"epoch": 88, "time_epoch": 0.50547, "eta": 7.39377, "eta_hours": 0.00205, "loss": 0.19879866, "lr": 3.511e-05, "params": 9207, "time_iter": 0.04595, "accuracy": 0.90476, "precision": 0.94444, "recall": 0.85, "f1": 0.89474, "auc": 0.97955}
{"epoch": 89, "time_epoch": 0.50853, "eta": 6.70342, "eta_hours": 0.00186, "loss": 0.09607487, "lr": 2.956e-05, "params": 9207, "time_iter": 0.04623, "accuracy": 0.95238, "precision": 0.95, "recall": 0.95, "f1": 0.95, "auc": 0.99318}
{"epoch": 90, "time_epoch": 0.50347, "eta": 6.01658, "eta_hours": 0.00167, "loss": 0.03108505, "lr": 2.447e-05, "params": 9207, "time_iter": 0.04577, "accuracy": 1.0, "precision": 1.0, "recall": 1.0, "f1": 1.0, "auc": 1.0}
{"epoch": 91, "time_epoch": 0.50008, "eta": 5.33342, "eta_hours": 0.00148, "loss": 0.00717462, "lr": 1.985e-05, "params": 9207, "time_iter": 0.04546, "accuracy": 1.0, "precision": 1.0, "recall": 1.0, "f1": 1.0, "auc": 1.0}
{"epoch": 92, "time_epoch": 0.50412, "eta": 4.65451, "eta_hours": 0.00129, "loss": 0.25071614, "lr": 1.571e-05, "params": 9207, "time_iter": 0.04583, "accuracy": 0.88095, "precision": 0.94118, "recall": 0.8, "f1": 0.86486, "auc": 0.96591}
{"epoch": 93, "time_epoch": 0.50582, "eta": 3.97942, "eta_hours": 0.00111, "loss": 0.11012373, "lr": 1.204e-05, "params": 9207, "time_iter": 0.04598, "accuracy": 0.92857, "precision": 1.0, "recall": 0.85, "f1": 0.91892, "auc": 1.0}
{"epoch": 94, "time_epoch": 0.50352, "eta": 3.30778, "eta_hours": 0.00092, "loss": 0.05261214, "lr": 8.86e-06, "params": 9207, "time_iter": 0.04577, "accuracy": 0.97619, "precision": 1.0, "recall": 0.95, "f1": 0.97436, "auc": 1.0}
{"epoch": 95, "time_epoch": 0.50273, "eta": 2.63961, "eta_hours": 0.00073, "loss": 0.06132311, "lr": 6.16e-06, "params": 9207, "time_iter": 0.0457, "accuracy": 0.97619, "precision": 0.95238, "recall": 1.0, "f1": 0.97561, "auc": 1.0}
{"epoch": 96, "time_epoch": 0.50616, "eta": 1.97495, "eta_hours": 0.00055, "loss": 0.04761784, "lr": 3.94e-06, "params": 9207, "time_iter": 0.04601, "accuracy": 0.97619, "precision": 0.95238, "recall": 1.0, "f1": 0.97561, "auc": 1.0}
{"epoch": 97, "time_epoch": 0.50359, "eta": 1.31348, "eta_hours": 0.00036, "loss": 0.22421224, "lr": 2.22e-06, "params": 9207, "time_iter": 0.04578, "accuracy": 0.88095, "precision": 0.82609, "recall": 0.95, "f1": 0.88372, "auc": 0.97727}
{"epoch": 98, "time_epoch": 0.50705, "eta": 0.65523, "eta_hours": 0.00018, "loss": 0.05839193, "lr": 9.9e-07, "params": 9207, "time_iter": 0.0461, "accuracy": 0.97619, "precision": 1.0, "recall": 0.95, "f1": 0.97436, "auc": 1.0}
{"epoch": 99, "time_epoch": 0.501, "eta": 0.0, "eta_hours": 0.0, "loss": 0.10672187, "lr": 2.5e-07, "params": 9207, "time_iter": 0.04555, "accuracy": 0.95238, "precision": 0.90909, "recall": 1.0, "f1": 0.95238, "auc": 0.99545}
