{"epoch": 0, "time_epoch": 0.05271, "time_epoch_std": 0.00484, "eta": 5.21802, "eta_std": 0.47925, "eta_hours": 0.00145, "eta_hours_std": 0.00013, "loss": 0.67644, "loss_std": 0.02681, "lr": 0.001, "lr_std": 0.0, "params": 6465.0, "params_std": 0.0, "time_iter": 0.01757, "time_iter_std": 0.00161, "accuracy": 0.55769, "accuracy_std": 0.13614, "accuracy_max": 0.66667, "precision": 0.50725, "precision_std": 0.2931, "recall": 0.65384, "recall_std": 0.40885, "f1": 0.56326, "f1_std": 0.33069, "auc": 0.44823, "auc_std": 0.04086}
