{"epoch": 0, "time_epoch": 0.05271, "time_epoch_std": 0.00484, "eta": 5.21802, "eta_std": 0.47925, "eta_hours": 0.00145, "eta_hours_std": 0.00013, "loss": 0.67644, "loss_std": 0.02681, "lr": 0.001, "lr_std": 0.0, "params": 6465.0, "params_std": 0.0, "time_iter": 0.01757, "time_iter_std": 0.00161, "accuracy": 0.55769, "accuracy_std": 0.13614, "accuracy_max": 0.66667, "precision": 0.50725, "precision_std": 0.2931, "recall": 0.65384, "recall_std": 0.40885, "f1": 0.56326, "f1_std": 0.33069, "auc": 0.44823, "auc_std": 0.04086}
{"epoch": 1, "time_epoch": 0.03582, "time_epoch_std": 0.00341, "eta": 4.3377, "eta_std": 0.20832, "eta_hours": 0.0012, "eta_hours_std": 6e-05, "loss": 0.67077, "loss_std": 0.02252, "lr": 0.001, "lr_std": 0.0, "params": 6465.0, "params_std": 0.0, "time_iter": 0.01194, "time_iter_std": 0.00114, "accuracy": 0.59616, "accuracy_std": 0.12213, "accuracy_max": 0.66667, "precision": 0.6375, "precision_std": 0.05052, "recall": 0.85577, "recall_std": 0.24981, "f1": 0.71956, "f1_std": 0.13932, "auc": 0.47116, "auc_std": 0.18453}
{"epoch": 2, "time_epoch": 0.03344, "time_epoch_std": 0.00044, "eta": 3.9432, "eta_std": 0.14115, "eta_hours": 0.00109, "eta_hours_std": 4e-05, "loss": 0.66596, "loss_std": 0.01886, "lr": 0.001, "lr_std": 0.0, "params": 6465.0, "params_std": 0.0, "time_iter": 0.01115, "time_iter_std": 0.00015, "accuracy": 0.66667, "accuracy_std": 0.0, "accuracy_max": 0.66667, "precision": 0.66667, "precision_std": 0.0, "recall": 1.0, "recall_std": 0.0, "f1": 0.8, "f1_std": 0.0, "auc": 0.4963, "auc_std": 0.07582}
{"epoch": 3, "time_epoch": 0.03498, "time_epoch_std": 0.00177, "eta": 3.76632, "eta_std": 0.10967, "eta_hours": 0.00104, "eta_hours_std": 3e-05, "loss": 0.66247, "loss_std": 0.01671, "lr": 0.001, "lr_std": 0.0, "params": 6465.0, "params_std": 0.0, "time_iter": 0.01166, "time_iter_std": 0.00059, "accuracy": 0.66667, "accuracy_std": 0.0, "accuracy_max": 0.66667, "precision": 0.66667, "precision_std": 0.0, "recall": 1.0, "recall_std": 0.0, "f1": 0.8, "f1_std": 0.0, "auc": 0.52663, "auc_std": 0.08462}
{"epoch": 4, "time_epoch": 0.03538, "time_epoch_std": 0.00327, "eta": 3.6539, "eta_std": 0.10307, "eta_hours": 0.00102, "eta_hours_std": 3e-05, "loss": 0.6599, "loss_std": 0.01488, "lr": 0.001, "lr_std": 0.0, "params": 6465.0, "params_std": 0.0, "time_iter": 0.01179, "time_iter_std": 0.00109, "accuracy": 0.66667, "accuracy_std": 0.0, "accuracy_max": 0.66667, "precision": 0.66667, "precision_std": 0.0, "recall": 1.0, "recall_std": 0.0, "f1": 0.8, "f1_std": 0.0, "auc": 0.44674, "auc_std": 0.08281}
{"epoch": 5, "time_epoch": 0.03546, "time_epoch_std": 0.0023, "eta": 3.56839, "eta_std": 0.10221, "eta_hours": 0.00099, "eta_hours_std": 3e-05, "loss": 0.65716, "loss_std": 0.0132, "lr": 0.00099, "lr_std": 0.0, "params": 6465.0, "params_std": 0.0, "time_iter": 0.01182, "time_iter_std": 0.00077, "accuracy": 0.66667, "accuracy_std": 0.0, "accuracy_max": 0.66667, "precision": 0.66667, "precision_std": 0.0, "recall": 1.0, "recall_std": 0.0, "f1": 0.8, "f1_std": 0.0, "auc": 0.51479, "auc_std": 0.03328}
{"epoch": 6, "time_epoch": 0.03458, "time_epoch_std": 0.00105, "eta": 3.48545, "eta_std": 0.09782, "eta_hours": 0.00097, "eta_hours_std": 3e-05, "loss": 0.65512, "loss_std": 0.01191, "lr": 0.00099, "lr_std": 0.0, "params": 6465.0, "params_std": 0.0, "time_iter": 0.01153, "time_iter_std": 0.00035, "accuracy": 0.66667, "accuracy_std": 0.0, "accuracy_max": 0.66667, "precision": 0.66667, "precision_std": 0.0, "recall": 1.0, "recall_std": 0.0, "f1": 0.8, "f1_std": 0.0, "auc": 0.4926, "auc_std": 0.0665}
{"epoch": 7, "time_epoch": 0.03673, "time_epoch_std": 0.00408, "eta": 3.43934, "eta_std": 0.06444, "eta_hours": 0.00096, "eta_hours_std": 2e-05, "loss": 0.65365, "loss_std": 0.01121, "lr": 0.00099, "lr_std": 0.0, "params": 6465.0, "params_std": 0.0, "time_iter": 0.01224, "time_iter_std": 0.00136, "accuracy": 0.66667, "accuracy_std": 0.0, "accuracy_max": 0.66667, "precision": 0.66667, "precision_std": 0.0, "recall": 1.0, "recall_std": 0.0, "f1": 0.8, "f1_std": 0.0, "auc": 0.5111, "auc_std": 0.10719}
{"epoch": 8, "time_epoch": 0.03881, "time_epoch_std": 0.00557, "eta": 3.4164, "eta_std": 0.08846, "eta_hours": 0.00095, "eta_hours_std": 3e-05, "loss": 0.65178, "loss_std": 0.01029, "lr": 0.00098, "lr_std": 0.0, "params": 6465.0, "params_std": 0.0, "time_iter": 0.01294, "time_iter_std": 0.00186, "accuracy": 0.66667, "accuracy_std": 0.0, "accuracy_max": 0.66667, "precision": 0.66667, "precision_std": 0.0, "recall": 1.0, "recall_std": 0.0, "f1": 0.8, "f1_std": 0.0, "auc": 0.54697, "auc_std": 0.04936}
{"epoch": 9, "time_epoch": 0.03823, "time_epoch_std": 0.00518, "eta": 3.385, "eta_std": 0.11858, "eta_hours": 0.00094, "eta_hours_std": 3e-05, "loss": 0.65079, "loss_std": 0.00972, "lr": 0.00098, "lr_std": 0.0, "params": 6465.0, "params_std": 0.0, "time_iter": 0.01274, "time_iter_std": 0.00173, "accuracy": 0.66667, "accuracy_std": 0.0, "accuracy_max": 0.66667, "precision": 0.66667, "precision_std": 0.0, "recall": 1.0, "recall_std": 0.0, "f1": 0.8, "f1_std": 0.0, "auc": 0.44638, "auc_std": 0.02933}
{"epoch": 10, "time_epoch": 0.04008, "time_epoch_std": 0.00779, "eta": 3.36731, "eta_std": 0.15657, "eta_hours": 0.00094, "eta_hours_std": 4e-05, "loss": 0.64956, "loss_std": 0.00934, "lr": 0.00098, "lr_std": 0.0, "params": 6465.0, "params_std": 0.0, "time_iter": 0.01336, "time_iter_std": 0.0026, "accuracy": 0.66667, "accuracy_std": 0.0, "accuracy_max": 0.66667, "precision": 0.66667, "precision_std": 0.0, "recall": 1.0, "recall_std": 0.0, "f1": 0.8, "f1_std": 0.0, "auc": 0.48447, "auc_std": 0.06466}
{"epoch": 11, "time_epoch": 0.03783, "time_epoch_std": 0.00413, "eta": 3.32947, "eta_std": 0.15946, "eta_hours": 0.00092, "eta_hours_std": 4e-05, "loss": 0.64878, "loss_std": 0.00896, "lr": 0.00097, "lr_std": 0.0, "params": 6465.0, "params_std": 0.0, "time_iter": 0.01261, "time_iter_std": 0.00138, "accuracy": 0.66667, "accuracy_std": 0.0, "accuracy_max": 0.66667, "precision": 0.66667, "precision_std": 0.0, "recall": 1.0, "recall_std": 0.0, "f1": 0.8, "f1_std": 0.0, "auc": 0.41642, "auc_std": 0.08977}
{"epoch": 12, "time_epoch": 0.03849, "time_epoch_std": 0.00454, "eta": 3.29601, "eta_std": 0.16789, "eta_hours": 0.00092, "eta_hours_std": 4e-05, "loss": 0.64791, "loss_std": 0.00861, "lr": 0.00096, "lr_std": 0.0, "params": 6465.0, "params_std": 0.0, "time_iter": 0.01283, "time_iter_std": 0.00151, "accuracy": 0.66667, "accuracy_std": 0.0, "accuracy_max": 0.66667, "precision": 0.66667, "precision_std": 0.0, "recall": 1.0, "recall_std": 0.0, "f1": 0.8, "f1_std": 0.0, "auc": 0.4926, "auc_std": 0.07254}
{"epoch": 13, "time_epoch": 0.03726, "time_epoch_std": 0.00332, "eta": 3.25428, "eta_std": 0.14032, "eta_hours": 0.0009, "eta_hours_std": 4e-05, "loss": 0.64727, "loss_std": 0.00835, "lr": 0.00096, "lr_std": 0.0, "params": 6465.0, "params_std": 0.0, "time_iter": 0.01242, "time_iter_std": 0.00111, "accuracy": 0.66667, "accuracy_std": 0.0, "accuracy_max": 0.66667, "precision": 0.66667, "precision_std": 0.0, "recall": 1.0, "recall_std": 0.0, "f1": 0.8, "f1_std": 0.0, "auc": 0.53698, "auc_std": 0.10322}
{"epoch": 14, "time_epoch": 0.03617, "time_epoch_std": 0.00238, "eta": 3.20696, "eta_std": 0.12463, "eta_hours": 0.00089, "eta_hours_std": 3e-05, "loss": 0.6467, "loss_std": 0.00819, "lr": 0.00095, "lr_std": 0.0, "params": 6465.0, "params_std": 0.0, "time_iter": 0.01206, "time_iter_std": 0.00079, "accuracy": 0.66667, "accuracy_std": 0.0, "accuracy_max": 0.66667, "precision": 0.66667, "precision_std": 0.0, "recall": 1.0, "recall_std": 0.0, "f1": 0.8, "f1_std": 0.0, "auc": 0.47966, "auc_std": 0.02302}
{"epoch": 15, "time_epoch": 0.03536, "time_epoch_std": 0.00101, "eta": 3.1568, "eta_std": 0.11157, "eta_hours": 0.00088, "eta_hours_std": 3e-05, "loss": 0.64629, "loss_std": 0.00795, "lr": 0.00095, "lr_std": 0.0, "params": 6465.0, "params_std": 0.0, "time_iter": 0.01178, "time_iter_std": 0.00034, "accuracy": 0.66667, "accuracy_std": 0.0, "accuracy_max": 0.66667, "precision": 0.66667, "precision_std": 0.0, "recall": 1.0, "recall_std": 0.0, "f1": 0.8, "f1_std": 0.0, "auc": 0.44526, "auc_std": 0.10882}
{"epoch": 16, "time_epoch": 0.03712, "time_epoch_std": 0.00451, "eta": 3.11698, "eta_std": 0.09636, "eta_hours": 0.00086, "eta_hours_std": 3e-05, "loss": 0.64562, "loss_std": 0.00769, "lr": 0.00094, "lr_std": 0.0, "params": 6465.0, "params_std": 0.0, "time_iter": 0.01237, "time_iter_std": 0.0015, "accuracy": 0.66667, "accuracy_std": 0.0, "accuracy_max": 0.66667, "precision": 0.66667, "precision_std": 0.0, "recall": 1.0, "recall_std": 0.0, "f1": 0.8, "f1_std": 0.0, "auc": 0.51368, "auc_std": 0.05126}
{"epoch": 17, "time_epoch": 0.03678, "time_epoch_std": 0.00338, "eta": 3.07588, "eta_std": 0.08782, "eta_hours": 0.00086, "eta_hours_std": 2e-05, "loss": 0.64519, "loss_std": 0.00751, "lr": 0.00093, "lr_std": 0.0, "params": 6465.0, "params_std": 0.0, "time_iter": 0.01226, "time_iter_std": 0.00112, "accuracy": 0.66667, "accuracy_std": 0.0, "accuracy_max": 0.66667, "precision": 0.66667, "precision_std": 0.0, "recall": 1.0, "recall_std": 0.0, "f1": 0.8, "f1_std": 0.0, "auc": 0.47781, "auc_std": 0.06902}
{"epoch": 18, "time_epoch": 0.03371, "time_epoch_std": 0.00074, "eta": 3.02217, "eta_std": 0.08155, "eta_hours": 0.00084, "eta_hours_std": 2e-05, "loss": 0.64496, "loss_std": 0.00722, "lr": 0.00092, "lr_std": 0.0, "params": 6465.0, "params_std": 0.0, "time_iter": 0.01124, "time_iter_std": 0.00024, "accuracy": 0.66667, "accuracy_std": 0.0, "accuracy_max": 0.66667, "precision": 0.66667, "precision_std": 0.0, "recall": 1.0, "recall_std": 0.0, "f1": 0.8, "f1_std": 0.0, "auc": 0.42825, "auc_std": 0.12654}
{"epoch": 19, "time_epoch": 0.0454, "time_epoch_std": 0.00782, "eta": 3.01722, "eta_std": 0.10748, "eta_hours": 0.00084, "eta_hours_std": 3e-05, "loss": 0.64453, "loss_std": 0.00703, "lr": 0.00091, "lr_std": 0.0, "params": 6465.0, "params_std": 0.0, "time_iter": 0.01513, "time_iter_std": 0.00261, "accuracy": 0.66667, "accuracy_std": 0.0, "accuracy_max": 0.66667, "precision": 0.66667, "precision_std": 0.0, "recall": 1.0, "recall_std": 0.0, "f1": 0.8, "f1_std": 0.0, "auc": 0.38572, "auc_std": 0.10503}
{"epoch": 20, "time_epoch": 0.04233, "time_epoch_std": 0.00394, "eta": 2.99685, "eta_std": 0.11107, "eta_hours": 0.00083, "eta_hours_std": 3e-05, "loss": 0.64417, "loss_std": 0.007, "lr": 0.0009, "lr_std": 0.0, "params": 6465.0, "params_std": 0.0, "time_iter": 0.01411, "time_iter_std": 0.00131, "accuracy": 0.66667, "accuracy_std": 0.0, "accuracy_max": 0.66667, "precision": 0.66667, "precision_std": 0.0, "recall": 1.0, "recall_std": 0.0, "f1": 0.8, "f1_std": 0.0, "auc": 0.41494, "auc_std": 0.07086}
{"epoch": 21, "time_epoch": 0.04073, "time_epoch_std": 0.00283, "eta": 2.96884, "eta_std": 0.10788, "eta_hours": 0.00082, "eta_hours_std": 3e-05, "loss": 0.64386, "loss_std": 0.00675, "lr": 0.0009, "lr_std": 0.0, "params": 6465.0, "params_std": 0.0, "time_iter": 0.01358, "time_iter_std": 0.00094, "accuracy": 0.66667, "accuracy_std": 0.0, "accuracy_max": 0.66667, "precision": 0.66667, "precision_std": 0.0, "recall": 1.0, "recall_std": 0.0, "f1": 0.8, "f1_std": 0.0, "auc": 0.45044, "auc_std": 0.09263}
{"epoch": 22, "time_epoch": 0.03893, "time_epoch_std": 0.00242, "eta": 2.93369, "eta_std": 0.10378, "eta_hours": 0.00082, "eta_hours_std": 3e-05, "loss": 0.64344, "loss_std": 0.00659, "lr": 0.00089, "lr_std": 0.0, "params": 6465.0, "params_std": 0.0, "time_iter": 0.01298, "time_iter_std": 0.00081, "accuracy": 0.66667, "accuracy_std": 0.0, "accuracy_max": 0.66667, "precision": 0.66667, "precision_std": 0.0, "recall": 1.0, "recall_std": 0.0, "f1": 0.8, "f1_std": 0.0, "auc": 0.54993, "auc_std": 0.02345}
{"epoch": 23, "time_epoch": 0.03708, "time_epoch_std": 0.00395, "eta": 2.89237, "eta_std": 0.09772, "eta_hours": 0.0008, "eta_hours_std": 3e-05, "loss": 0.64319, "loss_std": 0.00651, "lr": 0.00088, "lr_std": 0.0, "params": 6465.0, "params_std": 0.0, "time_iter": 0.01236, "time_iter_std": 0.00132, "accuracy": 0.66667, "accuracy_std": 0.0, "accuracy_max": 0.66667, "precision": 0.66667, "precision_std": 0.0, "recall": 1.0, "recall_std": 0.0, "f1": 0.8, "f1_std": 0.0, "auc": 0.56472, "auc_std": 0.11322}
{"epoch": 24, "time_epoch": 0.03392, "time_epoch_std": 0.00312, "eta": 2.84189, "eta_std": 0.09226, "eta_hours": 0.00079, "eta_hours_std": 3e-05, "loss": 0.64289, "loss_std": 0.00628, "lr": 0.00086, "lr_std": 0.0, "params": 6465.0, "params_std": 0.0, "time_iter": 0.0113, "time_iter_std": 0.00104, "accuracy": 0.66667, "accuracy_std": 0.0, "accuracy_max": 0.66667, "precision": 0.66667, "precision_std": 0.0, "recall": 1.0, "recall_std": 0.0, "f1": 0.8, "f1_std": 0.0, "auc": 0.56804, "auc_std": 0.11209}
{"epoch": 25, "time_epoch": 0.03702, "time_epoch_std": 0.00824, "eta": 2.80153, "eta_std": 0.09018, "eta_hours": 0.00078, "eta_hours_std": 2e-05, "loss": 0.6427, "loss_std": 0.00622, "lr": 0.00085, "lr_std": 0.0, "params": 6465.0, "params_std": 0.0, "time_iter": 0.01234, "time_iter_std": 0.00274, "accuracy": 0.66667, "accuracy_std": 0.0, "accuracy_max": 0.66667, "precision": 0.66667, "precision_std": 0.0, "recall": 1.0, "recall_std": 0.0, "f1": 0.8, "f1_std": 0.0, "auc": 0.54142, "auc_std": 0.12225}
{"epoch": 26, "time_epoch": 0.03849, "time_epoch_std": 0.00321, "eta": 2.76536, "eta_std": 0.08548, "eta_hours": 0.00076, "eta_hours_std": 3e-05, "loss": 0.64245, "loss_std": 0.00604, "lr": 0.00084, "lr_std": 0.0, "params": 6465.0, "params_std": 0.0, "time_iter": 0.01283, "time_iter_std": 0.00107, "accuracy": 0.66667, "accuracy_std": 0.0, "accuracy_max": 0.66667, "precision": 0.66667, "precision_std": 0.0, "recall": 1.0, "recall_std": 0.0, "f1": 0.8, "f1_std": 0.0, "auc": 0.4682, "auc_std": 0.09182}
{"epoch": 27, "time_epoch": 0.04198, "time_epoch_std": 0.00925, "eta": 2.73803, "eta_std": 0.08422, "eta_hours": 0.00076, "eta_hours_std": 3e-05, "loss": 0.64218, "loss_std": 0.00587, "lr": 0.00083, "lr_std": 0.0, "params": 6465.0, "params_std": 0.0, "time_iter": 0.01399, "time_iter_std": 0.00308, "accuracy": 0.66667, "accuracy_std": 0.0, "accuracy_max": 0.66667, "precision": 0.66667, "precision_std": 0.0, "recall": 1.0, "recall_std": 0.0, "f1": 0.8, "f1_std": 0.0, "auc": 0.4645, "auc_std": 0.05483}
{"epoch": 28, "time_epoch": 0.03639, "time_epoch_std": 0.00183, "eta": 2.69599, "eta_std": 0.08108, "eta_hours": 0.00075, "eta_hours_std": 2e-05, "loss": 0.64197, "loss_std": 0.00572, "lr": 0.00082, "lr_std": 0.0, "params": 6465.0, "params_std": 0.0, "time_iter": 0.01213, "time_iter_std": 0.00061, "accuracy": 0.66667, "accuracy_std": 0.0, "accuracy_max": 0.66667, "precision": 0.66667, "precision_std": 0.0, "recall": 1.0, "recall_std": 0.0, "f1": 0.8, "f1_std": 0.0, "auc": 0.49297, "auc_std": 0.07437}
{"epoch": 29, "time_epoch": 0.04113, "time_epoch_std": 0.00665, "eta": 2.66539, "eta_std": 0.08863, "eta_hours": 0.00074, "eta_hours_std": 2e-05, "loss": 0.64175, "loss_std": 0.00559, "lr": 0.00081, "lr_std": 0.0, "params": 6465.0, "params_std": 0.0, "time_iter": 0.01371, "time_iter_std": 0.00222, "accuracy": 0.66667, "accuracy_std": 0.0, "accuracy_max": 0.66667, "precision": 0.66667, "precision_std": 0.0, "recall": 1.0, "recall_std": 0.0, "f1": 0.8, "f1_std": 0.0, "auc": 0.55695, "auc_std": 0.07311}
{"epoch": 30, "time_epoch": 0.03645, "time_epoch_std": 0.0038, "eta": 2.6237, "eta_std": 0.08339, "eta_hours": 0.00073, "eta_hours_std": 3e-05, "loss": 0.64165, "loss_std": 0.00556, "lr": 0.00079, "lr_std": 0.0, "params": 6465.0, "params_std": 0.0, "time_iter": 0.01215, "time_iter_std": 0.00126, "accuracy": 0.66667, "accuracy_std": 0.0, "accuracy_max": 0.66667, "precision": 0.66667, "precision_std": 0.0, "recall": 1.0, "recall_std": 0.0, "f1": 0.8, "f1_std": 0.0, "auc": 0.48521, "auc_std": 0.09241}
{"epoch": 31, "time_epoch": 0.0401, "time_epoch_std": 0.00334, "eta": 2.59009, "eta_std": 0.08644, "eta_hours": 0.00072, "eta_hours_std": 3e-05, "loss": 0.64142, "loss_std": 0.00534, "lr": 0.00078, "lr_std": 0.0, "params": 6465.0, "params_std": 0.0, "time_iter": 0.01337, "time_iter_std": 0.00111, "accuracy": 0.66667, "accuracy_std": 0.0, "accuracy_max": 0.66667, "precision": 0.66667, "precision_std": 0.0, "recall": 1.0, "recall_std": 0.0, "f1": 0.8, "f1_std": 0.0, "auc": 0.56842, "auc_std": 0.07725}
{"epoch": 32, "time_epoch": 0.04078, "time_epoch_std": 0.00375, "eta": 2.55745, "eta_std": 0.08675, "eta_hours": 0.00071, "eta_hours_std": 3e-05, "loss": 0.6413, "loss_std": 0.00521, "lr": 0.00077, "lr_std": 0.0, "params": 6465.0, "params_std": 0.0, "time_iter": 0.01359, "time_iter_std": 0.00125, "accuracy": 0.66667, "accuracy_std": 0.0, "accuracy_max": 0.66667, "precision": 0.66667, "precision_std": 0.0, "recall": 1.0, "recall_std": 0.0, "f1": 0.8, "f1_std": 0.0, "auc": 0.49482, "auc_std": 0.08775}
{"epoch": 33, "time_epoch": 0.03684, "time_epoch_std": 0.00528, "eta": 2.5167, "eta_std": 0.08826, "eta_hours": 0.0007, "eta_hours_std": 2e-05, "loss": 0.64118, "loss_std": 0.00513, "lr": 0.00075, "lr_std": 0.0, "params": 6465.0, "params_std": 0.0, "time_iter": 0.01228, "time_iter_std": 0.00176, "accuracy": 0.66667, "accuracy_std": 0.0, "accuracy_max": 0.66667, "precision": 0.66667, "precision_std": 0.0, "recall": 1.0, "recall_std": 0.0, "f1": 0.8, "f1_std": 0.0, "auc": 0.4486, "auc_std": 0.04544}
{"epoch": 34, "time_epoch": 0.0378, "time_epoch_std": 0.00724, "eta": 2.47795, "eta_std": 0.0936, "eta_hours": 0.00069, "eta_hours_std": 3e-05, "loss": 0.64103, "loss_std": 0.00496, "lr": 0.00074, "lr_std": 0.0, "params": 6465.0, "params_std": 0.0, "time_iter": 0.0126, "time_iter_std": 0.00242, "accuracy": 0.66667, "accuracy_std": 0.0, "accuracy_max": 0.66667, "precision": 0.66667, "precision_std": 0.0, "recall": 1.0, "recall_std": 0.0, "f1": 0.8, "f1_std": 0.0, "auc": 0.37944, "auc_std": 0.04916}
{"epoch": 35, "time_epoch": 0.03378, "time_epoch_std": 0.0024, "eta": 2.4321, "eta_std": 0.09069, "eta_hours": 0.00068, "eta_hours_std": 2e-05, "loss": 0.64084, "loss_std": 0.00482, "lr": 0.00073, "lr_std": 0.0, "params": 6465.0, "params_std": 0.0, "time_iter": 0.01126, "time_iter_std": 0.0008, "accuracy": 0.66667, "accuracy_std": 0.0, "accuracy_max": 0.66667, "precision": 0.66667, "precision_std": 0.0, "recall": 1.0, "recall_std": 0.0, "f1": 0.8, "f1_std": 0.0, "auc": 0.52441, "auc_std": 0.07617}
{"epoch": 36, "time_epoch": 0.03915, "time_epoch_std": 0.00651, "eta": 2.39604, "eta_std": 0.09592, "eta_hours": 0.00067, "eta_hours_std": 3e-05, "loss": 0.64074, "loss_std": 0.00477, "lr": 0.00071, "lr_std": 0.0, "params": 6465.0, "params_std": 0.0, "time_iter": 0.01305, "time_iter_std": 0.00217, "accuracy": 0.66667, "accuracy_std": 0.0, "accuracy_max": 0.66667, "precision": 0.66667, "precision_std": 0.0, "recall": 1.0, "recall_std": 0.0, "f1": 0.8, "f1_std": 0.0, "auc": 0.52367, "auc_std": 0.09298}
{"epoch": 37, "time_epoch": 0.03447, "time_epoch_std": 0.00368, "eta": 2.3522, "eta_std": 0.09549, "eta_hours": 0.00065, "eta_hours_std": 3e-05, "loss": 0.64065, "loss_std": 0.00464, "lr": 0.0007, "lr_std": 0.0, "params": 6465.0, "params_std": 0.0, "time_iter": 0.01149, "time_iter_std": 0.00123, "accuracy": 0.66667, "accuracy_std": 0.0, "accuracy_max": 0.66667, "precision": 0.66667, "precision_std": 0.0, "recall": 1.0, "recall_std": 0.0, "f1": 0.8, "f1_std": 0.0, "auc": 0.43676, "auc_std": 0.05459}
{"epoch": 38, "time_epoch": 0.03622, "time_epoch_std": 0.00411, "eta": 2.31158, "eta_std": 0.09649, "eta_hours": 0.00064, "eta_hours_std": 3e-05, "loss": 0.64051, "loss_std": 0.0045, "lr": 0.00068, "lr_std": 0.0, "params": 6465.0, "params_std": 0.0, "time_iter": 0.01207, "time_iter_std": 0.00137, "accuracy": 0.66667, "accuracy_std": 0.0, "accuracy_max": 0.66667, "precision": 0.66667, "precision_std": 0.0, "recall": 1.0, "recall_std": 0.0, "f1": 0.8, "f1_std": 0.0, "auc": 0.48816, "auc_std": 0.08809}
{"epoch": 39, "time_epoch": 0.03728, "time_epoch_std": 0.00569, "eta": 2.27277, "eta_std": 0.09985, "eta_hours": 0.00063, "eta_hours_std": 3e-05, "loss": 0.64044, "loss_std": 0.00437, "lr": 0.00067, "lr_std": 0.0, "params": 6465.0, "params_std": 0.0, "time_iter": 0.01243, "time_iter_std": 0.00189, "accuracy": 0.66667, "accuracy_std": 0.0, "accuracy_max": 0.66667, "precision": 0.66667, "precision_std": 0.0, "recall": 1.0, "recall_std": 0.0, "f1": 0.8, "f1_std": 0.0, "auc": 0.43787, "auc_std": 0.07897}
{"epoch": 40, "time_epoch": 0.0339, "time_epoch_std": 0.00142, "eta": 2.22916, "eta_std": 0.09517, "eta_hours": 0.00062, "eta_hours_std": 3e-05, "loss": 0.64028, "loss_std": 0.00427, "lr": 0.00065, "lr_std": 0.0, "params": 6465.0, "params_std": 0.0, "time_iter": 0.0113, "time_iter_std": 0.00047, "accuracy": 0.66667, "accuracy_std": 0.0, "accuracy_max": 0.66667, "precision": 0.66667, "precision_std": 0.0, "recall": 1.0, "recall_std": 0.0, "f1": 0.8, "f1_std": 0.0, "auc": 0.53957, "auc_std": 0.07675}
{"epoch": 41, "time_epoch": 0.03441, "time_epoch_std": 0.00244, "eta": 2.18673, "eta_std": 0.09107, "eta_hours": 0.00061, "eta_hours_std": 3e-05, "loss": 0.64024, "loss_std": 0.0042, "lr": 0.00064, "lr_std": 0.0, "params": 6465.0, "params_std": 0.0, "time_iter": 0.01147, "time_iter_std": 0.00081, "accuracy": 0.66667, "accuracy_std": 0.0, "accuracy_max": 0.66667, "precision": 0.66667, "precision_std": 0.0, "recall": 1.0, "recall_std": 0.0, "f1": 0.8, "f1_std": 0.0, "auc": 0.46709, "auc_std": 0.0566}
{"epoch": 42, "time_epoch": 0.03355, "time_epoch_std": 0.0012, "eta": 2.14352, "eta_std": 0.08718, "eta_hours": 0.0006, "eta_hours_std": 2e-05, "loss": 0.6402, "loss_std": 0.00415, "lr": 0.00062, "lr_std": 0.0, "params": 6465.0, "params_std": 0.0, "time_iter": 0.01118, "time_iter_std": 0.0004, "accuracy": 0.66667, "accuracy_std": 0.0, "accuracy_max": 0.66667, "precision": 0.66667, "precision_std": 0.0, "recall": 1.0, "recall_std": 0.0, "f1": 0.8, "f1_std": 0.0, "auc": 0.4645, "auc_std": 0.08358}
{"epoch": 43, "time_epoch": 0.03377, "time_epoch_std": 0.00101, "eta": 2.10103, "eta_std": 0.08408, "eta_hours": 0.00058, "eta_hours_std": 2e-05, "loss": 0.6401, "loss_std": 0.00398, "lr": 0.00061, "lr_std": 0.0, "params": 6465.0, "params_std": 0.0, "time_iter": 0.01126, "time_iter_std": 0.00034, "accuracy": 0.66667, "accuracy_std": 0.0, "accuracy_max": 0.66667, "precision": 0.66667, "precision_std": 0.0, "recall": 1.0, "recall_std": 0.0, "f1": 0.8, "f1_std": 0.0, "auc": 0.4142, "auc_std": 0.10949}
{"epoch": 44, "time_epoch": 0.03483, "time_epoch_std": 0.00378, "eta": 2.06023, "eta_std": 0.08428, "eta_hours": 0.00057, "eta_hours_std": 2e-05, "loss": 0.64003, "loss_std": 0.0039, "lr": 0.00059, "lr_std": 0.0, "params": 6465.0, "params_std": 0.0, "time_iter": 0.01161, "time_iter_std": 0.00126, "accuracy": 0.66667, "accuracy_std": 0.0, "accuracy_max": 0.66667, "precision": 0.66667, "precision_std": 0.0, "recall": 1.0, "recall_std": 0.0, "f1": 0.8, "f1_std": 0.0, "auc": 0.43935, "auc_std": 0.04791}
{"epoch": 45, "time_epoch": 0.03623, "time_epoch_std": 0.00551, "eta": 2.02133, "eta_std": 0.08626, "eta_hours": 0.00056, "eta_hours_std": 2e-05, "loss": 0.63998, "loss_std": 0.00386, "lr": 0.00058, "lr_std": 0.0, "params": 6465.0, "params_std": 0.0, "time_iter": 0.01208, "time_iter_std": 0.00184, "accuracy": 0.66667, "accuracy_std": 0.0, "accuracy_max": 0.66667, "precision": 0.66667, "precision_std": 0.0, "recall": 1.0, "recall_std": 0.0, "f1": 0.8, "f1_std": 0.0, "auc": 0.42936, "auc_std": 0.05606}
{"epoch": 46, "time_epoch": 0.03423, "time_epoch_std": 0.00237, "eta": 1.98029, "eta_std": 0.08428, "eta_hours": 0.00055, "eta_hours_std": 2e-05, "loss": 0.63992, "loss_std": 0.00378, "lr": 0.00056, "lr_std": 0.0, "params": 6465.0, "params_std": 0.0, "time_iter": 0.01141, "time_iter_std": 0.00079, "accuracy": 0.66667, "accuracy_std": 0.0, "accuracy_max": 0.66667, "precision": 0.66667, "precision_std": 0.0, "recall": 1.0, "recall_std": 0.0, "f1": 0.8, "f1_std": 0.0, "auc": 0.40422, "auc_std": 0.06987}
{"epoch": 47, "time_epoch": 0.03354, "time_epoch_std": 0.00167, "eta": 1.93878, "eta_std": 0.0822, "eta_hours": 0.00054, "eta_hours_std": 2e-05, "loss": 0.63987, "loss_std": 0.00368, "lr": 0.00055, "lr_std": 0.0, "params": 6465.0, "params_std": 0.0, "time_iter": 0.01118, "time_iter_std": 0.00056, "accuracy": 0.66667, "accuracy_std": 0.0, "accuracy_max": 0.66667, "precision": 0.66667, "precision_std": 0.0, "recall": 1.0, "recall_std": 0.0, "f1": 0.8, "f1_std": 0.0, "auc": 0.40015, "auc_std": 0.04948}
{"epoch": 48, "time_epoch": 0.03579, "time_epoch_std": 0.00443, "eta": 1.89994, "eta_std": 0.07835, "eta_hours": 0.00052, "eta_hours_std": 2e-05, "loss": 0.63978, "loss_std": 0.00362, "lr": 0.00053, "lr_std": 0.0, "params": 6465.0, "params_std": 0.0, "time_iter": 0.01193, "time_iter_std": 0.00148, "accuracy": 0.66667, "accuracy_std": 0.0, "accuracy_max": 0.66667, "precision": 0.66667, "precision_std": 0.0, "recall": 1.0, "recall_std": 0.0, "f1": 0.8, "f1_std": 0.0, "auc": 0.49261, "auc_std": 0.03273}
{"epoch": 49, "time_epoch": 0.03588, "time_epoch_std": 0.00413, "eta": 1.86131, "eta_std": 0.07553, "eta_hours": 0.00052, "eta_hours_std": 2e-05, "loss": 0.63974, "loss_std": 0.00358, "lr": 0.00052, "lr_std": 0.0, "params": 6465.0, "params_std": 0.0, "time_iter": 0.01196, "time_iter_std": 0.00138, "accuracy": 0.66667, "accuracy_std": 0.0, "accuracy_max": 0.66667, "precision": 0.66667, "precision_std": 0.0, "recall": 1.0, "recall_std": 0.0, "f1": 0.8, "f1_std": 0.0, "auc": 0.47337, "auc_std": 0.07896}
{"epoch": 50, "time_epoch": 0.04001, "time_epoch_std": 0.00737, "eta": 1.82676, "eta_std": 0.07648, "eta_hours": 0.0005, "eta_hours_std": 2e-05, "loss": 0.63967, "loss_std": 0.0035, "lr": 0.0005, "lr_std": 0.0, "params": 6465.0, "params_std": 0.0, "time_iter": 0.01334, "time_iter_std": 0.00246, "accuracy": 0.66667, "accuracy_std": 0.0, "accuracy_max": 0.66667, "precision": 0.66667, "precision_std": 0.0, "recall": 1.0, "recall_std": 0.0, "f1": 0.8, "f1_std": 0.0, "auc": 0.50037, "auc_std": 0.06482}
{"epoch": 51, "time_epoch": 0.03752, "time_epoch_std": 0.00806, "eta": 1.7897, "eta_std": 0.07106, "eta_hours": 0.0005, "eta_hours_std": 2e-05, "loss": 0.6396, "loss_std": 0.00346, "lr": 0.00048, "lr_std": 0.0, "params": 6465.0, "params_std": 0.0, "time_iter": 0.0125, "time_iter_std": 0.00269, "accuracy": 0.66667, "accuracy_std": 0.0, "accuracy_max": 0.66667, "precision": 0.66667, "precision_std": 0.0, "recall": 1.0, "recall_std": 0.0, "f1": 0.8, "f1_std": 0.0, "auc": 0.51258, "auc_std": 0.02559}
{"epoch": 52, "time_epoch": 0.04057, "time_epoch_std": 0.01271, "eta": 1.75533, "eta_std": 0.06634, "eta_hours": 0.00049, "eta_hours_std": 2e-05, "loss": 0.63956, "loss_std": 0.00343, "lr": 0.00047, "lr_std": 0.0, "params": 6465.0, "params_std": 0.0, "time_iter": 0.01352, "time_iter_std": 0.00424, "accuracy": 0.66667, "accuracy_std": 0.0, "accuracy_max": 0.66667, "precision": 0.66667, "precision_std": 0.0, "recall": 1.0, "recall_std": 0.0, "f1": 0.8, "f1_std": 0.0, "auc": 0.48299, "auc_std": 0.09248}
{"epoch": 53, "time_epoch": 0.03691, "time_epoch_std": 0.00699, "eta": 1.71761, "eta_std": 0.06395, "eta_hours": 0.00048, "eta_hours_std": 2e-05, "loss": 0.63949, "loss_std": 0.00335, "lr": 0.00045, "lr_std": 0.0, "params": 6465.0, "params_std": 0.0, "time_iter": 0.0123, "time_iter_std": 0.00233, "accuracy": 0.66667, "accuracy_std": 0.0, "accuracy_max": 0.66667, "precision": 0.66667, "precision_std": 0.0, "recall": 1.0, "recall_std": 0.0, "f1": 0.8, "f1_std": 0.0, "auc": 0.48521, "auc_std": 0.06262}
{"epoch": 54, "time_epoch": 0.03352, "time_epoch_std": 0.00143, "eta": 1.67714, "eta_std": 0.06222, "eta_hours": 0.00047, "eta_hours_std": 1e-05, "loss": 0.63944, "loss_std": 0.00333, "lr": 0.00044, "lr_std": 0.0, "params": 6465.0, "params_std": 0.0, "time_iter": 0.01117, "time_iter_std": 0.00048, "accuracy": 0.66667, "accuracy_std": 0.0, "accuracy_max": 0.66667, "precision": 0.66667, "precision_std": 0.0, "recall": 1.0, "recall_std": 0.0, "f1": 0.8, "f1_std": 0.0, "auc": 0.45155, "auc_std": 0.06412}
{"epoch": 55, "time_epoch": 0.03358, "time_epoch_std": 0.00127, "eta": 1.63697, "eta_std": 0.06028, "eta_hours": 0.00046, "eta_hours_std": 1e-05, "loss": 0.63937, "loss_std": 0.00329, "lr": 0.00042, "lr_std": 0.0, "params": 6465.0, "params_std": 0.0, "time_iter": 0.01119, "time_iter_std": 0.00043, "accuracy": 0.66667, "accuracy_std": 0.0, "accuracy_max": 0.66667, "precision": 0.66667, "precision_std": 0.0, "recall": 1.0, "recall_std": 0.0, "f1": 0.8, "f1_std": 0.0, "auc": 0.50407, "auc_std": 0.0705}
{"epoch": 56, "time_epoch": 0.0331, "time_epoch_std": 0.00143, "eta": 1.59667, "eta_std": 0.05793, "eta_hours": 0.00044, "eta_hours_std": 2e-05, "loss": 0.63932, "loss_std": 0.00322, "lr": 0.00041, "lr_std": 0.0, "params": 6465.0, "params_std": 0.0, "time_iter": 0.01103, "time_iter_std": 0.00048, "accuracy": 0.66667, "accuracy_std": 0.0, "accuracy_max": 0.66667, "precision": 0.66667, "precision_std": 0.0, "recall": 1.0, "recall_std": 0.0, "f1": 0.8, "f1_std": 0.0, "auc": 0.56102, "auc_std": 0.09199}
{"epoch": 57, "time_epoch": 0.03485, "time_epoch_std": 0.00458, "eta": 1.55789, "eta_std": 0.05577, "eta_hours": 0.00044, "eta_hours_std": 2e-05, "loss": 0.63929, "loss_std": 0.00319, "lr": 0.00039, "lr_std": 0.0, "params": 6465.0, "params_std": 0.0, "time_iter": 0.01162, "time_iter_std": 0.00153, "accuracy": 0.66667, "accuracy_std": 0.0, "accuracy_max": 0.66667, "precision": 0.66667, "precision_std": 0.0, "recall": 1.0, "recall_std": 0.0, "f1": 0.8, "f1_std": 0.0, "auc": 0.4693, "auc_std": 0.08678}
{"epoch": 58, "time_epoch": 0.03495, "time_epoch_std": 0.00391, "eta": 1.5193, "eta_std": 0.05399, "eta_hours": 0.00042, "eta_hours_std": 2e-05, "loss": 0.63922, "loss_std": 0.00317, "lr": 0.00038, "lr_std": 0.0, "params": 6465.0, "params_std": 0.0, "time_iter": 0.01165, "time_iter_std": 0.0013, "accuracy": 0.66667, "accuracy_std": 0.0, "accuracy_max": 0.66667, "precision": 0.66667, "precision_std": 0.0, "recall": 1.0, "recall_std": 0.0, "f1": 0.8, "f1_std": 0.0, "auc": 0.54882, "auc_std": 0.06405}
{"epoch": 59, "time_epoch": 0.03442, "time_epoch_std": 0.00269, "eta": 1.48049, "eta_std": 0.05245, "eta_hours": 0.00041, "eta_hours_std": 2e-05, "loss": 0.63922, "loss_std": 0.00312, "lr": 0.00036, "lr_std": 0.0, "params": 6465.0, "params_std": 0.0, "time_iter": 0.01148, "time_iter_std": 0.00089, "accuracy": 0.66667, "accuracy_std": 0.0, "accuracy_max": 0.66667, "precision": 0.66667, "precision_std": 0.0, "recall": 1.0, "recall_std": 0.0, "f1": 0.8, "f1_std": 0.0, "auc": 0.37648, "auc_std": 0.0662}
{"epoch": 60, "time_epoch": 0.03301, "time_epoch_std": 0.00074, "eta": 1.44092, "eta_std": 0.05035, "eta_hours": 0.0004, "eta_hours_std": 1e-05, "loss": 0.63914, "loss_std": 0.00308, "lr": 0.00035, "lr_std": 0.0, "params": 6465.0, "params_std": 0.0, "time_iter": 0.011, "time_iter_std": 0.00025, "accuracy": 0.66667, "accuracy_std": 0.0, "accuracy_max": 0.66667, "precision": 0.66667, "precision_std": 0.0, "recall": 1.0, "recall_std": 0.0, "f1": 0.8, "f1_std": 0.0, "auc": 0.4767, "auc_std": 0.13451}
{"epoch": 61, "time_epoch": 0.03295, "time_epoch_std": 0.00105, "eta": 1.40152, "eta_std": 0.04864, "eta_hours": 0.00039, "eta_hours_std": 1e-05, "loss": 0.6391, "loss_std": 0.00305, "lr": 0.00033, "lr_std": 0.0, "params": 6465.0, "params_std": 0.0, "time_iter": 0.01098, "time_iter_std": 0.00035, "accuracy": 0.66667, "accuracy_std": 0.0, "accuracy_max": 0.66667, "precision": 0.66667, "precision_std": 0.0, "recall": 1.0, "recall_std": 0.0, "f1": 0.8, "f1_std": 0.0, "auc": 0.4841, "auc_std": 0.07312}
{"epoch": 62, "time_epoch": 0.03345, "time_epoch_std": 0.0009, "eta": 1.36263, "eta_std": 0.04694, "eta_hours": 0.00038, "eta_hours_std": 1e-05, "loss": 0.63908, "loss_std": 0.00302, "lr": 0.00032, "lr_std": 0.0, "params": 6465.0, "params_std": 0.0, "time_iter": 0.01115, "time_iter_std": 0.0003, "accuracy": 0.66667, "accuracy_std": 0.0, "accuracy_max": 0.66667, "precision": 0.66667, "precision_std": 0.0, "recall": 1.0, "recall_std": 0.0, "f1": 0.8, "f1_std": 0.0, "auc": 0.45155, "auc_std": 0.06405}
{"epoch": 63, "time_epoch": 0.0327, "time_epoch_std": 0.00082, "eta": 1.32348, "eta_std": 0.04522, "eta_hours": 0.00037, "eta_hours_std": 1e-05, "loss": 0.63901, "loss_std": 0.00298, "lr": 0.0003, "lr_std": 0.0, "params": 6465.0, "params_std": 0.0, "time_iter": 0.0109, "time_iter_std": 0.00027, "accuracy": 0.66667, "accuracy_std": 0.0, "accuracy_max": 0.66667, "precision": 0.66667, "precision_std": 0.0, "recall": 1.0, "recall_std": 0.0, "f1": 0.8, "f1_std": 0.0, "auc": 0.58802, "auc_std": 0.08071}
{"epoch": 64, "time_epoch": 0.03274, "time_epoch_std": 0.00051, "eta": 1.28455, "eta_std": 0.04348, "eta_hours": 0.00036, "eta_hours_std": 1e-05, "loss": 0.63901, "loss_std": 0.00295, "lr": 0.00029, "lr_std": 0.0, "params": 6465.0, "params_std": 0.0, "time_iter": 0.01091, "time_iter_std": 0.00017, "accuracy": 0.66667, "accuracy_std": 0.0, "accuracy_max": 0.66667, "precision": 0.66667, "precision_std": 0.0, "recall": 1.0, "recall_std": 0.0, "f1": 0.8, "f1_std": 0.0, "auc": 0.46043, "auc_std": 0.09348}
{"epoch": 65, "time_epoch": 0.03249, "time_epoch_std": 0.00065, "eta": 1.24568, "eta_std": 0.04186, "eta_hours": 0.00035, "eta_hours_std": 1e-05, "loss": 0.63898, "loss_std": 0.00292, "lr": 0.00027, "lr_std": 0.0, "params": 6465.0, "params_std": 0.0, "time_iter": 0.01083, "time_iter_std": 0.00022, "accuracy": 0.66667, "accuracy_std": 0.0, "accuracy_max": 0.66667, "precision": 0.66667, "precision_std": 0.0, "recall": 1.0, "recall_std": 0.0, "f1": 0.8, "f1_std": 0.0, "auc": 0.40088, "auc_std": 0.08412}
{"epoch": 66, "time_epoch": 0.03242, "time_epoch_std": 0.00078, "eta": 1.20696, "eta_std": 0.04035, "eta_hours": 0.00034, "eta_hours_std": 1e-05, "loss": 0.63894, "loss_std": 0.00288, "lr": 0.00026, "lr_std": 0.0, "params": 6465.0, "params_std": 0.0, "time_iter": 0.01081, "time_iter_std": 0.00026, "accuracy": 0.66667, "accuracy_std": 0.0, "accuracy_max": 0.66667, "precision": 0.66667, "precision_std": 0.0, "recall": 1.0, "recall_std": 0.0, "f1": 0.8, "f1_std": 0.0, "auc": 0.53735, "auc_std": 0.12203}
{"epoch": 67, "time_epoch": 0.03262, "time_epoch_std": 0.0006, "eta": 1.16852, "eta_std": 0.03865, "eta_hours": 0.00032, "eta_hours_std": 1e-05, "loss": 0.63891, "loss_std": 0.00286, "lr": 0.00025, "lr_std": 0.0, "params": 6465.0, "params_std": 0.0, "time_iter": 0.01087, "time_iter_std": 0.0002, "accuracy": 0.66667, "accuracy_std": 0.0, "accuracy_max": 0.66667, "precision": 0.66667, "precision_std": 0.0, "recall": 1.0, "recall_std": 0.0, "f1": 0.8, "f1_std": 0.0, "auc": 0.52145, "auc_std": 0.07509}
{"epoch": 68, "time_epoch": 0.03299, "time_epoch_std": 0.00081, "eta": 1.13042, "eta_std": 0.03726, "eta_hours": 0.00031, "eta_hours_std": 1e-05, "loss": 0.63889, "loss_std": 0.00283, "lr": 0.00023, "lr_std": 0.0, "params": 6465.0, "params_std": 0.0, "time_iter": 0.011, "time_iter_std": 0.00027, "accuracy": 0.66667, "accuracy_std": 0.0, "accuracy_max": 0.66667, "precision": 0.66667, "precision_std": 0.0, "recall": 1.0, "recall_std": 0.0, "f1": 0.8, "f1_std": 0.0, "auc": 0.53476, "auc_std": 0.10422}
{"epoch": 69, "time_epoch": 0.03487, "time_epoch_std": 0.00412, "eta": 1.09328, "eta_std": 0.03606, "eta_hours": 0.0003, "eta_hours_std": 1e-05, "loss": 0.63888, "loss_std": 0.00285, "lr": 0.00022, "lr_std": 0.0, "params": 6465.0, "params_std": 0.0, "time_iter": 0.01162, "time_iter_std": 0.00138, "accuracy": 0.66667, "accuracy_std": 0.0, "accuracy_max": 0.66667, "precision": 0.66667, "precision_std": 0.0, "recall": 1.0, "recall_std": 0.0, "f1": 0.8, "f1_std": 0.0, "auc": 0.44416, "auc_std": 0.0794}
{"epoch": 70, "time_epoch": 0.0347, "time_epoch_std": 0.00213, "eta": 1.05612, "eta_std": 0.03439, "eta_hours": 0.0003, "eta_hours_std": 1e-05, "loss": 0.63884, "loss_std": 0.00281, "lr": 0.00021, "lr_std": 0.0, "params": 6465.0, "params_std": 0.0, "time_iter": 0.01157, "time_iter_std": 0.00071, "accuracy": 0.66667, "accuracy_std": 0.0, "accuracy_max": 0.66667, "precision": 0.66667, "precision_std": 0.0, "recall": 1.0, "recall_std": 0.0, "f1": 0.8, "f1_std": 0.0, "auc": 0.44083, "auc_std": 0.10488}
{"epoch": 71, "time_epoch": 0.03328, "time_epoch_std": 0.0016, "eta": 1.01848, "eta_std": 0.0331, "eta_hours": 0.00028, "eta_hours_std": 1e-05, "loss": 0.63882, "loss_std": 0.00279, "lr": 0.00019, "lr_std": 0.0, "params": 6465.0, "params_std": 0.0, "time_iter": 0.0111, "time_iter_std": 0.00053, "accuracy": 0.66667, "accuracy_std": 0.0, "accuracy_max": 0.66667, "precision": 0.66667, "precision_std": 0.0, "recall": 1.0, "recall_std": 0.0, "f1": 0.8, "f1_std": 0.0, "auc": 0.52737, "auc_std": 0.06783}
{"epoch": 72, "time_epoch": 0.03382, "time_epoch_std": 0.00173, "eta": 0.98116, "eta_std": 0.03182, "eta_hours": 0.00027, "eta_hours_std": 1e-05, "loss": 0.63881, "loss_std": 0.00278, "lr": 0.00018, "lr_std": 0.0, "params": 6465.0, "params_std": 0.0, "time_iter": 0.01127, "time_iter_std": 0.00058, "accuracy": 0.66667, "accuracy_std": 0.0, "accuracy_max": 0.66667, "precision": 0.66667, "precision_std": 0.0, "recall": 1.0, "recall_std": 0.0, "f1": 0.8, "f1_std": 0.0, "auc": 0.45673, "auc_std": 0.15666}
{"epoch": 73, "time_epoch": 0.03684, "time_epoch_std": 0.00681, "eta": 0.94499, "eta_std": 0.0311, "eta_hours": 0.00026, "eta_hours_std": 1e-05, "loss": 0.63879, "loss_std": 0.00277, "lr": 0.00017, "lr_std": 0.0, "params": 6465.0, "params_std": 0.0, "time_iter": 0.01228, "time_iter_std": 0.00227, "accuracy": 0.66667, "accuracy_std": 0.0, "accuracy_max": 0.66667, "precision": 0.66667, "precision_std": 0.0, "recall": 1.0, "recall_std": 0.0, "f1": 0.8, "f1_std": 0.0, "auc": 0.5662, "auc_std": 0.04012}
{"epoch": 74, "time_epoch": 0.03729, "time_epoch_std": 0.00854, "eta": 0.90896, "eta_std": 0.03084, "eta_hours": 0.00025, "eta_hours_std": 1e-05, "loss": 0.63879, "loss_std": 0.00276, "lr": 0.00016, "lr_std": 0.0, "params": 6465.0, "params_std": 0.0, "time_iter": 0.01243, "time_iter_std": 0.00285, "accuracy": 0.66667, "accuracy_std": 0.0, "accuracy_max": 0.66667, "precision": 0.66667, "precision_std": 0.0, "recall": 1.0, "recall_std": 0.0, "f1": 0.8, "f1_std": 0.0, "auc": 0.45599, "auc_std": 0.10311}
{"epoch": 75, "time_epoch": 0.03655, "time_epoch_std": 0.00731, "eta": 0.87267, "eta_std": 0.03051, "eta_hours": 0.00024, "eta_hours_std": 1e-05, "loss": 0.63877, "loss_std": 0.00275, "lr": 0.00015, "lr_std": 0.0, "params": 6465.0, "params_std": 0.0, "time_iter": 0.01218, "time_iter_std": 0.00244, "accuracy": 0.66667, "accuracy_std": 0.0, "accuracy_max": 0.66667, "precision": 0.66667, "precision_std": 0.0, "recall": 1.0, "recall_std": 0.0, "f1": 0.8, "f1_std": 0.0, "auc": 0.5233, "auc_std": 0.07318}
{"epoch": 76, "time_epoch": 0.03857, "time_epoch_std": 0.00799, "eta": 0.83696, "eta_std": 0.03067, "eta_hours": 0.00023, "eta_hours_std": 1e-05, "loss": 0.63878, "loss_std": 0.00274, "lr": 0.00014, "lr_std": 0.0, "params": 6465.0, "params_std": 0.0, "time_iter": 0.01286, "time_iter_std": 0.00266, "accuracy": 0.66667, "accuracy_std": 0.0, "accuracy_max": 0.66667, "precision": 0.66667, "precision_std": 0.0, "recall": 1.0, "recall_std": 0.0, "f1": 0.8, "f1_std": 0.0, "auc": 0.37796, "auc_std": 0.02398}
{"epoch": 77, "time_epoch": 0.03542, "time_epoch_std": 0.00517, "eta": 0.8003, "eta_std": 0.02985, "eta_hours": 0.00022, "eta_hours_std": 1e-05, "loss": 0.63875, "loss_std": 0.00273, "lr": 0.00012, "lr_std": 0.0, "params": 6465.0, "params_std": 0.0, "time_iter": 0.0118, "time_iter_std": 0.00173, "accuracy": 0.66667, "accuracy_std": 0.0, "accuracy_max": 0.66667, "precision": 0.66667, "precision_std": 0.0, "recall": 1.0, "recall_std": 0.0, "f1": 0.8, "f1_std": 0.0, "auc": 0.47078, "auc_std": 0.0528}
{"epoch": 78, "time_epoch": 0.03554, "time_epoch_std": 0.00493, "eta": 0.7637, "eta_std": 0.02901, "eta_hours": 0.00021, "eta_hours_std": 1e-05, "loss": 0.63874, "loss_std": 0.00272, "lr": 0.00011, "lr_std": 0.0, "params": 6465.0, "params_std": 0.0, "time_iter": 0.01185, "time_iter_std": 0.00164, "accuracy": 0.66667, "accuracy_std": 0.0, "accuracy_max": 0.66667, "precision": 0.66667, "precision_std": 0.0, "recall": 1.0, "recall_std": 0.0, "f1": 0.8, "f1_std": 0.0, "auc": 0.54253, "auc_std": 0.12173}
{"epoch": 79, "time_epoch": 0.03548, "time_epoch_std": 0.00525, "eta": 0.72711, "eta_std": 0.02816, "eta_hours": 0.0002, "eta_hours_std": 1e-05, "loss": 0.63873, "loss_std": 0.00272, "lr": 0.0001, "lr_std": 0.0, "params": 6465.0, "params_std": 0.0, "time_iter": 0.01182, "time_iter_std": 0.00175, "accuracy": 0.66667, "accuracy_std": 0.0, "accuracy_max": 0.66667, "precision": 0.66667, "precision_std": 0.0, "recall": 1.0, "recall_std": 0.0, "f1": 0.8, "f1_std": 0.0, "auc": 0.46524, "auc_std": 0.07848}
{"epoch": 80, "time_epoch": 0.03506, "time_epoch_std": 0.00487, "eta": 0.69045, "eta_std": 0.02716, "eta_hours": 0.00019, "eta_hours_std": 1e-05, "loss": 0.63873, "loss_std": 0.00271, "lr": 0.0001, "lr_std": 0.0, "params": 6465.0, "params_std": 0.0, "time_iter": 0.01169, "time_iter_std": 0.00163, "accuracy": 0.66667, "accuracy_std": 0.0, "accuracy_max": 0.66667, "precision": 0.66667, "precision_std": 0.0, "recall": 1.0, "recall_std": 0.0, "f1": 0.8, "f1_std": 0.0, "auc": 0.50148, "auc_std": 0.09062}
{"epoch": 81, "time_epoch": 0.03478, "time_epoch_std": 0.0042, "eta": 0.65377, "eta_std": 0.02606, "eta_hours": 0.00018, "eta_hours_std": 1e-05, "loss": 0.63873, "loss_std": 0.00271, "lr": 9e-05, "lr_std": 0.0, "params": 6465.0, "params_std": 0.0, "time_iter": 0.01159, "time_iter_std": 0.0014, "accuracy": 0.66667, "accuracy_std": 0.0, "accuracy_max": 0.66667, "precision": 0.66667, "precision_std": 0.0, "recall": 1.0, "recall_std": 0.0, "f1": 0.8, "f1_std": 0.0, "auc": 0.40237, "auc_std": 0.08158}
{"epoch": 82, "time_epoch": 0.0353, "time_epoch_std": 0.00512, "eta": 0.61724, "eta_std": 0.02512, "eta_hours": 0.00017, "eta_hours_std": 1e-05, "loss": 0.63872, "loss_std": 0.0027, "lr": 8e-05, "lr_std": 0.0, "params": 6465.0, "params_std": 0.0, "time_iter": 0.01177, "time_iter_std": 0.00171, "accuracy": 0.66667, "accuracy_std": 0.0, "accuracy_max": 0.66667, "precision": 0.66667, "precision_std": 0.0, "recall": 1.0, "recall_std": 0.0, "f1": 0.8, "f1_std": 0.0, "auc": 0.49039, "auc_std": 0.04273}
{"epoch": 83, "time_epoch": 0.03639, "time_epoch_std": 0.00729, "eta": 0.58095, "eta_std": 0.02439, "eta_hours": 0.00016, "eta_hours_std": 1e-05, "loss": 0.63872, "loss_std": 0.0027, "lr": 7e-05, "lr_std": 0.0, "params": 6465.0, "params_std": 0.0, "time_iter": 0.01213, "time_iter_std": 0.00243, "accuracy": 0.66667, "accuracy_std": 0.0, "accuracy_max": 0.66667, "precision": 0.66667, "precision_std": 0.0, "recall": 1.0, "recall_std": 0.0, "f1": 0.8, "f1_std": 0.0, "auc": 0.39534, "auc_std": 0.02612}
{"epoch": 84, "time_epoch": 0.03756, "time_epoch_std": 0.00908, "eta": 0.54486, "eta_std": 0.02385, "eta_hours": 0.00015, "eta_hours_std": 1e-05, "loss": 0.63871, "loss_std": 0.00269, "lr": 6e-05, "lr_std": 0.0, "params": 6465.0, "params_std": 0.0, "time_iter": 0.01252, "time_iter_std": 0.00303, "accuracy": 0.66667, "accuracy_std": 0.0, "accuracy_max": 0.66667, "precision": 0.66667, "precision_std": 0.0, "recall": 1.0, "recall_std": 0.0, "f1": 0.8, "f1_std": 0.0, "auc": 0.45008, "auc_std": 0.15006}
{"epoch": 85, "time_epoch": 0.03672, "time_epoch_std": 0.00686, "eta": 0.5086, "eta_std": 0.02289, "eta_hours": 0.00014, "eta_hours_std": 1e-05, "loss": 0.63871, "loss_std": 0.00269, "lr": 5e-05, "lr_std": 0.0, "params": 6465.0, "params_std": 0.0, "time_iter": 0.01224, "time_iter_std": 0.00228, "accuracy": 0.66667, "accuracy_std": 0.0, "accuracy_max": 0.66667, "precision": 0.66667, "precision_std": 0.0, "recall": 1.0, "recall_std": 0.0, "f1": 0.8, "f1_std": 0.0, "auc": 0.42086, "auc_std": 0.09716}
{"epoch": 86, "time_epoch": 0.03536, "time_epoch_std": 0.00526, "eta": 0.47212, "eta_std": 0.02166, "eta_hours": 0.00013, "eta_hours_std": 1e-05, "loss": 0.6387, "loss_std": 0.00269, "lr": 5e-05, "lr_std": 0.0, "params": 6465.0, "params_std": 0.0, "time_iter": 0.01179, "time_iter_std": 0.00175, "accuracy": 0.66667, "accuracy_std": 0.0, "accuracy_max": 0.66667, "precision": 0.66667, "precision_std": 0.0, "recall": 1.0, "recall_std": 0.0, "f1": 0.8, "f1_std": 0.0, "auc": 0.4963, "auc_std": 0.04768}
{"epoch": 87, "time_epoch": 0.03542, "time_epoch_std": 0.00529, "eta": 0.43569, "eta_std": 0.02037, "eta_hours": 0.00012, "eta_hours_std": 1e-05, "loss": 0.6387, "loss_std": 0.00269, "lr": 4e-05, "lr_std": 0.0, "params": 6465.0, "params_std": 0.0, "time_iter": 0.0118, "time_iter_std": 0.00176, "accuracy": 0.66667, "accuracy_std": 0.0, "accuracy_max": 0.66667, "precision": 0.66667, "precision_std": 0.0, "recall": 1.0, "recall_std": 0.0, "f1": 0.8, "f1_std": 0.0, "auc": 0.46967, "auc_std": 0.10232}
{"epoch": 88, "time_epoch": 0.03779, "time_epoch_std": 0.00873, "eta": 0.39956, "eta_std": 0.01935, "eta_hours": 0.00011, "eta_hours_std": 1e-05, "loss": 0.63869, "loss_std": 0.00268, "lr": 4e-05, "lr_std": 0.0, "params": 6465.0, "params_std": 0.0, "time_iter": 0.0126, "time_iter_std": 0.00291, "accuracy": 0.66667, "accuracy_std": 0.0, "accuracy_max": 0.66667, "precision": 0.66667, "precision_std": 0.0, "recall": 1.0, "recall_std": 0.0, "f1": 0.8, "f1_std": 0.0, "auc": 0.51849, "auc_std": 0.06419}
{"epoch": 89, "time_epoch": 0.03518, "time_epoch_std": 0.00457, "eta": 0.36311, "eta_std": 0.01784, "eta_hours": 0.0001, "eta_hours_std": 0.0, "loss": 0.63869, "loss_std": 0.00268, "lr": 3e-05, "lr_std": 0.0, "params": 6465.0, "params_std": 0.0, "time_iter": 0.01172, "time_iter_std": 0.00153, "accuracy": 0.66667, "accuracy_std": 0.0, "accuracy_max": 0.66667, "precision": 0.66667, "precision_std": 0.0, "recall": 1.0, "recall_std": 0.0, "f1": 0.8, "f1_std": 0.0, "auc": 0.49297, "auc_std": 0.08528}
{"epoch": 90, "time_epoch": 0.03552, "time_epoch_std": 0.00464, "eta": 0.32672, "eta_std": 0.0163, "eta_hours": 9e-05, "eta_hours_std": 0.0, "loss": 0.6387, "loss_std": 0.00268, "lr": 2e-05, "lr_std": 0.0, "params": 6465.0, "params_std": 0.0, "time_iter": 0.01184, "time_iter_std": 0.00155, "accuracy": 0.66667, "accuracy_std": 0.0, "accuracy_max": 0.66667, "precision": 0.66667, "precision_std": 0.0, "recall": 1.0, "recall_std": 0.0, "f1": 0.8, "f1_std": 0.0, "auc": 0.4105, "auc_std": 0.05908}
{"epoch": 91, "time_epoch": 0.03623, "time_epoch_std": 0.00642, "eta": 0.29041, "eta_std": 0.01483, "eta_hours": 8e-05, "eta_hours_std": 0.0, "loss": 0.6387, "loss_std": 0.00267, "lr": 2e-05, "lr_std": 0.0, "params": 6465.0, "params_std": 0.0, "time_iter": 0.01208, "time_iter_std": 0.00214, "accuracy": 0.66667, "accuracy_std": 0.0, "accuracy_max": 0.66667, "precision": 0.66667, "precision_std": 0.0, "recall": 1.0, "recall_std": 0.0, "f1": 0.8, "f1_std": 0.0, "auc": 0.43565, "auc_std": 0.01069}
{"epoch": 92, "time_epoch": 0.03524, "time_epoch_std": 0.00459, "eta": 0.25403, "eta_std": 0.01315, "eta_hours": 7e-05, "eta_hours_std": 0.0, "loss": 0.63868, "loss_std": 0.00268, "lr": 2e-05, "lr_std": 0.0, "params": 6465.0, "params_std": 0.0, "time_iter": 0.01174, "time_iter_std": 0.00153, "accuracy": 0.66667, "accuracy_std": 0.0, "accuracy_max": 0.66667, "precision": 0.66667, "precision_std": 0.0, "recall": 1.0, "recall_std": 0.0, "f1": 0.8, "f1_std": 0.0, "auc": 0.52848, "auc_std": 0.13055}
{"epoch": 93, "time_epoch": 0.03521, "time_epoch_std": 0.00477, "eta": 0.21767, "eta_std": 0.01143, "eta_hours": 6e-05, "eta_hours_std": 0.0, "loss": 0.63869, "loss_std": 0.00267, "lr": 1e-05, "lr_std": 0.0, "params": 6465.0, "params_std": 0.0, "time_iter": 0.01174, "time_iter_std": 0.00159, "accuracy": 0.66667, "accuracy_std": 0.0, "accuracy_max": 0.66667, "precision": 0.66667, "precision_std": 0.0, "recall": 1.0, "recall_std": 0.0, "f1": 0.8, "f1_std": 0.0, "auc": 0.48373, "auc_std": 0.05347}
{"epoch": 94, "time_epoch": 0.03497, "time_epoch_std": 0.00484, "eta": 0.18132, "eta_std": 0.00965, "eta_hours": 5e-05, "eta_hours_std": 0.0, "loss": 0.63869, "loss_std": 0.00267, "lr": 1e-05, "lr_std": 0.0, "params": 6465.0, "params_std": 0.0, "time_iter": 0.01166, "time_iter_std": 0.00162, "accuracy": 0.66667, "accuracy_std": 0.0, "accuracy_max": 0.66667, "precision": 0.66667, "precision_std": 0.0, "recall": 1.0, "recall_std": 0.0, "f1": 0.8, "f1_std": 0.0, "auc": 0.44452, "auc_std": 0.06554}
{"epoch": 95, "time_epoch": 0.03543, "time_epoch_std": 0.0044, "eta": 0.14502, "eta_std": 0.00781, "eta_hours": 4e-05, "eta_hours_std": 0.0, "loss": 0.63868, "loss_std": 0.00267, "lr": 1e-05, "lr_std": 0.0, "params": 6465.0, "params_std": 0.0, "time_iter": 0.01181, "time_iter_std": 0.00147, "accuracy": 0.66667, "accuracy_std": 0.0, "accuracy_max": 0.66667, "precision": 0.66667, "precision_std": 0.0, "recall": 1.0, "recall_std": 0.0, "f1": 0.8, "f1_std": 0.0, "auc": 0.52774, "auc_std": 0.05396}
{"epoch": 96, "time_epoch": 0.0349, "time_epoch_std": 0.00461, "eta": 0.10872, "eta_std": 0.00593, "eta_hours": 3e-05, "eta_hours_std": 0.0, "loss": 0.63868, "loss_std": 0.00267, "lr": 0.0, "lr_std": 0.0, "params": 6465.0, "params_std": 0.0, "time_iter": 0.01163, "time_iter_std": 0.00154, "accuracy": 0.66667, "accuracy_std": 0.0, "accuracy_max": 0.66667, "precision": 0.66667, "precision_std": 0.0, "recall": 1.0, "recall_std": 0.0, "f1": 0.8, "f1_std": 0.0, "auc": 0.54918, "auc_std": 0.08073}
{"epoch": 97, "time_epoch": 0.03898, "time_epoch_std": 0.00642, "eta": 0.07254, "eta_std": 0.0039, "eta_hours": 2e-05, "eta_hours_std": 0.0, "loss": 0.63868, "loss_std": 0.00267, "lr": 0.0, "lr_std": 0.0, "params": 6465.0, "params_std": 0.0, "time_iter": 0.013, "time_iter_std": 0.00214, "accuracy": 0.66667, "accuracy_std": 0.0, "accuracy_max": 0.66667, "precision": 0.66667, "precision_std": 0.0, "recall": 1.0, "recall_std": 0.0, "f1": 0.8, "f1_std": 0.0, "auc": 0.50074, "auc_std": 0.03453}
{"epoch": 98, "time_epoch": 0.03982, "time_epoch_std": 0.00676, "eta": 0.0363, "eta_std": 0.00194, "eta_hours": 1e-05, "eta_hours_std": 0.0, "loss": 0.63868, "loss_std": 0.00267, "lr": 0.0, "lr_std": 0.0, "params": 6465.0, "params_std": 0.0, "time_iter": 0.01328, "time_iter_std": 0.00226, "accuracy": 0.66667, "accuracy_std": 0.0, "accuracy_max": 0.66667, "precision": 0.66667, "precision_std": 0.0, "recall": 1.0, "recall_std": 0.0, "f1": 0.8, "f1_std": 0.0, "auc": 0.55103, "auc_std": 0.12124}
{"epoch": 99, "time_epoch": 0.03948, "time_epoch_std": 0.00681, "eta": 0.0, "eta_std": 0.0, "eta_hours": 0.0, "eta_hours_std": 0.0, "loss": 0.63869, "loss_std": 0.00267, "lr": 0.0, "lr_std": 0.0, "params": 6465.0, "params_std": 0.0, "time_iter": 0.01316, "time_iter_std": 0.00227, "accuracy": 0.66667, "accuracy_std": 0.0, "accuracy_max": 0.66667, "precision": 0.66667, "precision_std": 0.0, "recall": 1.0, "recall_std": 0.0, "f1": 0.8, "f1_std": 0.0, "auc": 0.51997, "auc_std": 0.1185}
