{"epoch": 0, "time_epoch": 49.41812, "eta": 4892.39392, "eta_hours": 1.359, "loss": 0.66523214, "lr": 0.001, "params": 5865, "time_iter": 0.09614, "accuracy": 0.60127, "precision": 0.64771, "recall": 0.45252, "f1": 0.5328, "auc": 0.6388}
{"epoch": 1, "time_epoch": 32.36066, "eta": 4007.16041, "eta_hours": 1.1131, "loss": 0.64875661, "lr": 0.00099975, "params": 5865, "time_iter": 0.06296, "accuracy": 0.64703, "precision": 0.64306, "recall": 0.6686, "f1": 0.65558, "auc": 0.67244}
{"epoch": 2, "time_epoch": 32.36386, "eta": 3690.61228, "eta_hours": 1.02517, "loss": 0.6526492, "lr": 0.00099901, "params": 5865, "time_iter": 0.06296, "accuracy": 0.61782, "precision": 0.6151, "recall": 0.63953, "f1": 0.62708, "auc": 0.66189}
{"epoch": 3, "time_epoch": 32.34744, "eta": 3515.76203, "eta_hours": 0.9766, "loss": 0.64867372, "lr": 0.00099778, "params": 5865, "time_iter": 0.06293, "accuracy": 0.63096, "precision": 0.62276, "recall": 0.67345, "f1": 0.64711, "auc": 0.67212}
{"epoch": 4, "time_epoch": 32.32511, "eta": 3397.48864, "eta_hours": 0.94375, "loss": 0.63617118, "lr": 0.00099606, "params": 5865, "time_iter": 0.06289, "accuracy": 0.64362, "precision": 0.64231, "recall": 0.65601, "f1": 0.64909, "auc": 0.69372}
{"epoch": 5, "time_epoch": 32.30074, "eta": 3307.48295, "eta_hours": 0.91875, "loss": 0.6459553, "lr": 0.00099384, "params": 5865, "time_iter": 0.06284, "accuracy": 0.65093, "precision": 0.65217, "recall": 0.65407, "f1": 0.65312, "auc": 0.67945}
{"epoch": 6, "time_epoch": 32.30697, "eta": 3234.04718, "eta_hours": 0.89835, "loss": 0.63820909, "lr": 0.00099114, "params": 5865, "time_iter": 0.06285, "accuracy": 0.65287, "precision": 0.6544, "recall": 0.65504, "f1": 0.65472, "auc": 0.69128}
{"epoch": 7, "time_epoch": 32.41437, "eta": 3172.12866, "eta_hours": 0.88115, "loss": 0.63413294, "lr": 0.00098796, "params": 5865, "time_iter": 0.06306, "accuracy": 0.64508, "precision": 0.65075, "recall": 0.63372, "f1": 0.64212, "auc": 0.69391}
{"epoch": 8, "time_epoch": 32.71931, "eta": 3119.84987, "eta_hours": 0.86662, "loss": 0.63298984, "lr": 0.00098429, "params": 5865, "time_iter": 0.06366, "accuracy": 0.65482, "precision": 0.64968, "recall": 0.67926, "f1": 0.66414, "auc": 0.69504}
{"epoch": 9, "time_epoch": 32.3676, "eta": 3068.31762, "eta_hours": 0.85231, "loss": 0.62060812, "lr": 0.00098015, "params": 5865, "time_iter": 0.06297, "accuracy": 0.65774, "precision": 0.65417, "recall": 0.67636, "f1": 0.66508, "auc": 0.7173}
{"epoch": 10, "time_epoch": 32.39306, "eta": 3020.47583, "eta_hours": 0.83902, "loss": 0.62057862, "lr": 0.00097553, "params": 5865, "time_iter": 0.06302, "accuracy": 0.66018, "precision": 0.65321, "recall": 0.68992, "f1": 0.67107, "auc": 0.71459}
{"epoch": 11, "time_epoch": 32.38582, "eta": 2975.15578, "eta_hours": 0.82643, "loss": 0.61669997, "lr": 0.00097044, "params": 5865, "time_iter": 0.06301, "accuracy": 0.66164, "precision": 0.66094, "recall": 0.67054, "f1": 0.6657, "auc": 0.7225}
{"epoch": 12, "time_epoch": 32.40082, "eta": 2931.92594, "eta_hours": 0.81442, "loss": 0.61032981, "lr": 0.00096489, "params": 5865, "time_iter": 0.06304, "accuracy": 0.66796, "precision": 0.66355, "recall": 0.68798, "f1": 0.67555, "auc": 0.73115}
{"epoch": 13, "time_epoch": 32.51982, "eta": 2890.97416, "eta_hours": 0.80305, "loss": 0.60675656, "lr": 0.00095888, "params": 5865, "time_iter": 0.06327, "accuracy": 0.68647, "precision": 0.6793, "recall": 0.71221, "f1": 0.69536, "auc": 0.73831}
{"epoch": 14, "time_epoch": 32.51223, "eta": 2851.10363, "eta_hours": 0.79197, "loss": 0.60342289, "lr": 0.00095241, "params": 5865, "time_iter": 0.06325, "accuracy": 0.67624, "precision": 0.67937, "recall": 0.67345, "f1": 0.6764, "auc": 0.74676}
{"epoch": 15, "time_epoch": 32.45623, "eta": 2811.85885, "eta_hours": 0.78107, "loss": 0.59416332, "lr": 0.0009455, "params": 5865, "time_iter": 0.06314, "accuracy": 0.69133, "precision": 0.6846, "recall": 0.71512, "f1": 0.69953, "auc": 0.75979}
{"epoch": 16, "time_epoch": 32.51021, "eta": 2773.67628, "eta_hours": 0.77047, "loss": 0.58427852, "lr": 0.00093815, "params": 5865, "time_iter": 0.06325, "accuracy": 0.70107, "precision": 0.70611, "recall": 0.6938, "f1": 0.6999, "auc": 0.76836}
{"epoch": 17, "time_epoch": 32.46982, "eta": 2735.93996, "eta_hours": 0.75998, "loss": 0.58910315, "lr": 0.00093037, "params": 5865, "time_iter": 0.06317, "accuracy": 0.69912, "precision": 0.70536, "recall": 0.68895, "f1": 0.69706, "auc": 0.76859}
{"epoch": 18, "time_epoch": 32.49542, "eta": 2698.86717, "eta_hours": 0.74969, "loss": 0.59491283, "lr": 0.00092216, "params": 5865, "time_iter": 0.06322, "accuracy": 0.70935, "precision": 0.70577, "recall": 0.72287, "f1": 0.71422, "auc": 0.7713}
{"epoch": 19, "time_epoch": 32.49047, "eta": 2662.23231, "eta_hours": 0.73951, "loss": 0.5923663, "lr": 0.00091354, "params": 5865, "time_iter": 0.06321, "accuracy": 0.70058, "precision": 0.70262, "recall": 0.70058, "f1": 0.7016, "auc": 0.76821}
{"epoch": 20, "time_epoch": 32.46596, "eta": 2625.89994, "eta_hours": 0.72942, "loss": 0.5837949, "lr": 0.00090451, "params": 5865, "time_iter": 0.06316, "accuracy": 0.69426, "precision": 0.69882, "recall": 0.68798, "f1": 0.69336, "auc": 0.77148}
{"epoch": 21, "time_epoch": 32.47867, "eta": 2589.96412, "eta_hours": 0.71943, "loss": 0.58301723, "lr": 0.00089508, "params": 5865, "time_iter": 0.06319, "accuracy": 0.70789, "precision": 0.70849, "recall": 0.71124, "f1": 0.70986, "auc": 0.77862}
{"epoch": 22, "time_epoch": 32.36676, "eta": 2553.95427, "eta_hours": 0.70943, "loss": 0.57343466, "lr": 0.00088526, "params": 5865, "time_iter": 0.06297, "accuracy": 0.71373, "precision": 0.70983, "recall": 0.72771, "f1": 0.71866, "auc": 0.787}
{"epoch": 23, "time_epoch": 32.39043, "eta": 2518.32296, "eta_hours": 0.69953, "loss": 0.58660921, "lr": 0.00087506, "params": 5865, "time_iter": 0.06302, "accuracy": 0.70302, "precision": 0.71356, "recall": 0.68314, "f1": 0.69802, "auc": 0.77197}
{"epoch": 24, "time_epoch": 32.39737, "eta": 2482.97176, "eta_hours": 0.68971, "loss": 0.58113475, "lr": 0.00086448, "params": 5865, "time_iter": 0.06303, "accuracy": 0.70253, "precision": 0.70739, "recall": 0.69574, "f1": 0.70151, "auc": 0.78366}
{"epoch": 25, "time_epoch": 32.42857, "eta": 2447.93657, "eta_hours": 0.67998, "loss": 0.57136135, "lr": 0.00085355, "params": 5865, "time_iter": 0.06309, "accuracy": 0.7074, "precision": 0.71232, "recall": 0.70058, "f1": 0.7064, "auc": 0.78735}
{"epoch": 26, "time_epoch": 32.44851, "eta": 2413.14838, "eta_hours": 0.67032, "loss": 0.5779498, "lr": 0.00084227, "params": 5865, "time_iter": 0.06313, "accuracy": 0.7074, "precision": 0.71443, "recall": 0.69574, "f1": 0.70496, "auc": 0.78663}
{"epoch": 27, "time_epoch": 32.42353, "eta": 2378.46308, "eta_hours": 0.66068, "loss": 0.5781157, "lr": 0.00083066, "params": 5865, "time_iter": 0.06308, "accuracy": 0.71276, "precision": 0.71291, "recall": 0.71705, "f1": 0.71498, "auc": 0.78792}
{"epoch": 28, "time_epoch": 32.42999, "eta": 2343.94958, "eta_hours": 0.6511, "loss": 0.56294756, "lr": 0.00081871, "params": 5865, "time_iter": 0.06309, "accuracy": 0.71762, "precision": 0.72921, "recall": 0.69671, "f1": 0.71259, "auc": 0.79085}
{"epoch": 29, "time_epoch": 32.40847, "eta": 2309.52476, "eta_hours": 0.64153, "loss": 0.56287269, "lr": 0.00080645, "params": 5865, "time_iter": 0.06305, "accuracy": 0.72736, "precision": 0.72433, "recall": 0.73837, "f1": 0.73129, "auc": 0.79816}
{"epoch": 30, "time_epoch": 32.50056, "eta": 2275.43501, "eta_hours": 0.63207, "loss": 0.56625874, "lr": 0.00079389, "params": 5865, "time_iter": 0.06323, "accuracy": 0.72006, "precision": 0.7195, "recall": 0.72578, "f1": 0.72262, "auc": 0.79481}
{"epoch": 31, "time_epoch": 32.39943, "eta": 2241.22968, "eta_hours": 0.62256, "loss": 0.56614473, "lr": 0.00078104, "params": 5865, "time_iter": 0.06303, "accuracy": 0.71811, "precision": 0.7281, "recall": 0.70058, "f1": 0.71407, "auc": 0.79674}
{"epoch": 32, "time_epoch": 32.42797, "eta": 2207.19173, "eta_hours": 0.61311, "loss": 0.57150328, "lr": 0.00076791, "params": 5865, "time_iter": 0.06309, "accuracy": 0.73077, "precision": 0.73878, "recall": 0.71802, "f1": 0.72826, "auc": 0.79826}
{"epoch": 33, "time_epoch": 32.42901, "eta": 2173.25052, "eta_hours": 0.60368, "loss": 0.55913531, "lr": 0.00075452, "params": 5865, "time_iter": 0.06309, "accuracy": 0.73466, "precision": 0.7399, "recall": 0.72771, "f1": 0.73376, "auc": 0.80263}
{"epoch": 34, "time_epoch": 32.4238, "eta": 2139.38604, "eta_hours": 0.59427, "loss": 0.56730452, "lr": 0.00074088, "params": 5865, "time_iter": 0.06308, "accuracy": 0.72055, "precision": 0.72451, "recall": 0.71609, "f1": 0.72027, "auc": 0.79914}
{"epoch": 35, "time_epoch": 32.40988, "eta": 2105.57685, "eta_hours": 0.58488, "loss": 0.56996015, "lr": 0.000727, "params": 5865, "time_iter": 0.06305, "accuracy": 0.72687, "precision": 0.72536, "recall": 0.7345, "f1": 0.7299, "auc": 0.79554}
{"epoch": 36, "time_epoch": 32.44042, "eta": 2071.8953, "eta_hours": 0.57553, "loss": 0.56971757, "lr": 0.00071289, "params": 5865, "time_iter": 0.06311, "accuracy": 0.71762, "precision": 0.72244, "recall": 0.71124, "f1": 0.7168, "auc": 0.7934}
{"epoch": 37, "time_epoch": 32.44686, "eta": 2038.28958, "eta_hours": 0.56619, "loss": 0.56582587, "lr": 0.00069857, "params": 5865, "time_iter": 0.06313, "accuracy": 0.72493, "precision": 0.73706, "recall": 0.70349, "f1": 0.71988, "auc": 0.80047}
{"epoch": 38, "time_epoch": 32.43392, "eta": 2004.72305, "eta_hours": 0.55687, "loss": 0.55672588, "lr": 0.00068406, "params": 5865, "time_iter": 0.0631, "accuracy": 0.7259, "precision": 0.72833, "recall": 0.72481, "f1": 0.72657, "auc": 0.79883}
{"epoch": 39, "time_epoch": 32.42703, "eta": 1971.2028, "eta_hours": 0.54756, "loss": 0.5610765, "lr": 0.00066937, "params": 5865, "time_iter": 0.06309, "accuracy": 0.73953, "precision": 0.74825, "recall": 0.72578, "f1": 0.73684, "auc": 0.80809}
{"epoch": 40, "time_epoch": 32.48014, "eta": 1937.81232, "eta_hours": 0.53828, "loss": 0.56184097, "lr": 0.00065451, "params": 5865, "time_iter": 0.06319, "accuracy": 0.72639, "precision": 0.72994, "recall": 0.72287, "f1": 0.72639, "auc": 0.79884}
{"epoch": 41, "time_epoch": 32.44036, "eta": 1904.41024, "eta_hours": 0.529, "loss": 0.55885248, "lr": 0.0006395, "params": 5865, "time_iter": 0.06311, "accuracy": 0.73028, "precision": 0.73524, "recall": 0.72384, "f1": 0.72949, "auc": 0.80139}
{"epoch": 42, "time_epoch": 32.45008, "eta": 1871.0658, "eta_hours": 0.51974, "loss": 0.5584149, "lr": 0.00062434, "params": 5865, "time_iter": 0.06313, "accuracy": 0.73077, "precision": 0.73596, "recall": 0.72384, "f1": 0.72985, "auc": 0.80351}
{"epoch": 43, "time_epoch": 32.41021, "eta": 1837.71125, "eta_hours": 0.51048, "loss": 0.56085085, "lr": 0.00060907, "params": 5865, "time_iter": 0.06305, "accuracy": 0.71714, "precision": 0.72, "recall": 0.71512, "f1": 0.71755, "auc": 0.80029}
{"epoch": 44, "time_epoch": 32.39466, "eta": 1804.37967, "eta_hours": 0.50122, "loss": 0.55525746, "lr": 0.00059369, "params": 5865, "time_iter": 0.06302, "accuracy": 0.74245, "precision": 0.74067, "recall": 0.75, "f1": 0.74531, "auc": 0.81114}
{"epoch": 45, "time_epoch": 32.42491, "eta": 1771.12434, "eta_hours": 0.49198, "loss": 0.55210469, "lr": 0.00057822, "params": 5865, "time_iter": 0.06308, "accuracy": 0.73807, "precision": 0.73659, "recall": 0.74516, "f1": 0.74085, "auc": 0.81227}
{"epoch": 46, "time_epoch": 32.40484, "eta": 1737.88172, "eta_hours": 0.48274, "loss": 0.56645121, "lr": 0.00056267, "params": 5865, "time_iter": 0.06304, "accuracy": 0.73272, "precision": 0.7311, "recall": 0.74031, "f1": 0.73568, "auc": 0.80399}
{"epoch": 47, "time_epoch": 32.41845, "eta": 1704.68875, "eta_hours": 0.47352, "loss": 0.54662871, "lr": 0.00054705, "params": 5865, "time_iter": 0.06307, "accuracy": 0.75122, "precision": 0.74739, "recall": 0.7626, "f1": 0.75492, "auc": 0.815}
{"epoch": 48, "time_epoch": 32.51835, "eta": 1671.63137, "eta_hours": 0.46434, "loss": 0.55317095, "lr": 0.0005314, "params": 5865, "time_iter": 0.06327, "accuracy": 0.74051, "precision": 0.73921, "recall": 0.74709, "f1": 0.74313, "auc": 0.81109}
{"epoch": 49, "time_epoch": 32.48208, "eta": 1638.55928, "eta_hours": 0.45516, "loss": 0.54717565, "lr": 0.00051571, "params": 5865, "time_iter": 0.06319, "accuracy": 0.74148, "precision": 0.74297, "recall": 0.74225, "f1": 0.74261, "auc": 0.81514}
{"epoch": 50, "time_epoch": 32.4094, "eta": 1605.44049, "eta_hours": 0.44596, "loss": 0.55491283, "lr": 0.0005, "params": 5865, "time_iter": 0.06305, "accuracy": 0.7298, "precision": 0.72867, "recall": 0.73643, "f1": 0.73253, "auc": 0.8128}
{"epoch": 51, "time_epoch": 32.41587, "eta": 1572.35496, "eta_hours": 0.43677, "loss": 0.55366488, "lr": 0.00048429, "params": 5865, "time_iter": 0.06307, "accuracy": 0.73028, "precision": 0.73477, "recall": 0.72481, "f1": 0.72976, "auc": 0.81004}
{"epoch": 52, "time_epoch": 32.47115, "eta": 1539.34373, "eta_hours": 0.4276, "loss": 0.54688558, "lr": 0.0004686, "params": 5865, "time_iter": 0.06317, "accuracy": 0.73759, "precision": 0.73409, "recall": 0.74903, "f1": 0.74149, "auc": 0.81563}
{"epoch": 53, "time_epoch": 32.45562, "eta": 1506.33927, "eta_hours": 0.41843, "loss": 0.55346385, "lr": 0.00045295, "params": 5865, "time_iter": 0.06314, "accuracy": 0.74002, "precision": 0.74175, "recall": 0.74031, "f1": 0.74103, "auc": 0.81345}
{"epoch": 54, "time_epoch": 32.42547, "eta": 1473.3301, "eta_hours": 0.40926, "loss": 0.53888308, "lr": 0.00043733, "params": 5865, "time_iter": 0.06308, "accuracy": 0.74927, "precision": 0.73607, "recall": 0.78101, "f1": 0.75787, "auc": 0.82157}
{"epoch": 55, "time_epoch": 32.43809, "eta": 1440.35169, "eta_hours": 0.4001, "loss": 0.54326637, "lr": 0.00042178, "params": 5865, "time_iter": 0.06311, "accuracy": 0.75219, "precision": 0.74371, "recall": 0.77326, "f1": 0.75819, "auc": 0.8241}
{"epoch": 56, "time_epoch": 32.42851, "eta": 1407.38501, "eta_hours": 0.39094, "loss": 0.53878369, "lr": 0.00040631, "params": 5865, "time_iter": 0.06309, "accuracy": 0.74294, "precision": 0.74184, "recall": 0.74903, "f1": 0.74542, "auc": 0.82053}
{"epoch": 57, "time_epoch": 32.40112, "eta": 1374.41706, "eta_hours": 0.38178, "loss": 0.54197877, "lr": 0.00039093, "params": 5865, "time_iter": 0.06304, "accuracy": 0.74391, "precision": 0.73601, "recall": 0.76453, "f1": 0.75, "auc": 0.82295}
{"epoch": 58, "time_epoch": 33.77808, "eta": 1342.42519, "eta_hours": 0.3729, "loss": 0.54467066, "lr": 0.00037566, "params": 5865, "time_iter": 0.06572, "accuracy": 0.73418, "precision": 0.73638, "recall": 0.73353, "f1": 0.73495, "auc": 0.81955}
{"epoch": 59, "time_epoch": 34.14943, "eta": 1310.62134, "eta_hours": 0.36406, "loss": 0.55191859, "lr": 0.0003605, "params": 5865, "time_iter": 0.06644, "accuracy": 0.73856, "precision": 0.73283, "recall": 0.75484, "f1": 0.74368, "auc": 0.81243}
{"epoch": 60, "time_epoch": 34.22227, "eta": 1278.78717, "eta_hours": 0.35522, "loss": 0.53857576, "lr": 0.00034549, "params": 5865, "time_iter": 0.06658, "accuracy": 0.75219, "precision": 0.74787, "recall": 0.76453, "f1": 0.75611, "auc": 0.82624}
{"epoch": 61, "time_epoch": 34.16994, "eta": 1246.84388, "eta_hours": 0.34635, "loss": 0.54155536, "lr": 0.00033063, "params": 5865, "time_iter": 0.06648, "accuracy": 0.74976, "precision": 0.75048, "recall": 0.75194, "f1": 0.75121, "auc": 0.82588}
{"epoch": 62, "time_epoch": 34.15053, "eta": 1214.81851, "eta_hours": 0.33745, "loss": 0.53689521, "lr": 0.00031594, "params": 5865, "time_iter": 0.06644, "accuracy": 0.74976, "precision": 0.74573, "recall": 0.76163, "f1": 0.7536, "auc": 0.82797}
{"epoch": 63, "time_epoch": 34.09274, "eta": 1182.69422, "eta_hours": 0.32853, "loss": 0.55044055, "lr": 0.00030143, "params": 5865, "time_iter": 0.06633, "accuracy": 0.74537, "precision": 0.74032, "recall": 0.75969, "f1": 0.74988, "auc": 0.82287}
{"epoch": 64, "time_epoch": 34.13215, "eta": 1150.53058, "eta_hours": 0.31959, "loss": 0.54968849, "lr": 0.00028711, "params": 5865, "time_iter": 0.0664, "accuracy": 0.75316, "precision": 0.74976, "recall": 0.76357, "f1": 0.7566, "auc": 0.82175}
{"epoch": 65, "time_epoch": 34.05485, "eta": 1118.26746, "eta_hours": 0.31063, "loss": 0.52431252, "lr": 0.000273, "params": 5865, "time_iter": 0.06625, "accuracy": 0.75219, "precision": 0.75266, "recall": 0.75484, "f1": 0.75375, "auc": 0.83491}
{"epoch": 66, "time_epoch": 34.17692, "eta": 1086.011, "eta_hours": 0.30167, "loss": 0.54110638, "lr": 0.00025912, "params": 5865, "time_iter": 0.06649, "accuracy": 0.74294, "precision": 0.74609, "recall": 0.74031, "f1": 0.74319, "auc": 0.82943}
{"epoch": 67, "time_epoch": 34.15918, "eta": 1053.68969, "eta_hours": 0.29269, "loss": 0.54373638, "lr": 0.00024548, "params": 5865, "time_iter": 0.06646, "accuracy": 0.75365, "precision": 0.75095, "recall": 0.7626, "f1": 0.75673, "auc": 0.82998}
{"epoch": 68, "time_epoch": 34.15079, "eta": 1021.31135, "eta_hours": 0.2837, "loss": 0.52988967, "lr": 0.00023209, "params": 5865, "time_iter": 0.06644, "accuracy": 0.74976, "precision": 0.74761, "recall": 0.75775, "f1": 0.75265, "auc": 0.83231}
{"epoch": 69, "time_epoch": 34.12652, "eta": 988.87196, "eta_hours": 0.27469, "loss": 0.53899319, "lr": 0.00021896, "params": 5865, "time_iter": 0.06639, "accuracy": 0.75706, "precision": 0.75502, "recall": 0.76453, "f1": 0.75975, "auc": 0.82844}
{"epoch": 70, "time_epoch": 34.23242, "eta": 956.42831, "eta_hours": 0.26567, "loss": 0.53472122, "lr": 0.00020611, "params": 5865, "time_iter": 0.0666, "accuracy": 0.75414, "precision": 0.74695, "recall": 0.77229, "f1": 0.75941, "auc": 0.83318}
{"epoch": 71, "time_epoch": 34.14628, "eta": 923.90146, "eta_hours": 0.25664, "loss": 0.51968382, "lr": 0.00019355, "params": 5865, "time_iter": 0.06643, "accuracy": 0.76972, "precision": 0.76695, "recall": 0.7781, "f1": 0.77249, "auc": 0.84084}
{"epoch": 72, "time_epoch": 34.14986, "eta": 891.33157, "eta_hours": 0.24759, "loss": 0.52960256, "lr": 0.00018129, "params": 5865, "time_iter": 0.06644, "accuracy": 0.75219, "precision": 0.74834, "recall": 0.76357, "f1": 0.75588, "auc": 0.83166}
{"epoch": 73, "time_epoch": 34.16079, "eta": 858.72282, "eta_hours": 0.23853, "loss": 0.53673605, "lr": 0.00016934, "params": 5865, "time_iter": 0.06646, "accuracy": 0.74537, "precision": 0.73987, "recall": 0.76066, "f1": 0.75012, "auc": 0.82829}
{"epoch": 74, "time_epoch": 34.11544, "eta": 826.05757, "eta_hours": 0.22946, "loss": 0.53504631, "lr": 0.00015773, "params": 5865, "time_iter": 0.06637, "accuracy": 0.74927, "precision": 0.74091, "recall": 0.77035, "f1": 0.75534, "auc": 0.83094}
{"epoch": 75, "time_epoch": 34.10473, "eta": 793.35077, "eta_hours": 0.22038, "loss": 0.51087981, "lr": 0.00014645, "params": 5865, "time_iter": 0.06635, "accuracy": 0.76534, "precision": 0.7551, "recall": 0.78876, "f1": 0.77156, "auc": 0.84315}
{"epoch": 76, "time_epoch": 34.1682, "eta": 760.62662, "eta_hours": 0.21129, "loss": 0.5226151, "lr": 0.00013552, "params": 5865, "time_iter": 0.06648, "accuracy": 0.75998, "precision": 0.75449, "recall": 0.77422, "f1": 0.76423, "auc": 0.83859}
{"epoch": 77, "time_epoch": 34.09166, "eta": 727.84385, "eta_hours": 0.20218, "loss": 0.52360549, "lr": 0.00012494, "params": 5865, "time_iter": 0.06633, "accuracy": 0.7629, "precision": 0.75829, "recall": 0.77519, "f1": 0.76665, "auc": 0.8375}
{"epoch": 78, "time_epoch": 34.15691, "eta": 695.0453, "eta_hours": 0.19307, "loss": 0.51691094, "lr": 0.00011474, "params": 5865, "time_iter": 0.06645, "accuracy": 0.75803, "precision": 0.75647, "recall": 0.76453, "f1": 0.76048, "auc": 0.83926}
{"epoch": 79, "time_epoch": 34.14692, "eta": 662.21028, "eta_hours": 0.18395, "loss": 0.53881808, "lr": 0.00010492, "params": 5865, "time_iter": 0.06643, "accuracy": 0.75219, "precision": 0.74647, "recall": 0.76744, "f1": 0.75681, "auc": 0.83115}
{"epoch": 80, "time_epoch": 34.15229, "eta": 629.34413, "eta_hours": 0.17482, "loss": 0.52538639, "lr": 9.549e-05, "params": 5865, "time_iter": 0.06644, "accuracy": 0.76241, "precision": 0.75806, "recall": 0.77422, "f1": 0.76606, "auc": 0.83857}
{"epoch": 81, "time_epoch": 34.14291, "eta": 596.44456, "eta_hours": 0.16568, "loss": 0.52227933, "lr": 8.646e-05, "params": 5865, "time_iter": 0.06643, "accuracy": 0.76485, "precision": 0.75872, "recall": 0.78004, "f1": 0.76923, "auc": 0.84062}
{"epoch": 82, "time_epoch": 34.14804, "eta": 563.51607, "eta_hours": 0.15653, "loss": 0.52210796, "lr": 7.784e-05, "params": 5865, "time_iter": 0.06644, "accuracy": 0.76388, "precision": 0.75924, "recall": 0.77616, "f1": 0.76761, "auc": 0.83798}
{"epoch": 83, "time_epoch": 34.10069, "eta": 530.54953, "eta_hours": 0.14737, "loss": 0.52809757, "lr": 6.963e-05, "params": 5865, "time_iter": 0.06634, "accuracy": 0.75463, "precision": 0.75239, "recall": 0.7626, "f1": 0.75746, "auc": 0.83674}
{"epoch": 84, "time_epoch": 32.75468, "eta": 497.31878, "eta_hours": 0.13814, "loss": 0.5239454, "lr": 6.185e-05, "params": 5865, "time_iter": 0.06373, "accuracy": 0.76047, "precision": 0.76523, "recall": 0.75484, "f1": 0.76, "auc": 0.84052}
{"epoch": 85, "time_epoch": 32.60698, "eta": 464.07505, "eta_hours": 0.12891, "loss": 0.5213404, "lr": 5.45e-05, "params": 5865, "time_iter": 0.06344, "accuracy": 0.76193, "precision": 0.75493, "recall": 0.77907, "f1": 0.76681, "auc": 0.84174}
{"epoch": 86, "time_epoch": 32.38787, "eta": 430.81321, "eta_hours": 0.11967, "loss": 0.52950115, "lr": 4.759e-05, "params": 5865, "time_iter": 0.06301, "accuracy": 0.76241, "precision": 0.75564, "recall": 0.77907, "f1": 0.76718, "auc": 0.83465}
{"epoch": 87, "time_epoch": 32.40829, "eta": 397.57403, "eta_hours": 0.11044, "loss": 0.51428425, "lr": 4.112e-05, "params": 5865, "time_iter": 0.06305, "accuracy": 0.76388, "precision": 0.75924, "recall": 0.77616, "f1": 0.76761, "auc": 0.84334}
{"epoch": 88, "time_epoch": 32.37597, "eta": 364.34952, "eta_hours": 0.10121, "loss": 0.52281513, "lr": 3.511e-05, "params": 5865, "time_iter": 0.06299, "accuracy": 0.76485, "precision": 0.76218, "recall": 0.77326, "f1": 0.76768, "auc": 0.8412}
{"epoch": 89, "time_epoch": 32.38215, "eta": 331.14455, "eta_hours": 0.09198, "loss": 0.52298636, "lr": 2.956e-05, "params": 5865, "time_iter": 0.063, "accuracy": 0.75316, "precision": 0.74648, "recall": 0.77035, "f1": 0.75823, "auc": 0.83796}
{"epoch": 90, "time_epoch": 32.43368, "eta": 297.96277, "eta_hours": 0.08277, "loss": 0.50898937, "lr": 2.447e-05, "params": 5865, "time_iter": 0.0631, "accuracy": 0.77118, "precision": 0.76509, "recall": 0.78585, "f1": 0.77533, "auc": 0.84533}
{"epoch": 91, "time_epoch": 32.41587, "eta": 264.7957, "eta_hours": 0.07355, "loss": 0.51937709, "lr": 1.985e-05, "params": 5865, "time_iter": 0.06307, "accuracy": 0.75657, "precision": 0.75189, "recall": 0.76938, "f1": 0.76054, "auc": 0.84075}
{"epoch": 92, "time_epoch": 32.43265, "eta": 231.64605, "eta_hours": 0.06435, "loss": 0.5056569, "lr": 1.571e-05, "params": 5865, "time_iter": 0.0631, "accuracy": 0.76388, "precision": 0.76023, "recall": 0.77422, "f1": 0.76716, "auc": 0.84766}
{"epoch": 93, "time_epoch": 32.48198, "eta": 198.5148, "eta_hours": 0.05514, "loss": 0.51934685, "lr": 1.204e-05, "params": 5865, "time_iter": 0.06319, "accuracy": 0.77167, "precision": 0.76532, "recall": 0.78682, "f1": 0.77592, "auc": 0.84278}
{"epoch": 94, "time_epoch": 32.43623, "eta": 165.39481, "eta_hours": 0.04594, "loss": 0.52711866, "lr": 8.86e-06, "params": 5865, "time_iter": 0.06311, "accuracy": 0.77167, "precision": 0.76632, "recall": 0.78488, "f1": 0.77549, "auc": 0.83887}
{"epoch": 95, "time_epoch": 32.44545, "eta": 132.28945, "eta_hours": 0.03675, "loss": 0.51876364, "lr": 6.16e-06, "params": 5865, "time_iter": 0.06312, "accuracy": 0.76095, "precision": 0.75543, "recall": 0.77519, "f1": 0.76518, "auc": 0.84077}
{"epoch": 96, "time_epoch": 32.51099, "eta": 99.19973, "eta_hours": 0.02756, "loss": 0.51799182, "lr": 3.94e-06, "params": 5865, "time_iter": 0.06325, "accuracy": 0.76534, "precision": 0.76442, "recall": 0.77035, "f1": 0.76737, "auc": 0.84283}
{"epoch": 97, "time_epoch": 34.74693, "eta": 66.16744, "eta_hours": 0.01838, "loss": 0.52704852, "lr": 2.22e-06, "params": 5865, "time_iter": 0.0676, "accuracy": 0.75803, "precision": 0.74791, "recall": 0.78198, "f1": 0.76457, "auc": 0.83791}
{"epoch": 98, "time_epoch": 32.41669, "eta": 33.07698, "eta_hours": 0.00919, "loss": 0.52169412, "lr": 9.9e-07, "params": 5865, "time_iter": 0.06307, "accuracy": 0.75803, "precision": 0.75023, "recall": 0.77713, "f1": 0.76345, "auc": 0.84161}
{"epoch": 99, "time_epoch": 32.39383, "eta": 0.0, "eta_hours": 0.0, "loss": 0.52594872, "lr": 2.5e-07, "params": 5865, "time_iter": 0.06302, "accuracy": 0.76095, "precision": 0.75116, "recall": 0.78391, "f1": 0.76719, "auc": 0.83844}
