{"epoch": 0, "time_epoch": 21.68003, "eta": 2146.3231, "eta_hours": 0.5962, "loss": 0.66462353, "lr": 0.001, "params": 5321, "time_iter": 0.15597, "accuracy": 0.66727, "precision": 0.7037, "recall": 0.26147, "f1": 0.38127, "auc": 0.6339}
{"epoch": 1, "time_epoch": 8.77515, "eta": 1492.30402, "eta_hours": 0.41453, "loss": 0.62013678, "lr": 0.00099975, "params": 5321, "time_iter": 0.06313, "accuracy": 0.67986, "precision": 0.62048, "recall": 0.47248, "f1": 0.53646, "auc": 0.6977}
{"epoch": 2, "time_epoch": 8.7864, "eta": 1268.81126, "eta_hours": 0.35245, "loss": 0.57631915, "lr": 0.00099901, "params": 5321, "time_iter": 0.06321, "accuracy": 0.72122, "precision": 0.70323, "recall": 0.5, "f1": 0.58445, "auc": 0.73628}
{"epoch": 3, "time_epoch": 8.77582, "eta": 1152.41777, "eta_hours": 0.32012, "loss": 0.57204237, "lr": 0.00099778, "params": 5321, "time_iter": 0.06314, "accuracy": 0.71403, "precision": 0.67251, "recall": 0.52752, "f1": 0.59126, "auc": 0.75618}
{"epoch": 4, "time_epoch": 8.76134, "eta": 1078.79628, "eta_hours": 0.29967, "loss": 0.58081819, "lr": 0.00099606, "params": 5321, "time_iter": 0.06303, "accuracy": 0.71942, "precision": 0.69375, "recall": 0.50917, "f1": 0.5873, "auc": 0.75152}
{"epoch": 5, "time_epoch": 8.76625, "eta": 1026.87172, "eta_hours": 0.28524, "loss": 0.57748717, "lr": 0.00099384, "params": 5321, "time_iter": 0.06307, "accuracy": 0.71763, "precision": 0.68712, "recall": 0.51376, "f1": 0.58793, "auc": 0.75472}
{"epoch": 6, "time_epoch": 8.7348, "eta": 986.8603, "eta_hours": 0.27413, "loss": 0.55499743, "lr": 0.00099114, "params": 5321, "time_iter": 0.06284, "accuracy": 0.7464, "precision": 0.75163, "recall": 0.52752, "f1": 0.61995, "auc": 0.76547}
{"epoch": 7, "time_epoch": 8.73832, "eta": 954.70848, "eta_hours": 0.2652, "loss": 0.56289578, "lr": 0.00098796, "params": 5321, "time_iter": 0.06287, "accuracy": 0.7464, "precision": 0.7362, "recall": 0.55046, "f1": 0.62992, "auc": 0.76546}
{"epoch": 8, "time_epoch": 8.72813, "eta": 927.65661, "eta_hours": 0.25768, "loss": 0.56241898, "lr": 0.00098429, "params": 5321, "time_iter": 0.06279, "accuracy": 0.73741, "precision": 0.70455, "recall": 0.56881, "f1": 0.62944, "auc": 0.75645}
{"epoch": 9, "time_epoch": 8.75233, "eta": 904.48731, "eta_hours": 0.25125, "loss": 0.56864453, "lr": 0.00098015, "params": 5321, "time_iter": 0.06297, "accuracy": 0.73381, "precision": 0.73333, "recall": 0.50459, "f1": 0.59783, "auc": 0.76373}
{"epoch": 10, "time_epoch": 8.74022, "eta": 883.8413, "eta_hours": 0.24551, "loss": 0.54347773, "lr": 0.00097553, "params": 5321, "time_iter": 0.06288, "accuracy": 0.73381, "precision": 0.71084, "recall": 0.54128, "f1": 0.61458, "auc": 0.77865}
{"epoch": 11, "time_epoch": 8.73674, "eta": 865.15404, "eta_hours": 0.24032, "loss": 0.57037063, "lr": 0.00097044, "params": 5321, "time_iter": 0.06285, "accuracy": 0.73561, "precision": 0.70056, "recall": 0.56881, "f1": 0.62785, "auc": 0.76618}
{"epoch": 12, "time_epoch": 8.74139, "eta": 848.02879, "eta_hours": 0.23556, "loss": 0.56086453, "lr": 0.00096489, "params": 5321, "time_iter": 0.06289, "accuracy": 0.7446, "precision": 0.77143, "recall": 0.49541, "f1": 0.60335, "auc": 0.7533}
{"epoch": 13, "time_epoch": 8.73781, "eta": 832.07922, "eta_hours": 0.23113, "loss": 0.57293531, "lr": 0.00095888, "params": 5321, "time_iter": 0.06286, "accuracy": 0.73741, "precision": 0.72222, "recall": 0.5367, "f1": 0.61579, "auc": 0.76179}
{"epoch": 14, "time_epoch": 8.72843, "eta": 817.03806, "eta_hours": 0.22696, "loss": 0.56081447, "lr": 0.00095241, "params": 5321, "time_iter": 0.06279, "accuracy": 0.73022, "precision": 0.71795, "recall": 0.51376, "f1": 0.59893, "auc": 0.76265}
{"epoch": 15, "time_epoch": 8.73482, "eta": 802.81955, "eta_hours": 0.22301, "loss": 0.53679961, "lr": 0.0009455, "params": 5321, "time_iter": 0.06284, "accuracy": 0.75899, "precision": 0.73333, "recall": 0.6055, "f1": 0.66332, "auc": 0.79685}
{"epoch": 16, "time_epoch": 8.73292, "eta": 789.23687, "eta_hours": 0.21923, "loss": 0.57363019, "lr": 0.00093815, "params": 5321, "time_iter": 0.06283, "accuracy": 0.73741, "precision": 0.71687, "recall": 0.54587, "f1": 0.61979, "auc": 0.74897}
{"epoch": 17, "time_epoch": 8.71348, "eta": 776.10453, "eta_hours": 0.21558, "loss": 0.5588515, "lr": 0.00093037, "params": 5321, "time_iter": 0.06269, "accuracy": 0.75719, "precision": 0.7546, "recall": 0.56422, "f1": 0.64567, "auc": 0.75676}
{"epoch": 18, "time_epoch": 8.7037, "eta": 763.39564, "eta_hours": 0.21205, "loss": 0.55100538, "lr": 0.00092216, "params": 5321, "time_iter": 0.06262, "accuracy": 0.75719, "precision": 0.75776, "recall": 0.55963, "f1": 0.6438, "auc": 0.77292}
{"epoch": 19, "time_epoch": 8.72311, "eta": 751.16489, "eta_hours": 0.20866, "loss": 0.57370338, "lr": 0.00091354, "params": 5321, "time_iter": 0.06276, "accuracy": 0.7446, "precision": 0.74359, "recall": 0.53211, "f1": 0.62032, "auc": 0.7544}
{"epoch": 20, "time_epoch": 8.72414, "eta": 739.27209, "eta_hours": 0.20535, "loss": 0.55453632, "lr": 0.00090451, "params": 5321, "time_iter": 0.06276, "accuracy": 0.75, "precision": 0.73653, "recall": 0.56422, "f1": 0.63896, "auc": 0.77294}
{"epoch": 21, "time_epoch": 8.72517, "eta": 727.67098, "eta_hours": 0.20213, "loss": 0.53211076, "lr": 0.00089508, "params": 5321, "time_iter": 0.06277, "accuracy": 0.75, "precision": 0.72832, "recall": 0.57798, "f1": 0.6445, "auc": 0.79066}
{"epoch": 22, "time_epoch": 8.7364, "eta": 716.35756, "eta_hours": 0.19899, "loss": 0.58425773, "lr": 0.00088526, "params": 5321, "time_iter": 0.06285, "accuracy": 0.7536, "precision": 0.78723, "recall": 0.50917, "f1": 0.61838, "auc": 0.75231}
{"epoch": 23, "time_epoch": 8.71048, "eta": 705.17681, "eta_hours": 0.19588, "loss": 0.56296423, "lr": 0.00087506, "params": 5321, "time_iter": 0.06267, "accuracy": 0.7536, "precision": 0.71892, "recall": 0.61009, "f1": 0.66005, "auc": 0.78563}
{"epoch": 24, "time_epoch": 8.74123, "eta": 694.28594, "eta_hours": 0.19286, "loss": 0.54031088, "lr": 0.00086448, "params": 5321, "time_iter": 0.06289, "accuracy": 0.75, "precision": 0.72571, "recall": 0.58257, "f1": 0.64631, "auc": 0.78586}
{"epoch": 25, "time_epoch": 8.74313, "eta": 683.56583, "eta_hours": 0.18988, "loss": 0.57254144, "lr": 0.00085355, "params": 5321, "time_iter": 0.0629, "accuracy": 0.74101, "precision": 0.71512, "recall": 0.56422, "f1": 0.63077, "auc": 0.77717}
{"epoch": 26, "time_epoch": 8.76185, "eta": 673.04277, "eta_hours": 0.18696, "loss": 0.54752312, "lr": 0.00084227, "params": 5321, "time_iter": 0.06303, "accuracy": 0.75899, "precision": 0.74419, "recall": 0.58716, "f1": 0.65641, "auc": 0.78459}
{"epoch": 27, "time_epoch": 8.75051, "eta": 662.61635, "eta_hours": 0.18406, "loss": 0.5739125, "lr": 0.00083066, "params": 5321, "time_iter": 0.06295, "accuracy": 0.7464, "precision": 0.76552, "recall": 0.50917, "f1": 0.61157, "auc": 0.74275}
{"epoch": 28, "time_epoch": 8.73983, "eta": 652.27937, "eta_hours": 0.18119, "loss": 0.57079591, "lr": 0.00081871, "params": 5321, "time_iter": 0.06288, "accuracy": 0.7482, "precision": 0.72414, "recall": 0.57798, "f1": 0.64286, "auc": 0.77983}
{"epoch": 29, "time_epoch": 8.71377, "eta": 641.98806, "eta_hours": 0.17833, "loss": 0.54022972, "lr": 0.00080645, "params": 5321, "time_iter": 0.06269, "accuracy": 0.75899, "precision": 0.75301, "recall": 0.57339, "f1": 0.65104, "auc": 0.78063}
{"epoch": 30, "time_epoch": 8.73796, "eta": 631.85236, "eta_hours": 0.17551, "loss": 0.57109416, "lr": 0.00079389, "params": 5321, "time_iter": 0.06286, "accuracy": 0.74101, "precision": 0.7284, "recall": 0.54128, "f1": 0.62105, "auc": 0.76315}
{"epoch": 31, "time_epoch": 8.74102, "eta": 621.81053, "eta_hours": 0.17273, "loss": 0.58466785, "lr": 0.00078104, "params": 5321, "time_iter": 0.06289, "accuracy": 0.73921, "precision": 0.77037, "recall": 0.47706, "f1": 0.58924, "auc": 0.74396}
{"epoch": 32, "time_epoch": 8.7392, "eta": 611.84383, "eta_hours": 0.16996, "loss": 0.53685656, "lr": 0.00076791, "params": 5321, "time_iter": 0.06287, "accuracy": 0.7554, "precision": 0.73034, "recall": 0.59633, "f1": 0.65657, "auc": 0.78286}
{"epoch": 33, "time_epoch": 8.71556, "eta": 601.90345, "eta_hours": 0.1672, "loss": 0.5403366, "lr": 0.00075452, "params": 5321, "time_iter": 0.0627, "accuracy": 0.73022, "precision": 0.69318, "recall": 0.55963, "f1": 0.61929, "auc": 0.78073}
{"epoch": 34, "time_epoch": 8.71195, "eta": 592.02635, "eta_hours": 0.16445, "loss": 0.5721327, "lr": 0.00074088, "params": 5321, "time_iter": 0.06268, "accuracy": 0.7518, "precision": 0.73529, "recall": 0.57339, "f1": 0.64433, "auc": 0.78371}
{"epoch": 35, "time_epoch": 8.72719, "eta": 582.24108, "eta_hours": 0.16173, "loss": 0.53459404, "lr": 0.000727, "params": 5321, "time_iter": 0.06279, "accuracy": 0.7554, "precision": 0.75625, "recall": 0.55505, "f1": 0.64021, "auc": 0.77401}
{"epoch": 36, "time_epoch": 8.73701, "eta": 572.52973, "eta_hours": 0.15904, "loss": 0.53506438, "lr": 0.00071289, "params": 5321, "time_iter": 0.06286, "accuracy": 0.7464, "precision": 0.70811, "recall": 0.60092, "f1": 0.65012, "auc": 0.80164}
{"epoch": 37, "time_epoch": 8.71734, "eta": 562.83757, "eta_hours": 0.15634, "loss": 0.55725482, "lr": 0.00069857, "params": 5321, "time_iter": 0.06271, "accuracy": 0.73921, "precision": 0.71598, "recall": 0.55505, "f1": 0.62532, "auc": 0.78336}
{"epoch": 38, "time_epoch": 8.74804, "eta": 553.24341, "eta_hours": 0.15368, "loss": 0.54683343, "lr": 0.00068406, "params": 5321, "time_iter": 0.06294, "accuracy": 0.76619, "precision": 0.76829, "recall": 0.57798, "f1": 0.65969, "auc": 0.78215}
{"epoch": 39, "time_epoch": 9.90938, "eta": 545.43357, "eta_hours": 0.15151, "loss": 0.53592335, "lr": 0.00066937, "params": 5321, "time_iter": 0.07129, "accuracy": 0.76079, "precision": 0.75758, "recall": 0.57339, "f1": 0.65274, "auc": 0.79698}
{"epoch": 40, "time_epoch": 10.3829, "eta": 538.20272, "eta_hours": 0.1495, "loss": 0.52107713, "lr": 0.00065451, "params": 5321, "time_iter": 0.0747, "accuracy": 0.77878, "precision": 0.78443, "recall": 0.60092, "f1": 0.68052, "auc": 0.81149}
{"epoch": 41, "time_epoch": 10.53214, "eta": 531.02787, "eta_hours": 0.14751, "loss": 0.55645779, "lr": 0.0006395, "params": 5321, "time_iter": 0.07577, "accuracy": 0.75899, "precision": 0.75, "recall": 0.57798, "f1": 0.65285, "auc": 0.78006}
{"epoch": 42, "time_epoch": 10.53577, "eta": 523.70168, "eta_hours": 0.14547, "loss": 0.55990227, "lr": 0.00062434, "params": 5321, "time_iter": 0.0758, "accuracy": 0.76439, "precision": 0.78065, "recall": 0.55505, "f1": 0.64879, "auc": 0.77541}
{"epoch": 43, "time_epoch": 9.87019, "eta": 515.38249, "eta_hours": 0.14316, "loss": 0.55593027, "lr": 0.00060907, "params": 5321, "time_iter": 0.07101, "accuracy": 0.7536, "precision": 0.77181, "recall": 0.52752, "f1": 0.6267, "auc": 0.77181}
{"epoch": 44, "time_epoch": 8.76191, "eta": 505.63981, "eta_hours": 0.14046, "loss": 0.51901407, "lr": 0.00059369, "params": 5321, "time_iter": 0.06304, "accuracy": 0.76079, "precision": 0.74566, "recall": 0.59174, "f1": 0.65985, "auc": 0.80657}
{"epoch": 45, "time_epoch": 8.75095, "eta": 495.9269, "eta_hours": 0.13776, "loss": 0.54410064, "lr": 0.00057822, "params": 5321, "time_iter": 0.06296, "accuracy": 0.75719, "precision": 0.76774, "recall": 0.54587, "f1": 0.63807, "auc": 0.80305}
{"epoch": 46, "time_epoch": 8.7441, "eta": 486.24721, "eta_hours": 0.13507, "loss": 0.55124237, "lr": 0.00056267, "params": 5321, "time_iter": 0.06291, "accuracy": 0.76439, "precision": 0.77358, "recall": 0.56422, "f1": 0.65252, "auc": 0.78795}
{"epoch": 47, "time_epoch": 8.73839, "eta": 476.60031, "eta_hours": 0.13239, "loss": 0.55326807, "lr": 0.00054705, "params": 5321, "time_iter": 0.06287, "accuracy": 0.76259, "precision": 0.74432, "recall": 0.60092, "f1": 0.66497, "auc": 0.78443}
{"epoch": 48, "time_epoch": 8.72651, "eta": 466.97813, "eta_hours": 0.12972, "loss": 0.55510992, "lr": 0.0005314, "params": 5321, "time_iter": 0.06278, "accuracy": 0.73921, "precision": 0.71345, "recall": 0.55963, "f1": 0.62725, "auc": 0.77277}
{"epoch": 49, "time_epoch": 8.71491, "eta": 457.38017, "eta_hours": 0.12705, "loss": 0.53364881, "lr": 0.00051571, "params": 5321, "time_iter": 0.0627, "accuracy": 0.77158, "precision": 0.76923, "recall": 0.59633, "f1": 0.67183, "auc": 0.78735}
{"epoch": 50, "time_epoch": 8.7333, "eta": 447.83451, "eta_hours": 0.1244, "loss": 0.52780057, "lr": 0.0005, "params": 5321, "time_iter": 0.06283, "accuracy": 0.75899, "precision": 0.7561, "recall": 0.56881, "f1": 0.64921, "auc": 0.79272}
{"epoch": 51, "time_epoch": 8.74249, "eta": 438.32858, "eta_hours": 0.12176, "loss": 0.51989764, "lr": 0.00048429, "params": 5321, "time_iter": 0.0629, "accuracy": 0.75719, "precision": 0.71958, "recall": 0.62385, "f1": 0.6683, "auc": 0.81769}
{"epoch": 52, "time_epoch": 8.73243, "eta": 428.84253, "eta_hours": 0.11912, "loss": 0.53623493, "lr": 0.0004686, "params": 5321, "time_iter": 0.06282, "accuracy": 0.77878, "precision": 0.77457, "recall": 0.61468, "f1": 0.68542, "auc": 0.79275}
{"epoch": 53, "time_epoch": 8.75737, "eta": 419.40564, "eta_hours": 0.1165, "loss": 0.5409413, "lr": 0.00045295, "params": 5321, "time_iter": 0.063, "accuracy": 0.75899, "precision": 0.73077, "recall": 0.61009, "f1": 0.665, "auc": 0.80027}
{"epoch": 54, "time_epoch": 8.7182, "eta": 409.96142, "eta_hours": 0.11388, "loss": 0.54488021, "lr": 0.00043733, "params": 5321, "time_iter": 0.06272, "accuracy": 0.76079, "precision": 0.7931, "recall": 0.52752, "f1": 0.63361, "auc": 0.78127}
{"epoch": 55, "time_epoch": 8.73096, "eta": 400.55315, "eta_hours": 0.11126, "loss": 0.56458686, "lr": 0.00042178, "params": 5321, "time_iter": 0.06281, "accuracy": 0.76619, "precision": 0.775, "recall": 0.56881, "f1": 0.65608, "auc": 0.77228}
{"epoch": 56, "time_epoch": 8.75133, "eta": 391.18401, "eta_hours": 0.10866, "loss": 0.54028784, "lr": 0.00040631, "params": 5321, "time_iter": 0.06296, "accuracy": 0.7536, "precision": 0.74847, "recall": 0.55963, "f1": 0.64042, "auc": 0.78797}
{"epoch": 57, "time_epoch": 8.75728, "eta": 381.84048, "eta_hours": 0.10607, "loss": 0.53382037, "lr": 0.00039093, "params": 5321, "time_iter": 0.063, "accuracy": 0.76259, "precision": 0.7622, "recall": 0.57339, "f1": 0.65445, "auc": 0.7981}
{"epoch": 58, "time_epoch": 8.74465, "eta": 372.50805, "eta_hours": 0.10347, "loss": 0.55037234, "lr": 0.00037566, "params": 5321, "time_iter": 0.06291, "accuracy": 0.75719, "precision": 0.77124, "recall": 0.54128, "f1": 0.63612, "auc": 0.78206}
{"epoch": 59, "time_epoch": 8.73396, "eta": 363.18808, "eta_hours": 0.10089, "loss": 0.56619683, "lr": 0.0003605, "params": 5321, "time_iter": 0.06283, "accuracy": 0.75899, "precision": 0.75, "recall": 0.57798, "f1": 0.65285, "auc": 0.76756}
{"epoch": 60, "time_epoch": 8.76499, "eta": 353.90717, "eta_hours": 0.09831, "loss": 0.54488932, "lr": 0.00034549, "params": 5321, "time_iter": 0.06306, "accuracy": 0.7554, "precision": 0.76623, "recall": 0.54128, "f1": 0.63441, "auc": 0.78985}
{"epoch": 61, "time_epoch": 8.69515, "eta": 344.6001, "eta_hours": 0.09572, "loss": 0.56419305, "lr": 0.00033063, "params": 5321, "time_iter": 0.06256, "accuracy": 0.7464, "precision": 0.71038, "recall": 0.59633, "f1": 0.64838, "auc": 0.78288}
{"epoch": 62, "time_epoch": 8.73278, "eta": 335.33455, "eta_hours": 0.09315, "loss": 0.53077826, "lr": 0.00031594, "params": 5321, "time_iter": 0.06283, "accuracy": 0.77878, "precision": 0.80645, "recall": 0.57339, "f1": 0.67024, "auc": 0.78045}
{"epoch": 63, "time_epoch": 8.72064, "eta": 326.07882, "eta_hours": 0.09058, "loss": 0.52179235, "lr": 0.00030143, "params": 5321, "time_iter": 0.06274, "accuracy": 0.77158, "precision": 0.81379, "recall": 0.54128, "f1": 0.65014, "auc": 0.80324}
{"epoch": 64, "time_epoch": 8.74163, "eta": 316.85086, "eta_hours": 0.08801, "loss": 0.5609279, "lr": 0.00028711, "params": 5321, "time_iter": 0.06289, "accuracy": 0.76439, "precision": 0.76048, "recall": 0.58257, "f1": 0.65974, "auc": 0.77648}
{"epoch": 65, "time_epoch": 8.73235, "eta": 307.63285, "eta_hours": 0.08545, "loss": 0.52196046, "lr": 0.000273, "params": 5321, "time_iter": 0.06282, "accuracy": 0.77518, "precision": 0.77193, "recall": 0.6055, "f1": 0.67866, "auc": 0.79803}
{"epoch": 66, "time_epoch": 8.71786, "eta": 298.42221, "eta_hours": 0.0829, "loss": 0.53224855, "lr": 0.00025912, "params": 5321, "time_iter": 0.06272, "accuracy": 0.77698, "precision": 0.80128, "recall": 0.57339, "f1": 0.66845, "auc": 0.79233}
{"epoch": 67, "time_epoch": 8.73666, "eta": 289.23491, "eta_hours": 0.08034, "loss": 0.53784646, "lr": 0.00024548, "params": 5321, "time_iter": 0.06285, "accuracy": 0.77878, "precision": 0.78443, "recall": 0.60092, "f1": 0.68052, "auc": 0.79499}
{"epoch": 68, "time_epoch": 8.7311, "eta": 280.05817, "eta_hours": 0.07779, "loss": 0.54146883, "lr": 0.00023209, "params": 5321, "time_iter": 0.06281, "accuracy": 0.7554, "precision": 0.75949, "recall": 0.55046, "f1": 0.6383, "auc": 0.80111}
{"epoch": 69, "time_epoch": 8.73108, "eta": 270.89415, "eta_hours": 0.07525, "loss": 0.54103844, "lr": 0.00021896, "params": 5321, "time_iter": 0.06281, "accuracy": 0.75719, "precision": 0.75776, "recall": 0.55963, "f1": 0.6438, "auc": 0.79606}
{"epoch": 70, "time_epoch": 8.75296, "eta": 261.75127, "eta_hours": 0.07271, "loss": 0.52086624, "lr": 0.00020611, "params": 5321, "time_iter": 0.06297, "accuracy": 0.76439, "precision": 0.76048, "recall": 0.58257, "f1": 0.65974, "auc": 0.80716}
{"epoch": 71, "time_epoch": 8.84001, "eta": 252.65307, "eta_hours": 0.07018, "loss": 0.50892514, "lr": 0.00019355, "params": 5321, "time_iter": 0.0636, "accuracy": 0.77338, "precision": 0.79114, "recall": 0.57339, "f1": 0.66489, "auc": 0.81768}
{"epoch": 72, "time_epoch": 8.7294, "eta": 243.52104, "eta_hours": 0.06764, "loss": 0.55493263, "lr": 0.00018129, "params": 5321, "time_iter": 0.0628, "accuracy": 0.77158, "precision": 0.77914, "recall": 0.58257, "f1": 0.66667, "auc": 0.77921}
{"epoch": 73, "time_epoch": 8.71605, "eta": 234.39519, "eta_hours": 0.06511, "loss": 0.53844355, "lr": 0.00016934, "params": 5321, "time_iter": 0.06271, "accuracy": 0.7536, "precision": 0.74847, "recall": 0.55963, "f1": 0.64042, "auc": 0.79085}
{"epoch": 74, "time_epoch": 8.72453, "eta": 225.2831, "eta_hours": 0.06258, "loss": 0.55761032, "lr": 0.00015773, "params": 5321, "time_iter": 0.06277, "accuracy": 0.75899, "precision": 0.76582, "recall": 0.55505, "f1": 0.64362, "auc": 0.7826}
{"epoch": 75, "time_epoch": 8.75594, "eta": 216.19113, "eta_hours": 0.06005, "loss": 0.52829905, "lr": 0.00014645, "params": 5321, "time_iter": 0.06299, "accuracy": 0.77518, "precision": 0.77844, "recall": 0.59633, "f1": 0.67532, "auc": 0.79815}
{"epoch": 76, "time_epoch": 8.73425, "eta": 207.10141, "eta_hours": 0.05753, "loss": 0.52894022, "lr": 0.00013552, "params": 5321, "time_iter": 0.06284, "accuracy": 0.7554, "precision": 0.75625, "recall": 0.55505, "f1": 0.64021, "auc": 0.79439}
{"epoch": 77, "time_epoch": 8.71658, "eta": 198.01582, "eta_hours": 0.055, "loss": 0.52025596, "lr": 0.00012494, "params": 5321, "time_iter": 0.06271, "accuracy": 0.76439, "precision": 0.76364, "recall": 0.57798, "f1": 0.65796, "auc": 0.80332}
{"epoch": 78, "time_epoch": 8.72693, "eta": 188.94232, "eta_hours": 0.05248, "loss": 0.50544768, "lr": 0.00011474, "params": 5321, "time_iter": 0.06278, "accuracy": 0.76079, "precision": 0.7673, "recall": 0.55963, "f1": 0.64721, "auc": 0.82202}
{"epoch": 79, "time_epoch": 8.72809, "eta": 179.87777, "eta_hours": 0.04997, "loss": 0.52161795, "lr": 0.00010492, "params": 5321, "time_iter": 0.06279, "accuracy": 0.76978, "precision": 0.75862, "recall": 0.6055, "f1": 0.67347, "auc": 0.80699}
{"epoch": 80, "time_epoch": 8.7062, "eta": 170.8164, "eta_hours": 0.04745, "loss": 0.5424515, "lr": 9.549e-05, "params": 5321, "time_iter": 0.06263, "accuracy": 0.7536, "precision": 0.7341, "recall": 0.58257, "f1": 0.64962, "auc": 0.80495}
{"epoch": 81, "time_epoch": 8.74633, "eta": 161.7725, "eta_hours": 0.04494, "loss": 0.5464475, "lr": 8.646e-05, "params": 5321, "time_iter": 0.06292, "accuracy": 0.77518, "precision": 0.77515, "recall": 0.60092, "f1": 0.677, "auc": 0.78717}
{"epoch": 82, "time_epoch": 8.73518, "eta": 152.73349, "eta_hours": 0.04243, "loss": 0.56284008, "lr": 7.784e-05, "params": 5321, "time_iter": 0.06284, "accuracy": 0.76799, "precision": 0.76647, "recall": 0.58716, "f1": 0.66494, "auc": 0.78858}
{"epoch": 83, "time_epoch": 8.70719, "eta": 143.69638, "eta_hours": 0.03992, "loss": 0.5473864, "lr": 6.963e-05, "params": 5321, "time_iter": 0.06264, "accuracy": 0.77338, "precision": 0.78049, "recall": 0.58716, "f1": 0.67016, "auc": 0.78484}
{"epoch": 84, "time_epoch": 8.72779, "eta": 134.67067, "eta_hours": 0.03741, "loss": 0.55201313, "lr": 6.185e-05, "params": 5321, "time_iter": 0.06279, "accuracy": 0.77698, "precision": 0.77976, "recall": 0.60092, "f1": 0.67876, "auc": 0.78683}
{"epoch": 85, "time_epoch": 8.751, "eta": 125.65566, "eta_hours": 0.0349, "loss": 0.5480536, "lr": 5.45e-05, "params": 5321, "time_iter": 0.06296, "accuracy": 0.76799, "precision": 0.7697, "recall": 0.58257, "f1": 0.66319, "auc": 0.78717}
{"epoch": 86, "time_epoch": 8.7033, "eta": 116.6396, "eta_hours": 0.0324, "loss": 0.52720416, "lr": 4.759e-05, "params": 5321, "time_iter": 0.06261, "accuracy": 0.78058, "precision": 0.77273, "recall": 0.62385, "f1": 0.69036, "auc": 0.79928}
{"epoch": 87, "time_epoch": 8.71996, "eta": 107.63291, "eta_hours": 0.0299, "loss": 0.51629897, "lr": 4.112e-05, "params": 5321, "time_iter": 0.06273, "accuracy": 0.77878, "precision": 0.78443, "recall": 0.60092, "f1": 0.68052, "auc": 0.81863}
{"epoch": 88, "time_epoch": 8.74051, "eta": 98.63521, "eta_hours": 0.0274, "loss": 0.54389632, "lr": 3.511e-05, "params": 5321, "time_iter": 0.06288, "accuracy": 0.75719, "precision": 0.7485, "recall": 0.57339, "f1": 0.64935, "auc": 0.78839}
{"epoch": 89, "time_epoch": 8.72267, "eta": 89.64125, "eta_hours": 0.0249, "loss": 0.5244219, "lr": 2.956e-05, "params": 5321, "time_iter": 0.06275, "accuracy": 0.76259, "precision": 0.75, "recall": 0.59174, "f1": 0.66154, "auc": 0.80771}
{"epoch": 90, "time_epoch": 8.73846, "eta": 80.6548, "eta_hours": 0.0224, "loss": 0.5274947, "lr": 2.447e-05, "params": 5321, "time_iter": 0.06287, "accuracy": 0.78597, "precision": 0.78947, "recall": 0.61927, "f1": 0.69409, "auc": 0.8051}
{"epoch": 91, "time_epoch": 8.74909, "eta": 71.67468, "eta_hours": 0.01991, "loss": 0.52145986, "lr": 1.985e-05, "params": 5321, "time_iter": 0.06294, "accuracy": 0.77158, "precision": 0.77576, "recall": 0.58716, "f1": 0.66841, "auc": 0.8045}
{"epoch": 92, "time_epoch": 8.73475, "eta": 62.69844, "eta_hours": 0.01742, "loss": 0.51088651, "lr": 1.571e-05, "params": 5321, "time_iter": 0.06284, "accuracy": 0.79317, "precision": 0.80838, "recall": 0.61927, "f1": 0.7013, "auc": 0.81596}
{"epoch": 93, "time_epoch": 8.73267, "eta": 53.7272, "eta_hours": 0.01492, "loss": 0.54595976, "lr": 1.204e-05, "params": 5321, "time_iter": 0.06282, "accuracy": 0.76978, "precision": 0.77108, "recall": 0.58716, "f1": 0.66667, "auc": 0.78153}
{"epoch": 94, "time_epoch": 8.72738, "eta": 44.76071, "eta_hours": 0.01243, "loss": 0.52767511, "lr": 8.86e-06, "params": 5321, "time_iter": 0.06279, "accuracy": 0.76619, "precision": 0.7619, "recall": 0.58716, "f1": 0.66321, "auc": 0.80469}
{"epoch": 95, "time_epoch": 13.12609, "eta": 35.98249, "eta_hours": 0.01, "loss": 0.53195315, "lr": 6.16e-06, "params": 5321, "time_iter": 0.09443, "accuracy": 0.76079, "precision": 0.7707, "recall": 0.55505, "f1": 0.64533, "auc": 0.79464}
{"epoch": 96, "time_epoch": 8.46441, "eta": 26.97043, "eta_hours": 0.00749, "loss": 0.52701096, "lr": 3.94e-06, "params": 5321, "time_iter": 0.0609, "accuracy": 0.76799, "precision": 0.78344, "recall": 0.56422, "f1": 0.656, "auc": 0.80315}
{"epoch": 97, "time_epoch": 8.45009, "eta": 17.96927, "eta_hours": 0.00499, "loss": 0.50837832, "lr": 2.22e-06, "params": 5321, "time_iter": 0.06079, "accuracy": 0.76978, "precision": 0.76471, "recall": 0.59633, "f1": 0.6701, "auc": 0.82046}
{"epoch": 98, "time_epoch": 8.48112, "eta": 8.97955, "eta_hours": 0.00249, "loss": 0.50378676, "lr": 9.9e-07, "params": 5321, "time_iter": 0.06102, "accuracy": 0.78237, "precision": 0.78035, "recall": 0.61927, "f1": 0.69054, "auc": 0.82258}
{"epoch": 99, "time_epoch": 8.79709, "eta": 0.0, "eta_hours": 0.0, "loss": 0.5166061, "lr": 2.5e-07, "params": 5321, "time_iter": 0.06329, "accuracy": 0.75899, "precision": 0.75301, "recall": 0.57339, "f1": 0.65104, "auc": 0.80881}
