{"epoch": 0, "time_epoch": 45.55742, "time_epoch_std": 0.0, "eta": 4510.18482, "eta_std": 0.0, "eta_hours": 1.25283, "eta_hours_std": 0.0, "loss": 0.67233, "loss_std": 0.0, "lr": 0.001, "lr_std": 0.0, "params": 6759.0, "params_std": 0.0, "time_iter": 0.35316, "time_iter_std": 0.0, "accuracy": 0.60467, "accuracy_std": 0.0, "precision": 0.62088, "precision_std": 0.0, "recall": 0.54748, "recall_std": 0.0, "f1": 0.58187, "f1_std": 0.0, "auc": 0.6455, "auc_std": 0.0}
{"epoch": 1, "time_epoch": 13.61516, "time_epoch_std": 0.0, "eta": 2899.45644, "eta_std": 0.0, "eta_hours": 0.8054, "eta_hours_std": 0.0, "loss": 0.64172, "loss_std": 0.0, "lr": 0.001, "lr_std": 0.0, "params": 6759.0, "params_std": 0.0, "time_iter": 0.10554, "time_iter_std": 0.0, "accuracy": 0.64119, "accuracy_std": 0.0, "precision": 0.64279, "precision_std": 0.0, "recall": 0.64341, "recall_std": 0.0, "f1": 0.6431, "f1_std": 0.0, "auc": 0.68938, "auc_std": 0.0}
{"epoch": 2, "time_epoch": 12.3901, "time_epoch_std": 0.0, "eta": 2313.85999, "eta_std": 0.0, "eta_hours": 0.64274, "eta_hours_std": 0.0, "loss": 0.62747, "loss_std": 0.0, "lr": 0.001, "lr_std": 0.0, "params": 6759.0, "params_std": 0.0, "time_iter": 0.09605, "time_iter_std": 0.0, "accuracy": 0.64167, "accuracy_std": 0.0, "precision": 0.65417, "precision_std": 0.0, "recall": 0.60853, "recall_std": 0.0, "f1": 0.63052, "f1_std": 0.0, "auc": 0.70344, "auc_std": 0.0}
{"epoch": 3, "time_epoch": 12.70849, "time_epoch_std": 0.0, "eta": 2022.508, "eta_std": 0.0, "eta_hours": 0.56181, "eta_hours_std": 0.0, "loss": 0.62276, "loss_std": 0.0, "lr": 0.001, "lr_std": 0.0, "params": 6759.0, "params_std": 0.0, "time_iter": 0.09852, "time_iter_std": 0.0, "accuracy": 0.64508, "accuracy_std": 0.0, "precision": 0.66273, "precision_std": 0.0, "recall": 0.59787, "recall_std": 0.0, "f1": 0.62863, "f1_std": 0.0, "auc": 0.70726, "auc_std": 0.0}
{"epoch": 4, "time_epoch": 12.98277, "time_epoch_std": 0.0, "eta": 1847.82474, "eta_std": 0.0, "eta_hours": 0.51328, "eta_hours_std": 0.0, "loss": 0.62229, "loss_std": 0.0, "lr": 0.001, "lr_std": 0.0, "params": 6759.0, "params_std": 0.0, "time_iter": 0.10064, "time_iter_std": 0.0, "accuracy": 0.64703, "accuracy_std": 0.0, "precision": 0.66488, "precision_std": 0.0, "recall": 0.59981, "recall_std": 0.0, "f1": 0.63067, "f1_std": 0.0, "auc": 0.70813, "auc_std": 0.0}
{"epoch": 5, "time_epoch": 11.78542, "time_epoch_std": 0.0, "eta": 1708.2832, "eta_std": 0.0, "eta_hours": 0.47452, "eta_hours_std": 0.0, "loss": 0.60865, "loss_std": 0.0, "lr": 0.00099, "lr_std": 0.0, "params": 6759.0, "params_std": 0.0, "time_iter": 0.09136, "time_iter_std": 0.0, "accuracy": 0.66602, "accuracy_std": 0.0, "precision": 0.68443, "precision_std": 0.0, "recall": 0.62209, "recall_std": 0.0, "f1": 0.65178, "f1_std": 0.0, "auc": 0.72672, "auc_std": 0.0}
{"epoch": 6, "time_epoch": 10.9069, "time_epoch_std": 0.0, "eta": 1593.57166, "eta_std": 0.0, "eta_hours": 0.44266, "eta_hours_std": 0.0, "loss": 0.60254, "loss_std": 0.0, "lr": 0.00099, "lr_std": 0.0, "params": 6759.0, "params_std": 0.0, "time_iter": 0.08455, "time_iter_std": 0.0, "accuracy": 0.67575, "accuracy_std": 0.0, "precision": 0.69468, "precision_std": 0.0, "recall": 0.63275, "recall_std": 0.0, "f1": 0.66227, "f1_std": 0.0, "auc": 0.73295, "auc_std": 0.0}
{"epoch": 7, "time_epoch": 12.18638, "time_epoch_std": 0.0, "eta": 1519.52534, "eta_std": 0.0, "eta_hours": 0.42209, "eta_hours_std": 0.0, "loss": 0.59431, "loss_std": 0.0, "lr": 0.00099, "lr_std": 0.0, "params": 6759.0, "params_std": 0.0, "time_iter": 0.09447, "time_iter_std": 0.0, "accuracy": 0.67186, "accuracy_std": 0.0, "precision": 0.67972, "precision_std": 0.0, "recall": 0.65601, "recall_std": 0.0, "f1": 0.66765, "f1_std": 0.0, "auc": 0.74327, "auc_std": 0.0}
{"epoch": 8, "time_epoch": 10.66922, "time_epoch_std": 0.0, "eta": 1443.88542, "eta_std": 0.0, "eta_hours": 0.40108, "eta_hours_std": 0.0, "loss": 0.58736, "loss_std": 0.0, "lr": 0.00098, "lr_std": 0.0, "params": 6759.0, "params_std": 0.0, "time_iter": 0.08271, "time_iter_std": 0.0, "accuracy": 0.68452, "accuracy_std": 0.0, "precision": 0.70084, "precision_std": 0.0, "recall": 0.64922, "recall_std": 0.0, "f1": 0.67404, "f1_std": 0.0, "auc": 0.75183, "auc_std": 0.0}
{"epoch": 9, "time_epoch": 12.66357, "time_epoch_std": 0.0, "eta": 1399.18881, "eta_std": 0.0, "eta_hours": 0.38866, "eta_hours_std": 0.0, "loss": 0.58725, "loss_std": 0.0, "lr": 0.00098, "lr_std": 0.0, "params": 6759.0, "params_std": 0.0, "time_iter": 0.09817, "time_iter_std": 0.0, "accuracy": 0.67965, "accuracy_std": 0.0, "precision": 0.6916, "precision_std": 0.0, "recall": 0.65407, "recall_std": 0.0, "f1": 0.67231, "f1_std": 0.0, "auc": 0.75326, "auc_std": 0.0}
{"epoch": 10, "time_epoch": 11.34936, "time_epoch_std": 0.0, "eta": 1349.68322, "eta_std": 0.0, "eta_hours": 0.37491, "eta_hours_std": 0.0, "loss": 0.58107, "loss_std": 0.0, "lr": 0.00098, "lr_std": 0.0, "params": 6759.0, "params_std": 0.0, "time_iter": 0.08798, "time_iter_std": 0.0, "accuracy": 0.68744, "accuracy_std": 0.0, "precision": 0.70613, "precision_std": 0.0, "recall": 0.64729, "recall_std": 0.0, "f1": 0.67543, "f1_std": 0.0, "auc": 0.75946, "auc_std": 0.0}
{"epoch": 11, "time_epoch": 11.17078, "time_epoch_std": 0.0, "eta": 1305.22743, "eta_std": 0.0, "eta_hours": 0.36256, "eta_hours_std": 0.0, "loss": 0.56797, "loss_std": 0.0, "lr": 0.00097, "lr_std": 0.0, "params": 6759.0, "params_std": 0.0, "time_iter": 0.0866, "time_iter_std": 0.0, "accuracy": 0.69036, "accuracy_std": 0.0, "precision": 0.7, "precision_std": 0.0, "recall": 0.67151, "recall_std": 0.0, "f1": 0.68546, "f1_std": 0.0, "auc": 0.77459, "auc_std": 0.0}
{"epoch": 12, "time_epoch": 12.00154, "time_epoch_std": 0.0, "eta": 1271.45214, "eta_std": 0.0, "eta_hours": 0.35318, "eta_hours_std": 0.0, "loss": 0.57036, "loss_std": 0.0, "lr": 0.00096, "lr_std": 0.0, "params": 6759.0, "params_std": 0.0, "time_iter": 0.09304, "time_iter_std": 0.0, "accuracy": 0.70448, "accuracy_std": 0.0, "precision": 0.71102, "precision_std": 0.0, "recall": 0.6938, "recall_std": 0.0, "f1": 0.70231, "f1_std": 0.0, "auc": 0.77563, "auc_std": 0.0}
{"epoch": 13, "time_epoch": 10.96135, "time_epoch_std": 0.0, "eta": 1234.39764, "eta_std": 0.0, "eta_hours": 0.34289, "eta_hours_std": 0.0, "loss": 0.56834, "loss_std": 0.0, "lr": 0.00096, "lr_std": 0.0, "params": 6759.0, "params_std": 0.0, "time_iter": 0.08497, "time_iter_std": 0.0, "accuracy": 0.69961, "accuracy_std": 0.0, "precision": 0.70323, "precision_std": 0.0, "recall": 0.69574, "recall_std": 0.0, "f1": 0.69946, "f1_std": 0.0, "auc": 0.77585, "auc_std": 0.0}
{"epoch": 14, "time_epoch": 10.93041, "time_epoch_std": 0.0, "eta": 1200.64689, "eta_std": 0.0, "eta_hours": 0.33351, "eta_hours_std": 0.0, "loss": 0.55294, "loss_std": 0.0, "lr": 0.00095, "lr_std": 0.0, "params": 6759.0, "params_std": 0.0, "time_iter": 0.08473, "time_iter_std": 0.0, "accuracy": 0.71665, "accuracy_std": 0.0, "precision": 0.72366, "precision_std": 0.0, "recall": 0.70543, "recall_std": 0.0, "f1": 0.71443, "f1_std": 0.0, "auc": 0.78842, "auc_std": 0.0}
{"epoch": 15, "time_epoch": 11.44067, "time_epoch_std": 0.0, "eta": 1172.42753, "eta_std": 0.0, "eta_hours": 0.32567, "eta_hours_std": 0.0, "loss": 0.55429, "loss_std": 0.0, "lr": 0.00095, "lr_std": 0.0, "params": 6759.0, "params_std": 0.0, "time_iter": 0.08869, "time_iter_std": 0.0, "accuracy": 0.71714, "accuracy_std": 0.0, "precision": 0.71872, "precision_std": 0.0, "recall": 0.71802, "recall_std": 0.0, "f1": 0.71837, "f1_std": 0.0, "auc": 0.7895, "auc_std": 0.0}
{"epoch": 16, "time_epoch": 10.04152, "time_epoch_std": 0.0, "eta": 1139.35098, "eta_std": 0.0, "eta_hours": 0.31649, "eta_hours_std": 0.0, "loss": 0.55426, "loss_std": 0.0, "lr": 0.00094, "lr_std": 0.0, "params": 6759.0, "params_std": 0.0, "time_iter": 0.07784, "time_iter_std": 0.0, "accuracy": 0.70204, "accuracy_std": 0.0, "precision": 0.70751, "precision_std": 0.0, "recall": 0.6938, "recall_std": 0.0, "f1": 0.70059, "f1_std": 0.0, "auc": 0.78938, "auc_std": 0.0}
{"epoch": 17, "time_epoch": 7.32065, "time_epoch_std": 0.0, "eta": 1096.43883, "eta_std": 0.0, "eta_hours": 0.30457, "eta_hours_std": 0.0, "loss": 0.54501, "loss_std": 0.0, "lr": 0.00093, "lr_std": 0.0, "params": 6759.0, "params_std": 0.0, "time_iter": 0.05675, "time_iter_std": 0.0, "accuracy": 0.70886, "accuracy_std": 0.0, "precision": 0.72279, "precision_std": 0.0, "recall": 0.68217, "recall_std": 0.0, "f1": 0.70189, "f1_std": 0.0, "auc": 0.79322, "auc_std": 0.0}
{"epoch": 18, "time_epoch": 6.49979, "time_epoch_std": 0.0, "eta": 1053.77369, "eta_std": 0.0, "eta_hours": 0.29271, "eta_hours_std": 0.0, "loss": 0.54737, "loss_std": 0.0, "lr": 0.00092, "lr_std": 0.0, "params": 6759.0, "params_std": 0.0, "time_iter": 0.05039, "time_iter_std": 0.0, "accuracy": 0.72055, "accuracy_std": 0.0, "precision": 0.72276, "precision_std": 0.0, "recall": 0.71996, "recall_std": 0.0, "f1": 0.72136, "f1_std": 0.0, "auc": 0.79528, "auc_std": 0.0}
{"epoch": 19, "time_epoch": 6.93979, "time_epoch_std": 0.0, "eta": 1016.48511, "eta_std": 0.0, "eta_hours": 0.28236, "eta_hours_std": 0.0, "loss": 0.54287, "loss_std": 0.0, "lr": 0.00091, "lr_std": 0.0, "params": 6759.0, "params_std": 0.0, "time_iter": 0.0538, "time_iter_std": 0.0, "accuracy": 0.72785, "accuracy_std": 0.0, "precision": 0.73486, "precision_std": 0.0, "recall": 0.71705, "recall_std": 0.0, "f1": 0.72585, "f1_std": 0.0, "auc": 0.79968, "auc_std": 0.0}
{"epoch": 20, "time_epoch": 7.267, "time_epoch_std": 0.0, "eta": 983.3178, "eta_std": 0.0, "eta_hours": 0.27314, "eta_hours_std": 0.0, "loss": 0.54775, "loss_std": 0.0, "lr": 0.0009, "lr_std": 0.0, "params": 6759.0, "params_std": 0.0, "time_iter": 0.05633, "time_iter_std": 0.0, "accuracy": 0.70594, "accuracy_std": 0.0, "precision": 0.70189, "precision_std": 0.0, "recall": 0.72093, "recall_std": 0.0, "f1": 0.71128, "f1_std": 0.0, "auc": 0.79415, "auc_std": 0.0}
{"epoch": 21, "time_epoch": 6.38389, "time_epoch_std": 0.0, "eta": 949.37405, "eta_std": 0.0, "eta_hours": 0.26372, "eta_hours_std": 0.0, "loss": 0.54807, "loss_std": 0.0, "lr": 0.0009, "lr_std": 0.0, "params": 6759.0, "params_std": 0.0, "time_iter": 0.04949, "time_iter_std": 0.0, "accuracy": 0.7147, "accuracy_std": 0.0, "precision": 0.71157, "precision_std": 0.0, "recall": 0.72674, "recall_std": 0.0, "f1": 0.71908, "f1_std": 0.0, "auc": 0.79465, "auc_std": 0.0}
{"epoch": 22, "time_epoch": 6.512, "time_epoch_std": 0.0, "eta": 918.25568, "eta_std": 0.0, "eta_hours": 0.25507, "eta_hours_std": 0.0, "loss": 0.54307, "loss_std": 0.0, "lr": 0.00089, "lr_std": 0.0, "params": 6759.0, "params_std": 0.0, "time_iter": 0.05048, "time_iter_std": 0.0, "accuracy": 0.71665, "accuracy_std": 0.0, "precision": 0.71845, "precision_std": 0.0, "recall": 0.71705, "recall_std": 0.0, "f1": 0.71775, "f1_std": 0.0, "auc": 0.79838, "auc_std": 0.0}
{"epoch": 23, "time_epoch": 6.13415, "time_epoch_std": 0.0, "eta": 887.99134, "eta_std": 0.0, "eta_hours": 0.24666, "eta_hours_std": 0.0, "loss": 0.54012, "loss_std": 0.0, "lr": 0.00088, "lr_std": 0.0, "params": 6759.0, "params_std": 0.0, "time_iter": 0.04755, "time_iter_std": 0.0, "accuracy": 0.72639, "accuracy_std": 0.0, "precision": 0.72904, "precision_std": 0.0, "recall": 0.72481, "recall_std": 0.0, "f1": 0.72692, "f1_std": 0.0, "auc": 0.80299, "auc_std": 0.0}
{"epoch": 24, "time_epoch": 6.65581, "time_epoch_std": 0.0, "eta": 861.22238, "eta_std": 0.0, "eta_hours": 0.23923, "eta_hours_std": 0.0, "loss": 0.53797, "loss_std": 0.0, "lr": 0.00086, "lr_std": 0.0, "params": 6759.0, "params_std": 0.0, "time_iter": 0.0516, "time_iter_std": 0.0, "accuracy": 0.72055, "accuracy_std": 0.0, "precision": 0.71768, "precision_std": 0.0, "recall": 0.73159, "recall_std": 0.0, "f1": 0.72457, "f1_std": 0.0, "auc": 0.80318, "auc_std": 0.0}
{"epoch": 25, "time_epoch": 6.50562, "time_epoch_std": 0.0, "eta": 835.57313, "eta_std": 0.0, "eta_hours": 0.2321, "eta_hours_std": 0.0, "loss": 0.53169, "loss_std": 0.0, "lr": 0.00085, "lr_std": 0.0, "params": 6759.0, "params_std": 0.0, "time_iter": 0.05043, "time_iter_std": 0.0, "accuracy": 0.71811, "accuracy_std": 0.0, "precision": 0.71884, "precision_std": 0.0, "recall": 0.72093, "recall_std": 0.0, "f1": 0.71988, "f1_std": 0.0, "auc": 0.80882, "auc_std": 0.0}
{"epoch": 26, "time_epoch": 6.53026, "time_epoch_std": 0.0, "eta": 811.40854, "eta_std": 0.0, "eta_hours": 0.22539, "eta_hours_std": 0.0, "loss": 0.5432, "loss_std": 0.0, "lr": 0.00084, "lr_std": 0.0, "params": 6759.0, "params_std": 0.0, "time_iter": 0.05062, "time_iter_std": 0.0, "accuracy": 0.72103, "accuracy_std": 0.0, "precision": 0.72347, "precision_std": 0.0, "recall": 0.71996, "recall_std": 0.0, "f1": 0.72171, "f1_std": 0.0, "auc": 0.80064, "auc_std": 0.0}
{"epoch": 27, "time_epoch": 6.64357, "time_epoch_std": 0.0, "eta": 788.79492, "eta_std": 0.0, "eta_hours": 0.21911, "eta_hours_std": 0.0, "loss": 0.53864, "loss_std": 0.0, "lr": 0.00083, "lr_std": 0.0, "params": 6759.0, "params_std": 0.0, "time_iter": 0.0515, "time_iter_std": 0.0, "accuracy": 0.72833, "accuracy_std": 0.0, "precision": 0.72191, "precision_std": 0.0, "recall": 0.74709, "recall_std": 0.0, "f1": 0.73429, "f1_std": 0.0, "auc": 0.80443, "auc_std": 0.0}
{"epoch": 28, "time_epoch": 6.41711, "time_epoch_std": 0.0, "eta": 766.72823, "eta_std": 0.0, "eta_hours": 0.21298, "eta_hours_std": 0.0, "loss": 0.53755, "loss_std": 0.0, "lr": 0.00082, "lr_std": 0.0, "params": 6759.0, "params_std": 0.0, "time_iter": 0.04975, "time_iter_std": 0.0, "accuracy": 0.72444, "accuracy_std": 0.0, "precision": 0.72621, "precision_std": 0.0, "recall": 0.72481, "recall_std": 0.0, "f1": 0.72551, "f1_std": 0.0, "auc": 0.80291, "auc_std": 0.0}
{"epoch": 29, "time_epoch": 6.17859, "time_epoch_std": 0.0, "eta": 745.14832, "eta_std": 0.0, "eta_hours": 0.20699, "eta_hours_std": 0.0, "loss": 0.53266, "loss_std": 0.0, "lr": 0.00081, "lr_std": 0.0, "params": 6759.0, "params_std": 0.0, "time_iter": 0.0479, "time_iter_std": 0.0, "accuracy": 0.71957, "accuracy_std": 0.0, "precision": 0.72709, "precision_std": 0.0, "recall": 0.70736, "recall_std": 0.0, "f1": 0.71709, "f1_std": 0.0, "auc": 0.80655, "auc_std": 0.0}
{"epoch": 30, "time_epoch": 6.13183, "time_epoch_std": 0.0, "eta": 724.45795, "eta_std": 0.0, "eta_hours": 0.20124, "eta_hours_std": 0.0, "loss": 0.53555, "loss_std": 0.0, "lr": 0.00079, "lr_std": 0.0, "params": 6759.0, "params_std": 0.0, "time_iter": 0.04753, "time_iter_std": 0.0, "accuracy": 0.71665, "accuracy_std": 0.0, "precision": 0.70604, "precision_std": 0.0, "recall": 0.74709, "recall_std": 0.0, "f1": 0.72599, "f1_std": 0.0, "auc": 0.80422, "auc_std": 0.0}
{"epoch": 31, "time_epoch": 6.34765, "time_epoch_std": 0.0, "eta": 705.1361, "eta_std": 0.0, "eta_hours": 0.19587, "eta_hours_std": 0.0, "loss": 0.52908, "loss_std": 0.0, "lr": 0.00078, "lr_std": 0.0, "params": 6759.0, "params_std": 0.0, "time_iter": 0.04921, "time_iter_std": 0.0, "accuracy": 0.72833, "accuracy_std": 0.0, "precision": 0.72658, "precision_std": 0.0, "recall": 0.73643, "recall_std": 0.0, "f1": 0.73147, "f1_std": 0.0, "auc": 0.8092, "auc_std": 0.0}
{"epoch": 32, "time_epoch": 6.18679, "time_epoch_std": 0.0, "eta": 686.27398, "eta_std": 0.0, "eta_hours": 0.19063, "eta_hours_std": 0.0, "loss": 0.53173, "loss_std": 0.0, "lr": 0.00077, "lr_std": 0.0, "params": 6759.0, "params_std": 0.0, "time_iter": 0.04796, "time_iter_std": 0.0, "accuracy": 0.73612, "accuracy_std": 0.0, "precision": 0.73694, "precision_std": 0.0, "recall": 0.73837, "recall_std": 0.0, "f1": 0.73766, "f1_std": 0.0, "auc": 0.81022, "auc_std": 0.0}
{"epoch": 33, "time_epoch": 6.39262, "time_epoch_std": 0.0, "eta": 668.55703, "eta_std": 0.0, "eta_hours": 0.18571, "eta_hours_std": 0.0, "loss": 0.53683, "loss_std": 0.0, "lr": 0.00075, "lr_std": 0.0, "params": 6759.0, "params_std": 0.0, "time_iter": 0.04956, "time_iter_std": 0.0, "accuracy": 0.7259, "accuracy_std": 0.0, "precision": 0.73058, "precision_std": 0.0, "recall": 0.71996, "recall_std": 0.0, "f1": 0.72523, "f1_std": 0.0, "auc": 0.80653, "auc_std": 0.0}
{"epoch": 34, "time_epoch": 6.8539, "time_epoch_std": 0.0, "eta": 652.34384, "eta_std": 0.0, "eta_hours": 0.18121, "eta_hours_std": 0.0, "loss": 0.53873, "loss_std": 0.0, "lr": 0.00074, "lr_std": 0.0, "params": 6759.0, "params_std": 0.0, "time_iter": 0.05313, "time_iter_std": 0.0, "accuracy": 0.72055, "accuracy_std": 0.0, "precision": 0.71935, "precision_std": 0.0, "recall": 0.72771, "recall_std": 0.0, "f1": 0.72351, "f1_std": 0.0, "auc": 0.80064, "auc_std": 0.0}
{"epoch": 35, "time_epoch": 6.89597, "time_epoch_std": 0.0, "eta": 636.72541, "eta_std": 0.0, "eta_hours": 0.17687, "eta_hours_std": 0.0, "loss": 0.53354, "loss_std": 0.0, "lr": 0.00073, "lr_std": 0.0, "params": 6759.0, "params_std": 0.0, "time_iter": 0.05346, "time_iter_std": 0.0, "accuracy": 0.72055, "accuracy_std": 0.0, "precision": 0.72407, "precision_std": 0.0, "recall": 0.71705, "recall_std": 0.0, "f1": 0.72055, "f1_std": 0.0, "auc": 0.80542, "auc_std": 0.0}
{"epoch": 36, "time_epoch": 6.47678, "time_epoch_std": 0.0, "eta": 620.86469, "eta_std": 0.0, "eta_hours": 0.17246, "eta_hours_std": 0.0, "loss": 0.52964, "loss_std": 0.0, "lr": 0.00071, "lr_std": 0.0, "params": 6759.0, "params_std": 0.0, "time_iter": 0.05021, "time_iter_std": 0.0, "accuracy": 0.73418, "accuracy_std": 0.0, "precision": 0.73456, "precision_std": 0.0, "recall": 0.7374, "recall_std": 0.0, "f1": 0.73598, "f1_std": 0.0, "auc": 0.80926, "auc_std": 0.0}
{"epoch": 37, "time_epoch": 6.73555, "time_epoch_std": 0.0, "eta": 605.92007, "eta_std": 0.0, "eta_hours": 0.16831, "eta_hours_std": 0.0, "loss": 0.53124, "loss_std": 0.0, "lr": 0.0007, "lr_std": 0.0, "params": 6759.0, "params_std": 0.0, "time_iter": 0.05221, "time_iter_std": 0.0, "accuracy": 0.73661, "accuracy_std": 0.0, "precision": 0.74045, "precision_std": 0.0, "recall": 0.73256, "recall_std": 0.0, "f1": 0.73648, "f1_std": 0.0, "auc": 0.81092, "auc_std": 0.0}
{"epoch": 38, "time_epoch": 6.10714, "time_epoch_std": 0.0, "eta": 590.41353, "eta_std": 0.0, "eta_hours": 0.164, "eta_hours_std": 0.0, "loss": 0.52212, "loss_std": 0.0, "lr": 0.00068, "lr_std": 0.0, "params": 6759.0, "params_std": 0.0, "time_iter": 0.04734, "time_iter_std": 0.0, "accuracy": 0.73077, "accuracy_std": 0.0, "precision": 0.73412, "precision_std": 0.0, "recall": 0.72771, "recall_std": 0.0, "f1": 0.7309, "f1_std": 0.0, "auc": 0.81591, "auc_std": 0.0}
{"epoch": 39, "time_epoch": 6.43214, "time_epoch_std": 0.0, "eta": 575.86446, "eta_std": 0.0, "eta_hours": 0.15996, "eta_hours_std": 0.0, "loss": 0.53224, "loss_std": 0.0, "lr": 0.00067, "lr_std": 0.0, "params": 6759.0, "params_std": 0.0, "time_iter": 0.04986, "time_iter_std": 0.0, "accuracy": 0.72639, "accuracy_std": 0.0, "precision": 0.73267, "precision_std": 0.0, "recall": 0.71705, "recall_std": 0.0, "f1": 0.72478, "f1_std": 0.0, "auc": 0.81114, "auc_std": 0.0}
{"epoch": 40, "time_epoch": 6.96979, "time_epoch_std": 0.0, "eta": 562.48503, "eta_std": 0.0, "eta_hours": 0.15625, "eta_hours_std": 0.0, "loss": 0.52781, "loss_std": 0.0, "lr": 0.00065, "lr_std": 0.0, "params": 6759.0, "params_std": 0.0, "time_iter": 0.05403, "time_iter_std": 0.0, "accuracy": 0.73466, "accuracy_std": 0.0, "precision": 0.73664, "precision_std": 0.0, "recall": 0.7345, "recall_std": 0.0, "f1": 0.73557, "f1_std": 0.0, "auc": 0.81311, "auc_std": 0.0}
{"epoch": 41, "time_epoch": 6.57153, "time_epoch_std": 0.0, "eta": 548.86085, "eta_std": 0.0, "eta_hours": 0.15246, "eta_hours_std": 0.0, "loss": 0.52646, "loss_std": 0.0, "lr": 0.00064, "lr_std": 0.0, "params": 6759.0, "params_std": 0.0, "time_iter": 0.05094, "time_iter_std": 0.0, "accuracy": 0.73807, "accuracy_std": 0.0, "precision": 0.74121, "precision_std": 0.0, "recall": 0.73547, "recall_std": 0.0, "f1": 0.73833, "f1_std": 0.0, "auc": 0.81624, "auc_std": 0.0}
{"epoch": 42, "time_epoch": 6.77382, "time_epoch_std": 0.0, "eta": 535.83286, "eta_std": 0.0, "eta_hours": 0.14884, "eta_hours_std": 0.0, "loss": 0.51356, "loss_std": 0.0, "lr": 0.00062, "lr_std": 0.0, "params": 6759.0, "params_std": 0.0, "time_iter": 0.05251, "time_iter_std": 0.0, "accuracy": 0.73856, "accuracy_std": 0.0, "precision": 0.72811, "precision_std": 0.0, "recall": 0.7655, "recall_std": 0.0, "f1": 0.74634, "f1_std": 0.0, "auc": 0.82423, "auc_std": 0.0}
{"epoch": 43, "time_epoch": 6.71588, "time_epoch_std": 0.0, "eta": 523.0154, "eta_std": 0.0, "eta_hours": 0.14528, "eta_hours_std": 0.0, "loss": 0.53359, "loss_std": 0.0, "lr": 0.00061, "lr_std": 0.0, "params": 6759.0, "params_std": 0.0, "time_iter": 0.05206, "time_iter_std": 0.0, "accuracy": 0.73612, "accuracy_std": 0.0, "precision": 0.74306, "precision_std": 0.0, "recall": 0.72578, "recall_std": 0.0, "f1": 0.73431, "f1_std": 0.0, "auc": 0.81013, "auc_std": 0.0}
{"epoch": 44, "time_epoch": 6.78947, "time_epoch_std": 0.0, "eta": 510.55906, "eta_std": 0.0, "eta_hours": 0.14182, "eta_hours_std": 0.0, "loss": 0.51848, "loss_std": 0.0, "lr": 0.00059, "lr_std": 0.0, "params": 6759.0, "params_std": 0.0, "time_iter": 0.05263, "time_iter_std": 0.0, "accuracy": 0.73759, "accuracy_std": 0.0, "precision": 0.73725, "precision_std": 0.0, "recall": 0.74225, "recall_std": 0.0, "f1": 0.73974, "f1_std": 0.0, "auc": 0.81954, "auc_std": 0.0}
{"epoch": 45, "time_epoch": 5.9003, "time_epoch_std": 0.0, "eta": 497.30529, "eta_std": 0.0, "eta_hours": 0.13814, "eta_hours_std": 0.0, "loss": 0.52555, "loss_std": 0.0, "lr": 0.00058, "lr_std": 0.0, "params": 6759.0, "params_std": 0.0, "time_iter": 0.04574, "time_iter_std": 0.0, "accuracy": 0.74099, "accuracy_std": 0.0, "precision": 0.73764, "precision_std": 0.0, "recall": 0.75194, "recall_std": 0.0, "f1": 0.74472, "f1_std": 0.0, "auc": 0.81532, "auc_std": 0.0}
{"epoch": 46, "time_epoch": 6.80275, "time_epoch_std": 0.0, "eta": 485.38211, "eta_std": 0.0, "eta_hours": 0.13483, "eta_hours_std": 0.0, "loss": 0.51853, "loss_std": 0.0, "lr": 0.00056, "lr_std": 0.0, "params": 6759.0, "params_std": 0.0, "time_iter": 0.05273, "time_iter_std": 0.0, "accuracy": 0.73759, "accuracy_std": 0.0, "precision": 0.73725, "precision_std": 0.0, "recall": 0.74225, "recall_std": 0.0, "f1": 0.73974, "f1_std": 0.0, "auc": 0.82124, "auc_std": 0.0}
{"epoch": 47, "time_epoch": 6.15416, "time_epoch_std": 0.0, "eta": 472.96962, "eta_std": 0.0, "eta_hours": 0.13138, "eta_hours_std": 0.0, "loss": 0.52302, "loss_std": 0.0, "lr": 0.00055, "lr_std": 0.0, "params": 6759.0, "params_std": 0.0, "time_iter": 0.04771, "time_iter_std": 0.0, "accuracy": 0.7371, "accuracy_std": 0.0, "precision": 0.74213, "precision_std": 0.0, "recall": 0.73062, "recall_std": 0.0, "f1": 0.73633, "f1_std": 0.0, "auc": 0.81689, "auc_std": 0.0}
{"epoch": 48, "time_epoch": 6.20066, "time_epoch_std": 0.0, "eta": 460.86098, "eta_std": 0.0, "eta_hours": 0.12802, "eta_hours_std": 0.0, "loss": 0.52351, "loss_std": 0.0, "lr": 0.00053, "lr_std": 0.0, "params": 6759.0, "params_std": 0.0, "time_iter": 0.04807, "time_iter_std": 0.0, "accuracy": 0.7332, "accuracy_std": 0.0, "precision": 0.7296, "precision_std": 0.0, "recall": 0.74516, "recall_std": 0.0, "f1": 0.7373, "f1_std": 0.0, "auc": 0.81625, "auc_std": 0.0}
{"epoch": 49, "time_epoch": 6.48573, "time_epoch_std": 0.0, "eta": 449.27373, "eta_std": 0.0, "eta_hours": 0.1248, "eta_hours_std": 0.0, "loss": 0.51903, "loss_std": 0.0, "lr": 0.00052, "lr_std": 0.0, "params": 6759.0, "params_std": 0.0, "time_iter": 0.05028, "time_iter_std": 0.0, "accuracy": 0.74343, "accuracy_std": 0.0, "precision": 0.73798, "precision_std": 0.0, "recall": 0.75872, "recall_std": 0.0, "f1": 0.74821, "f1_std": 0.0, "auc": 0.81974, "auc_std": 0.0}
{"epoch": 50, "time_epoch": 6.89236, "time_epoch_std": 0.0, "eta": 438.27723, "eta_std": 0.0, "eta_hours": 0.12174, "eta_hours_std": 0.0, "loss": 0.52725, "loss_std": 0.0, "lr": 0.0005, "lr_std": 0.0, "params": 6759.0, "params_std": 0.0, "time_iter": 0.05343, "time_iter_std": 0.0, "accuracy": 0.73807, "accuracy_std": 0.0, "precision": 0.74359, "precision_std": 0.0, "recall": 0.73062, "recall_std": 0.0, "f1": 0.73705, "f1_std": 0.0, "auc": 0.81134, "auc_std": 0.0}
{"epoch": 51, "time_epoch": 7.04664, "time_epoch_std": 0.0, "eta": 427.58098, "eta_std": 0.0, "eta_hours": 0.11877, "eta_hours_std": 0.0, "loss": 0.51852, "loss_std": 0.0, "lr": 0.00048, "lr_std": 0.0, "params": 6759.0, "params_std": 0.0, "time_iter": 0.05463, "time_iter_std": 0.0, "accuracy": 0.73856, "accuracy_std": 0.0, "precision": 0.7373, "precision_std": 0.0, "recall": 0.74516, "recall_std": 0.0, "f1": 0.7412, "f1_std": 0.0, "auc": 0.82246, "auc_std": 0.0}
{"epoch": 52, "time_epoch": 6.50917, "time_epoch_std": 0.0, "eta": 416.54584, "eta_std": 0.0, "eta_hours": 0.11571, "eta_hours_std": 0.0, "loss": 0.52076, "loss_std": 0.0, "lr": 0.00047, "lr_std": 0.0, "params": 6759.0, "params_std": 0.0, "time_iter": 0.05046, "time_iter_std": 0.0, "accuracy": 0.72444, "accuracy_std": 0.0, "precision": 0.72843, "precision_std": 0.0, "recall": 0.71996, "recall_std": 0.0, "f1": 0.72417, "f1_std": 0.0, "auc": 0.8167, "auc_std": 0.0}
{"epoch": 53, "time_epoch": 6.93816, "time_epoch_std": 0.0, "eta": 406.04375, "eta_std": 0.0, "eta_hours": 0.11279, "eta_hours_std": 0.0, "loss": 0.52112, "loss_std": 0.0, "lr": 0.00045, "lr_std": 0.0, "params": 6759.0, "params_std": 0.0, "time_iter": 0.05378, "time_iter_std": 0.0, "accuracy": 0.73856, "accuracy_std": 0.0, "precision": 0.73109, "precision_std": 0.0, "recall": 0.75872, "recall_std": 0.0, "f1": 0.74465, "f1_std": 0.0, "auc": 0.81866, "auc_std": 0.0}
{"epoch": 54, "time_epoch": 6.74597, "time_epoch_std": 0.0, "eta": 395.51402, "eta_std": 0.0, "eta_hours": 0.10987, "eta_hours_std": 0.0, "loss": 0.51526, "loss_std": 0.0, "lr": 0.00044, "lr_std": 0.0, "params": 6759.0, "params_std": 0.0, "time_iter": 0.05229, "time_iter_std": 0.0, "accuracy": 0.7371, "accuracy_std": 0.0, "precision": 0.73077, "precision_std": 0.0, "recall": 0.75484, "recall_std": 0.0, "f1": 0.74261, "f1_std": 0.0, "auc": 0.82148, "auc_std": 0.0}
{"epoch": 55, "time_epoch": 6.67479, "time_epoch_std": 0.0, "eta": 385.0635, "eta_std": 0.0, "eta_hours": 0.10696, "eta_hours_std": 0.0, "loss": 0.5219, "loss_std": 0.0, "lr": 0.00042, "lr_std": 0.0, "params": 6759.0, "params_std": 0.0, "time_iter": 0.05174, "time_iter_std": 0.0, "accuracy": 0.73856, "accuracy_std": 0.0, "precision": 0.74006, "precision_std": 0.0, "recall": 0.73934, "recall_std": 0.0, "f1": 0.7397, "f1_std": 0.0, "auc": 0.81953, "auc_std": 0.0}
{"epoch": 56, "time_epoch": 6.65436, "time_epoch_std": 0.0, "eta": 374.73005, "eta_std": 0.0, "eta_hours": 0.10409, "eta_hours_std": 0.0, "loss": 0.51688, "loss_std": 0.0, "lr": 0.00041, "lr_std": 0.0, "params": 6759.0, "params_std": 0.0, "time_iter": 0.05158, "time_iter_std": 0.0, "accuracy": 0.74537, "accuracy_std": 0.0, "precision": 0.74261, "precision_std": 0.0, "recall": 0.75484, "recall_std": 0.0, "f1": 0.74868, "f1_std": 0.0, "auc": 0.82161, "auc_std": 0.0}
{"epoch": 57, "time_epoch": 6.73759, "time_epoch_std": 0.0, "eta": 364.58373, "eta_std": 0.0, "eta_hours": 0.10127, "eta_hours_std": 0.0, "loss": 0.51319, "loss_std": 0.0, "lr": 0.00039, "lr_std": 0.0, "params": 6759.0, "params_std": 0.0, "time_iter": 0.05223, "time_iter_std": 0.0, "accuracy": 0.74537, "accuracy_std": 0.0, "precision": 0.74401, "precision_std": 0.0, "recall": 0.75194, "recall_std": 0.0, "f1": 0.74795, "f1_std": 0.0, "auc": 0.82408, "auc_std": 0.0}
{"epoch": 58, "time_epoch": 6.52982, "time_epoch_std": 0.0, "eta": 354.40858, "eta_std": 0.0, "eta_hours": 0.09845, "eta_hours_std": 0.0, "loss": 0.50712, "loss_std": 0.0, "lr": 0.00038, "lr_std": 0.0, "params": 6759.0, "params_std": 0.0, "time_iter": 0.05062, "time_iter_std": 0.0, "accuracy": 0.74245, "accuracy_std": 0.0, "precision": 0.7393, "precision_std": 0.0, "recall": 0.75291, "recall_std": 0.0, "f1": 0.74604, "f1_std": 0.0, "auc": 0.83145, "auc_std": 0.0}
{"epoch": 59, "time_epoch": 6.27151, "time_epoch_std": 0.0, "eta": 344.18274, "eta_std": 0.0, "eta_hours": 0.09561, "eta_hours_std": 0.0, "loss": 0.50573, "loss_std": 0.0, "lr": 0.00036, "lr_std": 0.0, "params": 6759.0, "params_std": 0.0, "time_iter": 0.04862, "time_iter_std": 0.0, "accuracy": 0.74684, "accuracy_std": 0.0, "precision": 0.74151, "precision_std": 0.0, "recall": 0.76163, "recall_std": 0.0, "f1": 0.75143, "f1_std": 0.0, "auc": 0.82959, "auc_std": 0.0}
{"epoch": 60, "time_epoch": 6.97383, "time_epoch_std": 0.0, "eta": 334.53557, "eta_std": 0.0, "eta_hours": 0.09293, "eta_hours_std": 0.0, "loss": 0.51228, "loss_std": 0.0, "lr": 0.00035, "lr_std": 0.0, "params": 6759.0, "params_std": 0.0, "time_iter": 0.05406, "time_iter_std": 0.0, "accuracy": 0.74294, "accuracy_std": 0.0, "precision": 0.75301, "precision_std": 0.0, "recall": 0.72674, "recall_std": 0.0, "f1": 0.73964, "f1_std": 0.0, "auc": 0.82799, "auc_std": 0.0}
{"epoch": 61, "time_epoch": 6.20961, "time_epoch_std": 0.0, "eta": 324.50624, "eta_std": 0.0, "eta_hours": 0.09014, "eta_hours_std": 0.0, "loss": 0.51948, "loss_std": 0.0, "lr": 0.00033, "lr_std": 0.0, "params": 6759.0, "params_std": 0.0, "time_iter": 0.04814, "time_iter_std": 0.0, "accuracy": 0.7332, "accuracy_std": 0.0, "precision": 0.73048, "precision_std": 0.0, "recall": 0.74322, "recall_std": 0.0, "f1": 0.73679, "f1_std": 0.0, "auc": 0.82091, "auc_std": 0.0}
{"epoch": 62, "time_epoch": 6.26851, "time_epoch_std": 0.0, "eta": 314.63276, "eta_std": 0.0, "eta_hours": 0.0874, "eta_hours_std": 0.0, "loss": 0.50867, "loss_std": 0.0, "lr": 0.00032, "lr_std": 0.0, "params": 6759.0, "params_std": 0.0, "time_iter": 0.04859, "time_iter_std": 0.0, "accuracy": 0.74245, "accuracy_std": 0.0, "precision": 0.74253, "precision_std": 0.0, "recall": 0.74612, "recall_std": 0.0, "f1": 0.74432, "f1_std": 0.0, "auc": 0.8297, "auc_std": 0.0}
{"epoch": 63, "time_epoch": 5.98522, "time_epoch_std": 0.0, "eta": 304.71259, "eta_std": 0.0, "eta_hours": 0.08464, "eta_hours_std": 0.0, "loss": 0.51424, "loss_std": 0.0, "lr": 0.0003, "lr_std": 0.0, "params": 6759.0, "params_std": 0.0, "time_iter": 0.0464, "time_iter_std": 0.0, "accuracy": 0.74197, "accuracy_std": 0.0, "precision": 0.74275, "precision_std": 0.0, "recall": 0.74419, "recall_std": 0.0, "f1": 0.74347, "f1_std": 0.0, "auc": 0.82564, "auc_std": 0.0}
{"epoch": 64, "time_epoch": 6.26924, "time_epoch_std": 0.0, "eta": 295.06643, "eta_std": 0.0, "eta_hours": 0.08196, "eta_hours_std": 0.0, "loss": 0.51193, "loss_std": 0.0, "lr": 0.00029, "lr_std": 0.0, "params": 6759.0, "params_std": 0.0, "time_iter": 0.0486, "time_iter_std": 0.0, "accuracy": 0.74343, "accuracy_std": 0.0, "precision": 0.74538, "precision_std": 0.0, "recall": 0.74322, "recall_std": 0.0, "f1": 0.7443, "f1_std": 0.0, "auc": 0.82622, "auc_std": 0.0}
{"epoch": 65, "time_epoch": 6.12013, "time_epoch_std": 0.0, "eta": 285.44579, "eta_std": 0.0, "eta_hours": 0.07929, "eta_hours_std": 0.0, "loss": 0.50501, "loss_std": 0.0, "lr": 0.00027, "lr_std": 0.0, "params": 6759.0, "params_std": 0.0, "time_iter": 0.04744, "time_iter_std": 0.0, "accuracy": 0.7483, "accuracy_std": 0.0, "precision": 0.74927, "precision_std": 0.0, "recall": 0.75, "recall_std": 0.0, "f1": 0.74964, "f1_std": 0.0, "auc": 0.83071, "auc_std": 0.0}
{"epoch": 66, "time_epoch": 6.5594, "time_epoch_std": 0.0, "eta": 276.146, "eta_std": 0.0, "eta_hours": 0.07671, "eta_hours_std": 0.0, "loss": 0.50173, "loss_std": 0.0, "lr": 0.00026, "lr_std": 0.0, "params": 6759.0, "params_std": 0.0, "time_iter": 0.05085, "time_iter_std": 0.0, "accuracy": 0.75122, "accuracy_std": 0.0, "precision": 0.75169, "precision_std": 0.0, "recall": 0.75388, "recall_std": 0.0, "f1": 0.75278, "f1_std": 0.0, "auc": 0.83476, "auc_std": 0.0}
{"epoch": 67, "time_epoch": 6.50816, "time_epoch_std": 0.0, "eta": 266.90269, "eta_std": 0.0, "eta_hours": 0.07414, "eta_hours_std": 0.0, "loss": 0.50604, "loss_std": 0.0, "lr": 0.00025, "lr_std": 0.0, "params": 6759.0, "params_std": 0.0, "time_iter": 0.05045, "time_iter_std": 0.0, "accuracy": 0.75365, "accuracy_std": 0.0, "precision": 0.74953, "precision_std": 0.0, "recall": 0.7655, "recall_std": 0.0, "f1": 0.75743, "f1_std": 0.0, "auc": 0.83166, "auc_std": 0.0}
{"epoch": 68, "time_epoch": 6.29655, "time_epoch_std": 0.0, "eta": 257.64359, "eta_std": 0.0, "eta_hours": 0.07157, "eta_hours_std": 0.0, "loss": 0.50792, "loss_std": 0.0, "lr": 0.00023, "lr_std": 0.0, "params": 6759.0, "params_std": 0.0, "time_iter": 0.04881, "time_iter_std": 0.0, "accuracy": 0.74148, "accuracy_std": 0.0, "precision": 0.73789, "precision_std": 0.0, "recall": 0.75291, "recall_std": 0.0, "f1": 0.74532, "f1_std": 0.0, "auc": 0.82819, "auc_std": 0.0}
{"epoch": 69, "time_epoch": 6.90935, "time_epoch_std": 0.0, "eta": 248.73176, "eta_std": 0.0, "eta_hours": 0.06909, "eta_hours_std": 0.0, "loss": 0.51028, "loss_std": 0.0, "lr": 0.00022, "lr_std": 0.0, "params": 6759.0, "params_std": 0.0, "time_iter": 0.05356, "time_iter_std": 0.0, "accuracy": 0.75073, "accuracy_std": 0.0, "precision": 0.74575, "precision_std": 0.0, "recall": 0.76453, "recall_std": 0.0, "f1": 0.75502, "f1_std": 0.0, "auc": 0.8295, "auc_std": 0.0}
{"epoch": 70, "time_epoch": 6.43579, "time_epoch_std": 0.0, "eta": 239.68292, "eta_std": 0.0, "eta_hours": 0.06658, "eta_hours_std": 0.0, "loss": 0.49385, "loss_std": 0.0, "lr": 0.00021, "lr_std": 0.0, "params": 6759.0, "params_std": 0.0, "time_iter": 0.04989, "time_iter_std": 0.0, "accuracy": 0.75609, "accuracy_std": 0.0, "precision": 0.75214, "precision_std": 0.0, "recall": 0.76744, "recall_std": 0.0, "f1": 0.75971, "f1_std": 0.0, "auc": 0.84054, "auc_std": 0.0}
{"epoch": 71, "time_epoch": 5.988, "time_epoch_std": 0.0, "eta": 230.53252, "eta_std": 0.0, "eta_hours": 0.06404, "eta_hours_std": 0.0, "loss": 0.50661, "loss_std": 0.0, "lr": 0.00019, "lr_std": 0.0, "params": 6759.0, "params_std": 0.0, "time_iter": 0.04642, "time_iter_std": 0.0, "accuracy": 0.75414, "accuracy_std": 0.0, "precision": 0.75607, "precision_std": 0.0, "recall": 0.75388, "recall_std": 0.0, "f1": 0.75497, "f1_std": 0.0, "auc": 0.83047, "auc_std": 0.0}
{"epoch": 72, "time_epoch": 6.65024, "time_epoch_std": 0.0, "eta": 221.7137, "eta_std": 0.0, "eta_hours": 0.06159, "eta_hours_std": 0.0, "loss": 0.50307, "loss_std": 0.0, "lr": 0.00018, "lr_std": 0.0, "params": 6759.0, "params_std": 0.0, "time_iter": 0.05155, "time_iter_std": 0.0, "accuracy": 0.75463, "accuracy_std": 0.0, "precision": 0.75385, "precision_std": 0.0, "recall": 0.75969, "recall_std": 0.0, "f1": 0.75676, "f1_std": 0.0, "auc": 0.83297, "auc_std": 0.0}
{"epoch": 73, "time_epoch": 6.13777, "time_epoch_std": 0.0, "eta": 212.77343, "eta_std": 0.0, "eta_hours": 0.0591, "eta_hours_std": 0.0, "loss": 0.50788, "loss_std": 0.0, "lr": 0.00017, "lr_std": 0.0, "params": 6759.0, "params_std": 0.0, "time_iter": 0.04758, "time_iter_std": 0.0, "accuracy": 0.74732, "accuracy_std": 0.0, "precision": 0.74499, "precision_std": 0.0, "recall": 0.75581, "recall_std": 0.0, "f1": 0.75036, "f1_std": 0.0, "auc": 0.82979, "auc_std": 0.0}
{"epoch": 74, "time_epoch": 6.53898, "time_epoch_std": 0.0, "eta": 204.04163, "eta_std": 0.0, "eta_hours": 0.05668, "eta_hours_std": 0.0, "loss": 0.50204, "loss_std": 0.0, "lr": 0.00016, "lr_std": 0.0, "params": 6759.0, "params_std": 0.0, "time_iter": 0.05069, "time_iter_std": 0.0, "accuracy": 0.7556, "accuracy_std": 0.0, "precision": 0.76134, "precision_std": 0.0, "recall": 0.74806, "recall_std": 0.0, "f1": 0.75464, "f1_std": 0.0, "auc": 0.8363, "auc_std": 0.0}
{"epoch": 75, "time_epoch": 6.60152, "time_epoch_std": 0.0, "eta": 195.38729, "eta_std": 0.0, "eta_hours": 0.05427, "eta_hours_std": 0.0, "loss": 0.50535, "loss_std": 0.0, "lr": 0.00015, "lr_std": 0.0, "params": 6759.0, "params_std": 0.0, "time_iter": 0.05117, "time_iter_std": 0.0, "accuracy": 0.74781, "accuracy_std": 0.0, "precision": 0.74064, "precision_std": 0.0, "recall": 0.76647, "recall_std": 0.0, "f1": 0.75333, "f1_std": 0.0, "auc": 0.83225, "auc_std": 0.0}
{"epoch": 76, "time_epoch": 6.72753, "time_epoch_std": 0.0, "eta": 186.82391, "eta_std": 0.0, "eta_hours": 0.0519, "eta_hours_std": 0.0, "loss": 0.51342, "loss_std": 0.0, "lr": 0.00014, "lr_std": 0.0, "params": 6759.0, "params_std": 0.0, "time_iter": 0.05215, "time_iter_std": 0.0, "accuracy": 0.74635, "accuracy_std": 0.0, "precision": 0.7431, "precision_std": 0.0, "recall": 0.75678, "recall_std": 0.0, "f1": 0.74988, "f1_std": 0.0, "auc": 0.82649, "auc_std": 0.0}
{"epoch": 77, "time_epoch": 7.05727, "time_epoch_std": 0.0, "eta": 178.4006, "eta_std": 0.0, "eta_hours": 0.04956, "eta_hours_std": 0.0, "loss": 0.50278, "loss_std": 0.0, "lr": 0.00012, "lr_std": 0.0, "params": 6759.0, "params_std": 0.0, "time_iter": 0.05471, "time_iter_std": 0.0, "accuracy": 0.75268, "accuracy_std": 0.0, "precision": 0.75241, "precision_std": 0.0, "recall": 0.75678, "recall_std": 0.0, "f1": 0.75459, "f1_std": 0.0, "auc": 0.83449, "auc_std": 0.0}
{"epoch": 78, "time_epoch": 6.70072, "time_epoch_std": 0.0, "eta": 169.9171, "eta_std": 0.0, "eta_hours": 0.0472, "eta_hours_std": 0.0, "loss": 0.50679, "loss_std": 0.0, "lr": 0.00011, "lr_std": 0.0, "params": 6759.0, "params_std": 0.0, "time_iter": 0.05194, "time_iter_std": 0.0, "accuracy": 0.75511, "accuracy_std": 0.0, "precision": 0.75024, "precision_std": 0.0, "recall": 0.76841, "recall_std": 0.0, "f1": 0.75921, "f1_std": 0.0, "auc": 0.83169, "auc_std": 0.0}
{"epoch": 79, "time_epoch": 6.96317, "time_epoch_std": 0.0, "eta": 161.54378, "eta_std": 0.0, "eta_hours": 0.04487, "eta_hours_std": 0.0, "loss": 0.5024, "loss_std": 0.0, "lr": 0.0001, "lr_std": 0.0, "params": 6759.0, "params_std": 0.0, "time_iter": 0.05398, "time_iter_std": 0.0, "accuracy": 0.75316, "accuracy_std": 0.0, "precision": 0.75313, "precision_std": 0.0, "recall": 0.75678, "recall_std": 0.0, "f1": 0.75495, "f1_std": 0.0, "auc": 0.834, "auc_std": 0.0}
{"epoch": 80, "time_epoch": 7.02785, "time_epoch_std": 0.0, "eta": 153.22045, "eta_std": 0.0, "eta_hours": 0.04256, "eta_hours_std": 0.0, "loss": 0.50199, "loss_std": 0.0, "lr": 0.0001, "lr_std": 0.0, "params": 6759.0, "params_std": 0.0, "time_iter": 0.05448, "time_iter_std": 0.0, "accuracy": 0.75706, "accuracy_std": 0.0, "precision": 0.75023, "precision_std": 0.0, "recall": 0.77422, "recall_std": 0.0, "f1": 0.76204, "f1_std": 0.0, "auc": 0.83551, "auc_std": 0.0}
{"epoch": 81, "time_epoch": 6.4643, "time_epoch_std": 0.0, "eta": 144.80501, "eta_std": 0.0, "eta_hours": 0.04022, "eta_hours_std": 0.0, "loss": 0.51103, "loss_std": 0.0, "lr": 9e-05, "lr_std": 0.0, "params": 6759.0, "params_std": 0.0, "time_iter": 0.05011, "time_iter_std": 0.0, "accuracy": 0.74391, "accuracy_std": 0.0, "precision": 0.7428, "precision_std": 0.0, "recall": 0.75, "recall_std": 0.0, "f1": 0.74638, "f1_std": 0.0, "auc": 0.82795, "auc_std": 0.0}
{"epoch": 82, "time_epoch": 6.24214, "time_epoch_std": 0.0, "eta": 136.39108, "eta_std": 0.0, "eta_hours": 0.03789, "eta_hours_std": 0.0, "loss": 0.50996, "loss_std": 0.0, "lr": 8e-05, "lr_std": 0.0, "params": 6759.0, "params_std": 0.0, "time_iter": 0.04839, "time_iter_std": 0.0, "accuracy": 0.74586, "accuracy_std": 0.0, "precision": 0.75, "precision_std": 0.0, "recall": 0.74128, "recall_std": 0.0, "f1": 0.74561, "f1_std": 0.0, "auc": 0.82866, "auc_std": 0.0}
{"epoch": 83, "time_epoch": 6.7777, "time_epoch_std": 0.0, "eta": 128.13088, "eta_std": 0.0, "eta_hours": 0.03559, "eta_hours_std": 0.0, "loss": 0.4964, "loss_std": 0.0, "lr": 7e-05, "lr_std": 0.0, "params": 6759.0, "params_std": 0.0, "time_iter": 0.05254, "time_iter_std": 0.0, "accuracy": 0.75073, "accuracy_std": 0.0, "precision": 0.74575, "precision_std": 0.0, "recall": 0.76453, "recall_std": 0.0, "f1": 0.75502, "f1_std": 0.0, "auc": 0.8379, "auc_std": 0.0}
{"epoch": 84, "time_epoch": 6.31217, "time_epoch_std": 0.0, "eta": 119.8234, "eta_std": 0.0, "eta_hours": 0.03328, "eta_hours_std": 0.0, "loss": 0.4981, "loss_std": 0.0, "lr": 6e-05, "lr_std": 0.0, "params": 6759.0, "params_std": 0.0, "time_iter": 0.04893, "time_iter_std": 0.0, "accuracy": 0.76095, "accuracy_std": 0.0, "precision": 0.76085, "precision_std": 0.0, "recall": 0.76453, "recall_std": 0.0, "f1": 0.76269, "f1_std": 0.0, "auc": 0.83811, "auc_std": 0.0}
{"epoch": 85, "time_epoch": 6.30803, "time_epoch_std": 0.0, "eta": 111.56165, "eta_std": 0.0, "eta_hours": 0.03099, "eta_hours_std": 0.0, "loss": 0.50102, "loss_std": 0.0, "lr": 5e-05, "lr_std": 0.0, "params": 6759.0, "params_std": 0.0, "time_iter": 0.0489, "time_iter_std": 0.0, "accuracy": 0.76241, "accuracy_std": 0.0, "precision": 0.75232, "precision_std": 0.0, "recall": 0.78585, "recall_std": 0.0, "f1": 0.76872, "f1_std": 0.0, "auc": 0.83717, "auc_std": 0.0}
{"epoch": 86, "time_epoch": 6.68697, "time_epoch_std": 0.0, "eta": 103.40144, "eta_std": 0.0, "eta_hours": 0.02872, "eta_hours_std": 0.0, "loss": 0.49294, "loss_std": 0.0, "lr": 5e-05, "lr_std": 0.0, "params": 6759.0, "params_std": 0.0, "time_iter": 0.05184, "time_iter_std": 0.0, "accuracy": 0.75901, "accuracy_std": 0.0, "precision": 0.75842, "precision_std": 0.0, "recall": 0.76357, "recall_std": 0.0, "f1": 0.76099, "f1_std": 0.0, "auc": 0.84224, "auc_std": 0.0}
{"epoch": 87, "time_epoch": 7.11312, "time_epoch_std": 0.0, "eta": 95.33283, "eta_std": 0.0, "eta_hours": 0.02648, "eta_hours_std": 0.0, "loss": 0.50102, "loss_std": 0.0, "lr": 4e-05, "lr_std": 0.0, "params": 6759.0, "params_std": 0.0, "time_iter": 0.05514, "time_iter_std": 0.0, "accuracy": 0.76047, "accuracy_std": 0.0, "precision": 0.75424, "precision_std": 0.0, "recall": 0.77616, "recall_std": 0.0, "f1": 0.76504, "f1_std": 0.0, "auc": 0.83569, "auc_std": 0.0}
{"epoch": 88, "time_epoch": 6.4578, "time_epoch_std": 0.0, "eta": 87.20469, "eta_std": 0.0, "eta_hours": 0.02422, "eta_hours_std": 0.0, "loss": 0.50372, "loss_std": 0.0, "lr": 4e-05, "lr_std": 0.0, "params": 6759.0, "params_std": 0.0, "time_iter": 0.05006, "time_iter_std": 0.0, "accuracy": 0.75219, "accuracy_std": 0.0, "precision": 0.74416, "precision_std": 0.0, "recall": 0.77229, "recall_std": 0.0, "f1": 0.75796, "f1_std": 0.0, "auc": 0.83469, "auc_std": 0.0}
{"epoch": 89, "time_epoch": 6.75249, "time_epoch_std": 0.0, "eta": 79.14641, "eta_std": 0.0, "eta_hours": 0.02199, "eta_hours_std": 0.0, "loss": 0.50322, "loss_std": 0.0, "lr": 3e-05, "lr_std": 0.0, "params": 6759.0, "params_std": 0.0, "time_iter": 0.05234, "time_iter_std": 0.0, "accuracy": 0.75755, "accuracy_std": 0.0, "precision": 0.74953, "precision_std": 0.0, "recall": 0.77713, "recall_std": 0.0, "f1": 0.76308, "f1_std": 0.0, "auc": 0.83337, "auc_std": 0.0}
{"epoch": 90, "time_epoch": 6.50081, "time_epoch_std": 0.0, "eta": 71.09194, "eta_std": 0.0, "eta_hours": 0.01975, "eta_hours_std": 0.0, "loss": 0.50144, "loss_std": 0.0, "lr": 2e-05, "lr_std": 0.0, "params": 6759.0, "params_std": 0.0, "time_iter": 0.05039, "time_iter_std": 0.0, "accuracy": 0.75268, "accuracy_std": 0.0, "precision": 0.74125, "precision_std": 0.0, "recall": 0.78004, "recall_std": 0.0, "f1": 0.76015, "f1_std": 0.0, "auc": 0.83501, "auc_std": 0.0}
{"epoch": 91, "time_epoch": 7.48175, "time_epoch_std": 0.0, "eta": 63.15654, "eta_std": 0.0, "eta_hours": 0.01754, "eta_hours_std": 0.0, "loss": 0.49818, "loss_std": 0.0, "lr": 2e-05, "lr_std": 0.0, "params": 6759.0, "params_std": 0.0, "time_iter": 0.058, "time_iter_std": 0.0, "accuracy": 0.75219, "accuracy_std": 0.0, "precision": 0.7512, "precision_std": 0.0, "recall": 0.75775, "recall_std": 0.0, "f1": 0.75446, "f1_std": 0.0, "auc": 0.83541, "auc_std": 0.0}
{"epoch": 92, "time_epoch": 6.36596, "time_epoch_std": 0.0, "eta": 55.14692, "eta_std": 0.0, "eta_hours": 0.01532, "eta_hours_std": 0.0, "loss": 0.49918, "loss_std": 0.0, "lr": 2e-05, "lr_std": 0.0, "params": 6759.0, "params_std": 0.0, "time_iter": 0.04935, "time_iter_std": 0.0, "accuracy": 0.76193, "accuracy_std": 0.0, "precision": 0.76081, "precision_std": 0.0, "recall": 0.76744, "recall_std": 0.0, "f1": 0.76411, "f1_std": 0.0, "auc": 0.83767, "auc_std": 0.0}
{"epoch": 93, "time_epoch": 6.72092, "time_epoch_std": 0.0, "eta": 47.19492, "eta_std": 0.0, "eta_hours": 0.01311, "eta_hours_std": 0.0, "loss": 0.50278, "loss_std": 0.0, "lr": 1e-05, "lr_std": 0.0, "params": 6759.0, "params_std": 0.0, "time_iter": 0.0521, "time_iter_std": 0.0, "accuracy": 0.75268, "accuracy_std": 0.0, "precision": 0.74858, "precision_std": 0.0, "recall": 0.76453, "recall_std": 0.0, "f1": 0.75647, "f1_std": 0.0, "auc": 0.83462, "auc_std": 0.0}
{"epoch": 94, "time_epoch": 6.25234, "time_epoch_std": 0.0, "eta": 39.24418, "eta_std": 0.0, "eta_hours": 0.0109, "eta_hours_std": 0.0, "loss": 0.49887, "loss_std": 0.0, "lr": 1e-05, "lr_std": 0.0, "params": 6759.0, "params_std": 0.0, "time_iter": 0.04847, "time_iter_std": 0.0, "accuracy": 0.7556, "accuracy_std": 0.0, "precision": 0.75383, "precision_std": 0.0, "recall": 0.7626, "recall_std": 0.0, "f1": 0.75819, "f1_std": 0.0, "auc": 0.8385, "auc_std": 0.0}
{"epoch": 95, "time_epoch": 5.9557, "time_epoch_std": 0.0, "eta": 31.31646, "eta_std": 0.0, "eta_hours": 0.0087, "eta_hours_std": 0.0, "loss": 0.49943, "loss_std": 0.0, "lr": 1e-05, "lr_std": 0.0, "params": 6759.0, "params_std": 0.0, "time_iter": 0.04617, "time_iter_std": 0.0, "accuracy": 0.75414, "accuracy_std": 0.0, "precision": 0.74835, "precision_std": 0.0, "recall": 0.76938, "recall_std": 0.0, "f1": 0.75872, "f1_std": 0.0, "auc": 0.83734, "auc_std": 0.0}
{"epoch": 96, "time_epoch": 5.70792, "time_epoch_std": 0.0, "eta": 23.42174, "eta_std": 0.0, "eta_hours": 0.00651, "eta_hours_std": 0.0, "loss": 0.50655, "loss_std": 0.0, "lr": 0.0, "lr_std": 0.0, "params": 6759.0, "params_std": 0.0, "time_iter": 0.04425, "time_iter_std": 0.0, "accuracy": 0.74927, "accuracy_std": 0.0, "precision": 0.7441, "precision_std": 0.0, "recall": 0.76357, "recall_std": 0.0, "f1": 0.75371, "f1_std": 0.0, "auc": 0.83004, "auc_std": 0.0}
{"epoch": 97, "time_epoch": 5.88309, "time_epoch_std": 0.0, "eta": 15.57523, "eta_std": 0.0, "eta_hours": 0.00433, "eta_hours_std": 0.0, "loss": 0.5041, "loss_std": 0.0, "lr": 0.0, "lr_std": 0.0, "params": 6759.0, "params_std": 0.0, "time_iter": 0.04561, "time_iter_std": 0.0, "accuracy": 0.75365, "accuracy_std": 0.0, "precision": 0.75337, "precision_std": 0.0, "recall": 0.75775, "recall_std": 0.0, "f1": 0.75556, "f1_std": 0.0, "auc": 0.83386, "auc_std": 0.0}
{"epoch": 98, "time_epoch": 7.25316, "time_epoch_std": 0.0, "eta": 7.78222, "eta_std": 0.0, "eta_hours": 0.00216, "eta_hours_std": 0.0, "loss": 0.49521, "loss_std": 0.0, "lr": 0.0, "lr_std": 0.0, "params": 6759.0, "params_std": 0.0, "time_iter": 0.05623, "time_iter_std": 0.0, "accuracy": 0.76485, "accuracy_std": 0.0, "precision": 0.76268, "precision_std": 0.0, "recall": 0.77229, "recall_std": 0.0, "f1": 0.76745, "f1_std": 0.0, "auc": 0.84105, "auc_std": 0.0}
{"epoch": 99, "time_epoch": 6.39557, "time_epoch_std": 0.0, "eta": 0.0, "eta_std": 0.0, "eta_hours": 0.0, "eta_hours_std": 0.0, "loss": 0.49867, "loss_std": 0.0, "lr": 0.0, "lr_std": 0.0, "params": 6759.0, "params_std": 0.0, "time_iter": 0.04958, "time_iter_std": 0.0, "accuracy": 0.75316, "accuracy_std": 0.0, "precision": 0.74929, "precision_std": 0.0, "recall": 0.76453, "recall_std": 0.0, "f1": 0.75683, "f1_std": 0.0, "auc": 0.8364, "auc_std": 0.0}
