{"epoch": 0, "time_epoch": 35.37427, "eta": 3502.05273, "eta_hours": 0.97279, "loss": 0.67920501, "lr": 0.001, "params": 6697, "time_iter": 0.24064, "accuracy": 0.58673, "precision": 0.0, "recall": 0.0, "f1": 0.0, "auc": 0.47925}
{"epoch": 1, "time_epoch": 10.13077, "eta": 2229.74684, "eta_hours": 0.61937, "loss": 0.63978454, "lr": 0.00099975, "params": 6697, "time_iter": 0.06892, "accuracy": 0.64286, "precision": 0.68966, "recall": 0.24691, "f1": 0.36364, "auc": 0.67576}
{"epoch": 2, "time_epoch": 9.85738, "eta": 1790.05153, "eta_hours": 0.49724, "loss": 0.60841076, "lr": 0.00099901, "params": 6697, "time_iter": 0.06706, "accuracy": 0.70238, "precision": 0.68681, "recall": 0.5144, "f1": 0.58824, "auc": 0.71319}
{"epoch": 3, "time_epoch": 9.4624, "eta": 1555.79557, "eta_hours": 0.43217, "loss": 0.57959087, "lr": 0.00099778, "params": 6697, "time_iter": 0.06437, "accuracy": 0.71259, "precision": 0.71512, "recall": 0.50617, "f1": 0.59277, "auc": 0.73426}
{"epoch": 4, "time_epoch": 9.45222, "eta": 1411.26364, "eta_hours": 0.39202, "loss": 0.60110371, "lr": 0.00099606, "params": 6697, "time_iter": 0.0643, "accuracy": 0.69218, "precision": 0.69375, "recall": 0.45679, "f1": 0.55087, "auc": 0.71523}
{"epoch": 5, "time_epoch": 9.45189, "eta": 1311.75321, "eta_hours": 0.36438, "loss": 0.56996432, "lr": 0.00099384, "params": 6697, "time_iter": 0.0643, "accuracy": 0.70918, "precision": 0.69149, "recall": 0.53498, "f1": 0.60325, "auc": 0.78029}
{"epoch": 6, "time_epoch": 9.46889, "eta": 1238.19956, "eta_hours": 0.34394, "loss": 0.57300499, "lr": 0.00099114, "params": 6697, "time_iter": 0.06441, "accuracy": 0.7551, "precision": 0.76757, "recall": 0.58436, "f1": 0.66355, "auc": 0.78825}
{"epoch": 7, "time_epoch": 9.45075, "eta": 1180.45856, "eta_hours": 0.32791, "loss": 0.57634982, "lr": 0.00098796, "params": 6697, "time_iter": 0.06429, "accuracy": 0.72959, "precision": 0.70388, "recall": 0.59671, "f1": 0.64588, "auc": 0.79501}
{"epoch": 8, "time_epoch": 9.47611, "eta": 1133.70505, "eta_hours": 0.31492, "loss": 0.56858987, "lr": 0.00098429, "params": 6697, "time_iter": 0.06446, "accuracy": 0.7517, "precision": 0.72986, "recall": 0.63374, "f1": 0.67841, "auc": 0.80784}
{"epoch": 9, "time_epoch": 9.47393, "eta": 1094.38749, "eta_hours": 0.304, "loss": 0.57758122, "lr": 0.00098015, "params": 6697, "time_iter": 0.06445, "accuracy": 0.71599, "precision": 0.7043, "recall": 0.53909, "f1": 0.61072, "auc": 0.77174}
{"epoch": 10, "time_epoch": 9.44521, "eta": 1060.26362, "eta_hours": 0.29452, "loss": 0.55882649, "lr": 0.00097553, "params": 6697, "time_iter": 0.06425, "accuracy": 0.7534, "precision": 0.74257, "recall": 0.61728, "f1": 0.67416, "auc": 0.79165}
{"epoch": 11, "time_epoch": 9.44286, "eta": 1030.23567, "eta_hours": 0.28618, "loss": 0.55965017, "lr": 0.00097044, "params": 6697, "time_iter": 0.06424, "accuracy": 0.72619, "precision": 0.71579, "recall": 0.55967, "f1": 0.62818, "auc": 0.79104}
{"epoch": 12, "time_epoch": 9.44618, "eta": 1003.39684, "eta_hours": 0.27872, "loss": 0.56223594, "lr": 0.00096489, "params": 6697, "time_iter": 0.06426, "accuracy": 0.72789, "precision": 0.69668, "recall": 0.60494, "f1": 0.64758, "auc": 0.78471}
{"epoch": 13, "time_epoch": 9.41831, "eta": 978.87148, "eta_hours": 0.27191, "loss": 0.55238973, "lr": 0.00095888, "params": 6697, "time_iter": 0.06407, "accuracy": 0.72449, "precision": 0.71204, "recall": 0.55967, "f1": 0.62673, "auc": 0.78732}
{"epoch": 14, "time_epoch": 9.38864, "eta": 956.19228, "eta_hours": 0.26561, "loss": 0.55021597, "lr": 0.00095241, "params": 6697, "time_iter": 0.06387, "accuracy": 0.7398, "precision": 0.72959, "recall": 0.58848, "f1": 0.65148, "auc": 0.795}
{"epoch": 15, "time_epoch": 9.44782, "eta": 935.4851, "eta_hours": 0.25986, "loss": 0.58194163, "lr": 0.0009455, "params": 6697, "time_iter": 0.06427, "accuracy": 0.73129, "precision": 0.71574, "recall": 0.58025, "f1": 0.64091, "auc": 0.76515}
{"epoch": 16, "time_epoch": 9.42768, "eta": 916.00421, "eta_hours": 0.25445, "loss": 0.58006306, "lr": 0.00093815, "params": 6697, "time_iter": 0.06413, "accuracy": 0.72279, "precision": 0.70833, "recall": 0.55967, "f1": 0.62529, "auc": 0.77805}
{"epoch": 17, "time_epoch": 9.44055, "eta": 897.69894, "eta_hours": 0.24936, "loss": 0.53386204, "lr": 0.00093037, "params": 6697, "time_iter": 0.06422, "accuracy": 0.76361, "precision": 0.75743, "recall": 0.62963, "f1": 0.68764, "auc": 0.79948}
{"epoch": 18, "time_epoch": 9.46727, "eta": 880.44072, "eta_hours": 0.24457, "loss": 0.54543351, "lr": 0.00092216, "params": 6697, "time_iter": 0.0644, "accuracy": 0.71769, "precision": 0.70588, "recall": 0.54321, "f1": 0.61395, "auc": 0.79686}
{"epoch": 19, "time_epoch": 9.32993, "eta": 863.41224, "eta_hours": 0.23984, "loss": 0.56750707, "lr": 0.00091354, "params": 6697, "time_iter": 0.06347, "accuracy": 0.72279, "precision": 0.69417, "recall": 0.58848, "f1": 0.63697, "auc": 0.78408}
{"epoch": 20, "time_epoch": 9.31079, "eta": 847.04498, "eta_hours": 0.23529, "loss": 0.54909673, "lr": 0.00090451, "params": 6697, "time_iter": 0.06334, "accuracy": 0.72789, "precision": 0.72193, "recall": 0.55556, "f1": 0.62791, "auc": 0.79647}
{"epoch": 21, "time_epoch": 9.31789, "eta": 831.34438, "eta_hours": 0.23093, "loss": 0.53670516, "lr": 0.00089508, "params": 6697, "time_iter": 0.06339, "accuracy": 0.72789, "precision": 0.71282, "recall": 0.57202, "f1": 0.6347, "auc": 0.80144}
{"epoch": 22, "time_epoch": 9.45683, "eta": 816.66395, "eta_hours": 0.22685, "loss": 0.54946606, "lr": 0.00088526, "params": 6697, "time_iter": 0.06433, "accuracy": 0.73639, "precision": 0.71359, "recall": 0.60494, "f1": 0.65479, "auc": 0.79173}
{"epoch": 23, "time_epoch": 9.32249, "eta": 801.9934, "eta_hours": 0.22278, "loss": 0.55345346, "lr": 0.00087506, "params": 6697, "time_iter": 0.06342, "accuracy": 0.7398, "precision": 0.72959, "recall": 0.58848, "f1": 0.65148, "auc": 0.79646}
{"epoch": 24, "time_epoch": 9.41162, "eta": 788.0181, "eta_hours": 0.21889, "loss": 0.54231301, "lr": 0.00086448, "params": 6697, "time_iter": 0.06402, "accuracy": 0.7602, "precision": 0.76562, "recall": 0.60494, "f1": 0.67586, "auc": 0.81498}
{"epoch": 25, "time_epoch": 9.38635, "eta": 774.32192, "eta_hours": 0.21509, "loss": 0.53103845, "lr": 0.00085355, "params": 6697, "time_iter": 0.06385, "accuracy": 0.7449, "precision": 0.73134, "recall": 0.60494, "f1": 0.66216, "auc": 0.80887}
{"epoch": 26, "time_epoch": 9.4178, "eta": 761.03, "eta_hours": 0.2114, "loss": 0.5288316, "lr": 0.00084227, "params": 6697, "time_iter": 0.06407, "accuracy": 0.7466, "precision": 0.7398, "recall": 0.59671, "f1": 0.66059, "auc": 0.80404}
{"epoch": 27, "time_epoch": 9.42686, "eta": 748.03811, "eta_hours": 0.20779, "loss": 0.54470204, "lr": 0.00083066, "params": 6697, "time_iter": 0.06413, "accuracy": 0.7449, "precision": 0.73367, "recall": 0.60082, "f1": 0.66063, "auc": 0.80846}
{"epoch": 28, "time_epoch": 9.43467, "eta": 735.31121, "eta_hours": 0.20425, "loss": 0.55466295, "lr": 0.00081871, "params": 6697, "time_iter": 0.06418, "accuracy": 0.7449, "precision": 0.73604, "recall": 0.59671, "f1": 0.65909, "auc": 0.81144}
{"epoch": 29, "time_epoch": 9.93728, "eta": 723.97654, "eta_hours": 0.2011, "loss": 0.55367062, "lr": 0.00080645, "params": 6697, "time_iter": 0.0676, "accuracy": 0.7619, "precision": 0.75622, "recall": 0.62551, "f1": 0.68468, "auc": 0.81447}
{"epoch": 30, "time_epoch": 9.17864, "eta": 711.04345, "eta_hours": 0.19751, "loss": 0.55391473, "lr": 0.00079389, "params": 6697, "time_iter": 0.06244, "accuracy": 0.7517, "precision": 0.74129, "recall": 0.61317, "f1": 0.67117, "auc": 0.79447}
{"epoch": 31, "time_epoch": 9.94467, "eta": 699.97282, "eta_hours": 0.19444, "loss": 0.5535992, "lr": 0.00078104, "params": 6697, "time_iter": 0.06765, "accuracy": 0.73469, "precision": 0.75145, "recall": 0.53498, "f1": 0.625, "auc": 0.78769}
{"epoch": 32, "time_epoch": 9.94748, "eta": 688.97614, "eta_hours": 0.19138, "loss": 0.53563924, "lr": 0.00076791, "params": 6697, "time_iter": 0.06767, "accuracy": 0.7517, "precision": 0.75936, "recall": 0.58436, "f1": 0.66047, "auc": 0.8085}
{"epoch": 33, "time_epoch": 9.9543, "eta": 678.05442, "eta_hours": 0.18835, "loss": 0.55160999, "lr": 0.00075452, "params": 6697, "time_iter": 0.06772, "accuracy": 0.7551, "precision": 0.74627, "recall": 0.61728, "f1": 0.67568, "auc": 0.80576}
{"epoch": 34, "time_epoch": 9.1628, "eta": 665.71804, "eta_hours": 0.18492, "loss": 0.53931672, "lr": 0.00074088, "params": 6697, "time_iter": 0.06233, "accuracy": 0.77211, "precision": 0.75829, "recall": 0.65844, "f1": 0.70485, "auc": 0.82438}
{"epoch": 35, "time_epoch": 9.39859, "eta": 653.97715, "eta_hours": 0.18166, "loss": 0.55566885, "lr": 0.000727, "params": 6697, "time_iter": 0.06394, "accuracy": 0.7517, "precision": 0.73206, "recall": 0.62963, "f1": 0.67699, "auc": 0.81336}
{"epoch": 36, "time_epoch": 9.56942, "eta": 642.65375, "eta_hours": 0.17851, "loss": 0.53384057, "lr": 0.00071289, "params": 6697, "time_iter": 0.0651, "accuracy": 0.76361, "precision": 0.74299, "recall": 0.65432, "f1": 0.69584, "auc": 0.81787}
{"epoch": 37, "time_epoch": 9.52417, "eta": 631.34883, "eta_hours": 0.17537, "loss": 0.5402955, "lr": 0.00069857, "params": 6697, "time_iter": 0.06479, "accuracy": 0.7415, "precision": 0.72864, "recall": 0.59671, "f1": 0.65611, "auc": 0.81707}
{"epoch": 38, "time_epoch": 9.57165, "eta": 620.2095, "eta_hours": 0.17228, "loss": 0.54721202, "lr": 0.00068406, "params": 6697, "time_iter": 0.06511, "accuracy": 0.73639, "precision": 0.73158, "recall": 0.57202, "f1": 0.64203, "auc": 0.81454}
{"epoch": 39, "time_epoch": 9.56714, "eta": 609.14179, "eta_hours": 0.16921, "loss": 0.57254347, "lr": 0.00066937, "params": 6697, "time_iter": 0.06508, "accuracy": 0.7483, "precision": 0.74112, "recall": 0.60082, "f1": 0.66364, "auc": 0.83066}
{"epoch": 40, "time_epoch": 9.57445, "eta": 598.15779, "eta_hours": 0.16615, "loss": 0.55604325, "lr": 0.00065451, "params": 6697, "time_iter": 0.06513, "accuracy": 0.76871, "precision": 0.77157, "recall": 0.62551, "f1": 0.69091, "auc": 0.82715}
{"epoch": 41, "time_epoch": 9.53388, "eta": 587.18489, "eta_hours": 0.16311, "loss": 0.54305876, "lr": 0.0006395, "params": 6697, "time_iter": 0.06486, "accuracy": 0.76361, "precision": 0.74762, "recall": 0.64609, "f1": 0.69316, "auc": 0.82789}
{"epoch": 42, "time_epoch": 9.43573, "eta": 576.14881, "eta_hours": 0.16004, "loss": 0.54749975, "lr": 0.00062434, "params": 6697, "time_iter": 0.06419, "accuracy": 0.7483, "precision": 0.73399, "recall": 0.61317, "f1": 0.66816, "auc": 0.8079}
{"epoch": 43, "time_epoch": 9.56184, "eta": 565.34599, "eta_hours": 0.15704, "loss": 0.60600974, "lr": 0.00060907, "params": 6697, "time_iter": 0.06505, "accuracy": 0.72789, "precision": 0.72193, "recall": 0.55556, "f1": 0.62791, "auc": 0.77583}
{"epoch": 44, "time_epoch": 9.54455, "eta": 554.57718, "eta_hours": 0.15405, "loss": 0.59332346, "lr": 0.00059369, "params": 6697, "time_iter": 0.06493, "accuracy": 0.72959, "precision": 0.74419, "recall": 0.52675, "f1": 0.61687, "auc": 0.77748}
{"epoch": 45, "time_epoch": 9.58558, "eta": 543.90977, "eta_hours": 0.15109, "loss": 0.53044662, "lr": 0.00057822, "params": 6697, "time_iter": 0.06521, "accuracy": 0.7551, "precision": 0.75648, "recall": 0.60082, "f1": 0.66972, "auc": 0.81668}
{"epoch": 46, "time_epoch": 9.67907, "eta": 533.39382, "eta_hours": 0.14816, "loss": 0.52812581, "lr": 0.00056267, "params": 6697, "time_iter": 0.06584, "accuracy": 0.76871, "precision": 0.7772, "recall": 0.61728, "f1": 0.68807, "auc": 0.823}
{"epoch": 47, "time_epoch": 9.5735, "eta": 522.79837, "eta_hours": 0.14522, "loss": 0.56053804, "lr": 0.00054705, "params": 6697, "time_iter": 0.06513, "accuracy": 0.7415, "precision": 0.7177, "recall": 0.61728, "f1": 0.66372, "auc": 0.80316}
{"epoch": 48, "time_epoch": 9.57047, "eta": 512.24149, "eta_hours": 0.14229, "loss": 0.57418995, "lr": 0.0005314, "params": 6697, "time_iter": 0.06511, "accuracy": 0.7483, "precision": 0.74112, "recall": 0.60082, "f1": 0.66364, "auc": 0.80341}
{"epoch": 49, "time_epoch": 9.54475, "eta": 501.69833, "eta_hours": 0.13936, "loss": 0.51137337, "lr": 0.00051571, "params": 6697, "time_iter": 0.06493, "accuracy": 0.76531, "precision": 0.74419, "recall": 0.65844, "f1": 0.69869, "auc": 0.85395}
{"epoch": 50, "time_epoch": 9.52298, "eta": 491.17341, "eta_hours": 0.13644, "loss": 0.52654596, "lr": 0.0005, "params": 6697, "time_iter": 0.06478, "accuracy": 0.7585, "precision": 0.73934, "recall": 0.64198, "f1": 0.68722, "auc": 0.83283}
{"epoch": 51, "time_epoch": 9.5281, "eta": 480.69176, "eta_hours": 0.13353, "loss": 0.52368994, "lr": 0.00048429, "params": 6697, "time_iter": 0.06482, "accuracy": 0.77551, "precision": 0.77612, "recall": 0.64198, "f1": 0.7027, "auc": 0.82933}
{"epoch": 52, "time_epoch": 9.52975, "eta": 470.24755, "eta_hours": 0.13062, "loss": 0.57370162, "lr": 0.0004686, "params": 6697, "time_iter": 0.06483, "accuracy": 0.7415, "precision": 0.73575, "recall": 0.58436, "f1": 0.65138, "auc": 0.79881}
{"epoch": 53, "time_epoch": 9.58383, "eta": 459.88328, "eta_hours": 0.12775, "loss": 0.5549283, "lr": 0.00045295, "params": 6697, "time_iter": 0.0652, "accuracy": 0.76361, "precision": 0.75, "recall": 0.64198, "f1": 0.6918, "auc": 0.81004}
{"epoch": 54, "time_epoch": 9.59333, "eta": 449.55517, "eta_hours": 0.12488, "loss": 0.55229802, "lr": 0.00043733, "params": 6697, "time_iter": 0.06526, "accuracy": 0.7483, "precision": 0.74112, "recall": 0.60082, "f1": 0.66364, "auc": 0.80425}
{"epoch": 55, "time_epoch": 9.56803, "eta": 439.23342, "eta_hours": 0.12201, "loss": 0.58221824, "lr": 0.00042178, "params": 6697, "time_iter": 0.06509, "accuracy": 0.7483, "precision": 0.73632, "recall": 0.60905, "f1": 0.66667, "auc": 0.80284}
{"epoch": 56, "time_epoch": 9.48654, "eta": 428.87664, "eta_hours": 0.11913, "loss": 0.54277915, "lr": 0.00040631, "params": 6697, "time_iter": 0.06453, "accuracy": 0.76531, "precision": 0.75862, "recall": 0.63374, "f1": 0.69058, "auc": 0.81418}
{"epoch": 57, "time_epoch": 9.46801, "eta": 418.53644, "eta_hours": 0.11626, "loss": 0.5906494, "lr": 0.00039093, "params": 6697, "time_iter": 0.06441, "accuracy": 0.72449, "precision": 0.69951, "recall": 0.58436, "f1": 0.63677, "auc": 0.77969}
{"epoch": 58, "time_epoch": 9.55305, "eta": 408.28491, "eta_hours": 0.11341, "loss": 0.56294577, "lr": 0.00037566, "params": 6697, "time_iter": 0.06499, "accuracy": 0.7517, "precision": 0.75936, "recall": 0.58436, "f1": 0.66047, "auc": 0.80474}
{"epoch": 59, "time_epoch": 9.4717, "eta": 398.00243, "eta_hours": 0.11056, "loss": 0.52804333, "lr": 0.0003605, "params": 6697, "time_iter": 0.06443, "accuracy": 0.7585, "precision": 0.75897, "recall": 0.60905, "f1": 0.6758, "auc": 0.81966}
{"epoch": 60, "time_epoch": 9.33114, "eta": 387.65667, "eta_hours": 0.10768, "loss": 0.53597312, "lr": 0.00034549, "params": 6697, "time_iter": 0.06348, "accuracy": 0.7619, "precision": 0.75369, "recall": 0.62963, "f1": 0.6861, "auc": 0.82473}
{"epoch": 61, "time_epoch": 9.31976, "eta": 377.33666, "eta_hours": 0.10482, "loss": 0.54855072, "lr": 0.00033063, "params": 6697, "time_iter": 0.0634, "accuracy": 0.76701, "precision": 0.76768, "recall": 0.62551, "f1": 0.68934, "auc": 0.82869}
{"epoch": 62, "time_epoch": 9.44421, "eta": 367.12149, "eta_hours": 0.10198, "loss": 0.57309559, "lr": 0.00031594, "params": 6697, "time_iter": 0.06425, "accuracy": 0.77211, "precision": 0.77387, "recall": 0.63374, "f1": 0.69683, "auc": 0.83453}
{"epoch": 63, "time_epoch": 9.38004, "eta": 356.89432, "eta_hours": 0.09914, "loss": 0.55898959, "lr": 0.00030143, "params": 6697, "time_iter": 0.06381, "accuracy": 0.7602, "precision": 0.76289, "recall": 0.60905, "f1": 0.67735, "auc": 0.81832}
{"epoch": 64, "time_epoch": 9.39175, "eta": 346.69952, "eta_hours": 0.09631, "loss": 0.58305383, "lr": 0.00028711, "params": 6697, "time_iter": 0.06389, "accuracy": 0.7619, "precision": 0.75622, "recall": 0.62551, "f1": 0.68468, "auc": 0.79789}
{"epoch": 65, "time_epoch": 9.394, "eta": 336.53022, "eta_hours": 0.09348, "loss": 0.52999861, "lr": 0.000273, "params": 6697, "time_iter": 0.0639, "accuracy": 0.7602, "precision": 0.76842, "recall": 0.60082, "f1": 0.67436, "auc": 0.82256}
{"epoch": 66, "time_epoch": 9.37594, "eta": 326.37516, "eta_hours": 0.09066, "loss": 0.5246132, "lr": 0.00025912, "params": 6697, "time_iter": 0.06378, "accuracy": 0.76871, "precision": 0.76884, "recall": 0.62963, "f1": 0.69231, "auc": 0.8393}
{"epoch": 67, "time_epoch": 9.39394, "eta": 316.25149, "eta_hours": 0.08785, "loss": 0.53131411, "lr": 0.00024548, "params": 6697, "time_iter": 0.0639, "accuracy": 0.76531, "precision": 0.76119, "recall": 0.62963, "f1": 0.68919, "auc": 0.8389}
{"epoch": 68, "time_epoch": 9.36947, "eta": 306.13798, "eta_hours": 0.08504, "loss": 0.52405963, "lr": 0.00023209, "params": 6697, "time_iter": 0.06374, "accuracy": 0.7619, "precision": 0.75879, "recall": 0.6214, "f1": 0.68326, "auc": 0.83361}
{"epoch": 69, "time_epoch": 9.36994, "eta": 296.04593, "eta_hours": 0.08223, "loss": 0.5494287, "lr": 0.00021896, "params": 6697, "time_iter": 0.06374, "accuracy": 0.78741, "precision": 0.78922, "recall": 0.66255, "f1": 0.72036, "auc": 0.82331}
{"epoch": 70, "time_epoch": 9.3956, "eta": 285.9847, "eta_hours": 0.07944, "loss": 0.55437427, "lr": 0.00020611, "params": 6697, "time_iter": 0.06392, "accuracy": 0.76531, "precision": 0.74194, "recall": 0.66255, "f1": 0.7, "auc": 0.83055}
{"epoch": 71, "time_epoch": 9.3503, "eta": 275.92434, "eta_hours": 0.07665, "loss": 0.5432375, "lr": 0.00019355, "params": 6697, "time_iter": 0.06361, "accuracy": 0.7619, "precision": 0.74641, "recall": 0.64198, "f1": 0.69027, "auc": 0.81991}
{"epoch": 72, "time_epoch": 9.37733, "eta": 265.89344, "eta_hours": 0.07386, "loss": 0.50483946, "lr": 0.00018129, "params": 6697, "time_iter": 0.06379, "accuracy": 0.76531, "precision": 0.76119, "recall": 0.62963, "f1": 0.68919, "auc": 0.84066}
{"epoch": 73, "time_epoch": 9.40437, "eta": 255.88969, "eta_hours": 0.07108, "loss": 0.59574305, "lr": 0.00016934, "params": 6697, "time_iter": 0.06398, "accuracy": 0.7534, "precision": 0.76064, "recall": 0.58848, "f1": 0.66357, "auc": 0.81054}
{"epoch": 74, "time_epoch": 9.3843, "eta": 245.89525, "eta_hours": 0.0683, "loss": 0.52293024, "lr": 0.00015773, "params": 6697, "time_iter": 0.06384, "accuracy": 0.76361, "precision": 0.76531, "recall": 0.61728, "f1": 0.68337, "auc": 0.83091}
{"epoch": 75, "time_epoch": 9.40343, "eta": 235.92289, "eta_hours": 0.06553, "loss": 0.54481257, "lr": 0.00014645, "params": 6697, "time_iter": 0.06397, "accuracy": 0.76701, "precision": 0.78191, "recall": 0.60494, "f1": 0.68213, "auc": 0.82297}
{"epoch": 76, "time_epoch": 9.38257, "eta": 225.95909, "eta_hours": 0.06277, "loss": 0.57989341, "lr": 0.00013552, "params": 6697, "time_iter": 0.06383, "accuracy": 0.76701, "precision": 0.78191, "recall": 0.60494, "f1": 0.68213, "auc": 0.80061}
{"epoch": 77, "time_epoch": 9.39481, "eta": 216.01364, "eta_hours": 0.06, "loss": 0.55135036, "lr": 0.00012494, "params": 6697, "time_iter": 0.06391, "accuracy": 0.7619, "precision": 0.76142, "recall": 0.61728, "f1": 0.68182, "auc": 0.80898}
{"epoch": 78, "time_epoch": 9.39947, "eta": 206.08337, "eta_hours": 0.05725, "loss": 0.52958291, "lr": 0.00011474, "params": 6697, "time_iter": 0.06394, "accuracy": 0.76701, "precision": 0.75481, "recall": 0.64609, "f1": 0.69623, "auc": 0.83417}
{"epoch": 79, "time_epoch": 9.37521, "eta": 196.16031, "eta_hours": 0.05449, "loss": 0.5653621, "lr": 0.00010492, "params": 6697, "time_iter": 0.06378, "accuracy": 0.76361, "precision": 0.75743, "recall": 0.62963, "f1": 0.68764, "auc": 0.81613}
{"epoch": 80, "time_epoch": 9.38382, "eta": 186.25279, "eta_hours": 0.05174, "loss": 0.5120061, "lr": 9.549e-05, "params": 6697, "time_iter": 0.06384, "accuracy": 0.7602, "precision": 0.75248, "recall": 0.62551, "f1": 0.68315, "auc": 0.82743}
{"epoch": 81, "time_epoch": 9.38053, "eta": 176.35732, "eta_hours": 0.04899, "loss": 0.50973623, "lr": 8.646e-05, "params": 6697, "time_iter": 0.06381, "accuracy": 0.78571, "precision": 0.79104, "recall": 0.65432, "f1": 0.71622, "auc": 0.84829}
{"epoch": 82, "time_epoch": 9.39886, "eta": 166.47802, "eta_hours": 0.04624, "loss": 0.56109982, "lr": 7.784e-05, "params": 6697, "time_iter": 0.06394, "accuracy": 0.77721, "precision": 0.78571, "recall": 0.63374, "f1": 0.70159, "auc": 0.83007}
{"epoch": 83, "time_epoch": 9.35797, "eta": 156.60236, "eta_hours": 0.0435, "loss": 0.48623844, "lr": 6.963e-05, "params": 6697, "time_iter": 0.06366, "accuracy": 0.78912, "precision": 0.80513, "recall": 0.64609, "f1": 0.71689, "auc": 0.85799}
{"epoch": 84, "time_epoch": 9.38789, "eta": 146.74417, "eta_hours": 0.04076, "loss": 0.55104017, "lr": 6.185e-05, "params": 6697, "time_iter": 0.06386, "accuracy": 0.76531, "precision": 0.77487, "recall": 0.60905, "f1": 0.68203, "auc": 0.82132}
{"epoch": 85, "time_epoch": 9.38853, "eta": 136.89702, "eta_hours": 0.03803, "loss": 0.52028248, "lr": 5.45e-05, "params": 6697, "time_iter": 0.06387, "accuracy": 0.76871, "precision": 0.76098, "recall": 0.64198, "f1": 0.69643, "auc": 0.84194}
{"epoch": 86, "time_epoch": 9.28123, "eta": 127.04438, "eta_hours": 0.03529, "loss": 0.52480084, "lr": 4.759e-05, "params": 6697, "time_iter": 0.06314, "accuracy": 0.78912, "precision": 0.80203, "recall": 0.65021, "f1": 0.71818, "auc": 0.83646}
{"epoch": 87, "time_epoch": 9.3462, "eta": 117.21358, "eta_hours": 0.03256, "loss": 0.52633896, "lr": 4.112e-05, "params": 6697, "time_iter": 0.06358, "accuracy": 0.78741, "precision": 0.80729, "recall": 0.63786, "f1": 0.71264, "auc": 0.8346}
{"epoch": 88, "time_epoch": 9.39897, "eta": 107.4002, "eta_hours": 0.02983, "loss": 0.54537478, "lr": 3.511e-05, "params": 6697, "time_iter": 0.06394, "accuracy": 0.76871, "precision": 0.7861, "recall": 0.60494, "f1": 0.68372, "auc": 0.82783}
{"epoch": 89, "time_epoch": 9.38123, "eta": 97.59405, "eta_hours": 0.02711, "loss": 0.51866651, "lr": 2.956e-05, "params": 6697, "time_iter": 0.06382, "accuracy": 0.78571, "precision": 0.79104, "recall": 0.65432, "f1": 0.71622, "auc": 0.84076}
{"epoch": 90, "time_epoch": 9.38481, "eta": 87.7976, "eta_hours": 0.02439, "loss": 0.53177203, "lr": 2.447e-05, "params": 6697, "time_iter": 0.06384, "accuracy": 0.77721, "precision": 0.76923, "recall": 0.65844, "f1": 0.70953, "auc": 0.83756}
{"epoch": 91, "time_epoch": 9.36238, "eta": 78.00814, "eta_hours": 0.02167, "loss": 0.51043335, "lr": 1.985e-05, "params": 6697, "time_iter": 0.06369, "accuracy": 0.77211, "precision": 0.76585, "recall": 0.64609, "f1": 0.70089, "auc": 0.84168}
{"epoch": 92, "time_epoch": 9.38912, "eta": 68.22989, "eta_hours": 0.01895, "loss": 0.53244499, "lr": 1.571e-05, "params": 6697, "time_iter": 0.06387, "accuracy": 0.77551, "precision": 0.78756, "recall": 0.62551, "f1": 0.69725, "auc": 0.83279}
{"epoch": 93, "time_epoch": 9.41257, "eta": 58.4614, "eta_hours": 0.01624, "loss": 0.5104194, "lr": 1.204e-05, "params": 6697, "time_iter": 0.06403, "accuracy": 0.78741, "precision": 0.78922, "recall": 0.66255, "f1": 0.72036, "auc": 0.84379}
{"epoch": 94, "time_epoch": 9.44484, "eta": 48.70211, "eta_hours": 0.01353, "loss": 0.55288592, "lr": 8.86e-06, "params": 6697, "time_iter": 0.06425, "accuracy": 0.77891, "precision": 0.78109, "recall": 0.64609, "f1": 0.70721, "auc": 0.82973}
{"epoch": 95, "time_epoch": 9.41774, "eta": 38.94825, "eta_hours": 0.01082, "loss": 0.53778566, "lr": 6.16e-06, "params": 6697, "time_iter": 0.06407, "accuracy": 0.77551, "precision": 0.79679, "recall": 0.61317, "f1": 0.69302, "auc": 0.84013}
{"epoch": 96, "time_epoch": 9.32638, "eta": 29.19848, "eta_hours": 0.00811, "loss": 0.48517365, "lr": 3.94e-06, "params": 6697, "time_iter": 0.06344, "accuracy": 0.78912, "precision": 0.79602, "recall": 0.65844, "f1": 0.72072, "auc": 0.862}
{"epoch": 97, "time_epoch": 9.41008, "eta": 19.45907, "eta_hours": 0.00541, "loss": 0.53541667, "lr": 2.22e-06, "params": 6697, "time_iter": 0.06401, "accuracy": 0.76701, "precision": 0.77041, "recall": 0.6214, "f1": 0.68793, "auc": 0.84095}
{"epoch": 98, "time_epoch": 9.42563, "eta": 9.72646, "eta_hours": 0.0027, "loss": 0.58247089, "lr": 9.9e-07, "params": 6697, "time_iter": 0.06412, "accuracy": 0.7619, "precision": 0.76684, "recall": 0.60905, "f1": 0.6789, "auc": 0.81861}
{"epoch": 99, "time_epoch": 9.39353, "eta": 0.0, "eta_hours": 0.0, "loss": 0.56948957, "lr": 2.5e-07, "params": 6697, "time_iter": 0.0639, "accuracy": 0.7517, "precision": 0.74872, "recall": 0.60082, "f1": 0.66667, "auc": 0.81737}
