{"epoch": 88, "time_epoch": 22.55236, "time_epoch_std": 0.29061, "eta": 192.98876, "eta_std": 69.34378, "eta_hours": 0.05361, "eta_hours_std": 0.01927, "loss": 0.52984, "loss_std": 0.00824, "lr": 2e-05, "lr_std": 1e-05, "params": 6759.0, "params_std": 0.0, "time_iter": 0.04388, "time_iter_std": 0.00057, "accuracy": 0.76242, "accuracy_std": 0.0045, "accuracy_max": 0.76923, "precision": 0.76216, "precision_std": 0.00303, "recall": 0.76623, "recall_std": 0.00758, "f1": 0.76418, "f1_std": 0.00518, "auc": 0.84076, "auc_std": 0.00518}
