{"epoch": 60, "time_epoch": 2.22976, "time_epoch_std": 0.36483, "eta": 134.45422, "eta_std": 42.27693, "eta_hours": 0.03735, "eta_hours_std": 0.01174, "loss": 0.68402, "loss_std": 0.00915, "lr": 0.00065, "lr_std": 0.00018, "params": 6245.0, "params_std": 3.4641, "time_iter": 0.05868, "time_iter_std": 0.0096, "accuracy": 0.56167, "accuracy_std": 0.01724, "accuracy_max": 0.58667, "precision": 0.56122, "precision_std": 0.01279, "recall": 0.72436, "recall_std": 0.06047, "f1": 0.63117, "f1_std": 0.02459, "auc": 0.5715, "auc_std": 0.03851}
