{"epoch": 0, "time_epoch": 2.1486, "time_epoch_std": 0.36154, "eta": 212.71083, "eta_std": 35.79193, "eta_hours": 0.05909, "eta_hours_std": 0.00994, "loss": 0.70176, "loss_std": 0.00714, "lr": 0.001, "lr_std": 0.0, "params": 6245.0, "params_std": 3.4641, "time_iter": 0.05654, "time_iter_std": 0.00951, "accuracy": 0.48167, "accuracy_std": 0.02598, "accuracy_max": 0.52, "precision": 0.19818, "precision_std": 0.21661, "recall": 0.25962, "recall_std": 0.42775, "f1": 0.18791, "f1_std": 0.28786, "auc": 0.43559, "auc_std": 0.03781}
{"epoch": 1, "time_epoch": 2.20261, "time_epoch_std": 0.33171, "eta": 213.20876, "eta_std": 33.95649, "eta_hours": 0.05922, "eta_hours_std": 0.00943, "loss": 0.69714, "loss_std": 0.0042, "lr": 0.001, "lr_std": 0.0, "params": 6245.0, "params_std": 3.4641, "time_iter": 0.05796, "time_iter_std": 0.00873, "accuracy": 0.485, "accuracy_std": 0.02179, "accuracy_max": 0.52, "precision": 0.20143, "precision_std": 0.21779, "recall": 0.25641, "recall_std": 0.42944, "f1": 0.18282, "f1_std": 0.29012, "auc": 0.46127, "auc_std": 0.05635}
{"epoch": 2, "time_epoch": 2.26786, "time_epoch_std": 0.34084, "eta": 214.01614, "eta_std": 33.41547, "eta_hours": 0.05945, "eta_hours_std": 0.00928, "loss": 0.69587, "loss_std": 0.00257, "lr": 0.001, "lr_std": 0.0, "params": 6245.0, "params_std": 3.4641, "time_iter": 0.05968, "time_iter_std": 0.00897, "accuracy": 0.49, "accuracy_std": 0.02925, "accuracy_max": 0.52, "precision": 0.37144, "precision_std": 0.21632, "recall": 0.56731, "recall_std": 0.43781, "f1": 0.42727, "f1_std": 0.28204, "auc": 0.42575, "auc_std": 0.00188}
{"epoch": 3, "time_epoch": 2.21856, "time_epoch_std": 0.31585, "eta": 212.10278, "eta_std": 32.36989, "eta_hours": 0.05892, "eta_hours_std": 0.00899, "loss": 0.69399, "loss_std": 0.00162, "lr": 0.001, "lr_std": 0.0, "params": 6245.0, "params_std": 3.4641, "time_iter": 0.05838, "time_iter_std": 0.00831, "accuracy": 0.50333, "accuracy_std": 0.01732, "accuracy_max": 0.52, "precision": 0.39021, "precision_std": 0.22529, "recall": 0.58013, "recall_std": 0.4349, "f1": 0.44131, "f1_std": 0.28051, "auc": 0.48851, "auc_std": 0.03699}
{"epoch": 4, "time_epoch": 2.24011, "time_epoch_std": 0.34721, "eta": 210.4768, "eta_std": 32.22263, "eta_hours": 0.05847, "eta_hours_std": 0.00895, "loss": 0.69283, "loss_std": 0.00109, "lr": 0.001, "lr_std": 0.0, "params": 6245.0, "params_std": 3.4641, "time_iter": 0.05895, "time_iter_std": 0.00914, "accuracy": 0.51667, "accuracy_std": 0.02381, "accuracy_max": 0.54667, "precision": 0.3975, "precision_std": 0.22982, "recall": 0.67628, "recall_std": 0.40859, "f1": 0.4966, "f1_std": 0.28798, "auc": 0.52048, "auc_std": 0.03264}
{"epoch": 5, "time_epoch": 2.2766, "time_epoch_std": 0.27693, "eta": 209.21789, "eta_std": 30.71262, "eta_hours": 0.05812, "eta_hours_std": 0.00853, "loss": 0.6939, "loss_std": 0.00078, "lr": 0.00099, "lr_std": 0.0, "params": 6245.0, "params_std": 3.4641, "time_iter": 0.05991, "time_iter_std": 0.00729, "accuracy": 0.49333, "accuracy_std": 0.03559, "accuracy_max": 0.52, "precision": 0.50503, "precision_std": 0.02339, "recall": 0.80769, "recall_std": 0.19316, "f1": 0.6149, "f1_std": 0.07167, "auc": 0.42519, "auc_std": 0.03223}
{"epoch": 6, "time_epoch": 2.32026, "time_epoch_std": 0.28183, "eta": 208.24816, "eta_std": 29.48478, "eta_hours": 0.05785, "eta_hours_std": 0.00819, "loss": 0.69184, "loss_std": 0.00117, "lr": 0.00099, "lr_std": 0.0, "params": 6245.0, "params_std": 3.4641, "time_iter": 0.06106, "time_iter_std": 0.00742, "accuracy": 0.54, "accuracy_std": 0.02749, "accuracy_max": 0.58667, "precision": 0.53345, "precision_std": 0.01785, "recall": 0.95192, "recall_std": 0.04829, "f1": 0.68279, "f1_std": 0.01049, "auc": 0.49898, "auc_std": 0.05158}
{"epoch": 7, "time_epoch": 2.23588, "time_epoch_std": 0.29039, "eta": 205.97038, "eta_std": 28.85905, "eta_hours": 0.05721, "eta_hours_std": 0.00802, "loss": 0.69296, "loss_std": 0.00069, "lr": 0.00099, "lr_std": 0.0, "params": 6245.0, "params_std": 3.4641, "time_iter": 0.05884, "time_iter_std": 0.00764, "accuracy": 0.52333, "accuracy_std": 0.00577, "accuracy_max": 0.53333, "precision": 0.52253, "precision_std": 0.00423, "recall": 0.97436, "recall_std": 0.03738, "f1": 0.67991, "f1_std": 0.00594, "auc": 0.48918, "auc_std": 0.03388}
{"epoch": 8, "time_epoch": 2.20346, "time_epoch_std": 0.33422, "eta": 203.37412, "eta_std": 28.7462, "eta_hours": 0.05649, "eta_hours_std": 0.00798, "loss": 0.69254, "loss_std": 0.00202, "lr": 0.00098, "lr_std": 0.0, "params": 6245.0, "params_std": 3.4641, "time_iter": 0.05799, "time_iter_std": 0.00879, "accuracy": 0.515, "accuracy_std": 0.00553, "accuracy_max": 0.52, "precision": 0.5182, "precision_std": 0.00234, "recall": 0.95513, "recall_std": 0.04578, "f1": 0.67156, "f1_std": 0.0127, "auc": 0.50815, "auc_std": 0.07841}
{"epoch": 9, "time_epoch": 2.26608, "time_epoch_std": 0.31943, "eta": 201.42002, "eta_std": 28.45959, "eta_hours": 0.05595, "eta_hours_std": 0.00791, "loss": 0.69198, "loss_std": 0.00115, "lr": 0.00098, "lr_std": 0.0, "params": 6245.0, "params_std": 3.4641, "time_iter": 0.05963, "time_iter_std": 0.00841, "accuracy": 0.52833, "accuracy_std": 0.00866, "accuracy_max": 0.54, "precision": 0.52639, "precision_std": 0.00694, "recall": 0.94551, "recall_std": 0.06305, "f1": 0.67527, "f1_std": 0.01123, "auc": 0.527, "auc_std": 0.04779}
{"epoch": 10, "time_epoch": 2.24532, "time_epoch_std": 0.34113, "eta": 199.24125, "eta_std": 28.30466, "eta_hours": 0.05534, "eta_hours_std": 0.00786, "loss": 0.69303, "loss_std": 0.00124, "lr": 0.00098, "lr_std": 0.0, "params": 6245.0, "params_std": 3.4641, "time_iter": 0.05908, "time_iter_std": 0.00898, "accuracy": 0.52834, "accuracy_std": 0.01965, "accuracy_max": 0.56, "precision": 0.52777, "precision_std": 0.01533, "recall": 0.9359, "recall_std": 0.08259, "f1": 0.67273, "f1_std": 0.01306, "auc": 0.4615, "auc_std": 0.04575}
{"epoch": 11, "time_epoch": 2.20778, "time_epoch_std": 0.35835, "eta": 196.77609, "eta_std": 28.26929, "eta_hours": 0.05466, "eta_hours_std": 0.00785, "loss": 0.69194, "loss_std": 0.00093, "lr": 0.00097, "lr_std": 0.0, "params": 6245.0, "params_std": 3.4641, "time_iter": 0.0581, "time_iter_std": 0.00943, "accuracy": 0.525, "accuracy_std": 0.00866, "accuracy_max": 0.54, "precision": 0.52467, "precision_std": 0.00514, "recall": 0.92949, "recall_std": 0.09486, "f1": 0.66886, "f1_std": 0.02534, "auc": 0.51447, "auc_std": 0.02218}
{"epoch": 12, "time_epoch": 2.25859, "time_epoch_std": 0.31245, "eta": 194.69056, "eta_std": 27.88569, "eta_hours": 0.05408, "eta_hours_std": 0.00775, "loss": 0.69255, "loss_std": 0.00068, "lr": 0.00096, "lr_std": 0.0, "params": 6245.0, "params_std": 3.4641, "time_iter": 0.05944, "time_iter_std": 0.00822, "accuracy": 0.52167, "accuracy_std": 0.0119, "accuracy_max": 0.54, "precision": 0.52221, "precision_std": 0.00725, "recall": 0.95192, "recall_std": 0.03189, "f1": 0.67415, "f1_std": 0.00633, "auc": 0.50583, "auc_std": 0.02098}
{"epoch": 13, "time_epoch": 2.25369, "time_epoch_std": 0.32947, "eta": 192.55021, "eta_std": 27.59161, "eta_hours": 0.05349, "eta_hours_std": 0.00766, "loss": 0.69229, "loss_std": 0.00037, "lr": 0.00096, "lr_std": 0.0, "params": 6245.0, "params_std": 3.4641, "time_iter": 0.05931, "time_iter_std": 0.00867, "accuracy": 0.525, "accuracy_std": 0.0159, "accuracy_max": 0.54667, "precision": 0.52454, "precision_std": 0.0103, "recall": 0.94872, "recall_std": 0.04533, "f1": 0.67487, "f1_std": 0.00577, "auc": 0.50597, "auc_std": 0.00662}
{"epoch": 14, "time_epoch": 2.23133, "time_epoch_std": 0.32287, "eta": 190.26806, "eta_std": 27.27264, "eta_hours": 0.05286, "eta_hours_std": 0.00758, "loss": 0.69155, "loss_std": 0.00276, "lr": 0.00095, "lr_std": 0.0, "params": 6245.0, "params_std": 3.4641, "time_iter": 0.05872, "time_iter_std": 0.0085, "accuracy": 0.53666, "accuracy_std": 0.02333, "accuracy_max": 0.57333, "precision": 0.53285, "precision_std": 0.01695, "recall": 0.92308, "recall_std": 0.05945, "f1": 0.67426, "f1_std": 0.00666, "auc": 0.50681, "auc_std": 0.06641}
{"epoch": 15, "time_epoch": 2.22512, "time_epoch_std": 0.35318, "eta": 187.95964, "eta_std": 27.09975, "eta_hours": 0.05221, "eta_hours_std": 0.00753, "loss": 0.69125, "loss_std": 0.00188, "lr": 0.00095, "lr_std": 0.0, "params": 6245.0, "params_std": 3.4641, "time_iter": 0.05856, "time_iter_std": 0.00929, "accuracy": 0.52667, "accuracy_std": 0.01699, "accuracy_max": 0.55333, "precision": 0.52646, "precision_std": 0.01037, "recall": 0.89744, "recall_std": 0.08695, "f1": 0.66212, "f1_std": 0.02599, "auc": 0.50966, "auc_std": 0.05135}
{"epoch": 16, "time_epoch": 2.22234, "time_epoch_std": 0.35209, "eta": 185.64746, "eta_std": 26.90581, "eta_hours": 0.05157, "eta_hours_std": 0.00748, "loss": 0.69062, "loss_std": 0.00243, "lr": 0.00094, "lr_std": 0.0, "params": 6245.0, "params_std": 3.4641, "time_iter": 0.05848, "time_iter_std": 0.00926, "accuracy": 0.53667, "accuracy_std": 0.0256, "accuracy_max": 0.57333, "precision": 0.53521, "precision_std": 0.01967, "recall": 0.88462, "recall_std": 0.08648, "f1": 0.66422, "f1_std": 0.01264, "auc": 0.51642, "auc_std": 0.04358}
{"epoch": 17, "time_epoch": 2.24275, "time_epoch_std": 0.34241, "eta": 183.43822, "eta_std": 26.65932, "eta_hours": 0.05096, "eta_hours_std": 0.0074, "loss": 0.69058, "loss_std": 0.00211, "lr": 0.00093, "lr_std": 0.0, "params": 6245.0, "params_std": 3.4641, "time_iter": 0.05902, "time_iter_std": 0.00901, "accuracy": 0.55167, "accuracy_std": 0.02958, "accuracy_max": 0.6, "precision": 0.54666, "precision_std": 0.02398, "recall": 0.85577, "recall_std": 0.09306, "f1": 0.66398, "f1_std": 0.01859, "auc": 0.52644, "auc_std": 0.02343}
{"epoch": 18, "time_epoch": 2.23827, "time_epoch_std": 0.34171, "eta": 181.20634, "eta_std": 26.39911, "eta_hours": 0.05033, "eta_hours_std": 0.00733, "loss": 0.6891, "loss_std": 0.00368, "lr": 0.00092, "lr_std": 0.0, "params": 6245.0, "params_std": 3.4641, "time_iter": 0.0589, "time_iter_std": 0.00899, "accuracy": 0.54834, "accuracy_std": 0.02128, "accuracy_max": 0.58, "precision": 0.54405, "precision_std": 0.01847, "recall": 0.85577, "recall_std": 0.09988, "f1": 0.66186, "f1_std": 0.01882, "auc": 0.53152, "auc_std": 0.05151}
{"epoch": 19, "time_epoch": 2.19266, "time_epoch_std": 0.34915, "eta": 178.79139, "eta_std": 26.15436, "eta_hours": 0.04966, "eta_hours_std": 0.00727, "loss": 0.69123, "loss_std": 0.00262, "lr": 0.00091, "lr_std": 0.0, "params": 6245.0, "params_std": 3.4641, "time_iter": 0.0577, "time_iter_std": 0.00919, "accuracy": 0.545, "accuracy_std": 0.02375, "accuracy_max": 0.58, "precision": 0.54493, "precision_std": 0.02354, "recall": 0.83013, "recall_std": 0.12409, "f1": 0.65232, "f1_std": 0.02303, "auc": 0.51398, "auc_std": 0.0476}
{"epoch": 20, "time_epoch": 2.19462, "time_epoch_std": 0.35639, "eta": 176.405, "eta_std": 25.92203, "eta_hours": 0.049, "eta_hours_std": 0.0072, "loss": 0.68738, "loss_std": 0.00491, "lr": 0.0009, "lr_std": 0.0, "params": 6245.0, "params_std": 3.4641, "time_iter": 0.05775, "time_iter_std": 0.00938, "accuracy": 0.56, "accuracy_std": 0.03162, "accuracy_max": 0.60667, "precision": 0.5536, "precision_std": 0.02974, "recall": 0.86538, "recall_std": 0.10034, "f1": 0.67064, "f1_std": 0.01008, "auc": 0.56833, "auc_std": 0.06115}
{"epoch": 21, "time_epoch": 2.21224, "time_epoch_std": 0.34394, "eta": 174.0985, "eta_std": 25.62949, "eta_hours": 0.04836, "eta_hours_std": 0.00712, "loss": 0.69023, "loss_std": 0.00241, "lr": 0.0009, "lr_std": 0.0, "params": 6245.0, "params_std": 3.4641, "time_iter": 0.05822, "time_iter_std": 0.00905, "accuracy": 0.53666, "accuracy_std": 0.01202, "accuracy_max": 0.55333, "precision": 0.53752, "precision_std": 0.01151, "recall": 0.8141, "recall_std": 0.11121, "f1": 0.64397, "f1_std": 0.02532, "auc": 0.51901, "auc_std": 0.032}
{"epoch": 22, "time_epoch": 2.20642, "time_epoch_std": 0.31883, "eta": 171.78074, "eta_std": 25.26572, "eta_hours": 0.04772, "eta_hours_std": 0.00702, "loss": 0.69143, "loss_std": 0.00291, "lr": 0.00089, "lr_std": 0.0, "params": 6245.0, "params_std": 3.4641, "time_iter": 0.05806, "time_iter_std": 0.00839, "accuracy": 0.54, "accuracy_std": 0.02055, "accuracy_max": 0.57333, "precision": 0.53723, "precision_std": 0.01539, "recall": 0.85577, "recall_std": 0.0876, "f1": 0.65802, "f1_std": 0.0222, "auc": 0.52212, "auc_std": 0.02668}
{"epoch": 23, "time_epoch": 2.19924, "time_epoch_std": 0.31367, "eta": 169.4495, "eta_std": 24.89005, "eta_hours": 0.04707, "eta_hours_std": 0.00691, "loss": 0.69351, "loss_std": 0.00152, "lr": 0.00088, "lr_std": 0.0, "params": 6245.0, "params_std": 3.4641, "time_iter": 0.05788, "time_iter_std": 0.00825, "accuracy": 0.52834, "accuracy_std": 0.00288, "accuracy_max": 0.53333, "precision": 0.53013, "precision_std": 0.00508, "recall": 0.83333, "recall_std": 0.09806, "f1": 0.64563, "f1_std": 0.02504, "auc": 0.49519, "auc_std": 0.02656}
{"epoch": 24, "time_epoch": 2.21352, "time_epoch_std": 0.31394, "eta": 167.17164, "eta_std": 24.51448, "eta_hours": 0.04644, "eta_hours_std": 0.00681, "loss": 0.68846, "loss_std": 0.00462, "lr": 0.00086, "lr_std": 0.0, "params": 6245.0, "params_std": 3.4641, "time_iter": 0.05825, "time_iter_std": 0.00826, "accuracy": 0.53, "accuracy_std": 0.01374, "accuracy_max": 0.55333, "precision": 0.53136, "precision_std": 0.0109, "recall": 0.83654, "recall_std": 0.09173, "f1": 0.64766, "f1_std": 0.02348, "auc": 0.53276, "auc_std": 0.06191}
{"epoch": 25, "time_epoch": 2.21813, "time_epoch_std": 0.34206, "eta": 164.9119, "eta_std": 24.22735, "eta_hours": 0.04581, "eta_hours_std": 0.00673, "loss": 0.68573, "loss_std": 0.00531, "lr": 0.00085, "lr_std": 0.0, "params": 6245.0, "params_std": 3.4641, "time_iter": 0.05837, "time_iter_std": 0.009, "accuracy": 0.55833, "accuracy_std": 0.0264, "accuracy_max": 0.6, "precision": 0.55205, "precision_std": 0.0225, "recall": 0.83654, "recall_std": 0.0978, "f1": 0.66171, "f1_std": 0.02464, "auc": 0.57741, "auc_std": 0.0228}
{"epoch": 26, "time_epoch": 2.26755, "time_epoch_std": 0.29627, "eta": 162.78884, "eta_std": 23.79872, "eta_hours": 0.04522, "eta_hours_std": 0.00661, "loss": 0.68942, "loss_std": 0.00348, "lr": 0.00084, "lr_std": 0.0, "params": 6245.0, "params_std": 3.4641, "time_iter": 0.05967, "time_iter_std": 0.00779, "accuracy": 0.53166, "accuracy_std": 0.01965, "accuracy_max": 0.55333, "precision": 0.53515, "precision_std": 0.01469, "recall": 0.76923, "recall_std": 0.06013, "f1": 0.63005, "f1_std": 0.01979, "auc": 0.52466, "auc_std": 0.02268}
{"epoch": 27, "time_epoch": 2.24132, "time_epoch_std": 0.34401, "eta": 160.58799, "eta_std": 23.51541, "eta_hours": 0.04461, "eta_hours_std": 0.00653, "loss": 0.68527, "loss_std": 0.00555, "lr": 0.00083, "lr_std": 0.0, "params": 6245.0, "params_std": 3.4641, "time_iter": 0.05898, "time_iter_std": 0.00905, "accuracy": 0.555, "accuracy_std": 0.02511, "accuracy_max": 0.59333, "precision": 0.54956, "precision_std": 0.01811, "recall": 0.8109, "recall_std": 0.03315, "f1": 0.65462, "f1_std": 0.01504, "auc": 0.56321, "auc_std": 0.03476}
{"epoch": 28, "time_epoch": 2.22096, "time_epoch_std": 0.30574, "eta": 158.33452, "eta_std": 23.13749, "eta_hours": 0.04398, "eta_hours_std": 0.00643, "loss": 0.68844, "loss_std": 0.00434, "lr": 0.00082, "lr_std": 0.0, "params": 6245.0, "params_std": 3.4641, "time_iter": 0.05844, "time_iter_std": 0.00805, "accuracy": 0.54167, "accuracy_std": 0.02882, "accuracy_max": 0.58667, "precision": 0.54233, "precision_std": 0.01654, "recall": 0.74359, "recall_std": 0.08407, "f1": 0.62604, "f1_std": 0.03849, "auc": 0.54568, "auc_std": 0.02842}
{"epoch": 29, "time_epoch": 2.19235, "time_epoch_std": 0.35471, "eta": 156.01645, "eta_std": 22.87448, "eta_hours": 0.04334, "eta_hours_std": 0.00635, "loss": 0.69009, "loss_std": 0.00442, "lr": 0.00081, "lr_std": 0.0, "params": 6245.0, "params_std": 3.4641, "time_iter": 0.05769, "time_iter_std": 0.00934, "accuracy": 0.53333, "accuracy_std": 0.00816, "accuracy_max": 0.54, "precision": 0.53753, "precision_std": 0.00396, "recall": 0.73077, "recall_std": 0.04533, "f1": 0.61895, "f1_std": 0.01933, "auc": 0.52992, "auc_std": 0.04478}
{"epoch": 30, "time_epoch": 2.23824, "time_epoch_std": 0.31857, "eta": 153.80864, "eta_std": 22.52407, "eta_hours": 0.04272, "eta_hours_std": 0.00626, "loss": 0.68156, "loss_std": 0.01283, "lr": 0.00079, "lr_std": 0.0, "params": 6245.0, "params_std": 3.4641, "time_iter": 0.0589, "time_iter_std": 0.00838, "accuracy": 0.55834, "accuracy_std": 0.05989, "accuracy_max": 0.64667, "precision": 0.55892, "precision_std": 0.04876, "recall": 0.73398, "recall_std": 0.05392, "f1": 0.63386, "f1_std": 0.04629, "auc": 0.56544, "auc_std": 0.08582}
{"epoch": 31, "time_epoch": 2.25427, "time_epoch_std": 0.33822, "eta": 151.63299, "eta_std": 22.22104, "eta_hours": 0.04212, "eta_hours_std": 0.00617, "loss": 0.6868, "loss_std": 0.00651, "lr": 0.00078, "lr_std": 0.0, "params": 6245.0, "params_std": 3.4641, "time_iter": 0.05932, "time_iter_std": 0.0089, "accuracy": 0.55, "accuracy_std": 0.03416, "accuracy_max": 0.60667, "precision": 0.55048, "precision_std": 0.02278, "recall": 0.74038, "recall_std": 0.1011, "f1": 0.6286, "f1_std": 0.04275, "auc": 0.54696, "auc_std": 0.04383}
{"epoch": 32, "time_epoch": 2.32777, "time_epoch_std": 0.4347, "eta": 149.60181, "eta_std": 22.07471, "eta_hours": 0.04156, "eta_hours_std": 0.00613, "loss": 0.68762, "loss_std": 0.00931, "lr": 0.00077, "lr_std": 0.0, "params": 6245.0, "params_std": 3.4641, "time_iter": 0.06126, "time_iter_std": 0.01144, "accuracy": 0.54833, "accuracy_std": 0.03841, "accuracy_max": 0.59333, "precision": 0.54901, "precision_std": 0.03015, "recall": 0.74359, "recall_std": 0.10136, "f1": 0.62903, "f1_std": 0.04338, "auc": 0.55137, "auc_std": 0.04824}
{"epoch": 33, "time_epoch": 2.36034, "time_epoch_std": 0.54321, "eta": 147.61639, "eta_std": 22.07872, "eta_hours": 0.041, "eta_hours_std": 0.00613, "loss": 0.6881, "loss_std": 0.00718, "lr": 0.00075, "lr_std": 0.0, "params": 6245.0, "params_std": 3.4641, "time_iter": 0.06211, "time_iter_std": 0.0143, "accuracy": 0.53834, "accuracy_std": 0.04147, "accuracy_max": 0.56667, "precision": 0.54734, "precision_std": 0.03316, "recall": 0.70513, "recall_std": 0.06215, "f1": 0.61342, "f1_std": 0.02009, "auc": 0.54852, "auc_std": 0.05269}
{"epoch": 34, "time_epoch": 2.26675, "time_epoch_std": 0.44103, "eta": 145.43575, "eta_std": 21.92564, "eta_hours": 0.0404, "eta_hours_std": 0.00609, "loss": 0.68989, "loss_std": 0.00574, "lr": 0.00074, "lr_std": 0.0, "params": 6245.0, "params_std": 3.4641, "time_iter": 0.05965, "time_iter_std": 0.01161, "accuracy": 0.55, "accuracy_std": 0.02687, "accuracy_max": 0.58, "precision": 0.55266, "precision_std": 0.02344, "recall": 0.74359, "recall_std": 0.0628, "f1": 0.63172, "f1_std": 0.00903, "auc": 0.51451, "auc_std": 0.03493}
{"epoch": 35, "time_epoch": 2.24417, "time_epoch_std": 0.33371, "eta": 143.21018, "eta_std": 21.57897, "eta_hours": 0.03978, "eta_hours_std": 0.00599, "loss": 0.68076, "loss_std": 0.00749, "lr": 0.00073, "lr_std": 0.0, "params": 6245.0, "params_std": 3.4641, "time_iter": 0.05906, "time_iter_std": 0.00878, "accuracy": 0.55833, "accuracy_std": 0.02598, "accuracy_max": 0.59333, "precision": 0.55932, "precision_std": 0.02546, "recall": 0.75641, "recall_std": 0.09465, "f1": 0.63892, "f1_std": 0.01837, "auc": 0.57777, "auc_std": 0.04419}
{"epoch": 36, "time_epoch": 2.21874, "time_epoch_std": 0.36681, "eta": 140.9403, "eta_std": 21.28986, "eta_hours": 0.03915, "eta_hours_std": 0.00591, "loss": 0.68984, "loss_std": 0.00716, "lr": 0.00071, "lr_std": 0.0, "params": 6245.0, "params_std": 3.4641, "time_iter": 0.05839, "time_iter_std": 0.00965, "accuracy": 0.53, "accuracy_std": 0.03, "accuracy_max": 0.55333, "precision": 0.53675, "precision_std": 0.02372, "recall": 0.71475, "recall_std": 0.08228, "f1": 0.61098, "f1_std": 0.03504, "auc": 0.54492, "auc_std": 0.04415}
{"epoch": 37, "time_epoch": 2.3594, "time_epoch_std": 0.55319, "eta": 138.90262, "eta_std": 21.22312, "eta_hours": 0.03858, "eta_hours_std": 0.0059, "loss": 0.68771, "loss_std": 0.01131, "lr": 0.0007, "lr_std": 0.0, "params": 6245.0, "params_std": 3.4641, "time_iter": 0.06209, "time_iter_std": 0.01456, "accuracy": 0.55, "accuracy_std": 0.02381, "accuracy_max": 0.58667, "precision": 0.54826, "precision_std": 0.01905, "recall": 0.79167, "recall_std": 0.07765, "f1": 0.64552, "f1_std": 0.02158, "auc": 0.54029, "auc_std": 0.05608}
{"epoch": 38, "time_epoch": 2.34339, "time_epoch_std": 0.49171, "eta": 136.82339, "eta_std": 21.06456, "eta_hours": 0.038, "eta_hours_std": 0.00585, "loss": 0.6863, "loss_std": 0.00514, "lr": 0.00068, "lr_std": 0.0, "params": 6245.0, "params_std": 3.4641, "time_iter": 0.06167, "time_iter_std": 0.01294, "accuracy": 0.54666, "accuracy_std": 0.01826, "accuracy_max": 0.57333, "precision": 0.54629, "precision_std": 0.01412, "recall": 0.76282, "recall_std": 0.07503, "f1": 0.63503, "f1_std": 0.02697, "auc": 0.54416, "auc_std": 0.02659}
{"epoch": 39, "time_epoch": 2.34772, "time_epoch_std": 0.5647, "eta": 134.73745, "eta_std": 20.98555, "eta_hours": 0.03743, "eta_hours_std": 0.00583, "loss": 0.68684, "loss_std": 0.00277, "lr": 0.00067, "lr_std": 0.0, "params": 6245.0, "params_std": 3.4641, "time_iter": 0.06178, "time_iter_std": 0.01486, "accuracy": 0.53167, "accuracy_std": 0.01519, "accuracy_max": 0.54667, "precision": 0.5362, "precision_std": 0.01028, "recall": 0.74038, "recall_std": 0.09653, "f1": 0.61922, "f1_std": 0.03619, "auc": 0.54465, "auc_std": 0.02377}
{"epoch": 40, "time_epoch": 2.25787, "time_epoch_std": 0.42311, "eta": 132.50946, "eta_std": 20.72952, "eta_hours": 0.03681, "eta_hours_std": 0.00576, "loss": 0.68859, "loss_std": 0.00327, "lr": 0.00065, "lr_std": 0.0, "params": 6245.0, "params_std": 3.4641, "time_iter": 0.05942, "time_iter_std": 0.01113, "accuracy": 0.53333, "accuracy_std": 0.02708, "accuracy_max": 0.56, "precision": 0.5406, "precision_std": 0.02434, "recall": 0.7468, "recall_std": 0.0876, "f1": 0.62338, "f1_std": 0.01502, "auc": 0.54434, "auc_std": 0.0198}
{"epoch": 41, "time_epoch": 2.24119, "time_epoch_std": 0.36387, "eta": 130.257, "eta_std": 20.39527, "eta_hours": 0.03618, "eta_hours_std": 0.00567, "loss": 0.68327, "loss_std": 0.00629, "lr": 0.00064, "lr_std": 0.0, "params": 6245.0, "params_std": 3.4641, "time_iter": 0.05898, "time_iter_std": 0.00958, "accuracy": 0.55833, "accuracy_std": 0.03602, "accuracy_max": 0.61333, "precision": 0.5576, "precision_std": 0.03347, "recall": 0.78526, "recall_std": 0.07102, "f1": 0.6488, "f1_std": 0.0104, "auc": 0.56677, "auc_std": 0.02576}
{"epoch": 42, "time_epoch": 2.20743, "time_epoch_std": 0.35202, "eta": 127.96032, "eta_std": 20.04387, "eta_hours": 0.03554, "eta_hours_std": 0.00557, "loss": 0.68096, "loss_std": 0.00745, "lr": 0.00062, "lr_std": 0.0, "params": 6245.0, "params_std": 3.4641, "time_iter": 0.05809, "time_iter_std": 0.00926, "accuracy": 0.57, "accuracy_std": 0.04655, "accuracy_max": 0.61333, "precision": 0.56456, "precision_std": 0.0335, "recall": 0.78846, "recall_std": 0.05006, "f1": 0.65633, "f1_std": 0.02522, "auc": 0.58498, "auc_std": 0.05106}
{"epoch": 43, "time_epoch": 2.23852, "time_epoch_std": 0.33233, "eta": 125.70726, "eta_std": 19.66587, "eta_hours": 0.03492, "eta_hours_std": 0.00546, "loss": 0.68616, "loss_std": 0.00699, "lr": 0.00061, "lr_std": 0.0, "params": 6245.0, "params_std": 3.4641, "time_iter": 0.05891, "time_iter_std": 0.00874, "accuracy": 0.53833, "accuracy_std": 0.01908, "accuracy_max": 0.56, "precision": 0.5423, "precision_std": 0.01608, "recall": 0.74359, "recall_std": 0.06844, "f1": 0.62528, "f1_std": 0.01732, "auc": 0.55484, "auc_std": 0.03561}
{"epoch": 44, "time_epoch": 2.22052, "time_epoch_std": 0.30348, "eta": 123.43285, "eta_std": 19.25539, "eta_hours": 0.03429, "eta_hours_std": 0.00535, "loss": 0.68232, "loss_std": 0.01293, "lr": 0.00059, "lr_std": 0.0, "params": 6245.0, "params_std": 3.4641, "time_iter": 0.05843, "time_iter_std": 0.00799, "accuracy": 0.54333, "accuracy_std": 0.03416, "accuracy_max": 0.58667, "precision": 0.54518, "precision_std": 0.02461, "recall": 0.74038, "recall_std": 0.03189, "f1": 0.62779, "f1_std": 0.02588, "auc": 0.5779, "auc_std": 0.06001}
{"epoch": 45, "time_epoch": 2.32297, "time_epoch_std": 0.46608, "eta": 121.28104, "eta_std": 19.00478, "eta_hours": 0.03369, "eta_hours_std": 0.00528, "loss": 0.68643, "loss_std": 0.00544, "lr": 0.00058, "lr_std": 0.0, "params": 6245.0, "params_std": 3.4641, "time_iter": 0.06113, "time_iter_std": 0.01227, "accuracy": 0.53834, "accuracy_std": 0.01848, "accuracy_max": 0.55333, "precision": 0.54367, "precision_std": 0.01486, "recall": 0.70513, "recall_std": 0.03268, "f1": 0.6135, "f1_std": 0.01491, "auc": 0.55632, "auc_std": 0.02762}
{"epoch": 46, "time_epoch": 2.32284, "time_epoch_std": 0.46957, "eta": 119.1218, "eta_std": 18.75562, "eta_hours": 0.03309, "eta_hours_std": 0.00521, "loss": 0.68727, "loss_std": 0.00229, "lr": 0.00056, "lr_std": 0.0, "params": 6245.0, "params_std": 3.4641, "time_iter": 0.06112, "time_iter_std": 0.01236, "accuracy": 0.53667, "accuracy_std": 0.02236, "accuracy_max": 0.56667, "precision": 0.54117, "precision_std": 0.01654, "recall": 0.71474, "recall_std": 0.04566, "f1": 0.61554, "f1_std": 0.02429, "auc": 0.55961, "auc_std": 0.01269}
{"epoch": 47, "time_epoch": 2.22965, "time_epoch_std": 0.31268, "eta": 116.8548, "eta_std": 18.35635, "eta_hours": 0.03246, "eta_hours_std": 0.0051, "loss": 0.6879, "loss_std": 0.00661, "lr": 0.00055, "lr_std": 0.0, "params": 6245.0, "params_std": 3.4641, "time_iter": 0.05868, "time_iter_std": 0.00823, "accuracy": 0.545, "accuracy_std": 0.0387, "accuracy_max": 0.58667, "precision": 0.54712, "precision_std": 0.02871, "recall": 0.73718, "recall_std": 0.02311, "f1": 0.62791, "f1_std": 0.0261, "auc": 0.53824, "auc_std": 0.03832}
{"epoch": 48, "time_epoch": 2.24507, "time_epoch_std": 0.31335, "eta": 114.60537, "eta_std": 17.95927, "eta_hours": 0.03184, "eta_hours_std": 0.00499, "loss": 0.6925, "loss_std": 0.00674, "lr": 0.00053, "lr_std": 0.0, "params": 6245.0, "params_std": 3.4641, "time_iter": 0.05908, "time_iter_std": 0.00825, "accuracy": 0.52833, "accuracy_std": 0.0119, "accuracy_max": 0.54, "precision": 0.53479, "precision_std": 0.00828, "recall": 0.71475, "recall_std": 0.03779, "f1": 0.61141, "f1_std": 0.01641, "auc": 0.52346, "auc_std": 0.03509}
{"epoch": 49, "time_epoch": 2.20096, "time_epoch_std": 0.31531, "eta": 112.312, "eta_std": 17.56863, "eta_hours": 0.0312, "eta_hours_std": 0.00488, "loss": 0.68616, "loss_std": 0.00669, "lr": 0.00052, "lr_std": 0.0, "params": 6245.0, "params_std": 3.4641, "time_iter": 0.05792, "time_iter_std": 0.0083, "accuracy": 0.55833, "accuracy_std": 0.02598, "accuracy_max": 0.59333, "precision": 0.55461, "precision_std": 0.01872, "recall": 0.76923, "recall_std": 0.04054, "f1": 0.64407, "f1_std": 0.02171, "auc": 0.54959, "auc_std": 0.03032}
{"epoch": 50, "time_epoch": 2.24692, "time_epoch_std": 0.3203, "eta": 110.06641, "eta_std": 17.18668, "eta_hours": 0.03058, "eta_hours_std": 0.00477, "loss": 0.69539, "loss_std": 0.00592, "lr": 0.0005, "lr_std": 0.0, "params": 6245.0, "params_std": 3.4641, "time_iter": 0.05913, "time_iter_std": 0.00843, "accuracy": 0.515, "accuracy_std": 0.02511, "accuracy_max": 0.54, "precision": 0.52398, "precision_std": 0.01655, "recall": 0.70834, "recall_std": 0.07441, "f1": 0.60146, "f1_std": 0.03617, "auc": 0.511, "auc_std": 0.01816}
{"epoch": 51, "time_epoch": 2.21064, "time_epoch_std": 0.32736, "eta": 107.78727, "eta_std": 16.81433, "eta_hours": 0.02994, "eta_hours_std": 0.00467, "loss": 0.68075, "loss_std": 0.01119, "lr": 0.00048, "lr_std": 0.0, "params": 6245.0, "params_std": 3.4641, "time_iter": 0.05818, "time_iter_std": 0.00862, "accuracy": 0.57, "accuracy_std": 0.05344, "accuracy_max": 0.66, "precision": 0.5627, "precision_std": 0.03887, "recall": 0.78526, "recall_std": 0.06106, "f1": 0.65494, "f1_std": 0.04276, "auc": 0.57488, "auc_std": 0.0686}
{"epoch": 52, "time_epoch": 2.23538, "time_epoch_std": 0.31911, "eta": 105.53267, "eta_std": 16.43594, "eta_hours": 0.02931, "eta_hours_std": 0.00457, "loss": 0.68744, "loss_std": 0.00685, "lr": 0.00047, "lr_std": 0.0, "params": 6245.0, "params_std": 3.4641, "time_iter": 0.05882, "time_iter_std": 0.0084, "accuracy": 0.55667, "accuracy_std": 0.02687, "accuracy_max": 0.59333, "precision": 0.55447, "precision_std": 0.02023, "recall": 0.7532, "recall_std": 0.05542, "f1": 0.63796, "f1_std": 0.02742, "auc": 0.53958, "auc_std": 0.03084}
{"epoch": 53, "time_epoch": 2.23532, "time_epoch_std": 0.34877, "eta": 103.27872, "eta_std": 16.08332, "eta_hours": 0.02869, "eta_hours_std": 0.00447, "loss": 0.68427, "loss_std": 0.00541, "lr": 0.00045, "lr_std": 0.0, "params": 6245.0, "params_std": 3.4641, "time_iter": 0.05882, "time_iter_std": 0.00918, "accuracy": 0.565, "accuracy_std": 0.0401, "accuracy_max": 0.61333, "precision": 0.55853, "precision_std": 0.0284, "recall": 0.79166, "recall_std": 0.03437, "f1": 0.65454, "f1_std": 0.02679, "auc": 0.56112, "auc_std": 0.03142}
{"epoch": 54, "time_epoch": 2.27845, "time_epoch_std": 0.38569, "eta": 101.06074, "eta_std": 15.75889, "eta_hours": 0.02807, "eta_hours_std": 0.00438, "loss": 0.68429, "loss_std": 0.0084, "lr": 0.00044, "lr_std": 0.0, "params": 6245.0, "params_std": 3.4641, "time_iter": 0.05996, "time_iter_std": 0.01015, "accuracy": 0.55, "accuracy_std": 0.04069, "accuracy_max": 0.59333, "precision": 0.55255, "precision_std": 0.0325, "recall": 0.73398, "recall_std": 0.0292, "f1": 0.6296, "f1_std": 0.02257, "auc": 0.54803, "auc_std": 0.04059}
{"epoch": 55, "time_epoch": 2.26189, "time_epoch_std": 0.38829, "eta": 98.8276, "eta_std": 15.43506, "eta_hours": 0.02745, "eta_hours_std": 0.00429, "loss": 0.67844, "loss_std": 0.00728, "lr": 0.00042, "lr_std": 0.0, "params": 6245.0, "params_std": 3.4641, "time_iter": 0.05952, "time_iter_std": 0.01022, "accuracy": 0.56666, "accuracy_std": 0.01054, "accuracy_max": 0.58, "precision": 0.56194, "precision_std": 0.01189, "recall": 0.76602, "recall_std": 0.04476, "f1": 0.64732, "f1_std": 0.00923, "auc": 0.58779, "auc_std": 0.03404}
{"epoch": 56, "time_epoch": 2.21097, "time_epoch_std": 0.3514, "eta": 96.55502, "eta_std": 15.08464, "eta_hours": 0.02682, "eta_hours_std": 0.00419, "loss": 0.68093, "loss_std": 0.00538, "lr": 0.00041, "lr_std": 0.0, "params": 6245.0, "params_std": 3.4641, "time_iter": 0.05818, "time_iter_std": 0.00925, "accuracy": 0.55167, "accuracy_std": 0.01907, "accuracy_max": 0.58, "precision": 0.55164, "precision_std": 0.01571, "recall": 0.74359, "recall_std": 0.04533, "f1": 0.63264, "f1_std": 0.01744, "auc": 0.57697, "auc_std": 0.02397}
{"epoch": 57, "time_epoch": 2.21268, "time_epoch_std": 0.35294, "eta": 94.28581, "eta_std": 14.73488, "eta_hours": 0.02619, "eta_hours_std": 0.00409, "loss": 0.68385, "loss_std": 0.00309, "lr": 0.00039, "lr_std": 0.0, "params": 6245.0, "params_std": 3.4641, "time_iter": 0.05823, "time_iter_std": 0.00929, "accuracy": 0.54333, "accuracy_std": 0.02769, "accuracy_max": 0.58667, "precision": 0.54768, "precision_std": 0.02058, "recall": 0.69872, "recall_std": 0.06874, "f1": 0.6128, "f1_std": 0.03465, "auc": 0.57439, "auc_std": 0.01241}
{"epoch": 58, "time_epoch": 2.20871, "time_epoch_std": 0.31671, "eta": 92.01576, "eta_std": 14.35882, "eta_hours": 0.02556, "eta_hours_std": 0.00399, "loss": 0.68275, "loss_std": 0.00652, "lr": 0.00038, "lr_std": 0.0, "params": 6245.0, "params_std": 3.4641, "time_iter": 0.05812, "time_iter_std": 0.00833, "accuracy": 0.575, "accuracy_std": 0.0159, "accuracy_max": 0.59333, "precision": 0.57159, "precision_std": 0.01651, "recall": 0.74038, "recall_std": 0.03668, "f1": 0.6442, "f1_std": 0.00648, "auc": 0.56446, "auc_std": 0.04261}
{"epoch": 59, "time_epoch": 2.23388, "time_epoch_std": 0.33423, "eta": 89.76454, "eta_std": 13.99737, "eta_hours": 0.02494, "eta_hours_std": 0.00389, "loss": 0.68686, "loss_std": 0.00371, "lr": 0.00036, "lr_std": 0.0, "params": 6245.0, "params_std": 3.4641, "time_iter": 0.05878, "time_iter_std": 0.00879, "accuracy": 0.55, "accuracy_std": 0.01527, "accuracy_max": 0.56667, "precision": 0.55395, "precision_std": 0.01393, "recall": 0.69872, "recall_std": 0.05625, "f1": 0.61677, "f1_std": 0.02011, "auc": 0.55493, "auc_std": 0.01878}
{"epoch": 60, "time_epoch": 2.21819, "time_epoch_std": 0.36996, "eta": 87.50386, "eta_std": 13.65945, "eta_hours": 0.0243, "eta_hours_std": 0.00379, "loss": 0.68793, "loss_std": 0.00441, "lr": 0.00035, "lr_std": 0.0, "params": 6245.0, "params_std": 3.4641, "time_iter": 0.05838, "time_iter_std": 0.00974, "accuracy": 0.55, "accuracy_std": 0.01527, "accuracy_max": 0.56667, "precision": 0.55098, "precision_std": 0.01286, "recall": 0.73398, "recall_std": 0.05078, "f1": 0.62854, "f1_std": 0.01779, "auc": 0.55213, "auc_std": 0.0256}
{"epoch": 61, "time_epoch": 2.22228, "time_epoch_std": 0.36182, "eta": 85.24704, "eta_std": 13.31542, "eta_hours": 0.02368, "eta_hours_std": 0.0037, "loss": 0.67791, "loss_std": 0.00676, "lr": 0.00033, "lr_std": 0.0, "params": 6245.0, "params_std": 3.4641, "time_iter": 0.05848, "time_iter_std": 0.00952, "accuracy": 0.595, "accuracy_std": 0.03602, "accuracy_max": 0.64, "precision": 0.58456, "precision_std": 0.02948, "recall": 0.77564, "recall_std": 0.02937, "f1": 0.66608, "f1_std": 0.02293, "auc": 0.59584, "auc_std": 0.03192}
{"epoch": 62, "time_epoch": 2.21069, "time_epoch_std": 0.31785, "eta": 82.98452, "eta_std": 12.94554, "eta_hours": 0.02305, "eta_hours_std": 0.00359, "loss": 0.68899, "loss_std": 0.00693, "lr": 0.00032, "lr_std": 0.0, "params": 6245.0, "params_std": 3.4641, "time_iter": 0.05818, "time_iter_std": 0.00836, "accuracy": 0.54667, "accuracy_std": 0.03559, "accuracy_max": 0.6, "precision": 0.54778, "precision_std": 0.02563, "recall": 0.73077, "recall_std": 0.06215, "f1": 0.62556, "f1_std": 0.03633, "auc": 0.53855, "auc_std": 0.02968}
{"epoch": 63, "time_epoch": 2.22644, "time_epoch_std": 0.33669, "eta": 80.73248, "eta_std": 12.58721, "eta_hours": 0.02242, "eta_hours_std": 0.0035, "loss": 0.68346, "loss_std": 0.00912, "lr": 0.0003, "lr_std": 0.0, "params": 6245.0, "params_std": 3.4641, "time_iter": 0.05859, "time_iter_std": 0.00886, "accuracy": 0.56666, "accuracy_std": 0.04738, "accuracy_max": 0.64, "precision": 0.56244, "precision_std": 0.03595, "recall": 0.76282, "recall_std": 0.05325, "f1": 0.64672, "f1_std": 0.03671, "auc": 0.57773, "auc_std": 0.03404}
{"epoch": 64, "time_epoch": 2.22726, "time_epoch_std": 0.33758, "eta": 78.48167, "eta_std": 12.22949, "eta_hours": 0.0218, "eta_hours_std": 0.00339, "loss": 0.68934, "loss_std": 0.00747, "lr": 0.00029, "lr_std": 0.0, "params": 6245.0, "params_std": 3.4641, "time_iter": 0.05861, "time_iter_std": 0.00888, "accuracy": 0.525, "accuracy_std": 0.0264, "accuracy_max": 0.56, "precision": 0.5321, "precision_std": 0.01966, "recall": 0.72116, "recall_std": 0.05078, "f1": 0.61173, "f1_std": 0.02579, "auc": 0.54892, "auc_std": 0.03955}
{"epoch": 65, "time_epoch": 2.21625, "time_epoch_std": 0.34961, "eta": 76.2259, "eta_std": 11.88, "eta_hours": 0.02118, "eta_hours_std": 0.0033, "loss": 0.69426, "loss_std": 0.00528, "lr": 0.00027, "lr_std": 0.0, "params": 6245.0, "params_std": 3.4641, "time_iter": 0.05832, "time_iter_std": 0.0092, "accuracy": 0.49833, "accuracy_std": 0.01443, "accuracy_max": 0.52, "precision": 0.51292, "precision_std": 0.00972, "recall": 0.6827, "recall_std": 0.04743, "f1": 0.58531, "f1_std": 0.0225, "auc": 0.5093, "auc_std": 0.03351}
{"epoch": 66, "time_epoch": 2.20029, "time_epoch_std": 0.32115, "eta": 73.96345, "eta_std": 11.51594, "eta_hours": 0.02054, "eta_hours_std": 0.0032, "loss": 0.68217, "loss_std": 0.00594, "lr": 0.00026, "lr_std": 0.0, "params": 6245.0, "params_std": 3.4641, "time_iter": 0.0579, "time_iter_std": 0.00845, "accuracy": 0.56167, "accuracy_std": 0.04038, "accuracy_max": 0.60667, "precision": 0.55957, "precision_std": 0.02855, "recall": 0.73398, "recall_std": 0.06039, "f1": 0.63458, "f1_std": 0.03809, "auc": 0.57278, "auc_std": 0.03131}
{"epoch": 67, "time_epoch": 2.21628, "time_epoch_std": 0.32634, "eta": 71.71035, "eta_std": 11.15605, "eta_hours": 0.01992, "eta_hours_std": 0.0031, "loss": 0.6865, "loss_std": 0.00707, "lr": 0.00025, "lr_std": 0.0, "params": 6245.0, "params_std": 3.4641, "time_iter": 0.05832, "time_iter_std": 0.00859, "accuracy": 0.55167, "accuracy_std": 0.02511, "accuracy_max": 0.58, "precision": 0.55165, "precision_std": 0.01831, "recall": 0.73718, "recall_std": 0.02126, "f1": 0.63105, "f1_std": 0.01965, "auc": 0.54033, "auc_std": 0.03464}
{"epoch": 68, "time_epoch": 2.22933, "time_epoch_std": 0.34413, "eta": 69.46419, "eta_std": 10.80503, "eta_hours": 0.0193, "eta_hours_std": 0.003, "loss": 0.68458, "loss_std": 0.0062, "lr": 0.00023, "lr_std": 0.0, "params": 6245.0, "params_std": 3.4641, "time_iter": 0.05867, "time_iter_std": 0.00906, "accuracy": 0.55, "accuracy_std": 0.04014, "accuracy_max": 0.59333, "precision": 0.55177, "precision_std": 0.0304, "recall": 0.72756, "recall_std": 0.03189, "f1": 0.62732, "f1_std": 0.02899, "auc": 0.56335, "auc_std": 0.02888}
{"epoch": 69, "time_epoch": 2.23688, "time_epoch_std": 0.31426, "eta": 67.22174, "eta_std": 10.4415, "eta_hours": 0.01867, "eta_hours_std": 0.0029, "loss": 0.68282, "loss_std": 0.00318, "lr": 0.00022, "lr_std": 0.0, "params": 6245.0, "params_std": 3.4641, "time_iter": 0.05887, "time_iter_std": 0.00827, "accuracy": 0.57, "accuracy_std": 0.02333, "accuracy_max": 0.59333, "precision": 0.56486, "precision_std": 0.01761, "recall": 0.75641, "recall_std": 0.02027, "f1": 0.64664, "f1_std": 0.01706, "auc": 0.57323, "auc_std": 0.01692}
{"epoch": 70, "time_epoch": 2.24644, "time_epoch_std": 0.34814, "eta": 64.98334, "eta_std": 10.09271, "eta_hours": 0.01805, "eta_hours_std": 0.00281, "loss": 0.68532, "loss_std": 0.00252, "lr": 0.00021, "lr_std": 0.0, "params": 6245.0, "params_std": 3.4641, "time_iter": 0.05912, "time_iter_std": 0.00916, "accuracy": 0.55, "accuracy_std": 0.03215, "accuracy_max": 0.58667, "precision": 0.55201, "precision_std": 0.02467, "recall": 0.72436, "recall_std": 0.02643, "f1": 0.62622, "f1_std": 0.0217, "auc": 0.55872, "auc_std": 0.01278}
{"epoch": 71, "time_epoch": 2.22644, "time_epoch_std": 0.31777, "eta": 62.73695, "eta_std": 9.73283, "eta_hours": 0.01742, "eta_hours_std": 0.0027, "loss": 0.68301, "loss_std": 0.01207, "lr": 0.00019, "lr_std": 0.0, "params": 6245.0, "params_std": 3.4641, "time_iter": 0.05859, "time_iter_std": 0.00836, "accuracy": 0.55833, "accuracy_std": 0.0128, "accuracy_max": 0.57333, "precision": 0.55787, "precision_std": 0.00841, "recall": 0.72436, "recall_std": 0.02794, "f1": 0.63019, "f1_std": 0.0156, "auc": 0.5755, "auc_std": 0.06743}
{"epoch": 72, "time_epoch": 2.22549, "time_epoch_std": 0.32648, "eta": 60.49076, "eta_std": 9.37721, "eta_hours": 0.0168, "eta_hours_std": 0.00261, "loss": 0.68285, "loss_std": 0.00692, "lr": 0.00018, "lr_std": 0.0, "params": 6245.0, "params_std": 3.4641, "time_iter": 0.05857, "time_iter_std": 0.00859, "accuracy": 0.54667, "accuracy_std": 0.04784, "accuracy_max": 0.60667, "precision": 0.54661, "precision_std": 0.03297, "recall": 0.73077, "recall_std": 0.07746, "f1": 0.62504, "f1_std": 0.04972, "auc": 0.56971, "auc_std": 0.033}
{"epoch": 73, "time_epoch": 2.22082, "time_epoch_std": 0.35266, "eta": 58.24348, "eta_std": 9.03179, "eta_hours": 0.01618, "eta_hours_std": 0.00251, "loss": 0.68834, "loss_std": 0.00685, "lr": 0.00017, "lr_std": 0.0, "params": 6245.0, "params_std": 3.4641, "time_iter": 0.05844, "time_iter_std": 0.00928, "accuracy": 0.54833, "accuracy_std": 0.03412, "accuracy_max": 0.58667, "precision": 0.55056, "precision_std": 0.02544, "recall": 0.71474, "recall_std": 0.03555, "f1": 0.62197, "f1_std": 0.02945, "auc": 0.54184, "auc_std": 0.03626}
{"epoch": 74, "time_epoch": 2.19815, "time_epoch_std": 0.35729, "eta": 55.98935, "eta_std": 8.68734, "eta_hours": 0.01555, "eta_hours_std": 0.00241, "loss": 0.68863, "loss_std": 0.01023, "lr": 0.00016, "lr_std": 0.0, "params": 6245.0, "params_std": 3.4641, "time_iter": 0.05785, "time_iter_std": 0.0094, "accuracy": 0.54333, "accuracy_std": 0.03145, "accuracy_max": 0.57333, "precision": 0.54701, "precision_std": 0.02324, "recall": 0.71154, "recall_std": 0.02937, "f1": 0.61843, "f1_std": 0.02483, "auc": 0.53975, "auc_std": 0.04941}
{"epoch": 75, "time_epoch": 2.23013, "time_epoch_std": 0.34812, "eta": 53.74679, "eta_std": 8.3395, "eta_hours": 0.01493, "eta_hours_std": 0.00232, "loss": 0.68924, "loss_std": 0.00865, "lr": 0.00015, "lr_std": 0.0, "params": 6245.0, "params_std": 3.4641, "time_iter": 0.05869, "time_iter_std": 0.00916, "accuracy": 0.53, "accuracy_std": 0.02728, "accuracy_max": 0.55333, "precision": 0.53654, "precision_std": 0.02046, "recall": 0.70834, "recall_std": 0.03779, "f1": 0.61029, "f1_std": 0.02419, "auc": 0.53588, "auc_std": 0.04508}
{"epoch": 76, "time_epoch": 2.22891, "time_epoch_std": 0.34753, "eta": 51.5042, "eta_std": 7.99156, "eta_hours": 0.0143, "eta_hours_std": 0.00222, "loss": 0.68026, "loss_std": 0.00969, "lr": 0.00014, "lr_std": 0.0, "params": 6245.0, "params_std": 3.4641, "time_iter": 0.05866, "time_iter_std": 0.00915, "accuracy": 0.55833, "accuracy_std": 0.04432, "accuracy_max": 0.61333, "precision": 0.55792, "precision_std": 0.03238, "recall": 0.72436, "recall_std": 0.04667, "f1": 0.63028, "f1_std": 0.03794, "auc": 0.58066, "auc_std": 0.05402}
{"epoch": 77, "time_epoch": 2.21246, "time_epoch_std": 0.34085, "eta": 49.2573, "eta_std": 7.64191, "eta_hours": 0.01368, "eta_hours_std": 0.00212, "loss": 0.67945, "loss_std": 0.00617, "lr": 0.00012, "lr_std": 0.0, "params": 6245.0, "params_std": 3.4641, "time_iter": 0.05822, "time_iter_std": 0.00897, "accuracy": 0.57167, "accuracy_std": 0.02882, "accuracy_max": 0.62, "precision": 0.5692, "precision_std": 0.02115, "recall": 0.72436, "recall_std": 0.03682, "f1": 0.63733, "f1_std": 0.02619, "auc": 0.58235, "auc_std": 0.02867}
{"epoch": 78, "time_epoch": 2.19655, "time_epoch_std": 0.34525, "eta": 47.00706, "eta_std": 7.29375, "eta_hours": 0.01306, "eta_hours_std": 0.00203, "loss": 0.68912, "loss_std": 0.00504, "lr": 0.00011, "lr_std": 0.0, "params": 6245.0, "params_std": 3.4641, "time_iter": 0.0578, "time_iter_std": 0.00908, "accuracy": 0.54167, "accuracy_std": 0.0223, "accuracy_max": 0.56667, "precision": 0.54477, "precision_std": 0.01576, "recall": 0.71795, "recall_std": 0.03511, "f1": 0.61938, "f1_std": 0.02269, "auc": 0.53975, "auc_std": 0.02838}
{"epoch": 79, "time_epoch": 2.23864, "time_epoch_std": 0.3386, "eta": 44.76869, "eta_std": 6.94355, "eta_hours": 0.01244, "eta_hours_std": 0.00193, "loss": 0.68252, "loss_std": 0.00934, "lr": 0.0001, "lr_std": 0.0, "params": 6245.0, "params_std": 3.4641, "time_iter": 0.05891, "time_iter_std": 0.00891, "accuracy": 0.55333, "accuracy_std": 0.03432, "accuracy_max": 0.58667, "precision": 0.55415, "precision_std": 0.02543, "recall": 0.71795, "recall_std": 0.0471, "f1": 0.62532, "f1_std": 0.03291, "auc": 0.57327, "auc_std": 0.0429}
{"epoch": 80, "time_epoch": 2.23262, "time_epoch_std": 0.31208, "eta": 42.52888, "eta_std": 6.58794, "eta_hours": 0.01182, "eta_hours_std": 0.00183, "loss": 0.68321, "loss_std": 0.00639, "lr": 0.0001, "lr_std": 0.0, "params": 6245.0, "params_std": 3.4641, "time_iter": 0.05875, "time_iter_std": 0.00821, "accuracy": 0.56, "accuracy_std": 0.01826, "accuracy_max": 0.58, "precision": 0.55897, "precision_std": 0.01294, "recall": 0.72756, "recall_std": 0.03668, "f1": 0.63198, "f1_std": 0.02049, "auc": 0.56281, "auc_std": 0.02199}
{"epoch": 81, "time_epoch": 2.244, "time_epoch_std": 0.3245, "eta": 40.29176, "eta_std": 6.23628, "eta_hours": 0.0112, "eta_hours_std": 0.00173, "loss": 0.68789, "loss_std": 0.00622, "lr": 9e-05, "lr_std": 0.0, "params": 6245.0, "params_std": 3.4641, "time_iter": 0.05905, "time_iter_std": 0.00854, "accuracy": 0.55166, "accuracy_std": 0.01965, "accuracy_max": 0.58, "precision": 0.55479, "precision_std": 0.01511, "recall": 0.69872, "recall_std": 0.02311, "f1": 0.61839, "f1_std": 0.01693, "auc": 0.54656, "auc_std": 0.03744}
{"epoch": 82, "time_epoch": 2.226, "time_epoch_std": 0.33863, "eta": 38.05078, "eta_std": 5.88818, "eta_hours": 0.01057, "eta_hours_std": 0.00164, "loss": 0.6833, "loss_std": 0.00935, "lr": 8e-05, "lr_std": 0.0, "params": 6245.0, "params_std": 3.4641, "time_iter": 0.05858, "time_iter_std": 0.00891, "accuracy": 0.55333, "accuracy_std": 0.01414, "accuracy_max": 0.57333, "precision": 0.5537, "precision_std": 0.0105, "recall": 0.72756, "recall_std": 0.02289, "f1": 0.62872, "f1_std": 0.01316, "auc": 0.55667, "auc_std": 0.03862}
{"epoch": 83, "time_epoch": 2.35726, "time_epoch_std": 0.48171, "eta": 35.83516, "eta_std": 5.56193, "eta_hours": 0.00996, "eta_hours_std": 0.00154, "loss": 0.68278, "loss_std": 0.00909, "lr": 7e-05, "lr_std": 0.0, "params": 6245.0, "params_std": 3.4641, "time_iter": 0.06204, "time_iter_std": 0.01268, "accuracy": 0.55167, "accuracy_std": 0.03312, "accuracy_max": 0.6, "precision": 0.55483, "precision_std": 0.02788, "recall": 0.70834, "recall_std": 0.02623, "f1": 0.62188, "f1_std": 0.02309, "auc": 0.57225, "auc_std": 0.04272}
{"epoch": 84, "time_epoch": 2.37127, "time_epoch_std": 0.56059, "eta": 33.61868, "eta_std": 5.24311, "eta_hours": 0.00934, "eta_hours_std": 0.00146, "loss": 0.68301, "loss_std": 0.00736, "lr": 6e-05, "lr_std": 0.0, "params": 6245.0, "params_std": 3.4641, "time_iter": 0.0624, "time_iter_std": 0.01475, "accuracy": 0.55667, "accuracy_std": 0.0415, "accuracy_max": 0.62, "precision": 0.55896, "precision_std": 0.03188, "recall": 0.70192, "recall_std": 0.0399, "f1": 0.62219, "f1_std": 0.03417, "auc": 0.55956, "auc_std": 0.04169}
{"epoch": 85, "time_epoch": 2.10764, "time_epoch_std": 0.28099, "eta": 31.35569, "eta_std": 4.87784, "eta_hours": 0.00871, "eta_hours_std": 0.00135, "loss": 0.68087, "loss_std": 0.00927, "lr": 5e-05, "lr_std": 0.0, "params": 6245.0, "params_std": 3.4641, "time_iter": 0.05546, "time_iter_std": 0.0074, "accuracy": 0.55667, "accuracy_std": 0.03145, "accuracy_max": 0.58667, "precision": 0.55731, "precision_std": 0.02498, "recall": 0.72756, "recall_std": 0.02289, "f1": 0.6308, "f1_std": 0.01999, "auc": 0.57421, "auc_std": 0.0331}
{"epoch": 86, "time_epoch": 2.31492, "time_epoch_std": 0.43992, "eta": 29.12724, "eta_std": 4.53938, "eta_hours": 0.00809, "eta_hours_std": 0.00126, "loss": 0.68564, "loss_std": 0.00468, "lr": 5e-05, "lr_std": 0.0, "params": 6245.0, "params_std": 3.4641, "time_iter": 0.06092, "time_iter_std": 0.01158, "accuracy": 0.54666, "accuracy_std": 0.0231, "accuracy_max": 0.58667, "precision": 0.54886, "precision_std": 0.01623, "recall": 0.71795, "recall_std": 0.03268, "f1": 0.62203, "f1_std": 0.02206, "auc": 0.55275, "auc_std": 0.02162}
{"epoch": 87, "time_epoch": 2.32408, "time_epoch_std": 0.48385, "eta": 26.89808, "eta_std": 4.20692, "eta_hours": 0.00747, "eta_hours_std": 0.00117, "loss": 0.68622, "loss_std": 0.00535, "lr": 4e-05, "lr_std": 0.0, "params": 6245.0, "params_std": 3.4641, "time_iter": 0.06116, "time_iter_std": 0.01273, "accuracy": 0.555, "accuracy_std": 0.01658, "accuracy_max": 0.58, "precision": 0.55637, "precision_std": 0.01472, "recall": 0.71795, "recall_std": 0.00907, "f1": 0.6267, "f1_std": 0.00645, "auc": 0.5491, "auc_std": 0.02249}
{"epoch": 88, "time_epoch": 2.25188, "time_epoch_std": 0.3826, "eta": 24.65785, "eta_std": 3.85998, "eta_hours": 0.00685, "eta_hours_std": 0.00107, "loss": 0.68309, "loss_std": 0.01007, "lr": 4e-05, "lr_std": 0.0, "params": 6245.0, "params_std": 3.4641, "time_iter": 0.05926, "time_iter_std": 0.01007, "accuracy": 0.575, "accuracy_std": 0.02641, "accuracy_max": 0.60667, "precision": 0.57134, "precision_std": 0.02205, "recall": 0.73718, "recall_std": 0.02937, "f1": 0.64338, "f1_std": 0.01966, "auc": 0.56811, "auc_std": 0.04287}
{"epoch": 89, "time_epoch": 2.13205, "time_epoch_std": 0.34205, "eta": 22.40405, "eta_std": 3.50063, "eta_hours": 0.00622, "eta_hours_std": 0.00097, "loss": 0.6866, "loss_std": 0.00466, "lr": 3e-05, "lr_std": 0.0, "params": 6245.0, "params_std": 3.4641, "time_iter": 0.05611, "time_iter_std": 0.009, "accuracy": 0.545, "accuracy_std": 0.01093, "accuracy_max": 0.55333, "precision": 0.54697, "precision_std": 0.00625, "recall": 0.72436, "recall_std": 0.043, "f1": 0.62289, "f1_std": 0.0198, "auc": 0.54688, "auc_std": 0.02041}
{"epoch": 90, "time_epoch": 2.11242, "time_epoch_std": 0.32403, "eta": 20.15099, "eta_std": 3.1445, "eta_hours": 0.0056, "eta_hours_std": 0.00087, "loss": 0.68144, "loss_std": 0.00666, "lr": 2e-05, "lr_std": 0.0, "params": 6245.0, "params_std": 3.4641, "time_iter": 0.05559, "time_iter_std": 0.00853, "accuracy": 0.57333, "accuracy_std": 0.03091, "accuracy_max": 0.60667, "precision": 0.56977, "precision_std": 0.02519, "recall": 0.74038, "recall_std": 0.01896, "f1": 0.64372, "f1_std": 0.02037, "auc": 0.5718, "auc_std": 0.03356}
{"epoch": 91, "time_epoch": 2.19005, "time_epoch_std": 0.33436, "eta": 17.90774, "eta_std": 2.79361, "eta_hours": 0.00497, "eta_hours_std": 0.00078, "loss": 0.67644, "loss_std": 0.01048, "lr": 2e-05, "lr_std": 0.0, "params": 6245.0, "params_std": 3.4641, "time_iter": 0.05763, "time_iter_std": 0.0088, "accuracy": 0.57667, "accuracy_std": 0.03543, "accuracy_max": 0.62667, "precision": 0.57255, "precision_std": 0.02903, "recall": 0.74359, "recall_std": 0.00907, "f1": 0.64671, "f1_std": 0.02194, "auc": 0.58832, "auc_std": 0.04321}
{"epoch": 92, "time_epoch": 2.09203, "time_epoch_std": 0.2936, "eta": 15.65824, "eta_std": 2.43409, "eta_hours": 0.00435, "eta_hours_std": 0.00068, "loss": 0.67855, "loss_std": 0.0074, "lr": 2e-05, "lr_std": 0.0, "params": 6245.0, "params_std": 3.4641, "time_iter": 0.05506, "time_iter_std": 0.00773, "accuracy": 0.55333, "accuracy_std": 0.03742, "accuracy_max": 0.59333, "precision": 0.55471, "precision_std": 0.02745, "recall": 0.70834, "recall_std": 0.05078, "f1": 0.62206, "f1_std": 0.03659, "auc": 0.58195, "auc_std": 0.02564}
{"epoch": 93, "time_epoch": 2.23627, "time_epoch_std": 0.34076, "eta": 13.42131, "eta_std": 2.08566, "eta_hours": 0.00373, "eta_hours_std": 0.00058, "loss": 0.68539, "loss_std": 0.00271, "lr": 1e-05, "lr_std": 0.0, "params": 6245.0, "params_std": 3.4641, "time_iter": 0.05885, "time_iter_std": 0.00897, "accuracy": 0.55, "accuracy_std": 0.01795, "accuracy_max": 0.57333, "precision": 0.55171, "precision_std": 0.01083, "recall": 0.71154, "recall_std": 0.05168, "f1": 0.62106, "f1_std": 0.02628, "auc": 0.55774, "auc_std": 0.01822}
{"epoch": 94, "time_epoch": 2.20045, "time_epoch_std": 0.32955, "eta": 11.18251, "eta_std": 1.73701, "eta_hours": 0.0031, "eta_hours_std": 0.00048, "loss": 0.68073, "loss_std": 0.00627, "lr": 1e-05, "lr_std": 0.0, "params": 6245.0, "params_std": 3.4641, "time_iter": 0.05791, "time_iter_std": 0.00867, "accuracy": 0.55167, "accuracy_std": 0.02958, "accuracy_max": 0.6, "precision": 0.55421, "precision_std": 0.02392, "recall": 0.71154, "recall_std": 0.03452, "f1": 0.62269, "f1_std": 0.0233, "auc": 0.57136, "auc_std": 0.02566}
{"epoch": 95, "time_epoch": 2.14922, "time_epoch_std": 0.30485, "eta": 8.94237, "eta_std": 1.38724, "eta_hours": 0.00249, "eta_hours_std": 0.00038, "loss": 0.68201, "loss_std": 0.00441, "lr": 1e-05, "lr_std": 0.0, "params": 6245.0, "params_std": 3.4641, "time_iter": 0.05656, "time_iter_std": 0.00802, "accuracy": 0.55833, "accuracy_std": 0.0128, "accuracy_max": 0.57333, "precision": 0.55735, "precision_std": 0.00861, "recall": 0.73077, "recall_std": 0.02398, "f1": 0.63232, "f1_std": 0.01392, "auc": 0.56842, "auc_std": 0.01543}
{"epoch": 96, "time_epoch": 2.62675, "time_epoch_std": 0.94904, "eta": 6.71888, "eta_std": 1.052, "eta_hours": 0.00187, "eta_hours_std": 0.00029, "loss": 0.67282, "loss_std": 0.01153, "lr": 0.0, "lr_std": 0.0, "params": 6245.0, "params_std": 3.4641, "time_iter": 0.06913, "time_iter_std": 0.02498, "accuracy": 0.57834, "accuracy_std": 0.0354, "accuracy_max": 0.60667, "precision": 0.57321, "precision_std": 0.02724, "recall": 0.74359, "recall_std": 0.0314, "f1": 0.64725, "f1_std": 0.02777, "auc": 0.6137, "auc_std": 0.0554}
{"epoch": 97, "time_epoch": 2.32065, "time_epoch_std": 0.45874, "eta": 4.4809, "eta_std": 0.70297, "eta_hours": 0.00124, "eta_hours_std": 0.00019, "loss": 0.67964, "loss_std": 0.00647, "lr": 0.0, "lr_std": 0.0, "params": 6245.0, "params_std": 3.4641, "time_iter": 0.06107, "time_iter_std": 0.01207, "accuracy": 0.55, "accuracy_std": 0.02427, "accuracy_max": 0.58, "precision": 0.55347, "precision_std": 0.01916, "recall": 0.70192, "recall_std": 0.01896, "f1": 0.61876, "f1_std": 0.01684, "auc": 0.58805, "auc_std": 0.01981}
{"epoch": 98, "time_epoch": 2.10025, "time_epoch_std": 0.30013, "eta": 2.23904, "eta_std": 0.35045, "eta_hours": 0.00062, "eta_hours_std": 0.0001, "loss": 0.69039, "loss_std": 0.00843, "lr": 0.0, "lr_std": 0.0, "params": 6245.0, "params_std": 3.4641, "time_iter": 0.05527, "time_iter_std": 0.0079, "accuracy": 0.54833, "accuracy_std": 0.02375, "accuracy_max": 0.58, "precision": 0.55165, "precision_std": 0.0173, "recall": 0.69872, "recall_std": 0.03205, "f1": 0.6165, "f1_std": 0.02323, "auc": 0.54167, "auc_std": 0.03697}
{"epoch": 99, "time_epoch": 2.03736, "time_epoch_std": 0.30646, "eta": 0.0, "eta_std": 0.0, "eta_hours": 0.0, "eta_hours_std": 0.0, "loss": 0.68768, "loss_std": 0.00274, "lr": 0.0, "lr_std": 0.0, "params": 6245.0, "params_std": 3.4641, "time_iter": 0.05362, "time_iter_std": 0.00806, "accuracy": 0.54, "accuracy_std": 0.00943, "accuracy_max": 0.55333, "precision": 0.5446, "precision_std": 0.00545, "recall": 0.70192, "recall_std": 0.04288, "f1": 0.61286, "f1_std": 0.01945, "auc": 0.54398, "auc_std": 0.01632}
