{"epoch": 0, "time_epoch": 22.44579, "eta": 2222.13317, "eta_hours": 0.61726, "loss": 0.68221162, "lr": 0.001, "params": 6697, "time_iter": 0.15269, "accuracy": 0.55272, "precision": 0.46815, "recall": 0.60494, "f1": 0.52783, "auc": 0.57372}
{"epoch": 1, "time_epoch": 10.60014, "eta": 1619.25045, "eta_hours": 0.44979, "loss": 0.6105283, "lr": 0.00099975, "params": 6697, "time_iter": 0.07211, "accuracy": 0.69218, "precision": 0.69872, "recall": 0.44856, "f1": 0.54637, "auc": 0.69705}
{"epoch": 2, "time_epoch": 10.12245, "eta": 1395.77751, "eta_hours": 0.38772, "loss": 0.60620894, "lr": 0.00099901, "params": 6697, "time_iter": 0.06886, "accuracy": 0.68197, "precision": 0.67949, "recall": 0.43621, "f1": 0.53133, "auc": 0.70858}
{"epoch": 3, "time_epoch": 9.81066, "eta": 1271.49682, "eta_hours": 0.35319, "loss": 0.57394693, "lr": 0.00099778, "params": 6697, "time_iter": 0.06674, "accuracy": 0.71769, "precision": 0.71271, "recall": 0.53086, "f1": 0.60849, "auc": 0.75484}
{"epoch": 4, "time_epoch": 9.52976, "eta": 1187.66712, "eta_hours": 0.32991, "loss": 0.57632716, "lr": 0.00099606, "params": 6697, "time_iter": 0.06483, "accuracy": 0.71599, "precision": 0.7, "recall": 0.54733, "f1": 0.61432, "auc": 0.76152}
{"epoch": 5, "time_epoch": 9.54468, "eta": 1128.83774, "eta_hours": 0.31357, "loss": 0.55763561, "lr": 0.00099384, "params": 6697, "time_iter": 0.06493, "accuracy": 0.72789, "precision": 0.71728, "recall": 0.56379, "f1": 0.63134, "auc": 0.77983}
{"epoch": 6, "time_epoch": 9.63671, "eta": 1085.31237, "eta_hours": 0.30148, "loss": 0.56215932, "lr": 0.00099114, "params": 6697, "time_iter": 0.06556, "accuracy": 0.7432, "precision": 0.74211, "recall": 0.58025, "f1": 0.65127, "auc": 0.77103}
{"epoch": 7, "time_epoch": 9.73403, "eta": 1051.3784, "eta_hours": 0.29205, "loss": 0.56233309, "lr": 0.00098796, "params": 6697, "time_iter": 0.06622, "accuracy": 0.7551, "precision": 0.75916, "recall": 0.59671, "f1": 0.6682, "auc": 0.76765}
{"epoch": 8, "time_epoch": 9.59359, "eta": 1021.40222, "eta_hours": 0.28372, "loss": 0.55797122, "lr": 0.00098429, "params": 6697, "time_iter": 0.06526, "accuracy": 0.73299, "precision": 0.72632, "recall": 0.5679, "f1": 0.63741, "auc": 0.77093}
{"epoch": 9, "time_epoch": 9.69634, "eta": 996.42729, "eta_hours": 0.27679, "loss": 0.55480629, "lr": 0.00098015, "params": 6697, "time_iter": 0.06596, "accuracy": 0.7381, "precision": 0.72589, "recall": 0.58848, "f1": 0.65, "auc": 0.7821}
{"epoch": 10, "time_epoch": 9.52047, "eta": 972.80729, "eta_hours": 0.27022, "loss": 0.56445982, "lr": 0.00097553, "params": 6697, "time_iter": 0.06477, "accuracy": 0.73299, "precision": 0.72632, "recall": 0.5679, "f1": 0.63741, "auc": 0.77736}
{"epoch": 11, "time_epoch": 9.46626, "eta": 951.13968, "eta_hours": 0.26421, "loss": 0.56697749, "lr": 0.00097044, "params": 6697, "time_iter": 0.0644, "accuracy": 0.71939, "precision": 0.7191, "recall": 0.52675, "f1": 0.60808, "auc": 0.77039}
{"epoch": 12, "time_epoch": 9.46995, "eta": 931.37389, "eta_hours": 0.25871, "loss": 0.55135131, "lr": 0.00096489, "params": 6697, "time_iter": 0.06442, "accuracy": 0.7415, "precision": 0.74863, "recall": 0.56379, "f1": 0.64319, "auc": 0.78714}
{"epoch": 13, "time_epoch": 9.52336, "eta": 913.40705, "eta_hours": 0.25372, "loss": 0.54865222, "lr": 0.00095888, "params": 6697, "time_iter": 0.06478, "accuracy": 0.7551, "precision": 0.73684, "recall": 0.63374, "f1": 0.68142, "auc": 0.79907}
{"epoch": 14, "time_epoch": 9.45345, "eta": 896.16983, "eta_hours": 0.24894, "loss": 0.56928182, "lr": 0.00095241, "params": 6697, "time_iter": 0.06431, "accuracy": 0.7415, "precision": 0.72864, "recall": 0.59671, "f1": 0.65611, "auc": 0.77482}
{"epoch": 15, "time_epoch": 11.11295, "eta": 888.618, "eta_hours": 0.24684, "loss": 0.54304028, "lr": 0.0009455, "params": 6697, "time_iter": 0.0756, "accuracy": 0.76361, "precision": 0.78571, "recall": 0.58848, "f1": 0.67294, "auc": 0.79134}
{"epoch": 16, "time_epoch": 9.4228, "eta": 872.39527, "eta_hours": 0.24233, "loss": 0.55060305, "lr": 0.00093815, "params": 6697, "time_iter": 0.0641, "accuracy": 0.7398, "precision": 0.74457, "recall": 0.56379, "f1": 0.64169, "auc": 0.78826}
{"epoch": 17, "time_epoch": 9.42807, "eta": 856.95212, "eta_hours": 0.23804, "loss": 0.53751702, "lr": 0.00093037, "params": 6697, "time_iter": 0.06414, "accuracy": 0.7517, "precision": 0.7343, "recall": 0.62551, "f1": 0.67556, "auc": 0.79905}
{"epoch": 18, "time_epoch": 9.51551, "eta": 842.51489, "eta_hours": 0.23403, "loss": 0.57651853, "lr": 0.00092216, "params": 6697, "time_iter": 0.06473, "accuracy": 0.72109, "precision": 0.70466, "recall": 0.55967, "f1": 0.62385, "auc": 0.76868}
{"epoch": 19, "time_epoch": 9.44525, "eta": 828.28878, "eta_hours": 0.23008, "loss": 0.5739922, "lr": 0.00091354, "params": 6697, "time_iter": 0.06425, "accuracy": 0.72619, "precision": 0.73295, "recall": 0.53086, "f1": 0.61575, "auc": 0.75987}
{"epoch": 20, "time_epoch": 9.48424, "eta": 814.66468, "eta_hours": 0.2263, "loss": 0.56725439, "lr": 0.00090451, "params": 6697, "time_iter": 0.06452, "accuracy": 0.73469, "precision": 0.73016, "recall": 0.5679, "f1": 0.63889, "auc": 0.758}
{"epoch": 21, "time_epoch": 9.47514, "eta": 801.38469, "eta_hours": 0.22261, "loss": 0.5604263, "lr": 0.00089508, "params": 6697, "time_iter": 0.06446, "accuracy": 0.72279, "precision": 0.70833, "recall": 0.55967, "f1": 0.62529, "auc": 0.76591}
{"epoch": 22, "time_epoch": 9.4176, "eta": 788.2429, "eta_hours": 0.21896, "loss": 0.53829158, "lr": 0.00088526, "params": 6697, "time_iter": 0.06407, "accuracy": 0.7466, "precision": 0.73267, "recall": 0.60905, "f1": 0.66517, "auc": 0.794}
{"epoch": 23, "time_epoch": 9.46963, "eta": 775.57621, "eta_hours": 0.21544, "loss": 0.57032324, "lr": 0.00087506, "params": 6697, "time_iter": 0.06442, "accuracy": 0.7466, "precision": 0.76111, "recall": 0.56379, "f1": 0.64775, "auc": 0.77935}
{"epoch": 24, "time_epoch": 9.46161, "eta": 763.14123, "eta_hours": 0.21198, "loss": 0.56174072, "lr": 0.00086448, "params": 6697, "time_iter": 0.06436, "accuracy": 0.73639, "precision": 0.73656, "recall": 0.56379, "f1": 0.63869, "auc": 0.77373}
{"epoch": 25, "time_epoch": 9.44986, "eta": 750.90155, "eta_hours": 0.20858, "loss": 0.53952195, "lr": 0.00085355, "params": 6697, "time_iter": 0.06428, "accuracy": 0.75, "precision": 0.7243, "recall": 0.63786, "f1": 0.67834, "auc": 0.79678}
{"epoch": 26, "time_epoch": 9.68716, "eta": 739.51009, "eta_hours": 0.20542, "loss": 0.53414473, "lr": 0.00084227, "params": 6697, "time_iter": 0.0659, "accuracy": 0.76531, "precision": 0.76119, "recall": 0.62963, "f1": 0.68919, "auc": 0.79705}
{"epoch": 27, "time_epoch": 9.04865, "eta": 726.59849, "eta_hours": 0.20183, "loss": 0.55243814, "lr": 0.00083066, "params": 6697, "time_iter": 0.06156, "accuracy": 0.7568, "precision": 0.76316, "recall": 0.59671, "f1": 0.66975, "auc": 0.79086}
{"epoch": 28, "time_epoch": 9.39154, "eta": 714.79279, "eta_hours": 0.19855, "loss": 0.53051063, "lr": 0.00081871, "params": 6697, "time_iter": 0.06389, "accuracy": 0.7517, "precision": 0.74372, "recall": 0.60905, "f1": 0.66968, "auc": 0.79958}
{"epoch": 29, "time_epoch": 9.41999, "eta": 703.21442, "eta_hours": 0.19534, "loss": 0.54351017, "lr": 0.00080645, "params": 6697, "time_iter": 0.06408, "accuracy": 0.76701, "precision": 0.76768, "recall": 0.62551, "f1": 0.68934, "auc": 0.80063}
{"epoch": 30, "time_epoch": 9.52206, "eta": 692.00249, "eta_hours": 0.19222, "loss": 0.54917185, "lr": 0.00079389, "params": 6697, "time_iter": 0.06478, "accuracy": 0.7398, "precision": 0.74725, "recall": 0.55967, "f1": 0.64, "auc": 0.78889}
{"epoch": 31, "time_epoch": 9.46053, "eta": 680.76541, "eta_hours": 0.1891, "loss": 0.56010574, "lr": 0.00078104, "params": 6697, "time_iter": 0.06436, "accuracy": 0.7398, "precision": 0.73684, "recall": 0.57613, "f1": 0.64665, "auc": 0.78398}
{"epoch": 32, "time_epoch": 9.48829, "eta": 669.69237, "eta_hours": 0.18603, "loss": 0.54136956, "lr": 0.00076791, "params": 6697, "time_iter": 0.06455, "accuracy": 0.7432, "precision": 0.75843, "recall": 0.55556, "f1": 0.64133, "auc": 0.80106}
{"epoch": 33, "time_epoch": 9.52088, "eta": 658.77582, "eta_hours": 0.18299, "loss": 0.53003706, "lr": 0.00075452, "params": 6697, "time_iter": 0.06477, "accuracy": 0.76701, "precision": 0.73661, "recall": 0.67901, "f1": 0.70664, "auc": 0.80701}
{"epoch": 34, "time_epoch": 9.43762, "eta": 647.7844, "eta_hours": 0.17994, "loss": 0.52571979, "lr": 0.00074088, "params": 6697, "time_iter": 0.0642, "accuracy": 0.7619, "precision": 0.75122, "recall": 0.63374, "f1": 0.6875, "auc": 0.81701}
{"epoch": 35, "time_epoch": 9.5049, "eta": 636.99891, "eta_hours": 0.17694, "loss": 0.53069757, "lr": 0.000727, "params": 6697, "time_iter": 0.06466, "accuracy": 0.77381, "precision": 0.7619, "recall": 0.65844, "f1": 0.7064, "auc": 0.80958}
{"epoch": 36, "time_epoch": 9.54651, "eta": 626.3535, "eta_hours": 0.17399, "loss": 0.55279995, "lr": 0.00071289, "params": 6697, "time_iter": 0.06494, "accuracy": 0.75, "precision": 0.73762, "recall": 0.61317, "f1": 0.66966, "auc": 0.79897}
{"epoch": 37, "time_epoch": 9.55745, "eta": 615.78376, "eta_hours": 0.17105, "loss": 0.50551545, "lr": 0.00069857, "params": 6697, "time_iter": 0.06502, "accuracy": 0.77891, "precision": 0.77833, "recall": 0.65021, "f1": 0.70852, "auc": 0.8372}
{"epoch": 38, "time_epoch": 9.67294, "eta": 605.44657, "eta_hours": 0.16818, "loss": 0.55590326, "lr": 0.00068406, "params": 6697, "time_iter": 0.0658, "accuracy": 0.77041, "precision": 0.76214, "recall": 0.64609, "f1": 0.69933, "auc": 0.80355}
{"epoch": 39, "time_epoch": 9.46379, "eta": 594.82887, "eta_hours": 0.16523, "loss": 0.54145679, "lr": 0.00066937, "params": 6697, "time_iter": 0.06438, "accuracy": 0.77041, "precision": 0.78723, "recall": 0.60905, "f1": 0.68677, "auc": 0.81817}
{"epoch": 40, "time_epoch": 9.92146, "eta": 584.92606, "eta_hours": 0.16248, "loss": 0.52438935, "lr": 0.00065451, "params": 6697, "time_iter": 0.06749, "accuracy": 0.78061, "precision": 0.79082, "recall": 0.63786, "f1": 0.70615, "auc": 0.82147}
{"epoch": 41, "time_epoch": 9.47483, "eta": 574.40558, "eta_hours": 0.15956, "loss": 0.54838529, "lr": 0.0006395, "params": 6697, "time_iter": 0.06445, "accuracy": 0.7517, "precision": 0.74619, "recall": 0.60494, "f1": 0.66818, "auc": 0.80864}
{"epoch": 42, "time_epoch": 10.3388, "eta": 565.079, "eta_hours": 0.15697, "loss": 0.51956919, "lr": 0.00062434, "params": 6697, "time_iter": 0.07033, "accuracy": 0.78741, "precision": 0.78365, "recall": 0.67078, "f1": 0.72284, "auc": 0.82195}
{"epoch": 43, "time_epoch": 10.02381, "eta": 555.30552, "eta_hours": 0.15425, "loss": 0.52781674, "lr": 0.00060907, "params": 6697, "time_iter": 0.06819, "accuracy": 0.77211, "precision": 0.78836, "recall": 0.61317, "f1": 0.68981, "auc": 0.80837}
{"epoch": 44, "time_epoch": 9.74724, "eta": 545.18288, "eta_hours": 0.15144, "loss": 0.52438312, "lr": 0.00059369, "params": 6697, "time_iter": 0.06631, "accuracy": 0.76701, "precision": 0.7732, "recall": 0.61728, "f1": 0.6865, "auc": 0.82258}
{"epoch": 45, "time_epoch": 9.4331, "eta": 534.70779, "eta_hours": 0.14853, "loss": 0.55825977, "lr": 0.00057822, "params": 6697, "time_iter": 0.06417, "accuracy": 0.7602, "precision": 0.75, "recall": 0.62963, "f1": 0.68456, "auc": 0.80543}
{"epoch": 46, "time_epoch": 9.46665, "eta": 524.31487, "eta_hours": 0.14564, "loss": 0.5305729, "lr": 0.00056267, "params": 6697, "time_iter": 0.0644, "accuracy": 0.7619, "precision": 0.77838, "recall": 0.59259, "f1": 0.6729, "auc": 0.81682}
{"epoch": 47, "time_epoch": 9.45511, "eta": 513.94805, "eta_hours": 0.14276, "loss": 0.51725661, "lr": 0.00054705, "params": 6697, "time_iter": 0.06432, "accuracy": 0.78571, "precision": 0.78818, "recall": 0.65844, "f1": 0.71749, "auc": 0.82581}
{"epoch": 48, "time_epoch": 9.41588, "eta": 503.5776, "eta_hours": 0.13988, "loss": 0.55766268, "lr": 0.0005314, "params": 6697, "time_iter": 0.06405, "accuracy": 0.7585, "precision": 0.7644, "recall": 0.60082, "f1": 0.67281, "auc": 0.80866}
{"epoch": 49, "time_epoch": 9.46, "eta": 493.28945, "eta_hours": 0.13702, "loss": 0.54204795, "lr": 0.00051571, "params": 6697, "time_iter": 0.06435, "accuracy": 0.7585, "precision": 0.7672, "recall": 0.59671, "f1": 0.6713, "auc": 0.8015}
{"epoch": 50, "time_epoch": 9.48282, "eta": 483.05572, "eta_hours": 0.13418, "loss": 0.51045038, "lr": 0.0005, "params": 6697, "time_iter": 0.06451, "accuracy": 0.77721, "precision": 0.76923, "recall": 0.65844, "f1": 0.70953, "auc": 0.83187}
{"epoch": 51, "time_epoch": 9.4847, "eta": 472.85259, "eta_hours": 0.13135, "loss": 0.51286806, "lr": 0.00048429, "params": 6697, "time_iter": 0.06452, "accuracy": 0.79762, "precision": 0.79245, "recall": 0.69136, "f1": 0.73846, "auc": 0.83855}
{"epoch": 52, "time_epoch": 9.41868, "eta": 462.61803, "eta_hours": 0.12851, "loss": 0.52368229, "lr": 0.0004686, "params": 6697, "time_iter": 0.06407, "accuracy": 0.77721, "precision": 0.78866, "recall": 0.62963, "f1": 0.70023, "auc": 0.83613}
{"epoch": 53, "time_epoch": 9.44821, "eta": 452.43885, "eta_hours": 0.12568, "loss": 0.53053488, "lr": 0.00045295, "params": 6697, "time_iter": 0.06427, "accuracy": 0.77041, "precision": 0.77551, "recall": 0.62551, "f1": 0.69248, "auc": 0.82338}
{"epoch": 54, "time_epoch": 9.46465, "eta": 442.29969, "eta_hours": 0.12286, "loss": 0.51026358, "lr": 0.00043733, "params": 6697, "time_iter": 0.06439, "accuracy": 0.79762, "precision": 0.81, "recall": 0.66667, "f1": 0.73138, "auc": 0.84398}
{"epoch": 55, "time_epoch": 10.63935, "eta": 433.10761, "eta_hours": 0.12031, "loss": 0.54066781, "lr": 0.00042178, "params": 6697, "time_iter": 0.07238, "accuracy": 0.77721, "precision": 0.75926, "recall": 0.6749, "f1": 0.7146, "auc": 0.82767}
{"epoch": 56, "time_epoch": 9.3037, "eta": 422.85715, "eta_hours": 0.11746, "loss": 0.50011906, "lr": 0.00040631, "params": 6697, "time_iter": 0.06329, "accuracy": 0.77551, "precision": 0.76812, "recall": 0.65432, "f1": 0.70667, "auc": 0.84299}
{"epoch": 57, "time_epoch": 9.30371, "eta": 412.63934, "eta_hours": 0.11462, "loss": 0.49964057, "lr": 0.00039093, "params": 6697, "time_iter": 0.06329, "accuracy": 0.78401, "precision": 0.77358, "recall": 0.6749, "f1": 0.72088, "auc": 0.83985}
{"epoch": 58, "time_epoch": 9.31129, "eta": 402.45778, "eta_hours": 0.11179, "loss": 0.51967342, "lr": 0.00037566, "params": 6697, "time_iter": 0.06334, "accuracy": 0.76871, "precision": 0.77157, "recall": 0.62551, "f1": 0.69091, "auc": 0.82584}
{"epoch": 59, "time_epoch": 9.12227, "eta": 392.17922, "eta_hours": 0.10894, "loss": 0.502146, "lr": 0.0003605, "params": 6697, "time_iter": 0.06206, "accuracy": 0.78912, "precision": 0.79602, "recall": 0.65844, "f1": 0.72072, "auc": 0.84769}
{"epoch": 60, "time_epoch": 9.63644, "eta": 382.26731, "eta_hours": 0.10619, "loss": 0.49678799, "lr": 0.00034549, "params": 6697, "time_iter": 0.06555, "accuracy": 0.79592, "precision": 0.79426, "recall": 0.68313, "f1": 0.73451, "auc": 0.83994}
{"epoch": 61, "time_epoch": 9.16229, "eta": 372.07367, "eta_hours": 0.10335, "loss": 0.51066479, "lr": 0.00033063, "params": 6697, "time_iter": 0.06233, "accuracy": 0.79082, "precision": 0.79412, "recall": 0.66667, "f1": 0.72483, "auc": 0.84356}
{"epoch": 62, "time_epoch": 9.44278, "eta": 362.0775, "eta_hours": 0.10058, "loss": 0.52144119, "lr": 0.00031594, "params": 6697, "time_iter": 0.06424, "accuracy": 0.78061, "precision": 0.77404, "recall": 0.66255, "f1": 0.71397, "auc": 0.84295}
{"epoch": 63, "time_epoch": 9.72172, "eta": 352.25554, "eta_hours": 0.09785, "loss": 0.501442, "lr": 0.00030143, "params": 6697, "time_iter": 0.06613, "accuracy": 0.78741, "precision": 0.76339, "recall": 0.7037, "f1": 0.73233, "auc": 0.84778}
{"epoch": 64, "time_epoch": 9.93031, "eta": 342.54897, "eta_hours": 0.09515, "loss": 0.56110812, "lr": 0.00028711, "params": 6697, "time_iter": 0.06755, "accuracy": 0.77721, "precision": 0.76168, "recall": 0.67078, "f1": 0.71335, "auc": 0.83211}
{"epoch": 65, "time_epoch": 9.52351, "eta": 332.62606, "eta_hours": 0.0924, "loss": 0.50343102, "lr": 0.000273, "params": 6697, "time_iter": 0.06479, "accuracy": 0.78912, "precision": 0.77934, "recall": 0.68313, "f1": 0.72807, "auc": 0.84949}
{"epoch": 66, "time_epoch": 9.49502, "eta": 322.70104, "eta_hours": 0.08964, "loss": 0.52370211, "lr": 0.00025912, "params": 6697, "time_iter": 0.06459, "accuracy": 0.77721, "precision": 0.78571, "recall": 0.63374, "f1": 0.70159, "auc": 0.82274}
{"epoch": 67, "time_epoch": 9.57756, "eta": 312.82751, "eta_hours": 0.0869, "loss": 0.49857103, "lr": 0.00024548, "params": 6697, "time_iter": 0.06515, "accuracy": 0.79592, "precision": 0.78873, "recall": 0.69136, "f1": 0.73684, "auc": 0.84231}
{"epoch": 68, "time_epoch": 9.64909, "eta": 302.9947, "eta_hours": 0.08417, "loss": 0.55346808, "lr": 0.00023209, "params": 6697, "time_iter": 0.06564, "accuracy": 0.7602, "precision": 0.73611, "recall": 0.65432, "f1": 0.69281, "auc": 0.83255}
{"epoch": 69, "time_epoch": 9.64384, "eta": 293.16488, "eta_hours": 0.08143, "loss": 0.47496237, "lr": 0.00021896, "params": 6697, "time_iter": 0.0656, "accuracy": 0.79422, "precision": 0.805, "recall": 0.66255, "f1": 0.72686, "auc": 0.86141}
{"epoch": 70, "time_epoch": 9.61722, "eta": 283.32943, "eta_hours": 0.0787, "loss": 0.49031418, "lr": 0.00020611, "params": 6697, "time_iter": 0.06542, "accuracy": 0.78231, "precision": 0.80423, "recall": 0.62551, "f1": 0.7037, "auc": 0.84902}
{"epoch": 71, "time_epoch": 10.05053, "eta": 273.66856, "eta_hours": 0.07602, "loss": 0.51798496, "lr": 0.00019355, "params": 6697, "time_iter": 0.06837, "accuracy": 0.79252, "precision": 0.80711, "recall": 0.65432, "f1": 0.72273, "auc": 0.83378}
{"epoch": 72, "time_epoch": 9.60706, "eta": 263.83298, "eta_hours": 0.07329, "loss": 0.49051708, "lr": 0.00018129, "params": 6697, "time_iter": 0.06535, "accuracy": 0.79762, "precision": 0.81313, "recall": 0.66255, "f1": 0.73016, "auc": 0.85264}
{"epoch": 73, "time_epoch": 9.32418, "eta": 253.90419, "eta_hours": 0.07053, "loss": 0.50553319, "lr": 0.00016934, "params": 6697, "time_iter": 0.06343, "accuracy": 0.78571, "precision": 0.79397, "recall": 0.65021, "f1": 0.71493, "auc": 0.84535}
{"epoch": 74, "time_epoch": 9.8703, "eta": 244.17356, "eta_hours": 0.06783, "loss": 0.49603259, "lr": 0.00015773, "params": 6697, "time_iter": 0.06714, "accuracy": 0.79252, "precision": 0.78404, "recall": 0.68724, "f1": 0.73246, "auc": 0.85302}
{"epoch": 75, "time_epoch": 9.68444, "eta": 234.38056, "eta_hours": 0.06511, "loss": 0.498913, "lr": 0.00014645, "params": 6697, "time_iter": 0.06588, "accuracy": 0.76871, "precision": 0.75355, "recall": 0.65432, "f1": 0.70044, "auc": 0.84831}
{"epoch": 76, "time_epoch": 9.6909, "eta": 224.59232, "eta_hours": 0.06239, "loss": 0.45992663, "lr": 0.00013552, "params": 6697, "time_iter": 0.06592, "accuracy": 0.79762, "precision": 0.79524, "recall": 0.68724, "f1": 0.73731, "auc": 0.87027}
{"epoch": 77, "time_epoch": 9.72369, "eta": 214.81582, "eta_hours": 0.05967, "loss": 0.48820623, "lr": 0.00012494, "params": 6697, "time_iter": 0.06615, "accuracy": 0.79252, "precision": 0.7788, "recall": 0.69547, "f1": 0.73478, "auc": 0.85389}
{"epoch": 78, "time_epoch": 10.36368, "eta": 205.21078, "eta_hours": 0.057, "loss": 0.53079064, "lr": 0.00011474, "params": 6697, "time_iter": 0.0705, "accuracy": 0.77721, "precision": 0.77451, "recall": 0.65021, "f1": 0.70694, "auc": 0.82421}
{"epoch": 79, "time_epoch": 9.75058, "eta": 195.43349, "eta_hours": 0.05429, "loss": 0.4962677, "lr": 0.00010492, "params": 6697, "time_iter": 0.06633, "accuracy": 0.78912, "precision": 0.78199, "recall": 0.67901, "f1": 0.72687, "auc": 0.84763}
{"epoch": 80, "time_epoch": 9.63783, "eta": 185.63042, "eta_hours": 0.05156, "loss": 0.46891486, "lr": 9.549e-05, "params": 6697, "time_iter": 0.06556, "accuracy": 0.80102, "precision": 0.80583, "recall": 0.68313, "f1": 0.73942, "auc": 0.86269}
{"epoch": 81, "time_epoch": 9.64146, "eta": 175.83218, "eta_hours": 0.04884, "loss": 0.51641647, "lr": 8.646e-05, "params": 6697, "time_iter": 0.06559, "accuracy": 0.78401, "precision": 0.79, "recall": 0.65021, "f1": 0.71332, "auc": 0.83881}
{"epoch": 82, "time_epoch": 9.73676, "eta": 166.05723, "eta_hours": 0.04613, "loss": 0.48590531, "lr": 7.784e-05, "params": 6697, "time_iter": 0.06624, "accuracy": 0.77551, "precision": 0.7734, "recall": 0.64609, "f1": 0.70404, "auc": 0.85842}
{"epoch": 83, "time_epoch": 11.25902, "eta": 156.57315, "eta_hours": 0.04349, "loss": 0.51102732, "lr": 6.963e-05, "params": 6697, "time_iter": 0.07659, "accuracy": 0.78741, "precision": 0.79798, "recall": 0.65021, "f1": 0.71655, "auc": 0.83861}
{"epoch": 84, "time_epoch": 9.77847, "eta": 146.78603, "eta_hours": 0.04077, "loss": 0.47591195, "lr": 6.185e-05, "params": 6697, "time_iter": 0.06652, "accuracy": 0.79422, "precision": 0.79902, "recall": 0.67078, "f1": 0.72931, "auc": 0.86509}
{"epoch": 85, "time_epoch": 9.7798, "eta": 136.99933, "eta_hours": 0.03806, "loss": 0.48092234, "lr": 5.45e-05, "params": 6697, "time_iter": 0.06653, "accuracy": 0.78912, "precision": 0.80829, "recall": 0.64198, "f1": 0.7156, "auc": 0.85654}
{"epoch": 86, "time_epoch": 9.69462, "eta": 127.20006, "eta_hours": 0.03533, "loss": 0.49247775, "lr": 4.759e-05, "params": 6697, "time_iter": 0.06595, "accuracy": 0.79082, "precision": 0.79126, "recall": 0.67078, "f1": 0.72606, "auc": 0.85809}
{"epoch": 87, "time_epoch": 9.80887, "eta": 117.41875, "eta_hours": 0.03262, "loss": 0.5003481, "lr": 4.112e-05, "params": 6697, "time_iter": 0.06673, "accuracy": 0.77041, "precision": 0.76214, "recall": 0.64609, "f1": 0.69933, "auc": 0.84683}
{"epoch": 88, "time_epoch": 9.80487, "eta": 107.63632, "eta_hours": 0.0299, "loss": 0.48768638, "lr": 3.511e-05, "params": 6697, "time_iter": 0.0667, "accuracy": 0.78912, "precision": 0.7931, "recall": 0.66255, "f1": 0.72197, "auc": 0.85374}
{"epoch": 89, "time_epoch": 9.75323, "eta": 97.84766, "eta_hours": 0.02718, "loss": 0.48552819, "lr": 2.956e-05, "params": 6697, "time_iter": 0.06635, "accuracy": 0.77891, "precision": 0.77033, "recall": 0.66255, "f1": 0.71239, "auc": 0.85436}
{"epoch": 90, "time_epoch": 9.7233, "eta": 88.05681, "eta_hours": 0.02446, "loss": 0.50554902, "lr": 2.447e-05, "params": 6697, "time_iter": 0.06614, "accuracy": 0.78231, "precision": 0.79487, "recall": 0.63786, "f1": 0.70776, "auc": 0.84332}
{"epoch": 91, "time_epoch": 9.7806, "eta": 78.27242, "eta_hours": 0.02174, "loss": 0.47682859, "lr": 1.985e-05, "params": 6697, "time_iter": 0.06653, "accuracy": 0.79932, "precision": 0.81095, "recall": 0.67078, "f1": 0.73423, "auc": 0.86091}
{"epoch": 92, "time_epoch": 9.71643, "eta": 68.48328, "eta_hours": 0.01902, "loss": 0.4818724, "lr": 1.571e-05, "params": 6697, "time_iter": 0.0661, "accuracy": 0.79932, "precision": 0.7907, "recall": 0.69959, "f1": 0.74236, "auc": 0.86519}
{"epoch": 93, "time_epoch": 9.74289, "eta": 58.69737, "eta_hours": 0.0163, "loss": 0.53670027, "lr": 1.204e-05, "params": 6697, "time_iter": 0.06628, "accuracy": 0.78571, "precision": 0.78261, "recall": 0.66667, "f1": 0.72, "auc": 0.8349}
{"epoch": 94, "time_epoch": 9.74653, "eta": 48.91256, "eta_hours": 0.01359, "loss": 0.49810968, "lr": 8.86e-06, "params": 6697, "time_iter": 0.0663, "accuracy": 0.79252, "precision": 0.7814, "recall": 0.69136, "f1": 0.73362, "auc": 0.85078}
{"epoch": 95, "time_epoch": 9.62132, "eta": 39.12333, "eta_hours": 0.01087, "loss": 0.50452185, "lr": 6.16e-06, "params": 6697, "time_iter": 0.06545, "accuracy": 0.78571, "precision": 0.77725, "recall": 0.6749, "f1": 0.72247, "auc": 0.84317}
{"epoch": 96, "time_epoch": 9.79397, "eta": 29.34291, "eta_hours": 0.00815, "loss": 0.5092592, "lr": 3.94e-06, "params": 6697, "time_iter": 0.06663, "accuracy": 0.78912, "precision": 0.78469, "recall": 0.6749, "f1": 0.72566, "auc": 0.84292}
{"epoch": 97, "time_epoch": 9.71429, "eta": 19.56058, "eta_hours": 0.00543, "loss": 0.52835122, "lr": 2.22e-06, "params": 6697, "time_iter": 0.06608, "accuracy": 0.77551, "precision": 0.76812, "recall": 0.65432, "f1": 0.70667, "auc": 0.83524}
{"epoch": 98, "time_epoch": 9.90978, "eta": 9.7816, "eta_hours": 0.00272, "loss": 0.48944798, "lr": 9.9e-07, "params": 6697, "time_iter": 0.06741, "accuracy": 0.78912, "precision": 0.78199, "recall": 0.67901, "f1": 0.72687, "auc": 0.84695}
{"epoch": 99, "time_epoch": 9.83005, "eta": 0.0, "eta_hours": 0.0, "loss": 0.52405904, "lr": 2.5e-07, "params": 6697, "time_iter": 0.06687, "accuracy": 0.77211, "precision": 0.77114, "recall": 0.63786, "f1": 0.6982, "auc": 0.83626}
