{"epoch": 0, "time_epoch": 0.92097, "time_epoch_std": 0.0, "eta": 91.17636, "eta_std": 0.0, "eta_hours": 0.02533, "eta_hours_std": 0.0, "loss": 0.69858, "loss_std": 0.0, "lr": 0.001, "lr_std": 0.0, "params": 9207.0, "params_std": 0.0, "time_iter": 0.30699, "time_iter_std": 0.0, "accuracy": 0.30769, "accuracy_std": 0.0, "precision": 0.0, "precision_std": 0.0, "recall": 0.0, "recall_std": 0.0, "f1": 0.0, "f1_std": 0.0, "auc": 0.43343, "auc_std": 0.0}
{"epoch": 1, "time_epoch": 2.03155, "time_epoch_std": 0.0, "eta": 144.67371, "eta_std": 0.0, "eta_hours": 0.04019, "eta_hours_std": 0.0, "loss": 0.6929, "loss_std": 0.0, "lr": 0.001, "lr_std": 0.0, "params": 9207.0, "params_std": 0.0, "time_iter": 0.67718, "time_iter_std": 0.0, "accuracy": 0.53846, "accuracy_std": 0.0, "precision": 0.65385, "precision_std": 0.0, "recall": 0.65385, "recall_std": 0.0, "f1": 0.65385, "f1_std": 0.0, "auc": 0.42899, "auc_std": 0.0}
{"epoch": 2, "time_epoch": 2.0297, "time_epoch_std": 0.0, "eta": 161.09181, "eta_std": 0.0, "eta_hours": 0.04475, "eta_hours_std": 0.0, "loss": 0.68896, "loss_std": 0.0, "lr": 0.001, "lr_std": 0.0, "params": 9207.0, "params_std": 0.0, "time_iter": 0.67657, "time_iter_std": 0.0, "accuracy": 0.66667, "accuracy_std": 0.0, "precision": 0.66667, "precision_std": 0.0, "recall": 1.0, "recall_std": 0.0, "f1": 0.8, "f1_std": 0.0, "auc": 0.45562, "auc_std": 0.0}
{"epoch": 3, "time_epoch": 2.01407, "time_epoch_std": 0.0, "eta": 167.91088, "eta_std": 0.0, "eta_hours": 0.04664, "eta_hours_std": 0.0, "loss": 0.68538, "loss_std": 0.0, "lr": 0.001, "lr_std": 0.0, "params": 9207.0, "params_std": 0.0, "time_iter": 0.67136, "time_iter_std": 0.0, "accuracy": 0.66667, "accuracy_std": 0.0, "precision": 0.66667, "precision_std": 0.0, "recall": 1.0, "recall_std": 0.0, "f1": 0.8, "f1_std": 0.0, "auc": 0.56509, "auc_std": 0.0}
{"epoch": 4, "time_epoch": 2.02529, "time_epoch_std": 0.0, "eta": 171.40988, "eta_std": 0.0, "eta_hours": 0.04761, "eta_hours_std": 0.0, "loss": 0.68363, "loss_std": 0.0, "lr": 0.001, "lr_std": 0.0, "params": 9207.0, "params_std": 0.0, "time_iter": 0.6751, "time_iter_std": 0.0, "accuracy": 0.69231, "accuracy_std": 0.0, "precision": 0.68421, "precision_std": 0.0, "recall": 1.0, "recall_std": 0.0, "f1": 0.8125, "f1_std": 0.0, "auc": 0.42308, "auc_std": 0.0}
{"epoch": 5, "time_epoch": 2.01516, "time_epoch_std": 0.0, "eta": 172.90885, "eta_std": 0.0, "eta_hours": 0.04803, "eta_hours_std": 0.0, "loss": 0.67877, "loss_std": 0.0, "lr": 0.00099, "lr_std": 0.0, "params": 9207.0, "params_std": 0.0, "time_iter": 0.67172, "time_iter_std": 0.0, "accuracy": 0.69231, "accuracy_std": 0.0, "precision": 0.68421, "precision_std": 0.0, "recall": 1.0, "recall_std": 0.0, "f1": 0.8125, "f1_std": 0.0, "auc": 0.73077, "auc_std": 0.0}
{"epoch": 6, "time_epoch": 2.0379, "time_epoch_std": 0.0, "eta": 173.70584, "eta_std": 0.0, "eta_hours": 0.04825, "eta_hours_std": 0.0, "loss": 0.67569, "loss_std": 0.0, "lr": 0.00099, "lr_std": 0.0, "params": 9207.0, "params_std": 0.0, "time_iter": 0.6793, "time_iter_std": 0.0, "accuracy": 0.69231, "accuracy_std": 0.0, "precision": 0.68421, "precision_std": 0.0, "recall": 1.0, "recall_std": 0.0, "f1": 0.8125, "f1_std": 0.0, "auc": 0.61538, "auc_std": 0.0}
{"epoch": 7, "time_epoch": 0.7649, "time_epoch_std": 0.0, "eta": 159.15466, "eta_std": 0.0, "eta_hours": 0.04421, "eta_hours_std": 0.0, "loss": 0.67313, "loss_std": 0.0, "lr": 0.00099, "lr_std": 0.0, "params": 9207.0, "params_std": 0.0, "time_iter": 0.25497, "time_iter_std": 0.0, "accuracy": 0.66667, "accuracy_std": 0.0, "precision": 0.66667, "precision_std": 0.0, "recall": 1.0, "recall_std": 0.0, "f1": 0.8, "f1_std": 0.0, "auc": 0.64201, "auc_std": 0.0}
{"epoch": 8, "time_epoch": 0.11724, "time_epoch_std": 0.0, "eta": 141.11848, "eta_std": 0.0, "eta_hours": 0.0392, "eta_hours_std": 0.0, "loss": 0.66944, "loss_std": 0.0, "lr": 0.00098, "lr_std": 0.0, "params": 9207.0, "params_std": 0.0, "time_iter": 0.03908, "time_iter_std": 0.0, "accuracy": 0.69231, "accuracy_std": 0.0, "precision": 0.68421, "precision_std": 0.0, "recall": 1.0, "recall_std": 0.0, "f1": 0.8125, "f1_std": 0.0, "auc": 0.75444, "auc_std": 0.0}
{"epoch": 9, "time_epoch": 0.11816, "time_epoch_std": 0.0, "eta": 126.67438, "eta_std": 0.0, "eta_hours": 0.03519, "eta_hours_std": 0.0, "loss": 0.66605, "loss_std": 0.0, "lr": 0.00098, "lr_std": 0.0, "params": 9207.0, "params_std": 0.0, "time_iter": 0.03939, "time_iter_std": 0.0, "accuracy": 0.69231, "accuracy_std": 0.0, "precision": 0.68421, "precision_std": 0.0, "recall": 1.0, "recall_std": 0.0, "f1": 0.8125, "f1_std": 0.0, "auc": 0.72781, "auc_std": 0.0}
{"epoch": 10, "time_epoch": 0.11422, "time_epoch_std": 0.0, "eta": 114.80315, "eta_std": 0.0, "eta_hours": 0.03189, "eta_hours_std": 0.0, "loss": 0.66072, "loss_std": 0.0, "lr": 0.00098, "lr_std": 0.0, "params": 9207.0, "params_std": 0.0, "time_iter": 0.03807, "time_iter_std": 0.0, "accuracy": 0.69231, "accuracy_std": 0.0, "precision": 0.68421, "precision_std": 0.0, "recall": 1.0, "recall_std": 0.0, "f1": 0.8125, "f1_std": 0.0, "auc": 0.78698, "auc_std": 0.0}
{"epoch": 11, "time_epoch": 0.1243, "time_epoch_std": 0.0, "eta": 104.96534, "eta_std": 0.0, "eta_hours": 0.02916, "eta_hours_std": 0.0, "loss": 0.65498, "loss_std": 0.0, "lr": 0.00097, "lr_std": 0.0, "params": 9207.0, "params_std": 0.0, "time_iter": 0.04143, "time_iter_std": 0.0, "accuracy": 0.69231, "accuracy_std": 0.0, "precision": 0.68421, "precision_std": 0.0, "recall": 1.0, "recall_std": 0.0, "f1": 0.8125, "f1_std": 0.0, "auc": 0.64497, "auc_std": 0.0}
{"epoch": 12, "time_epoch": 0.12718, "time_epoch_std": 0.0, "eta": 96.64117, "eta_std": 0.0, "eta_hours": 0.02684, "eta_hours_std": 0.0, "loss": 0.654, "loss_std": 0.0, "lr": 0.00096, "lr_std": 0.0, "params": 9207.0, "params_std": 0.0, "time_iter": 0.04239, "time_iter_std": 0.0, "accuracy": 0.69231, "accuracy_std": 0.0, "precision": 0.68421, "precision_std": 0.0, "recall": 1.0, "recall_std": 0.0, "f1": 0.8125, "f1_std": 0.0, "auc": 0.64201, "auc_std": 0.0}
{"epoch": 13, "time_epoch": 0.12617, "time_epoch_std": 0.0, "eta": 89.48178, "eta_std": 0.0, "eta_hours": 0.02486, "eta_hours_std": 0.0, "loss": 0.64491, "loss_std": 0.0, "lr": 0.00096, "lr_std": 0.0, "params": 9207.0, "params_std": 0.0, "time_iter": 0.04206, "time_iter_std": 0.0, "accuracy": 0.69231, "accuracy_std": 0.0, "precision": 0.68421, "precision_std": 0.0, "recall": 1.0, "recall_std": 0.0, "f1": 0.8125, "f1_std": 0.0, "auc": 0.73077, "auc_std": 0.0}
{"epoch": 14, "time_epoch": 0.12733, "time_epoch_std": 0.0, "eta": 83.26674, "eta_std": 0.0, "eta_hours": 0.02313, "eta_hours_std": 0.0, "loss": 0.64476, "loss_std": 0.0, "lr": 0.00095, "lr_std": 0.0, "params": 9207.0, "params_std": 0.0, "time_iter": 0.04244, "time_iter_std": 0.0, "accuracy": 0.69231, "accuracy_std": 0.0, "precision": 0.68421, "precision_std": 0.0, "recall": 1.0, "recall_std": 0.0, "f1": 0.8125, "f1_std": 0.0, "auc": 0.69527, "auc_std": 0.0}
{"epoch": 15, "time_epoch": 0.12698, "time_epoch_std": 0.0, "eta": 77.81085, "eta_std": 0.0, "eta_hours": 0.02161, "eta_hours_std": 0.0, "loss": 0.64109, "loss_std": 0.0, "lr": 0.00095, "lr_std": 0.0, "params": 9207.0, "params_std": 0.0, "time_iter": 0.04233, "time_iter_std": 0.0, "accuracy": 0.69231, "accuracy_std": 0.0, "precision": 0.68421, "precision_std": 0.0, "recall": 1.0, "recall_std": 0.0, "f1": 0.8125, "f1_std": 0.0, "auc": 0.78107, "auc_std": 0.0}
{"epoch": 16, "time_epoch": 0.12441, "time_epoch_std": 0.0, "eta": 72.96932, "eta_std": 0.0, "eta_hours": 0.02027, "eta_hours_std": 0.0, "loss": 0.63141, "loss_std": 0.0, "lr": 0.00094, "lr_std": 0.0, "params": 9207.0, "params_std": 0.0, "time_iter": 0.04147, "time_iter_std": 0.0, "accuracy": 0.69231, "accuracy_std": 0.0, "precision": 0.68421, "precision_std": 0.0, "recall": 1.0, "recall_std": 0.0, "f1": 0.8125, "f1_std": 0.0, "auc": 0.73965, "auc_std": 0.0}
{"epoch": 17, "time_epoch": 0.12463, "time_epoch_std": 0.0, "eta": 68.65292, "eta_std": 0.0, "eta_hours": 0.01907, "eta_hours_std": 0.0, "loss": 0.64312, "loss_std": 0.0, "lr": 0.00093, "lr_std": 0.0, "params": 9207.0, "params_std": 0.0, "time_iter": 0.04154, "time_iter_std": 0.0, "accuracy": 0.66667, "accuracy_std": 0.0, "precision": 0.66667, "precision_std": 0.0, "recall": 1.0, "recall_std": 0.0, "f1": 0.8, "f1_std": 0.0, "auc": 0.74556, "auc_std": 0.0}
{"epoch": 18, "time_epoch": 0.1257, "time_epoch_std": 0.0, "eta": 64.78231, "eta_std": 0.0, "eta_hours": 0.018, "eta_hours_std": 0.0, "loss": 0.63722, "loss_std": 0.0, "lr": 0.00092, "lr_std": 0.0, "params": 9207.0, "params_std": 0.0, "time_iter": 0.0419, "time_iter_std": 0.0, "accuracy": 0.66667, "accuracy_std": 0.0, "precision": 0.66667, "precision_std": 0.0, "recall": 1.0, "recall_std": 0.0, "f1": 0.8, "f1_std": 0.0, "auc": 0.73077, "auc_std": 0.0}
{"epoch": 19, "time_epoch": 0.1278, "time_epoch_std": 0.0, "eta": 61.29461, "eta_std": 0.0, "eta_hours": 0.01703, "eta_hours_std": 0.0, "loss": 0.61943, "loss_std": 0.0, "lr": 0.00091, "lr_std": 0.0, "params": 9207.0, "params_std": 0.0, "time_iter": 0.0426, "time_iter_std": 0.0, "accuracy": 0.69231, "accuracy_std": 0.0, "precision": 0.68421, "precision_std": 0.0, "recall": 1.0, "recall_std": 0.0, "f1": 0.8125, "f1_std": 0.0, "auc": 0.77811, "auc_std": 0.0}
{"epoch": 20, "time_epoch": 0.12664, "time_epoch_std": 0.0, "eta": 58.12254, "eta_std": 0.0, "eta_hours": 0.01615, "eta_hours_std": 0.0, "loss": 0.62708, "loss_std": 0.0, "lr": 0.0009, "lr_std": 0.0, "params": 9207.0, "params_std": 0.0, "time_iter": 0.04221, "time_iter_std": 0.0, "accuracy": 0.66667, "accuracy_std": 0.0, "precision": 0.66667, "precision_std": 0.0, "recall": 1.0, "recall_std": 0.0, "f1": 0.8, "f1_std": 0.0, "auc": 0.83136, "auc_std": 0.0}
{"epoch": 21, "time_epoch": 0.12437, "time_epoch_std": 0.0, "eta": 55.21929, "eta_std": 0.0, "eta_hours": 0.01534, "eta_hours_std": 0.0, "loss": 0.61786, "loss_std": 0.0, "lr": 0.0009, "lr_std": 0.0, "params": 9207.0, "params_std": 0.0, "time_iter": 0.04146, "time_iter_std": 0.0, "accuracy": 0.69231, "accuracy_std": 0.0, "precision": 0.68421, "precision_std": 0.0, "recall": 1.0, "recall_std": 0.0, "f1": 0.8125, "f1_std": 0.0, "auc": 0.8284, "auc_std": 0.0}
{"epoch": 22, "time_epoch": 0.12633, "time_epoch_std": 0.0, "eta": 52.56422, "eta_std": 0.0, "eta_hours": 0.0146, "eta_hours_std": 0.0, "loss": 0.61505, "loss_std": 0.0, "lr": 0.00089, "lr_std": 0.0, "params": 9207.0, "params_std": 0.0, "time_iter": 0.04211, "time_iter_std": 0.0, "accuracy": 0.69231, "accuracy_std": 0.0, "precision": 0.68421, "precision_std": 0.0, "recall": 1.0, "recall_std": 0.0, "f1": 0.8125, "f1_std": 0.0, "auc": 0.86686, "auc_std": 0.0}
{"epoch": 23, "time_epoch": 0.12463, "time_epoch_std": 0.0, "eta": 50.11451, "eta_std": 0.0, "eta_hours": 0.01392, "eta_hours_std": 0.0, "loss": 0.60512, "loss_std": 0.0, "lr": 0.00088, "lr_std": 0.0, "params": 9207.0, "params_std": 0.0, "time_iter": 0.04154, "time_iter_std": 0.0, "accuracy": 0.69231, "accuracy_std": 0.0, "precision": 0.68421, "precision_std": 0.0, "recall": 1.0, "recall_std": 0.0, "f1": 0.8125, "f1_std": 0.0, "auc": 0.89053, "auc_std": 0.0}
{"epoch": 24, "time_epoch": 0.12662, "time_epoch_std": 0.0, "eta": 47.85677, "eta_std": 0.0, "eta_hours": 0.01329, "eta_hours_std": 0.0, "loss": 0.61846, "loss_std": 0.0, "lr": 0.00086, "lr_std": 0.0, "params": 9207.0, "params_std": 0.0, "time_iter": 0.04221, "time_iter_std": 0.0, "accuracy": 0.66667, "accuracy_std": 0.0, "precision": 0.66667, "precision_std": 0.0, "recall": 1.0, "recall_std": 0.0, "f1": 0.8, "f1_std": 0.0, "auc": 0.90237, "auc_std": 0.0}
{"epoch": 25, "time_epoch": 0.1269, "time_epoch_std": 0.0, "eta": 45.76374, "eta_std": 0.0, "eta_hours": 0.01271, "eta_hours_std": 0.0, "loss": 0.5923, "loss_std": 0.0, "lr": 0.00085, "lr_std": 0.0, "params": 9207.0, "params_std": 0.0, "time_iter": 0.0423, "time_iter_std": 0.0, "accuracy": 0.69231, "accuracy_std": 0.0, "precision": 0.68421, "precision_std": 0.0, "recall": 1.0, "recall_std": 0.0, "f1": 0.8125, "f1_std": 0.0, "auc": 0.86982, "auc_std": 0.0}
{"epoch": 26, "time_epoch": 0.12554, "time_epoch_std": 0.0, "eta": 43.81269, "eta_std": 0.0, "eta_hours": 0.01217, "eta_hours_std": 0.0, "loss": 0.58577, "loss_std": 0.0, "lr": 0.00084, "lr_std": 0.0, "params": 9207.0, "params_std": 0.0, "time_iter": 0.04185, "time_iter_std": 0.0, "accuracy": 0.69231, "accuracy_std": 0.0, "precision": 0.68421, "precision_std": 0.0, "recall": 1.0, "recall_std": 0.0, "f1": 0.8125, "f1_std": 0.0, "auc": 0.92899, "auc_std": 0.0}
{"epoch": 27, "time_epoch": 0.12699, "time_epoch_std": 0.0, "eta": 41.99577, "eta_std": 0.0, "eta_hours": 0.01167, "eta_hours_std": 0.0, "loss": 0.5905, "loss_std": 0.0, "lr": 0.00083, "lr_std": 0.0, "params": 9207.0, "params_std": 0.0, "time_iter": 0.04233, "time_iter_std": 0.0, "accuracy": 0.69231, "accuracy_std": 0.0, "precision": 0.68421, "precision_std": 0.0, "recall": 1.0, "recall_std": 0.0, "f1": 0.8125, "f1_std": 0.0, "auc": 0.8432, "auc_std": 0.0}
{"epoch": 28, "time_epoch": 0.12501, "time_epoch_std": 0.0, "eta": 40.29053, "eta_std": 0.0, "eta_hours": 0.01119, "eta_hours_std": 0.0, "loss": 0.58404, "loss_std": 0.0, "lr": 0.00082, "lr_std": 0.0, "params": 9207.0, "params_std": 0.0, "time_iter": 0.04167, "time_iter_std": 0.0, "accuracy": 0.69231, "accuracy_std": 0.0, "precision": 0.68421, "precision_std": 0.0, "recall": 1.0, "recall_std": 0.0, "f1": 0.8125, "f1_std": 0.0, "auc": 0.88757, "auc_std": 0.0}
{"epoch": 29, "time_epoch": 0.12651, "time_epoch_std": 0.0, "eta": 38.69414, "eta_std": 0.0, "eta_hours": 0.01075, "eta_hours_std": 0.0, "loss": 0.58995, "loss_std": 0.0, "lr": 0.00081, "lr_std": 0.0, "params": 9207.0, "params_std": 0.0, "time_iter": 0.04217, "time_iter_std": 0.0, "accuracy": 0.69231, "accuracy_std": 0.0, "precision": 0.68421, "precision_std": 0.0, "recall": 1.0, "recall_std": 0.0, "f1": 0.8125, "f1_std": 0.0, "auc": 0.81361, "auc_std": 0.0}
{"epoch": 30, "time_epoch": 0.12514, "time_epoch_std": 0.0, "eta": 37.18953, "eta_std": 0.0, "eta_hours": 0.01033, "eta_hours_std": 0.0, "loss": 0.60039, "loss_std": 0.0, "lr": 0.00079, "lr_std": 0.0, "params": 9207.0, "params_std": 0.0, "time_iter": 0.04171, "time_iter_std": 0.0, "accuracy": 0.66667, "accuracy_std": 0.0, "precision": 0.66667, "precision_std": 0.0, "recall": 1.0, "recall_std": 0.0, "f1": 0.8, "f1_std": 0.0, "auc": 0.84911, "auc_std": 0.0}
{"epoch": 31, "time_epoch": 0.1266, "time_epoch_std": 0.0, "eta": 35.77425, "eta_std": 0.0, "eta_hours": 0.00994, "eta_hours_std": 0.0, "loss": 0.5977, "loss_std": 0.0, "lr": 0.00078, "lr_std": 0.0, "params": 9207.0, "params_std": 0.0, "time_iter": 0.0422, "time_iter_std": 0.0, "accuracy": 0.66667, "accuracy_std": 0.0, "precision": 0.66667, "precision_std": 0.0, "recall": 1.0, "recall_std": 0.0, "f1": 0.8, "f1_std": 0.0, "auc": 0.76627, "auc_std": 0.0}
{"epoch": 32, "time_epoch": 0.12554, "time_epoch_std": 0.0, "eta": 34.43491, "eta_std": 0.0, "eta_hours": 0.00957, "eta_hours_std": 0.0, "loss": 0.57297, "loss_std": 0.0, "lr": 0.00077, "lr_std": 0.0, "params": 9207.0, "params_std": 0.0, "time_iter": 0.04185, "time_iter_std": 0.0, "accuracy": 0.69231, "accuracy_std": 0.0, "precision": 0.68421, "precision_std": 0.0, "recall": 1.0, "recall_std": 0.0, "f1": 0.8125, "f1_std": 0.0, "auc": 0.85799, "auc_std": 0.0}
{"epoch": 33, "time_epoch": 0.12456, "time_epoch_std": 0.0, "eta": 33.16508, "eta_std": 0.0, "eta_hours": 0.00921, "eta_hours_std": 0.0, "loss": 0.57251, "loss_std": 0.0, "lr": 0.00075, "lr_std": 0.0, "params": 9207.0, "params_std": 0.0, "time_iter": 0.04152, "time_iter_std": 0.0, "accuracy": 0.69231, "accuracy_std": 0.0, "precision": 0.68421, "precision_std": 0.0, "recall": 1.0, "recall_std": 0.0, "f1": 0.8125, "f1_std": 0.0, "auc": 0.86391, "auc_std": 0.0}
{"epoch": 34, "time_epoch": 0.1243, "time_epoch_std": 0.0, "eta": 31.9602, "eta_std": 0.0, "eta_hours": 0.00888, "eta_hours_std": 0.0, "loss": 0.57336, "loss_std": 0.0, "lr": 0.00074, "lr_std": 0.0, "params": 9207.0, "params_std": 0.0, "time_iter": 0.04143, "time_iter_std": 0.0, "accuracy": 0.69231, "accuracy_std": 0.0, "precision": 0.68421, "precision_std": 0.0, "recall": 1.0, "recall_std": 0.0, "f1": 0.8125, "f1_std": 0.0, "auc": 0.83432, "auc_std": 0.0}
{"epoch": 35, "time_epoch": 0.12552, "time_epoch_std": 0.0, "eta": 30.81753, "eta_std": 0.0, "eta_hours": 0.00856, "eta_hours_std": 0.0, "loss": 0.55639, "loss_std": 0.0, "lr": 0.00073, "lr_std": 0.0, "params": 9207.0, "params_std": 0.0, "time_iter": 0.04184, "time_iter_std": 0.0, "accuracy": 0.69231, "accuracy_std": 0.0, "precision": 0.68421, "precision_std": 0.0, "recall": 1.0, "recall_std": 0.0, "f1": 0.8125, "f1_std": 0.0, "auc": 0.90237, "auc_std": 0.0}
{"epoch": 36, "time_epoch": 0.12836, "time_epoch_std": 0.0, "eta": 29.73467, "eta_std": 0.0, "eta_hours": 0.00826, "eta_hours_std": 0.0, "loss": 0.55382, "loss_std": 0.0, "lr": 0.00071, "lr_std": 0.0, "params": 9207.0, "params_std": 0.0, "time_iter": 0.04279, "time_iter_std": 0.0, "accuracy": 0.69231, "accuracy_std": 0.0, "precision": 0.68421, "precision_std": 0.0, "recall": 1.0, "recall_std": 0.0, "f1": 0.8125, "f1_std": 0.0, "auc": 0.90828, "auc_std": 0.0}
{"epoch": 37, "time_epoch": 0.1248, "time_epoch_std": 0.0, "eta": 28.69623, "eta_std": 0.0, "eta_hours": 0.00797, "eta_hours_std": 0.0, "loss": 0.54777, "loss_std": 0.0, "lr": 0.0007, "lr_std": 0.0, "params": 9207.0, "params_std": 0.0, "time_iter": 0.0416, "time_iter_std": 0.0, "accuracy": 0.69231, "accuracy_std": 0.0, "precision": 0.68421, "precision_std": 0.0, "recall": 1.0, "recall_std": 0.0, "f1": 0.8125, "f1_std": 0.0, "auc": 0.92604, "auc_std": 0.0}
{"epoch": 38, "time_epoch": 0.12317, "time_epoch_std": 0.0, "eta": 27.7021, "eta_std": 0.0, "eta_hours": 0.0077, "eta_hours_std": 0.0, "loss": 0.54484, "loss_std": 0.0, "lr": 0.00068, "lr_std": 0.0, "params": 9207.0, "params_std": 0.0, "time_iter": 0.04106, "time_iter_std": 0.0, "accuracy": 0.69231, "accuracy_std": 0.0, "precision": 0.68421, "precision_std": 0.0, "recall": 1.0, "recall_std": 0.0, "f1": 0.8125, "f1_std": 0.0, "auc": 0.95266, "auc_std": 0.0}
{"epoch": 39, "time_epoch": 0.13166, "time_epoch_std": 0.0, "eta": 26.76426, "eta_std": 0.0, "eta_hours": 0.00743, "eta_hours_std": 0.0, "loss": 0.53619, "loss_std": 0.0, "lr": 0.00067, "lr_std": 0.0, "params": 9207.0, "params_std": 0.0, "time_iter": 0.04389, "time_iter_std": 0.0, "accuracy": 0.69231, "accuracy_std": 0.0, "precision": 0.68421, "precision_std": 0.0, "recall": 1.0, "recall_std": 0.0, "f1": 0.8125, "f1_std": 0.0, "auc": 0.97929, "auc_std": 0.0}
{"epoch": 40, "time_epoch": 0.12495, "time_epoch_std": 0.0, "eta": 25.85609, "eta_std": 0.0, "eta_hours": 0.00718, "eta_hours_std": 0.0, "loss": 0.53131, "loss_std": 0.0, "lr": 0.00065, "lr_std": 0.0, "params": 9207.0, "params_std": 0.0, "time_iter": 0.04165, "time_iter_std": 0.0, "accuracy": 0.69231, "accuracy_std": 0.0, "precision": 0.68421, "precision_std": 0.0, "recall": 1.0, "recall_std": 0.0, "f1": 0.8125, "f1_std": 0.0, "auc": 0.94675, "auc_std": 0.0}
{"epoch": 41, "time_epoch": 0.12528, "time_epoch_std": 0.0, "eta": 24.98568, "eta_std": 0.0, "eta_hours": 0.00694, "eta_hours_std": 0.0, "loss": 0.53062, "loss_std": 0.0, "lr": 0.00064, "lr_std": 0.0, "params": 9207.0, "params_std": 0.0, "time_iter": 0.04176, "time_iter_std": 0.0, "accuracy": 0.69231, "accuracy_std": 0.0, "precision": 0.68421, "precision_std": 0.0, "recall": 1.0, "recall_std": 0.0, "f1": 0.8125, "f1_std": 0.0, "auc": 0.92604, "auc_std": 0.0}
{"epoch": 42, "time_epoch": 0.12478, "time_epoch_std": 0.0, "eta": 24.14925, "eta_std": 0.0, "eta_hours": 0.00671, "eta_hours_std": 0.0, "loss": 0.51975, "loss_std": 0.0, "lr": 0.00062, "lr_std": 0.0, "params": 9207.0, "params_std": 0.0, "time_iter": 0.04159, "time_iter_std": 0.0, "accuracy": 0.69231, "accuracy_std": 0.0, "precision": 0.68421, "precision_std": 0.0, "recall": 1.0, "recall_std": 0.0, "f1": 0.8125, "f1_std": 0.0, "auc": 0.95266, "auc_std": 0.0}
{"epoch": 43, "time_epoch": 0.12624, "time_epoch_std": 0.0, "eta": 23.34703, "eta_std": 0.0, "eta_hours": 0.00649, "eta_hours_std": 0.0, "loss": 0.5128, "loss_std": 0.0, "lr": 0.00061, "lr_std": 0.0, "params": 9207.0, "params_std": 0.0, "time_iter": 0.04208, "time_iter_std": 0.0, "accuracy": 0.71795, "accuracy_std": 0.0, "precision": 0.7027, "precision_std": 0.0, "recall": 1.0, "recall_std": 0.0, "f1": 0.8254, "f1_std": 0.0, "auc": 0.96154, "auc_std": 0.0}
{"epoch": 44, "time_epoch": 0.12729, "time_epoch_std": 0.0, "eta": 22.57614, "eta_std": 0.0, "eta_hours": 0.00627, "eta_hours_std": 0.0, "loss": 0.50612, "loss_std": 0.0, "lr": 0.00059, "lr_std": 0.0, "params": 9207.0, "params_std": 0.0, "time_iter": 0.04243, "time_iter_std": 0.0, "accuracy": 0.71795, "accuracy_std": 0.0, "precision": 0.7027, "precision_std": 0.0, "recall": 1.0, "recall_std": 0.0, "f1": 0.8254, "f1_std": 0.0, "auc": 0.95266, "auc_std": 0.0}
{"epoch": 45, "time_epoch": 0.12594, "time_epoch_std": 0.0, "eta": 21.83164, "eta_std": 0.0, "eta_hours": 0.00606, "eta_hours_std": 0.0, "loss": 0.54454, "loss_std": 0.0, "lr": 0.00058, "lr_std": 0.0, "params": 9207.0, "params_std": 0.0, "time_iter": 0.04198, "time_iter_std": 0.0, "accuracy": 0.69231, "accuracy_std": 0.0, "precision": 0.68421, "precision_std": 0.0, "recall": 1.0, "recall_std": 0.0, "f1": 0.8125, "f1_std": 0.0, "auc": 0.90828, "auc_std": 0.0}
{"epoch": 46, "time_epoch": 0.12369, "time_epoch_std": 0.0, "eta": 21.11093, "eta_std": 0.0, "eta_hours": 0.00586, "eta_hours_std": 0.0, "loss": 0.48634, "loss_std": 0.0, "lr": 0.00056, "lr_std": 0.0, "params": 9207.0, "params_std": 0.0, "time_iter": 0.04123, "time_iter_std": 0.0, "accuracy": 0.71795, "accuracy_std": 0.0, "precision": 0.7027, "precision_std": 0.0, "recall": 1.0, "recall_std": 0.0, "f1": 0.8254, "f1_std": 0.0, "auc": 0.98521, "auc_std": 0.0}
{"epoch": 47, "time_epoch": 0.12685, "time_epoch_std": 0.0, "eta": 20.41852, "eta_std": 0.0, "eta_hours": 0.00567, "eta_hours_std": 0.0, "loss": 0.48609, "loss_std": 0.0, "lr": 0.00055, "lr_std": 0.0, "params": 9207.0, "params_std": 0.0, "time_iter": 0.04228, "time_iter_std": 0.0, "accuracy": 0.71795, "accuracy_std": 0.0, "precision": 0.7027, "precision_std": 0.0, "recall": 1.0, "recall_std": 0.0, "f1": 0.8254, "f1_std": 0.0, "auc": 0.96746, "auc_std": 0.0}
{"epoch": 48, "time_epoch": 0.13025, "time_epoch_std": 0.0, "eta": 19.75273, "eta_std": 0.0, "eta_hours": 0.00549, "eta_hours_std": 0.0, "loss": 0.47423, "loss_std": 0.0, "lr": 0.00053, "lr_std": 0.0, "params": 9207.0, "params_std": 0.0, "time_iter": 0.04342, "time_iter_std": 0.0, "accuracy": 0.71795, "accuracy_std": 0.0, "precision": 0.7027, "precision_std": 0.0, "recall": 1.0, "recall_std": 0.0, "f1": 0.8254, "f1_std": 0.0, "auc": 0.99408, "auc_std": 0.0}
{"epoch": 49, "time_epoch": 0.12547, "time_epoch_std": 0.0, "eta": 19.10359, "eta_std": 0.0, "eta_hours": 0.00531, "eta_hours_std": 0.0, "loss": 0.46457, "loss_std": 0.0, "lr": 0.00052, "lr_std": 0.0, "params": 9207.0, "params_std": 0.0, "time_iter": 0.04182, "time_iter_std": 0.0, "accuracy": 0.74359, "accuracy_std": 0.0, "precision": 0.72222, "precision_std": 0.0, "recall": 1.0, "recall_std": 0.0, "f1": 0.83871, "f1_std": 0.0, "auc": 0.99112, "auc_std": 0.0}
{"epoch": 50, "time_epoch": 0.12504, "time_epoch_std": 0.0, "eta": 18.47456, "eta_std": 0.0, "eta_hours": 0.00513, "eta_hours_std": 0.0, "loss": 0.48789, "loss_std": 0.0, "lr": 0.0005, "lr_std": 0.0, "params": 9207.0, "params_std": 0.0, "time_iter": 0.04168, "time_iter_std": 0.0, "accuracy": 0.71795, "accuracy_std": 0.0, "precision": 0.7027, "precision_std": 0.0, "recall": 1.0, "recall_std": 0.0, "f1": 0.8254, "f1_std": 0.0, "auc": 0.94675, "auc_std": 0.0}
{"epoch": 51, "time_epoch": 0.12798, "time_epoch_std": 0.0, "eta": 17.86764, "eta_std": 0.0, "eta_hours": 0.00496, "eta_hours_std": 0.0, "loss": 0.44833, "loss_std": 0.0, "lr": 0.00048, "lr_std": 0.0, "params": 9207.0, "params_std": 0.0, "time_iter": 0.04266, "time_iter_std": 0.0, "accuracy": 0.74359, "accuracy_std": 0.0, "precision": 0.72222, "precision_std": 0.0, "recall": 1.0, "recall_std": 0.0, "f1": 0.83871, "f1_std": 0.0, "auc": 0.97633, "auc_std": 0.0}
{"epoch": 52, "time_epoch": 0.12533, "time_epoch_std": 0.0, "eta": 17.27643, "eta_std": 0.0, "eta_hours": 0.0048, "eta_hours_std": 0.0, "loss": 0.43891, "loss_std": 0.0, "lr": 0.00047, "lr_std": 0.0, "params": 9207.0, "params_std": 0.0, "time_iter": 0.04178, "time_iter_std": 0.0, "accuracy": 0.76923, "accuracy_std": 0.0, "precision": 0.74286, "precision_std": 0.0, "recall": 1.0, "recall_std": 0.0, "f1": 0.85246, "f1_std": 0.0, "auc": 0.99112, "auc_std": 0.0}
{"epoch": 53, "time_epoch": 0.12687, "time_epoch_std": 0.0, "eta": 16.70379, "eta_std": 0.0, "eta_hours": 0.00464, "eta_hours_std": 0.0, "loss": 0.42948, "loss_std": 0.0, "lr": 0.00045, "lr_std": 0.0, "params": 9207.0, "params_std": 0.0, "time_iter": 0.04229, "time_iter_std": 0.0, "accuracy": 0.74359, "accuracy_std": 0.0, "precision": 0.72222, "precision_std": 0.0, "recall": 1.0, "recall_std": 0.0, "f1": 0.83871, "f1_std": 0.0, "auc": 0.99112, "auc_std": 0.0}
{"epoch": 54, "time_epoch": 0.12663, "time_epoch_std": 0.0, "eta": 16.14717, "eta_std": 0.0, "eta_hours": 0.00449, "eta_hours_std": 0.0, "loss": 0.42948, "loss_std": 0.0, "lr": 0.00044, "lr_std": 0.0, "params": 9207.0, "params_std": 0.0, "time_iter": 0.04221, "time_iter_std": 0.0, "accuracy": 0.74359, "accuracy_std": 0.0, "precision": 0.72222, "precision_std": 0.0, "recall": 1.0, "recall_std": 0.0, "f1": 0.83871, "f1_std": 0.0, "auc": 1.0, "auc_std": 0.0}
{"epoch": 55, "time_epoch": 0.12438, "time_epoch_std": 0.0, "eta": 15.60413, "eta_std": 0.0, "eta_hours": 0.00433, "eta_hours_std": 0.0, "loss": 0.42382, "loss_std": 0.0, "lr": 0.00042, "lr_std": 0.0, "params": 9207.0, "params_std": 0.0, "time_iter": 0.04146, "time_iter_std": 0.0, "accuracy": 0.74359, "accuracy_std": 0.0, "precision": 0.72222, "precision_std": 0.0, "recall": 1.0, "recall_std": 0.0, "f1": 0.83871, "f1_std": 0.0, "auc": 0.98817, "auc_std": 0.0}
{"epoch": 56, "time_epoch": 0.12432, "time_epoch_std": 0.0, "eta": 15.07574, "eta_std": 0.0, "eta_hours": 0.00419, "eta_hours_std": 0.0, "loss": 0.44156, "loss_std": 0.0, "lr": 0.00041, "lr_std": 0.0, "params": 9207.0, "params_std": 0.0, "time_iter": 0.04144, "time_iter_std": 0.0, "accuracy": 0.74359, "accuracy_std": 0.0, "precision": 0.72222, "precision_std": 0.0, "recall": 1.0, "recall_std": 0.0, "f1": 0.83871, "f1_std": 0.0, "auc": 0.97041, "auc_std": 0.0}
{"epoch": 57, "time_epoch": 0.12472, "time_epoch_std": 0.0, "eta": 14.56157, "eta_std": 0.0, "eta_hours": 0.00404, "eta_hours_std": 0.0, "loss": 0.39429, "loss_std": 0.0, "lr": 0.00039, "lr_std": 0.0, "params": 9207.0, "params_std": 0.0, "time_iter": 0.04157, "time_iter_std": 0.0, "accuracy": 0.79487, "accuracy_std": 0.0, "precision": 0.76471, "precision_std": 0.0, "recall": 1.0, "recall_std": 0.0, "f1": 0.86667, "f1_std": 0.0, "auc": 1.0, "auc_std": 0.0}
{"epoch": 58, "time_epoch": 0.12476, "time_epoch_std": 0.0, "eta": 14.06063, "eta_std": 0.0, "eta_hours": 0.00391, "eta_hours_std": 0.0, "loss": 0.39176, "loss_std": 0.0, "lr": 0.00038, "lr_std": 0.0, "params": 9207.0, "params_std": 0.0, "time_iter": 0.04159, "time_iter_std": 0.0, "accuracy": 0.84615, "accuracy_std": 0.0, "precision": 0.8125, "precision_std": 0.0, "recall": 1.0, "recall_std": 0.0, "f1": 0.89655, "f1_std": 0.0, "auc": 0.99112, "auc_std": 0.0}
{"epoch": 59, "time_epoch": 0.12892, "time_epoch_std": 0.0, "eta": 13.57501, "eta_std": 0.0, "eta_hours": 0.00377, "eta_hours_std": 0.0, "loss": 0.38692, "loss_std": 0.0, "lr": 0.00036, "lr_std": 0.0, "params": 9207.0, "params_std": 0.0, "time_iter": 0.04297, "time_iter_std": 0.0, "accuracy": 0.82051, "accuracy_std": 0.0, "precision": 0.78788, "precision_std": 0.0, "recall": 1.0, "recall_std": 0.0, "f1": 0.88136, "f1_std": 0.0, "auc": 0.98817, "auc_std": 0.0}
{"epoch": 60, "time_epoch": 0.125, "time_epoch_std": 0.0, "eta": 13.09858, "eta_std": 0.0, "eta_hours": 0.00364, "eta_hours_std": 0.0, "loss": 0.37835, "loss_std": 0.0, "lr": 0.00035, "lr_std": 0.0, "params": 9207.0, "params_std": 0.0, "time_iter": 0.04167, "time_iter_std": 0.0, "accuracy": 0.84615, "accuracy_std": 0.0, "precision": 0.8125, "precision_std": 0.0, "recall": 1.0, "recall_std": 0.0, "f1": 0.89655, "f1_std": 0.0, "auc": 0.99112, "auc_std": 0.0}
{"epoch": 61, "time_epoch": 0.12474, "time_epoch_std": 0.0, "eta": 12.63332, "eta_std": 0.0, "eta_hours": 0.00351, "eta_hours_std": 0.0, "loss": 0.37029, "loss_std": 0.0, "lr": 0.00033, "lr_std": 0.0, "params": 9207.0, "params_std": 0.0, "time_iter": 0.04158, "time_iter_std": 0.0, "accuracy": 0.87179, "accuracy_std": 0.0, "precision": 0.83871, "precision_std": 0.0, "recall": 1.0, "recall_std": 0.0, "f1": 0.91228, "f1_std": 0.0, "auc": 0.98817, "auc_std": 0.0}
{"epoch": 62, "time_epoch": 0.12593, "time_epoch_std": 0.0, "eta": 12.17957, "eta_std": 0.0, "eta_hours": 0.00338, "eta_hours_std": 0.0, "loss": 0.3588, "loss_std": 0.0, "lr": 0.00032, "lr_std": 0.0, "params": 9207.0, "params_std": 0.0, "time_iter": 0.04198, "time_iter_std": 0.0, "accuracy": 0.84615, "accuracy_std": 0.0, "precision": 0.8125, "precision_std": 0.0, "recall": 1.0, "recall_std": 0.0, "f1": 0.89655, "f1_std": 0.0, "auc": 0.99704, "auc_std": 0.0}
{"epoch": 63, "time_epoch": 0.13085, "time_epoch_std": 0.0, "eta": 11.73884, "eta_std": 0.0, "eta_hours": 0.00326, "eta_hours_std": 0.0, "loss": 0.35437, "loss_std": 0.0, "lr": 0.0003, "lr_std": 0.0, "params": 9207.0, "params_std": 0.0, "time_iter": 0.04362, "time_iter_std": 0.0, "accuracy": 0.87179, "accuracy_std": 0.0, "precision": 0.83871, "precision_std": 0.0, "recall": 1.0, "recall_std": 0.0, "f1": 0.91228, "f1_std": 0.0, "auc": 0.99704, "auc_std": 0.0}
{"epoch": 64, "time_epoch": 0.12666, "time_epoch_std": 0.0, "eta": 11.30538, "eta_std": 0.0, "eta_hours": 0.00314, "eta_hours_std": 0.0, "loss": 0.36084, "loss_std": 0.0, "lr": 0.00029, "lr_std": 0.0, "params": 9207.0, "params_std": 0.0, "time_iter": 0.04222, "time_iter_std": 0.0, "accuracy": 0.87179, "accuracy_std": 0.0, "precision": 0.83871, "precision_std": 0.0, "recall": 1.0, "recall_std": 0.0, "f1": 0.91228, "f1_std": 0.0, "auc": 0.98225, "auc_std": 0.0}
{"epoch": 65, "time_epoch": 0.12266, "time_epoch_std": 0.0, "eta": 10.87916, "eta_std": 0.0, "eta_hours": 0.00302, "eta_hours_std": 0.0, "loss": 0.34617, "loss_std": 0.0, "lr": 0.00027, "lr_std": 0.0, "params": 9207.0, "params_std": 0.0, "time_iter": 0.04089, "time_iter_std": 0.0, "accuracy": 0.84615, "accuracy_std": 0.0, "precision": 0.8125, "precision_std": 0.0, "recall": 1.0, "recall_std": 0.0, "f1": 0.89655, "f1_std": 0.0, "auc": 0.97929, "auc_std": 0.0}
{"epoch": 66, "time_epoch": 0.12541, "time_epoch_std": 0.0, "eta": 10.46335, "eta_std": 0.0, "eta_hours": 0.00291, "eta_hours_std": 0.0, "loss": 0.32767, "loss_std": 0.0, "lr": 0.00026, "lr_std": 0.0, "params": 9207.0, "params_std": 0.0, "time_iter": 0.0418, "time_iter_std": 0.0, "accuracy": 0.87179, "accuracy_std": 0.0, "precision": 0.83871, "precision_std": 0.0, "recall": 1.0, "recall_std": 0.0, "f1": 0.91228, "f1_std": 0.0, "auc": 1.0, "auc_std": 0.0}
{"epoch": 67, "time_epoch": 0.12425, "time_epoch_std": 0.0, "eta": 10.05554, "eta_std": 0.0, "eta_hours": 0.00279, "eta_hours_std": 0.0, "loss": 0.32362, "loss_std": 0.0, "lr": 0.00025, "lr_std": 0.0, "params": 9207.0, "params_std": 0.0, "time_iter": 0.04142, "time_iter_std": 0.0, "accuracy": 0.89744, "accuracy_std": 0.0, "precision": 0.86667, "precision_std": 0.0, "recall": 1.0, "recall_std": 0.0, "f1": 0.92857, "f1_std": 0.0, "auc": 0.99704, "auc_std": 0.0}
{"epoch": 68, "time_epoch": 0.12359, "time_epoch_std": 0.0, "eta": 9.65565, "eta_std": 0.0, "eta_hours": 0.00268, "eta_hours_std": 0.0, "loss": 0.3538, "loss_std": 0.0, "lr": 0.00023, "lr_std": 0.0, "params": 9207.0, "params_std": 0.0, "time_iter": 0.0412, "time_iter_std": 0.0, "accuracy": 0.89744, "accuracy_std": 0.0, "precision": 0.86667, "precision_std": 0.0, "recall": 1.0, "recall_std": 0.0, "f1": 0.92857, "f1_std": 0.0, "auc": 0.97929, "auc_std": 0.0}
{"epoch": 69, "time_epoch": 0.12974, "time_epoch_std": 0.0, "eta": 9.26629, "eta_std": 0.0, "eta_hours": 0.00257, "eta_hours_std": 0.0, "loss": 0.34739, "loss_std": 0.0, "lr": 0.00022, "lr_std": 0.0, "params": 9207.0, "params_std": 0.0, "time_iter": 0.04325, "time_iter_std": 0.0, "accuracy": 0.84615, "accuracy_std": 0.0, "precision": 0.8125, "precision_std": 0.0, "recall": 1.0, "recall_std": 0.0, "f1": 0.89655, "f1_std": 0.0, "auc": 0.96746, "auc_std": 0.0}
{"epoch": 70, "time_epoch": 0.12738, "time_epoch_std": 0.0, "eta": 8.88328, "eta_std": 0.0, "eta_hours": 0.00247, "eta_hours_std": 0.0, "loss": 0.30696, "loss_std": 0.0, "lr": 0.00021, "lr_std": 0.0, "params": 9207.0, "params_std": 0.0, "time_iter": 0.04246, "time_iter_std": 0.0, "accuracy": 0.92308, "accuracy_std": 0.0, "precision": 0.89655, "precision_std": 0.0, "recall": 1.0, "recall_std": 0.0, "f1": 0.94545, "f1_std": 0.0, "auc": 1.0, "auc_std": 0.0}
{"epoch": 71, "time_epoch": 0.1249, "time_epoch_std": 0.0, "eta": 8.50641, "eta_std": 0.0, "eta_hours": 0.00236, "eta_hours_std": 0.0, "loss": 0.30781, "loss_std": 0.0, "lr": 0.00019, "lr_std": 0.0, "params": 9207.0, "params_std": 0.0, "time_iter": 0.04163, "time_iter_std": 0.0, "accuracy": 0.89744, "accuracy_std": 0.0, "precision": 0.86667, "precision_std": 0.0, "recall": 1.0, "recall_std": 0.0, "f1": 0.92857, "f1_std": 0.0, "auc": 0.99704, "auc_std": 0.0}
{"epoch": 72, "time_epoch": 0.12702, "time_epoch_std": 0.0, "eta": 8.13722, "eta_std": 0.0, "eta_hours": 0.00226, "eta_hours_std": 0.0, "loss": 0.29577, "loss_std": 0.0, "lr": 0.00018, "lr_std": 0.0, "params": 9207.0, "params_std": 0.0, "time_iter": 0.04234, "time_iter_std": 0.0, "accuracy": 0.92308, "accuracy_std": 0.0, "precision": 0.89655, "precision_std": 0.0, "recall": 1.0, "recall_std": 0.0, "f1": 0.94545, "f1_std": 0.0, "auc": 0.99704, "auc_std": 0.0}
{"epoch": 73, "time_epoch": 0.12774, "time_epoch_std": 0.0, "eta": 7.77484, "eta_std": 0.0, "eta_hours": 0.00216, "eta_hours_std": 0.0, "loss": 0.29318, "loss_std": 0.0, "lr": 0.00017, "lr_std": 0.0, "params": 9207.0, "params_std": 0.0, "time_iter": 0.04258, "time_iter_std": 0.0, "accuracy": 0.92308, "accuracy_std": 0.0, "precision": 0.89655, "precision_std": 0.0, "recall": 1.0, "recall_std": 0.0, "f1": 0.94545, "f1_std": 0.0, "auc": 0.99704, "auc_std": 0.0}
{"epoch": 74, "time_epoch": 0.12488, "time_epoch_std": 0.0, "eta": 7.41775, "eta_std": 0.0, "eta_hours": 0.00206, "eta_hours_std": 0.0, "loss": 0.30215, "loss_std": 0.0, "lr": 0.00016, "lr_std": 0.0, "params": 9207.0, "params_std": 0.0, "time_iter": 0.04163, "time_iter_std": 0.0, "accuracy": 0.89744, "accuracy_std": 0.0, "precision": 0.86667, "precision_std": 0.0, "recall": 1.0, "recall_std": 0.0, "f1": 0.92857, "f1_std": 0.0, "auc": 1.0, "auc_std": 0.0}
{"epoch": 75, "time_epoch": 0.13003, "time_epoch_std": 0.0, "eta": 7.06841, "eta_std": 0.0, "eta_hours": 0.00196, "eta_hours_std": 0.0, "loss": 0.29424, "loss_std": 0.0, "lr": 0.00015, "lr_std": 0.0, "params": 9207.0, "params_std": 0.0, "time_iter": 0.04334, "time_iter_std": 0.0, "accuracy": 0.92308, "accuracy_std": 0.0, "precision": 0.89655, "precision_std": 0.0, "recall": 1.0, "recall_std": 0.0, "f1": 0.94545, "f1_std": 0.0, "auc": 0.98817, "auc_std": 0.0}
{"epoch": 76, "time_epoch": 0.12813, "time_epoch_std": 0.0, "eta": 6.72419, "eta_std": 0.0, "eta_hours": 0.00187, "eta_hours_std": 0.0, "loss": 0.30402, "loss_std": 0.0, "lr": 0.00014, "lr_std": 0.0, "params": 9207.0, "params_std": 0.0, "time_iter": 0.04271, "time_iter_std": 0.0, "accuracy": 0.92308, "accuracy_std": 0.0, "precision": 0.89655, "precision_std": 0.0, "recall": 1.0, "recall_std": 0.0, "f1": 0.94545, "f1_std": 0.0, "auc": 0.99408, "auc_std": 0.0}
{"epoch": 77, "time_epoch": 0.12604, "time_epoch_std": 0.0, "eta": 6.38493, "eta_std": 0.0, "eta_hours": 0.00177, "eta_hours_std": 0.0, "loss": 0.27503, "loss_std": 0.0, "lr": 0.00012, "lr_std": 0.0, "params": 9207.0, "params_std": 0.0, "time_iter": 0.04201, "time_iter_std": 0.0, "accuracy": 0.92308, "accuracy_std": 0.0, "precision": 0.89655, "precision_std": 0.0, "recall": 1.0, "recall_std": 0.0, "f1": 0.94545, "f1_std": 0.0, "auc": 1.0, "auc_std": 0.0}
{"epoch": 78, "time_epoch": 0.1278, "time_epoch_std": 0.0, "eta": 6.05153, "eta_std": 0.0, "eta_hours": 0.00168, "eta_hours_std": 0.0, "loss": 0.38254, "loss_std": 0.0, "lr": 0.00011, "lr_std": 0.0, "params": 9207.0, "params_std": 0.0, "time_iter": 0.0426, "time_iter_std": 0.0, "accuracy": 0.84615, "accuracy_std": 0.0, "precision": 0.8125, "precision_std": 0.0, "recall": 1.0, "recall_std": 0.0, "f1": 0.89655, "f1_std": 0.0, "auc": 0.94379, "auc_std": 0.0}
{"epoch": 79, "time_epoch": 0.12467, "time_epoch_std": 0.0, "eta": 5.72248, "eta_std": 0.0, "eta_hours": 0.00159, "eta_hours_std": 0.0, "loss": 0.27494, "loss_std": 0.0, "lr": 0.0001, "lr_std": 0.0, "params": 9207.0, "params_std": 0.0, "time_iter": 0.04156, "time_iter_std": 0.0, "accuracy": 0.92308, "accuracy_std": 0.0, "precision": 0.89655, "precision_std": 0.0, "recall": 1.0, "recall_std": 0.0, "f1": 0.94545, "f1_std": 0.0, "auc": 1.0, "auc_std": 0.0}
{"epoch": 80, "time_epoch": 0.12771, "time_epoch_std": 0.0, "eta": 5.3992, "eta_std": 0.0, "eta_hours": 0.0015, "eta_hours_std": 0.0, "loss": 0.30234, "loss_std": 0.0, "lr": 0.0001, "lr_std": 0.0, "params": 9207.0, "params_std": 0.0, "time_iter": 0.04257, "time_iter_std": 0.0, "accuracy": 0.87179, "accuracy_std": 0.0, "precision": 0.83871, "precision_std": 0.0, "recall": 1.0, "recall_std": 0.0, "f1": 0.91228, "f1_std": 0.0, "auc": 1.0, "auc_std": 0.0}
{"epoch": 81, "time_epoch": 0.12952, "time_epoch_std": 0.0, "eta": 5.08108, "eta_std": 0.0, "eta_hours": 0.00141, "eta_hours_std": 0.0, "loss": 0.26681, "loss_std": 0.0, "lr": 9e-05, "lr_std": 0.0, "params": 9207.0, "params_std": 0.0, "time_iter": 0.04317, "time_iter_std": 0.0, "accuracy": 0.92308, "accuracy_std": 0.0, "precision": 0.89655, "precision_std": 0.0, "recall": 1.0, "recall_std": 0.0, "f1": 0.94545, "f1_std": 0.0, "auc": 1.0, "auc_std": 0.0}
{"epoch": 82, "time_epoch": 0.12327, "time_epoch_std": 0.0, "eta": 4.76623, "eta_std": 0.0, "eta_hours": 0.00132, "eta_hours_std": 0.0, "loss": 0.2819, "loss_std": 0.0, "lr": 8e-05, "lr_std": 0.0, "params": 9207.0, "params_std": 0.0, "time_iter": 0.04109, "time_iter_std": 0.0, "accuracy": 0.94872, "accuracy_std": 0.0, "precision": 0.92857, "precision_std": 0.0, "recall": 1.0, "recall_std": 0.0, "f1": 0.96296, "f1_std": 0.0, "auc": 0.99704, "auc_std": 0.0}
{"epoch": 83, "time_epoch": 0.12636, "time_epoch_std": 0.0, "eta": 4.45653, "eta_std": 0.0, "eta_hours": 0.00124, "eta_hours_std": 0.0, "loss": 0.26145, "loss_std": 0.0, "lr": 7e-05, "lr_std": 0.0, "params": 9207.0, "params_std": 0.0, "time_iter": 0.04212, "time_iter_std": 0.0, "accuracy": 0.92308, "accuracy_std": 0.0, "precision": 0.89655, "precision_std": 0.0, "recall": 1.0, "recall_std": 0.0, "f1": 0.94545, "f1_std": 0.0, "auc": 1.0, "auc_std": 0.0}
{"epoch": 84, "time_epoch": 0.12488, "time_epoch_std": 0.0, "eta": 4.15088, "eta_std": 0.0, "eta_hours": 0.00115, "eta_hours_std": 0.0, "loss": 0.27982, "loss_std": 0.0, "lr": 6e-05, "lr_std": 0.0, "params": 9207.0, "params_std": 0.0, "time_iter": 0.04163, "time_iter_std": 0.0, "accuracy": 0.92308, "accuracy_std": 0.0, "precision": 0.89655, "precision_std": 0.0, "recall": 1.0, "recall_std": 0.0, "f1": 0.94545, "f1_std": 0.0, "auc": 0.99112, "auc_std": 0.0}
{"epoch": 85, "time_epoch": 0.12884, "time_epoch_std": 0.0, "eta": 3.85008, "eta_std": 0.0, "eta_hours": 0.00107, "eta_hours_std": 0.0, "loss": 0.27853, "loss_std": 0.0, "lr": 5e-05, "lr_std": 0.0, "params": 9207.0, "params_std": 0.0, "time_iter": 0.04295, "time_iter_std": 0.0, "accuracy": 0.94872, "accuracy_std": 0.0, "precision": 0.92857, "precision_std": 0.0, "recall": 1.0, "recall_std": 0.0, "f1": 0.96296, "f1_std": 0.0, "auc": 0.99408, "auc_std": 0.0}
{"epoch": 86, "time_epoch": 0.12935, "time_epoch_std": 0.0, "eta": 3.55331, "eta_std": 0.0, "eta_hours": 0.00099, "eta_hours_std": 0.0, "loss": 0.27055, "loss_std": 0.0, "lr": 5e-05, "lr_std": 0.0, "params": 9207.0, "params_std": 0.0, "time_iter": 0.04312, "time_iter_std": 0.0, "accuracy": 0.92308, "accuracy_std": 0.0, "precision": 0.89655, "precision_std": 0.0, "recall": 1.0, "recall_std": 0.0, "f1": 0.94545, "f1_std": 0.0, "auc": 1.0, "auc_std": 0.0}
{"epoch": 87, "time_epoch": 0.12664, "time_epoch_std": 0.0, "eta": 3.25998, "eta_std": 0.0, "eta_hours": 0.00091, "eta_hours_std": 0.0, "loss": 0.30497, "loss_std": 0.0, "lr": 4e-05, "lr_std": 0.0, "params": 9207.0, "params_std": 0.0, "time_iter": 0.04221, "time_iter_std": 0.0, "accuracy": 0.92308, "accuracy_std": 0.0, "precision": 0.89655, "precision_std": 0.0, "recall": 1.0, "recall_std": 0.0, "f1": 0.94545, "f1_std": 0.0, "auc": 0.97929, "auc_std": 0.0}
{"epoch": 88, "time_epoch": 0.12886, "time_epoch_std": 0.0, "eta": 2.97066, "eta_std": 0.0, "eta_hours": 0.00083, "eta_hours_std": 0.0, "loss": 0.25806, "loss_std": 0.0, "lr": 4e-05, "lr_std": 0.0, "params": 9207.0, "params_std": 0.0, "time_iter": 0.04295, "time_iter_std": 0.0, "accuracy": 0.92308, "accuracy_std": 0.0, "precision": 0.89655, "precision_std": 0.0, "recall": 1.0, "recall_std": 0.0, "f1": 0.94545, "f1_std": 0.0, "auc": 1.0, "auc_std": 0.0}
{"epoch": 89, "time_epoch": 0.12606, "time_epoch_std": 0.0, "eta": 2.6846, "eta_std": 0.0, "eta_hours": 0.00075, "eta_hours_std": 0.0, "loss": 0.26002, "loss_std": 0.0, "lr": 3e-05, "lr_std": 0.0, "params": 9207.0, "params_std": 0.0, "time_iter": 0.04202, "time_iter_std": 0.0, "accuracy": 0.94872, "accuracy_std": 0.0, "precision": 0.92857, "precision_std": 0.0, "recall": 1.0, "recall_std": 0.0, "f1": 0.96296, "f1_std": 0.0, "auc": 1.0, "auc_std": 0.0}
{"epoch": 90, "time_epoch": 0.14013, "time_epoch_std": 0.0, "eta": 2.40345, "eta_std": 0.0, "eta_hours": 0.00067, "eta_hours_std": 0.0, "loss": 0.26849, "loss_std": 0.0, "lr": 2e-05, "lr_std": 0.0, "params": 9207.0, "params_std": 0.0, "time_iter": 0.04671, "time_iter_std": 0.0, "accuracy": 0.92308, "accuracy_std": 0.0, "precision": 0.89655, "precision_std": 0.0, "recall": 1.0, "recall_std": 0.0, "f1": 0.94545, "f1_std": 0.0, "auc": 0.99704, "auc_std": 0.0}
{"epoch": 91, "time_epoch": 0.12711, "time_epoch_std": 0.0, "eta": 2.12423, "eta_std": 0.0, "eta_hours": 0.00059, "eta_hours_std": 0.0, "loss": 0.27348, "loss_std": 0.0, "lr": 2e-05, "lr_std": 0.0, "params": 9207.0, "params_std": 0.0, "time_iter": 0.04237, "time_iter_std": 0.0, "accuracy": 0.92308, "accuracy_std": 0.0, "precision": 0.89655, "precision_std": 0.0, "recall": 1.0, "recall_std": 0.0, "f1": 0.94545, "f1_std": 0.0, "auc": 0.99704, "auc_std": 0.0}
{"epoch": 92, "time_epoch": 0.12397, "time_epoch_std": 0.0, "eta": 1.84805, "eta_std": 0.0, "eta_hours": 0.00051, "eta_hours_std": 0.0, "loss": 0.2526, "loss_std": 0.0, "lr": 2e-05, "lr_std": 0.0, "params": 9207.0, "params_std": 0.0, "time_iter": 0.04132, "time_iter_std": 0.0, "accuracy": 0.92308, "accuracy_std": 0.0, "precision": 0.89655, "precision_std": 0.0, "recall": 1.0, "recall_std": 0.0, "f1": 0.94545, "f1_std": 0.0, "auc": 1.0, "auc_std": 0.0}
{"epoch": 93, "time_epoch": 0.12661, "time_epoch_std": 0.0, "eta": 1.57527, "eta_std": 0.0, "eta_hours": 0.00044, "eta_hours_std": 0.0, "loss": 0.26511, "loss_std": 0.0, "lr": 1e-05, "lr_std": 0.0, "params": 9207.0, "params_std": 0.0, "time_iter": 0.0422, "time_iter_std": 0.0, "accuracy": 0.92308, "accuracy_std": 0.0, "precision": 0.89655, "precision_std": 0.0, "recall": 1.0, "recall_std": 0.0, "f1": 0.94545, "f1_std": 0.0, "auc": 1.0, "auc_std": 0.0}
{"epoch": 94, "time_epoch": 0.12467, "time_epoch_std": 0.0, "eta": 1.30547, "eta_std": 0.0, "eta_hours": 0.00036, "eta_hours_std": 0.0, "loss": 0.33563, "loss_std": 0.0, "lr": 1e-05, "lr_std": 0.0, "params": 9207.0, "params_std": 0.0, "time_iter": 0.04156, "time_iter_std": 0.0, "accuracy": 0.87179, "accuracy_std": 0.0, "precision": 0.83871, "precision_std": 0.0, "recall": 1.0, "recall_std": 0.0, "f1": 0.91228, "f1_std": 0.0, "auc": 0.94675, "auc_std": 0.0}
{"epoch": 95, "time_epoch": 0.12313, "time_epoch_std": 0.0, "eta": 1.03863, "eta_std": 0.0, "eta_hours": 0.00029, "eta_hours_std": 0.0, "loss": 0.27485, "loss_std": 0.0, "lr": 1e-05, "lr_std": 0.0, "params": 9207.0, "params_std": 0.0, "time_iter": 0.04104, "time_iter_std": 0.0, "accuracy": 0.94872, "accuracy_std": 0.0, "precision": 0.92857, "precision_std": 0.0, "recall": 1.0, "recall_std": 0.0, "f1": 0.96296, "f1_std": 0.0, "auc": 0.99704, "auc_std": 0.0}
{"epoch": 96, "time_epoch": 0.12588, "time_epoch_std": 0.0, "eta": 0.77483, "eta_std": 0.0, "eta_hours": 0.00022, "eta_hours_std": 0.0, "loss": 0.301, "loss_std": 0.0, "lr": 0.0, "lr_std": 0.0, "params": 9207.0, "params_std": 0.0, "time_iter": 0.04196, "time_iter_std": 0.0, "accuracy": 0.87179, "accuracy_std": 0.0, "precision": 0.86207, "precision_std": 0.0, "recall": 0.96154, "recall_std": 0.0, "f1": 0.90909, "f1_std": 0.0, "auc": 0.97337, "auc_std": 0.0}
{"epoch": 97, "time_epoch": 0.12745, "time_epoch_std": 0.0, "eta": 0.51388, "eta_std": 0.0, "eta_hours": 0.00014, "eta_hours_std": 0.0, "loss": 0.29272, "loss_std": 0.0, "lr": 0.0, "lr_std": 0.0, "params": 9207.0, "params_std": 0.0, "time_iter": 0.04248, "time_iter_std": 0.0, "accuracy": 0.92308, "accuracy_std": 0.0, "precision": 0.89655, "precision_std": 0.0, "recall": 1.0, "recall_std": 0.0, "f1": 0.94545, "f1_std": 0.0, "auc": 0.99408, "auc_std": 0.0}
{"epoch": 98, "time_epoch": 0.13147, "time_epoch_std": 0.0, "eta": 0.25567, "eta_std": 0.0, "eta_hours": 7e-05, "eta_hours_std": 0.0, "loss": 0.26466, "loss_std": 0.0, "lr": 0.0, "lr_std": 0.0, "params": 9207.0, "params_std": 0.0, "time_iter": 0.04382, "time_iter_std": 0.0, "accuracy": 0.92308, "accuracy_std": 0.0, "precision": 0.89655, "precision_std": 0.0, "recall": 1.0, "recall_std": 0.0, "f1": 0.94545, "f1_std": 0.0, "auc": 1.0, "auc_std": 0.0}
{"epoch": 99, "time_epoch": 0.13026, "time_epoch_std": 0.0, "eta": 0.0, "eta_std": 0.0, "eta_hours": 0.0, "eta_hours_std": 0.0, "loss": 0.27384, "loss_std": 0.0, "lr": 0.0, "lr_std": 0.0, "params": 9207.0, "params_std": 0.0, "time_iter": 0.04342, "time_iter_std": 0.0, "accuracy": 0.92308, "accuracy_std": 0.0, "precision": 0.89655, "precision_std": 0.0, "recall": 1.0, "recall_std": 0.0, "f1": 0.94545, "f1_std": 0.0, "auc": 0.99704, "auc_std": 0.0}
