{"epoch": 0, "time_epoch": 0.40219, "eta": 39.81674, "eta_hours": 0.01106, "loss": 0.67829989, "lr": 0.001, "params": 3473, "time_iter": 0.01149, "accuracy": 0.60791, "precision": 0.0, "recall": 0.0, "f1": 0.0, "auc": 0.47949}
{"epoch": 1, "time_epoch": 0.35331, "eta": 37.01948, "eta_hours": 0.01028, "loss": 0.6725017, "lr": 0.00099975, "params": 3473, "time_iter": 0.01009, "accuracy": 0.60791, "precision": 0.0, "recall": 0.0, "f1": 0.0, "auc": 0.50722}
{"epoch": 2, "time_epoch": 0.35105, "eta": 35.77854, "eta_hours": 0.00994, "loss": 0.67073206, "lr": 0.00099901, "params": 3473, "time_iter": 0.01003, "accuracy": 0.60791, "precision": 0.0, "recall": 0.0, "f1": 0.0, "auc": 0.49536}
{"epoch": 3, "time_epoch": 0.34382, "eta": 34.80889, "eta_hours": 0.00967, "loss": 0.6701884, "lr": 0.00099778, "params": 3473, "time_iter": 0.00982, "accuracy": 0.60791, "precision": 0.0, "recall": 0.0, "f1": 0.0, "auc": 0.48489}
{"epoch": 4, "time_epoch": 0.34303, "eta": 34.07465, "eta_hours": 0.00947, "loss": 0.66983335, "lr": 0.00099606, "params": 3473, "time_iter": 0.0098, "accuracy": 0.60791, "precision": 0.0, "recall": 0.0, "f1": 0.0, "auc": 0.4665}
{"epoch": 5, "time_epoch": 0.34609, "eta": 33.51876, "eta_hours": 0.00931, "loss": 0.66997661, "lr": 0.00099384, "params": 3473, "time_iter": 0.00989, "accuracy": 0.60791, "precision": 0.0, "recall": 0.0, "f1": 0.0, "auc": 0.46266}
{"epoch": 6, "time_epoch": 0.34854, "eta": 33.05528, "eta_hours": 0.00918, "loss": 0.66988021, "lr": 0.00099114, "params": 3473, "time_iter": 0.00996, "accuracy": 0.60791, "precision": 0.0, "recall": 0.0, "f1": 0.0, "auc": 0.47324}
{"epoch": 7, "time_epoch": 0.34698, "eta": 32.60264, "eta_hours": 0.00906, "loss": 0.66986882, "lr": 0.00098796, "params": 3473, "time_iter": 0.00991, "accuracy": 0.60791, "precision": 0.0, "recall": 0.0, "f1": 0.0, "auc": 0.42958}
{"epoch": 8, "time_epoch": 0.34263, "eta": 32.12951, "eta_hours": 0.00892, "loss": 0.66995754, "lr": 0.00098429, "params": 3473, "time_iter": 0.00979, "accuracy": 0.60791, "precision": 0.0, "recall": 0.0, "f1": 0.0, "auc": 0.46931}
{"epoch": 9, "time_epoch": 0.34342, "eta": 31.68955, "eta_hours": 0.0088, "loss": 0.66986803, "lr": 0.00098015, "params": 3473, "time_iter": 0.00981, "accuracy": 0.60791, "precision": 0.0, "recall": 0.0, "f1": 0.0, "auc": 0.4463}
{"epoch": 10, "time_epoch": 0.34769, "eta": 31.30172, "eta_hours": 0.00869, "loss": 0.66982676, "lr": 0.00097553, "params": 3473, "time_iter": 0.00993, "accuracy": 0.60791, "precision": 0.0, "recall": 0.0, "f1": 0.0, "auc": 0.47685}
{"epoch": 11, "time_epoch": 0.345, "eta": 30.90085, "eta_hours": 0.00858, "loss": 0.66982102, "lr": 0.00097044, "params": 3473, "time_iter": 0.00986, "accuracy": 0.60791, "precision": 0.0, "recall": 0.0, "f1": 0.0, "auc": 0.42347}
{"epoch": 12, "time_epoch": 0.35124, "eta": 30.55036, "eta_hours": 0.00849, "loss": 0.66976987, "lr": 0.00096489, "params": 3473, "time_iter": 0.01004, "accuracy": 0.60791, "precision": 0.0, "recall": 0.0, "f1": 0.0, "auc": 0.45525}
{"epoch": 13, "time_epoch": 0.35493, "eta": 30.22241, "eta_hours": 0.0084, "loss": 0.66984226, "lr": 0.00095888, "params": 3473, "time_iter": 0.01014, "accuracy": 0.60791, "precision": 0.0, "recall": 0.0, "f1": 0.0, "auc": 0.45978}
{"epoch": 14, "time_epoch": 0.37881, "eta": 30.02617, "eta_hours": 0.00834, "loss": 0.6708074, "lr": 0.00095241, "params": 3473, "time_iter": 0.01082, "accuracy": 0.60791, "precision": 0.0, "recall": 0.0, "f1": 0.0, "auc": 0.44698}
{"epoch": 15, "time_epoch": 0.38364, "eta": 29.83247, "eta_hours": 0.00829, "loss": 0.66977515, "lr": 0.0009455, "params": 3473, "time_iter": 0.01096, "accuracy": 0.60791, "precision": 0.0, "recall": 0.0, "f1": 0.0, "auc": 0.47863}
{"epoch": 16, "time_epoch": 0.39071, "eta": 29.65093, "eta_hours": 0.00824, "loss": 0.6697562, "lr": 0.00093815, "params": 3473, "time_iter": 0.01116, "accuracy": 0.60791, "precision": 0.0, "recall": 0.0, "f1": 0.0, "auc": 0.45775}
{"epoch": 17, "time_epoch": 0.3863, "eta": 29.42606, "eta_hours": 0.00817, "loss": 0.66996783, "lr": 0.00093037, "params": 3473, "time_iter": 0.01104, "accuracy": 0.60791, "precision": 0.0, "recall": 0.0, "f1": 0.0, "auc": 0.44893}
{"epoch": 18, "time_epoch": 0.38015, "eta": 29.158, "eta_hours": 0.0081, "loss": 0.66980936, "lr": 0.00092216, "params": 3473, "time_iter": 0.01086, "accuracy": 0.60791, "precision": 0.0, "recall": 0.0, "f1": 0.0, "auc": 0.46942}
{"epoch": 19, "time_epoch": 0.38729, "eta": 28.90727, "eta_hours": 0.00803, "loss": 0.66978498, "lr": 0.00091354, "params": 3473, "time_iter": 0.01107, "accuracy": 0.60791, "precision": 0.0, "recall": 0.0, "f1": 0.0, "auc": 0.46537}
{"epoch": 20, "time_epoch": 0.38, "eta": 28.61611, "eta_hours": 0.00795, "loss": 0.66976041, "lr": 0.00090451, "params": 3473, "time_iter": 0.01086, "accuracy": 0.60791, "precision": 0.0, "recall": 0.0, "f1": 0.0, "auc": 0.4542}
{"epoch": 21, "time_epoch": 0.38157, "eta": 28.32245, "eta_hours": 0.00787, "loss": 0.66989737, "lr": 0.00089508, "params": 3473, "time_iter": 0.0109, "accuracy": 0.60791, "precision": 0.0, "recall": 0.0, "f1": 0.0, "auc": 0.44536}
{"epoch": 22, "time_epoch": 0.37821, "eta": 28.00991, "eta_hours": 0.00778, "loss": 0.66979003, "lr": 0.00088526, "params": 3473, "time_iter": 0.01081, "accuracy": 0.60791, "precision": 0.0, "recall": 0.0, "f1": 0.0, "auc": 0.43367}
{"epoch": 23, "time_epoch": 0.36783, "eta": 27.65901, "eta_hours": 0.00768, "loss": 0.66990065, "lr": 0.00087506, "params": 3473, "time_iter": 0.01051, "accuracy": 0.60791, "precision": 0.0, "recall": 0.0, "f1": 0.0, "auc": 0.45341}
{"epoch": 24, "time_epoch": 0.34407, "eta": 27.23547, "eta_hours": 0.00757, "loss": 0.66987475, "lr": 0.00086448, "params": 3473, "time_iter": 0.00983, "accuracy": 0.60791, "precision": 0.0, "recall": 0.0, "f1": 0.0, "auc": 0.44628}
{"epoch": 25, "time_epoch": 0.34447, "eta": 26.8192, "eta_hours": 0.00745, "loss": 0.66981696, "lr": 0.00085355, "params": 3473, "time_iter": 0.00984, "accuracy": 0.60791, "precision": 0.0, "recall": 0.0, "f1": 0.0, "auc": 0.46553}
{"epoch": 26, "time_epoch": 0.34134, "eta": 26.39977, "eta_hours": 0.00733, "loss": 0.66977306, "lr": 0.00084227, "params": 3473, "time_iter": 0.00975, "accuracy": 0.60791, "precision": 0.0, "recall": 0.0, "f1": 0.0, "auc": 0.45347}
{"epoch": 27, "time_epoch": 0.3427, "eta": 25.98942, "eta_hours": 0.00722, "loss": 0.6698111, "lr": 0.00083066, "params": 3473, "time_iter": 0.00979, "accuracy": 0.60791, "precision": 0.0, "recall": 0.0, "f1": 0.0, "auc": 0.46514}
{"epoch": 28, "time_epoch": 0.34889, "eta": 25.59889, "eta_hours": 0.00711, "loss": 0.66978427, "lr": 0.00081871, "params": 3473, "time_iter": 0.00997, "accuracy": 0.60791, "precision": 0.0, "recall": 0.0, "f1": 0.0, "auc": 0.42407}
{"epoch": 29, "time_epoch": 0.34935, "eta": 25.21221, "eta_hours": 0.007, "loss": 0.6697616, "lr": 0.00080645, "params": 3473, "time_iter": 0.00998, "accuracy": 0.60791, "precision": 0.0, "recall": 0.0, "f1": 0.0, "auc": 0.44046}
{"epoch": 30, "time_epoch": 0.34633, "eta": 24.82121, "eta_hours": 0.00689, "loss": 0.66988864, "lr": 0.00079389, "params": 3473, "time_iter": 0.0099, "accuracy": 0.60791, "precision": 0.0, "recall": 0.0, "f1": 0.0, "auc": 0.44398}
{"epoch": 31, "time_epoch": 0.34111, "eta": 24.42192, "eta_hours": 0.00678, "loss": 0.66971963, "lr": 0.00078104, "params": 3473, "time_iter": 0.00975, "accuracy": 0.60791, "precision": 0.0, "recall": 0.0, "f1": 0.0, "auc": 0.47968}
{"epoch": 32, "time_epoch": 0.3439, "eta": 24.03183, "eta_hours": 0.00668, "loss": 0.66977149, "lr": 0.00076791, "params": 3473, "time_iter": 0.00983, "accuracy": 0.60791, "precision": 0.0, "recall": 0.0, "f1": 0.0, "auc": 0.44627}
{"epoch": 33, "time_epoch": 0.35133, "eta": 23.65887, "eta_hours": 0.00657, "loss": 0.66974061, "lr": 0.00075452, "params": 3473, "time_iter": 0.01004, "accuracy": 0.60791, "precision": 0.0, "recall": 0.0, "f1": 0.0, "auc": 0.46118}
{"epoch": 34, "time_epoch": 0.34547, "eta": 23.27626, "eta_hours": 0.00647, "loss": 0.66990431, "lr": 0.00074088, "params": 3473, "time_iter": 0.00987, "accuracy": 0.60791, "precision": 0.0, "recall": 0.0, "f1": 0.0, "auc": 0.42571}
{"epoch": 35, "time_epoch": 0.346, "eta": 22.89666, "eta_hours": 0.00636, "loss": 0.66980004, "lr": 0.000727, "params": 3473, "time_iter": 0.00989, "accuracy": 0.60791, "precision": 0.0, "recall": 0.0, "f1": 0.0, "auc": 0.4546}
{"epoch": 36, "time_epoch": 0.34242, "eta": 22.51278, "eta_hours": 0.00625, "loss": 0.66999419, "lr": 0.00071289, "params": 3473, "time_iter": 0.00978, "accuracy": 0.60791, "precision": 0.0, "recall": 0.0, "f1": 0.0, "auc": 0.40505}
{"epoch": 37, "time_epoch": 0.35871, "eta": 22.15767, "eta_hours": 0.00615, "loss": 0.66983023, "lr": 0.00069857, "params": 3473, "time_iter": 0.01025, "accuracy": 0.60791, "precision": 0.0, "recall": 0.0, "f1": 0.0, "auc": 0.45588}
{"epoch": 38, "time_epoch": 0.34227, "eta": 21.77666, "eta_hours": 0.00605, "loss": 0.6697901, "lr": 0.00068406, "params": 3473, "time_iter": 0.00978, "accuracy": 0.60791, "precision": 0.0, "recall": 0.0, "f1": 0.0, "auc": 0.44058}
{"epoch": 39, "time_epoch": 0.34156, "eta": 21.39652, "eta_hours": 0.00594, "loss": 0.6697837, "lr": 0.00066937, "params": 3473, "time_iter": 0.00976, "accuracy": 0.60791, "precision": 0.0, "recall": 0.0, "f1": 0.0, "auc": 0.44141}
{"epoch": 40, "time_epoch": 0.34357, "eta": 21.02115, "eta_hours": 0.00584, "loss": 0.66980793, "lr": 0.00065451, "params": 3473, "time_iter": 0.00982, "accuracy": 0.60791, "precision": 0.0, "recall": 0.0, "f1": 0.0, "auc": 0.43864}
{"epoch": 41, "time_epoch": 0.34266, "eta": 20.64603, "eta_hours": 0.00574, "loss": 0.66980288, "lr": 0.0006395, "params": 3473, "time_iter": 0.00979, "accuracy": 0.60791, "precision": 0.0, "recall": 0.0, "f1": 0.0, "auc": 0.44383}
{"epoch": 42, "time_epoch": 0.3498, "eta": 20.2819, "eta_hours": 0.00563, "loss": 0.66972771, "lr": 0.00062434, "params": 3473, "time_iter": 0.00999, "accuracy": 0.60791, "precision": 0.0, "recall": 0.0, "f1": 0.0, "auc": 0.46693}
{"epoch": 43, "time_epoch": 0.34487, "eta": 19.91213, "eta_hours": 0.00553, "loss": 0.66972578, "lr": 0.00060907, "params": 3473, "time_iter": 0.00985, "accuracy": 0.60791, "precision": 0.0, "recall": 0.0, "f1": 0.0, "auc": 0.46254}
{"epoch": 44, "time_epoch": 0.34641, "eta": 19.54535, "eta_hours": 0.00543, "loss": 0.66977534, "lr": 0.00059369, "params": 3473, "time_iter": 0.0099, "accuracy": 0.60791, "precision": 0.0, "recall": 0.0, "f1": 0.0, "auc": 0.45111}
{"epoch": 45, "time_epoch": 0.33871, "eta": 19.17043, "eta_hours": 0.00533, "loss": 0.66971956, "lr": 0.00057822, "params": 3473, "time_iter": 0.00968, "accuracy": 0.60791, "precision": 0.0, "recall": 0.0, "f1": 0.0, "auc": 0.44522}
{"epoch": 46, "time_epoch": 0.34096, "eta": 18.79957, "eta_hours": 0.00522, "loss": 0.66984261, "lr": 0.00056267, "params": 3473, "time_iter": 0.00974, "accuracy": 0.60791, "precision": 0.0, "recall": 0.0, "f1": 0.0, "auc": 0.42724}
{"epoch": 47, "time_epoch": 0.34659, "eta": 18.43607, "eta_hours": 0.00512, "loss": 0.66968776, "lr": 0.00054705, "params": 3473, "time_iter": 0.0099, "accuracy": 0.60791, "precision": 0.0, "recall": 0.0, "f1": 0.0, "auc": 0.48684}
{"epoch": 48, "time_epoch": 0.34143, "eta": 18.06788, "eta_hours": 0.00502, "loss": 0.66971642, "lr": 0.0005314, "params": 3473, "time_iter": 0.00976, "accuracy": 0.60791, "precision": 0.0, "recall": 0.0, "f1": 0.0, "auc": 0.46999}
{"epoch": 49, "time_epoch": 0.33904, "eta": 17.69837, "eta_hours": 0.00492, "loss": 0.66972691, "lr": 0.00051571, "params": 3473, "time_iter": 0.00969, "accuracy": 0.60791, "precision": 0.0, "recall": 0.0, "f1": 0.0, "auc": 0.4625}
{"epoch": 50, "time_epoch": 0.34426, "eta": 17.33508, "eta_hours": 0.00482, "loss": 0.66983997, "lr": 0.0005, "params": 3473, "time_iter": 0.00984, "accuracy": 0.60791, "precision": 0.0, "recall": 0.0, "f1": 0.0, "auc": 0.44739}
{"epoch": 51, "time_epoch": 0.34676, "eta": 16.97483, "eta_hours": 0.00472, "loss": 0.66991926, "lr": 0.00048429, "params": 3473, "time_iter": 0.00991, "accuracy": 0.60791, "precision": 0.0, "recall": 0.0, "f1": 0.0, "auc": 0.4476}
{"epoch": 52, "time_epoch": 0.34276, "eta": 16.61154, "eta_hours": 0.00461, "loss": 0.66969058, "lr": 0.0004686, "params": 3473, "time_iter": 0.00979, "accuracy": 0.60791, "precision": 0.0, "recall": 0.0, "f1": 0.0, "auc": 0.47626}
{"epoch": 53, "time_epoch": 0.3427, "eta": 16.24896, "eta_hours": 0.00451, "loss": 0.66981758, "lr": 0.00045295, "params": 3473, "time_iter": 0.00979, "accuracy": 0.60791, "precision": 0.0, "recall": 0.0, "f1": 0.0, "auc": 0.43541}
{"epoch": 54, "time_epoch": 0.34351, "eta": 15.88776, "eta_hours": 0.00441, "loss": 0.66970249, "lr": 0.00043733, "params": 3473, "time_iter": 0.00981, "accuracy": 0.60791, "precision": 0.0, "recall": 0.0, "f1": 0.0, "auc": 0.47157}
{"epoch": 55, "time_epoch": 0.34085, "eta": 15.5251, "eta_hours": 0.00431, "loss": 0.66970828, "lr": 0.00042178, "params": 3473, "time_iter": 0.00974, "accuracy": 0.60791, "precision": 0.0, "recall": 0.0, "f1": 0.0, "auc": 0.44183}
{"epoch": 56, "time_epoch": 0.35106, "eta": 15.17091, "eta_hours": 0.00421, "loss": 0.66969755, "lr": 0.00040631, "params": 3473, "time_iter": 0.01003, "accuracy": 0.60791, "precision": 0.0, "recall": 0.0, "f1": 0.0, "auc": 0.45517}
{"epoch": 57, "time_epoch": 0.34192, "eta": 14.81021, "eta_hours": 0.00411, "loss": 0.66974099, "lr": 0.00039093, "params": 3473, "time_iter": 0.00977, "accuracy": 0.60791, "precision": 0.0, "recall": 0.0, "f1": 0.0, "auc": 0.43749}
{"epoch": 58, "time_epoch": 0.34357, "eta": 14.45129, "eta_hours": 0.00401, "loss": 0.66972979, "lr": 0.00037566, "params": 3473, "time_iter": 0.00982, "accuracy": 0.60791, "precision": 0.0, "recall": 0.0, "f1": 0.0, "auc": 0.42632}
{"epoch": 59, "time_epoch": 0.33943, "eta": 14.09013, "eta_hours": 0.00391, "loss": 0.66972434, "lr": 0.0003605, "params": 3473, "time_iter": 0.0097, "accuracy": 0.60791, "precision": 0.0, "recall": 0.0, "f1": 0.0, "auc": 0.46517}
{"epoch": 60, "time_epoch": 0.34814, "eta": 13.73525, "eta_hours": 0.00382, "loss": 0.66978922, "lr": 0.00034549, "params": 3473, "time_iter": 0.00995, "accuracy": 0.60791, "precision": 0.0, "recall": 0.0, "f1": 0.0, "auc": 0.4512}
{"epoch": 61, "time_epoch": 0.35879, "eta": 13.38711, "eta_hours": 0.00372, "loss": 0.66967936, "lr": 0.00033063, "params": 3473, "time_iter": 0.01025, "accuracy": 0.60791, "precision": 0.0, "recall": 0.0, "f1": 0.0, "auc": 0.49774}
{"epoch": 62, "time_epoch": 0.33992, "eta": 13.02755, "eta_hours": 0.00362, "loss": 0.66971364, "lr": 0.00031594, "params": 3473, "time_iter": 0.00971, "accuracy": 0.60791, "precision": 0.0, "recall": 0.0, "f1": 0.0, "auc": 0.45887}
{"epoch": 63, "time_epoch": 0.34388, "eta": 12.67083, "eta_hours": 0.00352, "loss": 0.66972904, "lr": 0.00030143, "params": 3473, "time_iter": 0.00983, "accuracy": 0.60791, "precision": 0.0, "recall": 0.0, "f1": 0.0, "auc": 0.44713}
{"epoch": 64, "time_epoch": 0.33834, "eta": 12.31153, "eta_hours": 0.00342, "loss": 0.6697299, "lr": 0.00028711, "params": 3473, "time_iter": 0.00967, "accuracy": 0.60791, "precision": 0.0, "recall": 0.0, "f1": 0.0, "auc": 0.43803}
{"epoch": 65, "time_epoch": 0.34115, "eta": 11.9543, "eta_hours": 0.00332, "loss": 0.66968261, "lr": 0.000273, "params": 3473, "time_iter": 0.00975, "accuracy": 0.60791, "precision": 0.0, "recall": 0.0, "f1": 0.0, "auc": 0.4793}
{"epoch": 66, "time_epoch": 0.34693, "eta": 11.60041, "eta_hours": 0.00322, "loss": 0.66971048, "lr": 0.00025912, "params": 3473, "time_iter": 0.00991, "accuracy": 0.60791, "precision": 0.0, "recall": 0.0, "f1": 0.0, "auc": 0.46807}
{"epoch": 67, "time_epoch": 0.34347, "eta": 11.24509, "eta_hours": 0.00312, "loss": 0.6697304, "lr": 0.00024548, "params": 3473, "time_iter": 0.00981, "accuracy": 0.60791, "precision": 0.0, "recall": 0.0, "f1": 0.0, "auc": 0.47787}
{"epoch": 68, "time_epoch": 0.34193, "eta": 10.88942, "eta_hours": 0.00302, "loss": 0.66969931, "lr": 0.00023209, "params": 3473, "time_iter": 0.00977, "accuracy": 0.60791, "precision": 0.0, "recall": 0.0, "f1": 0.0, "auc": 0.4625}
{"epoch": 69, "time_epoch": 0.33926, "eta": 10.53301, "eta_hours": 0.00293, "loss": 0.66969259, "lr": 0.00021896, "params": 3473, "time_iter": 0.00969, "accuracy": 0.60791, "precision": 0.0, "recall": 0.0, "f1": 0.0, "auc": 0.4666}
{"epoch": 70, "time_epoch": 0.34673, "eta": 10.18012, "eta_hours": 0.00283, "loss": 0.66967806, "lr": 0.00020611, "params": 3473, "time_iter": 0.00991, "accuracy": 0.60791, "precision": 0.0, "recall": 0.0, "f1": 0.0, "auc": 0.46349}
{"epoch": 71, "time_epoch": 0.34237, "eta": 9.82571, "eta_hours": 0.00273, "loss": 0.66969571, "lr": 0.00019355, "params": 3473, "time_iter": 0.00978, "accuracy": 0.60791, "precision": 0.0, "recall": 0.0, "f1": 0.0, "auc": 0.46704}
{"epoch": 72, "time_epoch": 0.34259, "eta": 9.47171, "eta_hours": 0.00263, "loss": 0.66969801, "lr": 0.00018129, "params": 3473, "time_iter": 0.00979, "accuracy": 0.60791, "precision": 0.0, "recall": 0.0, "f1": 0.0, "auc": 0.45857}
{"epoch": 73, "time_epoch": 0.34849, "eta": 9.1201, "eta_hours": 0.00253, "loss": 0.66969532, "lr": 0.00016934, "params": 3473, "time_iter": 0.00996, "accuracy": 0.60791, "precision": 0.0, "recall": 0.0, "f1": 0.0, "auc": 0.46783}
{"epoch": 74, "time_epoch": 0.34628, "eta": 8.76783, "eta_hours": 0.00244, "loss": 0.66971866, "lr": 0.00015773, "params": 3473, "time_iter": 0.00989, "accuracy": 0.60791, "precision": 0.0, "recall": 0.0, "f1": 0.0, "auc": 0.45445}
{"epoch": 75, "time_epoch": 0.34927, "eta": 8.41666, "eta_hours": 0.00234, "loss": 0.66971034, "lr": 0.00014645, "params": 3473, "time_iter": 0.00998, "accuracy": 0.60791, "precision": 0.0, "recall": 0.0, "f1": 0.0, "auc": 0.45538}
{"epoch": 76, "time_epoch": 0.33922, "eta": 8.06254, "eta_hours": 0.00224, "loss": 0.66970654, "lr": 0.00013552, "params": 3473, "time_iter": 0.00969, "accuracy": 0.60791, "precision": 0.0, "recall": 0.0, "f1": 0.0, "auc": 0.43606}
{"epoch": 77, "time_epoch": 0.34442, "eta": 7.71027, "eta_hours": 0.00214, "loss": 0.66970176, "lr": 0.00012494, "params": 3473, "time_iter": 0.00984, "accuracy": 0.60791, "precision": 0.0, "recall": 0.0, "f1": 0.0, "auc": 0.44732}
{"epoch": 78, "time_epoch": 0.34544, "eta": 7.35846, "eta_hours": 0.00204, "loss": 0.66968468, "lr": 0.00011474, "params": 3473, "time_iter": 0.00987, "accuracy": 0.60791, "precision": 0.0, "recall": 0.0, "f1": 0.0, "auc": 0.45593}
{"epoch": 79, "time_epoch": 0.34248, "eta": 7.00608, "eta_hours": 0.00195, "loss": 0.66968311, "lr": 0.00010492, "params": 3473, "time_iter": 0.00979, "accuracy": 0.60791, "precision": 0.0, "recall": 0.0, "f1": 0.0, "auc": 0.47297}
{"epoch": 80, "time_epoch": 0.34549, "eta": 6.65465, "eta_hours": 0.00185, "loss": 0.66967648, "lr": 9.549e-05, "params": 3473, "time_iter": 0.00987, "accuracy": 0.60791, "precision": 0.0, "recall": 0.0, "f1": 0.0, "auc": 0.48135}
{"epoch": 81, "time_epoch": 0.34308, "eta": 6.30283, "eta_hours": 0.00175, "loss": 0.66974253, "lr": 8.646e-05, "params": 3473, "time_iter": 0.0098, "accuracy": 0.60791, "precision": 0.0, "recall": 0.0, "f1": 0.0, "auc": 0.41786}
{"epoch": 82, "time_epoch": 0.34003, "eta": 5.9506, "eta_hours": 0.00165, "loss": 0.66969894, "lr": 7.784e-05, "params": 3473, "time_iter": 0.00972, "accuracy": 0.60791, "precision": 0.0, "recall": 0.0, "f1": 0.0, "auc": 0.43517}
{"epoch": 83, "time_epoch": 0.34673, "eta": 5.59993, "eta_hours": 0.00156, "loss": 0.66969286, "lr": 6.963e-05, "params": 3473, "time_iter": 0.00991, "accuracy": 0.60791, "precision": 0.0, "recall": 0.0, "f1": 0.0, "auc": 0.43722}
{"epoch": 84, "time_epoch": 0.34077, "eta": 5.24831, "eta_hours": 0.00146, "loss": 0.66967501, "lr": 6.185e-05, "params": 3473, "time_iter": 0.00974, "accuracy": 0.60791, "precision": 0.0, "recall": 0.0, "f1": 0.0, "auc": 0.49316}
{"epoch": 85, "time_epoch": 0.34262, "eta": 4.89724, "eta_hours": 0.00136, "loss": 0.6696762, "lr": 5.45e-05, "params": 3473, "time_iter": 0.00979, "accuracy": 0.60791, "precision": 0.0, "recall": 0.0, "f1": 0.0, "auc": 0.46258}
{"epoch": 86, "time_epoch": 0.33882, "eta": 4.54579, "eta_hours": 0.00126, "loss": 0.66970202, "lr": 4.759e-05, "params": 3473, "time_iter": 0.00968, "accuracy": 0.60791, "precision": 0.0, "recall": 0.0, "f1": 0.0, "auc": 0.4234}
{"epoch": 87, "time_epoch": 0.33872, "eta": 4.19462, "eta_hours": 0.00117, "loss": 0.66967408, "lr": 4.112e-05, "params": 3473, "time_iter": 0.00968, "accuracy": 0.60791, "precision": 0.0, "recall": 0.0, "f1": 0.0, "auc": 0.48199}
{"epoch": 88, "time_epoch": 0.34112, "eta": 3.84403, "eta_hours": 0.00107, "loss": 0.66967008, "lr": 3.511e-05, "params": 3473, "time_iter": 0.00975, "accuracy": 0.60791, "precision": 0.0, "recall": 0.0, "f1": 0.0, "auc": 0.47846}
{"epoch": 89, "time_epoch": 0.35148, "eta": 3.4948, "eta_hours": 0.00097, "loss": 0.66967931, "lr": 2.956e-05, "params": 3473, "time_iter": 0.01004, "accuracy": 0.60791, "precision": 0.0, "recall": 0.0, "f1": 0.0, "auc": 0.45828}
{"epoch": 90, "time_epoch": 0.35161, "eta": 3.14553, "eta_hours": 0.00087, "loss": 0.66967381, "lr": 2.447e-05, "params": 3473, "time_iter": 0.01005, "accuracy": 0.60791, "precision": 0.0, "recall": 0.0, "f1": 0.0, "auc": 0.49106}
{"epoch": 91, "time_epoch": 0.34549, "eta": 2.79567, "eta_hours": 0.00078, "loss": 0.66968182, "lr": 1.985e-05, "params": 3473, "time_iter": 0.00987, "accuracy": 0.60791, "precision": 0.0, "recall": 0.0, "f1": 0.0, "auc": 0.44748}
{"epoch": 92, "time_epoch": 0.34224, "eta": 2.44567, "eta_hours": 0.00068, "loss": 0.66967437, "lr": 1.571e-05, "params": 3473, "time_iter": 0.00978, "accuracy": 0.60791, "precision": 0.0, "recall": 0.0, "f1": 0.0, "auc": 0.46887}
{"epoch": 93, "time_epoch": 0.34257, "eta": 2.09586, "eta_hours": 0.00058, "loss": 0.66967368, "lr": 1.204e-05, "params": 3473, "time_iter": 0.00979, "accuracy": 0.60791, "precision": 0.0, "recall": 0.0, "f1": 0.0, "auc": 0.47073}
{"epoch": 94, "time_epoch": 0.3479, "eta": 1.74647, "eta_hours": 0.00049, "loss": 0.66966806, "lr": 8.86e-06, "params": 3473, "time_iter": 0.00994, "accuracy": 0.60791, "precision": 0.0, "recall": 0.0, "f1": 0.0, "auc": 0.51286}
{"epoch": 95, "time_epoch": 0.34222, "eta": 1.39688, "eta_hours": 0.00039, "loss": 0.66967689, "lr": 6.16e-06, "params": 3473, "time_iter": 0.00978, "accuracy": 0.60791, "precision": 0.0, "recall": 0.0, "f1": 0.0, "auc": 0.45485}
{"epoch": 96, "time_epoch": 0.34602, "eta": 1.04756, "eta_hours": 0.00029, "loss": 0.66967352, "lr": 3.94e-06, "params": 3473, "time_iter": 0.00989, "accuracy": 0.60791, "precision": 0.0, "recall": 0.0, "f1": 0.0, "auc": 0.46472}
{"epoch": 97, "time_epoch": 0.34379, "eta": 0.69827, "eta_hours": 0.00019, "loss": 0.66966214, "lr": 2.22e-06, "params": 3473, "time_iter": 0.00982, "accuracy": 0.60791, "precision": 0.0, "recall": 0.0, "f1": 0.0, "auc": 0.56117}
{"epoch": 98, "time_epoch": 0.34592, "eta": 0.3491, "eta_hours": 0.0001, "loss": 0.66967245, "lr": 9.9e-07, "params": 3473, "time_iter": 0.00988, "accuracy": 0.60791, "precision": 0.0, "recall": 0.0, "f1": 0.0, "auc": 0.48209}
{"epoch": 99, "time_epoch": 0.34626, "eta": 0.0, "eta_hours": 0.0, "loss": 0.66966513, "lr": 2.5e-07, "params": 3473, "time_iter": 0.00989, "accuracy": 0.60791, "precision": 0.0, "recall": 0.0, "f1": 0.0, "auc": 0.53309}
