{"epoch": 0, "time_epoch": 14.32951, "eta": 1418.6213, "eta_hours": 0.39406, "loss": 0.67932319, "lr": 0.001, "params": 6215, "time_iter": 0.40941, "accuracy": 0.6295, "precision": 0.65, "recall": 0.11927, "f1": 0.20155, "auc": 0.60314}
{"epoch": 1, "time_epoch": 1.53239, "eta": 777.23316, "eta_hours": 0.2159, "loss": 0.6400458, "lr": 0.00099975, "params": 6215, "time_iter": 0.04378, "accuracy": 0.71403, "precision": 0.69536, "recall": 0.48165, "f1": 0.56911, "auc": 0.75121}
{"epoch": 2, "time_epoch": 1.62614, "eta": 565.44681, "eta_hours": 0.15707, "loss": 0.59243779, "lr": 0.00099901, "params": 6215, "time_iter": 0.04646, "accuracy": 0.72842, "precision": 0.72483, "recall": 0.49541, "f1": 0.58856, "auc": 0.75361}
{"epoch": 3, "time_epoch": 1.62941, "eta": 458.81905, "eta_hours": 0.12745, "loss": 0.57103733, "lr": 0.00099778, "params": 6215, "time_iter": 0.04655, "accuracy": 0.72842, "precision": 0.71895, "recall": 0.50459, "f1": 0.59299, "auc": 0.77461}
{"epoch": 4, "time_epoch": 1.64026, "eta": 394.39677, "eta_hours": 0.10955, "loss": 0.56189209, "lr": 0.00099606, "params": 6215, "time_iter": 0.04686, "accuracy": 0.72482, "precision": 0.71812, "recall": 0.49083, "f1": 0.58311, "auc": 0.77728}
{"epoch": 5, "time_epoch": 1.63364, "eta": 350.79804, "eta_hours": 0.09744, "loss": 0.54291289, "lr": 0.00099384, "params": 6215, "time_iter": 0.04668, "accuracy": 0.73741, "precision": 0.72222, "recall": 0.5367, "f1": 0.61579, "auc": 0.79366}
{"epoch": 6, "time_epoch": 1.63806, "eta": 319.2481, "eta_hours": 0.08868, "loss": 0.53136761, "lr": 0.00099114, "params": 6215, "time_iter": 0.0468, "accuracy": 0.73741, "precision": 0.75714, "recall": 0.48624, "f1": 0.59218, "auc": 0.80123}
{"epoch": 7, "time_epoch": 1.62742, "eta": 295.05377, "eta_hours": 0.08196, "loss": 0.52473543, "lr": 0.00098796, "params": 6215, "time_iter": 0.0465, "accuracy": 0.7554, "precision": 0.74405, "recall": 0.57339, "f1": 0.64767, "auc": 0.80023}
{"epoch": 8, "time_epoch": 1.62602, "eta": 275.86013, "eta_hours": 0.07663, "loss": 0.53704827, "lr": 0.00098429, "params": 6215, "time_iter": 0.04646, "accuracy": 0.73381, "precision": 0.71605, "recall": 0.53211, "f1": 0.61053, "auc": 0.78497}
{"epoch": 9, "time_epoch": 1.64238, "eta": 260.32727, "eta_hours": 0.07231, "loss": 0.52915613, "lr": 0.00098015, "params": 6215, "time_iter": 0.04693, "accuracy": 0.7464, "precision": 0.73333, "recall": 0.55505, "f1": 0.63185, "auc": 0.80429}
{"epoch": 10, "time_epoch": 1.63736, "eta": 247.27928, "eta_hours": 0.06869, "loss": 0.51160908, "lr": 0.00097553, "params": 6215, "time_iter": 0.04678, "accuracy": 0.76259, "precision": 0.74713, "recall": 0.59633, "f1": 0.66327, "auc": 0.81218}
{"epoch": 11, "time_epoch": 1.6339, "eta": 236.10775, "eta_hours": 0.06559, "loss": 0.50465169, "lr": 0.00097044, "params": 6215, "time_iter": 0.04668, "accuracy": 0.75719, "precision": 0.72193, "recall": 0.61927, "f1": 0.66667, "auc": 0.81441}
{"epoch": 12, "time_epoch": 1.62848, "eta": 226.36725, "eta_hours": 0.06288, "loss": 0.50091484, "lr": 0.00096489, "params": 6215, "time_iter": 0.04653, "accuracy": 0.76259, "precision": 0.80714, "recall": 0.51835, "f1": 0.63128, "auc": 0.81611}
{"epoch": 13, "time_epoch": 1.62578, "eta": 217.76902, "eta_hours": 0.06049, "loss": 0.51283568, "lr": 0.00095888, "params": 6215, "time_iter": 0.04645, "accuracy": 0.76259, "precision": 0.72872, "recall": 0.62844, "f1": 0.67488, "auc": 0.80487}
{"epoch": 14, "time_epoch": 1.6394, "eta": 210.17762, "eta_hours": 0.05838, "loss": 0.51271079, "lr": 0.00095241, "params": 6215, "time_iter": 0.04684, "accuracy": 0.7518, "precision": 0.72222, "recall": 0.59633, "f1": 0.65327, "auc": 0.80308}
{"epoch": 15, "time_epoch": 1.63106, "eta": 203.28644, "eta_hours": 0.05647, "loss": 0.49046808, "lr": 0.0009455, "params": 6215, "time_iter": 0.0466, "accuracy": 0.75899, "precision": 0.73596, "recall": 0.60092, "f1": 0.66162, "auc": 0.83002}
{"epoch": 16, "time_epoch": 1.63173, "eta": 197.01736, "eta_hours": 0.05473, "loss": 0.50668814, "lr": 0.00093815, "params": 6215, "time_iter": 0.04662, "accuracy": 0.75719, "precision": 0.73446, "recall": 0.59633, "f1": 0.65823, "auc": 0.81136}
{"epoch": 17, "time_epoch": 1.62754, "eta": 191.24447, "eta_hours": 0.05312, "loss": 0.49692755, "lr": 0.00093037, "params": 6215, "time_iter": 0.0465, "accuracy": 0.7464, "precision": 0.71038, "recall": 0.59633, "f1": 0.64838, "auc": 0.81892}
{"epoch": 18, "time_epoch": 1.63366, "eta": 185.934, "eta_hours": 0.05165, "loss": 0.52369302, "lr": 0.00092216, "params": 6215, "time_iter": 0.04668, "accuracy": 0.75719, "precision": 0.7546, "recall": 0.56422, "f1": 0.64567, "auc": 0.78971}
{"epoch": 19, "time_epoch": 1.64863, "eta": 181.0511, "eta_hours": 0.05029, "loss": 0.50739554, "lr": 0.00091354, "params": 6215, "time_iter": 0.0471, "accuracy": 0.75, "precision": 0.73099, "recall": 0.57339, "f1": 0.64267, "auc": 0.81347}
{"epoch": 20, "time_epoch": 1.65243, "eta": 176.49054, "eta_hours": 0.04903, "loss": 0.51160672, "lr": 0.00090451, "params": 6215, "time_iter": 0.04721, "accuracy": 0.76259, "precision": 0.73889, "recall": 0.61009, "f1": 0.66834, "auc": 0.80534}
{"epoch": 21, "time_epoch": 1.62662, "eta": 172.10284, "eta_hours": 0.04781, "loss": 0.50522125, "lr": 0.00089508, "params": 6215, "time_iter": 0.04647, "accuracy": 0.75899, "precision": 0.74706, "recall": 0.58257, "f1": 0.65464, "auc": 0.80982}
{"epoch": 22, "time_epoch": 1.62814, "eta": 167.96032, "eta_hours": 0.04666, "loss": 0.52682881, "lr": 0.00088526, "params": 6215, "time_iter": 0.04652, "accuracy": 0.74101, "precision": 0.74667, "recall": 0.51376, "f1": 0.6087, "auc": 0.79384}
{"epoch": 23, "time_epoch": 1.6319, "eta": 164.03924, "eta_hours": 0.04557, "loss": 0.49572935, "lr": 0.00087506, "params": 6215, "time_iter": 0.04663, "accuracy": 0.75899, "precision": 0.71875, "recall": 0.63303, "f1": 0.67317, "auc": 0.82553}
{"epoch": 24, "time_epoch": 1.62305, "eta": 160.27474, "eta_hours": 0.04452, "loss": 0.50061847, "lr": 0.00086448, "params": 6215, "time_iter": 0.04637, "accuracy": 0.73741, "precision": 0.69149, "recall": 0.59633, "f1": 0.64039, "auc": 0.82095}
{"epoch": 25, "time_epoch": 1.6455, "eta": 156.73887, "eta_hours": 0.04354, "loss": 0.50544349, "lr": 0.00085355, "params": 6215, "time_iter": 0.04701, "accuracy": 0.76799, "precision": 0.77301, "recall": 0.57798, "f1": 0.66142, "auc": 0.81521}
{"epoch": 26, "time_epoch": 1.64804, "eta": 153.34989, "eta_hours": 0.0426, "loss": 0.50081265, "lr": 0.00084227, "params": 6215, "time_iter": 0.04709, "accuracy": 0.76259, "precision": 0.75, "recall": 0.59174, "f1": 0.66154, "auc": 0.82185}
{"epoch": 27, "time_epoch": 1.97457, "eta": 150.9249, "eta_hours": 0.04192, "loss": 0.50739251, "lr": 0.00083066, "params": 6215, "time_iter": 0.05642, "accuracy": 0.75, "precision": 0.72571, "recall": 0.58257, "f1": 0.64631, "auc": 0.81183}
{"epoch": 28, "time_epoch": 1.71915, "eta": 147.90566, "eta_hours": 0.04108, "loss": 0.48219521, "lr": 0.00081871, "params": 6215, "time_iter": 0.04912, "accuracy": 0.77518, "precision": 0.74866, "recall": 0.6422, "f1": 0.69136, "auc": 0.83429}
{"epoch": 29, "time_epoch": 1.70693, "eta": 144.94456, "eta_hours": 0.04026, "loss": 0.49027732, "lr": 0.00080645, "params": 6215, "time_iter": 0.04877, "accuracy": 0.7554, "precision": 0.74405, "recall": 0.57339, "f1": 0.64767, "auc": 0.83484}
{"epoch": 30, "time_epoch": 1.70851, "eta": 142.06789, "eta_hours": 0.03946, "loss": 0.5148987, "lr": 0.00079389, "params": 6215, "time_iter": 0.04881, "accuracy": 0.76079, "precision": 0.74011, "recall": 0.60092, "f1": 0.66329, "auc": 0.81019}
{"epoch": 31, "time_epoch": 1.70773, "eta": 139.26258, "eta_hours": 0.03868, "loss": 0.51199183, "lr": 0.00078104, "params": 6215, "time_iter": 0.04879, "accuracy": 0.76439, "precision": 0.75145, "recall": 0.59633, "f1": 0.66496, "auc": 0.80258}
{"epoch": 32, "time_epoch": 1.72036, "eta": 136.54943, "eta_hours": 0.03793, "loss": 0.48540839, "lr": 0.00076791, "params": 6215, "time_iter": 0.04915, "accuracy": 0.76619, "precision": 0.73913, "recall": 0.62385, "f1": 0.67662, "auc": 0.83169}
{"epoch": 33, "time_epoch": 1.72366, "eta": 133.9011, "eta_hours": 0.03719, "loss": 0.49406039, "lr": 0.00075452, "params": 6215, "time_iter": 0.04925, "accuracy": 0.76978, "precision": 0.73438, "recall": 0.64679, "f1": 0.6878, "auc": 0.82151}
{"epoch": 34, "time_epoch": 1.70132, "eta": 131.26412, "eta_hours": 0.03646, "loss": 0.50859432, "lr": 0.00074088, "params": 6215, "time_iter": 0.04861, "accuracy": 0.75899, "precision": 0.7561, "recall": 0.56881, "f1": 0.64921, "auc": 0.80537}
{"epoch": 35, "time_epoch": 1.71372, "eta": 128.70115, "eta_hours": 0.03575, "loss": 0.48954389, "lr": 0.000727, "params": 6215, "time_iter": 0.04896, "accuracy": 0.78237, "precision": 0.76216, "recall": 0.64679, "f1": 0.69975, "auc": 0.82867}
{"epoch": 36, "time_epoch": 1.72081, "eta": 126.19616, "eta_hours": 0.03505, "loss": 0.48900003, "lr": 0.00071289, "params": 6215, "time_iter": 0.04917, "accuracy": 0.75899, "precision": 0.72826, "recall": 0.61468, "f1": 0.66667, "auc": 0.83264}
{"epoch": 37, "time_epoch": 1.70952, "eta": 123.71403, "eta_hours": 0.03437, "loss": 0.50107312, "lr": 0.00069857, "params": 6215, "time_iter": 0.04884, "accuracy": 0.76259, "precision": 0.75, "recall": 0.59174, "f1": 0.66154, "auc": 0.81973}
{"epoch": 38, "time_epoch": 1.69979, "eta": 121.2563, "eta_hours": 0.03368, "loss": 0.48542205, "lr": 0.00068406, "params": 6215, "time_iter": 0.04857, "accuracy": 0.7536, "precision": 0.72131, "recall": 0.6055, "f1": 0.65835, "auc": 0.82525}
{"epoch": 39, "time_epoch": 1.70722, "eta": 118.84761, "eta_hours": 0.03301, "loss": 0.49037247, "lr": 0.00066937, "params": 6215, "time_iter": 0.04878, "accuracy": 0.75719, "precision": 0.72193, "recall": 0.61927, "f1": 0.66667, "auc": 0.82743}
{"epoch": 40, "time_epoch": 1.70882, "eta": 116.47544, "eta_hours": 0.03235, "loss": 0.48732878, "lr": 0.00065451, "params": 6215, "time_iter": 0.04882, "accuracy": 0.75719, "precision": 0.73714, "recall": 0.59174, "f1": 0.65649, "auc": 0.82687}
{"epoch": 41, "time_epoch": 1.71761, "eta": 114.147, "eta_hours": 0.03171, "loss": 0.48163556, "lr": 0.0006395, "params": 6215, "time_iter": 0.04907, "accuracy": 0.76259, "precision": 0.73626, "recall": 0.61468, "f1": 0.67, "auc": 0.83593}
{"epoch": 42, "time_epoch": 1.71602, "eta": 111.84485, "eta_hours": 0.03107, "loss": 0.50052211, "lr": 0.00062434, "params": 6215, "time_iter": 0.04903, "accuracy": 0.77698, "precision": 0.76111, "recall": 0.62844, "f1": 0.68844, "auc": 0.81077}
{"epoch": 43, "time_epoch": 1.70823, "eta": 109.55944, "eta_hours": 0.03043, "loss": 0.4813447, "lr": 0.00060907, "params": 6215, "time_iter": 0.04881, "accuracy": 0.76439, "precision": 0.74576, "recall": 0.6055, "f1": 0.66835, "auc": 0.83593}
{"epoch": 44, "time_epoch": 1.70774, "eta": 107.29908, "eta_hours": 0.02981, "loss": 0.48491933, "lr": 0.00059369, "params": 6215, "time_iter": 0.04879, "accuracy": 0.76079, "precision": 0.75449, "recall": 0.57798, "f1": 0.65455, "auc": 0.83127}
{"epoch": 45, "time_epoch": 1.71157, "eta": 105.06725, "eta_hours": 0.02919, "loss": 0.51427268, "lr": 0.00057822, "params": 6215, "time_iter": 0.0489, "accuracy": 0.75, "precision": 0.72316, "recall": 0.58716, "f1": 0.6481, "auc": 0.81499}
{"epoch": 46, "time_epoch": 1.72315, "eta": 102.87061, "eta_hours": 0.02858, "loss": 0.48657407, "lr": 0.00056267, "params": 6215, "time_iter": 0.04923, "accuracy": 0.77518, "precision": 0.78182, "recall": 0.59174, "f1": 0.67363, "auc": 0.8261}
{"epoch": 47, "time_epoch": 1.70462, "eta": 100.67362, "eta_hours": 0.02796, "loss": 0.48983533, "lr": 0.00054705, "params": 6215, "time_iter": 0.0487, "accuracy": 0.76619, "precision": 0.73913, "recall": 0.62385, "f1": 0.67662, "auc": 0.83167}
{"epoch": 48, "time_epoch": 1.70815, "eta": 98.50041, "eta_hours": 0.02736, "loss": 0.49660162, "lr": 0.0005314, "params": 6215, "time_iter": 0.0488, "accuracy": 0.7536, "precision": 0.71892, "recall": 0.61009, "f1": 0.66005, "auc": 0.81756}
{"epoch": 49, "time_epoch": 1.70857, "eta": 96.34622, "eta_hours": 0.02676, "loss": 0.49370219, "lr": 0.00051571, "params": 6215, "time_iter": 0.04882, "accuracy": 0.76978, "precision": 0.74725, "recall": 0.62385, "f1": 0.68, "auc": 0.81976}
{"epoch": 50, "time_epoch": 1.71835, "eta": 94.2189, "eta_hours": 0.02617, "loss": 0.49756353, "lr": 0.0005, "params": 6215, "time_iter": 0.0491, "accuracy": 0.76619, "precision": 0.75882, "recall": 0.59174, "f1": 0.66495, "auc": 0.82257}
{"epoch": 51, "time_epoch": 1.7136, "eta": 92.10293, "eta_hours": 0.02558, "loss": 0.47919311, "lr": 0.00048429, "params": 6215, "time_iter": 0.04896, "accuracy": 0.76978, "precision": 0.75, "recall": 0.61927, "f1": 0.67839, "auc": 0.84264}
{"epoch": 52, "time_epoch": 1.71163, "eta": 90.00039, "eta_hours": 0.025, "loss": 0.48903181, "lr": 0.0004686, "params": 6215, "time_iter": 0.0489, "accuracy": 0.76619, "precision": 0.74719, "recall": 0.61009, "f1": 0.67172, "auc": 0.82622}
{"epoch": 53, "time_epoch": 1.71755, "eta": 87.91737, "eta_hours": 0.02442, "loss": 0.4798605, "lr": 0.00045295, "params": 6215, "time_iter": 0.04907, "accuracy": 0.77698, "precision": 0.76111, "recall": 0.62844, "f1": 0.68844, "auc": 0.82999}
{"epoch": 54, "time_epoch": 1.70062, "eta": 85.83379, "eta_hours": 0.02384, "loss": 0.48952132, "lr": 0.00043733, "params": 6215, "time_iter": 0.04859, "accuracy": 0.76978, "precision": 0.75568, "recall": 0.61009, "f1": 0.67513, "auc": 0.82718}
{"epoch": 55, "time_epoch": 1.72339, "eta": 83.78178, "eta_hours": 0.02327, "loss": 0.49291377, "lr": 0.00042178, "params": 6215, "time_iter": 0.04924, "accuracy": 0.75899, "precision": 0.73077, "recall": 0.61009, "f1": 0.665, "auc": 0.82135}
{"epoch": 56, "time_epoch": 1.69211, "eta": 81.7177, "eta_hours": 0.0227, "loss": 0.48497223, "lr": 0.00040631, "params": 6215, "time_iter": 0.04835, "accuracy": 0.78058, "precision": 0.76966, "recall": 0.62844, "f1": 0.69192, "auc": 0.82262}
{"epoch": 57, "time_epoch": 1.69791, "eta": 79.67065, "eta_hours": 0.02213, "loss": 0.47922393, "lr": 0.00039093, "params": 6215, "time_iter": 0.04851, "accuracy": 0.76619, "precision": 0.74176, "recall": 0.61927, "f1": 0.675, "auc": 0.83068}
{"epoch": 58, "time_epoch": 1.69886, "eta": 77.6361, "eta_hours": 0.02157, "loss": 0.46640415, "lr": 0.00037566, "params": 6215, "time_iter": 0.04854, "accuracy": 0.78237, "precision": 0.77095, "recall": 0.63303, "f1": 0.69521, "auc": 0.85088}
{"epoch": 59, "time_epoch": 1.70525, "eta": 75.61699, "eta_hours": 0.021, "loss": 0.48018243, "lr": 0.0003605, "params": 6215, "time_iter": 0.04872, "accuracy": 0.77698, "precision": 0.76111, "recall": 0.62844, "f1": 0.68844, "auc": 0.83584}
{"epoch": 60, "time_epoch": 1.70876, "eta": 73.61042, "eta_hours": 0.02045, "loss": 0.47420572, "lr": 0.00034549, "params": 6215, "time_iter": 0.04882, "accuracy": 0.78058, "precision": 0.77907, "recall": 0.61468, "f1": 0.68718, "auc": 0.8394}
{"epoch": 61, "time_epoch": 1.71216, "eta": 71.61554, "eta_hours": 0.01989, "loss": 0.51497202, "lr": 0.00033063, "params": 6215, "time_iter": 0.04892, "accuracy": 0.75899, "precision": 0.74138, "recall": 0.59174, "f1": 0.65816, "auc": 0.8086}
{"epoch": 62, "time_epoch": 1.70599, "eta": 69.62601, "eta_hours": 0.01934, "loss": 0.49566102, "lr": 0.00031594, "params": 6215, "time_iter": 0.04874, "accuracy": 0.76978, "precision": 0.75568, "recall": 0.61009, "f1": 0.67513, "auc": 0.81783}
{"epoch": 63, "time_epoch": 1.70421, "eta": 67.64434, "eta_hours": 0.01879, "loss": 0.47250675, "lr": 0.00030143, "params": 6215, "time_iter": 0.04869, "accuracy": 0.77338, "precision": 0.76136, "recall": 0.61468, "f1": 0.6802, "auc": 0.83121}
{"epoch": 64, "time_epoch": 1.70662, "eta": 65.67251, "eta_hours": 0.01824, "loss": 0.49604359, "lr": 0.00028711, "params": 6215, "time_iter": 0.04876, "accuracy": 0.76439, "precision": 0.74576, "recall": 0.6055, "f1": 0.66835, "auc": 0.82699}
{"epoch": 65, "time_epoch": 1.70506, "eta": 63.70791, "eta_hours": 0.0177, "loss": 0.48016139, "lr": 0.000273, "params": 6215, "time_iter": 0.04872, "accuracy": 0.77338, "precision": 0.76136, "recall": 0.61468, "f1": 0.6802, "auc": 0.83523}
{"epoch": 66, "time_epoch": 1.70177, "eta": 61.74943, "eta_hours": 0.01715, "loss": 0.49217352, "lr": 0.00025912, "params": 6215, "time_iter": 0.04862, "accuracy": 0.76799, "precision": 0.75141, "recall": 0.61009, "f1": 0.67342, "auc": 0.82288}
{"epoch": 67, "time_epoch": 1.70058, "eta": 59.79795, "eta_hours": 0.01661, "loss": 0.48491977, "lr": 0.00024548, "params": 6215, "time_iter": 0.04859, "accuracy": 0.76978, "precision": 0.75568, "recall": 0.61009, "f1": 0.67513, "auc": 0.83117}
{"epoch": 68, "time_epoch": 1.70072, "eta": 57.8538, "eta_hours": 0.01607, "loss": 0.49402068, "lr": 0.00023209, "params": 6215, "time_iter": 0.04859, "accuracy": 0.77518, "precision": 0.76879, "recall": 0.61009, "f1": 0.68031, "auc": 0.82091}
{"epoch": 69, "time_epoch": 1.71505, "eta": 55.92275, "eta_hours": 0.01553, "loss": 0.47272106, "lr": 0.00021896, "params": 6215, "time_iter": 0.049, "accuracy": 0.77698, "precision": 0.77011, "recall": 0.61468, "f1": 0.68367, "auc": 0.83585}
{"epoch": 70, "time_epoch": 1.70685, "eta": 53.99443, "eta_hours": 0.015, "loss": 0.48874322, "lr": 0.00020611, "params": 6215, "time_iter": 0.04877, "accuracy": 0.76079, "precision": 0.74286, "recall": 0.59633, "f1": 0.66158, "auc": 0.83154}
{"epoch": 71, "time_epoch": 1.70533, "eta": 52.07167, "eta_hours": 0.01446, "loss": 0.50770772, "lr": 0.00019355, "params": 6215, "time_iter": 0.04872, "accuracy": 0.77158, "precision": 0.75419, "recall": 0.61927, "f1": 0.6801, "auc": 0.81816}
{"epoch": 72, "time_epoch": 1.71017, "eta": 50.15666, "eta_hours": 0.01393, "loss": 0.48971554, "lr": 0.00018129, "params": 6215, "time_iter": 0.04886, "accuracy": 0.77518, "precision": 0.75978, "recall": 0.62385, "f1": 0.68514, "auc": 0.81831}
{"epoch": 73, "time_epoch": 1.70527, "eta": 48.24547, "eta_hours": 0.0134, "loss": 0.48032868, "lr": 0.00016934, "params": 6215, "time_iter": 0.04872, "accuracy": 0.76439, "precision": 0.75145, "recall": 0.59633, "f1": 0.66496, "auc": 0.82763}
{"epoch": 74, "time_epoch": 1.71159, "eta": 46.34187, "eta_hours": 0.01287, "loss": 0.48292468, "lr": 0.00015773, "params": 6215, "time_iter": 0.0489, "accuracy": 0.76079, "precision": 0.74011, "recall": 0.60092, "f1": 0.66329, "auc": 0.82919}
{"epoch": 75, "time_epoch": 1.70742, "eta": 44.44201, "eta_hours": 0.01235, "loss": 0.46911562, "lr": 0.00014645, "params": 6215, "time_iter": 0.04878, "accuracy": 0.77338, "precision": 0.77059, "recall": 0.60092, "f1": 0.67526, "auc": 0.83963}
{"epoch": 76, "time_epoch": 1.70767, "eta": 42.54722, "eta_hours": 0.01182, "loss": 0.47507887, "lr": 0.00013552, "params": 6215, "time_iter": 0.04879, "accuracy": 0.78417, "precision": 0.7663, "recall": 0.64679, "f1": 0.70149, "auc": 0.83752}
{"epoch": 77, "time_epoch": 1.7235, "eta": 40.6617, "eta_hours": 0.01129, "loss": 0.48719432, "lr": 0.00012494, "params": 6215, "time_iter": 0.04924, "accuracy": 0.76079, "precision": 0.74566, "recall": 0.59174, "f1": 0.65985, "auc": 0.83118}
{"epoch": 78, "time_epoch": 1.70929, "eta": 38.7765, "eta_hours": 0.01077, "loss": 0.47704487, "lr": 0.00011474, "params": 6215, "time_iter": 0.04884, "accuracy": 0.77878, "precision": 0.75676, "recall": 0.6422, "f1": 0.69479, "auc": 0.83275}
{"epoch": 79, "time_epoch": 1.72782, "eta": 36.90033, "eta_hours": 0.01025, "loss": 0.47071417, "lr": 0.00010492, "params": 6215, "time_iter": 0.04937, "accuracy": 0.77338, "precision": 0.76136, "recall": 0.61468, "f1": 0.6802, "auc": 0.84111}
{"epoch": 80, "time_epoch": 1.70779, "eta": 35.02312, "eta_hours": 0.00973, "loss": 0.50866345, "lr": 9.549e-05, "params": 6215, "time_iter": 0.04879, "accuracy": 0.76079, "precision": 0.74011, "recall": 0.60092, "f1": 0.66329, "auc": 0.81474}
{"epoch": 81, "time_epoch": 1.71616, "eta": 33.15189, "eta_hours": 0.00921, "loss": 0.48254261, "lr": 8.646e-05, "params": 6215, "time_iter": 0.04903, "accuracy": 0.76978, "precision": 0.75281, "recall": 0.61468, "f1": 0.67677, "auc": 0.83085}
{"epoch": 82, "time_epoch": 1.72158, "eta": 31.2855, "eta_hours": 0.00869, "loss": 0.49945758, "lr": 7.784e-05, "params": 6215, "time_iter": 0.04919, "accuracy": 0.78058, "precision": 0.76087, "recall": 0.6422, "f1": 0.69652, "auc": 0.82213}
{"epoch": 83, "time_epoch": 1.71314, "eta": 29.42095, "eta_hours": 0.00817, "loss": 0.48654235, "lr": 6.963e-05, "params": 6215, "time_iter": 0.04895, "accuracy": 0.77878, "precision": 0.75676, "recall": 0.6422, "f1": 0.69479, "auc": 0.82736}
{"epoch": 84, "time_epoch": 1.71138, "eta": 27.55965, "eta_hours": 0.00766, "loss": 0.4901944, "lr": 6.185e-05, "params": 6215, "time_iter": 0.0489, "accuracy": 0.76799, "precision": 0.75429, "recall": 0.6055, "f1": 0.67176, "auc": 0.82475}
{"epoch": 85, "time_epoch": 1.70924, "eta": 25.70149, "eta_hours": 0.00714, "loss": 0.48414923, "lr": 5.45e-05, "params": 6215, "time_iter": 0.04884, "accuracy": 0.76978, "precision": 0.75, "recall": 0.61927, "f1": 0.67839, "auc": 0.82394}
{"epoch": 86, "time_epoch": 1.71581, "eta": 23.84774, "eta_hours": 0.00662, "loss": 0.47650892, "lr": 4.759e-05, "params": 6215, "time_iter": 0.04902, "accuracy": 0.76439, "precision": 0.74857, "recall": 0.60092, "f1": 0.66667, "auc": 0.83478}
{"epoch": 87, "time_epoch": 1.71793, "eta": 21.99741, "eta_hours": 0.00611, "loss": 0.47461425, "lr": 4.112e-05, "params": 6215, "time_iter": 0.04908, "accuracy": 0.77698, "precision": 0.75269, "recall": 0.6422, "f1": 0.69307, "auc": 0.83693}
{"epoch": 88, "time_epoch": 1.72102, "eta": 20.15044, "eta_hours": 0.0056, "loss": 0.48034496, "lr": 3.511e-05, "params": 6215, "time_iter": 0.04917, "accuracy": 0.76978, "precision": 0.74725, "recall": 0.62385, "f1": 0.68, "auc": 0.83295}
{"epoch": 89, "time_epoch": 1.71105, "eta": 18.30516, "eta_hours": 0.00508, "loss": 0.47540604, "lr": 2.956e-05, "params": 6215, "time_iter": 0.04889, "accuracy": 0.77698, "precision": 0.77976, "recall": 0.60092, "f1": 0.67876, "auc": 0.83773}
{"epoch": 90, "time_epoch": 1.70696, "eta": 16.46242, "eta_hours": 0.00457, "loss": 0.4769108, "lr": 2.447e-05, "params": 6215, "time_iter": 0.04877, "accuracy": 0.76079, "precision": 0.74011, "recall": 0.60092, "f1": 0.66329, "auc": 0.83036}
{"epoch": 91, "time_epoch": 1.70946, "eta": 14.62286, "eta_hours": 0.00406, "loss": 0.46609649, "lr": 1.985e-05, "params": 6215, "time_iter": 0.04884, "accuracy": 0.77158, "precision": 0.75419, "recall": 0.61927, "f1": 0.6801, "auc": 0.83764}
{"epoch": 92, "time_epoch": 1.70334, "eta": 12.78563, "eta_hours": 0.00355, "loss": 0.48487617, "lr": 1.571e-05, "params": 6215, "time_iter": 0.04867, "accuracy": 0.77518, "precision": 0.77193, "recall": 0.6055, "f1": 0.67866, "auc": 0.82152}
{"epoch": 93, "time_epoch": 1.72572, "eta": 10.95267, "eta_hours": 0.00304, "loss": 0.47858455, "lr": 1.204e-05, "params": 6215, "time_iter": 0.04931, "accuracy": 0.76619, "precision": 0.73656, "recall": 0.62844, "f1": 0.67822, "auc": 0.82949}
{"epoch": 94, "time_epoch": 1.70652, "eta": 9.12097, "eta_hours": 0.00253, "loss": 0.4947582, "lr": 8.86e-06, "params": 6215, "time_iter": 0.04876, "accuracy": 0.76259, "precision": 0.74432, "recall": 0.60092, "f1": 0.66497, "auc": 0.8268}
{"epoch": 95, "time_epoch": 1.70772, "eta": 7.29192, "eta_hours": 0.00203, "loss": 0.4858658, "lr": 6.16e-06, "params": 6215, "time_iter": 0.04879, "accuracy": 0.76619, "precision": 0.75581, "recall": 0.59633, "f1": 0.66667, "auc": 0.82551}
{"epoch": 96, "time_epoch": 1.7208, "eta": 5.46578, "eta_hours": 0.00152, "loss": 0.47432496, "lr": 3.94e-06, "params": 6215, "time_iter": 0.04917, "accuracy": 0.77158, "precision": 0.75419, "recall": 0.61927, "f1": 0.6801, "auc": 0.83463}
{"epoch": 97, "time_epoch": 1.72717, "eta": 3.64192, "eta_hours": 0.00101, "loss": 0.47791131, "lr": 2.22e-06, "params": 6215, "time_iter": 0.04935, "accuracy": 0.76619, "precision": 0.74176, "recall": 0.61927, "f1": 0.675, "auc": 0.8328}
{"epoch": 98, "time_epoch": 1.70058, "eta": 1.81974, "eta_hours": 0.00051, "loss": 0.47504277, "lr": 9.9e-07, "params": 6215, "time_iter": 0.04859, "accuracy": 0.77698, "precision": 0.75543, "recall": 0.63761, "f1": 0.69154, "auc": 0.83243}
{"epoch": 99, "time_epoch": 1.71587, "eta": 0.0, "eta_hours": 0.0, "loss": 0.48225943, "lr": 2.5e-07, "params": 6215, "time_iter": 0.04902, "accuracy": 0.77158, "precision": 0.75138, "recall": 0.62385, "f1": 0.6817, "auc": 0.832}
