{"epoch": 99, "time_epoch": 33.10086, "time_epoch_std": 1.04714, "eta": 319.47525, "eta_std": 296.99359, "eta_hours": 0.08874, "eta_hours_std": 0.0825, "loss": 0.5167, "loss_std": 0.00962, "lr": 5e-05, "lr_std": 6e-05, "params": 5865.0, "params_std": 0.0, "time_iter": 0.0644, "time_iter_std": 0.00204, "accuracy": 0.77142, "accuracy_std": 0.00655, "accuracy_max": 0.77945, "precision": 0.77027, "precision_std": 0.00863, "recall": 0.77689, "recall_std": 0.00856, "f1": 0.77352, "f1_std": 0.00619, "auc": 0.84971, "auc_std": 0.00647}
