{"epoch": 0, "time_epoch": 46.91323, "time_epoch_std": 0.66964, "eta": 4644.40982, "eta_std": 66.29503, "eta_hours": 1.29012, "eta_hours_std": 0.01842, "loss": 0.6649, "loss_std": 0.00364, "lr": 0.001, "lr_std": 0.0, "params": 5865.0, "params_std": 0.0, "time_iter": 0.09127, "time_iter_std": 0.0013, "accuracy": 0.6026, "accuracy_std": 0.00405, "accuracy_max": 0.60954, "precision": 0.61822, "precision_std": 0.02157, "recall": 0.56056, "recall_std": 0.07649, "f1": 0.58364, "f1_std": 0.03407, "auc": 0.64152, "auc_std": 0.00763}
{"epoch": 1, "time_epoch": 34.92839, "time_epoch_std": 2.349, "eta": 4010.23942, "eta_std": 140.04433, "eta_hours": 1.11396, "eta_hours_std": 0.0389, "loss": 0.64959, "loss_std": 0.00321, "lr": 0.001, "lr_std": 0.0, "params": 5865.0, "params_std": 0.0, "time_iter": 0.06796, "time_iter_std": 0.00457, "accuracy": 0.63839, "accuracy_std": 0.0064, "accuracy_max": 0.64752, "precision": 0.63857, "precision_std": 0.00607, "recall": 0.64583, "recall_std": 0.01125, "f1": 0.64214, "f1_std": 0.00748, "auc": 0.67138, "auc_std": 0.00633}
{"epoch": 2, "time_epoch": 35.21715, "time_epoch_std": 2.56131, "eta": 3784.9002, "eta_std": 170.74536, "eta_hours": 1.05136, "eta_hours_std": 0.04743, "loss": 0.64842, "loss_std": 0.00475, "lr": 0.001, "lr_std": 0.0, "params": 5865.0, "params_std": 0.0, "time_iter": 0.06852, "time_iter_std": 0.00498, "accuracy": 0.63011, "accuracy_std": 0.01009, "accuracy_max": 0.64606, "precision": 0.63175, "precision_std": 0.01358, "recall": 0.63396, "recall_std": 0.01408, "f1": 0.63266, "f1_std": 0.00795, "auc": 0.67134, "auc_std": 0.00921}
{"epoch": 3, "time_epoch": 34.59386, "time_epoch_std": 2.58669, "eta": 3639.66312, "eta_std": 188.50785, "eta_hours": 1.01102, "eta_hours_std": 0.05237, "loss": 0.64696, "loss_std": 0.00424, "lr": 0.001, "lr_std": 0.0, "params": 5865.0, "params_std": 0.0, "time_iter": 0.0673, "time_iter_std": 0.00503, "accuracy": 0.63547, "accuracy_std": 0.01079, "accuracy_max": 0.64898, "precision": 0.63648, "precision_std": 0.01298, "recall": 0.64123, "recall_std": 0.02787, "f1": 0.63844, "f1_std": 0.01432, "auc": 0.67528, "auc_std": 0.00739}
{"epoch": 4, "time_epoch": 33.52135, "time_epoch_std": 0.93475, "eta": 3518.30568, "eta_std": 163.51914, "eta_hours": 0.97731, "eta_hours_std": 0.04542, "loss": 0.63877, "loss_std": 0.00538, "lr": 0.001, "lr_std": 0.0, "params": 5865.0, "params_std": 0.0, "time_iter": 0.06522, "time_iter_std": 0.00182, "accuracy": 0.64423, "accuracy_std": 0.01193, "accuracy_max": 0.65628, "precision": 0.64519, "precision_std": 0.01205, "recall": 0.64874, "recall_std": 0.01428, "f1": 0.64692, "f1_std": 0.01211, "auc": 0.68848, "auc_std": 0.00966}
{"epoch": 5, "time_epoch": 33.94472, "time_epoch_std": 2.31811, "eta": 3432.85955, "eta_std": 134.79249, "eta_hours": 0.95357, "eta_hours_std": 0.03744, "loss": 0.63478, "loss_std": 0.00398, "lr": 0.00099, "lr_std": 0.0, "params": 5865.0, "params_std": 0.0, "time_iter": 0.06604, "time_iter_std": 0.00451, "accuracy": 0.64971, "accuracy_std": 0.00919, "accuracy_max": 0.65871, "precision": 0.65111, "precision_std": 0.00985, "recall": 0.65262, "recall_std": 0.01003, "f1": 0.65182, "f1_std": 0.00878, "auc": 0.6941, "auc_std": 0.00668}
{"epoch": 6, "time_epoch": 33.07099, "time_epoch_std": 0.92187, "eta": 3350.52012, "eta_std": 116.83364, "eta_hours": 0.9307, "eta_hours_std": 0.03245, "loss": 0.62916, "loss_std": 0.00492, "lr": 0.00099, "lr_std": 0.0, "params": 5865.0, "params_std": 0.0, "time_iter": 0.06434, "time_iter_std": 0.00179, "accuracy": 0.65738, "accuracy_std": 0.01034, "accuracy_max": 0.66748, "precision": 0.66018, "precision_std": 0.00967, "recall": 0.65552, "recall_std": 0.02117, "f1": 0.6577, "f1_std": 0.01306, "auc": 0.70472, "auc_std": 0.00792}
{"epoch": 7, "time_epoch": 32.96213, "time_epoch_std": 0.79895, "eta": 3279.24592, "eta_std": 104.1622, "eta_hours": 0.9109, "eta_hours_std": 0.02894, "loss": 0.62737, "loss_std": 0.00781, "lr": 0.00099, "lr_std": 0.0, "params": 5865.0, "params_std": 0.0, "time_iter": 0.06413, "time_iter_std": 0.00155, "accuracy": 0.6581, "accuracy_std": 0.00887, "accuracy_max": 0.66748, "precision": 0.66264, "precision_std": 0.00901, "recall": 0.65092, "recall_std": 0.01033, "f1": 0.65672, "f1_std": 0.00922, "auc": 0.71035, "auc_std": 0.00972}
{"epoch": 8, "time_epoch": 33.04358, "time_epoch_std": 0.87877, "eta": 3217.30909, "eta_std": 94.96175, "eta_hours": 0.8937, "eta_hours_std": 0.02638, "loss": 0.62485, "loss_std": 0.00687, "lr": 0.00098, "lr_std": 0.0, "params": 5865.0, "params_std": 0.0, "time_iter": 0.06429, "time_iter_std": 0.00171, "accuracy": 0.66407, "accuracy_std": 0.00547, "accuracy_max": 0.66894, "precision": 0.66449, "precision_std": 0.00886, "recall": 0.67006, "recall_std": 0.01221, "f1": 0.66712, "f1_std": 0.00473, "auc": 0.71736, "auc_std": 0.00916}
{"epoch": 9, "time_epoch": 32.94443, "time_epoch_std": 0.78567, "eta": 3160.25855, "eta_std": 87.81428, "eta_hours": 0.87785, "eta_hours_std": 0.02439, "loss": 0.62099, "loss_std": 0.00743, "lr": 0.00098, "lr_std": 0.0, "params": 5865.0, "params_std": 0.0, "time_iter": 0.06409, "time_iter_std": 0.00153, "accuracy": 0.66456, "accuracy_std": 0.01013, "accuracy_max": 0.67868, "precision": 0.6701, "precision_std": 0.00485, "recall": 0.65431, "recall_std": 0.02815, "f1": 0.66187, "f1_std": 0.01629, "auc": 0.72385, "auc_std": 0.01113}
{"epoch": 10, "time_epoch": 32.92756, "time_epoch_std": 0.71697, "eta": 3107.45445, "eta_std": 82.27933, "eta_hours": 0.86318, "eta_hours_std": 0.02285, "loss": 0.61847, "loss_std": 0.01129, "lr": 0.00098, "lr_std": 0.0, "params": 5865.0, "params_std": 0.0, "time_iter": 0.06406, "time_iter_std": 0.00139, "accuracy": 0.67162, "accuracy_std": 0.01134, "accuracy_max": 0.68452, "precision": 0.67073, "precision_std": 0.01393, "recall": 0.68144, "recall_std": 0.02454, "f1": 0.67573, "f1_std": 0.01322, "auc": 0.72876, "auc_std": 0.01183}
{"epoch": 11, "time_epoch": 32.92852, "time_epoch_std": 0.76977, "eta": 3057.97009, "eta_std": 77.94459, "eta_hours": 0.84943, "eta_hours_std": 0.02165, "loss": 0.61417, "loss_std": 0.01124, "lr": 0.00097, "lr_std": 0.0, "params": 5865.0, "params_std": 0.0, "time_iter": 0.06407, "time_iter_std": 0.0015, "accuracy": 0.67539, "accuracy_std": 0.00855, "accuracy_max": 0.68598, "precision": 0.67667, "precision_std": 0.00352, "recall": 0.67757, "recall_std": 0.02434, "f1": 0.67694, "f1_std": 0.01368, "auc": 0.73756, "auc_std": 0.0102}
{"epoch": 12, "time_epoch": 33.02745, "time_epoch_std": 0.90489, "eta": 3011.69488, "eta_std": 74.81865, "eta_hours": 0.83658, "eta_hours_std": 0.02078, "loss": 0.60704, "loss_std": 0.01004, "lr": 0.00096, "lr_std": 0.0, "params": 5865.0, "params_std": 0.0, "time_iter": 0.06425, "time_iter_std": 0.00176, "accuracy": 0.6805, "accuracy_std": 0.01357, "accuracy_max": 0.7001, "precision": 0.67977, "precision_std": 0.0133, "recall": 0.68847, "recall_std": 0.01982, "f1": 0.684, "f1_std": 0.01485, "auc": 0.74514, "auc_std": 0.01434}
{"epoch": 13, "time_epoch": 32.82478, "time_epoch_std": 0.69833, "eta": 2966.06721, "eta_std": 71.19881, "eta_hours": 0.82391, "eta_hours_std": 0.01978, "loss": 0.60909, "loss_std": 0.01176, "lr": 0.00096, "lr_std": 0.0, "params": 5865.0, "params_std": 0.0, "time_iter": 0.06386, "time_iter_std": 0.00136, "accuracy": 0.6833, "accuracy_std": 0.01502, "accuracy_max": 0.70204, "precision": 0.6845, "precision_std": 0.01605, "recall": 0.68605, "recall_std": 0.01623, "f1": 0.68521, "f1_std": 0.01475, "auc": 0.74684, "auc_std": 0.01504}
{"epoch": 14, "time_epoch": 33.13279, "time_epoch_std": 1.00597, "eta": 2923.89198, "eta_std": 69.63357, "eta_hours": 0.81219, "eta_hours_std": 0.01934, "loss": 0.60524, "loss_std": 0.01329, "lr": 0.00095, "lr_std": 0.0, "params": 5865.0, "params_std": 0.0, "time_iter": 0.06446, "time_iter_std": 0.00196, "accuracy": 0.68768, "accuracy_std": 0.01346, "accuracy_max": 0.70399, "precision": 0.69378, "precision_std": 0.01237, "recall": 0.67732, "recall_std": 0.02199, "f1": 0.68534, "f1_std": 0.01559, "auc": 0.7545, "auc_std": 0.01467}
{"epoch": 15, "time_epoch": 33.08164, "time_epoch_std": 0.90671, "eta": 2882.57851, "eta_std": 68.1025, "eta_hours": 0.80072, "eta_hours_std": 0.01892, "loss": 0.59908, "loss_std": 0.01403, "lr": 0.00095, "lr_std": 0.0, "params": 5865.0, "params_std": 0.0, "time_iter": 0.06436, "time_iter_std": 0.00176, "accuracy": 0.69255, "accuracy_std": 0.01649, "accuracy_max": 0.71373, "precision": 0.69364, "precision_std": 0.0176, "recall": 0.69549, "recall_std": 0.02054, "f1": 0.69444, "f1_std": 0.01673, "auc": 0.76242, "auc_std": 0.01546}
{"epoch": 16, "time_epoch": 33.07212, "time_epoch_std": 0.98473, "eta": 2842.18703, "eta_std": 67.22384, "eta_hours": 0.7895, "eta_hours_std": 0.01867, "loss": 0.59192, "loss_std": 0.00892, "lr": 0.00094, "lr_std": 0.0, "params": 5865.0, "params_std": 0.0, "time_iter": 0.06434, "time_iter_std": 0.00191, "accuracy": 0.69267, "accuracy_std": 0.01199, "accuracy_max": 0.70789, "precision": 0.69559, "precision_std": 0.01121, "recall": 0.69041, "recall_std": 0.01453, "f1": 0.69298, "f1_std": 0.01265, "auc": 0.76646, "auc_std": 0.01175}
{"epoch": 17, "time_epoch": 33.11217, "time_epoch_std": 0.95734, "eta": 2802.79122, "eta_std": 66.21586, "eta_hours": 0.77855, "eta_hours_std": 0.0184, "loss": 0.59675, "loss_std": 0.0131, "lr": 0.00093, "lr_std": 0.0, "params": 5865.0, "params_std": 0.0, "time_iter": 0.06442, "time_iter_std": 0.00186, "accuracy": 0.69523, "accuracy_std": 0.01085, "accuracy_max": 0.70448, "precision": 0.69859, "precision_std": 0.00963, "recall": 0.69186, "recall_std": 0.01746, "f1": 0.69515, "f1_std": 0.01266, "auc": 0.7662, "auc_std": 0.01323}
{"epoch": 18, "time_epoch": 33.08142, "time_epoch_std": 0.8524, "eta": 2763.92581, "eta_std": 65.02974, "eta_hours": 0.76776, "eta_hours_std": 0.01806, "loss": 0.5917, "loss_std": 0.01491, "lr": 0.00092, "lr_std": 0.0, "params": 5865.0, "params_std": 0.0, "time_iter": 0.06436, "time_iter_std": 0.00166, "accuracy": 0.69961, "accuracy_std": 0.01743, "accuracy_max": 0.71032, "precision": 0.70391, "precision_std": 0.01142, "recall": 0.69331, "recall_std": 0.03622, "f1": 0.69829, "f1_std": 0.02348, "auc": 0.77208, "auc_std": 0.01742}
{"epoch": 19, "time_epoch": 33.16885, "time_epoch_std": 0.8878, "eta": 2725.9885, "eta_std": 64.21625, "eta_hours": 0.75722, "eta_hours_std": 0.01784, "loss": 0.59342, "loss_std": 0.01066, "lr": 0.00091, "lr_std": 0.0, "params": 5865.0, "params_std": 0.0, "time_iter": 0.06453, "time_iter_std": 0.00173, "accuracy": 0.70095, "accuracy_std": 0.01074, "accuracy_max": 0.70886, "precision": 0.70216, "precision_std": 0.01061, "recall": 0.703, "recall_std": 0.01259, "f1": 0.70256, "f1_std": 0.01102, "auc": 0.77214, "auc_std": 0.01534}
{"epoch": 20, "time_epoch": 33.10412, "time_epoch_std": 0.89893, "eta": 2688.26184, "eta_std": 63.27966, "eta_hours": 0.74674, "eta_hours_std": 0.01758, "loss": 0.58731, "loss_std": 0.00983, "lr": 0.0009, "lr_std": 0.0, "params": 5865.0, "params_std": 0.0, "time_iter": 0.0644, "time_iter_std": 0.00175, "accuracy": 0.70362, "accuracy_std": 0.00333, "accuracy_max": 0.70789, "precision": 0.70879, "precision_std": 0.00528, "recall": 0.69646, "recall_std": 0.01675, "f1": 0.70241, "f1_std": 0.0069, "auc": 0.77488, "auc_std": 0.00899}
{"epoch": 21, "time_epoch": 33.046, "time_epoch_std": 0.87993, "eta": 2650.74933, "eta_std": 62.30318, "eta_hours": 0.73632, "eta_hours_std": 0.01731, "loss": 0.58346, "loss_std": 0.01504, "lr": 0.0009, "lr_std": 0.0, "params": 5865.0, "params_std": 0.0, "time_iter": 0.06429, "time_iter_std": 0.00171, "accuracy": 0.70424, "accuracy_std": 0.0144, "accuracy_max": 0.71568, "precision": 0.70458, "precision_std": 0.01503, "recall": 0.70857, "recall_std": 0.01908, "f1": 0.70648, "f1_std": 0.01485, "auc": 0.7827, "auc_std": 0.01272}
{"epoch": 22, "time_epoch": 33.0178, "time_epoch_std": 0.8498, "eta": 2613.5308, "eta_std": 61.31047, "eta_hours": 0.72598, "eta_hours_std": 0.01703, "loss": 0.58274, "loss_std": 0.01361, "lr": 0.00089, "lr_std": 0.0, "params": 5865.0, "params_std": 0.0, "time_iter": 0.06424, "time_iter_std": 0.00165, "accuracy": 0.71044, "accuracy_std": 0.01474, "accuracy_max": 0.72347, "precision": 0.71572, "precision_std": 0.00889, "recall": 0.70228, "recall_std": 0.0291, "f1": 0.70878, "f1_std": 0.01933, "auc": 0.78182, "auc_std": 0.01673}
{"epoch": 23, "time_epoch": 33.17493, "time_epoch_std": 1.01244, "eta": 2577.1599, "eta_std": 60.81187, "eta_hours": 0.71588, "eta_hours_std": 0.01689, "loss": 0.58354, "loss_std": 0.0098, "lr": 0.00088, "lr_std": 0.0, "params": 5865.0, "params_std": 0.0, "time_iter": 0.06454, "time_iter_std": 0.00197, "accuracy": 0.70618, "accuracy_std": 0.01137, "accuracy_max": 0.72055, "precision": 0.70974, "precision_std": 0.00662, "recall": 0.70228, "recall_std": 0.02574, "f1": 0.70582, "f1_std": 0.01561, "auc": 0.77861, "auc_std": 0.01468}
{"epoch": 24, "time_epoch": 33.11405, "time_epoch_std": 0.96017, "eta": 2540.86207, "eta_std": 60.16762, "eta_hours": 0.7058, "eta_hours_std": 0.01671, "loss": 0.58143, "loss_std": 0.00985, "lr": 0.00086, "lr_std": 0.0, "params": 5865.0, "params_std": 0.0, "time_iter": 0.06442, "time_iter_std": 0.00187, "accuracy": 0.71324, "accuracy_std": 0.01008, "accuracy_max": 0.72736, "precision": 0.71687, "precision_std": 0.00678, "recall": 0.7093, "recall_std": 0.02029, "f1": 0.71298, "f1_std": 0.01281, "auc": 0.78384, "auc_std": 0.00859}
{"epoch": 25, "time_epoch": 33.15094, "time_epoch_std": 0.96959, "eta": 2504.91411, "eta_std": 59.59601, "eta_hours": 0.69581, "eta_hours_std": 0.01656, "loss": 0.57782, "loss_std": 0.01118, "lr": 0.00085, "lr_std": 0.0, "params": 5865.0, "params_std": 0.0, "time_iter": 0.0645, "time_iter_std": 0.00188, "accuracy": 0.71129, "accuracy_std": 0.00645, "accuracy_max": 0.71908, "precision": 0.71233, "precision_std": 0.00715, "recall": 0.71366, "recall_std": 0.0102, "f1": 0.71295, "f1_std": 0.00686, "auc": 0.78724, "auc_std": 0.01181}
{"epoch": 26, "time_epoch": 33.16542, "time_epoch_std": 1.00503, "eta": 2469.2125, "eta_std": 59.10044, "eta_hours": 0.68589, "eta_hours_std": 0.01642, "loss": 0.58367, "loss_std": 0.00742, "lr": 0.00084, "lr_std": 0.0, "params": 5865.0, "params_std": 0.0, "time_iter": 0.06452, "time_iter_std": 0.00195, "accuracy": 0.71263, "accuracy_std": 0.00333, "accuracy_max": 0.71616, "precision": 0.71749, "precision_std": 0.0033, "recall": 0.70615, "recall_std": 0.01211, "f1": 0.71171, "f1_std": 0.00564, "auc": 0.78512, "auc_std": 0.00752}
{"epoch": 27, "time_epoch": 33.04806, "time_epoch_std": 0.9192, "eta": 2433.39026, "eta_std": 58.39968, "eta_hours": 0.67594, "eta_hours_std": 0.01622, "loss": 0.57223, "loss_std": 0.00686, "lr": 0.00083, "lr_std": 0.0, "params": 5865.0, "params_std": 0.0, "time_iter": 0.0643, "time_iter_std": 0.00179, "accuracy": 0.72188, "accuracy_std": 0.00584, "accuracy_max": 0.73077, "precision": 0.72605, "precision_std": 0.00439, "recall": 0.71706, "recall_std": 0.01543, "f1": 0.72144, "f1_std": 0.00821, "auc": 0.79349, "auc_std": 0.00856}
{"epoch": 28, "time_epoch": 33.08418, "time_epoch_std": 1.01133, "eta": 2397.84778, "eta_std": 57.85373, "eta_hours": 0.66607, "eta_hours_std": 0.01607, "loss": 0.57106, "loss_std": 0.01039, "lr": 0.00082, "lr_std": 0.0, "params": 5865.0, "params_std": 0.0, "time_iter": 0.06437, "time_iter_std": 0.00197, "accuracy": 0.72006, "accuracy_std": 0.00908, "accuracy_max": 0.73126, "precision": 0.72146, "precision_std": 0.00881, "recall": 0.72142, "recall_std": 0.01656, "f1": 0.72134, "f1_std": 0.01047, "auc": 0.79376, "auc_std": 0.01197}
{"epoch": 29, "time_epoch": 33.11961, "time_epoch_std": 1.00862, "eta": 2362.55185, "eta_std": 57.35349, "eta_hours": 0.65626, "eta_hours_std": 0.01593, "loss": 0.57235, "loss_std": 0.01007, "lr": 0.00081, "lr_std": 0.0, "params": 5865.0, "params_std": 0.0, "time_iter": 0.06443, "time_iter_std": 0.00196, "accuracy": 0.72042, "accuracy_std": 0.00723, "accuracy_max": 0.73077, "precision": 0.72533, "precision_std": 0.0064, "recall": 0.71391, "recall_std": 0.01264, "f1": 0.71953, "f1_std": 0.00841, "auc": 0.79543, "auc_std": 0.00857}
{"epoch": 30, "time_epoch": 33.19015, "time_epoch_std": 0.99645, "eta": 2327.55334, "eta_std": 56.86618, "eta_hours": 0.64654, "eta_hours_std": 0.0158, "loss": 0.57672, "loss_std": 0.0032, "lr": 0.00079, "lr_std": 0.0, "params": 5865.0, "params_std": 0.0, "time_iter": 0.06457, "time_iter_std": 0.00194, "accuracy": 0.71738, "accuracy_std": 0.00821, "accuracy_max": 0.72395, "precision": 0.7159, "precision_std": 0.00888, "recall": 0.72553, "recall_std": 0.01336, "f1": 0.72061, "f1_std": 0.00873, "auc": 0.79248, "auc_std": 0.00712}
{"epoch": 31, "time_epoch": 33.18921, "time_epoch_std": 0.99028, "eta": 2292.66587, "eta_std": 56.34298, "eta_hours": 0.63685, "eta_hours_std": 0.01565, "loss": 0.5641, "loss_std": 0.00693, "lr": 0.00078, "lr_std": 0.0, "params": 5865.0, "params_std": 0.0, "time_iter": 0.06457, "time_iter_std": 0.00193, "accuracy": 0.72797, "accuracy_std": 0.00389, "accuracy_max": 0.73418, "precision": 0.73166, "precision_std": 0.00615, "recall": 0.72432, "recall_std": 0.00662, "f1": 0.72794, "f1_std": 0.00355, "auc": 0.80123, "auc_std": 0.00788}
{"epoch": 32, "time_epoch": 33.13223, "time_epoch_std": 0.9172, "eta": 2257.76562, "eta_std": 55.66032, "eta_hours": 0.62716, "eta_hours_std": 0.01546, "loss": 0.57401, "loss_std": 0.00715, "lr": 0.00077, "lr_std": 0.0, "params": 5865.0, "params_std": 0.0, "time_iter": 0.06446, "time_iter_std": 0.00178, "accuracy": 0.72322, "accuracy_std": 0.00927, "accuracy_max": 0.73369, "precision": 0.72606, "precision_std": 0.00636, "recall": 0.72118, "recall_std": 0.02039, "f1": 0.72349, "f1_std": 0.01223, "auc": 0.7979, "auc_std": 0.00984}
{"epoch": 33, "time_epoch": 33.15204, "time_epoch_std": 0.92919, "eta": 2223.00782, "eta_std": 54.99412, "eta_hours": 0.6175, "eta_hours_std": 0.01528, "loss": 0.56617, "loss_std": 0.00482, "lr": 0.00075, "lr_std": 0.0, "params": 5865.0, "params_std": 0.0, "time_iter": 0.0645, "time_iter_std": 0.00181, "accuracy": 0.72834, "accuracy_std": 0.01243, "accuracy_max": 0.74294, "precision": 0.72945, "precision_std": 0.0104, "recall": 0.7299, "recall_std": 0.01717, "f1": 0.72965, "f1_std": 0.01366, "auc": 0.80192, "auc_std": 0.00857}
{"epoch": 34, "time_epoch": 32.99714, "time_epoch_std": 0.86465, "eta": 2188.05411, "eta_std": 54.15218, "eta_hours": 0.60779, "eta_hours_std": 0.01504, "loss": 0.56345, "loss_std": 0.00406, "lr": 0.00074, "lr_std": 0.0, "params": 5865.0, "params_std": 0.0, "time_iter": 0.0642, "time_iter_std": 0.00168, "accuracy": 0.72834, "accuracy_std": 0.00999, "accuracy_max": 0.73661, "precision": 0.72859, "precision_std": 0.01239, "recall": 0.73232, "recall_std": 0.01008, "f1": 0.73039, "f1_std": 0.00906, "auc": 0.8036, "auc_std": 0.00641}
{"epoch": 35, "time_epoch": 32.80936, "time_epoch_std": 0.71253, "eta": 2152.87529, "eta_std": 52.91337, "eta_hours": 0.59802, "eta_hours_std": 0.0147, "loss": 0.56243, "loss_std": 0.00496, "lr": 0.00073, "lr_std": 0.0, "params": 5865.0, "params_std": 0.0, "time_iter": 0.06383, "time_iter_std": 0.00139, "accuracy": 0.73503, "accuracy_std": 0.00607, "accuracy_max": 0.74537, "precision": 0.73604, "precision_std": 0.00949, "recall": 0.7374, "recall_std": 0.01688, "f1": 0.73653, "f1_std": 0.0074, "auc": 0.80734, "auc_std": 0.00441}
{"epoch": 36, "time_epoch": 33.03672, "time_epoch_std": 0.90275, "eta": 2118.21165, "eta_std": 52.15637, "eta_hours": 0.58839, "eta_hours_std": 0.01449, "loss": 0.55908, "loss_std": 0.00722, "lr": 0.00071, "lr_std": 0.0, "params": 5865.0, "params_std": 0.0, "time_iter": 0.06428, "time_iter_std": 0.00176, "accuracy": 0.72821, "accuracy_std": 0.00618, "accuracy_max": 0.73612, "precision": 0.72917, "precision_std": 0.0065, "recall": 0.73038, "recall_std": 0.01015, "f1": 0.72974, "f1_std": 0.00672, "auc": 0.80832, "auc_std": 0.00363}
{"epoch": 37, "time_epoch": 33.05834, "time_epoch_std": 0.93472, "eta": 2083.66892, "eta_std": 51.43472, "eta_hours": 0.5788, "eta_hours_std": 0.01429, "loss": 0.55515, "loss_std": 0.00613, "lr": 0.0007, "lr_std": 0.0, "params": 5865.0, "params_std": 0.0, "time_iter": 0.06432, "time_iter_std": 0.00182, "accuracy": 0.7332, "accuracy_std": 0.00954, "accuracy_max": 0.74878, "precision": 0.73506, "precision_std": 0.00761, "recall": 0.73328, "recall_std": 0.01862, "f1": 0.73408, "f1_std": 0.01158, "auc": 0.81014, "auc_std": 0.00682}
{"epoch": 38, "time_epoch": 32.91337, "time_epoch_std": 0.77216, "eta": 2048.97556, "eta_std": 50.43084, "eta_hours": 0.56916, "eta_hours_std": 0.01401, "loss": 0.56088, "loss_std": 0.00884, "lr": 0.00068, "lr_std": 0.0, "params": 5865.0, "params_std": 0.0, "time_iter": 0.06403, "time_iter_std": 0.0015, "accuracy": 0.73296, "accuracy_std": 0.00633, "accuracy_max": 0.74294, "precision": 0.73264, "precision_std": 0.0076, "recall": 0.73789, "recall_std": 0.01027, "f1": 0.7352, "f1_std": 0.00654, "auc": 0.80847, "auc_std": 0.00818}
{"epoch": 39, "time_epoch": 33.16031, "time_epoch_std": 1.06459, "eta": 2014.74162, "eta_std": 49.86948, "eta_hours": 0.55965, "eta_hours_std": 0.01385, "loss": 0.56122, "loss_std": 0.00871, "lr": 0.00067, "lr_std": 0.0, "params": 5865.0, "params_std": 0.0, "time_iter": 0.06451, "time_iter_std": 0.00207, "accuracy": 0.73479, "accuracy_std": 0.00734, "accuracy_max": 0.74537, "precision": 0.73787, "precision_std": 0.00742, "recall": 0.73232, "recall_std": 0.0087, "f1": 0.73507, "f1_std": 0.00749, "auc": 0.81202, "auc_std": 0.0058}
{"epoch": 40, "time_epoch": 33.18438, "time_epoch_std": 1.04778, "eta": 1980.59469, "eta_std": 49.27054, "eta_hours": 0.55016, "eta_hours_std": 0.01369, "loss": 0.55879, "loss_std": 0.00834, "lr": 0.00065, "lr_std": 0.0, "params": 5865.0, "params_std": 0.0, "time_iter": 0.06456, "time_iter_std": 0.00204, "accuracy": 0.73077, "accuracy_std": 0.00388, "accuracy_max": 0.73515, "precision": 0.73202, "precision_std": 0.00361, "recall": 0.73232, "recall_std": 0.01445, "f1": 0.73207, "f1_std": 0.00651, "auc": 0.80952, "auc_std": 0.00551}
{"epoch": 41, "time_epoch": 33.08222, "time_epoch_std": 0.97291, "eta": 1946.35252, "eta_std": 48.59185, "eta_hours": 0.54066, "eta_hours_std": 0.0135, "loss": 0.55969, "loss_std": 0.01399, "lr": 0.00064, "lr_std": 0.0, "params": 5865.0, "params_std": 0.0, "time_iter": 0.06436, "time_iter_std": 0.00189, "accuracy": 0.73795, "accuracy_std": 0.0051, "accuracy_max": 0.74635, "precision": 0.73923, "precision_std": 0.00543, "recall": 0.73934, "recall_std": 0.01406, "f1": 0.7392, "f1_std": 0.00686, "auc": 0.81336, "auc_std": 0.00427}
{"epoch": 42, "time_epoch": 33.11929, "time_epoch_std": 0.94981, "eta": 1912.21344, "eta_std": 47.86885, "eta_hours": 0.53117, "eta_hours_std": 0.0133, "loss": 0.55133, "loss_std": 0.00828, "lr": 0.00062, "lr_std": 0.0, "params": 5865.0, "params_std": 0.0, "time_iter": 0.06443, "time_iter_std": 0.00185, "accuracy": 0.73771, "accuracy_std": 0.00395, "accuracy_max": 0.74197, "precision": 0.73399, "precision_std": 0.00575, "recall": 0.74976, "recall_std": 0.00467, "f1": 0.74176, "f1_std": 0.00327, "auc": 0.8162, "auc_std": 0.00492}
{"epoch": 43, "time_epoch": 33.03237, "time_epoch_std": 0.89433, "eta": 1878.01008, "eta_std": 47.07067, "eta_hours": 0.52167, "eta_hours_std": 0.01308, "loss": 0.55891, "loss_std": 0.00753, "lr": 0.00061, "lr_std": 0.0, "params": 5865.0, "params_std": 0.0, "time_iter": 0.06426, "time_iter_std": 0.00174, "accuracy": 0.73783, "accuracy_std": 0.0061, "accuracy_max": 0.74586, "precision": 0.73744, "precision_std": 0.00584, "recall": 0.74273, "recall_std": 0.01676, "f1": 0.73996, "f1_std": 0.00835, "auc": 0.81283, "auc_std": 0.00533}
{"epoch": 44, "time_epoch": 33.12694, "time_epoch_std": 0.99317, "eta": 1843.97435, "eta_std": 46.37655, "eta_hours": 0.51222, "eta_hours_std": 0.01288, "loss": 0.55236, "loss_std": 0.00489, "lr": 0.00059, "lr_std": 0.0, "params": 5865.0, "params_std": 0.0, "time_iter": 0.06445, "time_iter_std": 0.00193, "accuracy": 0.74452, "accuracy_std": 0.00973, "accuracy_max": 0.75706, "precision": 0.74225, "precision_std": 0.00756, "recall": 0.75291, "recall_std": 0.01544, "f1": 0.74751, "f1_std": 0.0109, "auc": 0.81866, "auc_std": 0.0063}
{"epoch": 45, "time_epoch": 32.97073, "time_epoch_std": 0.85274, "eta": 1809.79476, "eta_std": 45.50527, "eta_hours": 0.50272, "eta_hours_std": 0.01264, "loss": 0.55176, "loss_std": 0.007, "lr": 0.00058, "lr_std": 0.0, "params": 5865.0, "params_std": 0.0, "time_iter": 0.06415, "time_iter_std": 0.00166, "accuracy": 0.74245, "accuracy_std": 0.00466, "accuracy_max": 0.74927, "precision": 0.73694, "precision_std": 0.00471, "recall": 0.758, "recall_std": 0.0068, "f1": 0.74731, "f1_std": 0.00484, "auc": 0.81971, "auc_std": 0.00505}
{"epoch": 46, "time_epoch": 32.99739, "time_epoch_std": 0.88647, "eta": 1775.69668, "eta_std": 44.68129, "eta_hours": 0.49325, "eta_hours_std": 0.01241, "loss": 0.55604, "loss_std": 0.00705, "lr": 0.00056, "lr_std": 0.0, "params": 5865.0, "params_std": 0.0, "time_iter": 0.0642, "time_iter_std": 0.00173, "accuracy": 0.74087, "accuracy_std": 0.00508, "accuracy_max": 0.74878, "precision": 0.74205, "precision_std": 0.00339, "recall": 0.74225, "recall_std": 0.00875, "f1": 0.74214, "f1_std": 0.00596, "auc": 0.81733, "auc_std": 0.00473}
{"epoch": 47, "time_epoch": 32.93266, "time_epoch_std": 0.79505, "eta": 1741.57434, "eta_std": 43.75002, "eta_hours": 0.48377, "eta_hours_std": 0.01215, "loss": 0.55465, "loss_std": 0.00921, "lr": 0.00055, "lr_std": 0.0, "params": 5865.0, "params_std": 0.0, "time_iter": 0.06407, "time_iter_std": 0.00155, "accuracy": 0.74221, "accuracy_std": 0.00925, "accuracy_max": 0.75657, "precision": 0.74351, "precision_std": 0.00677, "recall": 0.74322, "recall_std": 0.01443, "f1": 0.74334, "f1_std": 0.01052, "auc": 0.82013, "auc_std": 0.00644}
{"epoch": 48, "time_epoch": 33.11044, "time_epoch_std": 0.8958, "eta": 1707.68559, "eta_std": 42.95644, "eta_hours": 0.47436, "eta_hours_std": 0.01193, "loss": 0.54764, "loss_std": 0.00398, "lr": 0.00053, "lr_std": 0.0, "params": 5865.0, "params_std": 0.0, "time_iter": 0.06442, "time_iter_std": 0.00174, "accuracy": 0.7461, "accuracy_std": 0.00789, "accuracy_max": 0.75949, "precision": 0.7451, "precision_std": 0.01003, "recall": 0.75218, "recall_std": 0.01114, "f1": 0.74855, "f1_std": 0.0076, "auc": 0.82322, "auc_std": 0.00516}
{"epoch": 49, "time_epoch": 33.20667, "time_epoch_std": 1.08078, "eta": 1673.9242, "eta_std": 42.31608, "eta_hours": 0.46498, "eta_hours_std": 0.01175, "loss": 0.54695, "loss_std": 0.0109, "lr": 0.00052, "lr_std": 0.0, "params": 5865.0, "params_std": 0.0, "time_iter": 0.0646, "time_iter_std": 0.0021, "accuracy": 0.74671, "accuracy_std": 0.00573, "accuracy_max": 0.75511, "precision": 0.74731, "precision_std": 0.00468, "recall": 0.74927, "recall_std": 0.01373, "f1": 0.74822, "f1_std": 0.00742, "auc": 0.8232, "auc_std": 0.00704}
{"epoch": 50, "time_epoch": 33.07368, "time_epoch_std": 0.93548, "eta": 1640.05678, "eta_std": 41.53379, "eta_hours": 0.45557, "eta_hours_std": 0.01154, "loss": 0.55122, "loss_std": 0.00239, "lr": 0.0005, "lr_std": 0.0, "params": 5865.0, "params_std": 0.0, "time_iter": 0.06434, "time_iter_std": 0.00182, "accuracy": 0.74294, "accuracy_std": 0.00353, "accuracy_max": 0.74878, "precision": 0.74324, "precision_std": 0.00225, "recall": 0.74612, "recall_std": 0.00753, "f1": 0.74466, "f1_std": 0.00444, "auc": 0.82291, "auc_std": 0.00427}
{"epoch": 51, "time_epoch": 33.15158, "time_epoch_std": 1.03042, "eta": 1606.2918, "eta_std": 40.83346, "eta_hours": 0.44619, "eta_hours_std": 0.01134, "loss": 0.547, "loss_std": 0.00428, "lr": 0.00048, "lr_std": 0.0, "params": 5865.0, "params_std": 0.0, "time_iter": 0.0645, "time_iter_std": 0.00201, "accuracy": 0.74513, "accuracy_std": 0.00263, "accuracy_max": 0.74878, "precision": 0.74473, "precision_std": 0.00255, "recall": 0.74976, "recall_std": 0.0091, "f1": 0.7472, "f1_std": 0.00402, "auc": 0.82455, "auc_std": 0.00189}
{"epoch": 52, "time_epoch": 33.13623, "time_epoch_std": 1.00552, "eta": 1572.53636, "eta_std": 40.0978, "eta_hours": 0.43682, "eta_hours_std": 0.01114, "loss": 0.54316, "loss_std": 0.00588, "lr": 0.00047, "lr_std": 0.0, "params": 5865.0, "params_std": 0.0, "time_iter": 0.06447, "time_iter_std": 0.00196, "accuracy": 0.74781, "accuracy_std": 0.00526, "accuracy_max": 0.75511, "precision": 0.75158, "precision_std": 0.00418, "recall": 0.74395, "recall_std": 0.00749, "f1": 0.74774, "f1_std": 0.00583, "auc": 0.82632, "auc_std": 0.00369}
{"epoch": 53, "time_epoch": 33.11893, "time_epoch_std": 0.97176, "eta": 1538.78911, "eta_std": 39.32822, "eta_hours": 0.42744, "eta_hours_std": 0.01092, "loss": 0.54426, "loss_std": 0.00664, "lr": 0.00045, "lr_std": 0.0, "params": 5865.0, "params_std": 0.0, "time_iter": 0.06443, "time_iter_std": 0.00189, "accuracy": 0.7545, "accuracy_std": 0.00691, "accuracy_max": 0.76631, "precision": 0.75407, "precision_std": 0.00772, "recall": 0.75896, "recall_std": 0.00809, "f1": 0.75649, "f1_std": 0.0068, "auc": 0.82657, "auc_std": 0.0065}
{"epoch": 54, "time_epoch": 32.98409, "time_epoch_std": 0.87012, "eta": 1504.95438, "eta_std": 38.46891, "eta_hours": 0.41804, "eta_hours_std": 0.01068, "loss": 0.54733, "loss_std": 0.00313, "lr": 0.00044, "lr_std": 0.0, "params": 5865.0, "params_std": 0.0, "time_iter": 0.06417, "time_iter_std": 0.00169, "accuracy": 0.74732, "accuracy_std": 0.00478, "accuracy_max": 0.75024, "precision": 0.74511, "precision_std": 0.00418, "recall": 0.75558, "recall_std": 0.00826, "f1": 0.75028, "f1_std": 0.00541, "auc": 0.8266, "auc_std": 0.0043}
{"epoch": 55, "time_epoch": 33.17784, "time_epoch_std": 0.92401, "eta": 1471.30228, "eta_std": 37.66607, "eta_hours": 0.40869, "eta_hours_std": 0.01046, "loss": 0.54891, "loss_std": 0.00696, "lr": 0.00042, "lr_std": 0.0, "params": 5865.0, "params_std": 0.0, "time_iter": 0.06455, "time_iter_std": 0.0018, "accuracy": 0.75426, "accuracy_std": 0.00846, "accuracy_max": 0.76631, "precision": 0.75233, "precision_std": 0.00672, "recall": 0.76162, "recall_std": 0.01599, "f1": 0.75688, "f1_std": 0.00987, "auc": 0.82822, "auc_std": 0.00558}
{"epoch": 56, "time_epoch": 33.05888, "time_epoch_std": 0.85674, "eta": 1437.57706, "eta_std": 36.80205, "eta_hours": 0.39933, "eta_hours_std": 0.01022, "loss": 0.54756, "loss_std": 0.00847, "lr": 0.00041, "lr_std": 0.0, "params": 5865.0, "params_std": 0.0, "time_iter": 0.06432, "time_iter_std": 0.00167, "accuracy": 0.75024, "accuracy_std": 0.00801, "accuracy_max": 0.76193, "precision": 0.74657, "precision_std": 0.00708, "recall": 0.76139, "recall_std": 0.01391, "f1": 0.75385, "f1_std": 0.00902, "auc": 0.8272, "auc_std": 0.00712}
{"epoch": 57, "time_epoch": 33.00928, "time_epoch_std": 0.88046, "eta": 1403.83891, "eta_std": 35.95103, "eta_hours": 0.38996, "eta_hours_std": 0.00999, "loss": 0.53724, "loss_std": 0.00768, "lr": 0.00039, "lr_std": 0.0, "params": 5865.0, "params_std": 0.0, "time_iter": 0.06422, "time_iter_std": 0.00171, "accuracy": 0.75365, "accuracy_std": 0.00637, "accuracy_max": 0.75998, "precision": 0.75068, "precision_std": 0.00423, "recall": 0.76308, "recall_std": 0.01118, "f1": 0.75681, "f1_std": 0.00741, "auc": 0.83245, "auc_std": 0.00333}
{"epoch": 58, "time_epoch": 33.07806, "time_epoch_std": 0.97045, "eta": 1370.17326, "eta_std": 35.16219, "eta_hours": 0.3806, "eta_hours_std": 0.00977, "loss": 0.53555, "loss_std": 0.00736, "lr": 0.00038, "lr_std": 0.0, "params": 5865.0, "params_std": 0.0, "time_iter": 0.06436, "time_iter_std": 0.00189, "accuracy": 0.75304, "accuracy_std": 0.0021, "accuracy_max": 0.75511, "precision": 0.7542, "precision_std": 0.00253, "recall": 0.75436, "recall_std": 0.00726, "f1": 0.75426, "f1_std": 0.00314, "auc": 0.83254, "auc_std": 0.00151}
{"epoch": 59, "time_epoch": 33.09779, "time_epoch_std": 0.9843, "eta": 1336.54036, "eta_std": 34.3787, "eta_hours": 0.37126, "eta_hours_std": 0.00955, "loss": 0.53457, "loss_std": 0.00866, "lr": 0.00036, "lr_std": 0.0, "params": 5865.0, "params_std": 0.0, "time_iter": 0.06439, "time_iter_std": 0.00192, "accuracy": 0.75389, "accuracy_std": 0.0068, "accuracy_max": 0.7629, "precision": 0.74844, "precision_std": 0.00769, "recall": 0.76866, "recall_std": 0.01373, "f1": 0.75832, "f1_std": 0.00759, "auc": 0.83235, "auc_std": 0.0051}
{"epoch": 60, "time_epoch": 32.96566, "time_epoch_std": 0.8065, "eta": 1302.84052, "eta_std": 33.47507, "eta_hours": 0.3619, "eta_hours_std": 0.0093, "loss": 0.54159, "loss_std": 0.00463, "lr": 0.00035, "lr_std": 0.0, "params": 5865.0, "params_std": 0.0, "time_iter": 0.06414, "time_iter_std": 0.00157, "accuracy": 0.75548, "accuracy_std": 0.00696, "accuracy_max": 0.76485, "precision": 0.7532, "precision_std": 0.00723, "recall": 0.76356, "recall_std": 0.01041, "f1": 0.75831, "f1_std": 0.00728, "auc": 0.83345, "auc_std": 0.00542}
{"epoch": 61, "time_epoch": 32.95539, "time_epoch_std": 0.81245, "eta": 1269.15808, "eta_std": 32.57598, "eta_hours": 0.35254, "eta_hours_std": 0.00905, "loss": 0.53977, "loss_std": 0.00906, "lr": 0.00033, "lr_std": 0.0, "params": 5865.0, "params_std": 0.0, "time_iter": 0.06412, "time_iter_std": 0.00158, "accuracy": 0.75499, "accuracy_std": 0.00719, "accuracy_max": 0.76485, "precision": 0.75577, "precision_std": 0.00739, "recall": 0.75702, "recall_std": 0.00945, "f1": 0.75637, "f1_std": 0.00743, "auc": 0.83344, "auc_std": 0.00981}
{"epoch": 62, "time_epoch": 32.98673, "time_epoch_std": 0.82707, "eta": 1235.51711, "eta_std": 31.69512, "eta_hours": 0.3432, "eta_hours_std": 0.0088, "loss": 0.54303, "loss_std": 0.00396, "lr": 0.00032, "lr_std": 0.0, "params": 5865.0, "params_std": 0.0, "time_iter": 0.06418, "time_iter_std": 0.00161, "accuracy": 0.7556, "accuracy_std": 0.00599, "accuracy_max": 0.76388, "precision": 0.7547, "precision_std": 0.00667, "recall": 0.7609, "recall_std": 0.00519, "f1": 0.75778, "f1_std": 0.00565, "auc": 0.83417, "auc_std": 0.00379}
{"epoch": 63, "time_epoch": 33.08632, "time_epoch_std": 0.94289, "eta": 1201.9526, "eta_std": 30.88244, "eta_hours": 0.33388, "eta_hours_std": 0.00858, "loss": 0.53842, "loss_std": 0.00592, "lr": 0.0003, "lr_std": 0.0, "params": 5865.0, "params_std": 0.0, "time_iter": 0.06437, "time_iter_std": 0.00184, "accuracy": 0.75499, "accuracy_std": 0.00216, "accuracy_max": 0.75852, "precision": 0.75222, "precision_std": 0.00236, "recall": 0.76405, "recall_std": 0.00457, "f1": 0.75808, "f1_std": 0.00249, "auc": 0.83487, "auc_std": 0.00216}
{"epoch": 64, "time_epoch": 33.10443, "time_epoch_std": 0.96246, "eta": 1168.41257, "eta_std": 30.0766, "eta_hours": 0.32456, "eta_hours_std": 0.00836, "loss": 0.53537, "loss_std": 0.00617, "lr": 0.00029, "lr_std": 0.0, "params": 5865.0, "params_std": 0.0, "time_iter": 0.06441, "time_iter_std": 0.00187, "accuracy": 0.76022, "accuracy_std": 0.00564, "accuracy_max": 0.76582, "precision": 0.75889, "precision_std": 0.00916, "recall": 0.76647, "recall_std": 0.00299, "f1": 0.76262, "f1_std": 0.004, "auc": 0.83638, "auc_std": 0.00455}
{"epoch": 65, "time_epoch": 32.89297, "time_epoch_std": 0.73808, "eta": 1134.7768, "eta_std": 29.13439, "eta_hours": 0.31522, "eta_hours_std": 0.00809, "loss": 0.52888, "loss_std": 0.01166, "lr": 0.00027, "lr_std": 0.0, "params": 5865.0, "params_std": 0.0, "time_iter": 0.064, "time_iter_std": 0.00143, "accuracy": 0.76156, "accuracy_std": 0.00833, "accuracy_max": 0.77264, "precision": 0.76043, "precision_std": 0.0087, "recall": 0.7672, "recall_std": 0.01116, "f1": 0.76376, "f1_std": 0.00848, "auc": 0.83968, "auc_std": 0.00516}
{"epoch": 66, "time_epoch": 33.04287, "time_epoch_std": 0.91122, "eta": 1101.23704, "eta_std": 28.30082, "eta_hours": 0.3059, "eta_hours_std": 0.00786, "loss": 0.5361, "loss_std": 0.0139, "lr": 0.00026, "lr_std": 0.0, "params": 5865.0, "params_std": 0.0, "time_iter": 0.06428, "time_iter_std": 0.00177, "accuracy": 0.7623, "accuracy_std": 0.01047, "accuracy_max": 0.77897, "precision": 0.76041, "precision_std": 0.0113, "recall": 0.76938, "recall_std": 0.01115, "f1": 0.76484, "f1_std": 0.01025, "auc": 0.83824, "auc_std": 0.00767}
{"epoch": 67, "time_epoch": 33.0191, "time_epoch_std": 0.8535, "eta": 1067.7007, "eta_std": 27.43966, "eta_hours": 0.29658, "eta_hours_std": 0.00762, "loss": 0.53489, "loss_std": 0.01054, "lr": 0.00025, "lr_std": 0.0, "params": 5865.0, "params_std": 0.0, "time_iter": 0.06424, "time_iter_std": 0.00166, "accuracy": 0.7573, "accuracy_std": 0.00691, "accuracy_max": 0.76874, "precision": 0.75426, "precision_std": 0.00797, "recall": 0.76696, "recall_std": 0.01388, "f1": 0.76047, "f1_std": 0.00775, "auc": 0.83827, "auc_std": 0.00809}
{"epoch": 68, "time_epoch": 32.60016, "time_epoch_std": 0.81421, "eta": 1033.99114, "eta_std": 26.46156, "eta_hours": 0.28722, "eta_hours_std": 0.00735, "loss": 0.53029, "loss_std": 0.00824, "lr": 0.00023, "lr_std": 0.0, "params": 5865.0, "params_std": 0.0, "time_iter": 0.06342, "time_iter_std": 0.00158, "accuracy": 0.75596, "accuracy_std": 0.01023, "accuracy_max": 0.76972, "precision": 0.75228, "precision_std": 0.01167, "recall": 0.76696, "recall_std": 0.007, "f1": 0.75954, "f1_std": 0.00925, "auc": 0.83955, "auc_std": 0.00637}
{"epoch": 69, "time_epoch": 32.58574, "time_epoch_std": 0.7046, "eta": 1000.3071, "eta_std": 25.48068, "eta_hours": 0.27787, "eta_hours_std": 0.00708, "loss": 0.53892, "loss_std": 0.00797, "lr": 0.00022, "lr_std": 0.0, "params": 5865.0, "params_std": 0.0, "time_iter": 0.0634, "time_iter_std": 0.00137, "accuracy": 0.76363, "accuracy_std": 0.00469, "accuracy_max": 0.7702, "precision": 0.76328, "precision_std": 0.00571, "recall": 0.76768, "recall_std": 0.00467, "f1": 0.76546, "f1_std": 0.0044, "auc": 0.83932, "auc_std": 0.00297}
{"epoch": 70, "time_epoch": 33.00075, "time_epoch_std": 0.80241, "eta": 966.8235, "eta_std": 24.60295, "eta_hours": 0.26856, "eta_hours_std": 0.00683, "loss": 0.53314, "loss_std": 0.00491, "lr": 0.00021, "lr_std": 0.0, "params": 5865.0, "params_std": 0.0, "time_iter": 0.0642, "time_iter_std": 0.00156, "accuracy": 0.76205, "accuracy_std": 0.00657, "accuracy_max": 0.77264, "precision": 0.7596, "precision_std": 0.00714, "recall": 0.77035, "recall_std": 0.01705, "f1": 0.7648, "f1_std": 0.00836, "auc": 0.83979, "auc_std": 0.00437}
{"epoch": 71, "time_epoch": 32.96055, "time_epoch_std": 0.85862, "eta": 933.33768, "eta_std": 23.75301, "eta_hours": 0.25926, "eta_hours_std": 0.0066, "loss": 0.53188, "loss_std": 0.00632, "lr": 0.00019, "lr_std": 0.0, "params": 5865.0, "params_std": 0.0, "time_iter": 0.06413, "time_iter_std": 0.00167, "accuracy": 0.77167, "accuracy_std": 0.00788, "accuracy_max": 0.7853, "precision": 0.76598, "precision_std": 0.00856, "recall": 0.78561, "recall_std": 0.00868, "f1": 0.77566, "f1_std": 0.00764, "auc": 0.84087, "auc_std": 0.00548}
{"epoch": 72, "time_epoch": 32.95717, "time_epoch_std": 0.8313, "eta": 899.86501, "eta_std": 22.89417, "eta_hours": 0.24996, "eta_hours_std": 0.00636, "loss": 0.53159, "loss_std": 0.00711, "lr": 0.00018, "lr_std": 0.0, "params": 5865.0, "params_std": 0.0, "time_iter": 0.06412, "time_iter_std": 0.00162, "accuracy": 0.76364, "accuracy_std": 0.00387, "accuracy_max": 0.76826, "precision": 0.76231, "precision_std": 0.00661, "recall": 0.76962, "recall_std": 0.00294, "f1": 0.76592, "f1_std": 0.0027, "auc": 0.83987, "auc_std": 0.00507}
{"epoch": 73, "time_epoch": 33.0171, "time_epoch_std": 0.8562, "eta": 866.42732, "eta_std": 22.04615, "eta_hours": 0.24068, "eta_hours_std": 0.00612, "loss": 0.52943, "loss_std": 0.00984, "lr": 0.00017, "lr_std": 0.0, "params": 5865.0, "params_std": 0.0, "time_iter": 0.06424, "time_iter_std": 0.00167, "accuracy": 0.76156, "accuracy_std": 0.0047, "accuracy_max": 0.76923, "precision": 0.75607, "precision_std": 0.00284, "recall": 0.77568, "recall_std": 0.00926, "f1": 0.76573, "f1_std": 0.00559, "auc": 0.84038, "auc_std": 0.00628}
{"epoch": 74, "time_epoch": 33.01535, "time_epoch_std": 0.90719, "eta": 833.00027, "eta_std": 21.21499, "eta_hours": 0.23139, "eta_hours_std": 0.00589, "loss": 0.53297, "loss_std": 0.00237, "lr": 0.00016, "lr_std": 0.0, "params": 5865.0, "params_std": 0.0, "time_iter": 0.06423, "time_iter_std": 0.00177, "accuracy": 0.76071, "accuracy_std": 0.00318, "accuracy_max": 0.76436, "precision": 0.75906, "precision_std": 0.00607, "recall": 0.76744, "recall_std": 0.00499, "f1": 0.7632, "f1_std": 0.00231, "auc": 0.84121, "auc_std": 0.00341}
{"epoch": 75, "time_epoch": 33.04545, "time_epoch_std": 0.917, "eta": 799.59356, "eta_std": 20.38465, "eta_hours": 0.22211, "eta_hours_std": 0.00566, "loss": 0.53085, "loss_std": 0.00784, "lr": 0.00015, "lr_std": 0.0, "params": 5865.0, "params_std": 0.0, "time_iter": 0.06429, "time_iter_std": 0.00178, "accuracy": 0.7612, "accuracy_std": 0.00618, "accuracy_max": 0.7702, "precision": 0.75693, "precision_std": 0.00747, "recall": 0.77302, "recall_std": 0.00622, "f1": 0.76487, "f1_std": 0.00569, "auc": 0.84155, "auc_std": 0.00628}
{"epoch": 76, "time_epoch": 32.73075, "time_epoch_std": 0.65835, "eta": 766.10222, "eta_std": 19.45028, "eta_hours": 0.21281, "eta_hours_std": 0.0054, "loss": 0.52253, "loss_std": 0.00246, "lr": 0.00014, "lr_std": 0.0, "params": 5865.0, "params_std": 0.0, "time_iter": 0.06368, "time_iter_std": 0.00128, "accuracy": 0.76814, "accuracy_std": 0.0046, "accuracy_max": 0.77605, "precision": 0.76487, "precision_std": 0.00553, "recall": 0.77762, "recall_std": 0.007, "f1": 0.77116, "f1_std": 0.00464, "auc": 0.84419, "auc_std": 0.00369}
{"epoch": 77, "time_epoch": 33.12647, "time_epoch_std": 1.02052, "eta": 732.74201, "eta_std": 18.64884, "eta_hours": 0.20354, "eta_hours_std": 0.00518, "loss": 0.52538, "loss_std": 0.00861, "lr": 0.00012, "lr_std": 0.0, "params": 5865.0, "params_std": 0.0, "time_iter": 0.06445, "time_iter_std": 0.00198, "accuracy": 0.76339, "accuracy_std": 0.00528, "accuracy_max": 0.77118, "precision": 0.76165, "precision_std": 0.00518, "recall": 0.7701, "recall_std": 0.0112, "f1": 0.76581, "f1_std": 0.00623, "auc": 0.84237, "auc_std": 0.00563}
{"epoch": 78, "time_epoch": 33.0975, "time_epoch_std": 0.86864, "eta": 699.38001, "eta_std": 17.80658, "eta_hours": 0.19427, "eta_hours_std": 0.00495, "loss": 0.52211, "loss_std": 0.00806, "lr": 0.00011, "lr_std": 0.0, "params": 5865.0, "params_std": 0.0, "time_iter": 0.06439, "time_iter_std": 0.00169, "accuracy": 0.76594, "accuracy_std": 0.00495, "accuracy_max": 0.77264, "precision": 0.76111, "precision_std": 0.00923, "recall": 0.77883, "recall_std": 0.00755, "f1": 0.7698, "f1_std": 0.00368, "auc": 0.84528, "auc_std": 0.00595}
{"epoch": 79, "time_epoch": 32.91261, "time_epoch_std": 0.77897, "eta": 665.9784, "eta_std": 16.93754, "eta_hours": 0.185, "eta_hours_std": 0.00471, "loss": 0.52437, "loss_std": 0.0046, "lr": 0.0001, "lr_std": 0.0, "params": 5865.0, "params_std": 0.0, "time_iter": 0.06403, "time_iter_std": 0.00151, "accuracy": 0.76046, "accuracy_std": 0.00471, "accuracy_max": 0.76485, "precision": 0.75802, "precision_std": 0.00837, "recall": 0.7689, "recall_std": 0.00846, "f1": 0.76335, "f1_std": 0.00403, "auc": 0.84293, "auc_std": 0.00309}
{"epoch": 80, "time_epoch": 32.87583, "time_epoch_std": 0.77707, "eta": 632.58023, "eta_std": 16.07015, "eta_hours": 0.17572, "eta_hours_std": 0.00446, "loss": 0.52453, "loss_std": 0.00624, "lr": 0.0001, "lr_std": 0.0, "params": 5865.0, "params_std": 0.0, "time_iter": 0.06396, "time_iter_std": 0.00151, "accuracy": 0.76448, "accuracy_std": 0.00497, "accuracy_max": 0.77215, "precision": 0.76367, "precision_std": 0.00585, "recall": 0.76938, "recall_std": 0.00422, "f1": 0.7665, "f1_std": 0.0046, "auc": 0.84434, "auc_std": 0.00545}
{"epoch": 81, "time_epoch": 32.94037, "time_epoch_std": 0.79275, "eta": 599.20898, "eta_std": 15.21088, "eta_hours": 0.16645, "eta_hours_std": 0.00422, "loss": 0.52489, "loss_std": 0.00416, "lr": 9e-05, "lr_std": 0.0, "params": 5865.0, "params_std": 0.0, "time_iter": 0.06409, "time_iter_std": 0.00154, "accuracy": 0.76144, "accuracy_std": 0.00328, "accuracy_max": 0.7668, "precision": 0.75966, "precision_std": 0.00584, "recall": 0.76841, "recall_std": 0.00883, "f1": 0.76395, "f1_std": 0.00361, "auc": 0.84395, "auc_std": 0.00292}
{"epoch": 82, "time_epoch": 33.10949, "time_epoch_std": 0.87878, "eta": 565.88274, "eta_std": 14.37257, "eta_hours": 0.15719, "eta_hours_std": 0.00399, "loss": 0.52019, "loss_std": 0.01142, "lr": 8e-05, "lr_std": 0.0, "params": 5865.0, "params_std": 0.0, "time_iter": 0.06442, "time_iter_std": 0.00171, "accuracy": 0.7674, "accuracy_std": 0.00787, "accuracy_max": 0.78092, "precision": 0.7653, "precision_std": 0.00866, "recall": 0.77471, "recall_std": 0.00835, "f1": 0.76996, "f1_std": 0.00763, "auc": 0.84693, "auc_std": 0.00861}
{"epoch": 83, "time_epoch": 32.91917, "time_epoch_std": 0.45779, "eta": 532.52542, "eta_std": 13.3891, "eta_hours": 0.14792, "eta_hours_std": 0.00372, "loss": 0.52181, "loss_std": 0.00592, "lr": 7e-05, "lr_std": 0.0, "params": 5865.0, "params_std": 0.0, "time_iter": 0.06405, "time_iter_std": 0.00089, "accuracy": 0.76814, "accuracy_std": 0.00451, "accuracy_max": 0.77556, "precision": 0.76051, "precision_std": 0.0106, "recall": 0.78658, "recall_std": 0.01112, "f1": 0.77319, "f1_std": 0.00323, "auc": 0.84717, "auc_std": 0.00404}
{"epoch": 84, "time_epoch": 33.64411, "time_epoch_std": 1.71956, "eta": 499.30634, "eta_std": 12.66553, "eta_hours": 0.1387, "eta_hours_std": 0.00352, "loss": 0.53044, "loss_std": 0.00407, "lr": 6e-05, "lr_std": 0.0, "params": 5865.0, "params_std": 0.0, "time_iter": 0.06546, "time_iter_std": 0.00335, "accuracy": 0.76375, "accuracy_std": 0.00815, "accuracy_max": 0.77702, "precision": 0.76151, "precision_std": 0.01249, "recall": 0.7718, "recall_std": 0.0069, "f1": 0.76654, "f1_std": 0.00664, "auc": 0.84425, "auc_std": 0.0049}
{"epoch": 85, "time_epoch": 34.71934, "time_epoch_std": 3.5948, "eta": 466.2524, "eta_std": 12.14962, "eta_hours": 0.12952, "eta_hours_std": 0.00337, "loss": 0.52491, "loss_std": 0.00994, "lr": 5e-05, "lr_std": 0.0, "params": 5865.0, "params_std": 0.0, "time_iter": 0.06755, "time_iter_std": 0.00699, "accuracy": 0.77069, "accuracy_std": 0.0082, "accuracy_max": 0.78092, "precision": 0.76474, "precision_std": 0.01044, "recall": 0.78537, "recall_std": 0.00824, "f1": 0.77487, "f1_std": 0.00743, "auc": 0.84617, "auc_std": 0.004}
{"epoch": 86, "time_epoch": 34.72752, "time_epoch_std": 3.57122, "eta": 433.1614, "eta_std": 11.58697, "eta_hours": 0.12032, "eta_hours_std": 0.00322, "loss": 0.52063, "loss_std": 0.00682, "lr": 5e-05, "lr_std": 0.0, "params": 5865.0, "params_std": 0.0, "time_iter": 0.06756, "time_iter_std": 0.00695, "accuracy": 0.77142, "accuracy_std": 0.00938, "accuracy_max": 0.78676, "precision": 0.77097, "precision_std": 0.00964, "recall": 0.77544, "recall_std": 0.0091, "f1": 0.77319, "f1_std": 0.00923, "auc": 0.8473, "auc_std": 0.00506}
{"epoch": 87, "time_epoch": 34.7337, "time_epoch_std": 3.58482, "eta": 400.03406, "eta_std": 10.97954, "eta_hours": 0.11112, "eta_hours_std": 0.00305, "loss": 0.53003, "loss_std": 0.00668, "lr": 4e-05, "lr_std": 0.0, "params": 5865.0, "params_std": 0.0, "time_iter": 0.06758, "time_iter_std": 0.00698, "accuracy": 0.76692, "accuracy_std": 0.0079, "accuracy_max": 0.77459, "precision": 0.76475, "precision_std": 0.01035, "recall": 0.77447, "recall_std": 0.00324, "f1": 0.76956, "f1_std": 0.00667, "auc": 0.84502, "auc_std": 0.00481}
{"epoch": 88, "time_epoch": 34.70344, "time_epoch_std": 3.59189, "eta": 366.86688, "eta_std": 10.32702, "eta_hours": 0.1019, "eta_hours_std": 0.00287, "loss": 0.53459, "loss_std": 0.01209, "lr": 4e-05, "lr_std": 0.0, "params": 5865.0, "params_std": 0.0, "time_iter": 0.06751, "time_iter_std": 0.00699, "accuracy": 0.76607, "accuracy_std": 0.00436, "accuracy_max": 0.77313, "precision": 0.76601, "precision_std": 0.0079, "recall": 0.76962, "recall_std": 0.00241, "f1": 0.76778, "f1_std": 0.00283, "auc": 0.84256, "auc_std": 0.00673}
{"epoch": 89, "time_epoch": 34.71098, "time_epoch_std": 3.58448, "eta": 333.6664, "eta_std": 9.62483, "eta_hours": 0.09268, "eta_hours_std": 0.00267, "loss": 0.52225, "loss_std": 0.00997, "lr": 3e-05, "lr_std": 0.0, "params": 5865.0, "params_std": 0.0, "time_iter": 0.06753, "time_iter_std": 0.00697, "accuracy": 0.76607, "accuracy_std": 0.00662, "accuracy_max": 0.77313, "precision": 0.75883, "precision_std": 0.00649, "recall": 0.78343, "recall_std": 0.01168, "f1": 0.77089, "f1_std": 0.00721, "auc": 0.84652, "auc_std": 0.00516}
{"epoch": 90, "time_epoch": 34.72266, "time_epoch_std": 3.57556, "eta": 300.43386, "eta_std": 8.87343, "eta_hours": 0.08345, "eta_hours_std": 0.00246, "loss": 0.52052, "loss_std": 0.00707, "lr": 2e-05, "lr_std": 0.0, "params": 5865.0, "params_std": 0.0, "time_iter": 0.06756, "time_iter_std": 0.00696, "accuracy": 0.76716, "accuracy_std": 0.00349, "accuracy_max": 0.77118, "precision": 0.76089, "precision_std": 0.00735, "recall": 0.7827, "recall_std": 0.00491, "f1": 0.7716, "f1_std": 0.00177, "auc": 0.84638, "auc_std": 0.00552}
{"epoch": 91, "time_epoch": 33.13041, "time_epoch_std": 0.98245, "eta": 267.03049, "eta_std": 7.88614, "eta_hours": 0.07418, "eta_hours_std": 0.00219, "loss": 0.51483, "loss_std": 0.01271, "lr": 2e-05, "lr_std": 0.0, "params": 5865.0, "params_std": 0.0, "time_iter": 0.06445, "time_iter_std": 0.00191, "accuracy": 0.77446, "accuracy_std": 0.00664, "accuracy_max": 0.7853, "precision": 0.7708, "precision_std": 0.00508, "recall": 0.7844, "recall_std": 0.01629, "f1": 0.77745, "f1_std": 0.00837, "auc": 0.85093, "auc_std": 0.00681}
{"epoch": 92, "time_epoch": 33.04148, "time_epoch_std": 0.82037, "eta": 233.62629, "eta_std": 6.88666, "eta_hours": 0.0649, "eta_hours_std": 0.00191, "loss": 0.51493, "loss_std": 0.01136, "lr": 2e-05, "lr_std": 0.0, "params": 5865.0, "params_std": 0.0, "time_iter": 0.06429, "time_iter_std": 0.0016, "accuracy": 0.76801, "accuracy_std": 0.00828, "accuracy_max": 0.77945, "precision": 0.76862, "precision_std": 0.00811, "recall": 0.77011, "recall_std": 0.00892, "f1": 0.76936, "f1_std": 0.00833, "auc": 0.8491, "auc_std": 0.00744}
{"epoch": 93, "time_epoch": 32.90202, "time_epoch_std": 0.73644, "eta": 200.2209, "eta_std": 5.88387, "eta_hours": 0.05562, "eta_hours_std": 0.00163, "loss": 0.5229, "loss_std": 0.01125, "lr": 1e-05, "lr_std": 0.0, "params": 5865.0, "params_std": 0.0, "time_iter": 0.06401, "time_iter_std": 0.00143, "accuracy": 0.76911, "accuracy_std": 0.0063, "accuracy_max": 0.77945, "precision": 0.7676, "precision_std": 0.00697, "recall": 0.77519, "recall_std": 0.00601, "f1": 0.77137, "f1_std": 0.00603, "auc": 0.84642, "auc_std": 0.00747}
{"epoch": 94, "time_epoch": 33.00145, "time_epoch_std": 0.84351, "eta": 166.83135, "eta_std": 4.89505, "eta_hours": 0.04634, "eta_hours_std": 0.00136, "loss": 0.51841, "loss_std": 0.00924, "lr": 1e-05, "lr_std": 0.0, "params": 5865.0, "params_std": 0.0, "time_iter": 0.06421, "time_iter_std": 0.00164, "accuracy": 0.77532, "accuracy_std": 0.00577, "accuracy_max": 0.78384, "precision": 0.77434, "precision_std": 0.00728, "recall": 0.78028, "recall_std": 0.008, "f1": 0.77726, "f1_std": 0.0056, "auc": 0.85006, "auc_std": 0.00487}
{"epoch": 95, "time_epoch": 33.04728, "time_epoch_std": 0.88446, "eta": 133.45179, "eta_std": 3.91158, "eta_hours": 0.03707, "eta_hours_std": 0.00109, "loss": 0.52535, "loss_std": 0.00922, "lr": 1e-05, "lr_std": 0.0, "params": 5865.0, "params_std": 0.0, "time_iter": 0.0643, "time_iter_std": 0.00172, "accuracy": 0.7702, "accuracy_std": 0.00328, "accuracy_max": 0.77459, "precision": 0.7704, "precision_std": 0.0018, "recall": 0.77302, "recall_std": 0.00723, "f1": 0.77169, "f1_std": 0.00412, "auc": 0.8481, "auc_std": 0.00506}
{"epoch": 96, "time_epoch": 32.99198, "time_epoch_std": 0.82041, "eta": 100.07737, "eta_std": 2.92818, "eta_hours": 0.0278, "eta_hours_std": 0.00081, "loss": 0.52199, "loss_std": 0.00533, "lr": 0.0, "lr_std": 0.0, "params": 5865.0, "params_std": 0.0, "time_iter": 0.06419, "time_iter_std": 0.0016, "accuracy": 0.76728, "accuracy_std": 0.00385, "accuracy_max": 0.77264, "precision": 0.76523, "precision_std": 0.00532, "recall": 0.77446, "recall_std": 0.00345, "f1": 0.76981, "f1_std": 0.00334, "auc": 0.84759, "auc_std": 0.00463}
{"epoch": 97, "time_epoch": 32.96344, "time_epoch_std": 0.7525, "eta": 66.71017, "eta_std": 1.94686, "eta_hours": 0.01853, "eta_hours_std": 0.00054, "loss": 0.51941, "loss_std": 0.00641, "lr": 0.0, "lr_std": 0.0, "params": 5865.0, "params_std": 0.0, "time_iter": 0.06413, "time_iter_std": 0.00146, "accuracy": 0.76996, "accuracy_std": 0.00736, "accuracy_max": 0.78189, "precision": 0.76834, "precision_std": 0.00706, "recall": 0.77616, "recall_std": 0.00819, "f1": 0.77223, "f1_std": 0.00741, "auc": 0.84913, "auc_std": 0.00426}
{"epoch": 98, "time_epoch": 32.99924, "time_epoch_std": 0.80607, "eta": 33.35149, "eta_std": 0.97159, "eta_hours": 0.00926, "eta_hours_std": 0.00027, "loss": 0.52495, "loss_std": 0.00095, "lr": 0.0, "lr_std": 0.0, "params": 5865.0, "params_std": 0.0, "time_iter": 0.0642, "time_iter_std": 0.00157, "accuracy": 0.76509, "accuracy_std": 0.00776, "accuracy_max": 0.77605, "precision": 0.7626, "precision_std": 0.00921, "recall": 0.77326, "recall_std": 0.00535, "f1": 0.76788, "f1_std": 0.00704, "auc": 0.84592, "auc_std": 0.00454}
{"epoch": 99, "time_epoch": 33.57564, "time_epoch_std": 1.60854, "eta": 0.0, "eta_std": 0.0, "eta_hours": 0.0, "eta_hours_std": 0.0, "loss": 0.51386, "loss_std": 0.01015, "lr": 0.0, "lr_std": 0.0, "params": 5865.0, "params_std": 0.0, "time_iter": 0.06532, "time_iter_std": 0.00313, "accuracy": 0.77507, "accuracy_std": 0.01001, "accuracy_max": 0.78919, "precision": 0.77174, "precision_std": 0.01325, "recall": 0.78464, "recall_std": 0.00562, "f1": 0.7781, "f1_std": 0.00851, "auc": 0.85125, "auc_std": 0.00624}
