{"epoch": 0, "time_epoch": 5.91982, "eta": 586.0623, "eta_hours": 0.1628, "loss": 0.69328797, "lr": 0.001, "params": 9207, "time_iter": 0.59198, "accuracy": 0.53846, "precision": 0.66667, "recall": 0.61538, "f1": 0.64, "auc": 0.40976}
{"epoch": 1, "time_epoch": 7.97467, "eta": 680.83003, "eta_hours": 0.18912, "loss": 0.68274827, "lr": 0.00099975, "params": 9207, "time_iter": 0.79747, "accuracy": 0.66667, "precision": 0.66667, "recall": 1.0, "f1": 0.8, "auc": 0.47633}
{"epoch": 2, "time_epoch": 1.66418, "eta": 503.06354, "eta_hours": 0.13974, "loss": 0.6744791, "lr": 0.00099901, "params": 9207, "time_iter": 0.16642, "accuracy": 0.66667, "precision": 0.66667, "recall": 1.0, "f1": 0.8, "auc": 0.5503}
{"epoch": 3, "time_epoch": 0.39648, "eta": 382.92353, "eta_hours": 0.10637, "loss": 0.66813673, "lr": 0.00099778, "params": 9207, "time_iter": 0.03965, "accuracy": 0.66667, "precision": 0.66667, "recall": 1.0, "f1": 0.8, "auc": 0.58284}
{"epoch": 4, "time_epoch": 0.41273, "eta": 310.98964, "eta_hours": 0.08639, "loss": 0.66138243, "lr": 0.00099606, "params": 9207, "time_iter": 0.04127, "accuracy": 0.66667, "precision": 0.66667, "recall": 1.0, "f1": 0.8, "auc": 0.57692}
{"epoch": 5, "time_epoch": 0.41601, "eta": 262.94752, "eta_hours": 0.07304, "loss": 0.6529242, "lr": 0.00099384, "params": 9207, "time_iter": 0.0416, "accuracy": 0.66667, "precision": 0.66667, "recall": 1.0, "f1": 0.8, "auc": 0.71893}
{"epoch": 6, "time_epoch": 0.41911, "eta": 228.55404, "eta_hours": 0.06349, "loss": 0.64943981, "lr": 0.00099114, "params": 9207, "time_iter": 0.04191, "accuracy": 0.66667, "precision": 0.66667, "recall": 1.0, "f1": 0.8, "auc": 0.63905}
{"epoch": 7, "time_epoch": 0.42384, "eta": 202.70856, "eta_hours": 0.05631, "loss": 0.64126907, "lr": 0.00098796, "params": 9207, "time_iter": 0.04238, "accuracy": 0.66667, "precision": 0.66667, "recall": 1.0, "f1": 0.8, "auc": 0.63018}
{"epoch": 8, "time_epoch": 0.41468, "eta": 182.41975, "eta_hours": 0.05067, "loss": 0.63501791, "lr": 0.00098429, "params": 9207, "time_iter": 0.04147, "accuracy": 0.66667, "precision": 0.66667, "recall": 1.0, "f1": 0.8, "auc": 0.73669}
{"epoch": 9, "time_epoch": 0.40858, "eta": 166.05082, "eta_hours": 0.04613, "loss": 0.625273, "lr": 0.00098015, "params": 9207, "time_iter": 0.04086, "accuracy": 0.66667, "precision": 0.66667, "recall": 1.0, "f1": 0.8, "auc": 0.79882}
{"epoch": 10, "time_epoch": 0.41135, "eta": 152.60618, "eta_hours": 0.04239, "loss": 0.6198007, "lr": 0.00097553, "params": 9207, "time_iter": 0.04113, "accuracy": 0.66667, "precision": 0.66667, "recall": 1.0, "f1": 0.8, "auc": 0.80769}
{"epoch": 11, "time_epoch": 0.41098, "eta": 141.33105, "eta_hours": 0.03926, "loss": 0.60669749, "lr": 0.00097044, "params": 9207, "time_iter": 0.0411, "accuracy": 0.66667, "precision": 0.66667, "recall": 1.0, "f1": 0.8, "auc": 0.78698}
{"epoch": 12, "time_epoch": 0.41403, "eta": 131.74772, "eta_hours": 0.0366, "loss": 0.59739947, "lr": 0.00096489, "params": 9207, "time_iter": 0.0414, "accuracy": 0.66667, "precision": 0.66667, "recall": 1.0, "f1": 0.8, "auc": 0.79882}
{"epoch": 13, "time_epoch": 0.41064, "eta": 123.45349, "eta_hours": 0.03429, "loss": 0.56614852, "lr": 0.00095888, "params": 9207, "time_iter": 0.04106, "accuracy": 0.71795, "precision": 0.7027, "recall": 1.0, "f1": 0.8254, "auc": 0.8787}
{"epoch": 14, "time_epoch": 0.41479, "eta": 116.23394, "eta_hours": 0.03229, "loss": 0.53037526, "lr": 0.00095241, "params": 9207, "time_iter": 0.04148, "accuracy": 0.71795, "precision": 0.7027, "recall": 1.0, "f1": 0.8254, "auc": 0.89349}
{"epoch": 15, "time_epoch": 0.42182, "eta": 109.90187, "eta_hours": 0.03053, "loss": 0.49825272, "lr": 0.0009455, "params": 9207, "time_iter": 0.04218, "accuracy": 0.74359, "precision": 0.75, "recall": 0.92308, "f1": 0.82759, "auc": 0.88462}
{"epoch": 16, "time_epoch": 0.41746, "eta": 104.24385, "eta_hours": 0.02896, "loss": 0.47470554, "lr": 0.00093815, "params": 9207, "time_iter": 0.04175, "accuracy": 0.79487, "precision": 0.8, "recall": 0.92308, "f1": 0.85714, "auc": 0.87574}
{"epoch": 17, "time_epoch": 0.41556, "eta": 99.15944, "eta_hours": 0.02754, "loss": 0.39557372, "lr": 0.00093037, "params": 9207, "time_iter": 0.04156, "accuracy": 0.82051, "precision": 0.80645, "recall": 0.96154, "f1": 0.87719, "auc": 0.93195}
{"epoch": 18, "time_epoch": 0.41335, "eta": 94.55709, "eta_hours": 0.02627, "loss": 0.3251535, "lr": 0.00092216, "params": 9207, "time_iter": 0.04134, "accuracy": 0.92308, "precision": 0.92593, "recall": 0.96154, "f1": 0.9434, "auc": 0.97041}
{"epoch": 19, "time_epoch": 0.41301, "eta": 90.37225, "eta_hours": 0.0251, "loss": 0.35361187, "lr": 0.00091354, "params": 9207, "time_iter": 0.0413, "accuracy": 0.84615, "precision": 0.85714, "recall": 0.92308, "f1": 0.88889, "auc": 0.93491}
{"epoch": 20, "time_epoch": 0.41357, "eta": 86.54876, "eta_hours": 0.02404, "loss": 0.22001032, "lr": 0.00090451, "params": 9207, "time_iter": 0.04136, "accuracy": 0.94872, "precision": 0.92857, "recall": 1.0, "f1": 0.96296, "auc": 0.99704}
{"epoch": 21, "time_epoch": 0.40949, "eta": 83.02082, "eta_hours": 0.02306, "loss": 0.24575731, "lr": 0.00089508, "params": 9207, "time_iter": 0.04095, "accuracy": 0.87179, "precision": 0.88889, "recall": 0.92308, "f1": 0.90566, "auc": 0.97041}
{"epoch": 22, "time_epoch": 0.41514, "eta": 79.78294, "eta_hours": 0.02216, "loss": 0.19103806, "lr": 0.00088526, "params": 9207, "time_iter": 0.04151, "accuracy": 0.97436, "precision": 1.0, "recall": 0.96154, "f1": 0.98039, "auc": 0.97929}
{"epoch": 23, "time_epoch": 0.42056, "eta": 76.79746, "eta_hours": 0.02133, "loss": 0.17084955, "lr": 0.00087506, "params": 9207, "time_iter": 0.04206, "accuracy": 0.92308, "precision": 0.96, "recall": 0.92308, "f1": 0.94118, "auc": 0.99112}
{"epoch": 24, "time_epoch": 0.46251, "eta": 74.14301, "eta_hours": 0.0206, "loss": 0.17627846, "lr": 0.00086448, "params": 9207, "time_iter": 0.04625, "accuracy": 0.89744, "precision": 0.95833, "recall": 0.88462, "f1": 0.92, "auc": 0.98521}
{"epoch": 25, "time_epoch": 0.45479, "eta": 71.6352, "eta_hours": 0.0199, "loss": 0.13739853, "lr": 0.00085355, "params": 9207, "time_iter": 0.04548, "accuracy": 0.94872, "precision": 1.0, "recall": 0.92308, "f1": 0.96, "auc": 1.0}
{"epoch": 26, "time_epoch": 0.45717, "eta": 69.28589, "eta_hours": 0.01925, "loss": 0.12087858, "lr": 0.00084227, "params": 9207, "time_iter": 0.04572, "accuracy": 0.97436, "precision": 1.0, "recall": 0.96154, "f1": 0.98039, "auc": 1.0}
{"epoch": 27, "time_epoch": 0.46374, "eta": 67.08865, "eta_hours": 0.01864, "loss": 0.11348656, "lr": 0.00083066, "params": 9207, "time_iter": 0.04637, "accuracy": 1.0, "precision": 1.0, "recall": 1.0, "f1": 1.0, "auc": 1.0}
{"epoch": 28, "time_epoch": 0.45573, "eta": 64.99135, "eta_hours": 0.01805, "loss": 0.10178227, "lr": 0.00081871, "params": 9207, "time_iter": 0.04557, "accuracy": 0.97436, "precision": 1.0, "recall": 0.96154, "f1": 0.98039, "auc": 0.99112}
{"epoch": 29, "time_epoch": 0.45591, "eta": 63.0039, "eta_hours": 0.0175, "loss": 0.1170124, "lr": 0.00080645, "params": 9207, "time_iter": 0.04559, "accuracy": 0.97436, "precision": 0.96296, "recall": 1.0, "f1": 0.98113, "auc": 0.99408}
{"epoch": 30, "time_epoch": 0.45478, "eta": 61.11276, "eta_hours": 0.01698, "loss": 0.04878076, "lr": 0.00079389, "params": 9207, "time_iter": 0.04548, "accuracy": 1.0, "precision": 1.0, "recall": 1.0, "f1": 1.0, "auc": 1.0}
{"epoch": 31, "time_epoch": 0.45259, "eta": 59.30671, "eta_hours": 0.01647, "loss": 0.31521765, "lr": 0.00078104, "params": 9207, "time_iter": 0.04526, "accuracy": 0.84615, "precision": 0.91667, "recall": 0.84615, "f1": 0.88, "auc": 0.9497}
{"epoch": 32, "time_epoch": 0.45969, "eta": 57.59712, "eta_hours": 0.016, "loss": 0.18210266, "lr": 0.00076791, "params": 9207, "time_iter": 0.04597, "accuracy": 0.92308, "precision": 0.96, "recall": 0.92308, "f1": 0.94118, "auc": 0.98225}
{"epoch": 33, "time_epoch": 0.45861, "eta": 55.95895, "eta_hours": 0.01554, "loss": 0.11410217, "lr": 0.00075452, "params": 9207, "time_iter": 0.04586, "accuracy": 0.94872, "precision": 0.96154, "recall": 0.96154, "f1": 0.96154, "auc": 0.99408}
{"epoch": 34, "time_epoch": 0.45258, "eta": 54.37699, "eta_hours": 0.0151, "loss": 0.21063682, "lr": 0.00074088, "params": 9207, "time_iter": 0.04526, "accuracy": 0.92308, "precision": 0.92593, "recall": 0.96154, "f1": 0.9434, "auc": 0.96746}
{"epoch": 35, "time_epoch": 0.45504, "eta": 52.86215, "eta_hours": 0.01468, "loss": 0.165536, "lr": 0.000727, "params": 9207, "time_iter": 0.0455, "accuracy": 0.89744, "precision": 0.95833, "recall": 0.88462, "f1": 0.92, "auc": 0.98225}
{"epoch": 36, "time_epoch": 0.45707, "eta": 51.40805, "eta_hours": 0.01428, "loss": 0.0590599, "lr": 0.00071289, "params": 9207, "time_iter": 0.04571, "accuracy": 0.97436, "precision": 0.96296, "recall": 1.0, "f1": 0.98113, "auc": 1.0}
{"epoch": 37, "time_epoch": 0.46203, "eta": 50.01452, "eta_hours": 0.01389, "loss": 0.1310999, "lr": 0.00069857, "params": 9207, "time_iter": 0.0462, "accuracy": 0.92308, "precision": 0.96, "recall": 0.92308, "f1": 0.94118, "auc": 0.98817}
{"epoch": 38, "time_epoch": 0.45835, "eta": 48.663, "eta_hours": 0.01352, "loss": 0.04568027, "lr": 0.00068406, "params": 9207, "time_iter": 0.04584, "accuracy": 1.0, "precision": 1.0, "recall": 1.0, "f1": 1.0, "auc": 1.0}
{"epoch": 39, "time_epoch": 0.45454, "eta": 47.35043, "eta_hours": 0.01315, "loss": 0.3668123, "lr": 0.00066937, "params": 9207, "time_iter": 0.04545, "accuracy": 0.84615, "precision": 0.88462, "recall": 0.88462, "f1": 0.88462, "auc": 0.91716}
{"epoch": 40, "time_epoch": 0.45339, "eta": 46.07805, "eta_hours": 0.0128, "loss": 0.06936361, "lr": 0.00065451, "params": 9207, "time_iter": 0.04534, "accuracy": 0.97436, "precision": 1.0, "recall": 0.96154, "f1": 0.98039, "auc": 1.0}
{"epoch": 41, "time_epoch": 0.45379, "eta": 44.84523, "eta_hours": 0.01246, "loss": 0.09676555, "lr": 0.0006395, "params": 9207, "time_iter": 0.04538, "accuracy": 0.97436, "precision": 1.0, "recall": 0.96154, "f1": 0.98039, "auc": 1.0}
{"epoch": 42, "time_epoch": 0.45489, "eta": 43.6501, "eta_hours": 0.01213, "loss": 0.20498467, "lr": 0.00062434, "params": 9207, "time_iter": 0.04549, "accuracy": 0.87179, "precision": 0.88889, "recall": 0.92308, "f1": 0.90566, "auc": 0.9645}
{"epoch": 43, "time_epoch": 0.45768, "eta": 42.49217, "eta_hours": 0.0118, "loss": 0.12802164, "lr": 0.00060907, "params": 9207, "time_iter": 0.04577, "accuracy": 0.94872, "precision": 0.96154, "recall": 0.96154, "f1": 0.96154, "auc": 0.98521}
{"epoch": 44, "time_epoch": 0.45356, "eta": 41.36032, "eta_hours": 0.01149, "loss": 0.07363618, "lr": 0.00059369, "params": 9207, "time_iter": 0.04536, "accuracy": 0.97436, "precision": 1.0, "recall": 0.96154, "f1": 0.98039, "auc": 1.0}
{"epoch": 45, "time_epoch": 0.45688, "eta": 40.26186, "eta_hours": 0.01118, "loss": 0.19312598, "lr": 0.00057822, "params": 9207, "time_iter": 0.04569, "accuracy": 0.92308, "precision": 0.89655, "recall": 1.0, "f1": 0.94545, "auc": 0.97633}
{"epoch": 46, "time_epoch": 0.45627, "eta": 39.19001, "eta_hours": 0.01089, "loss": 0.2436704, "lr": 0.00056267, "params": 9207, "time_iter": 0.04563, "accuracy": 0.89744, "precision": 0.89286, "recall": 0.96154, "f1": 0.92593, "auc": 0.96154}
{"epoch": 47, "time_epoch": 0.45476, "eta": 38.14218, "eta_hours": 0.0106, "loss": 0.1472754, "lr": 0.00054705, "params": 9207, "time_iter": 0.04548, "accuracy": 0.94872, "precision": 0.92857, "recall": 1.0, "f1": 0.96296, "auc": 0.98817}
{"epoch": 48, "time_epoch": 0.45748, "eta": 37.12139, "eta_hours": 0.01031, "loss": 0.04085616, "lr": 0.0005314, "params": 9207, "time_iter": 0.04575, "accuracy": 0.97436, "precision": 1.0, "recall": 0.96154, "f1": 0.98039, "auc": 1.0}
{"epoch": 49, "time_epoch": 0.46025, "eta": 36.1259, "eta_hours": 0.01003, "loss": 0.12690895, "lr": 0.00051571, "params": 9207, "time_iter": 0.04602, "accuracy": 0.92308, "precision": 0.92593, "recall": 0.96154, "f1": 0.9434, "auc": 0.98817}
{"epoch": 50, "time_epoch": 0.45591, "eta": 35.14723, "eta_hours": 0.00976, "loss": 0.0609887, "lr": 0.0005, "params": 9207, "time_iter": 0.04559, "accuracy": 0.94872, "precision": 0.96154, "recall": 0.96154, "f1": 0.96154, "auc": 0.99704}
{"epoch": 51, "time_epoch": 0.45685, "eta": 34.18953, "eta_hours": 0.0095, "loss": 0.06590052, "lr": 0.00048429, "params": 9207, "time_iter": 0.04568, "accuracy": 1.0, "precision": 1.0, "recall": 1.0, "f1": 1.0, "auc": 1.0}
{"epoch": 52, "time_epoch": 0.45464, "eta": 33.24877, "eta_hours": 0.00924, "loss": 0.1562847, "lr": 0.0004686, "params": 9207, "time_iter": 0.04546, "accuracy": 0.97436, "precision": 0.96296, "recall": 1.0, "f1": 0.98113, "auc": 0.99704}
{"epoch": 53, "time_epoch": 0.45362, "eta": 32.32515, "eta_hours": 0.00898, "loss": 0.10724414, "lr": 0.00045295, "params": 9207, "time_iter": 0.04536, "accuracy": 0.94872, "precision": 0.92857, "recall": 1.0, "f1": 0.96296, "auc": 0.98817}
{"epoch": 54, "time_epoch": 0.45793, "eta": 31.42215, "eta_hours": 0.00873, "loss": 0.05180133, "lr": 0.00043733, "params": 9207, "time_iter": 0.04579, "accuracy": 0.97436, "precision": 1.0, "recall": 0.96154, "f1": 0.98039, "auc": 1.0}
{"epoch": 55, "time_epoch": 0.46199, "eta": 30.53823, "eta_hours": 0.00848, "loss": 0.19674939, "lr": 0.00042178, "params": 9207, "time_iter": 0.0462, "accuracy": 0.89744, "precision": 0.89286, "recall": 0.96154, "f1": 0.92593, "auc": 0.97633}
{"epoch": 56, "time_epoch": 0.45515, "eta": 29.66396, "eta_hours": 0.00824, "loss": 0.03993115, "lr": 0.00040631, "params": 9207, "time_iter": 0.04552, "accuracy": 1.0, "precision": 1.0, "recall": 1.0, "f1": 1.0, "auc": 1.0}
{"epoch": 57, "time_epoch": 0.46415, "eta": 28.81065, "eta_hours": 0.008, "loss": 0.02722631, "lr": 0.00039093, "params": 9207, "time_iter": 0.04642, "accuracy": 1.0, "precision": 1.0, "recall": 1.0, "f1": 1.0, "auc": 1.0}
{"epoch": 58, "time_epoch": 0.45567, "eta": 27.96465, "eta_hours": 0.00777, "loss": 0.07736757, "lr": 0.00037566, "params": 9207, "time_iter": 0.04557, "accuracy": 1.0, "precision": 1.0, "recall": 1.0, "f1": 1.0, "auc": 1.0}
{"epoch": 59, "time_epoch": 0.46633, "eta": 27.13876, "eta_hours": 0.00754, "loss": 0.1185524, "lr": 0.0003605, "params": 9207, "time_iter": 0.04663, "accuracy": 0.92308, "precision": 0.89655, "recall": 1.0, "f1": 0.94545, "auc": 0.99704}
{"epoch": 60, "time_epoch": 0.46205, "eta": 26.32193, "eta_hours": 0.00731, "loss": 0.05981364, "lr": 0.00034549, "params": 9207, "time_iter": 0.04621, "accuracy": 0.97436, "precision": 0.96296, "recall": 1.0, "f1": 0.98113, "auc": 1.0}
{"epoch": 61, "time_epoch": 0.46192, "eta": 25.51646, "eta_hours": 0.00709, "loss": 0.10502433, "lr": 0.00033063, "params": 9207, "time_iter": 0.04619, "accuracy": 0.92308, "precision": 0.96, "recall": 0.92308, "f1": 0.94118, "auc": 0.99112}
{"epoch": 62, "time_epoch": 0.46075, "eta": 24.7212, "eta_hours": 0.00687, "loss": 0.14030197, "lr": 0.00031594, "params": 9207, "time_iter": 0.04607, "accuracy": 0.92308, "precision": 0.96, "recall": 0.92308, "f1": 0.94118, "auc": 0.99408}
{"epoch": 63, "time_epoch": 0.45403, "eta": 23.93262, "eta_hours": 0.00665, "loss": 0.03349322, "lr": 0.00030143, "params": 9207, "time_iter": 0.0454, "accuracy": 0.97436, "precision": 1.0, "recall": 0.96154, "f1": 0.98039, "auc": 1.0}
{"epoch": 64, "time_epoch": 0.45867, "eta": 23.15684, "eta_hours": 0.00643, "loss": 0.07533816, "lr": 0.00028711, "params": 9207, "time_iter": 0.04587, "accuracy": 0.97436, "precision": 1.0, "recall": 0.96154, "f1": 0.98039, "auc": 1.0}
{"epoch": 65, "time_epoch": 0.45325, "eta": 22.38787, "eta_hours": 0.00622, "loss": 0.09265493, "lr": 0.000273, "params": 9207, "time_iter": 0.04533, "accuracy": 0.97436, "precision": 1.0, "recall": 0.96154, "f1": 0.98039, "auc": 1.0}
{"epoch": 66, "time_epoch": 0.45004, "eta": 21.62674, "eta_hours": 0.00601, "loss": 0.14249131, "lr": 0.00025912, "params": 9207, "time_iter": 0.045, "accuracy": 0.94872, "precision": 0.96154, "recall": 0.96154, "f1": 0.96154, "auc": 0.99704}
{"epoch": 67, "time_epoch": 0.45393, "eta": 20.8766, "eta_hours": 0.0058, "loss": 0.02488983, "lr": 0.00024548, "params": 9207, "time_iter": 0.04539, "accuracy": 1.0, "precision": 1.0, "recall": 1.0, "f1": 1.0, "auc": 1.0}
{"epoch": 68, "time_epoch": 0.45789, "eta": 20.13682, "eta_hours": 0.00559, "loss": 0.06162212, "lr": 0.00023209, "params": 9207, "time_iter": 0.04579, "accuracy": 1.0, "precision": 1.0, "recall": 1.0, "f1": 1.0, "auc": 1.0}
{"epoch": 69, "time_epoch": 0.45812, "eta": 19.40519, "eta_hours": 0.00539, "loss": 0.12410513, "lr": 0.00021896, "params": 9207, "time_iter": 0.04581, "accuracy": 0.94872, "precision": 0.92857, "recall": 1.0, "f1": 0.96296, "auc": 0.99112}
{"epoch": 70, "time_epoch": 0.45187, "eta": 18.67872, "eta_hours": 0.00519, "loss": 0.07819815, "lr": 0.00020611, "params": 9207, "time_iter": 0.04519, "accuracy": 0.97436, "precision": 1.0, "recall": 0.96154, "f1": 0.98039, "auc": 1.0}
{"epoch": 71, "time_epoch": 0.46031, "eta": 17.96316, "eta_hours": 0.00499, "loss": 0.11923942, "lr": 0.00019355, "params": 9207, "time_iter": 0.04603, "accuracy": 0.97436, "precision": 1.0, "recall": 0.96154, "f1": 0.98039, "auc": 0.98817}
{"epoch": 72, "time_epoch": 0.45348, "eta": 17.25206, "eta_hours": 0.00479, "loss": 0.06605866, "lr": 0.00018129, "params": 9207, "time_iter": 0.04535, "accuracy": 0.97436, "precision": 1.0, "recall": 0.96154, "f1": 0.98039, "auc": 1.0}
{"epoch": 73, "time_epoch": 0.45979, "eta": 16.55014, "eta_hours": 0.0046, "loss": 0.02137634, "lr": 0.00016934, "params": 9207, "time_iter": 0.04598, "accuracy": 1.0, "precision": 1.0, "recall": 1.0, "f1": 1.0, "auc": 1.0}
{"epoch": 74, "time_epoch": 0.45543, "eta": 15.85322, "eta_hours": 0.0044, "loss": 0.07000091, "lr": 0.00015773, "params": 9207, "time_iter": 0.04554, "accuracy": 0.97436, "precision": 1.0, "recall": 0.96154, "f1": 0.98039, "auc": 1.0}
{"epoch": 75, "time_epoch": 0.45676, "eta": 15.16308, "eta_hours": 0.00421, "loss": 0.21997592, "lr": 0.00014645, "params": 9207, "time_iter": 0.04568, "accuracy": 0.89744, "precision": 0.92308, "recall": 0.92308, "f1": 0.92308, "auc": 0.96154}
{"epoch": 76, "time_epoch": 0.45256, "eta": 14.47775, "eta_hours": 0.00402, "loss": 0.0682036, "lr": 0.00013552, "params": 9207, "time_iter": 0.04526, "accuracy": 0.97436, "precision": 1.0, "recall": 0.96154, "f1": 0.98039, "auc": 1.0}
{"epoch": 77, "time_epoch": 0.45508, "eta": 13.7991, "eta_hours": 0.00383, "loss": 0.04461653, "lr": 0.00012494, "params": 9207, "time_iter": 0.04551, "accuracy": 1.0, "precision": 1.0, "recall": 1.0, "f1": 1.0, "auc": 1.0}
{"epoch": 78, "time_epoch": 0.45527, "eta": 13.12615, "eta_hours": 0.00365, "loss": 0.10226593, "lr": 0.00011474, "params": 9207, "time_iter": 0.04553, "accuracy": 0.97436, "precision": 1.0, "recall": 0.96154, "f1": 0.98039, "auc": 1.0}
{"epoch": 79, "time_epoch": 0.45662, "eta": 12.45899, "eta_hours": 0.00346, "loss": 0.01236596, "lr": 0.00010492, "params": 9207, "time_iter": 0.04566, "accuracy": 1.0, "precision": 1.0, "recall": 1.0, "f1": 1.0, "auc": 1.0}
{"epoch": 80, "time_epoch": 0.45457, "eta": 11.79654, "eta_hours": 0.00328, "loss": 0.09398949, "lr": 9.549e-05, "params": 9207, "time_iter": 0.04546, "accuracy": 0.97436, "precision": 0.96296, "recall": 1.0, "f1": 0.98113, "auc": 0.99408}
{"epoch": 81, "time_epoch": 0.45252, "eta": 11.13872, "eta_hours": 0.00309, "loss": 0.04135398, "lr": 8.646e-05, "params": 9207, "time_iter": 0.04525, "accuracy": 1.0, "precision": 1.0, "recall": 1.0, "f1": 1.0, "auc": 1.0}
{"epoch": 82, "time_epoch": 0.4607, "eta": 10.48752, "eta_hours": 0.00291, "loss": 0.05197029, "lr": 7.784e-05, "params": 9207, "time_iter": 0.04607, "accuracy": 1.0, "precision": 1.0, "recall": 1.0, "f1": 1.0, "auc": 1.0}
{"epoch": 83, "time_epoch": 0.45449, "eta": 9.83967, "eta_hours": 0.00273, "loss": 0.05274713, "lr": 6.963e-05, "params": 9207, "time_iter": 0.04545, "accuracy": 1.0, "precision": 1.0, "recall": 1.0, "f1": 1.0, "auc": 1.0}
{"epoch": 84, "time_epoch": 0.4562, "eta": 9.19667, "eta_hours": 0.00255, "loss": 0.11386154, "lr": 6.185e-05, "params": 9207, "time_iter": 0.04562, "accuracy": 0.97436, "precision": 1.0, "recall": 0.96154, "f1": 0.98039, "auc": 0.99408}
{"epoch": 85, "time_epoch": 0.45093, "eta": 8.55715, "eta_hours": 0.00238, "loss": 0.1070312, "lr": 5.45e-05, "params": 9207, "time_iter": 0.04509, "accuracy": 0.97436, "precision": 0.96296, "recall": 1.0, "f1": 0.98113, "auc": 0.98817}
{"epoch": 86, "time_epoch": 0.45592, "eta": 7.92272, "eta_hours": 0.0022, "loss": 0.04725344, "lr": 4.759e-05, "params": 9207, "time_iter": 0.04559, "accuracy": 1.0, "precision": 1.0, "recall": 1.0, "f1": 1.0, "auc": 1.0}
{"epoch": 87, "time_epoch": 0.45377, "eta": 7.29206, "eta_hours": 0.00203, "loss": 0.05997521, "lr": 4.112e-05, "params": 9207, "time_iter": 0.04538, "accuracy": 1.0, "precision": 1.0, "recall": 1.0, "f1": 1.0, "auc": 1.0}
{"epoch": 88, "time_epoch": 0.45462, "eta": 6.66547, "eta_hours": 0.00185, "loss": 0.00338547, "lr": 3.511e-05, "params": 9207, "time_iter": 0.04546, "accuracy": 1.0, "precision": 1.0, "recall": 1.0, "f1": 1.0, "auc": 1.0}
{"epoch": 89, "time_epoch": 0.45982, "eta": 6.04328, "eta_hours": 0.00168, "loss": 0.01902056, "lr": 2.956e-05, "params": 9207, "time_iter": 0.04598, "accuracy": 1.0, "precision": 1.0, "recall": 1.0, "f1": 1.0, "auc": 1.0}
{"epoch": 90, "time_epoch": 0.45249, "eta": 5.42393, "eta_hours": 0.00151, "loss": 0.04410438, "lr": 2.447e-05, "params": 9207, "time_iter": 0.04525, "accuracy": 1.0, "precision": 1.0, "recall": 1.0, "f1": 1.0, "auc": 1.0}
{"epoch": 91, "time_epoch": 0.45552, "eta": 4.80848, "eta_hours": 0.00134, "loss": 0.08609234, "lr": 1.985e-05, "params": 9207, "time_iter": 0.04555, "accuracy": 0.97436, "precision": 0.96296, "recall": 1.0, "f1": 0.98113, "auc": 0.99112}
{"epoch": 92, "time_epoch": 0.45598, "eta": 4.1965, "eta_hours": 0.00117, "loss": 0.03240744, "lr": 1.571e-05, "params": 9207, "time_iter": 0.0456, "accuracy": 1.0, "precision": 1.0, "recall": 1.0, "f1": 1.0, "auc": 1.0}
{"epoch": 93, "time_epoch": 0.45426, "eta": 3.58773, "eta_hours": 0.001, "loss": 0.03196943, "lr": 1.204e-05, "params": 9207, "time_iter": 0.04543, "accuracy": 1.0, "precision": 1.0, "recall": 1.0, "f1": 1.0, "auc": 1.0}
{"epoch": 94, "time_epoch": 0.45565, "eta": 2.98229, "eta_hours": 0.00083, "loss": 0.23766518, "lr": 8.86e-06, "params": 9207, "time_iter": 0.04557, "accuracy": 0.89744, "precision": 0.86667, "recall": 1.0, "f1": 0.92857, "auc": 0.95266}
{"epoch": 95, "time_epoch": 0.45628, "eta": 2.37999, "eta_hours": 0.00066, "loss": 0.02511357, "lr": 6.16e-06, "params": 9207, "time_iter": 0.04563, "accuracy": 1.0, "precision": 1.0, "recall": 1.0, "f1": 1.0, "auc": 1.0}
{"epoch": 96, "time_epoch": 0.45871, "eta": 1.78078, "eta_hours": 0.00049, "loss": 0.10187042, "lr": 3.94e-06, "params": 9207, "time_iter": 0.04587, "accuracy": 0.97436, "precision": 1.0, "recall": 0.96154, "f1": 0.98039, "auc": 1.0}
{"epoch": 97, "time_epoch": 0.45358, "eta": 1.18433, "eta_hours": 0.00033, "loss": 0.04438912, "lr": 2.22e-06, "params": 9207, "time_iter": 0.04536, "accuracy": 1.0, "precision": 1.0, "recall": 1.0, "f1": 1.0, "auc": 1.0}
{"epoch": 98, "time_epoch": 0.45339, "eta": 0.59076, "eta_hours": 0.00016, "loss": 0.02720713, "lr": 9.9e-07, "params": 9207, "time_iter": 0.04534, "accuracy": 1.0, "precision": 1.0, "recall": 1.0, "f1": 1.0, "auc": 1.0}
{"epoch": 99, "time_epoch": 0.45489, "eta": 0.0, "eta_hours": 0.0, "loss": 0.02325235, "lr": 2.5e-07, "params": 9207, "time_iter": 0.04549, "accuracy": 1.0, "precision": 1.0, "recall": 1.0, "f1": 1.0, "auc": 1.0}
