{"epoch": 0, "time_epoch": 21.6899, "time_epoch_std": 0.69577, "eta": 2147.30018, "eta_std": 68.8814, "eta_hours": 0.59647, "eta_hours_std": 0.01913, "loss": 0.69462, "loss_std": 0.00235, "lr": 0.001, "lr_std": 0.0, "params": 5289.0, "params_std": 0.0, "time_iter": 0.17352, "time_iter_std": 0.00557, "accuracy": 0.5165, "accuracy_std": 0.01705, "accuracy_max": 0.546, "precision": 0.52961, "precision_std": 0.03977, "recall": 0.79842, "recall_std": 0.28483, "f1": 0.59972, "f1_std": 0.10988, "auc": 0.5045, "auc_std": 0.02113}
{"epoch": 1, "time_epoch": 9.24636, "time_epoch_std": 0.66745, "eta": 1515.87662, "eta_std": 56.02158, "eta_hours": 0.42108, "eta_hours_std": 0.01556, "loss": 0.69186, "loss_std": 0.00351, "lr": 0.001, "lr_std": 0.0, "params": 5289.0, "params_std": 0.0, "time_iter": 0.07397, "time_iter_std": 0.00534, "accuracy": 0.523, "accuracy_std": 0.02678, "accuracy_max": 0.55, "precision": 0.52406, "precision_std": 0.02326, "recall": 0.78755, "recall_std": 0.16134, "f1": 0.62003, "f1_std": 0.04, "auc": 0.50939, "auc_std": 0.04429}
{"epoch": 2, "time_epoch": 9.33474, "time_epoch_std": 0.56911, "eta": 1302.09575, "eta_std": 53.27535, "eta_hours": 0.3617, "eta_hours_std": 0.0148, "loss": 0.68759, "loss_std": 0.00719, "lr": 0.001, "lr_std": 0.0, "params": 5289.0, "params_std": 0.0, "time_iter": 0.07468, "time_iter_std": 0.00455, "accuracy": 0.534, "accuracy_std": 0.03362, "accuracy_max": 0.58, "precision": 0.5412, "precision_std": 0.03962, "recall": 0.63044, "recall_std": 0.22244, "f1": 0.56334, "f1_std": 0.07622, "auc": 0.53455, "auc_std": 0.05757}
{"epoch": 3, "time_epoch": 9.3167, "time_epoch_std": 0.59599, "eta": 1190.10506, "eta_std": 53.11062, "eta_hours": 0.33058, "eta_hours_std": 0.01475, "loss": 0.68541, "loss_std": 0.00861, "lr": 0.001, "lr_std": 0.0, "params": 5289.0, "params_std": 0.0, "time_iter": 0.07453, "time_iter_std": 0.00477, "accuracy": 0.54, "accuracy_std": 0.03507, "accuracy_max": 0.586, "precision": 0.54392, "precision_std": 0.03814, "recall": 0.71245, "recall_std": 0.15332, "f1": 0.60523, "f1_std": 0.03455, "auc": 0.53956, "auc_std": 0.064}
{"epoch": 4, "time_epoch": 8.87554, "time_epoch_std": 0.83381, "eta": 1110.80174, "eta_std": 53.34611, "eta_hours": 0.30856, "eta_hours_std": 0.01482, "loss": 0.68081, "loss_std": 0.01506, "lr": 0.001, "lr_std": 0.0, "params": 5289.0, "params_std": 0.0, "time_iter": 0.071, "time_iter_std": 0.00667, "accuracy": 0.532, "accuracy_std": 0.06317, "accuracy_max": 0.61, "precision": 0.55059, "precision_std": 0.0703, "recall": 0.58696, "recall_std": 0.1317, "f1": 0.55581, "f1_std": 0.04276, "auc": 0.54243, "auc_std": 0.08199}
{"epoch": 5, "time_epoch": 8.80511, "time_epoch_std": 0.84225, "eta": 1053.87094, "eta_std": 55.42949, "eta_hours": 0.29274, "eta_hours_std": 0.0154, "loss": 0.68289, "loss_std": 0.011, "lr": 0.00099, "lr_std": 0.0, "params": 5289.0, "params_std": 0.0, "time_iter": 0.07044, "time_iter_std": 0.00674, "accuracy": 0.541, "accuracy_std": 0.04513, "accuracy_max": 0.596, "precision": 0.55113, "precision_std": 0.05011, "recall": 0.73221, "recall_std": 0.20645, "f1": 0.60786, "f1_std": 0.04887, "auc": 0.53417, "auc_std": 0.073}
{"epoch": 6, "time_epoch": 8.84014, "time_epoch_std": 0.81456, "eta": 1011.15581, "eta_std": 56.68012, "eta_hours": 0.28088, "eta_hours_std": 0.01574, "loss": 0.68095, "loss_std": 0.01386, "lr": 0.00099, "lr_std": 0.0, "params": 5289.0, "params_std": 0.0, "time_iter": 0.07072, "time_iter_std": 0.00652, "accuracy": 0.5405, "accuracy_std": 0.04146, "accuracy_max": 0.592, "precision": 0.55318, "precision_std": 0.0519, "recall": 0.73716, "recall_std": 0.23245, "f1": 0.60598, "f1_std": 0.05646, "auc": 0.53503, "auc_std": 0.08184}
{"epoch": 7, "time_epoch": 8.74189, "time_epoch_std": 0.9123, "eta": 975.77951, "eta_std": 59.31387, "eta_hours": 0.27105, "eta_hours_std": 0.01648, "loss": 0.68595, "loss_std": 0.00943, "lr": 0.00099, "lr_std": 0.0, "params": 5289.0, "params_std": 0.0, "time_iter": 0.06994, "time_iter_std": 0.0073, "accuracy": 0.531, "accuracy_std": 0.03971, "accuracy_max": 0.588, "precision": 0.54419, "precision_std": 0.04935, "recall": 0.70257, "recall_std": 0.21472, "f1": 0.59054, "f1_std": 0.05736, "auc": 0.533, "auc_std": 0.07287}
{"epoch": 8, "time_epoch": 8.85748, "time_epoch_std": 0.76304, "eta": 947.49067, "eta_std": 59.14571, "eta_hours": 0.26319, "eta_hours_std": 0.01643, "loss": 0.6818, "loss_std": 0.01238, "lr": 0.00098, "lr_std": 0.0, "params": 5289.0, "params_std": 0.0, "time_iter": 0.07086, "time_iter_std": 0.0061, "accuracy": 0.542, "accuracy_std": 0.0428, "accuracy_max": 0.594, "precision": 0.54979, "precision_std": 0.04898, "recall": 0.77174, "recall_std": 0.21439, "f1": 0.6208, "f1_std": 0.04577, "auc": 0.5363, "auc_std": 0.08278}
{"epoch": 9, "time_epoch": 8.79873, "time_epoch_std": 0.78463, "eta": 922.55938, "eta_std": 59.39752, "eta_hours": 0.25627, "eta_hours_std": 0.0165, "loss": 0.68241, "loss_std": 0.01123, "lr": 0.00098, "lr_std": 0.0, "params": 5289.0, "params_std": 0.0, "time_iter": 0.07039, "time_iter_std": 0.00628, "accuracy": 0.542, "accuracy_std": 0.04777, "accuracy_max": 0.594, "precision": 0.55568, "precision_std": 0.05646, "recall": 0.67786, "recall_std": 0.20009, "f1": 0.59014, "f1_std": 0.04972, "auc": 0.54796, "auc_std": 0.06842}
{"epoch": 10, "time_epoch": 8.76996, "time_epoch_std": 0.88675, "eta": 900.3285, "eta_std": 60.50335, "eta_hours": 0.25009, "eta_hours_std": 0.01681, "loss": 0.68439, "loss_std": 0.01125, "lr": 0.00098, "lr_std": 0.0, "params": 5289.0, "params_std": 0.0, "time_iter": 0.07016, "time_iter_std": 0.0071, "accuracy": 0.5435, "accuracy_std": 0.04417, "accuracy_max": 0.596, "precision": 0.55088, "precision_std": 0.0484, "recall": 0.75889, "recall_std": 0.20289, "f1": 0.61872, "f1_std": 0.04249, "auc": 0.52754, "auc_std": 0.07831}
{"epoch": 11, "time_epoch": 8.8858, "time_epoch_std": 0.80115, "eta": 881.19058, "eta_std": 60.40252, "eta_hours": 0.24477, "eta_hours_std": 0.01678, "loss": 0.68439, "loss_std": 0.01141, "lr": 0.00097, "lr_std": 0.0, "params": 5289.0, "params_std": 0.0, "time_iter": 0.07109, "time_iter_std": 0.00641, "accuracy": 0.5405, "accuracy_std": 0.04095, "accuracy_max": 0.602, "precision": 0.55126, "precision_std": 0.05259, "recall": 0.62747, "recall_std": 0.20903, "f1": 0.5683, "f1_std": 0.06538, "auc": 0.52228, "auc_std": 0.07584}
{"epoch": 12, "time_epoch": 8.88395, "time_epoch_std": 0.79619, "eta": 863.61756, "eta_std": 60.24213, "eta_hours": 0.23989, "eta_hours_std": 0.01674, "loss": 0.68264, "loss_std": 0.01256, "lr": 0.00096, "lr_std": 0.0, "params": 5289.0, "params_std": 0.0, "time_iter": 0.07107, "time_iter_std": 0.00637, "accuracy": 0.5395, "accuracy_std": 0.04859, "accuracy_max": 0.592, "precision": 0.55128, "precision_std": 0.05817, "recall": 0.65119, "recall_std": 0.20091, "f1": 0.57852, "f1_std": 0.05989, "auc": 0.52631, "auc_std": 0.08073}
{"epoch": 13, "time_epoch": 8.7714, "time_epoch_std": 0.84012, "eta": 846.59447, "eta_std": 60.41477, "eta_hours": 0.23516, "eta_hours_std": 0.01678, "loss": 0.68629, "loss_std": 0.00732, "lr": 0.00096, "lr_std": 0.0, "params": 5289.0, "params_std": 0.0, "time_iter": 0.07017, "time_iter_std": 0.00672, "accuracy": 0.539, "accuracy_std": 0.03106, "accuracy_max": 0.572, "precision": 0.54855, "precision_std": 0.0424, "recall": 0.74901, "recall_std": 0.25286, "f1": 0.60574, "f1_std": 0.0687, "auc": 0.53222, "auc_std": 0.06941}
{"epoch": 14, "time_epoch": 8.82617, "time_epoch_std": 0.84796, "eta": 830.98196, "eta_std": 60.48016, "eta_hours": 0.23083, "eta_hours_std": 0.0168, "loss": 0.67884, "loss_std": 0.01496, "lr": 0.00095, "lr_std": 0.0, "params": 5289.0, "params_std": 0.0, "time_iter": 0.07061, "time_iter_std": 0.00678, "accuracy": 0.541, "accuracy_std": 0.05604, "accuracy_max": 0.598, "precision": 0.55149, "precision_std": 0.05883, "recall": 0.64921, "recall_std": 0.14593, "f1": 0.58445, "f1_std": 0.04285, "auc": 0.55444, "auc_std": 0.08382}
{"epoch": 15, "time_epoch": 8.81737, "time_epoch_std": 0.7577, "eta": 816.17154, "eta_std": 59.82317, "eta_hours": 0.22671, "eta_hours_std": 0.01662, "loss": 0.67907, "loss_std": 0.01701, "lr": 0.00095, "lr_std": 0.0, "params": 5289.0, "params_std": 0.0, "time_iter": 0.07054, "time_iter_std": 0.00606, "accuracy": 0.543, "accuracy_std": 0.05604, "accuracy_max": 0.618, "precision": 0.56482, "precision_std": 0.07179, "recall": 0.66502, "recall_std": 0.18981, "f1": 0.58724, "f1_std": 0.04107, "auc": 0.5344, "auc_std": 0.09379}
{"epoch": 16, "time_epoch": 8.86101, "time_epoch_std": 0.89209, "eta": 802.27922, "eta_std": 59.97076, "eta_hours": 0.22286, "eta_hours_std": 0.01666, "loss": 0.6823, "loss_std": 0.01219, "lr": 0.00094, "lr_std": 0.0, "params": 5289.0, "params_std": 0.0, "time_iter": 0.07089, "time_iter_std": 0.00714, "accuracy": 0.5335, "accuracy_std": 0.05478, "accuracy_max": 0.606, "precision": 0.54892, "precision_std": 0.06336, "recall": 0.68478, "recall_std": 0.1818, "f1": 0.59058, "f1_std": 0.0415, "auc": 0.53508, "auc_std": 0.07571}
{"epoch": 17, "time_epoch": 8.81614, "time_epoch_std": 0.86719, "eta": 788.74157, "eta_std": 59.88566, "eta_hours": 0.2191, "eta_hours_std": 0.01663, "loss": 0.6806, "loss_std": 0.01818, "lr": 0.00093, "lr_std": 0.0, "params": 5289.0, "params_std": 0.0, "time_iter": 0.07053, "time_iter_std": 0.00694, "accuracy": 0.545, "accuracy_std": 0.0446, "accuracy_max": 0.616, "precision": 0.55564, "precision_std": 0.05872, "recall": 0.76087, "recall_std": 0.23913, "f1": 0.61592, "f1_std": 0.05817, "auc": 0.53428, "auc_std": 0.07684}
{"epoch": 18, "time_epoch": 8.75803, "time_epoch_std": 0.8912, "eta": 775.45317, "eta_std": 59.83859, "eta_hours": 0.2154, "eta_hours_std": 0.01662, "loss": 0.68489, "loss_std": 0.00877, "lr": 0.00092, "lr_std": 0.0, "params": 5289.0, "params_std": 0.0, "time_iter": 0.07006, "time_iter_std": 0.00713, "accuracy": 0.5305, "accuracy_std": 0.03827, "accuracy_max": 0.57, "precision": 0.54241, "precision_std": 0.0431, "recall": 0.72036, "recall_std": 0.22732, "f1": 0.59507, "f1_std": 0.06054, "auc": 0.53045, "auc_std": 0.06878}
{"epoch": 19, "time_epoch": 8.77404, "time_epoch_std": 0.81341, "eta": 762.68187, "eta_std": 59.38864, "eta_hours": 0.21186, "eta_hours_std": 0.0165, "loss": 0.68483, "loss_std": 0.01249, "lr": 0.00091, "lr_std": 0.0, "params": 5289.0, "params_std": 0.0, "time_iter": 0.07019, "time_iter_std": 0.00651, "accuracy": 0.542, "accuracy_std": 0.0401, "accuracy_max": 0.598, "precision": 0.55939, "precision_std": 0.06159, "recall": 0.73122, "recall_std": 0.25165, "f1": 0.60152, "f1_std": 0.06592, "auc": 0.52706, "auc_std": 0.08302}
{"epoch": 20, "time_epoch": 8.81546, "time_epoch_std": 0.82893, "eta": 750.44704, "eta_std": 58.96183, "eta_hours": 0.20846, "eta_hours_std": 0.01638, "loss": 0.68493, "loss_std": 0.01027, "lr": 0.0009, "lr_std": 0.0, "params": 5289.0, "params_std": 0.0, "time_iter": 0.07052, "time_iter_std": 0.00663, "accuracy": 0.511, "accuracy_std": 0.0616, "accuracy_max": 0.582, "precision": 0.51905, "precision_std": 0.06963, "recall": 0.44071, "recall_std": 0.13123, "f1": 0.46691, "f1_std": 0.10431, "auc": 0.52429, "auc_std": 0.07823}
{"epoch": 21, "time_epoch": 8.76182, "time_epoch_std": 0.80837, "eta": 738.33292, "eta_std": 58.4291, "eta_hours": 0.20509, "eta_hours_std": 0.01623, "loss": 0.67883, "loss_std": 0.01693, "lr": 0.0009, "lr_std": 0.0, "params": 5289.0, "params_std": 0.0, "time_iter": 0.07009, "time_iter_std": 0.00647, "accuracy": 0.5515, "accuracy_std": 0.04822, "accuracy_max": 0.616, "precision": 0.56462, "precision_std": 0.06434, "recall": 0.76482, "recall_std": 0.23261, "f1": 0.6218, "f1_std": 0.04901, "auc": 0.54227, "auc_std": 0.08953}
{"epoch": 22, "time_epoch": 8.8434, "time_epoch_std": 0.89076, "eta": 726.78339, "eta_std": 58.15028, "eta_hours": 0.20188, "eta_hours_std": 0.01615, "loss": 0.68068, "loss_std": 0.01347, "lr": 0.00089, "lr_std": 0.0, "params": 5289.0, "params_std": 0.0, "time_iter": 0.07075, "time_iter_std": 0.00713, "accuracy": 0.544, "accuracy_std": 0.038, "accuracy_max": 0.582, "precision": 0.55134, "precision_std": 0.04544, "recall": 0.76878, "recall_std": 0.23165, "f1": 0.61864, "f1_std": 0.05372, "auc": 0.54381, "auc_std": 0.07862}
{"epoch": 23, "time_epoch": 8.80525, "time_epoch_std": 0.85356, "eta": 715.33858, "eta_std": 57.69923, "eta_hours": 0.19871, "eta_hours_std": 0.01603, "loss": 0.68414, "loss_std": 0.01101, "lr": 0.00088, "lr_std": 0.0, "params": 5289.0, "params_std": 0.0, "time_iter": 0.07044, "time_iter_std": 0.00683, "accuracy": 0.5375, "accuracy_std": 0.05869, "accuracy_max": 0.61, "precision": 0.54216, "precision_std": 0.07712, "recall": 0.57114, "recall_std": 0.27414, "f1": 0.52746, "f1_std": 0.13541, "auc": 0.52237, "auc_std": 0.08846}
{"epoch": 24, "time_epoch": 8.82036, "time_epoch_std": 0.85743, "eta": 704.15026, "eta_std": 57.22943, "eta_hours": 0.1956, "eta_hours_std": 0.0159, "loss": 0.67875, "loss_std": 0.01522, "lr": 0.00086, "lr_std": 0.0, "params": 5289.0, "params_std": 0.0, "time_iter": 0.07056, "time_iter_std": 0.00686, "accuracy": 0.557, "accuracy_std": 0.05442, "accuracy_max": 0.62, "precision": 0.5682, "precision_std": 0.06373, "recall": 0.77273, "recall_std": 0.22057, "f1": 0.62925, "f1_std": 0.042, "auc": 0.54116, "auc_std": 0.09217}
{"epoch": 25, "time_epoch": 8.81561, "time_epoch_std": 0.85066, "eta": 693.13057, "eta_std": 56.7105, "eta_hours": 0.19254, "eta_hours_std": 0.01575, "loss": 0.67926, "loss_std": 0.01529, "lr": 0.00085, "lr_std": 0.0, "params": 5289.0, "params_std": 0.0, "time_iter": 0.07052, "time_iter_std": 0.00681, "accuracy": 0.5405, "accuracy_std": 0.05294, "accuracy_max": 0.612, "precision": 0.55185, "precision_std": 0.05807, "recall": 0.6334, "recall_std": 0.19447, "f1": 0.57289, "f1_std": 0.06347, "auc": 0.54775, "auc_std": 0.0846}
{"epoch": 26, "time_epoch": 8.74022, "time_epoch_std": 0.80536, "eta": 682.07031, "eta_std": 56.04683, "eta_hours": 0.18946, "eta_hours_std": 0.01557, "loss": 0.67642, "loss_std": 0.01837, "lr": 0.00084, "lr_std": 0.0, "params": 5289.0, "params_std": 0.0, "time_iter": 0.06992, "time_iter_std": 0.00644, "accuracy": 0.563, "accuracy_std": 0.05763, "accuracy_max": 0.632, "precision": 0.57296, "precision_std": 0.06811, "recall": 0.78557, "recall_std": 0.21443, "f1": 0.63771, "f1_std": 0.0346, "auc": 0.54352, "auc_std": 0.10359}
{"epoch": 27, "time_epoch": 8.71371, "time_epoch_std": 0.77143, "eta": 671.10759, "eta_std": 55.25414, "eta_hours": 0.18642, "eta_hours_std": 0.01535, "loss": 0.67815, "loss_std": 0.01593, "lr": 0.00083, "lr_std": 0.0, "params": 5289.0, "params_std": 0.0, "time_iter": 0.06971, "time_iter_std": 0.00617, "accuracy": 0.5525, "accuracy_std": 0.04967, "accuracy_max": 0.616, "precision": 0.56294, "precision_std": 0.06186, "recall": 0.76779, "recall_std": 0.21288, "f1": 0.62567, "f1_std": 0.04108, "auc": 0.54124, "auc_std": 0.08696}
{"epoch": 28, "time_epoch": 8.79168, "time_epoch_std": 0.85166, "eta": 660.49088, "eta_std": 54.69119, "eta_hours": 0.18347, "eta_hours_std": 0.01519, "loss": 0.68439, "loss_std": 0.00923, "lr": 0.00082, "lr_std": 0.0, "params": 5289.0, "params_std": 0.0, "time_iter": 0.07033, "time_iter_std": 0.00682, "accuracy": 0.547, "accuracy_std": 0.05166, "accuracy_max": 0.604, "precision": 0.55492, "precision_std": 0.0547, "recall": 0.73716, "recall_std": 0.17831, "f1": 0.61641, "f1_std": 0.0335, "auc": 0.52332, "auc_std": 0.08708}
{"epoch": 29, "time_epoch": 8.79687, "time_epoch_std": 0.85961, "eta": 650.00795, "eta_std": 54.12799, "eta_hours": 0.18056, "eta_hours_std": 0.01503, "loss": 0.67813, "loss_std": 0.01551, "lr": 0.00081, "lr_std": 0.0, "params": 5289.0, "params_std": 0.0, "time_iter": 0.07037, "time_iter_std": 0.00688, "accuracy": 0.551, "accuracy_std": 0.06637, "accuracy_max": 0.624, "precision": 0.56577, "precision_std": 0.07181, "recall": 0.74308, "recall_std": 0.17416, "f1": 0.62184, "f1_std": 0.02238, "auc": 0.55062, "auc_std": 0.09712}
{"epoch": 30, "time_epoch": 8.71594, "time_epoch_std": 0.76628, "eta": 639.45364, "eta_std": 53.32908, "eta_hours": 0.17763, "eta_hours_std": 0.01482, "loss": 0.68271, "loss_std": 0.01159, "lr": 0.00079, "lr_std": 0.0, "params": 5289.0, "params_std": 0.0, "time_iter": 0.06973, "time_iter_std": 0.00613, "accuracy": 0.5405, "accuracy_std": 0.03772, "accuracy_max": 0.594, "precision": 0.5505, "precision_std": 0.04924, "recall": 0.75692, "recall_std": 0.24144, "f1": 0.61149, "f1_std": 0.05963, "auc": 0.52453, "auc_std": 0.08833}
{"epoch": 31, "time_epoch": 8.74196, "time_epoch_std": 0.78195, "eta": 629.06954, "eta_std": 52.57262, "eta_hours": 0.17474, "eta_hours_std": 0.0146, "loss": 0.67672, "loss_std": 0.0168, "lr": 0.00078, "lr_std": 0.0, "params": 5289.0, "params_std": 0.0, "time_iter": 0.06994, "time_iter_std": 0.00625, "accuracy": 0.5595, "accuracy_std": 0.06175, "accuracy_max": 0.636, "precision": 0.56956, "precision_std": 0.069, "recall": 0.7747, "recall_std": 0.19317, "f1": 0.63474, "f1_std": 0.0282, "auc": 0.54712, "auc_std": 0.09373}
{"epoch": 32, "time_epoch": 8.78846, "time_epoch_std": 0.82644, "eta": 618.87938, "eta_std": 51.90397, "eta_hours": 0.17191, "eta_hours_std": 0.01442, "loss": 0.67534, "loss_std": 0.01827, "lr": 0.00077, "lr_std": 0.0, "params": 5289.0, "params_std": 0.0, "time_iter": 0.07031, "time_iter_std": 0.00661, "accuracy": 0.555, "accuracy_std": 0.04933, "accuracy_max": 0.612, "precision": 0.55952, "precision_std": 0.05355, "recall": 0.79447, "recall_std": 0.20675, "f1": 0.63618, "f1_std": 0.03794, "auc": 0.54025, "auc_std": 0.10441}
{"epoch": 33, "time_epoch": 8.81725, "time_epoch_std": 0.86809, "eta": 608.82755, "eta_std": 51.31017, "eta_hours": 0.16912, "eta_hours_std": 0.01425, "loss": 0.68211, "loss_std": 0.01137, "lr": 0.00075, "lr_std": 0.0, "params": 5289.0, "params_std": 0.0, "time_iter": 0.07054, "time_iter_std": 0.00694, "accuracy": 0.557, "accuracy_std": 0.05118, "accuracy_max": 0.614, "precision": 0.5672, "precision_std": 0.0612, "recall": 0.77569, "recall_std": 0.22528, "f1": 0.62946, "f1_std": 0.04414, "auc": 0.53312, "auc_std": 0.09233}
{"epoch": 34, "time_epoch": 8.79692, "time_epoch_std": 0.83261, "eta": 598.80852, "eta_std": 50.63174, "eta_hours": 0.16634, "eta_hours_std": 0.01406, "loss": 0.67271, "loss_std": 0.02142, "lr": 0.00074, "lr_std": 0.0, "params": 5289.0, "params_std": 0.0, "time_iter": 0.07037, "time_iter_std": 0.00666, "accuracy": 0.5645, "accuracy_std": 0.0585, "accuracy_max": 0.624, "precision": 0.57474, "precision_std": 0.07067, "recall": 0.7915, "recall_std": 0.21416, "f1": 0.64004, "f1_std": 0.03748, "auc": 0.54918, "auc_std": 0.09875}
{"epoch": 35, "time_epoch": 8.81429, "time_epoch_std": 0.81817, "eta": 588.88827, "eta_std": 49.92057, "eta_hours": 0.16358, "eta_hours_std": 0.01387, "loss": 0.67996, "loss_std": 0.01471, "lr": 0.00073, "lr_std": 0.0, "params": 5289.0, "params_std": 0.0, "time_iter": 0.07051, "time_iter_std": 0.00655, "accuracy": 0.561, "accuracy_std": 0.05438, "accuracy_max": 0.624, "precision": 0.57426, "precision_std": 0.07139, "recall": 0.77767, "recall_std": 0.226, "f1": 0.63226, "f1_std": 0.04244, "auc": 0.54365, "auc_std": 0.09148}
{"epoch": 36, "time_epoch": 8.81252, "time_epoch_std": 0.85902, "eta": 579.02478, "eta_std": 49.27431, "eta_hours": 0.16084, "eta_hours_std": 0.01369, "loss": 0.68328, "loss_std": 0.01081, "lr": 0.00071, "lr_std": 0.0, "params": 5289.0, "params_std": 0.0, "time_iter": 0.0705, "time_iter_std": 0.00687, "accuracy": 0.5335, "accuracy_std": 0.04401, "accuracy_max": 0.582, "precision": 0.5417, "precision_std": 0.04812, "recall": 0.64229, "recall_std": 0.20747, "f1": 0.57103, "f1_std": 0.06555, "auc": 0.537, "auc_std": 0.08167}
{"epoch": 37, "time_epoch": 8.8104, "time_epoch_std": 0.88428, "eta": 569.21315, "eta_std": 48.6583, "eta_hours": 0.15812, "eta_hours_std": 0.01352, "loss": 0.66992, "loss_std": 0.02462, "lr": 0.0007, "lr_std": 0.0, "params": 5289.0, "params_std": 0.0, "time_iter": 0.07048, "time_iter_std": 0.00707, "accuracy": 0.5635, "accuracy_std": 0.05874, "accuracy_max": 0.638, "precision": 0.57101, "precision_std": 0.06853, "recall": 0.79842, "recall_std": 0.20253, "f1": 0.6432, "f1_std": 0.02878, "auc": 0.56238, "auc_std": 0.11511}
{"epoch": 38, "time_epoch": 8.79538, "time_epoch_std": 0.83503, "eta": 559.42936, "eta_std": 47.95063, "eta_hours": 0.1554, "eta_hours_std": 0.01332, "loss": 0.67769, "loss_std": 0.01672, "lr": 0.00068, "lr_std": 0.0, "params": 5289.0, "params_std": 0.0, "time_iter": 0.07036, "time_iter_std": 0.00668, "accuracy": 0.5675, "accuracy_std": 0.06366, "accuracy_max": 0.656, "precision": 0.57907, "precision_std": 0.07529, "recall": 0.7836, "recall_std": 0.21803, "f1": 0.63942, "f1_std": 0.04074, "auc": 0.53825, "auc_std": 0.11197}
{"epoch": 39, "time_epoch": 8.64035, "time_epoch_std": 0.64929, "eta": 549.46245, "eta_std": 46.9422, "eta_hours": 0.15263, "eta_hours_std": 0.01304, "loss": 0.67364, "loss_std": 0.01988, "lr": 0.00067, "lr_std": 0.0, "params": 5289.0, "params_std": 0.0, "time_iter": 0.06912, "time_iter_std": 0.0052, "accuracy": 0.553, "accuracy_std": 0.06181, "accuracy_max": 0.616, "precision": 0.56628, "precision_std": 0.0693, "recall": 0.69763, "recall_std": 0.1817, "f1": 0.60654, "f1_std": 0.03989, "auc": 0.55384, "auc_std": 0.0929}
{"epoch": 40, "time_epoch": 8.81661, "time_epoch_std": 0.80891, "eta": 539.81389, "eta_std": 46.19662, "eta_hours": 0.14995, "eta_hours_std": 0.01284, "loss": 0.68175, "loss_std": 0.0124, "lr": 0.00065, "lr_std": 0.0, "params": 5289.0, "params_std": 0.0, "time_iter": 0.07053, "time_iter_std": 0.00647, "accuracy": 0.55, "accuracy_std": 0.04825, "accuracy_max": 0.622, "precision": 0.55433, "precision_std": 0.0533, "recall": 0.79249, "recall_std": 0.20768, "f1": 0.63275, "f1_std": 0.04208, "auc": 0.5358, "auc_std": 0.09002}
{"epoch": 41, "time_epoch": 8.34237, "time_epoch_std": 0.75432, "eta": 529.55005, "eta_std": 44.86358, "eta_hours": 0.1471, "eta_hours_std": 0.01247, "loss": 0.68098, "loss_std": 0.01267, "lr": 0.00064, "lr_std": 0.0, "params": 5289.0, "params_std": 0.0, "time_iter": 0.06674, "time_iter_std": 0.00603, "accuracy": 0.547, "accuracy_std": 0.05218, "accuracy_max": 0.61, "precision": 0.55614, "precision_std": 0.05683, "recall": 0.67095, "recall_std": 0.19298, "f1": 0.59151, "f1_std": 0.05516, "auc": 0.53911, "auc_std": 0.09149}
{"epoch": 42, "time_epoch": 8.7897, "time_epoch_std": 0.7945, "eta": 519.96855, "eta_std": 44.11715, "eta_hours": 0.14444, "eta_hours_std": 0.01226, "loss": 0.67657, "loss_std": 0.01699, "lr": 0.00062, "lr_std": 0.0, "params": 5289.0, "params_std": 0.0, "time_iter": 0.07032, "time_iter_std": 0.00636, "accuracy": 0.55, "accuracy_std": 0.06192, "accuracy_max": 0.612, "precision": 0.56158, "precision_std": 0.06925, "recall": 0.67786, "recall_std": 0.18908, "f1": 0.59663, "f1_std": 0.0553, "auc": 0.55032, "auc_std": 0.09169}
{"epoch": 43, "time_epoch": 8.7581, "time_epoch_std": 0.8232, "eta": 510.38282, "eta_std": 43.40444, "eta_hours": 0.14177, "eta_hours_std": 0.01206, "loss": 0.67741, "loss_std": 0.01682, "lr": 0.00061, "lr_std": 0.0, "params": 5289.0, "params_std": 0.0, "time_iter": 0.07006, "time_iter_std": 0.00659, "accuracy": 0.553, "accuracy_std": 0.05262, "accuracy_max": 0.614, "precision": 0.56787, "precision_std": 0.06453, "recall": 0.75296, "recall_std": 0.23031, "f1": 0.61919, "f1_std": 0.04843, "auc": 0.54246, "auc_std": 0.08639}
{"epoch": 44, "time_epoch": 8.82513, "time_epoch_std": 0.87036, "eta": 500.91581, "eta_std": 42.74405, "eta_hours": 0.13914, "eta_hours_std": 0.01187, "loss": 0.67731, "loss_std": 0.01631, "lr": 0.00059, "lr_std": 0.0, "params": 5289.0, "params_std": 0.0, "time_iter": 0.0706, "time_iter_std": 0.00696, "accuracy": 0.5515, "accuracy_std": 0.06057, "accuracy_max": 0.628, "precision": 0.56588, "precision_std": 0.06872, "recall": 0.72628, "recall_std": 0.1929, "f1": 0.61424, "f1_std": 0.03787, "auc": 0.54485, "auc_std": 0.09818}
{"epoch": 45, "time_epoch": 8.80464, "time_epoch_std": 0.85543, "eta": 491.45265, "eta_std": 42.05818, "eta_hours": 0.13651, "eta_hours_std": 0.01168, "loss": 0.67767, "loss_std": 0.0158, "lr": 0.00058, "lr_std": 0.0, "params": 5289.0, "params_std": 0.0, "time_iter": 0.07044, "time_iter_std": 0.00684, "accuracy": 0.5555, "accuracy_std": 0.05147, "accuracy_max": 0.62, "precision": 0.56402, "precision_std": 0.05919, "recall": 0.77964, "recall_std": 0.21903, "f1": 0.63067, "f1_std": 0.04256, "auc": 0.5465, "auc_std": 0.09885}
{"epoch": 46, "time_epoch": 8.78944, "time_epoch_std": 0.83312, "eta": 482.00036, "eta_std": 41.33963, "eta_hours": 0.13389, "eta_hours_std": 0.01148, "loss": 0.67369, "loss_std": 0.01963, "lr": 0.00056, "lr_std": 0.0, "params": 5289.0, "params_std": 0.0, "time_iter": 0.07031, "time_iter_std": 0.00666, "accuracy": 0.563, "accuracy_std": 0.05502, "accuracy_max": 0.618, "precision": 0.57312, "precision_std": 0.06601, "recall": 0.77372, "recall_std": 0.21089, "f1": 0.63401, "f1_std": 0.03549, "auc": 0.55781, "auc_std": 0.0943}
{"epoch": 47, "time_epoch": 8.78879, "time_epoch_std": 0.84199, "eta": 472.57499, "eta_std": 40.62519, "eta_hours": 0.13127, "eta_hours_std": 0.01129, "loss": 0.67328, "loss_std": 0.01797, "lr": 0.00055, "lr_std": 0.0, "params": 5289.0, "params_std": 0.0, "time_iter": 0.07031, "time_iter_std": 0.00673, "accuracy": 0.572, "accuracy_std": 0.0451, "accuracy_max": 0.622, "precision": 0.58188, "precision_std": 0.05893, "recall": 0.70652, "recall_std": 0.18639, "f1": 0.61851, "f1_std": 0.03465, "auc": 0.56922, "auc_std": 0.08463}
{"epoch": 48, "time_epoch": 8.80567, "time_epoch_std": 0.84532, "eta": 463.19318, "eta_std": 39.90959, "eta_hours": 0.12866, "eta_hours_std": 0.01108, "loss": 0.67464, "loss_std": 0.01534, "lr": 0.00053, "lr_std": 0.0, "params": 5289.0, "params_std": 0.0, "time_iter": 0.07044, "time_iter_std": 0.00676, "accuracy": 0.5705, "accuracy_std": 0.04392, "accuracy_max": 0.612, "precision": 0.57781, "precision_std": 0.05426, "recall": 0.71047, "recall_std": 0.18008, "f1": 0.61968, "f1_std": 0.03239, "auc": 0.58141, "auc_std": 0.08078}
{"epoch": 49, "time_epoch": 8.38392, "time_epoch_std": 0.62489, "eta": 453.41266, "eta_std": 38.75606, "eta_hours": 0.12595, "eta_hours_std": 0.01077, "loss": 0.6717, "loss_std": 0.01623, "lr": 0.00052, "lr_std": 0.0, "params": 5289.0, "params_std": 0.0, "time_iter": 0.06707, "time_iter_std": 0.005, "accuracy": 0.5695, "accuracy_std": 0.04102, "accuracy_max": 0.616, "precision": 0.57506, "precision_std": 0.04977, "recall": 0.71047, "recall_std": 0.17919, "f1": 0.619, "f1_std": 0.03435, "auc": 0.5886, "auc_std": 0.06868}
{"epoch": 50, "time_epoch": 8.26696, "time_epoch_std": 0.47219, "eta": 443.57454, "eta_std": 37.51306, "eta_hours": 0.12322, "eta_hours_std": 0.01042, "loss": 0.67242, "loss_std": 0.01582, "lr": 0.0005, "lr_std": 0.0, "params": 5289.0, "params_std": 0.0, "time_iter": 0.06614, "time_iter_std": 0.00378, "accuracy": 0.568, "accuracy_std": 0.04844, "accuracy_max": 0.622, "precision": 0.57722, "precision_std": 0.05945, "recall": 0.70652, "recall_std": 0.18019, "f1": 0.61724, "f1_std": 0.03279, "auc": 0.58406, "auc_std": 0.07935}
{"epoch": 51, "time_epoch": 8.33916, "time_epoch_std": 0.58048, "eta": 433.86349, "eta_std": 36.37082, "eta_hours": 0.12052, "eta_hours_std": 0.0101, "loss": 0.67538, "loss_std": 0.01382, "lr": 0.00048, "lr_std": 0.0, "params": 5289.0, "params_std": 0.0, "time_iter": 0.06672, "time_iter_std": 0.00464, "accuracy": 0.5685, "accuracy_std": 0.04309, "accuracy_max": 0.616, "precision": 0.57522, "precision_std": 0.04922, "recall": 0.69071, "recall_std": 0.18014, "f1": 0.61175, "f1_std": 0.03713, "auc": 0.57822, "auc_std": 0.07894}
{"epoch": 52, "time_epoch": 8.40195, "time_epoch_std": 0.6698, "eta": 424.2599, "eta_std": 35.31534, "eta_hours": 0.11785, "eta_hours_std": 0.00981, "loss": 0.67091, "loss_std": 0.01625, "lr": 0.00047, "lr_std": 0.0, "params": 5289.0, "params_std": 0.0, "time_iter": 0.06722, "time_iter_std": 0.00536, "accuracy": 0.5705, "accuracy_std": 0.04683, "accuracy_max": 0.62, "precision": 0.58065, "precision_std": 0.05218, "recall": 0.66502, "recall_std": 0.19706, "f1": 0.60155, "f1_std": 0.05243, "auc": 0.58307, "auc_std": 0.08546}
{"epoch": 53, "time_epoch": 8.33686, "time_epoch_std": 0.58558, "eta": 414.64536, "eta_std": 34.24212, "eta_hours": 0.11518, "eta_hours_std": 0.00951, "loss": 0.67185, "loss_std": 0.02246, "lr": 0.00045, "lr_std": 0.0, "params": 5289.0, "params_std": 0.0, "time_iter": 0.06669, "time_iter_std": 0.00469, "accuracy": 0.57, "accuracy_std": 0.05805, "accuracy_max": 0.658, "precision": 0.58191, "precision_std": 0.06497, "recall": 0.66304, "recall_std": 0.20068, "f1": 0.6005, "f1_std": 0.06127, "auc": 0.57598, "auc_std": 0.0839}
{"epoch": 54, "time_epoch": 8.41325, "time_epoch_std": 0.71223, "eta": 405.13979, "eta_std": 33.24675, "eta_hours": 0.11254, "eta_hours_std": 0.00924, "loss": 0.67128, "loss_std": 0.01569, "lr": 0.00044, "lr_std": 0.0, "params": 5289.0, "params_std": 0.0, "time_iter": 0.0673, "time_iter_std": 0.0057, "accuracy": 0.561, "accuracy_std": 0.03684, "accuracy_max": 0.608, "precision": 0.5715, "precision_std": 0.04339, "recall": 0.65316, "recall_std": 0.20077, "f1": 0.59101, "f1_std": 0.04985, "auc": 0.58106, "auc_std": 0.07802}
{"epoch": 55, "time_epoch": 8.40763, "time_epoch_std": 0.71722, "eta": 395.6688, "eta_std": 32.27794, "eta_hours": 0.10991, "eta_hours_std": 0.00897, "loss": 0.67626, "loss_std": 0.0125, "lr": 0.00042, "lr_std": 0.0, "params": 5289.0, "params_std": 0.0, "time_iter": 0.06726, "time_iter_std": 0.00574, "accuracy": 0.5655, "accuracy_std": 0.05315, "accuracy_max": 0.622, "precision": 0.58383, "precision_std": 0.06098, "recall": 0.55434, "recall_std": 0.0494, "f1": 0.56422, "f1_std": 0.02288, "auc": 0.58423, "auc_std": 0.07511}
{"epoch": 56, "time_epoch": 8.39398, "time_epoch_std": 0.714, "eta": 386.22484, "eta_std": 31.32503, "eta_hours": 0.10729, "eta_hours_std": 0.0087, "loss": 0.66842, "loss_std": 0.01631, "lr": 0.00041, "lr_std": 0.0, "params": 5289.0, "params_std": 0.0, "time_iter": 0.06715, "time_iter_std": 0.00571, "accuracy": 0.58, "accuracy_std": 0.04329, "accuracy_max": 0.616, "precision": 0.59691, "precision_std": 0.0529, "recall": 0.65415, "recall_std": 0.20002, "f1": 0.60275, "f1_std": 0.04109, "auc": 0.5935, "auc_std": 0.08031}
{"epoch": 57, "time_epoch": 8.37681, "time_epoch_std": 0.71193, "eta": 376.80464, "eta_std": 30.40234, "eta_hours": 0.10467, "eta_hours_std": 0.00844, "loss": 0.66919, "loss_std": 0.01973, "lr": 0.00039, "lr_std": 0.0, "params": 5289.0, "params_std": 0.0, "time_iter": 0.06702, "time_iter_std": 0.0057, "accuracy": 0.577, "accuracy_std": 0.04683, "accuracy_max": 0.632, "precision": 0.59438, "precision_std": 0.05667, "recall": 0.64723, "recall_std": 0.20564, "f1": 0.59762, "f1_std": 0.05055, "auc": 0.58886, "auc_std": 0.07153}
{"epoch": 58, "time_epoch": 8.33412, "time_epoch_std": 0.57545, "eta": 367.39015, "eta_std": 29.44823, "eta_hours": 0.10206, "eta_hours_std": 0.00818, "loss": 0.66433, "loss_std": 0.02017, "lr": 0.00038, "lr_std": 0.0, "params": 5289.0, "params_std": 0.0, "time_iter": 0.06668, "time_iter_std": 0.0046, "accuracy": 0.5995, "accuracy_std": 0.05808, "accuracy_max": 0.652, "precision": 0.61799, "precision_std": 0.06936, "recall": 0.67786, "recall_std": 0.18716, "f1": 0.6254, "f1_std": 0.03469, "auc": 0.60714, "auc_std": 0.07795}
{"epoch": 59, "time_epoch": 8.37534, "time_epoch_std": 0.66297, "eta": 358.03915, "eta_std": 28.54977, "eta_hours": 0.09945, "eta_hours_std": 0.00793, "loss": 0.67211, "loss_std": 0.01678, "lr": 0.00036, "lr_std": 0.0, "params": 5289.0, "params_std": 0.0, "time_iter": 0.06701, "time_iter_std": 0.0053, "accuracy": 0.575, "accuracy_std": 0.0464, "accuracy_max": 0.624, "precision": 0.59299, "precision_std": 0.05697, "recall": 0.64328, "recall_std": 0.21128, "f1": 0.59387, "f1_std": 0.05616, "auc": 0.59253, "auc_std": 0.0744}
{"epoch": 60, "time_epoch": 8.51021, "time_epoch_std": 0.59789, "eta": 348.80637, "eta_std": 27.57205, "eta_hours": 0.09689, "eta_hours_std": 0.00766, "loss": 0.67465, "loss_std": 0.01127, "lr": 0.00035, "lr_std": 0.0, "params": 5289.0, "params_std": 0.0, "time_iter": 0.06808, "time_iter_std": 0.00478, "accuracy": 0.5755, "accuracy_std": 0.04486, "accuracy_max": 0.624, "precision": 0.58801, "precision_std": 0.05133, "recall": 0.66206, "recall_std": 0.19744, "f1": 0.6033, "f1_std": 0.04727, "auc": 0.58515, "auc_std": 0.07174}
{"epoch": 61, "time_epoch": 8.55069, "time_epoch_std": 0.63004, "eta": 339.6217, "eta_std": 26.63451, "eta_hours": 0.09434, "eta_hours_std": 0.0074, "loss": 0.67543, "loss_std": 0.0164, "lr": 0.00033, "lr_std": 0.0, "params": 5289.0, "params_std": 0.0, "time_iter": 0.06841, "time_iter_std": 0.00504, "accuracy": 0.572, "accuracy_std": 0.04174, "accuracy_max": 0.612, "precision": 0.58879, "precision_std": 0.04949, "recall": 0.58696, "recall_std": 0.1021, "f1": 0.57877, "f1_std": 0.02273, "auc": 0.58412, "auc_std": 0.07234}
{"epoch": 62, "time_epoch": 8.46466, "time_epoch_std": 0.58291, "eta": 330.40665, "eta_std": 25.71521, "eta_hours": 0.09178, "eta_hours_std": 0.00715, "loss": 0.67112, "loss_std": 0.0143, "lr": 0.00032, "lr_std": 0.0, "params": 5289.0, "params_std": 0.0, "time_iter": 0.06772, "time_iter_std": 0.00466, "accuracy": 0.574, "accuracy_std": 0.0462, "accuracy_max": 0.624, "precision": 0.59078, "precision_std": 0.05333, "recall": 0.64032, "recall_std": 0.21486, "f1": 0.5913, "f1_std": 0.06269, "auc": 0.59631, "auc_std": 0.07214}
{"epoch": 63, "time_epoch": 8.52668, "time_epoch_std": 0.61665, "eta": 321.24992, "eta_std": 24.81346, "eta_hours": 0.08924, "eta_hours_std": 0.00689, "loss": 0.66664, "loss_std": 0.02602, "lr": 0.0003, "lr_std": 0.0, "params": 5289.0, "params_std": 0.0, "time_iter": 0.06822, "time_iter_std": 0.00493, "accuracy": 0.5805, "accuracy_std": 0.05482, "accuracy_max": 0.652, "precision": 0.59672, "precision_std": 0.06057, "recall": 0.6502, "recall_std": 0.21722, "f1": 0.5983, "f1_std": 0.07292, "auc": 0.59837, "auc_std": 0.07548}
{"epoch": 64, "time_epoch": 8.45224, "time_epoch_std": 0.45682, "eta": 312.07249, "eta_std": 23.88221, "eta_hours": 0.08669, "eta_hours_std": 0.00663, "loss": 0.67236, "loss_std": 0.01544, "lr": 0.00029, "lr_std": 0.0, "params": 5289.0, "params_std": 0.0, "time_iter": 0.06762, "time_iter_std": 0.00366, "accuracy": 0.577, "accuracy_std": 0.04511, "accuracy_max": 0.63, "precision": 0.59372, "precision_std": 0.05539, "recall": 0.65316, "recall_std": 0.20375, "f1": 0.59996, "f1_std": 0.04851, "auc": 0.59338, "auc_std": 0.06521}
{"epoch": 65, "time_epoch": 8.4793, "time_epoch_std": 0.48131, "eta": 302.93099, "eta_std": 22.98448, "eta_hours": 0.08415, "eta_hours_std": 0.00639, "loss": 0.67532, "loss_std": 0.01046, "lr": 0.00027, "lr_std": 0.0, "params": 5289.0, "params_std": 0.0, "time_iter": 0.06784, "time_iter_std": 0.00385, "accuracy": 0.572, "accuracy_std": 0.04087, "accuracy_max": 0.608, "precision": 0.58906, "precision_std": 0.04838, "recall": 0.63933, "recall_std": 0.21576, "f1": 0.58935, "f1_std": 0.06046, "auc": 0.58573, "auc_std": 0.06171}
{"epoch": 66, "time_epoch": 8.48898, "time_epoch_std": 0.53254, "eta": 293.81402, "eta_std": 22.12394, "eta_hours": 0.08161, "eta_hours_std": 0.00615, "loss": 0.67295, "loss_std": 0.014, "lr": 0.00026, "lr_std": 0.0, "params": 5289.0, "params_std": 0.0, "time_iter": 0.06791, "time_iter_std": 0.00426, "accuracy": 0.5755, "accuracy_std": 0.04442, "accuracy_max": 0.626, "precision": 0.5932, "precision_std": 0.0532, "recall": 0.64624, "recall_std": 0.20849, "f1": 0.59542, "f1_std": 0.05427, "auc": 0.59172, "auc_std": 0.0719}
{"epoch": 67, "time_epoch": 8.43264, "time_epoch_std": 0.42604, "eta": 284.689, "eta_std": 21.24665, "eta_hours": 0.07908, "eta_hours_std": 0.0059, "loss": 0.6735, "loss_std": 0.01338, "lr": 0.00025, "lr_std": 0.0, "params": 5289.0, "params_std": 0.0, "time_iter": 0.06746, "time_iter_std": 0.00341, "accuracy": 0.574, "accuracy_std": 0.03663, "accuracy_max": 0.602, "precision": 0.58975, "precision_std": 0.04688, "recall": 0.64526, "recall_std": 0.20994, "f1": 0.59373, "f1_std": 0.05344, "auc": 0.58334, "auc_std": 0.07545}
{"epoch": 68, "time_epoch": 8.52999, "time_epoch_std": 0.59531, "eta": 275.62779, "eta_std": 20.4417, "eta_hours": 0.07656, "eta_hours_std": 0.00568, "loss": 0.67456, "loss_std": 0.01148, "lr": 0.00023, "lr_std": 0.0, "params": 5289.0, "params_std": 0.0, "time_iter": 0.06824, "time_iter_std": 0.00476, "accuracy": 0.564, "accuracy_std": 0.03982, "accuracy_max": 0.602, "precision": 0.57873, "precision_std": 0.04504, "recall": 0.6334, "recall_std": 0.21788, "f1": 0.58188, "f1_std": 0.06612, "auc": 0.58597, "auc_std": 0.06701}
{"epoch": 69, "time_epoch": 8.48253, "time_epoch_std": 0.59722, "eta": 266.56142, "eta_std": 19.63878, "eta_hours": 0.07404, "eta_hours_std": 0.00546, "loss": 0.6708, "loss_std": 0.01666, "lr": 0.00022, "lr_std": 0.0, "params": 5289.0, "params_std": 0.0, "time_iter": 0.06786, "time_iter_std": 0.00478, "accuracy": 0.5805, "accuracy_std": 0.04983, "accuracy_max": 0.644, "precision": 0.6013, "precision_std": 0.05978, "recall": 0.64032, "recall_std": 0.21624, "f1": 0.59497, "f1_std": 0.06251, "auc": 0.58443, "auc_std": 0.07532}
{"epoch": 70, "time_epoch": 10.77482, "time_epoch_std": 4.46021, "eta": 258.44778, "eta_std": 20.00193, "eta_hours": 0.07179, "eta_hours_std": 0.00555, "loss": 0.68098, "loss_std": 0.01063, "lr": 0.00021, "lr_std": 0.0, "params": 5289.0, "params_std": 0.0, "time_iter": 0.0862, "time_iter_std": 0.03568, "accuracy": 0.568, "accuracy_std": 0.04739, "accuracy_max": 0.616, "precision": 0.58443, "precision_std": 0.05335, "recall": 0.62648, "recall_std": 0.22885, "f1": 0.57948, "f1_std": 0.07921, "auc": 0.57876, "auc_std": 0.06823}
{"epoch": 71, "time_epoch": 11.02933, "time_epoch_std": 4.87387, "eta": 250.3592, "eta_std": 20.47029, "eta_hours": 0.06955, "eta_hours_std": 0.00569, "loss": 0.67147, "loss_std": 0.01301, "lr": 0.00019, "lr_std": 0.0, "params": 5289.0, "params_std": 0.0, "time_iter": 0.08824, "time_iter_std": 0.03899, "accuracy": 0.578, "accuracy_std": 0.04292, "accuracy_max": 0.616, "precision": 0.59618, "precision_std": 0.0526, "recall": 0.64921, "recall_std": 0.21185, "f1": 0.59726, "f1_std": 0.05647, "auc": 0.59721, "auc_std": 0.06615}
{"epoch": 72, "time_epoch": 10.08912, "time_epoch_std": 3.27299, "eta": 241.84229, "eta_std": 20.41199, "eta_hours": 0.06718, "eta_hours_std": 0.00567, "loss": 0.66585, "loss_std": 0.01697, "lr": 0.00018, "lr_std": 0.0, "params": 5289.0, "params_std": 0.0, "time_iter": 0.08072, "time_iter_std": 0.02618, "accuracy": 0.582, "accuracy_std": 0.0455, "accuracy_max": 0.62, "precision": 0.60009, "precision_std": 0.05433, "recall": 0.65316, "recall_std": 0.20751, "f1": 0.60206, "f1_std": 0.05229, "auc": 0.597, "auc_std": 0.07426}
{"epoch": 73, "time_epoch": 9.79594, "time_epoch_std": 2.75126, "eta": 233.1799, "eta_std": 20.15771, "eta_hours": 0.06477, "eta_hours_std": 0.0056, "loss": 0.66884, "loss_std": 0.01927, "lr": 0.00017, "lr_std": 0.0, "params": 5289.0, "params_std": 0.0, "time_iter": 0.07837, "time_iter_std": 0.02201, "accuracy": 0.576, "accuracy_std": 0.046, "accuracy_max": 0.634, "precision": 0.59017, "precision_std": 0.05206, "recall": 0.6581, "recall_std": 0.20931, "f1": 0.59978, "f1_std": 0.0609, "auc": 0.59416, "auc_std": 0.07375}
{"epoch": 74, "time_epoch": 9.19012, "time_epoch_std": 1.70849, "eta": 224.28532, "eta_std": 19.58171, "eta_hours": 0.0623, "eta_hours_std": 0.00544, "loss": 0.66541, "loss_std": 0.02024, "lr": 0.00016, "lr_std": 0.0, "params": 5289.0, "params_std": 0.0, "time_iter": 0.07352, "time_iter_std": 0.01367, "accuracy": 0.5795, "accuracy_std": 0.05322, "accuracy_max": 0.636, "precision": 0.59855, "precision_std": 0.06006, "recall": 0.63735, "recall_std": 0.22242, "f1": 0.59195, "f1_std": 0.07397, "auc": 0.61374, "auc_std": 0.05529}
{"epoch": 75, "time_epoch": 8.05766, "time_epoch_std": 0.29941, "eta": 215.02536, "eta_std": 18.46623, "eta_hours": 0.05973, "eta_hours_std": 0.00513, "loss": 0.67836, "loss_std": 0.02016, "lr": 0.00015, "lr_std": 0.0, "params": 5289.0, "params_std": 0.0, "time_iter": 0.06446, "time_iter_std": 0.0024, "accuracy": 0.5655, "accuracy_std": 0.04006, "accuracy_max": 0.618, "precision": 0.57896, "precision_std": 0.04559, "recall": 0.64328, "recall_std": 0.21472, "f1": 0.5872, "f1_std": 0.06357, "auc": 0.59856, "auc_std": 0.04802}
{"epoch": 76, "time_epoch": 8.16406, "time_epoch_std": 0.23426, "eta": 205.8284, "eta_std": 17.4008, "eta_hours": 0.05717, "eta_hours_std": 0.00483, "loss": 0.66827, "loss_std": 0.02223, "lr": 0.00014, "lr_std": 0.0, "params": 5289.0, "params_std": 0.0, "time_iter": 0.06531, "time_iter_std": 0.00187, "accuracy": 0.576, "accuracy_std": 0.0487, "accuracy_max": 0.634, "precision": 0.59093, "precision_std": 0.05405, "recall": 0.64921, "recall_std": 0.21335, "f1": 0.59596, "f1_std": 0.06565, "auc": 0.61208, "auc_std": 0.05467}
{"epoch": 77, "time_epoch": 8.06271, "time_epoch_std": 0.23918, "eta": 196.62934, "eta_std": 16.36823, "eta_hours": 0.05462, "eta_hours_std": 0.00455, "loss": 0.67313, "loss_std": 0.01306, "lr": 0.00012, "lr_std": 0.0, "params": 5289.0, "params_std": 0.0, "time_iter": 0.0645, "time_iter_std": 0.00191, "accuracy": 0.576, "accuracy_std": 0.05058, "accuracy_max": 0.636, "precision": 0.59356, "precision_std": 0.05623, "recall": 0.63735, "recall_std": 0.22388, "f1": 0.58935, "f1_std": 0.07573, "auc": 0.62069, "auc_std": 0.03854}
{"epoch": 78, "time_epoch": 8.06923, "time_epoch_std": 0.23476, "eta": 187.46079, "eta_std": 15.3688, "eta_hours": 0.05207, "eta_hours_std": 0.00427, "loss": 0.67414, "loss_std": 0.01359, "lr": 0.00011, "lr_std": 0.0, "params": 5289.0, "params_std": 0.0, "time_iter": 0.06456, "time_iter_std": 0.00188, "accuracy": 0.5785, "accuracy_std": 0.0471, "accuracy_max": 0.636, "precision": 0.59529, "precision_std": 0.05446, "recall": 0.6502, "recall_std": 0.20987, "f1": 0.59852, "f1_std": 0.05794, "auc": 0.60946, "auc_std": 0.03825}
{"epoch": 79, "time_epoch": 7.93592, "time_epoch_std": 0.33422, "eta": 178.28639, "eta_std": 14.38529, "eta_hours": 0.04952, "eta_hours_std": 0.00399, "loss": 0.66703, "loss_std": 0.02154, "lr": 0.0001, "lr_std": 0.0, "params": 5289.0, "params_std": 0.0, "time_iter": 0.06349, "time_iter_std": 0.00267, "accuracy": 0.575, "accuracy_std": 0.05049, "accuracy_max": 0.65, "precision": 0.59392, "precision_std": 0.05798, "recall": 0.63438, "recall_std": 0.22135, "f1": 0.5879, "f1_std": 0.07337, "auc": 0.62918, "auc_std": 0.04221}
{"epoch": 80, "time_epoch": 7.9601, "time_epoch_std": 0.15912, "eta": 169.14824, "eta_std": 13.46909, "eta_hours": 0.04698, "eta_hours_std": 0.00374, "loss": 0.66957, "loss_std": 0.02428, "lr": 0.0001, "lr_std": 0.0, "params": 5289.0, "params_std": 0.0, "time_iter": 0.06368, "time_iter_std": 0.00127, "accuracy": 0.579, "accuracy_std": 0.03775, "accuracy_max": 0.636, "precision": 0.59551, "precision_std": 0.05151, "recall": 0.63142, "recall_std": 0.21137, "f1": 0.59014, "f1_std": 0.06563, "auc": 0.63684, "auc_std": 0.02726}
{"epoch": 81, "time_epoch": 7.80864, "time_epoch_std": 0.15181, "eta": 160.00558, "eta_std": 12.61302, "eta_hours": 0.04444, "eta_hours_std": 0.0035, "loss": 0.66396, "loss_std": 0.02032, "lr": 9e-05, "lr_std": 0.0, "params": 5289.0, "params_std": 0.0, "time_iter": 0.06247, "time_iter_std": 0.00122, "accuracy": 0.588, "accuracy_std": 0.0386, "accuracy_max": 0.632, "precision": 0.60382, "precision_std": 0.04993, "recall": 0.62945, "recall_std": 0.18858, "f1": 0.59669, "f1_std": 0.06377, "auc": 0.63669, "auc_std": 0.03092}
{"epoch": 82, "time_epoch": 7.94672, "time_epoch_std": 0.1844, "eta": 150.92334, "eta_std": 11.75509, "eta_hours": 0.04192, "eta_hours_std": 0.00326, "loss": 0.6641, "loss_std": 0.01803, "lr": 8e-05, "lr_std": 0.0, "params": 5289.0, "params_std": 0.0, "time_iter": 0.06357, "time_iter_std": 0.00148, "accuracy": 0.598, "accuracy_std": 0.04459, "accuracy_max": 0.656, "precision": 0.62321, "precision_std": 0.06085, "recall": 0.59881, "recall_std": 0.14711, "f1": 0.5949, "f1_std": 0.04986, "auc": 0.63713, "auc_std": 0.03876}
{"epoch": 83, "time_epoch": 7.9305, "time_epoch_std": 0.1802, "eta": 141.86505, "eta_std": 10.91785, "eta_hours": 0.03941, "eta_hours_std": 0.00303, "loss": 0.66275, "loss_std": 0.01703, "lr": 7e-05, "lr_std": 0.0, "params": 5289.0, "params_std": 0.0, "time_iter": 0.06344, "time_iter_std": 0.00144, "accuracy": 0.594, "accuracy_std": 0.03234, "accuracy_max": 0.634, "precision": 0.61275, "precision_std": 0.04497, "recall": 0.58893, "recall_std": 0.12938, "f1": 0.5889, "f1_std": 0.05136, "auc": 0.64085, "auc_std": 0.0233}
{"epoch": 84, "time_epoch": 7.92782, "time_epoch_std": 0.17831, "eta": 132.83283, "eta_std": 10.10251, "eta_hours": 0.0369, "eta_hours_std": 0.00281, "loss": 0.67085, "loss_std": 0.01426, "lr": 6e-05, "lr_std": 0.0, "params": 5289.0, "params_std": 0.0, "time_iter": 0.06342, "time_iter_std": 0.00143, "accuracy": 0.591, "accuracy_std": 0.03841, "accuracy_max": 0.642, "precision": 0.60496, "precision_std": 0.04435, "recall": 0.57905, "recall_std": 0.1264, "f1": 0.58276, "f1_std": 0.06608, "auc": 0.62701, "auc_std": 0.03013}
{"epoch": 85, "time_epoch": 7.9267, "time_epoch_std": 0.17778, "eta": 123.8261, "eta_std": 9.30642, "eta_hours": 0.03439, "eta_hours_std": 0.00258, "loss": 0.66473, "loss_std": 0.01901, "lr": 5e-05, "lr_std": 0.0, "params": 5289.0, "params_std": 0.0, "time_iter": 0.06341, "time_iter_std": 0.00142, "accuracy": 0.5965, "accuracy_std": 0.02681, "accuracy_max": 0.626, "precision": 0.61199, "precision_std": 0.0328, "recall": 0.56818, "recall_std": 0.10622, "f1": 0.58297, "f1_std": 0.05491, "auc": 0.64068, "auc_std": 0.03621}
{"epoch": 86, "time_epoch": 7.92939, "time_epoch_std": 0.18597, "eta": 114.8446, "eta_std": 8.53104, "eta_hours": 0.0319, "eta_hours_std": 0.00237, "loss": 0.66189, "loss_std": 0.02086, "lr": 5e-05, "lr_std": 0.0, "params": 5289.0, "params_std": 0.0, "time_iter": 0.06343, "time_iter_std": 0.00149, "accuracy": 0.6, "accuracy_std": 0.02506, "accuracy_max": 0.634, "precision": 0.61707, "precision_std": 0.03585, "recall": 0.57609, "recall_std": 0.0974, "f1": 0.58955, "f1_std": 0.04295, "auc": 0.64254, "auc_std": 0.02972}
{"epoch": 87, "time_epoch": 7.92844, "time_epoch_std": 0.18284, "eta": 105.88689, "eta_std": 7.77465, "eta_hours": 0.02941, "eta_hours_std": 0.00216, "loss": 0.6758, "loss_std": 0.00773, "lr": 4e-05, "lr_std": 0.0, "params": 5289.0, "params_std": 0.0, "time_iter": 0.06342, "time_iter_std": 0.00146, "accuracy": 0.5995, "accuracy_std": 0.01571, "accuracy_max": 0.618, "precision": 0.62006, "precision_std": 0.02688, "recall": 0.55731, "recall_std": 0.0985, "f1": 0.58054, "f1_std": 0.04533, "auc": 0.63208, "auc_std": 0.01592}
{"epoch": 88, "time_epoch": 7.9076, "time_epoch_std": 0.15721, "eta": 96.94973, "eta_std": 7.03716, "eta_hours": 0.02693, "eta_hours_std": 0.00196, "loss": 0.67527, "loss_std": 0.00809, "lr": 4e-05, "lr_std": 0.0, "params": 5289.0, "params_std": 0.0, "time_iter": 0.06326, "time_iter_std": 0.00126, "accuracy": 0.5835, "accuracy_std": 0.01052, "accuracy_max": 0.594, "precision": 0.60027, "precision_std": 0.02496, "recall": 0.5504, "recall_std": 0.07867, "f1": 0.56942, "f1_std": 0.03244, "auc": 0.62101, "auc_std": 0.01504}
{"epoch": 89, "time_epoch": 7.92213, "time_epoch_std": 0.17622, "eta": 88.03706, "eta_std": 6.31727, "eta_hours": 0.02446, "eta_hours_std": 0.00175, "loss": 0.65823, "loss_std": 0.02218, "lr": 3e-05, "lr_std": 0.0, "params": 5289.0, "params_std": 0.0, "time_iter": 0.06338, "time_iter_std": 0.00141, "accuracy": 0.612, "accuracy_std": 0.02939, "accuracy_max": 0.644, "precision": 0.63496, "precision_std": 0.03591, "recall": 0.5583, "recall_std": 0.09187, "f1": 0.58924, "f1_std": 0.05343, "auc": 0.6515, "auc_std": 0.0412}
{"epoch": 90, "time_epoch": 7.94725, "time_epoch_std": 0.19445, "eta": 79.14865, "eta_std": 5.61501, "eta_hours": 0.02198, "eta_hours_std": 0.00156, "loss": 0.66416, "loss_std": 0.01539, "lr": 2e-05, "lr_std": 0.0, "params": 5289.0, "params_std": 0.0, "time_iter": 0.06357, "time_iter_std": 0.00156, "accuracy": 0.603, "accuracy_std": 0.0278, "accuracy_max": 0.642, "precision": 0.61922, "precision_std": 0.03092, "recall": 0.5672, "recall_std": 0.08998, "f1": 0.58768, "f1_std": 0.05184, "auc": 0.64235, "auc_std": 0.02322}
{"epoch": 91, "time_epoch": 7.93533, "time_epoch_std": 0.18118, "eta": 70.27967, "eta_std": 4.93018, "eta_hours": 0.01952, "eta_hours_std": 0.00137, "loss": 0.6624, "loss_std": 0.02459, "lr": 2e-05, "lr_std": 0.0, "params": 5289.0, "params_std": 0.0, "time_iter": 0.06348, "time_iter_std": 0.00145, "accuracy": 0.6065, "accuracy_std": 0.02858, "accuracy_max": 0.65, "precision": 0.62849, "precision_std": 0.03893, "recall": 0.55632, "recall_std": 0.07349, "f1": 0.58651, "f1_std": 0.04203, "auc": 0.63926, "auc_std": 0.03466}
{"epoch": 92, "time_epoch": 7.93493, "time_epoch_std": 0.18784, "eta": 61.43073, "eta_std": 4.26124, "eta_hours": 0.01706, "eta_hours_std": 0.00118, "loss": 0.66841, "loss_std": 0.01915, "lr": 2e-05, "lr_std": 0.0, "params": 5289.0, "params_std": 0.0, "time_iter": 0.06348, "time_iter_std": 0.0015, "accuracy": 0.603, "accuracy_std": 0.02802, "accuracy_max": 0.636, "precision": 0.62064, "precision_std": 0.02706, "recall": 0.55534, "recall_std": 0.0899, "f1": 0.58225, "f1_std": 0.05671, "auc": 0.6276, "auc_std": 0.03735}
{"epoch": 93, "time_epoch": 7.94211, "time_epoch_std": 0.17426, "eta": 52.60169, "eta_std": 3.60758, "eta_hours": 0.01461, "eta_hours_std": 0.001, "loss": 0.66387, "loss_std": 0.01656, "lr": 1e-05, "lr_std": 0.0, "params": 5289.0, "params_std": 0.0, "time_iter": 0.06354, "time_iter_std": 0.00139, "accuracy": 0.603, "accuracy_std": 0.01487, "accuracy_max": 0.624, "precision": 0.62441, "precision_std": 0.02645, "recall": 0.55533, "recall_std": 0.08069, "f1": 0.58302, "f1_std": 0.03964, "auc": 0.64772, "auc_std": 0.01979}
{"epoch": 94, "time_epoch": 7.92164, "time_epoch_std": 0.17602, "eta": 43.79025, "eta_std": 2.97031, "eta_hours": 0.01216, "eta_hours_std": 0.00082, "loss": 0.66828, "loss_std": 0.01599, "lr": 1e-05, "lr_std": 0.0, "params": 5289.0, "params_std": 0.0, "time_iter": 0.06337, "time_iter_std": 0.00141, "accuracy": 0.5935, "accuracy_std": 0.02886, "accuracy_max": 0.624, "precision": 0.61696, "precision_std": 0.03747, "recall": 0.53656, "recall_std": 0.07381, "f1": 0.56955, "f1_std": 0.04168, "auc": 0.62281, "auc_std": 0.04013}
{"epoch": 95, "time_epoch": 7.93222, "time_epoch_std": 0.1773, "eta": 34.99779, "eta_std": 2.3484, "eta_hours": 0.00972, "eta_hours_std": 0.00065, "loss": 0.67053, "loss_std": 0.01392, "lr": 1e-05, "lr_std": 0.0, "params": 5289.0, "params_std": 0.0, "time_iter": 0.06346, "time_iter_std": 0.00142, "accuracy": 0.6005, "accuracy_std": 0.03918, "accuracy_max": 0.654, "precision": 0.61984, "precision_std": 0.04505, "recall": 0.55534, "recall_std": 0.0841, "f1": 0.58176, "f1_std": 0.05523, "auc": 0.62806, "auc_std": 0.03344}
{"epoch": 96, "time_epoch": 7.93757, "time_epoch_std": 0.18174, "eta": 26.22324, "eta_std": 1.74066, "eta_hours": 0.00728, "eta_hours_std": 0.00048, "loss": 0.6748, "loss_std": 0.01074, "lr": 0.0, "lr_std": 0.0, "params": 5289.0, "params_std": 0.0, "time_iter": 0.0635, "time_iter_std": 0.00145, "accuracy": 0.602, "accuracy_std": 0.01562, "accuracy_max": 0.628, "precision": 0.62299, "precision_std": 0.01973, "recall": 0.54743, "recall_std": 0.07528, "f1": 0.57928, "f1_std": 0.03997, "auc": 0.6258, "auc_std": 0.02841}
{"epoch": 97, "time_epoch": 7.93698, "time_epoch_std": 0.17551, "eta": 17.46574, "eta_std": 1.14719, "eta_hours": 0.00485, "eta_hours_std": 0.00032, "loss": 0.66659, "loss_std": 0.01084, "lr": 0.0, "lr_std": 0.0, "params": 5289.0, "params_std": 0.0, "time_iter": 0.0635, "time_iter_std": 0.00141, "accuracy": 0.5945, "accuracy_std": 0.02594, "accuracy_max": 0.638, "precision": 0.6136, "precision_std": 0.03047, "recall": 0.54842, "recall_std": 0.0925, "f1": 0.57378, "f1_std": 0.0536, "auc": 0.63161, "auc_std": 0.02019}
{"epoch": 98, "time_epoch": 7.93607, "time_epoch_std": 0.18508, "eta": 8.72482, "eta_std": 0.56701, "eta_hours": 0.00242, "eta_hours_std": 0.00016, "loss": 0.67157, "loss_std": 0.01534, "lr": 0.0, "lr_std": 0.0, "params": 5289.0, "params_std": 0.0, "time_iter": 0.06349, "time_iter_std": 0.00148, "accuracy": 0.602, "accuracy_std": 0.01288, "accuracy_max": 0.622, "precision": 0.62483, "precision_std": 0.01846, "recall": 0.5415, "recall_std": 0.06954, "f1": 0.57691, "f1_std": 0.03705, "auc": 0.63438, "auc_std": 0.01436}
{"epoch": 99, "time_epoch": 7.93656, "time_epoch_std": 0.17552, "eta": 0.0, "eta_std": 0.0, "eta_hours": 0.0, "eta_hours_std": 0.0, "loss": 0.67195, "loss_std": 0.01009, "lr": 0.0, "lr_std": 0.0, "params": 5289.0, "params_std": 0.0, "time_iter": 0.06349, "time_iter_std": 0.00141, "accuracy": 0.5975, "accuracy_std": 0.01627, "accuracy_max": 0.62, "precision": 0.61434, "precision_std": 0.01602, "recall": 0.55435, "recall_std": 0.08288, "f1": 0.57888, "f1_std": 0.04705, "auc": 0.63215, "auc_std": 0.02186}
