{"epoch": 0, "time_epoch": 23.45824, "eta": 2322.36607, "eta_hours": 0.6451, "loss": 0.67620682, "lr": 0.001, "params": 6697, "time_iter": 0.15958, "accuracy": 0.57313, "precision": 0.48958, "recall": 0.77366, "f1": 0.59968, "auc": 0.63263}
{"epoch": 1, "time_epoch": 11.55662, "eta": 1715.7285, "eta_hours": 0.47659, "loss": 0.60142621, "lr": 0.00099975, "params": 6697, "time_iter": 0.07862, "accuracy": 0.67347, "precision": 0.67347, "recall": 0.40741, "f1": 0.50769, "auc": 0.70734}
{"epoch": 2, "time_epoch": 11.53912, "eta": 1505.24557, "eta_hours": 0.41812, "loss": 0.57061508, "lr": 0.00099901, "params": 6697, "time_iter": 0.0785, "accuracy": 0.71769, "precision": 0.72515, "recall": 0.51029, "f1": 0.59903, "auc": 0.7612}
{"epoch": 3, "time_epoch": 11.54322, "eta": 1394.33304, "eta_hours": 0.38731, "loss": 0.57275393, "lr": 0.00099778, "params": 6697, "time_iter": 0.07853, "accuracy": 0.71769, "precision": 0.71751, "recall": 0.52263, "f1": 0.60476, "auc": 0.76053}
{"epoch": 4, "time_epoch": 11.62563, "eta": 1324.734, "eta_hours": 0.36798, "loss": 0.56093592, "lr": 0.00099606, "params": 6697, "time_iter": 0.07909, "accuracy": 0.7534, "precision": 0.7663, "recall": 0.58025, "f1": 0.66042, "auc": 0.77032}
{"epoch": 5, "time_epoch": 9.47281, "eta": 1240.73192, "eta_hours": 0.34465, "loss": 0.58206613, "lr": 0.00099384, "params": 6697, "time_iter": 0.06444, "accuracy": 0.71429, "precision": 0.73006, "recall": 0.48971, "f1": 0.58621, "auc": 0.75198}
{"epoch": 6, "time_epoch": 9.59901, "eta": 1179.70053, "eta_hours": 0.32769, "loss": 0.54780862, "lr": 0.00099114, "params": 6697, "time_iter": 0.0653, "accuracy": 0.7381, "precision": 0.73545, "recall": 0.57202, "f1": 0.64352, "auc": 0.80301}
{"epoch": 7, "time_epoch": 9.62445, "eta": 1131.81985, "eta_hours": 0.31439, "loss": 0.57079712, "lr": 0.00098796, "params": 6697, "time_iter": 0.06547, "accuracy": 0.7551, "precision": 0.75385, "recall": 0.60494, "f1": 0.67123, "auc": 0.77352}
{"epoch": 8, "time_epoch": 9.6189, "eta": 1092.38439, "eta_hours": 0.30344, "loss": 0.58762502, "lr": 0.00098429, "params": 6697, "time_iter": 0.06543, "accuracy": 0.73639, "precision": 0.76506, "recall": 0.52263, "f1": 0.62103, "auc": 0.74979}
{"epoch": 9, "time_epoch": 9.62036, "eta": 1058.92538, "eta_hours": 0.29415, "loss": 0.56778913, "lr": 0.00098015, "params": 6697, "time_iter": 0.06544, "accuracy": 0.7534, "precision": 0.7402, "recall": 0.6214, "f1": 0.67562, "auc": 0.77695}
{"epoch": 10, "time_epoch": 9.60062, "eta": 1029.64094, "eta_hours": 0.28601, "loss": 0.54983637, "lr": 0.00097553, "params": 6697, "time_iter": 0.06531, "accuracy": 0.7517, "precision": 0.7513, "recall": 0.59671, "f1": 0.66514, "auc": 0.79901}
{"epoch": 11, "time_epoch": 9.5894, "eta": 1003.55487, "eta_hours": 0.27877, "loss": 0.55854613, "lr": 0.00097044, "params": 6697, "time_iter": 0.06523, "accuracy": 0.7415, "precision": 0.73575, "recall": 0.58436, "f1": 0.65138, "auc": 0.78499}
{"epoch": 12, "time_epoch": 9.63993, "eta": 980.34494, "eta_hours": 0.27232, "loss": 0.5684478, "lr": 0.00096489, "params": 6697, "time_iter": 0.06558, "accuracy": 0.7415, "precision": 0.73822, "recall": 0.58025, "f1": 0.64977, "auc": 0.7689}
{"epoch": 13, "time_epoch": 9.57301, "eta": 958.66248, "eta_hours": 0.2663, "loss": 0.54862688, "lr": 0.00095888, "params": 6697, "time_iter": 0.06512, "accuracy": 0.7449, "precision": 0.72038, "recall": 0.62551, "f1": 0.6696, "auc": 0.79413}
{"epoch": 14, "time_epoch": 9.51671, "eta": 938.27558, "eta_hours": 0.26063, "loss": 0.57446892, "lr": 0.00095241, "params": 6697, "time_iter": 0.06474, "accuracy": 0.7432, "precision": 0.73469, "recall": 0.59259, "f1": 0.65604, "auc": 0.7611}
{"epoch": 15, "time_epoch": 9.56528, "eta": 919.50245, "eta_hours": 0.25542, "loss": 0.53437913, "lr": 0.0009455, "params": 6697, "time_iter": 0.06507, "accuracy": 0.7398, "precision": 0.72727, "recall": 0.59259, "f1": 0.65306, "auc": 0.80487}
{"epoch": 16, "time_epoch": 9.6292, "eta": 902.12467, "eta_hours": 0.25059, "loss": 0.58166611, "lr": 0.00093815, "params": 6697, "time_iter": 0.0655, "accuracy": 0.72109, "precision": 0.70051, "recall": 0.5679, "f1": 0.62727, "auc": 0.77352}
{"epoch": 17, "time_epoch": 9.60753, "eta": 885.50913, "eta_hours": 0.24597, "loss": 0.54562238, "lr": 0.00093037, "params": 6697, "time_iter": 0.06536, "accuracy": 0.7483, "precision": 0.72093, "recall": 0.63786, "f1": 0.67686, "auc": 0.79157}
{"epoch": 18, "time_epoch": 9.60247, "eta": 869.60972, "eta_hours": 0.24156, "loss": 0.55967843, "lr": 0.00092216, "params": 6697, "time_iter": 0.06532, "accuracy": 0.7551, "precision": 0.74874, "recall": 0.61317, "f1": 0.67421, "auc": 0.77908}
{"epoch": 19, "time_epoch": 9.6009, "eta": 854.33372, "eta_hours": 0.23731, "loss": 0.55030185, "lr": 0.00091354, "params": 6697, "time_iter": 0.06531, "accuracy": 0.7449, "precision": 0.74866, "recall": 0.57613, "f1": 0.65116, "auc": 0.79082}
{"epoch": 20, "time_epoch": 9.62599, "eta": 839.69258, "eta_hours": 0.23325, "loss": 0.55876436, "lr": 0.00090451, "params": 6697, "time_iter": 0.06548, "accuracy": 0.7483, "precision": 0.73632, "recall": 0.60905, "f1": 0.66667, "auc": 0.78492}
{"epoch": 21, "time_epoch": 9.58518, "eta": 825.36268, "eta_hours": 0.22927, "loss": 0.54588072, "lr": 0.00089508, "params": 6697, "time_iter": 0.06521, "accuracy": 0.7449, "precision": 0.73134, "recall": 0.60494, "f1": 0.66216, "auc": 0.79563}
{"epoch": 22, "time_epoch": 9.60826, "eta": 811.52262, "eta_hours": 0.22542, "loss": 0.56679484, "lr": 0.00088526, "params": 6697, "time_iter": 0.06536, "accuracy": 0.72789, "precision": 0.70244, "recall": 0.59259, "f1": 0.64286, "auc": 0.77056}
{"epoch": 23, "time_epoch": 9.59585, "eta": 797.99594, "eta_hours": 0.22167, "loss": 0.54955052, "lr": 0.00087506, "params": 6697, "time_iter": 0.06528, "accuracy": 0.73129, "precision": 0.72973, "recall": 0.55556, "f1": 0.63084, "auc": 0.79159}
{"epoch": 24, "time_epoch": 9.50011, "eta": 784.49647, "eta_hours": 0.21792, "loss": 0.57116833, "lr": 0.00086448, "params": 6697, "time_iter": 0.06463, "accuracy": 0.72619, "precision": 0.71354, "recall": 0.56379, "f1": 0.62989, "auc": 0.77253}
{"epoch": 25, "time_epoch": 9.5105, "eta": 771.33422, "eta_hours": 0.21426, "loss": 0.54712244, "lr": 0.00085355, "params": 6697, "time_iter": 0.0647, "accuracy": 0.7432, "precision": 0.71905, "recall": 0.6214, "f1": 0.66667, "auc": 0.78789}
{"epoch": 26, "time_epoch": 9.48289, "eta": 758.36783, "eta_hours": 0.21066, "loss": 0.5581147, "lr": 0.00084227, "params": 6697, "time_iter": 0.06451, "accuracy": 0.73299, "precision": 0.73118, "recall": 0.55967, "f1": 0.63403, "auc": 0.78575}
{"epoch": 27, "time_epoch": 9.42134, "eta": 745.49198, "eta_hours": 0.20708, "loss": 0.54017097, "lr": 0.00083066, "params": 6697, "time_iter": 0.06409, "accuracy": 0.7517, "precision": 0.75661, "recall": 0.58848, "f1": 0.66204, "auc": 0.80132}
{"epoch": 28, "time_epoch": 9.49114, "eta": 733.02526, "eta_hours": 0.20362, "loss": 0.54130464, "lr": 0.00081871, "params": 6697, "time_iter": 0.06457, "accuracy": 0.76871, "precision": 0.77436, "recall": 0.6214, "f1": 0.6895, "auc": 0.80986}
{"epoch": 29, "time_epoch": 9.52069, "eta": 720.82586, "eta_hours": 0.20023, "loss": 0.54899779, "lr": 0.00080645, "params": 6697, "time_iter": 0.06477, "accuracy": 0.7517, "precision": 0.74129, "recall": 0.61317, "f1": 0.67117, "auc": 0.80245}
{"epoch": 30, "time_epoch": 9.49737, "eta": 708.74739, "eta_hours": 0.19687, "loss": 0.51249997, "lr": 0.00079389, "params": 6697, "time_iter": 0.06461, "accuracy": 0.7466, "precision": 0.74479, "recall": 0.58848, "f1": 0.65747, "auc": 0.81938}
{"epoch": 31, "time_epoch": 9.4977, "eta": 696.83094, "eta_hours": 0.19356, "loss": 0.52952369, "lr": 0.00078104, "params": 6697, "time_iter": 0.06461, "accuracy": 0.7602, "precision": 0.75248, "recall": 0.62551, "f1": 0.68315, "auc": 0.81919}
{"epoch": 32, "time_epoch": 9.43778, "eta": 684.93943, "eta_hours": 0.19026, "loss": 0.52885481, "lr": 0.00076791, "params": 6697, "time_iter": 0.0642, "accuracy": 0.76701, "precision": 0.78495, "recall": 0.60082, "f1": 0.68065, "auc": 0.81038}
{"epoch": 33, "time_epoch": 9.53253, "eta": 673.37618, "eta_hours": 0.18705, "loss": 0.51637906, "lr": 0.00075452, "params": 6697, "time_iter": 0.06485, "accuracy": 0.77721, "precision": 0.78571, "recall": 0.63374, "f1": 0.70159, "auc": 0.82889}
{"epoch": 34, "time_epoch": 9.5819, "eta": 662.02066, "eta_hours": 0.18389, "loss": 0.51190479, "lr": 0.00074088, "params": 6697, "time_iter": 0.06518, "accuracy": 0.76871, "precision": 0.74654, "recall": 0.66667, "f1": 0.70435, "auc": 0.82884}
{"epoch": 35, "time_epoch": 9.48658, "eta": 650.59421, "eta_hours": 0.18072, "loss": 0.51161573, "lr": 0.000727, "params": 6697, "time_iter": 0.06453, "accuracy": 0.78061, "precision": 0.76887, "recall": 0.67078, "f1": 0.71648, "auc": 0.8345}
{"epoch": 36, "time_epoch": 9.38315, "eta": 639.09652, "eta_hours": 0.17753, "loss": 0.52168514, "lr": 0.00071289, "params": 6697, "time_iter": 0.06383, "accuracy": 0.77041, "precision": 0.76214, "recall": 0.64609, "f1": 0.69933, "auc": 0.82469}
{"epoch": 37, "time_epoch": 9.39834, "eta": 627.73489, "eta_hours": 0.17437, "loss": 0.51740952, "lr": 0.00069857, "params": 6697, "time_iter": 0.06393, "accuracy": 0.77721, "precision": 0.79474, "recall": 0.6214, "f1": 0.69746, "auc": 0.81855}
{"epoch": 38, "time_epoch": 9.40235, "eta": 616.48022, "eta_hours": 0.17124, "loss": 0.52236717, "lr": 0.00068406, "params": 6697, "time_iter": 0.06396, "accuracy": 0.7602, "precision": 0.75, "recall": 0.62963, "f1": 0.68456, "auc": 0.82677}
{"epoch": 39, "time_epoch": 9.43732, "eta": 605.37061, "eta_hours": 0.16816, "loss": 0.5091824, "lr": 0.00066937, "params": 6697, "time_iter": 0.0642, "accuracy": 0.76701, "precision": 0.74766, "recall": 0.65844, "f1": 0.70022, "auc": 0.84013}
{"epoch": 40, "time_epoch": 9.47029, "eta": 594.39003, "eta_hours": 0.16511, "loss": 0.51391188, "lr": 0.00065451, "params": 6697, "time_iter": 0.06442, "accuracy": 0.7534, "precision": 0.745, "recall": 0.61317, "f1": 0.67269, "auc": 0.83087}
{"epoch": 41, "time_epoch": 9.49592, "eta": 583.51675, "eta_hours": 0.16209, "loss": 0.52619493, "lr": 0.0006395, "params": 6697, "time_iter": 0.0646, "accuracy": 0.7619, "precision": 0.76963, "recall": 0.60494, "f1": 0.67742, "auc": 0.82455}
{"epoch": 42, "time_epoch": 9.46753, "eta": 572.66991, "eta_hours": 0.15907, "loss": 0.48471194, "lr": 0.00062434, "params": 6697, "time_iter": 0.0644, "accuracy": 0.78231, "precision": 0.77512, "recall": 0.66667, "f1": 0.71681, "auc": 0.85281}
{"epoch": 43, "time_epoch": 9.48818, "eta": 561.91205, "eta_hours": 0.15609, "loss": 0.53296989, "lr": 0.00060907, "params": 6697, "time_iter": 0.06455, "accuracy": 0.75, "precision": 0.72857, "recall": 0.62963, "f1": 0.6755, "auc": 0.82052}
{"epoch": 44, "time_epoch": 9.53293, "eta": 551.26531, "eta_hours": 0.15313, "loss": 0.50373523, "lr": 0.00059369, "params": 6697, "time_iter": 0.06485, "accuracy": 0.77891, "precision": 0.76279, "recall": 0.6749, "f1": 0.71616, "auc": 0.83982}
{"epoch": 45, "time_epoch": 9.53379, "eta": 540.66801, "eta_hours": 0.15019, "loss": 0.49600781, "lr": 0.00057822, "params": 6697, "time_iter": 0.06486, "accuracy": 0.78401, "precision": 0.78155, "recall": 0.66255, "f1": 0.71715, "auc": 0.84659}
{"epoch": 46, "time_epoch": 9.44192, "eta": 530.01237, "eta_hours": 0.14723, "loss": 0.49520569, "lr": 0.00056267, "params": 6697, "time_iter": 0.06423, "accuracy": 0.78061, "precision": 0.79082, "recall": 0.63786, "f1": 0.70615, "auc": 0.84246}
{"epoch": 47, "time_epoch": 9.29966, "eta": 519.25319, "eta_hours": 0.14424, "loss": 0.50851876, "lr": 0.00054705, "params": 6697, "time_iter": 0.06326, "accuracy": 0.76361, "precision": 0.76, "recall": 0.62551, "f1": 0.68623, "auc": 0.83934}
{"epoch": 48, "time_epoch": 9.26125, "eta": 508.51359, "eta_hours": 0.14125, "loss": 0.50227317, "lr": 0.0005314, "params": 6697, "time_iter": 0.063, "accuracy": 0.79422, "precision": 0.79327, "recall": 0.67901, "f1": 0.73171, "auc": 0.84283}
{"epoch": 49, "time_epoch": 9.31374, "eta": 497.88562, "eta_hours": 0.1383, "loss": 0.52104148, "lr": 0.00051571, "params": 6697, "time_iter": 0.06336, "accuracy": 0.76871, "precision": 0.75117, "recall": 0.65844, "f1": 0.70175, "auc": 0.83067}
{"epoch": 50, "time_epoch": 9.31993, "eta": 487.31513, "eta_hours": 0.13537, "loss": 0.48786826, "lr": 0.0005, "params": 6697, "time_iter": 0.0634, "accuracy": 0.78571, "precision": 0.77725, "recall": 0.6749, "f1": 0.72247, "auc": 0.84998}
{"epoch": 51, "time_epoch": 9.36937, "eta": 476.83838, "eta_hours": 0.13246, "loss": 0.50830192, "lr": 0.00048429, "params": 6697, "time_iter": 0.06374, "accuracy": 0.77551, "precision": 0.77612, "recall": 0.64198, "f1": 0.7027, "auc": 0.84626}
{"epoch": 52, "time_epoch": 9.25772, "eta": 466.30441, "eta_hours": 0.12953, "loss": 0.51627104, "lr": 0.0004686, "params": 6697, "time_iter": 0.06298, "accuracy": 0.77721, "precision": 0.78571, "recall": 0.63374, "f1": 0.70159, "auc": 0.83519}
{"epoch": 53, "time_epoch": 9.32606, "eta": 455.87592, "eta_hours": 0.12663, "loss": 0.49337929, "lr": 0.00045295, "params": 6697, "time_iter": 0.06344, "accuracy": 0.77381, "precision": 0.75229, "recall": 0.6749, "f1": 0.7115, "auc": 0.84621}
{"epoch": 54, "time_epoch": 9.34169, "eta": 445.50032, "eta_hours": 0.12375, "loss": 0.52225642, "lr": 0.00043733, "params": 6697, "time_iter": 0.06355, "accuracy": 0.78912, "precision": 0.79024, "recall": 0.66667, "f1": 0.72321, "auc": 0.84089}
{"epoch": 55, "time_epoch": 9.44822, "eta": 435.24533, "eta_hours": 0.1209, "loss": 0.5202237, "lr": 0.00042178, "params": 6697, "time_iter": 0.06427, "accuracy": 0.77721, "precision": 0.76415, "recall": 0.66667, "f1": 0.71209, "auc": 0.83781}
{"epoch": 56, "time_epoch": 9.31509, "eta": 424.91823, "eta_hours": 0.11803, "loss": 0.50147666, "lr": 0.00040631, "params": 6697, "time_iter": 0.06337, "accuracy": 0.78912, "precision": 0.78469, "recall": 0.6749, "f1": 0.72566, "auc": 0.85213}
{"epoch": 57, "time_epoch": 9.35216, "eta": 414.65286, "eta_hours": 0.11518, "loss": 0.49346431, "lr": 0.00039093, "params": 6697, "time_iter": 0.06362, "accuracy": 0.78912, "precision": 0.77934, "recall": 0.68313, "f1": 0.72807, "auc": 0.85242}
{"epoch": 58, "time_epoch": 9.34287, "eta": 404.412, "eta_hours": 0.11234, "loss": 0.48903842, "lr": 0.00037566, "params": 6697, "time_iter": 0.06356, "accuracy": 0.80102, "precision": 0.79717, "recall": 0.69547, "f1": 0.74286, "auc": 0.85495}
{"epoch": 59, "time_epoch": 9.36389, "eta": 394.21508, "eta_hours": 0.1095, "loss": 0.49453374, "lr": 0.0003605, "params": 6697, "time_iter": 0.0637, "accuracy": 0.76701, "precision": 0.75728, "recall": 0.64198, "f1": 0.69488, "auc": 0.84918}
{"epoch": 60, "time_epoch": 9.35443, "eta": 384.03942, "eta_hours": 0.10668, "loss": 0.46793421, "lr": 0.00034549, "params": 6697, "time_iter": 0.06364, "accuracy": 0.79252, "precision": 0.7713, "recall": 0.70782, "f1": 0.7382, "auc": 0.86566}
{"epoch": 61, "time_epoch": 9.35205, "eta": 373.8888, "eta_hours": 0.10386, "loss": 0.48728335, "lr": 0.00033063, "params": 6697, "time_iter": 0.06362, "accuracy": 0.79082, "precision": 0.77778, "recall": 0.69136, "f1": 0.73203, "auc": 0.85368}
{"epoch": 62, "time_epoch": 9.3549, "eta": 363.76521, "eta_hours": 0.10105, "loss": 0.50032456, "lr": 0.00031594, "params": 6697, "time_iter": 0.06364, "accuracy": 0.78571, "precision": 0.76959, "recall": 0.68724, "f1": 0.72609, "auc": 0.85796}
{"epoch": 63, "time_epoch": 9.35181, "eta": 353.66389, "eta_hours": 0.09824, "loss": 0.4904926, "lr": 0.00030143, "params": 6697, "time_iter": 0.06362, "accuracy": 0.78571, "precision": 0.78261, "recall": 0.66667, "f1": 0.72, "auc": 0.85745}
{"epoch": 64, "time_epoch": 9.3482, "eta": 343.5837, "eta_hours": 0.09544, "loss": 0.49165483, "lr": 0.00028711, "params": 6697, "time_iter": 0.06359, "accuracy": 0.76531, "precision": 0.74882, "recall": 0.65021, "f1": 0.69604, "auc": 0.85617}
{"epoch": 65, "time_epoch": 9.34746, "eta": 333.5253, "eta_hours": 0.09265, "loss": 0.51842055, "lr": 0.000273, "params": 6697, "time_iter": 0.06359, "accuracy": 0.77211, "precision": 0.76847, "recall": 0.64198, "f1": 0.69955, "auc": 0.84048}
{"epoch": 66, "time_epoch": 9.35979, "eta": 323.4942, "eta_hours": 0.08986, "loss": 0.48640504, "lr": 0.00025912, "params": 6697, "time_iter": 0.06367, "accuracy": 0.77551, "precision": 0.74449, "recall": 0.69547, "f1": 0.71915, "auc": 0.85808}
{"epoch": 67, "time_epoch": 9.32409, "eta": 313.46605, "eta_hours": 0.08707, "loss": 0.46772369, "lr": 0.00024548, "params": 6697, "time_iter": 0.06343, "accuracy": 0.79422, "precision": 0.78774, "recall": 0.68724, "f1": 0.73407, "auc": 0.86583}
{"epoch": 68, "time_epoch": 9.32022, "eta": 303.45656, "eta_hours": 0.08429, "loss": 0.51399025, "lr": 0.00023209, "params": 6697, "time_iter": 0.0634, "accuracy": 0.78231, "precision": 0.79793, "recall": 0.63374, "f1": 0.70642, "auc": 0.84943}
{"epoch": 69, "time_epoch": 9.33702, "eta": 293.47397, "eta_hours": 0.08152, "loss": 0.46987447, "lr": 0.00021896, "params": 6697, "time_iter": 0.06352, "accuracy": 0.80102, "precision": 0.77876, "recall": 0.72428, "f1": 0.75053, "auc": 0.87307}
{"epoch": 70, "time_epoch": 9.31605, "eta": 283.501, "eta_hours": 0.07875, "loss": 0.46427366, "lr": 0.00020611, "params": 6697, "time_iter": 0.06337, "accuracy": 0.78912, "precision": 0.77674, "recall": 0.68724, "f1": 0.72926, "auc": 0.87183}
{"epoch": 71, "time_epoch": 9.29938, "eta": 273.53979, "eta_hours": 0.07598, "loss": 0.45835361, "lr": 0.00019355, "params": 6697, "time_iter": 0.06326, "accuracy": 0.81803, "precision": 0.80631, "recall": 0.73663, "f1": 0.76989, "auc": 0.88012}
{"epoch": 72, "time_epoch": 9.33533, "eta": 263.61001, "eta_hours": 0.07323, "loss": 0.50298466, "lr": 0.00018129, "params": 6697, "time_iter": 0.06351, "accuracy": 0.77211, "precision": 0.75829, "recall": 0.65844, "f1": 0.70485, "auc": 0.86201}
{"epoch": 73, "time_epoch": 9.31606, "eta": 253.68953, "eta_hours": 0.07047, "loss": 0.47940413, "lr": 0.00016934, "params": 6697, "time_iter": 0.06337, "accuracy": 0.80782, "precision": 0.79018, "recall": 0.7284, "f1": 0.75803, "auc": 0.87016}
{"epoch": 74, "time_epoch": 9.32342, "eta": 243.78761, "eta_hours": 0.06772, "loss": 0.50908169, "lr": 0.00015773, "params": 6697, "time_iter": 0.06342, "accuracy": 0.77041, "precision": 0.75, "recall": 0.66667, "f1": 0.70588, "auc": 0.8585}
{"epoch": 75, "time_epoch": 9.34655, "eta": 233.90823, "eta_hours": 0.06497, "loss": 0.50439937, "lr": 0.00014645, "params": 6697, "time_iter": 0.06358, "accuracy": 0.78401, "precision": 0.78431, "recall": 0.65844, "f1": 0.71588, "auc": 0.85512}
{"epoch": 76, "time_epoch": 9.34882, "eta": 224.04336, "eta_hours": 0.06223, "loss": 0.48019555, "lr": 0.00013552, "params": 6697, "time_iter": 0.0636, "accuracy": 0.78741, "precision": 0.76818, "recall": 0.69547, "f1": 0.73002, "auc": 0.86593}
{"epoch": 77, "time_epoch": 9.3742, "eta": 214.19889, "eta_hours": 0.0595, "loss": 0.45537799, "lr": 0.00012494, "params": 6697, "time_iter": 0.06377, "accuracy": 0.79932, "precision": 0.77778, "recall": 0.72016, "f1": 0.74786, "auc": 0.8735}
{"epoch": 78, "time_epoch": 9.36168, "eta": 204.36299, "eta_hours": 0.05677, "loss": 0.45896901, "lr": 0.00011474, "params": 6697, "time_iter": 0.06368, "accuracy": 0.79422, "precision": 0.76293, "recall": 0.7284, "f1": 0.74526, "auc": 0.87636}
{"epoch": 79, "time_epoch": 9.35065, "eta": 194.53619, "eta_hours": 0.05404, "loss": 0.45537456, "lr": 0.00010492, "params": 6697, "time_iter": 0.06361, "accuracy": 0.80612, "precision": 0.80282, "recall": 0.7037, "f1": 0.75, "auc": 0.8819}
{"epoch": 80, "time_epoch": 9.34297, "eta": 184.71934, "eta_hours": 0.05131, "loss": 0.47328282, "lr": 9.549e-05, "params": 6697, "time_iter": 0.06356, "accuracy": 0.81122, "precision": 0.80275, "recall": 0.72016, "f1": 0.75922, "auc": 0.87058}
{"epoch": 81, "time_epoch": 9.42872, "eta": 174.93288, "eta_hours": 0.04859, "loss": 0.47573558, "lr": 8.646e-05, "params": 6697, "time_iter": 0.06414, "accuracy": 0.81803, "precision": 0.80088, "recall": 0.74486, "f1": 0.77186, "auc": 0.87322}
{"epoch": 82, "time_epoch": 9.70538, "eta": 165.2117, "eta_hours": 0.04589, "loss": 0.48998681, "lr": 7.784e-05, "params": 6697, "time_iter": 0.06602, "accuracy": 0.78401, "precision": 0.77103, "recall": 0.67901, "f1": 0.7221, "auc": 0.85904}
{"epoch": 83, "time_epoch": 9.66305, "eta": 155.48283, "eta_hours": 0.04319, "loss": 0.4606889, "lr": 6.963e-05, "params": 6697, "time_iter": 0.06574, "accuracy": 0.80952, "precision": 0.79638, "recall": 0.72428, "f1": 0.75862, "auc": 0.88192}
{"epoch": 84, "time_epoch": 9.68379, "eta": 145.75917, "eta_hours": 0.04049, "loss": 0.52722502, "lr": 6.185e-05, "params": 6697, "time_iter": 0.06588, "accuracy": 0.79082, "precision": 0.76786, "recall": 0.70782, "f1": 0.73662, "auc": 0.84825}
{"epoch": 85, "time_epoch": 9.66251, "eta": 136.03298, "eta_hours": 0.03779, "loss": 0.46523238, "lr": 5.45e-05, "params": 6697, "time_iter": 0.06573, "accuracy": 0.80782, "precision": 0.79279, "recall": 0.72428, "f1": 0.75699, "auc": 0.87607}
{"epoch": 86, "time_epoch": 9.80053, "eta": 126.32887, "eta_hours": 0.03509, "loss": 0.46099701, "lr": 4.759e-05, "params": 6697, "time_iter": 0.06667, "accuracy": 0.79422, "precision": 0.76754, "recall": 0.72016, "f1": 0.7431, "auc": 0.87607}
{"epoch": 87, "time_epoch": 9.84768, "eta": 116.629, "eta_hours": 0.0324, "loss": 0.47037999, "lr": 4.112e-05, "params": 6697, "time_iter": 0.06699, "accuracy": 0.80272, "precision": 0.78475, "recall": 0.72016, "f1": 0.75107, "auc": 0.87372}
{"epoch": 88, "time_epoch": 9.75655, "eta": 106.91455, "eta_hours": 0.0297, "loss": 0.4666164, "lr": 3.511e-05, "params": 6697, "time_iter": 0.06637, "accuracy": 0.79762, "precision": 0.77679, "recall": 0.71605, "f1": 0.74518, "auc": 0.87728}
{"epoch": 89, "time_epoch": 9.79594, "eta": 97.20354, "eta_hours": 0.027, "loss": 0.47685123, "lr": 2.956e-05, "params": 6697, "time_iter": 0.06664, "accuracy": 0.77891, "precision": 0.76777, "recall": 0.66667, "f1": 0.71366, "auc": 0.86914}
{"epoch": 90, "time_epoch": 9.78606, "eta": 87.48968, "eta_hours": 0.0243, "loss": 0.47536495, "lr": 2.447e-05, "params": 6697, "time_iter": 0.06657, "accuracy": 0.80102, "precision": 0.77876, "recall": 0.72428, "f1": 0.75053, "auc": 0.87372}
{"epoch": 91, "time_epoch": 9.77068, "eta": 77.77292, "eta_hours": 0.0216, "loss": 0.47608574, "lr": 1.985e-05, "params": 6697, "time_iter": 0.06647, "accuracy": 0.82313, "precision": 0.81166, "recall": 0.74486, "f1": 0.77682, "auc": 0.87625}
{"epoch": 92, "time_epoch": 9.7776, "eta": 68.05552, "eta_hours": 0.0189, "loss": 0.50906263, "lr": 1.571e-05, "params": 6697, "time_iter": 0.06651, "accuracy": 0.79422, "precision": 0.79048, "recall": 0.68313, "f1": 0.73289, "auc": 0.85859}
{"epoch": 93, "time_epoch": 9.67566, "eta": 58.33033, "eta_hours": 0.0162, "loss": 0.5230009, "lr": 1.204e-05, "params": 6697, "time_iter": 0.06582, "accuracy": 0.7585, "precision": 0.73272, "recall": 0.65432, "f1": 0.6913, "auc": 0.8493}
{"epoch": 94, "time_epoch": 9.78123, "eta": 48.61174, "eta_hours": 0.0135, "loss": 0.47014592, "lr": 8.86e-06, "params": 6697, "time_iter": 0.06654, "accuracy": 0.80612, "precision": 0.79724, "recall": 0.71193, "f1": 0.75217, "auc": 0.87251}
{"epoch": 95, "time_epoch": 9.79968, "eta": 38.89262, "eta_hours": 0.0108, "loss": 0.46366215, "lr": 6.16e-06, "params": 6697, "time_iter": 0.06666, "accuracy": 0.80102, "precision": 0.77391, "recall": 0.73251, "f1": 0.75264, "auc": 0.87342}
{"epoch": 96, "time_epoch": 9.6802, "eta": 29.16813, "eta_hours": 0.0081, "loss": 0.48585356, "lr": 3.94e-06, "params": 6697, "time_iter": 0.06585, "accuracy": 0.79422, "precision": 0.77232, "recall": 0.71193, "f1": 0.7409, "auc": 0.86785}
{"epoch": 97, "time_epoch": 9.64233, "eta": 19.44378, "eta_hours": 0.0054, "loss": 0.51522677, "lr": 2.22e-06, "params": 6697, "time_iter": 0.06559, "accuracy": 0.77551, "precision": 0.78173, "recall": 0.63374, "f1": 0.7, "auc": 0.85281}
{"epoch": 98, "time_epoch": 11.3878, "eta": 9.73872, "eta_hours": 0.00271, "loss": 0.47362366, "lr": 9.9e-07, "params": 6697, "time_iter": 0.07747, "accuracy": 0.81633, "precision": 0.79221, "recall": 0.75309, "f1": 0.77215, "auc": 0.87287}
{"epoch": 99, "time_epoch": 8.12225, "eta": 0.0, "eta_hours": 0.0, "loss": 0.4904416, "lr": 2.5e-07, "params": 6697, "time_iter": 0.05525, "accuracy": 0.79762, "precision": 0.79524, "recall": 0.68724, "f1": 0.73731, "auc": 0.86471}
