{"epoch": 0, "time_epoch": 22.47226, "eta": 2224.7535, "eta_hours": 0.61799, "loss": 0.67925566, "lr": 0.001, "params": 6697, "time_iter": 0.15287, "accuracy": 0.55272, "precision": 0.4711, "recall": 0.67078, "f1": 0.55348, "auc": 0.61255}
{"epoch": 1, "time_epoch": 9.59864, "eta": 1571.47422, "eta_hours": 0.43652, "loss": 0.60846174, "lr": 0.00099975, "params": 6697, "time_iter": 0.0653, "accuracy": 0.70068, "precision": 0.70552, "recall": 0.47325, "f1": 0.5665, "auc": 0.69819}
{"epoch": 2, "time_epoch": 9.49763, "eta": 1344.0492, "eta_hours": 0.37335, "loss": 0.60142981, "lr": 0.00099901, "params": 6697, "time_iter": 0.06461, "accuracy": 0.68197, "precision": 0.66867, "recall": 0.45679, "f1": 0.54279, "auc": 0.71797}
{"epoch": 3, "time_epoch": 9.55045, "eta": 1226.85561, "eta_hours": 0.34079, "loss": 0.56978452, "lr": 0.00099778, "params": 6697, "time_iter": 0.06497, "accuracy": 0.71599, "precision": 0.70652, "recall": 0.53498, "f1": 0.6089, "auc": 0.75999}
{"epoch": 4, "time_epoch": 9.49705, "eta": 1151.7047, "eta_hours": 0.31992, "loss": 0.57182134, "lr": 0.00099606, "params": 6697, "time_iter": 0.06461, "accuracy": 0.73129, "precision": 0.71357, "recall": 0.58436, "f1": 0.64253, "auc": 0.76524}
{"epoch": 5, "time_epoch": 9.54549, "eta": 1099.19728, "eta_hours": 0.30533, "loss": 0.55608492, "lr": 0.00099384, "params": 6697, "time_iter": 0.06494, "accuracy": 0.73129, "precision": 0.71574, "recall": 0.58025, "f1": 0.64091, "auc": 0.78236}
{"epoch": 6, "time_epoch": 9.49031, "eta": 1058.23157, "eta_hours": 0.29395, "loss": 0.56154201, "lr": 0.00099114, "params": 6697, "time_iter": 0.06456, "accuracy": 0.7466, "precision": 0.74479, "recall": 0.58848, "f1": 0.65747, "auc": 0.77202}
{"epoch": 7, "time_epoch": 9.52634, "eta": 1025.54904, "eta_hours": 0.28487, "loss": 0.56202122, "lr": 0.00098796, "params": 6697, "time_iter": 0.06481, "accuracy": 0.7517, "precision": 0.75393, "recall": 0.59259, "f1": 0.66359, "auc": 0.76801}
{"epoch": 8, "time_epoch": 9.50258, "eta": 997.77212, "eta_hours": 0.27716, "loss": 0.55754556, "lr": 0.00098429, "params": 6697, "time_iter": 0.06464, "accuracy": 0.73469, "precision": 0.73016, "recall": 0.5679, "f1": 0.63889, "auc": 0.77162}
{"epoch": 9, "time_epoch": 9.50103, "eta": 973.63609, "eta_hours": 0.27045, "loss": 0.55517883, "lr": 0.00098015, "params": 6697, "time_iter": 0.06463, "accuracy": 0.73469, "precision": 0.72308, "recall": 0.58025, "f1": 0.64384, "auc": 0.7812}
{"epoch": 10, "time_epoch": 9.51602, "eta": 952.28224, "eta_hours": 0.26452, "loss": 0.56285764, "lr": 0.00097553, "params": 6697, "time_iter": 0.06473, "accuracy": 0.7381, "precision": 0.73057, "recall": 0.58025, "f1": 0.64679, "auc": 0.77806}
{"epoch": 11, "time_epoch": 9.50045, "eta": 932.78723, "eta_hours": 0.25911, "loss": 0.56881697, "lr": 0.00097044, "params": 6697, "time_iter": 0.06463, "accuracy": 0.71599, "precision": 0.70879, "recall": 0.53086, "f1": 0.60706, "auc": 0.76772}
{"epoch": 12, "time_epoch": 9.48046, "eta": 914.69603, "eta_hours": 0.25408, "loss": 0.55219379, "lr": 0.00096489, "params": 6697, "time_iter": 0.06449, "accuracy": 0.7415, "precision": 0.74595, "recall": 0.5679, "f1": 0.64486, "auc": 0.7861}
{"epoch": 13, "time_epoch": 9.47854, "eta": 897.82318, "eta_hours": 0.2494, "loss": 0.55009714, "lr": 0.00095888, "params": 6697, "time_iter": 0.06448, "accuracy": 0.75, "precision": 0.73529, "recall": 0.61728, "f1": 0.67114, "auc": 0.79776}
{"epoch": 14, "time_epoch": 9.48805, "eta": 881.99007, "eta_hours": 0.245, "loss": 0.57001948, "lr": 0.00095241, "params": 6697, "time_iter": 0.06454, "accuracy": 0.7432, "precision": 0.73, "recall": 0.60082, "f1": 0.65914, "auc": 0.77413}
{"epoch": 15, "time_epoch": 9.48687, "eta": 866.94394, "eta_hours": 0.24082, "loss": 0.54303097, "lr": 0.0009455, "params": 6697, "time_iter": 0.06454, "accuracy": 0.76361, "precision": 0.77957, "recall": 0.59671, "f1": 0.67599, "auc": 0.78949}
{"epoch": 16, "time_epoch": 9.48451, "eta": 852.54032, "eta_hours": 0.23682, "loss": 0.55263378, "lr": 0.00093815, "params": 6697, "time_iter": 0.06452, "accuracy": 0.7381, "precision": 0.74054, "recall": 0.56379, "f1": 0.64019, "auc": 0.78582}
{"epoch": 17, "time_epoch": 9.49055, "eta": 838.71075, "eta_hours": 0.23298, "loss": 0.54112417, "lr": 0.00093037, "params": 6697, "time_iter": 0.06456, "accuracy": 0.7483, "precision": 0.72947, "recall": 0.6214, "f1": 0.67111, "auc": 0.7967}
{"epoch": 18, "time_epoch": 9.48812, "eta": 825.32759, "eta_hours": 0.22926, "loss": 0.57753201, "lr": 0.00092216, "params": 6697, "time_iter": 0.06455, "accuracy": 0.71599, "precision": 0.69588, "recall": 0.55556, "f1": 0.61785, "auc": 0.76747}
{"epoch": 19, "time_epoch": 9.52, "eta": 812.46142, "eta_hours": 0.22568, "loss": 0.57724697, "lr": 0.00091354, "params": 6697, "time_iter": 0.06476, "accuracy": 0.72279, "precision": 0.72989, "recall": 0.52263, "f1": 0.60911, "auc": 0.75709}
{"epoch": 20, "time_epoch": 9.50042, "eta": 799.84029, "eta_hours": 0.22218, "loss": 0.56904825, "lr": 0.00090451, "params": 6697, "time_iter": 0.06463, "accuracy": 0.73299, "precision": 0.72872, "recall": 0.56379, "f1": 0.63573, "auc": 0.75756}
{"epoch": 21, "time_epoch": 9.49689, "eta": 787.49035, "eta_hours": 0.21875, "loss": 0.56240656, "lr": 0.00089508, "params": 6697, "time_iter": 0.0646, "accuracy": 0.71599, "precision": 0.69792, "recall": 0.55144, "f1": 0.61609, "auc": 0.76281}
{"epoch": 22, "time_epoch": 9.50422, "eta": 775.41304, "eta_hours": 0.21539, "loss": 0.54477717, "lr": 0.00088526, "params": 6697, "time_iter": 0.06465, "accuracy": 0.7466, "precision": 0.73267, "recall": 0.60905, "f1": 0.66517, "auc": 0.78732}
{"epoch": 23, "time_epoch": 9.49519, "eta": 763.52155, "eta_hours": 0.21209, "loss": 0.57109674, "lr": 0.00087506, "params": 6697, "time_iter": 0.06459, "accuracy": 0.7449, "precision": 0.75691, "recall": 0.56379, "f1": 0.64623, "auc": 0.7734}
{"epoch": 24, "time_epoch": 9.504, "eta": 751.8482, "eta_hours": 0.20885, "loss": 0.56725044, "lr": 0.00086448, "params": 6697, "time_iter": 0.06465, "accuracy": 0.71939, "precision": 0.70526, "recall": 0.55144, "f1": 0.61894, "auc": 0.76917}
{"epoch": 25, "time_epoch": 9.50114, "eta": 740.3336, "eta_hours": 0.20565, "loss": 0.54634414, "lr": 0.00085355, "params": 6697, "time_iter": 0.06463, "accuracy": 0.7381, "precision": 0.71292, "recall": 0.61317, "f1": 0.65929, "auc": 0.78702}
{"epoch": 26, "time_epoch": 9.52024, "eta": 729.01976, "eta_hours": 0.20251, "loss": 0.54048465, "lr": 0.00084227, "params": 6697, "time_iter": 0.06476, "accuracy": 0.7585, "precision": 0.75124, "recall": 0.6214, "f1": 0.68018, "auc": 0.78851}
{"epoch": 27, "time_epoch": 9.50602, "eta": 717.79747, "eta_hours": 0.19939, "loss": 0.55941021, "lr": 0.00083066, "params": 6697, "time_iter": 0.06467, "accuracy": 0.7534, "precision": 0.75258, "recall": 0.60082, "f1": 0.66819, "auc": 0.78272}
{"epoch": 28, "time_epoch": 9.53457, "eta": 706.76347, "eta_hours": 0.19632, "loss": 0.54077641, "lr": 0.00081871, "params": 6697, "time_iter": 0.06486, "accuracy": 0.7585, "precision": 0.75124, "recall": 0.6214, "f1": 0.68018, "auc": 0.79172}
{"epoch": 29, "time_epoch": 9.45658, "eta": 695.64744, "eta_hours": 0.19324, "loss": 0.54853079, "lr": 0.00080645, "params": 6697, "time_iter": 0.06433, "accuracy": 0.7449, "precision": 0.73367, "recall": 0.60082, "f1": 0.66063, "auc": 0.7935}
{"epoch": 30, "time_epoch": 9.49319, "eta": 684.71995, "eta_hours": 0.1902, "loss": 0.56132648, "lr": 0.00079389, "params": 6697, "time_iter": 0.06458, "accuracy": 0.7381, "precision": 0.74054, "recall": 0.56379, "f1": 0.64019, "auc": 0.77666}
{"epoch": 31, "time_epoch": 9.48696, "eta": 673.86888, "eta_hours": 0.18719, "loss": 0.56915973, "lr": 0.00078104, "params": 6697, "time_iter": 0.06454, "accuracy": 0.7432, "precision": 0.73232, "recall": 0.59671, "f1": 0.6576, "auc": 0.7734}
{"epoch": 32, "time_epoch": 9.52, "eta": 663.16756, "eta_hours": 0.18421, "loss": 0.55039006, "lr": 0.00076791, "params": 6697, "time_iter": 0.06476, "accuracy": 0.73469, "precision": 0.74576, "recall": 0.54321, "f1": 0.62857, "auc": 0.78768}
{"epoch": 33, "time_epoch": 9.50172, "eta": 652.50025, "eta_hours": 0.18125, "loss": 0.53795437, "lr": 0.00075452, "params": 6697, "time_iter": 0.06464, "accuracy": 0.76361, "precision": 0.73636, "recall": 0.66667, "f1": 0.69978, "auc": 0.79903}
{"epoch": 34, "time_epoch": 9.46235, "eta": 641.82643, "eta_hours": 0.17829, "loss": 0.53558762, "lr": 0.00074088, "params": 6697, "time_iter": 0.06437, "accuracy": 0.7517, "precision": 0.73659, "recall": 0.6214, "f1": 0.67411, "auc": 0.80349}
{"epoch": 35, "time_epoch": 9.48594, "eta": 631.26184, "eta_hours": 0.17535, "loss": 0.54420996, "lr": 0.000727, "params": 6697, "time_iter": 0.06453, "accuracy": 0.7517, "precision": 0.73659, "recall": 0.6214, "f1": 0.67411, "auc": 0.7945}
{"epoch": 36, "time_epoch": 9.4941, "eta": 620.76946, "eta_hours": 0.17244, "loss": 0.5484563, "lr": 0.00071289, "params": 6697, "time_iter": 0.06459, "accuracy": 0.7534, "precision": 0.75, "recall": 0.60494, "f1": 0.6697, "auc": 0.78707}
{"epoch": 37, "time_epoch": 9.46191, "eta": 610.27709, "eta_hours": 0.16952, "loss": 0.52048647, "lr": 0.00069857, "params": 6697, "time_iter": 0.06437, "accuracy": 0.77381, "precision": 0.77228, "recall": 0.64198, "f1": 0.70112, "auc": 0.82159}
{"epoch": 38, "time_epoch": 9.4962, "eta": 599.8912, "eta_hours": 0.16664, "loss": 0.55523867, "lr": 0.00068406, "params": 6697, "time_iter": 0.0646, "accuracy": 0.7432, "precision": 0.73, "recall": 0.60082, "f1": 0.65914, "auc": 0.78934}
{"epoch": 39, "time_epoch": 9.48531, "eta": 589.53346, "eta_hours": 0.16376, "loss": 0.54031072, "lr": 0.00066937, "params": 6697, "time_iter": 0.06453, "accuracy": 0.7517, "precision": 0.75661, "recall": 0.58848, "f1": 0.66204, "auc": 0.80113}
{"epoch": 40, "time_epoch": 9.49965, "eta": 579.23892, "eta_hours": 0.1609, "loss": 0.53037939, "lr": 0.00065451, "params": 6697, "time_iter": 0.06462, "accuracy": 0.76871, "precision": 0.77436, "recall": 0.6214, "f1": 0.6895, "auc": 0.80829}
{"epoch": 41, "time_epoch": 9.50623, "eta": 568.99132, "eta_hours": 0.15805, "loss": 0.54922757, "lr": 0.0006395, "params": 6697, "time_iter": 0.06467, "accuracy": 0.7415, "precision": 0.73096, "recall": 0.59259, "f1": 0.65455, "auc": 0.79646}
{"epoch": 42, "time_epoch": 9.52221, "eta": 558.79938, "eta_hours": 0.15522, "loss": 0.54095188, "lr": 0.00062434, "params": 6697, "time_iter": 0.06478, "accuracy": 0.77721, "precision": 0.76168, "recall": 0.67078, "f1": 0.71335, "auc": 0.79905}
{"epoch": 43, "time_epoch": 9.50657, "eta": 548.61797, "eta_hours": 0.15239, "loss": 0.5350913, "lr": 0.00060907, "params": 6697, "time_iter": 0.06467, "accuracy": 0.76531, "precision": 0.78689, "recall": 0.59259, "f1": 0.67606, "auc": 0.7938}
{"epoch": 44, "time_epoch": 9.42432, "eta": 538.36603, "eta_hours": 0.14955, "loss": 0.53537722, "lr": 0.00059369, "params": 6697, "time_iter": 0.06411, "accuracy": 0.73639, "precision": 0.73404, "recall": 0.5679, "f1": 0.64037, "auc": 0.80612}
{"epoch": 45, "time_epoch": 9.48621, "eta": 528.22272, "eta_hours": 0.14673, "loss": 0.54892049, "lr": 0.00057822, "params": 6697, "time_iter": 0.06453, "accuracy": 0.75, "precision": 0.72857, "recall": 0.62963, "f1": 0.6755, "auc": 0.79092}
{"epoch": 46, "time_epoch": 9.50347, "eta": 518.12684, "eta_hours": 0.14392, "loss": 0.53587181, "lr": 0.00056267, "params": 6697, "time_iter": 0.06465, "accuracy": 0.77721, "precision": 0.81111, "recall": 0.60082, "f1": 0.69031, "auc": 0.80026}
{"epoch": 47, "time_epoch": 9.50275, "eta": 508.05487, "eta_hours": 0.14113, "loss": 0.5108729, "lr": 0.00054705, "params": 6697, "time_iter": 0.06464, "accuracy": 0.77551, "precision": 0.76812, "recall": 0.65432, "f1": 0.70667, "auc": 0.81968}
{"epoch": 48, "time_epoch": 9.5198, "eta": 498.02388, "eta_hours": 0.13834, "loss": 0.5399954, "lr": 0.0005314, "params": 6697, "time_iter": 0.06476, "accuracy": 0.7466, "precision": 0.75, "recall": 0.58025, "f1": 0.65429, "auc": 0.80146}
{"epoch": 49, "time_epoch": 9.29759, "eta": 487.79111, "eta_hours": 0.1355, "loss": 0.55053937, "lr": 0.00051571, "params": 6697, "time_iter": 0.06325, "accuracy": 0.7619, "precision": 0.78453, "recall": 0.58436, "f1": 0.66981, "auc": 0.78433}
{"epoch": 50, "time_epoch": 9.29929, "eta": 477.59666, "eta_hours": 0.13267, "loss": 0.52818579, "lr": 0.0005, "params": 6697, "time_iter": 0.06326, "accuracy": 0.7585, "precision": 0.75635, "recall": 0.61317, "f1": 0.67727, "auc": 0.80644}
{"epoch": 51, "time_epoch": 9.30489, "eta": 467.44181, "eta_hours": 0.12984, "loss": 0.51917308, "lr": 0.00048429, "params": 6697, "time_iter": 0.0633, "accuracy": 0.77211, "precision": 0.76585, "recall": 0.64609, "f1": 0.70089, "auc": 0.81718}
{"epoch": 52, "time_epoch": 9.31948, "eta": 457.33197, "eta_hours": 0.12704, "loss": 0.52150857, "lr": 0.0004686, "params": 6697, "time_iter": 0.0634, "accuracy": 0.7432, "precision": 0.73958, "recall": 0.58436, "f1": 0.65287, "auc": 0.81771}
{"epoch": 53, "time_epoch": 9.32278, "eta": 447.25421, "eta_hours": 0.12424, "loss": 0.53629921, "lr": 0.00045295, "params": 6697, "time_iter": 0.06342, "accuracy": 0.76361, "precision": 0.75743, "recall": 0.62963, "f1": 0.68764, "auc": 0.81169}
{"epoch": 54, "time_epoch": 9.26908, "eta": 437.15997, "eta_hours": 0.12143, "loss": 0.50888158, "lr": 0.00043733, "params": 6697, "time_iter": 0.06305, "accuracy": 0.78401, "precision": 0.77358, "recall": 0.6749, "f1": 0.72088, "auc": 0.82761}
{"epoch": 55, "time_epoch": 9.44554, "eta": 427.23385, "eta_hours": 0.11868, "loss": 0.53200263, "lr": 0.00042178, "params": 6697, "time_iter": 0.06426, "accuracy": 0.77211, "precision": 0.76847, "recall": 0.64198, "f1": 0.69955, "auc": 0.81301}
{"epoch": 56, "time_epoch": 9.49744, "eta": 417.36374, "eta_hours": 0.11593, "loss": 0.51032413, "lr": 0.00040631, "params": 6697, "time_iter": 0.06461, "accuracy": 0.77041, "precision": 0.77273, "recall": 0.62963, "f1": 0.69388, "auc": 0.82865}
{"epoch": 57, "time_epoch": 9.61935, "eta": 407.59477, "eta_hours": 0.11322, "loss": 0.50915354, "lr": 0.00039093, "params": 6697, "time_iter": 0.06544, "accuracy": 0.7602, "precision": 0.74757, "recall": 0.63374, "f1": 0.68597, "auc": 0.82794}
{"epoch": 58, "time_epoch": 9.28853, "eta": 397.60098, "eta_hours": 0.11044, "loss": 0.52408889, "lr": 0.00037566, "params": 6697, "time_iter": 0.06319, "accuracy": 0.76871, "precision": 0.76884, "recall": 0.62963, "f1": 0.69231, "auc": 0.8117}
{"epoch": 59, "time_epoch": 9.29665, "eta": 387.6361, "eta_hours": 0.10768, "loss": 0.49906877, "lr": 0.0003605, "params": 6697, "time_iter": 0.06324, "accuracy": 0.7585, "precision": 0.74877, "recall": 0.62551, "f1": 0.68161, "auc": 0.83698}
{"epoch": 60, "time_epoch": 9.36207, "eta": 377.73496, "eta_hours": 0.10493, "loss": 0.50170109, "lr": 0.00034549, "params": 6697, "time_iter": 0.06369, "accuracy": 0.78061, "precision": 0.7767, "recall": 0.65844, "f1": 0.71269, "auc": 0.8298}
{"epoch": 61, "time_epoch": 9.49154, "eta": 367.93056, "eta_hours": 0.1022, "loss": 0.51869913, "lr": 0.00033063, "params": 6697, "time_iter": 0.06457, "accuracy": 0.77891, "precision": 0.78109, "recall": 0.64609, "f1": 0.70721, "auc": 0.82482}
{"epoch": 62, "time_epoch": 9.51544, "eta": 358.15013, "eta_hours": 0.09949, "loss": 0.51696503, "lr": 0.00031594, "params": 6697, "time_iter": 0.06473, "accuracy": 0.77721, "precision": 0.76415, "recall": 0.66667, "f1": 0.71209, "auc": 0.82668}
{"epoch": 63, "time_epoch": 9.43156, "eta": 348.3308, "eta_hours": 0.09676, "loss": 0.50113464, "lr": 0.00030143, "params": 6697, "time_iter": 0.06416, "accuracy": 0.76871, "precision": 0.75117, "recall": 0.65844, "f1": 0.70175, "auc": 0.83742}
{"epoch": 64, "time_epoch": 9.52783, "eta": 338.57524, "eta_hours": 0.09405, "loss": 0.53545268, "lr": 0.00028711, "params": 6697, "time_iter": 0.06482, "accuracy": 0.7568, "precision": 0.73585, "recall": 0.64198, "f1": 0.68571, "auc": 0.81926}
{"epoch": 65, "time_epoch": 9.50421, "eta": 328.81441, "eta_hours": 0.09134, "loss": 0.50197704, "lr": 0.000273, "params": 6697, "time_iter": 0.06465, "accuracy": 0.76871, "precision": 0.74654, "recall": 0.66667, "f1": 0.70435, "auc": 0.83862}
{"epoch": 66, "time_epoch": 9.52371, "eta": 319.07084, "eta_hours": 0.08863, "loss": 0.53744608, "lr": 0.00025912, "params": 6697, "time_iter": 0.06479, "accuracy": 0.7517, "precision": 0.76216, "recall": 0.58025, "f1": 0.65888, "auc": 0.79948}
{"epoch": 67, "time_epoch": 9.50315, "eta": 309.32407, "eta_hours": 0.08592, "loss": 0.50359885, "lr": 0.00024548, "params": 6697, "time_iter": 0.06465, "accuracy": 0.79252, "precision": 0.79512, "recall": 0.67078, "f1": 0.72768, "auc": 0.83042}
{"epoch": 68, "time_epoch": 9.49268, "eta": 299.57965, "eta_hours": 0.08322, "loss": 0.53711544, "lr": 0.00023209, "params": 6697, "time_iter": 0.06458, "accuracy": 0.76361, "precision": 0.74528, "recall": 0.65021, "f1": 0.69451, "auc": 0.8178}
{"epoch": 69, "time_epoch": 9.49653, "eta": 289.84408, "eta_hours": 0.08051, "loss": 0.49408605, "lr": 0.00021896, "params": 6697, "time_iter": 0.0646, "accuracy": 0.77551, "precision": 0.76812, "recall": 0.65432, "f1": 0.70667, "auc": 0.84034}
{"epoch": 70, "time_epoch": 9.45748, "eta": 280.09929, "eta_hours": 0.07781, "loss": 0.50648743, "lr": 0.00020611, "params": 6697, "time_iter": 0.06434, "accuracy": 0.77211, "precision": 0.78238, "recall": 0.6214, "f1": 0.69266, "auc": 0.83082}
{"epoch": 71, "time_epoch": 9.31783, "eta": 270.30817, "eta_hours": 0.07509, "loss": 0.53697201, "lr": 0.00019355, "params": 6697, "time_iter": 0.06339, "accuracy": 0.7619, "precision": 0.75879, "recall": 0.6214, "f1": 0.68326, "auc": 0.81262}
{"epoch": 72, "time_epoch": 9.35061, "eta": 260.54215, "eta_hours": 0.07237, "loss": 0.5027076, "lr": 0.00018129, "params": 6697, "time_iter": 0.06361, "accuracy": 0.77891, "precision": 0.7868, "recall": 0.63786, "f1": 0.70455, "auc": 0.83804}
{"epoch": 73, "time_epoch": 9.60629, "eta": 250.87718, "eta_hours": 0.06969, "loss": 0.52824418, "lr": 0.00016934, "params": 6697, "time_iter": 0.06535, "accuracy": 0.7585, "precision": 0.75897, "recall": 0.60905, "f1": 0.6758, "auc": 0.8243}
{"epoch": 74, "time_epoch": 9.5854, "eta": 241.20682, "eta_hours": 0.067, "loss": 0.49369487, "lr": 0.00015773, "params": 6697, "time_iter": 0.06521, "accuracy": 0.78401, "precision": 0.79, "recall": 0.65021, "f1": 0.71332, "auc": 0.84521}
{"epoch": 75, "time_epoch": 9.60162, "eta": 231.54382, "eta_hours": 0.06432, "loss": 0.51055254, "lr": 0.00014645, "params": 6697, "time_iter": 0.06532, "accuracy": 0.77211, "precision": 0.77114, "recall": 0.63786, "f1": 0.6982, "auc": 0.83179}
{"epoch": 76, "time_epoch": 9.6076, "eta": 221.88419, "eta_hours": 0.06163, "loss": 0.48641893, "lr": 0.00013552, "params": 6697, "time_iter": 0.06536, "accuracy": 0.76701, "precision": 0.75728, "recall": 0.64198, "f1": 0.69488, "auc": 0.84678}
{"epoch": 77, "time_epoch": 9.61777, "eta": 212.22877, "eta_hours": 0.05895, "loss": 0.50282261, "lr": 0.00012494, "params": 6697, "time_iter": 0.06543, "accuracy": 0.77381, "precision": 0.76442, "recall": 0.65432, "f1": 0.7051, "auc": 0.83567}
{"epoch": 78, "time_epoch": 9.55601, "eta": 202.55788, "eta_hours": 0.05627, "loss": 0.54490309, "lr": 0.00011474, "params": 6697, "time_iter": 0.06501, "accuracy": 0.7602, "precision": 0.7602, "recall": 0.61317, "f1": 0.67882, "auc": 0.80459}
{"epoch": 79, "time_epoch": 9.54514, "eta": 192.88715, "eta_hours": 0.05358, "loss": 0.49222106, "lr": 0.00010492, "params": 6697, "time_iter": 0.06493, "accuracy": 0.79082, "precision": 0.78846, "recall": 0.6749, "f1": 0.72727, "auc": 0.84203}
{"epoch": 80, "time_epoch": 9.56858, "eta": 183.22502, "eta_hours": 0.0509, "loss": 0.48557733, "lr": 9.549e-05, "params": 6697, "time_iter": 0.06509, "accuracy": 0.79082, "precision": 0.80303, "recall": 0.65432, "f1": 0.72109, "auc": 0.84701}
{"epoch": 81, "time_epoch": 9.52706, "eta": 173.55605, "eta_hours": 0.04821, "loss": 0.52756453, "lr": 8.646e-05, "params": 6697, "time_iter": 0.06481, "accuracy": 0.76361, "precision": 0.75743, "recall": 0.62963, "f1": 0.68764, "auc": 0.82103}
{"epoch": 82, "time_epoch": 9.52172, "eta": 163.88941, "eta_hours": 0.04552, "loss": 0.49876398, "lr": 7.784e-05, "params": 6697, "time_iter": 0.06477, "accuracy": 0.78231, "precision": 0.78607, "recall": 0.65021, "f1": 0.71171, "auc": 0.8436}
{"epoch": 83, "time_epoch": 9.55766, "eta": 154.23307, "eta_hours": 0.04284, "loss": 0.52670672, "lr": 6.963e-05, "params": 6697, "time_iter": 0.06502, "accuracy": 0.76701, "precision": 0.7598, "recall": 0.63786, "f1": 0.69351, "auc": 0.81955}
{"epoch": 84, "time_epoch": 9.55943, "eta": 144.57936, "eta_hours": 0.04016, "loss": 0.4805262, "lr": 6.185e-05, "params": 6697, "time_iter": 0.06503, "accuracy": 0.78401, "precision": 0.78431, "recall": 0.65844, "f1": 0.71588, "auc": 0.85427}
{"epoch": 85, "time_epoch": 9.54381, "eta": 134.9253, "eta_hours": 0.03748, "loss": 0.49211742, "lr": 5.45e-05, "params": 6697, "time_iter": 0.06492, "accuracy": 0.77891, "precision": 0.78974, "recall": 0.63374, "f1": 0.7032, "auc": 0.83942}
{"epoch": 86, "time_epoch": 9.45516, "eta": 125.26053, "eta_hours": 0.03479, "loss": 0.49579505, "lr": 4.759e-05, "params": 6697, "time_iter": 0.06432, "accuracy": 0.77041, "precision": 0.75962, "recall": 0.65021, "f1": 0.70067, "auc": 0.84639}
{"epoch": 87, "time_epoch": 9.54254, "eta": 115.61244, "eta_hours": 0.03211, "loss": 0.50925149, "lr": 4.112e-05, "params": 6697, "time_iter": 0.06492, "accuracy": 0.76531, "precision": 0.75862, "recall": 0.63374, "f1": 0.69058, "auc": 0.83338}
{"epoch": 88, "time_epoch": 9.54706, "eta": 105.96728, "eta_hours": 0.02944, "loss": 0.50675274, "lr": 3.511e-05, "params": 6697, "time_iter": 0.06495, "accuracy": 0.78061, "precision": 0.76887, "recall": 0.67078, "f1": 0.71648, "auc": 0.83711}
{"epoch": 89, "time_epoch": 9.54791, "eta": 96.32439, "eta_hours": 0.02676, "loss": 0.5069401, "lr": 2.956e-05, "params": 6697, "time_iter": 0.06495, "accuracy": 0.77041, "precision": 0.76214, "recall": 0.64609, "f1": 0.69933, "auc": 0.83652}
{"epoch": 90, "time_epoch": 9.53658, "eta": 86.68247, "eta_hours": 0.02408, "loss": 0.50241399, "lr": 2.447e-05, "params": 6697, "time_iter": 0.06487, "accuracy": 0.77381, "precision": 0.7957, "recall": 0.60905, "f1": 0.68998, "auc": 0.83871}
{"epoch": 91, "time_epoch": 9.509, "eta": 77.04044, "eta_hours": 0.0214, "loss": 0.51068642, "lr": 1.985e-05, "params": 6697, "time_iter": 0.06469, "accuracy": 0.76701, "precision": 0.75481, "recall": 0.64609, "f1": 0.69623, "auc": 0.83588}
{"epoch": 92, "time_epoch": 9.54782, "eta": 67.4042, "eta_hours": 0.01872, "loss": 0.48453347, "lr": 1.571e-05, "params": 6697, "time_iter": 0.06495, "accuracy": 0.78061, "precision": 0.76636, "recall": 0.6749, "f1": 0.71772, "auc": 0.85226}
{"epoch": 93, "time_epoch": 9.53122, "eta": 57.76878, "eta_hours": 0.01605, "loss": 0.53704407, "lr": 1.204e-05, "params": 6697, "time_iter": 0.06484, "accuracy": 0.77551, "precision": 0.77612, "recall": 0.64198, "f1": 0.7027, "auc": 0.81919}
{"epoch": 94, "time_epoch": 9.51027, "eta": 48.13444, "eta_hours": 0.01337, "loss": 0.49680939, "lr": 8.86e-06, "params": 6697, "time_iter": 0.0647, "accuracy": 0.76361, "precision": 0.74528, "recall": 0.65021, "f1": 0.69451, "auc": 0.83887}
{"epoch": 95, "time_epoch": 9.42964, "eta": 38.49934, "eta_hours": 0.01069, "loss": 0.52247876, "lr": 6.16e-06, "params": 6697, "time_iter": 0.06415, "accuracy": 0.77891, "precision": 0.78109, "recall": 0.64609, "f1": 0.70721, "auc": 0.82912}
{"epoch": 96, "time_epoch": 9.56682, "eta": 28.87271, "eta_hours": 0.00802, "loss": 0.52026374, "lr": 3.94e-06, "params": 6697, "time_iter": 0.06508, "accuracy": 0.77041, "precision": 0.75962, "recall": 0.65021, "f1": 0.70067, "auc": 0.82859}
{"epoch": 97, "time_epoch": 9.54091, "eta": 19.24677, "eta_hours": 0.00535, "loss": 0.52021165, "lr": 2.22e-06, "params": 6697, "time_iter": 0.0649, "accuracy": 0.7602, "precision": 0.74286, "recall": 0.64198, "f1": 0.68874, "auc": 0.82506}
{"epoch": 98, "time_epoch": 18.93122, "eta": 9.7174, "eta_hours": 0.0027, "loss": 0.51097671, "lr": 9.9e-07, "params": 6697, "time_iter": 0.12878, "accuracy": 0.78741, "precision": 0.795, "recall": 0.65432, "f1": 0.71783, "auc": 0.83256}
{"epoch": 99, "time_epoch": 20.27329, "eta": 0.0, "eta_hours": 0.0, "loss": 0.51983792, "lr": 2.5e-07, "params": 6697, "time_iter": 0.13791, "accuracy": 0.76701, "precision": 0.76238, "recall": 0.63374, "f1": 0.69213, "auc": 0.82715}
