{"epoch": 0, "time_epoch": 1.53384, "eta": 151.85022, "eta_hours": 0.04218, "loss": 0.69399806, "lr": 0.001, "params": 4017, "time_iter": 0.01189, "accuracy": 0.50584, "precision": 0.50773, "recall": 0.5407, "f1": 0.5237, "auc": 0.49999}
{"epoch": 1, "time_epoch": 1.42602, "eta": 145.03298, "eta_hours": 0.04029, "loss": 0.69399971, "lr": 0.00099975, "params": 4017, "time_iter": 0.01105, "accuracy": 0.48783, "precision": 0.49242, "recall": 0.62984, "f1": 0.55272, "auc": 0.48433}
{"epoch": 2, "time_epoch": 1.51046, "eta": 144.54016, "eta_hours": 0.04015, "loss": 0.69383939, "lr": 0.00099901, "params": 4017, "time_iter": 0.01171, "accuracy": 0.49757, "precision": 0.5, "recall": 0.29264, "f1": 0.36919, "auc": 0.48674}
{"epoch": 3, "time_epoch": 1.43642, "eta": 141.76174, "eta_hours": 0.03938, "loss": 0.69363135, "lr": 0.00099778, "params": 4017, "time_iter": 0.01114, "accuracy": 0.49221, "precision": 0.49366, "recall": 0.41473, "f1": 0.45076, "auc": 0.48868}
{"epoch": 4, "time_epoch": 1.40433, "eta": 138.91026, "eta_hours": 0.03859, "loss": 0.69343366, "lr": 0.00099606, "params": 4017, "time_iter": 0.01089, "accuracy": 0.50097, "precision": 0.50374, "recall": 0.4564, "f1": 0.4789, "auc": 0.49554}
{"epoch": 5, "time_epoch": 1.43191, "eta": 136.97335, "eta_hours": 0.03805, "loss": 0.6935804, "lr": 0.00099384, "params": 4017, "time_iter": 0.0111, "accuracy": 0.50292, "precision": 0.50288, "recall": 0.93217, "f1": 0.65331, "auc": 0.49429}
{"epoch": 6, "time_epoch": 1.43366, "eta": 135.20395, "eta_hours": 0.03756, "loss": 0.69376979, "lr": 0.00099114, "params": 4017, "time_iter": 0.01111, "accuracy": 0.48539, "precision": 0.47795, "recall": 0.2626, "f1": 0.33896, "auc": 0.4686}
{"epoch": 7, "time_epoch": 1.39025, "eta": 133.01929, "eta_hours": 0.03695, "loss": 0.69339798, "lr": 0.00098796, "params": 4017, "time_iter": 0.01078, "accuracy": 0.48685, "precision": 0.4842, "recall": 0.32655, "f1": 0.39005, "auc": 0.47656}
{"epoch": 8, "time_epoch": 1.42609, "eta": 131.37352, "eta_hours": 0.03649, "loss": 0.69334242, "lr": 0.00098429, "params": 4017, "time_iter": 0.01105, "accuracy": 0.49416, "precision": 0.49767, "recall": 0.72384, "f1": 0.58981, "auc": 0.48025}
{"epoch": 9, "time_epoch": 1.4465, "eta": 129.95537, "eta_hours": 0.0361, "loss": 0.69357744, "lr": 0.00098015, "params": 4017, "time_iter": 0.01121, "accuracy": 0.48491, "precision": 0.49048, "recall": 0.64922, "f1": 0.5588, "auc": 0.47186}
{"epoch": 10, "time_epoch": 1.43369, "eta": 128.42843, "eta_hours": 0.03567, "loss": 0.69339258, "lr": 0.00097553, "params": 4017, "time_iter": 0.01111, "accuracy": 0.50243, "precision": 0.50243, "recall": 1.0, "f1": 0.66883, "auc": 0.47622}
{"epoch": 11, "time_epoch": 1.42842, "eta": 126.87838, "eta_hours": 0.03524, "loss": 0.69329092, "lr": 0.00097044, "params": 4017, "time_iter": 0.01107, "accuracy": 0.50243, "precision": 0.50845, "recall": 0.29167, "f1": 0.37069, "auc": 0.50218}
{"epoch": 12, "time_epoch": 1.42596, "eta": 125.33056, "eta_hours": 0.03481, "loss": 0.69347136, "lr": 0.00096489, "params": 4017, "time_iter": 0.01105, "accuracy": 0.4888, "precision": 0.4943, "recall": 0.75678, "f1": 0.59801, "auc": 0.47397}
{"epoch": 13, "time_epoch": 1.43192, "eta": 123.83675, "eta_hours": 0.0344, "loss": 0.69361707, "lr": 0.00095888, "params": 4017, "time_iter": 0.0111, "accuracy": 0.49124, "precision": 0.49597, "recall": 0.77519, "f1": 0.60491, "auc": 0.47342}
{"epoch": 14, "time_epoch": 1.434, "eta": 122.36303, "eta_hours": 0.03399, "loss": 0.69337623, "lr": 0.00095241, "params": 4017, "time_iter": 0.01112, "accuracy": 0.49367, "precision": 0.49757, "recall": 0.79264, "f1": 0.61136, "auc": 0.48978}
{"epoch": 15, "time_epoch": 1.43236, "eta": 120.88561, "eta_hours": 0.03358, "loss": 0.69343596, "lr": 0.0009455, "params": 4017, "time_iter": 0.0111, "accuracy": 0.49026, "precision": 0.49275, "recall": 0.49419, "f1": 0.49347, "auc": 0.48349}
{"epoch": 16, "time_epoch": 1.42605, "eta": 119.38273, "eta_hours": 0.03316, "loss": 0.69367994, "lr": 0.00093815, "params": 4017, "time_iter": 0.01105, "accuracy": 0.49903, "precision": 0.5011, "recall": 0.65988, "f1": 0.56964, "auc": 0.49167}
{"epoch": 17, "time_epoch": 1.42888, "eta": 117.90128, "eta_hours": 0.03275, "loss": 0.69348573, "lr": 0.00093037, "params": 4017, "time_iter": 0.01108, "accuracy": 0.49172, "precision": 0.495, "recall": 0.57558, "f1": 0.53226, "auc": 0.48593}
{"epoch": 18, "time_epoch": 1.43889, "eta": 116.46804, "eta_hours": 0.03235, "loss": 0.69338987, "lr": 0.00092216, "params": 4017, "time_iter": 0.01115, "accuracy": 0.48832, "precision": 0.492, "recall": 0.56589, "f1": 0.52636, "auc": 0.48284}
{"epoch": 19, "time_epoch": 1.42132, "eta": 114.96391, "eta_hours": 0.03193, "loss": 0.69353802, "lr": 0.00091354, "params": 4017, "time_iter": 0.01102, "accuracy": 0.49513, "precision": 0.49796, "recall": 0.59205, "f1": 0.54095, "auc": 0.48384}
{"epoch": 20, "time_epoch": 1.42045, "eta": 113.46441, "eta_hours": 0.03152, "loss": 0.69349856, "lr": 0.00090451, "params": 4017, "time_iter": 0.01101, "accuracy": 0.49026, "precision": 0.49542, "recall": 0.78585, "f1": 0.60772, "auc": 0.49064}
{"epoch": 21, "time_epoch": 1.44689, "eta": 112.06586, "eta_hours": 0.03113, "loss": 0.69334376, "lr": 0.00089508, "params": 4017, "time_iter": 0.01122, "accuracy": 0.49951, "precision": 0.50103, "recall": 0.9438, "f1": 0.65457, "auc": 0.45827}
{"epoch": 22, "time_epoch": 1.42396, "eta": 110.58633, "eta_hours": 0.03072, "loss": 0.69330972, "lr": 0.00088526, "params": 4017, "time_iter": 0.01104, "accuracy": 0.49708, "precision": 0.49876, "recall": 0.19477, "f1": 0.28014, "auc": 0.4892}
{"epoch": 23, "time_epoch": 1.4705, "eta": 109.2588, "eta_hours": 0.03035, "loss": 0.69364484, "lr": 0.00087506, "params": 4017, "time_iter": 0.0114, "accuracy": 0.49708, "precision": 0.49901, "recall": 0.24322, "f1": 0.32704, "auc": 0.48108}
{"epoch": 24, "time_epoch": 1.42986, "eta": 107.79792, "eta_hours": 0.02994, "loss": 0.69341385, "lr": 0.00086448, "params": 4017, "time_iter": 0.01108, "accuracy": 0.50243, "precision": 0.50243, "recall": 1.0, "f1": 0.66883, "auc": 0.46766}
{"epoch": 25, "time_epoch": 1.42529, "eta": 106.32641, "eta_hours": 0.02954, "loss": 0.69322878, "lr": 0.00085355, "params": 4017, "time_iter": 0.01105, "accuracy": 0.50243, "precision": 0.50243, "recall": 1.0, "f1": 0.66883, "auc": 0.49157}
{"epoch": 26, "time_epoch": 1.4265, "eta": 104.86161, "eta_hours": 0.02913, "loss": 0.69343557, "lr": 0.00084227, "params": 4017, "time_iter": 0.01106, "accuracy": 0.48053, "precision": 0.46914, "recall": 0.25775, "f1": 0.33271, "auc": 0.47969}
{"epoch": 27, "time_epoch": 1.41951, "eta": 103.38156, "eta_hours": 0.02872, "loss": 0.6935475, "lr": 0.00083066, "params": 4017, "time_iter": 0.011, "accuracy": 0.49708, "precision": 0.49974, "recall": 0.94864, "f1": 0.65463, "auc": 0.4662}
{"epoch": 28, "time_epoch": 1.42599, "eta": 101.92155, "eta_hours": 0.02831, "loss": 0.69359863, "lr": 0.00081871, "params": 4017, "time_iter": 0.01105, "accuracy": 0.47371, "precision": 0.47646, "recall": 0.48062, "f1": 0.47853, "auc": 0.46943}
{"epoch": 29, "time_epoch": 1.43315, "eta": 100.48051, "eta_hours": 0.02791, "loss": 0.69337612, "lr": 0.00080645, "params": 4017, "time_iter": 0.01111, "accuracy": 0.48832, "precision": 0.49173, "recall": 0.54748, "f1": 0.51811, "auc": 0.47603}
{"epoch": 30, "time_epoch": 1.43201, "eta": 99.03744, "eta_hours": 0.02751, "loss": 0.69330044, "lr": 0.00079389, "params": 4017, "time_iter": 0.0111, "accuracy": 0.4888, "precision": 0.49503, "recall": 0.86822, "f1": 0.63054, "auc": 0.48476}
{"epoch": 31, "time_epoch": 1.39736, "eta": 97.52143, "eta_hours": 0.02709, "loss": 0.69332363, "lr": 0.00078104, "params": 4017, "time_iter": 0.01083, "accuracy": 0.49026, "precision": 0.49536, "recall": 0.77616, "f1": 0.60476, "auc": 0.48622}
{"epoch": 32, "time_epoch": 1.30906, "eta": 95.83333, "eta_hours": 0.02662, "loss": 0.69339124, "lr": 0.00076791, "params": 4017, "time_iter": 0.01015, "accuracy": 0.49513, "precision": 0.49874, "recall": 0.96221, "f1": 0.65696, "auc": 0.47621}
{"epoch": 33, "time_epoch": 1.30093, "eta": 94.15176, "eta_hours": 0.02615, "loss": 0.69333599, "lr": 0.00075452, "params": 4017, "time_iter": 0.01008, "accuracy": 0.48588, "precision": 0.49162, "recall": 0.68217, "f1": 0.57143, "auc": 0.47107}
{"epoch": 34, "time_epoch": 1.30548, "eta": 92.50039, "eta_hours": 0.02569, "loss": 0.69338566, "lr": 0.00074088, "params": 4017, "time_iter": 0.01012, "accuracy": 0.4927, "precision": 0.49164, "recall": 0.28488, "f1": 0.36074, "auc": 0.4903}
{"epoch": 35, "time_epoch": 1.32342, "eta": 90.90012, "eta_hours": 0.02525, "loss": 0.69333412, "lr": 0.000727, "params": 4017, "time_iter": 0.01026, "accuracy": 0.50243, "precision": 0.50243, "recall": 1.0, "f1": 0.66883, "auc": 0.46885}
{"epoch": 36, "time_epoch": 1.32554, "eta": 89.31844, "eta_hours": 0.02481, "loss": 0.69348067, "lr": 0.00071289, "params": 4017, "time_iter": 0.01028, "accuracy": 0.48832, "precision": 0.49493, "recall": 0.89922, "f1": 0.63846, "auc": 0.47499}
{"epoch": 37, "time_epoch": 1.3159, "eta": 87.7345, "eta_hours": 0.02437, "loss": 0.69331422, "lr": 0.00069857, "params": 4017, "time_iter": 0.0102, "accuracy": 0.49026, "precision": 0.49603, "recall": 0.90698, "f1": 0.64132, "auc": 0.47941}
{"epoch": 38, "time_epoch": 1.30726, "eta": 86.15079, "eta_hours": 0.02393, "loss": 0.69335049, "lr": 0.00068406, "params": 4017, "time_iter": 0.01013, "accuracy": 0.50243, "precision": 0.50243, "recall": 1.0, "f1": 0.66883, "auc": 0.48361}
{"epoch": 39, "time_epoch": 1.31263, "eta": 84.58896, "eta_hours": 0.0235, "loss": 0.69329806, "lr": 0.00066937, "params": 4017, "time_iter": 0.01018, "accuracy": 0.48637, "precision": 0.44103, "recall": 0.08333, "f1": 0.14018, "auc": 0.47044}
{"epoch": 40, "time_epoch": 1.32383, "eta": 83.0554, "eta_hours": 0.02307, "loss": 0.69326486, "lr": 0.00065451, "params": 4017, "time_iter": 0.01026, "accuracy": 0.49416, "precision": 0.49722, "recall": 0.60659, "f1": 0.54649, "auc": 0.4857}
{"epoch": 41, "time_epoch": 1.31051, "eta": 81.51344, "eta_hours": 0.02264, "loss": 0.69326364, "lr": 0.0006395, "params": 4017, "time_iter": 0.01016, "accuracy": 0.50243, "precision": 0.50243, "recall": 1.0, "f1": 0.66883, "auc": 0.47529}
{"epoch": 42, "time_epoch": 1.30224, "eta": 79.97128, "eta_hours": 0.02221, "loss": 0.69323775, "lr": 0.00062434, "params": 4017, "time_iter": 0.01009, "accuracy": 0.48783, "precision": 0.49351, "recall": 0.73643, "f1": 0.59098, "auc": 0.47619}
{"epoch": 43, "time_epoch": 1.32127, "eta": 78.46425, "eta_hours": 0.0218, "loss": 0.6932332, "lr": 0.00060907, "params": 4017, "time_iter": 0.01024, "accuracy": 0.49464, "precision": 0.49841, "recall": 0.91376, "f1": 0.64501, "auc": 0.48194}
{"epoch": 44, "time_epoch": 1.3333, "eta": 76.98018, "eta_hours": 0.02138, "loss": 0.69327508, "lr": 0.00059369, "params": 4017, "time_iter": 0.01034, "accuracy": 0.48685, "precision": 0.49272, "recall": 0.72093, "f1": 0.58537, "auc": 0.48268}
{"epoch": 45, "time_epoch": 1.30009, "eta": 75.46368, "eta_hours": 0.02096, "loss": 0.69325632, "lr": 0.00057822, "params": 4017, "time_iter": 0.01008, "accuracy": 0.50243, "precision": 0.50243, "recall": 1.0, "f1": 0.66883, "auc": 0.47992}
{"epoch": 46, "time_epoch": 1.31288, "eta": 73.9708, "eta_hours": 0.02055, "loss": 0.69328901, "lr": 0.00056267, "params": 4017, "time_iter": 0.01018, "accuracy": 0.49026, "precision": 0.48268, "recall": 0.20252, "f1": 0.28532, "auc": 0.48615}
{"epoch": 47, "time_epoch": 1.31214, "eta": 72.48463, "eta_hours": 0.02013, "loss": 0.69325224, "lr": 0.00054705, "params": 4017, "time_iter": 0.01017, "accuracy": 0.49124, "precision": 0.49645, "recall": 0.87984, "f1": 0.63474, "auc": 0.4755}
{"epoch": 48, "time_epoch": 1.30751, "eta": 71.00075, "eta_hours": 0.01972, "loss": 0.69326154, "lr": 0.0005314, "params": 4017, "time_iter": 0.01014, "accuracy": 0.50243, "precision": 0.50243, "recall": 1.0, "f1": 0.66883, "auc": 0.48174}
{"epoch": 49, "time_epoch": 1.30895, "eta": 69.52536, "eta_hours": 0.01931, "loss": 0.69325958, "lr": 0.00051571, "params": 4017, "time_iter": 0.01015, "accuracy": 0.49757, "precision": 0.5, "recall": 0.90116, "f1": 0.64315, "auc": 0.47217}
{"epoch": 50, "time_epoch": 1.30596, "eta": 68.05362, "eta_hours": 0.0189, "loss": 0.69329838, "lr": 0.0005, "params": 4017, "time_iter": 0.01012, "accuracy": 0.50243, "precision": 0.50243, "recall": 1.0, "f1": 0.66883, "auc": 0.47116}
{"epoch": 51, "time_epoch": 1.32332, "eta": 66.60428, "eta_hours": 0.0185, "loss": 0.69331589, "lr": 0.00048429, "params": 4017, "time_iter": 0.01026, "accuracy": 0.49611, "precision": 0.49909, "recall": 0.79554, "f1": 0.61337, "auc": 0.47387}
{"epoch": 52, "time_epoch": 1.30037, "eta": 65.13935, "eta_hours": 0.01809, "loss": 0.69324638, "lr": 0.0004686, "params": 4017, "time_iter": 0.01008, "accuracy": 0.49464, "precision": 0.49788, "recall": 0.6812, "f1": 0.57529, "auc": 0.47375}
{"epoch": 53, "time_epoch": 1.31422, "eta": 63.6923, "eta_hours": 0.01769, "loss": 0.6932626, "lr": 0.00045295, "params": 4017, "time_iter": 0.01019, "accuracy": 0.50243, "precision": 0.50243, "recall": 1.0, "f1": 0.66883, "auc": 0.47083}
{"epoch": 54, "time_epoch": 1.30263, "eta": 62.24061, "eta_hours": 0.01729, "loss": 0.6932015, "lr": 0.00043733, "params": 4017, "time_iter": 0.0101, "accuracy": 0.50243, "precision": 0.50243, "recall": 1.0, "f1": 0.66883, "auc": 0.46541}
{"epoch": 55, "time_epoch": 1.34043, "eta": 60.82394, "eta_hours": 0.0169, "loss": 0.69333074, "lr": 0.00042178, "params": 4017, "time_iter": 0.01039, "accuracy": 0.49367, "precision": 0.49776, "recall": 0.86047, "f1": 0.63068, "auc": 0.47637}
{"epoch": 56, "time_epoch": 1.3043, "eta": 59.38269, "eta_hours": 0.0165, "loss": 0.6932301, "lr": 0.00040631, "params": 4017, "time_iter": 0.01011, "accuracy": 0.48978, "precision": 0.49539, "recall": 0.83236, "f1": 0.62111, "auc": 0.47322}
{"epoch": 57, "time_epoch": 1.31219, "eta": 57.95187, "eta_hours": 0.0161, "loss": 0.69320577, "lr": 0.00039093, "params": 4017, "time_iter": 0.01017, "accuracy": 0.49757, "precision": 0.5, "recall": 0.95058, "f1": 0.65531, "auc": 0.47963}
{"epoch": 58, "time_epoch": 1.3074, "eta": 56.52175, "eta_hours": 0.0157, "loss": 0.69320356, "lr": 0.00037566, "params": 4017, "time_iter": 0.01013, "accuracy": 0.49757, "precision": 0.5, "recall": 0.73934, "f1": 0.59656, "auc": 0.48508}
{"epoch": 59, "time_epoch": 1.32142, "eta": 55.10507, "eta_hours": 0.01531, "loss": 0.69321369, "lr": 0.0003605, "params": 4017, "time_iter": 0.01024, "accuracy": 0.50243, "precision": 0.50243, "recall": 1.0, "f1": 0.66883, "auc": 0.47748}
{"epoch": 60, "time_epoch": 1.31181, "eta": 53.68536, "eta_hours": 0.01491, "loss": 0.69318037, "lr": 0.00034549, "params": 4017, "time_iter": 0.01017, "accuracy": 0.50243, "precision": 0.50243, "recall": 1.0, "f1": 0.66883, "auc": 0.47579}
{"epoch": 61, "time_epoch": 1.31397, "eta": 52.27046, "eta_hours": 0.01452, "loss": 0.693221, "lr": 0.00033063, "params": 4017, "time_iter": 0.01019, "accuracy": 0.47858, "precision": 0.48439, "recall": 0.58624, "f1": 0.53047, "auc": 0.48018}
{"epoch": 62, "time_epoch": 1.31144, "eta": 50.85727, "eta_hours": 0.01413, "loss": 0.69320348, "lr": 0.00031594, "params": 4017, "time_iter": 0.01017, "accuracy": 0.50243, "precision": 0.50243, "recall": 1.0, "f1": 0.66883, "auc": 0.47893}
{"epoch": 63, "time_epoch": 1.31492, "eta": 49.44923, "eta_hours": 0.01374, "loss": 0.6931846, "lr": 0.00030143, "params": 4017, "time_iter": 0.01019, "accuracy": 0.50243, "precision": 0.50243, "recall": 1.0, "f1": 0.66883, "auc": 0.48417}
{"epoch": 64, "time_epoch": 1.30495, "eta": 48.03868, "eta_hours": 0.01334, "loss": 0.69319754, "lr": 0.00028711, "params": 4017, "time_iter": 0.01012, "accuracy": 0.50243, "precision": 0.50243, "recall": 1.0, "f1": 0.66883, "auc": 0.48106}
{"epoch": 65, "time_epoch": 1.34322, "eta": 46.65104, "eta_hours": 0.01296, "loss": 0.69321546, "lr": 0.000273, "params": 4017, "time_iter": 0.01041, "accuracy": 0.50243, "precision": 0.50243, "recall": 1.0, "f1": 0.66883, "auc": 0.4849}
{"epoch": 66, "time_epoch": 1.32613, "eta": 45.25632, "eta_hours": 0.01257, "loss": 0.6932548, "lr": 0.00025912, "params": 4017, "time_iter": 0.01028, "accuracy": 0.48637, "precision": 0.47558, "recall": 0.21705, "f1": 0.29807, "auc": 0.48403}
{"epoch": 67, "time_epoch": 1.29665, "eta": 43.84974, "eta_hours": 0.01218, "loss": 0.69318556, "lr": 0.00024548, "params": 4017, "time_iter": 0.01005, "accuracy": 0.50243, "precision": 0.50243, "recall": 1.0, "f1": 0.66883, "auc": 0.4791}
{"epoch": 68, "time_epoch": 1.42399, "eta": 42.50355, "eta_hours": 0.01181, "loss": 0.69319987, "lr": 0.00023209, "params": 4017, "time_iter": 0.01104, "accuracy": 0.50243, "precision": 0.50243, "recall": 1.0, "f1": 0.66883, "auc": 0.47763}
{"epoch": 69, "time_epoch": 1.4642, "eta": 41.17238, "eta_hours": 0.01144, "loss": 0.69318706, "lr": 0.00021896, "params": 4017, "time_iter": 0.01135, "accuracy": 0.50243, "precision": 0.50243, "recall": 1.0, "f1": 0.66883, "auc": 0.48289}
{"epoch": 70, "time_epoch": 1.4238, "eta": 39.82095, "eta_hours": 0.01106, "loss": 0.69317598, "lr": 0.00020611, "params": 4017, "time_iter": 0.01104, "accuracy": 0.50243, "precision": 0.50243, "recall": 1.0, "f1": 0.66883, "auc": 0.48329}
{"epoch": 71, "time_epoch": 1.42218, "eta": 38.46689, "eta_hours": 0.01069, "loss": 0.69316615, "lr": 0.00019355, "params": 4017, "time_iter": 0.01102, "accuracy": 0.50243, "precision": 0.50243, "recall": 1.0, "f1": 0.66883, "auc": 0.47465}
{"epoch": 72, "time_epoch": 1.42554, "eta": 37.1122, "eta_hours": 0.01031, "loss": 0.69318415, "lr": 0.00018129, "params": 4017, "time_iter": 0.01105, "accuracy": 0.50243, "precision": 0.50243, "recall": 1.0, "f1": 0.66883, "auc": 0.4689}
{"epoch": 73, "time_epoch": 1.42233, "eta": 35.75447, "eta_hours": 0.00993, "loss": 0.69317745, "lr": 0.00016934, "params": 4017, "time_iter": 0.01103, "accuracy": 0.50243, "precision": 0.50243, "recall": 1.0, "f1": 0.66883, "auc": 0.47564}
{"epoch": 74, "time_epoch": 1.42165, "eta": 34.39479, "eta_hours": 0.00955, "loss": 0.69315733, "lr": 0.00015773, "params": 4017, "time_iter": 0.01102, "accuracy": 0.50243, "precision": 0.50243, "recall": 1.0, "f1": 0.66883, "auc": 0.46543}
{"epoch": 75, "time_epoch": 1.4271, "eta": 33.0352, "eta_hours": 0.00918, "loss": 0.69316771, "lr": 0.00014645, "params": 4017, "time_iter": 0.01106, "accuracy": 0.50243, "precision": 0.50243, "recall": 1.0, "f1": 0.66883, "auc": 0.47163}
{"epoch": 76, "time_epoch": 1.42876, "eta": 31.67435, "eta_hours": 0.0088, "loss": 0.69316771, "lr": 0.00013552, "params": 4017, "time_iter": 0.01108, "accuracy": 0.50243, "precision": 0.50243, "recall": 1.0, "f1": 0.66883, "auc": 0.4777}
{"epoch": 77, "time_epoch": 1.42968, "eta": 30.31203, "eta_hours": 0.00842, "loss": 0.69318151, "lr": 0.00012494, "params": 4017, "time_iter": 0.01108, "accuracy": 0.50243, "precision": 0.50243, "recall": 1.0, "f1": 0.66883, "auc": 0.46839}
{"epoch": 78, "time_epoch": 1.42602, "eta": 28.94702, "eta_hours": 0.00804, "loss": 0.69315386, "lr": 0.00011474, "params": 4017, "time_iter": 0.01105, "accuracy": 0.50243, "precision": 0.50243, "recall": 1.0, "f1": 0.66883, "auc": 0.48499}
{"epoch": 79, "time_epoch": 1.42075, "eta": 27.57917, "eta_hours": 0.00766, "loss": 0.69315053, "lr": 0.00010492, "params": 4017, "time_iter": 0.01101, "accuracy": 0.50243, "precision": 0.50243, "recall": 1.0, "f1": 0.66883, "auc": 0.47501}
{"epoch": 80, "time_epoch": 1.42652, "eta": 26.21137, "eta_hours": 0.00728, "loss": 0.69315277, "lr": 9.549e-05, "params": 4017, "time_iter": 0.01106, "accuracy": 0.50243, "precision": 0.50243, "recall": 1.0, "f1": 0.66883, "auc": 0.48417}
{"epoch": 81, "time_epoch": 1.42398, "eta": 24.84158, "eta_hours": 0.0069, "loss": 0.69319286, "lr": 8.646e-05, "params": 4017, "time_iter": 0.01104, "accuracy": 0.50243, "precision": 0.50243, "recall": 1.0, "f1": 0.66883, "auc": 0.47421}
{"epoch": 82, "time_epoch": 1.42548, "eta": 23.47079, "eta_hours": 0.00652, "loss": 0.69315546, "lr": 7.784e-05, "params": 4017, "time_iter": 0.01105, "accuracy": 0.50243, "precision": 0.50243, "recall": 1.0, "f1": 0.66883, "auc": 0.4761}
{"epoch": 83, "time_epoch": 1.42865, "eta": 22.0993, "eta_hours": 0.00614, "loss": 0.69315622, "lr": 6.963e-05, "params": 4017, "time_iter": 0.01107, "accuracy": 0.50243, "precision": 0.50243, "recall": 1.0, "f1": 0.66883, "auc": 0.48041}
{"epoch": 84, "time_epoch": 1.42662, "eta": 20.72611, "eta_hours": 0.00576, "loss": 0.69315501, "lr": 6.185e-05, "params": 4017, "time_iter": 0.01106, "accuracy": 0.50243, "precision": 0.50243, "recall": 1.0, "f1": 0.66883, "auc": 0.46573}
{"epoch": 85, "time_epoch": 1.42752, "eta": 19.35182, "eta_hours": 0.00538, "loss": 0.69314822, "lr": 5.45e-05, "params": 4017, "time_iter": 0.01107, "accuracy": 0.50243, "precision": 0.50243, "recall": 1.0, "f1": 0.66883, "auc": 0.46758}
{"epoch": 86, "time_epoch": 1.42281, "eta": 17.9756, "eta_hours": 0.00499, "loss": 0.69314593, "lr": 4.759e-05, "params": 4017, "time_iter": 0.01103, "accuracy": 0.50243, "precision": 0.50243, "recall": 1.0, "f1": 0.66883, "auc": 0.47053}
{"epoch": 87, "time_epoch": 1.42538, "eta": 16.59868, "eta_hours": 0.00461, "loss": 0.69314854, "lr": 4.112e-05, "params": 4017, "time_iter": 0.01105, "accuracy": 0.50243, "precision": 0.50243, "recall": 1.0, "f1": 0.66883, "auc": 0.47045}
{"epoch": 88, "time_epoch": 1.4318, "eta": 15.22146, "eta_hours": 0.00423, "loss": 0.69314965, "lr": 3.511e-05, "params": 4017, "time_iter": 0.0111, "accuracy": 0.50243, "precision": 0.50243, "recall": 1.0, "f1": 0.66883, "auc": 0.47169}
{"epoch": 89, "time_epoch": 1.42564, "eta": 13.84234, "eta_hours": 0.00385, "loss": 0.6931496, "lr": 2.956e-05, "params": 4017, "time_iter": 0.01105, "accuracy": 0.50243, "precision": 0.50243, "recall": 1.0, "f1": 0.66883, "auc": 0.468}
{"epoch": 90, "time_epoch": 1.4266, "eta": 12.4623, "eta_hours": 0.00346, "loss": 0.6931453, "lr": 2.447e-05, "params": 4017, "time_iter": 0.01106, "accuracy": 0.50243, "precision": 0.50243, "recall": 1.0, "f1": 0.66883, "auc": 0.48123}
{"epoch": 91, "time_epoch": 1.42754, "eta": 11.08132, "eta_hours": 0.00308, "loss": 0.69313798, "lr": 1.985e-05, "params": 4017, "time_iter": 0.01107, "accuracy": 0.50243, "precision": 0.50243, "recall": 1.0, "f1": 0.66883, "auc": 0.48871}
{"epoch": 92, "time_epoch": 1.42209, "eta": 9.69894, "eta_hours": 0.00269, "loss": 0.69314204, "lr": 1.571e-05, "params": 4017, "time_iter": 0.01102, "accuracy": 0.50243, "precision": 0.50243, "recall": 1.0, "f1": 0.66883, "auc": 0.47549}
{"epoch": 93, "time_epoch": 1.42214, "eta": 8.31571, "eta_hours": 0.00231, "loss": 0.69314147, "lr": 1.204e-05, "params": 4017, "time_iter": 0.01102, "accuracy": 0.50243, "precision": 0.50243, "recall": 1.0, "f1": 0.66883, "auc": 0.46938}
{"epoch": 94, "time_epoch": 1.43361, "eta": 6.93227, "eta_hours": 0.00193, "loss": 0.69313872, "lr": 8.86e-06, "params": 4017, "time_iter": 0.01111, "accuracy": 0.50243, "precision": 0.50243, "recall": 1.0, "f1": 0.66883, "auc": 0.46841}
{"epoch": 95, "time_epoch": 1.42716, "eta": 5.54751, "eta_hours": 0.00154, "loss": 0.69313678, "lr": 6.16e-06, "params": 4017, "time_iter": 0.01106, "accuracy": 0.50243, "precision": 0.50243, "recall": 1.0, "f1": 0.66883, "auc": 0.48904}
{"epoch": 96, "time_epoch": 1.42596, "eta": 4.16184, "eta_hours": 0.00116, "loss": 0.69313393, "lr": 3.94e-06, "params": 4017, "time_iter": 0.01105, "accuracy": 0.50243, "precision": 0.50243, "recall": 1.0, "f1": 0.66883, "auc": 0.50983}
{"epoch": 97, "time_epoch": 1.42813, "eta": 2.77539, "eta_hours": 0.00077, "loss": 0.69313463, "lr": 2.22e-06, "params": 4017, "time_iter": 0.01107, "accuracy": 0.50243, "precision": 0.50243, "recall": 1.0, "f1": 0.66883, "auc": 0.51047}
{"epoch": 98, "time_epoch": 1.41834, "eta": 1.38801, "eta_hours": 0.00039, "loss": 0.69313495, "lr": 9.9e-07, "params": 4017, "time_iter": 0.01099, "accuracy": 0.50243, "precision": 0.50243, "recall": 1.0, "f1": 0.66883, "auc": 0.50228}
{"epoch": 99, "time_epoch": 1.42109, "eta": 0.0, "eta_hours": 0.0, "loss": 0.69313592, "lr": 2.5e-07, "params": 4017, "time_iter": 0.01102, "accuracy": 0.50243, "precision": 0.50243, "recall": 1.0, "f1": 0.66883, "auc": 0.49436}
