{"epoch": 0, "time_epoch": 6.41401, "eta": 634.9865, "eta_hours": 0.17639, "loss": 0.70617103, "lr": 0.001, "params": 9207, "time_iter": 0.58309, "accuracy": 0.47619, "precision": 0.47619, "recall": 1.0, "f1": 0.64516, "auc": 0.42727}
{"epoch": 1, "time_epoch": 7.51457, "eta": 682.50005, "eta_hours": 0.18958, "loss": 0.70396703, "lr": 0.00099975, "params": 9207, "time_iter": 0.68314, "accuracy": 0.47619, "precision": 0.47619, "recall": 1.0, "f1": 0.64516, "auc": 0.48409}
{"epoch": 2, "time_epoch": 0.41251, "eta": 463.69486, "eta_hours": 0.1288, "loss": 0.70268699, "lr": 0.00099901, "params": 9207, "time_iter": 0.0375, "accuracy": 0.47619, "precision": 0.47619, "recall": 1.0, "f1": 0.64516, "auc": 0.525}
{"epoch": 3, "time_epoch": 0.44328, "eta": 354.82448, "eta_hours": 0.09856, "loss": 0.70207309, "lr": 0.00099778, "params": 9207, "time_iter": 0.0403, "accuracy": 0.47619, "precision": 0.47619, "recall": 1.0, "f1": 0.64516, "auc": 0.36136}
{"epoch": 4, "time_epoch": 0.44257, "eta": 289.31158, "eta_hours": 0.08036, "loss": 0.69941039, "lr": 0.00099606, "params": 9207, "time_iter": 0.04023, "accuracy": 0.47619, "precision": 0.47619, "recall": 1.0, "f1": 0.64516, "auc": 0.56136}
{"epoch": 5, "time_epoch": 0.44972, "eta": 245.60085, "eta_hours": 0.06822, "loss": 0.69722182, "lr": 0.00099384, "params": 9207, "time_iter": 0.04088, "accuracy": 0.47619, "precision": 0.47619, "recall": 1.0, "f1": 0.64516, "auc": 0.65455}
{"epoch": 6, "time_epoch": 0.44682, "eta": 214.21181, "eta_hours": 0.0595, "loss": 0.69265592, "lr": 0.00099114, "params": 9207, "time_iter": 0.04062, "accuracy": 0.47619, "precision": 0.47619, "recall": 1.0, "f1": 0.64516, "auc": 0.82955}
{"epoch": 7, "time_epoch": 0.50715, "eta": 191.25212, "eta_hours": 0.05313, "loss": 0.68704181, "lr": 0.00098796, "params": 9207, "time_iter": 0.0461, "accuracy": 0.52381, "precision": 0.5, "recall": 1.0, "f1": 0.66667, "auc": 0.71591}
{"epoch": 8, "time_epoch": 0.50022, "eta": 173.21184, "eta_hours": 0.04811, "loss": 0.66706895, "lr": 0.00098429, "params": 9207, "time_iter": 0.04547, "accuracy": 0.66667, "precision": 0.6, "recall": 0.9, "f1": 0.72, "auc": 0.81591}
{"epoch": 9, "time_epoch": 0.49978, "eta": 158.67559, "eta_hours": 0.04408, "loss": 0.6369429, "lr": 0.00098015, "params": 9207, "time_iter": 0.04543, "accuracy": 0.7619, "precision": 0.69231, "recall": 0.9, "f1": 0.78261, "auc": 0.86818}
{"epoch": 10, "time_epoch": 0.50558, "eta": 146.73835, "eta_hours": 0.04076, "loss": 0.61595068, "lr": 0.00097553, "params": 9207, "time_iter": 0.04596, "accuracy": 0.7619, "precision": 0.72727, "recall": 0.8, "f1": 0.7619, "auc": 0.82727}
{"epoch": 11, "time_epoch": 0.50419, "eta": 136.6962, "eta_hours": 0.03797, "loss": 0.56241449, "lr": 0.00097044, "params": 9207, "time_iter": 0.04584, "accuracy": 0.71429, "precision": 0.7, "recall": 0.7, "f1": 0.7, "auc": 0.86136}
{"epoch": 12, "time_epoch": 0.50302, "eta": 128.11362, "eta_hours": 0.03559, "loss": 0.52570929, "lr": 0.00096489, "params": 9207, "time_iter": 0.04573, "accuracy": 0.7619, "precision": 0.75, "recall": 0.75, "f1": 0.75, "auc": 0.85682}
{"epoch": 13, "time_epoch": 0.50561, "eta": 120.70113, "eta_hours": 0.03353, "loss": 0.43012938, "lr": 0.00095888, "params": 9207, "time_iter": 0.04596, "accuracy": 0.88095, "precision": 0.89474, "recall": 0.85, "f1": 0.87179, "auc": 0.92273}
{"epoch": 14, "time_epoch": 0.50539, "eta": 114.2083, "eta_hours": 0.03172, "loss": 0.42640232, "lr": 0.00095241, "params": 9207, "time_iter": 0.04594, "accuracy": 0.85714, "precision": 0.88889, "recall": 0.8, "f1": 0.84211, "auc": 0.89545}
{"epoch": 15, "time_epoch": 0.50706, "eta": 108.47271, "eta_hours": 0.03013, "loss": 0.37946679, "lr": 0.0009455, "params": 9207, "time_iter": 0.0461, "accuracy": 0.83333, "precision": 0.84211, "recall": 0.8, "f1": 0.82051, "auc": 0.92273}
{"epoch": 16, "time_epoch": 0.50414, "eta": 103.33799, "eta_hours": 0.0287, "loss": 0.34418454, "lr": 0.00093815, "params": 9207, "time_iter": 0.04583, "accuracy": 0.85714, "precision": 0.85, "recall": 0.85, "f1": 0.85, "auc": 0.92955}
{"epoch": 17, "time_epoch": 0.50904, "eta": 98.74007, "eta_hours": 0.02743, "loss": 0.32783109, "lr": 0.00093037, "params": 9207, "time_iter": 0.04628, "accuracy": 0.90476, "precision": 1.0, "recall": 0.8, "f1": 0.88889, "auc": 0.93182}
{"epoch": 18, "time_epoch": 0.50584, "eta": 94.55894, "eta_hours": 0.02627, "loss": 0.31102887, "lr": 0.00092216, "params": 9207, "time_iter": 0.04599, "accuracy": 0.88095, "precision": 0.94118, "recall": 0.8, "f1": 0.86486, "auc": 0.93409}
{"epoch": 19, "time_epoch": 0.51951, "eta": 90.80002, "eta_hours": 0.02522, "loss": 0.31740207, "lr": 0.00091354, "params": 9207, "time_iter": 0.04723, "accuracy": 0.85714, "precision": 0.9375, "recall": 0.75, "f1": 0.83333, "auc": 0.93409}
{"epoch": 20, "time_epoch": 0.50688, "eta": 87.30207, "eta_hours": 0.02425, "loss": 0.40102364, "lr": 0.00090451, "params": 9207, "time_iter": 0.04608, "accuracy": 0.83333, "precision": 0.93333, "recall": 0.7, "f1": 0.8, "auc": 0.86818}
{"epoch": 21, "time_epoch": 0.50747, "eta": 84.07816, "eta_hours": 0.02336, "loss": 0.25720034, "lr": 0.00089508, "params": 9207, "time_iter": 0.04613, "accuracy": 0.92857, "precision": 1.0, "recall": 0.85, "f1": 0.91892, "auc": 0.95682}
{"epoch": 22, "time_epoch": 0.50757, "eta": 81.09079, "eta_hours": 0.02253, "loss": 0.13569655, "lr": 0.00088526, "params": 9207, "time_iter": 0.04614, "accuracy": 0.97619, "precision": 1.0, "recall": 0.95, "f1": 0.97436, "auc": 0.99773}
{"epoch": 23, "time_epoch": 0.51486, "eta": 78.33313, "eta_hours": 0.02176, "loss": 0.32359632, "lr": 0.00087506, "params": 9207, "time_iter": 0.04681, "accuracy": 0.85714, "precision": 0.9375, "recall": 0.75, "f1": 0.83333, "auc": 0.92045}
{"epoch": 24, "time_epoch": 0.51148, "eta": 75.74478, "eta_hours": 0.02104, "loss": 0.20332646, "lr": 0.00086448, "params": 9207, "time_iter": 0.0465, "accuracy": 0.90476, "precision": 0.94444, "recall": 0.85, "f1": 0.89474, "auc": 0.98409}
{"epoch": 25, "time_epoch": 0.51669, "eta": 73.33101, "eta_hours": 0.02037, "loss": 0.0924762, "lr": 0.00085355, "params": 9207, "time_iter": 0.04697, "accuracy": 1.0, "precision": 1.0, "recall": 1.0, "f1": 1.0, "auc": 1.0}
{"epoch": 26, "time_epoch": 0.50574, "eta": 71.02815, "eta_hours": 0.01973, "loss": 0.25241005, "lr": 0.00084227, "params": 9207, "time_iter": 0.04598, "accuracy": 0.90476, "precision": 0.9, "recall": 0.9, "f1": 0.9, "auc": 0.95682}
{"epoch": 27, "time_epoch": 0.50816, "eta": 68.85989, "eta_hours": 0.01913, "loss": 0.0856699, "lr": 0.00083066, "params": 9207, "time_iter": 0.0462, "accuracy": 0.95238, "precision": 0.95, "recall": 0.95, "f1": 0.95, "auc": 0.99773}
{"epoch": 28, "time_epoch": 0.5124, "eta": 66.81651, "eta_hours": 0.01856, "loss": 0.09560539, "lr": 0.00081871, "params": 9207, "time_iter": 0.04658, "accuracy": 0.97619, "precision": 1.0, "recall": 0.95, "f1": 0.97436, "auc": 1.0}
{"epoch": 29, "time_epoch": 0.51347, "eta": 64.87768, "eta_hours": 0.01802, "loss": 0.13994793, "lr": 0.00080645, "params": 9207, "time_iter": 0.04668, "accuracy": 0.95238, "precision": 0.95, "recall": 0.95, "f1": 0.95, "auc": 0.98636}
{"epoch": 30, "time_epoch": 0.50119, "eta": 63.00348, "eta_hours": 0.0175, "loss": 0.12878249, "lr": 0.00079389, "params": 9207, "time_iter": 0.04556, "accuracy": 0.95238, "precision": 1.0, "recall": 0.9, "f1": 0.94737, "auc": 0.98409}
{"epoch": 31, "time_epoch": 0.50176, "eta": 61.21629, "eta_hours": 0.017, "loss": 0.19353134, "lr": 0.00078104, "params": 9207, "time_iter": 0.04561, "accuracy": 0.92857, "precision": 0.94737, "recall": 0.9, "f1": 0.92308, "auc": 0.97045}
{"epoch": 32, "time_epoch": 0.50023, "eta": 59.50391, "eta_hours": 0.01653, "loss": 0.24012025, "lr": 0.00076791, "params": 9207, "time_iter": 0.04548, "accuracy": 0.92857, "precision": 0.86957, "recall": 1.0, "f1": 0.93023, "auc": 0.96591}
{"epoch": 33, "time_epoch": 0.50653, "eta": 57.87506, "eta_hours": 0.01608, "loss": 0.14383421, "lr": 0.00075452, "params": 9207, "time_iter": 0.04605, "accuracy": 0.95238, "precision": 1.0, "recall": 0.9, "f1": 0.94737, "auc": 0.98636}
{"epoch": 34, "time_epoch": 0.50527, "eta": 56.30801, "eta_hours": 0.01564, "loss": 0.08827425, "lr": 0.00074088, "params": 9207, "time_iter": 0.04593, "accuracy": 0.97619, "precision": 0.95238, "recall": 1.0, "f1": 0.97561, "auc": 0.99773}
{"epoch": 35, "time_epoch": 0.49806, "eta": 54.78711, "eta_hours": 0.01522, "loss": 0.29274241, "lr": 0.000727, "params": 9207, "time_iter": 0.04528, "accuracy": 0.88095, "precision": 0.82609, "recall": 0.95, "f1": 0.88372, "auc": 0.94773}
{"epoch": 36, "time_epoch": 0.49716, "eta": 53.31998, "eta_hours": 0.01481, "loss": 0.06214494, "lr": 0.00071289, "params": 9207, "time_iter": 0.0452, "accuracy": 0.97619, "precision": 0.95238, "recall": 1.0, "f1": 0.97561, "auc": 1.0}
{"epoch": 37, "time_epoch": 0.51643, "eta": 51.93535, "eta_hours": 0.01443, "loss": 0.14919468, "lr": 0.00069857, "params": 9207, "time_iter": 0.04695, "accuracy": 0.95238, "precision": 0.90909, "recall": 1.0, "f1": 0.95238, "auc": 0.98636}
{"epoch": 38, "time_epoch": 0.50986, "eta": 50.58496, "eta_hours": 0.01405, "loss": 0.14577218, "lr": 0.00068406, "params": 9207, "time_iter": 0.04635, "accuracy": 0.97619, "precision": 1.0, "recall": 0.95, "f1": 0.97436, "auc": 0.98864}
{"epoch": 39, "time_epoch": 0.51926, "eta": 49.29069, "eta_hours": 0.01369, "loss": 0.06313782, "lr": 0.00066937, "params": 9207, "time_iter": 0.04721, "accuracy": 0.97619, "precision": 1.0, "recall": 0.95, "f1": 0.97436, "auc": 1.0}
{"epoch": 40, "time_epoch": 0.50557, "eta": 48.01452, "eta_hours": 0.01334, "loss": 0.23712071, "lr": 0.00065451, "params": 9207, "time_iter": 0.04596, "accuracy": 0.88095, "precision": 0.89474, "recall": 0.85, "f1": 0.87179, "auc": 0.96364}
{"epoch": 41, "time_epoch": 0.49939, "eta": 46.76652, "eta_hours": 0.01299, "loss": 0.15871264, "lr": 0.0006395, "params": 9207, "time_iter": 0.0454, "accuracy": 0.92857, "precision": 0.86957, "recall": 1.0, "f1": 0.93023, "auc": 0.99545}
{"epoch": 42, "time_epoch": 0.4998, "eta": 45.55389, "eta_hours": 0.01265, "loss": 0.16842347, "lr": 0.00062434, "params": 9207, "time_iter": 0.04544, "accuracy": 0.92857, "precision": 0.90476, "recall": 0.95, "f1": 0.92683, "auc": 0.98636}
{"epoch": 43, "time_epoch": 0.50712, "eta": 44.38296, "eta_hours": 0.01233, "loss": 0.1820778, "lr": 0.00060907, "params": 9207, "time_iter": 0.0461, "accuracy": 0.90476, "precision": 0.9, "recall": 0.9, "f1": 0.9, "auc": 0.97955}
{"epoch": 44, "time_epoch": 0.50533, "eta": 43.23937, "eta_hours": 0.01201, "loss": 0.09860659, "lr": 0.00059369, "params": 9207, "time_iter": 0.04594, "accuracy": 0.97619, "precision": 1.0, "recall": 0.95, "f1": 0.97436, "auc": 0.99545}
{"epoch": 45, "time_epoch": 0.50604, "eta": 42.12435, "eta_hours": 0.0117, "loss": 0.36417122, "lr": 0.00057822, "params": 9207, "time_iter": 0.046, "accuracy": 0.85714, "precision": 0.79167, "recall": 0.95, "f1": 0.86364, "auc": 0.93636}
{"epoch": 46, "time_epoch": 0.50292, "eta": 41.03172, "eta_hours": 0.0114, "loss": 0.35708795, "lr": 0.00056267, "params": 9207, "time_iter": 0.04572, "accuracy": 0.88095, "precision": 0.89474, "recall": 0.85, "f1": 0.87179, "auc": 0.95682}
{"epoch": 47, "time_epoch": 0.50815, "eta": 39.96933, "eta_hours": 0.0111, "loss": 0.09185743, "lr": 0.00054705, "params": 9207, "time_iter": 0.0462, "accuracy": 0.95238, "precision": 0.90909, "recall": 1.0, "f1": 0.95238, "auc": 1.0}
{"epoch": 48, "time_epoch": 0.50985, "eta": 38.93133, "eta_hours": 0.01081, "loss": 0.04906122, "lr": 0.0005314, "params": 9207, "time_iter": 0.04635, "accuracy": 1.0, "precision": 1.0, "recall": 1.0, "f1": 1.0, "auc": 1.0}
{"epoch": 49, "time_epoch": 0.51559, "eta": 37.9202, "eta_hours": 0.01053, "loss": 0.04401895, "lr": 0.00051571, "params": 9207, "time_iter": 0.04687, "accuracy": 0.97619, "precision": 1.0, "recall": 0.95, "f1": 0.97436, "auc": 1.0}
{"epoch": 50, "time_epoch": 0.50566, "eta": 36.91896, "eta_hours": 0.01026, "loss": 0.31067975, "lr": 0.0005, "params": 9207, "time_iter": 0.04597, "accuracy": 0.95238, "precision": 0.95, "recall": 0.95, "f1": 0.95, "auc": 0.95}
{"epoch": 51, "time_epoch": 0.51004, "eta": 35.94083, "eta_hours": 0.00998, "loss": 0.0193695, "lr": 0.00048429, "params": 9207, "time_iter": 0.04637, "accuracy": 1.0, "precision": 1.0, "recall": 1.0, "f1": 1.0, "auc": 1.0}
{"epoch": 52, "time_epoch": 0.49872, "eta": 34.97033, "eta_hours": 0.00971, "loss": 0.26025493, "lr": 0.0004686, "params": 9207, "time_iter": 0.04534, "accuracy": 0.90476, "precision": 0.9, "recall": 0.9, "f1": 0.9, "auc": 0.97727}
{"epoch": 53, "time_epoch": 0.50568, "eta": 34.02322, "eta_hours": 0.00945, "loss": 0.01173954, "lr": 0.00045295, "params": 9207, "time_iter": 0.04597, "accuracy": 1.0, "precision": 1.0, "recall": 1.0, "f1": 1.0, "auc": 1.0}
{"epoch": 54, "time_epoch": 0.5061, "eta": 33.09251, "eta_hours": 0.00919, "loss": 0.13802745, "lr": 0.00043733, "params": 9207, "time_iter": 0.04601, "accuracy": 0.92857, "precision": 0.86957, "recall": 1.0, "f1": 0.93023, "auc": 1.0}
{"epoch": 55, "time_epoch": 0.50007, "eta": 32.17223, "eta_hours": 0.00894, "loss": 0.09312469, "lr": 0.00042178, "params": 9207, "time_iter": 0.04546, "accuracy": 0.95238, "precision": 0.90909, "recall": 1.0, "f1": 0.95238, "auc": 0.99773}
{"epoch": 56, "time_epoch": 0.50167, "eta": 31.2679, "eta_hours": 0.00869, "loss": 0.08082257, "lr": 0.00040631, "params": 9207, "time_iter": 0.04561, "accuracy": 0.97619, "precision": 1.0, "recall": 0.95, "f1": 0.97436, "auc": 0.99545}
{"epoch": 57, "time_epoch": 0.51311, "eta": 30.38574, "eta_hours": 0.00844, "loss": 0.16077843, "lr": 0.00039093, "params": 9207, "time_iter": 0.04665, "accuracy": 0.90476, "precision": 0.86364, "recall": 0.95, "f1": 0.90476, "auc": 0.99318}
{"epoch": 58, "time_epoch": 0.50509, "eta": 29.51051, "eta_hours": 0.0082, "loss": 0.63973818, "lr": 0.00037566, "params": 9207, "time_iter": 0.04592, "accuracy": 0.69048, "precision": 0.66667, "recall": 0.7, "f1": 0.68293, "auc": 0.87273}
{"epoch": 59, "time_epoch": 0.50623, "eta": 28.64839, "eta_hours": 0.00796, "loss": 0.04032947, "lr": 0.0003605, "params": 9207, "time_iter": 0.04602, "accuracy": 0.97619, "precision": 0.95238, "recall": 1.0, "f1": 0.97561, "auc": 1.0}
{"epoch": 60, "time_epoch": 0.5011, "eta": 27.79464, "eta_hours": 0.00772, "loss": 0.36218696, "lr": 0.00034549, "params": 9207, "time_iter": 0.04555, "accuracy": 0.88095, "precision": 0.85714, "recall": 0.9, "f1": 0.87805, "auc": 0.93864}
{"epoch": 61, "time_epoch": 0.50767, "eta": 26.95631, "eta_hours": 0.00749, "loss": 0.05607376, "lr": 0.00033063, "params": 9207, "time_iter": 0.04615, "accuracy": 0.97619, "precision": 1.0, "recall": 0.95, "f1": 0.97436, "auc": 1.0}
{"epoch": 62, "time_epoch": 0.512, "eta": 26.13101, "eta_hours": 0.00726, "loss": 0.04638241, "lr": 0.00031594, "params": 9207, "time_iter": 0.04655, "accuracy": 0.97619, "precision": 0.95238, "recall": 1.0, "f1": 0.97561, "auc": 1.0}
{"epoch": 63, "time_epoch": 0.50477, "eta": 25.31144, "eta_hours": 0.00703, "loss": 0.13446776, "lr": 0.00030143, "params": 9207, "time_iter": 0.04589, "accuracy": 0.95238, "precision": 0.95, "recall": 0.95, "f1": 0.95, "auc": 0.99318}
{"epoch": 64, "time_epoch": 0.51028, "eta": 24.50452, "eta_hours": 0.00681, "loss": 0.17916618, "lr": 0.00028711, "params": 9207, "time_iter": 0.04639, "accuracy": 0.88095, "precision": 0.89474, "recall": 0.85, "f1": 0.87179, "auc": 0.97727}
{"epoch": 65, "time_epoch": 0.51363, "eta": 23.70832, "eta_hours": 0.00659, "loss": 0.07414374, "lr": 0.000273, "params": 9207, "time_iter": 0.04669, "accuracy": 0.97619, "precision": 0.95238, "recall": 1.0, "f1": 0.97561, "auc": 0.99773}
{"epoch": 66, "time_epoch": 0.50154, "eta": 22.91459, "eta_hours": 0.00637, "loss": 0.21896687, "lr": 0.00025912, "params": 9207, "time_iter": 0.04559, "accuracy": 0.90476, "precision": 0.86364, "recall": 0.95, "f1": 0.90476, "auc": 0.98182}
{"epoch": 67, "time_epoch": 0.49928, "eta": 22.12839, "eta_hours": 0.00615, "loss": 0.20526417, "lr": 0.00024548, "params": 9207, "time_iter": 0.04539, "accuracy": 0.90476, "precision": 0.9, "recall": 0.9, "f1": 0.9, "auc": 0.97273}
{"epoch": 68, "time_epoch": 0.49755, "eta": 21.34974, "eta_hours": 0.00593, "loss": 0.04034035, "lr": 0.00023209, "params": 9207, "time_iter": 0.04523, "accuracy": 0.97619, "precision": 0.95238, "recall": 1.0, "f1": 0.97561, "auc": 1.0}
{"epoch": 69, "time_epoch": 0.50945, "eta": 20.58421, "eta_hours": 0.00572, "loss": 0.10653316, "lr": 0.00021896, "params": 9207, "time_iter": 0.04631, "accuracy": 0.95238, "precision": 1.0, "recall": 0.9, "f1": 0.94737, "auc": 0.99545}
{"epoch": 70, "time_epoch": 0.50264, "eta": 19.82312, "eta_hours": 0.00551, "loss": 0.07472333, "lr": 0.00020611, "params": 9207, "time_iter": 0.04569, "accuracy": 0.97619, "precision": 1.0, "recall": 0.95, "f1": 0.97436, "auc": 0.99773}
{"epoch": 71, "time_epoch": 0.5065, "eta": 19.07071, "eta_hours": 0.0053, "loss": 0.21398646, "lr": 0.00019355, "params": 9207, "time_iter": 0.04605, "accuracy": 0.95238, "precision": 0.95, "recall": 0.95, "f1": 0.95, "auc": 0.97955}
{"epoch": 72, "time_epoch": 0.50508, "eta": 18.32452, "eta_hours": 0.00509, "loss": 0.18624592, "lr": 0.00018129, "params": 9207, "time_iter": 0.04592, "accuracy": 0.92857, "precision": 0.94737, "recall": 0.9, "f1": 0.92308, "auc": 0.97727}
{"epoch": 73, "time_epoch": 0.49991, "eta": 17.58302, "eta_hours": 0.00488, "loss": 0.18727259, "lr": 0.00016934, "params": 9207, "time_iter": 0.04545, "accuracy": 0.88095, "precision": 0.82609, "recall": 0.95, "f1": 0.88372, "auc": 0.98864}
{"epoch": 74, "time_epoch": 0.50822, "eta": 16.85073, "eta_hours": 0.00468, "loss": 0.30213872, "lr": 0.00015773, "params": 9207, "time_iter": 0.0462, "accuracy": 0.88095, "precision": 0.85714, "recall": 0.9, "f1": 0.87805, "auc": 0.96364}
{"epoch": 75, "time_epoch": 0.49953, "eta": 16.1216, "eta_hours": 0.00448, "loss": 0.02320297, "lr": 0.00014645, "params": 9207, "time_iter": 0.04541, "accuracy": 1.0, "precision": 1.0, "recall": 1.0, "f1": 1.0, "auc": 1.0}
{"epoch": 76, "time_epoch": 0.50688, "eta": 15.40062, "eta_hours": 0.00428, "loss": 0.130003, "lr": 0.00013552, "params": 9207, "time_iter": 0.04608, "accuracy": 0.95238, "precision": 0.95, "recall": 0.95, "f1": 0.95, "auc": 0.99318}
{"epoch": 77, "time_epoch": 0.51079, "eta": 14.68624, "eta_hours": 0.00408, "loss": 0.09218003, "lr": 0.00012494, "params": 9207, "time_iter": 0.04644, "accuracy": 0.92857, "precision": 1.0, "recall": 0.85, "f1": 0.91892, "auc": 1.0}
{"epoch": 78, "time_epoch": 0.50237, "eta": 13.97477, "eta_hours": 0.00388, "loss": 0.14353088, "lr": 0.00011474, "params": 9207, "time_iter": 0.04567, "accuracy": 0.92857, "precision": 0.86957, "recall": 1.0, "f1": 0.93023, "auc": 0.99091}
{"epoch": 79, "time_epoch": 0.50869, "eta": 13.27012, "eta_hours": 0.00369, "loss": 0.07388158, "lr": 0.00010492, "params": 9207, "time_iter": 0.04624, "accuracy": 0.97619, "precision": 1.0, "recall": 0.95, "f1": 0.97436, "auc": 0.99545}
{"epoch": 80, "time_epoch": 0.49971, "eta": 12.56819, "eta_hours": 0.00349, "loss": 0.16087783, "lr": 9.549e-05, "params": 9207, "time_iter": 0.04543, "accuracy": 0.90476, "precision": 0.94444, "recall": 0.85, "f1": 0.89474, "auc": 0.99091}
{"epoch": 81, "time_epoch": 0.50351, "eta": 11.87203, "eta_hours": 0.0033, "loss": 0.31219602, "lr": 8.646e-05, "params": 9207, "time_iter": 0.04577, "accuracy": 0.88095, "precision": 0.89474, "recall": 0.85, "f1": 0.87179, "auc": 0.94318}
{"epoch": 82, "time_epoch": 0.50364, "eta": 11.18054, "eta_hours": 0.00311, "loss": 0.06876173, "lr": 7.784e-05, "params": 9207, "time_iter": 0.04579, "accuracy": 0.97619, "precision": 0.95238, "recall": 1.0, "f1": 0.97561, "auc": 1.0}
{"epoch": 83, "time_epoch": 0.5096, "eta": 10.49465, "eta_hours": 0.00292, "loss": 0.01346645, "lr": 6.963e-05, "params": 9207, "time_iter": 0.04633, "accuracy": 1.0, "precision": 1.0, "recall": 1.0, "f1": 1.0, "auc": 1.0}
{"epoch": 84, "time_epoch": 0.51052, "eta": 9.81308, "eta_hours": 0.00273, "loss": 0.19934038, "lr": 6.185e-05, "params": 9207, "time_iter": 0.04641, "accuracy": 0.90476, "precision": 0.9, "recall": 0.9, "f1": 0.9, "auc": 0.975}
{"epoch": 85, "time_epoch": 0.50193, "eta": 9.13409, "eta_hours": 0.00254, "loss": 0.01169507, "lr": 5.45e-05, "params": 9207, "time_iter": 0.04563, "accuracy": 1.0, "precision": 1.0, "recall": 1.0, "f1": 1.0, "auc": 1.0}
{"epoch": 86, "time_epoch": 0.50637, "eta": 8.45983, "eta_hours": 0.00235, "loss": 0.02180897, "lr": 4.759e-05, "params": 9207, "time_iter": 0.04603, "accuracy": 1.0, "precision": 1.0, "recall": 1.0, "f1": 1.0, "auc": 1.0}
{"epoch": 87, "time_epoch": 0.49898, "eta": 7.78837, "eta_hours": 0.00216, "loss": 0.02517185, "lr": 4.112e-05, "params": 9207, "time_iter": 0.04536, "accuracy": 1.0, "precision": 1.0, "recall": 1.0, "f1": 1.0, "auc": 1.0}
{"epoch": 88, "time_epoch": 0.51485, "eta": 7.12276, "eta_hours": 0.00198, "loss": 0.01305617, "lr": 3.511e-05, "params": 9207, "time_iter": 0.0468, "accuracy": 1.0, "precision": 1.0, "recall": 1.0, "f1": 1.0, "auc": 1.0}
{"epoch": 89, "time_epoch": 0.50629, "eta": 6.45954, "eta_hours": 0.00179, "loss": 0.00708769, "lr": 2.956e-05, "params": 9207, "time_iter": 0.04603, "accuracy": 1.0, "precision": 1.0, "recall": 1.0, "f1": 1.0, "auc": 1.0}
{"epoch": 90, "time_epoch": 0.50046, "eta": 5.7992, "eta_hours": 0.00161, "loss": 0.07344362, "lr": 2.447e-05, "params": 9207, "time_iter": 0.0455, "accuracy": 0.95238, "precision": 0.90909, "recall": 1.0, "f1": 0.95238, "auc": 1.0}
{"epoch": 91, "time_epoch": 0.51705, "eta": 5.14377, "eta_hours": 0.00143, "loss": 0.26745642, "lr": 1.985e-05, "params": 9207, "time_iter": 0.047, "accuracy": 0.90476, "precision": 0.9, "recall": 0.9, "f1": 0.9, "auc": 0.96818}
{"epoch": 92, "time_epoch": 0.50187, "eta": 4.49018, "eta_hours": 0.00125, "loss": 0.15357186, "lr": 1.571e-05, "params": 9207, "time_iter": 0.04562, "accuracy": 0.92857, "precision": 0.94737, "recall": 0.9, "f1": 0.92308, "auc": 0.98636}
{"epoch": 93, "time_epoch": 0.49996, "eta": 3.83969, "eta_hours": 0.00107, "loss": 0.01325633, "lr": 1.204e-05, "params": 9207, "time_iter": 0.04545, "accuracy": 1.0, "precision": 1.0, "recall": 1.0, "f1": 1.0, "auc": 1.0}
{"epoch": 94, "time_epoch": 0.49929, "eta": 3.19234, "eta_hours": 0.00089, "loss": 0.08174665, "lr": 8.86e-06, "params": 9207, "time_iter": 0.04539, "accuracy": 0.97619, "precision": 0.95238, "recall": 1.0, "f1": 0.97561, "auc": 1.0}
{"epoch": 95, "time_epoch": 0.50655, "eta": 2.54838, "eta_hours": 0.00071, "loss": 0.03826592, "lr": 6.16e-06, "params": 9207, "time_iter": 0.04605, "accuracy": 1.0, "precision": 1.0, "recall": 1.0, "f1": 1.0, "auc": 1.0}
{"epoch": 96, "time_epoch": 0.50956, "eta": 1.90734, "eta_hours": 0.00053, "loss": 0.17371981, "lr": 3.94e-06, "params": 9207, "time_iter": 0.04632, "accuracy": 0.92857, "precision": 0.94737, "recall": 0.9, "f1": 0.92308, "auc": 0.98636}
{"epoch": 97, "time_epoch": 0.50414, "eta": 1.26887, "eta_hours": 0.00035, "loss": 0.1338965, "lr": 2.22e-06, "params": 9207, "time_iter": 0.04583, "accuracy": 0.95238, "precision": 1.0, "recall": 0.9, "f1": 0.94737, "auc": 0.99773}
{"epoch": 98, "time_epoch": 0.5064, "eta": 0.63314, "eta_hours": 0.00018, "loss": 0.08417975, "lr": 9.9e-07, "params": 9207, "time_iter": 0.04604, "accuracy": 0.95238, "precision": 0.95, "recall": 0.95, "f1": 0.95, "auc": 0.99773}
{"epoch": 99, "time_epoch": 0.49869, "eta": 0.0, "eta_hours": 0.0, "loss": 0.28277257, "lr": 2.5e-07, "params": 9207, "time_iter": 0.04534, "accuracy": 0.88095, "precision": 0.85714, "recall": 0.9, "f1": 0.87805, "auc": 0.96364}
