{"epoch": 0, "time_epoch": 7.06125, "eta": 699.06342, "eta_hours": 0.19418, "loss": 0.6944799, "lr": 0.001, "params": 8313, "time_iter": 0.64193, "accuracy": 0.52381, "precision": 0.0, "recall": 0.0, "f1": 0.0, "auc": 0.37045}
{"epoch": 1, "time_epoch": 8.15553, "eta": 745.62186, "eta_hours": 0.20712, "loss": 0.69300968, "lr": 0.00099975, "params": 8313, "time_iter": 0.74141, "accuracy": 0.52381, "precision": 0.0, "recall": 0.0, "f1": 0.0, "auc": 0.42273}
{"epoch": 2, "time_epoch": 0.60837, "eta": 511.6796, "eta_hours": 0.14213, "loss": 0.69256894, "lr": 0.00099901, "params": 8313, "time_iter": 0.05531, "accuracy": 0.52381, "precision": 0.0, "recall": 0.0, "f1": 0.0, "auc": 0.56364}
{"epoch": 3, "time_epoch": 0.66142, "eta": 395.67755, "eta_hours": 0.10991, "loss": 0.69369431, "lr": 0.00099778, "params": 8313, "time_iter": 0.06013, "accuracy": 0.52381, "precision": 0.0, "recall": 0.0, "f1": 0.0, "auc": 0.46364}
{"epoch": 4, "time_epoch": 0.6615, "eta": 325.81322, "eta_hours": 0.0905, "loss": 0.69238954, "lr": 0.00099606, "params": 8313, "time_iter": 0.06014, "accuracy": 0.52381, "precision": 0.0, "recall": 0.0, "f1": 0.0, "auc": 0.58182}
{"epoch": 5, "time_epoch": 0.66209, "eta": 279.02577, "eta_hours": 0.07751, "loss": 0.69165682, "lr": 0.00099384, "params": 8313, "time_iter": 0.06019, "accuracy": 0.52381, "precision": 0.0, "recall": 0.0, "f1": 0.0, "auc": 0.60455}
{"epoch": 6, "time_epoch": 0.6752, "eta": 245.59113, "eta_hours": 0.06822, "loss": 0.69074398, "lr": 0.00099114, "params": 8313, "time_iter": 0.06138, "accuracy": 0.52381, "precision": 0.0, "recall": 0.0, "f1": 0.0, "auc": 0.625}
{"epoch": 7, "time_epoch": 0.65946, "eta": 220.16531, "eta_hours": 0.06116, "loss": 0.68854401, "lr": 0.00098796, "params": 8313, "time_iter": 0.05995, "accuracy": 0.52381, "precision": 0.0, "recall": 0.0, "f1": 0.0, "auc": 0.67045}
{"epoch": 8, "time_epoch": 0.66719, "eta": 200.32137, "eta_hours": 0.05564, "loss": 0.68526125, "lr": 0.00098429, "params": 8313, "time_iter": 0.06065, "accuracy": 0.52381, "precision": 0.0, "recall": 0.0, "f1": 0.0, "auc": 0.80227}
{"epoch": 9, "time_epoch": 0.68068, "eta": 184.43413, "eta_hours": 0.05123, "loss": 0.67940128, "lr": 0.00098015, "params": 8313, "time_iter": 0.06188, "accuracy": 0.52381, "precision": 0.0, "recall": 0.0, "f1": 0.0, "auc": 0.80682}
{"epoch": 10, "time_epoch": 0.65702, "eta": 171.1203, "eta_hours": 0.04753, "loss": 0.66875368, "lr": 0.00097553, "params": 8313, "time_iter": 0.05973, "accuracy": 0.66667, "precision": 0.8, "recall": 0.4, "f1": 0.53333, "auc": 0.79545}
{"epoch": 11, "time_epoch": 0.6637, "eta": 159.96493, "eta_hours": 0.04443, "loss": 0.63809878, "lr": 0.00097044, "params": 8313, "time_iter": 0.06034, "accuracy": 0.7381, "precision": 0.84615, "recall": 0.55, "f1": 0.66667, "auc": 0.88636}
{"epoch": 12, "time_epoch": 0.66737, "eta": 150.44826, "eta_hours": 0.04179, "loss": 0.6275261, "lr": 0.00096489, "params": 8313, "time_iter": 0.06067, "accuracy": 0.7381, "precision": 0.76471, "recall": 0.65, "f1": 0.7027, "auc": 0.84545}
{"epoch": 13, "time_epoch": 0.67079, "eta": 142.21677, "eta_hours": 0.0395, "loss": 0.5912802, "lr": 0.00095888, "params": 8313, "time_iter": 0.06098, "accuracy": 0.78571, "precision": 0.82353, "recall": 0.7, "f1": 0.75676, "auc": 0.84545}
{"epoch": 14, "time_epoch": 0.66064, "eta": 134.93585, "eta_hours": 0.03748, "loss": 0.54621387, "lr": 0.00095241, "params": 8313, "time_iter": 0.06006, "accuracy": 0.7619, "precision": 0.75, "recall": 0.75, "f1": 0.75, "auc": 0.86591}
{"epoch": 15, "time_epoch": 0.66812, "eta": 128.52173, "eta_hours": 0.0357, "loss": 0.49851741, "lr": 0.0009455, "params": 8313, "time_iter": 0.06074, "accuracy": 0.85714, "precision": 0.88889, "recall": 0.8, "f1": 0.84211, "auc": 0.89091}
{"epoch": 16, "time_epoch": 0.68216, "eta": 122.85213, "eta_hours": 0.03413, "loss": 0.41259056, "lr": 0.00093815, "params": 8313, "time_iter": 0.06201, "accuracy": 0.92857, "precision": 0.94737, "recall": 0.9, "f1": 0.92308, "auc": 0.925}
{"epoch": 17, "time_epoch": 0.65116, "eta": 117.59551, "eta_hours": 0.03267, "loss": 0.37125421, "lr": 0.00093037, "params": 8313, "time_iter": 0.0592, "accuracy": 0.83333, "precision": 0.84211, "recall": 0.8, "f1": 0.82051, "auc": 0.95227}
{"epoch": 18, "time_epoch": 0.67789, "eta": 112.93761, "eta_hours": 0.03137, "loss": 0.43456839, "lr": 0.00092216, "params": 8313, "time_iter": 0.06163, "accuracy": 0.80952, "precision": 0.8, "recall": 0.8, "f1": 0.8, "auc": 0.89773}
{"epoch": 19, "time_epoch": 0.66493, "eta": 108.62587, "eta_hours": 0.03017, "loss": 0.30642429, "lr": 0.00091354, "params": 8313, "time_iter": 0.06045, "accuracy": 0.90476, "precision": 0.94444, "recall": 0.85, "f1": 0.89474, "auc": 0.94545}
{"epoch": 20, "time_epoch": 0.676, "eta": 104.70308, "eta_hours": 0.02908, "loss": 0.37883195, "lr": 0.00090451, "params": 8313, "time_iter": 0.06145, "accuracy": 0.83333, "precision": 0.84211, "recall": 0.8, "f1": 0.82051, "auc": 0.92273}
{"epoch": 21, "time_epoch": 0.66725, "eta": 101.04444, "eta_hours": 0.02807, "loss": 0.23886539, "lr": 0.00089508, "params": 8313, "time_iter": 0.06066, "accuracy": 0.95238, "precision": 0.95, "recall": 0.95, "f1": 0.95, "auc": 0.97045}
{"epoch": 22, "time_epoch": 0.62038, "eta": 97.489, "eta_hours": 0.02708, "loss": 0.30254045, "lr": 0.00088526, "params": 8313, "time_iter": 0.0564, "accuracy": 0.85714, "precision": 0.85, "recall": 0.85, "f1": 0.85, "auc": 0.95455}
{"epoch": 23, "time_epoch": 0.62107, "eta": 94.18033, "eta_hours": 0.02616, "loss": 0.18876035, "lr": 0.00087506, "params": 8313, "time_iter": 0.05646, "accuracy": 0.92857, "precision": 0.94737, "recall": 0.9, "f1": 0.92308, "auc": 0.98636}
{"epoch": 24, "time_epoch": 0.63616, "eta": 91.13195, "eta_hours": 0.02531, "loss": 0.15754669, "lr": 0.00086448, "params": 8313, "time_iter": 0.05783, "accuracy": 0.92857, "precision": 0.90476, "recall": 0.95, "f1": 0.92683, "auc": 0.99091}
{"epoch": 25, "time_epoch": 0.62308, "eta": 88.23189, "eta_hours": 0.02451, "loss": 0.24524634, "lr": 0.00085355, "params": 8313, "time_iter": 0.05664, "accuracy": 0.92857, "precision": 0.94737, "recall": 0.9, "f1": 0.92308, "auc": 0.96591}
{"epoch": 26, "time_epoch": 0.63002, "eta": 85.51925, "eta_hours": 0.02376, "loss": 0.20262277, "lr": 0.00084227, "params": 8313, "time_iter": 0.05727, "accuracy": 0.92857, "precision": 0.90476, "recall": 0.95, "f1": 0.92683, "auc": 0.97727}
{"epoch": 27, "time_epoch": 0.62064, "eta": 82.93126, "eta_hours": 0.02304, "loss": 0.27932245, "lr": 0.00083066, "params": 8313, "time_iter": 0.05642, "accuracy": 0.85714, "precision": 0.81818, "recall": 0.9, "f1": 0.85714, "auc": 0.95227}
{"epoch": 28, "time_epoch": 0.62661, "eta": 80.49357, "eta_hours": 0.02236, "loss": 0.30235691, "lr": 0.00081871, "params": 8313, "time_iter": 0.05696, "accuracy": 0.90476, "precision": 0.94444, "recall": 0.85, "f1": 0.89474, "auc": 0.91818}
{"epoch": 29, "time_epoch": 0.62198, "eta": 78.16581, "eta_hours": 0.02171, "loss": 0.16739493, "lr": 0.00080645, "params": 8313, "time_iter": 0.05654, "accuracy": 0.92857, "precision": 0.94737, "recall": 0.9, "f1": 0.92308, "auc": 0.98864}
{"epoch": 30, "time_epoch": 0.6229, "eta": 75.95016, "eta_hours": 0.0211, "loss": 0.12490408, "lr": 0.00079389, "params": 8313, "time_iter": 0.05663, "accuracy": 0.95238, "precision": 0.90909, "recall": 1.0, "f1": 0.95238, "auc": 0.99318}
{"epoch": 31, "time_epoch": 0.63074, "eta": 73.85072, "eta_hours": 0.02051, "loss": 0.22371697, "lr": 0.00078104, "params": 8313, "time_iter": 0.05734, "accuracy": 0.90476, "precision": 0.83333, "recall": 1.0, "f1": 0.90909, "auc": 0.975}
{"epoch": 32, "time_epoch": 0.61937, "eta": 71.81719, "eta_hours": 0.01995, "loss": 0.13168594, "lr": 0.00076791, "params": 8313, "time_iter": 0.05631, "accuracy": 0.97619, "precision": 1.0, "recall": 0.95, "f1": 0.97436, "auc": 0.99318}
{"epoch": 33, "time_epoch": 0.62861, "eta": 69.8848, "eta_hours": 0.01941, "loss": 0.06939309, "lr": 0.00075452, "params": 8313, "time_iter": 0.05715, "accuracy": 0.97619, "precision": 0.95238, "recall": 1.0, "f1": 0.97561, "auc": 1.0}
{"epoch": 34, "time_epoch": 0.62208, "eta": 68.01477, "eta_hours": 0.01889, "loss": 0.14193266, "lr": 0.00074088, "params": 8313, "time_iter": 0.05655, "accuracy": 0.95238, "precision": 0.95, "recall": 0.95, "f1": 0.95, "auc": 0.98864}
{"epoch": 35, "time_epoch": 0.62434, "eta": 66.21809, "eta_hours": 0.01839, "loss": 0.16654972, "lr": 0.000727, "params": 8313, "time_iter": 0.05676, "accuracy": 0.92857, "precision": 0.94737, "recall": 0.9, "f1": 0.92308, "auc": 0.97955}
{"epoch": 36, "time_epoch": 0.62302, "eta": 64.48254, "eta_hours": 0.01791, "loss": 0.07265455, "lr": 0.00071289, "params": 8313, "time_iter": 0.05664, "accuracy": 1.0, "precision": 1.0, "recall": 1.0, "f1": 1.0, "auc": 1.0}
{"epoch": 37, "time_epoch": 0.62028, "eta": 62.80108, "eta_hours": 0.01744, "loss": 0.15518715, "lr": 0.00069857, "params": 8313, "time_iter": 0.05639, "accuracy": 0.92857, "precision": 0.90476, "recall": 0.95, "f1": 0.92683, "auc": 0.98636}
{"epoch": 38, "time_epoch": 0.63219, "eta": 61.19265, "eta_hours": 0.017, "loss": 0.18911136, "lr": 0.00068406, "params": 8313, "time_iter": 0.05747, "accuracy": 0.92857, "precision": 0.90476, "recall": 0.95, "f1": 0.92683, "auc": 0.98409}
{"epoch": 39, "time_epoch": 0.62568, "eta": 59.62328, "eta_hours": 0.01656, "loss": 0.24630963, "lr": 0.00066937, "params": 8313, "time_iter": 0.05688, "accuracy": 0.88095, "precision": 0.85714, "recall": 0.9, "f1": 0.87805, "auc": 0.97273}
{"epoch": 40, "time_epoch": 0.62508, "eta": 58.09907, "eta_hours": 0.01614, "loss": 0.34147304, "lr": 0.00065451, "params": 8313, "time_iter": 0.05683, "accuracy": 0.88095, "precision": 0.85714, "recall": 0.9, "f1": 0.87805, "auc": 0.95455}
{"epoch": 41, "time_epoch": 0.62328, "eta": 56.61519, "eta_hours": 0.01573, "loss": 0.2630302, "lr": 0.0006395, "params": 8313, "time_iter": 0.05666, "accuracy": 0.90476, "precision": 0.86364, "recall": 0.95, "f1": 0.90476, "auc": 0.95682}
{"epoch": 42, "time_epoch": 0.61604, "eta": 55.16174, "eta_hours": 0.01532, "loss": 0.03356706, "lr": 0.00062434, "params": 8313, "time_iter": 0.056, "accuracy": 1.0, "precision": 1.0, "recall": 1.0, "f1": 1.0, "auc": 1.0}
{"epoch": 43, "time_epoch": 0.62474, "eta": 53.75743, "eta_hours": 0.01493, "loss": 0.02115987, "lr": 0.00060907, "params": 8313, "time_iter": 0.05679, "accuracy": 1.0, "precision": 1.0, "recall": 1.0, "f1": 1.0, "auc": 1.0}
{"epoch": 44, "time_epoch": 0.61801, "eta": 52.37955, "eta_hours": 0.01455, "loss": 0.22341592, "lr": 0.00059369, "params": 8313, "time_iter": 0.05618, "accuracy": 0.90476, "precision": 0.94444, "recall": 0.85, "f1": 0.89474, "auc": 0.97273}
{"epoch": 45, "time_epoch": 0.61817, "eta": 51.03489, "eta_hours": 0.01418, "loss": 0.07722739, "lr": 0.00057822, "params": 8313, "time_iter": 0.0562, "accuracy": 0.97619, "precision": 0.95238, "recall": 1.0, "f1": 0.97561, "auc": 1.0}
{"epoch": 46, "time_epoch": 0.63165, "eta": 49.73635, "eta_hours": 0.01382, "loss": 0.15939672, "lr": 0.00056267, "params": 8313, "time_iter": 0.05742, "accuracy": 0.90476, "precision": 0.83333, "recall": 1.0, "f1": 0.90909, "auc": 0.99091}
{"epoch": 47, "time_epoch": 0.69196, "eta": 48.53093, "eta_hours": 0.01348, "loss": 0.10913442, "lr": 0.00054705, "params": 8313, "time_iter": 0.06291, "accuracy": 0.90476, "precision": 0.86364, "recall": 0.95, "f1": 0.90476, "auc": 0.99318}
{"epoch": 48, "time_epoch": 0.70024, "eta": 47.35508, "eta_hours": 0.01315, "loss": 0.08531539, "lr": 0.0005314, "params": 8313, "time_iter": 0.06366, "accuracy": 0.95238, "precision": 0.90909, "recall": 1.0, "f1": 0.95238, "auc": 1.0}
{"epoch": 49, "time_epoch": 0.84387, "eta": 46.34189, "eta_hours": 0.01287, "loss": 0.25166408, "lr": 0.00051571, "params": 8313, "time_iter": 0.07672, "accuracy": 0.90476, "precision": 0.9, "recall": 0.9, "f1": 0.9, "auc": 0.97273}
{"epoch": 50, "time_epoch": 0.55721, "eta": 45.05991, "eta_hours": 0.01252, "loss": 0.28976499, "lr": 0.0005, "params": 8313, "time_iter": 0.05066, "accuracy": 0.90476, "precision": 0.9, "recall": 0.9, "f1": 0.9, "auc": 0.96136}
{"epoch": 51, "time_epoch": 0.5497, "eta": 43.79889, "eta_hours": 0.01217, "loss": 0.02995738, "lr": 0.00048429, "params": 8313, "time_iter": 0.04997, "accuracy": 1.0, "precision": 1.0, "recall": 1.0, "f1": 1.0, "auc": 1.0}
{"epoch": 52, "time_epoch": 0.63544, "eta": 42.64074, "eta_hours": 0.01184, "loss": 0.06393063, "lr": 0.0004686, "params": 8313, "time_iter": 0.05777, "accuracy": 0.97619, "precision": 0.95238, "recall": 1.0, "f1": 0.97561, "auc": 1.0}
{"epoch": 53, "time_epoch": 0.65111, "eta": 41.5153, "eta_hours": 0.01153, "loss": 0.10650674, "lr": 0.00045295, "params": 8313, "time_iter": 0.05919, "accuracy": 0.95238, "precision": 0.95, "recall": 0.95, "f1": 0.95, "auc": 0.99545}
{"epoch": 54, "time_epoch": 0.69862, "eta": 40.44597, "eta_hours": 0.01123, "loss": 0.05948292, "lr": 0.00043733, "params": 8313, "time_iter": 0.06351, "accuracy": 0.97619, "precision": 1.0, "recall": 0.95, "f1": 0.97436, "auc": 0.99773}
{"epoch": 55, "time_epoch": 0.6938, "eta": 39.3861, "eta_hours": 0.01094, "loss": 0.07632924, "lr": 0.00042178, "params": 8313, "time_iter": 0.06307, "accuracy": 0.95238, "precision": 0.90909, "recall": 1.0, "f1": 0.95238, "auc": 1.0}
{"epoch": 56, "time_epoch": 0.68784, "eta": 38.33457, "eta_hours": 0.01065, "loss": 0.28322393, "lr": 0.00040631, "params": 8313, "time_iter": 0.06253, "accuracy": 0.88095, "precision": 0.85714, "recall": 0.9, "f1": 0.87805, "auc": 0.95909}
{"epoch": 57, "time_epoch": 0.69365, "eta": 37.2998, "eta_hours": 0.01036, "loss": 0.18999156, "lr": 0.00039093, "params": 8313, "time_iter": 0.06306, "accuracy": 0.90476, "precision": 0.86364, "recall": 0.95, "f1": 0.90476, "auc": 0.98409}
{"epoch": 58, "time_epoch": 0.69902, "eta": 36.28032, "eta_hours": 0.01008, "loss": 0.20219018, "lr": 0.00037566, "params": 8313, "time_iter": 0.06355, "accuracy": 0.90476, "precision": 0.86364, "recall": 0.95, "f1": 0.90476, "auc": 0.97955}
{"epoch": 59, "time_epoch": 0.69851, "eta": 35.27118, "eta_hours": 0.0098, "loss": 0.22117347, "lr": 0.0003605, "params": 8313, "time_iter": 0.0635, "accuracy": 0.90476, "precision": 0.94444, "recall": 0.85, "f1": 0.89474, "auc": 0.97727}
{"epoch": 60, "time_epoch": 0.71394, "eta": 34.2821, "eta_hours": 0.00952, "loss": 0.38816261, "lr": 0.00034549, "params": 8313, "time_iter": 0.0649, "accuracy": 0.7619, "precision": 0.77778, "recall": 0.7, "f1": 0.73684, "auc": 0.91136}
{"epoch": 61, "time_epoch": 0.69581, "eta": 33.29078, "eta_hours": 0.00925, "loss": 0.25250838, "lr": 0.00033063, "params": 8313, "time_iter": 0.06326, "accuracy": 0.88095, "precision": 0.89474, "recall": 0.85, "f1": 0.87179, "auc": 0.97045}
{"epoch": 62, "time_epoch": 0.70511, "eta": 32.3143, "eta_hours": 0.00898, "loss": 0.17161497, "lr": 0.00031594, "params": 8313, "time_iter": 0.0641, "accuracy": 0.92857, "precision": 0.90476, "recall": 0.95, "f1": 0.92683, "auc": 0.98864}
{"epoch": 63, "time_epoch": 0.69876, "eta": 31.34273, "eta_hours": 0.00871, "loss": 0.13094824, "lr": 0.00030143, "params": 8313, "time_iter": 0.06352, "accuracy": 0.95238, "precision": 1.0, "recall": 0.9, "f1": 0.94737, "auc": 0.99318}
{"epoch": 64, "time_epoch": 0.7029, "eta": 30.38178, "eta_hours": 0.00844, "loss": 0.06997921, "lr": 0.00028711, "params": 8313, "time_iter": 0.0639, "accuracy": 0.97619, "precision": 0.95238, "recall": 1.0, "f1": 0.97561, "auc": 1.0}
{"epoch": 65, "time_epoch": 0.70741, "eta": 29.43097, "eta_hours": 0.00818, "loss": 0.23882483, "lr": 0.000273, "params": 8313, "time_iter": 0.06431, "accuracy": 0.90476, "precision": 0.9, "recall": 0.9, "f1": 0.9, "auc": 0.96136}
{"epoch": 66, "time_epoch": 0.69782, "eta": 28.48271, "eta_hours": 0.00791, "loss": 0.21268977, "lr": 0.00025912, "params": 8313, "time_iter": 0.06344, "accuracy": 0.90476, "precision": 0.94444, "recall": 0.85, "f1": 0.89474, "auc": 0.97955}
{"epoch": 67, "time_epoch": 0.70085, "eta": 27.54324, "eta_hours": 0.00765, "loss": 0.14525428, "lr": 0.00024548, "params": 8313, "time_iter": 0.06371, "accuracy": 0.90476, "precision": 0.83333, "recall": 1.0, "f1": 0.90909, "auc": 1.0}
{"epoch": 68, "time_epoch": 0.70625, "eta": 26.61311, "eta_hours": 0.00739, "loss": 0.37727622, "lr": 0.00023209, "params": 8313, "time_iter": 0.0642, "accuracy": 0.90476, "precision": 0.94444, "recall": 0.85, "f1": 0.89474, "auc": 0.95227}
{"epoch": 69, "time_epoch": 0.70287, "eta": 25.68793, "eta_hours": 0.00714, "loss": 0.03048492, "lr": 0.00021896, "params": 8313, "time_iter": 0.0639, "accuracy": 0.97619, "precision": 0.95238, "recall": 1.0, "f1": 0.97561, "auc": 1.0}
{"epoch": 70, "time_epoch": 0.69793, "eta": 24.76699, "eta_hours": 0.00688, "loss": 0.02289634, "lr": 0.00020611, "params": 8313, "time_iter": 0.06345, "accuracy": 1.0, "precision": 1.0, "recall": 1.0, "f1": 1.0, "auc": 1.0}
{"epoch": 71, "time_epoch": 0.69738, "eta": 23.85204, "eta_hours": 0.00663, "loss": 0.03568398, "lr": 0.00019355, "params": 8313, "time_iter": 0.0634, "accuracy": 1.0, "precision": 1.0, "recall": 1.0, "f1": 1.0, "auc": 1.0}
{"epoch": 72, "time_epoch": 0.70378, "eta": 22.94541, "eta_hours": 0.00637, "loss": 0.01136551, "lr": 0.00018129, "params": 8313, "time_iter": 0.06398, "accuracy": 1.0, "precision": 1.0, "recall": 1.0, "f1": 1.0, "auc": 1.0}
{"epoch": 73, "time_epoch": 0.70843, "eta": 22.0459, "eta_hours": 0.00612, "loss": 0.18265252, "lr": 0.00016934, "params": 8313, "time_iter": 0.0644, "accuracy": 0.90476, "precision": 0.9, "recall": 0.9, "f1": 0.9, "auc": 0.98182}
{"epoch": 74, "time_epoch": 0.70919, "eta": 21.15174, "eta_hours": 0.00588, "loss": 0.02871122, "lr": 0.00015773, "params": 8313, "time_iter": 0.06447, "accuracy": 1.0, "precision": 1.0, "recall": 1.0, "f1": 1.0, "auc": 1.0}
{"epoch": 75, "time_epoch": 0.71023, "eta": 20.26277, "eta_hours": 0.00563, "loss": 0.06208145, "lr": 0.00014645, "params": 8313, "time_iter": 0.06457, "accuracy": 0.95238, "precision": 0.90909, "recall": 1.0, "f1": 0.95238, "auc": 1.0}
{"epoch": 76, "time_epoch": 0.7031, "eta": 19.37632, "eta_hours": 0.00538, "loss": 0.04706443, "lr": 0.00013552, "params": 8313, "time_iter": 0.06392, "accuracy": 0.97619, "precision": 1.0, "recall": 0.95, "f1": 0.97436, "auc": 1.0}
{"epoch": 77, "time_epoch": 0.7136, "eta": 18.49753, "eta_hours": 0.00514, "loss": 0.2087654, "lr": 0.00012494, "params": 8313, "time_iter": 0.06487, "accuracy": 0.85714, "precision": 0.79167, "recall": 0.95, "f1": 0.86364, "auc": 0.98409}
{"epoch": 78, "time_epoch": 0.70402, "eta": 17.62037, "eta_hours": 0.00489, "loss": 0.27368984, "lr": 0.00011474, "params": 8313, "time_iter": 0.064, "accuracy": 0.90476, "precision": 0.9, "recall": 0.9, "f1": 0.9, "auc": 0.95682}
{"epoch": 79, "time_epoch": 0.70038, "eta": 16.74664, "eta_hours": 0.00465, "loss": 0.13658519, "lr": 0.00010492, "params": 8313, "time_iter": 0.06367, "accuracy": 0.97619, "precision": 1.0, "recall": 0.95, "f1": 0.97436, "auc": 0.99545}
{"epoch": 80, "time_epoch": 0.70608, "eta": 15.87852, "eta_hours": 0.00441, "loss": 0.16883262, "lr": 9.549e-05, "params": 8313, "time_iter": 0.06419, "accuracy": 0.92857, "precision": 0.90476, "recall": 0.95, "f1": 0.92683, "auc": 0.99091}
{"epoch": 81, "time_epoch": 0.70549, "eta": 15.01422, "eta_hours": 0.00417, "loss": 0.09276774, "lr": 8.646e-05, "params": 8313, "time_iter": 0.06414, "accuracy": 0.97619, "precision": 0.95238, "recall": 1.0, "f1": 0.97561, "auc": 0.99773}
{"epoch": 82, "time_epoch": 0.70149, "eta": 14.15293, "eta_hours": 0.00393, "loss": 0.11193137, "lr": 7.784e-05, "params": 8313, "time_iter": 0.06377, "accuracy": 0.95238, "precision": 0.90909, "recall": 1.0, "f1": 0.95238, "auc": 1.0}
{"epoch": 83, "time_epoch": 0.71036, "eta": 13.29714, "eta_hours": 0.00369, "loss": 0.17005763, "lr": 6.963e-05, "params": 8313, "time_iter": 0.06458, "accuracy": 0.90476, "precision": 0.94444, "recall": 0.85, "f1": 0.89474, "auc": 0.98864}
{"epoch": 84, "time_epoch": 0.70341, "eta": 12.44354, "eta_hours": 0.00346, "loss": 0.07530634, "lr": 6.185e-05, "params": 8313, "time_iter": 0.06395, "accuracy": 0.95238, "precision": 0.90909, "recall": 1.0, "f1": 0.95238, "auc": 1.0}
{"epoch": 85, "time_epoch": 0.70849, "eta": 11.59426, "eta_hours": 0.00322, "loss": 0.06052686, "lr": 5.45e-05, "params": 8313, "time_iter": 0.06441, "accuracy": 0.97619, "precision": 0.95238, "recall": 1.0, "f1": 0.97561, "auc": 1.0}
{"epoch": 86, "time_epoch": 0.70532, "eta": 10.74774, "eta_hours": 0.00299, "loss": 0.05516392, "lr": 4.759e-05, "params": 8313, "time_iter": 0.06412, "accuracy": 0.97619, "precision": 0.95238, "recall": 1.0, "f1": 0.97561, "auc": 1.0}
{"epoch": 87, "time_epoch": 0.69585, "eta": 9.90314, "eta_hours": 0.00275, "loss": 0.07372662, "lr": 4.112e-05, "params": 8313, "time_iter": 0.06326, "accuracy": 0.97619, "precision": 1.0, "recall": 0.95, "f1": 0.97436, "auc": 0.99773}
{"epoch": 88, "time_epoch": 0.68676, "eta": 9.06076, "eta_hours": 0.00252, "loss": 0.14161598, "lr": 3.511e-05, "params": 8313, "time_iter": 0.06243, "accuracy": 0.90476, "precision": 0.9, "recall": 0.9, "f1": 0.9, "auc": 0.98636}
{"epoch": 89, "time_epoch": 0.68686, "eta": 8.22185, "eta_hours": 0.00228, "loss": 0.04364512, "lr": 2.956e-05, "params": 8313, "time_iter": 0.06244, "accuracy": 0.97619, "precision": 0.95238, "recall": 1.0, "f1": 0.97561, "auc": 1.0}
{"epoch": 90, "time_epoch": 0.68782, "eta": 7.38638, "eta_hours": 0.00205, "loss": 0.04028133, "lr": 2.447e-05, "params": 8313, "time_iter": 0.06253, "accuracy": 0.97619, "precision": 0.95238, "recall": 1.0, "f1": 0.97561, "auc": 1.0}
{"epoch": 91, "time_epoch": 0.6874, "eta": 6.55408, "eta_hours": 0.00182, "loss": 0.06917587, "lr": 1.985e-05, "params": 8313, "time_iter": 0.06249, "accuracy": 0.97619, "precision": 0.95238, "recall": 1.0, "f1": 0.97561, "auc": 1.0}
{"epoch": 92, "time_epoch": 0.68871, "eta": 5.72499, "eta_hours": 0.00159, "loss": 0.04502413, "lr": 1.571e-05, "params": 8313, "time_iter": 0.06261, "accuracy": 1.0, "precision": 1.0, "recall": 1.0, "f1": 1.0, "auc": 1.0}
{"epoch": 93, "time_epoch": 0.69259, "eta": 4.89914, "eta_hours": 0.00136, "loss": 0.00141765, "lr": 1.204e-05, "params": 8313, "time_iter": 0.06296, "accuracy": 1.0, "precision": 1.0, "recall": 1.0, "f1": 1.0, "auc": 1.0}
{"epoch": 94, "time_epoch": 0.68934, "eta": 4.07592, "eta_hours": 0.00113, "loss": 0.33077948, "lr": 8.86e-06, "params": 8313, "time_iter": 0.06267, "accuracy": 0.90476, "precision": 0.94444, "recall": 0.85, "f1": 0.89474, "auc": 0.96364}
{"epoch": 95, "time_epoch": 0.69327, "eta": 3.25566, "eta_hours": 0.0009, "loss": 0.0065548, "lr": 6.16e-06, "params": 8313, "time_iter": 0.06302, "accuracy": 1.0, "precision": 1.0, "recall": 1.0, "f1": 1.0, "auc": 1.0}
{"epoch": 96, "time_epoch": 0.69458, "eta": 2.43805, "eta_hours": 0.00068, "loss": 0.10503427, "lr": 3.94e-06, "params": 8313, "time_iter": 0.06314, "accuracy": 0.95238, "precision": 0.95, "recall": 0.95, "f1": 0.95, "auc": 0.99773}
{"epoch": 97, "time_epoch": 0.68635, "eta": 1.62279, "eta_hours": 0.00045, "loss": 0.1425204, "lr": 2.22e-06, "params": 8313, "time_iter": 0.0624, "accuracy": 0.92857, "precision": 0.86957, "recall": 1.0, "f1": 0.93023, "auc": 0.99318}
{"epoch": 98, "time_epoch": 0.70004, "eta": 0.81027, "eta_hours": 0.00023, "loss": 0.23471131, "lr": 9.9e-07, "params": 8313, "time_iter": 0.06364, "accuracy": 0.95238, "precision": 0.95, "recall": 0.95, "f1": 0.95, "auc": 0.97955}
{"epoch": 99, "time_epoch": 0.69265, "eta": 0.0, "eta_hours": 0.0, "loss": 0.00533007, "lr": 2.5e-07, "params": 8313, "time_iter": 0.06297, "accuracy": 1.0, "precision": 1.0, "recall": 1.0, "f1": 1.0, "auc": 1.0}
