{"epoch": 0, "time_epoch": 2.36843, "eta": 234.47428, "eta_hours": 0.06513, "loss": 0.69734986, "lr": 0.001, "params": 6295, "time_iter": 0.06233, "accuracy": 0.52, "precision": 0.52, "recall": 1.0, "f1": 0.68421, "auc": 0.4545}
{"epoch": 1, "time_epoch": 2.48109, "eta": 237.62646, "eta_hours": 0.06601, "loss": 0.69462257, "lr": 0.00099975, "params": 6295, "time_iter": 0.06529, "accuracy": 0.52, "precision": 0.52, "recall": 1.0, "f1": 0.68421, "auc": 0.48771}
{"epoch": 2, "time_epoch": 1.59812, "eta": 208.47364, "eta_hours": 0.05791, "loss": 0.69319455, "lr": 0.00099901, "params": 6295, "time_iter": 0.04206, "accuracy": 0.52, "precision": 0.52, "recall": 1.0, "f1": 0.68421, "auc": 0.51353}
{"epoch": 3, "time_epoch": 1.75074, "eta": 196.76101, "eta_hours": 0.05466, "loss": 0.69357787, "lr": 0.00099778, "params": 6295, "time_iter": 0.04607, "accuracy": 0.52, "precision": 0.52, "recall": 1.0, "f1": 0.68421, "auc": 0.39174}
{"epoch": 4, "time_epoch": 1.75425, "eta": 189.09982, "eta_hours": 0.05253, "loss": 0.69359513, "lr": 0.00099606, "params": 6295, "time_iter": 0.04616, "accuracy": 0.52, "precision": 0.52, "recall": 1.0, "f1": 0.68421, "auc": 0.39209}
{"epoch": 5, "time_epoch": 1.74178, "eta": 183.21234, "eta_hours": 0.05089, "loss": 0.69287899, "lr": 0.00099384, "params": 6295, "time_iter": 0.04584, "accuracy": 0.52, "precision": 0.52, "recall": 1.0, "f1": 0.68421, "auc": 0.35595}
{"epoch": 6, "time_epoch": 1.74391, "eta": 178.53756, "eta_hours": 0.04959, "loss": 0.69361602, "lr": 0.00099114, "params": 6295, "time_iter": 0.04589, "accuracy": 0.52, "precision": 0.52, "recall": 1.0, "f1": 0.68421, "auc": 0.42183}
{"epoch": 7, "time_epoch": 1.74689, "eta": 174.62983, "eta_hours": 0.04851, "loss": 0.69259556, "lr": 0.00098796, "params": 6295, "time_iter": 0.04597, "accuracy": 0.52, "precision": 0.52, "recall": 1.0, "f1": 0.68421, "auc": 0.42521}
{"epoch": 8, "time_epoch": 1.74852, "eta": 171.21879, "eta_hours": 0.04756, "loss": 0.69261087, "lr": 0.00098429, "params": 6295, "time_iter": 0.04601, "accuracy": 0.52, "precision": 0.52, "recall": 1.0, "f1": 0.68421, "auc": 0.46065}
{"epoch": 9, "time_epoch": 1.7426, "eta": 168.08694, "eta_hours": 0.04669, "loss": 0.69303292, "lr": 0.00098015, "params": 6295, "time_iter": 0.04586, "accuracy": 0.52, "precision": 0.52, "recall": 1.0, "f1": 0.68421, "auc": 0.41115}
{"epoch": 10, "time_epoch": 1.74145, "eta": 165.19834, "eta_hours": 0.04589, "loss": 0.6929584, "lr": 0.00097553, "params": 6295, "time_iter": 0.04583, "accuracy": 0.52, "precision": 0.52, "recall": 1.0, "f1": 0.68421, "auc": 0.40705}
{"epoch": 11, "time_epoch": 1.74055, "eta": 162.49437, "eta_hours": 0.04514, "loss": 0.69307041, "lr": 0.00097044, "params": 6295, "time_iter": 0.0458, "accuracy": 0.52, "precision": 0.52, "recall": 1.0, "f1": 0.68421, "auc": 0.42005}
{"epoch": 12, "time_epoch": 1.75237, "eta": 160.01774, "eta_hours": 0.04445, "loss": 0.69298984, "lr": 0.00096489, "params": 6295, "time_iter": 0.04612, "accuracy": 0.52, "precision": 0.52, "recall": 1.0, "f1": 0.68421, "auc": 0.44142}
{"epoch": 13, "time_epoch": 1.73746, "eta": 157.55298, "eta_hours": 0.04376, "loss": 0.69337674, "lr": 0.00095888, "params": 6295, "time_iter": 0.04572, "accuracy": 0.52, "precision": 0.52, "recall": 1.0, "f1": 0.68421, "auc": 0.42877}
{"epoch": 14, "time_epoch": 1.73739, "eta": 155.18476, "eta_hours": 0.04311, "loss": 0.69282801, "lr": 0.00095241, "params": 6295, "time_iter": 0.04572, "accuracy": 0.52, "precision": 0.52, "recall": 1.0, "f1": 0.68421, "auc": 0.43251}
{"epoch": 15, "time_epoch": 1.74485, "eta": 152.9346, "eta_hours": 0.04248, "loss": 0.69298356, "lr": 0.0009455, "params": 6295, "time_iter": 0.04592, "accuracy": 0.52, "precision": 0.52, "recall": 1.0, "f1": 0.68421, "auc": 0.37767}
{"epoch": 16, "time_epoch": 1.73505, "eta": 150.69604, "eta_hours": 0.04186, "loss": 0.69294685, "lr": 0.00093815, "params": 6295, "time_iter": 0.04566, "accuracy": 0.52, "precision": 0.52, "recall": 1.0, "f1": 0.68421, "auc": 0.40331}
{"epoch": 17, "time_epoch": 1.73005, "eta": 148.49064, "eta_hours": 0.04125, "loss": 0.69326006, "lr": 0.00093037, "params": 6295, "time_iter": 0.04553, "accuracy": 0.52, "precision": 0.52, "recall": 1.0, "f1": 0.68421, "auc": 0.42753}
{"epoch": 18, "time_epoch": 1.74365, "eta": 146.39325, "eta_hours": 0.04066, "loss": 0.69453645, "lr": 0.00092216, "params": 6295, "time_iter": 0.04589, "accuracy": 0.52, "precision": 0.52, "recall": 1.0, "f1": 0.68421, "auc": 0.34954}
{"epoch": 19, "time_epoch": 1.73169, "eta": 144.28338, "eta_hours": 0.04008, "loss": 0.69289136, "lr": 0.00091354, "params": 6295, "time_iter": 0.04557, "accuracy": 0.52, "precision": 0.52, "recall": 1.0, "f1": 0.68421, "auc": 0.39726}
{"epoch": 20, "time_epoch": 1.7383, "eta": 142.2344, "eta_hours": 0.03951, "loss": 0.69280747, "lr": 0.00090451, "params": 6295, "time_iter": 0.04574, "accuracy": 0.52, "precision": 0.52, "recall": 1.0, "f1": 0.68421, "auc": 0.43349}
{"epoch": 21, "time_epoch": 1.7309, "eta": 140.18743, "eta_hours": 0.03894, "loss": 0.69276773, "lr": 0.00089508, "params": 6295, "time_iter": 0.04555, "accuracy": 0.52, "precision": 0.52, "recall": 1.0, "f1": 0.68421, "auc": 0.4058}
{"epoch": 22, "time_epoch": 1.73614, "eta": 138.18548, "eta_hours": 0.03838, "loss": 0.69293536, "lr": 0.00088526, "params": 6295, "time_iter": 0.04569, "accuracy": 0.52, "precision": 0.52, "recall": 1.0, "f1": 0.68421, "auc": 0.39779}
{"epoch": 23, "time_epoch": 1.73734, "eta": 136.2095, "eta_hours": 0.03784, "loss": 0.6929147, "lr": 0.00087506, "params": 6295, "time_iter": 0.04572, "accuracy": 0.52, "precision": 0.52, "recall": 1.0, "f1": 0.68421, "auc": 0.43323}
{"epoch": 24, "time_epoch": 1.73481, "eta": 134.24502, "eta_hours": 0.03729, "loss": 0.69298013, "lr": 0.00086448, "params": 6295, "time_iter": 0.04565, "accuracy": 0.52, "precision": 0.52, "recall": 1.0, "f1": 0.68421, "auc": 0.40776}
{"epoch": 25, "time_epoch": 1.73576, "eta": 132.3009, "eta_hours": 0.03675, "loss": 0.69256474, "lr": 0.00085355, "params": 6295, "time_iter": 0.04568, "accuracy": 0.52, "precision": 0.52, "recall": 1.0, "f1": 0.68421, "auc": 0.45477}
{"epoch": 26, "time_epoch": 1.74014, "eta": 130.38405, "eta_hours": 0.03622, "loss": 0.69295388, "lr": 0.00084227, "params": 6295, "time_iter": 0.04579, "accuracy": 0.52, "precision": 0.52, "recall": 1.0, "f1": 0.68421, "auc": 0.42397}
{"epoch": 27, "time_epoch": 1.74025, "eta": 128.48012, "eta_hours": 0.03569, "loss": 0.6924115, "lr": 0.00083066, "params": 6295, "time_iter": 0.0458, "accuracy": 0.52, "precision": 0.52, "recall": 1.0, "f1": 0.68421, "auc": 0.4708}
{"epoch": 28, "time_epoch": 1.736, "eta": 126.57706, "eta_hours": 0.03516, "loss": 0.69285525, "lr": 0.00081871, "params": 6295, "time_iter": 0.04568, "accuracy": 0.52, "precision": 0.52, "recall": 1.0, "f1": 0.68421, "auc": 0.41293}
{"epoch": 29, "time_epoch": 1.7377, "eta": 124.6891, "eta_hours": 0.03464, "loss": 0.69256882, "lr": 0.00080645, "params": 6295, "time_iter": 0.04573, "accuracy": 0.52, "precision": 0.52, "recall": 1.0, "f1": 0.68421, "auc": 0.41186}
{"epoch": 30, "time_epoch": 1.74591, "eta": 122.82912, "eta_hours": 0.03412, "loss": 0.69328034, "lr": 0.00079389, "params": 6295, "time_iter": 0.04595, "accuracy": 0.52, "precision": 0.52, "recall": 1.0, "f1": 0.68421, "auc": 0.36627}
{"epoch": 31, "time_epoch": 1.73821, "eta": 120.95991, "eta_hours": 0.0336, "loss": 0.69300309, "lr": 0.00078104, "params": 6295, "time_iter": 0.04574, "accuracy": 0.52, "precision": 0.52, "recall": 1.0, "f1": 0.68421, "auc": 0.39797}
{"epoch": 32, "time_epoch": 1.74143, "eta": 119.10517, "eta_hours": 0.03308, "loss": 0.69275483, "lr": 0.00076791, "params": 6295, "time_iter": 0.04583, "accuracy": 0.52, "precision": 0.52, "recall": 1.0, "f1": 0.68421, "auc": 0.42254}
{"epoch": 33, "time_epoch": 1.74499, "eta": 117.26401, "eta_hours": 0.03257, "loss": 0.69337914, "lr": 0.00075452, "params": 6295, "time_iter": 0.04592, "accuracy": 0.52, "precision": 0.52, "recall": 1.0, "f1": 0.68421, "auc": 0.39227}
{"epoch": 34, "time_epoch": 1.73411, "eta": 115.40813, "eta_hours": 0.03206, "loss": 0.69258765, "lr": 0.00074088, "params": 6295, "time_iter": 0.04563, "accuracy": 0.52, "precision": 0.52, "recall": 1.0, "f1": 0.68421, "auc": 0.42023}
{"epoch": 35, "time_epoch": 1.73216, "eta": 113.55555, "eta_hours": 0.03154, "loss": 0.69256603, "lr": 0.000727, "params": 6295, "time_iter": 0.04558, "accuracy": 0.52, "precision": 0.52, "recall": 1.0, "f1": 0.68421, "auc": 0.41791}
{"epoch": 36, "time_epoch": 1.73327, "eta": 111.71138, "eta_hours": 0.03103, "loss": 0.69273712, "lr": 0.00071289, "params": 6295, "time_iter": 0.04561, "accuracy": 0.52, "precision": 0.52, "recall": 1.0, "f1": 0.68421, "auc": 0.39672}
{"epoch": 37, "time_epoch": 1.73555, "eta": 109.87676, "eta_hours": 0.03052, "loss": 0.69262009, "lr": 0.00069857, "params": 6295, "time_iter": 0.04567, "accuracy": 0.52, "precision": 0.52, "recall": 1.0, "f1": 0.68421, "auc": 0.40705}
{"epoch": 38, "time_epoch": 1.73917, "eta": 108.05289, "eta_hours": 0.03001, "loss": 0.6924791, "lr": 0.00068406, "params": 6295, "time_iter": 0.04577, "accuracy": 0.52, "precision": 0.52, "recall": 1.0, "f1": 0.68421, "auc": 0.44631}
{"epoch": 39, "time_epoch": 1.73147, "eta": 106.2217, "eta_hours": 0.02951, "loss": 0.69276618, "lr": 0.00066937, "params": 6295, "time_iter": 0.04556, "accuracy": 0.52, "precision": 0.52, "recall": 1.0, "f1": 0.68421, "auc": 0.43839}
{"epoch": 40, "time_epoch": 1.7453, "eta": 104.41527, "eta_hours": 0.029, "loss": 0.69324687, "lr": 0.00065451, "params": 6295, "time_iter": 0.04593, "accuracy": 0.52, "precision": 0.52, "recall": 1.0, "f1": 0.68421, "auc": 0.40224}
{"epoch": 41, "time_epoch": 1.73115, "eta": 102.59221, "eta_hours": 0.0285, "loss": 0.69278289, "lr": 0.0006395, "params": 6295, "time_iter": 0.04556, "accuracy": 0.52, "precision": 0.52, "recall": 1.0, "f1": 0.68421, "auc": 0.44747}
{"epoch": 42, "time_epoch": 1.73079, "eta": 100.77295, "eta_hours": 0.02799, "loss": 0.69273658, "lr": 0.00062434, "params": 6295, "time_iter": 0.04555, "accuracy": 0.52, "precision": 0.52, "recall": 1.0, "f1": 0.68421, "auc": 0.39939}
{"epoch": 43, "time_epoch": 1.73289, "eta": 98.96039, "eta_hours": 0.02749, "loss": 0.69272222, "lr": 0.00060907, "params": 6295, "time_iter": 0.0456, "accuracy": 0.52, "precision": 0.52, "recall": 1.0, "f1": 0.68421, "auc": 0.42076}
{"epoch": 44, "time_epoch": 1.73592, "eta": 97.15507, "eta_hours": 0.02699, "loss": 0.69258782, "lr": 0.00059369, "params": 6295, "time_iter": 0.04568, "accuracy": 0.52, "precision": 0.52, "recall": 1.0, "f1": 0.68421, "auc": 0.35016}
{"epoch": 45, "time_epoch": 1.736, "eta": 95.35287, "eta_hours": 0.02649, "loss": 0.69270779, "lr": 0.00057822, "params": 6295, "time_iter": 0.04568, "accuracy": 0.52, "precision": 0.52, "recall": 1.0, "f1": 0.68421, "auc": 0.40509}
{"epoch": 46, "time_epoch": 1.73885, "eta": 93.55669, "eta_hours": 0.02599, "loss": 0.69251833, "lr": 0.00056267, "params": 6295, "time_iter": 0.04576, "accuracy": 0.52, "precision": 0.52, "recall": 1.0, "f1": 0.68421, "auc": 0.40474}
{"epoch": 47, "time_epoch": 1.73612, "eta": 91.75995, "eta_hours": 0.02549, "loss": 0.69260619, "lr": 0.00054705, "params": 6295, "time_iter": 0.04569, "accuracy": 0.52, "precision": 0.52, "recall": 1.0, "f1": 0.68421, "auc": 0.41311}
{"epoch": 48, "time_epoch": 1.73443, "eta": 89.96392, "eta_hours": 0.02499, "loss": 0.69276366, "lr": 0.0005314, "params": 6295, "time_iter": 0.04564, "accuracy": 0.52, "precision": 0.52, "recall": 1.0, "f1": 0.68421, "auc": 0.42486}
{"epoch": 49, "time_epoch": 1.73776, "eta": 88.17368, "eta_hours": 0.02449, "loss": 0.69273333, "lr": 0.00051571, "params": 6295, "time_iter": 0.04573, "accuracy": 0.52, "precision": 0.52, "recall": 1.0, "f1": 0.68421, "auc": 0.4083}
{"epoch": 50, "time_epoch": 1.73615, "eta": 86.38395, "eta_hours": 0.024, "loss": 0.69247875, "lr": 0.0005, "params": 6295, "time_iter": 0.04569, "accuracy": 0.52, "precision": 0.52, "recall": 1.0, "f1": 0.68421, "auc": 0.41043}
{"epoch": 51, "time_epoch": 1.74781, "eta": 84.60705, "eta_hours": 0.0235, "loss": 0.69268778, "lr": 0.00048429, "params": 6295, "time_iter": 0.04599, "accuracy": 0.52, "precision": 0.52, "recall": 1.0, "f1": 0.68421, "auc": 0.42575}
{"epoch": 52, "time_epoch": 1.73395, "eta": 82.81895, "eta_hours": 0.02301, "loss": 0.69260077, "lr": 0.0004686, "params": 6295, "time_iter": 0.04563, "accuracy": 0.52, "precision": 0.52, "recall": 1.0, "f1": 0.68421, "auc": 0.4018}
{"epoch": 53, "time_epoch": 1.73384, "eta": 81.03277, "eta_hours": 0.02251, "loss": 0.6926374, "lr": 0.00045295, "params": 6295, "time_iter": 0.04563, "accuracy": 0.52, "precision": 0.52, "recall": 1.0, "f1": 0.68421, "auc": 0.42575}
{"epoch": 54, "time_epoch": 1.78021, "eta": 79.28643, "eta_hours": 0.02202, "loss": 0.69265253, "lr": 0.00043733, "params": 6295, "time_iter": 0.04685, "accuracy": 0.52, "precision": 0.52, "recall": 1.0, "f1": 0.68421, "auc": 0.3636}
{"epoch": 55, "time_epoch": 1.5329, "eta": 77.34457, "eta_hours": 0.02148, "loss": 0.69254204, "lr": 0.00042178, "params": 6295, "time_iter": 0.04034, "accuracy": 0.52, "precision": 0.52, "recall": 1.0, "f1": 0.68421, "auc": 0.41435}
{"epoch": 56, "time_epoch": 2.87219, "eta": 76.4274, "eta_hours": 0.02123, "loss": 0.69243991, "lr": 0.00040631, "params": 6295, "time_iter": 0.07558, "accuracy": 0.52, "precision": 0.52, "recall": 1.0, "f1": 0.68421, "auc": 0.40919}
{"epoch": 57, "time_epoch": 1.65576, "eta": 74.56194, "eta_hours": 0.02071, "loss": 0.69278315, "lr": 0.00039093, "params": 6295, "time_iter": 0.04357, "accuracy": 0.52, "precision": 0.52, "recall": 1.0, "f1": 0.68421, "auc": 0.39316}
{"epoch": 58, "time_epoch": 1.45552, "eta": 72.56445, "eta_hours": 0.02016, "loss": 0.69245346, "lr": 0.00037566, "params": 6295, "time_iter": 0.0383, "accuracy": 0.52, "precision": 0.52, "recall": 1.0, "f1": 0.68421, "auc": 0.43109}
{"epoch": 59, "time_epoch": 1.52971, "eta": 70.63448, "eta_hours": 0.01962, "loss": 0.69250994, "lr": 0.0003605, "params": 6295, "time_iter": 0.04026, "accuracy": 0.52, "precision": 0.52, "recall": 1.0, "f1": 0.68421, "auc": 0.39931}
{"epoch": 60, "time_epoch": 1.53866, "eta": 68.72336, "eta_hours": 0.01909, "loss": 0.69250492, "lr": 0.00034549, "params": 6295, "time_iter": 0.04049, "accuracy": 0.52, "precision": 0.52, "recall": 1.0, "f1": 0.68421, "auc": 0.43358}
{"epoch": 61, "time_epoch": 1.53801, "eta": 66.82386, "eta_hours": 0.01856, "loss": 0.69284159, "lr": 0.00033063, "params": 6295, "time_iter": 0.04047, "accuracy": 0.52, "precision": 0.52, "recall": 1.0, "f1": 0.68421, "auc": 0.39067}
{"epoch": 62, "time_epoch": 1.53934, "eta": 64.9366, "eta_hours": 0.01804, "loss": 0.69274847, "lr": 0.00031594, "params": 6295, "time_iter": 0.04051, "accuracy": 0.52, "precision": 0.52, "recall": 1.0, "f1": 0.68421, "auc": 0.36743}
{"epoch": 63, "time_epoch": 1.53633, "eta": 63.05854, "eta_hours": 0.01752, "loss": 0.6927289, "lr": 0.00030143, "params": 6295, "time_iter": 0.04043, "accuracy": 0.52, "precision": 0.52, "recall": 1.0, "f1": 0.68421, "auc": 0.40848}
{"epoch": 64, "time_epoch": 1.53774, "eta": 61.19174, "eta_hours": 0.017, "loss": 0.69257597, "lr": 0.00028711, "params": 6295, "time_iter": 0.04047, "accuracy": 0.52, "precision": 0.52, "recall": 1.0, "f1": 0.68421, "auc": 0.42023}
{"epoch": 65, "time_epoch": 1.539, "eta": 59.33556, "eta_hours": 0.01648, "loss": 0.69246951, "lr": 0.000273, "params": 6295, "time_iter": 0.0405, "accuracy": 0.52, "precision": 0.52, "recall": 1.0, "f1": 0.68421, "auc": 0.37874}
{"epoch": 66, "time_epoch": 1.53972, "eta": 57.48921, "eta_hours": 0.01597, "loss": 0.69245432, "lr": 0.00025912, "params": 6295, "time_iter": 0.04052, "accuracy": 0.52, "precision": 0.52, "recall": 1.0, "f1": 0.68421, "auc": 0.41284}
{"epoch": 67, "time_epoch": 1.53688, "eta": 55.65055, "eta_hours": 0.01546, "loss": 0.69259371, "lr": 0.00024548, "params": 6295, "time_iter": 0.04044, "accuracy": 0.52, "precision": 0.52, "recall": 1.0, "f1": 0.68421, "auc": 0.3709}
{"epoch": 68, "time_epoch": 1.53963, "eta": 53.82186, "eta_hours": 0.01495, "loss": 0.69243237, "lr": 0.00023209, "params": 6295, "time_iter": 0.04052, "accuracy": 0.52, "precision": 0.52, "recall": 1.0, "f1": 0.68421, "auc": 0.44525}
{"epoch": 69, "time_epoch": 1.53938, "eta": 52.00132, "eta_hours": 0.01444, "loss": 0.69247751, "lr": 0.00021896, "params": 6295, "time_iter": 0.04051, "accuracy": 0.52, "precision": 0.52, "recall": 1.0, "f1": 0.68421, "auc": 0.35808}
{"epoch": 70, "time_epoch": 1.53509, "eta": 50.18695, "eta_hours": 0.01394, "loss": 0.69256873, "lr": 0.00020611, "params": 6295, "time_iter": 0.0404, "accuracy": 0.52, "precision": 0.52, "recall": 1.0, "f1": 0.68421, "auc": 0.38613}
{"epoch": 71, "time_epoch": 1.53959, "eta": 48.38209, "eta_hours": 0.01344, "loss": 0.69244366, "lr": 0.00019355, "params": 6295, "time_iter": 0.04052, "accuracy": 0.52, "precision": 0.52, "recall": 1.0, "f1": 0.68421, "auc": 0.42058}
{"epoch": 72, "time_epoch": 1.53968, "eta": 46.58453, "eta_hours": 0.01294, "loss": 0.69243329, "lr": 0.00018129, "params": 6295, "time_iter": 0.04052, "accuracy": 0.52, "precision": 0.52, "recall": 1.0, "f1": 0.68421, "auc": 0.39236}
{"epoch": 73, "time_epoch": 1.53643, "eta": 44.7928, "eta_hours": 0.01244, "loss": 0.69249713, "lr": 0.00016934, "params": 6295, "time_iter": 0.04043, "accuracy": 0.52, "precision": 0.52, "recall": 1.0, "f1": 0.68421, "auc": 0.38275}
{"epoch": 74, "time_epoch": 1.53913, "eta": 43.00877, "eta_hours": 0.01195, "loss": 0.69242225, "lr": 0.00015773, "params": 6295, "time_iter": 0.0405, "accuracy": 0.52, "precision": 0.52, "recall": 1.0, "f1": 0.68421, "auc": 0.44542}
{"epoch": 75, "time_epoch": 1.54006, "eta": 41.23149, "eta_hours": 0.01145, "loss": 0.69244957, "lr": 0.00014645, "params": 6295, "time_iter": 0.04053, "accuracy": 0.52, "precision": 0.52, "recall": 1.0, "f1": 0.68421, "auc": 0.41631}
{"epoch": 76, "time_epoch": 1.53535, "eta": 39.45896, "eta_hours": 0.01096, "loss": 0.6924159, "lr": 0.00013552, "params": 6295, "time_iter": 0.0404, "accuracy": 0.52, "precision": 0.52, "recall": 1.0, "f1": 0.68421, "auc": 0.34989}
{"epoch": 77, "time_epoch": 1.53722, "eta": 37.69304, "eta_hours": 0.01047, "loss": 0.6924109, "lr": 0.00012494, "params": 6295, "time_iter": 0.04045, "accuracy": 0.52, "precision": 0.52, "recall": 1.0, "f1": 0.68421, "auc": 0.41061}
{"epoch": 78, "time_epoch": 1.54085, "eta": 35.93387, "eta_hours": 0.00998, "loss": 0.69238735, "lr": 0.00011474, "params": 6295, "time_iter": 0.04055, "accuracy": 0.52, "precision": 0.52, "recall": 1.0, "f1": 0.68421, "auc": 0.43759}
{"epoch": 79, "time_epoch": 1.53483, "eta": 34.17866, "eta_hours": 0.00949, "loss": 0.69240487, "lr": 0.00010492, "params": 6295, "time_iter": 0.04039, "accuracy": 0.52, "precision": 0.52, "recall": 1.0, "f1": 0.68421, "auc": 0.36806}
{"epoch": 80, "time_epoch": 1.54759, "eta": 32.43188, "eta_hours": 0.00901, "loss": 0.69240749, "lr": 9.549e-05, "params": 6295, "time_iter": 0.04073, "accuracy": 0.52, "precision": 0.52, "recall": 1.0, "f1": 0.68421, "auc": 0.3977}
{"epoch": 81, "time_epoch": 1.53842, "eta": 30.68795, "eta_hours": 0.00852, "loss": 0.69239732, "lr": 8.646e-05, "params": 6295, "time_iter": 0.04048, "accuracy": 0.52, "precision": 0.52, "recall": 1.0, "f1": 0.68421, "auc": 0.40491}
{"epoch": 82, "time_epoch": 1.5374, "eta": 28.94876, "eta_hours": 0.00804, "loss": 0.69238513, "lr": 7.784e-05, "params": 6295, "time_iter": 0.04046, "accuracy": 0.52, "precision": 0.52, "recall": 1.0, "f1": 0.68421, "auc": 0.38034}
{"epoch": 83, "time_epoch": 1.53646, "eta": 27.21419, "eta_hours": 0.00756, "loss": 0.69236159, "lr": 6.963e-05, "params": 6295, "time_iter": 0.04043, "accuracy": 0.52, "precision": 0.52, "recall": 1.0, "f1": 0.68421, "auc": 0.44053}
{"epoch": 84, "time_epoch": 1.53648, "eta": 25.48429, "eta_hours": 0.00708, "loss": 0.69237034, "lr": 6.185e-05, "params": 6295, "time_iter": 0.04043, "accuracy": 0.52, "precision": 0.52, "recall": 1.0, "f1": 0.68421, "auc": 0.37607}
{"epoch": 85, "time_epoch": 1.539, "eta": 23.7593, "eta_hours": 0.0066, "loss": 0.69246235, "lr": 5.45e-05, "params": 6295, "time_iter": 0.0405, "accuracy": 0.52, "precision": 0.52, "recall": 1.0, "f1": 0.68421, "auc": 0.35114}
{"epoch": 86, "time_epoch": 1.53589, "eta": 22.03812, "eta_hours": 0.00612, "loss": 0.69237673, "lr": 4.759e-05, "params": 6295, "time_iter": 0.04042, "accuracy": 0.52, "precision": 0.52, "recall": 1.0, "f1": 0.68421, "auc": 0.41898}
{"epoch": 87, "time_epoch": 1.53999, "eta": 20.32171, "eta_hours": 0.00564, "loss": 0.69236912, "lr": 4.112e-05, "params": 6295, "time_iter": 0.04053, "accuracy": 0.52, "precision": 0.52, "recall": 1.0, "f1": 0.68421, "auc": 0.41765}
{"epoch": 88, "time_epoch": 1.53851, "eta": 18.60908, "eta_hours": 0.00517, "loss": 0.6923947, "lr": 3.511e-05, "params": 6295, "time_iter": 0.04049, "accuracy": 0.52, "precision": 0.52, "recall": 1.0, "f1": 0.68421, "auc": 0.36254}
{"epoch": 89, "time_epoch": 1.5385, "eta": 16.90032, "eta_hours": 0.00469, "loss": 0.69238082, "lr": 2.956e-05, "params": 6295, "time_iter": 0.04049, "accuracy": 0.52, "precision": 0.52, "recall": 1.0, "f1": 0.68421, "auc": 0.4058}
{"epoch": 90, "time_epoch": 1.53629, "eta": 15.19508, "eta_hours": 0.00422, "loss": 0.69236477, "lr": 2.447e-05, "params": 6295, "time_iter": 0.04043, "accuracy": 0.52, "precision": 0.52, "recall": 1.0, "f1": 0.68421, "auc": 0.42521}
{"epoch": 91, "time_epoch": 1.54, "eta": 13.49384, "eta_hours": 0.00375, "loss": 0.69236416, "lr": 1.985e-05, "params": 6295, "time_iter": 0.04053, "accuracy": 0.52, "precision": 0.52, "recall": 1.0, "f1": 0.68421, "auc": 0.4261}
{"epoch": 92, "time_epoch": 1.53705, "eta": 11.79584, "eta_hours": 0.00328, "loss": 0.69236757, "lr": 1.571e-05, "params": 6295, "time_iter": 0.04045, "accuracy": 0.52, "precision": 0.52, "recall": 1.0, "f1": 0.68421, "auc": 0.41667}
{"epoch": 93, "time_epoch": 1.53706, "eta": 10.10127, "eta_hours": 0.00281, "loss": 0.69237487, "lr": 1.204e-05, "params": 6295, "time_iter": 0.04045, "accuracy": 0.52, "precision": 0.52, "recall": 1.0, "f1": 0.68421, "auc": 0.35666}
{"epoch": 94, "time_epoch": 1.53991, "eta": 8.41017, "eta_hours": 0.00234, "loss": 0.69236427, "lr": 8.86e-06, "params": 6295, "time_iter": 0.04052, "accuracy": 0.52, "precision": 0.52, "recall": 1.0, "f1": 0.68421, "auc": 0.36957}
{"epoch": 95, "time_epoch": 1.53961, "eta": 6.7222, "eta_hours": 0.00187, "loss": 0.69235634, "lr": 6.16e-06, "params": 6295, "time_iter": 0.04052, "accuracy": 0.52, "precision": 0.52, "recall": 1.0, "f1": 0.68421, "auc": 0.38595}
{"epoch": 96, "time_epoch": 1.53527, "eta": 5.03716, "eta_hours": 0.0014, "loss": 0.69234826, "lr": 3.94e-06, "params": 6295, "time_iter": 0.0404, "accuracy": 0.52, "precision": 0.52, "recall": 1.0, "f1": 0.68421, "auc": 0.49101}
{"epoch": 97, "time_epoch": 1.5359, "eta": 3.35518, "eta_hours": 0.00093, "loss": 0.69234882, "lr": 2.22e-06, "params": 6295, "time_iter": 0.04042, "accuracy": 0.52, "precision": 0.52, "recall": 1.0, "f1": 0.68421, "auc": 0.48371}
{"epoch": 98, "time_epoch": 1.54186, "eta": 1.67622, "eta_hours": 0.00047, "loss": 0.69234999, "lr": 9.9e-07, "params": 6295, "time_iter": 0.04058, "accuracy": 0.52, "precision": 0.52, "recall": 1.0, "f1": 0.68421, "auc": 0.48718}
{"epoch": 99, "time_epoch": 1.53632, "eta": 0.0, "eta_hours": 0.0, "loss": 0.6923484, "lr": 2.5e-07, "params": 6295, "time_iter": 0.04043, "accuracy": 0.52, "precision": 0.52, "recall": 1.0, "f1": 0.68421, "auc": 0.49412}
