{"epoch": 0, "time_epoch": 21.50385, "eta": 2128.88089, "eta_hours": 0.59136, "loss": 0.69782413, "lr": 0.001, "params": 5289, "time_iter": 0.17203, "accuracy": 0.506, "precision": 0.506, "recall": 1.0, "f1": 0.67198, "auc": 0.4794}
{"epoch": 1, "time_epoch": 8.59291, "eta": 1474.74105, "eta_hours": 0.40965, "loss": 0.69455333, "lr": 0.00099975, "params": 5289, "time_iter": 0.06874, "accuracy": 0.506, "precision": 0.506, "recall": 1.0, "f1": 0.67198, "auc": 0.47236}
{"epoch": 2, "time_epoch": 8.65248, "eta": 1252.89183, "eta_hours": 0.34803, "loss": 0.69416085, "lr": 0.00099901, "params": 5289, "time_iter": 0.06922, "accuracy": 0.506, "precision": 0.506, "recall": 1.0, "f1": 0.67198, "auc": 0.4719}
{"epoch": 3, "time_epoch": 8.65068, "eta": 1137.59777, "eta_hours": 0.316, "loss": 0.6940452, "lr": 0.00099778, "params": 5289, "time_iter": 0.06921, "accuracy": 0.508, "precision": 0.50949, "recall": 0.74308, "f1": 0.6045, "auc": 0.46684}
{"epoch": 4, "time_epoch": 8.5871, "eta": 1063.75314, "eta_hours": 0.29549, "loss": 0.69371354, "lr": 0.00099606, "params": 5289, "time_iter": 0.0687, "accuracy": 0.504, "precision": 0.51029, "recall": 0.49012, "f1": 0.5, "auc": 0.47937}
{"epoch": 5, "time_epoch": 8.58581, "eta": 1011.64083, "eta_hours": 0.28101, "loss": 0.69384496, "lr": 0.00099384, "params": 5289, "time_iter": 0.06869, "accuracy": 0.506, "precision": 0.506, "recall": 1.0, "f1": 0.67198, "auc": 0.45391}
{"epoch": 6, "time_epoch": 8.5779, "eta": 971.85961, "eta_hours": 0.26996, "loss": 0.69369547, "lr": 0.00099114, "params": 5289, "time_iter": 0.06862, "accuracy": 0.506, "precision": 0.506, "recall": 1.0, "f1": 0.67198, "auc": 0.46169}
{"epoch": 7, "time_epoch": 8.5591, "eta": 939.66301, "eta_hours": 0.26102, "loss": 0.69365357, "lr": 0.00098796, "params": 5289, "time_iter": 0.06847, "accuracy": 0.48, "precision": 0.49188, "recall": 0.83794, "f1": 0.61988, "auc": 0.47232}
{"epoch": 8, "time_epoch": 8.55892, "eta": 912.71729, "eta_hours": 0.25353, "loss": 0.69361446, "lr": 0.00098429, "params": 5289, "time_iter": 0.06847, "accuracy": 0.504, "precision": 0.50505, "recall": 0.98814, "f1": 0.66845, "auc": 0.46039}
{"epoch": 9, "time_epoch": 8.58937, "eta": 889.72299, "eta_hours": 0.24715, "loss": 0.69339117, "lr": 0.00098015, "params": 5289, "time_iter": 0.06871, "accuracy": 0.506, "precision": 0.506, "recall": 1.0, "f1": 0.67198, "auc": 0.48819}
{"epoch": 10, "time_epoch": 8.56477, "eta": 869.14879, "eta_hours": 0.24143, "loss": 0.69390684, "lr": 0.00097553, "params": 5289, "time_iter": 0.06852, "accuracy": 0.5, "precision": 0.50305, "recall": 0.97628, "f1": 0.66398, "auc": 0.43774}
{"epoch": 11, "time_epoch": 8.59356, "eta": 850.78727, "eta_hours": 0.23633, "loss": 0.69388835, "lr": 0.00097044, "params": 5289, "time_iter": 0.06875, "accuracy": 0.492, "precision": 0.49798, "recall": 0.48617, "f1": 0.492, "auc": 0.4669}
{"epoch": 12, "time_epoch": 8.56843, "eta": 833.76032, "eta_hours": 0.2316, "loss": 0.69368285, "lr": 0.00096489, "params": 5289, "time_iter": 0.06855, "accuracy": 0.482, "precision": 0.48973, "recall": 0.56522, "f1": 0.52477, "auc": 0.4704}
{"epoch": 13, "time_epoch": 8.59406, "eta": 818.09916, "eta_hours": 0.22725, "loss": 0.69368576, "lr": 0.00095888, "params": 5289, "time_iter": 0.06875, "accuracy": 0.506, "precision": 0.506, "recall": 1.0, "f1": 0.67198, "auc": 0.45062}
{"epoch": 14, "time_epoch": 8.57187, "eta": 803.25453, "eta_hours": 0.22313, "loss": 0.69378708, "lr": 0.00095241, "params": 5289, "time_iter": 0.06857, "accuracy": 0.484, "precision": 0.49455, "recall": 0.89723, "f1": 0.63764, "auc": 0.46836}
{"epoch": 15, "time_epoch": 8.57122, "eta": 789.19059, "eta_hours": 0.21922, "loss": 0.69390171, "lr": 0.0009455, "params": 5289, "time_iter": 0.06857, "accuracy": 0.486, "precision": 0.49587, "recall": 0.94862, "f1": 0.65129, "auc": 0.42824}
{"epoch": 16, "time_epoch": 8.77471, "eta": 776.76638, "eta_hours": 0.21577, "loss": 0.69368674, "lr": 0.00093815, "params": 5289, "time_iter": 0.0702, "accuracy": 0.48, "precision": 0.49077, "recall": 0.73518, "f1": 0.58861, "auc": 0.46291}
{"epoch": 17, "time_epoch": 8.56656, "eta": 763.79941, "eta_hours": 0.21217, "loss": 0.69327453, "lr": 0.00093037, "params": 5289, "time_iter": 0.06853, "accuracy": 0.506, "precision": 0.506, "recall": 1.0, "f1": 0.67198, "auc": 0.47035}
{"epoch": 18, "time_epoch": 8.35826, "eta": 750.40764, "eta_hours": 0.20845, "loss": 0.69357425, "lr": 0.00092216, "params": 5289, "time_iter": 0.06687, "accuracy": 0.478, "precision": 0.49095, "recall": 0.85771, "f1": 0.62446, "auc": 0.47759}
{"epoch": 19, "time_epoch": 8.22332, "eta": 736.97946, "eta_hours": 0.20472, "loss": 0.69382714, "lr": 0.00091354, "params": 5289, "time_iter": 0.06579, "accuracy": 0.506, "precision": 0.506, "recall": 1.0, "f1": 0.67198, "auc": 0.45634}
{"epoch": 20, "time_epoch": 8.26592, "eta": 724.20726, "eta_hours": 0.20117, "loss": 0.69372482, "lr": 0.00090451, "params": 5289, "time_iter": 0.06613, "accuracy": 0.466, "precision": 0.47407, "recall": 0.50593, "f1": 0.48948, "auc": 0.45258}
{"epoch": 21, "time_epoch": 8.19285, "eta": 711.58564, "eta_hours": 0.19766, "loss": 0.69381098, "lr": 0.00089508, "params": 5289, "time_iter": 0.06554, "accuracy": 0.508, "precision": 0.50701, "recall": 1.0, "f1": 0.67287, "auc": 0.46843}
{"epoch": 22, "time_epoch": 8.25656, "eta": 699.5624, "eta_hours": 0.19432, "loss": 0.69376125, "lr": 0.00088526, "params": 5289, "time_iter": 0.06605, "accuracy": 0.506, "precision": 0.506, "recall": 1.0, "f1": 0.67198, "auc": 0.46117}
{"epoch": 23, "time_epoch": 8.18099, "eta": 687.61376, "eta_hours": 0.191, "loss": 0.69392896, "lr": 0.00087506, "params": 5289, "time_iter": 0.06545, "accuracy": 0.456, "precision": 0.43262, "recall": 0.24111, "f1": 0.30964, "auc": 0.42907}
{"epoch": 24, "time_epoch": 8.23002, "eta": 676.11364, "eta_hours": 0.18781, "loss": 0.69395985, "lr": 0.00086448, "params": 5289, "time_iter": 0.06584, "accuracy": 0.506, "precision": 0.506, "recall": 1.0, "f1": 0.67198, "auc": 0.45016}
{"epoch": 25, "time_epoch": 8.25445, "eta": 664.93458, "eta_hours": 0.1847, "loss": 0.69345055, "lr": 0.00085355, "params": 5289, "time_iter": 0.06604, "accuracy": 0.476, "precision": 0.48249, "recall": 0.49012, "f1": 0.48627, "auc": 0.4758}
{"epoch": 26, "time_epoch": 8.18171, "eta": 653.77551, "eta_hours": 0.1816, "loss": 0.69324097, "lr": 0.00084227, "params": 5289, "time_iter": 0.06545, "accuracy": 0.506, "precision": 0.506, "recall": 1.0, "f1": 0.67198, "auc": 0.46768}
{"epoch": 27, "time_epoch": 8.05724, "eta": 642.50902, "eta_hours": 0.17847, "loss": 0.6934638, "lr": 0.00083066, "params": 5289, "time_iter": 0.06446, "accuracy": 0.506, "precision": 0.506, "recall": 1.0, "f1": 0.67198, "auc": 0.46392}
{"epoch": 28, "time_epoch": 8.04468, "eta": 631.4331, "eta_hours": 0.1754, "loss": 0.69349475, "lr": 0.00081871, "params": 5289, "time_iter": 0.06436, "accuracy": 0.506, "precision": 0.506, "recall": 1.0, "f1": 0.67198, "auc": 0.42934}
{"epoch": 29, "time_epoch": 8.02259, "eta": 620.50773, "eta_hours": 0.17236, "loss": 0.69364271, "lr": 0.00080645, "params": 5289, "time_iter": 0.06418, "accuracy": 0.492, "precision": 0.49891, "recall": 0.90514, "f1": 0.64326, "auc": 0.44898}
{"epoch": 30, "time_epoch": 8.02077, "eta": 609.76559, "eta_hours": 0.16938, "loss": 0.69336641, "lr": 0.00079389, "params": 5289, "time_iter": 0.06417, "accuracy": 0.506, "precision": 0.506, "recall": 1.0, "f1": 0.67198, "auc": 0.44051}
{"epoch": 31, "time_epoch": 8.05605, "eta": 599.26851, "eta_hours": 0.16646, "loss": 0.69347636, "lr": 0.00078104, "params": 5289, "time_iter": 0.06445, "accuracy": 0.506, "precision": 0.506, "recall": 1.0, "f1": 0.67198, "auc": 0.45327}
{"epoch": 32, "time_epoch": 8.03594, "eta": 588.87853, "eta_hours": 0.16358, "loss": 0.6937644, "lr": 0.00076791, "params": 5289, "time_iter": 0.06429, "accuracy": 0.506, "precision": 0.506, "recall": 1.0, "f1": 0.67198, "auc": 0.43093}
{"epoch": 33, "time_epoch": 8.0123, "eta": 578.58114, "eta_hours": 0.16072, "loss": 0.69345487, "lr": 0.00075452, "params": 5289, "time_iter": 0.0641, "accuracy": 0.506, "precision": 0.506, "recall": 1.0, "f1": 0.67198, "auc": 0.44304}
{"epoch": 34, "time_epoch": 8.02637, "eta": 568.44046, "eta_hours": 0.1579, "loss": 0.69335447, "lr": 0.00074088, "params": 5289, "time_iter": 0.06421, "accuracy": 0.506, "precision": 0.506, "recall": 1.0, "f1": 0.67198, "auc": 0.45048}
{"epoch": 35, "time_epoch": 8.00655, "eta": 558.382, "eta_hours": 0.15511, "loss": 0.69338746, "lr": 0.000727, "params": 5289, "time_iter": 0.06405, "accuracy": 0.506, "precision": 0.506, "recall": 1.0, "f1": 0.67198, "auc": 0.45227}
{"epoch": 36, "time_epoch": 7.98724, "eta": 548.40157, "eta_hours": 0.15233, "loss": 0.69348476, "lr": 0.00071289, "params": 5289, "time_iter": 0.0639, "accuracy": 0.506, "precision": 0.506, "recall": 1.0, "f1": 0.67198, "auc": 0.43923}
{"epoch": 37, "time_epoch": 8.02089, "eta": 538.58094, "eta_hours": 0.14961, "loss": 0.69355815, "lr": 0.00069857, "params": 5289, "time_iter": 0.06417, "accuracy": 0.506, "precision": 0.506, "recall": 1.0, "f1": 0.67198, "auc": 0.44322}
{"epoch": 38, "time_epoch": 7.99856, "eta": 528.8177, "eta_hours": 0.14689, "loss": 0.69325417, "lr": 0.00068406, "params": 5289, "time_iter": 0.06399, "accuracy": 0.506, "precision": 0.506, "recall": 1.0, "f1": 0.67198, "auc": 0.44353}
{"epoch": 39, "time_epoch": 8.05738, "eta": 519.23091, "eta_hours": 0.14423, "loss": 0.69351523, "lr": 0.00066937, "params": 5289, "time_iter": 0.06446, "accuracy": 0.47, "precision": 0.48305, "recall": 0.67589, "f1": 0.56343, "auc": 0.47327}
{"epoch": 40, "time_epoch": 8.05193, "eta": 509.71088, "eta_hours": 0.14159, "loss": 0.69358481, "lr": 0.00065451, "params": 5289, "time_iter": 0.06442, "accuracy": 0.506, "precision": 0.506, "recall": 1.0, "f1": 0.67198, "auc": 0.45386}
{"epoch": 41, "time_epoch": 7.99835, "eta": 500.18678, "eta_hours": 0.13894, "loss": 0.6934993, "lr": 0.0006395, "params": 5289, "time_iter": 0.06399, "accuracy": 0.504, "precision": 0.50501, "recall": 0.99605, "f1": 0.67021, "auc": 0.4472}
{"epoch": 42, "time_epoch": 7.97789, "eta": 490.70652, "eta_hours": 0.13631, "loss": 0.69358524, "lr": 0.00062434, "params": 5289, "time_iter": 0.06382, "accuracy": 0.47, "precision": 0.48039, "recall": 0.58103, "f1": 0.52594, "auc": 0.44502}
{"epoch": 43, "time_epoch": 8.03202, "eta": 481.36344, "eta_hours": 0.13371, "loss": 0.69353608, "lr": 0.00060907, "params": 5289, "time_iter": 0.06426, "accuracy": 0.49, "precision": 0.49793, "recall": 0.95257, "f1": 0.654, "auc": 0.452}
{"epoch": 44, "time_epoch": 8.04969, "eta": 472.10023, "eta_hours": 0.13114, "loss": 0.69337167, "lr": 0.00059369, "params": 5289, "time_iter": 0.0644, "accuracy": 0.506, "precision": 0.506, "recall": 1.0, "f1": 0.67198, "auc": 0.45644}
{"epoch": 45, "time_epoch": 7.95174, "eta": 462.7748, "eta_hours": 0.12855, "loss": 0.69339197, "lr": 0.00057822, "params": 5289, "time_iter": 0.06361, "accuracy": 0.506, "precision": 0.506, "recall": 1.0, "f1": 0.67198, "auc": 0.43859}
{"epoch": 46, "time_epoch": 7.99886, "eta": 453.56096, "eta_hours": 0.12599, "loss": 0.69341023, "lr": 0.00056267, "params": 5289, "time_iter": 0.06399, "accuracy": 0.506, "precision": 0.506, "recall": 1.0, "f1": 0.67198, "auc": 0.45309}
{"epoch": 47, "time_epoch": 8.01794, "eta": 444.4184, "eta_hours": 0.12345, "loss": 0.69341543, "lr": 0.00054705, "params": 5289, "time_iter": 0.06414, "accuracy": 0.506, "precision": 0.506, "recall": 1.0, "f1": 0.67198, "auc": 0.44803}
{"epoch": 48, "time_epoch": 8.02764, "eta": 435.33185, "eta_hours": 0.12093, "loss": 0.69357843, "lr": 0.0005314, "params": 5289, "time_iter": 0.06422, "accuracy": 0.506, "precision": 0.506, "recall": 1.0, "f1": 0.67198, "auc": 0.44234}
{"epoch": 49, "time_epoch": 8.0203, "eta": 426.28031, "eta_hours": 0.11841, "loss": 0.6932264, "lr": 0.00051571, "params": 5289, "time_iter": 0.06416, "accuracy": 0.506, "precision": 0.506, "recall": 1.0, "f1": 0.67198, "auc": 0.47876}
{"epoch": 50, "time_epoch": 8.01217, "eta": 417.2614, "eta_hours": 0.11591, "loss": 0.6933642, "lr": 0.0005, "params": 5289, "time_iter": 0.0641, "accuracy": 0.506, "precision": 0.506, "recall": 1.0, "f1": 0.67198, "auc": 0.44758}
{"epoch": 51, "time_epoch": 8.03016, "eta": 408.29782, "eta_hours": 0.11342, "loss": 0.69355416, "lr": 0.00048429, "params": 5289, "time_iter": 0.06424, "accuracy": 0.506, "precision": 0.506, "recall": 1.0, "f1": 0.67198, "auc": 0.4162}
{"epoch": 52, "time_epoch": 8.00873, "eta": 399.35045, "eta_hours": 0.11093, "loss": 0.69334003, "lr": 0.0004686, "params": 5289, "time_iter": 0.06407, "accuracy": 0.506, "precision": 0.506, "recall": 1.0, "f1": 0.67198, "auc": 0.44034}
{"epoch": 53, "time_epoch": 7.96433, "eta": 390.40004, "eta_hours": 0.10844, "loss": 0.69331957, "lr": 0.00045295, "params": 5289, "time_iter": 0.06371, "accuracy": 0.506, "precision": 0.506, "recall": 1.0, "f1": 0.67198, "auc": 0.46223}
{"epoch": 54, "time_epoch": 8.04533, "eta": 381.55175, "eta_hours": 0.10599, "loss": 0.69345824, "lr": 0.00043733, "params": 5289, "time_iter": 0.06436, "accuracy": 0.506, "precision": 0.506, "recall": 1.0, "f1": 0.67198, "auc": 0.44838}
{"epoch": 55, "time_epoch": 8.021, "eta": 372.71302, "eta_hours": 0.10353, "loss": 0.69323797, "lr": 0.00042178, "params": 5289, "time_iter": 0.06417, "accuracy": 0.506, "precision": 0.506, "recall": 1.0, "f1": 0.67198, "auc": 0.47113}
{"epoch": 56, "time_epoch": 8.01125, "eta": 363.89563, "eta_hours": 0.10108, "loss": 0.69322648, "lr": 0.00040631, "params": 5289, "time_iter": 0.06409, "accuracy": 0.506, "precision": 0.506, "recall": 1.0, "f1": 0.67198, "auc": 0.46627}
{"epoch": 57, "time_epoch": 8.02902, "eta": 355.1189, "eta_hours": 0.09864, "loss": 0.69338121, "lr": 0.00039093, "params": 5289, "time_iter": 0.06423, "accuracy": 0.506, "precision": 0.506, "recall": 1.0, "f1": 0.67198, "auc": 0.44493}
{"epoch": 58, "time_epoch": 8.04867, "eta": 346.38118, "eta_hours": 0.09622, "loss": 0.6932629, "lr": 0.00037566, "params": 5289, "time_iter": 0.06439, "accuracy": 0.506, "precision": 0.506, "recall": 1.0, "f1": 0.67198, "auc": 0.46287}
{"epoch": 59, "time_epoch": 8.0237, "eta": 337.64978, "eta_hours": 0.09379, "loss": 0.69323994, "lr": 0.0003605, "params": 5289, "time_iter": 0.06419, "accuracy": 0.506, "precision": 0.506, "recall": 1.0, "f1": 0.67198, "auc": 0.464}
{"epoch": 60, "time_epoch": 8.03313, "eta": 328.94761, "eta_hours": 0.09137, "loss": 0.69317341, "lr": 0.00034549, "params": 5289, "time_iter": 0.06427, "accuracy": 0.506, "precision": 0.506, "recall": 1.0, "f1": 0.67198, "auc": 0.46842}
{"epoch": 61, "time_epoch": 8.01699, "eta": 320.25713, "eta_hours": 0.08896, "loss": 0.69327058, "lr": 0.00033063, "params": 5289, "time_iter": 0.06414, "accuracy": 0.506, "precision": 0.506, "recall": 1.0, "f1": 0.67198, "auc": 0.42581}
{"epoch": 62, "time_epoch": 8.03281, "eta": 311.59732, "eta_hours": 0.08655, "loss": 0.69320354, "lr": 0.00031594, "params": 5289, "time_iter": 0.06426, "accuracy": 0.506, "precision": 0.506, "recall": 1.0, "f1": 0.67198, "auc": 0.41949}
{"epoch": 63, "time_epoch": 8.03982, "eta": 302.96105, "eta_hours": 0.08416, "loss": 0.6932807, "lr": 0.00030143, "params": 5289, "time_iter": 0.06432, "accuracy": 0.506, "precision": 0.506, "recall": 1.0, "f1": 0.67198, "auc": 0.46906}
{"epoch": 64, "time_epoch": 8.02588, "eta": 294.33562, "eta_hours": 0.08176, "loss": 0.69323478, "lr": 0.00028711, "params": 5289, "time_iter": 0.06421, "accuracy": 0.506, "precision": 0.506, "recall": 1.0, "f1": 0.67198, "auc": 0.45771}
{"epoch": 65, "time_epoch": 8.01423, "eta": 285.72236, "eta_hours": 0.07937, "loss": 0.69335123, "lr": 0.000273, "params": 5289, "time_iter": 0.06411, "accuracy": 0.506, "precision": 0.506, "recall": 1.0, "f1": 0.67198, "auc": 0.43127}
{"epoch": 66, "time_epoch": 7.97145, "eta": 277.10591, "eta_hours": 0.07697, "loss": 0.69318146, "lr": 0.00025912, "params": 5289, "time_iter": 0.06377, "accuracy": 0.506, "precision": 0.506, "recall": 1.0, "f1": 0.67198, "auc": 0.45707}
{"epoch": 67, "time_epoch": 8.01675, "eta": 268.52975, "eta_hours": 0.07459, "loss": 0.69336299, "lr": 0.00024548, "params": 5289, "time_iter": 0.06413, "accuracy": 0.506, "precision": 0.506, "recall": 1.0, "f1": 0.67198, "auc": 0.4487}
{"epoch": 68, "time_epoch": 8.00647, "eta": 259.96519, "eta_hours": 0.07221, "loss": 0.69318327, "lr": 0.00023209, "params": 5289, "time_iter": 0.06405, "accuracy": 0.506, "precision": 0.506, "recall": 1.0, "f1": 0.67198, "auc": 0.43169}
{"epoch": 69, "time_epoch": 8.00287, "eta": 251.41503, "eta_hours": 0.06984, "loss": 0.69317186, "lr": 0.00021896, "params": 5289, "time_iter": 0.06402, "accuracy": 0.506, "precision": 0.506, "recall": 1.0, "f1": 0.67198, "auc": 0.45607}
{"epoch": 70, "time_epoch": 7.96682, "eta": 242.86556, "eta_hours": 0.06746, "loss": 0.6932486, "lr": 0.00020611, "params": 5289, "time_iter": 0.06373, "accuracy": 0.506, "precision": 0.506, "recall": 1.0, "f1": 0.67198, "auc": 0.42892}
{"epoch": 71, "time_epoch": 7.95623, "eta": 234.32815, "eta_hours": 0.06509, "loss": 0.69337348, "lr": 0.00019355, "params": 5289, "time_iter": 0.06365, "accuracy": 0.506, "precision": 0.506, "recall": 1.0, "f1": 0.67198, "auc": 0.44193}
{"epoch": 72, "time_epoch": 8.00557, "eta": 225.82492, "eta_hours": 0.06273, "loss": 0.69323608, "lr": 0.00018129, "params": 5289, "time_iter": 0.06404, "accuracy": 0.506, "precision": 0.506, "recall": 1.0, "f1": 0.67198, "auc": 0.45339}
{"epoch": 73, "time_epoch": 8.00972, "eta": 217.3366, "eta_hours": 0.06037, "loss": 0.69328361, "lr": 0.00016934, "params": 5289, "time_iter": 0.06408, "accuracy": 0.506, "precision": 0.506, "recall": 1.0, "f1": 0.67198, "auc": 0.44522}
{"epoch": 74, "time_epoch": 7.99532, "eta": 208.85624, "eta_hours": 0.05802, "loss": 0.69313854, "lr": 0.00015773, "params": 5289, "time_iter": 0.06396, "accuracy": 0.506, "precision": 0.506, "recall": 1.0, "f1": 0.67198, "auc": 0.46791}
{"epoch": 75, "time_epoch": 7.97711, "eta": 200.38289, "eta_hours": 0.05566, "loss": 0.69314617, "lr": 0.00014645, "params": 5289, "time_iter": 0.06382, "accuracy": 0.506, "precision": 0.506, "recall": 1.0, "f1": 0.67198, "auc": 0.46257}
{"epoch": 76, "time_epoch": 7.99448, "eta": 191.92762, "eta_hours": 0.05331, "loss": 0.69317987, "lr": 0.00013552, "params": 5289, "time_iter": 0.06396, "accuracy": 0.506, "precision": 0.506, "recall": 1.0, "f1": 0.67198, "auc": 0.45595}
{"epoch": 77, "time_epoch": 8.02573, "eta": 183.49298, "eta_hours": 0.05097, "loss": 0.69311395, "lr": 0.00012494, "params": 5289, "time_iter": 0.06421, "accuracy": 0.506, "precision": 0.506, "recall": 1.0, "f1": 0.67198, "auc": 0.47559}
{"epoch": 78, "time_epoch": 8.01643, "eta": 175.06622, "eta_hours": 0.04863, "loss": 0.69311112, "lr": 0.00011474, "params": 5289, "time_iter": 0.06413, "accuracy": 0.506, "precision": 0.506, "recall": 1.0, "f1": 0.67198, "auc": 0.45971}
{"epoch": 79, "time_epoch": 7.97767, "eta": 166.64003, "eta_hours": 0.04629, "loss": 0.69310538, "lr": 0.00010492, "params": 5289, "time_iter": 0.06382, "accuracy": 0.506, "precision": 0.506, "recall": 1.0, "f1": 0.67198, "auc": 0.4636}
{"epoch": 80, "time_epoch": 8.03925, "eta": 158.23936, "eta_hours": 0.04396, "loss": 0.69316864, "lr": 9.549e-05, "params": 5289, "time_iter": 0.06431, "accuracy": 0.506, "precision": 0.506, "recall": 1.0, "f1": 0.67198, "auc": 0.43065}
{"epoch": 81, "time_epoch": 7.99936, "eta": 149.83875, "eta_hours": 0.04162, "loss": 0.69314592, "lr": 8.646e-05, "params": 5289, "time_iter": 0.06399, "accuracy": 0.506, "precision": 0.506, "recall": 1.0, "f1": 0.67198, "auc": 0.4426}
{"epoch": 82, "time_epoch": 7.99659, "eta": 141.44723, "eta_hours": 0.03929, "loss": 0.69315437, "lr": 7.784e-05, "params": 5289, "time_iter": 0.06397, "accuracy": 0.506, "precision": 0.506, "recall": 1.0, "f1": 0.67198, "auc": 0.44636}
{"epoch": 83, "time_epoch": 7.95894, "eta": 133.05795, "eta_hours": 0.03696, "loss": 0.69309313, "lr": 6.963e-05, "params": 5289, "time_iter": 0.06367, "accuracy": 0.506, "precision": 0.506, "recall": 1.0, "f1": 0.67198, "auc": 0.47116}
{"epoch": 84, "time_epoch": 7.99943, "eta": 124.68595, "eta_hours": 0.03463, "loss": 0.69313412, "lr": 6.185e-05, "params": 5289, "time_iter": 0.064, "accuracy": 0.506, "precision": 0.506, "recall": 1.0, "f1": 0.67198, "auc": 0.44282}
{"epoch": 85, "time_epoch": 8.01793, "eta": 116.32561, "eta_hours": 0.03231, "loss": 0.69311305, "lr": 5.45e-05, "params": 5289, "time_iter": 0.06414, "accuracy": 0.506, "precision": 0.506, "recall": 1.0, "f1": 0.67198, "auc": 0.45763}
{"epoch": 86, "time_epoch": 8.02788, "eta": 107.97464, "eta_hours": 0.02999, "loss": 0.69314278, "lr": 4.759e-05, "params": 5289, "time_iter": 0.06422, "accuracy": 0.506, "precision": 0.506, "recall": 1.0, "f1": 0.67198, "auc": 0.44801}
{"epoch": 87, "time_epoch": 8.00457, "eta": 99.62783, "eta_hours": 0.02767, "loss": 0.6930995, "lr": 4.112e-05, "params": 5289, "time_iter": 0.06404, "accuracy": 0.506, "precision": 0.506, "recall": 1.0, "f1": 0.67198, "auc": 0.47482}
{"epoch": 88, "time_epoch": 7.99993, "eta": 91.28814, "eta_hours": 0.02536, "loss": 0.69309218, "lr": 3.511e-05, "params": 5289, "time_iter": 0.064, "accuracy": 0.506, "precision": 0.506, "recall": 1.0, "f1": 0.67198, "auc": 0.47619}
{"epoch": 89, "time_epoch": 8.01268, "eta": 82.95741, "eta_hours": 0.02304, "loss": 0.6930531, "lr": 2.956e-05, "params": 5289, "time_iter": 0.0641, "accuracy": 0.506, "precision": 0.506, "recall": 1.0, "f1": 0.67198, "auc": 0.5242}
{"epoch": 90, "time_epoch": 8.01218, "eta": 74.63362, "eta_hours": 0.02073, "loss": 0.69310176, "lr": 2.447e-05, "params": 5289, "time_iter": 0.0641, "accuracy": 0.506, "precision": 0.506, "recall": 1.0, "f1": 0.67198, "auc": 0.46352}
{"epoch": 91, "time_epoch": 8.00702, "eta": 66.31616, "eta_hours": 0.01842, "loss": 0.69309078, "lr": 1.985e-05, "params": 5289, "time_iter": 0.06406, "accuracy": 0.506, "precision": 0.506, "recall": 1.0, "f1": 0.67198, "auc": 0.46935}
{"epoch": 92, "time_epoch": 8.02478, "eta": 58.00672, "eta_hours": 0.01611, "loss": 0.69310901, "lr": 1.571e-05, "params": 5289, "time_iter": 0.0642, "accuracy": 0.506, "precision": 0.506, "recall": 1.0, "f1": 0.67198, "auc": 0.45689}
{"epoch": 93, "time_epoch": 8.02052, "eta": 49.70305, "eta_hours": 0.01381, "loss": 0.69310234, "lr": 1.204e-05, "params": 5289, "time_iter": 0.06416, "accuracy": 0.506, "precision": 0.506, "recall": 1.0, "f1": 0.67198, "auc": 0.46205}
{"epoch": 94, "time_epoch": 8.02688, "eta": 41.40569, "eta_hours": 0.0115, "loss": 0.69307121, "lr": 8.86e-06, "params": 5289, "time_iter": 0.06422, "accuracy": 0.506, "precision": 0.506, "recall": 1.0, "f1": 0.67198, "auc": 0.51004}
{"epoch": 95, "time_epoch": 7.99554, "eta": 33.11265, "eta_hours": 0.0092, "loss": 0.6930643, "lr": 6.16e-06, "params": 5289, "time_iter": 0.06396, "accuracy": 0.506, "precision": 0.506, "recall": 1.0, "f1": 0.67198, "auc": 0.51697}
{"epoch": 96, "time_epoch": 8.03856, "eta": 24.82708, "eta_hours": 0.0069, "loss": 0.69309514, "lr": 3.94e-06, "params": 5289, "time_iter": 0.06431, "accuracy": 0.506, "precision": 0.506, "recall": 1.0, "f1": 0.67198, "auc": 0.46722}
{"epoch": 97, "time_epoch": 8.06483, "eta": 16.54708, "eta_hours": 0.0046, "loss": 0.69305671, "lr": 2.22e-06, "params": 5289, "time_iter": 0.06452, "accuracy": 0.506, "precision": 0.506, "recall": 1.0, "f1": 0.67198, "auc": 0.53007}
{"epoch": 98, "time_epoch": 8.02959, "eta": 8.27108, "eta_hours": 0.0023, "loss": 0.69304638, "lr": 9.9e-07, "params": 5289, "time_iter": 0.06424, "accuracy": 0.506, "precision": 0.506, "recall": 1.0, "f1": 0.67198, "auc": 0.54097}
{"epoch": 99, "time_epoch": 8.03141, "eta": 0.0, "eta_hours": 0.0, "loss": 0.69308552, "lr": 2.5e-07, "params": 5289, "time_iter": 0.06425, "accuracy": 0.506, "precision": 0.506, "recall": 1.0, "f1": 0.67198, "auc": 0.47914}
