{"epoch": 0, "time_epoch": 1.003, "eta": 99.29677, "eta_hours": 0.02758, "loss": 0.69304061, "lr": 0.001, "params": 8313, "time_iter": 0.33433, "accuracy": 0.52381, "precision": 0.0, "recall": 0.0, "f1": 0.0, "auc": 0.41364}
{"epoch": 1, "time_epoch": 2.09481, "eta": 151.79271, "eta_hours": 0.04216, "loss": 0.6927445, "lr": 0.00099975, "params": 8313, "time_iter": 0.69827, "accuracy": 0.52381, "precision": 0.0, "recall": 0.0, "f1": 0.0, "auc": 0.50909}
{"epoch": 2, "time_epoch": 2.0896, "eta": 167.72615, "eta_hours": 0.04659, "loss": 0.69267986, "lr": 0.00099901, "params": 8313, "time_iter": 0.69653, "accuracy": 0.52381, "precision": 0.0, "recall": 0.0, "f1": 0.0, "auc": 0.425}
{"epoch": 3, "time_epoch": 2.0724, "eta": 174.23546, "eta_hours": 0.0484, "loss": 0.69233699, "lr": 0.00099778, "params": 8313, "time_iter": 0.6908, "accuracy": 0.52381, "precision": 0.0, "recall": 0.0, "f1": 0.0, "auc": 0.65909}
{"epoch": 4, "time_epoch": 2.07818, "eta": 177.42185, "eta_hours": 0.04928, "loss": 0.69196018, "lr": 0.00099606, "params": 8313, "time_iter": 0.69273, "accuracy": 0.52381, "precision": 0.0, "recall": 0.0, "f1": 0.0, "auc": 0.67273}
{"epoch": 5, "time_epoch": 2.07945, "eta": 178.87332, "eta_hours": 0.04969, "loss": 0.69213997, "lr": 0.00099384, "params": 8313, "time_iter": 0.69315, "accuracy": 0.52381, "precision": 0.0, "recall": 0.0, "f1": 0.0, "auc": 0.64091}
{"epoch": 6, "time_epoch": 2.07739, "eta": 179.28848, "eta_hours": 0.0498, "loss": 0.69121575, "lr": 0.00099114, "params": 8313, "time_iter": 0.69246, "accuracy": 0.52381, "precision": 0.0, "recall": 0.0, "f1": 0.0, "auc": 0.79091}
{"epoch": 7, "time_epoch": 0.82288, "eta": 164.65364, "eta_hours": 0.04574, "loss": 0.6909826, "lr": 0.00098796, "params": 8313, "time_iter": 0.27429, "accuracy": 0.52381, "precision": 0.0, "recall": 0.0, "f1": 0.0, "auc": 0.81136}
{"epoch": 8, "time_epoch": 0.16675, "eta": 146.45398, "eta_hours": 0.04068, "loss": 0.69004921, "lr": 0.00098429, "params": 8313, "time_iter": 0.05558, "accuracy": 0.52381, "precision": 0.0, "recall": 0.0, "f1": 0.0, "auc": 0.79773}
{"epoch": 9, "time_epoch": 0.16704, "eta": 131.86345, "eta_hours": 0.03663, "loss": 0.6887215, "lr": 0.00098015, "params": 8313, "time_iter": 0.05568, "accuracy": 0.52381, "precision": 0.0, "recall": 0.0, "f1": 0.0, "auc": 0.84773}
{"epoch": 10, "time_epoch": 0.1689, "eta": 119.91045, "eta_hours": 0.03331, "loss": 0.689024, "lr": 0.00097553, "params": 8313, "time_iter": 0.0563, "accuracy": 0.52381, "precision": 0.0, "recall": 0.0, "f1": 0.0, "auc": 0.81818}
{"epoch": 11, "time_epoch": 0.16885, "eta": 109.92112, "eta_hours": 0.03053, "loss": 0.68893966, "lr": 0.00097044, "params": 8313, "time_iter": 0.05628, "accuracy": 0.52381, "precision": 0.0, "recall": 0.0, "f1": 0.0, "auc": 0.76818}
{"epoch": 12, "time_epoch": 0.16523, "eta": 101.41841, "eta_hours": 0.02817, "loss": 0.68662365, "lr": 0.00096489, "params": 8313, "time_iter": 0.05508, "accuracy": 0.52381, "precision": 0.0, "recall": 0.0, "f1": 0.0, "auc": 0.79091}
{"epoch": 13, "time_epoch": 0.169, "eta": 94.12992, "eta_hours": 0.02615, "loss": 0.68381151, "lr": 0.00095888, "params": 8313, "time_iter": 0.05633, "accuracy": 0.57143, "precision": 1.0, "recall": 0.1, "f1": 0.18182, "auc": 0.87955}
{"epoch": 14, "time_epoch": 0.16597, "eta": 87.77352, "eta_hours": 0.02438, "loss": 0.6820344, "lr": 0.00095241, "params": 8313, "time_iter": 0.05532, "accuracy": 0.61905, "precision": 1.0, "recall": 0.2, "f1": 0.33333, "auc": 0.85909}
{"epoch": 15, "time_epoch": 0.18462, "eta": 82.28886, "eta_hours": 0.02286, "loss": 0.67895088, "lr": 0.0009455, "params": 8313, "time_iter": 0.06154, "accuracy": 0.61905, "precision": 1.0, "recall": 0.2, "f1": 0.33333, "auc": 0.89318}
{"epoch": 16, "time_epoch": 0.18321, "eta": 77.42086, "eta_hours": 0.02151, "loss": 0.67541012, "lr": 0.00093815, "params": 8313, "time_iter": 0.06107, "accuracy": 0.61905, "precision": 1.0, "recall": 0.2, "f1": 0.33333, "auc": 0.88409}
{"epoch": 17, "time_epoch": 0.18489, "eta": 73.081, "eta_hours": 0.0203, "loss": 0.67409999, "lr": 0.00093037, "params": 8313, "time_iter": 0.06163, "accuracy": 0.71429, "precision": 1.0, "recall": 0.4, "f1": 0.57143, "auc": 0.81591}
{"epoch": 18, "time_epoch": 0.18675, "eta": 69.18644, "eta_hours": 0.01922, "loss": 0.6684594, "lr": 0.00092216, "params": 8313, "time_iter": 0.06225, "accuracy": 0.64286, "precision": 0.85714, "recall": 0.3, "f1": 0.44444, "auc": 0.89545}
{"epoch": 19, "time_epoch": 0.18454, "eta": 65.65382, "eta_hours": 0.01824, "loss": 0.6628826, "lr": 0.00091354, "params": 8313, "time_iter": 0.06151, "accuracy": 0.7381, "precision": 1.0, "recall": 0.45, "f1": 0.62069, "auc": 0.89091}
{"epoch": 20, "time_epoch": 0.18539, "eta": 62.44328, "eta_hours": 0.01735, "loss": 0.66239809, "lr": 0.00090451, "params": 8313, "time_iter": 0.0618, "accuracy": 0.69048, "precision": 0.81818, "recall": 0.45, "f1": 0.58065, "auc": 0.79318}
{"epoch": 21, "time_epoch": 0.1857, "eta": 59.50883, "eta_hours": 0.01653, "loss": 0.65359879, "lr": 0.00089508, "params": 8313, "time_iter": 0.0619, "accuracy": 0.7381, "precision": 0.90909, "recall": 0.5, "f1": 0.64516, "auc": 0.88182}
{"epoch": 22, "time_epoch": 0.1874, "eta": 56.8191, "eta_hours": 0.01578, "loss": 0.64308817, "lr": 0.00088526, "params": 8313, "time_iter": 0.06247, "accuracy": 0.7381, "precision": 0.84615, "recall": 0.55, "f1": 0.66667, "auc": 0.86591}
{"epoch": 23, "time_epoch": 0.19043, "eta": 54.3475, "eta_hours": 0.0151, "loss": 0.63246224, "lr": 0.00087506, "params": 8313, "time_iter": 0.06348, "accuracy": 0.80952, "precision": 0.875, "recall": 0.7, "f1": 0.77778, "auc": 0.89773}
{"epoch": 24, "time_epoch": 0.1871, "eta": 52.04839, "eta_hours": 0.01446, "loss": 0.63781664, "lr": 0.00086448, "params": 8313, "time_iter": 0.06237, "accuracy": 0.78571, "precision": 0.86667, "recall": 0.65, "f1": 0.74286, "auc": 0.85909}
{"epoch": 25, "time_epoch": 0.18381, "eta": 49.90239, "eta_hours": 0.01386, "loss": 0.62104187, "lr": 0.00085355, "params": 8313, "time_iter": 0.06127, "accuracy": 0.83333, "precision": 0.88235, "recall": 0.75, "f1": 0.81081, "auc": 0.91136}
{"epoch": 26, "time_epoch": 0.18514, "eta": 47.90534, "eta_hours": 0.01331, "loss": 0.61063689, "lr": 0.00084227, "params": 8313, "time_iter": 0.06171, "accuracy": 0.83333, "precision": 0.93333, "recall": 0.7, "f1": 0.8, "auc": 0.91364}
{"epoch": 27, "time_epoch": 0.1911, "eta": 46.05304, "eta_hours": 0.01279, "loss": 0.60425409, "lr": 0.00083066, "params": 8313, "time_iter": 0.0637, "accuracy": 0.7619, "precision": 0.77778, "recall": 0.7, "f1": 0.73684, "auc": 0.88864}
{"epoch": 28, "time_epoch": 0.18525, "eta": 44.30098, "eta_hours": 0.01231, "loss": 0.57941854, "lr": 0.00081871, "params": 8313, "time_iter": 0.06175, "accuracy": 0.83333, "precision": 0.84211, "recall": 0.8, "f1": 0.82051, "auc": 0.93182}
{"epoch": 29, "time_epoch": 0.18287, "eta": 42.64781, "eta_hours": 0.01185, "loss": 0.56703508, "lr": 0.00080645, "params": 8313, "time_iter": 0.06096, "accuracy": 0.83333, "precision": 0.88235, "recall": 0.75, "f1": 0.81081, "auc": 0.93409}
{"epoch": 30, "time_epoch": 0.18456, "eta": 41.09326, "eta_hours": 0.01141, "loss": 0.55561545, "lr": 0.00079389, "params": 8313, "time_iter": 0.06152, "accuracy": 0.88095, "precision": 0.94118, "recall": 0.8, "f1": 0.86486, "auc": 0.93636}
{"epoch": 31, "time_epoch": 0.18522, "eta": 39.62574, "eta_hours": 0.01101, "loss": 0.54362534, "lr": 0.00078104, "params": 8313, "time_iter": 0.06174, "accuracy": 0.88095, "precision": 0.89474, "recall": 0.85, "f1": 0.87179, "auc": 0.93864}
{"epoch": 32, "time_epoch": 0.18693, "eta": 38.23941, "eta_hours": 0.01062, "loss": 0.53460312, "lr": 0.00076791, "params": 8313, "time_iter": 0.06231, "accuracy": 0.88095, "precision": 0.89474, "recall": 0.85, "f1": 0.87179, "auc": 0.93182}
{"epoch": 33, "time_epoch": 0.18324, "eta": 36.91647, "eta_hours": 0.01025, "loss": 0.51699261, "lr": 0.00075452, "params": 8313, "time_iter": 0.06108, "accuracy": 0.92857, "precision": 1.0, "recall": 0.85, "f1": 0.91892, "auc": 0.95}
{"epoch": 34, "time_epoch": 0.18552, "eta": 35.66288, "eta_hours": 0.00991, "loss": 0.49817795, "lr": 0.00074088, "params": 8313, "time_iter": 0.06184, "accuracy": 0.90476, "precision": 0.94444, "recall": 0.85, "f1": 0.89474, "auc": 0.95682}
{"epoch": 35, "time_epoch": 0.18433, "eta": 34.46652, "eta_hours": 0.00957, "loss": 0.4819575, "lr": 0.000727, "params": 8313, "time_iter": 0.06144, "accuracy": 0.88095, "precision": 0.94118, "recall": 0.8, "f1": 0.86486, "auc": 0.95227}
{"epoch": 36, "time_epoch": 0.18744, "eta": 33.33016, "eta_hours": 0.00926, "loss": 0.49769613, "lr": 0.00071289, "params": 8313, "time_iter": 0.06248, "accuracy": 0.80952, "precision": 0.83333, "recall": 0.75, "f1": 0.78947, "auc": 0.93182}
{"epoch": 37, "time_epoch": 0.18684, "eta": 32.24276, "eta_hours": 0.00896, "loss": 0.46989596, "lr": 0.00069857, "params": 8313, "time_iter": 0.06228, "accuracy": 0.85714, "precision": 0.9375, "recall": 0.75, "f1": 0.83333, "auc": 0.96591}
{"epoch": 38, "time_epoch": 0.18908, "eta": 31.20505, "eta_hours": 0.00867, "loss": 0.44445233, "lr": 0.00068406, "params": 8313, "time_iter": 0.06303, "accuracy": 0.92857, "precision": 1.0, "recall": 0.85, "f1": 0.91892, "auc": 0.97273}
{"epoch": 39, "time_epoch": 0.18949, "eta": 30.21039, "eta_hours": 0.00839, "loss": 0.42556044, "lr": 0.00066937, "params": 8313, "time_iter": 0.06316, "accuracy": 0.92857, "precision": 1.0, "recall": 0.85, "f1": 0.91892, "auc": 0.97045}
{"epoch": 40, "time_epoch": 0.18963, "eta": 29.2552, "eta_hours": 0.00813, "loss": 0.43730041, "lr": 0.00065451, "params": 8313, "time_iter": 0.06321, "accuracy": 0.92857, "precision": 1.0, "recall": 0.85, "f1": 0.91892, "auc": 0.95909}
{"epoch": 41, "time_epoch": 0.18617, "eta": 28.33169, "eta_hours": 0.00787, "loss": 0.42099659, "lr": 0.0006395, "params": 8313, "time_iter": 0.06206, "accuracy": 0.88095, "precision": 0.94118, "recall": 0.8, "f1": 0.86486, "auc": 0.97955}
{"epoch": 42, "time_epoch": 0.18967, "eta": 27.44712, "eta_hours": 0.00762, "loss": 0.41904871, "lr": 0.00062434, "params": 8313, "time_iter": 0.06322, "accuracy": 0.90476, "precision": 1.0, "recall": 0.8, "f1": 0.88889, "auc": 0.97727}
{"epoch": 43, "time_epoch": 0.18298, "eta": 26.58563, "eta_hours": 0.00738, "loss": 0.42130585, "lr": 0.00060907, "params": 8313, "time_iter": 0.06099, "accuracy": 0.83333, "precision": 0.88235, "recall": 0.75, "f1": 0.81081, "auc": 0.95455}
{"epoch": 44, "time_epoch": 0.19003, "eta": 25.7629, "eta_hours": 0.00716, "loss": 0.36893303, "lr": 0.00059369, "params": 8313, "time_iter": 0.06334, "accuracy": 0.92857, "precision": 1.0, "recall": 0.85, "f1": 0.91892, "auc": 0.98636}
{"epoch": 45, "time_epoch": 0.1918, "eta": 24.96976, "eta_hours": 0.00694, "loss": 0.38787406, "lr": 0.00057822, "params": 8313, "time_iter": 0.06393, "accuracy": 0.88095, "precision": 0.94118, "recall": 0.8, "f1": 0.86486, "auc": 0.975}
{"epoch": 46, "time_epoch": 0.21991, "eta": 24.2339, "eta_hours": 0.00673, "loss": 0.33470699, "lr": 0.00056267, "params": 8313, "time_iter": 0.0733, "accuracy": 0.95238, "precision": 1.0, "recall": 0.9, "f1": 0.94737, "auc": 0.99545}
{"epoch": 47, "time_epoch": 0.20365, "eta": 23.50194, "eta_hours": 0.00653, "loss": 0.37502765, "lr": 0.00054705, "params": 8313, "time_iter": 0.06788, "accuracy": 0.90476, "precision": 0.94444, "recall": 0.85, "f1": 0.89474, "auc": 0.96818}
{"epoch": 48, "time_epoch": 0.21316, "eta": 22.80143, "eta_hours": 0.00633, "loss": 0.3202415, "lr": 0.0005314, "params": 8313, "time_iter": 0.07105, "accuracy": 0.92857, "precision": 1.0, "recall": 0.85, "f1": 0.91892, "auc": 0.99091}
{"epoch": 49, "time_epoch": 0.20209, "eta": 22.10935, "eta_hours": 0.00614, "loss": 0.35137769, "lr": 0.00051571, "params": 8313, "time_iter": 0.06736, "accuracy": 0.92857, "precision": 1.0, "recall": 0.85, "f1": 0.91892, "auc": 0.96818}
{"epoch": 50, "time_epoch": 0.20132, "eta": 21.43574, "eta_hours": 0.00595, "loss": 0.31518835, "lr": 0.0005, "params": 8313, "time_iter": 0.06711, "accuracy": 0.95238, "precision": 1.0, "recall": 0.9, "f1": 0.94737, "auc": 0.99318}
{"epoch": 51, "time_epoch": 0.20333, "eta": 20.78216, "eta_hours": 0.00577, "loss": 0.29169698, "lr": 0.00048429, "params": 8313, "time_iter": 0.06778, "accuracy": 0.95238, "precision": 1.0, "recall": 0.9, "f1": 0.94737, "auc": 0.99318}
{"epoch": 52, "time_epoch": 0.20431, "eta": 20.14643, "eta_hours": 0.0056, "loss": 0.28989178, "lr": 0.0004686, "params": 8313, "time_iter": 0.0681, "accuracy": 0.95238, "precision": 1.0, "recall": 0.9, "f1": 0.94737, "auc": 0.98182}
{"epoch": 53, "time_epoch": 0.20181, "eta": 19.52455, "eta_hours": 0.00542, "loss": 0.27616838, "lr": 0.00045295, "params": 8313, "time_iter": 0.06727, "accuracy": 0.97619, "precision": 1.0, "recall": 0.95, "f1": 0.97436, "auc": 0.99318}
{"epoch": 54, "time_epoch": 0.20133, "eta": 18.91756, "eta_hours": 0.00525, "loss": 0.27995135, "lr": 0.00043733, "params": 8313, "time_iter": 0.06711, "accuracy": 0.95238, "precision": 1.0, "recall": 0.9, "f1": 0.94737, "auc": 0.99545}
{"epoch": 55, "time_epoch": 0.20161, "eta": 18.32527, "eta_hours": 0.00509, "loss": 0.25622422, "lr": 0.00042178, "params": 8313, "time_iter": 0.0672, "accuracy": 0.95238, "precision": 1.0, "recall": 0.9, "f1": 0.94737, "auc": 1.0}
{"epoch": 56, "time_epoch": 0.20075, "eta": 17.74604, "eta_hours": 0.00493, "loss": 0.26487075, "lr": 0.00040631, "params": 8313, "time_iter": 0.06692, "accuracy": 0.95238, "precision": 1.0, "recall": 0.9, "f1": 0.94737, "auc": 0.99545}
{"epoch": 57, "time_epoch": 0.20787, "eta": 17.18502, "eta_hours": 0.00477, "loss": 0.25712249, "lr": 0.00039093, "params": 8313, "time_iter": 0.06929, "accuracy": 0.95238, "precision": 1.0, "recall": 0.9, "f1": 0.94737, "auc": 0.99545}
{"epoch": 58, "time_epoch": 0.20315, "eta": 16.63268, "eta_hours": 0.00462, "loss": 0.23234902, "lr": 0.00037566, "params": 8313, "time_iter": 0.06772, "accuracy": 0.97619, "precision": 1.0, "recall": 0.95, "f1": 0.97436, "auc": 1.0}
{"epoch": 59, "time_epoch": 0.20438, "eta": 16.09281, "eta_hours": 0.00447, "loss": 0.24539476, "lr": 0.0003605, "params": 8313, "time_iter": 0.06813, "accuracy": 0.95238, "precision": 1.0, "recall": 0.9, "f1": 0.94737, "auc": 0.99773}
{"epoch": 60, "time_epoch": 0.20121, "eta": 15.56191, "eta_hours": 0.00432, "loss": 0.21185241, "lr": 0.00034549, "params": 8313, "time_iter": 0.06707, "accuracy": 0.97619, "precision": 1.0, "recall": 0.95, "f1": 0.97436, "auc": 1.0}
{"epoch": 61, "time_epoch": 0.23449, "eta": 15.06205, "eta_hours": 0.00418, "loss": 0.22304311, "lr": 0.00033063, "params": 8313, "time_iter": 0.07816, "accuracy": 0.97619, "precision": 1.0, "recall": 0.95, "f1": 0.97436, "auc": 1.0}
{"epoch": 62, "time_epoch": 0.24287, "eta": 14.57553, "eta_hours": 0.00405, "loss": 0.26480276, "lr": 0.00031594, "params": 8313, "time_iter": 0.08096, "accuracy": 0.95238, "precision": 1.0, "recall": 0.9, "f1": 0.94737, "auc": 0.98864}
{"epoch": 63, "time_epoch": 0.2432, "eta": 14.09681, "eta_hours": 0.00392, "loss": 0.19153383, "lr": 0.00030143, "params": 8313, "time_iter": 0.08107, "accuracy": 1.0, "precision": 1.0, "recall": 1.0, "f1": 1.0, "auc": 1.0}
{"epoch": 64, "time_epoch": 0.25067, "eta": 13.62935, "eta_hours": 0.00379, "loss": 0.19908259, "lr": 0.00028711, "params": 8313, "time_iter": 0.08356, "accuracy": 1.0, "precision": 1.0, "recall": 1.0, "f1": 1.0, "auc": 1.0}
{"epoch": 65, "time_epoch": 0.24738, "eta": 13.16678, "eta_hours": 0.00366, "loss": 0.19336398, "lr": 0.000273, "params": 8313, "time_iter": 0.08246, "accuracy": 1.0, "precision": 1.0, "recall": 1.0, "f1": 1.0, "auc": 1.0}
{"epoch": 66, "time_epoch": 0.24939, "eta": 12.71161, "eta_hours": 0.00353, "loss": 0.22029248, "lr": 0.00025912, "params": 8313, "time_iter": 0.08313, "accuracy": 0.97619, "precision": 1.0, "recall": 0.95, "f1": 0.97436, "auc": 1.0}
{"epoch": 67, "time_epoch": 0.24939, "eta": 12.2625, "eta_hours": 0.00341, "loss": 0.19204309, "lr": 0.00024548, "params": 8313, "time_iter": 0.08313, "accuracy": 0.97619, "precision": 1.0, "recall": 0.95, "f1": 0.97436, "auc": 1.0}
{"epoch": 68, "time_epoch": 0.25576, "eta": 11.82204, "eta_hours": 0.00328, "loss": 0.21472029, "lr": 0.00023209, "params": 8313, "time_iter": 0.08525, "accuracy": 0.97619, "precision": 1.0, "recall": 0.95, "f1": 0.97436, "auc": 0.99318}
{"epoch": 69, "time_epoch": 0.25796, "eta": 11.3878, "eta_hours": 0.00316, "loss": 0.16840896, "lr": 0.00021896, "params": 8313, "time_iter": 0.08599, "accuracy": 1.0, "precision": 1.0, "recall": 1.0, "f1": 1.0, "auc": 1.0}
{"epoch": 70, "time_epoch": 0.2503, "eta": 10.9554, "eta_hours": 0.00304, "loss": 0.16962289, "lr": 0.00020611, "params": 8313, "time_iter": 0.08343, "accuracy": 1.0, "precision": 1.0, "recall": 1.0, "f1": 1.0, "auc": 1.0}
{"epoch": 71, "time_epoch": 0.25001, "eta": 10.52794, "eta_hours": 0.00292, "loss": 0.17646812, "lr": 0.00019355, "params": 8313, "time_iter": 0.08334, "accuracy": 0.97619, "precision": 1.0, "recall": 0.95, "f1": 0.97436, "auc": 1.0}
{"epoch": 72, "time_epoch": 0.24595, "eta": 10.10384, "eta_hours": 0.00281, "loss": 0.18596678, "lr": 0.00018129, "params": 8313, "time_iter": 0.08198, "accuracy": 0.97619, "precision": 1.0, "recall": 0.95, "f1": 0.97436, "auc": 1.0}
{"epoch": 73, "time_epoch": 0.24734, "eta": 9.68505, "eta_hours": 0.00269, "loss": 0.15056694, "lr": 0.00016934, "params": 8313, "time_iter": 0.08245, "accuracy": 1.0, "precision": 1.0, "recall": 1.0, "f1": 1.0, "auc": 1.0}
{"epoch": 74, "time_epoch": 0.25209, "eta": 9.27241, "eta_hours": 0.00258, "loss": 0.19566503, "lr": 0.00015773, "params": 8313, "time_iter": 0.08403, "accuracy": 0.97619, "precision": 1.0, "recall": 0.95, "f1": 0.97436, "auc": 1.0}
{"epoch": 75, "time_epoch": 0.25389, "eta": 8.86456, "eta_hours": 0.00246, "loss": 0.16104678, "lr": 0.00014645, "params": 8313, "time_iter": 0.08463, "accuracy": 1.0, "precision": 1.0, "recall": 1.0, "f1": 1.0, "auc": 1.0}
{"epoch": 76, "time_epoch": 0.24718, "eta": 8.45871, "eta_hours": 0.00235, "loss": 0.15090706, "lr": 0.00013552, "params": 8313, "time_iter": 0.08239, "accuracy": 1.0, "precision": 1.0, "recall": 1.0, "f1": 1.0, "auc": 1.0}
{"epoch": 77, "time_epoch": 0.24409, "eta": 8.05606, "eta_hours": 0.00224, "loss": 0.14909228, "lr": 0.00012494, "params": 8313, "time_iter": 0.08136, "accuracy": 1.0, "precision": 1.0, "recall": 1.0, "f1": 1.0, "auc": 1.0}
{"epoch": 78, "time_epoch": 0.24652, "eta": 7.65806, "eta_hours": 0.00213, "loss": 0.14104575, "lr": 0.00011474, "params": 8313, "time_iter": 0.08217, "accuracy": 1.0, "precision": 1.0, "recall": 1.0, "f1": 1.0, "auc": 1.0}
{"epoch": 79, "time_epoch": 0.24764, "eta": 7.26414, "eta_hours": 0.00202, "loss": 0.19638417, "lr": 0.00010492, "params": 8313, "time_iter": 0.08255, "accuracy": 0.95238, "precision": 1.0, "recall": 0.9, "f1": 0.94737, "auc": 0.99545}
{"epoch": 80, "time_epoch": 0.24579, "eta": 6.87339, "eta_hours": 0.00191, "loss": 0.14079842, "lr": 9.549e-05, "params": 8313, "time_iter": 0.08193, "accuracy": 1.0, "precision": 1.0, "recall": 1.0, "f1": 1.0, "auc": 1.0}
{"epoch": 81, "time_epoch": 0.24484, "eta": 6.48597, "eta_hours": 0.0018, "loss": 0.16343233, "lr": 8.646e-05, "params": 8313, "time_iter": 0.08161, "accuracy": 1.0, "precision": 1.0, "recall": 1.0, "f1": 1.0, "auc": 1.0}
{"epoch": 82, "time_epoch": 0.24749, "eta": 6.10252, "eta_hours": 0.0017, "loss": 0.16708726, "lr": 7.784e-05, "params": 8313, "time_iter": 0.0825, "accuracy": 1.0, "precision": 1.0, "recall": 1.0, "f1": 1.0, "auc": 1.0}
{"epoch": 83, "time_epoch": 0.24335, "eta": 5.72153, "eta_hours": 0.00159, "loss": 0.13509452, "lr": 6.963e-05, "params": 8313, "time_iter": 0.08112, "accuracy": 1.0, "precision": 1.0, "recall": 1.0, "f1": 1.0, "auc": 1.0}
{"epoch": 84, "time_epoch": 0.24555, "eta": 5.34416, "eta_hours": 0.00148, "loss": 0.16263728, "lr": 6.185e-05, "params": 8313, "time_iter": 0.08185, "accuracy": 0.97619, "precision": 1.0, "recall": 0.95, "f1": 0.97436, "auc": 1.0}
{"epoch": 85, "time_epoch": 0.24771, "eta": 4.97021, "eta_hours": 0.00138, "loss": 0.15967224, "lr": 5.45e-05, "params": 8313, "time_iter": 0.08257, "accuracy": 1.0, "precision": 1.0, "recall": 1.0, "f1": 1.0, "auc": 1.0}
{"epoch": 86, "time_epoch": 0.25624, "eta": 4.60043, "eta_hours": 0.00128, "loss": 0.13960772, "lr": 4.759e-05, "params": 8313, "time_iter": 0.08541, "accuracy": 1.0, "precision": 1.0, "recall": 1.0, "f1": 1.0, "auc": 1.0}
{"epoch": 87, "time_epoch": 0.24605, "eta": 4.23185, "eta_hours": 0.00118, "loss": 0.14913279, "lr": 4.112e-05, "params": 8313, "time_iter": 0.08202, "accuracy": 0.97619, "precision": 1.0, "recall": 0.95, "f1": 0.97436, "auc": 1.0}
{"epoch": 88, "time_epoch": 0.2538, "eta": 3.86698, "eta_hours": 0.00107, "loss": 0.16535418, "lr": 3.511e-05, "params": 8313, "time_iter": 0.0846, "accuracy": 0.97619, "precision": 1.0, "recall": 0.95, "f1": 0.97436, "auc": 1.0}
{"epoch": 89, "time_epoch": 0.24172, "eta": 3.50323, "eta_hours": 0.00097, "loss": 0.19581593, "lr": 2.956e-05, "params": 8313, "time_iter": 0.08057, "accuracy": 0.95238, "precision": 1.0, "recall": 0.9, "f1": 0.94737, "auc": 0.99318}
{"epoch": 90, "time_epoch": 0.24775, "eta": 3.14276, "eta_hours": 0.00087, "loss": 0.13472339, "lr": 2.447e-05, "params": 8313, "time_iter": 0.08258, "accuracy": 1.0, "precision": 1.0, "recall": 1.0, "f1": 1.0, "auc": 1.0}
{"epoch": 91, "time_epoch": 0.24155, "eta": 2.78421, "eta_hours": 0.00077, "loss": 0.13567378, "lr": 1.985e-05, "params": 8313, "time_iter": 0.08052, "accuracy": 1.0, "precision": 1.0, "recall": 1.0, "f1": 1.0, "auc": 1.0}
{"epoch": 92, "time_epoch": 0.24095, "eta": 2.42812, "eta_hours": 0.00067, "loss": 0.16481586, "lr": 1.571e-05, "params": 8313, "time_iter": 0.08032, "accuracy": 0.97619, "precision": 1.0, "recall": 0.95, "f1": 0.97436, "auc": 1.0}
{"epoch": 93, "time_epoch": 0.24627, "eta": 2.07483, "eta_hours": 0.00058, "loss": 0.14492331, "lr": 1.204e-05, "params": 8313, "time_iter": 0.08209, "accuracy": 1.0, "precision": 1.0, "recall": 1.0, "f1": 1.0, "auc": 1.0}
{"epoch": 94, "time_epoch": 0.24227, "eta": 1.72357, "eta_hours": 0.00048, "loss": 0.16786664, "lr": 8.86e-06, "params": 8313, "time_iter": 0.08076, "accuracy": 0.95238, "precision": 1.0, "recall": 0.9, "f1": 0.94737, "auc": 1.0}
{"epoch": 95, "time_epoch": 0.24417, "eta": 1.37467, "eta_hours": 0.00038, "loss": 0.14601031, "lr": 6.16e-06, "params": 8313, "time_iter": 0.08139, "accuracy": 1.0, "precision": 1.0, "recall": 1.0, "f1": 1.0, "auc": 1.0}
{"epoch": 96, "time_epoch": 0.24376, "eta": 1.02791, "eta_hours": 0.00029, "loss": 0.13855075, "lr": 3.94e-06, "params": 8313, "time_iter": 0.08125, "accuracy": 1.0, "precision": 1.0, "recall": 1.0, "f1": 1.0, "auc": 1.0}
{"epoch": 97, "time_epoch": 0.24126, "eta": 0.68321, "eta_hours": 0.00019, "loss": 0.1376687, "lr": 2.22e-06, "params": 8313, "time_iter": 0.08042, "accuracy": 1.0, "precision": 1.0, "recall": 1.0, "f1": 1.0, "auc": 1.0}
{"epoch": 98, "time_epoch": 0.24562, "eta": 0.34063, "eta_hours": 9e-05, "loss": 0.13882117, "lr": 9.9e-07, "params": 8313, "time_iter": 0.08187, "accuracy": 0.97619, "precision": 1.0, "recall": 0.95, "f1": 0.97436, "auc": 1.0}
{"epoch": 99, "time_epoch": 0.24516, "eta": 0.0, "eta_hours": 0.0, "loss": 0.12915175, "lr": 2.5e-07, "params": 8313, "time_iter": 0.08172, "accuracy": 1.0, "precision": 1.0, "recall": 1.0, "f1": 1.0, "auc": 1.0}
