{"epoch": 0, "time_epoch": 18.956, "eta": 1876.64436, "eta_hours": 0.52129, "loss": 0.69201509, "lr": 0.001, "params": 6183, "time_iter": 0.15165, "accuracy": 0.544, "precision": 0.59542, "recall": 0.3083, "f1": 0.40625, "auc": 0.53285}
{"epoch": 1, "time_epoch": 5.90644, "eta": 1218.25955, "eta_hours": 0.33841, "loss": 0.68608566, "lr": 0.00099975, "params": 6183, "time_iter": 0.04725, "accuracy": 0.546, "precision": 0.54924, "recall": 0.57312, "f1": 0.56093, "auc": 0.56607}
{"epoch": 2, "time_epoch": 5.91958, "eta": 995.28544, "eta_hours": 0.27647, "loss": 0.67523032, "lr": 0.00099901, "params": 6183, "time_iter": 0.04736, "accuracy": 0.59, "precision": 0.6165, "recall": 0.50198, "f1": 0.55338, "auc": 0.59386}
{"epoch": 3, "time_epoch": 5.91001, "eta": 880.60892, "eta_hours": 0.24461, "loss": 0.67943125, "lr": 0.00099778, "params": 6183, "time_iter": 0.04728, "accuracy": 0.582, "precision": 0.58943, "recall": 0.57312, "f1": 0.58116, "auc": 0.59602}
{"epoch": 4, "time_epoch": 5.89727, "eta": 809.19684, "eta_hours": 0.22478, "loss": 0.67551855, "lr": 0.00099606, "params": 6183, "time_iter": 0.04718, "accuracy": 0.576, "precision": 0.59276, "recall": 0.51779, "f1": 0.55274, "auc": 0.60241}
{"epoch": 5, "time_epoch": 5.90032, "eta": 759.6708, "eta_hours": 0.21102, "loss": 0.66927909, "lr": 0.00099384, "params": 6183, "time_iter": 0.0472, "accuracy": 0.602, "precision": 0.61157, "recall": 0.58498, "f1": 0.59798, "auc": 0.60655}
{"epoch": 6, "time_epoch": 5.90519, "eta": 722.67404, "eta_hours": 0.20074, "loss": 0.67459877, "lr": 0.00099114, "params": 6183, "time_iter": 0.04724, "accuracy": 0.578, "precision": 0.59292, "recall": 0.52964, "f1": 0.5595, "auc": 0.6111}
{"epoch": 7, "time_epoch": 5.9076, "eta": 693.47787, "eta_hours": 0.19263, "loss": 0.68107457, "lr": 0.00098796, "params": 6183, "time_iter": 0.04726, "accuracy": 0.566, "precision": 0.57317, "recall": 0.55731, "f1": 0.56513, "auc": 0.59279}
{"epoch": 8, "time_epoch": 5.90018, "eta": 669.38189, "eta_hours": 0.18594, "loss": 0.67218749, "lr": 0.00098429, "params": 6183, "time_iter": 0.0472, "accuracy": 0.576, "precision": 0.57795, "recall": 0.60079, "f1": 0.58915, "auc": 0.6157}
{"epoch": 9, "time_epoch": 5.90832, "eta": 648.99834, "eta_hours": 0.18028, "loss": 0.66615375, "lr": 0.00098015, "params": 6183, "time_iter": 0.04727, "accuracy": 0.58, "precision": 0.59389, "recall": 0.53755, "f1": 0.56432, "auc": 0.63025}
{"epoch": 10, "time_epoch": 5.8987, "eta": 631.16876, "eta_hours": 0.17532, "loss": 0.67925366, "lr": 0.00097553, "params": 6183, "time_iter": 0.04719, "accuracy": 0.572, "precision": 0.58228, "recall": 0.54545, "f1": 0.56327, "auc": 0.59793}
{"epoch": 11, "time_epoch": 5.8945, "eta": 615.29688, "eta_hours": 0.17092, "loss": 0.67671273, "lr": 0.00097044, "params": 6183, "time_iter": 0.04716, "accuracy": 0.578, "precision": 0.58333, "recall": 0.58103, "f1": 0.58218, "auc": 0.59961}
{"epoch": 12, "time_epoch": 5.89479, "eta": 600.96194, "eta_hours": 0.16693, "loss": 0.68055961, "lr": 0.00096489, "params": 6183, "time_iter": 0.04716, "accuracy": 0.574, "precision": 0.57692, "recall": 0.59289, "f1": 0.5848, "auc": 0.59269}
{"epoch": 13, "time_epoch": 5.88706, "eta": 587.78522, "eta_hours": 0.16327, "loss": 0.67794087, "lr": 0.00095888, "params": 6183, "time_iter": 0.0471, "accuracy": 0.586, "precision": 0.59127, "recall": 0.58893, "f1": 0.5901, "auc": 0.60801}
{"epoch": 14, "time_epoch": 5.90014, "eta": 575.6546, "eta_hours": 0.1599, "loss": 0.6591797, "lr": 0.00095241, "params": 6183, "time_iter": 0.0472, "accuracy": 0.598, "precision": 0.59848, "recall": 0.62451, "f1": 0.61122, "auc": 0.65137}
{"epoch": 15, "time_epoch": 5.89977, "eta": 564.30083, "eta_hours": 0.15675, "loss": 0.67678898, "lr": 0.0009455, "params": 6183, "time_iter": 0.0472, "accuracy": 0.574, "precision": 0.58772, "recall": 0.52964, "f1": 0.55717, "auc": 0.59813}
{"epoch": 16, "time_epoch": 5.88599, "eta": 553.52146, "eta_hours": 0.15376, "loss": 0.67603534, "lr": 0.00093815, "params": 6183, "time_iter": 0.04709, "accuracy": 0.57, "precision": 0.57364, "recall": 0.58498, "f1": 0.57926, "auc": 0.6095}
{"epoch": 17, "time_epoch": 5.93819, "eta": 543.52361, "eta_hours": 0.15098, "loss": 0.68093414, "lr": 0.00093037, "params": 6183, "time_iter": 0.04751, "accuracy": 0.554, "precision": 0.56466, "recall": 0.51779, "f1": 0.54021, "auc": 0.58557}
{"epoch": 18, "time_epoch": 5.90576, "eta": 533.81481, "eta_hours": 0.14828, "loss": 0.67426362, "lr": 0.00092216, "params": 6183, "time_iter": 0.04725, "accuracy": 0.586, "precision": 0.59583, "recall": 0.56522, "f1": 0.58012, "auc": 0.61953}
{"epoch": 19, "time_epoch": 5.9758, "eta": 524.76649, "eta_hours": 0.14577, "loss": 0.68689078, "lr": 0.00091354, "params": 6183, "time_iter": 0.04781, "accuracy": 0.554, "precision": 0.56522, "recall": 0.51383, "f1": 0.5383, "auc": 0.57818}
{"epoch": 20, "time_epoch": 5.90664, "eta": 515.75062, "eta_hours": 0.14326, "loss": 0.6837907, "lr": 0.00090451, "params": 6183, "time_iter": 0.04725, "accuracy": 0.558, "precision": 0.56897, "recall": 0.52174, "f1": 0.54433, "auc": 0.57821}
{"epoch": 21, "time_epoch": 5.96763, "eta": 507.23364, "eta_hours": 0.1409, "loss": 0.67687373, "lr": 0.00089508, "params": 6183, "time_iter": 0.04774, "accuracy": 0.584, "precision": 0.58621, "recall": 0.60474, "f1": 0.59533, "auc": 0.61436}
{"epoch": 22, "time_epoch": 7.22155, "eta": 503.13624, "eta_hours": 0.13976, "loss": 0.66468176, "lr": 0.00088526, "params": 6183, "time_iter": 0.05777, "accuracy": 0.604, "precision": 0.60148, "recall": 0.64427, "f1": 0.62214, "auc": 0.64353}
{"epoch": 23, "time_epoch": 12.86904, "eta": 516.6622, "eta_hours": 0.14352, "loss": 0.66234446, "lr": 0.00087506, "params": 6183, "time_iter": 0.10295, "accuracy": 0.608, "precision": 0.61728, "recall": 0.59289, "f1": 0.60484, "auc": 0.64664}
{"epoch": 24, "time_epoch": 13.06562, "eta": 528.66631, "eta_hours": 0.14685, "loss": 0.66027059, "lr": 0.00086448, "params": 6183, "time_iter": 0.10452, "accuracy": 0.632, "precision": 0.6332, "recall": 0.64822, "f1": 0.64062, "auc": 0.64619}
{"epoch": 25, "time_epoch": 11.61319, "eta": 534.60814, "eta_hours": 0.1485, "loss": 0.65933618, "lr": 0.00085355, "params": 6183, "time_iter": 0.09291, "accuracy": 0.626, "precision": 0.61786, "recall": 0.68379, "f1": 0.64916, "auc": 0.65373}
{"epoch": 26, "time_epoch": 12.16351, "eta": 540.73751, "eta_hours": 0.1502, "loss": 0.66624925, "lr": 0.00084227, "params": 6183, "time_iter": 0.09731, "accuracy": 0.596, "precision": 0.59696, "recall": 0.62055, "f1": 0.60853, "auc": 0.6342}
{"epoch": 27, "time_epoch": 11.82933, "eta": 544.70093, "eta_hours": 0.15131, "loss": 0.68130945, "lr": 0.00083066, "params": 6183, "time_iter": 0.09463, "accuracy": 0.582, "precision": 0.57534, "recall": 0.66403, "f1": 0.61651, "auc": 0.61007}
{"epoch": 28, "time_epoch": 11.64017, "eta": 547.11208, "eta_hours": 0.15198, "loss": 0.6756777, "lr": 0.00081871, "params": 6183, "time_iter": 0.09312, "accuracy": 0.602, "precision": 0.60976, "recall": 0.59289, "f1": 0.6012, "auc": 0.62068}
{"epoch": 29, "time_epoch": 10.70186, "eta": 546.39707, "eta_hours": 0.15178, "loss": 0.6644288, "lr": 0.00080645, "params": 6183, "time_iter": 0.08561, "accuracy": 0.58, "precision": 0.60386, "recall": 0.49407, "f1": 0.54348, "auc": 0.63241}
{"epoch": 30, "time_epoch": 10.04951, "eta": 543.58574, "eta_hours": 0.151, "loss": 0.67399066, "lr": 0.00079389, "params": 6183, "time_iter": 0.0804, "accuracy": 0.592, "precision": 0.60699, "recall": 0.54941, "f1": 0.57676, "auc": 0.6071}
{"epoch": 31, "time_epoch": 5.61958, "eta": 530.90844, "eta_hours": 0.14747, "loss": 0.66675919, "lr": 0.00078104, "params": 6183, "time_iter": 0.04496, "accuracy": 0.6, "precision": 0.61674, "recall": 0.55336, "f1": 0.58333, "auc": 0.62647}
{"epoch": 32, "time_epoch": 5.56537, "eta": 518.54881, "eta_hours": 0.14404, "loss": 0.65586493, "lr": 0.00076791, "params": 6183, "time_iter": 0.04452, "accuracy": 0.598, "precision": 0.60156, "recall": 0.6087, "f1": 0.60511, "auc": 0.65765}
{"epoch": 33, "time_epoch": 5.7737, "eta": 506.99325, "eta_hours": 0.14083, "loss": 0.6732851, "lr": 0.00075452, "params": 6183, "time_iter": 0.04619, "accuracy": 0.6, "precision": 0.59779, "recall": 0.64032, "f1": 0.61832, "auc": 0.62158}
{"epoch": 34, "time_epoch": 5.78141, "eta": 495.7824, "eta_hours": 0.13772, "loss": 0.65921588, "lr": 0.00074088, "params": 6183, "time_iter": 0.04625, "accuracy": 0.596, "precision": 0.58885, "recall": 0.66798, "f1": 0.62593, "auc": 0.64744}
{"epoch": 35, "time_epoch": 5.77104, "eta": 484.85474, "eta_hours": 0.13468, "loss": 0.68696804, "lr": 0.000727, "params": 6183, "time_iter": 0.04617, "accuracy": 0.596, "precision": 0.58885, "recall": 0.66798, "f1": 0.62593, "auc": 0.61626}
{"epoch": 36, "time_epoch": 5.77137, "eta": 474.20639, "eta_hours": 0.13172, "loss": 0.67906083, "lr": 0.00071289, "params": 6183, "time_iter": 0.04617, "accuracy": 0.596, "precision": 0.6, "recall": 0.60474, "f1": 0.60236, "auc": 0.61161}
{"epoch": 37, "time_epoch": 5.77571, "eta": 463.82179, "eta_hours": 0.12884, "loss": 0.65991665, "lr": 0.00069857, "params": 6183, "time_iter": 0.04621, "accuracy": 0.62, "precision": 0.6171, "recall": 0.65613, "f1": 0.63602, "auc": 0.6619}
{"epoch": 38, "time_epoch": 5.78121, "eta": 453.68216, "eta_hours": 0.12602, "loss": 0.66254918, "lr": 0.00068406, "params": 6183, "time_iter": 0.04625, "accuracy": 0.598, "precision": 0.61504, "recall": 0.54941, "f1": 0.58038, "auc": 0.64579}
{"epoch": 39, "time_epoch": 5.75173, "eta": 443.71622, "eta_hours": 0.12325, "loss": 0.65751515, "lr": 0.00066937, "params": 6183, "time_iter": 0.04601, "accuracy": 0.618, "precision": 0.64623, "recall": 0.5415, "f1": 0.58925, "auc": 0.63681}
{"epoch": 40, "time_epoch": 5.76119, "eta": 433.96947, "eta_hours": 0.12055, "loss": 0.66231783, "lr": 0.00065451, "params": 6183, "time_iter": 0.04609, "accuracy": 0.602, "precision": 0.6063, "recall": 0.6087, "f1": 0.6075, "auc": 0.64867}
{"epoch": 41, "time_epoch": 5.74747, "eta": 424.39355, "eta_hours": 0.11789, "loss": 0.66794337, "lr": 0.0006395, "params": 6183, "time_iter": 0.04598, "accuracy": 0.6, "precision": 0.60232, "recall": 0.6166, "f1": 0.60938, "auc": 0.62931}
{"epoch": 42, "time_epoch": 5.76265, "eta": 415.01584, "eta_hours": 0.11528, "loss": 0.66923513, "lr": 0.00062434, "params": 6183, "time_iter": 0.0461, "accuracy": 0.61, "precision": 0.61417, "recall": 0.6166, "f1": 0.61538, "auc": 0.6408}
{"epoch": 43, "time_epoch": 5.75783, "eta": 405.79631, "eta_hours": 0.11272, "loss": 0.65328448, "lr": 0.00060907, "params": 6183, "time_iter": 0.04606, "accuracy": 0.616, "precision": 0.63556, "recall": 0.56522, "f1": 0.59833, "auc": 0.65365}
{"epoch": 44, "time_epoch": 5.74322, "eta": 396.71277, "eta_hours": 0.1102, "loss": 0.6596312, "lr": 0.00059369, "params": 6183, "time_iter": 0.04595, "accuracy": 0.63, "precision": 0.63821, "recall": 0.62055, "f1": 0.62926, "auc": 0.65966}
{"epoch": 45, "time_epoch": 5.75537, "eta": 387.78872, "eta_hours": 0.10772, "loss": 0.6655965, "lr": 0.00057822, "params": 6183, "time_iter": 0.04604, "accuracy": 0.616, "precision": 0.63319, "recall": 0.57312, "f1": 0.60166, "auc": 0.64864}
{"epoch": 46, "time_epoch": 5.74056, "eta": 378.98281, "eta_hours": 0.10527, "loss": 0.64867208, "lr": 0.00056267, "params": 6183, "time_iter": 0.04592, "accuracy": 0.622, "precision": 0.63333, "recall": 0.60079, "f1": 0.61663, "auc": 0.67262}
{"epoch": 47, "time_epoch": 5.75883, "eta": 370.32442, "eta_hours": 0.10287, "loss": 0.66532054, "lr": 0.00054705, "params": 6183, "time_iter": 0.04607, "accuracy": 0.618, "precision": 0.63964, "recall": 0.56126, "f1": 0.59789, "auc": 0.64422}
{"epoch": 48, "time_epoch": 5.75348, "eta": 361.77881, "eta_hours": 0.10049, "loss": 0.64969484, "lr": 0.0005314, "params": 6183, "time_iter": 0.04603, "accuracy": 0.628, "precision": 0.64255, "recall": 0.59684, "f1": 0.61885, "auc": 0.67035}
{"epoch": 49, "time_epoch": 5.74992, "eta": 353.34133, "eta_hours": 0.09815, "loss": 0.66666746, "lr": 0.00051571, "params": 6183, "time_iter": 0.046, "accuracy": 0.602, "precision": 0.61842, "recall": 0.55731, "f1": 0.58628, "auc": 0.63352}
{"epoch": 50, "time_epoch": 5.74249, "eta": 345.0021, "eta_hours": 0.09583, "loss": 0.65761807, "lr": 0.0005, "params": 6183, "time_iter": 0.04594, "accuracy": 0.634, "precision": 0.64228, "recall": 0.62451, "f1": 0.63327, "auc": 0.66106}
{"epoch": 51, "time_epoch": 5.746, "eta": 336.76599, "eta_hours": 0.09355, "loss": 0.66445632, "lr": 0.00048429, "params": 6183, "time_iter": 0.04597, "accuracy": 0.626, "precision": 0.62692, "recall": 0.64427, "f1": 0.63548, "auc": 0.656}
{"epoch": 52, "time_epoch": 5.74978, "eta": 328.62719, "eta_hours": 0.09129, "loss": 0.65999203, "lr": 0.0004686, "params": 6183, "time_iter": 0.046, "accuracy": 0.6, "precision": 0.60392, "recall": 0.6087, "f1": 0.6063, "auc": 0.65091}
{"epoch": 53, "time_epoch": 5.75748, "eta": 320.58344, "eta_hours": 0.08905, "loss": 0.64831811, "lr": 0.00045295, "params": 6183, "time_iter": 0.04606, "accuracy": 0.634, "precision": 0.64113, "recall": 0.62846, "f1": 0.63473, "auc": 0.66778}
{"epoch": 54, "time_epoch": 5.75702, "eta": 312.62245, "eta_hours": 0.08684, "loss": 0.6630422, "lr": 0.00043733, "params": 6183, "time_iter": 0.04606, "accuracy": 0.606, "precision": 0.61382, "recall": 0.59684, "f1": 0.60521, "auc": 0.64981}
{"epoch": 55, "time_epoch": 5.74876, "eta": 304.73367, "eta_hours": 0.08465, "loss": 0.65997097, "lr": 0.00042178, "params": 6183, "time_iter": 0.04599, "accuracy": 0.62, "precision": 0.62753, "recall": 0.61265, "f1": 0.62, "auc": 0.65625}
{"epoch": 56, "time_epoch": 5.75968, "eta": 296.92823, "eta_hours": 0.08248, "loss": 0.66222113, "lr": 0.00040631, "params": 6183, "time_iter": 0.04608, "accuracy": 0.622, "precision": 0.6194, "recall": 0.65613, "f1": 0.63724, "auc": 0.66144}
{"epoch": 57, "time_epoch": 5.74639, "eta": 289.18371, "eta_hours": 0.08033, "loss": 0.64724455, "lr": 0.00039093, "params": 6183, "time_iter": 0.04597, "accuracy": 0.612, "precision": 0.61569, "recall": 0.62055, "f1": 0.61811, "auc": 0.66736}
{"epoch": 58, "time_epoch": 5.74205, "eta": 281.5039, "eta_hours": 0.0782, "loss": 0.6530367, "lr": 0.00037566, "params": 6183, "time_iter": 0.04594, "accuracy": 0.62, "precision": 0.62353, "recall": 0.62846, "f1": 0.62598, "auc": 0.67194}
{"epoch": 59, "time_epoch": 5.74874, "eta": 273.89315, "eta_hours": 0.07608, "loss": 0.64985752, "lr": 0.0003605, "params": 6183, "time_iter": 0.04599, "accuracy": 0.618, "precision": 0.62302, "recall": 0.62055, "f1": 0.62178, "auc": 0.66866}
{"epoch": 60, "time_epoch": 5.75293, "eta": 266.34612, "eta_hours": 0.07399, "loss": 0.6730435, "lr": 0.00034549, "params": 6183, "time_iter": 0.04602, "accuracy": 0.616, "precision": 0.61597, "recall": 0.64032, "f1": 0.62791, "auc": 0.64192}
{"epoch": 61, "time_epoch": 5.73621, "eta": 258.84672, "eta_hours": 0.0719, "loss": 0.6513546, "lr": 0.00033063, "params": 6183, "time_iter": 0.04589, "accuracy": 0.62, "precision": 0.6255, "recall": 0.62055, "f1": 0.62302, "auc": 0.65451}
{"epoch": 62, "time_epoch": 5.7398, "eta": 251.40541, "eta_hours": 0.06983, "loss": 0.65702924, "lr": 0.00031594, "params": 6183, "time_iter": 0.04592, "accuracy": 0.638, "precision": 0.63636, "recall": 0.66403, "f1": 0.6499, "auc": 0.6688}
{"epoch": 63, "time_epoch": 5.7579, "eta": 244.02744, "eta_hours": 0.06779, "loss": 0.63395535, "lr": 0.00030143, "params": 6183, "time_iter": 0.04606, "accuracy": 0.642, "precision": 0.64919, "recall": 0.63636, "f1": 0.64271, "auc": 0.68171}
{"epoch": 64, "time_epoch": 5.76676, "eta": 236.7041, "eta_hours": 0.06575, "loss": 0.66965104, "lr": 0.00028711, "params": 6183, "time_iter": 0.04613, "accuracy": 0.612, "precision": 0.62343, "recall": 0.58893, "f1": 0.60569, "auc": 0.64931}
{"epoch": 65, "time_epoch": 5.80418, "eta": 229.4472, "eta_hours": 0.06374, "loss": 0.66512775, "lr": 0.000273, "params": 6183, "time_iter": 0.04643, "accuracy": 0.612, "precision": 0.6166, "recall": 0.6166, "f1": 0.6166, "auc": 0.64737}
{"epoch": 66, "time_epoch": 5.75093, "eta": 222.20744, "eta_hours": 0.06172, "loss": 0.660241, "lr": 0.00025912, "params": 6183, "time_iter": 0.04601, "accuracy": 0.646, "precision": 0.64844, "recall": 0.65613, "f1": 0.65226, "auc": 0.65497}
{"epoch": 67, "time_epoch": 5.74355, "eta": 215.00799, "eta_hours": 0.05972, "loss": 0.67009687, "lr": 0.00024548, "params": 6183, "time_iter": 0.04595, "accuracy": 0.616, "precision": 0.62762, "recall": 0.59289, "f1": 0.60976, "auc": 0.64011}
{"epoch": 68, "time_epoch": 5.75043, "eta": 207.85384, "eta_hours": 0.05774, "loss": 0.66844398, "lr": 0.00023209, "params": 6183, "time_iter": 0.046, "accuracy": 0.59, "precision": 0.59231, "recall": 0.6087, "f1": 0.60039, "auc": 0.63963}
{"epoch": 69, "time_epoch": 5.73441, "eta": 200.73293, "eta_hours": 0.05576, "loss": 0.64477089, "lr": 0.00021896, "params": 6183, "time_iter": 0.04588, "accuracy": 0.636, "precision": 0.64854, "recall": 0.61265, "f1": 0.63008, "auc": 0.67383}
{"epoch": 70, "time_epoch": 5.74921, "eta": 193.65712, "eta_hours": 0.05379, "loss": 0.65603944, "lr": 0.00020611, "params": 6183, "time_iter": 0.04599, "accuracy": 0.612, "precision": 0.61753, "recall": 0.61265, "f1": 0.61508, "auc": 0.6689}
{"epoch": 71, "time_epoch": 5.73941, "eta": 186.61434, "eta_hours": 0.05184, "loss": 0.6661648, "lr": 0.00019355, "params": 6183, "time_iter": 0.04592, "accuracy": 0.6, "precision": 0.60076, "recall": 0.62451, "f1": 0.6124, "auc": 0.64686}
{"epoch": 72, "time_epoch": 5.74956, "eta": 179.61103, "eta_hours": 0.04989, "loss": 0.64947291, "lr": 0.00018129, "params": 6183, "time_iter": 0.046, "accuracy": 0.628, "precision": 0.62738, "recall": 0.65217, "f1": 0.63953, "auc": 0.66371}
{"epoch": 73, "time_epoch": 5.76121, "eta": 172.6457, "eta_hours": 0.04796, "loss": 0.65304828, "lr": 0.00016934, "params": 6183, "time_iter": 0.04609, "accuracy": 0.628, "precision": 0.62835, "recall": 0.64822, "f1": 0.63813, "auc": 0.66248}
{"epoch": 74, "time_epoch": 5.75777, "eta": 165.71133, "eta_hours": 0.04603, "loss": 0.63551538, "lr": 0.00015773, "params": 6183, "time_iter": 0.04606, "accuracy": 0.634, "precision": 0.63359, "recall": 0.65613, "f1": 0.64466, "auc": 0.68904}
{"epoch": 75, "time_epoch": 5.74961, "eta": 158.80535, "eta_hours": 0.04411, "loss": 0.66177843, "lr": 0.00014645, "params": 6183, "time_iter": 0.046, "accuracy": 0.602, "precision": 0.60305, "recall": 0.62451, "f1": 0.61359, "auc": 0.65091}
{"epoch": 76, "time_epoch": 5.75812, "eta": 151.93194, "eta_hours": 0.0422, "loss": 0.63989396, "lr": 0.00013552, "params": 6183, "time_iter": 0.04606, "accuracy": 0.63, "precision": 0.63178, "recall": 0.64427, "f1": 0.63796, "auc": 0.6793}
{"epoch": 77, "time_epoch": 5.75233, "eta": 145.0855, "eta_hours": 0.0403, "loss": 0.67711478, "lr": 0.00012494, "params": 6183, "time_iter": 0.04602, "accuracy": 0.614, "precision": 0.62097, "recall": 0.6087, "f1": 0.61477, "auc": 0.64675}
{"epoch": 78, "time_epoch": 5.75331, "eta": 138.26702, "eta_hours": 0.03841, "loss": 0.647162, "lr": 0.00011474, "params": 6183, "time_iter": 0.04603, "accuracy": 0.634, "precision": 0.64463, "recall": 0.6166, "f1": 0.6303, "auc": 0.67671}
{"epoch": 79, "time_epoch": 5.75252, "eta": 131.47497, "eta_hours": 0.03652, "loss": 0.64350115, "lr": 0.00010492, "params": 6183, "time_iter": 0.04602, "accuracy": 0.646, "precision": 0.64729, "recall": 0.66008, "f1": 0.65362, "auc": 0.68008}
{"epoch": 80, "time_epoch": 5.73341, "eta": 124.70411, "eta_hours": 0.03464, "loss": 0.64573061, "lr": 9.549e-05, "params": 6183, "time_iter": 0.04587, "accuracy": 0.638, "precision": 0.64754, "recall": 0.62451, "f1": 0.63581, "auc": 0.67395}
{"epoch": 81, "time_epoch": 5.81443, "eta": 117.97633, "eta_hours": 0.03277, "loss": 0.63415238, "lr": 8.646e-05, "params": 6183, "time_iter": 0.04652, "accuracy": 0.628, "precision": 0.63786, "recall": 0.61265, "f1": 0.625, "auc": 0.68055}
{"epoch": 82, "time_epoch": 5.75225, "eta": 111.25783, "eta_hours": 0.0309, "loss": 0.65920165, "lr": 7.784e-05, "params": 6183, "time_iter": 0.04602, "accuracy": 0.636, "precision": 0.6473, "recall": 0.6166, "f1": 0.63158, "auc": 0.66722}
{"epoch": 83, "time_epoch": 5.76187, "eta": 104.56416, "eta_hours": 0.02905, "loss": 0.63858075, "lr": 6.963e-05, "params": 6183, "time_iter": 0.04609, "accuracy": 0.618, "precision": 0.62109, "recall": 0.62846, "f1": 0.62475, "auc": 0.68747}
{"epoch": 84, "time_epoch": 5.74661, "eta": 97.88973, "eta_hours": 0.02719, "loss": 0.65368147, "lr": 6.185e-05, "params": 6183, "time_iter": 0.04597, "accuracy": 0.632, "precision": 0.64198, "recall": 0.6166, "f1": 0.62903, "auc": 0.668}
{"epoch": 85, "time_epoch": 5.74694, "eta": 91.23692, "eta_hours": 0.02534, "loss": 0.64895978, "lr": 5.45e-05, "params": 6183, "time_iter": 0.04598, "accuracy": 0.638, "precision": 0.64062, "recall": 0.64822, "f1": 0.6444, "auc": 0.67843}
{"epoch": 86, "time_epoch": 5.74049, "eta": 84.60398, "eta_hours": 0.0235, "loss": 0.64000975, "lr": 4.759e-05, "params": 6183, "time_iter": 0.04592, "accuracy": 0.632, "precision": 0.63745, "recall": 0.63241, "f1": 0.63492, "auc": 0.68456}
{"epoch": 87, "time_epoch": 5.75029, "eta": 77.99266, "eta_hours": 0.02166, "loss": 0.66953948, "lr": 4.112e-05, "params": 6183, "time_iter": 0.046, "accuracy": 0.614, "precision": 0.61628, "recall": 0.62846, "f1": 0.62231, "auc": 0.64536}
{"epoch": 88, "time_epoch": 5.75323, "eta": 71.40105, "eta_hours": 0.01983, "loss": 0.6846458, "lr": 3.511e-05, "params": 6183, "time_iter": 0.04603, "accuracy": 0.586, "precision": 0.58519, "recall": 0.62451, "f1": 0.60421, "auc": 0.62815}
{"epoch": 89, "time_epoch": 5.74845, "eta": 64.82754, "eta_hours": 0.01801, "loss": 0.63298725, "lr": 2.956e-05, "params": 6183, "time_iter": 0.04599, "accuracy": 0.628, "precision": 0.63347, "recall": 0.62846, "f1": 0.63095, "auc": 0.68965}
{"epoch": 90, "time_epoch": 5.7651, "eta": 58.27381, "eta_hours": 0.01619, "loss": 0.65995575, "lr": 2.447e-05, "params": 6183, "time_iter": 0.04612, "accuracy": 0.638, "precision": 0.644, "recall": 0.63636, "f1": 0.64016, "auc": 0.66155}
{"epoch": 91, "time_epoch": 5.76167, "eta": 51.73692, "eta_hours": 0.01437, "loss": 0.63186484, "lr": 1.985e-05, "params": 6183, "time_iter": 0.04609, "accuracy": 0.644, "precision": 0.64479, "recall": 0.66008, "f1": 0.65234, "auc": 0.69122}
{"epoch": 92, "time_epoch": 5.75905, "eta": 45.21651, "eta_hours": 0.01256, "loss": 0.64267101, "lr": 1.571e-05, "params": 6183, "time_iter": 0.04607, "accuracy": 0.618, "precision": 0.61923, "recall": 0.63636, "f1": 0.62768, "auc": 0.67435}
{"epoch": 93, "time_epoch": 5.76124, "eta": 38.71244, "eta_hours": 0.01075, "loss": 0.63745634, "lr": 1.204e-05, "params": 6183, "time_iter": 0.04609, "accuracy": 0.64, "precision": 0.65145, "recall": 0.62055, "f1": 0.63563, "auc": 0.68496}
{"epoch": 94, "time_epoch": 5.77776, "eta": 32.22488, "eta_hours": 0.00895, "loss": 0.65897655, "lr": 8.86e-06, "params": 6183, "time_iter": 0.04622, "accuracy": 0.614, "precision": 0.61538, "recall": 0.63241, "f1": 0.62378, "auc": 0.66123}
{"epoch": 95, "time_epoch": 5.7652, "eta": 25.75158, "eta_hours": 0.00715, "loss": 0.66533198, "lr": 6.16e-06, "params": 6183, "time_iter": 0.04612, "accuracy": 0.64, "precision": 0.64777, "recall": 0.63241, "f1": 0.64, "auc": 0.66267}
{"epoch": 96, "time_epoch": 5.76143, "eta": 19.29276, "eta_hours": 0.00536, "loss": 0.66339383, "lr": 3.94e-06, "params": 6183, "time_iter": 0.04609, "accuracy": 0.622, "precision": 0.62598, "recall": 0.62846, "f1": 0.62722, "auc": 0.66656}
{"epoch": 97, "time_epoch": 5.76202, "eta": 12.84819, "eta_hours": 0.00357, "loss": 0.66765519, "lr": 2.22e-06, "params": 6183, "time_iter": 0.0461, "accuracy": 0.606, "precision": 0.60769, "recall": 0.62451, "f1": 0.61598, "auc": 0.65139}
{"epoch": 98, "time_epoch": 5.76031, "eta": 6.41739, "eta_hours": 0.00178, "loss": 0.66261738, "lr": 9.9e-07, "params": 6183, "time_iter": 0.04608, "accuracy": 0.608, "precision": 0.61633, "recall": 0.59684, "f1": 0.60643, "auc": 0.65328}
{"epoch": 99, "time_epoch": 5.76355, "eta": 0.0, "eta_hours": 0.0, "loss": 0.66816527, "lr": 2.5e-07, "params": 6183, "time_iter": 0.04611, "accuracy": 0.592, "precision": 0.59387, "recall": 0.61265, "f1": 0.60311, "auc": 0.65304}
