{"epoch": 0, "time_epoch": 24.81504, "eta": 2456.68883, "eta_hours": 0.68241, "loss": 1.09185795, "lr": 0.001, "params": 5327, "time_iter": 0.13199, "accuracy": 0.39867, "f1": 0.31123, "auc": 0.54743}
{"epoch": 1, "time_epoch": 12.11207, "eta": 1809.42849, "eta_hours": 0.50262, "loss": 1.09097523, "lr": 0.00099975, "params": 5327, "time_iter": 0.06443, "accuracy": 0.37467, "f1": 0.32605, "auc": 0.54658}
{"epoch": 2, "time_epoch": 12.0642, "eta": 1584.05248, "eta_hours": 0.44001, "loss": 1.08831027, "lr": 0.00099901, "params": 5327, "time_iter": 0.06417, "accuracy": 0.388, "f1": 0.31162, "auc": 0.55793}
{"epoch": 3, "time_epoch": 12.08291, "eta": 1465.78132, "eta_hours": 0.40716, "loss": 1.08726652, "lr": 0.00099778, "params": 5327, "time_iter": 0.06427, "accuracy": 0.39067, "f1": 0.34784, "auc": 0.55976}
{"epoch": 4, "time_epoch": 12.04693, "eta": 1389.30189, "eta_hours": 0.38592, "loss": 1.08936074, "lr": 0.00099606, "params": 5327, "time_iter": 0.06408, "accuracy": 0.39467, "f1": 0.33351, "auc": 0.54766}
{"epoch": 5, "time_epoch": 12.08478, "eta": 1334.89289, "eta_hours": 0.3708, "loss": 1.08561333, "lr": 0.00099384, "params": 5327, "time_iter": 0.06428, "accuracy": 0.4, "f1": 0.36513, "auc": 0.56338}
{"epoch": 6, "time_epoch": 12.03605, "eta": 1291.92918, "eta_hours": 0.35887, "loss": 1.08642038, "lr": 0.00099114, "params": 5327, "time_iter": 0.06402, "accuracy": 0.38133, "f1": 0.33478, "auc": 0.56266}
{"epoch": 7, "time_epoch": 12.03653, "eta": 1256.70292, "eta_hours": 0.34908, "loss": 1.09174909, "lr": 0.00098796, "params": 5327, "time_iter": 0.06402, "accuracy": 0.38667, "f1": 0.31301, "auc": 0.54647}
{"epoch": 8, "time_epoch": 12.04952, "eta": 1226.76119, "eta_hours": 0.34077, "loss": 1.09190098, "lr": 0.00098429, "params": 5327, "time_iter": 0.06409, "accuracy": 0.38667, "f1": 0.36728, "auc": 0.54617}
{"epoch": 9, "time_epoch": 12.03957, "eta": 1200.3084, "eta_hours": 0.33342, "loss": 1.08720551, "lr": 0.00098015, "params": 5327, "time_iter": 0.06404, "accuracy": 0.388, "f1": 0.32542, "auc": 0.55869}
{"epoch": 10, "time_epoch": 11.99809, "eta": 1176.14056, "eta_hours": 0.32671, "loss": 1.0849434, "lr": 0.00097553, "params": 5327, "time_iter": 0.06382, "accuracy": 0.41867, "f1": 0.35165, "auc": 0.57334}
{"epoch": 11, "time_epoch": 11.7304, "eta": 1152.03799, "eta_hours": 0.32001, "loss": 1.09232229, "lr": 0.00097044, "params": 5327, "time_iter": 0.0624, "accuracy": 0.38267, "f1": 0.35064, "auc": 0.54848}
{"epoch": 12, "time_epoch": 12.03237, "eta": 1131.8597, "eta_hours": 0.31441, "loss": 1.079954, "lr": 0.00096489, "params": 5327, "time_iter": 0.064, "accuracy": 0.42667, "f1": 0.38259, "auc": 0.57849}
{"epoch": 13, "time_epoch": 11.80022, "eta": 1111.41904, "eta_hours": 0.30873, "loss": 1.09160343, "lr": 0.00095888, "params": 5327, "time_iter": 0.06277, "accuracy": 0.38933, "f1": 0.35556, "auc": 0.55095}
{"epoch": 14, "time_epoch": 11.9031, "eta": 1092.7134, "eta_hours": 0.30353, "loss": 1.08149421, "lr": 0.00095241, "params": 5327, "time_iter": 0.06331, "accuracy": 0.40133, "f1": 0.37454, "auc": 0.57693}
{"epoch": 15, "time_epoch": 12.04202, "eta": 1075.58743, "eta_hours": 0.29877, "loss": 1.07617803, "lr": 0.0009455, "params": 5327, "time_iter": 0.06405, "accuracy": 0.42133, "f1": 0.37542, "auc": 0.58622}
{"epoch": 16, "time_epoch": 12.00675, "eta": 1058.88737, "eta_hours": 0.29414, "loss": 1.08429385, "lr": 0.00093815, "params": 5327, "time_iter": 0.06387, "accuracy": 0.39333, "f1": 0.33851, "auc": 0.56992}
{"epoch": 17, "time_epoch": 13.98454, "eta": 1051.71871, "eta_hours": 0.29214, "loss": 1.09057442, "lr": 0.00093037, "params": 5327, "time_iter": 0.07439, "accuracy": 0.396, "f1": 0.36147, "auc": 0.55141}
{"epoch": 18, "time_epoch": 21.91539, "eta": 1077.64305, "eta_hours": 0.29935, "loss": 1.07585998, "lr": 0.00092216, "params": 5327, "time_iter": 0.11657, "accuracy": 0.41733, "f1": 0.35007, "auc": 0.57597}
{"epoch": 19, "time_epoch": 24.45383, "eta": 1108.93721, "eta_hours": 0.30804, "loss": 1.09217201, "lr": 0.00091354, "params": 5327, "time_iter": 0.13007, "accuracy": 0.376, "f1": 0.32959, "auc": 0.55608}
{"epoch": 20, "time_epoch": 22.21197, "eta": 1126.48835, "eta_hours": 0.31291, "loss": 1.07728446, "lr": 0.00090451, "params": 5327, "time_iter": 0.11815, "accuracy": 0.40267, "f1": 0.36835, "auc": 0.58985}
{"epoch": 21, "time_epoch": 11.64654, "eta": 1102.96541, "eta_hours": 0.30638, "loss": 1.09075492, "lr": 0.00089508, "params": 5327, "time_iter": 0.06195, "accuracy": 0.40933, "f1": 0.37306, "auc": 0.55662}
{"epoch": 22, "time_epoch": 12.07872, "eta": 1081.92209, "eta_hours": 0.30053, "loss": 1.08681495, "lr": 0.00088526, "params": 5327, "time_iter": 0.06425, "accuracy": 0.40667, "f1": 0.38696, "auc": 0.56095}
{"epoch": 23, "time_epoch": 12.0459, "eta": 1061.52187, "eta_hours": 0.29487, "loss": 1.07761308, "lr": 0.00087506, "params": 5327, "time_iter": 0.06407, "accuracy": 0.404, "f1": 0.37914, "auc": 0.5798}
{"epoch": 24, "time_epoch": 12.05195, "eta": 1041.80815, "eta_hours": 0.28939, "loss": 1.08078231, "lr": 0.00086448, "params": 5327, "time_iter": 0.06411, "accuracy": 0.41067, "f1": 0.37369, "auc": 0.57904}
{"epoch": 25, "time_epoch": 12.07637, "eta": 1022.75331, "eta_hours": 0.2841, "loss": 1.08362816, "lr": 0.00085355, "params": 5327, "time_iter": 0.06424, "accuracy": 0.40933, "f1": 0.3868, "auc": 0.57284}
{"epoch": 26, "time_epoch": 12.06088, "eta": 1004.17351, "eta_hours": 0.27894, "loss": 1.08240821, "lr": 0.00084227, "params": 5327, "time_iter": 0.06415, "accuracy": 0.428, "f1": 0.4118, "auc": 0.57777}
{"epoch": 27, "time_epoch": 12.18694, "eta": 986.3835, "eta_hours": 0.274, "loss": 1.08336528, "lr": 0.00083066, "params": 5327, "time_iter": 0.06482, "accuracy": 0.41333, "f1": 0.37003, "auc": 0.57652}
{"epoch": 28, "time_epoch": 12.05924, "eta": 968.66726, "eta_hours": 0.26907, "loss": 1.07962835, "lr": 0.00081871, "params": 5327, "time_iter": 0.06414, "accuracy": 0.41333, "f1": 0.39167, "auc": 0.58064}
{"epoch": 29, "time_epoch": 12.02369, "eta": 951.24519, "eta_hours": 0.26423, "loss": 1.08212076, "lr": 0.00080645, "params": 5327, "time_iter": 0.06396, "accuracy": 0.41467, "f1": 0.37732, "auc": 0.57549}
{"epoch": 30, "time_epoch": 12.07263, "eta": 934.28034, "eta_hours": 0.25952, "loss": 1.07214909, "lr": 0.00079389, "params": 5327, "time_iter": 0.06422, "accuracy": 0.43867, "f1": 0.41487, "auc": 0.60595}
{"epoch": 31, "time_epoch": 12.31139, "eta": 918.12862, "eta_hours": 0.25504, "loss": 1.07614297, "lr": 0.00078104, "params": 5327, "time_iter": 0.06549, "accuracy": 0.424, "f1": 0.40403, "auc": 0.59491}
{"epoch": 32, "time_epoch": 12.14578, "eta": 901.87341, "eta_hours": 0.25052, "loss": 1.07756359, "lr": 0.00076791, "params": 5327, "time_iter": 0.06461, "accuracy": 0.40667, "f1": 0.37981, "auc": 0.58507}
{"epoch": 33, "time_epoch": 11.98056, "eta": 885.53921, "eta_hours": 0.24598, "loss": 1.07101155, "lr": 0.00075452, "params": 5327, "time_iter": 0.06373, "accuracy": 0.43467, "f1": 0.42077, "auc": 0.60026}
{"epoch": 34, "time_epoch": 12.00221, "eta": 869.49399, "eta_hours": 0.24153, "loss": 1.0720515, "lr": 0.00074088, "params": 5327, "time_iter": 0.06384, "accuracy": 0.46133, "f1": 0.44986, "auc": 0.60749}
{"epoch": 35, "time_epoch": 11.95869, "eta": 853.59601, "eta_hours": 0.23711, "loss": 1.08114631, "lr": 0.000727, "params": 5327, "time_iter": 0.06361, "accuracy": 0.41333, "f1": 0.39732, "auc": 0.58238}
{"epoch": 36, "time_epoch": 12.00197, "eta": 837.98468, "eta_hours": 0.23277, "loss": 1.08292916, "lr": 0.00071289, "params": 5327, "time_iter": 0.06384, "accuracy": 0.40667, "f1": 0.38829, "auc": 0.57954}
{"epoch": 37, "time_epoch": 11.94668, "eta": 822.4731, "eta_hours": 0.22846, "loss": 1.06372442, "lr": 0.00069857, "params": 5327, "time_iter": 0.06355, "accuracy": 0.42133, "f1": 0.40315, "auc": 0.61083}
{"epoch": 38, "time_epoch": 12.00651, "eta": 807.23791, "eta_hours": 0.22423, "loss": 1.07826639, "lr": 0.00068406, "params": 5327, "time_iter": 0.06386, "accuracy": 0.428, "f1": 0.41724, "auc": 0.58796}
{"epoch": 39, "time_epoch": 12.01554, "eta": 792.1777, "eta_hours": 0.22005, "loss": 1.08783939, "lr": 0.00066937, "params": 5327, "time_iter": 0.06391, "accuracy": 0.38133, "f1": 0.36251, "auc": 0.56243}
{"epoch": 40, "time_epoch": 12.0021, "eta": 777.24666, "eta_hours": 0.2159, "loss": 1.08572413, "lr": 0.00065451, "params": 5327, "time_iter": 0.06384, "accuracy": 0.39467, "f1": 0.38434, "auc": 0.56701}
{"epoch": 41, "time_epoch": 12.00161, "eta": 762.45443, "eta_hours": 0.21179, "loss": 1.08457713, "lr": 0.0006395, "params": 5327, "time_iter": 0.06384, "accuracy": 0.39733, "f1": 0.36288, "auc": 0.57052}
{"epoch": 42, "time_epoch": 11.98729, "eta": 747.77301, "eta_hours": 0.20771, "loss": 1.08158963, "lr": 0.00062434, "params": 5327, "time_iter": 0.06376, "accuracy": 0.40933, "f1": 0.37323, "auc": 0.58355}
{"epoch": 43, "time_epoch": 12.00196, "eta": 733.23271, "eta_hours": 0.20368, "loss": 1.08811568, "lr": 0.00060907, "params": 5327, "time_iter": 0.06384, "accuracy": 0.41067, "f1": 0.3769, "auc": 0.57359}
{"epoch": 44, "time_epoch": 11.99471, "eta": 718.79638, "eta_hours": 0.19967, "loss": 1.08139989, "lr": 0.00059369, "params": 5327, "time_iter": 0.0638, "accuracy": 0.424, "f1": 0.41009, "auc": 0.58738}
{"epoch": 45, "time_epoch": 12.44282, "eta": 704.99224, "eta_hours": 0.19583, "loss": 1.07959835, "lr": 0.00057822, "params": 5327, "time_iter": 0.06619, "accuracy": 0.408, "f1": 0.38213, "auc": 0.58589}
{"epoch": 46, "time_epoch": 12.12089, "eta": 690.883, "eta_hours": 0.19191, "loss": 1.07557137, "lr": 0.00056267, "params": 5327, "time_iter": 0.06447, "accuracy": 0.424, "f1": 0.40812, "auc": 0.59492}
{"epoch": 47, "time_epoch": 12.09776, "eta": 676.83157, "eta_hours": 0.18801, "loss": 1.07718055, "lr": 0.00054705, "params": 5327, "time_iter": 0.06435, "accuracy": 0.404, "f1": 0.39059, "auc": 0.59056}
{"epoch": 48, "time_epoch": 12.10636, "eta": 662.86882, "eta_hours": 0.18413, "loss": 1.09058441, "lr": 0.0005314, "params": 5327, "time_iter": 0.0644, "accuracy": 0.40133, "f1": 0.38459, "auc": 0.56429}
{"epoch": 49, "time_epoch": 12.0876, "eta": 648.96156, "eta_hours": 0.18027, "loss": 1.08231328, "lr": 0.00051571, "params": 5327, "time_iter": 0.0643, "accuracy": 0.38933, "f1": 0.36174, "auc": 0.57428}
{"epoch": 50, "time_epoch": 12.04999, "eta": 635.08953, "eta_hours": 0.17641, "loss": 1.07498362, "lr": 0.0005, "params": 5327, "time_iter": 0.0641, "accuracy": 0.41733, "f1": 0.3884, "auc": 0.59623}
{"epoch": 51, "time_epoch": 12.04552, "eta": 621.28346, "eta_hours": 0.17258, "loss": 1.0740735, "lr": 0.00048429, "params": 5327, "time_iter": 0.06407, "accuracy": 0.43733, "f1": 0.4301, "auc": 0.59447}
{"epoch": 52, "time_epoch": 12.03554, "eta": 607.53496, "eta_hours": 0.16876, "loss": 1.07686329, "lr": 0.0004686, "params": 5327, "time_iter": 0.06402, "accuracy": 0.408, "f1": 0.39446, "auc": 0.58698}
{"epoch": 53, "time_epoch": 12.01503, "eta": 593.83244, "eta_hours": 0.16495, "loss": 1.09133369, "lr": 0.00045295, "params": 5327, "time_iter": 0.06391, "accuracy": 0.39467, "f1": 0.37257, "auc": 0.55716}
{"epoch": 54, "time_epoch": 12.00181, "eta": 580.18046, "eta_hours": 0.16116, "loss": 1.08023348, "lr": 0.00043733, "params": 5327, "time_iter": 0.06384, "accuracy": 0.42133, "f1": 0.41076, "auc": 0.58173}
{"epoch": 55, "time_epoch": 12.05371, "eta": 566.6282, "eta_hours": 0.1574, "loss": 1.06789674, "lr": 0.00042178, "params": 5327, "time_iter": 0.06412, "accuracy": 0.42533, "f1": 0.40807, "auc": 0.60487}
{"epoch": 56, "time_epoch": 12.01318, "eta": 553.09795, "eta_hours": 0.15364, "loss": 1.08485617, "lr": 0.00040631, "params": 5327, "time_iter": 0.0639, "accuracy": 0.40667, "f1": 0.39056, "auc": 0.57519}
{"epoch": 57, "time_epoch": 12.01144, "eta": 539.61874, "eta_hours": 0.14989, "loss": 1.08227112, "lr": 0.00039093, "params": 5327, "time_iter": 0.06389, "accuracy": 0.41733, "f1": 0.38902, "auc": 0.58293}
{"epoch": 58, "time_epoch": 12.00679, "eta": 526.18606, "eta_hours": 0.14616, "loss": 1.08181143, "lr": 0.00037566, "params": 5327, "time_iter": 0.06387, "accuracy": 0.412, "f1": 0.38931, "auc": 0.58151}
{"epoch": 59, "time_epoch": 12.04183, "eta": 512.82427, "eta_hours": 0.14245, "loss": 1.07620912, "lr": 0.0003605, "params": 5327, "time_iter": 0.06405, "accuracy": 0.41333, "f1": 0.39588, "auc": 0.59441}
{"epoch": 60, "time_epoch": 12.02657, "eta": 499.496, "eta_hours": 0.13875, "loss": 1.07327245, "lr": 0.00034549, "params": 5327, "time_iter": 0.06397, "accuracy": 0.428, "f1": 0.41189, "auc": 0.60521}
{"epoch": 61, "time_epoch": 12.01549, "eta": 486.20293, "eta_hours": 0.13506, "loss": 1.08329806, "lr": 0.00033063, "params": 5327, "time_iter": 0.06391, "accuracy": 0.40933, "f1": 0.39169, "auc": 0.58246}
{"epoch": 62, "time_epoch": 12.01753, "eta": 472.95162, "eta_hours": 0.13138, "loss": 1.0807923, "lr": 0.00031594, "params": 5327, "time_iter": 0.06392, "accuracy": 0.416, "f1": 0.3996, "auc": 0.57929}
{"epoch": 63, "time_epoch": 12.02047, "eta": 459.74051, "eta_hours": 0.12771, "loss": 1.06926542, "lr": 0.00030143, "params": 5327, "time_iter": 0.06394, "accuracy": 0.43733, "f1": 0.41747, "auc": 0.60545}
{"epoch": 64, "time_epoch": 12.0216, "eta": 446.56665, "eta_hours": 0.12405, "loss": 1.07945274, "lr": 0.00028711, "params": 5327, "time_iter": 0.06394, "accuracy": 0.40533, "f1": 0.37463, "auc": 0.5867}
{"epoch": 65, "time_epoch": 12.01962, "eta": 433.42668, "eta_hours": 0.1204, "loss": 1.07159715, "lr": 0.000273, "params": 5327, "time_iter": 0.06393, "accuracy": 0.43333, "f1": 0.41843, "auc": 0.59694}
{"epoch": 66, "time_epoch": 11.99657, "eta": 420.30881, "eta_hours": 0.11675, "loss": 1.06741173, "lr": 0.00025912, "params": 5327, "time_iter": 0.06381, "accuracy": 0.44267, "f1": 0.42663, "auc": 0.61164}
{"epoch": 67, "time_epoch": 12.03119, "eta": 407.24021, "eta_hours": 0.11312, "loss": 1.09343822, "lr": 0.00024548, "params": 5327, "time_iter": 0.064, "accuracy": 0.4, "f1": 0.38871, "auc": 0.5667}
{"epoch": 68, "time_epoch": 12.00555, "eta": 394.19015, "eta_hours": 0.1095, "loss": 1.08409803, "lr": 0.00023209, "params": 5327, "time_iter": 0.06386, "accuracy": 0.408, "f1": 0.39665, "auc": 0.58076}
{"epoch": 69, "time_epoch": 12.01642, "eta": 381.1746, "eta_hours": 0.10588, "loss": 1.08504132, "lr": 0.00021896, "params": 5327, "time_iter": 0.06392, "accuracy": 0.39067, "f1": 0.37692, "auc": 0.57906}
{"epoch": 70, "time_epoch": 12.02755, "eta": 368.19175, "eta_hours": 0.10228, "loss": 1.08257435, "lr": 0.00020611, "params": 5327, "time_iter": 0.06398, "accuracy": 0.39333, "f1": 0.37577, "auc": 0.57989}
{"epoch": 71, "time_epoch": 11.76872, "eta": 355.13477, "eta_hours": 0.09865, "loss": 1.08488404, "lr": 0.00019355, "params": 5327, "time_iter": 0.0626, "accuracy": 0.38933, "f1": 0.37186, "auc": 0.57557}
{"epoch": 72, "time_epoch": 11.96407, "eta": 342.18533, "eta_hours": 0.09505, "loss": 1.08075137, "lr": 0.00018129, "params": 5327, "time_iter": 0.06364, "accuracy": 0.42133, "f1": 0.40912, "auc": 0.58213}
{"epoch": 73, "time_epoch": 12.02125, "eta": 329.28262, "eta_hours": 0.09147, "loss": 1.07839539, "lr": 0.00016934, "params": 5327, "time_iter": 0.06394, "accuracy": 0.404, "f1": 0.39148, "auc": 0.58146}
{"epoch": 74, "time_epoch": 12.00157, "eta": 316.39686, "eta_hours": 0.08789, "loss": 1.0755581, "lr": 0.00015773, "params": 5327, "time_iter": 0.06384, "accuracy": 0.424, "f1": 0.41359, "auc": 0.59062}
{"epoch": 75, "time_epoch": 12.04138, "eta": 303.54694, "eta_hours": 0.08432, "loss": 1.08343112, "lr": 0.00014645, "params": 5327, "time_iter": 0.06405, "accuracy": 0.41467, "f1": 0.40287, "auc": 0.57402}
{"epoch": 76, "time_epoch": 11.96715, "eta": 290.69584, "eta_hours": 0.08075, "loss": 1.08369742, "lr": 0.00013552, "params": 5327, "time_iter": 0.06366, "accuracy": 0.41067, "f1": 0.38899, "auc": 0.58368}
{"epoch": 77, "time_epoch": 12.00738, "eta": 277.87876, "eta_hours": 0.07719, "loss": 1.07539253, "lr": 0.00012494, "params": 5327, "time_iter": 0.06387, "accuracy": 0.452, "f1": 0.43613, "auc": 0.59543}
{"epoch": 78, "time_epoch": 12.01419, "eta": 265.08398, "eta_hours": 0.07363, "loss": 1.06733852, "lr": 0.00011474, "params": 5327, "time_iter": 0.06391, "accuracy": 0.43867, "f1": 0.41897, "auc": 0.61036}
{"epoch": 79, "time_epoch": 12.0036, "eta": 252.30607, "eta_hours": 0.07009, "loss": 1.0673903, "lr": 0.00010492, "params": 5327, "time_iter": 0.06385, "accuracy": 0.43333, "f1": 0.4172, "auc": 0.60739}
{"epoch": 80, "time_epoch": 11.997, "eta": 239.54573, "eta_hours": 0.06654, "loss": 1.07727928, "lr": 9.549e-05, "params": 5327, "time_iter": 0.06381, "accuracy": 0.42133, "f1": 0.40388, "auc": 0.59261}
{"epoch": 81, "time_epoch": 12.00523, "eta": 226.80582, "eta_hours": 0.063, "loss": 1.07232396, "lr": 8.646e-05, "params": 5327, "time_iter": 0.06386, "accuracy": 0.42133, "f1": 0.40407, "auc": 0.59669}
{"epoch": 82, "time_epoch": 11.98863, "eta": 214.08021, "eta_hours": 0.05947, "loss": 1.07276569, "lr": 7.784e-05, "params": 5327, "time_iter": 0.06377, "accuracy": 0.41467, "f1": 0.39932, "auc": 0.59672}
{"epoch": 83, "time_epoch": 12.03204, "eta": 201.38041, "eta_hours": 0.05594, "loss": 1.07942105, "lr": 6.963e-05, "params": 5327, "time_iter": 0.064, "accuracy": 0.412, "f1": 0.39107, "auc": 0.59381}
{"epoch": 84, "time_epoch": 12.01102, "eta": 188.69262, "eta_hours": 0.05241, "loss": 1.08494899, "lr": 6.185e-05, "params": 5327, "time_iter": 0.06389, "accuracy": 0.41067, "f1": 0.39682, "auc": 0.57716}
{"epoch": 85, "time_epoch": 12.02038, "eta": 176.02209, "eta_hours": 0.0489, "loss": 1.07221318, "lr": 5.45e-05, "params": 5327, "time_iter": 0.06394, "accuracy": 0.40267, "f1": 0.38373, "auc": 0.5987}
{"epoch": 86, "time_epoch": 11.98916, "eta": 163.36185, "eta_hours": 0.04538, "loss": 1.06482967, "lr": 4.759e-05, "params": 5327, "time_iter": 0.06377, "accuracy": 0.43733, "f1": 0.41672, "auc": 0.61705}
{"epoch": 87, "time_epoch": 11.9839, "eta": 150.71613, "eta_hours": 0.04187, "loss": 1.07210188, "lr": 4.112e-05, "params": 5327, "time_iter": 0.06374, "accuracy": 0.41467, "f1": 0.3971, "auc": 0.60399}
{"epoch": 88, "time_epoch": 11.9887, "eta": 138.08588, "eta_hours": 0.03836, "loss": 1.06768971, "lr": 3.511e-05, "params": 5327, "time_iter": 0.06377, "accuracy": 0.42667, "f1": 0.40995, "auc": 0.6065}
{"epoch": 89, "time_epoch": 12.00096, "eta": 125.47125, "eta_hours": 0.03485, "loss": 1.06620862, "lr": 2.956e-05, "params": 5327, "time_iter": 0.06383, "accuracy": 0.432, "f1": 0.41242, "auc": 0.6068}
{"epoch": 90, "time_epoch": 11.97539, "eta": 112.86758, "eta_hours": 0.03135, "loss": 1.08116547, "lr": 2.447e-05, "params": 5327, "time_iter": 0.0637, "accuracy": 0.41733, "f1": 0.4034, "auc": 0.58392}
{"epoch": 91, "time_epoch": 12.02275, "eta": 100.28169, "eta_hours": 0.02786, "loss": 1.07835207, "lr": 1.985e-05, "params": 5327, "time_iter": 0.06395, "accuracy": 0.41733, "f1": 0.40206, "auc": 0.59079}
{"epoch": 92, "time_epoch": 11.99778, "eta": 87.70603, "eta_hours": 0.02436, "loss": 1.07416778, "lr": 1.571e-05, "params": 5327, "time_iter": 0.06382, "accuracy": 0.436, "f1": 0.42098, "auc": 0.5945}
{"epoch": 93, "time_epoch": 12.00312, "eta": 75.143, "eta_hours": 0.02087, "loss": 1.0704045, "lr": 1.204e-05, "params": 5327, "time_iter": 0.06385, "accuracy": 0.432, "f1": 0.41514, "auc": 0.59864}
{"epoch": 94, "time_epoch": 12.01065, "eta": 62.59216, "eta_hours": 0.01739, "loss": 1.07901517, "lr": 8.86e-06, "params": 5327, "time_iter": 0.06389, "accuracy": 0.41333, "f1": 0.39956, "auc": 0.58798}
{"epoch": 95, "time_epoch": 12.33295, "eta": 50.066, "eta_hours": 0.01391, "loss": 1.07151298, "lr": 6.16e-06, "params": 5327, "time_iter": 0.0656, "accuracy": 0.416, "f1": 0.39358, "auc": 0.59356}
{"epoch": 96, "time_epoch": 12.37086, "eta": 37.54499, "eta_hours": 0.01043, "loss": 1.07664871, "lr": 3.94e-06, "params": 5327, "time_iter": 0.0658, "accuracy": 0.41467, "f1": 0.40099, "auc": 0.58899}
{"epoch": 97, "time_epoch": 12.35829, "eta": 25.0268, "eta_hours": 0.00695, "loss": 1.08209705, "lr": 2.22e-06, "params": 5327, "time_iter": 0.06574, "accuracy": 0.408, "f1": 0.39238, "auc": 0.58175}
{"epoch": 98, "time_epoch": 12.31282, "eta": 12.51137, "eta_hours": 0.00348, "loss": 1.0683003, "lr": 9.9e-07, "params": 5327, "time_iter": 0.06549, "accuracy": 0.432, "f1": 0.41311, "auc": 0.60883}
{"epoch": 99, "time_epoch": 12.35812, "eta": 0.0, "eta_hours": 0.0, "loss": 1.0747681, "lr": 2.5e-07, "params": 5327, "time_iter": 0.06573, "accuracy": 0.412, "f1": 0.39751, "auc": 0.59657}
