{"epoch": 43, "time_epoch": 2.90882, "time_epoch_std": 0.41428, "eta": 239.40538, "eta_std": 70.78959, "eta_hours": 0.0665, "eta_hours_std": 0.01966, "loss": 0.69638, "loss_std": 0.00959, "lr": 0.00087, "lr_std": 0.00016, "params": 5327.0, "params_std": 0.0, "time_iter": 0.07655, "time_iter_std": 0.0109, "accuracy": 0.52833, "accuracy_std": 0.03175, "accuracy_max": 0.56, "precision": 0.4075, "precision_std": 0.23571, "recall": 0.6218, "recall_std": 0.37405, "f1": 0.48884, "f1_std": 0.28296, "auc": 0.52806, "auc_std": 0.01755}
