{"epoch": 9, "time_epoch": 6.72616, "time_epoch_std": 0.1738, "eta": 456.62611, "eta_std": 179.70254, "eta_hours": 0.12684, "eta_hours_std": 0.04992, "loss": 0.53366, "loss_std": 0.02126, "lr": 0.00064, "lr_std": 0.00024, "params": 7591.0, "params_std": 0.0, "time_iter": 0.04576, "time_iter_std": 0.00118, "accuracy": 0.77253, "accuracy_std": 0.02388, "accuracy_max": 0.79932, "precision": 0.77126, "precision_std": 0.0336, "recall": 0.63889, "recall_std": 0.03423, "f1": 0.69875, "f1_std": 0.03341, "auc": 0.82153, "auc_std": 0.02767}
