{"epoch": 0, "time_epoch": 24.59528, "time_epoch_std": 8.64282, "eta": 2434.93231, "eta_std": 855.63936, "eta_hours": 0.67637, "eta_hours_std": 0.23768, "loss": 0.67831, "loss_std": 0.00311, "lr": 0.001, "lr_std": 0.0, "params": 7591.0, "params_std": 0.0, "time_iter": 0.16732, "time_iter_std": 0.0588, "accuracy": 0.56633, "accuracy_std": 0.01722, "accuracy_max": 0.58673, "precision": 0.35812, "precision_std": 0.20696, "recall": 0.51029, "recall_std": 0.30291, "f1": 0.41914, "f1_std": 0.24322, "auc": 0.57519, "auc_std": 0.05726}
{"epoch": 1, "time_epoch": 6.8308, "time_epoch_std": 0.13968, "eta": 1539.87785, "eta_std": 423.13634, "eta_hours": 0.42775, "eta_hours_std": 0.11754, "loss": 0.61783, "loss_std": 0.01606, "lr": 0.001, "lr_std": 0.0, "params": 7591.0, "params_std": 0.0, "time_iter": 0.04647, "time_iter_std": 0.00095, "accuracy": 0.67219, "accuracy_std": 0.02391, "accuracy_max": 0.70238, "precision": 0.70292, "precision_std": 0.0193, "recall": 0.36008, "recall_std": 0.0968, "f1": 0.46732, "f1_std": 0.09392, "auc": 0.69386, "auc_std": 0.01315}
{"epoch": 2, "time_epoch": 6.76209, "time_epoch_std": 0.1424, "eta": 1234.75093, "eta_std": 279.41687, "eta_hours": 0.34298, "eta_hours_std": 0.07761, "loss": 0.59781, "loss_std": 0.01279, "lr": 0.001, "lr_std": 0.0, "params": 7591.0, "params_std": 0.0, "time_iter": 0.046, "time_iter_std": 0.00097, "accuracy": 0.6926, "accuracy_std": 0.0053, "accuracy_max": 0.69728, "precision": 0.69908, "precision_std": 0.02265, "recall": 0.45268, "recall_std": 0.02698, "f1": 0.54854, "f1_std": 0.0144, "auc": 0.72458, "auc_std": 0.01756}
{"epoch": 3, "time_epoch": 6.88714, "time_epoch_std": 0.2247, "eta": 1081.80741, "eta_std": 206.70721, "eta_hours": 0.30051, "eta_hours_std": 0.05742, "loss": 0.5781, "loss_std": 0.00487, "lr": 0.001, "lr_std": 0.0, "params": 7591.0, "params_std": 0.0, "time_iter": 0.04685, "time_iter_std": 0.00153, "accuracy": 0.71897, "accuracy_std": 0.00279, "accuracy_max": 0.72109, "precision": 0.72257, "precision_std": 0.00601, "recall": 0.51955, "recall_std": 0.01178, "f1": 0.60436, "f1_std": 0.00718, "auc": 0.74964, "auc_std": 0.01242}
{"epoch": 4, "time_epoch": 6.89812, "time_epoch_std": 0.1151, "eta": 987.4951, "eta_std": 162.99699, "eta_hours": 0.27431, "eta_hours_std": 0.04528, "loss": 0.58225, "loss_std": 0.01787, "lr": 0.001, "lr_std": 0.0, "params": 7591.0, "params_std": 0.0, "time_iter": 0.04692, "time_iter_std": 0.00078, "accuracy": 0.72279, "accuracy_std": 0.0224, "accuracy_max": 0.7568, "precision": 0.72748, "precision_std": 0.03176, "recall": 0.52572, "recall_std": 0.04577, "f1": 0.60967, "f1_std": 0.03967, "auc": 0.74929, "auc_std": 0.02838}
{"epoch": 5, "time_epoch": 6.85563, "time_epoch_std": 0.1476, "eta": 921.65518, "eta_std": 134.07102, "eta_hours": 0.25602, "eta_hours_std": 0.03724, "loss": 0.5694, "loss_std": 0.01003, "lr": 0.00099, "lr_std": 0.0, "params": 7591.0, "params_std": 0.0, "time_iter": 0.04664, "time_iter_std": 0.00101, "accuracy": 0.72236, "accuracy_std": 0.00326, "accuracy_max": 0.72619, "precision": 0.72395, "precision_std": 0.01211, "recall": 0.5319, "recall_std": 0.03071, "f1": 0.61241, "f1_std": 0.01652, "auc": 0.7679, "auc_std": 0.01023}
{"epoch": 6, "time_epoch": 6.85051, "time_epoch_std": 0.09898, "eta": 872.5999, "eta_std": 113.56508, "eta_hours": 0.24239, "eta_hours_std": 0.03155, "loss": 0.57107, "loss_std": 0.01668, "lr": 0.00099, "lr_std": 0.0, "params": 7591.0, "params_std": 0.0, "time_iter": 0.0466, "time_iter_std": 0.00067, "accuracy": 0.74405, "accuracy_std": 0.00802, "accuracy_max": 0.7551, "precision": 0.74961, "precision_std": 0.01366, "recall": 0.57202, "recall_std": 0.02235, "f1": 0.64857, "f1_std": 0.01477, "auc": 0.77844, "auc_std": 0.01817}
{"epoch": 7, "time_epoch": 6.85694, "time_epoch_std": 0.10579, "eta": 834.16979, "eta_std": 98.18446, "eta_hours": 0.23172, "eta_hours_std": 0.02727, "loss": 0.57148, "loss_std": 0.00686, "lr": 0.00099, "lr_std": 0.0, "params": 7591.0, "params_std": 0.0, "time_iter": 0.04664, "time_iter_std": 0.00072, "accuracy": 0.73044, "accuracy_std": 0.01275, "accuracy_max": 0.7483, "precision": 0.72192, "precision_std": 0.01769, "recall": 0.56584, "recall_std": 0.03114, "f1": 0.63398, "f1_std": 0.02296, "auc": 0.77364, "auc_std": 0.00432}
{"epoch": 8, "time_epoch": 6.83627, "time_epoch_std": 0.08756, "eta": 802.54696, "eta_std": 86.28967, "eta_hours": 0.22293, "eta_hours_std": 0.02397, "loss": 0.57364, "loss_std": 0.01266, "lr": 0.00098, "lr_std": 0.0, "params": 7591.0, "params_std": 0.0, "time_iter": 0.04651, "time_iter_std": 0.0006, "accuracy": 0.73427, "accuracy_std": 0.00304, "accuracy_max": 0.7381, "precision": 0.73206, "precision_std": 0.01644, "recall": 0.56482, "recall_std": 0.0256, "f1": 0.63696, "f1_std": 0.01127, "auc": 0.77304, "auc_std": 0.01608}
{"epoch": 9, "time_epoch": 6.78865, "time_epoch_std": 0.15795, "eta": 775.45283, "eta_std": 77.28612, "eta_hours": 0.2154, "eta_hours_std": 0.02147, "loss": 0.57517, "loss_std": 0.01594, "lr": 0.00098, "lr_std": 0.0, "params": 7591.0, "params_std": 0.0, "time_iter": 0.04618, "time_iter_std": 0.00107, "accuracy": 0.73087, "accuracy_std": 0.00764, "accuracy_max": 0.7415, "precision": 0.72685, "precision_std": 0.00391, "recall": 0.55864, "recall_std": 0.02593, "f1": 0.63144, "f1_std": 0.01731, "auc": 0.76735, "auc_std": 0.01483}
{"epoch": 10, "time_epoch": 6.8024, "time_epoch_std": 0.13541, "eta": 752.1619, "eta_std": 69.61413, "eta_hours": 0.20894, "eta_hours_std": 0.01934, "loss": 0.55612, "loss_std": 0.00532, "lr": 0.00098, "lr_std": 0.0, "params": 7591.0, "params_std": 0.0, "time_iter": 0.04628, "time_iter_std": 0.00092, "accuracy": 0.74405, "accuracy_std": 0.00653, "accuracy_max": 0.7534, "precision": 0.73682, "precision_std": 0.01242, "recall": 0.59259, "recall_std": 0.01512, "f1": 0.65672, "f1_std": 0.01002, "auc": 0.79017, "auc_std": 0.00728}
{"epoch": 11, "time_epoch": 6.7368, "time_epoch_std": 0.15152, "eta": 731.13798, "eta_std": 62.82572, "eta_hours": 0.2031, "eta_hours_std": 0.01745, "loss": 0.56463, "loss_std": 0.00877, "lr": 0.00097, "lr_std": 0.0, "params": 7591.0, "params_std": 0.0, "time_iter": 0.04583, "time_iter_std": 0.00103, "accuracy": 0.73002, "accuracy_std": 0.0081, "accuracy_max": 0.7381, "precision": 0.72666, "precision_std": 0.01792, "recall": 0.55658, "recall_std": 0.01407, "f1": 0.63014, "f1_std": 0.01054, "auc": 0.78078, "auc_std": 0.0085}
{"epoch": 12, "time_epoch": 6.76584, "time_epoch_std": 0.15962, "eta": 712.50638, "eta_std": 56.99447, "eta_hours": 0.19792, "eta_hours_std": 0.01583, "loss": 0.56531, "loss_std": 0.00931, "lr": 0.00096, "lr_std": 0.0, "params": 7591.0, "params_std": 0.0, "time_iter": 0.04602, "time_iter_std": 0.00109, "accuracy": 0.73682, "accuracy_std": 0.01149, "accuracy_max": 0.7483, "precision": 0.72956, "precision_std": 0.02224, "recall": 0.57819, "recall_std": 0.01963, "f1": 0.6448, "f1_std": 0.01531, "auc": 0.78202, "auc_std": 0.00426}
{"epoch": 13, "time_epoch": 6.75051, "time_epoch_std": 0.1701, "eta": 695.47572, "eta_std": 52.00404, "eta_hours": 0.19319, "eta_hours_std": 0.01444, "loss": 0.5533, "loss_std": 0.00441, "lr": 0.00096, "lr_std": 0.0, "params": 7591.0, "params_std": 0.0, "time_iter": 0.04592, "time_iter_std": 0.00116, "accuracy": 0.73894, "accuracy_std": 0.00855, "accuracy_max": 0.7483, "precision": 0.72686, "precision_std": 0.00703, "recall": 0.59053, "recall_std": 0.03709, "f1": 0.6509, "f1_std": 0.02144, "auc": 0.79038, "auc_std": 0.0083}
{"epoch": 14, "time_epoch": 6.74397, "time_epoch_std": 0.17749, "eta": 679.77868, "eta_std": 47.73544, "eta_hours": 0.18883, "eta_hours_std": 0.01326, "loss": 0.56574, "loss_std": 0.00726, "lr": 0.00095, "lr_std": 0.0, "params": 7591.0, "params_std": 0.0, "time_iter": 0.04588, "time_iter_std": 0.00121, "accuracy": 0.73682, "accuracy_std": 0.0087, "accuracy_max": 0.7466, "precision": 0.72463, "precision_std": 0.01623, "recall": 0.58642, "recall_std": 0.01941, "f1": 0.64798, "f1_std": 0.01331, "auc": 0.77936, "auc_std": 0.00865}
{"epoch": 15, "time_epoch": 6.75302, "time_epoch_std": 0.15098, "eta": 665.24833, "eta_std": 44.07412, "eta_hours": 0.18479, "eta_hours_std": 0.01224, "loss": 0.54976, "loss_std": 0.021, "lr": 0.00095, "lr_std": 0.0, "params": 7591.0, "params_std": 0.0, "time_iter": 0.04594, "time_iter_std": 0.00103, "accuracy": 0.74745, "accuracy_std": 0.00774, "accuracy_max": 0.7602, "precision": 0.74627, "precision_std": 0.02171, "recall": 0.59054, "recall_std": 0.00848, "f1": 0.65907, "f1_std": 0.00601, "auc": 0.79138, "auc_std": 0.01562}
{"epoch": 16, "time_epoch": 6.75737, "time_epoch_std": 0.15896, "eta": 651.65418, "eta_std": 40.84159, "eta_hours": 0.18102, "eta_hours_std": 0.01135, "loss": 0.56791, "loss_std": 0.01528, "lr": 0.00094, "lr_std": 0.0, "params": 7591.0, "params_std": 0.0, "time_iter": 0.04597, "time_iter_std": 0.00108, "accuracy": 0.73257, "accuracy_std": 0.01044, "accuracy_max": 0.7432, "precision": 0.73056, "precision_std": 0.01949, "recall": 0.55968, "recall_std": 0.01697, "f1": 0.63361, "f1_std": 0.01448, "auc": 0.78678, "auc_std": 0.00696}
{"epoch": 17, "time_epoch": 6.74164, "time_epoch_std": 0.16441, "eta": 638.74799, "eta_std": 37.96677, "eta_hours": 0.17743, "eta_hours_std": 0.01054, "loss": 0.54506, "loss_std": 0.01045, "lr": 0.00093, "lr_std": 0.0, "params": 7591.0, "params_std": 0.0, "time_iter": 0.04586, "time_iter_std": 0.00112, "accuracy": 0.74702, "accuracy_std": 0.00819, "accuracy_max": 0.7534, "precision": 0.73222, "precision_std": 0.01489, "recall": 0.61317, "recall_std": 0.04063, "f1": 0.66635, "f1_std": 0.02085, "auc": 0.79597, "auc_std": 0.00789}
{"epoch": 18, "time_epoch": 6.74525, "time_epoch_std": 0.15036, "eta": 626.50612, "eta_std": 35.47391, "eta_hours": 0.17403, "eta_hours_std": 0.00985, "loss": 0.56594, "loss_std": 0.01093, "lr": 0.00092, "lr_std": 0.0, "params": 7591.0, "params_std": 0.0, "time_iter": 0.04589, "time_iter_std": 0.00102, "accuracy": 0.7381, "accuracy_std": 0.01913, "accuracy_max": 0.76531, "precision": 0.72399, "precision_std": 0.01936, "recall": 0.59054, "recall_std": 0.03931, "f1": 0.65023, "f1_std": 0.03155, "auc": 0.78582, "auc_std": 0.0119}
{"epoch": 19, "time_epoch": 6.74958, "time_epoch_std": 0.14859, "eta": 614.8312, "eta_std": 33.23819, "eta_hours": 0.17079, "eta_hours_std": 0.00923, "loss": 0.5603, "loss_std": 0.01158, "lr": 0.00091, "lr_std": 0.0, "params": 7591.0, "params_std": 0.0, "time_iter": 0.04591, "time_iter_std": 0.00101, "accuracy": 0.73427, "accuracy_std": 0.01205, "accuracy_max": 0.7551, "precision": 0.72068, "precision_std": 0.02152, "recall": 0.58436, "recall_std": 0.02982, "f1": 0.64478, "f1_std": 0.01957, "auc": 0.78187, "auc_std": 0.01574}
{"epoch": 20, "time_epoch": 6.74638, "time_epoch_std": 0.19015, "eta": 603.61333, "eta_std": 31.20822, "eta_hours": 0.16767, "eta_hours_std": 0.00867, "loss": 0.55792, "loss_std": 0.00728, "lr": 0.0009, "lr_std": 0.0, "params": 7591.0, "params_std": 0.0, "time_iter": 0.04589, "time_iter_std": 0.00129, "accuracy": 0.73597, "accuracy_std": 0.01091, "accuracy_max": 0.7466, "precision": 0.73759, "precision_std": 0.01717, "recall": 0.5607, "recall_std": 0.02185, "f1": 0.63689, "f1_std": 0.01765, "auc": 0.7859, "auc_std": 0.01656}
{"epoch": 21, "time_epoch": 6.75787, "time_epoch_std": 0.19417, "eta": 592.8427, "eta_std": 29.40476, "eta_hours": 0.16468, "eta_hours_std": 0.00817, "loss": 0.54522, "loss_std": 0.00936, "lr": 0.0009, "lr_std": 0.0, "params": 7591.0, "params_std": 0.0, "time_iter": 0.04597, "time_iter_std": 0.00132, "accuracy": 0.73639, "accuracy_std": 0.01267, "accuracy_max": 0.7551, "precision": 0.72893, "precision_std": 0.0149, "recall": 0.57613, "recall_std": 0.02469, "f1": 0.64347, "f1_std": 0.02043, "auc": 0.79182, "auc_std": 0.0167}
{"epoch": 22, "time_epoch": 6.74925, "time_epoch_std": 0.17652, "eta": 582.39217, "eta_std": 27.7325, "eta_hours": 0.16177, "eta_hours_std": 0.0077, "loss": 0.55577, "loss_std": 0.01334, "lr": 0.00089, "lr_std": 0.0, "params": 7591.0, "params_std": 0.0, "time_iter": 0.04591, "time_iter_std": 0.0012, "accuracy": 0.74065, "accuracy_std": 0.00664, "accuracy_max": 0.7466, "precision": 0.72337, "precision_std": 0.02026, "recall": 0.60494, "recall_std": 0.01512, "f1": 0.65844, "f1_std": 0.00454, "auc": 0.79069, "auc_std": 0.00644}
{"epoch": 23, "time_epoch": 6.75031, "time_epoch_std": 0.14568, "eta": 572.25344, "eta_std": 26.19648, "eta_hours": 0.15896, "eta_hours_std": 0.00728, "loss": 0.54751, "loss_std": 0.02173, "lr": 0.00088, "lr_std": 0.0, "params": 7591.0, "params_std": 0.0, "time_iter": 0.04592, "time_iter_std": 0.00099, "accuracy": 0.7483, "accuracy_std": 0.01048, "accuracy_max": 0.76531, "precision": 0.74508, "precision_std": 0.01082, "recall": 0.59465, "recall_std": 0.03558, "f1": 0.66077, "f1_std": 0.02204, "auc": 0.80166, "auc_std": 0.01613}
{"epoch": 24, "time_epoch": 6.76877, "time_epoch_std": 0.17502, "eta": 562.44113, "eta_std": 24.76794, "eta_hours": 0.15623, "eta_hours_std": 0.00688, "loss": 0.56095, "loss_std": 0.01422, "lr": 0.00086, "lr_std": 0.0, "params": 7591.0, "params_std": 0.0, "time_iter": 0.04604, "time_iter_std": 0.00119, "accuracy": 0.74787, "accuracy_std": 0.01187, "accuracy_max": 0.7568, "precision": 0.73491, "precision_std": 0.01389, "recall": 0.61008, "recall_std": 0.03335, "f1": 0.66622, "f1_std": 0.02216, "auc": 0.79771, "auc_std": 0.01848}
{"epoch": 25, "time_epoch": 6.71978, "time_epoch_std": 0.17311, "eta": 552.72354, "eta_std": 23.53271, "eta_hours": 0.15353, "eta_hours_std": 0.00654, "loss": 0.55541, "loss_std": 0.01883, "lr": 0.00085, "lr_std": 0.0, "params": 7591.0, "params_std": 0.0, "time_iter": 0.04571, "time_iter_std": 0.00118, "accuracy": 0.74958, "accuracy_std": 0.00515, "accuracy_max": 0.7568, "precision": 0.73252, "precision_std": 0.02099, "recall": 0.62346, "recall_std": 0.03375, "f1": 0.67256, "f1_std": 0.01262, "auc": 0.80028, "auc_std": 0.00704}
{"epoch": 26, "time_epoch": 6.73878, "time_epoch_std": 0.14643, "eta": 543.27938, "eta_std": 22.33872, "eta_hours": 0.15091, "eta_hours_std": 0.00621, "loss": 0.54048, "loss_std": 0.01294, "lr": 0.00084, "lr_std": 0.0, "params": 7591.0, "params_std": 0.0, "time_iter": 0.04584, "time_iter_std": 0.001, "accuracy": 0.75255, "accuracy_std": 0.00664, "accuracy_max": 0.76361, "precision": 0.74381, "precision_std": 0.0103, "recall": 0.61214, "recall_std": 0.01064, "f1": 0.67154, "f1_std": 0.00926, "auc": 0.80359, "auc_std": 0.00736}
{"epoch": 27, "time_epoch": 6.73106, "time_epoch_std": 0.1927, "eta": 534.00859, "eta_std": 21.24539, "eta_hours": 0.14834, "eta_hours_std": 0.0059, "loss": 0.55879, "loss_std": 0.01234, "lr": 0.00083, "lr_std": 0.0, "params": 7591.0, "params_std": 0.0, "time_iter": 0.04579, "time_iter_std": 0.00131, "accuracy": 0.75128, "accuracy_std": 0.0044, "accuracy_max": 0.7568, "precision": 0.75195, "precision_std": 0.00817, "recall": 0.59465, "recall_std": 0.02337, "f1": 0.66374, "f1_std": 0.01208, "auc": 0.80222, "auc_std": 0.01091}
{"epoch": 28, "time_epoch": 6.74076, "time_epoch_std": 0.16492, "eta": 524.9367, "eta_std": 20.26173, "eta_hours": 0.14582, "eta_hours_std": 0.00563, "loss": 0.54852, "loss_std": 0.01696, "lr": 0.00082, "lr_std": 0.0, "params": 7591.0, "params_std": 0.0, "time_iter": 0.04585, "time_iter_std": 0.00112, "accuracy": 0.75808, "accuracy_std": 0.00663, "accuracy_max": 0.76871, "precision": 0.75943, "precision_std": 0.00332, "recall": 0.60699, "recall_std": 0.02611, "f1": 0.67436, "f1_std": 0.01528, "auc": 0.80543, "auc_std": 0.01659}
{"epoch": 29, "time_epoch": 6.75311, "time_epoch_std": 0.15484, "eta": 516.04903, "eta_std": 19.36469, "eta_hours": 0.14334, "eta_hours_std": 0.00538, "loss": 0.54774, "loss_std": 0.01952, "lr": 0.00081, "lr_std": 0.0, "params": 7591.0, "params_std": 0.0, "time_iter": 0.04594, "time_iter_std": 0.00106, "accuracy": 0.75382, "accuracy_std": 0.00581, "accuracy_max": 0.7619, "precision": 0.74467, "precision_std": 0.00552, "recall": 0.61523, "recall_std": 0.01469, "f1": 0.67372, "f1_std": 0.01027, "auc": 0.81333, "auc_std": 0.00819}
{"epoch": 30, "time_epoch": 7.07676, "time_epoch_std": 0.58361, "eta": 508.01946, "eta_std": 17.95007, "eta_hours": 0.14112, "eta_hours_std": 0.00499, "loss": 0.5496, "loss_std": 0.00971, "lr": 0.00079, "lr_std": 0.0, "params": 7591.0, "params_std": 0.0, "time_iter": 0.04814, "time_iter_std": 0.00397, "accuracy": 0.7517, "accuracy_std": 0.00825, "accuracy_max": 0.76531, "precision": 0.75008, "precision_std": 0.00958, "recall": 0.59876, "recall_std": 0.02337, "f1": 0.66568, "f1_std": 0.01557, "auc": 0.80158, "auc_std": 0.01136}
{"epoch": 31, "time_epoch": 6.82376, "time_epoch_std": 0.21264, "eta": 499.51183, "eta_std": 17.00608, "eta_hours": 0.13875, "eta_hours_std": 0.00472, "loss": 0.55294, "loss_std": 0.0145, "lr": 0.00078, "lr_std": 0.0, "params": 7591.0, "params_std": 0.0, "time_iter": 0.04642, "time_iter_std": 0.00145, "accuracy": 0.74447, "accuracy_std": 0.0098, "accuracy_max": 0.7585, "precision": 0.75199, "precision_std": 0.01227, "recall": 0.57099, "recall_std": 0.04722, "f1": 0.64763, "f1_std": 0.02756, "auc": 0.80122, "auc_std": 0.01622}
{"epoch": 32, "time_epoch": 6.81558, "time_epoch_std": 0.12393, "eta": 491.08964, "eta_std": 16.32144, "eta_hours": 0.13642, "eta_hours_std": 0.00453, "loss": 0.5384, "loss_std": 0.01378, "lr": 0.00077, "lr_std": 0.0, "params": 7591.0, "params_std": 0.0, "time_iter": 0.04636, "time_iter_std": 0.00085, "accuracy": 0.75596, "accuracy_std": 0.01495, "accuracy_max": 0.77551, "precision": 0.76169, "precision_std": 0.01496, "recall": 0.59567, "recall_std": 0.03765, "f1": 0.66799, "f1_std": 0.02734, "auc": 0.81302, "auc_std": 0.00933}
{"epoch": 33, "time_epoch": 6.83981, "time_epoch_std": 0.1247, "eta": 482.80899, "eta_std": 15.67682, "eta_hours": 0.13411, "eta_hours_std": 0.00435, "loss": 0.53504, "loss_std": 0.0197, "lr": 0.00075, "lr_std": 0.0, "params": 7591.0, "params_std": 0.0, "time_iter": 0.04653, "time_iter_std": 0.00085, "accuracy": 0.76701, "accuracy_std": 0.01339, "accuracy_max": 0.78741, "precision": 0.75636, "precision_std": 0.0157, "recall": 0.64403, "recall_std": 0.03931, "f1": 0.69498, "f1_std": 0.02423, "auc": 0.81854, "auc_std": 0.0083}
{"epoch": 34, "time_epoch": 6.77017, "time_epoch_std": 0.14993, "eta": 474.48134, "eta_std": 14.89911, "eta_hours": 0.1318, "eta_hours_std": 0.00414, "loss": 0.53301, "loss_std": 0.01115, "lr": 0.00074, "lr_std": 0.0, "params": 7591.0, "params_std": 0.0, "time_iter": 0.04606, "time_iter_std": 0.00102, "accuracy": 0.77041, "accuracy_std": 0.01069, "accuracy_max": 0.78401, "precision": 0.76521, "precision_std": 0.01199, "recall": 0.64095, "recall_std": 0.01895, "f1": 0.69755, "f1_std": 0.01597, "auc": 0.82448, "auc_std": 0.01085}
{"epoch": 35, "time_epoch": 6.79561, "time_epoch_std": 0.14836, "eta": 466.28544, "eta_std": 14.20883, "eta_hours": 0.12952, "eta_hours_std": 0.00395, "loss": 0.53852, "loss_std": 0.00838, "lr": 0.00073, "lr_std": 0.0, "params": 7591.0, "params_std": 0.0, "time_iter": 0.04623, "time_iter_std": 0.00101, "accuracy": 0.77253, "accuracy_std": 0.00911, "accuracy_max": 0.78571, "precision": 0.76562, "precision_std": 0.01459, "recall": 0.64815, "recall_std": 0.01069, "f1": 0.70196, "f1_std": 0.01137, "auc": 0.8219, "auc_std": 0.01275}
{"epoch": 36, "time_epoch": 6.79731, "time_epoch_std": 0.15028, "eta": 458.16814, "eta_std": 13.55841, "eta_hours": 0.12727, "eta_hours_std": 0.00376, "loss": 0.53402, "loss_std": 0.02025, "lr": 0.00071, "lr_std": 0.0, "params": 7591.0, "params_std": 0.0, "time_iter": 0.04624, "time_iter_std": 0.00102, "accuracy": 0.76743, "accuracy_std": 0.01137, "accuracy_max": 0.78061, "precision": 0.7713, "precision_std": 0.01509, "recall": 0.6214, "recall_std": 0.01817, "f1": 0.68824, "f1_std": 0.01666, "auc": 0.81882, "auc_std": 0.01308}
{"epoch": 37, "time_epoch": 6.80452, "time_epoch_std": 0.23133, "eta": 450.13206, "eta_std": 12.98461, "eta_hours": 0.12504, "eta_hours_std": 0.00361, "loss": 0.54612, "loss_std": 0.01901, "lr": 0.0007, "lr_std": 0.0, "params": 7591.0, "params_std": 0.0, "time_iter": 0.04629, "time_iter_std": 0.00157, "accuracy": 0.76913, "accuracy_std": 0.01269, "accuracy_max": 0.78401, "precision": 0.77948, "precision_std": 0.01098, "recall": 0.61523, "recall_std": 0.03154, "f1": 0.68735, "f1_std": 0.02254, "auc": 0.81614, "auc_std": 0.00821}
{"epoch": 38, "time_epoch": 7.00959, "time_epoch_std": 0.43457, "eta": 442.47991, "eta_std": 12.55882, "eta_hours": 0.12291, "eta_hours_std": 0.00349, "loss": 0.53396, "loss_std": 0.01151, "lr": 0.00068, "lr_std": 0.0, "params": 7591.0, "params_std": 0.0, "time_iter": 0.04768, "time_iter_std": 0.00295, "accuracy": 0.76106, "accuracy_std": 0.00351, "accuracy_max": 0.76531, "precision": 0.75825, "precision_std": 0.00345, "recall": 0.61934, "recall_std": 0.01498, "f1": 0.68167, "f1_std": 0.00831, "auc": 0.81935, "auc_std": 0.01024}
{"epoch": 39, "time_epoch": 7.00536, "time_epoch_std": 0.47796, "eta": 434.85352, "eta_std": 12.22297, "eta_hours": 0.12079, "eta_hours_std": 0.00339, "loss": 0.55417, "loss_std": 0.01024, "lr": 0.00067, "lr_std": 0.0, "params": 7591.0, "params_std": 0.0, "time_iter": 0.04766, "time_iter_std": 0.00325, "accuracy": 0.7585, "accuracy_std": 0.00434, "accuracy_max": 0.76531, "precision": 0.75828, "precision_std": 0.0155, "recall": 0.61111, "recall_std": 0.0158, "f1": 0.67647, "f1_std": 0.00626, "auc": 0.82086, "auc_std": 0.0086}
{"epoch": 40, "time_epoch": 6.98189, "time_epoch_std": 0.48048, "eta": 427.22365, "eta_std": 11.94603, "eta_hours": 0.11867, "eta_hours_std": 0.00332, "loss": 0.53262, "loss_std": 0.0055, "lr": 0.00065, "lr_std": 0.0, "params": 7591.0, "params_std": 0.0, "time_iter": 0.0475, "time_iter_std": 0.00327, "accuracy": 0.77551, "accuracy_std": 0.00788, "accuracy_max": 0.78571, "precision": 0.77428, "precision_std": 0.02007, "recall": 0.64609, "recall_std": 0.02235, "f1": 0.70391, "f1_std": 0.01155, "auc": 0.8297, "auc_std": 0.00686}
{"epoch": 41, "time_epoch": 7.01986, "time_epoch_std": 0.49284, "eta": 419.67707, "eta_std": 11.74018, "eta_hours": 0.11658, "eta_hours_std": 0.00326, "loss": 0.54395, "loss_std": 0.02012, "lr": 0.00064, "lr_std": 0.0, "params": 7591.0, "params_std": 0.0, "time_iter": 0.04776, "time_iter_std": 0.00335, "accuracy": 0.76276, "accuracy_std": 0.01724, "accuracy_max": 0.78741, "precision": 0.76521, "precision_std": 0.02175, "recall": 0.6142, "recall_std": 0.03206, "f1": 0.6812, "f1_std": 0.02629, "auc": 0.818, "auc_std": 0.01661}
{"epoch": 42, "time_epoch": 6.98446, "time_epoch_std": 0.50608, "eta": 412.10807, "eta_std": 11.56295, "eta_hours": 0.11447, "eta_hours_std": 0.00321, "loss": 0.5293, "loss_std": 0.0088, "lr": 0.00062, "lr_std": 0.0, "params": 7591.0, "params_std": 0.0, "time_iter": 0.04752, "time_iter_std": 0.00344, "accuracy": 0.76573, "accuracy_std": 0.0266, "accuracy_max": 0.80782, "precision": 0.75894, "precision_std": 0.02475, "recall": 0.63272, "recall_std": 0.05345, "f1": 0.68965, "f1_std": 0.04183, "auc": 0.82361, "auc_std": 0.01486}
{"epoch": 43, "time_epoch": 6.98476, "time_epoch_std": 0.5194, "eta": 404.56601, "eta_std": 11.43735, "eta_hours": 0.11238, "eta_hours_std": 0.00318, "loss": 0.55542, "loss_std": 0.03903, "lr": 0.00061, "lr_std": 0.0, "params": 7591.0, "params_std": 0.0, "time_iter": 0.04752, "time_iter_std": 0.00354, "accuracy": 0.7534, "accuracy_std": 0.01671, "accuracy_max": 0.76361, "precision": 0.76237, "precision_std": 0.01067, "recall": 0.58539, "recall_std": 0.04975, "f1": 0.66123, "f1_std": 0.03516, "auc": 0.81088, "auc_std": 0.01785}
{"epoch": 44, "time_epoch": 7.00061, "time_epoch_std": 0.51861, "eta": 397.06811, "eta_std": 11.32553, "eta_hours": 0.1103, "eta_hours_std": 0.00315, "loss": 0.53215, "loss_std": 0.02351, "lr": 0.00059, "lr_std": 0.0, "params": 7591.0, "params_std": 0.0, "time_iter": 0.04762, "time_iter_std": 0.00352, "accuracy": 0.75553, "accuracy_std": 0.00735, "accuracy_max": 0.76361, "precision": 0.76114, "precision_std": 0.02059, "recall": 0.59877, "recall_std": 0.05433, "f1": 0.66797, "f1_std": 0.02712, "auc": 0.82249, "auc_std": 0.01768}
{"epoch": 45, "time_epoch": 6.99361, "time_epoch_std": 0.50093, "eta": 389.58362, "eta_std": 11.21605, "eta_hours": 0.10822, "eta_hours_std": 0.00312, "loss": 0.52243, "loss_std": 0.02614, "lr": 0.00058, "lr_std": 0.0, "params": 7591.0, "params_std": 0.0, "time_iter": 0.04757, "time_iter_std": 0.00341, "accuracy": 0.76743, "accuracy_std": 0.01044, "accuracy_max": 0.78231, "precision": 0.76342, "precision_std": 0.01478, "recall": 0.63374, "recall_std": 0.01995, "f1": 0.69241, "f1_std": 0.01538, "auc": 0.82869, "auc_std": 0.01411}
{"epoch": 46, "time_epoch": 6.97807, "time_epoch_std": 0.51003, "eta": 382.10248, "eta_std": 11.1216, "eta_hours": 0.10614, "eta_hours_std": 0.00309, "loss": 0.51605, "loss_std": 0.00887, "lr": 0.00056, "lr_std": 0.0, "params": 7591.0, "params_std": 0.0, "time_iter": 0.04747, "time_iter_std": 0.00347, "accuracy": 0.77891, "accuracy_std": 0.00466, "accuracy_max": 0.78401, "precision": 0.79873, "precision_std": 0.01581, "recall": 0.62243, "recall_std": 0.01604, "f1": 0.69934, "f1_std": 0.00751, "auc": 0.83459, "auc_std": 0.00597}
{"epoch": 47, "time_epoch": 6.99479, "time_epoch_std": 0.48187, "eta": 374.66041, "eta_std": 11.02177, "eta_hours": 0.10407, "eta_hours_std": 0.00306, "loss": 0.52325, "loss_std": 0.02219, "lr": 0.00055, "lr_std": 0.0, "params": 7591.0, "params_std": 0.0, "time_iter": 0.04758, "time_iter_std": 0.00328, "accuracy": 0.76956, "accuracy_std": 0.01703, "accuracy_max": 0.79422, "precision": 0.76614, "precision_std": 0.03093, "recall": 0.63786, "recall_std": 0.01512, "f1": 0.696, "f1_std": 0.02009, "auc": 0.83321, "auc_std": 0.00686}
{"epoch": 48, "time_epoch": 6.99077, "time_epoch_std": 0.50862, "eta": 367.23242, "eta_std": 10.95168, "eta_hours": 0.10201, "eta_hours_std": 0.00304, "loss": 0.53761, "loss_std": 0.01147, "lr": 0.00053, "lr_std": 0.0, "params": 7591.0, "params_std": 0.0, "time_iter": 0.04756, "time_iter_std": 0.00346, "accuracy": 0.77211, "accuracy_std": 0.01069, "accuracy_max": 0.78571, "precision": 0.77191, "precision_std": 0.02306, "recall": 0.63786, "recall_std": 0.01995, "f1": 0.69814, "f1_std": 0.01405, "auc": 0.83064, "auc_std": 0.00397}
{"epoch": 49, "time_epoch": 7.01149, "time_epoch_std": 0.48525, "eta": 359.84264, "eta_std": 10.87981, "eta_hours": 0.09996, "eta_hours_std": 0.00302, "loss": 0.52921, "loss_std": 0.04315, "lr": 0.00052, "lr_std": 0.0, "params": 7591.0, "params_std": 0.0, "time_iter": 0.0477, "time_iter_std": 0.0033, "accuracy": 0.76956, "accuracy_std": 0.01436, "accuracy_max": 0.79252, "precision": 0.7723, "precision_std": 0.02578, "recall": 0.6286, "recall_std": 0.02766, "f1": 0.69258, "f1_std": 0.02044, "auc": 0.83487, "auc_std": 0.0265}
{"epoch": 50, "time_epoch": 7.02929, "time_epoch_std": 0.47256, "eta": 352.4848, "eta_std": 10.82264, "eta_hours": 0.09791, "eta_hours_std": 0.00301, "loss": 0.51638, "loss_std": 0.01169, "lr": 0.0005, "lr_std": 0.0, "params": 7591.0, "params_std": 0.0, "time_iter": 0.04782, "time_iter_std": 0.00322, "accuracy": 0.77381, "accuracy_std": 0.00433, "accuracy_max": 0.78061, "precision": 0.77366, "precision_std": 0.01727, "recall": 0.64094, "recall_std": 0.01345, "f1": 0.70077, "f1_std": 0.0035, "auc": 0.83877, "auc_std": 0.00511}
{"epoch": 51, "time_epoch": 7.03676, "time_epoch_std": 0.46056, "eta": 345.14648, "eta_std": 10.75072, "eta_hours": 0.09588, "eta_hours_std": 0.00298, "loss": 0.51228, "loss_std": 0.01989, "lr": 0.00048, "lr_std": 0.0, "params": 7591.0, "params_std": 0.0, "time_iter": 0.04787, "time_iter_std": 0.00313, "accuracy": 0.77976, "accuracy_std": 0.00784, "accuracy_max": 0.78912, "precision": 0.79228, "precision_std": 0.03001, "recall": 0.6358, "recall_std": 0.02768, "f1": 0.70448, "f1_std": 0.01133, "auc": 0.83984, "auc_std": 0.01147}
{"epoch": 52, "time_epoch": 7.0046, "time_epoch_std": 0.43175, "eta": 337.79103, "eta_std": 10.64463, "eta_hours": 0.09383, "eta_hours_std": 0.00296, "loss": 0.52845, "loss_std": 0.02294, "lr": 0.00047, "lr_std": 0.0, "params": 7591.0, "params_std": 0.0, "time_iter": 0.04765, "time_iter_std": 0.00294, "accuracy": 0.76658, "accuracy_std": 0.01891, "accuracy_max": 0.78571, "precision": 0.78514, "precision_std": 0.0241, "recall": 0.59876, "recall_std": 0.03522, "f1": 0.6791, "f1_std": 0.02992, "auc": 0.83327, "auc_std": 0.01273}
{"epoch": 53, "time_epoch": 7.02956, "time_epoch_std": 0.47159, "eta": 330.46983, "eta_std": 10.56539, "eta_hours": 0.0918, "eta_hours_std": 0.00294, "loss": 0.52255, "loss_std": 0.00971, "lr": 0.00045, "lr_std": 0.0, "params": 7591.0, "params_std": 0.0, "time_iter": 0.04782, "time_iter_std": 0.00321, "accuracy": 0.77084, "accuracy_std": 0.01597, "accuracy_max": 0.79422, "precision": 0.76994, "precision_std": 0.02641, "recall": 0.6358, "recall_std": 0.01874, "f1": 0.69637, "f1_std": 0.02046, "auc": 0.83523, "auc_std": 0.00521}
{"epoch": 54, "time_epoch": 7.0158, "time_epoch_std": 0.45982, "eta": 323.14798, "eta_std": 10.47513, "eta_hours": 0.08977, "eta_hours_std": 0.00291, "loss": 0.52971, "loss_std": 0.02435, "lr": 0.00044, "lr_std": 0.0, "params": 7591.0, "params_std": 0.0, "time_iter": 0.04773, "time_iter_std": 0.00313, "accuracy": 0.78231, "accuracy_std": 0.01108, "accuracy_max": 0.79252, "precision": 0.79973, "precision_std": 0.02016, "recall": 0.63169, "recall_std": 0.01217, "f1": 0.70578, "f1_std": 0.01404, "auc": 0.83426, "auc_std": 0.01588}
{"epoch": 55, "time_epoch": 6.98542, "time_epoch_std": 0.48476, "eta": 315.81319, "eta_std": 10.40273, "eta_hours": 0.08772, "eta_hours_std": 0.00289, "loss": 0.53408, "loss_std": 0.02032, "lr": 0.00042, "lr_std": 0.0, "params": 7591.0, "params_std": 0.0, "time_iter": 0.04752, "time_iter_std": 0.0033, "accuracy": 0.77508, "accuracy_std": 0.01513, "accuracy_max": 0.79592, "precision": 0.7764, "precision_std": 0.0202, "recall": 0.63992, "recall_std": 0.02226, "f1": 0.70155, "f1_std": 0.02126, "auc": 0.83724, "auc_std": 0.01218}
{"epoch": 56, "time_epoch": 6.97525, "time_epoch_std": 0.47951, "eta": 308.48298, "eta_std": 10.3032, "eta_hours": 0.08569, "eta_hours_std": 0.00286, "loss": 0.51396, "loss_std": 0.01894, "lr": 0.00041, "lr_std": 0.0, "params": 7591.0, "params_std": 0.0, "time_iter": 0.04745, "time_iter_std": 0.00326, "accuracy": 0.78274, "accuracy_std": 0.01926, "accuracy_max": 0.81293, "precision": 0.78927, "precision_std": 0.02774, "recall": 0.64712, "recall_std": 0.02766, "f1": 0.71103, "f1_std": 0.02653, "auc": 0.84241, "auc_std": 0.00951}
{"epoch": 57, "time_epoch": 6.98229, "time_epoch_std": 0.47979, "eta": 301.17012, "eta_std": 10.19535, "eta_hours": 0.08366, "eta_hours_std": 0.00283, "loss": 0.52309, "loss_std": 0.02627, "lr": 0.00039, "lr_std": 0.0, "params": 7591.0, "params_std": 0.0, "time_iter": 0.0475, "time_iter_std": 0.00326, "accuracy": 0.78401, "accuracy_std": 0.01344, "accuracy_max": 0.80272, "precision": 0.78314, "precision_std": 0.01383, "recall": 0.66049, "recall_std": 0.03866, "f1": 0.71595, "f1_std": 0.02413, "auc": 0.8343, "auc_std": 0.0194}
{"epoch": 58, "time_epoch": 7.04088, "time_epoch_std": 0.45784, "eta": 293.90918, "eta_std": 10.06642, "eta_hours": 0.08164, "eta_hours_std": 0.00279, "loss": 0.52129, "loss_std": 0.01523, "lr": 0.00038, "lr_std": 0.0, "params": 7591.0, "params_std": 0.0, "time_iter": 0.0479, "time_iter_std": 0.00311, "accuracy": 0.77976, "accuracy_std": 0.00503, "accuracy_max": 0.78741, "precision": 0.79747, "precision_std": 0.02372, "recall": 0.6286, "recall_std": 0.03521, "f1": 0.70181, "f1_std": 0.01506, "auc": 0.84045, "auc_std": 0.00267}
{"epoch": 59, "time_epoch": 7.0315, "time_epoch_std": 0.4525, "eta": 286.64932, "eta_std": 9.92193, "eta_hours": 0.07962, "eta_hours_std": 0.00276, "loss": 0.49689, "loss_std": 0.01387, "lr": 0.00036, "lr_std": 0.0, "params": 7591.0, "params_std": 0.0, "time_iter": 0.04784, "time_iter_std": 0.00308, "accuracy": 0.78444, "accuracy_std": 0.00472, "accuracy_max": 0.79252, "precision": 0.79381, "precision_std": 0.01328, "recall": 0.64712, "recall_std": 0.02441, "f1": 0.71252, "f1_std": 0.0111, "auc": 0.849, "auc_std": 0.00742}
{"epoch": 60, "time_epoch": 7.00897, "time_epoch_std": 0.50999, "eta": 279.38254, "eta_std": 9.78338, "eta_hours": 0.07761, "eta_hours_std": 0.00272, "loss": 0.49616, "loss_std": 0.01409, "lr": 0.00035, "lr_std": 0.0, "params": 7591.0, "params_std": 0.0, "time_iter": 0.04768, "time_iter_std": 0.00347, "accuracy": 0.79294, "accuracy_std": 0.00423, "accuracy_max": 0.79592, "precision": 0.78994, "precision_std": 0.00602, "recall": 0.68004, "recall_std": 0.02146, "f1": 0.73061, "f1_std": 0.01026, "auc": 0.85313, "auc_std": 0.00483}
{"epoch": 61, "time_epoch": 6.98164, "time_epoch_std": 0.49453, "eta": 272.10733, "eta_std": 9.6274, "eta_hours": 0.07558, "eta_hours_std": 0.00267, "loss": 0.51432, "loss_std": 0.0086, "lr": 0.00033, "lr_std": 0.0, "params": 7591.0, "params_std": 0.0, "time_iter": 0.0475, "time_iter_std": 0.00337, "accuracy": 0.78954, "accuracy_std": 0.00641, "accuracy_max": 0.79932, "precision": 0.78874, "precision_std": 0.0154, "recall": 0.67078, "recall_std": 0.0077, "f1": 0.72488, "f1_std": 0.00659, "auc": 0.84912, "auc_std": 0.00927}
{"epoch": 62, "time_epoch": 6.80231, "time_epoch_std": 0.17604, "eta": 264.73611, "eta_std": 9.28248, "eta_hours": 0.07353, "eta_hours_std": 0.00258, "loss": 0.51526, "loss_std": 0.01576, "lr": 0.00032, "lr_std": 0.0, "params": 7591.0, "params_std": 0.0, "time_iter": 0.04628, "time_iter_std": 0.0012, "accuracy": 0.7955, "accuracy_std": 0.00456, "accuracy_max": 0.80272, "precision": 0.80816, "precision_std": 0.0047, "recall": 0.66255, "recall_std": 0.0184, "f1": 0.72796, "f1_std": 0.0098, "auc": 0.85189, "auc_std": 0.00517}
{"epoch": 63, "time_epoch": 6.69944, "time_epoch_std": 0.13861, "eta": 257.32482, "eta_std": 8.89559, "eta_hours": 0.07148, "eta_hours_std": 0.00247, "loss": 0.5056, "loss_std": 0.02877, "lr": 0.0003, "lr_std": 0.0, "params": 7591.0, "params_std": 0.0, "time_iter": 0.04558, "time_iter_std": 0.00094, "accuracy": 0.79464, "accuracy_std": 0.01509, "accuracy_max": 0.81463, "precision": 0.80592, "precision_std": 0.01673, "recall": 0.66255, "recall_std": 0.03253, "f1": 0.72692, "f1_std": 0.02356, "auc": 0.84456, "auc_std": 0.01478}
{"epoch": 64, "time_epoch": 6.72167, "time_epoch_std": 0.15004, "eta": 249.94739, "eta_std": 8.53219, "eta_hours": 0.06943, "eta_hours_std": 0.00237, "loss": 0.52343, "loss_std": 0.01805, "lr": 0.00029, "lr_std": 0.0, "params": 7591.0, "params_std": 0.0, "time_iter": 0.04573, "time_iter_std": 0.00102, "accuracy": 0.77636, "accuracy_std": 0.01405, "accuracy_max": 0.79422, "precision": 0.77954, "precision_std": 0.01966, "recall": 0.63992, "recall_std": 0.02611, "f1": 0.70265, "f1_std": 0.02069, "auc": 0.84598, "auc_std": 0.01226}
{"epoch": 65, "time_epoch": 6.68074, "time_epoch_std": 0.07918, "eta": 242.56875, "eta_std": 8.18634, "eta_hours": 0.06738, "eta_hours_std": 0.00227, "loss": 0.49654, "loss_std": 0.03381, "lr": 0.00027, "lr_std": 0.0, "params": 7591.0, "params_std": 0.0, "time_iter": 0.04545, "time_iter_std": 0.00054, "accuracy": 0.79336, "accuracy_std": 0.02064, "accuracy_max": 0.80952, "precision": 0.79794, "precision_std": 0.02643, "recall": 0.66975, "recall_std": 0.04436, "f1": 0.72757, "f1_std": 0.0325, "auc": 0.85626, "auc_std": 0.01956}
{"epoch": 66, "time_epoch": 6.70197, "time_epoch_std": 0.13019, "eta": 235.2214, "eta_std": 7.85538, "eta_hours": 0.06534, "eta_hours_std": 0.00218, "loss": 0.48921, "loss_std": 0.01501, "lr": 0.00026, "lr_std": 0.0, "params": 7591.0, "params_std": 0.0, "time_iter": 0.04559, "time_iter_std": 0.00089, "accuracy": 0.79634, "accuracy_std": 0.01719, "accuracy_max": 0.82483, "precision": 0.79238, "precision_std": 0.02324, "recall": 0.68724, "recall_std": 0.0231, "f1": 0.73604, "f1_std": 0.02275, "auc": 0.86083, "auc_std": 0.00997}
{"epoch": 67, "time_epoch": 6.71565, "time_epoch_std": 0.13402, "eta": 227.89947, "eta_std": 7.5099, "eta_hours": 0.0633, "eta_hours_std": 0.00209, "loss": 0.48117, "loss_std": 0.0131, "lr": 0.00025, "lr_std": 0.0, "params": 7591.0, "params_std": 0.0, "time_iter": 0.04569, "time_iter_std": 0.00091, "accuracy": 0.79804, "accuracy_std": 0.00764, "accuracy_max": 0.80612, "precision": 0.80144, "precision_std": 0.01384, "recall": 0.68004, "recall_std": 0.01407, "f1": 0.73564, "f1_std": 0.01025, "auc": 0.863, "auc_std": 0.00754}
{"epoch": 68, "time_epoch": 6.74563, "time_epoch_std": 0.12686, "eta": 220.60858, "eta_std": 7.18607, "eta_hours": 0.06128, "eta_hours_std": 0.002, "loss": 0.50627, "loss_std": 0.03126, "lr": 0.00023, "lr_std": 0.0, "params": 7591.0, "params_std": 0.0, "time_iter": 0.04589, "time_iter_std": 0.00086, "accuracy": 0.78529, "accuracy_std": 0.01435, "accuracy_max": 0.80272, "precision": 0.78913, "precision_std": 0.01234, "recall": 0.65535, "recall_std": 0.03436, "f1": 0.7157, "f1_std": 0.02401, "auc": 0.85171, "auc_std": 0.01707}
{"epoch": 69, "time_epoch": 6.75573, "time_epoch_std": 0.15101, "eta": 213.3376, "eta_std": 6.88282, "eta_hours": 0.05926, "eta_hours_std": 0.00191, "loss": 0.49287, "loss_std": 0.02405, "lr": 0.00022, "lr_std": 0.0, "params": 7591.0, "params_std": 0.0, "time_iter": 0.04596, "time_iter_std": 0.00103, "accuracy": 0.80145, "accuracy_std": 0.02192, "accuracy_max": 0.83163, "precision": 0.804, "precision_std": 0.03216, "recall": 0.68724, "recall_std": 0.02635, "f1": 0.74101, "f1_std": 0.0284, "auc": 0.86023, "auc_std": 0.00922}
{"epoch": 70, "time_epoch": 6.8284, "time_epoch_std": 0.12509, "eta": 206.11081, "eta_std": 6.59661, "eta_hours": 0.05726, "eta_hours_std": 0.00183, "loss": 0.49801, "loss_std": 0.00524, "lr": 0.00021, "lr_std": 0.0, "params": 7591.0, "params_std": 0.0, "time_iter": 0.04645, "time_iter_std": 0.00085, "accuracy": 0.79252, "accuracy_std": 0.01006, "accuracy_max": 0.80782, "precision": 0.79052, "precision_std": 0.01876, "recall": 0.67798, "recall_std": 0.01281, "f1": 0.72981, "f1_std": 0.01222, "auc": 0.8585, "auc_std": 0.00692}
{"epoch": 71, "time_epoch": 6.81464, "time_epoch_std": 0.12996, "eta": 198.88974, "eta_std": 6.31977, "eta_hours": 0.05525, "eta_hours_std": 0.00175, "loss": 0.49657, "loss_std": 0.02295, "lr": 0.00019, "lr_std": 0.0, "params": 7591.0, "params_std": 0.0, "time_iter": 0.04636, "time_iter_std": 0.00089, "accuracy": 0.79337, "accuracy_std": 0.01038, "accuracy_max": 0.80612, "precision": 0.79573, "precision_std": 0.01291, "recall": 0.67284, "recall_std": 0.02512, "f1": 0.72888, "f1_std": 0.01694, "auc": 0.85877, "auc_std": 0.00635}
{"epoch": 72, "time_epoch": 6.8287, "time_epoch_std": 0.13752, "eta": 191.68501, "eta_std": 6.04804, "eta_hours": 0.05325, "eta_hours_std": 0.00168, "loss": 0.4917, "loss_std": 0.028, "lr": 0.00018, "lr_std": 0.0, "params": 7591.0, "params_std": 0.0, "time_iter": 0.04645, "time_iter_std": 0.00094, "accuracy": 0.79464, "accuracy_std": 0.01537, "accuracy_max": 0.81122, "precision": 0.80007, "precision_std": 0.02166, "recall": 0.67078, "recall_std": 0.02382, "f1": 0.72962, "f1_std": 0.02111, "auc": 0.86052, "auc_std": 0.0135}
{"epoch": 73, "time_epoch": 6.79276, "time_epoch_std": 0.14855, "eta": 184.47781, "eta_std": 5.79592, "eta_hours": 0.05124, "eta_hours_std": 0.00161, "loss": 0.50974, "loss_std": 0.03316, "lr": 0.00017, "lr_std": 0.0, "params": 7591.0, "params_std": 0.0, "time_iter": 0.04621, "time_iter_std": 0.00101, "accuracy": 0.7989, "accuracy_std": 0.01404, "accuracy_max": 0.81293, "precision": 0.81089, "precision_std": 0.0201, "recall": 0.66976, "recall_std": 0.02592, "f1": 0.73336, "f1_std": 0.02026, "auc": 0.85914, "auc_std": 0.01211}
{"epoch": 74, "time_epoch": 6.81836, "time_epoch_std": 0.11922, "eta": 177.29019, "eta_std": 5.53372, "eta_hours": 0.04924, "eta_hours_std": 0.00154, "loss": 0.48459, "loss_std": 0.03406, "lr": 0.00016, "lr_std": 0.0, "params": 7591.0, "params_std": 0.0, "time_iter": 0.04638, "time_iter_std": 0.00081, "accuracy": 0.79464, "accuracy_std": 0.02136, "accuracy_max": 0.81973, "precision": 0.7989, "precision_std": 0.03076, "recall": 0.67284, "recall_std": 0.0392, "f1": 0.72996, "f1_std": 0.03041, "auc": 0.86347, "auc_std": 0.01681}
{"epoch": 75, "time_epoch": 6.80843, "time_epoch_std": 0.11299, "eta": 170.10916, "eta_std": 5.26232, "eta_hours": 0.04725, "eta_hours_std": 0.00146, "loss": 0.50521, "loss_std": 0.01771, "lr": 0.00015, "lr_std": 0.0, "params": 7591.0, "params_std": 0.0, "time_iter": 0.04631, "time_iter_std": 0.00077, "accuracy": 0.78912, "accuracy_std": 0.01497, "accuracy_max": 0.80782, "precision": 0.80078, "precision_std": 0.02439, "recall": 0.65226, "recall_std": 0.01852, "f1": 0.71884, "f1_std": 0.01939, "auc": 0.85672, "auc_std": 0.01401}
{"epoch": 76, "time_epoch": 6.77199, "time_epoch_std": 0.12085, "eta": 162.92693, "eta_std": 4.99416, "eta_hours": 0.04526, "eta_hours_std": 0.00139, "loss": 0.48587, "loss_std": 0.02816, "lr": 0.00014, "lr_std": 0.0, "params": 7591.0, "params_std": 0.0, "time_iter": 0.04607, "time_iter_std": 0.00082, "accuracy": 0.80612, "accuracy_std": 0.00433, "accuracy_max": 0.81122, "precision": 0.80796, "precision_std": 0.01568, "recall": 0.69753, "recall_std": 0.02675, "f1": 0.74811, "f1_std": 0.01029, "auc": 0.86282, "auc_std": 0.01306}
{"epoch": 77, "time_epoch": 6.79142, "time_epoch_std": 0.11118, "eta": 155.76068, "eta_std": 4.72824, "eta_hours": 0.04327, "eta_hours_std": 0.00132, "loss": 0.48343, "loss_std": 0.00687, "lr": 0.00012, "lr_std": 0.0, "params": 7591.0, "params_std": 0.0, "time_iter": 0.0462, "time_iter_std": 0.00076, "accuracy": 0.78699, "accuracy_std": 0.00327, "accuracy_max": 0.79082, "precision": 0.79006, "precision_std": 0.01156, "recall": 0.6605, "recall_std": 0.01607, "f1": 0.71925, "f1_std": 0.0065, "auc": 0.86407, "auc_std": 0.00303}
{"epoch": 78, "time_epoch": 6.73303, "time_epoch_std": 0.15872, "eta": 148.58841, "eta_std": 4.44944, "eta_hours": 0.04128, "eta_hours_std": 0.00124, "loss": 0.49591, "loss_std": 0.02243, "lr": 0.00011, "lr_std": 0.0, "params": 7591.0, "params_std": 0.0, "time_iter": 0.0458, "time_iter_std": 0.00108, "accuracy": 0.79464, "accuracy_std": 0.00684, "accuracy_max": 0.80442, "precision": 0.79672, "precision_std": 0.0146, "recall": 0.67593, "recall_std": 0.01376, "f1": 0.7312, "f1_std": 0.00885, "auc": 0.86177, "auc_std": 0.00872}
{"epoch": 79, "time_epoch": 6.7818, "time_epoch_std": 0.10507, "eta": 141.43932, "eta_std": 4.18909, "eta_hours": 0.03929, "eta_hours_std": 0.00116, "loss": 0.49276, "loss_std": 0.01837, "lr": 0.0001, "lr_std": 0.0, "params": 7591.0, "params_std": 0.0, "time_iter": 0.04614, "time_iter_std": 0.00071, "accuracy": 0.80145, "accuracy_std": 0.01023, "accuracy_max": 0.81803, "precision": 0.79888, "precision_std": 0.01451, "recall": 0.69444, "recall_std": 0.01522, "f1": 0.74295, "f1_std": 0.01365, "auc": 0.86284, "auc_std": 0.00691}
{"epoch": 80, "time_epoch": 6.73225, "time_epoch_std": 0.13176, "eta": 134.28766, "eta_std": 3.94044, "eta_hours": 0.0373, "eta_hours_std": 0.0011, "loss": 0.47972, "loss_std": 0.01597, "lr": 0.0001, "lr_std": 0.0, "params": 7591.0, "params_std": 0.0, "time_iter": 0.0458, "time_iter_std": 0.0009, "accuracy": 0.80655, "accuracy_std": 0.00965, "accuracy_max": 0.81633, "precision": 0.81482, "precision_std": 0.00821, "recall": 0.68827, "recall_std": 0.02389, "f1": 0.74603, "f1_std": 0.01579, "auc": 0.86551, "auc_std": 0.00808}
{"epoch": 81, "time_epoch": 6.73546, "time_epoch_std": 0.13618, "eta": 127.14695, "eta_std": 3.69614, "eta_hours": 0.03532, "eta_hours_std": 0.00103, "loss": 0.485, "loss_std": 0.0066, "lr": 9e-05, "lr_std": 0.0, "params": 7591.0, "params_std": 0.0, "time_iter": 0.04582, "time_iter_std": 0.00093, "accuracy": 0.79507, "accuracy_std": 0.00442, "accuracy_max": 0.79932, "precision": 0.79481, "precision_std": 0.01158, "recall": 0.68004, "recall_std": 0.01656, "f1": 0.73273, "f1_std": 0.00761, "auc": 0.86527, "auc_std": 0.00279}
{"epoch": 82, "time_epoch": 6.73264, "time_epoch_std": 0.12955, "eta": 120.01542, "eta_std": 3.45248, "eta_hours": 0.03333, "eta_hours_std": 0.00096, "loss": 0.49735, "loss_std": 0.02291, "lr": 8e-05, "lr_std": 0.0, "params": 7591.0, "params_std": 0.0, "time_iter": 0.0458, "time_iter_std": 0.00088, "accuracy": 0.79634, "accuracy_std": 0.01092, "accuracy_max": 0.81293, "precision": 0.79817, "precision_std": 0.0166, "recall": 0.67901, "recall_std": 0.01455, "f1": 0.73373, "f1_std": 0.01421, "auc": 0.86005, "auc_std": 0.01611}
{"epoch": 83, "time_epoch": 6.69648, "time_epoch_std": 0.15071, "eta": 112.88649, "eta_std": 3.21824, "eta_hours": 0.03136, "eta_hours_std": 0.00089, "loss": 0.48066, "loss_std": 0.03886, "lr": 7e-05, "lr_std": 0.0, "params": 7591.0, "params_std": 0.0, "time_iter": 0.04556, "time_iter_std": 0.00102, "accuracy": 0.804, "accuracy_std": 0.02192, "accuracy_max": 0.83163, "precision": 0.81464, "precision_std": 0.03415, "recall": 0.68107, "recall_std": 0.03059, "f1": 0.74166, "f1_std": 0.02936, "auc": 0.86929, "auc_std": 0.01714}
{"epoch": 84, "time_epoch": 6.66773, "time_epoch_std": 0.06613, "eta": 105.76268, "eta_std": 2.98187, "eta_hours": 0.02938, "eta_hours_std": 0.00083, "loss": 0.49223, "loss_std": 0.03046, "lr": 6e-05, "lr_std": 0.0, "params": 7591.0, "params_std": 0.0, "time_iter": 0.04536, "time_iter_std": 0.00045, "accuracy": 0.80017, "accuracy_std": 0.01761, "accuracy_max": 0.82483, "precision": 0.80861, "precision_std": 0.02731, "recall": 0.67696, "recall_std": 0.02108, "f1": 0.73687, "f1_std": 0.02261, "auc": 0.85983, "auc_std": 0.01989}
{"epoch": 85, "time_epoch": 6.67908, "time_epoch_std": 0.05596, "eta": 98.65131, "eta_std": 2.75736, "eta_hours": 0.0274, "eta_hours_std": 0.00077, "loss": 0.48105, "loss_std": 0.01559, "lr": 5e-05, "lr_std": 0.0, "params": 7591.0, "params_std": 0.0, "time_iter": 0.04544, "time_iter_std": 0.00038, "accuracy": 0.8057, "accuracy_std": 0.00764, "accuracy_max": 0.81633, "precision": 0.81006, "precision_std": 0.01377, "recall": 0.69239, "recall_std": 0.01103, "f1": 0.74654, "f1_std": 0.00966, "auc": 0.86791, "auc_std": 0.01285}
{"epoch": 86, "time_epoch": 6.70784, "time_epoch_std": 0.08909, "eta": 91.55418, "eta_std": 2.51886, "eta_hours": 0.02543, "eta_hours_std": 0.0007, "loss": 0.47706, "loss_std": 0.0181, "lr": 5e-05, "lr_std": 0.0, "params": 7591.0, "params_std": 0.0, "time_iter": 0.04563, "time_iter_std": 0.00061, "accuracy": 0.80102, "accuracy_std": 0.01122, "accuracy_max": 0.81463, "precision": 0.79738, "precision_std": 0.01705, "recall": 0.69547, "recall_std": 0.01952, "f1": 0.74279, "f1_std": 0.01529, "auc": 0.86927, "auc_std": 0.01213}
{"epoch": 87, "time_epoch": 6.7279, "time_epoch_std": 0.09503, "eta": 84.46863, "eta_std": 2.29028, "eta_hours": 0.02346, "eta_hours_std": 0.00064, "loss": 0.48168, "loss_std": 0.0155, "lr": 4e-05, "lr_std": 0.0, "params": 7591.0, "params_std": 0.0, "time_iter": 0.04577, "time_iter_std": 0.00065, "accuracy": 0.8057, "accuracy_std": 0.00735, "accuracy_max": 0.81293, "precision": 0.8095, "precision_std": 0.01664, "recall": 0.69342, "recall_std": 0.00943, "f1": 0.74684, "f1_std": 0.00816, "auc": 0.8697, "auc_std": 0.00628}
{"epoch": 88, "time_epoch": 6.77113, "time_epoch_std": 0.12604, "eta": 77.39647, "eta_std": 2.06621, "eta_hours": 0.0215, "eta_hours_std": 0.00057, "loss": 0.46986, "loss_std": 0.02163, "lr": 4e-05, "lr_std": 0.0, "params": 7591.0, "params_std": 0.0, "time_iter": 0.04606, "time_iter_std": 0.00086, "accuracy": 0.80612, "accuracy_std": 0.00731, "accuracy_max": 0.81463, "precision": 0.82642, "precision_std": 0.01323, "recall": 0.67284, "recall_std": 0.031, "f1": 0.74112, "f1_std": 0.01587, "auc": 0.87521, "auc_std": 0.01043}
{"epoch": 89, "time_epoch": 6.79744, "time_epoch_std": 0.12147, "eta": 70.33391, "eta_std": 1.85125, "eta_hours": 0.01954, "eta_hours_std": 0.00051, "loss": 0.50466, "loss_std": 0.03832, "lr": 3e-05, "lr_std": 0.0, "params": 7591.0, "params_std": 0.0, "time_iter": 0.04624, "time_iter_std": 0.00083, "accuracy": 0.79506, "accuracy_std": 0.01495, "accuracy_max": 0.81122, "precision": 0.79619, "precision_std": 0.02331, "recall": 0.67798, "recall_std": 0.0228, "f1": 0.73216, "f1_std": 0.01985, "auc": 0.85673, "auc_std": 0.02215}
{"epoch": 90, "time_epoch": 6.80964, "time_epoch_std": 0.12257, "eta": 63.27839, "eta_std": 1.64209, "eta_hours": 0.01758, "eta_hours_std": 0.00046, "loss": 0.48309, "loss_std": 0.01703, "lr": 2e-05, "lr_std": 0.0, "params": 7591.0, "params_std": 0.0, "time_iter": 0.04633, "time_iter_std": 0.00083, "accuracy": 0.80102, "accuracy_std": 0.00751, "accuracy_max": 0.81293, "precision": 0.80292, "precision_std": 0.01163, "recall": 0.68724, "recall_std": 0.0077, "f1": 0.74059, "f1_std": 0.00941, "auc": 0.86941, "auc_std": 0.00569}
{"epoch": 91, "time_epoch": 6.7523, "time_epoch_std": 0.12647, "eta": 56.22323, "eta_std": 1.43559, "eta_hours": 0.01562, "eta_hours_std": 0.0004, "loss": 0.47437, "loss_std": 0.01187, "lr": 2e-05, "lr_std": 0.0, "params": 7591.0, "params_std": 0.0, "time_iter": 0.04593, "time_iter_std": 0.00086, "accuracy": 0.80357, "accuracy_std": 0.0035, "accuracy_max": 0.80952, "precision": 0.80148, "precision_std": 0.00368, "recall": 0.69753, "recall_std": 0.01349, "f1": 0.74581, "f1_std": 0.00685, "auc": 0.87182, "auc_std": 0.00735}
{"epoch": 92, "time_epoch": 6.75394, "time_epoch_std": 0.11096, "eta": 49.1747, "eta_std": 1.24391, "eta_hours": 0.01366, "eta_hours_std": 0.00034, "loss": 0.49796, "loss_std": 0.03381, "lr": 2e-05, "lr_std": 0.0, "params": 7591.0, "params_std": 0.0, "time_iter": 0.04594, "time_iter_std": 0.00075, "accuracy": 0.804, "accuracy_std": 0.01641, "accuracy_max": 0.83163, "precision": 0.81107, "precision_std": 0.01467, "recall": 0.68518, "recall_std": 0.03822, "f1": 0.74239, "f1_std": 0.02578, "auc": 0.86488, "auc_std": 0.0176}
{"epoch": 93, "time_epoch": 6.76737, "time_epoch_std": 0.10251, "eta": 42.13331, "eta_std": 1.05318, "eta_hours": 0.0117, "eta_hours_std": 0.00029, "loss": 0.49274, "loss_std": 0.05077, "lr": 1e-05, "lr_std": 0.0, "params": 7591.0, "params_std": 0.0, "time_iter": 0.04604, "time_iter_std": 0.0007, "accuracy": 0.79804, "accuracy_std": 0.02091, "accuracy_max": 0.81122, "precision": 0.80549, "precision_std": 0.02744, "recall": 0.67387, "recall_std": 0.03448, "f1": 0.73362, "f1_std": 0.03004, "auc": 0.8635, "auc_std": 0.02499}
{"epoch": 94, "time_epoch": 7.7384, "time_epoch_std": 1.64687, "eta": 35.14878, "eta_std": 0.94401, "eta_hours": 0.00977, "eta_hours_std": 0.00026, "loss": 0.4869, "loss_std": 0.02185, "lr": 1e-05, "lr_std": 0.0, "params": 7591.0, "params_std": 0.0, "time_iter": 0.05264, "time_iter_std": 0.0112, "accuracy": 0.80399, "accuracy_std": 0.0124, "accuracy_max": 0.81803, "precision": 0.80908, "precision_std": 0.01286, "recall": 0.68827, "recall_std": 0.0336, "f1": 0.74334, "f1_std": 0.02096, "auc": 0.86805, "auc_std": 0.00784}
{"epoch": 95, "time_epoch": 10.22688, "time_epoch_std": 5.94023, "eta": 28.25224, "eta_std": 0.97416, "eta_hours": 0.00785, "eta_hours_std": 0.00027, "loss": 0.49771, "loss_std": 0.01694, "lr": 1e-05, "lr_std": 0.0, "params": 7591.0, "params_std": 0.0, "time_iter": 0.06957, "time_iter_std": 0.04041, "accuracy": 0.80484, "accuracy_std": 0.0124, "accuracy_max": 0.82143, "precision": 0.8178, "precision_std": 0.02497, "recall": 0.68004, "recall_std": 0.01706, "f1": 0.74231, "f1_std": 0.015, "auc": 0.86094, "auc_std": 0.01034}
{"epoch": 96, "time_epoch": 9.47761, "time_epoch_std": 4.64067, "eta": 21.26386, "eta_std": 0.85895, "eta_hours": 0.0059, "eta_hours_std": 0.00024, "loss": 0.48804, "loss_std": 0.03494, "lr": 0.0, "lr_std": 0.0, "params": 7591.0, "params_std": 0.0, "time_iter": 0.06448, "time_iter_std": 0.03157, "accuracy": 0.79337, "accuracy_std": 0.01495, "accuracy_max": 0.81463, "precision": 0.79121, "precision_std": 0.02665, "recall": 0.68004, "recall_std": 0.01141, "f1": 0.73134, "f1_std": 0.01717, "auc": 0.86729, "auc_std": 0.01708}
{"epoch": 97, "time_epoch": 10.6819, "time_epoch_std": 3.98031, "eta": 14.24925, "eta_std": 0.61823, "eta_hours": 0.00396, "eta_hours_std": 0.00017, "loss": 0.48969, "loss_std": 0.02675, "lr": 0.0, "lr_std": 0.0, "params": 7591.0, "params_std": 0.0, "time_iter": 0.07267, "time_iter_std": 0.02708, "accuracy": 0.80145, "accuracy_std": 0.00942, "accuracy_max": 0.81293, "precision": 0.80542, "precision_std": 0.01103, "recall": 0.68518, "recall_std": 0.02426, "f1": 0.74021, "f1_std": 0.01557, "auc": 0.86267, "auc_std": 0.01924}
{"epoch": 98, "time_epoch": 10.78936, "time_epoch_std": 4.09448, "eta": 7.16164, "eta_std": 0.33865, "eta_hours": 0.00199, "eta_hours_std": 9e-05, "loss": 0.47605, "loss_std": 0.00994, "lr": 0.0, "lr_std": 0.0, "params": 7591.0, "params_std": 0.0, "time_iter": 0.0734, "time_iter_std": 0.02785, "accuracy": 0.80528, "accuracy_std": 0.01169, "accuracy_max": 0.81803, "precision": 0.80918, "precision_std": 0.02057, "recall": 0.69238, "recall_std": 0.01064, "f1": 0.74618, "f1_std": 0.01395, "auc": 0.87152, "auc_std": 0.00894}
{"epoch": 99, "time_epoch": 10.76777, "time_epoch_std": 4.14868, "eta": 0.0, "eta_std": 0.0, "eta_hours": 0.0, "eta_hours_std": 0.0, "loss": 0.50278, "loss_std": 0.01214, "lr": 0.0, "lr_std": 0.0, "params": 7591.0, "params_std": 0.0, "time_iter": 0.07325, "time_iter_std": 0.02822, "accuracy": 0.79464, "accuracy_std": 0.01258, "accuracy_max": 0.81633, "precision": 0.80281, "precision_std": 0.01411, "recall": 0.66667, "recall_std": 0.02158, "f1": 0.72838, "f1_std": 0.01829, "auc": 0.85612, "auc_std": 0.00932}
