{"epoch": 0, "time_epoch": 28.52763, "time_epoch_std": 0.0, "eta": 2824.23554, "eta_std": 0.0, "eta_hours": 0.78451, "eta_hours_std": 0.0, "loss": 0.6704, "loss_std": 0.0, "lr": 0.001, "lr_std": 0.0, "params": 5865.0, "params_std": 0.0, "time_iter": 0.22114, "time_iter_std": 0.0, "accuracy": 0.57838, "accuracy_std": 0.0, "precision": 0.71728, "precision_std": 0.0, "recall": 0.2655, "recall_std": 0.0, "f1": 0.38755, "f1_std": 0.0, "auc": 0.64659, "auc_std": 0.0}
{"epoch": 1, "time_epoch": 10.31255, "time_epoch_std": 0.0, "eta": 1903.16875, "eta_std": 0.0, "eta_hours": 0.52866, "eta_hours_std": 0.0, "loss": 0.63712, "loss_std": 0.0, "lr": 0.001, "lr_std": 0.0, "params": 5865.0, "params_std": 0.0, "time_iter": 0.07994, "time_iter_std": 0.0, "accuracy": 0.63924, "accuracy_std": 0.0, "precision": 0.65397, "precision_std": 0.0, "recall": 0.59884, "recall_std": 0.0, "f1": 0.62519, "f1_std": 0.0, "auc": 0.69061, "auc_std": 0.0}
{"epoch": 2, "time_epoch": 9.99184, "time_epoch_std": 0.0, "eta": 1578.90194, "eta_std": 0.0, "eta_hours": 0.43858, "eta_hours_std": 0.0, "loss": 0.63455, "loss_std": 0.0, "lr": 0.001, "lr_std": 0.0, "params": 5865.0, "params_std": 0.0, "time_iter": 0.07746, "time_iter_std": 0.0, "accuracy": 0.64362, "accuracy_std": 0.0, "precision": 0.66741, "precision_std": 0.0, "recall": 0.57946, "recall_std": 0.0, "f1": 0.62033, "f1_std": 0.0, "auc": 0.69013, "auc_std": 0.0}
{"epoch": 3, "time_epoch": 9.24739, "time_epoch_std": 0.0, "eta": 1393.90591, "eta_std": 0.0, "eta_hours": 0.3872, "eta_hours_std": 0.0, "loss": 0.62947, "loss_std": 0.0, "lr": 0.001, "lr_std": 0.0, "params": 5865.0, "params_std": 0.0, "time_iter": 0.07169, "time_iter_std": 0.0, "accuracy": 0.64946, "accuracy_std": 0.0, "precision": 0.64943, "precision_std": 0.0, "recall": 0.65698, "recall_std": 0.0, "f1": 0.65318, "f1_std": 0.0, "auc": 0.70367, "auc_std": 0.0}
{"epoch": 4, "time_epoch": 9.72306, "time_epoch_std": 0.0, "eta": 1288.24704, "eta_std": 0.0, "eta_hours": 0.35785, "eta_hours_std": 0.0, "loss": 0.62263, "loss_std": 0.0, "lr": 0.001, "lr_std": 0.0, "params": 5865.0, "params_std": 0.0, "time_iter": 0.07537, "time_iter_std": 0.0, "accuracy": 0.66164, "accuracy_std": 0.0, "precision": 0.6917, "precision_std": 0.0, "recall": 0.58915, "recall_std": 0.0, "f1": 0.63632, "f1_std": 0.0, "auc": 0.70967, "auc_std": 0.0}
{"epoch": 5, "time_epoch": 9.28198, "time_epoch_std": 0.0, "eta": 1207.65641, "eta_std": 0.0, "eta_hours": 0.33546, "eta_hours_std": 0.0, "loss": 0.62263, "loss_std": 0.0, "lr": 0.00099, "lr_std": 0.0, "params": 5865.0, "params_std": 0.0, "time_iter": 0.07195, "time_iter_std": 0.0, "accuracy": 0.65628, "accuracy_std": 0.0, "precision": 0.67415, "precision_std": 0.0, "recall": 0.61143, "recall_std": 0.0, "f1": 0.64126, "f1_std": 0.0, "auc": 0.71019, "auc_std": 0.0}
{"epoch": 6, "time_epoch": 9.93374, "time_epoch_std": 0.0, "eta": 1156.09882, "eta_std": 0.0, "eta_hours": 0.32114, "eta_hours_std": 0.0, "loss": 0.62133, "loss_std": 0.0, "lr": 0.00099, "lr_std": 0.0, "params": 5865.0, "params_std": 0.0, "time_iter": 0.07701, "time_iter_std": 0.0, "accuracy": 0.66943, "accuracy_std": 0.0, "precision": 0.69721, "precision_std": 0.0, "recall": 0.60465, "recall_std": 0.0, "f1": 0.64764, "f1_std": 0.0, "auc": 0.70943, "auc_std": 0.0}
{"epoch": 7, "time_epoch": 9.43217, "time_epoch_std": 0.0, "eta": 1109.17914, "eta_std": 0.0, "eta_hours": 0.30811, "eta_hours_std": 0.0, "loss": 0.61945, "loss_std": 0.0, "lr": 0.00099, "lr_std": 0.0, "params": 5865.0, "params_std": 0.0, "time_iter": 0.07312, "time_iter_std": 0.0, "accuracy": 0.66261, "accuracy_std": 0.0, "precision": 0.67899, "precision_std": 0.0, "recall": 0.62306, "recall_std": 0.0, "f1": 0.64982, "f1_std": 0.0, "auc": 0.71445, "auc_std": 0.0}
{"epoch": 8, "time_epoch": 9.55914, "time_epoch_std": 0.0, "eta": 1071.87384, "eta_std": 0.0, "eta_hours": 0.29774, "eta_hours_std": 0.0, "loss": 0.61289, "loss_std": 0.0, "lr": 0.00098, "lr_std": 0.0, "params": 5865.0, "params_std": 0.0, "time_iter": 0.0741, "time_iter_std": 0.0, "accuracy": 0.67089, "accuracy_std": 0.0, "precision": 0.69432, "precision_std": 0.0, "recall": 0.61628, "recall_std": 0.0, "f1": 0.65298, "f1_std": 0.0, "auc": 0.72152, "auc_std": 0.0}
{"epoch": 9, "time_epoch": 8.91931, "time_epoch_std": 0.0, "eta": 1034.35931, "eta_std": 0.0, "eta_hours": 0.28732, "eta_hours_std": 0.0, "loss": 0.60799, "loss_std": 0.0, "lr": 0.00098, "lr_std": 0.0, "params": 5865.0, "params_std": 0.0, "time_iter": 0.06914, "time_iter_std": 0.0, "accuracy": 0.66748, "accuracy_std": 0.0, "precision": 0.68784, "precision_std": 0.0, "recall": 0.61919, "recall_std": 0.0, "f1": 0.65171, "f1_std": 0.0, "auc": 0.72592, "auc_std": 0.0}
{"epoch": 10, "time_epoch": 10.14409, "time_epoch_std": 0.0, "eta": 1011.95349, "eta_std": 0.0, "eta_hours": 0.2811, "eta_hours_std": 0.0, "loss": 0.59702, "loss_std": 0.0, "lr": 0.00098, "lr_std": 0.0, "params": 5865.0, "params_std": 0.0, "time_iter": 0.07864, "time_iter_std": 0.0, "accuracy": 0.68598, "accuracy_std": 0.0, "precision": 0.69806, "precision_std": 0.0, "recall": 0.66085, "recall_std": 0.0, "f1": 0.67894, "f1_std": 0.0, "auc": 0.74483, "auc_std": 0.0}
{"epoch": 11, "time_epoch": 9.02754, "time_epoch_std": 0.0, "eta": 983.40327, "eta_std": 0.0, "eta_hours": 0.27317, "eta_hours_std": 0.0, "loss": 0.59498, "loss_std": 0.0, "lr": 0.00097, "lr_std": 0.0, "params": 5865.0, "params_std": 0.0, "time_iter": 0.06998, "time_iter_std": 0.0, "accuracy": 0.68549, "accuracy_std": 0.0, "precision": 0.70231, "precision_std": 0.0, "recall": 0.64922, "recall_std": 0.0, "f1": 0.67472, "f1_std": 0.0, "auc": 0.74709, "auc_std": 0.0}
{"epoch": 12, "time_epoch": 9.39334, "time_epoch_std": 0.0, "eta": 960.30459, "eta_std": 0.0, "eta_hours": 0.26675, "eta_hours_std": 0.0, "loss": 0.58764, "loss_std": 0.0, "lr": 0.00096, "lr_std": 0.0, "params": 5865.0, "params_std": 0.0, "time_iter": 0.07282, "time_iter_std": 0.0, "accuracy": 0.68306, "accuracy_std": 0.0, "precision": 0.697, "precision_std": 0.0, "recall": 0.6531, "recall_std": 0.0, "f1": 0.67434, "f1_std": 0.0, "auc": 0.75229, "auc_std": 0.0}
{"epoch": 13, "time_epoch": 8.73787, "time_epoch_std": 0.0, "eta": 935.13734, "eta_std": 0.0, "eta_hours": 0.25976, "eta_hours_std": 0.0, "loss": 0.58177, "loss_std": 0.0, "lr": 0.00096, "lr_std": 0.0, "params": 5865.0, "params_std": 0.0, "time_iter": 0.06774, "time_iter_std": 0.0, "accuracy": 0.68403, "accuracy_std": 0.0, "precision": 0.69969, "precision_std": 0.0, "recall": 0.65019, "recall_std": 0.0, "f1": 0.67403, "f1_std": 0.0, "auc": 0.75641, "auc_std": 0.0}
{"epoch": 14, "time_epoch": 9.75574, "time_epoch_std": 0.0, "eta": 917.9286, "eta_std": 0.0, "eta_hours": 0.25498, "eta_hours_std": 0.0, "loss": 0.57387, "loss_std": 0.0, "lr": 0.00095, "lr_std": 0.0, "params": 5865.0, "params_std": 0.0, "time_iter": 0.07563, "time_iter_std": 0.0, "accuracy": 0.69426, "accuracy_std": 0.0, "precision": 0.71627, "precision_std": 0.0, "recall": 0.64826, "recall_std": 0.0, "f1": 0.68057, "f1_std": 0.0, "auc": 0.76386, "auc_std": 0.0}
{"epoch": 15, "time_epoch": 9.51984, "time_epoch_std": 0.0, "eta": 900.41301, "eta_std": 0.0, "eta_hours": 0.25011, "eta_hours_std": 0.0, "loss": 0.56514, "loss_std": 0.0, "lr": 0.00095, "lr_std": 0.0, "params": 5865.0, "params_std": 0.0, "time_iter": 0.0738, "time_iter_std": 0.0, "accuracy": 0.70497, "accuracy_std": 0.0, "precision": 0.72564, "precision_std": 0.0, "recall": 0.66376, "recall_std": 0.0, "f1": 0.69332, "f1_std": 0.0, "auc": 0.77759, "auc_std": 0.0}
{"epoch": 16, "time_epoch": 9.63381, "time_epoch_std": 0.0, "eta": 884.39454, "eta_std": 0.0, "eta_hours": 0.24567, "eta_hours_std": 0.0, "loss": 0.56476, "loss_std": 0.0, "lr": 0.00094, "lr_std": 0.0, "params": 5865.0, "params_std": 0.0, "time_iter": 0.07468, "time_iter_std": 0.0, "accuracy": 0.70107, "accuracy_std": 0.0, "precision": 0.70652, "precision_std": 0.0, "recall": 0.69283, "recall_std": 0.0, "f1": 0.69961, "f1_std": 0.0, "auc": 0.77763, "auc_std": 0.0}
{"epoch": 17, "time_epoch": 8.9013, "time_epoch_std": 0.0, "eta": 865.7485, "eta_std": 0.0, "eta_hours": 0.24049, "eta_hours_std": 0.0, "loss": 0.55434, "loss_std": 0.0, "lr": 0.00093, "lr_std": 0.0, "params": 5865.0, "params_std": 0.0, "time_iter": 0.069, "time_iter_std": 0.0, "accuracy": 0.70594, "accuracy_std": 0.0, "precision": 0.71573, "precision_std": 0.0, "recall": 0.68798, "recall_std": 0.0, "f1": 0.70158, "f1_std": 0.0, "auc": 0.78787, "auc_std": 0.0}
{"epoch": 18, "time_epoch": 9.86082, "time_epoch_std": 0.0, "eta": 852.2188, "eta_std": 0.0, "eta_hours": 0.23673, "eta_hours_std": 0.0, "loss": 0.56191, "loss_std": 0.0, "lr": 0.00092, "lr_std": 0.0, "params": 5865.0, "params_std": 0.0, "time_iter": 0.07644, "time_iter_std": 0.0, "accuracy": 0.70789, "accuracy_std": 0.0, "precision": 0.71514, "precision_std": 0.0, "recall": 0.69574, "recall_std": 0.0, "f1": 0.7053, "f1_std": 0.0, "auc": 0.78095, "auc_std": 0.0}
{"epoch": 19, "time_epoch": 9.63743, "time_epoch_std": 0.0, "eta": 838.16242, "eta_std": 0.0, "eta_hours": 0.23282, "eta_hours_std": 0.0, "loss": 0.5542, "loss_std": 0.0, "lr": 0.00091, "lr_std": 0.0, "params": 5865.0, "params_std": 0.0, "time_iter": 0.07471, "time_iter_std": 0.0, "accuracy": 0.70837, "accuracy_std": 0.0, "precision": 0.7198, "precision_std": 0.0, "recall": 0.68702, "recall_std": 0.0, "f1": 0.70302, "f1_std": 0.0, "auc": 0.78702, "auc_std": 0.0}
{"epoch": 20, "time_epoch": 9.44234, "time_epoch_std": 0.0, "eta": 823.79297, "eta_std": 0.0, "eta_hours": 0.22883, "eta_hours_std": 0.0, "loss": 0.55374, "loss_std": 0.0, "lr": 0.0009, "lr_std": 0.0, "params": 5865.0, "params_std": 0.0, "time_iter": 0.0732, "time_iter_std": 0.0, "accuracy": 0.71032, "accuracy_std": 0.0, "precision": 0.71359, "precision_std": 0.0, "recall": 0.70736, "recall_std": 0.0, "f1": 0.71046, "f1_std": 0.0, "auc": 0.78869, "auc_std": 0.0}
{"epoch": 21, "time_epoch": 8.92347, "time_epoch_std": 0.0, "eta": 808.03181, "eta_std": 0.0, "eta_hours": 0.22445, "eta_hours_std": 0.0, "loss": 0.5448, "loss_std": 0.0, "lr": 0.0009, "lr_std": 0.0, "params": 5865.0, "params_std": 0.0, "time_iter": 0.06917, "time_iter_std": 0.0, "accuracy": 0.71324, "accuracy_std": 0.0, "precision": 0.71996, "precision_std": 0.0, "recall": 0.70252, "recall_std": 0.0, "f1": 0.71113, "f1_std": 0.0, "auc": 0.79655, "auc_std": 0.0}
{"epoch": 22, "time_epoch": 9.48466, "time_epoch_std": 0.0, "eta": 794.74402, "eta_std": 0.0, "eta_hours": 0.22076, "eta_hours_std": 0.0, "loss": 0.54445, "loss_std": 0.0, "lr": 0.00089, "lr_std": 0.0, "params": 5865.0, "params_std": 0.0, "time_iter": 0.07352, "time_iter_std": 0.0, "accuracy": 0.71714, "accuracy_std": 0.0, "precision": 0.72086, "precision_std": 0.0, "recall": 0.71318, "recall_std": 0.0, "f1": 0.717, "f1_std": 0.0, "auc": 0.79849, "auc_std": 0.0}
{"epoch": 23, "time_epoch": 10.45537, "time_epoch_std": 0.0, "eta": 784.84708, "eta_std": 0.0, "eta_hours": 0.21801, "eta_hours_std": 0.0, "loss": 0.54211, "loss_std": 0.0, "lr": 0.00088, "lr_std": 0.0, "params": 5865.0, "params_std": 0.0, "time_iter": 0.08105, "time_iter_std": 0.0, "accuracy": 0.71616, "accuracy_std": 0.0, "precision": 0.72118, "precision_std": 0.0, "recall": 0.7093, "recall_std": 0.0, "f1": 0.71519, "f1_std": 0.0, "auc": 0.79681, "auc_std": 0.0}
{"epoch": 24, "time_epoch": 13.43057, "time_epoch_std": 0.0, "eta": 783.83104, "eta_std": 0.0, "eta_hours": 0.21773, "eta_hours_std": 0.0, "loss": 0.54548, "loss_std": 0.0, "lr": 0.00086, "lr_std": 0.0, "params": 5865.0, "params_std": 0.0, "time_iter": 0.10411, "time_iter_std": 0.0, "accuracy": 0.72395, "accuracy_std": 0.0, "precision": 0.73509, "precision_std": 0.0, "recall": 0.70446, "recall_std": 0.0, "f1": 0.71945, "f1_std": 0.0, "auc": 0.7974, "auc_std": 0.0}
{"epoch": 25, "time_epoch": 9.66528, "time_epoch_std": 0.0, "eta": 771.14344, "eta_std": 0.0, "eta_hours": 0.21421, "eta_hours_std": 0.0, "loss": 0.53788, "loss_std": 0.0, "lr": 0.00085, "lr_std": 0.0, "params": 5865.0, "params_std": 0.0, "time_iter": 0.07492, "time_iter_std": 0.0, "accuracy": 0.72298, "accuracy_std": 0.0, "precision": 0.72808, "precision_std": 0.0, "recall": 0.71609, "recall_std": 0.0, "f1": 0.72203, "f1_std": 0.0, "auc": 0.80136, "auc_std": 0.0}
{"epoch": 26, "time_epoch": 8.92423, "time_epoch_std": 0.0, "eta": 756.67615, "eta_std": 0.0, "eta_hours": 0.21019, "eta_hours_std": 0.0, "loss": 0.5359, "loss_std": 0.0, "lr": 0.00084, "lr_std": 0.0, "params": 5865.0, "params_std": 0.0, "time_iter": 0.06918, "time_iter_std": 0.0, "accuracy": 0.73028, "accuracy_std": 0.0, "precision": 0.73617, "precision_std": 0.0, "recall": 0.7219, "recall_std": 0.0, "f1": 0.72896, "f1_std": 0.0, "auc": 0.805, "auc_std": 0.0}
{"epoch": 27, "time_epoch": 10.84399, "time_epoch_std": 0.0, "eta": 747.54132, "eta_std": 0.0, "eta_hours": 0.20765, "eta_hours_std": 0.0, "loss": 0.53863, "loss_std": 0.0, "lr": 0.00083, "lr_std": 0.0, "params": 5865.0, "params_std": 0.0, "time_iter": 0.08406, "time_iter_std": 0.0, "accuracy": 0.7186, "accuracy_std": 0.0, "precision": 0.72343, "precision_std": 0.0, "recall": 0.71221, "recall_std": 0.0, "f1": 0.71777, "f1_std": 0.0, "auc": 0.80162, "auc_std": 0.0}
{"epoch": 28, "time_epoch": 8.93529, "time_epoch_std": 0.0, "eta": 733.6156, "eta_std": 0.0, "eta_hours": 0.20378, "eta_hours_std": 0.0, "loss": 0.54066, "loss_std": 0.0, "lr": 0.00082, "lr_std": 0.0, "params": 5865.0, "params_std": 0.0, "time_iter": 0.06927, "time_iter_std": 0.0, "accuracy": 0.73223, "accuracy_std": 0.0, "precision": 0.73308, "precision_std": 0.0, "recall": 0.7345, "recall_std": 0.0, "f1": 0.73379, "f1_std": 0.0, "auc": 0.80199, "auc_std": 0.0}
{"epoch": 29, "time_epoch": 9.57896, "time_epoch_std": 0.0, "eta": 721.52445, "eta_std": 0.0, "eta_hours": 0.20042, "eta_hours_std": 0.0, "loss": 0.53835, "loss_std": 0.0, "lr": 0.00081, "lr_std": 0.0, "params": 5865.0, "params_std": 0.0, "time_iter": 0.07426, "time_iter_std": 0.0, "accuracy": 0.72201, "accuracy_std": 0.0, "precision": 0.7189, "precision_std": 0.0, "recall": 0.73353, "recall_std": 0.0, "f1": 0.72614, "f1_std": 0.0, "auc": 0.80339, "auc_std": 0.0}
{"epoch": 30, "time_epoch": 9.46186, "time_epoch_std": 0.0, "eta": 709.33476, "eta_std": 0.0, "eta_hours": 0.19704, "eta_hours_std": 0.0, "loss": 0.53548, "loss_std": 0.0, "lr": 0.00079, "lr_std": 0.0, "params": 5865.0, "params_std": 0.0, "time_iter": 0.07335, "time_iter_std": 0.0, "accuracy": 0.71616, "accuracy_std": 0.0, "precision": 0.7225, "precision_std": 0.0, "recall": 0.7064, "recall_std": 0.0, "f1": 0.71436, "f1_std": 0.0, "auc": 0.80313, "auc_std": 0.0}
{"epoch": 31, "time_epoch": 10.07779, "time_epoch_std": 0.0, "eta": 698.62439, "eta_std": 0.0, "eta_hours": 0.19406, "eta_hours_std": 0.0, "loss": 0.53743, "loss_std": 0.0, "lr": 0.00078, "lr_std": 0.0, "params": 5865.0, "params_std": 0.0, "time_iter": 0.07812, "time_iter_std": 0.0, "accuracy": 0.72298, "accuracy_std": 0.0, "precision": 0.72196, "precision_std": 0.0, "recall": 0.72965, "recall_std": 0.0, "f1": 0.72578, "f1_std": 0.0, "auc": 0.80337, "auc_std": 0.0}
{"epoch": 32, "time_epoch": 8.70921, "time_epoch_std": 0.0, "eta": 685.17373, "eta_std": 0.0, "eta_hours": 0.19033, "eta_hours_std": 0.0, "loss": 0.53261, "loss_std": 0.0, "lr": 0.00077, "lr_std": 0.0, "params": 5865.0, "params_std": 0.0, "time_iter": 0.06751, "time_iter_std": 0.0, "accuracy": 0.73856, "accuracy_std": 0.0, "precision": 0.74006, "precision_std": 0.0, "recall": 0.73934, "recall_std": 0.0, "f1": 0.7397, "f1_std": 0.0, "auc": 0.81076, "auc_std": 0.0}
{"epoch": 33, "time_epoch": 9.51743, "time_epoch_std": 0.0, "eta": 673.57088, "eta_std": 0.0, "eta_hours": 0.1871, "eta_hours_std": 0.0, "loss": 0.52859, "loss_std": 0.0, "lr": 0.00075, "lr_std": 0.0, "params": 5865.0, "params_std": 0.0, "time_iter": 0.07378, "time_iter_std": 0.0, "accuracy": 0.72882, "accuracy_std": 0.0, "precision": 0.73774, "precision_std": 0.0, "recall": 0.71415, "recall_std": 0.0, "f1": 0.72575, "f1_std": 0.0, "auc": 0.81083, "auc_std": 0.0}
{"epoch": 34, "time_epoch": 9.64941, "time_epoch_std": 0.0, "eta": 662.33231, "eta_std": 0.0, "eta_hours": 0.18398, "eta_hours_std": 0.0, "loss": 0.52945, "loss_std": 0.0, "lr": 0.00074, "lr_std": 0.0, "params": 5865.0, "params_std": 0.0, "time_iter": 0.0748, "time_iter_std": 0.0, "accuracy": 0.72882, "accuracy_std": 0.0, "precision": 0.73353, "precision_std": 0.0, "recall": 0.72287, "recall_std": 0.0, "f1": 0.72816, "f1_std": 0.0, "auc": 0.8111, "auc_std": 0.0}
{"epoch": 35, "time_epoch": 9.68709, "time_epoch_std": 0.0, "eta": 651.24901, "eta_std": 0.0, "eta_hours": 0.1809, "eta_hours_std": 0.0, "loss": 0.53496, "loss_std": 0.0, "lr": 0.00073, "lr_std": 0.0, "params": 5865.0, "params_std": 0.0, "time_iter": 0.07509, "time_iter_std": 0.0, "accuracy": 0.72833, "accuracy_std": 0.0, "precision": 0.72358, "precision_std": 0.0, "recall": 0.74322, "recall_std": 0.0, "f1": 0.73327, "f1_std": 0.0, "auc": 0.80628, "auc_std": 0.0}
{"epoch": 36, "time_epoch": 9.99385, "time_epoch_std": 0.0, "eta": 640.7635, "eta_std": 0.0, "eta_hours": 0.17799, "eta_hours_std": 0.0, "loss": 0.53152, "loss_std": 0.0, "lr": 0.00071, "lr_std": 0.0, "params": 5865.0, "params_std": 0.0, "time_iter": 0.07747, "time_iter_std": 0.0, "accuracy": 0.72249, "accuracy_std": 0.0, "precision": 0.72297, "precision_std": 0.0, "recall": 0.72578, "recall_std": 0.0, "f1": 0.72437, "f1_std": 0.0, "auc": 0.80926, "auc_std": 0.0}
{"epoch": 37, "time_epoch": 9.06038, "time_epoch_std": 0.0, "eta": 628.78083, "eta_std": 0.0, "eta_hours": 0.17466, "eta_hours_std": 0.0, "loss": 0.52346, "loss_std": 0.0, "lr": 0.0007, "lr_std": 0.0, "params": 5865.0, "params_std": 0.0, "time_iter": 0.07024, "time_iter_std": 0.0, "accuracy": 0.73856, "accuracy_std": 0.0, "precision": 0.75862, "precision_std": 0.0, "recall": 0.70349, "recall_std": 0.0, "f1": 0.73002, "f1_std": 0.0, "auc": 0.81636, "auc_std": 0.0}
{"epoch": 38, "time_epoch": 9.56987, "time_epoch_std": 0.0, "eta": 617.74492, "eta_std": 0.0, "eta_hours": 0.1716, "eta_hours_std": 0.0, "loss": 0.53392, "loss_std": 0.0, "lr": 0.00068, "lr_std": 0.0, "params": 5865.0, "params_std": 0.0, "time_iter": 0.07419, "time_iter_std": 0.0, "accuracy": 0.72785, "accuracy_std": 0.0, "precision": 0.7229, "precision_std": 0.0, "recall": 0.74322, "recall_std": 0.0, "f1": 0.73292, "f1_std": 0.0, "auc": 0.80755, "auc_std": 0.0}
{"epoch": 39, "time_epoch": 10.36608, "time_epoch_std": 0.0, "eta": 607.97662, "eta_std": 0.0, "eta_hours": 0.16888, "eta_hours_std": 0.0, "loss": 0.52163, "loss_std": 0.0, "lr": 0.00067, "lr_std": 0.0, "params": 5865.0, "params_std": 0.0, "time_iter": 0.08036, "time_iter_std": 0.0, "accuracy": 0.74537, "accuracy_std": 0.0, "precision": 0.74927, "precision_std": 0.0, "recall": 0.74128, "recall_std": 0.0, "f1": 0.74525, "f1_std": 0.0, "auc": 0.81804, "auc_std": 0.0}
{"epoch": 40, "time_epoch": 9.49873, "time_epoch_std": 0.0, "eta": 596.93102, "eta_std": 0.0, "eta_hours": 0.16581, "eta_hours_std": 0.0, "loss": 0.52086, "loss_std": 0.0, "lr": 0.00065, "lr_std": 0.0, "params": 5865.0, "params_std": 0.0, "time_iter": 0.07363, "time_iter_std": 0.0, "accuracy": 0.74002, "accuracy_std": 0.0, "precision": 0.73624, "precision_std": 0.0, "recall": 0.75194, "recall_std": 0.0, "f1": 0.74401, "f1_std": 0.0, "auc": 0.81757, "auc_std": 0.0}
{"epoch": 41, "time_epoch": 9.04389, "time_epoch_std": 0.0, "eta": 585.33098, "eta_std": 0.0, "eta_hours": 0.16259, "eta_hours_std": 0.0, "loss": 0.52818, "loss_std": 0.0, "lr": 0.00064, "lr_std": 0.0, "params": 5865.0, "params_std": 0.0, "time_iter": 0.07011, "time_iter_std": 0.0, "accuracy": 0.7259, "accuracy_std": 0.0, "precision": 0.72397, "precision_std": 0.0, "recall": 0.7345, "recall_std": 0.0, "f1": 0.7292, "f1_std": 0.0, "auc": 0.81123, "auc_std": 0.0}
{"epoch": 42, "time_epoch": 9.81799, "time_epoch_std": 0.0, "eta": 574.87596, "eta_std": 0.0, "eta_hours": 0.15969, "eta_hours_std": 0.0, "loss": 0.52333, "loss_std": 0.0, "lr": 0.00062, "lr_std": 0.0, "params": 5865.0, "params_std": 0.0, "time_iter": 0.07611, "time_iter_std": 0.0, "accuracy": 0.7371, "accuracy_std": 0.0, "precision": 0.73977, "precision_std": 0.0, "recall": 0.73547, "recall_std": 0.0, "f1": 0.73761, "f1_std": 0.0, "auc": 0.81687, "auc_std": 0.0}
{"epoch": 43, "time_epoch": 9.05129, "time_epoch_std": 0.0, "eta": 563.47409, "eta_std": 0.0, "eta_hours": 0.15652, "eta_hours_std": 0.0, "loss": 0.52035, "loss_std": 0.0, "lr": 0.00061, "lr_std": 0.0, "params": 5865.0, "params_std": 0.0, "time_iter": 0.07017, "time_iter_std": 0.0, "accuracy": 0.73272, "accuracy_std": 0.0, "precision": 0.72848, "precision_std": 0.0, "recall": 0.74612, "recall_std": 0.0, "f1": 0.73719, "f1_std": 0.0, "auc": 0.81693, "auc_std": 0.0}
{"epoch": 44, "time_epoch": 9.1321, "time_epoch_std": 0.0, "eta": 552.27547, "eta_std": 0.0, "eta_hours": 0.15341, "eta_hours_std": 0.0, "loss": 0.52383, "loss_std": 0.0, "lr": 0.00059, "lr_std": 0.0, "params": 5865.0, "params_std": 0.0, "time_iter": 0.07079, "time_iter_std": 0.0, "accuracy": 0.74976, "accuracy_std": 0.0, "precision": 0.74026, "precision_std": 0.0, "recall": 0.77326, "recall_std": 0.0, "f1": 0.7564, "f1_std": 0.0, "auc": 0.8181, "auc_std": 0.0}
{"epoch": 45, "time_epoch": 9.0726, "time_epoch_std": 0.0, "eta": 541.09684, "eta_std": 0.0, "eta_hours": 0.1503, "eta_hours_std": 0.0, "loss": 0.5211, "loss_std": 0.0, "lr": 0.00058, "lr_std": 0.0, "params": 5865.0, "params_std": 0.0, "time_iter": 0.07033, "time_iter_std": 0.0, "accuracy": 0.74537, "accuracy_std": 0.0, "precision": 0.73719, "precision_std": 0.0, "recall": 0.76647, "recall_std": 0.0, "f1": 0.75154, "f1_std": 0.0, "auc": 0.81907, "auc_std": 0.0}
{"epoch": 46, "time_epoch": 9.1319, "time_epoch_std": 0.0, "eta": 530.0747, "eta_std": 0.0, "eta_hours": 0.14724, "eta_hours_std": 0.0, "loss": 0.52143, "loss_std": 0.0, "lr": 0.00056, "lr_std": 0.0, "params": 5865.0, "params_std": 0.0, "time_iter": 0.07079, "time_iter_std": 0.0, "accuracy": 0.74343, "accuracy_std": 0.0, "precision": 0.74071, "precision_std": 0.0, "recall": 0.75291, "recall_std": 0.0, "f1": 0.74676, "f1_std": 0.0, "auc": 0.81924, "auc_std": 0.0}
{"epoch": 47, "time_epoch": 9.32533, "time_epoch_std": 0.0, "eta": 519.34087, "eta_std": 0.0, "eta_hours": 0.14426, "eta_hours_std": 0.0, "loss": 0.51766, "loss_std": 0.0, "lr": 0.00055, "lr_std": 0.0, "params": 5865.0, "params_std": 0.0, "time_iter": 0.07229, "time_iter_std": 0.0, "accuracy": 0.73953, "accuracy_std": 0.0, "precision": 0.7401, "precision_std": 0.0, "recall": 0.74225, "recall_std": 0.0, "f1": 0.74117, "f1_std": 0.0, "auc": 0.8213, "auc_std": 0.0}
{"epoch": 48, "time_epoch": 9.01472, "time_epoch_std": 0.0, "eta": 508.34124, "eta_std": 0.0, "eta_hours": 0.14121, "eta_hours_std": 0.0, "loss": 0.51733, "loss_std": 0.0, "lr": 0.00053, "lr_std": 0.0, "params": 5865.0, "params_std": 0.0, "time_iter": 0.06988, "time_iter_std": 0.0, "accuracy": 0.73807, "accuracy_std": 0.0, "precision": 0.74407, "precision_std": 0.0, "recall": 0.72965, "recall_std": 0.0, "f1": 0.73679, "f1_std": 0.0, "auc": 0.82201, "auc_std": 0.0}
{"epoch": 49, "time_epoch": 9.15923, "time_epoch_std": 0.0, "eta": 497.56552, "eta_std": 0.0, "eta_hours": 0.13821, "eta_hours_std": 0.0, "loss": 0.51658, "loss_std": 0.0, "lr": 0.00052, "lr_std": 0.0, "params": 5865.0, "params_std": 0.0, "time_iter": 0.071, "time_iter_std": 0.0, "accuracy": 0.73759, "accuracy_std": 0.0, "precision": 0.73233, "precision_std": 0.0, "recall": 0.75291, "recall_std": 0.0, "f1": 0.74247, "f1_std": 0.0, "auc": 0.82131, "auc_std": 0.0}
{"epoch": 50, "time_epoch": 9.39273, "time_epoch_std": 0.0, "eta": 487.07754, "eta_std": 0.0, "eta_hours": 0.1353, "eta_hours_std": 0.0, "loss": 0.51363, "loss_std": 0.0, "lr": 0.0005, "lr_std": 0.0, "params": 5865.0, "params_std": 0.0, "time_iter": 0.07281, "time_iter_std": 0.0, "accuracy": 0.74245, "accuracy_std": 0.0, "precision": 0.74633, "precision_std": 0.0, "recall": 0.73837, "recall_std": 0.0, "f1": 0.74233, "f1_std": 0.0, "auc": 0.82634, "auc_std": 0.0}
{"epoch": 51, "time_epoch": 9.23731, "time_epoch_std": 0.0, "eta": 476.48821, "eta_std": 0.0, "eta_hours": 0.13236, "eta_hours_std": 0.0, "loss": 0.52474, "loss_std": 0.0, "lr": 0.00048, "lr_std": 0.0, "params": 5865.0, "params_std": 0.0, "time_iter": 0.07161, "time_iter_std": 0.0, "accuracy": 0.75024, "accuracy_std": 0.0, "precision": 0.74976, "precision_std": 0.0, "recall": 0.75484, "recall_std": 0.0, "f1": 0.75229, "f1_std": 0.0, "auc": 0.81754, "auc_std": 0.0}
{"epoch": 52, "time_epoch": 9.43402, "time_epoch_std": 0.0, "eta": 466.12435, "eta_std": 0.0, "eta_hours": 0.12948, "eta_hours_std": 0.0, "loss": 0.53053, "loss_std": 0.0, "lr": 0.00047, "lr_std": 0.0, "params": 5865.0, "params_std": 0.0, "time_iter": 0.07313, "time_iter_std": 0.0, "accuracy": 0.73077, "accuracy_std": 0.0, "precision": 0.72362, "precision_std": 0.0, "recall": 0.75097, "recall_std": 0.0, "f1": 0.73704, "f1_std": 0.0, "auc": 0.81035, "auc_std": 0.0}
{"epoch": 53, "time_epoch": 9.94201, "time_epoch_std": 0.0, "eta": 456.22765, "eta_std": 0.0, "eta_hours": 0.12673, "eta_hours_std": 0.0, "loss": 0.51898, "loss_std": 0.0, "lr": 0.00045, "lr_std": 0.0, "params": 5865.0, "params_std": 0.0, "time_iter": 0.07707, "time_iter_std": 0.0, "accuracy": 0.7371, "accuracy_std": 0.0, "precision": 0.73384, "precision_std": 0.0, "recall": 0.74806, "recall_std": 0.0, "f1": 0.74088, "f1_std": 0.0, "auc": 0.81981, "auc_std": 0.0}
{"epoch": 54, "time_epoch": 9.46089, "time_epoch_std": 0.0, "eta": 445.93567, "eta_std": 0.0, "eta_hours": 0.12387, "eta_hours_std": 0.0, "loss": 0.51509, "loss_std": 0.0, "lr": 0.00044, "lr_std": 0.0, "params": 5865.0, "params_std": 0.0, "time_iter": 0.07334, "time_iter_std": 0.0, "accuracy": 0.74732, "accuracy_std": 0.0, "precision": 0.74405, "precision_std": 0.0, "recall": 0.75775, "recall_std": 0.0, "f1": 0.75084, "f1_std": 0.0, "auc": 0.82153, "auc_std": 0.0}
{"epoch": 55, "time_epoch": 10.02146, "time_epoch_std": 0.0, "eta": 436.11381, "eta_std": 0.0, "eta_hours": 0.12114, "eta_hours_std": 0.0, "loss": 0.51113, "loss_std": 0.0, "lr": 0.00042, "lr_std": 0.0, "params": 5865.0, "params_std": 0.0, "time_iter": 0.07769, "time_iter_std": 0.0, "accuracy": 0.7517, "accuracy_std": 0.0, "precision": 0.74857, "precision_std": 0.0, "recall": 0.76163, "recall_std": 0.0, "f1": 0.75504, "f1_std": 0.0, "auc": 0.82696, "auc_std": 0.0}
{"epoch": 56, "time_epoch": 8.69368, "time_epoch_std": 0.0, "eta": 425.28329, "eta_std": 0.0, "eta_hours": 0.11813, "eta_hours_std": 0.0, "loss": 0.5053, "loss_std": 0.0, "lr": 0.00041, "lr_std": 0.0, "params": 5865.0, "params_std": 0.0, "time_iter": 0.06739, "time_iter_std": 0.0, "accuracy": 0.7556, "accuracy_std": 0.0, "precision": 0.75238, "precision_std": 0.0, "recall": 0.7655, "recall_std": 0.0, "f1": 0.75889, "f1_std": 0.0, "auc": 0.83207, "auc_std": 0.0}
{"epoch": 57, "time_epoch": 8.97802, "time_epoch_std": 0.0, "eta": 414.73236, "eta_std": 0.0, "eta_hours": 0.1152, "eta_hours_std": 0.0, "loss": 0.51155, "loss_std": 0.0, "lr": 0.00039, "lr_std": 0.0, "params": 5865.0, "params_std": 0.0, "time_iter": 0.0696, "time_iter_std": 0.0, "accuracy": 0.74245, "accuracy_std": 0.0, "precision": 0.74159, "precision_std": 0.0, "recall": 0.74806, "recall_std": 0.0, "f1": 0.74481, "f1_std": 0.0, "auc": 0.82625, "auc_std": 0.0}
{"epoch": 58, "time_epoch": 10.00653, "time_epoch_std": 0.0, "eta": 404.94948, "eta_std": 0.0, "eta_hours": 0.11249, "eta_hours_std": 0.0, "loss": 0.50519, "loss_std": 0.0, "lr": 0.00038, "lr_std": 0.0, "params": 5865.0, "params_std": 0.0, "time_iter": 0.07757, "time_iter_std": 0.0, "accuracy": 0.74051, "accuracy_std": 0.0, "precision": 0.73605, "precision_std": 0.0, "recall": 0.75388, "recall_std": 0.0, "f1": 0.74485, "f1_std": 0.0, "auc": 0.82963, "auc_std": 0.0}
{"epoch": 59, "time_epoch": 9.60309, "time_epoch_std": 0.0, "eta": 394.89018, "eta_std": 0.0, "eta_hours": 0.10969, "eta_hours_std": 0.0, "loss": 0.50984, "loss_std": 0.0, "lr": 0.00036, "lr_std": 0.0, "params": 5865.0, "params_std": 0.0, "time_iter": 0.07444, "time_iter_std": 0.0, "accuracy": 0.74732, "accuracy_std": 0.0, "precision": 0.74267, "precision_std": 0.0, "recall": 0.76066, "recall_std": 0.0, "f1": 0.75156, "f1_std": 0.0, "auc": 0.82785, "auc_std": 0.0}
{"epoch": 60, "time_epoch": 9.01505, "time_epoch_std": 0.0, "eta": 384.46987, "eta_std": 0.0, "eta_hours": 0.1068, "eta_hours_std": 0.0, "loss": 0.50671, "loss_std": 0.0, "lr": 0.00035, "lr_std": 0.0, "params": 5865.0, "params_std": 0.0, "time_iter": 0.06988, "time_iter_std": 0.0, "accuracy": 0.74489, "accuracy_std": 0.0, "precision": 0.75149, "precision_std": 0.0, "recall": 0.73547, "recall_std": 0.0, "f1": 0.74339, "f1_std": 0.0, "auc": 0.82943, "auc_std": 0.0}
{"epoch": 61, "time_epoch": 9.39017, "time_epoch_std": 0.0, "eta": 374.32481, "eta_std": 0.0, "eta_hours": 0.10398, "eta_hours_std": 0.0, "loss": 0.50264, "loss_std": 0.0, "lr": 0.00033, "lr_std": 0.0, "params": 5865.0, "params_std": 0.0, "time_iter": 0.07279, "time_iter_std": 0.0, "accuracy": 0.75463, "accuracy_std": 0.0, "precision": 0.75336, "precision_std": 0.0, "recall": 0.76066, "recall_std": 0.0, "f1": 0.75699, "f1_std": 0.0, "auc": 0.83303, "auc_std": 0.0}
{"epoch": 62, "time_epoch": 9.9174, "time_epoch_std": 0.0, "eta": 364.51335, "eta_std": 0.0, "eta_hours": 0.10125, "eta_hours_std": 0.0, "loss": 0.50571, "loss_std": 0.0, "lr": 0.00032, "lr_std": 0.0, "params": 5865.0, "params_std": 0.0, "time_iter": 0.07688, "time_iter_std": 0.0, "accuracy": 0.75755, "accuracy_std": 0.0, "precision": 0.75575, "precision_std": 0.0, "recall": 0.76453, "recall_std": 0.0, "f1": 0.76012, "f1_std": 0.0, "auc": 0.83122, "auc_std": 0.0}
{"epoch": 63, "time_epoch": 9.74085, "time_epoch_std": 0.0, "eta": 354.59928, "eta_std": 0.0, "eta_hours": 0.0985, "eta_hours_std": 0.0, "loss": 0.50585, "loss_std": 0.0, "lr": 0.0003, "lr_std": 0.0, "params": 5865.0, "params_std": 0.0, "time_iter": 0.07551, "time_iter_std": 0.0, "accuracy": 0.75706, "accuracy_std": 0.0, "precision": 0.75405, "precision_std": 0.0, "recall": 0.76647, "recall_std": 0.0, "f1": 0.76021, "f1_std": 0.0, "auc": 0.83198, "auc_std": 0.0}
{"epoch": 64, "time_epoch": 9.07788, "time_epoch_std": 0.0, "eta": 344.33356, "eta_std": 0.0, "eta_hours": 0.09565, "eta_hours_std": 0.0, "loss": 0.51321, "loss_std": 0.0, "lr": 0.00029, "lr_std": 0.0, "params": 5865.0, "params_std": 0.0, "time_iter": 0.07037, "time_iter_std": 0.0, "accuracy": 0.74684, "accuracy_std": 0.0, "precision": 0.74105, "precision_std": 0.0, "recall": 0.7626, "recall_std": 0.0, "f1": 0.75167, "f1_std": 0.0, "auc": 0.82573, "auc_std": 0.0}
{"epoch": 65, "time_epoch": 9.22406, "time_epoch_std": 0.0, "eta": 334.17913, "eta_std": 0.0, "eta_hours": 0.09283, "eta_hours_std": 0.0, "loss": 0.507, "loss_std": 0.0, "lr": 0.00027, "lr_std": 0.0, "params": 5865.0, "params_std": 0.0, "time_iter": 0.0715, "time_iter_std": 0.0, "accuracy": 0.75463, "accuracy_std": 0.0, "precision": 0.75385, "precision_std": 0.0, "recall": 0.75969, "recall_std": 0.0, "f1": 0.75676, "f1_std": 0.0, "auc": 0.83067, "auc_std": 0.0}
{"epoch": 66, "time_epoch": 9.27921, "time_epoch_std": 0.0, "eta": 324.07964, "eta_std": 0.0, "eta_hours": 0.09002, "eta_hours_std": 0.0, "loss": 0.50813, "loss_std": 0.0, "lr": 0.00026, "lr_std": 0.0, "params": 5865.0, "params_std": 0.0, "time_iter": 0.07193, "time_iter_std": 0.0, "accuracy": 0.74684, "accuracy_std": 0.0, "precision": 0.74427, "precision_std": 0.0, "recall": 0.75581, "recall_std": 0.0, "f1": 0.75, "f1_std": 0.0, "auc": 0.83007, "auc_std": 0.0}
{"epoch": 67, "time_epoch": 9.05775, "time_epoch_std": 0.0, "eta": 313.90006, "eta_std": 0.0, "eta_hours": 0.08719, "eta_hours_std": 0.0, "loss": 0.50574, "loss_std": 0.0, "lr": 0.00025, "lr_std": 0.0, "params": 5865.0, "params_std": 0.0, "time_iter": 0.07022, "time_iter_std": 0.0, "accuracy": 0.74489, "accuracy_std": 0.0, "precision": 0.73694, "precision_std": 0.0, "recall": 0.7655, "recall_std": 0.0, "f1": 0.75095, "f1_std": 0.0, "auc": 0.83086, "auc_std": 0.0}
{"epoch": 68, "time_epoch": 9.456, "time_epoch_std": 0.0, "eta": 303.93192, "eta_std": 0.0, "eta_hours": 0.08443, "eta_hours_std": 0.0, "loss": 0.50452, "loss_std": 0.0, "lr": 0.00023, "lr_std": 0.0, "params": 5865.0, "params_std": 0.0, "time_iter": 0.0733, "time_iter_std": 0.0, "accuracy": 0.74732, "accuracy_std": 0.0, "precision": 0.75073, "precision_std": 0.0, "recall": 0.74419, "recall_std": 0.0, "f1": 0.74745, "f1_std": 0.0, "auc": 0.83173, "auc_std": 0.0}
{"epoch": 69, "time_epoch": 8.83904, "time_epoch_std": 0.0, "eta": 293.714, "eta_std": 0.0, "eta_hours": 0.08159, "eta_hours_std": 0.0, "loss": 0.50608, "loss_std": 0.0, "lr": 0.00022, "lr_std": 0.0, "params": 5865.0, "params_std": 0.0, "time_iter": 0.06852, "time_iter_std": 0.0, "accuracy": 0.7483, "accuracy_std": 0.0, "precision": 0.74641, "precision_std": 0.0, "recall": 0.75581, "recall_std": 0.0, "f1": 0.75108, "f1_std": 0.0, "auc": 0.83136, "auc_std": 0.0}
{"epoch": 70, "time_epoch": 10.1026, "time_epoch_std": 0.0, "eta": 284.05103, "eta_std": 0.0, "eta_hours": 0.0789, "eta_hours_std": 0.0, "loss": 0.49609, "loss_std": 0.0, "lr": 0.00021, "lr_std": 0.0, "params": 5865.0, "params_std": 0.0, "time_iter": 0.07831, "time_iter_std": 0.0, "accuracy": 0.76144, "accuracy_std": 0.0, "precision": 0.76158, "precision_std": 0.0, "recall": 0.76453, "recall_std": 0.0, "f1": 0.76306, "f1_std": 0.0, "auc": 0.83853, "auc_std": 0.0}
{"epoch": 71, "time_epoch": 9.02863, "time_epoch_std": 0.0, "eta": 273.95819, "eta_std": 0.0, "eta_hours": 0.0761, "eta_hours_std": 0.0, "loss": 0.50427, "loss_std": 0.0, "lr": 0.00019, "lr_std": 0.0, "params": 5865.0, "params_std": 0.0, "time_iter": 0.06999, "time_iter_std": 0.0, "accuracy": 0.75852, "accuracy_std": 0.0, "precision": 0.75524, "precision_std": 0.0, "recall": 0.76841, "recall_std": 0.0, "f1": 0.76177, "f1_std": 0.0, "auc": 0.83411, "auc_std": 0.0}
{"epoch": 72, "time_epoch": 9.8968, "time_epoch_std": 0.0, "eta": 264.2156, "eta_std": 0.0, "eta_hours": 0.07339, "eta_hours_std": 0.0, "loss": 0.49481, "loss_std": 0.0, "lr": 0.00018, "lr_std": 0.0, "params": 5865.0, "params_std": 0.0, "time_iter": 0.07672, "time_iter_std": 0.0, "accuracy": 0.75511, "accuracy_std": 0.0, "precision": 0.75855, "precision_std": 0.0, "recall": 0.75194, "recall_std": 0.0, "f1": 0.75523, "f1_std": 0.0, "auc": 0.83887, "auc_std": 0.0}
{"epoch": 73, "time_epoch": 9.73829, "time_epoch_std": 0.0, "eta": 254.41316, "eta_std": 0.0, "eta_hours": 0.07067, "eta_hours_std": 0.0, "loss": 0.51064, "loss_std": 0.0, "lr": 0.00017, "lr_std": 0.0, "params": 5865.0, "params_std": 0.0, "time_iter": 0.07549, "time_iter_std": 0.0, "accuracy": 0.75511, "accuracy_std": 0.0, "precision": 0.75167, "precision_std": 0.0, "recall": 0.7655, "recall_std": 0.0, "f1": 0.75852, "f1_std": 0.0, "auc": 0.82766, "auc_std": 0.0}
{"epoch": 74, "time_epoch": 9.35622, "time_epoch_std": 0.0, "eta": 244.48507, "eta_std": 0.0, "eta_hours": 0.06791, "eta_hours_std": 0.0, "loss": 0.50487, "loss_std": 0.0, "lr": 0.00016, "lr_std": 0.0, "params": 5865.0, "params_std": 0.0, "time_iter": 0.07253, "time_iter_std": 0.0, "accuracy": 0.76095, "accuracy_std": 0.0, "precision": 0.75737, "precision_std": 0.0, "recall": 0.77132, "recall_std": 0.0, "f1": 0.76428, "f1_std": 0.0, "auc": 0.83204, "auc_std": 0.0}
{"epoch": 75, "time_epoch": 9.03367, "time_epoch_std": 0.0, "eta": 234.47017, "eta_std": 0.0, "eta_hours": 0.06513, "eta_hours_std": 0.0, "loss": 0.50025, "loss_std": 0.0, "lr": 0.00015, "lr_std": 0.0, "params": 5865.0, "params_std": 0.0, "time_iter": 0.07003, "time_iter_std": 0.0, "accuracy": 0.75414, "accuracy_std": 0.0, "precision": 0.7541, "precision_std": 0.0, "recall": 0.75775, "recall_std": 0.0, "f1": 0.75592, "f1_std": 0.0, "auc": 0.83482, "auc_std": 0.0}
{"epoch": 76, "time_epoch": 10.31082, "time_epoch_std": 0.0, "eta": 224.86225, "eta_std": 0.0, "eta_hours": 0.06246, "eta_hours_std": 0.0, "loss": 0.49942, "loss_std": 0.0, "lr": 0.00014, "lr_std": 0.0, "params": 5865.0, "params_std": 0.0, "time_iter": 0.07993, "time_iter_std": 0.0, "accuracy": 0.76095, "accuracy_std": 0.0, "precision": 0.75786, "precision_std": 0.0, "recall": 0.77035, "recall_std": 0.0, "f1": 0.76406, "f1_std": 0.0, "auc": 0.83567, "auc_std": 0.0}
{"epoch": 77, "time_epoch": 9.53858, "time_epoch_std": 0.0, "eta": 215.01849, "eta_std": 0.0, "eta_hours": 0.05973, "eta_hours_std": 0.0, "loss": 0.49888, "loss_std": 0.0, "lr": 0.00012, "lr_std": 0.0, "params": 5865.0, "params_std": 0.0, "time_iter": 0.07394, "time_iter_std": 0.0, "accuracy": 0.75657, "accuracy_std": 0.0, "precision": 0.75382, "precision_std": 0.0, "recall": 0.7655, "recall_std": 0.0, "f1": 0.75962, "f1_std": 0.0, "auc": 0.83653, "auc_std": 0.0}
{"epoch": 78, "time_epoch": 10.06513, "time_epoch_std": 0.0, "eta": 205.32243, "eta_std": 0.0, "eta_hours": 0.05703, "eta_hours_std": 0.0, "loss": 0.50471, "loss_std": 0.0, "lr": 0.00011, "lr_std": 0.0, "params": 5865.0, "params_std": 0.0, "time_iter": 0.07802, "time_iter_std": 0.0, "accuracy": 0.75852, "accuracy_std": 0.0, "precision": 0.75094, "precision_std": 0.0, "recall": 0.77713, "recall_std": 0.0, "f1": 0.76381, "f1_std": 0.0, "auc": 0.83265, "auc_std": 0.0}
{"epoch": 79, "time_epoch": 9.42882, "time_epoch_std": 0.0, "eta": 195.45806, "eta_std": 0.0, "eta_hours": 0.05429, "eta_hours_std": 0.0, "loss": 0.4994, "loss_std": 0.0, "lr": 0.0001, "lr_std": 0.0, "params": 5865.0, "params_std": 0.0, "time_iter": 0.07309, "time_iter_std": 0.0, "accuracy": 0.76193, "accuracy_std": 0.0, "precision": 0.75735, "precision_std": 0.0, "recall": 0.77422, "recall_std": 0.0, "f1": 0.76569, "f1_std": 0.0, "auc": 0.83728, "auc_std": 0.0}
{"epoch": 80, "time_epoch": 9.526, "time_epoch_std": 0.0, "eta": 185.62724, "eta_std": 0.0, "eta_hours": 0.05156, "eta_hours_std": 0.0, "loss": 0.49855, "loss_std": 0.0, "lr": 0.0001, "lr_std": 0.0, "params": 5865.0, "params_std": 0.0, "time_iter": 0.07384, "time_iter_std": 0.0, "accuracy": 0.75852, "accuracy_std": 0.0, "precision": 0.75047, "precision_std": 0.0, "recall": 0.7781, "recall_std": 0.0, "f1": 0.76403, "f1_std": 0.0, "auc": 0.83878, "auc_std": 0.0}
{"epoch": 81, "time_epoch": 9.32957, "time_epoch_std": 0.0, "eta": 175.76074, "eta_std": 0.0, "eta_hours": 0.04882, "eta_hours_std": 0.0, "loss": 0.50238, "loss_std": 0.0, "lr": 9e-05, "lr_std": 0.0, "params": 5865.0, "params_std": 0.0, "time_iter": 0.07232, "time_iter_std": 0.0, "accuracy": 0.75268, "accuracy_std": 0.0, "precision": 0.75241, "precision_std": 0.0, "recall": 0.75678, "recall_std": 0.0, "f1": 0.75459, "f1_std": 0.0, "auc": 0.8342, "auc_std": 0.0}
{"epoch": 82, "time_epoch": 9.88257, "time_epoch_std": 0.0, "eta": 166.02044, "eta_std": 0.0, "eta_hours": 0.04612, "eta_hours_std": 0.0, "loss": 0.49609, "loss_std": 0.0, "lr": 8e-05, "lr_std": 0.0, "params": 5865.0, "params_std": 0.0, "time_iter": 0.07661, "time_iter_std": 0.0, "accuracy": 0.76241, "accuracy_std": 0.0, "precision": 0.76306, "precision_std": 0.0, "recall": 0.76453, "recall_std": 0.0, "f1": 0.76379, "f1_std": 0.0, "auc": 0.84002, "auc_std": 0.0}
{"epoch": 83, "time_epoch": 9.2335, "time_epoch_std": 0.0, "eta": 156.15312, "eta_std": 0.0, "eta_hours": 0.04338, "eta_hours_std": 0.0, "loss": 0.49614, "loss_std": 0.0, "lr": 7e-05, "lr_std": 0.0, "params": 5865.0, "params_std": 0.0, "time_iter": 0.07158, "time_iter_std": 0.0, "accuracy": 0.75219, "accuracy_std": 0.0, "precision": 0.7428, "precision_std": 0.0, "recall": 0.77519, "recall_std": 0.0, "f1": 0.75865, "f1_std": 0.0, "auc": 0.83784, "auc_std": 0.0}
{"epoch": 84, "time_epoch": 9.70243, "time_epoch_std": 0.0, "eta": 146.38347, "eta_std": 0.0, "eta_hours": 0.04066, "eta_hours_std": 0.0, "loss": 0.50047, "loss_std": 0.0, "lr": 6e-05, "lr_std": 0.0, "params": 5865.0, "params_std": 0.0, "time_iter": 0.07521, "time_iter_std": 0.0, "accuracy": 0.74635, "accuracy_std": 0.0, "precision": 0.7431, "precision_std": 0.0, "recall": 0.75678, "recall_std": 0.0, "f1": 0.74988, "f1_std": 0.0, "auc": 0.83521, "auc_std": 0.0}
{"epoch": 85, "time_epoch": 9.23031, "time_epoch_std": 0.0, "eta": 136.53852, "eta_std": 0.0, "eta_hours": 0.03793, "eta_hours_std": 0.0, "loss": 0.4962, "loss_std": 0.0, "lr": 5e-05, "lr_std": 0.0, "params": 5865.0, "params_std": 0.0, "time_iter": 0.07155, "time_iter_std": 0.0, "accuracy": 0.75998, "accuracy_std": 0.0, "precision": 0.75401, "precision_std": 0.0, "recall": 0.77519, "recall_std": 0.0, "f1": 0.76445, "f1_std": 0.0, "auc": 0.8376, "auc_std": 0.0}
{"epoch": 86, "time_epoch": 9.58368, "time_epoch_std": 0.0, "eta": 126.76051, "eta_std": 0.0, "eta_hours": 0.03521, "eta_hours_std": 0.0, "loss": 0.49505, "loss_std": 0.0, "lr": 5e-05, "lr_std": 0.0, "params": 5865.0, "params_std": 0.0, "time_iter": 0.07429, "time_iter_std": 0.0, "accuracy": 0.76388, "accuracy_std": 0.0, "precision": 0.75778, "precision_std": 0.0, "recall": 0.77907, "recall_std": 0.0, "f1": 0.76828, "f1_std": 0.0, "auc": 0.83875, "auc_std": 0.0}
{"epoch": 87, "time_epoch": 9.43896, "time_epoch_std": 0.0, "eta": 116.96717, "eta_std": 0.0, "eta_hours": 0.03249, "eta_hours_std": 0.0, "loss": 0.4948, "loss_std": 0.0, "lr": 4e-05, "lr_std": 0.0, "params": 5865.0, "params_std": 0.0, "time_iter": 0.07317, "time_iter_std": 0.0, "accuracy": 0.75901, "accuracy_std": 0.0, "precision": 0.75596, "precision_std": 0.0, "recall": 0.76841, "recall_std": 0.0, "f1": 0.76213, "f1_std": 0.0, "auc": 0.84013, "auc_std": 0.0}
{"epoch": 88, "time_epoch": 9.21931, "time_epoch_std": 0.0, "eta": 107.15466, "eta_std": 0.0, "eta_hours": 0.02977, "eta_hours_std": 0.0, "loss": 0.50416, "loss_std": 0.0, "lr": 4e-05, "lr_std": 0.0, "params": 5865.0, "params_std": 0.0, "time_iter": 0.07147, "time_iter_std": 0.0, "accuracy": 0.75949, "accuracy_std": 0.0, "precision": 0.75522, "precision_std": 0.0, "recall": 0.77132, "recall_std": 0.0, "f1": 0.76318, "f1_std": 0.0, "auc": 0.83325, "auc_std": 0.0}
{"epoch": 89, "time_epoch": 9.30465, "time_epoch_std": 0.0, "eta": 97.3648, "eta_std": 0.0, "eta_hours": 0.02705, "eta_hours_std": 0.0, "loss": 0.49594, "loss_std": 0.0, "lr": 3e-05, "lr_std": 0.0, "params": 5865.0, "params_std": 0.0, "time_iter": 0.07213, "time_iter_std": 0.0, "accuracy": 0.76144, "accuracy_std": 0.0, "precision": 0.75614, "precision_std": 0.0, "recall": 0.77519, "recall_std": 0.0, "f1": 0.76555, "f1_std": 0.0, "auc": 0.83938, "auc_std": 0.0}
{"epoch": 90, "time_epoch": 9.28877, "time_epoch_std": 0.0, "eta": 87.58404, "eta_std": 0.0, "eta_hours": 0.02433, "eta_hours_std": 0.0, "loss": 0.49855, "loss_std": 0.0, "lr": 2e-05, "lr_std": 0.0, "params": 5865.0, "params_std": 0.0, "time_iter": 0.07201, "time_iter_std": 0.0, "accuracy": 0.75414, "accuracy_std": 0.0, "precision": 0.75119, "precision_std": 0.0, "recall": 0.76357, "recall_std": 0.0, "f1": 0.75733, "f1_std": 0.0, "auc": 0.8369, "auc_std": 0.0}
{"epoch": 91, "time_epoch": 9.66351, "time_epoch_std": 0.0, "eta": 77.84657, "eta_std": 0.0, "eta_hours": 0.02162, "eta_hours_std": 0.0, "loss": 0.49645, "loss_std": 0.0, "lr": 2e-05, "lr_std": 0.0, "params": 5865.0, "params_std": 0.0, "time_iter": 0.07491, "time_iter_std": 0.0, "accuracy": 0.76144, "accuracy_std": 0.0, "precision": 0.76058, "precision_std": 0.0, "recall": 0.76647, "recall_std": 0.0, "f1": 0.76351, "f1_std": 0.0, "auc": 0.83789, "auc_std": 0.0}
{"epoch": 92, "time_epoch": 9.56106, "time_epoch_std": 0.0, "eta": 68.10297, "eta_std": 0.0, "eta_hours": 0.01892, "eta_hours_std": 0.0, "loss": 0.49538, "loss_std": 0.0, "lr": 2e-05, "lr_std": 0.0, "params": 5865.0, "params_std": 0.0, "time_iter": 0.07412, "time_iter_std": 0.0, "accuracy": 0.75122, "accuracy_std": 0.0, "precision": 0.74414, "precision_std": 0.0, "recall": 0.76938, "recall_std": 0.0, "f1": 0.75655, "f1_std": 0.0, "auc": 0.83738, "auc_std": 0.0}
{"epoch": 93, "time_epoch": 9.06646, "time_epoch_std": 0.0, "eta": 58.33168, "eta_std": 0.0, "eta_hours": 0.0162, "eta_hours_std": 0.0, "loss": 0.50852, "loss_std": 0.0, "lr": 1e-05, "lr_std": 0.0, "params": 5865.0, "params_std": 0.0, "time_iter": 0.07028, "time_iter_std": 0.0, "accuracy": 0.75073, "accuracy_std": 0.0, "precision": 0.74575, "precision_std": 0.0, "recall": 0.76453, "recall_std": 0.0, "f1": 0.75502, "f1_std": 0.0, "auc": 0.82844, "auc_std": 0.0}
{"epoch": 94, "time_epoch": 9.45995, "time_epoch_std": 0.0, "eta": 48.59595, "eta_std": 0.0, "eta_hours": 0.0135, "eta_hours_std": 0.0, "loss": 0.50533, "loss_std": 0.0, "lr": 1e-05, "lr_std": 0.0, "params": 5865.0, "params_std": 0.0, "time_iter": 0.07333, "time_iter_std": 0.0, "accuracy": 0.7517, "accuracy_std": 0.0, "precision": 0.74438, "precision_std": 0.0, "recall": 0.77035, "recall_std": 0.0, "f1": 0.75714, "f1_std": 0.0, "auc": 0.83228, "auc_std": 0.0}
{"epoch": 95, "time_epoch": 10.14776, "time_epoch_std": 0.0, "eta": 38.89461, "eta_std": 0.0, "eta_hours": 0.0108, "eta_hours_std": 0.0, "loss": 0.49063, "loss_std": 0.0, "lr": 1e-05, "lr_std": 0.0, "params": 5865.0, "params_std": 0.0, "time_iter": 0.07866, "time_iter_std": 0.0, "accuracy": 0.75803, "accuracy_std": 0.0, "precision": 0.75355, "precision_std": 0.0, "recall": 0.77035, "recall_std": 0.0, "f1": 0.76186, "f1_std": 0.0, "auc": 0.84227, "auc_std": 0.0}
{"epoch": 96, "time_epoch": 9.07688, "time_epoch_std": 0.0, "eta": 29.15096, "eta_std": 0.0, "eta_hours": 0.0081, "eta_hours_std": 0.0, "loss": 0.497, "loss_std": 0.0, "lr": 0.0, "lr_std": 0.0, "params": 5865.0, "params_std": 0.0, "time_iter": 0.07036, "time_iter_std": 0.0, "accuracy": 0.76436, "accuracy_std": 0.0, "precision": 0.76145, "precision_std": 0.0, "recall": 0.77326, "recall_std": 0.0, "f1": 0.76731, "f1_std": 0.0, "auc": 0.83763, "auc_std": 0.0}
{"epoch": 97, "time_epoch": 9.63706, "time_epoch_std": 0.0, "eta": 19.43234, "eta_std": 0.0, "eta_hours": 0.0054, "eta_hours_std": 0.0, "loss": 0.50125, "loss_std": 0.0, "lr": 0.0, "lr_std": 0.0, "params": 5865.0, "params_std": 0.0, "time_iter": 0.07471, "time_iter_std": 0.0, "accuracy": 0.75803, "accuracy_std": 0.0, "precision": 0.75307, "precision_std": 0.0, "recall": 0.77132, "recall_std": 0.0, "f1": 0.76209, "f1_std": 0.0, "auc": 0.8353, "auc_std": 0.0}
{"epoch": 98, "time_epoch": 9.04866, "time_epoch_std": 0.0, "eta": 9.70943, "eta_std": 0.0, "eta_hours": 0.0027, "eta_hours_std": 0.0, "loss": 0.49647, "loss_std": 0.0, "lr": 0.0, "lr_std": 0.0, "params": 5865.0, "params_std": 0.0, "time_iter": 0.07014, "time_iter_std": 0.0, "accuracy": 0.75852, "accuracy_std": 0.0, "precision": 0.75188, "precision_std": 0.0, "recall": 0.77519, "recall_std": 0.0, "f1": 0.76336, "f1_std": 0.0, "auc": 0.8369, "auc_std": 0.0}
{"epoch": 99, "time_epoch": 9.47557, "time_epoch_std": 0.0, "eta": 0.0, "eta_std": 0.0, "eta_hours": 0.0, "eta_hours_std": 0.0, "loss": 0.49414, "loss_std": 0.0, "lr": 0.0, "lr_std": 0.0, "params": 5865.0, "params_std": 0.0, "time_iter": 0.07345, "time_iter_std": 0.0, "accuracy": 0.76339, "accuracy_std": 0.0, "precision": 0.75852, "precision_std": 0.0, "recall": 0.77616, "recall_std": 0.0, "f1": 0.76724, "f1_std": 0.0, "auc": 0.84017, "auc_std": 0.0}
