{"epoch": 0, "time_epoch": 38.6482, "eta": 3826.17187, "eta_hours": 1.06283, "loss": 0.65781451, "lr": 0.001, "params": 6759, "time_iter": 0.07519, "accuracy": 0.61003, "precision": 0.62327, "recall": 0.56589, "f1": 0.59319, "auc": 0.65642}
{"epoch": 1, "time_epoch": 22.45501, "eta": 2994.05732, "eta_hours": 0.83168, "loss": 0.64516323, "lr": 0.00099975, "params": 6759, "time_iter": 0.04369, "accuracy": 0.64167, "precision": 0.63962, "recall": 0.65698, "f1": 0.64818, "auc": 0.67986}
{"epoch": 2, "time_epoch": 22.40753, "eta": 2700.18076, "eta_hours": 0.75005, "loss": 0.64045072, "lr": 0.00099901, "params": 6759, "time_iter": 0.04359, "accuracy": 0.65433, "precision": 0.65661, "recall": 0.65407, "f1": 0.65534, "auc": 0.68592}
{"epoch": 3, "time_epoch": 22.3903, "eta": 2541.62517, "eta_hours": 0.70601, "loss": 0.6525681, "lr": 0.00099778, "params": 6759, "time_iter": 0.04356, "accuracy": 0.64508, "precision": 0.64956, "recall": 0.6376, "f1": 0.64352, "auc": 0.66598}
{"epoch": 4, "time_epoch": 22.39465, "eta": 2437.61836, "eta_hours": 0.67712, "loss": 0.64244931, "lr": 0.00099606, "params": 6759, "time_iter": 0.04357, "accuracy": 0.64752, "precision": 0.64836, "recall": 0.65213, "f1": 0.65024, "auc": 0.68243}
{"epoch": 5, "time_epoch": 22.36943, "eta": 2360.42037, "eta_hours": 0.65567, "loss": 0.64616296, "lr": 0.00099384, "params": 6759, "time_iter": 0.04352, "accuracy": 0.63437, "precision": 0.63549, "recall": 0.63857, "f1": 0.63702, "auc": 0.67753}
{"epoch": 6, "time_epoch": 22.36088, "eta": 2298.77415, "eta_hours": 0.63855, "loss": 0.64095821, "lr": 0.00099114, "params": 6759, "time_iter": 0.0435, "accuracy": 0.64654, "precision": 0.64768, "recall": 0.65019, "f1": 0.64894, "auc": 0.68701}
{"epoch": 7, "time_epoch": 22.37667, "eta": 2247.13083, "eta_hours": 0.6242, "loss": 0.64145026, "lr": 0.00098796, "params": 6759, "time_iter": 0.04353, "accuracy": 0.64362, "precision": 0.64286, "recall": 0.65407, "f1": 0.64841, "auc": 0.68401}
{"epoch": 8, "time_epoch": 22.35973, "eta": 2201.81995, "eta_hours": 0.61162, "loss": 0.63892103, "lr": 0.00098429, "params": 6759, "time_iter": 0.0435, "accuracy": 0.65287, "precision": 0.6492, "recall": 0.67248, "f1": 0.66064, "auc": 0.68926}
{"epoch": 9, "time_epoch": 22.34684, "eta": 2160.9833, "eta_hours": 0.60027, "loss": 0.63502456, "lr": 0.00098015, "params": 6759, "time_iter": 0.04348, "accuracy": 0.65628, "precision": 0.67015, "recall": 0.62209, "f1": 0.64523, "auc": 0.69523}
{"epoch": 10, "time_epoch": 22.36262, "eta": 2123.63609, "eta_hours": 0.5899, "loss": 0.63531552, "lr": 0.00097553, "params": 6759, "time_iter": 0.04351, "accuracy": 0.6519, "precision": 0.65803, "recall": 0.63953, "f1": 0.64865, "auc": 0.6954}
{"epoch": 11, "time_epoch": 22.35907, "eta": 2088.76029, "eta_hours": 0.58021, "loss": 0.63323107, "lr": 0.00097044, "params": 6759, "time_iter": 0.0435, "accuracy": 0.65336, "precision": 0.65779, "recall": 0.64632, "f1": 0.652, "auc": 0.69579}
{"epoch": 12, "time_epoch": 22.33315, "eta": 2055.63667, "eta_hours": 0.57101, "loss": 0.62730057, "lr": 0.00096489, "params": 6759, "time_iter": 0.04345, "accuracy": 0.64703, "precision": 0.64413, "recall": 0.66473, "f1": 0.65427, "auc": 0.70522}
{"epoch": 13, "time_epoch": 22.36304, "eta": 2024.23813, "eta_hours": 0.56229, "loss": 0.63144338, "lr": 0.00095888, "params": 6759, "time_iter": 0.04351, "accuracy": 0.64265, "precision": 0.64299, "recall": 0.64922, "f1": 0.64609, "auc": 0.69813}
{"epoch": 14, "time_epoch": 22.35961, "eta": 1994.02489, "eta_hours": 0.5539, "loss": 0.62933443, "lr": 0.00095241, "params": 6759, "time_iter": 0.0435, "accuracy": 0.65385, "precision": 0.66066, "recall": 0.63953, "f1": 0.64993, "auc": 0.71036}
{"epoch": 15, "time_epoch": 22.34573, "eta": 1964.72048, "eta_hours": 0.54576, "loss": 0.61830544, "lr": 0.0009455, "params": 6759, "time_iter": 0.04347, "accuracy": 0.66407, "precision": 0.66193, "recall": 0.67733, "f1": 0.66954, "auc": 0.72183}
{"epoch": 16, "time_epoch": 22.3575, "eta": 1936.29224, "eta_hours": 0.53786, "loss": 0.61070731, "lr": 0.00093815, "params": 6759, "time_iter": 0.0435, "accuracy": 0.67965, "precision": 0.6805, "recall": 0.68314, "f1": 0.68182, "auc": 0.73291}
{"epoch": 17, "time_epoch": 22.34219, "eta": 1908.46878, "eta_hours": 0.53013, "loss": 0.61042132, "lr": 0.00093037, "params": 6759, "time_iter": 0.04347, "accuracy": 0.68354, "precision": 0.68436, "recall": 0.68702, "f1": 0.68569, "auc": 0.73688}
{"epoch": 18, "time_epoch": 26.40779, "eta": 1898.55455, "eta_hours": 0.52738, "loss": 0.61236563, "lr": 0.00092216, "params": 6759, "time_iter": 0.05138, "accuracy": 0.67916, "precision": 0.68411, "recall": 0.67151, "f1": 0.67775, "auc": 0.73708}
{"epoch": 19, "time_epoch": 27.15391, "eta": 1889.97546, "eta_hours": 0.52499, "loss": 0.60948639, "lr": 0.00091354, "params": 6759, "time_iter": 0.05283, "accuracy": 0.68549, "precision": 0.67937, "recall": 0.70833, "f1": 0.69355, "auc": 0.74067}
{"epoch": 20, "time_epoch": 22.36174, "eta": 1861.59966, "eta_hours": 0.51711, "loss": 0.611771, "lr": 0.00090451, "params": 6759, "time_iter": 0.04351, "accuracy": 0.70107, "precision": 0.71111, "recall": 0.68217, "f1": 0.69634, "auc": 0.74676}
{"epoch": 21, "time_epoch": 22.37473, "eta": 1833.81663, "eta_hours": 0.50939, "loss": 0.60957173, "lr": 0.00089508, "params": 6759, "time_iter": 0.04353, "accuracy": 0.68208, "precision": 0.67962, "recall": 0.69477, "f1": 0.68711, "auc": 0.74897}
{"epoch": 22, "time_epoch": 22.36662, "eta": 1806.47675, "eta_hours": 0.5018, "loss": 0.61120241, "lr": 0.00088526, "params": 6759, "time_iter": 0.04351, "accuracy": 0.68841, "precision": 0.69329, "recall": 0.6812, "f1": 0.68719, "auc": 0.74888}
{"epoch": 23, "time_epoch": 22.39644, "eta": 1779.64572, "eta_hours": 0.49435, "loss": 0.6010868, "lr": 0.00087506, "params": 6759, "time_iter": 0.04357, "accuracy": 0.70204, "precision": 0.70508, "recall": 0.69961, "f1": 0.70233, "auc": 0.76278}
{"epoch": 24, "time_epoch": 22.34398, "eta": 1753.0121, "eta_hours": 0.48695, "loss": 0.5926744, "lr": 0.00086448, "params": 6759, "time_iter": 0.04347, "accuracy": 0.70691, "precision": 0.7112, "recall": 0.70155, "f1": 0.70634, "auc": 0.77408}
{"epoch": 25, "time_epoch": 22.36674, "eta": 1726.77324, "eta_hours": 0.47966, "loss": 0.58508749, "lr": 0.00085355, "params": 6759, "time_iter": 0.04352, "accuracy": 0.71373, "precision": 0.71722, "recall": 0.71027, "f1": 0.71373, "auc": 0.77645}
{"epoch": 26, "time_epoch": 22.35436, "eta": 1700.78771, "eta_hours": 0.47244, "loss": 0.58419179, "lr": 0.00084227, "params": 6759, "time_iter": 0.04349, "accuracy": 0.71032, "precision": 0.7103, "recall": 0.71512, "f1": 0.7127, "auc": 0.77954}
{"epoch": 27, "time_epoch": 22.32271, "eta": 1674.98017, "eta_hours": 0.46527, "loss": 0.57538595, "lr": 0.00083066, "params": 6759, "time_iter": 0.04343, "accuracy": 0.71811, "precision": 0.72228, "recall": 0.71318, "f1": 0.7177, "auc": 0.78671}
{"epoch": 28, "time_epoch": 22.34819, "eta": 1649.47535, "eta_hours": 0.45819, "loss": 0.57304256, "lr": 0.00081871, "params": 6759, "time_iter": 0.04348, "accuracy": 0.71178, "precision": 0.72, "recall": 0.69767, "f1": 0.70866, "auc": 0.78531}
{"epoch": 29, "time_epoch": 22.33726, "eta": 1624.15546, "eta_hours": 0.45115, "loss": 0.57652149, "lr": 0.00080645, "params": 6759, "time_iter": 0.04346, "accuracy": 0.73612, "precision": 0.74402, "recall": 0.72384, "f1": 0.73379, "auc": 0.80245}
{"epoch": 30, "time_epoch": 22.35837, "eta": 1599.07499, "eta_hours": 0.44419, "loss": 0.5701055, "lr": 0.00079389, "params": 6759, "time_iter": 0.0435, "accuracy": 0.7186, "precision": 0.71215, "recall": 0.73837, "f1": 0.72502, "auc": 0.79639}
{"epoch": 31, "time_epoch": 22.33303, "eta": 1574.1108, "eta_hours": 0.43725, "loss": 0.57943183, "lr": 0.00078104, "params": 6759, "time_iter": 0.04345, "accuracy": 0.72152, "precision": 0.72158, "recall": 0.72578, "f1": 0.72367, "auc": 0.79515}
{"epoch": 32, "time_epoch": 22.33471, "eta": 1549.3095, "eta_hours": 0.43036, "loss": 0.56293926, "lr": 0.00076791, "params": 6759, "time_iter": 0.04345, "accuracy": 0.72639, "precision": 0.73267, "recall": 0.71705, "f1": 0.72478, "auc": 0.80055}
{"epoch": 33, "time_epoch": 22.36773, "eta": 1524.71737, "eta_hours": 0.42353, "loss": 0.55708764, "lr": 0.00075452, "params": 6759, "time_iter": 0.04352, "accuracy": 0.73661, "precision": 0.74924, "recall": 0.71512, "f1": 0.73178, "auc": 0.80506}
{"epoch": 34, "time_epoch": 22.85133, "eta": 1501.15048, "eta_hours": 0.41699, "loss": 0.56359142, "lr": 0.00074088, "params": 6759, "time_iter": 0.04446, "accuracy": 0.73028, "precision": 0.73249, "recall": 0.72965, "f1": 0.73107, "auc": 0.80377}
{"epoch": 35, "time_epoch": 26.97237, "eta": 1484.94964, "eta_hours": 0.41249, "loss": 0.56653931, "lr": 0.000727, "params": 6759, "time_iter": 0.05248, "accuracy": 0.73126, "precision": 0.73904, "recall": 0.71899, "f1": 0.72888, "auc": 0.80329}
{"epoch": 36, "time_epoch": 26.92659, "eta": 1468.0886, "eta_hours": 0.4078, "loss": 0.56721632, "lr": 0.00071289, "params": 6759, "time_iter": 0.05239, "accuracy": 0.72639, "precision": 0.72467, "recall": 0.7345, "f1": 0.72955, "auc": 0.80198}
{"epoch": 37, "time_epoch": 27.00081, "eta": 1450.81888, "eta_hours": 0.40301, "loss": 0.56221701, "lr": 0.00069857, "params": 6759, "time_iter": 0.05253, "accuracy": 0.73126, "precision": 0.74742, "recall": 0.70252, "f1": 0.72428, "auc": 0.80433}
{"epoch": 38, "time_epoch": 26.98449, "eta": 1433.02462, "eta_hours": 0.39806, "loss": 0.56303331, "lr": 0.00068406, "params": 6759, "time_iter": 0.0525, "accuracy": 0.73174, "precision": 0.73418, "recall": 0.73062, "f1": 0.73239, "auc": 0.80822}
{"epoch": 39, "time_epoch": 26.96932, "eta": 1414.74809, "eta_hours": 0.39299, "loss": 0.56177143, "lr": 0.00066937, "params": 6759, "time_iter": 0.05247, "accuracy": 0.72833, "precision": 0.72921, "recall": 0.73062, "f1": 0.72991, "auc": 0.80984}
{"epoch": 40, "time_epoch": 27.09242, "eta": 1396.22465, "eta_hours": 0.38784, "loss": 0.56546902, "lr": 0.00065451, "params": 6759, "time_iter": 0.05271, "accuracy": 0.73807, "precision": 0.74553, "recall": 0.72674, "f1": 0.73602, "auc": 0.80913}
{"epoch": 41, "time_epoch": 25.27738, "eta": 1374.78669, "eta_hours": 0.38189, "loss": 0.54992786, "lr": 0.0006395, "params": 6759, "time_iter": 0.04918, "accuracy": 0.73612, "precision": 0.7374, "recall": 0.7374, "f1": 0.7374, "auc": 0.81555}
{"epoch": 42, "time_epoch": 24.69266, "eta": 1352.39506, "eta_hours": 0.37567, "loss": 0.55264845, "lr": 0.00062434, "params": 6759, "time_iter": 0.04804, "accuracy": 0.73369, "precision": 0.7235, "recall": 0.76066, "f1": 0.74162, "auc": 0.81706}
{"epoch": 43, "time_epoch": 24.53141, "eta": 1329.6936, "eta_hours": 0.36936, "loss": 0.55785286, "lr": 0.00060907, "params": 6759, "time_iter": 0.04773, "accuracy": 0.73515, "precision": 0.74063, "recall": 0.72771, "f1": 0.73412, "auc": 0.81147}
{"epoch": 44, "time_epoch": 23.26603, "eta": 1305.36425, "eta_hours": 0.3626, "loss": 0.55528272, "lr": 0.00059369, "params": 6759, "time_iter": 0.04526, "accuracy": 0.74294, "precision": 0.73774, "recall": 0.75775, "f1": 0.74761, "auc": 0.81958}
{"epoch": 45, "time_epoch": 22.43596, "eta": 1280.10669, "eta_hours": 0.35559, "loss": 0.55590102, "lr": 0.00057822, "params": 6759, "time_iter": 0.04365, "accuracy": 0.73856, "precision": 0.7373, "recall": 0.74516, "f1": 0.7412, "auc": 0.81698}
{"epoch": 46, "time_epoch": 22.46668, "eta": 1255.00384, "eta_hours": 0.34861, "loss": 0.56543495, "lr": 0.00056267, "params": 6759, "time_iter": 0.04371, "accuracy": 0.74732, "precision": 0.74405, "recall": 0.75775, "f1": 0.75084, "auc": 0.81766}
{"epoch": 47, "time_epoch": 22.44287, "eta": 1229.98503, "eta_hours": 0.34166, "loss": 0.54090347, "lr": 0.00054705, "params": 6759, "time_iter": 0.04366, "accuracy": 0.74537, "precision": 0.74589, "recall": 0.74806, "f1": 0.74698, "auc": 0.8253}
{"epoch": 48, "time_epoch": 22.42583, "eta": 1205.05363, "eta_hours": 0.33474, "loss": 0.55072982, "lr": 0.0005314, "params": 6759, "time_iter": 0.04363, "accuracy": 0.74489, "precision": 0.7433, "recall": 0.75194, "f1": 0.74759, "auc": 0.82166}
{"epoch": 49, "time_epoch": 22.43267, "eta": 1180.2293, "eta_hours": 0.32784, "loss": 0.55335036, "lr": 0.00051571, "params": 6759, "time_iter": 0.04364, "accuracy": 0.73807, "precision": 0.74407, "recall": 0.72965, "f1": 0.73679, "auc": 0.81946}
{"epoch": 50, "time_epoch": 22.41717, "eta": 1155.48386, "eta_hours": 0.32097, "loss": 0.55535626, "lr": 0.0005, "params": 6759, "time_iter": 0.04361, "accuracy": 0.74732, "precision": 0.74783, "recall": 0.75, "f1": 0.74891, "auc": 0.82018}
{"epoch": 51, "time_epoch": 22.42844, "eta": 1130.83838, "eta_hours": 0.31412, "loss": 0.54682282, "lr": 0.00048429, "params": 6759, "time_iter": 0.04364, "accuracy": 0.75803, "precision": 0.75746, "recall": 0.7626, "f1": 0.76002, "auc": 0.82435}
{"epoch": 52, "time_epoch": 22.42938, "eta": 1106.27739, "eta_hours": 0.3073, "loss": 0.54192162, "lr": 0.0004686, "params": 6759, "time_iter": 0.04364, "accuracy": 0.75219, "precision": 0.75072, "recall": 0.75872, "f1": 0.7547, "auc": 0.82753}
{"epoch": 53, "time_epoch": 22.42143, "eta": 1081.78858, "eta_hours": 0.3005, "loss": 0.54424641, "lr": 0.00045295, "params": 6759, "time_iter": 0.04362, "accuracy": 0.75901, "precision": 0.75645, "recall": 0.76744, "f1": 0.7619, "auc": 0.83018}
{"epoch": 54, "time_epoch": 22.43282, "eta": 1057.38426, "eta_hours": 0.29372, "loss": 0.55168945, "lr": 0.00043733, "params": 6759, "time_iter": 0.04364, "accuracy": 0.75998, "precision": 0.75839, "recall": 0.76647, "f1": 0.76241, "auc": 0.83105}
{"epoch": 55, "time_epoch": 22.43482, "eta": 1033.05193, "eta_hours": 0.28696, "loss": 0.5471332, "lr": 0.00042178, "params": 6759, "time_iter": 0.04365, "accuracy": 0.76388, "precision": 0.76476, "recall": 0.7655, "f1": 0.76513, "auc": 0.83419}
{"epoch": 56, "time_epoch": 22.41737, "eta": 1008.773, "eta_hours": 0.28021, "loss": 0.5538898, "lr": 0.00040631, "params": 6759, "time_iter": 0.04361, "accuracy": 0.74635, "precision": 0.74218, "recall": 0.75872, "f1": 0.75036, "auc": 0.82751}
{"epoch": 57, "time_epoch": 22.44058, "eta": 984.57508, "eta_hours": 0.27349, "loss": 0.52468526, "lr": 0.00039093, "params": 6759, "time_iter": 0.04366, "accuracy": 0.7629, "precision": 0.76177, "recall": 0.76841, "f1": 0.76507, "auc": 0.83887}
{"epoch": 58, "time_epoch": 22.42864, "eta": 960.42843, "eta_hours": 0.26679, "loss": 0.52783465, "lr": 0.00037566, "params": 6759, "time_iter": 0.04364, "accuracy": 0.75901, "precision": 0.75942, "recall": 0.76163, "f1": 0.76052, "auc": 0.83678}
{"epoch": 59, "time_epoch": 22.39186, "eta": 936.31453, "eta_hours": 0.26009, "loss": 0.5411181, "lr": 0.0003605, "params": 6759, "time_iter": 0.04356, "accuracy": 0.74976, "precision": 0.75195, "recall": 0.74903, "f1": 0.75049, "auc": 0.83101}
{"epoch": 60, "time_epoch": 22.44583, "eta": 912.2916, "eta_hours": 0.25341, "loss": 0.54046026, "lr": 0.00034549, "params": 6759, "time_iter": 0.04367, "accuracy": 0.76047, "precision": 0.75763, "recall": 0.76938, "f1": 0.76346, "auc": 0.83293}
{"epoch": 61, "time_epoch": 22.40499, "eta": 888.29451, "eta_hours": 0.24675, "loss": 0.54417362, "lr": 0.00033063, "params": 6759, "time_iter": 0.04359, "accuracy": 0.75949, "precision": 0.76218, "recall": 0.75775, "f1": 0.75996, "auc": 0.83223}
{"epoch": 62, "time_epoch": 22.44006, "eta": 864.36856, "eta_hours": 0.2401, "loss": 0.54702096, "lr": 0.00031594, "params": 6759, "time_iter": 0.04366, "accuracy": 0.76241, "precision": 0.76204, "recall": 0.76647, "f1": 0.76425, "auc": 0.83276}
{"epoch": 63, "time_epoch": 22.41873, "eta": 840.47705, "eta_hours": 0.23347, "loss": 0.5247099, "lr": 0.00030143, "params": 6759, "time_iter": 0.04362, "accuracy": 0.7629, "precision": 0.75255, "recall": 0.78682, "f1": 0.7693, "auc": 0.83872}
{"epoch": 64, "time_epoch": 22.42166, "eta": 816.63243, "eta_hours": 0.22684, "loss": 0.53566463, "lr": 0.00028711, "params": 6759, "time_iter": 0.04362, "accuracy": 0.75755, "precision": 0.75284, "recall": 0.77035, "f1": 0.76149, "auc": 0.83382}
{"epoch": 65, "time_epoch": 22.44579, "eta": 792.84336, "eta_hours": 0.22023, "loss": 0.53119413, "lr": 0.000273, "params": 6759, "time_iter": 0.04367, "accuracy": 0.76241, "precision": 0.76255, "recall": 0.7655, "f1": 0.76402, "auc": 0.83992}
{"epoch": 66, "time_epoch": 22.26786, "eta": 769.00675, "eta_hours": 0.21361, "loss": 0.53678641, "lr": 0.00025912, "params": 6759, "time_iter": 0.04332, "accuracy": 0.76436, "precision": 0.75655, "recall": 0.78295, "f1": 0.76952, "auc": 0.83956}
{"epoch": 67, "time_epoch": 22.41439, "eta": 745.28523, "eta_hours": 0.20702, "loss": 0.54199181, "lr": 0.00024548, "params": 6759, "time_iter": 0.04361, "accuracy": 0.76241, "precision": 0.76154, "recall": 0.76744, "f1": 0.76448, "auc": 0.83461}
{"epoch": 68, "time_epoch": 22.3878, "eta": 721.58966, "eta_hours": 0.20044, "loss": 0.53903498, "lr": 0.00023209, "params": 6759, "time_iter": 0.04356, "accuracy": 0.76534, "precision": 0.75943, "recall": 0.78004, "f1": 0.7696, "auc": 0.83588}
{"epoch": 69, "time_epoch": 22.4331, "eta": 697.95087, "eta_hours": 0.19388, "loss": 0.52033641, "lr": 0.00021896, "params": 6759, "time_iter": 0.04364, "accuracy": 0.77459, "precision": 0.77121, "recall": 0.78391, "f1": 0.77751, "auc": 0.84415}
{"epoch": 70, "time_epoch": 22.46739, "eta": 674.36004, "eta_hours": 0.18732, "loss": 0.53322723, "lr": 0.00020611, "params": 6759, "time_iter": 0.04371, "accuracy": 0.76241, "precision": 0.77038, "recall": 0.75097, "f1": 0.76055, "auc": 0.83769}
{"epoch": 71, "time_epoch": 22.46834, "eta": 650.80079, "eta_hours": 0.18078, "loss": 0.5179709, "lr": 0.00019355, "params": 6759, "time_iter": 0.04371, "accuracy": 0.77799, "precision": 0.77221, "recall": 0.79167, "f1": 0.78182, "auc": 0.84624}
{"epoch": 72, "time_epoch": 22.55038, "eta": 627.30178, "eta_hours": 0.17425, "loss": 0.53213665, "lr": 0.00018129, "params": 6759, "time_iter": 0.04387, "accuracy": 0.76972, "precision": 0.76343, "recall": 0.78488, "f1": 0.77401, "auc": 0.84178}
{"epoch": 73, "time_epoch": 22.48092, "eta": 603.80399, "eta_hours": 0.16772, "loss": 0.53263127, "lr": 0.00016934, "params": 6759, "time_iter": 0.04374, "accuracy": 0.77167, "precision": 0.76733, "recall": 0.78295, "f1": 0.77506, "auc": 0.84278}
{"epoch": 74, "time_epoch": 22.40351, "eta": 580.30752, "eta_hours": 0.1612, "loss": 0.53457576, "lr": 0.00015773, "params": 6759, "time_iter": 0.04359, "accuracy": 0.77313, "precision": 0.77159, "recall": 0.77907, "f1": 0.77531, "auc": 0.84009}
{"epoch": 75, "time_epoch": 22.41234, "eta": 556.8426, "eta_hours": 0.15468, "loss": 0.5353204, "lr": 0.00014645, "params": 6759, "time_iter": 0.0436, "accuracy": 0.76874, "precision": 0.76348, "recall": 0.78198, "f1": 0.77262, "auc": 0.84233}
{"epoch": 76, "time_epoch": 22.43233, "eta": 533.41099, "eta_hours": 0.14817, "loss": 0.52376927, "lr": 0.00013552, "params": 6759, "time_iter": 0.04364, "accuracy": 0.76631, "precision": 0.76641, "recall": 0.76938, "f1": 0.76789, "auc": 0.84767}
{"epoch": 77, "time_epoch": 22.39658, "eta": 509.99492, "eta_hours": 0.14167, "loss": 0.54846801, "lr": 0.00012494, "params": 6759, "time_iter": 0.04357, "accuracy": 0.76241, "precision": 0.75856, "recall": 0.77326, "f1": 0.76583, "auc": 0.83301}
{"epoch": 78, "time_epoch": 22.41294, "eta": 486.60901, "eta_hours": 0.13517, "loss": 0.53279713, "lr": 0.00011474, "params": 6759, "time_iter": 0.0436, "accuracy": 0.77507, "precision": 0.77351, "recall": 0.78101, "f1": 0.77724, "auc": 0.84291}
{"epoch": 79, "time_epoch": 22.40317, "eta": 463.24498, "eta_hours": 0.12868, "loss": 0.52565441, "lr": 0.00010492, "params": 6759, "time_iter": 0.04359, "accuracy": 0.7668, "precision": 0.76612, "recall": 0.77132, "f1": 0.76871, "auc": 0.84411}
{"epoch": 80, "time_epoch": 22.38988, "eta": 439.90156, "eta_hours": 0.12219, "loss": 0.53275232, "lr": 9.549e-05, "params": 6759, "time_iter": 0.04356, "accuracy": 0.77459, "precision": 0.77173, "recall": 0.78295, "f1": 0.7773, "auc": 0.84151}
{"epoch": 81, "time_epoch": 22.40679, "eta": 416.58511, "eta_hours": 0.11572, "loss": 0.52061132, "lr": 8.646e-05, "params": 6759, "time_iter": 0.04359, "accuracy": 0.77799, "precision": 0.78235, "recall": 0.77326, "f1": 0.77778, "auc": 0.84701}
{"epoch": 82, "time_epoch": 22.38859, "eta": 393.28684, "eta_hours": 0.10925, "loss": 0.51990844, "lr": 7.784e-05, "params": 6759, "time_iter": 0.04356, "accuracy": 0.77653, "precision": 0.77208, "recall": 0.78779, "f1": 0.77986, "auc": 0.84898}
{"epoch": 83, "time_epoch": 22.40696, "eta": 370.01374, "eta_hours": 0.10278, "loss": 0.53425389, "lr": 6.963e-05, "params": 6759, "time_iter": 0.04359, "accuracy": 0.76631, "precision": 0.76744, "recall": 0.76744, "f1": 0.76744, "auc": 0.84275}
{"epoch": 84, "time_epoch": 22.41197, "eta": 346.7619, "eta_hours": 0.09632, "loss": 0.53130656, "lr": 6.185e-05, "params": 6759, "time_iter": 0.0436, "accuracy": 0.76777, "precision": 0.75959, "recall": 0.78682, "f1": 0.77297, "auc": 0.84476}
{"epoch": 85, "time_epoch": 22.36962, "eta": 323.5227, "eta_hours": 0.08987, "loss": 0.52814875, "lr": 5.45e-05, "params": 6759, "time_iter": 0.04352, "accuracy": 0.76923, "precision": 0.76124, "recall": 0.78779, "f1": 0.77429, "auc": 0.84379}
{"epoch": 86, "time_epoch": 22.41599, "eta": 300.31042, "eta_hours": 0.08342, "loss": 0.50986717, "lr": 4.759e-05, "params": 6759, "time_iter": 0.04361, "accuracy": 0.77897, "precision": 0.77896, "recall": 0.78198, "f1": 0.78046, "auc": 0.85269}
{"epoch": 87, "time_epoch": 22.41435, "eta": 277.11601, "eta_hours": 0.07698, "loss": 0.53402425, "lr": 4.112e-05, "params": 6759, "time_iter": 0.04361, "accuracy": 0.77945, "precision": 0.77917, "recall": 0.78295, "f1": 0.78105, "auc": 0.84629}
{"epoch": 88, "time_epoch": 22.37618, "eta": 253.93441, "eta_hours": 0.07054, "loss": 0.53951232, "lr": 3.511e-05, "params": 6759, "time_iter": 0.04353, "accuracy": 0.76193, "precision": 0.76131, "recall": 0.76647, "f1": 0.76388, "auc": 0.84016}
{"epoch": 89, "time_epoch": 22.44165, "eta": 230.77799, "eta_hours": 0.0641, "loss": 0.52727053, "lr": 2.956e-05, "params": 6759, "time_iter": 0.04366, "accuracy": 0.76874, "precision": 0.77013, "recall": 0.76938, "f1": 0.76975, "auc": 0.84543}
{"epoch": 90, "time_epoch": 22.40619, "eta": 207.63377, "eta_hours": 0.05768, "loss": 0.5250037, "lr": 2.447e-05, "params": 6759, "time_iter": 0.04359, "accuracy": 0.77118, "precision": 0.77019, "recall": 0.77616, "f1": 0.77317, "auc": 0.84788}
{"epoch": 91, "time_epoch": 22.40289, "eta": 184.5053, "eta_hours": 0.05125, "loss": 0.50794833, "lr": 1.985e-05, "params": 6759, "time_iter": 0.04359, "accuracy": 0.78043, "precision": 0.78231, "recall": 0.78004, "f1": 0.78117, "auc": 0.85398}
{"epoch": 92, "time_epoch": 22.43065, "eta": 161.39453, "eta_hours": 0.04483, "loss": 0.51987985, "lr": 1.571e-05, "params": 6759, "time_iter": 0.04364, "accuracy": 0.77897, "precision": 0.78058, "recall": 0.77907, "f1": 0.77983, "auc": 0.85316}
{"epoch": 93, "time_epoch": 22.38021, "eta": 138.29501, "eta_hours": 0.03842, "loss": 0.51446635, "lr": 1.204e-05, "params": 6759, "time_iter": 0.04354, "accuracy": 0.77313, "precision": 0.77476, "recall": 0.77326, "f1": 0.77401, "auc": 0.85045}
{"epoch": 94, "time_epoch": 22.37449, "eta": 115.21033, "eta_hours": 0.032, "loss": 0.5198275, "lr": 8.86e-06, "params": 6759, "time_iter": 0.04353, "accuracy": 0.77459, "precision": 0.77541, "recall": 0.77616, "f1": 0.77579, "auc": 0.84928}
{"epoch": 95, "time_epoch": 22.43464, "eta": 92.14296, "eta_hours": 0.0256, "loss": 0.53530464, "lr": 6.16e-06, "params": 6759, "time_iter": 0.04365, "accuracy": 0.76485, "precision": 0.76218, "recall": 0.77326, "f1": 0.76768, "auc": 0.84412}
{"epoch": 96, "time_epoch": 22.38367, "eta": 69.08705, "eta_hours": 0.01919, "loss": 0.53557242, "lr": 3.94e-06, "params": 6759, "time_iter": 0.04355, "accuracy": 0.76534, "precision": 0.76699, "recall": 0.7655, "f1": 0.76625, "auc": 0.84326}
{"epoch": 97, "time_epoch": 22.40413, "eta": 46.04528, "eta_hours": 0.01279, "loss": 0.52241291, "lr": 2.22e-06, "params": 6759, "time_iter": 0.04359, "accuracy": 0.77653, "precision": 0.77522, "recall": 0.78198, "f1": 0.77858, "auc": 0.84814}
{"epoch": 98, "time_epoch": 22.40275, "eta": 23.01638, "eta_hours": 0.00639, "loss": 0.53165894, "lr": 9.9e-07, "params": 6759, "time_iter": 0.04359, "accuracy": 0.75949, "precision": 0.75619, "recall": 0.76938, "f1": 0.76273, "auc": 0.84203}
{"epoch": 99, "time_epoch": 22.38697, "eta": 0.0, "eta_hours": 0.0, "loss": 0.52454548, "lr": 2.5e-07, "params": 6759, "time_iter": 0.04355, "accuracy": 0.77848, "precision": 0.77714, "recall": 0.78391, "f1": 0.78051, "auc": 0.849}
