{"epoch": 0, "time_epoch": 0.05339, "eta": 5.28523, "eta_hours": 0.00147, "loss": 0.69220588, "lr": 0.001, "params": 6465, "time_iter": 0.0178, "accuracy": 0.5641, "precision": 0.69565, "recall": 0.61538, "f1": 0.65306, "auc": 0.50888}
{"epoch": 1, "time_epoch": 0.035, "eta": 4.33102, "eta_hours": 0.0012, "loss": 0.68480966, "lr": 0.00099975, "params": 6465, "time_iter": 0.01167, "accuracy": 0.66667, "precision": 0.66667, "recall": 1.0, "f1": 0.8, "auc": 0.76627}
{"epoch": 2, "time_epoch": 0.03269, "eta": 3.91473, "eta_hours": 0.00109, "loss": 0.68243313, "lr": 0.00099901, "params": 6465, "time_iter": 0.0109, "accuracy": 0.66667, "precision": 0.66667, "recall": 1.0, "f1": 0.8, "auc": 0.37574}
{"epoch": 3, "time_epoch": 0.03251, "eta": 3.68596, "eta_hours": 0.00102, "loss": 0.6776021, "lr": 0.00099778, "params": 6465, "time_iter": 0.01084, "accuracy": 0.66667, "precision": 0.66667, "recall": 1.0, "f1": 0.8, "auc": 0.50888}
{"epoch": 4, "time_epoch": 0.03252, "eta": 3.53602, "eta_hours": 0.00098, "loss": 0.67490311, "lr": 0.00099606, "params": 6465, "time_iter": 0.01084, "accuracy": 0.66667, "precision": 0.66667, "recall": 1.0, "f1": 0.8, "auc": 0.49112}
{"epoch": 5, "time_epoch": 0.03276, "eta": 3.42892, "eta_hours": 0.00095, "loss": 0.67187853, "lr": 0.00099384, "params": 6465, "time_iter": 0.01092, "accuracy": 0.66667, "precision": 0.66667, "recall": 1.0, "f1": 0.8, "auc": 0.53994}
{"epoch": 6, "time_epoch": 0.03952, "eta": 3.43281, "eta_hours": 0.00095, "loss": 0.66940929, "lr": 0.00099114, "params": 6465, "time_iter": 0.01317, "accuracy": 0.66667, "precision": 0.66667, "recall": 1.0, "f1": 0.8, "auc": 0.55917}
{"epoch": 7, "time_epoch": 0.03218, "eta": 3.34152, "eta_hours": 0.00093, "loss": 0.66750732, "lr": 0.00098796, "params": 6465, "time_iter": 0.01073, "accuracy": 0.66667, "precision": 0.66667, "recall": 1.0, "f1": 0.8, "auc": 0.54438}
{"epoch": 8, "time_epoch": 0.03322, "eta": 3.27388, "eta_hours": 0.00091, "loss": 0.66578723, "lr": 0.00098429, "params": 6465, "time_iter": 0.01107, "accuracy": 0.66667, "precision": 0.66667, "recall": 1.0, "f1": 0.8, "auc": 0.51479}
{"epoch": 9, "time_epoch": 0.03273, "eta": 3.2087, "eta_hours": 0.00089, "loss": 0.66424902, "lr": 0.00098015, "params": 6465, "time_iter": 0.01091, "accuracy": 0.66667, "precision": 0.66667, "recall": 1.0, "f1": 0.8, "auc": 0.47929}
{"epoch": 10, "time_epoch": 0.0344, "eta": 3.16289, "eta_hours": 0.00088, "loss": 0.66319156, "lr": 0.00097553, "params": 6465, "time_iter": 0.01147, "accuracy": 0.66667, "precision": 0.66667, "recall": 1.0, "f1": 0.8, "auc": 0.39349}
{"epoch": 11, "time_epoch": 0.03368, "eta": 3.11375, "eta_hours": 0.00086, "loss": 0.66219584, "lr": 0.00097044, "params": 6465, "time_iter": 0.01123, "accuracy": 0.66667, "precision": 0.66667, "recall": 1.0, "f1": 0.8, "auc": 0.31953}
{"epoch": 12, "time_epoch": 0.03307, "eta": 3.06287, "eta_hours": 0.00085, "loss": 0.66110852, "lr": 0.00096489, "params": 6465, "time_iter": 0.01102, "accuracy": 0.66667, "precision": 0.66667, "recall": 1.0, "f1": 0.8, "auc": 0.47633}
{"epoch": 13, "time_epoch": 0.03295, "eta": 3.01381, "eta_hours": 0.00084, "loss": 0.66022663, "lr": 0.00095888, "params": 6465, "time_iter": 0.01098, "accuracy": 0.66667, "precision": 0.66667, "recall": 1.0, "f1": 0.8, "auc": 0.59172}
{"epoch": 14, "time_epoch": 0.03314, "eta": 2.96798, "eta_hours": 0.00082, "loss": 0.65964, "lr": 0.00095241, "params": 6465, "time_iter": 0.01105, "accuracy": 0.66667, "precision": 0.66667, "recall": 1.0, "f1": 0.8, "auc": 0.48521}
{"epoch": 15, "time_epoch": 0.03254, "eta": 2.92056, "eta_hours": 0.00081, "loss": 0.65892173, "lr": 0.0009455, "params": 6465, "time_iter": 0.01085, "accuracy": 0.66667, "precision": 0.66667, "recall": 1.0, "f1": 0.8, "auc": 0.37278}
{"epoch": 16, "time_epoch": 0.03291, "eta": 2.87673, "eta_hours": 0.0008, "loss": 0.65800776, "lr": 0.00093815, "params": 6465, "time_iter": 0.01097, "accuracy": 0.66667, "precision": 0.66667, "recall": 1.0, "f1": 0.8, "auc": 0.58432}
{"epoch": 17, "time_epoch": 0.03289, "eta": 2.83402, "eta_hours": 0.00079, "loss": 0.65742258, "lr": 0.00093037, "params": 6465, "time_iter": 0.01096, "accuracy": 0.66667, "precision": 0.66667, "recall": 1.0, "f1": 0.8, "auc": 0.4645}
{"epoch": 18, "time_epoch": 0.03338, "eta": 2.79444, "eta_hours": 0.00078, "loss": 0.65664213, "lr": 0.00092216, "params": 6465, "time_iter": 0.01113, "accuracy": 0.66667, "precision": 0.66667, "recall": 1.0, "f1": 0.8, "auc": 0.59467}
{"epoch": 19, "time_epoch": 0.03305, "eta": 2.75416, "eta_hours": 0.00077, "loss": 0.65609883, "lr": 0.00091354, "params": 6465, "time_iter": 0.01102, "accuracy": 0.66667, "precision": 0.66667, "recall": 1.0, "f1": 0.8, "auc": 0.54142}
{"epoch": 20, "time_epoch": 0.03694, "eta": 2.72919, "eta_hours": 0.00076, "loss": 0.65575758, "lr": 0.00090451, "params": 6465, "time_iter": 0.01231, "accuracy": 0.66667, "precision": 0.66667, "recall": 1.0, "f1": 0.8, "auc": 0.33432}
{"epoch": 21, "time_epoch": 0.03434, "eta": 2.6939, "eta_hours": 0.00075, "loss": 0.65502125, "lr": 0.00089508, "params": 6465, "time_iter": 0.01145, "accuracy": 0.66667, "precision": 0.66667, "recall": 1.0, "f1": 0.8, "auc": 0.35503}
{"epoch": 22, "time_epoch": 0.03379, "eta": 2.65687, "eta_hours": 0.00074, "loss": 0.65440726, "lr": 0.00088526, "params": 6465, "time_iter": 0.01126, "accuracy": 0.66667, "precision": 0.66667, "recall": 1.0, "f1": 0.8, "auc": 0.52663}
{"epoch": 23, "time_epoch": 0.03337, "eta": 2.61877, "eta_hours": 0.00073, "loss": 0.65405829, "lr": 0.00087506, "params": 6465, "time_iter": 0.01112, "accuracy": 0.66667, "precision": 0.66667, "recall": 1.0, "f1": 0.8, "auc": 0.49408}
{"epoch": 24, "time_epoch": 0.03338, "eta": 2.58107, "eta_hours": 0.00072, "loss": 0.65341501, "lr": 0.00086448, "params": 6465, "time_iter": 0.01113, "accuracy": 0.66667, "precision": 0.66667, "recall": 1.0, "f1": 0.8, "auc": 0.5858}
{"epoch": 25, "time_epoch": 0.03757, "eta": 2.55564, "eta_hours": 0.00071, "loss": 0.65312112, "lr": 0.00085355, "params": 6465, "time_iter": 0.01252, "accuracy": 0.66667, "precision": 0.66667, "recall": 1.0, "f1": 0.8, "auc": 0.47337}
{"epoch": 26, "time_epoch": 0.03296, "eta": 2.51686, "eta_hours": 0.0007, "loss": 0.65264435, "lr": 0.00084227, "params": 6465, "time_iter": 0.01099, "accuracy": 0.66667, "precision": 0.66667, "recall": 1.0, "f1": 0.8, "auc": 0.36686}
{"epoch": 27, "time_epoch": 0.0332, "eta": 2.47909, "eta_hours": 0.00069, "loss": 0.65209145, "lr": 0.00083066, "params": 6465, "time_iter": 0.01107, "accuracy": 0.66667, "precision": 0.66667, "recall": 1.0, "f1": 0.8, "auc": 0.43787}
{"epoch": 28, "time_epoch": 0.03254, "eta": 2.44003, "eta_hours": 0.00068, "loss": 0.65163628, "lr": 0.00081871, "params": 6465, "time_iter": 0.01085, "accuracy": 0.66667, "precision": 0.66667, "recall": 1.0, "f1": 0.8, "auc": 0.55621}
{"epoch": 29, "time_epoch": 0.03261, "eta": 2.40156, "eta_hours": 0.00067, "loss": 0.65120201, "lr": 0.00080645, "params": 6465, "time_iter": 0.01087, "accuracy": 0.66667, "precision": 0.66667, "recall": 1.0, "f1": 0.8, "auc": 0.65385}
{"epoch": 30, "time_epoch": 0.03401, "eta": 2.36659, "eta_hours": 0.00066, "loss": 0.65107365, "lr": 0.00079389, "params": 6465, "time_iter": 0.01134, "accuracy": 0.66667, "precision": 0.66667, "recall": 1.0, "f1": 0.8, "auc": 0.33728}
{"epoch": 31, "time_epoch": 0.03296, "eta": 2.32944, "eta_hours": 0.00065, "loss": 0.65047407, "lr": 0.00078104, "params": 6465, "time_iter": 0.01099, "accuracy": 0.66667, "precision": 0.66667, "recall": 1.0, "f1": 0.8, "auc": 0.57249}
{"epoch": 32, "time_epoch": 0.03357, "eta": 2.29379, "eta_hours": 0.00064, "loss": 0.65014373, "lr": 0.00076791, "params": 6465, "time_iter": 0.01119, "accuracy": 0.66667, "precision": 0.66667, "recall": 1.0, "f1": 0.8, "auc": 0.42899}
{"epoch": 33, "time_epoch": 0.03697, "eta": 2.26486, "eta_hours": 0.00063, "loss": 0.64989382, "lr": 0.00075452, "params": 6465, "time_iter": 0.01232, "accuracy": 0.66667, "precision": 0.66667, "recall": 1.0, "f1": 0.8, "auc": 0.39793}
{"epoch": 34, "time_epoch": 0.0421, "eta": 2.245, "eta_hours": 0.00062, "loss": 0.64945413, "lr": 0.00074088, "params": 6465, "time_iter": 0.01403, "accuracy": 0.66667, "precision": 0.66667, "recall": 1.0, "f1": 0.8, "auc": 0.41568}
{"epoch": 35, "time_epoch": 0.04483, "eta": 2.22875, "eta_hours": 0.00062, "loss": 0.6490401, "lr": 0.000727, "params": 6465, "time_iter": 0.01494, "accuracy": 0.66667, "precision": 0.66667, "recall": 1.0, "f1": 0.8, "auc": 0.64201}
{"epoch": 36, "time_epoch": 0.04493, "eta": 2.21113, "eta_hours": 0.00061, "loss": 0.64886194, "lr": 0.00071289, "params": 6465, "time_iter": 0.01498, "accuracy": 0.66667, "precision": 0.66667, "recall": 1.0, "f1": 0.8, "auc": 0.47041}
{"epoch": 37, "time_epoch": 0.04424, "eta": 2.19096, "eta_hours": 0.00061, "loss": 0.6485449, "lr": 0.00069857, "params": 6465, "time_iter": 0.01475, "accuracy": 0.66667, "precision": 0.66667, "recall": 1.0, "f1": 0.8, "auc": 0.39349}
{"epoch": 38, "time_epoch": 0.04223, "eta": 2.1664, "eta_hours": 0.0006, "loss": 0.64815133, "lr": 0.00068406, "params": 6465, "time_iter": 0.01408, "accuracy": 0.66667, "precision": 0.66667, "recall": 1.0, "f1": 0.8, "auc": 0.58284}
{"epoch": 39, "time_epoch": 0.04257, "eta": 2.14146, "eta_hours": 0.00059, "loss": 0.6478679, "lr": 0.00066937, "params": 6465, "time_iter": 0.01419, "accuracy": 0.66667, "precision": 0.66667, "recall": 1.0, "f1": 0.8, "auc": 0.53994}
{"epoch": 40, "time_epoch": 0.04344, "eta": 2.11691, "eta_hours": 0.00059, "loss": 0.6475649, "lr": 0.00065451, "params": 6465, "time_iter": 0.01448, "accuracy": 0.66667, "precision": 0.66667, "recall": 1.0, "f1": 0.8, "auc": 0.6716}
{"epoch": 41, "time_epoch": 0.03627, "eta": 2.08157, "eta_hours": 0.00058, "loss": 0.64739547, "lr": 0.0006395, "params": 6465, "time_iter": 0.01209, "accuracy": 0.66667, "precision": 0.66667, "recall": 1.0, "f1": 0.8, "auc": 0.50592}
{"epoch": 42, "time_epoch": 0.0318, "eta": 2.04026, "eta_hours": 0.00057, "loss": 0.6472636, "lr": 0.00062434, "params": 6465, "time_iter": 0.0106, "accuracy": 0.66667, "precision": 0.66667, "recall": 1.0, "f1": 0.8, "auc": 0.35207}
{"epoch": 43, "time_epoch": 0.03404, "eta": 2.00223, "eta_hours": 0.00056, "loss": 0.64688355, "lr": 0.00060907, "params": 6465, "time_iter": 0.01135, "accuracy": 0.66667, "precision": 0.66667, "recall": 1.0, "f1": 0.8, "auc": 0.52367}
{"epoch": 44, "time_epoch": 0.0354, "eta": 1.96605, "eta_hours": 0.00055, "loss": 0.64666219, "lr": 0.00059369, "params": 6465, "time_iter": 0.0118, "accuracy": 0.66667, "precision": 0.66667, "recall": 1.0, "f1": 0.8, "auc": 0.52071}
{"epoch": 45, "time_epoch": 0.03662, "eta": 1.93133, "eta_hours": 0.00054, "loss": 0.64656143, "lr": 0.00057822, "params": 6465, "time_iter": 0.01221, "accuracy": 0.66667, "precision": 0.66667, "recall": 1.0, "f1": 0.8, "auc": 0.37722}
{"epoch": 46, "time_epoch": 0.05386, "eta": 1.91597, "eta_hours": 0.00053, "loss": 0.64635767, "lr": 0.00056267, "params": 6465, "time_iter": 0.01795, "accuracy": 0.66667, "precision": 0.66667, "recall": 1.0, "f1": 0.8, "auc": 0.34911}
{"epoch": 47, "time_epoch": 0.04442, "eta": 1.88877, "eta_hours": 0.00052, "loss": 0.64613128, "lr": 0.00054705, "params": 6465, "time_iter": 0.01481, "accuracy": 0.66667, "precision": 0.66667, "recall": 1.0, "f1": 0.8, "auc": 0.40237}
{"epoch": 48, "time_epoch": 0.03351, "eta": 1.84952, "eta_hours": 0.00051, "loss": 0.64593244, "lr": 0.0005314, "params": 6465, "time_iter": 0.01117, "accuracy": 0.66667, "precision": 0.66667, "recall": 1.0, "f1": 0.8, "auc": 0.44379}
{"epoch": 49, "time_epoch": 0.03436, "eta": 1.81135, "eta_hours": 0.0005, "loss": 0.64584345, "lr": 0.00051571, "params": 6465, "time_iter": 0.01145, "accuracy": 0.66667, "precision": 0.66667, "recall": 1.0, "f1": 0.8, "auc": 0.35799}
{"epoch": 50, "time_epoch": 0.03487, "eta": 1.77382, "eta_hours": 0.00049, "loss": 0.6456251, "lr": 0.0005, "params": 6465, "time_iter": 0.01162, "accuracy": 0.66667, "precision": 0.66667, "recall": 1.0, "f1": 0.8, "auc": 0.46154}
{"epoch": 51, "time_epoch": 0.03489, "eta": 1.73641, "eta_hours": 0.00048, "loss": 0.64549622, "lr": 0.00048429, "params": 6465, "time_iter": 0.01163, "accuracy": 0.66667, "precision": 0.66667, "recall": 1.0, "f1": 0.8, "auc": 0.48521}
{"epoch": 52, "time_epoch": 0.03403, "eta": 1.69833, "eta_hours": 0.00047, "loss": 0.64539432, "lr": 0.0004686, "params": 6465, "time_iter": 0.01134, "accuracy": 0.66667, "precision": 0.66667, "recall": 1.0, "f1": 0.8, "auc": 0.46746}
{"epoch": 53, "time_epoch": 0.03427, "eta": 1.6606, "eta_hours": 0.00046, "loss": 0.64520825, "lr": 0.00045295, "params": 6465, "time_iter": 0.01142, "accuracy": 0.66667, "precision": 0.66667, "recall": 1.0, "f1": 0.8, "auc": 0.54438}
{"epoch": 54, "time_epoch": 0.03523, "eta": 1.62379, "eta_hours": 0.00045, "loss": 0.64512462, "lr": 0.00043733, "params": 6465, "time_iter": 0.01174, "accuracy": 0.66667, "precision": 0.66667, "recall": 1.0, "f1": 0.8, "auc": 0.38757}
{"epoch": 55, "time_epoch": 0.03575, "eta": 1.58745, "eta_hours": 0.00044, "loss": 0.64498616, "lr": 0.00042178, "params": 6465, "time_iter": 0.01192, "accuracy": 0.66667, "precision": 0.66667, "recall": 1.0, "f1": 0.8, "auc": 0.42308}
{"epoch": 56, "time_epoch": 0.0349, "eta": 1.55048, "eta_hours": 0.00043, "loss": 0.64482566, "lr": 0.00040631, "params": 6465, "time_iter": 0.01163, "accuracy": 0.66667, "precision": 0.66667, "recall": 1.0, "f1": 0.8, "auc": 0.69822}
{"epoch": 57, "time_epoch": 0.04093, "eta": 1.51795, "eta_hours": 0.00042, "loss": 0.6447395, "lr": 0.00039093, "params": 6465, "time_iter": 0.01364, "accuracy": 0.66667, "precision": 0.66667, "recall": 1.0, "f1": 0.8, "auc": 0.60799}
{"epoch": 58, "time_epoch": 0.03461, "eta": 1.48074, "eta_hours": 0.00041, "loss": 0.64463765, "lr": 0.00037566, "params": 6465, "time_iter": 0.01154, "accuracy": 0.66667, "precision": 0.66667, "recall": 1.0, "f1": 0.8, "auc": 0.52663}
{"epoch": 59, "time_epoch": 0.04797, "eta": 1.45253, "eta_hours": 0.0004, "loss": 0.64455323, "lr": 0.0003605, "params": 6465, "time_iter": 0.01599, "accuracy": 0.66667, "precision": 0.66667, "recall": 1.0, "f1": 0.8, "auc": 0.47041}
{"epoch": 60, "time_epoch": 0.04356, "eta": 1.42085, "eta_hours": 0.00039, "loss": 0.64440688, "lr": 0.00034549, "params": 6465, "time_iter": 0.01452, "accuracy": 0.66667, "precision": 0.66667, "recall": 1.0, "f1": 0.8, "auc": 0.58432}
{"epoch": 61, "time_epoch": 0.03741, "eta": 1.38502, "eta_hours": 0.00038, "loss": 0.64431822, "lr": 0.00033063, "params": 6465, "time_iter": 0.01247, "accuracy": 0.66667, "precision": 0.66667, "recall": 1.0, "f1": 0.8, "auc": 0.5355}
{"epoch": 62, "time_epoch": 0.04065, "eta": 1.35104, "eta_hours": 0.00038, "loss": 0.64425485, "lr": 0.00031594, "params": 6465, "time_iter": 0.01355, "accuracy": 0.66667, "precision": 0.66667, "recall": 1.0, "f1": 0.8, "auc": 0.42012}
{"epoch": 63, "time_epoch": 0.037, "eta": 1.31479, "eta_hours": 0.00037, "loss": 0.64411958, "lr": 0.00030143, "params": 6465, "time_iter": 0.01233, "accuracy": 0.66667, "precision": 0.66667, "recall": 1.0, "f1": 0.8, "auc": 0.54142}
{"epoch": 64, "time_epoch": 0.03761, "eta": 1.27886, "eta_hours": 0.00036, "loss": 0.64407148, "lr": 0.00028711, "params": 6465, "time_iter": 0.01254, "accuracy": 0.66667, "precision": 0.66667, "recall": 1.0, "f1": 0.8, "auc": 0.40976}
{"epoch": 65, "time_epoch": 0.03531, "eta": 1.24168, "eta_hours": 0.00034, "loss": 0.64397685, "lr": 0.000273, "params": 6465, "time_iter": 0.01177, "accuracy": 0.66667, "precision": 0.66667, "recall": 1.0, "f1": 0.8, "auc": 0.41568}
{"epoch": 66, "time_epoch": 0.04518, "eta": 1.20943, "eta_hours": 0.00034, "loss": 0.64388101, "lr": 0.00025912, "params": 6465, "time_iter": 0.01506, "accuracy": 0.66667, "precision": 0.66667, "recall": 1.0, "f1": 0.8, "auc": 0.74112}
{"epoch": 67, "time_epoch": 0.03358, "eta": 1.17134, "eta_hours": 0.00033, "loss": 0.64382278, "lr": 0.00024548, "params": 6465, "time_iter": 0.01119, "accuracy": 0.66667, "precision": 0.66667, "recall": 1.0, "f1": 0.8, "auc": 0.5858}
{"epoch": 68, "time_epoch": 0.0455, "eta": 1.13873, "eta_hours": 0.00032, "loss": 0.64374608, "lr": 0.00023209, "params": 6465, "time_iter": 0.01517, "accuracy": 0.66667, "precision": 0.66667, "recall": 1.0, "f1": 0.8, "auc": 0.68491}
{"epoch": 69, "time_epoch": 0.04871, "eta": 1.10713, "eta_hours": 0.00031, "loss": 0.64376149, "lr": 0.00021896, "params": 6465, "time_iter": 0.01624, "accuracy": 0.66667, "precision": 0.66667, "recall": 1.0, "f1": 0.8, "auc": 0.32692}
{"epoch": 70, "time_epoch": 0.03416, "eta": 1.0691, "eta_hours": 0.0003, "loss": 0.64365813, "lr": 0.00020611, "params": 6465, "time_iter": 0.01139, "accuracy": 0.66667, "precision": 0.66667, "recall": 1.0, "f1": 0.8, "auc": 0.41864}
{"epoch": 71, "time_epoch": 0.03547, "eta": 1.03169, "eta_hours": 0.00029, "loss": 0.64360586, "lr": 0.00019355, "params": 6465, "time_iter": 0.01182, "accuracy": 0.66667, "precision": 0.66667, "recall": 1.0, "f1": 0.8, "auc": 0.45414}
{"epoch": 72, "time_epoch": 0.03144, "eta": 0.99285, "eta_hours": 0.00028, "loss": 0.64358854, "lr": 0.00018129, "params": 6465, "time_iter": 0.01048, "accuracy": 0.66667, "precision": 0.66667, "recall": 1.0, "f1": 0.8, "auc": 0.31805}
{"epoch": 73, "time_epoch": 0.04835, "eta": 0.96014, "eta_hours": 0.00027, "loss": 0.64352907, "lr": 0.00016934, "params": 6465, "time_iter": 0.01612, "accuracy": 0.66667, "precision": 0.66667, "recall": 1.0, "f1": 0.8, "auc": 0.5503}
{"epoch": 74, "time_epoch": 0.04058, "eta": 0.92443, "eta_hours": 0.00026, "loss": 0.64351388, "lr": 0.00015773, "params": 6465, "time_iter": 0.01353, "accuracy": 0.66667, "precision": 0.66667, "recall": 1.0, "f1": 0.8, "auc": 0.41124}
{"epoch": 75, "time_epoch": 0.05655, "eta": 0.89364, "eta_hours": 0.00025, "loss": 0.64348234, "lr": 0.00014645, "params": 6465, "time_iter": 0.01885, "accuracy": 0.66667, "precision": 0.66667, "recall": 1.0, "f1": 0.8, "auc": 0.40385}
{"epoch": 76, "time_epoch": 0.03318, "eta": 0.85519, "eta_hours": 0.00024, "loss": 0.64347055, "lr": 0.00013552, "params": 6465, "time_iter": 0.01106, "accuracy": 0.66667, "precision": 0.66667, "recall": 1.0, "f1": 0.8, "auc": 0.3358}
{"epoch": 77, "time_epoch": 0.03444, "eta": 0.81723, "eta_hours": 0.00023, "loss": 0.64342658, "lr": 0.00012494, "params": 6465, "time_iter": 0.01148, "accuracy": 0.66667, "precision": 0.66667, "recall": 1.0, "f1": 0.8, "auc": 0.4142}
{"epoch": 78, "time_epoch": 0.03501, "eta": 0.77952, "eta_hours": 0.00022, "loss": 0.64340419, "lr": 0.00011474, "params": 6465, "time_iter": 0.01167, "accuracy": 0.66667, "precision": 0.66667, "recall": 1.0, "f1": 0.8, "auc": 0.53402}
{"epoch": 79, "time_epoch": 0.03452, "eta": 0.74175, "eta_hours": 0.00021, "loss": 0.64339792, "lr": 0.00010492, "params": 6465, "time_iter": 0.01151, "accuracy": 0.66667, "precision": 0.66667, "recall": 1.0, "f1": 0.8, "auc": 0.37426}
{"epoch": 80, "time_epoch": 0.0379, "eta": 0.70485, "eta_hours": 0.0002, "loss": 0.64337022, "lr": 9.549e-05, "params": 6465, "time_iter": 0.01263, "accuracy": 0.66667, "precision": 0.66667, "recall": 1.0, "f1": 0.8, "auc": 0.57692}
{"epoch": 81, "time_epoch": 0.03718, "eta": 0.66777, "eta_hours": 0.00019, "loss": 0.64337529, "lr": 8.646e-05, "params": 6465, "time_iter": 0.01239, "accuracy": 0.66667, "precision": 0.66667, "recall": 1.0, "f1": 0.8, "auc": 0.2929}
{"epoch": 82, "time_epoch": 0.02876, "eta": 0.62897, "eta_hours": 0.00017, "loss": 0.64334702, "lr": 7.784e-05, "params": 6465, "time_iter": 0.00959, "accuracy": 0.66667, "precision": 0.66667, "recall": 1.0, "f1": 0.8, "auc": 0.53254}
{"epoch": 83, "time_epoch": 0.02796, "eta": 0.59025, "eta_hours": 0.00016, "loss": 0.64334448, "lr": 6.963e-05, "params": 6465, "time_iter": 0.00932, "accuracy": 0.66667, "precision": 0.66667, "recall": 1.0, "f1": 0.8, "auc": 0.37574}
{"epoch": 84, "time_epoch": 0.02726, "eta": 0.55166, "eta_hours": 0.00015, "loss": 0.64333309, "lr": 6.185e-05, "params": 6465, "time_iter": 0.00909, "accuracy": 0.66667, "precision": 0.66667, "recall": 1.0, "f1": 0.8, "auc": 0.43343}
{"epoch": 85, "time_epoch": 0.02977, "eta": 0.51374, "eta_hours": 0.00014, "loss": 0.64332067, "lr": 5.45e-05, "params": 6465, "time_iter": 0.00992, "accuracy": 0.66667, "precision": 0.66667, "recall": 1.0, "f1": 0.8, "auc": 0.48373}
{"epoch": 86, "time_epoch": 0.02726, "eta": 0.47563, "eta_hours": 0.00013, "loss": 0.64331125, "lr": 4.759e-05, "params": 6465, "time_iter": 0.00909, "accuracy": 0.66667, "precision": 0.66667, "recall": 1.0, "f1": 0.8, "auc": 0.55325}
{"epoch": 87, "time_epoch": 0.02718, "eta": 0.43776, "eta_hours": 0.00012, "loss": 0.64330368, "lr": 4.112e-05, "params": 6465, "time_iter": 0.00906, "accuracy": 0.66667, "precision": 0.66667, "recall": 1.0, "f1": 0.8, "auc": 0.44527}
{"epoch": 88, "time_epoch": 0.02777, "eta": 0.40021, "eta_hours": 0.00011, "loss": 0.64329588, "lr": 3.511e-05, "params": 6465, "time_iter": 0.00926, "accuracy": 0.66667, "precision": 0.66667, "recall": 1.0, "f1": 0.8, "auc": 0.4926}
{"epoch": 89, "time_epoch": 0.0273, "eta": 0.36281, "eta_hours": 0.0001, "loss": 0.64329105, "lr": 2.956e-05, "params": 6465, "time_iter": 0.0091, "accuracy": 0.66667, "precision": 0.66667, "recall": 1.0, "f1": 0.8, "auc": 0.4645}
{"epoch": 90, "time_epoch": 0.02716, "eta": 0.32563, "eta_hours": 9e-05, "loss": 0.64329189, "lr": 2.447e-05, "params": 6465, "time_iter": 0.00905, "accuracy": 0.66667, "precision": 0.66667, "recall": 1.0, "f1": 0.8, "auc": 0.33284}
{"epoch": 91, "time_epoch": 0.02727, "eta": 0.28868, "eta_hours": 8e-05, "loss": 0.64328094, "lr": 1.985e-05, "params": 6465, "time_iter": 0.00909, "accuracy": 0.66667, "precision": 0.66667, "recall": 1.0, "f1": 0.8, "auc": 0.44379}
{"epoch": 92, "time_epoch": 0.02713, "eta": 0.25192, "eta_hours": 7e-05, "loss": 0.64327667, "lr": 1.571e-05, "params": 6465, "time_iter": 0.00904, "accuracy": 0.66667, "precision": 0.66667, "recall": 1.0, "f1": 0.8, "auc": 0.45562}
{"epoch": 93, "time_epoch": 0.0274, "eta": 0.21538, "eta_hours": 6e-05, "loss": 0.64327378, "lr": 1.204e-05, "params": 6465, "time_iter": 0.00913, "accuracy": 0.66667, "precision": 0.66667, "recall": 1.0, "f1": 0.8, "auc": 0.47929}
{"epoch": 94, "time_epoch": 0.02742, "eta": 0.17904, "eta_hours": 5e-05, "loss": 0.64327153, "lr": 8.86e-06, "params": 6465, "time_iter": 0.00914, "accuracy": 0.66667, "precision": 0.66667, "recall": 1.0, "f1": 0.8, "auc": 0.51035}
{"epoch": 95, "time_epoch": 0.02765, "eta": 0.14289, "eta_hours": 4e-05, "loss": 0.64326901, "lr": 6.16e-06, "params": 6465, "time_iter": 0.00922, "accuracy": 0.66667, "precision": 0.66667, "recall": 1.0, "f1": 0.8, "auc": 0.43935}
{"epoch": 96, "time_epoch": 0.03017, "eta": 0.107, "eta_hours": 3e-05, "loss": 0.64326903, "lr": 3.94e-06, "params": 6465, "time_iter": 0.01006, "accuracy": 0.66667, "precision": 0.66667, "recall": 1.0, "f1": 0.8, "auc": 0.41124}
{"epoch": 97, "time_epoch": 0.02758, "eta": 0.07117, "eta_hours": 2e-05, "loss": 0.64326709, "lr": 2.22e-06, "params": 6465, "time_iter": 0.00919, "accuracy": 0.66667, "precision": 0.66667, "recall": 1.0, "f1": 0.8, "auc": 0.48225}
{"epoch": 98, "time_epoch": 0.02742, "eta": 0.0355, "eta_hours": 1e-05, "loss": 0.64326722, "lr": 9.9e-07, "params": 6465, "time_iter": 0.00914, "accuracy": 0.66667, "precision": 0.66667, "recall": 1.0, "f1": 0.8, "auc": 0.43787}
{"epoch": 99, "time_epoch": 0.02746, "eta": 0.0, "eta_hours": 0.0, "loss": 0.64326654, "lr": 2.5e-07, "params": 6465, "time_iter": 0.00915, "accuracy": 0.66667, "precision": 0.66667, "recall": 1.0, "f1": 0.8, "auc": 0.5}
