{"epoch": 0, "time_epoch": 6.6226, "time_epoch_std": 0.41544, "eta": 655.63685, "eta_std": 41.12875, "eta_hours": 0.18212, "eta_hours_std": 0.01142, "loss": 0.69768, "loss_std": 0.00496, "lr": 0.001, "lr_std": 0.0, "params": 9207.0, "params_std": 0.0, "time_iter": 0.60206, "time_iter_std": 0.03777, "accuracy": 0.5, "accuracy_std": 0.02381, "accuracy_max": 0.52381, "precision": 0.2381, "precision_std": 0.2381, "recall": 0.5, "recall_std": 0.5, "f1": 0.32258, "f1_std": 0.32258, "auc": 0.38466, "auc_std": 0.03303}
{"epoch": 1, "time_epoch": 7.54213, "time_epoch_std": 0.09114, "eta": 694.07176, "eta_std": 21.1164, "eta_hours": 0.1928, "eta_hours_std": 0.00587, "loss": 0.69602, "loss_std": 0.00459, "lr": 0.001, "lr_std": 0.0, "params": 9207.0, "params_std": 0.0, "time_iter": 0.68565, "time_iter_std": 0.00828, "accuracy": 0.5, "accuracy_std": 0.02381, "accuracy_max": 0.52381, "precision": 0.2381, "precision_std": 0.2381, "recall": 0.5, "recall_std": 0.5, "f1": 0.32258, "f1_std": 0.32258, "auc": 0.48636, "auc_std": 0.04971}
{"epoch": 2, "time_epoch": 0.42218, "time_epoch_std": 0.01606, "eta": 471.64332, "eta_std": 13.88401, "eta_hours": 0.13101, "eta_hours_std": 0.00386, "loss": 0.69576, "loss_std": 0.00374, "lr": 0.001, "lr_std": 0.0, "params": 9207.0, "params_std": 0.0, "time_iter": 0.03838, "time_iter_std": 0.00146, "accuracy": 0.5, "accuracy_std": 0.02381, "accuracy_max": 0.52381, "precision": 0.2381, "precision_std": 0.2381, "recall": 0.5, "recall_std": 0.5, "f1": 0.32258, "f1_std": 0.32258, "auc": 0.53807, "auc_std": 0.03283}
{"epoch": 3, "time_epoch": 0.44638, "time_epoch_std": 0.01595, "eta": 360.79898, "eta_std": 10.37931, "eta_hours": 0.10022, "eta_hours_std": 0.00288, "loss": 0.69555, "loss_std": 0.00344, "lr": 0.001, "lr_std": 0.0, "params": 9207.0, "params_std": 0.0, "time_iter": 0.04058, "time_iter_std": 0.00145, "accuracy": 0.5, "accuracy_std": 0.02381, "accuracy_max": 0.52381, "precision": 0.2381, "precision_std": 0.2381, "recall": 0.5, "recall_std": 0.5, "f1": 0.32258, "f1_std": 0.32258, "auc": 0.47954, "auc_std": 0.03979}
{"epoch": 4, "time_epoch": 0.44847, "time_epoch_std": 0.0142, "eta": 294.15354, "eta_std": 8.27671, "eta_hours": 0.08171, "eta_hours_std": 0.0023, "loss": 0.69432, "loss_std": 0.00243, "lr": 0.001, "lr_std": 0.0, "params": 9207.0, "params_std": 0.0, "time_iter": 0.04077, "time_iter_std": 0.00129, "accuracy": 0.5, "accuracy_std": 0.02381, "accuracy_max": 0.52381, "precision": 0.2381, "precision_std": 0.2381, "recall": 0.5, "recall_std": 0.5, "f1": 0.32258, "f1_std": 0.32258, "auc": 0.53182, "auc_std": 0.02083}
{"epoch": 5, "time_epoch": 0.45156, "time_epoch_std": 0.01499, "eta": 249.6221, "eta_std": 6.91379, "eta_hours": 0.06934, "eta_hours_std": 0.00192, "loss": 0.69357, "loss_std": 0.00166, "lr": 0.00099, "lr_std": 0.0, "params": 9207.0, "params_std": 0.0, "time_iter": 0.04105, "time_iter_std": 0.00136, "accuracy": 0.50595, "accuracy_std": 0.01974, "accuracy_max": 0.52381, "precision": 0.241, "precision_std": 0.24103, "recall": 0.5, "recall_std": 0.5, "f1": 0.32522, "f1_std": 0.32525, "auc": 0.54204, "auc_std": 0.11344}
{"epoch": 6, "time_epoch": 0.47334, "time_epoch_std": 0.0188, "eta": 217.97437, "eta_std": 6.05007, "eta_hours": 0.06055, "eta_hours_std": 0.00168, "loss": 0.69197, "loss_std": 0.00091, "lr": 0.00099, "lr_std": 0.0, "params": 9207.0, "params_std": 0.0, "time_iter": 0.04303, "time_iter_std": 0.00171, "accuracy": 0.52381, "accuracy_std": 0.03367, "accuracy_max": 0.57143, "precision": 0.25967, "precision_std": 0.26146, "recall": 0.3625, "recall_std": 0.41136, "f1": 0.28629, "f1_std": 0.29085, "auc": 0.65796, "auc_std": 0.08732}
{"epoch": 7, "time_epoch": 0.48698, "time_epoch_std": 0.01026, "eta": 194.27695, "eta_std": 5.26056, "eta_hours": 0.05396, "eta_hours_std": 0.00146, "loss": 0.69033, "loss_std": 0.00171, "lr": 0.00099, "lr_std": 0.0, "params": 9207.0, "params_std": 0.0, "time_iter": 0.04427, "time_iter_std": 0.00093, "accuracy": 0.54167, "accuracy_std": 0.04572, "accuracy_max": 0.61905, "precision": 0.30945, "precision_std": 0.32304, "recall": 0.325, "recall_std": 0.4085, "f1": 0.27108, "f1_std": 0.28273, "auc": 0.66193, "auc_std": 0.09056}
{"epoch": 8, "time_epoch": 0.48602, "time_epoch_std": 0.00794, "eta": 175.72772, "eta_std": 4.66976, "eta_hours": 0.04881, "eta_hours_std": 0.0013, "loss": 0.68592, "loss_std": 0.00451, "lr": 0.00098, "lr_std": 0.0, "params": 9207.0, "params_std": 0.0, "time_iter": 0.04418, "time_iter_std": 0.00072, "accuracy": 0.58334, "accuracy_std": 0.06186, "accuracy_max": 0.66667, "precision": 0.34062, "precision_std": 0.35082, "recall": 0.325, "recall_std": 0.36997, "f1": 0.30641, "f1_std": 0.31152, "auc": 0.74489, "auc_std": 0.09835}
{"epoch": 9, "time_epoch": 0.48619, "time_epoch_std": 0.00865, "eta": 160.79267, "eta_std": 4.20427, "eta_hours": 0.04466, "eta_hours_std": 0.00117, "loss": 0.67755, "loss_std": 0.00854, "lr": 0.00098, "lr_std": 0.0, "params": 9207.0, "params_std": 0.0, "time_iter": 0.0442, "time_iter_std": 0.00079, "accuracy": 0.64881, "accuracy_std": 0.12752, "accuracy_max": 0.80952, "precision": 0.40996, "precision_std": 0.41478, "recall": 0.3625, "recall_std": 0.39588, "f1": 0.36781, "f1_std": 0.37333, "auc": 0.82443, "auc_std": 0.03736}
{"epoch": 10, "time_epoch": 0.4881, "time_epoch_std": 0.01076, "eta": 148.50015, "eta_std": 3.83576, "eta_hours": 0.04125, "eta_hours_std": 0.00106, "loss": 0.67145, "loss_std": 0.01392, "lr": 0.00098, "lr_std": 0.0, "params": 9207.0, "params_std": 0.0, "time_iter": 0.04437, "time_iter_std": 0.00098, "accuracy": 0.64881, "accuracy_std": 0.0943, "accuracy_max": 0.7619, "precision": 0.66944, "precision_std": 0.39443, "recall": 0.325, "recall_std": 0.27042, "f1": 0.39943, "f1_std": 0.28845, "auc": 0.77898, "auc_std": 0.04741}
{"epoch": 11, "time_epoch": 0.48445, "time_epoch_std": 0.00775, "eta": 138.14828, "eta_std": 3.51424, "eta_hours": 0.03838, "eta_hours_std": 0.00097, "loss": 0.64979, "loss_std": 0.02327, "lr": 0.00097, "lr_std": 0.0, "params": 9207.0, "params_std": 0.0, "time_iter": 0.04404, "time_iter_std": 0.0007, "accuracy": 0.70238, "accuracy_std": 0.08667, "accuracy_max": 0.80952, "precision": 0.90251, "precision_std": 0.05836, "recall": 0.4375, "recall_std": 0.22185, "f1": 0.5445, "f1_std": 0.22413, "auc": 0.85057, "auc_std": 0.05828}
{"epoch": 12, "time_epoch": 0.48517, "time_epoch_std": 0.00689, "eta": 129.3193, "eta_std": 3.22937, "eta_hours": 0.03592, "eta_hours_std": 0.00089, "loss": 0.63801, "loss_std": 0.02707, "lr": 0.00096, "lr_std": 0.0, "params": 9207.0, "params_std": 0.0, "time_iter": 0.0441, "time_iter_std": 0.00063, "accuracy": 0.69048, "accuracy_std": 0.03765, "accuracy_max": 0.7381, "precision": 0.81607, "precision_std": 0.11047, "recall": 0.4875, "recall_std": 0.14307, "f1": 0.58516, "f1_std": 0.11297, "auc": 0.82386, "auc_std": 0.01546}
{"epoch": 13, "time_epoch": 0.48763, "time_epoch_std": 0.01027, "eta": 121.69738, "eta_std": 2.97558, "eta_hours": 0.0338, "eta_hours_std": 0.00083, "loss": 0.60479, "loss_std": 0.03889, "lr": 0.00096, "lr_std": 0.0, "params": 9207.0, "params_std": 0.0, "time_iter": 0.04433, "time_iter_std": 0.00093, "accuracy": 0.74405, "accuracy_std": 0.03521, "accuracy_max": 0.78571, "precision": 0.8375, "precision_std": 0.10696, "recall": 0.6, "recall_std": 0.1118, "f1": 0.68553, "f1_std": 0.06102, "auc": 0.8733, "auc_std": 0.04262}
{"epoch": 14, "time_epoch": 0.48653, "time_epoch_std": 0.00585, "eta": 115.02048, "eta_std": 2.76292, "eta_hours": 0.03195, "eta_hours_std": 0.00077, "loss": 0.57352, "loss_std": 0.03955, "lr": 0.00095, "lr_std": 0.0, "params": 9207.0, "params_std": 0.0, "time_iter": 0.04423, "time_iter_std": 0.00053, "accuracy": 0.7619, "accuracy_std": 0.0505, "accuracy_max": 0.80952, "precision": 0.83858, "precision_std": 0.07495, "recall": 0.6375, "recall_std": 0.14737, "f1": 0.7086, "f1_std": 0.09513, "auc": 0.87784, "auc_std": 0.01806}
{"epoch": 15, "time_epoch": 0.48908, "time_epoch_std": 0.00597, "eta": 109.13076, "eta_std": 2.57088, "eta_hours": 0.03031, "eta_hours_std": 0.00071, "loss": 0.54225, "loss_std": 0.04453, "lr": 0.00095, "lr_std": 0.0, "params": 9207.0, "params_std": 0.0, "time_iter": 0.04446, "time_iter_std": 0.00054, "accuracy": 0.81547, "accuracy_std": 0.01974, "accuracy_max": 0.83333, "precision": 0.89159, "precision_std": 0.07884, "recall": 0.7125, "recall_std": 0.08927, "f1": 0.78401, "f1_std": 0.03242, "auc": 0.90284, "auc_std": 0.01228}
{"epoch": 16, "time_epoch": 0.48998, "time_epoch_std": 0.00584, "eta": 103.88082, "eta_std": 2.41389, "eta_hours": 0.02885, "eta_hours_std": 0.00067, "loss": 0.49257, "loss_std": 0.04314, "lr": 0.00094, "lr_std": 0.0, "params": 9207.0, "params_std": 0.0, "time_iter": 0.04454, "time_iter_std": 0.00053, "accuracy": 0.80952, "accuracy_std": 0.05324, "accuracy_max": 0.88095, "precision": 0.8535, "precision_std": 0.05036, "recall": 0.725, "recall_std": 0.10897, "f1": 0.78013, "f1_std": 0.06972, "auc": 0.8983, "auc_std": 0.02752}
{"epoch": 17, "time_epoch": 0.48711, "time_epoch_std": 0.01002, "eta": 99.14668, "eta_std": 2.26557, "eta_hours": 0.02754, "eta_hours_std": 0.00063, "loss": 0.47724, "loss_std": 0.03579, "lr": 0.00093, "lr_std": 0.0, "params": 9207.0, "params_std": 0.0, "time_iter": 0.04428, "time_iter_std": 0.00091, "accuracy": 0.79166, "accuracy_std": 0.04251, "accuracy_max": 0.83333, "precision": 0.84698, "precision_std": 0.05214, "recall": 0.6875, "recall_std": 0.07395, "f1": 0.75711, "f1_std": 0.05517, "auc": 0.88522, "auc_std": 0.04235}
{"epoch": 18, "time_epoch": 0.48514, "time_epoch_std": 0.01063, "eta": 94.8512, "eta_std": 2.14734, "eta_hours": 0.02635, "eta_hours_std": 0.0006, "loss": 0.46544, "loss_std": 0.04812, "lr": 0.00092, "lr_std": 0.0, "params": 9207.0, "params_std": 0.0, "time_iter": 0.0441, "time_iter_std": 0.00097, "accuracy": 0.85119, "accuracy_std": 0.01031, "accuracy_max": 0.85714, "precision": 0.88164, "precision_std": 0.0687, "recall": 0.8125, "recall_std": 0.10825, "f1": 0.83676, "f1_std": 0.02106, "auc": 0.88523, "auc_std": 0.03478}
{"epoch": 19, "time_epoch": 0.48618, "time_epoch_std": 0.01324, "eta": 90.9409, "eta_std": 2.03637, "eta_hours": 0.02526, "eta_hours_std": 0.00057, "loss": 0.41447, "loss_std": 0.06844, "lr": 0.00091, "lr_std": 0.0, "params": 9207.0, "params_std": 0.0, "time_iter": 0.0442, "time_iter_std": 0.0012, "accuracy": 0.82738, "accuracy_std": 0.05423, "accuracy_max": 0.88095, "precision": 0.86044, "precision_std": 0.05779, "recall": 0.7625, "recall_std": 0.10232, "f1": 0.80503, "f1_std": 0.07086, "auc": 0.90909, "auc_std": 0.0484}
{"epoch": 20, "time_epoch": 0.48754, "time_epoch_std": 0.00933, "eta": 87.36182, "eta_std": 1.9355, "eta_hours": 0.02426, "eta_hours_std": 0.00054, "loss": 0.42211, "loss_std": 0.08401, "lr": 0.0009, "lr_std": 0.0, "params": 9207.0, "params_std": 0.0, "time_iter": 0.04432, "time_iter_std": 0.00085, "accuracy": 0.82738, "accuracy_std": 0.04572, "accuracy_max": 0.88095, "precision": 0.87517, "precision_std": 0.03799, "recall": 0.75, "recall_std": 0.13693, "f1": 0.7991, "f1_std": 0.06871, "auc": 0.89546, "auc_std": 0.05393}
{"epoch": 21, "time_epoch": 0.48888, "time_epoch_std": 0.01195, "eta": 84.06856, "eta_std": 1.84076, "eta_hours": 0.02335, "eta_hours_std": 0.00051, "loss": 0.34776, "loss_std": 0.05609, "lr": 0.0009, "lr_std": 0.0, "params": 9207.0, "params_std": 0.0, "time_iter": 0.04444, "time_iter_std": 0.00109, "accuracy": 0.85119, "accuracy_std": 0.01974, "accuracy_max": 0.88095, "precision": 0.89376, "precision_std": 0.04913, "recall": 0.7875, "recall_std": 0.07395, "f1": 0.8332, "f1_std": 0.02819, "auc": 0.9392, "auc_std": 0.02523}
{"epoch": 22, "time_epoch": 0.49894, "time_epoch_std": 0.01431, "eta": 81.05283, "eta_std": 1.74756, "eta_hours": 0.02252, "eta_hours_std": 0.00049, "loss": 0.3114, "loss_std": 0.06943, "lr": 0.00089, "lr_std": 0.0, "params": 9207.0, "params_std": 0.0, "time_iter": 0.04536, "time_iter_std": 0.0013, "accuracy": 0.88095, "accuracy_std": 0.07339, "accuracy_max": 0.95238, "precision": 0.88725, "precision_std": 0.0898, "recall": 0.8625, "recall_std": 0.07395, "f1": 0.87397, "f1_std": 0.07768, "auc": 0.95568, "auc_std": 0.04283}
{"epoch": 23, "time_epoch": 0.50141, "time_epoch_std": 0.01421, "eta": 78.25464, "eta_std": 1.6678, "eta_hours": 0.02174, "eta_hours_std": 0.00046, "loss": 0.28041, "loss_std": 0.07509, "lr": 0.00088, "lr_std": 0.0, "params": 9207.0, "params_std": 0.0, "time_iter": 0.04558, "time_iter_std": 0.00129, "accuracy": 0.89286, "accuracy_std": 0.04909, "accuracy_max": 0.95238, "precision": 0.91865, "precision_std": 0.02669, "recall": 0.85, "recall_std": 0.1, "f1": 0.88024, "f1_std": 0.05928, "auc": 0.96591, "auc_std": 0.0355}
{"epoch": 24, "time_epoch": 0.49976, "time_epoch_std": 0.01247, "eta": 75.63524, "eta_std": 1.58822, "eta_hours": 0.02101, "eta_hours_std": 0.00044, "loss": 0.31113, "loss_std": 0.0881, "lr": 0.00086, "lr_std": 0.0, "params": 9207.0, "params_std": 0.0, "time_iter": 0.04543, "time_iter_std": 0.00114, "accuracy": 0.89286, "accuracy_std": 0.04292, "accuracy_max": 0.95238, "precision": 0.90782, "precision_std": 0.04361, "recall": 0.8625, "recall_std": 0.05449, "f1": 0.88426, "f1_std": 0.04651, "auc": 0.94318, "auc_std": 0.03976}
{"epoch": 25, "time_epoch": 0.49946, "time_epoch_std": 0.02092, "eta": 73.17806, "eta_std": 1.51513, "eta_hours": 0.02033, "eta_hours_std": 0.00042, "loss": 0.28658, "loss_std": 0.09683, "lr": 0.00085, "lr_std": 0.0, "params": 9207.0, "params_std": 0.0, "time_iter": 0.04541, "time_iter_std": 0.0019, "accuracy": 0.86904, "accuracy_std": 0.07043, "accuracy_max": 0.95238, "precision": 0.86566, "precision_std": 0.08508, "recall": 0.8625, "recall_std": 0.07395, "f1": 0.86297, "f1_std": 0.07311, "auc": 0.95795, "auc_std": 0.03791}
{"epoch": 26, "time_epoch": 0.49848, "time_epoch_std": 0.01532, "eta": 70.86324, "eta_std": 1.45045, "eta_hours": 0.01968, "eta_hours_std": 0.0004, "loss": 0.27107, "loss_std": 0.03893, "lr": 0.00084, "lr_std": 0.0, "params": 9207.0, "params_std": 0.0, "time_iter": 0.04532, "time_iter_std": 0.00139, "accuracy": 0.89286, "accuracy_std": 0.03948, "accuracy_max": 0.92857, "precision": 0.90886, "precision_std": 0.04183, "recall": 0.8625, "recall_std": 0.06495, "f1": 0.88382, "f1_std": 0.04404, "auc": 0.95682, "auc_std": 0.01286}
{"epoch": 27, "time_epoch": 0.49803, "time_epoch_std": 0.0161, "eta": 68.677, "eta_std": 1.38712, "eta_hours": 0.01908, "eta_hours_std": 0.00038, "loss": 0.26871, "loss_std": 0.08744, "lr": 0.00083, "lr_std": 0.0, "params": 9207.0, "params_std": 0.0, "time_iter": 0.04528, "time_iter_std": 0.00147, "accuracy": 0.8869, "accuracy_std": 0.03903, "accuracy_max": 0.95238, "precision": 0.90045, "precision_std": 0.06489, "recall": 0.8625, "recall_std": 0.04146, "f1": 0.8796, "f1_std": 0.04051, "auc": 0.95512, "auc_std": 0.02991}
{"epoch": 28, "time_epoch": 0.50137, "time_epoch_std": 0.01592, "eta": 66.61536, "eta_std": 1.33348, "eta_hours": 0.0185, "eta_hours_std": 0.00037, "loss": 0.24378, "loss_std": 0.08845, "lr": 0.00082, "lr_std": 0.0, "params": 9207.0, "params_std": 0.0, "time_iter": 0.04558, "time_iter_std": 0.00145, "accuracy": 0.91666, "accuracy_std": 0.04292, "accuracy_max": 0.97619, "precision": 0.9275, "precision_std": 0.06687, "recall": 0.9, "recall_std": 0.03536, "f1": 0.91233, "f1_std": 0.04277, "auc": 0.96136, "auc_std": 0.03532}
{"epoch": 29, "time_epoch": 0.50043, "time_epoch_std": 0.02038, "eta": 64.65556, "eta_std": 1.28401, "eta_hours": 0.01796, "eta_hours_std": 0.00036, "loss": 0.2, "loss_std": 0.03527, "lr": 0.00081, "lr_std": 0.0, "params": 9207.0, "params_std": 0.0, "time_iter": 0.04549, "time_iter_std": 0.00185, "accuracy": 0.91071, "accuracy_std": 0.03093, "accuracy_max": 0.95238, "precision": 0.94803, "precision_std": 0.03723, "recall": 0.8625, "recall_std": 0.07395, "f1": 0.9005, "f1_std": 0.03763, "auc": 0.97898, "auc_std": 0.00982}
{"epoch": 30, "time_epoch": 0.50148, "time_epoch_std": 0.01476, "eta": 62.79224, "eta_std": 1.23874, "eta_hours": 0.01744, "eta_hours_std": 0.00034, "loss": 0.1552, "loss_std": 0.03284, "lr": 0.00079, "lr_std": 0.0, "params": 9207.0, "params_std": 0.0, "time_iter": 0.04559, "time_iter_std": 0.00134, "accuracy": 0.95238, "accuracy_std": 0.01684, "accuracy_max": 0.97619, "precision": 0.96739, "precision_std": 0.05648, "recall": 0.9375, "recall_std": 0.04146, "f1": 0.94983, "f1_std": 0.0158, "auc": 0.98523, "auc_std": 0.00468}
{"epoch": 31, "time_epoch": 0.49902, "time_epoch_std": 0.0164, "eta": 61.0088, "eta_std": 1.19227, "eta_hours": 0.01694, "eta_hours_std": 0.00033, "loss": 0.21588, "loss_std": 0.02464, "lr": 0.00078, "lr_std": 0.0, "params": 9207.0, "params_std": 0.0, "time_iter": 0.04536, "time_iter_std": 0.00149, "accuracy": 0.91071, "accuracy_std": 0.03093, "accuracy_max": 0.95238, "precision": 0.91428, "precision_std": 0.08806, "recall": 0.9125, "recall_std": 0.05449, "f1": 0.90831, "f1_std": 0.02707, "auc": 0.97898, "auc_std": 0.01279}
{"epoch": 32, "time_epoch": 0.49682, "time_epoch_std": 0.01706, "eta": 59.29875, "eta_std": 1.15364, "eta_hours": 0.01647, "eta_hours_std": 0.00032, "loss": 0.19726, "loss_std": 0.04696, "lr": 0.00077, "lr_std": 0.0, "params": 9207.0, "params_std": 0.0, "time_iter": 0.04516, "time_iter_std": 0.00155, "accuracy": 0.92857, "accuracy_std": 0.02381, "accuracy_max": 0.95238, "precision": 0.93838, "precision_std": 0.03926, "recall": 0.9125, "recall_std": 0.05449, "f1": 0.92362, "f1_std": 0.02638, "auc": 0.97556, "auc_std": 0.01459}
{"epoch": 33, "time_epoch": 0.49614, "time_epoch_std": 0.01302, "eta": 57.65874, "eta_std": 1.1122, "eta_hours": 0.01602, "eta_hours_std": 0.00031, "loss": 0.17526, "loss_std": 0.10522, "lr": 0.00075, "lr_std": 0.0, "params": 9207.0, "params_std": 0.0, "time_iter": 0.0451, "time_iter_std": 0.00119, "accuracy": 0.92262, "accuracy_std": 0.06602, "accuracy_max": 0.97619, "precision": 0.93393, "precision_std": 0.06141, "recall": 0.9, "recall_std": 0.09354, "f1": 0.91561, "f1_std": 0.07366, "auc": 0.98068, "auc_std": 0.02594}
{"epoch": 34, "time_epoch": 0.49643, "time_epoch_std": 0.01274, "eta": 56.08464, "eta_std": 1.08001, "eta_hours": 0.01558, "eta_hours_std": 0.0003, "loss": 0.17812, "loss_std": 0.09146, "lr": 0.00074, "lr_std": 0.0, "params": 9207.0, "params_std": 0.0, "time_iter": 0.04513, "time_iter_std": 0.00116, "accuracy": 0.94643, "accuracy_std": 0.02595, "accuracy_max": 0.97619, "precision": 0.94921, "precision_std": 0.00292, "recall": 0.9375, "recall_std": 0.05449, "f1": 0.94259, "f1_std": 0.02954, "auc": 0.97955, "auc_std": 0.02516}
{"epoch": 35, "time_epoch": 0.50038, "time_epoch_std": 0.01184, "eta": 54.57743, "eta_std": 1.04333, "eta_hours": 0.01516, "eta_hours_std": 0.00029, "loss": 0.30905, "loss_std": 0.19178, "lr": 0.00073, "lr_std": 0.0, "params": 9207.0, "params_std": 0.0, "time_iter": 0.04549, "time_iter_std": 0.00108, "accuracy": 0.86309, "accuracy_std": 0.06383, "accuracy_max": 0.92857, "precision": 0.89178, "precision_std": 0.05586, "recall": 0.8125, "recall_std": 0.12437, "f1": 0.84521, "f1_std": 0.08377, "auc": 0.94318, "auc_std": 0.0552}
{"epoch": 36, "time_epoch": 0.49976, "time_epoch_std": 0.01785, "eta": 53.12357, "eta_std": 1.0156, "eta_hours": 0.01476, "eta_hours_std": 0.00028, "loss": 0.075, "loss_std": 0.01907, "lr": 0.00071, "lr_std": 0.0, "params": 9207.0, "params_std": 0.0, "time_iter": 0.04543, "time_iter_std": 0.00162, "accuracy": 1.0, "accuracy_std": 0.0, "accuracy_max": 1.0, "precision": 1.0, "precision_std": 0.0, "recall": 1.0, "recall_std": 0.0, "f1": 1.0, "f1_std": 0.0, "auc": 1.0, "auc_std": 0.0}
{"epoch": 37, "time_epoch": 0.499, "time_epoch_std": 0.01706, "eta": 51.7187, "eta_std": 0.98668, "eta_hours": 0.01436, "eta_hours_std": 0.00027, "loss": 0.21286, "loss_std": 0.06491, "lr": 0.0007, "lr_std": 0.0, "params": 9207.0, "params_std": 0.0, "time_iter": 0.04536, "time_iter_std": 0.00155, "accuracy": 0.94643, "accuracy_std": 0.01974, "accuracy_max": 0.97619, "precision": 0.95113, "precision_std": 0.03374, "recall": 0.9375, "recall_std": 0.04146, "f1": 0.94322, "f1_std": 0.02086, "auc": 0.9733, "auc_std": 0.01586}
{"epoch": 38, "time_epoch": 0.49964, "time_epoch_std": 0.01954, "eta": 50.36129, "eta_std": 0.96163, "eta_hours": 0.01399, "eta_hours_std": 0.00027, "loss": 0.16597, "loss_std": 0.03048, "lr": 0.00068, "lr_std": 0.0, "params": 9207.0, "params_std": 0.0, "time_iter": 0.04542, "time_iter_std": 0.00178, "accuracy": 0.94048, "accuracy_std": 0.0119, "accuracy_max": 0.95238, "precision": 0.96369, "precision_std": 0.03968, "recall": 0.9125, "recall_std": 0.04146, "f1": 0.93578, "f1_std": 0.01324, "auc": 0.98522, "auc_std": 0.01035}
{"epoch": 39, "time_epoch": 0.49742, "time_epoch_std": 0.01503, "eta": 49.04343, "eta_std": 0.93488, "eta_hours": 0.01362, "eta_hours_std": 0.00026, "loss": 0.14937, "loss_std": 0.08473, "lr": 0.00067, "lr_std": 0.0, "params": 9207.0, "params_std": 0.0, "time_iter": 0.04522, "time_iter_std": 0.00137, "accuracy": 0.94048, "accuracy_std": 0.02662, "accuracy_max": 0.97619, "precision": 0.94085, "precision_std": 0.04908, "recall": 0.9375, "recall_std": 0.04146, "f1": 0.9377, "f1_std": 0.0266, "auc": 0.9858, "auc_std": 0.01468}
{"epoch": 40, "time_epoch": 0.50043, "time_epoch_std": 0.01588, "eta": 47.76992, "eta_std": 0.91214, "eta_hours": 0.01327, "eta_hours_std": 0.00025, "loss": 0.28464, "loss_std": 0.11516, "lr": 0.00065, "lr_std": 0.0, "params": 9207.0, "params_std": 0.0, "time_iter": 0.04549, "time_iter_std": 0.00144, "accuracy": 0.91666, "accuracy_std": 0.04292, "accuracy_max": 0.97619, "precision": 0.9073, "precision_std": 0.07079, "recall": 0.925, "recall_std": 0.025, "f1": 0.91484, "f1_std": 0.04196, "auc": 0.96194, "auc_std": 0.01828}
{"epoch": 41, "time_epoch": 0.49867, "time_epoch_std": 0.0184, "eta": 46.5308, "eta_std": 0.88986, "eta_hours": 0.01293, "eta_hours_std": 0.00025, "loss": 0.22818, "loss_std": 0.14952, "lr": 0.00064, "lr_std": 0.0, "params": 9207.0, "params_std": 0.0, "time_iter": 0.04534, "time_iter_std": 0.00167, "accuracy": 0.93452, "accuracy_std": 0.04872, "accuracy_max": 0.97619, "precision": 0.93651, "precision_std": 0.04347, "recall": 0.925, "recall_std": 0.075, "f1": 0.92973, "f1_std": 0.05427, "auc": 0.96818, "auc_std": 0.03246}
{"epoch": 42, "time_epoch": 0.49881, "time_epoch_std": 0.02203, "eta": 45.3263, "eta_std": 0.87006, "eta_hours": 0.01259, "eta_hours_std": 0.00024, "loss": 0.11493, "loss_std": 0.05673, "lr": 0.00062, "lr_std": 0.0, "params": 9207.0, "params_std": 0.0, "time_iter": 0.04534, "time_iter_std": 0.002, "accuracy": 0.95833, "accuracy_std": 0.03522, "accuracy_max": 1.0, "precision": 0.9415, "precision_std": 0.04918, "recall": 0.975, "recall_std": 0.025, "f1": 0.95759, "f1_std": 0.03526, "auc": 0.99432, "auc_std": 0.00591}
{"epoch": 43, "time_epoch": 0.49653, "time_epoch_std": 0.01456, "eta": 44.15098, "eta_std": 0.84985, "eta_hours": 0.01226, "eta_hours_std": 0.00024, "loss": 0.10805, "loss_std": 0.0659, "lr": 0.00061, "lr_std": 0.0, "params": 9207.0, "params_std": 0.0, "time_iter": 0.04514, "time_iter_std": 0.00133, "accuracy": 0.97024, "accuracy_std": 0.02595, "accuracy_max": 1.0, "precision": 0.9881, "precision_std": 0.02062, "recall": 0.95, "recall_std": 0.06124, "f1": 0.96722, "f1_std": 0.0297, "auc": 0.9892, "auc_std": 0.01299}
{"epoch": 44, "time_epoch": 0.50175, "time_epoch_std": 0.01713, "eta": 43.01221, "eta_std": 0.82678, "eta_hours": 0.01194, "eta_hours_std": 0.00023, "loss": 0.12741, "loss_std": 0.04278, "lr": 0.00059, "lr_std": 0.0, "params": 9207.0, "params_std": 0.0, "time_iter": 0.04561, "time_iter_std": 0.00156, "accuracy": 0.94643, "accuracy_std": 0.01974, "accuracy_max": 0.97619, "precision": 0.93988, "precision_std": 0.03932, "recall": 0.95, "recall_std": 0.0, "f1": 0.9445, "f1_std": 0.01966, "auc": 0.9892, "auc_std": 0.00841}
{"epoch": 45, "time_epoch": 0.50542, "time_epoch_std": 0.01299, "eta": 41.90544, "eta_std": 0.79564, "eta_hours": 0.01164, "eta_hours_std": 0.00022, "loss": 0.21521, "loss_std": 0.08481, "lr": 0.00058, "lr_std": 0.0, "params": 9207.0, "params_std": 0.0, "time_iter": 0.04595, "time_iter_std": 0.00118, "accuracy": 0.91666, "accuracy_std": 0.03948, "accuracy_max": 0.95238, "precision": 0.912, "precision_std": 0.02308, "recall": 0.9125, "recall_std": 0.07395, "f1": 0.91112, "f1_std": 0.045, "auc": 0.96818, "auc_std": 0.02443}
{"epoch": 46, "time_epoch": 0.49874, "time_epoch_std": 0.01648, "eta": 40.81673, "eta_std": 0.77741, "eta_hours": 0.01134, "eta_hours_std": 0.00022, "loss": 0.28665, "loss_std": 0.05381, "lr": 0.00056, "lr_std": 0.0, "params": 9207.0, "params_std": 0.0, "time_iter": 0.04534, "time_iter_std": 0.0015, "accuracy": 0.89286, "accuracy_std": 0.02062, "accuracy_max": 0.90476, "precision": 0.88194, "precision_std": 0.04363, "recall": 0.9, "recall_std": 0.06124, "f1": 0.88846, "f1_std": 0.02279, "auc": 0.96136, "auc_std": 0.00977}
{"epoch": 47, "time_epoch": 0.5067, "time_epoch_std": 0.01764, "eta": 39.76123, "eta_std": 0.75184, "eta_hours": 0.01104, "eta_hours_std": 0.00021, "loss": 0.07733, "loss_std": 0.03357, "lr": 0.00055, "lr_std": 0.0, "params": 9207.0, "params_std": 0.0, "time_iter": 0.04606, "time_iter_std": 0.0016, "accuracy": 0.97024, "accuracy_std": 0.03093, "accuracy_max": 1.0, "precision": 0.97619, "precision_std": 0.04124, "recall": 0.9625, "recall_std": 0.04146, "f1": 0.96855, "f1_std": 0.03228, "auc": 0.99886, "auc_std": 0.00197}
{"epoch": 48, "time_epoch": 0.51316, "time_epoch_std": 0.02551, "eta": 38.73484, "eta_std": 0.71632, "eta_hours": 0.01076, "eta_hours_std": 0.0002, "loss": 0.09932, "loss_std": 0.04638, "lr": 0.00053, "lr_std": 0.0, "params": 9207.0, "params_std": 0.0, "time_iter": 0.04665, "time_iter_std": 0.00232, "accuracy": 0.97024, "accuracy_std": 0.01974, "accuracy_max": 1.0, "precision": 0.96477, "precision_std": 0.03808, "recall": 0.975, "recall_std": 0.025, "f1": 0.96918, "f1_std": 0.02017, "auc": 0.99375, "auc_std": 0.0067}
{"epoch": 49, "time_epoch": 0.49728, "time_epoch_std": 0.02307, "eta": 37.71311, "eta_std": 0.70278, "eta_hours": 0.01048, "eta_hours_std": 0.00019, "loss": 0.14058, "loss_std": 0.07999, "lr": 0.00052, "lr_std": 0.0, "params": 9207.0, "params_std": 0.0, "time_iter": 0.04521, "time_iter_std": 0.0021, "accuracy": 0.95238, "accuracy_std": 0.04454, "accuracy_max": 1.0, "precision": 0.95179, "precision_std": 0.05833, "recall": 0.95, "recall_std": 0.03536, "f1": 0.9506, "f1_std": 0.04547, "auc": 0.98296, "auc_std": 0.0152}
{"epoch": 50, "time_epoch": 0.47899, "time_epoch_std": 0.04118, "eta": 36.69436, "eta_std": 0.70178, "eta_hours": 0.01019, "eta_hours_std": 0.0002, "loss": 0.23479, "loss_std": 0.05988, "lr": 0.0005, "lr_std": 0.0, "params": 9207.0, "params_std": 0.0, "time_iter": 0.04354, "time_iter_std": 0.00375, "accuracy": 0.91666, "accuracy_std": 0.0119, "accuracy_max": 0.92857, "precision": 0.94795, "precision_std": 0.03543, "recall": 0.875, "recall_std": 0.025, "f1": 0.90918, "f1_std": 0.01205, "auc": 0.97102, "auc_std": 0.01217}
{"epoch": 51, "time_epoch": 0.47995, "time_epoch_std": 0.04357, "eta": 35.69727, "eta_std": 0.70265, "eta_hours": 0.00992, "eta_hours_std": 0.0002, "loss": 0.02722, "loss_std": 0.00383, "lr": 0.00048, "lr_std": 0.0, "params": 9207.0, "params_std": 0.0, "time_iter": 0.04363, "time_iter_std": 0.00396, "accuracy": 1.0, "accuracy_std": 0.0, "accuracy_max": 1.0, "precision": 1.0, "precision_std": 0.0, "recall": 1.0, "recall_std": 0.0, "f1": 1.0, "f1_std": 0.0, "auc": 1.0, "auc_std": 0.0}
{"epoch": 52, "time_epoch": 0.48117, "time_epoch_std": 0.04104, "eta": 34.72077, "eta_std": 0.70181, "eta_hours": 0.00965, "eta_hours_std": 0.00019, "loss": 0.11317, "loss_std": 0.02701, "lr": 0.00047, "lr_std": 0.0, "params": 9207.0, "params_std": 0.0, "time_iter": 0.04375, "time_iter_std": 0.00373, "accuracy": 0.95833, "accuracy_std": 0.01974, "accuracy_max": 0.97619, "precision": 0.96303, "precision_std": 0.02144, "recall": 0.95, "recall_std": 0.05, "f1": 0.95542, "f1_std": 0.02194, "auc": 0.99432, "auc_std": 0.00468}
{"epoch": 53, "time_epoch": 0.48066, "time_epoch_std": 0.04303, "eta": 33.76219, "eta_std": 0.70084, "eta_hours": 0.00938, "eta_hours_std": 0.0002, "loss": 0.07312, "loss_std": 0.03829, "lr": 0.00045, "lr_std": 0.0, "params": 9207.0, "params_std": 0.0, "time_iter": 0.0437, "time_iter_std": 0.00391, "accuracy": 0.97024, "accuracy_std": 0.01974, "accuracy_max": 1.0, "precision": 0.96537, "precision_std": 0.03786, "recall": 0.975, "recall_std": 0.0433, "f1": 0.96884, "f1_std": 0.02091, "auc": 0.99773, "auc_std": 0.00278}
{"epoch": 54, "time_epoch": 0.48772, "time_epoch_std": 0.02998, "eta": 32.82676, "eta_std": 0.69273, "eta_hours": 0.00912, "eta_hours_std": 0.00019, "loss": 0.1232, "loss_std": 0.07767, "lr": 0.00044, "lr_std": 0.0, "params": 9207.0, "params_std": 0.0, "time_iter": 0.04434, "time_iter_std": 0.00273, "accuracy": 0.95833, "accuracy_std": 0.03093, "accuracy_max": 0.97619, "precision": 0.9623, "precision_std": 0.02201, "recall": 0.95, "recall_std": 0.06124, "f1": 0.95508, "f1_std": 0.03484, "auc": 0.98977, "auc_std": 0.01271}
{"epoch": 55, "time_epoch": 0.48931, "time_epoch_std": 0.02506, "eta": 31.90857, "eta_std": 0.68101, "eta_hours": 0.00886, "eta_hours_std": 0.00019, "loss": 0.12179, "loss_std": 0.05415, "lr": 0.00042, "lr_std": 0.0, "params": 9207.0, "params_std": 0.0, "time_iter": 0.04448, "time_iter_std": 0.00228, "accuracy": 0.95833, "accuracy_std": 0.02595, "accuracy_max": 1.0, "precision": 0.94096, "precision_std": 0.03838, "recall": 0.975, "recall_std": 0.025, "f1": 0.9573, "f1_std": 0.0266, "auc": 0.99091, "auc_std": 0.00964}
{"epoch": 56, "time_epoch": 0.50577, "time_epoch_std": 0.01785, "eta": 31.01784, "eta_std": 0.66335, "eta_hours": 0.00861, "eta_hours_std": 0.00019, "loss": 0.22539, "loss_std": 0.0973, "lr": 0.00041, "lr_std": 0.0, "params": 9207.0, "params_std": 0.0, "time_iter": 0.04598, "time_iter_std": 0.00162, "accuracy": 0.91666, "accuracy_std": 0.04909, "accuracy_max": 0.97619, "precision": 0.93984, "precision_std": 0.07423, "recall": 0.8875, "recall_std": 0.05449, "f1": 0.91093, "f1_std": 0.05091, "auc": 0.96534, "auc_std": 0.02263}
{"epoch": 57, "time_epoch": 0.5009, "time_epoch_std": 0.01405, "eta": 30.13686, "eta_std": 0.64417, "eta_hours": 0.00837, "eta_hours_std": 0.00018, "loss": 0.10409, "loss_std": 0.07774, "lr": 0.00039, "lr_std": 0.0, "params": 9207.0, "params_std": 0.0, "time_iter": 0.04554, "time_iter_std": 0.00128, "accuracy": 0.95833, "accuracy_std": 0.03522, "accuracy_max": 1.0, "precision": 0.95341, "precision_std": 0.0557, "recall": 0.9625, "recall_std": 0.02165, "f1": 0.95728, "f1_std": 0.0351, "auc": 0.99204, "auc_std": 0.01023}
{"epoch": 58, "time_epoch": 0.49984, "time_epoch_std": 0.01479, "eta": 29.26803, "eta_std": 0.62588, "eta_hours": 0.00813, "eta_hours_std": 0.00017, "loss": 0.19601, "loss_std": 0.20209, "lr": 0.00038, "lr_std": 0.0, "params": 9207.0, "params_std": 0.0, "time_iter": 0.04544, "time_iter_std": 0.00135, "accuracy": 0.91071, "accuracy_std": 0.09279, "accuracy_max": 1.0, "precision": 0.91904, "precision_std": 0.08296, "recall": 0.8875, "recall_std": 0.13863, "f1": 0.90034, "f1_std": 0.10858, "auc": 0.96136, "auc_std": 0.05237}
{"epoch": 59, "time_epoch": 0.5017, "time_epoch_std": 0.01281, "eta": 28.41274, "eta_std": 0.60625, "eta_hours": 0.00789, "eta_hours_std": 0.00017, "loss": 0.08412, "loss_std": 0.06107, "lr": 0.00036, "lr_std": 0.0, "params": 9207.0, "params_std": 0.0, "time_iter": 0.04561, "time_iter_std": 0.00117, "accuracy": 0.97024, "accuracy_std": 0.01031, "accuracy_max": 0.97619, "precision": 0.95179, "precision_std": 0.00103, "recall": 0.9875, "recall_std": 0.02165, "f1": 0.96921, "f1_std": 0.01109, "auc": 0.99546, "auc_std": 0.00787}
{"epoch": 60, "time_epoch": 0.49947, "time_epoch_std": 0.01422, "eta": 27.56762, "eta_std": 0.58803, "eta_hours": 0.00766, "eta_hours_std": 0.00016, "loss": 0.23217, "loss_std": 0.15017, "lr": 0.00035, "lr_std": 0.0, "params": 9207.0, "params_std": 0.0, "time_iter": 0.04541, "time_iter_std": 0.00129, "accuracy": 0.89881, "accuracy_std": 0.08312, "accuracy_max": 0.97619, "precision": 0.9125, "precision_std": 0.10232, "recall": 0.875, "recall_std": 0.075, "f1": 0.89293, "f1_std": 0.08671, "auc": 0.96364, "auc_std": 0.03499}
{"epoch": 61, "time_epoch": 0.50072, "time_epoch_std": 0.01604, "eta": 26.73441, "eta_std": 0.57116, "eta_hours": 0.00743, "eta_hours_std": 0.00016, "loss": 0.0866, "loss_std": 0.07172, "lr": 0.00033, "lr_std": 0.0, "params": 9207.0, "params_std": 0.0, "time_iter": 0.04552, "time_iter_std": 0.00146, "accuracy": 0.95833, "accuracy_std": 0.04572, "accuracy_max": 1.0, "precision": 0.97368, "precision_std": 0.04558, "recall": 0.9375, "recall_std": 0.05449, "f1": 0.95513, "f1_std": 0.04924, "auc": 0.99375, "auc_std": 0.00956}
{"epoch": 62, "time_epoch": 0.49816, "time_epoch_std": 0.01215, "eta": 25.91026, "eta_std": 0.55289, "eta_hours": 0.0072, "eta_hours_std": 0.00015, "loss": 0.25476, "loss_std": 0.16148, "lr": 0.00032, "lr_std": 0.0, "params": 9207.0, "params_std": 0.0, "time_iter": 0.04529, "time_iter_std": 0.00111, "accuracy": 0.90476, "accuracy_std": 0.06521, "accuracy_max": 1.0, "precision": 0.93115, "precision_std": 0.04432, "recall": 0.8625, "recall_std": 0.11388, "f1": 0.89274, "f1_std": 0.07568, "auc": 0.9608, "auc_std": 0.03511}
{"epoch": 63, "time_epoch": 0.50038, "time_epoch_std": 0.01478, "eta": 25.09754, "eta_std": 0.53554, "eta_hours": 0.00697, "eta_hours_std": 0.00015, "loss": 0.10965, "loss_std": 0.04034, "lr": 0.0003, "lr_std": 0.0, "params": 9207.0, "params_std": 0.0, "time_iter": 0.04549, "time_iter_std": 0.00134, "accuracy": 0.96428, "accuracy_std": 0.0119, "accuracy_max": 0.97619, "precision": 0.96369, "precision_std": 0.02099, "recall": 0.9625, "recall_std": 0.04146, "f1": 0.96215, "f1_std": 0.01349, "auc": 0.99375, "auc_std": 0.00841}
{"epoch": 64, "time_epoch": 0.50198, "time_epoch_std": 0.0137, "eta": 24.29528, "eta_std": 0.5188, "eta_hours": 0.00675, "eta_hours_std": 0.00014, "loss": 0.08692, "loss_std": 0.05399, "lr": 0.00029, "lr_std": 0.0, "params": 9207.0, "params_std": 0.0, "time_iter": 0.04563, "time_iter_std": 0.00125, "accuracy": 0.96428, "accuracy_std": 0.02062, "accuracy_max": 0.97619, "precision": 0.96428, "precision_std": 0.02062, "recall": 0.9625, "recall_std": 0.06495, "f1": 0.96144, "f1_std": 0.02455, "auc": 0.99318, "auc_std": 0.00937}
{"epoch": 65, "time_epoch": 0.50316, "time_epoch_std": 0.01438, "eta": 23.50274, "eta_std": 0.50238, "eta_hours": 0.00653, "eta_hours_std": 0.00014, "loss": 0.12056, "loss_std": 0.09016, "lr": 0.00027, "lr_std": 0.0, "params": 9207.0, "params_std": 0.0, "time_iter": 0.04574, "time_iter_std": 0.00131, "accuracy": 0.93452, "accuracy_std": 0.05423, "accuracy_max": 1.0, "precision": 0.9089, "precision_std": 0.07023, "recall": 0.9625, "recall_std": 0.04146, "f1": 0.93434, "f1_std": 0.05419, "auc": 0.98807, "auc_std": 0.01319}
{"epoch": 66, "time_epoch": 0.49836, "time_epoch_std": 0.01369, "eta": 22.71648, "eta_std": 0.48593, "eta_hours": 0.00631, "eta_hours_std": 0.00014, "loss": 0.16713, "loss_std": 0.08238, "lr": 0.00026, "lr_std": 0.0, "params": 9207.0, "params_std": 0.0, "time_iter": 0.0453, "time_iter_std": 0.00124, "accuracy": 0.93452, "accuracy_std": 0.03093, "accuracy_max": 0.97619, "precision": 0.96111, "precision_std": 0.04194, "recall": 0.9, "recall_std": 0.03536, "f1": 0.92912, "f1_std": 0.0332, "auc": 0.98296, "auc_std": 0.01271}
{"epoch": 67, "time_epoch": 0.49922, "time_epoch_std": 0.01411, "eta": 21.93908, "eta_std": 0.47005, "eta_hours": 0.0061, "eta_hours_std": 0.00013, "loss": 0.15218, "loss_std": 0.07107, "lr": 0.00025, "lr_std": 0.0, "params": 9207.0, "params_std": 0.0, "time_iter": 0.04538, "time_iter_std": 0.00128, "accuracy": 0.93452, "accuracy_std": 0.04572, "accuracy_max": 0.97619, "precision": 0.94231, "precision_std": 0.09993, "recall": 0.9375, "recall_std": 0.04146, "f1": 0.93467, "f1_std": 0.03917, "auc": 0.98977, "auc_std": 0.00944}
{"epoch": 68, "time_epoch": 0.50158, "time_epoch_std": 0.01631, "eta": 21.17081, "eta_std": 0.45476, "eta_hours": 0.00588, "eta_hours_std": 0.00013, "loss": 0.14523, "loss_std": 0.12887, "lr": 0.00023, "lr_std": 0.0, "params": 9207.0, "params_std": 0.0, "time_iter": 0.0456, "time_iter_std": 0.00148, "accuracy": 0.95833, "accuracy_std": 0.03522, "accuracy_max": 1.0, "precision": 0.975, "precision_std": 0.0433, "recall": 0.9375, "recall_std": 0.04146, "f1": 0.95543, "f1_std": 0.03702, "auc": 0.9858, "auc_std": 0.01863}
{"epoch": 69, "time_epoch": 0.50278, "time_epoch_std": 0.01674, "eta": 20.41068, "eta_std": 0.43964, "eta_hours": 0.00567, "eta_hours_std": 0.00013, "loss": 0.10449, "loss_std": 0.03814, "lr": 0.00022, "lr_std": 0.0, "params": 9207.0, "params_std": 0.0, "time_iter": 0.0457, "time_iter_std": 0.00152, "accuracy": 0.94643, "accuracy_std": 0.01031, "accuracy_max": 0.95238, "precision": 0.95227, "precision_std": 0.03222, "recall": 0.9375, "recall_std": 0.05449, "f1": 0.94282, "f1_std": 0.01384, "auc": 0.99773, "auc_std": 0.00278}
{"epoch": 70, "time_epoch": 0.49991, "time_epoch_std": 0.01569, "eta": 19.65661, "eta_std": 0.42362, "eta_hours": 0.00546, "eta_hours_std": 0.00012, "loss": 0.04879, "loss_std": 0.03171, "lr": 0.00021, "lr_std": 0.0, "params": 9207.0, "params_std": 0.0, "time_iter": 0.04545, "time_iter_std": 0.00143, "accuracy": 0.98214, "accuracy_std": 0.01974, "accuracy_max": 1.0, "precision": 0.9881, "precision_std": 0.02062, "recall": 0.975, "recall_std": 0.0433, "f1": 0.98074, "f1_std": 0.02169, "auc": 0.99943, "auc_std": 0.00098}
{"epoch": 71, "time_epoch": 0.49971, "time_epoch_std": 0.01213, "eta": 18.90954, "eta_std": 0.40706, "eta_hours": 0.00525, "eta_hours_std": 0.00011, "loss": 0.15106, "loss_std": 0.05753, "lr": 0.00019, "lr_std": 0.0, "params": 9207.0, "params_std": 0.0, "time_iter": 0.04543, "time_iter_std": 0.0011, "accuracy": 0.93452, "accuracy_std": 0.01974, "accuracy_max": 0.95238, "precision": 0.96412, "precision_std": 0.03835, "recall": 0.9, "recall_std": 0.07071, "f1": 0.92793, "f1_std": 0.02512, "auc": 0.99318, "auc_std": 0.00754}
{"epoch": 72, "time_epoch": 0.50288, "time_epoch_std": 0.0134, "eta": 18.17041, "eta_std": 0.39155, "eta_hours": 0.00505, "eta_hours_std": 0.00011, "loss": 0.07564, "loss_std": 0.08246, "lr": 0.00018, "lr_std": 0.0, "params": 9207.0, "params_std": 0.0, "time_iter": 0.04572, "time_iter_std": 0.00122, "accuracy": 0.97619, "accuracy_std": 0.04124, "accuracy_max": 1.0, "precision": 0.98611, "precision_std": 0.02406, "recall": 0.9625, "recall_std": 0.06495, "f1": 0.97368, "f1_std": 0.04558, "auc": 0.99489, "auc_std": 0.00886}
{"epoch": 73, "time_epoch": 0.50039, "time_epoch_std": 0.01175, "eta": 17.43679, "eta_std": 0.37494, "eta_hours": 0.00484, "eta_hours_std": 0.0001, "loss": 0.23083, "loss_std": 0.10703, "lr": 0.00017, "lr_std": 0.0, "params": 9207.0, "params_std": 0.0, "time_iter": 0.04549, "time_iter_std": 0.00107, "accuracy": 0.91071, "accuracy_std": 0.04872, "accuracy_max": 0.95238, "precision": 0.94091, "precision_std": 0.04906, "recall": 0.875, "recall_std": 0.1299, "f1": 0.89816, "f1_std": 0.06629, "auc": 0.9767, "auc_std": 0.01249}
{"epoch": 74, "time_epoch": 0.49962, "time_epoch_std": 0.01086, "eta": 16.70914, "eta_std": 0.35858, "eta_hours": 0.00464, "eta_hours_std": 0.0001, "loss": 0.15919, "loss_std": 0.1231, "lr": 0.00016, "lr_std": 0.0, "params": 9207.0, "params_std": 0.0, "time_iter": 0.04542, "time_iter_std": 0.00099, "accuracy": 0.95238, "accuracy_std": 0.04762, "accuracy_max": 1.0, "precision": 0.97222, "precision_std": 0.02778, "recall": 0.925, "recall_std": 0.075, "f1": 0.94737, "f1_std": 0.05263, "auc": 0.97784, "auc_std": 0.02229}
{"epoch": 75, "time_epoch": 0.50316, "time_epoch_std": 0.01656, "eta": 15.9886, "eta_std": 0.34332, "eta_hours": 0.00444, "eta_hours_std": 9e-05, "loss": 0.11107, "loss_std": 0.08177, "lr": 0.00015, "lr_std": 0.0, "params": 9207.0, "params_std": 0.0, "time_iter": 0.04574, "time_iter_std": 0.00151, "accuracy": 0.95833, "accuracy_std": 0.03522, "accuracy_max": 1.0, "precision": 0.96537, "precision_std": 0.03786, "recall": 0.95, "recall_std": 0.0866, "f1": 0.95422, "f1_std": 0.04131, "auc": 0.99432, "auc_std": 0.00984}
{"epoch": 76, "time_epoch": 0.49886, "time_epoch_std": 0.01369, "eta": 15.27243, "eta_std": 0.32817, "eta_hours": 0.00424, "eta_hours_std": 9e-05, "loss": 0.08572, "loss_std": 0.03465, "lr": 0.00014, "lr_std": 0.0, "params": 9207.0, "params_std": 0.0, "time_iter": 0.04535, "time_iter_std": 0.00125, "accuracy": 0.96428, "accuracy_std": 0.0119, "accuracy_max": 0.97619, "precision": 1.0, "precision_std": 0.0, "recall": 0.925, "recall_std": 0.025, "f1": 0.96086, "f1_std": 0.01349, "auc": 0.99659, "auc_std": 0.00341}
{"epoch": 77, "time_epoch": 0.50219, "time_epoch_std": 0.0128, "eta": 14.56277, "eta_std": 0.31288, "eta_hours": 0.00404, "eta_hours_std": 9e-05, "loss": 0.14452, "loss_std": 0.08716, "lr": 0.00012, "lr_std": 0.0, "params": 9207.0, "params_std": 0.0, "time_iter": 0.04565, "time_iter_std": 0.00117, "accuracy": 0.93452, "accuracy_std": 0.05155, "accuracy_max": 1.0, "precision": 0.94792, "precision_std": 0.09021, "recall": 0.925, "recall_std": 0.0559, "f1": 0.93248, "f1_std": 0.04925, "auc": 0.99091, "auc_std": 0.01029}
{"epoch": 78, "time_epoch": 0.49818, "time_epoch_std": 0.0141, "eta": 13.85729, "eta_std": 0.29785, "eta_hours": 0.00385, "eta_hours_std": 8e-05, "loss": 0.15637, "loss_std": 0.08573, "lr": 0.00011, "lr_std": 0.0, "params": 9207.0, "params_std": 0.0, "time_iter": 0.04529, "time_iter_std": 0.00128, "accuracy": 0.92857, "accuracy_std": 0.04454, "accuracy_max": 0.97619, "precision": 0.9034, "precision_std": 0.07962, "recall": 0.9625, "recall_std": 0.04146, "f1": 0.92921, "f1_std": 0.04118, "auc": 0.98523, "auc_std": 0.01579}
{"epoch": 79, "time_epoch": 0.49996, "time_epoch_std": 0.01279, "eta": 13.15744, "eta_std": 0.28273, "eta_hours": 0.00365, "eta_hours_std": 8e-05, "loss": 0.10855, "loss_std": 0.04422, "lr": 0.0001, "lr_std": 0.0, "params": 9207.0, "params_std": 0.0, "time_iter": 0.04545, "time_iter_std": 0.00116, "accuracy": 0.95238, "accuracy_std": 0.02916, "accuracy_max": 1.0, "precision": 0.95238, "precision_std": 0.04762, "recall": 0.95, "recall_std": 0.03536, "f1": 0.95026, "f1_std": 0.02992, "auc": 0.99602, "auc_std": 0.00465}
{"epoch": 80, "time_epoch": 0.49911, "time_epoch_std": 0.01513, "eta": 12.46233, "eta_std": 0.26855, "eta_hours": 0.00346, "eta_hours_std": 8e-05, "loss": 0.11783, "loss_std": 0.07607, "lr": 0.0001, "lr_std": 0.0, "params": 9207.0, "params_std": 0.0, "time_iter": 0.04537, "time_iter_std": 0.00137, "accuracy": 0.94643, "accuracy_std": 0.03522, "accuracy_max": 1.0, "precision": 0.9623, "precision_std": 0.04023, "recall": 0.925, "recall_std": 0.0559, "f1": 0.94224, "f1_std": 0.03826, "auc": 0.99432, "auc_std": 0.00591}
{"epoch": 81, "time_epoch": 0.49767, "time_epoch_std": 0.01228, "eta": 11.77168, "eta_std": 0.25357, "eta_hours": 0.00327, "eta_hours_std": 7e-05, "loss": 0.18879, "loss_std": 0.13804, "lr": 9e-05, "lr_std": 0.0, "params": 9207.0, "params_std": 0.0, "time_iter": 0.04524, "time_iter_std": 0.00112, "accuracy": 0.91666, "accuracy_std": 0.05952, "accuracy_max": 1.0, "precision": 0.95072, "precision_std": 0.05419, "recall": 0.875, "recall_std": 0.1299, "f1": 0.90478, "f1_std": 0.07236, "auc": 0.97727, "auc_std": 0.02323}
{"epoch": 82, "time_epoch": 0.49886, "time_epoch_std": 0.01328, "eta": 11.08593, "eta_std": 0.23859, "eta_hours": 0.00308, "eta_hours_std": 7e-05, "loss": 0.05472, "loss_std": 0.03041, "lr": 8e-05, "lr_std": 0.0, "params": 9207.0, "params_std": 0.0, "time_iter": 0.04535, "time_iter_std": 0.00121, "accuracy": 0.97619, "accuracy_std": 0.01684, "accuracy_max": 1.0, "precision": 0.95346, "precision_std": 0.03216, "recall": 1.0, "recall_std": 0.0, "f1": 0.9759, "f1_std": 0.01684, "auc": 0.99886, "auc_std": 0.00197}
{"epoch": 83, "time_epoch": 0.49896, "time_epoch_std": 0.01549, "eta": 10.40464, "eta_std": 0.22453, "eta_hours": 0.00289, "eta_hours_std": 7e-05, "loss": 0.10119, "loss_std": 0.084, "lr": 7e-05, "lr_std": 0.0, "params": 9207.0, "params_std": 0.0, "time_iter": 0.04536, "time_iter_std": 0.00141, "accuracy": 0.96428, "accuracy_std": 0.03571, "accuracy_max": 1.0, "precision": 0.97369, "precision_std": 0.02631, "recall": 0.95, "recall_std": 0.05, "f1": 0.96154, "f1_std": 0.03846, "auc": 0.99205, "auc_std": 0.00858}
{"epoch": 84, "time_epoch": 0.49786, "time_epoch_std": 0.01305, "eta": 9.72745, "eta_std": 0.20991, "eta_hours": 0.0027, "eta_hours_std": 6e-05, "loss": 0.13265, "loss_std": 0.08168, "lr": 6e-05, "lr_std": 0.0, "params": 9207.0, "params_std": 0.0, "time_iter": 0.04526, "time_iter_std": 0.00118, "accuracy": 0.94048, "accuracy_std": 0.04292, "accuracy_max": 1.0, "precision": 0.95096, "precision_std": 0.0493, "recall": 0.925, "recall_std": 0.075, "f1": 0.93577, "f1_std": 0.04685, "auc": 0.98807, "auc_std": 0.01196}
{"epoch": 85, "time_epoch": 0.49768, "time_epoch_std": 0.01319, "eta": 9.0544, "eta_std": 0.19551, "eta_hours": 0.00252, "eta_hours_std": 5e-05, "loss": 0.07909, "loss_std": 0.08235, "lr": 5e-05, "lr_std": 0.0, "params": 9207.0, "params_std": 0.0, "time_iter": 0.04524, "time_iter_std": 0.0012, "accuracy": 0.97024, "accuracy_std": 0.03093, "accuracy_max": 1.0, "precision": 0.96412, "precision_std": 0.03835, "recall": 0.975, "recall_std": 0.0433, "f1": 0.96887, "f1_std": 0.03281, "auc": 0.99546, "auc_std": 0.00787}
{"epoch": 86, "time_epoch": 0.50157, "time_epoch_std": 0.01222, "eta": 8.38597, "eta_std": 0.1811, "eta_hours": 0.00233, "eta_hours_std": 5e-05, "loss": 0.05615, "loss_std": 0.02773, "lr": 5e-05, "lr_std": 0.0, "params": 9207.0, "params_std": 0.0, "time_iter": 0.0456, "time_iter_std": 0.00111, "accuracy": 0.98214, "accuracy_std": 0.01974, "accuracy_max": 1.0, "precision": 0.97727, "precision_std": 0.03937, "recall": 0.9875, "recall_std": 0.02165, "f1": 0.98168, "f1_std": 0.0199, "auc": 0.99886, "auc_std": 0.00197}
{"epoch": 87, "time_epoch": 0.49902, "time_epoch_std": 0.01361, "eta": 7.72098, "eta_std": 0.16698, "eta_hours": 0.00215, "eta_hours_std": 5e-05, "loss": 0.08109, "loss_std": 0.04349, "lr": 4e-05, "lr_std": 0.0, "params": 9207.0, "params_std": 0.0, "time_iter": 0.04537, "time_iter_std": 0.00124, "accuracy": 0.97024, "accuracy_std": 0.01974, "accuracy_max": 1.0, "precision": 0.9875, "precision_std": 0.02165, "recall": 0.95, "recall_std": 0.03536, "f1": 0.96793, "f1_std": 0.0213, "auc": 0.99659, "auc_std": 0.00377}
{"epoch": 88, "time_epoch": 0.49625, "time_epoch_std": 0.01284, "eta": 7.05937, "eta_std": 0.15273, "eta_hours": 0.00196, "eta_hours_std": 4e-05, "loss": 0.11792, "loss_std": 0.08206, "lr": 4e-05, "lr_std": 0.0, "params": 9207.0, "params_std": 0.0, "time_iter": 0.04512, "time_iter_std": 0.00117, "accuracy": 0.95833, "accuracy_std": 0.03093, "accuracy_max": 1.0, "precision": 0.96428, "precision_std": 0.03948, "recall": 0.95, "recall_std": 0.06124, "f1": 0.95534, "f1_std": 0.03371, "auc": 0.99204, "auc_std": 0.00812}
{"epoch": 89, "time_epoch": 0.50005, "time_epoch_std": 0.01123, "eta": 6.40187, "eta_std": 0.13819, "eta_hours": 0.00178, "eta_hours_std": 4e-05, "loss": 0.06008, "loss_std": 0.03689, "lr": 3e-05, "lr_std": 0.0, "params": 9207.0, "params_std": 0.0, "time_iter": 0.04546, "time_iter_std": 0.00102, "accuracy": 0.9881, "accuracy_std": 0.0119, "accuracy_max": 1.0, "precision": 0.97619, "precision_std": 0.02381, "recall": 1.0, "recall_std": 0.0, "f1": 0.9878, "f1_std": 0.0122, "auc": 0.99886, "auc_std": 0.00197}
{"epoch": 90, "time_epoch": 0.49899, "time_epoch_std": 0.01382, "eta": 5.74772, "eta_std": 0.12421, "eta_hours": 0.0016, "eta_hours_std": 3e-05, "loss": 0.08987, "loss_std": 0.09423, "lr": 2e-05, "lr_std": 0.0, "params": 9207.0, "params_std": 0.0, "time_iter": 0.04536, "time_iter_std": 0.00126, "accuracy": 0.95833, "accuracy_std": 0.04872, "accuracy_max": 1.0, "precision": 0.94156, "precision_std": 0.06126, "recall": 0.975, "recall_std": 0.0433, "f1": 0.95761, "f1_std": 0.04988, "auc": 0.98977, "auc_std": 0.01771}
{"epoch": 91, "time_epoch": 0.49964, "time_epoch_std": 0.01473, "eta": 5.09699, "eta_std": 0.11026, "eta_hours": 0.00142, "eta_hours_std": 3e-05, "loss": 0.12634, "loss_std": 0.08012, "lr": 2e-05, "lr_std": 0.0, "params": 9207.0, "params_std": 0.0, "time_iter": 0.04542, "time_iter_std": 0.00134, "accuracy": 0.94643, "accuracy_std": 0.03093, "accuracy_max": 1.0, "precision": 0.93042, "precision_std": 0.04871, "recall": 0.9625, "recall_std": 0.04146, "f1": 0.94504, "f1_std": 0.03183, "auc": 0.98693, "auc_std": 0.01046}
{"epoch": 92, "time_epoch": 0.49987, "time_epoch_std": 0.01422, "eta": 4.44954, "eta_std": 0.09634, "eta_hours": 0.00124, "eta_hours_std": 3e-05, "loss": 0.19574, "loss_std": 0.08353, "lr": 2e-05, "lr_std": 0.0, "params": 9207.0, "params_std": 0.0, "time_iter": 0.04544, "time_iter_std": 0.00129, "accuracy": 0.90476, "accuracy_std": 0.03765, "accuracy_max": 0.95238, "precision": 0.91711, "precision_std": 0.06577, "recall": 0.8875, "recall_std": 0.07395, "f1": 0.89832, "f1_std": 0.03925, "auc": 0.97557, "auc_std": 0.01561}
{"epoch": 93, "time_epoch": 0.50094, "time_epoch_std": 0.01471, "eta": 3.80529, "eta_std": 0.08259, "eta_hours": 0.00106, "eta_hours_std": 2e-05, "loss": 0.05154, "loss_std": 0.05321, "lr": 1e-05, "lr_std": 0.0, "params": 9207.0, "params_std": 0.0, "time_iter": 0.04554, "time_iter_std": 0.00134, "accuracy": 0.98214, "accuracy_std": 0.01974, "accuracy_max": 1.0, "precision": 0.9881, "precision_std": 0.02062, "recall": 0.975, "recall_std": 0.0433, "f1": 0.98074, "f1_std": 0.02169, "auc": 0.99773, "auc_std": 0.00394}
{"epoch": 94, "time_epoch": 0.49858, "time_epoch_std": 0.01357, "eta": 3.16394, "eta_std": 0.06872, "eta_hours": 0.00088, "eta_hours_std": 2e-05, "loss": 0.14323, "loss_std": 0.11253, "lr": 1e-05, "lr_std": 0.0, "params": 9207.0, "params_std": 0.0, "time_iter": 0.04532, "time_iter_std": 0.00123, "accuracy": 0.95833, "accuracy_std": 0.03522, "accuracy_max": 1.0, "precision": 0.98611, "precision_std": 0.02406, "recall": 0.925, "recall_std": 0.0559, "f1": 0.95412, "f1_std": 0.03901, "auc": 0.99091, "auc_std": 0.01446}
{"epoch": 95, "time_epoch": 0.4991, "time_epoch_std": 0.01245, "eta": 2.52558, "eta_std": 0.05489, "eta_hours": 0.0007, "eta_hours_std": 1e-05, "loss": 0.0711, "loss_std": 0.07315, "lr": 1e-05, "lr_std": 0.0, "params": 9207.0, "params_std": 0.0, "time_iter": 0.04537, "time_iter_std": 0.00113, "accuracy": 0.97024, "accuracy_std": 0.03903, "accuracy_max": 1.0, "precision": 0.9631, "precision_std": 0.04129, "recall": 0.975, "recall_std": 0.0433, "f1": 0.9689, "f1_std": 0.04101, "auc": 0.99489, "auc_std": 0.00886}
{"epoch": 96, "time_epoch": 0.49777, "time_epoch_std": 0.01115, "eta": 1.89005, "eta_std": 0.04102, "eta_hours": 0.00052, "eta_hours_std": 1e-05, "loss": 0.09686, "loss_std": 0.0553, "lr": 0.0, "lr_std": 0.0, "params": 9207.0, "params_std": 0.0, "time_iter": 0.04525, "time_iter_std": 0.00101, "accuracy": 0.95833, "accuracy_std": 0.03093, "accuracy_max": 1.0, "precision": 0.95424, "precision_std": 0.0534, "recall": 0.9625, "recall_std": 0.04146, "f1": 0.95692, "f1_std": 0.03169, "auc": 0.99659, "auc_std": 0.00468}
{"epoch": 97, "time_epoch": 0.49929, "time_epoch_std": 0.01374, "eta": 1.25737, "eta_std": 0.0273, "eta_hours": 0.00035, "eta_hours_std": 1e-05, "loss": 0.15686, "loss_std": 0.03383, "lr": 0.0, "lr_std": 0.0, "params": 9207.0, "params_std": 0.0, "time_iter": 0.04539, "time_iter_std": 0.00125, "accuracy": 0.93452, "accuracy_std": 0.03093, "accuracy_max": 0.95238, "precision": 0.93152, "precision_std": 0.0642, "recall": 0.9375, "recall_std": 0.02165, "f1": 0.93277, "f1_std": 0.02834, "auc": 0.98864, "auc_std": 0.00425}
{"epoch": 98, "time_epoch": 0.50192, "time_epoch_std": 0.01399, "eta": 0.6274, "eta_std": 0.01364, "eta_hours": 0.00018, "eta_hours_std": 0.0, "loss": 0.14227, "loss_std": 0.07438, "lr": 0.0, "lr_std": 0.0, "params": 9207.0, "params_std": 0.0, "time_iter": 0.04563, "time_iter_std": 0.00127, "accuracy": 0.94643, "accuracy_std": 0.03522, "accuracy_max": 1.0, "precision": 0.95119, "precision_std": 0.04884, "recall": 0.9375, "recall_std": 0.04146, "f1": 0.94355, "f1_std": 0.03667, "auc": 0.98864, "auc_std": 0.01235}
{"epoch": 99, "time_epoch": 0.50119, "time_epoch_std": 0.01984, "eta": 0.0, "eta_std": 0.0, "eta_hours": 0.0, "eta_hours_std": 0.0, "loss": 0.08294, "loss_std": 0.08217, "lr": 0.0, "lr_std": 0.0, "params": 9207.0, "params_std": 0.0, "time_iter": 0.04556, "time_iter_std": 0.0018, "accuracy": 0.97619, "accuracy_std": 0.02916, "accuracy_max": 1.0, "precision": 0.9881, "precision_std": 0.02062, "recall": 0.9625, "recall_std": 0.06495, "f1": 0.97363, "f1_std": 0.03312, "auc": 0.99204, "auc_std": 0.0125}
