{"epoch": 0, "time_epoch": 56.73829, "eta": 5617.09072, "eta_hours": 1.5603, "loss": 0.68533342, "lr": 0.001, "params": 6697, "time_iter": 0.38597, "accuracy": 0.53231, "precision": 0.4598, "recall": 0.75309, "f1": 0.57098, "auc": 0.60553}
{"epoch": 1, "time_epoch": 26.22639, "eta": 4065.2695, "eta_hours": 1.12924, "loss": 0.62459108, "lr": 0.00099975, "params": 6697, "time_iter": 0.17841, "accuracy": 0.66837, "precision": 0.66667, "recall": 0.39506, "f1": 0.49612, "auc": 0.68542}
{"epoch": 2, "time_epoch": 9.82106, "eta": 3000.07223, "eta_hours": 0.83335, "loss": 0.60039219, "lr": 0.00099901, "params": 6697, "time_iter": 0.06681, "accuracy": 0.69728, "precision": 0.73381, "recall": 0.41975, "f1": 0.53403, "auc": 0.71855}
{"epoch": 3, "time_epoch": 10.35596, "eta": 2475.40089, "eta_hours": 0.68761, "loss": 0.58017478, "lr": 0.00099778, "params": 6697, "time_iter": 0.07045, "accuracy": 0.72449, "precision": 0.72881, "recall": 0.53086, "f1": 0.61429, "auc": 0.75928}
{"epoch": 4, "time_epoch": 9.78182, "eta": 2145.54686, "eta_hours": 0.59599, "loss": 0.57347104, "lr": 0.00099606, "params": 6697, "time_iter": 0.06654, "accuracy": 0.71769, "precision": 0.72515, "recall": 0.51029, "f1": 0.59903, "auc": 0.76665}
{"epoch": 5, "time_epoch": 10.36756, "eta": 1931.56016, "eta_hours": 0.53654, "loss": 0.56323959, "lr": 0.00099384, "params": 6697, "time_iter": 0.07053, "accuracy": 0.72619, "precision": 0.72778, "recall": 0.53909, "f1": 0.61939, "auc": 0.77146}
{"epoch": 6, "time_epoch": 10.15066, "eta": 1772.86876, "eta_hours": 0.49246, "loss": 0.59287471, "lr": 0.00099114, "params": 6697, "time_iter": 0.06905, "accuracy": 0.7381, "precision": 0.74586, "recall": 0.55556, "f1": 0.63679, "auc": 0.76318}
{"epoch": 7, "time_epoch": 10.26087, "eta": 1652.57999, "eta_hours": 0.45905, "loss": 0.56786903, "lr": 0.00098796, "params": 6697, "time_iter": 0.0698, "accuracy": 0.71429, "precision": 0.7193, "recall": 0.50617, "f1": 0.5942, "auc": 0.76936}
{"epoch": 8, "time_epoch": 9.8471, "eta": 1552.55816, "eta_hours": 0.43127, "loss": 0.5817159, "lr": 0.00098429, "params": 6697, "time_iter": 0.06699, "accuracy": 0.72959, "precision": 0.72105, "recall": 0.56379, "f1": 0.63279, "auc": 0.76448}
{"epoch": 9, "time_epoch": 10.72061, "eta": 1478.43286, "eta_hours": 0.41068, "loss": 0.60152347, "lr": 0.00098015, "params": 6697, "time_iter": 0.07293, "accuracy": 0.73639, "precision": 0.74719, "recall": 0.54733, "f1": 0.63183, "auc": 0.73883}
{"epoch": 10, "time_epoch": 9.97458, "eta": 1409.79965, "eta_hours": 0.39161, "loss": 0.55199641, "lr": 0.00097553, "params": 6697, "time_iter": 0.06785, "accuracy": 0.73299, "precision": 0.72165, "recall": 0.57613, "f1": 0.64073, "auc": 0.7856}
{"epoch": 11, "time_epoch": 9.86362, "eta": 1350.12912, "eta_hours": 0.37504, "loss": 0.56954311, "lr": 0.00097044, "params": 6697, "time_iter": 0.0671, "accuracy": 0.73299, "precision": 0.74713, "recall": 0.53498, "f1": 0.6235, "auc": 0.77345}
{"epoch": 12, "time_epoch": 10.75283, "eta": 1304.07209, "eta_hours": 0.36224, "loss": 0.57557172, "lr": 0.00096489, "params": 6697, "time_iter": 0.07315, "accuracy": 0.7432, "precision": 0.75, "recall": 0.5679, "f1": 0.64637, "auc": 0.78195}
{"epoch": 13, "time_epoch": 10.269, "eta": 1260.08645, "eta_hours": 0.35002, "loss": 0.55795044, "lr": 0.00095888, "params": 6697, "time_iter": 0.06986, "accuracy": 0.72619, "precision": 0.73295, "recall": 0.53086, "f1": 0.61575, "auc": 0.77785}
{"epoch": 14, "time_epoch": 10.87903, "eta": 1224.05315, "eta_hours": 0.34001, "loss": 0.57169641, "lr": 0.00095241, "params": 6697, "time_iter": 0.07401, "accuracy": 0.72449, "precision": 0.70984, "recall": 0.56379, "f1": 0.62844, "auc": 0.77681}
{"epoch": 15, "time_epoch": 10.92824, "eta": 1191.42247, "eta_hours": 0.33095, "loss": 0.54947829, "lr": 0.0009455, "params": 6697, "time_iter": 0.07434, "accuracy": 0.7398, "precision": 0.73438, "recall": 0.58025, "f1": 0.64828, "auc": 0.78937}
{"epoch": 16, "time_epoch": 10.9252, "eta": 1161.33021, "eta_hours": 0.32259, "loss": 0.55713643, "lr": 0.00093815, "params": 6697, "time_iter": 0.07432, "accuracy": 0.72619, "precision": 0.72527, "recall": 0.54321, "f1": 0.62118, "auc": 0.79302}
{"epoch": 17, "time_epoch": 10.86825, "eta": 1133.10818, "eta_hours": 0.31475, "loss": 0.56169387, "lr": 0.00093037, "params": 6697, "time_iter": 0.07393, "accuracy": 0.72619, "precision": 0.72283, "recall": 0.54733, "f1": 0.62295, "auc": 0.78162}
{"epoch": 18, "time_epoch": 10.92563, "eta": 1106.95748, "eta_hours": 0.30749, "loss": 0.56117562, "lr": 0.00092216, "params": 6697, "time_iter": 0.07432, "accuracy": 0.7398, "precision": 0.725, "recall": 0.59671, "f1": 0.65463, "auc": 0.78299}
{"epoch": 19, "time_epoch": 10.90582, "eta": 1082.25007, "eta_hours": 0.30063, "loss": 0.55152671, "lr": 0.00091354, "params": 6697, "time_iter": 0.07419, "accuracy": 0.73639, "precision": 0.72449, "recall": 0.58436, "f1": 0.64692, "auc": 0.78403}
{"epoch": 20, "time_epoch": 10.85226, "eta": 1058.6556, "eta_hours": 0.29407, "loss": 0.56086469, "lr": 0.00090451, "params": 6697, "time_iter": 0.07382, "accuracy": 0.7517, "precision": 0.76503, "recall": 0.57613, "f1": 0.65728, "auc": 0.78193}
{"epoch": 21, "time_epoch": 10.15068, "eta": 1033.7321, "eta_hours": 0.28715, "loss": 0.55042358, "lr": 0.00089508, "params": 6697, "time_iter": 0.06905, "accuracy": 0.72959, "precision": 0.73077, "recall": 0.54733, "f1": 0.62588, "auc": 0.78853}
{"epoch": 22, "time_epoch": 9.6559, "eta": 1008.43672, "eta_hours": 0.28012, "loss": 0.56203291, "lr": 0.00088526, "params": 6697, "time_iter": 0.06569, "accuracy": 0.7534, "precision": 0.7663, "recall": 0.58025, "f1": 0.66042, "auc": 0.78014}
{"epoch": 23, "time_epoch": 10.07584, "eta": 985.77446, "eta_hours": 0.27383, "loss": 0.51474233, "lr": 0.00087506, "params": 6697, "time_iter": 0.06854, "accuracy": 0.77381, "precision": 0.77228, "recall": 0.64198, "f1": 0.70112, "auc": 0.82003}
{"epoch": 24, "time_epoch": 10.10175, "eta": 964.19685, "eta_hours": 0.26783, "loss": 0.55055704, "lr": 0.00086448, "params": 6697, "time_iter": 0.06872, "accuracy": 0.7517, "precision": 0.74619, "recall": 0.60494, "f1": 0.66818, "auc": 0.80052}
{"epoch": 25, "time_epoch": 9.97712, "eta": 943.14729, "eta_hours": 0.26199, "loss": 0.55618002, "lr": 0.00085355, "params": 6697, "time_iter": 0.06787, "accuracy": 0.7551, "precision": 0.75916, "recall": 0.59671, "f1": 0.6682, "auc": 0.80179}
{"epoch": 26, "time_epoch": 9.68901, "eta": 922.13894, "eta_hours": 0.25615, "loss": 0.54465587, "lr": 0.00084227, "params": 6697, "time_iter": 0.06591, "accuracy": 0.7381, "precision": 0.72362, "recall": 0.59259, "f1": 0.65158, "auc": 0.79486}
{"epoch": 27, "time_epoch": 9.62259, "eta": 901.76831, "eta_hours": 0.25049, "loss": 0.55270353, "lr": 0.00083066, "params": 6697, "time_iter": 0.06546, "accuracy": 0.7483, "precision": 0.75401, "recall": 0.58025, "f1": 0.65581, "auc": 0.79241}
{"epoch": 28, "time_epoch": 9.98338, "eta": 883.02224, "eta_hours": 0.24528, "loss": 0.56437468, "lr": 0.00081871, "params": 6697, "time_iter": 0.06791, "accuracy": 0.7483, "precision": 0.75956, "recall": 0.57202, "f1": 0.65258, "auc": 0.78425}
{"epoch": 29, "time_epoch": 10.03218, "eta": 864.9742, "eta_hours": 0.24027, "loss": 0.52681748, "lr": 0.00080645, "params": 6697, "time_iter": 0.06825, "accuracy": 0.7568, "precision": 0.7551, "recall": 0.60905, "f1": 0.67426, "auc": 0.8127}
{"epoch": 30, "time_epoch": 9.68606, "eta": 846.67293, "eta_hours": 0.23519, "loss": 0.55579733, "lr": 0.00079389, "params": 6697, "time_iter": 0.06589, "accuracy": 0.75, "precision": 0.73529, "recall": 0.61728, "f1": 0.67114, "auc": 0.79994}
{"epoch": 31, "time_epoch": 10.16974, "eta": 829.93794, "eta_hours": 0.23054, "loss": 0.52375415, "lr": 0.00078104, "params": 6697, "time_iter": 0.06918, "accuracy": 0.7449, "precision": 0.74346, "recall": 0.58436, "f1": 0.65438, "auc": 0.81992}
{"epoch": 32, "time_epoch": 10.1121, "eta": 813.4838, "eta_hours": 0.22597, "loss": 0.54932042, "lr": 0.00076791, "params": 6697, "time_iter": 0.06879, "accuracy": 0.7483, "precision": 0.73869, "recall": 0.60494, "f1": 0.66516, "auc": 0.80404}
{"epoch": 33, "time_epoch": 9.79208, "eta": 796.78152, "eta_hours": 0.22133, "loss": 0.50232306, "lr": 0.00075452, "params": 6697, "time_iter": 0.06661, "accuracy": 0.7619, "precision": 0.75369, "recall": 0.62963, "f1": 0.6861, "auc": 0.82561}
{"epoch": 34, "time_epoch": 10.12059, "eta": 781.0842, "eta_hours": 0.21697, "loss": 0.54818933, "lr": 0.00074088, "params": 6697, "time_iter": 0.06885, "accuracy": 0.7466, "precision": 0.74479, "recall": 0.58848, "f1": 0.65747, "auc": 0.80604}
{"epoch": 35, "time_epoch": 10.13724, "eta": 765.72629, "eta_hours": 0.2127, "loss": 0.54365736, "lr": 0.000727, "params": 6697, "time_iter": 0.06896, "accuracy": 0.76871, "precision": 0.75598, "recall": 0.65021, "f1": 0.69912, "auc": 0.81805}
{"epoch": 36, "time_epoch": 9.99926, "eta": 750.41565, "eta_hours": 0.20845, "loss": 0.52372273, "lr": 0.00071289, "params": 6697, "time_iter": 0.06802, "accuracy": 0.7619, "precision": 0.7754, "recall": 0.59671, "f1": 0.67442, "auc": 0.81971}
{"epoch": 37, "time_epoch": 9.86396, "eta": 735.1638, "eta_hours": 0.20421, "loss": 0.58000872, "lr": 0.00069857, "params": 6697, "time_iter": 0.0671, "accuracy": 0.7398, "precision": 0.74457, "recall": 0.56379, "f1": 0.64169, "auc": 0.78867}
{"epoch": 38, "time_epoch": 9.98216, "eta": 720.37313, "eta_hours": 0.2001, "loss": 0.51417012, "lr": 0.00068406, "params": 6697, "time_iter": 0.06791, "accuracy": 0.7619, "precision": 0.75122, "recall": 0.63374, "f1": 0.6875, "auc": 0.81866}
{"epoch": 39, "time_epoch": 9.65612, "eta": 705.33382, "eta_hours": 0.19593, "loss": 0.53179697, "lr": 0.00066937, "params": 6697, "time_iter": 0.06569, "accuracy": 0.77721, "precision": 0.78866, "recall": 0.62963, "f1": 0.70023, "auc": 0.81261}
{"epoch": 40, "time_epoch": 10.11104, "eta": 691.21174, "eta_hours": 0.192, "loss": 0.54251774, "lr": 0.00065451, "params": 6697, "time_iter": 0.06878, "accuracy": 0.76361, "precision": 0.73853, "recall": 0.66255, "f1": 0.69848, "auc": 0.82064}
{"epoch": 41, "time_epoch": 10.18973, "eta": 677.38933, "eta_hours": 0.18816, "loss": 0.55513036, "lr": 0.0006395, "params": 6697, "time_iter": 0.06932, "accuracy": 0.7398, "precision": 0.73438, "recall": 0.58025, "f1": 0.64828, "auc": 0.79307}
{"epoch": 42, "time_epoch": 10.20068, "eta": 663.75041, "eta_hours": 0.18438, "loss": 0.53852865, "lr": 0.00062434, "params": 6697, "time_iter": 0.06939, "accuracy": 0.7517, "precision": 0.74619, "recall": 0.60494, "f1": 0.66818, "auc": 0.79909}
{"epoch": 43, "time_epoch": 9.86479, "eta": 649.84027, "eta_hours": 0.18051, "loss": 0.51162733, "lr": 0.00060907, "params": 6697, "time_iter": 0.06711, "accuracy": 0.7568, "precision": 0.7551, "recall": 0.60905, "f1": 0.67426, "auc": 0.83051}
{"epoch": 44, "time_epoch": 10.08355, "eta": 636.3773, "eta_hours": 0.17677, "loss": 0.52051465, "lr": 0.00059369, "params": 6697, "time_iter": 0.0686, "accuracy": 0.77041, "precision": 0.75, "recall": 0.66667, "f1": 0.70588, "auc": 0.82872}
{"epoch": 45, "time_epoch": 10.02393, "eta": 622.99127, "eta_hours": 0.17305, "loss": 0.5423446, "lr": 0.00057822, "params": 6697, "time_iter": 0.06819, "accuracy": 0.7602, "precision": 0.755, "recall": 0.6214, "f1": 0.68172, "auc": 0.81461}
{"epoch": 46, "time_epoch": 9.55729, "eta": 609.22209, "eta_hours": 0.16923, "loss": 0.52948323, "lr": 0.00056267, "params": 6697, "time_iter": 0.06502, "accuracy": 0.7619, "precision": 0.76142, "recall": 0.61728, "f1": 0.68182, "auc": 0.8205}
{"epoch": 47, "time_epoch": 9.30703, "eta": 595.3573, "eta_hours": 0.16538, "loss": 0.50619392, "lr": 0.00054705, "params": 6697, "time_iter": 0.06331, "accuracy": 0.77211, "precision": 0.76585, "recall": 0.64609, "f1": 0.70089, "auc": 0.83354}
{"epoch": 48, "time_epoch": 9.84551, "eta": 582.239, "eta_hours": 0.16173, "loss": 0.54087031, "lr": 0.0005314, "params": 6697, "time_iter": 0.06698, "accuracy": 0.77721, "precision": 0.76415, "recall": 0.66667, "f1": 0.71209, "auc": 0.82524}
{"epoch": 49, "time_epoch": 9.7168, "eta": 569.1229, "eta_hours": 0.15809, "loss": 0.53557147, "lr": 0.00051571, "params": 6697, "time_iter": 0.0661, "accuracy": 0.7466, "precision": 0.75269, "recall": 0.57613, "f1": 0.65268, "auc": 0.81143}
{"epoch": 50, "time_epoch": 10.16445, "eta": 556.5702, "eta_hours": 0.1546, "loss": 0.52306445, "lr": 0.0005, "params": 6697, "time_iter": 0.06915, "accuracy": 0.77721, "precision": 0.78283, "recall": 0.63786, "f1": 0.70295, "auc": 0.82568}
{"epoch": 51, "time_epoch": 9.94969, "eta": 543.91112, "eta_hours": 0.15109, "loss": 0.53627911, "lr": 0.00048429, "params": 6697, "time_iter": 0.06768, "accuracy": 0.76701, "precision": 0.7598, "recall": 0.63786, "f1": 0.69351, "auc": 0.81875}
{"epoch": 52, "time_epoch": 10.16001, "eta": 531.54078, "eta_hours": 0.14765, "loss": 0.50079738, "lr": 0.0004686, "params": 6697, "time_iter": 0.06912, "accuracy": 0.78401, "precision": 0.77885, "recall": 0.66667, "f1": 0.7184, "auc": 0.83652}
{"epoch": 53, "time_epoch": 10.21369, "eta": 519.29804, "eta_hours": 0.14425, "loss": 0.53885169, "lr": 0.00045295, "params": 6697, "time_iter": 0.06948, "accuracy": 0.7381, "precision": 0.70892, "recall": 0.6214, "f1": 0.66228, "auc": 0.81876}
{"epoch": 54, "time_epoch": 10.00078, "eta": 506.95488, "eta_hours": 0.14082, "loss": 0.564866, "lr": 0.00043733, "params": 6697, "time_iter": 0.06803, "accuracy": 0.78061, "precision": 0.78788, "recall": 0.64198, "f1": 0.70748, "auc": 0.81114}
{"epoch": 55, "time_epoch": 9.79336, "eta": 494.5324, "eta_hours": 0.13737, "loss": 0.53030845, "lr": 0.00042178, "params": 6697, "time_iter": 0.06662, "accuracy": 0.77551, "precision": 0.7734, "recall": 0.64609, "f1": 0.70404, "auc": 0.83496}
{"epoch": 56, "time_epoch": 10.00631, "eta": 482.36282, "eta_hours": 0.13399, "loss": 0.52565622, "lr": 0.00040631, "params": 6697, "time_iter": 0.06807, "accuracy": 0.76531, "precision": 0.74194, "recall": 0.66255, "f1": 0.7, "auc": 0.82955}
{"epoch": 57, "time_epoch": 9.9886, "eta": 470.25502, "eta_hours": 0.13063, "loss": 0.53807009, "lr": 0.00039093, "params": 6697, "time_iter": 0.06795, "accuracy": 0.78401, "precision": 0.78155, "recall": 0.66255, "f1": 0.71715, "auc": 0.81932}
{"epoch": 58, "time_epoch": 9.90302, "eta": 458.15958, "eta_hours": 0.12727, "loss": 0.5221211, "lr": 0.00037566, "params": 6697, "time_iter": 0.06737, "accuracy": 0.76871, "precision": 0.76884, "recall": 0.62963, "f1": 0.69231, "auc": 0.83129}
{"epoch": 59, "time_epoch": 9.65001, "eta": 445.96854, "eta_hours": 0.12388, "loss": 0.52265753, "lr": 0.0003605, "params": 6697, "time_iter": 0.06565, "accuracy": 0.78231, "precision": 0.79487, "recall": 0.63786, "f1": 0.70776, "auc": 0.83719}
{"epoch": 60, "time_epoch": 9.95992, "eta": 434.05896, "eta_hours": 0.12057, "loss": 0.49526892, "lr": 0.00034549, "params": 6697, "time_iter": 0.06775, "accuracy": 0.79592, "precision": 0.79426, "recall": 0.68313, "f1": 0.73451, "auc": 0.84546}
{"epoch": 61, "time_epoch": 9.96075, "eta": 422.21278, "eta_hours": 0.11728, "loss": 0.5284944, "lr": 0.00033063, "params": 6697, "time_iter": 0.06776, "accuracy": 0.77891, "precision": 0.77033, "recall": 0.66255, "f1": 0.71239, "auc": 0.83107}
{"epoch": 62, "time_epoch": 9.93587, "eta": 410.41184, "eta_hours": 0.114, "loss": 0.51899842, "lr": 0.00031594, "params": 6697, "time_iter": 0.06759, "accuracy": 0.77211, "precision": 0.75587, "recall": 0.66255, "f1": 0.70614, "auc": 0.83644}
{"epoch": 63, "time_epoch": 9.83545, "eta": 398.6127, "eta_hours": 0.11073, "loss": 0.47969586, "lr": 0.00030143, "params": 6697, "time_iter": 0.06691, "accuracy": 0.79762, "precision": 0.80693, "recall": 0.67078, "f1": 0.73258, "auc": 0.84603}
{"epoch": 64, "time_epoch": 9.96448, "eta": 386.94346, "eta_hours": 0.10748, "loss": 0.51901439, "lr": 0.00028711, "params": 6697, "time_iter": 0.06779, "accuracy": 0.7517, "precision": 0.74872, "recall": 0.60082, "f1": 0.66667, "auc": 0.84056}
{"epoch": 65, "time_epoch": 9.91342, "eta": 375.29957, "eta_hours": 0.10425, "loss": 0.50125329, "lr": 0.000273, "params": 6697, "time_iter": 0.06744, "accuracy": 0.79082, "precision": 0.79703, "recall": 0.66255, "f1": 0.7236, "auc": 0.85044}
{"epoch": 66, "time_epoch": 10.01006, "eta": 363.75494, "eta_hours": 0.10104, "loss": 0.49007576, "lr": 0.00025912, "params": 6697, "time_iter": 0.0681, "accuracy": 0.77211, "precision": 0.75829, "recall": 0.65844, "f1": 0.70485, "auc": 0.85613}
{"epoch": 67, "time_epoch": 10.04532, "eta": 352.27204, "eta_hours": 0.09785, "loss": 0.4901403, "lr": 0.00024548, "params": 6697, "time_iter": 0.06834, "accuracy": 0.78401, "precision": 0.78431, "recall": 0.65844, "f1": 0.71588, "auc": 0.85025}
{"epoch": 68, "time_epoch": 10.06714, "eta": 340.84061, "eta_hours": 0.09468, "loss": 0.52847363, "lr": 0.00023209, "params": 6697, "time_iter": 0.06848, "accuracy": 0.76531, "precision": 0.75862, "recall": 0.63374, "f1": 0.69058, "auc": 0.83538}
{"epoch": 69, "time_epoch": 9.93668, "eta": 329.39224, "eta_hours": 0.0915, "loss": 0.53460573, "lr": 0.00021896, "params": 6697, "time_iter": 0.0676, "accuracy": 0.77381, "precision": 0.77778, "recall": 0.63374, "f1": 0.69841, "auc": 0.84341}
{"epoch": 70, "time_epoch": 9.85439, "eta": 317.95285, "eta_hours": 0.08832, "loss": 0.51736215, "lr": 0.00020611, "params": 6697, "time_iter": 0.06704, "accuracy": 0.78401, "precision": 0.77619, "recall": 0.67078, "f1": 0.71965, "auc": 0.83842}
{"epoch": 71, "time_epoch": 9.68973, "eta": 306.49345, "eta_hours": 0.08514, "loss": 0.50024298, "lr": 0.00019355, "params": 6697, "time_iter": 0.06592, "accuracy": 0.77891, "precision": 0.77833, "recall": 0.65021, "f1": 0.70852, "auc": 0.84807}
{"epoch": 72, "time_epoch": 9.81766, "eta": 295.12985, "eta_hours": 0.08198, "loss": 0.50195382, "lr": 0.00018129, "params": 6697, "time_iter": 0.06679, "accuracy": 0.77721, "precision": 0.76667, "recall": 0.66255, "f1": 0.71082, "auc": 0.84339}
{"epoch": 73, "time_epoch": 9.67126, "eta": 283.7566, "eta_hours": 0.07882, "loss": 0.48688862, "lr": 0.00016934, "params": 6697, "time_iter": 0.06579, "accuracy": 0.80442, "precision": 0.82, "recall": 0.6749, "f1": 0.74041, "auc": 0.86204}
{"epoch": 74, "time_epoch": 9.55469, "eta": 272.38988, "eta_hours": 0.07566, "loss": 0.50132243, "lr": 0.00015773, "params": 6697, "time_iter": 0.065, "accuracy": 0.78231, "precision": 0.76744, "recall": 0.67901, "f1": 0.72052, "auc": 0.85238}
{"epoch": 75, "time_epoch": 9.40574, "eta": 261.0238, "eta_hours": 0.07251, "loss": 0.50325896, "lr": 0.00014645, "params": 6697, "time_iter": 0.06398, "accuracy": 0.78912, "precision": 0.79024, "recall": 0.66667, "f1": 0.72321, "auc": 0.85253}
{"epoch": 76, "time_epoch": 9.98306, "eta": 249.88109, "eta_hours": 0.06941, "loss": 0.49261929, "lr": 0.00013552, "params": 6697, "time_iter": 0.06791, "accuracy": 0.78912, "precision": 0.79024, "recall": 0.66667, "f1": 0.72321, "auc": 0.85668}
{"epoch": 77, "time_epoch": 9.95511, "eta": 238.76023, "eta_hours": 0.06632, "loss": 0.49994562, "lr": 0.00012494, "params": 6697, "time_iter": 0.06772, "accuracy": 0.77551, "precision": 0.76056, "recall": 0.66667, "f1": 0.71053, "auc": 0.854}
{"epoch": 78, "time_epoch": 9.89127, "eta": 227.65191, "eta_hours": 0.06324, "loss": 0.49303606, "lr": 0.00011474, "params": 6697, "time_iter": 0.06729, "accuracy": 0.78912, "precision": 0.80513, "recall": 0.64609, "f1": 0.71689, "auc": 0.85746}
{"epoch": 79, "time_epoch": 9.98395, "eta": 216.59719, "eta_hours": 0.06017, "loss": 0.4998223, "lr": 0.00010492, "params": 6697, "time_iter": 0.06792, "accuracy": 0.78741, "precision": 0.78922, "recall": 0.66255, "f1": 0.72036, "auc": 0.851}
{"epoch": 80, "time_epoch": 9.94373, "eta": 205.55947, "eta_hours": 0.0571, "loss": 0.5248985, "lr": 9.549e-05, "params": 6697, "time_iter": 0.06764, "accuracy": 0.78912, "precision": 0.80513, "recall": 0.64609, "f1": 0.71689, "auc": 0.84201}
{"epoch": 81, "time_epoch": 10.47822, "eta": 194.66576, "eta_hours": 0.05407, "loss": 0.49450706, "lr": 8.646e-05, "params": 6697, "time_iter": 0.07128, "accuracy": 0.79592, "precision": 0.8, "recall": 0.6749, "f1": 0.73214, "auc": 0.8558}
{"epoch": 82, "time_epoch": 10.66237, "eta": 183.81979, "eta_hours": 0.05106, "loss": 0.50454397, "lr": 7.784e-05, "params": 6697, "time_iter": 0.07253, "accuracy": 0.79082, "precision": 0.78302, "recall": 0.68313, "f1": 0.72967, "auc": 0.84605}
{"epoch": 83, "time_epoch": 10.806, "eta": 173.00554, "eta_hours": 0.04806, "loss": 0.53585123, "lr": 6.963e-05, "params": 6697, "time_iter": 0.07351, "accuracy": 0.78571, "precision": 0.78818, "recall": 0.65844, "f1": 0.71749, "auc": 0.84087}
{"epoch": 84, "time_epoch": 10.80639, "eta": 162.19155, "eta_hours": 0.04505, "loss": 0.49901909, "lr": 6.185e-05, "params": 6697, "time_iter": 0.07351, "accuracy": 0.77891, "precision": 0.78392, "recall": 0.64198, "f1": 0.70588, "auc": 0.85679}
{"epoch": 85, "time_epoch": 10.83519, "eta": 151.38243, "eta_hours": 0.04205, "loss": 0.5230746, "lr": 5.45e-05, "params": 6697, "time_iter": 0.07371, "accuracy": 0.78912, "precision": 0.7931, "recall": 0.66255, "f1": 0.72197, "auc": 0.84299}
{"epoch": 86, "time_epoch": 10.82014, "eta": 140.57046, "eta_hours": 0.03905, "loss": 0.48076015, "lr": 4.759e-05, "params": 6697, "time_iter": 0.07361, "accuracy": 0.80272, "precision": 0.79535, "recall": 0.7037, "f1": 0.74672, "auc": 0.85988}
{"epoch": 87, "time_epoch": 10.80303, "eta": 129.75597, "eta_hours": 0.03604, "loss": 0.48549479, "lr": 4.112e-05, "params": 6697, "time_iter": 0.07349, "accuracy": 0.79252, "precision": 0.7814, "recall": 0.69136, "f1": 0.73362, "auc": 0.85944}
{"epoch": 88, "time_epoch": 10.64014, "eta": 118.92161, "eta_hours": 0.03303, "loss": 0.45594577, "lr": 3.511e-05, "params": 6697, "time_iter": 0.07238, "accuracy": 0.79422, "precision": 0.79612, "recall": 0.6749, "f1": 0.73051, "auc": 0.87276}
{"epoch": 89, "time_epoch": 10.8803, "eta": 108.11825, "eta_hours": 0.03003, "loss": 0.5687691, "lr": 2.956e-05, "params": 6697, "time_iter": 0.07402, "accuracy": 0.76531, "precision": 0.7561, "recall": 0.63786, "f1": 0.69196, "auc": 0.81882}
{"epoch": 90, "time_epoch": 10.6342, "eta": 97.28886, "eta_hours": 0.02702, "loss": 0.4929651, "lr": 2.447e-05, "params": 6697, "time_iter": 0.07234, "accuracy": 0.79422, "precision": 0.78505, "recall": 0.69136, "f1": 0.73523, "auc": 0.86079}
{"epoch": 91, "time_epoch": 10.61586, "eta": 86.46211, "eta_hours": 0.02402, "loss": 0.51793295, "lr": 1.985e-05, "params": 6697, "time_iter": 0.07222, "accuracy": 0.79762, "precision": 0.80693, "recall": 0.67078, "f1": 0.73258, "auc": 0.84735}
{"epoch": 92, "time_epoch": 10.64147, "eta": 75.64183, "eta_hours": 0.02101, "loss": 0.4950828, "lr": 1.571e-05, "params": 6697, "time_iter": 0.07239, "accuracy": 0.78231, "precision": 0.77512, "recall": 0.66667, "f1": 0.71681, "auc": 0.86324}
{"epoch": 93, "time_epoch": 10.82443, "eta": 64.83704, "eta_hours": 0.01801, "loss": 0.49590314, "lr": 1.204e-05, "params": 6697, "time_iter": 0.07364, "accuracy": 0.78231, "precision": 0.78325, "recall": 0.65432, "f1": 0.713, "auc": 0.85586}
{"epoch": 94, "time_epoch": 10.7785, "eta": 54.02941, "eta_hours": 0.01501, "loss": 0.48621873, "lr": 8.86e-06, "params": 6697, "time_iter": 0.07332, "accuracy": 0.79932, "precision": 0.78802, "recall": 0.7037, "f1": 0.74348, "auc": 0.85915}
{"epoch": 95, "time_epoch": 10.67884, "eta": 43.21823, "eta_hours": 0.01201, "loss": 0.539215, "lr": 6.16e-06, "params": 6697, "time_iter": 0.07265, "accuracy": 0.77041, "precision": 0.74545, "recall": 0.6749, "f1": 0.70842, "auc": 0.84316}
{"epoch": 96, "time_epoch": 10.66596, "eta": 32.40939, "eta_hours": 0.009, "loss": 0.54741371, "lr": 3.94e-06, "params": 6697, "time_iter": 0.07256, "accuracy": 0.77211, "precision": 0.75587, "recall": 0.66255, "f1": 0.70614, "auc": 0.83359}
{"epoch": 97, "time_epoch": 10.84015, "eta": 21.60701, "eta_hours": 0.006, "loss": 0.49376084, "lr": 2.22e-06, "params": 6697, "time_iter": 0.07374, "accuracy": 0.78741, "precision": 0.78641, "recall": 0.66667, "f1": 0.7216, "auc": 0.8545}
{"epoch": 98, "time_epoch": 10.65589, "eta": 10.80202, "eta_hours": 0.003, "loss": 0.51447784, "lr": 9.9e-07, "params": 6697, "time_iter": 0.07249, "accuracy": 0.77721, "precision": 0.76923, "recall": 0.65844, "f1": 0.70953, "auc": 0.84677}
{"epoch": 99, "time_epoch": 10.67838, "eta": 0.0, "eta_hours": 0.0, "loss": 0.5172181, "lr": 2.5e-07, "params": 6697, "time_iter": 0.07264, "accuracy": 0.78231, "precision": 0.78607, "recall": 0.65021, "f1": 0.71171, "auc": 0.83624}
