{"epoch": 0, "time_epoch": 27.67932, "time_epoch_std": 0.0, "eta": 2740.25288, "eta_std": 0.0, "eta_hours": 0.76118, "eta_hours_std": 0.0, "loss": 0.67047, "loss_std": 0.0, "lr": 0.001, "lr_std": 0.0, "params": 5865.0, "params_std": 0.0, "time_iter": 0.21457, "time_iter_std": 0.0, "accuracy": 0.60759, "accuracy_std": 0.0, "precision": 0.60845, "precision_std": 0.0, "recall": 0.61434, "recall_std": 0.0, "f1": 0.61138, "f1_std": 0.0, "auc": 0.64434, "auc_std": 0.0}
{"epoch": 1, "time_epoch": 10.2204, "time_epoch_std": 0.0, "eta": 1857.08635, "eta_std": 0.0, "eta_hours": 0.51586, "eta_hours_std": 0.0, "loss": 0.64097, "loss_std": 0.0, "lr": 0.001, "lr_std": 0.0, "params": 5865.0, "params_std": 0.0, "time_iter": 0.07923, "time_iter_std": 0.0, "accuracy": 0.64411, "accuracy_std": 0.0, "precision": 0.64485, "precision_std": 0.0, "recall": 0.64922, "recall_std": 0.0, "f1": 0.64703, "f1_std": 0.0, "auc": 0.68857, "auc_std": 0.0}
{"epoch": 2, "time_epoch": 10.31761, "time_epoch_std": 0.0, "eta": 1559.02717, "eta_std": 0.0, "eta_hours": 0.43306, "eta_hours_std": 0.0, "loss": 0.63007, "loss_std": 0.0, "lr": 0.001, "lr_std": 0.0, "params": 5865.0, "params_std": 0.0, "time_iter": 0.07998, "time_iter_std": 0.0, "accuracy": 0.64654, "accuracy_std": 0.0, "precision": 0.65741, "precision_std": 0.0, "recall": 0.61919, "recall_std": 0.0, "f1": 0.63772, "f1_std": 0.0, "auc": 0.70059, "auc_std": 0.0}
{"epoch": 3, "time_epoch": 9.32705, "time_epoch_std": 0.0, "eta": 1381.06534, "eta_std": 0.0, "eta_hours": 0.38363, "eta_hours_std": 0.0, "loss": 0.62766, "loss_std": 0.0, "lr": 0.001, "lr_std": 0.0, "params": 5865.0, "params_std": 0.0, "time_iter": 0.0723, "time_iter_std": 0.0, "accuracy": 0.65044, "accuracy_std": 0.0, "precision": 0.67065, "precision_std": 0.0, "recall": 0.59787, "recall_std": 0.0, "f1": 0.63217, "f1_std": 0.0, "auc": 0.703, "auc_std": 0.0}
{"epoch": 4, "time_epoch": 9.97404, "time_epoch_std": 0.0, "eta": 1282.85012, "eta_std": 0.0, "eta_hours": 0.35635, "eta_hours_std": 0.0, "loss": 0.62844, "loss_std": 0.0, "lr": 0.001, "lr_std": 0.0, "params": 5865.0, "params_std": 0.0, "time_iter": 0.07732, "time_iter_std": 0.0, "accuracy": 0.64752, "accuracy_std": 0.0, "precision": 0.66524, "precision_std": 0.0, "recall": 0.60078, "recall_std": 0.0, "f1": 0.63136, "f1_std": 0.0, "auc": 0.70168, "auc_std": 0.0}
{"epoch": 5, "time_epoch": 9.53681, "time_epoch_std": 0.0, "eta": 1207.19869, "eta_std": 0.0, "eta_hours": 0.33533, "eta_hours_std": 0.0, "loss": 0.61732, "loss_std": 0.0, "lr": 0.00099, "lr_std": 0.0, "params": 5865.0, "params_std": 0.0, "time_iter": 0.07393, "time_iter_std": 0.0, "accuracy": 0.66407, "accuracy_std": 0.0, "precision": 0.68427, "precision_std": 0.0, "recall": 0.61531, "recall_std": 0.0, "f1": 0.64796, "f1_std": 0.0, "auc": 0.71778, "auc_std": 0.0}
{"epoch": 6, "time_epoch": 9.53199, "time_epoch_std": 0.0, "eta": 1150.37313, "eta_std": 0.0, "eta_hours": 0.31955, "eta_hours_std": 0.0, "loss": 0.61488, "loss_std": 0.0, "lr": 0.00099, "lr_std": 0.0, "params": 5865.0, "params_std": 0.0, "time_iter": 0.07389, "time_iter_std": 0.0, "accuracy": 0.66553, "accuracy_std": 0.0, "precision": 0.69274, "precision_std": 0.0, "recall": 0.60078, "recall_std": 0.0, "f1": 0.64349, "f1_std": 0.0, "auc": 0.71987, "auc_std": 0.0}
{"epoch": 7, "time_epoch": 10.90747, "time_epoch_std": 0.0, "eta": 1121.18905, "eta_std": 0.0, "eta_hours": 0.31144, "eta_hours_std": 0.0, "loss": 0.61017, "loss_std": 0.0, "lr": 0.00099, "lr_std": 0.0, "params": 5865.0, "params_std": 0.0, "time_iter": 0.08455, "time_iter_std": 0.0, "accuracy": 0.66553, "accuracy_std": 0.0, "precision": 0.68489, "precision_std": 0.0, "recall": 0.61919, "recall_std": 0.0, "f1": 0.65038, "f1_std": 0.0, "auc": 0.72394, "auc_std": 0.0}
{"epoch": 8, "time_epoch": 9.32176, "time_epoch_std": 0.0, "eta": 1080.03314, "eta_std": 0.0, "eta_hours": 0.30001, "eta_hours_std": 0.0, "loss": 0.60664, "loss_std": 0.0, "lr": 0.00098, "lr_std": 0.0, "params": 5865.0, "params_std": 0.0, "time_iter": 0.07226, "time_iter_std": 0.0, "accuracy": 0.66553, "accuracy_std": 0.0, "precision": 0.70128, "precision_std": 0.0, "recall": 0.58236, "recall_std": 0.0, "f1": 0.63632, "f1_std": 0.0, "auc": 0.72449, "auc_std": 0.0}
{"epoch": 9, "time_epoch": 9.91827, "time_epoch_std": 0.0, "eta": 1050.61264, "eta_std": 0.0, "eta_hours": 0.29184, "eta_hours_std": 0.0, "loss": 0.6096, "loss_std": 0.0, "lr": 0.00098, "lr_std": 0.0, "params": 5865.0, "params_std": 0.0, "time_iter": 0.07689, "time_iter_std": 0.0, "accuracy": 0.66845, "accuracy_std": 0.0, "precision": 0.69875, "precision_std": 0.0, "recall": 0.59787, "recall_std": 0.0, "f1": 0.64439, "f1_std": 0.0, "auc": 0.72528, "auc_std": 0.0}
{"epoch": 10, "time_epoch": 8.87684, "time_epoch_std": 0.0, "eta": 1016.31188, "eta_std": 0.0, "eta_hours": 0.28231, "eta_hours_std": 0.0, "loss": 0.60294, "loss_std": 0.0, "lr": 0.00098, "lr_std": 0.0, "params": 5865.0, "params_std": 0.0, "time_iter": 0.06881, "time_iter_std": 0.0, "accuracy": 0.67429, "accuracy_std": 0.0, "precision": 0.70696, "precision_std": 0.0, "recall": 0.60078, "recall_std": 0.0, "f1": 0.64955, "f1_std": 0.0, "auc": 0.72913, "auc_std": 0.0}
{"epoch": 11, "time_epoch": 9.7181, "time_epoch_std": 0.0, "eta": 992.4177, "eta_std": 0.0, "eta_hours": 0.27567, "eta_hours_std": 0.0, "loss": 0.60473, "loss_std": 0.0, "lr": 0.00097, "lr_std": 0.0, "params": 5865.0, "params_std": 0.0, "time_iter": 0.07533, "time_iter_std": 0.0, "accuracy": 0.66212, "accuracy_std": 0.0, "precision": 0.67865, "precision_std": 0.0, "recall": 0.62209, "recall_std": 0.0, "f1": 0.64914, "f1_std": 0.0, "auc": 0.73039, "auc_std": 0.0}
{"epoch": 12, "time_epoch": 9.27422, "time_epoch_std": 0.0, "eta": 967.73382, "eta_std": 0.0, "eta_hours": 0.26881, "eta_hours_std": 0.0, "loss": 0.59863, "loss_std": 0.0, "lr": 0.00096, "lr_std": 0.0, "params": 5865.0, "params_std": 0.0, "time_iter": 0.07189, "time_iter_std": 0.0, "accuracy": 0.67722, "accuracy_std": 0.0, "precision": 0.70387, "precision_std": 0.0, "recall": 0.61725, "recall_std": 0.0, "f1": 0.65772, "f1_std": 0.0, "auc": 0.7387, "auc_std": 0.0}
{"epoch": 13, "time_epoch": 9.03128, "time_epoch_std": 0.0, "eta": 943.75896, "eta_std": 0.0, "eta_hours": 0.26216, "eta_hours_std": 0.0, "loss": 0.59902, "loss_std": 0.0, "lr": 0.00096, "lr_std": 0.0, "params": 5865.0, "params_std": 0.0, "time_iter": 0.07001, "time_iter_std": 0.0, "accuracy": 0.67235, "accuracy_std": 0.0, "precision": 0.68757, "precision_std": 0.0, "recall": 0.6376, "recall_std": 0.0, "f1": 0.66164, "f1_std": 0.0, "auc": 0.73757, "auc_std": 0.0}
{"epoch": 14, "time_epoch": 9.20558, "time_epoch_std": 0.0, "eta": 922.76431, "eta_std": 0.0, "eta_hours": 0.25632, "eta_hours_std": 0.0, "loss": 0.58903, "loss_std": 0.0, "lr": 0.00095, "lr_std": 0.0, "params": 5865.0, "params_std": 0.0, "time_iter": 0.07136, "time_iter_std": 0.0, "accuracy": 0.67819, "accuracy_std": 0.0, "precision": 0.70273, "precision_std": 0.0, "recall": 0.62306, "recall_std": 0.0, "f1": 0.6605, "f1_std": 0.0, "auc": 0.74696, "auc_std": 0.0}
{"epoch": 15, "time_epoch": 9.56228, "time_epoch_std": 0.0, "eta": 905.11597, "eta_std": 0.0, "eta_hours": 0.25142, "eta_hours_std": 0.0, "loss": 0.59312, "loss_std": 0.0, "lr": 0.00095, "lr_std": 0.0, "params": 5865.0, "params_std": 0.0, "time_iter": 0.07413, "time_iter_std": 0.0, "accuracy": 0.67722, "accuracy_std": 0.0, "precision": 0.69199, "precision_std": 0.0, "recall": 0.64438, "recall_std": 0.0, "f1": 0.66734, "f1_std": 0.0, "auc": 0.74589, "auc_std": 0.0}
{"epoch": 16, "time_epoch": 9.46268, "time_epoch_std": 0.0, "eta": 887.93262, "eta_std": 0.0, "eta_hours": 0.24665, "eta_hours_std": 0.0, "loss": 0.59231, "loss_std": 0.0, "lr": 0.00094, "lr_std": 0.0, "params": 5865.0, "params_std": 0.0, "time_iter": 0.07335, "time_iter_std": 0.0, "accuracy": 0.67089, "accuracy_std": 0.0, "precision": 0.69518, "precision_std": 0.0, "recall": 0.61434, "recall_std": 0.0, "f1": 0.65226, "f1_std": 0.0, "auc": 0.74345, "auc_std": 0.0}
{"epoch": 17, "time_epoch": 9.51942, "time_epoch_std": 0.0, "eta": 871.86562, "eta_std": 0.0, "eta_hours": 0.24218, "eta_hours_std": 0.0, "loss": 0.58958, "loss_std": 0.0, "lr": 0.00093, "lr_std": 0.0, "params": 5865.0, "params_std": 0.0, "time_iter": 0.07379, "time_iter_std": 0.0, "accuracy": 0.67478, "accuracy_std": 0.0, "precision": 0.70222, "precision_std": 0.0, "recall": 0.6124, "recall_std": 0.0, "f1": 0.65424, "f1_std": 0.0, "auc": 0.74283, "auc_std": 0.0}
{"epoch": 18, "time_epoch": 8.98394, "time_epoch_std": 0.0, "eta": 854.20502, "eta_std": 0.0, "eta_hours": 0.23728, "eta_hours_std": 0.0, "loss": 0.58507, "loss_std": 0.0, "lr": 0.00092, "lr_std": 0.0, "params": 5865.0, "params_std": 0.0, "time_iter": 0.06964, "time_iter_std": 0.0, "accuracy": 0.68403, "accuracy_std": 0.0, "precision": 0.70308, "precision_std": 0.0, "recall": 0.64244, "recall_std": 0.0, "f1": 0.67139, "f1_std": 0.0, "auc": 0.74959, "auc_std": 0.0}
{"epoch": 19, "time_epoch": 9.57011, "time_epoch_std": 0.0, "eta": 839.75674, "eta_std": 0.0, "eta_hours": 0.23327, "eta_hours_std": 0.0, "loss": 0.58436, "loss_std": 0.0, "lr": 0.00091, "lr_std": 0.0, "params": 5865.0, "params_std": 0.0, "time_iter": 0.07419, "time_iter_std": 0.0, "accuracy": 0.6889, "accuracy_std": 0.0, "precision": 0.70971, "precision_std": 0.0, "recall": 0.64438, "recall_std": 0.0, "f1": 0.67547, "f1_std": 0.0, "auc": 0.75262, "auc_std": 0.0}
{"epoch": 20, "time_epoch": 9.43977, "time_epoch_std": 0.0, "eta": 825.28274, "eta_std": 0.0, "eta_hours": 0.22925, "eta_hours_std": 0.0, "loss": 0.58089, "loss_std": 0.0, "lr": 0.0009, "lr_std": 0.0, "params": 5865.0, "params_std": 0.0, "time_iter": 0.07318, "time_iter_std": 0.0, "accuracy": 0.69036, "accuracy_std": 0.0, "precision": 0.7037, "precision_std": 0.0, "recall": 0.66279, "recall_std": 0.0, "f1": 0.68263, "f1_std": 0.0, "auc": 0.75702, "auc_std": 0.0}
{"epoch": 21, "time_epoch": 10.00139, "time_epoch_std": 0.0, "eta": 813.2576, "eta_std": 0.0, "eta_hours": 0.2259, "eta_hours_std": 0.0, "loss": 0.58532, "loss_std": 0.0, "lr": 0.0009, "lr_std": 0.0, "params": 5865.0, "params_std": 0.0, "time_iter": 0.07753, "time_iter_std": 0.0, "accuracy": 0.68939, "accuracy_std": 0.0, "precision": 0.6998, "precision_std": 0.0, "recall": 0.6686, "recall_std": 0.0, "f1": 0.68385, "f1_std": 0.0, "auc": 0.75577, "auc_std": 0.0}
{"epoch": 22, "time_epoch": 8.87689, "time_epoch_std": 0.0, "eta": 797.64381, "eta_std": 0.0, "eta_hours": 0.22157, "eta_hours_std": 0.0, "loss": 0.58528, "loss_std": 0.0, "lr": 0.00089, "lr_std": 0.0, "params": 5865.0, "params_std": 0.0, "time_iter": 0.06881, "time_iter_std": 0.0, "accuracy": 0.68987, "accuracy_std": 0.0, "precision": 0.70051, "precision_std": 0.0, "recall": 0.6686, "recall_std": 0.0, "f1": 0.68418, "f1_std": 0.0, "auc": 0.75234, "auc_std": 0.0}
{"epoch": 23, "time_epoch": 9.99756, "time_epoch_std": 0.0, "eta": 786.1402, "eta_std": 0.0, "eta_hours": 0.21837, "eta_hours_std": 0.0, "loss": 0.58034, "loss_std": 0.0, "lr": 0.00088, "lr_std": 0.0, "params": 5865.0, "params_std": 0.0, "time_iter": 0.0775, "time_iter_std": 0.0, "accuracy": 0.68841, "accuracy_std": 0.0, "precision": 0.69838, "precision_std": 0.0, "recall": 0.6686, "recall_std": 0.0, "f1": 0.68317, "f1_std": 0.0, "auc": 0.75875, "auc_std": 0.0}
{"epoch": 24, "time_epoch": 9.59268, "time_epoch_std": 0.0, "eta": 773.54244, "eta_std": 0.0, "eta_hours": 0.21487, "eta_hours_std": 0.0, "loss": 0.5809, "loss_std": 0.0, "lr": 0.00086, "lr_std": 0.0, "params": 5865.0, "params_std": 0.0, "time_iter": 0.07436, "time_iter_std": 0.0, "accuracy": 0.68647, "accuracy_std": 0.0, "precision": 0.69836, "precision_std": 0.0, "recall": 0.66182, "recall_std": 0.0, "f1": 0.6796, "f1_std": 0.0, "auc": 0.75952, "auc_std": 0.0}
{"epoch": 25, "time_epoch": 9.88326, "time_epoch_std": 0.0, "eta": 762.00288, "eta_std": 0.0, "eta_hours": 0.21167, "eta_hours_std": 0.0, "loss": 0.57206, "loss_std": 0.0, "lr": 0.00085, "lr_std": 0.0, "params": 5865.0, "params_std": 0.0, "time_iter": 0.07661, "time_iter_std": 0.0, "accuracy": 0.69279, "accuracy_std": 0.0, "precision": 0.70649, "precision_std": 0.0, "recall": 0.66473, "recall_std": 0.0, "f1": 0.68497, "f1_std": 0.0, "auc": 0.7673, "auc_std": 0.0}
{"epoch": 26, "time_epoch": 8.97527, "time_epoch_std": 0.0, "eta": 748.13107, "eta_std": 0.0, "eta_hours": 0.20781, "eta_hours_std": 0.0, "loss": 0.57848, "loss_std": 0.0, "lr": 0.00084, "lr_std": 0.0, "params": 5865.0, "params_std": 0.0, "time_iter": 0.06958, "time_iter_std": 0.0, "accuracy": 0.69133, "accuracy_std": 0.0, "precision": 0.70142, "precision_std": 0.0, "recall": 0.67151, "recall_std": 0.0, "f1": 0.68614, "f1_std": 0.0, "auc": 0.76285, "auc_std": 0.0}
{"epoch": 27, "time_epoch": 9.45512, "time_epoch_std": 0.0, "eta": 735.84292, "eta_std": 0.0, "eta_hours": 0.2044, "eta_hours_std": 0.0, "loss": 0.5816, "loss_std": 0.0, "lr": 0.00083, "lr_std": 0.0, "params": 5865.0, "params_std": 0.0, "time_iter": 0.0733, "time_iter_std": 0.0, "accuracy": 0.69377, "accuracy_std": 0.0, "precision": 0.6997, "precision_std": 0.0, "recall": 0.68411, "recall_std": 0.0, "f1": 0.69182, "f1_std": 0.0, "auc": 0.75926, "auc_std": 0.0}
{"epoch": 28, "time_epoch": 9.50175, "time_epoch_std": 0.0, "eta": 723.8643, "eta_std": 0.0, "eta_hours": 0.20107, "eta_hours_std": 0.0, "loss": 0.58211, "loss_std": 0.0, "lr": 0.00082, "lr_std": 0.0, "params": 5865.0, "params_std": 0.0, "time_iter": 0.07366, "time_iter_std": 0.0, "accuracy": 0.67868, "accuracy_std": 0.0, "precision": 0.68452, "precision_std": 0.0, "recall": 0.6686, "recall_std": 0.0, "f1": 0.67647, "f1_std": 0.0, "auc": 0.75569, "auc_std": 0.0}
{"epoch": 29, "time_epoch": 9.62661, "time_epoch_std": 0.0, "eta": 712.34216, "eta_std": 0.0, "eta_hours": 0.19787, "eta_hours_std": 0.0, "loss": 0.57789, "loss_std": 0.0, "lr": 0.00081, "lr_std": 0.0, "params": 5865.0, "params_std": 0.0, "time_iter": 0.07462, "time_iter_std": 0.0, "accuracy": 0.69328, "accuracy_std": 0.0, "precision": 0.70679, "precision_std": 0.0, "recall": 0.6657, "recall_std": 0.0, "f1": 0.68563, "f1_std": 0.0, "auc": 0.76401, "auc_std": 0.0}
{"epoch": 30, "time_epoch": 9.68768, "time_epoch_std": 0.0, "eta": 701.07824, "eta_std": 0.0, "eta_hours": 0.19474, "eta_hours_std": 0.0, "loss": 0.57832, "loss_std": 0.0, "lr": 0.00079, "lr_std": 0.0, "params": 5865.0, "params_std": 0.0, "time_iter": 0.0751, "time_iter_std": 0.0, "accuracy": 0.68354, "accuracy_std": 0.0, "precision": 0.68401, "precision_std": 0.0, "recall": 0.68798, "recall_std": 0.0, "f1": 0.68599, "f1_std": 0.0, "auc": 0.76116, "auc_std": 0.0}
{"epoch": 31, "time_epoch": 9.40719, "time_epoch_std": 0.0, "eta": 689.3168, "eta_std": 0.0, "eta_hours": 0.19148, "eta_hours_std": 0.0, "loss": 0.57099, "loss_std": 0.0, "lr": 0.00078, "lr_std": 0.0, "params": 5865.0, "params_std": 0.0, "time_iter": 0.07292, "time_iter_std": 0.0, "accuracy": 0.69328, "accuracy_std": 0.0, "precision": 0.70262, "precision_std": 0.0, "recall": 0.67539, "recall_std": 0.0, "f1": 0.68874, "f1_std": 0.0, "auc": 0.76831, "auc_std": 0.0}
{"epoch": 32, "time_epoch": 9.28856, "time_epoch_std": 0.0, "eta": 677.45717, "eta_std": 0.0, "eta_hours": 0.18818, "eta_hours_std": 0.0, "loss": 0.57474, "loss_std": 0.0, "lr": 0.00077, "lr_std": 0.0, "params": 5865.0, "params_std": 0.0, "time_iter": 0.072, "time_iter_std": 0.0, "accuracy": 0.68695, "accuracy_std": 0.0, "precision": 0.69509, "precision_std": 0.0, "recall": 0.67151, "recall_std": 0.0, "f1": 0.6831, "f1_std": 0.0, "auc": 0.76695, "auc_std": 0.0}
{"epoch": 33, "time_epoch": 9.00296, "time_epoch_std": 0.0, "eta": 665.19437, "eta_std": 0.0, "eta_hours": 0.18478, "eta_hours_std": 0.0, "loss": 0.57446, "loss_std": 0.0, "lr": 0.00075, "lr_std": 0.0, "params": 5865.0, "params_std": 0.0, "time_iter": 0.06979, "time_iter_std": 0.0, "accuracy": 0.69523, "accuracy_std": 0.0, "precision": 0.71102, "precision_std": 0.0, "recall": 0.66279, "recall_std": 0.0, "f1": 0.68606, "f1_std": 0.0, "auc": 0.76964, "auc_std": 0.0}
{"epoch": 34, "time_epoch": 9.47303, "time_epoch_std": 0.0, "eta": 653.99086, "eta_std": 0.0, "eta_hours": 0.18166, "eta_hours_std": 0.0, "loss": 0.57064, "loss_std": 0.0, "lr": 0.00074, "lr_std": 0.0, "params": 5865.0, "params_std": 0.0, "time_iter": 0.07343, "time_iter_std": 0.0, "accuracy": 0.68841, "accuracy_std": 0.0, "precision": 0.69758, "precision_std": 0.0, "recall": 0.67054, "recall_std": 0.0, "f1": 0.68379, "f1_std": 0.0, "auc": 0.76918, "auc_std": 0.0}
{"epoch": 35, "time_epoch": 9.63911, "time_epoch_std": 0.0, "eta": 643.17872, "eta_std": 0.0, "eta_hours": 0.17866, "eta_hours_std": 0.0, "loss": 0.56948, "loss_std": 0.0, "lr": 0.00073, "lr_std": 0.0, "params": 5865.0, "params_std": 0.0, "time_iter": 0.07472, "time_iter_std": 0.0, "accuracy": 0.69766, "accuracy_std": 0.0, "precision": 0.70612, "precision_std": 0.0, "recall": 0.68217, "recall_std": 0.0, "f1": 0.69394, "f1_std": 0.0, "auc": 0.77366, "auc_std": 0.0}
{"epoch": 36, "time_epoch": 9.68684, "time_epoch_std": 0.0, "eta": 632.51128, "eta_std": 0.0, "eta_hours": 0.1757, "eta_hours_std": 0.0, "loss": 0.56927, "loss_std": 0.0, "lr": 0.00071, "lr_std": 0.0, "params": 5865.0, "params_std": 0.0, "time_iter": 0.07509, "time_iter_std": 0.0, "accuracy": 0.69328, "accuracy_std": 0.0, "precision": 0.70427, "precision_std": 0.0, "recall": 0.67151, "recall_std": 0.0, "f1": 0.6875, "f1_std": 0.0, "auc": 0.77049, "auc_std": 0.0}
{"epoch": 37, "time_epoch": 9.20884, "time_epoch_std": 0.0, "eta": 621.11554, "eta_std": 0.0, "eta_hours": 0.17253, "eta_hours_std": 0.0, "loss": 0.56476, "loss_std": 0.0, "lr": 0.0007, "lr_std": 0.0, "params": 5865.0, "params_std": 0.0, "time_iter": 0.07139, "time_iter_std": 0.0, "accuracy": 0.69961, "accuracy_std": 0.0, "precision": 0.70896, "precision_std": 0.0, "recall": 0.68217, "recall_std": 0.0, "f1": 0.69531, "f1_std": 0.0, "auc": 0.77482, "auc_std": 0.0}
{"epoch": 38, "time_epoch": 9.99073, "time_epoch_std": 0.0, "eta": 611.05491, "eta_std": 0.0, "eta_hours": 0.16974, "eta_hours_std": 0.0, "loss": 0.55738, "loss_std": 0.0, "lr": 0.00068, "lr_std": 0.0, "params": 5865.0, "params_std": 0.0, "time_iter": 0.07745, "time_iter_std": 0.0, "accuracy": 0.70789, "accuracy_std": 0.0, "precision": 0.71053, "precision_std": 0.0, "recall": 0.7064, "recall_std": 0.0, "f1": 0.70845, "f1_std": 0.0, "auc": 0.78257, "auc_std": 0.0}
{"epoch": 39, "time_epoch": 9.3385, "time_epoch_std": 0.0, "eta": 600.01943, "eta_std": 0.0, "eta_hours": 0.16667, "eta_hours_std": 0.0, "loss": 0.5656, "loss_std": 0.0, "lr": 0.00067, "lr_std": 0.0, "params": 5865.0, "params_std": 0.0, "time_iter": 0.07239, "time_iter_std": 0.0, "accuracy": 0.70107, "accuracy_std": 0.0, "precision": 0.71327, "precision_std": 0.0, "recall": 0.67733, "recall_std": 0.0, "f1": 0.69483, "f1_std": 0.0, "auc": 0.77917, "auc_std": 0.0}
{"epoch": 40, "time_epoch": 9.03442, "time_epoch_std": 0.0, "eta": 588.62915, "eta_std": 0.0, "eta_hours": 0.16351, "eta_hours_std": 0.0, "loss": 0.56773, "loss_std": 0.0, "lr": 0.00065, "lr_std": 0.0, "params": 5865.0, "params_std": 0.0, "time_iter": 0.07003, "time_iter_std": 0.0, "accuracy": 0.70594, "accuracy_std": 0.0, "precision": 0.71105, "precision_std": 0.0, "recall": 0.69864, "recall_std": 0.0, "f1": 0.70479, "f1_std": 0.0, "auc": 0.77585, "auc_std": 0.0}
{"epoch": 41, "time_epoch": 9.26921, "time_epoch_std": 0.0, "eta": 577.67528, "eta_std": 0.0, "eta_hours": 0.16047, "eta_hours_std": 0.0, "loss": 0.56515, "loss_std": 0.0, "lr": 0.00064, "lr_std": 0.0, "params": 5865.0, "params_std": 0.0, "time_iter": 0.07185, "time_iter_std": 0.0, "accuracy": 0.69864, "accuracy_std": 0.0, "precision": 0.70754, "precision_std": 0.0, "recall": 0.68217, "recall_std": 0.0, "f1": 0.69462, "f1_std": 0.0, "auc": 0.7787, "auc_std": 0.0}
{"epoch": 42, "time_epoch": 9.81372, "time_epoch_std": 0.0, "eta": 567.52157, "eta_std": 0.0, "eta_hours": 0.15764, "eta_hours_std": 0.0, "loss": 0.54851, "loss_std": 0.0, "lr": 0.00062, "lr_std": 0.0, "params": 5865.0, "params_std": 0.0, "time_iter": 0.07608, "time_iter_std": 0.0, "accuracy": 0.70643, "accuracy_std": 0.0, "precision": 0.70255, "precision_std": 0.0, "recall": 0.72093, "recall_std": 0.0, "f1": 0.71162, "f1_std": 0.0, "auc": 0.79129, "auc_std": 0.0}
{"epoch": 43, "time_epoch": 9.39496, "time_epoch_std": 0.0, "eta": 556.85033, "eta_std": 0.0, "eta_hours": 0.15468, "eta_hours_std": 0.0, "loss": 0.56641, "loss_std": 0.0, "lr": 0.00061, "lr_std": 0.0, "params": 5865.0, "params_std": 0.0, "time_iter": 0.07283, "time_iter_std": 0.0, "accuracy": 0.69426, "accuracy_std": 0.0, "precision": 0.70528, "precision_std": 0.0, "recall": 0.67248, "recall_std": 0.0, "f1": 0.68849, "f1_std": 0.0, "auc": 0.77688, "auc_std": 0.0}
{"epoch": 44, "time_epoch": 9.77848, "time_epoch_std": 0.0, "eta": 546.70457, "eta_std": 0.0, "eta_hours": 0.15186, "eta_hours_std": 0.0, "loss": 0.55532, "loss_std": 0.0, "lr": 0.00059, "lr_std": 0.0, "params": 5865.0, "params_std": 0.0, "time_iter": 0.0758, "time_iter_std": 0.0, "accuracy": 0.70691, "accuracy_std": 0.0, "precision": 0.715, "precision_std": 0.0, "recall": 0.69283, "recall_std": 0.0, "f1": 0.70374, "f1_std": 0.0, "auc": 0.78527, "auc_std": 0.0}
{"epoch": 45, "time_epoch": 9.1832, "time_epoch_std": 0.0, "eta": 535.87598, "eta_std": 0.0, "eta_hours": 0.14885, "eta_hours_std": 0.0, "loss": 0.55897, "loss_std": 0.0, "lr": 0.00058, "lr_std": 0.0, "params": 5865.0, "params_std": 0.0, "time_iter": 0.07119, "time_iter_std": 0.0, "accuracy": 0.7113, "accuracy_std": 0.0, "precision": 0.71373, "precision_std": 0.0, "recall": 0.71027, "recall_std": 0.0, "f1": 0.712, "f1_std": 0.0, "auc": 0.78447, "auc_std": 0.0}
{"epoch": 46, "time_epoch": 9.59276, "time_epoch_std": 0.0, "eta": 525.57924, "eta_std": 0.0, "eta_hours": 0.14599, "eta_hours_std": 0.0, "loss": 0.55175, "loss_std": 0.0, "lr": 0.00056, "lr_std": 0.0, "params": 5865.0, "params_std": 0.0, "time_iter": 0.07436, "time_iter_std": 0.0, "accuracy": 0.72249, "accuracy_std": 0.0, "precision": 0.73571, "precision_std": 0.0, "recall": 0.69864, "recall_std": 0.0, "f1": 0.7167, "f1_std": 0.0, "auc": 0.79233, "auc_std": 0.0}
{"epoch": 47, "time_epoch": 9.19299, "time_epoch_std": 0.0, "eta": 514.87876, "eta_std": 0.0, "eta_hours": 0.14302, "eta_hours_std": 0.0, "loss": 0.55219, "loss_std": 0.0, "lr": 0.00055, "lr_std": 0.0, "params": 5865.0, "params_std": 0.0, "time_iter": 0.07126, "time_iter_std": 0.0, "accuracy": 0.7147, "accuracy_std": 0.0, "precision": 0.71906, "precision_std": 0.0, "recall": 0.7093, "recall_std": 0.0, "f1": 0.71415, "f1_std": 0.0, "auc": 0.79073, "auc_std": 0.0}
{"epoch": 48, "time_epoch": 9.69163, "time_epoch_std": 0.0, "eta": 504.75879, "eta_std": 0.0, "eta_hours": 0.14021, "eta_hours_std": 0.0, "loss": 0.55366, "loss_std": 0.0, "lr": 0.00053, "lr_std": 0.0, "params": 5865.0, "params_std": 0.0, "time_iter": 0.07513, "time_iter_std": 0.0, "accuracy": 0.7147, "accuracy_std": 0.0, "precision": 0.71992, "precision_std": 0.0, "recall": 0.70736, "recall_std": 0.0, "f1": 0.71359, "f1_std": 0.0, "auc": 0.78863, "auc_std": 0.0}
{"epoch": 49, "time_epoch": 8.75511, "time_epoch_std": 0.0, "eta": 493.71944, "eta_std": 0.0, "eta_hours": 0.13714, "eta_hours_std": 0.0, "loss": 0.54782, "loss_std": 0.0, "lr": 0.00052, "lr_std": 0.0, "params": 5865.0, "params_std": 0.0, "time_iter": 0.06787, "time_iter_std": 0.0, "accuracy": 0.71714, "accuracy_std": 0.0, "precision": 0.72261, "precision_std": 0.0, "recall": 0.7093, "recall_std": 0.0, "f1": 0.71589, "f1_std": 0.0, "auc": 0.7946, "auc_std": 0.0}
{"epoch": 50, "time_epoch": 9.19754, "time_epoch_std": 0.0, "eta": 483.19475, "eta_std": 0.0, "eta_hours": 0.13422, "eta_hours_std": 0.0, "loss": 0.56056, "loss_std": 0.0, "lr": 0.0005, "lr_std": 0.0, "params": 5865.0, "params_std": 0.0, "time_iter": 0.0713, "time_iter_std": 0.0, "accuracy": 0.70448, "accuracy_std": 0.0, "precision": 0.70854, "precision_std": 0.0, "recall": 0.69961, "recall_std": 0.0, "f1": 0.70405, "f1_std": 0.0, "auc": 0.78176, "auc_std": 0.0}
{"epoch": 51, "time_epoch": 9.61782, "time_epoch_std": 0.0, "eta": 473.10905, "eta_std": 0.0, "eta_hours": 0.13142, "eta_hours_std": 0.0, "loss": 0.55198, "loss_std": 0.0, "lr": 0.00048, "lr_std": 0.0, "params": 5865.0, "params_std": 0.0, "time_iter": 0.07456, "time_iter_std": 0.0, "accuracy": 0.71081, "accuracy_std": 0.0, "precision": 0.71387, "precision_std": 0.0, "recall": 0.70833, "recall_std": 0.0, "f1": 0.71109, "f1_std": 0.0, "auc": 0.79148, "auc_std": 0.0}
{"epoch": 52, "time_epoch": 9.31383, "time_epoch_std": 0.0, "eta": 462.77143, "eta_std": 0.0, "eta_hours": 0.12855, "eta_hours_std": 0.0, "loss": 0.54835, "loss_std": 0.0, "lr": 0.00047, "lr_std": 0.0, "params": 5865.0, "params_std": 0.0, "time_iter": 0.0722, "time_iter_std": 0.0, "accuracy": 0.71616, "accuracy_std": 0.0, "precision": 0.71649, "precision_std": 0.0, "recall": 0.71996, "recall_std": 0.0, "f1": 0.71822, "f1_std": 0.0, "auc": 0.79137, "auc_std": 0.0}
{"epoch": 53, "time_epoch": 9.29773, "time_epoch_std": 0.0, "eta": 452.45801, "eta_std": 0.0, "eta_hours": 0.12568, "eta_hours_std": 0.0, "loss": 0.5527, "loss_std": 0.0, "lr": 0.00045, "lr_std": 0.0, "params": 5865.0, "params_std": 0.0, "time_iter": 0.07208, "time_iter_std": 0.0, "accuracy": 0.7147, "accuracy_std": 0.0, "precision": 0.7165, "precision_std": 0.0, "recall": 0.71512, "recall_std": 0.0, "f1": 0.71581, "f1_std": 0.0, "auc": 0.79048, "auc_std": 0.0}
{"epoch": 54, "time_epoch": 9.45609, "time_epoch_std": 0.0, "eta": 442.3111, "eta_std": 0.0, "eta_hours": 0.12286, "eta_hours_std": 0.0, "loss": 0.55513, "loss_std": 0.0, "lr": 0.00044, "lr_std": 0.0, "params": 5865.0, "params_std": 0.0, "time_iter": 0.0733, "time_iter_std": 0.0, "accuracy": 0.70643, "accuracy_std": 0.0, "precision": 0.70255, "precision_std": 0.0, "recall": 0.72093, "recall_std": 0.0, "f1": 0.71162, "f1_std": 0.0, "auc": 0.7874, "auc_std": 0.0}
{"epoch": 55, "time_epoch": 9.45024, "time_epoch_std": 0.0, "eta": 432.18426, "eta_std": 0.0, "eta_hours": 0.12005, "eta_hours_std": 0.0, "loss": 0.55092, "loss_std": 0.0, "lr": 0.00042, "lr_std": 0.0, "params": 5865.0, "params_std": 0.0, "time_iter": 0.07326, "time_iter_std": 0.0, "accuracy": 0.71227, "accuracy_std": 0.0, "precision": 0.7181, "precision_std": 0.0, "recall": 0.70349, "recall_std": 0.0, "f1": 0.71072, "f1_std": 0.0, "auc": 0.79094, "auc_std": 0.0}
{"epoch": 56, "time_epoch": 9.57115, "time_epoch_std": 0.0, "eta": 422.17237, "eta_std": 0.0, "eta_hours": 0.11727, "eta_hours_std": 0.0, "loss": 0.54451, "loss_std": 0.0, "lr": 0.00041, "lr_std": 0.0, "params": 5865.0, "params_std": 0.0, "time_iter": 0.07419, "time_iter_std": 0.0, "accuracy": 0.7259, "accuracy_std": 0.0, "precision": 0.72526, "precision_std": 0.0, "recall": 0.73159, "recall_std": 0.0, "f1": 0.72841, "f1_std": 0.0, "auc": 0.79865, "auc_std": 0.0}
{"epoch": 57, "time_epoch": 8.72717, "time_epoch_std": 0.0, "eta": 411.56453, "eta_std": 0.0, "eta_hours": 0.11432, "eta_hours_std": 0.0, "loss": 0.54036, "loss_std": 0.0, "lr": 0.00039, "lr_std": 0.0, "params": 5865.0, "params_std": 0.0, "time_iter": 0.06765, "time_iter_std": 0.0, "accuracy": 0.72541, "accuracy_std": 0.0, "precision": 0.72986, "precision_std": 0.0, "recall": 0.71996, "recall_std": 0.0, "f1": 0.72488, "f1_std": 0.0, "auc": 0.80014, "auc_std": 0.0}
{"epoch": 58, "time_epoch": 8.5513, "time_epoch_std": 0.0, "eta": 400.89822, "eta_std": 0.0, "eta_hours": 0.11136, "eta_hours_std": 0.0, "loss": 0.53879, "loss_std": 0.0, "lr": 0.00038, "lr_std": 0.0, "params": 5865.0, "params_std": 0.0, "time_iter": 0.06629, "time_iter_std": 0.0, "accuracy": 0.7259, "accuracy_std": 0.0, "precision": 0.72355, "precision_std": 0.0, "recall": 0.73547, "recall_std": 0.0, "f1": 0.72946, "f1_std": 0.0, "auc": 0.80443, "auc_std": 0.0}
{"epoch": 59, "time_epoch": 9.5066, "time_epoch_std": 0.0, "eta": 390.93927, "eta_std": 0.0, "eta_hours": 0.10859, "eta_hours_std": 0.0, "loss": 0.5411, "loss_std": 0.0, "lr": 0.00036, "lr_std": 0.0, "params": 5865.0, "params_std": 0.0, "time_iter": 0.07369, "time_iter_std": 0.0, "accuracy": 0.72201, "accuracy_std": 0.0, "precision": 0.71807, "precision_std": 0.0, "recall": 0.73547, "recall_std": 0.0, "f1": 0.72666, "f1_std": 0.0, "auc": 0.79968, "auc_std": 0.0}
{"epoch": 60, "time_epoch": 9.47348, "time_epoch_std": 0.0, "eta": 380.97398, "eta_std": 0.0, "eta_hours": 0.10583, "eta_hours_std": 0.0, "loss": 0.54264, "loss_std": 0.0, "lr": 0.00035, "lr_std": 0.0, "params": 5865.0, "params_std": 0.0, "time_iter": 0.07344, "time_iter_std": 0.0, "accuracy": 0.72249, "accuracy_std": 0.0, "precision": 0.73864, "precision_std": 0.0, "recall": 0.69283, "recall_std": 0.0, "f1": 0.715, "f1_std": 0.0, "auc": 0.80082, "auc_std": 0.0}
{"epoch": 61, "time_epoch": 9.32834, "time_epoch_std": 0.0, "eta": 370.9356, "eta_std": 0.0, "eta_hours": 0.10304, "eta_hours_std": 0.0, "loss": 0.54973, "loss_std": 0.0, "lr": 0.00033, "lr_std": 0.0, "params": 5865.0, "params_std": 0.0, "time_iter": 0.07231, "time_iter_std": 0.0, "accuracy": 0.71665, "accuracy_std": 0.0, "precision": 0.72277, "precision_std": 0.0, "recall": 0.70736, "recall_std": 0.0, "f1": 0.71499, "f1_std": 0.0, "auc": 0.79046, "auc_std": 0.0}
{"epoch": 62, "time_epoch": 9.27256, "time_epoch_std": 0.0, "eta": 360.887, "eta_std": 0.0, "eta_hours": 0.10025, "eta_hours_std": 0.0, "loss": 0.53466, "loss_std": 0.0, "lr": 0.00032, "lr_std": 0.0, "params": 5865.0, "params_std": 0.0, "time_iter": 0.07188, "time_iter_std": 0.0, "accuracy": 0.72833, "accuracy_std": 0.0, "precision": 0.73373, "precision_std": 0.0, "recall": 0.72093, "recall_std": 0.0, "f1": 0.72727, "f1_std": 0.0, "auc": 0.8052, "auc_std": 0.0}
{"epoch": 63, "time_epoch": 9.68019, "time_epoch_std": 0.0, "eta": 351.09195, "eta_std": 0.0, "eta_hours": 0.09753, "eta_hours_std": 0.0, "loss": 0.54253, "loss_std": 0.0, "lr": 0.0003, "lr_std": 0.0, "params": 5865.0, "params_std": 0.0, "time_iter": 0.07504, "time_iter_std": 0.0, "accuracy": 0.71422, "accuracy_std": 0.0, "precision": 0.72228, "precision_std": 0.0, "recall": 0.70058, "recall_std": 0.0, "f1": 0.71126, "f1_std": 0.0, "auc": 0.79959, "auc_std": 0.0}
{"epoch": 64, "time_epoch": 9.74176, "time_epoch_std": 0.0, "eta": 341.33359, "eta_std": 0.0, "eta_hours": 0.09481, "eta_hours_std": 0.0, "loss": 0.54572, "loss_std": 0.0, "lr": 0.00029, "lr_std": 0.0, "params": 5865.0, "params_std": 0.0, "time_iter": 0.07552, "time_iter_std": 0.0, "accuracy": 0.7186, "accuracy_std": 0.0, "precision": 0.72082, "precision_std": 0.0, "recall": 0.71802, "recall_std": 0.0, "f1": 0.71942, "f1_std": 0.0, "auc": 0.79828, "auc_std": 0.0}
{"epoch": 65, "time_epoch": 9.21025, "time_epoch_std": 0.0, "eta": 331.30191, "eta_std": 0.0, "eta_hours": 0.09203, "eta_hours_std": 0.0, "loss": 0.53835, "loss_std": 0.0, "lr": 0.00027, "lr_std": 0.0, "params": 5865.0, "params_std": 0.0, "time_iter": 0.0714, "time_iter_std": 0.0, "accuracy": 0.73418, "accuracy_std": 0.0, "precision": 0.73547, "precision_std": 0.0, "recall": 0.73547, "recall_std": 0.0, "f1": 0.73547, "f1_std": 0.0, "auc": 0.80263, "auc_std": 0.0}
{"epoch": 66, "time_epoch": 9.04449, "time_epoch_std": 0.0, "eta": 321.21312, "eta_std": 0.0, "eta_hours": 0.08923, "eta_hours_std": 0.0, "loss": 0.53609, "loss_std": 0.0, "lr": 0.00026, "lr_std": 0.0, "params": 5865.0, "params_std": 0.0, "time_iter": 0.07011, "time_iter_std": 0.0, "accuracy": 0.72541, "accuracy_std": 0.0, "precision": 0.73636, "precision_std": 0.0, "recall": 0.7064, "recall_std": 0.0, "f1": 0.72107, "f1_std": 0.0, "auc": 0.80572, "auc_std": 0.0}
{"epoch": 67, "time_epoch": 9.13512, "time_epoch_std": 0.0, "eta": 311.19769, "eta_std": 0.0, "eta_hours": 0.08644, "eta_hours_std": 0.0, "loss": 0.53896, "loss_std": 0.0, "lr": 0.00025, "lr_std": 0.0, "params": 5865.0, "params_std": 0.0, "time_iter": 0.07081, "time_iter_std": 0.0, "accuracy": 0.72785, "accuracy_std": 0.0, "precision": 0.73346, "precision_std": 0.0, "recall": 0.71996, "recall_std": 0.0, "f1": 0.72665, "f1_std": 0.0, "auc": 0.80271, "auc_std": 0.0}
{"epoch": 68, "time_epoch": 9.70081, "time_epoch_std": 0.0, "eta": 301.46192, "eta_std": 0.0, "eta_hours": 0.08374, "eta_hours_std": 0.0, "loss": 0.53812, "loss_std": 0.0, "lr": 0.00023, "lr_std": 0.0, "params": 5865.0, "params_std": 0.0, "time_iter": 0.0752, "time_iter_std": 0.0, "accuracy": 0.7259, "accuracy_std": 0.0, "precision": 0.72701, "precision_std": 0.0, "recall": 0.72771, "recall_std": 0.0, "f1": 0.72736, "f1_std": 0.0, "auc": 0.80167, "auc_std": 0.0}
{"epoch": 69, "time_epoch": 9.78939, "time_epoch_std": 0.0, "eta": 291.76512, "eta_std": 0.0, "eta_hours": 0.08105, "eta_hours_std": 0.0, "loss": 0.53852, "loss_std": 0.0, "lr": 0.00022, "lr_std": 0.0, "params": 5865.0, "params_std": 0.0, "time_iter": 0.07589, "time_iter_std": 0.0, "accuracy": 0.72249, "accuracy_std": 0.0, "precision": 0.72736, "precision_std": 0.0, "recall": 0.71609, "recall_std": 0.0, "f1": 0.72168, "f1_std": 0.0, "auc": 0.80243, "auc_std": 0.0}
{"epoch": 70, "time_epoch": 9.31799, "time_epoch_std": 0.0, "eta": 281.87317, "eta_std": 0.0, "eta_hours": 0.0783, "eta_hours_std": 0.0, "loss": 0.5319, "loss_std": 0.0, "lr": 0.00021, "lr_std": 0.0, "params": 5865.0, "params_std": 0.0, "time_iter": 0.07223, "time_iter_std": 0.0, "accuracy": 0.73174, "accuracy_std": 0.0, "precision": 0.72883, "precision_std": 0.0, "recall": 0.74225, "recall_std": 0.0, "f1": 0.73548, "f1_std": 0.0, "auc": 0.80913, "auc_std": 0.0}
{"epoch": 71, "time_epoch": 9.51643, "time_epoch_std": 0.0, "eta": 272.07433, "eta_std": 0.0, "eta_hours": 0.07558, "eta_hours_std": 0.0, "loss": 0.54143, "loss_std": 0.0, "lr": 0.00019, "lr_std": 0.0, "params": 5865.0, "params_std": 0.0, "time_iter": 0.07377, "time_iter_std": 0.0, "accuracy": 0.72931, "accuracy_std": 0.0, "precision": 0.72797, "precision_std": 0.0, "recall": 0.73643, "recall_std": 0.0, "f1": 0.73218, "f1_std": 0.0, "auc": 0.80136, "auc_std": 0.0}
{"epoch": 72, "time_epoch": 9.68963, "time_epoch_std": 0.0, "eta": 262.34729, "eta_std": 0.0, "eta_hours": 0.07287, "eta_hours_std": 0.0, "loss": 0.52934, "loss_std": 0.0, "lr": 0.00018, "lr_std": 0.0, "params": 5865.0, "params_std": 0.0, "time_iter": 0.07511, "time_iter_std": 0.0, "accuracy": 0.7332, "accuracy_std": 0.0, "precision": 0.73866, "precision_std": 0.0, "recall": 0.72578, "recall_std": 0.0, "f1": 0.73216, "f1_std": 0.0, "auc": 0.81141, "auc_std": 0.0}
{"epoch": 73, "time_epoch": 9.44127, "time_epoch_std": 0.0, "eta": 252.534, "eta_std": 0.0, "eta_hours": 0.07015, "eta_hours_std": 0.0, "loss": 0.53859, "loss_std": 0.0, "lr": 0.00017, "lr_std": 0.0, "params": 5865.0, "params_std": 0.0, "time_iter": 0.07319, "time_iter_std": 0.0, "accuracy": 0.72541, "accuracy_std": 0.0, "precision": 0.7326, "precision_std": 0.0, "recall": 0.71415, "recall_std": 0.0, "f1": 0.72326, "f1_std": 0.0, "auc": 0.80418, "auc_std": 0.0}
{"epoch": 74, "time_epoch": 8.66431, "time_epoch_std": 0.0, "eta": 242.47164, "eta_std": 0.0, "eta_hours": 0.06735, "eta_hours_std": 0.0, "loss": 0.53185, "loss_std": 0.0, "lr": 0.00016, "lr_std": 0.0, "params": 5865.0, "params_std": 0.0, "time_iter": 0.06717, "time_iter_std": 0.0, "accuracy": 0.72882, "accuracy_std": 0.0, "precision": 0.73353, "precision_std": 0.0, "recall": 0.72287, "recall_std": 0.0, "f1": 0.72816, "f1_std": 0.0, "auc": 0.80844, "auc_std": 0.0}
{"epoch": 75, "time_epoch": 9.03236, "time_epoch_std": 0.0, "eta": 232.5623, "eta_std": 0.0, "eta_hours": 0.0646, "eta_hours_std": 0.0, "loss": 0.53515, "loss_std": 0.0, "lr": 0.00015, "lr_std": 0.0, "params": 5865.0, "params_std": 0.0, "time_iter": 0.07002, "time_iter_std": 0.0, "accuracy": 0.72687, "accuracy_std": 0.0, "precision": 0.7203, "precision_std": 0.0, "recall": 0.74612, "recall_std": 0.0, "f1": 0.73298, "f1_std": 0.0, "auc": 0.80648, "auc_std": 0.0}
{"epoch": 76, "time_epoch": 8.84442, "time_epoch_std": 0.0, "eta": 222.6196, "eta_std": 0.0, "eta_hours": 0.06184, "eta_hours_std": 0.0, "loss": 0.54395, "loss_std": 0.0, "lr": 0.00014, "lr_std": 0.0, "params": 5865.0, "params_std": 0.0, "time_iter": 0.06856, "time_iter_std": 0.0, "accuracy": 0.72833, "accuracy_std": 0.0, "precision": 0.72745, "precision_std": 0.0, "recall": 0.7345, "recall_std": 0.0, "f1": 0.73095, "f1_std": 0.0, "auc": 0.7995, "auc_std": 0.0}
{"epoch": 77, "time_epoch": 9.54377, "time_epoch_std": 0.0, "eta": 212.90231, "eta_std": 0.0, "eta_hours": 0.05914, "eta_hours_std": 0.0, "loss": 0.53307, "loss_std": 0.0, "lr": 0.00012, "lr_std": 0.0, "params": 5865.0, "params_std": 0.0, "time_iter": 0.07398, "time_iter_std": 0.0, "accuracy": 0.72931, "accuracy_std": 0.0, "precision": 0.73152, "precision_std": 0.0, "recall": 0.72868, "recall_std": 0.0, "f1": 0.7301, "f1_std": 0.0, "auc": 0.80635, "auc_std": 0.0}
{"epoch": 78, "time_epoch": 8.78696, "time_epoch_std": 0.0, "eta": 202.98824, "eta_std": 0.0, "eta_hours": 0.05639, "eta_hours_std": 0.0, "loss": 0.53833, "loss_std": 0.0, "lr": 0.00011, "lr_std": 0.0, "params": 5865.0, "params_std": 0.0, "time_iter": 0.06812, "time_iter_std": 0.0, "accuracy": 0.71908, "accuracy_std": 0.0, "precision": 0.71854, "precision_std": 0.0, "recall": 0.72481, "recall_std": 0.0, "f1": 0.72166, "f1_std": 0.0, "auc": 0.80401, "auc_std": 0.0}
{"epoch": 79, "time_epoch": 9.41847, "time_epoch_std": 0.0, "eta": 193.26022, "eta_std": 0.0, "eta_hours": 0.05368, "eta_hours_std": 0.0, "loss": 0.53897, "loss_std": 0.0, "lr": 0.0001, "lr_std": 0.0, "params": 5865.0, "params_std": 0.0, "time_iter": 0.07301, "time_iter_std": 0.0, "accuracy": 0.72785, "accuracy_std": 0.0, "precision": 0.73209, "precision_std": 0.0, "recall": 0.72287, "recall_std": 0.0, "f1": 0.72745, "f1_std": 0.0, "auc": 0.80218, "auc_std": 0.0}
{"epoch": 80, "time_epoch": 9.58941, "time_epoch_std": 0.0, "eta": 183.57995, "eta_std": 0.0, "eta_hours": 0.05099, "eta_hours_std": 0.0, "loss": 0.52991, "loss_std": 0.0, "lr": 0.0001, "lr_std": 0.0, "params": 5865.0, "params_std": 0.0, "time_iter": 0.07434, "time_iter_std": 0.0, "accuracy": 0.73223, "accuracy_std": 0.0, "precision": 0.72865, "precision_std": 0.0, "recall": 0.74419, "recall_std": 0.0, "f1": 0.73634, "f1_std": 0.0, "auc": 0.81119, "auc_std": 0.0}
{"epoch": 81, "time_epoch": 9.23772, "time_epoch_std": 0.0, "eta": 173.82469, "eta_std": 0.0, "eta_hours": 0.04828, "eta_hours_std": 0.0, "loss": 0.54452, "loss_std": 0.0, "lr": 9e-05, "lr_std": 0.0, "params": 5865.0, "params_std": 0.0, "time_iter": 0.07161, "time_iter_std": 0.0, "accuracy": 0.71957, "accuracy_std": 0.0, "precision": 0.71756, "precision_std": 0.0, "recall": 0.72868, "recall_std": 0.0, "f1": 0.72308, "f1_std": 0.0, "auc": 0.79601, "auc_std": 0.0}
{"epoch": 82, "time_epoch": 9.33126, "time_epoch_std": 0.0, "eta": 164.10105, "eta_std": 0.0, "eta_hours": 0.04558, "eta_hours_std": 0.0, "loss": 0.53737, "loss_std": 0.0, "lr": 8e-05, "lr_std": 0.0, "params": 5865.0, "params_std": 0.0, "time_iter": 0.07234, "time_iter_std": 0.0, "accuracy": 0.7259, "accuracy_std": 0.0, "precision": 0.73103, "precision_std": 0.0, "recall": 0.71899, "recall_std": 0.0, "f1": 0.72496, "f1_std": 0.0, "auc": 0.80397, "auc_std": 0.0}
{"epoch": 83, "time_epoch": 9.52672, "time_epoch_std": 0.0, "eta": 154.424, "eta_std": 0.0, "eta_hours": 0.0429, "eta_hours_std": 0.0, "loss": 0.53437, "loss_std": 0.0, "lr": 7e-05, "lr_std": 0.0, "params": 5865.0, "params_std": 0.0, "time_iter": 0.07385, "time_iter_std": 0.0, "accuracy": 0.73223, "accuracy_std": 0.0, "precision": 0.72822, "precision_std": 0.0, "recall": 0.74516, "recall_std": 0.0, "f1": 0.73659, "f1_std": 0.0, "auc": 0.80639, "auc_std": 0.0}
{"epoch": 84, "time_epoch": 9.11736, "time_epoch_std": 0.0, "eta": 144.67824, "eta_std": 0.0, "eta_hours": 0.04019, "eta_hours_std": 0.0, "loss": 0.53384, "loss_std": 0.0, "lr": 6e-05, "lr_std": 0.0, "params": 5865.0, "params_std": 0.0, "time_iter": 0.07068, "time_iter_std": 0.0, "accuracy": 0.73369, "accuracy_std": 0.0, "precision": 0.73659, "precision_std": 0.0, "recall": 0.73159, "recall_std": 0.0, "f1": 0.73408, "f1_std": 0.0, "auc": 0.80744, "auc_std": 0.0}
{"epoch": 85, "time_epoch": 9.52609, "time_epoch_std": 0.0, "eta": 135.01363, "eta_std": 0.0, "eta_hours": 0.0375, "eta_hours_std": 0.0, "loss": 0.53655, "loss_std": 0.0, "lr": 5e-05, "lr_std": 0.0, "params": 5865.0, "params_std": 0.0, "time_iter": 0.07385, "time_iter_std": 0.0, "accuracy": 0.72493, "accuracy_std": 0.0, "precision": 0.72175, "precision_std": 0.0, "recall": 0.73643, "recall_std": 0.0, "f1": 0.72902, "f1_std": 0.0, "auc": 0.80614, "auc_std": 0.0}
{"epoch": 86, "time_epoch": 8.89233, "time_epoch_std": 0.0, "eta": 125.2575, "eta_std": 0.0, "eta_hours": 0.03479, "eta_hours_std": 0.0, "loss": 0.52779, "loss_std": 0.0, "lr": 5e-05, "lr_std": 0.0, "params": 5865.0, "params_std": 0.0, "time_iter": 0.06893, "time_iter_std": 0.0, "accuracy": 0.73174, "accuracy_std": 0.0, "precision": 0.73372, "precision_std": 0.0, "recall": 0.73159, "recall_std": 0.0, "f1": 0.73265, "f1_std": 0.0, "auc": 0.81308, "auc_std": 0.0}
{"epoch": 87, "time_epoch": 9.5086, "time_epoch_std": 0.0, "eta": 115.60505, "eta_std": 0.0, "eta_hours": 0.03211, "eta_hours_std": 0.0, "loss": 0.53685, "loss_std": 0.0, "lr": 4e-05, "lr_std": 0.0, "params": 5865.0, "params_std": 0.0, "time_iter": 0.07371, "time_iter_std": 0.0, "accuracy": 0.73174, "accuracy_std": 0.0, "precision": 0.72582, "precision_std": 0.0, "recall": 0.74903, "recall_std": 0.0, "f1": 0.73724, "f1_std": 0.0, "auc": 0.80773, "auc_std": 0.0}
{"epoch": 88, "time_epoch": 9.40925, "time_epoch_std": 0.0, "eta": 105.94355, "eta_std": 0.0, "eta_hours": 0.02943, "eta_hours_std": 0.0, "loss": 0.53363, "loss_std": 0.0, "lr": 4e-05, "lr_std": 0.0, "params": 5865.0, "params_std": 0.0, "time_iter": 0.07294, "time_iter_std": 0.0, "accuracy": 0.72785, "accuracy_std": 0.0, "precision": 0.72806, "precision_std": 0.0, "recall": 0.73159, "recall_std": 0.0, "f1": 0.72982, "f1_std": 0.0, "auc": 0.806, "auc_std": 0.0}
{"epoch": 89, "time_epoch": 9.52273, "time_epoch_std": 0.0, "eta": 96.30026, "eta_std": 0.0, "eta_hours": 0.02675, "eta_hours_std": 0.0, "loss": 0.53198, "loss_std": 0.0, "lr": 3e-05, "lr_std": 0.0, "params": 5865.0, "params_std": 0.0, "time_iter": 0.07382, "time_iter_std": 0.0, "accuracy": 0.7371, "accuracy_std": 0.0, "precision": 0.73473, "precision_std": 0.0, "recall": 0.74612, "recall_std": 0.0, "f1": 0.74038, "f1_std": 0.0, "auc": 0.80894, "auc_std": 0.0}
{"epoch": 90, "time_epoch": 9.26674, "time_epoch_std": 0.0, "eta": 86.63431, "eta_std": 0.0, "eta_hours": 0.02407, "eta_hours_std": 0.0, "loss": 0.5363, "loss_std": 0.0, "lr": 2e-05, "lr_std": 0.0, "params": 5865.0, "params_std": 0.0, "time_iter": 0.07184, "time_iter_std": 0.0, "accuracy": 0.73077, "accuracy_std": 0.0, "precision": 0.72573, "precision_std": 0.0, "recall": 0.74612, "recall_std": 0.0, "f1": 0.73579, "f1_std": 0.0, "auc": 0.8052, "auc_std": 0.0}
{"epoch": 91, "time_epoch": 9.11578, "time_epoch_std": 0.0, "eta": 76.9639, "eta_std": 0.0, "eta_hours": 0.02138, "eta_hours_std": 0.0, "loss": 0.53502, "loss_std": 0.0, "lr": 2e-05, "lr_std": 0.0, "params": 5865.0, "params_std": 0.0, "time_iter": 0.07066, "time_iter_std": 0.0, "accuracy": 0.72493, "accuracy_std": 0.0, "precision": 0.72344, "precision_std": 0.0, "recall": 0.73256, "recall_std": 0.0, "f1": 0.72797, "f1_std": 0.0, "auc": 0.80408, "auc_std": 0.0}
{"epoch": 92, "time_epoch": 9.01284, "time_epoch_std": 0.0, "eta": 67.29768, "eta_std": 0.0, "eta_hours": 0.01869, "eta_hours_std": 0.0, "loss": 0.53557, "loss_std": 0.0, "lr": 2e-05, "lr_std": 0.0, "params": 5865.0, "params_std": 0.0, "time_iter": 0.06987, "time_iter_std": 0.0, "accuracy": 0.72201, "accuracy_std": 0.0, "precision": 0.72314, "precision_std": 0.0, "recall": 0.72384, "recall_std": 0.0, "f1": 0.72349, "f1_std": 0.0, "auc": 0.80487, "auc_std": 0.0}
{"epoch": 93, "time_epoch": 8.79795, "time_epoch_std": 0.0, "eta": 57.63164, "eta_std": 0.0, "eta_hours": 0.01601, "eta_hours_std": 0.0, "loss": 0.52941, "loss_std": 0.0, "lr": 1e-05, "lr_std": 0.0, "params": 5865.0, "params_std": 0.0, "time_iter": 0.0682, "time_iter_std": 0.0, "accuracy": 0.73126, "accuracy_std": 0.0, "precision": 0.73576, "precision_std": 0.0, "recall": 0.72578, "recall_std": 0.0, "f1": 0.73073, "f1_std": 0.0, "auc": 0.81069, "auc_std": 0.0}
{"epoch": 94, "time_epoch": 9.06039, "time_epoch_std": 0.0, "eta": 47.99769, "eta_std": 0.0, "eta_hours": 0.01333, "eta_hours_std": 0.0, "loss": 0.53152, "loss_std": 0.0, "lr": 1e-05, "lr_std": 0.0, "params": 5865.0, "params_std": 0.0, "time_iter": 0.07024, "time_iter_std": 0.0, "accuracy": 0.72249, "accuracy_std": 0.0, "precision": 0.7234, "precision_std": 0.0, "recall": 0.72481, "recall_std": 0.0, "f1": 0.7241, "f1_std": 0.0, "auc": 0.80983, "auc_std": 0.0}
{"epoch": 95, "time_epoch": 9.99944, "time_epoch_std": 0.0, "eta": 38.41481, "eta_std": 0.0, "eta_hours": 0.01067, "eta_hours_std": 0.0, "loss": 0.53645, "loss_std": 0.0, "lr": 1e-05, "lr_std": 0.0, "params": 5865.0, "params_std": 0.0, "time_iter": 0.07752, "time_iter_std": 0.0, "accuracy": 0.72493, "accuracy_std": 0.0, "precision": 0.72008, "precision_std": 0.0, "recall": 0.74031, "recall_std": 0.0, "f1": 0.73005, "f1_std": 0.0, "auc": 0.80585, "auc_std": 0.0}
{"epoch": 96, "time_epoch": 8.54318, "time_epoch_std": 0.0, "eta": 28.77831, "eta_std": 0.0, "eta_hours": 0.00799, "eta_hours_std": 0.0, "loss": 0.53771, "loss_std": 0.0, "lr": 0.0, "lr_std": 0.0, "params": 5865.0, "params_std": 0.0, "time_iter": 0.06623, "time_iter_std": 0.0, "accuracy": 0.7259, "accuracy_std": 0.0, "precision": 0.72144, "precision_std": 0.0, "recall": 0.74031, "recall_std": 0.0, "f1": 0.73075, "f1_std": 0.0, "auc": 0.80486, "auc_std": 0.0}
{"epoch": 97, "time_epoch": 9.53425, "time_epoch_std": 0.0, "eta": 19.18435, "eta_std": 0.0, "eta_hours": 0.00533, "eta_hours_std": 0.0, "loss": 0.53384, "loss_std": 0.0, "lr": 0.0, "lr_std": 0.0, "params": 5865.0, "params_std": 0.0, "time_iter": 0.07391, "time_iter_std": 0.0, "accuracy": 0.74489, "accuracy_std": 0.0, "precision": 0.74612, "precision_std": 0.0, "recall": 0.74612, "recall_std": 0.0, "f1": 0.74612, "f1_std": 0.0, "auc": 0.80973, "auc_std": 0.0}
{"epoch": 98, "time_epoch": 8.84915, "time_epoch_std": 0.0, "eta": 9.58467, "eta_std": 0.0, "eta_hours": 0.00266, "eta_hours_std": 0.0, "loss": 0.52753, "loss_std": 0.0, "lr": 0.0, "lr_std": 0.0, "params": 5865.0, "params_std": 0.0, "time_iter": 0.0686, "time_iter_std": 0.0, "accuracy": 0.73953, "accuracy_std": 0.0, "precision": 0.7415, "precision_std": 0.0, "recall": 0.73934, "recall_std": 0.0, "f1": 0.74042, "f1_std": 0.0, "auc": 0.81354, "auc_std": 0.0}
{"epoch": 99, "time_epoch": 9.58902, "time_epoch_std": 0.0, "eta": 0.0, "eta_std": 0.0, "eta_hours": 0.0, "eta_hours_std": 0.0, "loss": 0.52834, "loss_std": 0.0, "lr": 0.0, "lr_std": 0.0, "params": 5865.0, "params_std": 0.0, "time_iter": 0.07433, "time_iter_std": 0.0, "accuracy": 0.7259, "accuracy_std": 0.0, "precision": 0.72878, "precision_std": 0.0, "recall": 0.72384, "recall_std": 0.0, "f1": 0.7263, "f1_std": 0.0, "auc": 0.81149, "auc_std": 0.0}
