{"epoch": 0, "time_epoch": 1.06193, "eta": 105.13111, "eta_hours": 0.0292, "loss": 0.67966372, "lr": 0.001, "params": 9207, "time_iter": 0.35398, "accuracy": 0.66667, "precision": 0.66667, "recall": 1.0, "f1": 0.8, "auc": 0.31361}
{"epoch": 1, "time_epoch": 2.29016, "eta": 164.25254, "eta_hours": 0.04563, "loss": 0.67591076, "lr": 0.00099975, "params": 9207, "time_iter": 0.76339, "accuracy": 0.66667, "precision": 0.66667, "recall": 1.0, "f1": 0.8, "auc": 0.61834}
{"epoch": 2, "time_epoch": 2.34854, "eta": 184.32035, "eta_hours": 0.0512, "loss": 0.6734778, "lr": 0.00099901, "params": 9207, "time_iter": 0.78285, "accuracy": 0.66667, "precision": 0.66667, "recall": 1.0, "f1": 0.8, "auc": 0.51775}
{"epoch": 3, "time_epoch": 2.35454, "eta": 193.32409, "eta_hours": 0.0537, "loss": 0.67159929, "lr": 0.00099778, "params": 9207, "time_iter": 0.78485, "accuracy": 0.69231, "precision": 0.68421, "recall": 1.0, "f1": 0.8125, "auc": 0.40533}
{"epoch": 4, "time_epoch": 2.19402, "eta": 194.73453, "eta_hours": 0.05409, "loss": 0.66861221, "lr": 0.00099606, "params": 9207, "time_iter": 0.73134, "accuracy": 0.69231, "precision": 0.68421, "recall": 1.0, "f1": 0.8125, "auc": 0.56509}
{"epoch": 5, "time_epoch": 2.36157, "eta": 197.56844, "eta_hours": 0.05488, "loss": 0.66551297, "lr": 0.00099384, "params": 9207, "time_iter": 0.78719, "accuracy": 0.69231, "precision": 0.68421, "recall": 1.0, "f1": 0.8125, "auc": 0.61243}
{"epoch": 6, "time_epoch": 2.36917, "eta": 199.01891, "eta_hours": 0.05528, "loss": 0.66357145, "lr": 0.00099114, "params": 9207, "time_iter": 0.78972, "accuracy": 0.69231, "precision": 0.68421, "recall": 1.0, "f1": 0.8125, "auc": 0.48521}
{"epoch": 7, "time_epoch": 0.89011, "eta": 182.50537, "eta_hours": 0.0507, "loss": 0.66055888, "lr": 0.00098796, "params": 9207, "time_iter": 0.2967, "accuracy": 0.69231, "precision": 0.68421, "recall": 1.0, "f1": 0.8125, "auc": 0.5355}
{"epoch": 8, "time_epoch": 0.15963, "eta": 162.07774, "eta_hours": 0.04502, "loss": 0.65899333, "lr": 0.00098429, "params": 9207, "time_iter": 0.05321, "accuracy": 0.69231, "precision": 0.68421, "recall": 1.0, "f1": 0.8125, "auc": 0.52663}
{"epoch": 9, "time_epoch": 0.16029, "eta": 145.7096, "eta_hours": 0.04047, "loss": 0.65722022, "lr": 0.00098015, "params": 9207, "time_iter": 0.05343, "accuracy": 0.69231, "precision": 0.68421, "recall": 1.0, "f1": 0.8125, "auc": 0.62426}
{"epoch": 10, "time_epoch": 0.16898, "eta": 132.35863, "eta_hours": 0.03677, "loss": 0.65301399, "lr": 0.00097553, "params": 9207, "time_iter": 0.05633, "accuracy": 0.69231, "precision": 0.68421, "recall": 1.0, "f1": 0.8125, "auc": 0.66568}
{"epoch": 11, "time_epoch": 0.15479, "eta": 121.1006, "eta_hours": 0.03364, "loss": 0.65054513, "lr": 0.00097044, "params": 9207, "time_iter": 0.0516, "accuracy": 0.69231, "precision": 0.68421, "recall": 1.0, "f1": 0.8125, "auc": 0.60651}
{"epoch": 12, "time_epoch": 0.14349, "eta": 111.47516, "eta_hours": 0.03097, "loss": 0.6537471, "lr": 0.00096489, "params": 9207, "time_iter": 0.04783, "accuracy": 0.66667, "precision": 0.66667, "recall": 1.0, "f1": 0.8, "auc": 0.60651}
{"epoch": 13, "time_epoch": 0.14174, "eta": 103.19353, "eta_hours": 0.02866, "loss": 0.64405037, "lr": 0.00095888, "params": 9207, "time_iter": 0.04725, "accuracy": 0.69231, "precision": 0.68421, "recall": 1.0, "f1": 0.8125, "auc": 0.54438}
{"epoch": 14, "time_epoch": 0.14279, "eta": 96.00318, "eta_hours": 0.02667, "loss": 0.63951069, "lr": 0.00095241, "params": 9207, "time_iter": 0.0476, "accuracy": 0.69231, "precision": 0.68421, "recall": 1.0, "f1": 0.8125, "auc": 0.66864}
{"epoch": 15, "time_epoch": 0.14156, "eta": 89.68732, "eta_hours": 0.02491, "loss": 0.6362365, "lr": 0.0009455, "params": 9207, "time_iter": 0.04719, "accuracy": 0.69231, "precision": 0.68421, "recall": 1.0, "f1": 0.8125, "auc": 0.72633}
{"epoch": 16, "time_epoch": 0.14133, "eta": 84.09672, "eta_hours": 0.02336, "loss": 0.63546559, "lr": 0.00093815, "params": 9207, "time_iter": 0.04711, "accuracy": 0.69231, "precision": 0.68421, "recall": 1.0, "f1": 0.8125, "auc": 0.61243}
{"epoch": 17, "time_epoch": 0.14122, "eta": 79.11109, "eta_hours": 0.02198, "loss": 0.62766264, "lr": 0.00093037, "params": 9207, "time_iter": 0.04707, "accuracy": 0.69231, "precision": 0.68421, "recall": 1.0, "f1": 0.8125, "auc": 0.59172}
{"epoch": 18, "time_epoch": 0.14934, "eta": 74.67003, "eta_hours": 0.02074, "loss": 0.63165373, "lr": 0.00092216, "params": 9207, "time_iter": 0.04978, "accuracy": 0.69231, "precision": 0.68421, "recall": 1.0, "f1": 0.8125, "auc": 0.65385}
{"epoch": 19, "time_epoch": 0.16977, "eta": 70.73986, "eta_hours": 0.01965, "loss": 0.62640231, "lr": 0.00091354, "params": 9207, "time_iter": 0.05659, "accuracy": 0.69231, "precision": 0.68421, "recall": 1.0, "f1": 0.8125, "auc": 0.57988}
{"epoch": 20, "time_epoch": 0.14586, "eta": 67.07785, "eta_hours": 0.01863, "loss": 0.62289916, "lr": 0.00090451, "params": 9207, "time_iter": 0.04862, "accuracy": 0.69231, "precision": 0.68421, "recall": 1.0, "f1": 0.8125, "auc": 0.73964}
{"epoch": 21, "time_epoch": 0.16485, "eta": 63.80283, "eta_hours": 0.01772, "loss": 0.61401279, "lr": 0.00089508, "params": 9207, "time_iter": 0.05495, "accuracy": 0.69231, "precision": 0.68421, "recall": 1.0, "f1": 0.8125, "auc": 0.7071}
{"epoch": 22, "time_epoch": 0.17173, "eta": 60.82128, "eta_hours": 0.01689, "loss": 0.61171782, "lr": 0.00088526, "params": 9207, "time_iter": 0.05724, "accuracy": 0.69231, "precision": 0.68421, "recall": 1.0, "f1": 0.8125, "auc": 0.71006}
{"epoch": 23, "time_epoch": 0.1435, "eta": 57.9845, "eta_hours": 0.01611, "loss": 0.60648509, "lr": 0.00087506, "params": 9207, "time_iter": 0.04783, "accuracy": 0.69231, "precision": 0.68421, "recall": 1.0, "f1": 0.8125, "auc": 0.61834}
{"epoch": 24, "time_epoch": 0.14688, "eta": 55.37333, "eta_hours": 0.01538, "loss": 0.60570348, "lr": 0.00086448, "params": 9207, "time_iter": 0.04896, "accuracy": 0.69231, "precision": 0.68421, "recall": 1.0, "f1": 0.8125, "auc": 0.65089}
{"epoch": 25, "time_epoch": 0.16812, "eta": 53.01218, "eta_hours": 0.01473, "loss": 0.59650523, "lr": 0.00085355, "params": 9207, "time_iter": 0.05604, "accuracy": 0.69231, "precision": 0.68421, "recall": 1.0, "f1": 0.8125, "auc": 0.70118}
{"epoch": 26, "time_epoch": 0.17152, "eta": 50.82267, "eta_hours": 0.01412, "loss": 0.58783274, "lr": 0.00084227, "params": 9207, "time_iter": 0.05717, "accuracy": 0.69231, "precision": 0.68421, "recall": 1.0, "f1": 0.8125, "auc": 0.70414}
{"epoch": 27, "time_epoch": 0.1585, "eta": 48.7438, "eta_hours": 0.01354, "loss": 0.58690194, "lr": 0.00083066, "params": 9207, "time_iter": 0.05283, "accuracy": 0.69231, "precision": 0.68421, "recall": 1.0, "f1": 0.8125, "auc": 0.72189}
{"epoch": 28, "time_epoch": 0.15124, "eta": 46.7796, "eta_hours": 0.01299, "loss": 0.58699438, "lr": 0.00081871, "params": 9207, "time_iter": 0.05041, "accuracy": 0.69231, "precision": 0.68421, "recall": 1.0, "f1": 0.8125, "auc": 0.7071}
{"epoch": 29, "time_epoch": 0.14914, "eta": 44.93138, "eta_hours": 0.01248, "loss": 0.58375274, "lr": 0.00080645, "params": 9207, "time_iter": 0.04971, "accuracy": 0.69231, "precision": 0.68421, "recall": 1.0, "f1": 0.8125, "auc": 0.71893}
{"epoch": 30, "time_epoch": 0.171, "eta": 43.24141, "eta_hours": 0.01201, "loss": 0.57553842, "lr": 0.00079389, "params": 9207, "time_iter": 0.057, "accuracy": 0.69231, "precision": 0.68421, "recall": 1.0, "f1": 0.8125, "auc": 0.79586}
{"epoch": 31, "time_epoch": 0.17043, "eta": 41.64519, "eta_hours": 0.01157, "loss": 0.6023572, "lr": 0.00078104, "params": 9207, "time_iter": 0.05681, "accuracy": 0.66667, "precision": 0.66667, "recall": 1.0, "f1": 0.8, "auc": 0.68047}
{"epoch": 32, "time_epoch": 0.16386, "eta": 40.12204, "eta_hours": 0.01115, "loss": 0.57068448, "lr": 0.00076791, "params": 9207, "time_iter": 0.05462, "accuracy": 0.69231, "precision": 0.68421, "recall": 1.0, "f1": 0.8125, "auc": 0.73965}
{"epoch": 33, "time_epoch": 0.14907, "eta": 38.65011, "eta_hours": 0.01074, "loss": 0.58352698, "lr": 0.00075452, "params": 9207, "time_iter": 0.04969, "accuracy": 0.66667, "precision": 0.66667, "recall": 1.0, "f1": 0.8, "auc": 0.81065}
{"epoch": 34, "time_epoch": 0.14738, "eta": 37.25066, "eta_hours": 0.01035, "loss": 0.56450701, "lr": 0.00074088, "params": 9207, "time_iter": 0.04913, "accuracy": 0.69231, "precision": 0.68421, "recall": 1.0, "f1": 0.8125, "auc": 0.76923}
{"epoch": 35, "time_epoch": 0.17449, "eta": 35.96895, "eta_hours": 0.00999, "loss": 0.56211077, "lr": 0.000727, "params": 9207, "time_iter": 0.05816, "accuracy": 0.69231, "precision": 0.68421, "recall": 1.0, "f1": 0.8125, "auc": 0.81361}
{"epoch": 36, "time_epoch": 0.171, "eta": 34.74115, "eta_hours": 0.00965, "loss": 0.56431905, "lr": 0.00071289, "params": 9207, "time_iter": 0.057, "accuracy": 0.69231, "precision": 0.68421, "recall": 1.0, "f1": 0.8125, "auc": 0.86391}
{"epoch": 37, "time_epoch": 0.16241, "eta": 33.55495, "eta_hours": 0.00932, "loss": 0.56555103, "lr": 0.00069857, "params": 9207, "time_iter": 0.05414, "accuracy": 0.69231, "precision": 0.68421, "recall": 1.0, "f1": 0.8125, "auc": 0.83432}
{"epoch": 38, "time_epoch": 0.14737, "eta": 32.39774, "eta_hours": 0.009, "loss": 0.55753711, "lr": 0.00068406, "params": 9207, "time_iter": 0.04912, "accuracy": 0.69231, "precision": 0.68421, "recall": 1.0, "f1": 0.8125, "auc": 0.88166}
{"epoch": 39, "time_epoch": 0.1712, "eta": 31.32675, "eta_hours": 0.0087, "loss": 0.5398065, "lr": 0.00066937, "params": 9207, "time_iter": 0.05707, "accuracy": 0.69231, "precision": 0.68421, "recall": 1.0, "f1": 0.8125, "auc": 0.90533}
{"epoch": 40, "time_epoch": 0.16806, "eta": 30.29516, "eta_hours": 0.00842, "loss": 0.54748677, "lr": 0.00065451, "params": 9207, "time_iter": 0.05602, "accuracy": 0.69231, "precision": 0.68421, "recall": 1.0, "f1": 0.8125, "auc": 0.90533}
{"epoch": 41, "time_epoch": 0.16648, "eta": 29.30249, "eta_hours": 0.00814, "loss": 0.53912458, "lr": 0.0006395, "params": 9207, "time_iter": 0.05549, "accuracy": 0.69231, "precision": 0.68421, "recall": 1.0, "f1": 0.8125, "auc": 0.89645}
{"epoch": 42, "time_epoch": 0.15481, "eta": 28.33279, "eta_hours": 0.00787, "loss": 0.53623762, "lr": 0.00062434, "params": 9207, "time_iter": 0.0516, "accuracy": 0.69231, "precision": 0.68421, "recall": 1.0, "f1": 0.8125, "auc": 0.92012}
{"epoch": 43, "time_epoch": 0.14191, "eta": 27.3837, "eta_hours": 0.00761, "loss": 0.53001172, "lr": 0.00060907, "params": 9207, "time_iter": 0.0473, "accuracy": 0.69231, "precision": 0.68421, "recall": 1.0, "f1": 0.8125, "auc": 0.90828}
{"epoch": 44, "time_epoch": 0.16898, "eta": 26.50358, "eta_hours": 0.00736, "loss": 0.53036829, "lr": 0.00059369, "params": 9207, "time_iter": 0.05633, "accuracy": 0.69231, "precision": 0.68421, "recall": 1.0, "f1": 0.8125, "auc": 0.93195}
{"epoch": 45, "time_epoch": 0.1791, "eta": 25.66626, "eta_hours": 0.00713, "loss": 0.51863102, "lr": 0.00057822, "params": 9207, "time_iter": 0.0597, "accuracy": 0.69231, "precision": 0.68421, "recall": 1.0, "f1": 0.8125, "auc": 0.92899}
{"epoch": 46, "time_epoch": 0.15842, "eta": 24.83362, "eta_hours": 0.0069, "loss": 0.51490766, "lr": 0.00056267, "params": 9207, "time_iter": 0.05281, "accuracy": 0.69231, "precision": 0.68421, "recall": 1.0, "f1": 0.8125, "auc": 0.92308}
{"epoch": 47, "time_epoch": 0.14526, "eta": 24.01482, "eta_hours": 0.00667, "loss": 0.50669077, "lr": 0.00054705, "params": 9207, "time_iter": 0.04842, "accuracy": 0.69231, "precision": 0.68421, "recall": 1.0, "f1": 0.8125, "auc": 0.9645}
{"epoch": 48, "time_epoch": 0.1849, "eta": 23.26478, "eta_hours": 0.00646, "loss": 0.51838421, "lr": 0.0005314, "params": 9207, "time_iter": 0.06163, "accuracy": 0.71795, "precision": 0.7027, "recall": 1.0, "f1": 0.8254, "auc": 0.89349}
{"epoch": 49, "time_epoch": 0.14301, "eta": 22.49545, "eta_hours": 0.00625, "loss": 0.50258115, "lr": 0.00051571, "params": 9207, "time_iter": 0.04767, "accuracy": 0.69231, "precision": 0.68421, "recall": 1.0, "f1": 0.8125, "auc": 0.92012}
{"epoch": 50, "time_epoch": 0.14547, "eta": 21.75304, "eta_hours": 0.00604, "loss": 0.48658018, "lr": 0.0005, "params": 9207, "time_iter": 0.04849, "accuracy": 0.69231, "precision": 0.68421, "recall": 1.0, "f1": 0.8125, "auc": 0.9497}
{"epoch": 51, "time_epoch": 0.14137, "eta": 21.0298, "eta_hours": 0.00584, "loss": 0.48981565, "lr": 0.00048429, "params": 9207, "time_iter": 0.04712, "accuracy": 0.71795, "precision": 0.7027, "recall": 1.0, "f1": 0.8254, "auc": 0.96746}
{"epoch": 52, "time_epoch": 0.1417, "eta": 20.32882, "eta_hours": 0.00565, "loss": 0.48581743, "lr": 0.0004686, "params": 9207, "time_iter": 0.04723, "accuracy": 0.71795, "precision": 0.7027, "recall": 1.0, "f1": 0.8254, "auc": 0.92899}
{"epoch": 53, "time_epoch": 0.14386, "eta": 19.65039, "eta_hours": 0.00546, "loss": 0.46968431, "lr": 0.00045295, "params": 9207, "time_iter": 0.04795, "accuracy": 0.71795, "precision": 0.7027, "recall": 1.0, "f1": 0.8254, "auc": 0.98225}
{"epoch": 54, "time_epoch": 0.14215, "eta": 18.98999, "eta_hours": 0.00527, "loss": 0.47807698, "lr": 0.00043733, "params": 9207, "time_iter": 0.04738, "accuracy": 0.71795, "precision": 0.7027, "recall": 1.0, "f1": 0.8254, "auc": 0.96746}
{"epoch": 55, "time_epoch": 0.16987, "eta": 18.3699, "eta_hours": 0.0051, "loss": 0.46331387, "lr": 0.00042178, "params": 9207, "time_iter": 0.05662, "accuracy": 0.71795, "precision": 0.7027, "recall": 1.0, "f1": 0.8254, "auc": 0.95562}
{"epoch": 56, "time_epoch": 0.16279, "eta": 17.76025, "eta_hours": 0.00493, "loss": 0.45723124, "lr": 0.00040631, "params": 9207, "time_iter": 0.05426, "accuracy": 0.71795, "precision": 0.7027, "recall": 1.0, "f1": 0.8254, "auc": 0.95266}
{"epoch": 57, "time_epoch": 0.14391, "eta": 17.15234, "eta_hours": 0.00476, "loss": 0.43739266, "lr": 0.00039093, "params": 9207, "time_iter": 0.04797, "accuracy": 0.74359, "precision": 0.72222, "recall": 1.0, "f1": 0.83871, "auc": 0.9645}
{"epoch": 58, "time_epoch": 0.14752, "eta": 16.56267, "eta_hours": 0.0046, "loss": 0.43873661, "lr": 0.00037566, "params": 9207, "time_iter": 0.04917, "accuracy": 0.74359, "precision": 0.72222, "recall": 1.0, "f1": 0.83871, "auc": 0.98225}
{"epoch": 59, "time_epoch": 0.14604, "eta": 15.98675, "eta_hours": 0.00444, "loss": 0.44321479, "lr": 0.0003605, "params": 9207, "time_iter": 0.04868, "accuracy": 0.74359, "precision": 0.72222, "recall": 1.0, "f1": 0.83871, "auc": 0.9645}
{"epoch": 60, "time_epoch": 0.14701, "eta": 15.42555, "eta_hours": 0.00428, "loss": 0.41314087, "lr": 0.00034549, "params": 9207, "time_iter": 0.049, "accuracy": 0.76923, "precision": 0.74286, "recall": 1.0, "f1": 0.85246, "auc": 1.0}
{"epoch": 61, "time_epoch": 0.14574, "eta": 14.87692, "eta_hours": 0.00413, "loss": 0.432876, "lr": 0.00033063, "params": 9207, "time_iter": 0.04858, "accuracy": 0.76923, "precision": 0.74286, "recall": 1.0, "f1": 0.85246, "auc": 0.9497}
{"epoch": 62, "time_epoch": 0.14456, "eta": 14.3404, "eta_hours": 0.00398, "loss": 0.39919389, "lr": 0.00031594, "params": 9207, "time_iter": 0.04819, "accuracy": 0.79487, "precision": 0.76471, "recall": 1.0, "f1": 0.86667, "auc": 0.97633}
{"epoch": 63, "time_epoch": 0.14559, "eta": 13.8167, "eta_hours": 0.00384, "loss": 0.39086459, "lr": 0.00030143, "params": 9207, "time_iter": 0.04853, "accuracy": 0.79487, "precision": 0.76471, "recall": 1.0, "f1": 0.86667, "auc": 0.99704}
{"epoch": 64, "time_epoch": 0.14401, "eta": 13.30378, "eta_hours": 0.0037, "loss": 0.3987985, "lr": 0.00028711, "params": 9207, "time_iter": 0.048, "accuracy": 0.82051, "precision": 0.78788, "recall": 1.0, "f1": 0.88136, "auc": 0.96154}
{"epoch": 65, "time_epoch": 0.14717, "eta": 12.80368, "eta_hours": 0.00356, "loss": 0.37805423, "lr": 0.000273, "params": 9207, "time_iter": 0.04906, "accuracy": 0.82051, "precision": 0.78788, "recall": 1.0, "f1": 0.88136, "auc": 0.99112}
{"epoch": 66, "time_epoch": 0.14747, "eta": 12.31425, "eta_hours": 0.00342, "loss": 0.39040535, "lr": 0.00025912, "params": 9207, "time_iter": 0.04916, "accuracy": 0.76923, "precision": 0.74286, "recall": 1.0, "f1": 0.85246, "auc": 0.98817}
{"epoch": 67, "time_epoch": 0.14791, "eta": 11.83509, "eta_hours": 0.00329, "loss": 0.37070134, "lr": 0.00024548, "params": 9207, "time_iter": 0.0493, "accuracy": 0.84615, "precision": 0.8125, "recall": 1.0, "f1": 0.89655, "auc": 0.97929}
{"epoch": 68, "time_epoch": 0.1475, "eta": 11.36535, "eta_hours": 0.00316, "loss": 0.36321418, "lr": 0.00023209, "params": 9207, "time_iter": 0.04917, "accuracy": 0.84615, "precision": 0.8125, "recall": 1.0, "f1": 0.89655, "auc": 0.97337}
{"epoch": 69, "time_epoch": 0.15435, "eta": 10.90775, "eta_hours": 0.00303, "loss": 0.34592258, "lr": 0.00021896, "params": 9207, "time_iter": 0.05145, "accuracy": 0.87179, "precision": 0.83871, "recall": 1.0, "f1": 0.91228, "auc": 1.0}
{"epoch": 70, "time_epoch": 0.15333, "eta": 10.45828, "eta_hours": 0.00291, "loss": 0.34204958, "lr": 0.00020611, "params": 9207, "time_iter": 0.05111, "accuracy": 0.87179, "precision": 0.83871, "recall": 1.0, "f1": 0.91228, "auc": 1.0}
{"epoch": 71, "time_epoch": 0.15208, "eta": 10.01655, "eta_hours": 0.00278, "loss": 0.33489413, "lr": 0.00019355, "params": 9207, "time_iter": 0.05069, "accuracy": 0.87179, "precision": 0.83871, "recall": 1.0, "f1": 0.91228, "auc": 1.0}
{"epoch": 72, "time_epoch": 0.15434, "eta": 9.58358, "eta_hours": 0.00266, "loss": 0.33771107, "lr": 0.00018129, "params": 9207, "time_iter": 0.05145, "accuracy": 0.84615, "precision": 0.8125, "recall": 1.0, "f1": 0.89655, "auc": 0.99704}
{"epoch": 73, "time_epoch": 0.15118, "eta": 9.15704, "eta_hours": 0.00254, "loss": 0.32476677, "lr": 0.00016934, "params": 9207, "time_iter": 0.05039, "accuracy": 0.87179, "precision": 0.83871, "recall": 1.0, "f1": 0.91228, "auc": 1.0}
{"epoch": 74, "time_epoch": 0.15151, "eta": 8.73795, "eta_hours": 0.00243, "loss": 0.32142643, "lr": 0.00015773, "params": 9207, "time_iter": 0.0505, "accuracy": 0.87179, "precision": 0.83871, "recall": 1.0, "f1": 0.91228, "auc": 1.0}
{"epoch": 75, "time_epoch": 0.14875, "eta": 8.32503, "eta_hours": 0.00231, "loss": 0.31774206, "lr": 0.00014645, "params": 9207, "time_iter": 0.04958, "accuracy": 0.89744, "precision": 0.86667, "recall": 1.0, "f1": 0.92857, "auc": 1.0}
{"epoch": 76, "time_epoch": 0.15181, "eta": 7.91989, "eta_hours": 0.0022, "loss": 0.32164479, "lr": 0.00013552, "params": 9207, "time_iter": 0.0506, "accuracy": 0.89744, "precision": 0.86667, "recall": 1.0, "f1": 0.92857, "auc": 0.99704}
{"epoch": 77, "time_epoch": 0.15145, "eta": 7.52114, "eta_hours": 0.00209, "loss": 0.3401803, "lr": 0.00012494, "params": 9207, "time_iter": 0.05048, "accuracy": 0.87179, "precision": 0.83871, "recall": 1.0, "f1": 0.91228, "auc": 0.99112}
{"epoch": 78, "time_epoch": 0.15404, "eta": 7.12934, "eta_hours": 0.00198, "loss": 0.31881607, "lr": 0.00011474, "params": 9207, "time_iter": 0.05135, "accuracy": 0.92308, "precision": 0.89655, "recall": 1.0, "f1": 0.94545, "auc": 0.98817}
{"epoch": 79, "time_epoch": 0.15156, "eta": 6.74287, "eta_hours": 0.00187, "loss": 0.31598213, "lr": 0.00010492, "params": 9207, "time_iter": 0.05052, "accuracy": 0.89744, "precision": 0.86667, "recall": 1.0, "f1": 0.92857, "auc": 0.99704}
{"epoch": 80, "time_epoch": 0.15147, "eta": 6.36217, "eta_hours": 0.00177, "loss": 0.29346341, "lr": 9.549e-05, "params": 9207, "time_iter": 0.05049, "accuracy": 0.92308, "precision": 0.89655, "recall": 1.0, "f1": 0.94545, "auc": 1.0}
{"epoch": 81, "time_epoch": 0.15559, "eta": 5.98797, "eta_hours": 0.00166, "loss": 0.29636498, "lr": 8.646e-05, "params": 9207, "time_iter": 0.05186, "accuracy": 0.92308, "precision": 0.89655, "recall": 1.0, "f1": 0.94545, "auc": 1.0}
{"epoch": 82, "time_epoch": 0.15389, "eta": 5.61869, "eta_hours": 0.00156, "loss": 0.29549286, "lr": 7.784e-05, "params": 9207, "time_iter": 0.0513, "accuracy": 0.92308, "precision": 0.89655, "recall": 1.0, "f1": 0.94545, "auc": 1.0}
{"epoch": 83, "time_epoch": 0.15113, "eta": 5.25401, "eta_hours": 0.00146, "loss": 0.29918903, "lr": 6.963e-05, "params": 9207, "time_iter": 0.05038, "accuracy": 0.92308, "precision": 0.89655, "recall": 1.0, "f1": 0.94545, "auc": 0.99704}
{"epoch": 84, "time_epoch": 0.15278, "eta": 4.89465, "eta_hours": 0.00136, "loss": 0.29335511, "lr": 6.185e-05, "params": 9207, "time_iter": 0.05093, "accuracy": 0.92308, "precision": 0.89655, "recall": 1.0, "f1": 0.94545, "auc": 0.99704}
{"epoch": 85, "time_epoch": 0.15021, "eta": 4.53967, "eta_hours": 0.00126, "loss": 0.28958796, "lr": 5.45e-05, "params": 9207, "time_iter": 0.05007, "accuracy": 0.92308, "precision": 0.89655, "recall": 1.0, "f1": 0.94545, "auc": 1.0}
{"epoch": 86, "time_epoch": 0.15016, "eta": 4.18939, "eta_hours": 0.00116, "loss": 0.28508051, "lr": 4.759e-05, "params": 9207, "time_iter": 0.05005, "accuracy": 0.92308, "precision": 0.89655, "recall": 1.0, "f1": 0.94545, "auc": 1.0}
{"epoch": 87, "time_epoch": 0.15048, "eta": 3.8437, "eta_hours": 0.00107, "loss": 0.29337996, "lr": 4.112e-05, "params": 9207, "time_iter": 0.05016, "accuracy": 0.89744, "precision": 0.86667, "recall": 1.0, "f1": 0.92857, "auc": 1.0}
{"epoch": 88, "time_epoch": 0.15279, "eta": 3.50269, "eta_hours": 0.00097, "loss": 0.28847352, "lr": 3.511e-05, "params": 9207, "time_iter": 0.05093, "accuracy": 0.92308, "precision": 0.89655, "recall": 1.0, "f1": 0.94545, "auc": 1.0}
{"epoch": 89, "time_epoch": 0.15674, "eta": 3.1663, "eta_hours": 0.00088, "loss": 0.30111587, "lr": 2.956e-05, "params": 9207, "time_iter": 0.05225, "accuracy": 0.92308, "precision": 0.89655, "recall": 1.0, "f1": 0.94545, "auc": 0.98521}
{"epoch": 90, "time_epoch": 0.15001, "eta": 2.83319, "eta_hours": 0.00079, "loss": 0.27891831, "lr": 2.447e-05, "params": 9207, "time_iter": 0.05, "accuracy": 0.92308, "precision": 0.89655, "recall": 1.0, "f1": 0.94545, "auc": 1.0}
{"epoch": 91, "time_epoch": 0.14701, "eta": 2.5038, "eta_hours": 0.0007, "loss": 0.28451802, "lr": 1.985e-05, "params": 9207, "time_iter": 0.049, "accuracy": 0.94872, "precision": 0.92857, "recall": 1.0, "f1": 0.96296, "auc": 1.0}
{"epoch": 92, "time_epoch": 0.14791, "eta": 2.1784, "eta_hours": 0.00061, "loss": 0.28114813, "lr": 1.571e-05, "params": 9207, "time_iter": 0.0493, "accuracy": 0.92308, "precision": 0.89655, "recall": 1.0, "f1": 0.94545, "auc": 1.0}
{"epoch": 93, "time_epoch": 0.13322, "eta": 1.85584, "eta_hours": 0.00052, "loss": 0.30284793, "lr": 1.204e-05, "params": 9207, "time_iter": 0.04441, "accuracy": 0.89744, "precision": 0.86667, "recall": 1.0, "f1": 0.92857, "auc": 1.0}
{"epoch": 94, "time_epoch": 0.12614, "eta": 1.53689, "eta_hours": 0.00043, "loss": 0.29126059, "lr": 8.86e-06, "params": 9207, "time_iter": 0.04205, "accuracy": 0.89744, "precision": 0.86667, "recall": 1.0, "f1": 0.92857, "auc": 0.99408}
{"epoch": 95, "time_epoch": 0.1263, "eta": 1.22197, "eta_hours": 0.00034, "loss": 0.29367477, "lr": 6.16e-06, "params": 9207, "time_iter": 0.0421, "accuracy": 0.92308, "precision": 0.89655, "recall": 1.0, "f1": 0.94545, "auc": 1.0}
{"epoch": 96, "time_epoch": 0.12622, "eta": 0.91093, "eta_hours": 0.00025, "loss": 0.29274253, "lr": 3.94e-06, "params": 9207, "time_iter": 0.04207, "accuracy": 0.94872, "precision": 0.92857, "recall": 1.0, "f1": 0.96296, "auc": 0.98817}
{"epoch": 97, "time_epoch": 0.12494, "eta": 0.60364, "eta_hours": 0.00017, "loss": 0.28145754, "lr": 2.22e-06, "params": 9207, "time_iter": 0.04165, "accuracy": 0.92308, "precision": 0.89655, "recall": 1.0, "f1": 0.94545, "auc": 1.0}
{"epoch": 98, "time_epoch": 0.12453, "eta": 0.30003, "eta_hours": 8e-05, "loss": 0.32863592, "lr": 9.9e-07, "params": 9207, "time_iter": 0.04151, "accuracy": 0.87179, "precision": 0.83871, "recall": 1.0, "f1": 0.91228, "auc": 0.96154}
{"epoch": 99, "time_epoch": 0.1307, "eta": 0.0, "eta_hours": 0.0, "loss": 0.2818482, "lr": 2.5e-07, "params": 9207, "time_iter": 0.04357, "accuracy": 0.89744, "precision": 0.86667, "recall": 1.0, "f1": 0.92857, "auc": 1.0}
