{"epoch": 0, "time_epoch": 28.35622, "eta": 2807.26604, "eta_hours": 0.7798, "loss": 1.10073603, "lr": 0.001, "params": 3899, "time_iter": 0.60332, "accuracy": 0.328, "f1": 0.23048, "auc": 0.46251}
{"epoch": 1, "time_epoch": 28.15586, "eta": 2769.092, "eta_hours": 0.76919, "loss": 1.09903925, "lr": 0.00099975, "params": 3899, "time_iter": 0.59906, "accuracy": 0.35467, "f1": 0.17454, "auc": 0.45243}
{"epoch": 2, "time_epoch": 28.18671, "eta": 2738.5943, "eta_hours": 0.76072, "loss": 1.09862117, "lr": 0.00099901, "params": 3899, "time_iter": 0.59972, "accuracy": 0.35467, "f1": 0.17454, "auc": 0.46372}
{"epoch": 3, "time_epoch": 28.27473, "eta": 2711.36451, "eta_hours": 0.75316, "loss": 1.09838808, "lr": 0.00099778, "params": 3899, "time_iter": 0.60159, "accuracy": 0.35467, "f1": 0.17454, "auc": 0.47087}
{"epoch": 4, "time_epoch": 28.19366, "eta": 2682.1764, "eta_hours": 0.74505, "loss": 1.09881642, "lr": 0.00099606, "params": 3899, "time_iter": 0.59987, "accuracy": 0.35467, "f1": 0.17454, "auc": 0.4672}
{"epoch": 5, "time_epoch": 28.21181, "eta": 2653.60416, "eta_hours": 0.73711, "loss": 1.09972, "lr": 0.00099384, "params": 3899, "time_iter": 0.60025, "accuracy": 0.35467, "f1": 0.17454, "auc": 0.45288}
{"epoch": 6, "time_epoch": 28.22437, "eta": 2625.30171, "eta_hours": 0.72925, "loss": 1.09807658, "lr": 0.00099114, "params": 3899, "time_iter": 0.60052, "accuracy": 0.35467, "f1": 0.17454, "auc": 0.48276}
{"epoch": 7, "time_epoch": 28.21364, "eta": 2596.89539, "eta_hours": 0.72136, "loss": 1.09826472, "lr": 0.00098796, "params": 3899, "time_iter": 0.60029, "accuracy": 0.35467, "f1": 0.17454, "auc": 0.47644}
{"epoch": 8, "time_epoch": 28.27641, "eta": 2569.16664, "eta_hours": 0.71366, "loss": 1.09894507, "lr": 0.00098429, "params": 3899, "time_iter": 0.60163, "accuracy": 0.35467, "f1": 0.17454, "auc": 0.46661}
{"epoch": 9, "time_epoch": 28.21101, "eta": 2540.73977, "eta_hours": 0.70576, "loss": 1.09842339, "lr": 0.00098015, "params": 3899, "time_iter": 0.60023, "accuracy": 0.35467, "f1": 0.17454, "auc": 0.45999}
{"epoch": 10, "time_epoch": 28.21276, "eta": 2512.36623, "eta_hours": 0.69788, "loss": 1.09812539, "lr": 0.00097553, "params": 3899, "time_iter": 0.60027, "accuracy": 0.35467, "f1": 0.17454, "auc": 0.47404}
{"epoch": 11, "time_epoch": 28.22042, "eta": 2484.07566, "eta_hours": 0.69002, "loss": 1.09804466, "lr": 0.00097044, "params": 3899, "time_iter": 0.60043, "accuracy": 0.35467, "f1": 0.17454, "auc": 0.47594}
{"epoch": 12, "time_epoch": 28.24457, "eta": 2455.95755, "eta_hours": 0.68221, "loss": 1.09823616, "lr": 0.00096489, "params": 3899, "time_iter": 0.60095, "accuracy": 0.35467, "f1": 0.17454, "auc": 0.45607}
{"epoch": 13, "time_epoch": 28.56421, "eta": 2429.78484, "eta_hours": 0.67494, "loss": 1.09895898, "lr": 0.00095888, "params": 3899, "time_iter": 0.60775, "accuracy": 0.35467, "f1": 0.17454, "auc": 0.45213}
{"epoch": 14, "time_epoch": 28.21887, "eta": 2401.33633, "eta_hours": 0.66704, "loss": 1.09866802, "lr": 0.00095241, "params": 3899, "time_iter": 0.6004, "accuracy": 0.35467, "f1": 0.17454, "auc": 0.45925}
{"epoch": 15, "time_epoch": 28.25418, "eta": 2373.10194, "eta_hours": 0.65919, "loss": 1.09881561, "lr": 0.0009455, "params": 3899, "time_iter": 0.60115, "accuracy": 0.35467, "f1": 0.17454, "auc": 0.46383}
{"epoch": 16, "time_epoch": 28.25873, "eta": 2344.88743, "eta_hours": 0.65136, "loss": 1.09796669, "lr": 0.00093815, "params": 3899, "time_iter": 0.60125, "accuracy": 0.35467, "f1": 0.17454, "auc": 0.45525}
{"epoch": 17, "time_epoch": 28.33577, "eta": 2317.01898, "eta_hours": 0.64362, "loss": 1.09953785, "lr": 0.00093037, "params": 3899, "time_iter": 0.60289, "accuracy": 0.35467, "f1": 0.17454, "auc": 0.45536}
{"epoch": 18, "time_epoch": 28.23903, "eta": 2288.68889, "eta_hours": 0.63575, "loss": 1.09866532, "lr": 0.00092216, "params": 3899, "time_iter": 0.60083, "accuracy": 0.35467, "f1": 0.17454, "auc": 0.45694}
{"epoch": 19, "time_epoch": 28.2429, "eta": 2260.38341, "eta_hours": 0.62788, "loss": 1.09833456, "lr": 0.00091354, "params": 3899, "time_iter": 0.60091, "accuracy": 0.35467, "f1": 0.17454, "auc": 0.45384}
{"epoch": 20, "time_epoch": 28.275, "eta": 2232.20465, "eta_hours": 0.62006, "loss": 1.09829887, "lr": 0.00090451, "params": 3899, "time_iter": 0.6016, "accuracy": 0.35467, "f1": 0.17454, "auc": 0.45317}
{"epoch": 21, "time_epoch": 28.28676, "eta": 2204.05881, "eta_hours": 0.61224, "loss": 1.09812056, "lr": 0.00089508, "params": 3899, "time_iter": 0.60185, "accuracy": 0.35467, "f1": 0.17454, "auc": 0.46406}
{"epoch": 22, "time_epoch": 28.34634, "eta": 2176.10019, "eta_hours": 0.60447, "loss": 1.09888778, "lr": 0.00088526, "params": 3899, "time_iter": 0.60311, "accuracy": 0.35467, "f1": 0.17454, "auc": 0.45457}
{"epoch": 23, "time_epoch": 28.26979, "eta": 2147.86686, "eta_hours": 0.59663, "loss": 1.09804422, "lr": 0.00087506, "params": 3899, "time_iter": 0.60148, "accuracy": 0.35467, "f1": 0.17454, "auc": 0.47179}
{"epoch": 24, "time_epoch": 28.27489, "eta": 2119.64591, "eta_hours": 0.58879, "loss": 1.09801034, "lr": 0.00086448, "params": 3899, "time_iter": 0.60159, "accuracy": 0.35467, "f1": 0.17454, "auc": 0.46608}
{"epoch": 25, "time_epoch": 28.29906, "eta": 2091.4896, "eta_hours": 0.58097, "loss": 1.09831027, "lr": 0.00085355, "params": 3899, "time_iter": 0.60211, "accuracy": 0.35467, "f1": 0.17454, "auc": 0.45127}
{"epoch": 26, "time_epoch": 28.31553, "eta": 2063.36725, "eta_hours": 0.57316, "loss": 1.09836599, "lr": 0.00084227, "params": 3899, "time_iter": 0.60246, "accuracy": 0.35467, "f1": 0.17454, "auc": 0.45873}
{"epoch": 27, "time_epoch": 28.25933, "eta": 2035.08657, "eta_hours": 0.5653, "loss": 1.09817947, "lr": 0.00083066, "params": 3899, "time_iter": 0.60126, "accuracy": 0.35467, "f1": 0.17454, "auc": 0.44808}
{"epoch": 28, "time_epoch": 28.25485, "eta": 2006.79641, "eta_hours": 0.55744, "loss": 1.09834746, "lr": 0.00081871, "params": 3899, "time_iter": 0.60117, "accuracy": 0.35467, "f1": 0.17454, "auc": 0.46447}
{"epoch": 29, "time_epoch": 28.28488, "eta": 1978.57866, "eta_hours": 0.54961, "loss": 1.09815091, "lr": 0.00080645, "params": 3899, "time_iter": 0.60181, "accuracy": 0.35467, "f1": 0.17454, "auc": 0.46698}
{"epoch": 30, "time_epoch": 28.30363, "eta": 1950.39832, "eta_hours": 0.54178, "loss": 1.09829822, "lr": 0.00079389, "params": 3899, "time_iter": 0.6022, "accuracy": 0.35467, "f1": 0.17454, "auc": 0.46529}
{"epoch": 31, "time_epoch": 28.34054, "eta": 1922.28872, "eta_hours": 0.53397, "loss": 1.09810111, "lr": 0.00078104, "params": 3899, "time_iter": 0.60299, "accuracy": 0.35467, "f1": 0.17454, "auc": 0.46419}
{"epoch": 32, "time_epoch": 28.28912, "eta": 1894.06071, "eta_hours": 0.52613, "loss": 1.0982916, "lr": 0.00076791, "params": 3899, "time_iter": 0.6019, "accuracy": 0.35467, "f1": 0.17454, "auc": 0.44831}
{"epoch": 33, "time_epoch": 28.29186, "eta": 1865.83443, "eta_hours": 0.51829, "loss": 1.09820129, "lr": 0.00075452, "params": 3899, "time_iter": 0.60195, "accuracy": 0.35467, "f1": 0.17454, "auc": 0.44881}
{"epoch": 34, "time_epoch": 28.26172, "eta": 1837.54843, "eta_hours": 0.51043, "loss": 1.09825597, "lr": 0.00074088, "params": 3899, "time_iter": 0.60131, "accuracy": 0.35467, "f1": 0.17454, "auc": 0.46562}
{"epoch": 35, "time_epoch": 28.30875, "eta": 1809.34739, "eta_hours": 0.5026, "loss": 1.09808559, "lr": 0.000727, "params": 3899, "time_iter": 0.60231, "accuracy": 0.35467, "f1": 0.17454, "auc": 0.4724}
{"epoch": 36, "time_epoch": 28.41093, "eta": 1781.3145, "eta_hours": 0.49481, "loss": 1.09786458, "lr": 0.00071289, "params": 3899, "time_iter": 0.60449, "accuracy": 0.35467, "f1": 0.17454, "auc": 0.46302}
{"epoch": 37, "time_epoch": 28.27899, "eta": 1753.04645, "eta_hours": 0.48696, "loss": 1.09831826, "lr": 0.00069857, "params": 3899, "time_iter": 0.60168, "accuracy": 0.35467, "f1": 0.17454, "auc": 0.45898}
{"epoch": 38, "time_epoch": 28.30474, "eta": 1724.81811, "eta_hours": 0.47912, "loss": 1.09791875, "lr": 0.00068406, "params": 3899, "time_iter": 0.60223, "accuracy": 0.35467, "f1": 0.17454, "auc": 0.46281}
{"epoch": 39, "time_epoch": 28.31186, "eta": 1696.59664, "eta_hours": 0.47128, "loss": 1.09792214, "lr": 0.00066937, "params": 3899, "time_iter": 0.60238, "accuracy": 0.35467, "f1": 0.17454, "auc": 0.4633}
{"epoch": 40, "time_epoch": 28.32212, "eta": 1668.38552, "eta_hours": 0.46344, "loss": 1.09802847, "lr": 0.00065451, "params": 3899, "time_iter": 0.6026, "accuracy": 0.35467, "f1": 0.17454, "auc": 0.44968}
{"epoch": 41, "time_epoch": 28.36764, "eta": 1640.23198, "eta_hours": 0.45562, "loss": 1.09811583, "lr": 0.0006395, "params": 3899, "time_iter": 0.60357, "accuracy": 0.35467, "f1": 0.17454, "auc": 0.45679}
{"epoch": 42, "time_epoch": 28.29945, "eta": 1611.97808, "eta_hours": 0.44777, "loss": 1.09825082, "lr": 0.00062434, "params": 3899, "time_iter": 0.60212, "accuracy": 0.35467, "f1": 0.17454, "auc": 0.44813}
{"epoch": 43, "time_epoch": 28.3159, "eta": 1583.74305, "eta_hours": 0.43993, "loss": 1.09800943, "lr": 0.00060907, "params": 3899, "time_iter": 0.60247, "accuracy": 0.35467, "f1": 0.17454, "auc": 0.46921}
{"epoch": 44, "time_epoch": 28.13094, "eta": 1555.27836, "eta_hours": 0.43202, "loss": 1.09811097, "lr": 0.00059369, "params": 3899, "time_iter": 0.59853, "accuracy": 0.35467, "f1": 0.17454, "auc": 0.4453}
{"epoch": 45, "time_epoch": 28.28943, "eta": 1527.01424, "eta_hours": 0.42417, "loss": 1.09810947, "lr": 0.00057822, "params": 3899, "time_iter": 0.6019, "accuracy": 0.35467, "f1": 0.17454, "auc": 0.46284}
{"epoch": 46, "time_epoch": 28.3537, "eta": 1498.82152, "eta_hours": 0.41634, "loss": 1.09782045, "lr": 0.00056267, "params": 3899, "time_iter": 0.60327, "accuracy": 0.35467, "f1": 0.17454, "auc": 0.46195}
{"epoch": 47, "time_epoch": 28.27558, "eta": 1470.53746, "eta_hours": 0.40848, "loss": 1.09780006, "lr": 0.00054705, "params": 3899, "time_iter": 0.60161, "accuracy": 0.35467, "f1": 0.17454, "auc": 0.47556}
{"epoch": 48, "time_epoch": 28.28079, "eta": 1442.25916, "eta_hours": 0.40063, "loss": 1.09819861, "lr": 0.0005314, "params": 3899, "time_iter": 0.60172, "accuracy": 0.35467, "f1": 0.17454, "auc": 0.46001}
{"epoch": 49, "time_epoch": 28.2713, "eta": 1413.97128, "eta_hours": 0.39277, "loss": 1.09796794, "lr": 0.00051571, "params": 3899, "time_iter": 0.60152, "accuracy": 0.35467, "f1": 0.17454, "auc": 0.47474}
{"epoch": 50, "time_epoch": 28.13061, "eta": 1385.54888, "eta_hours": 0.38487, "loss": 1.09789191, "lr": 0.0005, "params": 3899, "time_iter": 0.59852, "accuracy": 0.35467, "f1": 0.17454, "auc": 0.43746}
{"epoch": 51, "time_epoch": 28.23466, "eta": 1357.23374, "eta_hours": 0.37701, "loss": 1.09794753, "lr": 0.00048429, "params": 3899, "time_iter": 0.60074, "accuracy": 0.35467, "f1": 0.17454, "auc": 0.45583}
{"epoch": 52, "time_epoch": 28.14568, "eta": 1328.84274, "eta_hours": 0.36912, "loss": 1.09793926, "lr": 0.0004686, "params": 3899, "time_iter": 0.59884, "accuracy": 0.35467, "f1": 0.17454, "auc": 0.45542}
{"epoch": 53, "time_epoch": 28.18306, "eta": 1300.49266, "eta_hours": 0.36125, "loss": 1.09787778, "lr": 0.00045295, "params": 3899, "time_iter": 0.59964, "accuracy": 0.35467, "f1": 0.17454, "auc": 0.46537}
{"epoch": 54, "time_epoch": 28.15861, "eta": 1272.12865, "eta_hours": 0.35337, "loss": 1.09792896, "lr": 0.00043733, "params": 3899, "time_iter": 0.59912, "accuracy": 0.35467, "f1": 0.17454, "auc": 0.45923}
{"epoch": 55, "time_epoch": 28.13692, "eta": 1243.75494, "eta_hours": 0.34549, "loss": 1.09790067, "lr": 0.00042178, "params": 3899, "time_iter": 0.59866, "accuracy": 0.35467, "f1": 0.17454, "auc": 0.46757}
{"epoch": 56, "time_epoch": 28.18787, "eta": 1215.42797, "eta_hours": 0.33762, "loss": 1.09791044, "lr": 0.00040631, "params": 3899, "time_iter": 0.59974, "accuracy": 0.35467, "f1": 0.17454, "auc": 0.4628}
{"epoch": 57, "time_epoch": 28.25326, "eta": 1187.15314, "eta_hours": 0.32976, "loss": 1.09801941, "lr": 0.00039093, "params": 3899, "time_iter": 0.60113, "accuracy": 0.35467, "f1": 0.17454, "auc": 0.46301}
{"epoch": 58, "time_epoch": 28.11621, "eta": 1158.78381, "eta_hours": 0.32188, "loss": 1.09787153, "lr": 0.00037566, "params": 3899, "time_iter": 0.59822, "accuracy": 0.35467, "f1": 0.17454, "auc": 0.45306}
{"epoch": 59, "time_epoch": 28.14814, "eta": 1130.44421, "eta_hours": 0.31401, "loss": 1.09794707, "lr": 0.0003605, "params": 3899, "time_iter": 0.5989, "accuracy": 0.35467, "f1": 0.17454, "auc": 0.44747}
{"epoch": 60, "time_epoch": 28.175, "eta": 1102.12805, "eta_hours": 0.30615, "loss": 1.09789098, "lr": 0.00034549, "params": 3899, "time_iter": 0.59947, "accuracy": 0.35467, "f1": 0.17454, "auc": 0.46287}
{"epoch": 61, "time_epoch": 28.1661, "eta": 1073.81099, "eta_hours": 0.29828, "loss": 1.09780224, "lr": 0.00033063, "params": 3899, "time_iter": 0.59928, "accuracy": 0.35467, "f1": 0.17454, "auc": 0.45218}
{"epoch": 62, "time_epoch": 28.22556, "eta": 1045.53365, "eta_hours": 0.29043, "loss": 1.09773889, "lr": 0.00031594, "params": 3899, "time_iter": 0.60054, "accuracy": 0.35467, "f1": 0.17454, "auc": 0.45843}
{"epoch": 63, "time_epoch": 28.16743, "eta": 1017.22522, "eta_hours": 0.28256, "loss": 1.09780935, "lr": 0.00030143, "params": 3899, "time_iter": 0.59931, "accuracy": 0.35467, "f1": 0.17454, "auc": 0.44413}
{"epoch": 64, "time_epoch": 28.17418, "eta": 988.92477, "eta_hours": 0.2747, "loss": 1.097736, "lr": 0.00028711, "params": 3899, "time_iter": 0.59945, "accuracy": 0.35467, "f1": 0.17454, "auc": 0.4545}
{"epoch": 65, "time_epoch": 28.18288, "eta": 960.63263, "eta_hours": 0.26684, "loss": 1.09780812, "lr": 0.000273, "params": 3899, "time_iter": 0.59964, "accuracy": 0.35467, "f1": 0.17454, "auc": 0.45198}
{"epoch": 66, "time_epoch": 28.16277, "eta": 932.33384, "eta_hours": 0.25898, "loss": 1.09783135, "lr": 0.00025912, "params": 3899, "time_iter": 0.59921, "accuracy": 0.35467, "f1": 0.17454, "auc": 0.4494}
{"epoch": 67, "time_epoch": 28.23253, "eta": 904.07189, "eta_hours": 0.25113, "loss": 1.09779281, "lr": 0.00024548, "params": 3899, "time_iter": 0.60069, "accuracy": 0.35467, "f1": 0.17454, "auc": 0.44818}
{"epoch": 68, "time_epoch": 28.1596, "eta": 875.77802, "eta_hours": 0.24327, "loss": 1.09789025, "lr": 0.00023209, "params": 3899, "time_iter": 0.59914, "accuracy": 0.35467, "f1": 0.17454, "auc": 0.45186}
{"epoch": 69, "time_epoch": 28.16094, "eta": 847.48855, "eta_hours": 0.23541, "loss": 1.09770439, "lr": 0.00021896, "params": 3899, "time_iter": 0.59917, "accuracy": 0.35467, "f1": 0.17454, "auc": 0.46667}
{"epoch": 70, "time_epoch": 28.15752, "eta": 819.20132, "eta_hours": 0.22756, "loss": 1.09774122, "lr": 0.00020611, "params": 3899, "time_iter": 0.5991, "accuracy": 0.35467, "f1": 0.17454, "auc": 0.4619}
{"epoch": 71, "time_epoch": 28.16414, "eta": 790.92026, "eta_hours": 0.2197, "loss": 1.09786226, "lr": 0.00019355, "params": 3899, "time_iter": 0.59924, "accuracy": 0.35467, "f1": 0.17454, "auc": 0.44737}
{"epoch": 72, "time_epoch": 28.16652, "eta": 762.64328, "eta_hours": 0.21185, "loss": 1.09780256, "lr": 0.00018129, "params": 3899, "time_iter": 0.59929, "accuracy": 0.35467, "f1": 0.17454, "auc": 0.45598}
{"epoch": 73, "time_epoch": 28.24418, "eta": 734.39658, "eta_hours": 0.204, "loss": 1.09775643, "lr": 0.00016934, "params": 3899, "time_iter": 0.60094, "accuracy": 0.35467, "f1": 0.17454, "auc": 0.43484}
{"epoch": 74, "time_epoch": 28.20992, "eta": 706.13852, "eta_hours": 0.19615, "loss": 1.09763741, "lr": 0.00015773, "params": 3899, "time_iter": 0.60021, "accuracy": 0.35467, "f1": 0.17454, "auc": 0.47614}
{"epoch": 75, "time_epoch": 28.21958, "eta": 677.88478, "eta_hours": 0.1883, "loss": 1.09781954, "lr": 0.00014645, "params": 3899, "time_iter": 0.60042, "accuracy": 0.35467, "f1": 0.17454, "auc": 0.43754}
{"epoch": 76, "time_epoch": 28.24122, "eta": 649.6384, "eta_hours": 0.18046, "loss": 1.09764712, "lr": 0.00013552, "params": 3899, "time_iter": 0.60088, "accuracy": 0.35467, "f1": 0.17454, "auc": 0.47717}
{"epoch": 77, "time_epoch": 28.21822, "eta": 621.38565, "eta_hours": 0.17261, "loss": 1.09770378, "lr": 0.00012494, "params": 3899, "time_iter": 0.60039, "accuracy": 0.35467, "f1": 0.17454, "auc": 0.46249}
{"epoch": 78, "time_epoch": 28.28551, "eta": 593.15167, "eta_hours": 0.16476, "loss": 1.09769779, "lr": 0.00011474, "params": 3899, "time_iter": 0.60182, "accuracy": 0.35467, "f1": 0.17454, "auc": 0.45725}
{"epoch": 79, "time_epoch": 28.20285, "eta": 564.89574, "eta_hours": 0.15692, "loss": 1.09776758, "lr": 0.00010492, "params": 3899, "time_iter": 0.60006, "accuracy": 0.35467, "f1": 0.17454, "auc": 0.45203}
{"epoch": 80, "time_epoch": 28.21178, "eta": 536.64321, "eta_hours": 0.14907, "loss": 1.09773335, "lr": 9.549e-05, "params": 3899, "time_iter": 0.60025, "accuracy": 0.35467, "f1": 0.17454, "auc": 0.45146}
{"epoch": 81, "time_epoch": 28.23006, "eta": 508.39568, "eta_hours": 0.14122, "loss": 1.09770533, "lr": 8.646e-05, "params": 3899, "time_iter": 0.60064, "accuracy": 0.35467, "f1": 0.17454, "auc": 0.45776}
{"epoch": 82, "time_epoch": 28.3159, "eta": 480.16616, "eta_hours": 0.13338, "loss": 1.0976572, "lr": 7.784e-05, "params": 3899, "time_iter": 0.60247, "accuracy": 0.35467, "f1": 0.17454, "auc": 0.47222}
{"epoch": 83, "time_epoch": 28.21566, "eta": 451.91549, "eta_hours": 0.12553, "loss": 1.09762379, "lr": 6.963e-05, "params": 3899, "time_iter": 0.60033, "accuracy": 0.35467, "f1": 0.17454, "auc": 0.47267}
{"epoch": 84, "time_epoch": 28.21603, "eta": 423.66571, "eta_hours": 0.11768, "loss": 1.09763468, "lr": 6.185e-05, "params": 3899, "time_iter": 0.60034, "accuracy": 0.35467, "f1": 0.17454, "auc": 0.46581}
{"epoch": 85, "time_epoch": 28.25135, "eta": 395.42247, "eta_hours": 0.10984, "loss": 1.09763459, "lr": 5.45e-05, "params": 3899, "time_iter": 0.60109, "accuracy": 0.35467, "f1": 0.17454, "auc": 0.47987}
{"epoch": 86, "time_epoch": 28.23352, "eta": 367.17637, "eta_hours": 0.10199, "loss": 1.09765115, "lr": 4.759e-05, "params": 3899, "time_iter": 0.60071, "accuracy": 0.35467, "f1": 0.17454, "auc": 0.46218}
{"epoch": 87, "time_epoch": 28.29701, "eta": 338.93922, "eta_hours": 0.09415, "loss": 1.09760457, "lr": 4.112e-05, "params": 3899, "time_iter": 0.60206, "accuracy": 0.35467, "f1": 0.17454, "auc": 0.49376}
{"epoch": 88, "time_epoch": 28.1929, "eta": 310.68785, "eta_hours": 0.0863, "loss": 1.09766354, "lr": 3.511e-05, "params": 3899, "time_iter": 0.59985, "accuracy": 0.35467, "f1": 0.17454, "auc": 0.44206}
{"epoch": 89, "time_epoch": 28.21894, "eta": 282.44068, "eta_hours": 0.07846, "loss": 1.09760516, "lr": 2.956e-05, "params": 3899, "time_iter": 0.6004, "accuracy": 0.35467, "f1": 0.17454, "auc": 0.49201}
{"epoch": 90, "time_epoch": 28.22145, "eta": 254.19437, "eta_hours": 0.07061, "loss": 1.09760414, "lr": 2.447e-05, "params": 3899, "time_iter": 0.60046, "accuracy": 0.35467, "f1": 0.17454, "auc": 0.48317}
{"epoch": 91, "time_epoch": 28.15012, "eta": 225.94241, "eta_hours": 0.06276, "loss": 1.09759196, "lr": 1.985e-05, "params": 3899, "time_iter": 0.59894, "accuracy": 0.35467, "f1": 0.17454, "auc": 0.49403}
{"epoch": 92, "time_epoch": 28.68657, "eta": 197.73301, "eta_hours": 0.05493, "loss": 1.09761362, "lr": 1.571e-05, "params": 3899, "time_iter": 0.61035, "accuracy": 0.35467, "f1": 0.17454, "auc": 0.48832}
{"epoch": 93, "time_epoch": 28.21387, "eta": 169.48328, "eta_hours": 0.04708, "loss": 1.09762091, "lr": 1.204e-05, "params": 3899, "time_iter": 0.6003, "accuracy": 0.35467, "f1": 0.17454, "auc": 0.4761}
{"epoch": 94, "time_epoch": 28.14824, "eta": 141.23086, "eta_hours": 0.03923, "loss": 1.09760004, "lr": 8.86e-06, "params": 3899, "time_iter": 0.5989, "accuracy": 0.35467, "f1": 0.17454, "auc": 0.49716}
{"epoch": 95, "time_epoch": 28.17125, "eta": 112.98157, "eta_hours": 0.03138, "loss": 1.09759946, "lr": 6.16e-06, "params": 3899, "time_iter": 0.59939, "accuracy": 0.35467, "f1": 0.17454, "auc": 0.49458}
{"epoch": 96, "time_epoch": 28.15531, "eta": 84.73339, "eta_hours": 0.02354, "loss": 1.09760834, "lr": 3.94e-06, "params": 3899, "time_iter": 0.59905, "accuracy": 0.35467, "f1": 0.17454, "auc": 0.49256}
{"epoch": 97, "time_epoch": 28.13718, "eta": 56.48674, "eta_hours": 0.01569, "loss": 1.0975621, "lr": 2.22e-06, "params": 3899, "time_iter": 0.59866, "accuracy": 0.35467, "f1": 0.17454, "auc": 0.53432}
{"epoch": 98, "time_epoch": 28.25128, "eta": 28.24345, "eta_hours": 0.00785, "loss": 1.09759958, "lr": 9.9e-07, "params": 3899, "time_iter": 0.60109, "accuracy": 0.35467, "f1": 0.17454, "auc": 0.49743}
{"epoch": 99, "time_epoch": 28.14317, "eta": 0.0, "eta_hours": 0.0, "loss": 1.09755541, "lr": 2.5e-07, "params": 3899, "time_iter": 0.59879, "accuracy": 0.35467, "f1": 0.17454, "auc": 0.53081}
