{"epoch": 0, "time_epoch": 45.55742, "eta": 4510.18482, "eta_hours": 1.25283, "loss": 0.67233461, "lr": 0.001, "params": 6759, "time_iter": 0.35316, "accuracy": 0.60467, "precision": 0.62088, "recall": 0.54748, "f1": 0.58187, "auc": 0.6455}
{"epoch": 1, "time_epoch": 13.61516, "eta": 2899.45644, "eta_hours": 0.8054, "loss": 0.64171546, "lr": 0.00099975, "params": 6759, "time_iter": 0.10554, "accuracy": 0.64119, "precision": 0.64279, "recall": 0.64341, "f1": 0.6431, "auc": 0.68938}
{"epoch": 2, "time_epoch": 12.3901, "eta": 2313.85999, "eta_hours": 0.64274, "loss": 0.62746817, "lr": 0.00099901, "params": 6759, "time_iter": 0.09605, "accuracy": 0.64167, "precision": 0.65417, "recall": 0.60853, "f1": 0.63052, "auc": 0.70344}
{"epoch": 3, "time_epoch": 12.70849, "eta": 2022.508, "eta_hours": 0.56181, "loss": 0.62275996, "lr": 0.00099778, "params": 6759, "time_iter": 0.09852, "accuracy": 0.64508, "precision": 0.66273, "recall": 0.59787, "f1": 0.62863, "auc": 0.70726}
{"epoch": 4, "time_epoch": 12.98277, "eta": 1847.82474, "eta_hours": 0.51328, "loss": 0.62229112, "lr": 0.00099606, "params": 6759, "time_iter": 0.10064, "accuracy": 0.64703, "precision": 0.66488, "recall": 0.59981, "f1": 0.63067, "auc": 0.70813}
{"epoch": 5, "time_epoch": 11.78542, "eta": 1708.2832, "eta_hours": 0.47452, "loss": 0.60865355, "lr": 0.00099384, "params": 6759, "time_iter": 0.09136, "accuracy": 0.66602, "precision": 0.68443, "recall": 0.62209, "f1": 0.65178, "auc": 0.72672}
{"epoch": 6, "time_epoch": 10.9069, "eta": 1593.57166, "eta_hours": 0.44266, "loss": 0.60253607, "lr": 0.00099114, "params": 6759, "time_iter": 0.08455, "accuracy": 0.67575, "precision": 0.69468, "recall": 0.63275, "f1": 0.66227, "auc": 0.73295}
{"epoch": 7, "time_epoch": 12.18638, "eta": 1519.52534, "eta_hours": 0.42209, "loss": 0.59431058, "lr": 0.00098796, "params": 6759, "time_iter": 0.09447, "accuracy": 0.67186, "precision": 0.67972, "recall": 0.65601, "f1": 0.66765, "auc": 0.74327}
{"epoch": 8, "time_epoch": 10.66922, "eta": 1443.88542, "eta_hours": 0.40108, "loss": 0.58736174, "lr": 0.00098429, "params": 6759, "time_iter": 0.08271, "accuracy": 0.68452, "precision": 0.70084, "recall": 0.64922, "f1": 0.67404, "auc": 0.75183}
{"epoch": 9, "time_epoch": 12.66357, "eta": 1399.18881, "eta_hours": 0.38866, "loss": 0.58725233, "lr": 0.00098015, "params": 6759, "time_iter": 0.09817, "accuracy": 0.67965, "precision": 0.6916, "recall": 0.65407, "f1": 0.67231, "auc": 0.75326}
{"epoch": 10, "time_epoch": 11.34936, "eta": 1349.68322, "eta_hours": 0.37491, "loss": 0.58107406, "lr": 0.00097553, "params": 6759, "time_iter": 0.08798, "accuracy": 0.68744, "precision": 0.70613, "recall": 0.64729, "f1": 0.67543, "auc": 0.75946}
{"epoch": 11, "time_epoch": 11.17078, "eta": 1305.22743, "eta_hours": 0.36256, "loss": 0.5679708, "lr": 0.00097044, "params": 6759, "time_iter": 0.0866, "accuracy": 0.69036, "precision": 0.7, "recall": 0.67151, "f1": 0.68546, "auc": 0.77459}
{"epoch": 12, "time_epoch": 12.00154, "eta": 1271.45214, "eta_hours": 0.35318, "loss": 0.57036047, "lr": 0.00096489, "params": 6759, "time_iter": 0.09304, "accuracy": 0.70448, "precision": 0.71102, "recall": 0.6938, "f1": 0.70231, "auc": 0.77563}
{"epoch": 13, "time_epoch": 10.96135, "eta": 1234.39764, "eta_hours": 0.34289, "loss": 0.56833792, "lr": 0.00095888, "params": 6759, "time_iter": 0.08497, "accuracy": 0.69961, "precision": 0.70323, "recall": 0.69574, "f1": 0.69946, "auc": 0.77585}
{"epoch": 14, "time_epoch": 10.93041, "eta": 1200.64689, "eta_hours": 0.33351, "loss": 0.55293625, "lr": 0.00095241, "params": 6759, "time_iter": 0.08473, "accuracy": 0.71665, "precision": 0.72366, "recall": 0.70543, "f1": 0.71443, "auc": 0.78842}
{"epoch": 15, "time_epoch": 11.44067, "eta": 1172.42753, "eta_hours": 0.32567, "loss": 0.55428976, "lr": 0.0009455, "params": 6759, "time_iter": 0.08869, "accuracy": 0.71714, "precision": 0.71872, "recall": 0.71802, "f1": 0.71837, "auc": 0.7895}
{"epoch": 16, "time_epoch": 10.04152, "eta": 1139.35098, "eta_hours": 0.31649, "loss": 0.55426114, "lr": 0.00093815, "params": 6759, "time_iter": 0.07784, "accuracy": 0.70204, "precision": 0.70751, "recall": 0.6938, "f1": 0.70059, "auc": 0.78938}
{"epoch": 17, "time_epoch": 7.32065, "eta": 1096.43883, "eta_hours": 0.30457, "loss": 0.54501268, "lr": 0.00093037, "params": 6759, "time_iter": 0.05675, "accuracy": 0.70886, "precision": 0.72279, "recall": 0.68217, "f1": 0.70189, "auc": 0.79322}
{"epoch": 18, "time_epoch": 6.49979, "eta": 1053.77369, "eta_hours": 0.29271, "loss": 0.54736695, "lr": 0.00092216, "params": 6759, "time_iter": 0.05039, "accuracy": 0.72055, "precision": 0.72276, "recall": 0.71996, "f1": 0.72136, "auc": 0.79528}
{"epoch": 19, "time_epoch": 6.93979, "eta": 1016.48511, "eta_hours": 0.28236, "loss": 0.54287101, "lr": 0.00091354, "params": 6759, "time_iter": 0.0538, "accuracy": 0.72785, "precision": 0.73486, "recall": 0.71705, "f1": 0.72585, "auc": 0.79968}
{"epoch": 20, "time_epoch": 7.267, "eta": 983.3178, "eta_hours": 0.27314, "loss": 0.54774517, "lr": 0.00090451, "params": 6759, "time_iter": 0.05633, "accuracy": 0.70594, "precision": 0.70189, "recall": 0.72093, "f1": 0.71128, "auc": 0.79415}
{"epoch": 21, "time_epoch": 6.38389, "eta": 949.37405, "eta_hours": 0.26372, "loss": 0.54807071, "lr": 0.00089508, "params": 6759, "time_iter": 0.04949, "accuracy": 0.7147, "precision": 0.71157, "recall": 0.72674, "f1": 0.71908, "auc": 0.79465}
{"epoch": 22, "time_epoch": 6.512, "eta": 918.25568, "eta_hours": 0.25507, "loss": 0.54307008, "lr": 0.00088526, "params": 6759, "time_iter": 0.05048, "accuracy": 0.71665, "precision": 0.71845, "recall": 0.71705, "f1": 0.71775, "auc": 0.79838}
{"epoch": 23, "time_epoch": 6.13415, "eta": 887.99134, "eta_hours": 0.24666, "loss": 0.54012204, "lr": 0.00087506, "params": 6759, "time_iter": 0.04755, "accuracy": 0.72639, "precision": 0.72904, "recall": 0.72481, "f1": 0.72692, "auc": 0.80299}
{"epoch": 24, "time_epoch": 6.65581, "eta": 861.22238, "eta_hours": 0.23923, "loss": 0.5379661, "lr": 0.00086448, "params": 6759, "time_iter": 0.0516, "accuracy": 0.72055, "precision": 0.71768, "recall": 0.73159, "f1": 0.72457, "auc": 0.80318}
{"epoch": 25, "time_epoch": 6.50562, "eta": 835.57313, "eta_hours": 0.2321, "loss": 0.53169463, "lr": 0.00085355, "params": 6759, "time_iter": 0.05043, "accuracy": 0.71811, "precision": 0.71884, "recall": 0.72093, "f1": 0.71988, "auc": 0.80882}
{"epoch": 26, "time_epoch": 6.53026, "eta": 811.40854, "eta_hours": 0.22539, "loss": 0.54319547, "lr": 0.00084227, "params": 6759, "time_iter": 0.05062, "accuracy": 0.72103, "precision": 0.72347, "recall": 0.71996, "f1": 0.72171, "auc": 0.80064}
{"epoch": 27, "time_epoch": 6.64357, "eta": 788.79492, "eta_hours": 0.21911, "loss": 0.53863806, "lr": 0.00083066, "params": 6759, "time_iter": 0.0515, "accuracy": 0.72833, "precision": 0.72191, "recall": 0.74709, "f1": 0.73429, "auc": 0.80443}
{"epoch": 28, "time_epoch": 6.41711, "eta": 766.72823, "eta_hours": 0.21298, "loss": 0.53754662, "lr": 0.00081871, "params": 6759, "time_iter": 0.04975, "accuracy": 0.72444, "precision": 0.72621, "recall": 0.72481, "f1": 0.72551, "auc": 0.80291}
{"epoch": 29, "time_epoch": 6.17859, "eta": 745.14832, "eta_hours": 0.20699, "loss": 0.53265917, "lr": 0.00080645, "params": 6759, "time_iter": 0.0479, "accuracy": 0.71957, "precision": 0.72709, "recall": 0.70736, "f1": 0.71709, "auc": 0.80655}
{"epoch": 30, "time_epoch": 6.13183, "eta": 724.45795, "eta_hours": 0.20124, "loss": 0.53554538, "lr": 0.00079389, "params": 6759, "time_iter": 0.04753, "accuracy": 0.71665, "precision": 0.70604, "recall": 0.74709, "f1": 0.72599, "auc": 0.80422}
{"epoch": 31, "time_epoch": 6.34765, "eta": 705.1361, "eta_hours": 0.19587, "loss": 0.52908441, "lr": 0.00078104, "params": 6759, "time_iter": 0.04921, "accuracy": 0.72833, "precision": 0.72658, "recall": 0.73643, "f1": 0.73147, "auc": 0.8092}
{"epoch": 32, "time_epoch": 6.18679, "eta": 686.27398, "eta_hours": 0.19063, "loss": 0.53172619, "lr": 0.00076791, "params": 6759, "time_iter": 0.04796, "accuracy": 0.73612, "precision": 0.73694, "recall": 0.73837, "f1": 0.73766, "auc": 0.81022}
{"epoch": 33, "time_epoch": 6.39262, "eta": 668.55703, "eta_hours": 0.18571, "loss": 0.53682772, "lr": 0.00075452, "params": 6759, "time_iter": 0.04956, "accuracy": 0.7259, "precision": 0.73058, "recall": 0.71996, "f1": 0.72523, "auc": 0.80653}
{"epoch": 34, "time_epoch": 6.8539, "eta": 652.34384, "eta_hours": 0.18121, "loss": 0.53873009, "lr": 0.00074088, "params": 6759, "time_iter": 0.05313, "accuracy": 0.72055, "precision": 0.71935, "recall": 0.72771, "f1": 0.72351, "auc": 0.80064}
{"epoch": 35, "time_epoch": 6.89597, "eta": 636.72541, "eta_hours": 0.17687, "loss": 0.53354339, "lr": 0.000727, "params": 6759, "time_iter": 0.05346, "accuracy": 0.72055, "precision": 0.72407, "recall": 0.71705, "f1": 0.72055, "auc": 0.80542}
{"epoch": 36, "time_epoch": 6.47678, "eta": 620.86469, "eta_hours": 0.17246, "loss": 0.52963736, "lr": 0.00071289, "params": 6759, "time_iter": 0.05021, "accuracy": 0.73418, "precision": 0.73456, "recall": 0.7374, "f1": 0.73598, "auc": 0.80926}
{"epoch": 37, "time_epoch": 6.73555, "eta": 605.92007, "eta_hours": 0.16831, "loss": 0.53123734, "lr": 0.00069857, "params": 6759, "time_iter": 0.05221, "accuracy": 0.73661, "precision": 0.74045, "recall": 0.73256, "f1": 0.73648, "auc": 0.81092}
{"epoch": 38, "time_epoch": 6.10714, "eta": 590.41353, "eta_hours": 0.164, "loss": 0.52211583, "lr": 0.00068406, "params": 6759, "time_iter": 0.04734, "accuracy": 0.73077, "precision": 0.73412, "recall": 0.72771, "f1": 0.7309, "auc": 0.81591}
{"epoch": 39, "time_epoch": 6.43214, "eta": 575.86446, "eta_hours": 0.15996, "loss": 0.53224371, "lr": 0.00066937, "params": 6759, "time_iter": 0.04986, "accuracy": 0.72639, "precision": 0.73267, "recall": 0.71705, "f1": 0.72478, "auc": 0.81114}
{"epoch": 40, "time_epoch": 6.96979, "eta": 562.48503, "eta_hours": 0.15625, "loss": 0.52780645, "lr": 0.00065451, "params": 6759, "time_iter": 0.05403, "accuracy": 0.73466, "precision": 0.73664, "recall": 0.7345, "f1": 0.73557, "auc": 0.81311}
{"epoch": 41, "time_epoch": 6.57153, "eta": 548.86085, "eta_hours": 0.15246, "loss": 0.52645822, "lr": 0.0006395, "params": 6759, "time_iter": 0.05094, "accuracy": 0.73807, "precision": 0.74121, "recall": 0.73547, "f1": 0.73833, "auc": 0.81624}
{"epoch": 42, "time_epoch": 6.77382, "eta": 535.83286, "eta_hours": 0.14884, "loss": 0.51355759, "lr": 0.00062434, "params": 6759, "time_iter": 0.05251, "accuracy": 0.73856, "precision": 0.72811, "recall": 0.7655, "f1": 0.74634, "auc": 0.82423}
{"epoch": 43, "time_epoch": 6.71588, "eta": 523.0154, "eta_hours": 0.14528, "loss": 0.53358526, "lr": 0.00060907, "params": 6759, "time_iter": 0.05206, "accuracy": 0.73612, "precision": 0.74306, "recall": 0.72578, "f1": 0.73431, "auc": 0.81013}
{"epoch": 44, "time_epoch": 6.78947, "eta": 510.55906, "eta_hours": 0.14182, "loss": 0.51848175, "lr": 0.00059369, "params": 6759, "time_iter": 0.05263, "accuracy": 0.73759, "precision": 0.73725, "recall": 0.74225, "f1": 0.73974, "auc": 0.81954}
{"epoch": 45, "time_epoch": 5.9003, "eta": 497.30529, "eta_hours": 0.13814, "loss": 0.52555407, "lr": 0.00057822, "params": 6759, "time_iter": 0.04574, "accuracy": 0.74099, "precision": 0.73764, "recall": 0.75194, "f1": 0.74472, "auc": 0.81532}
{"epoch": 46, "time_epoch": 6.80275, "eta": 485.38211, "eta_hours": 0.13483, "loss": 0.51852807, "lr": 0.00056267, "params": 6759, "time_iter": 0.05273, "accuracy": 0.73759, "precision": 0.73725, "recall": 0.74225, "f1": 0.73974, "auc": 0.82124}
{"epoch": 47, "time_epoch": 6.15416, "eta": 472.96962, "eta_hours": 0.13138, "loss": 0.52301652, "lr": 0.00054705, "params": 6759, "time_iter": 0.04771, "accuracy": 0.7371, "precision": 0.74213, "recall": 0.73062, "f1": 0.73633, "auc": 0.81689}
{"epoch": 48, "time_epoch": 6.20066, "eta": 460.86098, "eta_hours": 0.12802, "loss": 0.52350589, "lr": 0.0005314, "params": 6759, "time_iter": 0.04807, "accuracy": 0.7332, "precision": 0.7296, "recall": 0.74516, "f1": 0.7373, "auc": 0.81625}
{"epoch": 49, "time_epoch": 6.48573, "eta": 449.27373, "eta_hours": 0.1248, "loss": 0.51902765, "lr": 0.00051571, "params": 6759, "time_iter": 0.05028, "accuracy": 0.74343, "precision": 0.73798, "recall": 0.75872, "f1": 0.74821, "auc": 0.81974}
{"epoch": 50, "time_epoch": 6.89236, "eta": 438.27723, "eta_hours": 0.12174, "loss": 0.52725059, "lr": 0.0005, "params": 6759, "time_iter": 0.05343, "accuracy": 0.73807, "precision": 0.74359, "recall": 0.73062, "f1": 0.73705, "auc": 0.81134}
{"epoch": 51, "time_epoch": 7.04664, "eta": 427.58098, "eta_hours": 0.11877, "loss": 0.51851706, "lr": 0.00048429, "params": 6759, "time_iter": 0.05463, "accuracy": 0.73856, "precision": 0.7373, "recall": 0.74516, "f1": 0.7412, "auc": 0.82246}
{"epoch": 52, "time_epoch": 6.50917, "eta": 416.54584, "eta_hours": 0.11571, "loss": 0.52075878, "lr": 0.0004686, "params": 6759, "time_iter": 0.05046, "accuracy": 0.72444, "precision": 0.72843, "recall": 0.71996, "f1": 0.72417, "auc": 0.8167}
{"epoch": 53, "time_epoch": 6.93816, "eta": 406.04375, "eta_hours": 0.11279, "loss": 0.52112288, "lr": 0.00045295, "params": 6759, "time_iter": 0.05378, "accuracy": 0.73856, "precision": 0.73109, "recall": 0.75872, "f1": 0.74465, "auc": 0.81866}
{"epoch": 54, "time_epoch": 6.74597, "eta": 395.51402, "eta_hours": 0.10987, "loss": 0.51526132, "lr": 0.00043733, "params": 6759, "time_iter": 0.05229, "accuracy": 0.7371, "precision": 0.73077, "recall": 0.75484, "f1": 0.74261, "auc": 0.82148}
{"epoch": 55, "time_epoch": 6.67479, "eta": 385.0635, "eta_hours": 0.10696, "loss": 0.5218961, "lr": 0.00042178, "params": 6759, "time_iter": 0.05174, "accuracy": 0.73856, "precision": 0.74006, "recall": 0.73934, "f1": 0.7397, "auc": 0.81953}
{"epoch": 56, "time_epoch": 6.65436, "eta": 374.73005, "eta_hours": 0.10409, "loss": 0.5168803, "lr": 0.00040631, "params": 6759, "time_iter": 0.05158, "accuracy": 0.74537, "precision": 0.74261, "recall": 0.75484, "f1": 0.74868, "auc": 0.82161}
{"epoch": 57, "time_epoch": 6.73759, "eta": 364.58373, "eta_hours": 0.10127, "loss": 0.5131861, "lr": 0.00039093, "params": 6759, "time_iter": 0.05223, "accuracy": 0.74537, "precision": 0.74401, "recall": 0.75194, "f1": 0.74795, "auc": 0.82408}
{"epoch": 58, "time_epoch": 6.52982, "eta": 354.40858, "eta_hours": 0.09845, "loss": 0.50712186, "lr": 0.00037566, "params": 6759, "time_iter": 0.05062, "accuracy": 0.74245, "precision": 0.7393, "recall": 0.75291, "f1": 0.74604, "auc": 0.83145}
{"epoch": 59, "time_epoch": 6.27151, "eta": 344.18274, "eta_hours": 0.09561, "loss": 0.50572989, "lr": 0.0003605, "params": 6759, "time_iter": 0.04862, "accuracy": 0.74684, "precision": 0.74151, "recall": 0.76163, "f1": 0.75143, "auc": 0.82959}
{"epoch": 60, "time_epoch": 6.97383, "eta": 334.53557, "eta_hours": 0.09293, "loss": 0.5122827, "lr": 0.00034549, "params": 6759, "time_iter": 0.05406, "accuracy": 0.74294, "precision": 0.75301, "recall": 0.72674, "f1": 0.73964, "auc": 0.82799}
{"epoch": 61, "time_epoch": 6.20961, "eta": 324.50624, "eta_hours": 0.09014, "loss": 0.51948095, "lr": 0.00033063, "params": 6759, "time_iter": 0.04814, "accuracy": 0.7332, "precision": 0.73048, "recall": 0.74322, "f1": 0.73679, "auc": 0.82091}
{"epoch": 62, "time_epoch": 6.26851, "eta": 314.63276, "eta_hours": 0.0874, "loss": 0.50866735, "lr": 0.00031594, "params": 6759, "time_iter": 0.04859, "accuracy": 0.74245, "precision": 0.74253, "recall": 0.74612, "f1": 0.74432, "auc": 0.8297}
{"epoch": 63, "time_epoch": 5.98522, "eta": 304.71259, "eta_hours": 0.08464, "loss": 0.51424211, "lr": 0.00030143, "params": 6759, "time_iter": 0.0464, "accuracy": 0.74197, "precision": 0.74275, "recall": 0.74419, "f1": 0.74347, "auc": 0.82564}
{"epoch": 64, "time_epoch": 6.26924, "eta": 295.06643, "eta_hours": 0.08196, "loss": 0.51192729, "lr": 0.00028711, "params": 6759, "time_iter": 0.0486, "accuracy": 0.74343, "precision": 0.74538, "recall": 0.74322, "f1": 0.7443, "auc": 0.82622}
{"epoch": 65, "time_epoch": 6.12013, "eta": 285.44579, "eta_hours": 0.07929, "loss": 0.5050089, "lr": 0.000273, "params": 6759, "time_iter": 0.04744, "accuracy": 0.7483, "precision": 0.74927, "recall": 0.75, "f1": 0.74964, "auc": 0.83071}
{"epoch": 66, "time_epoch": 6.5594, "eta": 276.146, "eta_hours": 0.07671, "loss": 0.50173279, "lr": 0.00025912, "params": 6759, "time_iter": 0.05085, "accuracy": 0.75122, "precision": 0.75169, "recall": 0.75388, "f1": 0.75278, "auc": 0.83476}
{"epoch": 67, "time_epoch": 6.50816, "eta": 266.90269, "eta_hours": 0.07414, "loss": 0.50603692, "lr": 0.00024548, "params": 6759, "time_iter": 0.05045, "accuracy": 0.75365, "precision": 0.74953, "recall": 0.7655, "f1": 0.75743, "auc": 0.83166}
{"epoch": 68, "time_epoch": 6.29655, "eta": 257.64359, "eta_hours": 0.07157, "loss": 0.50791804, "lr": 0.00023209, "params": 6759, "time_iter": 0.04881, "accuracy": 0.74148, "precision": 0.73789, "recall": 0.75291, "f1": 0.74532, "auc": 0.82819}
{"epoch": 69, "time_epoch": 6.90935, "eta": 248.73176, "eta_hours": 0.06909, "loss": 0.51027707, "lr": 0.00021896, "params": 6759, "time_iter": 0.05356, "accuracy": 0.75073, "precision": 0.74575, "recall": 0.76453, "f1": 0.75502, "auc": 0.8295}
{"epoch": 70, "time_epoch": 6.43579, "eta": 239.68292, "eta_hours": 0.06658, "loss": 0.49384769, "lr": 0.00020611, "params": 6759, "time_iter": 0.04989, "accuracy": 0.75609, "precision": 0.75214, "recall": 0.76744, "f1": 0.75971, "auc": 0.84054}
{"epoch": 71, "time_epoch": 5.988, "eta": 230.53252, "eta_hours": 0.06404, "loss": 0.50661038, "lr": 0.00019355, "params": 6759, "time_iter": 0.04642, "accuracy": 0.75414, "precision": 0.75607, "recall": 0.75388, "f1": 0.75497, "auc": 0.83047}
{"epoch": 72, "time_epoch": 6.65024, "eta": 221.7137, "eta_hours": 0.06159, "loss": 0.50306998, "lr": 0.00018129, "params": 6759, "time_iter": 0.05155, "accuracy": 0.75463, "precision": 0.75385, "recall": 0.75969, "f1": 0.75676, "auc": 0.83297}
{"epoch": 73, "time_epoch": 6.13777, "eta": 212.77343, "eta_hours": 0.0591, "loss": 0.50788398, "lr": 0.00016934, "params": 6759, "time_iter": 0.04758, "accuracy": 0.74732, "precision": 0.74499, "recall": 0.75581, "f1": 0.75036, "auc": 0.82979}
{"epoch": 74, "time_epoch": 6.53898, "eta": 204.04163, "eta_hours": 0.05668, "loss": 0.50203942, "lr": 0.00015773, "params": 6759, "time_iter": 0.05069, "accuracy": 0.7556, "precision": 0.76134, "recall": 0.74806, "f1": 0.75464, "auc": 0.8363}
{"epoch": 75, "time_epoch": 6.60152, "eta": 195.38729, "eta_hours": 0.05427, "loss": 0.50535318, "lr": 0.00014645, "params": 6759, "time_iter": 0.05117, "accuracy": 0.74781, "precision": 0.74064, "recall": 0.76647, "f1": 0.75333, "auc": 0.83225}
{"epoch": 76, "time_epoch": 6.72753, "eta": 186.82391, "eta_hours": 0.0519, "loss": 0.5134177, "lr": 0.00013552, "params": 6759, "time_iter": 0.05215, "accuracy": 0.74635, "precision": 0.7431, "recall": 0.75678, "f1": 0.74988, "auc": 0.82649}
{"epoch": 77, "time_epoch": 7.05727, "eta": 178.4006, "eta_hours": 0.04956, "loss": 0.50278109, "lr": 0.00012494, "params": 6759, "time_iter": 0.05471, "accuracy": 0.75268, "precision": 0.75241, "recall": 0.75678, "f1": 0.75459, "auc": 0.83449}
{"epoch": 78, "time_epoch": 6.70072, "eta": 169.9171, "eta_hours": 0.0472, "loss": 0.50679359, "lr": 0.00011474, "params": 6759, "time_iter": 0.05194, "accuracy": 0.75511, "precision": 0.75024, "recall": 0.76841, "f1": 0.75921, "auc": 0.83169}
{"epoch": 79, "time_epoch": 6.96317, "eta": 161.54378, "eta_hours": 0.04487, "loss": 0.5024044, "lr": 0.00010492, "params": 6759, "time_iter": 0.05398, "accuracy": 0.75316, "precision": 0.75313, "recall": 0.75678, "f1": 0.75495, "auc": 0.834}
{"epoch": 80, "time_epoch": 7.02785, "eta": 153.22045, "eta_hours": 0.04256, "loss": 0.50199409, "lr": 9.549e-05, "params": 6759, "time_iter": 0.05448, "accuracy": 0.75706, "precision": 0.75023, "recall": 0.77422, "f1": 0.76204, "auc": 0.83551}
{"epoch": 81, "time_epoch": 6.4643, "eta": 144.80501, "eta_hours": 0.04022, "loss": 0.5110318, "lr": 8.646e-05, "params": 6759, "time_iter": 0.05011, "accuracy": 0.74391, "precision": 0.7428, "recall": 0.75, "f1": 0.74638, "auc": 0.82795}
{"epoch": 82, "time_epoch": 6.24214, "eta": 136.39108, "eta_hours": 0.03789, "loss": 0.50995963, "lr": 7.784e-05, "params": 6759, "time_iter": 0.04839, "accuracy": 0.74586, "precision": 0.75, "recall": 0.74128, "f1": 0.74561, "auc": 0.82866}
{"epoch": 83, "time_epoch": 6.7777, "eta": 128.13088, "eta_hours": 0.03559, "loss": 0.49640443, "lr": 6.963e-05, "params": 6759, "time_iter": 0.05254, "accuracy": 0.75073, "precision": 0.74575, "recall": 0.76453, "f1": 0.75502, "auc": 0.8379}
{"epoch": 84, "time_epoch": 6.31217, "eta": 119.8234, "eta_hours": 0.03328, "loss": 0.49810341, "lr": 6.185e-05, "params": 6759, "time_iter": 0.04893, "accuracy": 0.76095, "precision": 0.76085, "recall": 0.76453, "f1": 0.76269, "auc": 0.83811}
{"epoch": 85, "time_epoch": 6.30803, "eta": 111.56165, "eta_hours": 0.03099, "loss": 0.50102383, "lr": 5.45e-05, "params": 6759, "time_iter": 0.0489, "accuracy": 0.76241, "precision": 0.75232, "recall": 0.78585, "f1": 0.76872, "auc": 0.83717}
{"epoch": 86, "time_epoch": 6.68697, "eta": 103.40144, "eta_hours": 0.02872, "loss": 0.49294456, "lr": 4.759e-05, "params": 6759, "time_iter": 0.05184, "accuracy": 0.75901, "precision": 0.75842, "recall": 0.76357, "f1": 0.76099, "auc": 0.84224}
{"epoch": 87, "time_epoch": 7.11312, "eta": 95.33283, "eta_hours": 0.02648, "loss": 0.50101641, "lr": 4.112e-05, "params": 6759, "time_iter": 0.05514, "accuracy": 0.76047, "precision": 0.75424, "recall": 0.77616, "f1": 0.76504, "auc": 0.83569}
{"epoch": 88, "time_epoch": 6.4578, "eta": 87.20469, "eta_hours": 0.02422, "loss": 0.50371708, "lr": 3.511e-05, "params": 6759, "time_iter": 0.05006, "accuracy": 0.75219, "precision": 0.74416, "recall": 0.77229, "f1": 0.75796, "auc": 0.83469}
{"epoch": 89, "time_epoch": 6.75249, "eta": 79.14641, "eta_hours": 0.02199, "loss": 0.50321595, "lr": 2.956e-05, "params": 6759, "time_iter": 0.05234, "accuracy": 0.75755, "precision": 0.74953, "recall": 0.77713, "f1": 0.76308, "auc": 0.83337}
{"epoch": 90, "time_epoch": 6.50081, "eta": 71.09194, "eta_hours": 0.01975, "loss": 0.50144038, "lr": 2.447e-05, "params": 6759, "time_iter": 0.05039, "accuracy": 0.75268, "precision": 0.74125, "recall": 0.78004, "f1": 0.76015, "auc": 0.83501}
{"epoch": 91, "time_epoch": 7.48175, "eta": 63.15654, "eta_hours": 0.01754, "loss": 0.4981813, "lr": 1.985e-05, "params": 6759, "time_iter": 0.058, "accuracy": 0.75219, "precision": 0.7512, "recall": 0.75775, "f1": 0.75446, "auc": 0.83541}
{"epoch": 92, "time_epoch": 6.36596, "eta": 55.14692, "eta_hours": 0.01532, "loss": 0.49918304, "lr": 1.571e-05, "params": 6759, "time_iter": 0.04935, "accuracy": 0.76193, "precision": 0.76081, "recall": 0.76744, "f1": 0.76411, "auc": 0.83767}
{"epoch": 93, "time_epoch": 6.72092, "eta": 47.19492, "eta_hours": 0.01311, "loss": 0.50278476, "lr": 1.204e-05, "params": 6759, "time_iter": 0.0521, "accuracy": 0.75268, "precision": 0.74858, "recall": 0.76453, "f1": 0.75647, "auc": 0.83462}
{"epoch": 94, "time_epoch": 6.25234, "eta": 39.24418, "eta_hours": 0.0109, "loss": 0.49887364, "lr": 8.86e-06, "params": 6759, "time_iter": 0.04847, "accuracy": 0.7556, "precision": 0.75383, "recall": 0.7626, "f1": 0.75819, "auc": 0.8385}
{"epoch": 95, "time_epoch": 5.9557, "eta": 31.31646, "eta_hours": 0.0087, "loss": 0.49943423, "lr": 6.16e-06, "params": 6759, "time_iter": 0.04617, "accuracy": 0.75414, "precision": 0.74835, "recall": 0.76938, "f1": 0.75872, "auc": 0.83734}
{"epoch": 96, "time_epoch": 5.70792, "eta": 23.42174, "eta_hours": 0.00651, "loss": 0.50654941, "lr": 3.94e-06, "params": 6759, "time_iter": 0.04425, "accuracy": 0.74927, "precision": 0.7441, "recall": 0.76357, "f1": 0.75371, "auc": 0.83004}
{"epoch": 97, "time_epoch": 5.88309, "eta": 15.57523, "eta_hours": 0.00433, "loss": 0.50409923, "lr": 2.22e-06, "params": 6759, "time_iter": 0.04561, "accuracy": 0.75365, "precision": 0.75337, "recall": 0.75775, "f1": 0.75556, "auc": 0.83386}
{"epoch": 98, "time_epoch": 7.25316, "eta": 7.78222, "eta_hours": 0.00216, "loss": 0.49521274, "lr": 9.9e-07, "params": 6759, "time_iter": 0.05623, "accuracy": 0.76485, "precision": 0.76268, "recall": 0.77229, "f1": 0.76745, "auc": 0.84105}
{"epoch": 99, "time_epoch": 6.39557, "eta": 0.0, "eta_hours": 0.0, "loss": 0.49867044, "lr": 2.5e-07, "params": 6759, "time_iter": 0.04958, "accuracy": 0.75316, "precision": 0.74929, "recall": 0.76453, "f1": 0.75683, "auc": 0.8364}
