{"epoch": 0, "time_epoch": 27.98124, "time_epoch_std": 0.0, "eta": 2770.14276, "eta_std": 0.0, "eta_hours": 0.76948, "eta_hours_std": 0.0, "loss": 0.67298, "loss_std": 0.0, "lr": 0.001, "lr_std": 0.0, "params": 5865.0, "params_std": 0.0, "time_iter": 0.21691, "time_iter_std": 0.0, "accuracy": 0.57741, "accuracy_std": 0.0, "precision": 0.71809, "precision_std": 0.0, "recall": 0.26163, "recall_std": 0.0, "f1": 0.38352, "f1_std": 0.0, "auc": 0.63721, "auc_std": 0.0}
{"epoch": 1, "time_epoch": 9.76271, "time_epoch_std": 0.0, "eta": 1849.45347, "eta_std": 0.0, "eta_hours": 0.51374, "eta_hours_std": 0.0, "loss": 0.63822, "loss_std": 0.0, "lr": 0.001, "lr_std": 0.0, "params": 5865.0, "params_std": 0.0, "time_iter": 0.07568, "time_iter_std": 0.0, "accuracy": 0.63729, "accuracy_std": 0.0, "precision": 0.65058, "precision_std": 0.0, "recall": 0.60078, "recall_std": 0.0, "f1": 0.62469, "f1_std": 0.0, "auc": 0.68909, "auc_std": 0.0}
{"epoch": 2, "time_epoch": 9.6355, "time_epoch_std": 0.0, "eta": 1531.93538, "eta_std": 0.0, "eta_hours": 0.42554, "eta_hours_std": 0.0, "loss": 0.63476, "loss_std": 0.0, "lr": 0.001, "lr_std": 0.0, "params": 5865.0, "params_std": 0.0, "time_iter": 0.07469, "time_iter_std": 0.0, "accuracy": 0.64508, "accuracy_std": 0.0, "precision": 0.66667, "precision_std": 0.0, "recall": 0.58721, "recall_std": 0.0, "f1": 0.62442, "f1_std": 0.0, "auc": 0.69021, "auc_std": 0.0}
{"epoch": 3, "time_epoch": 9.09279, "time_epoch_std": 0.0, "eta": 1355.33363, "eta_std": 0.0, "eta_hours": 0.37648, "eta_hours_std": 0.0, "loss": 0.63051, "loss_std": 0.0, "lr": 0.001, "lr_std": 0.0, "params": 5865.0, "params_std": 0.0, "time_iter": 0.07049, "time_iter_std": 0.0, "accuracy": 0.6519, "accuracy_std": 0.0, "precision": 0.65081, "precision_std": 0.0, "recall": 0.66279, "recall_std": 0.0, "f1": 0.65675, "f1_std": 0.0, "auc": 0.70338, "auc_std": 0.0}
{"epoch": 4, "time_epoch": 9.57059, "time_epoch_std": 0.0, "eta": 1254.81364, "eta_std": 0.0, "eta_hours": 0.34856, "eta_hours_std": 0.0, "loss": 0.62406, "loss_std": 0.0, "lr": 0.001, "lr_std": 0.0, "params": 5865.0, "params_std": 0.0, "time_iter": 0.07419, "time_iter_std": 0.0, "accuracy": 0.66018, "accuracy_std": 0.0, "precision": 0.68556, "precision_std": 0.0, "recall": 0.59787, "recall_std": 0.0, "f1": 0.63872, "f1_std": 0.0, "auc": 0.70973, "auc_std": 0.0}
{"epoch": 5, "time_epoch": 9.24625, "time_epoch_std": 0.0, "eta": 1179.52881, "eta_std": 0.0, "eta_hours": 0.32765, "eta_hours_std": 0.0, "loss": 0.62408, "loss_std": 0.0, "lr": 0.00099, "lr_std": 0.0, "params": 5865.0, "params_std": 0.0, "time_iter": 0.07168, "time_iter_std": 0.0, "accuracy": 0.65093, "accuracy_std": 0.0, "precision": 0.66596, "precision_std": 0.0, "recall": 0.6124, "recall_std": 0.0, "f1": 0.63806, "f1_std": 0.0, "auc": 0.70908, "auc_std": 0.0}
{"epoch": 6, "time_epoch": 10.07108, "time_epoch_std": 0.0, "eta": 1134.07058, "eta_std": 0.0, "eta_hours": 0.31502, "eta_hours_std": 0.0, "loss": 0.62116, "loss_std": 0.0, "lr": 0.00099, "lr_std": 0.0, "params": 5865.0, "params_std": 0.0, "time_iter": 0.07807, "time_iter_std": 0.0, "accuracy": 0.67478, "accuracy_std": 0.0, "precision": 0.70177, "precision_std": 0.0, "recall": 0.61337, "recall_std": 0.0, "f1": 0.6546, "f1_std": 0.0, "auc": 0.70976, "auc_std": 0.0}
{"epoch": 7, "time_epoch": 8.96476, "time_epoch_std": 0.0, "eta": 1084.73646, "eta_std": 0.0, "eta_hours": 0.30132, "eta_hours_std": 0.0, "loss": 0.61888, "loss_std": 0.0, "lr": 0.00099, "lr_std": 0.0, "params": 5865.0, "params_std": 0.0, "time_iter": 0.06949, "time_iter_std": 0.0, "accuracy": 0.6631, "accuracy_std": 0.0, "precision": 0.68162, "precision_std": 0.0, "recall": 0.61822, "recall_std": 0.0, "f1": 0.64837, "f1_std": 0.0, "auc": 0.71518, "auc_std": 0.0}
{"epoch": 8, "time_epoch": 10.45043, "time_epoch_std": 0.0, "eta": 1059.39514, "eta_std": 0.0, "eta_hours": 0.29428, "eta_hours_std": 0.0, "loss": 0.6134, "loss_std": 0.0, "lr": 0.00098, "lr_std": 0.0, "params": 5865.0, "params_std": 0.0, "time_iter": 0.08101, "time_iter_std": 0.0, "accuracy": 0.66504, "accuracy_std": 0.0, "precision": 0.68818, "precision_std": 0.0, "recall": 0.6095, "recall_std": 0.0, "f1": 0.64645, "f1_std": 0.0, "auc": 0.71922, "auc_std": 0.0}
{"epoch": 9, "time_epoch": 9.59986, "time_epoch_std": 0.0, "eta": 1029.37686, "eta_std": 0.0, "eta_hours": 0.28594, "eta_hours_std": 0.0, "loss": 0.60769, "loss_std": 0.0, "lr": 0.00098, "lr_std": 0.0, "params": 5865.0, "params_std": 0.0, "time_iter": 0.07442, "time_iter_std": 0.0, "accuracy": 0.6665, "accuracy_std": 0.0, "precision": 0.6892, "precision_std": 0.0, "recall": 0.6124, "recall_std": 0.0, "f1": 0.64854, "f1_std": 0.0, "auc": 0.72477, "auc_std": 0.0}
{"epoch": 10, "time_epoch": 9.6633, "time_epoch_std": 0.0, "eta": 1003.58427, "eta_std": 0.0, "eta_hours": 0.27877, "eta_hours_std": 0.0, "loss": 0.60123, "loss_std": 0.0, "lr": 0.00098, "lr_std": 0.0, "params": 5865.0, "params_std": 0.0, "time_iter": 0.07491, "time_iter_std": 0.0, "accuracy": 0.67673, "accuracy_std": 0.0, "precision": 0.69328, "precision_std": 0.0, "recall": 0.63953, "recall_std": 0.0, "f1": 0.66532, "f1_std": 0.0, "auc": 0.73785, "auc_std": 0.0}
{"epoch": 11, "time_epoch": 9.678, "time_epoch_std": 0.0, "eta": 980.5877, "eta_std": 0.0, "eta_hours": 0.27239, "eta_hours_std": 0.0, "loss": 0.60163, "loss_std": 0.0, "lr": 0.00097, "lr_std": 0.0, "params": 5865.0, "params_std": 0.0, "time_iter": 0.07502, "time_iter_std": 0.0, "accuracy": 0.67381, "accuracy_std": 0.0, "precision": 0.69462, "precision_std": 0.0, "recall": 0.62597, "recall_std": 0.0, "f1": 0.65851, "f1_std": 0.0, "auc": 0.73568, "auc_std": 0.0}
{"epoch": 12, "time_epoch": 9.11968, "time_epoch_std": 0.0, "eta": 955.90372, "eta_std": 0.0, "eta_hours": 0.26553, "eta_hours_std": 0.0, "loss": 0.59721, "loss_std": 0.0, "lr": 0.00096, "lr_std": 0.0, "params": 5865.0, "params_std": 0.0, "time_iter": 0.0707, "time_iter_std": 0.0, "accuracy": 0.67381, "accuracy_std": 0.0, "precision": 0.68507, "precision_std": 0.0, "recall": 0.64922, "recall_std": 0.0, "f1": 0.66667, "f1_std": 0.0, "auc": 0.74217, "auc_std": 0.0}
{"epoch": 13, "time_epoch": 10.30346, "time_epoch_std": 0.0, "eta": 940.71499, "eta_std": 0.0, "eta_hours": 0.26131, "eta_hours_std": 0.0, "loss": 0.59667, "loss_std": 0.0, "lr": 0.00096, "lr_std": 0.0, "params": 5865.0, "params_std": 0.0, "time_iter": 0.07987, "time_iter_std": 0.0, "accuracy": 0.66845, "accuracy_std": 0.0, "precision": 0.68074, "precision_std": 0.0, "recall": 0.6405, "recall_std": 0.0, "f1": 0.66001, "f1_std": 0.0, "auc": 0.73987, "auc_std": 0.0}
{"epoch": 14, "time_epoch": 9.8083, "time_epoch_std": 0.0, "eta": 923.37173, "eta_std": 0.0, "eta_hours": 0.25649, "eta_hours_std": 0.0, "loss": 0.58965, "loss_std": 0.0, "lr": 0.00095, "lr_std": 0.0, "params": 5865.0, "params_std": 0.0, "time_iter": 0.07603, "time_iter_std": 0.0, "accuracy": 0.67283, "accuracy_std": 0.0, "precision": 0.69272, "precision_std": 0.0, "recall": 0.62694, "recall_std": 0.0, "f1": 0.65819, "f1_std": 0.0, "auc": 0.74587, "auc_std": 0.0}
{"epoch": 15, "time_epoch": 10.28081, "time_epoch_std": 0.0, "eta": 909.45101, "eta_std": 0.0, "eta_hours": 0.25263, "eta_hours_std": 0.0, "loss": 0.58484, "loss_std": 0.0, "lr": 0.00095, "lr_std": 0.0, "params": 5865.0, "params_std": 0.0, "time_iter": 0.0797, "time_iter_std": 0.0, "accuracy": 0.67478, "accuracy_std": 0.0, "precision": 0.68534, "precision_std": 0.0, "recall": 0.65213, "recall_std": 0.0, "f1": 0.66832, "f1_std": 0.0, "auc": 0.75481, "auc_std": 0.0}
{"epoch": 16, "time_epoch": 9.47925, "time_epoch_std": 0.0, "eta": 892.04498, "eta_std": 0.0, "eta_hours": 0.24779, "eta_hours_std": 0.0, "loss": 0.58205, "loss_std": 0.0, "lr": 0.00094, "lr_std": 0.0, "params": 5865.0, "params_std": 0.0, "time_iter": 0.07348, "time_iter_std": 0.0, "accuracy": 0.68257, "accuracy_std": 0.0, "precision": 0.69388, "precision_std": 0.0, "recall": 0.65891, "recall_std": 0.0, "f1": 0.67594, "f1_std": 0.0, "auc": 0.75788, "auc_std": 0.0}
{"epoch": 17, "time_epoch": 9.71864, "time_epoch_std": 0.0, "eta": 876.61031, "eta_std": 0.0, "eta_hours": 0.2435, "eta_hours_std": 0.0, "loss": 0.57417, "loss_std": 0.0, "lr": 0.00093, "lr_std": 0.0, "params": 5865.0, "params_std": 0.0, "time_iter": 0.07534, "time_iter_std": 0.0, "accuracy": 0.69036, "accuracy_std": 0.0, "precision": 0.69412, "precision_std": 0.0, "recall": 0.68605, "recall_std": 0.0, "f1": 0.69006, "f1_std": 0.0, "auc": 0.76709, "auc_std": 0.0}
{"epoch": 18, "time_epoch": 9.19287, "time_epoch_std": 0.0, "eta": 859.53587, "eta_std": 0.0, "eta_hours": 0.23876, "eta_hours_std": 0.0, "loss": 0.57942, "loss_std": 0.0, "lr": 0.00092, "lr_std": 0.0, "params": 5865.0, "params_std": 0.0, "time_iter": 0.07126, "time_iter_std": 0.0, "accuracy": 0.69474, "accuracy_std": 0.0, "precision": 0.70517, "precision_std": 0.0, "recall": 0.67442, "recall_std": 0.0, "f1": 0.68945, "f1_std": 0.0, "auc": 0.76276, "auc_std": 0.0}
{"epoch": 19, "time_epoch": 9.23111, "time_epoch_std": 0.0, "eta": 843.40255, "eta_std": 0.0, "eta_hours": 0.23428, "eta_hours_std": 0.0, "loss": 0.57335, "loss_std": 0.0, "lr": 0.00091, "lr_std": 0.0, "params": 5865.0, "params_std": 0.0, "time_iter": 0.07156, "time_iter_std": 0.0, "accuracy": 0.69426, "accuracy_std": 0.0, "precision": 0.70654, "precision_std": 0.0, "recall": 0.66957, "recall_std": 0.0, "f1": 0.68756, "f1_std": 0.0, "auc": 0.76631, "auc_std": 0.0}
{"epoch": 20, "time_epoch": 9.24843, "time_epoch_std": 0.0, "eta": 827.99171, "eta_std": 0.0, "eta_hours": 0.23, "eta_hours_std": 0.0, "loss": 0.57258, "loss_std": 0.0, "lr": 0.0009, "lr_std": 0.0, "params": 5865.0, "params_std": 0.0, "time_iter": 0.07169, "time_iter_std": 0.0, "accuracy": 0.69133, "accuracy_std": 0.0, "precision": 0.69358, "precision_std": 0.0, "recall": 0.69089, "recall_std": 0.0, "f1": 0.69223, "f1_std": 0.0, "auc": 0.76779, "auc_std": 0.0}
{"epoch": 21, "time_epoch": 9.578, "time_epoch_std": 0.0, "eta": 814.3096, "eta_std": 0.0, "eta_hours": 0.2262, "eta_hours_std": 0.0, "loss": 0.56202, "loss_std": 0.0, "lr": 0.0009, "lr_std": 0.0, "params": 5865.0, "params_std": 0.0, "time_iter": 0.07425, "time_iter_std": 0.0, "accuracy": 0.70351, "accuracy_std": 0.0, "precision": 0.71045, "precision_std": 0.0, "recall": 0.69186, "recall_std": 0.0, "f1": 0.70103, "f1_std": 0.0, "auc": 0.78136, "auc_std": 0.0}
{"epoch": 22, "time_epoch": 9.89622, "time_epoch_std": 0.0, "eta": 802.0497, "eta_std": 0.0, "eta_hours": 0.22279, "eta_hours_std": 0.0, "loss": 0.55958, "loss_std": 0.0, "lr": 0.00089, "lr_std": 0.0, "params": 5865.0, "params_std": 0.0, "time_iter": 0.07671, "time_iter_std": 0.0, "accuracy": 0.7001, "accuracy_std": 0.0, "precision": 0.69923, "precision_std": 0.0, "recall": 0.70736, "recall_std": 0.0, "f1": 0.70328, "f1_std": 0.0, "auc": 0.78392, "auc_std": 0.0}
{"epoch": 23, "time_epoch": 9.07493, "time_epoch_std": 0.0, "eta": 787.38602, "eta_std": 0.0, "eta_hours": 0.21872, "eta_hours_std": 0.0, "loss": 0.55264, "loss_std": 0.0, "lr": 0.00088, "lr_std": 0.0, "params": 5865.0, "params_std": 0.0, "time_iter": 0.07035, "time_iter_std": 0.0, "accuracy": 0.7074, "accuracy_std": 0.0, "precision": 0.71065, "precision_std": 0.0, "recall": 0.70446, "recall_std": 0.0, "f1": 0.70754, "f1_std": 0.0, "auc": 0.78658, "auc_std": 0.0}
{"epoch": 24, "time_epoch": 9.11806, "time_epoch_std": 0.0, "eta": 773.29882, "eta_std": 0.0, "eta_hours": 0.21481, "eta_hours_std": 0.0, "loss": 0.55696, "loss_std": 0.0, "lr": 0.00086, "lr_std": 0.0, "params": 5865.0, "params_std": 0.0, "time_iter": 0.07068, "time_iter_std": 0.0, "accuracy": 0.71178, "accuracy_std": 0.0, "precision": 0.71782, "precision_std": 0.0, "recall": 0.70252, "recall_std": 0.0, "f1": 0.71009, "f1_std": 0.0, "auc": 0.78592, "auc_std": 0.0}
{"epoch": 25, "time_epoch": 9.3672, "time_epoch_std": 0.0, "eta": 760.30295, "eta_std": 0.0, "eta_hours": 0.2112, "eta_hours_std": 0.0, "loss": 0.5436, "loss_std": 0.0, "lr": 0.00085, "lr_std": 0.0, "params": 5865.0, "params_std": 0.0, "time_iter": 0.07261, "time_iter_std": 0.0, "accuracy": 0.71762, "accuracy_std": 0.0, "precision": 0.71773, "precision_std": 0.0, "recall": 0.7219, "recall_std": 0.0, "f1": 0.71981, "f1_std": 0.0, "auc": 0.79631, "auc_std": 0.0}
{"epoch": 26, "time_epoch": 9.51755, "time_epoch_std": 0.0, "eta": 747.98238, "eta_std": 0.0, "eta_hours": 0.20777, "eta_hours_std": 0.0, "loss": 0.54284, "loss_std": 0.0, "lr": 0.00084, "lr_std": 0.0, "params": 5865.0, "params_std": 0.0, "time_iter": 0.07378, "time_iter_std": 0.0, "accuracy": 0.72493, "accuracy_std": 0.0, "precision": 0.7296, "precision_std": 0.0, "recall": 0.71899, "recall_std": 0.0, "f1": 0.72426, "f1_std": 0.0, "auc": 0.79871, "auc_std": 0.0}
{"epoch": 27, "time_epoch": 9.95371, "time_epoch_std": 0.0, "eta": 736.98358, "eta_std": 0.0, "eta_hours": 0.20472, "eta_hours_std": 0.0, "loss": 0.54365, "loss_std": 0.0, "lr": 0.00083, "lr_std": 0.0, "params": 5865.0, "params_std": 0.0, "time_iter": 0.07716, "time_iter_std": 0.0, "accuracy": 0.71714, "accuracy_std": 0.0, "precision": 0.7213, "precision_std": 0.0, "recall": 0.71221, "recall_std": 0.0, "f1": 0.71672, "f1_std": 0.0, "auc": 0.79657, "auc_std": 0.0}
{"epoch": 28, "time_epoch": 9.63384, "time_epoch_std": 0.0, "eta": 725.27372, "eta_std": 0.0, "eta_hours": 0.20146, "eta_hours_std": 0.0, "loss": 0.54308, "loss_std": 0.0, "lr": 0.00082, "lr_std": 0.0, "params": 5865.0, "params_std": 0.0, "time_iter": 0.07468, "time_iter_std": 0.0, "accuracy": 0.72736, "accuracy_std": 0.0, "precision": 0.72692, "precision_std": 0.0, "recall": 0.73256, "recall_std": 0.0, "f1": 0.72973, "f1_std": 0.0, "auc": 0.79981, "auc_std": 0.0}
{"epoch": 29, "time_epoch": 9.95813, "time_epoch_std": 0.0, "eta": 714.45894, "eta_std": 0.0, "eta_hours": 0.19846, "eta_hours_std": 0.0, "loss": 0.54278, "loss_std": 0.0, "lr": 0.00081, "lr_std": 0.0, "params": 5865.0, "params_std": 0.0, "time_iter": 0.07719, "time_iter_std": 0.0, "accuracy": 0.72541, "accuracy_std": 0.0, "precision": 0.72034, "precision_std": 0.0, "recall": 0.74128, "recall_std": 0.0, "f1": 0.73066, "f1_std": 0.0, "auc": 0.80164, "auc_std": 0.0}
{"epoch": 30, "time_epoch": 9.33372, "time_epoch_std": 0.0, "eta": 702.30963, "eta_std": 0.0, "eta_hours": 0.19509, "eta_hours_std": 0.0, "loss": 0.53963, "loss_std": 0.0, "lr": 0.00079, "lr_std": 0.0, "params": 5865.0, "params_std": 0.0, "time_iter": 0.07235, "time_iter_std": 0.0, "accuracy": 0.71762, "accuracy_std": 0.0, "precision": 0.71857, "precision_std": 0.0, "recall": 0.71996, "recall_std": 0.0, "f1": 0.71926, "f1_std": 0.0, "auc": 0.80008, "auc_std": 0.0}
{"epoch": 31, "time_epoch": 8.93724, "time_epoch_std": 0.0, "eta": 689.49377, "eta_std": 0.0, "eta_hours": 0.19153, "eta_hours_std": 0.0, "loss": 0.54021, "loss_std": 0.0, "lr": 0.00078, "lr_std": 0.0, "params": 5865.0, "params_std": 0.0, "time_iter": 0.06928, "time_iter_std": 0.0, "accuracy": 0.72103, "accuracy_std": 0.0, "precision": 0.7159, "precision_std": 0.0, "recall": 0.7374, "recall_std": 0.0, "f1": 0.72649, "f1_std": 0.0, "auc": 0.80183, "auc_std": 0.0}
{"epoch": 32, "time_epoch": 9.5996, "time_epoch_std": 0.0, "eta": 678.25777, "eta_std": 0.0, "eta_hours": 0.1884, "eta_hours_std": 0.0, "loss": 0.53301, "loss_std": 0.0, "lr": 0.00077, "lr_std": 0.0, "params": 5865.0, "params_std": 0.0, "time_iter": 0.07442, "time_iter_std": 0.0, "accuracy": 0.73466, "accuracy_std": 0.0, "precision": 0.73257, "precision_std": 0.0, "recall": 0.74322, "recall_std": 0.0, "f1": 0.73785, "f1_std": 0.0, "auc": 0.81032, "auc_std": 0.0}
{"epoch": 33, "time_epoch": 9.42894, "time_epoch_std": 0.0, "eta": 666.78675, "eta_std": 0.0, "eta_hours": 0.18522, "eta_hours_std": 0.0, "loss": 0.5298, "loss_std": 0.0, "lr": 0.00075, "lr_std": 0.0, "params": 5865.0, "params_std": 0.0, "time_iter": 0.07309, "time_iter_std": 0.0, "accuracy": 0.73077, "accuracy_std": 0.0, "precision": 0.73878, "precision_std": 0.0, "recall": 0.71802, "recall_std": 0.0, "f1": 0.72826, "f1_std": 0.0, "auc": 0.81026, "auc_std": 0.0}
{"epoch": 34, "time_epoch": 9.76949, "time_epoch_std": 0.0, "eta": 656.06485, "eta_std": 0.0, "eta_hours": 0.18224, "eta_hours_std": 0.0, "loss": 0.53008, "loss_std": 0.0, "lr": 0.00074, "lr_std": 0.0, "params": 5865.0, "params_std": 0.0, "time_iter": 0.07573, "time_iter_std": 0.0, "accuracy": 0.73272, "accuracy_std": 0.0, "precision": 0.73607, "precision_std": 0.0, "recall": 0.72965, "recall_std": 0.0, "f1": 0.73285, "f1_std": 0.0, "auc": 0.81245, "auc_std": 0.0}
{"epoch": 35, "time_epoch": 8.59677, "time_epoch_std": 0.0, "eta": 643.31105, "eta_std": 0.0, "eta_hours": 0.1787, "eta_hours_std": 0.0, "loss": 0.53355, "loss_std": 0.0, "lr": 0.00073, "lr_std": 0.0, "params": 5865.0, "params_std": 0.0, "time_iter": 0.06664, "time_iter_std": 0.0, "accuracy": 0.73174, "accuracy_std": 0.0, "precision": 0.72753, "precision_std": 0.0, "recall": 0.74516, "recall_std": 0.0, "f1": 0.73624, "f1_std": 0.0, "auc": 0.80724, "auc_std": 0.0}
{"epoch": 36, "time_epoch": 9.74919, "time_epoch_std": 0.0, "eta": 632.74417, "eta_std": 0.0, "eta_hours": 0.17576, "eta_hours_std": 0.0, "loss": 0.53233, "loss_std": 0.0, "lr": 0.00071, "lr_std": 0.0, "params": 5865.0, "params_std": 0.0, "time_iter": 0.07558, "time_iter_std": 0.0, "accuracy": 0.72833, "accuracy_std": 0.0, "precision": 0.72571, "precision_std": 0.0, "recall": 0.73837, "recall_std": 0.0, "f1": 0.73199, "f1_std": 0.0, "auc": 0.80887, "auc_std": 0.0}
{"epoch": 37, "time_epoch": 9.48076, "time_epoch_std": 0.0, "eta": 621.78237, "eta_std": 0.0, "eta_hours": 0.17272, "eta_hours_std": 0.0, "loss": 0.52243, "loss_std": 0.0, "lr": 0.0007, "lr_std": 0.0, "params": 5865.0, "params_std": 0.0, "time_iter": 0.07349, "time_iter_std": 0.0, "accuracy": 0.74343, "accuracy_std": 0.0, "precision": 0.76112, "precision_std": 0.0, "recall": 0.71318, "recall_std": 0.0, "f1": 0.73637, "f1_std": 0.0, "auc": 0.81904, "auc_std": 0.0}
{"epoch": 38, "time_epoch": 9.54609, "time_epoch_std": 0.0, "eta": 610.9987, "eta_std": 0.0, "eta_hours": 0.16972, "eta_hours_std": 0.0, "loss": 0.53135, "loss_std": 0.0, "lr": 0.00068, "lr_std": 0.0, "params": 5865.0, "params_std": 0.0, "time_iter": 0.074, "time_iter_std": 0.0, "accuracy": 0.73369, "accuracy_std": 0.0, "precision": 0.726, "precision_std": 0.0, "recall": 0.75484, "recall_std": 0.0, "f1": 0.74014, "f1_std": 0.0, "auc": 0.81119, "auc_std": 0.0}
{"epoch": 39, "time_epoch": 9.09439, "time_epoch_std": 0.0, "eta": 599.59935, "eta_std": 0.0, "eta_hours": 0.16656, "eta_hours_std": 0.0, "loss": 0.5209, "loss_std": 0.0, "lr": 0.00067, "lr_std": 0.0, "params": 5865.0, "params_std": 0.0, "time_iter": 0.0705, "time_iter_std": 0.0, "accuracy": 0.74489, "accuracy_std": 0.0, "precision": 0.74902, "precision_std": 0.0, "recall": 0.74031, "recall_std": 0.0, "f1": 0.74464, "f1_std": 0.0, "auc": 0.81922, "auc_std": 0.0}
{"epoch": 40, "time_epoch": 10.37766, "time_epoch_std": 0.0, "eta": 590.1591, "eta_std": 0.0, "eta_hours": 0.16393, "eta_hours_std": 0.0, "loss": 0.51938, "loss_std": 0.0, "lr": 0.00065, "lr_std": 0.0, "params": 5865.0, "params_std": 0.0, "time_iter": 0.08045, "time_iter_std": 0.0, "accuracy": 0.73369, "accuracy_std": 0.0, "precision": 0.72942, "precision_std": 0.0, "recall": 0.74709, "recall_std": 0.0, "f1": 0.73815, "f1_std": 0.0, "auc": 0.8184, "auc_std": 0.0}
{"epoch": 41, "time_epoch": 9.36565, "time_epoch_std": 0.0, "eta": 579.27667, "eta_std": 0.0, "eta_hours": 0.16091, "eta_hours_std": 0.0, "loss": 0.52728, "loss_std": 0.0, "lr": 0.00064, "lr_std": 0.0, "params": 5865.0, "params_std": 0.0, "time_iter": 0.0726, "time_iter_std": 0.0, "accuracy": 0.72833, "accuracy_std": 0.0, "precision": 0.72571, "precision_std": 0.0, "recall": 0.73837, "recall_std": 0.0, "f1": 0.73199, "f1_std": 0.0, "auc": 0.81241, "auc_std": 0.0}
{"epoch": 42, "time_epoch": 9.71223, "time_epoch_std": 0.0, "eta": 568.9242, "eta_std": 0.0, "eta_hours": 0.15803, "eta_hours_std": 0.0, "loss": 0.52287, "loss_std": 0.0, "lr": 0.00062, "lr_std": 0.0, "params": 5865.0, "params_std": 0.0, "time_iter": 0.07529, "time_iter_std": 0.0, "accuracy": 0.74489, "accuracy_std": 0.0, "precision": 0.73827, "precision_std": 0.0, "recall": 0.7626, "recall_std": 0.0, "f1": 0.75024, "f1_std": 0.0, "auc": 0.81924, "auc_std": 0.0}
{"epoch": 43, "time_epoch": 9.13675, "time_epoch_std": 0.0, "eta": 557.86842, "eta_std": 0.0, "eta_hours": 0.15496, "eta_hours_std": 0.0, "loss": 0.52256, "loss_std": 0.0, "lr": 0.00061, "lr_std": 0.0, "params": 5865.0, "params_std": 0.0, "time_iter": 0.07083, "time_iter_std": 0.0, "accuracy": 0.74878, "accuracy_std": 0.0, "precision": 0.7434, "precision_std": 0.0, "recall": 0.76357, "recall_std": 0.0, "f1": 0.75335, "f1_std": 0.0, "auc": 0.81764, "auc_std": 0.0}
{"epoch": 44, "time_epoch": 10.49269, "time_epoch_std": 0.0, "eta": 548.55519, "eta_std": 0.0, "eta_hours": 0.15238, "eta_hours_std": 0.0, "loss": 0.52461, "loss_std": 0.0, "lr": 0.00059, "lr_std": 0.0, "params": 5865.0, "params_std": 0.0, "time_iter": 0.08134, "time_iter_std": 0.0, "accuracy": 0.74781, "accuracy_std": 0.0, "precision": 0.73112, "precision_std": 0.0, "recall": 0.78779, "recall_std": 0.0, "f1": 0.7584, "f1_std": 0.0, "auc": 0.81741, "auc_std": 0.0}
{"epoch": 45, "time_epoch": 9.13796, "time_epoch_std": 0.0, "eta": 537.60034, "eta_std": 0.0, "eta_hours": 0.14933, "eta_hours_std": 0.0, "loss": 0.51905, "loss_std": 0.0, "lr": 0.00058, "lr_std": 0.0, "params": 5865.0, "params_std": 0.0, "time_iter": 0.07084, "time_iter_std": 0.0, "accuracy": 0.74294, "accuracy_std": 0.0, "precision": 0.72993, "precision_std": 0.0, "recall": 0.77519, "recall_std": 0.0, "f1": 0.75188, "f1_std": 0.0, "auc": 0.82201, "auc_std": 0.0}
{"epoch": 46, "time_epoch": 9.9734, "time_epoch_std": 0.0, "eta": 527.66489, "eta_std": 0.0, "eta_hours": 0.14657, "eta_hours_std": 0.0, "loss": 0.52242, "loss_std": 0.0, "lr": 0.00056, "lr_std": 0.0, "params": 5865.0, "params_std": 0.0, "time_iter": 0.07731, "time_iter_std": 0.0, "accuracy": 0.74635, "accuracy_std": 0.0, "precision": 0.73723, "precision_std": 0.0, "recall": 0.76938, "recall_std": 0.0, "f1": 0.75296, "f1_std": 0.0, "auc": 0.82018, "auc_std": 0.0}
{"epoch": 47, "time_epoch": 9.17185, "time_epoch_std": 0.0, "eta": 516.85952, "eta_std": 0.0, "eta_hours": 0.14357, "eta_hours_std": 0.0, "loss": 0.51821, "loss_std": 0.0, "lr": 0.00055, "lr_std": 0.0, "params": 5865.0, "params_std": 0.0, "time_iter": 0.0711, "time_iter_std": 0.0, "accuracy": 0.74197, "accuracy_std": 0.0, "precision": 0.73859, "precision_std": 0.0, "recall": 0.75291, "recall_std": 0.0, "f1": 0.74568, "f1_std": 0.0, "auc": 0.82223, "auc_std": 0.0}
{"epoch": 48, "time_epoch": 9.23972, "time_epoch_std": 0.0, "eta": 506.19146, "eta_std": 0.0, "eta_hours": 0.14061, "eta_hours_std": 0.0, "loss": 0.52076, "loss_std": 0.0, "lr": 0.00053, "lr_std": 0.0, "params": 5865.0, "params_std": 0.0, "time_iter": 0.07163, "time_iter_std": 0.0, "accuracy": 0.74197, "accuracy_std": 0.0, "precision": 0.74416, "precision_std": 0.0, "recall": 0.74128, "recall_std": 0.0, "f1": 0.74272, "f1_std": 0.0, "auc": 0.82218, "auc_std": 0.0}
{"epoch": 49, "time_epoch": 8.97301, "time_epoch_std": 0.0, "eta": 495.31383, "eta_std": 0.0, "eta_hours": 0.13759, "eta_hours_std": 0.0, "loss": 0.51911, "loss_std": 0.0, "lr": 0.00052, "lr_std": 0.0, "params": 5865.0, "params_std": 0.0, "time_iter": 0.06956, "time_iter_std": 0.0, "accuracy": 0.73759, "accuracy_std": 0.0, "precision": 0.73365, "precision_std": 0.0, "recall": 0.75, "recall_std": 0.0, "f1": 0.74173, "f1_std": 0.0, "auc": 0.82092, "auc_std": 0.0}
{"epoch": 50, "time_epoch": 10.23344, "time_epoch_std": 0.0, "eta": 485.72188, "eta_std": 0.0, "eta_hours": 0.13492, "eta_hours_std": 0.0, "loss": 0.52013, "loss_std": 0.0, "lr": 0.0005, "lr_std": 0.0, "params": 5865.0, "params_std": 0.0, "time_iter": 0.07933, "time_iter_std": 0.0, "accuracy": 0.74586, "accuracy_std": 0.0, "precision": 0.74709, "precision_std": 0.0, "recall": 0.74709, "recall_std": 0.0, "f1": 0.74709, "f1_std": 0.0, "auc": 0.82335, "auc_std": 0.0}
{"epoch": 51, "time_epoch": 9.44353, "time_epoch_std": 0.0, "eta": 475.37612, "eta_std": 0.0, "eta_hours": 0.13205, "eta_hours_std": 0.0, "loss": 0.52554, "loss_std": 0.0, "lr": 0.00048, "lr_std": 0.0, "params": 5865.0, "params_std": 0.0, "time_iter": 0.07321, "time_iter_std": 0.0, "accuracy": 0.74635, "accuracy_std": 0.0, "precision": 0.75272, "precision_std": 0.0, "recall": 0.7374, "recall_std": 0.0, "f1": 0.74498, "f1_std": 0.0, "auc": 0.81883, "auc_std": 0.0}
{"epoch": 52, "time_epoch": 9.65614, "time_epoch_std": 0.0, "eta": 465.25294, "eta_std": 0.0, "eta_hours": 0.12924, "eta_hours_std": 0.0, "loss": 0.52534, "loss_std": 0.0, "lr": 0.00047, "lr_std": 0.0, "params": 5865.0, "params_std": 0.0, "time_iter": 0.07485, "time_iter_std": 0.0, "accuracy": 0.73028, "accuracy_std": 0.0, "precision": 0.72378, "precision_std": 0.0, "recall": 0.74903, "recall_std": 0.0, "f1": 0.73619, "f1_std": 0.0, "auc": 0.81438, "auc_std": 0.0}
{"epoch": 53, "time_epoch": 9.00457, "time_epoch_std": 0.0, "eta": 454.59202, "eta_std": 0.0, "eta_hours": 0.12628, "eta_hours_std": 0.0, "loss": 0.51736, "loss_std": 0.0, "lr": 0.00045, "lr_std": 0.0, "params": 5865.0, "params_std": 0.0, "time_iter": 0.0698, "time_iter_std": 0.0, "accuracy": 0.74489, "accuracy_std": 0.0, "precision": 0.74708, "precision_std": 0.0, "recall": 0.74419, "recall_std": 0.0, "f1": 0.74563, "f1_std": 0.0, "auc": 0.82422, "auc_std": 0.0}
{"epoch": 54, "time_epoch": 9.6293, "time_epoch_std": 0.0, "eta": 444.50247, "eta_std": 0.0, "eta_hours": 0.12347, "eta_hours_std": 0.0, "loss": 0.51313, "loss_std": 0.0, "lr": 0.00044, "lr_std": 0.0, "params": 5865.0, "params_std": 0.0, "time_iter": 0.07465, "time_iter_std": 0.0, "accuracy": 0.75073, "accuracy_std": 0.0, "precision": 0.74575, "precision_std": 0.0, "recall": 0.76453, "recall_std": 0.0, "f1": 0.75502, "f1_std": 0.0, "auc": 0.82455, "auc_std": 0.0}
{"epoch": 55, "time_epoch": 8.90479, "time_epoch_std": 0.0, "eta": 433.8601, "eta_std": 0.0, "eta_hours": 0.12052, "eta_hours_std": 0.0, "loss": 0.5124, "loss_std": 0.0, "lr": 0.00042, "lr_std": 0.0, "params": 5865.0, "params_std": 0.0, "time_iter": 0.06903, "time_iter_std": 0.0, "accuracy": 0.74684, "accuracy_std": 0.0, "precision": 0.7406, "precision_std": 0.0, "recall": 0.76357, "recall_std": 0.0, "f1": 0.75191, "f1_std": 0.0, "auc": 0.82694, "auc_std": 0.0}
{"epoch": 56, "time_epoch": 9.45375, "time_epoch_std": 0.0, "eta": 423.69284, "eta_std": 0.0, "eta_hours": 0.11769, "eta_hours_std": 0.0, "loss": 0.50846, "loss_std": 0.0, "lr": 0.00041, "lr_std": 0.0, "params": 5865.0, "params_std": 0.0, "time_iter": 0.07328, "time_iter_std": 0.0, "accuracy": 0.75463, "accuracy_std": 0.0, "precision": 0.75191, "precision_std": 0.0, "recall": 0.76357, "recall_std": 0.0, "f1": 0.75769, "f1_std": 0.0, "auc": 0.83046, "auc_std": 0.0}
{"epoch": 57, "time_epoch": 9.26981, "time_epoch_std": 0.0, "eta": 413.41697, "eta_std": 0.0, "eta_hours": 0.11484, "eta_hours_std": 0.0, "loss": 0.51029, "loss_std": 0.0, "lr": 0.00039, "lr_std": 0.0, "params": 5865.0, "params_std": 0.0, "time_iter": 0.07186, "time_iter_std": 0.0, "accuracy": 0.74245, "accuracy_std": 0.0, "precision": 0.74021, "precision_std": 0.0, "recall": 0.75097, "recall_std": 0.0, "f1": 0.74555, "f1_std": 0.0, "auc": 0.82712, "auc_std": 0.0}
{"epoch": 58, "time_epoch": 9.4118, "time_epoch_std": 0.0, "eta": 403.27388, "eta_std": 0.0, "eta_hours": 0.11202, "eta_hours_std": 0.0, "loss": 0.50683, "loss_std": 0.0, "lr": 0.00038, "lr_std": 0.0, "params": 5865.0, "params_std": 0.0, "time_iter": 0.07296, "time_iter_std": 0.0, "accuracy": 0.7483, "accuracy_std": 0.0, "precision": 0.74178, "precision_std": 0.0, "recall": 0.7655, "recall_std": 0.0, "f1": 0.75346, "f1_std": 0.0, "auc": 0.83091, "auc_std": 0.0}
{"epoch": 59, "time_epoch": 8.99527, "time_epoch_std": 0.0, "eta": 392.87748, "eta_std": 0.0, "eta_hours": 0.10913, "eta_hours_std": 0.0, "loss": 0.50828, "loss_std": 0.0, "lr": 0.00036, "lr_std": 0.0, "params": 5865.0, "params_std": 0.0, "time_iter": 0.06973, "time_iter_std": 0.0, "accuracy": 0.74684, "accuracy_std": 0.0, "precision": 0.74197, "precision_std": 0.0, "recall": 0.76066, "recall_std": 0.0, "f1": 0.7512, "f1_std": 0.0, "auc": 0.83106, "auc_std": 0.0}
{"epoch": 60, "time_epoch": 9.66164, "time_epoch_std": 0.0, "eta": 382.95306, "eta_std": 0.0, "eta_hours": 0.10638, "eta_hours_std": 0.0, "loss": 0.50559, "loss_std": 0.0, "lr": 0.00035, "lr_std": 0.0, "params": 5865.0, "params_std": 0.0, "time_iter": 0.0749, "time_iter_std": 0.0, "accuracy": 0.75414, "accuracy_std": 0.0, "precision": 0.75758, "precision_std": 0.0, "recall": 0.75097, "recall_std": 0.0, "f1": 0.75426, "f1_std": 0.0, "auc": 0.83149, "auc_std": 0.0}
{"epoch": 61, "time_epoch": 9.40648, "time_epoch_std": 0.0, "eta": 372.88072, "eta_std": 0.0, "eta_hours": 0.10358, "eta_hours_std": 0.0, "loss": 0.50348, "loss_std": 0.0, "lr": 0.00033, "lr_std": 0.0, "params": 5865.0, "params_std": 0.0, "time_iter": 0.07292, "time_iter_std": 0.0, "accuracy": 0.74927, "accuracy_std": 0.0, "precision": 0.7441, "precision_std": 0.0, "recall": 0.76357, "recall_std": 0.0, "f1": 0.75371, "f1_std": 0.0, "auc": 0.8333, "auc_std": 0.0}
{"epoch": 62, "time_epoch": 9.46985, "time_epoch_std": 0.0, "eta": 362.86675, "eta_std": 0.0, "eta_hours": 0.1008, "eta_hours_std": 0.0, "loss": 0.51033, "loss_std": 0.0, "lr": 0.00032, "lr_std": 0.0, "params": 5865.0, "params_std": 0.0, "time_iter": 0.07341, "time_iter_std": 0.0, "accuracy": 0.75219, "accuracy_std": 0.0, "precision": 0.74416, "precision_std": 0.0, "recall": 0.77229, "recall_std": 0.0, "f1": 0.75796, "f1_std": 0.0, "auc": 0.82928, "auc_std": 0.0}
{"epoch": 63, "time_epoch": 9.18507, "time_epoch_std": 0.0, "eta": 352.70958, "eta_std": 0.0, "eta_hours": 0.09797, "eta_hours_std": 0.0, "loss": 0.50568, "loss_std": 0.0, "lr": 0.0003, "lr_std": 0.0, "params": 5865.0, "params_std": 0.0, "time_iter": 0.0712, "time_iter_std": 0.0, "accuracy": 0.75706, "accuracy_std": 0.0, "precision": 0.756, "precision_std": 0.0, "recall": 0.7626, "recall_std": 0.0, "f1": 0.75929, "f1_std": 0.0, "auc": 0.83325, "auc_std": 0.0}
{"epoch": 64, "time_epoch": 9.31519, "time_epoch_std": 0.0, "eta": 342.65239, "eta_std": 0.0, "eta_hours": 0.09518, "eta_hours_std": 0.0, "loss": 0.5109, "loss_std": 0.0, "lr": 0.00029, "lr_std": 0.0, "params": 5865.0, "params_std": 0.0, "time_iter": 0.07221, "time_iter_std": 0.0, "accuracy": 0.74635, "accuracy_std": 0.0, "precision": 0.73723, "precision_std": 0.0, "recall": 0.76938, "recall_std": 0.0, "f1": 0.75296, "f1_std": 0.0, "auc": 0.82738, "auc_std": 0.0}
{"epoch": 65, "time_epoch": 9.41055, "time_epoch_std": 0.0, "eta": 332.66682, "eta_std": 0.0, "eta_hours": 0.09241, "eta_hours_std": 0.0, "loss": 0.50614, "loss_std": 0.0, "lr": 0.00027, "lr_std": 0.0, "params": 5865.0, "params_std": 0.0, "time_iter": 0.07295, "time_iter_std": 0.0, "accuracy": 0.75706, "accuracy_std": 0.0, "precision": 0.75165, "precision_std": 0.0, "recall": 0.77132, "recall_std": 0.0, "f1": 0.76136, "f1_std": 0.0, "auc": 0.83285, "auc_std": 0.0}
{"epoch": 66, "time_epoch": 9.25711, "time_epoch_std": 0.0, "eta": 322.62283, "eta_std": 0.0, "eta_hours": 0.08962, "eta_hours_std": 0.0, "loss": 0.50784, "loss_std": 0.0, "lr": 0.00026, "lr_std": 0.0, "params": 5865.0, "params_std": 0.0, "time_iter": 0.07176, "time_iter_std": 0.0, "accuracy": 0.75024, "accuracy_std": 0.0, "precision": 0.74551, "precision_std": 0.0, "recall": 0.76357, "recall_std": 0.0, "f1": 0.75443, "f1_std": 0.0, "auc": 0.83107, "auc_std": 0.0}
{"epoch": 67, "time_epoch": 10.41859, "time_epoch_std": 0.0, "eta": 313.14856, "eta_std": 0.0, "eta_hours": 0.08699, "eta_hours_std": 0.0, "loss": 0.50205, "loss_std": 0.0, "lr": 0.00025, "lr_std": 0.0, "params": 5865.0, "params_std": 0.0, "time_iter": 0.08076, "time_iter_std": 0.0, "accuracy": 0.75219, "accuracy_std": 0.0, "precision": 0.74554, "precision_std": 0.0, "recall": 0.76938, "recall_std": 0.0, "f1": 0.75727, "f1_std": 0.0, "auc": 0.8339, "auc_std": 0.0}
{"epoch": 68, "time_epoch": 12.62674, "time_epoch_std": 0.0, "eta": 304.63899, "eta_std": 0.0, "eta_hours": 0.08462, "eta_hours_std": 0.0, "loss": 0.50163, "loss_std": 0.0, "lr": 0.00023, "lr_std": 0.0, "params": 5865.0, "params_std": 0.0, "time_iter": 0.09788, "time_iter_std": 0.0, "accuracy": 0.75511, "accuracy_std": 0.0, "precision": 0.75755, "precision_std": 0.0, "recall": 0.75388, "recall_std": 0.0, "f1": 0.75571, "f1_std": 0.0, "auc": 0.83604, "auc_std": 0.0}
{"epoch": 69, "time_epoch": 12.6366, "time_epoch_std": 0.0, "eta": 296.01602, "eta_std": 0.0, "eta_hours": 0.08223, "eta_hours_std": 0.0, "loss": 0.50211, "loss_std": 0.0, "lr": 0.00022, "lr_std": 0.0, "params": 5865.0, "params_std": 0.0, "time_iter": 0.09796, "time_iter_std": 0.0, "accuracy": 0.75316, "accuracy_std": 0.0, "precision": 0.7451, "precision_std": 0.0, "recall": 0.77326, "recall_std": 0.0, "f1": 0.75892, "f1_std": 0.0, "auc": 0.83416, "auc_std": 0.0}
{"epoch": 70, "time_epoch": 13.62012, "time_epoch_std": 0.0, "eta": 287.6817, "eta_std": 0.0, "eta_hours": 0.07991, "eta_hours_std": 0.0, "loss": 0.49528, "loss_std": 0.0, "lr": 0.00021, "lr_std": 0.0, "params": 5865.0, "params_std": 0.0, "time_iter": 0.10558, "time_iter_std": 0.0, "accuracy": 0.76777, "accuracy_std": 0.0, "precision": 0.77126, "precision_std": 0.0, "recall": 0.76453, "recall_std": 0.0, "f1": 0.76788, "f1_std": 0.0, "auc": 0.84039, "auc_std": 0.0}
{"epoch": 71, "time_epoch": 13.89411, "time_epoch_std": 0.0, "eta": 279.3071, "eta_std": 0.0, "eta_hours": 0.07759, "eta_hours_std": 0.0, "loss": 0.50272, "loss_std": 0.0, "lr": 0.00019, "lr_std": 0.0, "params": 5865.0, "params_std": 0.0, "time_iter": 0.10771, "time_iter_std": 0.0, "accuracy": 0.76582, "accuracy_std": 0.0, "precision": 0.75676, "precision_std": 0.0, "recall": 0.78682, "recall_std": 0.0, "f1": 0.7715, "f1_std": 0.0, "auc": 0.83834, "auc_std": 0.0}
{"epoch": 72, "time_epoch": 9.86533, "time_epoch_std": 0.0, "eta": 269.29119, "eta_std": 0.0, "eta_hours": 0.0748, "eta_hours_std": 0.0, "loss": 0.49774, "loss_std": 0.0, "lr": 0.00018, "lr_std": 0.0, "params": 5865.0, "params_std": 0.0, "time_iter": 0.07648, "time_iter_std": 0.0, "accuracy": 0.75852, "accuracy_std": 0.0, "precision": 0.75621, "precision_std": 0.0, "recall": 0.76647, "recall_std": 0.0, "f1": 0.76131, "f1_std": 0.0, "auc": 0.83747, "auc_std": 0.0}
{"epoch": 73, "time_epoch": 9.89378, "time_epoch_std": 0.0, "eta": 259.28935, "eta_std": 0.0, "eta_hours": 0.07202, "eta_hours_std": 0.0, "loss": 0.5126, "loss_std": 0.0, "lr": 0.00017, "lr_std": 0.0, "params": 5865.0, "params_std": 0.0, "time_iter": 0.0767, "time_iter_std": 0.0, "accuracy": 0.75073, "accuracy_std": 0.0, "precision": 0.74436, "precision_std": 0.0, "recall": 0.76744, "recall_std": 0.0, "f1": 0.75573, "f1_std": 0.0, "auc": 0.82803, "auc_std": 0.0}
{"epoch": 74, "time_epoch": 9.71049, "time_epoch_std": 0.0, "eta": 249.22929, "eta_std": 0.0, "eta_hours": 0.06923, "eta_hours_std": 0.0, "loss": 0.50455, "loss_std": 0.0, "lr": 0.00016, "lr_std": 0.0, "params": 5865.0, "params_std": 0.0, "time_iter": 0.07528, "time_iter_std": 0.0, "accuracy": 0.75901, "accuracy_std": 0.0, "precision": 0.75306, "precision_std": 0.0, "recall": 0.77422, "recall_std": 0.0, "f1": 0.7635, "f1_std": 0.0, "auc": 0.83295, "auc_std": 0.0}
{"epoch": 75, "time_epoch": 9.5577, "time_epoch_std": 0.0, "eta": 239.13018, "eta_std": 0.0, "eta_hours": 0.06643, "eta_hours_std": 0.0, "loss": 0.49846, "loss_std": 0.0, "lr": 0.00015, "lr_std": 0.0, "params": 5865.0, "params_std": 0.0, "time_iter": 0.07409, "time_iter_std": 0.0, "accuracy": 0.75268, "accuracy_std": 0.0, "precision": 0.75192, "precision_std": 0.0, "recall": 0.75775, "recall_std": 0.0, "f1": 0.75483, "f1_std": 0.0, "auc": 0.83722, "auc_std": 0.0}
{"epoch": 76, "time_epoch": 8.7456, "time_epoch_std": 0.0, "eta": 228.80256, "eta_std": 0.0, "eta_hours": 0.06356, "eta_hours_std": 0.0, "loss": 0.50437, "loss_std": 0.0, "lr": 0.00014, "lr_std": 0.0, "params": 5865.0, "params_std": 0.0, "time_iter": 0.0678, "time_iter_std": 0.0, "accuracy": 0.75657, "accuracy_std": 0.0, "precision": 0.7543, "precision_std": 0.0, "recall": 0.76453, "recall_std": 0.0, "f1": 0.75938, "f1_std": 0.0, "auc": 0.83407, "auc_std": 0.0}
{"epoch": 77, "time_epoch": 9.14457, "time_epoch_std": 0.0, "eta": 218.62803, "eta_std": 0.0, "eta_hours": 0.06073, "eta_hours_std": 0.0, "loss": 0.49438, "loss_std": 0.0, "lr": 0.00012, "lr_std": 0.0, "params": 5865.0, "params_std": 0.0, "time_iter": 0.07089, "time_iter_std": 0.0, "accuracy": 0.75316, "accuracy_std": 0.0, "precision": 0.74788, "precision_std": 0.0, "recall": 0.76744, "recall_std": 0.0, "f1": 0.75753, "f1_std": 0.0, "auc": 0.8398, "auc_std": 0.0}
{"epoch": 78, "time_epoch": 9.35605, "time_epoch_std": 0.0, "eta": 208.53579, "eta_std": 0.0, "eta_hours": 0.05793, "eta_hours_std": 0.0, "loss": 0.50015, "loss_std": 0.0, "lr": 0.00011, "lr_std": 0.0, "params": 5865.0, "params_std": 0.0, "time_iter": 0.07253, "time_iter_std": 0.0, "accuracy": 0.7556, "accuracy_std": 0.0, "precision": 0.74446, "precision_std": 0.0, "recall": 0.78198, "recall_std": 0.0, "f1": 0.76276, "f1_std": 0.0, "auc": 0.83674, "auc_std": 0.0}
{"epoch": 79, "time_epoch": 9.24649, "time_epoch_std": 0.0, "eta": 198.43457, "eta_std": 0.0, "eta_hours": 0.05512, "eta_hours_std": 0.0, "loss": 0.49501, "loss_std": 0.0, "lr": 0.0001, "lr_std": 0.0, "params": 5865.0, "params_std": 0.0, "time_iter": 0.07168, "time_iter_std": 0.0, "accuracy": 0.76241, "accuracy_std": 0.0, "precision": 0.75856, "precision_std": 0.0, "recall": 0.77326, "recall_std": 0.0, "f1": 0.76583, "f1_std": 0.0, "auc": 0.83983, "auc_std": 0.0}
{"epoch": 80, "time_epoch": 9.76815, "time_epoch_std": 0.0, "eta": 188.47681, "eta_std": 0.0, "eta_hours": 0.05235, "eta_hours_std": 0.0, "loss": 0.49817, "loss_std": 0.0, "lr": 0.0001, "lr_std": 0.0, "params": 5865.0, "params_std": 0.0, "time_iter": 0.07572, "time_iter_std": 0.0, "accuracy": 0.75901, "accuracy_std": 0.0, "precision": 0.75164, "precision_std": 0.0, "recall": 0.77713, "recall_std": 0.0, "f1": 0.76417, "f1_std": 0.0, "auc": 0.83858, "auc_std": 0.0}
{"epoch": 81, "time_epoch": 9.18803, "time_epoch_std": 0.0, "eta": 178.39634, "eta_std": 0.0, "eta_hours": 0.04955, "eta_hours_std": 0.0, "loss": 0.50357, "loss_std": 0.0, "lr": 9e-05, "lr_std": 0.0, "params": 5865.0, "params_std": 0.0, "time_iter": 0.07123, "time_iter_std": 0.0, "accuracy": 0.75949, "accuracy_std": 0.0, "precision": 0.75619, "precision_std": 0.0, "recall": 0.76938, "recall_std": 0.0, "f1": 0.76273, "f1_std": 0.0, "auc": 0.83573, "auc_std": 0.0}
{"epoch": 82, "time_epoch": 9.54046, "time_epoch_std": 0.0, "eta": 168.40956, "eta_std": 0.0, "eta_hours": 0.04678, "eta_hours_std": 0.0, "loss": 0.49736, "loss_std": 0.0, "lr": 8e-05, "lr_std": 0.0, "params": 5865.0, "params_std": 0.0, "time_iter": 0.07396, "time_iter_std": 0.0, "accuracy": 0.76047, "accuracy_std": 0.0, "precision": 0.76062, "precision_std": 0.0, "recall": 0.76357, "recall_std": 0.0, "f1": 0.76209, "f1_std": 0.0, "auc": 0.83819, "auc_std": 0.0}
{"epoch": 83, "time_epoch": 7.86872, "time_epoch_std": 0.0, "eta": 158.11498, "eta_std": 0.0, "eta_hours": 0.04392, "eta_hours_std": 0.0, "loss": 0.49786, "loss_std": 0.0, "lr": 7e-05, "lr_std": 0.0, "params": 5865.0, "params_std": 0.0, "time_iter": 0.061, "time_iter_std": 0.0, "accuracy": 0.75998, "accuracy_std": 0.0, "precision": 0.74977, "precision_std": 0.0, "recall": 0.78391, "recall_std": 0.0, "f1": 0.76646, "f1_std": 0.0, "auc": 0.83717, "auc_std": 0.0}
{"epoch": 84, "time_epoch": 9.17359, "time_epoch_std": 0.0, "eta": 148.10774, "eta_std": 0.0, "eta_hours": 0.04114, "eta_hours_std": 0.0, "loss": 0.50035, "loss_std": 0.0, "lr": 6e-05, "lr_std": 0.0, "params": 5865.0, "params_std": 0.0, "time_iter": 0.07111, "time_iter_std": 0.0, "accuracy": 0.75316, "accuracy_std": 0.0, "precision": 0.7512, "precision_std": 0.0, "recall": 0.76066, "recall_std": 0.0, "f1": 0.7559, "f1_std": 0.0, "auc": 0.83696, "auc_std": 0.0}
{"epoch": 85, "time_epoch": 9.22815, "time_epoch_std": 0.0, "eta": 138.12878, "eta_std": 0.0, "eta_hours": 0.03837, "eta_hours_std": 0.0, "loss": 0.49648, "loss_std": 0.0, "lr": 5e-05, "lr_std": 0.0, "params": 5865.0, "params_std": 0.0, "time_iter": 0.07154, "time_iter_std": 0.0, "accuracy": 0.76339, "accuracy_std": 0.0, "precision": 0.75562, "precision_std": 0.0, "recall": 0.78198, "recall_std": 0.0, "f1": 0.76857, "f1_std": 0.0, "auc": 0.83919, "auc_std": 0.0}
{"epoch": 86, "time_epoch": 8.55689, "time_epoch_std": 0.0, "eta": 128.06677, "eta_std": 0.0, "eta_hours": 0.03557, "eta_hours_std": 0.0, "loss": 0.49284, "loss_std": 0.0, "lr": 5e-05, "lr_std": 0.0, "params": 5865.0, "params_std": 0.0, "time_iter": 0.06633, "time_iter_std": 0.0, "accuracy": 0.75755, "accuracy_std": 0.0, "precision": 0.75284, "precision_std": 0.0, "recall": 0.77035, "recall_std": 0.0, "f1": 0.76149, "f1_std": 0.0, "auc": 0.84127, "auc_std": 0.0}
{"epoch": 87, "time_epoch": 9.19428, "time_epoch_std": 0.0, "eta": 118.12589, "eta_std": 0.0, "eta_hours": 0.03281, "eta_hours_std": 0.0, "loss": 0.49604, "loss_std": 0.0, "lr": 4e-05, "lr_std": 0.0, "params": 5865.0, "params_std": 0.0, "time_iter": 0.07127, "time_iter_std": 0.0, "accuracy": 0.76047, "accuracy_std": 0.0, "precision": 0.75763, "precision_std": 0.0, "recall": 0.76938, "recall_std": 0.0, "f1": 0.76346, "f1_std": 0.0, "auc": 0.83955, "auc_std": 0.0}
{"epoch": 88, "time_epoch": 9.5383, "time_epoch_std": 0.0, "eta": 108.2443, "eta_std": 0.0, "eta_hours": 0.03007, "eta_hours_std": 0.0, "loss": 0.50219, "loss_std": 0.0, "lr": 4e-05, "lr_std": 0.0, "params": 5865.0, "params_std": 0.0, "time_iter": 0.07394, "time_iter_std": 0.0, "accuracy": 0.7556, "accuracy_std": 0.0, "precision": 0.75286, "precision_std": 0.0, "recall": 0.76453, "recall_std": 0.0, "f1": 0.75865, "f1_std": 0.0, "auc": 0.83463, "auc_std": 0.0}
{"epoch": 89, "time_epoch": 9.38114, "time_epoch_std": 0.0, "eta": 98.35288, "eta_std": 0.0, "eta_hours": 0.02732, "eta_hours_std": 0.0, "loss": 0.49226, "loss_std": 0.0, "lr": 3e-05, "lr_std": 0.0, "params": 5865.0, "params_std": 0.0, "time_iter": 0.07272, "time_iter_std": 0.0, "accuracy": 0.7629, "accuracy_std": 0.0, "precision": 0.75683, "precision_std": 0.0, "recall": 0.7781, "recall_std": 0.0, "f1": 0.76732, "f1_std": 0.0, "auc": 0.84241, "auc_std": 0.0}
{"epoch": 90, "time_epoch": 8.48365, "time_epoch_std": 0.0, "eta": 88.38392, "eta_std": 0.0, "eta_hours": 0.02455, "eta_hours_std": 0.0, "loss": 0.49655, "loss_std": 0.0, "lr": 2e-05, "lr_std": 0.0, "params": 5865.0, "params_std": 0.0, "time_iter": 0.06576, "time_iter_std": 0.0, "accuracy": 0.74927, "accuracy_std": 0.0, "precision": 0.74502, "precision_std": 0.0, "recall": 0.76163, "recall_std": 0.0, "f1": 0.75323, "f1_std": 0.0, "auc": 0.8382, "auc_std": 0.0}
{"epoch": 91, "time_epoch": 8.47772, "time_epoch_std": 0.0, "eta": 78.44672, "eta_std": 0.0, "eta_hours": 0.02179, "eta_hours_std": 0.0, "loss": 0.49202, "loss_std": 0.0, "lr": 2e-05, "lr_std": 0.0, "params": 5865.0, "params_std": 0.0, "time_iter": 0.06572, "time_iter_std": 0.0, "accuracy": 0.75219, "accuracy_std": 0.0, "precision": 0.74929, "precision_std": 0.0, "recall": 0.76163, "recall_std": 0.0, "f1": 0.75541, "f1_std": 0.0, "auc": 0.84202, "auc_std": 0.0}
{"epoch": 92, "time_epoch": 9.00771, "time_epoch_std": 0.0, "eta": 68.58081, "eta_std": 0.0, "eta_hours": 0.01905, "eta_hours_std": 0.0, "loss": 0.49695, "loss_std": 0.0, "lr": 2e-05, "lr_std": 0.0, "params": 5865.0, "params_std": 0.0, "time_iter": 0.06983, "time_iter_std": 0.0, "accuracy": 0.74878, "accuracy_std": 0.0, "precision": 0.74022, "precision_std": 0.0, "recall": 0.77035, "recall_std": 0.0, "f1": 0.75499, "f1_std": 0.0, "auc": 0.83732, "auc_std": 0.0}
{"epoch": 93, "time_epoch": 8.77116, "time_epoch_std": 0.0, "eta": 58.71806, "eta_std": 0.0, "eta_hours": 0.01631, "eta_hours_std": 0.0, "loss": 0.50638, "loss_std": 0.0, "lr": 1e-05, "lr_std": 0.0, "params": 5865.0, "params_std": 0.0, "time_iter": 0.06799, "time_iter_std": 0.0, "accuracy": 0.7483, "accuracy_std": 0.0, "precision": 0.745, "precision_std": 0.0, "recall": 0.75872, "recall_std": 0.0, "f1": 0.7518, "f1_std": 0.0, "auc": 0.83121, "auc_std": 0.0}
{"epoch": 94, "time_epoch": 9.08589, "time_epoch_std": 0.0, "eta": 48.89485, "eta_std": 0.0, "eta_hours": 0.01358, "eta_hours_std": 0.0, "loss": 0.50363, "loss_std": 0.0, "lr": 1e-05, "lr_std": 0.0, "params": 5865.0, "params_std": 0.0, "time_iter": 0.07043, "time_iter_std": 0.0, "accuracy": 0.75219, "accuracy_std": 0.0, "precision": 0.74554, "precision_std": 0.0, "recall": 0.76938, "recall_std": 0.0, "f1": 0.75727, "f1_std": 0.0, "auc": 0.83322, "auc_std": 0.0}
{"epoch": 95, "time_epoch": 8.66022, "time_epoch_std": 0.0, "eta": 39.06926, "eta_std": 0.0, "eta_hours": 0.01085, "eta_hours_std": 0.0, "loss": 0.48792, "loss_std": 0.0, "lr": 1e-05, "lr_std": 0.0, "params": 5865.0, "params_std": 0.0, "time_iter": 0.06713, "time_iter_std": 0.0, "accuracy": 0.76144, "accuracy_std": 0.0, "precision": 0.75908, "precision_std": 0.0, "recall": 0.76938, "recall_std": 0.0, "f1": 0.7642, "f1_std": 0.0, "auc": 0.8442, "auc_std": 0.0}
{"epoch": 96, "time_epoch": 8.95758, "time_epoch_std": 0.0, "eta": 29.2769, "eta_std": 0.0, "eta_hours": 0.00813, "eta_hours_std": 0.0, "loss": 0.49311, "loss_std": 0.0, "lr": 0.0, "lr_std": 0.0, "params": 5865.0, "params_std": 0.0, "time_iter": 0.06944, "time_iter_std": 0.0, "accuracy": 0.76631, "accuracy_std": 0.0, "precision": 0.75891, "precision_std": 0.0, "recall": 0.78391, "recall_std": 0.0, "f1": 0.77121, "f1_std": 0.0, "auc": 0.84083, "auc_std": 0.0}
{"epoch": 97, "time_epoch": 9.08409, "time_epoch_std": 0.0, "eta": 19.50416, "eta_std": 0.0, "eta_hours": 0.00542, "eta_hours_std": 0.0, "loss": 0.49749, "loss_std": 0.0, "lr": 0.0, "lr_std": 0.0, "params": 5865.0, "params_std": 0.0, "time_iter": 0.07042, "time_iter_std": 0.0, "accuracy": 0.76047, "accuracy_std": 0.0, "precision": 0.75472, "precision_std": 0.0, "recall": 0.77519, "recall_std": 0.0, "f1": 0.76482, "f1_std": 0.0, "auc": 0.83884, "auc_std": 0.0}
{"epoch": 98, "time_epoch": 8.79184, "time_epoch_std": 0.0, "eta": 9.74238, "eta_std": 0.0, "eta_hours": 0.00271, "eta_hours_std": 0.0, "loss": 0.49732, "loss_std": 0.0, "lr": 0.0, "lr_std": 0.0, "params": 5865.0, "params_std": 0.0, "time_iter": 0.06815, "time_iter_std": 0.0, "accuracy": 0.75609, "accuracy_std": 0.0, "precision": 0.74561, "precision_std": 0.0, "recall": 0.78101, "recall_std": 0.0, "f1": 0.7629, "f1_std": 0.0, "auc": 0.83741, "auc_std": 0.0}
{"epoch": 99, "time_epoch": 8.86516, "time_epoch_std": 0.0, "eta": 0.0, "eta_std": 0.0, "eta_hours": 0.0, "eta_hours_std": 0.0, "loss": 0.49284, "loss_std": 0.0, "lr": 0.0, "lr_std": 0.0, "params": 5865.0, "params_std": 0.0, "time_iter": 0.06872, "time_iter_std": 0.0, "accuracy": 0.76728, "accuracy_std": 0.0, "precision": 0.75888, "precision_std": 0.0, "recall": 0.78682, "recall_std": 0.0, "f1": 0.7726, "f1_std": 0.0, "auc": 0.84153, "auc_std": 0.0}
