{"epoch": 0, "time_epoch": 27.49983, "time_epoch_std": 0.0, "eta": 2722.4836, "eta_std": 0.0, "eta_hours": 0.75625, "eta_hours_std": 0.0, "loss": 0.67178, "loss_std": 0.0, "lr": 0.001, "lr_std": 0.0, "params": 5865.0, "params_std": 0.0, "time_iter": 0.21318, "time_iter_std": 0.0, "accuracy": 0.60273, "accuracy_std": 0.0, "precision": 0.60736, "precision_std": 0.0, "recall": 0.59205, "recall_std": 0.0, "f1": 0.59961, "f1_std": 0.0, "auc": 0.64287, "auc_std": 0.0}
{"epoch": 1, "time_epoch": 9.34598, "time_epoch_std": 0.0, "eta": 1805.44466, "eta_std": 0.0, "eta_hours": 0.50151, "eta_hours_std": 0.0, "loss": 0.64096, "loss_std": 0.0, "lr": 0.001, "lr_std": 0.0, "params": 5865.0, "params_std": 0.0, "time_iter": 0.07245, "time_iter_std": 0.0, "accuracy": 0.6446, "accuracy_std": 0.0, "precision": 0.64632, "precision_std": 0.0, "recall": 0.64632, "recall_std": 0.0, "f1": 0.64632, "f1_std": 0.0, "auc": 0.689, "auc_std": 0.0}
{"epoch": 2, "time_epoch": 9.17622, "time_epoch_std": 0.0, "eta": 1488.04556, "eta_std": 0.0, "eta_hours": 0.41335, "eta_hours_std": 0.0, "loss": 0.62894, "loss_std": 0.0, "lr": 0.001, "lr_std": 0.0, "params": 5865.0, "params_std": 0.0, "time_iter": 0.07113, "time_iter_std": 0.0, "accuracy": 0.64362, "accuracy_std": 0.0, "precision": 0.654, "precision_std": 0.0, "recall": 0.61725, "recall_std": 0.0, "f1": 0.63509, "f1_std": 0.0, "auc": 0.7025, "auc_std": 0.0}
{"epoch": 3, "time_epoch": 9.24771, "time_epoch_std": 0.0, "eta": 1326.47373, "eta_std": 0.0, "eta_hours": 0.36846, "eta_hours_std": 0.0, "loss": 0.62636, "loss_std": 0.0, "lr": 0.001, "lr_std": 0.0, "params": 5865.0, "params_std": 0.0, "time_iter": 0.07169, "time_iter_std": 0.0, "accuracy": 0.64752, "accuracy_std": 0.0, "precision": 0.66383, "precision_std": 0.0, "recall": 0.60465, "recall_std": 0.0, "f1": 0.63286, "f1_std": 0.0, "auc": 0.70435, "auc_std": 0.0}
{"epoch": 4, "time_epoch": 9.50722, "time_epoch_std": 0.0, "eta": 1230.76217, "eta_std": 0.0, "eta_hours": 0.34188, "eta_hours_std": 0.0, "loss": 0.62644, "loss_std": 0.0, "lr": 0.001, "lr_std": 0.0, "params": 5865.0, "params_std": 0.0, "time_iter": 0.0737, "time_iter_std": 0.0, "accuracy": 0.64946, "accuracy_std": 0.0, "precision": 0.66421, "precision_std": 0.0, "recall": 0.61143, "recall_std": 0.0, "f1": 0.63673, "f1_std": 0.0, "auc": 0.70388, "auc_std": 0.0}
{"epoch": 5, "time_epoch": 9.38744, "time_epoch_std": 0.0, "eta": 1161.90881, "eta_std": 0.0, "eta_hours": 0.32275, "eta_hours_std": 0.0, "loss": 0.61519, "loss_std": 0.0, "lr": 0.00099, "lr_std": 0.0, "params": 5865.0, "params_std": 0.0, "time_iter": 0.07277, "time_iter_std": 0.0, "accuracy": 0.66018, "accuracy_std": 0.0, "precision": 0.6736, "precision_std": 0.0, "recall": 0.62791, "recall_std": 0.0, "f1": 0.64995, "f1_std": 0.0, "auc": 0.71881, "auc_std": 0.0}
{"epoch": 6, "time_epoch": 9.45683, "time_epoch_std": 0.0, "eta": 1110.96762, "eta_std": 0.0, "eta_hours": 0.3086, "eta_hours_std": 0.0, "loss": 0.61205, "loss_std": 0.0, "lr": 0.00099, "lr_std": 0.0, "params": 5865.0, "params_std": 0.0, "time_iter": 0.07331, "time_iter_std": 0.0, "accuracy": 0.66553, "accuracy_std": 0.0, "precision": 0.68215, "precision_std": 0.0, "recall": 0.62597, "recall_std": 0.0, "f1": 0.65285, "f1_std": 0.0, "auc": 0.72011, "auc_std": 0.0}
{"epoch": 7, "time_epoch": 8.81648, "time_epoch_std": 0.0, "eta": 1063.0335, "eta_std": 0.0, "eta_hours": 0.29529, "eta_hours_std": 0.0, "loss": 0.60622, "loss_std": 0.0, "lr": 0.00099, "lr_std": 0.0, "params": 5865.0, "params_std": 0.0, "time_iter": 0.06834, "time_iter_std": 0.0, "accuracy": 0.65239, "accuracy_std": 0.0, "precision": 0.65996, "precision_std": 0.0, "recall": 0.63566, "recall_std": 0.0, "f1": 0.64758, "f1_std": 0.0, "auc": 0.72699, "auc_std": 0.0}
{"epoch": 8, "time_epoch": 9.49627, "time_epoch_std": 0.0, "eta": 1030.66569, "eta_std": 0.0, "eta_hours": 0.2863, "eta_hours_std": 0.0, "loss": 0.60229, "loss_std": 0.0, "lr": 0.00098, "lr_std": 0.0, "params": 5865.0, "params_std": 0.0, "time_iter": 0.07361, "time_iter_std": 0.0, "accuracy": 0.66894, "accuracy_std": 0.0, "precision": 0.68884, "precision_std": 0.0, "recall": 0.62209, "recall_std": 0.0, "f1": 0.65377, "f1_std": 0.0, "auc": 0.72803, "auc_std": 0.0}
{"epoch": 9, "time_epoch": 8.87902, "time_epoch_std": 0.0, "eta": 997.31691, "eta_std": 0.0, "eta_hours": 0.27703, "eta_hours_std": 0.0, "loss": 0.60623, "loss_std": 0.0, "lr": 0.00098, "lr_std": 0.0, "params": 5865.0, "params_std": 0.0, "time_iter": 0.06883, "time_iter_std": 0.0, "accuracy": 0.67137, "accuracy_std": 0.0, "precision": 0.6968, "precision_std": 0.0, "recall": 0.6124, "recall_std": 0.0, "f1": 0.65188, "f1_std": 0.0, "auc": 0.72621, "auc_std": 0.0}
{"epoch": 10, "time_epoch": 10.1027, "time_epoch_std": 0.0, "eta": 978.31782, "eta_std": 0.0, "eta_hours": 0.27175, "eta_hours_std": 0.0, "loss": 0.59848, "loss_std": 0.0, "lr": 0.00098, "lr_std": 0.0, "params": 5865.0, "params_std": 0.0, "time_iter": 0.07832, "time_iter_std": 0.0, "accuracy": 0.67332, "accuracy_std": 0.0, "precision": 0.70033, "precision_std": 0.0, "recall": 0.61143, "recall_std": 0.0, "f1": 0.65287, "f1_std": 0.0, "auc": 0.7341, "auc_std": 0.0}
{"epoch": 11, "time_epoch": 8.76923, "time_epoch_std": 0.0, "eta": 951.02273, "eta_std": 0.0, "eta_hours": 0.26417, "eta_hours_std": 0.0, "loss": 0.5987, "loss_std": 0.0, "lr": 0.00097, "lr_std": 0.0, "params": 5865.0, "params_std": 0.0, "time_iter": 0.06798, "time_iter_std": 0.0, "accuracy": 0.66456, "accuracy_std": 0.0, "precision": 0.67846, "precision_std": 0.0, "recall": 0.63178, "recall_std": 0.0, "f1": 0.65429, "f1_std": 0.0, "auc": 0.7349, "auc_std": 0.0}
{"epoch": 12, "time_epoch": 8.90064, "time_epoch_std": 0.0, "eta": 927.45719, "eta_std": 0.0, "eta_hours": 0.25763, "eta_hours_std": 0.0, "loss": 0.5929, "loss_std": 0.0, "lr": 0.00096, "lr_std": 0.0, "params": 5865.0, "params_std": 0.0, "time_iter": 0.069, "time_iter_std": 0.0, "accuracy": 0.67868, "accuracy_std": 0.0, "precision": 0.69957, "precision_std": 0.0, "recall": 0.63178, "recall_std": 0.0, "f1": 0.66395, "f1_std": 0.0, "auc": 0.74192, "auc_std": 0.0}
{"epoch": 13, "time_epoch": 9.74242, "time_epoch_std": 0.0, "eta": 911.15759, "eta_std": 0.0, "eta_hours": 0.2531, "eta_hours_std": 0.0, "loss": 0.59575, "loss_std": 0.0, "lr": 0.00096, "lr_std": 0.0, "params": 5865.0, "params_std": 0.0, "time_iter": 0.07552, "time_iter_std": 0.0, "accuracy": 0.67186, "accuracy_std": 0.0, "precision": 0.68378, "precision_std": 0.0, "recall": 0.64535, "recall_std": 0.0, "f1": 0.66401, "f1_std": 0.0, "auc": 0.73921, "auc_std": 0.0}
{"epoch": 14, "time_epoch": 8.88405, "time_epoch_std": 0.0, "eta": 890.86817, "eta_std": 0.0, "eta_hours": 0.24746, "eta_hours_std": 0.0, "loss": 0.5854, "loss_std": 0.0, "lr": 0.00095, "lr_std": 0.0, "params": 5865.0, "params_std": 0.0, "time_iter": 0.06887, "time_iter_std": 0.0, "accuracy": 0.68647, "accuracy_std": 0.0, "precision": 0.71413, "precision_std": 0.0, "recall": 0.62694, "recall_std": 0.0, "f1": 0.6677, "f1_std": 0.0, "auc": 0.74993, "auc_std": 0.0}
{"epoch": 15, "time_epoch": 22.00612, "time_epoch_std": 0.0, "eta": 940.89528, "eta_std": 0.0, "eta_hours": 0.26136, "eta_hours_std": 0.0, "loss": 0.5875, "loss_std": 0.0, "lr": 0.00095, "lr_std": 0.0, "params": 5865.0, "params_std": 0.0, "time_iter": 0.17059, "time_iter_std": 0.0, "accuracy": 0.67235, "accuracy_std": 0.0, "precision": 0.6864, "precision_std": 0.0, "recall": 0.6405, "recall_std": 0.0, "f1": 0.66266, "f1_std": 0.0, "auc": 0.74968, "auc_std": 0.0}
{"epoch": 16, "time_epoch": 19.97433, "time_epoch_std": 0.0, "eta": 972.52798, "eta_std": 0.0, "eta_hours": 0.27015, "eta_hours_std": 0.0, "loss": 0.58717, "loss_std": 0.0, "lr": 0.00094, "lr_std": 0.0, "params": 5865.0, "params_std": 0.0, "time_iter": 0.15484, "time_iter_std": 0.0, "accuracy": 0.68062, "accuracy_std": 0.0, "precision": 0.69958, "precision_std": 0.0, "recall": 0.63857, "recall_std": 0.0, "f1": 0.66768, "f1_std": 0.0, "auc": 0.74845, "auc_std": 0.0}
{"epoch": 17, "time_epoch": 19.97084, "time_epoch_std": 0.0, "eta": 998.41069, "eta_std": 0.0, "eta_hours": 0.27734, "eta_hours_std": 0.0, "loss": 0.58257, "loss_std": 0.0, "lr": 0.00093, "lr_std": 0.0, "params": 5865.0, "params_std": 0.0, "time_iter": 0.15481, "time_iter_std": 0.0, "accuracy": 0.67089, "accuracy_std": 0.0, "precision": 0.6956, "precision_std": 0.0, "recall": 0.61337, "recall_std": 0.0, "f1": 0.65191, "f1_std": 0.0, "auc": 0.75046, "auc_std": 0.0}
{"epoch": 18, "time_epoch": 21.34229, "time_epoch_std": 0.0, "eta": 1025.31342, "eta_std": 0.0, "eta_hours": 0.28481, "eta_hours_std": 0.0, "loss": 0.5823, "loss_std": 0.0, "lr": 0.00092, "lr_std": 0.0, "params": 5865.0, "params_std": 0.0, "time_iter": 0.16544, "time_iter_std": 0.0, "accuracy": 0.68939, "accuracy_std": 0.0, "precision": 0.7065, "precision_std": 0.0, "recall": 0.6531, "recall_std": 0.0, "f1": 0.67875, "f1_std": 0.0, "auc": 0.75327, "auc_std": 0.0}
{"epoch": 19, "time_epoch": 17.39987, "time_epoch_std": 0.0, "eta": 1031.62196, "eta_std": 0.0, "eta_hours": 0.28656, "eta_hours_std": 0.0, "loss": 0.58091, "loss_std": 0.0, "lr": 0.00091, "lr_std": 0.0, "params": 5865.0, "params_std": 0.0, "time_iter": 0.13488, "time_iter_std": 0.0, "accuracy": 0.68549, "accuracy_std": 0.0, "precision": 0.70062, "precision_std": 0.0, "recall": 0.6531, "recall_std": 0.0, "f1": 0.67603, "f1_std": 0.0, "auc": 0.75652, "auc_std": 0.0}
{"epoch": 20, "time_epoch": 17.31739, "time_epoch_std": 0.0, "eta": 1035.36226, "eta_std": 0.0, "eta_hours": 0.2876, "eta_hours_std": 0.0, "loss": 0.57668, "loss_std": 0.0, "lr": 0.0009, "lr_std": 0.0, "params": 5865.0, "params_std": 0.0, "time_iter": 0.13424, "time_iter_std": 0.0, "accuracy": 0.68014, "accuracy_std": 0.0, "precision": 0.69231, "precision_std": 0.0, "recall": 0.65407, "recall_std": 0.0, "f1": 0.67265, "f1_std": 0.0, "auc": 0.76025, "auc_std": 0.0}
{"epoch": 21, "time_epoch": 18.02019, "time_epoch_std": 0.0, "eta": 1039.67997, "eta_std": 0.0, "eta_hours": 0.2888, "eta_hours_std": 0.0, "loss": 0.58098, "loss_std": 0.0, "lr": 0.0009, "lr_std": 0.0, "params": 5865.0, "params_std": 0.0, "time_iter": 0.13969, "time_iter_std": 0.0, "accuracy": 0.69133, "accuracy_std": 0.0, "precision": 0.70515, "precision_std": 0.0, "recall": 0.66279, "recall_std": 0.0, "f1": 0.68332, "f1_std": 0.0, "auc": 0.75964, "auc_std": 0.0}
{"epoch": 22, "time_epoch": 17.46988, "time_epoch_std": 0.0, "eta": 1040.21292, "eta_std": 0.0, "eta_hours": 0.28895, "eta_hours_std": 0.0, "loss": 0.57676, "loss_std": 0.0, "lr": 0.00089, "lr_std": 0.0, "params": 5865.0, "params_std": 0.0, "time_iter": 0.13543, "time_iter_std": 0.0, "accuracy": 0.68793, "accuracy_std": 0.0, "precision": 0.7001, "precision_std": 0.0, "recall": 0.66279, "recall_std": 0.0, "f1": 0.68094, "f1_std": 0.0, "auc": 0.7611, "auc_std": 0.0}
{"epoch": 23, "time_epoch": 18.91228, "time_epoch_std": 0.0, "eta": 1043.81324, "eta_std": 0.0, "eta_hours": 0.28995, "eta_hours_std": 0.0, "loss": 0.5741, "loss_std": 0.0, "lr": 0.00088, "lr_std": 0.0, "params": 5865.0, "params_std": 0.0, "time_iter": 0.14661, "time_iter_std": 0.0, "accuracy": 0.69328, "accuracy_std": 0.0, "precision": 0.69901, "precision_std": 0.0, "recall": 0.68411, "recall_std": 0.0, "f1": 0.69148, "f1_std": 0.0, "auc": 0.76796, "auc_std": 0.0}
{"epoch": 24, "time_epoch": 18.32494, "time_epoch_std": 0.0, "eta": 1043.85053, "eta_std": 0.0, "eta_hours": 0.28996, "eta_hours_std": 0.0, "loss": 0.57087, "loss_std": 0.0, "lr": 0.00086, "lr_std": 0.0, "params": 5865.0, "params_std": 0.0, "time_iter": 0.14205, "time_iter_std": 0.0, "accuracy": 0.68647, "accuracy_std": 0.0, "precision": 0.69361, "precision_std": 0.0, "recall": 0.67345, "recall_std": 0.0, "f1": 0.68338, "f1_std": 0.0, "auc": 0.77086, "auc_std": 0.0}
{"epoch": 25, "time_epoch": 17.60979, "time_epoch_std": 0.0, "eta": 1040.4399, "eta_std": 0.0, "eta_hours": 0.28901, "eta_hours_std": 0.0, "loss": 0.55919, "loss_std": 0.0, "lr": 0.00085, "lr_std": 0.0, "params": 5865.0, "params_std": 0.0, "time_iter": 0.13651, "time_iter_std": 0.0, "accuracy": 0.70253, "accuracy_std": 0.0, "precision": 0.71859, "precision_std": 0.0, "recall": 0.67054, "recall_std": 0.0, "f1": 0.69373, "f1_std": 0.0, "auc": 0.78077, "auc_std": 0.0}
{"epoch": 26, "time_epoch": 15.41533, "time_epoch_std": 0.0, "eta": 1030.04431, "eta_std": 0.0, "eta_hours": 0.28612, "eta_hours_std": 0.0, "loss": 0.56744, "loss_std": 0.0, "lr": 0.00084, "lr_std": 0.0, "params": 5865.0, "params_std": 0.0, "time_iter": 0.1195, "time_iter_std": 0.0, "accuracy": 0.70545, "accuracy_std": 0.0, "precision": 0.71675, "precision_std": 0.0, "recall": 0.68411, "recall_std": 0.0, "f1": 0.70005, "f1_std": 0.0, "auc": 0.77764, "auc_std": 0.0}
{"epoch": 27, "time_epoch": 8.88634, "time_epoch_std": 0.0, "eta": 1002.50135, "eta_std": 0.0, "eta_hours": 0.27847, "eta_hours_std": 0.0, "loss": 0.56505, "loss_std": 0.0, "lr": 0.00083, "lr_std": 0.0, "params": 5865.0, "params_std": 0.0, "time_iter": 0.06889, "time_iter_std": 0.0, "accuracy": 0.7074, "accuracy_std": 0.0, "precision": 0.70862, "precision_std": 0.0, "recall": 0.7093, "recall_std": 0.0, "f1": 0.70896, "f1_std": 0.0, "auc": 0.77964, "auc_std": 0.0}
{"epoch": 28, "time_epoch": 9.08928, "time_epoch_std": 0.0, "eta": 976.7419, "eta_std": 0.0, "eta_hours": 0.27132, "eta_hours_std": 0.0, "loss": 0.55958, "loss_std": 0.0, "lr": 0.00082, "lr_std": 0.0, "params": 5865.0, "params_std": 0.0, "time_iter": 0.07046, "time_iter_std": 0.0, "accuracy": 0.70448, "accuracy_std": 0.0, "precision": 0.70895, "precision_std": 0.0, "recall": 0.69864, "recall_std": 0.0, "f1": 0.70376, "f1_std": 0.0, "auc": 0.78054, "auc_std": 0.0}
{"epoch": 29, "time_epoch": 9.53476, "time_epoch_std": 0.0, "eta": 953.13323, "eta_std": 0.0, "eta_hours": 0.26476, "eta_hours_std": 0.0, "loss": 0.55291, "loss_std": 0.0, "lr": 0.00081, "lr_std": 0.0, "params": 5865.0, "params_std": 0.0, "time_iter": 0.07391, "time_iter_std": 0.0, "accuracy": 0.71665, "accuracy_std": 0.0, "precision": 0.73006, "precision_std": 0.0, "recall": 0.69186, "recall_std": 0.0, "f1": 0.71045, "f1_std": 0.0, "auc": 0.79183, "auc_std": 0.0}
{"epoch": 30, "time_epoch": 9.42453, "time_epoch_std": 0.0, "eta": 930.18723, "eta_std": 0.0, "eta_hours": 0.25839, "eta_hours_std": 0.0, "loss": 0.5546, "loss_std": 0.0, "lr": 0.00079, "lr_std": 0.0, "params": 5865.0, "params_std": 0.0, "time_iter": 0.07306, "time_iter_std": 0.0, "accuracy": 0.71227, "accuracy_std": 0.0, "precision": 0.70285, "precision_std": 0.0, "recall": 0.74031, "recall_std": 0.0, "f1": 0.72109, "f1_std": 0.0, "auc": 0.78829, "auc_std": 0.0}
{"epoch": 31, "time_epoch": 8.90049, "time_epoch_std": 0.0, "eta": 906.97273, "eta_std": 0.0, "eta_hours": 0.25194, "eta_hours_std": 0.0, "loss": 0.54593, "loss_std": 0.0, "lr": 0.00078, "lr_std": 0.0, "params": 5865.0, "params_std": 0.0, "time_iter": 0.069, "time_iter_std": 0.0, "accuracy": 0.71373, "accuracy_std": 0.0, "precision": 0.7198, "precision_std": 0.0, "recall": 0.70446, "recall_std": 0.0, "f1": 0.71205, "f1_std": 0.0, "auc": 0.79586, "auc_std": 0.0}
{"epoch": 32, "time_epoch": 9.15492, "time_epoch_std": 0.0, "eta": 885.14232, "eta_std": 0.0, "eta_hours": 0.24587, "eta_hours_std": 0.0, "loss": 0.5495, "loss_std": 0.0, "lr": 0.00077, "lr_std": 0.0, "params": 5865.0, "params_std": 0.0, "time_iter": 0.07097, "time_iter_std": 0.0, "accuracy": 0.7186, "accuracy_std": 0.0, "precision": 0.72082, "precision_std": 0.0, "recall": 0.71802, "recall_std": 0.0, "f1": 0.71942, "f1_std": 0.0, "auc": 0.79551, "auc_std": 0.0}
{"epoch": 33, "time_epoch": 9.51537, "time_epoch_std": 0.0, "eta": 864.75723, "eta_std": 0.0, "eta_hours": 0.24021, "eta_hours_std": 0.0, "loss": 0.54852, "loss_std": 0.0, "lr": 0.00075, "lr_std": 0.0, "params": 5865.0, "params_std": 0.0, "time_iter": 0.07376, "time_iter_std": 0.0, "accuracy": 0.73759, "accuracy_std": 0.0, "precision": 0.74824, "precision_std": 0.0, "recall": 0.71996, "recall_std": 0.0, "f1": 0.73383, "f1_std": 0.0, "auc": 0.79651, "auc_std": 0.0}
{"epoch": 34, "time_epoch": 9.15109, "time_epoch_std": 0.0, "eta": 844.31674, "eta_std": 0.0, "eta_hours": 0.23453, "eta_hours_std": 0.0, "loss": 0.55213, "loss_std": 0.0, "lr": 0.00074, "lr_std": 0.0, "params": 5865.0, "params_std": 0.0, "time_iter": 0.07094, "time_iter_std": 0.0, "accuracy": 0.71665, "accuracy_std": 0.0, "precision": 0.71593, "precision_std": 0.0, "recall": 0.72287, "recall_std": 0.0, "f1": 0.71938, "f1_std": 0.0, "auc": 0.79001, "auc_std": 0.0}
{"epoch": 35, "time_epoch": 9.19883, "time_epoch_std": 0.0, "eta": 824.5883, "eta_std": 0.0, "eta_hours": 0.22905, "eta_hours_std": 0.0, "loss": 0.54445, "loss_std": 0.0, "lr": 0.00073, "lr_std": 0.0, "params": 5865.0, "params_std": 0.0, "time_iter": 0.07131, "time_iter_std": 0.0, "accuracy": 0.72006, "accuracy_std": 0.0, "precision": 0.72782, "precision_std": 0.0, "recall": 0.70736, "recall_std": 0.0, "f1": 0.71744, "f1_std": 0.0, "auc": 0.79645, "auc_std": 0.0}
{"epoch": 36, "time_epoch": 9.65719, "time_epoch_std": 0.0, "eta": 806.20948, "eta_std": 0.0, "eta_hours": 0.22395, "eta_hours_std": 0.0, "loss": 0.54496, "loss_std": 0.0, "lr": 0.00071, "lr_std": 0.0, "params": 5865.0, "params_std": 0.0, "time_iter": 0.07486, "time_iter_std": 0.0, "accuracy": 0.72201, "accuracy_std": 0.0, "precision": 0.72844, "precision_std": 0.0, "recall": 0.71221, "recall_std": 0.0, "f1": 0.72024, "f1_std": 0.0, "auc": 0.79586, "auc_std": 0.0}
{"epoch": 37, "time_epoch": 9.18273, "time_epoch_std": 0.0, "eta": 787.51559, "eta_std": 0.0, "eta_hours": 0.21875, "eta_hours_std": 0.0, "loss": 0.54228, "loss_std": 0.0, "lr": 0.0007, "lr_std": 0.0, "params": 5865.0, "params_std": 0.0, "time_iter": 0.07118, "time_iter_std": 0.0, "accuracy": 0.72882, "accuracy_std": 0.0, "precision": 0.73081, "precision_std": 0.0, "recall": 0.72868, "recall_std": 0.0, "f1": 0.72974, "f1_std": 0.0, "auc": 0.80232, "auc_std": 0.0}
{"epoch": 38, "time_epoch": 9.52703, "time_epoch_std": 0.0, "eta": 769.84796, "eta_std": 0.0, "eta_hours": 0.21385, "eta_hours_std": 0.0, "loss": 0.5382, "loss_std": 0.0, "lr": 0.00068, "lr_std": 0.0, "params": 5865.0, "params_std": 0.0, "time_iter": 0.07385, "time_iter_std": 0.0, "accuracy": 0.72493, "accuracy_std": 0.0, "precision": 0.7278, "precision_std": 0.0, "recall": 0.72287, "recall_std": 0.0, "f1": 0.72533, "f1_std": 0.0, "auc": 0.80511, "auc_std": 0.0}
{"epoch": 39, "time_epoch": 9.26413, "time_epoch_std": 0.0, "eta": 752.193, "eta_std": 0.0, "eta_hours": 0.20894, "eta_hours_std": 0.0, "loss": 0.54062, "loss_std": 0.0, "lr": 0.00067, "lr_std": 0.0, "params": 5865.0, "params_std": 0.0, "time_iter": 0.07181, "time_iter_std": 0.0, "accuracy": 0.72395, "accuracy_std": 0.0, "precision": 0.72683, "precision_std": 0.0, "recall": 0.7219, "recall_std": 0.0, "f1": 0.72436, "f1_std": 0.0, "auc": 0.80268, "auc_std": 0.0}
{"epoch": 40, "time_epoch": 9.06878, "time_epoch_std": 0.0, "eta": 734.66624, "eta_std": 0.0, "eta_hours": 0.20407, "eta_hours_std": 0.0, "loss": 0.53995, "loss_std": 0.0, "lr": 0.00065, "lr_std": 0.0, "params": 5865.0, "params_std": 0.0, "time_iter": 0.0703, "time_iter_std": 0.0, "accuracy": 0.72687, "accuracy_std": 0.0, "precision": 0.72798, "precision_std": 0.0, "recall": 0.72868, "recall_std": 0.0, "f1": 0.72833, "f1_std": 0.0, "auc": 0.80467, "auc_std": 0.0}
{"epoch": 41, "time_epoch": 9.43158, "time_epoch_std": 0.0, "eta": 718.04325, "eta_std": 0.0, "eta_hours": 0.19946, "eta_hours_std": 0.0, "loss": 0.53735, "loss_std": 0.0, "lr": 0.00064, "lr_std": 0.0, "params": 5865.0, "params_std": 0.0, "time_iter": 0.07311, "time_iter_std": 0.0, "accuracy": 0.72201, "accuracy_std": 0.0, "precision": 0.72709, "precision_std": 0.0, "recall": 0.71512, "recall_std": 0.0, "f1": 0.72106, "f1_std": 0.0, "auc": 0.80663, "auc_std": 0.0}
{"epoch": 42, "time_epoch": 9.83247, "time_epoch_std": 0.0, "eta": 702.28616, "eta_std": 0.0, "eta_hours": 0.19508, "eta_hours_std": 0.0, "loss": 0.52254, "loss_std": 0.0, "lr": 0.00062, "lr_std": 0.0, "params": 5865.0, "params_std": 0.0, "time_iter": 0.07622, "time_iter_std": 0.0, "accuracy": 0.74099, "accuracy_std": 0.0, "precision": 0.73629, "precision_std": 0.0, "recall": 0.75484, "recall_std": 0.0, "f1": 0.74545, "f1_std": 0.0, "auc": 0.8186, "auc_std": 0.0}
{"epoch": 43, "time_epoch": 9.70357, "time_epoch_std": 0.0, "eta": 686.63432, "eta_std": 0.0, "eta_hours": 0.19073, "eta_hours_std": 0.0, "loss": 0.53188, "loss_std": 0.0, "lr": 0.00061, "lr_std": 0.0, "params": 5865.0, "params_std": 0.0, "time_iter": 0.07522, "time_iter_std": 0.0, "accuracy": 0.73807, "accuracy_std": 0.0, "precision": 0.74216, "precision_std": 0.0, "recall": 0.73353, "recall_std": 0.0, "f1": 0.73782, "f1_std": 0.0, "auc": 0.80992, "auc_std": 0.0}
{"epoch": 44, "time_epoch": 8.91387, "time_epoch_std": 0.0, "eta": 670.28166, "eta_std": 0.0, "eta_hours": 0.18619, "eta_hours_std": 0.0, "loss": 0.53659, "loss_std": 0.0, "lr": 0.00059, "lr_std": 0.0, "params": 5865.0, "params_std": 0.0, "time_iter": 0.0691, "time_iter_std": 0.0, "accuracy": 0.72833, "accuracy_std": 0.0, "precision": 0.73145, "precision_std": 0.0, "recall": 0.72578, "recall_std": 0.0, "f1": 0.7286, "f1_std": 0.0, "auc": 0.80908, "auc_std": 0.0}
{"epoch": 45, "time_epoch": 9.41406, "time_epoch_std": 0.0, "eta": 654.83961, "eta_std": 0.0, "eta_hours": 0.1819, "eta_hours_std": 0.0, "loss": 0.53468, "loss_std": 0.0, "lr": 0.00058, "lr_std": 0.0, "params": 5865.0, "params_std": 0.0, "time_iter": 0.07298, "time_iter_std": 0.0, "accuracy": 0.7332, "accuracy_std": 0.0, "precision": 0.72873, "precision_std": 0.0, "recall": 0.74709, "recall_std": 0.0, "f1": 0.7378, "f1_std": 0.0, "auc": 0.80786, "auc_std": 0.0}
{"epoch": 46, "time_epoch": 8.94689, "time_epoch_std": 0.0, "eta": 639.12725, "eta_std": 0.0, "eta_hours": 0.17754, "eta_hours_std": 0.0, "loss": 0.52662, "loss_std": 0.0, "lr": 0.00056, "lr_std": 0.0, "params": 5865.0, "params_std": 0.0, "time_iter": 0.06936, "time_iter_std": 0.0, "accuracy": 0.74051, "accuracy_std": 0.0, "precision": 0.74533, "precision_std": 0.0, "recall": 0.7345, "recall_std": 0.0, "f1": 0.73987, "f1_std": 0.0, "auc": 0.8163, "auc_std": 0.0}
{"epoch": 47, "time_epoch": 9.63719, "time_epoch_std": 0.0, "eta": 624.44462, "eta_std": 0.0, "eta_hours": 0.17346, "eta_hours_std": 0.0, "loss": 0.53299, "loss_std": 0.0, "lr": 0.00055, "lr_std": 0.0, "params": 5865.0, "params_std": 0.0, "time_iter": 0.07471, "time_iter_std": 0.0, "accuracy": 0.73223, "accuracy_std": 0.0, "precision": 0.72865, "precision_std": 0.0, "recall": 0.74419, "recall_std": 0.0, "f1": 0.73634, "f1_std": 0.0, "auc": 0.80992, "auc_std": 0.0}
{"epoch": 48, "time_epoch": 9.93725, "time_epoch_std": 0.0, "eta": 610.28022, "eta_std": 0.0, "eta_hours": 0.16952, "eta_hours_std": 0.0, "loss": 0.53065, "loss_std": 0.0, "lr": 0.00053, "lr_std": 0.0, "params": 5865.0, "params_std": 0.0, "time_iter": 0.07703, "time_iter_std": 0.0, "accuracy": 0.72833, "accuracy_std": 0.0, "precision": 0.72443, "precision_std": 0.0, "recall": 0.74128, "recall_std": 0.0, "f1": 0.73276, "f1_std": 0.0, "auc": 0.81291, "auc_std": 0.0}
{"epoch": 49, "time_epoch": 8.84036, "time_epoch_std": 0.0, "eta": 595.18802, "eta_std": 0.0, "eta_hours": 0.16533, "eta_hours_std": 0.0, "loss": 0.52975, "loss_std": 0.0, "lr": 0.00052, "lr_std": 0.0, "params": 5865.0, "params_std": 0.0, "time_iter": 0.06853, "time_iter_std": 0.0, "accuracy": 0.73661, "accuracy_std": 0.0, "precision": 0.73493, "precision_std": 0.0, "recall": 0.74419, "recall_std": 0.0, "f1": 0.73953, "f1_std": 0.0, "auc": 0.81235, "auc_std": 0.0}
{"epoch": 50, "time_epoch": 9.34267, "time_epoch_std": 0.0, "eta": 580.8236, "eta_std": 0.0, "eta_hours": 0.16134, "eta_hours_std": 0.0, "loss": 0.53191, "loss_std": 0.0, "lr": 0.0005, "lr_std": 0.0, "params": 5865.0, "params_std": 0.0, "time_iter": 0.07242, "time_iter_std": 0.0, "accuracy": 0.73272, "accuracy_std": 0.0, "precision": 0.72934, "precision_std": 0.0, "recall": 0.74419, "recall_std": 0.0, "f1": 0.73669, "f1_std": 0.0, "auc": 0.81035, "auc_std": 0.0}
{"epoch": 51, "time_epoch": 9.36402, "time_epoch_std": 0.0, "eta": 566.67203, "eta_std": 0.0, "eta_hours": 0.15741, "eta_hours_std": 0.0, "loss": 0.52962, "loss_std": 0.0, "lr": 0.00048, "lr_std": 0.0, "params": 5865.0, "params_std": 0.0, "time_iter": 0.07259, "time_iter_std": 0.0, "accuracy": 0.7332, "accuracy_std": 0.0, "precision": 0.73404, "precision_std": 0.0, "recall": 0.73547, "recall_std": 0.0, "f1": 0.73475, "f1_std": 0.0, "auc": 0.8149, "auc_std": 0.0}
{"epoch": 52, "time_epoch": 9.15634, "time_epoch_std": 0.0, "eta": 552.51696, "eta_std": 0.0, "eta_hours": 0.15348, "eta_hours_std": 0.0, "loss": 0.52616, "loss_std": 0.0, "lr": 0.00047, "lr_std": 0.0, "params": 5865.0, "params_std": 0.0, "time_iter": 0.07098, "time_iter_std": 0.0, "accuracy": 0.73126, "accuracy_std": 0.0, "precision": 0.73301, "precision_std": 0.0, "recall": 0.73159, "recall_std": 0.0, "f1": 0.7323, "f1_std": 0.0, "auc": 0.81487, "auc_std": 0.0}
{"epoch": 53, "time_epoch": 9.13305, "time_epoch_std": 0.0, "eta": 538.52719, "eta_std": 0.0, "eta_hours": 0.14959, "eta_hours_std": 0.0, "loss": 0.52879, "loss_std": 0.0, "lr": 0.00045, "lr_std": 0.0, "params": 5865.0, "params_std": 0.0, "time_iter": 0.0708, "time_iter_std": 0.0, "accuracy": 0.73661, "accuracy_std": 0.0, "precision": 0.73008, "precision_std": 0.0, "recall": 0.75484, "recall_std": 0.0, "f1": 0.74226, "f1_std": 0.0, "auc": 0.81369, "auc_std": 0.0}
{"epoch": 54, "time_epoch": 8.58347, "time_epoch_std": 0.0, "eta": 524.26436, "eta_std": 0.0, "eta_hours": 0.14563, "eta_hours_std": 0.0, "loss": 0.52143, "loss_std": 0.0, "lr": 0.00044, "lr_std": 0.0, "params": 5865.0, "params_std": 0.0, "time_iter": 0.06654, "time_iter_std": 0.0, "accuracy": 0.74732, "accuracy_std": 0.0, "precision": 0.7413, "precision_std": 0.0, "recall": 0.76357, "recall_std": 0.0, "f1": 0.75227, "f1_std": 0.0, "auc": 0.81965, "auc_std": 0.0}
{"epoch": 55, "time_epoch": 9.21028, "time_epoch_std": 0.0, "eta": 510.69687, "eta_std": 0.0, "eta_hours": 0.14186, "eta_hours_std": 0.0, "loss": 0.52814, "loss_std": 0.0, "lr": 0.00042, "lr_std": 0.0, "params": 5865.0, "params_std": 0.0, "time_iter": 0.0714, "time_iter_std": 0.0, "accuracy": 0.7332, "accuracy_std": 0.0, "precision": 0.73679, "precision_std": 0.0, "recall": 0.72965, "recall_std": 0.0, "f1": 0.7332, "f1_std": 0.0, "auc": 0.81571, "auc_std": 0.0}
{"epoch": 56, "time_epoch": 9.05758, "time_epoch_std": 0.0, "eta": 497.16707, "eta_std": 0.0, "eta_hours": 0.1381, "eta_hours_std": 0.0, "loss": 0.52616, "loss_std": 0.0, "lr": 0.00041, "lr_std": 0.0, "params": 5865.0, "params_std": 0.0, "time_iter": 0.07021, "time_iter_std": 0.0, "accuracy": 0.74099, "accuracy_std": 0.0, "precision": 0.73585, "precision_std": 0.0, "recall": 0.75581, "recall_std": 0.0, "f1": 0.7457, "f1_std": 0.0, "auc": 0.81459, "auc_std": 0.0}
{"epoch": 57, "time_epoch": 8.5432, "time_epoch_std": 0.0, "eta": 483.419, "eta_std": 0.0, "eta_hours": 0.13428, "eta_hours_std": 0.0, "loss": 0.51709, "loss_std": 0.0, "lr": 0.00039, "lr_std": 0.0, "params": 5865.0, "params_std": 0.0, "time_iter": 0.06623, "time_iter_std": 0.0, "accuracy": 0.74197, "accuracy_std": 0.0, "precision": 0.73996, "precision_std": 0.0, "recall": 0.75, "recall_std": 0.0, "f1": 0.74495, "f1_std": 0.0, "auc": 0.82023, "auc_std": 0.0}
{"epoch": 58, "time_epoch": 8.59343, "time_epoch_std": 0.0, "eta": 469.88227, "eta_std": 0.0, "eta_hours": 0.13052, "eta_hours_std": 0.0, "loss": 0.51751, "loss_std": 0.0, "lr": 0.00038, "lr_std": 0.0, "params": 5865.0, "params_std": 0.0, "time_iter": 0.06662, "time_iter_std": 0.0, "accuracy": 0.74976, "accuracy_std": 0.0, "precision": 0.74573, "precision_std": 0.0, "recall": 0.76163, "recall_std": 0.0, "f1": 0.7536, "f1_std": 0.0, "auc": 0.82484, "auc_std": 0.0}
{"epoch": 59, "time_epoch": 9.09967, "time_epoch_std": 0.0, "eta": 456.84781, "eta_std": 0.0, "eta_hours": 0.1269, "eta_hours_std": 0.0, "loss": 0.51473, "loss_std": 0.0, "lr": 0.00036, "lr_std": 0.0, "params": 5865.0, "params_std": 0.0, "time_iter": 0.07054, "time_iter_std": 0.0, "accuracy": 0.74245, "accuracy_std": 0.0, "precision": 0.73439, "precision_std": 0.0, "recall": 0.76357, "recall_std": 0.0, "f1": 0.74869, "f1_std": 0.0, "auc": 0.82269, "auc_std": 0.0}
{"epoch": 60, "time_epoch": 9.74666, "time_epoch_std": 0.0, "eta": 444.35601, "eta_std": 0.0, "eta_hours": 0.12343, "eta_hours_std": 0.0, "loss": 0.52053, "loss_std": 0.0, "lr": 0.00035, "lr_std": 0.0, "params": 5865.0, "params_std": 0.0, "time_iter": 0.07556, "time_iter_std": 0.0, "accuracy": 0.74684, "accuracy_std": 0.0, "precision": 0.75498, "precision_std": 0.0, "recall": 0.7345, "recall_std": 0.0, "f1": 0.7446, "f1_std": 0.0, "auc": 0.82333, "auc_std": 0.0}
{"epoch": 61, "time_epoch": 9.11007, "time_epoch_std": 0.0, "eta": 431.56259, "eta_std": 0.0, "eta_hours": 0.11988, "eta_hours_std": 0.0, "loss": 0.52756, "loss_std": 0.0, "lr": 0.00033, "lr_std": 0.0, "params": 5865.0, "params_std": 0.0, "time_iter": 0.07062, "time_iter_std": 0.0, "accuracy": 0.74002, "accuracy_std": 0.0, "precision": 0.74035, "precision_std": 0.0, "recall": 0.74322, "recall_std": 0.0, "f1": 0.74178, "f1_std": 0.0, "auc": 0.81557, "auc_std": 0.0}
{"epoch": 62, "time_epoch": 9.45595, "time_epoch_std": 0.0, "eta": 419.08924, "eta_std": 0.0, "eta_hours": 0.11641, "eta_hours_std": 0.0, "loss": 0.51523, "loss_std": 0.0, "lr": 0.00032, "lr_std": 0.0, "params": 5865.0, "params_std": 0.0, "time_iter": 0.0733, "time_iter_std": 0.0, "accuracy": 0.74489, "accuracy_std": 0.0, "precision": 0.74144, "precision_std": 0.0, "recall": 0.75581, "recall_std": 0.0, "f1": 0.74856, "f1_std": 0.0, "auc": 0.82555, "auc_std": 0.0}
{"epoch": 63, "time_epoch": 9.52461, "time_epoch_std": 0.0, "eta": 406.74881, "eta_std": 0.0, "eta_hours": 0.11299, "eta_hours_std": 0.0, "loss": 0.51423, "loss_std": 0.0, "lr": 0.0003, "lr_std": 0.0, "params": 5865.0, "params_std": 0.0, "time_iter": 0.07383, "time_iter_std": 0.0, "accuracy": 0.74002, "accuracy_std": 0.0, "precision": 0.74175, "precision_std": 0.0, "recall": 0.74031, "recall_std": 0.0, "f1": 0.74103, "f1_std": 0.0, "auc": 0.82631, "auc_std": 0.0}
{"epoch": 64, "time_epoch": 9.06072, "time_epoch_std": 0.0, "eta": 394.24523, "eta_std": 0.0, "eta_hours": 0.10951, "eta_hours_std": 0.0, "loss": 0.51621, "loss_std": 0.0, "lr": 0.00029, "lr_std": 0.0, "params": 5865.0, "params_std": 0.0, "time_iter": 0.07024, "time_iter_std": 0.0, "accuracy": 0.7371, "accuracy_std": 0.0, "precision": 0.73791, "precision_std": 0.0, "recall": 0.73934, "recall_std": 0.0, "f1": 0.73863, "f1_std": 0.0, "auc": 0.8237, "auc_std": 0.0}
{"epoch": 65, "time_epoch": 10.00169, "time_epoch_std": 0.0, "eta": 382.33072, "eta_std": 0.0, "eta_hours": 0.1062, "eta_hours_std": 0.0, "loss": 0.51154, "loss_std": 0.0, "lr": 0.00027, "lr_std": 0.0, "params": 5865.0, "params_std": 0.0, "time_iter": 0.07753, "time_iter_std": 0.0, "accuracy": 0.75803, "accuracy_std": 0.0, "precision": 0.76047, "precision_std": 0.0, "recall": 0.75678, "recall_std": 0.0, "f1": 0.75862, "f1_std": 0.0, "auc": 0.82867, "auc_std": 0.0}
{"epoch": 66, "time_epoch": 9.67313, "time_epoch_std": 0.0, "eta": 370.31148, "eta_std": 0.0, "eta_hours": 0.10286, "eta_hours_std": 0.0, "loss": 0.5118, "loss_std": 0.0, "lr": 0.00026, "lr_std": 0.0, "params": 5865.0, "params_std": 0.0, "time_iter": 0.07499, "time_iter_std": 0.0, "accuracy": 0.75024, "accuracy_std": 0.0, "precision": 0.7517, "precision_std": 0.0, "recall": 0.75097, "recall_std": 0.0, "f1": 0.75133, "f1_std": 0.0, "auc": 0.82771, "auc_std": 0.0}
{"epoch": 67, "time_epoch": 9.33972, "time_epoch_std": 0.0, "eta": 358.20435, "eta_std": 0.0, "eta_hours": 0.0995, "eta_hours_std": 0.0, "loss": 0.51508, "loss_std": 0.0, "lr": 0.00025, "lr_std": 0.0, "params": 5865.0, "params_std": 0.0, "time_iter": 0.0724, "time_iter_std": 0.0, "accuracy": 0.7556, "accuracy_std": 0.0, "precision": 0.75481, "precision_std": 0.0, "recall": 0.76066, "recall_std": 0.0, "f1": 0.75772, "f1_std": 0.0, "auc": 0.82716, "auc_std": 0.0}
{"epoch": 68, "time_epoch": 9.71444, "time_epoch_std": 0.0, "eta": 346.34579, "eta_std": 0.0, "eta_hours": 0.09621, "eta_hours_std": 0.0, "loss": 0.50975, "loss_std": 0.0, "lr": 0.00023, "lr_std": 0.0, "params": 5865.0, "params_std": 0.0, "time_iter": 0.07531, "time_iter_std": 0.0, "accuracy": 0.74586, "accuracy_std": 0.0, "precision": 0.74057, "precision_std": 0.0, "recall": 0.76066, "recall_std": 0.0, "f1": 0.75048, "f1_std": 0.0, "auc": 0.82727, "auc_std": 0.0}
{"epoch": 69, "time_epoch": 8.66046, "time_epoch_std": 0.0, "eta": 334.09678, "eta_std": 0.0, "eta_hours": 0.0928, "eta_hours_std": 0.0, "loss": 0.51286, "loss_std": 0.0, "lr": 0.00022, "lr_std": 0.0, "params": 5865.0, "params_std": 0.0, "time_iter": 0.06714, "time_iter_std": 0.0, "accuracy": 0.74051, "accuracy_std": 0.0, "precision": 0.7406, "precision_std": 0.0, "recall": 0.74419, "recall_std": 0.0, "f1": 0.74239, "f1_std": 0.0, "auc": 0.82831, "auc_std": 0.0}
{"epoch": 70, "time_epoch": 9.81328, "time_epoch_std": 0.0, "eta": 322.41973, "eta_std": 0.0, "eta_hours": 0.08956, "eta_hours_std": 0.0, "loss": 0.50314, "loss_std": 0.0, "lr": 0.00021, "lr_std": 0.0, "params": 5865.0, "params_std": 0.0, "time_iter": 0.07607, "time_iter_std": 0.0, "accuracy": 0.75609, "accuracy_std": 0.0, "precision": 0.75071, "precision_std": 0.0, "recall": 0.77035, "recall_std": 0.0, "f1": 0.7604, "f1_std": 0.0, "auc": 0.83433, "auc_std": 0.0}
{"epoch": 71, "time_epoch": 9.03036, "time_epoch_std": 0.0, "eta": 310.48998, "eta_std": 0.0, "eta_hours": 0.08625, "eta_hours_std": 0.0, "loss": 0.5116, "loss_std": 0.0, "lr": 0.00019, "lr_std": 0.0, "params": 5865.0, "params_std": 0.0, "time_iter": 0.07, "time_iter_std": 0.0, "accuracy": 0.75024, "accuracy_std": 0.0, "precision": 0.74738, "precision_std": 0.0, "recall": 0.75969, "recall_std": 0.0, "f1": 0.75348, "f1_std": 0.0, "auc": 0.82815, "auc_std": 0.0}
{"epoch": 72, "time_epoch": 9.37808, "time_epoch_std": 0.0, "eta": 298.76827, "eta_std": 0.0, "eta_hours": 0.08299, "eta_hours_std": 0.0, "loss": 0.50295, "loss_std": 0.0, "lr": 0.00018, "lr_std": 0.0, "params": 5865.0, "params_std": 0.0, "time_iter": 0.0727, "time_iter_std": 0.0, "accuracy": 0.76193, "accuracy_std": 0.0, "precision": 0.76436, "precision_std": 0.0, "recall": 0.76066, "recall_std": 0.0, "f1": 0.76251, "f1_std": 0.0, "auc": 0.83519, "auc_std": 0.0}
{"epoch": 73, "time_epoch": 8.98431, "time_epoch_std": 0.0, "eta": 286.97155, "eta_std": 0.0, "eta_hours": 0.07971, "eta_hours_std": 0.0, "loss": 0.51634, "loss_std": 0.0, "lr": 0.00017, "lr_std": 0.0, "params": 5865.0, "params_std": 0.0, "time_iter": 0.06965, "time_iter_std": 0.0, "accuracy": 0.74586, "accuracy_std": 0.0, "precision": 0.73832, "precision_std": 0.0, "recall": 0.7655, "recall_std": 0.0, "f1": 0.75167, "f1_std": 0.0, "auc": 0.826, "auc_std": 0.0}
{"epoch": 74, "time_epoch": 9.57786, "time_epoch_std": 0.0, "eta": 275.44768, "eta_std": 0.0, "eta_hours": 0.07651, "eta_hours_std": 0.0, "loss": 0.51134, "loss_std": 0.0, "lr": 0.00016, "lr_std": 0.0, "params": 5865.0, "params_std": 0.0, "time_iter": 0.07425, "time_iter_std": 0.0, "accuracy": 0.74781, "accuracy_std": 0.0, "precision": 0.74664, "precision_std": 0.0, "recall": 0.75388, "recall_std": 0.0, "f1": 0.75024, "f1_std": 0.0, "auc": 0.82952, "auc_std": 0.0}
{"epoch": 75, "time_epoch": 8.74491, "time_epoch_std": 0.0, "eta": 263.71199, "eta_std": 0.0, "eta_hours": 0.07325, "eta_hours_std": 0.0, "loss": 0.51318, "loss_std": 0.0, "lr": 0.00015, "lr_std": 0.0, "params": 5865.0, "params_std": 0.0, "time_iter": 0.06779, "time_iter_std": 0.0, "accuracy": 0.7483, "accuracy_std": 0.0, "precision": 0.73733, "precision_std": 0.0, "recall": 0.77519, "recall_std": 0.0, "f1": 0.75579, "f1_std": 0.0, "auc": 0.82759, "auc_std": 0.0}
{"epoch": 76, "time_epoch": 9.13831, "time_epoch_std": 0.0, "eta": 252.17148, "eta_std": 0.0, "eta_hours": 0.07005, "eta_hours_std": 0.0, "loss": 0.51686, "loss_std": 0.0, "lr": 0.00014, "lr_std": 0.0, "params": 5865.0, "params_std": 0.0, "time_iter": 0.07084, "time_iter_std": 0.0, "accuracy": 0.75268, "accuracy_std": 0.0, "precision": 0.75048, "precision_std": 0.0, "recall": 0.76066, "recall_std": 0.0, "f1": 0.75553, "f1_std": 0.0, "auc": 0.82421, "auc_std": 0.0}
{"epoch": 77, "time_epoch": 9.20065, "time_epoch_std": 0.0, "eta": 240.71016, "eta_std": 0.0, "eta_hours": 0.06686, "eta_hours_std": 0.0, "loss": 0.51053, "loss_std": 0.0, "lr": 0.00012, "lr_std": 0.0, "params": 5865.0, "params_std": 0.0, "time_iter": 0.07132, "time_iter_std": 0.0, "accuracy": 0.75073, "accuracy_std": 0.0, "precision": 0.75292, "precision_std": 0.0, "recall": 0.75, "recall_std": 0.0, "f1": 0.75146, "f1_std": 0.0, "auc": 0.82788, "auc_std": 0.0}
{"epoch": 78, "time_epoch": 9.28467, "time_epoch_std": 0.0, "eta": 229.3284, "eta_std": 0.0, "eta_hours": 0.0637, "eta_hours_std": 0.0, "loss": 0.51202, "loss_std": 0.0, "lr": 0.00011, "lr_std": 0.0, "params": 5865.0, "params_std": 0.0, "time_iter": 0.07197, "time_iter_std": 0.0, "accuracy": 0.75463, "accuracy_std": 0.0, "precision": 0.75, "precision_std": 0.0, "recall": 0.76744, "recall_std": 0.0, "f1": 0.75862, "f1_std": 0.0, "auc": 0.82987, "auc_std": 0.0}
{"epoch": 79, "time_epoch": 9.00049, "time_epoch_std": 0.0, "eta": 217.92802, "eta_std": 0.0, "eta_hours": 0.06054, "eta_hours_std": 0.0, "loss": 0.51114, "loss_std": 0.0, "lr": 0.0001, "lr_std": 0.0, "params": 5865.0, "params_std": 0.0, "time_iter": 0.06977, "time_iter_std": 0.0, "accuracy": 0.75268, "accuracy_std": 0.0, "precision": 0.74905, "precision_std": 0.0, "recall": 0.76357, "recall_std": 0.0, "f1": 0.75624, "f1_std": 0.0, "auc": 0.82817, "auc_std": 0.0}
{"epoch": 80, "time_epoch": 9.06685, "time_epoch_std": 0.0, "eta": 206.60247, "eta_std": 0.0, "eta_hours": 0.05739, "eta_hours_std": 0.0, "loss": 0.50456, "loss_std": 0.0, "lr": 0.0001, "lr_std": 0.0, "params": 5865.0, "params_std": 0.0, "time_iter": 0.07029, "time_iter_std": 0.0, "accuracy": 0.74732, "accuracy_std": 0.0, "precision": 0.74085, "precision_std": 0.0, "recall": 0.76453, "recall_std": 0.0, "f1": 0.7525, "f1_std": 0.0, "auc": 0.8328, "auc_std": 0.0}
{"epoch": 81, "time_epoch": 9.1289, "time_epoch_std": 0.0, "eta": 195.34562, "eta_std": 0.0, "eta_hours": 0.05426, "eta_hours_std": 0.0, "loss": 0.5115, "loss_std": 0.0, "lr": 9e-05, "lr_std": 0.0, "params": 5865.0, "params_std": 0.0, "time_iter": 0.07077, "time_iter_std": 0.0, "accuracy": 0.74537, "accuracy_std": 0.0, "precision": 0.73674, "precision_std": 0.0, "recall": 0.76744, "recall_std": 0.0, "f1": 0.75178, "f1_std": 0.0, "auc": 0.82896, "auc_std": 0.0}
{"epoch": 82, "time_epoch": 9.3539, "time_epoch_std": 0.0, "eta": 184.18614, "eta_std": 0.0, "eta_hours": 0.05116, "eta_hours_std": 0.0, "loss": 0.50302, "loss_std": 0.0, "lr": 8e-05, "lr_std": 0.0, "params": 5865.0, "params_std": 0.0, "time_iter": 0.07251, "time_iter_std": 0.0, "accuracy": 0.75414, "accuracy_std": 0.0, "precision": 0.75312, "precision_std": 0.0, "recall": 0.75969, "recall_std": 0.0, "f1": 0.75639, "f1_std": 0.0, "auc": 0.83551, "auc_std": 0.0}
{"epoch": 83, "time_epoch": 9.66452, "time_epoch_std": 0.0, "eta": 173.12881, "eta_std": 0.0, "eta_hours": 0.04809, "eta_hours_std": 0.0, "loss": 0.50699, "loss_std": 0.0, "lr": 7e-05, "lr_std": 0.0, "params": 5865.0, "params_std": 0.0, "time_iter": 0.07492, "time_iter_std": 0.0, "accuracy": 0.7556, "accuracy_std": 0.0, "precision": 0.7472, "precision_std": 0.0, "recall": 0.77616, "recall_std": 0.0, "f1": 0.76141, "f1_std": 0.0, "auc": 0.83024, "auc_std": 0.0}
{"epoch": 84, "time_epoch": 9.80568, "time_epoch_std": 0.0, "eta": 162.12916, "eta_std": 0.0, "eta_hours": 0.04504, "eta_hours_std": 0.0, "loss": 0.50108, "loss_std": 0.0, "lr": 6e-05, "lr_std": 0.0, "params": 5865.0, "params_std": 0.0, "time_iter": 0.07601, "time_iter_std": 0.0, "accuracy": 0.76339, "accuracy_std": 0.0, "precision": 0.76149, "precision_std": 0.0, "recall": 0.77035, "recall_std": 0.0, "f1": 0.7659, "f1_std": 0.0, "auc": 0.83657, "auc_std": 0.0}
{"epoch": 85, "time_epoch": 9.83819, "time_epoch_std": 0.0, "eta": 151.16258, "eta_std": 0.0, "eta_hours": 0.04199, "eta_hours_std": 0.0, "loss": 0.5029, "loss_std": 0.0, "lr": 5e-05, "lr_std": 0.0, "params": 5865.0, "params_std": 0.0, "time_iter": 0.07627, "time_iter_std": 0.0, "accuracy": 0.75657, "accuracy_std": 0.0, "precision": 0.74767, "precision_std": 0.0, "recall": 0.7781, "recall_std": 0.0, "f1": 0.76258, "f1_std": 0.0, "auc": 0.83555, "auc_std": 0.0}
{"epoch": 86, "time_epoch": 9.07597, "time_epoch_std": 0.0, "eta": 140.10804, "eta_std": 0.0, "eta_hours": 0.03892, "eta_hours_std": 0.0, "loss": 0.49905, "loss_std": 0.0, "lr": 5e-05, "lr_std": 0.0, "params": 5865.0, "params_std": 0.0, "time_iter": 0.07036, "time_iter_std": 0.0, "accuracy": 0.75998, "accuracy_std": 0.0, "precision": 0.75449, "precision_std": 0.0, "recall": 0.77422, "recall_std": 0.0, "f1": 0.76423, "f1_std": 0.0, "auc": 0.83832, "auc_std": 0.0}
{"epoch": 87, "time_epoch": 8.91933, "time_epoch_std": 0.0, "eta": 129.0771, "eta_std": 0.0, "eta_hours": 0.03585, "eta_hours_std": 0.0, "loss": 0.5097, "loss_std": 0.0, "lr": 4e-05, "lr_std": 0.0, "params": 5865.0, "params_std": 0.0, "time_iter": 0.06914, "time_iter_std": 0.0, "accuracy": 0.76388, "accuracy_std": 0.0, "precision": 0.75875, "precision_std": 0.0, "recall": 0.77713, "recall_std": 0.0, "f1": 0.76783, "f1_std": 0.0, "auc": 0.83149, "auc_std": 0.0}
{"epoch": 88, "time_epoch": 9.37083, "time_epoch_std": 0.0, "eta": 118.14942, "eta_std": 0.0, "eta_hours": 0.03282, "eta_hours_std": 0.0, "loss": 0.50831, "loss_std": 0.0, "lr": 4e-05, "lr_std": 0.0, "params": 5865.0, "params_std": 0.0, "time_iter": 0.07264, "time_iter_std": 0.0, "accuracy": 0.76193, "accuracy_std": 0.0, "precision": 0.75023, "precision_std": 0.0, "recall": 0.78876, "recall_std": 0.0, "f1": 0.76901, "f1_std": 0.0, "auc": 0.83129, "auc_std": 0.0}
{"epoch": 89, "time_epoch": 9.44759, "time_epoch_std": 0.0, "eta": 107.26487, "eta_std": 0.0, "eta_hours": 0.0298, "eta_hours_std": 0.0, "loss": 0.50589, "loss_std": 0.0, "lr": 3e-05, "lr_std": 0.0, "params": 5865.0, "params_std": 0.0, "time_iter": 0.07324, "time_iter_std": 0.0, "accuracy": 0.75998, "accuracy_std": 0.0, "precision": 0.74977, "precision_std": 0.0, "recall": 0.78391, "recall_std": 0.0, "f1": 0.76646, "f1_std": 0.0, "auc": 0.83257, "auc_std": 0.0}
{"epoch": 90, "time_epoch": 8.92802, "time_epoch_std": 0.0, "eta": 96.36051, "eta_std": 0.0, "eta_hours": 0.02677, "eta_hours_std": 0.0, "loss": 0.51371, "loss_std": 0.0, "lr": 2e-05, "lr_std": 0.0, "params": 5865.0, "params_std": 0.0, "time_iter": 0.06921, "time_iter_std": 0.0, "accuracy": 0.74148, "accuracy_std": 0.0, "precision": 0.73259, "precision_std": 0.0, "recall": 0.76453, "recall_std": 0.0, "f1": 0.74822, "f1_std": 0.0, "auc": 0.82618, "auc_std": 0.0}
{"epoch": 91, "time_epoch": 9.01747, "time_epoch_std": 0.0, "eta": 85.5069, "eta_std": 0.0, "eta_hours": 0.02375, "eta_hours_std": 0.0, "loss": 0.50169, "loss_std": 0.0, "lr": 2e-05, "lr_std": 0.0, "params": 5865.0, "params_std": 0.0, "time_iter": 0.0699, "time_iter_std": 0.0, "accuracy": 0.75219, "accuracy_std": 0.0, "precision": 0.74834, "precision_std": 0.0, "recall": 0.76357, "recall_std": 0.0, "f1": 0.75588, "f1_std": 0.0, "auc": 0.83342, "auc_std": 0.0}
{"epoch": 92, "time_epoch": 9.11982, "time_epoch_std": 0.0, "eta": 74.70047, "eta_std": 0.0, "eta_hours": 0.02075, "eta_hours_std": 0.0, "loss": 0.50747, "loss_std": 0.0, "lr": 2e-05, "lr_std": 0.0, "params": 5865.0, "params_std": 0.0, "time_iter": 0.0707, "time_iter_std": 0.0, "accuracy": 0.75219, "accuracy_std": 0.0, "precision": 0.74834, "precision_std": 0.0, "recall": 0.76357, "recall_std": 0.0, "f1": 0.75588, "f1_std": 0.0, "auc": 0.83281, "auc_std": 0.0}
{"epoch": 93, "time_epoch": 9.53072, "time_epoch_std": 0.0, "eta": 63.95616, "eta_std": 0.0, "eta_hours": 0.01777, "eta_hours_std": 0.0, "loss": 0.5014, "loss_std": 0.0, "lr": 1e-05, "lr_std": 0.0, "params": 5865.0, "params_std": 0.0, "time_iter": 0.07388, "time_iter_std": 0.0, "accuracy": 0.76144, "accuracy_std": 0.0, "precision": 0.75422, "precision_std": 0.0, "recall": 0.77907, "recall_std": 0.0, "f1": 0.76644, "f1_std": 0.0, "auc": 0.8375, "auc_std": 0.0}
{"epoch": 94, "time_epoch": 8.54974, "time_epoch_std": 0.0, "eta": 53.18577, "eta_std": 0.0, "eta_hours": 0.01477, "eta_hours_std": 0.0, "loss": 0.5012, "loss_std": 0.0, "lr": 1e-05, "lr_std": 0.0, "params": 5865.0, "params_std": 0.0, "time_iter": 0.06628, "time_iter_std": 0.0, "accuracy": 0.7629, "accuracy_std": 0.0, "precision": 0.76077, "precision_std": 0.0, "recall": 0.77035, "recall_std": 0.0, "f1": 0.76553, "f1_std": 0.0, "auc": 0.83661, "auc_std": 0.0}
{"epoch": 95, "time_epoch": 7.99077, "time_epoch_std": 0.0, "eta": 42.43835, "eta_std": 0.0, "eta_hours": 0.01179, "eta_hours_std": 0.0, "loss": 0.50535, "loss_std": 0.0, "lr": 1e-05, "lr_std": 0.0, "params": 5865.0, "params_std": 0.0, "time_iter": 0.06194, "time_iter_std": 0.0, "accuracy": 0.76241, "accuracy_std": 0.0, "precision": 0.75516, "precision_std": 0.0, "recall": 0.78004, "recall_std": 0.0, "f1": 0.7674, "f1_std": 0.0, "auc": 0.83532, "auc_std": 0.0}
{"epoch": 96, "time_epoch": 9.47631, "time_epoch_std": 0.0, "eta": 31.79371, "eta_std": 0.0, "eta_hours": 0.00883, "eta_hours_std": 0.0, "loss": 0.50672, "loss_std": 0.0, "lr": 0.0, "lr_std": 0.0, "params": 5865.0, "params_std": 0.0, "time_iter": 0.07346, "time_iter_std": 0.0, "accuracy": 0.74976, "accuracy_std": 0.0, "precision": 0.74026, "precision_std": 0.0, "recall": 0.77326, "recall_std": 0.0, "f1": 0.7564, "f1_std": 0.0, "auc": 0.83077, "auc_std": 0.0}
{"epoch": 97, "time_epoch": 9.63611, "time_epoch_std": 0.0, "eta": 21.17618, "eta_std": 0.0, "eta_hours": 0.00588, "eta_hours_std": 0.0, "loss": 0.50961, "loss_std": 0.0, "lr": 0.0, "lr_std": 0.0, "params": 5865.0, "params_std": 0.0, "time_iter": 0.0747, "time_iter_std": 0.0, "accuracy": 0.7556, "accuracy_std": 0.0, "precision": 0.7519, "precision_std": 0.0, "recall": 0.76647, "recall_std": 0.0, "f1": 0.75912, "f1_std": 0.0, "auc": 0.83201, "auc_std": 0.0}
{"epoch": 98, "time_epoch": 9.12863, "time_epoch_std": 0.0, "eta": 10.57335, "eta_std": 0.0, "eta_hours": 0.00294, "eta_hours_std": 0.0, "loss": 0.49667, "loss_std": 0.0, "lr": 0.0, "lr_std": 0.0, "params": 5865.0, "params_std": 0.0, "time_iter": 0.07076, "time_iter_std": 0.0, "accuracy": 0.7629, "accuracy_std": 0.0, "precision": 0.75928, "precision_std": 0.0, "recall": 0.77326, "recall_std": 0.0, "f1": 0.7662, "f1_std": 0.0, "auc": 0.84118, "auc_std": 0.0}
{"epoch": 99, "time_epoch": 9.53846, "time_epoch_std": 0.0, "eta": 0.0, "eta_std": 0.0, "eta_hours": 0.0, "eta_hours_std": 0.0, "loss": 0.50114, "loss_std": 0.0, "lr": 0.0, "lr_std": 0.0, "params": 5865.0, "params_std": 0.0, "time_iter": 0.07394, "time_iter_std": 0.0, "accuracy": 0.76047, "accuracy_std": 0.0, "precision": 0.7552, "precision_std": 0.0, "recall": 0.77422, "recall_std": 0.0, "f1": 0.76459, "f1_std": 0.0, "auc": 0.83712, "auc_std": 0.0}
