{"epoch": 0, "time_epoch": 6.7395, "eta": 667.21013, "eta_hours": 0.18534, "loss": 0.69343481, "lr": 0.001, "params": 8313, "time_iter": 0.61268, "accuracy": 0.52381, "precision": 0.0, "recall": 0.0, "f1": 0.0, "auc": 0.35}
{"epoch": 1, "time_epoch": 7.84344, "eta": 714.56366, "eta_hours": 0.19849, "loss": 0.69238691, "lr": 0.00099975, "params": 8313, "time_iter": 0.71304, "accuracy": 0.52381, "precision": 0.0, "recall": 0.0, "f1": 0.0, "auc": 0.60455}
{"epoch": 2, "time_epoch": 0.61742, "eta": 491.47813, "eta_hours": 0.13652, "loss": 0.69333079, "lr": 0.00099901, "params": 8313, "time_iter": 0.05613, "accuracy": 0.52381, "precision": 0.0, "recall": 0.0, "f1": 0.0, "auc": 0.50227}
{"epoch": 3, "time_epoch": 0.63911, "eta": 380.14713, "eta_hours": 0.1056, "loss": 0.69178742, "lr": 0.00099778, "params": 8313, "time_iter": 0.0581, "accuracy": 0.52381, "precision": 0.0, "recall": 0.0, "f1": 0.0, "auc": 0.60682}
{"epoch": 4, "time_epoch": 0.68247, "eta": 313.91666, "eta_hours": 0.0872, "loss": 0.69092614, "lr": 0.00099606, "params": 8313, "time_iter": 0.06204, "accuracy": 0.52381, "precision": 0.0, "recall": 0.0, "f1": 0.0, "auc": 0.63636}
{"epoch": 5, "time_epoch": 0.68094, "eta": 269.51163, "eta_hours": 0.07486, "loss": 0.69095643, "lr": 0.00099384, "params": 8313, "time_iter": 0.0619, "accuracy": 0.52381, "precision": 0.0, "recall": 0.0, "f1": 0.0, "auc": 0.50909}
{"epoch": 6, "time_epoch": 0.67664, "eta": 237.5421, "eta_hours": 0.06598, "loss": 0.68735877, "lr": 0.00099114, "params": 8313, "time_iter": 0.06151, "accuracy": 0.52381, "precision": 0.0, "recall": 0.0, "f1": 0.0, "auc": 0.78295}
{"epoch": 7, "time_epoch": 0.67713, "eta": 213.40141, "eta_hours": 0.05928, "loss": 0.68427379, "lr": 0.00098796, "params": 8313, "time_iter": 0.06156, "accuracy": 0.59524, "precision": 1.0, "recall": 0.15, "f1": 0.26087, "auc": 0.82045}
{"epoch": 8, "time_epoch": 0.70305, "eta": 194.73688, "eta_hours": 0.05409, "loss": 0.68421561, "lr": 0.00098429, "params": 8313, "time_iter": 0.06391, "accuracy": 0.54762, "precision": 1.0, "recall": 0.05, "f1": 0.09524, "auc": 0.70227}
{"epoch": 9, "time_epoch": 0.68764, "eta": 179.52595, "eta_hours": 0.04987, "loss": 0.67040294, "lr": 0.00098015, "params": 8313, "time_iter": 0.06251, "accuracy": 0.66667, "precision": 1.0, "recall": 0.3, "f1": 0.46154, "auc": 0.84773}
{"epoch": 10, "time_epoch": 0.79637, "eta": 167.83539, "eta_hours": 0.04662, "loss": 0.6717103, "lr": 0.00097553, "params": 8313, "time_iter": 0.0724, "accuracy": 0.69048, "precision": 0.81818, "recall": 0.45, "f1": 0.58065, "auc": 0.76818}
{"epoch": 11, "time_epoch": 0.68224, "eta": 157.12357, "eta_hours": 0.04365, "loss": 0.65109357, "lr": 0.00097044, "params": 8313, "time_iter": 0.06202, "accuracy": 0.7619, "precision": 0.91667, "recall": 0.55, "f1": 0.6875, "auc": 0.84091}
{"epoch": 12, "time_epoch": 0.68666, "eta": 147.98436, "eta_hours": 0.04111, "loss": 0.63117532, "lr": 0.00096489, "params": 8313, "time_iter": 0.06242, "accuracy": 0.7619, "precision": 0.8125, "recall": 0.65, "f1": 0.72222, "auc": 0.84545}
{"epoch": 13, "time_epoch": 0.67505, "eta": 139.98133, "eta_hours": 0.03888, "loss": 0.5985743, "lr": 0.00095888, "params": 8313, "time_iter": 0.06137, "accuracy": 0.78571, "precision": 0.86667, "recall": 0.65, "f1": 0.74286, "auc": 0.89091}
{"epoch": 14, "time_epoch": 0.67669, "eta": 132.96467, "eta_hours": 0.03693, "loss": 0.55489708, "lr": 0.00095241, "params": 8313, "time_iter": 0.06152, "accuracy": 0.83333, "precision": 0.84211, "recall": 0.8, "f1": 0.82051, "auc": 0.91818}
{"epoch": 15, "time_epoch": 0.67541, "eta": 126.73374, "eta_hours": 0.0352, "loss": 0.54012411, "lr": 0.0009455, "params": 8313, "time_iter": 0.0614, "accuracy": 0.78571, "precision": 0.82353, "recall": 0.7, "f1": 0.75676, "auc": 0.9}
{"epoch": 16, "time_epoch": 0.66875, "eta": 121.1239, "eta_hours": 0.03365, "loss": 0.48916969, "lr": 0.00093815, "params": 8313, "time_iter": 0.0608, "accuracy": 0.80952, "precision": 0.875, "recall": 0.7, "f1": 0.77778, "auc": 0.89318}
{"epoch": 17, "time_epoch": 0.67121, "eta": 116.07429, "eta_hours": 0.03224, "loss": 0.46552387, "lr": 0.00093037, "params": 8313, "time_iter": 0.06102, "accuracy": 0.80952, "precision": 0.83333, "recall": 0.75, "f1": 0.78947, "auc": 0.88182}
{"epoch": 18, "time_epoch": 0.67143, "eta": 111.48649, "eta_hours": 0.03097, "loss": 0.47221474, "lr": 0.00092216, "params": 8313, "time_iter": 0.06104, "accuracy": 0.80952, "precision": 0.83333, "recall": 0.75, "f1": 0.78947, "auc": 0.85682}
{"epoch": 19, "time_epoch": 0.67209, "eta": 107.29297, "eta_hours": 0.0298, "loss": 0.48759489, "lr": 0.00091354, "params": 8313, "time_iter": 0.0611, "accuracy": 0.7381, "precision": 0.8, "recall": 0.6, "f1": 0.68571, "auc": 0.83864}
{"epoch": 20, "time_epoch": 0.67436, "eta": 103.44338, "eta_hours": 0.02873, "loss": 0.49857792, "lr": 0.00090451, "params": 8313, "time_iter": 0.06131, "accuracy": 0.78571, "precision": 0.78947, "recall": 0.75, "f1": 0.76923, "auc": 0.83864}
{"epoch": 21, "time_epoch": 0.73925, "eta": 100.11248, "eta_hours": 0.02781, "loss": 0.33033956, "lr": 0.00089508, "params": 8313, "time_iter": 0.0672, "accuracy": 0.90476, "precision": 0.9, "recall": 0.9, "f1": 0.9, "auc": 0.94773}
{"epoch": 22, "time_epoch": 0.76671, "eta": 97.0989, "eta_hours": 0.02697, "loss": 0.37370742, "lr": 0.00088526, "params": 8313, "time_iter": 0.0697, "accuracy": 0.80952, "precision": 0.83333, "recall": 0.75, "f1": 0.78947, "auc": 0.91136}
{"epoch": 23, "time_epoch": 0.76973, "eta": 94.28212, "eta_hours": 0.02619, "loss": 0.25950352, "lr": 0.00087506, "params": 8313, "time_iter": 0.06998, "accuracy": 0.88095, "precision": 0.94118, "recall": 0.8, "f1": 0.86486, "auc": 0.97727}
{"epoch": 24, "time_epoch": 0.77371, "eta": 91.64102, "eta_hours": 0.02546, "loss": 0.37099103, "lr": 0.00086448, "params": 8313, "time_iter": 0.07034, "accuracy": 0.80952, "precision": 0.77273, "recall": 0.85, "f1": 0.80952, "auc": 0.90227}
{"epoch": 25, "time_epoch": 0.79594, "eta": 89.20685, "eta_hours": 0.02478, "loss": 0.26068142, "lr": 0.00085355, "params": 8313, "time_iter": 0.07236, "accuracy": 0.90476, "precision": 0.94444, "recall": 0.85, "f1": 0.89474, "auc": 0.97045}
{"epoch": 26, "time_epoch": 0.77204, "eta": 86.82941, "eta_hours": 0.02412, "loss": 0.22938829, "lr": 0.00084227, "params": 8313, "time_iter": 0.07019, "accuracy": 0.92857, "precision": 1.0, "recall": 0.85, "f1": 0.91892, "auc": 0.97273}
{"epoch": 27, "time_epoch": 0.77855, "eta": 84.58337, "eta_hours": 0.0235, "loss": 0.29522823, "lr": 0.00083066, "params": 8313, "time_iter": 0.07078, "accuracy": 0.85714, "precision": 0.88889, "recall": 0.8, "f1": 0.84211, "auc": 0.94545}
{"epoch": 28, "time_epoch": 0.77098, "eta": 82.42001, "eta_hours": 0.02289, "loss": 0.13879481, "lr": 0.00081871, "params": 8313, "time_iter": 0.07009, "accuracy": 0.97619, "precision": 1.0, "recall": 0.95, "f1": 0.97436, "auc": 1.0}
{"epoch": 29, "time_epoch": 0.77371, "eta": 80.35586, "eta_hours": 0.02232, "loss": 0.15370046, "lr": 0.00080645, "params": 8313, "time_iter": 0.07034, "accuracy": 0.95238, "precision": 0.95, "recall": 0.95, "f1": 0.95, "auc": 0.99091}
{"epoch": 30, "time_epoch": 0.76518, "eta": 78.35597, "eta_hours": 0.02177, "loss": 0.16304066, "lr": 0.00079389, "params": 8313, "time_iter": 0.06956, "accuracy": 0.97619, "precision": 1.0, "recall": 0.95, "f1": 0.97436, "auc": 0.98636}
{"epoch": 31, "time_epoch": 0.76516, "eta": 76.4332, "eta_hours": 0.02123, "loss": 0.15806187, "lr": 0.00078104, "params": 8313, "time_iter": 0.06956, "accuracy": 0.95238, "precision": 1.0, "recall": 0.9, "f1": 0.94737, "auc": 0.98864}
{"epoch": 32, "time_epoch": 0.76043, "eta": 74.57099, "eta_hours": 0.02071, "loss": 0.17541072, "lr": 0.00076791, "params": 8313, "time_iter": 0.06913, "accuracy": 0.95238, "precision": 1.0, "recall": 0.9, "f1": 0.94737, "auc": 0.98409}
{"epoch": 33, "time_epoch": 0.76281, "eta": 72.7782, "eta_hours": 0.02022, "loss": 0.09081086, "lr": 0.00075452, "params": 8313, "time_iter": 0.06935, "accuracy": 1.0, "precision": 1.0, "recall": 1.0, "f1": 1.0, "auc": 1.0}
{"epoch": 34, "time_epoch": 0.75886, "eta": 71.03694, "eta_hours": 0.01973, "loss": 0.13166905, "lr": 0.00074088, "params": 8313, "time_iter": 0.06899, "accuracy": 0.95238, "precision": 0.95, "recall": 0.95, "f1": 0.95, "auc": 0.99318}
{"epoch": 35, "time_epoch": 0.76405, "eta": 69.35949, "eta_hours": 0.01927, "loss": 0.49300924, "lr": 0.000727, "params": 8313, "time_iter": 0.06946, "accuracy": 0.78571, "precision": 0.86667, "recall": 0.65, "f1": 0.74286, "auc": 0.875}
{"epoch": 36, "time_epoch": 0.7664, "eta": 67.73542, "eta_hours": 0.01882, "loss": 0.09615521, "lr": 0.00071289, "params": 8313, "time_iter": 0.06967, "accuracy": 0.97619, "precision": 1.0, "recall": 0.95, "f1": 0.97436, "auc": 0.99545}
{"epoch": 37, "time_epoch": 0.76222, "eta": 66.14966, "eta_hours": 0.01837, "loss": 0.2194512, "lr": 0.00069857, "params": 8313, "time_iter": 0.06929, "accuracy": 0.95238, "precision": 0.95, "recall": 0.95, "f1": 0.95, "auc": 0.97045}
{"epoch": 38, "time_epoch": 0.75713, "eta": 64.59817, "eta_hours": 0.01794, "loss": 0.19959105, "lr": 0.00068406, "params": 8313, "time_iter": 0.06883, "accuracy": 0.92857, "precision": 0.90476, "recall": 0.95, "f1": 0.92683, "auc": 0.97727}
{"epoch": 39, "time_epoch": 0.76336, "eta": 63.09575, "eta_hours": 0.01753, "loss": 0.0901293, "lr": 0.00066937, "params": 8313, "time_iter": 0.0694, "accuracy": 0.95238, "precision": 0.95, "recall": 0.95, "f1": 0.95, "auc": 0.99773}
{"epoch": 40, "time_epoch": 0.77143, "eta": 61.64098, "eta_hours": 0.01712, "loss": 0.1249152, "lr": 0.00065451, "params": 8313, "time_iter": 0.07013, "accuracy": 0.97619, "precision": 1.0, "recall": 0.95, "f1": 0.97436, "auc": 0.98409}
{"epoch": 41, "time_epoch": 0.76194, "eta": 60.20565, "eta_hours": 0.01672, "loss": 0.42340069, "lr": 0.0006395, "params": 8313, "time_iter": 0.06927, "accuracy": 0.80952, "precision": 0.8, "recall": 0.8, "f1": 0.8, "auc": 0.92045}
{"epoch": 42, "time_epoch": 0.76462, "eta": 58.8052, "eta_hours": 0.01633, "loss": 0.11518673, "lr": 0.00062434, "params": 8313, "time_iter": 0.06951, "accuracy": 0.92857, "precision": 0.90476, "recall": 0.95, "f1": 0.92683, "auc": 0.99318}
{"epoch": 43, "time_epoch": 0.75918, "eta": 57.42672, "eta_hours": 0.01595, "loss": 0.07051624, "lr": 0.00060907, "params": 8313, "time_iter": 0.06902, "accuracy": 0.97619, "precision": 0.95238, "recall": 1.0, "f1": 0.97561, "auc": 1.0}
{"epoch": 44, "time_epoch": 0.76733, "eta": 56.08573, "eta_hours": 0.01558, "loss": 0.13047486, "lr": 0.00059369, "params": 8313, "time_iter": 0.06976, "accuracy": 0.90476, "precision": 0.86364, "recall": 0.95, "f1": 0.90476, "auc": 0.99318}
{"epoch": 45, "time_epoch": 0.76566, "eta": 54.76772, "eta_hours": 0.01521, "loss": 0.31813966, "lr": 0.00057822, "params": 8313, "time_iter": 0.06961, "accuracy": 0.88095, "precision": 0.89474, "recall": 0.85, "f1": 0.87179, "auc": 0.94773}
{"epoch": 46, "time_epoch": 0.76397, "eta": 53.4713, "eta_hours": 0.01485, "loss": 0.25748363, "lr": 0.00056267, "params": 8313, "time_iter": 0.06945, "accuracy": 0.90476, "precision": 0.94444, "recall": 0.85, "f1": 0.89474, "auc": 0.95909}
{"epoch": 47, "time_epoch": 0.75937, "eta": 52.1921, "eta_hours": 0.0145, "loss": 0.08169552, "lr": 0.00054705, "params": 8313, "time_iter": 0.06903, "accuracy": 0.97619, "precision": 0.95238, "recall": 1.0, "f1": 0.97561, "auc": 0.99773}
{"epoch": 48, "time_epoch": 0.77503, "eta": 50.95041, "eta_hours": 0.01415, "loss": 0.03510796, "lr": 0.0005314, "params": 8313, "time_iter": 0.07046, "accuracy": 1.0, "precision": 1.0, "recall": 1.0, "f1": 1.0, "auc": 1.0}
{"epoch": 49, "time_epoch": 0.76298, "eta": 49.71533, "eta_hours": 0.01381, "loss": 0.18339034, "lr": 0.00051571, "params": 8313, "time_iter": 0.06936, "accuracy": 0.95238, "precision": 0.95, "recall": 0.95, "f1": 0.95, "auc": 0.97045}
{"epoch": 50, "time_epoch": 0.76372, "eta": 48.49949, "eta_hours": 0.01347, "loss": 0.12847879, "lr": 0.0005, "params": 8313, "time_iter": 0.06943, "accuracy": 0.92857, "precision": 0.94737, "recall": 0.9, "f1": 0.92308, "auc": 0.99091}
{"epoch": 51, "time_epoch": 0.76635, "eta": 47.30345, "eta_hours": 0.01314, "loss": 0.02207545, "lr": 0.00048429, "params": 8313, "time_iter": 0.06967, "accuracy": 1.0, "precision": 1.0, "recall": 1.0, "f1": 1.0, "auc": 1.0}
{"epoch": 52, "time_epoch": 0.76191, "eta": 46.1197, "eta_hours": 0.01281, "loss": 0.16473486, "lr": 0.0004686, "params": 8313, "time_iter": 0.06926, "accuracy": 0.92857, "precision": 1.0, "recall": 0.85, "f1": 0.91892, "auc": 0.99091}
{"epoch": 53, "time_epoch": 0.76509, "eta": 44.95427, "eta_hours": 0.01249, "loss": 0.06551787, "lr": 0.00045295, "params": 8313, "time_iter": 0.06955, "accuracy": 0.95238, "precision": 1.0, "recall": 0.9, "f1": 0.94737, "auc": 1.0}
{"epoch": 54, "time_epoch": 0.77146, "eta": 43.80862, "eta_hours": 0.01217, "loss": 0.15290917, "lr": 0.00043733, "params": 8313, "time_iter": 0.07013, "accuracy": 0.97619, "precision": 0.95238, "recall": 1.0, "f1": 0.97561, "auc": 0.975}
{"epoch": 55, "time_epoch": 0.76646, "eta": 42.6724, "eta_hours": 0.01185, "loss": 0.16734004, "lr": 0.00042178, "params": 8313, "time_iter": 0.06968, "accuracy": 0.92857, "precision": 0.90476, "recall": 0.95, "f1": 0.92683, "auc": 0.98636}
{"epoch": 56, "time_epoch": 0.76459, "eta": 41.54775, "eta_hours": 0.01154, "loss": 0.14647318, "lr": 0.00040631, "params": 8313, "time_iter": 0.06951, "accuracy": 0.95238, "precision": 1.0, "recall": 0.9, "f1": 0.94737, "auc": 0.98636}
{"epoch": 57, "time_epoch": 0.76892, "eta": 40.43864, "eta_hours": 0.01123, "loss": 0.04814591, "lr": 0.00039093, "params": 8313, "time_iter": 0.0699, "accuracy": 1.0, "precision": 1.0, "recall": 1.0, "f1": 1.0, "auc": 1.0}
{"epoch": 58, "time_epoch": 0.75591, "eta": 39.33203, "eta_hours": 0.01093, "loss": 0.01886486, "lr": 0.00037566, "params": 8313, "time_iter": 0.06872, "accuracy": 1.0, "precision": 1.0, "recall": 1.0, "f1": 1.0, "auc": 1.0}
{"epoch": 59, "time_epoch": 0.77963, "eta": 38.25292, "eta_hours": 0.01063, "loss": 0.03811736, "lr": 0.0003605, "params": 8313, "time_iter": 0.07088, "accuracy": 1.0, "precision": 1.0, "recall": 1.0, "f1": 1.0, "auc": 1.0}
{"epoch": 60, "time_epoch": 0.76548, "eta": 37.17458, "eta_hours": 0.01033, "loss": 0.06275892, "lr": 0.00034549, "params": 8313, "time_iter": 0.06959, "accuracy": 0.97619, "precision": 0.95238, "recall": 1.0, "f1": 0.97561, "auc": 1.0}
{"epoch": 61, "time_epoch": 0.76374, "eta": 36.10527, "eta_hours": 0.01003, "loss": 0.02304398, "lr": 0.00033063, "params": 8313, "time_iter": 0.06943, "accuracy": 1.0, "precision": 1.0, "recall": 1.0, "f1": 1.0, "auc": 1.0}
{"epoch": 62, "time_epoch": 0.76305, "eta": 35.04526, "eta_hours": 0.00973, "loss": 0.39145164, "lr": 0.00031594, "params": 8313, "time_iter": 0.06937, "accuracy": 0.80952, "precision": 0.875, "recall": 0.7, "f1": 0.77778, "auc": 0.92045}
{"epoch": 63, "time_epoch": 0.76366, "eta": 33.99486, "eta_hours": 0.00944, "loss": 0.09348762, "lr": 0.00030143, "params": 8313, "time_iter": 0.06942, "accuracy": 0.92857, "precision": 0.86957, "recall": 1.0, "f1": 0.93023, "auc": 1.0}
{"epoch": 64, "time_epoch": 0.77257, "eta": 32.95809, "eta_hours": 0.00916, "loss": 0.05101312, "lr": 0.00028711, "params": 8313, "time_iter": 0.07023, "accuracy": 0.97619, "precision": 0.95238, "recall": 1.0, "f1": 0.97561, "auc": 1.0}
{"epoch": 65, "time_epoch": 0.76169, "eta": 31.92372, "eta_hours": 0.00887, "loss": 0.01654723, "lr": 0.000273, "params": 8313, "time_iter": 0.06924, "accuracy": 1.0, "precision": 1.0, "recall": 1.0, "f1": 1.0, "auc": 1.0}
{"epoch": 66, "time_epoch": 0.76463, "eta": 30.89894, "eta_hours": 0.00858, "loss": 0.33255486, "lr": 0.00025912, "params": 8313, "time_iter": 0.06951, "accuracy": 0.90476, "precision": 0.94444, "recall": 0.85, "f1": 0.89474, "auc": 0.94773}
{"epoch": 67, "time_epoch": 0.76749, "eta": 29.88315, "eta_hours": 0.0083, "loss": 0.1415819, "lr": 0.00024548, "params": 8313, "time_iter": 0.06977, "accuracy": 0.95238, "precision": 1.0, "recall": 0.9, "f1": 0.94737, "auc": 0.98409}
{"epoch": 68, "time_epoch": 0.7646, "eta": 28.87326, "eta_hours": 0.00802, "loss": 0.13473383, "lr": 0.00023209, "params": 8313, "time_iter": 0.06951, "accuracy": 0.97619, "precision": 1.0, "recall": 0.95, "f1": 0.97436, "auc": 0.98409}
{"epoch": 69, "time_epoch": 0.76802, "eta": 27.87185, "eta_hours": 0.00774, "loss": 0.12446132, "lr": 0.00021896, "params": 8313, "time_iter": 0.06982, "accuracy": 0.95238, "precision": 0.95, "recall": 0.95, "f1": 0.95, "auc": 0.99318}
{"epoch": 70, "time_epoch": 0.76131, "eta": 26.87427, "eta_hours": 0.00747, "loss": 0.01941058, "lr": 0.00020611, "params": 8313, "time_iter": 0.06921, "accuracy": 1.0, "precision": 1.0, "recall": 1.0, "f1": 1.0, "auc": 1.0}
{"epoch": 71, "time_epoch": 0.76272, "eta": 25.8838, "eta_hours": 0.00719, "loss": 0.15666162, "lr": 0.00019355, "params": 8313, "time_iter": 0.06934, "accuracy": 0.95238, "precision": 1.0, "recall": 0.9, "f1": 0.94737, "auc": 0.99545}
{"epoch": 72, "time_epoch": 0.77035, "eta": 24.90239, "eta_hours": 0.00692, "loss": 0.06259576, "lr": 0.00018129, "params": 8313, "time_iter": 0.07003, "accuracy": 0.97619, "precision": 0.95238, "recall": 1.0, "f1": 0.97561, "auc": 1.0}
{"epoch": 73, "time_epoch": 0.76097, "eta": 23.92339, "eta_hours": 0.00665, "loss": 0.34264999, "lr": 0.00016934, "params": 8313, "time_iter": 0.06918, "accuracy": 0.78571, "precision": 0.92308, "recall": 0.6, "f1": 0.72727, "auc": 0.95682}
{"epoch": 74, "time_epoch": 0.76306, "eta": 22.95091, "eta_hours": 0.00638, "loss": 0.06338736, "lr": 0.00015773, "params": 8313, "time_iter": 0.06937, "accuracy": 0.97619, "precision": 0.95238, "recall": 1.0, "f1": 0.97561, "auc": 0.99773}
{"epoch": 75, "time_epoch": 0.76769, "eta": 21.98539, "eta_hours": 0.00611, "loss": 0.22342071, "lr": 0.00014645, "params": 8313, "time_iter": 0.06979, "accuracy": 0.90476, "precision": 0.94444, "recall": 0.85, "f1": 0.89474, "auc": 0.97045}
{"epoch": 76, "time_epoch": 0.76753, "eta": 21.02497, "eta_hours": 0.00584, "loss": 0.06391969, "lr": 0.00013552, "params": 8313, "time_iter": 0.06978, "accuracy": 0.95238, "precision": 1.0, "recall": 0.9, "f1": 0.94737, "auc": 1.0}
{"epoch": 77, "time_epoch": 0.77503, "eta": 20.07161, "eta_hours": 0.00558, "loss": 0.02102779, "lr": 0.00012494, "params": 8313, "time_iter": 0.07046, "accuracy": 1.0, "precision": 1.0, "recall": 1.0, "f1": 1.0, "auc": 1.0}
{"epoch": 78, "time_epoch": 0.76168, "eta": 19.11921, "eta_hours": 0.00531, "loss": 0.10369796, "lr": 0.00011474, "params": 8313, "time_iter": 0.06924, "accuracy": 0.95238, "precision": 1.0, "recall": 0.9, "f1": 0.94737, "auc": 0.99318}
{"epoch": 79, "time_epoch": 0.76327, "eta": 18.17198, "eta_hours": 0.00505, "loss": 0.05836221, "lr": 0.00010492, "params": 8313, "time_iter": 0.06939, "accuracy": 1.0, "precision": 1.0, "recall": 1.0, "f1": 1.0, "auc": 1.0}
{"epoch": 80, "time_epoch": 0.76052, "eta": 17.22865, "eta_hours": 0.00479, "loss": 0.06633136, "lr": 9.549e-05, "params": 8313, "time_iter": 0.06914, "accuracy": 0.97619, "precision": 1.0, "recall": 0.95, "f1": 0.97436, "auc": 1.0}
{"epoch": 81, "time_epoch": 0.76123, "eta": 16.28993, "eta_hours": 0.00452, "loss": 0.01413836, "lr": 8.646e-05, "params": 8313, "time_iter": 0.0692, "accuracy": 1.0, "precision": 1.0, "recall": 1.0, "f1": 1.0, "auc": 1.0}
{"epoch": 82, "time_epoch": 0.76281, "eta": 15.35581, "eta_hours": 0.00427, "loss": 0.07160838, "lr": 7.784e-05, "params": 8313, "time_iter": 0.06935, "accuracy": 0.97619, "precision": 0.95238, "recall": 1.0, "f1": 0.97561, "auc": 0.99545}
{"epoch": 83, "time_epoch": 0.76147, "eta": 14.42551, "eta_hours": 0.00401, "loss": 0.02282111, "lr": 6.963e-05, "params": 8313, "time_iter": 0.06922, "accuracy": 1.0, "precision": 1.0, "recall": 1.0, "f1": 1.0, "auc": 1.0}
{"epoch": 84, "time_epoch": 0.76092, "eta": 13.49909, "eta_hours": 0.00375, "loss": 0.01889833, "lr": 6.185e-05, "params": 8313, "time_iter": 0.06917, "accuracy": 1.0, "precision": 1.0, "recall": 1.0, "f1": 1.0, "auc": 1.0}
{"epoch": 85, "time_epoch": 0.76215, "eta": 12.57672, "eta_hours": 0.00349, "loss": 0.19884387, "lr": 5.45e-05, "params": 8313, "time_iter": 0.06929, "accuracy": 0.92857, "precision": 0.94737, "recall": 0.9, "f1": 0.92308, "auc": 0.97955}
{"epoch": 86, "time_epoch": 0.7679, "eta": 11.65889, "eta_hours": 0.00324, "loss": 0.04460301, "lr": 4.759e-05, "params": 8313, "time_iter": 0.06981, "accuracy": 1.0, "precision": 1.0, "recall": 1.0, "f1": 1.0, "auc": 1.0}
{"epoch": 87, "time_epoch": 0.76087, "eta": 10.74351, "eta_hours": 0.00298, "loss": 0.11402985, "lr": 4.112e-05, "params": 8313, "time_iter": 0.06917, "accuracy": 0.92857, "precision": 1.0, "recall": 0.85, "f1": 0.91892, "auc": 0.99773}
{"epoch": 88, "time_epoch": 0.7599, "eta": 9.83149, "eta_hours": 0.00273, "loss": 0.18856448, "lr": 3.511e-05, "params": 8313, "time_iter": 0.06908, "accuracy": 0.92857, "precision": 1.0, "recall": 0.85, "f1": 0.91892, "auc": 0.98409}
{"epoch": 89, "time_epoch": 0.76263, "eta": 8.92315, "eta_hours": 0.00248, "loss": 0.07388983, "lr": 2.956e-05, "params": 8313, "time_iter": 0.06933, "accuracy": 0.95238, "precision": 0.95, "recall": 0.95, "f1": 0.95, "auc": 0.99773}
{"epoch": 90, "time_epoch": 0.76591, "eta": 8.01833, "eta_hours": 0.00223, "loss": 0.02494038, "lr": 2.447e-05, "params": 8313, "time_iter": 0.06963, "accuracy": 1.0, "precision": 1.0, "recall": 1.0, "f1": 1.0, "auc": 1.0}
{"epoch": 91, "time_epoch": 0.76411, "eta": 7.11638, "eta_hours": 0.00198, "loss": 0.00822, "lr": 1.985e-05, "params": 8313, "time_iter": 0.06946, "accuracy": 1.0, "precision": 1.0, "recall": 1.0, "f1": 1.0, "auc": 1.0}
{"epoch": 92, "time_epoch": 0.7605, "eta": 6.21712, "eta_hours": 0.00173, "loss": 0.23595806, "lr": 1.571e-05, "params": 8313, "time_iter": 0.06914, "accuracy": 0.90476, "precision": 1.0, "recall": 0.8, "f1": 0.88889, "auc": 0.96364}
{"epoch": 93, "time_epoch": 0.76833, "eta": 5.32131, "eta_hours": 0.00148, "loss": 0.13644529, "lr": 1.204e-05, "params": 8313, "time_iter": 0.06985, "accuracy": 0.92857, "precision": 1.0, "recall": 0.85, "f1": 0.91892, "auc": 0.99545}
{"epoch": 94, "time_epoch": 0.76539, "eta": 4.42803, "eta_hours": 0.00123, "loss": 0.06148398, "lr": 8.86e-06, "params": 8313, "time_iter": 0.06958, "accuracy": 0.97619, "precision": 1.0, "recall": 0.95, "f1": 0.97436, "auc": 1.0}
{"epoch": 95, "time_epoch": 0.76947, "eta": 3.53758, "eta_hours": 0.00098, "loss": 0.04512153, "lr": 6.16e-06, "params": 8313, "time_iter": 0.06995, "accuracy": 0.97619, "precision": 0.95238, "recall": 1.0, "f1": 0.97561, "auc": 1.0}
{"epoch": 96, "time_epoch": 0.76704, "eta": 2.64956, "eta_hours": 0.00074, "loss": 0.03856207, "lr": 3.94e-06, "params": 8313, "time_iter": 0.06973, "accuracy": 1.0, "precision": 1.0, "recall": 1.0, "f1": 1.0, "auc": 1.0}
{"epoch": 97, "time_epoch": 0.77009, "eta": 1.76406, "eta_hours": 0.00049, "loss": 0.18685371, "lr": 2.22e-06, "params": 8313, "time_iter": 0.07001, "accuracy": 0.92857, "precision": 0.90476, "recall": 0.95, "f1": 0.92683, "auc": 0.98409}
{"epoch": 98, "time_epoch": 0.76473, "eta": 0.88085, "eta_hours": 0.00024, "loss": 0.06698196, "lr": 9.9e-07, "params": 8313, "time_iter": 0.06952, "accuracy": 0.95238, "precision": 1.0, "recall": 0.9, "f1": 0.94737, "auc": 1.0}
{"epoch": 99, "time_epoch": 0.76406, "eta": 0.0, "eta_hours": 0.0, "loss": 0.09030804, "lr": 2.5e-07, "params": 8313, "time_iter": 0.06946, "accuracy": 0.97619, "precision": 0.95238, "recall": 1.0, "f1": 0.97561, "auc": 0.99773}
