{"epoch": 0, "time_epoch": 1.51351, "eta": 149.83787, "eta_hours": 0.04162, "loss": 0.69458403, "lr": 0.001, "params": 4017, "time_iter": 0.01173, "accuracy": 0.49659, "precision": 0.49944, "recall": 0.85853, "f1": 0.6315, "auc": 0.4787}
{"epoch": 1, "time_epoch": 1.41273, "eta": 143.38617, "eta_hours": 0.03983, "loss": 0.69355792, "lr": 0.00099975, "params": 4017, "time_iter": 0.01095, "accuracy": 0.49075, "precision": 0.49358, "recall": 0.52132, "f1": 0.50707, "auc": 0.49044}
{"epoch": 2, "time_epoch": 1.48097, "eta": 142.50004, "eta_hours": 0.03958, "loss": 0.69376449, "lr": 0.00099901, "params": 4017, "time_iter": 0.01148, "accuracy": 0.49562, "precision": 0.49831, "recall": 0.57267, "f1": 0.53291, "auc": 0.49207}
{"epoch": 3, "time_epoch": 1.49134, "eta": 141.5655, "eta_hours": 0.03932, "loss": 0.6937795, "lr": 0.00099778, "params": 4017, "time_iter": 0.01156, "accuracy": 0.49221, "precision": 0.49625, "recall": 0.70543, "f1": 0.58263, "auc": 0.48242}
{"epoch": 4, "time_epoch": 1.49128, "eta": 140.40708, "eta_hours": 0.039, "loss": 0.69365437, "lr": 0.00099606, "params": 4017, "time_iter": 0.01156, "accuracy": 0.49464, "precision": 0.4947, "recall": 0.27132, "f1": 0.35044, "auc": 0.48862}
{"epoch": 5, "time_epoch": 1.49129, "eta": 139.1378, "eta_hours": 0.03865, "loss": 0.69377459, "lr": 0.00099384, "params": 4017, "time_iter": 0.01156, "accuracy": 0.49611, "precision": 0.49903, "recall": 0.75097, "f1": 0.59961, "auc": 0.47886}
{"epoch": 6, "time_epoch": 1.46285, "eta": 137.42729, "eta_hours": 0.03817, "loss": 0.69350117, "lr": 0.00099114, "params": 4017, "time_iter": 0.01134, "accuracy": 0.49757, "precision": 0.5, "recall": 0.65795, "f1": 0.5682, "auc": 0.47806}
{"epoch": 7, "time_epoch": 1.46075, "eta": 135.75447, "eta_hours": 0.03771, "loss": 0.69359277, "lr": 0.00098796, "params": 4017, "time_iter": 0.01132, "accuracy": 0.4888, "precision": 0.49296, "recall": 0.61047, "f1": 0.54545, "auc": 0.48632}
{"epoch": 8, "time_epoch": 1.41618, "eta": 133.67811, "eta_hours": 0.03713, "loss": 0.69350517, "lr": 0.00098429, "params": 4017, "time_iter": 0.01098, "accuracy": 0.4888, "precision": 0.49392, "recall": 0.70833, "f1": 0.58201, "auc": 0.47709}
{"epoch": 9, "time_epoch": 1.48161, "eta": 132.32274, "eta_hours": 0.03676, "loss": 0.69338628, "lr": 0.00098015, "params": 4017, "time_iter": 0.01149, "accuracy": 0.49416, "precision": 0.49718, "recall": 0.59787, "f1": 0.54289, "auc": 0.48185}
{"epoch": 10, "time_epoch": 1.47447, "eta": 130.88659, "eta_hours": 0.03636, "loss": 0.69336259, "lr": 0.00097553, "params": 4017, "time_iter": 0.01143, "accuracy": 0.49951, "precision": 0.50101, "recall": 0.9593, "f1": 0.65824, "auc": 0.48402}
{"epoch": 11, "time_epoch": 1.44159, "eta": 129.20293, "eta_hours": 0.03589, "loss": 0.6935636, "lr": 0.00097044, "params": 4017, "time_iter": 0.01118, "accuracy": 0.50195, "precision": 0.50234, "recall": 0.93508, "f1": 0.65357, "auc": 0.48743}
{"epoch": 12, "time_epoch": 1.31223, "eta": 126.6908, "eta_hours": 0.03519, "loss": 0.69339232, "lr": 0.00096489, "params": 4017, "time_iter": 0.01017, "accuracy": 0.48734, "precision": 0.48708, "recall": 0.38372, "f1": 0.42927, "auc": 0.47565}
{"epoch": 13, "time_epoch": 1.30687, "eta": 124.31718, "eta_hours": 0.03453, "loss": 0.69342375, "lr": 0.00095888, "params": 4017, "time_iter": 0.01013, "accuracy": 0.49318, "precision": 0.49741, "recall": 0.83818, "f1": 0.62432, "auc": 0.47827}
{"epoch": 14, "time_epoch": 1.32016, "eta": 122.16109, "eta_hours": 0.03393, "loss": 0.69356635, "lr": 0.00095241, "params": 4017, "time_iter": 0.01023, "accuracy": 0.48929, "precision": 0.49194, "recall": 0.50291, "f1": 0.49736, "auc": 0.47736}
{"epoch": 15, "time_epoch": 1.30862, "eta": 120.0489, "eta_hours": 0.03335, "loss": 0.69347791, "lr": 0.0009455, "params": 4017, "time_iter": 0.01014, "accuracy": 0.50243, "precision": 0.50273, "recall": 0.89244, "f1": 0.64316, "auc": 0.48342}
{"epoch": 16, "time_epoch": 1.31891, "eta": 118.08149, "eta_hours": 0.0328, "loss": 0.69338749, "lr": 0.00093815, "params": 4017, "time_iter": 0.01022, "accuracy": 0.49075, "precision": 0.49515, "recall": 0.69283, "f1": 0.57754, "auc": 0.48623}
{"epoch": 17, "time_epoch": 1.31465, "eta": 116.16675, "eta_hours": 0.03227, "loss": 0.69335296, "lr": 0.00093037, "params": 4017, "time_iter": 0.01019, "accuracy": 0.49318, "precision": 0.49273, "recall": 0.29554, "f1": 0.36947, "auc": 0.48487}
{"epoch": 18, "time_epoch": 1.32149, "eta": 114.34431, "eta_hours": 0.03176, "loss": 0.69344505, "lr": 0.00092216, "params": 4017, "time_iter": 0.01024, "accuracy": 0.49172, "precision": 0.49592, "recall": 0.70736, "f1": 0.58307, "auc": 0.48693}
{"epoch": 19, "time_epoch": 1.31888, "eta": 112.56154, "eta_hours": 0.03127, "loss": 0.69336788, "lr": 0.00091354, "params": 4017, "time_iter": 0.01022, "accuracy": 0.48783, "precision": 0.4948, "recall": 0.92248, "f1": 0.64411, "auc": 0.48136}
{"epoch": 20, "time_epoch": 1.3088, "eta": 110.78501, "eta_hours": 0.03077, "loss": 0.69334587, "lr": 0.00090451, "params": 4017, "time_iter": 0.01015, "accuracy": 0.49026, "precision": 0.49487, "recall": 0.70058, "f1": 0.58002, "auc": 0.48337}
{"epoch": 21, "time_epoch": 1.32603, "eta": 109.11211, "eta_hours": 0.03031, "loss": 0.69344405, "lr": 0.00089508, "params": 4017, "time_iter": 0.01028, "accuracy": 0.4927, "precision": 0.49712, "recall": 0.83527, "f1": 0.62328, "auc": 0.46522}
{"epoch": 22, "time_epoch": 1.30619, "eta": 107.40293, "eta_hours": 0.02983, "loss": 0.69364187, "lr": 0.00088526, "params": 4017, "time_iter": 0.01013, "accuracy": 0.49562, "precision": 0.49875, "recall": 0.77616, "f1": 0.60728, "auc": 0.48145}
{"epoch": 23, "time_epoch": 1.31219, "eta": 105.74634, "eta_hours": 0.02937, "loss": 0.69333171, "lr": 0.00087506, "params": 4017, "time_iter": 0.01017, "accuracy": 0.48978, "precision": 0.49029, "recall": 0.39147, "f1": 0.43534, "auc": 0.47356}
{"epoch": 24, "time_epoch": 1.31734, "eta": 104.13276, "eta_hours": 0.02893, "loss": 0.6933846, "lr": 0.00086448, "params": 4017, "time_iter": 0.01021, "accuracy": 0.48978, "precision": 0.49555, "recall": 0.86337, "f1": 0.62968, "auc": 0.47432}
{"epoch": 25, "time_epoch": 1.32184, "eta": 102.55479, "eta_hours": 0.02849, "loss": 0.69332351, "lr": 0.00085355, "params": 4017, "time_iter": 0.01025, "accuracy": 0.49318, "precision": 0.49724, "recall": 0.78682, "f1": 0.60938, "auc": 0.48234}
{"epoch": 26, "time_epoch": 1.31967, "eta": 100.98992, "eta_hours": 0.02805, "loss": 0.69331798, "lr": 0.00084227, "params": 4017, "time_iter": 0.01023, "accuracy": 0.48783, "precision": 0.49276, "recall": 0.65988, "f1": 0.56421, "auc": 0.47912}
{"epoch": 27, "time_epoch": 1.32631, "eta": 99.45962, "eta_hours": 0.02763, "loss": 0.69326325, "lr": 0.00083066, "params": 4017, "time_iter": 0.01028, "accuracy": 0.49805, "precision": 0.50025, "recall": 0.98837, "f1": 0.66428, "auc": 0.44666}
{"epoch": 28, "time_epoch": 1.33603, "eta": 97.96721, "eta_hours": 0.02721, "loss": 0.69324998, "lr": 0.00081871, "params": 4017, "time_iter": 0.01036, "accuracy": 0.49903, "precision": 0.50309, "recall": 0.23643, "f1": 0.32169, "auc": 0.49811}
{"epoch": 29, "time_epoch": 1.36248, "eta": 96.54693, "eta_hours": 0.02682, "loss": 0.69356268, "lr": 0.00080645, "params": 4017, "time_iter": 0.01056, "accuracy": 0.49221, "precision": 0.49592, "recall": 0.64826, "f1": 0.56195, "auc": 0.47764}
{"epoch": 30, "time_epoch": 1.33954, "eta": 95.07932, "eta_hours": 0.02641, "loss": 0.69323891, "lr": 0.00079389, "params": 4017, "time_iter": 0.01038, "accuracy": 0.50243, "precision": 0.50243, "recall": 1.0, "f1": 0.66883, "auc": 0.49662}
{"epoch": 31, "time_epoch": 1.33416, "eta": 93.60828, "eta_hours": 0.026, "loss": 0.6934147, "lr": 0.00078104, "params": 4017, "time_iter": 0.01034, "accuracy": 0.49805, "precision": 0.50251, "recall": 0.0969, "f1": 0.16247, "auc": 0.479}
{"epoch": 32, "time_epoch": 1.32892, "eta": 92.1349, "eta_hours": 0.02559, "loss": 0.69336012, "lr": 0.00076791, "params": 4017, "time_iter": 0.0103, "accuracy": 0.50243, "precision": 0.50243, "recall": 1.0, "f1": 0.66883, "auc": 0.45939}
{"epoch": 33, "time_epoch": 1.33566, "eta": 90.6831, "eta_hours": 0.02519, "loss": 0.69335174, "lr": 0.00075452, "params": 4017, "time_iter": 0.01035, "accuracy": 0.50243, "precision": 0.50243, "recall": 1.0, "f1": 0.66883, "auc": 0.47395}
{"epoch": 34, "time_epoch": 1.33119, "eta": 89.22964, "eta_hours": 0.02479, "loss": 0.69347847, "lr": 0.00074088, "params": 4017, "time_iter": 0.01032, "accuracy": 0.49611, "precision": 0.49839, "recall": 0.44864, "f1": 0.47221, "auc": 0.48827}
{"epoch": 35, "time_epoch": 1.33235, "eta": 87.78504, "eta_hours": 0.02438, "loss": 0.69338965, "lr": 0.000727, "params": 4017, "time_iter": 0.01033, "accuracy": 0.50243, "precision": 0.50243, "recall": 1.0, "f1": 0.66883, "auc": 0.47992}
{"epoch": 36, "time_epoch": 1.34678, "eta": 86.37107, "eta_hours": 0.02399, "loss": 0.69333478, "lr": 0.00071289, "params": 4017, "time_iter": 0.01044, "accuracy": 0.4888, "precision": 0.49476, "recall": 0.82364, "f1": 0.61818, "auc": 0.47298}
{"epoch": 37, "time_epoch": 1.33059, "eta": 84.93422, "eta_hours": 0.02359, "loss": 0.69337537, "lr": 0.00069857, "params": 4017, "time_iter": 0.01031, "accuracy": 0.50243, "precision": 0.50243, "recall": 1.0, "f1": 0.66883, "auc": 0.48628}
{"epoch": 38, "time_epoch": 1.33382, "eta": 83.50786, "eta_hours": 0.0232, "loss": 0.69338038, "lr": 0.00068406, "params": 4017, "time_iter": 0.01034, "accuracy": 0.4742, "precision": 0.46581, "recall": 0.31686, "f1": 0.37716, "auc": 0.46318}
{"epoch": 39, "time_epoch": 1.32982, "eta": 82.08014, "eta_hours": 0.0228, "loss": 0.69321692, "lr": 0.00066937, "params": 4017, "time_iter": 0.01031, "accuracy": 0.50243, "precision": 0.50243, "recall": 1.0, "f1": 0.66883, "auc": 0.4792}
{"epoch": 40, "time_epoch": 1.33093, "eta": 80.65879, "eta_hours": 0.02241, "loss": 0.69326366, "lr": 0.00065451, "params": 4017, "time_iter": 0.01032, "accuracy": 0.50243, "precision": 0.50243, "recall": 1.0, "f1": 0.66883, "auc": 0.47414}
{"epoch": 41, "time_epoch": 1.34397, "eta": 79.25976, "eta_hours": 0.02202, "loss": 0.69329502, "lr": 0.0006395, "params": 4017, "time_iter": 0.01042, "accuracy": 0.50243, "precision": 0.50243, "recall": 1.0, "f1": 0.66883, "auc": 0.46663}
{"epoch": 42, "time_epoch": 1.32906, "eta": 77.84351, "eta_hours": 0.02162, "loss": 0.69331371, "lr": 0.00062434, "params": 4017, "time_iter": 0.0103, "accuracy": 0.46787, "precision": 0.46922, "recall": 0.45058, "f1": 0.45971, "auc": 0.45186}
{"epoch": 43, "time_epoch": 1.33082, "eta": 76.43348, "eta_hours": 0.02123, "loss": 0.69331738, "lr": 0.00060907, "params": 4017, "time_iter": 0.01032, "accuracy": 0.50243, "precision": 0.50243, "recall": 1.0, "f1": 0.66883, "auc": 0.48102}
{"epoch": 44, "time_epoch": 1.33658, "eta": 75.03401, "eta_hours": 0.02084, "loss": 0.69322348, "lr": 0.00059369, "params": 4017, "time_iter": 0.01036, "accuracy": 0.4927, "precision": 0.49495, "recall": 0.47481, "f1": 0.48467, "auc": 0.48749}
{"epoch": 45, "time_epoch": 1.33301, "eta": 73.63308, "eta_hours": 0.02045, "loss": 0.69330005, "lr": 0.00057822, "params": 4017, "time_iter": 0.01033, "accuracy": 0.50243, "precision": 0.50243, "recall": 1.0, "f1": 0.66883, "auc": 0.48677}
{"epoch": 46, "time_epoch": 1.32949, "eta": 72.23106, "eta_hours": 0.02006, "loss": 0.69336362, "lr": 0.00056267, "params": 4017, "time_iter": 0.01031, "accuracy": 0.49172, "precision": 0.49678, "recall": 0.89632, "f1": 0.63925, "auc": 0.46791}
{"epoch": 47, "time_epoch": 1.33772, "eta": 70.84099, "eta_hours": 0.01968, "loss": 0.6932443, "lr": 0.00054705, "params": 4017, "time_iter": 0.01037, "accuracy": 0.48978, "precision": 0.49526, "recall": 0.80911, "f1": 0.61442, "auc": 0.47391}
{"epoch": 48, "time_epoch": 1.3459, "eta": 69.46156, "eta_hours": 0.01929, "loss": 0.6933529, "lr": 0.0005314, "params": 4017, "time_iter": 0.01043, "accuracy": 0.50243, "precision": 0.50243, "recall": 1.0, "f1": 0.66883, "auc": 0.47078}
{"epoch": 49, "time_epoch": 1.33035, "eta": 68.06793, "eta_hours": 0.01891, "loss": 0.69327268, "lr": 0.00051571, "params": 4017, "time_iter": 0.01031, "accuracy": 0.50243, "precision": 0.50243, "recall": 1.0, "f1": 0.66883, "auc": 0.45841}
{"epoch": 50, "time_epoch": 1.33667, "eta": 66.68285, "eta_hours": 0.01852, "loss": 0.6932035, "lr": 0.0005, "params": 4017, "time_iter": 0.01036, "accuracy": 0.50243, "precision": 0.50243, "recall": 1.0, "f1": 0.66883, "auc": 0.47411}
{"epoch": 51, "time_epoch": 1.33295, "eta": 65.2962, "eta_hours": 0.01814, "loss": 0.69320908, "lr": 0.00048429, "params": 4017, "time_iter": 0.01033, "accuracy": 0.50243, "precision": 0.50243, "recall": 1.0, "f1": 0.66883, "auc": 0.48735}
{"epoch": 52, "time_epoch": 1.36154, "eta": 63.93693, "eta_hours": 0.01776, "loss": 0.69323985, "lr": 0.0004686, "params": 4017, "time_iter": 0.01055, "accuracy": 0.48491, "precision": 0.49134, "recall": 0.71512, "f1": 0.58248, "auc": 0.46929}
{"epoch": 53, "time_epoch": 1.44526, "eta": 62.64889, "eta_hours": 0.0174, "loss": 0.69320377, "lr": 0.00045295, "params": 4017, "time_iter": 0.0112, "accuracy": 0.49805, "precision": 0.50039, "recall": 0.61822, "f1": 0.5531, "auc": 0.48855}
{"epoch": 54, "time_epoch": 1.32486, "eta": 61.25662, "eta_hours": 0.01702, "loss": 0.69322754, "lr": 0.00043733, "params": 4017, "time_iter": 0.01027, "accuracy": 0.48685, "precision": 0.49333, "recall": 0.78876, "f1": 0.60701, "auc": 0.46777}
{"epoch": 55, "time_epoch": 1.34501, "eta": 59.8826, "eta_hours": 0.01663, "loss": 0.69322416, "lr": 0.00042178, "params": 4017, "time_iter": 0.01043, "accuracy": 0.50243, "precision": 0.50243, "recall": 1.0, "f1": 0.66883, "auc": 0.48791}
{"epoch": 56, "time_epoch": 1.3503, "eta": 58.51358, "eta_hours": 0.01625, "loss": 0.69322509, "lr": 0.00040631, "params": 4017, "time_iter": 0.01047, "accuracy": 0.49367, "precision": 0.49666, "recall": 0.57558, "f1": 0.53321, "auc": 0.4793}
{"epoch": 57, "time_epoch": 1.33388, "eta": 57.13332, "eta_hours": 0.01587, "loss": 0.6932382, "lr": 0.00039093, "params": 4017, "time_iter": 0.01034, "accuracy": 0.50243, "precision": 0.50243, "recall": 1.0, "f1": 0.66883, "auc": 0.47563}
{"epoch": 58, "time_epoch": 1.33765, "eta": 55.75725, "eta_hours": 0.01549, "loss": 0.69319554, "lr": 0.00037566, "params": 4017, "time_iter": 0.01037, "accuracy": 0.50243, "precision": 0.50243, "recall": 1.0, "f1": 0.66883, "auc": 0.46467}
{"epoch": 59, "time_epoch": 1.34397, "eta": 54.38668, "eta_hours": 0.01511, "loss": 0.69324395, "lr": 0.0003605, "params": 4017, "time_iter": 0.01042, "accuracy": 0.47663, "precision": 0.41569, "recall": 0.10271, "f1": 0.16472, "auc": 0.46653}
{"epoch": 60, "time_epoch": 1.33497, "eta": 53.01122, "eta_hours": 0.01473, "loss": 0.69319848, "lr": 0.00034549, "params": 4017, "time_iter": 0.01035, "accuracy": 0.50243, "precision": 0.50243, "recall": 1.0, "f1": 0.66883, "auc": 0.47719}
{"epoch": 61, "time_epoch": 1.34465, "eta": 51.64301, "eta_hours": 0.01435, "loss": 0.69322622, "lr": 0.00033063, "params": 4017, "time_iter": 0.01042, "accuracy": 0.50243, "precision": 0.50243, "recall": 1.0, "f1": 0.66883, "auc": 0.47946}
{"epoch": 62, "time_epoch": 1.33556, "eta": 50.2702, "eta_hours": 0.01396, "loss": 0.69322394, "lr": 0.00031594, "params": 4017, "time_iter": 0.01035, "accuracy": 0.48491, "precision": 0.49091, "recall": 0.68023, "f1": 0.57027, "auc": 0.4738}
{"epoch": 63, "time_epoch": 1.35284, "eta": 48.90827, "eta_hours": 0.01359, "loss": 0.69319599, "lr": 0.00030143, "params": 4017, "time_iter": 0.01049, "accuracy": 0.50243, "precision": 0.50243, "recall": 1.0, "f1": 0.66883, "auc": 0.47864}
{"epoch": 64, "time_epoch": 1.3316, "eta": 47.53519, "eta_hours": 0.0132, "loss": 0.6932311, "lr": 0.00028711, "params": 4017, "time_iter": 0.01032, "accuracy": 0.49221, "precision": 0.49623, "recall": 0.70058, "f1": 0.58096, "auc": 0.46901}
{"epoch": 65, "time_epoch": 1.34575, "eta": 46.17066, "eta_hours": 0.01283, "loss": 0.69319326, "lr": 0.000273, "params": 4017, "time_iter": 0.01043, "accuracy": 0.50243, "precision": 0.50243, "recall": 1.0, "f1": 0.66883, "auc": 0.48711}
{"epoch": 66, "time_epoch": 1.33989, "eta": 44.8038, "eta_hours": 0.01245, "loss": 0.69317932, "lr": 0.00025912, "params": 4017, "time_iter": 0.01039, "accuracy": 0.50243, "precision": 0.50243, "recall": 1.0, "f1": 0.66883, "auc": 0.47466}
{"epoch": 67, "time_epoch": 1.36422, "eta": 43.44918, "eta_hours": 0.01207, "loss": 0.69321749, "lr": 0.00024548, "params": 4017, "time_iter": 0.01058, "accuracy": 0.49659, "precision": 0.49944, "recall": 0.86047, "f1": 0.63203, "auc": 0.48099}
{"epoch": 68, "time_epoch": 1.33724, "eta": 42.08216, "eta_hours": 0.01169, "loss": 0.6932068, "lr": 0.00023209, "params": 4017, "time_iter": 0.01037, "accuracy": 0.50243, "precision": 0.50243, "recall": 1.0, "f1": 0.66883, "auc": 0.48343}
{"epoch": 69, "time_epoch": 1.34783, "eta": 40.72053, "eta_hours": 0.01131, "loss": 0.69319902, "lr": 0.00021896, "params": 4017, "time_iter": 0.01045, "accuracy": 0.50243, "precision": 0.50243, "recall": 1.0, "f1": 0.66883, "auc": 0.47851}
{"epoch": 70, "time_epoch": 1.34082, "eta": 39.35643, "eta_hours": 0.01093, "loss": 0.69321628, "lr": 0.00020611, "params": 4017, "time_iter": 0.01039, "accuracy": 0.50243, "precision": 0.50243, "recall": 1.0, "f1": 0.66883, "auc": 0.47578}
{"epoch": 71, "time_epoch": 1.36704, "eta": 38.00317, "eta_hours": 0.01056, "loss": 0.6931989, "lr": 0.00019355, "params": 4017, "time_iter": 0.0106, "accuracy": 0.50243, "precision": 0.50243, "recall": 1.0, "f1": 0.66883, "auc": 0.47117}
{"epoch": 72, "time_epoch": 1.34693, "eta": 36.6421, "eta_hours": 0.01018, "loss": 0.69316994, "lr": 0.00018129, "params": 4017, "time_iter": 0.01044, "accuracy": 0.50243, "precision": 0.50243, "recall": 1.0, "f1": 0.66883, "auc": 0.4505}
{"epoch": 73, "time_epoch": 1.34811, "eta": 35.28182, "eta_hours": 0.0098, "loss": 0.69318028, "lr": 0.00016934, "params": 4017, "time_iter": 0.01045, "accuracy": 0.50243, "precision": 0.50243, "recall": 1.0, "f1": 0.66883, "auc": 0.4786}
{"epoch": 74, "time_epoch": 1.34282, "eta": 33.9201, "eta_hours": 0.00942, "loss": 0.69320258, "lr": 0.00015773, "params": 4017, "time_iter": 0.01041, "accuracy": 0.50243, "precision": 0.50243, "recall": 1.0, "f1": 0.66883, "auc": 0.47676}
{"epoch": 75, "time_epoch": 1.33179, "eta": 32.5554, "eta_hours": 0.00904, "loss": 0.69317697, "lr": 0.00014645, "params": 4017, "time_iter": 0.01032, "accuracy": 0.50243, "precision": 0.50243, "recall": 1.0, "f1": 0.66883, "auc": 0.47637}
{"epoch": 76, "time_epoch": 1.3308, "eta": 31.19126, "eta_hours": 0.00866, "loss": 0.69316063, "lr": 0.00013552, "params": 4017, "time_iter": 0.01032, "accuracy": 0.50243, "precision": 0.50243, "recall": 1.0, "f1": 0.66883, "auc": 0.46934}
{"epoch": 77, "time_epoch": 1.36686, "eta": 29.83814, "eta_hours": 0.00829, "loss": 0.69317493, "lr": 0.00012494, "params": 4017, "time_iter": 0.0106, "accuracy": 0.50243, "precision": 0.50243, "recall": 1.0, "f1": 0.66883, "auc": 0.46468}
{"epoch": 78, "time_epoch": 1.36869, "eta": 28.48516, "eta_hours": 0.00791, "loss": 0.69315777, "lr": 0.00011474, "params": 4017, "time_iter": 0.01061, "accuracy": 0.50243, "precision": 0.50243, "recall": 1.0, "f1": 0.66883, "auc": 0.47792}
{"epoch": 79, "time_epoch": 1.33255, "eta": 27.12275, "eta_hours": 0.00753, "loss": 0.69316881, "lr": 0.00010492, "params": 4017, "time_iter": 0.01033, "accuracy": 0.50243, "precision": 0.50243, "recall": 1.0, "f1": 0.66883, "auc": 0.4664}
{"epoch": 80, "time_epoch": 1.33585, "eta": 25.76185, "eta_hours": 0.00716, "loss": 0.69316617, "lr": 9.549e-05, "params": 4017, "time_iter": 0.01036, "accuracy": 0.50243, "precision": 0.50243, "recall": 1.0, "f1": 0.66883, "auc": 0.4659}
{"epoch": 81, "time_epoch": 1.33473, "eta": 24.40132, "eta_hours": 0.00678, "loss": 0.69317403, "lr": 8.646e-05, "params": 4017, "time_iter": 0.01035, "accuracy": 0.50243, "precision": 0.50243, "recall": 1.0, "f1": 0.66883, "auc": 0.46562}
{"epoch": 82, "time_epoch": 1.33496, "eta": 23.04146, "eta_hours": 0.0064, "loss": 0.69316586, "lr": 7.784e-05, "params": 4017, "time_iter": 0.01035, "accuracy": 0.50243, "precision": 0.50243, "recall": 1.0, "f1": 0.66883, "auc": 0.4711}
{"epoch": 83, "time_epoch": 1.33911, "eta": 21.68298, "eta_hours": 0.00602, "loss": 0.69316284, "lr": 6.963e-05, "params": 4017, "time_iter": 0.01038, "accuracy": 0.50243, "precision": 0.50243, "recall": 1.0, "f1": 0.66883, "auc": 0.47818}
{"epoch": 84, "time_epoch": 1.33446, "eta": 20.32414, "eta_hours": 0.00565, "loss": 0.69316131, "lr": 6.185e-05, "params": 4017, "time_iter": 0.01034, "accuracy": 0.50243, "precision": 0.50243, "recall": 1.0, "f1": 0.66883, "auc": 0.46908}
{"epoch": 85, "time_epoch": 1.33105, "eta": 18.96531, "eta_hours": 0.00527, "loss": 0.69315243, "lr": 5.45e-05, "params": 4017, "time_iter": 0.01032, "accuracy": 0.50243, "precision": 0.50243, "recall": 1.0, "f1": 0.66883, "auc": 0.4643}
{"epoch": 86, "time_epoch": 1.3317, "eta": 17.60721, "eta_hours": 0.00489, "loss": 0.69315961, "lr": 4.759e-05, "params": 4017, "time_iter": 0.01032, "accuracy": 0.50243, "precision": 0.50243, "recall": 1.0, "f1": 0.66883, "auc": 0.46099}
{"epoch": 87, "time_epoch": 1.3483, "eta": 16.25198, "eta_hours": 0.00451, "loss": 0.69314415, "lr": 4.112e-05, "params": 4017, "time_iter": 0.01045, "accuracy": 0.50243, "precision": 0.50243, "recall": 1.0, "f1": 0.66883, "auc": 0.47928}
{"epoch": 88, "time_epoch": 1.34104, "eta": 14.896, "eta_hours": 0.00414, "loss": 0.69314464, "lr": 3.511e-05, "params": 4017, "time_iter": 0.0104, "accuracy": 0.50243, "precision": 0.50243, "recall": 1.0, "f1": 0.66883, "auc": 0.47554}
{"epoch": 89, "time_epoch": 1.33174, "eta": 13.53933, "eta_hours": 0.00376, "loss": 0.69314434, "lr": 2.956e-05, "params": 4017, "time_iter": 0.01032, "accuracy": 0.50243, "precision": 0.50243, "recall": 1.0, "f1": 0.66883, "auc": 0.46885}
{"epoch": 90, "time_epoch": 1.33043, "eta": 12.18307, "eta_hours": 0.00338, "loss": 0.69314015, "lr": 2.447e-05, "params": 4017, "time_iter": 0.01031, "accuracy": 0.50243, "precision": 0.50243, "recall": 1.0, "f1": 0.66883, "auc": 0.48036}
{"epoch": 91, "time_epoch": 1.3348, "eta": 10.82775, "eta_hours": 0.00301, "loss": 0.69314447, "lr": 1.985e-05, "params": 4017, "time_iter": 0.01035, "accuracy": 0.50243, "precision": 0.50243, "recall": 1.0, "f1": 0.66883, "auc": 0.46902}
{"epoch": 92, "time_epoch": 1.34064, "eta": 9.47332, "eta_hours": 0.00263, "loss": 0.69314016, "lr": 1.571e-05, "params": 4017, "time_iter": 0.01039, "accuracy": 0.50243, "precision": 0.50243, "recall": 1.0, "f1": 0.66883, "auc": 0.4662}
{"epoch": 93, "time_epoch": 1.33444, "eta": 8.11878, "eta_hours": 0.00226, "loss": 0.69313679, "lr": 1.204e-05, "params": 4017, "time_iter": 0.01034, "accuracy": 0.50243, "precision": 0.50243, "recall": 1.0, "f1": 0.66883, "auc": 0.48918}
{"epoch": 94, "time_epoch": 1.33211, "eta": 6.76455, "eta_hours": 0.00188, "loss": 0.69313865, "lr": 8.86e-06, "params": 4017, "time_iter": 0.01033, "accuracy": 0.50243, "precision": 0.50243, "recall": 1.0, "f1": 0.66883, "auc": 0.47449}
{"epoch": 95, "time_epoch": 1.33779, "eta": 5.41101, "eta_hours": 0.0015, "loss": 0.69313699, "lr": 6.16e-06, "params": 4017, "time_iter": 0.01037, "accuracy": 0.50243, "precision": 0.50243, "recall": 1.0, "f1": 0.66883, "auc": 0.48209}
{"epoch": 96, "time_epoch": 1.33463, "eta": 4.05769, "eta_hours": 0.00113, "loss": 0.69313496, "lr": 3.94e-06, "params": 4017, "time_iter": 0.01035, "accuracy": 0.50243, "precision": 0.50243, "recall": 1.0, "f1": 0.66883, "auc": 0.50934}
{"epoch": 97, "time_epoch": 1.3405, "eta": 2.70488, "eta_hours": 0.00075, "loss": 0.69313531, "lr": 2.22e-06, "params": 4017, "time_iter": 0.01039, "accuracy": 0.50243, "precision": 0.50243, "recall": 1.0, "f1": 0.66883, "auc": 0.50726}
{"epoch": 98, "time_epoch": 1.33167, "eta": 1.35223, "eta_hours": 0.00038, "loss": 0.69313405, "lr": 9.9e-07, "params": 4017, "time_iter": 0.01032, "accuracy": 0.50243, "precision": 0.50243, "recall": 1.0, "f1": 0.66883, "auc": 0.52327}
{"epoch": 99, "time_epoch": 1.33703, "eta": 0.0, "eta_hours": 0.0, "loss": 0.6931352, "lr": 2.5e-07, "params": 4017, "time_iter": 0.01036, "accuracy": 0.50243, "precision": 0.50243, "recall": 1.0, "f1": 0.66883, "auc": 0.50372}
