{"epoch": 0, "time_epoch": 51.70337, "eta": 5118.63399, "eta_hours": 1.42184, "loss": 0.6943321, "lr": 0.001, "params": 4143, "time_iter": 0.4008, "accuracy": 0.49951, "precision": 0.50621, "recall": 0.15795, "f1": 0.24077, "auc": 0.51032}
{"epoch": 1, "time_epoch": 51.76719, "eta": 5070.05743, "eta_hours": 1.40835, "loss": 0.69332269, "lr": 0.00099975, "params": 4143, "time_iter": 0.4013, "accuracy": 0.50243, "precision": 0.50243, "recall": 1.0, "f1": 0.66883, "auc": 0.48314}
{"epoch": 2, "time_epoch": 51.91124, "eta": 5024.01152, "eta_hours": 1.39556, "loss": 0.69334482, "lr": 0.00099901, "params": 4143, "time_iter": 0.40241, "accuracy": 0.49026, "precision": 0.49392, "recall": 0.59012, "f1": 0.53775, "auc": 0.4749}
{"epoch": 3, "time_epoch": 51.67642, "eta": 4969.39731, "eta_hours": 1.38039, "loss": 0.69337529, "lr": 0.00099778, "params": 4143, "time_iter": 0.40059, "accuracy": 0.49464, "precision": 0.49162, "recall": 0.17054, "f1": 0.25324, "auc": 0.48313}
{"epoch": 4, "time_epoch": 51.78087, "eta": 4917.94273, "eta_hours": 1.3661, "loss": 0.69340572, "lr": 0.00099606, "params": 4143, "time_iter": 0.4014, "accuracy": 0.50243, "precision": 0.50243, "recall": 1.0, "f1": 0.66883, "auc": 0.46597}
{"epoch": 5, "time_epoch": 51.78246, "eta": 4866.40436, "eta_hours": 1.35178, "loss": 0.69330943, "lr": 0.00099384, "params": 4143, "time_iter": 0.40141, "accuracy": 0.49416, "precision": 0.49587, "recall": 0.40698, "f1": 0.44705, "auc": 0.4848}
{"epoch": 6, "time_epoch": 51.69418, "eta": 4813.62335, "eta_hours": 1.33712, "loss": 0.69345344, "lr": 0.00099114, "params": 4143, "time_iter": 0.40073, "accuracy": 0.49562, "precision": 0.4989, "recall": 0.87694, "f1": 0.63598, "auc": 0.47719}
{"epoch": 7, "time_epoch": 51.79559, "eta": 4762.28021, "eta_hours": 1.32286, "loss": 0.6933111, "lr": 0.00098796, "params": 4143, "time_iter": 0.40152, "accuracy": 0.49513, "precision": 0.49836, "recall": 0.7345, "f1": 0.59381, "auc": 0.48743}
{"epoch": 8, "time_epoch": 51.77318, "eta": 4710.60998, "eta_hours": 1.3085, "loss": 0.69333539, "lr": 0.00098429, "params": 4143, "time_iter": 0.40134, "accuracy": 0.49318, "precision": 0.49546, "recall": 0.47578, "f1": 0.48542, "auc": 0.48014}
{"epoch": 9, "time_epoch": 51.70947, "eta": 4658.34575, "eta_hours": 1.29398, "loss": 0.69334487, "lr": 0.00098015, "params": 4143, "time_iter": 0.40085, "accuracy": 0.50243, "precision": 0.50243, "recall": 1.0, "f1": 0.66883, "auc": 0.46905}
{"epoch": 10, "time_epoch": 51.75883, "eta": 4606.58178, "eta_hours": 1.27961, "loss": 0.69335045, "lr": 0.00097553, "params": 4143, "time_iter": 0.40123, "accuracy": 0.49611, "precision": 0.49924, "recall": 0.95833, "f1": 0.65649, "auc": 0.47715}
{"epoch": 11, "time_epoch": 51.73145, "eta": 4554.6179, "eta_hours": 1.26517, "loss": 0.69328764, "lr": 0.00097044, "params": 4143, "time_iter": 0.40102, "accuracy": 0.50049, "precision": 0.50147, "recall": 0.99031, "f1": 0.6658, "auc": 0.4817}
{"epoch": 12, "time_epoch": 51.97716, "eta": 4504.33413, "eta_hours": 1.2512, "loss": 0.69338716, "lr": 0.00096489, "params": 4143, "time_iter": 0.40292, "accuracy": 0.49513, "precision": 0.49823, "recall": 0.6812, "f1": 0.57552, "auc": 0.47152}
{"epoch": 13, "time_epoch": 52.02227, "eta": 4454.08552, "eta_hours": 1.23725, "loss": 0.69336132, "lr": 0.00095888, "params": 4143, "time_iter": 0.40327, "accuracy": 0.48978, "precision": 0.49202, "recall": 0.47771, "f1": 0.48476, "auc": 0.4864}
{"epoch": 14, "time_epoch": 51.9503, "eta": 4403.19259, "eta_hours": 1.22311, "loss": 0.69328891, "lr": 0.00095241, "params": 4143, "time_iter": 0.40272, "accuracy": 0.48588, "precision": 0.4932, "recall": 0.84399, "f1": 0.62259, "auc": 0.47333}
{"epoch": 15, "time_epoch": 51.96901, "eta": 4352.26574, "eta_hours": 1.20896, "loss": 0.69330232, "lr": 0.0009455, "params": 4143, "time_iter": 0.40286, "accuracy": 0.48637, "precision": 0.4931, "recall": 0.79651, "f1": 0.60911, "auc": 0.47224}
{"epoch": 16, "time_epoch": 52.109, "eta": 4301.89976, "eta_hours": 1.19497, "loss": 0.69336523, "lr": 0.00093815, "params": 4143, "time_iter": 0.40395, "accuracy": 0.48978, "precision": 0.49337, "recall": 0.57655, "f1": 0.53172, "auc": 0.4789}
{"epoch": 17, "time_epoch": 52.187, "eta": 4251.69543, "eta_hours": 1.18103, "loss": 0.69338787, "lr": 0.00093037, "params": 4143, "time_iter": 0.40455, "accuracy": 0.49464, "precision": 0.49783, "recall": 0.66667, "f1": 0.57001, "auc": 0.47875}
{"epoch": 18, "time_epoch": 52.06222, "eta": 4200.75044, "eta_hours": 1.16688, "loss": 0.69336587, "lr": 0.00092216, "params": 4143, "time_iter": 0.40358, "accuracy": 0.50243, "precision": 0.50243, "recall": 1.0, "f1": 0.66883, "auc": 0.46969}
{"epoch": 19, "time_epoch": 52.08753, "eta": 4149.79499, "eta_hours": 1.15272, "loss": 0.69322733, "lr": 0.00091354, "params": 4143, "time_iter": 0.40378, "accuracy": 0.50243, "precision": 0.50243, "recall": 1.0, "f1": 0.66883, "auc": 0.48482}
{"epoch": 20, "time_epoch": 51.89826, "eta": 4098.01968, "eta_hours": 1.13834, "loss": 0.69325062, "lr": 0.00090451, "params": 4143, "time_iter": 0.40231, "accuracy": 0.49464, "precision": 0.4984, "recall": 0.90698, "f1": 0.6433, "auc": 0.46288}
{"epoch": 21, "time_epoch": 51.97204, "eta": 4046.4948, "eta_hours": 1.12403, "loss": 0.69329539, "lr": 0.00089508, "params": 4143, "time_iter": 0.40288, "accuracy": 0.50243, "precision": 0.50243, "recall": 1.0, "f1": 0.66883, "auc": 0.4633}
{"epoch": 22, "time_epoch": 51.98688, "eta": 3994.9807, "eta_hours": 1.10972, "loss": 0.69335726, "lr": 0.00088526, "params": 4143, "time_iter": 0.403, "accuracy": 0.48783, "precision": 0.49182, "recall": 0.58236, "f1": 0.53327, "auc": 0.47736}
{"epoch": 23, "time_epoch": 51.95608, "eta": 3943.32969, "eta_hours": 1.09537, "loss": 0.69323627, "lr": 0.00087506, "params": 4143, "time_iter": 0.40276, "accuracy": 0.50243, "precision": 0.50243, "recall": 1.0, "f1": 0.66883, "auc": 0.47719}
{"epoch": 24, "time_epoch": 51.98342, "eta": 3891.73628, "eta_hours": 1.08104, "loss": 0.69326935, "lr": 0.00086448, "params": 4143, "time_iter": 0.40297, "accuracy": 0.48832, "precision": 0.49205, "recall": 0.56977, "f1": 0.52806, "auc": 0.48159}
{"epoch": 25, "time_epoch": 51.97822, "eta": 3840.09806, "eta_hours": 1.06669, "loss": 0.69320207, "lr": 0.00085355, "params": 4143, "time_iter": 0.40293, "accuracy": 0.50243, "precision": 0.50243, "recall": 1.0, "f1": 0.66883, "auc": 0.48}
{"epoch": 26, "time_epoch": 52.01129, "eta": 3788.52409, "eta_hours": 1.05237, "loss": 0.69327073, "lr": 0.00084227, "params": 4143, "time_iter": 0.40319, "accuracy": 0.48783, "precision": 0.49422, "recall": 0.82849, "f1": 0.61912, "auc": 0.47806}
{"epoch": 27, "time_epoch": 52.08726, "eta": 3737.11423, "eta_hours": 1.03809, "loss": 0.69325069, "lr": 0.00083066, "params": 4143, "time_iter": 0.40378, "accuracy": 0.49611, "precision": 0.49921, "recall": 0.91957, "f1": 0.64712, "auc": 0.47641}
{"epoch": 28, "time_epoch": 52.08828, "eta": 3685.66014, "eta_hours": 1.02379, "loss": 0.69328761, "lr": 0.00081871, "params": 4143, "time_iter": 0.40379, "accuracy": 0.48101, "precision": 0.48972, "recall": 0.78488, "f1": 0.60313, "auc": 0.45277}
{"epoch": 29, "time_epoch": 52.02713, "eta": 3634.02109, "eta_hours": 1.00945, "loss": 0.69324878, "lr": 0.00080645, "params": 4143, "time_iter": 0.40331, "accuracy": 0.50243, "precision": 0.50243, "recall": 1.0, "f1": 0.66883, "auc": 0.48601}
{"epoch": 30, "time_epoch": 52.02694, "eta": 3582.35659, "eta_hours": 0.9951, "loss": 0.6932791, "lr": 0.00079389, "params": 4143, "time_iter": 0.40331, "accuracy": 0.49464, "precision": 0.49758, "recall": 0.5969, "f1": 0.54273, "auc": 0.4836}
{"epoch": 31, "time_epoch": 52.05589, "eta": 3530.73094, "eta_hours": 0.98076, "loss": 0.69323693, "lr": 0.00078104, "params": 4143, "time_iter": 0.40353, "accuracy": 0.49367, "precision": 0.49655, "recall": 0.55717, "f1": 0.52511, "auc": 0.4884}
{"epoch": 32, "time_epoch": 52.04663, "eta": 3479.06043, "eta_hours": 0.96641, "loss": 0.6932789, "lr": 0.00076791, "params": 4143, "time_iter": 0.40346, "accuracy": 0.50243, "precision": 0.50243, "recall": 1.0, "f1": 0.66883, "auc": 0.48574}
{"epoch": 33, "time_epoch": 52.01696, "eta": 3427.3102, "eta_hours": 0.95203, "loss": 0.69338275, "lr": 0.00075452, "params": 4143, "time_iter": 0.40323, "accuracy": 0.48296, "precision": 0.48469, "recall": 0.46027, "f1": 0.47217, "auc": 0.4776}
{"epoch": 34, "time_epoch": 52.11382, "eta": 3375.7246, "eta_hours": 0.9377, "loss": 0.69328421, "lr": 0.00074088, "params": 4143, "time_iter": 0.40398, "accuracy": 0.50243, "precision": 0.50243, "recall": 1.0, "f1": 0.66883, "auc": 0.48486}
{"epoch": 35, "time_epoch": 52.15403, "eta": 3324.18115, "eta_hours": 0.92338, "loss": 0.69328219, "lr": 0.000727, "params": 4143, "time_iter": 0.40429, "accuracy": 0.48588, "precision": 0.49132, "recall": 0.65795, "f1": 0.56255, "auc": 0.47206}
{"epoch": 36, "time_epoch": 52.10705, "eta": 3272.52469, "eta_hours": 0.90903, "loss": 0.69330418, "lr": 0.00071289, "params": 4143, "time_iter": 0.40393, "accuracy": 0.50243, "precision": 0.50243, "recall": 1.0, "f1": 0.66883, "auc": 0.45927}
{"epoch": 37, "time_epoch": 52.01647, "eta": 3220.69673, "eta_hours": 0.89464, "loss": 0.69338424, "lr": 0.00069857, "params": 4143, "time_iter": 0.40323, "accuracy": 0.48393, "precision": 0.49235, "recall": 0.87306, "f1": 0.62963, "auc": 0.45832}
{"epoch": 38, "time_epoch": 52.01119, "eta": 3168.85085, "eta_hours": 0.88024, "loss": 0.69323071, "lr": 0.00068406, "params": 4143, "time_iter": 0.40319, "accuracy": 0.50243, "precision": 0.50243, "recall": 1.0, "f1": 0.66883, "auc": 0.4581}
{"epoch": 39, "time_epoch": 52.15039, "eta": 3117.20549, "eta_hours": 0.86589, "loss": 0.69329704, "lr": 0.00066937, "params": 4143, "time_iter": 0.40427, "accuracy": 0.49367, "precision": 0.49396, "recall": 0.31686, "f1": 0.38607, "auc": 0.48716}
{"epoch": 40, "time_epoch": 52.17169, "eta": 3065.56616, "eta_hours": 0.85155, "loss": 0.69327044, "lr": 0.00065451, "params": 4143, "time_iter": 0.40443, "accuracy": 0.50243, "precision": 0.50243, "recall": 1.0, "f1": 0.66883, "auc": 0.47759}
{"epoch": 41, "time_epoch": 52.29211, "eta": 3014.06777, "eta_hours": 0.83724, "loss": 0.69323109, "lr": 0.0006395, "params": 4143, "time_iter": 0.40537, "accuracy": 0.49757, "precision": 0.5, "recall": 0.33624, "f1": 0.40209, "auc": 0.48891}
{"epoch": 42, "time_epoch": 52.6462, "eta": 2963.00183, "eta_hours": 0.82306, "loss": 0.6932431, "lr": 0.00062434, "params": 4143, "time_iter": 0.40811, "accuracy": 0.50243, "precision": 0.50243, "recall": 1.0, "f1": 0.66883, "auc": 0.47455}
{"epoch": 43, "time_epoch": 52.07489, "eta": 2911.13695, "eta_hours": 0.80865, "loss": 0.69320683, "lr": 0.00060907, "params": 4143, "time_iter": 0.40368, "accuracy": 0.50243, "precision": 0.50243, "recall": 1.0, "f1": 0.66883, "auc": 0.47557}
{"epoch": 44, "time_epoch": 52.11952, "eta": 2859.31728, "eta_hours": 0.79425, "loss": 0.69321173, "lr": 0.00059369, "params": 4143, "time_iter": 0.40403, "accuracy": 0.50243, "precision": 0.50243, "recall": 1.0, "f1": 0.66883, "auc": 0.45971}
{"epoch": 45, "time_epoch": 52.13168, "eta": 2807.49885, "eta_hours": 0.77986, "loss": 0.69321994, "lr": 0.00057822, "params": 4143, "time_iter": 0.40412, "accuracy": 0.49659, "precision": 0.49935, "recall": 0.74612, "f1": 0.59829, "auc": 0.48578}
{"epoch": 46, "time_epoch": 52.05764, "eta": 2755.58359, "eta_hours": 0.76544, "loss": 0.69322065, "lr": 0.00056267, "params": 4143, "time_iter": 0.40355, "accuracy": 0.50243, "precision": 0.50243, "recall": 1.0, "f1": 0.66883, "auc": 0.4747}
{"epoch": 47, "time_epoch": 52.15883, "eta": 2703.77202, "eta_hours": 0.75105, "loss": 0.69328439, "lr": 0.00054705, "params": 4143, "time_iter": 0.40433, "accuracy": 0.50243, "precision": 0.50243, "recall": 1.0, "f1": 0.66883, "auc": 0.47668}
{"epoch": 48, "time_epoch": 52.0519, "eta": 2651.83499, "eta_hours": 0.73662, "loss": 0.6932966, "lr": 0.0005314, "params": 4143, "time_iter": 0.4035, "accuracy": 0.50243, "precision": 0.50243, "recall": 1.0, "f1": 0.66883, "auc": 0.48492}
{"epoch": 49, "time_epoch": 52.04467, "eta": 2599.88614, "eta_hours": 0.72219, "loss": 0.69323546, "lr": 0.00051571, "params": 4143, "time_iter": 0.40345, "accuracy": 0.48588, "precision": 0.49161, "recall": 0.6812, "f1": 0.57108, "auc": 0.46099}
{"epoch": 50, "time_epoch": 52.1332, "eta": 2548.01858, "eta_hours": 0.70778, "loss": 0.69322185, "lr": 0.0005, "params": 4143, "time_iter": 0.40413, "accuracy": 0.50243, "precision": 0.50243, "recall": 1.0, "f1": 0.66883, "auc": 0.47951}
{"epoch": 51, "time_epoch": 52.14025, "eta": 2496.14731, "eta_hours": 0.69337, "loss": 0.69329484, "lr": 0.00048429, "params": 4143, "time_iter": 0.40419, "accuracy": 0.50243, "precision": 0.50243, "recall": 1.0, "f1": 0.66883, "auc": 0.47131}
{"epoch": 52, "time_epoch": 52.04097, "eta": 2444.17785, "eta_hours": 0.67894, "loss": 0.69323966, "lr": 0.0004686, "params": 4143, "time_iter": 0.40342, "accuracy": 0.49659, "precision": 0.49949, "recall": 0.95543, "f1": 0.65602, "auc": 0.46893}
{"epoch": 53, "time_epoch": 52.0096, "eta": 2392.17903, "eta_hours": 0.66449, "loss": 0.69324944, "lr": 0.00045295, "params": 4143, "time_iter": 0.40318, "accuracy": 0.48199, "precision": 0.47695, "recall": 0.32074, "f1": 0.38355, "auc": 0.46849}
{"epoch": 54, "time_epoch": 52.12571, "eta": 2340.2748, "eta_hours": 0.65008, "loss": 0.69327432, "lr": 0.00043733, "params": 4143, "time_iter": 0.40408, "accuracy": 0.47712, "precision": 0.48778, "recall": 0.81202, "f1": 0.60945, "auc": 0.45654}
{"epoch": 55, "time_epoch": 52.1719, "eta": 2288.39896, "eta_hours": 0.63567, "loss": 0.69318301, "lr": 0.00042178, "params": 4143, "time_iter": 0.40443, "accuracy": 0.50243, "precision": 0.50243, "recall": 1.0, "f1": 0.66883, "auc": 0.47585}
{"epoch": 56, "time_epoch": 52.15902, "eta": 2236.50301, "eta_hours": 0.62125, "loss": 0.69328518, "lr": 0.00040631, "params": 4143, "time_iter": 0.40433, "accuracy": 0.50243, "precision": 0.50243, "recall": 1.0, "f1": 0.66883, "auc": 0.4674}
{"epoch": 57, "time_epoch": 52.22703, "eta": 2184.64724, "eta_hours": 0.60685, "loss": 0.69317895, "lr": 0.00039093, "params": 4143, "time_iter": 0.40486, "accuracy": 0.50243, "precision": 0.50243, "recall": 1.0, "f1": 0.66883, "auc": 0.48776}
{"epoch": 58, "time_epoch": 52.18652, "eta": 2132.75074, "eta_hours": 0.59243, "loss": 0.69320393, "lr": 0.00037566, "params": 4143, "time_iter": 0.40455, "accuracy": 0.50243, "precision": 0.50243, "recall": 1.0, "f1": 0.66883, "auc": 0.46805}
{"epoch": 59, "time_epoch": 51.94586, "eta": 2080.68413, "eta_hours": 0.57797, "loss": 0.69321425, "lr": 0.0003605, "params": 4143, "time_iter": 0.40268, "accuracy": 0.50243, "precision": 0.50243, "recall": 1.0, "f1": 0.66883, "auc": 0.46591}
{"epoch": 60, "time_epoch": 52.12642, "eta": 2028.73692, "eta_hours": 0.56354, "loss": 0.69320992, "lr": 0.00034549, "params": 4143, "time_iter": 0.40408, "accuracy": 0.50243, "precision": 0.50243, "recall": 1.0, "f1": 0.66883, "auc": 0.47648}
{"epoch": 61, "time_epoch": 52.12207, "eta": 1976.78126, "eta_hours": 0.54911, "loss": 0.69316833, "lr": 0.00033063, "params": 4143, "time_iter": 0.40405, "accuracy": 0.50243, "precision": 0.50243, "recall": 1.0, "f1": 0.66883, "auc": 0.47344}
{"epoch": 62, "time_epoch": 52.16727, "eta": 1924.84686, "eta_hours": 0.53468, "loss": 0.69320764, "lr": 0.00031594, "params": 4143, "time_iter": 0.4044, "accuracy": 0.50243, "precision": 0.50243, "recall": 1.0, "f1": 0.66883, "auc": 0.47692}
{"epoch": 63, "time_epoch": 52.24404, "eta": 1872.94837, "eta_hours": 0.52026, "loss": 0.69317035, "lr": 0.00030143, "params": 4143, "time_iter": 0.40499, "accuracy": 0.50243, "precision": 0.50243, "recall": 1.0, "f1": 0.66883, "auc": 0.47881}
{"epoch": 64, "time_epoch": 52.10834, "eta": 1820.96618, "eta_hours": 0.50582, "loss": 0.69316911, "lr": 0.00028711, "params": 4143, "time_iter": 0.40394, "accuracy": 0.50243, "precision": 0.50243, "recall": 1.0, "f1": 0.66883, "auc": 0.47473}
{"epoch": 65, "time_epoch": 51.90287, "eta": 1768.87432, "eta_hours": 0.49135, "loss": 0.69318452, "lr": 0.000273, "params": 4143, "time_iter": 0.40235, "accuracy": 0.50243, "precision": 0.50243, "recall": 1.0, "f1": 0.66883, "auc": 0.47928}
{"epoch": 66, "time_epoch": 51.98738, "eta": 1716.82972, "eta_hours": 0.4769, "loss": 0.69317655, "lr": 0.00025912, "params": 4143, "time_iter": 0.403, "accuracy": 0.50243, "precision": 0.50243, "recall": 1.0, "f1": 0.66883, "auc": 0.47889}
{"epoch": 67, "time_epoch": 51.8782, "eta": 1664.73543, "eta_hours": 0.46243, "loss": 0.69320303, "lr": 0.00024548, "params": 4143, "time_iter": 0.40216, "accuracy": 0.50243, "precision": 0.50243, "recall": 1.0, "f1": 0.66883, "auc": 0.46376}
{"epoch": 68, "time_epoch": 51.93733, "eta": 1612.67396, "eta_hours": 0.44796, "loss": 0.69316819, "lr": 0.00023209, "params": 4143, "time_iter": 0.40261, "accuracy": 0.50243, "precision": 0.50243, "recall": 1.0, "f1": 0.66883, "auc": 0.46343}
{"epoch": 69, "time_epoch": 51.81715, "eta": 1560.56454, "eta_hours": 0.43349, "loss": 0.6931555, "lr": 0.00021896, "params": 4143, "time_iter": 0.40168, "accuracy": 0.50243, "precision": 0.50243, "recall": 1.0, "f1": 0.66883, "auc": 0.471}
{"epoch": 70, "time_epoch": 51.80999, "eta": 1508.46043, "eta_hours": 0.41902, "loss": 0.69317219, "lr": 0.00020611, "params": 4143, "time_iter": 0.40163, "accuracy": 0.50243, "precision": 0.50243, "recall": 1.0, "f1": 0.66883, "auc": 0.48266}
{"epoch": 71, "time_epoch": 51.95549, "eta": 1456.42107, "eta_hours": 0.40456, "loss": 0.69319168, "lr": 0.00019355, "params": 4143, "time_iter": 0.40276, "accuracy": 0.50243, "precision": 0.50243, "recall": 1.0, "f1": 0.66883, "auc": 0.47257}
{"epoch": 72, "time_epoch": 51.96256, "eta": 1404.38662, "eta_hours": 0.39011, "loss": 0.69316512, "lr": 0.00018129, "params": 4143, "time_iter": 0.40281, "accuracy": 0.50243, "precision": 0.50243, "recall": 1.0, "f1": 0.66883, "auc": 0.47305}
{"epoch": 73, "time_epoch": 51.87823, "eta": 1352.32448, "eta_hours": 0.37565, "loss": 0.69316991, "lr": 0.00016934, "params": 4143, "time_iter": 0.40216, "accuracy": 0.50243, "precision": 0.50243, "recall": 1.0, "f1": 0.66883, "auc": 0.48436}
{"epoch": 74, "time_epoch": 51.84287, "eta": 1300.25547, "eta_hours": 0.36118, "loss": 0.69315391, "lr": 0.00015773, "params": 4143, "time_iter": 0.40188, "accuracy": 0.50243, "precision": 0.50243, "recall": 1.0, "f1": 0.66883, "auc": 0.47627}
{"epoch": 75, "time_epoch": 51.85806, "eta": 1248.1972, "eta_hours": 0.34672, "loss": 0.69315613, "lr": 0.00014645, "params": 4143, "time_iter": 0.402, "accuracy": 0.50243, "precision": 0.50243, "recall": 1.0, "f1": 0.66883, "auc": 0.48062}
{"epoch": 76, "time_epoch": 51.92181, "eta": 1196.16317, "eta_hours": 0.33227, "loss": 0.69315997, "lr": 0.00013552, "params": 4143, "time_iter": 0.40249, "accuracy": 0.50243, "precision": 0.50243, "recall": 1.0, "f1": 0.66883, "auc": 0.48071}
{"epoch": 77, "time_epoch": 51.83716, "eta": 1144.10815, "eta_hours": 0.31781, "loss": 0.69315357, "lr": 0.00012494, "params": 4143, "time_iter": 0.40184, "accuracy": 0.50243, "precision": 0.50243, "recall": 1.0, "f1": 0.66883, "auc": 0.48025}
{"epoch": 78, "time_epoch": 51.91617, "eta": 1092.07964, "eta_hours": 0.30336, "loss": 0.69315733, "lr": 0.00011474, "params": 4143, "time_iter": 0.40245, "accuracy": 0.50243, "precision": 0.50243, "recall": 1.0, "f1": 0.66883, "auc": 0.47783}
{"epoch": 79, "time_epoch": 51.84336, "eta": 1040.03574, "eta_hours": 0.2889, "loss": 0.69315213, "lr": 0.00010492, "params": 4143, "time_iter": 0.40189, "accuracy": 0.50243, "precision": 0.50243, "recall": 1.0, "f1": 0.66883, "auc": 0.4751}
{"epoch": 80, "time_epoch": 51.87789, "eta": 988.00489, "eta_hours": 0.27445, "loss": 0.6931511, "lr": 9.549e-05, "params": 4143, "time_iter": 0.40215, "accuracy": 0.50243, "precision": 0.50243, "recall": 1.0, "f1": 0.66883, "auc": 0.47877}
{"epoch": 81, "time_epoch": 51.90616, "eta": 935.98398, "eta_hours": 0.26, "loss": 0.69314807, "lr": 8.646e-05, "params": 4143, "time_iter": 0.40237, "accuracy": 0.50243, "precision": 0.50243, "recall": 1.0, "f1": 0.66883, "auc": 0.46822}
{"epoch": 82, "time_epoch": 51.90769, "eta": 883.96614, "eta_hours": 0.24555, "loss": 0.6931491, "lr": 7.784e-05, "params": 4143, "time_iter": 0.40239, "accuracy": 0.50243, "precision": 0.50243, "recall": 1.0, "f1": 0.66883, "auc": 0.46401}
{"epoch": 83, "time_epoch": 51.91491, "eta": 831.95231, "eta_hours": 0.2311, "loss": 0.69314121, "lr": 6.963e-05, "params": 4143, "time_iter": 0.40244, "accuracy": 0.50243, "precision": 0.50243, "recall": 1.0, "f1": 0.66883, "auc": 0.47332}
{"epoch": 84, "time_epoch": 51.90902, "eta": 779.93976, "eta_hours": 0.21665, "loss": 0.69315017, "lr": 6.185e-05, "params": 4143, "time_iter": 0.4024, "accuracy": 0.50243, "precision": 0.50243, "recall": 1.0, "f1": 0.66883, "auc": 0.4804}
{"epoch": 85, "time_epoch": 52.08452, "eta": 727.95819, "eta_hours": 0.20221, "loss": 0.69314639, "lr": 5.45e-05, "params": 4143, "time_iter": 0.40376, "accuracy": 0.50243, "precision": 0.50243, "recall": 1.0, "f1": 0.66883, "auc": 0.46457}
{"epoch": 86, "time_epoch": 52.05207, "eta": 675.9694, "eta_hours": 0.18777, "loss": 0.69314455, "lr": 4.759e-05, "params": 4143, "time_iter": 0.4035, "accuracy": 0.50243, "precision": 0.50243, "recall": 1.0, "f1": 0.66883, "auc": 0.47245}
{"epoch": 87, "time_epoch": 51.90294, "eta": 623.95884, "eta_hours": 0.17332, "loss": 0.6931414, "lr": 4.112e-05, "params": 4143, "time_iter": 0.40235, "accuracy": 0.50243, "precision": 0.50243, "recall": 1.0, "f1": 0.66883, "auc": 0.47274}
{"epoch": 88, "time_epoch": 51.93452, "eta": 571.9546, "eta_hours": 0.15888, "loss": 0.69314644, "lr": 3.511e-05, "params": 4143, "time_iter": 0.40259, "accuracy": 0.50243, "precision": 0.50243, "recall": 1.0, "f1": 0.66883, "auc": 0.45583}
{"epoch": 89, "time_epoch": 51.88702, "eta": 519.94664, "eta_hours": 0.14443, "loss": 0.69313953, "lr": 2.956e-05, "params": 4143, "time_iter": 0.40222, "accuracy": 0.50243, "precision": 0.50243, "recall": 1.0, "f1": 0.66883, "auc": 0.47448}
{"epoch": 90, "time_epoch": 51.89907, "eta": 467.94252, "eta_hours": 0.12998, "loss": 0.69314016, "lr": 2.447e-05, "params": 4143, "time_iter": 0.40232, "accuracy": 0.50243, "precision": 0.50243, "recall": 1.0, "f1": 0.66883, "auc": 0.47315}
{"epoch": 91, "time_epoch": 52.06951, "eta": 415.9555, "eta_hours": 0.11554, "loss": 0.69313911, "lr": 1.985e-05, "params": 4143, "time_iter": 0.40364, "accuracy": 0.50243, "precision": 0.50243, "recall": 1.0, "f1": 0.66883, "auc": 0.46782}
{"epoch": 92, "time_epoch": 52.06583, "eta": 363.96644, "eta_hours": 0.1011, "loss": 0.69313961, "lr": 1.571e-05, "params": 4143, "time_iter": 0.40361, "accuracy": 0.50243, "precision": 0.50243, "recall": 1.0, "f1": 0.66883, "auc": 0.47486}
{"epoch": 93, "time_epoch": 51.88404, "eta": 311.96414, "eta_hours": 0.08666, "loss": 0.69313717, "lr": 1.204e-05, "params": 4143, "time_iter": 0.4022, "accuracy": 0.50243, "precision": 0.50243, "recall": 1.0, "f1": 0.66883, "auc": 0.47959}
{"epoch": 94, "time_epoch": 52.00995, "eta": 259.97095, "eta_hours": 0.07221, "loss": 0.69313773, "lr": 8.86e-06, "params": 4143, "time_iter": 0.40318, "accuracy": 0.50243, "precision": 0.50243, "recall": 1.0, "f1": 0.66883, "auc": 0.47659}
{"epoch": 95, "time_epoch": 51.92535, "eta": 207.97389, "eta_hours": 0.05777, "loss": 0.69313711, "lr": 6.16e-06, "params": 4143, "time_iter": 0.40252, "accuracy": 0.50243, "precision": 0.50243, "recall": 1.0, "f1": 0.66883, "auc": 0.46908}
{"epoch": 96, "time_epoch": 51.94054, "eta": 155.97878, "eta_hours": 0.04333, "loss": 0.69313649, "lr": 3.94e-06, "params": 4143, "time_iter": 0.40264, "accuracy": 0.50243, "precision": 0.50243, "recall": 1.0, "f1": 0.66883, "auc": 0.47516}
{"epoch": 97, "time_epoch": 52.06743, "eta": 103.98738, "eta_hours": 0.02889, "loss": 0.69313559, "lr": 2.22e-06, "params": 4143, "time_iter": 0.40362, "accuracy": 0.50243, "precision": 0.50243, "recall": 1.0, "f1": 0.66883, "auc": 0.47909}
{"epoch": 98, "time_epoch": 51.80878, "eta": 51.99182, "eta_hours": 0.01444, "loss": 0.69313571, "lr": 9.9e-07, "params": 4143, "time_iter": 0.40162, "accuracy": 0.50243, "precision": 0.50243, "recall": 1.0, "f1": 0.66883, "auc": 0.47283}
{"epoch": 99, "time_epoch": 51.93573, "eta": 0.0, "eta_hours": 0.0, "loss": 0.69313541, "lr": 2.5e-07, "params": 4143, "time_iter": 0.4026, "accuracy": 0.50243, "precision": 0.50243, "recall": 1.0, "f1": 0.66883, "auc": 0.4702}
