{"epoch": 0, "time_epoch": 18.29924, "eta": 1811.62472, "eta_hours": 0.50323, "loss": 0.69531694, "lr": 0.001, "params": 6183, "time_iter": 0.14639, "accuracy": 0.506, "precision": 0.506, "recall": 1.0, "f1": 0.67198, "auc": 0.50765}
{"epoch": 1, "time_epoch": 5.43775, "eta": 1163.1123, "eta_hours": 0.32309, "loss": 0.69433662, "lr": 0.00099975, "params": 6183, "time_iter": 0.0435, "accuracy": 0.498, "precision": 0.50254, "recall": 0.78261, "f1": 0.61206, "auc": 0.50114}
{"epoch": 2, "time_epoch": 5.41291, "eta": 942.51329, "eta_hours": 0.26181, "loss": 0.69346794, "lr": 0.00099901, "params": 6183, "time_iter": 0.0433, "accuracy": 0.504, "precision": 0.51208, "recall": 0.41897, "f1": 0.46087, "auc": 0.49738}
{"epoch": 3, "time_epoch": 5.39806, "eta": 829.15095, "eta_hours": 0.23032, "loss": 0.69339985, "lr": 0.00099778, "params": 6183, "time_iter": 0.04318, "accuracy": 0.514, "precision": 0.51136, "recall": 0.88933, "f1": 0.64935, "auc": 0.49926}
{"epoch": 4, "time_epoch": 5.45798, "eta": 760.11285, "eta_hours": 0.21114, "loss": 0.69567595, "lr": 0.00099606, "params": 6183, "time_iter": 0.04366, "accuracy": 0.466, "precision": 0.48259, "recall": 0.7668, "f1": 0.59237, "auc": 0.44431}
{"epoch": 5, "time_epoch": 5.48756, "eta": 712.73155, "eta_hours": 0.19798, "loss": 0.69378268, "lr": 0.00099384, "params": 6183, "time_iter": 0.0439, "accuracy": 0.49, "precision": 0.49776, "recall": 0.87747, "f1": 0.63519, "auc": 0.47652}
{"epoch": 6, "time_epoch": 5.4489, "eta": 676.80625, "eta_hours": 0.188, "loss": 0.6939422, "lr": 0.00099114, "params": 6183, "time_iter": 0.04359, "accuracy": 0.498, "precision": 0.50216, "recall": 0.92095, "f1": 0.64993, "auc": 0.45482}
{"epoch": 7, "time_epoch": 5.46022, "eta": 648.63016, "eta_hours": 0.18018, "loss": 0.69449024, "lr": 0.00098796, "params": 6183, "time_iter": 0.04368, "accuracy": 0.494, "precision": 0.5, "recall": 0.94466, "f1": 0.6539, "auc": 0.45826}
{"epoch": 8, "time_epoch": 5.48142, "eta": 625.71642, "eta_hours": 0.17381, "loss": 0.6944104, "lr": 0.00098429, "params": 6183, "time_iter": 0.04385, "accuracy": 0.494, "precision": 0.5, "recall": 0.96047, "f1": 0.65765, "auc": 0.44557}
{"epoch": 9, "time_epoch": 5.41922, "eta": 605.72933, "eta_hours": 0.16826, "loss": 0.69380097, "lr": 0.00098015, "params": 6183, "time_iter": 0.04335, "accuracy": 0.496, "precision": 0.50139, "recall": 0.71146, "f1": 0.58824, "auc": 0.47786}
{"epoch": 10, "time_epoch": 5.43447, "eta": 588.51433, "eta_hours": 0.16348, "loss": 0.69398865, "lr": 0.00097553, "params": 6183, "time_iter": 0.04348, "accuracy": 0.492, "precision": 0.49893, "recall": 0.92095, "f1": 0.64722, "auc": 0.45365}
{"epoch": 11, "time_epoch": 5.48286, "eta": 573.61766, "eta_hours": 0.15934, "loss": 0.69376409, "lr": 0.00097044, "params": 6183, "time_iter": 0.04386, "accuracy": 0.512, "precision": 0.5092, "recall": 0.98419, "f1": 0.67116, "auc": 0.43283}
{"epoch": 12, "time_epoch": 5.43748, "eta": 559.86551, "eta_hours": 0.15552, "loss": 0.69374246, "lr": 0.00096489, "params": 6183, "time_iter": 0.0435, "accuracy": 0.514, "precision": 0.51016, "recall": 0.99209, "f1": 0.67383, "auc": 0.42691}
{"epoch": 13, "time_epoch": 5.44066, "eta": 547.32075, "eta_hours": 0.15203, "loss": 0.69346745, "lr": 0.00095888, "params": 6183, "time_iter": 0.04353, "accuracy": 0.51, "precision": 0.50803, "recall": 1.0, "f1": 0.67377, "auc": 0.48194}
{"epoch": 14, "time_epoch": 5.44402, "eta": 535.74225, "eta_hours": 0.14882, "loss": 0.69377726, "lr": 0.00095241, "params": 6183, "time_iter": 0.04355, "accuracy": 0.476, "precision": 0.48432, "recall": 0.54941, "f1": 0.51481, "auc": 0.47274}
{"epoch": 15, "time_epoch": 5.43859, "eta": 524.902, "eta_hours": 0.14581, "loss": 0.69378664, "lr": 0.0009455, "params": 6183, "time_iter": 0.04351, "accuracy": 0.49, "precision": 0.4973, "recall": 0.72727, "f1": 0.59069, "auc": 0.46087}
{"epoch": 16, "time_epoch": 5.49312, "eta": 514.9635, "eta_hours": 0.14305, "loss": 0.69354969, "lr": 0.00093815, "params": 6183, "time_iter": 0.04394, "accuracy": 0.498, "precision": 0.50204, "recall": 0.97233, "f1": 0.66218, "auc": 0.45564}
{"epoch": 17, "time_epoch": 5.4771, "eta": 505.44594, "eta_hours": 0.1404, "loss": 0.69346948, "lr": 0.00093037, "params": 6183, "time_iter": 0.04382, "accuracy": 0.516, "precision": 0.51111, "recall": 1.0, "f1": 0.67647, "auc": 0.47477}
{"epoch": 18, "time_epoch": 5.48394, "eta": 496.38287, "eta_hours": 0.13788, "loss": 0.69345365, "lr": 0.00092216, "params": 6183, "time_iter": 0.04387, "accuracy": 0.506, "precision": 0.50605, "recall": 0.99209, "f1": 0.67023, "auc": 0.46649}
{"epoch": 19, "time_epoch": 5.50581, "eta": 487.76519, "eta_hours": 0.13549, "loss": 0.69366374, "lr": 0.00091354, "params": 6183, "time_iter": 0.04405, "accuracy": 0.502, "precision": 0.5041, "recall": 0.97233, "f1": 0.66397, "auc": 0.45627}
{"epoch": 20, "time_epoch": 5.47157, "eta": 479.31508, "eta_hours": 0.13314, "loss": 0.69407177, "lr": 0.00090451, "params": 6183, "time_iter": 0.04377, "accuracy": 0.476, "precision": 0.46154, "recall": 0.21344, "f1": 0.29189, "auc": 0.45391}
{"epoch": 21, "time_epoch": 5.51478, "eta": 471.28894, "eta_hours": 0.13091, "loss": 0.69359157, "lr": 0.00089508, "params": 6183, "time_iter": 0.04412, "accuracy": 0.504, "precision": 0.50501, "recall": 0.99605, "f1": 0.67021, "auc": 0.42261}
{"epoch": 22, "time_epoch": 5.48055, "eta": 463.36657, "eta_hours": 0.12871, "loss": 0.69343406, "lr": 0.00088526, "params": 6183, "time_iter": 0.04384, "accuracy": 0.506, "precision": 0.506, "recall": 1.0, "f1": 0.67198, "auc": 0.46023}
{"epoch": 23, "time_epoch": 5.41142, "eta": 455.42879, "eta_hours": 0.12651, "loss": 0.69404775, "lr": 0.00087506, "params": 6183, "time_iter": 0.04329, "accuracy": 0.506, "precision": 0.506, "recall": 1.0, "f1": 0.67198, "auc": 0.43336}
{"epoch": 24, "time_epoch": 5.47725, "eta": 447.8906, "eta_hours": 0.12441, "loss": 0.69382619, "lr": 0.00086448, "params": 6183, "time_iter": 0.04382, "accuracy": 0.504, "precision": 0.50501, "recall": 0.99605, "f1": 0.67021, "auc": 0.44781}
{"epoch": 25, "time_epoch": 5.48262, "eta": 440.52622, "eta_hours": 0.12237, "loss": 0.69357966, "lr": 0.00085355, "params": 6183, "time_iter": 0.04386, "accuracy": 0.504, "precision": 0.50507, "recall": 0.98419, "f1": 0.66756, "auc": 0.45974}
{"epoch": 26, "time_epoch": 5.46821, "eta": 433.26229, "eta_hours": 0.12035, "loss": 0.69364952, "lr": 0.00084227, "params": 6183, "time_iter": 0.04375, "accuracy": 0.506, "precision": 0.506, "recall": 1.0, "f1": 0.67198, "auc": 0.45956}
{"epoch": 27, "time_epoch": 5.52744, "eta": 426.27891, "eta_hours": 0.11841, "loss": 0.693346, "lr": 0.00083066, "params": 6183, "time_iter": 0.04422, "accuracy": 0.502, "precision": 0.50413, "recall": 0.96443, "f1": 0.66214, "auc": 0.44862}
{"epoch": 28, "time_epoch": 5.44261, "eta": 419.18826, "eta_hours": 0.11644, "loss": 0.69368145, "lr": 0.00081871, "params": 6183, "time_iter": 0.04354, "accuracy": 0.478, "precision": 0.49029, "recall": 0.79842, "f1": 0.60752, "auc": 0.45109}
{"epoch": 29, "time_epoch": 5.43723, "eta": 412.19492, "eta_hours": 0.1145, "loss": 0.69372595, "lr": 0.00080645, "params": 6183, "time_iter": 0.0435, "accuracy": 0.494, "precision": 0.5, "recall": 0.94862, "f1": 0.65484, "auc": 0.45011}
{"epoch": 30, "time_epoch": 5.46131, "eta": 405.35557, "eta_hours": 0.1126, "loss": 0.69347526, "lr": 0.00079389, "params": 6183, "time_iter": 0.04369, "accuracy": 0.504, "precision": 0.50501, "recall": 0.99605, "f1": 0.67021, "auc": 0.43886}
{"epoch": 31, "time_epoch": 5.45253, "eta": 398.58371, "eta_hours": 0.11072, "loss": 0.69339364, "lr": 0.00078104, "params": 6183, "time_iter": 0.04362, "accuracy": 0.49, "precision": 0.49788, "recall": 0.92885, "f1": 0.64828, "auc": 0.45407}
{"epoch": 32, "time_epoch": 5.42964, "eta": 391.84533, "eta_hours": 0.10885, "loss": 0.69342851, "lr": 0.00076791, "params": 6183, "time_iter": 0.04344, "accuracy": 0.506, "precision": 0.506, "recall": 1.0, "f1": 0.67198, "auc": 0.445}
{"epoch": 33, "time_epoch": 5.44175, "eta": 385.20744, "eta_hours": 0.107, "loss": 0.6934258, "lr": 0.00075452, "params": 6183, "time_iter": 0.04353, "accuracy": 0.506, "precision": 0.506, "recall": 1.0, "f1": 0.67198, "auc": 0.44667}
{"epoch": 34, "time_epoch": 5.42254, "eta": 378.60223, "eta_hours": 0.10517, "loss": 0.69345805, "lr": 0.00074088, "params": 6183, "time_iter": 0.04338, "accuracy": 0.506, "precision": 0.506, "recall": 1.0, "f1": 0.67198, "auc": 0.45268}
{"epoch": 35, "time_epoch": 5.44975, "eta": 372.11109, "eta_hours": 0.10336, "loss": 0.69348308, "lr": 0.000727, "params": 6183, "time_iter": 0.0436, "accuracy": 0.506, "precision": 0.506, "recall": 1.0, "f1": 0.67198, "auc": 0.4536}
{"epoch": 36, "time_epoch": 5.49821, "eta": 365.75876, "eta_hours": 0.1016, "loss": 0.69387182, "lr": 0.00071289, "params": 6183, "time_iter": 0.04399, "accuracy": 0.482, "precision": 0.48864, "recall": 0.50988, "f1": 0.49903, "auc": 0.47034}
{"epoch": 37, "time_epoch": 5.43974, "eta": 359.35599, "eta_hours": 0.09982, "loss": 0.69354272, "lr": 0.00069857, "params": 6183, "time_iter": 0.04352, "accuracy": 0.506, "precision": 0.506, "recall": 1.0, "f1": 0.67198, "auc": 0.45059}
{"epoch": 38, "time_epoch": 5.45583, "eta": 353.02777, "eta_hours": 0.09806, "loss": 0.6933441, "lr": 0.00068406, "params": 6183, "time_iter": 0.04365, "accuracy": 0.506, "precision": 0.506, "recall": 1.0, "f1": 0.67198, "auc": 0.44926}
{"epoch": 39, "time_epoch": 5.46042, "eta": 346.75005, "eta_hours": 0.09632, "loss": 0.69346182, "lr": 0.00066937, "params": 6183, "time_iter": 0.04368, "accuracy": 0.506, "precision": 0.506, "recall": 1.0, "f1": 0.67198, "auc": 0.45753}
{"epoch": 40, "time_epoch": 5.46099, "eta": 340.51301, "eta_hours": 0.09459, "loss": 0.69337665, "lr": 0.00065451, "params": 6183, "time_iter": 0.04369, "accuracy": 0.506, "precision": 0.506, "recall": 1.0, "f1": 0.67198, "auc": 0.4643}
{"epoch": 41, "time_epoch": 5.45576, "eta": 334.30571, "eta_hours": 0.09286, "loss": 0.6935522, "lr": 0.0006395, "params": 6183, "time_iter": 0.04365, "accuracy": 0.488, "precision": 0.4947, "recall": 0.55336, "f1": 0.52239, "auc": 0.46128}
{"epoch": 42, "time_epoch": 5.46437, "eta": 328.14478, "eta_hours": 0.09115, "loss": 0.69346594, "lr": 0.00062434, "params": 6183, "time_iter": 0.04371, "accuracy": 0.504, "precision": 0.50501, "recall": 0.99605, "f1": 0.67021, "auc": 0.46611}
{"epoch": 43, "time_epoch": 5.48156, "eta": 322.03738, "eta_hours": 0.08945, "loss": 0.69340742, "lr": 0.00060907, "params": 6183, "time_iter": 0.04385, "accuracy": 0.508, "precision": 0.50701, "recall": 1.0, "f1": 0.67287, "auc": 0.46215}
{"epoch": 44, "time_epoch": 5.46834, "eta": 315.94164, "eta_hours": 0.08776, "loss": 0.69340669, "lr": 0.00059369, "params": 6183, "time_iter": 0.04375, "accuracy": 0.47, "precision": 0.48529, "recall": 0.78261, "f1": 0.59909, "auc": 0.44343}
{"epoch": 45, "time_epoch": 5.50515, "eta": 309.9164, "eta_hours": 0.08609, "loss": 0.6936063, "lr": 0.00057822, "params": 6183, "time_iter": 0.04404, "accuracy": 0.506, "precision": 0.506, "recall": 1.0, "f1": 0.67198, "auc": 0.44707}
{"epoch": 46, "time_epoch": 5.45448, "eta": 303.85615, "eta_hours": 0.0844, "loss": 0.69345449, "lr": 0.00056267, "params": 6183, "time_iter": 0.04364, "accuracy": 0.506, "precision": 0.506, "recall": 1.0, "f1": 0.67198, "auc": 0.44098}
{"epoch": 47, "time_epoch": 5.42676, "eta": 297.79111, "eta_hours": 0.08272, "loss": 0.69338252, "lr": 0.00054705, "params": 6183, "time_iter": 0.04341, "accuracy": 0.506, "precision": 0.506, "recall": 1.0, "f1": 0.67198, "auc": 0.43632}
{"epoch": 48, "time_epoch": 5.4673, "eta": 291.79431, "eta_hours": 0.08105, "loss": 0.69331131, "lr": 0.0005314, "params": 6183, "time_iter": 0.04374, "accuracy": 0.506, "precision": 0.506, "recall": 1.0, "f1": 0.67198, "auc": 0.45142}
{"epoch": 49, "time_epoch": 5.47061, "eta": 285.82201, "eta_hours": 0.0794, "loss": 0.69331379, "lr": 0.00051571, "params": 6183, "time_iter": 0.04376, "accuracy": 0.506, "precision": 0.506, "recall": 1.0, "f1": 0.67198, "auc": 0.46737}
{"epoch": 50, "time_epoch": 5.46811, "eta": 279.86697, "eta_hours": 0.07774, "loss": 0.69333918, "lr": 0.0005, "params": 6183, "time_iter": 0.04374, "accuracy": 0.506, "precision": 0.506, "recall": 1.0, "f1": 0.67198, "auc": 0.45134}
{"epoch": 51, "time_epoch": 5.45491, "eta": 273.91849, "eta_hours": 0.07609, "loss": 0.69326813, "lr": 0.00048429, "params": 6183, "time_iter": 0.04364, "accuracy": 0.506, "precision": 0.506, "recall": 1.0, "f1": 0.67198, "auc": 0.45197}
{"epoch": 52, "time_epoch": 5.43832, "eta": 267.97391, "eta_hours": 0.07444, "loss": 0.69331651, "lr": 0.0004686, "params": 6183, "time_iter": 0.04351, "accuracy": 0.506, "precision": 0.506, "recall": 1.0, "f1": 0.67198, "auc": 0.43907}
{"epoch": 53, "time_epoch": 5.45957, "eta": 262.06619, "eta_hours": 0.0728, "loss": 0.69326452, "lr": 0.00045295, "params": 6183, "time_iter": 0.04368, "accuracy": 0.506, "precision": 0.506, "recall": 1.0, "f1": 0.67198, "auc": 0.4448}
{"epoch": 54, "time_epoch": 6.14704, "eta": 256.73724, "eta_hours": 0.07132, "loss": 0.69347682, "lr": 0.00043733, "params": 6183, "time_iter": 0.04918, "accuracy": 0.506, "precision": 0.506, "recall": 1.0, "f1": 0.67198, "auc": 0.45029}
{"epoch": 55, "time_epoch": 6.27106, "eta": 251.47652, "eta_hours": 0.06985, "loss": 0.69345271, "lr": 0.00042178, "params": 6183, "time_iter": 0.05017, "accuracy": 0.482, "precision": 0.49085, "recall": 0.63636, "f1": 0.55422, "auc": 0.46218}
{"epoch": 56, "time_epoch": 6.25282, "eta": 246.16658, "eta_hours": 0.06838, "loss": 0.69317897, "lr": 0.00040631, "params": 6183, "time_iter": 0.05002, "accuracy": 0.506, "precision": 0.506, "recall": 1.0, "f1": 0.67198, "auc": 0.4606}
{"epoch": 57, "time_epoch": 5.96543, "eta": 240.61602, "eta_hours": 0.06684, "loss": 0.69322829, "lr": 0.00039093, "params": 6183, "time_iter": 0.04772, "accuracy": 0.506, "precision": 0.506, "recall": 1.0, "f1": 0.67198, "auc": 0.46967}
{"epoch": 58, "time_epoch": 5.49892, "eta": 234.72722, "eta_hours": 0.0652, "loss": 0.69332443, "lr": 0.00037566, "params": 6183, "time_iter": 0.04399, "accuracy": 0.506, "precision": 0.506, "recall": 1.0, "f1": 0.67198, "auc": 0.47276}
{"epoch": 59, "time_epoch": 5.47776, "eta": 228.8373, "eta_hours": 0.06357, "loss": 0.69324158, "lr": 0.0003605, "params": 6183, "time_iter": 0.04382, "accuracy": 0.506, "precision": 0.506, "recall": 1.0, "f1": 0.67198, "auc": 0.46969}
{"epoch": 60, "time_epoch": 5.52744, "eta": 222.99267, "eta_hours": 0.06194, "loss": 0.69315754, "lr": 0.00034549, "params": 6183, "time_iter": 0.04422, "accuracy": 0.506, "precision": 0.506, "recall": 1.0, "f1": 0.67198, "auc": 0.4647}
{"epoch": 61, "time_epoch": 5.55952, "eta": 217.17792, "eta_hours": 0.06033, "loss": 0.69351279, "lr": 0.00033063, "params": 6183, "time_iter": 0.04448, "accuracy": 0.504, "precision": 0.50667, "recall": 0.75099, "f1": 0.6051, "auc": 0.45954}
{"epoch": 62, "time_epoch": 5.45181, "eta": 211.30802, "eta_hours": 0.0587, "loss": 0.6931501, "lr": 0.00031594, "params": 6183, "time_iter": 0.04361, "accuracy": 0.506, "precision": 0.506, "recall": 1.0, "f1": 0.67198, "auc": 0.47353}
{"epoch": 63, "time_epoch": 5.5229, "eta": 205.49117, "eta_hours": 0.05708, "loss": 0.69319589, "lr": 0.00030143, "params": 6183, "time_iter": 0.04418, "accuracy": 0.506, "precision": 0.506, "recall": 1.0, "f1": 0.67198, "auc": 0.47834}
{"epoch": 64, "time_epoch": 5.53171, "eta": 199.68811, "eta_hours": 0.05547, "loss": 0.69318368, "lr": 0.00028711, "params": 6183, "time_iter": 0.04425, "accuracy": 0.506, "precision": 0.506, "recall": 1.0, "f1": 0.67198, "auc": 0.48471}
{"epoch": 65, "time_epoch": 5.53202, "eta": 193.89343, "eta_hours": 0.05386, "loss": 0.69316792, "lr": 0.000273, "params": 6183, "time_iter": 0.04426, "accuracy": 0.506, "precision": 0.506, "recall": 1.0, "f1": 0.67198, "auc": 0.48114}
{"epoch": 66, "time_epoch": 5.52317, "eta": 188.10223, "eta_hours": 0.05225, "loss": 0.69324876, "lr": 0.00025912, "params": 6183, "time_iter": 0.04419, "accuracy": 0.506, "precision": 0.506, "recall": 1.0, "f1": 0.67198, "auc": 0.46616}
{"epoch": 67, "time_epoch": 5.49342, "eta": 182.30492, "eta_hours": 0.05064, "loss": 0.69326737, "lr": 0.00024548, "params": 6183, "time_iter": 0.04395, "accuracy": 0.506, "precision": 0.506, "recall": 1.0, "f1": 0.67198, "auc": 0.44681}
{"epoch": 68, "time_epoch": 5.45569, "eta": 176.49946, "eta_hours": 0.04903, "loss": 0.69323327, "lr": 0.00023209, "params": 6183, "time_iter": 0.04365, "accuracy": 0.506, "precision": 0.506, "recall": 1.0, "f1": 0.67198, "auc": 0.46548}
{"epoch": 69, "time_epoch": 5.46819, "eta": 170.70935, "eta_hours": 0.04742, "loss": 0.69318858, "lr": 0.00021896, "params": 6183, "time_iter": 0.04375, "accuracy": 0.506, "precision": 0.506, "recall": 1.0, "f1": 0.67198, "auc": 0.4494}
{"epoch": 70, "time_epoch": 5.45132, "eta": 164.92143, "eta_hours": 0.04581, "loss": 0.69318322, "lr": 0.00020611, "params": 6183, "time_iter": 0.04361, "accuracy": 0.506, "precision": 0.506, "recall": 1.0, "f1": 0.67198, "auc": 0.46783}
{"epoch": 71, "time_epoch": 5.46242, "eta": 159.14717, "eta_hours": 0.04421, "loss": 0.69317989, "lr": 0.00019355, "params": 6183, "time_iter": 0.0437, "accuracy": 0.506, "precision": 0.506, "recall": 1.0, "f1": 0.67198, "auc": 0.4624}
{"epoch": 72, "time_epoch": 5.44686, "eta": 153.37569, "eta_hours": 0.0426, "loss": 0.69324087, "lr": 0.00018129, "params": 6183, "time_iter": 0.04357, "accuracy": 0.506, "precision": 0.506, "recall": 1.0, "f1": 0.67198, "auc": 0.45922}
{"epoch": 73, "time_epoch": 5.49253, "eta": 147.62904, "eta_hours": 0.04101, "loss": 0.69320337, "lr": 0.00016934, "params": 6183, "time_iter": 0.04394, "accuracy": 0.506, "precision": 0.506, "recall": 1.0, "f1": 0.67198, "auc": 0.4515}
{"epoch": 74, "time_epoch": 5.49014, "eta": 141.88837, "eta_hours": 0.03941, "loss": 0.69307549, "lr": 0.00015773, "params": 6183, "time_iter": 0.04392, "accuracy": 0.506, "precision": 0.506, "recall": 1.0, "f1": 0.67198, "auc": 0.49998}
{"epoch": 75, "time_epoch": 5.51122, "eta": 136.16094, "eta_hours": 0.03782, "loss": 0.69312759, "lr": 0.00014645, "params": 6183, "time_iter": 0.04409, "accuracy": 0.506, "precision": 0.506, "recall": 1.0, "f1": 0.67198, "auc": 0.48465}
{"epoch": 76, "time_epoch": 5.47156, "eta": 130.42729, "eta_hours": 0.03623, "loss": 0.6931167, "lr": 0.00013552, "params": 6183, "time_iter": 0.04377, "accuracy": 0.506, "precision": 0.506, "recall": 1.0, "f1": 0.67198, "auc": 0.48564}
{"epoch": 77, "time_epoch": 5.47563, "eta": 124.7015, "eta_hours": 0.03464, "loss": 0.69300265, "lr": 0.00012494, "params": 6183, "time_iter": 0.04381, "accuracy": 0.506, "precision": 0.506, "recall": 1.0, "f1": 0.67198, "auc": 0.51571}
{"epoch": 78, "time_epoch": 5.48656, "eta": 118.98495, "eta_hours": 0.03305, "loss": 0.69300325, "lr": 0.00011474, "params": 6183, "time_iter": 0.04389, "accuracy": 0.506, "precision": 0.506, "recall": 1.0, "f1": 0.67198, "auc": 0.523}
{"epoch": 79, "time_epoch": 5.47592, "eta": 113.2715, "eta_hours": 0.03146, "loss": 0.6929002, "lr": 0.00010492, "params": 6183, "time_iter": 0.04381, "accuracy": 0.506, "precision": 0.506, "recall": 1.0, "f1": 0.67198, "auc": 0.5544}
{"epoch": 80, "time_epoch": 5.5244, "eta": 107.57527, "eta_hours": 0.02988, "loss": 0.69246466, "lr": 9.549e-05, "params": 6183, "time_iter": 0.0442, "accuracy": 0.508, "precision": 0.50701, "recall": 1.0, "f1": 0.67287, "auc": 0.61444}
{"epoch": 81, "time_epoch": 5.49361, "eta": 101.87648, "eta_hours": 0.0283, "loss": 0.69201613, "lr": 8.646e-05, "params": 6183, "time_iter": 0.04395, "accuracy": 0.516, "precision": 0.5112, "recall": 0.99209, "f1": 0.67473, "auc": 0.60405}
{"epoch": 82, "time_epoch": 5.51883, "eta": 96.18781, "eta_hours": 0.02672, "loss": 0.69181539, "lr": 7.784e-05, "params": 6183, "time_iter": 0.04415, "accuracy": 0.508, "precision": 0.50759, "recall": 0.9249, "f1": 0.65546, "auc": 0.58439}
{"epoch": 83, "time_epoch": 5.46144, "eta": 90.49224, "eta_hours": 0.02514, "loss": 0.6907452, "lr": 6.963e-05, "params": 6183, "time_iter": 0.04369, "accuracy": 0.544, "precision": 0.53056, "recall": 0.85771, "f1": 0.65559, "auc": 0.60417}
{"epoch": 84, "time_epoch": 5.49309, "eta": 84.80777, "eta_hours": 0.02356, "loss": 0.68931999, "lr": 6.185e-05, "params": 6183, "time_iter": 0.04394, "accuracy": 0.558, "precision": 0.54396, "recall": 0.78261, "f1": 0.64182, "auc": 0.61591}
{"epoch": 85, "time_epoch": 5.47871, "eta": 79.1254, "eta_hours": 0.02198, "loss": 0.68743881, "lr": 5.45e-05, "params": 6183, "time_iter": 0.04383, "accuracy": 0.582, "precision": 0.56587, "recall": 0.74704, "f1": 0.64395, "auc": 0.64198}
{"epoch": 86, "time_epoch": 5.46275, "eta": 73.44534, "eta_hours": 0.0204, "loss": 0.68651724, "lr": 4.759e-05, "params": 6183, "time_iter": 0.0437, "accuracy": 0.576, "precision": 0.56193, "recall": 0.73518, "f1": 0.63699, "auc": 0.62603}
{"epoch": 87, "time_epoch": 5.48114, "eta": 67.77272, "eta_hours": 0.01883, "loss": 0.6859642, "lr": 4.112e-05, "params": 6183, "time_iter": 0.04385, "accuracy": 0.572, "precision": 0.56311, "recall": 0.68775, "f1": 0.61922, "auc": 0.61931}
{"epoch": 88, "time_epoch": 5.46143, "eta": 62.10197, "eta_hours": 0.01725, "loss": 0.68625402, "lr": 3.511e-05, "params": 6183, "time_iter": 0.04369, "accuracy": 0.568, "precision": 0.56271, "recall": 0.65613, "f1": 0.60584, "auc": 0.60748}
{"epoch": 89, "time_epoch": 5.47814, "eta": 56.43772, "eta_hours": 0.01568, "loss": 0.68264781, "lr": 2.956e-05, "params": 6183, "time_iter": 0.04383, "accuracy": 0.604, "precision": 0.5945, "recall": 0.68379, "f1": 0.63603, "auc": 0.64588}
{"epoch": 90, "time_epoch": 5.47168, "eta": 50.77693, "eta_hours": 0.0141, "loss": 0.6820125, "lr": 2.447e-05, "params": 6183, "time_iter": 0.04377, "accuracy": 0.596, "precision": 0.58644, "recall": 0.68379, "f1": 0.63139, "auc": 0.63622}
{"epoch": 91, "time_epoch": 5.46996, "eta": 45.1201, "eta_hours": 0.01253, "loss": 0.68287036, "lr": 1.985e-05, "params": 6183, "time_iter": 0.04376, "accuracy": 0.588, "precision": 0.58304, "recall": 0.65217, "f1": 0.61567, "auc": 0.62534}
{"epoch": 92, "time_epoch": 5.46836, "eta": 39.46717, "eta_hours": 0.01096, "loss": 0.68430826, "lr": 1.571e-05, "params": 6183, "time_iter": 0.04375, "accuracy": 0.594, "precision": 0.58993, "recall": 0.64822, "f1": 0.6177, "auc": 0.61004}
{"epoch": 93, "time_epoch": 5.46108, "eta": 33.8177, "eta_hours": 0.00939, "loss": 0.67864424, "lr": 1.204e-05, "params": 6183, "time_iter": 0.04369, "accuracy": 0.582, "precision": 0.57692, "recall": 0.65217, "f1": 0.61224, "auc": 0.65363}
{"epoch": 94, "time_epoch": 5.45748, "eta": 28.172, "eta_hours": 0.00783, "loss": 0.68462402, "lr": 8.86e-06, "params": 6183, "time_iter": 0.04366, "accuracy": 0.556, "precision": 0.55636, "recall": 0.60474, "f1": 0.57955, "auc": 0.59097}
{"epoch": 95, "time_epoch": 5.45077, "eta": 22.52995, "eta_hours": 0.00626, "loss": 0.68318328, "lr": 6.16e-06, "params": 6183, "time_iter": 0.04361, "accuracy": 0.568, "precision": 0.56584, "recall": 0.62846, "f1": 0.59551, "auc": 0.60818}
{"epoch": 96, "time_epoch": 5.45858, "eta": 16.89209, "eta_hours": 0.00469, "loss": 0.68022139, "lr": 3.94e-06, "params": 6183, "time_iter": 0.04367, "accuracy": 0.6, "precision": 0.59636, "recall": 0.64822, "f1": 0.62121, "auc": 0.63731}
{"epoch": 97, "time_epoch": 5.43529, "eta": 11.2574, "eta_hours": 0.00313, "loss": 0.68146721, "lr": 2.22e-06, "params": 6183, "time_iter": 0.04348, "accuracy": 0.576, "precision": 0.57193, "recall": 0.64427, "f1": 0.60595, "auc": 0.61794}
{"epoch": 98, "time_epoch": 5.45935, "eta": 5.62699, "eta_hours": 0.00156, "loss": 0.68291879, "lr": 9.9e-07, "params": 6183, "time_iter": 0.04367, "accuracy": 0.592, "precision": 0.59176, "recall": 0.62451, "f1": 0.60769, "auc": 0.62351}
{"epoch": 99, "time_epoch": 5.47051, "eta": 0.0, "eta_hours": 0.0, "loss": 0.68332433, "lr": 2.5e-07, "params": 6183, "time_iter": 0.04376, "accuracy": 0.594, "precision": 0.59124, "recall": 0.64032, "f1": 0.6148, "auc": 0.61718}
