{"epoch": 0, "time_epoch": 159.09424, "eta": 15750.33004, "eta_hours": 4.37509, "loss": 0.68228084, "lr": 0.001, "params": 4975, "time_iter": 0.54114, "accuracy": 0.58673, "precision": 0.0, "recall": 0.0, "f1": 0.0, "auc": 0.47296}
{"epoch": 1, "time_epoch": 158.9997, "eta": 15586.60326, "eta_hours": 4.32961, "loss": 0.67901194, "lr": 0.00099975, "params": 4975, "time_iter": 0.54082, "accuracy": 0.58673, "precision": 0.0, "recall": 0.0, "f1": 0.0, "auc": 0.45319}
{"epoch": 2, "time_epoch": 159.19498, "eta": 15432.3419, "eta_hours": 4.28676, "loss": 0.67878649, "lr": 0.00099901, "params": 4975, "time_iter": 0.54148, "accuracy": 0.58673, "precision": 0.0, "recall": 0.0, "f1": 0.0, "auc": 0.47955}
{"epoch": 3, "time_epoch": 203.62973, "eta": 16342.04772, "eta_hours": 4.53946, "loss": 0.67860088, "lr": 0.00099778, "params": 4975, "time_iter": 0.69262, "accuracy": 0.58673, "precision": 0.0, "recall": 0.0, "f1": 0.0, "auc": 0.46293}
{"epoch": 4, "time_epoch": 160.90714, "eta": 15994.69017, "eta_hours": 4.44297, "loss": 0.67845513, "lr": 0.00099606, "params": 4975, "time_iter": 0.5473, "accuracy": 0.58673, "precision": 0.0, "recall": 0.0, "f1": 0.0, "auc": 0.48628}
{"epoch": 5, "time_epoch": 158.39258, "eta": 15670.08799, "eta_hours": 4.3528, "loss": 0.67855054, "lr": 0.00099384, "params": 4975, "time_iter": 0.53875, "accuracy": 0.58673, "precision": 0.0, "recall": 0.0, "f1": 0.0, "auc": 0.45443}
{"epoch": 6, "time_epoch": 158.58151, "eta": 15395.48434, "eta_hours": 4.27652, "loss": 0.67892184, "lr": 0.00099114, "params": 4975, "time_iter": 0.53939, "accuracy": 0.58673, "precision": 0.0, "recall": 0.0, "f1": 0.0, "auc": 0.41245}
{"epoch": 7, "time_epoch": 158.47262, "eta": 15148.63396, "eta_hours": 4.20795, "loss": 0.67847093, "lr": 0.00098796, "params": 4975, "time_iter": 0.53902, "accuracy": 0.58673, "precision": 0.0, "recall": 0.0, "f1": 0.0, "auc": 0.45792}
{"epoch": 8, "time_epoch": 158.51859, "eta": 14921.88785, "eta_hours": 4.14497, "loss": 0.67887199, "lr": 0.00098429, "params": 4975, "time_iter": 0.53918, "accuracy": 0.58673, "precision": 0.0, "recall": 0.0, "f1": 0.0, "auc": 0.44064}
{"epoch": 9, "time_epoch": 158.52269, "eta": 14708.82418, "eta_hours": 4.08578, "loss": 0.67853811, "lr": 0.00098015, "params": 4975, "time_iter": 0.53919, "accuracy": 0.58673, "precision": 0.0, "recall": 0.0, "f1": 0.0, "auc": 0.43923}
{"epoch": 10, "time_epoch": 158.61943, "eta": 14506.45978, "eta_hours": 4.02957, "loss": 0.67830068, "lr": 0.00097553, "params": 4975, "time_iter": 0.53952, "accuracy": 0.58673, "precision": 0.0, "recall": 0.0, "f1": 0.0, "auc": 0.46045}
{"epoch": 11, "time_epoch": 158.44611, "eta": 14310.11518, "eta_hours": 3.97503, "loss": 0.6784261, "lr": 0.00097044, "params": 4975, "time_iter": 0.53893, "accuracy": 0.58673, "precision": 0.0, "recall": 0.0, "f1": 0.0, "auc": 0.45832}
{"epoch": 12, "time_epoch": 158.38597, "eta": 14119.19862, "eta_hours": 3.922, "loss": 0.67842156, "lr": 0.00096489, "params": 4975, "time_iter": 0.53873, "accuracy": 0.58673, "precision": 0.0, "recall": 0.0, "f1": 0.0, "auc": 0.43874}
{"epoch": 13, "time_epoch": 158.65872, "eta": 13934.60477, "eta_hours": 3.87072, "loss": 0.67875925, "lr": 0.00095888, "params": 4975, "time_iter": 0.53966, "accuracy": 0.58673, "precision": 0.0, "recall": 0.0, "f1": 0.0, "auc": 0.4669}
{"epoch": 14, "time_epoch": 156.66455, "eta": 13742.16863, "eta_hours": 3.81727, "loss": 0.67852404, "lr": 0.00095241, "params": 4975, "time_iter": 0.53287, "accuracy": 0.58673, "precision": 0.0, "recall": 0.0, "f1": 0.0, "auc": 0.45359}
{"epoch": 15, "time_epoch": 156.83986, "eta": 13555.12433, "eta_hours": 3.76531, "loss": 0.67839849, "lr": 0.0009455, "params": 4975, "time_iter": 0.53347, "accuracy": 0.58673, "precision": 0.0, "recall": 0.0, "f1": 0.0, "auc": 0.43961}
{"epoch": 16, "time_epoch": 157.37795, "eta": 13374.26062, "eta_hours": 3.71507, "loss": 0.67836337, "lr": 0.00093815, "params": 4975, "time_iter": 0.5353, "accuracy": 0.58673, "precision": 0.0, "recall": 0.0, "f1": 0.0, "auc": 0.45661}
{"epoch": 17, "time_epoch": 158.02256, "eta": 13198.943, "eta_hours": 3.66637, "loss": 0.67861575, "lr": 0.00093037, "params": 4975, "time_iter": 0.53749, "accuracy": 0.58673, "precision": 0.0, "recall": 0.0, "f1": 0.0, "auc": 0.45337}
{"epoch": 18, "time_epoch": 157.82747, "eta": 13024.61421, "eta_hours": 3.61795, "loss": 0.67841902, "lr": 0.00092216, "params": 4975, "time_iter": 0.53683, "accuracy": 0.58673, "precision": 0.0, "recall": 0.0, "f1": 0.0, "auc": 0.44833}
{"epoch": 19, "time_epoch": 158.09669, "eta": 12853.01245, "eta_hours": 3.57028, "loss": 0.67848654, "lr": 0.00091354, "params": 4975, "time_iter": 0.53774, "accuracy": 0.58673, "precision": 0.0, "recall": 0.0, "f1": 0.0, "auc": 0.48333}
{"epoch": 20, "time_epoch": 158.20585, "eta": 12683.10752, "eta_hours": 3.52309, "loss": 0.67835797, "lr": 0.00090451, "params": 4975, "time_iter": 0.53812, "accuracy": 0.58673, "precision": 0.0, "recall": 0.0, "f1": 0.0, "auc": 0.48018}
{"epoch": 21, "time_epoch": 159.73053, "eta": 12519.67184, "eta_hours": 3.47769, "loss": 0.67836517, "lr": 0.00089508, "params": 4975, "time_iter": 0.5433, "accuracy": 0.58673, "precision": 0.0, "recall": 0.0, "f1": 0.0, "auc": 0.46795}
{"epoch": 22, "time_epoch": 159.76126, "eta": 12356.66122, "eta_hours": 3.43241, "loss": 0.67837243, "lr": 0.00088526, "params": 4975, "time_iter": 0.54341, "accuracy": 0.58673, "precision": 0.0, "recall": 0.0, "f1": 0.0, "auc": 0.47469}
{"epoch": 23, "time_epoch": 159.65639, "eta": 12193.58929, "eta_hours": 3.38711, "loss": 0.67834618, "lr": 0.00087506, "params": 4975, "time_iter": 0.54305, "accuracy": 0.58673, "precision": 0.0, "recall": 0.0, "f1": 0.0, "auc": 0.46958}
{"epoch": 24, "time_epoch": 159.67497, "eta": 12030.84633, "eta_hours": 3.3419, "loss": 0.6783408, "lr": 0.00086448, "params": 4975, "time_iter": 0.54311, "accuracy": 0.58673, "precision": 0.0, "recall": 0.0, "f1": 0.0, "auc": 0.45282}
{"epoch": 25, "time_epoch": 159.63987, "eta": 11868.23948, "eta_hours": 3.29673, "loss": 0.67847915, "lr": 0.00085355, "params": 4975, "time_iter": 0.54299, "accuracy": 0.58673, "precision": 0.0, "recall": 0.0, "f1": 0.0, "auc": 0.46009}
{"epoch": 26, "time_epoch": 159.64767, "eta": 11705.8735, "eta_hours": 3.25163, "loss": 0.67866379, "lr": 0.00084227, "params": 4975, "time_iter": 0.54302, "accuracy": 0.58673, "precision": 0.0, "recall": 0.0, "f1": 0.0, "auc": 0.44662}
{"epoch": 27, "time_epoch": 159.64144, "eta": 11543.68567, "eta_hours": 3.20658, "loss": 0.67839655, "lr": 0.00083066, "params": 4975, "time_iter": 0.543, "accuracy": 0.58673, "precision": 0.0, "recall": 0.0, "f1": 0.0, "auc": 0.4531}
{"epoch": 28, "time_epoch": 159.79766, "eta": 11382.0559, "eta_hours": 3.16168, "loss": 0.67836212, "lr": 0.00081871, "params": 4975, "time_iter": 0.54353, "accuracy": 0.58673, "precision": 0.0, "recall": 0.0, "f1": 0.0, "auc": 0.48313}
{"epoch": 29, "time_epoch": 160.14114, "eta": 11221.34973, "eta_hours": 3.11704, "loss": 0.67841714, "lr": 0.00080645, "params": 4975, "time_iter": 0.5447, "accuracy": 0.58673, "precision": 0.0, "recall": 0.0, "f1": 0.0, "auc": 0.47205}
{"epoch": 30, "time_epoch": 159.86602, "eta": 11060.06766, "eta_hours": 3.07224, "loss": 0.67836694, "lr": 0.00079389, "params": 4975, "time_iter": 0.54376, "accuracy": 0.58673, "precision": 0.0, "recall": 0.0, "f1": 0.0, "auc": 0.45644}
{"epoch": 31, "time_epoch": 160.65849, "eta": 10900.55808, "eta_hours": 3.02793, "loss": 0.67830487, "lr": 0.00078104, "params": 4975, "time_iter": 0.54646, "accuracy": 0.58673, "precision": 0.0, "recall": 0.0, "f1": 0.0, "auc": 0.43369}
{"epoch": 32, "time_epoch": 159.99729, "eta": 10739.63643, "eta_hours": 2.98323, "loss": 0.67851434, "lr": 0.00076791, "params": 4975, "time_iter": 0.54421, "accuracy": 0.58673, "precision": 0.0, "recall": 0.0, "f1": 0.0, "auc": 0.4102}
{"epoch": 33, "time_epoch": 160.06255, "eta": 10578.89585, "eta_hours": 2.93858, "loss": 0.67825258, "lr": 0.00075452, "params": 4975, "time_iter": 0.54443, "accuracy": 0.58673, "precision": 0.0, "recall": 0.0, "f1": 0.0, "auc": 0.45728}
{"epoch": 34, "time_epoch": 159.87319, "eta": 10417.84235, "eta_hours": 2.89385, "loss": 0.67828907, "lr": 0.00074088, "params": 4975, "time_iter": 0.54379, "accuracy": 0.58673, "precision": 0.0, "recall": 0.0, "f1": 0.0, "auc": 0.45552}
{"epoch": 35, "time_epoch": 159.87595, "eta": 10256.85932, "eta_hours": 2.84913, "loss": 0.67829028, "lr": 0.000727, "params": 4975, "time_iter": 0.5438, "accuracy": 0.58673, "precision": 0.0, "recall": 0.0, "f1": 0.0, "auc": 0.46269}
{"epoch": 36, "time_epoch": 160.09506, "eta": 10096.30921, "eta_hours": 2.80453, "loss": 0.67829357, "lr": 0.00071289, "params": 4975, "time_iter": 0.54454, "accuracy": 0.58673, "precision": 0.0, "recall": 0.0, "f1": 0.0, "auc": 0.43228}
{"epoch": 37, "time_epoch": 160.11738, "eta": 9935.81947, "eta_hours": 2.75995, "loss": 0.67819289, "lr": 0.00069857, "params": 4975, "time_iter": 0.54462, "accuracy": 0.58673, "precision": 0.0, "recall": 0.0, "f1": 0.0, "auc": 0.46346}
{"epoch": 38, "time_epoch": 160.52549, "eta": 9775.98715, "eta_hours": 2.71555, "loss": 0.67836477, "lr": 0.00068406, "params": 4975, "time_iter": 0.54601, "accuracy": 0.58673, "precision": 0.0, "recall": 0.0, "f1": 0.0, "auc": 0.4445}
{"epoch": 39, "time_epoch": 164.71916, "eta": 9622.41068, "eta_hours": 2.67289, "loss": 0.67832036, "lr": 0.00066937, "params": 4975, "time_iter": 0.56027, "accuracy": 0.58673, "precision": 0.0, "recall": 0.0, "f1": 0.0, "auc": 0.44221}
{"epoch": 40, "time_epoch": 161.45324, "eta": 9463.59093, "eta_hours": 2.62878, "loss": 0.6782287, "lr": 0.00065451, "params": 4975, "time_iter": 0.54916, "accuracy": 0.58673, "precision": 0.0, "recall": 0.0, "f1": 0.0, "auc": 0.46103}
{"epoch": 41, "time_epoch": 158.96529, "eta": 9301.21003, "eta_hours": 2.58367, "loss": 0.67862606, "lr": 0.0006395, "params": 4975, "time_iter": 0.5407, "accuracy": 0.58673, "precision": 0.0, "recall": 0.0, "f1": 0.0, "auc": 0.47333}
{"epoch": 42, "time_epoch": 157.7743, "eta": 9137.40924, "eta_hours": 2.53817, "loss": 0.67824065, "lr": 0.00062434, "params": 4975, "time_iter": 0.53665, "accuracy": 0.58673, "precision": 0.0, "recall": 0.0, "f1": 0.0, "auc": 0.46868}
{"epoch": 43, "time_epoch": 157.94591, "eta": 8974.10079, "eta_hours": 2.49281, "loss": 0.67829437, "lr": 0.00060907, "params": 4975, "time_iter": 0.53723, "accuracy": 0.58673, "precision": 0.0, "recall": 0.0, "f1": 0.0, "auc": 0.43009}
{"epoch": 44, "time_epoch": 157.69454, "eta": 8810.72345, "eta_hours": 2.44742, "loss": 0.67827474, "lr": 0.00059369, "params": 4975, "time_iter": 0.53638, "accuracy": 0.58673, "precision": 0.0, "recall": 0.0, "f1": 0.0, "auc": 0.44941}
{"epoch": 45, "time_epoch": 158.2282, "eta": 8648.21966, "eta_hours": 2.40228, "loss": 0.67834322, "lr": 0.00057822, "params": 4975, "time_iter": 0.53819, "accuracy": 0.58673, "precision": 0.0, "recall": 0.0, "f1": 0.0, "auc": 0.45757}
{"epoch": 46, "time_epoch": 157.78827, "eta": 8485.40172, "eta_hours": 2.35706, "loss": 0.67833281, "lr": 0.00056267, "params": 4975, "time_iter": 0.53669, "accuracy": 0.58673, "precision": 0.0, "recall": 0.0, "f1": 0.0, "auc": 0.44033}
{"epoch": 47, "time_epoch": 157.66704, "eta": 8322.66202, "eta_hours": 2.31185, "loss": 0.67831019, "lr": 0.00054705, "params": 4975, "time_iter": 0.53628, "accuracy": 0.58673, "precision": 0.0, "recall": 0.0, "f1": 0.0, "auc": 0.42707}
{"epoch": 48, "time_epoch": 157.93563, "eta": 8160.40891, "eta_hours": 2.26678, "loss": 0.67828132, "lr": 0.0005314, "params": 4975, "time_iter": 0.5372, "accuracy": 0.58673, "precision": 0.0, "recall": 0.0, "f1": 0.0, "auc": 0.44308}
{"epoch": 49, "time_epoch": 157.9544, "eta": 7998.34728, "eta_hours": 2.22176, "loss": 0.67831894, "lr": 0.00051571, "params": 4975, "time_iter": 0.53726, "accuracy": 0.58673, "precision": 0.0, "recall": 0.0, "f1": 0.0, "auc": 0.46903}
{"epoch": 50, "time_epoch": 157.7373, "eta": 7836.23812, "eta_hours": 2.17673, "loss": 0.67823483, "lr": 0.0005, "params": 4975, "time_iter": 0.53652, "accuracy": 0.58673, "precision": 0.0, "recall": 0.0, "f1": 0.0, "auc": 0.39733}
{"epoch": 51, "time_epoch": 157.79066, "eta": 7674.34637, "eta_hours": 2.13176, "loss": 0.67817145, "lr": 0.00048429, "params": 4975, "time_iter": 0.5367, "accuracy": 0.58673, "precision": 0.0, "recall": 0.0, "f1": 0.0, "auc": 0.42376}
{"epoch": 52, "time_epoch": 158.64795, "eta": 7513.36961, "eta_hours": 2.08705, "loss": 0.67818169, "lr": 0.0004686, "params": 4975, "time_iter": 0.53962, "accuracy": 0.58673, "precision": 0.0, "recall": 0.0, "f1": 0.0, "auc": 0.44157}
{"epoch": 53, "time_epoch": 157.7825, "eta": 7351.74188, "eta_hours": 2.04215, "loss": 0.67826904, "lr": 0.00045295, "params": 4975, "time_iter": 0.53668, "accuracy": 0.58673, "precision": 0.0, "recall": 0.0, "f1": 0.0, "auc": 0.46249}
{"epoch": 54, "time_epoch": 162.81331, "eta": 7194.37008, "eta_hours": 1.99844, "loss": 0.67820725, "lr": 0.00043733, "params": 4975, "time_iter": 0.55379, "accuracy": 0.58673, "precision": 0.0, "recall": 0.0, "f1": 0.0, "auc": 0.45533}
{"epoch": 55, "time_epoch": 176.93913, "eta": 7047.90281, "eta_hours": 1.95775, "loss": 0.67823589, "lr": 0.00042178, "params": 4975, "time_iter": 0.60183, "accuracy": 0.58673, "precision": 0.0, "recall": 0.0, "f1": 0.0, "auc": 0.45838}
{"epoch": 56, "time_epoch": 200.9768, "eta": 6918.50003, "eta_hours": 1.92181, "loss": 0.67825429, "lr": 0.00040631, "params": 4975, "time_iter": 0.68359, "accuracy": 0.58673, "precision": 0.0, "recall": 0.0, "f1": 0.0, "auc": 0.44344}
{"epoch": 57, "time_epoch": 210.00855, "eta": 6793.16941, "eta_hours": 1.88699, "loss": 0.67820527, "lr": 0.00039093, "params": 4975, "time_iter": 0.71431, "accuracy": 0.58673, "precision": 0.0, "recall": 0.0, "f1": 0.0, "auc": 0.42582}
{"epoch": 58, "time_epoch": 210.11, "eta": 6665.03885, "eta_hours": 1.8514, "loss": 0.67814675, "lr": 0.00037566, "params": 4975, "time_iter": 0.71466, "accuracy": 0.58673, "precision": 0.0, "recall": 0.0, "f1": 0.0, "auc": 0.44402}
{"epoch": 59, "time_epoch": 209.79839, "eta": 6533.96791, "eta_hours": 1.81499, "loss": 0.67816957, "lr": 0.0003605, "params": 4975, "time_iter": 0.7136, "accuracy": 0.58673, "precision": 0.0, "recall": 0.0, "f1": 0.0, "auc": 0.47679}
{"epoch": 60, "time_epoch": 209.91025, "eta": 6400.38725, "eta_hours": 1.77789, "loss": 0.67817758, "lr": 0.00034549, "params": 4975, "time_iter": 0.71398, "accuracy": 0.58673, "precision": 0.0, "recall": 0.0, "f1": 0.0, "auc": 0.4689}
{"epoch": 61, "time_epoch": 209.80801, "eta": 6264.28168, "eta_hours": 1.74008, "loss": 0.67819252, "lr": 0.00033063, "params": 4975, "time_iter": 0.71363, "accuracy": 0.58673, "precision": 0.0, "recall": 0.0, "f1": 0.0, "auc": 0.45795}
{"epoch": 62, "time_epoch": 209.92967, "eta": 6125.90781, "eta_hours": 1.70164, "loss": 0.67816387, "lr": 0.00031594, "params": 4975, "time_iter": 0.71405, "accuracy": 0.58673, "precision": 0.0, "recall": 0.0, "f1": 0.0, "auc": 0.45844}
{"epoch": 63, "time_epoch": 210.1904, "eta": 5985.44448, "eta_hours": 1.66262, "loss": 0.67813463, "lr": 0.00030143, "params": 4975, "time_iter": 0.71493, "accuracy": 0.58673, "precision": 0.0, "recall": 0.0, "f1": 0.0, "auc": 0.4637}
{"epoch": 64, "time_epoch": 209.79665, "eta": 5842.62368, "eta_hours": 1.62295, "loss": 0.67815298, "lr": 0.00028711, "params": 4975, "time_iter": 0.71359, "accuracy": 0.58673, "precision": 0.0, "recall": 0.0, "f1": 0.0, "auc": 0.47132}
{"epoch": 65, "time_epoch": 209.80655, "eta": 5697.77842, "eta_hours": 1.58272, "loss": 0.67815624, "lr": 0.000273, "params": 4975, "time_iter": 0.71363, "accuracy": 0.58673, "precision": 0.0, "recall": 0.0, "f1": 0.0, "auc": 0.44284}
{"epoch": 66, "time_epoch": 210.00941, "eta": 5551.09392, "eta_hours": 1.54197, "loss": 0.67816119, "lr": 0.00025912, "params": 4975, "time_iter": 0.71432, "accuracy": 0.58673, "precision": 0.0, "recall": 0.0, "f1": 0.0, "auc": 0.43989}
{"epoch": 67, "time_epoch": 210.17223, "eta": 5402.62355, "eta_hours": 1.50073, "loss": 0.67811431, "lr": 0.00024548, "params": 4975, "time_iter": 0.71487, "accuracy": 0.58673, "precision": 0.0, "recall": 0.0, "f1": 0.0, "auc": 0.45137}
{"epoch": 68, "time_epoch": 210.1624, "eta": 5252.3603, "eta_hours": 1.45899, "loss": 0.67815101, "lr": 0.00023209, "params": 4975, "time_iter": 0.71484, "accuracy": 0.58673, "precision": 0.0, "recall": 0.0, "f1": 0.0, "auc": 0.46097}
{"epoch": 69, "time_epoch": 210.01975, "eta": 5100.32451, "eta_hours": 1.41676, "loss": 0.67813026, "lr": 0.00021896, "params": 4975, "time_iter": 0.71435, "accuracy": 0.58673, "precision": 0.0, "recall": 0.0, "f1": 0.0, "auc": 0.42854}
{"epoch": 70, "time_epoch": 209.84063, "eta": 4946.58221, "eta_hours": 1.37405, "loss": 0.67813709, "lr": 0.00020611, "params": 4975, "time_iter": 0.71374, "accuracy": 0.58673, "precision": 0.0, "recall": 0.0, "f1": 0.0, "auc": 0.43943}
{"epoch": 71, "time_epoch": 209.98365, "eta": 4791.33724, "eta_hours": 1.33093, "loss": 0.67809926, "lr": 0.00019355, "params": 4975, "time_iter": 0.71423, "accuracy": 0.58673, "precision": 0.0, "recall": 0.0, "f1": 0.0, "auc": 0.43391}
{"epoch": 72, "time_epoch": 209.84115, "eta": 4634.53987, "eta_hours": 1.28737, "loss": 0.67812429, "lr": 0.00018129, "params": 4975, "time_iter": 0.71375, "accuracy": 0.58673, "precision": 0.0, "recall": 0.0, "f1": 0.0, "auc": 0.44354}
{"epoch": 73, "time_epoch": 198.61682, "eta": 4472.36521, "eta_hours": 1.24232, "loss": 0.67811627, "lr": 0.00016934, "params": 4975, "time_iter": 0.67557, "accuracy": 0.58673, "precision": 0.0, "recall": 0.0, "f1": 0.0, "auc": 0.4703}
{"epoch": 74, "time_epoch": 210.13906, "eta": 4313.0595, "eta_hours": 1.19807, "loss": 0.67809107, "lr": 0.00015773, "params": 4975, "time_iter": 0.71476, "accuracy": 0.58673, "precision": 0.0, "recall": 0.0, "f1": 0.0, "auc": 0.46105}
{"epoch": 75, "time_epoch": 209.90712, "eta": 4152.34283, "eta_hours": 1.15343, "loss": 0.678093, "lr": 0.00014645, "params": 4975, "time_iter": 0.71397, "accuracy": 0.58673, "precision": 0.0, "recall": 0.0, "f1": 0.0, "auc": 0.44868}
{"epoch": 76, "time_epoch": 210.10914, "eta": 3990.40882, "eta_hours": 1.10845, "loss": 0.67808659, "lr": 0.00013552, "params": 4975, "time_iter": 0.71466, "accuracy": 0.58673, "precision": 0.0, "recall": 0.0, "f1": 0.0, "auc": 0.44639}
{"epoch": 77, "time_epoch": 210.13184, "eta": 3827.24596, "eta_hours": 1.06312, "loss": 0.67807221, "lr": 0.00012494, "params": 4975, "time_iter": 0.71473, "accuracy": 0.58673, "precision": 0.0, "recall": 0.0, "f1": 0.0, "auc": 0.42831}
{"epoch": 78, "time_epoch": 209.90292, "eta": 3662.83316, "eta_hours": 1.01745, "loss": 0.67807931, "lr": 0.00011474, "params": 4975, "time_iter": 0.71396, "accuracy": 0.58673, "precision": 0.0, "recall": 0.0, "f1": 0.0, "auc": 0.42778}
{"epoch": 79, "time_epoch": 210.08045, "eta": 3497.32749, "eta_hours": 0.97148, "loss": 0.67809108, "lr": 0.00010492, "params": 4975, "time_iter": 0.71456, "accuracy": 0.58673, "precision": 0.0, "recall": 0.0, "f1": 0.0, "auc": 0.45411}
{"epoch": 80, "time_epoch": 210.31323, "eta": 3330.77581, "eta_hours": 0.92522, "loss": 0.67807099, "lr": 9.549e-05, "params": 4975, "time_iter": 0.71535, "accuracy": 0.58673, "precision": 0.0, "recall": 0.0, "f1": 0.0, "auc": 0.4513}
{"epoch": 81, "time_epoch": 209.94442, "eta": 3163.07582, "eta_hours": 0.87863, "loss": 0.67806235, "lr": 8.646e-05, "params": 4975, "time_iter": 0.7141, "accuracy": 0.58673, "precision": 0.0, "recall": 0.0, "f1": 0.0, "auc": 0.4359}
{"epoch": 82, "time_epoch": 210.48969, "eta": 2994.46957, "eta_hours": 0.8318, "loss": 0.67805602, "lr": 7.784e-05, "params": 4975, "time_iter": 0.71595, "accuracy": 0.58673, "precision": 0.0, "recall": 0.0, "f1": 0.0, "auc": 0.44497}
{"epoch": 83, "time_epoch": 210.61891, "eta": 2824.89071, "eta_hours": 0.78469, "loss": 0.67806338, "lr": 6.963e-05, "params": 4975, "time_iter": 0.71639, "accuracy": 0.58673, "precision": 0.0, "recall": 0.0, "f1": 0.0, "auc": 0.43241}
{"epoch": 84, "time_epoch": 208.88295, "eta": 2654.03985, "eta_hours": 0.73723, "loss": 0.678048, "lr": 6.185e-05, "params": 4975, "time_iter": 0.71049, "accuracy": 0.58673, "precision": 0.0, "recall": 0.0, "f1": 0.0, "auc": 0.44684}
{"epoch": 85, "time_epoch": 159.57048, "eta": 2474.27692, "eta_hours": 0.6873, "loss": 0.6780507, "lr": 5.45e-05, "params": 4975, "time_iter": 0.54276, "accuracy": 0.58673, "precision": 0.0, "recall": 0.0, "f1": 0.0, "auc": 0.45517}
{"epoch": 86, "time_epoch": 159.53561, "eta": 2294.97297, "eta_hours": 0.63749, "loss": 0.67805147, "lr": 4.759e-05, "params": 4975, "time_iter": 0.54264, "accuracy": 0.58673, "precision": 0.0, "recall": 0.0, "f1": 0.0, "auc": 0.43908}
{"epoch": 87, "time_epoch": 159.50842, "eta": 2116.11459, "eta_hours": 0.58781, "loss": 0.67805025, "lr": 4.112e-05, "params": 4975, "time_iter": 0.54255, "accuracy": 0.58673, "precision": 0.0, "recall": 0.0, "f1": 0.0, "auc": 0.46118}
{"epoch": 88, "time_epoch": 159.72293, "eta": 1937.71756, "eta_hours": 0.53825, "loss": 0.67803899, "lr": 3.511e-05, "params": 4975, "time_iter": 0.54328, "accuracy": 0.58673, "precision": 0.0, "recall": 0.0, "f1": 0.0, "auc": 0.4619}
{"epoch": 89, "time_epoch": 159.51485, "eta": 1759.71238, "eta_hours": 0.48881, "loss": 0.6780343, "lr": 2.956e-05, "params": 4975, "time_iter": 0.54257, "accuracy": 0.58673, "precision": 0.0, "recall": 0.0, "f1": 0.0, "auc": 0.46261}
{"epoch": 90, "time_epoch": 159.89382, "eta": 1582.15107, "eta_hours": 0.43949, "loss": 0.67803262, "lr": 2.447e-05, "params": 4975, "time_iter": 0.54386, "accuracy": 0.58673, "precision": 0.0, "recall": 0.0, "f1": 0.0, "auc": 0.44044}
{"epoch": 91, "time_epoch": 159.44396, "eta": 1404.93472, "eta_hours": 0.39026, "loss": 0.67803039, "lr": 1.985e-05, "params": 4975, "time_iter": 0.54233, "accuracy": 0.58673, "precision": 0.0, "recall": 0.0, "f1": 0.0, "auc": 0.45038}
{"epoch": 92, "time_epoch": 159.53475, "eta": 1228.1074, "eta_hours": 0.34114, "loss": 0.6780312, "lr": 1.571e-05, "params": 4975, "time_iter": 0.54264, "accuracy": 0.58673, "precision": 0.0, "recall": 0.0, "f1": 0.0, "auc": 0.44908}
{"epoch": 93, "time_epoch": 159.37135, "eta": 1051.63758, "eta_hours": 0.29212, "loss": 0.6780358, "lr": 1.204e-05, "params": 4975, "time_iter": 0.54208, "accuracy": 0.58673, "precision": 0.0, "recall": 0.0, "f1": 0.0, "auc": 0.45273}
{"epoch": 94, "time_epoch": 159.43733, "eta": 875.53119, "eta_hours": 0.2432, "loss": 0.67802856, "lr": 8.86e-06, "params": 4975, "time_iter": 0.5423, "accuracy": 0.58673, "precision": 0.0, "recall": 0.0, "f1": 0.0, "auc": 0.44063}
{"epoch": 95, "time_epoch": 159.60112, "eta": 699.77891, "eta_hours": 0.19438, "loss": 0.67802808, "lr": 6.16e-06, "params": 4975, "time_iter": 0.54286, "accuracy": 0.58673, "precision": 0.0, "recall": 0.0, "f1": 0.0, "auc": 0.42591}
{"epoch": 96, "time_epoch": 159.52013, "eta": 524.35713, "eta_hours": 0.14565, "loss": 0.67802652, "lr": 3.94e-06, "params": 4975, "time_iter": 0.54259, "accuracy": 0.58673, "precision": 0.0, "recall": 0.0, "f1": 0.0, "auc": 0.46159}
{"epoch": 97, "time_epoch": 159.4481, "eta": 349.25841, "eta_hours": 0.09702, "loss": 0.67802611, "lr": 2.22e-06, "params": 4975, "time_iter": 0.54234, "accuracy": 0.58673, "precision": 0.0, "recall": 0.0, "f1": 0.0, "auc": 0.4603}
{"epoch": 98, "time_epoch": 159.32601, "eta": 174.47463, "eta_hours": 0.04847, "loss": 0.6780253, "lr": 9.9e-07, "params": 4975, "time_iter": 0.54193, "accuracy": 0.58673, "precision": 0.0, "recall": 0.0, "f1": 0.0, "auc": 0.44403}
{"epoch": 99, "time_epoch": 159.74815, "eta": 0.0, "eta_hours": 0.0, "loss": 0.67802512, "lr": 2.5e-07, "params": 4975, "time_iter": 0.54336, "accuracy": 0.58673, "precision": 0.0, "recall": 0.0, "f1": 0.0, "auc": 0.42619}
