{"epoch": 94, "time_epoch": 32.73319, "time_epoch_std": 0.47183, "eta": 552.25084, "eta_std": 452.07947, "eta_hours": 0.1534, "eta_hours_std": 0.12558, "loss": 0.53276, "loss_std": 0.0108, "lr": 0.00011, "lr_std": 0.00015, "params": 5865.0, "params_std": 0.0, "time_iter": 0.06368, "time_iter_std": 0.00092, "accuracy": 0.76838, "accuracy_std": 0.00903, "accuracy_max": 0.77897, "precision": 0.76564, "precision_std": 0.0102, "recall": 0.77689, "recall_std": 0.00791, "f1": 0.7712, "f1_std": 0.00849, "auc": 0.84333, "auc_std": 0.00669}
