{"epoch": 0, "time_epoch": 47.23488, "time_epoch_std": 2.3189, "eta": 4676.25376, "eta_std": 229.57072, "eta_hours": 1.29896, "eta_hours_std": 0.06377, "loss": 0.666, "loss_std": 0.00387, "lr": 0.001, "lr_std": 0.0, "params": 5865.0, "params_std": 0.0, "time_iter": 0.0919, "time_iter_std": 0.00451, "accuracy": 0.59834, "accuracy_std": 0.00417, "accuracy_max": 0.60516, "precision": 0.61507, "precision_std": 0.02238, "recall": 0.5516, "recall_std": 0.0817, "f1": 0.5767, "f1_std": 0.03679, "auc": 0.63979, "auc_std": 0.00776}
{"epoch": 1, "time_epoch": 32.08983, "time_epoch_std": 1.11493, "eta": 3886.91083, "eta_std": 134.10747, "eta_hours": 1.0797, "eta_hours_std": 0.03725, "loss": 0.64998, "loss_std": 0.00328, "lr": 0.001, "lr_std": 0.0, "params": 5865.0, "params_std": 0.0, "time_iter": 0.06243, "time_iter_std": 0.00217, "accuracy": 0.63729, "accuracy_std": 0.00695, "accuracy_max": 0.64703, "precision": 0.6363, "precision_std": 0.00575, "recall": 0.64898, "recall_std": 0.01161, "f1": 0.64256, "f1_std": 0.00841, "auc": 0.67112, "auc_std": 0.00582}
{"epoch": 2, "time_epoch": 32.07287, "time_epoch_std": 1.1254, "eta": 3601.85503, "eta_std": 112.84022, "eta_hours": 1.00052, "eta_hours_std": 0.03134, "loss": 0.64772, "loss_std": 0.00609, "lr": 0.001, "lr_std": 0.0, "params": 5865.0, "params_std": 0.0, "time_iter": 0.0624, "time_iter_std": 0.00219, "accuracy": 0.63474, "accuracy_std": 0.01425, "accuracy_max": 0.65823, "precision": 0.63487, "precision_std": 0.01435, "recall": 0.64292, "recall_std": 0.01953, "f1": 0.63876, "f1_std": 0.01487, "auc": 0.67308, "auc_std": 0.01178}
{"epoch": 3, "time_epoch": 32.05021, "time_epoch_std": 1.13909, "eta": 3442.74698, "eta_std": 105.74368, "eta_hours": 0.95632, "eta_hours_std": 0.02938, "loss": 0.64555, "loss_std": 0.00289, "lr": 0.001, "lr_std": 0.0, "params": 5865.0, "params_std": 0.0, "time_iter": 0.06235, "time_iter_std": 0.00221, "accuracy": 0.63413, "accuracy_std": 0.00898, "accuracy_max": 0.64703, "precision": 0.63457, "precision_std": 0.00859, "recall": 0.64123, "recall_std": 0.02664, "f1": 0.63758, "f1_std": 0.01419, "auc": 0.67715, "auc_std": 0.00531}
{"epoch": 4, "time_epoch": 32.03692, "time_epoch_std": 1.11583, "eta": 3334.20946, "eta_std": 102.61119, "eta_hours": 0.92617, "eta_hours_std": 0.0285, "loss": 0.63729, "loss_std": 0.00548, "lr": 0.001, "lr_std": 0.0, "params": 5865.0, "params_std": 0.0, "time_iter": 0.06233, "time_iter_std": 0.00217, "accuracy": 0.6424, "accuracy_std": 0.00561, "accuracy_max": 0.65044, "precision": 0.64295, "precision_std": 0.00417, "recall": 0.64825, "recall_std": 0.01588, "f1": 0.64551, "f1_std": 0.00886, "auc": 0.68988, "auc_std": 0.00889}
{"epoch": 5, "time_epoch": 32.03798, "time_epoch_std": 1.11538, "eta": 3251.18886, "eta_std": 100.77623, "eta_hours": 0.90311, "eta_hours_std": 0.02799, "loss": 0.63423, "loss_std": 0.00399, "lr": 0.00099, "lr_std": 0.0, "params": 5865.0, "params_std": 0.0, "time_iter": 0.06233, "time_iter_std": 0.00217, "accuracy": 0.64825, "accuracy_std": 0.0072, "accuracy_max": 0.65482, "precision": 0.64919, "precision_std": 0.00755, "recall": 0.65261, "recall_std": 0.00818, "f1": 0.65088, "f1_std": 0.00704, "auc": 0.6954, "auc_std": 0.00527}
{"epoch": 6, "time_epoch": 32.05761, "time_epoch_std": 1.10093, "eta": 3182.99548, "eta_std": 99.27539, "eta_hours": 0.88416, "eta_hours_std": 0.02758, "loss": 0.63114, "loss_std": 0.00236, "lr": 0.00099, "lr_std": 0.0, "params": 5865.0, "params_std": 0.0, "time_iter": 0.06237, "time_iter_std": 0.00214, "accuracy": 0.65214, "accuracy_std": 0.00497, "accuracy_max": 0.65579, "precision": 0.65462, "precision_std": 0.00518, "recall": 0.6514, "recall_std": 0.01361, "f1": 0.65292, "f1_std": 0.00718, "auc": 0.70134, "auc_std": 0.00353}
{"epoch": 7, "time_epoch": 32.02215, "time_epoch_std": 1.13195, "eta": 3123.42827, "eta_std": 98.4063, "eta_hours": 0.86762, "eta_hours_std": 0.02733, "loss": 0.6252, "loss_std": 0.00363, "lr": 0.00099, "lr_std": 0.0, "params": 5865.0, "params_std": 0.0, "time_iter": 0.0623, "time_iter_std": 0.0022, "accuracy": 0.65774, "accuracy_std": 0.00571, "accuracy_max": 0.66407, "precision": 0.66073, "precision_std": 0.0064, "recall": 0.65552, "recall_std": 0.01605, "f1": 0.65799, "f1_std": 0.0082, "auc": 0.71089, "auc_std": 0.00707}
{"epoch": 8, "time_epoch": 32.60237, "time_epoch_std": 0.43057, "eta": 3075.84883, "eta_std": 89.30953, "eta_hours": 0.8544, "eta_hours_std": 0.02481, "loss": 0.62276, "loss_std": 0.00473, "lr": 0.00098, "lr_std": 0.0, "params": 5865.0, "params_std": 0.0, "time_iter": 0.06343, "time_iter_std": 0.00084, "accuracy": 0.65579, "accuracy_std": 0.00534, "accuracy_max": 0.6592, "precision": 0.65303, "precision_std": 0.00466, "recall": 0.67224, "recall_std": 0.02335, "f1": 0.66226, "f1_std": 0.0107, "auc": 0.71346, "auc_std": 0.01019}
{"epoch": 9, "time_epoch": 32.70489, "time_epoch_std": 0.44146, "eta": 3032.18754, "eta_std": 80.09841, "eta_hours": 0.84227, "eta_hours_std": 0.02225, "loss": 0.62031, "loss_std": 0.00403, "lr": 0.00098, "lr_std": 0.0, "params": 5865.0, "params_std": 0.0, "time_iter": 0.06363, "time_iter_std": 0.00086, "accuracy": 0.6603, "accuracy_std": 0.01002, "accuracy_max": 0.67089, "precision": 0.663, "precision_std": 0.00687, "recall": 0.65843, "recall_std": 0.02469, "f1": 0.66054, "f1_std": 0.0148, "auc": 0.72356, "auc_std": 0.00738}
{"epoch": 10, "time_epoch": 32.73658, "time_epoch_std": 0.49436, "eta": 2990.77465, "eta_std": 73.21768, "eta_hours": 0.83077, "eta_hours_std": 0.02034, "loss": 0.61471, "loss_std": 0.00826, "lr": 0.00098, "lr_std": 0.0, "params": 5865.0, "params_std": 0.0, "time_iter": 0.06369, "time_iter_std": 0.00096, "accuracy": 0.67222, "accuracy_std": 0.0099, "accuracy_max": 0.68111, "precision": 0.67039, "precision_std": 0.0109, "recall": 0.68435, "recall_std": 0.02179, "f1": 0.67709, "f1_std": 0.01205, "auc": 0.73037, "auc_std": 0.00704}
{"epoch": 11, "time_epoch": 32.73641, "time_epoch_std": 0.47117, "eta": 2950.80658, "eta_std": 67.58894, "eta_hours": 0.81967, "eta_hours_std": 0.01878, "loss": 0.61068, "loss_std": 0.00758, "lr": 0.00097, "lr_std": 0.0, "params": 5865.0, "params_std": 0.0, "time_iter": 0.06369, "time_iter_std": 0.00092, "accuracy": 0.67186, "accuracy_std": 0.00236, "accuracy_max": 0.67575, "precision": 0.67154, "precision_std": 0.0038, "recall": 0.67926, "recall_std": 0.0154, "f1": 0.67526, "f1_std": 0.00618, "auc": 0.73762, "auc_std": 0.00612}
{"epoch": 12, "time_epoch": 32.80219, "time_epoch_std": 0.54103, "eta": 2912.39125, "eta_std": 62.49998, "eta_hours": 0.809, "eta_hours_std": 0.01736, "loss": 0.60571, "loss_std": 0.00821, "lr": 0.00096, "lr_std": 0.0, "params": 5865.0, "params_std": 0.0, "time_iter": 0.06382, "time_iter_std": 0.00105, "accuracy": 0.6833, "accuracy_std": 0.00635, "accuracy_max": 0.69377, "precision": 0.68259, "precision_std": 0.0075, "recall": 0.69114, "recall_std": 0.00477, "f1": 0.68682, "f1_std": 0.00547, "auc": 0.74866, "auc_std": 0.01059}
{"epoch": 13, "time_epoch": 32.73045, "time_epoch_std": 0.48921, "eta": 2874.33716, "eta_std": 58.69926, "eta_hours": 0.79842, "eta_hours_std": 0.01631, "loss": 0.60661, "loss_std": 0.00733, "lr": 0.00096, "lr_std": 0.0, "params": 5865.0, "params_std": 0.0, "time_iter": 0.06368, "time_iter_std": 0.00095, "accuracy": 0.68646, "accuracy_std": 0.00373, "accuracy_max": 0.69085, "precision": 0.68581, "precision_std": 0.00232, "recall": 0.6938, "recall_std": 0.00781, "f1": 0.68977, "f1_std": 0.00492, "auc": 0.75019, "auc_std": 0.00698}
{"epoch": 14, "time_epoch": 32.73345, "time_epoch_std": 0.47803, "eta": 2837.00989, "eta_std": 55.49937, "eta_hours": 0.78806, "eta_hours_std": 0.01541, "loss": 0.60091, "loss_std": 0.00618, "lr": 0.00095, "lr_std": 0.0, "params": 5865.0, "params_std": 0.0, "time_iter": 0.06369, "time_iter_std": 0.00093, "accuracy": 0.6889, "accuracy_std": 0.00895, "accuracy_max": 0.70058, "precision": 0.68988, "precision_std": 0.00685, "recall": 0.69162, "recall_std": 0.01516, "f1": 0.69072, "f1_std": 0.01073, "auc": 0.75538, "auc_std": 0.00539}
{"epoch": 15, "time_epoch": 32.78062, "time_epoch_std": 0.52792, "eta": 2800.50449, "eta_std": 52.44395, "eta_hours": 0.77792, "eta_hours_std": 0.01457, "loss": 0.59492, "loss_std": 0.00554, "lr": 0.00095, "lr_std": 0.0, "params": 5865.0, "params_std": 0.0, "time_iter": 0.06377, "time_iter_std": 0.00103, "accuracy": 0.69657, "accuracy_std": 0.00803, "accuracy_max": 0.71032, "precision": 0.69731, "precision_std": 0.01027, "recall": 0.70034, "recall_std": 0.01481, "f1": 0.69869, "f1_std": 0.00843, "auc": 0.76556, "auc_std": 0.00641}
{"epoch": 16, "time_epoch": 32.73754, "time_epoch_std": 0.48225, "eta": 2764.22695, "eta_std": 50.11839, "eta_hours": 0.76784, "eta_hours_std": 0.01392, "loss": 0.58609, "loss_std": 0.00788, "lr": 0.00094, "lr_std": 0.0, "params": 5865.0, "params_std": 0.0, "time_iter": 0.06369, "time_iter_std": 0.00094, "accuracy": 0.70046, "accuracy_std": 0.00381, "accuracy_max": 0.70545, "precision": 0.70333, "precision_std": 0.00275, "recall": 0.6984, "recall_std": 0.00776, "f1": 0.70084, "f1_std": 0.00492, "auc": 0.77095, "auc_std": 0.00511}
{"epoch": 17, "time_epoch": 32.7516, "time_epoch_std": 0.48888, "eta": 2728.40679, "eta_std": 48.00006, "eta_hours": 0.75789, "eta_hours_std": 0.01333, "loss": 0.59124, "loss_std": 0.00988, "lr": 0.00093, "lr_std": 0.0, "params": 5865.0, "params_std": 0.0, "time_iter": 0.06372, "time_iter_std": 0.00095, "accuracy": 0.70302, "accuracy_std": 0.00609, "accuracy_max": 0.71081, "precision": 0.70554, "precision_std": 0.00384, "recall": 0.70179, "recall_std": 0.01457, "f1": 0.7036, "f1_std": 0.00847, "auc": 0.77087, "auc_std": 0.0048}
{"epoch": 18, "time_epoch": 32.79446, "time_epoch_std": 0.43031, "eta": 2693.09234, "eta_std": 45.9461, "eta_hours": 0.74808, "eta_hours_std": 0.01277, "loss": 0.59106, "loss_std": 0.00555, "lr": 0.00092, "lr_std": 0.0, "params": 5865.0, "params_std": 0.0, "time_iter": 0.0638, "time_iter_std": 0.00084, "accuracy": 0.70788, "accuracy_std": 0.00423, "accuracy_max": 0.71081, "precision": 0.7103, "precision_std": 0.0035, "recall": 0.70712, "recall_std": 0.01858, "f1": 0.70855, "f1_std": 0.00829, "auc": 0.77652, "auc_std": 0.00377}
{"epoch": 19, "time_epoch": 32.84746, "time_epoch_std": 0.39079, "eta": 2658.24194, "eta_std": 43.94282, "eta_hours": 0.7384, "eta_hours_std": 0.01221, "loss": 0.58292, "loss_std": 0.00153, "lr": 0.00091, "lr_std": 0.0, "params": 5865.0, "params_std": 0.0, "time_iter": 0.0639, "time_iter_std": 0.00076, "accuracy": 0.70667, "accuracy_std": 0.00534, "accuracy_max": 0.71373, "precision": 0.70738, "precision_std": 0.00285, "recall": 0.70979, "recall_std": 0.01464, "f1": 0.70851, "f1_std": 0.00789, "auc": 0.77991, "auc_std": 0.00407}
{"epoch": 20, "time_epoch": 32.78357, "time_epoch_std": 0.47532, "eta": 2623.34192, "eta_std": 42.40629, "eta_hours": 0.7287, "eta_hours_std": 0.01178, "loss": 0.58317, "loss_std": 0.00247, "lr": 0.0009, "lr_std": 0.0, "params": 5865.0, "params_std": 0.0, "time_iter": 0.06378, "time_iter_std": 0.00092, "accuracy": 0.70667, "accuracy_std": 0.00543, "accuracy_max": 0.71178, "precision": 0.71215, "precision_std": 0.00698, "recall": 0.69864, "recall_std": 0.00356, "f1": 0.70532, "f1_std": 0.00456, "auc": 0.7801, "auc_std": 0.00382}
{"epoch": 21, "time_epoch": 32.72268, "time_epoch_std": 0.54646, "eta": 2588.41842, "eta_std": 41.19466, "eta_hours": 0.71901, "eta_hours_std": 0.01144, "loss": 0.57751, "loss_std": 0.00721, "lr": 0.0009, "lr_std": 0.0, "params": 5865.0, "params_std": 0.0, "time_iter": 0.06366, "time_iter_std": 0.00106, "accuracy": 0.70984, "accuracy_std": 0.00796, "accuracy_max": 0.72055, "precision": 0.71236, "precision_std": 0.00659, "recall": 0.70858, "recall_std": 0.01526, "f1": 0.7104, "f1_std": 0.00969, "auc": 0.78656, "auc_std": 0.00513}
{"epoch": 22, "time_epoch": 32.70362, "time_epoch_std": 0.49462, "eta": 2553.62248, "eta_std": 39.92543, "eta_hours": 0.70934, "eta_hours_std": 0.01109, "loss": 0.58185, "loss_std": 0.0049, "lr": 0.00089, "lr_std": 0.0, "params": 5865.0, "params_std": 0.0, "time_iter": 0.06362, "time_iter_std": 0.00096, "accuracy": 0.71032, "accuracy_std": 0.00591, "accuracy_max": 0.71616, "precision": 0.71496, "precision_std": 0.00506, "recall": 0.7047, "recall_std": 0.02853, "f1": 0.70939, "f1_std": 0.01267, "auc": 0.7848, "auc_std": 0.00454}
{"epoch": 23, "time_epoch": 33.11464, "time_epoch_std": 0.7017, "eta": 2520.30249, "eta_std": 39.07052, "eta_hours": 0.70008, "eta_hours_std": 0.01085, "loss": 0.58162, "loss_std": 0.00223, "lr": 0.00088, "lr_std": 0.0, "params": 5865.0, "params_std": 0.0, "time_iter": 0.06443, "time_iter_std": 0.00136, "accuracy": 0.71154, "accuracy_std": 0.00342, "accuracy_max": 0.71665, "precision": 0.71537, "precision_std": 0.00634, "recall": 0.70761, "recall_std": 0.01376, "f1": 0.71134, "f1_std": 0.00537, "auc": 0.78483, "auc_std": 0.00299}
{"epoch": 24, "time_epoch": 32.78075, "time_epoch_std": 0.41694, "eta": 2485.99724, "eta_std": 37.9125, "eta_hours": 0.69056, "eta_hours_std": 0.01053, "loss": 0.57166, "loss_std": 0.00579, "lr": 0.00086, "lr_std": 0.0, "params": 5865.0, "params_std": 0.0, "time_iter": 0.06378, "time_iter_std": 0.00081, "accuracy": 0.72018, "accuracy_std": 0.00564, "accuracy_max": 0.72687, "precision": 0.72461, "precision_std": 0.00681, "recall": 0.71488, "recall_std": 0.01324, "f1": 0.71962, "f1_std": 0.00693, "auc": 0.79434, "auc_std": 0.00286}
{"epoch": 25, "time_epoch": 32.75149, "time_epoch_std": 0.48618, "eta": 2451.72596, "eta_std": 36.95071, "eta_hours": 0.68103, "eta_hours_std": 0.01026, "loss": 0.57428, "loss_std": 0.00236, "lr": 0.00085, "lr_std": 0.0, "params": 5865.0, "params_std": 0.0, "time_iter": 0.06372, "time_iter_std": 0.00095, "accuracy": 0.71884, "accuracy_std": 0.00122, "accuracy_max": 0.72055, "precision": 0.722, "precision_std": 0.00849, "recall": 0.71681, "recall_std": 0.01706, "f1": 0.71917, "f1_std": 0.00459, "auc": 0.79215, "auc_std": 0.00226}
{"epoch": 26, "time_epoch": 32.75003, "time_epoch_std": 0.49078, "eta": 2417.56334, "eta_std": 36.04468, "eta_hours": 0.67155, "eta_hours_std": 0.01001, "loss": 0.57342, "loss_std": 0.00891, "lr": 0.00084, "lr_std": 0.0, "params": 5865.0, "params_std": 0.0, "time_iter": 0.06372, "time_iter_std": 0.00095, "accuracy": 0.71215, "accuracy_std": 0.00474, "accuracy_max": 0.71568, "precision": 0.7159, "precision_std": 0.00751, "recall": 0.70833, "recall_std": 0.00722, "f1": 0.71204, "f1_std": 0.00393, "auc": 0.79201, "auc_std": 0.00514}
{"epoch": 27, "time_epoch": 32.75623, "time_epoch_std": 0.49806, "eta": 2383.51757, "eta_std": 35.24494, "eta_hours": 0.66209, "eta_hours_std": 0.00979, "loss": 0.57267, "loss_std": 0.00565, "lr": 0.00083, "lr_std": 0.0, "params": 5865.0, "params_std": 0.0, "time_iter": 0.06373, "time_iter_std": 0.00097, "accuracy": 0.72322, "accuracy_std": 0.00436, "accuracy_max": 0.73077, "precision": 0.72352, "precision_std": 0.00578, "recall": 0.72698, "recall_std": 0.00378, "f1": 0.72524, "f1_std": 0.0037, "auc": 0.79765, "auc_std": 0.00571}
{"epoch": 28, "time_epoch": 32.79124, "time_epoch_std": 0.52855, "eta": 2349.64645, "eta_std": 34.44188, "eta_hours": 0.65268, "eta_hours_std": 0.00957, "loss": 0.56429, "loss_std": 0.00443, "lr": 0.00082, "lr_std": 0.0, "params": 5865.0, "params_std": 0.0, "time_iter": 0.0638, "time_iter_std": 0.00103, "accuracy": 0.72772, "accuracy_std": 0.00227, "accuracy_max": 0.73077, "precision": 0.73086, "precision_std": 0.00546, "recall": 0.72529, "recall_std": 0.0074, "f1": 0.72802, "f1_std": 0.00217, "auc": 0.80125, "auc_std": 0.0011}
{"epoch": 29, "time_epoch": 32.72147, "time_epoch_std": 0.47009, "eta": 2315.6845, "eta_std": 33.714, "eta_hours": 0.64324, "eta_hours_std": 0.00937, "loss": 0.56592, "loss_std": 0.01107, "lr": 0.00081, "lr_std": 0.0, "params": 5865.0, "params_std": 0.0, "time_iter": 0.06366, "time_iter_std": 0.00091, "accuracy": 0.72188, "accuracy_std": 0.00978, "accuracy_max": 0.73223, "precision": 0.7277, "precision_std": 0.009, "recall": 0.71342, "recall_std": 0.01581, "f1": 0.72043, "f1_std": 0.01113, "auc": 0.80246, "auc_std": 0.00843}
{"epoch": 30, "time_epoch": 32.76261, "time_epoch_std": 0.4808, "eta": 2281.89416, "eta_std": 33.00449, "eta_hours": 0.63386, "eta_hours_std": 0.00917, "loss": 0.57354, "loss_std": 0.00995, "lr": 0.00079, "lr_std": 0.0, "params": 5865.0, "params_std": 0.0, "time_iter": 0.06374, "time_iter_std": 0.00094, "accuracy": 0.72286, "accuracy_std": 0.00299, "accuracy_max": 0.7259, "precision": 0.7244, "precision_std": 0.00253, "recall": 0.72384, "recall_std": 0.012, "f1": 0.72405, "f1_std": 0.00535, "auc": 0.79693, "auc_std": 0.00558}
{"epoch": 31, "time_epoch": 33.44134, "time_epoch_std": 1.54967, "eta": 2249.61036, "eta_std": 34.5561, "eta_hours": 0.62489, "eta_hours_std": 0.0096, "loss": 0.56628, "loss_std": 0.00528, "lr": 0.00078, "lr_std": 0.0, "params": 5865.0, "params_std": 0.0, "time_iter": 0.06506, "time_iter_std": 0.00301, "accuracy": 0.72554, "accuracy_std": 0.00432, "accuracy_max": 0.73077, "precision": 0.72695, "precision_std": 0.00542, "recall": 0.72674, "recall_std": 0.00314, "f1": 0.72684, "f1_std": 0.00374, "auc": 0.80174, "auc_std": 0.00349}
{"epoch": 32, "time_epoch": 33.13918, "time_epoch_std": 1.01163, "eta": 2216.64292, "eta_std": 34.94845, "eta_hours": 0.61573, "eta_hours_std": 0.00971, "loss": 0.57039, "loss_std": 0.00463, "lr": 0.00077, "lr_std": 0.0, "params": 5865.0, "params_std": 0.0, "time_iter": 0.06448, "time_iter_std": 0.00197, "accuracy": 0.73004, "accuracy_std": 0.00893, "accuracy_max": 0.74197, "precision": 0.73546, "precision_std": 0.01152, "recall": 0.72287, "recall_std": 0.00561, "f1": 0.72908, "f1_std": 0.00773, "auc": 0.80289, "auc_std": 0.00363}
{"epoch": 33, "time_epoch": 33.13328, "time_epoch_std": 1.00124, "eta": 2183.65393, "eta_std": 35.25185, "eta_hours": 0.60657, "eta_hours_std": 0.00979, "loss": 0.56065, "loss_std": 0.00776, "lr": 0.00075, "lr_std": 0.0, "params": 5865.0, "params_std": 0.0, "time_iter": 0.06446, "time_iter_std": 0.00195, "accuracy": 0.72748, "accuracy_std": 0.00586, "accuracy_max": 0.7332, "precision": 0.72873, "precision_std": 0.00674, "recall": 0.72917, "recall_std": 0.01505, "f1": 0.72884, "f1_std": 0.00751, "auc": 0.80594, "auc_std": 0.00848}
{"epoch": 34, "time_epoch": 33.14, "time_epoch_std": 1.0224, "eta": 2150.66918, "eta_std": 35.53556, "eta_hours": 0.59741, "eta_hours_std": 0.00987, "loss": 0.56218, "loss_std": 0.00491, "lr": 0.00074, "lr_std": 0.0, "params": 5865.0, "params_std": 0.0, "time_iter": 0.06448, "time_iter_std": 0.00199, "accuracy": 0.73381, "accuracy_std": 0.00551, "accuracy_max": 0.74148, "precision": 0.73602, "precision_std": 0.00715, "recall": 0.73329, "recall_std": 0.0055, "f1": 0.73463, "f1_std": 0.00498, "auc": 0.80781, "auc_std": 0.002}
{"epoch": 35, "time_epoch": 33.12866, "time_epoch_std": 1.01378, "eta": 2117.65564, "eta_std": 35.75531, "eta_hours": 0.58824, "eta_hours_std": 0.00993, "loss": 0.56324, "loss_std": 0.01014, "lr": 0.00073, "lr_std": 0.0, "params": 5865.0, "params_std": 0.0, "time_iter": 0.06445, "time_iter_std": 0.00197, "accuracy": 0.7326, "accuracy_std": 0.0102, "accuracy_max": 0.74197, "precision": 0.73454, "precision_std": 0.01648, "recall": 0.73353, "recall_std": 0.01245, "f1": 0.73383, "f1_std": 0.00792, "auc": 0.80817, "auc_std": 0.00627}
{"epoch": 36, "time_epoch": 33.13047, "time_epoch_std": 1.02028, "eta": 2084.63896, "eta_std": 35.91056, "eta_hours": 0.57906, "eta_hours_std": 0.00997, "loss": 0.55787, "loss_std": 0.01018, "lr": 0.00071, "lr_std": 0.0, "params": 5865.0, "params_std": 0.0, "time_iter": 0.06446, "time_iter_std": 0.00199, "accuracy": 0.73272, "accuracy_std": 0.00369, "accuracy_max": 0.73661, "precision": 0.73436, "precision_std": 0.0069, "recall": 0.73353, "recall_std": 0.00901, "f1": 0.73387, "f1_std": 0.00356, "auc": 0.81027, "auc_std": 0.00516}
{"epoch": 37, "time_epoch": 33.20384, "time_epoch_std": 1.01481, "eta": 2051.73598, "eta_std": 35.97209, "eta_hours": 0.56992, "eta_hours_std": 0.00999, "loss": 0.55831, "loss_std": 0.00962, "lr": 0.0007, "lr_std": 0.0, "params": 5865.0, "params_std": 0.0, "time_iter": 0.0646, "time_iter_std": 0.00198, "accuracy": 0.736, "accuracy_std": 0.00586, "accuracy_max": 0.7444, "precision": 0.73855, "precision_std": 0.00598, "recall": 0.73474, "recall_std": 0.01361, "f1": 0.73656, "f1_std": 0.00732, "auc": 0.8122, "auc_std": 0.0043}
{"epoch": 38, "time_epoch": 32.94495, "time_epoch_std": 0.60985, "eta": 2018.41266, "eta_std": 35.31229, "eta_hours": 0.56067, "eta_hours_std": 0.00981, "loss": 0.55597, "loss_std": 0.00657, "lr": 0.00068, "lr_std": 0.0, "params": 5865.0, "params_std": 0.0, "time_iter": 0.0641, "time_iter_std": 0.00119, "accuracy": 0.73247, "accuracy_std": 0.00196, "accuracy_max": 0.73466, "precision": 0.7318, "precision_std": 0.00445, "recall": 0.73813, "recall_std": 0.00558, "f1": 0.73492, "f1_std": 0.00166, "auc": 0.81105, "auc_std": 0.00512}
{"epoch": 39, "time_epoch": 32.75238, "time_epoch_std": 0.40214, "eta": 1984.81941, "eta_std": 34.359, "eta_hours": 0.55134, "eta_hours_std": 0.00954, "loss": 0.5555, "loss_std": 0.01012, "lr": 0.00067, "lr_std": 0.0, "params": 5865.0, "params_std": 0.0, "time_iter": 0.06372, "time_iter_std": 0.00078, "accuracy": 0.74379, "accuracy_std": 0.00462, "accuracy_max": 0.7517, "precision": 0.74546, "precision_std": 0.00484, "recall": 0.74419, "recall_std": 0.00594, "f1": 0.74481, "f1_std": 0.00474, "auc": 0.81634, "auc_std": 0.00521}
{"epoch": 40, "time_epoch": 32.73829, "time_epoch_std": 0.45281, "eta": 1951.24689, "eta_std": 33.48704, "eta_hours": 0.54201, "eta_hours_std": 0.0093, "loss": 0.55974, "loss_std": 0.00441, "lr": 0.00065, "lr_std": 0.0, "params": 5865.0, "params_std": 0.0, "time_iter": 0.06369, "time_iter_std": 0.00088, "accuracy": 0.73126, "accuracy_std": 0.00514, "accuracy_max": 0.73953, "precision": 0.73399, "precision_std": 0.00977, "recall": 0.7299, "recall_std": 0.00467, "f1": 0.73186, "f1_std": 0.00267, "auc": 0.81078, "auc_std": 0.00467}
{"epoch": 41, "time_epoch": 32.72277, "time_epoch_std": 0.47247, "eta": 1917.69265, "eta_std": 32.68089, "eta_hours": 0.53269, "eta_hours_std": 0.00908, "loss": 0.55648, "loss_std": 0.01156, "lr": 0.00064, "lr_std": 0.0, "params": 5865.0, "params_std": 0.0, "time_iter": 0.06366, "time_iter_std": 0.00092, "accuracy": 0.74185, "accuracy_std": 0.00331, "accuracy_max": 0.74684, "precision": 0.74371, "precision_std": 0.00602, "recall": 0.742, "recall_std": 0.00713, "f1": 0.74281, "f1_std": 0.00311, "auc": 0.81726, "auc_std": 0.00428}
{"epoch": 42, "time_epoch": 32.71699, "time_epoch_std": 0.4559, "eta": 1884.16944, "eta_std": 31.87085, "eta_hours": 0.52338, "eta_hours_std": 0.00886, "loss": 0.55203, "loss_std": 0.00102, "lr": 0.00062, "lr_std": 0.0, "params": 5865.0, "params_std": 0.0, "time_iter": 0.06365, "time_iter_std": 0.00089, "accuracy": 0.74075, "accuracy_std": 0.0061, "accuracy_max": 0.74927, "precision": 0.73778, "precision_std": 0.00658, "recall": 0.75097, "recall_std": 0.00961, "f1": 0.74428, "f1_std": 0.00645, "auc": 0.81706, "auc_std": 0.00339}
{"epoch": 43, "time_epoch": 32.72794, "time_epoch_std": 0.44334, "eta": 1850.69682, "eta_std": 31.08829, "eta_hours": 0.51408, "eta_hours_std": 0.00864, "loss": 0.55535, "loss_std": 0.00792, "lr": 0.00061, "lr_std": 0.0, "params": 5865.0, "params_std": 0.0, "time_iter": 0.06367, "time_iter_std": 0.00086, "accuracy": 0.74197, "accuracy_std": 0.0031, "accuracy_max": 0.74489, "precision": 0.74118, "precision_std": 0.00555, "recall": 0.74758, "recall_std": 0.0052, "f1": 0.74433, "f1_std": 0.00244, "auc": 0.8169, "auc_std": 0.00343}
{"epoch": 44, "time_epoch": 32.69802, "time_epoch_std": 0.44036, "eta": 1817.22072, "eta_std": 30.3263, "eta_hours": 0.50479, "eta_hours_std": 0.00843, "loss": 0.54626, "loss_std": 0.0099, "lr": 0.00059, "lr_std": 0.0, "params": 5865.0, "params_std": 0.0, "time_iter": 0.06361, "time_iter_std": 0.00086, "accuracy": 0.74866, "accuracy_std": 0.00783, "accuracy_max": 0.75414, "precision": 0.74433, "precision_std": 0.00565, "recall": 0.76114, "recall_std": 0.01211, "f1": 0.75263, "f1_std": 0.0088, "auc": 0.82296, "auc_std": 0.0065}
{"epoch": 45, "time_epoch": 32.8098, "time_epoch_std": 0.56701, "eta": 1783.90966, "eta_std": 29.60268, "eta_hours": 0.49553, "eta_hours_std": 0.00822, "loss": 0.55449, "loss_std": 0.00688, "lr": 0.00058, "lr_std": 0.0, "params": 5865.0, "params_std": 0.0, "time_iter": 0.06383, "time_iter_std": 0.0011, "accuracy": 0.74172, "accuracy_std": 0.00352, "accuracy_max": 0.74635, "precision": 0.73776, "precision_std": 0.00542, "recall": 0.75412, "recall_std": 0.01179, "f1": 0.74577, "f1_std": 0.00474, "auc": 0.82129, "auc_std": 0.00118}
{"epoch": 46, "time_epoch": 32.8136, "time_epoch_std": 0.54526, "eta": 1750.62422, "eta_std": 28.87457, "eta_hours": 0.48628, "eta_hours_std": 0.00802, "loss": 0.5565, "loss_std": 0.01541, "lr": 0.00056, "lr_std": 0.0, "params": 5865.0, "params_std": 0.0, "time_iter": 0.06384, "time_iter_std": 0.00106, "accuracy": 0.74112, "accuracy_std": 0.00425, "accuracy_max": 0.74684, "precision": 0.74211, "precision_std": 0.00534, "recall": 0.74298, "recall_std": 0.00583, "f1": 0.74252, "f1_std": 0.00415, "auc": 0.81852, "auc_std": 0.00614}
{"epoch": 47, "time_epoch": 32.7649, "time_epoch_std": 0.50519, "eta": 1717.30568, "eta_std": 28.17475, "eta_hours": 0.47703, "eta_hours_std": 0.00783, "loss": 0.55015, "loss_std": 0.00752, "lr": 0.00055, "lr_std": 0.0, "params": 5865.0, "params_std": 0.0, "time_iter": 0.06374, "time_iter_std": 0.00098, "accuracy": 0.74574, "accuracy_std": 0.00199, "accuracy_max": 0.74781, "precision": 0.74552, "precision_std": 0.00366, "recall": 0.75, "recall_std": 0.00715, "f1": 0.74772, "f1_std": 0.00269, "auc": 0.82168, "auc_std": 0.00201}
{"epoch": 48, "time_epoch": 32.69395, "time_epoch_std": 0.44181, "eta": 1683.9359, "eta_std": 27.47626, "eta_hours": 0.46776, "eta_hours_std": 0.00763, "loss": 0.54738, "loss_std": 0.00643, "lr": 0.00053, "lr_std": 0.0, "params": 5865.0, "params_std": 0.0, "time_iter": 0.06361, "time_iter_std": 0.00086, "accuracy": 0.7489, "accuracy_std": 0.00459, "accuracy_max": 0.75657, "precision": 0.74719, "precision_std": 0.00805, "recall": 0.7563, "recall_std": 0.00615, "f1": 0.75166, "f1_std": 0.00344, "auc": 0.8251, "auc_std": 0.0027}
{"epoch": 49, "time_epoch": 32.73921, "time_epoch_std": 0.46751, "eta": 1650.63841, "eta_std": 26.80566, "eta_hours": 0.45851, "eta_hours_std": 0.00745, "loss": 0.54709, "loss_std": 0.01485, "lr": 0.00052, "lr_std": 0.0, "params": 5865.0, "params_std": 0.0, "time_iter": 0.0637, "time_iter_std": 0.00091, "accuracy": 0.74562, "accuracy_std": 0.00666, "accuracy_max": 0.75365, "precision": 0.74399, "precision_std": 0.00469, "recall": 0.75266, "recall_std": 0.01201, "f1": 0.74827, "f1_std": 0.00783, "auc": 0.82414, "auc_std": 0.00752}
{"epoch": 50, "time_epoch": 32.7223, "time_epoch_std": 0.43825, "eta": 1617.34656, "eta_std": 26.12661, "eta_hours": 0.44926, "eta_hours_std": 0.00726, "loss": 0.54534, "loss_std": 0.00531, "lr": 0.0005, "lr_std": 0.0, "params": 5865.0, "params_std": 0.0, "time_iter": 0.06366, "time_iter_std": 0.00085, "accuracy": 0.7416, "accuracy_std": 0.00437, "accuracy_max": 0.74878, "precision": 0.74294, "precision_std": 0.00486, "recall": 0.74274, "recall_std": 0.00795, "f1": 0.74281, "f1_std": 0.00483, "auc": 0.82715, "auc_std": 0.00317}
{"epoch": 51, "time_epoch": 32.71981, "time_epoch_std": 0.48352, "eta": 1584.07432, "eta_std": 25.48455, "eta_hours": 0.44002, "eta_hours_std": 0.00708, "loss": 0.54534, "loss_std": 0.00773, "lr": 0.00048, "lr_std": 0.0, "params": 5865.0, "params_std": 0.0, "time_iter": 0.06366, "time_iter_std": 0.00094, "accuracy": 0.74927, "accuracy_std": 0.00735, "accuracy_max": 0.75609, "precision": 0.74654, "precision_std": 0.00667, "recall": 0.75848, "recall_std": 0.00967, "f1": 0.75245, "f1_std": 0.00774, "auc": 0.82645, "auc_std": 0.00412}
{"epoch": 52, "time_epoch": 32.75787, "time_epoch_std": 0.50286, "eta": 1550.85668, "eta_std": 24.9054, "eta_hours": 0.4308, "eta_hours_std": 0.00692, "loss": 0.54031, "loss_std": 0.00991, "lr": 0.00047, "lr_std": 0.0, "params": 5865.0, "params_std": 0.0, "time_iter": 0.06373, "time_iter_std": 0.00098, "accuracy": 0.74647, "accuracy_std": 0.00428, "accuracy_max": 0.75122, "precision": 0.74656, "precision_std": 0.00137, "recall": 0.75, "recall_std": 0.01122, "f1": 0.74824, "f1_std": 0.00599, "auc": 0.82821, "auc_std": 0.003}
{"epoch": 53, "time_epoch": 32.77598, "time_epoch_std": 0.51396, "eta": 1517.6715, "eta_std": 24.30225, "eta_hours": 0.42158, "eta_hours_std": 0.00675, "loss": 0.54272, "loss_std": 0.00823, "lr": 0.00045, "lr_std": 0.0, "params": 5865.0, "params_std": 0.0, "time_iter": 0.06377, "time_iter_std": 0.001, "accuracy": 0.75414, "accuracy_std": 0.0089, "accuracy_max": 0.76728, "precision": 0.75239, "precision_std": 0.0082, "recall": 0.76114, "recall_std": 0.01131, "f1": 0.75672, "f1_std": 0.00923, "auc": 0.82886, "auc_std": 0.00466}
{"epoch": 54, "time_epoch": 32.78485, "time_epoch_std": 0.51442, "eta": 1484.50845, "eta_std": 23.69844, "eta_hours": 0.41236, "eta_hours_std": 0.00658, "loss": 0.54815, "loss_std": 0.00634, "lr": 0.00044, "lr_std": 0.0, "params": 5865.0, "params_std": 0.0, "time_iter": 0.06378, "time_iter_std": 0.001, "accuracy": 0.7472, "accuracy_std": 0.00295, "accuracy_max": 0.75122, "precision": 0.74389, "precision_std": 0.00358, "recall": 0.75775, "recall_std": 0.00206, "f1": 0.75075, "f1_std": 0.0026, "auc": 0.8282, "auc_std": 0.00425}
{"epoch": 55, "time_epoch": 32.73324, "time_epoch_std": 0.50635, "eta": 1451.31836, "eta_std": 23.13357, "eta_hours": 0.40314, "eta_hours_std": 0.00642, "loss": 0.54679, "loss_std": 0.00427, "lr": 0.00042, "lr_std": 0.0, "params": 5865.0, "params_std": 0.0, "time_iter": 0.06368, "time_iter_std": 0.00098, "accuracy": 0.75024, "accuracy_std": 0.00124, "accuracy_max": 0.7517, "precision": 0.74586, "precision_std": 0.00201, "recall": 0.76284, "recall_std": 0.0025, "f1": 0.75425, "f1_std": 0.00118, "auc": 0.82978, "auc_std": 0.00165}
{"epoch": 56, "time_epoch": 32.8033, "time_epoch_std": 0.54217, "eta": 1418.19714, "eta_std": 22.55261, "eta_hours": 0.39394, "eta_hours_std": 0.00626, "loss": 0.53687, "loss_std": 0.00907, "lr": 0.00041, "lr_std": 0.0, "params": 5865.0, "params_std": 0.0, "time_iter": 0.06382, "time_iter_std": 0.00105, "accuracy": 0.75365, "accuracy_std": 0.00599, "accuracy_max": 0.76193, "precision": 0.74982, "precision_std": 0.00736, "recall": 0.76502, "recall_std": 0.00497, "f1": 0.75732, "f1_std": 0.00536, "auc": 0.83162, "auc_std": 0.00749}
{"epoch": 57, "time_epoch": 32.70833, "time_epoch_std": 0.48764, "eta": 1385.01813, "eta_std": 21.98195, "eta_hours": 0.38472, "eta_hours_std": 0.00611, "loss": 0.53527, "loss_std": 0.01129, "lr": 0.00039, "lr_std": 0.0, "params": 5865.0, "params_std": 0.0, "time_iter": 0.06363, "time_iter_std": 0.00095, "accuracy": 0.75219, "accuracy_std": 0.00855, "accuracy_max": 0.7668, "precision": 0.75037, "precision_std": 0.0083, "recall": 0.75945, "recall_std": 0.0108, "f1": 0.75486, "f1_std": 0.00878, "auc": 0.83302, "auc_std": 0.00617}
{"epoch": 58, "time_epoch": 32.66379, "time_epoch_std": 0.50563, "eta": 1351.82412, "eta_std": 21.41993, "eta_hours": 0.37551, "eta_hours_std": 0.00595, "loss": 0.53123, "loss_std": 0.00745, "lr": 0.00038, "lr_std": 0.0, "params": 5865.0, "params_std": 0.0, "time_iter": 0.06355, "time_iter_std": 0.00099, "accuracy": 0.75487, "accuracy_std": 0.00517, "accuracy_max": 0.76047, "precision": 0.75708, "precision_std": 0.0061, "recall": 0.75412, "recall_std": 0.00524, "f1": 0.75559, "f1_std": 0.00491, "auc": 0.83542, "auc_std": 0.00389}
{"epoch": 59, "time_epoch": 32.64222, "time_epoch_std": 0.50385, "eta": 1318.63339, "eta_std": 20.85328, "eta_hours": 0.36629, "eta_hours_std": 0.00579, "loss": 0.52921, "loss_std": 0.0028, "lr": 0.00036, "lr_std": 0.0, "params": 5865.0, "params_std": 0.0, "time_iter": 0.06351, "time_iter_std": 0.00098, "accuracy": 0.75718, "accuracy_std": 0.00532, "accuracy_max": 0.76388, "precision": 0.75133, "precision_std": 0.00754, "recall": 0.77252, "recall_std": 0.00857, "f1": 0.76173, "f1_std": 0.00495, "auc": 0.83606, "auc_std": 0.00309}
{"epoch": 60, "time_epoch": 32.71308, "time_epoch_std": 0.46199, "eta": 1285.50596, "eta_std": 20.27889, "eta_hours": 0.35709, "eta_hours_std": 0.00563, "loss": 0.54172, "loss_std": 0.00904, "lr": 0.00035, "lr_std": 0.0, "params": 5865.0, "params_std": 0.0, "time_iter": 0.06364, "time_iter_std": 0.0009, "accuracy": 0.75621, "accuracy_std": 0.00274, "accuracy_max": 0.75901, "precision": 0.75414, "precision_std": 0.00718, "recall": 0.76405, "recall_std": 0.00803, "f1": 0.75899, "f1_std": 0.00182, "auc": 0.83405, "auc_std": 0.00366}
{"epoch": 61, "time_epoch": 32.66502, "time_epoch_std": 0.49326, "eta": 1252.36244, "eta_std": 19.71907, "eta_hours": 0.34788, "eta_hours_std": 0.00548, "loss": 0.53728, "loss_std": 0.0068, "lr": 0.00033, "lr_std": 0.0, "params": 5865.0, "params_std": 0.0, "time_iter": 0.06355, "time_iter_std": 0.00096, "accuracy": 0.75219, "accuracy_std": 0.00363, "accuracy_max": 0.75706, "precision": 0.75192, "precision_std": 0.0028, "recall": 0.7563, "recall_std": 0.00567, "f1": 0.7541, "f1_std": 0.00407, "auc": 0.83442, "auc_std": 0.00499}
{"epoch": 62, "time_epoch": 32.76552, "time_epoch_std": 0.48654, "eta": 1219.29313, "eta_std": 19.15218, "eta_hours": 0.3387, "eta_hours_std": 0.00532, "loss": 0.53138, "loss_std": 0.00748, "lr": 0.00032, "lr_std": 0.0, "params": 5865.0, "params_std": 0.0, "time_iter": 0.06375, "time_iter_std": 0.00095, "accuracy": 0.75755, "accuracy_std": 0.00269, "accuracy_max": 0.76193, "precision": 0.75667, "precision_std": 0.00535, "recall": 0.76284, "recall_std": 0.00515, "f1": 0.75971, "f1_std": 0.00205, "auc": 0.83824, "auc_std": 0.00254}
{"epoch": 63, "time_epoch": 32.77595, "time_epoch_std": 0.52828, "eta": 1186.23919, "eta_std": 18.61829, "eta_hours": 0.32951, "eta_hours_std": 0.00517, "loss": 0.53896, "loss_std": 0.00957, "lr": 0.0003, "lr_std": 0.0, "params": 5865.0, "params_std": 0.0, "time_iter": 0.06376, "time_iter_std": 0.00103, "accuracy": 0.75633, "accuracy_std": 0.0057, "accuracy_max": 0.76582, "precision": 0.75266, "precision_std": 0.00699, "recall": 0.7672, "recall_std": 0.00532, "f1": 0.75984, "f1_std": 0.00517, "auc": 0.83554, "auc_std": 0.00341}
{"epoch": 64, "time_epoch": 32.83577, "time_epoch_std": 0.55838, "eta": 1153.22601, "eta_std": 18.0747, "eta_hours": 0.32034, "eta_hours_std": 0.00502, "loss": 0.5316, "loss_std": 0.00624, "lr": 0.00029, "lr_std": 0.0, "params": 5865.0, "params_std": 0.0, "time_iter": 0.06389, "time_iter_std": 0.00109, "accuracy": 0.7612, "accuracy_std": 0.00276, "accuracy_max": 0.76436, "precision": 0.76161, "precision_std": 0.00362, "recall": 0.76381, "recall_std": 0.00186, "f1": 0.7627, "f1_std": 0.0024, "auc": 0.83831, "auc_std": 0.00178}
{"epoch": 65, "time_epoch": 32.80271, "time_epoch_std": 0.53205, "eta": 1120.20117, "eta_std": 17.53485, "eta_hours": 0.31117, "eta_hours_std": 0.00487, "loss": 0.52242, "loss_std": 0.01458, "lr": 0.00027, "lr_std": 0.0, "params": 5865.0, "params_std": 0.0, "time_iter": 0.06382, "time_iter_std": 0.00104, "accuracy": 0.7618, "accuracy_std": 0.00731, "accuracy_max": 0.76728, "precision": 0.7639, "precision_std": 0.00619, "recall": 0.76114, "recall_std": 0.01054, "f1": 0.7625, "f1_std": 0.008, "auc": 0.842, "auc_std": 0.00748}
{"epoch": 66, "time_epoch": 32.75245, "time_epoch_std": 0.49529, "eta": 1087.15821, "eta_std": 16.99134, "eta_hours": 0.30199, "eta_hours_std": 0.00472, "loss": 0.52997, "loss_std": 0.01646, "lr": 0.00026, "lr_std": 0.0, "params": 5865.0, "params_std": 0.0, "time_iter": 0.06372, "time_iter_std": 0.00096, "accuracy": 0.76059, "accuracy_std": 0.00402, "accuracy_max": 0.76339, "precision": 0.75558, "precision_std": 0.00667, "recall": 0.77398, "recall_std": 0.00595, "f1": 0.76463, "f1_std": 0.00326, "auc": 0.84054, "auc_std": 0.00688}
{"epoch": 67, "time_epoch": 32.77331, "time_epoch_std": 0.52114, "eta": 1054.13361, "eta_std": 16.45834, "eta_hours": 0.29281, "eta_hours_std": 0.00457, "loss": 0.53537, "loss_std": 0.01531, "lr": 0.00025, "lr_std": 0.0, "params": 5865.0, "params_std": 0.0, "time_iter": 0.06376, "time_iter_std": 0.00101, "accuracy": 0.76449, "accuracy_std": 0.00703, "accuracy_max": 0.7741, "precision": 0.76086, "precision_std": 0.01179, "recall": 0.77519, "recall_std": 0.00343, "f1": 0.76789, "f1_std": 0.00484, "auc": 0.8406, "auc_std": 0.00409}
{"epoch": 68, "time_epoch": 32.77865, "time_epoch_std": 0.50067, "eta": 1021.11869, "eta_std": 15.92008, "eta_hours": 0.28365, "eta_hours_std": 0.00442, "loss": 0.5308, "loss_std": 0.00775, "lr": 0.00023, "lr_std": 0.0, "params": 5865.0, "params_std": 0.0, "time_iter": 0.06377, "time_iter_std": 0.00097, "accuracy": 0.76034, "accuracy_std": 0.00635, "accuracy_max": 0.76631, "precision": 0.7537, "precision_std": 0.00539, "recall": 0.77689, "recall_std": 0.00975, "f1": 0.7651, "f1_std": 0.00688, "auc": 0.84083, "auc_std": 0.00372}
{"epoch": 69, "time_epoch": 32.77648, "time_epoch_std": 0.51639, "eta": 988.10959, "eta_std": 15.38748, "eta_hours": 0.27448, "eta_hours_std": 0.00427, "loss": 0.5322, "loss_std": 0.01733, "lr": 0.00022, "lr_std": 0.0, "params": 5865.0, "params_std": 0.0, "time_iter": 0.06376, "time_iter_std": 0.001, "accuracy": 0.76302, "accuracy_std": 0.00423, "accuracy_max": 0.76826, "precision": 0.7627, "precision_std": 0.00319, "recall": 0.76696, "recall_std": 0.00707, "f1": 0.76482, "f1_std": 0.00481, "auc": 0.84243, "auc_std": 0.00726}
{"epoch": 70, "time_epoch": 32.8537, "time_epoch_std": 0.48011, "eta": 955.13859, "eta_std": 14.85448, "eta_hours": 0.26531, "eta_hours_std": 0.00413, "loss": 0.52927, "loss_std": 0.00635, "lr": 0.00021, "lr_std": 0.0, "params": 5865.0, "params_std": 0.0, "time_iter": 0.06392, "time_iter_std": 0.00094, "accuracy": 0.75937, "accuracy_std": 0.00489, "accuracy_max": 0.7668, "precision": 0.75789, "precision_std": 0.0114, "recall": 0.76623, "recall_std": 0.00884, "f1": 0.76191, "f1_std": 0.00247, "auc": 0.84162, "auc_std": 0.00368}
{"epoch": 71, "time_epoch": 32.71741, "time_epoch_std": 0.48455, "eta": 922.11784, "eta_std": 14.32459, "eta_hours": 0.25614, "eta_hours_std": 0.00398, "loss": 0.5318, "loss_std": 0.01675, "lr": 0.00019, "lr_std": 0.0, "params": 5865.0, "params_std": 0.0, "time_iter": 0.06365, "time_iter_std": 0.00094, "accuracy": 0.76655, "accuracy_std": 0.00662, "accuracy_max": 0.77361, "precision": 0.76096, "precision_std": 0.00491, "recall": 0.78052, "recall_std": 0.01062, "f1": 0.7706, "f1_std": 0.00737, "auc": 0.84318, "auc_std": 0.00573}
{"epoch": 72, "time_epoch": 32.71825, "time_epoch_std": 0.49625, "eta": 889.10571, "eta_std": 13.79916, "eta_hours": 0.24697, "eta_hours_std": 0.00384, "loss": 0.5247, "loss_std": 0.00529, "lr": 0.00018, "lr_std": 0.0, "params": 5865.0, "params_std": 0.0, "time_iter": 0.06365, "time_iter_std": 0.00097, "accuracy": 0.76193, "accuracy_std": 0.00502, "accuracy_max": 0.76874, "precision": 0.762, "precision_std": 0.0065, "recall": 0.76526, "recall_std": 0.00834, "f1": 0.76359, "f1_std": 0.0051, "auc": 0.84182, "auc_std": 0.00171}
{"epoch": 73, "time_epoch": 32.82309, "time_epoch_std": 0.55035, "eta": 856.13836, "eta_std": 13.27715, "eta_hours": 0.23782, "eta_hours_std": 0.00369, "loss": 0.53039, "loss_std": 0.0054, "lr": 0.00017, "lr_std": 0.0, "params": 5865.0, "params_std": 0.0, "time_iter": 0.06385, "time_iter_std": 0.00107, "accuracy": 0.76035, "accuracy_std": 0.00379, "accuracy_max": 0.76388, "precision": 0.7566, "precision_std": 0.00198, "recall": 0.77108, "recall_std": 0.00963, "f1": 0.76374, "f1_std": 0.00505, "auc": 0.84009, "auc_std": 0.00161}
{"epoch": 74, "time_epoch": 32.74036, "time_epoch_std": 0.46695, "eta": 823.14728, "eta_std": 12.74406, "eta_hours": 0.22865, "eta_hours_std": 0.00354, "loss": 0.52684, "loss_std": 0.00853, "lr": 0.00016, "lr_std": 0.0, "params": 5865.0, "params_std": 0.0, "time_iter": 0.0637, "time_iter_std": 0.00091, "accuracy": 0.76449, "accuracy_std": 0.0054, "accuracy_max": 0.77361, "precision": 0.76035, "precision_std": 0.00784, "recall": 0.77592, "recall_std": 0.00378, "f1": 0.76803, "f1_std": 0.00438, "auc": 0.84412, "auc_std": 0.0035}
{"epoch": 75, "time_epoch": 32.7389, "time_epoch_std": 0.51998, "eta": 790.16234, "eta_std": 12.22938, "eta_hours": 0.21949, "eta_hours_std": 0.0034, "loss": 0.52683, "loss_std": 0.00904, "lr": 0.00015, "lr_std": 0.0, "params": 5865.0, "params_std": 0.0, "time_iter": 0.0637, "time_iter_std": 0.00101, "accuracy": 0.76643, "accuracy_std": 0.00444, "accuracy_max": 0.77118, "precision": 0.76254, "precision_std": 0.00374, "recall": 0.77713, "recall_std": 0.00657, "f1": 0.76976, "f1_std": 0.00478, "auc": 0.84301, "auc_std": 0.00425}
{"epoch": 76, "time_epoch": 32.75638, "time_epoch_std": 0.46669, "eta": 757.18902, "eta_std": 11.69884, "eta_hours": 0.21033, "eta_hours_std": 0.00325, "loss": 0.52066, "loss_std": 0.00343, "lr": 0.00014, "lr_std": 0.0, "params": 5865.0, "params_std": 0.0, "time_iter": 0.06373, "time_iter_std": 0.00091, "accuracy": 0.76777, "accuracy_std": 0.0069, "accuracy_max": 0.77605, "precision": 0.76516, "precision_std": 0.00636, "recall": 0.77592, "recall_std": 0.00809, "f1": 0.7705, "f1_std": 0.00706, "auc": 0.84533, "auc_std": 0.00305}
{"epoch": 77, "time_epoch": 32.75094, "time_epoch_std": 0.47886, "eta": 724.21971, "eta_std": 11.17575, "eta_hours": 0.20117, "eta_hours_std": 0.0031, "loss": 0.5275, "loss_std": 0.00524, "lr": 0.00012, "lr_std": 0.0, "params": 5865.0, "params_std": 0.0, "time_iter": 0.06372, "time_iter_std": 0.00093, "accuracy": 0.76339, "accuracy_std": 0.00414, "accuracy_max": 0.76972, "precision": 0.76296, "precision_std": 0.00696, "recall": 0.76768, "recall_std": 0.0043, "f1": 0.76528, "f1_std": 0.00318, "auc": 0.84331, "auc_std": 0.00332}
{"epoch": 78, "time_epoch": 32.72074, "time_epoch_std": 0.44874, "eta": 691.24791, "eta_std": 10.64689, "eta_hours": 0.19201, "eta_hours_std": 0.00296, "loss": 0.52981, "loss_std": 0.00856, "lr": 0.00011, "lr_std": 0.0, "params": 5865.0, "params_std": 0.0, "time_iter": 0.06366, "time_iter_std": 0.00087, "accuracy": 0.76473, "accuracy_std": 0.00444, "accuracy_max": 0.77167, "precision": 0.75878, "precision_std": 0.00424, "recall": 0.77955, "recall_std": 0.00457, "f1": 0.76903, "f1_std": 0.00439, "auc": 0.84491, "auc_std": 0.00213}
{"epoch": 79, "time_epoch": 32.82801, "time_epoch_std": 0.52094, "eta": 658.3092, "eta_std": 10.14179, "eta_hours": 0.18287, "eta_hours_std": 0.00282, "loss": 0.52745, "loss_std": 0.00982, "lr": 0.0001, "lr_std": 0.0, "params": 5865.0, "params_std": 0.0, "time_iter": 0.06387, "time_iter_std": 0.00101, "accuracy": 0.76096, "accuracy_std": 0.00486, "accuracy_max": 0.76826, "precision": 0.75888, "precision_std": 0.00595, "recall": 0.76841, "recall_std": 0.00484, "f1": 0.7636, "f1_std": 0.00447, "auc": 0.84421, "auc_std": 0.00381}
{"epoch": 80, "time_epoch": 32.73618, "time_epoch_std": 0.4655, "eta": 625.35169, "eta_std": 9.62139, "eta_hours": 0.17371, "eta_hours_std": 0.00267, "loss": 0.52123, "loss_std": 0.00923, "lr": 0.0001, "lr_std": 0.0, "params": 5865.0, "params_std": 0.0, "time_iter": 0.06369, "time_iter_std": 0.00091, "accuracy": 0.76449, "accuracy_std": 0.00585, "accuracy_max": 0.77118, "precision": 0.76215, "precision_std": 0.00591, "recall": 0.77229, "recall_std": 0.0079, "f1": 0.76717, "f1_std": 0.00604, "auc": 0.84781, "auc_std": 0.00365}
{"epoch": 81, "time_epoch": 32.7407, "time_epoch_std": 0.46156, "eta": 592.40057, "eta_std": 9.10206, "eta_hours": 0.16456, "eta_hours_std": 0.00253, "loss": 0.5176, "loss_std": 0.00868, "lr": 9e-05, "lr_std": 0.0, "params": 5865.0, "params_std": 0.0, "time_iter": 0.0637, "time_iter_std": 0.0009, "accuracy": 0.76789, "accuracy_std": 0.00627, "accuracy_max": 0.77605, "precision": 0.76406, "precision_std": 0.00869, "recall": 0.77858, "recall_std": 0.00603, "f1": 0.77122, "f1_std": 0.00538, "auc": 0.84962, "auc_std": 0.00304}
{"epoch": 82, "time_epoch": 32.74976, "time_epoch_std": 0.45953, "eta": 559.45637, "eta_std": 8.58456, "eta_hours": 0.1554, "eta_hours_std": 0.00239, "loss": 0.52606, "loss_std": 0.0106, "lr": 8e-05, "lr_std": 0.0, "params": 5865.0, "params_std": 0.0, "time_iter": 0.06372, "time_iter_std": 0.00089, "accuracy": 0.76534, "accuracy_std": 0.00742, "accuracy_max": 0.77361, "precision": 0.76382, "precision_std": 0.00799, "recall": 0.77156, "recall_std": 0.00761, "f1": 0.76766, "f1_std": 0.0072, "auc": 0.84639, "auc_std": 0.00508}
{"epoch": 83, "time_epoch": 32.74053, "time_epoch_std": 0.47111, "eta": 526.51504, "eta_std": 8.06953, "eta_hours": 0.14626, "eta_hours_std": 0.00224, "loss": 0.52006, "loss_std": 0.00719, "lr": 7e-05, "lr_std": 0.0, "params": 5865.0, "params_std": 0.0, "time_iter": 0.0637, "time_iter_std": 0.00092, "accuracy": 0.77228, "accuracy_std": 0.0069, "accuracy_max": 0.78043, "precision": 0.76352, "precision_std": 0.012, "recall": 0.79264, "recall_std": 0.01037, "f1": 0.77768, "f1_std": 0.00538, "auc": 0.84916, "auc_std": 0.00422}
{"epoch": 84, "time_epoch": 32.80022, "time_epoch_std": 0.52652, "eta": 493.58898, "eta_std": 7.56088, "eta_hours": 0.13711, "eta_hours_std": 0.0021, "loss": 0.51905, "loss_std": 0.00915, "lr": 6e-05, "lr_std": 0.0, "params": 5865.0, "params_std": 0.0, "time_iter": 0.06382, "time_iter_std": 0.00103, "accuracy": 0.76984, "accuracy_std": 0.00529, "accuracy_max": 0.7741, "precision": 0.76614, "precision_std": 0.00494, "recall": 0.78004, "recall_std": 0.01019, "f1": 0.77299, "f1_std": 0.00602, "auc": 0.84996, "auc_std": 0.00418}
{"epoch": 85, "time_epoch": 32.75699, "time_epoch_std": 0.46774, "eta": 460.6588, "eta_std": 7.04841, "eta_hours": 0.12796, "eta_hours_std": 0.00196, "loss": 0.52119, "loss_std": 0.00456, "lr": 5e-05, "lr_std": 0.0, "params": 5865.0, "params_std": 0.0, "time_iter": 0.06373, "time_iter_std": 0.00091, "accuracy": 0.7674, "accuracy_std": 0.00173, "accuracy_max": 0.76923, "precision": 0.76262, "precision_std": 0.00086, "recall": 0.7798, "recall_std": 0.00519, "f1": 0.7711, "f1_std": 0.00246, "auc": 0.84904, "auc_std": 0.00243}
{"epoch": 86, "time_epoch": 32.74502, "time_epoch_std": 0.47619, "eta": 427.73081, "eta_std": 6.53888, "eta_hours": 0.11881, "eta_hours_std": 0.00181, "loss": 0.52228, "loss_std": 0.0123, "lr": 5e-05, "lr_std": 0.0, "params": 5865.0, "params_std": 0.0, "time_iter": 0.06371, "time_iter_std": 0.00093, "accuracy": 0.77045, "accuracy_std": 0.00232, "accuracy_max": 0.77313, "precision": 0.7673, "precision_std": 0.00211, "recall": 0.77956, "recall_std": 0.00542, "f1": 0.77336, "f1_std": 0.00284, "auc": 0.84911, "auc_std": 0.00522}
{"epoch": 87, "time_epoch": 32.74944, "time_epoch_std": 0.46273, "eta": 394.80759, "eta_std": 6.02834, "eta_hours": 0.10967, "eta_hours_std": 0.00167, "loss": 0.52782, "loss_std": 0.00593, "lr": 4e-05, "lr_std": 0.0, "params": 5865.0, "params_std": 0.0, "time_iter": 0.06372, "time_iter_std": 0.0009, "accuracy": 0.76789, "accuracy_std": 0.00727, "accuracy_max": 0.78043, "precision": 0.76428, "precision_std": 0.00841, "recall": 0.7781, "recall_std": 0.00896, "f1": 0.7711, "f1_std": 0.0071, "auc": 0.8464, "auc_std": 0.00157}
{"epoch": 88, "time_epoch": 32.74042, "time_epoch_std": 0.47372, "eta": 361.88716, "eta_std": 5.52091, "eta_hours": 0.10052, "eta_hours_std": 0.00153, "loss": 0.53557, "loss_std": 0.00659, "lr": 4e-05, "lr_std": 0.0, "params": 5865.0, "params_std": 0.0, "time_iter": 0.0637, "time_iter_std": 0.00092, "accuracy": 0.76984, "accuracy_std": 0.0019, "accuracy_max": 0.77167, "precision": 0.76651, "precision_std": 0.00219, "recall": 0.77931, "recall_std": 0.00384, "f1": 0.77285, "f1_std": 0.00211, "auc": 0.84454, "auc_std": 0.00305}
{"epoch": 89, "time_epoch": 32.75282, "time_epoch_std": 0.46401, "eta": 328.9721, "eta_std": 5.01335, "eta_hours": 0.09138, "eta_hours_std": 0.00139, "loss": 0.52497, "loss_std": 0.0119, "lr": 3e-05, "lr_std": 0.0, "params": 5865.0, "params_std": 0.0, "time_iter": 0.06372, "time_iter_std": 0.0009, "accuracy": 0.76606, "accuracy_std": 0.00025, "accuracy_max": 0.76631, "precision": 0.76377, "precision_std": 0.00229, "recall": 0.77374, "recall_std": 0.00497, "f1": 0.76871, "f1_std": 0.00128, "auc": 0.84708, "auc_std": 0.00312}
{"epoch": 90, "time_epoch": 32.77047, "time_epoch_std": 0.48758, "eta": 296.06236, "eta_std": 4.50968, "eta_hours": 0.08224, "eta_hours_std": 0.00125, "loss": 0.52346, "loss_std": 0.01725, "lr": 2e-05, "lr_std": 0.0, "params": 5865.0, "params_std": 0.0, "time_iter": 0.06375, "time_iter_std": 0.00095, "accuracy": 0.77057, "accuracy_std": 0.00851, "accuracy_max": 0.78092, "precision": 0.76559, "precision_std": 0.015, "recall": 0.78392, "recall_std": 0.00839, "f1": 0.7745, "f1_std": 0.00593, "auc": 0.84838, "auc_std": 0.0072}
{"epoch": 91, "time_epoch": 32.75233, "time_epoch_std": 0.47214, "eta": 263.15406, "eta_std": 4.00486, "eta_hours": 0.0731, "eta_hours_std": 0.00111, "loss": 0.51692, "loss_std": 0.01582, "lr": 2e-05, "lr_std": 0.0, "params": 5865.0, "params_std": 0.0, "time_iter": 0.06372, "time_iter_std": 0.00092, "accuracy": 0.76886, "accuracy_std": 0.00578, "accuracy_max": 0.77361, "precision": 0.77044, "precision_std": 0.00531, "recall": 0.76914, "recall_std": 0.00791, "f1": 0.76978, "f1_std": 0.00614, "auc": 0.85018, "auc_std": 0.00637}
{"epoch": 92, "time_epoch": 32.74179, "time_epoch_std": 0.48384, "eta": 230.24833, "eta_std": 3.50205, "eta_hours": 0.06396, "eta_hours_std": 0.00097, "loss": 0.51851, "loss_std": 0.00931, "lr": 2e-05, "lr_std": 0.0, "params": 5865.0, "params_std": 0.0, "time_iter": 0.0637, "time_iter_std": 0.00094, "accuracy": 0.77045, "accuracy_std": 0.00285, "accuracy_max": 0.7741, "precision": 0.76862, "precision_std": 0.00387, "recall": 0.77713, "recall_std": 0.01028, "f1": 0.7728, "f1_std": 0.00414, "auc": 0.8494, "auc_std": 0.00395}
{"epoch": 93, "time_epoch": 32.75742, "time_epoch_std": 0.48918, "eta": 197.34708, "eta_std": 3.00004, "eta_hours": 0.05482, "eta_hours_std": 0.00083, "loss": 0.52545, "loss_std": 0.00686, "lr": 1e-05, "lr_std": 0.0, "params": 5865.0, "params_std": 0.0, "time_iter": 0.06373, "time_iter_std": 0.00095, "accuracy": 0.76619, "accuracy_std": 0.00379, "accuracy_max": 0.7702, "precision": 0.76221, "precision_std": 0.00509, "recall": 0.77713, "recall_std": 0.00369, "f1": 0.76958, "f1_std": 0.00333, "auc": 0.84704, "auc_std": 0.00254}
{"epoch": 94, "time_epoch": 32.72873, "time_epoch_std": 0.4782, "eta": 164.44735, "eta_std": 2.49826, "eta_hours": 0.04568, "eta_hours_std": 0.00069, "loss": 0.52482, "loss_std": 0.01265, "lr": 1e-05, "lr_std": 0.0, "params": 5865.0, "params_std": 0.0, "time_iter": 0.06368, "time_iter_std": 0.00093, "accuracy": 0.77166, "accuracy_std": 0.00716, "accuracy_max": 0.77897, "precision": 0.76897, "precision_std": 0.00955, "recall": 0.78004, "recall_std": 0.00561, "f1": 0.77443, "f1_std": 0.0062, "auc": 0.8484, "auc_std": 0.00659}
{"epoch": 95, "time_epoch": 32.74426, "time_epoch_std": 0.48699, "eta": 131.55183, "eta_std": 1.99753, "eta_hours": 0.03654, "eta_hours_std": 0.00055, "loss": 0.51903, "loss_std": 0.00284, "lr": 1e-05, "lr_std": 0.0, "params": 5865.0, "params_std": 0.0, "time_iter": 0.0637, "time_iter_std": 0.00095, "accuracy": 0.77191, "accuracy_std": 0.00335, "accuracy_max": 0.77556, "precision": 0.76657, "precision_std": 0.00356, "recall": 0.78513, "recall_std": 0.00606, "f1": 0.77572, "f1_std": 0.00362, "auc": 0.84973, "auc_std": 0.00111}
{"epoch": 96, "time_epoch": 33.12403, "time_epoch_std": 0.98842, "eta": 98.67118, "eta_std": 1.51104, "eta_hours": 0.02741, "eta_hours_std": 0.00042, "loss": 0.52469, "loss_std": 0.0093, "lr": 0.0, "lr_std": 0.0, "params": 5865.0, "params_std": 0.0, "time_iter": 0.06444, "time_iter_std": 0.00192, "accuracy": 0.76716, "accuracy_std": 0.0049, "accuracy_max": 0.7741, "precision": 0.7632, "precision_std": 0.00732, "recall": 0.7781, "recall_std": 0.00321, "f1": 0.77056, "f1_std": 0.00386, "auc": 0.84663, "auc_std": 0.00446}
{"epoch": 97, "time_epoch": 33.20336, "time_epoch_std": 1.05881, "eta": 65.78717, "eta_std": 1.01672, "eta_hours": 0.01827, "eta_hours_std": 0.00028, "loss": 0.51895, "loss_std": 0.0121, "lr": 0.0, "lr_std": 0.0, "params": 5865.0, "params_std": 0.0, "time_iter": 0.0646, "time_iter_std": 0.00206, "accuracy": 0.76826, "accuracy_std": 0.00706, "accuracy_max": 0.77605, "precision": 0.7683, "precision_std": 0.00935, "recall": 0.77156, "recall_std": 0.00515, "f1": 0.7699, "f1_std": 0.00618, "auc": 0.84929, "auc_std": 0.00418}
{"epoch": 98, "time_epoch": 33.2794, "time_epoch_std": 1.08107, "eta": 32.89748, "eta_std": 0.51276, "eta_hours": 0.00914, "eta_hours_std": 0.00014, "loss": 0.52132, "loss_std": 0.00851, "lr": 0.0, "lr_std": 0.0, "params": 5865.0, "params_std": 0.0, "time_iter": 0.06475, "time_iter_std": 0.0021, "accuracy": 0.76497, "accuracy_std": 0.00854, "accuracy_max": 0.7741, "precision": 0.7597, "precision_std": 0.00555, "recall": 0.77834, "recall_std": 0.01426, "f1": 0.76888, "f1_std": 0.00973, "auc": 0.84784, "auc_std": 0.00533}
{"epoch": 99, "time_epoch": 33.32032, "time_epoch_std": 1.06755, "eta": 0.0, "eta_std": 0.0, "eta_hours": 0.0, "eta_hours_std": 0.0, "loss": 0.5204, "loss_std": 0.00209, "lr": 0.0, "lr_std": 0.0, "params": 5865.0, "params_std": 0.0, "time_iter": 0.06483, "time_iter_std": 0.00208, "accuracy": 0.7674, "accuracy_std": 0.00551, "accuracy_max": 0.77361, "precision": 0.76334, "precision_std": 0.00828, "recall": 0.77859, "recall_std": 0.00591, "f1": 0.77085, "f1_std": 0.00463, "auc": 0.84925, "auc_std": 0.0018}
