{"epoch": 0, "time_epoch": 40.9428, "eta": 4053.33709, "eta_hours": 1.12593, "loss": 0.69407139, "lr": 0.001, "params": 3973, "time_iter": 4.09428, "accuracy": 0.52, "precision": 0.52, "recall": 1.0, "f1": 0.68421, "auc": 0.42877}
{"epoch": 1, "time_epoch": 41.07526, "eta": 4018.88493, "eta_hours": 1.11636, "loss": 0.69280175, "lr": 0.00099975, "params": 3973, "time_iter": 4.10753, "accuracy": 0.52, "precision": 0.52, "recall": 1.0, "f1": 0.68421, "auc": 0.43608}
{"epoch": 2, "time_epoch": 41.10306, "eta": 3980.91606, "eta_hours": 1.10581, "loss": 0.69244092, "lr": 0.00099901, "params": 3973, "time_iter": 4.11031, "accuracy": 0.52, "precision": 0.52, "recall": 1.0, "f1": 0.68421, "auc": 0.41088}
{"epoch": 3, "time_epoch": 41.10422, "eta": 3941.40807, "eta_hours": 1.09484, "loss": 0.69268791, "lr": 0.00099778, "params": 3973, "time_iter": 4.11042, "accuracy": 0.52, "precision": 0.52, "recall": 1.0, "f1": 0.68421, "auc": 0.41756}
{"epoch": 4, "time_epoch": 41.09004, "eta": 3900.99209, "eta_hours": 1.08361, "loss": 0.69241401, "lr": 0.00099606, "params": 3973, "time_iter": 4.109, "accuracy": 0.52, "precision": 0.52, "recall": 1.0, "f1": 0.68421, "auc": 0.50792}
{"epoch": 5, "time_epoch": 41.06878, "eta": 3860.01845, "eta_hours": 1.07223, "loss": 0.69243383, "lr": 0.00099384, "params": 3973, "time_iter": 4.10688, "accuracy": 0.52, "precision": 0.52, "recall": 1.0, "f1": 0.68421, "auc": 0.38835}
{"epoch": 6, "time_epoch": 41.12238, "eta": 3819.72968, "eta_hours": 1.06104, "loss": 0.69268845, "lr": 0.00099114, "params": 3973, "time_iter": 4.11224, "accuracy": 0.52, "precision": 0.52, "recall": 1.0, "f1": 0.68421, "auc": 0.38426}
{"epoch": 7, "time_epoch": 41.10869, "eta": 3779.07508, "eta_hours": 1.04974, "loss": 0.69239174, "lr": 0.00098796, "params": 3973, "time_iter": 4.11087, "accuracy": 0.52, "precision": 0.52, "recall": 1.0, "f1": 0.68421, "auc": 0.45673}
{"epoch": 8, "time_epoch": 41.12382, "eta": 3738.47256, "eta_hours": 1.03846, "loss": 0.69278043, "lr": 0.00098429, "params": 3973, "time_iter": 4.11238, "accuracy": 0.52, "precision": 0.52, "recall": 1.0, "f1": 0.68421, "auc": 0.42601}
{"epoch": 9, "time_epoch": 41.07024, "eta": 3697.28359, "eta_hours": 1.02702, "loss": 0.69229977, "lr": 0.00098015, "params": 3973, "time_iter": 4.10702, "accuracy": 0.52, "precision": 0.52, "recall": 1.0, "f1": 0.68421, "auc": 0.53632}
{"epoch": 10, "time_epoch": 41.04027, "eta": 3655.87366, "eta_hours": 1.01552, "loss": 0.69317728, "lr": 0.00097553, "params": 3973, "time_iter": 4.10403, "accuracy": 0.52, "precision": 0.52, "recall": 1.0, "f1": 0.68421, "auc": 0.38925}
{"epoch": 11, "time_epoch": 41.06163, "eta": 3614.68201, "eta_hours": 1.00408, "loss": 0.69259427, "lr": 0.00097044, "params": 3973, "time_iter": 4.10616, "accuracy": 0.52, "precision": 0.52, "recall": 1.0, "f1": 0.68421, "auc": 0.44694}
{"epoch": 12, "time_epoch": 41.00926, "eta": 3573.1599, "eta_hours": 0.99254, "loss": 0.69245351, "lr": 0.00096489, "params": 3973, "time_iter": 4.10093, "accuracy": 0.52, "precision": 0.52, "recall": 1.0, "f1": 0.68421, "auc": 0.44364}
{"epoch": 13, "time_epoch": 41.05374, "eta": 3531.98428, "eta_hours": 0.98111, "loss": 0.69269397, "lr": 0.00095888, "params": 3973, "time_iter": 4.10537, "accuracy": 0.52, "precision": 0.52, "recall": 1.0, "f1": 0.68421, "auc": 0.38675}
{"epoch": 14, "time_epoch": 41.0389, "eta": 3490.74082, "eta_hours": 0.96965, "loss": 0.69247202, "lr": 0.00095241, "params": 3973, "time_iter": 4.10389, "accuracy": 0.52, "precision": 0.52, "recall": 1.0, "f1": 0.68421, "auc": 0.39405}
{"epoch": 15, "time_epoch": 41.00168, "eta": 3449.32754, "eta_hours": 0.95815, "loss": 0.69237916, "lr": 0.0009455, "params": 3973, "time_iter": 4.10017, "accuracy": 0.52, "precision": 0.52, "recall": 1.0, "f1": 0.68421, "auc": 0.4886}
{"epoch": 16, "time_epoch": 41.04357, "eta": 3408.16717, "eta_hours": 0.94671, "loss": 0.69246695, "lr": 0.00093815, "params": 3973, "time_iter": 4.10436, "accuracy": 0.52, "precision": 0.52, "recall": 1.0, "f1": 0.68421, "auc": 0.42165}
{"epoch": 17, "time_epoch": 41.03379, "eta": 3366.97527, "eta_hours": 0.93527, "loss": 0.69243233, "lr": 0.00093037, "params": 3973, "time_iter": 4.10338, "accuracy": 0.52, "precision": 0.52, "recall": 1.0, "f1": 0.68421, "auc": 0.47053}
{"epoch": 18, "time_epoch": 41.04608, "eta": 3325.85238, "eta_hours": 0.92385, "loss": 0.69251093, "lr": 0.00092216, "params": 3973, "time_iter": 4.10461, "accuracy": 0.52, "precision": 0.52, "recall": 1.0, "f1": 0.68421, "auc": 0.36975}
{"epoch": 19, "time_epoch": 41.02244, "eta": 3284.64262, "eta_hours": 0.9124, "loss": 0.69251401, "lr": 0.00091354, "params": 3973, "time_iter": 4.10224, "accuracy": 0.52, "precision": 0.52, "recall": 1.0, "f1": 0.68421, "auc": 0.42254}
{"epoch": 20, "time_epoch": 41.03188, "eta": 3243.48619, "eta_hours": 0.90097, "loss": 0.69251587, "lr": 0.00090451, "params": 3973, "time_iter": 4.10319, "accuracy": 0.52, "precision": 0.52, "recall": 1.0, "f1": 0.68421, "auc": 0.45014}
{"epoch": 21, "time_epoch": 41.03676, "eta": 3202.3584, "eta_hours": 0.88954, "loss": 0.69324752, "lr": 0.00089508, "params": 3973, "time_iter": 4.10368, "accuracy": 0.52, "precision": 0.52, "recall": 1.0, "f1": 0.68421, "auc": 0.40207}
{"epoch": 22, "time_epoch": 41.05757, "eta": 3161.3082, "eta_hours": 0.87814, "loss": 0.69236927, "lr": 0.00088526, "params": 3973, "time_iter": 4.10576, "accuracy": 0.52, "precision": 0.52, "recall": 1.0, "f1": 0.68421, "auc": 0.4813}
{"epoch": 23, "time_epoch": 41.09178, "eta": 3120.3657, "eta_hours": 0.86677, "loss": 0.69257643, "lr": 0.00087506, "params": 3973, "time_iter": 4.10918, "accuracy": 0.52, "precision": 0.52, "recall": 1.0, "f1": 0.68421, "auc": 0.39156}
{"epoch": 24, "time_epoch": 41.04814, "eta": 3079.28034, "eta_hours": 0.85536, "loss": 0.69257377, "lr": 0.00086448, "params": 3973, "time_iter": 4.10481, "accuracy": 0.52, "precision": 0.52, "recall": 1.0, "f1": 0.68421, "auc": 0.44427}
{"epoch": 25, "time_epoch": 41.0344, "eta": 3038.15875, "eta_hours": 0.84393, "loss": 0.6928693, "lr": 0.00085355, "params": 3973, "time_iter": 4.10344, "accuracy": 0.52, "precision": 0.52, "recall": 1.0, "f1": 0.68421, "auc": 0.4448}
{"epoch": 26, "time_epoch": 41.02718, "eta": 2997.0241, "eta_hours": 0.83251, "loss": 0.69265371, "lr": 0.00084227, "params": 3973, "time_iter": 4.10272, "accuracy": 0.52, "precision": 0.52, "recall": 1.0, "f1": 0.68421, "auc": 0.35755}
{"epoch": 27, "time_epoch": 40.9656, "eta": 2955.73876, "eta_hours": 0.82104, "loss": 0.69262777, "lr": 0.00083066, "params": 3973, "time_iter": 4.09656, "accuracy": 0.52, "precision": 0.52, "recall": 1.0, "f1": 0.68421, "auc": 0.41088}
{"epoch": 28, "time_epoch": 41.00974, "eta": 2914.58354, "eta_hours": 0.80961, "loss": 0.69244694, "lr": 0.00081871, "params": 3973, "time_iter": 4.10097, "accuracy": 0.52, "precision": 0.52, "recall": 1.0, "f1": 0.68421, "auc": 0.48994}
{"epoch": 29, "time_epoch": 41.01065, "eta": 2873.44014, "eta_hours": 0.79818, "loss": 0.69235254, "lr": 0.00080645, "params": 3973, "time_iter": 4.10106, "accuracy": 0.52, "precision": 0.52, "recall": 1.0, "f1": 0.68421, "auc": 0.54006}
{"epoch": 30, "time_epoch": 40.95094, "eta": 2832.1724, "eta_hours": 0.78671, "loss": 0.69237747, "lr": 0.00079389, "params": 3973, "time_iter": 4.09509, "accuracy": 0.52, "precision": 0.52, "recall": 1.0, "f1": 0.68421, "auc": 0.47009}
{"epoch": 31, "time_epoch": 41.09545, "eta": 2791.23155, "eta_hours": 0.77534, "loss": 0.69234151, "lr": 0.00078104, "params": 3973, "time_iter": 4.10954, "accuracy": 0.52, "precision": 0.52, "recall": 1.0, "f1": 0.68421, "auc": 0.50757}
{"epoch": 32, "time_epoch": 41.11097, "eta": 2750.31284, "eta_hours": 0.76398, "loss": 0.69238602, "lr": 0.00076791, "params": 3973, "time_iter": 4.1111, "accuracy": 0.52, "precision": 0.52, "recall": 1.0, "f1": 0.68421, "auc": 0.46261}
{"epoch": 33, "time_epoch": 41.12518, "eta": 2709.41041, "eta_hours": 0.75261, "loss": 0.69296409, "lr": 0.00075452, "params": 3973, "time_iter": 4.11252, "accuracy": 0.52, "precision": 0.52, "recall": 1.0, "f1": 0.68421, "auc": 0.41364}
{"epoch": 34, "time_epoch": 41.10682, "eta": 2668.46115, "eta_hours": 0.74124, "loss": 0.6925478, "lr": 0.00074088, "params": 3973, "time_iter": 4.11068, "accuracy": 0.52, "precision": 0.52, "recall": 1.0, "f1": 0.68421, "auc": 0.4083}
{"epoch": 35, "time_epoch": 41.11476, "eta": 2627.51726, "eta_hours": 0.72987, "loss": 0.69237461, "lr": 0.000727, "params": 3973, "time_iter": 4.11148, "accuracy": 0.52, "precision": 0.52, "recall": 1.0, "f1": 0.68421, "auc": 0.51834}
{"epoch": 36, "time_epoch": 41.06975, "eta": 2586.48749, "eta_hours": 0.71847, "loss": 0.69242836, "lr": 0.00071289, "params": 3973, "time_iter": 4.10698, "accuracy": 0.52, "precision": 0.52, "recall": 1.0, "f1": 0.68421, "auc": 0.4562}
{"epoch": 37, "time_epoch": 41.11188, "eta": 2545.52436, "eta_hours": 0.70709, "loss": 0.69244467, "lr": 0.00069857, "params": 3973, "time_iter": 4.11119, "accuracy": 0.52, "precision": 0.52, "recall": 1.0, "f1": 0.68421, "auc": 0.44934}
{"epoch": 38, "time_epoch": 41.08421, "eta": 2504.51032, "eta_hours": 0.6957, "loss": 0.69250911, "lr": 0.00068406, "params": 3973, "time_iter": 4.10842, "accuracy": 0.52, "precision": 0.52, "recall": 1.0, "f1": 0.68421, "auc": 0.43091}
{"epoch": 39, "time_epoch": 41.10752, "eta": 2463.52774, "eta_hours": 0.68431, "loss": 0.69247002, "lr": 0.00066937, "params": 3973, "time_iter": 4.11075, "accuracy": 0.52, "precision": 0.52, "recall": 1.0, "f1": 0.68421, "auc": 0.46083}
{"epoch": 40, "time_epoch": 41.15355, "eta": 2422.60529, "eta_hours": 0.67295, "loss": 0.69239444, "lr": 0.00065451, "params": 3973, "time_iter": 4.11535, "accuracy": 0.52, "precision": 0.52, "recall": 1.0, "f1": 0.68421, "auc": 0.44943}
{"epoch": 41, "time_epoch": 41.11837, "eta": 2381.62326, "eta_hours": 0.66156, "loss": 0.69253443, "lr": 0.0006395, "params": 3973, "time_iter": 4.11184, "accuracy": 0.52, "precision": 0.52, "recall": 1.0, "f1": 0.68421, "auc": 0.46332}
{"epoch": 42, "time_epoch": 41.10069, "eta": 2340.61145, "eta_hours": 0.65017, "loss": 0.69250919, "lr": 0.00062434, "params": 3973, "time_iter": 4.11007, "accuracy": 0.52, "precision": 0.52, "recall": 1.0, "f1": 0.68421, "auc": 0.40011}
{"epoch": 43, "time_epoch": 41.05168, "eta": 2299.53323, "eta_hours": 0.63876, "loss": 0.69246204, "lr": 0.00060907, "params": 3973, "time_iter": 4.10517, "accuracy": 0.52, "precision": 0.52, "recall": 1.0, "f1": 0.68421, "auc": 0.41898}
{"epoch": 44, "time_epoch": 41.07693, "eta": 2258.48705, "eta_hours": 0.62736, "loss": 0.69238596, "lr": 0.00059369, "params": 3973, "time_iter": 4.10769, "accuracy": 0.52, "precision": 0.52, "recall": 1.0, "f1": 0.68421, "auc": 0.49234}
{"epoch": 45, "time_epoch": 41.00611, "eta": 2217.35639, "eta_hours": 0.61593, "loss": 0.69253166, "lr": 0.00057822, "params": 3973, "time_iter": 4.10061, "accuracy": 0.52, "precision": 0.52, "recall": 1.0, "f1": 0.68421, "auc": 0.40224}
{"epoch": 46, "time_epoch": 41.08082, "eta": 2176.31528, "eta_hours": 0.60453, "loss": 0.69238714, "lr": 0.00056267, "params": 3973, "time_iter": 4.10808, "accuracy": 0.52, "precision": 0.52, "recall": 1.0, "f1": 0.68421, "auc": 0.47365}
{"epoch": 47, "time_epoch": 41.08071, "eta": 2135.2724, "eta_hours": 0.59313, "loss": 0.69237983, "lr": 0.00054705, "params": 3973, "time_iter": 4.10807, "accuracy": 0.52, "precision": 0.52, "recall": 1.0, "f1": 0.68421, "auc": 0.46002}
{"epoch": 48, "time_epoch": 41.05358, "eta": 2094.19973, "eta_hours": 0.58172, "loss": 0.69259558, "lr": 0.0005314, "params": 3973, "time_iter": 4.10536, "accuracy": 0.52, "precision": 0.52, "recall": 1.0, "f1": 0.68421, "auc": 0.44097}
{"epoch": 49, "time_epoch": 41.07303, "eta": 2053.14728, "eta_hours": 0.57032, "loss": 0.69246473, "lr": 0.00051571, "params": 3973, "time_iter": 4.1073, "accuracy": 0.52, "precision": 0.52, "recall": 1.0, "f1": 0.68421, "auc": 0.43875}
{"epoch": 50, "time_epoch": 41.07365, "eta": 2012.09462, "eta_hours": 0.55892, "loss": 0.69238678, "lr": 0.0005, "params": 3973, "time_iter": 4.10737, "accuracy": 0.52, "precision": 0.52, "recall": 1.0, "f1": 0.68421, "auc": 0.48522}
{"epoch": 51, "time_epoch": 41.04947, "eta": 1971.01883, "eta_hours": 0.54751, "loss": 0.69244928, "lr": 0.00048429, "params": 3973, "time_iter": 4.10495, "accuracy": 0.52, "precision": 0.52, "recall": 1.0, "f1": 0.68421, "auc": 0.44818}
{"epoch": 52, "time_epoch": 41.07814, "eta": 1929.96946, "eta_hours": 0.5361, "loss": 0.69241483, "lr": 0.0004686, "params": 3973, "time_iter": 4.10781, "accuracy": 0.52, "precision": 0.52, "recall": 1.0, "f1": 0.68421, "auc": 0.41631}
{"epoch": 53, "time_epoch": 41.05374, "eta": 1888.89824, "eta_hours": 0.52469, "loss": 0.69245961, "lr": 0.00045295, "params": 3973, "time_iter": 4.10537, "accuracy": 0.52, "precision": 0.52, "recall": 1.0, "f1": 0.68421, "auc": 0.41578}
{"epoch": 54, "time_epoch": 41.05224, "eta": 1847.82643, "eta_hours": 0.51329, "loss": 0.69238908, "lr": 0.00043733, "params": 3973, "time_iter": 4.10522, "accuracy": 0.52, "precision": 0.52, "recall": 1.0, "f1": 0.68421, "auc": 0.48549}
{"epoch": 55, "time_epoch": 41.06188, "eta": 1806.76289, "eta_hours": 0.50188, "loss": 0.69244958, "lr": 0.00042178, "params": 3973, "time_iter": 4.10619, "accuracy": 0.52, "precision": 0.52, "recall": 1.0, "f1": 0.68421, "auc": 0.44373}
{"epoch": 56, "time_epoch": 41.06233, "eta": 1765.69974, "eta_hours": 0.49047, "loss": 0.69260537, "lr": 0.00040631, "params": 3973, "time_iter": 4.10623, "accuracy": 0.52, "precision": 0.52, "recall": 1.0, "f1": 0.68421, "auc": 0.41346}
{"epoch": 57, "time_epoch": 41.11684, "eta": 1724.6761, "eta_hours": 0.47908, "loss": 0.69237917, "lr": 0.00039093, "params": 3973, "time_iter": 4.11168, "accuracy": 0.52, "precision": 0.52, "recall": 1.0, "f1": 0.68421, "auc": 0.4497}
{"epoch": 58, "time_epoch": 41.08502, "eta": 1683.62719, "eta_hours": 0.46767, "loss": 0.69232529, "lr": 0.00037566, "params": 3973, "time_iter": 4.1085, "accuracy": 0.52, "precision": 0.52, "recall": 1.0, "f1": 0.68421, "auc": 0.53615}
{"epoch": 59, "time_epoch": 41.11292, "eta": 1642.59567, "eta_hours": 0.45628, "loss": 0.69243411, "lr": 0.0003605, "params": 3973, "time_iter": 4.11129, "accuracy": 0.52, "precision": 0.52, "recall": 1.0, "f1": 0.68421, "auc": 0.4375}
{"epoch": 60, "time_epoch": 41.10572, "eta": 1601.55688, "eta_hours": 0.44488, "loss": 0.69245518, "lr": 0.00034549, "params": 3973, "time_iter": 4.11057, "accuracy": 0.52, "precision": 0.52, "recall": 1.0, "f1": 0.68421, "auc": 0.43616}
{"epoch": 61, "time_epoch": 41.14522, "eta": 1560.54015, "eta_hours": 0.43348, "loss": 0.69238443, "lr": 0.00033063, "params": 3973, "time_iter": 4.11452, "accuracy": 0.52, "precision": 0.52, "recall": 1.0, "f1": 0.68421, "auc": 0.4026}
{"epoch": 62, "time_epoch": 41.11169, "eta": 1519.49963, "eta_hours": 0.42208, "loss": 0.69234634, "lr": 0.00031594, "params": 3973, "time_iter": 4.11117, "accuracy": 0.52, "precision": 0.52, "recall": 1.0, "f1": 0.68421, "auc": 0.50285}
{"epoch": 63, "time_epoch": 41.1061, "eta": 1478.45375, "eta_hours": 0.41068, "loss": 0.69235017, "lr": 0.00030143, "params": 3973, "time_iter": 4.11061, "accuracy": 0.52, "precision": 0.52, "recall": 1.0, "f1": 0.68421, "auc": 0.48843}
{"epoch": 64, "time_epoch": 41.16174, "eta": 1437.43598, "eta_hours": 0.39929, "loss": 0.69237532, "lr": 0.00028711, "params": 3973, "time_iter": 4.11617, "accuracy": 0.52, "precision": 0.52, "recall": 1.0, "f1": 0.68421, "auc": 0.48032}
{"epoch": 65, "time_epoch": 41.13413, "eta": 1396.39963, "eta_hours": 0.38789, "loss": 0.69241442, "lr": 0.000273, "params": 3973, "time_iter": 4.11341, "accuracy": 0.52, "precision": 0.52, "recall": 1.0, "f1": 0.68421, "auc": 0.39307}
{"epoch": 66, "time_epoch": 41.15271, "eta": 1355.3695, "eta_hours": 0.37649, "loss": 0.69238326, "lr": 0.00025912, "params": 3973, "time_iter": 4.11527, "accuracy": 0.52, "precision": 0.52, "recall": 1.0, "f1": 0.68421, "auc": 0.45531}
{"epoch": 67, "time_epoch": 41.12995, "eta": 1314.32506, "eta_hours": 0.36509, "loss": 0.69237325, "lr": 0.00024548, "params": 3973, "time_iter": 4.113, "accuracy": 0.52, "precision": 0.52, "recall": 1.0, "f1": 0.68421, "auc": 0.40554}
{"epoch": 68, "time_epoch": 41.1205, "eta": 1273.2739, "eta_hours": 0.35369, "loss": 0.69241373, "lr": 0.00023209, "params": 3973, "time_iter": 4.11205, "accuracy": 0.52, "precision": 0.52, "recall": 1.0, "f1": 0.68421, "auc": 0.42023}
{"epoch": 69, "time_epoch": 41.1083, "eta": 1232.21552, "eta_hours": 0.34228, "loss": 0.69232703, "lr": 0.00021896, "params": 3973, "time_iter": 4.11083, "accuracy": 0.52, "precision": 0.52, "recall": 1.0, "f1": 0.68421, "auc": 0.53259}
{"epoch": 70, "time_epoch": 41.11952, "eta": 1191.16033, "eta_hours": 0.33088, "loss": 0.69236886, "lr": 0.00020611, "params": 3973, "time_iter": 4.11195, "accuracy": 0.52, "precision": 0.52, "recall": 1.0, "f1": 0.68421, "auc": 0.47872}
{"epoch": 71, "time_epoch": 41.13493, "eta": 1150.10934, "eta_hours": 0.31947, "loss": 0.69239911, "lr": 0.00019355, "params": 3973, "time_iter": 4.11349, "accuracy": 0.52, "precision": 0.52, "recall": 1.0, "f1": 0.68421, "auc": 0.43973}
{"epoch": 72, "time_epoch": 41.1067, "eta": 1109.04561, "eta_hours": 0.30807, "loss": 0.69236673, "lr": 0.00018129, "params": 3973, "time_iter": 4.11067, "accuracy": 0.52, "precision": 0.52, "recall": 1.0, "f1": 0.68421, "auc": 0.46198}
{"epoch": 73, "time_epoch": 41.11654, "eta": 1067.98417, "eta_hours": 0.29666, "loss": 0.6923537, "lr": 0.00016934, "params": 3973, "time_iter": 4.11165, "accuracy": 0.52, "precision": 0.52, "recall": 1.0, "f1": 0.68421, "auc": 0.48486}
{"epoch": 74, "time_epoch": 41.16134, "eta": 1026.9362, "eta_hours": 0.28526, "loss": 0.69237737, "lr": 0.00015773, "params": 3973, "time_iter": 4.11613, "accuracy": 0.52, "precision": 0.52, "recall": 1.0, "f1": 0.68421, "auc": 0.40767}
{"epoch": 75, "time_epoch": 41.16372, "eta": 985.88599, "eta_hours": 0.27386, "loss": 0.69238734, "lr": 0.00014645, "params": 3973, "time_iter": 4.11637, "accuracy": 0.52, "precision": 0.52, "recall": 1.0, "f1": 0.68421, "auc": 0.42343}
{"epoch": 76, "time_epoch": 41.12041, "eta": 944.8199, "eta_hours": 0.26245, "loss": 0.69235783, "lr": 0.00013552, "params": 3973, "time_iter": 4.11204, "accuracy": 0.52, "precision": 0.52, "recall": 1.0, "f1": 0.68421, "auc": 0.48834}
{"epoch": 77, "time_epoch": 41.02847, "eta": 903.72649, "eta_hours": 0.25104, "loss": 0.69235564, "lr": 0.00012494, "params": 3973, "time_iter": 4.10285, "accuracy": 0.52, "precision": 0.52, "recall": 1.0, "f1": 0.68421, "auc": 0.50071}
{"epoch": 78, "time_epoch": 41.03406, "eta": 862.63621, "eta_hours": 0.23962, "loss": 0.69236883, "lr": 0.00011474, "params": 3973, "time_iter": 4.10341, "accuracy": 0.52, "precision": 0.52, "recall": 1.0, "f1": 0.68421, "auc": 0.48638}
{"epoch": 79, "time_epoch": 41.00582, "eta": 821.54027, "eta_hours": 0.22821, "loss": 0.69241352, "lr": 0.00010492, "params": 3973, "time_iter": 4.10058, "accuracy": 0.52, "precision": 0.52, "recall": 1.0, "f1": 0.68421, "auc": 0.40278}
{"epoch": 80, "time_epoch": 41.55846, "eta": 780.57619, "eta_hours": 0.21683, "loss": 0.69235862, "lr": 9.549e-05, "params": 3973, "time_iter": 4.15585, "accuracy": 0.52, "precision": 0.52, "recall": 1.0, "f1": 0.68421, "auc": 0.48745}
{"epoch": 81, "time_epoch": 41.13193, "eta": 739.50398, "eta_hours": 0.20542, "loss": 0.69235802, "lr": 8.646e-05, "params": 3973, "time_iter": 4.11319, "accuracy": 0.52, "precision": 0.52, "recall": 1.0, "f1": 0.68421, "auc": 0.50899}
{"epoch": 82, "time_epoch": 41.16774, "eta": 698.43767, "eta_hours": 0.19401, "loss": 0.69242362, "lr": 7.784e-05, "params": 3973, "time_iter": 4.11677, "accuracy": 0.52, "precision": 0.52, "recall": 1.0, "f1": 0.68421, "auc": 0.37571}
{"epoch": 83, "time_epoch": 41.12808, "eta": 657.36139, "eta_hours": 0.1826, "loss": 0.69236628, "lr": 6.963e-05, "params": 3973, "time_iter": 4.11281, "accuracy": 0.52, "precision": 0.52, "recall": 1.0, "f1": 0.68421, "auc": 0.4821}
{"epoch": 84, "time_epoch": 41.1229, "eta": 616.28297, "eta_hours": 0.17119, "loss": 0.69235449, "lr": 6.185e-05, "params": 3973, "time_iter": 4.11229, "accuracy": 0.52, "precision": 0.52, "recall": 1.0, "f1": 0.68421, "auc": 0.51656}
{"epoch": 85, "time_epoch": 41.14988, "eta": 575.20792, "eta_hours": 0.15978, "loss": 0.69235368, "lr": 5.45e-05, "params": 3973, "time_iter": 4.11499, "accuracy": 0.52, "precision": 0.52, "recall": 1.0, "f1": 0.68421, "auc": 0.55564}
{"epoch": 86, "time_epoch": 41.10314, "eta": 534.12416, "eta_hours": 0.14837, "loss": 0.69238271, "lr": 4.759e-05, "params": 3973, "time_iter": 4.11031, "accuracy": 0.52, "precision": 0.52, "recall": 1.0, "f1": 0.68421, "auc": 0.43198}
{"epoch": 87, "time_epoch": 41.15342, "eta": 493.04681, "eta_hours": 0.13696, "loss": 0.69236346, "lr": 4.112e-05, "params": 3973, "time_iter": 4.11534, "accuracy": 0.52, "precision": 0.52, "recall": 1.0, "f1": 0.68421, "auc": 0.51149}
{"epoch": 88, "time_epoch": 41.15649, "eta": 451.96814, "eta_hours": 0.12555, "loss": 0.69236817, "lr": 3.511e-05, "params": 3973, "time_iter": 4.11565, "accuracy": 0.52, "precision": 0.52, "recall": 1.0, "f1": 0.68421, "auc": 0.48469}
{"epoch": 89, "time_epoch": 41.15841, "eta": 410.88795, "eta_hours": 0.11414, "loss": 0.69234663, "lr": 2.956e-05, "params": 3973, "time_iter": 4.11584, "accuracy": 0.52, "precision": 0.52, "recall": 1.0, "f1": 0.68421, "auc": 0.55253}
{"epoch": 90, "time_epoch": 41.14397, "eta": 369.80461, "eta_hours": 0.10272, "loss": 0.6923687, "lr": 2.447e-05, "params": 3973, "time_iter": 4.1144, "accuracy": 0.52, "precision": 0.52, "recall": 1.0, "f1": 0.68421, "auc": 0.46368}
{"epoch": 91, "time_epoch": 41.11449, "eta": 328.71739, "eta_hours": 0.09131, "loss": 0.6923866, "lr": 1.985e-05, "params": 3973, "time_iter": 4.11145, "accuracy": 0.52, "precision": 0.52, "recall": 1.0, "f1": 0.68421, "auc": 0.41159}
{"epoch": 92, "time_epoch": 41.13257, "eta": 287.63095, "eta_hours": 0.0799, "loss": 0.69235637, "lr": 1.571e-05, "params": 3973, "time_iter": 4.11326, "accuracy": 0.52, "precision": 0.52, "recall": 1.0, "f1": 0.68421, "auc": 0.51603}
{"epoch": 93, "time_epoch": 41.13022, "eta": 246.54337, "eta_hours": 0.06848, "loss": 0.69237545, "lr": 1.204e-05, "params": 3973, "time_iter": 4.11302, "accuracy": 0.52, "precision": 0.52, "recall": 1.0, "f1": 0.68421, "auc": 0.4521}
{"epoch": 94, "time_epoch": 41.15672, "eta": 205.45629, "eta_hours": 0.05707, "loss": 0.69235159, "lr": 8.86e-06, "params": 3973, "time_iter": 4.11567, "accuracy": 0.52, "precision": 0.52, "recall": 1.0, "f1": 0.68421, "auc": 0.51941}
{"epoch": 95, "time_epoch": 41.09393, "eta": 164.36514, "eta_hours": 0.04566, "loss": 0.69235308, "lr": 6.16e-06, "params": 3973, "time_iter": 4.10939, "accuracy": 0.52, "precision": 0.52, "recall": 1.0, "f1": 0.68421, "auc": 0.54817}
{"epoch": 96, "time_epoch": 41.14664, "eta": 123.27557, "eta_hours": 0.03424, "loss": 0.69236969, "lr": 3.94e-06, "params": 3973, "time_iter": 4.11466, "accuracy": 0.52, "precision": 0.52, "recall": 1.0, "f1": 0.68421, "auc": 0.46866}
{"epoch": 97, "time_epoch": 41.03407, "eta": 82.18253, "eta_hours": 0.02283, "loss": 0.69236463, "lr": 2.22e-06, "params": 3973, "time_iter": 4.10341, "accuracy": 0.52, "precision": 0.52, "recall": 1.0, "f1": 0.68421, "auc": 0.47516}
{"epoch": 98, "time_epoch": 41.04913, "eta": 41.09084, "eta_hours": 0.01141, "loss": 0.69235877, "lr": 9.9e-07, "params": 3973, "time_iter": 4.10491, "accuracy": 0.52, "precision": 0.52, "recall": 1.0, "f1": 0.68421, "auc": 0.50329}
{"epoch": 99, "time_epoch": 41.07488, "eta": 0.0, "eta_hours": 0.0, "loss": 0.69237379, "lr": 2.5e-07, "params": 3973, "time_iter": 4.10749, "accuracy": 0.52, "precision": 0.52, "recall": 1.0, "f1": 0.68421, "auc": 0.44551}
