{"epoch": 0, "time_epoch": 20.43018, "eta": 2022.58818, "eta_hours": 0.56183, "loss": 0.69784815, "lr": 0.001, "params": 5289, "time_iter": 0.16344, "accuracy": 0.506, "precision": 0.506, "recall": 1.0, "f1": 0.67198, "auc": 0.47768}
{"epoch": 1, "time_epoch": 7.70198, "eta": 1378.47598, "eta_hours": 0.38291, "loss": 0.69464487, "lr": 0.00099975, "params": 5289, "time_iter": 0.06162, "accuracy": 0.506, "precision": 0.506, "recall": 1.0, "f1": 0.67198, "auc": 0.46642}
{"epoch": 2, "time_epoch": 7.67574, "eta": 1157.78882, "eta_hours": 0.32161, "loss": 0.69419134, "lr": 0.00099901, "params": 5289, "time_iter": 0.06141, "accuracy": 0.506, "precision": 0.506, "recall": 1.0, "f1": 0.67198, "auc": 0.46885}
{"epoch": 3, "time_epoch": 7.66278, "eta": 1043.29645, "eta_hours": 0.2898, "loss": 0.69404643, "lr": 0.00099778, "params": 5289, "time_iter": 0.0613, "accuracy": 0.506, "precision": 0.50794, "recall": 0.75889, "f1": 0.60856, "auc": 0.46684}
{"epoch": 4, "time_epoch": 7.67173, "eta": 971.70592, "eta_hours": 0.26992, "loss": 0.69369301, "lr": 0.00099606, "params": 5289, "time_iter": 0.06137, "accuracy": 0.496, "precision": 0.50201, "recall": 0.49407, "f1": 0.49801, "auc": 0.48041}
{"epoch": 5, "time_epoch": 7.67846, "eta": 921.52701, "eta_hours": 0.25598, "loss": 0.69387216, "lr": 0.00099384, "params": 5289, "time_iter": 0.06143, "accuracy": 0.506, "precision": 0.506, "recall": 1.0, "f1": 0.67198, "auc": 0.45279}
{"epoch": 6, "time_epoch": 7.67093, "eta": 883.39104, "eta_hours": 0.24539, "loss": 0.69369643, "lr": 0.00099114, "params": 5289, "time_iter": 0.06137, "accuracy": 0.506, "precision": 0.506, "recall": 1.0, "f1": 0.67198, "auc": 0.46034}
{"epoch": 7, "time_epoch": 7.67286, "eta": 852.89352, "eta_hours": 0.23691, "loss": 0.69371579, "lr": 0.00098796, "params": 5289, "time_iter": 0.06138, "accuracy": 0.472, "precision": 0.48712, "recall": 0.82213, "f1": 0.61176, "auc": 0.46831}
{"epoch": 8, "time_epoch": 7.6541, "eta": 827.27847, "eta_hours": 0.2298, "loss": 0.69359718, "lr": 0.00098429, "params": 5289, "time_iter": 0.06123, "accuracy": 0.506, "precision": 0.506, "recall": 1.0, "f1": 0.67198, "auc": 0.45935}
{"epoch": 9, "time_epoch": 7.67303, "eta": 805.42606, "eta_hours": 0.22373, "loss": 0.69331606, "lr": 0.00098015, "params": 5289, "time_iter": 0.06138, "accuracy": 0.506, "precision": 0.506, "recall": 1.0, "f1": 0.67198, "auc": 0.49388}
{"epoch": 10, "time_epoch": 7.68935, "eta": 786.2837, "eta_hours": 0.21841, "loss": 0.69391429, "lr": 0.00097553, "params": 5289, "time_iter": 0.06151, "accuracy": 0.49, "precision": 0.49794, "recall": 0.95652, "f1": 0.65494, "auc": 0.45073}
{"epoch": 11, "time_epoch": 7.69841, "eta": 769.11662, "eta_hours": 0.21364, "loss": 0.69395626, "lr": 0.00097044, "params": 5289, "time_iter": 0.06159, "accuracy": 0.49, "precision": 0.49593, "recall": 0.48221, "f1": 0.48898, "auc": 0.46944}
{"epoch": 12, "time_epoch": 7.65299, "eta": 753.10234, "eta_hours": 0.2092, "loss": 0.69378205, "lr": 0.00096489, "params": 5289, "time_iter": 0.06122, "accuracy": 0.47, "precision": 0.47945, "recall": 0.55336, "f1": 0.51376, "auc": 0.4645}
{"epoch": 13, "time_epoch": 7.6765, "eta": 738.42693, "eta_hours": 0.20512, "loss": 0.6936507, "lr": 0.00095888, "params": 5289, "time_iter": 0.06141, "accuracy": 0.506, "precision": 0.506, "recall": 1.0, "f1": 0.67198, "auc": 0.44765}
{"epoch": 14, "time_epoch": 7.64526, "eta": 724.5077, "eta_hours": 0.20125, "loss": 0.69377419, "lr": 0.00095241, "params": 5289, "time_iter": 0.06116, "accuracy": 0.49, "precision": 0.49782, "recall": 0.90119, "f1": 0.64135, "auc": 0.46661}
{"epoch": 15, "time_epoch": 7.66191, "eta": 711.46009, "eta_hours": 0.19763, "loss": 0.69386559, "lr": 0.0009455, "params": 5289, "time_iter": 0.0613, "accuracy": 0.488, "precision": 0.49691, "recall": 0.95257, "f1": 0.65312, "auc": 0.42596}
{"epoch": 16, "time_epoch": 7.66236, "eta": 699.04831, "eta_hours": 0.19418, "loss": 0.6936959, "lr": 0.00093815, "params": 5289, "time_iter": 0.0613, "accuracy": 0.478, "precision": 0.4893, "recall": 0.72332, "f1": 0.58373, "auc": 0.46232}
{"epoch": 17, "time_epoch": 7.68081, "eta": 687.2483, "eta_hours": 0.1909, "loss": 0.69332491, "lr": 0.00093037, "params": 5289, "time_iter": 0.06145, "accuracy": 0.506, "precision": 0.506, "recall": 1.0, "f1": 0.67198, "auc": 0.45695}
{"epoch": 18, "time_epoch": 7.6013, "eta": 675.5429, "eta_hours": 0.18765, "loss": 0.69367627, "lr": 0.00092216, "params": 5289, "time_iter": 0.06081, "accuracy": 0.474, "precision": 0.48904, "recall": 0.88142, "f1": 0.62906, "auc": 0.45435}
{"epoch": 19, "time_epoch": 7.53071, "eta": 663.96557, "eta_hours": 0.18443, "loss": 0.69397335, "lr": 0.00091354, "params": 5289, "time_iter": 0.06025, "accuracy": 0.506, "precision": 0.506, "recall": 1.0, "f1": 0.67198, "auc": 0.43757}
{"epoch": 20, "time_epoch": 7.74666, "eta": 653.58599, "eta_hours": 0.18155, "loss": 0.69372623, "lr": 0.00090451, "params": 5289, "time_iter": 0.06197, "accuracy": 0.444, "precision": 0.45675, "recall": 0.52174, "f1": 0.48708, "auc": 0.43574}
{"epoch": 21, "time_epoch": 7.70237, "eta": 643.28875, "eta_hours": 0.17869, "loss": 0.69370578, "lr": 0.00089508, "params": 5289, "time_iter": 0.06162, "accuracy": 0.506, "precision": 0.506, "recall": 1.0, "f1": 0.67198, "auc": 0.46704}
{"epoch": 22, "time_epoch": 7.68287, "eta": 633.15188, "eta_hours": 0.17588, "loss": 0.69363262, "lr": 0.00088526, "params": 5289, "time_iter": 0.06146, "accuracy": 0.506, "precision": 0.506, "recall": 1.0, "f1": 0.67198, "auc": 0.46799}
{"epoch": 23, "time_epoch": 7.66845, "eta": 623.17384, "eta_hours": 0.1731, "loss": 0.693854, "lr": 0.00087506, "params": 5289, "time_iter": 0.06135, "accuracy": 0.454, "precision": 0.42857, "recall": 0.23715, "f1": 0.30534, "auc": 0.42833}
{"epoch": 24, "time_epoch": 7.68869, "eta": 613.44129, "eta_hours": 0.1704, "loss": 0.69401145, "lr": 0.00086448, "params": 5289, "time_iter": 0.06151, "accuracy": 0.506, "precision": 0.506, "recall": 1.0, "f1": 0.67198, "auc": 0.44419}
{"epoch": 25, "time_epoch": 7.75711, "eta": 604.06068, "eta_hours": 0.16779, "loss": 0.69344227, "lr": 0.00085355, "params": 5289, "time_iter": 0.06206, "accuracy": 0.486, "precision": 0.49231, "recall": 0.50593, "f1": 0.49903, "auc": 0.47596}
{"epoch": 26, "time_epoch": 7.70414, "eta": 594.65713, "eta_hours": 0.16518, "loss": 0.69328881, "lr": 0.00084227, "params": 5289, "time_iter": 0.06163, "accuracy": 0.506, "precision": 0.506, "recall": 1.0, "f1": 0.67198, "auc": 0.41556}
{"epoch": 27, "time_epoch": 7.70286, "eta": 585.37167, "eta_hours": 0.1626, "loss": 0.69343988, "lr": 0.00083066, "params": 5289, "time_iter": 0.06162, "accuracy": 0.506, "precision": 0.506, "recall": 1.0, "f1": 0.67198, "auc": 0.45488}
{"epoch": 28, "time_epoch": 7.70212, "eta": 576.19354, "eta_hours": 0.16005, "loss": 0.69349687, "lr": 0.00081871, "params": 5289, "time_iter": 0.06162, "accuracy": 0.506, "precision": 0.506, "recall": 1.0, "f1": 0.67198, "auc": 0.42203}
{"epoch": 29, "time_epoch": 7.69452, "eta": 567.09609, "eta_hours": 0.15753, "loss": 0.69356959, "lr": 0.00080645, "params": 5289, "time_iter": 0.06156, "accuracy": 0.484, "precision": 0.49451, "recall": 0.88933, "f1": 0.63559, "auc": 0.45416}
{"epoch": 30, "time_epoch": 7.66668, "eta": 558.02718, "eta_hours": 0.15501, "loss": 0.69333724, "lr": 0.00079389, "params": 5289, "time_iter": 0.06133, "accuracy": 0.506, "precision": 0.506, "recall": 1.0, "f1": 0.67198, "auc": 0.43683}
{"epoch": 31, "time_epoch": 7.6984, "eta": 549.11332, "eta_hours": 0.15253, "loss": 0.69343658, "lr": 0.00078104, "params": 5289, "time_iter": 0.06159, "accuracy": 0.506, "precision": 0.506, "recall": 1.0, "f1": 0.67198, "auc": 0.45259}
{"epoch": 32, "time_epoch": 7.68319, "eta": 540.24222, "eta_hours": 0.15007, "loss": 0.69376089, "lr": 0.00076791, "params": 5289, "time_iter": 0.06147, "accuracy": 0.506, "precision": 0.506, "recall": 1.0, "f1": 0.67198, "auc": 0.42757}
{"epoch": 33, "time_epoch": 7.70212, "eta": 531.47775, "eta_hours": 0.14763, "loss": 0.6934612, "lr": 0.00075452, "params": 5289, "time_iter": 0.06162, "accuracy": 0.506, "precision": 0.506, "recall": 1.0, "f1": 0.67198, "auc": 0.43578}
{"epoch": 34, "time_epoch": 7.74095, "eta": 522.8461, "eta_hours": 0.14524, "loss": 0.69335437, "lr": 0.00074088, "params": 5289, "time_iter": 0.06193, "accuracy": 0.506, "precision": 0.506, "recall": 1.0, "f1": 0.67198, "auc": 0.44658}
{"epoch": 35, "time_epoch": 7.71945, "eta": 514.22572, "eta_hours": 0.14284, "loss": 0.69336289, "lr": 0.000727, "params": 5289, "time_iter": 0.06176, "accuracy": 0.506, "precision": 0.506, "recall": 1.0, "f1": 0.67198, "auc": 0.44893}
{"epoch": 36, "time_epoch": 7.71248, "eta": 505.64217, "eta_hours": 0.14046, "loss": 0.69348598, "lr": 0.00071289, "params": 5289, "time_iter": 0.0617, "accuracy": 0.506, "precision": 0.506, "recall": 1.0, "f1": 0.67198, "auc": 0.44012}
{"epoch": 37, "time_epoch": 7.68325, "eta": 497.05677, "eta_hours": 0.13807, "loss": 0.69360524, "lr": 0.00069857, "params": 5289, "time_iter": 0.06147, "accuracy": 0.506, "precision": 0.506, "recall": 1.0, "f1": 0.67198, "auc": 0.43889}
{"epoch": 38, "time_epoch": 7.69554, "eta": 488.53686, "eta_hours": 0.1357, "loss": 0.69330769, "lr": 0.00068406, "params": 5289, "time_iter": 0.06156, "accuracy": 0.506, "precision": 0.506, "recall": 1.0, "f1": 0.67198, "auc": 0.40776}
{"epoch": 39, "time_epoch": 7.70035, "eta": 480.06538, "eta_hours": 0.13335, "loss": 0.6935315, "lr": 0.00066937, "params": 5289, "time_iter": 0.0616, "accuracy": 0.48, "precision": 0.49008, "recall": 0.68379, "f1": 0.57096, "auc": 0.46802}
{"epoch": 40, "time_epoch": 7.68795, "eta": 471.61368, "eta_hours": 0.131, "loss": 0.69363138, "lr": 0.00065451, "params": 5289, "time_iter": 0.0615, "accuracy": 0.506, "precision": 0.506, "recall": 1.0, "f1": 0.67198, "auc": 0.42781}
{"epoch": 41, "time_epoch": 7.7052, "eta": 463.22216, "eta_hours": 0.12867, "loss": 0.69343752, "lr": 0.0006395, "params": 5289, "time_iter": 0.06164, "accuracy": 0.506, "precision": 0.506, "recall": 1.0, "f1": 0.67198, "auc": 0.43741}
{"epoch": 42, "time_epoch": 7.68868, "eta": 454.84067, "eta_hours": 0.12634, "loss": 0.69347789, "lr": 0.00062434, "params": 5289, "time_iter": 0.06151, "accuracy": 0.468, "precision": 0.47811, "recall": 0.56126, "f1": 0.51636, "auc": 0.45194}
{"epoch": 43, "time_epoch": 7.68455, "eta": 446.48542, "eta_hours": 0.12402, "loss": 0.69352173, "lr": 0.00060907, "params": 5289, "time_iter": 0.06148, "accuracy": 0.494, "precision": 0.5, "recall": 0.96443, "f1": 0.65857, "auc": 0.45058}
{"epoch": 44, "time_epoch": 7.68853, "eta": 438.16484, "eta_hours": 0.12171, "loss": 0.69339876, "lr": 0.00059369, "params": 5289, "time_iter": 0.06151, "accuracy": 0.506, "precision": 0.506, "recall": 1.0, "f1": 0.67198, "auc": 0.44531}
{"epoch": 45, "time_epoch": 7.55616, "eta": 429.71634, "eta_hours": 0.11937, "loss": 0.69333141, "lr": 0.00057822, "params": 5289, "time_iter": 0.06045, "accuracy": 0.506, "precision": 0.506, "recall": 1.0, "f1": 0.67198, "auc": 0.44795}
{"epoch": 46, "time_epoch": 7.69136, "eta": 421.45828, "eta_hours": 0.11707, "loss": 0.69339802, "lr": 0.00056267, "params": 5289, "time_iter": 0.06153, "accuracy": 0.506, "precision": 0.506, "recall": 1.0, "f1": 0.67198, "auc": 0.45543}
{"epoch": 47, "time_epoch": 7.68924, "eta": 413.22153, "eta_hours": 0.11478, "loss": 0.69344689, "lr": 0.00054705, "params": 5289, "time_iter": 0.06151, "accuracy": 0.506, "precision": 0.506, "recall": 1.0, "f1": 0.67198, "auc": 0.44262}
{"epoch": 48, "time_epoch": 7.69154, "eta": 405.00953, "eta_hours": 0.1125, "loss": 0.69353369, "lr": 0.0005314, "params": 5289, "time_iter": 0.06153, "accuracy": 0.506, "precision": 0.506, "recall": 1.0, "f1": 0.67198, "auc": 0.44833}
{"epoch": 49, "time_epoch": 7.69552, "eta": 396.82233, "eta_hours": 0.11023, "loss": 0.69325369, "lr": 0.00051571, "params": 5289, "time_iter": 0.06156, "accuracy": 0.506, "precision": 0.506, "recall": 1.0, "f1": 0.67198, "auc": 0.46668}
{"epoch": 50, "time_epoch": 7.68509, "eta": 388.64438, "eta_hours": 0.10796, "loss": 0.69334104, "lr": 0.0005, "params": 5289, "time_iter": 0.06148, "accuracy": 0.506, "precision": 0.506, "recall": 1.0, "f1": 0.67198, "auc": 0.4534}
{"epoch": 51, "time_epoch": 7.70395, "eta": 380.5028, "eta_hours": 0.1057, "loss": 0.69355291, "lr": 0.00048429, "params": 5289, "time_iter": 0.06163, "accuracy": 0.506, "precision": 0.506, "recall": 1.0, "f1": 0.67198, "auc": 0.41708}
{"epoch": 52, "time_epoch": 7.68702, "eta": 372.36273, "eta_hours": 0.10343, "loss": 0.69333144, "lr": 0.0004686, "params": 5289, "time_iter": 0.0615, "accuracy": 0.506, "precision": 0.506, "recall": 1.0, "f1": 0.67198, "auc": 0.43999}
{"epoch": 53, "time_epoch": 7.70009, "eta": 364.25056, "eta_hours": 0.10118, "loss": 0.69335593, "lr": 0.00045295, "params": 5289, "time_iter": 0.0616, "accuracy": 0.506, "precision": 0.506, "recall": 1.0, "f1": 0.67198, "auc": 0.44903}
{"epoch": 54, "time_epoch": 7.70139, "eta": 356.15444, "eta_hours": 0.09893, "loss": 0.69347615, "lr": 0.00043733, "params": 5289, "time_iter": 0.06161, "accuracy": 0.506, "precision": 0.506, "recall": 1.0, "f1": 0.67198, "auc": 0.4394}
{"epoch": 55, "time_epoch": 7.68219, "eta": 348.05733, "eta_hours": 0.09668, "loss": 0.69322083, "lr": 0.00042178, "params": 5289, "time_iter": 0.06146, "accuracy": 0.506, "precision": 0.506, "recall": 1.0, "f1": 0.67198, "auc": 0.46674}
{"epoch": 56, "time_epoch": 7.66244, "eta": 339.95989, "eta_hours": 0.09443, "loss": 0.69323672, "lr": 0.00040631, "params": 5289, "time_iter": 0.0613, "accuracy": 0.506, "precision": 0.506, "recall": 1.0, "f1": 0.67198, "auc": 0.46257}
{"epoch": 57, "time_epoch": 7.66241, "eta": 331.87743, "eta_hours": 0.09219, "loss": 0.6933762, "lr": 0.00039093, "params": 5289, "time_iter": 0.0613, "accuracy": 0.506, "precision": 0.506, "recall": 1.0, "f1": 0.67198, "auc": 0.44351}
{"epoch": 58, "time_epoch": 7.68538, "eta": 323.82515, "eta_hours": 0.08995, "loss": 0.6932794, "lr": 0.00037566, "params": 5289, "time_iter": 0.06148, "accuracy": 0.506, "precision": 0.506, "recall": 1.0, "f1": 0.67198, "auc": 0.45125}
{"epoch": 59, "time_epoch": 7.66142, "eta": 315.76914, "eta_hours": 0.08771, "loss": 0.69323578, "lr": 0.0003605, "params": 5289, "time_iter": 0.06129, "accuracy": 0.506, "precision": 0.506, "recall": 1.0, "f1": 0.67198, "auc": 0.46062}
{"epoch": 60, "time_epoch": 7.67199, "eta": 307.73283, "eta_hours": 0.08548, "loss": 0.6931889, "lr": 0.00034549, "params": 5289, "time_iter": 0.06138, "accuracy": 0.506, "precision": 0.506, "recall": 1.0, "f1": 0.67198, "auc": 0.45935}
{"epoch": 61, "time_epoch": 7.68211, "eta": 299.71447, "eta_hours": 0.08325, "loss": 0.69323445, "lr": 0.00033063, "params": 5289, "time_iter": 0.06146, "accuracy": 0.506, "precision": 0.506, "recall": 1.0, "f1": 0.67198, "auc": 0.43122}
{"epoch": 62, "time_epoch": 7.66246, "eta": 291.69524, "eta_hours": 0.08103, "loss": 0.69315876, "lr": 0.00031594, "params": 5289, "time_iter": 0.0613, "accuracy": 0.506, "precision": 0.506, "recall": 1.0, "f1": 0.67198, "auc": 0.43559}
{"epoch": 63, "time_epoch": 7.66457, "eta": 283.68835, "eta_hours": 0.0788, "loss": 0.69329103, "lr": 0.00030143, "params": 5289, "time_iter": 0.06132, "accuracy": 0.506, "precision": 0.506, "recall": 1.0, "f1": 0.67198, "auc": 0.46279}
{"epoch": 64, "time_epoch": 7.69322, "eta": 275.70742, "eta_hours": 0.07659, "loss": 0.6932224, "lr": 0.00028711, "params": 5289, "time_iter": 0.06155, "accuracy": 0.506, "precision": 0.506, "recall": 1.0, "f1": 0.67198, "auc": 0.46411}
{"epoch": 65, "time_epoch": 7.68456, "eta": 267.73074, "eta_hours": 0.07437, "loss": 0.693334, "lr": 0.000273, "params": 5289, "time_iter": 0.06148, "accuracy": 0.506, "precision": 0.506, "recall": 1.0, "f1": 0.67198, "auc": 0.43439}
{"epoch": 66, "time_epoch": 7.68034, "eta": 259.76071, "eta_hours": 0.07216, "loss": 0.69317453, "lr": 0.00025912, "params": 5289, "time_iter": 0.06144, "accuracy": 0.506, "precision": 0.506, "recall": 1.0, "f1": 0.67198, "auc": 0.45451}
{"epoch": 67, "time_epoch": 7.67173, "eta": 251.79515, "eta_hours": 0.06994, "loss": 0.69337284, "lr": 0.00024548, "params": 5289, "time_iter": 0.06137, "accuracy": 0.506, "precision": 0.506, "recall": 1.0, "f1": 0.67198, "auc": 0.43735}
{"epoch": 68, "time_epoch": 7.68202, "eta": 243.84272, "eta_hours": 0.06773, "loss": 0.69318659, "lr": 0.00023209, "params": 5289, "time_iter": 0.06146, "accuracy": 0.506, "precision": 0.506, "recall": 1.0, "f1": 0.67198, "auc": 0.42075}
{"epoch": 69, "time_epoch": 7.68397, "eta": 235.89886, "eta_hours": 0.06553, "loss": 0.69317428, "lr": 0.00021896, "params": 5289, "time_iter": 0.06147, "accuracy": 0.506, "precision": 0.506, "recall": 1.0, "f1": 0.67198, "auc": 0.45057}
{"epoch": 70, "time_epoch": 7.688, "eta": 227.96397, "eta_hours": 0.06332, "loss": 0.69323455, "lr": 0.00020611, "params": 5289, "time_iter": 0.0615, "accuracy": 0.506, "precision": 0.506, "recall": 1.0, "f1": 0.67198, "auc": 0.43257}
{"epoch": 71, "time_epoch": 7.68706, "eta": 220.03557, "eta_hours": 0.06112, "loss": 0.69338142, "lr": 0.00019355, "params": 5289, "time_iter": 0.0615, "accuracy": 0.506, "precision": 0.506, "recall": 1.0, "f1": 0.67198, "auc": 0.4394}
{"epoch": 72, "time_epoch": 7.69858, "eta": 212.11803, "eta_hours": 0.05892, "loss": 0.69324855, "lr": 0.00018129, "params": 5289, "time_iter": 0.06159, "accuracy": 0.506, "precision": 0.506, "recall": 1.0, "f1": 0.67198, "auc": 0.44974}
{"epoch": 73, "time_epoch": 7.69962, "eta": 204.20679, "eta_hours": 0.05672, "loss": 0.69329195, "lr": 0.00016934, "params": 5289, "time_iter": 0.0616, "accuracy": 0.506, "precision": 0.506, "recall": 1.0, "f1": 0.67198, "auc": 0.43497}
{"epoch": 74, "time_epoch": 7.68391, "eta": 196.29595, "eta_hours": 0.05453, "loss": 0.69314487, "lr": 0.00015773, "params": 5289, "time_iter": 0.06147, "accuracy": 0.506, "precision": 0.506, "recall": 1.0, "f1": 0.67198, "auc": 0.45642}
{"epoch": 75, "time_epoch": 7.67351, "eta": 188.3878, "eta_hours": 0.05233, "loss": 0.69315619, "lr": 0.00014645, "params": 5289, "time_iter": 0.06139, "accuracy": 0.506, "precision": 0.506, "recall": 1.0, "f1": 0.67198, "auc": 0.44732}
{"epoch": 76, "time_epoch": 7.84291, "eta": 180.53634, "eta_hours": 0.05015, "loss": 0.69316169, "lr": 0.00013552, "params": 5289, "time_iter": 0.06274, "accuracy": 0.506, "precision": 0.506, "recall": 1.0, "f1": 0.67198, "auc": 0.45409}
{"epoch": 77, "time_epoch": 7.68417, "eta": 172.64033, "eta_hours": 0.04796, "loss": 0.6931355, "lr": 0.00012494, "params": 5289, "time_iter": 0.06147, "accuracy": 0.506, "precision": 0.506, "recall": 1.0, "f1": 0.67198, "auc": 0.45595}
{"epoch": 78, "time_epoch": 7.68339, "eta": 164.74947, "eta_hours": 0.04576, "loss": 0.6931138, "lr": 0.00011474, "params": 5289, "time_iter": 0.06147, "accuracy": 0.506, "precision": 0.506, "recall": 1.0, "f1": 0.67198, "auc": 0.42331}
{"epoch": 79, "time_epoch": 7.68954, "eta": 156.86534, "eta_hours": 0.04357, "loss": 0.69312974, "lr": 0.00010492, "params": 5289, "time_iter": 0.06152, "accuracy": 0.506, "precision": 0.506, "recall": 1.0, "f1": 0.67198, "auc": 0.42885}
{"epoch": 80, "time_epoch": 7.68645, "eta": 148.98529, "eta_hours": 0.04138, "loss": 0.69313202, "lr": 9.549e-05, "params": 5289, "time_iter": 0.06149, "accuracy": 0.506, "precision": 0.506, "recall": 1.0, "f1": 0.67198, "auc": 0.44928}
{"epoch": 81, "time_epoch": 7.65944, "eta": 141.10403, "eta_hours": 0.0392, "loss": 0.69310635, "lr": 8.646e-05, "params": 5289, "time_iter": 0.06128, "accuracy": 0.506, "precision": 0.506, "recall": 1.0, "f1": 0.67198, "auc": 0.46319}
{"epoch": 82, "time_epoch": 7.68125, "eta": 133.23259, "eta_hours": 0.03701, "loss": 0.69315468, "lr": 7.784e-05, "params": 5289, "time_iter": 0.06145, "accuracy": 0.506, "precision": 0.506, "recall": 1.0, "f1": 0.67198, "auc": 0.43054}
{"epoch": 83, "time_epoch": 7.68376, "eta": 125.36615, "eta_hours": 0.03482, "loss": 0.69309811, "lr": 6.963e-05, "params": 5289, "time_iter": 0.06147, "accuracy": 0.506, "precision": 0.506, "recall": 1.0, "f1": 0.67198, "auc": 0.46596}
{"epoch": 84, "time_epoch": 7.68442, "eta": 117.50412, "eta_hours": 0.03264, "loss": 0.69310351, "lr": 6.185e-05, "params": 5289, "time_iter": 0.06148, "accuracy": 0.506, "precision": 0.506, "recall": 1.0, "f1": 0.67198, "auc": 0.45496}
{"epoch": 85, "time_epoch": 7.72834, "eta": 109.65338, "eta_hours": 0.03046, "loss": 0.69312548, "lr": 5.45e-05, "params": 5289, "time_iter": 0.06183, "accuracy": 0.506, "precision": 0.506, "recall": 1.0, "f1": 0.67198, "auc": 0.40954}
{"epoch": 86, "time_epoch": 7.73006, "eta": 101.8057, "eta_hours": 0.02828, "loss": 0.69313925, "lr": 4.759e-05, "params": 5289, "time_iter": 0.06184, "accuracy": 0.506, "precision": 0.506, "recall": 1.0, "f1": 0.67198, "auc": 0.44462}
{"epoch": 87, "time_epoch": 7.67379, "eta": 93.95303, "eta_hours": 0.0261, "loss": 0.69310164, "lr": 4.112e-05, "params": 5289, "time_iter": 0.06139, "accuracy": 0.506, "precision": 0.506, "recall": 1.0, "f1": 0.67198, "auc": 0.45433}
{"epoch": 88, "time_epoch": 7.69154, "eta": 86.10657, "eta_hours": 0.02392, "loss": 0.69309804, "lr": 3.511e-05, "params": 5289, "time_iter": 0.06153, "accuracy": 0.506, "precision": 0.506, "recall": 1.0, "f1": 0.67198, "auc": 0.45108}
{"epoch": 89, "time_epoch": 7.68611, "eta": 78.26295, "eta_hours": 0.02174, "loss": 0.69309687, "lr": 2.956e-05, "params": 5289, "time_iter": 0.06149, "accuracy": 0.506, "precision": 0.506, "recall": 1.0, "f1": 0.67198, "auc": 0.45892}
{"epoch": 90, "time_epoch": 7.67423, "eta": 70.42161, "eta_hours": 0.01956, "loss": 0.69308459, "lr": 2.447e-05, "params": 5289, "time_iter": 0.06139, "accuracy": 0.506, "precision": 0.506, "recall": 1.0, "f1": 0.67198, "auc": 0.46653}
{"epoch": 91, "time_epoch": 7.66856, "eta": 62.58342, "eta_hours": 0.01738, "loss": 0.69308847, "lr": 1.985e-05, "params": 5289, "time_iter": 0.06135, "accuracy": 0.506, "precision": 0.506, "recall": 1.0, "f1": 0.67198, "auc": 0.44891}
{"epoch": 92, "time_epoch": 7.67903, "eta": 54.74966, "eta_hours": 0.01521, "loss": 0.69308304, "lr": 1.571e-05, "params": 5289, "time_iter": 0.06143, "accuracy": 0.506, "precision": 0.506, "recall": 1.0, "f1": 0.67198, "auc": 0.45161}
{"epoch": 93, "time_epoch": 7.69881, "eta": 46.92046, "eta_hours": 0.01303, "loss": 0.69308711, "lr": 1.204e-05, "params": 5289, "time_iter": 0.06159, "accuracy": 0.506, "precision": 0.506, "recall": 1.0, "f1": 0.67198, "auc": 0.45367}
{"epoch": 94, "time_epoch": 7.68519, "eta": 39.09328, "eta_hours": 0.01086, "loss": 0.69307919, "lr": 8.86e-06, "params": 5289, "time_iter": 0.06148, "accuracy": 0.506, "precision": 0.506, "recall": 1.0, "f1": 0.67198, "auc": 0.47144}
{"epoch": 95, "time_epoch": 7.6951, "eta": 31.26948, "eta_hours": 0.00869, "loss": 0.69307884, "lr": 6.16e-06, "params": 5289, "time_iter": 0.06156, "accuracy": 0.506, "precision": 0.506, "recall": 1.0, "f1": 0.67198, "auc": 0.42151}
{"epoch": 96, "time_epoch": 7.68045, "eta": 23.44787, "eta_hours": 0.00651, "loss": 0.69307673, "lr": 3.94e-06, "params": 5289, "time_iter": 0.06144, "accuracy": 0.506, "precision": 0.506, "recall": 1.0, "f1": 0.67198, "auc": 0.46228}
{"epoch": 97, "time_epoch": 7.67599, "eta": 15.62906, "eta_hours": 0.00434, "loss": 0.69307583, "lr": 2.22e-06, "params": 5289, "time_iter": 0.06141, "accuracy": 0.506, "precision": 0.506, "recall": 1.0, "f1": 0.67198, "auc": 0.487}
{"epoch": 98, "time_epoch": 7.67961, "eta": 7.81317, "eta_hours": 0.00217, "loss": 0.69307422, "lr": 9.9e-07, "params": 5289, "time_iter": 0.06144, "accuracy": 0.506, "precision": 0.506, "recall": 1.0, "f1": 0.67198, "auc": 0.51006}
{"epoch": 99, "time_epoch": 7.67903, "eta": 0.0, "eta_hours": 0.0, "loss": 0.69307526, "lr": 2.5e-07, "params": 5289, "time_iter": 0.06143, "accuracy": 0.506, "precision": 0.506, "recall": 1.0, "f1": 0.67198, "auc": 0.49704}
