{"epoch": 0, "time_epoch": 0.98111, "time_epoch_std": 0.0, "eta": 97.1295, "eta_std": 0.0, "eta_hours": 0.02698, "eta_hours_std": 0.0, "loss": 0.6965, "loss_std": 0.0, "lr": 0.001, "lr_std": 0.0, "params": 8313.0, "params_std": 0.0, "time_iter": 0.32704, "time_iter_std": 0.0, "accuracy": 0.30769, "accuracy_std": 0.0, "precision": 0.0, "precision_std": 0.0, "recall": 0.0, "recall_std": 0.0, "f1": 0.0, "f1_std": 0.0, "auc": 0.44231, "auc_std": 0.0}
{"epoch": 1, "time_epoch": 2.09856, "time_epoch_std": 0.0, "eta": 150.90347, "eta_std": 0.0, "eta_hours": 0.04192, "eta_hours_std": 0.0, "loss": 0.69284, "loss_std": 0.0, "lr": 0.001, "lr_std": 0.0, "params": 8313.0, "params_std": 0.0, "time_iter": 0.69952, "time_iter_std": 0.0, "accuracy": 0.51282, "accuracy_std": 0.0, "precision": 0.64, "precision_std": 0.0, "recall": 0.61538, "recall_std": 0.0, "f1": 0.62745, "f1_std": 0.0, "auc": 0.43195, "auc_std": 0.0}
{"epoch": 2, "time_epoch": 2.11303, "time_epoch_std": 0.0, "eta": 167.8971, "eta_std": 0.0, "eta_hours": 0.04664, "eta_hours_std": 0.0, "loss": 0.68944, "loss_std": 0.0, "lr": 0.001, "lr_std": 0.0, "params": 8313.0, "params_std": 0.0, "time_iter": 0.70434, "time_iter_std": 0.0, "accuracy": 0.66667, "accuracy_std": 0.0, "precision": 0.66667, "precision_std": 0.0, "recall": 1.0, "recall_std": 0.0, "f1": 0.8, "f1_std": 0.0, "auc": 0.46154, "auc_std": 0.0}
{"epoch": 3, "time_epoch": 2.08315, "time_epoch_std": 0.0, "eta": 174.62034, "eta_std": 0.0, "eta_hours": 0.04851, "eta_hours_std": 0.0, "loss": 0.68609, "loss_std": 0.0, "lr": 0.001, "lr_std": 0.0, "params": 8313.0, "params_std": 0.0, "time_iter": 0.69438, "time_iter_std": 0.0, "accuracy": 0.66667, "accuracy_std": 0.0, "precision": 0.66667, "precision_std": 0.0, "recall": 1.0, "recall_std": 0.0, "f1": 0.8, "f1_std": 0.0, "auc": 0.53254, "auc_std": 0.0}
{"epoch": 4, "time_epoch": 2.08794, "time_epoch_std": 0.0, "eta": 177.91191, "eta_std": 0.0, "eta_hours": 0.04942, "eta_hours_std": 0.0, "loss": 0.68438, "loss_std": 0.0, "lr": 0.001, "lr_std": 0.0, "params": 8313.0, "params_std": 0.0, "time_iter": 0.69598, "time_iter_std": 0.0, "accuracy": 0.66667, "accuracy_std": 0.0, "precision": 0.66667, "precision_std": 0.0, "recall": 1.0, "recall_std": 0.0, "f1": 0.8, "f1_std": 0.0, "auc": 0.42604, "auc_std": 0.0}
{"epoch": 5, "time_epoch": 2.1096, "time_epoch_std": 0.0, "eta": 179.74973, "eta_std": 0.0, "eta_hours": 0.04993, "eta_hours_std": 0.0, "loss": 0.68039, "loss_std": 0.0, "lr": 0.00099, "lr_std": 0.0, "params": 8313.0, "params_std": 0.0, "time_iter": 0.7032, "time_iter_std": 0.0, "accuracy": 0.66667, "accuracy_std": 0.0, "precision": 0.66667, "precision_std": 0.0, "recall": 1.0, "recall_std": 0.0, "f1": 0.8, "f1_std": 0.0, "auc": 0.69231, "auc_std": 0.0}
{"epoch": 6, "time_epoch": 2.08431, "time_epoch_std": 0.0, "eta": 180.12365, "eta_std": 0.0, "eta_hours": 0.05003, "eta_hours_std": 0.0, "loss": 0.67824, "loss_std": 0.0, "lr": 0.00099, "lr_std": 0.0, "params": 8313.0, "params_std": 0.0, "time_iter": 0.69477, "time_iter_std": 0.0, "accuracy": 0.66667, "accuracy_std": 0.0, "precision": 0.66667, "precision_std": 0.0, "recall": 1.0, "recall_std": 0.0, "f1": 0.8, "f1_std": 0.0, "auc": 0.58876, "auc_std": 0.0}
{"epoch": 7, "time_epoch": 0.81087, "time_epoch_std": 0.0, "eta": 165.23854, "eta_std": 0.0, "eta_hours": 0.0459, "eta_hours_std": 0.0, "loss": 0.67598, "loss_std": 0.0, "lr": 0.00099, "lr_std": 0.0, "params": 8313.0, "params_std": 0.0, "time_iter": 0.27029, "time_iter_std": 0.0, "accuracy": 0.66667, "accuracy_std": 0.0, "precision": 0.66667, "precision_std": 0.0, "recall": 1.0, "recall_std": 0.0, "f1": 0.8, "f1_std": 0.0, "auc": 0.60059, "auc_std": 0.0}
{"epoch": 8, "time_epoch": 0.17069, "time_epoch_std": 0.0, "eta": 147.00802, "eta_std": 0.0, "eta_hours": 0.04084, "eta_hours_std": 0.0, "loss": 0.67238, "loss_std": 0.0, "lr": 0.00098, "lr_std": 0.0, "params": 8313.0, "params_std": 0.0, "time_iter": 0.0569, "time_iter_std": 0.0, "accuracy": 0.66667, "accuracy_std": 0.0, "precision": 0.66667, "precision_std": 0.0, "recall": 1.0, "recall_std": 0.0, "f1": 0.8, "f1_std": 0.0, "auc": 0.68343, "auc_std": 0.0}
{"epoch": 9, "time_epoch": 0.1719, "time_epoch_std": 0.0, "eta": 132.40037, "eta_std": 0.0, "eta_hours": 0.03678, "eta_hours_std": 0.0, "loss": 0.66947, "loss_std": 0.0, "lr": 0.00098, "lr_std": 0.0, "params": 8313.0, "params_std": 0.0, "time_iter": 0.0573, "time_iter_std": 0.0, "accuracy": 0.66667, "accuracy_std": 0.0, "precision": 0.66667, "precision_std": 0.0, "recall": 1.0, "recall_std": 0.0, "f1": 0.8, "f1_std": 0.0, "auc": 0.72781, "auc_std": 0.0}
{"epoch": 10, "time_epoch": 0.17222, "time_epoch_std": 0.0, "eta": 120.41999, "eta_std": 0.0, "eta_hours": 0.03345, "eta_hours_std": 0.0, "loss": 0.66603, "loss_std": 0.0, "lr": 0.00098, "lr_std": 0.0, "params": 8313.0, "params_std": 0.0, "time_iter": 0.05741, "time_iter_std": 0.0, "accuracy": 0.66667, "accuracy_std": 0.0, "precision": 0.66667, "precision_std": 0.0, "recall": 1.0, "recall_std": 0.0, "f1": 0.8, "f1_std": 0.0, "auc": 0.7426, "auc_std": 0.0}
{"epoch": 11, "time_epoch": 0.17784, "time_epoch_std": 0.0, "eta": 110.44887, "eta_std": 0.0, "eta_hours": 0.03068, "eta_hours_std": 0.0, "loss": 0.66278, "loss_std": 0.0, "lr": 0.00097, "lr_std": 0.0, "params": 8313.0, "params_std": 0.0, "time_iter": 0.05928, "time_iter_std": 0.0, "accuracy": 0.66667, "accuracy_std": 0.0, "precision": 0.66667, "precision_std": 0.0, "recall": 1.0, "recall_std": 0.0, "f1": 0.8, "f1_std": 0.0, "auc": 0.65976, "auc_std": 0.0}
{"epoch": 12, "time_epoch": 0.178, "time_epoch_std": 0.0, "eta": 101.98546, "eta_std": 0.0, "eta_hours": 0.02833, "eta_hours_std": 0.0, "loss": 0.66098, "loss_std": 0.0, "lr": 0.00096, "lr_std": 0.0, "params": 8313.0, "params_std": 0.0, "time_iter": 0.05933, "time_iter_std": 0.0, "accuracy": 0.66667, "accuracy_std": 0.0, "precision": 0.66667, "precision_std": 0.0, "recall": 1.0, "recall_std": 0.0, "f1": 0.8, "f1_std": 0.0, "auc": 0.76036, "auc_std": 0.0}
{"epoch": 13, "time_epoch": 0.19203, "time_epoch_std": 0.0, "eta": 94.79189, "eta_std": 0.0, "eta_hours": 0.02633, "eta_hours_std": 0.0, "loss": 0.65537, "loss_std": 0.0, "lr": 0.00096, "lr_std": 0.0, "params": 8313.0, "params_std": 0.0, "time_iter": 0.06401, "time_iter_std": 0.0, "accuracy": 0.66667, "accuracy_std": 0.0, "precision": 0.66667, "precision_std": 0.0, "recall": 1.0, "recall_std": 0.0, "f1": 0.8, "f1_std": 0.0, "auc": 0.75148, "auc_std": 0.0}
{"epoch": 14, "time_epoch": 0.19173, "time_epoch_std": 0.0, "eta": 88.53018, "eta_std": 0.0, "eta_hours": 0.02459, "eta_hours_std": 0.0, "loss": 0.65411, "loss_std": 0.0, "lr": 0.00095, "lr_std": 0.0, "params": 8313.0, "params_std": 0.0, "time_iter": 0.06391, "time_iter_std": 0.0, "accuracy": 0.66667, "accuracy_std": 0.0, "precision": 0.66667, "precision_std": 0.0, "recall": 1.0, "recall_std": 0.0, "f1": 0.8, "f1_std": 0.0, "auc": 0.73077, "auc_std": 0.0}
{"epoch": 15, "time_epoch": 0.18932, "time_epoch_std": 0.0, "eta": 83.01456, "eta_std": 0.0, "eta_hours": 0.02306, "eta_hours_std": 0.0, "loss": 0.65102, "loss_std": 0.0, "lr": 0.00095, "lr_std": 0.0, "params": 8313.0, "params_std": 0.0, "time_iter": 0.06311, "time_iter_std": 0.0, "accuracy": 0.66667, "accuracy_std": 0.0, "precision": 0.66667, "precision_std": 0.0, "recall": 1.0, "recall_std": 0.0, "f1": 0.8, "f1_std": 0.0, "auc": 0.7574, "auc_std": 0.0}
{"epoch": 16, "time_epoch": 0.19415, "time_epoch_std": 0.0, "eta": 78.14913, "eta_std": 0.0, "eta_hours": 0.02171, "eta_hours_std": 0.0, "loss": 0.64624, "loss_std": 0.0, "lr": 0.00094, "lr_std": 0.0, "params": 8313.0, "params_std": 0.0, "time_iter": 0.06472, "time_iter_std": 0.0, "accuracy": 0.66667, "accuracy_std": 0.0, "precision": 0.66667, "precision_std": 0.0, "recall": 1.0, "recall_std": 0.0, "f1": 0.8, "f1_std": 0.0, "auc": 0.7574, "auc_std": 0.0}
{"epoch": 17, "time_epoch": 0.1871, "time_epoch_std": 0.0, "eta": 73.77062, "eta_std": 0.0, "eta_hours": 0.02049, "eta_hours_std": 0.0, "loss": 0.64386, "loss_std": 0.0, "lr": 0.00093, "lr_std": 0.0, "params": 8313.0, "params_std": 0.0, "time_iter": 0.06237, "time_iter_std": 0.0, "accuracy": 0.66667, "accuracy_std": 0.0, "precision": 0.66667, "precision_std": 0.0, "recall": 1.0, "recall_std": 0.0, "f1": 0.8, "f1_std": 0.0, "auc": 0.77219, "auc_std": 0.0}
{"epoch": 18, "time_epoch": 0.19072, "time_epoch_std": 0.0, "eta": 69.84873, "eta_std": 0.0, "eta_hours": 0.0194, "eta_hours_std": 0.0, "loss": 0.64234, "loss_std": 0.0, "lr": 0.00092, "lr_std": 0.0, "params": 8313.0, "params_std": 0.0, "time_iter": 0.06357, "time_iter_std": 0.0, "accuracy": 0.66667, "accuracy_std": 0.0, "precision": 0.66667, "precision_std": 0.0, "recall": 1.0, "recall_std": 0.0, "f1": 0.8, "f1_std": 0.0, "auc": 0.71598, "auc_std": 0.0}
{"epoch": 19, "time_epoch": 0.19215, "time_epoch_std": 0.0, "eta": 66.30569, "eta_std": 0.0, "eta_hours": 0.01842, "eta_hours_std": 0.0, "loss": 0.63632, "loss_std": 0.0, "lr": 0.00091, "lr_std": 0.0, "params": 8313.0, "params_std": 0.0, "time_iter": 0.06405, "time_iter_std": 0.0, "accuracy": 0.66667, "accuracy_std": 0.0, "precision": 0.66667, "precision_std": 0.0, "recall": 1.0, "recall_std": 0.0, "f1": 0.8, "f1_std": 0.0, "auc": 0.83136, "auc_std": 0.0}
{"epoch": 20, "time_epoch": 0.19045, "time_epoch_std": 0.0, "eta": 63.07536, "eta_std": 0.0, "eta_hours": 0.01752, "eta_hours_std": 0.0, "loss": 0.63595, "loss_std": 0.0, "lr": 0.0009, "lr_std": 0.0, "params": 8313.0, "params_std": 0.0, "time_iter": 0.06348, "time_iter_std": 0.0, "accuracy": 0.66667, "accuracy_std": 0.0, "precision": 0.66667, "precision_std": 0.0, "recall": 1.0, "recall_std": 0.0, "f1": 0.8, "f1_std": 0.0, "auc": 0.79586, "auc_std": 0.0}
{"epoch": 21, "time_epoch": 0.18936, "time_epoch_std": 0.0, "eta": 60.11752, "eta_std": 0.0, "eta_hours": 0.0167, "eta_hours_std": 0.0, "loss": 0.6347, "loss_std": 0.0, "lr": 0.0009, "lr_std": 0.0, "params": 8313.0, "params_std": 0.0, "time_iter": 0.06312, "time_iter_std": 0.0, "accuracy": 0.66667, "accuracy_std": 0.0, "precision": 0.66667, "precision_std": 0.0, "recall": 1.0, "recall_std": 0.0, "f1": 0.8, "f1_std": 0.0, "auc": 0.87574, "auc_std": 0.0}
{"epoch": 22, "time_epoch": 0.1909, "time_epoch_std": 0.0, "eta": 57.40558, "eta_std": 0.0, "eta_hours": 0.01595, "eta_hours_std": 0.0, "loss": 0.62795, "loss_std": 0.0, "lr": 0.00089, "lr_std": 0.0, "params": 8313.0, "params_std": 0.0, "time_iter": 0.06363, "time_iter_std": 0.0, "accuracy": 0.66667, "accuracy_std": 0.0, "precision": 0.66667, "precision_std": 0.0, "recall": 1.0, "recall_std": 0.0, "f1": 0.8, "f1_std": 0.0, "auc": 0.89645, "auc_std": 0.0}
{"epoch": 23, "time_epoch": 0.18713, "time_epoch_std": 0.0, "eta": 54.89181, "eta_std": 0.0, "eta_hours": 0.01525, "eta_hours_std": 0.0, "loss": 0.62254, "loss_std": 0.0, "lr": 0.00088, "lr_std": 0.0, "params": 8313.0, "params_std": 0.0, "time_iter": 0.06238, "time_iter_std": 0.0, "accuracy": 0.66667, "accuracy_std": 0.0, "precision": 0.66667, "precision_std": 0.0, "recall": 1.0, "recall_std": 0.0, "f1": 0.8, "f1_std": 0.0, "auc": 0.89941, "auc_std": 0.0}
{"epoch": 24, "time_epoch": 0.19406, "time_epoch_std": 0.0, "eta": 52.58495, "eta_std": 0.0, "eta_hours": 0.01461, "eta_hours_std": 0.0, "loss": 0.62389, "loss_std": 0.0, "lr": 0.00086, "lr_std": 0.0, "params": 8313.0, "params_std": 0.0, "time_iter": 0.06469, "time_iter_std": 0.0, "accuracy": 0.66667, "accuracy_std": 0.0, "precision": 0.66667, "precision_std": 0.0, "recall": 1.0, "recall_std": 0.0, "f1": 0.8, "f1_std": 0.0, "auc": 0.88757, "auc_std": 0.0}
{"epoch": 25, "time_epoch": 0.19175, "time_epoch_std": 0.0, "eta": 50.43404, "eta_std": 0.0, "eta_hours": 0.01401, "eta_hours_std": 0.0, "loss": 0.60796, "loss_std": 0.0, "lr": 0.00085, "lr_std": 0.0, "params": 8313.0, "params_std": 0.0, "time_iter": 0.06392, "time_iter_std": 0.0, "accuracy": 0.66667, "accuracy_std": 0.0, "precision": 0.66667, "precision_std": 0.0, "recall": 1.0, "recall_std": 0.0, "f1": 0.8, "f1_std": 0.0, "auc": 0.97633, "auc_std": 0.0}
{"epoch": 26, "time_epoch": 0.18985, "time_epoch_std": 0.0, "eta": 48.42313, "eta_std": 0.0, "eta_hours": 0.01345, "eta_hours_std": 0.0, "loss": 0.6053, "loss_std": 0.0, "lr": 0.00084, "lr_std": 0.0, "params": 8313.0, "params_std": 0.0, "time_iter": 0.06328, "time_iter_std": 0.0, "accuracy": 0.66667, "accuracy_std": 0.0, "precision": 0.66667, "precision_std": 0.0, "recall": 1.0, "recall_std": 0.0, "f1": 0.8, "f1_std": 0.0, "auc": 0.88462, "auc_std": 0.0}
{"epoch": 27, "time_epoch": 0.18856, "time_epoch_std": 0.0, "eta": 46.53896, "eta_std": 0.0, "eta_hours": 0.01293, "eta_hours_std": 0.0, "loss": 0.60605, "loss_std": 0.0, "lr": 0.00083, "lr_std": 0.0, "params": 8313.0, "params_std": 0.0, "time_iter": 0.06285, "time_iter_std": 0.0, "accuracy": 0.66667, "accuracy_std": 0.0, "precision": 0.66667, "precision_std": 0.0, "recall": 1.0, "recall_std": 0.0, "f1": 0.8, "f1_std": 0.0, "auc": 0.91716, "auc_std": 0.0}
{"epoch": 28, "time_epoch": 0.19091, "time_epoch_std": 0.0, "eta": 44.77747, "eta_std": 0.0, "eta_hours": 0.01244, "eta_hours_std": 0.0, "loss": 0.59994, "loss_std": 0.0, "lr": 0.00082, "lr_std": 0.0, "params": 8313.0, "params_std": 0.0, "time_iter": 0.06364, "time_iter_std": 0.0, "accuracy": 0.66667, "accuracy_std": 0.0, "precision": 0.66667, "precision_std": 0.0, "recall": 1.0, "recall_std": 0.0, "f1": 0.8, "f1_std": 0.0, "auc": 0.87574, "auc_std": 0.0}
{"epoch": 29, "time_epoch": 0.20091, "time_epoch_std": 0.0, "eta": 43.14403, "eta_std": 0.0, "eta_hours": 0.01198, "eta_hours_std": 0.0, "loss": 0.59489, "loss_std": 0.0, "lr": 0.00081, "lr_std": 0.0, "params": 8313.0, "params_std": 0.0, "time_iter": 0.06697, "time_iter_std": 0.0, "accuracy": 0.66667, "accuracy_std": 0.0, "precision": 0.66667, "precision_std": 0.0, "recall": 1.0, "recall_std": 0.0, "f1": 0.8, "f1_std": 0.0, "auc": 0.91124, "auc_std": 0.0}
{"epoch": 30, "time_epoch": 0.1909, "time_epoch_std": 0.0, "eta": 41.58074, "eta_std": 0.0, "eta_hours": 0.01155, "eta_hours_std": 0.0, "loss": 0.58074, "loss_std": 0.0, "lr": 0.00079, "lr_std": 0.0, "params": 8313.0, "params_std": 0.0, "time_iter": 0.06363, "time_iter_std": 0.0, "accuracy": 0.66667, "accuracy_std": 0.0, "precision": 0.66667, "precision_std": 0.0, "recall": 1.0, "recall_std": 0.0, "f1": 0.8, "f1_std": 0.0, "auc": 0.92899, "auc_std": 0.0}
{"epoch": 31, "time_epoch": 0.19092, "time_epoch_std": 0.0, "eta": 40.10326, "eta_std": 0.0, "eta_hours": 0.01114, "eta_hours_std": 0.0, "loss": 0.57902, "loss_std": 0.0, "lr": 0.00078, "lr_std": 0.0, "params": 8313.0, "params_std": 0.0, "time_iter": 0.06364, "time_iter_std": 0.0, "accuracy": 0.69231, "accuracy_std": 0.0, "precision": 0.68421, "precision_std": 0.0, "recall": 1.0, "recall_std": 0.0, "f1": 0.8125, "f1_std": 0.0, "auc": 0.90533, "auc_std": 0.0}
{"epoch": 32, "time_epoch": 0.19181, "time_epoch_std": 0.0, "eta": 38.70556, "eta_std": 0.0, "eta_hours": 0.01075, "eta_hours_std": 0.0, "loss": 0.56503, "loss_std": 0.0, "lr": 0.00077, "lr_std": 0.0, "params": 8313.0, "params_std": 0.0, "time_iter": 0.06394, "time_iter_std": 0.0, "accuracy": 0.66667, "accuracy_std": 0.0, "precision": 0.66667, "precision_std": 0.0, "recall": 1.0, "recall_std": 0.0, "f1": 0.8, "f1_std": 0.0, "auc": 0.95562, "auc_std": 0.0}
{"epoch": 33, "time_epoch": 0.18881, "time_epoch_std": 0.0, "eta": 37.37298, "eta_std": 0.0, "eta_hours": 0.01038, "eta_hours_std": 0.0, "loss": 0.55332, "loss_std": 0.0, "lr": 0.00075, "lr_std": 0.0, "params": 8313.0, "params_std": 0.0, "time_iter": 0.06294, "time_iter_std": 0.0, "accuracy": 0.71795, "accuracy_std": 0.0, "precision": 0.7027, "precision_std": 0.0, "recall": 1.0, "recall_std": 0.0, "f1": 0.8254, "f1_std": 0.0, "auc": 0.98225, "auc_std": 0.0}
{"epoch": 34, "time_epoch": 0.18347, "time_epoch_std": 0.0, "eta": 36.09582, "eta_std": 0.0, "eta_hours": 0.01003, "eta_hours_std": 0.0, "loss": 0.55396, "loss_std": 0.0, "lr": 0.00074, "lr_std": 0.0, "params": 8313.0, "params_std": 0.0, "time_iter": 0.06116, "time_iter_std": 0.0, "accuracy": 0.71795, "accuracy_std": 0.0, "precision": 0.7027, "precision_std": 0.0, "recall": 1.0, "recall_std": 0.0, "f1": 0.8254, "f1_std": 0.0, "auc": 0.93195, "auc_std": 0.0}
{"epoch": 35, "time_epoch": 0.19476, "time_epoch_std": 0.0, "eta": 34.89951, "eta_std": 0.0, "eta_hours": 0.00969, "eta_hours_std": 0.0, "loss": 0.53475, "loss_std": 0.0, "lr": 0.00073, "lr_std": 0.0, "params": 8313.0, "params_std": 0.0, "time_iter": 0.06492, "time_iter_std": 0.0, "accuracy": 0.71795, "accuracy_std": 0.0, "precision": 0.7027, "precision_std": 0.0, "recall": 1.0, "recall_std": 0.0, "f1": 0.8254, "f1_std": 0.0, "auc": 0.9497, "auc_std": 0.0}
{"epoch": 36, "time_epoch": 0.19338, "time_epoch_std": 0.0, "eta": 33.75498, "eta_std": 0.0, "eta_hours": 0.00938, "eta_hours_std": 0.0, "loss": 0.52268, "loss_std": 0.0, "lr": 0.00071, "lr_std": 0.0, "params": 8313.0, "params_std": 0.0, "time_iter": 0.06446, "time_iter_std": 0.0, "accuracy": 0.74359, "accuracy_std": 0.0, "precision": 0.72222, "precision_std": 0.0, "recall": 1.0, "recall_std": 0.0, "f1": 0.83871, "f1_std": 0.0, "auc": 0.93195, "auc_std": 0.0}
{"epoch": 37, "time_epoch": 0.18955, "time_epoch_std": 0.0, "eta": 32.65426, "eta_std": 0.0, "eta_hours": 0.00907, "eta_hours_std": 0.0, "loss": 0.50493, "loss_std": 0.0, "lr": 0.0007, "lr_std": 0.0, "params": 8313.0, "params_std": 0.0, "time_iter": 0.06318, "time_iter_std": 0.0, "accuracy": 0.74359, "accuracy_std": 0.0, "precision": 0.72222, "precision_std": 0.0, "recall": 1.0, "recall_std": 0.0, "f1": 0.83871, "f1_std": 0.0, "auc": 0.97929, "auc_std": 0.0}
{"epoch": 38, "time_epoch": 0.18979, "time_epoch_std": 0.0, "eta": 31.60064, "eta_std": 0.0, "eta_hours": 0.00878, "eta_hours_std": 0.0, "loss": 0.48779, "loss_std": 0.0, "lr": 0.00068, "lr_std": 0.0, "params": 8313.0, "params_std": 0.0, "time_iter": 0.06326, "time_iter_std": 0.0, "accuracy": 0.79487, "accuracy_std": 0.0, "precision": 0.76471, "precision_std": 0.0, "recall": 1.0, "recall_std": 0.0, "f1": 0.86667, "f1_std": 0.0, "auc": 0.99704, "auc_std": 0.0}
{"epoch": 39, "time_epoch": 0.19095, "time_epoch_std": 0.0, "eta": 30.59196, "eta_std": 0.0, "eta_hours": 0.0085, "eta_hours_std": 0.0, "loss": 0.47081, "loss_std": 0.0, "lr": 0.00067, "lr_std": 0.0, "params": 8313.0, "params_std": 0.0, "time_iter": 0.06365, "time_iter_std": 0.0, "accuracy": 0.79487, "accuracy_std": 0.0, "precision": 0.76471, "precision_std": 0.0, "recall": 1.0, "recall_std": 0.0, "f1": 0.86667, "f1_std": 0.0, "auc": 1.0, "auc_std": 0.0}
{"epoch": 40, "time_epoch": 0.18515, "time_epoch_std": 0.0, "eta": 29.61483, "eta_std": 0.0, "eta_hours": 0.00823, "eta_hours_std": 0.0, "loss": 0.45603, "loss_std": 0.0, "lr": 0.00065, "lr_std": 0.0, "params": 8313.0, "params_std": 0.0, "time_iter": 0.06172, "time_iter_std": 0.0, "accuracy": 0.84615, "accuracy_std": 0.0, "precision": 0.8125, "precision_std": 0.0, "recall": 1.0, "recall_std": 0.0, "f1": 0.89655, "f1_std": 0.0, "auc": 0.97929, "auc_std": 0.0}
{"epoch": 41, "time_epoch": 0.19404, "time_epoch_std": 0.0, "eta": 28.68768, "eta_std": 0.0, "eta_hours": 0.00797, "eta_hours_std": 0.0, "loss": 0.44011, "loss_std": 0.0, "lr": 0.00064, "lr_std": 0.0, "params": 8313.0, "params_std": 0.0, "time_iter": 0.06468, "time_iter_std": 0.0, "accuracy": 0.84615, "accuracy_std": 0.0, "precision": 0.8125, "precision_std": 0.0, "recall": 1.0, "recall_std": 0.0, "f1": 0.89655, "f1_std": 0.0, "auc": 1.0, "auc_std": 0.0}
{"epoch": 42, "time_epoch": 0.19147, "time_epoch_std": 0.0, "eta": 27.79122, "eta_std": 0.0, "eta_hours": 0.00772, "eta_hours_std": 0.0, "loss": 0.41529, "loss_std": 0.0, "lr": 0.00062, "lr_std": 0.0, "params": 8313.0, "params_std": 0.0, "time_iter": 0.06382, "time_iter_std": 0.0, "accuracy": 0.89744, "accuracy_std": 0.0, "precision": 0.86667, "precision_std": 0.0, "recall": 1.0, "recall_std": 0.0, "f1": 0.92857, "f1_std": 0.0, "auc": 0.99704, "auc_std": 0.0}
{"epoch": 43, "time_epoch": 0.1916, "time_epoch_std": 0.0, "eta": 26.92697, "eta_std": 0.0, "eta_hours": 0.00748, "eta_hours_std": 0.0, "loss": 0.42965, "loss_std": 0.0, "lr": 0.00061, "lr_std": 0.0, "params": 8313.0, "params_std": 0.0, "time_iter": 0.06387, "time_iter_std": 0.0, "accuracy": 0.82051, "accuracy_std": 0.0, "precision": 0.78788, "precision_std": 0.0, "recall": 1.0, "recall_std": 0.0, "f1": 0.88136, "f1_std": 0.0, "auc": 0.97041, "auc_std": 0.0}
{"epoch": 44, "time_epoch": 0.19132, "time_epoch_std": 0.0, "eta": 26.09228, "eta_std": 0.0, "eta_hours": 0.00725, "eta_hours_std": 0.0, "loss": 0.41608, "loss_std": 0.0, "lr": 0.00059, "lr_std": 0.0, "params": 8313.0, "params_std": 0.0, "time_iter": 0.06377, "time_iter_std": 0.0, "accuracy": 0.87179, "accuracy_std": 0.0, "precision": 0.86207, "precision_std": 0.0, "recall": 0.96154, "recall_std": 0.0, "f1": 0.90909, "f1_std": 0.0, "auc": 0.96154, "auc_std": 0.0}
{"epoch": 45, "time_epoch": 0.19032, "time_epoch_std": 0.0, "eta": 25.28439, "eta_std": 0.0, "eta_hours": 0.00702, "eta_hours_std": 0.0, "loss": 0.39103, "loss_std": 0.0, "lr": 0.00058, "lr_std": 0.0, "params": 8313.0, "params_std": 0.0, "time_iter": 0.06344, "time_iter_std": 0.0, "accuracy": 0.92308, "accuracy_std": 0.0, "precision": 0.89655, "precision_std": 0.0, "recall": 1.0, "recall_std": 0.0, "f1": 0.94545, "f1_std": 0.0, "auc": 0.9645, "auc_std": 0.0}
{"epoch": 46, "time_epoch": 0.18808, "time_epoch_std": 0.0, "eta": 24.50025, "eta_std": 0.0, "eta_hours": 0.00681, "eta_hours_std": 0.0, "loss": 0.37176, "loss_std": 0.0, "lr": 0.00056, "lr_std": 0.0, "params": 8313.0, "params_std": 0.0, "time_iter": 0.06269, "time_iter_std": 0.0, "accuracy": 0.89744, "accuracy_std": 0.0, "precision": 0.86667, "precision_std": 0.0, "recall": 1.0, "recall_std": 0.0, "f1": 0.92857, "f1_std": 0.0, "auc": 0.98225, "auc_std": 0.0}
{"epoch": 47, "time_epoch": 0.19352, "time_epoch_std": 0.0, "eta": 23.74684, "eta_std": 0.0, "eta_hours": 0.0066, "eta_hours_std": 0.0, "loss": 0.34106, "loss_std": 0.0, "lr": 0.00055, "lr_std": 0.0, "params": 8313.0, "params_std": 0.0, "time_iter": 0.06451, "time_iter_std": 0.0, "accuracy": 0.89744, "accuracy_std": 0.0, "precision": 0.86667, "precision_std": 0.0, "recall": 1.0, "recall_std": 0.0, "f1": 0.92857, "f1_std": 0.0, "auc": 0.99112, "auc_std": 0.0}
{"epoch": 48, "time_epoch": 0.19407, "time_epoch_std": 0.0, "eta": 23.01685, "eta_std": 0.0, "eta_hours": 0.00639, "eta_hours_std": 0.0, "loss": 0.31219, "loss_std": 0.0, "lr": 0.00053, "lr_std": 0.0, "params": 8313.0, "params_std": 0.0, "time_iter": 0.06469, "time_iter_std": 0.0, "accuracy": 0.92308, "accuracy_std": 0.0, "precision": 0.89655, "precision_std": 0.0, "recall": 1.0, "recall_std": 0.0, "f1": 0.94545, "f1_std": 0.0, "auc": 1.0, "auc_std": 0.0}
{"epoch": 49, "time_epoch": 0.19198, "time_epoch_std": 0.0, "eta": 22.3062, "eta_std": 0.0, "eta_hours": 0.0062, "eta_hours_std": 0.0, "loss": 0.29406, "loss_std": 0.0, "lr": 0.00052, "lr_std": 0.0, "params": 8313.0, "params_std": 0.0, "time_iter": 0.06399, "time_iter_std": 0.0, "accuracy": 0.94872, "accuracy_std": 0.0, "precision": 0.92857, "precision_std": 0.0, "recall": 1.0, "recall_std": 0.0, "f1": 0.96296, "f1_std": 0.0, "auc": 1.0, "auc_std": 0.0}
{"epoch": 50, "time_epoch": 0.19, "time_epoch_std": 0.0, "eta": 21.614, "eta_std": 0.0, "eta_hours": 0.006, "eta_hours_std": 0.0, "loss": 0.29211, "loss_std": 0.0, "lr": 0.0005, "lr_std": 0.0, "params": 8313.0, "params_std": 0.0, "time_iter": 0.06333, "time_iter_std": 0.0, "accuracy": 0.92308, "accuracy_std": 0.0, "precision": 0.89655, "precision_std": 0.0, "recall": 1.0, "recall_std": 0.0, "f1": 0.94545, "f1_std": 0.0, "auc": 1.0, "auc_std": 0.0}
{"epoch": 51, "time_epoch": 0.19084, "time_epoch_std": 0.0, "eta": 20.94189, "eta_std": 0.0, "eta_hours": 0.00582, "eta_hours_std": 0.0, "loss": 0.28345, "loss_std": 0.0, "lr": 0.00048, "lr_std": 0.0, "params": 8313.0, "params_std": 0.0, "time_iter": 0.06361, "time_iter_std": 0.0, "accuracy": 0.94872, "accuracy_std": 0.0, "precision": 0.92857, "precision_std": 0.0, "recall": 1.0, "recall_std": 0.0, "f1": 0.96296, "f1_std": 0.0, "auc": 0.99704, "auc_std": 0.0}
{"epoch": 52, "time_epoch": 0.1899, "time_epoch_std": 0.0, "eta": 20.2871, "eta_std": 0.0, "eta_hours": 0.00564, "eta_hours_std": 0.0, "loss": 0.26418, "loss_std": 0.0, "lr": 0.00047, "lr_std": 0.0, "params": 8313.0, "params_std": 0.0, "time_iter": 0.0633, "time_iter_std": 0.0, "accuracy": 0.97436, "accuracy_std": 0.0, "precision": 0.96296, "precision_std": 0.0, "recall": 1.0, "recall_std": 0.0, "f1": 0.98113, "f1_std": 0.0, "auc": 1.0, "auc_std": 0.0}
{"epoch": 53, "time_epoch": 0.19133, "time_epoch_std": 0.0, "eta": 19.65075, "eta_std": 0.0, "eta_hours": 0.00546, "eta_hours_std": 0.0, "loss": 0.25202, "loss_std": 0.0, "lr": 0.00045, "lr_std": 0.0, "params": 8313.0, "params_std": 0.0, "time_iter": 0.06378, "time_iter_std": 0.0, "accuracy": 0.94872, "accuracy_std": 0.0, "precision": 0.92857, "precision_std": 0.0, "recall": 1.0, "recall_std": 0.0, "f1": 0.96296, "f1_std": 0.0, "auc": 1.0, "auc_std": 0.0}
{"epoch": 54, "time_epoch": 0.1909, "time_epoch_std": 0.0, "eta": 19.03023, "eta_std": 0.0, "eta_hours": 0.00529, "eta_hours_std": 0.0, "loss": 0.26301, "loss_std": 0.0, "lr": 0.00044, "lr_std": 0.0, "params": 8313.0, "params_std": 0.0, "time_iter": 0.06363, "time_iter_std": 0.0, "accuracy": 0.94872, "accuracy_std": 0.0, "precision": 0.92857, "precision_std": 0.0, "recall": 1.0, "recall_std": 0.0, "f1": 0.96296, "f1_std": 0.0, "auc": 1.0, "auc_std": 0.0}
{"epoch": 55, "time_epoch": 0.19226, "time_epoch_std": 0.0, "eta": 18.42612, "eta_std": 0.0, "eta_hours": 0.00512, "eta_hours_std": 0.0, "loss": 0.23664, "loss_std": 0.0, "lr": 0.00042, "lr_std": 0.0, "params": 8313.0, "params_std": 0.0, "time_iter": 0.06409, "time_iter_std": 0.0, "accuracy": 0.94872, "accuracy_std": 0.0, "precision": 0.92857, "precision_std": 0.0, "recall": 1.0, "recall_std": 0.0, "f1": 0.96296, "f1_std": 0.0, "auc": 1.0, "auc_std": 0.0}
{"epoch": 56, "time_epoch": 0.18947, "time_epoch_std": 0.0, "eta": 17.83436, "eta_std": 0.0, "eta_hours": 0.00495, "eta_hours_std": 0.0, "loss": 0.24246, "loss_std": 0.0, "lr": 0.00041, "lr_std": 0.0, "params": 8313.0, "params_std": 0.0, "time_iter": 0.06316, "time_iter_std": 0.0, "accuracy": 0.97436, "accuracy_std": 0.0, "precision": 0.96296, "precision_std": 0.0, "recall": 1.0, "recall_std": 0.0, "f1": 0.98113, "f1_std": 0.0, "auc": 1.0, "auc_std": 0.0}
{"epoch": 57, "time_epoch": 0.19098, "time_epoch_std": 0.0, "eta": 17.25757, "eta_std": 0.0, "eta_hours": 0.00479, "eta_hours_std": 0.0, "loss": 0.21696, "loss_std": 0.0, "lr": 0.00039, "lr_std": 0.0, "params": 8313.0, "params_std": 0.0, "time_iter": 0.06366, "time_iter_std": 0.0, "accuracy": 0.94872, "accuracy_std": 0.0, "precision": 0.92857, "precision_std": 0.0, "recall": 1.0, "recall_std": 0.0, "f1": 0.96296, "f1_std": 0.0, "auc": 1.0, "auc_std": 0.0}
{"epoch": 58, "time_epoch": 0.19072, "time_epoch_std": 0.0, "eta": 16.69367, "eta_std": 0.0, "eta_hours": 0.00464, "eta_hours_std": 0.0, "loss": 0.21026, "loss_std": 0.0, "lr": 0.00038, "lr_std": 0.0, "params": 8313.0, "params_std": 0.0, "time_iter": 0.06357, "time_iter_std": 0.0, "accuracy": 0.94872, "accuracy_std": 0.0, "precision": 0.92857, "precision_std": 0.0, "recall": 1.0, "recall_std": 0.0, "f1": 0.96296, "f1_std": 0.0, "auc": 1.0, "auc_std": 0.0}
{"epoch": 59, "time_epoch": 0.19181, "time_epoch_std": 0.0, "eta": 16.14294, "eta_std": 0.0, "eta_hours": 0.00448, "eta_hours_std": 0.0, "loss": 0.21525, "loss_std": 0.0, "lr": 0.00036, "lr_std": 0.0, "params": 8313.0, "params_std": 0.0, "time_iter": 0.06394, "time_iter_std": 0.0, "accuracy": 0.94872, "accuracy_std": 0.0, "precision": 0.92857, "precision_std": 0.0, "recall": 1.0, "recall_std": 0.0, "f1": 0.96296, "f1_std": 0.0, "auc": 1.0, "auc_std": 0.0}
{"epoch": 60, "time_epoch": 0.19008, "time_epoch_std": 0.0, "eta": 15.60287, "eta_std": 0.0, "eta_hours": 0.00433, "eta_hours_std": 0.0, "loss": 0.18972, "loss_std": 0.0, "lr": 0.00035, "lr_std": 0.0, "params": 8313.0, "params_std": 0.0, "time_iter": 0.06336, "time_iter_std": 0.0, "accuracy": 0.97436, "accuracy_std": 0.0, "precision": 0.96296, "precision_std": 0.0, "recall": 1.0, "recall_std": 0.0, "f1": 0.98113, "f1_std": 0.0, "auc": 1.0, "auc_std": 0.0}
{"epoch": 61, "time_epoch": 0.19061, "time_epoch_std": 0.0, "eta": 15.07441, "eta_std": 0.0, "eta_hours": 0.00419, "eta_hours_std": 0.0, "loss": 0.19512, "loss_std": 0.0, "lr": 0.00033, "lr_std": 0.0, "params": 8313.0, "params_std": 0.0, "time_iter": 0.06354, "time_iter_std": 0.0, "accuracy": 0.94872, "accuracy_std": 0.0, "precision": 0.92857, "precision_std": 0.0, "recall": 1.0, "recall_std": 0.0, "f1": 0.96296, "f1_std": 0.0, "auc": 1.0, "auc_std": 0.0}
{"epoch": 62, "time_epoch": 0.19092, "time_epoch_std": 0.0, "eta": 14.55686, "eta_std": 0.0, "eta_hours": 0.00404, "eta_hours_std": 0.0, "loss": 0.17775, "loss_std": 0.0, "lr": 0.00032, "lr_std": 0.0, "params": 8313.0, "params_std": 0.0, "time_iter": 0.06364, "time_iter_std": 0.0, "accuracy": 0.97436, "accuracy_std": 0.0, "precision": 0.96296, "precision_std": 0.0, "recall": 1.0, "recall_std": 0.0, "f1": 0.98113, "f1_std": 0.0, "auc": 1.0, "auc_std": 0.0}
{"epoch": 63, "time_epoch": 0.18978, "time_epoch_std": 0.0, "eta": 14.04888, "eta_std": 0.0, "eta_hours": 0.0039, "eta_hours_std": 0.0, "loss": 0.169, "loss_std": 0.0, "lr": 0.0003, "lr_std": 0.0, "params": 8313.0, "params_std": 0.0, "time_iter": 0.06326, "time_iter_std": 0.0, "accuracy": 0.97436, "accuracy_std": 0.0, "precision": 0.96296, "precision_std": 0.0, "recall": 1.0, "recall_std": 0.0, "f1": 0.98113, "f1_std": 0.0, "auc": 1.0, "auc_std": 0.0}
{"epoch": 64, "time_epoch": 0.19025, "time_epoch_std": 0.0, "eta": 13.55095, "eta_std": 0.0, "eta_hours": 0.00376, "eta_hours_std": 0.0, "loss": 0.17895, "loss_std": 0.0, "lr": 0.00029, "lr_std": 0.0, "params": 8313.0, "params_std": 0.0, "time_iter": 0.06342, "time_iter_std": 0.0, "accuracy": 0.97436, "accuracy_std": 0.0, "precision": 0.96296, "precision_std": 0.0, "recall": 1.0, "recall_std": 0.0, "f1": 0.98113, "f1_std": 0.0, "auc": 1.0, "auc_std": 0.0}
{"epoch": 65, "time_epoch": 0.19119, "time_epoch_std": 0.0, "eta": 13.06282, "eta_std": 0.0, "eta_hours": 0.00363, "eta_hours_std": 0.0, "loss": 0.19862, "loss_std": 0.0, "lr": 0.00027, "lr_std": 0.0, "params": 8313.0, "params_std": 0.0, "time_iter": 0.06373, "time_iter_std": 0.0, "accuracy": 0.94872, "accuracy_std": 0.0, "precision": 0.92857, "precision_std": 0.0, "recall": 1.0, "recall_std": 0.0, "f1": 0.96296, "f1_std": 0.0, "auc": 1.0, "auc_std": 0.0}
{"epoch": 66, "time_epoch": 0.18813, "time_epoch_std": 0.0, "eta": 12.58205, "eta_std": 0.0, "eta_hours": 0.0035, "eta_hours_std": 0.0, "loss": 0.16081, "loss_std": 0.0, "lr": 0.00026, "lr_std": 0.0, "params": 8313.0, "params_std": 0.0, "time_iter": 0.06271, "time_iter_std": 0.0, "accuracy": 0.97436, "accuracy_std": 0.0, "precision": 0.96296, "precision_std": 0.0, "recall": 1.0, "recall_std": 0.0, "f1": 0.98113, "f1_std": 0.0, "auc": 1.0, "auc_std": 0.0}
{"epoch": 67, "time_epoch": 0.18535, "time_epoch_std": 0.0, "eta": 12.10857, "eta_std": 0.0, "eta_hours": 0.00336, "eta_hours_std": 0.0, "loss": 0.16052, "loss_std": 0.0, "lr": 0.00025, "lr_std": 0.0, "params": 8313.0, "params_std": 0.0, "time_iter": 0.06178, "time_iter_std": 0.0, "accuracy": 0.97436, "accuracy_std": 0.0, "precision": 0.96296, "precision_std": 0.0, "recall": 1.0, "recall_std": 0.0, "f1": 0.98113, "f1_std": 0.0, "auc": 1.0, "auc_std": 0.0}
{"epoch": 68, "time_epoch": 0.18572, "time_epoch_std": 0.0, "eta": 11.64362, "eta_std": 0.0, "eta_hours": 0.00323, "eta_hours_std": 0.0, "loss": 0.19659, "loss_std": 0.0, "lr": 0.00023, "lr_std": 0.0, "params": 8313.0, "params_std": 0.0, "time_iter": 0.06191, "time_iter_std": 0.0, "accuracy": 0.97436, "accuracy_std": 0.0, "precision": 0.96296, "precision_std": 0.0, "recall": 1.0, "recall_std": 0.0, "f1": 0.98113, "f1_std": 0.0, "auc": 0.99408, "auc_std": 0.0}
{"epoch": 69, "time_epoch": 0.19241, "time_epoch_std": 0.0, "eta": 11.18951, "eta_std": 0.0, "eta_hours": 0.00311, "eta_hours_std": 0.0, "loss": 0.18543, "loss_std": 0.0, "lr": 0.00022, "lr_std": 0.0, "params": 8313.0, "params_std": 0.0, "time_iter": 0.06414, "time_iter_std": 0.0, "accuracy": 1.0, "accuracy_std": 0.0, "precision": 1.0, "precision_std": 0.0, "recall": 1.0, "recall_std": 0.0, "f1": 1.0, "f1_std": 0.0, "auc": 1.0, "auc_std": 0.0}
{"epoch": 70, "time_epoch": 0.19822, "time_epoch_std": 0.0, "eta": 10.74514, "eta_std": 0.0, "eta_hours": 0.00298, "eta_hours_std": 0.0, "loss": 0.14372, "loss_std": 0.0, "lr": 0.00021, "lr_std": 0.0, "params": 8313.0, "params_std": 0.0, "time_iter": 0.06607, "time_iter_std": 0.0, "accuracy": 1.0, "accuracy_std": 0.0, "precision": 1.0, "precision_std": 0.0, "recall": 1.0, "recall_std": 0.0, "f1": 1.0, "f1_std": 0.0, "auc": 1.0, "auc_std": 0.0}
{"epoch": 71, "time_epoch": 0.19241, "time_epoch_std": 0.0, "eta": 10.30536, "eta_std": 0.0, "eta_hours": 0.00286, "eta_hours_std": 0.0, "loss": 0.16523, "loss_std": 0.0, "lr": 0.00019, "lr_std": 0.0, "params": 8313.0, "params_std": 0.0, "time_iter": 0.06414, "time_iter_std": 0.0, "accuracy": 0.94872, "accuracy_std": 0.0, "precision": 0.92857, "precision_std": 0.0, "recall": 1.0, "recall_std": 0.0, "f1": 0.96296, "f1_std": 0.0, "auc": 1.0, "auc_std": 0.0}
{"epoch": 72, "time_epoch": 0.1917, "time_epoch_std": 0.0, "eta": 9.87208, "eta_std": 0.0, "eta_hours": 0.00274, "eta_hours_std": 0.0, "loss": 0.14082, "loss_std": 0.0, "lr": 0.00018, "lr_std": 0.0, "params": 8313.0, "params_std": 0.0, "time_iter": 0.0639, "time_iter_std": 0.0, "accuracy": 0.97436, "accuracy_std": 0.0, "precision": 0.96296, "precision_std": 0.0, "recall": 1.0, "recall_std": 0.0, "f1": 0.98113, "f1_std": 0.0, "auc": 1.0, "auc_std": 0.0}
{"epoch": 73, "time_epoch": 0.19294, "time_epoch_std": 0.0, "eta": 9.44577, "eta_std": 0.0, "eta_hours": 0.00262, "eta_hours_std": 0.0, "loss": 0.14069, "loss_std": 0.0, "lr": 0.00017, "lr_std": 0.0, "params": 8313.0, "params_std": 0.0, "time_iter": 0.06431, "time_iter_std": 0.0, "accuracy": 0.97436, "accuracy_std": 0.0, "precision": 0.96296, "precision_std": 0.0, "recall": 1.0, "recall_std": 0.0, "f1": 0.98113, "f1_std": 0.0, "auc": 1.0, "auc_std": 0.0}
{"epoch": 74, "time_epoch": 0.18987, "time_epoch_std": 0.0, "eta": 9.02466, "eta_std": 0.0, "eta_hours": 0.00251, "eta_hours_std": 0.0, "loss": 0.13464, "loss_std": 0.0, "lr": 0.00016, "lr_std": 0.0, "params": 8313.0, "params_std": 0.0, "time_iter": 0.06329, "time_iter_std": 0.0, "accuracy": 1.0, "accuracy_std": 0.0, "precision": 1.0, "precision_std": 0.0, "recall": 1.0, "recall_std": 0.0, "f1": 1.0, "f1_std": 0.0, "auc": 1.0, "auc_std": 0.0}
{"epoch": 75, "time_epoch": 0.18942, "time_epoch_std": 0.0, "eta": 8.6095, "eta_std": 0.0, "eta_hours": 0.00239, "eta_hours_std": 0.0, "loss": 0.13015, "loss_std": 0.0, "lr": 0.00015, "lr_std": 0.0, "params": 8313.0, "params_std": 0.0, "time_iter": 0.06314, "time_iter_std": 0.0, "accuracy": 0.97436, "accuracy_std": 0.0, "precision": 0.96296, "precision_std": 0.0, "recall": 1.0, "recall_std": 0.0, "f1": 0.98113, "f1_std": 0.0, "auc": 1.0, "auc_std": 0.0}
{"epoch": 76, "time_epoch": 0.19051, "time_epoch_std": 0.0, "eta": 8.20052, "eta_std": 0.0, "eta_hours": 0.00228, "eta_hours_std": 0.0, "loss": 0.13397, "loss_std": 0.0, "lr": 0.00014, "lr_std": 0.0, "params": 8313.0, "params_std": 0.0, "time_iter": 0.0635, "time_iter_std": 0.0, "accuracy": 0.97436, "accuracy_std": 0.0, "precision": 0.96296, "precision_std": 0.0, "recall": 1.0, "recall_std": 0.0, "f1": 0.98113, "f1_std": 0.0, "auc": 1.0, "auc_std": 0.0}
{"epoch": 77, "time_epoch": 0.18898, "time_epoch_std": 0.0, "eta": 7.79672, "eta_std": 0.0, "eta_hours": 0.00217, "eta_hours_std": 0.0, "loss": 0.11725, "loss_std": 0.0, "lr": 0.00012, "lr_std": 0.0, "params": 8313.0, "params_std": 0.0, "time_iter": 0.06299, "time_iter_std": 0.0, "accuracy": 1.0, "accuracy_std": 0.0, "precision": 1.0, "precision_std": 0.0, "recall": 1.0, "recall_std": 0.0, "f1": 1.0, "f1_std": 0.0, "auc": 1.0, "auc_std": 0.0}
{"epoch": 78, "time_epoch": 0.19399, "time_epoch_std": 0.0, "eta": 7.39968, "eta_std": 0.0, "eta_hours": 0.00206, "eta_hours_std": 0.0, "loss": 0.26611, "loss_std": 0.0, "lr": 0.00011, "lr_std": 0.0, "params": 8313.0, "params_std": 0.0, "time_iter": 0.06466, "time_iter_std": 0.0, "accuracy": 0.94872, "accuracy_std": 0.0, "precision": 0.96154, "precision_std": 0.0, "recall": 0.96154, "recall_std": 0.0, "f1": 0.96154, "f1_std": 0.0, "auc": 0.95858, "auc_std": 0.0}
{"epoch": 79, "time_epoch": 0.19363, "time_epoch_std": 0.0, "eta": 7.00763, "eta_std": 0.0, "eta_hours": 0.00195, "eta_hours_std": 0.0, "loss": 0.12977, "loss_std": 0.0, "lr": 0.0001, "lr_std": 0.0, "params": 8313.0, "params_std": 0.0, "time_iter": 0.06454, "time_iter_std": 0.0, "accuracy": 1.0, "accuracy_std": 0.0, "precision": 1.0, "precision_std": 0.0, "recall": 1.0, "recall_std": 0.0, "f1": 1.0, "f1_std": 0.0, "auc": 1.0, "auc_std": 0.0}
{"epoch": 80, "time_epoch": 0.19775, "time_epoch_std": 0.0, "eta": 6.62145, "eta_std": 0.0, "eta_hours": 0.00184, "eta_hours_std": 0.0, "loss": 0.14376, "loss_std": 0.0, "lr": 0.0001, "lr_std": 0.0, "params": 8313.0, "params_std": 0.0, "time_iter": 0.06592, "time_iter_std": 0.0, "accuracy": 1.0, "accuracy_std": 0.0, "precision": 1.0, "precision_std": 0.0, "recall": 1.0, "recall_std": 0.0, "f1": 1.0, "f1_std": 0.0, "auc": 1.0, "auc_std": 0.0}
{"epoch": 81, "time_epoch": 0.19062, "time_epoch_std": 0.0, "eta": 6.2383, "eta_std": 0.0, "eta_hours": 0.00173, "eta_hours_std": 0.0, "loss": 0.12145, "loss_std": 0.0, "lr": 9e-05, "lr_std": 0.0, "params": 8313.0, "params_std": 0.0, "time_iter": 0.06354, "time_iter_std": 0.0, "accuracy": 1.0, "accuracy_std": 0.0, "precision": 1.0, "precision_std": 0.0, "recall": 1.0, "recall_std": 0.0, "f1": 1.0, "f1_std": 0.0, "auc": 1.0, "auc_std": 0.0}
{"epoch": 82, "time_epoch": 0.20041, "time_epoch_std": 0.0, "eta": 5.86179, "eta_std": 0.0, "eta_hours": 0.00163, "eta_hours_std": 0.0, "loss": 0.12493, "loss_std": 0.0, "lr": 8e-05, "lr_std": 0.0, "params": 8313.0, "params_std": 0.0, "time_iter": 0.0668, "time_iter_std": 0.0, "accuracy": 1.0, "accuracy_std": 0.0, "precision": 1.0, "precision_std": 0.0, "recall": 1.0, "recall_std": 0.0, "f1": 1.0, "f1_std": 0.0, "auc": 1.0, "auc_std": 0.0}
{"epoch": 83, "time_epoch": 0.18884, "time_epoch_std": 0.0, "eta": 5.48727, "eta_std": 0.0, "eta_hours": 0.00152, "eta_hours_std": 0.0, "loss": 0.11102, "loss_std": 0.0, "lr": 7e-05, "lr_std": 0.0, "params": 8313.0, "params_std": 0.0, "time_iter": 0.06295, "time_iter_std": 0.0, "accuracy": 1.0, "accuracy_std": 0.0, "precision": 1.0, "precision_std": 0.0, "recall": 1.0, "recall_std": 0.0, "f1": 1.0, "f1_std": 0.0, "auc": 1.0, "auc_std": 0.0}
{"epoch": 84, "time_epoch": 0.18406, "time_epoch_std": 0.0, "eta": 5.11627, "eta_std": 0.0, "eta_hours": 0.00142, "eta_hours_std": 0.0, "loss": 0.14076, "loss_std": 0.0, "lr": 6e-05, "lr_std": 0.0, "params": 8313.0, "params_std": 0.0, "time_iter": 0.06135, "time_iter_std": 0.0, "accuracy": 0.97436, "accuracy_std": 0.0, "precision": 0.96296, "precision_std": 0.0, "recall": 1.0, "recall_std": 0.0, "f1": 0.98113, "f1_std": 0.0, "auc": 1.0, "auc_std": 0.0}
{"epoch": 85, "time_epoch": 0.18557, "time_epoch_std": 0.0, "eta": 4.74987, "eta_std": 0.0, "eta_hours": 0.00132, "eta_hours_std": 0.0, "loss": 0.11755, "loss_std": 0.0, "lr": 5e-05, "lr_std": 0.0, "params": 8313.0, "params_std": 0.0, "time_iter": 0.06186, "time_iter_std": 0.0, "accuracy": 1.0, "accuracy_std": 0.0, "precision": 1.0, "precision_std": 0.0, "recall": 1.0, "recall_std": 0.0, "f1": 1.0, "f1_std": 0.0, "auc": 1.0, "auc_std": 0.0}
{"epoch": 86, "time_epoch": 0.19027, "time_epoch_std": 0.0, "eta": 4.38833, "eta_std": 0.0, "eta_hours": 0.00122, "eta_hours_std": 0.0, "loss": 0.12423, "loss_std": 0.0, "lr": 5e-05, "lr_std": 0.0, "params": 8313.0, "params_std": 0.0, "time_iter": 0.06342, "time_iter_std": 0.0, "accuracy": 1.0, "accuracy_std": 0.0, "precision": 1.0, "precision_std": 0.0, "recall": 1.0, "recall_std": 0.0, "f1": 1.0, "f1_std": 0.0, "auc": 1.0, "auc_std": 0.0}
{"epoch": 87, "time_epoch": 0.18645, "time_epoch_std": 0.0, "eta": 4.03016, "eta_std": 0.0, "eta_hours": 0.00112, "eta_hours_std": 0.0, "loss": 0.18339, "loss_std": 0.0, "lr": 4e-05, "lr_std": 0.0, "params": 8313.0, "params_std": 0.0, "time_iter": 0.06215, "time_iter_std": 0.0, "accuracy": 0.94872, "accuracy_std": 0.0, "precision": 0.96154, "precision_std": 0.0, "recall": 0.96154, "recall_std": 0.0, "f1": 0.96154, "f1_std": 0.0, "auc": 0.99704, "auc_std": 0.0}
{"epoch": 88, "time_epoch": 0.18988, "time_epoch_std": 0.0, "eta": 3.67627, "eta_std": 0.0, "eta_hours": 0.00102, "eta_hours_std": 0.0, "loss": 0.11867, "loss_std": 0.0, "lr": 4e-05, "lr_std": 0.0, "params": 8313.0, "params_std": 0.0, "time_iter": 0.06329, "time_iter_std": 0.0, "accuracy": 0.97436, "accuracy_std": 0.0, "precision": 0.96296, "precision_std": 0.0, "recall": 1.0, "recall_std": 0.0, "f1": 0.98113, "f1_std": 0.0, "auc": 1.0, "auc_std": 0.0}
{"epoch": 89, "time_epoch": 0.19018, "time_epoch_std": 0.0, "eta": 3.32606, "eta_std": 0.0, "eta_hours": 0.00092, "eta_hours_std": 0.0, "loss": 0.10805, "loss_std": 0.0, "lr": 3e-05, "lr_std": 0.0, "params": 8313.0, "params_std": 0.0, "time_iter": 0.06339, "time_iter_std": 0.0, "accuracy": 1.0, "accuracy_std": 0.0, "precision": 1.0, "precision_std": 0.0, "recall": 1.0, "recall_std": 0.0, "f1": 1.0, "f1_std": 0.0, "auc": 1.0, "auc_std": 0.0}
{"epoch": 90, "time_epoch": 0.1902, "time_epoch_std": 0.0, "eta": 2.97937, "eta_std": 0.0, "eta_hours": 0.00083, "eta_hours_std": 0.0, "loss": 0.13074, "loss_std": 0.0, "lr": 2e-05, "lr_std": 0.0, "params": 8313.0, "params_std": 0.0, "time_iter": 0.0634, "time_iter_std": 0.0, "accuracy": 0.97436, "accuracy_std": 0.0, "precision": 0.96296, "precision_std": 0.0, "recall": 1.0, "recall_std": 0.0, "f1": 0.98113, "f1_std": 0.0, "auc": 1.0, "auc_std": 0.0}
{"epoch": 91, "time_epoch": 0.18914, "time_epoch_std": 0.0, "eta": 2.63599, "eta_std": 0.0, "eta_hours": 0.00073, "eta_hours_std": 0.0, "loss": 0.12221, "loss_std": 0.0, "lr": 2e-05, "lr_std": 0.0, "params": 8313.0, "params_std": 0.0, "time_iter": 0.06305, "time_iter_std": 0.0, "accuracy": 1.0, "accuracy_std": 0.0, "precision": 1.0, "precision_std": 0.0, "recall": 1.0, "recall_std": 0.0, "f1": 1.0, "f1_std": 0.0, "auc": 1.0, "auc_std": 0.0}
{"epoch": 92, "time_epoch": 0.18551, "time_epoch_std": 0.0, "eta": 2.29566, "eta_std": 0.0, "eta_hours": 0.00064, "eta_hours_std": 0.0, "loss": 0.10609, "loss_std": 0.0, "lr": 2e-05, "lr_std": 0.0, "params": 8313.0, "params_std": 0.0, "time_iter": 0.06184, "time_iter_std": 0.0, "accuracy": 1.0, "accuracy_std": 0.0, "precision": 1.0, "precision_std": 0.0, "recall": 1.0, "recall_std": 0.0, "f1": 1.0, "f1_std": 0.0, "auc": 1.0, "auc_std": 0.0}
{"epoch": 93, "time_epoch": 0.18788, "time_epoch_std": 0.0, "eta": 1.95876, "eta_std": 0.0, "eta_hours": 0.00054, "eta_hours_std": 0.0, "loss": 0.11651, "loss_std": 0.0, "lr": 1e-05, "lr_std": 0.0, "params": 8313.0, "params_std": 0.0, "time_iter": 0.06263, "time_iter_std": 0.0, "accuracy": 1.0, "accuracy_std": 0.0, "precision": 1.0, "precision_std": 0.0, "recall": 1.0, "recall_std": 0.0, "f1": 1.0, "f1_std": 0.0, "auc": 1.0, "auc_std": 0.0}
{"epoch": 94, "time_epoch": 0.18789, "time_epoch_std": 0.0, "eta": 1.62501, "eta_std": 0.0, "eta_hours": 0.00045, "eta_hours_std": 0.0, "loss": 0.1301, "loss_std": 0.0, "lr": 1e-05, "lr_std": 0.0, "params": 8313.0, "params_std": 0.0, "time_iter": 0.06263, "time_iter_std": 0.0, "accuracy": 1.0, "accuracy_std": 0.0, "precision": 1.0, "precision_std": 0.0, "recall": 1.0, "recall_std": 0.0, "f1": 1.0, "f1_std": 0.0, "auc": 1.0, "auc_std": 0.0}
{"epoch": 95, "time_epoch": 0.19016, "time_epoch_std": 0.0, "eta": 1.29439, "eta_std": 0.0, "eta_hours": 0.00036, "eta_hours_std": 0.0, "loss": 0.12267, "loss_std": 0.0, "lr": 1e-05, "lr_std": 0.0, "params": 8313.0, "params_std": 0.0, "time_iter": 0.06339, "time_iter_std": 0.0, "accuracy": 1.0, "accuracy_std": 0.0, "precision": 1.0, "precision_std": 0.0, "recall": 1.0, "recall_std": 0.0, "f1": 1.0, "f1_std": 0.0, "auc": 1.0, "auc_std": 0.0}
{"epoch": 96, "time_epoch": 0.19081, "time_epoch_std": 0.0, "eta": 0.96669, "eta_std": 0.0, "eta_hours": 0.00027, "eta_hours_std": 0.0, "loss": 0.18736, "loss_std": 0.0, "lr": 0.0, "lr_std": 0.0, "params": 8313.0, "params_std": 0.0, "time_iter": 0.0636, "time_iter_std": 0.0, "accuracy": 0.92308, "accuracy_std": 0.0, "precision": 0.96, "precision_std": 0.0, "recall": 0.92308, "recall_std": 0.0, "f1": 0.94118, "f1_std": 0.0, "auc": 0.99408, "auc_std": 0.0}
{"epoch": 97, "time_epoch": 0.19009, "time_epoch_std": 0.0, "eta": 0.64176, "eta_std": 0.0, "eta_hours": 0.00018, "eta_hours_std": 0.0, "loss": 0.14424, "loss_std": 0.0, "lr": 0.0, "lr_std": 0.0, "params": 8313.0, "params_std": 0.0, "time_iter": 0.06336, "time_iter_std": 0.0, "accuracy": 1.0, "accuracy_std": 0.0, "precision": 1.0, "precision_std": 0.0, "recall": 1.0, "recall_std": 0.0, "f1": 1.0, "f1_std": 0.0, "auc": 1.0, "auc_std": 0.0}
{"epoch": 98, "time_epoch": 0.19023, "time_epoch_std": 0.0, "eta": 0.31956, "eta_std": 0.0, "eta_hours": 9e-05, "eta_hours_std": 0.0, "loss": 0.11116, "loss_std": 0.0, "lr": 0.0, "lr_std": 0.0, "params": 8313.0, "params_std": 0.0, "time_iter": 0.06341, "time_iter_std": 0.0, "accuracy": 1.0, "accuracy_std": 0.0, "precision": 1.0, "precision_std": 0.0, "recall": 1.0, "recall_std": 0.0, "f1": 1.0, "f1_std": 0.0, "auc": 1.0, "auc_std": 0.0}
{"epoch": 99, "time_epoch": 0.18996, "time_epoch_std": 0.0, "eta": 0.0, "eta_std": 0.0, "eta_hours": 0.0, "eta_hours_std": 0.0, "loss": 0.12198, "loss_std": 0.0, "lr": 0.0, "lr_std": 0.0, "params": 8313.0, "params_std": 0.0, "time_iter": 0.06332, "time_iter_std": 0.0, "accuracy": 1.0, "accuracy_std": 0.0, "precision": 1.0, "precision_std": 0.0, "recall": 1.0, "recall_std": 0.0, "f1": 1.0, "f1_std": 0.0, "auc": 1.0, "auc_std": 0.0}
