{"epoch": 0, "time_epoch": 0.92606, "eta": 91.67958, "eta_hours": 0.02547, "loss": 0.69298232, "lr": 0.001, "params": 9207, "time_iter": 0.30869, "accuracy": 0.52381, "precision": 0.0, "recall": 0.0, "f1": 0.0, "auc": 0.41136}
{"epoch": 1, "time_epoch": 2.08125, "eta": 147.35815, "eta_hours": 0.04093, "loss": 0.69275612, "lr": 0.00099975, "params": 9207, "time_iter": 0.69375, "accuracy": 0.52381, "precision": 0.0, "recall": 0.0, "f1": 0.0, "auc": 0.52273}
{"epoch": 2, "time_epoch": 2.0496, "eta": 163.5066, "eta_hours": 0.04542, "loss": 0.69271286, "lr": 0.00099901, "params": 9207, "time_iter": 0.6832, "accuracy": 0.52381, "precision": 0.0, "recall": 0.0, "f1": 0.0, "auc": 0.44773}
{"epoch": 3, "time_epoch": 2.0489, "eta": 170.53923, "eta_hours": 0.04737, "loss": 0.69229034, "lr": 0.00099778, "params": 9207, "time_iter": 0.68297, "accuracy": 0.52381, "precision": 0.0, "recall": 0.0, "f1": 0.0, "auc": 0.675}
{"epoch": 4, "time_epoch": 2.04158, "eta": 173.80022, "eta_hours": 0.04828, "loss": 0.69196181, "lr": 0.00099606, "params": 9207, "time_iter": 0.68053, "accuracy": 0.52381, "precision": 0.0, "recall": 0.0, "f1": 0.0, "auc": 0.77727}
{"epoch": 5, "time_epoch": 2.03221, "eta": 175.14698, "eta_hours": 0.04865, "loss": 0.69189812, "lr": 0.00099384, "params": 9207, "time_iter": 0.6774, "accuracy": 0.52381, "precision": 0.0, "recall": 0.0, "f1": 0.0, "auc": 0.67386}
{"epoch": 6, "time_epoch": 2.07224, "eta": 176.06012, "eta_hours": 0.04891, "loss": 0.69075753, "lr": 0.00099114, "params": 9207, "time_iter": 0.69075, "accuracy": 0.52381, "precision": 0.0, "recall": 0.0, "f1": 0.0, "auc": 0.825}
{"epoch": 7, "time_epoch": 0.76176, "eta": 161.15632, "eta_hours": 0.04477, "loss": 0.69022871, "lr": 0.00098796, "params": 9207, "time_iter": 0.25392, "accuracy": 0.52381, "precision": 0.0, "recall": 0.0, "f1": 0.0, "auc": 0.81591}
{"epoch": 8, "time_epoch": 0.12266, "eta": 142.9332, "eta_hours": 0.0397, "loss": 0.6892093, "lr": 0.00098429, "params": 9207, "time_iter": 0.04089, "accuracy": 0.52381, "precision": 0.0, "recall": 0.0, "f1": 0.0, "auc": 0.84091}
{"epoch": 9, "time_epoch": 0.12057, "eta": 128.31138, "eta_hours": 0.03564, "loss": 0.68721085, "lr": 0.00098015, "params": 9207, "time_iter": 0.04019, "accuracy": 0.52381, "precision": 0.0, "recall": 0.0, "f1": 0.0, "auc": 0.87955}
{"epoch": 10, "time_epoch": 0.13136, "eta": 116.41346, "eta_hours": 0.03234, "loss": 0.6865314, "lr": 0.00097553, "params": 9207, "time_iter": 0.04379, "accuracy": 0.52381, "precision": 0.0, "recall": 0.0, "f1": 0.0, "auc": 0.85682}
{"epoch": 11, "time_epoch": 0.1326, "eta": 106.48575, "eta_hours": 0.02958, "loss": 0.68512661, "lr": 0.00097044, "params": 9207, "time_iter": 0.0442, "accuracy": 0.57143, "precision": 1.0, "recall": 0.1, "f1": 0.18182, "auc": 0.83182}
{"epoch": 12, "time_epoch": 0.1297, "eta": 98.04557, "eta_hours": 0.02723, "loss": 0.68186929, "lr": 0.00096489, "params": 9207, "time_iter": 0.04323, "accuracy": 0.61905, "precision": 1.0, "recall": 0.2, "f1": 0.33333, "auc": 0.84318}
{"epoch": 13, "time_epoch": 0.12782, "eta": 90.78103, "eta_hours": 0.02522, "loss": 0.67783812, "lr": 0.00095888, "params": 9207, "time_iter": 0.04261, "accuracy": 0.64286, "precision": 1.0, "recall": 0.25, "f1": 0.4, "auc": 0.88864}
{"epoch": 14, "time_epoch": 0.12582, "eta": 84.4567, "eta_hours": 0.02346, "loss": 0.6735854, "lr": 0.00095241, "params": 9207, "time_iter": 0.04194, "accuracy": 0.71429, "precision": 0.9, "recall": 0.45, "f1": 0.6, "auc": 0.88636}
{"epoch": 15, "time_epoch": 0.12832, "eta": 78.92031, "eta_hours": 0.02192, "loss": 0.66952923, "lr": 0.0009455, "params": 9207, "time_iter": 0.04277, "accuracy": 0.7619, "precision": 0.91667, "recall": 0.55, "f1": 0.6875, "auc": 0.88182}
{"epoch": 16, "time_epoch": 0.1409, "eta": 74.08162, "eta_hours": 0.02058, "loss": 0.66198936, "lr": 0.00093815, "params": 9207, "time_iter": 0.04697, "accuracy": 0.71429, "precision": 0.9, "recall": 0.45, "f1": 0.6, "auc": 0.89318}
{"epoch": 17, "time_epoch": 0.12753, "eta": 69.70398, "eta_hours": 0.01936, "loss": 0.66007844, "lr": 0.00093037, "params": 9207, "time_iter": 0.04251, "accuracy": 0.64286, "precision": 0.72727, "recall": 0.4, "f1": 0.51613, "auc": 0.83409}
{"epoch": 18, "time_epoch": 0.13392, "eta": 65.80095, "eta_hours": 0.01828, "loss": 0.65065364, "lr": 0.00092216, "params": 9207, "time_iter": 0.04464, "accuracy": 0.80952, "precision": 0.92857, "recall": 0.65, "f1": 0.76471, "auc": 0.89773}
{"epoch": 19, "time_epoch": 0.13161, "eta": 62.26562, "eta_hours": 0.0173, "loss": 0.64055255, "lr": 0.00091354, "params": 9207, "time_iter": 0.04387, "accuracy": 0.83333, "precision": 0.88235, "recall": 0.75, "f1": 0.81081, "auc": 0.89318}
{"epoch": 20, "time_epoch": 0.12741, "eta": 59.03864, "eta_hours": 0.0164, "loss": 0.64169865, "lr": 0.00090451, "params": 9207, "time_iter": 0.04247, "accuracy": 0.66667, "precision": 0.71429, "recall": 0.5, "f1": 0.58824, "auc": 0.80682}
{"epoch": 21, "time_epoch": 0.12994, "eta": 56.1024, "eta_hours": 0.01558, "loss": 0.623959, "lr": 0.00089508, "params": 9207, "time_iter": 0.04331, "accuracy": 0.7381, "precision": 0.8, "recall": 0.6, "f1": 0.68571, "auc": 0.88409}
{"epoch": 22, "time_epoch": 0.13253, "eta": 53.41886, "eta_hours": 0.01484, "loss": 0.60882061, "lr": 0.00088526, "params": 9207, "time_iter": 0.04418, "accuracy": 0.80952, "precision": 0.83333, "recall": 0.75, "f1": 0.78947, "auc": 0.86818}
{"epoch": 23, "time_epoch": 0.12972, "eta": 50.93901, "eta_hours": 0.01415, "loss": 0.59384291, "lr": 0.00087506, "params": 9207, "time_iter": 0.04324, "accuracy": 0.85714, "precision": 0.88889, "recall": 0.8, "f1": 0.84211, "auc": 0.89545}
{"epoch": 24, "time_epoch": 0.1268, "eta": 48.63842, "eta_hours": 0.01351, "loss": 0.59369219, "lr": 0.00086448, "params": 9207, "time_iter": 0.04227, "accuracy": 0.78571, "precision": 0.86667, "recall": 0.65, "f1": 0.74286, "auc": 0.89318}
{"epoch": 25, "time_epoch": 0.12998, "eta": 46.51408, "eta_hours": 0.01292, "loss": 0.57150309, "lr": 0.00085355, "params": 9207, "time_iter": 0.04333, "accuracy": 0.85714, "precision": 0.85, "recall": 0.85, "f1": 0.85, "auc": 0.90455}
{"epoch": 26, "time_epoch": 0.12593, "eta": 44.52652, "eta_hours": 0.01237, "loss": 0.55681971, "lr": 0.00084227, "params": 9207, "time_iter": 0.04198, "accuracy": 0.88095, "precision": 0.89474, "recall": 0.85, "f1": 0.87179, "auc": 0.90909}
{"epoch": 27, "time_epoch": 0.13129, "eta": 42.68573, "eta_hours": 0.01186, "loss": 0.55100265, "lr": 0.00083066, "params": 9207, "time_iter": 0.04376, "accuracy": 0.80952, "precision": 0.8, "recall": 0.8, "f1": 0.8, "auc": 0.88864}
{"epoch": 28, "time_epoch": 0.13132, "eta": 40.9629, "eta_hours": 0.01138, "loss": 0.50650623, "lr": 0.00081871, "params": 9207, "time_iter": 0.04377, "accuracy": 0.83333, "precision": 0.84211, "recall": 0.8, "f1": 0.82051, "auc": 0.94091}
{"epoch": 29, "time_epoch": 0.12525, "eta": 39.33201, "eta_hours": 0.01093, "loss": 0.49546527, "lr": 0.00080645, "params": 9207, "time_iter": 0.04175, "accuracy": 0.85714, "precision": 0.85, "recall": 0.85, "f1": 0.85, "auc": 0.93409}
{"epoch": 30, "time_epoch": 0.13034, "eta": 37.80958, "eta_hours": 0.0105, "loss": 0.47617921, "lr": 0.00079389, "params": 9207, "time_iter": 0.04345, "accuracy": 0.88095, "precision": 0.89474, "recall": 0.85, "f1": 0.87179, "auc": 0.93864}
{"epoch": 31, "time_epoch": 0.13213, "eta": 36.37796, "eta_hours": 0.0101, "loss": 0.45914772, "lr": 0.00078104, "params": 9207, "time_iter": 0.04404, "accuracy": 0.88095, "precision": 0.89474, "recall": 0.85, "f1": 0.87179, "auc": 0.94773}
{"epoch": 32, "time_epoch": 0.13395, "eta": 35.02881, "eta_hours": 0.00973, "loss": 0.44136647, "lr": 0.00076791, "params": 9207, "time_iter": 0.04465, "accuracy": 0.90476, "precision": 0.94444, "recall": 0.85, "f1": 0.89474, "auc": 0.93182}
{"epoch": 33, "time_epoch": 0.13302, "eta": 33.74932, "eta_hours": 0.00937, "loss": 0.42069222, "lr": 0.00075452, "params": 9207, "time_iter": 0.04434, "accuracy": 0.90476, "precision": 0.94444, "recall": 0.85, "f1": 0.89474, "auc": 0.95909}
{"epoch": 34, "time_epoch": 0.12943, "eta": 32.52868, "eta_hours": 0.00904, "loss": 0.3964193, "lr": 0.00074088, "params": 9207, "time_iter": 0.04314, "accuracy": 0.90476, "precision": 0.94444, "recall": 0.85, "f1": 0.89474, "auc": 0.95909}
{"epoch": 35, "time_epoch": 0.13282, "eta": 31.37469, "eta_hours": 0.00872, "loss": 0.38317396, "lr": 0.000727, "params": 9207, "time_iter": 0.04427, "accuracy": 0.88095, "precision": 0.94118, "recall": 0.8, "f1": 0.86486, "auc": 0.95682}
{"epoch": 36, "time_epoch": 0.13231, "eta": 30.27503, "eta_hours": 0.00841, "loss": 0.39949662, "lr": 0.00071289, "params": 9207, "time_iter": 0.0441, "accuracy": 0.80952, "precision": 0.83333, "recall": 0.75, "f1": 0.78947, "auc": 0.94091}
{"epoch": 37, "time_epoch": 0.1314, "eta": 29.22479, "eta_hours": 0.00812, "loss": 0.35924931, "lr": 0.00069857, "params": 9207, "time_iter": 0.0438, "accuracy": 0.95238, "precision": 1.0, "recall": 0.9, "f1": 0.94737, "auc": 0.98409}
{"epoch": 38, "time_epoch": 0.12946, "eta": 28.21865, "eta_hours": 0.00784, "loss": 0.32585104, "lr": 0.00068406, "params": 9207, "time_iter": 0.04315, "accuracy": 0.92857, "precision": 1.0, "recall": 0.85, "f1": 0.91892, "auc": 0.98182}
{"epoch": 39, "time_epoch": 0.13023, "eta": 27.25749, "eta_hours": 0.00757, "loss": 0.31510606, "lr": 0.00066937, "params": 9207, "time_iter": 0.04341, "accuracy": 0.92857, "precision": 1.0, "recall": 0.85, "f1": 0.91892, "auc": 0.97955}
{"epoch": 40, "time_epoch": 0.13145, "eta": 26.33863, "eta_hours": 0.00732, "loss": 0.31461864, "lr": 0.00065451, "params": 9207, "time_iter": 0.04382, "accuracy": 0.92857, "precision": 1.0, "recall": 0.85, "f1": 0.91892, "auc": 0.98182}
{"epoch": 41, "time_epoch": 0.12937, "eta": 25.45438, "eta_hours": 0.00707, "loss": 0.30864056, "lr": 0.0006395, "params": 9207, "time_iter": 0.04312, "accuracy": 0.95238, "precision": 1.0, "recall": 0.9, "f1": 0.94737, "auc": 0.99091}
{"epoch": 42, "time_epoch": 0.13055, "eta": 24.6068, "eta_hours": 0.00684, "loss": 0.29749069, "lr": 0.00062434, "params": 9207, "time_iter": 0.04352, "accuracy": 0.92857, "precision": 0.94737, "recall": 0.9, "f1": 0.92308, "auc": 0.98409}
{"epoch": 43, "time_epoch": 0.1309, "eta": 23.79227, "eta_hours": 0.00661, "loss": 0.30738449, "lr": 0.00060907, "params": 9207, "time_iter": 0.04363, "accuracy": 0.92857, "precision": 1.0, "recall": 0.85, "f1": 0.91892, "auc": 0.99091}
{"epoch": 44, "time_epoch": 0.12793, "eta": 23.00449, "eta_hours": 0.00639, "loss": 0.24017266, "lr": 0.00059369, "params": 9207, "time_iter": 0.04264, "accuracy": 0.95238, "precision": 1.0, "recall": 0.9, "f1": 0.94737, "auc": 0.99318}
{"epoch": 45, "time_epoch": 0.13447, "eta": 22.25308, "eta_hours": 0.00618, "loss": 0.26473647, "lr": 0.00057822, "params": 9207, "time_iter": 0.04482, "accuracy": 0.97619, "precision": 1.0, "recall": 0.95, "f1": 0.97436, "auc": 0.99773}
{"epoch": 46, "time_epoch": 0.13363, "eta": 21.52697, "eta_hours": 0.00598, "loss": 0.2063885, "lr": 0.00056267, "params": 9207, "time_iter": 0.04454, "accuracy": 0.95238, "precision": 1.0, "recall": 0.9, "f1": 0.94737, "auc": 1.0}
{"epoch": 47, "time_epoch": 0.13025, "eta": 20.82189, "eta_hours": 0.00578, "loss": 0.23908804, "lr": 0.00054705, "params": 9207, "time_iter": 0.04342, "accuracy": 0.95238, "precision": 1.0, "recall": 0.9, "f1": 0.94737, "auc": 0.99545}
{"epoch": 48, "time_epoch": 0.1336, "eta": 20.14376, "eta_hours": 0.0056, "loss": 0.19383424, "lr": 0.0005314, "params": 9207, "time_iter": 0.04453, "accuracy": 0.95238, "precision": 1.0, "recall": 0.9, "f1": 0.94737, "auc": 1.0}
{"epoch": 49, "time_epoch": 0.13257, "eta": 19.48638, "eta_hours": 0.00541, "loss": 0.22557967, "lr": 0.00051571, "params": 9207, "time_iter": 0.04419, "accuracy": 0.97619, "precision": 1.0, "recall": 0.95, "f1": 0.97436, "auc": 0.99545}
{"epoch": 50, "time_epoch": 0.13376, "eta": 18.85072, "eta_hours": 0.00524, "loss": 0.18219019, "lr": 0.0005, "params": 9207, "time_iter": 0.04459, "accuracy": 0.97619, "precision": 1.0, "recall": 0.95, "f1": 0.97436, "auc": 1.0}
{"epoch": 51, "time_epoch": 0.13161, "eta": 18.23238, "eta_hours": 0.00506, "loss": 0.15909684, "lr": 0.00048429, "params": 9207, "time_iter": 0.04387, "accuracy": 0.97619, "precision": 1.0, "recall": 0.95, "f1": 0.97436, "auc": 1.0}
{"epoch": 52, "time_epoch": 0.14067, "eta": 17.64045, "eta_hours": 0.0049, "loss": 0.17536516, "lr": 0.0004686, "params": 9207, "time_iter": 0.04689, "accuracy": 0.95238, "precision": 1.0, "recall": 0.9, "f1": 0.94737, "auc": 1.0}
{"epoch": 53, "time_epoch": 0.12566, "eta": 17.05243, "eta_hours": 0.00474, "loss": 0.15285403, "lr": 0.00045295, "params": 9207, "time_iter": 0.04189, "accuracy": 0.97619, "precision": 1.0, "recall": 0.95, "f1": 0.97436, "auc": 1.0}
{"epoch": 54, "time_epoch": 0.13074, "eta": 16.48539, "eta_hours": 0.00458, "loss": 0.15295973, "lr": 0.00043733, "params": 9207, "time_iter": 0.04358, "accuracy": 0.97619, "precision": 1.0, "recall": 0.95, "f1": 0.97436, "auc": 1.0}
{"epoch": 55, "time_epoch": 0.12883, "eta": 15.93244, "eta_hours": 0.00443, "loss": 0.1418156, "lr": 0.00042178, "params": 9207, "time_iter": 0.04294, "accuracy": 0.97619, "precision": 1.0, "recall": 0.95, "f1": 0.97436, "auc": 1.0}
{"epoch": 56, "time_epoch": 0.13235, "eta": 15.39701, "eta_hours": 0.00428, "loss": 0.15591577, "lr": 0.00040631, "params": 9207, "time_iter": 0.04412, "accuracy": 0.97619, "precision": 1.0, "recall": 0.95, "f1": 0.97436, "auc": 0.99545}
{"epoch": 57, "time_epoch": 0.12982, "eta": 14.87365, "eta_hours": 0.00413, "loss": 0.15260904, "lr": 0.00039093, "params": 9207, "time_iter": 0.04327, "accuracy": 0.95238, "precision": 1.0, "recall": 0.9, "f1": 0.94737, "auc": 1.0}
{"epoch": 58, "time_epoch": 0.13265, "eta": 14.3656, "eta_hours": 0.00399, "loss": 0.11491218, "lr": 0.00037566, "params": 9207, "time_iter": 0.04422, "accuracy": 1.0, "precision": 1.0, "recall": 1.0, "f1": 1.0, "auc": 1.0}
{"epoch": 59, "time_epoch": 0.12833, "eta": 13.86719, "eta_hours": 0.00385, "loss": 0.12107697, "lr": 0.0003605, "params": 9207, "time_iter": 0.04278, "accuracy": 1.0, "precision": 1.0, "recall": 1.0, "f1": 1.0, "auc": 1.0}
{"epoch": 60, "time_epoch": 0.13197, "eta": 13.38323, "eta_hours": 0.00372, "loss": 0.09356212, "lr": 0.00034549, "params": 9207, "time_iter": 0.04399, "accuracy": 1.0, "precision": 1.0, "recall": 1.0, "f1": 1.0, "auc": 1.0}
{"epoch": 61, "time_epoch": 0.12893, "eta": 12.90877, "eta_hours": 0.00359, "loss": 0.11466326, "lr": 0.00033063, "params": 9207, "time_iter": 0.04298, "accuracy": 0.97619, "precision": 1.0, "recall": 0.95, "f1": 0.97436, "auc": 1.0}
{"epoch": 62, "time_epoch": 0.12995, "eta": 12.44588, "eta_hours": 0.00346, "loss": 0.17073479, "lr": 0.00031594, "params": 9207, "time_iter": 0.04332, "accuracy": 0.97619, "precision": 1.0, "recall": 0.95, "f1": 0.97436, "auc": 1.0}
{"epoch": 63, "time_epoch": 0.13121, "eta": 11.9941, "eta_hours": 0.00333, "loss": 0.08447604, "lr": 0.00030143, "params": 9207, "time_iter": 0.04374, "accuracy": 1.0, "precision": 1.0, "recall": 1.0, "f1": 1.0, "auc": 1.0}
{"epoch": 64, "time_epoch": 0.12596, "eta": 11.54935, "eta_hours": 0.00321, "loss": 0.08469343, "lr": 0.00028711, "params": 9207, "time_iter": 0.04199, "accuracy": 1.0, "precision": 1.0, "recall": 1.0, "f1": 1.0, "auc": 1.0}
{"epoch": 65, "time_epoch": 0.13193, "eta": 11.11734, "eta_hours": 0.00309, "loss": 0.09013109, "lr": 0.000273, "params": 9207, "time_iter": 0.04398, "accuracy": 1.0, "precision": 1.0, "recall": 1.0, "f1": 1.0, "auc": 1.0}
{"epoch": 66, "time_epoch": 0.1283, "eta": 10.69251, "eta_hours": 0.00297, "loss": 0.12163197, "lr": 0.00025912, "params": 9207, "time_iter": 0.04277, "accuracy": 1.0, "precision": 1.0, "recall": 1.0, "f1": 1.0, "auc": 1.0}
{"epoch": 67, "time_epoch": 0.12618, "eta": 10.27539, "eta_hours": 0.00285, "loss": 0.0896838, "lr": 0.00024548, "params": 9207, "time_iter": 0.04206, "accuracy": 1.0, "precision": 1.0, "recall": 1.0, "f1": 1.0, "auc": 1.0}
{"epoch": 68, "time_epoch": 0.12696, "eta": 9.86706, "eta_hours": 0.00274, "loss": 0.12356488, "lr": 0.00023209, "params": 9207, "time_iter": 0.04232, "accuracy": 0.97619, "precision": 1.0, "recall": 0.95, "f1": 0.97436, "auc": 1.0}
{"epoch": 69, "time_epoch": 0.13114, "eta": 9.46856, "eta_hours": 0.00263, "loss": 0.07295048, "lr": 0.00021896, "params": 9207, "time_iter": 0.04371, "accuracy": 1.0, "precision": 1.0, "recall": 1.0, "f1": 1.0, "auc": 1.0}
{"epoch": 70, "time_epoch": 0.13106, "eta": 9.07756, "eta_hours": 0.00252, "loss": 0.069947, "lr": 0.00020611, "params": 9207, "time_iter": 0.04369, "accuracy": 1.0, "precision": 1.0, "recall": 1.0, "f1": 1.0, "auc": 1.0}
{"epoch": 71, "time_epoch": 0.12475, "eta": 8.69133, "eta_hours": 0.00241, "loss": 0.08840456, "lr": 0.00019355, "params": 9207, "time_iter": 0.04158, "accuracy": 1.0, "precision": 1.0, "recall": 1.0, "f1": 1.0, "auc": 1.0}
{"epoch": 72, "time_epoch": 0.1281, "eta": 8.31349, "eta_hours": 0.00231, "loss": 0.09735891, "lr": 0.00018129, "params": 9207, "time_iter": 0.0427, "accuracy": 1.0, "precision": 1.0, "recall": 1.0, "f1": 1.0, "auc": 1.0}
{"epoch": 73, "time_epoch": 0.12788, "eta": 7.94233, "eta_hours": 0.00221, "loss": 0.06287533, "lr": 0.00016934, "params": 9207, "time_iter": 0.04263, "accuracy": 1.0, "precision": 1.0, "recall": 1.0, "f1": 1.0, "auc": 1.0}
{"epoch": 74, "time_epoch": 0.13088, "eta": 7.57866, "eta_hours": 0.00211, "loss": 0.10562582, "lr": 0.00015773, "params": 9207, "time_iter": 0.04363, "accuracy": 1.0, "precision": 1.0, "recall": 1.0, "f1": 1.0, "auc": 1.0}
{"epoch": 75, "time_epoch": 0.13244, "eta": 7.22161, "eta_hours": 0.00201, "loss": 0.08434412, "lr": 0.00014645, "params": 9207, "time_iter": 0.04415, "accuracy": 1.0, "precision": 1.0, "recall": 1.0, "f1": 1.0, "auc": 1.0}
{"epoch": 76, "time_epoch": 0.12867, "eta": 6.86926, "eta_hours": 0.00191, "loss": 0.0658082, "lr": 0.00013552, "params": 9207, "time_iter": 0.04289, "accuracy": 1.0, "precision": 1.0, "recall": 1.0, "f1": 1.0, "auc": 1.0}
{"epoch": 77, "time_epoch": 0.12775, "eta": 6.52239, "eta_hours": 0.00181, "loss": 0.05831069, "lr": 0.00012494, "params": 9207, "time_iter": 0.04258, "accuracy": 1.0, "precision": 1.0, "recall": 1.0, "f1": 1.0, "auc": 1.0}
{"epoch": 78, "time_epoch": 0.13137, "eta": 6.18203, "eta_hours": 0.00172, "loss": 0.05517817, "lr": 0.00011474, "params": 9207, "time_iter": 0.04379, "accuracy": 1.0, "precision": 1.0, "recall": 1.0, "f1": 1.0, "auc": 1.0}
{"epoch": 79, "time_epoch": 0.1303, "eta": 5.84663, "eta_hours": 0.00162, "loss": 0.11277343, "lr": 0.00010492, "params": 9207, "time_iter": 0.04343, "accuracy": 1.0, "precision": 1.0, "recall": 1.0, "f1": 1.0, "auc": 1.0}
{"epoch": 80, "time_epoch": 0.1349, "eta": 5.51737, "eta_hours": 0.00153, "loss": 0.05737661, "lr": 9.549e-05, "params": 9207, "time_iter": 0.04497, "accuracy": 1.0, "precision": 1.0, "recall": 1.0, "f1": 1.0, "auc": 1.0}
{"epoch": 81, "time_epoch": 0.13529, "eta": 5.19293, "eta_hours": 0.00144, "loss": 0.07137039, "lr": 8.646e-05, "params": 9207, "time_iter": 0.0451, "accuracy": 1.0, "precision": 1.0, "recall": 1.0, "f1": 1.0, "auc": 1.0}
{"epoch": 82, "time_epoch": 0.13176, "eta": 4.87233, "eta_hours": 0.00135, "loss": 0.08068471, "lr": 7.784e-05, "params": 9207, "time_iter": 0.04392, "accuracy": 1.0, "precision": 1.0, "recall": 1.0, "f1": 1.0, "auc": 1.0}
{"epoch": 83, "time_epoch": 0.13043, "eta": 4.55598, "eta_hours": 0.00127, "loss": 0.05096225, "lr": 6.963e-05, "params": 9207, "time_iter": 0.04348, "accuracy": 1.0, "precision": 1.0, "recall": 1.0, "f1": 1.0, "auc": 1.0}
{"epoch": 84, "time_epoch": 0.13279, "eta": 4.24441, "eta_hours": 0.00118, "loss": 0.07875368, "lr": 6.185e-05, "params": 9207, "time_iter": 0.04426, "accuracy": 1.0, "precision": 1.0, "recall": 1.0, "f1": 1.0, "auc": 1.0}
{"epoch": 85, "time_epoch": 0.13377, "eta": 3.93717, "eta_hours": 0.00109, "loss": 0.07200001, "lr": 5.45e-05, "params": 9207, "time_iter": 0.04459, "accuracy": 1.0, "precision": 1.0, "recall": 1.0, "f1": 1.0, "auc": 1.0}
{"epoch": 86, "time_epoch": 0.12832, "eta": 3.63309, "eta_hours": 0.00101, "loss": 0.05900354, "lr": 4.759e-05, "params": 9207, "time_iter": 0.04277, "accuracy": 1.0, "precision": 1.0, "recall": 1.0, "f1": 1.0, "auc": 1.0}
{"epoch": 87, "time_epoch": 0.13347, "eta": 3.33371, "eta_hours": 0.00093, "loss": 0.06656164, "lr": 4.112e-05, "params": 9207, "time_iter": 0.04449, "accuracy": 1.0, "precision": 1.0, "recall": 1.0, "f1": 1.0, "auc": 1.0}
{"epoch": 88, "time_epoch": 0.13276, "eta": 3.03798, "eta_hours": 0.00084, "loss": 0.08314074, "lr": 3.511e-05, "params": 9207, "time_iter": 0.04425, "accuracy": 1.0, "precision": 1.0, "recall": 1.0, "f1": 1.0, "auc": 1.0}
{"epoch": 89, "time_epoch": 0.13209, "eta": 2.74579, "eta_hours": 0.00076, "loss": 0.12396622, "lr": 2.956e-05, "params": 9207, "time_iter": 0.04403, "accuracy": 0.97619, "precision": 1.0, "recall": 0.95, "f1": 0.97436, "auc": 1.0}
{"epoch": 90, "time_epoch": 0.12833, "eta": 2.45674, "eta_hours": 0.00068, "loss": 0.05063629, "lr": 2.447e-05, "params": 9207, "time_iter": 0.04278, "accuracy": 1.0, "precision": 1.0, "recall": 1.0, "f1": 1.0, "auc": 1.0}
{"epoch": 91, "time_epoch": 0.13114, "eta": 2.17144, "eta_hours": 0.0006, "loss": 0.0590233, "lr": 1.985e-05, "params": 9207, "time_iter": 0.04371, "accuracy": 1.0, "precision": 1.0, "recall": 1.0, "f1": 1.0, "auc": 1.0}
{"epoch": 92, "time_epoch": 0.1332, "eta": 1.8896, "eta_hours": 0.00052, "loss": 0.08812483, "lr": 1.571e-05, "params": 9207, "time_iter": 0.0444, "accuracy": 1.0, "precision": 1.0, "recall": 1.0, "f1": 1.0, "auc": 1.0}
{"epoch": 93, "time_epoch": 0.12832, "eta": 1.61062, "eta_hours": 0.00045, "loss": 0.06823089, "lr": 1.204e-05, "params": 9207, "time_iter": 0.04277, "accuracy": 1.0, "precision": 1.0, "recall": 1.0, "f1": 1.0, "auc": 1.0}
{"epoch": 94, "time_epoch": 0.13669, "eta": 1.33525, "eta_hours": 0.00037, "loss": 0.08156231, "lr": 8.86e-06, "params": 9207, "time_iter": 0.04556, "accuracy": 0.97619, "precision": 1.0, "recall": 0.95, "f1": 0.97436, "auc": 1.0}
{"epoch": 95, "time_epoch": 0.12976, "eta": 1.06248, "eta_hours": 0.0003, "loss": 0.06383621, "lr": 6.16e-06, "params": 9207, "time_iter": 0.04325, "accuracy": 1.0, "precision": 1.0, "recall": 1.0, "f1": 1.0, "auc": 1.0}
{"epoch": 96, "time_epoch": 0.13731, "eta": 0.79289, "eta_hours": 0.00022, "loss": 0.05304408, "lr": 3.94e-06, "params": 9207, "time_iter": 0.04577, "accuracy": 1.0, "precision": 1.0, "recall": 1.0, "f1": 1.0, "auc": 1.0}
{"epoch": 97, "time_epoch": 0.13289, "eta": 0.52591, "eta_hours": 0.00015, "loss": 0.05631936, "lr": 2.22e-06, "params": 9207, "time_iter": 0.0443, "accuracy": 1.0, "precision": 1.0, "recall": 1.0, "f1": 1.0, "auc": 1.0}
{"epoch": 98, "time_epoch": 0.13011, "eta": 0.26161, "eta_hours": 7e-05, "loss": 0.06265857, "lr": 9.9e-07, "params": 9207, "time_iter": 0.04337, "accuracy": 1.0, "precision": 1.0, "recall": 1.0, "f1": 1.0, "auc": 1.0}
{"epoch": 99, "time_epoch": 0.1353, "eta": 0.0, "eta_hours": 0.0, "loss": 0.04876174, "lr": 2.5e-07, "params": 9207, "time_iter": 0.0451, "accuracy": 1.0, "precision": 1.0, "recall": 1.0, "f1": 1.0, "auc": 1.0}
