{"epoch": 0, "time_epoch": 0.06074, "eta": 6.01316, "eta_hours": 0.00167, "loss": 0.63952093, "lr": 0.001, "params": 6465, "time_iter": 0.02025, "accuracy": 0.66667, "precision": 0.66667, "recall": 1.0, "f1": 0.8, "auc": 0.39645}
{"epoch": 1, "time_epoch": 0.03415, "eta": 4.64936, "eta_hours": 0.00129, "loss": 0.63900209, "lr": 0.00099975, "params": 6465, "time_iter": 0.01138, "accuracy": 0.66667, "precision": 0.66667, "recall": 1.0, "f1": 0.8, "auc": 0.43787}
{"epoch": 2, "time_epoch": 0.03327, "eta": 4.14352, "eta_hours": 0.00115, "loss": 0.63831964, "lr": 0.00099901, "params": 6465, "time_iter": 0.01109, "accuracy": 0.66667, "precision": 0.66667, "recall": 1.0, "f1": 0.8, "auc": 0.56805}
{"epoch": 3, "time_epoch": 0.03529, "eta": 3.92265, "eta_hours": 0.00109, "loss": 0.6378972, "lr": 0.00099778, "params": 6465, "time_iter": 0.01176, "accuracy": 0.66667, "precision": 0.66667, "recall": 1.0, "f1": 0.8, "auc": 0.5858}
{"epoch": 4, "time_epoch": 0.03396, "eta": 3.75073, "eta_hours": 0.00104, "loss": 0.63790967, "lr": 0.00099606, "params": 6465, "time_iter": 0.01132, "accuracy": 0.66667, "precision": 0.66667, "recall": 1.0, "f1": 0.8, "auc": 0.47929}
{"epoch": 5, "time_epoch": 0.03393, "eta": 3.62427, "eta_hours": 0.00101, "loss": 0.63756116, "lr": 0.00099384, "params": 6465, "time_iter": 0.01131, "accuracy": 0.66667, "precision": 0.66667, "recall": 1.0, "f1": 0.8, "auc": 0.54438}
{"epoch": 6, "time_epoch": 0.03398, "eta": 3.52492, "eta_hours": 0.00098, "loss": 0.63762968, "lr": 0.00099114, "params": 6465, "time_iter": 0.01133, "accuracy": 0.66667, "precision": 0.66667, "recall": 1.0, "f1": 0.8, "auc": 0.38462}
{"epoch": 7, "time_epoch": 0.035, "eta": 3.45364, "eta_hours": 0.00096, "loss": 0.63736235, "lr": 0.00098796, "params": 6465, "time_iter": 0.01167, "accuracy": 0.66667, "precision": 0.66667, "recall": 1.0, "f1": 0.8, "auc": 0.53254}
{"epoch": 8, "time_epoch": 0.03442, "eta": 3.38454, "eta_hours": 0.00094, "loss": 0.6372755, "lr": 0.00098429, "params": 6465, "time_iter": 0.01147, "accuracy": 0.66667, "precision": 0.66667, "recall": 1.0, "f1": 0.8, "auc": 0.48373}
{"epoch": 9, "time_epoch": 0.03396, "eta": 3.31826, "eta_hours": 0.00092, "loss": 0.63725677, "lr": 0.00098015, "params": 6465, "time_iter": 0.01132, "accuracy": 0.66667, "precision": 0.66667, "recall": 1.0, "f1": 0.8, "auc": 0.44822}
{"epoch": 10, "time_epoch": 0.03411, "eta": 3.25905, "eta_hours": 0.00091, "loss": 0.63713679, "lr": 0.00097553, "params": 6465, "time_iter": 0.01137, "accuracy": 0.66667, "precision": 0.66667, "recall": 1.0, "f1": 0.8, "auc": 0.52959}
{"epoch": 11, "time_epoch": 0.03349, "eta": 3.19946, "eta_hours": 0.00089, "loss": 0.63711005, "lr": 0.00097044, "params": 6465, "time_iter": 0.01116, "accuracy": 0.66667, "precision": 0.66667, "recall": 1.0, "f1": 0.8, "auc": 0.42012}
{"epoch": 12, "time_epoch": 0.03541, "eta": 3.15676, "eta_hours": 0.00088, "loss": 0.63704827, "lr": 0.00096489, "params": 6465, "time_iter": 0.0118, "accuracy": 0.66667, "precision": 0.66667, "recall": 1.0, "f1": 0.8, "auc": 0.44379}
{"epoch": 13, "time_epoch": 0.03707, "eta": 3.1253, "eta_hours": 0.00087, "loss": 0.63693466, "lr": 0.00095888, "params": 6465, "time_iter": 0.01236, "accuracy": 0.66667, "precision": 0.66667, "recall": 1.0, "f1": 0.8, "auc": 0.64497}
{"epoch": 14, "time_epoch": 0.03465, "eta": 3.07936, "eta_hours": 0.00086, "loss": 0.63695328, "lr": 0.00095241, "params": 6465, "time_iter": 0.01155, "accuracy": 0.66667, "precision": 0.66667, "recall": 1.0, "f1": 0.8, "auc": 0.44083}
{"epoch": 15, "time_epoch": 0.03663, "eta": 3.04525, "eta_hours": 0.00085, "loss": 0.63694581, "lr": 0.0009455, "params": 6465, "time_iter": 0.01221, "accuracy": 0.66667, "precision": 0.66667, "recall": 1.0, "f1": 0.8, "auc": 0.52663}
{"epoch": 16, "time_epoch": 0.03536, "eta": 3.00466, "eta_hours": 0.00083, "loss": 0.63690275, "lr": 0.00093815, "params": 6465, "time_iter": 0.01179, "accuracy": 0.66667, "precision": 0.66667, "recall": 1.0, "f1": 0.8, "auc": 0.45266}
{"epoch": 17, "time_epoch": 0.03549, "eta": 2.9652, "eta_hours": 0.00082, "loss": 0.63691863, "lr": 0.00093037, "params": 6465, "time_iter": 0.01183, "accuracy": 0.66667, "precision": 0.66667, "recall": 1.0, "f1": 0.8, "auc": 0.3787}
{"epoch": 18, "time_epoch": 0.03395, "eta": 2.91963, "eta_hours": 0.00081, "loss": 0.6368885, "lr": 0.00092216, "params": 6465, "time_iter": 0.01132, "accuracy": 0.66667, "precision": 0.66667, "recall": 1.0, "f1": 0.8, "auc": 0.42308}
{"epoch": 19, "time_epoch": 0.03422, "eta": 2.87629, "eta_hours": 0.0008, "loss": 0.63708352, "lr": 0.00091354, "params": 6465, "time_iter": 0.01141, "accuracy": 0.66667, "precision": 0.66667, "recall": 1.0, "f1": 0.8, "auc": 0.26331}
{"epoch": 20, "time_epoch": 0.04085, "eta": 2.85874, "eta_hours": 0.00079, "loss": 0.63694528, "lr": 0.00090451, "params": 6465, "time_iter": 0.01362, "accuracy": 0.66667, "precision": 0.66667, "recall": 1.0, "f1": 0.8, "auc": 0.41716}
{"epoch": 21, "time_epoch": 0.03966, "eta": 2.83487, "eta_hours": 0.00079, "loss": 0.63684375, "lr": 0.00089508, "params": 6465, "time_iter": 0.01322, "accuracy": 0.66667, "precision": 0.66667, "recall": 1.0, "f1": 0.8, "auc": 0.5503}
{"epoch": 22, "time_epoch": 0.03562, "eta": 2.7961, "eta_hours": 0.00078, "loss": 0.6368258, "lr": 0.00088526, "params": 6465, "time_iter": 0.01187, "accuracy": 0.66667, "precision": 0.66667, "recall": 1.0, "f1": 0.8, "auc": 0.54586}
{"epoch": 23, "time_epoch": 0.036, "eta": 2.75881, "eta_hours": 0.00077, "loss": 0.63676768, "lr": 0.00087506, "params": 6465, "time_iter": 0.012, "accuracy": 0.66667, "precision": 0.66667, "recall": 1.0, "f1": 0.8, "auc": 0.63905}
{"epoch": 24, "time_epoch": 0.03529, "eta": 2.71948, "eta_hours": 0.00076, "loss": 0.63679806, "lr": 0.00086448, "params": 6465, "time_iter": 0.01176, "accuracy": 0.66667, "precision": 0.66667, "recall": 1.0, "f1": 0.8, "auc": 0.49408}
{"epoch": 25, "time_epoch": 0.03549, "eta": 2.68103, "eta_hours": 0.00074, "loss": 0.63672419, "lr": 0.00085355, "params": 6465, "time_iter": 0.01183, "accuracy": 0.66667, "precision": 0.66667, "recall": 1.0, "f1": 0.8, "auc": 0.61243}
{"epoch": 26, "time_epoch": 0.03584, "eta": 2.64375, "eta_hours": 0.00073, "loss": 0.63682344, "lr": 0.00084227, "params": 6465, "time_iter": 0.01195, "accuracy": 0.66667, "precision": 0.66667, "recall": 1.0, "f1": 0.8, "auc": 0.42604}
{"epoch": 27, "time_epoch": 0.03576, "eta": 2.60637, "eta_hours": 0.00072, "loss": 0.63673304, "lr": 0.00083066, "params": 6465, "time_iter": 0.01192, "accuracy": 0.66667, "precision": 0.66667, "recall": 1.0, "f1": 0.8, "auc": 0.38757}
{"epoch": 28, "time_epoch": 0.0359, "eta": 2.56943, "eta_hours": 0.00071, "loss": 0.63669883, "lr": 0.00081871, "params": 6465, "time_iter": 0.01197, "accuracy": 0.66667, "precision": 0.66667, "recall": 1.0, "f1": 0.8, "auc": 0.43047}
{"epoch": 29, "time_epoch": 0.03556, "eta": 2.53178, "eta_hours": 0.0007, "loss": 0.63668282, "lr": 0.00080645, "params": 6465, "time_iter": 0.01185, "accuracy": 0.66667, "precision": 0.66667, "recall": 1.0, "f1": 0.8, "auc": 0.47633}
{"epoch": 30, "time_epoch": 0.0357, "eta": 2.49458, "eta_hours": 0.00069, "loss": 0.63667372, "lr": 0.00079389, "params": 6465, "time_iter": 0.0119, "accuracy": 0.66667, "precision": 0.66667, "recall": 1.0, "f1": 0.8, "auc": 0.5}
{"epoch": 31, "time_epoch": 0.03575, "eta": 2.45757, "eta_hours": 0.00068, "loss": 0.63665745, "lr": 0.00078104, "params": 6465, "time_iter": 0.01192, "accuracy": 0.66667, "precision": 0.66667, "recall": 1.0, "f1": 0.8, "auc": 0.53254}
{"epoch": 32, "time_epoch": 0.03564, "eta": 2.42041, "eta_hours": 0.00067, "loss": 0.63663743, "lr": 0.00076791, "params": 6465, "time_iter": 0.01188, "accuracy": 0.66667, "precision": 0.66667, "recall": 1.0, "f1": 0.8, "auc": 0.60355}
{"epoch": 33, "time_epoch": 0.03612, "eta": 2.38428, "eta_hours": 0.00066, "loss": 0.63671085, "lr": 0.00075452, "params": 6465, "time_iter": 0.01204, "accuracy": 0.66667, "precision": 0.66667, "recall": 1.0, "f1": 0.8, "auc": 0.42012}
{"epoch": 34, "time_epoch": 0.03565, "eta": 2.34726, "eta_hours": 0.00065, "loss": 0.63662837, "lr": 0.00074088, "params": 6465, "time_iter": 0.01188, "accuracy": 0.66667, "precision": 0.66667, "recall": 1.0, "f1": 0.8, "auc": 0.39201}
{"epoch": 35, "time_epoch": 0.03533, "eta": 2.30976, "eta_hours": 0.00064, "loss": 0.63665288, "lr": 0.000727, "params": 6465, "time_iter": 0.01178, "accuracy": 0.66667, "precision": 0.66667, "recall": 1.0, "f1": 0.8, "auc": 0.43343}
{"epoch": 36, "time_epoch": 0.03527, "eta": 2.27227, "eta_hours": 0.00063, "loss": 0.63664899, "lr": 0.00071289, "params": 6465, "time_iter": 0.01176, "accuracy": 0.66667, "precision": 0.66667, "recall": 1.0, "f1": 0.8, "auc": 0.40828}
{"epoch": 37, "time_epoch": 0.03512, "eta": 2.23466, "eta_hours": 0.00062, "loss": 0.63661838, "lr": 0.00069857, "params": 6465, "time_iter": 0.01171, "accuracy": 0.66667, "precision": 0.66667, "recall": 1.0, "f1": 0.8, "auc": 0.38609}
{"epoch": 38, "time_epoch": 0.03569, "eta": 2.19806, "eta_hours": 0.00061, "loss": 0.63659531, "lr": 0.00068406, "params": 6465, "time_iter": 0.0119, "accuracy": 0.66667, "precision": 0.66667, "recall": 1.0, "f1": 0.8, "auc": 0.55621}
{"epoch": 39, "time_epoch": 0.03548, "eta": 2.16119, "eta_hours": 0.0006, "loss": 0.63661716, "lr": 0.00066937, "params": 6465, "time_iter": 0.01183, "accuracy": 0.66667, "precision": 0.66667, "recall": 1.0, "f1": 0.8, "auc": 0.49112}
{"epoch": 40, "time_epoch": 0.03579, "eta": 2.12485, "eta_hours": 0.00059, "loss": 0.63663116, "lr": 0.00065451, "params": 6465, "time_iter": 0.01193, "accuracy": 0.66667, "precision": 0.66667, "recall": 1.0, "f1": 0.8, "auc": 0.50888}
{"epoch": 41, "time_epoch": 0.03421, "eta": 2.08635, "eta_hours": 0.00058, "loss": 0.63665734, "lr": 0.0006395, "params": 6465, "time_iter": 0.0114, "accuracy": 0.66667, "precision": 0.66667, "recall": 1.0, "f1": 0.8, "auc": 0.38462}
{"epoch": 42, "time_epoch": 0.03458, "eta": 2.04853, "eta_hours": 0.00057, "loss": 0.6366384, "lr": 0.00062434, "params": 6465, "time_iter": 0.01153, "accuracy": 0.66667, "precision": 0.66667, "recall": 1.0, "f1": 0.8, "auc": 0.51183}
{"epoch": 43, "time_epoch": 0.03455, "eta": 2.01082, "eta_hours": 0.00056, "loss": 0.63669241, "lr": 0.00060907, "params": 6465, "time_iter": 0.01152, "accuracy": 0.66667, "precision": 0.66667, "recall": 1.0, "f1": 0.8, "auc": 0.30769}
{"epoch": 44, "time_epoch": 0.03504, "eta": 1.97386, "eta_hours": 0.00055, "loss": 0.63666183, "lr": 0.00059369, "params": 6465, "time_iter": 0.01168, "accuracy": 0.66667, "precision": 0.66667, "recall": 1.0, "f1": 0.8, "auc": 0.42604}
{"epoch": 45, "time_epoch": 0.03573, "eta": 1.93779, "eta_hours": 0.00054, "loss": 0.63663551, "lr": 0.00057822, "params": 6465, "time_iter": 0.01191, "accuracy": 0.66667, "precision": 0.66667, "recall": 1.0, "f1": 0.8, "auc": 0.52367}
{"epoch": 46, "time_epoch": 0.03594, "eta": 1.90197, "eta_hours": 0.00053, "loss": 0.63665022, "lr": 0.00056267, "params": 6465, "time_iter": 0.01198, "accuracy": 0.66667, "precision": 0.66667, "recall": 1.0, "f1": 0.8, "auc": 0.44083}
{"epoch": 47, "time_epoch": 0.03427, "eta": 1.86433, "eta_hours": 0.00052, "loss": 0.63668632, "lr": 0.00054705, "params": 6465, "time_iter": 0.01142, "accuracy": 0.66667, "precision": 0.66667, "recall": 1.0, "f1": 0.8, "auc": 0.32544}
{"epoch": 48, "time_epoch": 0.0429, "eta": 1.83582, "eta_hours": 0.00051, "loss": 0.63662156, "lr": 0.0005314, "params": 6465, "time_iter": 0.0143, "accuracy": 0.66667, "precision": 0.66667, "recall": 1.0, "f1": 0.8, "auc": 0.52663}
{"epoch": 49, "time_epoch": 0.04206, "eta": 1.80589, "eta_hours": 0.0005, "loss": 0.63665373, "lr": 0.00051571, "params": 6465, "time_iter": 0.01402, "accuracy": 0.66667, "precision": 0.66667, "recall": 1.0, "f1": 0.8, "auc": 0.44083}
{"epoch": 50, "time_epoch": 0.04686, "eta": 1.78009, "eta_hours": 0.00049, "loss": 0.6366279, "lr": 0.0005, "params": 6465, "time_iter": 0.01562, "accuracy": 0.66667, "precision": 0.66667, "recall": 1.0, "f1": 0.8, "auc": 0.60651}
{"epoch": 51, "time_epoch": 0.05148, "eta": 1.75774, "eta_hours": 0.00049, "loss": 0.63664432, "lr": 0.00048429, "params": 6465, "time_iter": 0.01716, "accuracy": 0.66667, "precision": 0.66667, "recall": 1.0, "f1": 0.8, "auc": 0.5}
{"epoch": 52, "time_epoch": 0.06258, "eta": 1.74415, "eta_hours": 0.00048, "loss": 0.63663655, "lr": 0.0004686, "params": 6465, "time_iter": 0.02086, "accuracy": 0.66667, "precision": 0.66667, "recall": 1.0, "f1": 0.8, "auc": 0.48817}
{"epoch": 53, "time_epoch": 0.04897, "eta": 1.71715, "eta_hours": 0.00048, "loss": 0.6366541, "lr": 0.00045295, "params": 6465, "time_iter": 0.01632, "accuracy": 0.66667, "precision": 0.66667, "recall": 1.0, "f1": 0.8, "auc": 0.4068}
{"epoch": 54, "time_epoch": 0.03531, "eta": 1.67817, "eta_hours": 0.00047, "loss": 0.63666151, "lr": 0.00043733, "params": 6465, "time_iter": 0.01177, "accuracy": 0.66667, "precision": 0.66667, "recall": 1.0, "f1": 0.8, "auc": 0.39053}
{"epoch": 55, "time_epoch": 0.03545, "eta": 1.63942, "eta_hours": 0.00046, "loss": 0.63663214, "lr": 0.00042178, "params": 6465, "time_iter": 0.01182, "accuracy": 0.66667, "precision": 0.66667, "recall": 1.0, "f1": 0.8, "auc": 0.56509}
{"epoch": 56, "time_epoch": 0.03557, "eta": 1.60089, "eta_hours": 0.00044, "loss": 0.63664061, "lr": 0.00040631, "params": 6465, "time_iter": 0.01186, "accuracy": 0.66667, "precision": 0.66667, "recall": 1.0, "f1": 0.8, "auc": 0.52367}
{"epoch": 57, "time_epoch": 0.04277, "eta": 1.56767, "eta_hours": 0.00044, "loss": 0.63664682, "lr": 0.00039093, "params": 6465, "time_iter": 0.01426, "accuracy": 0.66667, "precision": 0.66667, "recall": 1.0, "f1": 0.8, "auc": 0.47041}
{"epoch": 58, "time_epoch": 0.04169, "eta": 1.53338, "eta_hours": 0.00043, "loss": 0.63661477, "lr": 0.00037566, "params": 6465, "time_iter": 0.0139, "accuracy": 0.66667, "precision": 0.66667, "recall": 1.0, "f1": 0.8, "auc": 0.64497}
{"epoch": 59, "time_epoch": 0.03895, "eta": 1.49701, "eta_hours": 0.00042, "loss": 0.6366721, "lr": 0.0003605, "params": 6465, "time_iter": 0.01298, "accuracy": 0.66667, "precision": 0.66667, "recall": 1.0, "f1": 0.8, "auc": 0.29586}
{"epoch": 60, "time_epoch": 0.03428, "eta": 1.45758, "eta_hours": 0.0004, "loss": 0.63665126, "lr": 0.00034549, "params": 6465, "time_iter": 0.01143, "accuracy": 0.66667, "precision": 0.66667, "recall": 1.0, "f1": 0.8, "auc": 0.26923}
{"epoch": 61, "time_epoch": 0.03463, "eta": 1.41852, "eta_hours": 0.00039, "loss": 0.6366262, "lr": 0.00033063, "params": 6465, "time_iter": 0.01154, "accuracy": 0.66667, "precision": 0.66667, "recall": 1.0, "f1": 0.8, "auc": 0.40237}
{"epoch": 62, "time_epoch": 0.03478, "eta": 1.37969, "eta_hours": 0.00038, "loss": 0.63663165, "lr": 0.00031594, "params": 6465, "time_iter": 0.01159, "accuracy": 0.66667, "precision": 0.66667, "recall": 1.0, "f1": 0.8, "auc": 0.40976}
{"epoch": 63, "time_epoch": 0.03402, "eta": 1.34057, "eta_hours": 0.00037, "loss": 0.63661023, "lr": 0.00030143, "params": 6465, "time_iter": 0.01134, "accuracy": 0.66667, "precision": 0.66667, "recall": 1.0, "f1": 0.8, "auc": 0.54142}
{"epoch": 64, "time_epoch": 0.03327, "eta": 1.30119, "eta_hours": 0.00036, "loss": 0.63666472, "lr": 0.00028711, "params": 6465, "time_iter": 0.01109, "accuracy": 0.66667, "precision": 0.66667, "recall": 1.0, "f1": 0.8, "auc": 0.33728}
{"epoch": 65, "time_epoch": 0.03287, "eta": 1.26179, "eta_hours": 0.00035, "loss": 0.63664036, "lr": 0.000273, "params": 6465, "time_iter": 0.01096, "accuracy": 0.66667, "precision": 0.66667, "recall": 1.0, "f1": 0.8, "auc": 0.32396}
{"epoch": 66, "time_epoch": 0.03269, "eta": 1.2225, "eta_hours": 0.00034, "loss": 0.63663395, "lr": 0.00025912, "params": 6465, "time_iter": 0.0109, "accuracy": 0.66667, "precision": 0.66667, "recall": 1.0, "f1": 0.8, "auc": 0.51479}
{"epoch": 67, "time_epoch": 0.03333, "eta": 1.18371, "eta_hours": 0.00033, "loss": 0.63663758, "lr": 0.00024548, "params": 6465, "time_iter": 0.01111, "accuracy": 0.66667, "precision": 0.66667, "recall": 1.0, "f1": 0.8, "auc": 0.4497}
{"epoch": 68, "time_epoch": 0.03323, "eta": 1.14503, "eta_hours": 0.00032, "loss": 0.63664073, "lr": 0.00023209, "params": 6465, "time_iter": 0.01108, "accuracy": 0.66667, "precision": 0.66667, "recall": 1.0, "f1": 0.8, "auc": 0.47485}
{"epoch": 69, "time_epoch": 0.04199, "eta": 1.11026, "eta_hours": 0.00031, "loss": 0.63664439, "lr": 0.00021896, "params": 6465, "time_iter": 0.014, "accuracy": 0.66667, "precision": 0.66667, "recall": 1.0, "f1": 0.8, "auc": 0.4216}
{"epoch": 70, "time_epoch": 0.03612, "eta": 1.07288, "eta_hours": 0.0003, "loss": 0.63664175, "lr": 0.00020611, "params": 6465, "time_iter": 0.01204, "accuracy": 0.66667, "precision": 0.66667, "recall": 1.0, "f1": 0.8, "auc": 0.3284}
{"epoch": 71, "time_epoch": 0.03591, "eta": 1.03547, "eta_hours": 0.00029, "loss": 0.63662369, "lr": 0.00019355, "params": 6465, "time_iter": 0.01197, "accuracy": 0.66667, "precision": 0.66667, "recall": 1.0, "f1": 0.8, "auc": 0.55621}
{"epoch": 72, "time_epoch": 0.03663, "eta": 0.99835, "eta_hours": 0.00028, "loss": 0.63663216, "lr": 0.00018129, "params": 6465, "time_iter": 0.01221, "accuracy": 0.66667, "precision": 0.66667, "recall": 1.0, "f1": 0.8, "auc": 0.37574}
{"epoch": 73, "time_epoch": 0.04858, "eta": 0.96545, "eta_hours": 0.00027, "loss": 0.63661143, "lr": 0.00016934, "params": 6465, "time_iter": 0.01619, "accuracy": 0.66667, "precision": 0.66667, "recall": 1.0, "f1": 0.8, "auc": 0.61538}
{"epoch": 74, "time_epoch": 0.05205, "eta": 0.93329, "eta_hours": 0.00026, "loss": 0.63662744, "lr": 0.00015773, "params": 6465, "time_iter": 0.01735, "accuracy": 0.66667, "precision": 0.66667, "recall": 1.0, "f1": 0.8, "auc": 0.44527}
{"epoch": 75, "time_epoch": 0.04914, "eta": 0.89969, "eta_hours": 0.00025, "loss": 0.63661153, "lr": 0.00014645, "params": 6465, "time_iter": 0.01638, "accuracy": 0.66667, "precision": 0.66667, "recall": 1.0, "f1": 0.8, "auc": 0.55621}
{"epoch": 76, "time_epoch": 0.05179, "eta": 0.86647, "eta_hours": 0.00024, "loss": 0.63663611, "lr": 0.00013552, "params": 6465, "time_iter": 0.01726, "accuracy": 0.66667, "precision": 0.66667, "recall": 1.0, "f1": 0.8, "auc": 0.38757}
{"epoch": 77, "time_epoch": 0.04437, "eta": 0.83069, "eta_hours": 0.00023, "loss": 0.63662753, "lr": 0.00012494, "params": 6465, "time_iter": 0.01479, "accuracy": 0.66667, "precision": 0.66667, "recall": 1.0, "f1": 0.8, "auc": 0.47337}
{"epoch": 78, "time_epoch": 0.04403, "eta": 0.7946, "eta_hours": 0.00022, "loss": 0.63662229, "lr": 0.00011474, "params": 6465, "time_iter": 0.01468, "accuracy": 0.66667, "precision": 0.66667, "recall": 1.0, "f1": 0.8, "auc": 0.50296}
{"epoch": 79, "time_epoch": 0.04456, "eta": 0.75844, "eta_hours": 0.00021, "loss": 0.63661489, "lr": 0.00010492, "params": 6465, "time_iter": 0.01485, "accuracy": 0.66667, "precision": 0.66667, "recall": 1.0, "f1": 0.8, "auc": 0.57692}
{"epoch": 80, "time_epoch": 0.04349, "eta": 0.72182, "eta_hours": 0.0002, "loss": 0.63661581, "lr": 9.549e-05, "params": 6465, "time_iter": 0.0145, "accuracy": 0.66667, "precision": 0.66667, "recall": 1.0, "f1": 0.8, "auc": 0.60355}
{"epoch": 81, "time_epoch": 0.04203, "eta": 0.68472, "eta_hours": 0.00019, "loss": 0.63662614, "lr": 8.646e-05, "params": 6465, "time_iter": 0.01401, "accuracy": 0.66667, "precision": 0.66667, "recall": 1.0, "f1": 0.8, "auc": 0.50296}
{"epoch": 82, "time_epoch": 0.04409, "eta": 0.64792, "eta_hours": 0.00018, "loss": 0.63662344, "lr": 7.784e-05, "params": 6465, "time_iter": 0.0147, "accuracy": 0.66667, "precision": 0.66667, "recall": 1.0, "f1": 0.8, "auc": 0.50296}
{"epoch": 83, "time_epoch": 0.049, "eta": 0.61188, "eta_hours": 0.00017, "loss": 0.63662784, "lr": 6.963e-05, "params": 6465, "time_iter": 0.01633, "accuracy": 0.66667, "precision": 0.66667, "recall": 1.0, "f1": 0.8, "auc": 0.43491}
{"epoch": 84, "time_epoch": 0.05325, "eta": 0.57629, "eta_hours": 0.00016, "loss": 0.63661572, "lr": 6.185e-05, "params": 6465, "time_iter": 0.01775, "accuracy": 0.66667, "precision": 0.66667, "recall": 1.0, "f1": 0.8, "auc": 0.60355}
{"epoch": 85, "time_epoch": 0.04858, "eta": 0.53952, "eta_hours": 0.00015, "loss": 0.63662304, "lr": 5.45e-05, "params": 6465, "time_iter": 0.01619, "accuracy": 0.66667, "precision": 0.66667, "recall": 1.0, "f1": 0.8, "auc": 0.5355}
{"epoch": 86, "time_epoch": 0.04446, "eta": 0.50187, "eta_hours": 0.00014, "loss": 0.63662188, "lr": 4.759e-05, "params": 6465, "time_iter": 0.01482, "accuracy": 0.66667, "precision": 0.66667, "recall": 1.0, "f1": 0.8, "auc": 0.47633}
{"epoch": 87, "time_epoch": 0.04456, "eta": 0.46408, "eta_hours": 0.00013, "loss": 0.63660832, "lr": 4.112e-05, "params": 6465, "time_iter": 0.01485, "accuracy": 0.66667, "precision": 0.66667, "recall": 1.0, "f1": 0.8, "auc": 0.64349}
{"epoch": 88, "time_epoch": 0.05291, "eta": 0.42716, "eta_hours": 0.00012, "loss": 0.63662689, "lr": 3.511e-05, "params": 6465, "time_iter": 0.01764, "accuracy": 0.66667, "precision": 0.66667, "recall": 1.0, "f1": 0.8, "auc": 0.44675}
{"epoch": 89, "time_epoch": 0.04305, "eta": 0.3888, "eta_hours": 0.00011, "loss": 0.63662493, "lr": 2.956e-05, "params": 6465, "time_iter": 0.01435, "accuracy": 0.66667, "precision": 0.66667, "recall": 1.0, "f1": 0.8, "auc": 0.41716}
{"epoch": 90, "time_epoch": 0.04346, "eta": 0.35037, "eta_hours": 0.0001, "loss": 0.63662788, "lr": 2.447e-05, "params": 6465, "time_iter": 0.01449, "accuracy": 0.66667, "precision": 0.66667, "recall": 1.0, "f1": 0.8, "auc": 0.37574}
{"epoch": 91, "time_epoch": 0.04732, "eta": 0.31217, "eta_hours": 9e-05, "loss": 0.63662617, "lr": 1.985e-05, "params": 6465, "time_iter": 0.01577, "accuracy": 0.66667, "precision": 0.66667, "recall": 1.0, "f1": 0.8, "auc": 0.44675}
{"epoch": 92, "time_epoch": 0.04305, "eta": 0.27345, "eta_hours": 8e-05, "loss": 0.63660862, "lr": 1.571e-05, "params": 6465, "time_iter": 0.01435, "accuracy": 0.66667, "precision": 0.66667, "recall": 1.0, "f1": 0.8, "auc": 0.59911}
{"epoch": 93, "time_epoch": 0.04343, "eta": 0.23467, "eta_hours": 7e-05, "loss": 0.63661587, "lr": 1.204e-05, "params": 6465, "time_iter": 0.01448, "accuracy": 0.66667, "precision": 0.66667, "recall": 1.0, "f1": 0.8, "auc": 0.57101}
{"epoch": 94, "time_epoch": 0.04326, "eta": 0.19577, "eta_hours": 5e-05, "loss": 0.63661953, "lr": 8.86e-06, "params": 6465, "time_iter": 0.01442, "accuracy": 0.66667, "precision": 0.66667, "recall": 1.0, "f1": 0.8, "auc": 0.47337}
{"epoch": 95, "time_epoch": 0.04304, "eta": 0.15678, "eta_hours": 4e-05, "loss": 0.6366132, "lr": 6.16e-06, "params": 6465, "time_iter": 0.01435, "accuracy": 0.66667, "precision": 0.66667, "recall": 1.0, "f1": 0.8, "auc": 0.54142}
{"epoch": 96, "time_epoch": 0.04281, "eta": 0.1177, "eta_hours": 3e-05, "loss": 0.63661374, "lr": 3.94e-06, "params": 6465, "time_iter": 0.01427, "accuracy": 0.66667, "precision": 0.66667, "recall": 1.0, "f1": 0.8, "auc": 0.60207}
{"epoch": 97, "time_epoch": 0.04254, "eta": 0.07853, "eta_hours": 2e-05, "loss": 0.63661992, "lr": 2.22e-06, "params": 6465, "time_iter": 0.01418, "accuracy": 0.66667, "precision": 0.66667, "recall": 1.0, "f1": 0.8, "auc": 0.49112}
{"epoch": 98, "time_epoch": 0.04547, "eta": 0.03933, "eta_hours": 1e-05, "loss": 0.63660283, "lr": 9.9e-07, "params": 6465, "time_iter": 0.01516, "accuracy": 0.66667, "precision": 0.66667, "recall": 1.0, "f1": 0.8, "auc": 0.71893}
{"epoch": 99, "time_epoch": 0.04504, "eta": 0.0, "eta_hours": 0.0, "loss": 0.63663488, "lr": 2.5e-07, "params": 6465, "time_iter": 0.01501, "accuracy": 0.66667, "precision": 0.66667, "recall": 1.0, "f1": 0.8, "auc": 0.33728}
