{"epoch": 0, "time_epoch": 6.61593, "eta": 654.97661, "eta_hours": 0.18194, "loss": 0.69345442, "lr": 0.001, "params": 8313, "time_iter": 0.60145, "accuracy": 0.52381, "precision": 0.0, "recall": 0.0, "f1": 0.0, "auc": 0.35682}
{"epoch": 1, "time_epoch": 7.72938, "eta": 702.92017, "eta_hours": 0.19526, "loss": 0.69253602, "lr": 0.00099975, "params": 8313, "time_iter": 0.70267, "accuracy": 0.52381, "precision": 0.0, "recall": 0.0, "f1": 0.0, "auc": 0.65455}
{"epoch": 2, "time_epoch": 0.58382, "eta": 482.70859, "eta_hours": 0.13409, "loss": 0.69313664, "lr": 0.00099901, "params": 8313, "time_iter": 0.05307, "accuracy": 0.52381, "precision": 0.0, "recall": 0.0, "f1": 0.0, "auc": 0.5}
{"epoch": 3, "time_epoch": 0.61078, "eta": 372.95787, "eta_hours": 0.1036, "loss": 0.69183385, "lr": 0.00099778, "params": 8313, "time_iter": 0.05553, "accuracy": 0.52381, "precision": 0.0, "recall": 0.0, "f1": 0.0, "auc": 0.61591}
{"epoch": 4, "time_epoch": 0.64984, "eta": 307.60529, "eta_hours": 0.08545, "loss": 0.69068842, "lr": 0.00099606, "params": 8313, "time_iter": 0.05908, "accuracy": 0.54762, "precision": 1.0, "recall": 0.05, "f1": 0.09524, "auc": 0.64545}
{"epoch": 5, "time_epoch": 0.6643, "eta": 264.04688, "eta_hours": 0.07335, "loss": 0.69022681, "lr": 0.00099384, "params": 8313, "time_iter": 0.06039, "accuracy": 0.54762, "precision": 1.0, "recall": 0.05, "f1": 0.09524, "auc": 0.58182}
{"epoch": 6, "time_epoch": 0.66707, "eta": 232.78069, "eta_hours": 0.06466, "loss": 0.68591912, "lr": 0.00099114, "params": 8313, "time_iter": 0.06064, "accuracy": 0.54762, "precision": 1.0, "recall": 0.05, "f1": 0.09524, "auc": 0.80227}
{"epoch": 7, "time_epoch": 0.71712, "eta": 209.73981, "eta_hours": 0.05826, "loss": 0.68140898, "lr": 0.00098796, "params": 8313, "time_iter": 0.06519, "accuracy": 0.64286, "precision": 1.0, "recall": 0.25, "f1": 0.4, "auc": 0.81364}
{"epoch": 8, "time_epoch": 0.81876, "eta": 192.68745, "eta_hours": 0.05352, "loss": 0.68037338, "lr": 0.00098429, "params": 8313, "time_iter": 0.07443, "accuracy": 0.57143, "precision": 0.66667, "recall": 0.2, "f1": 0.30769, "auc": 0.73864}
{"epoch": 9, "time_epoch": 0.58936, "eta": 176.81723, "eta_hours": 0.04912, "loss": 0.66409654, "lr": 0.00098015, "params": 8313, "time_iter": 0.05358, "accuracy": 0.69048, "precision": 0.88889, "recall": 0.4, "f1": 0.55172, "auc": 0.85227}
{"epoch": 10, "time_epoch": 0.79115, "eta": 165.35799, "eta_hours": 0.04593, "loss": 0.66460667, "lr": 0.00097553, "params": 8313, "time_iter": 0.07192, "accuracy": 0.7619, "precision": 0.8125, "recall": 0.65, "f1": 0.72222, "auc": 0.76818}
{"epoch": 11, "time_epoch": 0.56912, "eta": 154.04857, "eta_hours": 0.04279, "loss": 0.64056353, "lr": 0.00097044, "params": 8313, "time_iter": 0.05174, "accuracy": 0.80952, "precision": 0.92857, "recall": 0.65, "f1": 0.76471, "auc": 0.83636}
{"epoch": 12, "time_epoch": 0.61652, "eta": 144.7087, "eta_hours": 0.0402, "loss": 0.61536967, "lr": 0.00096489, "params": 8313, "time_iter": 0.05605, "accuracy": 0.7381, "precision": 0.73684, "recall": 0.7, "f1": 0.71795, "auc": 0.86364}
{"epoch": 13, "time_epoch": 0.63067, "eta": 136.70199, "eta_hours": 0.03797, "loss": 0.58193717, "lr": 0.00095888, "params": 8313, "time_iter": 0.05733, "accuracy": 0.78571, "precision": 0.82353, "recall": 0.7, "f1": 0.75676, "auc": 0.87727}
{"epoch": 14, "time_epoch": 0.77461, "eta": 130.49437, "eta_hours": 0.03625, "loss": 0.53364637, "lr": 0.00095241, "params": 8313, "time_iter": 0.07042, "accuracy": 0.83333, "precision": 0.84211, "recall": 0.8, "f1": 0.82051, "auc": 0.92045}
{"epoch": 15, "time_epoch": 0.83481, "eta": 125.28193, "eta_hours": 0.0348, "loss": 0.51608396, "lr": 0.0009455, "params": 8313, "time_iter": 0.07589, "accuracy": 0.83333, "precision": 0.84211, "recall": 0.8, "f1": 0.82051, "auc": 0.89545}
{"epoch": 16, "time_epoch": 0.82051, "eta": 120.51469, "eta_hours": 0.03348, "loss": 0.46250028, "lr": 0.00093815, "params": 8313, "time_iter": 0.07459, "accuracy": 0.80952, "precision": 0.875, "recall": 0.7, "f1": 0.77778, "auc": 0.89318}
{"epoch": 17, "time_epoch": 0.81755, "eta": 116.17248, "eta_hours": 0.03227, "loss": 0.44557154, "lr": 0.00093037, "params": 8313, "time_iter": 0.07432, "accuracy": 0.78571, "precision": 0.78947, "recall": 0.75, "f1": 0.76923, "auc": 0.89773}
{"epoch": 18, "time_epoch": 0.81092, "eta": 112.17306, "eta_hours": 0.03116, "loss": 0.45363711, "lr": 0.00092216, "params": 8313, "time_iter": 0.07372, "accuracy": 0.80952, "precision": 0.83333, "recall": 0.75, "f1": 0.78947, "auc": 0.86364}
{"epoch": 19, "time_epoch": 0.80212, "eta": 108.45729, "eta_hours": 0.03013, "loss": 0.47610515, "lr": 0.00091354, "params": 8313, "time_iter": 0.07292, "accuracy": 0.69048, "precision": 0.70588, "recall": 0.6, "f1": 0.64865, "auc": 0.84773}
{"epoch": 20, "time_epoch": 0.79562, "eta": 104.99456, "eta_hours": 0.02917, "loss": 0.49619546, "lr": 0.00090451, "params": 8313, "time_iter": 0.07233, "accuracy": 0.78571, "precision": 0.78947, "recall": 0.75, "f1": 0.76923, "auc": 0.84091}
{"epoch": 21, "time_epoch": 0.80225, "eta": 101.79779, "eta_hours": 0.02828, "loss": 0.31238591, "lr": 0.00089508, "params": 8313, "time_iter": 0.07293, "accuracy": 0.92857, "precision": 0.90476, "recall": 0.95, "f1": 0.92683, "auc": 0.95227}
{"epoch": 22, "time_epoch": 0.7948, "eta": 98.78431, "eta_hours": 0.02744, "loss": 0.37255012, "lr": 0.00088526, "params": 8313, "time_iter": 0.07225, "accuracy": 0.80952, "precision": 0.83333, "recall": 0.75, "f1": 0.78947, "auc": 0.90682}
{"epoch": 23, "time_epoch": 0.80736, "eta": 95.99546, "eta_hours": 0.02667, "loss": 0.24881484, "lr": 0.00087506, "params": 8313, "time_iter": 0.0734, "accuracy": 0.90476, "precision": 0.94444, "recall": 0.85, "f1": 0.89474, "auc": 0.97955}
{"epoch": 24, "time_epoch": 0.80366, "eta": 93.35404, "eta_hours": 0.02593, "loss": 0.37251312, "lr": 0.00086448, "params": 8313, "time_iter": 0.07306, "accuracy": 0.80952, "precision": 0.77273, "recall": 0.85, "f1": 0.80952, "auc": 0.90455}
{"epoch": 25, "time_epoch": 0.8128, "eta": 90.88001, "eta_hours": 0.02524, "loss": 0.2528945, "lr": 0.00085355, "params": 8313, "time_iter": 0.07389, "accuracy": 0.90476, "precision": 0.94444, "recall": 0.85, "f1": 0.89474, "auc": 0.97273}
{"epoch": 26, "time_epoch": 0.81428, "eta": 88.53303, "eta_hours": 0.02459, "loss": 0.21624773, "lr": 0.00084227, "params": 8313, "time_iter": 0.07403, "accuracy": 0.92857, "precision": 1.0, "recall": 0.85, "f1": 0.91892, "auc": 0.97273}
{"epoch": 27, "time_epoch": 0.66733, "eta": 85.91767, "eta_hours": 0.02387, "loss": 0.30147164, "lr": 0.00083066, "params": 8313, "time_iter": 0.06067, "accuracy": 0.88095, "precision": 0.89474, "recall": 0.85, "f1": 0.87179, "auc": 0.94318}
{"epoch": 28, "time_epoch": 0.65267, "eta": 83.40076, "eta_hours": 0.02317, "loss": 0.13694763, "lr": 0.00081871, "params": 8313, "time_iter": 0.05933, "accuracy": 0.97619, "precision": 1.0, "recall": 0.95, "f1": 0.97436, "auc": 1.0}
{"epoch": 29, "time_epoch": 0.65342, "eta": 81.00987, "eta_hours": 0.0225, "loss": 0.15171959, "lr": 0.00080645, "params": 8313, "time_iter": 0.0594, "accuracy": 0.95238, "precision": 0.95, "recall": 0.95, "f1": 0.95, "auc": 0.99091}
{"epoch": 30, "time_epoch": 0.65805, "eta": 78.7414, "eta_hours": 0.02187, "loss": 0.16179519, "lr": 0.00079389, "params": 8313, "time_iter": 0.05982, "accuracy": 0.95238, "precision": 0.95, "recall": 0.95, "f1": 0.95, "auc": 0.98636}
{"epoch": 31, "time_epoch": 0.65171, "eta": 76.5601, "eta_hours": 0.02127, "loss": 0.14417839, "lr": 0.00078104, "params": 8313, "time_iter": 0.05925, "accuracy": 0.95238, "precision": 1.0, "recall": 0.9, "f1": 0.94737, "auc": 0.99545}
{"epoch": 32, "time_epoch": 0.65451, "eta": 74.47719, "eta_hours": 0.02069, "loss": 0.17529175, "lr": 0.00076791, "params": 8313, "time_iter": 0.0595, "accuracy": 0.92857, "precision": 0.94737, "recall": 0.9, "f1": 0.92308, "auc": 0.97955}
{"epoch": 33, "time_epoch": 0.65678, "eta": 72.48271, "eta_hours": 0.02013, "loss": 0.08854626, "lr": 0.00075452, "params": 8313, "time_iter": 0.05971, "accuracy": 1.0, "precision": 1.0, "recall": 1.0, "f1": 1.0, "auc": 1.0}
{"epoch": 34, "time_epoch": 0.66158, "eta": 70.57357, "eta_hours": 0.0196, "loss": 0.14072415, "lr": 0.00074088, "params": 8313, "time_iter": 0.06014, "accuracy": 0.95238, "precision": 0.95, "recall": 0.95, "f1": 0.95, "auc": 0.98864}
{"epoch": 35, "time_epoch": 0.65982, "eta": 68.73062, "eta_hours": 0.01909, "loss": 0.50917856, "lr": 0.000727, "params": 8313, "time_iter": 0.05998, "accuracy": 0.78571, "precision": 0.86667, "recall": 0.65, "f1": 0.74286, "auc": 0.87727}
{"epoch": 36, "time_epoch": 0.65635, "eta": 66.94572, "eta_hours": 0.0186, "loss": 0.10218949, "lr": 0.00071289, "params": 8313, "time_iter": 0.05967, "accuracy": 0.95238, "precision": 0.95, "recall": 0.95, "f1": 0.95, "auc": 0.99545}
{"epoch": 37, "time_epoch": 0.66454, "eta": 65.23357, "eta_hours": 0.01812, "loss": 0.2599875, "lr": 0.00069857, "params": 8313, "time_iter": 0.06041, "accuracy": 0.92857, "precision": 0.94737, "recall": 0.9, "f1": 0.92308, "auc": 0.96364}
{"epoch": 38, "time_epoch": 0.65538, "eta": 63.56081, "eta_hours": 0.01766, "loss": 0.25260858, "lr": 0.00068406, "params": 8313, "time_iter": 0.05958, "accuracy": 0.92857, "precision": 0.90476, "recall": 0.95, "f1": 0.92683, "auc": 0.96818}
{"epoch": 39, "time_epoch": 0.66412, "eta": 61.95205, "eta_hours": 0.01721, "loss": 0.0880778, "lr": 0.00066937, "params": 8313, "time_iter": 0.06037, "accuracy": 0.95238, "precision": 0.95, "recall": 0.95, "f1": 0.95, "auc": 0.99773}
{"epoch": 40, "time_epoch": 0.65401, "eta": 60.37481, "eta_hours": 0.01677, "loss": 0.12895992, "lr": 0.00065451, "params": 8313, "time_iter": 0.05946, "accuracy": 0.97619, "precision": 1.0, "recall": 0.95, "f1": 0.97436, "auc": 0.98409}
{"epoch": 41, "time_epoch": 0.65198, "eta": 58.83873, "eta_hours": 0.01634, "loss": 0.43500076, "lr": 0.0006395, "params": 8313, "time_iter": 0.05927, "accuracy": 0.80952, "precision": 0.8, "recall": 0.8, "f1": 0.8, "auc": 0.91818}
{"epoch": 42, "time_epoch": 0.65523, "eta": 57.34808, "eta_hours": 0.01593, "loss": 0.14530129, "lr": 0.00062434, "params": 8313, "time_iter": 0.05957, "accuracy": 0.90476, "precision": 0.86364, "recall": 0.95, "f1": 0.90476, "auc": 0.99318}
{"epoch": 43, "time_epoch": 0.65707, "eta": 55.89775, "eta_hours": 0.01553, "loss": 0.07776776, "lr": 0.00060907, "params": 8313, "time_iter": 0.05973, "accuracy": 0.97619, "precision": 0.95238, "recall": 1.0, "f1": 0.97561, "auc": 1.0}
{"epoch": 44, "time_epoch": 0.65526, "eta": 54.48046, "eta_hours": 0.01513, "loss": 0.12374481, "lr": 0.00059369, "params": 8313, "time_iter": 0.05957, "accuracy": 0.92857, "precision": 0.90476, "recall": 0.95, "f1": 0.92683, "auc": 0.99545}
{"epoch": 45, "time_epoch": 0.65688, "eta": 53.0982, "eta_hours": 0.01475, "loss": 0.35675393, "lr": 0.00057822, "params": 8313, "time_iter": 0.05972, "accuracy": 0.88095, "precision": 0.89474, "recall": 0.85, "f1": 0.87179, "auc": 0.93636}
{"epoch": 46, "time_epoch": 0.65641, "eta": 51.74628, "eta_hours": 0.01437, "loss": 0.26321992, "lr": 0.00056267, "params": 8313, "time_iter": 0.05967, "accuracy": 0.92857, "precision": 0.94737, "recall": 0.9, "f1": 0.92308, "auc": 0.95682}
{"epoch": 47, "time_epoch": 0.65332, "eta": 50.41998, "eta_hours": 0.01401, "loss": 0.08875424, "lr": 0.00054705, "params": 8313, "time_iter": 0.05939, "accuracy": 0.97619, "precision": 0.95238, "recall": 1.0, "f1": 0.97561, "auc": 0.99773}
{"epoch": 48, "time_epoch": 0.6535, "eta": 49.12135, "eta_hours": 0.01364, "loss": 0.03553721, "lr": 0.0005314, "params": 8313, "time_iter": 0.05941, "accuracy": 1.0, "precision": 1.0, "recall": 1.0, "f1": 1.0, "auc": 1.0}
{"epoch": 49, "time_epoch": 0.65959, "eta": 47.85461, "eta_hours": 0.01329, "loss": 0.18008038, "lr": 0.00051571, "params": 8313, "time_iter": 0.05996, "accuracy": 0.95238, "precision": 0.95, "recall": 0.95, "f1": 0.95, "auc": 0.975}
{"epoch": 50, "time_epoch": 0.6607, "eta": 46.61275, "eta_hours": 0.01295, "loss": 0.14234371, "lr": 0.0005, "params": 8313, "time_iter": 0.06006, "accuracy": 0.92857, "precision": 0.94737, "recall": 0.9, "f1": 0.92308, "auc": 0.98636}
{"epoch": 51, "time_epoch": 0.66485, "eta": 45.39707, "eta_hours": 0.01261, "loss": 0.0238645, "lr": 0.00048429, "params": 8313, "time_iter": 0.06044, "accuracy": 1.0, "precision": 1.0, "recall": 1.0, "f1": 1.0, "auc": 1.0}
{"epoch": 52, "time_epoch": 0.66486, "eta": 44.20219, "eta_hours": 0.01228, "loss": 0.1520617, "lr": 0.0004686, "params": 8313, "time_iter": 0.06044, "accuracy": 0.92857, "precision": 1.0, "recall": 0.85, "f1": 0.91892, "auc": 0.98636}
{"epoch": 53, "time_epoch": 0.65879, "eta": 43.02177, "eta_hours": 0.01195, "loss": 0.06407926, "lr": 0.00045295, "params": 8313, "time_iter": 0.05989, "accuracy": 0.95238, "precision": 1.0, "recall": 0.9, "f1": 0.94737, "auc": 1.0}
{"epoch": 54, "time_epoch": 0.66111, "eta": 41.86221, "eta_hours": 0.01163, "loss": 0.16979434, "lr": 0.00043733, "params": 8313, "time_iter": 0.0601, "accuracy": 0.97619, "precision": 0.95238, "recall": 1.0, "f1": 0.97561, "auc": 0.97727}
{"epoch": 55, "time_epoch": 0.66627, "eta": 40.72451, "eta_hours": 0.01131, "loss": 0.19008759, "lr": 0.00042178, "params": 8313, "time_iter": 0.06057, "accuracy": 0.92857, "precision": 0.90476, "recall": 0.95, "f1": 0.92683, "auc": 0.98182}
{"epoch": 56, "time_epoch": 0.6563, "eta": 39.59583, "eta_hours": 0.011, "loss": 0.13016149, "lr": 0.00040631, "params": 8313, "time_iter": 0.05966, "accuracy": 0.95238, "precision": 1.0, "recall": 0.9, "f1": 0.94737, "auc": 0.98409}
{"epoch": 57, "time_epoch": 0.66475, "eta": 38.48956, "eta_hours": 0.01069, "loss": 0.05142167, "lr": 0.00039093, "params": 8313, "time_iter": 0.06043, "accuracy": 0.97619, "precision": 0.95238, "recall": 1.0, "f1": 0.97561, "auc": 1.0}
{"epoch": 58, "time_epoch": 0.65772, "eta": 37.39337, "eta_hours": 0.01039, "loss": 0.01790076, "lr": 0.00037566, "params": 8313, "time_iter": 0.05979, "accuracy": 1.0, "precision": 1.0, "recall": 1.0, "f1": 1.0, "auc": 1.0}
{"epoch": 59, "time_epoch": 0.65609, "eta": 36.3107, "eta_hours": 0.01009, "loss": 0.05167505, "lr": 0.0003605, "params": 8313, "time_iter": 0.05964, "accuracy": 0.97619, "precision": 0.95238, "recall": 1.0, "f1": 0.97561, "auc": 1.0}
{"epoch": 60, "time_epoch": 0.66177, "eta": 35.24566, "eta_hours": 0.00979, "loss": 0.11978346, "lr": 0.00034549, "params": 8313, "time_iter": 0.06016, "accuracy": 0.97619, "precision": 0.95238, "recall": 1.0, "f1": 0.97561, "auc": 0.98864}
{"epoch": 61, "time_epoch": 0.65322, "eta": 34.18839, "eta_hours": 0.0095, "loss": 0.02212946, "lr": 0.00033063, "params": 8313, "time_iter": 0.05938, "accuracy": 1.0, "precision": 1.0, "recall": 1.0, "f1": 1.0, "auc": 1.0}
{"epoch": 62, "time_epoch": 0.66614, "eta": 33.15153, "eta_hours": 0.00921, "loss": 0.39081905, "lr": 0.00031594, "params": 8313, "time_iter": 0.06056, "accuracy": 0.80952, "precision": 0.83333, "recall": 0.75, "f1": 0.78947, "auc": 0.92727}
{"epoch": 63, "time_epoch": 0.65863, "eta": 32.12202, "eta_hours": 0.00892, "loss": 0.1081503, "lr": 0.00030143, "params": 8313, "time_iter": 0.05988, "accuracy": 0.92857, "precision": 0.86957, "recall": 1.0, "f1": 0.93023, "auc": 1.0}
{"epoch": 64, "time_epoch": 0.66369, "eta": 31.10666, "eta_hours": 0.00864, "loss": 0.06618824, "lr": 0.00028711, "params": 8313, "time_iter": 0.06034, "accuracy": 0.97619, "precision": 0.95238, "recall": 1.0, "f1": 0.97561, "auc": 0.99773}
{"epoch": 65, "time_epoch": 0.66301, "eta": 30.1016, "eta_hours": 0.00836, "loss": 0.01618955, "lr": 0.000273, "params": 8313, "time_iter": 0.06027, "accuracy": 1.0, "precision": 1.0, "recall": 1.0, "f1": 1.0, "auc": 1.0}
{"epoch": 66, "time_epoch": 0.66357, "eta": 29.10703, "eta_hours": 0.00809, "loss": 0.31652951, "lr": 0.00025912, "params": 8313, "time_iter": 0.06032, "accuracy": 0.90476, "precision": 0.94444, "recall": 0.85, "f1": 0.89474, "auc": 0.95909}
{"epoch": 67, "time_epoch": 0.66084, "eta": 28.12091, "eta_hours": 0.00781, "loss": 0.1508011, "lr": 0.00024548, "params": 8313, "time_iter": 0.06008, "accuracy": 0.92857, "precision": 0.94737, "recall": 0.9, "f1": 0.92308, "auc": 0.98182}
{"epoch": 68, "time_epoch": 0.65632, "eta": 27.14218, "eta_hours": 0.00754, "loss": 0.13140634, "lr": 0.00023209, "params": 8313, "time_iter": 0.05967, "accuracy": 0.97619, "precision": 1.0, "recall": 0.95, "f1": 0.97436, "auc": 0.98636}
{"epoch": 69, "time_epoch": 0.65669, "eta": 26.17283, "eta_hours": 0.00727, "loss": 0.14251931, "lr": 0.00021896, "params": 8313, "time_iter": 0.0597, "accuracy": 0.97619, "precision": 0.95238, "recall": 1.0, "f1": 0.97561, "auc": 0.99318}
{"epoch": 70, "time_epoch": 0.65938, "eta": 25.21339, "eta_hours": 0.007, "loss": 0.02007873, "lr": 0.00020611, "params": 8313, "time_iter": 0.05994, "accuracy": 1.0, "precision": 1.0, "recall": 1.0, "f1": 1.0, "auc": 1.0}
{"epoch": 71, "time_epoch": 0.66025, "eta": 24.26261, "eta_hours": 0.00674, "loss": 0.1427935, "lr": 0.00019355, "params": 8313, "time_iter": 0.06002, "accuracy": 0.95238, "precision": 1.0, "recall": 0.9, "f1": 0.94737, "auc": 0.99545}
{"epoch": 72, "time_epoch": 0.65907, "eta": 23.31936, "eta_hours": 0.00648, "loss": 0.07439273, "lr": 0.00018129, "params": 8313, "time_iter": 0.05992, "accuracy": 0.97619, "precision": 0.95238, "recall": 1.0, "f1": 0.97561, "auc": 1.0}
{"epoch": 73, "time_epoch": 0.6616, "eta": 22.38468, "eta_hours": 0.00622, "loss": 0.38173962, "lr": 0.00016934, "params": 8313, "time_iter": 0.06015, "accuracy": 0.80952, "precision": 0.92857, "recall": 0.65, "f1": 0.76471, "auc": 0.95}
{"epoch": 74, "time_epoch": 0.66497, "eta": 21.4584, "eta_hours": 0.00596, "loss": 0.07048937, "lr": 0.00015773, "params": 8313, "time_iter": 0.06045, "accuracy": 0.95238, "precision": 0.90909, "recall": 1.0, "f1": 0.95238, "auc": 0.99773}
{"epoch": 75, "time_epoch": 0.65522, "eta": 20.53592, "eta_hours": 0.0057, "loss": 0.23243477, "lr": 0.00014645, "params": 8313, "time_iter": 0.05957, "accuracy": 0.90476, "precision": 0.9, "recall": 0.9, "f1": 0.9, "auc": 0.96818}
{"epoch": 76, "time_epoch": 0.65887, "eta": 19.62148, "eta_hours": 0.00545, "loss": 0.07178614, "lr": 0.00013552, "params": 8313, "time_iter": 0.0599, "accuracy": 0.97619, "precision": 1.0, "recall": 0.95, "f1": 0.97436, "auc": 1.0}
{"epoch": 77, "time_epoch": 0.66298, "eta": 18.71475, "eta_hours": 0.0052, "loss": 0.02548273, "lr": 0.00012494, "params": 8313, "time_iter": 0.06027, "accuracy": 1.0, "precision": 1.0, "recall": 1.0, "f1": 1.0, "auc": 1.0}
{"epoch": 78, "time_epoch": 0.66094, "eta": 17.81364, "eta_hours": 0.00495, "loss": 0.06649063, "lr": 0.00011474, "params": 8313, "time_iter": 0.06009, "accuracy": 0.95238, "precision": 1.0, "recall": 0.9, "f1": 0.94737, "auc": 1.0}
{"epoch": 79, "time_epoch": 0.6553, "eta": 16.91713, "eta_hours": 0.0047, "loss": 0.07150161, "lr": 0.00010492, "params": 8313, "time_iter": 0.05957, "accuracy": 0.97619, "precision": 0.95238, "recall": 1.0, "f1": 0.97561, "auc": 1.0}
{"epoch": 80, "time_epoch": 0.66348, "eta": 16.02849, "eta_hours": 0.00445, "loss": 0.06799862, "lr": 9.549e-05, "params": 8313, "time_iter": 0.06032, "accuracy": 0.97619, "precision": 1.0, "recall": 0.95, "f1": 0.97436, "auc": 1.0}
{"epoch": 81, "time_epoch": 0.66484, "eta": 15.14565, "eta_hours": 0.00421, "loss": 0.01480029, "lr": 8.646e-05, "params": 8313, "time_iter": 0.06044, "accuracy": 1.0, "precision": 1.0, "recall": 1.0, "f1": 1.0, "auc": 1.0}
{"epoch": 82, "time_epoch": 0.65523, "eta": 14.26609, "eta_hours": 0.00396, "loss": 0.07435742, "lr": 7.784e-05, "params": 8313, "time_iter": 0.05957, "accuracy": 0.97619, "precision": 0.95238, "recall": 1.0, "f1": 0.97561, "auc": 0.99545}
{"epoch": 83, "time_epoch": 0.65659, "eta": 13.39213, "eta_hours": 0.00372, "loss": 0.02032014, "lr": 6.963e-05, "params": 8313, "time_iter": 0.05969, "accuracy": 1.0, "precision": 1.0, "recall": 1.0, "f1": 1.0, "auc": 1.0}
{"epoch": 84, "time_epoch": 0.66115, "eta": 12.52408, "eta_hours": 0.00348, "loss": 0.01980298, "lr": 6.185e-05, "params": 8313, "time_iter": 0.0601, "accuracy": 1.0, "precision": 1.0, "recall": 1.0, "f1": 1.0, "auc": 1.0}
{"epoch": 85, "time_epoch": 0.65995, "eta": 11.66066, "eta_hours": 0.00324, "loss": 0.22237614, "lr": 5.45e-05, "params": 8313, "time_iter": 0.06, "accuracy": 0.88095, "precision": 0.85714, "recall": 0.9, "f1": 0.87805, "auc": 0.97955}
{"epoch": 86, "time_epoch": 0.67128, "eta": 10.8036, "eta_hours": 0.003, "loss": 0.05614032, "lr": 4.759e-05, "params": 8313, "time_iter": 0.06103, "accuracy": 0.97619, "precision": 0.95238, "recall": 1.0, "f1": 0.97561, "auc": 1.0}
{"epoch": 87, "time_epoch": 0.65646, "eta": 9.94875, "eta_hours": 0.00276, "loss": 0.10007515, "lr": 4.112e-05, "params": 8313, "time_iter": 0.05968, "accuracy": 0.97619, "precision": 1.0, "recall": 0.95, "f1": 0.97436, "auc": 0.99545}
{"epoch": 88, "time_epoch": 0.65739, "eta": 9.09847, "eta_hours": 0.00253, "loss": 0.19901725, "lr": 3.511e-05, "params": 8313, "time_iter": 0.05976, "accuracy": 0.90476, "precision": 0.94444, "recall": 0.85, "f1": 0.89474, "auc": 0.98182}
{"epoch": 89, "time_epoch": 0.66456, "eta": 8.25327, "eta_hours": 0.00229, "loss": 0.08947072, "lr": 2.956e-05, "params": 8313, "time_iter": 0.06041, "accuracy": 0.97619, "precision": 0.95238, "recall": 1.0, "f1": 0.97561, "auc": 0.99773}
{"epoch": 90, "time_epoch": 0.66125, "eta": 7.41172, "eta_hours": 0.00206, "loss": 0.0255191, "lr": 2.447e-05, "params": 8313, "time_iter": 0.06011, "accuracy": 1.0, "precision": 1.0, "recall": 1.0, "f1": 1.0, "auc": 1.0}
{"epoch": 91, "time_epoch": 0.66125, "eta": 6.57408, "eta_hours": 0.00183, "loss": 0.00801888, "lr": 1.985e-05, "params": 8313, "time_iter": 0.06011, "accuracy": 1.0, "precision": 1.0, "recall": 1.0, "f1": 1.0, "auc": 1.0}
{"epoch": 92, "time_epoch": 0.65808, "eta": 5.74, "eta_hours": 0.00159, "loss": 0.23972334, "lr": 1.571e-05, "params": 8313, "time_iter": 0.05983, "accuracy": 0.88095, "precision": 0.94118, "recall": 0.8, "f1": 0.86486, "auc": 0.96818}
{"epoch": 93, "time_epoch": 0.65712, "eta": 4.90961, "eta_hours": 0.00136, "loss": 0.11780287, "lr": 1.204e-05, "params": 8313, "time_iter": 0.05974, "accuracy": 0.92857, "precision": 1.0, "recall": 0.85, "f1": 0.91892, "auc": 0.99545}
{"epoch": 94, "time_epoch": 0.6609, "eta": 4.08306, "eta_hours": 0.00113, "loss": 0.05592699, "lr": 8.86e-06, "params": 8313, "time_iter": 0.06008, "accuracy": 0.97619, "precision": 1.0, "recall": 0.95, "f1": 0.97436, "auc": 1.0}
{"epoch": 95, "time_epoch": 0.66506, "eta": 3.26013, "eta_hours": 0.00091, "loss": 0.05417324, "lr": 6.16e-06, "params": 8313, "time_iter": 0.06046, "accuracy": 0.97619, "precision": 0.95238, "recall": 1.0, "f1": 0.97561, "auc": 1.0}
{"epoch": 96, "time_epoch": 0.67034, "eta": 2.44062, "eta_hours": 0.00068, "loss": 0.04210806, "lr": 3.94e-06, "params": 8313, "time_iter": 0.06094, "accuracy": 0.97619, "precision": 0.95238, "recall": 1.0, "f1": 0.97561, "auc": 1.0}
{"epoch": 97, "time_epoch": 0.65812, "eta": 1.62391, "eta_hours": 0.00045, "loss": 0.21276587, "lr": 2.22e-06, "params": 8313, "time_iter": 0.05983, "accuracy": 0.90476, "precision": 0.86364, "recall": 0.95, "f1": 0.90476, "auc": 0.98182}
{"epoch": 98, "time_epoch": 0.66114, "eta": 0.81043, "eta_hours": 0.00023, "loss": 0.06294821, "lr": 9.9e-07, "params": 8313, "time_iter": 0.0601, "accuracy": 0.97619, "precision": 1.0, "recall": 0.95, "f1": 0.97436, "auc": 1.0}
{"epoch": 99, "time_epoch": 0.65332, "eta": 0.0, "eta_hours": 0.0, "loss": 0.09305966, "lr": 2.5e-07, "params": 8313, "time_iter": 0.05939, "accuracy": 0.95238, "precision": 0.90909, "recall": 1.0, "f1": 0.95238, "auc": 0.99773}
