{"epoch": 0, "time_epoch": 28.32596, "time_epoch_std": 0.4865, "eta": 2791.91577, "eta_std": 51.94698, "eta_hours": 0.77553, "eta_hours_std": 0.01443, "loss": 0.69712, "loss_std": 0.00454, "lr": 0.001, "lr_std": 0.0, "params": 3861.0, "params_std": 0.0, "time_iter": 0.88519, "time_iter_std": 0.01521, "accuracy": 0.48, "accuracy_std": 0.01715, "accuracy_max": 0.494, "precision": 0.22923, "precision_std": 0.23034, "recall": 0.23617, "recall_std": 0.28724, "f1": 0.2215, "f1_std": 0.24117, "auc": 0.46389, "auc_std": 0.01288}
