{"epoch": 0, "time_epoch": 28.36738, "time_epoch_std": 0.49447, "eta": 2808.37009, "eta_std": 48.95251, "eta_hours": 0.7801, "eta_hours_std": 0.0136, "loss": 0.69781, "loss_std": 0.00411, "lr": 0.001, "lr_std": 0.0, "params": 3861.0, "params_std": 0.0, "time_iter": 0.88648, "time_iter_std": 0.01545, "accuracy": 0.476, "accuracy_std": 0.01849, "accuracy_max": 0.494, "precision": 0.22569, "precision_std": 0.22637, "recall": 0.2085, "recall_std": 0.24278, "f1": 0.20906, "f1_std": 0.22307, "auc": 0.46184, "auc_std": 0.01496}
{"epoch": 1, "time_epoch": 28.16672, "time_epoch_std": 0.53324, "eta": 2770.17092, "eta_std": 50.29017, "eta_hours": 0.76949, "eta_hours_std": 0.01397, "loss": 0.69406, "loss_std": 0.00115, "lr": 0.001, "lr_std": 0.0, "params": 3861.0, "params_std": 0.0, "time_iter": 0.88021, "time_iter_std": 0.01666, "accuracy": 0.49, "accuracy_std": 0.0147, "accuracy_max": 0.506, "precision": 0.23588, "precision_std": 0.23712, "recall": 0.29842, "recall_std": 0.4127, "f1": 0.23512, "f1_std": 0.27501, "auc": 0.47353, "auc_std": 0.01567}
{"epoch": 2, "time_epoch": 28.17818, "time_epoch_std": 0.53203, "eta": 2739.03049, "eta_std": 50.37542, "eta_hours": 0.76084, "eta_hours_std": 0.01399, "loss": 0.69343, "loss_std": 0.00011, "lr": 0.001, "lr_std": 0.0, "params": 3861.0, "params_std": 0.0, "time_iter": 0.88057, "time_iter_std": 0.01662, "accuracy": 0.49, "accuracy_std": 0.01158, "accuracy_max": 0.506, "precision": 0.53733, "precision_std": 0.07503, "recall": 0.56818, "recall_std": 0.36012, "f1": 0.44666, "f1_std": 0.25462, "auc": 0.47335, "auc_std": 0.01346}
{"epoch": 3, "time_epoch": 28.17036, "time_epoch_std": 0.51472, "eta": 2709.18342, "eta_std": 49.73405, "eta_hours": 0.75255, "eta_hours_std": 0.01381, "loss": 0.6936, "loss_std": 0.00034, "lr": 0.001, "lr_std": 0.0, "params": 3861.0, "params_std": 0.0, "time_iter": 0.88032, "time_iter_std": 0.01608, "accuracy": 0.5, "accuracy_std": 0.00616, "accuracy_max": 0.506, "precision": 0.501, "precision_std": 0.00616, "recall": 0.75889, "recall_std": 0.37765, "f1": 0.54256, "f1_std": 0.2122, "auc": 0.44853, "auc_std": 0.00986}
{"epoch": 4, "time_epoch": 28.21806, "time_epoch_std": 0.5287, "eta": 2680.91321, "eta_std": 49.38476, "eta_hours": 0.7447, "eta_hours_std": 0.01372, "loss": 0.69341, "loss_std": 0.00018, "lr": 0.001, "lr_std": 0.0, "params": 3861.0, "params_std": 0.0, "time_iter": 0.88181, "time_iter_std": 0.01652, "accuracy": 0.4915, "accuracy_std": 0.01532, "accuracy_max": 0.506, "precision": 0.49583, "precision_std": 0.01047, "recall": 0.77174, "recall_std": 0.23831, "f1": 0.59024, "f1_std": 0.08686, "auc": 0.44677, "auc_std": 0.02641}
{"epoch": 5, "time_epoch": 28.1908, "time_epoch_std": 0.55142, "eta": 2652.23351, "eta_std": 49.35657, "eta_hours": 0.73673, "eta_hours_std": 0.01371, "loss": 0.69339, "loss_std": 0.00018, "lr": 0.00099, "lr_std": 0.0, "params": 3861.0, "params_std": 0.0, "time_iter": 0.88096, "time_iter_std": 0.01723, "accuracy": 0.503, "accuracy_std": 0.0052, "accuracy_max": 0.506, "precision": 0.37958, "precision_std": 0.21915, "recall": 0.73814, "recall_std": 0.42661, "f1": 0.50128, "f1_std": 0.28945, "auc": 0.4506, "auc_std": 0.01594}
{"epoch": 6, "time_epoch": 28.22922, "time_epoch_std": 0.5464, "eta": 2624.20381, "eta_std": 49.0849, "eta_hours": 0.72895, "eta_hours_std": 0.01363, "loss": 0.69334, "loss_std": 0.00017, "lr": 0.00099, "lr_std": 0.0, "params": 3861.0, "params_std": 0.0, "time_iter": 0.88216, "time_iter_std": 0.01707, "accuracy": 0.496, "accuracy_std": 0.01311, "accuracy_max": 0.506, "precision": 0.4962, "precision_std": 0.01487, "recall": 0.80336, "recall_std": 0.28437, "f1": 0.59154, "f1_std": 0.12368, "auc": 0.46932, "auc_std": 0.01912}
{"epoch": 7, "time_epoch": 28.21087, "time_epoch_std": 0.58229, "eta": 2595.9132, "eta_std": 49.1389, "eta_hours": 0.72109, "eta_hours_std": 0.01365, "loss": 0.69347, "loss_std": 0.00031, "lr": 0.00099, "lr_std": 0.0, "params": 3861.0, "params_std": 0.0, "time_iter": 0.88159, "time_iter_std": 0.0182, "accuracy": 0.4995, "accuracy_std": 0.01126, "accuracy_max": 0.506, "precision": 0.50023, "precision_std": 0.00999, "recall": 0.84782, "recall_std": 0.26357, "f1": 0.61206, "f1_std": 0.10378, "auc": 0.44698, "auc_std": 0.01228}
{"epoch": 8, "time_epoch": 28.23468, "time_epoch_std": 0.58075, "eta": 2567.88107, "eta_std": 49.07416, "eta_hours": 0.7133, "eta_hours_std": 0.01363, "loss": 0.69332, "loss_std": 0.00024, "lr": 0.00098, "lr_std": 0.0, "params": 3861.0, "params_std": 0.0, "time_iter": 0.88234, "time_iter_std": 0.01815, "accuracy": 0.4985, "accuracy_std": 0.01299, "accuracy_max": 0.506, "precision": 0.50052, "precision_std": 0.00948, "recall": 0.88538, "recall_std": 0.19854, "f1": 0.63178, "f1_std": 0.06962, "auc": 0.46756, "auc_std": 0.0183}
{"epoch": 9, "time_epoch": 28.24837, "time_epoch_std": 0.55607, "eta": 2539.93166, "eta_std": 48.67793, "eta_hours": 0.70554, "eta_hours_std": 0.01352, "loss": 0.69344, "loss_std": 0.00021, "lr": 0.00098, "lr_std": 0.0, "params": 3861.0, "params_std": 0.0, "time_iter": 0.88276, "time_iter_std": 0.01738, "accuracy": 0.506, "accuracy_std": 0.0, "accuracy_max": 0.506, "precision": 0.506, "precision_std": 0.0, "recall": 1.0, "recall_std": 0.0, "f1": 0.67198, "f1_std": 0.0, "auc": 0.43512, "auc_std": 0.0317}
{"epoch": 10, "time_epoch": 28.22039, "time_epoch_std": 0.55002, "eta": 2511.70153, "eta_std": 48.1833, "eta_hours": 0.6977, "eta_hours_std": 0.01338, "loss": 0.69326, "loss_std": 0.00013, "lr": 0.00098, "lr_std": 0.0, "params": 3861.0, "params_std": 0.0, "time_iter": 0.88188, "time_iter_std": 0.01719, "accuracy": 0.506, "accuracy_std": 0.0, "accuracy_max": 0.506, "precision": 0.506, "precision_std": 0.0, "recall": 1.0, "recall_std": 0.0, "f1": 0.67198, "f1_std": 0.0, "auc": 0.46631, "auc_std": 0.00924}
{"epoch": 11, "time_epoch": 28.2115, "time_epoch_std": 0.53228, "eta": 2483.40782, "eta_std": 47.57395, "eta_hours": 0.68984, "eta_hours_std": 0.01321, "loss": 0.6933, "loss_std": 0.00011, "lr": 0.00097, "lr_std": 0.0, "params": 3861.0, "params_std": 0.0, "time_iter": 0.88161, "time_iter_std": 0.01663, "accuracy": 0.506, "accuracy_std": 0.0, "accuracy_max": 0.506, "precision": 0.506, "precision_std": 0.0, "recall": 1.0, "recall_std": 0.0, "f1": 0.67198, "f1_std": 0.0, "auc": 0.45011, "auc_std": 0.01532}
{"epoch": 12, "time_epoch": 28.22842, "time_epoch_std": 0.57233, "eta": 2455.23998, "eta_std": 47.23774, "eta_hours": 0.68201, "eta_hours_std": 0.01312, "loss": 0.69337, "loss_std": 0.00018, "lr": 0.00096, "lr_std": 0.0, "params": 3861.0, "params_std": 0.0, "time_iter": 0.88214, "time_iter_std": 0.01789, "accuracy": 0.506, "accuracy_std": 0.0, "accuracy_max": 0.506, "precision": 0.506, "precision_std": 0.0, "recall": 1.0, "recall_std": 0.0, "f1": 0.67198, "f1_std": 0.0, "auc": 0.44936, "auc_std": 0.01401}
{"epoch": 13, "time_epoch": 28.21044, "time_epoch_std": 0.57569, "eta": 2426.95307, "eta_std": 46.89011, "eta_hours": 0.67415, "eta_hours_std": 0.01303, "loss": 0.69324, "loss_std": 0.00014, "lr": 0.00096, "lr_std": 0.0, "params": 3861.0, "params_std": 0.0, "time_iter": 0.88158, "time_iter_std": 0.01799, "accuracy": 0.506, "accuracy_std": 0.0, "accuracy_max": 0.506, "precision": 0.506, "precision_std": 0.0, "recall": 1.0, "recall_std": 0.0, "f1": 0.67198, "f1_std": 0.0, "auc": 0.47528, "auc_std": 0.01666}
{"epoch": 14, "time_epoch": 28.24117, "time_epoch_std": 0.56008, "eta": 2398.85047, "eta_std": 46.42354, "eta_hours": 0.66635, "eta_hours_std": 0.01289, "loss": 0.6933, "loss_std": 7e-05, "lr": 0.00095, "lr_std": 0.0, "params": 3861.0, "params_std": 0.0, "time_iter": 0.88254, "time_iter_std": 0.0175, "accuracy": 0.498, "accuracy_std": 0.01386, "accuracy_max": 0.506, "precision": 0.5014, "precision_std": 0.00796, "recall": 0.94466, "recall_std": 0.09584, "f1": 0.65391, "f1_std": 0.0313, "auc": 0.45566, "auc_std": 0.02051}
{"epoch": 15, "time_epoch": 28.24616, "time_epoch_std": 0.54633, "eta": 2370.75674, "eta_std": 45.87656, "eta_hours": 0.65854, "eta_hours_std": 0.01274, "loss": 0.69341, "loss_std": 0.00027, "lr": 0.00095, "lr_std": 0.0, "params": 3861.0, "params_std": 0.0, "time_iter": 0.8827, "time_iter_std": 0.01707, "accuracy": 0.506, "accuracy_std": 0.0, "accuracy_max": 0.506, "precision": 0.506, "precision_std": 0.0, "recall": 1.0, "recall_std": 0.0, "f1": 0.67198, "f1_std": 0.0, "auc": 0.44116, "auc_std": 0.01331}
{"epoch": 16, "time_epoch": 28.26168, "time_epoch_std": 0.53081, "eta": 2342.72089, "eta_std": 45.24612, "eta_hours": 0.65076, "eta_hours_std": 0.01257, "loss": 0.69339, "loss_std": 0.00012, "lr": 0.00094, "lr_std": 0.0, "params": 3861.0, "params_std": 0.0, "time_iter": 0.88318, "time_iter_std": 0.01659, "accuracy": 0.5065, "accuracy_std": 0.00087, "accuracy_max": 0.508, "precision": 0.50625, "precision_std": 0.00044, "recall": 1.0, "recall_std": 0.0, "f1": 0.6722, "f1_std": 0.00039, "auc": 0.4545, "auc_std": 0.00631}
{"epoch": 17, "time_epoch": 28.21519, "time_epoch_std": 0.57742, "eta": 2314.44814, "eta_std": 44.83479, "eta_hours": 0.6429, "eta_hours_std": 0.01246, "loss": 0.69333, "loss_std": 7e-05, "lr": 0.00093, "lr_std": 0.0, "params": 3861.0, "params_std": 0.0, "time_iter": 0.88172, "time_iter_std": 0.01804, "accuracy": 0.504, "accuracy_std": 0.00346, "accuracy_max": 0.506, "precision": 0.50502, "precision_std": 0.0017, "recall": 0.98913, "recall_std": 0.01883, "f1": 0.66861, "f1_std": 0.00584, "auc": 0.44333, "auc_std": 0.02119}
{"epoch": 18, "time_epoch": 28.22083, "time_epoch_std": 0.57197, "eta": 2286.20547, "eta_std": 44.39493, "eta_hours": 0.63506, "eta_hours_std": 0.01233, "loss": 0.69326, "loss_std": 0.00013, "lr": 0.00092, "lr_std": 0.0, "params": 3861.0, "params_std": 0.0, "time_iter": 0.8819, "time_iter_std": 0.01788, "accuracy": 0.506, "accuracy_std": 0.0, "accuracy_max": 0.506, "precision": 0.506, "precision_std": 0.0, "recall": 1.0, "recall_std": 0.0, "f1": 0.67198, "f1_std": 0.0, "auc": 0.4581, "auc_std": 0.02072}
{"epoch": 19, "time_epoch": 28.24576, "time_epoch_std": 0.58911, "eta": 2258.06472, "eta_std": 44.01005, "eta_hours": 0.62724, "eta_hours_std": 0.01223, "loss": 0.69331, "loss_std": 0.00013, "lr": 0.00091, "lr_std": 0.0, "params": 3861.0, "params_std": 0.0, "time_iter": 0.88268, "time_iter_std": 0.01841, "accuracy": 0.499, "accuracy_std": 0.01212, "accuracy_max": 0.506, "precision": 0.50177, "precision_std": 0.00733, "recall": 0.92688, "recall_std": 0.12665, "f1": 0.64857, "f1_std": 0.04054, "auc": 0.46194, "auc_std": 0.00849}
{"epoch": 20, "time_epoch": 28.21578, "time_epoch_std": 0.58172, "eta": 2229.8012, "eta_std": 43.57681, "eta_hours": 0.61939, "eta_hours_std": 0.0121, "loss": 0.69327, "loss_std": 0.00011, "lr": 0.0009, "lr_std": 0.0, "params": 3861.0, "params_std": 0.0, "time_iter": 0.88174, "time_iter_std": 0.01818, "accuracy": 0.499, "accuracy_std": 0.01212, "accuracy_max": 0.506, "precision": 0.50202, "precision_std": 0.00688, "recall": 0.94565, "recall_std": 0.09413, "f1": 0.65467, "f1_std": 0.02998, "auc": 0.46026, "auc_std": 0.01501}
{"epoch": 21, "time_epoch": 28.22568, "time_epoch_std": 0.54392, "eta": 2201.57711, "eta_std": 42.98683, "eta_hours": 0.61155, "eta_hours_std": 0.01194, "loss": 0.69327, "loss_std": 9e-05, "lr": 0.0009, "lr_std": 0.0, "params": 3861.0, "params_std": 0.0, "time_iter": 0.88205, "time_iter_std": 0.017, "accuracy": 0.506, "accuracy_std": 0.0, "accuracy_max": 0.506, "precision": 0.506, "precision_std": 0.0, "recall": 1.0, "recall_std": 0.0, "f1": 0.67198, "f1_std": 0.0, "auc": 0.4459, "auc_std": 0.0152}
{"epoch": 22, "time_epoch": 28.21348, "time_epoch_std": 0.53612, "eta": 2173.31206, "eta_std": 42.3827, "eta_hours": 0.6037, "eta_hours_std": 0.01177, "loss": 0.69331, "loss_std": 9e-05, "lr": 0.00089, "lr_std": 0.0, "params": 3861.0, "params_std": 0.0, "time_iter": 0.88167, "time_iter_std": 0.01675, "accuracy": 0.481, "accuracy_std": 0.02516, "accuracy_max": 0.506, "precision": 0.49063, "precision_std": 0.01567, "recall": 0.86561, "recall_std": 0.14077, "f1": 0.62368, "f1_std": 0.05066, "auc": 0.44856, "auc_std": 0.00597}
{"epoch": 23, "time_epoch": 28.203, "time_epoch_std": 0.54275, "eta": 2145.01809, "eta_std": 41.8029, "eta_hours": 0.59584, "eta_hours_std": 0.01161, "loss": 0.69322, "loss_std": 8e-05, "lr": 0.00088, "lr_std": 0.0, "params": 3861.0, "params_std": 0.0, "time_iter": 0.88134, "time_iter_std": 0.01696, "accuracy": 0.506, "accuracy_std": 0.0, "accuracy_max": 0.506, "precision": 0.506, "precision_std": 0.0, "recall": 1.0, "recall_std": 0.0, "f1": 0.67198, "f1_std": 0.0, "auc": 0.46744, "auc_std": 0.00599}
{"epoch": 24, "time_epoch": 28.21784, "time_epoch_std": 0.54788, "eta": 2116.77593, "eta_std": 41.24388, "eta_hours": 0.588, "eta_hours_std": 0.01146, "loss": 0.69329, "loss_std": 9e-05, "lr": 0.00086, "lr_std": 0.0, "params": 3861.0, "params_std": 0.0, "time_iter": 0.88181, "time_iter_std": 0.01712, "accuracy": 0.495, "accuracy_std": 0.01905, "accuracy_max": 0.506, "precision": 0.49875, "precision_std": 0.01255, "recall": 0.91403, "recall_std": 0.1489, "f1": 0.64209, "f1_std": 0.05178, "auc": 0.45514, "auc_std": 0.00892}
{"epoch": 25, "time_epoch": 28.23815, "time_epoch_std": 0.54539, "eta": 2088.59344, "eta_std": 40.6789, "eta_hours": 0.58016, "eta_hours_std": 0.0113, "loss": 0.69328, "loss_std": 0.00016, "lr": 0.00085, "lr_std": 0.0, "params": 3861.0, "params_std": 0.0, "time_iter": 0.88244, "time_iter_std": 0.01705, "accuracy": 0.506, "accuracy_std": 0.0, "accuracy_max": 0.506, "precision": 0.506, "precision_std": 0.0, "recall": 1.0, "recall_std": 0.0, "f1": 0.67198, "f1_std": 0.0, "auc": 0.45803, "auc_std": 0.00879}
{"epoch": 26, "time_epoch": 28.21948, "time_epoch_std": 0.58986, "eta": 2060.35635, "eta_std": 40.23256, "eta_hours": 0.57232, "eta_hours_std": 0.01118, "loss": 0.6932, "loss_std": 0.00014, "lr": 0.00084, "lr_std": 0.0, "params": 3861.0, "params_std": 0.0, "time_iter": 0.88186, "time_iter_std": 0.01843, "accuracy": 0.506, "accuracy_std": 0.0, "accuracy_max": 0.506, "precision": 0.506, "precision_std": 0.0, "recall": 1.0, "recall_std": 0.0, "f1": 0.67198, "f1_std": 0.0, "auc": 0.47313, "auc_std": 0.03085}
{"epoch": 27, "time_epoch": 28.23138, "time_epoch_std": 0.54761, "eta": 2032.1511, "eta_std": 39.65646, "eta_hours": 0.56448, "eta_hours_std": 0.01102, "loss": 0.69332, "loss_std": 0.00014, "lr": 0.00083, "lr_std": 0.0, "params": 3861.0, "params_std": 0.0, "time_iter": 0.88223, "time_iter_std": 0.01711, "accuracy": 0.506, "accuracy_std": 0.0, "accuracy_max": 0.506, "precision": 0.506, "precision_std": 0.0, "recall": 1.0, "recall_std": 0.0, "f1": 0.67198, "f1_std": 0.0, "auc": 0.44041, "auc_std": 0.01657}
{"epoch": 28, "time_epoch": 29.20367, "time_epoch_std": 1.93341, "eta": 2006.3245, "eta_std": 40.36272, "eta_hours": 0.55731, "eta_hours_std": 0.01121, "loss": 0.69331, "loss_std": 7e-05, "lr": 0.00082, "lr_std": 0.0, "params": 3861.0, "params_std": 0.0, "time_iter": 0.91261, "time_iter_std": 0.06042, "accuracy": 0.506, "accuracy_std": 0.0, "accuracy_max": 0.506, "precision": 0.506, "precision_std": 0.0, "recall": 1.0, "recall_std": 0.0, "f1": 0.67198, "f1_std": 0.0, "auc": 0.46272, "auc_std": 0.00827}
{"epoch": 29, "time_epoch": 28.21123, "time_epoch_std": 0.53352, "eta": 1977.95707, "eta_std": 39.70714, "eta_hours": 0.54943, "eta_hours_std": 0.01103, "loss": 0.69338, "loss_std": 0.00016, "lr": 0.00081, "lr_std": 0.0, "params": 3861.0, "params_std": 0.0, "time_iter": 0.8816, "time_iter_std": 0.01667, "accuracy": 0.506, "accuracy_std": 0.0, "accuracy_max": 0.506, "precision": 0.506, "precision_std": 0.0, "recall": 1.0, "recall_std": 0.0, "f1": 0.67198, "f1_std": 0.0, "auc": 0.44399, "auc_std": 0.00477}
{"epoch": 30, "time_epoch": 28.25108, "time_epoch_std": 0.55, "eta": 1949.68841, "eta_std": 39.09603, "eta_hours": 0.54158, "eta_hours_std": 0.01086, "loss": 0.69328, "loss_std": 7e-05, "lr": 0.00079, "lr_std": 0.0, "params": 3861.0, "params_std": 0.0, "time_iter": 0.88285, "time_iter_std": 0.01719, "accuracy": 0.506, "accuracy_std": 0.0, "accuracy_max": 0.506, "precision": 0.506, "precision_std": 0.0, "recall": 1.0, "recall_std": 0.0, "f1": 0.67198, "f1_std": 0.0, "auc": 0.45526, "auc_std": 0.01658}
{"epoch": 31, "time_epoch": 28.31589, "time_epoch_std": 0.57826, "eta": 1921.55856, "eta_std": 38.5525, "eta_hours": 0.53377, "eta_hours_std": 0.01071, "loss": 0.69323, "loss_std": 4e-05, "lr": 0.00078, "lr_std": 0.0, "params": 3861.0, "params_std": 0.0, "time_iter": 0.88487, "time_iter_std": 0.01807, "accuracy": 0.506, "accuracy_std": 0.0, "accuracy_max": 0.506, "precision": 0.506, "precision_std": 0.0, "recall": 1.0, "recall_std": 0.0, "f1": 0.67198, "f1_std": 0.0, "auc": 0.44464, "auc_std": 0.0274}
{"epoch": 32, "time_epoch": 28.23512, "time_epoch_std": 0.5135, "eta": 1893.25345, "eta_std": 37.86896, "eta_hours": 0.5259, "eta_hours_std": 0.01052, "loss": 0.6933, "loss_std": 9e-05, "lr": 0.00077, "lr_std": 0.0, "params": 3861.0, "params_std": 0.0, "time_iter": 0.88234, "time_iter_std": 0.01605, "accuracy": 0.506, "accuracy_std": 0.0, "accuracy_max": 0.506, "precision": 0.506, "precision_std": 0.0, "recall": 1.0, "recall_std": 0.0, "f1": 0.67198, "f1_std": 0.0, "auc": 0.44836, "auc_std": 0.0066}
{"epoch": 33, "time_epoch": 28.20897, "time_epoch_std": 0.53394, "eta": 1864.9017, "eta_std": 37.23294, "eta_hours": 0.51802, "eta_hours_std": 0.01034, "loss": 0.69327, "loss_std": 0.00012, "lr": 0.00075, "lr_std": 0.0, "params": 3861.0, "params_std": 0.0, "time_iter": 0.88153, "time_iter_std": 0.01669, "accuracy": 0.506, "accuracy_std": 0.0, "accuracy_max": 0.506, "precision": 0.506, "precision_std": 0.0, "recall": 1.0, "recall_std": 0.0, "f1": 0.67198, "f1_std": 0.0, "auc": 0.45401, "auc_std": 0.01696}
{"epoch": 34, "time_epoch": 28.28509, "time_epoch_std": 0.55938, "eta": 1836.69948, "eta_std": 36.6559, "eta_hours": 0.51019, "eta_hours_std": 0.01018, "loss": 0.69321, "loss_std": 7e-05, "lr": 0.00074, "lr_std": 0.0, "params": 3861.0, "params_std": 0.0, "time_iter": 0.88391, "time_iter_std": 0.01748, "accuracy": 0.506, "accuracy_std": 0.0, "accuracy_max": 0.506, "precision": 0.506, "precision_std": 0.0, "recall": 1.0, "recall_std": 0.0, "f1": 0.67198, "f1_std": 0.0, "auc": 0.43647, "auc_std": 0.01581}
{"epoch": 35, "time_epoch": 28.26231, "time_epoch_std": 0.54116, "eta": 1808.45215, "eta_std": 36.04887, "eta_hours": 0.50235, "eta_hours_std": 0.01001, "loss": 0.69323, "loss_std": 7e-05, "lr": 0.00073, "lr_std": 0.0, "params": 3861.0, "params_std": 0.0, "time_iter": 0.8832, "time_iter_std": 0.01691, "accuracy": 0.506, "accuracy_std": 0.0, "accuracy_max": 0.506, "precision": 0.506, "precision_std": 0.0, "recall": 1.0, "recall_std": 0.0, "f1": 0.67198, "f1_std": 0.0, "auc": 0.44831, "auc_std": 0.00502}
{"epoch": 36, "time_epoch": 28.2571, "time_epoch_std": 0.54474, "eta": 1780.19514, "eta_std": 35.45125, "eta_hours": 0.4945, "eta_hours_std": 0.00985, "loss": 0.6932, "loss_std": 0.00012, "lr": 0.00071, "lr_std": 0.0, "params": 3861.0, "params_std": 0.0, "time_iter": 0.88304, "time_iter_std": 0.01702, "accuracy": 0.494, "accuracy_std": 0.02078, "accuracy_max": 0.506, "precision": 0.4893, "precision_std": 0.02893, "recall": 0.81423, "recall_std": 0.32176, "f1": 0.58503, "f1_std": 0.1506, "auc": 0.47459, "auc_std": 0.01896}
{"epoch": 37, "time_epoch": 28.32955, "time_epoch_std": 0.59603, "eta": 1752.05635, "eta_std": 34.94092, "eta_hours": 0.48668, "eta_hours_std": 0.00971, "loss": 0.69315, "loss_std": 7e-05, "lr": 0.0007, "lr_std": 0.0, "params": 3861.0, "params_std": 0.0, "time_iter": 0.8853, "time_iter_std": 0.01862, "accuracy": 0.4935, "accuracy_std": 0.02165, "accuracy_max": 0.506, "precision": 0.49781, "precision_std": 0.01419, "recall": 0.91601, "recall_std": 0.14548, "f1": 0.64214, "f1_std": 0.05168, "auc": 0.46292, "auc_std": 0.02124}
{"epoch": 38, "time_epoch": 28.35386, "time_epoch_std": 0.58668, "eta": 1723.94578, "eta_std": 34.36852, "eta_hours": 0.47888, "eta_hours_std": 0.00955, "loss": 0.69329, "loss_std": 0.00022, "lr": 0.00068, "lr_std": 0.0, "params": 3861.0, "params_std": 0.0, "time_iter": 0.88606, "time_iter_std": 0.01833, "accuracy": 0.506, "accuracy_std": 0.0, "accuracy_max": 0.506, "precision": 0.506, "precision_std": 0.0, "recall": 1.0, "recall_std": 0.0, "f1": 0.67198, "f1_std": 0.0, "auc": 0.45848, "auc_std": 0.01472}
{"epoch": 39, "time_epoch": 28.26363, "time_epoch_std": 0.53285, "eta": 1695.68771, "eta_std": 33.7539, "eta_hours": 0.47102, "eta_hours_std": 0.00938, "loss": 0.69318, "loss_std": 3e-05, "lr": 0.00067, "lr_std": 0.0, "params": 3861.0, "params_std": 0.0, "time_iter": 0.88324, "time_iter_std": 0.01665, "accuracy": 0.506, "accuracy_std": 0.0, "accuracy_max": 0.506, "precision": 0.506, "precision_std": 0.0, "recall": 1.0, "recall_std": 0.0, "f1": 0.67198, "f1_std": 0.0, "auc": 0.44649, "auc_std": 0.00966}
{"epoch": 40, "time_epoch": 28.26845, "time_epoch_std": 0.55784, "eta": 1667.43631, "eta_std": 33.17908, "eta_hours": 0.46318, "eta_hours_std": 0.00922, "loss": 0.69317, "loss_std": 6e-05, "lr": 0.00065, "lr_std": 0.0, "params": 3861.0, "params_std": 0.0, "time_iter": 0.88339, "time_iter_std": 0.01743, "accuracy": 0.506, "accuracy_std": 0.0, "accuracy_max": 0.506, "precision": 0.506, "precision_std": 0.0, "recall": 1.0, "recall_std": 0.0, "f1": 0.67198, "f1_std": 0.0, "auc": 0.45874, "auc_std": 0.01518}
{"epoch": 41, "time_epoch": 28.2578, "time_epoch_std": 0.53533, "eta": 1639.16939, "eta_std": 32.57476, "eta_hours": 0.45532, "eta_hours_std": 0.00905, "loss": 0.69327, "loss_std": 6e-05, "lr": 0.00064, "lr_std": 0.0, "params": 3861.0, "params_std": 0.0, "time_iter": 0.88305, "time_iter_std": 0.01673, "accuracy": 0.506, "accuracy_std": 0.0, "accuracy_max": 0.506, "precision": 0.506, "precision_std": 0.0, "recall": 1.0, "recall_std": 0.0, "f1": 0.67198, "f1_std": 0.0, "auc": 0.4492, "auc_std": 0.00767}
{"epoch": 42, "time_epoch": 28.32908, "time_epoch_std": 0.60056, "eta": 1610.99738, "eta_std": 32.0588, "eta_hours": 0.4475, "eta_hours_std": 0.0089, "loss": 0.69321, "loss_std": 8e-05, "lr": 0.00062, "lr_std": 0.0, "params": 3861.0, "params_std": 0.0, "time_iter": 0.88528, "time_iter_std": 0.01877, "accuracy": 0.506, "accuracy_std": 0.0, "accuracy_max": 0.506, "precision": 0.506, "precision_std": 0.0, "recall": 1.0, "recall_std": 0.0, "f1": 0.67198, "f1_std": 0.0, "auc": 0.45319, "auc_std": 0.00825}
{"epoch": 43, "time_epoch": 28.28997, "time_epoch_std": 0.54907, "eta": 1582.76844, "eta_std": 31.47889, "eta_hours": 0.43966, "eta_hours_std": 0.00874, "loss": 0.69323, "loss_std": 0.00016, "lr": 0.00061, "lr_std": 0.0, "params": 3861.0, "params_std": 0.0, "time_iter": 0.88406, "time_iter_std": 0.01716, "accuracy": 0.506, "accuracy_std": 0.0, "accuracy_max": 0.506, "precision": 0.506, "precision_std": 0.0, "recall": 1.0, "recall_std": 0.0, "f1": 0.67198, "f1_std": 0.0, "auc": 0.46226, "auc_std": 0.01356}
{"epoch": 44, "time_epoch": 28.24702, "time_epoch_std": 0.55307, "eta": 1554.48432, "eta_std": 30.90135, "eta_hours": 0.4318, "eta_hours_std": 0.00858, "loss": 0.69324, "loss_std": 0.0001, "lr": 0.00059, "lr_std": 0.0, "params": 3861.0, "params_std": 0.0, "time_iter": 0.88272, "time_iter_std": 0.01728, "accuracy": 0.506, "accuracy_std": 0.0, "accuracy_max": 0.506, "precision": 0.506, "precision_std": 0.0, "recall": 1.0, "recall_std": 0.0, "f1": 0.67198, "f1_std": 0.0, "auc": 0.44952, "auc_std": 0.01594}
{"epoch": 45, "time_epoch": 28.33977, "time_epoch_std": 0.64659, "eta": 1526.31068, "eta_std": 30.41087, "eta_hours": 0.42398, "eta_hours_std": 0.00845, "loss": 0.69323, "loss_std": 0.00012, "lr": 0.00058, "lr_std": 0.0, "params": 3861.0, "params_std": 0.0, "time_iter": 0.88562, "time_iter_std": 0.02021, "accuracy": 0.506, "accuracy_std": 0.0, "accuracy_max": 0.506, "precision": 0.506, "precision_std": 0.0, "recall": 1.0, "recall_std": 0.0, "f1": 0.67198, "f1_std": 0.0, "auc": 0.46128, "auc_std": 0.02057}
{"epoch": 46, "time_epoch": 28.27326, "time_epoch_std": 0.58502, "eta": 1498.05497, "eta_std": 29.86991, "eta_hours": 0.41613, "eta_hours_std": 0.0083, "loss": 0.69319, "loss_std": 6e-05, "lr": 0.00056, "lr_std": 0.0, "params": 3861.0, "params_std": 0.0, "time_iter": 0.88354, "time_iter_std": 0.01828, "accuracy": 0.506, "accuracy_std": 0.0, "accuracy_max": 0.506, "precision": 0.506, "precision_std": 0.0, "recall": 1.0, "recall_std": 0.0, "f1": 0.67198, "f1_std": 0.0, "auc": 0.45774, "auc_std": 0.02195}
{"epoch": 47, "time_epoch": 28.29582, "time_epoch_std": 0.56556, "eta": 1469.82297, "eta_std": 29.30784, "eta_hours": 0.40828, "eta_hours_std": 0.00814, "loss": 0.69319, "loss_std": 5e-05, "lr": 0.00055, "lr_std": 0.0, "params": 3861.0, "params_std": 0.0, "time_iter": 0.88424, "time_iter_std": 0.01767, "accuracy": 0.506, "accuracy_std": 0.0, "accuracy_max": 0.506, "precision": 0.506, "precision_std": 0.0, "recall": 1.0, "recall_std": 0.0, "f1": 0.67198, "f1_std": 0.0, "auc": 0.45224, "auc_std": 0.01609}
{"epoch": 48, "time_epoch": 28.28514, "time_epoch_std": 0.5604, "eta": 1441.57725, "eta_std": 28.73994, "eta_hours": 0.40044, "eta_hours_std": 0.00798, "loss": 0.69315, "loss_std": 4e-05, "lr": 0.00053, "lr_std": 0.0, "params": 3861.0, "params_std": 0.0, "time_iter": 0.88391, "time_iter_std": 0.01751, "accuracy": 0.506, "accuracy_std": 0.0, "accuracy_max": 0.506, "precision": 0.506, "precision_std": 0.0, "recall": 1.0, "recall_std": 0.0, "f1": 0.67198, "f1_std": 0.0, "auc": 0.46253, "auc_std": 0.0061}
{"epoch": 49, "time_epoch": 28.2746, "time_epoch_std": 0.59194, "eta": 1413.31941, "eta_std": 28.20469, "eta_hours": 0.39259, "eta_hours_std": 0.00783, "loss": 0.69318, "loss_std": 3e-05, "lr": 0.00052, "lr_std": 0.0, "params": 3861.0, "params_std": 0.0, "time_iter": 0.88358, "time_iter_std": 0.0185, "accuracy": 0.506, "accuracy_std": 0.0, "accuracy_max": 0.506, "precision": 0.506, "precision_std": 0.0, "recall": 1.0, "recall_std": 0.0, "f1": 0.67198, "f1_std": 0.0, "auc": 0.46686, "auc_std": 0.00525}
{"epoch": 50, "time_epoch": 28.27136, "time_epoch_std": 0.58951, "eta": 1385.0578, "eta_std": 27.66479, "eta_hours": 0.38474, "eta_hours_std": 0.00769, "loss": 0.69329, "loss_std": 0.00013, "lr": 0.0005, "lr_std": 0.0, "params": 3861.0, "params_std": 0.0, "time_iter": 0.88348, "time_iter_std": 0.01842, "accuracy": 0.506, "accuracy_std": 0.0, "accuracy_max": 0.506, "precision": 0.506, "precision_std": 0.0, "recall": 1.0, "recall_std": 0.0, "f1": 0.67198, "f1_std": 0.0, "auc": 0.44413, "auc_std": 0.01536}
{"epoch": 51, "time_epoch": 28.27196, "time_epoch_std": 0.55557, "eta": 1356.79636, "eta_std": 27.09098, "eta_hours": 0.37689, "eta_hours_std": 0.00753, "loss": 0.6932, "loss_std": 0.0001, "lr": 0.00048, "lr_std": 0.0, "params": 3861.0, "params_std": 0.0, "time_iter": 0.8835, "time_iter_std": 0.01736, "accuracy": 0.506, "accuracy_std": 0.0, "accuracy_max": 0.506, "precision": 0.506, "precision_std": 0.0, "recall": 1.0, "recall_std": 0.0, "f1": 0.67198, "f1_std": 0.0, "auc": 0.46344, "auc_std": 0.01579}
{"epoch": 52, "time_epoch": 28.26806, "time_epoch_std": 0.55046, "eta": 1328.53107, "eta_std": 26.51376, "eta_hours": 0.36904, "eta_hours_std": 0.00736, "loss": 0.6932, "loss_std": 0.00012, "lr": 0.00047, "lr_std": 0.0, "params": 3861.0, "params_std": 0.0, "time_iter": 0.88338, "time_iter_std": 0.0172, "accuracy": 0.506, "accuracy_std": 0.0, "accuracy_max": 0.506, "precision": 0.506, "precision_std": 0.0, "recall": 1.0, "recall_std": 0.0, "f1": 0.67198, "f1_std": 0.0, "auc": 0.43698, "auc_std": 0.00893}
{"epoch": 53, "time_epoch": 28.25457, "time_epoch_std": 0.54308, "eta": 1300.25419, "eta_std": 25.92926, "eta_hours": 0.36118, "eta_hours_std": 0.0072, "loss": 0.6932, "loss_std": 2e-05, "lr": 0.00045, "lr_std": 0.0, "params": 3861.0, "params_std": 0.0, "time_iter": 0.88296, "time_iter_std": 0.01697, "accuracy": 0.506, "accuracy_std": 0.0, "accuracy_max": 0.506, "precision": 0.506, "precision_std": 0.0, "recall": 1.0, "recall_std": 0.0, "f1": 0.67198, "f1_std": 0.0, "auc": 0.44852, "auc_std": 0.01292}
{"epoch": 54, "time_epoch": 28.26958, "time_epoch_std": 0.54187, "eta": 1271.9904, "eta_std": 25.34647, "eta_hours": 0.35334, "eta_hours_std": 0.00704, "loss": 0.69319, "loss_std": 0.0001, "lr": 0.00044, "lr_std": 0.0, "params": 3861.0, "params_std": 0.0, "time_iter": 0.88342, "time_iter_std": 0.01693, "accuracy": 0.506, "accuracy_std": 0.0, "accuracy_max": 0.506, "precision": 0.506, "precision_std": 0.0, "recall": 1.0, "recall_std": 0.0, "f1": 0.67198, "f1_std": 0.0, "auc": 0.47642, "auc_std": 0.01752}
{"epoch": 55, "time_epoch": 28.2679, "time_epoch_std": 0.54777, "eta": 1243.72507, "eta_std": 24.76935, "eta_hours": 0.34548, "eta_hours_std": 0.00688, "loss": 0.69318, "loss_std": 5e-05, "lr": 0.00042, "lr_std": 0.0, "params": 3861.0, "params_std": 0.0, "time_iter": 0.88337, "time_iter_std": 0.01711, "accuracy": 0.506, "accuracy_std": 0.0, "accuracy_max": 0.506, "precision": 0.506, "precision_std": 0.0, "recall": 1.0, "recall_std": 0.0, "f1": 0.67198, "f1_std": 0.0, "auc": 0.43904, "auc_std": 0.01528}
{"epoch": 56, "time_epoch": 28.25334, "time_epoch_std": 0.55547, "eta": 1215.44868, "eta_std": 24.1977, "eta_hours": 0.33762, "eta_hours_std": 0.00672, "loss": 0.69315, "loss_std": 2e-05, "lr": 0.00041, "lr_std": 0.0, "params": 3861.0, "params_std": 0.0, "time_iter": 0.88292, "time_iter_std": 0.01736, "accuracy": 0.506, "accuracy_std": 0.0, "accuracy_max": 0.506, "precision": 0.506, "precision_std": 0.0, "recall": 1.0, "recall_std": 0.0, "f1": 0.67198, "f1_std": 0.0, "auc": 0.46117, "auc_std": 0.00513}
{"epoch": 57, "time_epoch": 28.28902, "time_epoch_std": 0.55604, "eta": 1187.19893, "eta_std": 23.62801, "eta_hours": 0.32978, "eta_hours_std": 0.00656, "loss": 0.69319, "loss_std": 7e-05, "lr": 0.00039, "lr_std": 0.0, "params": 3861.0, "params_std": 0.0, "time_iter": 0.88403, "time_iter_std": 0.01738, "accuracy": 0.506, "accuracy_std": 0.0, "accuracy_max": 0.506, "precision": 0.506, "precision_std": 0.0, "recall": 1.0, "recall_std": 0.0, "f1": 0.67198, "f1_std": 0.0, "auc": 0.44218, "auc_std": 0.01678}
{"epoch": 58, "time_epoch": 28.27632, "time_epoch_std": 0.56846, "eta": 1158.939, "eta_std": 23.06561, "eta_hours": 0.32193, "eta_hours_std": 0.00641, "loss": 0.69317, "loss_std": 7e-05, "lr": 0.00038, "lr_std": 0.0, "params": 3861.0, "params_std": 0.0, "time_iter": 0.88363, "time_iter_std": 0.01777, "accuracy": 0.506, "accuracy_std": 0.0, "accuracy_max": 0.506, "precision": 0.506, "precision_std": 0.0, "recall": 1.0, "recall_std": 0.0, "f1": 0.67198, "f1_std": 0.0, "auc": 0.45886, "auc_std": 0.02056}
{"epoch": 59, "time_epoch": 28.25822, "time_epoch_std": 0.54792, "eta": 1130.66648, "eta_std": 22.49296, "eta_hours": 0.31407, "eta_hours_std": 0.00624, "loss": 0.69312, "loss_std": 3e-05, "lr": 0.00036, "lr_std": 0.0, "params": 3861.0, "params_std": 0.0, "time_iter": 0.88307, "time_iter_std": 0.01712, "accuracy": 0.506, "accuracy_std": 0.0, "accuracy_max": 0.506, "precision": 0.506, "precision_std": 0.0, "recall": 1.0, "recall_std": 0.0, "f1": 0.67198, "f1_std": 0.0, "auc": 0.46663, "auc_std": 0.01949}
{"epoch": 60, "time_epoch": 28.24654, "time_epoch_std": 0.5522, "eta": 1102.38695, "eta_std": 21.92374, "eta_hours": 0.30622, "eta_hours_std": 0.00609, "loss": 0.69312, "loss_std": 1e-05, "lr": 0.00035, "lr_std": 0.0, "params": 3861.0, "params_std": 0.0, "time_iter": 0.88271, "time_iter_std": 0.01726, "accuracy": 0.506, "accuracy_std": 0.0, "accuracy_max": 0.506, "precision": 0.506, "precision_std": 0.0, "recall": 1.0, "recall_std": 0.0, "f1": 0.67198, "f1_std": 0.0, "auc": 0.45609, "auc_std": 0.00758}
{"epoch": 61, "time_epoch": 28.25222, "time_epoch_std": 0.58263, "eta": 1074.11196, "eta_std": 21.37357, "eta_hours": 0.29836, "eta_hours_std": 0.00594, "loss": 0.69317, "loss_std": 7e-05, "lr": 0.00033, "lr_std": 0.0, "params": 3861.0, "params_std": 0.0, "time_iter": 0.88288, "time_iter_std": 0.0182, "accuracy": 0.506, "accuracy_std": 0.0, "accuracy_max": 0.506, "precision": 0.506, "precision_std": 0.0, "recall": 1.0, "recall_std": 0.0, "f1": 0.67198, "f1_std": 0.0, "auc": 0.45181, "auc_std": 0.0085}
{"epoch": 62, "time_epoch": 28.2795, "time_epoch_std": 0.54006, "eta": 1045.85373, "eta_std": 20.79683, "eta_hours": 0.29051, "eta_hours_std": 0.00578, "loss": 0.69312, "loss_std": 1e-05, "lr": 0.00032, "lr_std": 0.0, "params": 3861.0, "params_std": 0.0, "time_iter": 0.88373, "time_iter_std": 0.01688, "accuracy": 0.506, "accuracy_std": 0.0, "accuracy_max": 0.506, "precision": 0.506, "precision_std": 0.0, "recall": 1.0, "recall_std": 0.0, "f1": 0.67198, "f1_std": 0.0, "auc": 0.46322, "auc_std": 0.00833}
{"epoch": 63, "time_epoch": 28.27232, "time_epoch_std": 0.52086, "eta": 1017.59078, "eta_std": 20.20844, "eta_hours": 0.28266, "eta_hours_std": 0.00561, "loss": 0.69316, "loss_std": 7e-05, "lr": 0.0003, "lr_std": 0.0, "params": 3861.0, "params_std": 0.0, "time_iter": 0.88351, "time_iter_std": 0.01628, "accuracy": 0.506, "accuracy_std": 0.0, "accuracy_max": 0.506, "precision": 0.506, "precision_std": 0.0, "recall": 1.0, "recall_std": 0.0, "f1": 0.67198, "f1_std": 0.0, "auc": 0.45652, "auc_std": 0.01781}
{"epoch": 64, "time_epoch": 28.24589, "time_epoch_std": 0.54552, "eta": 989.31332, "eta_std": 19.63656, "eta_hours": 0.27481, "eta_hours_std": 0.00545, "loss": 0.69315, "loss_std": 2e-05, "lr": 0.00029, "lr_std": 0.0, "params": 3861.0, "params_std": 0.0, "time_iter": 0.88268, "time_iter_std": 0.01705, "accuracy": 0.506, "accuracy_std": 0.0, "accuracy_max": 0.506, "precision": 0.506, "precision_std": 0.0, "recall": 1.0, "recall_std": 0.0, "f1": 0.67198, "f1_std": 0.0, "auc": 0.44596, "auc_std": 0.01118}
{"epoch": 65, "time_epoch": 28.2461, "time_epoch_std": 0.53709, "eta": 961.03693, "eta_std": 19.05926, "eta_hours": 0.26695, "eta_hours_std": 0.00529, "loss": 0.69318, "loss_std": 0.0001, "lr": 0.00027, "lr_std": 0.0, "params": 3861.0, "params_std": 0.0, "time_iter": 0.88269, "time_iter_std": 0.01679, "accuracy": 0.506, "accuracy_std": 0.0, "accuracy_max": 0.506, "precision": 0.506, "precision_std": 0.0, "recall": 1.0, "recall_std": 0.0, "f1": 0.67198, "f1_std": 0.0, "auc": 0.42778, "auc_std": 0.0059}
{"epoch": 66, "time_epoch": 28.25975, "time_epoch_std": 0.55291, "eta": 932.76816, "eta_std": 18.49156, "eta_hours": 0.2591, "eta_hours_std": 0.00514, "loss": 0.69317, "loss_std": 6e-05, "lr": 0.00026, "lr_std": 0.0, "params": 3861.0, "params_std": 0.0, "time_iter": 0.88312, "time_iter_std": 0.01728, "accuracy": 0.506, "accuracy_std": 0.0, "accuracy_max": 0.506, "precision": 0.506, "precision_std": 0.0, "recall": 1.0, "recall_std": 0.0, "f1": 0.67198, "f1_std": 0.0, "auc": 0.46097, "auc_std": 0.00613}
{"epoch": 67, "time_epoch": 28.28825, "time_epoch_std": 0.55206, "eta": 904.51307, "eta_std": 17.9264, "eta_hours": 0.25126, "eta_hours_std": 0.00498, "loss": 0.69314, "loss_std": 2e-05, "lr": 0.00025, "lr_std": 0.0, "params": 3861.0, "params_std": 0.0, "time_iter": 0.88401, "time_iter_std": 0.01725, "accuracy": 0.506, "accuracy_std": 0.0, "accuracy_max": 0.506, "precision": 0.506, "precision_std": 0.0, "recall": 1.0, "recall_std": 0.0, "f1": 0.67198, "f1_std": 0.0, "auc": 0.45564, "auc_std": 0.00621}
{"epoch": 68, "time_epoch": 28.2671, "time_epoch_std": 0.57578, "eta": 876.24751, "eta_std": 17.3728, "eta_hours": 0.2434, "eta_hours_std": 0.00483, "loss": 0.69313, "loss_std": 4e-05, "lr": 0.00023, "lr_std": 0.0, "params": 3861.0, "params_std": 0.0, "time_iter": 0.88335, "time_iter_std": 0.01799, "accuracy": 0.506, "accuracy_std": 0.0, "accuracy_max": 0.506, "precision": 0.506, "precision_std": 0.0, "recall": 1.0, "recall_std": 0.0, "f1": 0.67198, "f1_std": 0.0, "auc": 0.45646, "auc_std": 0.02237}
{"epoch": 69, "time_epoch": 28.27424, "time_epoch_std": 0.5558, "eta": 847.98498, "eta_std": 16.80931, "eta_hours": 0.23555, "eta_hours_std": 0.00467, "loss": 0.6931, "loss_std": 3e-05, "lr": 0.00022, "lr_std": 0.0, "params": 3861.0, "params_std": 0.0, "time_iter": 0.88357, "time_iter_std": 0.01737, "accuracy": 0.506, "accuracy_std": 0.0, "accuracy_max": 0.506, "precision": 0.506, "precision_std": 0.0, "recall": 1.0, "recall_std": 0.0, "f1": 0.67198, "f1_std": 0.0, "auc": 0.47446, "auc_std": 0.02473}
{"epoch": 70, "time_epoch": 28.27876, "time_epoch_std": 0.55296, "eta": 819.72396, "eta_std": 16.24558, "eta_hours": 0.2277, "eta_hours_std": 0.00451, "loss": 0.69311, "loss_std": 2e-05, "lr": 0.00021, "lr_std": 0.0, "params": 3861.0, "params_std": 0.0, "time_iter": 0.88371, "time_iter_std": 0.01728, "accuracy": 0.506, "accuracy_std": 0.0, "accuracy_max": 0.506, "precision": 0.506, "precision_std": 0.0, "recall": 1.0, "recall_std": 0.0, "f1": 0.67198, "f1_std": 0.0, "auc": 0.46185, "auc_std": 0.02873}
{"epoch": 71, "time_epoch": 28.26762, "time_epoch_std": 0.54749, "eta": 791.4581, "eta_std": 15.679, "eta_hours": 0.21985, "eta_hours_std": 0.00436, "loss": 0.69312, "loss_std": 2e-05, "lr": 0.00019, "lr_std": 0.0, "params": 3861.0, "params_std": 0.0, "time_iter": 0.88336, "time_iter_std": 0.01711, "accuracy": 0.506, "accuracy_std": 0.0, "accuracy_max": 0.506, "precision": 0.506, "precision_std": 0.0, "recall": 1.0, "recall_std": 0.0, "f1": 0.67198, "f1_std": 0.0, "auc": 0.45107, "auc_std": 0.02764}
{"epoch": 72, "time_epoch": 28.30206, "time_epoch_std": 0.60319, "eta": 763.20495, "eta_std": 15.13497, "eta_hours": 0.212, "eta_hours_std": 0.0042, "loss": 0.69311, "loss_std": 2e-05, "lr": 0.00018, "lr_std": 0.0, "params": 3861.0, "params_std": 0.0, "time_iter": 0.88444, "time_iter_std": 0.01885, "accuracy": 0.506, "accuracy_std": 0.0, "accuracy_max": 0.506, "precision": 0.506, "precision_std": 0.0, "recall": 1.0, "recall_std": 0.0, "f1": 0.67198, "f1_std": 0.0, "auc": 0.45974, "auc_std": 0.02199}
{"epoch": 73, "time_epoch": 28.32525, "time_epoch_std": 0.50063, "eta": 734.95862, "eta_std": 14.55316, "eta_hours": 0.20416, "eta_hours_std": 0.00404, "loss": 0.69311, "loss_std": 3e-05, "lr": 0.00017, "lr_std": 0.0, "params": 3861.0, "params_std": 0.0, "time_iter": 0.88516, "time_iter_std": 0.01564, "accuracy": 0.506, "accuracy_std": 0.0, "accuracy_max": 0.506, "precision": 0.506, "precision_std": 0.0, "recall": 1.0, "recall_std": 0.0, "f1": 0.67198, "f1_std": 0.0, "auc": 0.45644, "auc_std": 0.01861}
{"epoch": 74, "time_epoch": 28.36162, "time_epoch_std": 0.62251, "eta": 706.72231, "eta_std": 14.01149, "eta_hours": 0.19631, "eta_hours_std": 0.00389, "loss": 0.69311, "loss_std": 1e-05, "lr": 0.00016, "lr_std": 0.0, "params": 3861.0, "params_std": 0.0, "time_iter": 0.8863, "time_iter_std": 0.01946, "accuracy": 0.506, "accuracy_std": 0.0, "accuracy_max": 0.506, "precision": 0.506, "precision_std": 0.0, "recall": 1.0, "recall_std": 0.0, "f1": 0.67198, "f1_std": 0.0, "auc": 0.45162, "auc_std": 0.01627}
{"epoch": 75, "time_epoch": 28.43562, "time_epoch_std": 0.65449, "eta": 678.50606, "eta_std": 13.47141, "eta_hours": 0.18847, "eta_hours_std": 0.00374, "loss": 0.6931, "loss_std": 1e-05, "lr": 0.00015, "lr_std": 0.0, "params": 3861.0, "params_std": 0.0, "time_iter": 0.88861, "time_iter_std": 0.02045, "accuracy": 0.506, "accuracy_std": 0.0, "accuracy_max": 0.506, "precision": 0.506, "precision_std": 0.0, "recall": 1.0, "recall_std": 0.0, "f1": 0.67198, "f1_std": 0.0, "auc": 0.46464, "auc_std": 0.01043}
{"epoch": 76, "time_epoch": 28.36124, "time_epoch_std": 0.63829, "eta": 650.26191, "eta_std": 12.92639, "eta_hours": 0.18063, "eta_hours_std": 0.00359, "loss": 0.69312, "loss_std": 3e-05, "lr": 0.00014, "lr_std": 0.0, "params": 3861.0, "params_std": 0.0, "time_iter": 0.88629, "time_iter_std": 0.01995, "accuracy": 0.506, "accuracy_std": 0.0, "accuracy_max": 0.506, "precision": 0.506, "precision_std": 0.0, "recall": 1.0, "recall_std": 0.0, "f1": 0.67198, "f1_std": 0.0, "auc": 0.44939, "auc_std": 0.01477}
{"epoch": 77, "time_epoch": 28.35331, "time_epoch_std": 0.57698, "eta": 622.01251, "eta_std": 12.36707, "eta_hours": 0.17278, "eta_hours_std": 0.00343, "loss": 0.69311, "loss_std": 1e-05, "lr": 0.00012, "lr_std": 0.0, "params": 3861.0, "params_std": 0.0, "time_iter": 0.88604, "time_iter_std": 0.01803, "accuracy": 0.506, "accuracy_std": 0.0, "accuracy_max": 0.506, "precision": 0.506, "precision_std": 0.0, "recall": 1.0, "recall_std": 0.0, "f1": 0.67198, "f1_std": 0.0, "auc": 0.45422, "auc_std": 0.01083}
{"epoch": 78, "time_epoch": 28.27913, "time_epoch_std": 0.55071, "eta": 593.74077, "eta_std": 11.80173, "eta_hours": 0.16493, "eta_hours_std": 0.00328, "loss": 0.69311, "loss_std": 1e-05, "lr": 0.00011, "lr_std": 0.0, "params": 3861.0, "params_std": 0.0, "time_iter": 0.88372, "time_iter_std": 0.01721, "accuracy": 0.506, "accuracy_std": 0.0, "accuracy_max": 0.506, "precision": 0.506, "precision_std": 0.0, "recall": 1.0, "recall_std": 0.0, "f1": 0.67198, "f1_std": 0.0, "auc": 0.46253, "auc_std": 0.00967}
{"epoch": 79, "time_epoch": 28.32086, "time_epoch_std": 0.54364, "eta": 565.47927, "eta_std": 11.2349, "eta_hours": 0.15708, "eta_hours_std": 0.00312, "loss": 0.69311, "loss_std": 2e-05, "lr": 0.0001, "lr_std": 0.0, "params": 3861.0, "params_std": 0.0, "time_iter": 0.88503, "time_iter_std": 0.01699, "accuracy": 0.506, "accuracy_std": 0.0, "accuracy_max": 0.506, "precision": 0.506, "precision_std": 0.0, "recall": 1.0, "recall_std": 0.0, "f1": 0.67198, "f1_std": 0.0, "auc": 0.46382, "auc_std": 0.01506}
{"epoch": 80, "time_epoch": 28.3131, "time_epoch_std": 0.55054, "eta": 537.21449, "eta_std": 10.67026, "eta_hours": 0.14922, "eta_hours_std": 0.00297, "loss": 0.69309, "loss_std": 1e-05, "lr": 0.0001, "lr_std": 0.0, "params": 3861.0, "params_std": 0.0, "time_iter": 0.88478, "time_iter_std": 0.01721, "accuracy": 0.506, "accuracy_std": 0.0, "accuracy_max": 0.506, "precision": 0.506, "precision_std": 0.0, "recall": 1.0, "recall_std": 0.0, "f1": 0.67198, "f1_std": 0.0, "auc": 0.45439, "auc_std": 0.00861}
{"epoch": 81, "time_epoch": 28.25979, "time_epoch_std": 0.57877, "eta": 508.93682, "eta_std": 10.11233, "eta_hours": 0.14137, "eta_hours_std": 0.00281, "loss": 0.69312, "loss_std": 3e-05, "lr": 9e-05, "lr_std": 0.0, "params": 3861.0, "params_std": 0.0, "time_iter": 0.88312, "time_iter_std": 0.01808, "accuracy": 0.506, "accuracy_std": 0.0, "accuracy_max": 0.506, "precision": 0.506, "precision_std": 0.0, "recall": 1.0, "recall_std": 0.0, "f1": 0.67198, "f1_std": 0.0, "auc": 0.43872, "auc_std": 0.01763}
{"epoch": 82, "time_epoch": 28.29628, "time_epoch_std": 0.54518, "eta": 480.66706, "eta_std": 9.54656, "eta_hours": 0.13352, "eta_hours_std": 0.00265, "loss": 0.69309, "loss_std": 1e-05, "lr": 8e-05, "lr_std": 0.0, "params": 3861.0, "params_std": 0.0, "time_iter": 0.88426, "time_iter_std": 0.01704, "accuracy": 0.506, "accuracy_std": 0.0, "accuracy_max": 0.506, "precision": 0.506, "precision_std": 0.0, "recall": 1.0, "recall_std": 0.0, "f1": 0.67198, "f1_std": 0.0, "auc": 0.46079, "auc_std": 0.01073}
{"epoch": 83, "time_epoch": 28.25831, "time_epoch_std": 0.53152, "eta": 452.38944, "eta_std": 8.97927, "eta_hours": 0.12566, "eta_hours_std": 0.00249, "loss": 0.6931, "loss_std": 2e-05, "lr": 7e-05, "lr_std": 0.0, "params": 3861.0, "params_std": 0.0, "time_iter": 0.88307, "time_iter_std": 0.01661, "accuracy": 0.506, "accuracy_std": 0.0, "accuracy_max": 0.506, "precision": 0.506, "precision_std": 0.0, "recall": 1.0, "recall_std": 0.0, "f1": 0.67198, "f1_std": 0.0, "auc": 0.46389, "auc_std": 0.02893}
{"epoch": 84, "time_epoch": 28.30113, "time_epoch_std": 0.52172, "eta": 424.11983, "eta_std": 8.41098, "eta_hours": 0.11781, "eta_hours_std": 0.00233, "loss": 0.69308, "loss_std": 1e-05, "lr": 6e-05, "lr_std": 0.0, "params": 3861.0, "params_std": 0.0, "time_iter": 0.88441, "time_iter_std": 0.01631, "accuracy": 0.506, "accuracy_std": 0.0, "accuracy_max": 0.506, "precision": 0.506, "precision_std": 0.0, "recall": 1.0, "recall_std": 0.0, "f1": 0.67198, "f1_std": 0.0, "auc": 0.49073, "auc_std": 0.01593}
{"epoch": 85, "time_epoch": 28.31339, "time_epoch_std": 0.54477, "eta": 395.85148, "eta_std": 7.84761, "eta_hours": 0.10996, "eta_hours_std": 0.00218, "loss": 0.69309, "loss_std": 1e-05, "lr": 5e-05, "lr_std": 0.0, "params": 3861.0, "params_std": 0.0, "time_iter": 0.8848, "time_iter_std": 0.01703, "accuracy": 0.506, "accuracy_std": 0.0, "accuracy_max": 0.506, "precision": 0.506, "precision_std": 0.0, "recall": 1.0, "recall_std": 0.0, "f1": 0.67198, "f1_std": 0.0, "auc": 0.46567, "auc_std": 0.0228}
{"epoch": 86, "time_epoch": 28.29402, "time_epoch_std": 0.56319, "eta": 367.5792, "eta_std": 7.28736, "eta_hours": 0.1021, "eta_hours_std": 0.00203, "loss": 0.69309, "loss_std": 1e-05, "lr": 5e-05, "lr_std": 0.0, "params": 3861.0, "params_std": 0.0, "time_iter": 0.88419, "time_iter_std": 0.0176, "accuracy": 0.506, "accuracy_std": 0.0, "accuracy_max": 0.506, "precision": 0.506, "precision_std": 0.0, "recall": 1.0, "recall_std": 0.0, "f1": 0.67198, "f1_std": 0.0, "auc": 0.47203, "auc_std": 0.03098}
{"epoch": 87, "time_epoch": 28.32066, "time_epoch_std": 0.56685, "eta": 339.31006, "eta_std": 6.7273, "eta_hours": 0.09425, "eta_hours_std": 0.00187, "loss": 0.6931, "loss_std": 1e-05, "lr": 4e-05, "lr_std": 0.0, "params": 3861.0, "params_std": 0.0, "time_iter": 0.88502, "time_iter_std": 0.01771, "accuracy": 0.506, "accuracy_std": 0.0, "accuracy_max": 0.506, "precision": 0.506, "precision_std": 0.0, "recall": 1.0, "recall_std": 0.0, "f1": 0.67198, "f1_std": 0.0, "auc": 0.44517, "auc_std": 0.01429}
{"epoch": 88, "time_epoch": 28.29745, "time_epoch_std": 0.54839, "eta": 311.03689, "eta_std": 6.16514, "eta_hours": 0.0864, "eta_hours_std": 0.00171, "loss": 0.69309, "loss_std": 1e-05, "lr": 4e-05, "lr_std": 0.0, "params": 3861.0, "params_std": 0.0, "time_iter": 0.8843, "time_iter_std": 0.01714, "accuracy": 0.506, "accuracy_std": 0.0, "accuracy_max": 0.506, "precision": 0.506, "precision_std": 0.0, "recall": 1.0, "recall_std": 0.0, "f1": 0.67198, "f1_std": 0.0, "auc": 0.46889, "auc_std": 0.03567}
{"epoch": 89, "time_epoch": 28.29411, "time_epoch_std": 0.54366, "eta": 282.76282, "eta_std": 5.60277, "eta_hours": 0.07854, "eta_hours_std": 0.00156, "loss": 0.69309, "loss_std": 1e-05, "lr": 3e-05, "lr_std": 0.0, "params": 3861.0, "params_std": 0.0, "time_iter": 0.88419, "time_iter_std": 0.01699, "accuracy": 0.506, "accuracy_std": 0.0, "accuracy_max": 0.506, "precision": 0.506, "precision_std": 0.0, "recall": 1.0, "recall_std": 0.0, "f1": 0.67198, "f1_std": 0.0, "auc": 0.46103, "auc_std": 0.01704}
{"epoch": 90, "time_epoch": 28.2835, "time_epoch_std": 0.54158, "eta": 254.48725, "eta_std": 5.0406, "eta_hours": 0.07069, "eta_hours_std": 0.0014, "loss": 0.69308, "loss_std": 1e-05, "lr": 2e-05, "lr_std": 0.0, "params": 3861.0, "params_std": 0.0, "time_iter": 0.88386, "time_iter_std": 0.01692, "accuracy": 0.506, "accuracy_std": 0.0, "accuracy_max": 0.506, "precision": 0.506, "precision_std": 0.0, "recall": 1.0, "recall_std": 0.0, "f1": 0.67198, "f1_std": 0.0, "auc": 0.47404, "auc_std": 0.01729}
{"epoch": 91, "time_epoch": 28.2663, "time_epoch_std": 0.53196, "eta": 226.21001, "eta_std": 4.47805, "eta_hours": 0.06284, "eta_hours_std": 0.00125, "loss": 0.69308, "loss_std": 0.0, "lr": 2e-05, "lr_std": 0.0, "params": 3861.0, "params_std": 0.0, "time_iter": 0.88332, "time_iter_std": 0.01662, "accuracy": 0.506, "accuracy_std": 0.0, "accuracy_max": 0.506, "precision": 0.506, "precision_std": 0.0, "recall": 1.0, "recall_std": 0.0, "f1": 0.67198, "f1_std": 0.0, "auc": 0.47146, "auc_std": 0.01519}
{"epoch": 92, "time_epoch": 28.50002, "time_epoch_std": 0.71461, "eta": 197.9506, "eta_std": 3.92559, "eta_hours": 0.05499, "eta_hours_std": 0.00109, "loss": 0.69309, "loss_std": 0.0, "lr": 2e-05, "lr_std": 0.0, "params": 3861.0, "params_std": 0.0, "time_iter": 0.89063, "time_iter_std": 0.02233, "accuracy": 0.506, "accuracy_std": 0.0, "accuracy_max": 0.506, "precision": 0.506, "precision_std": 0.0, "recall": 1.0, "recall_std": 0.0, "f1": 0.67198, "f1_std": 0.0, "auc": 0.45814, "auc_std": 0.01811}
{"epoch": 93, "time_epoch": 28.3331, "time_epoch_std": 0.57174, "eta": 169.67542, "eta_std": 3.36542, "eta_hours": 0.04713, "eta_hours_std": 0.00093, "loss": 0.69308, "loss_std": 0.0, "lr": 1e-05, "lr_std": 0.0, "params": 3861.0, "params_std": 0.0, "time_iter": 0.88541, "time_iter_std": 0.01787, "accuracy": 0.506, "accuracy_std": 0.0, "accuracy_max": 0.506, "precision": 0.506, "precision_std": 0.0, "recall": 1.0, "recall_std": 0.0, "f1": 0.67198, "f1_std": 0.0, "auc": 0.5001, "auc_std": 0.02539}
{"epoch": 94, "time_epoch": 28.38013, "time_epoch_std": 0.59681, "eta": 141.4015, "eta_std": 2.80595, "eta_hours": 0.03928, "eta_hours_std": 0.00078, "loss": 0.69308, "loss_std": 1e-05, "lr": 1e-05, "lr_std": 0.0, "params": 3861.0, "params_std": 0.0, "time_iter": 0.88688, "time_iter_std": 0.01865, "accuracy": 0.506, "accuracy_std": 0.0, "accuracy_max": 0.506, "precision": 0.506, "precision_std": 0.0, "recall": 1.0, "recall_std": 0.0, "f1": 0.67198, "f1_std": 0.0, "auc": 0.47249, "auc_std": 0.04209}
{"epoch": 95, "time_epoch": 28.3301, "time_epoch_std": 0.56938, "eta": 113.12327, "eta_std": 2.24496, "eta_hours": 0.03142, "eta_hours_std": 0.00062, "loss": 0.69308, "loss_std": 0.0, "lr": 1e-05, "lr_std": 0.0, "params": 3861.0, "params_std": 0.0, "time_iter": 0.88532, "time_iter_std": 0.01779, "accuracy": 0.506, "accuracy_std": 0.0, "accuracy_max": 0.506, "precision": 0.506, "precision_std": 0.0, "recall": 1.0, "recall_std": 0.0, "f1": 0.67198, "f1_std": 0.0, "auc": 0.48565, "auc_std": 0.01892}
{"epoch": 96, "time_epoch": 28.40431, "time_epoch_std": 0.61672, "eta": 84.84628, "eta_std": 1.68503, "eta_hours": 0.02357, "eta_hours_std": 0.00047, "loss": 0.69308, "loss_std": 1e-05, "lr": 0.0, "lr_std": 0.0, "params": 3861.0, "params_std": 0.0, "time_iter": 0.88764, "time_iter_std": 0.01927, "accuracy": 0.506, "accuracy_std": 0.0, "accuracy_max": 0.506, "precision": 0.506, "precision_std": 0.0, "recall": 1.0, "recall_std": 0.0, "f1": 0.67198, "f1_std": 0.0, "auc": 0.50097, "auc_std": 0.02526}
{"epoch": 97, "time_epoch": 28.34724, "time_epoch_std": 0.58419, "eta": 56.56551, "eta_std": 1.12374, "eta_hours": 0.01571, "eta_hours_std": 0.00031, "loss": 0.69308, "loss_std": 1e-05, "lr": 0.0, "lr_std": 0.0, "params": 3861.0, "params_std": 0.0, "time_iter": 0.88586, "time_iter_std": 0.01826, "accuracy": 0.506, "accuracy_std": 0.0, "accuracy_max": 0.506, "precision": 0.506, "precision_std": 0.0, "recall": 1.0, "recall_std": 0.0, "f1": 0.67198, "f1_std": 0.0, "auc": 0.51632, "auc_std": 0.01494}
{"epoch": 98, "time_epoch": 28.36571, "time_epoch_std": 0.58122, "eta": 28.28359, "eta_std": 0.56204, "eta_hours": 0.00785, "eta_hours_std": 0.00016, "loss": 0.69308, "loss_std": 0.0, "lr": 0.0, "lr_std": 0.0, "params": 3861.0, "params_std": 0.0, "time_iter": 0.88643, "time_iter_std": 0.01816, "accuracy": 0.506, "accuracy_std": 0.0, "accuracy_max": 0.506, "precision": 0.506, "precision_std": 0.0, "recall": 1.0, "recall_std": 0.0, "f1": 0.67198, "f1_std": 0.0, "auc": 0.47849, "auc_std": 0.00492}
{"epoch": 99, "time_epoch": 28.37721, "time_epoch_std": 0.59798, "eta": 0.0, "eta_std": 0.0, "eta_hours": 0.0, "eta_hours_std": 0.0, "loss": 0.69308, "loss_std": 1e-05, "lr": 0.0, "lr_std": 0.0, "params": 3861.0, "params_std": 0.0, "time_iter": 0.88679, "time_iter_std": 0.01869, "accuracy": 0.506, "accuracy_std": 0.0, "accuracy_max": 0.506, "precision": 0.506, "precision_std": 0.0, "recall": 1.0, "recall_std": 0.0, "f1": 0.67198, "f1_std": 0.0, "auc": 0.50062, "auc_std": 0.02241}
