{"epoch": 10, "time_epoch": 3.0891, "time_epoch_std": 0.38006, "eta": 214.35042, "eta_std": 73.53914, "eta_hours": 0.05954, "eta_hours_std": 0.02043, "loss": 0.6895, "loss_std": 0.01274, "lr": 0.00075, "lr_std": 0.0003, "params": 5345.0, "params_std": 0.0, "time_iter": 0.08129, "time_iter_std": 0.01, "accuracy": 0.53667, "accuracy_std": 0.04534, "accuracy_max": 0.60667, "precision": 0.41159, "precision_std": 0.23925, "recall": 0.67628, "recall_std": 0.39882, "f1": 0.50846, "f1_std": 0.29359, "auc": 0.50859, "auc_std": 0.08498}
