{"epoch": 0, "time_epoch": 0.91627, "eta": 90.71059, "eta_hours": 0.0252, "loss": 0.69650691, "lr": 0.001, "params": 9207, "time_iter": 0.30542, "accuracy": 0.47619, "precision": 0.47619, "recall": 1.0, "f1": 0.64516, "auc": 0.3625}
{"epoch": 1, "time_epoch": 2.08732, "eta": 147.17585, "eta_hours": 0.04088, "loss": 0.6955665, "lr": 0.00099975, "params": 9207, "time_iter": 0.69577, "accuracy": 0.47619, "precision": 0.47619, "recall": 1.0, "f1": 0.64516, "auc": 0.43864}
{"epoch": 2, "time_epoch": 2.04604, "eta": 163.27137, "eta_hours": 0.04535, "loss": 0.69515737, "lr": 0.00099901, "params": 9207, "time_iter": 0.68201, "accuracy": 0.47619, "precision": 0.47619, "recall": 1.0, "f1": 0.64516, "auc": 0.49545}
{"epoch": 3, "time_epoch": 2.04072, "eta": 170.1683, "eta_hours": 0.04727, "loss": 0.69529645, "lr": 0.00099778, "params": 9207, "time_iter": 0.68024, "accuracy": 0.47619, "precision": 0.47619, "recall": 1.0, "f1": 0.64516, "auc": 0.43409}
{"epoch": 4, "time_epoch": 2.03453, "eta": 173.37271, "eta_hours": 0.04816, "loss": 0.69439159, "lr": 0.00099606, "params": 9207, "time_iter": 0.67818, "accuracy": 0.47619, "precision": 0.47619, "recall": 1.0, "f1": 0.64516, "auc": 0.48409}
{"epoch": 5, "time_epoch": 2.03244, "eta": 174.79807, "eta_hours": 0.04856, "loss": 0.6936001, "lr": 0.00099384, "params": 9207, "time_iter": 0.67748, "accuracy": 0.47619, "precision": 0.47619, "recall": 1.0, "f1": 0.64516, "auc": 0.61591}
{"epoch": 6, "time_epoch": 2.04887, "eta": 175.45371, "eta_hours": 0.04874, "loss": 0.69389976, "lr": 0.00099114, "params": 9207, "time_iter": 0.68296, "accuracy": 0.47619, "precision": 0.47619, "recall": 1.0, "f1": 0.64516, "auc": 0.48409}
{"epoch": 7, "time_epoch": 0.75501, "eta": 160.55384, "eta_hours": 0.0446, "loss": 0.69263633, "lr": 0.00098796, "params": 9207, "time_iter": 0.25167, "accuracy": 0.47619, "precision": 0.47619, "recall": 1.0, "f1": 0.64516, "auc": 0.64773}
{"epoch": 8, "time_epoch": 0.11467, "eta": 142.32275, "eta_hours": 0.03953, "loss": 0.69169758, "lr": 0.00098429, "params": 9207, "time_iter": 0.03822, "accuracy": 0.5, "precision": 0.4878, "recall": 1.0, "f1": 0.65574, "auc": 0.74318}
{"epoch": 9, "time_epoch": 0.11663, "eta": 127.73254, "eta_hours": 0.03548, "loss": 0.69109885, "lr": 0.00098015, "params": 9207, "time_iter": 0.03888, "accuracy": 0.59524, "precision": 0.54054, "recall": 1.0, "f1": 0.70175, "auc": 0.72727}
{"epoch": 10, "time_epoch": 0.10952, "eta": 115.71636, "eta_hours": 0.03214, "loss": 0.69005613, "lr": 0.00097553, "params": 9207, "time_iter": 0.03651, "accuracy": 0.61905, "precision": 0.5625, "recall": 0.9, "f1": 0.69231, "auc": 0.75682}
{"epoch": 11, "time_epoch": 0.12113, "eta": 105.76975, "eta_hours": 0.02938, "loss": 0.68754939, "lr": 0.00097044, "params": 9207, "time_iter": 0.04038, "accuracy": 0.71429, "precision": 0.64286, "recall": 0.9, "f1": 0.75, "auc": 0.82727}
{"epoch": 12, "time_epoch": 0.12337, "eta": 97.34975, "eta_hours": 0.02704, "loss": 0.68527822, "lr": 0.00096489, "params": 9207, "time_iter": 0.04112, "accuracy": 0.7619, "precision": 0.70833, "recall": 0.85, "f1": 0.77273, "auc": 0.82727}
{"epoch": 13, "time_epoch": 0.12312, "eta": 90.11345, "eta_hours": 0.02503, "loss": 0.6825839, "lr": 0.00095888, "params": 9207, "time_iter": 0.04104, "accuracy": 0.7619, "precision": 0.77778, "recall": 0.7, "f1": 0.73684, "auc": 0.85909}
{"epoch": 14, "time_epoch": 0.12375, "eta": 83.82917, "eta_hours": 0.02329, "loss": 0.67917987, "lr": 0.00095241, "params": 9207, "time_iter": 0.04125, "accuracy": 0.78571, "precision": 0.82353, "recall": 0.7, "f1": 0.75676, "auc": 0.86136}
{"epoch": 15, "time_epoch": 0.12143, "eta": 78.30278, "eta_hours": 0.02175, "loss": 0.67402076, "lr": 0.0009455, "params": 9207, "time_iter": 0.04048, "accuracy": 0.80952, "precision": 0.83333, "recall": 0.75, "f1": 0.78947, "auc": 0.88864}
{"epoch": 16, "time_epoch": 0.12011, "eta": 73.40583, "eta_hours": 0.02039, "loss": 0.66817567, "lr": 0.00093815, "params": 9207, "time_iter": 0.04004, "accuracy": 0.83333, "precision": 0.88235, "recall": 0.75, "f1": 0.81081, "auc": 0.89318}
{"epoch": 17, "time_epoch": 0.12538, "eta": 69.06365, "eta_hours": 0.01918, "loss": 0.66718576, "lr": 0.00093037, "params": 9207, "time_iter": 0.04179, "accuracy": 0.7381, "precision": 0.8, "recall": 0.6, "f1": 0.68571, "auc": 0.85455}
{"epoch": 18, "time_epoch": 0.13087, "eta": 65.18874, "eta_hours": 0.01811, "loss": 0.65638731, "lr": 0.00092216, "params": 9207, "time_iter": 0.04362, "accuracy": 0.80952, "precision": 0.92857, "recall": 0.65, "f1": 0.76471, "auc": 0.91364}
{"epoch": 19, "time_epoch": 0.12432, "eta": 61.66204, "eta_hours": 0.01713, "loss": 0.64488652, "lr": 0.00091354, "params": 9207, "time_iter": 0.04144, "accuracy": 0.80952, "precision": 0.83333, "recall": 0.75, "f1": 0.78947, "auc": 0.90227}
{"epoch": 20, "time_epoch": 0.12176, "eta": 58.44972, "eta_hours": 0.01624, "loss": 0.6366562, "lr": 0.00090451, "params": 9207, "time_iter": 0.04059, "accuracy": 0.83333, "precision": 0.88235, "recall": 0.75, "f1": 0.81081, "auc": 0.90455}
{"epoch": 21, "time_epoch": 0.11776, "eta": 55.5042, "eta_hours": 0.01542, "loss": 0.62796407, "lr": 0.00089508, "params": 9207, "time_iter": 0.03925, "accuracy": 0.83333, "precision": 0.88235, "recall": 0.75, "f1": 0.81081, "auc": 0.90455}
{"epoch": 22, "time_epoch": 0.12242, "eta": 52.82017, "eta_hours": 0.01467, "loss": 0.61299543, "lr": 0.00088526, "params": 9207, "time_iter": 0.04081, "accuracy": 0.85714, "precision": 0.88889, "recall": 0.8, "f1": 0.84211, "auc": 0.93864}
{"epoch": 23, "time_epoch": 0.12328, "eta": 50.35232, "eta_hours": 0.01399, "loss": 0.59614245, "lr": 0.00087506, "params": 9207, "time_iter": 0.04109, "accuracy": 0.85714, "precision": 0.85, "recall": 0.85, "f1": 0.85, "auc": 0.91136}
{"epoch": 24, "time_epoch": 0.12292, "eta": 48.07095, "eta_hours": 0.01335, "loss": 0.58694672, "lr": 0.00086448, "params": 9207, "time_iter": 0.04097, "accuracy": 0.78571, "precision": 0.82353, "recall": 0.7, "f1": 0.75676, "auc": 0.90909}
{"epoch": 25, "time_epoch": 0.12291, "eta": 45.95559, "eta_hours": 0.01277, "loss": 0.55881282, "lr": 0.00085355, "params": 9207, "time_iter": 0.04097, "accuracy": 0.85714, "precision": 0.85, "recall": 0.85, "f1": 0.85, "auc": 0.93409}
{"epoch": 26, "time_epoch": 0.1216, "eta": 43.98428, "eta_hours": 0.01222, "loss": 0.55917456, "lr": 0.00084227, "params": 9207, "time_iter": 0.04053, "accuracy": 0.83333, "precision": 0.88235, "recall": 0.75, "f1": 0.81081, "auc": 0.91818}
{"epoch": 27, "time_epoch": 0.11927, "eta": 42.13911, "eta_hours": 0.01171, "loss": 0.52069955, "lr": 0.00083066, "params": 9207, "time_iter": 0.03976, "accuracy": 0.90476, "precision": 0.94444, "recall": 0.85, "f1": 0.89474, "auc": 0.95682}
{"epoch": 28, "time_epoch": 0.12299, "eta": 40.42207, "eta_hours": 0.01123, "loss": 0.50045829, "lr": 0.00081871, "params": 9207, "time_iter": 0.041, "accuracy": 0.85714, "precision": 0.85, "recall": 0.85, "f1": 0.85, "auc": 0.94773}
{"epoch": 29, "time_epoch": 0.1232, "eta": 38.81178, "eta_hours": 0.01078, "loss": 0.49233789, "lr": 0.00080645, "params": 9207, "time_iter": 0.04107, "accuracy": 0.80952, "precision": 0.875, "recall": 0.7, "f1": 0.77778, "auc": 0.93409}
{"epoch": 30, "time_epoch": 0.12324, "eta": 37.29753, "eta_hours": 0.01036, "loss": 0.45450231, "lr": 0.00079389, "params": 9207, "time_iter": 0.04108, "accuracy": 0.92857, "precision": 1.0, "recall": 0.85, "f1": 0.91892, "auc": 0.97045}
{"epoch": 31, "time_epoch": 0.12121, "eta": 35.8659, "eta_hours": 0.00996, "loss": 0.44448739, "lr": 0.00078104, "params": 9207, "time_iter": 0.0404, "accuracy": 0.88095, "precision": 0.89474, "recall": 0.85, "f1": 0.87179, "auc": 0.95455}
{"epoch": 32, "time_epoch": 0.1195, "eta": 34.51022, "eta_hours": 0.00959, "loss": 0.42104764, "lr": 0.00076791, "params": 9207, "time_iter": 0.03983, "accuracy": 0.92857, "precision": 0.94737, "recall": 0.9, "f1": 0.92308, "auc": 0.97955}
{"epoch": 33, "time_epoch": 0.12354, "eta": 33.2351, "eta_hours": 0.00923, "loss": 0.42902916, "lr": 0.00075452, "params": 9207, "time_iter": 0.04118, "accuracy": 0.90476, "precision": 0.94444, "recall": 0.85, "f1": 0.89474, "auc": 0.95}
{"epoch": 34, "time_epoch": 0.12658, "eta": 32.03142, "eta_hours": 0.0089, "loss": 0.42819043, "lr": 0.00074088, "params": 9207, "time_iter": 0.04219, "accuracy": 0.88095, "precision": 0.94118, "recall": 0.8, "f1": 0.86486, "auc": 0.93636}
{"epoch": 35, "time_epoch": 0.1219, "eta": 30.87927, "eta_hours": 0.00858, "loss": 0.36902801, "lr": 0.000727, "params": 9207, "time_iter": 0.04063, "accuracy": 0.88095, "precision": 0.94118, "recall": 0.8, "f1": 0.86486, "auc": 0.99091}
{"epoch": 36, "time_epoch": 0.1226, "eta": 29.784, "eta_hours": 0.00827, "loss": 0.33578785, "lr": 0.00071289, "params": 9207, "time_iter": 0.04087, "accuracy": 0.90476, "precision": 0.94444, "recall": 0.85, "f1": 0.89474, "auc": 0.98864}
{"epoch": 37, "time_epoch": 0.12403, "eta": 28.74225, "eta_hours": 0.00798, "loss": 0.36888429, "lr": 0.00069857, "params": 9207, "time_iter": 0.04134, "accuracy": 0.85714, "precision": 0.88889, "recall": 0.8, "f1": 0.84211, "auc": 0.95455}
{"epoch": 38, "time_epoch": 0.12279, "eta": 27.74562, "eta_hours": 0.00771, "loss": 0.33066302, "lr": 0.00068406, "params": 9207, "time_iter": 0.04093, "accuracy": 0.95238, "precision": 0.95, "recall": 0.95, "f1": 0.95, "auc": 0.97955}
{"epoch": 39, "time_epoch": 0.123, "eta": 26.793, "eta_hours": 0.00744, "loss": 0.28581753, "lr": 0.00066937, "params": 9207, "time_iter": 0.041, "accuracy": 0.95238, "precision": 1.0, "recall": 0.9, "f1": 0.94737, "auc": 1.0}
{"epoch": 40, "time_epoch": 0.12367, "eta": 25.88181, "eta_hours": 0.00719, "loss": 0.28606737, "lr": 0.00065451, "params": 9207, "time_iter": 0.04122, "accuracy": 0.95238, "precision": 1.0, "recall": 0.9, "f1": 0.94737, "auc": 0.99091}
{"epoch": 41, "time_epoch": 0.12167, "eta": 25.00536, "eta_hours": 0.00695, "loss": 0.25786758, "lr": 0.0006395, "params": 9207, "time_iter": 0.04056, "accuracy": 0.95238, "precision": 1.0, "recall": 0.9, "f1": 0.94737, "auc": 1.0}
{"epoch": 42, "time_epoch": 0.11962, "eta": 24.1613, "eta_hours": 0.00671, "loss": 0.26532622, "lr": 0.00062434, "params": 9207, "time_iter": 0.03987, "accuracy": 0.92857, "precision": 0.94737, "recall": 0.9, "f1": 0.92308, "auc": 0.99318}
{"epoch": 43, "time_epoch": 0.12158, "eta": 23.35267, "eta_hours": 0.00649, "loss": 0.228355, "lr": 0.00060907, "params": 9207, "time_iter": 0.04053, "accuracy": 0.97619, "precision": 1.0, "recall": 0.95, "f1": 0.97436, "auc": 1.0}
{"epoch": 44, "time_epoch": 0.11781, "eta": 22.56998, "eta_hours": 0.00627, "loss": 0.2309547, "lr": 0.00059369, "params": 9207, "time_iter": 0.03927, "accuracy": 0.97619, "precision": 1.0, "recall": 0.95, "f1": 0.97436, "auc": 0.99773}
{"epoch": 45, "time_epoch": 0.12321, "eta": 21.82253, "eta_hours": 0.00606, "loss": 0.21981605, "lr": 0.00057822, "params": 9207, "time_iter": 0.04107, "accuracy": 0.97619, "precision": 1.0, "recall": 0.95, "f1": 0.97436, "auc": 0.99773}
{"epoch": 46, "time_epoch": 0.12416, "eta": 21.1027, "eta_hours": 0.00586, "loss": 0.20195478, "lr": 0.00056267, "params": 9207, "time_iter": 0.04139, "accuracy": 0.95238, "precision": 1.0, "recall": 0.9, "f1": 0.94737, "auc": 1.0}
{"epoch": 47, "time_epoch": 0.12483, "eta": 20.40842, "eta_hours": 0.00567, "loss": 0.18827624, "lr": 0.00054705, "params": 9207, "time_iter": 0.04161, "accuracy": 0.97619, "precision": 1.0, "recall": 0.95, "f1": 0.97436, "auc": 1.0}
{"epoch": 48, "time_epoch": 0.12372, "eta": 19.73623, "eta_hours": 0.00548, "loss": 0.21849973, "lr": 0.0005314, "params": 9207, "time_iter": 0.04124, "accuracy": 0.97619, "precision": 1.0, "recall": 0.95, "f1": 0.97436, "auc": 0.99318}
{"epoch": 49, "time_epoch": 0.12186, "eta": 19.08412, "eta_hours": 0.0053, "loss": 0.15516868, "lr": 0.00051571, "params": 9207, "time_iter": 0.04062, "accuracy": 1.0, "precision": 1.0, "recall": 1.0, "f1": 1.0, "auc": 1.0}
{"epoch": 50, "time_epoch": 0.12313, "eta": 18.45403, "eta_hours": 0.00513, "loss": 0.14123412, "lr": 0.0005, "params": 9207, "time_iter": 0.04104, "accuracy": 0.97619, "precision": 1.0, "recall": 0.95, "f1": 0.97436, "auc": 1.0}
{"epoch": 51, "time_epoch": 0.123, "eta": 17.84331, "eta_hours": 0.00496, "loss": 0.13012595, "lr": 0.00048429, "params": 9207, "time_iter": 0.041, "accuracy": 1.0, "precision": 1.0, "recall": 1.0, "f1": 1.0, "auc": 1.0}
{"epoch": 52, "time_epoch": 0.12446, "eta": 17.25229, "eta_hours": 0.00479, "loss": 0.139835, "lr": 0.0004686, "params": 9207, "time_iter": 0.04149, "accuracy": 0.97619, "precision": 1.0, "recall": 0.95, "f1": 0.97436, "auc": 1.0}
{"epoch": 53, "time_epoch": 0.123, "eta": 16.67731, "eta_hours": 0.00463, "loss": 0.13000084, "lr": 0.00045295, "params": 9207, "time_iter": 0.041, "accuracy": 1.0, "precision": 1.0, "recall": 1.0, "f1": 1.0, "auc": 1.0}
{"epoch": 54, "time_epoch": 0.12394, "eta": 16.11954, "eta_hours": 0.00448, "loss": 0.16278397, "lr": 0.00043733, "params": 9207, "time_iter": 0.04131, "accuracy": 0.97619, "precision": 1.0, "recall": 0.95, "f1": 0.97436, "auc": 1.0}
{"epoch": 55, "time_epoch": 0.12176, "eta": 15.57554, "eta_hours": 0.00433, "loss": 0.19919882, "lr": 0.00042178, "params": 9207, "time_iter": 0.04059, "accuracy": 0.95238, "precision": 1.0, "recall": 0.9, "f1": 0.94737, "auc": 0.99318}
{"epoch": 56, "time_epoch": 0.12573, "eta": 15.04936, "eta_hours": 0.00418, "loss": 0.10417938, "lr": 0.00040631, "params": 9207, "time_iter": 0.04191, "accuracy": 1.0, "precision": 1.0, "recall": 1.0, "f1": 1.0, "auc": 1.0}
{"epoch": 57, "time_epoch": 0.12599, "eta": 14.53717, "eta_hours": 0.00404, "loss": 0.10194554, "lr": 0.00039093, "params": 9207, "time_iter": 0.042, "accuracy": 1.0, "precision": 1.0, "recall": 1.0, "f1": 1.0, "auc": 1.0}
{"epoch": 58, "time_epoch": 0.12438, "eta": 14.03695, "eta_hours": 0.0039, "loss": 0.11379949, "lr": 0.00037566, "params": 9207, "time_iter": 0.04146, "accuracy": 0.97619, "precision": 1.0, "recall": 0.95, "f1": 0.97436, "auc": 1.0}
{"epoch": 59, "time_epoch": 0.12569, "eta": 13.55014, "eta_hours": 0.00376, "loss": 0.12720441, "lr": 0.0003605, "params": 9207, "time_iter": 0.0419, "accuracy": 0.97619, "precision": 1.0, "recall": 0.95, "f1": 0.97436, "auc": 1.0}
{"epoch": 60, "time_epoch": 0.12202, "eta": 13.07282, "eta_hours": 0.00363, "loss": 0.09822975, "lr": 0.00034549, "params": 9207, "time_iter": 0.04067, "accuracy": 1.0, "precision": 1.0, "recall": 1.0, "f1": 1.0, "auc": 1.0}
{"epoch": 61, "time_epoch": 0.12157, "eta": 12.60668, "eta_hours": 0.0035, "loss": 0.08238055, "lr": 0.00033063, "params": 9207, "time_iter": 0.04052, "accuracy": 1.0, "precision": 1.0, "recall": 1.0, "f1": 1.0, "auc": 1.0}
{"epoch": 62, "time_epoch": 0.12379, "eta": 12.15279, "eta_hours": 0.00338, "loss": 0.18376622, "lr": 0.00031594, "params": 9207, "time_iter": 0.04126, "accuracy": 0.92857, "precision": 1.0, "recall": 0.85, "f1": 0.91892, "auc": 0.99545}
{"epoch": 63, "time_epoch": 0.1237, "eta": 11.70916, "eta_hours": 0.00325, "loss": 0.10320708, "lr": 0.00030143, "params": 9207, "time_iter": 0.04123, "accuracy": 1.0, "precision": 1.0, "recall": 1.0, "f1": 1.0, "auc": 1.0}
{"epoch": 64, "time_epoch": 0.12181, "eta": 11.27436, "eta_hours": 0.00313, "loss": 0.07355314, "lr": 0.00028711, "params": 9207, "time_iter": 0.0406, "accuracy": 1.0, "precision": 1.0, "recall": 1.0, "f1": 1.0, "auc": 1.0}
{"epoch": 65, "time_epoch": 0.11836, "eta": 10.84727, "eta_hours": 0.00301, "loss": 0.0836992, "lr": 0.000273, "params": 9207, "time_iter": 0.03945, "accuracy": 1.0, "precision": 1.0, "recall": 1.0, "f1": 1.0, "auc": 1.0}
{"epoch": 66, "time_epoch": 0.13518, "eta": 10.43767, "eta_hours": 0.0029, "loss": 0.08931424, "lr": 0.00025912, "params": 9207, "time_iter": 0.04506, "accuracy": 1.0, "precision": 1.0, "recall": 1.0, "f1": 1.0, "auc": 1.0}
{"epoch": 67, "time_epoch": 0.13691, "eta": 10.03696, "eta_hours": 0.00279, "loss": 0.06903395, "lr": 0.00024548, "params": 9207, "time_iter": 0.04564, "accuracy": 1.0, "precision": 1.0, "recall": 1.0, "f1": 1.0, "auc": 1.0}
{"epoch": 68, "time_epoch": 0.13785, "eta": 9.64433, "eta_hours": 0.00268, "loss": 0.10501146, "lr": 0.00023209, "params": 9207, "time_iter": 0.04595, "accuracy": 1.0, "precision": 1.0, "recall": 1.0, "f1": 1.0, "auc": 1.0}
{"epoch": 69, "time_epoch": 0.1342, "eta": 9.2574, "eta_hours": 0.00257, "loss": 0.06525974, "lr": 0.00021896, "params": 9207, "time_iter": 0.04473, "accuracy": 1.0, "precision": 1.0, "recall": 1.0, "f1": 1.0, "auc": 1.0}
{"epoch": 70, "time_epoch": 0.13628, "eta": 8.87844, "eta_hours": 0.00247, "loss": 0.05877221, "lr": 0.00020611, "params": 9207, "time_iter": 0.04543, "accuracy": 1.0, "precision": 1.0, "recall": 1.0, "f1": 1.0, "auc": 1.0}
{"epoch": 71, "time_epoch": 0.13488, "eta": 8.50568, "eta_hours": 0.00236, "loss": 0.09280697, "lr": 0.00019355, "params": 9207, "time_iter": 0.04496, "accuracy": 1.0, "precision": 1.0, "recall": 1.0, "f1": 1.0, "auc": 1.0}
{"epoch": 72, "time_epoch": 0.13438, "eta": 8.13926, "eta_hours": 0.00226, "loss": 0.07849329, "lr": 0.00018129, "params": 9207, "time_iter": 0.04479, "accuracy": 1.0, "precision": 1.0, "recall": 1.0, "f1": 1.0, "auc": 1.0}
{"epoch": 73, "time_epoch": 0.13676, "eta": 7.77994, "eta_hours": 0.00216, "loss": 0.08564569, "lr": 0.00016934, "params": 9207, "time_iter": 0.04559, "accuracy": 1.0, "precision": 1.0, "recall": 1.0, "f1": 1.0, "auc": 1.0}
{"epoch": 74, "time_epoch": 0.13424, "eta": 7.42571, "eta_hours": 0.00206, "loss": 0.07389957, "lr": 0.00015773, "params": 9207, "time_iter": 0.04475, "accuracy": 1.0, "precision": 1.0, "recall": 1.0, "f1": 1.0, "auc": 1.0}
{"epoch": 75, "time_epoch": 0.13514, "eta": 7.07756, "eta_hours": 0.00197, "loss": 0.08250262, "lr": 0.00014645, "params": 9207, "time_iter": 0.04505, "accuracy": 1.0, "precision": 1.0, "recall": 1.0, "f1": 1.0, "auc": 1.0}
{"epoch": 76, "time_epoch": 0.13686, "eta": 6.73546, "eta_hours": 0.00187, "loss": 0.06630089, "lr": 0.00013552, "params": 9207, "time_iter": 0.04562, "accuracy": 1.0, "precision": 1.0, "recall": 1.0, "f1": 1.0, "auc": 1.0}
{"epoch": 77, "time_epoch": 0.13495, "eta": 6.39808, "eta_hours": 0.00178, "loss": 0.05638907, "lr": 0.00012494, "params": 9207, "time_iter": 0.04498, "accuracy": 1.0, "precision": 1.0, "recall": 1.0, "f1": 1.0, "auc": 1.0}
{"epoch": 78, "time_epoch": 0.13616, "eta": 6.06614, "eta_hours": 0.00169, "loss": 0.06254178, "lr": 0.00011474, "params": 9207, "time_iter": 0.04539, "accuracy": 1.0, "precision": 1.0, "recall": 1.0, "f1": 1.0, "auc": 1.0}
{"epoch": 79, "time_epoch": 0.13853, "eta": 5.73969, "eta_hours": 0.00159, "loss": 0.07602951, "lr": 0.00010492, "params": 9207, "time_iter": 0.04618, "accuracy": 0.97619, "precision": 1.0, "recall": 0.95, "f1": 0.97436, "auc": 1.0}
{"epoch": 80, "time_epoch": 0.13648, "eta": 5.4174, "eta_hours": 0.0015, "loss": 0.0495432, "lr": 9.549e-05, "params": 9207, "time_iter": 0.04549, "accuracy": 1.0, "precision": 1.0, "recall": 1.0, "f1": 1.0, "auc": 1.0}
{"epoch": 81, "time_epoch": 0.13582, "eta": 5.0995, "eta_hours": 0.00142, "loss": 0.0527032, "lr": 8.646e-05, "params": 9207, "time_iter": 0.04527, "accuracy": 1.0, "precision": 1.0, "recall": 1.0, "f1": 1.0, "auc": 1.0}
{"epoch": 82, "time_epoch": 0.13728, "eta": 4.78629, "eta_hours": 0.00133, "loss": 0.05059903, "lr": 7.784e-05, "params": 9207, "time_iter": 0.04576, "accuracy": 1.0, "precision": 1.0, "recall": 1.0, "f1": 1.0, "auc": 1.0}
{"epoch": 83, "time_epoch": 0.13919, "eta": 4.47763, "eta_hours": 0.00124, "loss": 0.0483278, "lr": 6.963e-05, "params": 9207, "time_iter": 0.0464, "accuracy": 1.0, "precision": 1.0, "recall": 1.0, "f1": 1.0, "auc": 1.0}
{"epoch": 84, "time_epoch": 0.14218, "eta": 4.17348, "eta_hours": 0.00116, "loss": 0.16483654, "lr": 6.185e-05, "params": 9207, "time_iter": 0.04739, "accuracy": 0.92857, "precision": 1.0, "recall": 0.85, "f1": 0.91892, "auc": 0.99318}
{"epoch": 85, "time_epoch": 0.14068, "eta": 3.87285, "eta_hours": 0.00108, "loss": 0.04546089, "lr": 5.45e-05, "params": 9207, "time_iter": 0.04689, "accuracy": 1.0, "precision": 1.0, "recall": 1.0, "f1": 1.0, "auc": 1.0}
{"epoch": 86, "time_epoch": 0.14207, "eta": 3.57611, "eta_hours": 0.00099, "loss": 0.05965382, "lr": 4.759e-05, "params": 9207, "time_iter": 0.04736, "accuracy": 1.0, "precision": 1.0, "recall": 1.0, "f1": 1.0, "auc": 1.0}
{"epoch": 87, "time_epoch": 0.13586, "eta": 3.28204, "eta_hours": 0.00091, "loss": 0.06438091, "lr": 4.112e-05, "params": 9207, "time_iter": 0.04529, "accuracy": 1.0, "precision": 1.0, "recall": 1.0, "f1": 1.0, "auc": 1.0}
{"epoch": 88, "time_epoch": 0.13585, "eta": 2.99153, "eta_hours": 0.00083, "loss": 0.0540187, "lr": 3.511e-05, "params": 9207, "time_iter": 0.04528, "accuracy": 1.0, "precision": 1.0, "recall": 1.0, "f1": 1.0, "auc": 1.0}
{"epoch": 89, "time_epoch": 0.13704, "eta": 2.70458, "eta_hours": 0.00075, "loss": 0.07199189, "lr": 2.956e-05, "params": 9207, "time_iter": 0.04568, "accuracy": 1.0, "precision": 1.0, "recall": 1.0, "f1": 1.0, "auc": 1.0}
{"epoch": 90, "time_epoch": 0.13625, "eta": 2.42085, "eta_hours": 0.00067, "loss": 0.11669253, "lr": 2.447e-05, "params": 9207, "time_iter": 0.04542, "accuracy": 0.97619, "precision": 1.0, "recall": 0.95, "f1": 0.97436, "auc": 1.0}
{"epoch": 91, "time_epoch": 0.13481, "eta": 2.1402, "eta_hours": 0.00059, "loss": 0.08984304, "lr": 1.985e-05, "params": 9207, "time_iter": 0.04494, "accuracy": 1.0, "precision": 1.0, "recall": 1.0, "f1": 1.0, "auc": 1.0}
{"epoch": 92, "time_epoch": 0.13693, "eta": 1.86284, "eta_hours": 0.00052, "loss": 0.04420618, "lr": 1.571e-05, "params": 9207, "time_iter": 0.04564, "accuracy": 1.0, "precision": 1.0, "recall": 1.0, "f1": 1.0, "auc": 1.0}
{"epoch": 93, "time_epoch": 0.1366, "eta": 1.58846, "eta_hours": 0.00044, "loss": 0.04297365, "lr": 1.204e-05, "params": 9207, "time_iter": 0.04553, "accuracy": 1.0, "precision": 1.0, "recall": 1.0, "f1": 1.0, "auc": 1.0}
{"epoch": 94, "time_epoch": 0.13944, "eta": 1.31712, "eta_hours": 0.00037, "loss": 0.05110062, "lr": 8.86e-06, "params": 9207, "time_iter": 0.04648, "accuracy": 1.0, "precision": 1.0, "recall": 1.0, "f1": 1.0, "auc": 1.0}
{"epoch": 95, "time_epoch": 0.13564, "eta": 1.04837, "eta_hours": 0.00029, "loss": 0.07936914, "lr": 6.16e-06, "params": 9207, "time_iter": 0.04521, "accuracy": 1.0, "precision": 1.0, "recall": 1.0, "f1": 1.0, "auc": 1.0}
{"epoch": 96, "time_epoch": 0.13393, "eta": 0.78231, "eta_hours": 0.00022, "loss": 0.0542426, "lr": 3.94e-06, "params": 9207, "time_iter": 0.04464, "accuracy": 1.0, "precision": 1.0, "recall": 1.0, "f1": 1.0, "auc": 1.0}
{"epoch": 97, "time_epoch": 0.13703, "eta": 0.51902, "eta_hours": 0.00014, "loss": 0.06158898, "lr": 2.22e-06, "params": 9207, "time_iter": 0.04568, "accuracy": 1.0, "precision": 1.0, "recall": 1.0, "f1": 1.0, "auc": 1.0}
{"epoch": 98, "time_epoch": 0.13852, "eta": 0.25829, "eta_hours": 7e-05, "loss": 0.06987016, "lr": 9.9e-07, "params": 9207, "time_iter": 0.04617, "accuracy": 1.0, "precision": 1.0, "recall": 1.0, "f1": 1.0, "auc": 1.0}
{"epoch": 99, "time_epoch": 0.13519, "eta": 0.0, "eta_hours": 0.0, "loss": 0.05215183, "lr": 2.5e-07, "params": 9207, "time_iter": 0.04506, "accuracy": 1.0, "precision": 1.0, "recall": 1.0, "f1": 1.0, "auc": 1.0}
