{"epoch": 0, "time_epoch": 0.07297, "time_epoch_std": 0.0, "eta": 7.22442, "eta_std": 0.0, "eta_hours": 0.00201, "eta_hours_std": 0.0, "loss": 0.70981, "loss_std": 0.0, "lr": 0.001, "lr_std": 0.0, "params": 6465.0, "params_std": 0.0, "time_iter": 0.02432, "time_iter_std": 0.0, "accuracy": 0.33333, "accuracy_std": 0.0, "precision": 0.0, "precision_std": 0.0, "recall": 0.0, "recall_std": 0.0, "f1": 0.0, "f1_std": 0.0, "auc": 0.45562, "auc_std": 0.0}
{"epoch": 1, "time_epoch": 0.03879, "time_epoch_std": 0.0, "eta": 5.47643, "eta_std": 0.0, "eta_hours": 0.00152, "eta_hours_std": 0.0, "loss": 0.69787, "loss_std": 0.0, "lr": 0.001, "lr_std": 0.0, "params": 6465.0, "params_std": 0.0, "time_iter": 0.01293, "time_iter_std": 0.0, "accuracy": 0.38462, "accuracy_std": 0.0, "precision": 0.55, "precision_std": 0.0, "recall": 0.42308, "recall_std": 0.0, "f1": 0.47826, "f1_std": 0.0, "auc": 0.2574, "auc_std": 0.0}
{"epoch": 2, "time_epoch": 0.03555, "time_epoch_std": 0.0, "eta": 4.76323, "eta_std": 0.0, "eta_hours": 0.00132, "eta_hours_std": 0.0, "loss": 0.6843, "loss_std": 0.0, "lr": 0.001, "lr_std": 0.0, "params": 6465.0, "params_std": 0.0, "time_iter": 0.01185, "time_iter_std": 0.0, "accuracy": 0.66667, "accuracy_std": 0.0, "precision": 0.66667, "precision_std": 0.0, "recall": 1.0, "recall_std": 0.0, "f1": 0.8, "f1_std": 0.0, "auc": 0.48817, "auc_std": 0.0}
{"epoch": 3, "time_epoch": 0.03466, "time_epoch_std": 0.0, "eta": 4.36744, "eta_std": 0.0, "eta_hours": 0.00121, "eta_hours_std": 0.0, "loss": 0.67814, "loss_std": 0.0, "lr": 0.001, "lr_std": 0.0, "params": 6465.0, "params_std": 0.0, "time_iter": 0.01155, "time_iter_std": 0.0, "accuracy": 0.66667, "accuracy_std": 0.0, "precision": 0.66667, "precision_std": 0.0, "recall": 1.0, "recall_std": 0.0, "f1": 0.8, "f1_std": 0.0, "auc": 0.39645, "auc_std": 0.0}
{"epoch": 4, "time_epoch": 0.03549, "time_epoch_std": 0.0, "eta": 4.13188, "eta_std": 0.0, "eta_hours": 0.00115, "eta_hours_std": 0.0, "loss": 0.67212, "loss_std": 0.0, "lr": 0.001, "lr_std": 0.0, "params": 6465.0, "params_std": 0.0, "time_iter": 0.01183, "time_iter_std": 0.0, "accuracy": 0.66667, "accuracy_std": 0.0, "precision": 0.66667, "precision_std": 0.0, "recall": 1.0, "recall_std": 0.0, "f1": 0.8, "f1_std": 0.0, "auc": 0.30473, "auc_std": 0.0}
{"epoch": 5, "time_epoch": 0.03712, "time_epoch_std": 0.0, "eta": 3.98848, "eta_std": 0.0, "eta_hours": 0.00111, "eta_hours_std": 0.0, "loss": 0.66611, "loss_std": 0.0, "lr": 0.00099, "lr_std": 0.0, "params": 6465.0, "params_std": 0.0, "time_iter": 0.01237, "time_iter_std": 0.0, "accuracy": 0.66667, "accuracy_std": 0.0, "precision": 0.66667, "precision_std": 0.0, "recall": 1.0, "recall_std": 0.0, "f1": 0.8, "f1_std": 0.0, "auc": 0.46154, "auc_std": 0.0}
{"epoch": 6, "time_epoch": 0.03563, "time_epoch_std": 0.0, "eta": 3.85573, "eta_std": 0.0, "eta_hours": 0.00107, "eta_hours_std": 0.0, "loss": 0.66183, "loss_std": 0.0, "lr": 0.00099, "lr_std": 0.0, "params": 6465.0, "params_std": 0.0, "time_iter": 0.01188, "time_iter_std": 0.0, "accuracy": 0.66667, "accuracy_std": 0.0, "precision": 0.66667, "precision_std": 0.0, "recall": 1.0, "recall_std": 0.0, "f1": 0.8, "f1_std": 0.0, "auc": 0.49408, "auc_std": 0.0}
{"epoch": 7, "time_epoch": 0.03576, "time_epoch_std": 0.0, "eta": 3.74876, "eta_std": 0.0, "eta_hours": 0.00104, "eta_hours_std": 0.0, "loss": 0.65945, "loss_std": 0.0, "lr": 0.00099, "lr_std": 0.0, "params": 6465.0, "params_std": 0.0, "time_iter": 0.01192, "time_iter_std": 0.0, "accuracy": 0.66667, "accuracy_std": 0.0, "precision": 0.66667, "precision_std": 0.0, "recall": 1.0, "recall_std": 0.0, "f1": 0.8, "f1_std": 0.0, "auc": 0.33728, "auc_std": 0.0}
{"epoch": 8, "time_epoch": 0.0357, "time_epoch_std": 0.0, "eta": 3.65698, "eta_std": 0.0, "eta_hours": 0.00102, "eta_hours_std": 0.0, "loss": 0.6549, "loss_std": 0.0, "lr": 0.00098, "lr_std": 0.0, "params": 6465.0, "params_std": 0.0, "time_iter": 0.0119, "time_iter_std": 0.0, "accuracy": 0.66667, "accuracy_std": 0.0, "precision": 0.66667, "precision_std": 0.0, "recall": 1.0, "recall_std": 0.0, "f1": 0.8, "f1_std": 0.0, "auc": 0.5858, "auc_std": 0.0}
{"epoch": 9, "time_epoch": 0.03564, "time_epoch_std": 0.0, "eta": 3.57588, "eta_std": 0.0, "eta_hours": 0.00099, "eta_hours_std": 0.0, "loss": 0.65346, "loss_std": 0.0, "lr": 0.00098, "lr_std": 0.0, "params": 6465.0, "params_std": 0.0, "time_iter": 0.01188, "time_iter_std": 0.0, "accuracy": 0.66667, "accuracy_std": 0.0, "precision": 0.66667, "precision_std": 0.0, "recall": 1.0, "recall_std": 0.0, "f1": 0.8, "f1_std": 0.0, "auc": 0.39941, "auc_std": 0.0}
{"epoch": 10, "time_epoch": 0.03562, "time_epoch_std": 0.0, "eta": 3.50284, "eta_std": 0.0, "eta_hours": 0.00097, "eta_hours_std": 0.0, "loss": 0.65094, "loss_std": 0.0, "lr": 0.00098, "lr_std": 0.0, "params": 6465.0, "params_std": 0.0, "time_iter": 0.01187, "time_iter_std": 0.0, "accuracy": 0.66667, "accuracy_std": 0.0, "precision": 0.66667, "precision_std": 0.0, "recall": 1.0, "recall_std": 0.0, "f1": 0.8, "f1_std": 0.0, "auc": 0.45562, "auc_std": 0.0}
{"epoch": 11, "time_epoch": 0.03453, "time_epoch_std": 0.0, "eta": 3.42805, "eta_std": 0.0, "eta_hours": 0.00095, "eta_hours_std": 0.0, "loss": 0.64921, "loss_std": 0.0, "lr": 0.00097, "lr_std": 0.0, "params": 6465.0, "params_std": 0.0, "time_iter": 0.01151, "time_iter_std": 0.0, "accuracy": 0.66667, "accuracy_std": 0.0, "precision": 0.66667, "precision_std": 0.0, "recall": 1.0, "recall_std": 0.0, "f1": 0.8, "f1_std": 0.0, "auc": 0.55917, "auc_std": 0.0}
{"epoch": 12, "time_epoch": 0.035, "time_epoch_std": 0.0, "eta": 3.36262, "eta_std": 0.0, "eta_hours": 0.00093, "eta_hours_std": 0.0, "loss": 0.64767, "loss_std": 0.0, "lr": 0.00096, "lr_std": 0.0, "params": 6465.0, "params_std": 0.0, "time_iter": 0.01167, "time_iter_std": 0.0, "accuracy": 0.66667, "accuracy_std": 0.0, "precision": 0.66667, "precision_std": 0.0, "recall": 1.0, "recall_std": 0.0, "f1": 0.8, "f1_std": 0.0, "auc": 0.61538, "auc_std": 0.0}
{"epoch": 13, "time_epoch": 0.0359, "time_epoch_std": 0.0, "eta": 3.30704, "eta_std": 0.0, "eta_hours": 0.00092, "eta_hours_std": 0.0, "loss": 0.64666, "loss_std": 0.0, "lr": 0.00096, "lr_std": 0.0, "params": 6465.0, "params_std": 0.0, "time_iter": 0.01197, "time_iter_std": 0.0, "accuracy": 0.66667, "accuracy_std": 0.0, "precision": 0.66667, "precision_std": 0.0, "recall": 1.0, "recall_std": 0.0, "f1": 0.8, "f1_std": 0.0, "auc": 0.54142, "auc_std": 0.0}
{"epoch": 14, "time_epoch": 0.03555, "time_epoch_std": 0.0, "eta": 3.25212, "eta_std": 0.0, "eta_hours": 0.0009, "eta_hours_std": 0.0, "loss": 0.6457, "loss_std": 0.0, "lr": 0.00095, "lr_std": 0.0, "params": 6465.0, "params_std": 0.0, "time_iter": 0.01185, "time_iter_std": 0.0, "accuracy": 0.66667, "accuracy_std": 0.0, "precision": 0.66667, "precision_std": 0.0, "recall": 1.0, "recall_std": 0.0, "f1": 0.8, "f1_std": 0.0, "auc": 0.4926, "auc_std": 0.0}
{"epoch": 15, "time_epoch": 0.03528, "time_epoch_std": 0.0, "eta": 3.19821, "eta_std": 0.0, "eta_hours": 0.00089, "eta_hours_std": 0.0, "loss": 0.64528, "loss_std": 0.0, "lr": 0.00095, "lr_std": 0.0, "params": 6465.0, "params_std": 0.0, "time_iter": 0.01176, "time_iter_std": 0.0, "accuracy": 0.66667, "accuracy_std": 0.0, "precision": 0.66667, "precision_std": 0.0, "recall": 1.0, "recall_std": 0.0, "f1": 0.8, "f1_std": 0.0, "auc": 0.30769, "auc_std": 0.0}
{"epoch": 16, "time_epoch": 0.03408, "time_epoch_std": 0.0, "eta": 3.14064, "eta_std": 0.0, "eta_hours": 0.00087, "eta_hours_std": 0.0, "loss": 0.64399, "loss_std": 0.0, "lr": 0.00094, "lr_std": 0.0, "params": 6465.0, "params_std": 0.0, "time_iter": 0.01136, "time_iter_std": 0.0, "accuracy": 0.66667, "accuracy_std": 0.0, "precision": 0.66667, "precision_std": 0.0, "recall": 1.0, "recall_std": 0.0, "f1": 0.8, "f1_std": 0.0, "auc": 0.47929, "auc_std": 0.0}
{"epoch": 17, "time_epoch": 0.03546, "time_epoch_std": 0.0, "eta": 3.09195, "eta_std": 0.0, "eta_hours": 0.00086, "eta_hours_std": 0.0, "loss": 0.64329, "loss_std": 0.0, "lr": 0.00093, "lr_std": 0.0, "params": 6465.0, "params_std": 0.0, "time_iter": 0.01182, "time_iter_std": 0.0, "accuracy": 0.66667, "accuracy_std": 0.0, "precision": 0.66667, "precision_std": 0.0, "recall": 1.0, "recall_std": 0.0, "f1": 0.8, "f1_std": 0.0, "auc": 0.49704, "auc_std": 0.0}
{"epoch": 18, "time_epoch": 0.03572, "time_epoch_std": 0.0, "eta": 3.04579, "eta_std": 0.0, "eta_hours": 0.00085, "eta_hours_std": 0.0, "loss": 0.64344, "loss_std": 0.0, "lr": 0.00092, "lr_std": 0.0, "params": 6465.0, "params_std": 0.0, "time_iter": 0.01191, "time_iter_std": 0.0, "accuracy": 0.66667, "accuracy_std": 0.0, "precision": 0.66667, "precision_std": 0.0, "recall": 1.0, "recall_std": 0.0, "f1": 0.8, "f1_std": 0.0, "auc": 0.23964, "auc_std": 0.0}
{"epoch": 19, "time_epoch": 0.03607, "time_epoch_std": 0.0, "eta": 3.00205, "eta_std": 0.0, "eta_hours": 0.00083, "eta_hours_std": 0.0, "loss": 0.64256, "loss_std": 0.0, "lr": 0.00091, "lr_std": 0.0, "params": 6465.0, "params_std": 0.0, "time_iter": 0.01202, "time_iter_std": 0.0, "accuracy": 0.66667, "accuracy_std": 0.0, "precision": 0.66667, "precision_std": 0.0, "recall": 1.0, "recall_std": 0.0, "f1": 0.8, "f1_std": 0.0, "auc": 0.32249, "auc_std": 0.0}
{"epoch": 20, "time_epoch": 0.03616, "time_epoch_std": 0.0, "eta": 2.9594, "eta_std": 0.0, "eta_hours": 0.00082, "eta_hours_std": 0.0, "loss": 0.64218, "loss_std": 0.0, "lr": 0.0009, "lr_std": 0.0, "params": 6465.0, "params_std": 0.0, "time_iter": 0.01205, "time_iter_std": 0.0, "accuracy": 0.66667, "accuracy_std": 0.0, "precision": 0.66667, "precision_std": 0.0, "recall": 1.0, "recall_std": 0.0, "f1": 0.8, "f1_std": 0.0, "auc": 0.38166, "auc_std": 0.0}
{"epoch": 21, "time_epoch": 0.03576, "time_epoch_std": 0.0, "eta": 2.91589, "eta_std": 0.0, "eta_hours": 0.00081, "eta_hours_std": 0.0, "loss": 0.64194, "loss_std": 0.0, "lr": 0.0009, "lr_std": 0.0, "params": 6465.0, "params_std": 0.0, "time_iter": 0.01192, "time_iter_std": 0.0, "accuracy": 0.66667, "accuracy_std": 0.0, "precision": 0.66667, "precision_std": 0.0, "recall": 1.0, "recall_std": 0.0, "f1": 0.8, "f1_std": 0.0, "auc": 0.5355, "auc_std": 0.0}
{"epoch": 22, "time_epoch": 0.03519, "time_epoch_std": 0.0, "eta": 2.87115, "eta_std": 0.0, "eta_hours": 0.0008, "eta_hours_std": 0.0, "loss": 0.64152, "loss_std": 0.0, "lr": 0.00089, "lr_std": 0.0, "params": 6465.0, "params_std": 0.0, "time_iter": 0.01173, "time_iter_std": 0.0, "accuracy": 0.66667, "accuracy_std": 0.0, "precision": 0.66667, "precision_std": 0.0, "recall": 1.0, "recall_std": 0.0, "f1": 0.8, "f1_std": 0.0, "auc": 0.58876, "auc_std": 0.0}
{"epoch": 23, "time_epoch": 0.03477, "time_epoch_std": 0.0, "eta": 2.82589, "eta_std": 0.0, "eta_hours": 0.00078, "eta_hours_std": 0.0, "loss": 0.64132, "loss_std": 0.0, "lr": 0.00088, "lr_std": 0.0, "params": 6465.0, "params_std": 0.0, "time_iter": 0.01159, "time_iter_std": 0.0, "accuracy": 0.66667, "accuracy_std": 0.0, "precision": 0.66667, "precision_std": 0.0, "recall": 1.0, "recall_std": 0.0, "f1": 0.8, "f1_std": 0.0, "auc": 0.42012, "auc_std": 0.0}
{"epoch": 24, "time_epoch": 0.03558, "time_epoch_std": 0.0, "eta": 2.78389, "eta_std": 0.0, "eta_hours": 0.00077, "eta_hours_std": 0.0, "loss": 0.64084, "loss_std": 0.0, "lr": 0.00086, "lr_std": 0.0, "params": 6465.0, "params_std": 0.0, "time_iter": 0.01186, "time_iter_std": 0.0, "accuracy": 0.66667, "accuracy_std": 0.0, "precision": 0.66667, "precision_std": 0.0, "recall": 1.0, "recall_std": 0.0, "f1": 0.8, "f1_std": 0.0, "auc": 0.7426, "auc_std": 0.0}
{"epoch": 25, "time_epoch": 0.03581, "time_epoch_std": 0.0, "eta": 2.74304, "eta_std": 0.0, "eta_hours": 0.00076, "eta_hours_std": 0.0, "loss": 0.64094, "loss_std": 0.0, "lr": 0.00085, "lr_std": 0.0, "params": 6465.0, "params_std": 0.0, "time_iter": 0.01194, "time_iter_std": 0.0, "accuracy": 0.66667, "accuracy_std": 0.0, "precision": 0.66667, "precision_std": 0.0, "recall": 1.0, "recall_std": 0.0, "f1": 0.8, "f1_std": 0.0, "auc": 0.38166, "auc_std": 0.0}
{"epoch": 26, "time_epoch": 0.03575, "time_epoch_std": 0.0, "eta": 2.70242, "eta_std": 0.0, "eta_hours": 0.00075, "eta_hours_std": 0.0, "loss": 0.64038, "loss_std": 0.0, "lr": 0.00084, "lr_std": 0.0, "params": 6465.0, "params_std": 0.0, "time_iter": 0.01192, "time_iter_std": 0.0, "accuracy": 0.66667, "accuracy_std": 0.0, "precision": 0.66667, "precision_std": 0.0, "recall": 1.0, "recall_std": 0.0, "f1": 0.8, "f1_std": 0.0, "auc": 0.61538, "auc_std": 0.0}
{"epoch": 27, "time_epoch": 0.03663, "time_epoch_std": 0.0, "eta": 2.6644, "eta_std": 0.0, "eta_hours": 0.00074, "eta_hours_std": 0.0, "loss": 0.64024, "loss_std": 0.0, "lr": 0.00083, "lr_std": 0.0, "params": 6465.0, "params_std": 0.0, "time_iter": 0.01221, "time_iter_std": 0.0, "accuracy": 0.66667, "accuracy_std": 0.0, "precision": 0.66667, "precision_std": 0.0, "recall": 1.0, "recall_std": 0.0, "f1": 0.8, "f1_std": 0.0, "auc": 0.52071, "auc_std": 0.0}
{"epoch": 28, "time_epoch": 0.0361, "time_epoch_std": 0.0, "eta": 2.62518, "eta_std": 0.0, "eta_hours": 0.00073, "eta_hours_std": 0.0, "loss": 0.63995, "loss_std": 0.0, "lr": 0.00082, "lr_std": 0.0, "params": 6465.0, "params_std": 0.0, "time_iter": 0.01203, "time_iter_std": 0.0, "accuracy": 0.66667, "accuracy_std": 0.0, "precision": 0.66667, "precision_std": 0.0, "recall": 1.0, "recall_std": 0.0, "f1": 0.8, "f1_std": 0.0, "auc": 0.57692, "auc_std": 0.0}
{"epoch": 29, "time_epoch": 0.04584, "time_epoch_std": 0.0, "eta": 2.60889, "eta_std": 0.0, "eta_hours": 0.00072, "eta_hours_std": 0.0, "loss": 0.63975, "loss_std": 0.0, "lr": 0.00081, "lr_std": 0.0, "params": 6465.0, "params_std": 0.0, "time_iter": 0.01528, "time_iter_std": 0.0, "accuracy": 0.66667, "accuracy_std": 0.0, "precision": 0.66667, "precision_std": 0.0, "recall": 1.0, "recall_std": 0.0, "f1": 0.8, "f1_std": 0.0, "auc": 0.60059, "auc_std": 0.0}
{"epoch": 30, "time_epoch": 0.04698, "time_epoch_std": 0.0, "eta": 2.59324, "eta_std": 0.0, "eta_hours": 0.00072, "eta_hours_std": 0.0, "loss": 0.63958, "loss_std": 0.0, "lr": 0.00079, "lr_std": 0.0, "params": 6465.0, "params_std": 0.0, "time_iter": 0.01566, "time_iter_std": 0.0, "accuracy": 0.66667, "accuracy_std": 0.0, "precision": 0.66667, "precision_std": 0.0, "recall": 1.0, "recall_std": 0.0, "f1": 0.8, "f1_std": 0.0, "auc": 0.59172, "auc_std": 0.0}
{"epoch": 31, "time_epoch": 0.04551, "time_epoch_std": 0.0, "eta": 2.5725, "eta_std": 0.0, "eta_hours": 0.00071, "eta_hours_std": 0.0, "loss": 0.63951, "loss_std": 0.0, "lr": 0.00078, "lr_std": 0.0, "params": 6465.0, "params_std": 0.0, "time_iter": 0.01517, "time_iter_std": 0.0, "accuracy": 0.66667, "accuracy_std": 0.0, "precision": 0.66667, "precision_std": 0.0, "recall": 1.0, "recall_std": 0.0, "f1": 0.8, "f1_std": 0.0, "auc": 0.47929, "auc_std": 0.0}
{"epoch": 32, "time_epoch": 0.05113, "time_epoch_std": 0.0, "eta": 2.56167, "eta_std": 0.0, "eta_hours": 0.00071, "eta_hours_std": 0.0, "loss": 0.6393, "loss_std": 0.0, "lr": 0.00077, "lr_std": 0.0, "params": 6465.0, "params_std": 0.0, "time_iter": 0.01704, "time_iter_std": 0.0, "accuracy": 0.66667, "accuracy_std": 0.0, "precision": 0.66667, "precision_std": 0.0, "recall": 1.0, "recall_std": 0.0, "f1": 0.8, "f1_std": 0.0, "auc": 0.55621, "auc_std": 0.0}
{"epoch": 33, "time_epoch": 0.0644, "time_epoch_std": 0.0, "eta": 2.57422, "eta_std": 0.0, "eta_hours": 0.00072, "eta_hours_std": 0.0, "loss": 0.63928, "loss_std": 0.0, "lr": 0.00075, "lr_std": 0.0, "params": 6465.0, "params_std": 0.0, "time_iter": 0.02147, "time_iter_std": 0.0, "accuracy": 0.66667, "accuracy_std": 0.0, "precision": 0.66667, "precision_std": 0.0, "recall": 1.0, "recall_std": 0.0, "f1": 0.8, "f1_std": 0.0, "auc": 0.45858, "auc_std": 0.0}
{"epoch": 34, "time_epoch": 0.05006, "time_epoch_std": 0.0, "eta": 2.55574, "eta_std": 0.0, "eta_hours": 0.00071, "eta_hours_std": 0.0, "loss": 0.6392, "loss_std": 0.0, "lr": 0.00074, "lr_std": 0.0, "params": 6465.0, "params_std": 0.0, "time_iter": 0.01669, "time_iter_std": 0.0, "accuracy": 0.66667, "accuracy_std": 0.0, "precision": 0.66667, "precision_std": 0.0, "recall": 1.0, "recall_std": 0.0, "f1": 0.8, "f1_std": 0.0, "auc": 0.29586, "auc_std": 0.0}
{"epoch": 35, "time_epoch": 0.04222, "time_epoch_std": 0.0, "eta": 2.52157, "eta_std": 0.0, "eta_hours": 0.0007, "eta_hours_std": 0.0, "loss": 0.63905, "loss_std": 0.0, "lr": 0.00073, "lr_std": 0.0, "params": 6465.0, "params_std": 0.0, "time_iter": 0.01407, "time_iter_std": 0.0, "accuracy": 0.66667, "accuracy_std": 0.0, "precision": 0.66667, "precision_std": 0.0, "recall": 1.0, "recall_std": 0.0, "f1": 0.8, "f1_std": 0.0, "auc": 0.52367, "auc_std": 0.0}
{"epoch": 36, "time_epoch": 0.04186, "time_epoch_std": 0.0, "eta": 2.48637, "eta_std": 0.0, "eta_hours": 0.00069, "eta_hours_std": 0.0, "loss": 0.63895, "loss_std": 0.0, "lr": 0.00071, "lr_std": 0.0, "params": 6465.0, "params_std": 0.0, "time_iter": 0.01395, "time_iter_std": 0.0, "accuracy": 0.66667, "accuracy_std": 0.0, "precision": 0.66667, "precision_std": 0.0, "recall": 1.0, "recall_std": 0.0, "f1": 0.8, "f1_std": 0.0, "auc": 0.65385, "auc_std": 0.0}
{"epoch": 37, "time_epoch": 0.04174, "time_epoch_std": 0.0, "eta": 2.45062, "eta_std": 0.0, "eta_hours": 0.00068, "eta_hours_std": 0.0, "loss": 0.63891, "loss_std": 0.0, "lr": 0.0007, "lr_std": 0.0, "params": 6465.0, "params_std": 0.0, "time_iter": 0.01391, "time_iter_std": 0.0, "accuracy": 0.66667, "accuracy_std": 0.0, "precision": 0.66667, "precision_std": 0.0, "recall": 1.0, "recall_std": 0.0, "f1": 0.8, "f1_std": 0.0, "auc": 0.52071, "auc_std": 0.0}
{"epoch": 38, "time_epoch": 0.03686, "time_epoch_std": 0.0, "eta": 2.40692, "eta_std": 0.0, "eta_hours": 0.00067, "eta_hours_std": 0.0, "loss": 0.63891, "loss_std": 0.0, "lr": 0.00068, "lr_std": 0.0, "params": 6465.0, "params_std": 0.0, "time_iter": 0.01229, "time_iter_std": 0.0, "accuracy": 0.66667, "accuracy_std": 0.0, "precision": 0.66667, "precision_std": 0.0, "recall": 1.0, "recall_std": 0.0, "f1": 0.8, "f1_std": 0.0, "auc": 0.36095, "auc_std": 0.0}
{"epoch": 39, "time_epoch": 0.03866, "time_epoch_std": 0.0, "eta": 2.36627, "eta_std": 0.0, "eta_hours": 0.00066, "eta_hours_std": 0.0, "loss": 0.63883, "loss_std": 0.0, "lr": 0.00067, "lr_std": 0.0, "params": 6465.0, "params_std": 0.0, "time_iter": 0.01289, "time_iter_std": 0.0, "accuracy": 0.66667, "accuracy_std": 0.0, "precision": 0.66667, "precision_std": 0.0, "recall": 1.0, "recall_std": 0.0, "f1": 0.8, "f1_std": 0.0, "auc": 0.36982, "auc_std": 0.0}
{"epoch": 40, "time_epoch": 0.03657, "time_epoch_std": 0.0, "eta": 2.3227, "eta_std": 0.0, "eta_hours": 0.00065, "eta_hours_std": 0.0, "loss": 0.63869, "loss_std": 0.0, "lr": 0.00065, "lr_std": 0.0, "params": 6465.0, "params_std": 0.0, "time_iter": 0.01219, "time_iter_std": 0.0, "accuracy": 0.66667, "accuracy_std": 0.0, "precision": 0.66667, "precision_std": 0.0, "recall": 1.0, "recall_std": 0.0, "f1": 0.8, "f1_std": 0.0, "auc": 0.49408, "auc_std": 0.0}
{"epoch": 41, "time_epoch": 0.03595, "time_epoch_std": 0.0, "eta": 2.27862, "eta_std": 0.0, "eta_hours": 0.00063, "eta_hours_std": 0.0, "loss": 0.63867, "loss_std": 0.0, "lr": 0.00064, "lr_std": 0.0, "params": 6465.0, "params_std": 0.0, "time_iter": 0.01198, "time_iter_std": 0.0, "accuracy": 0.66667, "accuracy_std": 0.0, "precision": 0.66667, "precision_std": 0.0, "recall": 1.0, "recall_std": 0.0, "f1": 0.8, "f1_std": 0.0, "auc": 0.44675, "auc_std": 0.0}
{"epoch": 42, "time_epoch": 0.03341, "time_epoch_std": 0.0, "eta": 2.23155, "eta_std": 0.0, "eta_hours": 0.00062, "eta_hours_std": 0.0, "loss": 0.6386, "loss_std": 0.0, "lr": 0.00062, "lr_std": 0.0, "params": 6465.0, "params_std": 0.0, "time_iter": 0.01114, "time_iter_std": 0.0, "accuracy": 0.66667, "accuracy_std": 0.0, "precision": 0.66667, "precision_std": 0.0, "recall": 1.0, "recall_std": 0.0, "f1": 0.8, "f1_std": 0.0, "auc": 0.57101, "auc_std": 0.0}
{"epoch": 43, "time_epoch": 0.04324, "time_epoch_std": 0.0, "eta": 2.19761, "eta_std": 0.0, "eta_hours": 0.00061, "eta_hours_std": 0.0, "loss": 0.63858, "loss_std": 0.0, "lr": 0.00061, "lr_std": 0.0, "params": 6465.0, "params_std": 0.0, "time_iter": 0.01441, "time_iter_std": 0.0, "accuracy": 0.66667, "accuracy_std": 0.0, "precision": 0.66667, "precision_std": 0.0, "recall": 1.0, "recall_std": 0.0, "f1": 0.8, "f1_std": 0.0, "auc": 0.52367, "auc_std": 0.0}
{"epoch": 44, "time_epoch": 0.03448, "time_epoch_std": 0.0, "eta": 2.15254, "eta_std": 0.0, "eta_hours": 0.0006, "eta_hours_std": 0.0, "loss": 0.63857, "loss_std": 0.0, "lr": 0.00059, "lr_std": 0.0, "params": 6465.0, "params_std": 0.0, "time_iter": 0.01149, "time_iter_std": 0.0, "accuracy": 0.66667, "accuracy_std": 0.0, "precision": 0.66667, "precision_std": 0.0, "recall": 1.0, "recall_std": 0.0, "f1": 0.8, "f1_std": 0.0, "auc": 0.39941, "auc_std": 0.0}
{"epoch": 45, "time_epoch": 0.04027, "time_epoch_std": 0.0, "eta": 2.11473, "eta_std": 0.0, "eta_hours": 0.00059, "eta_hours_std": 0.0, "loss": 0.63853, "loss_std": 0.0, "lr": 0.00058, "lr_std": 0.0, "params": 6465.0, "params_std": 0.0, "time_iter": 0.01342, "time_iter_std": 0.0, "accuracy": 0.66667, "accuracy_std": 0.0, "precision": 0.66667, "precision_std": 0.0, "recall": 1.0, "recall_std": 0.0, "f1": 0.8, "f1_std": 0.0, "auc": 0.40237, "auc_std": 0.0}
{"epoch": 46, "time_epoch": 0.04521, "time_epoch_std": 0.0, "eta": 2.08239, "eta_std": 0.0, "eta_hours": 0.00058, "eta_hours_std": 0.0, "loss": 0.63847, "loss_std": 0.0, "lr": 0.00056, "lr_std": 0.0, "params": 6465.0, "params_std": 0.0, "time_iter": 0.01507, "time_iter_std": 0.0, "accuracy": 0.66667, "accuracy_std": 0.0, "precision": 0.66667, "precision_std": 0.0, "recall": 1.0, "recall_std": 0.0, "f1": 0.8, "f1_std": 0.0, "auc": 0.5, "auc_std": 0.0}
{"epoch": 47, "time_epoch": 0.03928, "time_epoch_std": 0.0, "eta": 2.04308, "eta_std": 0.0, "eta_hours": 0.00057, "eta_hours_std": 0.0, "loss": 0.63846, "loss_std": 0.0, "lr": 0.00055, "lr_std": 0.0, "params": 6465.0, "params_std": 0.0, "time_iter": 0.01309, "time_iter_std": 0.0, "accuracy": 0.66667, "accuracy_std": 0.0, "precision": 0.66667, "precision_std": 0.0, "recall": 1.0, "recall_std": 0.0, "f1": 0.8, "f1_std": 0.0, "auc": 0.4645, "auc_std": 0.0}
{"epoch": 48, "time_epoch": 0.0394, "time_epoch_std": 0.0, "eta": 2.0039, "eta_std": 0.0, "eta_hours": 0.00056, "eta_hours_std": 0.0, "loss": 0.63842, "loss_std": 0.0, "lr": 0.00053, "lr_std": 0.0, "params": 6465.0, "params_std": 0.0, "time_iter": 0.01313, "time_iter_std": 0.0, "accuracy": 0.66667, "accuracy_std": 0.0, "precision": 0.66667, "precision_std": 0.0, "recall": 1.0, "recall_std": 0.0, "f1": 0.8, "f1_std": 0.0, "auc": 0.47929, "auc_std": 0.0}
{"epoch": 49, "time_epoch": 0.04084, "time_epoch_std": 0.0, "eta": 1.96616, "eta_std": 0.0, "eta_hours": 0.00055, "eta_hours_std": 0.0, "loss": 0.63835, "loss_std": 0.0, "lr": 0.00052, "lr_std": 0.0, "params": 6465.0, "params_std": 0.0, "time_iter": 0.01361, "time_iter_std": 0.0, "accuracy": 0.66667, "accuracy_std": 0.0, "precision": 0.66667, "precision_std": 0.0, "recall": 1.0, "recall_std": 0.0, "f1": 0.8, "f1_std": 0.0, "auc": 0.53698, "auc_std": 0.0}
{"epoch": 50, "time_epoch": 0.03687, "time_epoch_std": 0.0, "eta": 1.92447, "eta_std": 0.0, "eta_hours": 0.00053, "eta_hours_std": 0.0, "loss": 0.63834, "loss_std": 0.0, "lr": 0.0005, "lr_std": 0.0, "params": 6465.0, "params_std": 0.0, "time_iter": 0.01229, "time_iter_std": 0.0, "accuracy": 0.66667, "accuracy_std": 0.0, "precision": 0.66667, "precision_std": 0.0, "recall": 1.0, "recall_std": 0.0, "f1": 0.8, "f1_std": 0.0, "auc": 0.49704, "auc_std": 0.0}
{"epoch": 51, "time_epoch": 0.03492, "time_epoch_std": 0.0, "eta": 1.88118, "eta_std": 0.0, "eta_hours": 0.00052, "eta_hours_std": 0.0, "loss": 0.63828, "loss_std": 0.0, "lr": 0.00048, "lr_std": 0.0, "params": 6465.0, "params_std": 0.0, "time_iter": 0.01164, "time_iter_std": 0.0, "accuracy": 0.66667, "accuracy_std": 0.0, "precision": 0.66667, "precision_std": 0.0, "recall": 1.0, "recall_std": 0.0, "f1": 0.8, "f1_std": 0.0, "auc": 0.50888, "auc_std": 0.0}
{"epoch": 52, "time_epoch": 0.04062, "time_epoch_std": 0.0, "eta": 1.84326, "eta_std": 0.0, "eta_hours": 0.00051, "eta_hours_std": 0.0, "loss": 0.63829, "loss_std": 0.0, "lr": 0.00047, "lr_std": 0.0, "params": 6465.0, "params_std": 0.0, "time_iter": 0.01354, "time_iter_std": 0.0, "accuracy": 0.66667, "accuracy_std": 0.0, "precision": 0.66667, "precision_std": 0.0, "recall": 1.0, "recall_std": 0.0, "f1": 0.8, "f1_std": 0.0, "auc": 0.35799, "auc_std": 0.0}
{"epoch": 53, "time_epoch": 0.04337, "time_epoch_std": 0.0, "eta": 1.80757, "eta_std": 0.0, "eta_hours": 0.0005, "eta_hours_std": 0.0, "loss": 0.63819, "loss_std": 0.0, "lr": 0.00045, "lr_std": 0.0, "params": 6465.0, "params_std": 0.0, "time_iter": 0.01446, "time_iter_std": 0.0, "accuracy": 0.66667, "accuracy_std": 0.0, "precision": 0.66667, "precision_std": 0.0, "recall": 1.0, "recall_std": 0.0, "f1": 0.8, "f1_std": 0.0, "auc": 0.5503, "auc_std": 0.0}
{"epoch": 54, "time_epoch": 0.04539, "time_epoch_std": 0.0, "eta": 1.77327, "eta_std": 0.0, "eta_hours": 0.00049, "eta_hours_std": 0.0, "loss": 0.63817, "loss_std": 0.0, "lr": 0.00044, "lr_std": 0.0, "params": 6465.0, "params_std": 0.0, "time_iter": 0.01513, "time_iter_std": 0.0, "accuracy": 0.66667, "accuracy_std": 0.0, "precision": 0.66667, "precision_std": 0.0, "recall": 1.0, "recall_std": 0.0, "f1": 0.8, "f1_std": 0.0, "auc": 0.5, "auc_std": 0.0}
{"epoch": 55, "time_epoch": 0.04645, "time_epoch_std": 0.0, "eta": 1.73939, "eta_std": 0.0, "eta_hours": 0.00048, "eta_hours_std": 0.0, "loss": 0.63813, "loss_std": 0.0, "lr": 0.00042, "lr_std": 0.0, "params": 6465.0, "params_std": 0.0, "time_iter": 0.01548, "time_iter_std": 0.0, "accuracy": 0.66667, "accuracy_std": 0.0, "precision": 0.66667, "precision_std": 0.0, "recall": 1.0, "recall_std": 0.0, "f1": 0.8, "f1_std": 0.0, "auc": 0.44379, "auc_std": 0.0}
{"epoch": 56, "time_epoch": 0.05796, "time_epoch_std": 0.0, "eta": 1.71376, "eta_std": 0.0, "eta_hours": 0.00048, "eta_hours_std": 0.0, "loss": 0.63804, "loss_std": 0.0, "lr": 0.00041, "lr_std": 0.0, "params": 6465.0, "params_std": 0.0, "time_iter": 0.01932, "time_iter_std": 0.0, "accuracy": 0.66667, "accuracy_std": 0.0, "precision": 0.66667, "precision_std": 0.0, "recall": 1.0, "recall_std": 0.0, "f1": 0.8, "f1_std": 0.0, "auc": 0.57396, "auc_std": 0.0}
{"epoch": 57, "time_epoch": 0.04297, "time_epoch_std": 0.0, "eta": 1.67616, "eta_std": 0.0, "eta_hours": 0.00047, "eta_hours_std": 0.0, "loss": 0.63805, "loss_std": 0.0, "lr": 0.00039, "lr_std": 0.0, "params": 6465.0, "params_std": 0.0, "time_iter": 0.01432, "time_iter_std": 0.0, "accuracy": 0.66667, "accuracy_std": 0.0, "precision": 0.66667, "precision_std": 0.0, "recall": 1.0, "recall_std": 0.0, "f1": 0.8, "f1_std": 0.0, "auc": 0.42308, "auc_std": 0.0}
{"epoch": 58, "time_epoch": 0.05397, "time_epoch_std": 0.0, "eta": 1.64602, "eta_std": 0.0, "eta_hours": 0.00046, "eta_hours_std": 0.0, "loss": 0.63801, "loss_std": 0.0, "lr": 0.00038, "lr_std": 0.0, "params": 6465.0, "params_std": 0.0, "time_iter": 0.01799, "time_iter_std": 0.0, "accuracy": 0.66667, "accuracy_std": 0.0, "precision": 0.66667, "precision_std": 0.0, "recall": 1.0, "recall_std": 0.0, "f1": 0.8, "f1_std": 0.0, "auc": 0.46746, "auc_std": 0.0}
{"epoch": 59, "time_epoch": 0.03458, "time_epoch_std": 0.0, "eta": 1.60217, "eta_std": 0.0, "eta_hours": 0.00045, "eta_hours_std": 0.0, "loss": 0.63803, "loss_std": 0.0, "lr": 0.00036, "lr_std": 0.0, "params": 6465.0, "params_std": 0.0, "time_iter": 0.01153, "time_iter_std": 0.0, "accuracy": 0.66667, "accuracy_std": 0.0, "precision": 0.66667, "precision_std": 0.0, "recall": 1.0, "recall_std": 0.0, "f1": 0.8, "f1_std": 0.0, "auc": 0.40237, "auc_std": 0.0}
{"epoch": 60, "time_epoch": 0.03427, "time_epoch_std": 0.0, "eta": 1.55842, "eta_std": 0.0, "eta_hours": 0.00043, "eta_hours_std": 0.0, "loss": 0.63794, "loss_std": 0.0, "lr": 0.00035, "lr_std": 0.0, "params": 6465.0, "params_std": 0.0, "time_iter": 0.01142, "time_iter_std": 0.0, "accuracy": 0.66667, "accuracy_std": 0.0, "precision": 0.66667, "precision_std": 0.0, "recall": 1.0, "recall_std": 0.0, "f1": 0.8, "f1_std": 0.0, "auc": 0.44675, "auc_std": 0.0}
{"epoch": 61, "time_epoch": 0.0357, "time_epoch_std": 0.0, "eta": 1.51584, "eta_std": 0.0, "eta_hours": 0.00042, "eta_hours_std": 0.0, "loss": 0.63792, "loss_std": 0.0, "lr": 0.00033, "lr_std": 0.0, "params": 6465.0, "params_std": 0.0, "time_iter": 0.0119, "time_iter_std": 0.0, "accuracy": 0.66667, "accuracy_std": 0.0, "precision": 0.66667, "precision_std": 0.0, "recall": 1.0, "recall_std": 0.0, "f1": 0.8, "f1_std": 0.0, "auc": 0.42308, "auc_std": 0.0}
{"epoch": 62, "time_epoch": 0.04812, "time_epoch_std": 0.0, "eta": 1.48079, "eta_std": 0.0, "eta_hours": 0.00041, "eta_hours_std": 0.0, "loss": 0.63787, "loss_std": 0.0, "lr": 0.00032, "lr_std": 0.0, "params": 6465.0, "params_std": 0.0, "time_iter": 0.01604, "time_iter_std": 0.0, "accuracy": 0.66667, "accuracy_std": 0.0, "precision": 0.66667, "precision_std": 0.0, "recall": 1.0, "recall_std": 0.0, "f1": 0.8, "f1_std": 0.0, "auc": 0.56213, "auc_std": 0.0}
{"epoch": 63, "time_epoch": 0.03344, "time_epoch_std": 0.0, "eta": 1.43706, "eta_std": 0.0, "eta_hours": 0.0004, "eta_hours_std": 0.0, "loss": 0.63785, "loss_std": 0.0, "lr": 0.0003, "lr_std": 0.0, "params": 6465.0, "params_std": 0.0, "time_iter": 0.01115, "time_iter_std": 0.0, "accuracy": 0.66667, "accuracy_std": 0.0, "precision": 0.66667, "precision_std": 0.0, "recall": 1.0, "recall_std": 0.0, "f1": 0.8, "f1_std": 0.0, "auc": 0.53994, "auc_std": 0.0}
{"epoch": 64, "time_epoch": 0.03628, "time_epoch_std": 0.0, "eta": 1.39518, "eta_std": 0.0, "eta_hours": 0.00039, "eta_hours_std": 0.0, "loss": 0.63782, "loss_std": 0.0, "lr": 0.00029, "lr_std": 0.0, "params": 6465.0, "params_std": 0.0, "time_iter": 0.01209, "time_iter_std": 0.0, "accuracy": 0.66667, "accuracy_std": 0.0, "precision": 0.66667, "precision_std": 0.0, "recall": 1.0, "recall_std": 0.0, "f1": 0.8, "f1_std": 0.0, "auc": 0.57988, "auc_std": 0.0}
{"epoch": 65, "time_epoch": 0.03254, "time_epoch_std": 0.0, "eta": 1.35155, "eta_std": 0.0, "eta_hours": 0.00038, "eta_hours_std": 0.0, "loss": 0.63784, "loss_std": 0.0, "lr": 0.00027, "lr_std": 0.0, "params": 6465.0, "params_std": 0.0, "time_iter": 0.01085, "time_iter_std": 0.0, "accuracy": 0.66667, "accuracy_std": 0.0, "precision": 0.66667, "precision_std": 0.0, "recall": 1.0, "recall_std": 0.0, "f1": 0.8, "f1_std": 0.0, "auc": 0.33136, "auc_std": 0.0}
{"epoch": 66, "time_epoch": 0.03262, "time_epoch_std": 0.0, "eta": 1.30828, "eta_std": 0.0, "eta_hours": 0.00036, "eta_hours_std": 0.0, "loss": 0.63781, "loss_std": 0.0, "lr": 0.00026, "lr_std": 0.0, "params": 6465.0, "params_std": 0.0, "time_iter": 0.01087, "time_iter_std": 0.0, "accuracy": 0.66667, "accuracy_std": 0.0, "precision": 0.66667, "precision_std": 0.0, "recall": 1.0, "recall_std": 0.0, "f1": 0.8, "f1_std": 0.0, "auc": 0.42308, "auc_std": 0.0}
{"epoch": 67, "time_epoch": 0.0322, "time_epoch_std": 0.0, "eta": 1.26514, "eta_std": 0.0, "eta_hours": 0.00035, "eta_hours_std": 0.0, "loss": 0.63776, "loss_std": 0.0, "lr": 0.00025, "lr_std": 0.0, "params": 6465.0, "params_std": 0.0, "time_iter": 0.01073, "time_iter_std": 0.0, "accuracy": 0.66667, "accuracy_std": 0.0, "precision": 0.66667, "precision_std": 0.0, "recall": 1.0, "recall_std": 0.0, "f1": 0.8, "f1_std": 0.0, "auc": 0.60651, "auc_std": 0.0}
{"epoch": 68, "time_epoch": 0.03225, "time_epoch_std": 0.0, "eta": 1.22233, "eta_std": 0.0, "eta_hours": 0.00034, "eta_hours_std": 0.0, "loss": 0.63776, "loss_std": 0.0, "lr": 0.00023, "lr_std": 0.0, "params": 6465.0, "params_std": 0.0, "time_iter": 0.01075, "time_iter_std": 0.0, "accuracy": 0.66667, "accuracy_std": 0.0, "precision": 0.66667, "precision_std": 0.0, "recall": 1.0, "recall_std": 0.0, "f1": 0.8, "f1_std": 0.0, "auc": 0.40828, "auc_std": 0.0}
{"epoch": 69, "time_epoch": 0.03315, "time_epoch_std": 0.0, "eta": 1.1802, "eta_std": 0.0, "eta_hours": 0.00033, "eta_hours_std": 0.0, "loss": 0.63774, "loss_std": 0.0, "lr": 0.00022, "lr_std": 0.0, "params": 6465.0, "params_std": 0.0, "time_iter": 0.01105, "time_iter_std": 0.0, "accuracy": 0.66667, "accuracy_std": 0.0, "precision": 0.66667, "precision_std": 0.0, "recall": 1.0, "recall_std": 0.0, "f1": 0.8, "f1_std": 0.0, "auc": 0.48964, "auc_std": 0.0}
{"epoch": 70, "time_epoch": 0.03301, "time_epoch_std": 0.0, "eta": 1.13828, "eta_std": 0.0, "eta_hours": 0.00032, "eta_hours_std": 0.0, "loss": 0.63772, "loss_std": 0.0, "lr": 0.00021, "lr_std": 0.0, "params": 6465.0, "params_std": 0.0, "time_iter": 0.011, "time_iter_std": 0.0, "accuracy": 0.66667, "accuracy_std": 0.0, "precision": 0.66667, "precision_std": 0.0, "recall": 1.0, "recall_std": 0.0, "f1": 0.8, "f1_std": 0.0, "auc": 0.40237, "auc_std": 0.0}
{"epoch": 71, "time_epoch": 0.03176, "time_epoch_std": 0.0, "eta": 1.09612, "eta_std": 0.0, "eta_hours": 0.0003, "eta_hours_std": 0.0, "loss": 0.63772, "loss_std": 0.0, "lr": 0.00019, "lr_std": 0.0, "params": 6465.0, "params_std": 0.0, "time_iter": 0.01059, "time_iter_std": 0.0, "accuracy": 0.66667, "accuracy_std": 0.0, "precision": 0.66667, "precision_std": 0.0, "recall": 1.0, "recall_std": 0.0, "f1": 0.8, "f1_std": 0.0, "auc": 0.47633, "auc_std": 0.0}
{"epoch": 72, "time_epoch": 0.03207, "time_epoch_std": 0.0, "eta": 1.05435, "eta_std": 0.0, "eta_hours": 0.00029, "eta_hours_std": 0.0, "loss": 0.63773, "loss_std": 0.0, "lr": 0.00018, "lr_std": 0.0, "params": 6465.0, "params_std": 0.0, "time_iter": 0.01069, "time_iter_std": 0.0, "accuracy": 0.66667, "accuracy_std": 0.0, "precision": 0.66667, "precision_std": 0.0, "recall": 1.0, "recall_std": 0.0, "f1": 0.8, "f1_std": 0.0, "auc": 0.41124, "auc_std": 0.0}
{"epoch": 73, "time_epoch": 0.03459, "time_epoch_std": 0.0, "eta": 1.01373, "eta_std": 0.0, "eta_hours": 0.00028, "eta_hours_std": 0.0, "loss": 0.63771, "loss_std": 0.0, "lr": 0.00017, "lr_std": 0.0, "params": 6465.0, "params_std": 0.0, "time_iter": 0.01153, "time_iter_std": 0.0, "accuracy": 0.66667, "accuracy_std": 0.0, "precision": 0.66667, "precision_std": 0.0, "recall": 1.0, "recall_std": 0.0, "f1": 0.8, "f1_std": 0.0, "auc": 0.51183, "auc_std": 0.0}
{"epoch": 74, "time_epoch": 0.03254, "time_epoch_std": 0.0, "eta": 0.9726, "eta_std": 0.0, "eta_hours": 0.00027, "eta_hours_std": 0.0, "loss": 0.63773, "loss_std": 0.0, "lr": 0.00016, "lr_std": 0.0, "params": 6465.0, "params_std": 0.0, "time_iter": 0.01085, "time_iter_std": 0.0, "accuracy": 0.66667, "accuracy_std": 0.0, "precision": 0.66667, "precision_std": 0.0, "recall": 1.0, "recall_std": 0.0, "f1": 0.8, "f1_std": 0.0, "auc": 0.3432, "auc_std": 0.0}
{"epoch": 75, "time_epoch": 0.03306, "time_epoch_std": 0.0, "eta": 0.93184, "eta_std": 0.0, "eta_hours": 0.00026, "eta_hours_std": 0.0, "loss": 0.6377, "loss_std": 0.0, "lr": 0.00015, "lr_std": 0.0, "params": 6465.0, "params_std": 0.0, "time_iter": 0.01102, "time_iter_std": 0.0, "accuracy": 0.66667, "accuracy_std": 0.0, "precision": 0.66667, "precision_std": 0.0, "recall": 1.0, "recall_std": 0.0, "f1": 0.8, "f1_std": 0.0, "auc": 0.59763, "auc_std": 0.0}
{"epoch": 76, "time_epoch": 0.03233, "time_epoch_std": 0.0, "eta": 0.89108, "eta_std": 0.0, "eta_hours": 0.00025, "eta_hours_std": 0.0, "loss": 0.63771, "loss_std": 0.0, "lr": 0.00014, "lr_std": 0.0, "params": 6465.0, "params_std": 0.0, "time_iter": 0.01078, "time_iter_std": 0.0, "accuracy": 0.66667, "accuracy_std": 0.0, "precision": 0.66667, "precision_std": 0.0, "recall": 1.0, "recall_std": 0.0, "f1": 0.8, "f1_std": 0.0, "auc": 0.40089, "auc_std": 0.0}
{"epoch": 77, "time_epoch": 0.03241, "time_epoch_std": 0.0, "eta": 0.85055, "eta_std": 0.0, "eta_hours": 0.00024, "eta_hours_std": 0.0, "loss": 0.63769, "loss_std": 0.0, "lr": 0.00012, "lr_std": 0.0, "params": 6465.0, "params_std": 0.0, "time_iter": 0.0108, "time_iter_std": 0.0, "accuracy": 0.66667, "accuracy_std": 0.0, "precision": 0.66667, "precision_std": 0.0, "recall": 1.0, "recall_std": 0.0, "f1": 0.8, "f1_std": 0.0, "auc": 0.44083, "auc_std": 0.0}
{"epoch": 78, "time_epoch": 0.03519, "time_epoch_std": 0.0, "eta": 0.81097, "eta_std": 0.0, "eta_hours": 0.00023, "eta_hours_std": 0.0, "loss": 0.63766, "loss_std": 0.0, "lr": 0.00011, "lr_std": 0.0, "params": 6465.0, "params_std": 0.0, "time_iter": 0.01173, "time_iter_std": 0.0, "accuracy": 0.66667, "accuracy_std": 0.0, "precision": 0.66667, "precision_std": 0.0, "recall": 1.0, "recall_std": 0.0, "f1": 0.8, "f1_std": 0.0, "auc": 0.73521, "auc_std": 0.0}
{"epoch": 79, "time_epoch": 0.03384, "time_epoch_std": 0.0, "eta": 0.77115, "eta_std": 0.0, "eta_hours": 0.00021, "eta_hours_std": 0.0, "loss": 0.63768, "loss_std": 0.0, "lr": 0.0001, "lr_std": 0.0, "params": 6465.0, "params_std": 0.0, "time_iter": 0.01128, "time_iter_std": 0.0, "accuracy": 0.66667, "accuracy_std": 0.0, "precision": 0.66667, "precision_std": 0.0, "recall": 1.0, "recall_std": 0.0, "f1": 0.8, "f1_std": 0.0, "auc": 0.4142, "auc_std": 0.0}
{"epoch": 80, "time_epoch": 0.03262, "time_epoch_std": 0.0, "eta": 0.7312, "eta_std": 0.0, "eta_hours": 0.0002, "eta_hours_std": 0.0, "loss": 0.63767, "loss_std": 0.0, "lr": 0.0001, "lr_std": 0.0, "params": 6465.0, "params_std": 0.0, "time_iter": 0.01087, "time_iter_std": 0.0, "accuracy": 0.66667, "accuracy_std": 0.0, "precision": 0.66667, "precision_std": 0.0, "recall": 1.0, "recall_std": 0.0, "f1": 0.8, "f1_std": 0.0, "auc": 0.39053, "auc_std": 0.0}
{"epoch": 81, "time_epoch": 0.03196, "time_epoch_std": 0.0, "eta": 0.69129, "eta_std": 0.0, "eta_hours": 0.00019, "eta_hours_std": 0.0, "loss": 0.63766, "loss_std": 0.0, "lr": 9e-05, "lr_std": 0.0, "params": 6465.0, "params_std": 0.0, "time_iter": 0.01065, "time_iter_std": 0.0, "accuracy": 0.66667, "accuracy_std": 0.0, "precision": 0.66667, "precision_std": 0.0, "recall": 1.0, "recall_std": 0.0, "f1": 0.8, "f1_std": 0.0, "auc": 0.45414, "auc_std": 0.0}
{"epoch": 82, "time_epoch": 0.0325, "time_epoch_std": 0.0, "eta": 0.65167, "eta_std": 0.0, "eta_hours": 0.00018, "eta_hours_std": 0.0, "loss": 0.63766, "loss_std": 0.0, "lr": 8e-05, "lr_std": 0.0, "params": 6465.0, "params_std": 0.0, "time_iter": 0.01083, "time_iter_std": 0.0, "accuracy": 0.66667, "accuracy_std": 0.0, "precision": 0.66667, "precision_std": 0.0, "recall": 1.0, "recall_std": 0.0, "f1": 0.8, "f1_std": 0.0, "auc": 0.50888, "auc_std": 0.0}
{"epoch": 83, "time_epoch": 0.03258, "time_epoch_std": 0.0, "eta": 0.61224, "eta_std": 0.0, "eta_hours": 0.00017, "eta_hours_std": 0.0, "loss": 0.63766, "loss_std": 0.0, "lr": 7e-05, "lr_std": 0.0, "params": 6465.0, "params_std": 0.0, "time_iter": 0.01086, "time_iter_std": 0.0, "accuracy": 0.66667, "accuracy_std": 0.0, "precision": 0.66667, "precision_std": 0.0, "recall": 1.0, "recall_std": 0.0, "f1": 0.8, "f1_std": 0.0, "auc": 0.36834, "auc_std": 0.0}
{"epoch": 84, "time_epoch": 0.03251, "time_epoch_std": 0.0, "eta": 0.57296, "eta_std": 0.0, "eta_hours": 0.00016, "eta_hours_std": 0.0, "loss": 0.63764, "loss_std": 0.0, "lr": 6e-05, "lr_std": 0.0, "params": 6465.0, "params_std": 0.0, "time_iter": 0.01084, "time_iter_std": 0.0, "accuracy": 0.66667, "accuracy_std": 0.0, "precision": 0.66667, "precision_std": 0.0, "recall": 1.0, "recall_std": 0.0, "f1": 0.8, "f1_std": 0.0, "auc": 0.5503, "auc_std": 0.0}
{"epoch": 85, "time_epoch": 0.03246, "time_epoch_std": 0.0, "eta": 0.53383, "eta_std": 0.0, "eta_hours": 0.00015, "eta_hours_std": 0.0, "loss": 0.63765, "loss_std": 0.0, "lr": 5e-05, "lr_std": 0.0, "params": 6465.0, "params_std": 0.0, "time_iter": 0.01082, "time_iter_std": 0.0, "accuracy": 0.66667, "accuracy_std": 0.0, "precision": 0.66667, "precision_std": 0.0, "recall": 1.0, "recall_std": 0.0, "f1": 0.8, "f1_std": 0.0, "auc": 0.38166, "auc_std": 0.0}
{"epoch": 86, "time_epoch": 0.0325, "time_epoch_std": 0.0, "eta": 0.49486, "eta_std": 0.0, "eta_hours": 0.00014, "eta_hours_std": 0.0, "loss": 0.63764, "loss_std": 0.0, "lr": 5e-05, "lr_std": 0.0, "params": 6465.0, "params_std": 0.0, "time_iter": 0.01083, "time_iter_std": 0.0, "accuracy": 0.66667, "accuracy_std": 0.0, "precision": 0.66667, "precision_std": 0.0, "recall": 1.0, "recall_std": 0.0, "f1": 0.8, "f1_std": 0.0, "auc": 0.52515, "auc_std": 0.0}
{"epoch": 87, "time_epoch": 0.03488, "time_epoch_std": 0.0, "eta": 0.45636, "eta_std": 0.0, "eta_hours": 0.00013, "eta_hours_std": 0.0, "loss": 0.63763, "loss_std": 0.0, "lr": 4e-05, "lr_std": 0.0, "params": 6465.0, "params_std": 0.0, "time_iter": 0.01163, "time_iter_std": 0.0, "accuracy": 0.66667, "accuracy_std": 0.0, "precision": 0.66667, "precision_std": 0.0, "recall": 1.0, "recall_std": 0.0, "f1": 0.8, "f1_std": 0.0, "auc": 0.39053, "auc_std": 0.0}
{"epoch": 88, "time_epoch": 0.03157, "time_epoch_std": 0.0, "eta": 0.41753, "eta_std": 0.0, "eta_hours": 0.00012, "eta_hours_std": 0.0, "loss": 0.63764, "loss_std": 0.0, "lr": 4e-05, "lr_std": 0.0, "params": 6465.0, "params_std": 0.0, "time_iter": 0.01052, "time_iter_std": 0.0, "accuracy": 0.66667, "accuracy_std": 0.0, "precision": 0.66667, "precision_std": 0.0, "recall": 1.0, "recall_std": 0.0, "f1": 0.8, "f1_std": 0.0, "auc": 0.51479, "auc_std": 0.0}
{"epoch": 89, "time_epoch": 0.03166, "time_epoch_std": 0.0, "eta": 0.37887, "eta_std": 0.0, "eta_hours": 0.00011, "eta_hours_std": 0.0, "loss": 0.63764, "loss_std": 0.0, "lr": 3e-05, "lr_std": 0.0, "params": 6465.0, "params_std": 0.0, "time_iter": 0.01055, "time_iter_std": 0.0, "accuracy": 0.66667, "accuracy_std": 0.0, "precision": 0.66667, "precision_std": 0.0, "recall": 1.0, "recall_std": 0.0, "f1": 0.8, "f1_std": 0.0, "auc": 0.45266, "auc_std": 0.0}
{"epoch": 90, "time_epoch": 0.03258, "time_epoch_std": 0.0, "eta": 0.34046, "eta_std": 0.0, "eta_hours": 9e-05, "eta_hours_std": 0.0, "loss": 0.63764, "loss_std": 0.0, "lr": 2e-05, "lr_std": 0.0, "params": 6465.0, "params_std": 0.0, "time_iter": 0.01086, "time_iter_std": 0.0, "accuracy": 0.66667, "accuracy_std": 0.0, "precision": 0.66667, "precision_std": 0.0, "recall": 1.0, "recall_std": 0.0, "f1": 0.8, "f1_std": 0.0, "auc": 0.46598, "auc_std": 0.0}
{"epoch": 91, "time_epoch": 0.03247, "time_epoch_std": 0.0, "eta": 0.30217, "eta_std": 0.0, "eta_hours": 8e-05, "eta_hours_std": 0.0, "loss": 0.63764, "loss_std": 0.0, "lr": 2e-05, "lr_std": 0.0, "params": 6465.0, "params_std": 0.0, "time_iter": 0.01082, "time_iter_std": 0.0, "accuracy": 0.66667, "accuracy_std": 0.0, "precision": 0.66667, "precision_std": 0.0, "recall": 1.0, "recall_std": 0.0, "f1": 0.8, "f1_std": 0.0, "auc": 0.41864, "auc_std": 0.0}
{"epoch": 92, "time_epoch": 0.0356, "time_epoch_std": 0.0, "eta": 0.26423, "eta_std": 0.0, "eta_hours": 7e-05, "eta_hours_std": 0.0, "loss": 0.63764, "loss_std": 0.0, "lr": 2e-05, "lr_std": 0.0, "params": 6465.0, "params_std": 0.0, "time_iter": 0.01187, "time_iter_std": 0.0, "accuracy": 0.66667, "accuracy_std": 0.0, "precision": 0.66667, "precision_std": 0.0, "recall": 1.0, "recall_std": 0.0, "f1": 0.8, "f1_std": 0.0, "auc": 0.35947, "auc_std": 0.0}
{"epoch": 93, "time_epoch": 0.03215, "time_epoch_std": 0.0, "eta": 0.22613, "eta_std": 0.0, "eta_hours": 6e-05, "eta_hours_std": 0.0, "loss": 0.63764, "loss_std": 0.0, "lr": 1e-05, "lr_std": 0.0, "params": 6465.0, "params_std": 0.0, "time_iter": 0.01072, "time_iter_std": 0.0, "accuracy": 0.66667, "accuracy_std": 0.0, "precision": 0.66667, "precision_std": 0.0, "recall": 1.0, "recall_std": 0.0, "f1": 0.8, "f1_std": 0.0, "auc": 0.44231, "auc_std": 0.0}
{"epoch": 94, "time_epoch": 0.03237, "time_epoch_std": 0.0, "eta": 0.18816, "eta_std": 0.0, "eta_hours": 5e-05, "eta_hours_std": 0.0, "loss": 0.63763, "loss_std": 0.0, "lr": 1e-05, "lr_std": 0.0, "params": 6465.0, "params_std": 0.0, "time_iter": 0.01079, "time_iter_std": 0.0, "accuracy": 0.66667, "accuracy_std": 0.0, "precision": 0.66667, "precision_std": 0.0, "recall": 1.0, "recall_std": 0.0, "f1": 0.8, "f1_std": 0.0, "auc": 0.45858, "auc_std": 0.0}
{"epoch": 95, "time_epoch": 0.0324, "time_epoch_std": 0.0, "eta": 0.15031, "eta_std": 0.0, "eta_hours": 4e-05, "eta_hours_std": 0.0, "loss": 0.63763, "loss_std": 0.0, "lr": 1e-05, "lr_std": 0.0, "params": 6465.0, "params_std": 0.0, "time_iter": 0.0108, "time_iter_std": 0.0, "accuracy": 0.66667, "accuracy_std": 0.0, "precision": 0.66667, "precision_std": 0.0, "recall": 1.0, "recall_std": 0.0, "f1": 0.8, "f1_std": 0.0, "auc": 0.5858, "auc_std": 0.0}
{"epoch": 96, "time_epoch": 0.03224, "time_epoch_std": 0.0, "eta": 0.11257, "eta_std": 0.0, "eta_hours": 3e-05, "eta_hours_std": 0.0, "loss": 0.63763, "loss_std": 0.0, "lr": 0.0, "lr_std": 0.0, "params": 6465.0, "params_std": 0.0, "time_iter": 0.01075, "time_iter_std": 0.0, "accuracy": 0.66667, "accuracy_std": 0.0, "precision": 0.66667, "precision_std": 0.0, "recall": 1.0, "recall_std": 0.0, "f1": 0.8, "f1_std": 0.0, "auc": 0.59911, "auc_std": 0.0}
{"epoch": 97, "time_epoch": 0.03488, "time_epoch_std": 0.0, "eta": 0.07499, "eta_std": 0.0, "eta_hours": 2e-05, "eta_hours_std": 0.0, "loss": 0.63761, "loss_std": 0.0, "lr": 0.0, "lr_std": 0.0, "params": 6465.0, "params_std": 0.0, "time_iter": 0.01163, "time_iter_std": 0.0, "accuracy": 0.66667, "accuracy_std": 0.0, "precision": 0.66667, "precision_std": 0.0, "recall": 1.0, "recall_std": 0.0, "f1": 0.8, "f1_std": 0.0, "auc": 0.55917, "auc_std": 0.0}
{"epoch": 98, "time_epoch": 0.03247, "time_epoch_std": 0.0, "eta": 0.03744, "eta_std": 0.0, "eta_hours": 1e-05, "eta_hours_std": 0.0, "loss": 0.63763, "loss_std": 0.0, "lr": 0.0, "lr_std": 0.0, "params": 6465.0, "params_std": 0.0, "time_iter": 0.01082, "time_iter_std": 0.0, "accuracy": 0.66667, "accuracy_std": 0.0, "precision": 0.66667, "precision_std": 0.0, "recall": 1.0, "recall_std": 0.0, "f1": 0.8, "f1_std": 0.0, "auc": 0.43195, "auc_std": 0.0}
{"epoch": 99, "time_epoch": 0.03243, "time_epoch_std": 0.0, "eta": 0.0, "eta_std": 0.0, "eta_hours": 0.0, "eta_hours_std": 0.0, "loss": 0.63763, "loss_std": 0.0, "lr": 0.0, "lr_std": 0.0, "params": 6465.0, "params_std": 0.0, "time_iter": 0.01081, "time_iter_std": 0.0, "accuracy": 0.66667, "accuracy_std": 0.0, "precision": 0.66667, "precision_std": 0.0, "recall": 1.0, "recall_std": 0.0, "f1": 0.8, "f1_std": 0.0, "auc": 0.5932, "auc_std": 0.0}
