{"epoch": 0, "time_epoch": 14.9376, "eta": 1478.82279, "eta_hours": 0.41078, "loss": 0.67521196, "lr": 0.001, "params": 5321, "time_iter": 0.42679, "accuracy": 0.60971, "precision": 0.66667, "recall": 0.00917, "f1": 0.0181, "auc": 0.65506}
{"epoch": 1, "time_epoch": 2.13175, "eta": 836.39837, "eta_hours": 0.23233, "loss": 0.64413783, "lr": 0.00099975, "params": 5321, "time_iter": 0.06091, "accuracy": 0.68165, "precision": 0.69903, "recall": 0.33028, "f1": 0.4486, "auc": 0.71884}
{"epoch": 2, "time_epoch": 2.13424, "eta": 620.9161, "eta_hours": 0.17248, "loss": 0.60336855, "lr": 0.00099901, "params": 5321, "time_iter": 0.06098, "accuracy": 0.72122, "precision": 0.74803, "recall": 0.43578, "f1": 0.55072, "auc": 0.74317}
{"epoch": 3, "time_epoch": 2.13167, "eta": 512.04625, "eta_hours": 0.14224, "loss": 0.58395191, "lr": 0.00099778, "params": 5321, "time_iter": 0.0609, "accuracy": 0.71403, "precision": 0.70922, "recall": 0.45872, "f1": 0.5571, "auc": 0.74484}
{"epoch": 4, "time_epoch": 2.11655, "eta": 445.58445, "eta_hours": 0.12377, "loss": 0.56982937, "lr": 0.00099606, "params": 5321, "time_iter": 0.06047, "accuracy": 0.72122, "precision": 0.69811, "recall": 0.50917, "f1": 0.58886, "auc": 0.76702}
{"epoch": 5, "time_epoch": 2.12845, "eta": 400.75741, "eta_hours": 0.11132, "loss": 0.57575614, "lr": 0.00099384, "params": 5321, "time_iter": 0.06081, "accuracy": 0.69065, "precision": 0.69167, "recall": 0.38073, "f1": 0.49112, "auc": 0.75662}
{"epoch": 6, "time_epoch": 2.10349, "eta": 367.79838, "eta_hours": 0.10217, "loss": 0.55965693, "lr": 0.00099114, "params": 5321, "time_iter": 0.0601, "accuracy": 0.72842, "precision": 0.7006, "recall": 0.5367, "f1": 0.60779, "auc": 0.77018}
{"epoch": 7, "time_epoch": 2.12882, "eta": 342.84456, "eta_hours": 0.09523, "loss": 0.53431217, "lr": 0.00098796, "params": 5321, "time_iter": 0.06082, "accuracy": 0.7482, "precision": 0.75, "recall": 0.5367, "f1": 0.62567, "auc": 0.79394}
{"epoch": 8, "time_epoch": 2.10435, "eta": 322.71548, "eta_hours": 0.08964, "loss": 0.53284613, "lr": 0.00098429, "params": 5321, "time_iter": 0.06012, "accuracy": 0.75, "precision": 0.75484, "recall": 0.5367, "f1": 0.62735, "auc": 0.79225}
{"epoch": 9, "time_epoch": 2.13323, "eta": 306.45134, "eta_hours": 0.08513, "loss": 0.53643574, "lr": 0.00098015, "params": 5321, "time_iter": 0.06095, "accuracy": 0.73921, "precision": 0.71098, "recall": 0.56422, "f1": 0.62916, "auc": 0.78759}
{"epoch": 10, "time_epoch": 2.11788, "eta": 292.63226, "eta_hours": 0.08129, "loss": 0.54348511, "lr": 0.00097553, "params": 5321, "time_iter": 0.06051, "accuracy": 0.72302, "precision": 0.70253, "recall": 0.50917, "f1": 0.59043, "auc": 0.77695}
{"epoch": 11, "time_epoch": 2.12568, "eta": 280.82055, "eta_hours": 0.07801, "loss": 0.52675226, "lr": 0.00097044, "params": 5321, "time_iter": 0.06073, "accuracy": 0.7446, "precision": 0.72353, "recall": 0.56422, "f1": 0.63402, "auc": 0.79901}
{"epoch": 12, "time_epoch": 2.11541, "eta": 270.43025, "eta_hours": 0.07512, "loss": 0.52800444, "lr": 0.00096489, "params": 5321, "time_iter": 0.06044, "accuracy": 0.73381, "precision": 0.70588, "recall": 0.55046, "f1": 0.61856, "auc": 0.79726}
{"epoch": 13, "time_epoch": 2.12961, "eta": 261.30934, "eta_hours": 0.07259, "loss": 0.52337138, "lr": 0.00095888, "params": 5321, "time_iter": 0.06085, "accuracy": 0.7554, "precision": 0.73837, "recall": 0.58257, "f1": 0.65128, "auc": 0.80799}
{"epoch": 14, "time_epoch": 2.11691, "eta": 253.04863, "eta_hours": 0.07029, "loss": 0.51625245, "lr": 0.00095241, "params": 5321, "time_iter": 0.06048, "accuracy": 0.7446, "precision": 0.71348, "recall": 0.58257, "f1": 0.64141, "auc": 0.80503}
{"epoch": 15, "time_epoch": 2.1299, "eta": 245.62409, "eta_hours": 0.06823, "loss": 0.50392389, "lr": 0.0009455, "params": 5321, "time_iter": 0.06085, "accuracy": 0.76799, "precision": 0.74586, "recall": 0.61927, "f1": 0.67669, "auc": 0.81837}
{"epoch": 16, "time_epoch": 2.12347, "eta": 238.79106, "eta_hours": 0.06633, "loss": 0.5199317, "lr": 0.00093815, "params": 5321, "time_iter": 0.06067, "accuracy": 0.76619, "precision": 0.75287, "recall": 0.60092, "f1": 0.66837, "auc": 0.81434}
{"epoch": 17, "time_epoch": 2.13335, "eta": 232.52634, "eta_hours": 0.06459, "loss": 0.49938964, "lr": 0.00093037, "params": 5321, "time_iter": 0.06095, "accuracy": 0.7464, "precision": 0.73054, "recall": 0.55963, "f1": 0.63377, "auc": 0.8219}
{"epoch": 18, "time_epoch": 2.12604, "eta": 226.66532, "eta_hours": 0.06296, "loss": 0.51279267, "lr": 0.00092216, "params": 5321, "time_iter": 0.06074, "accuracy": 0.76079, "precision": 0.73481, "recall": 0.61009, "f1": 0.66667, "auc": 0.81579}
{"epoch": 19, "time_epoch": 2.11633, "eta": 221.13896, "eta_hours": 0.06143, "loss": 0.49177967, "lr": 0.00091354, "params": 5321, "time_iter": 0.06047, "accuracy": 0.77698, "precision": 0.75824, "recall": 0.63303, "f1": 0.69, "auc": 0.82665}
{"epoch": 20, "time_epoch": 2.11505, "eta": 215.93253, "eta_hours": 0.05998, "loss": 0.51580541, "lr": 0.00090451, "params": 5321, "time_iter": 0.06043, "accuracy": 0.7518, "precision": 0.72727, "recall": 0.58716, "f1": 0.64975, "auc": 0.80822}
{"epoch": 21, "time_epoch": 2.11864, "eta": 211.01987, "eta_hours": 0.05862, "loss": 0.50435599, "lr": 0.00089508, "params": 5321, "time_iter": 0.06053, "accuracy": 0.74101, "precision": 0.69072, "recall": 0.61468, "f1": 0.65049, "auc": 0.8102}
{"epoch": 22, "time_epoch": 2.12799, "eta": 206.38146, "eta_hours": 0.05733, "loss": 0.50253659, "lr": 0.00088526, "params": 5321, "time_iter": 0.0608, "accuracy": 0.7446, "precision": 0.7043, "recall": 0.60092, "f1": 0.64851, "auc": 0.82018}
{"epoch": 23, "time_epoch": 2.14727, "eta": 202.01333, "eta_hours": 0.05611, "loss": 0.51839385, "lr": 0.00087506, "params": 5321, "time_iter": 0.06135, "accuracy": 0.73921, "precision": 0.71856, "recall": 0.55046, "f1": 0.62338, "auc": 0.79789}
{"epoch": 24, "time_epoch": 2.12004, "eta": 197.74117, "eta_hours": 0.05493, "loss": 0.51337241, "lr": 0.00086448, "params": 5321, "time_iter": 0.06057, "accuracy": 0.76079, "precision": 0.73743, "recall": 0.6055, "f1": 0.66499, "auc": 0.80342}
{"epoch": 25, "time_epoch": 2.11557, "eta": 193.62184, "eta_hours": 0.05378, "loss": 0.51495217, "lr": 0.00085355, "params": 5321, "time_iter": 0.06044, "accuracy": 0.7554, "precision": 0.72527, "recall": 0.6055, "f1": 0.66, "auc": 0.80631}
{"epoch": 26, "time_epoch": 2.10577, "eta": 189.62443, "eta_hours": 0.05267, "loss": 0.49598398, "lr": 0.00084227, "params": 5321, "time_iter": 0.06016, "accuracy": 0.7536, "precision": 0.73964, "recall": 0.57339, "f1": 0.64599, "auc": 0.82232}
{"epoch": 27, "time_epoch": 2.09879, "eta": 185.7442, "eta_hours": 0.0516, "loss": 0.50039375, "lr": 0.00083066, "params": 5321, "time_iter": 0.05997, "accuracy": 0.75719, "precision": 0.72928, "recall": 0.6055, "f1": 0.66165, "auc": 0.81418}
{"epoch": 28, "time_epoch": 2.1085, "eta": 182.0106, "eta_hours": 0.05056, "loss": 0.51278121, "lr": 0.00081871, "params": 5321, "time_iter": 0.06024, "accuracy": 0.74281, "precision": 0.71186, "recall": 0.57798, "f1": 0.63797, "auc": 0.80612}
{"epoch": 29, "time_epoch": 2.12755, "eta": 178.42978, "eta_hours": 0.04956, "loss": 0.49927963, "lr": 0.00080645, "params": 5321, "time_iter": 0.06079, "accuracy": 0.76259, "precision": 0.7337, "recall": 0.61927, "f1": 0.67164, "auc": 0.81721}
{"epoch": 30, "time_epoch": 2.1097, "eta": 174.90299, "eta_hours": 0.04858, "loss": 0.48642033, "lr": 0.00079389, "params": 5321, "time_iter": 0.06028, "accuracy": 0.76799, "precision": 0.75429, "recall": 0.6055, "f1": 0.67176, "auc": 0.83507}
{"epoch": 31, "time_epoch": 2.11858, "eta": 171.48365, "eta_hours": 0.04763, "loss": 0.4839711, "lr": 0.00078104, "params": 5321, "time_iter": 0.06053, "accuracy": 0.77338, "precision": 0.75843, "recall": 0.61927, "f1": 0.68182, "auc": 0.8314}
{"epoch": 32, "time_epoch": 2.11277, "eta": 168.13134, "eta_hours": 0.0467, "loss": 0.50230135, "lr": 0.00076791, "params": 5321, "time_iter": 0.06036, "accuracy": 0.73921, "precision": 0.70857, "recall": 0.56881, "f1": 0.63104, "auc": 0.81505}
{"epoch": 33, "time_epoch": 2.11691, "eta": 164.85997, "eta_hours": 0.04579, "loss": 0.51014454, "lr": 0.00075452, "params": 5321, "time_iter": 0.06048, "accuracy": 0.7536, "precision": 0.74251, "recall": 0.56881, "f1": 0.64416, "auc": 0.80807}
{"epoch": 34, "time_epoch": 2.10618, "eta": 161.63466, "eta_hours": 0.0449, "loss": 0.49592847, "lr": 0.00074088, "params": 5321, "time_iter": 0.06018, "accuracy": 0.7536, "precision": 0.7341, "recall": 0.58257, "f1": 0.64962, "auc": 0.82388}
{"epoch": 35, "time_epoch": 2.09784, "eta": 158.45668, "eta_hours": 0.04402, "loss": 0.49087531, "lr": 0.000727, "params": 5321, "time_iter": 0.05994, "accuracy": 0.76259, "precision": 0.73626, "recall": 0.61468, "f1": 0.67, "auc": 0.82236}
{"epoch": 36, "time_epoch": 2.12578, "eta": 155.38466, "eta_hours": 0.04316, "loss": 0.50303885, "lr": 0.00071289, "params": 5321, "time_iter": 0.06074, "accuracy": 0.76439, "precision": 0.73262, "recall": 0.62844, "f1": 0.67654, "auc": 0.8137}
{"epoch": 37, "time_epoch": 2.11896, "eta": 152.35133, "eta_hours": 0.04232, "loss": 0.49317937, "lr": 0.00069857, "params": 5321, "time_iter": 0.06054, "accuracy": 0.75899, "precision": 0.74419, "recall": 0.58716, "f1": 0.65641, "auc": 0.82312}
{"epoch": 38, "time_epoch": 2.10174, "eta": 149.33796, "eta_hours": 0.04148, "loss": 0.49221936, "lr": 0.00068406, "params": 5321, "time_iter": 0.06005, "accuracy": 0.78237, "precision": 0.78035, "recall": 0.61927, "f1": 0.69054, "auc": 0.8236}
{"epoch": 39, "time_epoch": 2.10642, "eta": 146.37718, "eta_hours": 0.04066, "loss": 0.49392708, "lr": 0.00066937, "params": 5321, "time_iter": 0.06018, "accuracy": 0.7518, "precision": 0.71277, "recall": 0.61468, "f1": 0.6601, "auc": 0.82373}
{"epoch": 40, "time_epoch": 2.10779, "eta": 143.46005, "eta_hours": 0.03985, "loss": 0.48896025, "lr": 0.00065451, "params": 5321, "time_iter": 0.06022, "accuracy": 0.76799, "precision": 0.73545, "recall": 0.63761, "f1": 0.68305, "auc": 0.82467}
{"epoch": 41, "time_epoch": 2.10343, "eta": 140.57544, "eta_hours": 0.03905, "loss": 0.50636879, "lr": 0.0006395, "params": 5321, "time_iter": 0.0601, "accuracy": 0.76079, "precision": 0.74286, "recall": 0.59633, "f1": 0.66158, "auc": 0.81137}
{"epoch": 42, "time_epoch": 2.21378, "eta": 137.87345, "eta_hours": 0.0383, "loss": 0.49664397, "lr": 0.00062434, "params": 5321, "time_iter": 0.06325, "accuracy": 0.77158, "precision": 0.74074, "recall": 0.6422, "f1": 0.68796, "auc": 0.81524}
{"epoch": 43, "time_epoch": 2.10616, "eta": 135.05666, "eta_hours": 0.03752, "loss": 0.49790668, "lr": 0.00060907, "params": 5321, "time_iter": 0.06018, "accuracy": 0.7554, "precision": 0.71354, "recall": 0.62844, "f1": 0.66829, "auc": 0.81996}
{"epoch": 44, "time_epoch": 2.11234, "eta": 132.27903, "eta_hours": 0.03674, "loss": 0.50267806, "lr": 0.00059369, "params": 5321, "time_iter": 0.06035, "accuracy": 0.77518, "precision": 0.79245, "recall": 0.57798, "f1": 0.66844, "auc": 0.81433}
{"epoch": 45, "time_epoch": 2.11715, "eta": 129.53596, "eta_hours": 0.03598, "loss": 0.49121444, "lr": 0.00057822, "params": 5321, "time_iter": 0.06049, "accuracy": 0.78058, "precision": 0.77907, "recall": 0.61468, "f1": 0.68718, "auc": 0.82345}
{"epoch": 46, "time_epoch": 2.11724, "eta": 126.81962, "eta_hours": 0.03523, "loss": 0.50574609, "lr": 0.00056267, "params": 5321, "time_iter": 0.06049, "accuracy": 0.76259, "precision": 0.76543, "recall": 0.56881, "f1": 0.65263, "auc": 0.81147}
{"epoch": 47, "time_epoch": 2.10583, "eta": 124.11589, "eta_hours": 0.03448, "loss": 0.47315987, "lr": 0.00054705, "params": 5321, "time_iter": 0.06017, "accuracy": 0.76799, "precision": 0.74586, "recall": 0.61927, "f1": 0.67669, "auc": 0.83568}
{"epoch": 48, "time_epoch": 2.10571, "eta": 121.43644, "eta_hours": 0.03373, "loss": 0.48260933, "lr": 0.0005314, "params": 5321, "time_iter": 0.06016, "accuracy": 0.77338, "precision": 0.73958, "recall": 0.65138, "f1": 0.69268, "auc": 0.83029}
{"epoch": 49, "time_epoch": 2.14192, "eta": 118.81614, "eta_hours": 0.033, "loss": 0.4779772, "lr": 0.00051571, "params": 5321, "time_iter": 0.0612, "accuracy": 0.76978, "precision": 0.74725, "recall": 0.62385, "f1": 0.68, "auc": 0.83325}
{"epoch": 50, "time_epoch": 2.09992, "eta": 116.17426, "eta_hours": 0.03227, "loss": 0.50406991, "lr": 0.0005, "params": 5321, "time_iter": 0.06, "accuracy": 0.75899, "precision": 0.73077, "recall": 0.61009, "f1": 0.665, "auc": 0.81646}
{"epoch": 51, "time_epoch": 2.10454, "eta": 113.55749, "eta_hours": 0.03154, "loss": 0.49386322, "lr": 0.00048429, "params": 5321, "time_iter": 0.06013, "accuracy": 0.7482, "precision": 0.72414, "recall": 0.57798, "f1": 0.64286, "auc": 0.82183}
{"epoch": 52, "time_epoch": 2.1159, "eta": 110.97012, "eta_hours": 0.03083, "loss": 0.48687427, "lr": 0.0004686, "params": 5321, "time_iter": 0.06045, "accuracy": 0.76978, "precision": 0.74457, "recall": 0.62844, "f1": 0.68159, "auc": 0.82843}
{"epoch": 53, "time_epoch": 2.12606, "eta": 108.40886, "eta_hours": 0.03011, "loss": 0.49335617, "lr": 0.00045295, "params": 5321, "time_iter": 0.06074, "accuracy": 0.75719, "precision": 0.73714, "recall": 0.59174, "f1": 0.65649, "auc": 0.81794}
{"epoch": 54, "time_epoch": 2.11103, "eta": 105.85113, "eta_hours": 0.0294, "loss": 0.49957192, "lr": 0.00043733, "params": 5321, "time_iter": 0.06032, "accuracy": 0.7518, "precision": 0.72989, "recall": 0.58257, "f1": 0.64796, "auc": 0.81907}
{"epoch": 55, "time_epoch": 2.10092, "eta": 103.30141, "eta_hours": 0.02869, "loss": 0.4894929, "lr": 0.00042178, "params": 5321, "time_iter": 0.06003, "accuracy": 0.75899, "precision": 0.74706, "recall": 0.58257, "f1": 0.65464, "auc": 0.82851}
{"epoch": 56, "time_epoch": 2.10764, "eta": 100.77251, "eta_hours": 0.02799, "loss": 0.47967258, "lr": 0.00040631, "params": 5321, "time_iter": 0.06022, "accuracy": 0.76439, "precision": 0.72539, "recall": 0.6422, "f1": 0.68127, "auc": 0.83199}
{"epoch": 57, "time_epoch": 2.10593, "eta": 98.2569, "eta_hours": 0.02729, "loss": 0.49515159, "lr": 0.00039093, "params": 5321, "time_iter": 0.06017, "accuracy": 0.76259, "precision": 0.73626, "recall": 0.61468, "f1": 0.67, "auc": 0.81958}
{"epoch": 58, "time_epoch": 2.10002, "eta": 95.75106, "eta_hours": 0.0266, "loss": 0.48107124, "lr": 0.00037566, "params": 5321, "time_iter": 0.06, "accuracy": 0.76978, "precision": 0.74725, "recall": 0.62385, "f1": 0.68, "auc": 0.82611}
{"epoch": 59, "time_epoch": 2.10826, "eta": 93.26425, "eta_hours": 0.02591, "loss": 0.47870653, "lr": 0.0003605, "params": 5321, "time_iter": 0.06024, "accuracy": 0.77698, "precision": 0.76705, "recall": 0.61927, "f1": 0.68528, "auc": 0.83303}
{"epoch": 60, "time_epoch": 2.13377, "eta": 90.80615, "eta_hours": 0.02522, "loss": 0.47888873, "lr": 0.00034549, "params": 5321, "time_iter": 0.06096, "accuracy": 0.76259, "precision": 0.75, "recall": 0.59174, "f1": 0.66154, "auc": 0.83136}
{"epoch": 61, "time_epoch": 2.07667, "eta": 88.32353, "eta_hours": 0.02453, "loss": 0.4817813, "lr": 0.00033063, "params": 5321, "time_iter": 0.05933, "accuracy": 0.75, "precision": 0.71585, "recall": 0.60092, "f1": 0.65337, "auc": 0.833}
{"epoch": 62, "time_epoch": 2.07903, "eta": 85.85518, "eta_hours": 0.02385, "loss": 0.48586089, "lr": 0.00031594, "params": 5321, "time_iter": 0.0594, "accuracy": 0.76079, "precision": 0.73481, "recall": 0.61009, "f1": 0.66667, "auc": 0.82762}
{"epoch": 63, "time_epoch": 2.06813, "eta": 83.39286, "eta_hours": 0.02316, "loss": 0.4968609, "lr": 0.00030143, "params": 5321, "time_iter": 0.05909, "accuracy": 0.7482, "precision": 0.73214, "recall": 0.56422, "f1": 0.63731, "auc": 0.81718}
{"epoch": 64, "time_epoch": 2.05108, "eta": 80.93349, "eta_hours": 0.02248, "loss": 0.48530611, "lr": 0.00028711, "params": 5321, "time_iter": 0.0586, "accuracy": 0.76978, "precision": 0.75568, "recall": 0.61009, "f1": 0.67513, "auc": 0.8284}
{"epoch": 65, "time_epoch": 2.06695, "eta": 78.49467, "eta_hours": 0.0218, "loss": 0.48572749, "lr": 0.000273, "params": 5321, "time_iter": 0.05906, "accuracy": 0.76619, "precision": 0.74719, "recall": 0.61009, "f1": 0.67172, "auc": 0.82422}
{"epoch": 66, "time_epoch": 2.07285, "eta": 76.06986, "eta_hours": 0.02113, "loss": 0.49694302, "lr": 0.00025912, "params": 5321, "time_iter": 0.05922, "accuracy": 0.76619, "precision": 0.75, "recall": 0.6055, "f1": 0.67005, "auc": 0.81738}
{"epoch": 67, "time_epoch": 2.07809, "eta": 73.65786, "eta_hours": 0.02046, "loss": 0.49386032, "lr": 0.00024548, "params": 5321, "time_iter": 0.05937, "accuracy": 0.76439, "precision": 0.7377, "recall": 0.61927, "f1": 0.67332, "auc": 0.82436}
{"epoch": 68, "time_epoch": 2.07285, "eta": 71.25318, "eta_hours": 0.01979, "loss": 0.49531209, "lr": 0.00023209, "params": 5321, "time_iter": 0.05922, "accuracy": 0.77698, "precision": 0.77011, "recall": 0.61468, "f1": 0.68367, "auc": 0.82686}
{"epoch": 69, "time_epoch": 2.08227, "eta": 68.86203, "eta_hours": 0.01913, "loss": 0.49391366, "lr": 0.00021896, "params": 5321, "time_iter": 0.05949, "accuracy": 0.77518, "precision": 0.74603, "recall": 0.64679, "f1": 0.69287, "auc": 0.81912}
{"epoch": 70, "time_epoch": 2.08051, "eta": 66.47885, "eta_hours": 0.01847, "loss": 0.49573946, "lr": 0.00020611, "params": 5321, "time_iter": 0.05944, "accuracy": 0.76619, "precision": 0.75, "recall": 0.6055, "f1": 0.67005, "auc": 0.81147}
{"epoch": 71, "time_epoch": 2.05347, "eta": 64.09357, "eta_hours": 0.0178, "loss": 0.48772943, "lr": 0.00019355, "params": 5321, "time_iter": 0.05867, "accuracy": 0.76619, "precision": 0.75882, "recall": 0.59174, "f1": 0.66495, "auc": 0.83006}
{"epoch": 72, "time_epoch": 2.05375, "eta": 61.71749, "eta_hours": 0.01714, "loss": 0.48459359, "lr": 0.00018129, "params": 5321, "time_iter": 0.05868, "accuracy": 0.77158, "precision": 0.76923, "recall": 0.59633, "f1": 0.67183, "auc": 0.82915}
{"epoch": 73, "time_epoch": 2.08738, "eta": 59.36193, "eta_hours": 0.01649, "loss": 0.47828935, "lr": 0.00016934, "params": 5321, "time_iter": 0.05964, "accuracy": 0.76799, "precision": 0.74586, "recall": 0.61927, "f1": 0.67669, "auc": 0.83238}
{"epoch": 74, "time_epoch": 2.06255, "eta": 57.00524, "eta_hours": 0.01583, "loss": 0.50075216, "lr": 0.00015773, "params": 5321, "time_iter": 0.05893, "accuracy": 0.76259, "precision": 0.73118, "recall": 0.62385, "f1": 0.67327, "auc": 0.81532}
{"epoch": 75, "time_epoch": 2.06836, "eta": 54.65813, "eta_hours": 0.01518, "loss": 0.48271302, "lr": 0.00014645, "params": 5321, "time_iter": 0.0591, "accuracy": 0.76079, "precision": 0.75449, "recall": 0.57798, "f1": 0.65455, "auc": 0.82544}
{"epoch": 76, "time_epoch": 2.06358, "eta": 52.31683, "eta_hours": 0.01453, "loss": 0.49248632, "lr": 0.00013552, "params": 5321, "time_iter": 0.05896, "accuracy": 0.78237, "precision": 0.77714, "recall": 0.62385, "f1": 0.69211, "auc": 0.82114}
{"epoch": 77, "time_epoch": 2.06325, "eta": 49.98256, "eta_hours": 0.01388, "loss": 0.48370577, "lr": 0.00012494, "params": 5321, "time_iter": 0.05895, "accuracy": 0.76619, "precision": 0.74719, "recall": 0.61009, "f1": 0.67172, "auc": 0.82937}
{"epoch": 78, "time_epoch": 2.06676, "eta": 47.65609, "eta_hours": 0.01324, "loss": 0.48764215, "lr": 0.00011474, "params": 5321, "time_iter": 0.05905, "accuracy": 0.76079, "precision": 0.72727, "recall": 0.62385, "f1": 0.6716, "auc": 0.82641}
{"epoch": 79, "time_epoch": 2.07076, "eta": 45.33711, "eta_hours": 0.01259, "loss": 0.47366366, "lr": 0.00010492, "params": 5321, "time_iter": 0.05916, "accuracy": 0.76439, "precision": 0.74576, "recall": 0.6055, "f1": 0.66835, "auc": 0.83659}
{"epoch": 80, "time_epoch": 2.05678, "eta": 43.02098, "eta_hours": 0.01195, "loss": 0.49538627, "lr": 9.549e-05, "params": 5321, "time_iter": 0.05877, "accuracy": 0.7536, "precision": 0.71429, "recall": 0.61927, "f1": 0.66339, "auc": 0.81905}
{"epoch": 81, "time_epoch": 2.05404, "eta": 40.71057, "eta_hours": 0.01131, "loss": 0.4827734, "lr": 8.646e-05, "params": 5321, "time_iter": 0.05869, "accuracy": 0.76439, "precision": 0.73514, "recall": 0.62385, "f1": 0.67494, "auc": 0.82905}
{"epoch": 82, "time_epoch": 2.05672, "eta": 38.40688, "eta_hours": 0.01067, "loss": 0.47892839, "lr": 7.784e-05, "params": 5321, "time_iter": 0.05876, "accuracy": 0.76619, "precision": 0.74444, "recall": 0.61468, "f1": 0.67337, "auc": 0.82464}
{"epoch": 83, "time_epoch": 2.06251, "eta": 36.11019, "eta_hours": 0.01003, "loss": 0.48334744, "lr": 6.963e-05, "params": 5321, "time_iter": 0.05893, "accuracy": 0.77878, "precision": 0.76243, "recall": 0.63303, "f1": 0.69173, "auc": 0.82873}
{"epoch": 84, "time_epoch": 2.07436, "eta": 33.82109, "eta_hours": 0.00939, "loss": 0.47761774, "lr": 6.185e-05, "params": 5321, "time_iter": 0.05927, "accuracy": 0.77878, "precision": 0.76243, "recall": 0.63303, "f1": 0.69173, "auc": 0.83435}
{"epoch": 85, "time_epoch": 2.07992, "eta": 31.53789, "eta_hours": 0.00876, "loss": 0.49388067, "lr": 5.45e-05, "params": 5321, "time_iter": 0.05943, "accuracy": 0.7518, "precision": 0.71277, "recall": 0.61468, "f1": 0.6601, "auc": 0.82014}
{"epoch": 86, "time_epoch": 2.0529, "eta": 29.25533, "eta_hours": 0.00813, "loss": 0.47916231, "lr": 4.759e-05, "params": 5321, "time_iter": 0.05865, "accuracy": 0.77158, "precision": 0.74332, "recall": 0.63761, "f1": 0.68642, "auc": 0.83085}
{"epoch": 87, "time_epoch": 2.0538, "eta": 26.97811, "eta_hours": 0.00749, "loss": 0.47717953, "lr": 4.112e-05, "params": 5321, "time_iter": 0.05868, "accuracy": 0.77878, "precision": 0.76536, "recall": 0.62844, "f1": 0.69018, "auc": 0.83326}
{"epoch": 88, "time_epoch": 2.05915, "eta": 24.70657, "eta_hours": 0.00686, "loss": 0.47892724, "lr": 3.511e-05, "params": 5321, "time_iter": 0.05883, "accuracy": 0.78237, "precision": 0.76216, "recall": 0.64679, "f1": 0.69975, "auc": 0.83289}
{"epoch": 89, "time_epoch": 2.11495, "eta": 22.44595, "eta_hours": 0.00623, "loss": 0.49157899, "lr": 2.956e-05, "params": 5321, "time_iter": 0.06043, "accuracy": 0.76799, "precision": 0.75429, "recall": 0.6055, "f1": 0.67176, "auc": 0.82417}
{"epoch": 90, "time_epoch": 2.08105, "eta": 20.18518, "eta_hours": 0.00561, "loss": 0.48436069, "lr": 2.447e-05, "params": 5321, "time_iter": 0.05946, "accuracy": 0.76259, "precision": 0.74157, "recall": 0.6055, "f1": 0.66667, "auc": 0.82928}
{"epoch": 91, "time_epoch": 2.06096, "eta": 17.92657, "eta_hours": 0.00498, "loss": 0.48913362, "lr": 1.985e-05, "params": 5321, "time_iter": 0.05888, "accuracy": 0.77518, "precision": 0.7541, "recall": 0.63303, "f1": 0.68828, "auc": 0.82038}
{"epoch": 92, "time_epoch": 2.08616, "eta": 15.67411, "eta_hours": 0.00435, "loss": 0.47094064, "lr": 1.571e-05, "params": 5321, "time_iter": 0.0596, "accuracy": 0.77698, "precision": 0.76111, "recall": 0.62844, "f1": 0.68844, "auc": 0.83656}
{"epoch": 93, "time_epoch": 2.08309, "eta": 13.42499, "eta_hours": 0.00373, "loss": 0.48891095, "lr": 1.204e-05, "params": 5321, "time_iter": 0.05952, "accuracy": 0.7536, "precision": 0.72626, "recall": 0.59633, "f1": 0.65491, "auc": 0.82679}
{"epoch": 94, "time_epoch": 2.07257, "eta": 11.17881, "eta_hours": 0.00311, "loss": 0.48200174, "lr": 8.86e-06, "params": 5321, "time_iter": 0.05922, "accuracy": 0.78058, "precision": 0.76087, "recall": 0.6422, "f1": 0.69652, "auc": 0.83253}
{"epoch": 95, "time_epoch": 2.07893, "eta": 8.93651, "eta_hours": 0.00248, "loss": 0.49118684, "lr": 6.16e-06, "params": 5321, "time_iter": 0.0594, "accuracy": 0.76799, "precision": 0.74317, "recall": 0.62385, "f1": 0.6783, "auc": 0.8205}
{"epoch": 96, "time_epoch": 2.06369, "eta": 6.69711, "eta_hours": 0.00186, "loss": 0.48521071, "lr": 3.94e-06, "params": 5321, "time_iter": 0.05896, "accuracy": 0.78058, "precision": 0.76667, "recall": 0.63303, "f1": 0.69347, "auc": 0.82933}
{"epoch": 97, "time_epoch": 2.05625, "eta": 4.46115, "eta_hours": 0.00124, "loss": 0.50303856, "lr": 2.22e-06, "params": 5321, "time_iter": 0.05875, "accuracy": 0.76439, "precision": 0.75145, "recall": 0.59633, "f1": 0.66496, "auc": 0.8168}
{"epoch": 98, "time_epoch": 2.06292, "eta": 2.22888, "eta_hours": 0.00062, "loss": 0.47752494, "lr": 9.9e-07, "params": 5321, "time_iter": 0.05894, "accuracy": 0.77338, "precision": 0.74731, "recall": 0.63761, "f1": 0.68812, "auc": 0.83432}
{"epoch": 99, "time_epoch": 2.08908, "eta": 0.0, "eta_hours": 0.0, "loss": 0.48250285, "lr": 2.5e-07, "params": 5321, "time_iter": 0.05969, "accuracy": 0.76079, "precision": 0.73743, "recall": 0.6055, "f1": 0.66499, "auc": 0.82588}
