{"epoch": 30, "time_epoch": 2.20068, "time_epoch_std": 0.30609, "eta": 137.42728, "eta_std": 30.46246, "eta_hours": 0.03818, "eta_hours_std": 0.00846, "loss": 0.69313, "loss_std": 0.00106, "lr": 0.0007, "lr_std": 0.00025, "params": 6251.0, "params_std": 0.0, "time_iter": 0.05791, "time_iter_std": 0.00806, "accuracy": 0.52833, "accuracy_std": 0.01658, "accuracy_max": 0.54, "precision": 0.52871, "precision_std": 0.0079, "recall": 0.83333, "recall_std": 0.13749, "f1": 0.64296, "f1_std": 0.049, "auc": 0.48571, "auc_std": 0.024}
