{"epoch": 0, "time_epoch": 2.00442, "time_epoch_std": 0.30134, "eta": 198.4381, "eta_std": 29.83266, "eta_hours": 0.05512, "eta_hours_std": 0.00828, "loss": 0.70167, "loss_std": 0.00698, "lr": 0.001, "lr_std": 0.0, "params": 6251.0, "params_std": 0.0, "time_iter": 0.05275, "time_iter_std": 0.00793, "accuracy": 0.48167, "accuracy_std": 0.02598, "accuracy_max": 0.52, "precision": 0.23185, "precision_std": 0.23524, "recall": 0.28526, "recall_std": 0.41665, "f1": 0.22343, "f1_std": 0.27944, "auc": 0.43812, "auc_std": 0.0374}
{"epoch": 1, "time_epoch": 2.08589, "time_epoch_std": 0.34093, "eta": 200.42523, "eta_std": 31.45016, "eta_hours": 0.05567, "eta_hours_std": 0.00874, "loss": 0.69668, "loss_std": 0.00356, "lr": 0.001, "lr_std": 0.0, "params": 6251.0, "params_std": 0.0, "time_iter": 0.05489, "time_iter_std": 0.00897, "accuracy": 0.48333, "accuracy_std": 0.02381, "accuracy_max": 0.52, "precision": 0.205, "precision_std": 0.21926, "recall": 0.25962, "recall_std": 0.42775, "f1": 0.1881, "f1_std": 0.28778, "auc": 0.46172, "auc_std": 0.05015}
{"epoch": 2, "time_epoch": 2.09376, "time_epoch_std": 0.31021, "eta": 199.95164, "eta_std": 30.67803, "eta_hours": 0.05554, "eta_hours_std": 0.00852, "loss": 0.69544, "loss_std": 0.00206, "lr": 0.001, "lr_std": 0.0, "params": 6251.0, "params_std": 0.0, "time_iter": 0.0551, "time_iter_std": 0.00816, "accuracy": 0.49167, "accuracy_std": 0.03069, "accuracy_max": 0.52, "precision": 0.37476, "precision_std": 0.21779, "recall": 0.58974, "recall_std": 0.42944, "f1": 0.44282, "f1_std": 0.28028, "auc": 0.42891, "auc_std": 0.01656}
{"epoch": 3, "time_epoch": 2.07926, "time_epoch_std": 0.29488, "eta": 198.32003, "eta_std": 29.84145, "eta_hours": 0.05509, "eta_hours_std": 0.00829, "loss": 0.6937, "loss_std": 0.00116, "lr": 0.001, "lr_std": 0.0, "params": 6251.0, "params_std": 0.0, "time_iter": 0.05471, "time_iter_std": 0.00776, "accuracy": 0.49833, "accuracy_std": 0.0218, "accuracy_max": 0.52, "precision": 0.38234, "precision_std": 0.2211, "recall": 0.57372, "recall_std": 0.43885, "f1": 0.4341, "f1_std": 0.28192, "auc": 0.47618, "auc_std": 0.04124}
{"epoch": 4, "time_epoch": 2.1272, "time_epoch_std": 0.30577, "eta": 197.42012, "eta_std": 29.37138, "eta_hours": 0.05484, "eta_hours_std": 0.00816, "loss": 0.69263, "loss_std": 0.00078, "lr": 0.001, "lr_std": 0.0, "params": 6251.0, "params_std": 0.0, "time_iter": 0.05598, "time_iter_std": 0.00805, "accuracy": 0.51333, "accuracy_std": 0.0245, "accuracy_max": 0.54, "precision": 0.50683, "precision_std": 0.03721, "recall": 0.69551, "recall_std": 0.38785, "f1": 0.52083, "f1_std": 0.24887, "auc": 0.52003, "auc_std": 0.03902}
{"epoch": 5, "time_epoch": 2.07275, "time_epoch_std": 0.30131, "eta": 195.25812, "eta_std": 28.93278, "eta_hours": 0.05424, "eta_hours_std": 0.00804, "loss": 0.69385, "loss_std": 0.0009, "lr": 0.00099, "lr_std": 0.0, "params": 6251.0, "params_std": 0.0, "time_iter": 0.05455, "time_iter_std": 0.00793, "accuracy": 0.51833, "accuracy_std": 0.00289, "accuracy_max": 0.52, "precision": 0.52119, "precision_std": 0.00206, "recall": 0.91987, "recall_std": 0.13878, "f1": 0.6612, "f1_std": 0.03985, "auc": 0.43096, "auc_std": 0.03496}
{"epoch": 6, "time_epoch": 2.10277, "time_epoch_std": 0.2896, "eta": 193.52038, "eta_std": 28.30955, "eta_hours": 0.05376, "eta_hours_std": 0.00786, "loss": 0.69166, "loss_std": 0.00089, "lr": 0.00099, "lr_std": 0.0, "params": 6251.0, "params_std": 0.0, "time_iter": 0.05533, "time_iter_std": 0.00762, "accuracy": 0.53167, "accuracy_std": 0.02021, "accuracy_max": 0.56667, "precision": 0.52722, "precision_std": 0.0125, "recall": 0.98398, "recall_std": 0.02776, "f1": 0.68614, "f1_std": 0.00335, "auc": 0.50498, "auc_std": 0.07042}
{"epoch": 7, "time_epoch": 2.19449, "time_epoch_std": 0.27739, "eta": 192.74626, "eta_std": 27.2835, "eta_hours": 0.05354, "eta_hours_std": 0.00758, "loss": 0.69343, "loss_std": 0.00074, "lr": 0.00099, "lr_std": 0.0, "params": 6251.0, "params_std": 0.0, "time_iter": 0.05775, "time_iter_std": 0.0073, "accuracy": 0.52333, "accuracy_std": 0.00577, "accuracy_max": 0.53333, "precision": 0.5226, "precision_std": 0.00373, "recall": 0.96795, "recall_std": 0.03205, "f1": 0.67852, "f1_std": 0.0061, "auc": 0.46212, "auc_std": 0.03545}
{"epoch": 8, "time_epoch": 2.07693, "time_epoch_std": 0.28834, "eta": 190.46788, "eta_std": 26.89232, "eta_hours": 0.05291, "eta_hours_std": 0.00747, "loss": 0.69237, "loss_std": 0.00229, "lr": 0.00098, "lr_std": 0.0, "params": 6251.0, "params_std": 0.0, "time_iter": 0.05466, "time_iter_std": 0.00759, "accuracy": 0.52167, "accuracy_std": 0.00726, "accuracy_max": 0.53333, "precision": 0.52122, "precision_std": 0.00371, "recall": 0.98398, "recall_std": 0.02102, "f1": 0.6814, "f1_std": 0.0069, "auc": 0.50312, "auc_std": 0.07474}
{"epoch": 9, "time_epoch": 2.02892, "time_epoch_std": 0.28888, "eta": 187.79759, "eta_std": 26.51682, "eta_hours": 0.05216, "eta_hours_std": 0.00737, "loss": 0.69183, "loss_std": 0.00157, "lr": 0.00098, "lr_std": 0.0, "params": 6251.0, "params_std": 0.0, "time_iter": 0.05339, "time_iter_std": 0.0076, "accuracy": 0.53, "accuracy_std": 0.01732, "accuracy_max": 0.56, "precision": 0.52793, "precision_std": 0.01374, "recall": 0.95513, "recall_std": 0.07772, "f1": 0.6781, "f1_std": 0.01057, "auc": 0.51309, "auc_std": 0.05305}
{"epoch": 10, "time_epoch": 2.06933, "time_epoch_std": 0.28324, "eta": 185.57089, "eta_std": 26.12382, "eta_hours": 0.05155, "eta_hours_std": 0.00725, "loss": 0.69288, "loss_std": 0.00115, "lr": 0.00098, "lr_std": 0.0, "params": 6251.0, "params_std": 0.0, "time_iter": 0.05446, "time_iter_std": 0.00745, "accuracy": 0.525, "accuracy_std": 0.00553, "accuracy_max": 0.53333, "precision": 0.52568, "precision_std": 0.00795, "recall": 0.92628, "recall_std": 0.12768, "f1": 0.66669, "f1_std": 0.03211, "auc": 0.45553, "auc_std": 0.05038}
{"epoch": 11, "time_epoch": 2.10794, "time_epoch_std": 0.3186, "eta": 183.65358, "eta_std": 26.01183, "eta_hours": 0.05102, "eta_hours_std": 0.00722, "loss": 0.69246, "loss_std": 0.00077, "lr": 0.00097, "lr_std": 0.0, "params": 6251.0, "params_std": 0.0, "time_iter": 0.05547, "time_iter_std": 0.00838, "accuracy": 0.52, "accuracy_std": 0.00472, "accuracy_max": 0.52667, "precision": 0.52175, "precision_std": 0.00188, "recall": 0.92628, "recall_std": 0.10664, "f1": 0.66523, "f1_std": 0.0298, "auc": 0.5033, "auc_std": 0.02365}
{"epoch": 12, "time_epoch": 2.07697, "time_epoch_std": 0.31158, "eta": 181.49966, "eta_std": 25.82305, "eta_hours": 0.05042, "eta_hours_std": 0.00717, "loss": 0.69282, "loss_std": 0.00073, "lr": 0.00096, "lr_std": 0.0, "params": 6251.0, "params_std": 0.0, "time_iter": 0.05466, "time_iter_std": 0.0082, "accuracy": 0.525, "accuracy_std": 0.00866, "accuracy_max": 0.54, "precision": 0.5236, "precision_std": 0.00591, "recall": 0.97116, "recall_std": 0.03668, "f1": 0.68, "f1_std": 0.00465, "auc": 0.47422, "auc_std": 0.0395}
{"epoch": 13, "time_epoch": 2.22089, "time_epoch_std": 0.33416, "eta": 180.24084, "eta_std": 25.17964, "eta_hours": 0.05006, "eta_hours_std": 0.00699, "loss": 0.69246, "loss_std": 0.00044, "lr": 0.00096, "lr_std": 0.0, "params": 6251.0, "params_std": 0.0, "time_iter": 0.05845, "time_iter_std": 0.00879, "accuracy": 0.53167, "accuracy_std": 0.01364, "accuracy_max": 0.55333, "precision": 0.5286, "precision_std": 0.01071, "recall": 0.94872, "recall_std": 0.06844, "f1": 0.67754, "f1_std": 0.01023, "auc": 0.48936, "auc_std": 0.01681}
{"epoch": 14, "time_epoch": 2.47905, "time_epoch_std": 0.70044, "eta": 180.31664, "eta_std": 24.36791, "eta_hours": 0.05008, "eta_hours_std": 0.00677, "loss": 0.6919, "loss_std": 0.00343, "lr": 0.00095, "lr_std": 0.0, "params": 6251.0, "params_std": 0.0, "time_iter": 0.06524, "time_iter_std": 0.01843, "accuracy": 0.53, "accuracy_std": 0.01732, "accuracy_max": 0.56, "precision": 0.52829, "precision_std": 0.01405, "recall": 0.94551, "recall_std": 0.08026, "f1": 0.67581, "f1_std": 0.01153, "auc": 0.4684, "auc_std": 0.08161}
{"epoch": 15, "time_epoch": 2.93764, "time_epoch_std": 1.3229, "eta": 182.48064, "eta_std": 24.62755, "eta_hours": 0.05069, "eta_hours_std": 0.00684, "loss": 0.69148, "loss_std": 0.00242, "lr": 0.00095, "lr_std": 0.0, "params": 6251.0, "params_std": 0.0, "time_iter": 0.0773, "time_iter_std": 0.03481, "accuracy": 0.52833, "accuracy_std": 0.01443, "accuracy_max": 0.55333, "precision": 0.5271, "precision_std": 0.01197, "recall": 0.94551, "recall_std": 0.08026, "f1": 0.67496, "f1_std": 0.01297, "auc": 0.50454, "auc_std": 0.06342}
{"epoch": 16, "time_epoch": 2.6977, "time_epoch_std": 0.88261, "eta": 182.87303, "eta_std": 25.38305, "eta_hours": 0.0508, "eta_hours_std": 0.00705, "loss": 0.69105, "loss_std": 0.00295, "lr": 0.00094, "lr_std": 0.0, "params": 6251.0, "params_std": 0.0, "time_iter": 0.07099, "time_iter_std": 0.02323, "accuracy": 0.53, "accuracy_std": 0.01374, "accuracy_max": 0.55333, "precision": 0.52938, "precision_std": 0.01397, "recall": 0.92628, "recall_std": 0.11336, "f1": 0.66996, "f1_std": 0.0232, "auc": 0.49181, "auc_std": 0.0526}
{"epoch": 17, "time_epoch": 2.56219, "time_epoch_std": 0.79741, "eta": 182.30473, "eta_std": 26.34225, "eta_hours": 0.05064, "eta_hours_std": 0.00732, "loss": 0.69131, "loss_std": 0.00255, "lr": 0.00093, "lr_std": 0.0, "params": 6251.0, "params_std": 0.0, "time_iter": 0.06742, "time_iter_std": 0.02099, "accuracy": 0.53666, "accuracy_std": 0.02186, "accuracy_max": 0.57333, "precision": 0.53451, "precision_std": 0.02007, "recall": 0.91667, "recall_std": 0.10474, "f1": 0.67144, "f1_std": 0.01626, "auc": 0.4996, "auc_std": 0.03694}
{"epoch": 18, "time_epoch": 2.48812, "time_epoch_std": 0.69263, "eta": 181.2108, "eta_std": 27.09607, "eta_hours": 0.05034, "eta_hours_std": 0.00752, "loss": 0.69059, "loss_std": 0.00381, "lr": 0.00092, "lr_std": 0.0, "params": 6251.0, "params_std": 0.0, "time_iter": 0.06548, "time_iter_std": 0.01823, "accuracy": 0.52833, "accuracy_std": 0.00866, "accuracy_max": 0.54, "precision": 0.52849, "precision_std": 0.01004, "recall": 0.90705, "recall_std": 0.12074, "f1": 0.66396, "f1_std": 0.02891, "auc": 0.49635, "auc_std": 0.05976}
{"epoch": 19, "time_epoch": 2.2712, "time_epoch_std": 0.41336, "eta": 179.10975, "eta_std": 27.04721, "eta_hours": 0.04976, "eta_hours_std": 0.00751, "loss": 0.69193, "loss_std": 0.00111, "lr": 0.00091, "lr_std": 0.0, "params": 6251.0, "params_std": 0.0, "time_iter": 0.05977, "time_iter_std": 0.01088, "accuracy": 0.52834, "accuracy_std": 0.01093, "accuracy_max": 0.54667, "precision": 0.52862, "precision_std": 0.01248, "recall": 0.91667, "recall_std": 0.12314, "f1": 0.66628, "f1_std": 0.02798, "auc": 0.51313, "auc_std": 0.03788}
{"epoch": 20, "time_epoch": 2.13771, "time_epoch_std": 0.2992, "eta": 176.49032, "eta_std": 26.49352, "eta_hours": 0.04902, "eta_hours_std": 0.00736, "loss": 0.68899, "loss_std": 0.0046, "lr": 0.0009, "lr_std": 0.0, "params": 6251.0, "params_std": 0.0, "time_iter": 0.05626, "time_iter_std": 0.00787, "accuracy": 0.53667, "accuracy_std": 0.01915, "accuracy_max": 0.56667, "precision": 0.53487, "precision_std": 0.01865, "recall": 0.90705, "recall_std": 0.11516, "f1": 0.66854, "f1_std": 0.02116, "auc": 0.55088, "auc_std": 0.05544}
{"epoch": 21, "time_epoch": 2.07049, "time_epoch_std": 0.26947, "eta": 173.67638, "eta_std": 25.63472, "eta_hours": 0.04824, "eta_hours_std": 0.00712, "loss": 0.69026, "loss_std": 0.00257, "lr": 0.0009, "lr_std": 0.0, "params": 6251.0, "params_std": 0.0, "time_iter": 0.05449, "time_iter_std": 0.00709, "accuracy": 0.52667, "accuracy_std": 0.01155, "accuracy_max": 0.54667, "precision": 0.52794, "precision_std": 0.01222, "recall": 0.90064, "recall_std": 0.11552, "f1": 0.66194, "f1_std": 0.02546, "auc": 0.52088, "auc_std": 0.02638}
{"epoch": 22, "time_epoch": 2.1109, "time_epoch_std": 0.29003, "eta": 171.06232, "eta_std": 25.00587, "eta_hours": 0.04752, "eta_hours_std": 0.00694, "loss": 0.69146, "loss_std": 0.00155, "lr": 0.00089, "lr_std": 0.0, "params": 6251.0, "params_std": 0.0, "time_iter": 0.05555, "time_iter_std": 0.00763, "accuracy": 0.54833, "accuracy_std": 0.01907, "accuracy_max": 0.57333, "precision": 0.5403, "precision_std": 0.01418, "recall": 0.91346, "recall_std": 0.09987, "f1": 0.67619, "f1_std": 0.02262, "auc": 0.5174, "auc_std": 0.02714}
{"epoch": 23, "time_epoch": 2.42705, "time_epoch_std": 0.53071, "eta": 169.49138, "eta_std": 25.22841, "eta_hours": 0.04708, "eta_hours_std": 0.00701, "loss": 0.69232, "loss_std": 0.00086, "lr": 0.00088, "lr_std": 0.0, "params": 6251.0, "params_std": 0.0, "time_iter": 0.06387, "time_iter_std": 0.01397, "accuracy": 0.525, "accuracy_std": 0.0159, "accuracy_max": 0.54667, "precision": 0.52748, "precision_std": 0.01337, "recall": 0.8782, "recall_std": 0.11047, "f1": 0.65567, "f1_std": 0.02574, "auc": 0.50084, "auc_std": 0.01928}
{"epoch": 24, "time_epoch": 2.13378, "time_epoch_std": 0.30001, "eta": 166.97212, "eta_std": 24.63323, "eta_hours": 0.04638, "eta_hours_std": 0.00684, "loss": 0.68909, "loss_std": 0.00482, "lr": 0.00086, "lr_std": 0.0, "params": 6251.0, "params_std": 0.0, "time_iter": 0.05615, "time_iter_std": 0.00789, "accuracy": 0.53667, "accuracy_std": 0.01, "accuracy_max": 0.54667, "precision": 0.53434, "precision_std": 0.00972, "recall": 0.8782, "recall_std": 0.10435, "f1": 0.66151, "f1_std": 0.02324, "auc": 0.50686, "auc_std": 0.07506}
{"epoch": 25, "time_epoch": 2.10914, "time_epoch_std": 0.28186, "eta": 164.41238, "eta_std": 24.0804, "eta_hours": 0.04567, "eta_hours_std": 0.00669, "loss": 0.68596, "loss_std": 0.00428, "lr": 0.00085, "lr_std": 0.0, "params": 6251.0, "params_std": 0.0, "time_iter": 0.0555, "time_iter_std": 0.00742, "accuracy": 0.565, "accuracy_std": 0.02882, "accuracy_max": 0.6, "precision": 0.55536, "precision_std": 0.02439, "recall": 0.8718, "recall_std": 0.09889, "f1": 0.67466, "f1_std": 0.01512, "auc": 0.58186, "auc_std": 0.02447}
{"epoch": 26, "time_epoch": 2.10586, "time_epoch_std": 0.29019, "eta": 161.87717, "eta_std": 23.45584, "eta_hours": 0.04496, "eta_hours_std": 0.00652, "loss": 0.68941, "loss_std": 0.00379, "lr": 0.00084, "lr_std": 0.0, "params": 6251.0, "params_std": 0.0, "time_iter": 0.05542, "time_iter_std": 0.00763, "accuracy": 0.54667, "accuracy_std": 0.017, "accuracy_max": 0.56667, "precision": 0.5441, "precision_std": 0.01422, "recall": 0.82051, "recall_std": 0.086, "f1": 0.65183, "f1_std": 0.01739, "auc": 0.50712, "auc_std": 0.06765}
{"epoch": 27, "time_epoch": 2.14323, "time_epoch_std": 0.27224, "eta": 159.46871, "eta_std": 22.80418, "eta_hours": 0.0443, "eta_hours_std": 0.00634, "loss": 0.68819, "loss_std": 0.00536, "lr": 0.00083, "lr_std": 0.0, "params": 6251.0, "params_std": 0.0, "time_iter": 0.0564, "time_iter_std": 0.00716, "accuracy": 0.545, "accuracy_std": 0.03279, "accuracy_max": 0.58667, "precision": 0.54177, "precision_std": 0.02265, "recall": 0.83654, "recall_std": 0.10702, "f1": 0.65467, "f1_std": 0.03357, "auc": 0.54336, "auc_std": 0.04258}
{"epoch": 28, "time_epoch": 2.09796, "time_epoch_std": 0.2748, "eta": 156.9677, "eta_std": 22.18398, "eta_hours": 0.0436, "eta_hours_std": 0.00616, "loss": 0.68815, "loss_std": 0.00409, "lr": 0.00082, "lr_std": 0.0, "params": 6251.0, "params_std": 0.0, "time_iter": 0.05521, "time_iter_std": 0.00723, "accuracy": 0.545, "accuracy_std": 0.01658, "accuracy_max": 0.56667, "precision": 0.54327, "precision_std": 0.01392, "recall": 0.82051, "recall_std": 0.11715, "f1": 0.64959, "f1_std": 0.0285, "auc": 0.54229, "auc_std": 0.03542}
{"epoch": 29, "time_epoch": 2.41185, "time_epoch_std": 0.37493, "eta": 155.22598, "eta_std": 21.83796, "eta_hours": 0.04312, "eta_hours_std": 0.00607, "loss": 0.68981, "loss_std": 0.00265, "lr": 0.00081, "lr_std": 0.0, "params": 6251.0, "params_std": 0.0, "time_iter": 0.06347, "time_iter_std": 0.00987, "accuracy": 0.525, "accuracy_std": 0.00553, "accuracy_max": 0.53333, "precision": 0.53002, "precision_std": 0.00841, "recall": 0.79808, "recall_std": 0.12704, "f1": 0.63255, "f1_std": 0.03309, "auc": 0.51656, "auc_std": 0.05786}
{"epoch": 30, "time_epoch": 2.30684, "time_epoch_std": 0.27309, "eta": 153.20729, "eta_std": 21.36422, "eta_hours": 0.04256, "eta_hours_std": 0.00594, "loss": 0.68396, "loss_std": 0.01051, "lr": 0.00079, "lr_std": 0.0, "params": 6251.0, "params_std": 0.0, "time_iter": 0.0607, "time_iter_std": 0.00719, "accuracy": 0.58, "accuracy_std": 0.04643, "accuracy_max": 0.65333, "precision": 0.56872, "precision_std": 0.04121, "recall": 0.85256, "recall_std": 0.07281, "f1": 0.67894, "f1_std": 0.01889, "auc": 0.55484, "auc_std": 0.10063}
{"epoch": 31, "time_epoch": 2.13817, "time_epoch_std": 0.29424, "eta": 150.81216, "eta_std": 20.85081, "eta_hours": 0.0419, "eta_hours_std": 0.00579, "loss": 0.68497, "loss_std": 0.00687, "lr": 0.00078, "lr_std": 0.0, "params": 6251.0, "params_std": 0.0, "time_iter": 0.05626, "time_iter_std": 0.00774, "accuracy": 0.55333, "accuracy_std": 0.033, "accuracy_max": 0.60667, "precision": 0.55205, "precision_std": 0.0236, "recall": 0.78205, "recall_std": 0.14044, "f1": 0.64132, "f1_std": 0.04459, "auc": 0.55186, "auc_std": 0.06482}
{"epoch": 32, "time_epoch": 2.14065, "time_epoch_std": 0.29805, "eta": 148.43764, "eta_std": 20.2556, "eta_hours": 0.04123, "eta_hours_std": 0.00563, "loss": 0.68868, "loss_std": 0.00838, "lr": 0.00077, "lr_std": 0.0, "params": 6251.0, "params_std": 0.0, "time_iter": 0.05633, "time_iter_std": 0.00784, "accuracy": 0.535, "accuracy_std": 0.03312, "accuracy_max": 0.58, "precision": 0.53899, "precision_std": 0.02713, "recall": 0.75641, "recall_std": 0.12061, "f1": 0.62543, "f1_std": 0.04114, "auc": 0.52243, "auc_std": 0.05805}
{"epoch": 33, "time_epoch": 2.19091, "time_epoch_std": 0.29715, "eta": 146.17444, "eta_std": 19.94034, "eta_hours": 0.0406, "eta_hours_std": 0.00554, "loss": 0.68619, "loss_std": 0.00634, "lr": 0.00075, "lr_std": 0.0, "params": 6251.0, "params_std": 0.0, "time_iter": 0.05766, "time_iter_std": 0.00782, "accuracy": 0.55666, "accuracy_std": 0.01915, "accuracy_max": 0.58667, "precision": 0.55902, "precision_std": 0.02631, "recall": 0.76282, "recall_std": 0.14291, "f1": 0.63719, "f1_std": 0.03285, "auc": 0.5426, "auc_std": 0.06145}
{"epoch": 34, "time_epoch": 2.1535, "time_epoch_std": 0.41554, "eta": 143.8459, "eta_std": 19.60827, "eta_hours": 0.03996, "eta_hours_std": 0.00545, "loss": 0.6888, "loss_std": 0.0053, "lr": 0.00074, "lr_std": 0.0, "params": 6251.0, "params_std": 0.0, "time_iter": 0.05667, "time_iter_std": 0.01093, "accuracy": 0.54334, "accuracy_std": 0.02028, "accuracy_max": 0.56667, "precision": 0.5449, "precision_std": 0.01785, "recall": 0.77564, "recall_std": 0.13882, "f1": 0.6344, "f1_std": 0.03857, "auc": 0.5247, "auc_std": 0.01177}
{"epoch": 35, "time_epoch": 2.13178, "time_epoch_std": 0.27575, "eta": 141.48846, "eta_std": 19.04215, "eta_hours": 0.0393, "eta_hours_std": 0.00529, "loss": 0.68195, "loss_std": 0.00812, "lr": 0.00073, "lr_std": 0.0, "params": 6251.0, "params_std": 0.0, "time_iter": 0.0561, "time_iter_std": 0.00726, "accuracy": 0.55833, "accuracy_std": 0.00986, "accuracy_max": 0.57333, "precision": 0.55645, "precision_std": 0.01449, "recall": 0.77244, "recall_std": 0.12141, "f1": 0.64194, "f1_std": 0.03184, "auc": 0.5544, "auc_std": 0.06826}
{"epoch": 36, "time_epoch": 2.18118, "time_epoch_std": 0.2533, "eta": 139.22734, "eta_std": 18.58251, "eta_hours": 0.03867, "eta_hours_std": 0.00516, "loss": 0.69131, "loss_std": 0.00665, "lr": 0.00071, "lr_std": 0.0, "params": 6251.0, "params_std": 0.0, "time_iter": 0.0574, "time_iter_std": 0.00667, "accuracy": 0.51834, "accuracy_std": 0.03812, "accuracy_max": 0.56667, "precision": 0.52361, "precision_std": 0.02261, "recall": 0.74038, "recall_std": 0.13849, "f1": 0.61009, "f1_std": 0.0601, "auc": 0.53094, "auc_std": 0.04363}
{"epoch": 37, "time_epoch": 2.19464, "time_epoch_std": 0.25476, "eta": 136.9924, "eta_std": 18.20432, "eta_hours": 0.03805, "eta_hours_std": 0.00506, "loss": 0.68672, "loss_std": 0.00891, "lr": 0.0007, "lr_std": 0.0, "params": 6251.0, "params_std": 0.0, "time_iter": 0.05775, "time_iter_std": 0.0067, "accuracy": 0.54833, "accuracy_std": 0.01724, "accuracy_max": 0.56667, "precision": 0.54282, "precision_std": 0.01076, "recall": 0.83333, "recall_std": 0.09722, "f1": 0.65541, "f1_std": 0.03129, "auc": 0.545, "auc_std": 0.05604}
{"epoch": 38, "time_epoch": 2.15087, "time_epoch_std": 0.27484, "eta": 134.69105, "eta_std": 17.79371, "eta_hours": 0.03742, "eta_hours_std": 0.00494, "loss": 0.68499, "loss_std": 0.00693, "lr": 0.00068, "lr_std": 0.0, "params": 6251.0, "params_std": 0.0, "time_iter": 0.0566, "time_iter_std": 0.00723, "accuracy": 0.54333, "accuracy_std": 0.01795, "accuracy_max": 0.57333, "precision": 0.5429, "precision_std": 0.01411, "recall": 0.78205, "recall_std": 0.08309, "f1": 0.63891, "f1_std": 0.02677, "auc": 0.55095, "auc_std": 0.04423}
{"epoch": 39, "time_epoch": 2.16466, "time_epoch_std": 0.31075, "eta": 132.41792, "eta_std": 17.34386, "eta_hours": 0.03678, "eta_hours_std": 0.00482, "loss": 0.68472, "loss_std": 0.00344, "lr": 0.00067, "lr_std": 0.0, "params": 6251.0, "params_std": 0.0, "time_iter": 0.05696, "time_iter_std": 0.00818, "accuracy": 0.56167, "accuracy_std": 0.01443, "accuracy_max": 0.58, "precision": 0.55636, "precision_std": 0.00964, "recall": 0.77885, "recall_std": 0.10069, "f1": 0.64632, "f1_std": 0.03491, "auc": 0.5625, "auc_std": 0.01568}
{"epoch": 40, "time_epoch": 2.29042, "time_epoch_std": 0.30669, "eta": 130.33105, "eta_std": 16.86462, "eta_hours": 0.0362, "eta_hours_std": 0.00468, "loss": 0.6892, "loss_std": 0.00324, "lr": 0.00065, "lr_std": 0.0, "params": 6251.0, "params_std": 0.0, "time_iter": 0.06027, "time_iter_std": 0.00807, "accuracy": 0.54834, "accuracy_std": 0.01965, "accuracy_max": 0.56667, "precision": 0.54809, "precision_std": 0.01368, "recall": 0.75641, "recall_std": 0.11213, "f1": 0.63214, "f1_std": 0.03827, "auc": 0.53628, "auc_std": 0.01919}
{"epoch": 41, "time_epoch": 2.29947, "time_epoch_std": 0.24051, "eta": 128.24698, "eta_std": 16.50479, "eta_hours": 0.03562, "eta_hours_std": 0.00459, "loss": 0.68477, "loss_std": 0.00676, "lr": 0.00064, "lr_std": 0.0, "params": 6251.0, "params_std": 0.0, "time_iter": 0.06051, "time_iter_std": 0.00633, "accuracy": 0.56166, "accuracy_std": 0.00866, "accuracy_max": 0.57333, "precision": 0.55552, "precision_std": 0.00726, "recall": 0.79487, "recall_std": 0.10135, "f1": 0.65101, "f1_std": 0.03156, "auc": 0.55502, "auc_std": 0.02916}
{"epoch": 42, "time_epoch": 2.21684, "time_epoch_std": 0.2934, "eta": 126.04336, "eta_std": 16.22607, "eta_hours": 0.03501, "eta_hours_std": 0.00451, "loss": 0.6809, "loss_std": 0.00727, "lr": 0.00062, "lr_std": 0.0, "params": 6251.0, "params_std": 0.0, "time_iter": 0.05834, "time_iter_std": 0.00772, "accuracy": 0.57667, "accuracy_std": 0.02427, "accuracy_max": 0.60667, "precision": 0.56764, "precision_std": 0.0203, "recall": 0.80128, "recall_std": 0.08813, "f1": 0.66175, "f1_std": 0.0249, "auc": 0.58142, "auc_std": 0.04962}
{"epoch": 43, "time_epoch": 2.12721, "time_epoch_std": 0.29781, "eta": 123.72506, "eta_std": 15.92779, "eta_hours": 0.03437, "eta_hours_std": 0.00442, "loss": 0.6872, "loss_std": 0.00713, "lr": 0.00061, "lr_std": 0.0, "params": 6251.0, "params_std": 0.0, "time_iter": 0.05598, "time_iter_std": 0.00784, "accuracy": 0.54166, "accuracy_std": 0.01965, "accuracy_max": 0.56, "precision": 0.54412, "precision_std": 0.01602, "recall": 0.74359, "recall_std": 0.07692, "f1": 0.62654, "f1_std": 0.02581, "auc": 0.54291, "auc_std": 0.04551}
{"epoch": 44, "time_epoch": 2.30635, "time_epoch_std": 0.43606, "eta": 121.63421, "eta_std": 15.41581, "eta_hours": 0.03379, "eta_hours_std": 0.00428, "loss": 0.68256, "loss_std": 0.0127, "lr": 0.00059, "lr_std": 0.0, "params": 6251.0, "params_std": 0.0, "time_iter": 0.0607, "time_iter_std": 0.01147, "accuracy": 0.56, "accuracy_std": 0.02981, "accuracy_max": 0.6, "precision": 0.55522, "precision_std": 0.02333, "recall": 0.79167, "recall_std": 0.1047, "f1": 0.64959, "f1_std": 0.03486, "auc": 0.56005, "auc_std": 0.06895}
{"epoch": 45, "time_epoch": 2.46214, "time_epoch_std": 0.55798, "eta": 119.71687, "eta_std": 15.19673, "eta_hours": 0.03326, "eta_hours_std": 0.00422, "loss": 0.68444, "loss_std": 0.00343, "lr": 0.00058, "lr_std": 0.0, "params": 6251.0, "params_std": 0.0, "time_iter": 0.06479, "time_iter_std": 0.01468, "accuracy": 0.55833, "accuracy_std": 0.02075, "accuracy_max": 0.58, "precision": 0.55608, "precision_std": 0.01609, "recall": 0.75641, "recall_std": 0.11213, "f1": 0.63747, "f1_std": 0.03682, "auc": 0.57839, "auc_std": 0.02596}
{"epoch": 46, "time_epoch": 2.42449, "time_epoch_std": 0.58529, "eta": 117.7339, "eta_std": 14.97797, "eta_hours": 0.0327, "eta_hours_std": 0.00416, "loss": 0.6873, "loss_std": 0.00134, "lr": 0.00056, "lr_std": 0.0, "params": 6251.0, "params_std": 0.0, "time_iter": 0.0638, "time_iter_std": 0.0154, "accuracy": 0.55666, "accuracy_std": 0.02333, "accuracy_max": 0.58, "precision": 0.5529, "precision_std": 0.01502, "recall": 0.76603, "recall_std": 0.08618, "f1": 0.64061, "f1_std": 0.03506, "auc": 0.57011, "auc_std": 0.01901}
{"epoch": 47, "time_epoch": 2.5828, "time_epoch_std": 0.797, "eta": 115.90402, "eta_std": 14.5768, "eta_hours": 0.0322, "eta_hours_std": 0.00405, "loss": 0.68614, "loss_std": 0.00478, "lr": 0.00055, "lr_std": 0.0, "params": 6251.0, "params_std": 0.0, "time_iter": 0.06797, "time_iter_std": 0.02097, "accuracy": 0.56, "accuracy_std": 0.02708, "accuracy_max": 0.59333, "precision": 0.55689, "precision_std": 0.01945, "recall": 0.7532, "recall_std": 0.04566, "f1": 0.63994, "f1_std": 0.02575, "auc": 0.55395, "auc_std": 0.02712}
{"epoch": 48, "time_epoch": 2.55859, "time_epoch_std": 0.89286, "eta": 114.01822, "eta_std": 14.14197, "eta_hours": 0.03167, "eta_hours_std": 0.00393, "loss": 0.68913, "loss_std": 0.00744, "lr": 0.00053, "lr_std": 0.0, "params": 6251.0, "params_std": 0.0, "time_iter": 0.06733, "time_iter_std": 0.02349, "accuracy": 0.53666, "accuracy_std": 0.03073, "accuracy_max": 0.57333, "precision": 0.54137, "precision_std": 0.0224, "recall": 0.72116, "recall_std": 0.04743, "f1": 0.61778, "f1_std": 0.02644, "auc": 0.53383, "auc_std": 0.04044}
{"epoch": 49, "time_epoch": 2.27501, "time_epoch_std": 0.40914, "eta": 111.82193, "eta_std": 13.81883, "eta_hours": 0.03106, "eta_hours_std": 0.00384, "loss": 0.68399, "loss_std": 0.00614, "lr": 0.00052, "lr_std": 0.0, "params": 6251.0, "params_std": 0.0, "time_iter": 0.05987, "time_iter_std": 0.01077, "accuracy": 0.56833, "accuracy_std": 0.01658, "accuracy_max": 0.58, "precision": 0.56015, "precision_std": 0.00975, "recall": 0.78846, "recall_std": 0.06933, "f1": 0.6539, "f1_std": 0.02761, "auc": 0.57256, "auc_std": 0.02628}
{"epoch": 50, "time_epoch": 2.21774, "time_epoch_std": 0.33745, "eta": 109.56754, "eta_std": 13.51795, "eta_hours": 0.03043, "eta_hours_std": 0.00376, "loss": 0.6941, "loss_std": 0.00554, "lr": 0.0005, "lr_std": 0.0, "params": 6251.0, "params_std": 0.0, "time_iter": 0.05836, "time_iter_std": 0.00888, "accuracy": 0.52167, "accuracy_std": 0.02995, "accuracy_max": 0.55333, "precision": 0.52987, "precision_std": 0.0211, "recall": 0.69552, "recall_std": 0.05315, "f1": 0.60126, "f1_std": 0.03294, "auc": 0.50864, "auc_std": 0.01922}
{"epoch": 51, "time_epoch": 2.15561, "time_epoch_std": 0.32662, "eta": 107.2572, "eta_std": 13.21584, "eta_hours": 0.02979, "eta_hours_std": 0.00367, "loss": 0.68035, "loss_std": 0.01047, "lr": 0.00048, "lr_std": 0.0, "params": 6251.0, "params_std": 0.0, "time_iter": 0.05673, "time_iter_std": 0.0086, "accuracy": 0.56834, "accuracy_std": 0.03032, "accuracy_max": 0.62, "precision": 0.56374, "precision_std": 0.02245, "recall": 0.7532, "recall_std": 0.02776, "f1": 0.64477, "f1_std": 0.02396, "auc": 0.57746, "auc_std": 0.06643}
{"epoch": 52, "time_epoch": 2.15629, "time_epoch_std": 0.29762, "eta": 104.95329, "eta_std": 12.91726, "eta_hours": 0.02915, "eta_hours_std": 0.00359, "loss": 0.68589, "loss_std": 0.00648, "lr": 0.00047, "lr_std": 0.0, "params": 6251.0, "params_std": 0.0, "time_iter": 0.05674, "time_iter_std": 0.00783, "accuracy": 0.56167, "accuracy_std": 0.02327, "accuracy_max": 0.6, "precision": 0.55928, "precision_std": 0.01723, "recall": 0.74359, "recall_std": 0.06013, "f1": 0.63735, "f1_std": 0.02772, "auc": 0.55204, "auc_std": 0.02067}
{"epoch": 53, "time_epoch": 2.16536, "time_epoch_std": 0.30396, "eta": 102.66258, "eta_std": 12.6178, "eta_hours": 0.02852, "eta_hours_std": 0.00351, "loss": 0.68447, "loss_std": 0.00414, "lr": 0.00045, "lr_std": 0.0, "params": 6251.0, "params_std": 0.0, "time_iter": 0.05698, "time_iter_std": 0.008, "accuracy": 0.56333, "accuracy_std": 0.03037, "accuracy_max": 0.61333, "precision": 0.55676, "precision_std": 0.02002, "recall": 0.78846, "recall_std": 0.05325, "f1": 0.65203, "f1_std": 0.02717, "auc": 0.54892, "auc_std": 0.02095}
{"epoch": 54, "time_epoch": 2.15696, "time_epoch_std": 0.29295, "eta": 100.36957, "eta_std": 12.32302, "eta_hours": 0.02788, "eta_hours_std": 0.00342, "loss": 0.68417, "loss_std": 0.00479, "lr": 0.00044, "lr_std": 0.0, "params": 6251.0, "params_std": 0.0, "time_iter": 0.05676, "time_iter_std": 0.00771, "accuracy": 0.56333, "accuracy_std": 0.0256, "accuracy_max": 0.6, "precision": 0.56146, "precision_std": 0.0223, "recall": 0.74359, "recall_std": 0.02027, "f1": 0.63933, "f1_std": 0.01341, "auc": 0.54879, "auc_std": 0.02663}
{"epoch": 55, "time_epoch": 2.137, "time_epoch_std": 0.30172, "eta": 98.06572, "eta_std": 12.02627, "eta_hours": 0.02724, "eta_hours_std": 0.00334, "loss": 0.67961, "loss_std": 0.00562, "lr": 0.00042, "lr_std": 0.0, "params": 6251.0, "params_std": 0.0, "time_iter": 0.05624, "time_iter_std": 0.00794, "accuracy": 0.55666, "accuracy_std": 0.02517, "accuracy_max": 0.57333, "precision": 0.55518, "precision_std": 0.0199, "recall": 0.75962, "recall_std": 0.04996, "f1": 0.64021, "f1_std": 0.01675, "auc": 0.58164, "auc_std": 0.02698}
{"epoch": 56, "time_epoch": 2.11877, "time_epoch_std": 0.26923, "eta": 95.75397, "eta_std": 11.718, "eta_hours": 0.0266, "eta_hours_std": 0.00326, "loss": 0.68388, "loss_std": 0.00796, "lr": 0.00041, "lr_std": 0.0, "params": 6251.0, "params_std": 0.0, "time_iter": 0.05576, "time_iter_std": 0.00708, "accuracy": 0.55167, "accuracy_std": 0.0128, "accuracy_max": 0.56667, "precision": 0.55367, "precision_std": 0.01335, "recall": 0.72436, "recall_std": 0.06378, "f1": 0.62591, "f1_std": 0.01902, "auc": 0.54781, "auc_std": 0.06016}
{"epoch": 57, "time_epoch": 2.10393, "time_epoch_std": 0.28094, "eta": 93.43813, "eta_std": 11.43227, "eta_hours": 0.02596, "eta_hours_std": 0.00318, "loss": 0.68162, "loss_std": 0.0025, "lr": 0.00039, "lr_std": 0.0, "params": 6251.0, "params_std": 0.0, "time_iter": 0.05536, "time_iter_std": 0.00739, "accuracy": 0.58667, "accuracy_std": 0.02494, "accuracy_max": 0.61333, "precision": 0.57871, "precision_std": 0.01889, "recall": 0.75962, "recall_std": 0.09173, "f1": 0.65443, "f1_std": 0.03537, "auc": 0.586, "auc_std": 0.00867}
{"epoch": 58, "time_epoch": 2.06989, "time_epoch_std": 0.28723, "eta": 91.10582, "eta_std": 11.15215, "eta_hours": 0.02531, "eta_hours_std": 0.0031, "loss": 0.67793, "loss_std": 0.00639, "lr": 0.00038, "lr_std": 0.0, "params": 6251.0, "params_std": 0.0, "time_iter": 0.05447, "time_iter_std": 0.00756, "accuracy": 0.58833, "accuracy_std": 0.00553, "accuracy_max": 0.59333, "precision": 0.58175, "precision_std": 0.00672, "recall": 0.74359, "recall_std": 0.03511, "f1": 0.65229, "f1_std": 0.01094, "auc": 0.60354, "auc_std": 0.04641}
{"epoch": 59, "time_epoch": 2.11137, "time_epoch_std": 0.30573, "eta": 88.80991, "eta_std": 10.88085, "eta_hours": 0.02467, "eta_hours_std": 0.00302, "loss": 0.68418, "loss_std": 0.00558, "lr": 0.00036, "lr_std": 0.0, "params": 6251.0, "params_std": 0.0, "time_iter": 0.05556, "time_iter_std": 0.00804, "accuracy": 0.545, "accuracy_std": 0.00986, "accuracy_max": 0.56, "precision": 0.55137, "precision_std": 0.00707, "recall": 0.66988, "recall_std": 0.02102, "f1": 0.6048, "f1_std": 0.01207, "auc": 0.569, "auc_std": 0.03206}
{"epoch": 60, "time_epoch": 2.1675, "time_epoch_std": 0.28378, "eta": 86.55594, "eta_std": 10.61231, "eta_hours": 0.02404, "eta_hours_std": 0.00295, "loss": 0.68538, "loss_std": 0.00924, "lr": 0.00035, "lr_std": 0.0, "params": 6251.0, "params_std": 0.0, "time_iter": 0.05704, "time_iter_std": 0.00747, "accuracy": 0.56, "accuracy_std": 0.02868, "accuracy_max": 0.60667, "precision": 0.56238, "precision_std": 0.02405, "recall": 0.69872, "recall_std": 0.02126, "f1": 0.62302, "f1_std": 0.02123, "auc": 0.55556, "auc_std": 0.04016}
{"epoch": 61, "time_epoch": 2.10397, "time_epoch_std": 0.28621, "eta": 84.26582, "eta_std": 10.33943, "eta_hours": 0.02341, "eta_hours_std": 0.00287, "loss": 0.67724, "loss_std": 0.00651, "lr": 0.00033, "lr_std": 0.0, "params": 6251.0, "params_std": 0.0, "time_iter": 0.05537, "time_iter_std": 0.00753, "accuracy": 0.58666, "accuracy_std": 0.02708, "accuracy_max": 0.61333, "precision": 0.5822, "precision_std": 0.02376, "recall": 0.73398, "recall_std": 0.01665, "f1": 0.64898, "f1_std": 0.01619, "auc": 0.59272, "auc_std": 0.03283}
{"epoch": 62, "time_epoch": 2.17428, "time_epoch_std": 0.29294, "eta": 82.0229, "eta_std": 10.07716, "eta_hours": 0.02278, "eta_hours_std": 0.0028, "loss": 0.6864, "loss_std": 0.00489, "lr": 0.00032, "lr_std": 0.0, "params": 6251.0, "params_std": 0.0, "time_iter": 0.05722, "time_iter_std": 0.00771, "accuracy": 0.56334, "accuracy_std": 0.01915, "accuracy_max": 0.59333, "precision": 0.56154, "precision_std": 0.01227, "recall": 0.72756, "recall_std": 0.03886, "f1": 0.63368, "f1_std": 0.02228, "auc": 0.54327, "auc_std": 0.02149}
{"epoch": 63, "time_epoch": 2.31402, "time_epoch_std": 0.50417, "eta": 79.86073, "eta_std": 9.90284, "eta_hours": 0.02218, "eta_hours_std": 0.00275, "loss": 0.68243, "loss_std": 0.0097, "lr": 0.0003, "lr_std": 0.0, "params": 6251.0, "params_std": 0.0, "time_iter": 0.0609, "time_iter_std": 0.01326, "accuracy": 0.56833, "accuracy_std": 0.04093, "accuracy_max": 0.63333, "precision": 0.56456, "precision_std": 0.02956, "recall": 0.74038, "recall_std": 0.04743, "f1": 0.64054, "f1_std": 0.03622, "auc": 0.57902, "auc_std": 0.03689}
{"epoch": 64, "time_epoch": 2.16172, "time_epoch_std": 0.33014, "eta": 77.61188, "eta_std": 9.62798, "eta_hours": 0.02156, "eta_hours_std": 0.00268, "loss": 0.68623, "loss_std": 0.0069, "lr": 0.00029, "lr_std": 0.0, "params": 6251.0, "params_std": 0.0, "time_iter": 0.05689, "time_iter_std": 0.00869, "accuracy": 0.54667, "accuracy_std": 0.033, "accuracy_max": 0.58667, "precision": 0.54954, "precision_std": 0.02386, "recall": 0.70192, "recall_std": 0.05315, "f1": 0.61624, "f1_std": 0.03537, "auc": 0.55533, "auc_std": 0.03734}
{"epoch": 65, "time_epoch": 2.1672, "time_epoch_std": 0.31796, "eta": 75.3685, "eta_std": 9.35159, "eta_hours": 0.02093, "eta_hours_std": 0.0026, "loss": 0.69009, "loss_std": 0.00609, "lr": 0.00027, "lr_std": 0.0, "params": 6251.0, "params_std": 0.0, "time_iter": 0.05703, "time_iter_std": 0.00837, "accuracy": 0.50666, "accuracy_std": 0.01826, "accuracy_max": 0.53333, "precision": 0.51954, "precision_std": 0.0127, "recall": 0.66346, "recall_std": 0.04567, "f1": 0.58247, "f1_std": 0.0255, "auc": 0.53143, "auc_std": 0.03068}
{"epoch": 66, "time_epoch": 2.23494, "time_epoch_std": 0.48644, "eta": 73.16075, "eta_std": 9.16032, "eta_hours": 0.02032, "eta_hours_std": 0.00254, "loss": 0.68088, "loss_std": 0.00904, "lr": 0.00026, "lr_std": 0.0, "params": 6251.0, "params_std": 0.0, "time_iter": 0.05881, "time_iter_std": 0.0128, "accuracy": 0.55167, "accuracy_std": 0.03602, "accuracy_max": 0.60667, "precision": 0.55322, "precision_std": 0.02768, "recall": 0.72116, "recall_std": 0.02776, "f1": 0.62605, "f1_std": 0.02757, "auc": 0.56829, "auc_std": 0.04848}
{"epoch": 67, "time_epoch": 2.29206, "time_epoch_std": 0.29432, "eta": 70.97909, "eta_std": 8.86507, "eta_hours": 0.01972, "eta_hours_std": 0.00246, "loss": 0.68138, "loss_std": 0.00796, "lr": 0.00025, "lr_std": 0.0, "params": 6251.0, "params_std": 0.0, "time_iter": 0.06032, "time_iter_std": 0.00775, "accuracy": 0.55667, "accuracy_std": 0.02769, "accuracy_max": 0.58667, "precision": 0.55662, "precision_std": 0.02176, "recall": 0.73077, "recall_std": 0.02398, "f1": 0.63169, "f1_std": 0.01964, "auc": 0.56664, "auc_std": 0.04401}
{"epoch": 68, "time_epoch": 2.20594, "time_epoch_std": 0.30651, "eta": 68.75553, "eta_std": 8.59788, "eta_hours": 0.0191, "eta_hours_std": 0.00239, "loss": 0.68237, "loss_std": 0.00733, "lr": 0.00023, "lr_std": 0.0, "params": 6251.0, "params_std": 0.0, "time_iter": 0.05805, "time_iter_std": 0.00807, "accuracy": 0.55833, "accuracy_std": 0.02764, "accuracy_max": 0.58667, "precision": 0.55743, "precision_std": 0.01995, "recall": 0.73077, "recall_std": 0.03268, "f1": 0.63234, "f1_std": 0.02403, "auc": 0.56401, "auc_std": 0.0314}
{"epoch": 69, "time_epoch": 2.1939, "time_epoch_std": 0.25922, "eta": 66.52732, "eta_std": 8.31227, "eta_hours": 0.01848, "eta_hours_std": 0.00231, "loss": 0.68396, "loss_std": 0.00231, "lr": 0.00022, "lr_std": 0.0, "params": 6251.0, "params_std": 0.0, "time_iter": 0.05773, "time_iter_std": 0.00682, "accuracy": 0.55, "accuracy_std": 0.02186, "accuracy_max": 0.58667, "precision": 0.55123, "precision_std": 0.0148, "recall": 0.72116, "recall_std": 0.03555, "f1": 0.62472, "f1_std": 0.02215, "auc": 0.5661, "auc_std": 0.01076}
{"epoch": 70, "time_epoch": 2.10013, "time_epoch_std": 0.29513, "eta": 64.26176, "eta_std": 8.03306, "eta_hours": 0.01785, "eta_hours_std": 0.00223, "loss": 0.68373, "loss_std": 0.00208, "lr": 0.00021, "lr_std": 0.0, "params": 6251.0, "params_std": 0.0, "time_iter": 0.05527, "time_iter_std": 0.00776, "accuracy": 0.55166, "accuracy_std": 0.03571, "accuracy_max": 0.58667, "precision": 0.55346, "precision_std": 0.02741, "recall": 0.72436, "recall_std": 0.03899, "f1": 0.62692, "f1_std": 0.02636, "auc": 0.56455, "auc_std": 0.00362}
{"epoch": 71, "time_epoch": 2.08804, "time_epoch_std": 0.26395, "eta": 61.99611, "eta_std": 7.74489, "eta_hours": 0.01722, "eta_hours_std": 0.00215, "loss": 0.68596, "loss_std": 0.01482, "lr": 0.00019, "lr_std": 0.0, "params": 6251.0, "params_std": 0.0, "time_iter": 0.05494, "time_iter_std": 0.00695, "accuracy": 0.55167, "accuracy_std": 0.02958, "accuracy_max": 0.58667, "precision": 0.55374, "precision_std": 0.02161, "recall": 0.70513, "recall_std": 0.04252, "f1": 0.62023, "f1_std": 0.02971, "auc": 0.55743, "auc_std": 0.07332}
{"epoch": 72, "time_epoch": 2.18186, "time_epoch_std": 0.23061, "eta": 59.77002, "eta_std": 7.43489, "eta_hours": 0.0166, "eta_hours_std": 0.00206, "loss": 0.68032, "loss_std": 0.00453, "lr": 0.00018, "lr_std": 0.0, "params": 6251.0, "params_std": 0.0, "time_iter": 0.05742, "time_iter_std": 0.00607, "accuracy": 0.565, "accuracy_std": 0.02467, "accuracy_max": 0.6, "precision": 0.55977, "precision_std": 0.01682, "recall": 0.76602, "recall_std": 0.0399, "f1": 0.64655, "f1_std": 0.02221, "auc": 0.58271, "auc_std": 0.01477}
{"epoch": 73, "time_epoch": 2.1296, "time_epoch_std": 0.25264, "eta": 57.52677, "eta_std": 7.14732, "eta_hours": 0.01598, "eta_hours_std": 0.00198, "loss": 0.68333, "loss_std": 0.00991, "lr": 0.00017, "lr_std": 0.0, "params": 6251.0, "params_std": 0.0, "time_iter": 0.05604, "time_iter_std": 0.00665, "accuracy": 0.555, "accuracy_std": 0.03571, "accuracy_max": 0.6, "precision": 0.55306, "precision_std": 0.02558, "recall": 0.75, "recall_std": 0.04203, "f1": 0.63655, "f1_std": 0.03126, "auc": 0.558, "auc_std": 0.04202}
{"epoch": 74, "time_epoch": 2.15708, "time_epoch_std": 0.28457, "eta": 55.2957, "eta_std": 6.87272, "eta_hours": 0.01536, "eta_hours_std": 0.00191, "loss": 0.68795, "loss_std": 0.00966, "lr": 0.00016, "lr_std": 0.0, "params": 6251.0, "params_std": 0.0, "time_iter": 0.05676, "time_iter_std": 0.00749, "accuracy": 0.53667, "accuracy_std": 0.02688, "accuracy_max": 0.56667, "precision": 0.54172, "precision_std": 0.01944, "recall": 0.70192, "recall_std": 0.03779, "f1": 0.61145, "f1_std": 0.02676, "auc": 0.54069, "auc_std": 0.04578}
{"epoch": 75, "time_epoch": 2.09421, "time_epoch_std": 0.29823, "eta": 53.04673, "eta_std": 6.60055, "eta_hours": 0.01474, "eta_hours_std": 0.00183, "loss": 0.68316, "loss_std": 0.01202, "lr": 0.00015, "lr_std": 0.0, "params": 6251.0, "params_std": 0.0, "time_iter": 0.05511, "time_iter_std": 0.00785, "accuracy": 0.54833, "accuracy_std": 0.0433, "accuracy_max": 0.61333, "precision": 0.54955, "precision_std": 0.03023, "recall": 0.72116, "recall_std": 0.05901, "f1": 0.62353, "f1_std": 0.04068, "auc": 0.56615, "auc_std": 0.05837}
{"epoch": 76, "time_epoch": 2.11377, "time_epoch_std": 0.29043, "eta": 50.80762, "eta_std": 6.32602, "eta_hours": 0.01411, "eta_hours_std": 0.00176, "loss": 0.67932, "loss_std": 0.00677, "lr": 0.00014, "lr_std": 0.0, "params": 6251.0, "params_std": 0.0, "time_iter": 0.05562, "time_iter_std": 0.00764, "accuracy": 0.56167, "accuracy_std": 0.02764, "accuracy_max": 0.58667, "precision": 0.56077, "precision_std": 0.0219, "recall": 0.73398, "recall_std": 0.02462, "f1": 0.63538, "f1_std": 0.01713, "auc": 0.58431, "auc_std": 0.03844}
{"epoch": 77, "time_epoch": 2.1084, "time_epoch_std": 0.26673, "eta": 48.57021, "eta_std": 6.04367, "eta_hours": 0.01349, "eta_hours_std": 0.00168, "loss": 0.67648, "loss_std": 0.00446, "lr": 0.00012, "lr_std": 0.0, "params": 6251.0, "params_std": 0.0, "time_iter": 0.05549, "time_iter_std": 0.00702, "accuracy": 0.59334, "accuracy_std": 0.02261, "accuracy_max": 0.62, "precision": 0.58527, "precision_std": 0.01614, "recall": 0.7468, "recall_std": 0.03668, "f1": 0.65606, "f1_std": 0.0227, "auc": 0.58916, "auc_std": 0.03165}
{"epoch": 78, "time_epoch": 2.13388, "time_epoch_std": 0.27487, "eta": 46.34284, "eta_std": 5.76858, "eta_hours": 0.01287, "eta_hours_std": 0.0016, "loss": 0.691, "loss_std": 0.00722, "lr": 0.00011, "lr_std": 0.0, "params": 6251.0, "params_std": 0.0, "time_iter": 0.05616, "time_iter_std": 0.00723, "accuracy": 0.52833, "accuracy_std": 0.03105, "accuracy_max": 0.57333, "precision": 0.53514, "precision_std": 0.02219, "recall": 0.71154, "recall_std": 0.03792, "f1": 0.61059, "f1_std": 0.0257, "auc": 0.51625, "auc_std": 0.04576}
{"epoch": 79, "time_epoch": 2.06833, "time_epoch_std": 0.31827, "eta": 44.10142, "eta_std": 5.49949, "eta_hours": 0.01225, "eta_hours_std": 0.00153, "loss": 0.67819, "loss_std": 0.00889, "lr": 0.0001, "lr_std": 0.0, "params": 6251.0, "params_std": 0.0, "time_iter": 0.05443, "time_iter_std": 0.00838, "accuracy": 0.575, "accuracy_std": 0.03955, "accuracy_max": 0.64, "precision": 0.56856, "precision_std": 0.03241, "recall": 0.77244, "recall_std": 0.01665, "f1": 0.65456, "f1_std": 0.02411, "auc": 0.59553, "auc_std": 0.02907}
{"epoch": 80, "time_epoch": 2.10022, "time_epoch_std": 0.29005, "eta": 41.87176, "eta_std": 5.22182, "eta_hours": 0.01163, "eta_hours_std": 0.00145, "loss": 0.67986, "loss_std": 0.00582, "lr": 0.0001, "lr_std": 0.0, "params": 6251.0, "params_std": 0.0, "time_iter": 0.05527, "time_iter_std": 0.00763, "accuracy": 0.56833, "accuracy_std": 0.0128, "accuracy_max": 0.58, "precision": 0.5642, "precision_std": 0.01051, "recall": 0.75, "recall_std": 0.03792, "f1": 0.64343, "f1_std": 0.01376, "auc": 0.57617, "auc_std": 0.02015}
{"epoch": 81, "time_epoch": 2.08896, "time_epoch_std": 0.30224, "eta": 39.64278, "eta_std": 4.94882, "eta_hours": 0.01101, "eta_hours_std": 0.00138, "loss": 0.68427, "loss_std": 0.00525, "lr": 9e-05, "lr_std": 0.0, "params": 6251.0, "params_std": 0.0, "time_iter": 0.05497, "time_iter_std": 0.00795, "accuracy": 0.55166, "accuracy_std": 0.01093, "accuracy_max": 0.56, "precision": 0.55316, "precision_std": 0.00969, "recall": 0.72116, "recall_std": 0.0292, "f1": 0.6257, "f1_std": 0.00985, "auc": 0.55315, "auc_std": 0.02552}
{"epoch": 82, "time_epoch": 2.07035, "time_epoch_std": 0.29339, "eta": 37.41336, "eta_std": 4.67231, "eta_hours": 0.01039, "eta_hours_std": 0.0013, "loss": 0.67942, "loss_std": 0.0129, "lr": 8e-05, "lr_std": 0.0, "params": 6251.0, "params_std": 0.0, "time_iter": 0.05448, "time_iter_std": 0.00772, "accuracy": 0.57, "accuracy_std": 0.0393, "accuracy_max": 0.63333, "precision": 0.56689, "precision_std": 0.0323, "recall": 0.75, "recall_std": 0.02126, "f1": 0.64516, "f1_std": 0.02351, "auc": 0.56842, "auc_std": 0.05642}
{"epoch": 83, "time_epoch": 2.10339, "time_epoch_std": 0.29529, "eta": 35.19402, "eta_std": 4.39831, "eta_hours": 0.00978, "eta_hours_std": 0.00122, "loss": 0.6824, "loss_std": 0.00798, "lr": 7e-05, "lr_std": 0.0, "params": 6251.0, "params_std": 0.0, "time_iter": 0.05535, "time_iter_std": 0.00777, "accuracy": 0.54333, "accuracy_std": 0.03037, "accuracy_max": 0.59333, "precision": 0.54667, "precision_std": 0.02372, "recall": 0.72116, "recall_std": 0.03057, "f1": 0.62161, "f1_std": 0.02271, "auc": 0.57247, "auc_std": 0.0398}
{"epoch": 84, "time_epoch": 2.14492, "time_epoch_std": 0.28001, "eta": 32.98474, "eta_std": 4.12337, "eta_hours": 0.00916, "eta_hours_std": 0.00115, "loss": 0.68115, "loss_std": 0.00824, "lr": 6e-05, "lr_std": 0.0, "params": 6251.0, "params_std": 0.0, "time_iter": 0.05645, "time_iter_std": 0.00737, "accuracy": 0.55333, "accuracy_std": 0.03496, "accuracy_max": 0.6, "precision": 0.55561, "precision_std": 0.02732, "recall": 0.71154, "recall_std": 0.03452, "f1": 0.62366, "f1_std": 0.02701, "auc": 0.57185, "auc_std": 0.04106}
{"epoch": 85, "time_epoch": 2.107, "time_epoch_std": 0.27122, "eta": 30.77078, "eta_std": 3.84639, "eta_hours": 0.00855, "eta_hours_std": 0.00107, "loss": 0.67451, "loss_std": 0.00955, "lr": 5e-05, "lr_std": 0.0, "params": 6251.0, "params_std": 0.0, "time_iter": 0.05545, "time_iter_std": 0.00714, "accuracy": 0.56333, "accuracy_std": 0.04123, "accuracy_max": 0.6, "precision": 0.56004, "precision_std": 0.02865, "recall": 0.7468, "recall_std": 0.05542, "f1": 0.63966, "f1_std": 0.03659, "auc": 0.60345, "auc_std": 0.03985}
{"epoch": 86, "time_epoch": 2.11718, "time_epoch_std": 0.27844, "eta": 28.56081, "eta_std": 3.57103, "eta_hours": 0.00793, "eta_hours_std": 0.00099, "loss": 0.67867, "loss_std": 0.01021, "lr": 5e-05, "lr_std": 0.0, "params": 6251.0, "params_std": 0.0, "time_iter": 0.05572, "time_iter_std": 0.00733, "accuracy": 0.56833, "accuracy_std": 0.03539, "accuracy_max": 0.62, "precision": 0.56367, "precision_std": 0.02444, "recall": 0.75, "recall_std": 0.04667, "f1": 0.64342, "f1_std": 0.03181, "auc": 0.58271, "auc_std": 0.05025}
{"epoch": 87, "time_epoch": 2.09332, "time_epoch_std": 0.33313, "eta": 26.34969, "eta_std": 3.30271, "eta_hours": 0.00732, "eta_hours_std": 0.00092, "loss": 0.6863, "loss_std": 0.00446, "lr": 4e-05, "lr_std": 0.0, "params": 6251.0, "params_std": 0.0, "time_iter": 0.05508, "time_iter_std": 0.00877, "accuracy": 0.555, "accuracy_std": 0.01848, "accuracy_max": 0.58667, "precision": 0.55448, "precision_std": 0.01121, "recall": 0.73077, "recall_std": 0.05514, "f1": 0.62986, "f1_std": 0.0257, "auc": 0.55841, "auc_std": 0.02845}
{"epoch": 88, "time_epoch": 2.17555, "time_epoch_std": 0.3412, "eta": 24.15138, "eta_std": 3.03514, "eta_hours": 0.00671, "eta_hours_std": 0.00084, "loss": 0.68155, "loss_std": 0.00969, "lr": 4e-05, "lr_std": 0.0, "params": 6251.0, "params_std": 0.0, "time_iter": 0.05725, "time_iter_std": 0.00898, "accuracy": 0.58833, "accuracy_std": 0.01724, "accuracy_max": 0.60667, "precision": 0.57975, "precision_std": 0.01358, "recall": 0.75962, "recall_std": 0.03779, "f1": 0.65712, "f1_std": 0.01714, "auc": 0.5718, "auc_std": 0.03748}
{"epoch": 89, "time_epoch": 2.10139, "time_epoch_std": 0.31149, "eta": 21.94533, "eta_std": 2.76166, "eta_hours": 0.0061, "eta_hours_std": 0.00077, "loss": 0.68287, "loss_std": 0.00219, "lr": 3e-05, "lr_std": 0.0, "params": 6251.0, "params_std": 0.0, "time_iter": 0.0553, "time_iter_std": 0.0082, "accuracy": 0.56, "accuracy_std": 0.01826, "accuracy_max": 0.58667, "precision": 0.55821, "precision_std": 0.01438, "recall": 0.74038, "recall_std": 0.01063, "f1": 0.63646, "f1_std": 0.0121, "auc": 0.54914, "auc_std": 0.01845}
{"epoch": 90, "time_epoch": 2.09138, "time_epoch_std": 0.28067, "eta": 19.7406, "eta_std": 2.48472, "eta_hours": 0.00548, "eta_hours_std": 0.00069, "loss": 0.6843, "loss_std": 0.00911, "lr": 2e-05, "lr_std": 0.0, "params": 6251.0, "params_std": 0.0, "time_iter": 0.05504, "time_iter_std": 0.00739, "accuracy": 0.55333, "accuracy_std": 0.017, "accuracy_max": 0.57333, "precision": 0.55609, "precision_std": 0.01554, "recall": 0.70834, "recall_std": 0.03189, "f1": 0.62239, "f1_std": 0.0113, "auc": 0.56139, "auc_std": 0.04182}
{"epoch": 91, "time_epoch": 2.13193, "time_epoch_std": 0.26561, "eta": 17.54185, "eta_std": 2.20717, "eta_hours": 0.00487, "eta_hours_std": 0.00062, "loss": 0.67497, "loss_std": 0.00456, "lr": 2e-05, "lr_std": 0.0, "params": 6251.0, "params_std": 0.0, "time_iter": 0.0561, "time_iter_std": 0.00699, "accuracy": 0.58333, "accuracy_std": 0.00745, "accuracy_max": 0.59333, "precision": 0.57513, "precision_std": 0.00737, "recall": 0.76282, "recall_std": 0.03452, "f1": 0.65537, "f1_std": 0.01098, "auc": 0.60105, "auc_std": 0.00808}
{"epoch": 92, "time_epoch": 2.17017, "time_epoch_std": 0.26971, "eta": 15.34742, "eta_std": 1.93018, "eta_hours": 0.00426, "eta_hours_std": 0.00054, "loss": 0.67568, "loss_std": 0.00744, "lr": 2e-05, "lr_std": 0.0, "params": 6251.0, "params_std": 0.0, "time_iter": 0.05711, "time_iter_std": 0.0071, "accuracy": 0.565, "accuracy_std": 0.03444, "accuracy_max": 0.59333, "precision": 0.56396, "precision_std": 0.0253, "recall": 0.71795, "recall_std": 0.0471, "f1": 0.6315, "f1_std": 0.03272, "auc": 0.59558, "auc_std": 0.03204}
{"epoch": 93, "time_epoch": 2.11112, "time_epoch_std": 0.25125, "eta": 13.14974, "eta_std": 1.65272, "eta_hours": 0.00366, "eta_hours_std": 0.00046, "loss": 0.682, "loss_std": 0.00501, "lr": 1e-05, "lr_std": 0.0, "params": 6251.0, "params_std": 0.0, "time_iter": 0.05556, "time_iter_std": 0.00661, "accuracy": 0.56833, "accuracy_std": 0.01658, "accuracy_max": 0.58, "precision": 0.56534, "precision_std": 0.01, "recall": 0.73077, "recall_std": 0.0471, "f1": 0.63711, "f1_std": 0.0241, "auc": 0.56139, "auc_std": 0.01969}
{"epoch": 94, "time_epoch": 2.1522, "time_epoch_std": 0.27278, "eta": 10.95604, "eta_std": 1.37689, "eta_hours": 0.00304, "eta_hours_std": 0.00038, "loss": 0.68435, "loss_std": 0.00552, "lr": 1e-05, "lr_std": 0.0, "params": 6251.0, "params_std": 0.0, "time_iter": 0.05664, "time_iter_std": 0.00718, "accuracy": 0.53333, "accuracy_std": 0.00471, "accuracy_max": 0.54, "precision": 0.54007, "precision_std": 0.00472, "recall": 0.69552, "recall_std": 0.04996, "f1": 0.6071, "f1_std": 0.0175, "auc": 0.55836, "auc_std": 0.02526}
{"epoch": 95, "time_epoch": 2.11877, "time_epoch_std": 0.26391, "eta": 8.76181, "eta_std": 1.10082, "eta_hours": 0.00243, "eta_hours_std": 0.00031, "loss": 0.67732, "loss_std": 0.00591, "lr": 1e-05, "lr_std": 0.0, "params": 6251.0, "params_std": 0.0, "time_iter": 0.05576, "time_iter_std": 0.00695, "accuracy": 0.57833, "accuracy_std": 0.02179, "accuracy_max": 0.61333, "precision": 0.57303, "precision_std": 0.01589, "recall": 0.74359, "recall_std": 0.05047, "f1": 0.64653, "f1_std": 0.02415, "auc": 0.58636, "auc_std": 0.02957}
{"epoch": 96, "time_epoch": 2.18188, "time_epoch_std": 0.28535, "eta": 6.5711, "eta_std": 0.8257, "eta_hours": 0.00182, "eta_hours_std": 0.00023, "loss": 0.6675, "loss_std": 0.00658, "lr": 0.0, "lr_std": 0.0, "params": 6251.0, "params_std": 0.0, "time_iter": 0.05742, "time_iter_std": 0.00751, "accuracy": 0.60833, "accuracy_std": 0.01443, "accuracy_max": 0.62667, "precision": 0.59454, "precision_std": 0.01588, "recall": 0.78205, "recall_std": 0.03626, "f1": 0.67479, "f1_std": 0.01043, "auc": 0.64098, "auc_std": 0.02382}
{"epoch": 97, "time_epoch": 2.34151, "time_epoch_std": 0.38453, "eta": 4.38382, "eta_std": 0.54966, "eta_hours": 0.00122, "eta_hours_std": 0.00015, "loss": 0.67776, "loss_std": 0.00571, "lr": 0.0, "lr_std": 0.0, "params": 6251.0, "params_std": 0.0, "time_iter": 0.06162, "time_iter_std": 0.01012, "accuracy": 0.57166, "accuracy_std": 0.00726, "accuracy_max": 0.58, "precision": 0.56918, "precision_std": 0.0068, "recall": 0.72756, "recall_std": 0.04288, "f1": 0.63804, "f1_std": 0.01484, "auc": 0.59357, "auc_std": 0.01194}
{"epoch": 98, "time_epoch": 2.13962, "time_epoch_std": 0.29302, "eta": 2.19138, "eta_std": 0.27494, "eta_hours": 0.00061, "eta_hours_std": 8e-05, "loss": 0.6849, "loss_std": 0.01343, "lr": 0.0, "lr_std": 0.0, "params": 6251.0, "params_std": 0.0, "time_iter": 0.0563, "time_iter_std": 0.00771, "accuracy": 0.56666, "accuracy_std": 0.05715, "accuracy_max": 0.65333, "precision": 0.5618, "precision_std": 0.03841, "recall": 0.74038, "recall_std": 0.08327, "f1": 0.63854, "f1_std": 0.0555, "auc": 0.56223, "auc_std": 0.05841}
{"epoch": 99, "time_epoch": 2.07482, "time_epoch_std": 0.27286, "eta": 0.0, "eta_std": 0.0, "eta_hours": 0.0, "eta_hours_std": 0.0, "loss": 0.68338, "loss_std": 0.00597, "lr": 0.0, "lr_std": 0.0, "params": 6251.0, "params_std": 0.0, "time_iter": 0.0546, "time_iter_std": 0.00718, "accuracy": 0.55167, "accuracy_std": 0.0119, "accuracy_max": 0.56667, "precision": 0.55276, "precision_std": 0.00909, "recall": 0.72436, "recall_std": 0.03682, "f1": 0.62656, "f1_std": 0.01487, "auc": 0.55938, "auc_std": 0.03314}
