{"epoch": 0, "time_epoch": 27.67932, "eta": 2740.25288, "eta_hours": 0.76118, "loss": 0.67046914, "lr": 0.001, "params": 5865, "time_iter": 0.21457, "accuracy": 0.60759, "precision": 0.60845, "recall": 0.61434, "f1": 0.61138, "auc": 0.64434}
{"epoch": 1, "time_epoch": 10.2204, "eta": 1857.08635, "eta_hours": 0.51586, "loss": 0.64097051, "lr": 0.00099975, "params": 5865, "time_iter": 0.07923, "accuracy": 0.64411, "precision": 0.64485, "recall": 0.64922, "f1": 0.64703, "auc": 0.68857}
{"epoch": 2, "time_epoch": 10.31761, "eta": 1559.02717, "eta_hours": 0.43306, "loss": 0.63007266, "lr": 0.00099901, "params": 5865, "time_iter": 0.07998, "accuracy": 0.64654, "precision": 0.65741, "recall": 0.61919, "f1": 0.63772, "auc": 0.70059}
{"epoch": 3, "time_epoch": 9.32705, "eta": 1381.06534, "eta_hours": 0.38363, "loss": 0.62765882, "lr": 0.00099778, "params": 5865, "time_iter": 0.0723, "accuracy": 0.65044, "precision": 0.67065, "recall": 0.59787, "f1": 0.63217, "auc": 0.703}
{"epoch": 4, "time_epoch": 9.97404, "eta": 1282.85012, "eta_hours": 0.35635, "loss": 0.62843647, "lr": 0.00099606, "params": 5865, "time_iter": 0.07732, "accuracy": 0.64752, "precision": 0.66524, "recall": 0.60078, "f1": 0.63136, "auc": 0.70168}
{"epoch": 5, "time_epoch": 9.53681, "eta": 1207.19869, "eta_hours": 0.33533, "loss": 0.6173162, "lr": 0.00099384, "params": 5865, "time_iter": 0.07393, "accuracy": 0.66407, "precision": 0.68427, "recall": 0.61531, "f1": 0.64796, "auc": 0.71778}
{"epoch": 6, "time_epoch": 9.53199, "eta": 1150.37313, "eta_hours": 0.31955, "loss": 0.61488048, "lr": 0.00099114, "params": 5865, "time_iter": 0.07389, "accuracy": 0.66553, "precision": 0.69274, "recall": 0.60078, "f1": 0.64349, "auc": 0.71987}
{"epoch": 7, "time_epoch": 10.90747, "eta": 1121.18905, "eta_hours": 0.31144, "loss": 0.61017271, "lr": 0.00098796, "params": 5865, "time_iter": 0.08455, "accuracy": 0.66553, "precision": 0.68489, "recall": 0.61919, "f1": 0.65038, "auc": 0.72394}
{"epoch": 8, "time_epoch": 9.32176, "eta": 1080.03314, "eta_hours": 0.30001, "loss": 0.60664237, "lr": 0.00098429, "params": 5865, "time_iter": 0.07226, "accuracy": 0.66553, "precision": 0.70128, "recall": 0.58236, "f1": 0.63632, "auc": 0.72449}
{"epoch": 9, "time_epoch": 9.91827, "eta": 1050.61264, "eta_hours": 0.29184, "loss": 0.60959798, "lr": 0.00098015, "params": 5865, "time_iter": 0.07689, "accuracy": 0.66845, "precision": 0.69875, "recall": 0.59787, "f1": 0.64439, "auc": 0.72528}
{"epoch": 10, "time_epoch": 8.87684, "eta": 1016.31188, "eta_hours": 0.28231, "loss": 0.60293828, "lr": 0.00097553, "params": 5865, "time_iter": 0.06881, "accuracy": 0.67429, "precision": 0.70696, "recall": 0.60078, "f1": 0.64955, "auc": 0.72913}
{"epoch": 11, "time_epoch": 9.7181, "eta": 992.4177, "eta_hours": 0.27567, "loss": 0.60472521, "lr": 0.00097044, "params": 5865, "time_iter": 0.07533, "accuracy": 0.66212, "precision": 0.67865, "recall": 0.62209, "f1": 0.64914, "auc": 0.73039}
{"epoch": 12, "time_epoch": 9.27422, "eta": 967.73382, "eta_hours": 0.26881, "loss": 0.5986323, "lr": 0.00096489, "params": 5865, "time_iter": 0.07189, "accuracy": 0.67722, "precision": 0.70387, "recall": 0.61725, "f1": 0.65772, "auc": 0.7387}
{"epoch": 13, "time_epoch": 9.03128, "eta": 943.75896, "eta_hours": 0.26216, "loss": 0.59902239, "lr": 0.00095888, "params": 5865, "time_iter": 0.07001, "accuracy": 0.67235, "precision": 0.68757, "recall": 0.6376, "f1": 0.66164, "auc": 0.73757}
{"epoch": 14, "time_epoch": 9.20558, "eta": 922.76431, "eta_hours": 0.25632, "loss": 0.58902891, "lr": 0.00095241, "params": 5865, "time_iter": 0.07136, "accuracy": 0.67819, "precision": 0.70273, "recall": 0.62306, "f1": 0.6605, "auc": 0.74696}
{"epoch": 15, "time_epoch": 9.56228, "eta": 905.11597, "eta_hours": 0.25142, "loss": 0.59312133, "lr": 0.0009455, "params": 5865, "time_iter": 0.07413, "accuracy": 0.67722, "precision": 0.69199, "recall": 0.64438, "f1": 0.66734, "auc": 0.74589}
{"epoch": 16, "time_epoch": 9.46268, "eta": 887.93262, "eta_hours": 0.24665, "loss": 0.5923131, "lr": 0.00093815, "params": 5865, "time_iter": 0.07335, "accuracy": 0.67089, "precision": 0.69518, "recall": 0.61434, "f1": 0.65226, "auc": 0.74345}
{"epoch": 17, "time_epoch": 9.51942, "eta": 871.86562, "eta_hours": 0.24218, "loss": 0.58958259, "lr": 0.00093037, "params": 5865, "time_iter": 0.07379, "accuracy": 0.67478, "precision": 0.70222, "recall": 0.6124, "f1": 0.65424, "auc": 0.74283}
{"epoch": 18, "time_epoch": 8.98394, "eta": 854.20502, "eta_hours": 0.23728, "loss": 0.58507062, "lr": 0.00092216, "params": 5865, "time_iter": 0.06964, "accuracy": 0.68403, "precision": 0.70308, "recall": 0.64244, "f1": 0.67139, "auc": 0.74959}
{"epoch": 19, "time_epoch": 9.57011, "eta": 839.75674, "eta_hours": 0.23327, "loss": 0.58435528, "lr": 0.00091354, "params": 5865, "time_iter": 0.07419, "accuracy": 0.6889, "precision": 0.70971, "recall": 0.64438, "f1": 0.67547, "auc": 0.75262}
{"epoch": 20, "time_epoch": 9.43977, "eta": 825.28274, "eta_hours": 0.22925, "loss": 0.58089466, "lr": 0.00090451, "params": 5865, "time_iter": 0.07318, "accuracy": 0.69036, "precision": 0.7037, "recall": 0.66279, "f1": 0.68263, "auc": 0.75702}
{"epoch": 21, "time_epoch": 10.00139, "eta": 813.2576, "eta_hours": 0.2259, "loss": 0.58532325, "lr": 0.00089508, "params": 5865, "time_iter": 0.07753, "accuracy": 0.68939, "precision": 0.6998, "recall": 0.6686, "f1": 0.68385, "auc": 0.75577}
{"epoch": 22, "time_epoch": 8.87689, "eta": 797.64381, "eta_hours": 0.22157, "loss": 0.58528488, "lr": 0.00088526, "params": 5865, "time_iter": 0.06881, "accuracy": 0.68987, "precision": 0.70051, "recall": 0.6686, "f1": 0.68418, "auc": 0.75234}
{"epoch": 23, "time_epoch": 9.99756, "eta": 786.1402, "eta_hours": 0.21837, "loss": 0.58033738, "lr": 0.00087506, "params": 5865, "time_iter": 0.0775, "accuracy": 0.68841, "precision": 0.69838, "recall": 0.6686, "f1": 0.68317, "auc": 0.75875}
{"epoch": 24, "time_epoch": 9.59268, "eta": 773.54244, "eta_hours": 0.21487, "loss": 0.580896, "lr": 0.00086448, "params": 5865, "time_iter": 0.07436, "accuracy": 0.68647, "precision": 0.69836, "recall": 0.66182, "f1": 0.6796, "auc": 0.75952}
{"epoch": 25, "time_epoch": 9.88326, "eta": 762.00288, "eta_hours": 0.21167, "loss": 0.57205947, "lr": 0.00085355, "params": 5865, "time_iter": 0.07661, "accuracy": 0.69279, "precision": 0.70649, "recall": 0.66473, "f1": 0.68497, "auc": 0.7673}
{"epoch": 26, "time_epoch": 8.97527, "eta": 748.13107, "eta_hours": 0.20781, "loss": 0.57848436, "lr": 0.00084227, "params": 5865, "time_iter": 0.06958, "accuracy": 0.69133, "precision": 0.70142, "recall": 0.67151, "f1": 0.68614, "auc": 0.76285}
{"epoch": 27, "time_epoch": 9.45512, "eta": 735.84292, "eta_hours": 0.2044, "loss": 0.58159976, "lr": 0.00083066, "params": 5865, "time_iter": 0.0733, "accuracy": 0.69377, "precision": 0.6997, "recall": 0.68411, "f1": 0.69182, "auc": 0.75926}
{"epoch": 28, "time_epoch": 9.50175, "eta": 723.8643, "eta_hours": 0.20107, "loss": 0.58211439, "lr": 0.00081871, "params": 5865, "time_iter": 0.07366, "accuracy": 0.67868, "precision": 0.68452, "recall": 0.6686, "f1": 0.67647, "auc": 0.75569}
{"epoch": 29, "time_epoch": 9.62661, "eta": 712.34216, "eta_hours": 0.19787, "loss": 0.57789063, "lr": 0.00080645, "params": 5865, "time_iter": 0.07462, "accuracy": 0.69328, "precision": 0.70679, "recall": 0.6657, "f1": 0.68563, "auc": 0.76401}
{"epoch": 30, "time_epoch": 9.68768, "eta": 701.07824, "eta_hours": 0.19474, "loss": 0.57832309, "lr": 0.00079389, "params": 5865, "time_iter": 0.0751, "accuracy": 0.68354, "precision": 0.68401, "recall": 0.68798, "f1": 0.68599, "auc": 0.76116}
{"epoch": 31, "time_epoch": 9.40719, "eta": 689.3168, "eta_hours": 0.19148, "loss": 0.57098602, "lr": 0.00078104, "params": 5865, "time_iter": 0.07292, "accuracy": 0.69328, "precision": 0.70262, "recall": 0.67539, "f1": 0.68874, "auc": 0.76831}
{"epoch": 32, "time_epoch": 9.28856, "eta": 677.45717, "eta_hours": 0.18818, "loss": 0.57473676, "lr": 0.00076791, "params": 5865, "time_iter": 0.072, "accuracy": 0.68695, "precision": 0.69509, "recall": 0.67151, "f1": 0.6831, "auc": 0.76695}
{"epoch": 33, "time_epoch": 9.00296, "eta": 665.19437, "eta_hours": 0.18478, "loss": 0.57446417, "lr": 0.00075452, "params": 5865, "time_iter": 0.06979, "accuracy": 0.69523, "precision": 0.71102, "recall": 0.66279, "f1": 0.68606, "auc": 0.76964}
{"epoch": 34, "time_epoch": 9.47303, "eta": 653.99086, "eta_hours": 0.18166, "loss": 0.57063958, "lr": 0.00074088, "params": 5865, "time_iter": 0.07343, "accuracy": 0.68841, "precision": 0.69758, "recall": 0.67054, "f1": 0.68379, "auc": 0.76918}
{"epoch": 35, "time_epoch": 9.63911, "eta": 643.17872, "eta_hours": 0.17866, "loss": 0.5694823, "lr": 0.000727, "params": 5865, "time_iter": 0.07472, "accuracy": 0.69766, "precision": 0.70612, "recall": 0.68217, "f1": 0.69394, "auc": 0.77366}
{"epoch": 36, "time_epoch": 9.68684, "eta": 632.51128, "eta_hours": 0.1757, "loss": 0.56926738, "lr": 0.00071289, "params": 5865, "time_iter": 0.07509, "accuracy": 0.69328, "precision": 0.70427, "recall": 0.67151, "f1": 0.6875, "auc": 0.77049}
{"epoch": 37, "time_epoch": 9.20884, "eta": 621.11554, "eta_hours": 0.17253, "loss": 0.56476396, "lr": 0.00069857, "params": 5865, "time_iter": 0.07139, "accuracy": 0.69961, "precision": 0.70896, "recall": 0.68217, "f1": 0.69531, "auc": 0.77482}
{"epoch": 38, "time_epoch": 9.99073, "eta": 611.05491, "eta_hours": 0.16974, "loss": 0.55737697, "lr": 0.00068406, "params": 5865, "time_iter": 0.07745, "accuracy": 0.70789, "precision": 0.71053, "recall": 0.7064, "f1": 0.70845, "auc": 0.78257}
{"epoch": 39, "time_epoch": 9.3385, "eta": 600.01943, "eta_hours": 0.16667, "loss": 0.56559906, "lr": 0.00066937, "params": 5865, "time_iter": 0.07239, "accuracy": 0.70107, "precision": 0.71327, "recall": 0.67733, "f1": 0.69483, "auc": 0.77917}
{"epoch": 40, "time_epoch": 9.03442, "eta": 588.62915, "eta_hours": 0.16351, "loss": 0.56773002, "lr": 0.00065451, "params": 5865, "time_iter": 0.07003, "accuracy": 0.70594, "precision": 0.71105, "recall": 0.69864, "f1": 0.70479, "auc": 0.77585}
{"epoch": 41, "time_epoch": 9.26921, "eta": 577.67528, "eta_hours": 0.16047, "loss": 0.5651496, "lr": 0.0006395, "params": 5865, "time_iter": 0.07185, "accuracy": 0.69864, "precision": 0.70754, "recall": 0.68217, "f1": 0.69462, "auc": 0.7787}
{"epoch": 42, "time_epoch": 9.81372, "eta": 567.52157, "eta_hours": 0.15764, "loss": 0.54850517, "lr": 0.00062434, "params": 5865, "time_iter": 0.07608, "accuracy": 0.70643, "precision": 0.70255, "recall": 0.72093, "f1": 0.71162, "auc": 0.79129}
{"epoch": 43, "time_epoch": 9.39496, "eta": 556.85033, "eta_hours": 0.15468, "loss": 0.56641171, "lr": 0.00060907, "params": 5865, "time_iter": 0.07283, "accuracy": 0.69426, "precision": 0.70528, "recall": 0.67248, "f1": 0.68849, "auc": 0.77688}
{"epoch": 44, "time_epoch": 9.77848, "eta": 546.70457, "eta_hours": 0.15186, "loss": 0.55531889, "lr": 0.00059369, "params": 5865, "time_iter": 0.0758, "accuracy": 0.70691, "precision": 0.715, "recall": 0.69283, "f1": 0.70374, "auc": 0.78527}
{"epoch": 45, "time_epoch": 9.1832, "eta": 535.87598, "eta_hours": 0.14885, "loss": 0.55897176, "lr": 0.00057822, "params": 5865, "time_iter": 0.07119, "accuracy": 0.7113, "precision": 0.71373, "recall": 0.71027, "f1": 0.712, "auc": 0.78447}
{"epoch": 46, "time_epoch": 9.59276, "eta": 525.57924, "eta_hours": 0.14599, "loss": 0.55174774, "lr": 0.00056267, "params": 5865, "time_iter": 0.07436, "accuracy": 0.72249, "precision": 0.73571, "recall": 0.69864, "f1": 0.7167, "auc": 0.79233}
{"epoch": 47, "time_epoch": 9.19299, "eta": 514.87876, "eta_hours": 0.14302, "loss": 0.55219307, "lr": 0.00054705, "params": 5865, "time_iter": 0.07126, "accuracy": 0.7147, "precision": 0.71906, "recall": 0.7093, "f1": 0.71415, "auc": 0.79073}
{"epoch": 48, "time_epoch": 9.69163, "eta": 504.75879, "eta_hours": 0.14021, "loss": 0.5536636, "lr": 0.0005314, "params": 5865, "time_iter": 0.07513, "accuracy": 0.7147, "precision": 0.71992, "recall": 0.70736, "f1": 0.71359, "auc": 0.78863}
{"epoch": 49, "time_epoch": 8.75511, "eta": 493.71944, "eta_hours": 0.13714, "loss": 0.5478211, "lr": 0.00051571, "params": 5865, "time_iter": 0.06787, "accuracy": 0.71714, "precision": 0.72261, "recall": 0.7093, "f1": 0.71589, "auc": 0.7946}
{"epoch": 50, "time_epoch": 9.19754, "eta": 483.19475, "eta_hours": 0.13422, "loss": 0.56056124, "lr": 0.0005, "params": 5865, "time_iter": 0.0713, "accuracy": 0.70448, "precision": 0.70854, "recall": 0.69961, "f1": 0.70405, "auc": 0.78176}
{"epoch": 51, "time_epoch": 9.61782, "eta": 473.10905, "eta_hours": 0.13142, "loss": 0.55197754, "lr": 0.00048429, "params": 5865, "time_iter": 0.07456, "accuracy": 0.71081, "precision": 0.71387, "recall": 0.70833, "f1": 0.71109, "auc": 0.79148}
{"epoch": 52, "time_epoch": 9.31383, "eta": 462.77143, "eta_hours": 0.12855, "loss": 0.5483528, "lr": 0.0004686, "params": 5865, "time_iter": 0.0722, "accuracy": 0.71616, "precision": 0.71649, "recall": 0.71996, "f1": 0.71822, "auc": 0.79137}
{"epoch": 53, "time_epoch": 9.29773, "eta": 452.45801, "eta_hours": 0.12568, "loss": 0.55269893, "lr": 0.00045295, "params": 5865, "time_iter": 0.07208, "accuracy": 0.7147, "precision": 0.7165, "recall": 0.71512, "f1": 0.71581, "auc": 0.79048}
{"epoch": 54, "time_epoch": 9.45609, "eta": 442.3111, "eta_hours": 0.12286, "loss": 0.55513046, "lr": 0.00043733, "params": 5865, "time_iter": 0.0733, "accuracy": 0.70643, "precision": 0.70255, "recall": 0.72093, "f1": 0.71162, "auc": 0.7874}
{"epoch": 55, "time_epoch": 9.45024, "eta": 432.18426, "eta_hours": 0.12005, "loss": 0.55092397, "lr": 0.00042178, "params": 5865, "time_iter": 0.07326, "accuracy": 0.71227, "precision": 0.7181, "recall": 0.70349, "f1": 0.71072, "auc": 0.79094}
{"epoch": 56, "time_epoch": 9.57115, "eta": 422.17237, "eta_hours": 0.11727, "loss": 0.5445142, "lr": 0.00040631, "params": 5865, "time_iter": 0.07419, "accuracy": 0.7259, "precision": 0.72526, "recall": 0.73159, "f1": 0.72841, "auc": 0.79865}
{"epoch": 57, "time_epoch": 8.72717, "eta": 411.56453, "eta_hours": 0.11432, "loss": 0.54035737, "lr": 0.00039093, "params": 5865, "time_iter": 0.06765, "accuracy": 0.72541, "precision": 0.72986, "recall": 0.71996, "f1": 0.72488, "auc": 0.80014}
{"epoch": 58, "time_epoch": 8.5513, "eta": 400.89822, "eta_hours": 0.11136, "loss": 0.53879486, "lr": 0.00037566, "params": 5865, "time_iter": 0.06629, "accuracy": 0.7259, "precision": 0.72355, "recall": 0.73547, "f1": 0.72946, "auc": 0.80443}
{"epoch": 59, "time_epoch": 9.5066, "eta": 390.93927, "eta_hours": 0.10859, "loss": 0.54109873, "lr": 0.0003605, "params": 5865, "time_iter": 0.07369, "accuracy": 0.72201, "precision": 0.71807, "recall": 0.73547, "f1": 0.72666, "auc": 0.79968}
{"epoch": 60, "time_epoch": 9.47348, "eta": 380.97398, "eta_hours": 0.10583, "loss": 0.54264013, "lr": 0.00034549, "params": 5865, "time_iter": 0.07344, "accuracy": 0.72249, "precision": 0.73864, "recall": 0.69283, "f1": 0.715, "auc": 0.80082}
{"epoch": 61, "time_epoch": 9.32834, "eta": 370.9356, "eta_hours": 0.10304, "loss": 0.54973393, "lr": 0.00033063, "params": 5865, "time_iter": 0.07231, "accuracy": 0.71665, "precision": 0.72277, "recall": 0.70736, "f1": 0.71499, "auc": 0.79046}
{"epoch": 62, "time_epoch": 9.27256, "eta": 360.887, "eta_hours": 0.10025, "loss": 0.53465633, "lr": 0.00031594, "params": 5865, "time_iter": 0.07188, "accuracy": 0.72833, "precision": 0.73373, "recall": 0.72093, "f1": 0.72727, "auc": 0.8052}
{"epoch": 63, "time_epoch": 9.68019, "eta": 351.09195, "eta_hours": 0.09753, "loss": 0.54253309, "lr": 0.00030143, "params": 5865, "time_iter": 0.07504, "accuracy": 0.71422, "precision": 0.72228, "recall": 0.70058, "f1": 0.71126, "auc": 0.79959}
{"epoch": 64, "time_epoch": 9.74176, "eta": 341.33359, "eta_hours": 0.09481, "loss": 0.545725, "lr": 0.00028711, "params": 5865, "time_iter": 0.07552, "accuracy": 0.7186, "precision": 0.72082, "recall": 0.71802, "f1": 0.71942, "auc": 0.79828}
{"epoch": 65, "time_epoch": 9.21025, "eta": 331.30191, "eta_hours": 0.09203, "loss": 0.53835183, "lr": 0.000273, "params": 5865, "time_iter": 0.0714, "accuracy": 0.73418, "precision": 0.73547, "recall": 0.73547, "f1": 0.73547, "auc": 0.80263}
{"epoch": 66, "time_epoch": 9.04449, "eta": 321.21312, "eta_hours": 0.08923, "loss": 0.53608807, "lr": 0.00025912, "params": 5865, "time_iter": 0.07011, "accuracy": 0.72541, "precision": 0.73636, "recall": 0.7064, "f1": 0.72107, "auc": 0.80572}
{"epoch": 67, "time_epoch": 9.13512, "eta": 311.19769, "eta_hours": 0.08644, "loss": 0.53896267, "lr": 0.00024548, "params": 5865, "time_iter": 0.07081, "accuracy": 0.72785, "precision": 0.73346, "recall": 0.71996, "f1": 0.72665, "auc": 0.80271}
{"epoch": 68, "time_epoch": 9.70081, "eta": 301.46192, "eta_hours": 0.08374, "loss": 0.53812454, "lr": 0.00023209, "params": 5865, "time_iter": 0.0752, "accuracy": 0.7259, "precision": 0.72701, "recall": 0.72771, "f1": 0.72736, "auc": 0.80167}
{"epoch": 69, "time_epoch": 9.78939, "eta": 291.76512, "eta_hours": 0.08105, "loss": 0.53852455, "lr": 0.00021896, "params": 5865, "time_iter": 0.07589, "accuracy": 0.72249, "precision": 0.72736, "recall": 0.71609, "f1": 0.72168, "auc": 0.80243}
{"epoch": 70, "time_epoch": 9.31799, "eta": 281.87317, "eta_hours": 0.0783, "loss": 0.53190032, "lr": 0.00020611, "params": 5865, "time_iter": 0.07223, "accuracy": 0.73174, "precision": 0.72883, "recall": 0.74225, "f1": 0.73548, "auc": 0.80913}
{"epoch": 71, "time_epoch": 9.51643, "eta": 272.07433, "eta_hours": 0.07558, "loss": 0.54143094, "lr": 0.00019355, "params": 5865, "time_iter": 0.07377, "accuracy": 0.72931, "precision": 0.72797, "recall": 0.73643, "f1": 0.73218, "auc": 0.80136}
{"epoch": 72, "time_epoch": 9.68963, "eta": 262.34729, "eta_hours": 0.07287, "loss": 0.52933772, "lr": 0.00018129, "params": 5865, "time_iter": 0.07511, "accuracy": 0.7332, "precision": 0.73866, "recall": 0.72578, "f1": 0.73216, "auc": 0.81141}
{"epoch": 73, "time_epoch": 9.44127, "eta": 252.534, "eta_hours": 0.07015, "loss": 0.5385873, "lr": 0.00016934, "params": 5865, "time_iter": 0.07319, "accuracy": 0.72541, "precision": 0.7326, "recall": 0.71415, "f1": 0.72326, "auc": 0.80418}
{"epoch": 74, "time_epoch": 8.66431, "eta": 242.47164, "eta_hours": 0.06735, "loss": 0.53184877, "lr": 0.00015773, "params": 5865, "time_iter": 0.06717, "accuracy": 0.72882, "precision": 0.73353, "recall": 0.72287, "f1": 0.72816, "auc": 0.80844}
{"epoch": 75, "time_epoch": 9.03236, "eta": 232.5623, "eta_hours": 0.0646, "loss": 0.5351514, "lr": 0.00014645, "params": 5865, "time_iter": 0.07002, "accuracy": 0.72687, "precision": 0.7203, "recall": 0.74612, "f1": 0.73298, "auc": 0.80648}
{"epoch": 76, "time_epoch": 8.84442, "eta": 222.6196, "eta_hours": 0.06184, "loss": 0.54394956, "lr": 0.00013552, "params": 5865, "time_iter": 0.06856, "accuracy": 0.72833, "precision": 0.72745, "recall": 0.7345, "f1": 0.73095, "auc": 0.7995}
{"epoch": 77, "time_epoch": 9.54377, "eta": 212.90231, "eta_hours": 0.05914, "loss": 0.53306853, "lr": 0.00012494, "params": 5865, "time_iter": 0.07398, "accuracy": 0.72931, "precision": 0.73152, "recall": 0.72868, "f1": 0.7301, "auc": 0.80635}
{"epoch": 78, "time_epoch": 8.78696, "eta": 202.98824, "eta_hours": 0.05639, "loss": 0.53833472, "lr": 0.00011474, "params": 5865, "time_iter": 0.06812, "accuracy": 0.71908, "precision": 0.71854, "recall": 0.72481, "f1": 0.72166, "auc": 0.80401}
{"epoch": 79, "time_epoch": 9.41847, "eta": 193.26022, "eta_hours": 0.05368, "loss": 0.53896831, "lr": 0.00010492, "params": 5865, "time_iter": 0.07301, "accuracy": 0.72785, "precision": 0.73209, "recall": 0.72287, "f1": 0.72745, "auc": 0.80218}
{"epoch": 80, "time_epoch": 9.58941, "eta": 183.57995, "eta_hours": 0.05099, "loss": 0.52991286, "lr": 9.549e-05, "params": 5865, "time_iter": 0.07434, "accuracy": 0.73223, "precision": 0.72865, "recall": 0.74419, "f1": 0.73634, "auc": 0.81119}
{"epoch": 81, "time_epoch": 9.23772, "eta": 173.82469, "eta_hours": 0.04828, "loss": 0.54451563, "lr": 8.646e-05, "params": 5865, "time_iter": 0.07161, "accuracy": 0.71957, "precision": 0.71756, "recall": 0.72868, "f1": 0.72308, "auc": 0.79601}
{"epoch": 82, "time_epoch": 9.33126, "eta": 164.10105, "eta_hours": 0.04558, "loss": 0.5373671, "lr": 7.784e-05, "params": 5865, "time_iter": 0.07234, "accuracy": 0.7259, "precision": 0.73103, "recall": 0.71899, "f1": 0.72496, "auc": 0.80397}
{"epoch": 83, "time_epoch": 9.52672, "eta": 154.424, "eta_hours": 0.0429, "loss": 0.53436662, "lr": 6.963e-05, "params": 5865, "time_iter": 0.07385, "accuracy": 0.73223, "precision": 0.72822, "recall": 0.74516, "f1": 0.73659, "auc": 0.80639}
{"epoch": 84, "time_epoch": 9.11736, "eta": 144.67824, "eta_hours": 0.04019, "loss": 0.53384034, "lr": 6.185e-05, "params": 5865, "time_iter": 0.07068, "accuracy": 0.73369, "precision": 0.73659, "recall": 0.73159, "f1": 0.73408, "auc": 0.80744}
{"epoch": 85, "time_epoch": 9.52609, "eta": 135.01363, "eta_hours": 0.0375, "loss": 0.53655234, "lr": 5.45e-05, "params": 5865, "time_iter": 0.07385, "accuracy": 0.72493, "precision": 0.72175, "recall": 0.73643, "f1": 0.72902, "auc": 0.80614}
{"epoch": 86, "time_epoch": 8.89233, "eta": 125.2575, "eta_hours": 0.03479, "loss": 0.52778677, "lr": 4.759e-05, "params": 5865, "time_iter": 0.06893, "accuracy": 0.73174, "precision": 0.73372, "recall": 0.73159, "f1": 0.73265, "auc": 0.81308}
{"epoch": 87, "time_epoch": 9.5086, "eta": 115.60505, "eta_hours": 0.03211, "loss": 0.53685284, "lr": 4.112e-05, "params": 5865, "time_iter": 0.07371, "accuracy": 0.73174, "precision": 0.72582, "recall": 0.74903, "f1": 0.73724, "auc": 0.80773}
{"epoch": 88, "time_epoch": 9.40925, "eta": 105.94355, "eta_hours": 0.02943, "loss": 0.5336278, "lr": 3.511e-05, "params": 5865, "time_iter": 0.07294, "accuracy": 0.72785, "precision": 0.72806, "recall": 0.73159, "f1": 0.72982, "auc": 0.806}
{"epoch": 89, "time_epoch": 9.52273, "eta": 96.30026, "eta_hours": 0.02675, "loss": 0.53198126, "lr": 2.956e-05, "params": 5865, "time_iter": 0.07382, "accuracy": 0.7371, "precision": 0.73473, "recall": 0.74612, "f1": 0.74038, "auc": 0.80894}
{"epoch": 90, "time_epoch": 9.26674, "eta": 86.63431, "eta_hours": 0.02407, "loss": 0.5362993, "lr": 2.447e-05, "params": 5865, "time_iter": 0.07184, "accuracy": 0.73077, "precision": 0.72573, "recall": 0.74612, "f1": 0.73579, "auc": 0.8052}
{"epoch": 91, "time_epoch": 9.11578, "eta": 76.9639, "eta_hours": 0.02138, "loss": 0.53501639, "lr": 1.985e-05, "params": 5865, "time_iter": 0.07066, "accuracy": 0.72493, "precision": 0.72344, "recall": 0.73256, "f1": 0.72797, "auc": 0.80408}
{"epoch": 92, "time_epoch": 9.01284, "eta": 67.29768, "eta_hours": 0.01869, "loss": 0.53556997, "lr": 1.571e-05, "params": 5865, "time_iter": 0.06987, "accuracy": 0.72201, "precision": 0.72314, "recall": 0.72384, "f1": 0.72349, "auc": 0.80487}
{"epoch": 93, "time_epoch": 8.79795, "eta": 57.63164, "eta_hours": 0.01601, "loss": 0.5294057, "lr": 1.204e-05, "params": 5865, "time_iter": 0.0682, "accuracy": 0.73126, "precision": 0.73576, "recall": 0.72578, "f1": 0.73073, "auc": 0.81069}
{"epoch": 94, "time_epoch": 9.06039, "eta": 47.99769, "eta_hours": 0.01333, "loss": 0.53151975, "lr": 8.86e-06, "params": 5865, "time_iter": 0.07024, "accuracy": 0.72249, "precision": 0.7234, "recall": 0.72481, "f1": 0.7241, "auc": 0.80983}
{"epoch": 95, "time_epoch": 9.99944, "eta": 38.41481, "eta_hours": 0.01067, "loss": 0.53645328, "lr": 6.16e-06, "params": 5865, "time_iter": 0.07752, "accuracy": 0.72493, "precision": 0.72008, "recall": 0.74031, "f1": 0.73005, "auc": 0.80585}
{"epoch": 96, "time_epoch": 8.54318, "eta": 28.77831, "eta_hours": 0.00799, "loss": 0.53771067, "lr": 3.94e-06, "params": 5865, "time_iter": 0.06623, "accuracy": 0.7259, "precision": 0.72144, "recall": 0.74031, "f1": 0.73075, "auc": 0.80486}
{"epoch": 97, "time_epoch": 9.53425, "eta": 19.18435, "eta_hours": 0.00533, "loss": 0.53384294, "lr": 2.22e-06, "params": 5865, "time_iter": 0.07391, "accuracy": 0.74489, "precision": 0.74612, "recall": 0.74612, "f1": 0.74612, "auc": 0.80973}
{"epoch": 98, "time_epoch": 8.84915, "eta": 9.58467, "eta_hours": 0.00266, "loss": 0.52752902, "lr": 9.9e-07, "params": 5865, "time_iter": 0.0686, "accuracy": 0.73953, "precision": 0.7415, "recall": 0.73934, "f1": 0.74042, "auc": 0.81354}
{"epoch": 99, "time_epoch": 9.58902, "eta": 0.0, "eta_hours": 0.0, "loss": 0.52834136, "lr": 2.5e-07, "params": 5865, "time_iter": 0.07433, "accuracy": 0.7259, "precision": 0.72878, "recall": 0.72384, "f1": 0.7263, "auc": 0.81149}
