{"epoch": 0, "time_epoch": 0.95483, "time_epoch_std": 0.0, "eta": 94.52856, "eta_std": 0.0, "eta_hours": 0.02626, "eta_hours_std": 0.0, "loss": 0.69683, "loss_std": 0.0, "lr": 0.001, "lr_std": 0.0, "params": 8313.0, "params_std": 0.0, "time_iter": 0.31828, "time_iter_std": 0.0, "accuracy": 0.30769, "accuracy_std": 0.0, "precision": 0.0, "precision_std": 0.0, "recall": 0.0, "recall_std": 0.0, "f1": 0.0, "f1_std": 0.0, "auc": 0.4571, "auc_std": 0.0}
{"epoch": 1, "time_epoch": 2.19011, "time_epoch_std": 0.0, "eta": 154.10206, "eta_std": 0.0, "eta_hours": 0.04281, "eta_hours_std": 0.0, "loss": 0.6928, "loss_std": 0.0, "lr": 0.001, "lr_std": 0.0, "params": 8313.0, "params_std": 0.0, "time_iter": 0.73004, "time_iter_std": 0.0, "accuracy": 0.51282, "accuracy_std": 0.0, "precision": 0.64, "precision_std": 0.0, "recall": 0.61538, "recall_std": 0.0, "f1": 0.62745, "f1_std": 0.0, "auc": 0.45858, "auc_std": 0.0}
{"epoch": 2, "time_epoch": 2.08359, "time_epoch_std": 0.0, "eta": 169.05584, "eta_std": 0.0, "eta_hours": 0.04696, "eta_hours_std": 0.0, "loss": 0.68927, "loss_std": 0.0, "lr": 0.001, "lr_std": 0.0, "params": 8313.0, "params_std": 0.0, "time_iter": 0.69453, "time_iter_std": 0.0, "accuracy": 0.66667, "accuracy_std": 0.0, "precision": 0.66667, "precision_std": 0.0, "recall": 1.0, "recall_std": 0.0, "f1": 0.8, "f1_std": 0.0, "auc": 0.47041, "auc_std": 0.0}
{"epoch": 3, "time_epoch": 2.11261, "time_epoch_std": 0.0, "eta": 176.18743, "eta_std": 0.0, "eta_hours": 0.04894, "eta_hours_std": 0.0, "loss": 0.68595, "loss_std": 0.0, "lr": 0.001, "lr_std": 0.0, "params": 8313.0, "params_std": 0.0, "time_iter": 0.7042, "time_iter_std": 0.0, "accuracy": 0.66667, "accuracy_std": 0.0, "precision": 0.66667, "precision_std": 0.0, "recall": 1.0, "recall_std": 0.0, "f1": 0.8, "f1_std": 0.0, "auc": 0.53254, "auc_std": 0.0}
{"epoch": 4, "time_epoch": 2.11127, "time_epoch_std": 0.0, "eta": 179.59579, "eta_std": 0.0, "eta_hours": 0.04989, "eta_hours_std": 0.0, "loss": 0.68429, "loss_std": 0.0, "lr": 0.001, "lr_std": 0.0, "params": 8313.0, "params_std": 0.0, "time_iter": 0.70376, "time_iter_std": 0.0, "accuracy": 0.66667, "accuracy_std": 0.0, "precision": 0.66667, "precision_std": 0.0, "recall": 1.0, "recall_std": 0.0, "f1": 0.8, "f1_std": 0.0, "auc": 0.42308, "auc_std": 0.0}
{"epoch": 5, "time_epoch": 2.09496, "time_epoch_std": 0.0, "eta": 180.90886, "eta_std": 0.0, "eta_hours": 0.05025, "eta_hours_std": 0.0, "loss": 0.68002, "loss_std": 0.0, "lr": 0.00099, "lr_std": 0.0, "params": 8313.0, "params_std": 0.0, "time_iter": 0.69832, "time_iter_std": 0.0, "accuracy": 0.66667, "accuracy_std": 0.0, "precision": 0.66667, "precision_std": 0.0, "recall": 1.0, "recall_std": 0.0, "f1": 0.8, "f1_std": 0.0, "auc": 0.69527, "auc_std": 0.0}
{"epoch": 6, "time_epoch": 2.10491, "time_epoch_std": 0.0, "eta": 181.3804, "eta_std": 0.0, "eta_hours": 0.05038, "eta_hours_std": 0.0, "loss": 0.67775, "loss_std": 0.0, "lr": 0.00099, "lr_std": 0.0, "params": 8313.0, "params_std": 0.0, "time_iter": 0.70164, "time_iter_std": 0.0, "accuracy": 0.66667, "accuracy_std": 0.0, "precision": 0.66667, "precision_std": 0.0, "recall": 1.0, "recall_std": 0.0, "f1": 0.8, "f1_std": 0.0, "auc": 0.58876, "auc_std": 0.0}
{"epoch": 7, "time_epoch": 0.81631, "time_epoch_std": 0.0, "eta": 166.38891, "eta_std": 0.0, "eta_hours": 0.04622, "eta_hours_std": 0.0, "loss": 0.67547, "loss_std": 0.0, "lr": 0.00099, "lr_std": 0.0, "params": 8313.0, "params_std": 0.0, "time_iter": 0.2721, "time_iter_std": 0.0, "accuracy": 0.66667, "accuracy_std": 0.0, "precision": 0.66667, "precision_std": 0.0, "recall": 1.0, "recall_std": 0.0, "f1": 0.8, "f1_std": 0.0, "auc": 0.58876, "auc_std": 0.0}
{"epoch": 8, "time_epoch": 0.16088, "time_epoch_std": 0.0, "eta": 147.9203, "eta_std": 0.0, "eta_hours": 0.04109, "eta_hours_std": 0.0, "loss": 0.67178, "loss_std": 0.0, "lr": 0.00098, "lr_std": 0.0, "params": 8313.0, "params_std": 0.0, "time_iter": 0.05363, "time_iter_std": 0.0, "accuracy": 0.66667, "accuracy_std": 0.0, "precision": 0.66667, "precision_std": 0.0, "recall": 1.0, "recall_std": 0.0, "f1": 0.8, "f1_std": 0.0, "auc": 0.68639, "auc_std": 0.0}
{"epoch": 9, "time_epoch": 0.16312, "time_epoch_std": 0.0, "eta": 133.13339, "eta_std": 0.0, "eta_hours": 0.03698, "eta_hours_std": 0.0, "loss": 0.66868, "loss_std": 0.0, "lr": 0.00098, "lr_std": 0.0, "params": 8313.0, "params_std": 0.0, "time_iter": 0.05437, "time_iter_std": 0.0, "accuracy": 0.66667, "accuracy_std": 0.0, "precision": 0.66667, "precision_std": 0.0, "recall": 1.0, "recall_std": 0.0, "f1": 0.8, "f1_std": 0.0, "auc": 0.67456, "auc_std": 0.0}
{"epoch": 10, "time_epoch": 0.1641, "time_epoch_std": 0.0, "eta": 121.0133, "eta_std": 0.0, "eta_hours": 0.03361, "eta_hours_std": 0.0, "loss": 0.66474, "loss_std": 0.0, "lr": 0.00098, "lr_std": 0.0, "params": 8313.0, "params_std": 0.0, "time_iter": 0.0547, "time_iter_std": 0.0, "accuracy": 0.66667, "accuracy_std": 0.0, "precision": 0.66667, "precision_std": 0.0, "recall": 1.0, "recall_std": 0.0, "f1": 0.8, "f1_std": 0.0, "auc": 0.78402, "auc_std": 0.0}
{"epoch": 11, "time_epoch": 0.16248, "time_epoch_std": 0.0, "eta": 110.87396, "eta_std": 0.0, "eta_hours": 0.0308, "eta_hours_std": 0.0, "loss": 0.66107, "loss_std": 0.0, "lr": 0.00097, "lr_std": 0.0, "params": 8313.0, "params_std": 0.0, "time_iter": 0.05416, "time_iter_std": 0.0, "accuracy": 0.66667, "accuracy_std": 0.0, "precision": 0.66667, "precision_std": 0.0, "recall": 1.0, "recall_std": 0.0, "f1": 0.8, "f1_std": 0.0, "auc": 0.67751, "auc_std": 0.0}
{"epoch": 12, "time_epoch": 0.16448, "time_epoch_std": 0.0, "eta": 102.28294, "eta_std": 0.0, "eta_hours": 0.02841, "eta_hours_std": 0.0, "loss": 0.66013, "loss_std": 0.0, "lr": 0.00096, "lr_std": 0.0, "params": 8313.0, "params_std": 0.0, "time_iter": 0.05483, "time_iter_std": 0.0, "accuracy": 0.66667, "accuracy_std": 0.0, "precision": 0.66667, "precision_std": 0.0, "recall": 1.0, "recall_std": 0.0, "f1": 0.8, "f1_std": 0.0, "auc": 0.77515, "auc_std": 0.0}
{"epoch": 13, "time_epoch": 0.18434, "time_epoch_std": 0.0, "eta": 95.01769, "eta_std": 0.0, "eta_hours": 0.02639, "eta_hours_std": 0.0, "loss": 0.65283, "loss_std": 0.0, "lr": 0.00096, "lr_std": 0.0, "params": 8313.0, "params_std": 0.0, "time_iter": 0.06145, "time_iter_std": 0.0, "accuracy": 0.66667, "accuracy_std": 0.0, "precision": 0.66667, "precision_std": 0.0, "recall": 1.0, "recall_std": 0.0, "f1": 0.8, "f1_std": 0.0, "auc": 0.80769, "auc_std": 0.0}
{"epoch": 14, "time_epoch": 0.18575, "time_epoch_std": 0.0, "eta": 88.70455, "eta_std": 0.0, "eta_hours": 0.02464, "eta_hours_std": 0.0, "loss": 0.65256, "loss_std": 0.0, "lr": 0.00095, "lr_std": 0.0, "params": 8313.0, "params_std": 0.0, "time_iter": 0.06192, "time_iter_std": 0.0, "accuracy": 0.66667, "accuracy_std": 0.0, "precision": 0.66667, "precision_std": 0.0, "recall": 1.0, "recall_std": 0.0, "f1": 0.8, "f1_std": 0.0, "auc": 0.71598, "auc_std": 0.0}
{"epoch": 15, "time_epoch": 0.1829, "time_epoch_std": 0.0, "eta": 83.1424, "eta_std": 0.0, "eta_hours": 0.0231, "eta_hours_std": 0.0, "loss": 0.64856, "loss_std": 0.0, "lr": 0.00095, "lr_std": 0.0, "params": 8313.0, "params_std": 0.0, "time_iter": 0.06097, "time_iter_std": 0.0, "accuracy": 0.66667, "accuracy_std": 0.0, "precision": 0.66667, "precision_std": 0.0, "recall": 1.0, "recall_std": 0.0, "f1": 0.8, "f1_std": 0.0, "auc": 0.84615, "auc_std": 0.0}
{"epoch": 16, "time_epoch": 0.18299, "time_epoch_std": 0.0, "eta": 78.21352, "eta_std": 0.0, "eta_hours": 0.02173, "eta_hours_std": 0.0, "loss": 0.64206, "loss_std": 0.0, "lr": 0.00094, "lr_std": 0.0, "params": 8313.0, "params_std": 0.0, "time_iter": 0.061, "time_iter_std": 0.0, "accuracy": 0.66667, "accuracy_std": 0.0, "precision": 0.66667, "precision_std": 0.0, "recall": 1.0, "recall_std": 0.0, "f1": 0.8, "f1_std": 0.0, "auc": 0.81361, "auc_std": 0.0}
{"epoch": 17, "time_epoch": 0.18553, "time_epoch_std": 0.0, "eta": 73.82355, "eta_std": 0.0, "eta_hours": 0.02051, "eta_hours_std": 0.0, "loss": 0.64354, "loss_std": 0.0, "lr": 0.00093, "lr_std": 0.0, "params": 8313.0, "params_std": 0.0, "time_iter": 0.06184, "time_iter_std": 0.0, "accuracy": 0.66667, "accuracy_std": 0.0, "precision": 0.66667, "precision_std": 0.0, "recall": 1.0, "recall_std": 0.0, "f1": 0.8, "f1_std": 0.0, "auc": 0.81065, "auc_std": 0.0}
{"epoch": 18, "time_epoch": 0.18046, "time_epoch_std": 0.0, "eta": 69.85451, "eta_std": 0.0, "eta_hours": 0.0194, "eta_hours_std": 0.0, "loss": 0.64034, "loss_std": 0.0, "lr": 0.00092, "lr_std": 0.0, "params": 8313.0, "params_std": 0.0, "time_iter": 0.06015, "time_iter_std": 0.0, "accuracy": 0.66667, "accuracy_std": 0.0, "precision": 0.66667, "precision_std": 0.0, "recall": 1.0, "recall_std": 0.0, "f1": 0.8, "f1_std": 0.0, "auc": 0.75148, "auc_std": 0.0}
{"epoch": 19, "time_epoch": 0.18236, "time_epoch_std": 0.0, "eta": 66.27194, "eta_std": 0.0, "eta_hours": 0.01841, "eta_hours_std": 0.0, "loss": 0.63169, "loss_std": 0.0, "lr": 0.00091, "lr_std": 0.0, "params": 8313.0, "params_std": 0.0, "time_iter": 0.06079, "time_iter_std": 0.0, "accuracy": 0.66667, "accuracy_std": 0.0, "precision": 0.66667, "precision_std": 0.0, "recall": 1.0, "recall_std": 0.0, "f1": 0.8, "f1_std": 0.0, "auc": 0.88166, "auc_std": 0.0}
{"epoch": 20, "time_epoch": 0.18179, "time_epoch_std": 0.0, "eta": 63.01107, "eta_std": 0.0, "eta_hours": 0.0175, "eta_hours_std": 0.0, "loss": 0.63236, "loss_std": 0.0, "lr": 0.0009, "lr_std": 0.0, "params": 8313.0, "params_std": 0.0, "time_iter": 0.0606, "time_iter_std": 0.0, "accuracy": 0.66667, "accuracy_std": 0.0, "precision": 0.66667, "precision_std": 0.0, "recall": 1.0, "recall_std": 0.0, "f1": 0.8, "f1_std": 0.0, "auc": 0.81657, "auc_std": 0.0}
{"epoch": 21, "time_epoch": 0.18382, "time_epoch_std": 0.0, "eta": 60.03732, "eta_std": 0.0, "eta_hours": 0.01668, "eta_hours_std": 0.0, "loss": 0.6277, "loss_std": 0.0, "lr": 0.0009, "lr_std": 0.0, "params": 8313.0, "params_std": 0.0, "time_iter": 0.06127, "time_iter_std": 0.0, "accuracy": 0.66667, "accuracy_std": 0.0, "precision": 0.66667, "precision_std": 0.0, "recall": 1.0, "recall_std": 0.0, "f1": 0.8, "f1_std": 0.0, "auc": 0.93195, "auc_std": 0.0}
{"epoch": 22, "time_epoch": 0.18877, "time_epoch_std": 0.0, "eta": 57.32273, "eta_std": 0.0, "eta_hours": 0.01592, "eta_hours_std": 0.0, "loss": 0.62138, "loss_std": 0.0, "lr": 0.00089, "lr_std": 0.0, "params": 8313.0, "params_std": 0.0, "time_iter": 0.06292, "time_iter_std": 0.0, "accuracy": 0.69231, "accuracy_std": 0.0, "precision": 0.68421, "precision_std": 0.0, "recall": 1.0, "recall_std": 0.0, "f1": 0.8125, "f1_std": 0.0, "auc": 0.95858, "auc_std": 0.0}
{"epoch": 23, "time_epoch": 0.1831, "time_epoch_std": 0.0, "eta": 54.80067, "eta_std": 0.0, "eta_hours": 0.01522, "eta_hours_std": 0.0, "loss": 0.61762, "loss_std": 0.0, "lr": 0.00088, "lr_std": 0.0, "params": 8313.0, "params_std": 0.0, "time_iter": 0.06103, "time_iter_std": 0.0, "accuracy": 0.69231, "accuracy_std": 0.0, "precision": 0.68421, "precision_std": 0.0, "recall": 1.0, "recall_std": 0.0, "f1": 0.8125, "f1_std": 0.0, "auc": 0.92899, "auc_std": 0.0}
{"epoch": 24, "time_epoch": 0.18336, "time_epoch_std": 0.0, "eta": 52.46649, "eta_std": 0.0, "eta_hours": 0.01457, "eta_hours_std": 0.0, "loss": 0.62153, "loss_std": 0.0, "lr": 0.00086, "lr_std": 0.0, "params": 8313.0, "params_std": 0.0, "time_iter": 0.06112, "time_iter_std": 0.0, "accuracy": 0.66667, "accuracy_std": 0.0, "precision": 0.66667, "precision_std": 0.0, "recall": 1.0, "recall_std": 0.0, "f1": 0.8, "f1_std": 0.0, "auc": 0.91124, "auc_std": 0.0}
{"epoch": 25, "time_epoch": 0.18249, "time_epoch_std": 0.0, "eta": 50.29528, "eta_std": 0.0, "eta_hours": 0.01397, "eta_hours_std": 0.0, "loss": 0.59822, "loss_std": 0.0, "lr": 0.00085, "lr_std": 0.0, "params": 8313.0, "params_std": 0.0, "time_iter": 0.06083, "time_iter_std": 0.0, "accuracy": 0.69231, "accuracy_std": 0.0, "precision": 0.68421, "precision_std": 0.0, "recall": 1.0, "recall_std": 0.0, "f1": 0.8125, "f1_std": 0.0, "auc": 0.97337, "auc_std": 0.0}
{"epoch": 26, "time_epoch": 0.18448, "time_epoch_std": 0.0, "eta": 48.27677, "eta_std": 0.0, "eta_hours": 0.01341, "eta_hours_std": 0.0, "loss": 0.59306, "loss_std": 0.0, "lr": 0.00084, "lr_std": 0.0, "params": 8313.0, "params_std": 0.0, "time_iter": 0.06149, "time_iter_std": 0.0, "accuracy": 0.69231, "accuracy_std": 0.0, "precision": 0.68421, "precision_std": 0.0, "recall": 1.0, "recall_std": 0.0, "f1": 0.8125, "f1_std": 0.0, "auc": 0.93491, "auc_std": 0.0}
{"epoch": 27, "time_epoch": 0.19505, "time_epoch_std": 0.0, "eta": 46.41645, "eta_std": 0.0, "eta_hours": 0.01289, "eta_hours_std": 0.0, "loss": 0.59714, "loss_std": 0.0, "lr": 0.00083, "lr_std": 0.0, "params": 8313.0, "params_std": 0.0, "time_iter": 0.06502, "time_iter_std": 0.0, "accuracy": 0.69231, "accuracy_std": 0.0, "precision": 0.68421, "precision_std": 0.0, "recall": 1.0, "recall_std": 0.0, "f1": 0.8125, "f1_std": 0.0, "auc": 0.9142, "auc_std": 0.0}
{"epoch": 28, "time_epoch": 0.18415, "time_epoch_std": 0.0, "eta": 44.64429, "eta_std": 0.0, "eta_hours": 0.0124, "eta_hours_std": 0.0, "loss": 0.5865, "loss_std": 0.0, "lr": 0.00082, "lr_std": 0.0, "params": 8313.0, "params_std": 0.0, "time_iter": 0.06138, "time_iter_std": 0.0, "accuracy": 0.69231, "accuracy_std": 0.0, "precision": 0.68421, "precision_std": 0.0, "recall": 1.0, "recall_std": 0.0, "f1": 0.8125, "f1_std": 0.0, "auc": 0.93787, "auc_std": 0.0}
{"epoch": 29, "time_epoch": 0.1802, "time_epoch_std": 0.0, "eta": 42.96877, "eta_std": 0.0, "eta_hours": 0.01194, "eta_hours_std": 0.0, "loss": 0.58359, "loss_std": 0.0, "lr": 0.00081, "lr_std": 0.0, "params": 8313.0, "params_std": 0.0, "time_iter": 0.06007, "time_iter_std": 0.0, "accuracy": 0.69231, "accuracy_std": 0.0, "precision": 0.68421, "precision_std": 0.0, "recall": 1.0, "recall_std": 0.0, "f1": 0.8125, "f1_std": 0.0, "auc": 0.9497, "auc_std": 0.0}
{"epoch": 30, "time_epoch": 0.18773, "time_epoch_std": 0.0, "eta": 41.40649, "eta_std": 0.0, "eta_hours": 0.0115, "eta_hours_std": 0.0, "loss": 0.58196, "loss_std": 0.0, "lr": 0.00079, "lr_std": 0.0, "params": 8313.0, "params_std": 0.0, "time_iter": 0.06258, "time_iter_std": 0.0, "accuracy": 0.66667, "accuracy_std": 0.0, "precision": 0.66667, "precision_std": 0.0, "recall": 1.0, "recall_std": 0.0, "f1": 0.8, "f1_std": 0.0, "auc": 0.92012, "auc_std": 0.0}
{"epoch": 31, "time_epoch": 0.18065, "time_epoch_std": 0.0, "eta": 39.91509, "eta_std": 0.0, "eta_hours": 0.01109, "eta_hours_std": 0.0, "loss": 0.57869, "loss_std": 0.0, "lr": 0.00078, "lr_std": 0.0, "params": 8313.0, "params_std": 0.0, "time_iter": 0.06022, "time_iter_std": 0.0, "accuracy": 0.66667, "accuracy_std": 0.0, "precision": 0.66667, "precision_std": 0.0, "recall": 1.0, "recall_std": 0.0, "f1": 0.8, "f1_std": 0.0, "auc": 0.89349, "auc_std": 0.0}
{"epoch": 32, "time_epoch": 0.18231, "time_epoch_std": 0.0, "eta": 38.50648, "eta_std": 0.0, "eta_hours": 0.0107, "eta_hours_std": 0.0, "loss": 0.55361, "loss_std": 0.0, "lr": 0.00077, "lr_std": 0.0, "params": 8313.0, "params_std": 0.0, "time_iter": 0.06077, "time_iter_std": 0.0, "accuracy": 0.69231, "accuracy_std": 0.0, "precision": 0.68421, "precision_std": 0.0, "recall": 1.0, "recall_std": 0.0, "f1": 0.8125, "f1_std": 0.0, "auc": 0.99112, "auc_std": 0.0}
{"epoch": 33, "time_epoch": 0.18266, "time_epoch_std": 0.0, "eta": 37.17069, "eta_std": 0.0, "eta_hours": 0.01033, "eta_hours_std": 0.0, "loss": 0.5445, "loss_std": 0.0, "lr": 0.00075, "lr_std": 0.0, "params": 8313.0, "params_std": 0.0, "time_iter": 0.06089, "time_iter_std": 0.0, "accuracy": 0.71795, "accuracy_std": 0.0, "precision": 0.7027, "precision_std": 0.0, "recall": 1.0, "recall_std": 0.0, "f1": 0.8254, "f1_std": 0.0, "auc": 0.98225, "auc_std": 0.0}
{"epoch": 34, "time_epoch": 0.18615, "time_epoch_std": 0.0, "eta": 35.90728, "eta_std": 0.0, "eta_hours": 0.00997, "eta_hours_std": 0.0, "loss": 0.54495, "loss_std": 0.0, "lr": 0.00074, "lr_std": 0.0, "params": 8313.0, "params_std": 0.0, "time_iter": 0.06205, "time_iter_std": 0.0, "accuracy": 0.71795, "accuracy_std": 0.0, "precision": 0.7027, "precision_std": 0.0, "recall": 1.0, "recall_std": 0.0, "f1": 0.8254, "f1_std": 0.0, "auc": 0.94379, "auc_std": 0.0}
{"epoch": 35, "time_epoch": 0.18257, "time_epoch_std": 0.0, "eta": 34.69734, "eta_std": 0.0, "eta_hours": 0.00964, "eta_hours_std": 0.0, "loss": 0.52494, "loss_std": 0.0, "lr": 0.00073, "lr_std": 0.0, "params": 8313.0, "params_std": 0.0, "time_iter": 0.06086, "time_iter_std": 0.0, "accuracy": 0.74359, "accuracy_std": 0.0, "precision": 0.72222, "precision_std": 0.0, "recall": 1.0, "recall_std": 0.0, "f1": 0.83871, "f1_std": 0.0, "auc": 0.97041, "auc_std": 0.0}
{"epoch": 36, "time_epoch": 0.1846, "time_epoch_std": 0.0, "eta": 33.5464, "eta_std": 0.0, "eta_hours": 0.00932, "eta_hours_std": 0.0, "loss": 0.51975, "loss_std": 0.0, "lr": 0.00071, "lr_std": 0.0, "params": 8313.0, "params_std": 0.0, "time_iter": 0.06153, "time_iter_std": 0.0, "accuracy": 0.71795, "accuracy_std": 0.0, "precision": 0.7027, "precision_std": 0.0, "recall": 1.0, "recall_std": 0.0, "f1": 0.8254, "f1_std": 0.0, "auc": 0.97929, "auc_std": 0.0}
{"epoch": 37, "time_epoch": 0.18732, "time_epoch_std": 0.0, "eta": 32.45075, "eta_std": 0.0, "eta_hours": 0.00901, "eta_hours_std": 0.0, "loss": 0.50098, "loss_std": 0.0, "lr": 0.0007, "lr_std": 0.0, "params": 8313.0, "params_std": 0.0, "time_iter": 0.06244, "time_iter_std": 0.0, "accuracy": 0.74359, "accuracy_std": 0.0, "precision": 0.72222, "precision_std": 0.0, "recall": 1.0, "recall_std": 0.0, "f1": 0.83871, "f1_std": 0.0, "auc": 0.98225, "auc_std": 0.0}
{"epoch": 38, "time_epoch": 0.18403, "time_epoch_std": 0.0, "eta": 31.39655, "eta_std": 0.0, "eta_hours": 0.00872, "eta_hours_std": 0.0, "loss": 0.48696, "loss_std": 0.0, "lr": 0.00068, "lr_std": 0.0, "params": 8313.0, "params_std": 0.0, "time_iter": 0.06134, "time_iter_std": 0.0, "accuracy": 0.74359, "accuracy_std": 0.0, "precision": 0.72222, "precision_std": 0.0, "recall": 1.0, "recall_std": 0.0, "f1": 0.83871, "f1_std": 0.0, "auc": 0.99112, "auc_std": 0.0}
{"epoch": 39, "time_epoch": 0.18497, "time_epoch_std": 0.0, "eta": 30.38727, "eta_std": 0.0, "eta_hours": 0.00844, "eta_hours_std": 0.0, "loss": 0.46894, "loss_std": 0.0, "lr": 0.00067, "lr_std": 0.0, "params": 8313.0, "params_std": 0.0, "time_iter": 0.06166, "time_iter_std": 0.0, "accuracy": 0.76923, "accuracy_std": 0.0, "precision": 0.74286, "precision_std": 0.0, "recall": 1.0, "recall_std": 0.0, "f1": 0.85246, "f1_std": 0.0, "auc": 1.0, "auc_std": 0.0}
{"epoch": 40, "time_epoch": 0.17915, "time_epoch_std": 0.0, "eta": 29.40982, "eta_std": 0.0, "eta_hours": 0.00817, "eta_hours_std": 0.0, "loss": 0.46336, "loss_std": 0.0, "lr": 0.00065, "lr_std": 0.0, "params": 8313.0, "params_std": 0.0, "time_iter": 0.05972, "time_iter_std": 0.0, "accuracy": 0.74359, "accuracy_std": 0.0, "precision": 0.72222, "precision_std": 0.0, "recall": 1.0, "recall_std": 0.0, "f1": 0.83871, "f1_std": 0.0, "auc": 0.98817, "auc_std": 0.0}
{"epoch": 41, "time_epoch": 0.18211, "time_epoch_std": 0.0, "eta": 28.47447, "eta_std": 0.0, "eta_hours": 0.00791, "eta_hours_std": 0.0, "loss": 0.44889, "loss_std": 0.0, "lr": 0.00064, "lr_std": 0.0, "params": 8313.0, "params_std": 0.0, "time_iter": 0.0607, "time_iter_std": 0.0, "accuracy": 0.82051, "accuracy_std": 0.0, "precision": 0.78788, "precision_std": 0.0, "recall": 1.0, "recall_std": 0.0, "f1": 0.88136, "f1_std": 0.0, "auc": 0.99408, "auc_std": 0.0}
{"epoch": 42, "time_epoch": 0.18035, "time_epoch_std": 0.0, "eta": 27.57182, "eta_std": 0.0, "eta_hours": 0.00766, "eta_hours_std": 0.0, "loss": 0.4268, "loss_std": 0.0, "lr": 0.00062, "lr_std": 0.0, "params": 8313.0, "params_std": 0.0, "time_iter": 0.06012, "time_iter_std": 0.0, "accuracy": 0.84615, "accuracy_std": 0.0, "precision": 0.8125, "precision_std": 0.0, "recall": 1.0, "recall_std": 0.0, "f1": 0.89655, "f1_std": 0.0, "auc": 0.99408, "auc_std": 0.0}
{"epoch": 43, "time_epoch": 0.18269, "time_epoch_std": 0.0, "eta": 26.70498, "eta_std": 0.0, "eta_hours": 0.00742, "eta_hours_std": 0.0, "loss": 0.42617, "loss_std": 0.0, "lr": 0.00061, "lr_std": 0.0, "params": 8313.0, "params_std": 0.0, "time_iter": 0.0609, "time_iter_std": 0.0, "accuracy": 0.79487, "accuracy_std": 0.0, "precision": 0.76471, "precision_std": 0.0, "recall": 1.0, "recall_std": 0.0, "f1": 0.86667, "f1_std": 0.0, "auc": 0.98225, "auc_std": 0.0}
{"epoch": 44, "time_epoch": 0.18267, "time_epoch_std": 0.0, "eta": 25.86852, "eta_std": 0.0, "eta_hours": 0.00719, "eta_hours_std": 0.0, "loss": 0.4184, "loss_std": 0.0, "lr": 0.00059, "lr_std": 0.0, "params": 8313.0, "params_std": 0.0, "time_iter": 0.06089, "time_iter_std": 0.0, "accuracy": 0.84615, "accuracy_std": 0.0, "precision": 0.83333, "precision_std": 0.0, "recall": 0.96154, "recall_std": 0.0, "f1": 0.89286, "f1_std": 0.0, "auc": 0.96746, "auc_std": 0.0}
{"epoch": 45, "time_epoch": 0.18147, "time_epoch_std": 0.0, "eta": 25.05908, "eta_std": 0.0, "eta_hours": 0.00696, "eta_hours_std": 0.0, "loss": 0.43518, "loss_std": 0.0, "lr": 0.00058, "lr_std": 0.0, "params": 8313.0, "params_std": 0.0, "time_iter": 0.06049, "time_iter_std": 0.0, "accuracy": 0.87179, "accuracy_std": 0.0, "precision": 0.83871, "precision_std": 0.0, "recall": 1.0, "recall_std": 0.0, "f1": 0.91228, "f1_std": 0.0, "auc": 0.92012, "auc_std": 0.0}
{"epoch": 46, "time_epoch": 0.18205, "time_epoch_std": 0.0, "eta": 24.27702, "eta_std": 0.0, "eta_hours": 0.00674, "eta_hours_std": 0.0, "loss": 0.38646, "loss_std": 0.0, "lr": 0.00056, "lr_std": 0.0, "params": 8313.0, "params_std": 0.0, "time_iter": 0.06068, "time_iter_std": 0.0, "accuracy": 0.87179, "accuracy_std": 0.0, "precision": 0.83871, "precision_std": 0.0, "recall": 1.0, "recall_std": 0.0, "f1": 0.91228, "f1_std": 0.0, "auc": 0.97929, "auc_std": 0.0}
{"epoch": 47, "time_epoch": 0.18466, "time_epoch_std": 0.0, "eta": 23.52278, "eta_std": 0.0, "eta_hours": 0.00653, "eta_hours_std": 0.0, "loss": 0.36456, "loss_std": 0.0, "lr": 0.00055, "lr_std": 0.0, "params": 8313.0, "params_std": 0.0, "time_iter": 0.06155, "time_iter_std": 0.0, "accuracy": 0.89744, "accuracy_std": 0.0, "precision": 0.86667, "precision_std": 0.0, "recall": 1.0, "recall_std": 0.0, "f1": 0.92857, "f1_std": 0.0, "auc": 0.99112, "auc_std": 0.0}
{"epoch": 48, "time_epoch": 0.18469, "time_epoch_std": 0.0, "eta": 22.79182, "eta_std": 0.0, "eta_hours": 0.00633, "eta_hours_std": 0.0, "loss": 0.34106, "loss_std": 0.0, "lr": 0.00053, "lr_std": 0.0, "params": 8313.0, "params_std": 0.0, "time_iter": 0.06156, "time_iter_std": 0.0, "accuracy": 0.92308, "accuracy_std": 0.0, "precision": 0.89655, "precision_std": 0.0, "recall": 1.0, "recall_std": 0.0, "f1": 0.94545, "f1_std": 0.0, "auc": 1.0, "auc_std": 0.0}
{"epoch": 49, "time_epoch": 0.1809, "time_epoch_std": 0.0, "eta": 22.07892, "eta_std": 0.0, "eta_hours": 0.00613, "eta_hours_std": 0.0, "loss": 0.32183, "loss_std": 0.0, "lr": 0.00052, "lr_std": 0.0, "params": 8313.0, "params_std": 0.0, "time_iter": 0.0603, "time_iter_std": 0.0, "accuracy": 0.94872, "accuracy_std": 0.0, "precision": 0.92857, "precision_std": 0.0, "recall": 1.0, "recall_std": 0.0, "f1": 0.96296, "f1_std": 0.0, "auc": 1.0, "auc_std": 0.0}
{"epoch": 50, "time_epoch": 0.18359, "time_epoch_std": 0.0, "eta": 21.38947, "eta_std": 0.0, "eta_hours": 0.00594, "eta_hours_std": 0.0, "loss": 0.3523, "loss_std": 0.0, "lr": 0.0005, "lr_std": 0.0, "params": 8313.0, "params_std": 0.0, "time_iter": 0.0612, "time_iter_std": 0.0, "accuracy": 0.87179, "accuracy_std": 0.0, "precision": 0.83871, "precision_std": 0.0, "recall": 1.0, "recall_std": 0.0, "f1": 0.91228, "f1_std": 0.0, "auc": 0.97633, "auc_std": 0.0}
{"epoch": 51, "time_epoch": 0.17968, "time_epoch_std": 0.0, "eta": 20.71587, "eta_std": 0.0, "eta_hours": 0.00575, "eta_hours_std": 0.0, "loss": 0.31407, "loss_std": 0.0, "lr": 0.00048, "lr_std": 0.0, "params": 8313.0, "params_std": 0.0, "time_iter": 0.05989, "time_iter_std": 0.0, "accuracy": 0.92308, "accuracy_std": 0.0, "precision": 0.89655, "precision_std": 0.0, "recall": 1.0, "recall_std": 0.0, "f1": 0.94545, "f1_std": 0.0, "auc": 0.99408, "auc_std": 0.0}
{"epoch": 52, "time_epoch": 0.18287, "time_epoch_std": 0.0, "eta": 20.06373, "eta_std": 0.0, "eta_hours": 0.00557, "eta_hours_std": 0.0, "loss": 0.29531, "loss_std": 0.0, "lr": 0.00047, "lr_std": 0.0, "params": 8313.0, "params_std": 0.0, "time_iter": 0.06096, "time_iter_std": 0.0, "accuracy": 0.92308, "accuracy_std": 0.0, "precision": 0.89655, "precision_std": 0.0, "recall": 1.0, "recall_std": 0.0, "f1": 0.94545, "f1_std": 0.0, "auc": 1.0, "auc_std": 0.0}
{"epoch": 53, "time_epoch": 0.18077, "time_epoch_std": 0.0, "eta": 19.42719, "eta_std": 0.0, "eta_hours": 0.0054, "eta_hours_std": 0.0, "loss": 0.28406, "loss_std": 0.0, "lr": 0.00045, "lr_std": 0.0, "params": 8313.0, "params_std": 0.0, "time_iter": 0.06026, "time_iter_std": 0.0, "accuracy": 0.92308, "accuracy_std": 0.0, "precision": 0.89655, "precision_std": 0.0, "recall": 1.0, "recall_std": 0.0, "f1": 0.94545, "f1_std": 0.0, "auc": 1.0, "auc_std": 0.0}
{"epoch": 54, "time_epoch": 0.18382, "time_epoch_std": 0.0, "eta": 18.80971, "eta_std": 0.0, "eta_hours": 0.00522, "eta_hours_std": 0.0, "loss": 0.29293, "loss_std": 0.0, "lr": 0.00044, "lr_std": 0.0, "params": 8313.0, "params_std": 0.0, "time_iter": 0.06127, "time_iter_std": 0.0, "accuracy": 0.92308, "accuracy_std": 0.0, "precision": 0.89655, "precision_std": 0.0, "recall": 1.0, "recall_std": 0.0, "f1": 0.94545, "f1_std": 0.0, "auc": 1.0, "auc_std": 0.0}
{"epoch": 55, "time_epoch": 0.18231, "time_epoch_std": 0.0, "eta": 18.20654, "eta_std": 0.0, "eta_hours": 0.00506, "eta_hours_std": 0.0, "loss": 0.27256, "loss_std": 0.0, "lr": 0.00042, "lr_std": 0.0, "params": 8313.0, "params_std": 0.0, "time_iter": 0.06077, "time_iter_std": 0.0, "accuracy": 0.94872, "accuracy_std": 0.0, "precision": 0.92857, "precision_std": 0.0, "recall": 1.0, "recall_std": 0.0, "f1": 0.96296, "f1_std": 0.0, "auc": 1.0, "auc_std": 0.0}
{"epoch": 56, "time_epoch": 0.18402, "time_epoch_std": 0.0, "eta": 17.61942, "eta_std": 0.0, "eta_hours": 0.00489, "eta_hours_std": 0.0, "loss": 0.2821, "loss_std": 0.0, "lr": 0.00041, "lr_std": 0.0, "params": 8313.0, "params_std": 0.0, "time_iter": 0.06134, "time_iter_std": 0.0, "accuracy": 0.94872, "accuracy_std": 0.0, "precision": 0.92857, "precision_std": 0.0, "recall": 1.0, "recall_std": 0.0, "f1": 0.96296, "f1_std": 0.0, "auc": 1.0, "auc_std": 0.0}
{"epoch": 57, "time_epoch": 0.18073, "time_epoch_std": 0.0, "eta": 17.04382, "eta_std": 0.0, "eta_hours": 0.00473, "eta_hours_std": 0.0, "loss": 0.24916, "loss_std": 0.0, "lr": 0.00039, "lr_std": 0.0, "params": 8313.0, "params_std": 0.0, "time_iter": 0.06024, "time_iter_std": 0.0, "accuracy": 0.94872, "accuracy_std": 0.0, "precision": 0.92857, "precision_std": 0.0, "recall": 1.0, "recall_std": 0.0, "f1": 0.96296, "f1_std": 0.0, "auc": 1.0, "auc_std": 0.0}
{"epoch": 58, "time_epoch": 0.18437, "time_epoch_std": 0.0, "eta": 16.48414, "eta_std": 0.0, "eta_hours": 0.00458, "eta_hours_std": 0.0, "loss": 0.24743, "loss_std": 0.0, "lr": 0.00038, "lr_std": 0.0, "params": 8313.0, "params_std": 0.0, "time_iter": 0.06146, "time_iter_std": 0.0, "accuracy": 0.94872, "accuracy_std": 0.0, "precision": 0.92857, "precision_std": 0.0, "recall": 1.0, "recall_std": 0.0, "f1": 0.96296, "f1_std": 0.0, "auc": 1.0, "auc_std": 0.0}
{"epoch": 59, "time_epoch": 0.18372, "time_epoch_std": 0.0, "eta": 15.93653, "eta_std": 0.0, "eta_hours": 0.00443, "eta_hours_std": 0.0, "loss": 0.24887, "loss_std": 0.0, "lr": 0.00036, "lr_std": 0.0, "params": 8313.0, "params_std": 0.0, "time_iter": 0.06124, "time_iter_std": 0.0, "accuracy": 0.94872, "accuracy_std": 0.0, "precision": 0.92857, "precision_std": 0.0, "recall": 1.0, "recall_std": 0.0, "f1": 0.96296, "f1_std": 0.0, "auc": 0.99704, "auc_std": 0.0}
{"epoch": 60, "time_epoch": 0.17853, "time_epoch_std": 0.0, "eta": 15.39754, "eta_std": 0.0, "eta_hours": 0.00428, "eta_hours_std": 0.0, "loss": 0.22684, "loss_std": 0.0, "lr": 0.00035, "lr_std": 0.0, "params": 8313.0, "params_std": 0.0, "time_iter": 0.05951, "time_iter_std": 0.0, "accuracy": 0.97436, "accuracy_std": 0.0, "precision": 0.96296, "precision_std": 0.0, "recall": 1.0, "recall_std": 0.0, "f1": 0.98113, "f1_std": 0.0, "auc": 1.0, "auc_std": 0.0}
{"epoch": 61, "time_epoch": 0.18503, "time_epoch_std": 0.0, "eta": 14.87415, "eta_std": 0.0, "eta_hours": 0.00413, "eta_hours_std": 0.0, "loss": 0.22802, "loss_std": 0.0, "lr": 0.00033, "lr_std": 0.0, "params": 8313.0, "params_std": 0.0, "time_iter": 0.06168, "time_iter_std": 0.0, "accuracy": 0.94872, "accuracy_std": 0.0, "precision": 0.92857, "precision_std": 0.0, "recall": 1.0, "recall_std": 0.0, "f1": 0.96296, "f1_std": 0.0, "auc": 1.0, "auc_std": 0.0}
{"epoch": 62, "time_epoch": 0.18421, "time_epoch_std": 0.0, "eta": 14.36103, "eta_std": 0.0, "eta_hours": 0.00399, "eta_hours_std": 0.0, "loss": 0.21262, "loss_std": 0.0, "lr": 0.00032, "lr_std": 0.0, "params": 8313.0, "params_std": 0.0, "time_iter": 0.0614, "time_iter_std": 0.0, "accuracy": 0.94872, "accuracy_std": 0.0, "precision": 0.92857, "precision_std": 0.0, "recall": 1.0, "recall_std": 0.0, "f1": 0.96296, "f1_std": 0.0, "auc": 1.0, "auc_std": 0.0}
{"epoch": 63, "time_epoch": 0.18413, "time_epoch_std": 0.0, "eta": 13.85814, "eta_std": 0.0, "eta_hours": 0.00385, "eta_hours_std": 0.0, "loss": 0.2049, "loss_std": 0.0, "lr": 0.0003, "lr_std": 0.0, "params": 8313.0, "params_std": 0.0, "time_iter": 0.06138, "time_iter_std": 0.0, "accuracy": 0.97436, "accuracy_std": 0.0, "precision": 0.96296, "precision_std": 0.0, "recall": 1.0, "recall_std": 0.0, "f1": 0.98113, "f1_std": 0.0, "auc": 1.0, "auc_std": 0.0}
{"epoch": 64, "time_epoch": 0.18157, "time_epoch_std": 0.0, "eta": 13.36368, "eta_std": 0.0, "eta_hours": 0.00371, "eta_hours_std": 0.0, "loss": 0.21747, "loss_std": 0.0, "lr": 0.00029, "lr_std": 0.0, "params": 8313.0, "params_std": 0.0, "time_iter": 0.06052, "time_iter_std": 0.0, "accuracy": 0.97436, "accuracy_std": 0.0, "precision": 0.96296, "precision_std": 0.0, "recall": 1.0, "recall_std": 0.0, "f1": 0.98113, "f1_std": 0.0, "auc": 0.99704, "auc_std": 0.0}
{"epoch": 65, "time_epoch": 0.18419, "time_epoch_std": 0.0, "eta": 12.88005, "eta_std": 0.0, "eta_hours": 0.00358, "eta_hours_std": 0.0, "loss": 0.22395, "loss_std": 0.0, "lr": 0.00027, "lr_std": 0.0, "params": 8313.0, "params_std": 0.0, "time_iter": 0.0614, "time_iter_std": 0.0, "accuracy": 0.94872, "accuracy_std": 0.0, "precision": 0.92857, "precision_std": 0.0, "recall": 1.0, "recall_std": 0.0, "f1": 0.96296, "f1_std": 0.0, "auc": 0.99408, "auc_std": 0.0}
{"epoch": 66, "time_epoch": 0.18394, "time_epoch_std": 0.0, "eta": 12.40524, "eta_std": 0.0, "eta_hours": 0.00345, "eta_hours_std": 0.0, "loss": 0.1907, "loss_std": 0.0, "lr": 0.00026, "lr_std": 0.0, "params": 8313.0, "params_std": 0.0, "time_iter": 0.06131, "time_iter_std": 0.0, "accuracy": 0.94872, "accuracy_std": 0.0, "precision": 0.92857, "precision_std": 0.0, "recall": 1.0, "recall_std": 0.0, "f1": 0.96296, "f1_std": 0.0, "auc": 1.0, "auc_std": 0.0}
{"epoch": 67, "time_epoch": 0.18316, "time_epoch_std": 0.0, "eta": 11.93861, "eta_std": 0.0, "eta_hours": 0.00332, "eta_hours_std": 0.0, "loss": 0.19193, "loss_std": 0.0, "lr": 0.00025, "lr_std": 0.0, "params": 8313.0, "params_std": 0.0, "time_iter": 0.06105, "time_iter_std": 0.0, "accuracy": 0.97436, "accuracy_std": 0.0, "precision": 0.96296, "precision_std": 0.0, "recall": 1.0, "recall_std": 0.0, "f1": 0.98113, "f1_std": 0.0, "auc": 1.0, "auc_std": 0.0}
{"epoch": 68, "time_epoch": 0.18412, "time_epoch_std": 0.0, "eta": 11.48063, "eta_std": 0.0, "eta_hours": 0.00319, "eta_hours_std": 0.0, "loss": 0.2335, "loss_std": 0.0, "lr": 0.00023, "lr_std": 0.0, "params": 8313.0, "params_std": 0.0, "time_iter": 0.06137, "time_iter_std": 0.0, "accuracy": 0.97436, "accuracy_std": 0.0, "precision": 0.96296, "precision_std": 0.0, "recall": 1.0, "recall_std": 0.0, "f1": 0.98113, "f1_std": 0.0, "auc": 0.99408, "auc_std": 0.0}
{"epoch": 69, "time_epoch": 0.18228, "time_epoch_std": 0.0, "eta": 11.02969, "eta_std": 0.0, "eta_hours": 0.00306, "eta_hours_std": 0.0, "loss": 0.22125, "loss_std": 0.0, "lr": 0.00022, "lr_std": 0.0, "params": 8313.0, "params_std": 0.0, "time_iter": 0.06076, "time_iter_std": 0.0, "accuracy": 0.97436, "accuracy_std": 0.0, "precision": 0.96296, "precision_std": 0.0, "recall": 1.0, "recall_std": 0.0, "f1": 0.98113, "f1_std": 0.0, "auc": 0.99704, "auc_std": 0.0}
{"epoch": 70, "time_epoch": 0.18149, "time_epoch_std": 0.0, "eta": 10.58599, "eta_std": 0.0, "eta_hours": 0.00294, "eta_hours_std": 0.0, "loss": 0.17623, "loss_std": 0.0, "lr": 0.00021, "lr_std": 0.0, "params": 8313.0, "params_std": 0.0, "time_iter": 0.0605, "time_iter_std": 0.0, "accuracy": 0.97436, "accuracy_std": 0.0, "precision": 0.96296, "precision_std": 0.0, "recall": 1.0, "recall_std": 0.0, "f1": 0.98113, "f1_std": 0.0, "auc": 1.0, "auc_std": 0.0}
{"epoch": 71, "time_epoch": 0.18467, "time_epoch_std": 0.0, "eta": 10.15082, "eta_std": 0.0, "eta_hours": 0.00282, "eta_hours_std": 0.0, "loss": 0.19226, "loss_std": 0.0, "lr": 0.00019, "lr_std": 0.0, "params": 8313.0, "params_std": 0.0, "time_iter": 0.06156, "time_iter_std": 0.0, "accuracy": 0.94872, "accuracy_std": 0.0, "precision": 0.92857, "precision_std": 0.0, "recall": 1.0, "recall_std": 0.0, "f1": 0.96296, "f1_std": 0.0, "auc": 1.0, "auc_std": 0.0}
{"epoch": 72, "time_epoch": 0.1821, "time_epoch_std": 0.0, "eta": 9.72156, "eta_std": 0.0, "eta_hours": 0.0027, "eta_hours_std": 0.0, "loss": 0.17096, "loss_std": 0.0, "lr": 0.00018, "lr_std": 0.0, "params": 8313.0, "params_std": 0.0, "time_iter": 0.0607, "time_iter_std": 0.0, "accuracy": 0.97436, "accuracy_std": 0.0, "precision": 0.96296, "precision_std": 0.0, "recall": 1.0, "recall_std": 0.0, "f1": 0.98113, "f1_std": 0.0, "auc": 1.0, "auc_std": 0.0}
{"epoch": 73, "time_epoch": 0.18158, "time_epoch_std": 0.0, "eta": 9.29879, "eta_std": 0.0, "eta_hours": 0.00258, "eta_hours_std": 0.0, "loss": 0.16977, "loss_std": 0.0, "lr": 0.00017, "lr_std": 0.0, "params": 8313.0, "params_std": 0.0, "time_iter": 0.06053, "time_iter_std": 0.0, "accuracy": 0.97436, "accuracy_std": 0.0, "precision": 0.96296, "precision_std": 0.0, "recall": 1.0, "recall_std": 0.0, "f1": 0.98113, "f1_std": 0.0, "auc": 1.0, "auc_std": 0.0}
{"epoch": 74, "time_epoch": 0.18391, "time_epoch_std": 0.0, "eta": 8.88323, "eta_std": 0.0, "eta_hours": 0.00247, "eta_hours_std": 0.0, "loss": 0.16608, "loss_std": 0.0, "lr": 0.00016, "lr_std": 0.0, "params": 8313.0, "params_std": 0.0, "time_iter": 0.0613, "time_iter_std": 0.0, "accuracy": 1.0, "accuracy_std": 0.0, "precision": 1.0, "precision_std": 0.0, "recall": 1.0, "recall_std": 0.0, "f1": 1.0, "f1_std": 0.0, "auc": 1.0, "auc_std": 0.0}
{"epoch": 75, "time_epoch": 0.18689, "time_epoch_std": 0.0, "eta": 8.47471, "eta_std": 0.0, "eta_hours": 0.00235, "eta_hours_std": 0.0, "loss": 0.16605, "loss_std": 0.0, "lr": 0.00015, "lr_std": 0.0, "params": 8313.0, "params_std": 0.0, "time_iter": 0.0623, "time_iter_std": 0.0, "accuracy": 0.97436, "accuracy_std": 0.0, "precision": 0.96296, "precision_std": 0.0, "recall": 1.0, "recall_std": 0.0, "f1": 0.98113, "f1_std": 0.0, "auc": 1.0, "auc_std": 0.0}
{"epoch": 76, "time_epoch": 0.18743, "time_epoch_std": 0.0, "eta": 8.07211, "eta_std": 0.0, "eta_hours": 0.00224, "eta_hours_std": 0.0, "loss": 0.16845, "loss_std": 0.0, "lr": 0.00014, "lr_std": 0.0, "params": 8313.0, "params_std": 0.0, "time_iter": 0.06248, "time_iter_std": 0.0, "accuracy": 0.97436, "accuracy_std": 0.0, "precision": 0.96296, "precision_std": 0.0, "recall": 1.0, "recall_std": 0.0, "f1": 0.98113, "f1_std": 0.0, "auc": 1.0, "auc_std": 0.0}
{"epoch": 77, "time_epoch": 0.18309, "time_epoch_std": 0.0, "eta": 7.6738, "eta_std": 0.0, "eta_hours": 0.00213, "eta_hours_std": 0.0, "loss": 0.14776, "loss_std": 0.0, "lr": 0.00012, "lr_std": 0.0, "params": 8313.0, "params_std": 0.0, "time_iter": 0.06103, "time_iter_std": 0.0, "accuracy": 1.0, "accuracy_std": 0.0, "precision": 1.0, "precision_std": 0.0, "recall": 1.0, "recall_std": 0.0, "f1": 1.0, "f1_std": 0.0, "auc": 1.0, "auc_std": 0.0}
{"epoch": 78, "time_epoch": 0.18627, "time_epoch_std": 0.0, "eta": 7.28178, "eta_std": 0.0, "eta_hours": 0.00202, "eta_hours_std": 0.0, "loss": 0.29307, "loss_std": 0.0, "lr": 0.00011, "lr_std": 0.0, "params": 8313.0, "params_std": 0.0, "time_iter": 0.06209, "time_iter_std": 0.0, "accuracy": 0.92308, "accuracy_std": 0.0, "precision": 0.92593, "precision_std": 0.0, "recall": 0.96154, "recall_std": 0.0, "f1": 0.9434, "f1_std": 0.0, "auc": 0.95858, "auc_std": 0.0}
{"epoch": 79, "time_epoch": 0.18257, "time_epoch_std": 0.0, "eta": 6.89399, "eta_std": 0.0, "eta_hours": 0.00191, "eta_hours_std": 0.0, "loss": 0.15938, "loss_std": 0.0, "lr": 0.0001, "lr_std": 0.0, "params": 8313.0, "params_std": 0.0, "time_iter": 0.06086, "time_iter_std": 0.0, "accuracy": 1.0, "accuracy_std": 0.0, "precision": 1.0, "precision_std": 0.0, "recall": 1.0, "recall_std": 0.0, "f1": 1.0, "f1_std": 0.0, "auc": 1.0, "auc_std": 0.0}
{"epoch": 80, "time_epoch": 0.1817, "time_epoch_std": 0.0, "eta": 6.51105, "eta_std": 0.0, "eta_hours": 0.00181, "eta_hours_std": 0.0, "loss": 0.17744, "loss_std": 0.0, "lr": 0.0001, "lr_std": 0.0, "params": 8313.0, "params_std": 0.0, "time_iter": 0.06057, "time_iter_std": 0.0, "accuracy": 0.97436, "accuracy_std": 0.0, "precision": 0.96296, "precision_std": 0.0, "recall": 1.0, "recall_std": 0.0, "f1": 0.98113, "f1_std": 0.0, "auc": 1.0, "auc_std": 0.0}
{"epoch": 81, "time_epoch": 0.18298, "time_epoch_std": 0.0, "eta": 6.13331, "eta_std": 0.0, "eta_hours": 0.0017, "eta_hours_std": 0.0, "loss": 0.14536, "loss_std": 0.0, "lr": 9e-05, "lr_std": 0.0, "params": 8313.0, "params_std": 0.0, "time_iter": 0.06099, "time_iter_std": 0.0, "accuracy": 0.97436, "accuracy_std": 0.0, "precision": 0.96296, "precision_std": 0.0, "recall": 1.0, "recall_std": 0.0, "f1": 0.98113, "f1_std": 0.0, "auc": 1.0, "auc_std": 0.0}
{"epoch": 82, "time_epoch": 0.18714, "time_epoch_std": 0.0, "eta": 5.76111, "eta_std": 0.0, "eta_hours": 0.0016, "eta_hours_std": 0.0, "loss": 0.15593, "loss_std": 0.0, "lr": 8e-05, "lr_std": 0.0, "params": 8313.0, "params_std": 0.0, "time_iter": 0.06238, "time_iter_std": 0.0, "accuracy": 1.0, "accuracy_std": 0.0, "precision": 1.0, "precision_std": 0.0, "recall": 1.0, "recall_std": 0.0, "f1": 1.0, "f1_std": 0.0, "auc": 1.0, "auc_std": 0.0}
{"epoch": 83, "time_epoch": 0.18058, "time_epoch_std": 0.0, "eta": 5.39207, "eta_std": 0.0, "eta_hours": 0.0015, "eta_hours_std": 0.0, "loss": 0.1414, "loss_std": 0.0, "lr": 7e-05, "lr_std": 0.0, "params": 8313.0, "params_std": 0.0, "time_iter": 0.06019, "time_iter_std": 0.0, "accuracy": 0.97436, "accuracy_std": 0.0, "precision": 0.96296, "precision_std": 0.0, "recall": 1.0, "recall_std": 0.0, "f1": 0.98113, "f1_std": 0.0, "auc": 1.0, "auc_std": 0.0}
{"epoch": 84, "time_epoch": 0.18348, "time_epoch_std": 0.0, "eta": 5.02797, "eta_std": 0.0, "eta_hours": 0.0014, "eta_hours_std": 0.0, "loss": 0.16831, "loss_std": 0.0, "lr": 6e-05, "lr_std": 0.0, "params": 8313.0, "params_std": 0.0, "time_iter": 0.06116, "time_iter_std": 0.0, "accuracy": 0.97436, "accuracy_std": 0.0, "precision": 0.96296, "precision_std": 0.0, "recall": 1.0, "recall_std": 0.0, "f1": 0.98113, "f1_std": 0.0, "auc": 1.0, "auc_std": 0.0}
{"epoch": 85, "time_epoch": 0.18775, "time_epoch_std": 0.0, "eta": 4.66877, "eta_std": 0.0, "eta_hours": 0.0013, "eta_hours_std": 0.0, "loss": 0.15229, "loss_std": 0.0, "lr": 5e-05, "lr_std": 0.0, "params": 8313.0, "params_std": 0.0, "time_iter": 0.06258, "time_iter_std": 0.0, "accuracy": 0.97436, "accuracy_std": 0.0, "precision": 0.96296, "precision_std": 0.0, "recall": 1.0, "recall_std": 0.0, "f1": 0.98113, "f1_std": 0.0, "auc": 1.0, "auc_std": 0.0}
{"epoch": 86, "time_epoch": 0.18636, "time_epoch_std": 0.0, "eta": 4.3133, "eta_std": 0.0, "eta_hours": 0.0012, "eta_hours_std": 0.0, "loss": 0.15384, "loss_std": 0.0, "lr": 5e-05, "lr_std": 0.0, "params": 8313.0, "params_std": 0.0, "time_iter": 0.06212, "time_iter_std": 0.0, "accuracy": 1.0, "accuracy_std": 0.0, "precision": 1.0, "precision_std": 0.0, "recall": 1.0, "recall_std": 0.0, "f1": 1.0, "f1_std": 0.0, "auc": 1.0, "auc_std": 0.0}
{"epoch": 87, "time_epoch": 0.18113, "time_epoch_std": 0.0, "eta": 3.96096, "eta_std": 0.0, "eta_hours": 0.0011, "eta_hours_std": 0.0, "loss": 0.20708, "loss_std": 0.0, "lr": 4e-05, "lr_std": 0.0, "params": 8313.0, "params_std": 0.0, "time_iter": 0.06038, "time_iter_std": 0.0, "accuracy": 0.97436, "accuracy_std": 0.0, "precision": 0.96296, "precision_std": 0.0, "recall": 1.0, "recall_std": 0.0, "f1": 0.98113, "f1_std": 0.0, "auc": 0.99704, "auc_std": 0.0}
{"epoch": 88, "time_epoch": 0.1825, "time_epoch_std": 0.0, "eta": 3.61264, "eta_std": 0.0, "eta_hours": 0.001, "eta_hours_std": 0.0, "loss": 0.14438, "loss_std": 0.0, "lr": 4e-05, "lr_std": 0.0, "params": 8313.0, "params_std": 0.0, "time_iter": 0.06083, "time_iter_std": 0.0, "accuracy": 0.97436, "accuracy_std": 0.0, "precision": 0.96296, "precision_std": 0.0, "recall": 1.0, "recall_std": 0.0, "f1": 0.98113, "f1_std": 0.0, "auc": 1.0, "auc_std": 0.0}
{"epoch": 89, "time_epoch": 0.18063, "time_epoch_std": 0.0, "eta": 3.2678, "eta_std": 0.0, "eta_hours": 0.00091, "eta_hours_std": 0.0, "loss": 0.13797, "loss_std": 0.0, "lr": 3e-05, "lr_std": 0.0, "params": 8313.0, "params_std": 0.0, "time_iter": 0.06021, "time_iter_std": 0.0, "accuracy": 1.0, "accuracy_std": 0.0, "precision": 1.0, "precision_std": 0.0, "recall": 1.0, "recall_std": 0.0, "f1": 1.0, "f1_std": 0.0, "auc": 1.0, "auc_std": 0.0}
{"epoch": 90, "time_epoch": 0.18345, "time_epoch_std": 0.0, "eta": 2.92684, "eta_std": 0.0, "eta_hours": 0.00081, "eta_hours_std": 0.0, "loss": 0.15838, "loss_std": 0.0, "lr": 2e-05, "lr_std": 0.0, "params": 8313.0, "params_std": 0.0, "time_iter": 0.06115, "time_iter_std": 0.0, "accuracy": 0.97436, "accuracy_std": 0.0, "precision": 0.96296, "precision_std": 0.0, "recall": 1.0, "recall_std": 0.0, "f1": 0.98113, "f1_std": 0.0, "auc": 1.0, "auc_std": 0.0}
{"epoch": 91, "time_epoch": 0.18181, "time_epoch_std": 0.0, "eta": 2.58917, "eta_std": 0.0, "eta_hours": 0.00072, "eta_hours_std": 0.0, "loss": 0.15306, "loss_std": 0.0, "lr": 2e-05, "lr_std": 0.0, "params": 8313.0, "params_std": 0.0, "time_iter": 0.0606, "time_iter_std": 0.0, "accuracy": 1.0, "accuracy_std": 0.0, "precision": 1.0, "precision_std": 0.0, "recall": 1.0, "recall_std": 0.0, "f1": 1.0, "f1_std": 0.0, "auc": 1.0, "auc_std": 0.0}
{"epoch": 92, "time_epoch": 0.1831, "time_epoch_std": 0.0, "eta": 2.25494, "eta_std": 0.0, "eta_hours": 0.00063, "eta_hours_std": 0.0, "loss": 0.13366, "loss_std": 0.0, "lr": 2e-05, "lr_std": 0.0, "params": 8313.0, "params_std": 0.0, "time_iter": 0.06103, "time_iter_std": 0.0, "accuracy": 1.0, "accuracy_std": 0.0, "precision": 1.0, "precision_std": 0.0, "recall": 1.0, "recall_std": 0.0, "f1": 1.0, "f1_std": 0.0, "auc": 1.0, "auc_std": 0.0}
{"epoch": 93, "time_epoch": 0.18606, "time_epoch_std": 0.0, "eta": 1.92412, "eta_std": 0.0, "eta_hours": 0.00053, "eta_hours_std": 0.0, "loss": 0.1465, "loss_std": 0.0, "lr": 1e-05, "lr_std": 0.0, "params": 8313.0, "params_std": 0.0, "time_iter": 0.06202, "time_iter_std": 0.0, "accuracy": 1.0, "accuracy_std": 0.0, "precision": 1.0, "precision_std": 0.0, "recall": 1.0, "recall_std": 0.0, "f1": 1.0, "f1_std": 0.0, "auc": 1.0, "auc_std": 0.0}
{"epoch": 94, "time_epoch": 0.1849, "time_epoch_std": 0.0, "eta": 1.59629, "eta_std": 0.0, "eta_hours": 0.00044, "eta_hours_std": 0.0, "loss": 0.1677, "loss_std": 0.0, "lr": 1e-05, "lr_std": 0.0, "params": 8313.0, "params_std": 0.0, "time_iter": 0.06163, "time_iter_std": 0.0, "accuracy": 1.0, "accuracy_std": 0.0, "precision": 1.0, "precision_std": 0.0, "recall": 1.0, "recall_std": 0.0, "f1": 1.0, "f1_std": 0.0, "auc": 1.0, "auc_std": 0.0}
{"epoch": 95, "time_epoch": 0.18503, "time_epoch_std": 0.0, "eta": 1.27144, "eta_std": 0.0, "eta_hours": 0.00035, "eta_hours_std": 0.0, "loss": 0.15503, "loss_std": 0.0, "lr": 1e-05, "lr_std": 0.0, "params": 8313.0, "params_std": 0.0, "time_iter": 0.06168, "time_iter_std": 0.0, "accuracy": 1.0, "accuracy_std": 0.0, "precision": 1.0, "precision_std": 0.0, "recall": 1.0, "recall_std": 0.0, "f1": 1.0, "f1_std": 0.0, "auc": 1.0, "auc_std": 0.0}
{"epoch": 96, "time_epoch": 0.18012, "time_epoch_std": 0.0, "eta": 0.94932, "eta_std": 0.0, "eta_hours": 0.00026, "eta_hours_std": 0.0, "loss": 0.20816, "loss_std": 0.0, "lr": 0.0, "lr_std": 0.0, "params": 8313.0, "params_std": 0.0, "time_iter": 0.06004, "time_iter_std": 0.0, "accuracy": 0.92308, "accuracy_std": 0.0, "precision": 0.96, "precision_std": 0.0, "recall": 0.92308, "recall_std": 0.0, "f1": 0.94118, "f1_std": 0.0, "auc": 0.99112, "auc_std": 0.0}
{"epoch": 97, "time_epoch": 0.18273, "time_epoch_std": 0.0, "eta": 0.63015, "eta_std": 0.0, "eta_hours": 0.00018, "eta_hours_std": 0.0, "loss": 0.17571, "loss_std": 0.0, "lr": 0.0, "lr_std": 0.0, "params": 8313.0, "params_std": 0.0, "time_iter": 0.06091, "time_iter_std": 0.0, "accuracy": 1.0, "accuracy_std": 0.0, "precision": 1.0, "precision_std": 0.0, "recall": 1.0, "recall_std": 0.0, "f1": 1.0, "f1_std": 0.0, "auc": 1.0, "auc_std": 0.0}
{"epoch": 98, "time_epoch": 0.1859, "time_epoch_std": 0.0, "eta": 0.31377, "eta_std": 0.0, "eta_hours": 9e-05, "eta_hours_std": 0.0, "loss": 0.14175, "loss_std": 0.0, "lr": 0.0, "lr_std": 0.0, "params": 8313.0, "params_std": 0.0, "time_iter": 0.06197, "time_iter_std": 0.0, "accuracy": 1.0, "accuracy_std": 0.0, "precision": 1.0, "precision_std": 0.0, "recall": 1.0, "recall_std": 0.0, "f1": 1.0, "f1_std": 0.0, "auc": 1.0, "auc_std": 0.0}
{"epoch": 99, "time_epoch": 0.18317, "time_epoch_std": 0.0, "eta": 0.0, "eta_std": 0.0, "eta_hours": 0.0, "eta_hours_std": 0.0, "loss": 0.15297, "loss_std": 0.0, "lr": 0.0, "lr_std": 0.0, "params": 8313.0, "params_std": 0.0, "time_iter": 0.06106, "time_iter_std": 0.0, "accuracy": 0.97436, "accuracy_std": 0.0, "precision": 0.96296, "precision_std": 0.0, "recall": 1.0, "recall_std": 0.0, "f1": 0.98113, "f1_std": 0.0, "auc": 1.0, "auc_std": 0.0}
