{"epoch": 0, "time_epoch": 3.81555, "eta": 377.73913, "eta_hours": 0.10493, "loss": 0.68292947, "lr": 0.001, "params": 4849, "time_iter": 0.01298, "accuracy": 0.57313, "precision": 0.42, "recall": 0.08642, "f1": 0.14334, "auc": 0.48456}
{"epoch": 1, "time_epoch": 3.72781, "eta": 369.62463, "eta_hours": 0.10267, "loss": 0.67920436, "lr": 0.00099975, "params": 4849, "time_iter": 0.01268, "accuracy": 0.58673, "precision": 0.0, "recall": 0.0, "f1": 0.0, "auc": 0.47116}
{"epoch": 2, "time_epoch": 3.64662, "eta": 361.8095, "eta_hours": 0.1005, "loss": 0.67921583, "lr": 0.00099901, "params": 4849, "time_iter": 0.0124, "accuracy": 0.58673, "precision": 0.0, "recall": 0.0, "f1": 0.0, "auc": 0.45461}
{"epoch": 3, "time_epoch": 3.7335, "eta": 358.16354, "eta_hours": 0.09949, "loss": 0.67890121, "lr": 0.00099778, "params": 4849, "time_iter": 0.0127, "accuracy": 0.58673, "precision": 0.0, "recall": 0.0, "f1": 0.0, "auc": 0.46701}
{"epoch": 4, "time_epoch": 3.67993, "eta": 353.46486, "eta_hours": 0.09818, "loss": 0.67936335, "lr": 0.00099606, "params": 4849, "time_iter": 0.01252, "accuracy": 0.58673, "precision": 0.0, "recall": 0.0, "f1": 0.0, "auc": 0.46683}
{"epoch": 5, "time_epoch": 3.66679, "eta": 348.89992, "eta_hours": 0.09692, "loss": 0.6784615, "lr": 0.00099384, "params": 4849, "time_iter": 0.01247, "accuracy": 0.58673, "precision": 0.0, "recall": 0.0, "f1": 0.0, "auc": 0.48946}
{"epoch": 6, "time_epoch": 3.48042, "eta": 342.11548, "eta_hours": 0.09503, "loss": 0.67883845, "lr": 0.00099114, "params": 4849, "time_iter": 0.01184, "accuracy": 0.58673, "precision": 0.0, "recall": 0.0, "f1": 0.0, "auc": 0.504}
{"epoch": 7, "time_epoch": 3.66644, "eta": 338.29624, "eta_hours": 0.09397, "loss": 0.67919913, "lr": 0.00098796, "params": 4849, "time_iter": 0.01247, "accuracy": 0.58673, "precision": 0.0, "recall": 0.0, "f1": 0.0, "auc": 0.45415}
{"epoch": 8, "time_epoch": 3.66546, "eta": 334.50105, "eta_hours": 0.09292, "loss": 0.6784612, "lr": 0.00098429, "params": 4849, "time_iter": 0.01247, "accuracy": 0.58673, "precision": 0.0, "recall": 0.0, "f1": 0.0, "auc": 0.50165}
{"epoch": 9, "time_epoch": 3.47708, "eta": 329.03643, "eta_hours": 0.0914, "loss": 0.67924174, "lr": 0.00098015, "params": 4849, "time_iter": 0.01183, "accuracy": 0.58673, "precision": 0.0, "recall": 0.0, "f1": 0.0, "auc": 0.46459}
{"epoch": 10, "time_epoch": 2.95583, "eta": 319.71575, "eta_hours": 0.08881, "loss": 0.67918027, "lr": 0.00097553, "params": 4849, "time_iter": 0.01005, "accuracy": 0.58673, "precision": 0.0, "recall": 0.0, "f1": 0.0, "auc": 0.45674}
{"epoch": 11, "time_epoch": 2.90374, "eta": 311.07394, "eta_hours": 0.08641, "loss": 0.67872565, "lr": 0.00097044, "params": 4849, "time_iter": 0.00988, "accuracy": 0.58673, "precision": 0.0, "recall": 0.0, "f1": 0.0, "auc": 0.46154}
{"epoch": 12, "time_epoch": 2.90341, "eta": 303.31266, "eta_hours": 0.08425, "loss": 0.67892467, "lr": 0.00096489, "params": 4849, "time_iter": 0.00988, "accuracy": 0.58673, "precision": 0.0, "recall": 0.0, "f1": 0.0, "auc": 0.43315}
{"epoch": 13, "time_epoch": 2.97711, "eta": 296.69812, "eta_hours": 0.08242, "loss": 0.67872122, "lr": 0.00095888, "params": 4849, "time_iter": 0.01013, "accuracy": 0.58673, "precision": 0.0, "recall": 0.0, "f1": 0.0, "auc": 0.45751}
{"epoch": 14, "time_epoch": 3.53617, "eta": 293.73656, "eta_hours": 0.08159, "loss": 0.6787827, "lr": 0.00095241, "params": 4849, "time_iter": 0.01203, "accuracy": 0.58673, "precision": 0.0, "recall": 0.0, "f1": 0.0, "auc": 0.462}
{"epoch": 15, "time_epoch": 2.9763, "eta": 287.76385, "eta_hours": 0.07993, "loss": 0.67893522, "lr": 0.0009455, "params": 4849, "time_iter": 0.01012, "accuracy": 0.58673, "precision": 0.0, "recall": 0.0, "f1": 0.0, "auc": 0.45035}
{"epoch": 16, "time_epoch": 3.63898, "eta": 285.37913, "eta_hours": 0.07927, "loss": 0.67879311, "lr": 0.00093815, "params": 4849, "time_iter": 0.01238, "accuracy": 0.58673, "precision": 0.0, "recall": 0.0, "f1": 0.0, "auc": 0.47258}
{"epoch": 17, "time_epoch": 3.01836, "eta": 280.02774, "eta_hours": 0.07779, "loss": 0.67864718, "lr": 0.00093037, "params": 4849, "time_iter": 0.01027, "accuracy": 0.58673, "precision": 0.0, "recall": 0.0, "f1": 0.0, "auc": 0.4418}
{"epoch": 18, "time_epoch": 3.66204, "eta": 277.66604, "eta_hours": 0.07713, "loss": 0.67924498, "lr": 0.00092216, "params": 4849, "time_iter": 0.01246, "accuracy": 0.58673, "precision": 0.0, "recall": 0.0, "f1": 0.0, "auc": 0.47294}
{"epoch": 19, "time_epoch": 3.5734, "eta": 274.81977, "eta_hours": 0.07634, "loss": 0.67860222, "lr": 0.00091354, "params": 4849, "time_iter": 0.01215, "accuracy": 0.58673, "precision": 0.0, "recall": 0.0, "f1": 0.0, "auc": 0.48269}
{"epoch": 20, "time_epoch": 3.24891, "eta": 270.68354, "eta_hours": 0.07519, "loss": 0.67895234, "lr": 0.00090451, "params": 4849, "time_iter": 0.01105, "accuracy": 0.58673, "precision": 0.0, "recall": 0.0, "f1": 0.0, "auc": 0.46654}
{"epoch": 21, "time_epoch": 3.25028, "eta": 266.63283, "eta_hours": 0.07406, "loss": 0.67877036, "lr": 0.00089508, "params": 4849, "time_iter": 0.01106, "accuracy": 0.58673, "precision": 0.0, "recall": 0.0, "f1": 0.0, "auc": 0.46153}
{"epoch": 22, "time_epoch": 3.17947, "eta": 262.41467, "eta_hours": 0.07289, "loss": 0.67890524, "lr": 0.00088526, "params": 4849, "time_iter": 0.01081, "accuracy": 0.58673, "precision": 0.0, "recall": 0.0, "f1": 0.0, "auc": 0.45919}
{"epoch": 23, "time_epoch": 2.94331, "eta": 257.53521, "eta_hours": 0.07154, "loss": 0.67894407, "lr": 0.00087506, "params": 4849, "time_iter": 0.01001, "accuracy": 0.58673, "precision": 0.0, "recall": 0.0, "f1": 0.0, "auc": 0.4512}
{"epoch": 24, "time_epoch": 3.74947, "eta": 255.22914, "eta_hours": 0.0709, "loss": 0.67873523, "lr": 0.00086448, "params": 4849, "time_iter": 0.01275, "accuracy": 0.58673, "precision": 0.0, "recall": 0.0, "f1": 0.0, "auc": 0.45227}
{"epoch": 25, "time_epoch": 3.65075, "eta": 252.53108, "eta_hours": 0.07015, "loss": 0.67881787, "lr": 0.00085355, "params": 4849, "time_iter": 0.01242, "accuracy": 0.58673, "precision": 0.0, "recall": 0.0, "f1": 0.0, "auc": 0.46036}
{"epoch": 26, "time_epoch": 3.67481, "eta": 249.82749, "eta_hours": 0.0694, "loss": 0.67868107, "lr": 0.00084227, "params": 4849, "time_iter": 0.0125, "accuracy": 0.58673, "precision": 0.0, "recall": 0.0, "f1": 0.0, "auc": 0.45998}
{"epoch": 27, "time_epoch": 3.63549, "eta": 246.95341, "eta_hours": 0.0686, "loss": 0.67851975, "lr": 0.00083066, "params": 4849, "time_iter": 0.01237, "accuracy": 0.58673, "precision": 0.0, "recall": 0.0, "f1": 0.0, "auc": 0.45924}
{"epoch": 28, "time_epoch": 3.64028, "eta": 244.03856, "eta_hours": 0.06779, "loss": 0.67877658, "lr": 0.00081871, "params": 4849, "time_iter": 0.01238, "accuracy": 0.58673, "precision": 0.0, "recall": 0.0, "f1": 0.0, "auc": 0.46073}
{"epoch": 29, "time_epoch": 3.62553, "eta": 241.04092, "eta_hours": 0.06696, "loss": 0.67860806, "lr": 0.00080645, "params": 4849, "time_iter": 0.01233, "accuracy": 0.58673, "precision": 0.0, "recall": 0.0, "f1": 0.0, "auc": 0.47388}
{"epoch": 30, "time_epoch": 3.14175, "eta": 236.92597, "eta_hours": 0.06581, "loss": 0.67862915, "lr": 0.00079389, "params": 4849, "time_iter": 0.01069, "accuracy": 0.58673, "precision": 0.0, "recall": 0.0, "f1": 0.0, "auc": 0.43956}
{"epoch": 31, "time_epoch": 2.9618, "eta": 232.48945, "eta_hours": 0.06458, "loss": 0.67844632, "lr": 0.00078104, "params": 4849, "time_iter": 0.01007, "accuracy": 0.58673, "precision": 0.0, "recall": 0.0, "f1": 0.0, "auc": 0.47262}
{"epoch": 32, "time_epoch": 3.07322, "eta": 228.36853, "eta_hours": 0.06344, "loss": 0.678686, "lr": 0.00076791, "params": 4849, "time_iter": 0.01045, "accuracy": 0.58673, "precision": 0.0, "recall": 0.0, "f1": 0.0, "auc": 0.45512}
{"epoch": 33, "time_epoch": 3.2035, "eta": 224.56213, "eta_hours": 0.06238, "loss": 0.67851304, "lr": 0.00075452, "params": 4849, "time_iter": 0.0109, "accuracy": 0.58673, "precision": 0.0, "recall": 0.0, "f1": 0.0, "auc": 0.43147}
{"epoch": 34, "time_epoch": 3.24668, "eta": 220.87037, "eta_hours": 0.06135, "loss": 0.67833651, "lr": 0.00074088, "params": 4849, "time_iter": 0.01104, "accuracy": 0.58673, "precision": 0.0, "recall": 0.0, "f1": 0.0, "auc": 0.48046}
{"epoch": 35, "time_epoch": 3.26909, "eta": 217.24318, "eta_hours": 0.06035, "loss": 0.67861957, "lr": 0.000727, "params": 4849, "time_iter": 0.01112, "accuracy": 0.58673, "precision": 0.0, "recall": 0.0, "f1": 0.0, "auc": 0.43537}
{"epoch": 36, "time_epoch": 3.25435, "eta": 213.61024, "eta_hours": 0.05934, "loss": 0.67840643, "lr": 0.00071289, "params": 4849, "time_iter": 0.01107, "accuracy": 0.58673, "precision": 0.0, "recall": 0.0, "f1": 0.0, "auc": 0.46649}
{"epoch": 37, "time_epoch": 3.32441, "eta": 210.11155, "eta_hours": 0.05836, "loss": 0.67842065, "lr": 0.00069857, "params": 4849, "time_iter": 0.01131, "accuracy": 0.58673, "precision": 0.0, "recall": 0.0, "f1": 0.0, "auc": 0.46955}
{"epoch": 38, "time_epoch": 3.27456, "eta": 206.54383, "eta_hours": 0.05737, "loss": 0.67840188, "lr": 0.00068406, "params": 4849, "time_iter": 0.01114, "accuracy": 0.58673, "precision": 0.0, "recall": 0.0, "f1": 0.0, "auc": 0.44929}
{"epoch": 39, "time_epoch": 3.29348, "eta": 203.01914, "eta_hours": 0.05639, "loss": 0.67843203, "lr": 0.00066937, "params": 4849, "time_iter": 0.0112, "accuracy": 0.58673, "precision": 0.0, "recall": 0.0, "f1": 0.0, "auc": 0.45339}
{"epoch": 40, "time_epoch": 3.27751, "eta": 199.48274, "eta_hours": 0.05541, "loss": 0.67845472, "lr": 0.00065451, "params": 4849, "time_iter": 0.01115, "accuracy": 0.58673, "precision": 0.0, "recall": 0.0, "f1": 0.0, "auc": 0.45066}
{"epoch": 41, "time_epoch": 3.26209, "eta": 195.93738, "eta_hours": 0.05443, "loss": 0.67851198, "lr": 0.0006395, "params": 4849, "time_iter": 0.0111, "accuracy": 0.58673, "precision": 0.0, "recall": 0.0, "f1": 0.0, "auc": 0.44028}
{"epoch": 42, "time_epoch": 3.28474, "eta": 192.43522, "eta_hours": 0.05345, "loss": 0.67838088, "lr": 0.00062434, "params": 4849, "time_iter": 0.01117, "accuracy": 0.58673, "precision": 0.0, "recall": 0.0, "f1": 0.0, "auc": 0.43113}
{"epoch": 43, "time_epoch": 3.25226, "eta": 188.90161, "eta_hours": 0.05247, "loss": 0.67831337, "lr": 0.00060907, "params": 4849, "time_iter": 0.01106, "accuracy": 0.58673, "precision": 0.0, "recall": 0.0, "f1": 0.0, "auc": 0.45071}
{"epoch": 44, "time_epoch": 3.27199, "eta": 185.40461, "eta_hours": 0.0515, "loss": 0.67833529, "lr": 0.00059369, "params": 4849, "time_iter": 0.01113, "accuracy": 0.58673, "precision": 0.0, "recall": 0.0, "f1": 0.0, "auc": 0.44052}
{"epoch": 45, "time_epoch": 3.25655, "eta": 181.89927, "eta_hours": 0.05053, "loss": 0.67861017, "lr": 0.00057822, "params": 4849, "time_iter": 0.01108, "accuracy": 0.58673, "precision": 0.0, "recall": 0.0, "f1": 0.0, "auc": 0.43519}
{"epoch": 46, "time_epoch": 3.28443, "eta": 178.43595, "eta_hours": 0.04957, "loss": 0.67844208, "lr": 0.00056267, "params": 4849, "time_iter": 0.01117, "accuracy": 0.58673, "precision": 0.0, "recall": 0.0, "f1": 0.0, "auc": 0.46209}
{"epoch": 47, "time_epoch": 3.27943, "eta": 174.97467, "eta_hours": 0.0486, "loss": 0.67836294, "lr": 0.00054705, "params": 4849, "time_iter": 0.01115, "accuracy": 0.58673, "precision": 0.0, "recall": 0.0, "f1": 0.0, "auc": 0.43862}
{"epoch": 48, "time_epoch": 3.25652, "eta": 171.49697, "eta_hours": 0.04764, "loss": 0.67836269, "lr": 0.0005314, "params": 4849, "time_iter": 0.01108, "accuracy": 0.58673, "precision": 0.0, "recall": 0.0, "f1": 0.0, "auc": 0.45109}
{"epoch": 49, "time_epoch": 3.25295, "eta": 168.02456, "eta_hours": 0.04667, "loss": 0.67835838, "lr": 0.00051571, "params": 4849, "time_iter": 0.01106, "accuracy": 0.58673, "precision": 0.0, "recall": 0.0, "f1": 0.0, "auc": 0.45604}
{"epoch": 50, "time_epoch": 3.26493, "eta": 164.57225, "eta_hours": 0.04571, "loss": 0.67833075, "lr": 0.0005, "params": 4849, "time_iter": 0.01111, "accuracy": 0.58673, "precision": 0.0, "recall": 0.0, "f1": 0.0, "auc": 0.43361}
{"epoch": 51, "time_epoch": 3.28869, "eta": 161.14908, "eta_hours": 0.04476, "loss": 0.67839955, "lr": 0.00048429, "params": 4849, "time_iter": 0.01119, "accuracy": 0.58673, "precision": 0.0, "recall": 0.0, "f1": 0.0, "auc": 0.45531}
{"epoch": 52, "time_epoch": 3.24605, "eta": 157.69318, "eta_hours": 0.0438, "loss": 0.67835202, "lr": 0.0004686, "params": 4849, "time_iter": 0.01104, "accuracy": 0.58673, "precision": 0.0, "recall": 0.0, "f1": 0.0, "auc": 0.47066}
{"epoch": 53, "time_epoch": 3.24121, "eta": 154.24093, "eta_hours": 0.04284, "loss": 0.67834136, "lr": 0.00045295, "params": 4849, "time_iter": 0.01102, "accuracy": 0.58673, "precision": 0.0, "recall": 0.0, "f1": 0.0, "auc": 0.4517}
{"epoch": 54, "time_epoch": 3.29428, "eta": 150.83977, "eta_hours": 0.0419, "loss": 0.67830826, "lr": 0.00043733, "params": 4849, "time_iter": 0.01121, "accuracy": 0.58673, "precision": 0.0, "recall": 0.0, "f1": 0.0, "auc": 0.44682}
{"epoch": 55, "time_epoch": 3.25172, "eta": 147.40899, "eta_hours": 0.04095, "loss": 0.67828633, "lr": 0.00042178, "params": 4849, "time_iter": 0.01106, "accuracy": 0.58673, "precision": 0.0, "recall": 0.0, "f1": 0.0, "auc": 0.46779}
{"epoch": 56, "time_epoch": 3.25033, "eta": 143.98344, "eta_hours": 0.04, "loss": 0.67831035, "lr": 0.00040631, "params": 4849, "time_iter": 0.01106, "accuracy": 0.58673, "precision": 0.0, "recall": 0.0, "f1": 0.0, "auc": 0.47267}
{"epoch": 57, "time_epoch": 3.26042, "eta": 140.57124, "eta_hours": 0.03905, "loss": 0.67828722, "lr": 0.00039093, "params": 4849, "time_iter": 0.01109, "accuracy": 0.58673, "precision": 0.0, "recall": 0.0, "f1": 0.0, "auc": 0.46112}
{"epoch": 58, "time_epoch": 3.27668, "eta": 137.17549, "eta_hours": 0.0381, "loss": 0.67834957, "lr": 0.00037566, "params": 4849, "time_iter": 0.01115, "accuracy": 0.58673, "precision": 0.0, "recall": 0.0, "f1": 0.0, "auc": 0.46069}
{"epoch": 59, "time_epoch": 3.2879, "eta": 133.79118, "eta_hours": 0.03716, "loss": 0.67828138, "lr": 0.0003605, "params": 4849, "time_iter": 0.01118, "accuracy": 0.58673, "precision": 0.0, "recall": 0.0, "f1": 0.0, "auc": 0.46894}
{"epoch": 60, "time_epoch": 3.25097, "eta": 130.38643, "eta_hours": 0.03622, "loss": 0.67825096, "lr": 0.00034549, "params": 4849, "time_iter": 0.01106, "accuracy": 0.58673, "precision": 0.0, "recall": 0.0, "f1": 0.0, "auc": 0.46097}
{"epoch": 61, "time_epoch": 3.26192, "eta": 126.99334, "eta_hours": 0.03528, "loss": 0.67832587, "lr": 0.00033063, "params": 4849, "time_iter": 0.01109, "accuracy": 0.58673, "precision": 0.0, "recall": 0.0, "f1": 0.0, "auc": 0.43796}
{"epoch": 62, "time_epoch": 3.26134, "eta": 123.60408, "eta_hours": 0.03433, "loss": 0.67819988, "lr": 0.00031594, "params": 4849, "time_iter": 0.01109, "accuracy": 0.58673, "precision": 0.0, "recall": 0.0, "f1": 0.0, "auc": 0.46292}
{"epoch": 63, "time_epoch": 3.27049, "eta": 120.22397, "eta_hours": 0.0334, "loss": 0.6782154, "lr": 0.00030143, "params": 4849, "time_iter": 0.01112, "accuracy": 0.58673, "precision": 0.0, "recall": 0.0, "f1": 0.0, "auc": 0.42207}
{"epoch": 64, "time_epoch": 3.24641, "eta": 116.83425, "eta_hours": 0.03245, "loss": 0.67832628, "lr": 0.00028711, "params": 4849, "time_iter": 0.01104, "accuracy": 0.58673, "precision": 0.0, "recall": 0.0, "f1": 0.0, "auc": 0.45541}
{"epoch": 65, "time_epoch": 3.265, "eta": 113.45846, "eta_hours": 0.03152, "loss": 0.67817918, "lr": 0.000273, "params": 4849, "time_iter": 0.01111, "accuracy": 0.58673, "precision": 0.0, "recall": 0.0, "f1": 0.0, "auc": 0.45971}
{"epoch": 66, "time_epoch": 3.29097, "eta": 110.09877, "eta_hours": 0.03058, "loss": 0.67818433, "lr": 0.00025912, "params": 4849, "time_iter": 0.01119, "accuracy": 0.58673, "precision": 0.0, "recall": 0.0, "f1": 0.0, "auc": 0.44499}
{"epoch": 67, "time_epoch": 3.17798, "eta": 106.68793, "eta_hours": 0.02964, "loss": 0.67821092, "lr": 0.00024548, "params": 4849, "time_iter": 0.01081, "accuracy": 0.58673, "precision": 0.0, "recall": 0.0, "f1": 0.0, "auc": 0.46424}
{"epoch": 68, "time_epoch": 3.18319, "eta": 103.28618, "eta_hours": 0.02869, "loss": 0.67816657, "lr": 0.00023209, "params": 4849, "time_iter": 0.01083, "accuracy": 0.58673, "precision": 0.0, "recall": 0.0, "f1": 0.0, "auc": 0.45074}
{"epoch": 69, "time_epoch": 3.34206, "eta": 99.95876, "eta_hours": 0.02777, "loss": 0.67819704, "lr": 0.00021896, "params": 4849, "time_iter": 0.01137, "accuracy": 0.58673, "precision": 0.0, "recall": 0.0, "f1": 0.0, "auc": 0.45576}
{"epoch": 70, "time_epoch": 3.2568, "eta": 96.5961, "eta_hours": 0.02683, "loss": 0.67815911, "lr": 0.00020611, "params": 4849, "time_iter": 0.01108, "accuracy": 0.58673, "precision": 0.0, "recall": 0.0, "f1": 0.0, "auc": 0.44948}
{"epoch": 71, "time_epoch": 3.3009, "eta": 93.25354, "eta_hours": 0.0259, "loss": 0.67816086, "lr": 0.00019355, "params": 4849, "time_iter": 0.01123, "accuracy": 0.58673, "precision": 0.0, "recall": 0.0, "f1": 0.0, "auc": 0.45628}
{"epoch": 72, "time_epoch": 3.25373, "eta": 89.89467, "eta_hours": 0.02497, "loss": 0.67811223, "lr": 0.00018129, "params": 4849, "time_iter": 0.01107, "accuracy": 0.58673, "precision": 0.0, "recall": 0.0, "f1": 0.0, "auc": 0.46484}
{"epoch": 73, "time_epoch": 3.25088, "eta": 86.53763, "eta_hours": 0.02404, "loss": 0.67812894, "lr": 0.00016934, "params": 4849, "time_iter": 0.01106, "accuracy": 0.58673, "precision": 0.0, "recall": 0.0, "f1": 0.0, "auc": 0.46172}
{"epoch": 74, "time_epoch": 3.29093, "eta": 83.19678, "eta_hours": 0.02311, "loss": 0.67807465, "lr": 0.00015773, "params": 4849, "time_iter": 0.01119, "accuracy": 0.58673, "precision": 0.0, "recall": 0.0, "f1": 0.0, "auc": 0.44216}
{"epoch": 75, "time_epoch": 3.29373, "eta": 79.85813, "eta_hours": 0.02218, "loss": 0.67810998, "lr": 0.00014645, "params": 4849, "time_iter": 0.0112, "accuracy": 0.58673, "precision": 0.0, "recall": 0.0, "f1": 0.0, "auc": 0.46477}
{"epoch": 76, "time_epoch": 3.25059, "eta": 76.50776, "eta_hours": 0.02125, "loss": 0.67816705, "lr": 0.00013552, "params": 4849, "time_iter": 0.01106, "accuracy": 0.58673, "precision": 0.0, "recall": 0.0, "f1": 0.0, "auc": 0.43908}
{"epoch": 77, "time_epoch": 3.2649, "eta": 73.16398, "eta_hours": 0.02032, "loss": 0.67812431, "lr": 0.00012494, "params": 4849, "time_iter": 0.01111, "accuracy": 0.58673, "precision": 0.0, "recall": 0.0, "f1": 0.0, "auc": 0.45878}
{"epoch": 78, "time_epoch": 3.29284, "eta": 69.82963, "eta_hours": 0.0194, "loss": 0.67809994, "lr": 0.00011474, "params": 4849, "time_iter": 0.0112, "accuracy": 0.58673, "precision": 0.0, "recall": 0.0, "f1": 0.0, "auc": 0.43246}
{"epoch": 79, "time_epoch": 3.3883, "eta": 66.52018, "eta_hours": 0.01848, "loss": 0.67810828, "lr": 0.00010492, "params": 4849, "time_iter": 0.01152, "accuracy": 0.58673, "precision": 0.0, "recall": 0.0, "f1": 0.0, "auc": 0.45127}
{"epoch": 80, "time_epoch": 3.23129, "eta": 63.17195, "eta_hours": 0.01755, "loss": 0.67807875, "lr": 9.549e-05, "params": 4849, "time_iter": 0.01099, "accuracy": 0.58673, "precision": 0.0, "recall": 0.0, "f1": 0.0, "auc": 0.46123}
{"epoch": 81, "time_epoch": 3.24957, "eta": 59.83059, "eta_hours": 0.01662, "loss": 0.67807353, "lr": 8.646e-05, "params": 4849, "time_iter": 0.01105, "accuracy": 0.58673, "precision": 0.0, "recall": 0.0, "f1": 0.0, "auc": 0.4312}
{"epoch": 82, "time_epoch": 3.29706, "eta": 56.50116, "eta_hours": 0.01569, "loss": 0.67809425, "lr": 7.784e-05, "params": 4849, "time_iter": 0.01121, "accuracy": 0.58673, "precision": 0.0, "recall": 0.0, "f1": 0.0, "auc": 0.43141}
{"epoch": 83, "time_epoch": 3.29579, "eta": 53.17227, "eta_hours": 0.01477, "loss": 0.67808778, "lr": 6.963e-05, "params": 4849, "time_iter": 0.01121, "accuracy": 0.58673, "precision": 0.0, "recall": 0.0, "f1": 0.0, "auc": 0.44035}
{"epoch": 84, "time_epoch": 3.25281, "eta": 49.83657, "eta_hours": 0.01384, "loss": 0.67807362, "lr": 6.185e-05, "params": 4849, "time_iter": 0.01106, "accuracy": 0.58673, "precision": 0.0, "recall": 0.0, "f1": 0.0, "auc": 0.43867}
{"epoch": 85, "time_epoch": 3.2688, "eta": 46.5054, "eta_hours": 0.01292, "loss": 0.67805354, "lr": 5.45e-05, "params": 4849, "time_iter": 0.01112, "accuracy": 0.58673, "precision": 0.0, "recall": 0.0, "f1": 0.0, "auc": 0.45815}
{"epoch": 86, "time_epoch": 3.28009, "eta": 43.17735, "eta_hours": 0.01199, "loss": 0.67806417, "lr": 4.759e-05, "params": 4849, "time_iter": 0.01116, "accuracy": 0.58673, "precision": 0.0, "recall": 0.0, "f1": 0.0, "auc": 0.40566}
{"epoch": 87, "time_epoch": 3.26492, "eta": 39.84832, "eta_hours": 0.01107, "loss": 0.67805663, "lr": 4.112e-05, "params": 4849, "time_iter": 0.01111, "accuracy": 0.58673, "precision": 0.0, "recall": 0.0, "f1": 0.0, "auc": 0.44856}
{"epoch": 88, "time_epoch": 3.25742, "eta": 36.51981, "eta_hours": 0.01014, "loss": 0.67804915, "lr": 3.511e-05, "params": 4849, "time_iter": 0.01108, "accuracy": 0.58673, "precision": 0.0, "recall": 0.0, "f1": 0.0, "auc": 0.4441}
{"epoch": 89, "time_epoch": 3.2651, "eta": 33.19373, "eta_hours": 0.00922, "loss": 0.67804968, "lr": 2.956e-05, "params": 4849, "time_iter": 0.01111, "accuracy": 0.58673, "precision": 0.0, "recall": 0.0, "f1": 0.0, "auc": 0.45133}
{"epoch": 90, "time_epoch": 3.27549, "eta": 29.87002, "eta_hours": 0.0083, "loss": 0.67804378, "lr": 2.447e-05, "params": 4849, "time_iter": 0.01114, "accuracy": 0.58673, "precision": 0.0, "recall": 0.0, "f1": 0.0, "auc": 0.45805}
{"epoch": 91, "time_epoch": 3.25085, "eta": 26.54521, "eta_hours": 0.00737, "loss": 0.67803552, "lr": 1.985e-05, "params": 4849, "time_iter": 0.01106, "accuracy": 0.58673, "precision": 0.0, "recall": 0.0, "f1": 0.0, "auc": 0.43822}
{"epoch": 92, "time_epoch": 3.25394, "eta": 23.22222, "eta_hours": 0.00645, "loss": 0.6780393, "lr": 1.571e-05, "params": 4849, "time_iter": 0.01107, "accuracy": 0.58673, "precision": 0.0, "recall": 0.0, "f1": 0.0, "auc": 0.4373}
{"epoch": 93, "time_epoch": 3.20113, "eta": 19.89734, "eta_hours": 0.00553, "loss": 0.67803238, "lr": 1.204e-05, "params": 4849, "time_iter": 0.01089, "accuracy": 0.58673, "precision": 0.0, "recall": 0.0, "f1": 0.0, "auc": 0.44097}
{"epoch": 94, "time_epoch": 3.18171, "eta": 16.57404, "eta_hours": 0.0046, "loss": 0.67803049, "lr": 8.86e-06, "params": 4849, "time_iter": 0.01082, "accuracy": 0.58673, "precision": 0.0, "recall": 0.0, "f1": 0.0, "auc": 0.4289}
{"epoch": 95, "time_epoch": 3.18808, "eta": 13.25395, "eta_hours": 0.00368, "loss": 0.67802815, "lr": 6.16e-06, "params": 4849, "time_iter": 0.01084, "accuracy": 0.58673, "precision": 0.0, "recall": 0.0, "f1": 0.0, "auc": 0.45727}
{"epoch": 96, "time_epoch": 3.29065, "eta": 9.93975, "eta_hours": 0.00276, "loss": 0.67802782, "lr": 3.94e-06, "params": 4849, "time_iter": 0.01119, "accuracy": 0.58673, "precision": 0.0, "recall": 0.0, "f1": 0.0, "auc": 0.46843}
{"epoch": 97, "time_epoch": 3.27497, "eta": 6.62572, "eta_hours": 0.00184, "loss": 0.67802657, "lr": 2.22e-06, "params": 4849, "time_iter": 0.01114, "accuracy": 0.58673, "precision": 0.0, "recall": 0.0, "f1": 0.0, "auc": 0.43058}
{"epoch": 98, "time_epoch": 3.2939, "eta": 3.31267, "eta_hours": 0.00092, "loss": 0.6780259, "lr": 9.9e-07, "params": 4849, "time_iter": 0.0112, "accuracy": 0.58673, "precision": 0.0, "recall": 0.0, "f1": 0.0, "auc": 0.43794}
{"epoch": 99, "time_epoch": 3.27384, "eta": 0.0, "eta_hours": 0.0, "loss": 0.67802532, "lr": 2.5e-07, "params": 4849, "time_iter": 0.01114, "accuracy": 0.58673, "precision": 0.0, "recall": 0.0, "f1": 0.0, "auc": 0.45504}
