{"epoch": 0, "time_epoch": 24.45576, "eta": 2421.12048, "eta_hours": 0.67253, "loss": 1.10216859, "lr": 0.001, "params": 5327, "time_iter": 0.13008, "accuracy": 0.34267, "f1": 0.26688, "auc": 0.47079}
{"epoch": 1, "time_epoch": 11.69835, "eta": 1771.55156, "eta_hours": 0.4921, "loss": 1.099728, "lr": 0.00099975, "params": 5327, "time_iter": 0.06223, "accuracy": 0.35467, "f1": 0.17454, "auc": 0.47033}
{"epoch": 2, "time_epoch": 11.73808, "eta": 1548.51412, "eta_hours": 0.43014, "loss": 1.09946076, "lr": 0.00099901, "params": 5327, "time_iter": 0.06244, "accuracy": 0.35467, "f1": 0.17454, "auc": 0.46547}
{"epoch": 3, "time_epoch": 11.68683, "eta": 1429.89641, "eta_hours": 0.39719, "loss": 1.0992604, "lr": 0.00099778, "params": 5327, "time_iter": 0.06216, "accuracy": 0.34533, "f1": 0.1899, "auc": 0.46747}
{"epoch": 4, "time_epoch": 11.68515, "eta": 1354.01913, "eta_hours": 0.37612, "loss": 1.09922077, "lr": 0.00099606, "params": 5327, "time_iter": 0.06216, "accuracy": 0.35467, "f1": 0.17454, "auc": 0.46629}
{"epoch": 5, "time_epoch": 11.68852, "eta": 1299.59201, "eta_hours": 0.361, "loss": 1.09910845, "lr": 0.00099384, "params": 5327, "time_iter": 0.06217, "accuracy": 0.35467, "f1": 0.17454, "auc": 0.47097}
{"epoch": 6, "time_epoch": 11.65347, "eta": 1256.91034, "eta_hours": 0.34914, "loss": 1.10022249, "lr": 0.00099114, "params": 5327, "time_iter": 0.06199, "accuracy": 0.35467, "f1": 0.18011, "auc": 0.47712}
{"epoch": 7, "time_epoch": 11.66084, "eta": 1222.07049, "eta_hours": 0.33946, "loss": 1.09918822, "lr": 0.00098796, "params": 5327, "time_iter": 0.06203, "accuracy": 0.356, "f1": 0.17747, "auc": 0.47602}
{"epoch": 8, "time_epoch": 11.65945, "eta": 1192.36742, "eta_hours": 0.33121, "loss": 1.09910322, "lr": 0.00098429, "params": 5327, "time_iter": 0.06202, "accuracy": 0.35467, "f1": 0.17454, "auc": 0.47096}
{"epoch": 9, "time_epoch": 11.6313, "eta": 1166.01978, "eta_hours": 0.32389, "loss": 1.09902619, "lr": 0.00098015, "params": 5327, "time_iter": 0.06187, "accuracy": 0.35467, "f1": 0.17454, "auc": 0.4655}
{"epoch": 10, "time_epoch": 11.66763, "eta": 1142.64173, "eta_hours": 0.3174, "loss": 1.09815441, "lr": 0.00097553, "params": 5327, "time_iter": 0.06206, "accuracy": 0.35467, "f1": 0.17454, "auc": 0.47109}
{"epoch": 11, "time_epoch": 11.64316, "eta": 1121.03599, "eta_hours": 0.3114, "loss": 1.09709399, "lr": 0.00097044, "params": 5327, "time_iter": 0.06193, "accuracy": 0.368, "f1": 0.3045, "auc": 0.51226}
{"epoch": 12, "time_epoch": 11.64557, "eta": 1100.97906, "eta_hours": 0.30583, "loss": 1.09587938, "lr": 0.00096489, "params": 5327, "time_iter": 0.06194, "accuracy": 0.35867, "f1": 0.22387, "auc": 0.52028}
{"epoch": 13, "time_epoch": 11.64584, "eta": 1082.12542, "eta_hours": 0.30059, "loss": 1.0913432, "lr": 0.00095888, "params": 5327, "time_iter": 0.06195, "accuracy": 0.408, "f1": 0.40411, "auc": 0.55477}
{"epoch": 14, "time_epoch": 11.65412, "eta": 1064.27975, "eta_hours": 0.29563, "loss": 1.09457166, "lr": 0.00095241, "params": 5327, "time_iter": 0.06199, "accuracy": 0.4, "f1": 0.31351, "auc": 0.53876}
{"epoch": 15, "time_epoch": 11.63518, "eta": 1047.10857, "eta_hours": 0.29086, "loss": 1.09051251, "lr": 0.0009455, "params": 5327, "time_iter": 0.06189, "accuracy": 0.40533, "f1": 0.31724, "auc": 0.54372}
{"epoch": 16, "time_epoch": 11.66287, "eta": 1030.72388, "eta_hours": 0.28631, "loss": 1.08658607, "lr": 0.00093815, "params": 5327, "time_iter": 0.06204, "accuracy": 0.396, "f1": 0.30848, "auc": 0.55533}
{"epoch": 17, "time_epoch": 11.60699, "eta": 1014.6093, "eta_hours": 0.28184, "loss": 1.08206732, "lr": 0.00093037, "params": 5327, "time_iter": 0.06174, "accuracy": 0.40267, "f1": 0.31516, "auc": 0.56195}
{"epoch": 18, "time_epoch": 11.62911, "eta": 999.06349, "eta_hours": 0.27752, "loss": 1.08878566, "lr": 0.00092216, "params": 5327, "time_iter": 0.06186, "accuracy": 0.40667, "f1": 0.31654, "auc": 0.54296}
{"epoch": 19, "time_epoch": 11.63935, "eta": 983.95031, "eta_hours": 0.27332, "loss": 1.08785062, "lr": 0.00091354, "params": 5327, "time_iter": 0.06191, "accuracy": 0.404, "f1": 0.31561, "auc": 0.55339}
{"epoch": 20, "time_epoch": 11.62798, "eta": 969.12521, "eta_hours": 0.2692, "loss": 1.09203542, "lr": 0.00090451, "params": 5327, "time_iter": 0.06185, "accuracy": 0.39867, "f1": 0.30854, "auc": 0.52999}
{"epoch": 21, "time_epoch": 11.61459, "eta": 954.54328, "eta_hours": 0.26515, "loss": 1.08601253, "lr": 0.00089508, "params": 5327, "time_iter": 0.06178, "accuracy": 0.41333, "f1": 0.35617, "auc": 0.55073}
{"epoch": 22, "time_epoch": 11.61909, "eta": 940.23444, "eta_hours": 0.26118, "loss": 1.08318402, "lr": 0.00088526, "params": 5327, "time_iter": 0.0618, "accuracy": 0.41067, "f1": 0.3542, "auc": 0.56632}
{"epoch": 23, "time_epoch": 11.62009, "eta": 926.15291, "eta_hours": 0.25726, "loss": 1.08592685, "lr": 0.00087506, "params": 5327, "time_iter": 0.06181, "accuracy": 0.40667, "f1": 0.32413, "auc": 0.55266}
{"epoch": 24, "time_epoch": 11.64066, "eta": 912.32999, "eta_hours": 0.25342, "loss": 1.08803816, "lr": 0.00086448, "params": 5327, "time_iter": 0.06192, "accuracy": 0.388, "f1": 0.35003, "auc": 0.55295}
{"epoch": 25, "time_epoch": 11.63598, "eta": 898.66162, "eta_hours": 0.24963, "loss": 1.08893416, "lr": 0.00085355, "params": 5327, "time_iter": 0.06189, "accuracy": 0.396, "f1": 0.3456, "auc": 0.55761}
{"epoch": 26, "time_epoch": 11.60745, "eta": 885.06666, "eta_hours": 0.24585, "loss": 1.07923806, "lr": 0.00084227, "params": 5327, "time_iter": 0.06174, "accuracy": 0.424, "f1": 0.34231, "auc": 0.5718}
{"epoch": 27, "time_epoch": 11.60399, "eta": 871.60476, "eta_hours": 0.24211, "loss": 1.08503469, "lr": 0.00083066, "params": 5327, "time_iter": 0.06172, "accuracy": 0.40133, "f1": 0.33921, "auc": 0.56614}
{"epoch": 28, "time_epoch": 11.7202, "eta": 858.55553, "eta_hours": 0.23849, "loss": 1.08620627, "lr": 0.00081871, "params": 5327, "time_iter": 0.06234, "accuracy": 0.37733, "f1": 0.35471, "auc": 0.56081}
{"epoch": 29, "time_epoch": 11.60607, "eta": 845.32859, "eta_hours": 0.23481, "loss": 1.09047621, "lr": 0.00080645, "params": 5327, "time_iter": 0.06173, "accuracy": 0.404, "f1": 0.37506, "auc": 0.56079}
{"epoch": 30, "time_epoch": 11.61857, "eta": 832.23404, "eta_hours": 0.23118, "loss": 1.07966037, "lr": 0.00079389, "params": 5327, "time_iter": 0.0618, "accuracy": 0.38533, "f1": 0.36251, "auc": 0.57679}
{"epoch": 31, "time_epoch": 11.59721, "eta": 819.18636, "eta_hours": 0.22755, "loss": 1.08526578, "lr": 0.00078104, "params": 5327, "time_iter": 0.06169, "accuracy": 0.38667, "f1": 0.36855, "auc": 0.56865}
{"epoch": 32, "time_epoch": 11.60769, "eta": 806.24785, "eta_hours": 0.22396, "loss": 1.08742643, "lr": 0.00076791, "params": 5327, "time_iter": 0.06174, "accuracy": 0.40533, "f1": 0.37089, "auc": 0.56109}
{"epoch": 33, "time_epoch": 11.60917, "eta": 793.39051, "eta_hours": 0.22039, "loss": 1.07907224, "lr": 0.00075452, "params": 5327, "time_iter": 0.06175, "accuracy": 0.39733, "f1": 0.35651, "auc": 0.57316}
{"epoch": 34, "time_epoch": 11.61217, "eta": 780.61005, "eta_hours": 0.21684, "loss": 1.08374438, "lr": 0.00074088, "params": 5327, "time_iter": 0.06177, "accuracy": 0.40933, "f1": 0.35943, "auc": 0.56955}
{"epoch": 35, "time_epoch": 11.60997, "eta": 767.8906, "eta_hours": 0.2133, "loss": 1.07882193, "lr": 0.000727, "params": 5327, "time_iter": 0.06176, "accuracy": 0.42, "f1": 0.35054, "auc": 0.57917}
{"epoch": 36, "time_epoch": 11.63993, "eta": 755.28212, "eta_hours": 0.2098, "loss": 1.08264348, "lr": 0.00071289, "params": 5327, "time_iter": 0.06191, "accuracy": 0.42, "f1": 0.38789, "auc": 0.57252}
{"epoch": 37, "time_epoch": 11.6367, "eta": 742.71936, "eta_hours": 0.20631, "loss": 1.0859184, "lr": 0.00069857, "params": 5327, "time_iter": 0.0619, "accuracy": 0.39733, "f1": 0.33759, "auc": 0.57095}
{"epoch": 38, "time_epoch": 11.61722, "eta": 730.17362, "eta_hours": 0.20283, "loss": 1.0895256, "lr": 0.00068406, "params": 5327, "time_iter": 0.06179, "accuracy": 0.39467, "f1": 0.35833, "auc": 0.55492}
{"epoch": 39, "time_epoch": 11.60098, "eta": 717.64993, "eta_hours": 0.19935, "loss": 1.08481936, "lr": 0.00066937, "params": 5327, "time_iter": 0.06171, "accuracy": 0.396, "f1": 0.33271, "auc": 0.5635}
{"epoch": 40, "time_epoch": 11.61205, "eta": 705.18719, "eta_hours": 0.19589, "loss": 1.0836007, "lr": 0.00065451, "params": 5327, "time_iter": 0.06177, "accuracy": 0.432, "f1": 0.41713, "auc": 0.55981}
{"epoch": 41, "time_epoch": 11.59492, "eta": 692.74131, "eta_hours": 0.19243, "loss": 1.08670053, "lr": 0.0006395, "params": 5327, "time_iter": 0.06168, "accuracy": 0.42133, "f1": 0.40281, "auc": 0.55766}
{"epoch": 42, "time_epoch": 11.60375, "eta": 680.34671, "eta_hours": 0.18899, "loss": 1.08684582, "lr": 0.00062434, "params": 5327, "time_iter": 0.06172, "accuracy": 0.392, "f1": 0.36511, "auc": 0.55593}
{"epoch": 43, "time_epoch": 11.59335, "eta": 667.97483, "eta_hours": 0.18555, "loss": 1.09547758, "lr": 0.00060907, "params": 5327, "time_iter": 0.06167, "accuracy": 0.39467, "f1": 0.36872, "auc": 0.53896}
{"epoch": 44, "time_epoch": 11.6172, "eta": 655.66669, "eta_hours": 0.18213, "loss": 1.07867382, "lr": 0.00059369, "params": 5327, "time_iter": 0.06179, "accuracy": 0.40667, "f1": 0.38487, "auc": 0.57315}
{"epoch": 45, "time_epoch": 11.61539, "eta": 643.38647, "eta_hours": 0.17872, "loss": 1.08129532, "lr": 0.00057822, "params": 5327, "time_iter": 0.06178, "accuracy": 0.40667, "f1": 0.38009, "auc": 0.56646}
{"epoch": 46, "time_epoch": 11.6057, "eta": 631.12362, "eta_hours": 0.17531, "loss": 1.08186474, "lr": 0.00056267, "params": 5327, "time_iter": 0.06173, "accuracy": 0.416, "f1": 0.38485, "auc": 0.57307}
{"epoch": 47, "time_epoch": 11.71639, "eta": 619.00806, "eta_hours": 0.17195, "loss": 1.0896356, "lr": 0.00054705, "params": 5327, "time_iter": 0.06232, "accuracy": 0.40267, "f1": 0.33621, "auc": 0.55269}
{"epoch": 48, "time_epoch": 12.02158, "eta": 607.22644, "eta_hours": 0.16867, "loss": 1.08833873, "lr": 0.0005314, "params": 5327, "time_iter": 0.06394, "accuracy": 0.39333, "f1": 0.37031, "auc": 0.55908}
{"epoch": 49, "time_epoch": 11.9603, "eta": 595.37393, "eta_hours": 0.16538, "loss": 1.07486222, "lr": 0.00051571, "params": 5327, "time_iter": 0.06362, "accuracy": 0.4, "f1": 0.3585, "auc": 0.57725}
{"epoch": 50, "time_epoch": 11.78046, "eta": 583.34441, "eta_hours": 0.16204, "loss": 1.08461963, "lr": 0.0005, "params": 5327, "time_iter": 0.06266, "accuracy": 0.41733, "f1": 0.38983, "auc": 0.56741}
{"epoch": 51, "time_epoch": 11.79216, "eta": 571.33527, "eta_hours": 0.1587, "loss": 1.08067843, "lr": 0.00048429, "params": 5327, "time_iter": 0.06272, "accuracy": 0.424, "f1": 0.40406, "auc": 0.57508}
{"epoch": 52, "time_epoch": 11.65654, "eta": 559.21406, "eta_hours": 0.15534, "loss": 1.08954545, "lr": 0.0004686, "params": 5327, "time_iter": 0.062, "accuracy": 0.36667, "f1": 0.35696, "auc": 0.55459}
{"epoch": 53, "time_epoch": 11.702, "eta": 547.14878, "eta_hours": 0.15199, "loss": 1.09108753, "lr": 0.00045295, "params": 5327, "time_iter": 0.06224, "accuracy": 0.38267, "f1": 0.37199, "auc": 0.55094}
{"epoch": 54, "time_epoch": 11.69511, "eta": 535.09107, "eta_hours": 0.14864, "loss": 1.08760526, "lr": 0.00043733, "params": 5327, "time_iter": 0.06221, "accuracy": 0.39067, "f1": 0.36676, "auc": 0.55996}
{"epoch": 55, "time_epoch": 11.67641, "eta": 523.03162, "eta_hours": 0.14529, "loss": 1.09024071, "lr": 0.00042178, "params": 5327, "time_iter": 0.06211, "accuracy": 0.388, "f1": 0.35238, "auc": 0.55144}
{"epoch": 56, "time_epoch": 11.7077, "eta": 511.00922, "eta_hours": 0.14195, "loss": 1.08736685, "lr": 0.00040631, "params": 5327, "time_iter": 0.06228, "accuracy": 0.38933, "f1": 0.3607, "auc": 0.55604}
{"epoch": 57, "time_epoch": 11.68377, "eta": 498.98033, "eta_hours": 0.13861, "loss": 1.08077925, "lr": 0.00039093, "params": 5327, "time_iter": 0.06215, "accuracy": 0.40933, "f1": 0.39035, "auc": 0.57023}
{"epoch": 58, "time_epoch": 11.69007, "eta": 486.96753, "eta_hours": 0.13527, "loss": 1.08842983, "lr": 0.00037566, "params": 5327, "time_iter": 0.06218, "accuracy": 0.4, "f1": 0.39037, "auc": 0.55858}
{"epoch": 59, "time_epoch": 11.70177, "eta": 474.97328, "eta_hours": 0.13194, "loss": 1.08058151, "lr": 0.0003605, "params": 5327, "time_iter": 0.06224, "accuracy": 0.37867, "f1": 0.35167, "auc": 0.57202}
{"epoch": 60, "time_epoch": 11.69931, "eta": 462.98705, "eta_hours": 0.12861, "loss": 1.08174405, "lr": 0.00034549, "params": 5327, "time_iter": 0.06223, "accuracy": 0.4, "f1": 0.36779, "auc": 0.56892}
{"epoch": 61, "time_epoch": 11.69357, "eta": 451.00655, "eta_hours": 0.12528, "loss": 1.0770214, "lr": 0.00033063, "params": 5327, "time_iter": 0.0622, "accuracy": 0.42, "f1": 0.38929, "auc": 0.58139}
{"epoch": 62, "time_epoch": 11.70373, "eta": 439.04114, "eta_hours": 0.12196, "loss": 1.08581531, "lr": 0.00031594, "params": 5327, "time_iter": 0.06225, "accuracy": 0.41067, "f1": 0.39332, "auc": 0.55849}
{"epoch": 63, "time_epoch": 11.68716, "eta": 427.07458, "eta_hours": 0.11863, "loss": 1.08138768, "lr": 0.00030143, "params": 5327, "time_iter": 0.06217, "accuracy": 0.40533, "f1": 0.38711, "auc": 0.57144}
{"epoch": 64, "time_epoch": 11.7321, "eta": 415.14081, "eta_hours": 0.11532, "loss": 1.0784511, "lr": 0.00028711, "params": 5327, "time_iter": 0.0624, "accuracy": 0.41067, "f1": 0.39354, "auc": 0.57635}
{"epoch": 65, "time_epoch": 11.80941, "eta": 403.25299, "eta_hours": 0.11201, "loss": 1.07799833, "lr": 0.000273, "params": 5327, "time_iter": 0.06282, "accuracy": 0.43067, "f1": 0.41804, "auc": 0.57937}
{"epoch": 66, "time_epoch": 11.68709, "eta": 391.30725, "eta_hours": 0.1087, "loss": 1.0739608, "lr": 0.00025912, "params": 5327, "time_iter": 0.06217, "accuracy": 0.416, "f1": 0.39738, "auc": 0.58386}
{"epoch": 67, "time_epoch": 11.6768, "eta": 379.36428, "eta_hours": 0.10538, "loss": 1.08251672, "lr": 0.00024548, "params": 5327, "time_iter": 0.06211, "accuracy": 0.39867, "f1": 0.39285, "auc": 0.5613}
{"epoch": 68, "time_epoch": 11.65469, "eta": 367.41909, "eta_hours": 0.10206, "loss": 1.08337283, "lr": 0.00023209, "params": 5327, "time_iter": 0.06199, "accuracy": 0.39733, "f1": 0.38676, "auc": 0.56638}
{"epoch": 69, "time_epoch": 11.95512, "eta": 355.61096, "eta_hours": 0.09878, "loss": 1.08093479, "lr": 0.00021896, "params": 5327, "time_iter": 0.06359, "accuracy": 0.41067, "f1": 0.40488, "auc": 0.57382}
{"epoch": 70, "time_epoch": 13.3667, "eta": 344.37525, "eta_hours": 0.09566, "loss": 1.08255213, "lr": 0.00020611, "params": 5327, "time_iter": 0.0711, "accuracy": 0.41333, "f1": 0.40497, "auc": 0.57673}
{"epoch": 71, "time_epoch": 13.00248, "eta": 332.9387, "eta_hours": 0.09248, "loss": 1.08395898, "lr": 0.00019355, "params": 5327, "time_iter": 0.06916, "accuracy": 0.41333, "f1": 0.40554, "auc": 0.57846}
{"epoch": 72, "time_epoch": 13.01317, "eta": 321.4632, "eta_hours": 0.0893, "loss": 1.08154569, "lr": 0.00018129, "params": 5327, "time_iter": 0.06922, "accuracy": 0.41467, "f1": 0.41112, "auc": 0.57875}
{"epoch": 73, "time_epoch": 13.00905, "eta": 309.9447, "eta_hours": 0.0861, "loss": 1.07944593, "lr": 0.00016934, "params": 5327, "time_iter": 0.0692, "accuracy": 0.42267, "f1": 0.41269, "auc": 0.58518}
{"epoch": 74, "time_epoch": 13.0185, "eta": 298.3896, "eta_hours": 0.08289, "loss": 1.07947368, "lr": 0.00015773, "params": 5327, "time_iter": 0.06925, "accuracy": 0.404, "f1": 0.39937, "auc": 0.57661}
{"epoch": 75, "time_epoch": 12.97441, "eta": 286.78207, "eta_hours": 0.07966, "loss": 1.0807762, "lr": 0.00014645, "params": 5327, "time_iter": 0.06901, "accuracy": 0.4, "f1": 0.39382, "auc": 0.57272}
{"epoch": 76, "time_epoch": 12.98264, "eta": 275.14149, "eta_hours": 0.07643, "loss": 1.0771628, "lr": 0.00013552, "params": 5327, "time_iter": 0.06906, "accuracy": 0.42933, "f1": 0.4168, "auc": 0.58456}
{"epoch": 77, "time_epoch": 12.96667, "eta": 263.46199, "eta_hours": 0.07318, "loss": 1.08374268, "lr": 0.00012494, "params": 5327, "time_iter": 0.06897, "accuracy": 0.41067, "f1": 0.40635, "auc": 0.57532}
{"epoch": 78, "time_epoch": 12.64357, "eta": 251.66403, "eta_hours": 0.06991, "loss": 1.07442839, "lr": 0.00011474, "params": 5327, "time_iter": 0.06725, "accuracy": 0.40133, "f1": 0.39346, "auc": 0.58488}
{"epoch": 79, "time_epoch": 12.60717, "eta": 239.83582, "eta_hours": 0.06662, "loss": 1.07378926, "lr": 0.00010492, "params": 5327, "time_iter": 0.06706, "accuracy": 0.4, "f1": 0.38956, "auc": 0.57977}
{"epoch": 80, "time_epoch": 12.60726, "eta": 227.98839, "eta_hours": 0.06333, "loss": 1.07316042, "lr": 9.549e-05, "params": 5327, "time_iter": 0.06706, "accuracy": 0.42533, "f1": 0.41458, "auc": 0.59067}
{"epoch": 81, "time_epoch": 12.61082, "eta": 216.12322, "eta_hours": 0.06003, "loss": 1.07045552, "lr": 8.646e-05, "params": 5327, "time_iter": 0.06708, "accuracy": 0.41333, "f1": 0.40013, "auc": 0.59309}
{"epoch": 82, "time_epoch": 12.61141, "eta": 204.2402, "eta_hours": 0.05673, "loss": 1.07610179, "lr": 7.784e-05, "params": 5327, "time_iter": 0.06708, "accuracy": 0.404, "f1": 0.39433, "auc": 0.58335}
{"epoch": 83, "time_epoch": 12.59709, "eta": 192.33711, "eta_hours": 0.05343, "loss": 1.07884343, "lr": 6.963e-05, "params": 5327, "time_iter": 0.06701, "accuracy": 0.41333, "f1": 0.40574, "auc": 0.58337}
{"epoch": 84, "time_epoch": 12.57622, "eta": 180.41401, "eta_hours": 0.05012, "loss": 1.0832404, "lr": 6.185e-05, "params": 5327, "time_iter": 0.06689, "accuracy": 0.384, "f1": 0.37712, "auc": 0.57243}
{"epoch": 85, "time_epoch": 12.55284, "eta": 168.47191, "eta_hours": 0.0468, "loss": 1.08258335, "lr": 5.45e-05, "params": 5327, "time_iter": 0.06677, "accuracy": 0.40667, "f1": 0.39994, "auc": 0.56675}
{"epoch": 86, "time_epoch": 12.56226, "eta": 156.51718, "eta_hours": 0.04348, "loss": 1.08005378, "lr": 4.759e-05, "params": 5327, "time_iter": 0.06682, "accuracy": 0.416, "f1": 0.41001, "auc": 0.58102}
{"epoch": 87, "time_epoch": 12.57647, "eta": 144.55059, "eta_hours": 0.04015, "loss": 1.07177556, "lr": 4.112e-05, "params": 5327, "time_iter": 0.0669, "accuracy": 0.41467, "f1": 0.40874, "auc": 0.59414}
{"epoch": 88, "time_epoch": 12.54331, "eta": 132.56618, "eta_hours": 0.03682, "loss": 1.07146657, "lr": 3.511e-05, "params": 5327, "time_iter": 0.06672, "accuracy": 0.428, "f1": 0.4214, "auc": 0.59892}
{"epoch": 89, "time_epoch": 12.56382, "eta": 120.57164, "eta_hours": 0.03349, "loss": 1.07602797, "lr": 2.956e-05, "params": 5327, "time_iter": 0.06683, "accuracy": 0.408, "f1": 0.40287, "auc": 0.58626}
{"epoch": 90, "time_epoch": 12.53876, "eta": 108.56211, "eta_hours": 0.03016, "loss": 1.06943229, "lr": 2.447e-05, "params": 5327, "time_iter": 0.0667, "accuracy": 0.424, "f1": 0.4203, "auc": 0.59855}
{"epoch": 91, "time_epoch": 12.53818, "eta": 96.54102, "eta_hours": 0.02682, "loss": 1.07805876, "lr": 1.985e-05, "params": 5327, "time_iter": 0.06669, "accuracy": 0.40533, "f1": 0.39834, "auc": 0.58378}
{"epoch": 92, "time_epoch": 12.54761, "eta": 84.50952, "eta_hours": 0.02347, "loss": 1.07672011, "lr": 1.571e-05, "params": 5327, "time_iter": 0.06674, "accuracy": 0.444, "f1": 0.43943, "auc": 0.584}
{"epoch": 93, "time_epoch": 12.57559, "eta": 72.46882, "eta_hours": 0.02013, "loss": 1.07557459, "lr": 1.204e-05, "params": 5327, "time_iter": 0.06689, "accuracy": 0.40133, "f1": 0.39491, "auc": 0.58786}
{"epoch": 94, "time_epoch": 12.53481, "eta": 60.41472, "eta_hours": 0.01678, "loss": 1.07503097, "lr": 8.86e-06, "params": 5327, "time_iter": 0.06667, "accuracy": 0.41467, "f1": 0.4063, "auc": 0.58594}
{"epoch": 95, "time_epoch": 12.55106, "eta": 48.35128, "eta_hours": 0.01343, "loss": 1.07269511, "lr": 6.16e-06, "params": 5327, "time_iter": 0.06676, "accuracy": 0.42533, "f1": 0.41803, "auc": 0.59145}
{"epoch": 96, "time_epoch": 12.54428, "eta": 36.27758, "eta_hours": 0.01008, "loss": 1.07081736, "lr": 3.94e-06, "params": 5327, "time_iter": 0.06672, "accuracy": 0.436, "f1": 0.42788, "auc": 0.59877}
{"epoch": 97, "time_epoch": 12.53496, "eta": 24.19408, "eta_hours": 0.00672, "loss": 1.07534542, "lr": 2.22e-06, "params": 5327, "time_iter": 0.06668, "accuracy": 0.416, "f1": 0.4091, "auc": 0.58738}
{"epoch": 98, "time_epoch": 12.53439, "eta": 12.10146, "eta_hours": 0.00336, "loss": 1.07830624, "lr": 9.9e-07, "params": 5327, "time_iter": 0.06667, "accuracy": 0.41733, "f1": 0.40813, "auc": 0.58349}
{"epoch": 99, "time_epoch": 12.53115, "eta": 0.0, "eta_hours": 0.0, "loss": 1.07841662, "lr": 2.5e-07, "params": 5327, "time_iter": 0.06666, "accuracy": 0.44667, "f1": 0.44259, "auc": 0.5882}
