{"epoch": 0, "time_epoch": 2.34632, "eta": 232.2857, "eta_hours": 0.06452, "loss": 0.69552193, "lr": 0.001, "params": 6295, "time_iter": 0.06175, "accuracy": 0.48, "precision": 0.0, "recall": 0.0, "f1": 0.0, "auc": 0.45228}
{"epoch": 1, "time_epoch": 2.42848, "eta": 233.96545, "eta_hours": 0.06499, "loss": 0.69377675, "lr": 0.00099975, "params": 6295, "time_iter": 0.06391, "accuracy": 0.48, "precision": 0.0, "recall": 0.0, "f1": 0.0, "auc": 0.46385}
{"epoch": 2, "time_epoch": 1.55631, "eta": 204.70619, "eta_hours": 0.05686, "loss": 0.6934952, "lr": 0.00099901, "params": 6295, "time_iter": 0.04096, "accuracy": 0.49333, "precision": 0.50725, "recall": 0.89744, "f1": 0.64815, "auc": 0.39423}
{"epoch": 3, "time_epoch": 1.66665, "eta": 191.94649, "eta_hours": 0.05332, "loss": 0.69498444, "lr": 0.00099778, "params": 6295, "time_iter": 0.04386, "accuracy": 0.34667, "precision": 0.32759, "recall": 0.24359, "f1": 0.27941, "auc": 0.38034}
{"epoch": 4, "time_epoch": 1.686, "eta": 183.99159, "eta_hours": 0.05111, "loss": 0.69289099, "lr": 0.00099606, "params": 6295, "time_iter": 0.04437, "accuracy": 0.52, "precision": 0.52, "recall": 1.0, "f1": 0.68421, "auc": 0.42619}
{"epoch": 5, "time_epoch": 1.67501, "eta": 177.95423, "eta_hours": 0.04943, "loss": 0.69294462, "lr": 0.00099384, "params": 6295, "time_iter": 0.04408, "accuracy": 0.52, "precision": 0.52, "recall": 1.0, "f1": 0.68421, "auc": 0.43287}
{"epoch": 6, "time_epoch": 1.67164, "eta": 173.11843, "eta_hours": 0.04809, "loss": 0.69335297, "lr": 0.00099114, "params": 6295, "time_iter": 0.04399, "accuracy": 0.52, "precision": 0.52, "recall": 1.0, "f1": 0.68421, "auc": 0.42744}
{"epoch": 7, "time_epoch": 1.67053, "eta": 169.06089, "eta_hours": 0.04696, "loss": 0.69281631, "lr": 0.00098796, "params": 6295, "time_iter": 0.04396, "accuracy": 0.52, "precision": 0.52, "recall": 1.0, "f1": 0.68421, "auc": 0.42023}
{"epoch": 8, "time_epoch": 1.67745, "eta": 165.60378, "eta_hours": 0.046, "loss": 0.69255363, "lr": 0.00098429, "params": 6295, "time_iter": 0.04414, "accuracy": 0.52, "precision": 0.52, "recall": 1.0, "f1": 0.68421, "auc": 0.4432}
{"epoch": 9, "time_epoch": 1.71167, "eta": 162.81058, "eta_hours": 0.04523, "loss": 0.6929653, "lr": 0.00098015, "params": 6295, "time_iter": 0.04504, "accuracy": 0.52, "precision": 0.52, "recall": 1.0, "f1": 0.68421, "auc": 0.41613}
{"epoch": 10, "time_epoch": 1.67346, "eta": 159.9049, "eta_hours": 0.04442, "loss": 0.6926562, "lr": 0.00097553, "params": 6295, "time_iter": 0.04404, "accuracy": 0.52, "precision": 0.52, "recall": 1.0, "f1": 0.68421, "auc": 0.44605}
{"epoch": 11, "time_epoch": 1.65783, "eta": 157.08996, "eta_hours": 0.04364, "loss": 0.69322868, "lr": 0.00097044, "params": 6295, "time_iter": 0.04363, "accuracy": 0.52, "precision": 0.52, "recall": 1.0, "f1": 0.68421, "auc": 0.39298}
{"epoch": 12, "time_epoch": 1.66786, "eta": 154.52013, "eta_hours": 0.04292, "loss": 0.69310812, "lr": 0.00096489, "params": 6295, "time_iter": 0.04389, "accuracy": 0.52, "precision": 0.52, "recall": 1.0, "f1": 0.68421, "auc": 0.37019}
{"epoch": 13, "time_epoch": 1.66397, "eta": 152.05525, "eta_hours": 0.04224, "loss": 0.69258774, "lr": 0.00095888, "params": 6295, "time_iter": 0.04379, "accuracy": 0.52, "precision": 0.52, "recall": 1.0, "f1": 0.68421, "auc": 0.45548}
{"epoch": 14, "time_epoch": 1.66859, "eta": 149.72337, "eta_hours": 0.04159, "loss": 0.69274759, "lr": 0.00095241, "params": 6295, "time_iter": 0.04391, "accuracy": 0.52, "precision": 0.52, "recall": 1.0, "f1": 0.68421, "auc": 0.38186}
{"epoch": 15, "time_epoch": 1.6586, "eta": 147.42194, "eta_hours": 0.04095, "loss": 0.69303863, "lr": 0.0009455, "params": 6295, "time_iter": 0.04365, "accuracy": 0.52, "precision": 0.52, "recall": 1.0, "f1": 0.68421, "auc": 0.41311}
{"epoch": 16, "time_epoch": 1.67025, "eta": 145.25303, "eta_hours": 0.04035, "loss": 0.69296514, "lr": 0.00093815, "params": 6295, "time_iter": 0.04395, "accuracy": 0.52, "precision": 0.52, "recall": 1.0, "f1": 0.68421, "auc": 0.41186}
{"epoch": 17, "time_epoch": 1.65685, "eta": 143.07847, "eta_hours": 0.03974, "loss": 0.69271682, "lr": 0.00093037, "params": 6295, "time_iter": 0.0436, "accuracy": 0.52, "precision": 0.52, "recall": 1.0, "f1": 0.68421, "auc": 0.41328}
{"epoch": 18, "time_epoch": 1.66065, "eta": 140.97459, "eta_hours": 0.03916, "loss": 0.69314948, "lr": 0.00092216, "params": 6295, "time_iter": 0.0437, "accuracy": 0.52, "precision": 0.52, "recall": 1.0, "f1": 0.68421, "auc": 0.40082}
{"epoch": 19, "time_epoch": 1.67192, "eta": 138.96012, "eta_hours": 0.0386, "loss": 0.69280555, "lr": 0.00091354, "params": 6295, "time_iter": 0.044, "accuracy": 0.52, "precision": 0.52, "recall": 1.0, "f1": 0.68421, "auc": 0.39067}
{"epoch": 20, "time_epoch": 1.67031, "eta": 136.97222, "eta_hours": 0.03805, "loss": 0.69262076, "lr": 0.00090451, "params": 6295, "time_iter": 0.04396, "accuracy": 0.52, "precision": 0.52, "recall": 1.0, "f1": 0.68421, "auc": 0.39833}
{"epoch": 21, "time_epoch": 1.66784, "eta": 135.00446, "eta_hours": 0.0375, "loss": 0.69264559, "lr": 0.00089508, "params": 6295, "time_iter": 0.04389, "accuracy": 0.52, "precision": 0.52, "recall": 1.0, "f1": 0.68421, "auc": 0.35328}
{"epoch": 22, "time_epoch": 1.66774, "eta": 133.06244, "eta_hours": 0.03696, "loss": 0.69283786, "lr": 0.00088526, "params": 6295, "time_iter": 0.04389, "accuracy": 0.52, "precision": 0.52, "recall": 1.0, "f1": 0.68421, "auc": 0.42824}
{"epoch": 23, "time_epoch": 1.66891, "eta": 131.14699, "eta_hours": 0.03643, "loss": 0.69379606, "lr": 0.00087506, "params": 6295, "time_iter": 0.04392, "accuracy": 0.52, "precision": 0.52, "recall": 1.0, "f1": 0.68421, "auc": 0.36841}
{"epoch": 24, "time_epoch": 1.66427, "eta": 129.23731, "eta_hours": 0.0359, "loss": 0.69256293, "lr": 0.00086448, "params": 6295, "time_iter": 0.0438, "accuracy": 0.52, "precision": 0.52, "recall": 1.0, "f1": 0.68421, "auc": 0.44703}
{"epoch": 25, "time_epoch": 1.6616, "eta": 127.33894, "eta_hours": 0.03537, "loss": 0.69286563, "lr": 0.00085355, "params": 6295, "time_iter": 0.04373, "accuracy": 0.52, "precision": 0.52, "recall": 1.0, "f1": 0.68421, "auc": 0.38533}
{"epoch": 26, "time_epoch": 1.66743, "eta": 125.47386, "eta_hours": 0.03485, "loss": 0.69285197, "lr": 0.00084227, "params": 6295, "time_iter": 0.04388, "accuracy": 0.52, "precision": 0.52, "recall": 1.0, "f1": 0.68421, "auc": 0.42468}
{"epoch": 27, "time_epoch": 1.6689, "eta": 123.62668, "eta_hours": 0.03434, "loss": 0.69257239, "lr": 0.00083066, "params": 6295, "time_iter": 0.04392, "accuracy": 0.52, "precision": 0.52, "recall": 1.0, "f1": 0.68421, "auc": 0.42753}
{"epoch": 28, "time_epoch": 1.66189, "eta": 121.77463, "eta_hours": 0.03383, "loss": 0.69263345, "lr": 0.00081871, "params": 6295, "time_iter": 0.04373, "accuracy": 0.52, "precision": 0.52, "recall": 1.0, "f1": 0.68421, "auc": 0.34936}
{"epoch": 29, "time_epoch": 1.65785, "eta": 119.92582, "eta_hours": 0.03331, "loss": 0.69256841, "lr": 0.00080645, "params": 6295, "time_iter": 0.04363, "accuracy": 0.52, "precision": 0.52, "recall": 1.0, "f1": 0.68421, "auc": 0.3896}
{"epoch": 30, "time_epoch": 1.67373, "eta": 118.12468, "eta_hours": 0.03281, "loss": 0.69267508, "lr": 0.00079389, "params": 6295, "time_iter": 0.04405, "accuracy": 0.52, "precision": 0.52, "recall": 1.0, "f1": 0.68421, "auc": 0.41649}
{"epoch": 31, "time_epoch": 1.67695, "eta": 116.33835, "eta_hours": 0.03232, "loss": 0.69254998, "lr": 0.00078104, "params": 6295, "time_iter": 0.04413, "accuracy": 0.52, "precision": 0.52, "recall": 1.0, "f1": 0.68421, "auc": 0.4107}
{"epoch": 32, "time_epoch": 1.66469, "eta": 114.53375, "eta_hours": 0.03181, "loss": 0.69301966, "lr": 0.00076791, "params": 6295, "time_iter": 0.04381, "accuracy": 0.52, "precision": 0.52, "recall": 1.0, "f1": 0.68421, "auc": 0.39156}
{"epoch": 33, "time_epoch": 1.65871, "eta": 112.72577, "eta_hours": 0.03131, "loss": 0.69274305, "lr": 0.00075452, "params": 6295, "time_iter": 0.04365, "accuracy": 0.52, "precision": 0.52, "recall": 1.0, "f1": 0.68421, "auc": 0.41667}
{"epoch": 34, "time_epoch": 1.66716, "eta": 110.94203, "eta_hours": 0.03082, "loss": 0.69288997, "lr": 0.00074088, "params": 6295, "time_iter": 0.04387, "accuracy": 0.52, "precision": 0.52, "recall": 1.0, "f1": 0.68421, "auc": 0.41168}
{"epoch": 35, "time_epoch": 1.66086, "eta": 109.15356, "eta_hours": 0.03032, "loss": 0.69261985, "lr": 0.000727, "params": 6295, "time_iter": 0.04371, "accuracy": 0.52, "precision": 0.52, "recall": 1.0, "f1": 0.68421, "auc": 0.418}
{"epoch": 36, "time_epoch": 1.65877, "eta": 107.36842, "eta_hours": 0.02982, "loss": 0.69274443, "lr": 0.00071289, "params": 6295, "time_iter": 0.04365, "accuracy": 0.52, "precision": 0.52, "recall": 1.0, "f1": 0.68421, "auc": 0.39868}
{"epoch": 37, "time_epoch": 1.67214, "eta": 105.61176, "eta_hours": 0.02934, "loss": 0.69246319, "lr": 0.00069857, "params": 6295, "time_iter": 0.044, "accuracy": 0.52, "precision": 0.52, "recall": 1.0, "f1": 0.68421, "auc": 0.41631}
{"epoch": 38, "time_epoch": 1.66506, "eta": 103.84836, "eta_hours": 0.02885, "loss": 0.69250221, "lr": 0.00068406, "params": 6295, "time_iter": 0.04382, "accuracy": 0.52, "precision": 0.52, "recall": 1.0, "f1": 0.68421, "auc": 0.42584}
{"epoch": 39, "time_epoch": 1.66007, "eta": 102.08239, "eta_hours": 0.02836, "loss": 0.69283612, "lr": 0.00066937, "params": 6295, "time_iter": 0.04369, "accuracy": 0.52, "precision": 0.52, "recall": 1.0, "f1": 0.68421, "auc": 0.38809}
{"epoch": 40, "time_epoch": 1.66395, "eta": 100.32716, "eta_hours": 0.02787, "loss": 0.69253614, "lr": 0.00065451, "params": 6295, "time_iter": 0.04379, "accuracy": 0.52, "precision": 0.52, "recall": 1.0, "f1": 0.68421, "auc": 0.40358}
{"epoch": 41, "time_epoch": 1.66224, "eta": 98.57392, "eta_hours": 0.02738, "loss": 0.69264901, "lr": 0.0006395, "params": 6295, "time_iter": 0.04374, "accuracy": 0.52, "precision": 0.52, "recall": 1.0, "f1": 0.68421, "auc": 0.41809}
{"epoch": 42, "time_epoch": 1.66471, "eta": 96.82819, "eta_hours": 0.0269, "loss": 0.69264049, "lr": 0.00062434, "params": 6295, "time_iter": 0.04381, "accuracy": 0.52, "precision": 0.52, "recall": 1.0, "f1": 0.68421, "auc": 0.40242}
{"epoch": 43, "time_epoch": 1.66858, "eta": 95.09106, "eta_hours": 0.02641, "loss": 0.69246229, "lr": 0.00060907, "params": 6295, "time_iter": 0.04391, "accuracy": 0.52, "precision": 0.52, "recall": 1.0, "f1": 0.68421, "auc": 0.40055}
{"epoch": 44, "time_epoch": 1.66522, "eta": 93.35287, "eta_hours": 0.02593, "loss": 0.6924603, "lr": 0.00059369, "params": 6295, "time_iter": 0.04382, "accuracy": 0.52, "precision": 0.52, "recall": 1.0, "f1": 0.68421, "auc": 0.41987}
{"epoch": 45, "time_epoch": 1.66157, "eta": 91.61358, "eta_hours": 0.02545, "loss": 0.69252904, "lr": 0.00057822, "params": 6295, "time_iter": 0.04373, "accuracy": 0.52, "precision": 0.52, "recall": 1.0, "f1": 0.68421, "auc": 0.42388}
{"epoch": 46, "time_epoch": 1.68024, "eta": 89.89864, "eta_hours": 0.02497, "loss": 0.69264788, "lr": 0.00056267, "params": 6295, "time_iter": 0.04422, "accuracy": 0.52, "precision": 0.52, "recall": 1.0, "f1": 0.68421, "auc": 0.38764}
{"epoch": 47, "time_epoch": 1.65729, "eta": 88.16029, "eta_hours": 0.02449, "loss": 0.69292195, "lr": 0.00054705, "params": 6295, "time_iter": 0.04361, "accuracy": 0.52, "precision": 0.52, "recall": 1.0, "f1": 0.68421, "auc": 0.41426}
{"epoch": 48, "time_epoch": 1.65915, "eta": 86.42718, "eta_hours": 0.02401, "loss": 0.69257695, "lr": 0.0005314, "params": 6295, "time_iter": 0.04366, "accuracy": 0.52, "precision": 0.52, "recall": 1.0, "f1": 0.68421, "auc": 0.42958}
{"epoch": 49, "time_epoch": 1.65951, "eta": 84.69738, "eta_hours": 0.02353, "loss": 0.6926146, "lr": 0.00051571, "params": 6295, "time_iter": 0.04367, "accuracy": 0.52, "precision": 0.52, "recall": 1.0, "f1": 0.68421, "auc": 0.40759}
{"epoch": 50, "time_epoch": 1.66433, "eta": 82.97497, "eta_hours": 0.02305, "loss": 0.69257035, "lr": 0.0005, "params": 6295, "time_iter": 0.0438, "accuracy": 0.52, "precision": 0.52, "recall": 1.0, "f1": 0.68421, "auc": 0.39557}
{"epoch": 51, "time_epoch": 1.66257, "eta": 81.25318, "eta_hours": 0.02257, "loss": 0.69246069, "lr": 0.00048429, "params": 6295, "time_iter": 0.04375, "accuracy": 0.52, "precision": 0.52, "recall": 1.0, "f1": 0.68421, "auc": 0.42468}
{"epoch": 52, "time_epoch": 1.66585, "eta": 79.53653, "eta_hours": 0.02209, "loss": 0.69262588, "lr": 0.0004686, "params": 6295, "time_iter": 0.04384, "accuracy": 0.52, "precision": 0.52, "recall": 1.0, "f1": 0.68421, "auc": 0.38898}
{"epoch": 53, "time_epoch": 1.65844, "eta": 77.81544, "eta_hours": 0.02162, "loss": 0.69277616, "lr": 0.00045295, "params": 6295, "time_iter": 0.04364, "accuracy": 0.52, "precision": 0.52, "recall": 1.0, "f1": 0.68421, "auc": 0.39779}
{"epoch": 54, "time_epoch": 1.6639, "eta": 76.1011, "eta_hours": 0.02114, "loss": 0.69257238, "lr": 0.00043733, "params": 6295, "time_iter": 0.04379, "accuracy": 0.52, "precision": 0.52, "recall": 1.0, "f1": 0.68421, "auc": 0.38889}
{"epoch": 55, "time_epoch": 1.65669, "eta": 74.38291, "eta_hours": 0.02066, "loss": 0.69244978, "lr": 0.00042178, "params": 6295, "time_iter": 0.0436, "accuracy": 0.52, "precision": 0.52, "recall": 1.0, "f1": 0.68421, "auc": 0.41319}
{"epoch": 56, "time_epoch": 1.65793, "eta": 72.6678, "eta_hours": 0.02019, "loss": 0.69253856, "lr": 0.00040631, "params": 6295, "time_iter": 0.04363, "accuracy": 0.52, "precision": 0.52, "recall": 1.0, "f1": 0.68421, "auc": 0.43679}
{"epoch": 57, "time_epoch": 1.66418, "eta": 70.95919, "eta_hours": 0.01971, "loss": 0.69251246, "lr": 0.00039093, "params": 6295, "time_iter": 0.04379, "accuracy": 0.52, "precision": 0.52, "recall": 1.0, "f1": 0.68421, "auc": 0.39494}
{"epoch": 58, "time_epoch": 1.6618, "eta": 69.25044, "eta_hours": 0.01924, "loss": 0.69252368, "lr": 0.00037566, "params": 6295, "time_iter": 0.04373, "accuracy": 0.52, "precision": 0.52, "recall": 1.0, "f1": 0.68421, "auc": 0.41097}
{"epoch": 59, "time_epoch": 1.65689, "eta": 67.53997, "eta_hours": 0.01876, "loss": 0.6924629, "lr": 0.0003605, "params": 6295, "time_iter": 0.0436, "accuracy": 0.52, "precision": 0.52, "recall": 1.0, "f1": 0.68421, "auc": 0.41391}
{"epoch": 60, "time_epoch": 1.65676, "eta": 65.83119, "eta_hours": 0.01829, "loss": 0.69245842, "lr": 0.00034549, "params": 6295, "time_iter": 0.0436, "accuracy": 0.52, "precision": 0.52, "recall": 1.0, "f1": 0.68421, "auc": 0.4148}
{"epoch": 61, "time_epoch": 1.65956, "eta": 64.12579, "eta_hours": 0.01781, "loss": 0.69276255, "lr": 0.00033063, "params": 6295, "time_iter": 0.04367, "accuracy": 0.52, "precision": 0.52, "recall": 1.0, "f1": 0.68421, "auc": 0.3791}
{"epoch": 62, "time_epoch": 1.66539, "eta": 62.42527, "eta_hours": 0.01734, "loss": 0.69263775, "lr": 0.00031594, "params": 6295, "time_iter": 0.04383, "accuracy": 0.52, "precision": 0.52, "recall": 1.0, "f1": 0.68421, "auc": 0.40402}
{"epoch": 63, "time_epoch": 1.66456, "eta": 60.72538, "eta_hours": 0.01687, "loss": 0.69244588, "lr": 0.00030143, "params": 6295, "time_iter": 0.0438, "accuracy": 0.52, "precision": 0.52, "recall": 1.0, "f1": 0.68421, "auc": 0.401}
{"epoch": 64, "time_epoch": 1.6661, "eta": 59.02741, "eta_hours": 0.0164, "loss": 0.69248705, "lr": 0.00028711, "params": 6295, "time_iter": 0.04384, "accuracy": 0.52, "precision": 0.52, "recall": 1.0, "f1": 0.68421, "auc": 0.4091}
{"epoch": 65, "time_epoch": 1.6618, "eta": 57.32819, "eta_hours": 0.01592, "loss": 0.69253855, "lr": 0.000273, "params": 6295, "time_iter": 0.04373, "accuracy": 0.52, "precision": 0.52, "recall": 1.0, "f1": 0.68421, "auc": 0.40563}
{"epoch": 66, "time_epoch": 1.6579, "eta": 55.62816, "eta_hours": 0.01545, "loss": 0.69247598, "lr": 0.00025912, "params": 6295, "time_iter": 0.04363, "accuracy": 0.52, "precision": 0.52, "recall": 1.0, "f1": 0.68421, "auc": 0.4237}
{"epoch": 67, "time_epoch": 1.66885, "eta": 53.93453, "eta_hours": 0.01498, "loss": 0.69254419, "lr": 0.00024548, "params": 6295, "time_iter": 0.04392, "accuracy": 0.52, "precision": 0.52, "recall": 1.0, "f1": 0.68421, "auc": 0.39815}
{"epoch": 68, "time_epoch": 1.6636, "eta": 52.23926, "eta_hours": 0.01451, "loss": 0.69249026, "lr": 0.00023209, "params": 6295, "time_iter": 0.04378, "accuracy": 0.52, "precision": 0.52, "recall": 1.0, "f1": 0.68421, "auc": 0.41898}
{"epoch": 69, "time_epoch": 1.65958, "eta": 50.54317, "eta_hours": 0.01404, "loss": 0.69245186, "lr": 0.00021896, "params": 6295, "time_iter": 0.04367, "accuracy": 0.52, "precision": 0.52, "recall": 1.0, "f1": 0.68421, "auc": 0.40411}
{"epoch": 70, "time_epoch": 1.65681, "eta": 48.84697, "eta_hours": 0.01357, "loss": 0.69238099, "lr": 0.00020611, "params": 6295, "time_iter": 0.0436, "accuracy": 0.52, "precision": 0.52, "recall": 1.0, "f1": 0.68421, "auc": 0.44685}
{"epoch": 71, "time_epoch": 1.66063, "eta": 47.15336, "eta_hours": 0.0131, "loss": 0.69240002, "lr": 0.00019355, "params": 6295, "time_iter": 0.0437, "accuracy": 0.52, "precision": 0.52, "recall": 1.0, "f1": 0.68421, "auc": 0.39699}
{"epoch": 72, "time_epoch": 1.65278, "eta": 45.45775, "eta_hours": 0.01263, "loss": 0.69237445, "lr": 0.00018129, "params": 6295, "time_iter": 0.04349, "accuracy": 0.52, "precision": 0.52, "recall": 1.0, "f1": 0.68421, "auc": 0.44257}
{"epoch": 73, "time_epoch": 1.66209, "eta": 43.76656, "eta_hours": 0.01216, "loss": 0.69241446, "lr": 0.00016934, "params": 6295, "time_iter": 0.04374, "accuracy": 0.52, "precision": 0.52, "recall": 1.0, "f1": 0.68421, "auc": 0.39975}
{"epoch": 74, "time_epoch": 1.66196, "eta": 42.07611, "eta_hours": 0.01169, "loss": 0.6923795, "lr": 0.00015773, "params": 6295, "time_iter": 0.04374, "accuracy": 0.52, "precision": 0.52, "recall": 1.0, "f1": 0.68421, "auc": 0.43795}
{"epoch": 75, "time_epoch": 1.69047, "eta": 40.39541, "eta_hours": 0.01122, "loss": 0.69250089, "lr": 0.00014645, "params": 6295, "time_iter": 0.04449, "accuracy": 0.52, "precision": 0.52, "recall": 1.0, "f1": 0.68421, "auc": 0.38373}
{"epoch": 76, "time_epoch": 1.66477, "eta": 38.70678, "eta_hours": 0.01075, "loss": 0.69244226, "lr": 0.00013552, "params": 6295, "time_iter": 0.04381, "accuracy": 0.52, "precision": 0.52, "recall": 1.0, "f1": 0.68421, "auc": 0.40394}
{"epoch": 77, "time_epoch": 1.67186, "eta": 37.02076, "eta_hours": 0.01028, "loss": 0.69236782, "lr": 0.00012494, "params": 6295, "time_iter": 0.044, "accuracy": 0.52, "precision": 0.52, "recall": 1.0, "f1": 0.68421, "auc": 0.4521}
{"epoch": 78, "time_epoch": 1.66519, "eta": 35.33333, "eta_hours": 0.00981, "loss": 0.6923836, "lr": 0.00011474, "params": 6295, "time_iter": 0.04382, "accuracy": 0.52, "precision": 0.52, "recall": 1.0, "f1": 0.68421, "auc": 0.44578}
{"epoch": 79, "time_epoch": 1.69345, "eta": 33.65352, "eta_hours": 0.00935, "loss": 0.69238188, "lr": 0.00010492, "params": 6295, "time_iter": 0.04456, "accuracy": 0.52, "precision": 0.52, "recall": 1.0, "f1": 0.68421, "auc": 0.44801}
{"epoch": 80, "time_epoch": 1.70162, "eta": 31.97529, "eta_hours": 0.00888, "loss": 0.69236433, "lr": 9.549e-05, "params": 6295, "time_iter": 0.04478, "accuracy": 0.52, "precision": 0.52, "recall": 1.0, "f1": 0.68421, "auc": 0.43269}
{"epoch": 81, "time_epoch": 1.66646, "eta": 30.28877, "eta_hours": 0.00841, "loss": 0.69242696, "lr": 8.646e-05, "params": 6295, "time_iter": 0.04385, "accuracy": 0.52, "precision": 0.52, "recall": 1.0, "f1": 0.68421, "auc": 0.39272}
{"epoch": 82, "time_epoch": 1.66848, "eta": 28.60314, "eta_hours": 0.00795, "loss": 0.69244204, "lr": 7.784e-05, "params": 6295, "time_iter": 0.04391, "accuracy": 0.52, "precision": 0.52, "recall": 1.0, "f1": 0.68421, "auc": 0.41115}
{"epoch": 83, "time_epoch": 1.71003, "eta": 26.92584, "eta_hours": 0.00748, "loss": 0.69237819, "lr": 6.963e-05, "params": 6295, "time_iter": 0.045, "accuracy": 0.52, "precision": 0.52, "recall": 1.0, "f1": 0.68421, "auc": 0.40963}
{"epoch": 84, "time_epoch": 1.73431, "eta": 25.25205, "eta_hours": 0.00701, "loss": 0.69235718, "lr": 6.185e-05, "params": 6295, "time_iter": 0.04564, "accuracy": 0.52, "precision": 0.52, "recall": 1.0, "f1": 0.68421, "auc": 0.40856}
{"epoch": 85, "time_epoch": 1.65645, "eta": 23.56419, "eta_hours": 0.00655, "loss": 0.69237274, "lr": 5.45e-05, "params": 6295, "time_iter": 0.04359, "accuracy": 0.52, "precision": 0.52, "recall": 1.0, "f1": 0.68421, "auc": 0.39165}
{"epoch": 86, "time_epoch": 1.65857, "eta": 21.87736, "eta_hours": 0.00608, "loss": 0.69235944, "lr": 4.759e-05, "params": 6295, "time_iter": 0.04365, "accuracy": 0.52, "precision": 0.52, "recall": 1.0, "f1": 0.68421, "auc": 0.37687}
{"epoch": 87, "time_epoch": 1.66573, "eta": 20.19215, "eta_hours": 0.00561, "loss": 0.69236511, "lr": 4.112e-05, "params": 6295, "time_iter": 0.04384, "accuracy": 0.52, "precision": 0.52, "recall": 1.0, "f1": 0.68421, "auc": 0.40002}
{"epoch": 88, "time_epoch": 1.72149, "eta": 18.51426, "eta_hours": 0.00514, "loss": 0.69235426, "lr": 3.511e-05, "params": 6295, "time_iter": 0.0453, "accuracy": 0.52, "precision": 0.52, "recall": 1.0, "f1": 0.68421, "auc": 0.41631}
{"epoch": 89, "time_epoch": 1.65903, "eta": 16.82847, "eta_hours": 0.00467, "loss": 0.69236414, "lr": 2.956e-05, "params": 6295, "time_iter": 0.04366, "accuracy": 0.52, "precision": 0.52, "recall": 1.0, "f1": 0.68421, "auc": 0.4018}
{"epoch": 90, "time_epoch": 1.66086, "eta": 15.14345, "eta_hours": 0.00421, "loss": 0.6923655, "lr": 2.447e-05, "params": 6295, "time_iter": 0.04371, "accuracy": 0.52, "precision": 0.52, "recall": 1.0, "f1": 0.68421, "auc": 0.44916}
{"epoch": 91, "time_epoch": 1.65889, "eta": 13.45878, "eta_hours": 0.00374, "loss": 0.69235429, "lr": 1.985e-05, "params": 6295, "time_iter": 0.04365, "accuracy": 0.52, "precision": 0.52, "recall": 1.0, "f1": 0.68421, "auc": 0.40278}
{"epoch": 92, "time_epoch": 1.6641, "eta": 11.77506, "eta_hours": 0.00327, "loss": 0.69235454, "lr": 1.571e-05, "params": 6295, "time_iter": 0.04379, "accuracy": 0.52, "precision": 0.52, "recall": 1.0, "f1": 0.68421, "auc": 0.4326}
{"epoch": 93, "time_epoch": 1.7199, "eta": 10.09532, "eta_hours": 0.0028, "loss": 0.69235236, "lr": 1.204e-05, "params": 6295, "time_iter": 0.04526, "accuracy": 0.52, "precision": 0.52, "recall": 1.0, "f1": 0.68421, "auc": 0.33529}
{"epoch": 94, "time_epoch": 1.66036, "eta": 8.4116, "eta_hours": 0.00234, "loss": 0.69235154, "lr": 8.86e-06, "params": 6295, "time_iter": 0.04369, "accuracy": 0.52, "precision": 0.52, "recall": 1.0, "f1": 0.68421, "auc": 0.40741}
{"epoch": 95, "time_epoch": 1.65789, "eta": 6.72826, "eta_hours": 0.00187, "loss": 0.6923501, "lr": 6.16e-06, "params": 6295, "time_iter": 0.04363, "accuracy": 0.52, "precision": 0.52, "recall": 1.0, "f1": 0.68421, "auc": 0.3742}
{"epoch": 96, "time_epoch": 1.65877, "eta": 5.04548, "eta_hours": 0.0014, "loss": 0.6923481, "lr": 3.94e-06, "params": 6295, "time_iter": 0.04365, "accuracy": 0.52, "precision": 0.52, "recall": 1.0, "f1": 0.68421, "auc": 0.41898}
{"epoch": 97, "time_epoch": 1.66836, "eta": 3.36338, "eta_hours": 0.00093, "loss": 0.69234744, "lr": 2.22e-06, "params": 6295, "time_iter": 0.0439, "accuracy": 0.52, "precision": 0.52, "recall": 1.0, "f1": 0.68421, "auc": 0.45344}
{"epoch": 98, "time_epoch": 1.66158, "eta": 1.68148, "eta_hours": 0.00047, "loss": 0.69234736, "lr": 9.9e-07, "params": 6295, "time_iter": 0.04373, "accuracy": 0.52, "precision": 0.52, "recall": 1.0, "f1": 0.68421, "auc": 0.41426}
{"epoch": 99, "time_epoch": 1.66705, "eta": 0.0, "eta_hours": 0.0, "loss": 0.69234719, "lr": 2.5e-07, "params": 6295, "time_iter": 0.04387, "accuracy": 0.52, "precision": 0.52, "recall": 1.0, "f1": 0.68421, "auc": 0.44525}
