{"epoch": 0, "time_epoch": 0.41996, "eta": 41.57602, "eta_hours": 0.01155, "loss": 0.67060349, "lr": 0.001, "params": 3473, "time_iter": 0.012, "accuracy": 0.60791, "precision": 0.0, "recall": 0.0, "f1": 0.0, "auc": 0.46568}
{"epoch": 1, "time_epoch": 0.37014, "eta": 38.71465, "eta_hours": 0.01075, "loss": 0.66971446, "lr": 0.00099975, "params": 3473, "time_iter": 0.01058, "accuracy": 0.60791, "precision": 0.0, "recall": 0.0, "f1": 0.0, "auc": 0.50744}
{"epoch": 2, "time_epoch": 0.38907, "eta": 38.12625, "eta_hours": 0.01059, "loss": 0.67014543, "lr": 0.00099901, "params": 3473, "time_iter": 0.01112, "accuracy": 0.60791, "precision": 0.0, "recall": 0.0, "f1": 0.0, "auc": 0.45535}
{"epoch": 3, "time_epoch": 0.39243, "eta": 37.71814, "eta_hours": 0.01048, "loss": 0.67065568, "lr": 0.00099778, "params": 3473, "time_iter": 0.01121, "accuracy": 0.60791, "precision": 0.0, "recall": 0.0, "f1": 0.0, "auc": 0.42782}
{"epoch": 4, "time_epoch": 0.3855, "eta": 37.18462, "eta_hours": 0.01033, "loss": 0.67010964, "lr": 0.00099606, "params": 3473, "time_iter": 0.01101, "accuracy": 0.60791, "precision": 0.0, "recall": 0.0, "f1": 0.0, "auc": 0.47119}
{"epoch": 5, "time_epoch": 0.38623, "eta": 36.7119, "eta_hours": 0.0102, "loss": 0.66979572, "lr": 0.00099384, "params": 3473, "time_iter": 0.01104, "accuracy": 0.60791, "precision": 0.0, "recall": 0.0, "f1": 0.0, "auc": 0.47582}
{"epoch": 6, "time_epoch": 0.38701, "eta": 36.27426, "eta_hours": 0.01008, "loss": 0.66978175, "lr": 0.00099114, "params": 3473, "time_iter": 0.01106, "accuracy": 0.60791, "precision": 0.0, "recall": 0.0, "f1": 0.0, "auc": 0.46384}
{"epoch": 7, "time_epoch": 0.39464, "eta": 35.93708, "eta_hours": 0.00998, "loss": 0.67005366, "lr": 0.00098796, "params": 3473, "time_iter": 0.01128, "accuracy": 0.60791, "precision": 0.0, "recall": 0.0, "f1": 0.0, "auc": 0.45574}
{"epoch": 8, "time_epoch": 0.38569, "eta": 35.49661, "eta_hours": 0.00986, "loss": 0.66976023, "lr": 0.00098429, "params": 3473, "time_iter": 0.01102, "accuracy": 0.60791, "precision": 0.0, "recall": 0.0, "f1": 0.0, "auc": 0.47209}
{"epoch": 9, "time_epoch": 0.39278, "eta": 35.13091, "eta_hours": 0.00976, "loss": 0.66998448, "lr": 0.00098015, "params": 3473, "time_iter": 0.01122, "accuracy": 0.60791, "precision": 0.0, "recall": 0.0, "f1": 0.0, "auc": 0.45369}
{"epoch": 10, "time_epoch": 0.42733, "eta": 35.03985, "eta_hours": 0.00973, "loss": 0.66996003, "lr": 0.00097553, "params": 3473, "time_iter": 0.01221, "accuracy": 0.60791, "precision": 0.0, "recall": 0.0, "f1": 0.0, "auc": 0.45502}
{"epoch": 11, "time_epoch": 0.38944, "eta": 34.61486, "eta_hours": 0.00962, "loss": 0.67003229, "lr": 0.00097044, "params": 3473, "time_iter": 0.01113, "accuracy": 0.60791, "precision": 0.0, "recall": 0.0, "f1": 0.0, "auc": 0.45979}
{"epoch": 12, "time_epoch": 0.38554, "eta": 34.16926, "eta_hours": 0.00949, "loss": 0.66973136, "lr": 0.00096489, "params": 3473, "time_iter": 0.01102, "accuracy": 0.60791, "precision": 0.0, "recall": 0.0, "f1": 0.0, "auc": 0.48724}
{"epoch": 13, "time_epoch": 0.38579, "eta": 33.73374, "eta_hours": 0.00937, "loss": 0.67012653, "lr": 0.00095888, "params": 3473, "time_iter": 0.01102, "accuracy": 0.60791, "precision": 0.0, "recall": 0.0, "f1": 0.0, "auc": 0.44357}
{"epoch": 14, "time_epoch": 0.39382, "eta": 33.35038, "eta_hours": 0.00926, "loss": 0.66999137, "lr": 0.00095241, "params": 3473, "time_iter": 0.01125, "accuracy": 0.60791, "precision": 0.0, "recall": 0.0, "f1": 0.0, "auc": 0.42442}
{"epoch": 15, "time_epoch": 0.39081, "eta": 32.94987, "eta_hours": 0.00915, "loss": 0.66982565, "lr": 0.0009455, "params": 3473, "time_iter": 0.01117, "accuracy": 0.60791, "precision": 0.0, "recall": 0.0, "f1": 0.0, "auc": 0.45016}
{"epoch": 16, "time_epoch": 0.4, "eta": 32.59538, "eta_hours": 0.00905, "loss": 0.66976631, "lr": 0.00093815, "params": 3473, "time_iter": 0.01143, "accuracy": 0.60791, "precision": 0.0, "recall": 0.0, "f1": 0.0, "auc": 0.48434}
{"epoch": 17, "time_epoch": 0.3856, "eta": 32.17024, "eta_hours": 0.00894, "loss": 0.66996629, "lr": 0.00093037, "params": 3473, "time_iter": 0.01102, "accuracy": 0.60791, "precision": 0.0, "recall": 0.0, "f1": 0.0, "auc": 0.4575}
{"epoch": 18, "time_epoch": 0.38554, "eta": 31.74903, "eta_hours": 0.00882, "loss": 0.6699001, "lr": 0.00092216, "params": 3473, "time_iter": 0.01102, "accuracy": 0.60791, "precision": 0.0, "recall": 0.0, "f1": 0.0, "auc": 0.45151}
{"epoch": 19, "time_epoch": 0.39049, "eta": 31.35116, "eta_hours": 0.00871, "loss": 0.66992888, "lr": 0.00091354, "params": 3473, "time_iter": 0.01116, "accuracy": 0.60791, "precision": 0.0, "recall": 0.0, "f1": 0.0, "auc": 0.46433}
{"epoch": 20, "time_epoch": 0.38606, "eta": 30.93734, "eta_hours": 0.00859, "loss": 0.66989089, "lr": 0.00090451, "params": 3473, "time_iter": 0.01103, "accuracy": 0.60791, "precision": 0.0, "recall": 0.0, "f1": 0.0, "auc": 0.42176}
{"epoch": 21, "time_epoch": 0.39029, "eta": 30.54104, "eta_hours": 0.00848, "loss": 0.66989147, "lr": 0.00089508, "params": 3473, "time_iter": 0.01115, "accuracy": 0.60791, "precision": 0.0, "recall": 0.0, "f1": 0.0, "auc": 0.46188}
{"epoch": 22, "time_epoch": 0.38562, "eta": 30.12964, "eta_hours": 0.00837, "loss": 0.66973181, "lr": 0.00088526, "params": 3473, "time_iter": 0.01102, "accuracy": 0.60791, "precision": 0.0, "recall": 0.0, "f1": 0.0, "auc": 0.46097}
{"epoch": 23, "time_epoch": 0.39064, "eta": 29.73627, "eta_hours": 0.00826, "loss": 0.66978207, "lr": 0.00087506, "params": 3473, "time_iter": 0.01116, "accuracy": 0.60791, "precision": 0.0, "recall": 0.0, "f1": 0.0, "auc": 0.43439}
{"epoch": 24, "time_epoch": 0.38705, "eta": 29.33236, "eta_hours": 0.00815, "loss": 0.669755, "lr": 0.00086448, "params": 3473, "time_iter": 0.01106, "accuracy": 0.60791, "precision": 0.0, "recall": 0.0, "f1": 0.0, "auc": 0.46527}
{"epoch": 25, "time_epoch": 0.38709, "eta": 28.92986, "eta_hours": 0.00804, "loss": 0.66988804, "lr": 0.00085355, "params": 3473, "time_iter": 0.01106, "accuracy": 0.60791, "precision": 0.0, "recall": 0.0, "f1": 0.0, "auc": 0.4477}
{"epoch": 26, "time_epoch": 0.38622, "eta": 28.52614, "eta_hours": 0.00792, "loss": 0.6701844, "lr": 0.00084227, "params": 3473, "time_iter": 0.01103, "accuracy": 0.60791, "precision": 0.0, "recall": 0.0, "f1": 0.0, "auc": 0.43934}
{"epoch": 27, "time_epoch": 0.3852, "eta": 28.12105, "eta_hours": 0.00781, "loss": 0.66975552, "lr": 0.00083066, "params": 3473, "time_iter": 0.01101, "accuracy": 0.60791, "precision": 0.0, "recall": 0.0, "f1": 0.0, "auc": 0.46177}
{"epoch": 28, "time_epoch": 0.39925, "eta": 27.75173, "eta_hours": 0.00771, "loss": 0.66988674, "lr": 0.00081871, "params": 3473, "time_iter": 0.01141, "accuracy": 0.60791, "precision": 0.0, "recall": 0.0, "f1": 0.0, "auc": 0.44569}
{"epoch": 29, "time_epoch": 0.38443, "eta": 27.34584, "eta_hours": 0.0076, "loss": 0.66988983, "lr": 0.00080645, "params": 3473, "time_iter": 0.01098, "accuracy": 0.60791, "precision": 0.0, "recall": 0.0, "f1": 0.0, "auc": 0.43874}
{"epoch": 30, "time_epoch": 0.39351, "eta": 26.96154, "eta_hours": 0.00749, "loss": 0.66975433, "lr": 0.00079389, "params": 3473, "time_iter": 0.01124, "accuracy": 0.60791, "precision": 0.0, "recall": 0.0, "f1": 0.0, "auc": 0.47402}
{"epoch": 31, "time_epoch": 0.38524, "eta": 26.55909, "eta_hours": 0.00738, "loss": 0.66985646, "lr": 0.00078104, "params": 3473, "time_iter": 0.01101, "accuracy": 0.60791, "precision": 0.0, "recall": 0.0, "f1": 0.0, "auc": 0.46104}
{"epoch": 32, "time_epoch": 0.38952, "eta": 26.16636, "eta_hours": 0.00727, "loss": 0.66975341, "lr": 0.00076791, "params": 3473, "time_iter": 0.01113, "accuracy": 0.60791, "precision": 0.0, "recall": 0.0, "f1": 0.0, "auc": 0.43169}
{"epoch": 33, "time_epoch": 0.38774, "eta": 25.77038, "eta_hours": 0.00716, "loss": 0.669983, "lr": 0.00075452, "params": 3473, "time_iter": 0.01108, "accuracy": 0.60791, "precision": 0.0, "recall": 0.0, "f1": 0.0, "auc": 0.46006}
{"epoch": 34, "time_epoch": 0.38529, "eta": 25.37031, "eta_hours": 0.00705, "loss": 0.66978225, "lr": 0.00074088, "params": 3473, "time_iter": 0.01101, "accuracy": 0.60791, "precision": 0.0, "recall": 0.0, "f1": 0.0, "auc": 0.46303}
{"epoch": 35, "time_epoch": 0.3884, "eta": 24.9766, "eta_hours": 0.00694, "loss": 0.66969887, "lr": 0.000727, "params": 3473, "time_iter": 0.0111, "accuracy": 0.60791, "precision": 0.0, "recall": 0.0, "f1": 0.0, "auc": 0.48097}
{"epoch": 36, "time_epoch": 0.39022, "eta": 24.58627, "eta_hours": 0.00683, "loss": 0.66981622, "lr": 0.00071289, "params": 3473, "time_iter": 0.01115, "accuracy": 0.60791, "precision": 0.0, "recall": 0.0, "f1": 0.0, "auc": 0.46149}
{"epoch": 37, "time_epoch": 0.38763, "eta": 24.19172, "eta_hours": 0.00672, "loss": 0.67017274, "lr": 0.00069857, "params": 3473, "time_iter": 0.01108, "accuracy": 0.60791, "precision": 0.0, "recall": 0.0, "f1": 0.0, "auc": 0.44033}
{"epoch": 38, "time_epoch": 0.38534, "eta": 23.79394, "eta_hours": 0.00661, "loss": 0.66976201, "lr": 0.00068406, "params": 3473, "time_iter": 0.01101, "accuracy": 0.60791, "precision": 0.0, "recall": 0.0, "f1": 0.0, "auc": 0.47842}
{"epoch": 39, "time_epoch": 0.38653, "eta": 23.39858, "eta_hours": 0.0065, "loss": 0.6697289, "lr": 0.00066937, "params": 3473, "time_iter": 0.01104, "accuracy": 0.60791, "precision": 0.0, "recall": 0.0, "f1": 0.0, "auc": 0.4557}
{"epoch": 40, "time_epoch": 0.38863, "eta": 23.00667, "eta_hours": 0.00639, "loss": 0.66977604, "lr": 0.00065451, "params": 3473, "time_iter": 0.0111, "accuracy": 0.60791, "precision": 0.0, "recall": 0.0, "f1": 0.0, "auc": 0.44761}
{"epoch": 41, "time_epoch": 0.38877, "eta": 22.61511, "eta_hours": 0.00628, "loss": 0.66978791, "lr": 0.0006395, "params": 3473, "time_iter": 0.01111, "accuracy": 0.60791, "precision": 0.0, "recall": 0.0, "f1": 0.0, "auc": 0.44289}
{"epoch": 42, "time_epoch": 0.38548, "eta": 22.21931, "eta_hours": 0.00617, "loss": 0.66981425, "lr": 0.00062434, "params": 3473, "time_iter": 0.01101, "accuracy": 0.60791, "precision": 0.0, "recall": 0.0, "f1": 0.0, "auc": 0.44808}
{"epoch": 43, "time_epoch": 0.38653, "eta": 21.82532, "eta_hours": 0.00606, "loss": 0.66971848, "lr": 0.00060907, "params": 3473, "time_iter": 0.01104, "accuracy": 0.60791, "precision": 0.0, "recall": 0.0, "f1": 0.0, "auc": 0.48517}
{"epoch": 44, "time_epoch": 0.39512, "eta": 21.44216, "eta_hours": 0.00596, "loss": 0.66990871, "lr": 0.00059369, "params": 3473, "time_iter": 0.01129, "accuracy": 0.60791, "precision": 0.0, "recall": 0.0, "f1": 0.0, "auc": 0.44374}
{"epoch": 45, "time_epoch": 0.39438, "eta": 21.05761, "eta_hours": 0.00585, "loss": 0.66996222, "lr": 0.00057822, "params": 3473, "time_iter": 0.01127, "accuracy": 0.60791, "precision": 0.0, "recall": 0.0, "f1": 0.0, "auc": 0.43892}
{"epoch": 46, "time_epoch": 0.38954, "eta": 20.66718, "eta_hours": 0.00574, "loss": 0.66980343, "lr": 0.00056267, "params": 3473, "time_iter": 0.01113, "accuracy": 0.60791, "precision": 0.0, "recall": 0.0, "f1": 0.0, "auc": 0.44976}
{"epoch": 47, "time_epoch": 0.38963, "eta": 20.27688, "eta_hours": 0.00563, "loss": 0.66975319, "lr": 0.00054705, "params": 3473, "time_iter": 0.01113, "accuracy": 0.60791, "precision": 0.0, "recall": 0.0, "f1": 0.0, "auc": 0.44158}
{"epoch": 48, "time_epoch": 0.39508, "eta": 19.89229, "eta_hours": 0.00553, "loss": 0.66973002, "lr": 0.0005314, "params": 3473, "time_iter": 0.01129, "accuracy": 0.60791, "precision": 0.0, "recall": 0.0, "f1": 0.0, "auc": 0.44861}
{"epoch": 49, "time_epoch": 0.39361, "eta": 19.50581, "eta_hours": 0.00542, "loss": 0.6698361, "lr": 0.00051571, "params": 3473, "time_iter": 0.01125, "accuracy": 0.60791, "precision": 0.0, "recall": 0.0, "f1": 0.0, "auc": 0.45717}
{"epoch": 50, "time_epoch": 0.39201, "eta": 19.11751, "eta_hours": 0.00531, "loss": 0.66978619, "lr": 0.0005, "params": 3473, "time_iter": 0.0112, "accuracy": 0.60791, "precision": 0.0, "recall": 0.0, "f1": 0.0, "auc": 0.45899}
{"epoch": 51, "time_epoch": 0.38787, "eta": 18.72525, "eta_hours": 0.0052, "loss": 0.66982761, "lr": 0.00048429, "params": 3473, "time_iter": 0.01108, "accuracy": 0.60791, "precision": 0.0, "recall": 0.0, "f1": 0.0, "auc": 0.44053}
{"epoch": 52, "time_epoch": 0.38519, "eta": 18.33079, "eta_hours": 0.00509, "loss": 0.66975156, "lr": 0.0004686, "params": 3473, "time_iter": 0.01101, "accuracy": 0.60791, "precision": 0.0, "recall": 0.0, "f1": 0.0, "auc": 0.47071}
{"epoch": 53, "time_epoch": 0.39071, "eta": 17.94136, "eta_hours": 0.00498, "loss": 0.66981478, "lr": 0.00045295, "params": 3473, "time_iter": 0.01116, "accuracy": 0.60791, "precision": 0.0, "recall": 0.0, "f1": 0.0, "auc": 0.43805}
{"epoch": 54, "time_epoch": 0.3867, "eta": 17.54861, "eta_hours": 0.00487, "loss": 0.66984883, "lr": 0.00043733, "params": 3473, "time_iter": 0.01105, "accuracy": 0.60791, "precision": 0.0, "recall": 0.0, "f1": 0.0, "auc": 0.43152}
{"epoch": 55, "time_epoch": 0.38575, "eta": 17.15533, "eta_hours": 0.00477, "loss": 0.66977229, "lr": 0.00042178, "params": 3473, "time_iter": 0.01102, "accuracy": 0.60791, "precision": 0.0, "recall": 0.0, "f1": 0.0, "auc": 0.4516}
{"epoch": 56, "time_epoch": 0.38524, "eta": 16.76192, "eta_hours": 0.00466, "loss": 0.66974264, "lr": 0.00040631, "params": 3473, "time_iter": 0.01101, "accuracy": 0.60791, "precision": 0.0, "recall": 0.0, "f1": 0.0, "auc": 0.45658}
{"epoch": 57, "time_epoch": 0.38767, "eta": 16.37056, "eta_hours": 0.00455, "loss": 0.66971748, "lr": 0.00039093, "params": 3473, "time_iter": 0.01108, "accuracy": 0.60791, "precision": 0.0, "recall": 0.0, "f1": 0.0, "auc": 0.45958}
{"epoch": 58, "time_epoch": 0.38643, "eta": 15.97846, "eta_hours": 0.00444, "loss": 0.66968425, "lr": 0.00037566, "params": 3473, "time_iter": 0.01104, "accuracy": 0.60791, "precision": 0.0, "recall": 0.0, "f1": 0.0, "auc": 0.46646}
{"epoch": 59, "time_epoch": 0.38696, "eta": 15.5869, "eta_hours": 0.00433, "loss": 0.66969636, "lr": 0.0003605, "params": 3473, "time_iter": 0.01106, "accuracy": 0.60791, "precision": 0.0, "recall": 0.0, "f1": 0.0, "auc": 0.46574}
{"epoch": 60, "time_epoch": 0.38704, "eta": 15.19554, "eta_hours": 0.00422, "loss": 0.66971427, "lr": 0.00034549, "params": 3473, "time_iter": 0.01106, "accuracy": 0.60791, "precision": 0.0, "recall": 0.0, "f1": 0.0, "auc": 0.45736}
{"epoch": 61, "time_epoch": 0.38594, "eta": 14.80365, "eta_hours": 0.00411, "loss": 0.66984141, "lr": 0.00033063, "params": 3473, "time_iter": 0.01103, "accuracy": 0.60791, "precision": 0.0, "recall": 0.0, "f1": 0.0, "auc": 0.43537}
{"epoch": 62, "time_epoch": 0.38858, "eta": 14.4135, "eta_hours": 0.004, "loss": 0.6696793, "lr": 0.00031594, "params": 3473, "time_iter": 0.0111, "accuracy": 0.60791, "precision": 0.0, "recall": 0.0, "f1": 0.0, "auc": 0.49024}
{"epoch": 63, "time_epoch": 0.38465, "eta": 14.02118, "eta_hours": 0.00389, "loss": 0.66974845, "lr": 0.00030143, "params": 3473, "time_iter": 0.01099, "accuracy": 0.60791, "precision": 0.0, "recall": 0.0, "f1": 0.0, "auc": 0.44964}
{"epoch": 64, "time_epoch": 0.38701, "eta": 13.63038, "eta_hours": 0.00379, "loss": 0.66975834, "lr": 0.00028711, "params": 3473, "time_iter": 0.01106, "accuracy": 0.60791, "precision": 0.0, "recall": 0.0, "f1": 0.0, "auc": 0.44523}
{"epoch": 65, "time_epoch": 0.38506, "eta": 13.23868, "eta_hours": 0.00368, "loss": 0.66970357, "lr": 0.000273, "params": 3473, "time_iter": 0.011, "accuracy": 0.60791, "precision": 0.0, "recall": 0.0, "f1": 0.0, "auc": 0.4688}
{"epoch": 66, "time_epoch": 0.3919, "eta": 12.85055, "eta_hours": 0.00357, "loss": 0.66972622, "lr": 0.00025912, "params": 3473, "time_iter": 0.0112, "accuracy": 0.60791, "precision": 0.0, "recall": 0.0, "f1": 0.0, "auc": 0.46017}
{"epoch": 67, "time_epoch": 0.38647, "eta": 12.45976, "eta_hours": 0.00346, "loss": 0.66985504, "lr": 0.00024548, "params": 3473, "time_iter": 0.01104, "accuracy": 0.60791, "precision": 0.0, "recall": 0.0, "f1": 0.0, "auc": 0.44981}
{"epoch": 68, "time_epoch": 0.39354, "eta": 12.07226, "eta_hours": 0.00335, "loss": 0.66970658, "lr": 0.00023209, "params": 3473, "time_iter": 0.01124, "accuracy": 0.60791, "precision": 0.0, "recall": 0.0, "f1": 0.0, "auc": 0.4688}
{"epoch": 69, "time_epoch": 0.38966, "eta": 11.68293, "eta_hours": 0.00325, "loss": 0.66970879, "lr": 0.00021896, "params": 3473, "time_iter": 0.01113, "accuracy": 0.60791, "precision": 0.0, "recall": 0.0, "f1": 0.0, "auc": 0.45494}
{"epoch": 70, "time_epoch": 0.39075, "eta": 11.29404, "eta_hours": 0.00314, "loss": 0.66969306, "lr": 0.00020611, "params": 3473, "time_iter": 0.01116, "accuracy": 0.60791, "precision": 0.0, "recall": 0.0, "f1": 0.0, "auc": 0.46647}
{"epoch": 71, "time_epoch": 0.38778, "eta": 10.90394, "eta_hours": 0.00303, "loss": 0.66969729, "lr": 0.00019355, "params": 3473, "time_iter": 0.01108, "accuracy": 0.60791, "precision": 0.0, "recall": 0.0, "f1": 0.0, "auc": 0.46817}
{"epoch": 72, "time_epoch": 0.39172, "eta": 10.51536, "eta_hours": 0.00292, "loss": 0.66968222, "lr": 0.00018129, "params": 3473, "time_iter": 0.01119, "accuracy": 0.60791, "precision": 0.0, "recall": 0.0, "f1": 0.0, "auc": 0.47994}
{"epoch": 73, "time_epoch": 0.38627, "eta": 10.12478, "eta_hours": 0.00281, "loss": 0.6696782, "lr": 0.00016934, "params": 3473, "time_iter": 0.01104, "accuracy": 0.60791, "precision": 0.0, "recall": 0.0, "f1": 0.0, "auc": 0.49457}
{"epoch": 74, "time_epoch": 0.3937, "eta": 9.7368, "eta_hours": 0.0027, "loss": 0.66970682, "lr": 0.00015773, "params": 3473, "time_iter": 0.01125, "accuracy": 0.60791, "precision": 0.0, "recall": 0.0, "f1": 0.0, "auc": 0.45401}
{"epoch": 75, "time_epoch": 0.38719, "eta": 9.34661, "eta_hours": 0.0026, "loss": 0.6696788, "lr": 0.00014645, "params": 3473, "time_iter": 0.01106, "accuracy": 0.60791, "precision": 0.0, "recall": 0.0, "f1": 0.0, "auc": 0.4923}
{"epoch": 76, "time_epoch": 0.38973, "eta": 8.95725, "eta_hours": 0.00249, "loss": 0.66967949, "lr": 0.00013552, "params": 3473, "time_iter": 0.01114, "accuracy": 0.60791, "precision": 0.0, "recall": 0.0, "f1": 0.0, "auc": 0.48859}
{"epoch": 77, "time_epoch": 0.38915, "eta": 8.56772, "eta_hours": 0.00238, "loss": 0.66976145, "lr": 0.00012494, "params": 3473, "time_iter": 0.01112, "accuracy": 0.60791, "precision": 0.0, "recall": 0.0, "f1": 0.0, "auc": 0.42344}
{"epoch": 78, "time_epoch": 0.39253, "eta": 8.1791, "eta_hours": 0.00227, "loss": 0.66969788, "lr": 0.00011474, "params": 3473, "time_iter": 0.01122, "accuracy": 0.60791, "precision": 0.0, "recall": 0.0, "f1": 0.0, "auc": 0.44939}
{"epoch": 79, "time_epoch": 0.3933, "eta": 7.79057, "eta_hours": 0.00216, "loss": 0.66969022, "lr": 0.00010492, "params": 3473, "time_iter": 0.01124, "accuracy": 0.60791, "precision": 0.0, "recall": 0.0, "f1": 0.0, "auc": 0.4683}
{"epoch": 80, "time_epoch": 0.39129, "eta": 7.40146, "eta_hours": 0.00206, "loss": 0.66968726, "lr": 9.549e-05, "params": 3473, "time_iter": 0.01118, "accuracy": 0.60791, "precision": 0.0, "recall": 0.0, "f1": 0.0, "auc": 0.47869}
{"epoch": 81, "time_epoch": 0.38441, "eta": 7.01078, "eta_hours": 0.00195, "loss": 0.66968036, "lr": 8.646e-05, "params": 3473, "time_iter": 0.01098, "accuracy": 0.60791, "precision": 0.0, "recall": 0.0, "f1": 0.0, "auc": 0.46891}
{"epoch": 82, "time_epoch": 0.38912, "eta": 6.62122, "eta_hours": 0.00184, "loss": 0.6696785, "lr": 7.784e-05, "params": 3473, "time_iter": 0.01112, "accuracy": 0.60791, "precision": 0.0, "recall": 0.0, "f1": 0.0, "auc": 0.47172}
{"epoch": 83, "time_epoch": 0.39847, "eta": 6.23345, "eta_hours": 0.00173, "loss": 0.66971471, "lr": 6.963e-05, "params": 3473, "time_iter": 0.01138, "accuracy": 0.60791, "precision": 0.0, "recall": 0.0, "f1": 0.0, "auc": 0.44343}
{"epoch": 84, "time_epoch": 0.39069, "eta": 5.84405, "eta_hours": 0.00162, "loss": 0.66969261, "lr": 6.185e-05, "params": 3473, "time_iter": 0.01116, "accuracy": 0.60791, "precision": 0.0, "recall": 0.0, "f1": 0.0, "auc": 0.44841}
{"epoch": 85, "time_epoch": 0.38606, "eta": 5.45387, "eta_hours": 0.00151, "loss": 0.66968162, "lr": 5.45e-05, "params": 3473, "time_iter": 0.01103, "accuracy": 0.60791, "precision": 0.0, "recall": 0.0, "f1": 0.0, "auc": 0.47709}
{"epoch": 86, "time_epoch": 0.3917, "eta": 5.06463, "eta_hours": 0.00141, "loss": 0.66967962, "lr": 4.759e-05, "params": 3473, "time_iter": 0.01119, "accuracy": 0.60791, "precision": 0.0, "recall": 0.0, "f1": 0.0, "auc": 0.47497}
{"epoch": 87, "time_epoch": 0.39121, "eta": 4.67526, "eta_hours": 0.0013, "loss": 0.66968585, "lr": 4.112e-05, "params": 3473, "time_iter": 0.01118, "accuracy": 0.60791, "precision": 0.0, "recall": 0.0, "f1": 0.0, "auc": 0.44536}
{"epoch": 88, "time_epoch": 0.38578, "eta": 4.28518, "eta_hours": 0.00119, "loss": 0.66969866, "lr": 3.511e-05, "params": 3473, "time_iter": 0.01102, "accuracy": 0.60791, "precision": 0.0, "recall": 0.0, "f1": 0.0, "auc": 0.43813}
{"epoch": 89, "time_epoch": 0.38547, "eta": 3.89516, "eta_hours": 0.00108, "loss": 0.66968523, "lr": 2.956e-05, "params": 3473, "time_iter": 0.01101, "accuracy": 0.60791, "precision": 0.0, "recall": 0.0, "f1": 0.0, "auc": 0.47643}
{"epoch": 90, "time_epoch": 0.38559, "eta": 3.50526, "eta_hours": 0.00097, "loss": 0.66966349, "lr": 2.447e-05, "params": 3473, "time_iter": 0.01102, "accuracy": 0.60791, "precision": 0.0, "recall": 0.0, "f1": 0.0, "auc": 0.51236}
{"epoch": 91, "time_epoch": 0.38897, "eta": 3.11574, "eta_hours": 0.00087, "loss": 0.66967711, "lr": 1.985e-05, "params": 3473, "time_iter": 0.01111, "accuracy": 0.60791, "precision": 0.0, "recall": 0.0, "f1": 0.0, "auc": 0.47105}
{"epoch": 92, "time_epoch": 0.38608, "eta": 2.72602, "eta_hours": 0.00076, "loss": 0.66967107, "lr": 1.571e-05, "params": 3473, "time_iter": 0.01103, "accuracy": 0.60791, "precision": 0.0, "recall": 0.0, "f1": 0.0, "auc": 0.49165}
{"epoch": 93, "time_epoch": 0.38876, "eta": 2.33655, "eta_hours": 0.00065, "loss": 0.66966551, "lr": 1.204e-05, "params": 3473, "time_iter": 0.01111, "accuracy": 0.60791, "precision": 0.0, "recall": 0.0, "f1": 0.0, "auc": 0.53435}
{"epoch": 94, "time_epoch": 0.394, "eta": 1.94736, "eta_hours": 0.00054, "loss": 0.66967618, "lr": 8.86e-06, "params": 3473, "time_iter": 0.01126, "accuracy": 0.60791, "precision": 0.0, "recall": 0.0, "f1": 0.0, "auc": 0.48983}
{"epoch": 95, "time_epoch": 0.38696, "eta": 1.55779, "eta_hours": 0.00043, "loss": 0.66966754, "lr": 6.16e-06, "params": 3473, "time_iter": 0.01106, "accuracy": 0.60791, "precision": 0.0, "recall": 0.0, "f1": 0.0, "auc": 0.51547}
{"epoch": 96, "time_epoch": 0.39081, "eta": 1.16838, "eta_hours": 0.00032, "loss": 0.66967803, "lr": 3.94e-06, "params": 3473, "time_iter": 0.01117, "accuracy": 0.60791, "precision": 0.0, "recall": 0.0, "f1": 0.0, "auc": 0.48264}
{"epoch": 97, "time_epoch": 0.38584, "eta": 0.77885, "eta_hours": 0.00022, "loss": 0.66967258, "lr": 2.22e-06, "params": 3473, "time_iter": 0.01102, "accuracy": 0.60791, "precision": 0.0, "recall": 0.0, "f1": 0.0, "auc": 0.4892}
{"epoch": 98, "time_epoch": 0.38464, "eta": 0.38938, "eta_hours": 0.00011, "loss": 0.6696695, "lr": 9.9e-07, "params": 3473, "time_iter": 0.01099, "accuracy": 0.60791, "precision": 0.0, "recall": 0.0, "f1": 0.0, "auc": 0.50652}
{"epoch": 99, "time_epoch": 0.38599, "eta": 0.0, "eta_hours": 0.0, "loss": 0.66966458, "lr": 2.5e-07, "params": 3473, "time_iter": 0.01103, "accuracy": 0.60791, "precision": 0.0, "recall": 0.0, "f1": 0.0, "auc": 0.52876}
