{"epoch": 0, "time_epoch": 6.5745, "eta": 650.87534, "eta_hours": 0.1808, "loss": 0.70615007, "lr": 0.001, "params": 8313, "time_iter": 0.59768, "accuracy": 0.47619, "precision": 0.47619, "recall": 1.0, "f1": 0.64516, "auc": 0.43182}
{"epoch": 1, "time_epoch": 7.6647, "eta": 697.72092, "eta_hours": 0.19381, "loss": 0.70391136, "lr": 0.00099975, "params": 8313, "time_iter": 0.69679, "accuracy": 0.47619, "precision": 0.47619, "recall": 1.0, "f1": 0.64516, "auc": 0.48636}
{"epoch": 2, "time_epoch": 0.56499, "eta": 478.66888, "eta_hours": 0.13296, "loss": 0.70252888, "lr": 0.00099901, "params": 8313, "time_iter": 0.05136, "accuracy": 0.47619, "precision": 0.47619, "recall": 1.0, "f1": 0.64516, "auc": 0.52727}
{"epoch": 3, "time_epoch": 0.64632, "eta": 370.8123, "eta_hours": 0.103, "loss": 0.70194133, "lr": 0.00099778, "params": 8313, "time_iter": 0.05876, "accuracy": 0.47619, "precision": 0.47619, "recall": 1.0, "f1": 0.64516, "auc": 0.36136}
{"epoch": 4, "time_epoch": 0.63793, "eta": 305.68045, "eta_hours": 0.08491, "loss": 0.69936833, "lr": 0.00099606, "params": 8313, "time_iter": 0.05799, "accuracy": 0.47619, "precision": 0.47619, "recall": 1.0, "f1": 0.64516, "auc": 0.54545}
{"epoch": 5, "time_epoch": 0.66293, "eta": 262.43819, "eta_hours": 0.0729, "loss": 0.69762081, "lr": 0.00099384, "params": 8313, "time_iter": 0.06027, "accuracy": 0.47619, "precision": 0.47619, "recall": 1.0, "f1": 0.64516, "auc": 0.56364}
{"epoch": 6, "time_epoch": 0.62655, "eta": 230.87817, "eta_hours": 0.06413, "loss": 0.6950081, "lr": 0.00099114, "params": 8313, "time_iter": 0.05696, "accuracy": 0.47619, "precision": 0.47619, "recall": 1.0, "f1": 0.64516, "auc": 0.77727}
{"epoch": 7, "time_epoch": 0.63589, "eta": 207.15895, "eta_hours": 0.05754, "loss": 0.69347474, "lr": 0.00098796, "params": 8313, "time_iter": 0.05781, "accuracy": 0.47619, "precision": 0.47619, "recall": 1.0, "f1": 0.64516, "auc": 0.59091}
{"epoch": 8, "time_epoch": 0.63999, "eta": 188.61079, "eta_hours": 0.05239, "loss": 0.68353125, "lr": 0.00098429, "params": 8313, "time_iter": 0.05818, "accuracy": 0.57143, "precision": 0.52632, "recall": 1.0, "f1": 0.68966, "auc": 0.82727}
{"epoch": 9, "time_epoch": 0.64133, "eta": 173.65626, "eta_hours": 0.04824, "loss": 0.67045378, "lr": 0.00098015, "params": 8313, "time_iter": 0.0583, "accuracy": 0.71429, "precision": 0.63333, "recall": 0.95, "f1": 0.76, "auc": 0.875}
{"epoch": 10, "time_epoch": 0.63736, "eta": 161.27207, "eta_hours": 0.0448, "loss": 0.65996938, "lr": 0.00097553, "params": 8313, "time_iter": 0.05794, "accuracy": 0.7619, "precision": 0.72727, "recall": 0.8, "f1": 0.7619, "auc": 0.80682}
{"epoch": 11, "time_epoch": 0.64491, "eta": 150.90104, "eta_hours": 0.04192, "loss": 0.63288289, "lr": 0.00097044, "params": 8313, "time_iter": 0.05863, "accuracy": 0.71429, "precision": 0.7, "recall": 0.7, "f1": 0.7, "auc": 0.83182}
{"epoch": 12, "time_epoch": 0.63164, "eta": 141.93754, "eta_hours": 0.03943, "loss": 0.60423551, "lr": 0.00096489, "params": 8313, "time_iter": 0.05742, "accuracy": 0.7381, "precision": 0.73684, "recall": 0.7, "f1": 0.71795, "auc": 0.84091}
{"epoch": 13, "time_epoch": 0.63616, "eta": 134.19203, "eta_hours": 0.03728, "loss": 0.54401439, "lr": 0.00095888, "params": 8313, "time_iter": 0.05783, "accuracy": 0.80952, "precision": 0.83333, "recall": 0.75, "f1": 0.78947, "auc": 0.90909}
{"epoch": 14, "time_epoch": 0.63729, "eta": 127.40084, "eta_hours": 0.03539, "loss": 0.53908853, "lr": 0.00095241, "params": 8313, "time_iter": 0.05794, "accuracy": 0.83333, "precision": 0.84211, "recall": 0.8, "f1": 0.82051, "auc": 0.875}
{"epoch": 15, "time_epoch": 0.62899, "eta": 121.33531, "eta_hours": 0.0337, "loss": 0.47537683, "lr": 0.0009455, "params": 8313, "time_iter": 0.05718, "accuracy": 0.83333, "precision": 0.88235, "recall": 0.75, "f1": 0.81081, "auc": 0.90682}
{"epoch": 16, "time_epoch": 0.64125, "eta": 115.96923, "eta_hours": 0.03221, "loss": 0.43982466, "lr": 0.00093815, "params": 8313, "time_iter": 0.0583, "accuracy": 0.88095, "precision": 0.89474, "recall": 0.85, "f1": 0.87179, "auc": 0.91364}
{"epoch": 17, "time_epoch": 0.63226, "eta": 111.0872, "eta_hours": 0.03086, "loss": 0.40277331, "lr": 0.00093037, "params": 8313, "time_iter": 0.05748, "accuracy": 0.88095, "precision": 0.94118, "recall": 0.8, "f1": 0.86486, "auc": 0.91818}
{"epoch": 18, "time_epoch": 0.63019, "eta": 106.64367, "eta_hours": 0.02962, "loss": 0.38443824, "lr": 0.00092216, "params": 8313, "time_iter": 0.05729, "accuracy": 0.85714, "precision": 0.9375, "recall": 0.75, "f1": 0.83333, "auc": 0.91364}
{"epoch": 19, "time_epoch": 0.65587, "eta": 102.68423, "eta_hours": 0.02852, "loss": 0.37278131, "lr": 0.00091354, "params": 8313, "time_iter": 0.05962, "accuracy": 0.83333, "precision": 0.88235, "recall": 0.75, "f1": 0.81081, "auc": 0.92045}
{"epoch": 20, "time_epoch": 0.638, "eta": 98.97215, "eta_hours": 0.02749, "loss": 0.43832297, "lr": 0.00090451, "params": 8313, "time_iter": 0.058, "accuracy": 0.80952, "precision": 0.875, "recall": 0.7, "f1": 0.77778, "auc": 0.85227}
{"epoch": 21, "time_epoch": 0.63687, "eta": 95.53555, "eta_hours": 0.02654, "loss": 0.33077767, "lr": 0.00089508, "params": 8313, "time_iter": 0.0579, "accuracy": 0.88095, "precision": 0.94118, "recall": 0.8, "f1": 0.86486, "auc": 0.925}
{"epoch": 22, "time_epoch": 0.64397, "eta": 92.36616, "eta_hours": 0.02566, "loss": 0.20999384, "lr": 0.00088526, "params": 8313, "time_iter": 0.05854, "accuracy": 0.97619, "precision": 1.0, "recall": 0.95, "f1": 0.97436, "auc": 0.99773}
{"epoch": 23, "time_epoch": 0.62924, "eta": 89.36058, "eta_hours": 0.02482, "loss": 0.33834342, "lr": 0.00087506, "params": 8313, "time_iter": 0.0572, "accuracy": 0.88095, "precision": 0.94118, "recall": 0.8, "f1": 0.86486, "auc": 0.91591}
{"epoch": 24, "time_epoch": 0.64619, "eta": 86.59597, "eta_hours": 0.02405, "loss": 0.25130155, "lr": 0.00086448, "params": 8313, "time_iter": 0.05874, "accuracy": 0.90476, "precision": 0.94444, "recall": 0.85, "f1": 0.89474, "auc": 0.98182}
{"epoch": 25, "time_epoch": 0.6299, "eta": 83.94794, "eta_hours": 0.02332, "loss": 0.13661865, "lr": 0.00085355, "params": 8313, "time_iter": 0.05726, "accuracy": 0.97619, "precision": 1.0, "recall": 0.95, "f1": 0.97436, "auc": 1.0}
{"epoch": 26, "time_epoch": 0.64982, "eta": 81.50327, "eta_hours": 0.02264, "loss": 0.25053318, "lr": 0.00084227, "params": 8313, "time_iter": 0.05907, "accuracy": 0.92857, "precision": 0.94737, "recall": 0.9, "f1": 0.92308, "auc": 0.95455}
{"epoch": 27, "time_epoch": 0.64659, "eta": 79.1785, "eta_hours": 0.02199, "loss": 0.11370165, "lr": 0.00083066, "params": 8313, "time_iter": 0.05878, "accuracy": 0.95238, "precision": 0.95, "recall": 0.95, "f1": 0.95, "auc": 0.99773}
{"epoch": 28, "time_epoch": 0.6332, "eta": 76.93666, "eta_hours": 0.02137, "loss": 0.12309397, "lr": 0.00081871, "params": 8313, "time_iter": 0.05756, "accuracy": 0.97619, "precision": 1.0, "recall": 0.95, "f1": 0.97436, "auc": 1.0}
{"epoch": 29, "time_epoch": 0.63821, "eta": 74.81377, "eta_hours": 0.02078, "loss": 0.14828749, "lr": 0.00080645, "params": 8313, "time_iter": 0.05802, "accuracy": 0.95238, "precision": 0.95, "recall": 0.95, "f1": 0.95, "auc": 0.98636}
{"epoch": 30, "time_epoch": 0.65917, "eta": 72.8333, "eta_hours": 0.02023, "loss": 0.14631925, "lr": 0.00079389, "params": 8313, "time_iter": 0.05992, "accuracy": 0.95238, "precision": 1.0, "recall": 0.9, "f1": 0.94737, "auc": 0.97727}
{"epoch": 31, "time_epoch": 0.62627, "eta": 70.86553, "eta_hours": 0.01968, "loss": 0.18486314, "lr": 0.00078104, "params": 8313, "time_iter": 0.05693, "accuracy": 0.95238, "precision": 1.0, "recall": 0.9, "f1": 0.94737, "auc": 0.975}
{"epoch": 32, "time_epoch": 0.6366, "eta": 69.00001, "eta_hours": 0.01917, "loss": 0.22043415, "lr": 0.00076791, "params": 8313, "time_iter": 0.05787, "accuracy": 0.92857, "precision": 0.86957, "recall": 1.0, "f1": 0.93023, "auc": 0.96364}
{"epoch": 33, "time_epoch": 0.64346, "eta": 67.2201, "eta_hours": 0.01867, "loss": 0.15222006, "lr": 0.00075452, "params": 8313, "time_iter": 0.0585, "accuracy": 0.95238, "precision": 1.0, "recall": 0.9, "f1": 0.94737, "auc": 0.99091}
{"epoch": 34, "time_epoch": 0.63498, "eta": 65.48938, "eta_hours": 0.01819, "loss": 0.08947271, "lr": 0.00074088, "params": 8313, "time_iter": 0.05773, "accuracy": 0.97619, "precision": 0.95238, "recall": 1.0, "f1": 0.97561, "auc": 1.0}
{"epoch": 35, "time_epoch": 0.64284, "eta": 63.83351, "eta_hours": 0.01773, "loss": 0.26782339, "lr": 0.000727, "params": 8313, "time_iter": 0.05844, "accuracy": 0.85714, "precision": 0.81818, "recall": 0.9, "f1": 0.85714, "auc": 0.96136}
{"epoch": 36, "time_epoch": 0.63331, "eta": 62.21618, "eta_hours": 0.01728, "loss": 0.06371376, "lr": 0.00071289, "params": 8313, "time_iter": 0.05757, "accuracy": 1.0, "precision": 1.0, "recall": 1.0, "f1": 1.0, "auc": 1.0}
{"epoch": 37, "time_epoch": 0.64596, "eta": 60.67128, "eta_hours": 0.01685, "loss": 0.13728429, "lr": 0.00069857, "params": 8313, "time_iter": 0.05872, "accuracy": 0.95238, "precision": 0.90909, "recall": 1.0, "f1": 0.95238, "auc": 0.98636}
{"epoch": 38, "time_epoch": 0.64596, "eta": 59.17248, "eta_hours": 0.01644, "loss": 0.13238714, "lr": 0.00068406, "params": 8313, "time_iter": 0.05872, "accuracy": 0.95238, "precision": 0.95, "recall": 0.95, "f1": 0.95, "auc": 0.98636}
{"epoch": 39, "time_epoch": 0.63099, "eta": 57.69386, "eta_hours": 0.01603, "loss": 0.07111853, "lr": 0.00066937, "params": 8313, "time_iter": 0.05736, "accuracy": 0.97619, "precision": 1.0, "recall": 0.95, "f1": 0.97436, "auc": 1.0}
{"epoch": 40, "time_epoch": 0.642, "eta": 56.27244, "eta_hours": 0.01563, "loss": 0.22361837, "lr": 0.00065451, "params": 8313, "time_iter": 0.05836, "accuracy": 0.90476, "precision": 0.9, "recall": 0.9, "f1": 0.9, "auc": 0.97273}
{"epoch": 41, "time_epoch": 0.63658, "eta": 54.88065, "eta_hours": 0.01524, "loss": 0.12371772, "lr": 0.0006395, "params": 8313, "time_iter": 0.05787, "accuracy": 0.92857, "precision": 0.86957, "recall": 1.0, "f1": 0.93023, "auc": 0.99773}
{"epoch": 42, "time_epoch": 0.64278, "eta": 53.5322, "eta_hours": 0.01487, "loss": 0.15341606, "lr": 0.00062434, "params": 8313, "time_iter": 0.05843, "accuracy": 0.95238, "precision": 0.95, "recall": 0.95, "f1": 0.95, "auc": 0.98864}
{"epoch": 43, "time_epoch": 0.63942, "eta": 52.21155, "eta_hours": 0.0145, "loss": 0.15478011, "lr": 0.00060907, "params": 8313, "time_iter": 0.05813, "accuracy": 0.90476, "precision": 0.9, "recall": 0.9, "f1": 0.9, "auc": 0.97955}
{"epoch": 44, "time_epoch": 0.63627, "eta": 50.91733, "eta_hours": 0.01414, "loss": 0.10659556, "lr": 0.00059369, "params": 8313, "time_iter": 0.05784, "accuracy": 0.95238, "precision": 1.0, "recall": 0.9, "f1": 0.94737, "auc": 0.99318}
{"epoch": 45, "time_epoch": 0.6284, "eta": 49.64248, "eta_hours": 0.01379, "loss": 0.30979478, "lr": 0.00057822, "params": 8313, "time_iter": 0.05713, "accuracy": 0.88095, "precision": 0.82609, "recall": 0.95, "f1": 0.88372, "auc": 0.94773}
{"epoch": 46, "time_epoch": 0.64305, "eta": 48.41164, "eta_hours": 0.01345, "loss": 0.32987345, "lr": 0.00056267, "params": 8313, "time_iter": 0.05846, "accuracy": 0.88095, "precision": 0.89474, "recall": 0.85, "f1": 0.87179, "auc": 0.95}
{"epoch": 47, "time_epoch": 0.62742, "eta": 47.18838, "eta_hours": 0.01311, "loss": 0.08448985, "lr": 0.00054705, "params": 8313, "time_iter": 0.05704, "accuracy": 0.95238, "precision": 0.90909, "recall": 1.0, "f1": 0.95238, "auc": 1.0}
{"epoch": 48, "time_epoch": 0.63924, "eta": 46.00174, "eta_hours": 0.01278, "loss": 0.04956249, "lr": 0.0005314, "params": 8313, "time_iter": 0.05811, "accuracy": 1.0, "precision": 1.0, "recall": 1.0, "f1": 1.0, "auc": 1.0}
{"epoch": 49, "time_epoch": 0.64206, "eta": 44.83981, "eta_hours": 0.01246, "loss": 0.03912136, "lr": 0.00051571, "params": 8313, "time_iter": 0.05837, "accuracy": 1.0, "precision": 1.0, "recall": 1.0, "f1": 1.0, "auc": 1.0}
{"epoch": 50, "time_epoch": 0.63409, "eta": 43.69061, "eta_hours": 0.01214, "loss": 0.29416154, "lr": 0.0005, "params": 8313, "time_iter": 0.05764, "accuracy": 0.95238, "precision": 0.95, "recall": 0.95, "f1": 0.95, "auc": 0.95}
{"epoch": 51, "time_epoch": 0.62809, "eta": 42.55568, "eta_hours": 0.01182, "loss": 0.01959811, "lr": 0.00048429, "params": 8313, "time_iter": 0.0571, "accuracy": 1.0, "precision": 1.0, "recall": 1.0, "f1": 1.0, "auc": 1.0}
{"epoch": 52, "time_epoch": 0.64826, "eta": 41.45777, "eta_hours": 0.01152, "loss": 0.18746993, "lr": 0.0004686, "params": 8313, "time_iter": 0.05893, "accuracy": 0.90476, "precision": 0.9, "recall": 0.9, "f1": 0.9, "auc": 0.98409}
{"epoch": 53, "time_epoch": 0.6401, "eta": 40.36956, "eta_hours": 0.01121, "loss": 0.01727964, "lr": 0.00045295, "params": 8313, "time_iter": 0.05819, "accuracy": 1.0, "precision": 1.0, "recall": 1.0, "f1": 1.0, "auc": 1.0}
{"epoch": 54, "time_epoch": 0.63676, "eta": 39.29491, "eta_hours": 0.01092, "loss": 0.11888817, "lr": 0.00043733, "params": 8313, "time_iter": 0.05789, "accuracy": 0.92857, "precision": 0.86957, "recall": 1.0, "f1": 0.93023, "auc": 1.0}
{"epoch": 55, "time_epoch": 0.62987, "eta": 38.23049, "eta_hours": 0.01062, "loss": 0.06890787, "lr": 0.00042178, "params": 8313, "time_iter": 0.05726, "accuracy": 0.97619, "precision": 0.95238, "recall": 1.0, "f1": 0.97561, "auc": 1.0}
{"epoch": 56, "time_epoch": 0.63944, "eta": 37.18853, "eta_hours": 0.01033, "loss": 0.08688764, "lr": 0.00040631, "params": 8313, "time_iter": 0.05813, "accuracy": 0.97619, "precision": 1.0, "recall": 0.95, "f1": 0.97436, "auc": 0.99318}
{"epoch": 57, "time_epoch": 0.64291, "eta": 36.16297, "eta_hours": 0.01005, "loss": 0.11227283, "lr": 0.00039093, "params": 8313, "time_iter": 0.05845, "accuracy": 0.92857, "precision": 0.90476, "recall": 0.95, "f1": 0.92683, "auc": 0.99318}
{"epoch": 58, "time_epoch": 0.63221, "eta": 35.14294, "eta_hours": 0.00976, "loss": 0.55714237, "lr": 0.00037566, "params": 8313, "time_iter": 0.05747, "accuracy": 0.69048, "precision": 0.68421, "recall": 0.65, "f1": 0.66667, "auc": 0.86364}
{"epoch": 59, "time_epoch": 0.64433, "eta": 34.14392, "eta_hours": 0.00948, "loss": 0.02927668, "lr": 0.0003605, "params": 8313, "time_iter": 0.05858, "accuracy": 1.0, "precision": 1.0, "recall": 1.0, "f1": 1.0, "auc": 1.0}
{"epoch": 60, "time_epoch": 0.64809, "eta": 33.15893, "eta_hours": 0.00921, "loss": 0.30203282, "lr": 0.00034549, "params": 8313, "time_iter": 0.05892, "accuracy": 0.88095, "precision": 0.85714, "recall": 0.9, "f1": 0.87805, "auc": 0.95}
{"epoch": 61, "time_epoch": 0.63232, "eta": 32.17514, "eta_hours": 0.00894, "loss": 0.04708057, "lr": 0.00033063, "params": 8313, "time_iter": 0.05748, "accuracy": 0.97619, "precision": 1.0, "recall": 0.95, "f1": 0.97436, "auc": 1.0}
{"epoch": 62, "time_epoch": 0.63562, "eta": 31.20445, "eta_hours": 0.00867, "loss": 0.03774261, "lr": 0.00031594, "params": 8313, "time_iter": 0.05778, "accuracy": 1.0, "precision": 1.0, "recall": 1.0, "f1": 1.0, "auc": 1.0}
{"epoch": 63, "time_epoch": 0.63184, "eta": 30.2421, "eta_hours": 0.0084, "loss": 0.11899066, "lr": 0.00030143, "params": 8313, "time_iter": 0.05744, "accuracy": 0.95238, "precision": 0.95, "recall": 0.95, "f1": 0.95, "auc": 0.99091}
{"epoch": 64, "time_epoch": 0.63311, "eta": 29.29061, "eta_hours": 0.00814, "loss": 0.1668448, "lr": 0.00028711, "params": 8313, "time_iter": 0.05756, "accuracy": 0.92857, "precision": 1.0, "recall": 0.85, "f1": 0.91892, "auc": 0.98182}
{"epoch": 65, "time_epoch": 0.63958, "eta": 28.3521, "eta_hours": 0.00788, "loss": 0.07684094, "lr": 0.000273, "params": 8313, "time_iter": 0.05814, "accuracy": 0.97619, "precision": 0.95238, "recall": 1.0, "f1": 0.97561, "auc": 0.99773}
{"epoch": 66, "time_epoch": 0.63617, "eta": 27.42083, "eta_hours": 0.00762, "loss": 0.15359176, "lr": 0.00025912, "params": 8313, "time_iter": 0.05783, "accuracy": 0.95238, "precision": 0.95, "recall": 0.95, "f1": 0.95, "auc": 0.99091}
{"epoch": 67, "time_epoch": 0.62782, "eta": 26.49432, "eta_hours": 0.00736, "loss": 0.19491241, "lr": 0.00024548, "params": 8313, "time_iter": 0.05707, "accuracy": 0.92857, "precision": 0.94737, "recall": 0.9, "f1": 0.92308, "auc": 0.97273}
{"epoch": 68, "time_epoch": 0.67368, "eta": 25.59706, "eta_hours": 0.00711, "loss": 0.0249919, "lr": 0.00023209, "params": 8313, "time_iter": 0.06124, "accuracy": 1.0, "precision": 1.0, "recall": 1.0, "f1": 1.0, "auc": 1.0}
{"epoch": 69, "time_epoch": 0.69822, "eta": 24.71671, "eta_hours": 0.00687, "loss": 0.10960761, "lr": 0.00021896, "params": 8313, "time_iter": 0.06347, "accuracy": 0.95238, "precision": 1.0, "recall": 0.9, "f1": 0.94737, "auc": 1.0}
{"epoch": 70, "time_epoch": 0.70376, "eta": 23.84375, "eta_hours": 0.00662, "loss": 0.07340769, "lr": 0.00020611, "params": 8313, "time_iter": 0.06398, "accuracy": 0.95238, "precision": 1.0, "recall": 0.9, "f1": 0.94737, "auc": 1.0}
{"epoch": 71, "time_epoch": 0.70297, "eta": 22.97519, "eta_hours": 0.00638, "loss": 0.20207612, "lr": 0.00019355, "params": 8313, "time_iter": 0.06391, "accuracy": 0.92857, "precision": 0.94737, "recall": 0.9, "f1": 0.92308, "auc": 0.97727}
{"epoch": 72, "time_epoch": 0.70108, "eta": 22.11046, "eta_hours": 0.00614, "loss": 0.17397291, "lr": 0.00018129, "params": 8313, "time_iter": 0.06373, "accuracy": 0.92857, "precision": 0.94737, "recall": 0.9, "f1": 0.92308, "auc": 0.97955}
{"epoch": 73, "time_epoch": 0.70549, "eta": 21.25171, "eta_hours": 0.0059, "loss": 0.1694242, "lr": 0.00016934, "params": 8313, "time_iter": 0.06414, "accuracy": 0.92857, "precision": 0.90476, "recall": 0.95, "f1": 0.92683, "auc": 0.98636}
{"epoch": 74, "time_epoch": 0.70366, "eta": 20.39643, "eta_hours": 0.00567, "loss": 0.28330632, "lr": 0.00015773, "params": 8313, "time_iter": 0.06397, "accuracy": 0.92857, "precision": 0.94737, "recall": 0.9, "f1": 0.92308, "auc": 0.96591}
{"epoch": 75, "time_epoch": 0.70206, "eta": 19.54464, "eta_hours": 0.00543, "loss": 0.02323741, "lr": 0.00014645, "params": 8313, "time_iter": 0.06382, "accuracy": 1.0, "precision": 1.0, "recall": 1.0, "f1": 1.0, "auc": 1.0}
{"epoch": 76, "time_epoch": 0.70587, "eta": 18.69787, "eta_hours": 0.00519, "loss": 0.11782763, "lr": 0.00013552, "params": 8313, "time_iter": 0.06417, "accuracy": 0.95238, "precision": 0.95, "recall": 0.95, "f1": 0.95, "auc": 0.99318}
{"epoch": 77, "time_epoch": 0.7055, "eta": 17.85461, "eta_hours": 0.00496, "loss": 0.10925264, "lr": 0.00012494, "params": 8313, "time_iter": 0.06414, "accuracy": 0.95238, "precision": 1.0, "recall": 0.9, "f1": 0.94737, "auc": 1.0}
{"epoch": 78, "time_epoch": 0.69642, "eta": 17.01243, "eta_hours": 0.00473, "loss": 0.07823054, "lr": 0.00011474, "params": 8313, "time_iter": 0.06331, "accuracy": 1.0, "precision": 1.0, "recall": 1.0, "f1": 1.0, "auc": 1.0}
{"epoch": 79, "time_epoch": 0.69666, "eta": 16.17395, "eta_hours": 0.00449, "loss": 0.07939085, "lr": 0.00010492, "params": 8313, "time_iter": 0.06333, "accuracy": 0.97619, "precision": 1.0, "recall": 0.95, "f1": 0.97436, "auc": 0.99545}
{"epoch": 80, "time_epoch": 0.70257, "eta": 15.34036, "eta_hours": 0.00426, "loss": 0.18224185, "lr": 9.549e-05, "params": 8313, "time_iter": 0.06387, "accuracy": 0.90476, "precision": 0.94444, "recall": 0.85, "f1": 0.89474, "auc": 0.98409}
{"epoch": 81, "time_epoch": 0.69989, "eta": 14.50937, "eta_hours": 0.00403, "loss": 0.2867922, "lr": 8.646e-05, "params": 8313, "time_iter": 0.06363, "accuracy": 0.85714, "precision": 0.88889, "recall": 0.8, "f1": 0.84211, "auc": 0.94773}
{"epoch": 82, "time_epoch": 0.70347, "eta": 13.68228, "eta_hours": 0.0038, "loss": 0.06637627, "lr": 7.784e-05, "params": 8313, "time_iter": 0.06395, "accuracy": 0.97619, "precision": 0.95238, "recall": 1.0, "f1": 0.97561, "auc": 0.99545}
{"epoch": 83, "time_epoch": 0.6995, "eta": 12.85737, "eta_hours": 0.00357, "loss": 0.01465302, "lr": 6.963e-05, "params": 8313, "time_iter": 0.06359, "accuracy": 1.0, "precision": 1.0, "recall": 1.0, "f1": 1.0, "auc": 1.0}
{"epoch": 84, "time_epoch": 0.70167, "eta": 12.0358, "eta_hours": 0.00334, "loss": 0.1885789, "lr": 6.185e-05, "params": 8313, "time_iter": 0.06379, "accuracy": 0.90476, "precision": 0.9, "recall": 0.9, "f1": 0.9, "auc": 0.97955}
{"epoch": 85, "time_epoch": 0.70024, "eta": 11.21679, "eta_hours": 0.00312, "loss": 0.01285743, "lr": 5.45e-05, "params": 8313, "time_iter": 0.06366, "accuracy": 1.0, "precision": 1.0, "recall": 1.0, "f1": 1.0, "auc": 1.0}
{"epoch": 86, "time_epoch": 0.70024, "eta": 10.4005, "eta_hours": 0.00289, "loss": 0.02218811, "lr": 4.759e-05, "params": 8313, "time_iter": 0.06366, "accuracy": 1.0, "precision": 1.0, "recall": 1.0, "f1": 1.0, "auc": 1.0}
{"epoch": 87, "time_epoch": 0.7003, "eta": 9.58686, "eta_hours": 0.00266, "loss": 0.02616753, "lr": 4.112e-05, "params": 8313, "time_iter": 0.06366, "accuracy": 1.0, "precision": 1.0, "recall": 1.0, "f1": 1.0, "auc": 1.0}
{"epoch": 88, "time_epoch": 0.69714, "eta": 8.77538, "eta_hours": 0.00244, "loss": 0.01306729, "lr": 3.511e-05, "params": 8313, "time_iter": 0.06338, "accuracy": 1.0, "precision": 1.0, "recall": 1.0, "f1": 1.0, "auc": 1.0}
{"epoch": 89, "time_epoch": 0.69868, "eta": 7.96661, "eta_hours": 0.00221, "loss": 0.00635737, "lr": 2.956e-05, "params": 8313, "time_iter": 0.06352, "accuracy": 1.0, "precision": 1.0, "recall": 1.0, "f1": 1.0, "auc": 1.0}
{"epoch": 90, "time_epoch": 0.70112, "eta": 7.1605, "eta_hours": 0.00199, "loss": 0.04536883, "lr": 2.447e-05, "params": 8313, "time_iter": 0.06374, "accuracy": 0.97619, "precision": 0.95238, "recall": 1.0, "f1": 0.97561, "auc": 1.0}
{"epoch": 91, "time_epoch": 0.70246, "eta": 6.35679, "eta_hours": 0.00177, "loss": 0.22311264, "lr": 1.985e-05, "params": 8313, "time_iter": 0.06386, "accuracy": 0.92857, "precision": 0.94737, "recall": 0.9, "f1": 0.92308, "auc": 0.96364}
{"epoch": 92, "time_epoch": 0.69705, "eta": 5.55485, "eta_hours": 0.00154, "loss": 0.16116055, "lr": 1.571e-05, "params": 8313, "time_iter": 0.06337, "accuracy": 0.92857, "precision": 1.0, "recall": 0.85, "f1": 0.91892, "auc": 0.98864}
{"epoch": 93, "time_epoch": 0.70178, "eta": 4.75544, "eta_hours": 0.00132, "loss": 0.01464082, "lr": 1.204e-05, "params": 8313, "time_iter": 0.0638, "accuracy": 1.0, "precision": 1.0, "recall": 1.0, "f1": 1.0, "auc": 1.0}
{"epoch": 94, "time_epoch": 0.69981, "eta": 3.95798, "eta_hours": 0.0011, "loss": 0.0531883, "lr": 8.86e-06, "params": 8313, "time_iter": 0.06362, "accuracy": 1.0, "precision": 1.0, "recall": 1.0, "f1": 1.0, "auc": 1.0}
{"epoch": 95, "time_epoch": 0.71099, "eta": 3.16303, "eta_hours": 0.00088, "loss": 0.03396285, "lr": 6.16e-06, "params": 8313, "time_iter": 0.06464, "accuracy": 1.0, "precision": 1.0, "recall": 1.0, "f1": 1.0, "auc": 1.0}
{"epoch": 96, "time_epoch": 0.70006, "eta": 2.36947, "eta_hours": 0.00066, "loss": 0.16716428, "lr": 3.94e-06, "params": 8313, "time_iter": 0.06364, "accuracy": 0.92857, "precision": 0.94737, "recall": 0.9, "f1": 0.92308, "auc": 0.99091}
{"epoch": 97, "time_epoch": 0.70016, "eta": 1.57781, "eta_hours": 0.00044, "loss": 0.13758667, "lr": 2.22e-06, "params": 8313, "time_iter": 0.06365, "accuracy": 0.95238, "precision": 1.0, "recall": 0.9, "f1": 0.94737, "auc": 0.99773}
{"epoch": 98, "time_epoch": 0.69866, "eta": 0.788, "eta_hours": 0.00022, "loss": 0.07116939, "lr": 9.9e-07, "params": 8313, "time_iter": 0.06351, "accuracy": 0.95238, "precision": 0.95, "recall": 0.95, "f1": 0.95, "auc": 0.99773}
{"epoch": 99, "time_epoch": 0.70023, "eta": 0.0, "eta_hours": 0.0, "loss": 0.22714649, "lr": 2.5e-07, "params": 8313, "time_iter": 0.06366, "accuracy": 0.90476, "precision": 0.9, "recall": 0.9, "f1": 0.9, "auc": 0.96818}
