{"epoch": 0, "time_epoch": 19.02362, "eta": 1883.33877, "eta_hours": 0.52315, "loss": 0.65514024, "lr": 0.001, "params": 6215, "time_iter": 0.13686, "accuracy": 0.65108, "precision": 0.67647, "recall": 0.21101, "f1": 0.32168, "auc": 0.65616}
{"epoch": 1, "time_epoch": 6.08024, "eta": 1230.08949, "eta_hours": 0.34169, "loss": 0.61325829, "lr": 0.00099975, "params": 6215, "time_iter": 0.04374, "accuracy": 0.67986, "precision": 0.625, "recall": 0.45872, "f1": 0.5291, "auc": 0.70905}
{"epoch": 2, "time_epoch": 6.0521, "eta": 1007.37612, "eta_hours": 0.27983, "loss": 0.58814991, "lr": 0.00099901, "params": 6215, "time_iter": 0.04354, "accuracy": 0.69964, "precision": 0.66667, "recall": 0.46789, "f1": 0.54987, "auc": 0.74059}
{"epoch": 3, "time_epoch": 6.05744, "eta": 893.12168, "eta_hours": 0.24809, "loss": 0.58832655, "lr": 0.00099778, "params": 6215, "time_iter": 0.04358, "accuracy": 0.71223, "precision": 0.67262, "recall": 0.51835, "f1": 0.58549, "auc": 0.75209}
{"epoch": 4, "time_epoch": 6.02739, "eta": 821.57502, "eta_hours": 0.22822, "loss": 0.57213278, "lr": 0.00099606, "params": 6215, "time_iter": 0.04336, "accuracy": 0.72122, "precision": 0.70064, "recall": 0.50459, "f1": 0.58667, "auc": 0.74129}
{"epoch": 5, "time_epoch": 6.03877, "eta": 772.04647, "eta_hours": 0.21446, "loss": 0.57708624, "lr": 0.00099384, "params": 6215, "time_iter": 0.04344, "accuracy": 0.70683, "precision": 0.69504, "recall": 0.44954, "f1": 0.54596, "auc": 0.74923}
{"epoch": 6, "time_epoch": 6.03022, "eta": 734.83001, "eta_hours": 0.20412, "loss": 0.5893425, "lr": 0.00099114, "params": 6215, "time_iter": 0.04338, "accuracy": 0.69424, "precision": 0.64815, "recall": 0.48165, "f1": 0.55263, "auc": 0.74343}
{"epoch": 7, "time_epoch": 6.0261, "eta": 705.36263, "eta_hours": 0.19593, "loss": 0.59954864, "lr": 0.00098796, "params": 6215, "time_iter": 0.04335, "accuracy": 0.72122, "precision": 0.69811, "recall": 0.50917, "f1": 0.58886, "auc": 0.73758}
{"epoch": 8, "time_epoch": 6.05454, "eta": 681.39201, "eta_hours": 0.18928, "loss": 0.58213362, "lr": 0.00098429, "params": 6215, "time_iter": 0.04356, "accuracy": 0.73561, "precision": 0.7554, "recall": 0.48165, "f1": 0.58824, "auc": 0.76824}
{"epoch": 9, "time_epoch": 6.04534, "eta": 660.92178, "eta_hours": 0.18359, "loss": 0.5850657, "lr": 0.00098015, "params": 6215, "time_iter": 0.04349, "accuracy": 0.72482, "precision": 0.7305, "recall": 0.47248, "f1": 0.57382, "auc": 0.75957}
{"epoch": 10, "time_epoch": 6.0788, "eta": 643.34506, "eta_hours": 0.17871, "loss": 0.58739156, "lr": 0.00097553, "params": 6215, "time_iter": 0.04373, "accuracy": 0.7464, "precision": 0.75163, "recall": 0.52752, "f1": 0.61995, "auc": 0.7491}
{"epoch": 11, "time_epoch": 6.07154, "eta": 627.63138, "eta_hours": 0.17434, "loss": 0.56143258, "lr": 0.00097044, "params": 6215, "time_iter": 0.04368, "accuracy": 0.7554, "precision": 0.75309, "recall": 0.55963, "f1": 0.64211, "auc": 0.77558}
{"epoch": 12, "time_epoch": 6.07889, "eta": 613.45033, "eta_hours": 0.1704, "loss": 0.5718156, "lr": 0.00096489, "params": 6215, "time_iter": 0.04373, "accuracy": 0.73381, "precision": 0.71341, "recall": 0.5367, "f1": 0.61257, "auc": 0.76759}
{"epoch": 13, "time_epoch": 6.07618, "eta": 600.41007, "eta_hours": 0.16678, "loss": 0.58394441, "lr": 0.00095888, "params": 6215, "time_iter": 0.04371, "accuracy": 0.72302, "precision": 0.7, "recall": 0.51376, "f1": 0.59259, "auc": 0.77945}
{"epoch": 14, "time_epoch": 6.06354, "eta": 588.22672, "eta_hours": 0.1634, "loss": 0.54115158, "lr": 0.00095241, "params": 6215, "time_iter": 0.04362, "accuracy": 0.7482, "precision": 0.74684, "recall": 0.54128, "f1": 0.62766, "auc": 0.7753}
{"epoch": 15, "time_epoch": 6.05081, "eta": 576.74151, "eta_hours": 0.16021, "loss": 0.54169313, "lr": 0.0009455, "params": 6215, "time_iter": 0.04353, "accuracy": 0.76259, "precision": 0.74713, "recall": 0.59633, "f1": 0.66327, "auc": 0.80669}
{"epoch": 16, "time_epoch": 6.04405, "eta": 565.86263, "eta_hours": 0.15718, "loss": 0.55747086, "lr": 0.00093815, "params": 6215, "time_iter": 0.04348, "accuracy": 0.7464, "precision": 0.73913, "recall": 0.54587, "f1": 0.62797, "auc": 0.79489}
{"epoch": 17, "time_epoch": 6.03718, "eta": 555.48968, "eta_hours": 0.1543, "loss": 0.5572727, "lr": 0.00093037, "params": 6215, "time_iter": 0.04343, "accuracy": 0.7482, "precision": 0.73494, "recall": 0.55963, "f1": 0.63542, "auc": 0.78373}
{"epoch": 18, "time_epoch": 6.05028, "eta": 545.62894, "eta_hours": 0.15156, "loss": 0.57017593, "lr": 0.00092216, "params": 6215, "time_iter": 0.04353, "accuracy": 0.7464, "precision": 0.74214, "recall": 0.54128, "f1": 0.62599, "auc": 0.77429}
{"epoch": 19, "time_epoch": 6.0545, "eta": 536.16615, "eta_hours": 0.14894, "loss": 0.54697399, "lr": 0.00091354, "params": 6215, "time_iter": 0.04356, "accuracy": 0.7446, "precision": 0.73457, "recall": 0.54587, "f1": 0.62632, "auc": 0.78259}
{"epoch": 20, "time_epoch": 6.05983, "eta": 527.04802, "eta_hours": 0.1464, "loss": 0.55893739, "lr": 0.00090451, "params": 6215, "time_iter": 0.0436, "accuracy": 0.7482, "precision": 0.78676, "recall": 0.49083, "f1": 0.60452, "auc": 0.78101}
{"epoch": 21, "time_epoch": 6.05068, "eta": 518.17547, "eta_hours": 0.14394, "loss": 0.59079513, "lr": 0.00089508, "params": 6215, "time_iter": 0.04353, "accuracy": 0.74281, "precision": 0.72727, "recall": 0.55046, "f1": 0.62663, "auc": 0.76646}
{"epoch": 22, "time_epoch": 6.04188, "eta": 509.51882, "eta_hours": 0.14153, "loss": 0.56464027, "lr": 0.00088526, "params": 6215, "time_iter": 0.04347, "accuracy": 0.75, "precision": 0.74534, "recall": 0.55046, "f1": 0.63325, "auc": 0.77716}
{"epoch": 23, "time_epoch": 6.07481, "eta": 501.18434, "eta_hours": 0.13922, "loss": 0.59445533, "lr": 0.00087506, "params": 6215, "time_iter": 0.0437, "accuracy": 0.74281, "precision": 0.77778, "recall": 0.48165, "f1": 0.5949, "auc": 0.75907}
{"epoch": 24, "time_epoch": 6.04868, "eta": 492.95225, "eta_hours": 0.13693, "loss": 0.61044809, "lr": 0.00086448, "params": 6215, "time_iter": 0.04352, "accuracy": 0.73921, "precision": 0.71598, "recall": 0.55505, "f1": 0.62532, "auc": 0.76046}
{"epoch": 25, "time_epoch": 6.04054, "eta": 484.86495, "eta_hours": 0.13468, "loss": 0.55610415, "lr": 0.00085355, "params": 6215, "time_iter": 0.04346, "accuracy": 0.73741, "precision": 0.73377, "recall": 0.51835, "f1": 0.60753, "auc": 0.78211}
{"epoch": 26, "time_epoch": 6.0406, "eta": 476.92943, "eta_hours": 0.13248, "loss": 0.55933151, "lr": 0.00084227, "params": 6215, "time_iter": 0.04346, "accuracy": 0.7482, "precision": 0.74684, "recall": 0.54128, "f1": 0.62766, "auc": 0.77804}
{"epoch": 27, "time_epoch": 6.04974, "eta": 469.15276, "eta_hours": 0.13032, "loss": 0.55544773, "lr": 0.00083066, "params": 6215, "time_iter": 0.04352, "accuracy": 0.76619, "precision": 0.81884, "recall": 0.51835, "f1": 0.63483, "auc": 0.74726}
{"epoch": 28, "time_epoch": 6.04718, "eta": 461.48893, "eta_hours": 0.12819, "loss": 0.55391868, "lr": 0.00081871, "params": 6215, "time_iter": 0.0435, "accuracy": 0.76259, "precision": 0.79452, "recall": 0.53211, "f1": 0.63736, "auc": 0.76508}
{"epoch": 29, "time_epoch": 6.0434, "eta": 453.92406, "eta_hours": 0.12609, "loss": 0.57516654, "lr": 0.00080645, "params": 6215, "time_iter": 0.04348, "accuracy": 0.7446, "precision": 0.71111, "recall": 0.58716, "f1": 0.64322, "auc": 0.77782}
{"epoch": 30, "time_epoch": 6.03739, "eta": 446.44396, "eta_hours": 0.12401, "loss": 0.58380531, "lr": 0.00079389, "params": 6215, "time_iter": 0.04343, "accuracy": 0.7518, "precision": 0.74691, "recall": 0.55505, "f1": 0.63684, "auc": 0.76764}
{"epoch": 31, "time_epoch": 6.04728, "eta": 439.07505, "eta_hours": 0.12197, "loss": 0.55431009, "lr": 0.00078104, "params": 6215, "time_iter": 0.04351, "accuracy": 0.76619, "precision": 0.75287, "recall": 0.60092, "f1": 0.66837, "auc": 0.79294}
{"epoch": 32, "time_epoch": 6.05561, "eta": 431.80315, "eta_hours": 0.11995, "loss": 0.53510747, "lr": 0.00076791, "params": 6215, "time_iter": 0.04357, "accuracy": 0.76079, "precision": 0.73743, "recall": 0.6055, "f1": 0.66499, "auc": 0.79507}
{"epoch": 33, "time_epoch": 6.05927, "eta": 424.60989, "eta_hours": 0.11795, "loss": 0.57236799, "lr": 0.00075452, "params": 6215, "time_iter": 0.04359, "accuracy": 0.76259, "precision": 0.76543, "recall": 0.56881, "f1": 0.65263, "auc": 0.78177}
{"epoch": 34, "time_epoch": 6.04307, "eta": 417.45135, "eta_hours": 0.11596, "loss": 0.53687208, "lr": 0.00074088, "params": 6215, "time_iter": 0.04348, "accuracy": 0.73381, "precision": 0.71875, "recall": 0.52752, "f1": 0.60847, "auc": 0.79042}
{"epoch": 35, "time_epoch": 6.06367, "eta": 410.3914, "eta_hours": 0.114, "loss": 0.56608963, "lr": 0.000727, "params": 6215, "time_iter": 0.04362, "accuracy": 0.75719, "precision": 0.75776, "recall": 0.55963, "f1": 0.6438, "auc": 0.76303}
{"epoch": 36, "time_epoch": 6.04507, "eta": 403.35364, "eta_hours": 0.11204, "loss": 0.54723155, "lr": 0.00071289, "params": 6215, "time_iter": 0.04349, "accuracy": 0.7536, "precision": 0.72626, "recall": 0.59633, "f1": 0.65491, "auc": 0.78093}
{"epoch": 37, "time_epoch": 6.05631, "eta": 396.38647, "eta_hours": 0.11011, "loss": 0.54357964, "lr": 0.00069857, "params": 6215, "time_iter": 0.04357, "accuracy": 0.75719, "precision": 0.76101, "recall": 0.55505, "f1": 0.64191, "auc": 0.7871}
{"epoch": 38, "time_epoch": 6.05053, "eta": 389.45696, "eta_hours": 0.10818, "loss": 0.5601613, "lr": 0.00068406, "params": 6215, "time_iter": 0.04353, "accuracy": 0.7554, "precision": 0.75, "recall": 0.56422, "f1": 0.64398, "auc": 0.78173}
{"epoch": 39, "time_epoch": 6.05761, "eta": 382.58203, "eta_hours": 0.10627, "loss": 0.55362878, "lr": 0.00066937, "params": 6215, "time_iter": 0.04358, "accuracy": 0.76439, "precision": 0.74576, "recall": 0.6055, "f1": 0.66835, "auc": 0.79559}
{"epoch": 40, "time_epoch": 6.05537, "eta": 375.74374, "eta_hours": 0.10437, "loss": 0.55679588, "lr": 0.00065451, "params": 6215, "time_iter": 0.04356, "accuracy": 0.76079, "precision": 0.76074, "recall": 0.56881, "f1": 0.65092, "auc": 0.77743}
{"epoch": 41, "time_epoch": 6.05859, "eta": 368.94718, "eta_hours": 0.10249, "loss": 0.53869434, "lr": 0.0006395, "params": 6215, "time_iter": 0.04359, "accuracy": 0.75719, "precision": 0.75776, "recall": 0.55963, "f1": 0.6438, "auc": 0.78995}
{"epoch": 42, "time_epoch": 6.04509, "eta": 362.16705, "eta_hours": 0.1006, "loss": 0.554321, "lr": 0.00062434, "params": 6215, "time_iter": 0.04349, "accuracy": 0.76259, "precision": 0.78289, "recall": 0.54587, "f1": 0.64324, "auc": 0.77798}
{"epoch": 43, "time_epoch": 6.82336, "eta": 356.41085, "eta_hours": 0.099, "loss": 0.56022583, "lr": 0.00060907, "params": 6215, "time_iter": 0.04909, "accuracy": 0.7518, "precision": 0.73529, "recall": 0.57339, "f1": 0.64433, "auc": 0.78786}
{"epoch": 44, "time_epoch": 7.13746, "eta": 350.99112, "eta_hours": 0.0975, "loss": 0.57220884, "lr": 0.00059369, "params": 6215, "time_iter": 0.05135, "accuracy": 0.7482, "precision": 0.76351, "recall": 0.51835, "f1": 0.61749, "auc": 0.76649}
{"epoch": 45, "time_epoch": 7.14378, "eta": 345.50413, "eta_hours": 0.09597, "loss": 0.52894284, "lr": 0.00057822, "params": 6215, "time_iter": 0.05139, "accuracy": 0.74101, "precision": 0.76429, "recall": 0.49083, "f1": 0.59777, "auc": 0.78941}
{"epoch": 46, "time_epoch": 6.99536, "eta": 339.77927, "eta_hours": 0.09438, "loss": 0.58697261, "lr": 0.00056267, "params": 6215, "time_iter": 0.05033, "accuracy": 0.76619, "precision": 0.79333, "recall": 0.54587, "f1": 0.64674, "auc": 0.76147}
{"epoch": 47, "time_epoch": 7.017, "eta": 334.02492, "eta_hours": 0.09278, "loss": 0.53564218, "lr": 0.00054705, "params": 6215, "time_iter": 0.05048, "accuracy": 0.76619, "precision": 0.75882, "recall": 0.59174, "f1": 0.66495, "auc": 0.79522}
{"epoch": 48, "time_epoch": 6.95428, "eta": 328.15375, "eta_hours": 0.09115, "loss": 0.54969217, "lr": 0.0005314, "params": 6215, "time_iter": 0.05003, "accuracy": 0.7464, "precision": 0.71751, "recall": 0.58257, "f1": 0.64304, "auc": 0.78624}
{"epoch": 49, "time_epoch": 6.9473, "eta": 322.23228, "eta_hours": 0.08951, "loss": 0.57237576, "lr": 0.00051571, "params": 6215, "time_iter": 0.04998, "accuracy": 0.7518, "precision": 0.76667, "recall": 0.52752, "f1": 0.625, "auc": 0.76467}
{"epoch": 50, "time_epoch": 6.98235, "eta": 316.30425, "eta_hours": 0.08786, "loss": 0.56247272, "lr": 0.0005, "params": 6215, "time_iter": 0.05023, "accuracy": 0.7554, "precision": 0.74118, "recall": 0.57798, "f1": 0.64948, "auc": 0.7692}
{"epoch": 51, "time_epoch": 6.95588, "eta": 310.31124, "eta_hours": 0.0862, "loss": 0.53789774, "lr": 0.00048429, "params": 6215, "time_iter": 0.05004, "accuracy": 0.76439, "precision": 0.78431, "recall": 0.55046, "f1": 0.6469, "auc": 0.79271}
{"epoch": 52, "time_epoch": 7.03875, "eta": 304.35538, "eta_hours": 0.08454, "loss": 0.5294299, "lr": 0.0004686, "params": 6215, "time_iter": 0.05064, "accuracy": 0.7554, "precision": 0.71809, "recall": 0.61927, "f1": 0.66502, "auc": 0.80648}
{"epoch": 53, "time_epoch": 7.05101, "eta": 298.36986, "eta_hours": 0.08288, "loss": 0.5336069, "lr": 0.00045295, "params": 6215, "time_iter": 0.05073, "accuracy": 0.7554, "precision": 0.73295, "recall": 0.59174, "f1": 0.65482, "auc": 0.80453}
{"epoch": 54, "time_epoch": 6.91419, "eta": 292.23365, "eta_hours": 0.08118, "loss": 0.52390446, "lr": 0.00043733, "params": 6215, "time_iter": 0.04974, "accuracy": 0.75, "precision": 0.74843, "recall": 0.54587, "f1": 0.6313, "auc": 0.79176}
{"epoch": 55, "time_epoch": 7.01149, "eta": 286.1461, "eta_hours": 0.07949, "loss": 0.53191798, "lr": 0.00042178, "params": 6215, "time_iter": 0.05044, "accuracy": 0.77338, "precision": 0.75556, "recall": 0.62385, "f1": 0.68342, "auc": 0.80601}
{"epoch": 56, "time_epoch": 7.01896, "eta": 280.03177, "eta_hours": 0.07779, "loss": 0.5496762, "lr": 0.00040631, "params": 6215, "time_iter": 0.0505, "accuracy": 0.75719, "precision": 0.73714, "recall": 0.59174, "f1": 0.65649, "auc": 0.7855}
{"epoch": 57, "time_epoch": 7.02453, "eta": 273.89028, "eta_hours": 0.07608, "loss": 0.53406177, "lr": 0.00039093, "params": 6215, "time_iter": 0.05054, "accuracy": 0.7554, "precision": 0.74118, "recall": 0.57798, "f1": 0.64948, "auc": 0.79738}
{"epoch": 58, "time_epoch": 7.01523, "eta": 267.7124, "eta_hours": 0.07436, "loss": 0.53651384, "lr": 0.00037566, "params": 6215, "time_iter": 0.05047, "accuracy": 0.76439, "precision": 0.77019, "recall": 0.56881, "f1": 0.65435, "auc": 0.78577}
{"epoch": 59, "time_epoch": 7.01423, "eta": 261.50593, "eta_hours": 0.07264, "loss": 0.55383904, "lr": 0.0003605, "params": 6215, "time_iter": 0.05046, "accuracy": 0.7518, "precision": 0.76316, "recall": 0.53211, "f1": 0.62703, "auc": 0.78516}
{"epoch": 60, "time_epoch": 7.00112, "eta": 255.2646, "eta_hours": 0.07091, "loss": 0.52456877, "lr": 0.00034549, "params": 6215, "time_iter": 0.05037, "accuracy": 0.76799, "precision": 0.7697, "recall": 0.58257, "f1": 0.66319, "auc": 0.79671}
{"epoch": 61, "time_epoch": 7.06914, "eta": 249.04045, "eta_hours": 0.06918, "loss": 0.55057191, "lr": 0.00033063, "params": 6215, "time_iter": 0.05086, "accuracy": 0.75719, "precision": 0.75152, "recall": 0.56881, "f1": 0.64752, "auc": 0.78945}
{"epoch": 62, "time_epoch": 7.02114, "eta": 242.76129, "eta_hours": 0.06743, "loss": 0.51647084, "lr": 0.00031594, "params": 6215, "time_iter": 0.05051, "accuracy": 0.77158, "precision": 0.76301, "recall": 0.6055, "f1": 0.67519, "auc": 0.82544}
{"epoch": 63, "time_epoch": 7.042, "eta": 236.47067, "eta_hours": 0.06569, "loss": 0.53641606, "lr": 0.00030143, "params": 6215, "time_iter": 0.05066, "accuracy": 0.76978, "precision": 0.79605, "recall": 0.55505, "f1": 0.65405, "auc": 0.79213}
{"epoch": 64, "time_epoch": 7.04439, "eta": 230.15822, "eta_hours": 0.06393, "loss": 0.5233593, "lr": 0.00028711, "params": 6215, "time_iter": 0.05068, "accuracy": 0.77878, "precision": 0.78443, "recall": 0.60092, "f1": 0.68052, "auc": 0.81294}
{"epoch": 65, "time_epoch": 6.99042, "eta": 223.79578, "eta_hours": 0.06217, "loss": 0.56580145, "lr": 0.000273, "params": 6215, "time_iter": 0.05029, "accuracy": 0.77158, "precision": 0.75706, "recall": 0.61468, "f1": 0.67848, "auc": 0.79108}
{"epoch": 66, "time_epoch": 7.00935, "eta": 217.42393, "eta_hours": 0.0604, "loss": 0.51644599, "lr": 0.00025912, "params": 6215, "time_iter": 0.05043, "accuracy": 0.78237, "precision": 0.79755, "recall": 0.59633, "f1": 0.68241, "auc": 0.80486}
{"epoch": 67, "time_epoch": 7.01512, "eta": 211.03603, "eta_hours": 0.05862, "loss": 0.54435637, "lr": 0.00024548, "params": 6215, "time_iter": 0.05047, "accuracy": 0.76259, "precision": 0.75595, "recall": 0.58257, "f1": 0.65803, "auc": 0.79507}
{"epoch": 68, "time_epoch": 7.0103, "eta": 204.6278, "eta_hours": 0.05684, "loss": 0.53640097, "lr": 0.00023209, "params": 6215, "time_iter": 0.05043, "accuracy": 0.76619, "precision": 0.7716, "recall": 0.57339, "f1": 0.65789, "auc": 0.79081}
{"epoch": 69, "time_epoch": 7.03579, "eta": 198.21328, "eta_hours": 0.05506, "loss": 0.54807553, "lr": 0.00021896, "params": 6215, "time_iter": 0.05062, "accuracy": 0.77518, "precision": 0.78182, "recall": 0.59174, "f1": 0.67363, "auc": 0.79622}
{"epoch": 70, "time_epoch": 7.02748, "eta": 191.77787, "eta_hours": 0.05327, "loss": 0.52889336, "lr": 0.00020611, "params": 6215, "time_iter": 0.05056, "accuracy": 0.78237, "precision": 0.80124, "recall": 0.59174, "f1": 0.68074, "auc": 0.79765}
{"epoch": 71, "time_epoch": 6.89099, "eta": 185.27294, "eta_hours": 0.05146, "loss": 0.53718478, "lr": 0.00019355, "params": 6215, "time_iter": 0.04958, "accuracy": 0.76619, "precision": 0.75581, "recall": 0.59633, "f1": 0.66667, "auc": 0.80068}
{"epoch": 72, "time_epoch": 7.04149, "eta": 178.81309, "eta_hours": 0.04967, "loss": 0.52704324, "lr": 0.00018129, "params": 6215, "time_iter": 0.05066, "accuracy": 0.76619, "precision": 0.7619, "recall": 0.58716, "f1": 0.66321, "auc": 0.81518}
{"epoch": 73, "time_epoch": 7.01029, "eta": 172.32656, "eta_hours": 0.04787, "loss": 0.5129173, "lr": 0.00016934, "params": 6215, "time_iter": 0.05043, "accuracy": 0.77878, "precision": 0.77457, "recall": 0.61468, "f1": 0.68542, "auc": 0.81769}
{"epoch": 74, "time_epoch": 7.06056, "eta": 165.84282, "eta_hours": 0.04607, "loss": 0.55483198, "lr": 0.00015773, "params": 6215, "time_iter": 0.0508, "accuracy": 0.75, "precision": 0.73373, "recall": 0.56881, "f1": 0.64083, "auc": 0.78409}
{"epoch": 75, "time_epoch": 6.99524, "eta": 159.32328, "eta_hours": 0.04426, "loss": 0.51865508, "lr": 0.00014645, "params": 6215, "time_iter": 0.05033, "accuracy": 0.77338, "precision": 0.7987, "recall": 0.56422, "f1": 0.66129, "auc": 0.80925}
{"epoch": 76, "time_epoch": 6.96244, "eta": 152.78158, "eta_hours": 0.04244, "loss": 0.52754605, "lr": 0.00013552, "params": 6215, "time_iter": 0.05009, "accuracy": 0.77518, "precision": 0.77193, "recall": 0.6055, "f1": 0.67866, "auc": 0.79351}
{"epoch": 77, "time_epoch": 6.95795, "eta": 146.22783, "eta_hours": 0.04062, "loss": 0.53183448, "lr": 0.00012494, "params": 6215, "time_iter": 0.05006, "accuracy": 0.76079, "precision": 0.75758, "recall": 0.57339, "f1": 0.65274, "auc": 0.80035}
{"epoch": 78, "time_epoch": 7.07056, "eta": 139.69377, "eta_hours": 0.0388, "loss": 0.54102125, "lr": 0.00011474, "params": 6215, "time_iter": 0.05087, "accuracy": 0.76259, "precision": 0.76543, "recall": 0.56881, "f1": 0.65263, "auc": 0.79815}
{"epoch": 79, "time_epoch": 7.01939, "eta": 133.13351, "eta_hours": 0.03698, "loss": 0.52398683, "lr": 0.00010492, "params": 6215, "time_iter": 0.0505, "accuracy": 0.76619, "precision": 0.7619, "recall": 0.58716, "f1": 0.66321, "auc": 0.80369}
{"epoch": 80, "time_epoch": 7.05351, "eta": 126.56992, "eta_hours": 0.03516, "loss": 0.559799, "lr": 9.549e-05, "params": 6215, "time_iter": 0.05074, "accuracy": 0.76799, "precision": 0.75723, "recall": 0.60092, "f1": 0.67008, "auc": 0.77851}
{"epoch": 81, "time_epoch": 6.98382, "eta": 119.97909, "eta_hours": 0.03333, "loss": 0.54096819, "lr": 8.646e-05, "params": 6215, "time_iter": 0.05024, "accuracy": 0.78417, "precision": 0.77841, "recall": 0.62844, "f1": 0.69543, "auc": 0.78948}
{"epoch": 82, "time_epoch": 7.0346, "eta": 113.38918, "eta_hours": 0.0315, "loss": 0.57487791, "lr": 7.784e-05, "params": 6215, "time_iter": 0.05061, "accuracy": 0.77338, "precision": 0.77059, "recall": 0.60092, "f1": 0.67526, "auc": 0.78535}
{"epoch": 83, "time_epoch": 7.02302, "eta": 106.78648, "eta_hours": 0.02966, "loss": 0.56585126, "lr": 6.963e-05, "params": 6215, "time_iter": 0.05053, "accuracy": 0.76978, "precision": 0.76163, "recall": 0.60092, "f1": 0.67179, "auc": 0.78423}
{"epoch": 84, "time_epoch": 7.00325, "eta": 100.1704, "eta_hours": 0.02783, "loss": 0.5102904, "lr": 6.185e-05, "params": 6215, "time_iter": 0.05038, "accuracy": 0.77518, "precision": 0.76571, "recall": 0.61468, "f1": 0.68193, "auc": 0.82396}
{"epoch": 85, "time_epoch": 7.02617, "eta": 93.54905, "eta_hours": 0.02599, "loss": 0.52057129, "lr": 5.45e-05, "params": 6215, "time_iter": 0.05055, "accuracy": 0.77698, "precision": 0.77326, "recall": 0.61009, "f1": 0.68205, "auc": 0.81033}
{"epoch": 86, "time_epoch": 6.92124, "eta": 86.90271, "eta_hours": 0.02414, "loss": 0.51344203, "lr": 4.759e-05, "params": 6215, "time_iter": 0.04979, "accuracy": 0.77158, "precision": 0.76923, "recall": 0.59633, "f1": 0.67183, "auc": 0.82099}
{"epoch": 87, "time_epoch": 6.70371, "eta": 80.22046, "eta_hours": 0.02228, "loss": 0.51760363, "lr": 4.112e-05, "params": 6215, "time_iter": 0.04823, "accuracy": 0.77158, "precision": 0.77576, "recall": 0.58716, "f1": 0.66841, "auc": 0.80966}
{"epoch": 88, "time_epoch": 6.07525, "eta": 73.46006, "eta_hours": 0.02041, "loss": 0.54211923, "lr": 3.511e-05, "params": 6215, "time_iter": 0.04371, "accuracy": 0.76259, "precision": 0.75904, "recall": 0.57798, "f1": 0.65625, "auc": 0.80007}
{"epoch": 89, "time_epoch": 6.10154, "eta": 66.7178, "eta_hours": 0.01853, "loss": 0.53552967, "lr": 2.956e-05, "params": 6215, "time_iter": 0.0439, "accuracy": 0.76439, "precision": 0.75145, "recall": 0.59633, "f1": 0.66496, "auc": 0.79918}
{"epoch": 90, "time_epoch": 6.0643, "eta": 59.98594, "eta_hours": 0.01666, "loss": 0.52902927, "lr": 2.447e-05, "params": 6215, "time_iter": 0.04363, "accuracy": 0.76259, "precision": 0.74157, "recall": 0.6055, "f1": 0.66667, "auc": 0.81152}
{"epoch": 91, "time_epoch": 6.06941, "eta": 53.26903, "eta_hours": 0.0148, "loss": 0.51856523, "lr": 1.985e-05, "params": 6215, "time_iter": 0.04366, "accuracy": 0.78237, "precision": 0.78363, "recall": 0.61468, "f1": 0.68895, "auc": 0.80742}
{"epoch": 92, "time_epoch": 6.05379, "eta": 46.56488, "eta_hours": 0.01293, "loss": 0.56386381, "lr": 1.571e-05, "params": 6215, "time_iter": 0.04355, "accuracy": 0.76619, "precision": 0.75882, "recall": 0.59174, "f1": 0.66495, "auc": 0.78983}
{"epoch": 93, "time_epoch": 6.06349, "eta": 39.87518, "eta_hours": 0.01108, "loss": 0.52005654, "lr": 1.204e-05, "params": 6215, "time_iter": 0.04362, "accuracy": 0.76259, "precision": 0.75904, "recall": 0.57798, "f1": 0.65625, "auc": 0.81028}
{"epoch": 94, "time_epoch": 6.07459, "eta": 33.19925, "eta_hours": 0.00922, "loss": 0.52316835, "lr": 8.86e-06, "params": 6215, "time_iter": 0.0437, "accuracy": 0.78597, "precision": 0.78947, "recall": 0.61927, "f1": 0.69409, "auc": 0.80463}
{"epoch": 95, "time_epoch": 6.79166, "eta": 26.56573, "eta_hours": 0.00738, "loss": 0.50940574, "lr": 6.16e-06, "params": 6215, "time_iter": 0.04886, "accuracy": 0.77698, "precision": 0.79012, "recall": 0.58716, "f1": 0.67368, "auc": 0.80701}
{"epoch": 96, "time_epoch": 7.45678, "eta": 19.94951, "eta_hours": 0.00554, "loss": 0.56073664, "lr": 3.94e-06, "params": 6215, "time_iter": 0.05365, "accuracy": 0.76978, "precision": 0.77108, "recall": 0.58716, "f1": 0.66667, "auc": 0.79627}
{"epoch": 97, "time_epoch": 6.05579, "eta": 13.28755, "eta_hours": 0.00369, "loss": 0.53247694, "lr": 2.22e-06, "params": 6215, "time_iter": 0.04357, "accuracy": 0.76439, "precision": 0.7574, "recall": 0.58716, "f1": 0.6615, "auc": 0.80593}
{"epoch": 98, "time_epoch": 6.11232, "eta": 6.63841, "eta_hours": 0.00184, "loss": 0.53782455, "lr": 9.9e-07, "params": 6215, "time_iter": 0.04397, "accuracy": 0.77518, "precision": 0.77844, "recall": 0.59633, "f1": 0.67532, "auc": 0.80373}
{"epoch": 99, "time_epoch": 6.06297, "eta": 0.0, "eta_hours": 0.0, "loss": 0.50235865, "lr": 2.5e-07, "params": 6215, "time_iter": 0.04362, "accuracy": 0.78417, "precision": 0.79878, "recall": 0.60092, "f1": 0.68586, "auc": 0.81695}
