{"epoch": 0, "time_epoch": 49.59444, "eta": 4909.84968, "eta_hours": 1.36385, "loss": 0.6847456, "lr": 0.001, "params": 6697, "time_iter": 0.33738, "accuracy": 0.51871, "precision": 0.45074, "recall": 0.75309, "f1": 0.56394, "auc": 0.62127}
{"epoch": 1, "time_epoch": 11.63049, "eta": 3000.02142, "eta_hours": 0.83334, "loss": 0.62326795, "lr": 0.00099975, "params": 6697, "time_iter": 0.07912, "accuracy": 0.66667, "precision": 0.65986, "recall": 0.39918, "f1": 0.49744, "auc": 0.68641}
{"epoch": 2, "time_epoch": 11.58229, "eta": 2354.10013, "eta_hours": 0.65392, "loss": 0.59638796, "lr": 0.00099901, "params": 6697, "time_iter": 0.07879, "accuracy": 0.69728, "precision": 0.72109, "recall": 0.43621, "f1": 0.54359, "auc": 0.72197}
{"epoch": 3, "time_epoch": 11.64726, "eta": 2026.90751, "eta_hours": 0.56303, "loss": 0.57757987, "lr": 0.00099778, "params": 6697, "time_iter": 0.07923, "accuracy": 0.71599, "precision": 0.71839, "recall": 0.5144, "f1": 0.59952, "auc": 0.7622}
{"epoch": 4, "time_epoch": 11.59918, "eta": 1825.01958, "eta_hours": 0.50695, "loss": 0.5707005, "lr": 0.00099606, "params": 6697, "time_iter": 0.07891, "accuracy": 0.72449, "precision": 0.7341, "recall": 0.52263, "f1": 0.61058, "auc": 0.76773}
{"epoch": 5, "time_epoch": 9.55237, "eta": 1654.49444, "eta_hours": 0.45958, "loss": 0.56427941, "lr": 0.00099384, "params": 6697, "time_iter": 0.06498, "accuracy": 0.72449, "precision": 0.72376, "recall": 0.53909, "f1": 0.61792, "auc": 0.77042}
{"epoch": 6, "time_epoch": 9.67677, "eta": 1531.61435, "eta_hours": 0.42545, "loss": 0.58284367, "lr": 0.00099114, "params": 6697, "time_iter": 0.06583, "accuracy": 0.73299, "precision": 0.74157, "recall": 0.54321, "f1": 0.62708, "auc": 0.76193}
{"epoch": 7, "time_epoch": 9.67517, "eta": 1437.01671, "eta_hours": 0.39917, "loss": 0.56709876, "lr": 0.00098796, "params": 6697, "time_iter": 0.06582, "accuracy": 0.71429, "precision": 0.7095, "recall": 0.52263, "f1": 0.6019, "auc": 0.76874}
{"epoch": 8, "time_epoch": 9.71038, "eta": 1361.64664, "eta_hours": 0.37824, "loss": 0.5825811, "lr": 0.00098429, "params": 6697, "time_iter": 0.06606, "accuracy": 0.72959, "precision": 0.72105, "recall": 0.56379, "f1": 0.63279, "auc": 0.76159}
{"epoch": 9, "time_epoch": 9.77045, "eta": 1299.9492, "eta_hours": 0.3611, "loss": 0.60125047, "lr": 0.00098015, "params": 6697, "time_iter": 0.06647, "accuracy": 0.73129, "precision": 0.74011, "recall": 0.53909, "f1": 0.62381, "auc": 0.74017}
{"epoch": 10, "time_epoch": 9.74811, "eta": 1247.51225, "eta_hours": 0.34653, "loss": 0.55404334, "lr": 0.00097553, "params": 6697, "time_iter": 0.06631, "accuracy": 0.73299, "precision": 0.72165, "recall": 0.57613, "f1": 0.64073, "auc": 0.78526}
{"epoch": 11, "time_epoch": 9.62433, "eta": 1201.28241, "eta_hours": 0.33369, "loss": 0.56728599, "lr": 0.00097044, "params": 6697, "time_iter": 0.06547, "accuracy": 0.73299, "precision": 0.74157, "recall": 0.54321, "f1": 0.62708, "auc": 0.77292}
{"epoch": 12, "time_epoch": 9.64439, "eta": 1160.81843, "eta_hours": 0.32245, "loss": 0.57515969, "lr": 0.00096489, "params": 6697, "time_iter": 0.06561, "accuracy": 0.7415, "precision": 0.74863, "recall": 0.56379, "f1": 0.64319, "auc": 0.77734}
{"epoch": 13, "time_epoch": 9.72948, "eta": 1125.27996, "eta_hours": 0.31258, "loss": 0.56214626, "lr": 0.00095888, "params": 6697, "time_iter": 0.06619, "accuracy": 0.72279, "precision": 0.72989, "recall": 0.52263, "f1": 0.60911, "auc": 0.77635}
{"epoch": 14, "time_epoch": 9.68625, "eta": 1092.93772, "eta_hours": 0.30359, "loss": 0.57233273, "lr": 0.00095241, "params": 6697, "time_iter": 0.06589, "accuracy": 0.73469, "precision": 0.73262, "recall": 0.56379, "f1": 0.63721, "auc": 0.77625}
{"epoch": 15, "time_epoch": 9.60546, "eta": 1063.00334, "eta_hours": 0.29528, "loss": 0.55421844, "lr": 0.0009455, "params": 6697, "time_iter": 0.06534, "accuracy": 0.73299, "precision": 0.72165, "recall": 0.57613, "f1": 0.64073, "auc": 0.78614}
{"epoch": 16, "time_epoch": 9.70809, "eta": 1035.96165, "eta_hours": 0.28777, "loss": 0.55750667, "lr": 0.00093815, "params": 6697, "time_iter": 0.06604, "accuracy": 0.72619, "precision": 0.72778, "recall": 0.53909, "f1": 0.61939, "auc": 0.79082}
{"epoch": 17, "time_epoch": 9.66073, "eta": 1010.63017, "eta_hours": 0.28073, "loss": 0.56261287, "lr": 0.00093037, "params": 6697, "time_iter": 0.06572, "accuracy": 0.72959, "precision": 0.73077, "recall": 0.54733, "f1": 0.62588, "auc": 0.77944}
{"epoch": 18, "time_epoch": 9.64303, "eta": 986.8728, "eta_hours": 0.27413, "loss": 0.56629041, "lr": 0.00092216, "params": 6697, "time_iter": 0.0656, "accuracy": 0.73299, "precision": 0.72165, "recall": 0.57613, "f1": 0.64073, "auc": 0.77773}
{"epoch": 19, "time_epoch": 9.60194, "eta": 964.36248, "eta_hours": 0.26788, "loss": 0.55314437, "lr": 0.00091354, "params": 6697, "time_iter": 0.06532, "accuracy": 0.73299, "precision": 0.72632, "recall": 0.5679, "f1": 0.63741, "auc": 0.78293}
{"epoch": 20, "time_epoch": 9.67147, "eta": 943.34311, "eta_hours": 0.26204, "loss": 0.56670676, "lr": 0.00090451, "params": 6697, "time_iter": 0.06579, "accuracy": 0.7432, "precision": 0.75, "recall": 0.5679, "f1": 0.64637, "auc": 0.77468}
{"epoch": 21, "time_epoch": 9.33057, "eta": 922.1467, "eta_hours": 0.25615, "loss": 0.55962257, "lr": 0.00089508, "params": 6697, "time_iter": 0.06347, "accuracy": 0.72959, "precision": 0.72826, "recall": 0.55144, "f1": 0.62763, "auc": 0.77771}
{"epoch": 22, "time_epoch": 9.71889, "eta": 903.28214, "eta_hours": 0.25091, "loss": 0.57213933, "lr": 0.00088526, "params": 6697, "time_iter": 0.06611, "accuracy": 0.73299, "precision": 0.74157, "recall": 0.54321, "f1": 0.62708, "auc": 0.7672}
{"epoch": 23, "time_epoch": 9.50145, "eta": 884.49115, "eta_hours": 0.24569, "loss": 0.53376784, "lr": 0.00087506, "params": 6697, "time_iter": 0.06464, "accuracy": 0.76361, "precision": 0.76263, "recall": 0.6214, "f1": 0.68481, "auc": 0.80433}
{"epoch": 24, "time_epoch": 9.69059, "eta": 867.01076, "eta_hours": 0.24084, "loss": 0.56585463, "lr": 0.00086448, "params": 6697, "time_iter": 0.06592, "accuracy": 0.75, "precision": 0.75, "recall": 0.59259, "f1": 0.66207, "auc": 0.78405}
{"epoch": 25, "time_epoch": 9.49095, "eta": 849.56138, "eta_hours": 0.23599, "loss": 0.5527831, "lr": 0.00085355, "params": 6697, "time_iter": 0.06456, "accuracy": 0.7483, "precision": 0.74869, "recall": 0.58848, "f1": 0.65899, "auc": 0.79253}
{"epoch": 26, "time_epoch": 9.66509, "eta": 833.17234, "eta_hours": 0.23144, "loss": 0.55042147, "lr": 0.00084227, "params": 6697, "time_iter": 0.06575, "accuracy": 0.73299, "precision": 0.72165, "recall": 0.57613, "f1": 0.64073, "auc": 0.78633}
{"epoch": 27, "time_epoch": 9.7017, "eta": 817.35772, "eta_hours": 0.22704, "loss": 0.56618631, "lr": 0.00083066, "params": 6697, "time_iter": 0.066, "accuracy": 0.7381, "precision": 0.74317, "recall": 0.55967, "f1": 0.6385, "auc": 0.77756}
{"epoch": 28, "time_epoch": 9.75601, "eta": 802.09763, "eta_hours": 0.2228, "loss": 0.56314575, "lr": 0.00081871, "params": 6697, "time_iter": 0.06637, "accuracy": 0.7466, "precision": 0.76705, "recall": 0.55556, "f1": 0.64439, "auc": 0.77292}
{"epoch": 29, "time_epoch": 9.43732, "eta": 786.46088, "eta_hours": 0.21846, "loss": 0.54180382, "lr": 0.00080645, "params": 6697, "time_iter": 0.0642, "accuracy": 0.7466, "precision": 0.75543, "recall": 0.57202, "f1": 0.65105, "auc": 0.79748}
{"epoch": 30, "time_epoch": 9.62263, "eta": 771.63655, "eta_hours": 0.21434, "loss": 0.55397231, "lr": 0.00079389, "params": 6697, "time_iter": 0.06546, "accuracy": 0.7466, "precision": 0.75, "recall": 0.58025, "f1": 0.65429, "auc": 0.79109}
{"epoch": 31, "time_epoch": 9.64251, "eta": 757.17959, "eta_hours": 0.21033, "loss": 0.53279792, "lr": 0.00078104, "params": 6697, "time_iter": 0.0656, "accuracy": 0.7381, "precision": 0.72821, "recall": 0.58436, "f1": 0.6484, "auc": 0.80679}
{"epoch": 32, "time_epoch": 9.67872, "eta": 743.08791, "eta_hours": 0.20641, "loss": 0.54468383, "lr": 0.00076791, "params": 6697, "time_iter": 0.06584, "accuracy": 0.7466, "precision": 0.74479, "recall": 0.58848, "f1": 0.65747, "auc": 0.79666}
{"epoch": 33, "time_epoch": 9.63029, "eta": 729.16182, "eta_hours": 0.20254, "loss": 0.51461355, "lr": 0.00075452, "params": 6697, "time_iter": 0.06551, "accuracy": 0.76531, "precision": 0.76382, "recall": 0.62551, "f1": 0.68778, "auc": 0.81549}
{"epoch": 34, "time_epoch": 9.39157, "eta": 715.03787, "eta_hours": 0.19862, "loss": 0.55164087, "lr": 0.00074088, "params": 6697, "time_iter": 0.06389, "accuracy": 0.7415, "precision": 0.73822, "recall": 0.58025, "f1": 0.64977, "auc": 0.79154}
{"epoch": 35, "time_epoch": 9.6992, "eta": 701.72372, "eta_hours": 0.19492, "loss": 0.5361106, "lr": 0.000727, "params": 6697, "time_iter": 0.06598, "accuracy": 0.77381, "precision": 0.76961, "recall": 0.64609, "f1": 0.70246, "auc": 0.81082}
{"epoch": 36, "time_epoch": 9.59278, "eta": 688.42377, "eta_hours": 0.19123, "loss": 0.53198292, "lr": 0.00071289, "params": 6697, "time_iter": 0.06526, "accuracy": 0.7585, "precision": 0.77005, "recall": 0.59259, "f1": 0.66977, "auc": 0.80412}
{"epoch": 37, "time_epoch": 9.51562, "eta": 675.19304, "eta_hours": 0.18755, "loss": 0.56935068, "lr": 0.00069857, "params": 6697, "time_iter": 0.06473, "accuracy": 0.7415, "precision": 0.76, "recall": 0.54733, "f1": 0.63636, "auc": 0.77647}
{"epoch": 38, "time_epoch": 9.5898, "eta": 662.26885, "eta_hours": 0.18396, "loss": 0.52525554, "lr": 0.00068406, "params": 6697, "time_iter": 0.06524, "accuracy": 0.77041, "precision": 0.77273, "recall": 0.62963, "f1": 0.69388, "auc": 0.80735}
{"epoch": 39, "time_epoch": 9.67121, "eta": 649.6335, "eta_hours": 0.18045, "loss": 0.54447245, "lr": 0.00066937, "params": 6697, "time_iter": 0.06579, "accuracy": 0.76361, "precision": 0.76804, "recall": 0.61317, "f1": 0.68192, "auc": 0.79905}
{"epoch": 40, "time_epoch": 9.807, "eta": 637.33814, "eta_hours": 0.17704, "loss": 0.53765414, "lr": 0.00065451, "params": 6697, "time_iter": 0.06671, "accuracy": 0.76531, "precision": 0.74648, "recall": 0.65432, "f1": 0.69737, "auc": 0.81393}
{"epoch": 41, "time_epoch": 9.8814, "eta": 625.26402, "eta_hours": 0.17368, "loss": 0.55892035, "lr": 0.0006395, "params": 6697, "time_iter": 0.06722, "accuracy": 0.72109, "precision": 0.71585, "recall": 0.53909, "f1": 0.61502, "auc": 0.78187}
{"epoch": 42, "time_epoch": 9.87529, "eta": 613.2838, "eta_hours": 0.17036, "loss": 0.54413987, "lr": 0.00062434, "params": 6697, "time_iter": 0.06718, "accuracy": 0.73639, "precision": 0.7268, "recall": 0.58025, "f1": 0.64531, "auc": 0.79165}
{"epoch": 43, "time_epoch": 9.83921, "eta": 601.35333, "eta_hours": 0.16704, "loss": 0.52111717, "lr": 0.00060907, "params": 6697, "time_iter": 0.06693, "accuracy": 0.7415, "precision": 0.73822, "recall": 0.58025, "f1": 0.64977, "auc": 0.81821}
{"epoch": 44, "time_epoch": 9.85993, "eta": 589.54112, "eta_hours": 0.16376, "loss": 0.52148539, "lr": 0.00059369, "params": 6697, "time_iter": 0.06707, "accuracy": 0.7517, "precision": 0.73659, "recall": 0.6214, "f1": 0.67411, "auc": 0.81868}
{"epoch": 45, "time_epoch": 9.81371, "eta": 577.75954, "eta_hours": 0.16049, "loss": 0.53595055, "lr": 0.00057822, "params": 6697, "time_iter": 0.06676, "accuracy": 0.7432, "precision": 0.73958, "recall": 0.58436, "f1": 0.65287, "auc": 0.80614}
{"epoch": 46, "time_epoch": 9.85024, "eta": 566.1029, "eta_hours": 0.15725, "loss": 0.52923424, "lr": 0.00056267, "params": 6697, "time_iter": 0.06701, "accuracy": 0.7585, "precision": 0.77005, "recall": 0.59259, "f1": 0.66977, "auc": 0.81076}
{"epoch": 47, "time_epoch": 9.70275, "eta": 554.36174, "eta_hours": 0.15399, "loss": 0.50606102, "lr": 0.00054705, "params": 6697, "time_iter": 0.06601, "accuracy": 0.7551, "precision": 0.74384, "recall": 0.6214, "f1": 0.67713, "auc": 0.82853}
{"epoch": 48, "time_epoch": 9.83529, "eta": 542.84173, "eta_hours": 0.15079, "loss": 0.52205537, "lr": 0.0005314, "params": 6697, "time_iter": 0.06691, "accuracy": 0.7585, "precision": 0.75124, "recall": 0.6214, "f1": 0.68018, "auc": 0.82016}
{"epoch": 49, "time_epoch": 9.82596, "eta": 531.37979, "eta_hours": 0.14761, "loss": 0.5326282, "lr": 0.00051571, "params": 6697, "time_iter": 0.06684, "accuracy": 0.73639, "precision": 0.73656, "recall": 0.56379, "f1": 0.63869, "auc": 0.80429}
{"epoch": 50, "time_epoch": 9.83342, "eta": 519.98915, "eta_hours": 0.14444, "loss": 0.51947123, "lr": 0.0005, "params": 6697, "time_iter": 0.06689, "accuracy": 0.7585, "precision": 0.7644, "recall": 0.60082, "f1": 0.67281, "auc": 0.81863}
{"epoch": 51, "time_epoch": 9.69153, "eta": 508.52744, "eta_hours": 0.14126, "loss": 0.5331149, "lr": 0.00048429, "params": 6697, "time_iter": 0.06593, "accuracy": 0.7585, "precision": 0.75635, "recall": 0.61317, "f1": 0.67727, "auc": 0.80898}
{"epoch": 52, "time_epoch": 9.72235, "eta": 497.15986, "eta_hours": 0.1381, "loss": 0.51031574, "lr": 0.0004686, "params": 6697, "time_iter": 0.06614, "accuracy": 0.77551, "precision": 0.77612, "recall": 0.64198, "f1": 0.7027, "auc": 0.82927}
{"epoch": 53, "time_epoch": 9.68991, "eta": 485.82558, "eta_hours": 0.13495, "loss": 0.54391855, "lr": 0.00045295, "params": 6697, "time_iter": 0.06592, "accuracy": 0.7381, "precision": 0.71498, "recall": 0.60905, "f1": 0.65778, "auc": 0.80438}
{"epoch": 54, "time_epoch": 9.70983, "eta": 474.5674, "eta_hours": 0.13182, "loss": 0.55296857, "lr": 0.00043733, "params": 6697, "time_iter": 0.06605, "accuracy": 0.76531, "precision": 0.7665, "recall": 0.6214, "f1": 0.68636, "auc": 0.7999}
{"epoch": 55, "time_epoch": 9.68599, "eta": 463.34578, "eta_hours": 0.12871, "loss": 0.53324106, "lr": 0.00042178, "params": 6697, "time_iter": 0.06589, "accuracy": 0.7551, "precision": 0.74627, "recall": 0.61728, "f1": 0.67568, "auc": 0.81517}
{"epoch": 56, "time_epoch": 9.6224, "eta": 452.13007, "eta_hours": 0.12559, "loss": 0.52498371, "lr": 0.00040631, "params": 6697, "time_iter": 0.06546, "accuracy": 0.7432, "precision": 0.71698, "recall": 0.62551, "f1": 0.66813, "auc": 0.81559}
{"epoch": 57, "time_epoch": 9.78256, "eta": 441.08528, "eta_hours": 0.12252, "loss": 0.55470462, "lr": 0.00039093, "params": 6697, "time_iter": 0.06655, "accuracy": 0.7517, "precision": 0.74619, "recall": 0.60494, "f1": 0.66818, "auc": 0.7941}
{"epoch": 58, "time_epoch": 9.67923, "eta": 430.01147, "eta_hours": 0.11945, "loss": 0.51258295, "lr": 0.00037566, "params": 6697, "time_iter": 0.06585, "accuracy": 0.7602, "precision": 0.77128, "recall": 0.59671, "f1": 0.67285, "auc": 0.82253}
{"epoch": 59, "time_epoch": 9.68055, "eta": 418.98503, "eta_hours": 0.11638, "loss": 0.5186427, "lr": 0.0003605, "params": 6697, "time_iter": 0.06585, "accuracy": 0.7534, "precision": 0.75521, "recall": 0.59671, "f1": 0.66667, "auc": 0.82102}
{"epoch": 60, "time_epoch": 9.68811, "eta": 408.00755, "eta_hours": 0.11334, "loss": 0.50287344, "lr": 0.00034549, "params": 6697, "time_iter": 0.06591, "accuracy": 0.78401, "precision": 0.77885, "recall": 0.66667, "f1": 0.7184, "auc": 0.82729}
{"epoch": 61, "time_epoch": 9.68798, "eta": 397.07159, "eta_hours": 0.1103, "loss": 0.5324763, "lr": 0.00033063, "params": 6697, "time_iter": 0.0659, "accuracy": 0.76531, "precision": 0.75862, "recall": 0.63374, "f1": 0.69058, "auc": 0.81473}
{"epoch": 62, "time_epoch": 9.68983, "eta": 386.17632, "eta_hours": 0.10727, "loss": 0.52732727, "lr": 0.00031594, "params": 6697, "time_iter": 0.06592, "accuracy": 0.7619, "precision": 0.74408, "recall": 0.64609, "f1": 0.69163, "auc": 0.81719}
{"epoch": 63, "time_epoch": 9.67477, "eta": 375.31026, "eta_hours": 0.10425, "loss": 0.49681711, "lr": 0.00030143, "params": 6697, "time_iter": 0.06581, "accuracy": 0.77041, "precision": 0.77551, "recall": 0.62551, "f1": 0.69248, "auc": 0.82806}
{"epoch": 64, "time_epoch": 9.75458, "eta": 364.52383, "eta_hours": 0.10126, "loss": 0.53266477, "lr": 0.00028711, "params": 6697, "time_iter": 0.06636, "accuracy": 0.72959, "precision": 0.71212, "recall": 0.58025, "f1": 0.63946, "auc": 0.81727}
{"epoch": 65, "time_epoch": 9.71401, "eta": 353.74776, "eta_hours": 0.09826, "loss": 0.5082171, "lr": 0.000273, "params": 6697, "time_iter": 0.06608, "accuracy": 0.77211, "precision": 0.77387, "recall": 0.63374, "f1": 0.69683, "auc": 0.83025}
{"epoch": 66, "time_epoch": 9.67507, "eta": 342.98422, "eta_hours": 0.09527, "loss": 0.49739162, "lr": 0.00025912, "params": 6697, "time_iter": 0.06582, "accuracy": 0.76701, "precision": 0.765, "recall": 0.62963, "f1": 0.69074, "auc": 0.83631}
{"epoch": 67, "time_epoch": 9.67566, "eta": 332.25297, "eta_hours": 0.09229, "loss": 0.4880581, "lr": 0.00024548, "params": 6697, "time_iter": 0.06582, "accuracy": 0.77551, "precision": 0.77889, "recall": 0.63786, "f1": 0.70136, "auc": 0.84095}
{"epoch": 68, "time_epoch": 9.69571, "eta": 321.56132, "eta_hours": 0.08932, "loss": 0.52712192, "lr": 0.00023209, "params": 6697, "time_iter": 0.06596, "accuracy": 0.77891, "precision": 0.78392, "recall": 0.64198, "f1": 0.70588, "auc": 0.81472}
{"epoch": 69, "time_epoch": 9.7233, "eta": 310.90996, "eta_hours": 0.08636, "loss": 0.53860693, "lr": 0.00021896, "params": 6697, "time_iter": 0.06614, "accuracy": 0.76701, "precision": 0.765, "recall": 0.62963, "f1": 0.69074, "auc": 0.82076}
{"epoch": 70, "time_epoch": 9.84734, "eta": 300.3354, "eta_hours": 0.08343, "loss": 0.51363835, "lr": 0.00020611, "params": 6697, "time_iter": 0.06699, "accuracy": 0.7585, "precision": 0.73488, "recall": 0.65021, "f1": 0.68996, "auc": 0.82358}
{"epoch": 71, "time_epoch": 9.8154, "eta": 289.76862, "eta_hours": 0.08049, "loss": 0.5025054, "lr": 0.00019355, "params": 6697, "time_iter": 0.06677, "accuracy": 0.76701, "precision": 0.7598, "recall": 0.63786, "f1": 0.69351, "auc": 0.83203}
{"epoch": 72, "time_epoch": 9.64018, "eta": 279.15762, "eta_hours": 0.07754, "loss": 0.51409953, "lr": 0.00018129, "params": 6697, "time_iter": 0.06558, "accuracy": 0.76701, "precision": 0.76768, "recall": 0.62551, "f1": 0.68934, "auc": 0.82741}
{"epoch": 73, "time_epoch": 9.75287, "eta": 268.61245, "eta_hours": 0.07461, "loss": 0.4958893, "lr": 0.00016934, "params": 6697, "time_iter": 0.06635, "accuracy": 0.78912, "precision": 0.7931, "recall": 0.66255, "f1": 0.72197, "auc": 0.843}
{"epoch": 74, "time_epoch": 9.66851, "eta": 258.06029, "eta_hours": 0.07168, "loss": 0.49792767, "lr": 0.00015773, "params": 6697, "time_iter": 0.06577, "accuracy": 0.76871, "precision": 0.74654, "recall": 0.66667, "f1": 0.70435, "auc": 0.83865}
{"epoch": 75, "time_epoch": 9.89588, "eta": 247.60319, "eta_hours": 0.06878, "loss": 0.51764162, "lr": 0.00014645, "params": 6697, "time_iter": 0.06732, "accuracy": 0.78571, "precision": 0.78818, "recall": 0.65844, "f1": 0.71749, "auc": 0.82876}
{"epoch": 76, "time_epoch": 9.80594, "eta": 237.13379, "eta_hours": 0.06587, "loss": 0.50850804, "lr": 0.00013552, "params": 6697, "time_iter": 0.06671, "accuracy": 0.77041, "precision": 0.77273, "recall": 0.62963, "f1": 0.69388, "auc": 0.83153}
{"epoch": 77, "time_epoch": 9.83657, "eta": 226.69005, "eta_hours": 0.06297, "loss": 0.5034521, "lr": 0.00012494, "params": 6697, "time_iter": 0.06692, "accuracy": 0.7602, "precision": 0.74057, "recall": 0.64609, "f1": 0.69011, "auc": 0.83707}
{"epoch": 78, "time_epoch": 9.77963, "eta": 216.24654, "eta_hours": 0.06007, "loss": 0.51246602, "lr": 0.00011474, "params": 6697, "time_iter": 0.06653, "accuracy": 0.7619, "precision": 0.76684, "recall": 0.60905, "f1": 0.6789, "auc": 0.83406}
{"epoch": 79, "time_epoch": 9.8669, "eta": 205.84145, "eta_hours": 0.05718, "loss": 0.52073968, "lr": 0.00010492, "params": 6697, "time_iter": 0.06712, "accuracy": 0.77041, "precision": 0.76733, "recall": 0.63786, "f1": 0.69663, "auc": 0.82358}
{"epoch": 80, "time_epoch": 9.82263, "eta": 195.43926, "eta_hours": 0.05429, "loss": 0.52067489, "lr": 9.549e-05, "params": 6697, "time_iter": 0.06682, "accuracy": 0.77211, "precision": 0.77665, "recall": 0.62963, "f1": 0.69545, "auc": 0.82494}
{"epoch": 81, "time_epoch": 9.60777, "eta": 185.00404, "eta_hours": 0.05139, "loss": 0.49934173, "lr": 8.646e-05, "params": 6697, "time_iter": 0.06536, "accuracy": 0.77381, "precision": 0.7619, "recall": 0.65844, "f1": 0.7064, "auc": 0.83645}
{"epoch": 82, "time_epoch": 9.68423, "eta": 174.60442, "eta_hours": 0.0485, "loss": 0.50587328, "lr": 7.784e-05, "params": 6697, "time_iter": 0.06588, "accuracy": 0.76701, "precision": 0.765, "recall": 0.62963, "f1": 0.69074, "auc": 0.82943}
{"epoch": 83, "time_epoch": 9.71647, "eta": 164.22798, "eta_hours": 0.04562, "loss": 0.53961644, "lr": 6.963e-05, "params": 6697, "time_iter": 0.0661, "accuracy": 0.7585, "precision": 0.74634, "recall": 0.62963, "f1": 0.68304, "auc": 0.81427}
{"epoch": 84, "time_epoch": 9.72044, "eta": 153.86777, "eta_hours": 0.04274, "loss": 0.5009161, "lr": 6.185e-05, "params": 6697, "time_iter": 0.06613, "accuracy": 0.7619, "precision": 0.75879, "recall": 0.6214, "f1": 0.68326, "auc": 0.83842}
{"epoch": 85, "time_epoch": 9.82968, "eta": 143.54021, "eta_hours": 0.03987, "loss": 0.52385417, "lr": 5.45e-05, "params": 6697, "time_iter": 0.06687, "accuracy": 0.7534, "precision": 0.75521, "recall": 0.59671, "f1": 0.66667, "auc": 0.82272}
{"epoch": 86, "time_epoch": 9.89342, "eta": 133.23363, "eta_hours": 0.03701, "loss": 0.4802845, "lr": 4.759e-05, "params": 6697, "time_iter": 0.0673, "accuracy": 0.78571, "precision": 0.8, "recall": 0.64198, "f1": 0.71233, "auc": 0.84458}
{"epoch": 87, "time_epoch": 9.71117, "eta": 122.91158, "eta_hours": 0.03414, "loss": 0.49630278, "lr": 4.112e-05, "params": 6697, "time_iter": 0.06606, "accuracy": 0.76701, "precision": 0.7598, "recall": 0.63786, "f1": 0.69351, "auc": 0.83897}
{"epoch": 88, "time_epoch": 9.75833, "eta": 112.60909, "eta_hours": 0.03128, "loss": 0.47406656, "lr": 3.511e-05, "params": 6697, "time_iter": 0.06638, "accuracy": 0.78401, "precision": 0.77619, "recall": 0.67078, "f1": 0.71965, "auc": 0.8517}
{"epoch": 89, "time_epoch": 9.88187, "eta": 102.33242, "eta_hours": 0.02843, "loss": 0.56708271, "lr": 2.956e-05, "params": 6697, "time_iter": 0.06722, "accuracy": 0.7619, "precision": 0.75122, "recall": 0.63374, "f1": 0.6875, "auc": 0.79334}
{"epoch": 90, "time_epoch": 9.86186, "eta": 92.06245, "eta_hours": 0.02557, "loss": 0.49180631, "lr": 2.447e-05, "params": 6697, "time_iter": 0.06709, "accuracy": 0.77381, "precision": 0.78061, "recall": 0.62963, "f1": 0.69704, "auc": 0.84443}
{"epoch": 91, "time_epoch": 9.67859, "eta": 81.78542, "eta_hours": 0.02272, "loss": 0.51331288, "lr": 1.985e-05, "params": 6697, "time_iter": 0.06584, "accuracy": 0.78231, "precision": 0.78894, "recall": 0.64609, "f1": 0.71041, "auc": 0.82926}
{"epoch": 92, "time_epoch": 9.88178, "eta": 71.53654, "eta_hours": 0.01987, "loss": 0.49800039, "lr": 1.571e-05, "params": 6697, "time_iter": 0.06722, "accuracy": 0.77211, "precision": 0.76847, "recall": 0.64198, "f1": 0.69955, "auc": 0.84145}
{"epoch": 93, "time_epoch": 9.84308, "eta": 61.29301, "eta_hours": 0.01703, "loss": 0.49528081, "lr": 1.204e-05, "params": 6697, "time_iter": 0.06696, "accuracy": 0.77211, "precision": 0.75587, "recall": 0.66255, "f1": 0.70614, "auc": 0.83928}
{"epoch": 94, "time_epoch": 9.71317, "eta": 51.05107, "eta_hours": 0.01418, "loss": 0.48849811, "lr": 8.86e-06, "params": 6697, "time_iter": 0.06608, "accuracy": 0.77041, "precision": 0.74771, "recall": 0.67078, "f1": 0.70716, "auc": 0.8426}
{"epoch": 95, "time_epoch": 9.832, "eta": 40.8251, "eta_hours": 0.01134, "loss": 0.54390476, "lr": 6.16e-06, "params": 6697, "time_iter": 0.06688, "accuracy": 0.7568, "precision": 0.72727, "recall": 0.65844, "f1": 0.69114, "auc": 0.81733}
{"epoch": 96, "time_epoch": 9.86252, "eta": 30.60819, "eta_hours": 0.0085, "loss": 0.54496768, "lr": 3.94e-06, "params": 6697, "time_iter": 0.06709, "accuracy": 0.7602, "precision": 0.74057, "recall": 0.64609, "f1": 0.69011, "auc": 0.81685}
{"epoch": 97, "time_epoch": 9.85946, "eta": 20.39845, "eta_hours": 0.00567, "loss": 0.51583345, "lr": 2.22e-06, "params": 6697, "time_iter": 0.06707, "accuracy": 0.77721, "precision": 0.76667, "recall": 0.66255, "f1": 0.71082, "auc": 0.82919}
{"epoch": 98, "time_epoch": 9.79941, "eta": 10.19519, "eta_hours": 0.00283, "loss": 0.52455141, "lr": 9.9e-07, "params": 6697, "time_iter": 0.06666, "accuracy": 0.76701, "precision": 0.75728, "recall": 0.64198, "f1": 0.69488, "auc": 0.82253}
{"epoch": 99, "time_epoch": 9.72125, "eta": 0.0, "eta_hours": 0.0, "loss": 0.52129362, "lr": 2.5e-07, "params": 6697, "time_iter": 0.06613, "accuracy": 0.76361, "precision": 0.76263, "recall": 0.6214, "f1": 0.68481, "auc": 0.81627}
