{"epoch": 0, "time_epoch": 3.2543, "eta": 322.17571, "eta_hours": 0.08949, "loss": 0.70319085, "lr": 0.001, "params": 5345, "time_iter": 0.08564, "accuracy": 0.48, "precision": 0.0, "recall": 0.0, "f1": 0.0, "auc": 0.41168}
{"epoch": 1, "time_epoch": 3.07379, "eta": 310.07622, "eta_hours": 0.08613, "loss": 0.69622526, "lr": 0.00099975, "params": 5345, "time_iter": 0.08089, "accuracy": 0.48, "precision": 0.0, "recall": 0.0, "f1": 0.0, "auc": 0.50997}
{"epoch": 2, "time_epoch": 2.6938, "eta": 291.70757, "eta_hours": 0.08103, "loss": 0.69621929, "lr": 0.00099901, "params": 5345, "time_iter": 0.07089, "accuracy": 0.42667, "precision": 0.4, "recall": 0.20513, "f1": 0.27119, "auc": 0.42272}
{"epoch": 3, "time_epoch": 2.67286, "eta": 280.67375, "eta_hours": 0.07796, "loss": 0.69380665, "lr": 0.00099778, "params": 5345, "time_iter": 0.07034, "accuracy": 0.48, "precision": 0.5, "recall": 0.20513, "f1": 0.29091, "auc": 0.50231}
{"epoch": 4, "time_epoch": 2.72489, "eta": 273.97292, "eta_hours": 0.0761, "loss": 0.69239877, "lr": 0.00099606, "params": 5345, "time_iter": 0.07171, "accuracy": 0.55333, "precision": 0.55446, "recall": 0.71795, "f1": 0.6257, "auc": 0.54113}
{"epoch": 5, "time_epoch": 2.76162, "eta": 269.17287, "eta_hours": 0.07477, "loss": 0.69448874, "lr": 0.00099384, "params": 5345, "time_iter": 0.07267, "accuracy": 0.50667, "precision": 0.52041, "recall": 0.65385, "f1": 0.57955, "auc": 0.45068}
{"epoch": 6, "time_epoch": 2.67767, "eta": 263.83992, "eta_hours": 0.07329, "loss": 0.69047386, "lr": 0.00099114, "params": 5345, "time_iter": 0.07047, "accuracy": 0.56667, "precision": 0.54887, "recall": 0.9359, "f1": 0.69194, "auc": 0.54834}
{"epoch": 7, "time_epoch": 2.77855, "eta": 260.33092, "eta_hours": 0.07231, "loss": 0.69376206, "lr": 0.00098796, "params": 5345, "time_iter": 0.07312, "accuracy": 0.53333, "precision": 0.52899, "recall": 0.9359, "f1": 0.67593, "auc": 0.46991}
{"epoch": 8, "time_epoch": 2.6918, "eta": 256.10711, "eta_hours": 0.07114, "loss": 0.69500228, "lr": 0.00098429, "params": 5345, "time_iter": 0.07084, "accuracy": 0.52, "precision": 0.52113, "recall": 0.94872, "f1": 0.67273, "auc": 0.40563}
{"epoch": 9, "time_epoch": 2.84198, "eta": 253.54131, "eta_hours": 0.07043, "loss": 0.69251846, "lr": 0.00098015, "params": 5345, "time_iter": 0.07479, "accuracy": 0.52, "precision": 0.52, "recall": 1.0, "f1": 0.68421, "auc": 0.47311}
{"epoch": 10, "time_epoch": 2.80849, "eta": 250.65433, "eta_hours": 0.06963, "loss": 0.69271286, "lr": 0.00097553, "params": 5345, "time_iter": 0.07391, "accuracy": 0.52667, "precision": 0.52349, "recall": 1.0, "f1": 0.68722, "auc": 0.46474}
{"epoch": 11, "time_epoch": 2.73337, "eta": 247.22954, "eta_hours": 0.06867, "loss": 0.69105279, "lr": 0.00097044, "params": 5345, "time_iter": 0.07193, "accuracy": 0.52, "precision": 0.52083, "recall": 0.96154, "f1": 0.67568, "auc": 0.53419}
{"epoch": 12, "time_epoch": 2.93616, "eta": 245.26822, "eta_hours": 0.06813, "loss": 0.69161117, "lr": 0.00096489, "params": 5345, "time_iter": 0.07727, "accuracy": 0.51333, "precision": 0.51724, "recall": 0.96154, "f1": 0.67265, "auc": 0.53312}
{"epoch": 13, "time_epoch": 3.36566, "eta": 245.80603, "eta_hours": 0.06828, "loss": 0.69222978, "lr": 0.00095888, "params": 5345, "time_iter": 0.08857, "accuracy": 0.53333, "precision": 0.52817, "recall": 0.96154, "f1": 0.68182, "auc": 0.49199}
{"epoch": 14, "time_epoch": 2.8514, "eta": 242.90923, "eta_hours": 0.06747, "loss": 0.69248375, "lr": 0.00095241, "params": 5345, "time_iter": 0.07504, "accuracy": 0.51333, "precision": 0.51724, "recall": 0.96154, "f1": 0.67265, "auc": 0.50605}
{"epoch": 15, "time_epoch": 2.6938, "eta": 239.19071, "eta_hours": 0.06644, "loss": 0.69284273, "lr": 0.0009455, "params": 5345, "time_iter": 0.07089, "accuracy": 0.52, "precision": 0.52055, "recall": 0.97436, "f1": 0.67857, "auc": 0.48469}
{"epoch": 16, "time_epoch": 2.97888, "eta": 236.98462, "eta_hours": 0.06583, "loss": 0.69132433, "lr": 0.00093815, "params": 5345, "time_iter": 0.07839, "accuracy": 0.52, "precision": 0.52083, "recall": 0.96154, "f1": 0.67568, "auc": 0.5114}
{"epoch": 17, "time_epoch": 2.84046, "eta": 234.06207, "eta_hours": 0.06502, "loss": 0.69060578, "lr": 0.00093037, "params": 5345, "time_iter": 0.07475, "accuracy": 0.53333, "precision": 0.52985, "recall": 0.91026, "f1": 0.66981, "auc": 0.52208}
{"epoch": 18, "time_epoch": 3.24077, "eta": 232.85475, "eta_hours": 0.06468, "loss": 0.69066437, "lr": 0.00092216, "params": 5345, "time_iter": 0.08528, "accuracy": 0.52667, "precision": 0.52593, "recall": 0.91026, "f1": 0.66667, "auc": 0.54291}
{"epoch": 19, "time_epoch": 2.89626, "eta": 230.06604, "eta_hours": 0.06391, "loss": 0.68900174, "lr": 0.00091354, "params": 5345, "time_iter": 0.07622, "accuracy": 0.53333, "precision": 0.52899, "recall": 0.9359, "f1": 0.67593, "auc": 0.5739}
{"epoch": 20, "time_epoch": 2.74167, "eta": 226.68554, "eta_hours": 0.06297, "loss": 0.68841624, "lr": 0.00090451, "params": 5345, "time_iter": 0.07215, "accuracy": 0.56667, "precision": 0.55285, "recall": 0.87179, "f1": 0.67662, "auc": 0.57924}
{"epoch": 21, "time_epoch": 2.77159, "eta": 223.4692, "eta_hours": 0.06207, "loss": 0.68852508, "lr": 0.00089508, "params": 5345, "time_iter": 0.07294, "accuracy": 0.54, "precision": 0.53846, "recall": 0.80769, "f1": 0.64615, "auc": 0.55146}
{"epoch": 22, "time_epoch": 2.74313, "eta": 220.19624, "eta_hours": 0.06117, "loss": 0.68753636, "lr": 0.00088526, "params": 5345, "time_iter": 0.07219, "accuracy": 0.57333, "precision": 0.55833, "recall": 0.85897, "f1": 0.67677, "auc": 0.5609}
{"epoch": 23, "time_epoch": 2.78456, "eta": 217.09863, "eta_hours": 0.06031, "loss": 0.69180537, "lr": 0.00087506, "params": 5345, "time_iter": 0.07328, "accuracy": 0.52, "precision": 0.52632, "recall": 0.76923, "f1": 0.625, "auc": 0.53615}
{"epoch": 24, "time_epoch": 2.91321, "eta": 214.41203, "eta_hours": 0.05956, "loss": 0.68432376, "lr": 0.00086448, "params": 5345, "time_iter": 0.07666, "accuracy": 0.52667, "precision": 0.53153, "recall": 0.75641, "f1": 0.62434, "auc": 0.58422}
{"epoch": 25, "time_epoch": 3.09641, "eta": 212.22941, "eta_hours": 0.05895, "loss": 0.6786149, "lr": 0.00085355, "params": 5345, "time_iter": 0.08148, "accuracy": 0.56667, "precision": 0.56701, "recall": 0.70513, "f1": 0.62857, "auc": 0.59972}
{"epoch": 26, "time_epoch": 2.78274, "eta": 209.13102, "eta_hours": 0.05809, "loss": 0.6831996, "lr": 0.00084227, "params": 5345, "time_iter": 0.07323, "accuracy": 0.57333, "precision": 0.56731, "recall": 0.75641, "f1": 0.64835, "auc": 0.56891}
{"epoch": 27, "time_epoch": 2.68287, "eta": 205.79837, "eta_hours": 0.05717, "loss": 0.67527266, "lr": 0.00083066, "params": 5345, "time_iter": 0.0706, "accuracy": 0.61333, "precision": 0.58929, "recall": 0.84615, "f1": 0.69474, "auc": 0.61912}
{"epoch": 28, "time_epoch": 2.78508, "eta": 202.76078, "eta_hours": 0.05632, "loss": 0.69114268, "lr": 0.00081871, "params": 5345, "time_iter": 0.07329, "accuracy": 0.50667, "precision": 0.51923, "recall": 0.69231, "f1": 0.59341, "auc": 0.5089}
{"epoch": 29, "time_epoch": 3.17757, "eta": 200.65583, "eta_hours": 0.05574, "loss": 0.68365975, "lr": 0.00080645, "params": 5345, "time_iter": 0.08362, "accuracy": 0.55333, "precision": 0.54783, "recall": 0.80769, "f1": 0.65285, "auc": 0.59544}
{"epoch": 30, "time_epoch": 3.14054, "eta": 198.39927, "eta_hours": 0.05511, "loss": 0.68495307, "lr": 0.00079389, "params": 5345, "time_iter": 0.08265, "accuracy": 0.58, "precision": 0.56881, "recall": 0.79487, "f1": 0.6631, "auc": 0.54024}
{"epoch": 31, "time_epoch": 2.68682, "eta": 195.12328, "eta_hours": 0.0542, "loss": 0.68109979, "lr": 0.00078104, "params": 5345, "time_iter": 0.07071, "accuracy": 0.58, "precision": 0.58427, "recall": 0.66667, "f1": 0.62275, "auc": 0.58209}
{"epoch": 32, "time_epoch": 2.65746, "eta": 191.82339, "eta_hours": 0.05328, "loss": 0.69747, "lr": 0.00076791, "params": 5345, "time_iter": 0.06993, "accuracy": 0.52, "precision": 0.53191, "recall": 0.64103, "f1": 0.5814, "auc": 0.49056}
{"epoch": 33, "time_epoch": 2.77163, "eta": 188.78292, "eta_hours": 0.05244, "loss": 0.67772884, "lr": 0.00075452, "params": 5345, "time_iter": 0.07294, "accuracy": 0.57333, "precision": 0.56604, "recall": 0.76923, "f1": 0.65217, "auc": 0.6266}
{"epoch": 34, "time_epoch": 2.74367, "eta": 185.70588, "eta_hours": 0.05158, "loss": 0.69731529, "lr": 0.00074088, "params": 5345, "time_iter": 0.0722, "accuracy": 0.52, "precision": 0.52941, "recall": 0.69231, "f1": 0.6, "auc": 0.48219}
{"epoch": 35, "time_epoch": 2.75138, "eta": 182.66108, "eta_hours": 0.05074, "loss": 0.68125348, "lr": 0.000727, "params": 5345, "time_iter": 0.0724, "accuracy": 0.58, "precision": 0.57009, "recall": 0.78205, "f1": 0.65946, "auc": 0.59081}
{"epoch": 36, "time_epoch": 2.88933, "eta": 179.86701, "eta_hours": 0.04996, "loss": 0.67650719, "lr": 0.00071289, "params": 5345, "time_iter": 0.07603, "accuracy": 0.59333, "precision": 0.57658, "recall": 0.82051, "f1": 0.67725, "auc": 0.60434}
{"epoch": 37, "time_epoch": 2.75763, "eta": 176.85306, "eta_hours": 0.04913, "loss": 0.67131508, "lr": 0.00069857, "params": 5345, "time_iter": 0.07257, "accuracy": 0.58, "precision": 0.56757, "recall": 0.80769, "f1": 0.66667, "auc": 0.62625}
{"epoch": 38, "time_epoch": 2.76738, "eta": 173.8675, "eta_hours": 0.0483, "loss": 0.68812426, "lr": 0.00068406, "params": 5345, "time_iter": 0.07283, "accuracy": 0.56, "precision": 0.56667, "recall": 0.65385, "f1": 0.60714, "auc": 0.54416}
{"epoch": 39, "time_epoch": 2.65091, "eta": 170.71815, "eta_hours": 0.04742, "loss": 0.68710202, "lr": 0.00066937, "params": 5345, "time_iter": 0.06976, "accuracy": 0.55333, "precision": 0.55238, "recall": 0.74359, "f1": 0.63388, "auc": 0.54113}
{"epoch": 40, "time_epoch": 3.09584, "eta": 168.23338, "eta_hours": 0.04673, "loss": 0.68719705, "lr": 0.00065451, "params": 5345, "time_iter": 0.08147, "accuracy": 0.55333, "precision": 0.55556, "recall": 0.70513, "f1": 0.62147, "auc": 0.55217}
{"epoch": 41, "time_epoch": 2.74067, "eta": 165.22904, "eta_hours": 0.0459, "loss": 0.67226256, "lr": 0.0006395, "params": 5345, "time_iter": 0.07212, "accuracy": 0.56667, "precision": 0.5619, "recall": 0.75641, "f1": 0.64481, "auc": 0.59722}
{"epoch": 42, "time_epoch": 2.78961, "eta": 162.30183, "eta_hours": 0.04508, "loss": 0.67644891, "lr": 0.00062434, "params": 5345, "time_iter": 0.07341, "accuracy": 0.58, "precision": 0.57143, "recall": 0.76923, "f1": 0.65574, "auc": 0.59313}
{"epoch": 43, "time_epoch": 2.69376, "eta": 159.25889, "eta_hours": 0.04424, "loss": 0.67489758, "lr": 0.00060907, "params": 5345, "time_iter": 0.07089, "accuracy": 0.57333, "precision": 0.57, "recall": 0.73077, "f1": 0.64045, "auc": 0.61147}
{"epoch": 44, "time_epoch": 2.77036, "eta": 156.32509, "eta_hours": 0.04342, "loss": 0.67306255, "lr": 0.00059369, "params": 5345, "time_iter": 0.0729, "accuracy": 0.58, "precision": 0.57282, "recall": 0.75641, "f1": 0.65193, "auc": 0.5933}
{"epoch": 45, "time_epoch": 2.69584, "eta": 153.31091, "eta_hours": 0.04259, "loss": 0.6734576, "lr": 0.00057822, "params": 5345, "time_iter": 0.07094, "accuracy": 0.59333, "precision": 0.58763, "recall": 0.73077, "f1": 0.65143, "auc": 0.61325}
{"epoch": 46, "time_epoch": 2.79592, "eta": 150.42313, "eta_hours": 0.04178, "loss": 0.68452773, "lr": 0.00056267, "params": 5345, "time_iter": 0.07358, "accuracy": 0.58667, "precision": 0.58, "recall": 0.74359, "f1": 0.65169, "auc": 0.57942}
{"epoch": 47, "time_epoch": 2.75065, "eta": 147.49014, "eta_hours": 0.04097, "loss": 0.67881642, "lr": 0.00054705, "params": 5345, "time_iter": 0.07239, "accuracy": 0.6, "precision": 0.59, "recall": 0.75641, "f1": 0.66292, "auc": 0.58707}
{"epoch": 48, "time_epoch": 2.66288, "eta": 144.47325, "eta_hours": 0.04013, "loss": 0.69850315, "lr": 0.0005314, "params": 5345, "time_iter": 0.07008, "accuracy": 0.5, "precision": 0.51546, "recall": 0.64103, "f1": 0.57143, "auc": 0.50588}
{"epoch": 49, "time_epoch": 2.66597, "eta": 141.4736, "eta_hours": 0.0393, "loss": 0.69076055, "lr": 0.00051571, "params": 5345, "time_iter": 0.07016, "accuracy": 0.53333, "precision": 0.53922, "recall": 0.70513, "f1": 0.61111, "auc": 0.54808}
{"epoch": 50, "time_epoch": 2.63695, "eta": 138.45915, "eta_hours": 0.03846, "loss": 0.70165971, "lr": 0.0005, "params": 5345, "time_iter": 0.06939, "accuracy": 0.48667, "precision": 0.50495, "recall": 0.65385, "f1": 0.56983, "auc": 0.48113}
{"epoch": 51, "time_epoch": 3.11799, "eta": 135.90326, "eta_hours": 0.03775, "loss": 0.67657198, "lr": 0.00048429, "params": 5345, "time_iter": 0.08205, "accuracy": 0.56667, "precision": 0.56311, "recall": 0.74359, "f1": 0.64088, "auc": 0.58494}
{"epoch": 52, "time_epoch": 3.12589, "eta": 133.33316, "eta_hours": 0.03704, "loss": 0.67823722, "lr": 0.0004686, "params": 5345, "time_iter": 0.08226, "accuracy": 0.58, "precision": 0.57282, "recall": 0.75641, "f1": 0.65193, "auc": 0.57568}
{"epoch": 53, "time_epoch": 3.09576, "eta": 130.71682, "eta_hours": 0.03631, "loss": 0.68355611, "lr": 0.00045295, "params": 5345, "time_iter": 0.08147, "accuracy": 0.58, "precision": 0.56522, "recall": 0.83333, "f1": 0.67358, "auc": 0.55075}
{"epoch": 54, "time_epoch": 2.74566, "eta": 127.7966, "eta_hours": 0.0355, "loss": 0.68268446, "lr": 0.00043733, "params": 5345, "time_iter": 0.07225, "accuracy": 0.58, "precision": 0.57143, "recall": 0.76923, "f1": 0.65574, "auc": 0.55021}
{"epoch": 55, "time_epoch": 2.57142, "eta": 124.74571, "eta_hours": 0.03465, "loss": 0.67173954, "lr": 0.00042178, "params": 5345, "time_iter": 0.06767, "accuracy": 0.58, "precision": 0.57576, "recall": 0.73077, "f1": 0.64407, "auc": 0.60078}
{"epoch": 56, "time_epoch": 2.75563, "eta": 121.85061, "eta_hours": 0.03385, "loss": 0.66640227, "lr": 0.00040631, "params": 5345, "time_iter": 0.07252, "accuracy": 0.57333, "precision": 0.57, "recall": 0.73077, "f1": 0.64045, "auc": 0.62963}
{"epoch": 57, "time_epoch": 2.7696, "eta": 118.97043, "eta_hours": 0.03305, "loss": 0.67896577, "lr": 0.00039093, "params": 5345, "time_iter": 0.07288, "accuracy": 0.55333, "precision": 0.55238, "recall": 0.74359, "f1": 0.63388, "auc": 0.57639}
{"epoch": 58, "time_epoch": 2.619, "eta": 115.98934, "eta_hours": 0.03222, "loss": 0.68213163, "lr": 0.00037566, "params": 5345, "time_iter": 0.06892, "accuracy": 0.56, "precision": 0.56122, "recall": 0.70513, "f1": 0.625, "auc": 0.54647}
{"epoch": 59, "time_epoch": 2.67784, "eta": 113.05956, "eta_hours": 0.03141, "loss": 0.68310402, "lr": 0.0003605, "params": 5345, "time_iter": 0.07047, "accuracy": 0.56667, "precision": 0.56566, "recall": 0.71795, "f1": 0.63277, "auc": 0.56944}
{"epoch": 60, "time_epoch": 2.75663, "eta": 110.18841, "eta_hours": 0.03061, "loss": 0.68730932, "lr": 0.00034549, "params": 5345, "time_iter": 0.07254, "accuracy": 0.54667, "precision": 0.55, "recall": 0.70513, "f1": 0.61798, "auc": 0.55235}
{"epoch": 61, "time_epoch": 2.71315, "eta": 107.2943, "eta_hours": 0.0298, "loss": 0.67740337, "lr": 0.00033063, "params": 5345, "time_iter": 0.0714, "accuracy": 0.57333, "precision": 0.56863, "recall": 0.74359, "f1": 0.64444, "auc": 0.58618}
{"epoch": 62, "time_epoch": 2.63197, "eta": 104.35826, "eta_hours": 0.02899, "loss": 0.6815131, "lr": 0.00031594, "params": 5345, "time_iter": 0.06926, "accuracy": 0.57333, "precision": 0.56604, "recall": 0.76923, "f1": 0.65217, "auc": 0.56108}
{"epoch": 63, "time_epoch": 2.66189, "eta": 101.44855, "eta_hours": 0.02818, "loss": 0.6660425, "lr": 0.00030143, "params": 5345, "time_iter": 0.07005, "accuracy": 0.64, "precision": 0.61538, "recall": 0.82051, "f1": 0.7033, "auc": 0.64566}
{"epoch": 64, "time_epoch": 3.41466, "eta": 98.9518, "eta_hours": 0.02749, "loss": 0.6804932, "lr": 0.00028711, "params": 5345, "time_iter": 0.08986, "accuracy": 0.54667, "precision": 0.55102, "recall": 0.69231, "f1": 0.61364, "auc": 0.57728}
{"epoch": 65, "time_epoch": 4.3025, "eta": 96.88462, "eta_hours": 0.02691, "loss": 0.6938112, "lr": 0.000273, "params": 5345, "time_iter": 0.11322, "accuracy": 0.54, "precision": 0.54945, "recall": 0.64103, "f1": 0.59172, "auc": 0.52422}
{"epoch": 66, "time_epoch": 4.80896, "eta": 95.00015, "eta_hours": 0.02639, "loss": 0.69041315, "lr": 0.00025912, "params": 5345, "time_iter": 0.12655, "accuracy": 0.54667, "precision": 0.54808, "recall": 0.73077, "f1": 0.62637, "auc": 0.52742}
{"epoch": 67, "time_epoch": 4.51287, "eta": 92.89034, "eta_hours": 0.0258, "loss": 0.68268525, "lr": 0.00024548, "params": 5345, "time_iter": 0.11876, "accuracy": 0.58, "precision": 0.56637, "recall": 0.82051, "f1": 0.67016, "auc": 0.57372}
{"epoch": 68, "time_epoch": 3.28238, "eta": 90.15804, "eta_hours": 0.02504, "loss": 0.68477662, "lr": 0.00023209, "params": 5345, "time_iter": 0.08638, "accuracy": 0.56, "precision": 0.56, "recall": 0.71795, "f1": 0.62921, "auc": 0.5641}
{"epoch": 69, "time_epoch": 2.73868, "eta": 87.17701, "eta_hours": 0.02422, "loss": 0.67844974, "lr": 0.00021896, "params": 5345, "time_iter": 0.07207, "accuracy": 0.58, "precision": 0.57009, "recall": 0.78205, "f1": 0.65946, "auc": 0.5787}
{"epoch": 70, "time_epoch": 2.73569, "eta": 84.20159, "eta_hours": 0.02339, "loss": 0.68353149, "lr": 0.00020611, "params": 5345, "time_iter": 0.07199, "accuracy": 0.55333, "precision": 0.55556, "recall": 0.70513, "f1": 0.62147, "auc": 0.55609}
{"epoch": 71, "time_epoch": 2.77359, "eta": 81.24756, "eta_hours": 0.02257, "loss": 0.6907863, "lr": 0.00019355, "params": 5345, "time_iter": 0.07299, "accuracy": 0.56, "precision": 0.55882, "recall": 0.73077, "f1": 0.63333, "auc": 0.55484}
{"epoch": 72, "time_epoch": 2.96707, "eta": 78.37004, "eta_hours": 0.02177, "loss": 0.67370236, "lr": 0.00018129, "params": 5345, "time_iter": 0.07808, "accuracy": 0.59333, "precision": 0.57944, "recall": 0.79487, "f1": 0.67027, "auc": 0.60167}
{"epoch": 73, "time_epoch": 4.17285, "eta": 75.91375, "eta_hours": 0.02109, "loss": 0.69137866, "lr": 0.00016934, "params": 5345, "time_iter": 0.10981, "accuracy": 0.51333, "precision": 0.52525, "recall": 0.66667, "f1": 0.58757, "auc": 0.52333}
{"epoch": 74, "time_epoch": 4.26261, "eta": 73.44161, "eta_hours": 0.0204, "loss": 0.67527264, "lr": 0.00015773, "params": 5345, "time_iter": 0.11217, "accuracy": 0.57333, "precision": 0.56731, "recall": 0.75641, "f1": 0.64835, "auc": 0.58244}
{"epoch": 75, "time_epoch": 2.82246, "eta": 70.46756, "eta_hours": 0.01957, "loss": 0.68487073, "lr": 0.00014645, "params": 5345, "time_iter": 0.07428, "accuracy": 0.55333, "precision": 0.55446, "recall": 0.71795, "f1": 0.6257, "auc": 0.53419}
{"epoch": 76, "time_epoch": 2.71075, "eta": 67.46409, "eta_hours": 0.01874, "loss": 0.67119114, "lr": 0.00013552, "params": 5345, "time_iter": 0.07134, "accuracy": 0.56, "precision": 0.55769, "recall": 0.74359, "f1": 0.63736, "auc": 0.62411}
{"epoch": 77, "time_epoch": 2.81348, "eta": 64.49709, "eta_hours": 0.01792, "loss": 0.66529909, "lr": 0.00012494, "params": 5345, "time_iter": 0.07404, "accuracy": 0.57333, "precision": 0.56731, "recall": 0.75641, "f1": 0.64835, "auc": 0.62963}
{"epoch": 78, "time_epoch": 4.25463, "eta": 61.91708, "eta_hours": 0.0172, "loss": 0.68965624, "lr": 0.00011474, "params": 5345, "time_iter": 0.11196, "accuracy": 0.52667, "precision": 0.53333, "recall": 0.71795, "f1": 0.61202, "auc": 0.51816}
{"epoch": 79, "time_epoch": 4.33641, "eta": 59.31564, "eta_hours": 0.01648, "loss": 0.6818286, "lr": 0.00010492, "params": 5345, "time_iter": 0.11412, "accuracy": 0.58667, "precision": 0.57692, "recall": 0.76923, "f1": 0.65934, "auc": 0.57924}
{"epoch": 80, "time_epoch": 4.07411, "eta": 56.60984, "eta_hours": 0.01572, "loss": 0.67493455, "lr": 9.549e-05, "params": 5345, "time_iter": 0.10721, "accuracy": 0.56667, "precision": 0.5619, "recall": 0.75641, "f1": 0.64481, "auc": 0.57016}
{"epoch": 81, "time_epoch": 2.72273, "eta": 53.57401, "eta_hours": 0.01488, "loss": 0.69782793, "lr": 8.646e-05, "params": 5345, "time_iter": 0.07165, "accuracy": 0.52, "precision": 0.52778, "recall": 0.73077, "f1": 0.6129, "auc": 0.4959}
{"epoch": 82, "time_epoch": 2.74566, "eta": 50.55043, "eta_hours": 0.01404, "loss": 0.68871899, "lr": 7.784e-05, "params": 5345, "time_iter": 0.07225, "accuracy": 0.51333, "precision": 0.52294, "recall": 0.73077, "f1": 0.60963, "auc": 0.52635}
{"epoch": 83, "time_epoch": 2.72272, "eta": 47.5291, "eta_hours": 0.0132, "loss": 0.69318041, "lr": 6.963e-05, "params": 5345, "time_iter": 0.07165, "accuracy": 0.54, "precision": 0.54639, "recall": 0.67949, "f1": 0.60571, "auc": 0.51193}
{"epoch": 84, "time_epoch": 3.86467, "eta": 44.71631, "eta_hours": 0.01242, "loss": 0.69074539, "lr": 6.185e-05, "params": 5345, "time_iter": 0.1017, "accuracy": 0.51333, "precision": 0.52427, "recall": 0.69231, "f1": 0.59669, "auc": 0.51478}
{"epoch": 85, "time_epoch": 3.82777, "eta": 41.87306, "eta_hours": 0.01163, "loss": 0.68320349, "lr": 5.45e-05, "params": 5345, "time_iter": 0.10073, "accuracy": 0.52, "precision": 0.52885, "recall": 0.70513, "f1": 0.6044, "auc": 0.5755}
{"epoch": 86, "time_epoch": 3.46474, "eta": 38.95292, "eta_hours": 0.01082, "loss": 0.67563077, "lr": 4.759e-05, "params": 5345, "time_iter": 0.09118, "accuracy": 0.57333, "precision": 0.56863, "recall": 0.74359, "f1": 0.64444, "auc": 0.58262}
{"epoch": 87, "time_epoch": 3.20444, "eta": 35.98492, "eta_hours": 0.01, "loss": 0.67786816, "lr": 4.112e-05, "params": 5345, "time_iter": 0.08433, "accuracy": 0.56667, "precision": 0.56436, "recall": 0.73077, "f1": 0.63687, "auc": 0.58084}
{"epoch": 88, "time_epoch": 3.10271, "eta": 32.99902, "eta_hours": 0.00917, "loss": 0.69520551, "lr": 3.511e-05, "params": 5345, "time_iter": 0.08165, "accuracy": 0.57333, "precision": 0.56731, "recall": 0.75641, "f1": 0.64835, "auc": 0.52244}
{"epoch": 89, "time_epoch": 2.72771, "eta": 29.96887, "eta_hours": 0.00832, "loss": 0.67700989, "lr": 2.956e-05, "params": 5345, "time_iter": 0.07178, "accuracy": 0.56667, "precision": 0.56566, "recall": 0.71795, "f1": 0.63277, "auc": 0.59491}
{"epoch": 90, "time_epoch": 2.7297, "eta": 26.94556, "eta_hours": 0.00748, "loss": 0.68751433, "lr": 2.447e-05, "params": 5345, "time_iter": 0.07183, "accuracy": 0.53333, "precision": 0.54167, "recall": 0.66667, "f1": 0.5977, "auc": 0.55235}
{"epoch": 91, "time_epoch": 3.58742, "eta": 24.00321, "eta_hours": 0.00667, "loss": 0.67170315, "lr": 1.985e-05, "params": 5345, "time_iter": 0.09441, "accuracy": 0.57333, "precision": 0.56731, "recall": 0.75641, "f1": 0.64835, "auc": 0.58868}
{"epoch": 92, "time_epoch": 4.25264, "eta": 21.09706, "eta_hours": 0.00586, "loss": 0.67632216, "lr": 1.571e-05, "params": 5345, "time_iter": 0.11191, "accuracy": 0.57333, "precision": 0.56731, "recall": 0.75641, "f1": 0.64835, "auc": 0.58814}
{"epoch": 93, "time_epoch": 4.02625, "eta": 18.14782, "eta_hours": 0.00504, "loss": 0.68377071, "lr": 1.204e-05, "params": 5345, "time_iter": 0.10595, "accuracy": 0.55333, "precision": 0.5534, "recall": 0.73077, "f1": 0.62983, "auc": 0.54363}
{"epoch": 94, "time_epoch": 3.86567, "eta": 15.16745, "eta_hours": 0.00421, "loss": 0.67451371, "lr": 8.86e-06, "params": 5345, "time_iter": 0.10173, "accuracy": 0.6, "precision": 0.59184, "recall": 0.74359, "f1": 0.65909, "auc": 0.60132}
{"epoch": 95, "time_epoch": 3.91952, "eta": 12.17088, "eta_hours": 0.00338, "loss": 0.6738688, "lr": 6.16e-06, "params": 5345, "time_iter": 0.10315, "accuracy": 0.57333, "precision": 0.57143, "recall": 0.71795, "f1": 0.63636, "auc": 0.586}
{"epoch": 96, "time_epoch": 3.83176, "eta": 9.15256, "eta_hours": 0.00254, "loss": 0.66598459, "lr": 3.94e-06, "params": 5345, "time_iter": 0.10084, "accuracy": 0.62667, "precision": 0.60577, "recall": 0.80769, "f1": 0.69231, "auc": 0.65545}
{"epoch": 97, "time_epoch": 3.87564, "eta": 6.11854, "eta_hours": 0.0017, "loss": 0.67127456, "lr": 2.22e-06, "params": 5345, "time_iter": 0.10199, "accuracy": 0.58, "precision": 0.57426, "recall": 0.74359, "f1": 0.64804, "auc": 0.60274}
{"epoch": 98, "time_epoch": 3.94849, "eta": 3.06825, "eta_hours": 0.00085, "loss": 0.67591954, "lr": 9.9e-07, "params": 5345, "time_iter": 0.10391, "accuracy": 0.58667, "precision": 0.58, "recall": 0.74359, "f1": 0.65169, "auc": 0.6031}
{"epoch": 99, "time_epoch": 3.92852, "eta": 0.0, "eta_hours": 0.0, "loss": 0.68656708, "lr": 2.5e-07, "params": 5345, "time_iter": 0.10338, "accuracy": 0.6, "precision": 0.58491, "recall": 0.79487, "f1": 0.67391, "auc": 0.53259}
