{"epoch": 84, "time_epoch": 32.92227, "time_epoch_std": 0.58645, "eta": 445.8919, "eta_std": 358.60382, "eta_hours": 0.12386, "eta_hours_std": 0.09961, "loss": 0.53271, "loss_std": 0.00575, "lr": 8e-05, "lr_std": 9e-05, "params": 5865.0, "params_std": 0.0, "time_iter": 0.06405, "time_iter_std": 0.00114, "accuracy": 0.76034, "accuracy_std": 0.00471, "accuracy_max": 0.76728, "precision": 0.75683, "precision_std": 0.00727, "recall": 0.77083, "recall_std": 0.01143, "f1": 0.76369, "f1_std": 0.00522, "auc": 0.83741, "auc_std": 0.00236}
