{"epoch": 0, "time_epoch": 21.35535, "eta": 2114.17923, "eta_hours": 0.58727, "loss": 0.64787138, "lr": 0.001, "params": 5321, "time_iter": 0.15364, "accuracy": 0.66187, "precision": 0.70833, "recall": 0.23394, "f1": 0.35172, "auc": 0.69812}
{"epoch": 1, "time_epoch": 8.79289, "eta": 1477.26355, "eta_hours": 0.41035, "loss": 0.6081249, "lr": 0.00099975, "params": 5321, "time_iter": 0.06326, "accuracy": 0.69604, "precision": 0.66443, "recall": 0.45413, "f1": 0.53951, "auc": 0.70962}
{"epoch": 2, "time_epoch": 8.75526, "eta": 1257.87984, "eta_hours": 0.34941, "loss": 0.60348942, "lr": 0.00099901, "params": 5321, "time_iter": 0.06299, "accuracy": 0.70504, "precision": 0.70769, "recall": 0.42202, "f1": 0.52874, "auc": 0.71398}
{"epoch": 3, "time_epoch": 8.75131, "eta": 1143.71533, "eta_hours": 0.3177, "loss": 0.59823041, "lr": 0.00099778, "params": 5321, "time_iter": 0.06296, "accuracy": 0.72122, "precision": 0.7234, "recall": 0.46789, "f1": 0.56825, "auc": 0.7442}
{"epoch": 4, "time_epoch": 8.80039, "eta": 1072.64864, "eta_hours": 0.29796, "loss": 0.57123633, "lr": 0.00099606, "params": 5321, "time_iter": 0.06331, "accuracy": 0.71403, "precision": 0.69536, "recall": 0.48165, "f1": 0.56911, "auc": 0.74548}
{"epoch": 5, "time_epoch": 8.76346, "eta": 1021.75893, "eta_hours": 0.28382, "loss": 0.56088991, "lr": 0.00099384, "params": 5321, "time_iter": 0.06305, "accuracy": 0.7464, "precision": 0.73913, "recall": 0.54587, "f1": 0.62797, "auc": 0.77135}
{"epoch": 6, "time_epoch": 8.74982, "eta": 982.72398, "eta_hours": 0.27298, "loss": 0.61529216, "lr": 0.00099114, "params": 5321, "time_iter": 0.06295, "accuracy": 0.72662, "precision": 0.6875, "recall": 0.55505, "f1": 0.61421, "auc": 0.76091}
{"epoch": 7, "time_epoch": 8.78152, "eta": 951.62489, "eta_hours": 0.26434, "loss": 0.56370028, "lr": 0.00098796, "params": 5321, "time_iter": 0.06318, "accuracy": 0.73022, "precision": 0.72078, "recall": 0.50917, "f1": 0.59677, "auc": 0.76999}
{"epoch": 8, "time_epoch": 8.76845, "eta": 925.3531, "eta_hours": 0.25704, "loss": 0.57360396, "lr": 0.00098429, "params": 5321, "time_iter": 0.06308, "accuracy": 0.74101, "precision": 0.7033, "recall": 0.58716, "f1": 0.64, "auc": 0.76729}
{"epoch": 9, "time_epoch": 8.76469, "eta": 902.54815, "eta_hours": 0.25071, "loss": 0.55916202, "lr": 0.00098015, "params": 5321, "time_iter": 0.06306, "accuracy": 0.7482, "precision": 0.74074, "recall": 0.55046, "f1": 0.63158, "auc": 0.78317}
{"epoch": 10, "time_epoch": 8.73731, "eta": 882.07445, "eta_hours": 0.24502, "loss": 0.58089858, "lr": 0.00097553, "params": 5321, "time_iter": 0.06286, "accuracy": 0.73921, "precision": 0.72393, "recall": 0.54128, "f1": 0.61942, "auc": 0.76549}
{"epoch": 11, "time_epoch": 8.75838, "eta": 863.71131, "eta_hours": 0.23992, "loss": 0.53669824, "lr": 0.00097044, "params": 5321, "time_iter": 0.06301, "accuracy": 0.76619, "precision": 0.7619, "recall": 0.58716, "f1": 0.66321, "auc": 0.77713}
{"epoch": 12, "time_epoch": 8.77385, "eta": 846.92938, "eta_hours": 0.23526, "loss": 0.58726993, "lr": 0.00096489, "params": 5321, "time_iter": 0.06312, "accuracy": 0.7482, "precision": 0.72159, "recall": 0.58257, "f1": 0.64467, "auc": 0.77209}
{"epoch": 13, "time_epoch": 8.75771, "eta": 831.19231, "eta_hours": 0.23089, "loss": 0.55879085, "lr": 0.00095888, "params": 5321, "time_iter": 0.06301, "accuracy": 0.7518, "precision": 0.7439, "recall": 0.55963, "f1": 0.63874, "auc": 0.78216}
{"epoch": 14, "time_epoch": 8.75985, "eta": 816.39795, "eta_hours": 0.22678, "loss": 0.54394187, "lr": 0.00095241, "params": 5321, "time_iter": 0.06302, "accuracy": 0.7536, "precision": 0.73143, "recall": 0.58716, "f1": 0.6514, "auc": 0.78427}
{"epoch": 15, "time_epoch": 8.75073, "eta": 802.31004, "eta_hours": 0.22286, "loss": 0.56906768, "lr": 0.0009455, "params": 5321, "time_iter": 0.06295, "accuracy": 0.7446, "precision": 0.74675, "recall": 0.52752, "f1": 0.61828, "auc": 0.74268}
{"epoch": 16, "time_epoch": 8.77294, "eta": 788.95844, "eta_hours": 0.21916, "loss": 0.55432159, "lr": 0.00093815, "params": 5321, "time_iter": 0.06311, "accuracy": 0.75, "precision": 0.72316, "recall": 0.58716, "f1": 0.6481, "auc": 0.76641}
{"epoch": 17, "time_epoch": 8.76124, "eta": 776.06228, "eta_hours": 0.21557, "loss": 0.59251291, "lr": 0.00093037, "params": 5321, "time_iter": 0.06303, "accuracy": 0.7464, "precision": 0.72781, "recall": 0.56422, "f1": 0.63566, "auc": 0.74924}
{"epoch": 18, "time_epoch": 8.76465, "eta": 763.61593, "eta_hours": 0.21212, "loss": 0.60188904, "lr": 0.00092216, "params": 5321, "time_iter": 0.06306, "accuracy": 0.7536, "precision": 0.74545, "recall": 0.56422, "f1": 0.6423, "auc": 0.7562}
{"epoch": 19, "time_epoch": 8.76697, "eta": 751.54701, "eta_hours": 0.20876, "loss": 0.56139739, "lr": 0.00091354, "params": 5321, "time_iter": 0.06307, "accuracy": 0.76799, "precision": 0.75429, "recall": 0.6055, "f1": 0.67176, "auc": 0.80201}
{"epoch": 20, "time_epoch": 8.75903, "eta": 739.7627, "eta_hours": 0.20549, "loss": 0.53921636, "lr": 0.00090451, "params": 5321, "time_iter": 0.06301, "accuracy": 0.76978, "precision": 0.75281, "recall": 0.61468, "f1": 0.67677, "auc": 0.79711}
{"epoch": 21, "time_epoch": 8.73854, "eta": 728.18079, "eta_hours": 0.20227, "loss": 0.57242886, "lr": 0.00089508, "params": 5321, "time_iter": 0.06287, "accuracy": 0.7536, "precision": 0.76471, "recall": 0.5367, "f1": 0.63073, "auc": 0.77113}
{"epoch": 22, "time_epoch": 8.76179, "eta": 716.92395, "eta_hours": 0.19915, "loss": 0.56448147, "lr": 0.00088526, "params": 5321, "time_iter": 0.06303, "accuracy": 0.7518, "precision": 0.73256, "recall": 0.57798, "f1": 0.64615, "auc": 0.76363}
{"epoch": 23, "time_epoch": 8.71283, "eta": 705.71999, "eta_hours": 0.19603, "loss": 0.54820094, "lr": 0.00087506, "params": 5321, "time_iter": 0.06268, "accuracy": 0.76619, "precision": 0.7619, "recall": 0.58716, "f1": 0.66321, "auc": 0.78995}
{"epoch": 24, "time_epoch": 8.71383, "eta": 694.71831, "eta_hours": 0.19298, "loss": 0.58525867, "lr": 0.00086448, "params": 5321, "time_iter": 0.06269, "accuracy": 0.7554, "precision": 0.74118, "recall": 0.57798, "f1": 0.64948, "auc": 0.78021}
{"epoch": 25, "time_epoch": 8.72339, "eta": 683.91983, "eta_hours": 0.18998, "loss": 0.56275523, "lr": 0.00085355, "params": 5321, "time_iter": 0.06276, "accuracy": 0.7446, "precision": 0.7375, "recall": 0.54128, "f1": 0.62434, "auc": 0.76949}
{"epoch": 26, "time_epoch": 8.71714, "eta": 673.25817, "eta_hours": 0.18702, "loss": 0.54872915, "lr": 0.00084227, "params": 5321, "time_iter": 0.06271, "accuracy": 0.7482, "precision": 0.75658, "recall": 0.52752, "f1": 0.62162, "auc": 0.7748}
{"epoch": 27, "time_epoch": 8.72421, "eta": 662.75357, "eta_hours": 0.1841, "loss": 0.52064877, "lr": 0.00083066, "params": 5321, "time_iter": 0.06276, "accuracy": 0.77158, "precision": 0.79355, "recall": 0.56422, "f1": 0.65952, "auc": 0.79613}
{"epoch": 28, "time_epoch": 8.72892, "eta": 652.3833, "eta_hours": 0.18122, "loss": 0.54793805, "lr": 0.00081871, "params": 5321, "time_iter": 0.0628, "accuracy": 0.75899, "precision": 0.73077, "recall": 0.61009, "f1": 0.665, "auc": 0.82052}
{"epoch": 29, "time_epoch": 8.74748, "eta": 642.16577, "eta_hours": 0.17838, "loss": 0.55470893, "lr": 0.00080645, "params": 5321, "time_iter": 0.06293, "accuracy": 0.7464, "precision": 0.71508, "recall": 0.58716, "f1": 0.64484, "auc": 0.80315}
{"epoch": 30, "time_epoch": 8.7279, "eta": 631.9995, "eta_hours": 0.17556, "loss": 0.55901506, "lr": 0.00079389, "params": 5321, "time_iter": 0.06279, "accuracy": 0.7536, "precision": 0.71429, "recall": 0.61927, "f1": 0.66339, "auc": 0.80628}
{"epoch": 31, "time_epoch": 8.7222, "eta": 621.911, "eta_hours": 0.17275, "loss": 0.5481052, "lr": 0.00078104, "params": 5321, "time_iter": 0.06275, "accuracy": 0.76079, "precision": 0.74854, "recall": 0.58716, "f1": 0.6581, "auc": 0.81689}
{"epoch": 32, "time_epoch": 8.7304, "eta": 611.92196, "eta_hours": 0.16998, "loss": 0.52282365, "lr": 0.00076791, "params": 5321, "time_iter": 0.06281, "accuracy": 0.76439, "precision": 0.77019, "recall": 0.56881, "f1": 0.65435, "auc": 0.809}
{"epoch": 33, "time_epoch": 8.72178, "eta": 601.99023, "eta_hours": 0.16722, "loss": 0.56706318, "lr": 0.00075452, "params": 5321, "time_iter": 0.06275, "accuracy": 0.7464, "precision": 0.71751, "recall": 0.58257, "f1": 0.64304, "auc": 0.80574}
{"epoch": 34, "time_epoch": 8.70559, "eta": 592.09758, "eta_hours": 0.16447, "loss": 0.525392, "lr": 0.00074088, "params": 5321, "time_iter": 0.06263, "accuracy": 0.77158, "precision": 0.76923, "recall": 0.59633, "f1": 0.67183, "auc": 0.83091}
{"epoch": 35, "time_epoch": 8.71404, "eta": 582.28589, "eta_hours": 0.16175, "loss": 0.53860471, "lr": 0.000727, "params": 5321, "time_iter": 0.06269, "accuracy": 0.75, "precision": 0.71351, "recall": 0.6055, "f1": 0.65509, "auc": 0.81896}
{"epoch": 36, "time_epoch": 8.7291, "eta": 572.55917, "eta_hours": 0.15904, "loss": 0.5341271, "lr": 0.00071289, "params": 5321, "time_iter": 0.0628, "accuracy": 0.7446, "precision": 0.71591, "recall": 0.57798, "f1": 0.63959, "auc": 0.81326}
{"epoch": 37, "time_epoch": 8.73768, "eta": 562.89895, "eta_hours": 0.15636, "loss": 0.52553246, "lr": 0.00069857, "params": 5321, "time_iter": 0.06286, "accuracy": 0.76619, "precision": 0.75581, "recall": 0.59633, "f1": 0.66667, "auc": 0.82121}
{"epoch": 38, "time_epoch": 8.72406, "eta": 553.26475, "eta_hours": 0.15368, "loss": 0.57167535, "lr": 0.00068406, "params": 5321, "time_iter": 0.06276, "accuracy": 0.77518, "precision": 0.75978, "recall": 0.62385, "f1": 0.68514, "auc": 0.81351}
{"epoch": 39, "time_epoch": 8.71688, "eta": 543.66528, "eta_hours": 0.15102, "loss": 0.5496884, "lr": 0.00066937, "params": 5321, "time_iter": 0.06271, "accuracy": 0.76619, "precision": 0.73404, "recall": 0.63303, "f1": 0.6798, "auc": 0.81174}
{"epoch": 40, "time_epoch": 8.72762, "eta": 534.12433, "eta_hours": 0.14837, "loss": 0.53526415, "lr": 0.00065451, "params": 5321, "time_iter": 0.06279, "accuracy": 0.76439, "precision": 0.75439, "recall": 0.59174, "f1": 0.66324, "auc": 0.80723}
{"epoch": 41, "time_epoch": 8.71977, "eta": 524.61126, "eta_hours": 0.14573, "loss": 0.52648923, "lr": 0.0006395, "params": 5321, "time_iter": 0.06273, "accuracy": 0.76978, "precision": 0.74725, "recall": 0.62385, "f1": 0.68, "auc": 0.82395}
{"epoch": 42, "time_epoch": 8.73769, "eta": 515.15885, "eta_hours": 0.1431, "loss": 0.56135888, "lr": 0.00062434, "params": 5321, "time_iter": 0.06286, "accuracy": 0.7554, "precision": 0.72043, "recall": 0.61468, "f1": 0.66337, "auc": 0.80587}
{"epoch": 43, "time_epoch": 8.71458, "eta": 505.70951, "eta_hours": 0.14047, "loss": 0.53726408, "lr": 0.00060907, "params": 5321, "time_iter": 0.06269, "accuracy": 0.76439, "precision": 0.74033, "recall": 0.61468, "f1": 0.67168, "auc": 0.82493}
{"epoch": 44, "time_epoch": 8.72395, "eta": 496.30427, "eta_hours": 0.13786, "loss": 0.5313247, "lr": 0.00059369, "params": 5321, "time_iter": 0.06276, "accuracy": 0.77338, "precision": 0.76136, "recall": 0.61468, "f1": 0.6802, "auc": 0.82072}
{"epoch": 45, "time_epoch": 8.75593, "eta": 486.9662, "eta_hours": 0.13527, "loss": 0.5418769, "lr": 0.00057822, "params": 5321, "time_iter": 0.06299, "accuracy": 0.77158, "precision": 0.73333, "recall": 0.65596, "f1": 0.69249, "auc": 0.83047}
{"epoch": 46, "time_epoch": 8.71275, "eta": 477.60421, "eta_hours": 0.13267, "loss": 0.53941284, "lr": 0.00056267, "params": 5321, "time_iter": 0.06268, "accuracy": 0.77698, "precision": 0.76404, "recall": 0.62385, "f1": 0.68687, "auc": 0.827}
{"epoch": 47, "time_epoch": 8.70755, "eta": 468.26364, "eta_hours": 0.13007, "loss": 0.51626474, "lr": 0.00054705, "params": 5321, "time_iter": 0.06264, "accuracy": 0.77698, "precision": 0.76111, "recall": 0.62844, "f1": 0.68844, "auc": 0.82434}
{"epoch": 48, "time_epoch": 8.71209, "eta": 458.95363, "eta_hours": 0.12749, "loss": 0.54102433, "lr": 0.0005314, "params": 5321, "time_iter": 0.06268, "accuracy": 0.76978, "precision": 0.74194, "recall": 0.63303, "f1": 0.68317, "auc": 0.82292}
{"epoch": 49, "time_epoch": 8.72092, "eta": 449.67637, "eta_hours": 0.12491, "loss": 0.51685452, "lr": 0.00051571, "params": 5321, "time_iter": 0.06274, "accuracy": 0.75899, "precision": 0.71212, "recall": 0.64679, "f1": 0.67788, "auc": 0.82992}
{"epoch": 50, "time_epoch": 8.71157, "eta": 440.41195, "eta_hours": 0.12234, "loss": 0.50490469, "lr": 0.0005, "params": 5321, "time_iter": 0.06267, "accuracy": 0.78058, "precision": 0.76966, "recall": 0.62844, "f1": 0.69192, "auc": 0.83674}
{"epoch": 51, "time_epoch": 8.7162, "eta": 431.17306, "eta_hours": 0.11977, "loss": 0.52480751, "lr": 0.00048429, "params": 5321, "time_iter": 0.06271, "accuracy": 0.78417, "precision": 0.75789, "recall": 0.66055, "f1": 0.70588, "auc": 0.83585}
{"epoch": 52, "time_epoch": 8.72766, "eta": 421.96405, "eta_hours": 0.11721, "loss": 0.52161463, "lr": 0.0004686, "params": 5321, "time_iter": 0.06279, "accuracy": 0.77518, "precision": 0.75135, "recall": 0.63761, "f1": 0.68983, "auc": 0.82945}
{"epoch": 53, "time_epoch": 8.71031, "eta": 412.7581, "eta_hours": 0.11466, "loss": 0.50905137, "lr": 0.00045295, "params": 5321, "time_iter": 0.06266, "accuracy": 0.77698, "precision": 0.75269, "recall": 0.6422, "f1": 0.69307, "auc": 0.83614}
{"epoch": 54, "time_epoch": 8.71849, "eta": 403.57686, "eta_hours": 0.1121, "loss": 0.50004654, "lr": 0.00043733, "params": 5321, "time_iter": 0.06272, "accuracy": 0.77878, "precision": 0.75676, "recall": 0.6422, "f1": 0.69479, "auc": 0.83649}
{"epoch": 55, "time_epoch": 8.70073, "eta": 394.39819, "eta_hours": 0.10956, "loss": 0.5269959, "lr": 0.00042178, "params": 5321, "time_iter": 0.0626, "accuracy": 0.77158, "precision": 0.75706, "recall": 0.61468, "f1": 0.67848, "auc": 0.83087}
{"epoch": 56, "time_epoch": 8.72312, "eta": 385.25318, "eta_hours": 0.10701, "loss": 0.5150523, "lr": 0.00040631, "params": 5321, "time_iter": 0.06276, "accuracy": 0.77698, "precision": 0.75543, "recall": 0.63761, "f1": 0.69154, "auc": 0.8499}
{"epoch": 57, "time_epoch": 8.71595, "eta": 376.11753, "eta_hours": 0.10448, "loss": 0.53984136, "lr": 0.00039093, "params": 5321, "time_iter": 0.0627, "accuracy": 0.76799, "precision": 0.74586, "recall": 0.61927, "f1": 0.67669, "auc": 0.83382}
{"epoch": 58, "time_epoch": 8.71442, "eta": 366.99505, "eta_hours": 0.10194, "loss": 0.50926934, "lr": 0.00037566, "params": 5321, "time_iter": 0.06269, "accuracy": 0.78237, "precision": 0.76503, "recall": 0.6422, "f1": 0.69825, "auc": 0.83672}
{"epoch": 59, "time_epoch": 8.71188, "eta": 357.88447, "eta_hours": 0.09941, "loss": 0.50449744, "lr": 0.0003605, "params": 5321, "time_iter": 0.06268, "accuracy": 0.78957, "precision": 0.78212, "recall": 0.6422, "f1": 0.70529, "auc": 0.84398}
{"epoch": 60, "time_epoch": 8.7091, "eta": 348.78518, "eta_hours": 0.09688, "loss": 0.5317117, "lr": 0.00034549, "params": 5321, "time_iter": 0.06266, "accuracy": 0.77338, "precision": 0.73469, "recall": 0.66055, "f1": 0.69565, "auc": 0.82398}
{"epoch": 61, "time_epoch": 8.71474, "eta": 339.70194, "eta_hours": 0.09436, "loss": 0.53034072, "lr": 0.00033063, "params": 5321, "time_iter": 0.0627, "accuracy": 0.77338, "precision": 0.76437, "recall": 0.61009, "f1": 0.67857, "auc": 0.82899}
{"epoch": 62, "time_epoch": 8.72808, "eta": 330.63824, "eta_hours": 0.09184, "loss": 0.52658119, "lr": 0.00031594, "params": 5321, "time_iter": 0.06279, "accuracy": 0.77338, "precision": 0.74731, "recall": 0.63761, "f1": 0.68812, "auc": 0.8339}
{"epoch": 63, "time_epoch": 8.70895, "eta": 321.57426, "eta_hours": 0.08933, "loss": 0.49267987, "lr": 0.00030143, "params": 5321, "time_iter": 0.06265, "accuracy": 0.77878, "precision": 0.75676, "recall": 0.6422, "f1": 0.69479, "auc": 0.84443}
{"epoch": 64, "time_epoch": 8.70421, "eta": 312.51865, "eta_hours": 0.08681, "loss": 0.49100257, "lr": 0.00028711, "params": 5321, "time_iter": 0.06262, "accuracy": 0.78597, "precision": 0.75916, "recall": 0.66514, "f1": 0.70905, "auc": 0.84211}
{"epoch": 65, "time_epoch": 8.70701, "eta": 303.47513, "eta_hours": 0.0843, "loss": 0.50112296, "lr": 0.000273, "params": 5321, "time_iter": 0.06264, "accuracy": 0.77158, "precision": 0.74863, "recall": 0.62844, "f1": 0.68329, "auc": 0.83581}
{"epoch": 66, "time_epoch": 8.70192, "eta": 294.43915, "eta_hours": 0.08179, "loss": 0.52041936, "lr": 0.00025912, "params": 5321, "time_iter": 0.0626, "accuracy": 0.77698, "precision": 0.75269, "recall": 0.6422, "f1": 0.69307, "auc": 0.82534}
{"epoch": 67, "time_epoch": 8.72438, "eta": 285.42357, "eta_hours": 0.07928, "loss": 0.50162502, "lr": 0.00024548, "params": 5321, "time_iter": 0.06277, "accuracy": 0.77878, "precision": 0.76243, "recall": 0.63303, "f1": 0.69173, "auc": 0.83474}
{"epoch": 68, "time_epoch": 8.74681, "eta": 276.4265, "eta_hours": 0.07679, "loss": 0.52426465, "lr": 0.00023209, "params": 5321, "time_iter": 0.06293, "accuracy": 0.78058, "precision": 0.76087, "recall": 0.6422, "f1": 0.69652, "auc": 0.83128}
{"epoch": 69, "time_epoch": 8.71521, "eta": 267.42304, "eta_hours": 0.07428, "loss": 0.52205443, "lr": 0.00021896, "params": 5321, "time_iter": 0.0627, "accuracy": 0.77698, "precision": 0.74737, "recall": 0.65138, "f1": 0.69608, "auc": 0.83459}
{"epoch": 70, "time_epoch": 8.83047, "eta": 258.47478, "eta_hours": 0.0718, "loss": 0.49335494, "lr": 0.00020611, "params": 5321, "time_iter": 0.06353, "accuracy": 0.78597, "precision": 0.78947, "recall": 0.61927, "f1": 0.69409, "auc": 0.85166}
{"epoch": 71, "time_epoch": 8.74044, "eta": 249.49478, "eta_hours": 0.0693, "loss": 0.5187056, "lr": 0.00019355, "params": 5321, "time_iter": 0.06288, "accuracy": 0.78417, "precision": 0.77841, "recall": 0.62844, "f1": 0.69543, "auc": 0.82749}
{"epoch": 72, "time_epoch": 8.70865, "eta": 240.50959, "eta_hours": 0.06681, "loss": 0.52160759, "lr": 0.00018129, "params": 5321, "time_iter": 0.06265, "accuracy": 0.78237, "precision": 0.75661, "recall": 0.65596, "f1": 0.7027, "auc": 0.83216}
{"epoch": 73, "time_epoch": 8.72899, "eta": 231.53901, "eta_hours": 0.06432, "loss": 0.51753706, "lr": 0.00016934, "params": 5321, "time_iter": 0.0628, "accuracy": 0.77338, "precision": 0.75275, "recall": 0.62844, "f1": 0.685, "auc": 0.84018}
{"epoch": 74, "time_epoch": 8.74057, "eta": 222.57874, "eta_hours": 0.06183, "loss": 0.5091907, "lr": 0.00015773, "params": 5321, "time_iter": 0.06288, "accuracy": 0.77698, "precision": 0.74737, "recall": 0.65138, "f1": 0.69608, "auc": 0.83063}
{"epoch": 75, "time_epoch": 8.84921, "eta": 213.65856, "eta_hours": 0.05935, "loss": 0.50677402, "lr": 0.00014645, "params": 5321, "time_iter": 0.06366, "accuracy": 0.79496, "precision": 0.78889, "recall": 0.65138, "f1": 0.71357, "auc": 0.83984}
{"epoch": 76, "time_epoch": 8.6707, "eta": 204.6869, "eta_hours": 0.05686, "loss": 0.51086871, "lr": 0.00013552, "params": 5321, "time_iter": 0.06238, "accuracy": 0.78597, "precision": 0.77049, "recall": 0.64679, "f1": 0.70324, "auc": 0.82863}
{"epoch": 77, "time_epoch": 8.74601, "eta": 195.74419, "eta_hours": 0.05437, "loss": 0.49908025, "lr": 0.00012494, "params": 5321, "time_iter": 0.06292, "accuracy": 0.77698, "precision": 0.76111, "recall": 0.62844, "f1": 0.68844, "auc": 0.8401}
{"epoch": 78, "time_epoch": 8.77634, "eta": 186.81453, "eta_hours": 0.05189, "loss": 0.49311061, "lr": 0.00011474, "params": 5321, "time_iter": 0.06314, "accuracy": 0.77878, "precision": 0.76536, "recall": 0.62844, "f1": 0.69018, "auc": 0.84634}
{"epoch": 79, "time_epoch": 8.79757, "eta": 177.89401, "eta_hours": 0.04942, "loss": 0.52227175, "lr": 0.00010492, "params": 5321, "time_iter": 0.06329, "accuracy": 0.77878, "precision": 0.76243, "recall": 0.63303, "f1": 0.69173, "auc": 0.83865}
{"epoch": 80, "time_epoch": 8.86263, "eta": 168.99179, "eta_hours": 0.04694, "loss": 0.48460959, "lr": 9.549e-05, "params": 5321, "time_iter": 0.06376, "accuracy": 0.77518, "precision": 0.73367, "recall": 0.66972, "f1": 0.70024, "auc": 0.85394}
{"epoch": 81, "time_epoch": 8.84114, "eta": 160.08581, "eta_hours": 0.04447, "loss": 0.51531025, "lr": 8.646e-05, "params": 5321, "time_iter": 0.06361, "accuracy": 0.78237, "precision": 0.76796, "recall": 0.63761, "f1": 0.69674, "auc": 0.84225}
{"epoch": 82, "time_epoch": 8.82296, "eta": 151.17768, "eta_hours": 0.04199, "loss": 0.51957078, "lr": 7.784e-05, "params": 5321, "time_iter": 0.06347, "accuracy": 0.76799, "precision": 0.73545, "recall": 0.63761, "f1": 0.68305, "auc": 0.83451}
{"epoch": 83, "time_epoch": 8.30836, "eta": 142.17355, "eta_hours": 0.03949, "loss": 0.50164497, "lr": 6.963e-05, "params": 5321, "time_iter": 0.05977, "accuracy": 0.79137, "precision": 0.76562, "recall": 0.67431, "f1": 0.71707, "auc": 0.83505}
{"epoch": 84, "time_epoch": 8.74889, "eta": 133.26353, "eta_hours": 0.03702, "loss": 0.51222762, "lr": 6.185e-05, "params": 5321, "time_iter": 0.06294, "accuracy": 0.78237, "precision": 0.74872, "recall": 0.66972, "f1": 0.70702, "auc": 0.83608}
{"epoch": 85, "time_epoch": 8.75306, "eta": 124.35795, "eta_hours": 0.03454, "loss": 0.52101829, "lr": 5.45e-05, "params": 5321, "time_iter": 0.06297, "accuracy": 0.78417, "precision": 0.7663, "recall": 0.64679, "f1": 0.70149, "auc": 0.82885}
{"epoch": 86, "time_epoch": 8.80176, "eta": 115.46314, "eta_hours": 0.03207, "loss": 0.48207602, "lr": 4.759e-05, "params": 5321, "time_iter": 0.06332, "accuracy": 0.78237, "precision": 0.76503, "recall": 0.6422, "f1": 0.69825, "auc": 0.85313}
{"epoch": 87, "time_epoch": 8.81671, "eta": 106.57249, "eta_hours": 0.0296, "loss": 0.48110552, "lr": 4.112e-05, "params": 5321, "time_iter": 0.06343, "accuracy": 0.77698, "precision": 0.75269, "recall": 0.6422, "f1": 0.69307, "auc": 0.84501}
{"epoch": 88, "time_epoch": 8.84728, "eta": 97.68727, "eta_hours": 0.02714, "loss": 0.51053588, "lr": 3.511e-05, "params": 5321, "time_iter": 0.06365, "accuracy": 0.78957, "precision": 0.75897, "recall": 0.6789, "f1": 0.71671, "auc": 0.83437}
{"epoch": 89, "time_epoch": 8.81541, "eta": 88.79936, "eta_hours": 0.02467, "loss": 0.53820415, "lr": 2.956e-05, "params": 5321, "time_iter": 0.06342, "accuracy": 0.76799, "precision": 0.73057, "recall": 0.64679, "f1": 0.68613, "auc": 0.82672}
{"epoch": 90, "time_epoch": 8.84486, "eta": 79.91596, "eta_hours": 0.0222, "loss": 0.50128822, "lr": 2.447e-05, "params": 5321, "time_iter": 0.06363, "accuracy": 0.78237, "precision": 0.77095, "recall": 0.63303, "f1": 0.69521, "auc": 0.83949}
{"epoch": 91, "time_epoch": 8.87827, "eta": 71.03629, "eta_hours": 0.01973, "loss": 0.49484616, "lr": 1.985e-05, "params": 5321, "time_iter": 0.06387, "accuracy": 0.78597, "precision": 0.75916, "recall": 0.66514, "f1": 0.70905, "auc": 0.8439}
{"epoch": 92, "time_epoch": 8.62199, "eta": 62.13737, "eta_hours": 0.01726, "loss": 0.50142846, "lr": 1.571e-05, "params": 5321, "time_iter": 0.06203, "accuracy": 0.77518, "precision": 0.74603, "recall": 0.64679, "f1": 0.69287, "auc": 0.84417}
{"epoch": 93, "time_epoch": 8.78466, "eta": 53.25473, "eta_hours": 0.01479, "loss": 0.4934854, "lr": 1.204e-05, "params": 5321, "time_iter": 0.0632, "accuracy": 0.78417, "precision": 0.75521, "recall": 0.66514, "f1": 0.70732, "auc": 0.84676}
{"epoch": 94, "time_epoch": 8.81418, "eta": 44.3757, "eta_hours": 0.01233, "loss": 0.4855934, "lr": 8.86e-06, "params": 5321, "time_iter": 0.06341, "accuracy": 0.78597, "precision": 0.7619, "recall": 0.66055, "f1": 0.70762, "auc": 0.84979}
{"epoch": 95, "time_epoch": 8.89855, "eta": 35.50153, "eta_hours": 0.00986, "loss": 0.48655802, "lr": 6.16e-06, "params": 5321, "time_iter": 0.06402, "accuracy": 0.77698, "precision": 0.75269, "recall": 0.6422, "f1": 0.69307, "auc": 0.84537}
{"epoch": 96, "time_epoch": 8.80652, "eta": 26.62402, "eta_hours": 0.0074, "loss": 0.50347696, "lr": 3.94e-06, "params": 5321, "time_iter": 0.06336, "accuracy": 0.77158, "precision": 0.74595, "recall": 0.63303, "f1": 0.68486, "auc": 0.83621}
{"epoch": 97, "time_epoch": 9.7047, "eta": 17.76629, "eta_hours": 0.00494, "loss": 0.49232609, "lr": 2.22e-06, "params": 5321, "time_iter": 0.06982, "accuracy": 0.77878, "precision": 0.75401, "recall": 0.64679, "f1": 0.6963, "auc": 0.83934}
{"epoch": 98, "time_epoch": 9.08764, "eta": 8.88521, "eta_hours": 0.00247, "loss": 0.49663378, "lr": 9.9e-07, "params": 5321, "time_iter": 0.06538, "accuracy": 0.78058, "precision": 0.75806, "recall": 0.64679, "f1": 0.69802, "auc": 0.84337}
{"epoch": 99, "time_epoch": 8.95736, "eta": 0.0, "eta_hours": 0.0, "loss": 0.49104899, "lr": 2.5e-07, "params": 5321, "time_iter": 0.06444, "accuracy": 0.78597, "precision": 0.76471, "recall": 0.65596, "f1": 0.70617, "auc": 0.84396}
