{"epoch": 0, "time_epoch": 0.05206, "eta": 5.15412, "eta_hours": 0.00143, "loss": 0.66421699, "lr": 0.001, "params": 6465, "time_iter": 0.01735, "accuracy": 0.66667, "precision": 0.66667, "recall": 1.0, "f1": 0.8, "auc": 0.43195}
{"epoch": 1, "time_epoch": 0.03327, "eta": 4.18118, "eta_hours": 0.00116, "loss": 0.66139058, "lr": 0.00099975, "params": 6465, "time_iter": 0.01109, "accuracy": 0.66667, "precision": 0.66667, "recall": 1.0, "f1": 0.8, "auc": 0.42308}
{"epoch": 2, "time_epoch": 0.03293, "eta": 3.8236, "eta_hours": 0.00106, "loss": 0.65877383, "lr": 0.00099901, "params": 6465, "time_iter": 0.01098, "accuracy": 0.66667, "precision": 0.66667, "recall": 1.0, "f1": 0.8, "auc": 0.55325}
{"epoch": 3, "time_epoch": 0.03772, "eta": 3.74336, "eta_hours": 0.00104, "loss": 0.65624722, "lr": 0.00099778, "params": 6465, "time_iter": 0.01257, "accuracy": 0.66667, "precision": 0.66667, "recall": 1.0, "f1": 0.8, "auc": 0.61538}
{"epoch": 4, "time_epoch": 0.04102, "eta": 3.74284, "eta_hours": 0.00104, "loss": 0.65466373, "lr": 0.00099606, "params": 6465, "time_iter": 0.01367, "accuracy": 0.66667, "precision": 0.66667, "recall": 1.0, "f1": 0.8, "auc": 0.51183}
{"epoch": 5, "time_epoch": 0.03929, "eta": 3.70179, "eta_hours": 0.00103, "loss": 0.65309951, "lr": 0.00099384, "params": 6465, "time_iter": 0.0131, "accuracy": 0.66667, "precision": 0.66667, "recall": 1.0, "f1": 0.8, "auc": 0.51183}
{"epoch": 6, "time_epoch": 0.0362, "eta": 3.62015, "eta_hours": 0.00101, "loss": 0.65159041, "lr": 0.00099114, "params": 6465, "time_iter": 0.01207, "accuracy": 0.66667, "precision": 0.66667, "recall": 1.0, "f1": 0.8, "auc": 0.53254}
{"epoch": 7, "time_epoch": 0.03492, "eta": 3.53514, "eta_hours": 0.00098, "loss": 0.65027611, "lr": 0.00098796, "params": 6465, "time_iter": 0.01164, "accuracy": 0.66667, "precision": 0.66667, "recall": 1.0, "f1": 0.8, "auc": 0.63018}
{"epoch": 8, "time_epoch": 0.04074, "eta": 3.52012, "eta_hours": 0.00098, "loss": 0.64915274, "lr": 0.00098429, "params": 6465, "time_iter": 0.01358, "accuracy": 0.66667, "precision": 0.66667, "recall": 1.0, "f1": 0.8, "auc": 0.60355}
{"epoch": 9, "time_epoch": 0.04004, "eta": 3.49365, "eta_hours": 0.00097, "loss": 0.64817538, "lr": 0.00098015, "params": 6465, "time_iter": 0.01335, "accuracy": 0.66667, "precision": 0.66667, "recall": 1.0, "f1": 0.8, "auc": 0.45858}
{"epoch": 10, "time_epoch": 0.03771, "eta": 3.44589, "eta_hours": 0.00096, "loss": 0.64696004, "lr": 0.00097553, "params": 6465, "time_iter": 0.01257, "accuracy": 0.66667, "precision": 0.66667, "recall": 1.0, "f1": 0.8, "auc": 0.55917}
{"epoch": 11, "time_epoch": 0.03473, "eta": 3.37792, "eta_hours": 0.00094, "loss": 0.64659952, "lr": 0.00097044, "params": 6465, "time_iter": 0.01158, "accuracy": 0.66667, "precision": 0.66667, "recall": 1.0, "f1": 0.8, "auc": 0.36686}
{"epoch": 12, "time_epoch": 0.03426, "eta": 3.31193, "eta_hours": 0.00092, "loss": 0.64583102, "lr": 0.00096489, "params": 6465, "time_iter": 0.01142, "accuracy": 0.66667, "precision": 0.66667, "recall": 1.0, "f1": 0.8, "auc": 0.43491}
{"epoch": 13, "time_epoch": 0.03488, "eta": 3.25429, "eta_hours": 0.0009, "loss": 0.64526464, "lr": 0.00095888, "params": 6465, "time_iter": 0.01163, "accuracy": 0.66667, "precision": 0.66667, "recall": 1.0, "f1": 0.8, "auc": 0.36982}
{"epoch": 14, "time_epoch": 0.035, "eta": 3.20034, "eta_hours": 0.00089, "loss": 0.644493, "lr": 0.00095241, "params": 6465, "time_iter": 0.01167, "accuracy": 0.66667, "precision": 0.66667, "recall": 1.0, "f1": 0.8, "auc": 0.5}
{"epoch": 15, "time_epoch": 0.03424, "eta": 3.14476, "eta_hours": 0.00087, "loss": 0.64400519, "lr": 0.0009455, "params": 6465, "time_iter": 0.01141, "accuracy": 0.66667, "precision": 0.66667, "recall": 1.0, "f1": 0.8, "auc": 0.57396}
{"epoch": 16, "time_epoch": 0.03457, "eta": 3.09334, "eta_hours": 0.00086, "loss": 0.64358026, "lr": 0.00093815, "params": 6465, "time_iter": 0.01152, "accuracy": 0.66667, "precision": 0.66667, "recall": 1.0, "f1": 0.8, "auc": 0.53846}
{"epoch": 17, "time_epoch": 0.03471, "eta": 3.0444, "eta_hours": 0.00085, "loss": 0.64313731, "lr": 0.00093037, "params": 6465, "time_iter": 0.01157, "accuracy": 0.66667, "precision": 0.66667, "recall": 1.0, "f1": 0.8, "auc": 0.57101}
{"epoch": 18, "time_epoch": 0.03457, "eta": 2.99639, "eta_hours": 0.00083, "loss": 0.64286976, "lr": 0.00092216, "params": 6465, "time_iter": 0.01152, "accuracy": 0.66667, "precision": 0.66667, "recall": 1.0, "f1": 0.8, "auc": 0.45562}
{"epoch": 19, "time_epoch": 0.04498, "eta": 2.99136, "eta_hours": 0.00083, "loss": 0.64239561, "lr": 0.00091354, "params": 6465, "time_iter": 0.01499, "accuracy": 0.66667, "precision": 0.66667, "recall": 1.0, "f1": 0.8, "auc": 0.41568}
{"epoch": 20, "time_epoch": 0.0366, "eta": 2.951, "eta_hours": 0.00082, "loss": 0.64179221, "lr": 0.00090451, "params": 6465, "time_iter": 0.0122, "accuracy": 0.66667, "precision": 0.66667, "recall": 1.0, "f1": 0.8, "auc": 0.52663}
{"epoch": 21, "time_epoch": 0.03747, "eta": 2.91404, "eta_hours": 0.00081, "loss": 0.64162284, "lr": 0.00089508, "params": 6465, "time_iter": 0.01249, "accuracy": 0.66667, "precision": 0.66667, "recall": 1.0, "f1": 0.8, "auc": 0.36095}
{"epoch": 22, "time_epoch": 0.041, "eta": 2.88889, "eta_hours": 0.0008, "loss": 0.64101255, "lr": 0.00088526, "params": 6465, "time_iter": 0.01367, "accuracy": 0.66667, "precision": 0.66667, "recall": 1.0, "f1": 0.8, "auc": 0.53846}
{"epoch": 23, "time_epoch": 0.04259, "eta": 2.86744, "eta_hours": 0.0008, "loss": 0.64060192, "lr": 0.00087506, "params": 6465, "time_iter": 0.0142, "accuracy": 0.66667, "precision": 0.66667, "recall": 1.0, "f1": 0.8, "auc": 0.70562}
{"epoch": 24, "time_epoch": 0.0362, "eta": 2.82512, "eta_hours": 0.00078, "loss": 0.64052628, "lr": 0.00086448, "params": 6465, "time_iter": 0.01207, "accuracy": 0.66667, "precision": 0.66667, "recall": 1.0, "f1": 0.8, "auc": 0.4497}
{"epoch": 25, "time_epoch": 0.04942, "eta": 2.82089, "eta_hours": 0.00078, "loss": 0.64002622, "lr": 0.00085355, "params": 6465, "time_iter": 0.01647, "accuracy": 0.66667, "precision": 0.66667, "recall": 1.0, "f1": 0.8, "auc": 0.69822}
{"epoch": 26, "time_epoch": 0.03737, "eta": 2.78073, "eta_hours": 0.00077, "loss": 0.6399488, "lr": 0.00084227, "params": 6465, "time_iter": 0.01246, "accuracy": 0.66667, "precision": 0.66667, "recall": 1.0, "f1": 0.8, "auc": 0.4645}
{"epoch": 27, "time_epoch": 0.03684, "eta": 2.73941, "eta_hours": 0.00076, "loss": 0.63967405, "lr": 0.00083066, "params": 6465, "time_iter": 0.01228, "accuracy": 0.66667, "precision": 0.66667, "recall": 1.0, "f1": 0.8, "auc": 0.51183}
{"epoch": 28, "time_epoch": 0.03845, "eta": 2.70234, "eta_hours": 0.00075, "loss": 0.63957816, "lr": 0.00081871, "params": 6465, "time_iter": 0.01282, "accuracy": 0.66667, "precision": 0.66667, "recall": 1.0, "f1": 0.8, "auc": 0.40828}
{"epoch": 29, "time_epoch": 0.04469, "eta": 2.67974, "eta_hours": 0.00074, "loss": 0.63934779, "lr": 0.00080645, "params": 6465, "time_iter": 0.0149, "accuracy": 0.66667, "precision": 0.66667, "recall": 1.0, "f1": 0.8, "auc": 0.49704}
{"epoch": 30, "time_epoch": 0.04276, "eta": 2.65142, "eta_hours": 0.00074, "loss": 0.63925273, "lr": 0.00079389, "params": 6465, "time_iter": 0.01425, "accuracy": 0.66667, "precision": 0.66667, "recall": 1.0, "f1": 0.8, "auc": 0.51183}
{"epoch": 31, "time_epoch": 0.04154, "eta": 2.61962, "eta_hours": 0.00073, "loss": 0.63903082, "lr": 0.00078104, "params": 6465, "time_iter": 0.01385, "accuracy": 0.66667, "precision": 0.66667, "recall": 1.0, "f1": 0.8, "auc": 0.68935}
{"epoch": 32, "time_epoch": 0.04027, "eta": 2.58465, "eta_hours": 0.00072, "loss": 0.63910632, "lr": 0.00076791, "params": 6465, "time_iter": 0.01342, "accuracy": 0.66667, "precision": 0.66667, "recall": 1.0, "f1": 0.8, "auc": 0.39053}
{"epoch": 33, "time_epoch": 0.03295, "eta": 2.53515, "eta_hours": 0.0007, "loss": 0.6388141, "lr": 0.00075452, "params": 6465, "time_iter": 0.01098, "accuracy": 0.66667, "precision": 0.66667, "recall": 1.0, "f1": 0.8, "auc": 0.51775}
{"epoch": 34, "time_epoch": 0.03316, "eta": 2.48699, "eta_hours": 0.00069, "loss": 0.63882276, "lr": 0.00074088, "params": 6465, "time_iter": 0.01105, "accuracy": 0.66667, "precision": 0.66667, "recall": 1.0, "f1": 0.8, "auc": 0.4142}
{"epoch": 35, "time_epoch": 0.03115, "eta": 2.43608, "eta_hours": 0.00068, "loss": 0.63861237, "lr": 0.000727, "params": 6465, "time_iter": 0.01038, "accuracy": 0.66667, "precision": 0.66667, "recall": 1.0, "f1": 0.8, "auc": 0.49704}
{"epoch": 36, "time_epoch": 0.04093, "eta": 2.40289, "eta_hours": 0.00067, "loss": 0.63851662, "lr": 0.00071289, "params": 6465, "time_iter": 0.01364, "accuracy": 0.66667, "precision": 0.66667, "recall": 1.0, "f1": 0.8, "auc": 0.56213}
{"epoch": 37, "time_epoch": 0.0312, "eta": 2.35343, "eta_hours": 0.00065, "loss": 0.63852612, "lr": 0.00069857, "params": 6465, "time_iter": 0.0104, "accuracy": 0.66667, "precision": 0.66667, "recall": 1.0, "f1": 0.8, "auc": 0.4497}
{"epoch": 38, "time_epoch": 0.03439, "eta": 2.30989, "eta_hours": 0.00064, "loss": 0.63837705, "lr": 0.00068406, "params": 6465, "time_iter": 0.01146, "accuracy": 0.66667, "precision": 0.66667, "recall": 1.0, "f1": 0.8, "auc": 0.45266}
{"epoch": 39, "time_epoch": 0.03494, "eta": 2.26763, "eta_hours": 0.00063, "loss": 0.63844293, "lr": 0.00066937, "params": 6465, "time_iter": 0.01165, "accuracy": 0.66667, "precision": 0.66667, "recall": 1.0, "f1": 0.8, "auc": 0.35207}
{"epoch": 40, "time_epoch": 0.03437, "eta": 2.22491, "eta_hours": 0.00062, "loss": 0.63824885, "lr": 0.00065451, "params": 6465, "time_iter": 0.01146, "accuracy": 0.66667, "precision": 0.66667, "recall": 1.0, "f1": 0.8, "auc": 0.48373}
{"epoch": 41, "time_epoch": 0.0384, "eta": 2.18815, "eta_hours": 0.00061, "loss": 0.63824419, "lr": 0.0006395, "params": 6465, "time_iter": 0.0128, "accuracy": 0.66667, "precision": 0.66667, "recall": 1.0, "f1": 0.8, "auc": 0.53107}
{"epoch": 42, "time_epoch": 0.03469, "eta": 2.14641, "eta_hours": 0.0006, "loss": 0.63827967, "lr": 0.00062434, "params": 6465, "time_iter": 0.01156, "accuracy": 0.66667, "precision": 0.66667, "recall": 1.0, "f1": 0.8, "auc": 0.42308}
{"epoch": 43, "time_epoch": 0.03236, "eta": 2.10201, "eta_hours": 0.00058, "loss": 0.63824346, "lr": 0.00060907, "params": 6465, "time_iter": 0.01079, "accuracy": 0.66667, "precision": 0.66667, "recall": 1.0, "f1": 0.8, "auc": 0.30178}
{"epoch": 44, "time_epoch": 0.03218, "eta": 2.05793, "eta_hours": 0.00057, "loss": 0.63821837, "lr": 0.00059369, "params": 6465, "time_iter": 0.01073, "accuracy": 0.66667, "precision": 0.66667, "recall": 1.0, "f1": 0.8, "auc": 0.41124}
{"epoch": 45, "time_epoch": 0.03176, "eta": 2.01387, "eta_hours": 0.00056, "loss": 0.63820744, "lr": 0.00057822, "params": 6465, "time_iter": 0.01059, "accuracy": 0.66667, "precision": 0.66667, "recall": 1.0, "f1": 0.8, "auc": 0.4142}
{"epoch": 46, "time_epoch": 0.03248, "eta": 1.97116, "eta_hours": 0.00055, "loss": 0.63820844, "lr": 0.00056267, "params": 6465, "time_iter": 0.01083, "accuracy": 0.66667, "precision": 0.66667, "recall": 1.0, "f1": 0.8, "auc": 0.32692}
{"epoch": 47, "time_epoch": 0.03281, "eta": 1.92922, "eta_hours": 0.00054, "loss": 0.63819575, "lr": 0.00054705, "params": 6465, "time_iter": 0.01094, "accuracy": 0.66667, "precision": 0.66667, "recall": 1.0, "f1": 0.8, "auc": 0.40828}
{"epoch": 48, "time_epoch": 0.03258, "eta": 1.88742, "eta_hours": 0.00052, "loss": 0.63815538, "lr": 0.0005314, "params": 6465, "time_iter": 0.01086, "accuracy": 0.66667, "precision": 0.66667, "recall": 1.0, "f1": 0.8, "auc": 0.51923}
{"epoch": 49, "time_epoch": 0.03252, "eta": 1.84592, "eta_hours": 0.00051, "loss": 0.63811067, "lr": 0.00051571, "params": 6465, "time_iter": 0.01084, "accuracy": 0.66667, "precision": 0.66667, "recall": 1.0, "f1": 0.8, "auc": 0.55621}
{"epoch": 50, "time_epoch": 0.03257, "eta": 1.80483, "eta_hours": 0.0005, "loss": 0.63808253, "lr": 0.0005, "params": 6465, "time_iter": 0.01086, "accuracy": 0.66667, "precision": 0.66667, "recall": 1.0, "f1": 0.8, "auc": 0.43787}
{"epoch": 51, "time_epoch": 0.03294, "eta": 1.7644, "eta_hours": 0.00049, "loss": 0.63798271, "lr": 0.00048429, "params": 6465, "time_iter": 0.01098, "accuracy": 0.66667, "precision": 0.66667, "recall": 1.0, "f1": 0.8, "auc": 0.55473}
{"epoch": 52, "time_epoch": 0.03269, "eta": 1.72403, "eta_hours": 0.00048, "loss": 0.63791231, "lr": 0.0004686, "params": 6465, "time_iter": 0.0109, "accuracy": 0.66667, "precision": 0.66667, "recall": 1.0, "f1": 0.8, "auc": 0.61834}
{"epoch": 53, "time_epoch": 0.03294, "eta": 1.68416, "eta_hours": 0.00047, "loss": 0.63790872, "lr": 0.00045295, "params": 6465, "time_iter": 0.01098, "accuracy": 0.66667, "precision": 0.66667, "recall": 1.0, "f1": 0.8, "auc": 0.44083}
{"epoch": 54, "time_epoch": 0.03269, "eta": 1.64434, "eta_hours": 0.00046, "loss": 0.63781804, "lr": 0.00043733, "params": 6465, "time_iter": 0.0109, "accuracy": 0.66667, "precision": 0.66667, "recall": 1.0, "f1": 0.8, "auc": 0.52959}
{"epoch": 55, "time_epoch": 0.03281, "eta": 1.60487, "eta_hours": 0.00045, "loss": 0.63774663, "lr": 0.00042178, "params": 6465, "time_iter": 0.01094, "accuracy": 0.66667, "precision": 0.66667, "recall": 1.0, "f1": 0.8, "auc": 0.58284}
{"epoch": 56, "time_epoch": 0.03241, "eta": 1.56533, "eta_hours": 0.00043, "loss": 0.63775644, "lr": 0.00040631, "params": 6465, "time_iter": 0.0108, "accuracy": 0.66667, "precision": 0.66667, "recall": 1.0, "f1": 0.8, "auc": 0.44675}
{"epoch": 57, "time_epoch": 0.03261, "eta": 1.52618, "eta_hours": 0.00042, "loss": 0.63771935, "lr": 0.00039093, "params": 6465, "time_iter": 0.01087, "accuracy": 0.66667, "precision": 0.66667, "recall": 1.0, "f1": 0.8, "auc": 0.37574}
{"epoch": 58, "time_epoch": 0.03298, "eta": 1.48751, "eta_hours": 0.00041, "loss": 0.63760663, "lr": 0.00037566, "params": 6465, "time_iter": 0.01099, "accuracy": 0.66667, "precision": 0.66667, "recall": 1.0, "f1": 0.8, "auc": 0.55621}
{"epoch": 59, "time_epoch": 0.03308, "eta": 1.44909, "eta_hours": 0.0004, "loss": 0.63764015, "lr": 0.0003605, "params": 6465, "time_iter": 0.01103, "accuracy": 0.66667, "precision": 0.66667, "recall": 1.0, "f1": 0.8, "auc": 0.33728}
{"epoch": 60, "time_epoch": 0.0326, "eta": 1.41055, "eta_hours": 0.00039, "loss": 0.63755571, "lr": 0.00034549, "params": 6465, "time_iter": 0.01087, "accuracy": 0.66667, "precision": 0.66667, "recall": 1.0, "f1": 0.8, "auc": 0.60651}
{"epoch": 61, "time_epoch": 0.03228, "eta": 1.372, "eta_hours": 0.00038, "loss": 0.63754024, "lr": 0.00033063, "params": 6465, "time_iter": 0.01076, "accuracy": 0.66667, "precision": 0.66667, "recall": 1.0, "f1": 0.8, "auc": 0.57544}
{"epoch": 62, "time_epoch": 0.03306, "eta": 1.33411, "eta_hours": 0.00037, "loss": 0.63754941, "lr": 0.00031594, "params": 6465, "time_iter": 0.01102, "accuracy": 0.66667, "precision": 0.66667, "recall": 1.0, "f1": 0.8, "auc": 0.41124}
{"epoch": 63, "time_epoch": 0.0322, "eta": 1.29588, "eta_hours": 0.00036, "loss": 0.63747565, "lr": 0.00030143, "params": 6465, "time_iter": 0.01073, "accuracy": 0.66667, "precision": 0.66667, "recall": 1.0, "f1": 0.8, "auc": 0.72781}
{"epoch": 64, "time_epoch": 0.03286, "eta": 1.25819, "eta_hours": 0.00035, "loss": 0.63747523, "lr": 0.00028711, "params": 6465, "time_iter": 0.01095, "accuracy": 0.66667, "precision": 0.66667, "recall": 1.0, "f1": 0.8, "auc": 0.51479}
{"epoch": 65, "time_epoch": 0.03268, "eta": 1.22056, "eta_hours": 0.00034, "loss": 0.63746234, "lr": 0.000273, "params": 6465, "time_iter": 0.01089, "accuracy": 0.66667, "precision": 0.66667, "recall": 1.0, "f1": 0.8, "auc": 0.53254}
{"epoch": 66, "time_epoch": 0.03266, "eta": 1.18307, "eta_hours": 0.00033, "loss": 0.6374469, "lr": 0.00025912, "params": 6465, "time_iter": 0.01089, "accuracy": 0.66667, "precision": 0.66667, "recall": 1.0, "f1": 0.8, "auc": 0.47041}
{"epoch": 67, "time_epoch": 0.033, "eta": 1.14588, "eta_hours": 0.00032, "loss": 0.63743188, "lr": 0.00024548, "params": 6465, "time_iter": 0.011, "accuracy": 0.66667, "precision": 0.66667, "recall": 1.0, "f1": 0.8, "auc": 0.44379}
{"epoch": 68, "time_epoch": 0.03233, "eta": 1.1085, "eta_hours": 0.00031, "loss": 0.63740146, "lr": 0.00023209, "params": 6465, "time_iter": 0.01078, "accuracy": 0.66667, "precision": 0.66667, "recall": 1.0, "f1": 0.8, "auc": 0.57101}
{"epoch": 69, "time_epoch": 0.03281, "eta": 1.07148, "eta_hours": 0.0003, "loss": 0.63737802, "lr": 0.00021896, "params": 6465, "time_iter": 0.01094, "accuracy": 0.66667, "precision": 0.66667, "recall": 1.0, "f1": 0.8, "auc": 0.53846}
{"epoch": 70, "time_epoch": 0.03739, "eta": 1.03645, "eta_hours": 0.00029, "loss": 0.63734975, "lr": 0.00020611, "params": 6465, "time_iter": 0.01246, "accuracy": 0.66667, "precision": 0.66667, "recall": 1.0, "f1": 0.8, "auc": 0.61243}
{"epoch": 71, "time_epoch": 0.0323, "eta": 0.99937, "eta_hours": 0.00028, "loss": 0.63731962, "lr": 0.00019355, "params": 6465, "time_iter": 0.01077, "accuracy": 0.66667, "precision": 0.66667, "recall": 1.0, "f1": 0.8, "auc": 0.62426}
{"epoch": 72, "time_epoch": 0.03333, "eta": 0.96281, "eta_hours": 0.00027, "loss": 0.63730245, "lr": 0.00018129, "params": 6465, "time_iter": 0.01111, "accuracy": 0.66667, "precision": 0.66667, "recall": 1.0, "f1": 0.8, "auc": 0.72189}
{"epoch": 73, "time_epoch": 0.03383, "eta": 0.9265, "eta_hours": 0.00026, "loss": 0.63729751, "lr": 0.00016934, "params": 6465, "time_iter": 0.01128, "accuracy": 0.66667, "precision": 0.66667, "recall": 1.0, "f1": 0.8, "auc": 0.59172}
{"epoch": 74, "time_epoch": 0.03222, "eta": 0.88973, "eta_hours": 0.00025, "loss": 0.63728485, "lr": 0.00015773, "params": 6465, "time_iter": 0.01074, "accuracy": 0.66667, "precision": 0.66667, "recall": 1.0, "f1": 0.8, "auc": 0.62278}
{"epoch": 75, "time_epoch": 0.03267, "eta": 0.85322, "eta_hours": 0.00024, "loss": 0.63728262, "lr": 0.00014645, "params": 6465, "time_iter": 0.01089, "accuracy": 0.66667, "precision": 0.66667, "recall": 1.0, "f1": 0.8, "auc": 0.53698}
{"epoch": 76, "time_epoch": 0.03284, "eta": 0.81686, "eta_hours": 0.00023, "loss": 0.63728997, "lr": 0.00013552, "params": 6465, "time_iter": 0.01095, "accuracy": 0.66667, "precision": 0.66667, "recall": 1.0, "f1": 0.8, "auc": 0.38757}
{"epoch": 77, "time_epoch": 0.03245, "eta": 0.78048, "eta_hours": 0.00022, "loss": 0.63725237, "lr": 0.00012494, "params": 6465, "time_iter": 0.01082, "accuracy": 0.66667, "precision": 0.66667, "recall": 1.0, "f1": 0.8, "auc": 0.55473}
{"epoch": 78, "time_epoch": 0.03278, "eta": 0.74428, "eta_hours": 0.00021, "loss": 0.63726215, "lr": 0.00011474, "params": 6465, "time_iter": 0.01093, "accuracy": 0.66667, "precision": 0.66667, "recall": 1.0, "f1": 0.8, "auc": 0.39941}
{"epoch": 79, "time_epoch": 0.0326, "eta": 0.70813, "eta_hours": 0.0002, "loss": 0.63723928, "lr": 0.00010492, "params": 6465, "time_iter": 0.01087, "accuracy": 0.66667, "precision": 0.66667, "recall": 1.0, "f1": 0.8, "auc": 0.49704}
{"epoch": 80, "time_epoch": 0.03262, "eta": 0.67207, "eta_hours": 0.00019, "loss": 0.63724352, "lr": 9.549e-05, "params": 6465, "time_iter": 0.01087, "accuracy": 0.66667, "precision": 0.66667, "recall": 1.0, "f1": 0.8, "auc": 0.43491}
{"epoch": 81, "time_epoch": 0.03289, "eta": 0.63615, "eta_hours": 0.00018, "loss": 0.63724672, "lr": 8.646e-05, "params": 6465, "time_iter": 0.01096, "accuracy": 0.66667, "precision": 0.66667, "recall": 1.0, "f1": 0.8, "auc": 0.35947}
{"epoch": 82, "time_epoch": 0.03275, "eta": 0.60028, "eta_hours": 0.00017, "loss": 0.63724088, "lr": 7.784e-05, "params": 6465, "time_iter": 0.01092, "accuracy": 0.66667, "precision": 0.66667, "recall": 1.0, "f1": 0.8, "auc": 0.41864}
{"epoch": 83, "time_epoch": 0.03251, "eta": 0.56444, "eta_hours": 0.00016, "loss": 0.63723995, "lr": 6.963e-05, "params": 6465, "time_iter": 0.01084, "accuracy": 0.66667, "precision": 0.66667, "recall": 1.0, "f1": 0.8, "auc": 0.40237}
{"epoch": 84, "time_epoch": 0.03261, "eta": 0.52869, "eta_hours": 0.00015, "loss": 0.63725657, "lr": 6.185e-05, "params": 6465, "time_iter": 0.01087, "accuracy": 0.66667, "precision": 0.66667, "recall": 1.0, "f1": 0.8, "auc": 0.21302}
{"epoch": 85, "time_epoch": 0.03302, "eta": 0.49308, "eta_hours": 0.00014, "loss": 0.63724712, "lr": 5.45e-05, "params": 6465, "time_iter": 0.01101, "accuracy": 0.66667, "precision": 0.66667, "recall": 1.0, "f1": 0.8, "auc": 0.28254}
{"epoch": 86, "time_epoch": 0.03248, "eta": 0.45745, "eta_hours": 0.00013, "loss": 0.6372289, "lr": 4.759e-05, "params": 6465, "time_iter": 0.01083, "accuracy": 0.66667, "precision": 0.66667, "recall": 1.0, "f1": 0.8, "auc": 0.42899}
{"epoch": 87, "time_epoch": 0.03245, "eta": 0.42189, "eta_hours": 0.00012, "loss": 0.63723408, "lr": 4.112e-05, "params": 6465, "time_iter": 0.01082, "accuracy": 0.66667, "precision": 0.66667, "recall": 1.0, "f1": 0.8, "auc": 0.40089}
{"epoch": 88, "time_epoch": 0.03283, "eta": 0.38644, "eta_hours": 0.00011, "loss": 0.63721585, "lr": 3.511e-05, "params": 6465, "time_iter": 0.01094, "accuracy": 0.66667, "precision": 0.66667, "recall": 1.0, "f1": 0.8, "auc": 0.6213}
{"epoch": 89, "time_epoch": 0.03268, "eta": 0.35104, "eta_hours": 0.0001, "loss": 0.63721993, "lr": 2.956e-05, "params": 6465, "time_iter": 0.01089, "accuracy": 0.66667, "precision": 0.66667, "recall": 1.0, "f1": 0.8, "auc": 0.63757}
{"epoch": 90, "time_epoch": 0.03268, "eta": 0.3157, "eta_hours": 9e-05, "loss": 0.6372277, "lr": 2.447e-05, "params": 6465, "time_iter": 0.01089, "accuracy": 0.66667, "precision": 0.66667, "recall": 1.0, "f1": 0.8, "auc": 0.46893}
{"epoch": 91, "time_epoch": 0.03248, "eta": 0.28039, "eta_hours": 8e-05, "loss": 0.637235, "lr": 1.985e-05, "params": 6465, "time_iter": 0.01083, "accuracy": 0.66667, "precision": 0.66667, "recall": 1.0, "f1": 0.8, "auc": 0.43491}
{"epoch": 92, "time_epoch": 0.03286, "eta": 0.24518, "eta_hours": 7e-05, "loss": 0.6372097, "lr": 1.571e-05, "params": 6465, "time_iter": 0.01095, "accuracy": 0.66667, "precision": 0.66667, "recall": 1.0, "f1": 0.8, "auc": 0.6997}
{"epoch": 93, "time_epoch": 0.03273, "eta": 0.21001, "eta_hours": 6e-05, "loss": 0.63723088, "lr": 1.204e-05, "params": 6465, "time_iter": 0.01091, "accuracy": 0.66667, "precision": 0.66667, "recall": 1.0, "f1": 0.8, "auc": 0.43787}
{"epoch": 94, "time_epoch": 0.03261, "eta": 0.17488, "eta_hours": 5e-05, "loss": 0.637235, "lr": 8.86e-06, "params": 6465, "time_iter": 0.01087, "accuracy": 0.66667, "precision": 0.66667, "recall": 1.0, "f1": 0.8, "auc": 0.3358}
{"epoch": 95, "time_epoch": 0.03267, "eta": 0.13981, "eta_hours": 4e-05, "loss": 0.63721712, "lr": 6.16e-06, "params": 6465, "time_iter": 0.01089, "accuracy": 0.66667, "precision": 0.66667, "recall": 1.0, "f1": 0.8, "auc": 0.54438}
{"epoch": 96, "time_epoch": 0.03257, "eta": 0.10478, "eta_hours": 3e-05, "loss": 0.6372164, "lr": 3.94e-06, "params": 6465, "time_iter": 0.01086, "accuracy": 0.66667, "precision": 0.66667, "recall": 1.0, "f1": 0.8, "auc": 0.5858}
{"epoch": 97, "time_epoch": 0.03267, "eta": 0.06981, "eta_hours": 2e-05, "loss": 0.63722456, "lr": 2.22e-06, "params": 6465, "time_iter": 0.01089, "accuracy": 0.66667, "precision": 0.66667, "recall": 1.0, "f1": 0.8, "auc": 0.47041}
{"epoch": 98, "time_epoch": 0.03279, "eta": 0.03488, "eta_hours": 1e-05, "loss": 0.63720989, "lr": 9.9e-07, "params": 6465, "time_iter": 0.01093, "accuracy": 0.66667, "precision": 0.66667, "recall": 1.0, "f1": 0.8, "auc": 0.61391}
{"epoch": 99, "time_epoch": 0.03272, "eta": 0.0, "eta_hours": 0.0, "loss": 0.63720985, "lr": 2.5e-07, "params": 6465, "time_iter": 0.01091, "accuracy": 0.66667, "precision": 0.66667, "recall": 1.0, "f1": 0.8, "auc": 0.64941}
