{"epoch": 0, "time_epoch": 5.64544, "eta": 558.89866, "eta_hours": 0.15525, "loss": 0.67783126, "lr": 0.001, "params": 9207, "time_iter": 0.56454, "accuracy": 0.66667, "precision": 0.66667, "recall": 1.0, "f1": 0.8, "auc": 0.37722}
{"epoch": 1, "time_epoch": 6.78842, "eta": 609.25901, "eta_hours": 0.16924, "loss": 0.6707625, "lr": 0.00099975, "params": 9207, "time_iter": 0.67884, "accuracy": 0.66667, "precision": 0.66667, "recall": 1.0, "f1": 0.8, "auc": 0.63314}
{"epoch": 2, "time_epoch": 1.76809, "eta": 459.19622, "eta_hours": 0.12755, "loss": 0.66681072, "lr": 0.00099901, "params": 9207, "time_iter": 0.17681, "accuracy": 0.66667, "precision": 0.66667, "recall": 1.0, "f1": 0.8, "auc": 0.4645}
{"epoch": 3, "time_epoch": 0.41157, "eta": 350.7244, "eta_hours": 0.09742, "loss": 0.66298618, "lr": 0.00099778, "params": 9207, "time_iter": 0.04116, "accuracy": 0.66667, "precision": 0.66667, "recall": 1.0, "f1": 0.8, "auc": 0.35799}
{"epoch": 4, "time_epoch": 0.42647, "eta": 285.75984, "eta_hours": 0.07938, "loss": 0.65759691, "lr": 0.00099606, "params": 9207, "time_iter": 0.04265, "accuracy": 0.66667, "precision": 0.66667, "recall": 1.0, "f1": 0.8, "auc": 0.57396}
{"epoch": 5, "time_epoch": 0.42755, "eta": 242.32489, "eta_hours": 0.06731, "loss": 0.65358902, "lr": 0.00099384, "params": 9207, "time_iter": 0.04276, "accuracy": 0.66667, "precision": 0.66667, "recall": 1.0, "f1": 0.8, "auc": 0.66272}
{"epoch": 6, "time_epoch": 0.42454, "eta": 211.13768, "eta_hours": 0.05865, "loss": 0.64982924, "lr": 0.00099114, "params": 9207, "time_iter": 0.04245, "accuracy": 0.66667, "precision": 0.66667, "recall": 1.0, "f1": 0.8, "auc": 0.61243}
{"epoch": 7, "time_epoch": 0.43875, "eta": 187.80462, "eta_hours": 0.05217, "loss": 0.64559335, "lr": 0.00098796, "params": 9207, "time_iter": 0.04388, "accuracy": 0.66667, "precision": 0.66667, "recall": 1.0, "f1": 0.8, "auc": 0.67751}
{"epoch": 8, "time_epoch": 0.42842, "eta": 169.45472, "eta_hours": 0.04707, "loss": 0.64022782, "lr": 0.00098429, "params": 9207, "time_iter": 0.04284, "accuracy": 0.66667, "precision": 0.66667, "recall": 1.0, "f1": 0.8, "auc": 0.68343}
{"epoch": 9, "time_epoch": 0.42481, "eta": 154.65658, "eta_hours": 0.04296, "loss": 0.63055221, "lr": 0.00098015, "params": 9207, "time_iter": 0.04248, "accuracy": 0.66667, "precision": 0.66667, "recall": 1.0, "f1": 0.8, "auc": 0.83432}
{"epoch": 10, "time_epoch": 0.4288, "eta": 142.50412, "eta_hours": 0.03958, "loss": 0.61654692, "lr": 0.00097553, "params": 9207, "time_iter": 0.04288, "accuracy": 0.66667, "precision": 0.66667, "recall": 1.0, "f1": 0.8, "auc": 0.84615}
{"epoch": 11, "time_epoch": 0.43199, "eta": 132.32896, "eta_hours": 0.03676, "loss": 0.59661045, "lr": 0.00097044, "params": 9207, "time_iter": 0.0432, "accuracy": 0.69231, "precision": 0.68421, "recall": 1.0, "f1": 0.8125, "auc": 0.8432}
{"epoch": 12, "time_epoch": 0.42546, "eta": 123.60907, "eta_hours": 0.03434, "loss": 0.57599228, "lr": 0.00096489, "params": 9207, "time_iter": 0.04255, "accuracy": 0.69231, "precision": 0.68421, "recall": 1.0, "f1": 0.8125, "auc": 0.82249}
{"epoch": 13, "time_epoch": 0.42668, "eta": 116.08159, "eta_hours": 0.03224, "loss": 0.54307059, "lr": 0.00095888, "params": 9207, "time_iter": 0.04267, "accuracy": 0.71795, "precision": 0.7027, "recall": 1.0, "f1": 0.8254, "auc": 0.88757}
{"epoch": 14, "time_epoch": 0.42332, "eta": 109.48184, "eta_hours": 0.03041, "loss": 0.50304404, "lr": 0.00095241, "params": 9207, "time_iter": 0.04233, "accuracy": 0.71795, "precision": 0.7027, "recall": 1.0, "f1": 0.8254, "auc": 0.90828}
{"epoch": 15, "time_epoch": 0.43096, "eta": 103.69424, "eta_hours": 0.0288, "loss": 0.4444103, "lr": 0.0009455, "params": 9207, "time_iter": 0.0431, "accuracy": 0.76923, "precision": 0.75758, "recall": 0.96154, "f1": 0.84746, "auc": 0.9142}
{"epoch": 16, "time_epoch": 0.42405, "eta": 98.50312, "eta_hours": 0.02736, "loss": 0.39170932, "lr": 0.00093815, "params": 9207, "time_iter": 0.04241, "accuracy": 0.82051, "precision": 0.80645, "recall": 0.96154, "f1": 0.87719, "auc": 0.95858}
{"epoch": 17, "time_epoch": 0.42494, "eta": 93.84572, "eta_hours": 0.02607, "loss": 0.47842209, "lr": 0.00093037, "params": 9207, "time_iter": 0.04249, "accuracy": 0.74359, "precision": 0.75, "recall": 0.92308, "f1": 0.82759, "auc": 0.80769}
{"epoch": 18, "time_epoch": 0.43371, "eta": 89.67122, "eta_hours": 0.02491, "loss": 0.23370282, "lr": 0.00092216, "params": 9207, "time_iter": 0.04337, "accuracy": 0.92308, "precision": 0.89655, "recall": 1.0, "f1": 0.94545, "auc": 1.0}
{"epoch": 19, "time_epoch": 0.42518, "eta": 85.8367, "eta_hours": 0.02384, "loss": 0.3863142, "lr": 0.00091354, "params": 9207, "time_iter": 0.04252, "accuracy": 0.79487, "precision": 0.84615, "recall": 0.84615, "f1": 0.84615, "auc": 0.87278}
{"epoch": 20, "time_epoch": 0.47197, "eta": 82.50286, "eta_hours": 0.02292, "loss": 0.23572825, "lr": 0.00090451, "params": 9207, "time_iter": 0.0472, "accuracy": 0.89744, "precision": 0.89286, "recall": 0.96154, "f1": 0.92593, "auc": 0.98225}
{"epoch": 21, "time_epoch": 0.46791, "eta": 79.4148, "eta_hours": 0.02206, "loss": 0.16380994, "lr": 0.00089508, "params": 9207, "time_iter": 0.04679, "accuracy": 0.94872, "precision": 0.96154, "recall": 0.96154, "f1": 0.96154, "auc": 0.99112}
{"epoch": 22, "time_epoch": 0.47114, "eta": 76.56541, "eta_hours": 0.02127, "loss": 0.11172167, "lr": 0.00088526, "params": 9207, "time_iter": 0.04711, "accuracy": 0.94872, "precision": 0.92857, "recall": 1.0, "f1": 0.96296, "auc": 1.0}
{"epoch": 23, "time_epoch": 0.46959, "eta": 73.9093, "eta_hours": 0.02053, "loss": 0.16739625, "lr": 0.00087506, "params": 9207, "time_iter": 0.04696, "accuracy": 0.92308, "precision": 0.96, "recall": 0.92308, "f1": 0.94118, "auc": 0.98521}
{"epoch": 24, "time_epoch": 0.46988, "eta": 71.42898, "eta_hours": 0.01984, "loss": 0.20452341, "lr": 0.00086448, "params": 9207, "time_iter": 0.04699, "accuracy": 0.89744, "precision": 0.95833, "recall": 0.88462, "f1": 0.92, "auc": 0.97041}
{"epoch": 25, "time_epoch": 0.46983, "eta": 69.10317, "eta_hours": 0.0192, "loss": 0.15220323, "lr": 0.00085355, "params": 9207, "time_iter": 0.04698, "accuracy": 0.92308, "precision": 0.92593, "recall": 0.96154, "f1": 0.9434, "auc": 0.98817}
{"epoch": 26, "time_epoch": 0.4701, "eta": 66.91557, "eta_hours": 0.01859, "loss": 0.07912816, "lr": 0.00084227, "params": 9207, "time_iter": 0.04701, "accuracy": 0.97436, "precision": 1.0, "recall": 0.96154, "f1": 0.98039, "auc": 1.0}
{"epoch": 27, "time_epoch": 0.47604, "eta": 64.86592, "eta_hours": 0.01802, "loss": 0.1526737, "lr": 0.00083066, "params": 9207, "time_iter": 0.0476, "accuracy": 0.92308, "precision": 0.96, "recall": 0.92308, "f1": 0.94118, "auc": 0.98817}
{"epoch": 28, "time_epoch": 0.4706, "eta": 62.91147, "eta_hours": 0.01748, "loss": 0.12973015, "lr": 0.00081871, "params": 9207, "time_iter": 0.04706, "accuracy": 0.94872, "precision": 1.0, "recall": 0.92308, "f1": 0.96, "auc": 0.98521}
{"epoch": 29, "time_epoch": 0.46984, "eta": 61.05417, "eta_hours": 0.01696, "loss": 0.05810908, "lr": 0.00080645, "params": 9207, "time_iter": 0.04698, "accuracy": 1.0, "precision": 1.0, "recall": 1.0, "f1": 1.0, "auc": 1.0}
{"epoch": 30, "time_epoch": 0.48458, "eta": 59.3192, "eta_hours": 0.01648, "loss": 0.23936131, "lr": 0.00079389, "params": 9207, "time_iter": 0.04846, "accuracy": 0.87179, "precision": 0.92, "recall": 0.88462, "f1": 0.90196, "auc": 0.9645}
{"epoch": 31, "time_epoch": 0.47017, "eta": 57.63175, "eta_hours": 0.01601, "loss": 0.10877236, "lr": 0.00078104, "params": 9207, "time_iter": 0.04702, "accuracy": 1.0, "precision": 1.0, "recall": 1.0, "f1": 1.0, "auc": 1.0}
{"epoch": 32, "time_epoch": 0.4725, "eta": 56.02281, "eta_hours": 0.01556, "loss": 0.13159478, "lr": 0.00076791, "params": 9207, "time_iter": 0.04725, "accuracy": 0.92308, "precision": 1.0, "recall": 0.88462, "f1": 0.93878, "auc": 0.99112}
{"epoch": 33, "time_epoch": 0.47035, "eta": 54.47653, "eta_hours": 0.01513, "loss": 0.22225613, "lr": 0.00075452, "params": 9207, "time_iter": 0.04703, "accuracy": 0.89744, "precision": 0.92308, "recall": 0.92308, "f1": 0.92308, "auc": 0.96154}
{"epoch": 34, "time_epoch": 0.46879, "eta": 52.98885, "eta_hours": 0.01472, "loss": 0.16286298, "lr": 0.00074088, "params": 9207, "time_iter": 0.04688, "accuracy": 0.92308, "precision": 1.0, "recall": 0.88462, "f1": 0.93878, "auc": 0.99408}
{"epoch": 35, "time_epoch": 0.47199, "eta": 51.56346, "eta_hours": 0.01432, "loss": 0.24323911, "lr": 0.000727, "params": 9207, "time_iter": 0.0472, "accuracy": 0.89744, "precision": 0.89286, "recall": 0.96154, "f1": 0.92593, "auc": 0.97929}
{"epoch": 36, "time_epoch": 0.47024, "eta": 50.18663, "eta_hours": 0.01394, "loss": 0.09072154, "lr": 0.00071289, "params": 9207, "time_iter": 0.04702, "accuracy": 0.94872, "precision": 0.96154, "recall": 0.96154, "f1": 0.96154, "auc": 0.99704}
{"epoch": 37, "time_epoch": 0.46702, "eta": 48.85227, "eta_hours": 0.01357, "loss": 0.22857198, "lr": 0.00069857, "params": 9207, "time_iter": 0.0467, "accuracy": 0.89744, "precision": 0.92308, "recall": 0.92308, "f1": 0.92308, "auc": 0.9645}
{"epoch": 38, "time_epoch": 0.47848, "eta": 47.5803, "eta_hours": 0.01322, "loss": 0.07105837, "lr": 0.00068406, "params": 9207, "time_iter": 0.04785, "accuracy": 0.97436, "precision": 1.0, "recall": 0.96154, "f1": 0.98039, "auc": 0.99704}
{"epoch": 39, "time_epoch": 0.46859, "eta": 46.33318, "eta_hours": 0.01287, "loss": 0.03655954, "lr": 0.00066937, "params": 9207, "time_iter": 0.04686, "accuracy": 1.0, "precision": 1.0, "recall": 1.0, "f1": 1.0, "auc": 1.0}
{"epoch": 40, "time_epoch": 0.47487, "eta": 45.13307, "eta_hours": 0.01254, "loss": 0.08017889, "lr": 0.00065451, "params": 9207, "time_iter": 0.04749, "accuracy": 0.97436, "precision": 0.96296, "recall": 1.0, "f1": 0.98113, "auc": 1.0}
{"epoch": 41, "time_epoch": 0.47042, "eta": 43.96134, "eta_hours": 0.01221, "loss": 0.13426649, "lr": 0.0006395, "params": 9207, "time_iter": 0.04704, "accuracy": 0.92308, "precision": 1.0, "recall": 0.88462, "f1": 0.93878, "auc": 1.0}
{"epoch": 42, "time_epoch": 0.47281, "eta": 42.8254, "eta_hours": 0.0119, "loss": 0.04663669, "lr": 0.00062434, "params": 9207, "time_iter": 0.04728, "accuracy": 0.97436, "precision": 1.0, "recall": 0.96154, "f1": 0.98039, "auc": 1.0}
{"epoch": 43, "time_epoch": 0.46982, "eta": 41.71581, "eta_hours": 0.01159, "loss": 0.2476326, "lr": 0.00060907, "params": 9207, "time_iter": 0.04698, "accuracy": 0.87179, "precision": 0.95652, "recall": 0.84615, "f1": 0.89796, "auc": 0.95266}
{"epoch": 44, "time_epoch": 0.46684, "eta": 40.631, "eta_hours": 0.01129, "loss": 0.08879386, "lr": 0.00059369, "params": 9207, "time_iter": 0.04668, "accuracy": 0.94872, "precision": 1.0, "recall": 0.92308, "f1": 0.96, "auc": 0.99704}
{"epoch": 45, "time_epoch": 0.46807, "eta": 39.5745, "eta_hours": 0.01099, "loss": 0.05876605, "lr": 0.00057822, "params": 9207, "time_iter": 0.04681, "accuracy": 0.94872, "precision": 1.0, "recall": 0.92308, "f1": 0.96, "auc": 1.0}
{"epoch": 46, "time_epoch": 0.46944, "eta": 38.54459, "eta_hours": 0.01071, "loss": 0.04220466, "lr": 0.00056267, "params": 9207, "time_iter": 0.04694, "accuracy": 1.0, "precision": 1.0, "recall": 1.0, "f1": 1.0, "auc": 1.0}
{"epoch": 47, "time_epoch": 0.47645, "eta": 37.54562, "eta_hours": 0.01043, "loss": 0.11269265, "lr": 0.00054705, "params": 9207, "time_iter": 0.04764, "accuracy": 0.92308, "precision": 0.89655, "recall": 1.0, "f1": 0.94545, "auc": 1.0}
{"epoch": 48, "time_epoch": 0.46759, "eta": 36.55876, "eta_hours": 0.01016, "loss": 0.09078856, "lr": 0.0005314, "params": 9207, "time_iter": 0.04676, "accuracy": 0.94872, "precision": 1.0, "recall": 0.92308, "f1": 0.96, "auc": 0.99704}
{"epoch": 49, "time_epoch": 0.47739, "eta": 35.60248, "eta_hours": 0.00989, "loss": 0.04801944, "lr": 0.00051571, "params": 9207, "time_iter": 0.04774, "accuracy": 0.97436, "precision": 1.0, "recall": 0.96154, "f1": 0.98039, "auc": 1.0}
{"epoch": 50, "time_epoch": 0.47928, "eta": 34.66678, "eta_hours": 0.00963, "loss": 0.10101342, "lr": 0.0005, "params": 9207, "time_iter": 0.04793, "accuracy": 0.97436, "precision": 1.0, "recall": 0.96154, "f1": 0.98039, "auc": 0.99704}
{"epoch": 51, "time_epoch": 0.47148, "eta": 33.74145, "eta_hours": 0.00937, "loss": 0.28785902, "lr": 0.00048429, "params": 9207, "time_iter": 0.04715, "accuracy": 0.84615, "precision": 0.85714, "recall": 0.92308, "f1": 0.88889, "auc": 0.94675}
{"epoch": 52, "time_epoch": 0.46472, "eta": 32.82725, "eta_hours": 0.00912, "loss": 0.16652871, "lr": 0.0004686, "params": 9207, "time_iter": 0.04647, "accuracy": 0.94872, "precision": 1.0, "recall": 0.92308, "f1": 0.96, "auc": 0.98225}
{"epoch": 53, "time_epoch": 0.47194, "eta": 31.93584, "eta_hours": 0.00887, "loss": 0.08693505, "lr": 0.00045295, "params": 9207, "time_iter": 0.04719, "accuracy": 0.94872, "precision": 1.0, "recall": 0.92308, "f1": 0.96, "auc": 1.0}
{"epoch": 54, "time_epoch": 0.46459, "eta": 31.05367, "eta_hours": 0.00863, "loss": 0.03250326, "lr": 0.00043733, "params": 9207, "time_iter": 0.04646, "accuracy": 0.97436, "precision": 1.0, "recall": 0.96154, "f1": 0.98039, "auc": 1.0}
{"epoch": 55, "time_epoch": 0.4681, "eta": 30.18918, "eta_hours": 0.00839, "loss": 0.19908472, "lr": 0.00042178, "params": 9207, "time_iter": 0.04681, "accuracy": 0.92308, "precision": 0.96, "recall": 0.92308, "f1": 0.94118, "auc": 0.96746}
{"epoch": 56, "time_epoch": 0.46695, "eta": 29.33773, "eta_hours": 0.00815, "loss": 0.04170825, "lr": 0.00040631, "params": 9207, "time_iter": 0.0467, "accuracy": 1.0, "precision": 1.0, "recall": 1.0, "f1": 1.0, "auc": 1.0}
{"epoch": 57, "time_epoch": 0.47027, "eta": 28.50193, "eta_hours": 0.00792, "loss": 0.04525574, "lr": 0.00039093, "params": 9207, "time_iter": 0.04703, "accuracy": 1.0, "precision": 1.0, "recall": 1.0, "f1": 1.0, "auc": 1.0}
{"epoch": 58, "time_epoch": 0.47461, "eta": 27.68155, "eta_hours": 0.00769, "loss": 0.12945298, "lr": 0.00037566, "params": 9207, "time_iter": 0.04746, "accuracy": 0.97436, "precision": 1.0, "recall": 0.96154, "f1": 0.98039, "auc": 0.99704}
{"epoch": 59, "time_epoch": 0.4773, "eta": 26.87448, "eta_hours": 0.00747, "loss": 0.09482051, "lr": 0.0003605, "params": 9207, "time_iter": 0.04773, "accuracy": 0.97436, "precision": 1.0, "recall": 0.96154, "f1": 0.98039, "auc": 0.99704}
{"epoch": 60, "time_epoch": 0.47543, "eta": 26.07703, "eta_hours": 0.00724, "loss": 0.0901581, "lr": 0.00034549, "params": 9207, "time_iter": 0.04754, "accuracy": 0.97436, "precision": 1.0, "recall": 0.96154, "f1": 0.98039, "auc": 1.0}
{"epoch": 61, "time_epoch": 0.47585, "eta": 25.29023, "eta_hours": 0.00703, "loss": 0.1303219, "lr": 0.00033063, "params": 9207, "time_iter": 0.04759, "accuracy": 0.92308, "precision": 1.0, "recall": 0.88462, "f1": 0.93878, "auc": 0.99408}
{"epoch": 62, "time_epoch": 0.47587, "eta": 24.51331, "eta_hours": 0.00681, "loss": 0.11416193, "lr": 0.00031594, "params": 9207, "time_iter": 0.04759, "accuracy": 0.94872, "precision": 1.0, "recall": 0.92308, "f1": 0.96, "auc": 0.99112}
{"epoch": 63, "time_epoch": 0.4691, "eta": 23.74199, "eta_hours": 0.00659, "loss": 0.08565735, "lr": 0.00030143, "params": 9207, "time_iter": 0.04691, "accuracy": 0.97436, "precision": 1.0, "recall": 0.96154, "f1": 0.98039, "auc": 1.0}
{"epoch": 64, "time_epoch": 0.4702, "eta": 22.98056, "eta_hours": 0.00638, "loss": 0.09815105, "lr": 0.00028711, "params": 9207, "time_iter": 0.04702, "accuracy": 0.94872, "precision": 1.0, "recall": 0.92308, "f1": 0.96, "auc": 1.0}
{"epoch": 65, "time_epoch": 0.46941, "eta": 22.22754, "eta_hours": 0.00617, "loss": 0.0185402, "lr": 0.000273, "params": 9207, "time_iter": 0.04694, "accuracy": 1.0, "precision": 1.0, "recall": 1.0, "f1": 1.0, "auc": 1.0}
{"epoch": 66, "time_epoch": 0.47136, "eta": 21.48395, "eta_hours": 0.00597, "loss": 0.09018066, "lr": 0.00025912, "params": 9207, "time_iter": 0.04714, "accuracy": 0.97436, "precision": 0.96296, "recall": 1.0, "f1": 0.98113, "auc": 0.99408}
{"epoch": 67, "time_epoch": 0.46775, "eta": 20.74668, "eta_hours": 0.00576, "loss": 0.01585347, "lr": 0.00024548, "params": 9207, "time_iter": 0.04678, "accuracy": 1.0, "precision": 1.0, "recall": 1.0, "f1": 1.0, "auc": 1.0}
{"epoch": 68, "time_epoch": 0.46893, "eta": 20.01774, "eta_hours": 0.00556, "loss": 0.03748609, "lr": 0.00023209, "params": 9207, "time_iter": 0.04689, "accuracy": 1.0, "precision": 1.0, "recall": 1.0, "f1": 1.0, "auc": 1.0}
{"epoch": 69, "time_epoch": 0.46905, "eta": 19.29629, "eta_hours": 0.00536, "loss": 0.06088981, "lr": 0.00021896, "params": 9207, "time_iter": 0.04691, "accuracy": 1.0, "precision": 1.0, "recall": 1.0, "f1": 1.0, "auc": 1.0}
{"epoch": 70, "time_epoch": 0.47636, "eta": 18.58493, "eta_hours": 0.00516, "loss": 0.0729764, "lr": 0.00020611, "params": 9207, "time_iter": 0.04764, "accuracy": 0.97436, "precision": 1.0, "recall": 0.96154, "f1": 0.98039, "auc": 1.0}
{"epoch": 71, "time_epoch": 0.47603, "eta": 17.87997, "eta_hours": 0.00497, "loss": 0.06217781, "lr": 0.00019355, "params": 9207, "time_iter": 0.0476, "accuracy": 0.97436, "precision": 1.0, "recall": 0.96154, "f1": 0.98039, "auc": 1.0}
{"epoch": 72, "time_epoch": 0.46872, "eta": 17.17857, "eta_hours": 0.00477, "loss": 0.00707955, "lr": 0.00018129, "params": 9207, "time_iter": 0.04687, "accuracy": 1.0, "precision": 1.0, "recall": 1.0, "f1": 1.0, "auc": 1.0}
{"epoch": 73, "time_epoch": 0.47465, "eta": 16.48556, "eta_hours": 0.00458, "loss": 0.08245278, "lr": 0.00016934, "params": 9207, "time_iter": 0.04747, "accuracy": 1.0, "precision": 1.0, "recall": 1.0, "f1": 1.0, "auc": 1.0}
{"epoch": 74, "time_epoch": 0.47369, "eta": 15.79804, "eta_hours": 0.00439, "loss": 0.06251084, "lr": 0.00015773, "params": 9207, "time_iter": 0.04737, "accuracy": 0.97436, "precision": 1.0, "recall": 0.96154, "f1": 0.98039, "auc": 1.0}
{"epoch": 75, "time_epoch": 0.47593, "eta": 15.11686, "eta_hours": 0.0042, "loss": 0.09659404, "lr": 0.00014645, "params": 9207, "time_iter": 0.04759, "accuracy": 0.94872, "precision": 0.92857, "recall": 1.0, "f1": 0.96296, "auc": 0.99408}
{"epoch": 76, "time_epoch": 0.47766, "eta": 14.44152, "eta_hours": 0.00401, "loss": 0.1754776, "lr": 0.00013552, "params": 9207, "time_iter": 0.04777, "accuracy": 0.92308, "precision": 0.92593, "recall": 0.96154, "f1": 0.9434, "auc": 0.97929}
{"epoch": 77, "time_epoch": 0.46817, "eta": 13.76858, "eta_hours": 0.00382, "loss": 0.04914481, "lr": 0.00012494, "params": 9207, "time_iter": 0.04682, "accuracy": 1.0, "precision": 1.0, "recall": 1.0, "f1": 1.0, "auc": 1.0}
{"epoch": 78, "time_epoch": 0.47156, "eta": 13.10172, "eta_hours": 0.00364, "loss": 0.04754894, "lr": 0.00011474, "params": 9207, "time_iter": 0.04716, "accuracy": 1.0, "precision": 1.0, "recall": 1.0, "f1": 1.0, "auc": 1.0}
{"epoch": 79, "time_epoch": 0.46988, "eta": 12.43933, "eta_hours": 0.00346, "loss": 0.01048815, "lr": 0.00010492, "params": 9207, "time_iter": 0.04699, "accuracy": 1.0, "precision": 1.0, "recall": 1.0, "f1": 1.0, "auc": 1.0}
{"epoch": 80, "time_epoch": 0.4823, "eta": 11.7846, "eta_hours": 0.00327, "loss": 0.02460497, "lr": 9.549e-05, "params": 9207, "time_iter": 0.04823, "accuracy": 1.0, "precision": 1.0, "recall": 1.0, "f1": 1.0, "auc": 1.0}
{"epoch": 81, "time_epoch": 0.47314, "eta": 11.13207, "eta_hours": 0.00309, "loss": 0.01940562, "lr": 8.646e-05, "params": 9207, "time_iter": 0.04731, "accuracy": 1.0, "precision": 1.0, "recall": 1.0, "f1": 1.0, "auc": 1.0}
{"epoch": 82, "time_epoch": 0.45946, "eta": 10.48106, "eta_hours": 0.00291, "loss": 0.01448977, "lr": 7.784e-05, "params": 9207, "time_iter": 0.04595, "accuracy": 1.0, "precision": 1.0, "recall": 1.0, "f1": 1.0, "auc": 1.0}
{"epoch": 83, "time_epoch": 0.47167, "eta": 9.83693, "eta_hours": 0.00273, "loss": 0.07252594, "lr": 6.963e-05, "params": 9207, "time_iter": 0.04717, "accuracy": 0.97436, "precision": 1.0, "recall": 0.96154, "f1": 0.98039, "auc": 1.0}
{"epoch": 84, "time_epoch": 0.41158, "eta": 9.18626, "eta_hours": 0.00255, "loss": 0.04436404, "lr": 6.185e-05, "params": 9207, "time_iter": 0.04116, "accuracy": 0.97436, "precision": 1.0, "recall": 0.96154, "f1": 0.98039, "auc": 1.0}
{"epoch": 85, "time_epoch": 0.72053, "eta": 8.59144, "eta_hours": 0.00239, "loss": 0.04788089, "lr": 5.45e-05, "params": 9207, "time_iter": 0.07205, "accuracy": 1.0, "precision": 1.0, "recall": 1.0, "f1": 1.0, "auc": 1.0}
{"epoch": 86, "time_epoch": 0.47603, "eta": 7.9572, "eta_hours": 0.00221, "loss": 0.04619041, "lr": 4.759e-05, "params": 9207, "time_iter": 0.0476, "accuracy": 0.97436, "precision": 1.0, "recall": 0.96154, "f1": 0.98039, "auc": 1.0}
{"epoch": 87, "time_epoch": 0.38762, "eta": 7.3145, "eta_hours": 0.00203, "loss": 0.04010189, "lr": 4.112e-05, "params": 9207, "time_iter": 0.03876, "accuracy": 1.0, "precision": 1.0, "recall": 1.0, "f1": 1.0, "auc": 1.0}
{"epoch": 88, "time_epoch": 0.43102, "eta": 6.68289, "eta_hours": 0.00186, "loss": 0.02818798, "lr": 3.511e-05, "params": 9207, "time_iter": 0.0431, "accuracy": 1.0, "precision": 1.0, "recall": 1.0, "f1": 1.0, "auc": 1.0}
{"epoch": 89, "time_epoch": 0.44719, "eta": 6.05754, "eta_hours": 0.00168, "loss": 0.02052712, "lr": 2.956e-05, "params": 9207, "time_iter": 0.04472, "accuracy": 1.0, "precision": 1.0, "recall": 1.0, "f1": 1.0, "auc": 1.0}
{"epoch": 90, "time_epoch": 0.41431, "eta": 5.43285, "eta_hours": 0.00151, "loss": 0.02244297, "lr": 2.447e-05, "params": 9207, "time_iter": 0.04143, "accuracy": 1.0, "precision": 1.0, "recall": 1.0, "f1": 1.0, "auc": 1.0}
{"epoch": 91, "time_epoch": 0.44055, "eta": 4.81502, "eta_hours": 0.00134, "loss": 0.03778589, "lr": 1.985e-05, "params": 9207, "time_iter": 0.04405, "accuracy": 1.0, "precision": 1.0, "recall": 1.0, "f1": 1.0, "auc": 1.0}
{"epoch": 92, "time_epoch": 0.45619, "eta": 4.20218, "eta_hours": 0.00117, "loss": 0.02895808, "lr": 1.571e-05, "params": 9207, "time_iter": 0.04562, "accuracy": 1.0, "precision": 1.0, "recall": 1.0, "f1": 1.0, "auc": 1.0}
{"epoch": 93, "time_epoch": 0.45989, "eta": 3.5929, "eta_hours": 0.001, "loss": 0.04676102, "lr": 1.204e-05, "params": 9207, "time_iter": 0.04599, "accuracy": 1.0, "precision": 1.0, "recall": 1.0, "f1": 1.0, "auc": 1.0}
{"epoch": 94, "time_epoch": 0.46365, "eta": 2.98697, "eta_hours": 0.00083, "loss": 0.05025644, "lr": 8.86e-06, "params": 9207, "time_iter": 0.04637, "accuracy": 0.97436, "precision": 1.0, "recall": 0.96154, "f1": 0.98039, "auc": 1.0}
{"epoch": 95, "time_epoch": 0.46272, "eta": 2.38397, "eta_hours": 0.00066, "loss": 0.20228274, "lr": 6.16e-06, "params": 9207, "time_iter": 0.04627, "accuracy": 0.94872, "precision": 0.92857, "recall": 1.0, "f1": 0.96296, "auc": 0.97041}
{"epoch": 96, "time_epoch": 0.472, "eta": 1.78414, "eta_hours": 0.0005, "loss": 0.14553911, "lr": 3.94e-06, "params": 9207, "time_iter": 0.0472, "accuracy": 0.92308, "precision": 0.89655, "recall": 1.0, "f1": 0.94545, "auc": 0.99408}
{"epoch": 97, "time_epoch": 0.46868, "eta": 1.18685, "eta_hours": 0.00033, "loss": 0.29739092, "lr": 2.22e-06, "params": 9207, "time_iter": 0.04687, "accuracy": 0.89744, "precision": 0.89286, "recall": 0.96154, "f1": 0.92593, "auc": 0.93195}
{"epoch": 98, "time_epoch": 0.46831, "eta": 0.59216, "eta_hours": 0.00016, "loss": 0.07885445, "lr": 9.9e-07, "params": 9207, "time_iter": 0.04683, "accuracy": 0.97436, "precision": 1.0, "recall": 0.96154, "f1": 0.98039, "auc": 0.99704}
{"epoch": 99, "time_epoch": 0.46426, "eta": 0.0, "eta_hours": 0.0, "loss": 0.02437947, "lr": 2.5e-07, "params": 9207, "time_iter": 0.04643, "accuracy": 1.0, "precision": 1.0, "recall": 1.0, "f1": 1.0, "auc": 1.0}
