{"epoch": 0, "time_epoch": 0.95483, "eta": 94.52856, "eta_hours": 0.02626, "loss": 0.69682621, "lr": 0.001, "params": 8313, "time_iter": 0.31828, "accuracy": 0.30769, "precision": 0.0, "recall": 0.0, "f1": 0.0, "auc": 0.4571}
{"epoch": 1, "time_epoch": 2.19011, "eta": 154.10206, "eta_hours": 0.04281, "loss": 0.69280342, "lr": 0.00099975, "params": 8313, "time_iter": 0.73004, "accuracy": 0.51282, "precision": 0.64, "recall": 0.61538, "f1": 0.62745, "auc": 0.45858}
{"epoch": 2, "time_epoch": 2.08359, "eta": 169.05584, "eta_hours": 0.04696, "loss": 0.68927215, "lr": 0.00099901, "params": 8313, "time_iter": 0.69453, "accuracy": 0.66667, "precision": 0.66667, "recall": 1.0, "f1": 0.8, "auc": 0.47041}
{"epoch": 3, "time_epoch": 2.11261, "eta": 176.18743, "eta_hours": 0.04894, "loss": 0.68595361, "lr": 0.00099778, "params": 8313, "time_iter": 0.7042, "accuracy": 0.66667, "precision": 0.66667, "recall": 1.0, "f1": 0.8, "auc": 0.53254}
{"epoch": 4, "time_epoch": 2.11127, "eta": 179.59579, "eta_hours": 0.04989, "loss": 0.68429498, "lr": 0.00099606, "params": 8313, "time_iter": 0.70376, "accuracy": 0.66667, "precision": 0.66667, "recall": 1.0, "f1": 0.8, "auc": 0.42308}
{"epoch": 5, "time_epoch": 2.09496, "eta": 180.90886, "eta_hours": 0.05025, "loss": 0.68002224, "lr": 0.00099384, "params": 8313, "time_iter": 0.69832, "accuracy": 0.66667, "precision": 0.66667, "recall": 1.0, "f1": 0.8, "auc": 0.69527}
{"epoch": 6, "time_epoch": 2.10491, "eta": 181.3804, "eta_hours": 0.05038, "loss": 0.67775326, "lr": 0.00099114, "params": 8313, "time_iter": 0.70164, "accuracy": 0.66667, "precision": 0.66667, "recall": 1.0, "f1": 0.8, "auc": 0.58876}
{"epoch": 7, "time_epoch": 0.81631, "eta": 166.38891, "eta_hours": 0.04622, "loss": 0.67547136, "lr": 0.00098796, "params": 8313, "time_iter": 0.2721, "accuracy": 0.66667, "precision": 0.66667, "recall": 1.0, "f1": 0.8, "auc": 0.58876}
{"epoch": 8, "time_epoch": 0.16088, "eta": 147.9203, "eta_hours": 0.04109, "loss": 0.67178053, "lr": 0.00098429, "params": 8313, "time_iter": 0.05363, "accuracy": 0.66667, "precision": 0.66667, "recall": 1.0, "f1": 0.8, "auc": 0.68639}
{"epoch": 9, "time_epoch": 0.16312, "eta": 133.13339, "eta_hours": 0.03698, "loss": 0.66868115, "lr": 0.00098015, "params": 8313, "time_iter": 0.05437, "accuracy": 0.66667, "precision": 0.66667, "recall": 1.0, "f1": 0.8, "auc": 0.67456}
{"epoch": 10, "time_epoch": 0.1641, "eta": 121.0133, "eta_hours": 0.03361, "loss": 0.66473839, "lr": 0.00097553, "params": 8313, "time_iter": 0.0547, "accuracy": 0.66667, "precision": 0.66667, "recall": 1.0, "f1": 0.8, "auc": 0.78402}
{"epoch": 11, "time_epoch": 0.16248, "eta": 110.87396, "eta_hours": 0.0308, "loss": 0.66107286, "lr": 0.00097044, "params": 8313, "time_iter": 0.05416, "accuracy": 0.66667, "precision": 0.66667, "recall": 1.0, "f1": 0.8, "auc": 0.67751}
{"epoch": 12, "time_epoch": 0.16448, "eta": 102.28294, "eta_hours": 0.02841, "loss": 0.66013314, "lr": 0.00096489, "params": 8313, "time_iter": 0.05483, "accuracy": 0.66667, "precision": 0.66667, "recall": 1.0, "f1": 0.8, "auc": 0.77515}
{"epoch": 13, "time_epoch": 0.18434, "eta": 95.01769, "eta_hours": 0.02639, "loss": 0.6528271, "lr": 0.00095888, "params": 8313, "time_iter": 0.06145, "accuracy": 0.66667, "precision": 0.66667, "recall": 1.0, "f1": 0.8, "auc": 0.80769}
{"epoch": 14, "time_epoch": 0.18575, "eta": 88.70455, "eta_hours": 0.02464, "loss": 0.65255759, "lr": 0.00095241, "params": 8313, "time_iter": 0.06192, "accuracy": 0.66667, "precision": 0.66667, "recall": 1.0, "f1": 0.8, "auc": 0.71598}
{"epoch": 15, "time_epoch": 0.1829, "eta": 83.1424, "eta_hours": 0.0231, "loss": 0.64855514, "lr": 0.0009455, "params": 8313, "time_iter": 0.06097, "accuracy": 0.66667, "precision": 0.66667, "recall": 1.0, "f1": 0.8, "auc": 0.84615}
{"epoch": 16, "time_epoch": 0.18299, "eta": 78.21352, "eta_hours": 0.02173, "loss": 0.64205823, "lr": 0.00093815, "params": 8313, "time_iter": 0.061, "accuracy": 0.66667, "precision": 0.66667, "recall": 1.0, "f1": 0.8, "auc": 0.81361}
{"epoch": 17, "time_epoch": 0.18553, "eta": 73.82355, "eta_hours": 0.02051, "loss": 0.64354217, "lr": 0.00093037, "params": 8313, "time_iter": 0.06184, "accuracy": 0.66667, "precision": 0.66667, "recall": 1.0, "f1": 0.8, "auc": 0.81065}
{"epoch": 18, "time_epoch": 0.18046, "eta": 69.85451, "eta_hours": 0.0194, "loss": 0.64033636, "lr": 0.00092216, "params": 8313, "time_iter": 0.06015, "accuracy": 0.66667, "precision": 0.66667, "recall": 1.0, "f1": 0.8, "auc": 0.75148}
{"epoch": 19, "time_epoch": 0.18236, "eta": 66.27194, "eta_hours": 0.01841, "loss": 0.63169262, "lr": 0.00091354, "params": 8313, "time_iter": 0.06079, "accuracy": 0.66667, "precision": 0.66667, "recall": 1.0, "f1": 0.8, "auc": 0.88166}
{"epoch": 20, "time_epoch": 0.18179, "eta": 63.01107, "eta_hours": 0.0175, "loss": 0.63236125, "lr": 0.00090451, "params": 8313, "time_iter": 0.0606, "accuracy": 0.66667, "precision": 0.66667, "recall": 1.0, "f1": 0.8, "auc": 0.81657}
{"epoch": 21, "time_epoch": 0.18382, "eta": 60.03732, "eta_hours": 0.01668, "loss": 0.62769629, "lr": 0.00089508, "params": 8313, "time_iter": 0.06127, "accuracy": 0.66667, "precision": 0.66667, "recall": 1.0, "f1": 0.8, "auc": 0.93195}
{"epoch": 22, "time_epoch": 0.18877, "eta": 57.32273, "eta_hours": 0.01592, "loss": 0.62138215, "lr": 0.00088526, "params": 8313, "time_iter": 0.06292, "accuracy": 0.69231, "precision": 0.68421, "recall": 1.0, "f1": 0.8125, "auc": 0.95858}
{"epoch": 23, "time_epoch": 0.1831, "eta": 54.80067, "eta_hours": 0.01522, "loss": 0.61762422, "lr": 0.00087506, "params": 8313, "time_iter": 0.06103, "accuracy": 0.69231, "precision": 0.68421, "recall": 1.0, "f1": 0.8125, "auc": 0.92899}
{"epoch": 24, "time_epoch": 0.18336, "eta": 52.46649, "eta_hours": 0.01457, "loss": 0.62152925, "lr": 0.00086448, "params": 8313, "time_iter": 0.06112, "accuracy": 0.66667, "precision": 0.66667, "recall": 1.0, "f1": 0.8, "auc": 0.91124}
{"epoch": 25, "time_epoch": 0.18249, "eta": 50.29528, "eta_hours": 0.01397, "loss": 0.59822092, "lr": 0.00085355, "params": 8313, "time_iter": 0.06083, "accuracy": 0.69231, "precision": 0.68421, "recall": 1.0, "f1": 0.8125, "auc": 0.97337}
{"epoch": 26, "time_epoch": 0.18448, "eta": 48.27677, "eta_hours": 0.01341, "loss": 0.59306049, "lr": 0.00084227, "params": 8313, "time_iter": 0.06149, "accuracy": 0.69231, "precision": 0.68421, "recall": 1.0, "f1": 0.8125, "auc": 0.93491}
{"epoch": 27, "time_epoch": 0.19505, "eta": 46.41645, "eta_hours": 0.01289, "loss": 0.59714482, "lr": 0.00083066, "params": 8313, "time_iter": 0.06502, "accuracy": 0.69231, "precision": 0.68421, "recall": 1.0, "f1": 0.8125, "auc": 0.9142}
{"epoch": 28, "time_epoch": 0.18415, "eta": 44.64429, "eta_hours": 0.0124, "loss": 0.58650112, "lr": 0.00081871, "params": 8313, "time_iter": 0.06138, "accuracy": 0.69231, "precision": 0.68421, "recall": 1.0, "f1": 0.8125, "auc": 0.93787}
{"epoch": 29, "time_epoch": 0.1802, "eta": 42.96877, "eta_hours": 0.01194, "loss": 0.58359134, "lr": 0.00080645, "params": 8313, "time_iter": 0.06007, "accuracy": 0.69231, "precision": 0.68421, "recall": 1.0, "f1": 0.8125, "auc": 0.9497}
{"epoch": 30, "time_epoch": 0.18773, "eta": 41.40649, "eta_hours": 0.0115, "loss": 0.58196279, "lr": 0.00079389, "params": 8313, "time_iter": 0.06258, "accuracy": 0.66667, "precision": 0.66667, "recall": 1.0, "f1": 0.8, "auc": 0.92012}
{"epoch": 31, "time_epoch": 0.18065, "eta": 39.91509, "eta_hours": 0.01109, "loss": 0.57869256, "lr": 0.00078104, "params": 8313, "time_iter": 0.06022, "accuracy": 0.66667, "precision": 0.66667, "recall": 1.0, "f1": 0.8, "auc": 0.89349}
{"epoch": 32, "time_epoch": 0.18231, "eta": 38.50648, "eta_hours": 0.0107, "loss": 0.55361162, "lr": 0.00076791, "params": 8313, "time_iter": 0.06077, "accuracy": 0.69231, "precision": 0.68421, "recall": 1.0, "f1": 0.8125, "auc": 0.99112}
{"epoch": 33, "time_epoch": 0.18266, "eta": 37.17069, "eta_hours": 0.01033, "loss": 0.54450066, "lr": 0.00075452, "params": 8313, "time_iter": 0.06089, "accuracy": 0.71795, "precision": 0.7027, "recall": 1.0, "f1": 0.8254, "auc": 0.98225}
{"epoch": 34, "time_epoch": 0.18615, "eta": 35.90728, "eta_hours": 0.00997, "loss": 0.54495125, "lr": 0.00074088, "params": 8313, "time_iter": 0.06205, "accuracy": 0.71795, "precision": 0.7027, "recall": 1.0, "f1": 0.8254, "auc": 0.94379}
{"epoch": 35, "time_epoch": 0.18257, "eta": 34.69734, "eta_hours": 0.00964, "loss": 0.5249415, "lr": 0.000727, "params": 8313, "time_iter": 0.06086, "accuracy": 0.74359, "precision": 0.72222, "recall": 1.0, "f1": 0.83871, "auc": 0.97041}
{"epoch": 36, "time_epoch": 0.1846, "eta": 33.5464, "eta_hours": 0.00932, "loss": 0.51974936, "lr": 0.00071289, "params": 8313, "time_iter": 0.06153, "accuracy": 0.71795, "precision": 0.7027, "recall": 1.0, "f1": 0.8254, "auc": 0.97929}
{"epoch": 37, "time_epoch": 0.18732, "eta": 32.45075, "eta_hours": 0.00901, "loss": 0.5009755, "lr": 0.00069857, "params": 8313, "time_iter": 0.06244, "accuracy": 0.74359, "precision": 0.72222, "recall": 1.0, "f1": 0.83871, "auc": 0.98225}
{"epoch": 38, "time_epoch": 0.18403, "eta": 31.39655, "eta_hours": 0.00872, "loss": 0.48696479, "lr": 0.00068406, "params": 8313, "time_iter": 0.06134, "accuracy": 0.74359, "precision": 0.72222, "recall": 1.0, "f1": 0.83871, "auc": 0.99112}
{"epoch": 39, "time_epoch": 0.18497, "eta": 30.38727, "eta_hours": 0.00844, "loss": 0.46893789, "lr": 0.00066937, "params": 8313, "time_iter": 0.06166, "accuracy": 0.76923, "precision": 0.74286, "recall": 1.0, "f1": 0.85246, "auc": 1.0}
{"epoch": 40, "time_epoch": 0.17915, "eta": 29.40982, "eta_hours": 0.00817, "loss": 0.46336343, "lr": 0.00065451, "params": 8313, "time_iter": 0.05972, "accuracy": 0.74359, "precision": 0.72222, "recall": 1.0, "f1": 0.83871, "auc": 0.98817}
{"epoch": 41, "time_epoch": 0.18211, "eta": 28.47447, "eta_hours": 0.00791, "loss": 0.44889386, "lr": 0.0006395, "params": 8313, "time_iter": 0.0607, "accuracy": 0.82051, "precision": 0.78788, "recall": 1.0, "f1": 0.88136, "auc": 0.99408}
{"epoch": 42, "time_epoch": 0.18035, "eta": 27.57182, "eta_hours": 0.00766, "loss": 0.42679972, "lr": 0.00062434, "params": 8313, "time_iter": 0.06012, "accuracy": 0.84615, "precision": 0.8125, "recall": 1.0, "f1": 0.89655, "auc": 0.99408}
{"epoch": 43, "time_epoch": 0.18269, "eta": 26.70498, "eta_hours": 0.00742, "loss": 0.42616661, "lr": 0.00060907, "params": 8313, "time_iter": 0.0609, "accuracy": 0.79487, "precision": 0.76471, "recall": 1.0, "f1": 0.86667, "auc": 0.98225}
{"epoch": 44, "time_epoch": 0.18267, "eta": 25.86852, "eta_hours": 0.00719, "loss": 0.4183995, "lr": 0.00059369, "params": 8313, "time_iter": 0.06089, "accuracy": 0.84615, "precision": 0.83333, "recall": 0.96154, "f1": 0.89286, "auc": 0.96746}
{"epoch": 45, "time_epoch": 0.18147, "eta": 25.05908, "eta_hours": 0.00696, "loss": 0.43517517, "lr": 0.00057822, "params": 8313, "time_iter": 0.06049, "accuracy": 0.87179, "precision": 0.83871, "recall": 1.0, "f1": 0.91228, "auc": 0.92012}
{"epoch": 46, "time_epoch": 0.18205, "eta": 24.27702, "eta_hours": 0.00674, "loss": 0.38646438, "lr": 0.00056267, "params": 8313, "time_iter": 0.06068, "accuracy": 0.87179, "precision": 0.83871, "recall": 1.0, "f1": 0.91228, "auc": 0.97929}
{"epoch": 47, "time_epoch": 0.18466, "eta": 23.52278, "eta_hours": 0.00653, "loss": 0.36456349, "lr": 0.00054705, "params": 8313, "time_iter": 0.06155, "accuracy": 0.89744, "precision": 0.86667, "recall": 1.0, "f1": 0.92857, "auc": 0.99112}
{"epoch": 48, "time_epoch": 0.18469, "eta": 22.79182, "eta_hours": 0.00633, "loss": 0.34105603, "lr": 0.0005314, "params": 8313, "time_iter": 0.06156, "accuracy": 0.92308, "precision": 0.89655, "recall": 1.0, "f1": 0.94545, "auc": 1.0}
{"epoch": 49, "time_epoch": 0.1809, "eta": 22.07892, "eta_hours": 0.00613, "loss": 0.32183265, "lr": 0.00051571, "params": 8313, "time_iter": 0.0603, "accuracy": 0.94872, "precision": 0.92857, "recall": 1.0, "f1": 0.96296, "auc": 1.0}
{"epoch": 50, "time_epoch": 0.18359, "eta": 21.38947, "eta_hours": 0.00594, "loss": 0.35230152, "lr": 0.0005, "params": 8313, "time_iter": 0.0612, "accuracy": 0.87179, "precision": 0.83871, "recall": 1.0, "f1": 0.91228, "auc": 0.97633}
{"epoch": 51, "time_epoch": 0.17968, "eta": 20.71587, "eta_hours": 0.00575, "loss": 0.31407359, "lr": 0.00048429, "params": 8313, "time_iter": 0.05989, "accuracy": 0.92308, "precision": 0.89655, "recall": 1.0, "f1": 0.94545, "auc": 0.99408}
{"epoch": 52, "time_epoch": 0.18287, "eta": 20.06373, "eta_hours": 0.00557, "loss": 0.29531354, "lr": 0.0004686, "params": 8313, "time_iter": 0.06096, "accuracy": 0.92308, "precision": 0.89655, "recall": 1.0, "f1": 0.94545, "auc": 1.0}
{"epoch": 53, "time_epoch": 0.18077, "eta": 19.42719, "eta_hours": 0.0054, "loss": 0.28406016, "lr": 0.00045295, "params": 8313, "time_iter": 0.06026, "accuracy": 0.92308, "precision": 0.89655, "recall": 1.0, "f1": 0.94545, "auc": 1.0}
{"epoch": 54, "time_epoch": 0.18382, "eta": 18.80971, "eta_hours": 0.00522, "loss": 0.29293486, "lr": 0.00043733, "params": 8313, "time_iter": 0.06127, "accuracy": 0.92308, "precision": 0.89655, "recall": 1.0, "f1": 0.94545, "auc": 1.0}
{"epoch": 55, "time_epoch": 0.18231, "eta": 18.20654, "eta_hours": 0.00506, "loss": 0.27255736, "lr": 0.00042178, "params": 8313, "time_iter": 0.06077, "accuracy": 0.94872, "precision": 0.92857, "recall": 1.0, "f1": 0.96296, "auc": 1.0}
{"epoch": 56, "time_epoch": 0.18402, "eta": 17.61942, "eta_hours": 0.00489, "loss": 0.28209533, "lr": 0.00040631, "params": 8313, "time_iter": 0.06134, "accuracy": 0.94872, "precision": 0.92857, "recall": 1.0, "f1": 0.96296, "auc": 1.0}
{"epoch": 57, "time_epoch": 0.18073, "eta": 17.04382, "eta_hours": 0.00473, "loss": 0.24915892, "lr": 0.00039093, "params": 8313, "time_iter": 0.06024, "accuracy": 0.94872, "precision": 0.92857, "recall": 1.0, "f1": 0.96296, "auc": 1.0}
{"epoch": 58, "time_epoch": 0.18437, "eta": 16.48414, "eta_hours": 0.00458, "loss": 0.24743094, "lr": 0.00037566, "params": 8313, "time_iter": 0.06146, "accuracy": 0.94872, "precision": 0.92857, "recall": 1.0, "f1": 0.96296, "auc": 1.0}
{"epoch": 59, "time_epoch": 0.18372, "eta": 15.93653, "eta_hours": 0.00443, "loss": 0.24886502, "lr": 0.0003605, "params": 8313, "time_iter": 0.06124, "accuracy": 0.94872, "precision": 0.92857, "recall": 1.0, "f1": 0.96296, "auc": 0.99704}
{"epoch": 60, "time_epoch": 0.17853, "eta": 15.39754, "eta_hours": 0.00428, "loss": 0.22684127, "lr": 0.00034549, "params": 8313, "time_iter": 0.05951, "accuracy": 0.97436, "precision": 0.96296, "recall": 1.0, "f1": 0.98113, "auc": 1.0}
{"epoch": 61, "time_epoch": 0.18503, "eta": 14.87415, "eta_hours": 0.00413, "loss": 0.22802393, "lr": 0.00033063, "params": 8313, "time_iter": 0.06168, "accuracy": 0.94872, "precision": 0.92857, "recall": 1.0, "f1": 0.96296, "auc": 1.0}
{"epoch": 62, "time_epoch": 0.18421, "eta": 14.36103, "eta_hours": 0.00399, "loss": 0.21262499, "lr": 0.00031594, "params": 8313, "time_iter": 0.0614, "accuracy": 0.94872, "precision": 0.92857, "recall": 1.0, "f1": 0.96296, "auc": 1.0}
{"epoch": 63, "time_epoch": 0.18413, "eta": 13.85814, "eta_hours": 0.00385, "loss": 0.20490373, "lr": 0.00030143, "params": 8313, "time_iter": 0.06138, "accuracy": 0.97436, "precision": 0.96296, "recall": 1.0, "f1": 0.98113, "auc": 1.0}
{"epoch": 64, "time_epoch": 0.18157, "eta": 13.36368, "eta_hours": 0.00371, "loss": 0.21747444, "lr": 0.00028711, "params": 8313, "time_iter": 0.06052, "accuracy": 0.97436, "precision": 0.96296, "recall": 1.0, "f1": 0.98113, "auc": 0.99704}
{"epoch": 65, "time_epoch": 0.18419, "eta": 12.88005, "eta_hours": 0.00358, "loss": 0.22394983, "lr": 0.000273, "params": 8313, "time_iter": 0.0614, "accuracy": 0.94872, "precision": 0.92857, "recall": 1.0, "f1": 0.96296, "auc": 0.99408}
{"epoch": 66, "time_epoch": 0.18394, "eta": 12.40524, "eta_hours": 0.00345, "loss": 0.1906968, "lr": 0.00025912, "params": 8313, "time_iter": 0.06131, "accuracy": 0.94872, "precision": 0.92857, "recall": 1.0, "f1": 0.96296, "auc": 1.0}
{"epoch": 67, "time_epoch": 0.18316, "eta": 11.93861, "eta_hours": 0.00332, "loss": 0.19193366, "lr": 0.00024548, "params": 8313, "time_iter": 0.06105, "accuracy": 0.97436, "precision": 0.96296, "recall": 1.0, "f1": 0.98113, "auc": 1.0}
{"epoch": 68, "time_epoch": 0.18412, "eta": 11.48063, "eta_hours": 0.00319, "loss": 0.23350185, "lr": 0.00023209, "params": 8313, "time_iter": 0.06137, "accuracy": 0.97436, "precision": 0.96296, "recall": 1.0, "f1": 0.98113, "auc": 0.99408}
{"epoch": 69, "time_epoch": 0.18228, "eta": 11.02969, "eta_hours": 0.00306, "loss": 0.2212513, "lr": 0.00021896, "params": 8313, "time_iter": 0.06076, "accuracy": 0.97436, "precision": 0.96296, "recall": 1.0, "f1": 0.98113, "auc": 0.99704}
{"epoch": 70, "time_epoch": 0.18149, "eta": 10.58599, "eta_hours": 0.00294, "loss": 0.17623074, "lr": 0.00020611, "params": 8313, "time_iter": 0.0605, "accuracy": 0.97436, "precision": 0.96296, "recall": 1.0, "f1": 0.98113, "auc": 1.0}
{"epoch": 71, "time_epoch": 0.18467, "eta": 10.15082, "eta_hours": 0.00282, "loss": 0.19225786, "lr": 0.00019355, "params": 8313, "time_iter": 0.06156, "accuracy": 0.94872, "precision": 0.92857, "recall": 1.0, "f1": 0.96296, "auc": 1.0}
{"epoch": 72, "time_epoch": 0.1821, "eta": 9.72156, "eta_hours": 0.0027, "loss": 0.17096175, "lr": 0.00018129, "params": 8313, "time_iter": 0.0607, "accuracy": 0.97436, "precision": 0.96296, "recall": 1.0, "f1": 0.98113, "auc": 1.0}
{"epoch": 73, "time_epoch": 0.18158, "eta": 9.29879, "eta_hours": 0.00258, "loss": 0.16976688, "lr": 0.00016934, "params": 8313, "time_iter": 0.06053, "accuracy": 0.97436, "precision": 0.96296, "recall": 1.0, "f1": 0.98113, "auc": 1.0}
{"epoch": 74, "time_epoch": 0.18391, "eta": 8.88323, "eta_hours": 0.00247, "loss": 0.16608162, "lr": 0.00015773, "params": 8313, "time_iter": 0.0613, "accuracy": 1.0, "precision": 1.0, "recall": 1.0, "f1": 1.0, "auc": 1.0}
{"epoch": 75, "time_epoch": 0.18689, "eta": 8.47471, "eta_hours": 0.00235, "loss": 0.16605258, "lr": 0.00014645, "params": 8313, "time_iter": 0.0623, "accuracy": 0.97436, "precision": 0.96296, "recall": 1.0, "f1": 0.98113, "auc": 1.0}
{"epoch": 76, "time_epoch": 0.18743, "eta": 8.07211, "eta_hours": 0.00224, "loss": 0.16844874, "lr": 0.00013552, "params": 8313, "time_iter": 0.06248, "accuracy": 0.97436, "precision": 0.96296, "recall": 1.0, "f1": 0.98113, "auc": 1.0}
{"epoch": 77, "time_epoch": 0.18309, "eta": 7.6738, "eta_hours": 0.00213, "loss": 0.1477608, "lr": 0.00012494, "params": 8313, "time_iter": 0.06103, "accuracy": 1.0, "precision": 1.0, "recall": 1.0, "f1": 1.0, "auc": 1.0}
{"epoch": 78, "time_epoch": 0.18627, "eta": 7.28178, "eta_hours": 0.00202, "loss": 0.29307112, "lr": 0.00011474, "params": 8313, "time_iter": 0.06209, "accuracy": 0.92308, "precision": 0.92593, "recall": 0.96154, "f1": 0.9434, "auc": 0.95858}
{"epoch": 79, "time_epoch": 0.18257, "eta": 6.89399, "eta_hours": 0.00191, "loss": 0.15937919, "lr": 0.00010492, "params": 8313, "time_iter": 0.06086, "accuracy": 1.0, "precision": 1.0, "recall": 1.0, "f1": 1.0, "auc": 1.0}
{"epoch": 80, "time_epoch": 0.1817, "eta": 6.51105, "eta_hours": 0.00181, "loss": 0.17744018, "lr": 9.549e-05, "params": 8313, "time_iter": 0.06057, "accuracy": 0.97436, "precision": 0.96296, "recall": 1.0, "f1": 0.98113, "auc": 1.0}
{"epoch": 81, "time_epoch": 0.18298, "eta": 6.13331, "eta_hours": 0.0017, "loss": 0.14535879, "lr": 8.646e-05, "params": 8313, "time_iter": 0.06099, "accuracy": 0.97436, "precision": 0.96296, "recall": 1.0, "f1": 0.98113, "auc": 1.0}
{"epoch": 82, "time_epoch": 0.18714, "eta": 5.76111, "eta_hours": 0.0016, "loss": 0.15593167, "lr": 7.784e-05, "params": 8313, "time_iter": 0.06238, "accuracy": 1.0, "precision": 1.0, "recall": 1.0, "f1": 1.0, "auc": 1.0}
{"epoch": 83, "time_epoch": 0.18058, "eta": 5.39207, "eta_hours": 0.0015, "loss": 0.14139708, "lr": 6.963e-05, "params": 8313, "time_iter": 0.06019, "accuracy": 0.97436, "precision": 0.96296, "recall": 1.0, "f1": 0.98113, "auc": 1.0}
{"epoch": 84, "time_epoch": 0.18348, "eta": 5.02797, "eta_hours": 0.0014, "loss": 0.16830555, "lr": 6.185e-05, "params": 8313, "time_iter": 0.06116, "accuracy": 0.97436, "precision": 0.96296, "recall": 1.0, "f1": 0.98113, "auc": 1.0}
{"epoch": 85, "time_epoch": 0.18775, "eta": 4.66877, "eta_hours": 0.0013, "loss": 0.15228577, "lr": 5.45e-05, "params": 8313, "time_iter": 0.06258, "accuracy": 0.97436, "precision": 0.96296, "recall": 1.0, "f1": 0.98113, "auc": 1.0}
{"epoch": 86, "time_epoch": 0.18636, "eta": 4.3133, "eta_hours": 0.0012, "loss": 0.15383567, "lr": 4.759e-05, "params": 8313, "time_iter": 0.06212, "accuracy": 1.0, "precision": 1.0, "recall": 1.0, "f1": 1.0, "auc": 1.0}
{"epoch": 87, "time_epoch": 0.18113, "eta": 3.96096, "eta_hours": 0.0011, "loss": 0.20708297, "lr": 4.112e-05, "params": 8313, "time_iter": 0.06038, "accuracy": 0.97436, "precision": 0.96296, "recall": 1.0, "f1": 0.98113, "auc": 0.99704}
{"epoch": 88, "time_epoch": 0.1825, "eta": 3.61264, "eta_hours": 0.001, "loss": 0.14438333, "lr": 3.511e-05, "params": 8313, "time_iter": 0.06083, "accuracy": 0.97436, "precision": 0.96296, "recall": 1.0, "f1": 0.98113, "auc": 1.0}
{"epoch": 89, "time_epoch": 0.18063, "eta": 3.2678, "eta_hours": 0.00091, "loss": 0.13796946, "lr": 2.956e-05, "params": 8313, "time_iter": 0.06021, "accuracy": 1.0, "precision": 1.0, "recall": 1.0, "f1": 1.0, "auc": 1.0}
{"epoch": 90, "time_epoch": 0.18345, "eta": 2.92684, "eta_hours": 0.00081, "loss": 0.15838259, "lr": 2.447e-05, "params": 8313, "time_iter": 0.06115, "accuracy": 0.97436, "precision": 0.96296, "recall": 1.0, "f1": 0.98113, "auc": 1.0}
{"epoch": 91, "time_epoch": 0.18181, "eta": 2.58917, "eta_hours": 0.00072, "loss": 0.15306463, "lr": 1.985e-05, "params": 8313, "time_iter": 0.0606, "accuracy": 1.0, "precision": 1.0, "recall": 1.0, "f1": 1.0, "auc": 1.0}
{"epoch": 92, "time_epoch": 0.1831, "eta": 2.25494, "eta_hours": 0.00063, "loss": 0.13366314, "lr": 1.571e-05, "params": 8313, "time_iter": 0.06103, "accuracy": 1.0, "precision": 1.0, "recall": 1.0, "f1": 1.0, "auc": 1.0}
{"epoch": 93, "time_epoch": 0.18606, "eta": 1.92412, "eta_hours": 0.00053, "loss": 0.14649849, "lr": 1.204e-05, "params": 8313, "time_iter": 0.06202, "accuracy": 1.0, "precision": 1.0, "recall": 1.0, "f1": 1.0, "auc": 1.0}
{"epoch": 94, "time_epoch": 0.1849, "eta": 1.59629, "eta_hours": 0.00044, "loss": 0.16770342, "lr": 8.86e-06, "params": 8313, "time_iter": 0.06163, "accuracy": 1.0, "precision": 1.0, "recall": 1.0, "f1": 1.0, "auc": 1.0}
{"epoch": 95, "time_epoch": 0.18503, "eta": 1.27144, "eta_hours": 0.00035, "loss": 0.15502964, "lr": 6.16e-06, "params": 8313, "time_iter": 0.06168, "accuracy": 1.0, "precision": 1.0, "recall": 1.0, "f1": 1.0, "auc": 1.0}
{"epoch": 96, "time_epoch": 0.18012, "eta": 0.94932, "eta_hours": 0.00026, "loss": 0.20816259, "lr": 3.94e-06, "params": 8313, "time_iter": 0.06004, "accuracy": 0.92308, "precision": 0.96, "recall": 0.92308, "f1": 0.94118, "auc": 0.99112}
{"epoch": 97, "time_epoch": 0.18273, "eta": 0.63015, "eta_hours": 0.00018, "loss": 0.1757123, "lr": 2.22e-06, "params": 8313, "time_iter": 0.06091, "accuracy": 1.0, "precision": 1.0, "recall": 1.0, "f1": 1.0, "auc": 1.0}
{"epoch": 98, "time_epoch": 0.1859, "eta": 0.31377, "eta_hours": 9e-05, "loss": 0.14174645, "lr": 9.9e-07, "params": 8313, "time_iter": 0.06197, "accuracy": 1.0, "precision": 1.0, "recall": 1.0, "f1": 1.0, "auc": 1.0}
{"epoch": 99, "time_epoch": 0.18317, "eta": 0.0, "eta_hours": 0.0, "loss": 0.15297432, "lr": 2.5e-07, "params": 8313, "time_iter": 0.06106, "accuracy": 0.97436, "precision": 0.96296, "recall": 1.0, "f1": 0.98113, "auc": 1.0}
