{"epoch": 0, "time_epoch": 27.03178, "eta": 2676.14587, "eta_hours": 0.74337, "loss": 0.6689809, "lr": 0.001, "params": 5865, "time_iter": 0.20955, "accuracy": 0.57838, "precision": 0.71615, "recall": 0.26647, "f1": 0.38842, "auc": 0.6528}
{"epoch": 1, "time_epoch": 9.05269, "eta": 1768.13903, "eta_hours": 0.49115, "loss": 0.63609695, "lr": 0.00099975, "params": 5865, "time_iter": 0.07018, "accuracy": 0.63875, "precision": 0.65659, "recall": 0.58915, "f1": 0.62104, "auc": 0.69112}
{"epoch": 2, "time_epoch": 8.83311, "eta": 1452.33506, "eta_hours": 0.40343, "loss": 0.63326803, "lr": 0.00099901, "params": 5865, "time_iter": 0.06847, "accuracy": 0.64606, "precision": 0.67116, "recall": 0.57946, "f1": 0.62194, "auc": 0.69187}
{"epoch": 3, "time_epoch": 8.87021, "eta": 1290.90702, "eta_hours": 0.35859, "loss": 0.62968892, "lr": 0.00099778, "params": 5865, "time_iter": 0.06876, "accuracy": 0.64946, "precision": 0.65354, "recall": 0.64341, "f1": 0.64844, "auc": 0.70279}
{"epoch": 4, "time_epoch": 8.99114, "eta": 1192.79968, "eta_hours": 0.33133, "loss": 0.62262252, "lr": 0.00099606, "params": 5865, "time_iter": 0.0697, "accuracy": 0.65677, "precision": 0.69441, "recall": 0.56589, "f1": 0.6236, "auc": 0.71082}
{"epoch": 5, "time_epoch": 9.85221, "eta": 1137.88791, "eta_hours": 0.31608, "loss": 0.62416104, "lr": 0.00099384, "params": 5865, "time_iter": 0.07637, "accuracy": 0.65287, "precision": 0.67585, "recall": 0.59399, "f1": 0.63228, "auc": 0.70856}
{"epoch": 6, "time_epoch": 15.70804, "eta": 1173.64909, "eta_hours": 0.32601, "loss": 0.62342467, "lr": 0.00099114, "params": 5865, "time_iter": 0.12177, "accuracy": 0.66553, "precision": 0.70223, "recall": 0.58043, "f1": 0.63554, "auc": 0.7075}
{"epoch": 7, "time_epoch": 17.74799, "eta": 1220.00245, "eta_hours": 0.33889, "loss": 0.62303766, "lr": 0.00098796, "params": 5865, "time_iter": 0.13758, "accuracy": 0.65774, "precision": 0.68018, "recall": 0.60174, "f1": 0.63856, "auc": 0.7107}
{"epoch": 8, "time_epoch": 17.94053, "eta": 1254.05781, "eta_hours": 0.34835, "loss": 0.61581518, "lr": 0.00098429, "params": 5865, "time_iter": 0.13907, "accuracy": 0.65969, "precision": 0.69072, "recall": 0.5843, "f1": 0.63307, "auc": 0.7187}
{"epoch": 9, "time_epoch": 17.92983, "eta": 1277.61769, "eta_hours": 0.35489, "loss": 0.61204822, "lr": 0.00098015, "params": 5865, "time_iter": 0.13899, "accuracy": 0.65823, "precision": 0.68539, "recall": 0.59109, "f1": 0.63476, "auc": 0.72203}
{"epoch": 10, "time_epoch": 15.04435, "eta": 1270.28786, "eta_hours": 0.35286, "loss": 0.60556563, "lr": 0.00097553, "params": 5865, "time_iter": 0.11662, "accuracy": 0.67478, "precision": 0.69486, "recall": 0.62888, "f1": 0.66022, "auc": 0.73435}
{"epoch": 11, "time_epoch": 14.74407, "eta": 1259.47022, "eta_hours": 0.34985, "loss": 0.60782918, "lr": 0.00097044, "params": 5865, "time_iter": 0.1143, "accuracy": 0.66894, "precision": 0.69214, "recall": 0.61434, "f1": 0.65092, "auc": 0.72912}
{"epoch": 12, "time_epoch": 16.99176, "eta": 1263.09073, "eta_hours": 0.35086, "loss": 0.60557797, "lr": 0.00096489, "params": 5865, "time_iter": 0.13172, "accuracy": 0.6704, "precision": 0.68743, "recall": 0.63081, "f1": 0.65791, "auc": 0.73187}
{"epoch": 13, "time_epoch": 15.82, "eta": 1256.56868, "eta_hours": 0.34905, "loss": 0.60097093, "lr": 0.00095888, "params": 5865, "time_iter": 0.12264, "accuracy": 0.66602, "precision": 0.68642, "recall": 0.61725, "f1": 0.65, "auc": 0.73305}
{"epoch": 14, "time_epoch": 16.75371, "eta": 1254.09796, "eta_hours": 0.34836, "loss": 0.59482906, "lr": 0.00095241, "params": 5865, "time_iter": 0.12987, "accuracy": 0.66845, "precision": 0.69097, "recall": 0.61531, "f1": 0.65095, "auc": 0.73948}
{"epoch": 15, "time_epoch": 15.07297, "eta": 1241.01799, "eta_hours": 0.34473, "loss": 0.58396504, "lr": 0.0009455, "params": 5865, "time_iter": 0.11684, "accuracy": 0.67868, "precision": 0.68526, "recall": 0.66667, "f1": 0.67583, "auc": 0.75623}
{"epoch": 16, "time_epoch": 14.49115, "eta": 1224.8629, "eta_hours": 0.34024, "loss": 0.58164201, "lr": 0.00093815, "params": 5865, "time_iter": 0.11233, "accuracy": 0.68549, "precision": 0.69223, "recall": 0.67345, "f1": 0.68271, "auc": 0.75821}
{"epoch": 17, "time_epoch": 16.07878, "eta": 1216.12522, "eta_hours": 0.33781, "loss": 0.57419205, "lr": 0.00093037, "params": 5865, "time_iter": 0.12464, "accuracy": 0.69766, "precision": 0.70326, "recall": 0.68895, "f1": 0.69604, "auc": 0.76836}
{"epoch": 18, "time_epoch": 14.33713, "eta": 1199.18986, "eta_hours": 0.33311, "loss": 0.57724984, "lr": 0.00092216, "params": 5865, "time_iter": 0.11114, "accuracy": 0.69718, "precision": 0.70624, "recall": 0.68023, "f1": 0.69299, "auc": 0.76482}
{"epoch": 19, "time_epoch": 15.19604, "eta": 1185.94996, "eta_hours": 0.32943, "loss": 0.56927165, "lr": 0.00091354, "params": 5865, "time_iter": 0.1178, "accuracy": 0.70594, "precision": 0.72016, "recall": 0.67829, "f1": 0.6986, "auc": 0.77138}
{"epoch": 20, "time_epoch": 10.99992, "eta": 1156.73834, "eta_hours": 0.32132, "loss": 0.56993319, "lr": 0.00090451, "params": 5865, "time_iter": 0.08527, "accuracy": 0.69864, "precision": 0.69952, "recall": 0.70155, "f1": 0.70053, "auc": 0.77201}
{"epoch": 21, "time_epoch": 8.73311, "eta": 1121.14547, "eta_hours": 0.31143, "loss": 0.55747017, "lr": 0.00089508, "params": 5865, "time_iter": 0.0677, "accuracy": 0.70545, "precision": 0.71034, "recall": 0.69864, "f1": 0.70445, "auc": 0.7865}
{"epoch": 22, "time_epoch": 8.55469, "eta": 1087.29091, "eta_hours": 0.30203, "loss": 0.55624922, "lr": 0.00088526, "params": 5865, "time_iter": 0.06632, "accuracy": 0.70351, "precision": 0.70317, "recall": 0.7093, "f1": 0.70622, "auc": 0.78755}
{"epoch": 23, "time_epoch": 9.21149, "eta": 1057.62454, "eta_hours": 0.29378, "loss": 0.55286797, "lr": 0.00087506, "params": 5865, "time_iter": 0.07141, "accuracy": 0.70691, "precision": 0.70833, "recall": 0.70833, "f1": 0.70833, "auc": 0.78739}
{"epoch": 24, "time_epoch": 8.94058, "eta": 1028.78183, "eta_hours": 0.28577, "loss": 0.55439351, "lr": 0.00086448, "params": 5865, "time_iter": 0.06931, "accuracy": 0.71714, "precision": 0.72217, "recall": 0.71027, "f1": 0.71617, "auc": 0.78921}
{"epoch": 25, "time_epoch": 9.10918, "eta": 1001.94991, "eta_hours": 0.27832, "loss": 0.54364382, "lr": 0.00085355, "params": 5865, "time_iter": 0.07061, "accuracy": 0.71178, "precision": 0.71696, "recall": 0.70446, "f1": 0.71065, "auc": 0.79592}
{"epoch": 26, "time_epoch": 9.263, "eta": 976.84668, "eta_hours": 0.27135, "loss": 0.54114421, "lr": 0.00084227, "params": 5865, "time_iter": 0.07181, "accuracy": 0.71957, "precision": 0.72664, "recall": 0.70833, "f1": 0.71737, "auc": 0.79974}
{"epoch": 27, "time_epoch": 9.12373, "eta": 952.51676, "eta_hours": 0.26459, "loss": 0.54380043, "lr": 0.00083066, "params": 5865, "time_iter": 0.07073, "accuracy": 0.71616, "precision": 0.71945, "recall": 0.71318, "f1": 0.7163, "auc": 0.79696}
{"epoch": 28, "time_epoch": 9.20927, "eta": 929.44498, "eta_hours": 0.25818, "loss": 0.54094485, "lr": 0.00081871, "params": 5865, "time_iter": 0.07139, "accuracy": 0.72541, "precision": 0.725, "recall": 0.73062, "f1": 0.7278, "auc": 0.80045}
{"epoch": 29, "time_epoch": 15.07138, "eta": 920.97562, "eta_hours": 0.25583, "loss": 0.5382043, "lr": 0.00080645, "params": 5865, "time_iter": 0.11683, "accuracy": 0.73174, "precision": 0.72753, "recall": 0.74516, "f1": 0.73624, "auc": 0.80465}
{"epoch": 30, "time_epoch": 17.36452, "eta": 917.18441, "eta_hours": 0.25477, "loss": 0.53862204, "lr": 0.00079389, "params": 5865, "time_iter": 0.13461, "accuracy": 0.71665, "precision": 0.7193, "recall": 0.71512, "f1": 0.7172, "auc": 0.80044}
{"epoch": 31, "time_epoch": 19.55773, "eta": 917.20544, "eta_hours": 0.25478, "loss": 0.54294894, "lr": 0.00078104, "params": 5865, "time_iter": 0.15161, "accuracy": 0.72152, "precision": 0.72461, "recall": 0.71899, "f1": 0.72179, "auc": 0.79985}
{"epoch": 32, "time_epoch": 19.42549, "eta": 915.77139, "eta_hours": 0.25438, "loss": 0.53691306, "lr": 0.00076791, "params": 5865, "time_iter": 0.15059, "accuracy": 0.72785, "precision": 0.73118, "recall": 0.72481, "f1": 0.72798, "auc": 0.80648}
{"epoch": 33, "time_epoch": 18.96905, "eta": 912.393, "eta_hours": 0.25344, "loss": 0.53064855, "lr": 0.00075452, "params": 5865, "time_iter": 0.14705, "accuracy": 0.73369, "precision": 0.74177, "recall": 0.72093, "f1": 0.7312, "auc": 0.80927}
{"epoch": 34, "time_epoch": 17.88798, "eta": 906.11599, "eta_hours": 0.2517, "loss": 0.53258459, "lr": 0.00074088, "params": 5865, "time_iter": 0.13867, "accuracy": 0.72639, "precision": 0.73453, "recall": 0.71318, "f1": 0.7237, "auc": 0.80892}
{"epoch": 35, "time_epoch": 17.20213, "eta": 897.97466, "eta_hours": 0.24944, "loss": 0.53567518, "lr": 0.000727, "params": 5865, "time_iter": 0.13335, "accuracy": 0.73174, "precision": 0.73237, "recall": 0.7345, "f1": 0.73343, "auc": 0.80432}
{"epoch": 36, "time_epoch": 17.77203, "eta": 890.31391, "eta_hours": 0.24731, "loss": 0.53242181, "lr": 0.00071289, "params": 5865, "time_iter": 0.13777, "accuracy": 0.72736, "precision": 0.73047, "recall": 0.72481, "f1": 0.72763, "auc": 0.80807}
{"epoch": 37, "time_epoch": 17.23916, "eta": 881.25157, "eta_hours": 0.24479, "loss": 0.52678838, "lr": 0.00069857, "params": 5865, "time_iter": 0.13364, "accuracy": 0.73661, "precision": 0.75707, "recall": 0.70058, "f1": 0.72773, "auc": 0.81464}
{"epoch": 38, "time_epoch": 15.97002, "eta": 869.78485, "eta_hours": 0.24161, "loss": 0.53523999, "lr": 0.00068406, "params": 5865, "time_iter": 0.1238, "accuracy": 0.7298, "precision": 0.7265, "recall": 0.74128, "f1": 0.73381, "auc": 0.8078}
{"epoch": 39, "time_epoch": 15.17491, "eta": 856.9003, "eta_hours": 0.23803, "loss": 0.52655425, "lr": 0.00066937, "params": 5865, "time_iter": 0.11763, "accuracy": 0.73807, "precision": 0.74216, "recall": 0.73353, "f1": 0.73782, "auc": 0.81494}
{"epoch": 40, "time_epoch": 15.77102, "eta": 844.76184, "eta_hours": 0.23466, "loss": 0.52321748, "lr": 0.00065451, "params": 5865, "time_iter": 0.12226, "accuracy": 0.73126, "precision": 0.7277, "recall": 0.74322, "f1": 0.73538, "auc": 0.81501}
{"epoch": 41, "time_epoch": 15.29932, "eta": 831.79901, "eta_hours": 0.23106, "loss": 0.52799731, "lr": 0.0006395, "params": 5865, "time_iter": 0.1186, "accuracy": 0.73223, "precision": 0.72996, "recall": 0.74128, "f1": 0.73558, "auc": 0.81147}
{"epoch": 42, "time_epoch": 15.54334, "eta": 819.05096, "eta_hours": 0.22751, "loss": 0.53225122, "lr": 0.00062434, "params": 5865, "time_iter": 0.12049, "accuracy": 0.73223, "precision": 0.7372, "recall": 0.72578, "f1": 0.73145, "auc": 0.80991}
{"epoch": 43, "time_epoch": 14.45915, "eta": 804.79598, "eta_hours": 0.22355, "loss": 0.52409065, "lr": 0.00060907, "params": 5865, "time_iter": 0.11209, "accuracy": 0.74099, "precision": 0.73585, "recall": 0.75581, "f1": 0.7457, "auc": 0.81564}
{"epoch": 44, "time_epoch": 10.55956, "eta": 785.76576, "eta_hours": 0.21827, "loss": 0.52821369, "lr": 0.00059369, "params": 5865, "time_iter": 0.08186, "accuracy": 0.74099, "precision": 0.73277, "recall": 0.7626, "f1": 0.74739, "auc": 0.81432}
{"epoch": 45, "time_epoch": 8.68469, "eta": 764.9029, "eta_hours": 0.21247, "loss": 0.5252733, "lr": 0.00057822, "params": 5865, "time_iter": 0.06732, "accuracy": 0.74197, "precision": 0.73814, "recall": 0.75388, "f1": 0.74593, "auc": 0.81692}
{"epoch": 46, "time_epoch": 8.91376, "eta": 744.81656, "eta_hours": 0.20689, "loss": 0.5237468, "lr": 0.00056267, "params": 5865, "time_iter": 0.0691, "accuracy": 0.74489, "precision": 0.74612, "recall": 0.74612, "f1": 0.74612, "auc": 0.81886}
{"epoch": 47, "time_epoch": 8.83559, "eta": 725.11107, "eta_hours": 0.20142, "loss": 0.51992383, "lr": 0.00054705, "params": 5865, "time_iter": 0.06849, "accuracy": 0.7332, "precision": 0.73587, "recall": 0.73159, "f1": 0.73372, "auc": 0.81882}
{"epoch": 48, "time_epoch": 9.28598, "eta": 706.31801, "eta_hours": 0.1962, "loss": 0.52166694, "lr": 0.0005314, "params": 5865, "time_iter": 0.07198, "accuracy": 0.7371, "precision": 0.74748, "recall": 0.71996, "f1": 0.73346, "auc": 0.82024}
{"epoch": 49, "time_epoch": 9.26119, "eta": 687.88046, "eta_hours": 0.19108, "loss": 0.52224977, "lr": 0.00051571, "params": 5865, "time_iter": 0.07179, "accuracy": 0.73515, "precision": 0.72976, "recall": 0.75097, "f1": 0.74021, "auc": 0.81709}
{"epoch": 50, "time_epoch": 8.98326, "eta": 669.53573, "eta_hours": 0.18598, "loss": 0.52584805, "lr": 0.0005, "params": 5865, "time_iter": 0.06964, "accuracy": 0.74197, "precision": 0.74608, "recall": 0.7374, "f1": 0.74172, "auc": 0.81894}
{"epoch": 51, "time_epoch": 9.17329, "eta": 651.72647, "eta_hours": 0.18104, "loss": 0.52876742, "lr": 0.00048429, "params": 5865, "time_iter": 0.07111, "accuracy": 0.73418, "precision": 0.73777, "recall": 0.73062, "f1": 0.73418, "auc": 0.81327}
{"epoch": 52, "time_epoch": 9.26325, "eta": 634.32287, "eta_hours": 0.1762, "loss": 0.53131386, "lr": 0.0004686, "params": 5865, "time_iter": 0.07181, "accuracy": 0.72736, "precision": 0.72348, "recall": 0.74031, "f1": 0.7318, "auc": 0.80924}
{"epoch": 53, "time_epoch": 11.31482, "eta": 618.9684, "eta_hours": 0.17194, "loss": 0.52102174, "lr": 0.00045295, "params": 5865, "time_iter": 0.08771, "accuracy": 0.7444, "precision": 0.74829, "recall": 0.74031, "f1": 0.74428, "auc": 0.81902}
{"epoch": 54, "time_epoch": 10.60262, "eta": 603.17812, "eta_hours": 0.16755, "loss": 0.51972002, "lr": 0.00043733, "params": 5865, "time_iter": 0.08219, "accuracy": 0.74099, "precision": 0.73764, "recall": 0.75194, "f1": 0.74472, "auc": 0.81815}
{"epoch": 55, "time_epoch": 8.80024, "eta": 586.15696, "eta_hours": 0.16282, "loss": 0.51700484, "lr": 0.00042178, "params": 5865, "time_iter": 0.06822, "accuracy": 0.74294, "precision": 0.73909, "recall": 0.75484, "f1": 0.74688, "auc": 0.82243}
{"epoch": 56, "time_epoch": 8.92674, "eta": 569.51968, "eta_hours": 0.1582, "loss": 0.5188313, "lr": 0.00040631, "params": 5865, "time_iter": 0.0692, "accuracy": 0.73905, "precision": 0.73938, "recall": 0.74225, "f1": 0.74081, "auc": 0.82139}
{"epoch": 57, "time_epoch": 9.14679, "eta": 553.30762, "eta_hours": 0.1537, "loss": 0.51733484, "lr": 0.00039093, "params": 5865, "time_iter": 0.07091, "accuracy": 0.73418, "precision": 0.73501, "recall": 0.73643, "f1": 0.73572, "auc": 0.82075}
{"epoch": 58, "time_epoch": 8.72861, "eta": 537.04446, "eta_hours": 0.14918, "loss": 0.51609967, "lr": 0.00037566, "params": 5865, "time_iter": 0.06766, "accuracy": 0.73807, "precision": 0.73888, "recall": 0.74031, "f1": 0.73959, "auc": 0.82196}
{"epoch": 59, "time_epoch": 8.84567, "eta": 521.1105, "eta_hours": 0.14475, "loss": 0.51414389, "lr": 0.0003605, "params": 5865, "time_iter": 0.06857, "accuracy": 0.74489, "precision": 0.74099, "recall": 0.75678, "f1": 0.7488, "auc": 0.82459}
{"epoch": 60, "time_epoch": 9.22648, "eta": 505.65241, "eta_hours": 0.14046, "loss": 0.51578478, "lr": 0.00034549, "params": 5865, "time_iter": 0.07152, "accuracy": 0.74099, "precision": 0.7505, "recall": 0.72578, "f1": 0.73793, "auc": 0.82339}
{"epoch": 61, "time_epoch": 8.78798, "eta": 490.12658, "eta_hours": 0.13615, "loss": 0.50924166, "lr": 0.00033063, "params": 5865, "time_iter": 0.06812, "accuracy": 0.7517, "precision": 0.75048, "recall": 0.75775, "f1": 0.7541, "auc": 0.82857}
{"epoch": 62, "time_epoch": 9.5579, "eta": 475.26682, "eta_hours": 0.13202, "loss": 0.51708156, "lr": 0.00031594, "params": 5865, "time_iter": 0.07409, "accuracy": 0.75609, "precision": 0.75118, "recall": 0.76938, "f1": 0.76017, "auc": 0.82445}
{"epoch": 63, "time_epoch": 8.83839, "eta": 460.16803, "eta_hours": 0.12782, "loss": 0.51354752, "lr": 0.00030143, "params": 5865, "time_iter": 0.06851, "accuracy": 0.74635, "precision": 0.74591, "recall": 0.75097, "f1": 0.74843, "auc": 0.8253}
{"epoch": 64, "time_epoch": 9.35849, "eta": 445.54191, "eta_hours": 0.12376, "loss": 0.51915429, "lr": 0.00028711, "params": 5865, "time_iter": 0.07255, "accuracy": 0.73564, "precision": 0.73264, "recall": 0.74612, "f1": 0.73932, "auc": 0.82089}
{"epoch": 65, "time_epoch": 8.64159, "eta": 430.70612, "eta_hours": 0.11964, "loss": 0.51264513, "lr": 0.000273, "params": 5865, "time_iter": 0.06699, "accuracy": 0.74586, "precision": 0.75348, "recall": 0.7345, "f1": 0.74387, "auc": 0.82693}
{"epoch": 66, "time_epoch": 9.15829, "eta": 416.30971, "eta_hours": 0.11564, "loss": 0.51577833, "lr": 0.00025912, "params": 5865, "time_iter": 0.07099, "accuracy": 0.74343, "precision": 0.74349, "recall": 0.74709, "f1": 0.74529, "auc": 0.82311}
{"epoch": 67, "time_epoch": 8.84801, "eta": 401.92136, "eta_hours": 0.11164, "loss": 0.50853379, "lr": 0.00024548, "params": 5865, "time_iter": 0.06859, "accuracy": 0.74489, "precision": 0.73917, "recall": 0.76066, "f1": 0.74976, "auc": 0.82898}
{"epoch": 68, "time_epoch": 8.99595, "eta": 387.76005, "eta_hours": 0.10771, "loss": 0.51113221, "lr": 0.00023209, "params": 5865, "time_iter": 0.06974, "accuracy": 0.74391, "precision": 0.74951, "recall": 0.73643, "f1": 0.74291, "auc": 0.82764}
{"epoch": 69, "time_epoch": 8.93724, "eta": 373.72117, "eta_hours": 0.10381, "loss": 0.50918408, "lr": 0.00021896, "params": 5865, "time_iter": 0.06928, "accuracy": 0.73466, "precision": 0.72778, "recall": 0.75388, "f1": 0.7406, "auc": 0.82681}
{"epoch": 70, "time_epoch": 9.1198, "eta": 359.90057, "eta_hours": 0.09997, "loss": 0.51000131, "lr": 0.00020611, "params": 5865, "time_iter": 0.0707, "accuracy": 0.74976, "precision": 0.75492, "recall": 0.74322, "f1": 0.74902, "auc": 0.82868}
{"epoch": 71, "time_epoch": 9.00323, "eta": 346.16521, "eta_hours": 0.09616, "loss": 0.50941802, "lr": 0.00019355, "params": 5865, "time_iter": 0.06979, "accuracy": 0.75414, "precision": 0.75459, "recall": 0.75678, "f1": 0.75568, "auc": 0.83133}
{"epoch": 72, "time_epoch": 8.83314, "eta": 332.49658, "eta_hours": 0.09236, "loss": 0.50452626, "lr": 0.00018129, "params": 5865, "time_iter": 0.06847, "accuracy": 0.74002, "precision": 0.74364, "recall": 0.73643, "f1": 0.74002, "auc": 0.83108}
{"epoch": 73, "time_epoch": 9.13659, "eta": 319.06527, "eta_hours": 0.08863, "loss": 0.51600779, "lr": 0.00016934, "params": 5865, "time_iter": 0.07083, "accuracy": 0.74099, "precision": 0.73719, "recall": 0.75291, "f1": 0.74497, "auc": 0.82243}
{"epoch": 74, "time_epoch": 8.83128, "eta": 305.6467, "eta_hours": 0.0849, "loss": 0.51729889, "lr": 0.00015773, "params": 5865, "time_iter": 0.06846, "accuracy": 0.74732, "precision": 0.74879, "recall": 0.74806, "f1": 0.74842, "auc": 0.82304}
{"epoch": 75, "time_epoch": 9.26349, "eta": 292.48535, "eta_hours": 0.08125, "loss": 0.50779438, "lr": 0.00014645, "params": 5865, "time_iter": 0.07181, "accuracy": 0.74732, "precision": 0.74976, "recall": 0.74612, "f1": 0.74794, "auc": 0.82857}
{"epoch": 76, "time_epoch": 9.03677, "eta": 279.35751, "eta_hours": 0.0776, "loss": 0.5089508, "lr": 0.00013552, "params": 5865, "time_iter": 0.07005, "accuracy": 0.74537, "precision": 0.75123, "recall": 0.7374, "f1": 0.74425, "auc": 0.82934}
{"epoch": 77, "time_epoch": 8.72287, "eta": 266.24604, "eta_hours": 0.07396, "loss": 0.50482666, "lr": 0.00012494, "params": 5865, "time_iter": 0.06762, "accuracy": 0.74976, "precision": 0.74952, "recall": 0.75388, "f1": 0.75169, "auc": 0.83153}
{"epoch": 78, "time_epoch": 9.10803, "eta": 253.34806, "eta_hours": 0.07037, "loss": 0.51323263, "lr": 0.00011474, "params": 5865, "time_iter": 0.0706, "accuracy": 0.75073, "precision": 0.74668, "recall": 0.7626, "f1": 0.75455, "auc": 0.82572}
{"epoch": 79, "time_epoch": 8.86433, "eta": 240.4839, "eta_hours": 0.0668, "loss": 0.50740671, "lr": 0.00010492, "params": 5865, "time_iter": 0.06872, "accuracy": 0.74927, "precision": 0.7469, "recall": 0.75775, "f1": 0.75228, "auc": 0.82979}
{"epoch": 80, "time_epoch": 9.06192, "eta": 227.76485, "eta_hours": 0.06327, "loss": 0.5066089, "lr": 9.549e-05, "params": 5865, "time_iter": 0.07025, "accuracy": 0.75073, "precision": 0.74668, "recall": 0.7626, "f1": 0.75455, "auc": 0.83111}
{"epoch": 81, "time_epoch": 8.6081, "eta": 215.03538, "eta_hours": 0.05973, "loss": 0.51013642, "lr": 8.646e-05, "params": 5865, "time_iter": 0.06673, "accuracy": 0.75511, "precision": 0.75263, "recall": 0.76357, "f1": 0.75806, "auc": 0.82914}
{"epoch": 82, "time_epoch": 9.00341, "eta": 202.48618, "eta_hours": 0.05625, "loss": 0.50569403, "lr": 7.784e-05, "params": 5865, "time_iter": 0.06979, "accuracy": 0.75657, "precision": 0.75528, "recall": 0.7626, "f1": 0.75892, "auc": 0.83103}
{"epoch": 83, "time_epoch": 8.85001, "eta": 189.99219, "eta_hours": 0.05278, "loss": 0.50646205, "lr": 6.963e-05, "params": 5865, "time_iter": 0.0686, "accuracy": 0.74684, "precision": 0.74474, "recall": 0.75484, "f1": 0.74976, "auc": 0.82975}
{"epoch": 84, "time_epoch": 9.00879, "eta": 177.61197, "eta_hours": 0.04934, "loss": 0.50686737, "lr": 6.185e-05, "params": 5865, "time_iter": 0.06984, "accuracy": 0.74781, "precision": 0.75, "recall": 0.74709, "f1": 0.74854, "auc": 0.83041}
{"epoch": 85, "time_epoch": 8.80611, "eta": 165.27715, "eta_hours": 0.04591, "loss": 0.50835158, "lr": 5.45e-05, "params": 5865, "time_iter": 0.06826, "accuracy": 0.74878, "precision": 0.74203, "recall": 0.76647, "f1": 0.75405, "auc": 0.82819}
{"epoch": 86, "time_epoch": 9.23674, "eta": 153.0878, "eta_hours": 0.04252, "loss": 0.5008041, "lr": 4.759e-05, "params": 5865, "time_iter": 0.0716, "accuracy": 0.75219, "precision": 0.74787, "recall": 0.76453, "f1": 0.75611, "auc": 0.83349}
{"epoch": 87, "time_epoch": 9.69984, "eta": 141.02871, "eta_hours": 0.03917, "loss": 0.50469107, "lr": 4.112e-05, "params": 5865, "time_iter": 0.07519, "accuracy": 0.75706, "precision": 0.75949, "recall": 0.75581, "f1": 0.75765, "auc": 0.83326}
{"epoch": 88, "time_epoch": 8.7674, "eta": 128.90738, "eta_hours": 0.03581, "loss": 0.5118804, "lr": 3.511e-05, "params": 5865, "time_iter": 0.06796, "accuracy": 0.74148, "precision": 0.74156, "recall": 0.74516, "f1": 0.74335, "auc": 0.82638}
{"epoch": 89, "time_epoch": 9.11766, "eta": 116.89951, "eta_hours": 0.03247, "loss": 0.50446699, "lr": 2.956e-05, "params": 5865, "time_iter": 0.07068, "accuracy": 0.75365, "precision": 0.7524, "recall": 0.75969, "f1": 0.75603, "auc": 0.8341}
{"epoch": 90, "time_epoch": 8.77261, "eta": 104.92103, "eta_hours": 0.02914, "loss": 0.51075068, "lr": 2.447e-05, "params": 5865, "time_iter": 0.068, "accuracy": 0.74586, "precision": 0.74614, "recall": 0.74903, "f1": 0.74758, "auc": 0.82748}
{"epoch": 91, "time_epoch": 8.98649, "eta": 93.03084, "eta_hours": 0.02584, "loss": 0.5035401, "lr": 1.985e-05, "params": 5865, "time_iter": 0.06966, "accuracy": 0.74002, "precision": 0.73942, "recall": 0.74516, "f1": 0.74228, "auc": 0.83086}
{"epoch": 92, "time_epoch": 8.77987, "eta": 81.18755, "eta_hours": 0.02255, "loss": 0.5077125, "lr": 1.571e-05, "params": 5865, "time_iter": 0.06806, "accuracy": 0.7332, "precision": 0.7345, "recall": 0.7345, "f1": 0.7345, "auc": 0.82835}
{"epoch": 93, "time_epoch": 8.71694, "eta": 69.40541, "eta_hours": 0.01928, "loss": 0.51965815, "lr": 1.204e-05, "params": 5865, "time_iter": 0.06757, "accuracy": 0.74002, "precision": 0.73988, "recall": 0.74419, "f1": 0.74203, "auc": 0.82132}
{"epoch": 94, "time_epoch": 9.34007, "eta": 57.72061, "eta_hours": 0.01603, "loss": 0.51167254, "lr": 8.86e-06, "params": 5865, "time_iter": 0.0724, "accuracy": 0.74245, "precision": 0.74113, "recall": 0.74903, "f1": 0.74506, "auc": 0.82588}
{"epoch": 95, "time_epoch": 8.67517, "eta": 46.05695, "eta_hours": 0.01279, "loss": 0.50139885, "lr": 6.16e-06, "params": 5865, "time_iter": 0.06725, "accuracy": 0.75463, "precision": 0.75532, "recall": 0.75678, "f1": 0.75605, "auc": 0.83363}
{"epoch": 96, "time_epoch": 9.04133, "eta": 34.46623, "eta_hours": 0.00957, "loss": 0.50495119, "lr": 3.94e-06, "params": 5865, "time_iter": 0.07009, "accuracy": 0.75852, "precision": 0.75969, "recall": 0.75969, "f1": 0.75969, "auc": 0.83124}
{"epoch": 97, "time_epoch": 8.61251, "eta": 22.91879, "eta_hours": 0.00637, "loss": 0.50615722, "lr": 2.22e-06, "params": 5865, "time_iter": 0.06676, "accuracy": 0.7483, "precision": 0.745, "recall": 0.75872, "f1": 0.7518, "auc": 0.83058}
{"epoch": 98, "time_epoch": 8.91062, "eta": 11.43365, "eta_hours": 0.00318, "loss": 0.50924554, "lr": 9.9e-07, "params": 5865, "time_iter": 0.06907, "accuracy": 0.75024, "precision": 0.74785, "recall": 0.75872, "f1": 0.75325, "auc": 0.82844}
{"epoch": 99, "time_epoch": 9.06341, "eta": 0.0, "eta_hours": 0.0, "loss": 0.50528357, "lr": 2.5e-07, "params": 5865, "time_iter": 0.07026, "accuracy": 0.74781, "precision": 0.74712, "recall": 0.75291, "f1": 0.75, "auc": 0.83214}
