{"epoch": 0, "time_epoch": 14.96801, "eta": 1481.83251, "eta_hours": 0.41162, "loss": 0.67925209, "lr": 0.001, "params": 6215, "time_iter": 0.42766, "accuracy": 0.6223, "precision": 0.63333, "recall": 0.08716, "f1": 0.15323, "auc": 0.60151}
{"epoch": 1, "time_epoch": 1.3626, "eta": 800.19973, "eta_hours": 0.22228, "loss": 0.64042522, "lr": 0.00099975, "params": 6215, "time_iter": 0.03893, "accuracy": 0.70504, "precision": 0.67308, "recall": 0.48165, "f1": 0.5615, "auc": 0.7481}
{"epoch": 2, "time_epoch": 1.54001, "eta": 577.81664, "eta_hours": 0.1605, "loss": 0.59851155, "lr": 0.00099901, "params": 6215, "time_iter": 0.044, "accuracy": 0.71223, "precision": 0.68125, "recall": 0.5, "f1": 0.57672, "auc": 0.74628}
{"epoch": 3, "time_epoch": 1.54307, "eta": 465.92857, "eta_hours": 0.12942, "loss": 0.57385853, "lr": 0.00099778, "params": 6215, "time_iter": 0.04409, "accuracy": 0.72482, "precision": 0.69939, "recall": 0.52294, "f1": 0.59843, "auc": 0.77257}
{"epoch": 4, "time_epoch": 1.5726, "eta": 398.73959, "eta_hours": 0.11076, "loss": 0.56943577, "lr": 0.00099606, "params": 6215, "time_iter": 0.04493, "accuracy": 0.71583, "precision": 0.70548, "recall": 0.47248, "f1": 0.56593, "auc": 0.7693}
{"epoch": 5, "time_epoch": 1.5689, "eta": 353.36473, "eta_hours": 0.09816, "loss": 0.55402181, "lr": 0.00099384, "params": 6215, "time_iter": 0.04483, "accuracy": 0.73201, "precision": 0.70659, "recall": 0.54128, "f1": 0.61299, "auc": 0.78811}
{"epoch": 6, "time_epoch": 1.65409, "eta": 321.63762, "eta_hours": 0.08934, "loss": 0.54492611, "lr": 0.00099114, "params": 6215, "time_iter": 0.04726, "accuracy": 0.73381, "precision": 0.75362, "recall": 0.47706, "f1": 0.58427, "auc": 0.79317}
{"epoch": 7, "time_epoch": 1.45084, "eta": 295.09137, "eta_hours": 0.08197, "loss": 0.54752979, "lr": 0.00098796, "params": 6215, "time_iter": 0.04145, "accuracy": 0.73561, "precision": 0.71006, "recall": 0.55046, "f1": 0.62016, "auc": 0.79028}
{"epoch": 8, "time_epoch": 1.35439, "eta": 273.14667, "eta_hours": 0.07587, "loss": 0.54878627, "lr": 0.00098429, "params": 6215, "time_iter": 0.0387, "accuracy": 0.72482, "precision": 0.70968, "recall": 0.50459, "f1": 0.58981, "auc": 0.77926}
{"epoch": 9, "time_epoch": 1.33386, "eta": 255.13525, "eta_hours": 0.07087, "loss": 0.53974895, "lr": 0.00098015, "params": 6215, "time_iter": 0.03811, "accuracy": 0.73381, "precision": 0.72727, "recall": 0.51376, "f1": 0.60215, "auc": 0.79804}
{"epoch": 10, "time_epoch": 1.33334, "eta": 240.15195, "eta_hours": 0.06671, "loss": 0.53459222, "lr": 0.00097553, "params": 6215, "time_iter": 0.0381, "accuracy": 0.72842, "precision": 0.68715, "recall": 0.56422, "f1": 0.61965, "auc": 0.7984}
{"epoch": 11, "time_epoch": 1.34017, "eta": 227.4937, "eta_hours": 0.06319, "loss": 0.5160801, "lr": 0.00097044, "params": 6215, "time_iter": 0.03829, "accuracy": 0.7554, "precision": 0.73034, "recall": 0.59633, "f1": 0.65657, "auc": 0.80651}
{"epoch": 12, "time_epoch": 1.38069, "eta": 216.84791, "eta_hours": 0.06024, "loss": 0.51827221, "lr": 0.00096489, "params": 6215, "time_iter": 0.03945, "accuracy": 0.75719, "precision": 0.79021, "recall": 0.51835, "f1": 0.62604, "auc": 0.80631}
{"epoch": 13, "time_epoch": 1.43407, "eta": 207.85357, "eta_hours": 0.05774, "loss": 0.52710385, "lr": 0.00095888, "params": 6215, "time_iter": 0.04097, "accuracy": 0.7446, "precision": 0.71591, "recall": 0.57798, "f1": 0.63959, "auc": 0.79899}
{"epoch": 14, "time_epoch": 1.53477, "eta": 200.4379, "eta_hours": 0.05568, "loss": 0.52690474, "lr": 0.00095241, "params": 6215, "time_iter": 0.04385, "accuracy": 0.7518, "precision": 0.7381, "recall": 0.56881, "f1": 0.64249, "auc": 0.79753}
{"epoch": 15, "time_epoch": 1.59128, "eta": 194.05402, "eta_hours": 0.0539, "loss": 0.50706172, "lr": 0.0009455, "params": 6215, "time_iter": 0.04547, "accuracy": 0.76799, "precision": 0.74586, "recall": 0.61927, "f1": 0.67669, "auc": 0.82114}
{"epoch": 16, "time_epoch": 1.62171, "eta": 188.38256, "eta_hours": 0.05233, "loss": 0.51311698, "lr": 0.00093815, "params": 6215, "time_iter": 0.04633, "accuracy": 0.76079, "precision": 0.76398, "recall": 0.56422, "f1": 0.64908, "auc": 0.80976}
{"epoch": 17, "time_epoch": 1.53011, "eta": 182.74377, "eta_hours": 0.05076, "loss": 0.50719112, "lr": 0.00093037, "params": 6215, "time_iter": 0.04372, "accuracy": 0.73921, "precision": 0.71345, "recall": 0.55963, "f1": 0.62725, "auc": 0.81465}
{"epoch": 18, "time_epoch": 1.48797, "eta": 177.35785, "eta_hours": 0.04927, "loss": 0.52919854, "lr": 0.00092216, "params": 6215, "time_iter": 0.04251, "accuracy": 0.7536, "precision": 0.75155, "recall": 0.55505, "f1": 0.63852, "auc": 0.79027}
{"epoch": 19, "time_epoch": 1.48259, "eta": 172.34021, "eta_hours": 0.04787, "loss": 0.51835838, "lr": 0.00091354, "params": 6215, "time_iter": 0.04236, "accuracy": 0.7536, "precision": 0.73143, "recall": 0.58716, "f1": 0.6514, "auc": 0.80859}
{"epoch": 20, "time_epoch": 1.48032, "eta": 167.65067, "eta_hours": 0.04657, "loss": 0.51523093, "lr": 0.00090451, "params": 6215, "time_iter": 0.04229, "accuracy": 0.75899, "precision": 0.73077, "recall": 0.61009, "f1": 0.665, "auc": 0.80438}
{"epoch": 21, "time_epoch": 1.53397, "eta": 163.44312, "eta_hours": 0.0454, "loss": 0.50534628, "lr": 0.00089508, "params": 6215, "time_iter": 0.04383, "accuracy": 0.75, "precision": 0.73939, "recall": 0.55963, "f1": 0.63708, "auc": 0.81294}
{"epoch": 22, "time_epoch": 1.59682, "eta": 159.67846, "eta_hours": 0.04436, "loss": 0.52145045, "lr": 0.00088526, "params": 6215, "time_iter": 0.04562, "accuracy": 0.7482, "precision": 0.77083, "recall": 0.50917, "f1": 0.61326, "auc": 0.79519}
{"epoch": 23, "time_epoch": 1.55082, "eta": 155.94877, "eta_hours": 0.04332, "loss": 0.49969275, "lr": 0.00087506, "params": 6215, "time_iter": 0.04431, "accuracy": 0.76079, "precision": 0.71574, "recall": 0.64679, "f1": 0.67952, "auc": 0.82103}
{"epoch": 24, "time_epoch": 1.52387, "eta": 152.31253, "eta_hours": 0.04231, "loss": 0.50202154, "lr": 0.00086448, "params": 6215, "time_iter": 0.04354, "accuracy": 0.7464, "precision": 0.71271, "recall": 0.59174, "f1": 0.64662, "auc": 0.81822}
{"epoch": 25, "time_epoch": 1.55032, "eta": 148.91409, "eta_hours": 0.04137, "loss": 0.50427081, "lr": 0.00085355, "params": 6215, "time_iter": 0.04429, "accuracy": 0.77338, "precision": 0.78395, "recall": 0.58257, "f1": 0.66842, "auc": 0.81513}
{"epoch": 26, "time_epoch": 1.74497, "eta": 146.17882, "eta_hours": 0.04061, "loss": 0.50315606, "lr": 0.00084227, "params": 6215, "time_iter": 0.04986, "accuracy": 0.76079, "precision": 0.73481, "recall": 0.61009, "f1": 0.66667, "auc": 0.82287}
{"epoch": 27, "time_epoch": 1.52734, "eta": 142.95467, "eta_hours": 0.03971, "loss": 0.5086132, "lr": 0.00083066, "params": 6215, "time_iter": 0.04364, "accuracy": 0.75899, "precision": 0.74419, "recall": 0.58716, "f1": 0.65641, "auc": 0.81041}
{"epoch": 28, "time_epoch": 1.71483, "eta": 140.30656, "eta_hours": 0.03897, "loss": 0.4888535, "lr": 0.00081871, "params": 6215, "time_iter": 0.049, "accuracy": 0.76079, "precision": 0.72727, "recall": 0.62385, "f1": 0.6716, "auc": 0.82838}
{"epoch": 29, "time_epoch": 1.75007, "eta": 137.80289, "eta_hours": 0.03828, "loss": 0.48946523, "lr": 0.00080645, "params": 6215, "time_iter": 0.05, "accuracy": 0.76439, "precision": 0.7574, "recall": 0.58716, "f1": 0.6615, "auc": 0.83429}
{"epoch": 30, "time_epoch": 1.65585, "eta": 135.13813, "eta_hours": 0.03754, "loss": 0.51124561, "lr": 0.00079389, "params": 6215, "time_iter": 0.04731, "accuracy": 0.75719, "precision": 0.72928, "recall": 0.6055, "f1": 0.66165, "auc": 0.80691}
{"epoch": 31, "time_epoch": 1.7749, "eta": 132.78941, "eta_hours": 0.03689, "loss": 0.51402796, "lr": 0.00078104, "params": 6215, "time_iter": 0.05071, "accuracy": 0.7536, "precision": 0.73964, "recall": 0.57339, "f1": 0.64599, "auc": 0.80309}
{"epoch": 32, "time_epoch": 1.72154, "eta": 130.36714, "eta_hours": 0.03621, "loss": 0.48753099, "lr": 0.00076791, "params": 6215, "time_iter": 0.04919, "accuracy": 0.76079, "precision": 0.72727, "recall": 0.62385, "f1": 0.6716, "auc": 0.83076}
{"epoch": 33, "time_epoch": 1.57546, "eta": 127.70251, "eta_hours": 0.03547, "loss": 0.49228897, "lr": 0.00075452, "params": 6215, "time_iter": 0.04501, "accuracy": 0.76619, "precision": 0.73158, "recall": 0.63761, "f1": 0.68137, "auc": 0.82478}
{"epoch": 34, "time_epoch": 1.64672, "eta": 125.23245, "eta_hours": 0.03479, "loss": 0.50985741, "lr": 0.00074088, "params": 6215, "time_iter": 0.04705, "accuracy": 0.76978, "precision": 0.77108, "recall": 0.58716, "f1": 0.66667, "auc": 0.80355}
{"epoch": 35, "time_epoch": 1.49419, "eta": 122.53698, "eta_hours": 0.03404, "loss": 0.49524475, "lr": 0.000727, "params": 6215, "time_iter": 0.04269, "accuracy": 0.77518, "precision": 0.74866, "recall": 0.6422, "f1": 0.69136, "auc": 0.82372}
{"epoch": 36, "time_epoch": 1.53049, "eta": 119.96825, "eta_hours": 0.03332, "loss": 0.48857321, "lr": 0.00071289, "params": 6215, "time_iter": 0.04373, "accuracy": 0.76259, "precision": 0.73626, "recall": 0.61468, "f1": 0.67, "auc": 0.83097}
{"epoch": 37, "time_epoch": 1.5348, "eta": 117.46119, "eta_hours": 0.03263, "loss": 0.49243811, "lr": 0.00069857, "params": 6215, "time_iter": 0.04385, "accuracy": 0.76439, "precision": 0.74576, "recall": 0.6055, "f1": 0.66835, "auc": 0.82284}
{"epoch": 38, "time_epoch": 1.53691, "eta": 115.00729, "eta_hours": 0.03195, "loss": 0.48577154, "lr": 0.00068406, "params": 6215, "time_iter": 0.04391, "accuracy": 0.7482, "precision": 0.71429, "recall": 0.59633, "f1": 0.65, "auc": 0.82635}
{"epoch": 39, "time_epoch": 1.52736, "eta": 112.58491, "eta_hours": 0.03127, "loss": 0.49136274, "lr": 0.00066937, "params": 6215, "time_iter": 0.04364, "accuracy": 0.75, "precision": 0.70681, "recall": 0.61927, "f1": 0.66015, "auc": 0.82661}
{"epoch": 40, "time_epoch": 1.52275, "eta": 110.19956, "eta_hours": 0.03061, "loss": 0.48889108, "lr": 0.00065451, "params": 6215, "time_iter": 0.04351, "accuracy": 0.77338, "precision": 0.75843, "recall": 0.61927, "f1": 0.68182, "auc": 0.82608}
{"epoch": 41, "time_epoch": 1.52559, "eta": 107.85921, "eta_hours": 0.02996, "loss": 0.48237692, "lr": 0.0006395, "params": 6215, "time_iter": 0.04359, "accuracy": 0.75899, "precision": 0.7234, "recall": 0.62385, "f1": 0.66995, "auc": 0.83508}
{"epoch": 42, "time_epoch": 1.52232, "eta": 105.55242, "eta_hours": 0.02932, "loss": 0.50142922, "lr": 0.00062434, "params": 6215, "time_iter": 0.04349, "accuracy": 0.76799, "precision": 0.74317, "recall": 0.62385, "f1": 0.6783, "auc": 0.8098}
{"epoch": 43, "time_epoch": 1.53166, "eta": 103.29318, "eta_hours": 0.02869, "loss": 0.48040936, "lr": 0.00060907, "params": 6215, "time_iter": 0.04376, "accuracy": 0.76259, "precision": 0.73118, "recall": 0.62385, "f1": 0.67327, "auc": 0.83608}
{"epoch": 44, "time_epoch": 1.53873, "eta": 101.07492, "eta_hours": 0.02808, "loss": 0.48209601, "lr": 0.00059369, "params": 6215, "time_iter": 0.04396, "accuracy": 0.76799, "precision": 0.7486, "recall": 0.61468, "f1": 0.67506, "auc": 0.83553}
{"epoch": 45, "time_epoch": 1.53433, "eta": 98.88103, "eta_hours": 0.02747, "loss": 0.50150257, "lr": 0.00057822, "params": 6215, "time_iter": 0.04384, "accuracy": 0.75899, "precision": 0.73077, "recall": 0.61009, "f1": 0.665, "auc": 0.81894}
{"epoch": 46, "time_epoch": 1.53449, "eta": 96.71539, "eta_hours": 0.02687, "loss": 0.49454334, "lr": 0.00056267, "params": 6215, "time_iter": 0.04384, "accuracy": 0.76978, "precision": 0.76786, "recall": 0.59174, "f1": 0.66839, "auc": 0.82315}
{"epoch": 47, "time_epoch": 1.52367, "eta": 94.56432, "eta_hours": 0.02627, "loss": 0.48227208, "lr": 0.00054705, "params": 6215, "time_iter": 0.04353, "accuracy": 0.77158, "precision": 0.74074, "recall": 0.6422, "f1": 0.68796, "auc": 0.83402}
{"epoch": 48, "time_epoch": 1.5322, "eta": 92.44774, "eta_hours": 0.02568, "loss": 0.5013481, "lr": 0.0005314, "params": 6215, "time_iter": 0.04378, "accuracy": 0.75, "precision": 0.71351, "recall": 0.6055, "f1": 0.65509, "auc": 0.81813}
{"epoch": 49, "time_epoch": 1.52581, "eta": 90.34815, "eta_hours": 0.0251, "loss": 0.49519708, "lr": 0.00051571, "params": 6215, "time_iter": 0.04359, "accuracy": 0.77338, "precision": 0.75275, "recall": 0.62844, "f1": 0.685, "auc": 0.81897}
{"epoch": 50, "time_epoch": 1.52683, "eta": 88.27204, "eta_hours": 0.02452, "loss": 0.48781717, "lr": 0.0005, "params": 6215, "time_iter": 0.04362, "accuracy": 0.77158, "precision": 0.76923, "recall": 0.59633, "f1": 0.67183, "auc": 0.83104}
{"epoch": 51, "time_epoch": 1.53025, "eta": 86.22021, "eta_hours": 0.02395, "loss": 0.48057986, "lr": 0.00048429, "params": 6215, "time_iter": 0.04372, "accuracy": 0.77338, "precision": 0.73958, "recall": 0.65138, "f1": 0.69268, "auc": 0.8396}
{"epoch": 52, "time_epoch": 1.53378, "eta": 84.1912, "eta_hours": 0.02339, "loss": 0.48986502, "lr": 0.0004686, "params": 6215, "time_iter": 0.04382, "accuracy": 0.77158, "precision": 0.75138, "recall": 0.62385, "f1": 0.6817, "auc": 0.82543}
{"epoch": 53, "time_epoch": 1.53144, "eta": 82.17853, "eta_hours": 0.02283, "loss": 0.4868074, "lr": 0.00045295, "params": 6215, "time_iter": 0.04376, "accuracy": 0.78237, "precision": 0.75661, "recall": 0.65596, "f1": 0.7027, "auc": 0.82797}
{"epoch": 54, "time_epoch": 1.52969, "eta": 80.18193, "eta_hours": 0.02227, "loss": 0.49531251, "lr": 0.00043733, "params": 6215, "time_iter": 0.04371, "accuracy": 0.77338, "precision": 0.75556, "recall": 0.62385, "f1": 0.68342, "auc": 0.82586}
{"epoch": 55, "time_epoch": 1.53103, "eta": 78.20306, "eta_hours": 0.02172, "loss": 0.49304811, "lr": 0.00042178, "params": 6215, "time_iter": 0.04374, "accuracy": 0.76799, "precision": 0.75141, "recall": 0.61009, "f1": 0.67342, "auc": 0.82361}
{"epoch": 56, "time_epoch": 1.52754, "eta": 76.23728, "eta_hours": 0.02118, "loss": 0.48464212, "lr": 0.00040631, "params": 6215, "time_iter": 0.04364, "accuracy": 0.77698, "precision": 0.76111, "recall": 0.62844, "f1": 0.68844, "auc": 0.82513}
{"epoch": 57, "time_epoch": 1.5227, "eta": 74.2831, "eta_hours": 0.02063, "loss": 0.48891761, "lr": 0.00039093, "params": 6215, "time_iter": 0.04351, "accuracy": 0.77158, "precision": 0.74595, "recall": 0.63303, "f1": 0.68486, "auc": 0.8266}
{"epoch": 58, "time_epoch": 1.52781, "eta": 72.34709, "eta_hours": 0.0201, "loss": 0.46733923, "lr": 0.00037566, "params": 6215, "time_iter": 0.04365, "accuracy": 0.78417, "precision": 0.77528, "recall": 0.63303, "f1": 0.69697, "auc": 0.84929}
{"epoch": 59, "time_epoch": 1.53122, "eta": 70.42697, "eta_hours": 0.01956, "loss": 0.48262246, "lr": 0.0003605, "params": 6215, "time_iter": 0.04375, "accuracy": 0.77338, "precision": 0.74211, "recall": 0.64679, "f1": 0.69118, "auc": 0.83424}
{"epoch": 60, "time_epoch": 1.52801, "eta": 68.51754, "eta_hours": 0.01903, "loss": 0.48075638, "lr": 0.00034549, "params": 6215, "time_iter": 0.04366, "accuracy": 0.77338, "precision": 0.76744, "recall": 0.6055, "f1": 0.67692, "auc": 0.83678}
{"epoch": 61, "time_epoch": 1.52482, "eta": 66.61847, "eta_hours": 0.01851, "loss": 0.50746957, "lr": 0.00033063, "params": 6215, "time_iter": 0.04357, "accuracy": 0.7536, "precision": 0.71892, "recall": 0.61009, "f1": 0.66005, "auc": 0.8149}
{"epoch": 62, "time_epoch": 1.528, "eta": 64.73313, "eta_hours": 0.01798, "loss": 0.49209656, "lr": 0.00031594, "params": 6215, "time_iter": 0.04366, "accuracy": 0.76978, "precision": 0.74457, "recall": 0.62844, "f1": 0.68159, "auc": 0.82124}
{"epoch": 63, "time_epoch": 1.52968, "eta": 62.85992, "eta_hours": 0.01746, "loss": 0.47280979, "lr": 0.00030143, "params": 6215, "time_iter": 0.04371, "accuracy": 0.77158, "precision": 0.75419, "recall": 0.61927, "f1": 0.6801, "auc": 0.83581}
{"epoch": 64, "time_epoch": 1.52267, "eta": 60.99349, "eta_hours": 0.01694, "loss": 0.48893224, "lr": 0.00028711, "params": 6215, "time_iter": 0.0435, "accuracy": 0.76439, "precision": 0.7377, "recall": 0.61927, "f1": 0.67332, "auc": 0.82576}
{"epoch": 65, "time_epoch": 1.5307, "eta": 59.14162, "eta_hours": 0.01643, "loss": 0.47845756, "lr": 0.000273, "params": 6215, "time_iter": 0.04373, "accuracy": 0.77698, "precision": 0.75543, "recall": 0.63761, "f1": 0.69154, "auc": 0.83317}
{"epoch": 66, "time_epoch": 1.53141, "eta": 57.29969, "eta_hours": 0.01592, "loss": 0.49017396, "lr": 0.00025912, "params": 6215, "time_iter": 0.04375, "accuracy": 0.76259, "precision": 0.7337, "recall": 0.61927, "f1": 0.67164, "auc": 0.82103}
{"epoch": 67, "time_epoch": 1.52998, "eta": 55.46622, "eta_hours": 0.01541, "loss": 0.48389301, "lr": 0.00024548, "params": 6215, "time_iter": 0.04371, "accuracy": 0.76978, "precision": 0.74725, "recall": 0.62385, "f1": 0.68, "auc": 0.8312}
{"epoch": 68, "time_epoch": 1.52322, "eta": 53.63851, "eta_hours": 0.0149, "loss": 0.48834029, "lr": 0.00023209, "params": 6215, "time_iter": 0.04352, "accuracy": 0.77878, "precision": 0.77457, "recall": 0.61468, "f1": 0.68542, "auc": 0.82291}
{"epoch": 69, "time_epoch": 1.53204, "eta": 51.82328, "eta_hours": 0.0144, "loss": 0.4755917, "lr": 0.00021896, "params": 6215, "time_iter": 0.04377, "accuracy": 0.78058, "precision": 0.75263, "recall": 0.65596, "f1": 0.70098, "auc": 0.83532}
{"epoch": 70, "time_epoch": 1.52802, "eta": 50.01438, "eta_hours": 0.01389, "loss": 0.49090835, "lr": 0.00020611, "params": 6215, "time_iter": 0.04366, "accuracy": 0.76619, "precision": 0.73656, "recall": 0.62844, "f1": 0.67822, "auc": 0.83232}
{"epoch": 71, "time_epoch": 1.53384, "eta": 48.21554, "eta_hours": 0.01339, "loss": 0.50144976, "lr": 0.00019355, "params": 6215, "time_iter": 0.04382, "accuracy": 0.77518, "precision": 0.75691, "recall": 0.62844, "f1": 0.68672, "auc": 0.82116}
{"epoch": 72, "time_epoch": 1.54603, "eta": 46.42848, "eta_hours": 0.0129, "loss": 0.48759961, "lr": 0.00018129, "params": 6215, "time_iter": 0.04417, "accuracy": 0.77518, "precision": 0.75691, "recall": 0.62844, "f1": 0.68672, "auc": 0.82529}
{"epoch": 73, "time_epoch": 1.55568, "eta": 44.65132, "eta_hours": 0.0124, "loss": 0.48812368, "lr": 0.00016934, "params": 6215, "time_iter": 0.04445, "accuracy": 0.7536, "precision": 0.72131, "recall": 0.6055, "f1": 0.65835, "auc": 0.82699}
{"epoch": 74, "time_epoch": 1.54577, "eta": 42.87677, "eta_hours": 0.01191, "loss": 0.4834836, "lr": 0.00015773, "params": 6215, "time_iter": 0.04416, "accuracy": 0.76439, "precision": 0.73016, "recall": 0.63303, "f1": 0.67813, "auc": 0.82965}
{"epoch": 75, "time_epoch": 1.53719, "eta": 41.10553, "eta_hours": 0.01142, "loss": 0.47233344, "lr": 0.00014645, "params": 6215, "time_iter": 0.04392, "accuracy": 0.76799, "precision": 0.74317, "recall": 0.62385, "f1": 0.6783, "auc": 0.84077}
{"epoch": 76, "time_epoch": 1.52505, "eta": 39.33674, "eta_hours": 0.01093, "loss": 0.47159098, "lr": 0.00013552, "params": 6215, "time_iter": 0.04357, "accuracy": 0.78237, "precision": 0.75661, "recall": 0.65596, "f1": 0.7027, "auc": 0.83929}
{"epoch": 77, "time_epoch": 1.52265, "eta": 37.57352, "eta_hours": 0.01044, "loss": 0.48407228, "lr": 0.00012494, "params": 6215, "time_iter": 0.0435, "accuracy": 0.76799, "precision": 0.74586, "recall": 0.61927, "f1": 0.67669, "auc": 0.83264}
{"epoch": 78, "time_epoch": 1.52937, "eta": 35.81818, "eta_hours": 0.00995, "loss": 0.47547839, "lr": 0.00011474, "params": 6215, "time_iter": 0.0437, "accuracy": 0.77158, "precision": 0.74332, "recall": 0.63761, "f1": 0.68642, "auc": 0.83697}
{"epoch": 79, "time_epoch": 1.53275, "eta": 34.06933, "eta_hours": 0.00946, "loss": 0.48013755, "lr": 0.00010492, "params": 6215, "time_iter": 0.04379, "accuracy": 0.77518, "precision": 0.7541, "recall": 0.63303, "f1": 0.68828, "auc": 0.83648}
{"epoch": 80, "time_epoch": 1.5326, "eta": 32.32579, "eta_hours": 0.00898, "loss": 0.51230653, "lr": 9.549e-05, "params": 6215, "time_iter": 0.04379, "accuracy": 0.75719, "precision": 0.72432, "recall": 0.61468, "f1": 0.66501, "auc": 0.8099}
{"epoch": 81, "time_epoch": 1.52618, "eta": 30.58597, "eta_hours": 0.0085, "loss": 0.48970718, "lr": 8.646e-05, "params": 6215, "time_iter": 0.04361, "accuracy": 0.77158, "precision": 0.75138, "recall": 0.62385, "f1": 0.6817, "auc": 0.82624}
{"epoch": 82, "time_epoch": 1.52345, "eta": 28.85075, "eta_hours": 0.00801, "loss": 0.49482495, "lr": 7.784e-05, "params": 6215, "time_iter": 0.04353, "accuracy": 0.76799, "precision": 0.74317, "recall": 0.62385, "f1": 0.6783, "auc": 0.82576}
{"epoch": 83, "time_epoch": 1.52486, "eta": 27.12084, "eta_hours": 0.00753, "loss": 0.47711844, "lr": 6.963e-05, "params": 6215, "time_iter": 0.04357, "accuracy": 0.77518, "precision": 0.74346, "recall": 0.65138, "f1": 0.69438, "auc": 0.83547}
{"epoch": 84, "time_epoch": 1.53624, "eta": 25.39776, "eta_hours": 0.00705, "loss": 0.48536228, "lr": 6.185e-05, "params": 6215, "time_iter": 0.04389, "accuracy": 0.76079, "precision": 0.72727, "recall": 0.62385, "f1": 0.6716, "auc": 0.83196}
{"epoch": 85, "time_epoch": 1.53056, "eta": 23.6781, "eta_hours": 0.00658, "loss": 0.49392006, "lr": 5.45e-05, "params": 6215, "time_iter": 0.04373, "accuracy": 0.76259, "precision": 0.72396, "recall": 0.63761, "f1": 0.67805, "auc": 0.82}
{"epoch": 86, "time_epoch": 1.53145, "eta": 21.96293, "eta_hours": 0.0061, "loss": 0.47623045, "lr": 4.759e-05, "params": 6215, "time_iter": 0.04376, "accuracy": 0.76439, "precision": 0.73514, "recall": 0.62385, "f1": 0.67494, "auc": 0.83633}
{"epoch": 87, "time_epoch": 1.53658, "eta": 20.25262, "eta_hours": 0.00563, "loss": 0.47459094, "lr": 4.112e-05, "params": 6215, "time_iter": 0.0439, "accuracy": 0.77158, "precision": 0.73822, "recall": 0.64679, "f1": 0.68949, "auc": 0.83695}
{"epoch": 88, "time_epoch": 1.53441, "eta": 18.54595, "eta_hours": 0.00515, "loss": 0.47614946, "lr": 3.511e-05, "params": 6215, "time_iter": 0.04384, "accuracy": 0.76799, "precision": 0.74054, "recall": 0.62844, "f1": 0.6799, "auc": 0.8357}
{"epoch": 89, "time_epoch": 1.52724, "eta": 16.84232, "eta_hours": 0.00468, "loss": 0.47476485, "lr": 2.956e-05, "params": 6215, "time_iter": 0.04364, "accuracy": 0.77698, "precision": 0.77011, "recall": 0.61468, "f1": 0.68367, "auc": 0.84379}
{"epoch": 90, "time_epoch": 1.53274, "eta": 15.1431, "eta_hours": 0.00421, "loss": 0.46917444, "lr": 2.447e-05, "params": 6215, "time_iter": 0.04379, "accuracy": 0.77698, "precision": 0.75543, "recall": 0.63761, "f1": 0.69154, "auc": 0.83611}
{"epoch": 91, "time_epoch": 1.52776, "eta": 13.44708, "eta_hours": 0.00374, "loss": 0.46325731, "lr": 1.985e-05, "params": 6215, "time_iter": 0.04365, "accuracy": 0.77338, "precision": 0.74211, "recall": 0.64679, "f1": 0.69118, "auc": 0.84322}
{"epoch": 92, "time_epoch": 1.51953, "eta": 11.75405, "eta_hours": 0.00327, "loss": 0.48745937, "lr": 1.571e-05, "params": 6215, "time_iter": 0.04342, "accuracy": 0.77518, "precision": 0.74866, "recall": 0.6422, "f1": 0.69136, "auc": 0.82325}
{"epoch": 93, "time_epoch": 1.53266, "eta": 10.06555, "eta_hours": 0.0028, "loss": 0.48201473, "lr": 1.204e-05, "params": 6215, "time_iter": 0.04379, "accuracy": 0.76439, "precision": 0.72539, "recall": 0.6422, "f1": 0.68127, "auc": 0.82774}
{"epoch": 94, "time_epoch": 1.52363, "eta": 8.37985, "eta_hours": 0.00233, "loss": 0.49965599, "lr": 8.86e-06, "params": 6215, "time_iter": 0.04353, "accuracy": 0.78957, "precision": 0.77901, "recall": 0.64679, "f1": 0.70677, "auc": 0.82629}
{"epoch": 95, "time_epoch": 1.53096, "eta": 6.69784, "eta_hours": 0.00186, "loss": 0.48340387, "lr": 6.16e-06, "params": 6215, "time_iter": 0.04374, "accuracy": 0.77698, "precision": 0.76111, "recall": 0.62844, "f1": 0.68844, "auc": 0.83013}
{"epoch": 96, "time_epoch": 1.52726, "eta": 5.01883, "eta_hours": 0.00139, "loss": 0.47276173, "lr": 3.94e-06, "params": 6215, "time_iter": 0.04364, "accuracy": 0.78237, "precision": 0.76503, "recall": 0.6422, "f1": 0.69825, "auc": 0.83694}
{"epoch": 97, "time_epoch": 1.52868, "eta": 3.34294, "eta_hours": 0.00093, "loss": 0.47493117, "lr": 2.22e-06, "params": 6215, "time_iter": 0.04368, "accuracy": 0.75899, "precision": 0.71875, "recall": 0.63303, "f1": 0.67317, "auc": 0.83842}
{"epoch": 98, "time_epoch": 1.53833, "eta": 1.67013, "eta_hours": 0.00046, "loss": 0.47261942, "lr": 9.9e-07, "params": 6215, "time_iter": 0.04395, "accuracy": 0.77878, "precision": 0.74359, "recall": 0.66514, "f1": 0.70218, "auc": 0.83659}
{"epoch": 99, "time_epoch": 1.52433, "eta": 0.0, "eta_hours": 0.0, "loss": 0.47956659, "lr": 2.5e-07, "params": 6215, "time_iter": 0.04355, "accuracy": 0.77158, "precision": 0.74595, "recall": 0.63303, "f1": 0.68486, "auc": 0.83538}
