{"epoch": 0, "time_epoch": 0.94322, "time_epoch_std": 0.0, "eta": 93.37927, "eta_std": 0.0, "eta_hours": 0.02594, "eta_hours_std": 0.0, "loss": 0.69813, "loss_std": 0.0, "lr": 0.001, "lr_std": 0.0, "params": 9207.0, "params_std": 0.0, "time_iter": 0.31441, "time_iter_std": 0.0, "accuracy": 0.30769, "accuracy_std": 0.0, "precision": 0.0, "precision_std": 0.0, "recall": 0.0, "recall_std": 0.0, "f1": 0.0, "f1_std": 0.0, "auc": 0.48077, "auc_std": 0.0}
{"epoch": 1, "time_epoch": 2.00581, "time_epoch_std": 0.0, "eta": 144.50272, "eta_std": 0.0, "eta_hours": 0.04014, "eta_hours_std": 0.0, "loss": 0.69291, "loss_std": 0.0, "lr": 0.001, "lr_std": 0.0, "params": 9207.0, "params_std": 0.0, "time_iter": 0.6686, "time_iter_std": 0.0, "accuracy": 0.51282, "accuracy_std": 0.0, "precision": 0.64, "precision_std": 0.0, "recall": 0.61538, "recall_std": 0.0, "f1": 0.62745, "f1_std": 0.0, "auc": 0.47041, "auc_std": 0.0}
{"epoch": 2, "time_epoch": 2.02849, "time_epoch_std": 0.0, "eta": 160.94001, "eta_std": 0.0, "eta_hours": 0.04471, "eta_hours_std": 0.0, "loss": 0.68912, "loss_std": 0.0, "lr": 0.001, "lr_std": 0.0, "params": 9207.0, "params_std": 0.0, "time_iter": 0.67616, "time_iter_std": 0.0, "accuracy": 0.66667, "accuracy_std": 0.0, "precision": 0.66667, "precision_std": 0.0, "recall": 1.0, "recall_std": 0.0, "f1": 0.8, "f1_std": 0.0, "auc": 0.5, "auc_std": 0.0}
{"epoch": 3, "time_epoch": 2.01963, "time_epoch_std": 0.0, "eta": 167.93182, "eta_std": 0.0, "eta_hours": 0.04665, "eta_hours_std": 0.0, "loss": 0.68552, "loss_std": 0.0, "lr": 0.001, "lr_std": 0.0, "params": 9207.0, "params_std": 0.0, "time_iter": 0.67321, "time_iter_std": 0.0, "accuracy": 0.66667, "accuracy_std": 0.0, "precision": 0.66667, "precision_std": 0.0, "recall": 1.0, "recall_std": 0.0, "f1": 0.8, "f1_std": 0.0, "auc": 0.55325, "auc_std": 0.0}
{"epoch": 4, "time_epoch": 2.03189, "time_epoch_std": 0.0, "eta": 171.55194, "eta_std": 0.0, "eta_hours": 0.04765, "eta_hours_std": 0.0, "loss": 0.68429, "loss_std": 0.0, "lr": 0.001, "lr_std": 0.0, "params": 9207.0, "params_std": 0.0, "time_iter": 0.6773, "time_iter_std": 0.0, "accuracy": 0.66667, "accuracy_std": 0.0, "precision": 0.66667, "precision_std": 0.0, "recall": 1.0, "recall_std": 0.0, "f1": 0.8, "f1_std": 0.0, "auc": 0.48521, "auc_std": 0.0}
{"epoch": 5, "time_epoch": 2.12101, "time_epoch_std": 0.0, "eta": 174.68427, "eta_std": 0.0, "eta_hours": 0.04852, "eta_hours_std": 0.0, "loss": 0.67938, "loss_std": 0.0, "lr": 0.00099, "lr_std": 0.0, "params": 9207.0, "params_std": 0.0, "time_iter": 0.707, "time_iter_std": 0.0, "accuracy": 0.66667, "accuracy_std": 0.0, "precision": 0.66667, "precision_std": 0.0, "recall": 1.0, "recall_std": 0.0, "f1": 0.8, "f1_std": 0.0, "auc": 0.76923, "auc_std": 0.0}
{"epoch": 6, "time_epoch": 2.07311, "time_epoch_std": 0.0, "eta": 175.67923, "eta_std": 0.0, "eta_hours": 0.0488, "eta_hours_std": 0.0, "loss": 0.67687, "loss_std": 0.0, "lr": 0.00099, "lr_std": 0.0, "params": 9207.0, "params_std": 0.0, "time_iter": 0.69104, "time_iter_std": 0.0, "accuracy": 0.66667, "accuracy_std": 0.0, "precision": 0.66667, "precision_std": 0.0, "recall": 1.0, "recall_std": 0.0, "f1": 0.8, "f1_std": 0.0, "auc": 0.6568, "auc_std": 0.0}
{"epoch": 7, "time_epoch": 0.78413, "time_epoch_std": 0.0, "eta": 161.08398, "eta_std": 0.0, "eta_hours": 0.04475, "eta_hours_std": 0.0, "loss": 0.67449, "loss_std": 0.0, "lr": 0.00099, "lr_std": 0.0, "params": 9207.0, "params_std": 0.0, "time_iter": 0.26138, "time_iter_std": 0.0, "accuracy": 0.66667, "accuracy_std": 0.0, "precision": 0.66667, "precision_std": 0.0, "recall": 1.0, "recall_std": 0.0, "f1": 0.8, "f1_std": 0.0, "auc": 0.59467, "auc_std": 0.0}
{"epoch": 8, "time_epoch": 0.14078, "time_epoch_std": 0.0, "eta": 143.05287, "eta_std": 0.0, "eta_hours": 0.03974, "eta_hours_std": 0.0, "loss": 0.67045, "loss_std": 0.0, "lr": 0.00098, "lr_std": 0.0, "params": 9207.0, "params_std": 0.0, "time_iter": 0.04693, "time_iter_std": 0.0, "accuracy": 0.66667, "accuracy_std": 0.0, "precision": 0.66667, "precision_std": 0.0, "recall": 1.0, "recall_std": 0.0, "f1": 0.8, "f1_std": 0.0, "auc": 0.76035, "auc_std": 0.0}
{"epoch": 9, "time_epoch": 0.13965, "time_epoch_std": 0.0, "eta": 128.58963, "eta_std": 0.0, "eta_hours": 0.03572, "eta_hours_std": 0.0, "loss": 0.66706, "loss_std": 0.0, "lr": 0.00098, "lr_std": 0.0, "params": 9207.0, "params_std": 0.0, "time_iter": 0.04655, "time_iter_std": 0.0, "accuracy": 0.66667, "accuracy_std": 0.0, "precision": 0.66667, "precision_std": 0.0, "recall": 1.0, "recall_std": 0.0, "f1": 0.8, "f1_std": 0.0, "auc": 0.74556, "auc_std": 0.0}
{"epoch": 10, "time_epoch": 0.14139, "time_epoch_std": 0.0, "eta": 116.74477, "eta_std": 0.0, "eta_hours": 0.03243, "eta_hours_std": 0.0, "loss": 0.66409, "loss_std": 0.0, "lr": 0.00098, "lr_std": 0.0, "params": 9207.0, "params_std": 0.0, "time_iter": 0.04713, "time_iter_std": 0.0, "accuracy": 0.66667, "accuracy_std": 0.0, "precision": 0.66667, "precision_std": 0.0, "recall": 1.0, "recall_std": 0.0, "f1": 0.8, "f1_std": 0.0, "auc": 0.77811, "auc_std": 0.0}
{"epoch": 11, "time_epoch": 0.15509, "time_epoch_std": 0.0, "eta": 106.95095, "eta_std": 0.0, "eta_hours": 0.02971, "eta_hours_std": 0.0, "loss": 0.65838, "loss_std": 0.0, "lr": 0.00097, "lr_std": 0.0, "params": 9207.0, "params_std": 0.0, "time_iter": 0.0517, "time_iter_std": 0.0, "accuracy": 0.69231, "accuracy_std": 0.0, "precision": 0.68421, "precision_std": 0.0, "recall": 1.0, "recall_std": 0.0, "f1": 0.8125, "f1_std": 0.0, "auc": 0.69822, "auc_std": 0.0}
{"epoch": 12, "time_epoch": 0.16052, "time_epoch_std": 0.0, "eta": 98.67634, "eta_std": 0.0, "eta_hours": 0.02741, "eta_hours_std": 0.0, "loss": 0.65537, "loss_std": 0.0, "lr": 0.00096, "lr_std": 0.0, "params": 9207.0, "params_std": 0.0, "time_iter": 0.05351, "time_iter_std": 0.0, "accuracy": 0.69231, "accuracy_std": 0.0, "precision": 0.68421, "precision_std": 0.0, "recall": 1.0, "recall_std": 0.0, "f1": 0.8125, "f1_std": 0.0, "auc": 0.81657, "auc_std": 0.0}
{"epoch": 13, "time_epoch": 0.15437, "time_epoch_std": 0.0, "eta": 91.5231, "eta_std": 0.0, "eta_hours": 0.02542, "eta_hours_std": 0.0, "loss": 0.64866, "loss_std": 0.0, "lr": 0.00096, "lr_std": 0.0, "params": 9207.0, "params_std": 0.0, "time_iter": 0.05146, "time_iter_std": 0.0, "accuracy": 0.69231, "accuracy_std": 0.0, "precision": 0.68421, "precision_std": 0.0, "recall": 1.0, "recall_std": 0.0, "f1": 0.8125, "f1_std": 0.0, "auc": 0.87278, "auc_std": 0.0}
{"epoch": 14, "time_epoch": 0.15405, "time_epoch_std": 0.0, "eta": 85.30125, "eta_std": 0.0, "eta_hours": 0.02369, "eta_hours_std": 0.0, "loss": 0.6491, "loss_std": 0.0, "lr": 0.00095, "lr_std": 0.0, "params": 9207.0, "params_std": 0.0, "time_iter": 0.05135, "time_iter_std": 0.0, "accuracy": 0.69231, "accuracy_std": 0.0, "precision": 0.68421, "precision_std": 0.0, "recall": 1.0, "recall_std": 0.0, "f1": 0.8125, "f1_std": 0.0, "auc": 0.76331, "auc_std": 0.0}
{"epoch": 15, "time_epoch": 0.15554, "time_epoch_std": 0.0, "eta": 79.84566, "eta_std": 0.0, "eta_hours": 0.02218, "eta_hours_std": 0.0, "loss": 0.64595, "loss_std": 0.0, "lr": 0.00095, "lr_std": 0.0, "params": 9207.0, "params_std": 0.0, "time_iter": 0.05185, "time_iter_std": 0.0, "accuracy": 0.69231, "accuracy_std": 0.0, "precision": 0.68421, "precision_std": 0.0, "recall": 1.0, "recall_std": 0.0, "f1": 0.8125, "f1_std": 0.0, "auc": 0.78698, "auc_std": 0.0}
{"epoch": 16, "time_epoch": 0.15087, "time_epoch_std": 0.0, "eta": 74.99085, "eta_std": 0.0, "eta_hours": 0.02083, "eta_hours_std": 0.0, "loss": 0.63389, "loss_std": 0.0, "lr": 0.00094, "lr_std": 0.0, "params": 9207.0, "params_std": 0.0, "time_iter": 0.05029, "time_iter_std": 0.0, "accuracy": 0.69231, "accuracy_std": 0.0, "precision": 0.68421, "precision_std": 0.0, "recall": 1.0, "recall_std": 0.0, "f1": 0.8125, "f1_std": 0.0, "auc": 0.78402, "auc_std": 0.0}
{"epoch": 17, "time_epoch": 0.15534, "time_epoch_std": 0.0, "eta": 70.67906, "eta_std": 0.0, "eta_hours": 0.01963, "eta_hours_std": 0.0, "loss": 0.64462, "loss_std": 0.0, "lr": 0.00093, "lr_std": 0.0, "params": 9207.0, "params_std": 0.0, "time_iter": 0.05178, "time_iter_std": 0.0, "accuracy": 0.66667, "accuracy_std": 0.0, "precision": 0.66667, "precision_std": 0.0, "recall": 1.0, "recall_std": 0.0, "f1": 0.8, "f1_std": 0.0, "auc": 0.80473, "auc_std": 0.0}
{"epoch": 18, "time_epoch": 0.15649, "time_epoch_std": 0.0, "eta": 66.80966, "eta_std": 0.0, "eta_hours": 0.01856, "eta_hours_std": 0.0, "loss": 0.6393, "loss_std": 0.0, "lr": 0.00092, "lr_std": 0.0, "params": 9207.0, "params_std": 0.0, "time_iter": 0.05216, "time_iter_std": 0.0, "accuracy": 0.66667, "accuracy_std": 0.0, "precision": 0.66667, "precision_std": 0.0, "recall": 1.0, "recall_std": 0.0, "f1": 0.8, "f1_std": 0.0, "auc": 0.76331, "auc_std": 0.0}
{"epoch": 19, "time_epoch": 0.15305, "time_epoch_std": 0.0, "eta": 63.29779, "eta_std": 0.0, "eta_hours": 0.01758, "eta_hours_std": 0.0, "loss": 0.62339, "loss_std": 0.0, "lr": 0.00091, "lr_std": 0.0, "params": 9207.0, "params_std": 0.0, "time_iter": 0.05102, "time_iter_std": 0.0, "accuracy": 0.69231, "accuracy_std": 0.0, "precision": 0.68421, "precision_std": 0.0, "recall": 1.0, "recall_std": 0.0, "f1": 0.8125, "f1_std": 0.0, "auc": 0.84024, "auc_std": 0.0}
{"epoch": 20, "time_epoch": 0.1581, "time_epoch_std": 0.0, "eta": 60.12481, "eta_std": 0.0, "eta_hours": 0.0167, "eta_hours_std": 0.0, "loss": 0.62997, "loss_std": 0.0, "lr": 0.0009, "lr_std": 0.0, "params": 9207.0, "params_std": 0.0, "time_iter": 0.0527, "time_iter_std": 0.0, "accuracy": 0.66667, "accuracy_std": 0.0, "precision": 0.66667, "precision_std": 0.0, "recall": 1.0, "recall_std": 0.0, "f1": 0.8, "f1_std": 0.0, "auc": 0.80769, "auc_std": 0.0}
{"epoch": 21, "time_epoch": 0.15592, "time_epoch_std": 0.0, "eta": 57.21818, "eta_std": 0.0, "eta_hours": 0.01589, "eta_hours_std": 0.0, "loss": 0.6215, "loss_std": 0.0, "lr": 0.0009, "lr_std": 0.0, "params": 9207.0, "params_std": 0.0, "time_iter": 0.05197, "time_iter_std": 0.0, "accuracy": 0.69231, "accuracy_std": 0.0, "precision": 0.68421, "precision_std": 0.0, "recall": 1.0, "recall_std": 0.0, "f1": 0.8125, "f1_std": 0.0, "auc": 0.88462, "auc_std": 0.0}
{"epoch": 22, "time_epoch": 0.1565, "time_epoch_std": 0.0, "eta": 54.5527, "eta_std": 0.0, "eta_hours": 0.01515, "eta_hours_std": 0.0, "loss": 0.61673, "loss_std": 0.0, "lr": 0.00089, "lr_std": 0.0, "params": 9207.0, "params_std": 0.0, "time_iter": 0.05217, "time_iter_std": 0.0, "accuracy": 0.69231, "accuracy_std": 0.0, "precision": 0.68421, "precision_std": 0.0, "recall": 1.0, "recall_std": 0.0, "f1": 0.8125, "f1_std": 0.0, "auc": 0.88757, "auc_std": 0.0}
{"epoch": 23, "time_epoch": 0.15558, "time_epoch_std": 0.0, "eta": 52.09338, "eta_std": 0.0, "eta_hours": 0.01447, "eta_hours_std": 0.0, "loss": 0.60872, "loss_std": 0.0, "lr": 0.00088, "lr_std": 0.0, "params": 9207.0, "params_std": 0.0, "time_iter": 0.05186, "time_iter_std": 0.0, "accuracy": 0.69231, "accuracy_std": 0.0, "precision": 0.68421, "precision_std": 0.0, "recall": 1.0, "recall_std": 0.0, "f1": 0.8125, "f1_std": 0.0, "auc": 0.89941, "auc_std": 0.0}
{"epoch": 24, "time_epoch": 0.14936, "time_epoch_std": 0.0, "eta": 49.79971, "eta_std": 0.0, "eta_hours": 0.01383, "eta_hours_std": 0.0, "loss": 0.6231, "loss_std": 0.0, "lr": 0.00086, "lr_std": 0.0, "params": 9207.0, "params_std": 0.0, "time_iter": 0.04979, "time_iter_std": 0.0, "accuracy": 0.66667, "accuracy_std": 0.0, "precision": 0.66667, "precision_std": 0.0, "recall": 1.0, "recall_std": 0.0, "f1": 0.8, "f1_std": 0.0, "auc": 0.88757, "auc_std": 0.0}
{"epoch": 25, "time_epoch": 0.15204, "time_epoch_std": 0.0, "eta": 47.6786, "eta_std": 0.0, "eta_hours": 0.01324, "eta_hours_std": 0.0, "loss": 0.59059, "loss_std": 0.0, "lr": 0.00085, "lr_std": 0.0, "params": 9207.0, "params_std": 0.0, "time_iter": 0.05068, "time_iter_std": 0.0, "accuracy": 0.69231, "accuracy_std": 0.0, "precision": 0.68421, "precision_std": 0.0, "recall": 1.0, "recall_std": 0.0, "f1": 0.8125, "f1_std": 0.0, "auc": 0.95266, "auc_std": 0.0}
{"epoch": 26, "time_epoch": 0.15048, "time_epoch_std": 0.0, "eta": 45.69913, "eta_std": 0.0, "eta_hours": 0.01269, "eta_hours_std": 0.0, "loss": 0.58458, "loss_std": 0.0, "lr": 0.00084, "lr_std": 0.0, "params": 9207.0, "params_std": 0.0, "time_iter": 0.05016, "time_iter_std": 0.0, "accuracy": 0.69231, "accuracy_std": 0.0, "precision": 0.68421, "precision_std": 0.0, "recall": 1.0, "recall_std": 0.0, "f1": 0.8125, "f1_std": 0.0, "auc": 0.93787, "auc_std": 0.0}
{"epoch": 27, "time_epoch": 0.15038, "time_epoch_std": 0.0, "eta": 43.85006, "eta_std": 0.0, "eta_hours": 0.01218, "eta_hours_std": 0.0, "loss": 0.58863, "loss_std": 0.0, "lr": 0.00083, "lr_std": 0.0, "params": 9207.0, "params_std": 0.0, "time_iter": 0.05013, "time_iter_std": 0.0, "accuracy": 0.69231, "accuracy_std": 0.0, "precision": 0.68421, "precision_std": 0.0, "recall": 1.0, "recall_std": 0.0, "f1": 0.8125, "f1_std": 0.0, "auc": 0.88462, "auc_std": 0.0}
{"epoch": 28, "time_epoch": 0.15133, "time_epoch_std": 0.0, "eta": 42.12044, "eta_std": 0.0, "eta_hours": 0.0117, "eta_hours_std": 0.0, "loss": 0.58219, "loss_std": 0.0, "lr": 0.00082, "lr_std": 0.0, "params": 9207.0, "params_std": 0.0, "time_iter": 0.05044, "time_iter_std": 0.0, "accuracy": 0.69231, "accuracy_std": 0.0, "precision": 0.68421, "precision_std": 0.0, "recall": 1.0, "recall_std": 0.0, "f1": 0.8125, "f1_std": 0.0, "auc": 0.93195, "auc_std": 0.0}
{"epoch": 29, "time_epoch": 0.1481, "time_epoch_std": 0.0, "eta": 40.48852, "eta_std": 0.0, "eta_hours": 0.01125, "eta_hours_std": 0.0, "loss": 0.58272, "loss_std": 0.0, "lr": 0.00081, "lr_std": 0.0, "params": 9207.0, "params_std": 0.0, "time_iter": 0.04937, "time_iter_std": 0.0, "accuracy": 0.69231, "accuracy_std": 0.0, "precision": 0.68421, "precision_std": 0.0, "recall": 1.0, "recall_std": 0.0, "f1": 0.8125, "f1_std": 0.0, "auc": 0.8787, "auc_std": 0.0}
{"epoch": 30, "time_epoch": 0.14816, "time_epoch_std": 0.0, "eta": 38.95246, "eta_std": 0.0, "eta_hours": 0.01082, "eta_hours_std": 0.0, "loss": 0.5917, "loss_std": 0.0, "lr": 0.00079, "lr_std": 0.0, "params": 9207.0, "params_std": 0.0, "time_iter": 0.04939, "time_iter_std": 0.0, "accuracy": 0.66667, "accuracy_std": 0.0, "precision": 0.66667, "precision_std": 0.0, "recall": 1.0, "recall_std": 0.0, "f1": 0.8, "f1_std": 0.0, "auc": 0.90533, "auc_std": 0.0}
{"epoch": 31, "time_epoch": 0.14917, "time_epoch_std": 0.0, "eta": 37.50528, "eta_std": 0.0, "eta_hours": 0.01042, "eta_hours_std": 0.0, "loss": 0.58942, "loss_std": 0.0, "lr": 0.00078, "lr_std": 0.0, "params": 9207.0, "params_std": 0.0, "time_iter": 0.04972, "time_iter_std": 0.0, "accuracy": 0.66667, "accuracy_std": 0.0, "precision": 0.66667, "precision_std": 0.0, "recall": 1.0, "recall_std": 0.0, "f1": 0.8, "f1_std": 0.0, "auc": 0.85207, "auc_std": 0.0}
{"epoch": 32, "time_epoch": 0.14973, "time_epoch_std": 0.0, "eta": 36.13793, "eta_std": 0.0, "eta_hours": 0.01004, "eta_hours_std": 0.0, "loss": 0.55692, "loss_std": 0.0, "lr": 0.00077, "lr_std": 0.0, "params": 9207.0, "params_std": 0.0, "time_iter": 0.04991, "time_iter_std": 0.0, "accuracy": 0.69231, "accuracy_std": 0.0, "precision": 0.68421, "precision_std": 0.0, "recall": 1.0, "recall_std": 0.0, "f1": 0.8125, "f1_std": 0.0, "auc": 0.97929, "auc_std": 0.0}
{"epoch": 33, "time_epoch": 0.15721, "time_epoch_std": 0.0, "eta": 34.85671, "eta_std": 0.0, "eta_hours": 0.00968, "eta_hours_std": 0.0, "loss": 0.54996, "loss_std": 0.0, "lr": 0.00075, "lr_std": 0.0, "params": 9207.0, "params_std": 0.0, "time_iter": 0.0524, "time_iter_std": 0.0, "accuracy": 0.69231, "accuracy_std": 0.0, "precision": 0.68421, "precision_std": 0.0, "recall": 1.0, "recall_std": 0.0, "f1": 0.8125, "f1_std": 0.0, "auc": 0.96154, "auc_std": 0.0}
{"epoch": 34, "time_epoch": 0.15239, "time_epoch_std": 0.0, "eta": 33.63077, "eta_std": 0.0, "eta_hours": 0.00934, "eta_hours_std": 0.0, "loss": 0.55387, "loss_std": 0.0, "lr": 0.00074, "lr_std": 0.0, "params": 9207.0, "params_std": 0.0, "time_iter": 0.0508, "time_iter_std": 0.0, "accuracy": 0.69231, "accuracy_std": 0.0, "precision": 0.68421, "precision_std": 0.0, "recall": 1.0, "recall_std": 0.0, "f1": 0.8125, "f1_std": 0.0, "auc": 0.92012, "auc_std": 0.0}
{"epoch": 35, "time_epoch": 0.15314, "time_epoch_std": 0.0, "eta": 32.4658, "eta_std": 0.0, "eta_hours": 0.00902, "eta_hours_std": 0.0, "loss": 0.53175, "loss_std": 0.0, "lr": 0.00073, "lr_std": 0.0, "params": 9207.0, "params_std": 0.0, "time_iter": 0.05105, "time_iter_std": 0.0, "accuracy": 0.69231, "accuracy_std": 0.0, "precision": 0.68421, "precision_std": 0.0, "recall": 1.0, "recall_std": 0.0, "f1": 0.8125, "f1_std": 0.0, "auc": 0.96154, "auc_std": 0.0}
{"epoch": 36, "time_epoch": 0.14922, "time_epoch_std": 0.0, "eta": 31.34886, "eta_std": 0.0, "eta_hours": 0.00871, "eta_hours_std": 0.0, "loss": 0.52783, "loss_std": 0.0, "lr": 0.00071, "lr_std": 0.0, "params": 9207.0, "params_std": 0.0, "time_iter": 0.04974, "time_iter_std": 0.0, "accuracy": 0.71795, "accuracy_std": 0.0, "precision": 0.7027, "precision_std": 0.0, "recall": 1.0, "recall_std": 0.0, "f1": 0.8254, "f1_std": 0.0, "auc": 0.97337, "auc_std": 0.0}
{"epoch": 37, "time_epoch": 0.15216, "time_epoch_std": 0.0, "eta": 30.28765, "eta_std": 0.0, "eta_hours": 0.00841, "eta_hours_std": 0.0, "loss": 0.51319, "loss_std": 0.0, "lr": 0.0007, "lr_std": 0.0, "params": 9207.0, "params_std": 0.0, "time_iter": 0.05072, "time_iter_std": 0.0, "accuracy": 0.74359, "accuracy_std": 0.0, "precision": 0.72222, "precision_std": 0.0, "recall": 1.0, "recall_std": 0.0, "f1": 0.83871, "f1_std": 0.0, "auc": 0.97337, "auc_std": 0.0}
{"epoch": 38, "time_epoch": 0.15421, "time_epoch_std": 0.0, "eta": 29.27626, "eta_std": 0.0, "eta_hours": 0.00813, "eta_hours_std": 0.0, "loss": 0.50313, "loss_std": 0.0, "lr": 0.00068, "lr_std": 0.0, "params": 9207.0, "params_std": 0.0, "time_iter": 0.0514, "time_iter_std": 0.0, "accuracy": 0.74359, "accuracy_std": 0.0, "precision": 0.72222, "precision_std": 0.0, "recall": 1.0, "recall_std": 0.0, "f1": 0.83871, "f1_std": 0.0, "auc": 0.97337, "auc_std": 0.0}
{"epoch": 39, "time_epoch": 0.15205, "time_epoch_std": 0.0, "eta": 28.30449, "eta_std": 0.0, "eta_hours": 0.00786, "eta_hours_std": 0.0, "loss": 0.48795, "loss_std": 0.0, "lr": 0.00067, "lr_std": 0.0, "params": 9207.0, "params_std": 0.0, "time_iter": 0.05068, "time_iter_std": 0.0, "accuracy": 0.74359, "accuracy_std": 0.0, "precision": 0.72222, "precision_std": 0.0, "recall": 1.0, "recall_std": 0.0, "f1": 0.83871, "f1_std": 0.0, "auc": 0.99408, "auc_std": 0.0}
{"epoch": 40, "time_epoch": 0.15273, "time_epoch_std": 0.0, "eta": 27.37368, "eta_std": 0.0, "eta_hours": 0.0076, "eta_hours_std": 0.0, "loss": 0.48434, "loss_std": 0.0, "lr": 0.00065, "lr_std": 0.0, "params": 9207.0, "params_std": 0.0, "time_iter": 0.05091, "time_iter_std": 0.0, "accuracy": 0.74359, "accuracy_std": 0.0, "precision": 0.72222, "precision_std": 0.0, "recall": 1.0, "recall_std": 0.0, "f1": 0.83871, "f1_std": 0.0, "auc": 0.98817, "auc_std": 0.0}
{"epoch": 41, "time_epoch": 0.15235, "time_epoch_std": 0.0, "eta": 26.4794, "eta_std": 0.0, "eta_hours": 0.00736, "eta_hours_std": 0.0, "loss": 0.47346, "loss_std": 0.0, "lr": 0.00064, "lr_std": 0.0, "params": 9207.0, "params_std": 0.0, "time_iter": 0.05078, "time_iter_std": 0.0, "accuracy": 0.76923, "accuracy_std": 0.0, "precision": 0.74286, "precision_std": 0.0, "recall": 1.0, "recall_std": 0.0, "f1": 0.85246, "f1_std": 0.0, "auc": 0.99112, "auc_std": 0.0}
{"epoch": 42, "time_epoch": 0.15155, "time_epoch_std": 0.0, "eta": 25.61857, "eta_std": 0.0, "eta_hours": 0.00712, "eta_hours_std": 0.0, "loss": 0.45491, "loss_std": 0.0, "lr": 0.00062, "lr_std": 0.0, "params": 9207.0, "params_std": 0.0, "time_iter": 0.05052, "time_iter_std": 0.0, "accuracy": 0.79487, "accuracy_std": 0.0, "precision": 0.76471, "precision_std": 0.0, "recall": 1.0, "recall_std": 0.0, "f1": 0.86667, "f1_std": 0.0, "auc": 0.98817, "auc_std": 0.0}
{"epoch": 43, "time_epoch": 0.1515, "time_epoch_std": 0.0, "eta": 24.78991, "eta_std": 0.0, "eta_hours": 0.00689, "eta_hours_std": 0.0, "loss": 0.45248, "loss_std": 0.0, "lr": 0.00061, "lr_std": 0.0, "params": 9207.0, "params_std": 0.0, "time_iter": 0.0505, "time_iter_std": 0.0, "accuracy": 0.79487, "accuracy_std": 0.0, "precision": 0.76471, "precision_std": 0.0, "recall": 1.0, "recall_std": 0.0, "f1": 0.86667, "f1_std": 0.0, "auc": 0.97633, "auc_std": 0.0}
{"epoch": 44, "time_epoch": 0.15551, "time_epoch_std": 0.0, "eta": 23.99625, "eta_std": 0.0, "eta_hours": 0.00667, "eta_hours_std": 0.0, "loss": 0.44263, "loss_std": 0.0, "lr": 0.00059, "lr_std": 0.0, "params": 9207.0, "params_std": 0.0, "time_iter": 0.05184, "time_iter_std": 0.0, "accuracy": 0.79487, "accuracy_std": 0.0, "precision": 0.76471, "precision_std": 0.0, "recall": 1.0, "recall_std": 0.0, "f1": 0.86667, "f1_std": 0.0, "auc": 0.96746, "auc_std": 0.0}
{"epoch": 45, "time_epoch": 0.15095, "time_epoch_std": 0.0, "eta": 23.22498, "eta_std": 0.0, "eta_hours": 0.00645, "eta_hours_std": 0.0, "loss": 0.48577, "loss_std": 0.0, "lr": 0.00058, "lr_std": 0.0, "params": 9207.0, "params_std": 0.0, "time_iter": 0.05032, "time_iter_std": 0.0, "accuracy": 0.82051, "accuracy_std": 0.0, "precision": 0.78788, "precision_std": 0.0, "recall": 1.0, "recall_std": 0.0, "f1": 0.88136, "f1_std": 0.0, "auc": 0.90533, "auc_std": 0.0}
{"epoch": 46, "time_epoch": 0.15256, "time_epoch_std": 0.0, "eta": 22.48192, "eta_std": 0.0, "eta_hours": 0.00624, "eta_hours_std": 0.0, "loss": 0.41205, "loss_std": 0.0, "lr": 0.00056, "lr_std": 0.0, "params": 9207.0, "params_std": 0.0, "time_iter": 0.05085, "time_iter_std": 0.0, "accuracy": 0.82051, "accuracy_std": 0.0, "precision": 0.78788, "precision_std": 0.0, "recall": 1.0, "recall_std": 0.0, "f1": 0.88136, "f1_std": 0.0, "auc": 0.98225, "auc_std": 0.0}
{"epoch": 47, "time_epoch": 0.15507, "time_epoch_std": 0.0, "eta": 21.76619, "eta_std": 0.0, "eta_hours": 0.00605, "eta_hours_std": 0.0, "loss": 0.39826, "loss_std": 0.0, "lr": 0.00055, "lr_std": 0.0, "params": 9207.0, "params_std": 0.0, "time_iter": 0.05169, "time_iter_std": 0.0, "accuracy": 0.89744, "accuracy_std": 0.0, "precision": 0.86667, "precision_std": 0.0, "recall": 1.0, "recall_std": 0.0, "f1": 0.92857, "f1_std": 0.0, "auc": 0.98521, "auc_std": 0.0}
{"epoch": 48, "time_epoch": 0.15064, "time_epoch_std": 0.0, "eta": 21.06873, "eta_std": 0.0, "eta_hours": 0.00585, "eta_hours_std": 0.0, "loss": 0.37765, "loss_std": 0.0, "lr": 0.00053, "lr_std": 0.0, "params": 9207.0, "params_std": 0.0, "time_iter": 0.05021, "time_iter_std": 0.0, "accuracy": 0.89744, "accuracy_std": 0.0, "precision": 0.86667, "precision_std": 0.0, "recall": 1.0, "recall_std": 0.0, "f1": 0.92857, "f1_std": 0.0, "auc": 1.0, "auc_std": 0.0}
{"epoch": 49, "time_epoch": 0.15139, "time_epoch_std": 0.0, "eta": 20.3939, "eta_std": 0.0, "eta_hours": 0.00566, "eta_hours_std": 0.0, "loss": 0.36007, "loss_std": 0.0, "lr": 0.00052, "lr_std": 0.0, "params": 9207.0, "params_std": 0.0, "time_iter": 0.05046, "time_iter_std": 0.0, "accuracy": 0.89744, "accuracy_std": 0.0, "precision": 0.86667, "precision_std": 0.0, "recall": 1.0, "recall_std": 0.0, "f1": 0.92857, "f1_std": 0.0, "auc": 1.0, "auc_std": 0.0}
{"epoch": 50, "time_epoch": 0.14804, "time_epoch_std": 0.0, "eta": 19.73637, "eta_std": 0.0, "eta_hours": 0.00548, "eta_hours_std": 0.0, "loss": 0.39974, "loss_std": 0.0, "lr": 0.0005, "lr_std": 0.0, "params": 9207.0, "params_std": 0.0, "time_iter": 0.04935, "time_iter_std": 0.0, "accuracy": 0.84615, "accuracy_std": 0.0, "precision": 0.8125, "precision_std": 0.0, "recall": 1.0, "recall_std": 0.0, "f1": 0.89655, "f1_std": 0.0, "auc": 0.94675, "auc_std": 0.0}
{"epoch": 51, "time_epoch": 0.14879, "time_epoch_std": 0.0, "eta": 19.09913, "eta_std": 0.0, "eta_hours": 0.00531, "eta_hours_std": 0.0, "loss": 0.34425, "loss_std": 0.0, "lr": 0.00048, "lr_std": 0.0, "params": 9207.0, "params_std": 0.0, "time_iter": 0.0496, "time_iter_std": 0.0, "accuracy": 0.92308, "accuracy_std": 0.0, "precision": 0.89655, "precision_std": 0.0, "recall": 1.0, "recall_std": 0.0, "f1": 0.94545, "f1_std": 0.0, "auc": 0.99408, "auc_std": 0.0}
{"epoch": 52, "time_epoch": 0.15177, "time_epoch_std": 0.0, "eta": 18.48297, "eta_std": 0.0, "eta_hours": 0.00513, "eta_hours_std": 0.0, "loss": 0.33028, "loss_std": 0.0, "lr": 0.00047, "lr_std": 0.0, "params": 9207.0, "params_std": 0.0, "time_iter": 0.05059, "time_iter_std": 0.0, "accuracy": 0.89744, "accuracy_std": 0.0, "precision": 0.86667, "precision_std": 0.0, "recall": 1.0, "recall_std": 0.0, "f1": 0.92857, "f1_std": 0.0, "auc": 1.0, "auc_std": 0.0}
{"epoch": 53, "time_epoch": 0.14824, "time_epoch_std": 0.0, "eta": 17.881, "eta_std": 0.0, "eta_hours": 0.00497, "eta_hours_std": 0.0, "loss": 0.31749, "loss_std": 0.0, "lr": 0.00045, "lr_std": 0.0, "params": 9207.0, "params_std": 0.0, "time_iter": 0.04941, "time_iter_std": 0.0, "accuracy": 0.92308, "accuracy_std": 0.0, "precision": 0.89655, "precision_std": 0.0, "recall": 1.0, "recall_std": 0.0, "f1": 0.94545, "f1_std": 0.0, "auc": 1.0, "auc_std": 0.0}
{"epoch": 54, "time_epoch": 0.14781, "time_epoch_std": 0.0, "eta": 17.29517, "eta_std": 0.0, "eta_hours": 0.0048, "eta_hours_std": 0.0, "loss": 0.32909, "loss_std": 0.0, "lr": 0.00044, "lr_std": 0.0, "params": 9207.0, "params_std": 0.0, "time_iter": 0.04927, "time_iter_std": 0.0, "accuracy": 0.92308, "accuracy_std": 0.0, "precision": 0.89655, "precision_std": 0.0, "recall": 1.0, "recall_std": 0.0, "f1": 0.94545, "f1_std": 0.0, "auc": 1.0, "auc_std": 0.0}
{"epoch": 55, "time_epoch": 0.15353, "time_epoch_std": 0.0, "eta": 16.72949, "eta_std": 0.0, "eta_hours": 0.00465, "eta_hours_std": 0.0, "loss": 0.30591, "loss_std": 0.0, "lr": 0.00042, "lr_std": 0.0, "params": 9207.0, "params_std": 0.0, "time_iter": 0.05118, "time_iter_std": 0.0, "accuracy": 0.94872, "accuracy_std": 0.0, "precision": 0.92857, "precision_std": 0.0, "recall": 1.0, "recall_std": 0.0, "f1": 0.96296, "f1_std": 0.0, "auc": 1.0, "auc_std": 0.0}
{"epoch": 56, "time_epoch": 0.15449, "time_epoch_std": 0.0, "eta": 16.17899, "eta_std": 0.0, "eta_hours": 0.00449, "eta_hours_std": 0.0, "loss": 0.32805, "loss_std": 0.0, "lr": 0.00041, "lr_std": 0.0, "params": 9207.0, "params_std": 0.0, "time_iter": 0.0515, "time_iter_std": 0.0, "accuracy": 0.89744, "accuracy_std": 0.0, "precision": 0.86667, "precision_std": 0.0, "recall": 1.0, "recall_std": 0.0, "f1": 0.92857, "f1_std": 0.0, "auc": 1.0, "auc_std": 0.0}
{"epoch": 57, "time_epoch": 0.15132, "time_epoch_std": 0.0, "eta": 15.63985, "eta_std": 0.0, "eta_hours": 0.00434, "eta_hours_std": 0.0, "loss": 0.27943, "loss_std": 0.0, "lr": 0.00039, "lr_std": 0.0, "params": 9207.0, "params_std": 0.0, "time_iter": 0.05044, "time_iter_std": 0.0, "accuracy": 0.92308, "accuracy_std": 0.0, "precision": 0.89655, "precision_std": 0.0, "recall": 1.0, "recall_std": 0.0, "f1": 0.94545, "f1_std": 0.0, "auc": 1.0, "auc_std": 0.0}
{"epoch": 58, "time_epoch": 0.15227, "time_epoch_std": 0.0, "eta": 15.11452, "eta_std": 0.0, "eta_hours": 0.0042, "eta_hours_std": 0.0, "loss": 0.27751, "loss_std": 0.0, "lr": 0.00038, "lr_std": 0.0, "params": 9207.0, "params_std": 0.0, "time_iter": 0.05076, "time_iter_std": 0.0, "accuracy": 0.94872, "accuracy_std": 0.0, "precision": 0.92857, "precision_std": 0.0, "recall": 1.0, "recall_std": 0.0, "f1": 0.96296, "f1_std": 0.0, "auc": 1.0, "auc_std": 0.0}
{"epoch": 59, "time_epoch": 0.15349, "time_epoch_std": 0.0, "eta": 14.60244, "eta_std": 0.0, "eta_hours": 0.00406, "eta_hours_std": 0.0, "loss": 0.27548, "loss_std": 0.0, "lr": 0.00036, "lr_std": 0.0, "params": 9207.0, "params_std": 0.0, "time_iter": 0.05116, "time_iter_std": 0.0, "accuracy": 0.92308, "accuracy_std": 0.0, "precision": 0.89655, "precision_std": 0.0, "recall": 1.0, "recall_std": 0.0, "f1": 0.94545, "f1_std": 0.0, "auc": 0.99704, "auc_std": 0.0}
{"epoch": 60, "time_epoch": 0.1484, "time_epoch_std": 0.0, "eta": 14.09885, "eta_std": 0.0, "eta_hours": 0.00392, "eta_hours_std": 0.0, "loss": 0.25771, "loss_std": 0.0, "lr": 0.00035, "lr_std": 0.0, "params": 9207.0, "params_std": 0.0, "time_iter": 0.04947, "time_iter_std": 0.0, "accuracy": 0.97436, "accuracy_std": 0.0, "precision": 0.96296, "precision_std": 0.0, "recall": 1.0, "recall_std": 0.0, "f1": 0.98113, "f1_std": 0.0, "auc": 0.99704, "auc_std": 0.0}
{"epoch": 61, "time_epoch": 0.1478, "time_epoch_std": 0.0, "eta": 13.60636, "eta_std": 0.0, "eta_hours": 0.00378, "eta_hours_std": 0.0, "loss": 0.25374, "loss_std": 0.0, "lr": 0.00033, "lr_std": 0.0, "params": 9207.0, "params_std": 0.0, "time_iter": 0.04927, "time_iter_std": 0.0, "accuracy": 0.94872, "accuracy_std": 0.0, "precision": 0.92857, "precision_std": 0.0, "recall": 1.0, "recall_std": 0.0, "f1": 0.96296, "f1_std": 0.0, "auc": 1.0, "auc_std": 0.0}
{"epoch": 62, "time_epoch": 0.1505, "time_epoch_std": 0.0, "eta": 13.12639, "eta_std": 0.0, "eta_hours": 0.00365, "eta_hours_std": 0.0, "loss": 0.23906, "loss_std": 0.0, "lr": 0.00032, "lr_std": 0.0, "params": 9207.0, "params_std": 0.0, "time_iter": 0.05017, "time_iter_std": 0.0, "accuracy": 0.94872, "accuracy_std": 0.0, "precision": 0.92857, "precision_std": 0.0, "recall": 1.0, "recall_std": 0.0, "f1": 0.96296, "f1_std": 0.0, "auc": 1.0, "auc_std": 0.0}
{"epoch": 63, "time_epoch": 0.14898, "time_epoch_std": 0.0, "eta": 12.65587, "eta_std": 0.0, "eta_hours": 0.00352, "eta_hours_std": 0.0, "loss": 0.23183, "loss_std": 0.0, "lr": 0.0003, "lr_std": 0.0, "params": 9207.0, "params_std": 0.0, "time_iter": 0.04966, "time_iter_std": 0.0, "accuracy": 0.94872, "accuracy_std": 0.0, "precision": 0.92857, "precision_std": 0.0, "recall": 1.0, "recall_std": 0.0, "f1": 0.96296, "f1_std": 0.0, "auc": 1.0, "auc_std": 0.0}
{"epoch": 64, "time_epoch": 0.14891, "time_epoch_std": 0.0, "eta": 12.19521, "eta_std": 0.0, "eta_hours": 0.00339, "eta_hours_std": 0.0, "loss": 0.24626, "loss_std": 0.0, "lr": 0.00029, "lr_std": 0.0, "params": 9207.0, "params_std": 0.0, "time_iter": 0.04964, "time_iter_std": 0.0, "accuracy": 0.97436, "accuracy_std": 0.0, "precision": 0.96296, "precision_std": 0.0, "recall": 1.0, "recall_std": 0.0, "f1": 0.98113, "f1_std": 0.0, "auc": 0.99112, "auc_std": 0.0}
{"epoch": 65, "time_epoch": 0.14954, "time_epoch_std": 0.0, "eta": 11.74431, "eta_std": 0.0, "eta_hours": 0.00326, "eta_hours_std": 0.0, "loss": 0.24226, "loss_std": 0.0, "lr": 0.00027, "lr_std": 0.0, "params": 9207.0, "params_std": 0.0, "time_iter": 0.04985, "time_iter_std": 0.0, "accuracy": 0.94872, "accuracy_std": 0.0, "precision": 0.92857, "precision_std": 0.0, "recall": 1.0, "recall_std": 0.0, "f1": 0.96296, "f1_std": 0.0, "auc": 0.99112, "auc_std": 0.0}
{"epoch": 66, "time_epoch": 0.15266, "time_epoch_std": 0.0, "eta": 11.30395, "eta_std": 0.0, "eta_hours": 0.00314, "eta_hours_std": 0.0, "loss": 0.21177, "loss_std": 0.0, "lr": 0.00026, "lr_std": 0.0, "params": 9207.0, "params_std": 0.0, "time_iter": 0.05089, "time_iter_std": 0.0, "accuracy": 0.94872, "accuracy_std": 0.0, "precision": 0.92857, "precision_std": 0.0, "recall": 1.0, "recall_std": 0.0, "f1": 0.96296, "f1_std": 0.0, "auc": 1.0, "auc_std": 0.0}
{"epoch": 67, "time_epoch": 0.15053, "time_epoch_std": 0.0, "eta": 10.87104, "eta_std": 0.0, "eta_hours": 0.00302, "eta_hours_std": 0.0, "loss": 0.21217, "loss_std": 0.0, "lr": 0.00025, "lr_std": 0.0, "params": 9207.0, "params_std": 0.0, "time_iter": 0.05018, "time_iter_std": 0.0, "accuracy": 0.97436, "accuracy_std": 0.0, "precision": 0.96296, "precision_std": 0.0, "recall": 1.0, "recall_std": 0.0, "f1": 0.98113, "f1_std": 0.0, "auc": 1.0, "auc_std": 0.0}
{"epoch": 68, "time_epoch": 0.14849, "time_epoch_std": 0.0, "eta": 10.44541, "eta_std": 0.0, "eta_hours": 0.0029, "eta_hours_std": 0.0, "loss": 0.26332, "loss_std": 0.0, "lr": 0.00023, "lr_std": 0.0, "params": 9207.0, "params_std": 0.0, "time_iter": 0.0495, "time_iter_std": 0.0, "accuracy": 0.97436, "accuracy_std": 0.0, "precision": 0.96296, "precision_std": 0.0, "recall": 1.0, "recall_std": 0.0, "f1": 0.98113, "f1_std": 0.0, "auc": 0.98817, "auc_std": 0.0}
{"epoch": 69, "time_epoch": 0.15155, "time_epoch_std": 0.0, "eta": 10.029, "eta_std": 0.0, "eta_hours": 0.00279, "eta_hours_std": 0.0, "loss": 0.24277, "loss_std": 0.0, "lr": 0.00022, "lr_std": 0.0, "params": 9207.0, "params_std": 0.0, "time_iter": 0.05052, "time_iter_std": 0.0, "accuracy": 0.94872, "accuracy_std": 0.0, "precision": 0.92857, "precision_std": 0.0, "recall": 1.0, "recall_std": 0.0, "f1": 0.96296, "f1_std": 0.0, "auc": 0.99704, "auc_std": 0.0}
{"epoch": 70, "time_epoch": 0.15401, "time_epoch_std": 0.0, "eta": 9.62106, "eta_std": 0.0, "eta_hours": 0.00267, "eta_hours_std": 0.0, "loss": 0.19693, "loss_std": 0.0, "lr": 0.00021, "lr_std": 0.0, "params": 9207.0, "params_std": 0.0, "time_iter": 0.05134, "time_iter_std": 0.0, "accuracy": 0.97436, "accuracy_std": 0.0, "precision": 0.96296, "precision_std": 0.0, "recall": 1.0, "recall_std": 0.0, "f1": 0.98113, "f1_std": 0.0, "auc": 1.0, "auc_std": 0.0}
{"epoch": 71, "time_epoch": 0.15026, "time_epoch_std": 0.0, "eta": 9.21872, "eta_std": 0.0, "eta_hours": 0.00256, "eta_hours_std": 0.0, "loss": 0.20824, "loss_std": 0.0, "lr": 0.00019, "lr_std": 0.0, "params": 9207.0, "params_std": 0.0, "time_iter": 0.05009, "time_iter_std": 0.0, "accuracy": 0.94872, "accuracy_std": 0.0, "precision": 0.92857, "precision_std": 0.0, "recall": 1.0, "recall_std": 0.0, "f1": 0.96296, "f1_std": 0.0, "auc": 1.0, "auc_std": 0.0}
{"epoch": 72, "time_epoch": 0.15061, "time_epoch_std": 0.0, "eta": 8.82341, "eta_std": 0.0, "eta_hours": 0.00245, "eta_hours_std": 0.0, "loss": 0.1899, "loss_std": 0.0, "lr": 0.00018, "lr_std": 0.0, "params": 9207.0, "params_std": 0.0, "time_iter": 0.0502, "time_iter_std": 0.0, "accuracy": 0.97436, "accuracy_std": 0.0, "precision": 0.96296, "precision_std": 0.0, "recall": 1.0, "recall_std": 0.0, "f1": 0.98113, "f1_std": 0.0, "auc": 1.0, "auc_std": 0.0}
{"epoch": 73, "time_epoch": 0.15507, "time_epoch_std": 0.0, "eta": 8.43628, "eta_std": 0.0, "eta_hours": 0.00234, "eta_hours_std": 0.0, "loss": 0.18816, "loss_std": 0.0, "lr": 0.00017, "lr_std": 0.0, "params": 9207.0, "params_std": 0.0, "time_iter": 0.05169, "time_iter_std": 0.0, "accuracy": 0.97436, "accuracy_std": 0.0, "precision": 0.96296, "precision_std": 0.0, "recall": 1.0, "recall_std": 0.0, "f1": 0.98113, "f1_std": 0.0, "auc": 1.0, "auc_std": 0.0}
{"epoch": 74, "time_epoch": 0.14898, "time_epoch_std": 0.0, "eta": 8.05331, "eta_std": 0.0, "eta_hours": 0.00224, "eta_hours_std": 0.0, "loss": 0.19501, "loss_std": 0.0, "lr": 0.00016, "lr_std": 0.0, "params": 9207.0, "params_std": 0.0, "time_iter": 0.04966, "time_iter_std": 0.0, "accuracy": 1.0, "accuracy_std": 0.0, "precision": 1.0, "precision_std": 0.0, "recall": 1.0, "recall_std": 0.0, "f1": 1.0, "f1_std": 0.0, "auc": 1.0, "auc_std": 0.0}
{"epoch": 75, "time_epoch": 0.14998, "time_epoch_std": 0.0, "eta": 7.67682, "eta_std": 0.0, "eta_hours": 0.00213, "eta_hours_std": 0.0, "loss": 0.18474, "loss_std": 0.0, "lr": 0.00015, "lr_std": 0.0, "params": 9207.0, "params_std": 0.0, "time_iter": 0.04999, "time_iter_std": 0.0, "accuracy": 0.97436, "accuracy_std": 0.0, "precision": 0.96296, "precision_std": 0.0, "recall": 1.0, "recall_std": 0.0, "f1": 0.98113, "f1_std": 0.0, "auc": 1.0, "auc_std": 0.0}
{"epoch": 76, "time_epoch": 0.15195, "time_epoch_std": 0.0, "eta": 7.30679, "eta_std": 0.0, "eta_hours": 0.00203, "eta_hours_std": 0.0, "loss": 0.19628, "loss_std": 0.0, "lr": 0.00014, "lr_std": 0.0, "params": 9207.0, "params_std": 0.0, "time_iter": 0.05065, "time_iter_std": 0.0, "accuracy": 0.97436, "accuracy_std": 0.0, "precision": 0.96296, "precision_std": 0.0, "recall": 1.0, "recall_std": 0.0, "f1": 0.98113, "f1_std": 0.0, "auc": 1.0, "auc_std": 0.0}
{"epoch": 77, "time_epoch": 0.15472, "time_epoch_std": 0.0, "eta": 6.94314, "eta_std": 0.0, "eta_hours": 0.00193, "eta_hours_std": 0.0, "loss": 0.16715, "loss_std": 0.0, "lr": 0.00012, "lr_std": 0.0, "params": 9207.0, "params_std": 0.0, "time_iter": 0.05157, "time_iter_std": 0.0, "accuracy": 1.0, "accuracy_std": 0.0, "precision": 1.0, "precision_std": 0.0, "recall": 1.0, "recall_std": 0.0, "f1": 1.0, "f1_std": 0.0, "auc": 1.0, "auc_std": 0.0}
{"epoch": 78, "time_epoch": 0.15134, "time_epoch_std": 0.0, "eta": 6.58388, "eta_std": 0.0, "eta_hours": 0.00183, "eta_hours_std": 0.0, "loss": 0.30653, "loss_std": 0.0, "lr": 0.00011, "lr_std": 0.0, "params": 9207.0, "params_std": 0.0, "time_iter": 0.05045, "time_iter_std": 0.0, "accuracy": 0.87179, "accuracy_std": 0.0, "precision": 0.86207, "precision_std": 0.0, "recall": 0.96154, "recall_std": 0.0, "f1": 0.90909, "f1_std": 0.0, "auc": 0.9645, "auc_std": 0.0}
{"epoch": 79, "time_epoch": 0.1507, "time_epoch_std": 0.0, "eta": 6.22966, "eta_std": 0.0, "eta_hours": 0.00173, "eta_hours_std": 0.0, "loss": 0.17656, "loss_std": 0.0, "lr": 0.0001, "lr_std": 0.0, "params": 9207.0, "params_std": 0.0, "time_iter": 0.05023, "time_iter_std": 0.0, "accuracy": 0.97436, "accuracy_std": 0.0, "precision": 0.96296, "precision_std": 0.0, "recall": 1.0, "recall_std": 0.0, "f1": 0.98113, "f1_std": 0.0, "auc": 1.0, "auc_std": 0.0}
{"epoch": 80, "time_epoch": 0.15186, "time_epoch_std": 0.0, "eta": 5.88073, "eta_std": 0.0, "eta_hours": 0.00163, "eta_hours_std": 0.0, "loss": 0.19747, "loss_std": 0.0, "lr": 0.0001, "lr_std": 0.0, "params": 9207.0, "params_std": 0.0, "time_iter": 0.05062, "time_iter_std": 0.0, "accuracy": 0.97436, "accuracy_std": 0.0, "precision": 0.96296, "precision_std": 0.0, "recall": 1.0, "recall_std": 0.0, "f1": 0.98113, "f1_std": 0.0, "auc": 1.0, "auc_std": 0.0}
{"epoch": 81, "time_epoch": 0.15292, "time_epoch_std": 0.0, "eta": 5.53684, "eta_std": 0.0, "eta_hours": 0.00154, "eta_hours_std": 0.0, "loss": 0.16391, "loss_std": 0.0, "lr": 9e-05, "lr_std": 0.0, "params": 9207.0, "params_std": 0.0, "time_iter": 0.05097, "time_iter_std": 0.0, "accuracy": 0.97436, "accuracy_std": 0.0, "precision": 0.96296, "precision_std": 0.0, "recall": 1.0, "recall_std": 0.0, "f1": 0.98113, "f1_std": 0.0, "auc": 1.0, "auc_std": 0.0}
{"epoch": 82, "time_epoch": 0.15041, "time_epoch_std": 0.0, "eta": 5.19705, "eta_std": 0.0, "eta_hours": 0.00144, "eta_hours_std": 0.0, "loss": 0.17484, "loss_std": 0.0, "lr": 8e-05, "lr_std": 0.0, "params": 9207.0, "params_std": 0.0, "time_iter": 0.05014, "time_iter_std": 0.0, "accuracy": 1.0, "accuracy_std": 0.0, "precision": 1.0, "precision_std": 0.0, "recall": 1.0, "recall_std": 0.0, "f1": 1.0, "f1_std": 0.0, "auc": 1.0, "auc_std": 0.0}
{"epoch": 83, "time_epoch": 0.15687, "time_epoch_std": 0.0, "eta": 4.86299, "eta_std": 0.0, "eta_hours": 0.00135, "eta_hours_std": 0.0, "loss": 0.15936, "loss_std": 0.0, "lr": 7e-05, "lr_std": 0.0, "params": 9207.0, "params_std": 0.0, "time_iter": 0.05229, "time_iter_std": 0.0, "accuracy": 0.97436, "accuracy_std": 0.0, "precision": 0.96296, "precision_std": 0.0, "recall": 1.0, "recall_std": 0.0, "f1": 0.98113, "f1_std": 0.0, "auc": 1.0, "auc_std": 0.0}
{"epoch": 84, "time_epoch": 0.15328, "time_epoch_std": 0.0, "eta": 4.53246, "eta_std": 0.0, "eta_hours": 0.00126, "eta_hours_std": 0.0, "loss": 0.18388, "loss_std": 0.0, "lr": 6e-05, "lr_std": 0.0, "params": 9207.0, "params_std": 0.0, "time_iter": 0.05109, "time_iter_std": 0.0, "accuracy": 0.97436, "accuracy_std": 0.0, "precision": 0.96296, "precision_std": 0.0, "recall": 1.0, "recall_std": 0.0, "f1": 0.98113, "f1_std": 0.0, "auc": 0.99704, "auc_std": 0.0}
{"epoch": 85, "time_epoch": 0.15122, "time_epoch_std": 0.0, "eta": 4.20573, "eta_std": 0.0, "eta_hours": 0.00117, "eta_hours_std": 0.0, "loss": 0.17438, "loss_std": 0.0, "lr": 5e-05, "lr_std": 0.0, "params": 9207.0, "params_std": 0.0, "time_iter": 0.05041, "time_iter_std": 0.0, "accuracy": 0.97436, "accuracy_std": 0.0, "precision": 0.96296, "precision_std": 0.0, "recall": 1.0, "recall_std": 0.0, "f1": 0.98113, "f1_std": 0.0, "auc": 1.0, "auc_std": 0.0}
{"epoch": 86, "time_epoch": 0.15685, "time_epoch_std": 0.0, "eta": 3.88387, "eta_std": 0.0, "eta_hours": 0.00108, "eta_hours_std": 0.0, "loss": 0.17196, "loss_std": 0.0, "lr": 5e-05, "lr_std": 0.0, "params": 9207.0, "params_std": 0.0, "time_iter": 0.05228, "time_iter_std": 0.0, "accuracy": 1.0, "accuracy_std": 0.0, "precision": 1.0, "precision_std": 0.0, "recall": 1.0, "recall_std": 0.0, "f1": 1.0, "f1_std": 0.0, "auc": 1.0, "auc_std": 0.0}
{"epoch": 87, "time_epoch": 0.15444, "time_epoch_std": 0.0, "eta": 3.56543, "eta_std": 0.0, "eta_hours": 0.00099, "eta_hours_std": 0.0, "loss": 0.21624, "loss_std": 0.0, "lr": 4e-05, "lr_std": 0.0, "params": 9207.0, "params_std": 0.0, "time_iter": 0.05148, "time_iter_std": 0.0, "accuracy": 0.97436, "accuracy_std": 0.0, "precision": 0.96296, "precision_std": 0.0, "recall": 1.0, "recall_std": 0.0, "f1": 0.98113, "f1_std": 0.0, "auc": 0.99112, "auc_std": 0.0}
{"epoch": 88, "time_epoch": 0.15222, "time_epoch_std": 0.0, "eta": 3.2504, "eta_std": 0.0, "eta_hours": 0.0009, "eta_hours_std": 0.0, "loss": 0.15914, "loss_std": 0.0, "lr": 4e-05, "lr_std": 0.0, "params": 9207.0, "params_std": 0.0, "time_iter": 0.05074, "time_iter_std": 0.0, "accuracy": 0.97436, "accuracy_std": 0.0, "precision": 0.96296, "precision_std": 0.0, "recall": 1.0, "recall_std": 0.0, "f1": 0.98113, "f1_std": 0.0, "auc": 1.0, "auc_std": 0.0}
{"epoch": 89, "time_epoch": 0.15077, "time_epoch_std": 0.0, "eta": 2.93883, "eta_std": 0.0, "eta_hours": 0.00082, "eta_hours_std": 0.0, "loss": 0.15664, "loss_std": 0.0, "lr": 3e-05, "lr_std": 0.0, "params": 9207.0, "params_std": 0.0, "time_iter": 0.05026, "time_iter_std": 0.0, "accuracy": 1.0, "accuracy_std": 0.0, "precision": 1.0, "precision_std": 0.0, "recall": 1.0, "recall_std": 0.0, "f1": 1.0, "f1_std": 0.0, "auc": 1.0, "auc_std": 0.0}
{"epoch": 90, "time_epoch": 0.15303, "time_epoch_std": 0.0, "eta": 2.63102, "eta_std": 0.0, "eta_hours": 0.00073, "eta_hours_std": 0.0, "loss": 0.17244, "loss_std": 0.0, "lr": 2e-05, "lr_std": 0.0, "params": 9207.0, "params_std": 0.0, "time_iter": 0.05101, "time_iter_std": 0.0, "accuracy": 0.97436, "accuracy_std": 0.0, "precision": 0.96296, "precision_std": 0.0, "recall": 1.0, "recall_std": 0.0, "f1": 0.98113, "f1_std": 0.0, "auc": 1.0, "auc_std": 0.0}
{"epoch": 91, "time_epoch": 0.14998, "time_epoch_std": 0.0, "eta": 2.3263, "eta_std": 0.0, "eta_hours": 0.00065, "eta_hours_std": 0.0, "loss": 0.17069, "loss_std": 0.0, "lr": 2e-05, "lr_std": 0.0, "params": 9207.0, "params_std": 0.0, "time_iter": 0.04999, "time_iter_std": 0.0, "accuracy": 1.0, "accuracy_std": 0.0, "precision": 1.0, "precision_std": 0.0, "recall": 1.0, "recall_std": 0.0, "f1": 1.0, "f1_std": 0.0, "auc": 1.0, "auc_std": 0.0}
{"epoch": 92, "time_epoch": 0.15557, "time_epoch_std": 0.0, "eta": 2.02534, "eta_std": 0.0, "eta_hours": 0.00056, "eta_hours_std": 0.0, "loss": 0.15084, "loss_std": 0.0, "lr": 2e-05, "lr_std": 0.0, "params": 9207.0, "params_std": 0.0, "time_iter": 0.05186, "time_iter_std": 0.0, "accuracy": 1.0, "accuracy_std": 0.0, "precision": 1.0, "precision_std": 0.0, "recall": 1.0, "recall_std": 0.0, "f1": 1.0, "f1_std": 0.0, "auc": 1.0, "auc_std": 0.0}
{"epoch": 93, "time_epoch": 0.15208, "time_epoch_std": 0.0, "eta": 1.72724, "eta_std": 0.0, "eta_hours": 0.00048, "eta_hours_std": 0.0, "loss": 0.16429, "loss_std": 0.0, "lr": 1e-05, "lr_std": 0.0, "params": 9207.0, "params_std": 0.0, "time_iter": 0.05069, "time_iter_std": 0.0, "accuracy": 1.0, "accuracy_std": 0.0, "precision": 1.0, "precision_std": 0.0, "recall": 1.0, "recall_std": 0.0, "f1": 1.0, "f1_std": 0.0, "auc": 1.0, "auc_std": 0.0}
{"epoch": 94, "time_epoch": 0.14825, "time_epoch_std": 0.0, "eta": 1.43202, "eta_std": 0.0, "eta_hours": 0.0004, "eta_hours_std": 0.0, "loss": 0.20066, "loss_std": 0.0, "lr": 1e-05, "lr_std": 0.0, "params": 9207.0, "params_std": 0.0, "time_iter": 0.04942, "time_iter_std": 0.0, "accuracy": 0.97436, "accuracy_std": 0.0, "precision": 0.96296, "precision_std": 0.0, "recall": 1.0, "recall_std": 0.0, "f1": 0.98113, "f1_std": 0.0, "auc": 1.0, "auc_std": 0.0}
{"epoch": 95, "time_epoch": 0.16229, "time_epoch_std": 0.0, "eta": 1.14044, "eta_std": 0.0, "eta_hours": 0.00032, "eta_hours_std": 0.0, "loss": 0.17313, "loss_std": 0.0, "lr": 1e-05, "lr_std": 0.0, "params": 9207.0, "params_std": 0.0, "time_iter": 0.0541, "time_iter_std": 0.0, "accuracy": 0.97436, "accuracy_std": 0.0, "precision": 0.96296, "precision_std": 0.0, "recall": 1.0, "recall_std": 0.0, "f1": 0.98113, "f1_std": 0.0, "auc": 1.0, "auc_std": 0.0}
{"epoch": 96, "time_epoch": 0.15303, "time_epoch_std": 0.0, "eta": 0.85125, "eta_std": 0.0, "eta_hours": 0.00024, "eta_hours_std": 0.0, "loss": 0.21913, "loss_std": 0.0, "lr": 0.0, "lr_std": 0.0, "params": 9207.0, "params_std": 0.0, "time_iter": 0.05101, "time_iter_std": 0.0, "accuracy": 0.92308, "accuracy_std": 0.0, "precision": 0.96, "precision_std": 0.0, "recall": 0.92308, "recall_std": 0.0, "f1": 0.94118, "f1_std": 0.0, "auc": 0.99408, "auc_std": 0.0}
{"epoch": 97, "time_epoch": 0.15594, "time_epoch_std": 0.0, "eta": 0.56489, "eta_std": 0.0, "eta_hours": 0.00016, "eta_hours_std": 0.0, "loss": 0.19312, "loss_std": 0.0, "lr": 0.0, "lr_std": 0.0, "params": 9207.0, "params_std": 0.0, "time_iter": 0.05198, "time_iter_std": 0.0, "accuracy": 1.0, "accuracy_std": 0.0, "precision": 1.0, "precision_std": 0.0, "recall": 1.0, "recall_std": 0.0, "f1": 1.0, "f1_std": 0.0, "auc": 1.0, "auc_std": 0.0}
{"epoch": 98, "time_epoch": 0.15464, "time_epoch_std": 0.0, "eta": 0.28115, "eta_std": 0.0, "eta_hours": 8e-05, "eta_hours_std": 0.0, "loss": 0.16044, "loss_std": 0.0, "lr": 0.0, "lr_std": 0.0, "params": 9207.0, "params_std": 0.0, "time_iter": 0.05155, "time_iter_std": 0.0, "accuracy": 1.0, "accuracy_std": 0.0, "precision": 1.0, "precision_std": 0.0, "recall": 1.0, "recall_std": 0.0, "f1": 1.0, "f1_std": 0.0, "auc": 1.0, "auc_std": 0.0}
{"epoch": 99, "time_epoch": 0.15983, "time_epoch_std": 0.0, "eta": 0.0, "eta_std": 0.0, "eta_hours": 0.0, "eta_hours_std": 0.0, "loss": 0.17126, "loss_std": 0.0, "lr": 0.0, "lr_std": 0.0, "params": 9207.0, "params_std": 0.0, "time_iter": 0.05328, "time_iter_std": 0.0, "accuracy": 0.97436, "accuracy_std": 0.0, "precision": 0.96296, "precision_std": 0.0, "recall": 1.0, "recall_std": 0.0, "f1": 0.98113, "f1_std": 0.0, "auc": 1.0, "auc_std": 0.0}
