{"epoch": 0, "time_epoch": 2.42173, "eta": 239.75094, "eta_hours": 0.0666, "loss": 0.71530793, "lr": 0.001, "params": 6295, "time_iter": 0.06373, "accuracy": 0.48, "precision": 0.0, "recall": 0.0, "f1": 0.0, "auc": 0.49706}
{"epoch": 1, "time_epoch": 2.50544, "eta": 241.43129, "eta_hours": 0.06706, "loss": 0.70485675, "lr": 0.00099975, "params": 6295, "time_iter": 0.06593, "accuracy": 0.48, "precision": 0.0, "recall": 0.0, "f1": 0.0, "auc": 0.4984}
{"epoch": 2, "time_epoch": 1.63752, "eta": 212.2583, "eta_hours": 0.05896, "loss": 0.69865933, "lr": 0.00099901, "params": 6295, "time_iter": 0.04309, "accuracy": 0.48, "precision": 0.0, "recall": 0.0, "f1": 0.0, "auc": 0.46741}
{"epoch": 3, "time_epoch": 1.75331, "eta": 199.63189, "eta_hours": 0.05545, "loss": 0.69585267, "lr": 0.00099778, "params": 6295, "time_iter": 0.04614, "accuracy": 0.48, "precision": 0.0, "recall": 0.0, "f1": 0.0, "auc": 0.39895}
{"epoch": 4, "time_epoch": 1.75631, "eta": 191.41177, "eta_hours": 0.05317, "loss": 0.69370465, "lr": 0.00099606, "params": 6295, "time_iter": 0.04622, "accuracy": 0.48, "precision": 0.5, "recall": 0.70513, "f1": 0.58511, "auc": 0.45477}
{"epoch": 5, "time_epoch": 1.76052, "eta": 185.41231, "eta_hours": 0.0515, "loss": 0.69315386, "lr": 0.00099384, "params": 6295, "time_iter": 0.04633, "accuracy": 0.52, "precision": 0.52, "recall": 1.0, "f1": 0.68421, "auc": 0.43572}
{"epoch": 6, "time_epoch": 1.74881, "eta": 180.46839, "eta_hours": 0.05013, "loss": 0.69315682, "lr": 0.00099114, "params": 6295, "time_iter": 0.04602, "accuracy": 0.52, "precision": 0.52, "recall": 1.0, "f1": 0.68421, "auc": 0.40928}
{"epoch": 7, "time_epoch": 1.75509, "eta": 176.39546, "eta_hours": 0.049, "loss": 0.69291242, "lr": 0.00098796, "params": 6295, "time_iter": 0.04619, "accuracy": 0.52, "precision": 0.52, "recall": 1.0, "f1": 0.68421, "auc": 0.35835}
{"epoch": 8, "time_epoch": 1.8073, "eta": 173.3655, "eta_hours": 0.04816, "loss": 0.69371994, "lr": 0.00098429, "params": 6295, "time_iter": 0.04756, "accuracy": 0.52, "precision": 0.52, "recall": 1.0, "f1": 0.68421, "auc": 0.40812}
{"epoch": 9, "time_epoch": 1.80931, "eta": 170.59813, "eta_hours": 0.04739, "loss": 0.69360947, "lr": 0.00098015, "params": 6295, "time_iter": 0.04761, "accuracy": 0.52, "precision": 0.52, "recall": 1.0, "f1": 0.68421, "auc": 0.40028}
{"epoch": 10, "time_epoch": 1.8222, "eta": 168.10925, "eta_hours": 0.0467, "loss": 0.69289519, "lr": 0.00097553, "params": 6295, "time_iter": 0.04795, "accuracy": 0.52, "precision": 0.52, "recall": 1.0, "f1": 0.68421, "auc": 0.42005}
{"epoch": 11, "time_epoch": 1.79618, "eta": 165.54067, "eta_hours": 0.04598, "loss": 0.69288279, "lr": 0.00097044, "params": 6295, "time_iter": 0.04727, "accuracy": 0.52, "precision": 0.52, "recall": 1.0, "f1": 0.68421, "auc": 0.41097}
{"epoch": 12, "time_epoch": 1.78385, "eta": 163.00844, "eta_hours": 0.04528, "loss": 0.69625667, "lr": 0.00096489, "params": 6295, "time_iter": 0.04694, "accuracy": 0.52, "precision": 0.52, "recall": 1.0, "f1": 0.68421, "auc": 0.32336}
{"epoch": 13, "time_epoch": 1.80118, "eta": 160.68952, "eta_hours": 0.04464, "loss": 0.69304513, "lr": 0.00095888, "params": 6295, "time_iter": 0.0474, "accuracy": 0.52, "precision": 0.52, "recall": 1.0, "f1": 0.68421, "auc": 0.41774}
{"epoch": 14, "time_epoch": 1.80925, "eta": 158.48541, "eta_hours": 0.04402, "loss": 0.69273213, "lr": 0.00095241, "params": 6295, "time_iter": 0.04761, "accuracy": 0.52, "precision": 0.52, "recall": 1.0, "f1": 0.68421, "auc": 0.43429}
{"epoch": 15, "time_epoch": 1.79435, "eta": 156.25239, "eta_hours": 0.0434, "loss": 0.69263724, "lr": 0.0009455, "params": 6295, "time_iter": 0.04722, "accuracy": 0.52, "precision": 0.52, "recall": 1.0, "f1": 0.68421, "auc": 0.35951}
{"epoch": 16, "time_epoch": 1.8013, "eta": 154.10494, "eta_hours": 0.04281, "loss": 0.69324906, "lr": 0.00093815, "params": 6295, "time_iter": 0.0474, "accuracy": 0.52, "precision": 0.52, "recall": 1.0, "f1": 0.68421, "auc": 0.42984}
{"epoch": 17, "time_epoch": 1.81193, "eta": 152.04436, "eta_hours": 0.04223, "loss": 0.69299524, "lr": 0.00093037, "params": 6295, "time_iter": 0.04768, "accuracy": 0.52, "precision": 0.52, "recall": 1.0, "f1": 0.68421, "auc": 0.38373}
{"epoch": 18, "time_epoch": 1.81082, "eta": 150.00524, "eta_hours": 0.04167, "loss": 0.69260651, "lr": 0.00092216, "params": 6295, "time_iter": 0.04765, "accuracy": 0.52, "precision": 0.52, "recall": 1.0, "f1": 0.68421, "auc": 0.45905}
{"epoch": 19, "time_epoch": 1.77898, "eta": 147.86159, "eta_hours": 0.04107, "loss": 0.69266325, "lr": 0.00091354, "params": 6295, "time_iter": 0.04682, "accuracy": 0.52, "precision": 0.52, "recall": 1.0, "f1": 0.68421, "auc": 0.46492}
{"epoch": 20, "time_epoch": 1.78405, "eta": 145.77172, "eta_hours": 0.04049, "loss": 0.69345136, "lr": 0.00090451, "params": 6295, "time_iter": 0.04695, "accuracy": 0.52, "precision": 0.52, "recall": 1.0, "f1": 0.68421, "auc": 0.43136}
{"epoch": 21, "time_epoch": 1.78852, "eta": 143.72551, "eta_hours": 0.03992, "loss": 0.69252071, "lr": 0.00089508, "params": 6295, "time_iter": 0.04707, "accuracy": 0.52, "precision": 0.52, "recall": 1.0, "f1": 0.68421, "auc": 0.46314}
{"epoch": 22, "time_epoch": 1.79641, "eta": 141.72813, "eta_hours": 0.03937, "loss": 0.69267565, "lr": 0.00088526, "params": 6295, "time_iter": 0.04727, "accuracy": 0.52, "precision": 0.52, "recall": 1.0, "f1": 0.68421, "auc": 0.43412}
{"epoch": 23, "time_epoch": 1.79608, "eta": 139.74646, "eta_hours": 0.03882, "loss": 0.69286325, "lr": 0.00087506, "params": 6295, "time_iter": 0.04727, "accuracy": 0.52, "precision": 0.52, "recall": 1.0, "f1": 0.68421, "auc": 0.41364}
{"epoch": 24, "time_epoch": 1.7644, "eta": 137.68457, "eta_hours": 0.03825, "loss": 0.69251551, "lr": 0.00086448, "params": 6295, "time_iter": 0.04643, "accuracy": 0.52, "precision": 0.52, "recall": 1.0, "f1": 0.68421, "auc": 0.45691}
{"epoch": 25, "time_epoch": 1.80661, "eta": 135.76571, "eta_hours": 0.03771, "loss": 0.69300285, "lr": 0.00085355, "params": 6295, "time_iter": 0.04754, "accuracy": 0.52, "precision": 0.52, "recall": 1.0, "f1": 0.68421, "auc": 0.39619}
{"epoch": 26, "time_epoch": 1.77904, "eta": 133.78063, "eta_hours": 0.03716, "loss": 0.69262489, "lr": 0.00084227, "params": 6295, "time_iter": 0.04682, "accuracy": 0.52, "precision": 0.52, "recall": 1.0, "f1": 0.68421, "auc": 0.42913}
{"epoch": 27, "time_epoch": 1.77605, "eta": 131.80258, "eta_hours": 0.03661, "loss": 0.69258091, "lr": 0.00083066, "params": 6295, "time_iter": 0.04674, "accuracy": 0.52, "precision": 0.52, "recall": 1.0, "f1": 0.68421, "auc": 0.40242}
{"epoch": 28, "time_epoch": 1.79175, "eta": 129.87689, "eta_hours": 0.03608, "loss": 0.6928885, "lr": 0.00081871, "params": 6295, "time_iter": 0.04715, "accuracy": 0.52, "precision": 0.52, "recall": 1.0, "f1": 0.68421, "auc": 0.43661}
{"epoch": 29, "time_epoch": 1.79266, "eta": 127.96225, "eta_hours": 0.03555, "loss": 0.69273461, "lr": 0.00080645, "params": 6295, "time_iter": 0.04718, "accuracy": 0.52, "precision": 0.52, "recall": 1.0, "f1": 0.68421, "auc": 0.4286}
{"epoch": 30, "time_epoch": 1.77165, "eta": 126.00872, "eta_hours": 0.035, "loss": 0.69479311, "lr": 0.00079389, "params": 6295, "time_iter": 0.04662, "accuracy": 0.52, "precision": 0.52, "recall": 1.0, "f1": 0.68421, "auc": 0.35363}
{"epoch": 31, "time_epoch": 1.78809, "eta": 124.1015, "eta_hours": 0.03447, "loss": 0.69275198, "lr": 0.00078104, "params": 6295, "time_iter": 0.04706, "accuracy": 0.52, "precision": 0.52, "recall": 1.0, "f1": 0.68421, "auc": 0.45602}
{"epoch": 32, "time_epoch": 1.80582, "eta": 122.23749, "eta_hours": 0.03395, "loss": 0.6931169, "lr": 0.00076791, "params": 6295, "time_iter": 0.04752, "accuracy": 0.52, "precision": 0.52, "recall": 1.0, "f1": 0.68421, "auc": 0.38853}
{"epoch": 33, "time_epoch": 1.80116, "eta": 120.36785, "eta_hours": 0.03344, "loss": 0.69346841, "lr": 0.00075452, "params": 6295, "time_iter": 0.0474, "accuracy": 0.52, "precision": 0.52, "recall": 1.0, "f1": 0.68421, "auc": 0.41257}
{"epoch": 34, "time_epoch": 1.77558, "eta": 118.45463, "eta_hours": 0.0329, "loss": 0.69308968, "lr": 0.00074088, "params": 6295, "time_iter": 0.04673, "accuracy": 0.52, "precision": 0.52, "recall": 1.0, "f1": 0.68421, "auc": 0.40812}
{"epoch": 35, "time_epoch": 1.77461, "eta": 116.54734, "eta_hours": 0.03237, "loss": 0.69239272, "lr": 0.000727, "params": 6295, "time_iter": 0.0467, "accuracy": 0.52, "precision": 0.52, "recall": 1.0, "f1": 0.68421, "auc": 0.46688}
{"epoch": 36, "time_epoch": 1.7727, "eta": 114.64396, "eta_hours": 0.03185, "loss": 0.69355697, "lr": 0.00071289, "params": 6295, "time_iter": 0.04665, "accuracy": 0.52, "precision": 0.52, "recall": 1.0, "f1": 0.68421, "auc": 0.37571}
{"epoch": 37, "time_epoch": 1.77875, "eta": 112.75733, "eta_hours": 0.03132, "loss": 0.69297206, "lr": 0.00069857, "params": 6295, "time_iter": 0.04681, "accuracy": 0.52, "precision": 0.52, "recall": 1.0, "f1": 0.68421, "auc": 0.42023}
{"epoch": 38, "time_epoch": 1.77388, "eta": 110.86861, "eta_hours": 0.0308, "loss": 0.69281302, "lr": 0.00068406, "params": 6295, "time_iter": 0.04668, "accuracy": 0.52, "precision": 0.52, "recall": 1.0, "f1": 0.68421, "auc": 0.42949}
{"epoch": 39, "time_epoch": 1.77807, "eta": 108.99192, "eta_hours": 0.03028, "loss": 0.69254233, "lr": 0.00066937, "params": 6295, "time_iter": 0.04679, "accuracy": 0.52, "precision": 0.52, "recall": 1.0, "f1": 0.68421, "auc": 0.41756}
{"epoch": 40, "time_epoch": 1.76836, "eta": 107.10607, "eta_hours": 0.02975, "loss": 0.69243845, "lr": 0.00065451, "params": 6295, "time_iter": 0.04654, "accuracy": 0.52, "precision": 0.52, "recall": 1.0, "f1": 0.68421, "auc": 0.47409}
{"epoch": 41, "time_epoch": 1.77601, "eta": 105.23637, "eta_hours": 0.02923, "loss": 0.69269785, "lr": 0.0006395, "params": 6295, "time_iter": 0.04674, "accuracy": 0.52, "precision": 0.52, "recall": 1.0, "f1": 0.68421, "auc": 0.42842}
{"epoch": 42, "time_epoch": 1.77296, "eta": 103.36699, "eta_hours": 0.02871, "loss": 0.69358306, "lr": 0.00062434, "params": 6295, "time_iter": 0.04666, "accuracy": 0.52, "precision": 0.52, "recall": 1.0, "f1": 0.68421, "auc": 0.39387}
{"epoch": 43, "time_epoch": 1.79949, "eta": 101.53575, "eta_hours": 0.0282, "loss": 0.69264162, "lr": 0.00060907, "params": 6295, "time_iter": 0.04735, "accuracy": 0.52, "precision": 0.52, "recall": 1.0, "f1": 0.68421, "auc": 0.4667}
{"epoch": 44, "time_epoch": 1.79792, "eta": 99.70401, "eta_hours": 0.0277, "loss": 0.69293447, "lr": 0.00059369, "params": 6295, "time_iter": 0.04731, "accuracy": 0.52, "precision": 0.52, "recall": 1.0, "f1": 0.68421, "auc": 0.36449}
{"epoch": 45, "time_epoch": 1.79011, "eta": 97.86458, "eta_hours": 0.02718, "loss": 0.6924954, "lr": 0.00057822, "params": 6295, "time_iter": 0.04711, "accuracy": 0.52, "precision": 0.52, "recall": 1.0, "f1": 0.68421, "auc": 0.45513}
{"epoch": 46, "time_epoch": 1.80762, "eta": 96.04698, "eta_hours": 0.02668, "loss": 0.69251477, "lr": 0.00056267, "params": 6295, "time_iter": 0.04757, "accuracy": 0.52, "precision": 0.52, "recall": 1.0, "f1": 0.68421, "auc": 0.45602}
{"epoch": 47, "time_epoch": 1.7954, "eta": 94.21657, "eta_hours": 0.02617, "loss": 0.6926107, "lr": 0.00054705, "params": 6295, "time_iter": 0.04725, "accuracy": 0.52, "precision": 0.52, "recall": 1.0, "f1": 0.68421, "auc": 0.4302}
{"epoch": 48, "time_epoch": 1.76061, "eta": 92.35138, "eta_hours": 0.02565, "loss": 0.69275581, "lr": 0.0005314, "params": 6295, "time_iter": 0.04633, "accuracy": 0.52, "precision": 0.52, "recall": 1.0, "f1": 0.68421, "auc": 0.40118}
{"epoch": 49, "time_epoch": 1.78189, "eta": 90.51165, "eta_hours": 0.02514, "loss": 0.69268791, "lr": 0.00051571, "params": 6295, "time_iter": 0.04689, "accuracy": 0.52, "precision": 0.52, "recall": 1.0, "f1": 0.68421, "auc": 0.35897}
{"epoch": 50, "time_epoch": 1.81125, "eta": 88.70239, "eta_hours": 0.02464, "loss": 0.69273327, "lr": 0.0005, "params": 6295, "time_iter": 0.04766, "accuracy": 0.52, "precision": 0.52, "recall": 1.0, "f1": 0.68421, "auc": 0.41987}
{"epoch": 51, "time_epoch": 1.79077, "eta": 86.87415, "eta_hours": 0.02413, "loss": 0.69253821, "lr": 0.00048429, "params": 6295, "time_iter": 0.04713, "accuracy": 0.52, "precision": 0.52, "recall": 1.0, "f1": 0.68421, "auc": 0.43679}
{"epoch": 52, "time_epoch": 1.77562, "eta": 85.03389, "eta_hours": 0.02362, "loss": 0.69270602, "lr": 0.0004686, "params": 6295, "time_iter": 0.04673, "accuracy": 0.52, "precision": 0.52, "recall": 1.0, "f1": 0.68421, "auc": 0.41275}
{"epoch": 53, "time_epoch": 1.70913, "eta": 83.13938, "eta_hours": 0.02309, "loss": 0.69294267, "lr": 0.00045295, "params": 6295, "time_iter": 0.04498, "accuracy": 0.52, "precision": 0.52, "recall": 1.0, "f1": 0.68421, "auc": 0.42788}
{"epoch": 54, "time_epoch": 1.70593, "eta": 81.249, "eta_hours": 0.02257, "loss": 0.69243367, "lr": 0.00043733, "params": 6295, "time_iter": 0.04489, "accuracy": 0.52, "precision": 0.52, "recall": 1.0, "f1": 0.68421, "auc": 0.48291}
{"epoch": 55, "time_epoch": 1.71478, "eta": 79.37216, "eta_hours": 0.02205, "loss": 0.69272922, "lr": 0.00042178, "params": 6295, "time_iter": 0.04513, "accuracy": 0.52, "precision": 0.52, "recall": 1.0, "f1": 0.68421, "auc": 0.41613}
{"epoch": 56, "time_epoch": 1.70603, "eta": 77.4944, "eta_hours": 0.02153, "loss": 0.69250286, "lr": 0.00040631, "params": 6295, "time_iter": 0.0449, "accuracy": 0.52, "precision": 0.52, "recall": 1.0, "f1": 0.68421, "auc": 0.44854}
{"epoch": 57, "time_epoch": 1.71367, "eta": 75.6281, "eta_hours": 0.02101, "loss": 0.69343827, "lr": 0.00039093, "params": 6295, "time_iter": 0.0451, "accuracy": 0.52, "precision": 0.52, "recall": 1.0, "f1": 0.68421, "auc": 0.35684}
{"epoch": 58, "time_epoch": 1.71418, "eta": 73.76733, "eta_hours": 0.02049, "loss": 0.69260084, "lr": 0.00037566, "params": 6295, "time_iter": 0.04511, "accuracy": 0.52, "precision": 0.52, "recall": 1.0, "f1": 0.68421, "auc": 0.43981}
{"epoch": 59, "time_epoch": 1.71233, "eta": 71.91021, "eta_hours": 0.01998, "loss": 0.692441, "lr": 0.0003605, "params": 6295, "time_iter": 0.04506, "accuracy": 0.52, "precision": 0.52, "recall": 1.0, "f1": 0.68421, "auc": 0.45958}
{"epoch": 60, "time_epoch": 1.70474, "eta": 70.05299, "eta_hours": 0.01946, "loss": 0.69249681, "lr": 0.00034549, "params": 6295, "time_iter": 0.04486, "accuracy": 0.52, "precision": 0.52, "recall": 1.0, "f1": 0.68421, "auc": 0.46189}
{"epoch": 61, "time_epoch": 1.71076, "eta": 68.20437, "eta_hours": 0.01895, "loss": 0.69281305, "lr": 0.00033063, "params": 6295, "time_iter": 0.04502, "accuracy": 0.52, "precision": 0.52, "recall": 1.0, "f1": 0.68421, "auc": 0.39957}
{"epoch": 62, "time_epoch": 1.71172, "eta": 66.36069, "eta_hours": 0.01843, "loss": 0.69258779, "lr": 0.00031594, "params": 6295, "time_iter": 0.04505, "accuracy": 0.52, "precision": 0.52, "recall": 1.0, "f1": 0.68421, "auc": 0.40705}
{"epoch": 63, "time_epoch": 1.70839, "eta": 64.51927, "eta_hours": 0.01792, "loss": 0.69259365, "lr": 0.00030143, "params": 6295, "time_iter": 0.04496, "accuracy": 0.52, "precision": 0.52, "recall": 1.0, "f1": 0.68421, "auc": 0.41115}
{"epoch": 64, "time_epoch": 1.70984, "eta": 62.68271, "eta_hours": 0.01741, "loss": 0.69241578, "lr": 0.00028711, "params": 6295, "time_iter": 0.045, "accuracy": 0.52, "precision": 0.52, "recall": 1.0, "f1": 0.68421, "auc": 0.46848}
{"epoch": 65, "time_epoch": 1.7082, "eta": 60.84916, "eta_hours": 0.0169, "loss": 0.69253875, "lr": 0.000273, "params": 6295, "time_iter": 0.04495, "accuracy": 0.52, "precision": 0.52, "recall": 1.0, "f1": 0.68421, "auc": 0.44605}
{"epoch": 66, "time_epoch": 1.71089, "eta": 59.02067, "eta_hours": 0.01639, "loss": 0.69240593, "lr": 0.00025912, "params": 6295, "time_iter": 0.04502, "accuracy": 0.52, "precision": 0.52, "recall": 1.0, "f1": 0.68421, "auc": 0.46385}
{"epoch": 67, "time_epoch": 1.71272, "eta": 57.1965, "eta_hours": 0.01589, "loss": 0.69259909, "lr": 0.00024548, "params": 6295, "time_iter": 0.04507, "accuracy": 0.52, "precision": 0.52, "recall": 1.0, "f1": 0.68421, "auc": 0.33672}
{"epoch": 68, "time_epoch": 1.71103, "eta": 55.3748, "eta_hours": 0.01538, "loss": 0.69243504, "lr": 0.00023209, "params": 6295, "time_iter": 0.04503, "accuracy": 0.52, "precision": 0.52, "recall": 1.0, "f1": 0.68421, "auc": 0.45753}
{"epoch": 69, "time_epoch": 1.70955, "eta": 53.55564, "eta_hours": 0.01488, "loss": 0.69245459, "lr": 0.00021896, "params": 6295, "time_iter": 0.04499, "accuracy": 0.52, "precision": 0.52, "recall": 1.0, "f1": 0.68421, "auc": 0.44427}
{"epoch": 70, "time_epoch": 1.70747, "eta": 51.7387, "eta_hours": 0.01437, "loss": 0.69255606, "lr": 0.00020611, "params": 6295, "time_iter": 0.04493, "accuracy": 0.52, "precision": 0.52, "recall": 1.0, "f1": 0.68421, "auc": 0.38248}
{"epoch": 71, "time_epoch": 1.7131, "eta": 49.927, "eta_hours": 0.01387, "loss": 0.69254703, "lr": 0.00019355, "params": 6295, "time_iter": 0.04508, "accuracy": 0.52, "precision": 0.52, "recall": 1.0, "f1": 0.68421, "auc": 0.37767}
{"epoch": 72, "time_epoch": 1.70983, "eta": 48.11679, "eta_hours": 0.01337, "loss": 0.69234597, "lr": 0.00018129, "params": 6295, "time_iter": 0.045, "accuracy": 0.52, "precision": 0.52, "recall": 1.0, "f1": 0.68421, "auc": 0.50481}
{"epoch": 73, "time_epoch": 1.71067, "eta": 46.30959, "eta_hours": 0.01286, "loss": 0.69256744, "lr": 0.00016934, "params": 6295, "time_iter": 0.04502, "accuracy": 0.52, "precision": 0.52, "recall": 1.0, "f1": 0.68421, "auc": 0.38925}
{"epoch": 74, "time_epoch": 1.70907, "eta": 44.50443, "eta_hours": 0.01236, "loss": 0.69244087, "lr": 0.00015773, "params": 6295, "time_iter": 0.04498, "accuracy": 0.52, "precision": 0.52, "recall": 1.0, "f1": 0.68421, "auc": 0.44284}
{"epoch": 75, "time_epoch": 1.70715, "eta": 42.70119, "eta_hours": 0.01186, "loss": 0.69259121, "lr": 0.00014645, "params": 6295, "time_iter": 0.04493, "accuracy": 0.52, "precision": 0.52, "recall": 1.0, "f1": 0.68421, "auc": 0.36841}
{"epoch": 76, "time_epoch": 1.70929, "eta": 40.90109, "eta_hours": 0.01136, "loss": 0.69240462, "lr": 0.00013552, "params": 6295, "time_iter": 0.04498, "accuracy": 0.52, "precision": 0.52, "recall": 1.0, "f1": 0.68421, "auc": 0.45798}
{"epoch": 77, "time_epoch": 1.71127, "eta": 39.10387, "eta_hours": 0.01086, "loss": 0.69235192, "lr": 0.00012494, "params": 6295, "time_iter": 0.04503, "accuracy": 0.52, "precision": 0.52, "recall": 1.0, "f1": 0.68421, "auc": 0.51291}
{"epoch": 78, "time_epoch": 1.71091, "eta": 37.30873, "eta_hours": 0.01036, "loss": 0.69244389, "lr": 0.00011474, "params": 6295, "time_iter": 0.04502, "accuracy": 0.52, "precision": 0.52, "recall": 1.0, "f1": 0.68421, "auc": 0.43305}
{"epoch": 79, "time_epoch": 1.71654, "eta": 35.51711, "eta_hours": 0.00987, "loss": 0.69245012, "lr": 0.00010492, "params": 6295, "time_iter": 0.04517, "accuracy": 0.52, "precision": 0.52, "recall": 1.0, "f1": 0.68421, "auc": 0.42521}
{"epoch": 80, "time_epoch": 1.71409, "eta": 33.72677, "eta_hours": 0.00937, "loss": 0.69245199, "lr": 9.549e-05, "params": 6295, "time_iter": 0.04511, "accuracy": 0.52, "precision": 0.52, "recall": 1.0, "f1": 0.68421, "auc": 0.43358}
{"epoch": 81, "time_epoch": 1.71004, "eta": 31.93739, "eta_hours": 0.00887, "loss": 0.69234097, "lr": 8.646e-05, "params": 6295, "time_iter": 0.045, "accuracy": 0.52, "precision": 0.52, "recall": 1.0, "f1": 0.68421, "auc": 0.51211}
{"epoch": 82, "time_epoch": 1.71304, "eta": 30.15055, "eta_hours": 0.00838, "loss": 0.69235023, "lr": 7.784e-05, "params": 6295, "time_iter": 0.04508, "accuracy": 0.52, "precision": 0.52, "recall": 1.0, "f1": 0.68421, "auc": 0.5097}
{"epoch": 83, "time_epoch": 1.71359, "eta": 28.36556, "eta_hours": 0.00788, "loss": 0.69248387, "lr": 6.963e-05, "params": 6295, "time_iter": 0.04509, "accuracy": 0.52, "precision": 0.52, "recall": 1.0, "f1": 0.68421, "auc": 0.39744}
{"epoch": 84, "time_epoch": 1.7056, "eta": 26.58085, "eta_hours": 0.00738, "loss": 0.69235879, "lr": 6.185e-05, "params": 6295, "time_iter": 0.04488, "accuracy": 0.52, "precision": 0.52, "recall": 1.0, "f1": 0.68421, "auc": 0.49884}
{"epoch": 85, "time_epoch": 1.70798, "eta": 24.79836, "eta_hours": 0.00689, "loss": 0.69240568, "lr": 5.45e-05, "params": 6295, "time_iter": 0.04495, "accuracy": 0.52, "precision": 0.52, "recall": 1.0, "f1": 0.68421, "auc": 0.44792}
{"epoch": 86, "time_epoch": 1.70727, "eta": 23.01748, "eta_hours": 0.00639, "loss": 0.69243013, "lr": 4.759e-05, "params": 6295, "time_iter": 0.04493, "accuracy": 0.52, "precision": 0.52, "recall": 1.0, "f1": 0.68421, "auc": 0.4245}
{"epoch": 87, "time_epoch": 1.70653, "eta": 21.23817, "eta_hours": 0.0059, "loss": 0.69238248, "lr": 4.112e-05, "params": 6295, "time_iter": 0.04491, "accuracy": 0.52, "precision": 0.52, "recall": 1.0, "f1": 0.68421, "auc": 0.46457}
{"epoch": 88, "time_epoch": 1.70242, "eta": 19.45999, "eta_hours": 0.00541, "loss": 0.69240347, "lr": 3.511e-05, "params": 6295, "time_iter": 0.0448, "accuracy": 0.52, "precision": 0.52, "recall": 1.0, "f1": 0.68421, "auc": 0.44195}
{"epoch": 89, "time_epoch": 1.70209, "eta": 17.68345, "eta_hours": 0.00491, "loss": 0.69233046, "lr": 2.956e-05, "params": 6295, "time_iter": 0.04479, "accuracy": 0.52, "precision": 0.52, "recall": 1.0, "f1": 0.68421, "auc": 0.53241}
{"epoch": 90, "time_epoch": 1.70957, "eta": 15.9093, "eta_hours": 0.00442, "loss": 0.69241055, "lr": 2.447e-05, "params": 6295, "time_iter": 0.04499, "accuracy": 0.52, "precision": 0.52, "recall": 1.0, "f1": 0.68421, "auc": 0.45112}
{"epoch": 91, "time_epoch": 1.71392, "eta": 14.13692, "eta_hours": 0.00393, "loss": 0.69232184, "lr": 1.985e-05, "params": 6295, "time_iter": 0.0451, "accuracy": 0.52, "precision": 0.52, "recall": 1.0, "f1": 0.68421, "auc": 0.51745}
{"epoch": 92, "time_epoch": 1.70552, "eta": 12.36517, "eta_hours": 0.00343, "loss": 0.69239472, "lr": 1.571e-05, "params": 6295, "time_iter": 0.04488, "accuracy": 0.52, "precision": 0.52, "recall": 1.0, "f1": 0.68421, "auc": 0.4683}
{"epoch": 93, "time_epoch": 1.71147, "eta": 10.59521, "eta_hours": 0.00294, "loss": 0.69241562, "lr": 1.204e-05, "params": 6295, "time_iter": 0.04504, "accuracy": 0.52, "precision": 0.52, "recall": 1.0, "f1": 0.68421, "auc": 0.42877}
{"epoch": 94, "time_epoch": 1.71905, "eta": 8.82687, "eta_hours": 0.00245, "loss": 0.69237887, "lr": 8.86e-06, "params": 6295, "time_iter": 0.04524, "accuracy": 0.52, "precision": 0.52, "recall": 1.0, "f1": 0.68421, "auc": 0.46652}
{"epoch": 95, "time_epoch": 1.69716, "eta": 7.05866, "eta_hours": 0.00196, "loss": 0.69236223, "lr": 6.16e-06, "params": 6295, "time_iter": 0.04466, "accuracy": 0.52, "precision": 0.52, "recall": 1.0, "f1": 0.68421, "auc": 0.49145}
{"epoch": 96, "time_epoch": 1.70739, "eta": 5.29222, "eta_hours": 0.00147, "loss": 0.69231489, "lr": 3.94e-06, "params": 6295, "time_iter": 0.04493, "accuracy": 0.52, "precision": 0.52, "recall": 1.0, "f1": 0.68421, "auc": 0.51994}
{"epoch": 97, "time_epoch": 1.71505, "eta": 3.52715, "eta_hours": 0.00098, "loss": 0.69238269, "lr": 2.22e-06, "params": 6295, "time_iter": 0.04513, "accuracy": 0.52, "precision": 0.52, "recall": 1.0, "f1": 0.68421, "auc": 0.47667}
{"epoch": 98, "time_epoch": 1.70767, "eta": 1.76301, "eta_hours": 0.00049, "loss": 0.69232006, "lr": 9.9e-07, "params": 6295, "time_iter": 0.04494, "accuracy": 0.52, "precision": 0.52, "recall": 1.0, "f1": 0.68421, "auc": 0.55128}
{"epoch": 99, "time_epoch": 1.70632, "eta": 0.0, "eta_hours": 0.0, "loss": 0.69237324, "lr": 2.5e-07, "params": 6295, "time_iter": 0.0449, "accuracy": 0.52, "precision": 0.52, "recall": 1.0, "f1": 0.68421, "auc": 0.47382}
