{"epoch": 0, "time_epoch": 0.07297, "eta": 7.22442, "eta_hours": 0.00201, "loss": 0.70980967, "lr": 0.001, "params": 6465, "time_iter": 0.02432, "accuracy": 0.33333, "precision": 0.0, "recall": 0.0, "f1": 0.0, "auc": 0.45562}
{"epoch": 1, "time_epoch": 0.03879, "eta": 5.47643, "eta_hours": 0.00152, "loss": 0.69786916, "lr": 0.00099975, "params": 6465, "time_iter": 0.01293, "accuracy": 0.38462, "precision": 0.55, "recall": 0.42308, "f1": 0.47826, "auc": 0.2574}
{"epoch": 2, "time_epoch": 0.03555, "eta": 4.76323, "eta_hours": 0.00132, "loss": 0.68429563, "lr": 0.00099901, "params": 6465, "time_iter": 0.01185, "accuracy": 0.66667, "precision": 0.66667, "recall": 1.0, "f1": 0.8, "auc": 0.48817}
{"epoch": 3, "time_epoch": 0.03466, "eta": 4.36744, "eta_hours": 0.00121, "loss": 0.678136, "lr": 0.00099778, "params": 6465, "time_iter": 0.01155, "accuracy": 0.66667, "precision": 0.66667, "recall": 1.0, "f1": 0.8, "auc": 0.39645}
{"epoch": 4, "time_epoch": 0.03549, "eta": 4.13188, "eta_hours": 0.00115, "loss": 0.67211934, "lr": 0.00099606, "params": 6465, "time_iter": 0.01183, "accuracy": 0.66667, "precision": 0.66667, "recall": 1.0, "f1": 0.8, "auc": 0.30473}
{"epoch": 5, "time_epoch": 0.03712, "eta": 3.98848, "eta_hours": 0.00111, "loss": 0.66611317, "lr": 0.00099384, "params": 6465, "time_iter": 0.01237, "accuracy": 0.66667, "precision": 0.66667, "recall": 1.0, "f1": 0.8, "auc": 0.46154}
{"epoch": 6, "time_epoch": 0.03563, "eta": 3.85573, "eta_hours": 0.00107, "loss": 0.66183269, "lr": 0.00099114, "params": 6465, "time_iter": 0.01188, "accuracy": 0.66667, "precision": 0.66667, "recall": 1.0, "f1": 0.8, "auc": 0.49408}
{"epoch": 7, "time_epoch": 0.03576, "eta": 3.74876, "eta_hours": 0.00104, "loss": 0.6594479, "lr": 0.00098796, "params": 6465, "time_iter": 0.01192, "accuracy": 0.66667, "precision": 0.66667, "recall": 1.0, "f1": 0.8, "auc": 0.33728}
{"epoch": 8, "time_epoch": 0.0357, "eta": 3.65698, "eta_hours": 0.00102, "loss": 0.65489615, "lr": 0.00098429, "params": 6465, "time_iter": 0.0119, "accuracy": 0.66667, "precision": 0.66667, "recall": 1.0, "f1": 0.8, "auc": 0.5858}
{"epoch": 9, "time_epoch": 0.03564, "eta": 3.57588, "eta_hours": 0.00099, "loss": 0.65346392, "lr": 0.00098015, "params": 6465, "time_iter": 0.01188, "accuracy": 0.66667, "precision": 0.66667, "recall": 1.0, "f1": 0.8, "auc": 0.39941}
{"epoch": 10, "time_epoch": 0.03562, "eta": 3.50284, "eta_hours": 0.00097, "loss": 0.65093842, "lr": 0.00097553, "params": 6465, "time_iter": 0.01187, "accuracy": 0.66667, "precision": 0.66667, "recall": 1.0, "f1": 0.8, "auc": 0.45562}
{"epoch": 11, "time_epoch": 0.03453, "eta": 3.42805, "eta_hours": 0.00095, "loss": 0.6492147, "lr": 0.00097044, "params": 6465, "time_iter": 0.01151, "accuracy": 0.66667, "precision": 0.66667, "recall": 1.0, "f1": 0.8, "auc": 0.55917}
{"epoch": 12, "time_epoch": 0.035, "eta": 3.36262, "eta_hours": 0.00093, "loss": 0.64766518, "lr": 0.00096489, "params": 6465, "time_iter": 0.01167, "accuracy": 0.66667, "precision": 0.66667, "recall": 1.0, "f1": 0.8, "auc": 0.61538}
{"epoch": 13, "time_epoch": 0.0359, "eta": 3.30704, "eta_hours": 0.00092, "loss": 0.64665866, "lr": 0.00095888, "params": 6465, "time_iter": 0.01197, "accuracy": 0.66667, "precision": 0.66667, "recall": 1.0, "f1": 0.8, "auc": 0.54142}
{"epoch": 14, "time_epoch": 0.03555, "eta": 3.25212, "eta_hours": 0.0009, "loss": 0.64569731, "lr": 0.00095241, "params": 6465, "time_iter": 0.01185, "accuracy": 0.66667, "precision": 0.66667, "recall": 1.0, "f1": 0.8, "auc": 0.4926}
{"epoch": 15, "time_epoch": 0.03528, "eta": 3.19821, "eta_hours": 0.00089, "loss": 0.64528125, "lr": 0.0009455, "params": 6465, "time_iter": 0.01176, "accuracy": 0.66667, "precision": 0.66667, "recall": 1.0, "f1": 0.8, "auc": 0.30769}
{"epoch": 16, "time_epoch": 0.03408, "eta": 3.14064, "eta_hours": 0.00087, "loss": 0.64399257, "lr": 0.00093815, "params": 6465, "time_iter": 0.01136, "accuracy": 0.66667, "precision": 0.66667, "recall": 1.0, "f1": 0.8, "auc": 0.47929}
{"epoch": 17, "time_epoch": 0.03546, "eta": 3.09195, "eta_hours": 0.00086, "loss": 0.64329408, "lr": 0.00093037, "params": 6465, "time_iter": 0.01182, "accuracy": 0.66667, "precision": 0.66667, "recall": 1.0, "f1": 0.8, "auc": 0.49704}
{"epoch": 18, "time_epoch": 0.03572, "eta": 3.04579, "eta_hours": 0.00085, "loss": 0.643436, "lr": 0.00092216, "params": 6465, "time_iter": 0.01191, "accuracy": 0.66667, "precision": 0.66667, "recall": 1.0, "f1": 0.8, "auc": 0.23964}
{"epoch": 19, "time_epoch": 0.03607, "eta": 3.00205, "eta_hours": 0.00083, "loss": 0.64255883, "lr": 0.00091354, "params": 6465, "time_iter": 0.01202, "accuracy": 0.66667, "precision": 0.66667, "recall": 1.0, "f1": 0.8, "auc": 0.32249}
{"epoch": 20, "time_epoch": 0.03616, "eta": 2.9594, "eta_hours": 0.00082, "loss": 0.64218498, "lr": 0.00090451, "params": 6465, "time_iter": 0.01205, "accuracy": 0.66667, "precision": 0.66667, "recall": 1.0, "f1": 0.8, "auc": 0.38166}
{"epoch": 21, "time_epoch": 0.03576, "eta": 2.91589, "eta_hours": 0.00081, "loss": 0.64193682, "lr": 0.00089508, "params": 6465, "time_iter": 0.01192, "accuracy": 0.66667, "precision": 0.66667, "recall": 1.0, "f1": 0.8, "auc": 0.5355}
{"epoch": 22, "time_epoch": 0.03519, "eta": 2.87115, "eta_hours": 0.0008, "loss": 0.64151877, "lr": 0.00088526, "params": 6465, "time_iter": 0.01173, "accuracy": 0.66667, "precision": 0.66667, "recall": 1.0, "f1": 0.8, "auc": 0.58876}
{"epoch": 23, "time_epoch": 0.03477, "eta": 2.82589, "eta_hours": 0.00078, "loss": 0.64131643, "lr": 0.00087506, "params": 6465, "time_iter": 0.01159, "accuracy": 0.66667, "precision": 0.66667, "recall": 1.0, "f1": 0.8, "auc": 0.42012}
{"epoch": 24, "time_epoch": 0.03558, "eta": 2.78389, "eta_hours": 0.00077, "loss": 0.64083903, "lr": 0.00086448, "params": 6465, "time_iter": 0.01186, "accuracy": 0.66667, "precision": 0.66667, "recall": 1.0, "f1": 0.8, "auc": 0.7426}
{"epoch": 25, "time_epoch": 0.03581, "eta": 2.74304, "eta_hours": 0.00076, "loss": 0.6409357, "lr": 0.00085355, "params": 6465, "time_iter": 0.01194, "accuracy": 0.66667, "precision": 0.66667, "recall": 1.0, "f1": 0.8, "auc": 0.38166}
{"epoch": 26, "time_epoch": 0.03575, "eta": 2.70242, "eta_hours": 0.00075, "loss": 0.64037741, "lr": 0.00084227, "params": 6465, "time_iter": 0.01192, "accuracy": 0.66667, "precision": 0.66667, "recall": 1.0, "f1": 0.8, "auc": 0.61538}
{"epoch": 27, "time_epoch": 0.03663, "eta": 2.6644, "eta_hours": 0.00074, "loss": 0.64023951, "lr": 0.00083066, "params": 6465, "time_iter": 0.01221, "accuracy": 0.66667, "precision": 0.66667, "recall": 1.0, "f1": 0.8, "auc": 0.52071}
{"epoch": 28, "time_epoch": 0.0361, "eta": 2.62518, "eta_hours": 0.00073, "loss": 0.63995277, "lr": 0.00081871, "params": 6465, "time_iter": 0.01203, "accuracy": 0.66667, "precision": 0.66667, "recall": 1.0, "f1": 0.8, "auc": 0.57692}
{"epoch": 29, "time_epoch": 0.04584, "eta": 2.60889, "eta_hours": 0.00072, "loss": 0.63975132, "lr": 0.00080645, "params": 6465, "time_iter": 0.01528, "accuracy": 0.66667, "precision": 0.66667, "recall": 1.0, "f1": 0.8, "auc": 0.60059}
{"epoch": 30, "time_epoch": 0.04698, "eta": 2.59324, "eta_hours": 0.00072, "loss": 0.63958013, "lr": 0.00079389, "params": 6465, "time_iter": 0.01566, "accuracy": 0.66667, "precision": 0.66667, "recall": 1.0, "f1": 0.8, "auc": 0.59172}
{"epoch": 31, "time_epoch": 0.04551, "eta": 2.5725, "eta_hours": 0.00071, "loss": 0.63951104, "lr": 0.00078104, "params": 6465, "time_iter": 0.01517, "accuracy": 0.66667, "precision": 0.66667, "recall": 1.0, "f1": 0.8, "auc": 0.47929}
{"epoch": 32, "time_epoch": 0.05113, "eta": 2.56167, "eta_hours": 0.00071, "loss": 0.63929853, "lr": 0.00076791, "params": 6465, "time_iter": 0.01704, "accuracy": 0.66667, "precision": 0.66667, "recall": 1.0, "f1": 0.8, "auc": 0.55621}
{"epoch": 33, "time_epoch": 0.0644, "eta": 2.57422, "eta_hours": 0.00072, "loss": 0.6392848, "lr": 0.00075452, "params": 6465, "time_iter": 0.02147, "accuracy": 0.66667, "precision": 0.66667, "recall": 1.0, "f1": 0.8, "auc": 0.45858}
{"epoch": 34, "time_epoch": 0.05006, "eta": 2.55574, "eta_hours": 0.00071, "loss": 0.63919601, "lr": 0.00074088, "params": 6465, "time_iter": 0.01669, "accuracy": 0.66667, "precision": 0.66667, "recall": 1.0, "f1": 0.8, "auc": 0.29586}
{"epoch": 35, "time_epoch": 0.04222, "eta": 2.52157, "eta_hours": 0.0007, "loss": 0.63905142, "lr": 0.000727, "params": 6465, "time_iter": 0.01407, "accuracy": 0.66667, "precision": 0.66667, "recall": 1.0, "f1": 0.8, "auc": 0.52367}
{"epoch": 36, "time_epoch": 0.04186, "eta": 2.48637, "eta_hours": 0.00069, "loss": 0.63895056, "lr": 0.00071289, "params": 6465, "time_iter": 0.01395, "accuracy": 0.66667, "precision": 0.66667, "recall": 1.0, "f1": 0.8, "auc": 0.65385}
{"epoch": 37, "time_epoch": 0.04174, "eta": 2.45062, "eta_hours": 0.00068, "loss": 0.63891464, "lr": 0.00069857, "params": 6465, "time_iter": 0.01391, "accuracy": 0.66667, "precision": 0.66667, "recall": 1.0, "f1": 0.8, "auc": 0.52071}
{"epoch": 38, "time_epoch": 0.03686, "eta": 2.40692, "eta_hours": 0.00067, "loss": 0.63891029, "lr": 0.00068406, "params": 6465, "time_iter": 0.01229, "accuracy": 0.66667, "precision": 0.66667, "recall": 1.0, "f1": 0.8, "auc": 0.36095}
{"epoch": 39, "time_epoch": 0.03866, "eta": 2.36627, "eta_hours": 0.00066, "loss": 0.6388286, "lr": 0.00066937, "params": 6465, "time_iter": 0.01289, "accuracy": 0.66667, "precision": 0.66667, "recall": 1.0, "f1": 0.8, "auc": 0.36982}
{"epoch": 40, "time_epoch": 0.03657, "eta": 2.3227, "eta_hours": 0.00065, "loss": 0.63869259, "lr": 0.00065451, "params": 6465, "time_iter": 0.01219, "accuracy": 0.66667, "precision": 0.66667, "recall": 1.0, "f1": 0.8, "auc": 0.49408}
{"epoch": 41, "time_epoch": 0.03595, "eta": 2.27862, "eta_hours": 0.00063, "loss": 0.63866523, "lr": 0.0006395, "params": 6465, "time_iter": 0.01198, "accuracy": 0.66667, "precision": 0.66667, "recall": 1.0, "f1": 0.8, "auc": 0.44675}
{"epoch": 42, "time_epoch": 0.03341, "eta": 2.23155, "eta_hours": 0.00062, "loss": 0.63860198, "lr": 0.00062434, "params": 6465, "time_iter": 0.01114, "accuracy": 0.66667, "precision": 0.66667, "recall": 1.0, "f1": 0.8, "auc": 0.57101}
{"epoch": 43, "time_epoch": 0.04324, "eta": 2.19761, "eta_hours": 0.00061, "loss": 0.63857902, "lr": 0.00060907, "params": 6465, "time_iter": 0.01441, "accuracy": 0.66667, "precision": 0.66667, "recall": 1.0, "f1": 0.8, "auc": 0.52367}
{"epoch": 44, "time_epoch": 0.03448, "eta": 2.15254, "eta_hours": 0.0006, "loss": 0.63856708, "lr": 0.00059369, "params": 6465, "time_iter": 0.01149, "accuracy": 0.66667, "precision": 0.66667, "recall": 1.0, "f1": 0.8, "auc": 0.39941}
{"epoch": 45, "time_epoch": 0.04027, "eta": 2.11473, "eta_hours": 0.00059, "loss": 0.63853081, "lr": 0.00057822, "params": 6465, "time_iter": 0.01342, "accuracy": 0.66667, "precision": 0.66667, "recall": 1.0, "f1": 0.8, "auc": 0.40237}
{"epoch": 46, "time_epoch": 0.04521, "eta": 2.08239, "eta_hours": 0.00058, "loss": 0.63846588, "lr": 0.00056267, "params": 6465, "time_iter": 0.01507, "accuracy": 0.66667, "precision": 0.66667, "recall": 1.0, "f1": 0.8, "auc": 0.5}
{"epoch": 47, "time_epoch": 0.03928, "eta": 2.04308, "eta_hours": 0.00057, "loss": 0.63845563, "lr": 0.00054705, "params": 6465, "time_iter": 0.01309, "accuracy": 0.66667, "precision": 0.66667, "recall": 1.0, "f1": 0.8, "auc": 0.4645}
{"epoch": 48, "time_epoch": 0.0394, "eta": 2.0039, "eta_hours": 0.00056, "loss": 0.63842042, "lr": 0.0005314, "params": 6465, "time_iter": 0.01313, "accuracy": 0.66667, "precision": 0.66667, "recall": 1.0, "f1": 0.8, "auc": 0.47929}
{"epoch": 49, "time_epoch": 0.04084, "eta": 1.96616, "eta_hours": 0.00055, "loss": 0.63835372, "lr": 0.00051571, "params": 6465, "time_iter": 0.01361, "accuracy": 0.66667, "precision": 0.66667, "recall": 1.0, "f1": 0.8, "auc": 0.53698}
{"epoch": 50, "time_epoch": 0.03687, "eta": 1.92447, "eta_hours": 0.00053, "loss": 0.63834419, "lr": 0.0005, "params": 6465, "time_iter": 0.01229, "accuracy": 0.66667, "precision": 0.66667, "recall": 1.0, "f1": 0.8, "auc": 0.49704}
{"epoch": 51, "time_epoch": 0.03492, "eta": 1.88118, "eta_hours": 0.00052, "loss": 0.63828228, "lr": 0.00048429, "params": 6465, "time_iter": 0.01164, "accuracy": 0.66667, "precision": 0.66667, "recall": 1.0, "f1": 0.8, "auc": 0.50888}
{"epoch": 52, "time_epoch": 0.04062, "eta": 1.84326, "eta_hours": 0.00051, "loss": 0.63828634, "lr": 0.0004686, "params": 6465, "time_iter": 0.01354, "accuracy": 0.66667, "precision": 0.66667, "recall": 1.0, "f1": 0.8, "auc": 0.35799}
{"epoch": 53, "time_epoch": 0.04337, "eta": 1.80757, "eta_hours": 0.0005, "loss": 0.63818661, "lr": 0.00045295, "params": 6465, "time_iter": 0.01446, "accuracy": 0.66667, "precision": 0.66667, "recall": 1.0, "f1": 0.8, "auc": 0.5503}
{"epoch": 54, "time_epoch": 0.04539, "eta": 1.77327, "eta_hours": 0.00049, "loss": 0.63816699, "lr": 0.00043733, "params": 6465, "time_iter": 0.01513, "accuracy": 0.66667, "precision": 0.66667, "recall": 1.0, "f1": 0.8, "auc": 0.5}
{"epoch": 55, "time_epoch": 0.04645, "eta": 1.73939, "eta_hours": 0.00048, "loss": 0.63813197, "lr": 0.00042178, "params": 6465, "time_iter": 0.01548, "accuracy": 0.66667, "precision": 0.66667, "recall": 1.0, "f1": 0.8, "auc": 0.44379}
{"epoch": 56, "time_epoch": 0.05796, "eta": 1.71376, "eta_hours": 0.00048, "loss": 0.63804031, "lr": 0.00040631, "params": 6465, "time_iter": 0.01932, "accuracy": 0.66667, "precision": 0.66667, "recall": 1.0, "f1": 0.8, "auc": 0.57396}
{"epoch": 57, "time_epoch": 0.04297, "eta": 1.67616, "eta_hours": 0.00047, "loss": 0.63805471, "lr": 0.00039093, "params": 6465, "time_iter": 0.01432, "accuracy": 0.66667, "precision": 0.66667, "recall": 1.0, "f1": 0.8, "auc": 0.42308}
{"epoch": 58, "time_epoch": 0.05397, "eta": 1.64602, "eta_hours": 0.00046, "loss": 0.63801381, "lr": 0.00037566, "params": 6465, "time_iter": 0.01799, "accuracy": 0.66667, "precision": 0.66667, "recall": 1.0, "f1": 0.8, "auc": 0.46746}
{"epoch": 59, "time_epoch": 0.03458, "eta": 1.60217, "eta_hours": 0.00045, "loss": 0.63802933, "lr": 0.0003605, "params": 6465, "time_iter": 0.01153, "accuracy": 0.66667, "precision": 0.66667, "recall": 1.0, "f1": 0.8, "auc": 0.40237}
{"epoch": 60, "time_epoch": 0.03427, "eta": 1.55842, "eta_hours": 0.00043, "loss": 0.63794446, "lr": 0.00034549, "params": 6465, "time_iter": 0.01142, "accuracy": 0.66667, "precision": 0.66667, "recall": 1.0, "f1": 0.8, "auc": 0.44675}
{"epoch": 61, "time_epoch": 0.0357, "eta": 1.51584, "eta_hours": 0.00042, "loss": 0.63791569, "lr": 0.00033063, "params": 6465, "time_iter": 0.0119, "accuracy": 0.66667, "precision": 0.66667, "recall": 1.0, "f1": 0.8, "auc": 0.42308}
{"epoch": 62, "time_epoch": 0.04812, "eta": 1.48079, "eta_hours": 0.00041, "loss": 0.63786565, "lr": 0.00031594, "params": 6465, "time_iter": 0.01604, "accuracy": 0.66667, "precision": 0.66667, "recall": 1.0, "f1": 0.8, "auc": 0.56213}
{"epoch": 63, "time_epoch": 0.03344, "eta": 1.43706, "eta_hours": 0.0004, "loss": 0.63784556, "lr": 0.00030143, "params": 6465, "time_iter": 0.01115, "accuracy": 0.66667, "precision": 0.66667, "recall": 1.0, "f1": 0.8, "auc": 0.53994}
{"epoch": 64, "time_epoch": 0.03628, "eta": 1.39518, "eta_hours": 0.00039, "loss": 0.63781854, "lr": 0.00028711, "params": 6465, "time_iter": 0.01209, "accuracy": 0.66667, "precision": 0.66667, "recall": 1.0, "f1": 0.8, "auc": 0.57988}
{"epoch": 65, "time_epoch": 0.03254, "eta": 1.35155, "eta_hours": 0.00038, "loss": 0.63784175, "lr": 0.000273, "params": 6465, "time_iter": 0.01085, "accuracy": 0.66667, "precision": 0.66667, "recall": 1.0, "f1": 0.8, "auc": 0.33136}
{"epoch": 66, "time_epoch": 0.03262, "eta": 1.30828, "eta_hours": 0.00036, "loss": 0.63780645, "lr": 0.00025912, "params": 6465, "time_iter": 0.01087, "accuracy": 0.66667, "precision": 0.66667, "recall": 1.0, "f1": 0.8, "auc": 0.42308}
{"epoch": 67, "time_epoch": 0.0322, "eta": 1.26514, "eta_hours": 0.00035, "loss": 0.63776231, "lr": 0.00024548, "params": 6465, "time_iter": 0.01073, "accuracy": 0.66667, "precision": 0.66667, "recall": 1.0, "f1": 0.8, "auc": 0.60651}
{"epoch": 68, "time_epoch": 0.03225, "eta": 1.22233, "eta_hours": 0.00034, "loss": 0.63776254, "lr": 0.00023209, "params": 6465, "time_iter": 0.01075, "accuracy": 0.66667, "precision": 0.66667, "recall": 1.0, "f1": 0.8, "auc": 0.40828}
{"epoch": 69, "time_epoch": 0.03315, "eta": 1.1802, "eta_hours": 0.00033, "loss": 0.63773773, "lr": 0.00021896, "params": 6465, "time_iter": 0.01105, "accuracy": 0.66667, "precision": 0.66667, "recall": 1.0, "f1": 0.8, "auc": 0.48964}
{"epoch": 70, "time_epoch": 0.03301, "eta": 1.13828, "eta_hours": 0.00032, "loss": 0.63772077, "lr": 0.00020611, "params": 6465, "time_iter": 0.011, "accuracy": 0.66667, "precision": 0.66667, "recall": 1.0, "f1": 0.8, "auc": 0.40237}
{"epoch": 71, "time_epoch": 0.03176, "eta": 1.09612, "eta_hours": 0.0003, "loss": 0.63772231, "lr": 0.00019355, "params": 6465, "time_iter": 0.01059, "accuracy": 0.66667, "precision": 0.66667, "recall": 1.0, "f1": 0.8, "auc": 0.47633}
{"epoch": 72, "time_epoch": 0.03207, "eta": 1.05435, "eta_hours": 0.00029, "loss": 0.6377264, "lr": 0.00018129, "params": 6465, "time_iter": 0.01069, "accuracy": 0.66667, "precision": 0.66667, "recall": 1.0, "f1": 0.8, "auc": 0.41124}
{"epoch": 73, "time_epoch": 0.03459, "eta": 1.01373, "eta_hours": 0.00028, "loss": 0.637714, "lr": 0.00016934, "params": 6465, "time_iter": 0.01153, "accuracy": 0.66667, "precision": 0.66667, "recall": 1.0, "f1": 0.8, "auc": 0.51183}
{"epoch": 74, "time_epoch": 0.03254, "eta": 0.9726, "eta_hours": 0.00027, "loss": 0.63773033, "lr": 0.00015773, "params": 6465, "time_iter": 0.01085, "accuracy": 0.66667, "precision": 0.66667, "recall": 1.0, "f1": 0.8, "auc": 0.3432}
{"epoch": 75, "time_epoch": 0.03306, "eta": 0.93184, "eta_hours": 0.00026, "loss": 0.63769889, "lr": 0.00014645, "params": 6465, "time_iter": 0.01102, "accuracy": 0.66667, "precision": 0.66667, "recall": 1.0, "f1": 0.8, "auc": 0.59763}
{"epoch": 76, "time_epoch": 0.03233, "eta": 0.89108, "eta_hours": 0.00025, "loss": 0.63770756, "lr": 0.00013552, "params": 6465, "time_iter": 0.01078, "accuracy": 0.66667, "precision": 0.66667, "recall": 1.0, "f1": 0.8, "auc": 0.40089}
{"epoch": 77, "time_epoch": 0.03241, "eta": 0.85055, "eta_hours": 0.00024, "loss": 0.63769086, "lr": 0.00012494, "params": 6465, "time_iter": 0.0108, "accuracy": 0.66667, "precision": 0.66667, "recall": 1.0, "f1": 0.8, "auc": 0.44083}
{"epoch": 78, "time_epoch": 0.03519, "eta": 0.81097, "eta_hours": 0.00023, "loss": 0.63766409, "lr": 0.00011474, "params": 6465, "time_iter": 0.01173, "accuracy": 0.66667, "precision": 0.66667, "recall": 1.0, "f1": 0.8, "auc": 0.73521}
{"epoch": 79, "time_epoch": 0.03384, "eta": 0.77115, "eta_hours": 0.00021, "loss": 0.63768023, "lr": 0.00010492, "params": 6465, "time_iter": 0.01128, "accuracy": 0.66667, "precision": 0.66667, "recall": 1.0, "f1": 0.8, "auc": 0.4142}
{"epoch": 80, "time_epoch": 0.03262, "eta": 0.7312, "eta_hours": 0.0002, "loss": 0.63767292, "lr": 9.549e-05, "params": 6465, "time_iter": 0.01087, "accuracy": 0.66667, "precision": 0.66667, "recall": 1.0, "f1": 0.8, "auc": 0.39053}
{"epoch": 81, "time_epoch": 0.03196, "eta": 0.69129, "eta_hours": 0.00019, "loss": 0.63766226, "lr": 8.646e-05, "params": 6465, "time_iter": 0.01065, "accuracy": 0.66667, "precision": 0.66667, "recall": 1.0, "f1": 0.8, "auc": 0.45414}
{"epoch": 82, "time_epoch": 0.0325, "eta": 0.65167, "eta_hours": 0.00018, "loss": 0.63765644, "lr": 7.784e-05, "params": 6465, "time_iter": 0.01083, "accuracy": 0.66667, "precision": 0.66667, "recall": 1.0, "f1": 0.8, "auc": 0.50888}
{"epoch": 83, "time_epoch": 0.03258, "eta": 0.61224, "eta_hours": 0.00017, "loss": 0.6376555, "lr": 6.963e-05, "params": 6465, "time_iter": 0.01086, "accuracy": 0.66667, "precision": 0.66667, "recall": 1.0, "f1": 0.8, "auc": 0.36834}
{"epoch": 84, "time_epoch": 0.03251, "eta": 0.57296, "eta_hours": 0.00016, "loss": 0.63764312, "lr": 6.185e-05, "params": 6465, "time_iter": 0.01084, "accuracy": 0.66667, "precision": 0.66667, "recall": 1.0, "f1": 0.8, "auc": 0.5503}
{"epoch": 85, "time_epoch": 0.03246, "eta": 0.53383, "eta_hours": 0.00015, "loss": 0.63764912, "lr": 5.45e-05, "params": 6465, "time_iter": 0.01082, "accuracy": 0.66667, "precision": 0.66667, "recall": 1.0, "f1": 0.8, "auc": 0.38166}
{"epoch": 86, "time_epoch": 0.0325, "eta": 0.49486, "eta_hours": 0.00014, "loss": 0.63763807, "lr": 4.759e-05, "params": 6465, "time_iter": 0.01083, "accuracy": 0.66667, "precision": 0.66667, "recall": 1.0, "f1": 0.8, "auc": 0.52515}
{"epoch": 87, "time_epoch": 0.03488, "eta": 0.45636, "eta_hours": 0.00013, "loss": 0.63763449, "lr": 4.112e-05, "params": 6465, "time_iter": 0.01163, "accuracy": 0.66667, "precision": 0.66667, "recall": 1.0, "f1": 0.8, "auc": 0.39053}
{"epoch": 88, "time_epoch": 0.03157, "eta": 0.41753, "eta_hours": 0.00012, "loss": 0.63763775, "lr": 3.511e-05, "params": 6465, "time_iter": 0.01052, "accuracy": 0.66667, "precision": 0.66667, "recall": 1.0, "f1": 0.8, "auc": 0.51479}
{"epoch": 89, "time_epoch": 0.03166, "eta": 0.37887, "eta_hours": 0.00011, "loss": 0.63763751, "lr": 2.956e-05, "params": 6465, "time_iter": 0.01055, "accuracy": 0.66667, "precision": 0.66667, "recall": 1.0, "f1": 0.8, "auc": 0.45266}
{"epoch": 90, "time_epoch": 0.03258, "eta": 0.34046, "eta_hours": 9e-05, "loss": 0.63764029, "lr": 2.447e-05, "params": 6465, "time_iter": 0.01086, "accuracy": 0.66667, "precision": 0.66667, "recall": 1.0, "f1": 0.8, "auc": 0.46598}
{"epoch": 91, "time_epoch": 0.03247, "eta": 0.30217, "eta_hours": 8e-05, "loss": 0.63764208, "lr": 1.985e-05, "params": 6465, "time_iter": 0.01082, "accuracy": 0.66667, "precision": 0.66667, "recall": 1.0, "f1": 0.8, "auc": 0.41864}
{"epoch": 92, "time_epoch": 0.0356, "eta": 0.26423, "eta_hours": 7e-05, "loss": 0.63764005, "lr": 1.571e-05, "params": 6465, "time_iter": 0.01187, "accuracy": 0.66667, "precision": 0.66667, "recall": 1.0, "f1": 0.8, "auc": 0.35947}
{"epoch": 93, "time_epoch": 0.03215, "eta": 0.22613, "eta_hours": 6e-05, "loss": 0.63763884, "lr": 1.204e-05, "params": 6465, "time_iter": 0.01072, "accuracy": 0.66667, "precision": 0.66667, "recall": 1.0, "f1": 0.8, "auc": 0.44231}
{"epoch": 94, "time_epoch": 0.03237, "eta": 0.18816, "eta_hours": 5e-05, "loss": 0.6376347, "lr": 8.86e-06, "params": 6465, "time_iter": 0.01079, "accuracy": 0.66667, "precision": 0.66667, "recall": 1.0, "f1": 0.8, "auc": 0.45858}
{"epoch": 95, "time_epoch": 0.0324, "eta": 0.15031, "eta_hours": 4e-05, "loss": 0.63762664, "lr": 6.16e-06, "params": 6465, "time_iter": 0.0108, "accuracy": 0.66667, "precision": 0.66667, "recall": 1.0, "f1": 0.8, "auc": 0.5858}
{"epoch": 96, "time_epoch": 0.03224, "eta": 0.11257, "eta_hours": 3e-05, "loss": 0.63762614, "lr": 3.94e-06, "params": 6465, "time_iter": 0.01075, "accuracy": 0.66667, "precision": 0.66667, "recall": 1.0, "f1": 0.8, "auc": 0.59911}
{"epoch": 97, "time_epoch": 0.03488, "eta": 0.07499, "eta_hours": 2e-05, "loss": 0.63761455, "lr": 2.22e-06, "params": 6465, "time_iter": 0.01163, "accuracy": 0.66667, "precision": 0.66667, "recall": 1.0, "f1": 0.8, "auc": 0.55917}
{"epoch": 98, "time_epoch": 0.03247, "eta": 0.03744, "eta_hours": 1e-05, "loss": 0.63763309, "lr": 9.9e-07, "params": 6465, "time_iter": 0.01082, "accuracy": 0.66667, "precision": 0.66667, "recall": 1.0, "f1": 0.8, "auc": 0.43195}
{"epoch": 99, "time_epoch": 0.03243, "eta": 0.0, "eta_hours": 0.0, "loss": 0.63763052, "lr": 2.5e-07, "params": 6465, "time_iter": 0.01081, "accuracy": 0.66667, "precision": 0.66667, "recall": 1.0, "f1": 0.8, "auc": 0.5932}
