{"epoch": 0, "time_epoch": 0.91704, "eta": 90.78648, "eta_hours": 0.02522, "loss": 0.69663838, "lr": 0.001, "params": 9207, "time_iter": 0.30568, "accuracy": 0.30769, "precision": 0.0, "recall": 0.0, "f1": 0.0, "auc": 0.46006}
{"epoch": 1, "time_epoch": 2.04016, "eta": 144.90244, "eta_hours": 0.04025, "loss": 0.69289491, "lr": 0.00099975, "params": 9207, "time_iter": 0.68005, "accuracy": 0.51282, "precision": 0.64, "recall": 0.61538, "f1": 0.62745, "auc": 0.45858}
{"epoch": 2, "time_epoch": 2.03864, "eta": 161.53192, "eta_hours": 0.04487, "loss": 0.6893994, "lr": 0.00099901, "params": 9207, "time_iter": 0.67955, "accuracy": 0.66667, "precision": 0.66667, "recall": 1.0, "f1": 0.8, "auc": 0.47929}
{"epoch": 3, "time_epoch": 2.05142, "eta": 169.1341, "eta_hours": 0.04698, "loss": 0.68636117, "lr": 0.00099778, "params": 9207, "time_iter": 0.68381, "accuracy": 0.66667, "precision": 0.66667, "recall": 1.0, "f1": 0.8, "auc": 0.53254}
{"epoch": 4, "time_epoch": 2.04428, "eta": 172.73912, "eta_hours": 0.04798, "loss": 0.68434911, "lr": 0.00099606, "params": 9207, "time_iter": 0.68143, "accuracy": 0.66667, "precision": 0.66667, "recall": 1.0, "f1": 0.8, "auc": 0.42604}
{"epoch": 5, "time_epoch": 2.04097, "eta": 174.40914, "eta_hours": 0.04845, "loss": 0.68052545, "lr": 0.00099384, "params": 9207, "time_iter": 0.68032, "accuracy": 0.66667, "precision": 0.66667, "recall": 1.0, "f1": 0.8, "auc": 0.69231}
{"epoch": 6, "time_epoch": 2.0565, "eta": 175.22529, "eta_hours": 0.04867, "loss": 0.67847014, "lr": 0.00099114, "params": 9207, "time_iter": 0.6855, "accuracy": 0.66667, "precision": 0.66667, "recall": 1.0, "f1": 0.8, "auc": 0.59467}
{"epoch": 7, "time_epoch": 0.74823, "eta": 160.27814, "eta_hours": 0.04452, "loss": 0.67584234, "lr": 0.00098796, "params": 9207, "time_iter": 0.24941, "accuracy": 0.66667, "precision": 0.66667, "recall": 1.0, "f1": 0.8, "auc": 0.60651}
{"epoch": 8, "time_epoch": 0.116, "eta": 142.09373, "eta_hours": 0.03947, "loss": 0.6721994, "lr": 0.00098429, "params": 9207, "time_iter": 0.03867, "accuracy": 0.66667, "precision": 0.66667, "recall": 1.0, "f1": 0.8, "auc": 0.7071}
{"epoch": 9, "time_epoch": 0.11776, "eta": 127.53892, "eta_hours": 0.03543, "loss": 0.66936327, "lr": 0.00098015, "params": 9207, "time_iter": 0.03925, "accuracy": 0.66667, "precision": 0.66667, "recall": 1.0, "f1": 0.8, "auc": 0.7574}
{"epoch": 10, "time_epoch": 0.1186, "eta": 115.61581, "eta_hours": 0.03212, "loss": 0.66623355, "lr": 0.00097553, "params": 9207, "time_iter": 0.03953, "accuracy": 0.66667, "precision": 0.66667, "recall": 1.0, "f1": 0.8, "auc": 0.7574}
{"epoch": 11, "time_epoch": 0.12275, "eta": 105.6905, "eta_hours": 0.02936, "loss": 0.66275447, "lr": 0.00097044, "params": 9207, "time_iter": 0.04092, "accuracy": 0.66667, "precision": 0.66667, "recall": 1.0, "f1": 0.8, "auc": 0.6568}
{"epoch": 12, "time_epoch": 0.13225, "eta": 97.33691, "eta_hours": 0.02704, "loss": 0.66053756, "lr": 0.00096489, "params": 9207, "time_iter": 0.04408, "accuracy": 0.66667, "precision": 0.66667, "recall": 1.0, "f1": 0.8, "auc": 0.76923}
{"epoch": 13, "time_epoch": 0.12832, "eta": 90.1336, "eta_hours": 0.02504, "loss": 0.65503642, "lr": 0.00095888, "params": 9207, "time_iter": 0.04277, "accuracy": 0.66667, "precision": 0.66667, "recall": 1.0, "f1": 0.8, "auc": 0.71893}
{"epoch": 14, "time_epoch": 0.1254, "eta": 83.85709, "eta_hours": 0.02329, "loss": 0.65327517, "lr": 0.00095241, "params": 9207, "time_iter": 0.0418, "accuracy": 0.66667, "precision": 0.66667, "recall": 1.0, "f1": 0.8, "auc": 0.74556}
{"epoch": 15, "time_epoch": 0.12991, "eta": 78.37316, "eta_hours": 0.02177, "loss": 0.64930858, "lr": 0.0009455, "params": 9207, "time_iter": 0.0433, "accuracy": 0.66667, "precision": 0.66667, "recall": 1.0, "f1": 0.8, "auc": 0.77811}
{"epoch": 16, "time_epoch": 0.12736, "eta": 73.50665, "eta_hours": 0.02042, "loss": 0.6452253, "lr": 0.00093815, "params": 9207, "time_iter": 0.04245, "accuracy": 0.66667, "precision": 0.66667, "recall": 1.0, "f1": 0.8, "auc": 0.78402}
{"epoch": 17, "time_epoch": 0.12752, "eta": 69.16745, "eta_hours": 0.01921, "loss": 0.64137589, "lr": 0.00093037, "params": 9207, "time_iter": 0.04251, "accuracy": 0.66667, "precision": 0.66667, "recall": 1.0, "f1": 0.8, "auc": 0.77219}
{"epoch": 18, "time_epoch": 0.12791, "eta": 65.27324, "eta_hours": 0.01813, "loss": 0.63953767, "lr": 0.00092216, "params": 9207, "time_iter": 0.04264, "accuracy": 0.66667, "precision": 0.66667, "recall": 1.0, "f1": 0.8, "auc": 0.7426}
{"epoch": 19, "time_epoch": 0.12769, "eta": 61.75479, "eta_hours": 0.01715, "loss": 0.63537733, "lr": 0.00091354, "params": 9207, "time_iter": 0.04256, "accuracy": 0.66667, "precision": 0.66667, "recall": 1.0, "f1": 0.8, "auc": 0.83136}
{"epoch": 20, "time_epoch": 0.12601, "eta": 58.55295, "eta_hours": 0.01626, "loss": 0.63046554, "lr": 0.00090451, "params": 9207, "time_iter": 0.042, "accuracy": 0.66667, "precision": 0.66667, "recall": 1.0, "f1": 0.8, "auc": 0.83728}
{"epoch": 21, "time_epoch": 0.12576, "eta": 55.62985, "eta_hours": 0.01545, "loss": 0.62877899, "lr": 0.00089508, "params": 9207, "time_iter": 0.04192, "accuracy": 0.66667, "precision": 0.66667, "recall": 1.0, "f1": 0.8, "auc": 0.8787}
{"epoch": 22, "time_epoch": 0.12597, "eta": 52.9507, "eta_hours": 0.01471, "loss": 0.62125281, "lr": 0.00088526, "params": 9207, "time_iter": 0.04199, "accuracy": 0.66667, "precision": 0.66667, "recall": 1.0, "f1": 0.8, "auc": 0.89941}
{"epoch": 23, "time_epoch": 0.12549, "eta": 50.4828, "eta_hours": 0.01402, "loss": 0.61612096, "lr": 0.00087506, "params": 9207, "time_iter": 0.04183, "accuracy": 0.66667, "precision": 0.66667, "recall": 1.0, "f1": 0.8, "auc": 0.88757}
{"epoch": 24, "time_epoch": 0.12426, "eta": 48.19861, "eta_hours": 0.01339, "loss": 0.61291567, "lr": 0.00086448, "params": 9207, "time_iter": 0.04142, "accuracy": 0.66667, "precision": 0.66667, "recall": 1.0, "f1": 0.8, "auc": 0.90237}
{"epoch": 25, "time_epoch": 0.12883, "eta": 46.09355, "eta_hours": 0.0128, "loss": 0.59652691, "lr": 0.00085355, "params": 9207, "time_iter": 0.04294, "accuracy": 0.66667, "precision": 0.66667, "recall": 1.0, "f1": 0.8, "auc": 0.99112}
{"epoch": 26, "time_epoch": 0.1275, "eta": 44.1313, "eta_hours": 0.01226, "loss": 0.59035742, "lr": 0.00084227, "params": 9207, "time_iter": 0.0425, "accuracy": 0.66667, "precision": 0.66667, "recall": 1.0, "f1": 0.8, "auc": 0.90237}
{"epoch": 27, "time_epoch": 0.12618, "eta": 42.29669, "eta_hours": 0.01175, "loss": 0.58827938, "lr": 0.00083066, "params": 9207, "time_iter": 0.04206, "accuracy": 0.66667, "precision": 0.66667, "recall": 1.0, "f1": 0.8, "auc": 0.93491}
{"epoch": 28, "time_epoch": 0.12911, "eta": 40.58709, "eta_hours": 0.01127, "loss": 0.57380756, "lr": 0.00081871, "params": 9207, "time_iter": 0.04304, "accuracy": 0.71795, "precision": 0.7027, "recall": 1.0, "f1": 0.8254, "auc": 0.92604}
{"epoch": 29, "time_epoch": 0.12487, "eta": 38.97295, "eta_hours": 0.01083, "loss": 0.56424649, "lr": 0.00080645, "params": 9207, "time_iter": 0.04162, "accuracy": 0.71795, "precision": 0.7027, "recall": 1.0, "f1": 0.8254, "auc": 0.97633}
{"epoch": 30, "time_epoch": 0.12779, "eta": 37.4614, "eta_hours": 0.01041, "loss": 0.54436635, "lr": 0.00079389, "params": 9207, "time_iter": 0.0426, "accuracy": 0.71795, "precision": 0.7027, "recall": 1.0, "f1": 0.8254, "auc": 0.95266}
{"epoch": 31, "time_epoch": 0.12742, "eta": 36.03555, "eta_hours": 0.01001, "loss": 0.53413243, "lr": 0.00078104, "params": 9207, "time_iter": 0.04247, "accuracy": 0.71795, "precision": 0.7027, "recall": 1.0, "f1": 0.8254, "auc": 0.98225}
{"epoch": 32, "time_epoch": 0.12636, "eta": 34.68623, "eta_hours": 0.00964, "loss": 0.51653093, "lr": 0.00076791, "params": 9207, "time_iter": 0.04212, "accuracy": 0.74359, "precision": 0.72222, "recall": 1.0, "f1": 0.83871, "auc": 1.0}
{"epoch": 33, "time_epoch": 0.12393, "eta": 33.40415, "eta_hours": 0.00928, "loss": 0.49760813, "lr": 0.00075452, "params": 9207, "time_iter": 0.04131, "accuracy": 0.76923, "precision": 0.74286, "recall": 1.0, "f1": 0.85246, "auc": 0.99112}
{"epoch": 34, "time_epoch": 0.1268, "eta": 32.19357, "eta_hours": 0.00894, "loss": 0.49638243, "lr": 0.00074088, "params": 9207, "time_iter": 0.04227, "accuracy": 0.74359, "precision": 0.72222, "recall": 1.0, "f1": 0.83871, "auc": 0.96746}
{"epoch": 35, "time_epoch": 0.12526, "eta": 31.04045, "eta_hours": 0.00862, "loss": 0.46930944, "lr": 0.000727, "params": 9207, "time_iter": 0.04175, "accuracy": 0.79487, "precision": 0.76471, "recall": 1.0, "f1": 0.86667, "auc": 0.99112}
{"epoch": 36, "time_epoch": 0.12649, "eta": 29.945, "eta_hours": 0.00832, "loss": 0.45663272, "lr": 0.00071289, "params": 9207, "time_iter": 0.04216, "accuracy": 0.84615, "precision": 0.8125, "recall": 1.0, "f1": 0.89655, "auc": 0.98521}
{"epoch": 37, "time_epoch": 0.12739, "eta": 28.902, "eta_hours": 0.00803, "loss": 0.42647023, "lr": 0.00069857, "params": 9207, "time_iter": 0.04246, "accuracy": 0.87179, "precision": 0.83871, "recall": 1.0, "f1": 0.91228, "auc": 0.99408}
{"epoch": 38, "time_epoch": 0.12715, "eta": 27.90559, "eta_hours": 0.00775, "loss": 0.41643902, "lr": 0.00068406, "params": 9207, "time_iter": 0.04238, "accuracy": 0.87179, "precision": 0.83871, "recall": 1.0, "f1": 0.91228, "auc": 0.99704}
{"epoch": 39, "time_epoch": 0.12817, "eta": 26.95418, "eta_hours": 0.00749, "loss": 0.40437349, "lr": 0.00066937, "params": 9207, "time_iter": 0.04272, "accuracy": 0.84615, "precision": 0.8125, "recall": 1.0, "f1": 0.89655, "auc": 0.98817}
{"epoch": 40, "time_epoch": 0.12722, "eta": 26.04155, "eta_hours": 0.00723, "loss": 0.37364944, "lr": 0.00065451, "params": 9207, "time_iter": 0.04241, "accuracy": 0.89744, "precision": 0.86667, "recall": 1.0, "f1": 0.92857, "auc": 1.0}
{"epoch": 41, "time_epoch": 0.12604, "eta": 25.1647, "eta_hours": 0.00699, "loss": 0.36074806, "lr": 0.0006395, "params": 9207, "time_iter": 0.04201, "accuracy": 0.89744, "precision": 0.86667, "recall": 1.0, "f1": 0.92857, "auc": 1.0}
{"epoch": 42, "time_epoch": 0.12733, "eta": 24.32448, "eta_hours": 0.00676, "loss": 0.32812403, "lr": 0.00062434, "params": 9207, "time_iter": 0.04244, "accuracy": 0.92308, "precision": 0.89655, "recall": 1.0, "f1": 0.94545, "auc": 1.0}
{"epoch": 43, "time_epoch": 0.13308, "eta": 23.52398, "eta_hours": 0.00653, "loss": 0.36510969, "lr": 0.00060907, "params": 9207, "time_iter": 0.04436, "accuracy": 0.92308, "precision": 0.89655, "recall": 1.0, "f1": 0.94545, "auc": 0.96154}
{"epoch": 44, "time_epoch": 0.12564, "eta": 22.74405, "eta_hours": 0.00632, "loss": 0.34935076, "lr": 0.00059369, "params": 9207, "time_iter": 0.04188, "accuracy": 0.87179, "precision": 0.88889, "recall": 0.92308, "f1": 0.90566, "auc": 0.97041}
{"epoch": 45, "time_epoch": 0.12678, "eta": 21.9939, "eta_hours": 0.00611, "loss": 0.32202731, "lr": 0.00057822, "params": 9207, "time_iter": 0.04226, "accuracy": 0.92308, "precision": 0.89655, "recall": 1.0, "f1": 0.94545, "auc": 0.97337}
{"epoch": 46, "time_epoch": 0.12423, "eta": 21.2674, "eta_hours": 0.00591, "loss": 0.30532132, "lr": 0.00056267, "params": 9207, "time_iter": 0.04141, "accuracy": 0.94872, "precision": 0.92857, "recall": 1.0, "f1": 0.96296, "auc": 0.98225}
{"epoch": 47, "time_epoch": 0.1278, "eta": 20.56987, "eta_hours": 0.00571, "loss": 0.26632589, "lr": 0.00054705, "params": 9207, "time_iter": 0.0426, "accuracy": 0.94872, "precision": 0.92857, "recall": 1.0, "f1": 0.96296, "auc": 0.99408}
{"epoch": 48, "time_epoch": 0.12996, "eta": 19.89784, "eta_hours": 0.00553, "loss": 0.23733726, "lr": 0.0005314, "params": 9207, "time_iter": 0.04332, "accuracy": 0.94872, "precision": 0.92857, "recall": 1.0, "f1": 0.96296, "auc": 1.0}
{"epoch": 49, "time_epoch": 0.12619, "eta": 19.24372, "eta_hours": 0.00535, "loss": 0.21975263, "lr": 0.00051571, "params": 9207, "time_iter": 0.04206, "accuracy": 0.97436, "precision": 0.96296, "recall": 1.0, "f1": 0.98113, "auc": 1.0}
{"epoch": 50, "time_epoch": 0.13323, "eta": 18.61707, "eta_hours": 0.00517, "loss": 0.21354057, "lr": 0.0005, "params": 9207, "time_iter": 0.04441, "accuracy": 0.97436, "precision": 0.96296, "recall": 1.0, "f1": 0.98113, "auc": 1.0}
{"epoch": 51, "time_epoch": 0.12905, "eta": 18.00555, "eta_hours": 0.005, "loss": 0.21409718, "lr": 0.00048429, "params": 9207, "time_iter": 0.04302, "accuracy": 0.94872, "precision": 0.92857, "recall": 1.0, "f1": 0.96296, "auc": 1.0}
{"epoch": 52, "time_epoch": 0.12722, "eta": 17.41059, "eta_hours": 0.00484, "loss": 0.18976848, "lr": 0.0004686, "params": 9207, "time_iter": 0.04241, "accuracy": 0.97436, "precision": 0.96296, "recall": 1.0, "f1": 0.98113, "auc": 1.0}
{"epoch": 53, "time_epoch": 0.12639, "eta": 16.83226, "eta_hours": 0.00468, "loss": 0.18203364, "lr": 0.00045295, "params": 9207, "time_iter": 0.04213, "accuracy": 0.97436, "precision": 0.96296, "recall": 1.0, "f1": 0.98113, "auc": 1.0}
{"epoch": 54, "time_epoch": 0.12618, "eta": 16.2702, "eta_hours": 0.00452, "loss": 0.19577149, "lr": 0.00043733, "params": 9207, "time_iter": 0.04206, "accuracy": 0.97436, "precision": 0.96296, "recall": 1.0, "f1": 0.98113, "auc": 1.0}
{"epoch": 55, "time_epoch": 0.13634, "eta": 15.73168, "eta_hours": 0.00437, "loss": 0.16809849, "lr": 0.00042178, "params": 9207, "time_iter": 0.04545, "accuracy": 1.0, "precision": 1.0, "recall": 1.0, "f1": 1.0, "auc": 1.0}
{"epoch": 56, "time_epoch": 0.12638, "eta": 15.19976, "eta_hours": 0.00422, "loss": 0.1782754, "lr": 0.00040631, "params": 9207, "time_iter": 0.04213, "accuracy": 0.97436, "precision": 0.96296, "recall": 1.0, "f1": 0.98113, "auc": 1.0}
{"epoch": 57, "time_epoch": 0.1273, "eta": 14.68249, "eta_hours": 0.00408, "loss": 0.15604449, "lr": 0.00039093, "params": 9207, "time_iter": 0.04243, "accuracy": 0.97436, "precision": 0.96296, "recall": 1.0, "f1": 0.98113, "auc": 1.0}
{"epoch": 58, "time_epoch": 0.12773, "eta": 14.17874, "eta_hours": 0.00394, "loss": 0.14561047, "lr": 0.00037566, "params": 9207, "time_iter": 0.04258, "accuracy": 0.97436, "precision": 0.96296, "recall": 1.0, "f1": 0.98113, "auc": 1.0}
{"epoch": 59, "time_epoch": 0.1296, "eta": 13.68877, "eta_hours": 0.0038, "loss": 0.15755045, "lr": 0.0003605, "params": 9207, "time_iter": 0.0432, "accuracy": 0.97436, "precision": 0.96296, "recall": 1.0, "f1": 0.98113, "auc": 1.0}
{"epoch": 60, "time_epoch": 0.12898, "eta": 13.21022, "eta_hours": 0.00367, "loss": 0.13059549, "lr": 0.00034549, "params": 9207, "time_iter": 0.04299, "accuracy": 0.97436, "precision": 0.96296, "recall": 1.0, "f1": 0.98113, "auc": 1.0}
{"epoch": 61, "time_epoch": 0.12705, "eta": 12.74176, "eta_hours": 0.00354, "loss": 0.13743457, "lr": 0.00033063, "params": 9207, "time_iter": 0.04235, "accuracy": 1.0, "precision": 1.0, "recall": 1.0, "f1": 1.0, "auc": 1.0}
{"epoch": 62, "time_epoch": 0.12511, "eta": 12.283, "eta_hours": 0.00341, "loss": 0.12080539, "lr": 0.00031594, "params": 9207, "time_iter": 0.0417, "accuracy": 1.0, "precision": 1.0, "recall": 1.0, "f1": 1.0, "auc": 1.0}
{"epoch": 63, "time_epoch": 0.1279, "eta": 11.83623, "eta_hours": 0.00329, "loss": 0.11506906, "lr": 0.00030143, "params": 9207, "time_iter": 0.04263, "accuracy": 1.0, "precision": 1.0, "recall": 1.0, "f1": 1.0, "auc": 1.0}
{"epoch": 64, "time_epoch": 0.12529, "eta": 11.39788, "eta_hours": 0.00317, "loss": 0.12714309, "lr": 0.00028711, "params": 9207, "time_iter": 0.04176, "accuracy": 0.97436, "precision": 0.96296, "recall": 1.0, "f1": 0.98113, "auc": 1.0}
{"epoch": 65, "time_epoch": 0.12575, "eta": 10.96924, "eta_hours": 0.00305, "loss": 0.15093486, "lr": 0.000273, "params": 9207, "time_iter": 0.04192, "accuracy": 0.97436, "precision": 0.96296, "recall": 1.0, "f1": 0.98113, "auc": 1.0}
{"epoch": 66, "time_epoch": 0.12704, "eta": 10.55029, "eta_hours": 0.00293, "loss": 0.10750433, "lr": 0.00025912, "params": 9207, "time_iter": 0.04235, "accuracy": 1.0, "precision": 1.0, "recall": 1.0, "f1": 1.0, "auc": 1.0}
{"epoch": 67, "time_epoch": 0.12787, "eta": 10.14031, "eta_hours": 0.00282, "loss": 0.11060928, "lr": 0.00024548, "params": 9207, "time_iter": 0.04262, "accuracy": 1.0, "precision": 1.0, "recall": 1.0, "f1": 1.0, "auc": 1.0}
{"epoch": 68, "time_epoch": 0.12738, "eta": 9.73828, "eta_hours": 0.00271, "loss": 0.14721918, "lr": 0.00023209, "params": 9207, "time_iter": 0.04246, "accuracy": 0.97436, "precision": 0.96296, "recall": 1.0, "f1": 0.98113, "auc": 0.99704}
{"epoch": 69, "time_epoch": 0.12785, "eta": 9.3443, "eta_hours": 0.0026, "loss": 0.13635633, "lr": 0.00021896, "params": 9207, "time_iter": 0.04262, "accuracy": 1.0, "precision": 1.0, "recall": 1.0, "f1": 1.0, "auc": 1.0}
{"epoch": 70, "time_epoch": 0.12755, "eta": 8.9577, "eta_hours": 0.00249, "loss": 0.09591887, "lr": 0.00020611, "params": 9207, "time_iter": 0.04252, "accuracy": 1.0, "precision": 1.0, "recall": 1.0, "f1": 1.0, "auc": 1.0}
{"epoch": 71, "time_epoch": 0.12587, "eta": 8.57765, "eta_hours": 0.00238, "loss": 0.11774271, "lr": 0.00019355, "params": 9207, "time_iter": 0.04196, "accuracy": 1.0, "precision": 1.0, "recall": 1.0, "f1": 1.0, "auc": 1.0}
{"epoch": 72, "time_epoch": 0.12442, "eta": 8.20401, "eta_hours": 0.00228, "loss": 0.09356258, "lr": 0.00018129, "params": 9207, "time_iter": 0.04147, "accuracy": 1.0, "precision": 1.0, "recall": 1.0, "f1": 1.0, "auc": 1.0}
{"epoch": 73, "time_epoch": 0.12439, "eta": 7.83711, "eta_hours": 0.00218, "loss": 0.09545656, "lr": 0.00016934, "params": 9207, "time_iter": 0.04146, "accuracy": 1.0, "precision": 1.0, "recall": 1.0, "f1": 1.0, "auc": 1.0}
{"epoch": 74, "time_epoch": 0.12866, "eta": 7.47809, "eta_hours": 0.00208, "loss": 0.08876016, "lr": 0.00015773, "params": 9207, "time_iter": 0.04289, "accuracy": 1.0, "precision": 1.0, "recall": 1.0, "f1": 1.0, "auc": 1.0}
{"epoch": 75, "time_epoch": 0.12807, "eta": 7.12495, "eta_hours": 0.00198, "loss": 0.0854588, "lr": 0.00014645, "params": 9207, "time_iter": 0.04269, "accuracy": 1.0, "precision": 1.0, "recall": 1.0, "f1": 1.0, "auc": 1.0}
{"epoch": 76, "time_epoch": 0.13064, "eta": 6.77842, "eta_hours": 0.00188, "loss": 0.08735019, "lr": 0.00013552, "params": 9207, "time_iter": 0.04355, "accuracy": 1.0, "precision": 1.0, "recall": 1.0, "f1": 1.0, "auc": 1.0}
{"epoch": 77, "time_epoch": 0.12526, "eta": 6.43591, "eta_hours": 0.00179, "loss": 0.07293329, "lr": 0.00012494, "params": 9207, "time_iter": 0.04175, "accuracy": 1.0, "precision": 1.0, "recall": 1.0, "f1": 1.0, "auc": 1.0}
{"epoch": 78, "time_epoch": 0.12615, "eta": 6.09914, "eta_hours": 0.00169, "loss": 0.23318163, "lr": 0.00011474, "params": 9207, "time_iter": 0.04205, "accuracy": 0.92308, "precision": 0.96, "recall": 0.92308, "f1": 0.94118, "auc": 0.9645}
{"epoch": 79, "time_epoch": 0.12737, "eta": 5.76794, "eta_hours": 0.0016, "loss": 0.08796257, "lr": 0.00010492, "params": 9207, "time_iter": 0.04246, "accuracy": 1.0, "precision": 1.0, "recall": 1.0, "f1": 1.0, "auc": 1.0}
{"epoch": 80, "time_epoch": 0.12753, "eta": 5.44181, "eta_hours": 0.00151, "loss": 0.10096218, "lr": 9.549e-05, "params": 9207, "time_iter": 0.04251, "accuracy": 1.0, "precision": 1.0, "recall": 1.0, "f1": 1.0, "auc": 1.0}
{"epoch": 81, "time_epoch": 0.12632, "eta": 5.12026, "eta_hours": 0.00142, "loss": 0.08222602, "lr": 8.646e-05, "params": 9207, "time_iter": 0.04211, "accuracy": 1.0, "precision": 1.0, "recall": 1.0, "f1": 1.0, "auc": 1.0}
{"epoch": 82, "time_epoch": 0.12682, "eta": 4.80351, "eta_hours": 0.00133, "loss": 0.08205734, "lr": 7.784e-05, "params": 9207, "time_iter": 0.04227, "accuracy": 1.0, "precision": 1.0, "recall": 1.0, "f1": 1.0, "auc": 1.0}
{"epoch": 83, "time_epoch": 0.12757, "eta": 4.49143, "eta_hours": 0.00125, "loss": 0.06876572, "lr": 6.963e-05, "params": 9207, "time_iter": 0.04252, "accuracy": 1.0, "precision": 1.0, "recall": 1.0, "f1": 1.0, "auc": 1.0}
{"epoch": 84, "time_epoch": 0.12426, "eta": 4.18311, "eta_hours": 0.00116, "loss": 0.09799309, "lr": 6.185e-05, "params": 9207, "time_iter": 0.04142, "accuracy": 0.97436, "precision": 0.96296, "recall": 1.0, "f1": 0.98113, "auc": 1.0}
{"epoch": 85, "time_epoch": 0.1246, "eta": 3.87912, "eta_hours": 0.00108, "loss": 0.07580911, "lr": 5.45e-05, "params": 9207, "time_iter": 0.04153, "accuracy": 1.0, "precision": 1.0, "recall": 1.0, "f1": 1.0, "auc": 1.0}
{"epoch": 86, "time_epoch": 0.1299, "eta": 3.58005, "eta_hours": 0.00099, "loss": 0.0811051, "lr": 4.759e-05, "params": 9207, "time_iter": 0.0433, "accuracy": 1.0, "precision": 1.0, "recall": 1.0, "f1": 1.0, "auc": 1.0}
{"epoch": 87, "time_epoch": 0.12542, "eta": 3.28421, "eta_hours": 0.00091, "loss": 0.1429191, "lr": 4.112e-05, "params": 9207, "time_iter": 0.04181, "accuracy": 0.97436, "precision": 1.0, "recall": 0.96154, "f1": 0.98039, "auc": 1.0}
{"epoch": 88, "time_epoch": 0.12545, "eta": 2.9922, "eta_hours": 0.00083, "loss": 0.07738999, "lr": 3.511e-05, "params": 9207, "time_iter": 0.04182, "accuracy": 1.0, "precision": 1.0, "recall": 1.0, "f1": 1.0, "auc": 1.0}
{"epoch": 89, "time_epoch": 0.13056, "eta": 2.70447, "eta_hours": 0.00075, "loss": 0.06802558, "lr": 2.956e-05, "params": 9207, "time_iter": 0.04352, "accuracy": 1.0, "precision": 1.0, "recall": 1.0, "f1": 1.0, "auc": 1.0}
{"epoch": 90, "time_epoch": 0.12703, "eta": 2.41984, "eta_hours": 0.00067, "loss": 0.09012417, "lr": 2.447e-05, "params": 9207, "time_iter": 0.04234, "accuracy": 1.0, "precision": 1.0, "recall": 1.0, "f1": 1.0, "auc": 1.0}
{"epoch": 91, "time_epoch": 0.12809, "eta": 2.13872, "eta_hours": 0.00059, "loss": 0.08120409, "lr": 1.985e-05, "params": 9207, "time_iter": 0.0427, "accuracy": 1.0, "precision": 1.0, "recall": 1.0, "f1": 1.0, "auc": 1.0}
{"epoch": 92, "time_epoch": 0.12693, "eta": 1.86081, "eta_hours": 0.00052, "loss": 0.06773145, "lr": 1.571e-05, "params": 9207, "time_iter": 0.04231, "accuracy": 1.0, "precision": 1.0, "recall": 1.0, "f1": 1.0, "auc": 1.0}
{"epoch": 93, "time_epoch": 0.13404, "eta": 1.58657, "eta_hours": 0.00044, "loss": 0.0752926, "lr": 1.204e-05, "params": 9207, "time_iter": 0.04468, "accuracy": 1.0, "precision": 1.0, "recall": 1.0, "f1": 1.0, "auc": 1.0}
{"epoch": 94, "time_epoch": 0.1283, "eta": 1.31498, "eta_hours": 0.00037, "loss": 0.08912818, "lr": 8.86e-06, "params": 9207, "time_iter": 0.04277, "accuracy": 1.0, "precision": 1.0, "recall": 1.0, "f1": 1.0, "auc": 1.0}
{"epoch": 95, "time_epoch": 0.12859, "eta": 1.04638, "eta_hours": 0.00029, "loss": 0.08139119, "lr": 6.16e-06, "params": 9207, "time_iter": 0.04286, "accuracy": 1.0, "precision": 1.0, "recall": 1.0, "f1": 1.0, "auc": 1.0}
{"epoch": 96, "time_epoch": 0.12734, "eta": 0.78063, "eta_hours": 0.00022, "loss": 0.16628958, "lr": 3.94e-06, "params": 9207, "time_iter": 0.04245, "accuracy": 0.94872, "precision": 1.0, "recall": 0.92308, "f1": 0.96, "auc": 0.98817}
{"epoch": 97, "time_epoch": 0.12762, "eta": 0.51772, "eta_hours": 0.00014, "loss": 0.1017454, "lr": 2.22e-06, "params": 9207, "time_iter": 0.04254, "accuracy": 1.0, "precision": 1.0, "recall": 1.0, "f1": 1.0, "auc": 1.0}
{"epoch": 98, "time_epoch": 0.13304, "eta": 0.25759, "eta_hours": 7e-05, "loss": 0.07039453, "lr": 9.9e-07, "params": 9207, "time_iter": 0.04435, "accuracy": 1.0, "precision": 1.0, "recall": 1.0, "f1": 1.0, "auc": 1.0}
{"epoch": 99, "time_epoch": 0.12553, "eta": 0.0, "eta_hours": 0.0, "loss": 0.08112041, "lr": 2.5e-07, "params": 9207, "time_iter": 0.04184, "accuracy": 1.0, "precision": 1.0, "recall": 1.0, "f1": 1.0, "auc": 1.0}
