{"epoch": 0, "time_epoch": 21.76484, "time_epoch_std": 0.17479, "eta": 2154.71881, "eta_std": 17.30451, "eta_hours": 0.59853, "eta_hours_std": 0.00481, "loss": 0.65996, "loss_std": 0.00692, "lr": 0.001, "lr_std": 0.0, "params": 5321.0, "params_std": 0.0, "time_iter": 0.15658, "time_iter_std": 0.00126, "accuracy": 0.64388, "accuracy_std": 0.01987, "accuracy_max": 0.66187, "precision": 0.76103, "precision_std": 0.13808, "recall": 0.16972, "recall_std": 0.09671, "f1": 0.25592, "f1_std": 0.14108, "auc": 0.63986, "auc_std": 0.04408}
{"epoch": 1, "time_epoch": 8.92812, "time_epoch_std": 0.06668, "eta": 1503.95458, "eta_std": 7.42393, "eta_hours": 0.41777, "eta_hours_std": 0.00206, "loss": 0.61638, "loss_std": 0.00402, "lr": 0.001, "lr_std": 0.0, "params": 5321.0, "params_std": 0.0, "time_iter": 0.06423, "time_iter_std": 0.00048, "accuracy": 0.6821, "accuracy_std": 0.00628, "accuracy_max": 0.69065, "precision": 0.64254, "precision_std": 0.02966, "recall": 0.43578, "recall_std": 0.04553, "f1": 0.5166, "f1_std": 0.02739, "auc": 0.69716, "auc_std": 0.00835}
{"epoch": 2, "time_epoch": 9.22338, "time_epoch_std": 0.48077, "eta": 1290.62786, "eta_std": 16.8736, "eta_hours": 0.35851, "eta_hours_std": 0.00469, "loss": 0.59366, "loss_std": 0.00987, "lr": 0.001, "lr_std": 0.0, "params": 5321.0, "params_std": 0.0, "time_iter": 0.06636, "time_iter_std": 0.00346, "accuracy": 0.70774, "accuracy_std": 0.00747, "accuracy_max": 0.71583, "precision": 0.71131, "precision_std": 0.03431, "recall": 0.43349, "recall_std": 0.03455, "f1": 0.53692, "f1_std": 0.02102, "auc": 0.71444, "auc_std": 0.01857}
{"epoch": 3, "time_epoch": 9.24952, "time_epoch_std": 0.45651, "eta": 1179.98034, "eta_std": 14.81528, "eta_hours": 0.32778, "eta_hours_std": 0.00412, "loss": 0.58545, "loss_std": 0.00682, "lr": 0.001, "lr_std": 0.0, "params": 5321.0, "params_std": 0.0, "time_iter": 0.06654, "time_iter_std": 0.00328, "accuracy": 0.71493, "accuracy_std": 0.00642, "accuracy_max": 0.72482, "precision": 0.69629, "precision_std": 0.0267, "recall": 0.48853, "recall_std": 0.03316, "f1": 0.57276, "f1_std": 0.01674, "auc": 0.74031, "auc_std": 0.0148}
{"epoch": 4, "time_epoch": 8.98172, "time_epoch_std": 0.06464, "eta": 1104.80375, "eta_std": 12.8363, "eta_hours": 0.30689, "eta_hours_std": 0.00357, "loss": 0.57273, "loss_std": 0.00939, "lr": 0.001, "lr_std": 0.0, "params": 5321.0, "params_std": 0.0, "time_iter": 0.06462, "time_iter_std": 0.00046, "accuracy": 0.71538, "accuracy_std": 0.00295, "accuracy_max": 0.71763, "precision": 0.70252, "precision_std": 0.00844, "recall": 0.47592, "recall_std": 0.01817, "f1": 0.56712, "f1_std": 0.01117, "auc": 0.74226, "auc_std": 0.00531}
{"epoch": 5, "time_epoch": 8.87, "time_epoch_std": 0.11615, "eta": 1049.94187, "eta_std": 10.98534, "eta_hours": 0.29165, "eta_hours_std": 0.00305, "loss": 0.57905, "loss_std": 0.01067, "lr": 0.00099, "lr_std": 0.0, "params": 5321.0, "params_std": 0.0, "time_iter": 0.06382, "time_iter_std": 0.00084, "accuracy": 0.71672, "accuracy_std": 0.01871, "accuracy_max": 0.7446, "precision": 0.69771, "precision_std": 0.02433, "recall": 0.48853, "recall_std": 0.04925, "f1": 0.57367, "f1_std": 0.04046, "auc": 0.75086, "auc_std": 0.01166}
{"epoch": 6, "time_epoch": 8.87998, "time_epoch_std": 0.11161, "eta": 1008.35303, "eta_std": 8.9289, "eta_hours": 0.2801, "eta_hours_std": 0.00248, "loss": 0.57739, "loss_std": 0.01518, "lr": 0.00099, "lr_std": 0.0, "params": 5321.0, "params_std": 0.0, "time_iter": 0.06388, "time_iter_std": 0.0008, "accuracy": 0.71493, "accuracy_std": 0.01689, "accuracy_max": 0.73381, "precision": 0.68912, "precision_std": 0.04097, "recall": 0.50459, "recall_std": 0.04843, "f1": 0.58023, "f1_std": 0.03056, "auc": 0.75429, "auc_std": 0.00787}
{"epoch": 7, "time_epoch": 8.94675, "time_epoch_std": 0.10438, "eta": 975.70936, "eta_std": 8.54148, "eta_hours": 0.27103, "eta_hours_std": 0.00237, "loss": 0.57951, "loss_std": 0.0103, "lr": 0.00099, "lr_std": 0.0, "params": 5321.0, "params_std": 0.0, "time_iter": 0.06437, "time_iter_std": 0.00075, "accuracy": 0.72842, "accuracy_std": 0.00649, "accuracy_max": 0.73741, "precision": 0.70824, "precision_std": 0.01665, "recall": 0.52408, "recall_std": 0.02541, "f1": 0.60179, "f1_std": 0.01518, "auc": 0.74999, "auc_std": 0.01444}
{"epoch": 8, "time_epoch": 8.90855, "time_epoch_std": 0.0635, "eta": 947.94536, "eta_std": 7.77947, "eta_hours": 0.26332, "eta_hours_std": 0.00216, "loss": 0.5703, "loss_std": 0.01323, "lr": 0.00098, "lr_std": 0.0, "params": 5321.0, "params_std": 0.0, "time_iter": 0.06409, "time_iter_std": 0.00046, "accuracy": 0.73292, "accuracy_std": 0.00576, "accuracy_max": 0.73921, "precision": 0.70709, "precision_std": 0.00894, "recall": 0.54473, "recall_std": 0.02562, "f1": 0.61497, "f1_std": 0.01524, "auc": 0.75974, "auc_std": 0.00656}
{"epoch": 9, "time_epoch": 9.21744, "time_epoch_std": 0.80079, "eta": 926.73251, "eta_std": 13.2074, "eta_hours": 0.25743, "eta_hours_std": 0.00367, "loss": 0.57447, "loss_std": 0.00183, "lr": 0.00098, "lr_std": 0.0, "params": 5321.0, "params_std": 0.0, "time_iter": 0.06631, "time_iter_std": 0.00576, "accuracy": 0.72842, "accuracy_std": 0.00731, "accuracy_max": 0.74101, "precision": 0.71362, "precision_std": 0.00859, "recall": 0.51376, "recall_std": 0.03111, "f1": 0.59682, "f1_std": 0.02034, "auc": 0.76156, "auc_std": 0.00931}
{"epoch": 10, "time_epoch": 9.01682, "time_epoch_std": 0.29618, "eta": 906.07748, "eta_std": 14.05429, "eta_hours": 0.25169, "eta_hours_std": 0.0039, "loss": 0.56297, "loss_std": 0.00729, "lr": 0.00098, "lr_std": 0.0, "params": 5321.0, "params_std": 0.0, "time_iter": 0.06487, "time_iter_std": 0.00213, "accuracy": 0.73606, "accuracy_std": 0.0064, "accuracy_max": 0.7446, "precision": 0.72329, "precision_std": 0.00879, "recall": 0.52981, "recall_std": 0.028, "f1": 0.61109, "f1_std": 0.01825, "auc": 0.76398, "auc_std": 0.00999}
{"epoch": 11, "time_epoch": 9.14428, "time_epoch_std": 0.21638, "eta": 888.29684, "eta_std": 14.19796, "eta_hours": 0.24675, "eta_hours_std": 0.00394, "loss": 0.55681, "loss_std": 0.01718, "lr": 0.00097, "lr_std": 0.0, "params": 5321.0, "params_std": 0.0, "time_iter": 0.06579, "time_iter_std": 0.00156, "accuracy": 0.74775, "accuracy_std": 0.01168, "accuracy_max": 0.76619, "precision": 0.73317, "precision_std": 0.0141, "recall": 0.56078, "recall_std": 0.03408, "f1": 0.63495, "f1_std": 0.02449, "auc": 0.7725, "auc_std": 0.00592}
{"epoch": 12, "time_epoch": 9.03469, "time_epoch_std": 0.30164, "eta": 871.11146, "eta_std": 14.61582, "eta_hours": 0.24198, "eta_hours_std": 0.00406, "loss": 0.55908, "loss_std": 0.01997, "lr": 0.00096, "lr_std": 0.0, "params": 5321.0, "params_std": 0.0, "time_iter": 0.065, "time_iter_std": 0.00217, "accuracy": 0.74146, "accuracy_std": 0.0098, "accuracy_max": 0.75, "precision": 0.73434, "precision_std": 0.03494, "recall": 0.53899, "recall_std": 0.04593, "f1": 0.61944, "f1_std": 0.02475, "auc": 0.77198, "auc_std": 0.02339}
{"epoch": 13, "time_epoch": 9.05023, "time_epoch_std": 0.30165, "eta": 855.18592, "eta_std": 15.24316, "eta_hours": 0.23755, "eta_hours_std": 0.00424, "loss": 0.57065, "loss_std": 0.00858, "lr": 0.00096, "lr_std": 0.0, "params": 5321.0, "params_std": 0.0, "time_iter": 0.06511, "time_iter_std": 0.00217, "accuracy": 0.73022, "accuracy_std": 0.0089, "accuracy_max": 0.74101, "precision": 0.7107, "precision_std": 0.02173, "recall": 0.52752, "recall_std": 0.01919, "f1": 0.60516, "f1_std": 0.01314, "auc": 0.77022, "auc_std": 0.00972}
{"epoch": 14, "time_epoch": 9.04871, "time_epoch_std": 0.28499, "eta": 840.16848, "eta_std": 15.6371, "eta_hours": 0.23338, "eta_hours_std": 0.00434, "loss": 0.55314, "loss_std": 0.00894, "lr": 0.00095, "lr_std": 0.0, "params": 5321.0, "params_std": 0.0, "time_iter": 0.0651, "time_iter_std": 0.00205, "accuracy": 0.74146, "accuracy_std": 0.00988, "accuracy_max": 0.75719, "precision": 0.73052, "precision_std": 0.01089, "recall": 0.54014, "recall_std": 0.03857, "f1": 0.62021, "f1_std": 0.02497, "auc": 0.77392, "auc_std": 0.01093}
{"epoch": 15, "time_epoch": 8.96862, "time_epoch_std": 0.33753, "eta": 825.47662, "eta_std": 16.21342, "eta_hours": 0.2293, "eta_hours_std": 0.00451, "loss": 0.54297, "loss_std": 0.01409, "lr": 0.00095, "lr_std": 0.0, "params": 5321.0, "params_std": 0.0, "time_iter": 0.06452, "time_iter_std": 0.00243, "accuracy": 0.7518, "accuracy_std": 0.00661, "accuracy_max": 0.76259, "precision": 0.72802, "precision_std": 0.005, "recall": 0.58601, "recall_std": 0.02759, "f1": 0.64895, "f1_std": 0.01662, "auc": 0.78396, "auc_std": 0.02132}
{"epoch": 16, "time_epoch": 9.07959, "time_epoch_std": 0.27897, "eta": 811.99991, "eta_std": 16.4258, "eta_hours": 0.22556, "eta_hours_std": 0.00456, "loss": 0.55447, "loss_std": 0.01888, "lr": 0.00094, "lr_std": 0.0, "params": 5321.0, "params_std": 0.0, "time_iter": 0.06532, "time_iter_std": 0.00201, "accuracy": 0.74011, "accuracy_std": 0.00747, "accuracy_max": 0.7518, "precision": 0.72903, "precision_std": 0.01032, "recall": 0.5367, "recall_std": 0.02127, "f1": 0.61802, "f1_std": 0.01542, "auc": 0.77104, "auc_std": 0.01929}
{"epoch": 17, "time_epoch": 9.06089, "time_epoch_std": 0.27797, "eta": 798.92656, "eta_std": 16.58206, "eta_hours": 0.22192, "eta_hours_std": 0.00461, "loss": 0.56374, "loss_std": 0.02059, "lr": 0.00093, "lr_std": 0.0, "params": 5321.0, "params_std": 0.0, "time_iter": 0.06518, "time_iter_std": 0.002, "accuracy": 0.73966, "accuracy_std": 0.01595, "accuracy_max": 0.76079, "precision": 0.72703, "precision_std": 0.02552, "recall": 0.53784, "recall_std": 0.02562, "f1": 0.61818, "f1_std": 0.02519, "auc": 0.76459, "auc_std": 0.01754}
{"epoch": 18, "time_epoch": 8.95448, "time_epoch_std": 0.37229, "eta": 785.82193, "eta_std": 17.02144, "eta_hours": 0.21828, "eta_hours_std": 0.00473, "loss": 0.56215, "loss_std": 0.01295, "lr": 0.00092, "lr_std": 0.0, "params": 5321.0, "params_std": 0.0, "time_iter": 0.06442, "time_iter_std": 0.00268, "accuracy": 0.74281, "accuracy_std": 0.01033, "accuracy_max": 0.7518, "precision": 0.7289, "precision_std": 0.01931, "recall": 0.54817, "recall_std": 0.01469, "f1": 0.62564, "f1_std": 0.01467, "auc": 0.76731, "auc_std": 0.00974}
{"epoch": 19, "time_epoch": 9.01009, "time_epoch_std": 0.3723, "eta": 773.35478, "eta_std": 17.36939, "eta_hours": 0.21482, "eta_hours_std": 0.00482, "loss": 0.55897, "loss_std": 0.00888, "lr": 0.00091, "lr_std": 0.0, "params": 5321.0, "params_std": 0.0, "time_iter": 0.06482, "time_iter_std": 0.00268, "accuracy": 0.7473, "accuracy_std": 0.00819, "accuracy_max": 0.76079, "precision": 0.74361, "precision_std": 0.00562, "recall": 0.54243, "recall_std": 0.02623, "f1": 0.62698, "f1_std": 0.01864, "auc": 0.77675, "auc_std": 0.01634}
{"epoch": 20, "time_epoch": 9.05515, "time_epoch_std": 0.29571, "eta": 761.38638, "eta_std": 17.44351, "eta_hours": 0.2115, "eta_hours_std": 0.00485, "loss": 0.54854, "loss_std": 0.01074, "lr": 0.0009, "lr_std": 0.0, "params": 5321.0, "params_std": 0.0, "time_iter": 0.06515, "time_iter_std": 0.00212, "accuracy": 0.75495, "accuracy_std": 0.00885, "accuracy_max": 0.76619, "precision": 0.75186, "precision_std": 0.02868, "recall": 0.56422, "recall_std": 0.05035, "f1": 0.64229, "f1_std": 0.02748, "auc": 0.77938, "auc_std": 0.01219}
{"epoch": 21, "time_epoch": 8.98306, "time_epoch_std": 0.37658, "eta": 749.4272, "eta_std": 17.71943, "eta_hours": 0.20818, "eta_hours_std": 0.00492, "loss": 0.5625, "loss_std": 0.01865, "lr": 0.0009, "lr_std": 0.0, "params": 5321.0, "params_std": 0.0, "time_iter": 0.06463, "time_iter_std": 0.00271, "accuracy": 0.7437, "accuracy_std": 0.0106, "accuracy_max": 0.75899, "precision": 0.73287, "precision_std": 0.01351, "recall": 0.54472, "recall_std": 0.02478, "f1": 0.62475, "f1_std": 0.01985, "auc": 0.7747, "auc_std": 0.00668}
{"epoch": 22, "time_epoch": 8.94662, "time_epoch_std": 0.37342, "eta": 737.60486, "eta_std": 17.94281, "eta_hours": 0.20489, "eta_hours_std": 0.00498, "loss": 0.56566, "loss_std": 0.02222, "lr": 0.00089, "lr_std": 0.0, "params": 5321.0, "params_std": 0.0, "time_iter": 0.06436, "time_iter_std": 0.00269, "accuracy": 0.74506, "accuracy_std": 0.00746, "accuracy_max": 0.7554, "precision": 0.74007, "precision_std": 0.03064, "recall": 0.54243, "recall_std": 0.01956, "f1": 0.62517, "f1_std": 0.00643, "auc": 0.76915, "auc_std": 0.017}
{"epoch": 23, "time_epoch": 8.89207, "time_epoch_std": 0.40247, "eta": 725.84938, "eta_std": 18.16832, "eta_hours": 0.20163, "eta_hours_std": 0.00505, "loss": 0.55309, "loss_std": 0.01172, "lr": 0.00088, "lr_std": 0.0, "params": 5321.0, "params_std": 0.0, "time_iter": 0.06397, "time_iter_std": 0.0029, "accuracy": 0.74775, "accuracy_std": 0.00875, "accuracy_max": 0.76079, "precision": 0.73518, "precision_std": 0.02262, "recall": 0.56078, "recall_std": 0.04705, "f1": 0.63438, "f1_std": 0.02659, "auc": 0.78652, "auc_std": 0.0101}
{"epoch": 24, "time_epoch": 9.03721, "time_epoch_std": 0.32468, "eta": 714.75841, "eta_std": 18.1791, "eta_hours": 0.19854, "eta_hours_std": 0.00505, "loss": 0.55765, "loss_std": 0.02261, "lr": 0.00086, "lr_std": 0.0, "params": 5321.0, "params_std": 0.0, "time_iter": 0.06502, "time_iter_std": 0.00233, "accuracy": 0.74505, "accuracy_std": 0.00078, "accuracy_max": 0.7464, "precision": 0.72265, "precision_std": 0.00215, "recall": 0.56766, "recall_std": 0.005, "f1": 0.63583, "f1_std": 0.00257, "auc": 0.78311, "auc_std": 0.01223}
{"epoch": 25, "time_epoch": 8.90444, "time_epoch_std": 0.3915, "eta": 703.44754, "eta_std": 18.30761, "eta_hours": 0.1954, "eta_hours_std": 0.00508, "loss": 0.5542, "loss_std": 0.02515, "lr": 0.00085, "lr_std": 0.0, "params": 5321.0, "params_std": 0.0, "time_iter": 0.06406, "time_iter_std": 0.00281, "accuracy": 0.74595, "accuracy_std": 0.00884, "accuracy_max": 0.75719, "precision": 0.73495, "precision_std": 0.00566, "recall": 0.55046, "recall_std": 0.02937, "f1": 0.62908, "f1_std": 0.02057, "auc": 0.77794, "auc_std": 0.01811}
{"epoch": 26, "time_epoch": 10.19268, "time_epoch_std": 1.8599, "eta": 695.79795, "eta_std": 15.42601, "eta_hours": 0.19328, "eta_hours_std": 0.00428, "loss": 0.55342, "loss_std": 0.01116, "lr": 0.00084, "lr_std": 0.0, "params": 5321.0, "params_std": 0.0, "time_iter": 0.07333, "time_iter_std": 0.01338, "accuracy": 0.74865, "accuracy_std": 0.01133, "accuracy_max": 0.76799, "precision": 0.73947, "precision_std": 0.0114, "recall": 0.5539, "recall_std": 0.031, "f1": 0.63301, "f1_std": 0.02275, "auc": 0.7821, "auc_std": 0.01456}
{"epoch": 27, "time_epoch": 9.09572, "time_epoch_std": 0.25082, "eta": 685.14595, "eta_std": 15.31427, "eta_hours": 0.19032, "eta_hours_std": 0.00425, "loss": 0.54683, "loss_std": 0.02006, "lr": 0.00083, "lr_std": 0.0, "params": 5321.0, "params_std": 0.0, "time_iter": 0.06543, "time_iter_std": 0.0018, "accuracy": 0.7491, "accuracy_std": 0.01169, "accuracy_max": 0.76439, "precision": 0.75356, "precision_std": 0.03261, "recall": 0.53784, "recall_std": 0.0252, "f1": 0.62684, "f1_std": 0.01694, "auc": 0.76966, "auc_std": 0.03058}
{"epoch": 28, "time_epoch": 8.95946, "time_epoch_std": 0.40724, "eta": 674.26769, "eta_std": 15.45691, "eta_hours": 0.1873, "eta_hours_std": 0.00429, "loss": 0.54374, "loss_std": 0.01406, "lr": 0.00082, "lr_std": 0.0, "params": 5321.0, "params_std": 0.0, "time_iter": 0.06446, "time_iter_std": 0.00293, "accuracy": 0.75315, "accuracy_std": 0.00735, "accuracy_max": 0.76079, "precision": 0.7417, "precision_std": 0.02157, "recall": 0.56996, "recall_std": 0.02279, "f1": 0.64402, "f1_std": 0.01249, "auc": 0.79576, "auc_std": 0.01995}
{"epoch": 29, "time_epoch": 8.98477, "time_epoch_std": 0.41046, "eta": 663.5764, "eta_std": 15.53701, "eta_hours": 0.18433, "eta_hours_std": 0.00431, "loss": 0.55149, "loss_std": 0.00964, "lr": 0.00081, "lr_std": 0.0, "params": 5321.0, "params_std": 0.0, "time_iter": 0.06464, "time_iter_std": 0.00295, "accuracy": 0.7536, "accuracy_std": 0.01049, "accuracy_max": 0.76079, "precision": 0.73741, "precision_std": 0.01429, "recall": 0.57683, "recall_std": 0.02161, "f1": 0.6472, "f1_std": 0.01809, "auc": 0.79028, "auc_std": 0.01416}
{"epoch": 30, "time_epoch": 8.93808, "time_epoch_std": 0.40507, "eta": 652.89128, "eta_std": 15.62412, "eta_hours": 0.18136, "eta_hours_std": 0.00434, "loss": 0.55312, "loss_std": 0.01889, "lr": 0.00079, "lr_std": 0.0, "params": 5321.0, "params_std": 0.0, "time_iter": 0.0643, "time_iter_std": 0.00292, "accuracy": 0.74865, "accuracy_std": 0.00234, "accuracy_max": 0.7518, "precision": 0.72937, "precision_std": 0.00612, "recall": 0.5711, "recall_std": 0.01849, "f1": 0.64035, "f1_std": 0.00948, "auc": 0.79026, "auc_std": 0.01422}
{"epoch": 31, "time_epoch": 9.01359, "time_epoch_std": 0.32805, "eta": 642.47581, "eta_std": 15.56781, "eta_hours": 0.17846, "eta_hours_std": 0.00433, "loss": 0.54987, "loss_std": 0.01812, "lr": 0.00078, "lr_std": 0.0, "params": 5321.0, "params_std": 0.0, "time_iter": 0.06484, "time_iter_std": 0.00236, "accuracy": 0.75045, "accuracy_std": 0.00972, "accuracy_max": 0.76259, "precision": 0.7408, "precision_std": 0.00643, "recall": 0.55963, "recall_std": 0.04128, "f1": 0.63661, "f1_std": 0.02668, "auc": 0.78872, "auc_std": 0.02487}
{"epoch": 32, "time_epoch": 9.36809, "time_epoch_std": 0.43868, "eta": 632.86505, "eta_std": 14.93913, "eta_hours": 0.1758, "eta_hours_std": 0.00415, "loss": 0.54151, "loss_std": 0.00366, "lr": 0.00077, "lr_std": 0.0, "params": 5321.0, "params_std": 0.0, "time_iter": 0.0674, "time_iter_std": 0.00316, "accuracy": 0.75449, "accuracy_std": 0.0109, "accuracy_max": 0.76978, "precision": 0.7302, "precision_std": 0.01256, "recall": 0.59289, "recall_std": 0.0298, "f1": 0.65407, "f1_std": 0.02097, "auc": 0.79285, "auc_std": 0.0104}
{"epoch": 33, "time_epoch": 9.11179, "time_epoch_std": 0.32865, "eta": 622.77102, "eta_std": 14.66852, "eta_hours": 0.17299, "eta_hours_std": 0.00407, "loss": 0.54727, "loss_std": 0.02408, "lr": 0.00075, "lr_std": 0.0, "params": 5321.0, "params_std": 0.0, "time_iter": 0.06555, "time_iter_std": 0.00237, "accuracy": 0.74686, "accuracy_std": 0.00778, "accuracy_max": 0.7554, "precision": 0.72936, "precision_std": 0.0178, "recall": 0.56422, "recall_std": 0.01451, "f1": 0.63603, "f1_std": 0.01082, "auc": 0.79464, "auc_std": 0.0173}
{"epoch": 34, "time_epoch": 9.09254, "time_epoch_std": 0.2514, "eta": 612.69739, "eta_std": 14.49329, "eta_hours": 0.1702, "eta_hours_std": 0.00403, "loss": 0.54629, "loss_std": 0.02597, "lr": 0.00074, "lr_std": 0.0, "params": 5321.0, "params_std": 0.0, "time_iter": 0.06542, "time_iter_std": 0.00181, "accuracy": 0.7572, "accuracy_std": 0.01145, "accuracy_max": 0.76799, "precision": 0.7489, "precision_std": 0.0225, "recall": 0.5734, "recall_std": 0.0117, "f1": 0.64942, "f1_std": 0.01458, "auc": 0.80137, "auc_std": 0.021}
{"epoch": 35, "time_epoch": 9.12679, "time_epoch_std": 0.21953, "eta": 602.73915, "eta_std": 14.25073, "eta_hours": 0.16743, "eta_hours_std": 0.00396, "loss": 0.54083, "loss_std": 0.01234, "lr": 0.00073, "lr_std": 0.0, "params": 5321.0, "params_std": 0.0, "time_iter": 0.06566, "time_iter_std": 0.00158, "accuracy": 0.75404, "accuracy_std": 0.00482, "accuracy_max": 0.75899, "precision": 0.74267, "precision_std": 0.0113, "recall": 0.5711, "recall_std": 0.02544, "f1": 0.6452, "f1_std": 0.01341, "auc": 0.79137, "auc_std": 0.018}
{"epoch": 36, "time_epoch": 8.90126, "time_epoch_std": 0.38285, "eta": 592.44184, "eta_std": 14.26143, "eta_hours": 0.16456, "eta_hours_std": 0.00396, "loss": 0.53623, "loss_std": 0.01005, "lr": 0.00071, "lr_std": 0.0, "params": 5321.0, "params_std": 0.0, "time_iter": 0.06404, "time_iter_std": 0.00275, "accuracy": 0.75405, "accuracy_std": 0.0053, "accuracy_max": 0.76259, "precision": 0.72798, "precision_std": 0.0063, "recall": 0.59519, "recall_std": 0.01902, "f1": 0.65473, "f1_std": 0.01165, "auc": 0.80488, "auc_std": 0.01298}
{"epoch": 37, "time_epoch": 9.07196, "time_epoch_std": 0.24726, "eta": 582.49651, "eta_std": 14.06912, "eta_hours": 0.1618, "eta_hours_std": 0.00391, "loss": 0.53818, "loss_std": 0.01284, "lr": 0.0007, "lr_std": 0.0, "params": 5321.0, "params_std": 0.0, "time_iter": 0.06527, "time_iter_std": 0.00178, "accuracy": 0.7563, "accuracy_std": 0.01021, "accuracy_max": 0.76799, "precision": 0.74034, "precision_std": 0.01123, "recall": 0.58257, "recall_std": 0.02513, "f1": 0.65186, "f1_std": 0.01916, "auc": 0.80217, "auc_std": 0.01392}
{"epoch": 38, "time_epoch": 8.99329, "time_epoch_std": 0.36706, "eta": 572.47293, "eta_std": 13.97639, "eta_hours": 0.15902, "eta_hours_std": 0.00388, "loss": 0.54308, "loss_std": 0.02246, "lr": 0.00068, "lr_std": 0.0, "params": 5321.0, "params_std": 0.0, "time_iter": 0.0647, "time_iter_std": 0.00264, "accuracy": 0.76439, "accuracy_std": 0.00493, "accuracy_max": 0.77158, "precision": 0.75176, "precision_std": 0.01692, "recall": 0.59748, "recall_std": 0.0289, "f1": 0.66504, "f1_std": 0.01356, "auc": 0.79452, "auc_std": 0.01764}
{"epoch": 39, "time_epoch": 8.96038, "time_epoch_std": 0.37596, "eta": 562.45149, "eta_std": 13.91189, "eta_hours": 0.15624, "eta_hours_std": 0.00386, "loss": 0.53885, "loss_std": 0.01673, "lr": 0.00067, "lr_std": 0.0, "params": 5321.0, "params_std": 0.0, "time_iter": 0.06446, "time_iter_std": 0.00271, "accuracy": 0.76394, "accuracy_std": 0.00368, "accuracy_max": 0.76978, "precision": 0.75108, "precision_std": 0.01685, "recall": 0.59633, "recall_std": 0.01298, "f1": 0.66451, "f1_std": 0.00251, "auc": 0.80576, "auc_std": 0.01519}
{"epoch": 40, "time_epoch": 8.9802, "time_epoch_std": 0.37574, "eta": 552.51033, "eta_std": 13.82378, "eta_hours": 0.15347, "eta_hours_std": 0.00384, "loss": 0.53256, "loss_std": 0.01845, "lr": 0.00065, "lr_std": 0.0, "params": 5321.0, "params_std": 0.0, "time_iter": 0.0646, "time_iter_std": 0.0027, "accuracy": 0.75764, "accuracy_std": 0.01154, "accuracy_max": 0.77518, "precision": 0.74008, "precision_std": 0.02614, "recall": 0.5906, "recall_std": 0.02926, "f1": 0.65622, "f1_std": 0.01849, "auc": 0.80527, "auc_std": 0.01796}
{"epoch": 41, "time_epoch": 8.98822, "time_epoch_std": 0.37875, "eta": 542.62601, "eta_std": 13.7168, "eta_hours": 0.15073, "eta_hours_std": 0.00381, "loss": 0.53893, "loss_std": 0.01661, "lr": 0.00064, "lr_std": 0.0, "params": 5321.0, "params_std": 0.0, "time_iter": 0.06466, "time_iter_std": 0.00272, "accuracy": 0.76034, "accuracy_std": 0.01012, "accuracy_max": 0.77698, "precision": 0.74847, "precision_std": 0.01343, "recall": 0.58601, "recall_std": 0.03345, "f1": 0.65675, "f1_std": 0.0214, "auc": 0.80394, "auc_std": 0.02357}
{"epoch": 42, "time_epoch": 8.97541, "time_epoch_std": 0.36893, "eta": 532.76638, "eta_std": 13.60787, "eta_hours": 0.14799, "eta_hours_std": 0.00378, "loss": 0.54315, "loss_std": 0.01971, "lr": 0.00062, "lr_std": 0.0, "params": 5321.0, "params_std": 0.0, "time_iter": 0.06457, "time_iter_std": 0.00265, "accuracy": 0.76214, "accuracy_std": 0.00515, "accuracy_max": 0.76619, "precision": 0.74801, "precision_std": 0.02845, "recall": 0.59748, "recall_std": 0.03573, "f1": 0.66281, "f1_std": 0.0125, "auc": 0.79901, "auc_std": 0.02493}
{"epoch": 43, "time_epoch": 8.98724, "time_epoch_std": 0.41121, "eta": 522.962, "eta_std": 13.5469, "eta_hours": 0.14526, "eta_hours_std": 0.00376, "loss": 0.54057, "loss_std": 0.01913, "lr": 0.00061, "lr_std": 0.0, "params": 5321.0, "params_std": 0.0, "time_iter": 0.06466, "time_iter_std": 0.00296, "accuracy": 0.75314, "accuracy_std": 0.0056, "accuracy_max": 0.75899, "precision": 0.72912, "precision_std": 0.01397, "recall": 0.5906, "recall_std": 0.02853, "f1": 0.65196, "f1_std": 0.01438, "auc": 0.8042, "auc_std": 0.02045}
{"epoch": 44, "time_epoch": 8.95245, "time_epoch_std": 0.41042, "eta": 513.15143, "eta_std": 13.47981, "eta_hours": 0.14254, "eta_hours_std": 0.00374, "loss": 0.52731, "loss_std": 0.01637, "lr": 0.00059, "lr_std": 0.0, "params": 5321.0, "params_std": 0.0, "time_iter": 0.0644, "time_iter_std": 0.00295, "accuracy": 0.76124, "accuracy_std": 0.01215, "accuracy_max": 0.77158, "precision": 0.7494, "precision_std": 0.005, "recall": 0.58716, "recall_std": 0.04064, "f1": 0.65774, "f1_std": 0.02779, "auc": 0.80666, "auc_std": 0.01674}
{"epoch": 45, "time_epoch": 9.10653, "time_epoch_std": 0.23065, "eta": 503.55904, "eta_std": 13.20954, "eta_hours": 0.13988, "eta_hours_std": 0.00367, "loss": 0.53809, "loss_std": 0.02265, "lr": 0.00058, "lr_std": 0.0, "params": 5321.0, "params_std": 0.0, "time_iter": 0.06551, "time_iter_std": 0.00166, "accuracy": 0.75585, "accuracy_std": 0.00778, "accuracy_max": 0.76799, "precision": 0.73372, "precision_std": 0.01103, "recall": 0.59404, "recall_std": 0.04946, "f1": 0.65499, "f1_std": 0.02559, "auc": 0.80907, "auc_std": 0.01226}
{"epoch": 46, "time_epoch": 9.11898, "time_epoch_std": 0.22508, "eta": 494.00136, "eta_std": 12.93754, "eta_hours": 0.13722, "eta_hours_std": 0.00359, "loss": 0.54258, "loss_std": 0.0163, "lr": 0.00056, "lr_std": 0.0, "params": 5321.0, "params_std": 0.0, "time_iter": 0.0656, "time_iter_std": 0.00162, "accuracy": 0.77068, "accuracy_std": 0.00848, "accuracy_max": 0.78417, "precision": 0.77102, "precision_std": 0.01226, "recall": 0.59174, "recall_std": 0.04266, "f1": 0.66841, "f1_std": 0.02354, "auc": 0.80146, "auc_std": 0.01958}
{"epoch": 47, "time_epoch": 9.05064, "time_epoch_std": 0.29186, "eta": 484.38792, "eta_std": 12.73713, "eta_hours": 0.13455, "eta_hours_std": 0.00354, "loss": 0.52964, "loss_std": 0.01248, "lr": 0.00055, "lr_std": 0.0, "params": 5321.0, "params_std": 0.0, "time_iter": 0.06511, "time_iter_std": 0.0021, "accuracy": 0.76214, "accuracy_std": 0.01044, "accuracy_max": 0.77878, "precision": 0.7415, "precision_std": 0.01733, "recall": 0.60436, "recall_std": 0.02392, "f1": 0.66565, "f1_std": 0.01728, "auc": 0.81123, "auc_std": 0.01526}
{"epoch": 48, "time_epoch": 8.92762, "time_epoch_std": 0.375, "eta": 474.66942, "eta_std": 12.60545, "eta_hours": 0.13185, "eta_hours_std": 0.0035, "loss": 0.53949, "loss_std": 0.01291, "lr": 0.00053, "lr_std": 0.0, "params": 5321.0, "params_std": 0.0, "time_iter": 0.06423, "time_iter_std": 0.0027, "accuracy": 0.74865, "accuracy_std": 0.00963, "accuracy_max": 0.76439, "precision": 0.71111, "precision_std": 0.01891, "recall": 0.6055, "recall_std": 0.0145, "f1": 0.65388, "f1_std": 0.01198, "auc": 0.80666, "auc_std": 0.02143}
{"epoch": 49, "time_epoch": 9.04875, "time_epoch_std": 0.26521, "eta": 465.10369, "eta_std": 12.37604, "eta_hours": 0.1292, "eta_hours_std": 0.00344, "loss": 0.52774, "loss_std": 0.01813, "lr": 0.00052, "lr_std": 0.0, "params": 5321.0, "params_std": 0.0, "time_iter": 0.0651, "time_iter_std": 0.00191, "accuracy": 0.76394, "accuracy_std": 0.00588, "accuracy_max": 0.77338, "precision": 0.74958, "precision_std": 0.01587, "recall": 0.59862, "recall_std": 0.02164, "f1": 0.66522, "f1_std": 0.01137, "auc": 0.80733, "auc_std": 0.02501}
{"epoch": 50, "time_epoch": 9.05849, "time_epoch_std": 0.27037, "eta": 455.56758, "eta_std": 12.1503, "eta_hours": 0.12654, "eta_hours_std": 0.00338, "loss": 0.52397, "loss_std": 0.01385, "lr": 0.0005, "lr_std": 0.0, "params": 5321.0, "params_std": 0.0, "time_iter": 0.06517, "time_iter_std": 0.00195, "accuracy": 0.76619, "accuracy_std": 0.00336, "accuracy_max": 0.77158, "precision": 0.74516, "precision_std": 0.01884, "recall": 0.61583, "recall_std": 0.0325, "f1": 0.67336, "f1_std": 0.01287, "auc": 0.81361, "auc_std": 0.01752}
{"epoch": 51, "time_epoch": 9.06374, "time_epoch_std": 0.27696, "eta": 446.0547, "eta_std": 11.92774, "eta_hours": 0.1239, "eta_hours_std": 0.00332, "loss": 0.52524, "loss_std": 0.01593, "lr": 0.00048, "lr_std": 0.0, "params": 5321.0, "params_std": 0.0, "time_iter": 0.06521, "time_iter_std": 0.00199, "accuracy": 0.76529, "accuracy_std": 0.00895, "accuracy_max": 0.77698, "precision": 0.73888, "precision_std": 0.01683, "recall": 0.62156, "recall_std": 0.0235, "f1": 0.6748, "f1_std": 0.01469, "auc": 0.82169, "auc_std": 0.01601}
{"epoch": 52, "time_epoch": 9.07298, "time_epoch_std": 0.26126, "eta": 436.56694, "eta_std": 11.68997, "eta_hours": 0.12127, "eta_hours_std": 0.00325, "loss": 0.5361, "loss_std": 0.01236, "lr": 0.00047, "lr_std": 0.0, "params": 5321.0, "params_std": 0.0, "time_iter": 0.06527, "time_iter_std": 0.00188, "accuracy": 0.77113, "accuracy_std": 0.00345, "accuracy_max": 0.77698, "precision": 0.7458, "precision_std": 0.01777, "recall": 0.63303, "recall_std": 0.01686, "f1": 0.68437, "f1_std": 0.00345, "auc": 0.81477, "auc_std": 0.01456}
{"epoch": 53, "time_epoch": 9.09432, "time_epoch_std": 0.24803, "eta": 427.11274, "eta_std": 11.43876, "eta_hours": 0.11864, "eta_hours_std": 0.00318, "loss": 0.52966, "loss_std": 0.00963, "lr": 0.00045, "lr_std": 0.0, "params": 5321.0, "params_std": 0.0, "time_iter": 0.06542, "time_iter_std": 0.00179, "accuracy": 0.76214, "accuracy_std": 0.00615, "accuracy_max": 0.76799, "precision": 0.72768, "precision_std": 0.00298, "recall": 0.62844, "recall_std": 0.01946, "f1": 0.6743, "f1_std": 0.01253, "auc": 0.81827, "auc_std": 0.01369}
{"epoch": 54, "time_epoch": 8.97785, "time_epoch_std": 0.38158, "eta": 417.57633, "eta_std": 11.26955, "eta_hours": 0.11599, "eta_hours_std": 0.00313, "loss": 0.52887, "loss_std": 0.01495, "lr": 0.00044, "lr_std": 0.0, "params": 5321.0, "params_std": 0.0, "time_iter": 0.06459, "time_iter_std": 0.00275, "accuracy": 0.75989, "accuracy_std": 0.01029, "accuracy_max": 0.77338, "precision": 0.75406, "precision_std": 0.01569, "recall": 0.57798, "recall_std": 0.05919, "f1": 0.65195, "f1_std": 0.0335, "auc": 0.81039, "auc_std": 0.02107}
{"epoch": 55, "time_epoch": 9.08082, "time_epoch_std": 0.23749, "eta": 408.14077, "eta_std": 11.0038, "eta_hours": 0.11337, "eta_hours_std": 0.00306, "loss": 0.52627, "loss_std": 0.02533, "lr": 0.00042, "lr_std": 0.0, "params": 5321.0, "params_std": 0.0, "time_iter": 0.06533, "time_iter_std": 0.00171, "accuracy": 0.76439, "accuracy_std": 0.00493, "accuracy_max": 0.76978, "precision": 0.74468, "precision_std": 0.01429, "recall": 0.60895, "recall_std": 0.03438, "f1": 0.66908, "f1_std": 0.01689, "auc": 0.81354, "auc_std": 0.0253}
{"epoch": 56, "time_epoch": 9.09555, "time_epoch_std": 0.24214, "eta": 398.72877, "eta_std": 10.7443, "eta_hours": 0.11076, "eta_hours_std": 0.00298, "loss": 0.52635, "loss_std": 0.01467, "lr": 0.00041, "lr_std": 0.0, "params": 5321.0, "params_std": 0.0, "time_iter": 0.06543, "time_iter_std": 0.00174, "accuracy": 0.76259, "accuracy_std": 0.01309, "accuracy_max": 0.78237, "precision": 0.73599, "precision_std": 0.01071, "recall": 0.61468, "recall_std": 0.03712, "f1": 0.66944, "f1_std": 0.02539, "auc": 0.81395, "auc_std": 0.0226}
{"epoch": 57, "time_epoch": 8.94906, "time_epoch_std": 0.39394, "eta": 389.2216, "eta_std": 10.57395, "eta_hours": 0.10812, "eta_hours_std": 0.00294, "loss": 0.52362, "loss_std": 0.01259, "lr": 0.00039, "lr_std": 0.0, "params": 5321.0, "params_std": 0.0, "time_iter": 0.06438, "time_iter_std": 0.00283, "accuracy": 0.76034, "accuracy_std": 0.00778, "accuracy_max": 0.76799, "precision": 0.74071, "precision_std": 0.02091, "recall": 0.59977, "recall_std": 0.02414, "f1": 0.66226, "f1_std": 0.01289, "auc": 0.81736, "auc_std": 0.01608}
{"epoch": 58, "time_epoch": 9.06788, "time_epoch_std": 0.25887, "eta": 379.81593, "eta_std": 10.32712, "eta_hours": 0.1055, "eta_hours_std": 0.00287, "loss": 0.52017, "loss_std": 0.01187, "lr": 0.00038, "lr_std": 0.0, "params": 5321.0, "params_std": 0.0, "time_iter": 0.06524, "time_iter_std": 0.00186, "accuracy": 0.76844, "accuracy_std": 0.01229, "accuracy_max": 0.78777, "precision": 0.76057, "precision_std": 0.02599, "recall": 0.60092, "recall_std": 0.05139, "f1": 0.66939, "f1_std": 0.02826, "auc": 0.81857, "auc_std": 0.01959}
{"epoch": 59, "time_epoch": 8.94836, "time_epoch_std": 0.39202, "eta": 370.34183, "eta_std": 10.15358, "eta_hours": 0.10287, "eta_hours_std": 0.00282, "loss": 0.53906, "loss_std": 0.0226, "lr": 0.00036, "lr_std": 0.0, "params": 5321.0, "params_std": 0.0, "time_iter": 0.06438, "time_iter_std": 0.00282, "accuracy": 0.76124, "accuracy_std": 0.00602, "accuracy_max": 0.76799, "precision": 0.74377, "precision_std": 0.00867, "recall": 0.59748, "recall_std": 0.03484, "f1": 0.66187, "f1_std": 0.01847, "auc": 0.81098, "auc_std": 0.02734}
{"epoch": 60, "time_epoch": 8.99951, "time_epoch_std": 0.29778, "eta": 360.91767, "eta_std": 9.91685, "eta_hours": 0.10025, "eta_hours_std": 0.00275, "loss": 0.5324, "loss_std": 0.02154, "lr": 0.00035, "lr_std": 0.0, "params": 5321.0, "params_std": 0.0, "time_iter": 0.06474, "time_iter_std": 0.00214, "accuracy": 0.76394, "accuracy_std": 0.00515, "accuracy_max": 0.77158, "precision": 0.74141, "precision_std": 0.03075, "recall": 0.61583, "recall_std": 0.031, "f1": 0.6714, "f1_std": 0.00648, "auc": 0.81233, "auc_std": 0.0152}
{"epoch": 61, "time_epoch": 9.02996, "time_epoch_std": 0.29296, "eta": 351.52588, "eta_std": 9.68505, "eta_hours": 0.09765, "eta_hours_std": 0.00269, "loss": 0.53774, "loss_std": 0.01558, "lr": 0.00033, "lr_std": 0.0, "params": 5321.0, "params_std": 0.0, "time_iter": 0.06497, "time_iter_std": 0.00211, "accuracy": 0.75944, "accuracy_std": 0.01216, "accuracy_max": 0.77698, "precision": 0.73244, "precision_std": 0.02314, "recall": 0.61009, "recall_std": 0.02127, "f1": 0.66536, "f1_std": 0.01665, "auc": 0.81284, "auc_std": 0.0198}
{"epoch": 62, "time_epoch": 8.94038, "time_epoch_std": 0.39067, "eta": 342.09296, "eta_std": 9.49715, "eta_hours": 0.09503, "eta_hours_std": 0.00264, "loss": 0.52735, "loss_std": 0.01308, "lr": 0.00032, "lr_std": 0.0, "params": 5321.0, "params_std": 0.0, "time_iter": 0.06432, "time_iter_std": 0.00281, "accuracy": 0.77158, "accuracy_std": 0.00459, "accuracy_max": 0.77698, "precision": 0.7553, "precision_std": 0.01923, "recall": 0.61927, "recall_std": 0.02449, "f1": 0.6799, "f1_std": 0.00935, "auc": 0.81527, "auc_std": 0.02062}
{"epoch": 63, "time_epoch": 9.03892, "time_epoch_std": 0.27928, "eta": 332.73086, "eta_std": 9.2524, "eta_hours": 0.09242, "eta_hours_std": 0.00257, "loss": 0.51417, "loss_std": 0.0107, "lr": 0.0003, "lr_std": 0.0, "params": 5321.0, "params_std": 0.0, "time_iter": 0.06503, "time_iter_std": 0.00201, "accuracy": 0.76888, "accuracy_std": 0.0081, "accuracy_max": 0.77878, "precision": 0.7571, "precision_std": 0.03641, "recall": 0.61009, "recall_std": 0.03386, "f1": 0.67398, "f1_std": 0.01, "auc": 0.82166, "auc_std": 0.01799}
{"epoch": 64, "time_epoch": 8.9576, "time_epoch_std": 0.37909, "eta": 323.33491, "eta_std": 9.0507, "eta_hours": 0.08982, "eta_hours_std": 0.00251, "loss": 0.52154, "loss_std": 0.02176, "lr": 0.00029, "lr_std": 0.0, "params": 5321.0, "params_std": 0.0, "time_iter": 0.06444, "time_iter_std": 0.00273, "accuracy": 0.76978, "accuracy_std": 0.00917, "accuracy_max": 0.78058, "precision": 0.74675, "precision_std": 0.0107, "recall": 0.625, "recall_std": 0.03201, "f1": 0.67999, "f1_std": 0.01901, "auc": 0.81974, "auc_std": 0.02245}
{"epoch": 65, "time_epoch": 8.99868, "time_epoch_std": 0.32842, "eta": 313.97341, "eta_std": 8.82325, "eta_hours": 0.08721, "eta_hours_std": 0.00245, "loss": 0.51522, "loss_std": 0.01104, "lr": 0.00027, "lr_std": 0.0, "params": 5321.0, "params_std": 0.0, "time_iter": 0.06474, "time_iter_std": 0.00236, "accuracy": 0.77563, "accuracy_std": 0.0041, "accuracy_max": 0.78237, "precision": 0.75497, "precision_std": 0.01328, "recall": 0.63417, "recall_std": 0.01929, "f1": 0.68897, "f1_std": 0.00851, "auc": 0.82536, "auc_std": 0.01634}
{"epoch": 66, "time_epoch": 9.35146, "time_epoch_std": 0.64525, "eta": 304.7965, "eta_std": 8.55193, "eta_hours": 0.08466, "eta_hours_std": 0.00237, "loss": 0.53897, "loss_std": 0.0167, "lr": 0.00026, "lr_std": 0.0, "params": 5321.0, "params_std": 0.0, "time_iter": 0.06728, "time_iter_std": 0.00464, "accuracy": 0.77428, "accuracy_std": 0.01176, "accuracy_max": 0.78597, "precision": 0.76183, "precision_std": 0.03006, "recall": 0.62041, "recall_std": 0.03314, "f1": 0.68279, "f1_std": 0.01809, "auc": 0.8124, "auc_std": 0.01729}
{"epoch": 67, "time_epoch": 9.12039, "time_epoch_std": 0.47372, "eta": 295.50572, "eta_std": 8.33448, "eta_hours": 0.08208, "eta_hours_std": 0.00231, "loss": 0.52528, "loss_std": 0.00945, "lr": 0.00025, "lr_std": 0.0, "params": 5321.0, "params_std": 0.0, "time_iter": 0.06561, "time_iter_std": 0.00341, "accuracy": 0.77608, "accuracy_std": 0.00725, "accuracy_max": 0.78597, "precision": 0.75229, "precision_std": 0.0269, "recall": 0.6422, "recall_std": 0.01863, "f1": 0.69221, "f1_std": 0.00476, "auc": 0.81964, "auc_std": 0.01336}
{"epoch": 68, "time_epoch": 9.01866, "time_epoch_std": 0.40301, "eta": 286.17417, "eta_std": 8.11874, "eta_hours": 0.07949, "eta_hours_std": 0.00226, "loss": 0.52478, "loss_std": 0.01246, "lr": 0.00023, "lr_std": 0.0, "params": 5321.0, "params_std": 0.0, "time_iter": 0.06488, "time_iter_std": 0.0029, "accuracy": 0.76034, "accuracy_std": 0.00894, "accuracy_max": 0.76978, "precision": 0.73284, "precision_std": 0.02166, "recall": 0.61468, "recall_std": 0.0434, "f1": 0.66717, "f1_std": 0.02149, "auc": 0.81776, "auc_std": 0.01856}
{"epoch": 69, "time_epoch": 9.75886, "time_epoch_std": 0.69609, "eta": 277.16879, "eta_std": 7.73267, "eta_hours": 0.07699, "eta_hours_std": 0.00215, "loss": 0.51913, "loss_std": 0.01605, "lr": 0.00022, "lr_std": 0.0, "params": 5321.0, "params_std": 0.0, "time_iter": 0.07021, "time_iter_std": 0.00501, "accuracy": 0.77248, "accuracy_std": 0.00848, "accuracy_max": 0.78237, "precision": 0.74865, "precision_std": 0.00812, "recall": 0.63188, "recall_std": 0.02662, "f1": 0.68504, "f1_std": 0.01705, "auc": 0.8227, "auc_std": 0.01386}
{"epoch": 70, "time_epoch": 9.7704, "time_epoch_std": 0.70822, "eta": 268.1469, "eta_std": 7.36672, "eta_hours": 0.07449, "eta_hours_std": 0.00205, "loss": 0.51443, "loss_std": 0.00759, "lr": 0.00021, "lr_std": 0.0, "params": 5321.0, "params_std": 0.0, "time_iter": 0.07029, "time_iter_std": 0.00509, "accuracy": 0.75989, "accuracy_std": 0.00747, "accuracy_max": 0.76799, "precision": 0.7412, "precision_std": 0.02524, "recall": 0.59862, "recall_std": 0.02704, "f1": 0.66139, "f1_std": 0.01105, "auc": 0.82379, "auc_std": 0.00976}
{"epoch": 71, "time_epoch": 9.82536, "time_epoch_std": 0.64534, "eta": 259.12559, "eta_std": 7.02034, "eta_hours": 0.07198, "eta_hours_std": 0.00195, "loss": 0.50771, "loss_std": 0.00596, "lr": 0.00019, "lr_std": 0.0, "params": 5321.0, "params_std": 0.0, "time_iter": 0.07069, "time_iter_std": 0.00464, "accuracy": 0.77293, "accuracy_std": 0.00321, "accuracy_max": 0.77698, "precision": 0.75536, "precision_std": 0.0211, "recall": 0.625, "recall_std": 0.02979, "f1": 0.68308, "f1_std": 0.00971, "auc": 0.82772, "auc_std": 0.00786}
{"epoch": 72, "time_epoch": 10.45618, "time_epoch_std": 1.86746, "eta": 250.31556, "eta_std": 6.72769, "eta_hours": 0.06953, "eta_hours_std": 0.00187, "loss": 0.52244, "loss_std": 0.02617, "lr": 0.00018, "lr_std": 0.0, "params": 5321.0, "params_std": 0.0, "time_iter": 0.07522, "time_iter_std": 0.01343, "accuracy": 0.77203, "accuracy_std": 0.00678, "accuracy_max": 0.77878, "precision": 0.75479, "precision_std": 0.00566, "recall": 0.62041, "recall_std": 0.03134, "f1": 0.68049, "f1_std": 0.0177, "auc": 0.82019, "auc_std": 0.02583}
{"epoch": 73, "time_epoch": 9.25959, "time_epoch_std": 0.38204, "eta": 241.04063, "eta_std": 6.39731, "eta_hours": 0.06696, "eta_hours_std": 0.00178, "loss": 0.52122, "loss_std": 0.02118, "lr": 0.00017, "lr_std": 0.0, "params": 5321.0, "params_std": 0.0, "time_iter": 0.06662, "time_iter_std": 0.00275, "accuracy": 0.76754, "accuracy_std": 0.00946, "accuracy_max": 0.77698, "precision": 0.74711, "precision_std": 0.00426, "recall": 0.61583, "recall_std": 0.04146, "f1": 0.67427, "f1_std": 0.02415, "auc": 0.82494, "auc_std": 0.01726}
{"epoch": 74, "time_epoch": 9.28418, "time_epoch_std": 0.34087, "eta": 231.7743, "eta_std": 6.07831, "eta_hours": 0.06438, "eta_hours_std": 0.00169, "loss": 0.53244, "loss_std": 0.01803, "lr": 0.00016, "lr_std": 0.0, "params": 5321.0, "params_std": 0.0, "time_iter": 0.06679, "time_iter_std": 0.00245, "accuracy": 0.76259, "accuracy_std": 0.00708, "accuracy_max": 0.77338, "precision": 0.73308, "precision_std": 0.01774, "recall": 0.6227, "recall_std": 0.03938, "f1": 0.67223, "f1_std": 0.01897, "auc": 0.8134, "auc_std": 0.02349}
{"epoch": 75, "time_epoch": 9.29737, "time_epoch_std": 0.36439, "eta": 222.51166, "eta_std": 5.76434, "eta_hours": 0.06181, "eta_hours_std": 0.0016, "loss": 0.51512, "loss_std": 0.01001, "lr": 0.00015, "lr_std": 0.0, "params": 5321.0, "params_std": 0.0, "time_iter": 0.06689, "time_iter_std": 0.00262, "accuracy": 0.77338, "accuracy_std": 0.00708, "accuracy_max": 0.78417, "precision": 0.76175, "precision_std": 0.02015, "recall": 0.61583, "recall_std": 0.02702, "f1": 0.68036, "f1_std": 0.01304, "auc": 0.82407, "auc_std": 0.01515}
{"epoch": 76, "time_epoch": 9.29204, "time_epoch_std": 0.33965, "eta": 213.24654, "eta_std": 5.46541, "eta_hours": 0.05924, "eta_hours_std": 0.00152, "loss": 0.51283, "loss_std": 0.01195, "lr": 0.00014, "lr_std": 0.0, "params": 5321.0, "params_std": 0.0, "time_iter": 0.06685, "time_iter_std": 0.00244, "accuracy": 0.76978, "accuracy_std": 0.01364, "accuracy_max": 0.78597, "precision": 0.7478, "precision_std": 0.0075, "recall": 0.62271, "recall_std": 0.04682, "f1": 0.67865, "f1_std": 0.02962, "auc": 0.82035, "auc_std": 0.01342}
{"epoch": 77, "time_epoch": 9.29796, "time_epoch_std": 0.33479, "eta": 203.98238, "eta_std": 5.17413, "eta_hours": 0.05666, "eta_hours_std": 0.00144, "loss": 0.51247, "loss_std": 0.00893, "lr": 0.00012, "lr_std": 0.0, "params": 5321.0, "params_std": 0.0, "time_iter": 0.06689, "time_iter_std": 0.00241, "accuracy": 0.76439, "accuracy_std": 0.00524, "accuracy_max": 0.77158, "precision": 0.73974, "precision_std": 0.02062, "recall": 0.61812, "recall_std": 0.02642, "f1": 0.6727, "f1_std": 0.00923, "auc": 0.82564, "auc_std": 0.01104}
{"epoch": 78, "time_epoch": 9.29899, "time_epoch_std": 0.33263, "eta": 194.71765, "eta_std": 4.8908, "eta_hours": 0.05409, "eta_hours_std": 0.00136, "loss": 0.50188, "loss_std": 0.00551, "lr": 0.00011, "lr_std": 0.0, "params": 5321.0, "params_std": 0.0, "time_iter": 0.0669, "time_iter_std": 0.00239, "accuracy": 0.77024, "accuracy_std": 0.00429, "accuracy_max": 0.77518, "precision": 0.75606, "precision_std": 0.02108, "recall": 0.61353, "recall_std": 0.02871, "f1": 0.6765, "f1_std": 0.01073, "auc": 0.83216, "auc_std": 0.01042}
{"epoch": 79, "time_epoch": 9.27959, "time_epoch_std": 0.36609, "eta": 185.44722, "eta_std": 4.6154, "eta_hours": 0.05152, "eta_hours_std": 0.00128, "loss": 0.51957, "loss_std": 0.01128, "lr": 0.0001, "lr_std": 0.0, "params": 5321.0, "params_std": 0.0, "time_iter": 0.06676, "time_iter_std": 0.00263, "accuracy": 0.77293, "accuracy_std": 0.0041, "accuracy_max": 0.77698, "precision": 0.75538, "precision_std": 0.00766, "recall": 0.62271, "recall_std": 0.01634, "f1": 0.68248, "f1_std": 0.00886, "auc": 0.82377, "auc_std": 0.01272}
{"epoch": 80, "time_epoch": 9.29569, "time_epoch_std": 0.3421, "eta": 176.18032, "eta_std": 4.34546, "eta_hours": 0.04894, "eta_hours_std": 0.00121, "loss": 0.53154, "loss_std": 0.01144, "lr": 0.0001, "lr_std": 0.0, "params": 5321.0, "params_std": 0.0, "time_iter": 0.06687, "time_iter_std": 0.00246, "accuracy": 0.76529, "accuracy_std": 0.01021, "accuracy_max": 0.77878, "precision": 0.73116, "precision_std": 0.01372, "recall": 0.63532, "recall_std": 0.03379, "f1": 0.67932, "f1_std": 0.02043, "auc": 0.8204, "auc_std": 0.01825}
{"epoch": 81, "time_epoch": 9.2793, "time_epoch_std": 0.36291, "eta": 166.90914, "eta_std": 4.07852, "eta_hours": 0.04636, "eta_hours_std": 0.00113, "loss": 0.52277, "loss_std": 0.00999, "lr": 9e-05, "lr_std": 0.0, "params": 5321.0, "params_std": 0.0, "time_iter": 0.06676, "time_iter_std": 0.00261, "accuracy": 0.77878, "accuracy_std": 0.0061, "accuracy_max": 0.78777, "precision": 0.76218, "precision_std": 0.01997, "recall": 0.63532, "recall_std": 0.03086, "f1": 0.69216, "f1_std": 0.01373, "auc": 0.81836, "auc_std": 0.01926}
{"epoch": 82, "time_epoch": 9.29796, "time_epoch_std": 0.35346, "eta": 157.64157, "eta_std": 3.818, "eta_hours": 0.04379, "eta_hours_std": 0.00106, "loss": 0.52825, "loss_std": 0.01458, "lr": 8e-05, "lr_std": 0.0, "params": 5321.0, "params_std": 0.0, "time_iter": 0.0669, "time_iter_std": 0.00254, "accuracy": 0.76574, "accuracy_std": 0.00875, "accuracy_max": 0.77878, "precision": 0.74017, "precision_std": 0.01773, "recall": 0.62156, "recall_std": 0.02999, "f1": 0.67507, "f1_std": 0.01648, "auc": 0.81809, "auc_std": 0.02388}
{"epoch": 83, "time_epoch": 9.30306, "time_epoch_std": 0.33543, "eta": 148.37426, "eta_std": 3.56511, "eta_hours": 0.04121, "eta_hours_std": 0.00099, "loss": 0.52122, "loss_std": 0.01463, "lr": 7e-05, "lr_std": 0.0, "params": 5321.0, "params_std": 0.0, "time_iter": 0.06693, "time_iter_std": 0.00241, "accuracy": 0.76888, "accuracy_std": 0.00603, "accuracy_max": 0.77698, "precision": 0.7443, "precision_std": 0.01997, "recall": 0.6273, "recall_std": 0.02541, "f1": 0.68014, "f1_std": 0.01099, "auc": 0.819, "auc_std": 0.02163}
{"epoch": 84, "time_epoch": 9.29208, "time_epoch_std": 0.35477, "eta": 139.10417, "eta_std": 3.3222, "eta_hours": 0.03864, "eta_hours_std": 0.00092, "loss": 0.52263, "loss_std": 0.01946, "lr": 6e-05, "lr_std": 0.0, "params": 5321.0, "params_std": 0.0, "time_iter": 0.06685, "time_iter_std": 0.00255, "accuracy": 0.77158, "accuracy_std": 0.00127, "accuracy_max": 0.77338, "precision": 0.74557, "precision_std": 0.01594, "recall": 0.63532, "recall_std": 0.02523, "f1": 0.68541, "f1_std": 0.00885, "auc": 0.82027, "auc_std": 0.01989}
{"epoch": 85, "time_epoch": 9.28993, "time_epoch_std": 0.35694, "eta": 129.83321, "eta_std": 3.08279, "eta_hours": 0.03606, "eta_hours_std": 0.00086, "loss": 0.52316, "loss_std": 0.01443, "lr": 5e-05, "lr_std": 0.0, "params": 5321.0, "params_std": 0.0, "time_iter": 0.06684, "time_iter_std": 0.00257, "accuracy": 0.77068, "accuracy_std": 0.0093, "accuracy_max": 0.78058, "precision": 0.74938, "precision_std": 0.01003, "recall": 0.62385, "recall_std": 0.02955, "f1": 0.6805, "f1_std": 0.019, "auc": 0.82239, "auc_std": 0.02057}
{"epoch": 86, "time_epoch": 9.23005, "time_epoch_std": 0.28232, "eta": 120.55288, "eta_std": 2.8557, "eta_hours": 0.03349, "eta_hours_std": 0.00079, "loss": 0.50688, "loss_std": 0.01075, "lr": 5e-05, "lr_std": 0.0, "params": 5321.0, "params_std": 0.0, "time_iter": 0.0664, "time_iter_std": 0.00203, "accuracy": 0.77698, "accuracy_std": 0.00524, "accuracy_max": 0.78417, "precision": 0.75911, "precision_std": 0.00995, "recall": 0.63188, "recall_std": 0.01313, "f1": 0.68956, "f1_std": 0.00836, "auc": 0.82707, "auc_std": 0.01734}
{"epoch": 87, "time_epoch": 9.06269, "time_epoch_std": 0.26921, "eta": 111.25086, "eta_std": 2.64155, "eta_hours": 0.0309, "eta_hours_std": 0.00073, "loss": 0.50647, "loss_std": 0.00192, "lr": 4e-05, "lr_std": 0.0, "params": 5321.0, "params_std": 0.0, "time_iter": 0.0652, "time_iter_std": 0.00194, "accuracy": 0.77473, "accuracy_std": 0.00912, "accuracy_max": 0.78597, "precision": 0.75915, "precision_std": 0.01845, "recall": 0.62386, "recall_std": 0.01863, "f1": 0.68464, "f1_std": 0.01348, "auc": 0.83135, "auc_std": 0.01175}
{"epoch": 88, "time_epoch": 9.02554, "time_epoch_std": 0.27892, "eta": 101.94962, "eta_std": 2.42623, "eta_hours": 0.02832, "eta_hours_std": 0.00067, "loss": 0.51699, "loss_std": 0.01657, "lr": 4e-05, "lr_std": 0.0, "params": 5321.0, "params_std": 0.0, "time_iter": 0.06493, "time_iter_std": 0.00201, "accuracy": 0.77338, "accuracy_std": 0.00943, "accuracy_max": 0.78417, "precision": 0.74651, "precision_std": 0.00394, "recall": 0.63876, "recall_std": 0.03032, "f1": 0.68812, "f1_std": 0.0192, "auc": 0.81944, "auc_std": 0.02107}
{"epoch": 89, "time_epoch": 9.04565, "time_epoch_std": 0.25855, "eta": 92.65676, "eta_std": 2.20865, "eta_hours": 0.02574, "eta_hours_std": 0.00061, "loss": 0.51999, "loss_std": 0.01273, "lr": 3e-05, "lr_std": 0.0, "params": 5321.0, "params_std": 0.0, "time_iter": 0.06508, "time_iter_std": 0.00186, "accuracy": 0.76844, "accuracy_std": 0.00465, "accuracy_max": 0.77518, "precision": 0.74224, "precision_std": 0.01432, "recall": 0.62844, "recall_std": 0.02405, "f1": 0.68012, "f1_std": 0.0105, "auc": 0.82309, "auc_std": 0.01408}
{"epoch": 90, "time_epoch": 9.05272, "time_epoch_std": 0.26015, "eta": 83.37002, "eta_std": 1.99028, "eta_hours": 0.02316, "eta_hours_std": 0.00055, "loss": 0.513, "loss_std": 0.00542, "lr": 2e-05, "lr_std": 0.0, "params": 5321.0, "params_std": 0.0, "time_iter": 0.06513, "time_iter_std": 0.00187, "accuracy": 0.76844, "accuracy_std": 0.00996, "accuracy_max": 0.78058, "precision": 0.74353, "precision_std": 0.02707, "recall": 0.62729, "recall_std": 0.01568, "f1": 0.67998, "f1_std": 0.00961, "auc": 0.82444, "auc_std": 0.01136}
{"epoch": 91, "time_epoch": 8.98814, "time_epoch_std": 0.30192, "eta": 74.08275, "eta_std": 1.77386, "eta_hours": 0.02058, "eta_hours_std": 0.00049, "loss": 0.51406, "loss_std": 0.01686, "lr": 2e-05, "lr_std": 0.0, "params": 5321.0, "params_std": 0.0, "time_iter": 0.06466, "time_iter_std": 0.00217, "accuracy": 0.77608, "accuracy_std": 0.00467, "accuracy_max": 0.78237, "precision": 0.75581, "precision_std": 0.02503, "recall": 0.63647, "recall_std": 0.02662, "f1": 0.6901, "f1_std": 0.00764, "auc": 0.8247, "auc_std": 0.01297}
{"epoch": 92, "time_epoch": 9.04033, "time_epoch_std": 0.28714, "eta": 64.80585, "eta_std": 1.55619, "eta_hours": 0.018, "eta_hours_std": 0.00043, "loss": 0.51041, "loss_std": 0.01949, "lr": 2e-05, "lr_std": 0.0, "params": 5321.0, "params_std": 0.0, "time_iter": 0.06504, "time_iter_std": 0.00206, "accuracy": 0.77653, "accuracy_std": 0.00894, "accuracy_max": 0.79137, "precision": 0.75734, "precision_std": 0.02202, "recall": 0.63417, "recall_std": 0.01846, "f1": 0.68992, "f1_std": 0.01161, "auc": 0.82934, "auc_std": 0.01683}
{"epoch": 93, "time_epoch": 8.98411, "time_epoch_std": 0.37823, "eta": 55.53039, "eta_std": 1.34044, "eta_hours": 0.01542, "eta_hours_std": 0.00037, "loss": 0.51959, "loss_std": 0.014, "lr": 1e-05, "lr_std": 0.0, "params": 5321.0, "params_std": 0.0, "time_iter": 0.06464, "time_iter_std": 0.00272, "accuracy": 0.76978, "accuracy_std": 0.00554, "accuracy_max": 0.77698, "precision": 0.75231, "precision_std": 0.01764, "recall": 0.61697, "recall_std": 0.02481, "f1": 0.67736, "f1_std": 0.01131, "auc": 0.8222, "auc_std": 0.02694}
{"epoch": 94, "time_epoch": 9.12924, "time_epoch_std": 0.21681, "eta": 46.2687, "eta_std": 1.11644, "eta_hours": 0.01286, "eta_hours_std": 0.00031, "loss": 0.50721, "loss_std": 0.01401, "lr": 1e-05, "lr_std": 0.0, "params": 5321.0, "params_std": 0.0, "time_iter": 0.06568, "time_iter_std": 0.00156, "accuracy": 0.77698, "accuracy_std": 0.01041, "accuracy_max": 0.78957, "precision": 0.75026, "precision_std": 0.01948, "recall": 0.64794, "recall_std": 0.03857, "f1": 0.69442, "f1_std": 0.02099, "auc": 0.83141, "auc_std": 0.01758}
{"epoch": 95, "time_epoch": 9.10772, "time_epoch_std": 0.24591, "eta": 37.00888, "eta_std": 0.89303, "eta_hours": 0.01028, "eta_hours_std": 0.00025, "loss": 0.50392, "loss_std": 0.00878, "lr": 1e-05, "lr_std": 0.0, "params": 5321.0, "params_std": 0.0, "time_iter": 0.06552, "time_iter_std": 0.00177, "accuracy": 0.77473, "accuracy_std": 0.00234, "accuracy_max": 0.77698, "precision": 0.75629, "precision_std": 0.01659, "recall": 0.62959, "recall_std": 0.03049, "f1": 0.6863, "f1_std": 0.0124, "auc": 0.83012, "auc_std": 0.01773}
{"epoch": 96, "time_epoch": 9.19964, "time_epoch_std": 0.60308, "eta": 27.75503, "eta_std": 0.68037, "eta_hours": 0.00771, "eta_hours_std": 0.00019, "loss": 0.52284, "loss_std": 0.00635, "lr": 0.0, "lr_std": 0.0, "params": 5321.0, "params_std": 0.0, "time_iter": 0.06618, "time_iter_std": 0.00434, "accuracy": 0.76664, "accuracy_std": 0.00345, "accuracy_max": 0.77158, "precision": 0.74916, "precision_std": 0.01554, "recall": 0.61009, "recall_std": 0.02694, "f1": 0.67184, "f1_std": 0.01187, "auc": 0.82018, "auc_std": 0.01539}
{"epoch": 97, "time_epoch": 9.09755, "time_epoch_std": 0.24127, "eta": 18.50021, "eta_std": 0.45372, "eta_hours": 0.00514, "eta_hours_std": 0.00013, "loss": 0.50411, "loss_std": 0.00319, "lr": 0.0, "lr_std": 0.0, "params": 5321.0, "params_std": 0.0, "time_iter": 0.06545, "time_iter_std": 0.00174, "accuracy": 0.77338, "accuracy_std": 0.0022, "accuracy_max": 0.77698, "precision": 0.74991, "precision_std": 0.01209, "recall": 0.63417, "recall_std": 0.02256, "f1": 0.68676, "f1_std": 0.0088, "auc": 0.83057, "auc_std": 0.01127}
{"epoch": 98, "time_epoch": 8.89446, "time_epoch_std": 0.18084, "eta": 9.24651, "eta_std": 0.22533, "eta_hours": 0.00257, "eta_hours_std": 6e-05, "loss": 0.50803, "loss_std": 0.00559, "lr": 0.0, "lr_std": 0.0, "params": 5321.0, "params_std": 0.0, "time_iter": 0.06399, "time_iter_std": 0.0013, "accuracy": 0.77922, "accuracy_std": 0.00409, "accuracy_max": 0.78417, "precision": 0.76037, "precision_std": 0.01453, "recall": 0.63876, "recall_std": 0.00993, "f1": 0.69408, "f1_std": 0.00278, "auc": 0.83067, "auc_std": 0.00766}
{"epoch": 99, "time_epoch": 8.84131, "time_epoch_std": 0.22166, "eta": 0.0, "eta_std": 0.0, "eta_hours": 0.0, "eta_hours_std": 0.0, "loss": 0.49783, "loss_std": 0.01404, "lr": 0.0, "lr_std": 0.0, "params": 5321.0, "params_std": 0.0, "time_iter": 0.06361, "time_iter_std": 0.00159, "accuracy": 0.78058, "accuracy_std": 0.00731, "accuracy_max": 0.78957, "precision": 0.76546, "precision_std": 0.01085, "recall": 0.63532, "recall_std": 0.02544, "f1": 0.69398, "f1_std": 0.01502, "auc": 0.83403, "auc_std": 0.01617}
