{"epoch": 0, "time_epoch": 3.01852, "eta": 298.83354, "eta_hours": 0.08301, "loss": 0.68248098, "lr": 0.001, "params": 4849, "time_iter": 0.01027, "accuracy": 0.57653, "precision": 0.41176, "recall": 0.05761, "f1": 0.10108, "auc": 0.47401}
{"epoch": 1, "time_epoch": 2.97581, "eta": 293.72197, "eta_hours": 0.08159, "loss": 0.67954377, "lr": 0.00099975, "params": 4849, "time_iter": 0.01012, "accuracy": 0.58673, "precision": 0.0, "recall": 0.0, "f1": 0.0, "auc": 0.47701}
{"epoch": 2, "time_epoch": 2.8621, "eta": 286.35771, "eta_hours": 0.07954, "loss": 0.67886533, "lr": 0.00099901, "params": 4849, "time_iter": 0.00974, "accuracy": 0.58673, "precision": 0.0, "recall": 0.0, "f1": 0.0, "auc": 0.46851}
{"epoch": 3, "time_epoch": 2.89267, "eta": 281.97819, "eta_hours": 0.07833, "loss": 0.67928155, "lr": 0.00099778, "params": 4849, "time_iter": 0.00984, "accuracy": 0.58673, "precision": 0.0, "recall": 0.0, "f1": 0.0, "auc": 0.46875}
{"epoch": 4, "time_epoch": 2.89586, "eta": 278.25407, "eta_hours": 0.07729, "loss": 0.67888346, "lr": 0.00099606, "params": 4849, "time_iter": 0.00985, "accuracy": 0.58673, "precision": 0.0, "recall": 0.0, "f1": 0.0, "auc": 0.46745}
{"epoch": 5, "time_epoch": 2.89317, "eta": 274.76385, "eta_hours": 0.07632, "loss": 0.67895937, "lr": 0.00099384, "params": 4849, "time_iter": 0.00984, "accuracy": 0.58673, "precision": 0.0, "recall": 0.0, "f1": 0.0, "auc": 0.45795}
{"epoch": 6, "time_epoch": 2.87788, "eta": 271.24111, "eta_hours": 0.07534, "loss": 0.67931086, "lr": 0.00099114, "params": 4849, "time_iter": 0.00979, "accuracy": 0.58673, "precision": 0.0, "recall": 0.0, "f1": 0.0, "auc": 0.46711}
{"epoch": 7, "time_epoch": 2.97476, "eta": 268.99372, "eta_hours": 0.07472, "loss": 0.67888749, "lr": 0.00098796, "params": 4849, "time_iter": 0.01012, "accuracy": 0.58673, "precision": 0.0, "recall": 0.0, "f1": 0.0, "auc": 0.47168}
{"epoch": 8, "time_epoch": 2.91043, "eta": 265.93421, "eta_hours": 0.07387, "loss": 0.67895892, "lr": 0.00098429, "params": 4849, "time_iter": 0.0099, "accuracy": 0.58673, "precision": 0.0, "recall": 0.0, "f1": 0.0, "auc": 0.45856}
{"epoch": 9, "time_epoch": 2.95453, "eta": 263.30145, "eta_hours": 0.07314, "loss": 0.67866448, "lr": 0.00098015, "params": 4849, "time_iter": 0.01005, "accuracy": 0.58673, "precision": 0.0, "recall": 0.0, "f1": 0.0, "auc": 0.4573}
{"epoch": 10, "time_epoch": 2.95943, "eta": 260.64978, "eta_hours": 0.0724, "loss": 0.67878196, "lr": 0.00097553, "params": 4849, "time_iter": 0.01007, "accuracy": 0.58673, "precision": 0.0, "recall": 0.0, "f1": 0.0, "auc": 0.44803}
{"epoch": 11, "time_epoch": 2.97898, "eta": 258.09023, "eta_hours": 0.07169, "loss": 0.67872538, "lr": 0.00097044, "params": 4849, "time_iter": 0.01013, "accuracy": 0.58673, "precision": 0.0, "recall": 0.0, "f1": 0.0, "auc": 0.49125}
{"epoch": 12, "time_epoch": 2.97726, "eta": 255.45464, "eta_hours": 0.07096, "loss": 0.67892305, "lr": 0.00096489, "params": 4849, "time_iter": 0.01013, "accuracy": 0.58673, "precision": 0.0, "recall": 0.0, "f1": 0.0, "auc": 0.47508}
{"epoch": 13, "time_epoch": 3.00402, "eta": 252.93461, "eta_hours": 0.07026, "loss": 0.67864462, "lr": 0.00095888, "params": 4849, "time_iter": 0.01022, "accuracy": 0.58673, "precision": 0.0, "recall": 0.0, "f1": 0.0, "auc": 0.45316}
{"epoch": 14, "time_epoch": 3.10987, "eta": 250.94987, "eta_hours": 0.06971, "loss": 0.67917602, "lr": 0.00095241, "params": 4849, "time_iter": 0.01058, "accuracy": 0.58673, "precision": 0.0, "recall": 0.0, "f1": 0.0, "auc": 0.45295}
{"epoch": 15, "time_epoch": 2.97431, "eta": 248.11279, "eta_hours": 0.06892, "loss": 0.67842171, "lr": 0.0009455, "params": 4849, "time_iter": 0.01012, "accuracy": 0.58673, "precision": 0.0, "recall": 0.0, "f1": 0.0, "auc": 0.4822}
{"epoch": 16, "time_epoch": 2.94899, "eta": 245.13598, "eta_hours": 0.06809, "loss": 0.67918123, "lr": 0.00093815, "params": 4849, "time_iter": 0.01003, "accuracy": 0.58673, "precision": 0.0, "recall": 0.0, "f1": 0.0, "auc": 0.49235}
{"epoch": 17, "time_epoch": 2.94948, "eta": 242.16445, "eta_hours": 0.06727, "loss": 0.67902632, "lr": 0.00093037, "params": 4849, "time_iter": 0.01003, "accuracy": 0.58673, "precision": 0.0, "recall": 0.0, "f1": 0.0, "auc": 0.43119}
{"epoch": 18, "time_epoch": 2.98293, "eta": 239.33786, "eta_hours": 0.06648, "loss": 0.67864409, "lr": 0.00092216, "params": 4849, "time_iter": 0.01015, "accuracy": 0.58673, "precision": 0.0, "recall": 0.0, "f1": 0.0, "auc": 0.45377}
{"epoch": 19, "time_epoch": 3.00673, "eta": 236.59083, "eta_hours": 0.06572, "loss": 0.67878499, "lr": 0.00091354, "params": 4849, "time_iter": 0.01023, "accuracy": 0.58673, "precision": 0.0, "recall": 0.0, "f1": 0.0, "auc": 0.45173}
{"epoch": 20, "time_epoch": 2.97157, "eta": 233.6868, "eta_hours": 0.06491, "loss": 0.67876008, "lr": 0.00090451, "params": 4849, "time_iter": 0.01011, "accuracy": 0.58673, "precision": 0.0, "recall": 0.0, "f1": 0.0, "auc": 0.4512}
{"epoch": 21, "time_epoch": 2.98906, "eta": 230.83867, "eta_hours": 0.06412, "loss": 0.6785938, "lr": 0.00089508, "params": 4849, "time_iter": 0.01017, "accuracy": 0.58673, "precision": 0.0, "recall": 0.0, "f1": 0.0, "auc": 0.4656}
{"epoch": 22, "time_epoch": 2.92489, "eta": 227.76342, "eta_hours": 0.06327, "loss": 0.67859653, "lr": 0.00088526, "params": 4849, "time_iter": 0.00995, "accuracy": 0.58673, "precision": 0.0, "recall": 0.0, "f1": 0.0, "auc": 0.45226}
{"epoch": 23, "time_epoch": 2.92521, "eta": 224.70172, "eta_hours": 0.06242, "loss": 0.67838192, "lr": 0.00087506, "params": 4849, "time_iter": 0.00995, "accuracy": 0.58673, "precision": 0.0, "recall": 0.0, "f1": 0.0, "auc": 0.47147}
{"epoch": 24, "time_epoch": 3.04583, "eta": 222.01281, "eta_hours": 0.06167, "loss": 0.67872257, "lr": 0.00086448, "params": 4849, "time_iter": 0.01036, "accuracy": 0.58673, "precision": 0.0, "recall": 0.0, "f1": 0.0, "auc": 0.45473}
{"epoch": 25, "time_epoch": 2.96134, "eta": 219.05596, "eta_hours": 0.06085, "loss": 0.67851335, "lr": 0.00085355, "params": 4849, "time_iter": 0.01007, "accuracy": 0.58673, "precision": 0.0, "recall": 0.0, "f1": 0.0, "auc": 0.42988}
{"epoch": 26, "time_epoch": 2.90391, "eta": 215.9435, "eta_hours": 0.05998, "loss": 0.678782, "lr": 0.00084227, "params": 4849, "time_iter": 0.00988, "accuracy": 0.58673, "precision": 0.0, "recall": 0.0, "f1": 0.0, "auc": 0.45213}
{"epoch": 27, "time_epoch": 2.91905, "eta": 212.88489, "eta_hours": 0.05913, "loss": 0.67874787, "lr": 0.00083066, "params": 4849, "time_iter": 0.00993, "accuracy": 0.58673, "precision": 0.0, "recall": 0.0, "f1": 0.0, "auc": 0.39654}
{"epoch": 28, "time_epoch": 3.03513, "eta": 210.1201, "eta_hours": 0.05837, "loss": 0.67858424, "lr": 0.00081871, "params": 4849, "time_iter": 0.01032, "accuracy": 0.58673, "precision": 0.0, "recall": 0.0, "f1": 0.0, "auc": 0.44294}
{"epoch": 29, "time_epoch": 2.97772, "eta": 207.20332, "eta_hours": 0.05756, "loss": 0.67850417, "lr": 0.00080645, "params": 4849, "time_iter": 0.01013, "accuracy": 0.58673, "precision": 0.0, "recall": 0.0, "f1": 0.0, "auc": 0.45763}
{"epoch": 30, "time_epoch": 2.92922, "eta": 204.17465, "eta_hours": 0.05672, "loss": 0.67855064, "lr": 0.00079389, "params": 4849, "time_iter": 0.00996, "accuracy": 0.58673, "precision": 0.0, "recall": 0.0, "f1": 0.0, "auc": 0.43604}
{"epoch": 31, "time_epoch": 3.05308, "eta": 201.4154, "eta_hours": 0.05595, "loss": 0.67851357, "lr": 0.00078104, "params": 4849, "time_iter": 0.01038, "accuracy": 0.58673, "precision": 0.0, "recall": 0.0, "f1": 0.0, "auc": 0.46905}
{"epoch": 32, "time_epoch": 2.98852, "eta": 198.50727, "eta_hours": 0.05514, "loss": 0.67852796, "lr": 0.00076791, "params": 4849, "time_iter": 0.01017, "accuracy": 0.58673, "precision": 0.0, "recall": 0.0, "f1": 0.0, "auc": 0.43447}
{"epoch": 33, "time_epoch": 2.95875, "eta": 195.53662, "eta_hours": 0.05432, "loss": 0.67835355, "lr": 0.00075452, "params": 4849, "time_iter": 0.01006, "accuracy": 0.58673, "precision": 0.0, "recall": 0.0, "f1": 0.0, "auc": 0.44894}
{"epoch": 34, "time_epoch": 2.951, "eta": 192.55226, "eta_hours": 0.05349, "loss": 0.67860408, "lr": 0.00074088, "params": 4849, "time_iter": 0.01004, "accuracy": 0.58673, "precision": 0.0, "recall": 0.0, "f1": 0.0, "auc": 0.47356}
{"epoch": 35, "time_epoch": 2.99165, "eta": 189.64202, "eta_hours": 0.05268, "loss": 0.67842456, "lr": 0.000727, "params": 4849, "time_iter": 0.01018, "accuracy": 0.58673, "precision": 0.0, "recall": 0.0, "f1": 0.0, "auc": 0.43018}
{"epoch": 36, "time_epoch": 2.96894, "eta": 186.6887, "eta_hours": 0.05186, "loss": 0.67852311, "lr": 0.00071289, "params": 4849, "time_iter": 0.0101, "accuracy": 0.58673, "precision": 0.0, "recall": 0.0, "f1": 0.0, "auc": 0.46343}
{"epoch": 37, "time_epoch": 2.91206, "eta": 183.64176, "eta_hours": 0.05101, "loss": 0.67834114, "lr": 0.00069857, "params": 4849, "time_iter": 0.0099, "accuracy": 0.58673, "precision": 0.0, "recall": 0.0, "f1": 0.0, "auc": 0.4467}
{"epoch": 38, "time_epoch": 2.97075, "eta": 180.69354, "eta_hours": 0.05019, "loss": 0.67850592, "lr": 0.00068406, "params": 4849, "time_iter": 0.0101, "accuracy": 0.58673, "precision": 0.0, "recall": 0.0, "f1": 0.0, "auc": 0.45831}
{"epoch": 39, "time_epoch": 3.06401, "eta": 177.88408, "eta_hours": 0.04941, "loss": 0.67830472, "lr": 0.00066937, "params": 4849, "time_iter": 0.01042, "accuracy": 0.58673, "precision": 0.0, "recall": 0.0, "f1": 0.0, "auc": 0.45576}
{"epoch": 40, "time_epoch": 2.98164, "eta": 174.94368, "eta_hours": 0.0486, "loss": 0.67851177, "lr": 0.00065451, "params": 4849, "time_iter": 0.01014, "accuracy": 0.58673, "precision": 0.0, "recall": 0.0, "f1": 0.0, "auc": 0.43504}
{"epoch": 41, "time_epoch": 2.95848, "eta": 171.96933, "eta_hours": 0.04777, "loss": 0.67841851, "lr": 0.0006395, "params": 4849, "time_iter": 0.01006, "accuracy": 0.58673, "precision": 0.0, "recall": 0.0, "f1": 0.0, "auc": 0.46776}
{"epoch": 42, "time_epoch": 2.98397, "eta": 169.0295, "eta_hours": 0.04695, "loss": 0.67841618, "lr": 0.00062434, "params": 4849, "time_iter": 0.01015, "accuracy": 0.58673, "precision": 0.0, "recall": 0.0, "f1": 0.0, "auc": 0.45314}
{"epoch": 43, "time_epoch": 2.92753, "eta": 166.01583, "eta_hours": 0.04612, "loss": 0.67859153, "lr": 0.00060907, "params": 4849, "time_iter": 0.00996, "accuracy": 0.58673, "precision": 0.0, "recall": 0.0, "f1": 0.0, "auc": 0.45272}
{"epoch": 44, "time_epoch": 2.93669, "eta": 163.01719, "eta_hours": 0.04528, "loss": 0.678404, "lr": 0.00059369, "params": 4849, "time_iter": 0.00999, "accuracy": 0.58673, "precision": 0.0, "recall": 0.0, "f1": 0.0, "auc": 0.46422}
{"epoch": 45, "time_epoch": 2.92161, "eta": 160.00355, "eta_hours": 0.04445, "loss": 0.67832245, "lr": 0.00057822, "params": 4849, "time_iter": 0.00994, "accuracy": 0.58673, "precision": 0.0, "recall": 0.0, "f1": 0.0, "auc": 0.44768}
{"epoch": 46, "time_epoch": 2.94718, "eta": 157.02265, "eta_hours": 0.04362, "loss": 0.67835321, "lr": 0.00056267, "params": 4849, "time_iter": 0.01002, "accuracy": 0.58673, "precision": 0.0, "recall": 0.0, "f1": 0.0, "auc": 0.46244}
{"epoch": 47, "time_epoch": 2.89939, "eta": 153.99138, "eta_hours": 0.04278, "loss": 0.67841495, "lr": 0.00054705, "params": 4849, "time_iter": 0.00986, "accuracy": 0.58673, "precision": 0.0, "recall": 0.0, "f1": 0.0, "auc": 0.45057}
{"epoch": 48, "time_epoch": 2.91555, "eta": 150.98231, "eta_hours": 0.04194, "loss": 0.6783186, "lr": 0.0005314, "params": 4849, "time_iter": 0.00992, "accuracy": 0.58673, "precision": 0.0, "recall": 0.0, "f1": 0.0, "auc": 0.43997}
{"epoch": 49, "time_epoch": 2.96555, "eta": 148.02698, "eta_hours": 0.04112, "loss": 0.67842411, "lr": 0.00051571, "params": 4849, "time_iter": 0.01009, "accuracy": 0.58673, "precision": 0.0, "recall": 0.0, "f1": 0.0, "auc": 0.46946}
{"epoch": 50, "time_epoch": 2.96772, "eta": 145.07334, "eta_hours": 0.0403, "loss": 0.67847715, "lr": 0.0005, "params": 4849, "time_iter": 0.01009, "accuracy": 0.58673, "precision": 0.0, "recall": 0.0, "f1": 0.0, "auc": 0.42075}
{"epoch": 51, "time_epoch": 2.95931, "eta": 142.11139, "eta_hours": 0.03948, "loss": 0.6784439, "lr": 0.00048429, "params": 4849, "time_iter": 0.01007, "accuracy": 0.58673, "precision": 0.0, "recall": 0.0, "f1": 0.0, "auc": 0.44013}
{"epoch": 52, "time_epoch": 2.92723, "eta": 139.1211, "eta_hours": 0.03864, "loss": 0.67826059, "lr": 0.0004686, "params": 4849, "time_iter": 0.00996, "accuracy": 0.58673, "precision": 0.0, "recall": 0.0, "f1": 0.0, "auc": 0.4693}
{"epoch": 53, "time_epoch": 2.90031, "eta": 136.11021, "eta_hours": 0.03781, "loss": 0.67844502, "lr": 0.00045295, "params": 4849, "time_iter": 0.00987, "accuracy": 0.58673, "precision": 0.0, "recall": 0.0, "f1": 0.0, "auc": 0.44889}
{"epoch": 54, "time_epoch": 2.96156, "eta": 133.15346, "eta_hours": 0.03699, "loss": 0.67834933, "lr": 0.00043733, "params": 4849, "time_iter": 0.01007, "accuracy": 0.58673, "precision": 0.0, "recall": 0.0, "f1": 0.0, "auc": 0.46227}
{"epoch": 55, "time_epoch": 2.90445, "eta": 130.15166, "eta_hours": 0.03615, "loss": 0.67836211, "lr": 0.00042178, "params": 4849, "time_iter": 0.00988, "accuracy": 0.58673, "precision": 0.0, "recall": 0.0, "f1": 0.0, "auc": 0.45822}
{"epoch": 56, "time_epoch": 2.96949, "eta": 127.20234, "eta_hours": 0.03533, "loss": 0.67819745, "lr": 0.00040631, "params": 4849, "time_iter": 0.0101, "accuracy": 0.58673, "precision": 0.0, "recall": 0.0, "f1": 0.0, "auc": 0.45655}
{"epoch": 57, "time_epoch": 2.94141, "eta": 124.232, "eta_hours": 0.03451, "loss": 0.6783846, "lr": 0.00039093, "params": 4849, "time_iter": 0.01, "accuracy": 0.58673, "precision": 0.0, "recall": 0.0, "f1": 0.0, "auc": 0.46943}
{"epoch": 58, "time_epoch": 2.98415, "eta": 121.29233, "eta_hours": 0.03369, "loss": 0.67815714, "lr": 0.00037566, "params": 4849, "time_iter": 0.01015, "accuracy": 0.58673, "precision": 0.0, "recall": 0.0, "f1": 0.0, "auc": 0.43735}
{"epoch": 59, "time_epoch": 2.99793, "eta": 118.36037, "eta_hours": 0.03288, "loss": 0.67821192, "lr": 0.0003605, "params": 4849, "time_iter": 0.0102, "accuracy": 0.58673, "precision": 0.0, "recall": 0.0, "f1": 0.0, "auc": 0.46299}
{"epoch": 60, "time_epoch": 3.00232, "eta": 115.42905, "eta_hours": 0.03206, "loss": 0.67821374, "lr": 0.00034549, "params": 4849, "time_iter": 0.01021, "accuracy": 0.58673, "precision": 0.0, "recall": 0.0, "f1": 0.0, "auc": 0.4422}
{"epoch": 61, "time_epoch": 2.94256, "eta": 112.45881, "eta_hours": 0.03124, "loss": 0.67826003, "lr": 0.00033063, "params": 4849, "time_iter": 0.01001, "accuracy": 0.58673, "precision": 0.0, "recall": 0.0, "f1": 0.0, "auc": 0.44248}
{"epoch": 62, "time_epoch": 2.96293, "eta": 109.50142, "eta_hours": 0.03042, "loss": 0.6782936, "lr": 0.00031594, "params": 4849, "time_iter": 0.01008, "accuracy": 0.58673, "precision": 0.0, "recall": 0.0, "f1": 0.0, "auc": 0.45328}
{"epoch": 63, "time_epoch": 2.95138, "eta": 106.53735, "eta_hours": 0.02959, "loss": 0.67824186, "lr": 0.00030143, "params": 4849, "time_iter": 0.01004, "accuracy": 0.58673, "precision": 0.0, "recall": 0.0, "f1": 0.0, "auc": 0.46095}
{"epoch": 64, "time_epoch": 2.9615, "eta": 103.57913, "eta_hours": 0.02877, "loss": 0.67819559, "lr": 0.00028711, "params": 4849, "time_iter": 0.01007, "accuracy": 0.58673, "precision": 0.0, "recall": 0.0, "f1": 0.0, "auc": 0.46318}
{"epoch": 65, "time_epoch": 2.9696, "eta": 100.62498, "eta_hours": 0.02795, "loss": 0.67818862, "lr": 0.000273, "params": 4849, "time_iter": 0.0101, "accuracy": 0.58673, "precision": 0.0, "recall": 0.0, "f1": 0.0, "auc": 0.45608}
{"epoch": 66, "time_epoch": 2.96352, "eta": 97.66737, "eta_hours": 0.02713, "loss": 0.67816114, "lr": 0.00025912, "params": 4849, "time_iter": 0.01008, "accuracy": 0.58673, "precision": 0.0, "recall": 0.0, "f1": 0.0, "auc": 0.45297}
{"epoch": 67, "time_epoch": 2.96969, "eta": 94.71249, "eta_hours": 0.02631, "loss": 0.67825226, "lr": 0.00024548, "params": 4849, "time_iter": 0.0101, "accuracy": 0.58673, "precision": 0.0, "recall": 0.0, "f1": 0.0, "auc": 0.47401}
{"epoch": 68, "time_epoch": 2.97443, "eta": 91.75932, "eta_hours": 0.02549, "loss": 0.67815096, "lr": 0.00023209, "params": 4849, "time_iter": 0.01012, "accuracy": 0.58673, "precision": 0.0, "recall": 0.0, "f1": 0.0, "auc": 0.43742}
{"epoch": 69, "time_epoch": 2.95907, "eta": 88.79895, "eta_hours": 0.02467, "loss": 0.67813858, "lr": 0.00021896, "params": 4849, "time_iter": 0.01006, "accuracy": 0.58673, "precision": 0.0, "recall": 0.0, "f1": 0.0, "auc": 0.45341}
{"epoch": 70, "time_epoch": 3.06618, "eta": 85.88237, "eta_hours": 0.02386, "loss": 0.67821591, "lr": 0.00020611, "params": 4849, "time_iter": 0.01043, "accuracy": 0.58673, "precision": 0.0, "recall": 0.0, "f1": 0.0, "auc": 0.44886}
{"epoch": 71, "time_epoch": 2.95313, "eta": 82.91767, "eta_hours": 0.02303, "loss": 0.67815497, "lr": 0.00019355, "params": 4849, "time_iter": 0.01004, "accuracy": 0.58673, "precision": 0.0, "recall": 0.0, "f1": 0.0, "auc": 0.45846}
{"epoch": 72, "time_epoch": 2.97183, "eta": 79.9602, "eta_hours": 0.02221, "loss": 0.67814259, "lr": 0.00018129, "params": 4849, "time_iter": 0.01011, "accuracy": 0.58673, "precision": 0.0, "recall": 0.0, "f1": 0.0, "auc": 0.40536}
{"epoch": 73, "time_epoch": 2.91721, "eta": 76.98316, "eta_hours": 0.02138, "loss": 0.67811461, "lr": 0.00016934, "params": 4849, "time_iter": 0.00992, "accuracy": 0.58673, "precision": 0.0, "recall": 0.0, "f1": 0.0, "auc": 0.46031}
{"epoch": 74, "time_epoch": 2.96208, "eta": 74.02266, "eta_hours": 0.02056, "loss": 0.67810603, "lr": 0.00015773, "params": 4849, "time_iter": 0.01008, "accuracy": 0.58673, "precision": 0.0, "recall": 0.0, "f1": 0.0, "auc": 0.47554}
{"epoch": 75, "time_epoch": 2.95811, "eta": 71.06087, "eta_hours": 0.01974, "loss": 0.6781215, "lr": 0.00014645, "params": 4849, "time_iter": 0.01006, "accuracy": 0.58673, "precision": 0.0, "recall": 0.0, "f1": 0.0, "auc": 0.44405}
{"epoch": 76, "time_epoch": 2.94987, "eta": 68.09672, "eta_hours": 0.01892, "loss": 0.67812407, "lr": 0.00013552, "params": 4849, "time_iter": 0.01003, "accuracy": 0.58673, "precision": 0.0, "recall": 0.0, "f1": 0.0, "auc": 0.44276}
{"epoch": 77, "time_epoch": 3.10861, "eta": 65.1777, "eta_hours": 0.0181, "loss": 0.67808066, "lr": 0.00012494, "params": 4849, "time_iter": 0.01057, "accuracy": 0.58673, "precision": 0.0, "recall": 0.0, "f1": 0.0, "auc": 0.45916}
{"epoch": 78, "time_epoch": 3.11064, "eta": 62.25443, "eta_hours": 0.01729, "loss": 0.67811637, "lr": 0.00011474, "params": 4849, "time_iter": 0.01058, "accuracy": 0.58673, "precision": 0.0, "recall": 0.0, "f1": 0.0, "auc": 0.45199}
{"epoch": 79, "time_epoch": 3.0921, "eta": 59.32183, "eta_hours": 0.01648, "loss": 0.67810235, "lr": 0.00010492, "params": 4849, "time_iter": 0.01052, "accuracy": 0.58673, "precision": 0.0, "recall": 0.0, "f1": 0.0, "auc": 0.4403}
{"epoch": 80, "time_epoch": 3.10934, "eta": 56.38934, "eta_hours": 0.01566, "loss": 0.67808461, "lr": 9.549e-05, "params": 4849, "time_iter": 0.01058, "accuracy": 0.58673, "precision": 0.0, "recall": 0.0, "f1": 0.0, "auc": 0.45234}
{"epoch": 81, "time_epoch": 2.96904, "eta": 53.42174, "eta_hours": 0.01484, "loss": 0.67808403, "lr": 8.646e-05, "params": 4849, "time_iter": 0.0101, "accuracy": 0.58673, "precision": 0.0, "recall": 0.0, "f1": 0.0, "auc": 0.432}
{"epoch": 82, "time_epoch": 2.96609, "eta": 50.4535, "eta_hours": 0.01401, "loss": 0.67806905, "lr": 7.784e-05, "params": 4849, "time_iter": 0.01009, "accuracy": 0.58673, "precision": 0.0, "recall": 0.0, "f1": 0.0, "auc": 0.45188}
{"epoch": 83, "time_epoch": 2.96632, "eta": 47.48536, "eta_hours": 0.01319, "loss": 0.67807129, "lr": 6.963e-05, "params": 4849, "time_iter": 0.01009, "accuracy": 0.58673, "precision": 0.0, "recall": 0.0, "f1": 0.0, "auc": 0.44239}
{"epoch": 84, "time_epoch": 3.03736, "eta": 44.52979, "eta_hours": 0.01237, "loss": 0.67807783, "lr": 6.185e-05, "params": 4849, "time_iter": 0.01033, "accuracy": 0.58673, "precision": 0.0, "recall": 0.0, "f1": 0.0, "auc": 0.45723}
{"epoch": 85, "time_epoch": 2.93632, "eta": 41.55587, "eta_hours": 0.01154, "loss": 0.67805312, "lr": 5.45e-05, "params": 4849, "time_iter": 0.00999, "accuracy": 0.58673, "precision": 0.0, "recall": 0.0, "f1": 0.0, "auc": 0.45637}
{"epoch": 86, "time_epoch": 2.92771, "eta": 38.58154, "eta_hours": 0.01072, "loss": 0.67806723, "lr": 4.759e-05, "params": 4849, "time_iter": 0.00996, "accuracy": 0.58673, "precision": 0.0, "recall": 0.0, "f1": 0.0, "auc": 0.46667}
{"epoch": 87, "time_epoch": 2.92184, "eta": 35.60746, "eta_hours": 0.00989, "loss": 0.67806188, "lr": 4.112e-05, "params": 4849, "time_iter": 0.00994, "accuracy": 0.58673, "precision": 0.0, "recall": 0.0, "f1": 0.0, "auc": 0.45886}
{"epoch": 88, "time_epoch": 2.92758, "eta": 32.63526, "eta_hours": 0.00907, "loss": 0.6780444, "lr": 3.511e-05, "params": 4849, "time_iter": 0.00996, "accuracy": 0.58673, "precision": 0.0, "recall": 0.0, "f1": 0.0, "auc": 0.45269}
{"epoch": 89, "time_epoch": 2.93986, "eta": 29.66542, "eta_hours": 0.00824, "loss": 0.67804912, "lr": 2.956e-05, "params": 4849, "time_iter": 0.01, "accuracy": 0.58673, "precision": 0.0, "recall": 0.0, "f1": 0.0, "auc": 0.4466}
{"epoch": 90, "time_epoch": 2.9413, "eta": 26.69638, "eta_hours": 0.00742, "loss": 0.67803757, "lr": 2.447e-05, "params": 4849, "time_iter": 0.01, "accuracy": 0.58673, "precision": 0.0, "recall": 0.0, "f1": 0.0, "auc": 0.45575}
{"epoch": 91, "time_epoch": 2.88951, "eta": 23.72344, "eta_hours": 0.00659, "loss": 0.67804336, "lr": 1.985e-05, "params": 4849, "time_iter": 0.00983, "accuracy": 0.58673, "precision": 0.0, "recall": 0.0, "f1": 0.0, "auc": 0.44329}
{"epoch": 92, "time_epoch": 2.85409, "eta": 20.74963, "eta_hours": 0.00576, "loss": 0.6780343, "lr": 1.571e-05, "params": 4849, "time_iter": 0.00971, "accuracy": 0.58673, "precision": 0.0, "recall": 0.0, "f1": 0.0, "auc": 0.45699}
{"epoch": 93, "time_epoch": 2.92939, "eta": 17.78318, "eta_hours": 0.00494, "loss": 0.6780309, "lr": 1.204e-05, "params": 4849, "time_iter": 0.00996, "accuracy": 0.58673, "precision": 0.0, "recall": 0.0, "f1": 0.0, "auc": 0.45907}
{"epoch": 94, "time_epoch": 2.92104, "eta": 14.81706, "eta_hours": 0.00412, "loss": 0.67803072, "lr": 8.86e-06, "params": 4849, "time_iter": 0.00994, "accuracy": 0.58673, "precision": 0.0, "recall": 0.0, "f1": 0.0, "auc": 0.44567}
{"epoch": 95, "time_epoch": 2.96617, "eta": 11.85376, "eta_hours": 0.00329, "loss": 0.67802858, "lr": 6.16e-06, "params": 4849, "time_iter": 0.01009, "accuracy": 0.58673, "precision": 0.0, "recall": 0.0, "f1": 0.0, "auc": 0.45669}
{"epoch": 96, "time_epoch": 2.91098, "eta": 8.8887, "eta_hours": 0.00247, "loss": 0.67802805, "lr": 3.94e-06, "params": 4849, "time_iter": 0.0099, "accuracy": 0.58673, "precision": 0.0, "recall": 0.0, "f1": 0.0, "auc": 0.42896}
{"epoch": 97, "time_epoch": 2.96332, "eta": 5.92581, "eta_hours": 0.00165, "loss": 0.67802611, "lr": 2.22e-06, "params": 4849, "time_iter": 0.01008, "accuracy": 0.58673, "precision": 0.0, "recall": 0.0, "f1": 0.0, "auc": 0.44622}
{"epoch": 98, "time_epoch": 2.92748, "eta": 2.96255, "eta_hours": 0.00082, "loss": 0.67802588, "lr": 9.9e-07, "params": 4849, "time_iter": 0.00996, "accuracy": 0.58673, "precision": 0.0, "recall": 0.0, "f1": 0.0, "auc": 0.45715}
{"epoch": 99, "time_epoch": 2.95906, "eta": 0.0, "eta_hours": 0.0, "loss": 0.6780253, "lr": 2.5e-07, "params": 4849, "time_iter": 0.01006, "accuracy": 0.58673, "precision": 0.0, "recall": 0.0, "f1": 0.0, "auc": 0.44273}
