{"epoch": 0, "time_epoch": 16.58371, "eta": 1641.78738, "eta_hours": 0.45605, "loss": 0.67444699, "lr": 0.001, "params": 6215, "time_iter": 0.47382, "accuracy": 0.61511, "precision": 0.83333, "recall": 0.02294, "f1": 0.04464, "auc": 0.65745}
{"epoch": 1, "time_epoch": 1.86895, "eta": 904.18023, "eta_hours": 0.25116, "loss": 0.63737063, "lr": 0.00099975, "params": 6215, "time_iter": 0.0534, "accuracy": 0.69424, "precision": 0.69355, "recall": 0.3945, "f1": 0.50292, "auc": 0.72519}
{"epoch": 2, "time_epoch": 1.70545, "eta": 651.7789, "eta_hours": 0.18105, "loss": 0.59878586, "lr": 0.00099901, "params": 6215, "time_iter": 0.04873, "accuracy": 0.72482, "precision": 0.76423, "recall": 0.43119, "f1": 0.55132, "auc": 0.74879}
{"epoch": 3, "time_epoch": 1.70346, "eta": 524.67772, "eta_hours": 0.14574, "loss": 0.57798229, "lr": 0.00099778, "params": 6215, "time_iter": 0.04867, "accuracy": 0.70863, "precision": 0.69718, "recall": 0.45413, "f1": 0.55, "auc": 0.75585}
{"epoch": 4, "time_epoch": 1.74509, "eta": 448.52666, "eta_hours": 0.12459, "loss": 0.55830937, "lr": 0.00099606, "params": 6215, "time_iter": 0.04986, "accuracy": 0.73561, "precision": 0.72903, "recall": 0.51835, "f1": 0.6059, "auc": 0.7814}
{"epoch": 5, "time_epoch": 1.46801, "eta": 392.83655, "eta_hours": 0.10912, "loss": 0.56433389, "lr": 0.00099384, "params": 6215, "time_iter": 0.04194, "accuracy": 0.69784, "precision": 0.71186, "recall": 0.38532, "f1": 0.5, "auc": 0.76755}
{"epoch": 6, "time_epoch": 1.5545, "eta": 353.78758, "eta_hours": 0.09827, "loss": 0.54778688, "lr": 0.00099114, "params": 6215, "time_iter": 0.04441, "accuracy": 0.74101, "precision": 0.71264, "recall": 0.56881, "f1": 0.63265, "auc": 0.78485}
{"epoch": 7, "time_epoch": 1.81445, "eta": 327.10167, "eta_hours": 0.09086, "loss": 0.51573433, "lr": 0.00098796, "params": 6215, "time_iter": 0.05184, "accuracy": 0.75719, "precision": 0.74556, "recall": 0.57798, "f1": 0.65116, "auc": 0.80605}
{"epoch": 8, "time_epoch": 1.69779, "eta": 304.76319, "eta_hours": 0.08466, "loss": 0.51914563, "lr": 0.00098429, "params": 6215, "time_iter": 0.04851, "accuracy": 0.7482, "precision": 0.75658, "recall": 0.52752, "f1": 0.62162, "auc": 0.80163}
{"epoch": 9, "time_epoch": 1.86984, "eta": 288.10127, "eta_hours": 0.08003, "loss": 0.52324686, "lr": 0.00098015, "params": 6215, "time_iter": 0.05342, "accuracy": 0.7446, "precision": 0.70879, "recall": 0.59174, "f1": 0.645, "auc": 0.79632}
{"epoch": 10, "time_epoch": 1.87174, "eta": 274.14424, "eta_hours": 0.07615, "loss": 0.53750268, "lr": 0.00097553, "params": 6215, "time_iter": 0.05348, "accuracy": 0.72662, "precision": 0.70625, "recall": 0.51835, "f1": 0.59788, "auc": 0.78071}
{"epoch": 11, "time_epoch": 1.83512, "eta": 261.93282, "eta_hours": 0.07276, "loss": 0.51494352, "lr": 0.00097044, "params": 6215, "time_iter": 0.05243, "accuracy": 0.7536, "precision": 0.74545, "recall": 0.56422, "f1": 0.6423, "auc": 0.81141}
{"epoch": 12, "time_epoch": 1.78174, "eta": 250.96054, "eta_hours": 0.06971, "loss": 0.5167951, "lr": 0.00096489, "params": 6215, "time_iter": 0.05091, "accuracy": 0.7446, "precision": 0.72093, "recall": 0.56881, "f1": 0.6359, "auc": 0.80427}
{"epoch": 13, "time_epoch": 1.94496, "eta": 242.30382, "eta_hours": 0.06731, "loss": 0.51215633, "lr": 0.00095888, "params": 6215, "time_iter": 0.05557, "accuracy": 0.7554, "precision": 0.73034, "recall": 0.59633, "f1": 0.65657, "auc": 0.81726}
{"epoch": 14, "time_epoch": 1.68955, "eta": 233.09468, "eta_hours": 0.06475, "loss": 0.51201214, "lr": 0.00095241, "params": 6215, "time_iter": 0.04827, "accuracy": 0.74281, "precision": 0.70718, "recall": 0.58716, "f1": 0.6416, "auc": 0.80988}
{"epoch": 15, "time_epoch": 1.80784, "eta": 225.44655, "eta_hours": 0.06262, "loss": 0.49558811, "lr": 0.0009455, "params": 6215, "time_iter": 0.05165, "accuracy": 0.77878, "precision": 0.76536, "recall": 0.62844, "f1": 0.69018, "auc": 0.8225}
{"epoch": 16, "time_epoch": 1.59611, "eta": 217.45175, "eta_hours": 0.0604, "loss": 0.51312221, "lr": 0.00093815, "params": 6215, "time_iter": 0.0456, "accuracy": 0.76799, "precision": 0.76023, "recall": 0.59633, "f1": 0.66838, "auc": 0.81563}
{"epoch": 17, "time_epoch": 1.465, "eta": 209.57063, "eta_hours": 0.05821, "loss": 0.49726902, "lr": 0.00093037, "params": 6215, "time_iter": 0.04186, "accuracy": 0.76079, "precision": 0.75148, "recall": 0.58257, "f1": 0.65633, "auc": 0.82121}
{"epoch": 18, "time_epoch": 1.53382, "eta": 202.65828, "eta_hours": 0.05629, "loss": 0.51622951, "lr": 0.00092216, "params": 6215, "time_iter": 0.04382, "accuracy": 0.75899, "precision": 0.73864, "recall": 0.59633, "f1": 0.6599, "auc": 0.813}
{"epoch": 19, "time_epoch": 2.06169, "eta": 198.39526, "eta_hours": 0.05511, "loss": 0.4961791, "lr": 0.00091354, "params": 6215, "time_iter": 0.05891, "accuracy": 0.77878, "precision": 0.76243, "recall": 0.63303, "f1": 0.69173, "auc": 0.82103}
{"epoch": 20, "time_epoch": 1.69439, "eta": 192.96017, "eta_hours": 0.0536, "loss": 0.50922834, "lr": 0.00090451, "params": 6215, "time_iter": 0.04841, "accuracy": 0.75, "precision": 0.74534, "recall": 0.55046, "f1": 0.63325, "auc": 0.81128}
{"epoch": 21, "time_epoch": 1.78021, "eta": 188.16939, "eta_hours": 0.05227, "loss": 0.50342945, "lr": 0.00089508, "params": 6215, "time_iter": 0.05086, "accuracy": 0.7464, "precision": 0.70157, "recall": 0.61468, "f1": 0.65526, "auc": 0.81149}
{"epoch": 22, "time_epoch": 1.782, "eta": 183.6464, "eta_hours": 0.05101, "loss": 0.50109688, "lr": 0.00088526, "params": 6215, "time_iter": 0.05091, "accuracy": 0.7518, "precision": 0.72222, "recall": 0.59633, "f1": 0.65327, "auc": 0.81927}
{"epoch": 23, "time_epoch": 1.3687, "eta": 178.04303, "eta_hours": 0.04946, "loss": 0.51489124, "lr": 0.00087506, "params": 6215, "time_iter": 0.03911, "accuracy": 0.75, "precision": 0.73373, "recall": 0.56881, "f1": 0.64083, "auc": 0.79922}
{"epoch": 24, "time_epoch": 1.41576, "eta": 172.91961, "eta_hours": 0.04803, "loss": 0.51726515, "lr": 0.00086448, "params": 6215, "time_iter": 0.04045, "accuracy": 0.7554, "precision": 0.73563, "recall": 0.58716, "f1": 0.65306, "auc": 0.79792}
{"epoch": 25, "time_epoch": 1.73101, "eta": 168.97866, "eta_hours": 0.04694, "loss": 0.51233228, "lr": 0.00085355, "params": 6215, "time_iter": 0.04946, "accuracy": 0.7518, "precision": 0.72472, "recall": 0.59174, "f1": 0.65152, "auc": 0.80733}
{"epoch": 26, "time_epoch": 1.53855, "eta": 164.68105, "eta_hours": 0.04574, "loss": 0.50050149, "lr": 0.00084227, "params": 6215, "time_iter": 0.04396, "accuracy": 0.76439, "precision": 0.77707, "recall": 0.55963, "f1": 0.65067, "auc": 0.81871}
{"epoch": 27, "time_epoch": 1.63491, "eta": 160.82832, "eta_hours": 0.04467, "loss": 0.50170125, "lr": 0.00083066, "params": 6215, "time_iter": 0.04671, "accuracy": 0.75, "precision": 0.73099, "recall": 0.57339, "f1": 0.64267, "auc": 0.81375}
{"epoch": 28, "time_epoch": 1.70971, "eta": 157.31166, "eta_hours": 0.0437, "loss": 0.51244799, "lr": 0.00081871, "params": 6215, "time_iter": 0.04885, "accuracy": 0.7464, "precision": 0.72781, "recall": 0.56422, "f1": 0.63566, "auc": 0.80218}
{"epoch": 29, "time_epoch": 1.193, "eta": 152.70979, "eta_hours": 0.04242, "loss": 0.50083215, "lr": 0.00080645, "params": 6215, "time_iter": 0.03409, "accuracy": 0.7518, "precision": 0.72727, "recall": 0.58716, "f1": 0.64975, "auc": 0.81562}
{"epoch": 30, "time_epoch": 1.11299, "eta": 148.14979, "eta_hours": 0.04115, "loss": 0.48718705, "lr": 0.00079389, "params": 6215, "time_iter": 0.0318, "accuracy": 0.76799, "precision": 0.75429, "recall": 0.6055, "f1": 0.67176, "auc": 0.83258}
{"epoch": 31, "time_epoch": 1.1248, "eta": 143.83031, "eta_hours": 0.03995, "loss": 0.48288049, "lr": 0.00078104, "params": 6215, "time_iter": 0.03214, "accuracy": 0.77158, "precision": 0.75706, "recall": 0.61468, "f1": 0.67848, "auc": 0.82919}
{"epoch": 32, "time_epoch": 1.31484, "eta": 140.09029, "eta_hours": 0.03891, "loss": 0.49635407, "lr": 0.00076791, "params": 6215, "time_iter": 0.03757, "accuracy": 0.7482, "precision": 0.72159, "recall": 0.58257, "f1": 0.64467, "auc": 0.81912}
{"epoch": 33, "time_epoch": 1.59208, "eta": 137.03109, "eta_hours": 0.03806, "loss": 0.50453069, "lr": 0.00075452, "params": 6215, "time_iter": 0.04549, "accuracy": 0.75719, "precision": 0.75152, "recall": 0.56881, "f1": 0.64752, "auc": 0.8102}
{"epoch": 34, "time_epoch": 1.42376, "eta": 133.74313, "eta_hours": 0.03715, "loss": 0.49962613, "lr": 0.00074088, "params": 6215, "time_iter": 0.04068, "accuracy": 0.76439, "precision": 0.74857, "recall": 0.60092, "f1": 0.66667, "auc": 0.81886}
{"epoch": 35, "time_epoch": 1.59215, "eta": 130.8581, "eta_hours": 0.03635, "loss": 0.49231633, "lr": 0.000727, "params": 6215, "time_iter": 0.04549, "accuracy": 0.76619, "precision": 0.73404, "recall": 0.63303, "f1": 0.6798, "auc": 0.82266}
{"epoch": 36, "time_epoch": 1.77272, "eta": 128.35041, "eta_hours": 0.03565, "loss": 0.50158834, "lr": 0.00071289, "params": 6215, "time_iter": 0.05065, "accuracy": 0.7554, "precision": 0.71579, "recall": 0.62385, "f1": 0.66667, "auc": 0.81186}
{"epoch": 37, "time_epoch": 1.4263, "eta": 125.3162, "eta_hours": 0.03481, "loss": 0.49331757, "lr": 0.00069857, "params": 6215, "time_iter": 0.04075, "accuracy": 0.76439, "precision": 0.7574, "recall": 0.58716, "f1": 0.6615, "auc": 0.825}
{"epoch": 38, "time_epoch": 1.4266, "eta": 122.36491, "eta_hours": 0.03399, "loss": 0.49517774, "lr": 0.00068406, "params": 6215, "time_iter": 0.04076, "accuracy": 0.76978, "precision": 0.76163, "recall": 0.60092, "f1": 0.67179, "auc": 0.81938}
{"epoch": 39, "time_epoch": 1.73291, "eta": 119.94932, "eta_hours": 0.03332, "loss": 0.49288457, "lr": 0.00066937, "params": 6215, "time_iter": 0.04951, "accuracy": 0.75719, "precision": 0.71728, "recall": 0.62844, "f1": 0.66993, "auc": 0.82455}
{"epoch": 40, "time_epoch": 1.65006, "eta": 117.44782, "eta_hours": 0.03262, "loss": 0.48825038, "lr": 0.00065451, "params": 6215, "time_iter": 0.04714, "accuracy": 0.76799, "precision": 0.73298, "recall": 0.6422, "f1": 0.6846, "auc": 0.82612}
{"epoch": 41, "time_epoch": 1.57437, "eta": 114.88232, "eta_hours": 0.03191, "loss": 0.50351287, "lr": 0.0006395, "params": 6215, "time_iter": 0.04498, "accuracy": 0.7464, "precision": 0.72254, "recall": 0.57339, "f1": 0.63939, "auc": 0.81172}
{"epoch": 42, "time_epoch": 1.70831, "eta": 112.54048, "eta_hours": 0.03126, "loss": 0.49942153, "lr": 0.00062434, "params": 6215, "time_iter": 0.04881, "accuracy": 0.75899, "precision": 0.72581, "recall": 0.61927, "f1": 0.66832, "auc": 0.81584}
{"epoch": 43, "time_epoch": 1.43567, "eta": 109.88043, "eta_hours": 0.03052, "loss": 0.49612079, "lr": 0.00060907, "params": 6215, "time_iter": 0.04102, "accuracy": 0.76619, "precision": 0.73656, "recall": 0.62844, "f1": 0.67822, "auc": 0.82297}
{"epoch": 44, "time_epoch": 1.46523, "eta": 107.31093, "eta_hours": 0.02981, "loss": 0.49748897, "lr": 0.00059369, "params": 6215, "time_iter": 0.04186, "accuracy": 0.76799, "precision": 0.7697, "recall": 0.58257, "f1": 0.66319, "auc": 0.81588}
{"epoch": 45, "time_epoch": 1.56994, "eta": 104.91237, "eta_hours": 0.02914, "loss": 0.49283194, "lr": 0.00057822, "params": 6215, "time_iter": 0.04486, "accuracy": 0.76799, "precision": 0.75429, "recall": 0.6055, "f1": 0.67176, "auc": 0.81924}
{"epoch": 46, "time_epoch": 1.57573, "eta": 102.5556, "eta_hours": 0.02849, "loss": 0.50372972, "lr": 0.00056267, "params": 6215, "time_iter": 0.04502, "accuracy": 0.76978, "precision": 0.77778, "recall": 0.57798, "f1": 0.66316, "auc": 0.81208}
{"epoch": 47, "time_epoch": 1.29289, "eta": 99.92495, "eta_hours": 0.02776, "loss": 0.47686, "lr": 0.00054705, "params": 6215, "time_iter": 0.03694, "accuracy": 0.76619, "precision": 0.73656, "recall": 0.62844, "f1": 0.67822, "auc": 0.83273}
{"epoch": 48, "time_epoch": 1.30032, "eta": 97.35664, "eta_hours": 0.02704, "loss": 0.47938659, "lr": 0.0005314, "params": 6215, "time_iter": 0.03715, "accuracy": 0.77698, "precision": 0.74737, "recall": 0.65138, "f1": 0.69608, "auc": 0.83151}
{"epoch": 49, "time_epoch": 1.75336, "eta": 95.29209, "eta_hours": 0.02647, "loss": 0.47818105, "lr": 0.00051571, "params": 6215, "time_iter": 0.0501, "accuracy": 0.75899, "precision": 0.74419, "recall": 0.58716, "f1": 0.65641, "auc": 0.83387}
{"epoch": 50, "time_epoch": 1.65628, "eta": 93.14648, "eta_hours": 0.02587, "loss": 0.4962716, "lr": 0.0005, "params": 6215, "time_iter": 0.04732, "accuracy": 0.75719, "precision": 0.73446, "recall": 0.59633, "f1": 0.65823, "auc": 0.81852}
{"epoch": 51, "time_epoch": 1.55784, "eta": 90.92881, "eta_hours": 0.02526, "loss": 0.49242888, "lr": 0.00048429, "params": 6215, "time_iter": 0.04451, "accuracy": 0.75899, "precision": 0.73864, "recall": 0.59633, "f1": 0.6599, "auc": 0.82215}
{"epoch": 52, "time_epoch": 1.78041, "eta": 88.93342, "eta_hours": 0.0247, "loss": 0.48850653, "lr": 0.0004686, "params": 6215, "time_iter": 0.05087, "accuracy": 0.76799, "precision": 0.75141, "recall": 0.61009, "f1": 0.67342, "auc": 0.82671}
{"epoch": 53, "time_epoch": 1.214, "eta": 86.46349, "eta_hours": 0.02402, "loss": 0.4914519, "lr": 0.00045295, "params": 6215, "time_iter": 0.03469, "accuracy": 0.76978, "precision": 0.75568, "recall": 0.61009, "f1": 0.67513, "auc": 0.81893}
{"epoch": 54, "time_epoch": 1.11488, "eta": 83.95814, "eta_hours": 0.02332, "loss": 0.49708777, "lr": 0.00043733, "params": 6215, "time_iter": 0.03185, "accuracy": 0.76079, "precision": 0.74566, "recall": 0.59174, "f1": 0.65985, "auc": 0.81997}
{"epoch": 55, "time_epoch": 1.11752, "eta": 81.50452, "eta_hours": 0.02264, "loss": 0.48338001, "lr": 0.00042178, "params": 6215, "time_iter": 0.03193, "accuracy": 0.76259, "precision": 0.74713, "recall": 0.59633, "f1": 0.66327, "auc": 0.83033}
{"epoch": 56, "time_epoch": 1.6458, "eta": 79.49631, "eta_hours": 0.02208, "loss": 0.48089401, "lr": 0.00040631, "params": 6215, "time_iter": 0.04702, "accuracy": 0.76619, "precision": 0.73656, "recall": 0.62844, "f1": 0.67822, "auc": 0.83178}
{"epoch": 57, "time_epoch": 1.33711, "eta": 77.27706, "eta_hours": 0.02147, "loss": 0.49279876, "lr": 0.00039093, "params": 6215, "time_iter": 0.0382, "accuracy": 0.76079, "precision": 0.72727, "recall": 0.62385, "f1": 0.6716, "auc": 0.81935}
{"epoch": 58, "time_epoch": 1.48457, "eta": 75.19018, "eta_hours": 0.02089, "loss": 0.48076098, "lr": 0.00037566, "params": 6215, "time_iter": 0.04242, "accuracy": 0.7554, "precision": 0.73837, "recall": 0.58257, "f1": 0.65128, "auc": 0.82757}
{"epoch": 59, "time_epoch": 1.66059, "eta": 73.24073, "eta_hours": 0.02034, "loss": 0.47285061, "lr": 0.0003605, "params": 6215, "time_iter": 0.04745, "accuracy": 0.76619, "precision": 0.75287, "recall": 0.60092, "f1": 0.66837, "auc": 0.83758}
{"epoch": 60, "time_epoch": 1.70473, "eta": 71.32897, "eta_hours": 0.01981, "loss": 0.47990955, "lr": 0.00034549, "params": 6215, "time_iter": 0.04871, "accuracy": 0.76259, "precision": 0.74432, "recall": 0.60092, "f1": 0.66497, "auc": 0.83295}
{"epoch": 61, "time_epoch": 1.56433, "eta": 69.33784, "eta_hours": 0.01926, "loss": 0.48081356, "lr": 0.00033063, "params": 6215, "time_iter": 0.0447, "accuracy": 0.76079, "precision": 0.72727, "recall": 0.62385, "f1": 0.6716, "auc": 0.83479}
{"epoch": 62, "time_epoch": 1.6577, "eta": 67.41509, "eta_hours": 0.01873, "loss": 0.4805313, "lr": 0.00031594, "params": 6215, "time_iter": 0.04736, "accuracy": 0.75899, "precision": 0.73333, "recall": 0.6055, "f1": 0.66332, "auc": 0.82939}
{"epoch": 63, "time_epoch": 1.59344, "eta": 65.46448, "eta_hours": 0.01818, "loss": 0.49456799, "lr": 0.00030143, "params": 6215, "time_iter": 0.04553, "accuracy": 0.76619, "precision": 0.76506, "recall": 0.58257, "f1": 0.66146, "auc": 0.81915}
{"epoch": 64, "time_epoch": 1.2908, "eta": 63.3619, "eta_hours": 0.0176, "loss": 0.47928359, "lr": 0.00028711, "params": 6215, "time_iter": 0.03688, "accuracy": 0.76439, "precision": 0.75145, "recall": 0.59633, "f1": 0.66496, "auc": 0.83346}
{"epoch": 65, "time_epoch": 1.44528, "eta": 61.3635, "eta_hours": 0.01705, "loss": 0.48749052, "lr": 0.000273, "params": 6215, "time_iter": 0.04129, "accuracy": 0.76978, "precision": 0.75862, "recall": 0.6055, "f1": 0.67347, "auc": 0.82376}
{"epoch": 66, "time_epoch": 1.73546, "eta": 59.52453, "eta_hours": 0.01653, "loss": 0.48453659, "lr": 0.00025912, "params": 6215, "time_iter": 0.04958, "accuracy": 0.77338, "precision": 0.76744, "recall": 0.6055, "f1": 0.67692, "auc": 0.82472}
{"epoch": 67, "time_epoch": 1.5589, "eta": 57.60552, "eta_hours": 0.016, "loss": 0.4861985, "lr": 0.00024548, "params": 6215, "time_iter": 0.04454, "accuracy": 0.77338, "precision": 0.75, "recall": 0.63303, "f1": 0.68657, "auc": 0.82662}
{"epoch": 68, "time_epoch": 1.47851, "eta": 55.66083, "eta_hours": 0.01546, "loss": 0.48841031, "lr": 0.00023209, "params": 6215, "time_iter": 0.04224, "accuracy": 0.77698, "precision": 0.77326, "recall": 0.61009, "f1": 0.68205, "auc": 0.82847}
{"epoch": 69, "time_epoch": 1.66769, "eta": 53.81054, "eta_hours": 0.01495, "loss": 0.49743684, "lr": 0.00021896, "params": 6215, "time_iter": 0.04765, "accuracy": 0.77338, "precision": 0.75556, "recall": 0.62385, "f1": 0.68342, "auc": 0.81407}
{"epoch": 70, "time_epoch": 1.55996, "eta": 51.92139, "eta_hours": 0.01442, "loss": 0.4921908, "lr": 0.00020611, "params": 6215, "time_iter": 0.04457, "accuracy": 0.76259, "precision": 0.75294, "recall": 0.58716, "f1": 0.65979, "auc": 0.81394}
{"epoch": 71, "time_epoch": 1.43899, "eta": 49.99434, "eta_hours": 0.01389, "loss": 0.48740824, "lr": 0.00019355, "params": 6215, "time_iter": 0.04111, "accuracy": 0.76799, "precision": 0.76023, "recall": 0.59633, "f1": 0.66838, "auc": 0.82946}
{"epoch": 72, "time_epoch": 1.60837, "eta": 48.14331, "eta_hours": 0.01337, "loss": 0.47926916, "lr": 0.00018129, "params": 6215, "time_iter": 0.04595, "accuracy": 0.77518, "precision": 0.76879, "recall": 0.61009, "f1": 0.68031, "auc": 0.83059}
{"epoch": 73, "time_epoch": 1.43987, "eta": 46.23964, "eta_hours": 0.01284, "loss": 0.47875869, "lr": 0.00016934, "params": 6215, "time_iter": 0.04114, "accuracy": 0.76799, "precision": 0.7486, "recall": 0.61468, "f1": 0.67506, "auc": 0.83427}
{"epoch": 74, "time_epoch": 1.35695, "eta": 44.32069, "eta_hours": 0.01231, "loss": 0.49704559, "lr": 0.00015773, "params": 6215, "time_iter": 0.03877, "accuracy": 0.76439, "precision": 0.7377, "recall": 0.61927, "f1": 0.67332, "auc": 0.8201}
{"epoch": 75, "time_epoch": 1.28948, "eta": 42.39523, "eta_hours": 0.01178, "loss": 0.47761055, "lr": 0.00014645, "params": 6215, "time_iter": 0.03684, "accuracy": 0.76079, "precision": 0.75449, "recall": 0.57798, "f1": 0.65455, "auc": 0.8298}
{"epoch": 76, "time_epoch": 1.63125, "eta": 40.58837, "eta_hours": 0.01127, "loss": 0.49197881, "lr": 0.00013552, "params": 6215, "time_iter": 0.04661, "accuracy": 0.77878, "precision": 0.77457, "recall": 0.61468, "f1": 0.68542, "auc": 0.82367}
{"epoch": 77, "time_epoch": 1.59512, "eta": 38.77583, "eta_hours": 0.01077, "loss": 0.48180075, "lr": 0.00012494, "params": 6215, "time_iter": 0.04557, "accuracy": 0.77518, "precision": 0.75691, "recall": 0.62844, "f1": 0.68672, "auc": 0.82922}
{"epoch": 78, "time_epoch": 1.47135, "eta": 36.93588, "eta_hours": 0.01026, "loss": 0.48800051, "lr": 0.00011474, "params": 6215, "time_iter": 0.04204, "accuracy": 0.7554, "precision": 0.72527, "recall": 0.6055, "f1": 0.66, "auc": 0.82623}
{"epoch": 79, "time_epoch": 1.71305, "eta": 35.16558, "eta_hours": 0.00977, "loss": 0.47119646, "lr": 0.00010492, "params": 6215, "time_iter": 0.04894, "accuracy": 0.76799, "precision": 0.75723, "recall": 0.60092, "f1": 0.67008, "auc": 0.83855}
{"epoch": 80, "time_epoch": 1.75951, "eta": 33.40759, "eta_hours": 0.00928, "loss": 0.4927034, "lr": 9.549e-05, "params": 6215, "time_iter": 0.05027, "accuracy": 0.76079, "precision": 0.72973, "recall": 0.61927, "f1": 0.66998, "auc": 0.82144}
{"epoch": 81, "time_epoch": 1.59729, "eta": 31.61395, "eta_hours": 0.00878, "loss": 0.48286187, "lr": 8.646e-05, "params": 6215, "time_iter": 0.04564, "accuracy": 0.76079, "precision": 0.72727, "recall": 0.62385, "f1": 0.6716, "auc": 0.82924}
{"epoch": 82, "time_epoch": 1.81637, "eta": 29.86992, "eta_hours": 0.0083, "loss": 0.47542314, "lr": 7.784e-05, "params": 6215, "time_iter": 0.0519, "accuracy": 0.77158, "precision": 0.75419, "recall": 0.61927, "f1": 0.6801, "auc": 0.82854}
{"epoch": 83, "time_epoch": 1.72079, "eta": 28.10596, "eta_hours": 0.00781, "loss": 0.48253247, "lr": 6.963e-05, "params": 6215, "time_iter": 0.04917, "accuracy": 0.77518, "precision": 0.76571, "recall": 0.61468, "f1": 0.68193, "auc": 0.83048}
{"epoch": 84, "time_epoch": 1.48732, "eta": 26.30181, "eta_hours": 0.00731, "loss": 0.47603137, "lr": 6.185e-05, "params": 6215, "time_iter": 0.04249, "accuracy": 0.77698, "precision": 0.75543, "recall": 0.63761, "f1": 0.69154, "auc": 0.83724}
{"epoch": 85, "time_epoch": 1.57482, "eta": 24.51928, "eta_hours": 0.00681, "loss": 0.49332108, "lr": 5.45e-05, "params": 6215, "time_iter": 0.04499, "accuracy": 0.7464, "precision": 0.71508, "recall": 0.58716, "f1": 0.64484, "auc": 0.822}
{"epoch": 86, "time_epoch": 1.87281, "eta": 22.78605, "eta_hours": 0.00633, "loss": 0.47428245, "lr": 4.759e-05, "params": 6215, "time_iter": 0.05351, "accuracy": 0.77878, "precision": 0.76536, "recall": 0.62844, "f1": 0.69018, "auc": 0.83264}
{"epoch": 87, "time_epoch": 1.61325, "eta": 21.01425, "eta_hours": 0.00584, "loss": 0.47941884, "lr": 4.112e-05, "params": 6215, "time_iter": 0.04609, "accuracy": 0.77158, "precision": 0.75419, "recall": 0.61927, "f1": 0.6801, "auc": 0.83264}
{"epoch": 88, "time_epoch": 1.65225, "eta": 19.25083, "eta_hours": 0.00535, "loss": 0.48249024, "lr": 3.511e-05, "params": 6215, "time_iter": 0.04721, "accuracy": 0.77158, "precision": 0.75419, "recall": 0.61927, "f1": 0.6801, "auc": 0.82953}
{"epoch": 89, "time_epoch": 1.74687, "eta": 17.5004, "eta_hours": 0.00486, "loss": 0.48952143, "lr": 2.956e-05, "params": 6215, "time_iter": 0.04991, "accuracy": 0.76439, "precision": 0.74857, "recall": 0.60092, "f1": 0.66667, "auc": 0.8236}
{"epoch": 90, "time_epoch": 1.67189, "eta": 15.74263, "eta_hours": 0.00437, "loss": 0.48291312, "lr": 2.447e-05, "params": 6215, "time_iter": 0.04777, "accuracy": 0.7554, "precision": 0.72778, "recall": 0.60092, "f1": 0.65829, "auc": 0.83025}
{"epoch": 91, "time_epoch": 1.76337, "eta": 13.99468, "eta_hours": 0.00389, "loss": 0.4848458, "lr": 1.985e-05, "params": 6215, "time_iter": 0.05038, "accuracy": 0.76799, "precision": 0.74586, "recall": 0.61927, "f1": 0.67669, "auc": 0.82212}
{"epoch": 92, "time_epoch": 1.64943, "eta": 12.23783, "eta_hours": 0.0034, "loss": 0.46762094, "lr": 1.571e-05, "params": 6215, "time_iter": 0.04713, "accuracy": 0.77878, "precision": 0.77457, "recall": 0.61468, "f1": 0.68542, "auc": 0.84035}
{"epoch": 93, "time_epoch": 1.7275, "eta": 10.48824, "eta_hours": 0.00291, "loss": 0.48588488, "lr": 1.204e-05, "params": 6215, "time_iter": 0.04936, "accuracy": 0.7554, "precision": 0.73295, "recall": 0.59174, "f1": 0.65482, "auc": 0.82943}
{"epoch": 94, "time_epoch": 1.81491, "eta": 8.74372, "eta_hours": 0.00243, "loss": 0.4822667, "lr": 8.86e-06, "params": 6215, "time_iter": 0.05185, "accuracy": 0.77698, "precision": 0.76404, "recall": 0.62385, "f1": 0.68687, "auc": 0.83178}
{"epoch": 95, "time_epoch": 1.61905, "eta": 6.98957, "eta_hours": 0.00194, "loss": 0.48913752, "lr": 6.16e-06, "params": 6215, "time_iter": 0.04626, "accuracy": 0.76978, "precision": 0.75, "recall": 0.61927, "f1": 0.67839, "auc": 0.82069}
{"epoch": 96, "time_epoch": 1.48439, "eta": 5.23405, "eta_hours": 0.00145, "loss": 0.48241946, "lr": 3.94e-06, "params": 6215, "time_iter": 0.04241, "accuracy": 0.77158, "precision": 0.76301, "recall": 0.6055, "f1": 0.67519, "auc": 0.83178}
{"epoch": 97, "time_epoch": 1.57125, "eta": 3.48582, "eta_hours": 0.00097, "loss": 0.49635959, "lr": 2.22e-06, "params": 6215, "time_iter": 0.04489, "accuracy": 0.7518, "precision": 0.72472, "recall": 0.59174, "f1": 0.65152, "auc": 0.82014}
{"epoch": 98, "time_epoch": 1.69214, "eta": 1.7424, "eta_hours": 0.00048, "loss": 0.4741298, "lr": 9.9e-07, "params": 6215, "time_iter": 0.04835, "accuracy": 0.77158, "precision": 0.76, "recall": 0.61009, "f1": 0.67684, "auc": 0.83576}
{"epoch": 99, "time_epoch": 1.61471, "eta": 0.0, "eta_hours": 0.0, "loss": 0.48043688, "lr": 2.5e-07, "params": 6215, "time_iter": 0.04613, "accuracy": 0.7518, "precision": 0.71739, "recall": 0.6055, "f1": 0.65672, "auc": 0.82624}
