{"epoch": 0, "time_epoch": 28.49316, "time_epoch_std": 0.60131, "eta": 2820.82233, "eta_std": 59.52993, "eta_hours": 0.78356, "eta_hours_std": 0.01654, "loss": 1.10484, "loss_std": 0.00678, "lr": 0.001, "lr_std": 0.0, "params": 3899.0, "params_std": 0.0, "time_iter": 0.60624, "time_iter_std": 0.0128, "accuracy": 0.33833, "accuracy_std": 0.014, "accuracy_max": 0.35467, "f1": 0.211, "f1_std": 0.04592, "auc": 0.47854, "auc_std": 0.00957}
{"epoch": 1, "time_epoch": 28.26649, "time_epoch_std": 0.59094, "eta": 2781.2226, "eta_std": 58.41612, "eta_hours": 0.77256, "eta_hours_std": 0.01622, "loss": 1.09882, "loss_std": 0.00057, "lr": 0.001, "lr_std": 0.0, "params": 3899.0, "params_std": 0.0, "time_iter": 0.60142, "time_iter_std": 0.01257, "accuracy": 0.34734, "accuracy_std": 0.0127, "accuracy_max": 0.35467, "f1": 0.19528, "f1_std": 0.03593, "auc": 0.46261, "auc_std": 0.00759}
{"epoch": 2, "time_epoch": 28.30189, "time_epoch_std": 0.61406, "eta": 2750.32288, "eta_std": 58.39647, "eta_hours": 0.76398, "eta_hours_std": 0.01622, "loss": 1.09869, "loss_std": 0.00017, "lr": 0.001, "lr_std": 0.0, "params": 3899.0, "params_std": 0.0, "time_iter": 0.60217, "time_iter_std": 0.01307, "accuracy": 0.35467, "accuracy_std": 0.0, "accuracy_max": 0.35467, "f1": 0.17454, "f1_std": 0.0, "auc": 0.45747, "auc_std": 0.00772}
{"epoch": 3, "time_epoch": 28.39593, "time_epoch_std": 0.60494, "eta": 2722.97904, "eta_std": 57.86397, "eta_hours": 0.75639, "eta_hours_std": 0.01607, "loss": 1.09847, "loss_std": 0.00015, "lr": 0.001, "lr_std": 0.0, "params": 3899.0, "params_std": 0.0, "time_iter": 0.60417, "time_iter_std": 0.01287, "accuracy": 0.35467, "accuracy_std": 0.0, "accuracy_max": 0.35467, "f1": 0.17454, "f1_std": 0.0, "auc": 0.46661, "auc_std": 0.00469}
{"epoch": 4, "time_epoch": 28.29872, "time_epoch_std": 0.58792, "eta": 2693.36728, "eta_std": 56.97875, "eta_hours": 0.74816, "eta_hours_std": 0.01583, "loss": 1.09822, "loss_std": 0.00043, "lr": 0.001, "lr_std": 0.0, "params": 3899.0, "params_std": 0.0, "time_iter": 0.6021, "time_iter_std": 0.01251, "accuracy": 0.35467, "accuracy_std": 0.0, "accuracy_max": 0.35467, "f1": 0.17454, "f1_std": 0.0, "auc": 0.47168, "auc_std": 0.00782}
{"epoch": 5, "time_epoch": 28.3005, "time_epoch_std": 0.60894, "eta": 2664.22113, "eta_std": 56.51897, "eta_hours": 0.74006, "eta_hours_std": 0.0157, "loss": 1.09862, "loss_std": 0.00064, "lr": 0.00099, "lr_std": 0.0, "params": 3899.0, "params_std": 0.0, "time_iter": 0.60214, "time_iter_std": 0.01296, "accuracy": 0.35467, "accuracy_std": 0.0, "accuracy_max": 0.35467, "f1": 0.17454, "f1_std": 0.0, "auc": 0.45135, "auc_std": 0.00425}
{"epoch": 6, "time_epoch": 28.31224, "time_epoch_std": 0.62034, "eta": 2635.47269, "eta_std": 56.16839, "eta_hours": 0.73208, "eta_hours_std": 0.0156, "loss": 1.09827, "loss_std": 0.00013, "lr": 0.00099, "lr_std": 0.0, "params": 3899.0, "params_std": 0.0, "time_iter": 0.60239, "time_iter_std": 0.0132, "accuracy": 0.35467, "accuracy_std": 0.0, "accuracy_max": 0.35467, "f1": 0.17454, "f1_std": 0.0, "auc": 0.4672, "auc_std": 0.01213}
{"epoch": 7, "time_epoch": 28.34575, "time_epoch_std": 0.57667, "eta": 2607.21862, "eta_std": 55.24657, "eta_hours": 0.72423, "eta_hours_std": 0.01534, "loss": 1.09813, "loss_std": 0.00015, "lr": 0.00099, "lr_std": 0.0, "params": 3899.0, "params_std": 0.0, "time_iter": 0.6031, "time_iter_std": 0.01227, "accuracy": 0.35467, "accuracy_std": 0.0, "accuracy_max": 0.35467, "f1": 0.17454, "f1_std": 0.0, "auc": 0.46005, "auc_std": 0.01062}
{"epoch": 8, "time_epoch": 28.37819, "time_epoch_std": 0.64784, "eta": 2579.27218, "eta_std": 55.12284, "eta_hours": 0.71646, "eta_hours_std": 0.01531, "loss": 1.0984, "loss_std": 0.00042, "lr": 0.00098, "lr_std": 0.0, "params": 3899.0, "params_std": 0.0, "time_iter": 0.60379, "time_iter_std": 0.01379, "accuracy": 0.35467, "accuracy_std": 0.0, "accuracy_max": 0.35467, "f1": 0.17454, "f1_std": 0.0, "auc": 0.4609, "auc_std": 0.00476}
{"epoch": 9, "time_epoch": 28.30638, "time_epoch_std": 0.59232, "eta": 2550.59312, "eta_std": 54.39542, "eta_hours": 0.7085, "eta_hours_std": 0.01511, "loss": 1.0985, "loss_std": 0.00029, "lr": 0.00098, "lr_std": 0.0, "params": 3899.0, "params_std": 0.0, "time_iter": 0.60226, "time_iter_std": 0.0126, "accuracy": 0.35467, "accuracy_std": 0.0, "accuracy_max": 0.35467, "f1": 0.17454, "f1_std": 0.0, "auc": 0.45654, "auc_std": 0.01019}
{"epoch": 10, "time_epoch": 28.31801, "time_epoch_std": 0.60819, "eta": 2522.07587, "eta_std": 53.82165, "eta_hours": 0.70058, "eta_hours_std": 0.01495, "loss": 1.09833, "loss_std": 0.0002, "lr": 0.00098, "lr_std": 0.0, "params": 3899.0, "params_std": 0.0, "time_iter": 0.60251, "time_iter_std": 0.01294, "accuracy": 0.35467, "accuracy_std": 0.0, "accuracy_max": 0.35467, "f1": 0.17454, "f1_std": 0.0, "auc": 0.4642, "auc_std": 0.01021}
{"epoch": 11, "time_epoch": 28.47185, "time_epoch_std": 0.75234, "eta": 2494.71998, "eta_std": 54.10135, "eta_hours": 0.69298, "eta_hours_std": 0.01503, "loss": 1.09816, "loss_std": 8e-05, "lr": 0.00097, "lr_std": 0.0, "params": 3899.0, "params_std": 0.0, "time_iter": 0.60578, "time_iter_std": 0.01601, "accuracy": 0.35467, "accuracy_std": 0.0, "accuracy_max": 0.35467, "f1": 0.17454, "f1_std": 0.0, "auc": 0.45912, "auc_std": 0.01538}
{"epoch": 12, "time_epoch": 28.33284, "time_epoch_std": 0.55978, "eta": 2466.26218, "eta_std": 53.08161, "eta_hours": 0.68507, "eta_hours_std": 0.01474, "loss": 1.09827, "loss_std": 0.00023, "lr": 0.00096, "lr_std": 0.0, "params": 3899.0, "params_std": 0.0, "time_iter": 0.60283, "time_iter_std": 0.01191, "accuracy": 0.35467, "accuracy_std": 0.0, "accuracy_max": 0.35467, "f1": 0.17454, "f1_std": 0.0, "auc": 0.45912, "auc_std": 0.00488}
{"epoch": 13, "time_epoch": 28.41144, "time_epoch_std": 0.60591, "eta": 2438.30499, "eta_std": 52.23823, "eta_hours": 0.6773, "eta_hours_std": 0.01451, "loss": 1.09852, "loss_std": 0.00044, "lr": 0.00096, "lr_std": 0.0, "params": 3899.0, "params_std": 0.0, "time_iter": 0.6045, "time_iter_std": 0.01289, "accuracy": 0.35467, "accuracy_std": 0.0, "accuracy_max": 0.35467, "f1": 0.17454, "f1_std": 0.0, "auc": 0.44916, "auc_std": 0.00712}
{"epoch": 14, "time_epoch": 28.26801, "time_epoch_std": 0.54721, "eta": 2409.47448, "eta_std": 51.2444, "eta_hours": 0.6693, "eta_hours_std": 0.01424, "loss": 1.0982, "loss_std": 0.00031, "lr": 0.00095, "lr_std": 0.0, "params": 3899.0, "params_std": 0.0, "time_iter": 0.60145, "time_iter_std": 0.01164, "accuracy": 0.35467, "accuracy_std": 0.0, "accuracy_max": 0.35467, "f1": 0.17454, "f1_std": 0.0, "auc": 0.46294, "auc_std": 0.01022}
{"epoch": 15, "time_epoch": 28.37916, "time_epoch_std": 0.67924, "eta": 2381.29786, "eta_std": 50.87097, "eta_hours": 0.66147, "eta_hours_std": 0.01413, "loss": 1.09843, "loss_std": 0.00029, "lr": 0.00095, "lr_std": 0.0, "params": 3899.0, "params_std": 0.0, "time_iter": 0.60381, "time_iter_std": 0.01445, "accuracy": 0.35467, "accuracy_std": 0.0, "accuracy_max": 0.35467, "f1": 0.17454, "f1_std": 0.0, "auc": 0.46124, "auc_std": 0.00227}
{"epoch": 16, "time_epoch": 28.31014, "time_epoch_std": 0.566, "eta": 2352.76043, "eta_std": 50.06157, "eta_hours": 0.65354, "eta_hours_std": 0.01391, "loss": 1.09797, "loss_std": 0.00011, "lr": 0.00094, "lr_std": 0.0, "params": 3899.0, "params_std": 0.0, "time_iter": 0.60234, "time_iter_std": 0.01204, "accuracy": 0.35467, "accuracy_std": 0.0, "accuracy_max": 0.35467, "f1": 0.17454, "f1_std": 0.0, "auc": 0.46076, "auc_std": 0.00506}
{"epoch": 17, "time_epoch": 28.33884, "time_epoch_std": 0.59217, "eta": 2324.37898, "eta_std": 49.39558, "eta_hours": 0.64566, "eta_hours_std": 0.01372, "loss": 1.09856, "loss_std": 0.00061, "lr": 0.00093, "lr_std": 0.0, "params": 3899.0, "params_std": 0.0, "time_iter": 0.60296, "time_iter_std": 0.0126, "accuracy": 0.35467, "accuracy_std": 0.0, "accuracy_max": 0.35467, "f1": 0.17454, "f1_std": 0.0, "auc": 0.45716, "auc_std": 0.00305}
{"epoch": 18, "time_epoch": 28.34736, "time_epoch_std": 0.60008, "eta": 2296.0383, "eta_std": 48.75515, "eta_hours": 0.63779, "eta_hours_std": 0.01354, "loss": 1.0984, "loss_std": 0.00025, "lr": 0.00092, "lr_std": 0.0, "params": 3899.0, "params_std": 0.0, "time_iter": 0.60314, "time_iter_std": 0.01277, "accuracy": 0.35467, "accuracy_std": 0.0, "accuracy_max": 0.35467, "f1": 0.17454, "f1_std": 0.0, "auc": 0.45491, "auc_std": 0.00537}
{"epoch": 19, "time_epoch": 28.26948, "time_epoch_std": 0.56137, "eta": 2267.38546, "eta_std": 47.97461, "eta_hours": 0.62983, "eta_hours_std": 0.01333, "loss": 1.09816, "loss_std": 0.00021, "lr": 0.00091, "lr_std": 0.0, "params": 3899.0, "params_std": 0.0, "time_iter": 0.60148, "time_iter_std": 0.01194, "accuracy": 0.35467, "accuracy_std": 0.0, "accuracy_max": 0.35467, "f1": 0.17454, "f1_std": 0.0, "auc": 0.45448, "auc_std": 0.00771}
{"epoch": 20, "time_epoch": 28.30734, "time_epoch_std": 0.57198, "eta": 2238.91157, "eta_std": 47.25779, "eta_hours": 0.62192, "eta_hours_std": 0.01313, "loss": 1.09805, "loss_std": 0.00022, "lr": 0.0009, "lr_std": 0.0, "params": 3899.0, "params_std": 0.0, "time_iter": 0.60229, "time_iter_std": 0.01217, "accuracy": 0.35467, "accuracy_std": 0.0, "accuracy_max": 0.35467, "f1": 0.17454, "f1_std": 0.0, "auc": 0.45967, "auc_std": 0.00471}
{"epoch": 21, "time_epoch": 28.32731, "time_epoch_std": 0.5811, "eta": 2210.52362, "eta_std": 46.59463, "eta_hours": 0.61404, "eta_hours_std": 0.01294, "loss": 1.09824, "loss_std": 0.00033, "lr": 0.0009, "lr_std": 0.0, "params": 3899.0, "params_std": 0.0, "time_iter": 0.60271, "time_iter_std": 0.01236, "accuracy": 0.35467, "accuracy_std": 0.0, "accuracy_max": 0.35467, "f1": 0.17454, "f1_std": 0.0, "auc": 0.45359, "auc_std": 0.01169}
{"epoch": 22, "time_epoch": 28.32549, "time_epoch_std": 0.57984, "eta": 2182.13483, "eta_std": 45.90943, "eta_hours": 0.60615, "eta_hours_std": 0.01275, "loss": 1.09824, "loss_std": 0.00039, "lr": 0.00089, "lr_std": 0.0, "params": 3899.0, "params_std": 0.0, "time_iter": 0.60267, "time_iter_std": 0.01233, "accuracy": 0.35467, "accuracy_std": 0.0, "accuracy_max": 0.35467, "f1": 0.17454, "f1_std": 0.0, "auc": 0.45408, "auc_std": 0.0056}
{"epoch": 23, "time_epoch": 28.40449, "time_epoch_std": 0.65881, "eta": 2154.0015, "eta_std": 45.43811, "eta_hours": 0.59833, "eta_hours_std": 0.01262, "loss": 1.09804, "loss_std": 4e-05, "lr": 0.00088, "lr_std": 0.0, "params": 3899.0, "params_std": 0.0, "time_iter": 0.60435, "time_iter_std": 0.01402, "accuracy": 0.35467, "accuracy_std": 0.0, "accuracy_max": 0.35467, "f1": 0.17454, "f1_std": 0.0, "auc": 0.46131, "auc_std": 0.01116}
{"epoch": 24, "time_epoch": 28.34143, "time_epoch_std": 0.61478, "eta": 2125.6573, "eta_std": 44.86625, "eta_hours": 0.59046, "eta_hours_std": 0.01246, "loss": 1.09803, "loss_std": 0.00014, "lr": 0.00086, "lr_std": 0.0, "params": 3899.0, "params_std": 0.0, "time_iter": 0.60301, "time_iter_std": 0.01308, "accuracy": 0.35467, "accuracy_std": 0.0, "accuracy_max": 0.35467, "f1": 0.17454, "f1_std": 0.0, "auc": 0.4618, "auc_std": 0.00536}
{"epoch": 25, "time_epoch": 28.29594, "time_epoch_std": 0.56249, "eta": 2097.18382, "eta_std": 44.15756, "eta_hours": 0.58255, "eta_hours_std": 0.01227, "loss": 1.09823, "loss_std": 0.00014, "lr": 0.00085, "lr_std": 0.0, "params": 3899.0, "params_std": 0.0, "time_iter": 0.60204, "time_iter_std": 0.01197, "accuracy": 0.35467, "accuracy_std": 0.0, "accuracy_max": 0.35467, "f1": 0.17454, "f1_std": 0.0, "auc": 0.45618, "auc_std": 0.0115}
{"epoch": 26, "time_epoch": 28.33766, "time_epoch_std": 0.58726, "eta": 2068.8363, "eta_std": 43.53309, "eta_hours": 0.57468, "eta_hours_std": 0.01209, "loss": 1.09819, "loss_std": 0.00021, "lr": 0.00084, "lr_std": 0.0, "params": 3899.0, "params_std": 0.0, "time_iter": 0.60293, "time_iter_std": 0.01249, "accuracy": 0.35467, "accuracy_std": 0.0, "accuracy_max": 0.35467, "f1": 0.17454, "f1_std": 0.0, "auc": 0.45997, "auc_std": 0.00872}
{"epoch": 27, "time_epoch": 28.30251, "time_epoch_std": 0.5401, "eta": 2040.39909, "eta_std": 42.78915, "eta_hours": 0.56678, "eta_hours_std": 0.01189, "loss": 1.09811, "loss_std": 0.00012, "lr": 0.00083, "lr_std": 0.0, "params": 3899.0, "params_std": 0.0, "time_iter": 0.60218, "time_iter_std": 0.01149, "accuracy": 0.35467, "accuracy_std": 0.0, "accuracy_max": 0.35467, "f1": 0.17454, "f1_std": 0.0, "auc": 0.45498, "auc_std": 0.00759}
{"epoch": 28, "time_epoch": 28.35361, "time_epoch_std": 0.5225, "eta": 2012.09629, "eta_std": 42.01803, "eta_hours": 0.55892, "eta_hours_std": 0.01167, "loss": 1.09826, "loss_std": 0.00026, "lr": 0.00082, "lr_std": 0.0, "params": 3899.0, "params_std": 0.0, "time_iter": 0.60327, "time_iter_std": 0.01112, "accuracy": 0.35467, "accuracy_std": 0.0, "accuracy_max": 0.35467, "f1": 0.17454, "f1_std": 0.0, "auc": 0.46446, "auc_std": 0.00388}
{"epoch": 29, "time_epoch": 28.33281, "time_epoch_std": 0.58493, "eta": 1983.74158, "eta_std": 41.4019, "eta_hours": 0.55104, "eta_hours_std": 0.0115, "loss": 1.09798, "loss_std": 0.00015, "lr": 0.00081, "lr_std": 0.0, "params": 3899.0, "params_std": 0.0, "time_iter": 0.60283, "time_iter_std": 0.01244, "accuracy": 0.35467, "accuracy_std": 0.0, "accuracy_max": 0.35467, "f1": 0.17454, "f1_std": 0.0, "auc": 0.46032, "auc_std": 0.00496}
{"epoch": 30, "time_epoch": 28.57742, "time_epoch_std": 0.82676, "eta": 1955.93271, "eta_std": 41.09686, "eta_hours": 0.54331, "eta_hours_std": 0.01142, "loss": 1.0981, "loss_std": 0.00014, "lr": 0.00079, "lr_std": 0.0, "params": 3899.0, "params_std": 0.0, "time_iter": 0.60803, "time_iter_std": 0.01759, "accuracy": 0.35467, "accuracy_std": 0.0, "accuracy_max": 0.35467, "f1": 0.17454, "f1_std": 0.0, "auc": 0.45976, "auc_std": 0.00634}
{"epoch": 31, "time_epoch": 28.35382, "time_epoch_std": 0.55705, "eta": 1927.60068, "eta_std": 40.41696, "eta_hours": 0.53545, "eta_hours_std": 0.01122, "loss": 1.09795, "loss_std": 0.00011, "lr": 0.00078, "lr_std": 0.0, "params": 3899.0, "params_std": 0.0, "time_iter": 0.60327, "time_iter_std": 0.01185, "accuracy": 0.35467, "accuracy_std": 0.0, "accuracy_max": 0.35467, "f1": 0.17454, "f1_std": 0.0, "auc": 0.46056, "auc_std": 0.00669}
{"epoch": 32, "time_epoch": 28.39712, "time_epoch_std": 0.60549, "eta": 1899.35523, "eta_std": 39.83622, "eta_hours": 0.5276, "eta_hours_std": 0.01107, "loss": 1.09806, "loss_std": 0.00022, "lr": 0.00077, "lr_std": 0.0, "params": 3899.0, "params_std": 0.0, "time_iter": 0.6042, "time_iter_std": 0.01288, "accuracy": 0.35467, "accuracy_std": 0.0, "accuracy_max": 0.35467, "f1": 0.17454, "f1_std": 0.0, "auc": 0.4532, "auc_std": 0.00778}
{"epoch": 33, "time_epoch": 28.37586, "time_epoch_std": 0.53178, "eta": 1871.0596, "eta_std": 39.11961, "eta_hours": 0.51974, "eta_hours_std": 0.01087, "loss": 1.09815, "loss_std": 0.00013, "lr": 0.00075, "lr_std": 0.0, "params": 3899.0, "params_std": 0.0, "time_iter": 0.60374, "time_iter_std": 0.01131, "accuracy": 0.35467, "accuracy_std": 0.0, "accuracy_max": 0.35467, "f1": 0.17454, "f1_std": 0.0, "auc": 0.44741, "auc_std": 0.00714}
{"epoch": 34, "time_epoch": 28.32954, "time_epoch_std": 0.56557, "eta": 1842.67336, "eta_std": 38.47618, "eta_hours": 0.51186, "eta_hours_std": 0.01069, "loss": 1.09822, "loss_std": 0.00044, "lr": 0.00074, "lr_std": 0.0, "params": 3899.0, "params_std": 0.0, "time_iter": 0.60275, "time_iter_std": 0.01203, "accuracy": 0.35467, "accuracy_std": 0.0, "accuracy_max": 0.35467, "f1": 0.17454, "f1_std": 0.0, "auc": 0.45795, "auc_std": 0.00559}
{"epoch": 35, "time_epoch": 28.41672, "time_epoch_std": 0.62083, "eta": 1814.44524, "eta_std": 37.93525, "eta_hours": 0.50401, "eta_hours_std": 0.01053, "loss": 1.09816, "loss_std": 0.00022, "lr": 0.00073, "lr_std": 0.0, "params": 3899.0, "params_std": 0.0, "time_iter": 0.60461, "time_iter_std": 0.01321, "accuracy": 0.35467, "accuracy_std": 0.0, "accuracy_max": 0.35467, "f1": 0.17454, "f1_std": 0.0, "auc": 0.45703, "auc_std": 0.01238}
{"epoch": 36, "time_epoch": 28.37333, "time_epoch_std": 0.5621, "eta": 1786.13306, "eta_std": 37.28393, "eta_hours": 0.49615, "eta_hours_std": 0.01036, "loss": 1.09794, "loss_std": 0.00014, "lr": 0.00071, "lr_std": 0.0, "params": 3899.0, "params_std": 0.0, "time_iter": 0.60369, "time_iter_std": 0.01196, "accuracy": 0.35467, "accuracy_std": 0.0, "accuracy_max": 0.35467, "f1": 0.17454, "f1_std": 0.0, "auc": 0.46088, "auc_std": 0.00162}
{"epoch": 37, "time_epoch": 28.36941, "time_epoch_std": 0.57474, "eta": 1757.81126, "eta_std": 36.66406, "eta_hours": 0.48828, "eta_hours_std": 0.01018, "loss": 1.09817, "loss_std": 0.00026, "lr": 0.0007, "lr_std": 0.0, "params": 3899.0, "params_std": 0.0, "time_iter": 0.60361, "time_iter_std": 0.01223, "accuracy": 0.35467, "accuracy_std": 0.0, "accuracy_max": 0.35467, "f1": 0.17454, "f1_std": 0.0, "auc": 0.45883, "auc_std": 0.00626}
{"epoch": 38, "time_epoch": 28.40254, "time_epoch_std": 0.54994, "eta": 1729.53883, "eta_std": 36.00758, "eta_hours": 0.48043, "eta_hours_std": 0.01, "loss": 1.09788, "loss_std": 9e-05, "lr": 0.00068, "lr_std": 0.0, "params": 3899.0, "params_std": 0.0, "time_iter": 0.60431, "time_iter_std": 0.0117, "accuracy": 0.35467, "accuracy_std": 0.0, "accuracy_max": 0.35467, "f1": 0.17454, "f1_std": 0.0, "auc": 0.46382, "auc_std": 0.005}
{"epoch": 39, "time_epoch": 28.40826, "time_epoch_std": 0.60951, "eta": 1701.26849, "eta_std": 35.44574, "eta_hours": 0.47258, "eta_hours_std": 0.00984, "loss": 1.09793, "loss_std": 7e-05, "lr": 0.00067, "lr_std": 0.0, "params": 3899.0, "params_std": 0.0, "time_iter": 0.60443, "time_iter_std": 0.01297, "accuracy": 0.35467, "accuracy_std": 0.0, "accuracy_max": 0.35467, "f1": 0.17454, "f1_std": 0.0, "auc": 0.4618, "auc_std": 0.00477}
{"epoch": 40, "time_epoch": 28.38766, "time_epoch_std": 0.56073, "eta": 1672.96178, "eta_std": 34.8081, "eta_hours": 0.46471, "eta_hours_std": 0.00967, "loss": 1.09797, "loss_std": 0.0001, "lr": 0.00065, "lr_std": 0.0, "params": 3899.0, "params_std": 0.0, "time_iter": 0.60399, "time_iter_std": 0.01193, "accuracy": 0.35467, "accuracy_std": 0.0, "accuracy_max": 0.35467, "f1": 0.17454, "f1_std": 0.0, "auc": 0.45791, "auc_std": 0.00561}
{"epoch": 41, "time_epoch": 28.39078, "time_epoch_std": 0.55098, "eta": 1644.65552, "eta_std": 34.16225, "eta_hours": 0.45685, "eta_hours_std": 0.00949, "loss": 1.09796, "loss_std": 0.00017, "lr": 0.00064, "lr_std": 0.0, "params": 3899.0, "params_std": 0.0, "time_iter": 0.60406, "time_iter_std": 0.01172, "accuracy": 0.35467, "accuracy_std": 0.0, "accuracy_max": 0.35467, "f1": 0.17454, "f1_std": 0.0, "auc": 0.46074, "auc_std": 0.00864}
{"epoch": 42, "time_epoch": 28.37106, "time_epoch_std": 0.55003, "eta": 1616.31918, "eta_std": 33.52131, "eta_hours": 0.44898, "eta_hours_std": 0.00931, "loss": 1.09798, "loss_std": 0.00016, "lr": 0.00062, "lr_std": 0.0, "params": 3899.0, "params_std": 0.0, "time_iter": 0.60364, "time_iter_std": 0.0117, "accuracy": 0.35467, "accuracy_std": 0.0, "accuracy_max": 0.35467, "f1": 0.17454, "f1_std": 0.0, "auc": 0.45316, "auc_std": 0.0107}
{"epoch": 43, "time_epoch": 28.42574, "time_epoch_std": 0.5472, "eta": 1588.05087, "eta_std": 32.87795, "eta_hours": 0.44112, "eta_hours_std": 0.00913, "loss": 1.09789, "loss_std": 0.00014, "lr": 0.00061, "lr_std": 0.0, "params": 3899.0, "params_std": 0.0, "time_iter": 0.6048, "time_iter_std": 0.01164, "accuracy": 0.35467, "accuracy_std": 0.0, "accuracy_max": 0.35467, "f1": 0.17454, "f1_std": 0.0, "auc": 0.46634, "auc_std": 0.00547}
{"epoch": 44, "time_epoch": 28.35977, "time_epoch_std": 0.60124, "eta": 1559.69491, "eta_std": 32.30009, "eta_hours": 0.43325, "eta_hours_std": 0.00897, "loss": 1.09797, "loss_std": 0.0001, "lr": 0.00059, "lr_std": 0.0, "params": 3899.0, "params_std": 0.0, "time_iter": 0.6034, "time_iter_std": 0.01279, "accuracy": 0.35467, "accuracy_std": 0.0, "accuracy_max": 0.35467, "f1": 0.17454, "f1_std": 0.0, "auc": 0.45252, "auc_std": 0.01262}
{"epoch": 45, "time_epoch": 28.39886, "time_epoch_std": 0.58295, "eta": 1531.38469, "eta_std": 31.70107, "eta_hours": 0.42538, "eta_hours_std": 0.00881, "loss": 1.09793, "loss_std": 0.00013, "lr": 0.00058, "lr_std": 0.0, "params": 3899.0, "params_std": 0.0, "time_iter": 0.60423, "time_iter_std": 0.0124, "accuracy": 0.35467, "accuracy_std": 0.0, "accuracy_max": 0.35467, "f1": 0.17454, "f1_std": 0.0, "auc": 0.45389, "auc_std": 0.00621}
{"epoch": 46, "time_epoch": 28.40579, "time_epoch_std": 0.57534, "eta": 1503.07851, "eta_std": 31.0986, "eta_hours": 0.41752, "eta_hours_std": 0.00864, "loss": 1.09792, "loss_std": 0.00013, "lr": 0.00056, "lr_std": 0.0, "params": 3899.0, "params_std": 0.0, "time_iter": 0.60438, "time_iter_std": 0.01224, "accuracy": 0.35467, "accuracy_std": 0.0, "accuracy_max": 0.35467, "f1": 0.17454, "f1_std": 0.0, "auc": 0.45052, "auc_std": 0.00753}
{"epoch": 47, "time_epoch": 28.39673, "time_epoch_std": 0.59068, "eta": 1474.75836, "eta_std": 30.5144, "eta_hours": 0.40966, "eta_hours_std": 0.00848, "loss": 1.09785, "loss_std": 0.00012, "lr": 0.00055, "lr_std": 0.0, "params": 3899.0, "params_std": 0.0, "time_iter": 0.60418, "time_iter_std": 0.01257, "accuracy": 0.35467, "accuracy_std": 0.0, "accuracy_max": 0.35467, "f1": 0.17454, "f1_std": 0.0, "auc": 0.46573, "auc_std": 0.0084}
{"epoch": 48, "time_epoch": 28.41361, "time_epoch_std": 0.58093, "eta": 1446.45266, "eta_std": 29.91994, "eta_hours": 0.40179, "eta_hours_std": 0.00831, "loss": 1.09795, "loss_std": 0.00017, "lr": 0.00053, "lr_std": 0.0, "params": 3899.0, "params_std": 0.0, "time_iter": 0.60455, "time_iter_std": 0.01236, "accuracy": 0.35467, "accuracy_std": 0.0, "accuracy_max": 0.35467, "f1": 0.17454, "f1_std": 0.0, "auc": 0.46407, "auc_std": 0.00542}
{"epoch": 49, "time_epoch": 28.42146, "time_epoch_std": 0.5612, "eta": 1418.15048, "eta_std": 29.304, "eta_hours": 0.39393, "eta_hours_std": 0.00814, "loss": 1.09792, "loss_std": 0.00012, "lr": 0.00052, "lr_std": 0.0, "params": 3899.0, "params_std": 0.0, "time_iter": 0.60471, "time_iter_std": 0.01194, "accuracy": 0.35467, "accuracy_std": 0.0, "accuracy_max": 0.35467, "f1": 0.17454, "f1_std": 0.0, "auc": 0.46047, "auc_std": 0.01197}
{"epoch": 50, "time_epoch": 28.28316, "time_epoch_std": 0.57688, "eta": 1389.71075, "eta_std": 28.70617, "eta_hours": 0.38603, "eta_hours_std": 0.00798, "loss": 1.09782, "loss_std": 6e-05, "lr": 0.0005, "lr_std": 0.0, "params": 3899.0, "params_std": 0.0, "time_iter": 0.60177, "time_iter_std": 0.01227, "accuracy": 0.35467, "accuracy_std": 0.0, "accuracy_max": 0.35467, "f1": 0.17454, "f1_std": 0.0, "auc": 0.45178, "auc_std": 0.0106}
{"epoch": 51, "time_epoch": 28.23755, "time_epoch_std": 0.5485, "eta": 1361.23494, "eta_std": 28.08398, "eta_hours": 0.37812, "eta_hours_std": 0.0078, "loss": 1.09789, "loss_std": 6e-05, "lr": 0.00048, "lr_std": 0.0, "params": 3899.0, "params_std": 0.0, "time_iter": 0.6008, "time_iter_std": 0.01167, "accuracy": 0.35467, "accuracy_std": 0.0, "accuracy_max": 0.35467, "f1": 0.17454, "f1_std": 0.0, "auc": 0.45794, "auc_std": 0.00536}
{"epoch": 52, "time_epoch": 28.33986, "time_epoch_std": 0.66469, "eta": 1332.85886, "eta_std": 27.55405, "eta_hours": 0.37024, "eta_hours_std": 0.00766, "loss": 1.09787, "loss_std": 7e-05, "lr": 0.00047, "lr_std": 0.0, "params": 3899.0, "params_std": 0.0, "time_iter": 0.60298, "time_iter_std": 0.01414, "accuracy": 0.35467, "accuracy_std": 0.0, "accuracy_max": 0.35467, "f1": 0.17454, "f1_std": 0.0, "auc": 0.45521, "auc_std": 0.00595}
{"epoch": 53, "time_epoch": 28.25897, "time_epoch_std": 0.52843, "eta": 1304.41521, "eta_std": 26.91815, "eta_hours": 0.36234, "eta_hours_std": 0.00748, "loss": 1.09784, "loss_std": 9e-05, "lr": 0.00045, "lr_std": 0.0, "params": 3899.0, "params_std": 0.0, "time_iter": 0.60126, "time_iter_std": 0.01124, "accuracy": 0.35467, "accuracy_std": 0.0, "accuracy_max": 0.35467, "f1": 0.17454, "f1_std": 0.0, "auc": 0.45714, "auc_std": 0.00623}
{"epoch": 54, "time_epoch": 28.23808, "time_epoch_std": 0.59727, "eta": 1275.96118, "eta_std": 26.34269, "eta_hours": 0.35444, "eta_hours_std": 0.00732, "loss": 1.09789, "loss_std": 8e-05, "lr": 0.00044, "lr_std": 0.0, "params": 3899.0, "params_std": 0.0, "time_iter": 0.60081, "time_iter_std": 0.01271, "accuracy": 0.35467, "accuracy_std": 0.0, "accuracy_max": 0.35467, "f1": 0.17454, "f1_std": 0.0, "auc": 0.45273, "auc_std": 0.00876}
{"epoch": 55, "time_epoch": 28.20641, "time_epoch_std": 0.57587, "eta": 1247.48998, "eta_std": 25.74786, "eta_hours": 0.34652, "eta_hours_std": 0.00715, "loss": 1.09784, "loss_std": 8e-05, "lr": 0.00042, "lr_std": 0.0, "params": 3899.0, "params_std": 0.0, "time_iter": 0.60014, "time_iter_std": 0.01225, "accuracy": 0.35467, "accuracy_std": 0.0, "accuracy_max": 0.35467, "f1": 0.17454, "f1_std": 0.0, "auc": 0.45661, "auc_std": 0.00878}
{"epoch": 56, "time_epoch": 28.24026, "time_epoch_std": 0.59064, "eta": 1219.0536, "eta_std": 25.16432, "eta_hours": 0.33863, "eta_hours_std": 0.00699, "loss": 1.09781, "loss_std": 8e-05, "lr": 0.00041, "lr_std": 0.0, "params": 3899.0, "params_std": 0.0, "time_iter": 0.60086, "time_iter_std": 0.01257, "accuracy": 0.35467, "accuracy_std": 0.0, "accuracy_max": 0.35467, "f1": 0.17454, "f1_std": 0.0, "auc": 0.46154, "auc_std": 0.00623}
{"epoch": 57, "time_epoch": 28.22803, "time_epoch_std": 0.56476, "eta": 1190.61513, "eta_std": 24.5619, "eta_hours": 0.33073, "eta_hours_std": 0.00682, "loss": 1.09785, "loss_std": 0.00012, "lr": 0.00039, "lr_std": 0.0, "params": 3899.0, "params_std": 0.0, "time_iter": 0.60059, "time_iter_std": 0.01202, "accuracy": 0.35467, "accuracy_std": 0.0, "accuracy_max": 0.35467, "f1": 0.17454, "f1_std": 0.0, "auc": 0.45429, "auc_std": 0.00875}
{"epoch": 58, "time_epoch": 28.23217, "time_epoch_std": 0.51396, "eta": 1162.18667, "eta_std": 23.92727, "eta_hours": 0.32283, "eta_hours_std": 0.00665, "loss": 1.09777, "loss_std": 7e-05, "lr": 0.00038, "lr_std": 0.0, "params": 3899.0, "params_std": 0.0, "time_iter": 0.60068, "time_iter_std": 0.01094, "accuracy": 0.35467, "accuracy_std": 0.0, "accuracy_max": 0.35467, "f1": 0.17454, "f1_std": 0.0, "auc": 0.46251, "auc_std": 0.00699}
{"epoch": 59, "time_epoch": 28.21789, "time_epoch_std": 0.58576, "eta": 1133.75524, "eta_std": 23.34489, "eta_hours": 0.31493, "eta_hours_std": 0.00649, "loss": 1.09783, "loss_std": 9e-05, "lr": 0.00036, "lr_std": 0.0, "params": 3899.0, "params_std": 0.0, "time_iter": 0.60038, "time_iter_std": 0.01246, "accuracy": 0.35467, "accuracy_std": 0.0, "accuracy_max": 0.35467, "f1": 0.17454, "f1_std": 0.0, "auc": 0.4538, "auc_std": 0.00837}
{"epoch": 60, "time_epoch": 28.27804, "time_epoch_std": 0.6102, "eta": 1105.36926, "eta_std": 22.77797, "eta_hours": 0.30704, "eta_hours_std": 0.00633, "loss": 1.0978, "loss_std": 6e-05, "lr": 0.00035, "lr_std": 0.0, "params": 3899.0, "params_std": 0.0, "time_iter": 0.60166, "time_iter_std": 0.01298, "accuracy": 0.35467, "accuracy_std": 0.0, "accuracy_max": 0.35467, "f1": 0.17454, "f1_std": 0.0, "auc": 0.46053, "auc_std": 0.00913}
{"epoch": 61, "time_epoch": 28.22364, "time_epoch_std": 0.53501, "eta": 1076.95342, "eta_std": 22.16377, "eta_hours": 0.29915, "eta_hours_std": 0.00615, "loss": 1.09775, "loss_std": 6e-05, "lr": 0.00033, "lr_std": 0.0, "params": 3899.0, "params_std": 0.0, "time_iter": 0.60051, "time_iter_std": 0.01138, "accuracy": 0.35467, "accuracy_std": 0.0, "accuracy_max": 0.35467, "f1": 0.17454, "f1_std": 0.0, "auc": 0.46045, "auc_std": 0.00622}
{"epoch": 62, "time_epoch": 28.24587, "time_epoch_std": 0.54104, "eta": 1048.55674, "eta_std": 21.55496, "eta_hours": 0.29127, "eta_hours_std": 0.00599, "loss": 1.09775, "loss_std": 5e-05, "lr": 0.00032, "lr_std": 0.0, "params": 3899.0, "params_std": 0.0, "time_iter": 0.60098, "time_iter_std": 0.01151, "accuracy": 0.35467, "accuracy_std": 0.0, "accuracy_max": 0.35467, "f1": 0.17454, "f1_std": 0.0, "auc": 0.46156, "auc_std": 0.00226}
{"epoch": 63, "time_epoch": 28.24743, "time_epoch_std": 0.50768, "eta": 1020.16565, "eta_std": 20.93017, "eta_hours": 0.28338, "eta_hours_std": 0.00581, "loss": 1.09783, "loss_std": 4e-05, "lr": 0.0003, "lr_std": 0.0, "params": 3899.0, "params_std": 0.0, "time_iter": 0.60101, "time_iter_std": 0.0108, "accuracy": 0.35467, "accuracy_std": 0.0, "accuracy_max": 0.35467, "f1": 0.17454, "f1_std": 0.0, "auc": 0.45063, "auc_std": 0.00679}
{"epoch": 64, "time_epoch": 28.27208, "time_epoch_std": 0.58925, "eta": 991.79226, "eta_std": 20.35174, "eta_hours": 0.2755, "eta_hours_std": 0.00565, "loss": 1.09772, "loss_std": 2e-05, "lr": 0.00029, "lr_std": 0.0, "params": 3899.0, "params_std": 0.0, "time_iter": 0.60153, "time_iter_std": 0.01254, "accuracy": 0.35467, "accuracy_std": 0.0, "accuracy_max": 0.35467, "f1": 0.17454, "f1_std": 0.0, "auc": 0.45436, "auc_std": 0.00261}
{"epoch": 65, "time_epoch": 28.25222, "time_epoch_std": 0.56163, "eta": 963.4117, "eta_std": 19.75981, "eta_hours": 0.26761, "eta_hours_std": 0.00549, "loss": 1.09776, "loss_std": 4e-05, "lr": 0.00027, "lr_std": 0.0, "params": 3899.0, "params_std": 0.0, "time_iter": 0.60111, "time_iter_std": 0.01195, "accuracy": 0.35467, "accuracy_std": 0.0, "accuracy_max": 0.35467, "f1": 0.17454, "f1_std": 0.0, "auc": 0.4563, "auc_std": 0.00433}
{"epoch": 66, "time_epoch": 28.23418, "time_epoch_std": 0.5488, "eta": 935.02609, "eta_std": 19.16266, "eta_hours": 0.25973, "eta_hours_std": 0.00532, "loss": 1.09779, "loss_std": 7e-05, "lr": 0.00026, "lr_std": 0.0, "params": 3899.0, "params_std": 0.0, "time_iter": 0.60073, "time_iter_std": 0.01168, "accuracy": 0.35467, "accuracy_std": 0.0, "accuracy_max": 0.35467, "f1": 0.17454, "f1_std": 0.0, "auc": 0.45316, "auc_std": 0.00555}
{"epoch": 67, "time_epoch": 28.2393, "time_epoch_std": 0.53908, "eta": 906.64734, "eta_std": 18.56158, "eta_hours": 0.25185, "eta_hours_std": 0.00516, "loss": 1.09776, "loss_std": 7e-05, "lr": 0.00025, "lr_std": 0.0, "params": 3899.0, "params_std": 0.0, "time_iter": 0.60084, "time_iter_std": 0.01147, "accuracy": 0.35467, "accuracy_std": 0.0, "accuracy_max": 0.35467, "f1": 0.17454, "f1_std": 0.0, "auc": 0.45894, "auc_std": 0.00705}
{"epoch": 68, "time_epoch": 28.25178, "time_epoch_std": 0.52481, "eta": 878.27824, "eta_std": 17.95634, "eta_hours": 0.24397, "eta_hours_std": 0.00499, "loss": 1.09779, "loss_std": 7e-05, "lr": 0.00023, "lr_std": 0.0, "params": 3899.0, "params_std": 0.0, "time_iter": 0.6011, "time_iter_std": 0.01117, "accuracy": 0.35467, "accuracy_std": 0.0, "accuracy_max": 0.35467, "f1": 0.17454, "f1_std": 0.0, "auc": 0.4555, "auc_std": 0.01018}
{"epoch": 69, "time_epoch": 28.24993, "time_epoch_std": 0.58673, "eta": 849.9117, "eta_std": 17.3796, "eta_hours": 0.23608, "eta_hours_std": 0.00483, "loss": 1.09774, "loss_std": 7e-05, "lr": 0.00022, "lr_std": 0.0, "params": 3899.0, "params_std": 0.0, "time_iter": 0.60106, "time_iter_std": 0.01249, "accuracy": 0.35467, "accuracy_std": 0.0, "accuracy_max": 0.35467, "f1": 0.17454, "f1_std": 0.0, "auc": 0.45682, "auc_std": 0.01218}
{"epoch": 70, "time_epoch": 28.22916, "time_epoch_std": 0.56013, "eta": 821.53996, "eta_std": 16.79224, "eta_hours": 0.2282, "eta_hours_std": 0.00467, "loss": 1.09774, "loss_std": 6e-05, "lr": 0.00021, "lr_std": 0.0, "params": 3899.0, "params_std": 0.0, "time_iter": 0.60062, "time_iter_std": 0.01192, "accuracy": 0.35467, "accuracy_std": 0.0, "accuracy_max": 0.35467, "f1": 0.17454, "f1_std": 0.0, "auc": 0.46293, "auc_std": 0.00782}
{"epoch": 71, "time_epoch": 28.23121, "time_epoch_std": 0.56809, "eta": 793.17298, "eta_std": 16.20832, "eta_hours": 0.22033, "eta_hours_std": 0.0045, "loss": 1.09777, "loss_std": 6e-05, "lr": 0.00019, "lr_std": 0.0, "params": 3899.0, "params_std": 0.0, "time_iter": 0.60066, "time_iter_std": 0.01209, "accuracy": 0.35467, "accuracy_std": 0.0, "accuracy_max": 0.35467, "f1": 0.17454, "f1_std": 0.0, "auc": 0.45118, "auc_std": 0.00673}
{"epoch": 72, "time_epoch": 28.25008, "time_epoch_std": 0.49207, "eta": 764.8167, "eta_std": 15.59719, "eta_hours": 0.21245, "eta_hours_std": 0.00433, "loss": 1.09774, "loss_std": 4e-05, "lr": 0.00018, "lr_std": 0.0, "params": 3899.0, "params_std": 0.0, "time_iter": 0.60106, "time_iter_std": 0.01047, "accuracy": 0.35467, "accuracy_std": 0.0, "accuracy_max": 0.35467, "f1": 0.17454, "f1_std": 0.0, "auc": 0.45698, "auc_std": 0.00362}
{"epoch": 73, "time_epoch": 28.26526, "time_epoch_std": 0.5334, "eta": 736.46862, "eta_std": 15.00353, "eta_hours": 0.20457, "eta_hours_std": 0.00417, "loss": 1.09769, "loss_std": 4e-05, "lr": 0.00017, "lr_std": 0.0, "params": 3899.0, "params_std": 0.0, "time_iter": 0.60139, "time_iter_std": 0.01135, "accuracy": 0.35467, "accuracy_std": 0.0, "accuracy_max": 0.35467, "f1": 0.17454, "f1_std": 0.0, "auc": 0.45016, "auc_std": 0.01081}
{"epoch": 74, "time_epoch": 28.24349, "time_epoch_std": 0.57189, "eta": 708.1155, "eta_std": 14.4245, "eta_hours": 0.1967, "eta_hours_std": 0.00401, "loss": 1.09766, "loss_std": 2e-05, "lr": 0.00016, "lr_std": 0.0, "params": 3899.0, "params_std": 0.0, "time_iter": 0.60093, "time_iter_std": 0.01217, "accuracy": 0.35467, "accuracy_std": 0.0, "accuracy_max": 0.35467, "f1": 0.17454, "f1_std": 0.0, "auc": 0.4649, "auc_std": 0.0091}
{"epoch": 75, "time_epoch": 28.26496, "time_epoch_std": 0.59197, "eta": 679.77204, "eta_std": 13.85169, "eta_hours": 0.18883, "eta_hours_std": 0.00385, "loss": 1.0977, "loss_std": 7e-05, "lr": 0.00015, "lr_std": 0.0, "params": 3899.0, "params_std": 0.0, "time_iter": 0.60138, "time_iter_std": 0.01259, "accuracy": 0.35467, "accuracy_std": 0.0, "accuracy_max": 0.35467, "f1": 0.17454, "f1_std": 0.0, "auc": 0.45746, "auc_std": 0.01323}
{"epoch": 76, "time_epoch": 28.23688, "time_epoch_std": 0.55183, "eta": 651.42223, "eta_std": 13.26639, "eta_hours": 0.18095, "eta_hours_std": 0.00369, "loss": 1.09767, "loss_std": 2e-05, "lr": 0.00014, "lr_std": 0.0, "params": 3899.0, "params_std": 0.0, "time_iter": 0.60079, "time_iter_std": 0.01174, "accuracy": 0.35467, "accuracy_std": 0.0, "accuracy_max": 0.35467, "f1": 0.17454, "f1_std": 0.0, "auc": 0.46724, "auc_std": 0.00725}
{"epoch": 77, "time_epoch": 28.27006, "time_epoch_std": 0.57484, "eta": 623.08468, "eta_std": 12.68877, "eta_hours": 0.17308, "eta_hours_std": 0.00353, "loss": 1.09766, "loss_std": 3e-05, "lr": 0.00012, "lr_std": 0.0, "params": 3899.0, "params_std": 0.0, "time_iter": 0.60149, "time_iter_std": 0.01223, "accuracy": 0.35467, "accuracy_std": 0.0, "accuracy_max": 0.35467, "f1": 0.17454, "f1_std": 0.0, "auc": 0.46306, "auc_std": 0.01047}
{"epoch": 78, "time_epoch": 28.2726, "time_epoch_std": 0.53156, "eta": 594.7495, "eta_std": 12.09935, "eta_hours": 0.16521, "eta_hours_std": 0.00336, "loss": 1.09767, "loss_std": 2e-05, "lr": 0.00011, "lr_std": 0.0, "params": 3899.0, "params_std": 0.0, "time_iter": 0.60154, "time_iter_std": 0.01131, "accuracy": 0.35467, "accuracy_std": 0.0, "accuracy_max": 0.35467, "f1": 0.17454, "f1_std": 0.0, "auc": 0.45264, "auc_std": 0.00439}
{"epoch": 79, "time_epoch": 28.37734, "time_epoch_std": 0.71542, "eta": 566.44208, "eta_std": 11.55042, "eta_hours": 0.15735, "eta_hours_std": 0.00321, "loss": 1.09768, "loss_std": 5e-05, "lr": 0.0001, "lr_std": 0.0, "params": 3899.0, "params_std": 0.0, "time_iter": 0.60377, "time_iter_std": 0.01522, "accuracy": 0.35467, "accuracy_std": 0.0, "accuracy_max": 0.35467, "f1": 0.17454, "f1_std": 0.0, "auc": 0.46094, "auc_std": 0.00529}
{"epoch": 80, "time_epoch": 28.26011, "time_epoch_std": 0.59224, "eta": 538.10544, "eta_std": 10.97597, "eta_hours": 0.14948, "eta_hours_std": 0.00305, "loss": 1.09767, "loss_std": 4e-05, "lr": 0.0001, "lr_std": 0.0, "params": 3899.0, "params_std": 0.0, "time_iter": 0.60128, "time_iter_std": 0.0126, "accuracy": 0.35467, "accuracy_std": 0.0, "accuracy_max": 0.35467, "f1": 0.17454, "f1_std": 0.0, "auc": 0.46122, "auc_std": 0.00939}
{"epoch": 81, "time_epoch": 28.21758, "time_epoch_std": 0.55138, "eta": 509.76132, "eta_std": 10.39202, "eta_hours": 0.1416, "eta_hours_std": 0.00289, "loss": 1.09767, "loss_std": 3e-05, "lr": 9e-05, "lr_std": 0.0, "params": 3899.0, "params_std": 0.0, "time_iter": 0.60038, "time_iter_std": 0.01173, "accuracy": 0.35467, "accuracy_std": 0.0, "accuracy_max": 0.35467, "f1": 0.17454, "f1_std": 0.0, "auc": 0.45938, "auc_std": 0.01186}
{"epoch": 82, "time_epoch": 28.29256, "time_epoch_std": 0.5381, "eta": 481.43561, "eta_std": 9.80604, "eta_hours": 0.13373, "eta_hours_std": 0.00273, "loss": 1.09765, "loss_std": 2e-05, "lr": 8e-05, "lr_std": 0.0, "params": 3899.0, "params_std": 0.0, "time_iter": 0.60197, "time_iter_std": 0.01145, "accuracy": 0.35467, "accuracy_std": 0.0, "accuracy_max": 0.35467, "f1": 0.17454, "f1_std": 0.0, "auc": 0.46323, "auc_std": 0.01084}
{"epoch": 83, "time_epoch": 28.22376, "time_epoch_std": 0.56606, "eta": 453.09758, "eta_std": 9.22682, "eta_hours": 0.12586, "eta_hours_std": 0.00257, "loss": 1.09763, "loss_std": 1e-05, "lr": 7e-05, "lr_std": 0.0, "params": 3899.0, "params_std": 0.0, "time_iter": 0.60051, "time_iter_std": 0.01204, "accuracy": 0.35467, "accuracy_std": 0.0, "accuracy_max": 0.35467, "f1": 0.17454, "f1_std": 0.0, "auc": 0.46733, "auc_std": 0.00381}
{"epoch": 84, "time_epoch": 28.23678, "time_epoch_std": 0.55112, "eta": 424.76455, "eta_std": 8.64543, "eta_hours": 0.11799, "eta_hours_std": 0.0024, "loss": 1.09763, "loss_std": 0.0, "lr": 6e-05, "lr_std": 0.0, "params": 3899.0, "params_std": 0.0, "time_iter": 0.60078, "time_iter_std": 0.01173, "accuracy": 0.35467, "accuracy_std": 0.0, "accuracy_max": 0.35467, "f1": 0.17454, "f1_std": 0.0, "auc": 0.46282, "auc_std": 0.00775}
{"epoch": 85, "time_epoch": 28.26566, "time_epoch_std": 0.58408, "eta": 396.43845, "eta_std": 8.06971, "eta_hours": 0.11012, "eta_hours_std": 0.00224, "loss": 1.09763, "loss_std": 1e-05, "lr": 5e-05, "lr_std": 0.0, "params": 3899.0, "params_std": 0.0, "time_iter": 0.6014, "time_iter_std": 0.01243, "accuracy": 0.35467, "accuracy_std": 0.0, "accuracy_max": 0.35467, "f1": 0.17454, "f1_std": 0.0, "auc": 0.47301, "auc_std": 0.00658}
{"epoch": 86, "time_epoch": 28.25119, "time_epoch_std": 0.51131, "eta": 368.11158, "eta_std": 7.48346, "eta_hours": 0.10225, "eta_hours_std": 0.00208, "loss": 1.09762, "loss_std": 2e-05, "lr": 5e-05, "lr_std": 0.0, "params": 3899.0, "params_std": 0.0, "time_iter": 0.60109, "time_iter_std": 0.01088, "accuracy": 0.35467, "accuracy_std": 0.0, "accuracy_max": 0.35467, "f1": 0.17454, "f1_std": 0.0, "auc": 0.4712, "auc_std": 0.01261}
{"epoch": 87, "time_epoch": 28.32203, "time_epoch_std": 0.62679, "eta": 339.79609, "eta_std": 6.91447, "eta_hours": 0.09438, "eta_hours_std": 0.00192, "loss": 1.09761, "loss_std": 0.0, "lr": 4e-05, "lr_std": 0.0, "params": 3899.0, "params_std": 0.0, "time_iter": 0.6026, "time_iter_std": 0.01334, "accuracy": 0.35467, "accuracy_std": 0.0, "accuracy_max": 0.35467, "f1": 0.17454, "f1_std": 0.0, "auc": 0.47398, "auc_std": 0.01413}
{"epoch": 88, "time_epoch": 28.21712, "time_epoch_std": 0.56113, "eta": 311.46748, "eta_std": 6.33631, "eta_hours": 0.08652, "eta_hours_std": 0.00176, "loss": 1.09762, "loss_std": 3e-05, "lr": 4e-05, "lr_std": 0.0, "params": 3899.0, "params_std": 0.0, "time_iter": 0.60036, "time_iter_std": 0.01194, "accuracy": 0.35467, "accuracy_std": 0.0, "accuracy_max": 0.35467, "f1": 0.17454, "f1_std": 0.0, "auc": 0.46959, "auc_std": 0.02045}
{"epoch": 89, "time_epoch": 28.26072, "time_epoch_std": 0.57547, "eta": 283.1462, "eta_std": 5.76019, "eta_hours": 0.07865, "eta_hours_std": 0.0016, "loss": 1.09761, "loss_std": 0.0, "lr": 3e-05, "lr_std": 0.0, "params": 3899.0, "params_std": 0.0, "time_iter": 0.60129, "time_iter_std": 0.01224, "accuracy": 0.35467, "accuracy_std": 0.0, "accuracy_max": 0.35467, "f1": 0.17454, "f1_std": 0.0, "auc": 0.47657, "auc_std": 0.01199}
{"epoch": 90, "time_epoch": 28.27047, "time_epoch_std": 0.58817, "eta": 254.82722, "eta_std": 5.18528, "eta_hours": 0.07079, "eta_hours_std": 0.00144, "loss": 1.09761, "loss_std": 1e-05, "lr": 2e-05, "lr_std": 0.0, "params": 3899.0, "params_std": 0.0, "time_iter": 0.6015, "time_iter_std": 0.01251, "accuracy": 0.35467, "accuracy_std": 0.0, "accuracy_max": 0.35467, "f1": 0.17454, "f1_std": 0.0, "auc": 0.47438, "auc_std": 0.01237}
{"epoch": 91, "time_epoch": 28.3441, "time_epoch_std": 0.62525, "eta": 226.51569, "eta_std": 4.61106, "eta_hours": 0.06292, "eta_hours_std": 0.00128, "loss": 1.0976, "loss_std": 1e-05, "lr": 2e-05, "lr_std": 0.0, "params": 3899.0, "params_std": 0.0, "time_iter": 0.60307, "time_iter_std": 0.0133, "accuracy": 0.35467, "accuracy_std": 0.0, "accuracy_max": 0.35467, "f1": 0.17454, "f1_std": 0.0, "auc": 0.48242, "auc_std": 0.0159}
{"epoch": 92, "time_epoch": 28.3854, "time_epoch_std": 0.62318, "eta": 198.20657, "eta_std": 4.03507, "eta_hours": 0.05506, "eta_hours_std": 0.00112, "loss": 1.09762, "loss_std": 1e-05, "lr": 2e-05, "lr_std": 0.0, "params": 3899.0, "params_std": 0.0, "time_iter": 0.60394, "time_iter_std": 0.01326, "accuracy": 0.35467, "accuracy_std": 0.0, "accuracy_max": 0.35467, "f1": 0.17454, "f1_std": 0.0, "auc": 0.46782, "auc_std": 0.01442}
{"epoch": 93, "time_epoch": 28.31218, "time_epoch_std": 0.65428, "eta": 169.89114, "eta_std": 3.46288, "eta_hours": 0.04719, "eta_hours_std": 0.00096, "loss": 1.09762, "loss_std": 1e-05, "lr": 1e-05, "lr_std": 0.0, "params": 3899.0, "params_std": 0.0, "time_iter": 0.60239, "time_iter_std": 0.01392, "accuracy": 0.35467, "accuracy_std": 0.0, "accuracy_max": 0.35467, "f1": 0.17454, "f1_std": 0.0, "auc": 0.46847, "auc_std": 0.01253}
{"epoch": 94, "time_epoch": 28.2414, "time_epoch_std": 0.55508, "eta": 141.57207, "eta_std": 2.88456, "eta_hours": 0.03933, "eta_hours_std": 0.0008, "loss": 1.09759, "loss_std": 1e-05, "lr": 1e-05, "lr_std": 0.0, "params": 3899.0, "params_std": 0.0, "time_iter": 0.60088, "time_iter_std": 0.01181, "accuracy": 0.35467, "accuracy_std": 0.0, "accuracy_max": 0.35467, "f1": 0.17454, "f1_std": 0.0, "auc": 0.50058, "auc_std": 0.01376}
{"epoch": 95, "time_epoch": 28.25622, "time_epoch_std": 0.5552, "eta": 113.25524, "eta_std": 2.30672, "eta_hours": 0.03146, "eta_hours_std": 0.00064, "loss": 1.0976, "loss_std": 1e-05, "lr": 1e-05, "lr_std": 0.0, "params": 3899.0, "params_std": 0.0, "time_iter": 0.6012, "time_iter_std": 0.01181, "accuracy": 0.35467, "accuracy_std": 0.0, "accuracy_max": 0.35467, "f1": 0.17454, "f1_std": 0.0, "auc": 0.49568, "auc_std": 0.00348}
{"epoch": 96, "time_epoch": 28.29804, "time_epoch_std": 0.55851, "eta": 84.94094, "eta_std": 1.72941, "eta_hours": 0.0236, "eta_hours_std": 0.00048, "loss": 1.09759, "loss_std": 2e-05, "lr": 0.0, "lr_std": 0.0, "params": 3899.0, "params_std": 0.0, "time_iter": 0.60209, "time_iter_std": 0.01188, "accuracy": 0.35467, "accuracy_std": 0.0, "accuracy_max": 0.35467, "f1": 0.17454, "f1_std": 0.0, "auc": 0.50005, "auc_std": 0.02789}
{"epoch": 97, "time_epoch": 28.23312, "time_epoch_std": 0.55077, "eta": 56.62565, "eta_std": 1.15241, "eta_hours": 0.01573, "eta_hours_std": 0.00032, "loss": 1.09758, "loss_std": 1e-05, "lr": 0.0, "lr_std": 0.0, "params": 3899.0, "params_std": 0.0, "time_iter": 0.60071, "time_iter_std": 0.01172, "accuracy": 0.35467, "accuracy_std": 0.0, "accuracy_max": 0.35467, "f1": 0.17454, "f1_std": 0.0, "auc": 0.50898, "auc_std": 0.01617}
{"epoch": 98, "time_epoch": 28.2643, "time_epoch_std": 0.55493, "eta": 28.31234, "eta_std": 0.57598, "eta_hours": 0.00786, "eta_hours_std": 0.00016, "loss": 1.0976, "loss_std": 0.0, "lr": 0.0, "lr_std": 0.0, "params": 3899.0, "params_std": 0.0, "time_iter": 0.60137, "time_iter_std": 0.01181, "accuracy": 0.35467, "accuracy_std": 0.0, "accuracy_max": 0.35467, "f1": 0.17454, "f1_std": 0.0, "auc": 0.49452, "auc_std": 0.00688}
{"epoch": 99, "time_epoch": 28.25809, "time_epoch_std": 0.53085, "eta": 0.0, "eta_std": 0.0, "eta_hours": 0.0, "eta_hours_std": 0.0, "loss": 1.09759, "loss_std": 2e-05, "lr": 0.0, "lr_std": 0.0, "params": 3899.0, "params_std": 0.0, "time_iter": 0.60124, "time_iter_std": 0.01129, "accuracy": 0.35467, "accuracy_std": 0.0, "accuracy_max": 0.35467, "f1": 0.17454, "f1_std": 0.0, "auc": 0.50138, "auc_std": 0.01862}
