{"epoch": 0, "time_epoch": 19.08921, "eta": 1889.83227, "eta_hours": 0.52495, "loss": 0.69257763, "lr": 0.001, "params": 6183, "time_iter": 0.15271, "accuracy": 0.508, "precision": 0.50877, "recall": 0.80237, "f1": 0.6227, "auc": 0.52084}
{"epoch": 1, "time_epoch": 6.25303, "eta": 1241.7698, "eta_hours": 0.34494, "loss": 0.69186765, "lr": 0.00099975, "params": 6183, "time_iter": 0.05002, "accuracy": 0.558, "precision": 0.55556, "recall": 0.63241, "f1": 0.5915, "auc": 0.53888}
{"epoch": 2, "time_epoch": 6.26098, "eta": 1021.83762, "eta_hours": 0.28384, "loss": 0.68398342, "lr": 0.00099901, "params": 6183, "time_iter": 0.05009, "accuracy": 0.556, "precision": 0.55939, "recall": 0.57708, "f1": 0.56809, "auc": 0.58522}
{"epoch": 3, "time_epoch": 6.2503, "eta": 908.48457, "eta_hours": 0.25236, "loss": 0.67570555, "lr": 0.00099778, "params": 6183, "time_iter": 0.05, "accuracy": 0.556, "precision": 0.56327, "recall": 0.54545, "f1": 0.55422, "auc": 0.60308}
{"epoch": 4, "time_epoch": 6.26417, "eta": 838.23627, "eta_hours": 0.23284, "loss": 0.65845694, "lr": 0.00099606, "params": 6183, "time_iter": 0.05011, "accuracy": 0.608, "precision": 0.64039, "recall": 0.51383, "f1": 0.57018, "auc": 0.6412}
{"epoch": 5, "time_epoch": 6.25265, "eta": 789.1355, "eta_hours": 0.2192, "loss": 0.67464433, "lr": 0.00099384, "params": 6183, "time_iter": 0.05002, "accuracy": 0.574, "precision": 0.59524, "recall": 0.49407, "f1": 0.53996, "auc": 0.60642}
{"epoch": 6, "time_epoch": 6.26624, "eta": 752.45756, "eta_hours": 0.20902, "loss": 0.6632801, "lr": 0.00099114, "params": 6183, "time_iter": 0.05013, "accuracy": 0.592, "precision": 0.61951, "recall": 0.50198, "f1": 0.55459, "auc": 0.62118}
{"epoch": 7, "time_epoch": 6.25559, "eta": 723.26007, "eta_hours": 0.20091, "loss": 0.67273266, "lr": 0.00098796, "params": 6183, "time_iter": 0.05004, "accuracy": 0.584, "precision": 0.61084, "recall": 0.49012, "f1": 0.54386, "auc": 0.62534}
{"epoch": 8, "time_epoch": 6.2469, "eta": 699.0729, "eta_hours": 0.19419, "loss": 0.66046909, "lr": 0.00098429, "params": 6183, "time_iter": 0.04998, "accuracy": 0.6, "precision": 0.61991, "recall": 0.5415, "f1": 0.57806, "auc": 0.63848}
{"epoch": 9, "time_epoch": 6.27226, "eta": 678.70208, "eta_hours": 0.18853, "loss": 0.67160573, "lr": 0.00098015, "params": 6183, "time_iter": 0.05018, "accuracy": 0.568, "precision": 0.58605, "recall": 0.49802, "f1": 0.53846, "auc": 0.6151}
{"epoch": 10, "time_epoch": 6.23954, "eta": 660.62983, "eta_hours": 0.18351, "loss": 0.66732296, "lr": 0.00097553, "params": 6183, "time_iter": 0.04992, "accuracy": 0.594, "precision": 0.60163, "recall": 0.58498, "f1": 0.59319, "auc": 0.62807}
{"epoch": 11, "time_epoch": 6.22864, "eta": 644.44979, "eta_hours": 0.17901, "loss": 0.66545011, "lr": 0.00097044, "params": 6183, "time_iter": 0.04983, "accuracy": 0.608, "precision": 0.6338, "recall": 0.5336, "f1": 0.5794, "auc": 0.62025}
{"epoch": 12, "time_epoch": 6.22861, "eta": 629.80055, "eta_hours": 0.17494, "loss": 0.66570085, "lr": 0.00096489, "params": 6183, "time_iter": 0.04983, "accuracy": 0.582, "precision": 0.6068, "recall": 0.49407, "f1": 0.54466, "auc": 0.62471}
{"epoch": 13, "time_epoch": 6.23642, "eta": 616.40226, "eta_hours": 0.17122, "loss": 0.68021275, "lr": 0.00095888, "params": 6183, "time_iter": 0.04989, "accuracy": 0.584, "precision": 0.61538, "recall": 0.47431, "f1": 0.53571, "auc": 0.58744}
{"epoch": 14, "time_epoch": 6.24367, "eta": 603.99991, "eta_hours": 0.16778, "loss": 0.64603972, "lr": 0.00095241, "params": 6183, "time_iter": 0.04995, "accuracy": 0.626, "precision": 0.64474, "recall": 0.58103, "f1": 0.61123, "auc": 0.67679}
{"epoch": 15, "time_epoch": 6.10311, "eta": 591.62947, "eta_hours": 0.16434, "loss": 0.65224128, "lr": 0.0009455, "params": 6183, "time_iter": 0.04882, "accuracy": 0.634, "precision": 0.67157, "recall": 0.5415, "f1": 0.59956, "auc": 0.66163}
{"epoch": 16, "time_epoch": 6.25001, "eta": 580.7136, "eta_hours": 0.16131, "loss": 0.6634726, "lr": 0.00093815, "params": 6183, "time_iter": 0.05, "accuracy": 0.616, "precision": 0.64455, "recall": 0.53755, "f1": 0.58621, "auc": 0.63987}
{"epoch": 17, "time_epoch": 6.24485, "eta": 570.29265, "eta_hours": 0.15841, "loss": 0.64280557, "lr": 0.00093037, "params": 6183, "time_iter": 0.04996, "accuracy": 0.63, "precision": 0.65888, "recall": 0.55731, "f1": 0.60385, "auc": 0.66683}
{"epoch": 18, "time_epoch": 6.24484, "eta": 560.31125, "eta_hours": 0.15564, "loss": 0.67005293, "lr": 0.00092216, "params": 6183, "time_iter": 0.04996, "accuracy": 0.568, "precision": 0.57034, "recall": 0.59289, "f1": 0.5814, "auc": 0.61073}
{"epoch": 19, "time_epoch": 6.25326, "eta": 550.73717, "eta_hours": 0.15298, "loss": 0.651482, "lr": 0.00091354, "params": 6183, "time_iter": 0.05003, "accuracy": 0.62, "precision": 0.64651, "recall": 0.54941, "f1": 0.59402, "auc": 0.65418}
{"epoch": 20, "time_epoch": 6.23571, "eta": 541.41333, "eta_hours": 0.15039, "loss": 0.65924668, "lr": 0.00090451, "params": 6183, "time_iter": 0.04989, "accuracy": 0.618, "precision": 0.63025, "recall": 0.59289, "f1": 0.611, "auc": 0.64374}
{"epoch": 21, "time_epoch": 6.21384, "eta": 532.2927, "eta_hours": 0.14786, "loss": 0.63888035, "lr": 0.00089508, "params": 6183, "time_iter": 0.04971, "accuracy": 0.636, "precision": 0.65502, "recall": 0.59289, "f1": 0.62241, "auc": 0.67925}
{"epoch": 22, "time_epoch": 6.22871, "eta": 523.47464, "eta_hours": 0.14541, "loss": 0.65542395, "lr": 0.00088526, "params": 6183, "time_iter": 0.04983, "accuracy": 0.612, "precision": 0.62553, "recall": 0.58103, "f1": 0.60246, "auc": 0.65667}
{"epoch": 23, "time_epoch": 6.24723, "eta": 514.931, "eta_hours": 0.14304, "loss": 0.67575004, "lr": 0.00087506, "params": 6183, "time_iter": 0.04998, "accuracy": 0.572, "precision": 0.57647, "recall": 0.58103, "f1": 0.57874, "auc": 0.60742}
{"epoch": 24, "time_epoch": 6.22394, "eta": 506.5012, "eta_hours": 0.14069, "loss": 0.63988281, "lr": 0.00086448, "params": 6183, "time_iter": 0.04979, "accuracy": 0.658, "precision": 0.66803, "recall": 0.64427, "f1": 0.65594, "auc": 0.68383}
{"epoch": 25, "time_epoch": 6.22976, "eta": 498.25763, "eta_hours": 0.1384, "loss": 0.66859502, "lr": 0.00085355, "params": 6183, "time_iter": 0.04984, "accuracy": 0.598, "precision": 0.61404, "recall": 0.55336, "f1": 0.58212, "auc": 0.63276}
{"epoch": 26, "time_epoch": 6.22678, "eta": 490.15518, "eta_hours": 0.13615, "loss": 0.62773932, "lr": 0.00084227, "params": 6183, "time_iter": 0.04981, "accuracy": 0.656, "precision": 0.68326, "recall": 0.59684, "f1": 0.63713, "auc": 0.70119}
{"epoch": 27, "time_epoch": 6.22553, "eta": 482.18347, "eta_hours": 0.13394, "loss": 0.65266701, "lr": 0.00083066, "params": 6183, "time_iter": 0.0498, "accuracy": 0.63, "precision": 0.6619, "recall": 0.54941, "f1": 0.60043, "auc": 0.6709}
{"epoch": 28, "time_epoch": 6.23529, "eta": 474.3561, "eta_hours": 0.13177, "loss": 0.67133432, "lr": 0.00081871, "params": 6183, "time_iter": 0.04988, "accuracy": 0.604, "precision": 0.61603, "recall": 0.57708, "f1": 0.59592, "auc": 0.62764}
{"epoch": 29, "time_epoch": 6.23665, "eta": 466.63805, "eta_hours": 0.12962, "loss": 0.64869754, "lr": 0.00080645, "params": 6183, "time_iter": 0.04989, "accuracy": 0.622, "precision": 0.64286, "recall": 0.56917, "f1": 0.60377, "auc": 0.66627}
{"epoch": 30, "time_epoch": 6.25272, "eta": 459.05133, "eta_hours": 0.12751, "loss": 0.66801757, "lr": 0.00079389, "params": 6183, "time_iter": 0.05002, "accuracy": 0.614, "precision": 0.65, "recall": 0.51383, "f1": 0.57395, "auc": 0.64372}
{"epoch": 31, "time_epoch": 6.23191, "eta": 451.50378, "eta_hours": 0.12542, "loss": 0.65205088, "lr": 0.00078104, "params": 6183, "time_iter": 0.04986, "accuracy": 0.638, "precision": 0.65385, "recall": 0.60474, "f1": 0.62834, "auc": 0.66722}
{"epoch": 32, "time_epoch": 6.22395, "eta": 444.01979, "eta_hours": 0.12334, "loss": 0.64360287, "lr": 0.00076791, "params": 6183, "time_iter": 0.04979, "accuracy": 0.634, "precision": 0.64831, "recall": 0.60474, "f1": 0.62577, "auc": 0.66554}
{"epoch": 33, "time_epoch": 6.23245, "eta": 436.62642, "eta_hours": 0.12129, "loss": 0.6431419, "lr": 0.00075452, "params": 6183, "time_iter": 0.04986, "accuracy": 0.626, "precision": 0.6375, "recall": 0.60474, "f1": 0.62069, "auc": 0.67165}
{"epoch": 34, "time_epoch": 6.2322, "eta": 429.29894, "eta_hours": 0.11925, "loss": 0.64084439, "lr": 0.00074088, "params": 6183, "time_iter": 0.04986, "accuracy": 0.634, "precision": 0.65766, "recall": 0.57708, "f1": 0.61474, "auc": 0.67439}
{"epoch": 35, "time_epoch": 6.2418, "eta": 422.04936, "eta_hours": 0.11724, "loss": 0.64072239, "lr": 0.000727, "params": 6183, "time_iter": 0.04993, "accuracy": 0.646, "precision": 0.67925, "recall": 0.56917, "f1": 0.61935, "auc": 0.67808}
{"epoch": 36, "time_epoch": 6.21595, "eta": 414.81026, "eta_hours": 0.11523, "loss": 0.66753584, "lr": 0.00071289, "params": 6183, "time_iter": 0.04973, "accuracy": 0.586, "precision": 0.59664, "recall": 0.56126, "f1": 0.57841, "auc": 0.63353}
{"epoch": 37, "time_epoch": 6.23516, "eta": 407.65633, "eta_hours": 0.11324, "loss": 0.62155018, "lr": 0.00069857, "params": 6183, "time_iter": 0.04988, "accuracy": 0.652, "precision": 0.66809, "recall": 0.62055, "f1": 0.64344, "auc": 0.70853}
{"epoch": 38, "time_epoch": 6.24357, "eta": 400.56268, "eta_hours": 0.11127, "loss": 0.66663081, "lr": 0.00068406, "params": 6183, "time_iter": 0.04995, "accuracy": 0.608, "precision": 0.62896, "recall": 0.54941, "f1": 0.5865, "auc": 0.64789}
{"epoch": 39, "time_epoch": 6.30432, "eta": 393.60265, "eta_hours": 0.10933, "loss": 0.64618608, "lr": 0.00066937, "params": 6183, "time_iter": 0.05043, "accuracy": 0.632, "precision": 0.65333, "recall": 0.58103, "f1": 0.61506, "auc": 0.66845}
{"epoch": 40, "time_epoch": 6.2722, "eta": 386.62839, "eta_hours": 0.1074, "loss": 0.66348229, "lr": 0.00065451, "params": 6183, "time_iter": 0.05018, "accuracy": 0.592, "precision": 0.60251, "recall": 0.56917, "f1": 0.58537, "auc": 0.63436}
{"epoch": 41, "time_epoch": 6.21737, "eta": 379.61185, "eta_hours": 0.10545, "loss": 0.66141582, "lr": 0.0006395, "params": 6183, "time_iter": 0.04974, "accuracy": 0.616, "precision": 0.63319, "recall": 0.57312, "f1": 0.60166, "auc": 0.64777}
{"epoch": 42, "time_epoch": 6.22496, "eta": 372.64254, "eta_hours": 0.10351, "loss": 0.65651028, "lr": 0.00062434, "params": 6183, "time_iter": 0.0498, "accuracy": 0.624, "precision": 0.64444, "recall": 0.57312, "f1": 0.60669, "auc": 0.65072}
{"epoch": 43, "time_epoch": 6.22416, "eta": 365.70604, "eta_hours": 0.10159, "loss": 0.65623363, "lr": 0.00060907, "params": 6183, "time_iter": 0.04979, "accuracy": 0.618, "precision": 0.63839, "recall": 0.56522, "f1": 0.59958, "auc": 0.65067}
{"epoch": 44, "time_epoch": 6.22449, "eta": 358.80161, "eta_hours": 0.09967, "loss": 0.65562873, "lr": 0.00059369, "params": 6183, "time_iter": 0.0498, "accuracy": 0.604, "precision": 0.62332, "recall": 0.54941, "f1": 0.58403, "auc": 0.65257}
{"epoch": 45, "time_epoch": 6.22388, "eta": 351.92602, "eta_hours": 0.09776, "loss": 0.64928616, "lr": 0.00057822, "params": 6183, "time_iter": 0.04979, "accuracy": 0.622, "precision": 0.64035, "recall": 0.57708, "f1": 0.60707, "auc": 0.66339}
{"epoch": 46, "time_epoch": 6.2374, "eta": 345.09342, "eta_hours": 0.09586, "loss": 0.63445045, "lr": 0.00056267, "params": 6183, "time_iter": 0.0499, "accuracy": 0.664, "precision": 0.69058, "recall": 0.6087, "f1": 0.64706, "auc": 0.68504}
{"epoch": 47, "time_epoch": 6.22777, "eta": 338.27518, "eta_hours": 0.09397, "loss": 0.63971859, "lr": 0.00054705, "params": 6183, "time_iter": 0.04982, "accuracy": 0.644, "precision": 0.66094, "recall": 0.6087, "f1": 0.63374, "auc": 0.67615}
{"epoch": 48, "time_epoch": 6.24068, "eta": 331.49447, "eta_hours": 0.09208, "loss": 0.65548393, "lr": 0.0005314, "params": 6183, "time_iter": 0.04993, "accuracy": 0.63, "precision": 0.65455, "recall": 0.56917, "f1": 0.60888, "auc": 0.65888}
{"epoch": 49, "time_epoch": 6.07074, "eta": 324.56543, "eta_hours": 0.09016, "loss": 0.64627587, "lr": 0.00051571, "params": 6183, "time_iter": 0.04857, "accuracy": 0.622, "precision": 0.63675, "recall": 0.58893, "f1": 0.61191, "auc": 0.6668}
{"epoch": 50, "time_epoch": 6.22408, "eta": 317.81737, "eta_hours": 0.08828, "loss": 0.6385087, "lr": 0.0005, "params": 6183, "time_iter": 0.04979, "accuracy": 0.642, "precision": 0.65289, "recall": 0.62451, "f1": 0.63838, "auc": 0.67563}
{"epoch": 51, "time_epoch": 6.21379, "eta": 311.07997, "eta_hours": 0.08641, "loss": 0.65726708, "lr": 0.00048429, "params": 6183, "time_iter": 0.04971, "accuracy": 0.628, "precision": 0.639, "recall": 0.6087, "f1": 0.62348, "auc": 0.65427}
{"epoch": 52, "time_epoch": 6.22206, "eta": 304.36966, "eta_hours": 0.08455, "loss": 0.65184118, "lr": 0.0004686, "params": 6183, "time_iter": 0.04978, "accuracy": 0.65, "precision": 0.66387, "recall": 0.62451, "f1": 0.64358, "auc": 0.65865}
{"epoch": 53, "time_epoch": 6.21333, "eta": 297.67, "eta_hours": 0.08269, "loss": 0.65461184, "lr": 0.00045295, "params": 6183, "time_iter": 0.04971, "accuracy": 0.614, "precision": 0.64019, "recall": 0.5415, "f1": 0.58672, "auc": 0.64984}
{"epoch": 54, "time_epoch": 6.27458, "eta": 291.03813, "eta_hours": 0.08084, "loss": 0.65019111, "lr": 0.00043733, "params": 6183, "time_iter": 0.0502, "accuracy": 0.616, "precision": 0.64455, "recall": 0.53755, "f1": 0.58621, "auc": 0.65593}
{"epoch": 55, "time_epoch": 6.27675, "eta": 284.42073, "eta_hours": 0.07901, "loss": 0.66109445, "lr": 0.00042178, "params": 6183, "time_iter": 0.05021, "accuracy": 0.612, "precision": 0.63348, "recall": 0.55336, "f1": 0.59072, "auc": 0.65219}
{"epoch": 56, "time_epoch": 6.28121, "eta": 277.81865, "eta_hours": 0.07717, "loss": 0.64342126, "lr": 0.00040631, "params": 6183, "time_iter": 0.05025, "accuracy": 0.62, "precision": 0.64516, "recall": 0.55336, "f1": 0.59574, "auc": 0.68007}
{"epoch": 57, "time_epoch": 6.28588, "eta": 271.23101, "eta_hours": 0.07534, "loss": 0.66197883, "lr": 0.00039093, "params": 6183, "time_iter": 0.05029, "accuracy": 0.618, "precision": 0.64486, "recall": 0.54545, "f1": 0.59101, "auc": 0.65331}
{"epoch": 58, "time_epoch": 6.25176, "eta": 264.62989, "eta_hours": 0.07351, "loss": 0.64199353, "lr": 0.00037566, "params": 6183, "time_iter": 0.05001, "accuracy": 0.66, "precision": 0.6895, "recall": 0.59684, "f1": 0.63983, "auc": 0.67599}
{"epoch": 59, "time_epoch": 6.21746, "eta": 258.01755, "eta_hours": 0.07167, "loss": 0.65636253, "lr": 0.0003605, "params": 6183, "time_iter": 0.04974, "accuracy": 0.628, "precision": 0.65297, "recall": 0.56522, "f1": 0.60593, "auc": 0.666}
{"epoch": 60, "time_epoch": 6.18019, "eta": 251.39433, "eta_hours": 0.06983, "loss": 0.63438958, "lr": 0.00034549, "params": 6183, "time_iter": 0.04944, "accuracy": 0.646, "precision": 0.66239, "recall": 0.61265, "f1": 0.63655, "auc": 0.68864}
{"epoch": 61, "time_epoch": 6.22372, "eta": 244.81208, "eta_hours": 0.068, "loss": 0.67723127, "lr": 0.00033063, "params": 6183, "time_iter": 0.04979, "accuracy": 0.588, "precision": 0.59751, "recall": 0.56917, "f1": 0.583, "auc": 0.62518}
{"epoch": 62, "time_epoch": 6.23953, "eta": 238.2505, "eta_hours": 0.06618, "loss": 0.64307854, "lr": 0.00031594, "params": 6183, "time_iter": 0.04992, "accuracy": 0.638, "precision": 0.64634, "recall": 0.62846, "f1": 0.63727, "auc": 0.68152}
{"epoch": 63, "time_epoch": 6.21907, "eta": 231.68747, "eta_hours": 0.06436, "loss": 0.64773306, "lr": 0.00030143, "params": 6183, "time_iter": 0.04975, "accuracy": 0.646, "precision": 0.66102, "recall": 0.6166, "f1": 0.63804, "auc": 0.66954}
{"epoch": 64, "time_epoch": 6.21194, "eta": 225.13119, "eta_hours": 0.06254, "loss": 0.65143123, "lr": 0.00028711, "params": 6183, "time_iter": 0.0497, "accuracy": 0.624, "precision": 0.62846, "recall": 0.62846, "f1": 0.62846, "auc": 0.66365}
{"epoch": 65, "time_epoch": 6.23226, "eta": 218.59581, "eta_hours": 0.06072, "loss": 0.6586563, "lr": 0.000273, "params": 6183, "time_iter": 0.04986, "accuracy": 0.604, "precision": 0.61803, "recall": 0.56917, "f1": 0.59259, "auc": 0.64773}
{"epoch": 66, "time_epoch": 6.23859, "eta": 212.07259, "eta_hours": 0.05891, "loss": 0.65253143, "lr": 0.00025912, "params": 6183, "time_iter": 0.04991, "accuracy": 0.608, "precision": 0.61633, "recall": 0.59684, "f1": 0.60643, "auc": 0.66085}
{"epoch": 67, "time_epoch": 6.23604, "eta": 205.55655, "eta_hours": 0.0571, "loss": 0.66495444, "lr": 0.00024548, "params": 6183, "time_iter": 0.04989, "accuracy": 0.602, "precision": 0.61638, "recall": 0.56522, "f1": 0.58969, "auc": 0.63273}
{"epoch": 68, "time_epoch": 6.2295, "eta": 199.04568, "eta_hours": 0.05529, "loss": 0.64184741, "lr": 0.00023209, "params": 6183, "time_iter": 0.04984, "accuracy": 0.636, "precision": 0.65639, "recall": 0.58893, "f1": 0.62083, "auc": 0.67989}
{"epoch": 69, "time_epoch": 6.24117, "eta": 192.54786, "eta_hours": 0.05349, "loss": 0.65266389, "lr": 0.00021896, "params": 6183, "time_iter": 0.04993, "accuracy": 0.618, "precision": 0.63964, "recall": 0.56126, "f1": 0.59789, "auc": 0.64808}
{"epoch": 70, "time_epoch": 6.22393, "eta": 186.05022, "eta_hours": 0.05168, "loss": 0.64983434, "lr": 0.00020611, "params": 6183, "time_iter": 0.04979, "accuracy": 0.636, "precision": 0.65919, "recall": 0.58103, "f1": 0.61765, "auc": 0.66235}
{"epoch": 71, "time_epoch": 6.22818, "eta": 179.56184, "eta_hours": 0.04988, "loss": 0.63998199, "lr": 0.00019355, "params": 6183, "time_iter": 0.04983, "accuracy": 0.632, "precision": 0.65333, "recall": 0.58103, "f1": 0.61506, "auc": 0.67166}
{"epoch": 72, "time_epoch": 6.23856, "eta": 173.08443, "eta_hours": 0.04808, "loss": 0.63615912, "lr": 0.00018129, "params": 6183, "time_iter": 0.04991, "accuracy": 0.638, "precision": 0.65789, "recall": 0.59289, "f1": 0.6237, "auc": 0.68223}
{"epoch": 73, "time_epoch": 6.23035, "eta": 166.61058, "eta_hours": 0.04628, "loss": 0.63215325, "lr": 0.00016934, "params": 6183, "time_iter": 0.04984, "accuracy": 0.618, "precision": 0.63717, "recall": 0.56917, "f1": 0.60125, "auc": 0.68064}
{"epoch": 74, "time_epoch": 6.22224, "eta": 160.14053, "eta_hours": 0.04448, "loss": 0.64737212, "lr": 0.00015773, "params": 6183, "time_iter": 0.04978, "accuracy": 0.614, "precision": 0.63393, "recall": 0.56126, "f1": 0.59539, "auc": 0.65986}
{"epoch": 75, "time_epoch": 6.22243, "eta": 153.67706, "eta_hours": 0.04269, "loss": 0.65851347, "lr": 0.00014645, "params": 6183, "time_iter": 0.04978, "accuracy": 0.612, "precision": 0.63348, "recall": 0.55336, "f1": 0.59072, "auc": 0.64904}
{"epoch": 76, "time_epoch": 6.23378, "eta": 147.22324, "eta_hours": 0.0409, "loss": 0.64163522, "lr": 0.00013552, "params": 6183, "time_iter": 0.04987, "accuracy": 0.64, "precision": 0.66667, "recall": 0.57708, "f1": 0.61864, "auc": 0.66715}
{"epoch": 77, "time_epoch": 6.22464, "eta": 140.77248, "eta_hours": 0.0391, "loss": 0.6402174, "lr": 0.00012494, "params": 6183, "time_iter": 0.0498, "accuracy": 0.618, "precision": 0.64623, "recall": 0.5415, "f1": 0.58925, "auc": 0.67288}
{"epoch": 78, "time_epoch": 6.24611, "eta": 134.33316, "eta_hours": 0.03731, "loss": 0.64459026, "lr": 0.00011474, "params": 6183, "time_iter": 0.04997, "accuracy": 0.638, "precision": 0.66071, "recall": 0.58498, "f1": 0.62055, "auc": 0.66149}
{"epoch": 79, "time_epoch": 5.69648, "eta": 127.76126, "eta_hours": 0.03549, "loss": 0.63805584, "lr": 0.00010492, "params": 6183, "time_iter": 0.04557, "accuracy": 0.626, "precision": 0.64224, "recall": 0.58893, "f1": 0.61443, "auc": 0.67893}
{"epoch": 80, "time_epoch": 5.07477, "eta": 121.06514, "eta_hours": 0.03363, "loss": 0.65706987, "lr": 9.549e-05, "params": 6183, "time_iter": 0.0406, "accuracy": 0.592, "precision": 0.60251, "recall": 0.56917, "f1": 0.58537, "auc": 0.64499}
{"epoch": 81, "time_epoch": 5.45367, "eta": 114.49174, "eta_hours": 0.0318, "loss": 0.63883427, "lr": 8.646e-05, "params": 6183, "time_iter": 0.04363, "accuracy": 0.646, "precision": 0.66964, "recall": 0.59289, "f1": 0.62893, "auc": 0.6781}
{"epoch": 82, "time_epoch": 5.44817, "eta": 107.94419, "eta_hours": 0.02998, "loss": 0.63514942, "lr": 7.784e-05, "params": 6183, "time_iter": 0.04359, "accuracy": 0.654, "precision": 0.67857, "recall": 0.60079, "f1": 0.63732, "auc": 0.68675}
{"epoch": 83, "time_epoch": 5.45916, "eta": 101.42491, "eta_hours": 0.02817, "loss": 0.62487739, "lr": 6.963e-05, "params": 6183, "time_iter": 0.04367, "accuracy": 0.65, "precision": 0.67727, "recall": 0.58893, "f1": 0.63002, "auc": 0.69821}
{"epoch": 84, "time_epoch": 5.42651, "eta": 94.92482, "eta_hours": 0.02637, "loss": 0.65014092, "lr": 6.185e-05, "params": 6183, "time_iter": 0.04341, "accuracy": 0.646, "precision": 0.66814, "recall": 0.59684, "f1": 0.63048, "auc": 0.66874}
{"epoch": 85, "time_epoch": 5.44702, "eta": 88.45303, "eta_hours": 0.02457, "loss": 0.65175167, "lr": 5.45e-05, "params": 6183, "time_iter": 0.04358, "accuracy": 0.654, "precision": 0.67391, "recall": 0.61265, "f1": 0.64182, "auc": 0.67293}
{"epoch": 86, "time_epoch": 5.42658, "eta": 82.00174, "eta_hours": 0.02278, "loss": 0.6298841, "lr": 4.759e-05, "params": 6183, "time_iter": 0.04341, "accuracy": 0.64, "precision": 0.66368, "recall": 0.58498, "f1": 0.62185, "auc": 0.69192}
{"epoch": 87, "time_epoch": 5.42163, "eta": 75.57307, "eta_hours": 0.02099, "loss": 0.64524448, "lr": 4.112e-05, "params": 6183, "time_iter": 0.04337, "accuracy": 0.64, "precision": 0.66079, "recall": 0.59289, "f1": 0.625, "auc": 0.68677}
{"epoch": 88, "time_epoch": 5.43445, "eta": 69.16862, "eta_hours": 0.01921, "loss": 0.65307587, "lr": 3.511e-05, "params": 6183, "time_iter": 0.04348, "accuracy": 0.626, "precision": 0.64865, "recall": 0.56917, "f1": 0.60632, "auc": 0.66176}
{"epoch": 89, "time_epoch": 5.45521, "eta": 62.78802, "eta_hours": 0.01744, "loss": 0.62229213, "lr": 2.956e-05, "params": 6183, "time_iter": 0.04364, "accuracy": 0.646, "precision": 0.66814, "recall": 0.59684, "f1": 0.63048, "auc": 0.70121}
{"epoch": 90, "time_epoch": 5.40813, "eta": 56.42311, "eta_hours": 0.01567, "loss": 0.63337534, "lr": 2.447e-05, "params": 6183, "time_iter": 0.04327, "accuracy": 0.642, "precision": 0.65289, "recall": 0.62451, "f1": 0.63838, "auc": 0.68568}
{"epoch": 91, "time_epoch": 5.42365, "eta": 50.08035, "eta_hours": 0.01391, "loss": 0.63665891, "lr": 1.985e-05, "params": 6183, "time_iter": 0.04339, "accuracy": 0.638, "precision": 0.66216, "recall": 0.58103, "f1": 0.61895, "auc": 0.68325}
{"epoch": 92, "time_epoch": 5.43076, "eta": 43.75788, "eta_hours": 0.01215, "loss": 0.63295786, "lr": 1.571e-05, "params": 6183, "time_iter": 0.04345, "accuracy": 0.642, "precision": 0.6713, "recall": 0.57312, "f1": 0.61834, "auc": 0.68151}
{"epoch": 93, "time_epoch": 5.42935, "eta": 37.4543, "eta_hours": 0.0104, "loss": 0.65930083, "lr": 1.204e-05, "params": 6183, "time_iter": 0.04343, "accuracy": 0.61, "precision": 0.62719, "recall": 0.56522, "f1": 0.59459, "auc": 0.6434}
{"epoch": 94, "time_epoch": 5.44055, "eta": 31.16972, "eta_hours": 0.00866, "loss": 0.65184418, "lr": 8.86e-06, "params": 6183, "time_iter": 0.04352, "accuracy": 0.626, "precision": 0.65278, "recall": 0.55731, "f1": 0.60128, "auc": 0.66224}
{"epoch": 95, "time_epoch": 5.41309, "eta": 24.90157, "eta_hours": 0.00692, "loss": 0.62959204, "lr": 6.16e-06, "params": 6183, "time_iter": 0.0433, "accuracy": 0.666, "precision": 0.67769, "recall": 0.64822, "f1": 0.66263, "auc": 0.70173}
{"epoch": 96, "time_epoch": 5.42252, "eta": 18.65135, "eta_hours": 0.00518, "loss": 0.64589871, "lr": 3.94e-06, "params": 6183, "time_iter": 0.04338, "accuracy": 0.63, "precision": 0.65179, "recall": 0.57708, "f1": 0.61216, "auc": 0.66966}
{"epoch": 97, "time_epoch": 5.42733, "eta": 12.41811, "eta_hours": 0.00345, "loss": 0.64266836, "lr": 2.22e-06, "params": 6183, "time_iter": 0.04342, "accuracy": 0.632, "precision": 0.65333, "recall": 0.58103, "f1": 0.61506, "auc": 0.65681}
{"epoch": 98, "time_epoch": 5.38952, "eta": 6.20078, "eta_hours": 0.00172, "loss": 0.64696341, "lr": 9.9e-07, "params": 6183, "time_iter": 0.04312, "accuracy": 0.634, "precision": 0.65351, "recall": 0.58893, "f1": 0.61954, "auc": 0.67963}
{"epoch": 99, "time_epoch": 5.41404, "eta": 0.0, "eta_hours": 0.0, "loss": 0.65637315, "lr": 2.5e-07, "params": 6183, "time_iter": 0.04331, "accuracy": 0.628, "precision": 0.64017, "recall": 0.60474, "f1": 0.62195, "auc": 0.65915}
