{"epoch": 0, "time_epoch": 3.867, "time_epoch_std": 1.46939, "eta": 382.83286, "eta_std": 145.47001, "eta_hours": 0.10634, "eta_hours_std": 0.04041, "loss": 0.70057, "loss_std": 0.00866, "lr": 0.001, "lr_std": 0.0, "params": 5401.0, "params_std": 0.0, "time_iter": 0.10176, "time_iter_std": 0.03867, "accuracy": 0.49333, "accuracy_std": 0.01633, "accuracy_max": 0.52, "precision": 0.25676, "precision_std": 0.2568, "recall": 0.48077, "recall_std": 0.48154, "f1": 0.33469, "f1_std": 0.33485, "auc": 0.42604, "auc_std": 0.07009}
