{"epoch": 0, "time_epoch": 0.94322, "eta": 93.37927, "eta_hours": 0.02594, "loss": 0.69812814, "lr": 0.001, "params": 9207, "time_iter": 0.31441, "accuracy": 0.30769, "precision": 0.0, "recall": 0.0, "f1": 0.0, "auc": 0.48077}
{"epoch": 1, "time_epoch": 2.00581, "eta": 144.50272, "eta_hours": 0.04014, "loss": 0.69291078, "lr": 0.00099975, "params": 9207, "time_iter": 0.6686, "accuracy": 0.51282, "precision": 0.64, "recall": 0.61538, "f1": 0.62745, "auc": 0.47041}
{"epoch": 2, "time_epoch": 2.02849, "eta": 160.94001, "eta_hours": 0.04471, "loss": 0.68912349, "lr": 0.00099901, "params": 9207, "time_iter": 0.67616, "accuracy": 0.66667, "precision": 0.66667, "recall": 1.0, "f1": 0.8, "auc": 0.5}
{"epoch": 3, "time_epoch": 2.01963, "eta": 167.93182, "eta_hours": 0.04665, "loss": 0.68552241, "lr": 0.00099778, "params": 9207, "time_iter": 0.67321, "accuracy": 0.66667, "precision": 0.66667, "recall": 1.0, "f1": 0.8, "auc": 0.55325}
{"epoch": 4, "time_epoch": 2.03189, "eta": 171.55194, "eta_hours": 0.04765, "loss": 0.68429398, "lr": 0.00099606, "params": 9207, "time_iter": 0.6773, "accuracy": 0.66667, "precision": 0.66667, "recall": 1.0, "f1": 0.8, "auc": 0.48521}
{"epoch": 5, "time_epoch": 2.12101, "eta": 174.68427, "eta_hours": 0.04852, "loss": 0.67938071, "lr": 0.00099384, "params": 9207, "time_iter": 0.707, "accuracy": 0.66667, "precision": 0.66667, "recall": 1.0, "f1": 0.8, "auc": 0.76923}
{"epoch": 6, "time_epoch": 2.07311, "eta": 175.67923, "eta_hours": 0.0488, "loss": 0.67686637, "lr": 0.00099114, "params": 9207, "time_iter": 0.69104, "accuracy": 0.66667, "precision": 0.66667, "recall": 1.0, "f1": 0.8, "auc": 0.6568}
{"epoch": 7, "time_epoch": 0.78413, "eta": 161.08398, "eta_hours": 0.04475, "loss": 0.67449208, "lr": 0.00098796, "params": 9207, "time_iter": 0.26138, "accuracy": 0.66667, "precision": 0.66667, "recall": 1.0, "f1": 0.8, "auc": 0.59467}
{"epoch": 8, "time_epoch": 0.14078, "eta": 143.05287, "eta_hours": 0.03974, "loss": 0.67045067, "lr": 0.00098429, "params": 9207, "time_iter": 0.04693, "accuracy": 0.66667, "precision": 0.66667, "recall": 1.0, "f1": 0.8, "auc": 0.76035}
{"epoch": 9, "time_epoch": 0.13965, "eta": 128.58963, "eta_hours": 0.03572, "loss": 0.66706087, "lr": 0.00098015, "params": 9207, "time_iter": 0.04655, "accuracy": 0.66667, "precision": 0.66667, "recall": 1.0, "f1": 0.8, "auc": 0.74556}
{"epoch": 10, "time_epoch": 0.14139, "eta": 116.74477, "eta_hours": 0.03243, "loss": 0.66408974, "lr": 0.00097553, "params": 9207, "time_iter": 0.04713, "accuracy": 0.66667, "precision": 0.66667, "recall": 1.0, "f1": 0.8, "auc": 0.77811}
{"epoch": 11, "time_epoch": 0.15509, "eta": 106.95095, "eta_hours": 0.02971, "loss": 0.65838257, "lr": 0.00097044, "params": 9207, "time_iter": 0.0517, "accuracy": 0.69231, "precision": 0.68421, "recall": 1.0, "f1": 0.8125, "auc": 0.69822}
{"epoch": 12, "time_epoch": 0.16052, "eta": 98.67634, "eta_hours": 0.02741, "loss": 0.65537016, "lr": 0.00096489, "params": 9207, "time_iter": 0.05351, "accuracy": 0.69231, "precision": 0.68421, "recall": 1.0, "f1": 0.8125, "auc": 0.81657}
{"epoch": 13, "time_epoch": 0.15437, "eta": 91.5231, "eta_hours": 0.02542, "loss": 0.6486647, "lr": 0.00095888, "params": 9207, "time_iter": 0.05146, "accuracy": 0.69231, "precision": 0.68421, "recall": 1.0, "f1": 0.8125, "auc": 0.87278}
{"epoch": 14, "time_epoch": 0.15405, "eta": 85.30125, "eta_hours": 0.02369, "loss": 0.64910408, "lr": 0.00095241, "params": 9207, "time_iter": 0.05135, "accuracy": 0.69231, "precision": 0.68421, "recall": 1.0, "f1": 0.8125, "auc": 0.76331}
{"epoch": 15, "time_epoch": 0.15554, "eta": 79.84566, "eta_hours": 0.02218, "loss": 0.64595296, "lr": 0.0009455, "params": 9207, "time_iter": 0.05185, "accuracy": 0.69231, "precision": 0.68421, "recall": 1.0, "f1": 0.8125, "auc": 0.78698}
{"epoch": 16, "time_epoch": 0.15087, "eta": 74.99085, "eta_hours": 0.02083, "loss": 0.63389294, "lr": 0.00093815, "params": 9207, "time_iter": 0.05029, "accuracy": 0.69231, "precision": 0.68421, "recall": 1.0, "f1": 0.8125, "auc": 0.78402}
{"epoch": 17, "time_epoch": 0.15534, "eta": 70.67906, "eta_hours": 0.01963, "loss": 0.64462284, "lr": 0.00093037, "params": 9207, "time_iter": 0.05178, "accuracy": 0.66667, "precision": 0.66667, "recall": 1.0, "f1": 0.8, "auc": 0.80473}
{"epoch": 18, "time_epoch": 0.15649, "eta": 66.80966, "eta_hours": 0.01856, "loss": 0.63929966, "lr": 0.00092216, "params": 9207, "time_iter": 0.05216, "accuracy": 0.66667, "precision": 0.66667, "recall": 1.0, "f1": 0.8, "auc": 0.76331}
{"epoch": 19, "time_epoch": 0.15305, "eta": 63.29779, "eta_hours": 0.01758, "loss": 0.62339409, "lr": 0.00091354, "params": 9207, "time_iter": 0.05102, "accuracy": 0.69231, "precision": 0.68421, "recall": 1.0, "f1": 0.8125, "auc": 0.84024}
{"epoch": 20, "time_epoch": 0.1581, "eta": 60.12481, "eta_hours": 0.0167, "loss": 0.62997325, "lr": 0.00090451, "params": 9207, "time_iter": 0.0527, "accuracy": 0.66667, "precision": 0.66667, "recall": 1.0, "f1": 0.8, "auc": 0.80769}
{"epoch": 21, "time_epoch": 0.15592, "eta": 57.21818, "eta_hours": 0.01589, "loss": 0.62150038, "lr": 0.00089508, "params": 9207, "time_iter": 0.05197, "accuracy": 0.69231, "precision": 0.68421, "recall": 1.0, "f1": 0.8125, "auc": 0.88462}
{"epoch": 22, "time_epoch": 0.1565, "eta": 54.5527, "eta_hours": 0.01515, "loss": 0.61673004, "lr": 0.00088526, "params": 9207, "time_iter": 0.05217, "accuracy": 0.69231, "precision": 0.68421, "recall": 1.0, "f1": 0.8125, "auc": 0.88757}
{"epoch": 23, "time_epoch": 0.15558, "eta": 52.09338, "eta_hours": 0.01447, "loss": 0.60872208, "lr": 0.00087506, "params": 9207, "time_iter": 0.05186, "accuracy": 0.69231, "precision": 0.68421, "recall": 1.0, "f1": 0.8125, "auc": 0.89941}
{"epoch": 24, "time_epoch": 0.14936, "eta": 49.79971, "eta_hours": 0.01383, "loss": 0.62309806, "lr": 0.00086448, "params": 9207, "time_iter": 0.04979, "accuracy": 0.66667, "precision": 0.66667, "recall": 1.0, "f1": 0.8, "auc": 0.88757}
{"epoch": 25, "time_epoch": 0.15204, "eta": 47.6786, "eta_hours": 0.01324, "loss": 0.59059096, "lr": 0.00085355, "params": 9207, "time_iter": 0.05068, "accuracy": 0.69231, "precision": 0.68421, "recall": 1.0, "f1": 0.8125, "auc": 0.95266}
{"epoch": 26, "time_epoch": 0.15048, "eta": 45.69913, "eta_hours": 0.01269, "loss": 0.5845826, "lr": 0.00084227, "params": 9207, "time_iter": 0.05016, "accuracy": 0.69231, "precision": 0.68421, "recall": 1.0, "f1": 0.8125, "auc": 0.93787}
{"epoch": 27, "time_epoch": 0.15038, "eta": 43.85006, "eta_hours": 0.01218, "loss": 0.58863259, "lr": 0.00083066, "params": 9207, "time_iter": 0.05013, "accuracy": 0.69231, "precision": 0.68421, "recall": 1.0, "f1": 0.8125, "auc": 0.88462}
{"epoch": 28, "time_epoch": 0.15133, "eta": 42.12044, "eta_hours": 0.0117, "loss": 0.58218565, "lr": 0.00081871, "params": 9207, "time_iter": 0.05044, "accuracy": 0.69231, "precision": 0.68421, "recall": 1.0, "f1": 0.8125, "auc": 0.93195}
{"epoch": 29, "time_epoch": 0.1481, "eta": 40.48852, "eta_hours": 0.01125, "loss": 0.58272433, "lr": 0.00080645, "params": 9207, "time_iter": 0.04937, "accuracy": 0.69231, "precision": 0.68421, "recall": 1.0, "f1": 0.8125, "auc": 0.8787}
{"epoch": 30, "time_epoch": 0.14816, "eta": 38.95246, "eta_hours": 0.01082, "loss": 0.59170398, "lr": 0.00079389, "params": 9207, "time_iter": 0.04939, "accuracy": 0.66667, "precision": 0.66667, "recall": 1.0, "f1": 0.8, "auc": 0.90533}
{"epoch": 31, "time_epoch": 0.14917, "eta": 37.50528, "eta_hours": 0.01042, "loss": 0.58942467, "lr": 0.00078104, "params": 9207, "time_iter": 0.04972, "accuracy": 0.66667, "precision": 0.66667, "recall": 1.0, "f1": 0.8, "auc": 0.85207}
{"epoch": 32, "time_epoch": 0.14973, "eta": 36.13793, "eta_hours": 0.01004, "loss": 0.55691626, "lr": 0.00076791, "params": 9207, "time_iter": 0.04991, "accuracy": 0.69231, "precision": 0.68421, "recall": 1.0, "f1": 0.8125, "auc": 0.97929}
{"epoch": 33, "time_epoch": 0.15721, "eta": 34.85671, "eta_hours": 0.00968, "loss": 0.54996129, "lr": 0.00075452, "params": 9207, "time_iter": 0.0524, "accuracy": 0.69231, "precision": 0.68421, "recall": 1.0, "f1": 0.8125, "auc": 0.96154}
{"epoch": 34, "time_epoch": 0.15239, "eta": 33.63077, "eta_hours": 0.00934, "loss": 0.55387076, "lr": 0.00074088, "params": 9207, "time_iter": 0.0508, "accuracy": 0.69231, "precision": 0.68421, "recall": 1.0, "f1": 0.8125, "auc": 0.92012}
{"epoch": 35, "time_epoch": 0.15314, "eta": 32.4658, "eta_hours": 0.00902, "loss": 0.53174773, "lr": 0.000727, "params": 9207, "time_iter": 0.05105, "accuracy": 0.69231, "precision": 0.68421, "recall": 1.0, "f1": 0.8125, "auc": 0.96154}
{"epoch": 36, "time_epoch": 0.14922, "eta": 31.34886, "eta_hours": 0.00871, "loss": 0.5278258, "lr": 0.00071289, "params": 9207, "time_iter": 0.04974, "accuracy": 0.71795, "precision": 0.7027, "recall": 1.0, "f1": 0.8254, "auc": 0.97337}
{"epoch": 37, "time_epoch": 0.15216, "eta": 30.28765, "eta_hours": 0.00841, "loss": 0.51318759, "lr": 0.00069857, "params": 9207, "time_iter": 0.05072, "accuracy": 0.74359, "precision": 0.72222, "recall": 1.0, "f1": 0.83871, "auc": 0.97337}
{"epoch": 38, "time_epoch": 0.15421, "eta": 29.27626, "eta_hours": 0.00813, "loss": 0.50313497, "lr": 0.00068406, "params": 9207, "time_iter": 0.0514, "accuracy": 0.74359, "precision": 0.72222, "recall": 1.0, "f1": 0.83871, "auc": 0.97337}
{"epoch": 39, "time_epoch": 0.15205, "eta": 28.30449, "eta_hours": 0.00786, "loss": 0.48794732, "lr": 0.00066937, "params": 9207, "time_iter": 0.05068, "accuracy": 0.74359, "precision": 0.72222, "recall": 1.0, "f1": 0.83871, "auc": 0.99408}
{"epoch": 40, "time_epoch": 0.15273, "eta": 27.37368, "eta_hours": 0.0076, "loss": 0.48433994, "lr": 0.00065451, "params": 9207, "time_iter": 0.05091, "accuracy": 0.74359, "precision": 0.72222, "recall": 1.0, "f1": 0.83871, "auc": 0.98817}
{"epoch": 41, "time_epoch": 0.15235, "eta": 26.4794, "eta_hours": 0.00736, "loss": 0.4734583, "lr": 0.0006395, "params": 9207, "time_iter": 0.05078, "accuracy": 0.76923, "precision": 0.74286, "recall": 1.0, "f1": 0.85246, "auc": 0.99112}
{"epoch": 42, "time_epoch": 0.15155, "eta": 25.61857, "eta_hours": 0.00712, "loss": 0.45491037, "lr": 0.00062434, "params": 9207, "time_iter": 0.05052, "accuracy": 0.79487, "precision": 0.76471, "recall": 1.0, "f1": 0.86667, "auc": 0.98817}
{"epoch": 43, "time_epoch": 0.1515, "eta": 24.78991, "eta_hours": 0.00689, "loss": 0.45247935, "lr": 0.00060907, "params": 9207, "time_iter": 0.0505, "accuracy": 0.79487, "precision": 0.76471, "recall": 1.0, "f1": 0.86667, "auc": 0.97633}
{"epoch": 44, "time_epoch": 0.15551, "eta": 23.99625, "eta_hours": 0.00667, "loss": 0.4426296, "lr": 0.00059369, "params": 9207, "time_iter": 0.05184, "accuracy": 0.79487, "precision": 0.76471, "recall": 1.0, "f1": 0.86667, "auc": 0.96746}
{"epoch": 45, "time_epoch": 0.15095, "eta": 23.22498, "eta_hours": 0.00645, "loss": 0.485772, "lr": 0.00057822, "params": 9207, "time_iter": 0.05032, "accuracy": 0.82051, "precision": 0.78788, "recall": 1.0, "f1": 0.88136, "auc": 0.90533}
{"epoch": 46, "time_epoch": 0.15256, "eta": 22.48192, "eta_hours": 0.00624, "loss": 0.41205156, "lr": 0.00056267, "params": 9207, "time_iter": 0.05085, "accuracy": 0.82051, "precision": 0.78788, "recall": 1.0, "f1": 0.88136, "auc": 0.98225}
{"epoch": 47, "time_epoch": 0.15507, "eta": 21.76619, "eta_hours": 0.00605, "loss": 0.39825859, "lr": 0.00054705, "params": 9207, "time_iter": 0.05169, "accuracy": 0.89744, "precision": 0.86667, "recall": 1.0, "f1": 0.92857, "auc": 0.98521}
{"epoch": 48, "time_epoch": 0.15064, "eta": 21.06873, "eta_hours": 0.00585, "loss": 0.37764688, "lr": 0.0005314, "params": 9207, "time_iter": 0.05021, "accuracy": 0.89744, "precision": 0.86667, "recall": 1.0, "f1": 0.92857, "auc": 1.0}
{"epoch": 49, "time_epoch": 0.15139, "eta": 20.3939, "eta_hours": 0.00566, "loss": 0.36006965, "lr": 0.00051571, "params": 9207, "time_iter": 0.05046, "accuracy": 0.89744, "precision": 0.86667, "recall": 1.0, "f1": 0.92857, "auc": 1.0}
{"epoch": 50, "time_epoch": 0.14804, "eta": 19.73637, "eta_hours": 0.00548, "loss": 0.39973644, "lr": 0.0005, "params": 9207, "time_iter": 0.04935, "accuracy": 0.84615, "precision": 0.8125, "recall": 1.0, "f1": 0.89655, "auc": 0.94675}
{"epoch": 51, "time_epoch": 0.14879, "eta": 19.09913, "eta_hours": 0.00531, "loss": 0.34424684, "lr": 0.00048429, "params": 9207, "time_iter": 0.0496, "accuracy": 0.92308, "precision": 0.89655, "recall": 1.0, "f1": 0.94545, "auc": 0.99408}
{"epoch": 52, "time_epoch": 0.15177, "eta": 18.48297, "eta_hours": 0.00513, "loss": 0.3302831, "lr": 0.0004686, "params": 9207, "time_iter": 0.05059, "accuracy": 0.89744, "precision": 0.86667, "recall": 1.0, "f1": 0.92857, "auc": 1.0}
{"epoch": 53, "time_epoch": 0.14824, "eta": 17.881, "eta_hours": 0.00497, "loss": 0.3174865, "lr": 0.00045295, "params": 9207, "time_iter": 0.04941, "accuracy": 0.92308, "precision": 0.89655, "recall": 1.0, "f1": 0.94545, "auc": 1.0}
{"epoch": 54, "time_epoch": 0.14781, "eta": 17.29517, "eta_hours": 0.0048, "loss": 0.32908675, "lr": 0.00043733, "params": 9207, "time_iter": 0.04927, "accuracy": 0.92308, "precision": 0.89655, "recall": 1.0, "f1": 0.94545, "auc": 1.0}
{"epoch": 55, "time_epoch": 0.15353, "eta": 16.72949, "eta_hours": 0.00465, "loss": 0.30590516, "lr": 0.00042178, "params": 9207, "time_iter": 0.05118, "accuracy": 0.94872, "precision": 0.92857, "recall": 1.0, "f1": 0.96296, "auc": 1.0}
{"epoch": 56, "time_epoch": 0.15449, "eta": 16.17899, "eta_hours": 0.00449, "loss": 0.32805189, "lr": 0.00040631, "params": 9207, "time_iter": 0.0515, "accuracy": 0.89744, "precision": 0.86667, "recall": 1.0, "f1": 0.92857, "auc": 1.0}
{"epoch": 57, "time_epoch": 0.15132, "eta": 15.63985, "eta_hours": 0.00434, "loss": 0.27943276, "lr": 0.00039093, "params": 9207, "time_iter": 0.05044, "accuracy": 0.92308, "precision": 0.89655, "recall": 1.0, "f1": 0.94545, "auc": 1.0}
{"epoch": 58, "time_epoch": 0.15227, "eta": 15.11452, "eta_hours": 0.0042, "loss": 0.27751155, "lr": 0.00037566, "params": 9207, "time_iter": 0.05076, "accuracy": 0.94872, "precision": 0.92857, "recall": 1.0, "f1": 0.96296, "auc": 1.0}
{"epoch": 59, "time_epoch": 0.15349, "eta": 14.60244, "eta_hours": 0.00406, "loss": 0.27547774, "lr": 0.0003605, "params": 9207, "time_iter": 0.05116, "accuracy": 0.92308, "precision": 0.89655, "recall": 1.0, "f1": 0.94545, "auc": 0.99704}
{"epoch": 60, "time_epoch": 0.1484, "eta": 14.09885, "eta_hours": 0.00392, "loss": 0.2577123, "lr": 0.00034549, "params": 9207, "time_iter": 0.04947, "accuracy": 0.97436, "precision": 0.96296, "recall": 1.0, "f1": 0.98113, "auc": 0.99704}
{"epoch": 61, "time_epoch": 0.1478, "eta": 13.60636, "eta_hours": 0.00378, "loss": 0.25374338, "lr": 0.00033063, "params": 9207, "time_iter": 0.04927, "accuracy": 0.94872, "precision": 0.92857, "recall": 1.0, "f1": 0.96296, "auc": 1.0}
{"epoch": 62, "time_epoch": 0.1505, "eta": 13.12639, "eta_hours": 0.00365, "loss": 0.23905543, "lr": 0.00031594, "params": 9207, "time_iter": 0.05017, "accuracy": 0.94872, "precision": 0.92857, "recall": 1.0, "f1": 0.96296, "auc": 1.0}
{"epoch": 63, "time_epoch": 0.14898, "eta": 12.65587, "eta_hours": 0.00352, "loss": 0.23182596, "lr": 0.00030143, "params": 9207, "time_iter": 0.04966, "accuracy": 0.94872, "precision": 0.92857, "recall": 1.0, "f1": 0.96296, "auc": 1.0}
{"epoch": 64, "time_epoch": 0.14891, "eta": 12.19521, "eta_hours": 0.00339, "loss": 0.24626113, "lr": 0.00028711, "params": 9207, "time_iter": 0.04964, "accuracy": 0.97436, "precision": 0.96296, "recall": 1.0, "f1": 0.98113, "auc": 0.99112}
{"epoch": 65, "time_epoch": 0.14954, "eta": 11.74431, "eta_hours": 0.00326, "loss": 0.24226414, "lr": 0.000273, "params": 9207, "time_iter": 0.04985, "accuracy": 0.94872, "precision": 0.92857, "recall": 1.0, "f1": 0.96296, "auc": 0.99112}
{"epoch": 66, "time_epoch": 0.15266, "eta": 11.30395, "eta_hours": 0.00314, "loss": 0.21177452, "lr": 0.00025912, "params": 9207, "time_iter": 0.05089, "accuracy": 0.94872, "precision": 0.92857, "recall": 1.0, "f1": 0.96296, "auc": 1.0}
{"epoch": 67, "time_epoch": 0.15053, "eta": 10.87104, "eta_hours": 0.00302, "loss": 0.21217348, "lr": 0.00024548, "params": 9207, "time_iter": 0.05018, "accuracy": 0.97436, "precision": 0.96296, "recall": 1.0, "f1": 0.98113, "auc": 1.0}
{"epoch": 68, "time_epoch": 0.14849, "eta": 10.44541, "eta_hours": 0.0029, "loss": 0.26332138, "lr": 0.00023209, "params": 9207, "time_iter": 0.0495, "accuracy": 0.97436, "precision": 0.96296, "recall": 1.0, "f1": 0.98113, "auc": 0.98817}
{"epoch": 69, "time_epoch": 0.15155, "eta": 10.029, "eta_hours": 0.00279, "loss": 0.24276959, "lr": 0.00021896, "params": 9207, "time_iter": 0.05052, "accuracy": 0.94872, "precision": 0.92857, "recall": 1.0, "f1": 0.96296, "auc": 0.99704}
{"epoch": 70, "time_epoch": 0.15401, "eta": 9.62106, "eta_hours": 0.00267, "loss": 0.19693286, "lr": 0.00020611, "params": 9207, "time_iter": 0.05134, "accuracy": 0.97436, "precision": 0.96296, "recall": 1.0, "f1": 0.98113, "auc": 1.0}
{"epoch": 71, "time_epoch": 0.15026, "eta": 9.21872, "eta_hours": 0.00256, "loss": 0.20824164, "lr": 0.00019355, "params": 9207, "time_iter": 0.05009, "accuracy": 0.94872, "precision": 0.92857, "recall": 1.0, "f1": 0.96296, "auc": 1.0}
{"epoch": 72, "time_epoch": 0.15061, "eta": 8.82341, "eta_hours": 0.00245, "loss": 0.18990365, "lr": 0.00018129, "params": 9207, "time_iter": 0.0502, "accuracy": 0.97436, "precision": 0.96296, "recall": 1.0, "f1": 0.98113, "auc": 1.0}
{"epoch": 73, "time_epoch": 0.15507, "eta": 8.43628, "eta_hours": 0.00234, "loss": 0.18816231, "lr": 0.00016934, "params": 9207, "time_iter": 0.05169, "accuracy": 0.97436, "precision": 0.96296, "recall": 1.0, "f1": 0.98113, "auc": 1.0}
{"epoch": 74, "time_epoch": 0.14898, "eta": 8.05331, "eta_hours": 0.00224, "loss": 0.19501363, "lr": 0.00015773, "params": 9207, "time_iter": 0.04966, "accuracy": 1.0, "precision": 1.0, "recall": 1.0, "f1": 1.0, "auc": 1.0}
{"epoch": 75, "time_epoch": 0.14998, "eta": 7.67682, "eta_hours": 0.00213, "loss": 0.18473751, "lr": 0.00014645, "params": 9207, "time_iter": 0.04999, "accuracy": 0.97436, "precision": 0.96296, "recall": 1.0, "f1": 0.98113, "auc": 1.0}
{"epoch": 76, "time_epoch": 0.15195, "eta": 7.30679, "eta_hours": 0.00203, "loss": 0.19628076, "lr": 0.00013552, "params": 9207, "time_iter": 0.05065, "accuracy": 0.97436, "precision": 0.96296, "recall": 1.0, "f1": 0.98113, "auc": 1.0}
{"epoch": 77, "time_epoch": 0.15472, "eta": 6.94314, "eta_hours": 0.00193, "loss": 0.16715043, "lr": 0.00012494, "params": 9207, "time_iter": 0.05157, "accuracy": 1.0, "precision": 1.0, "recall": 1.0, "f1": 1.0, "auc": 1.0}
{"epoch": 78, "time_epoch": 0.15134, "eta": 6.58388, "eta_hours": 0.00183, "loss": 0.30652669, "lr": 0.00011474, "params": 9207, "time_iter": 0.05045, "accuracy": 0.87179, "precision": 0.86207, "recall": 0.96154, "f1": 0.90909, "auc": 0.9645}
{"epoch": 79, "time_epoch": 0.1507, "eta": 6.22966, "eta_hours": 0.00173, "loss": 0.17656288, "lr": 0.00010492, "params": 9207, "time_iter": 0.05023, "accuracy": 0.97436, "precision": 0.96296, "recall": 1.0, "f1": 0.98113, "auc": 1.0}
{"epoch": 80, "time_epoch": 0.15186, "eta": 5.88073, "eta_hours": 0.00163, "loss": 0.19746806, "lr": 9.549e-05, "params": 9207, "time_iter": 0.05062, "accuracy": 0.97436, "precision": 0.96296, "recall": 1.0, "f1": 0.98113, "auc": 1.0}
{"epoch": 81, "time_epoch": 0.15292, "eta": 5.53684, "eta_hours": 0.00154, "loss": 0.16390908, "lr": 8.646e-05, "params": 9207, "time_iter": 0.05097, "accuracy": 0.97436, "precision": 0.96296, "recall": 1.0, "f1": 0.98113, "auc": 1.0}
{"epoch": 82, "time_epoch": 0.15041, "eta": 5.19705, "eta_hours": 0.00144, "loss": 0.17483556, "lr": 7.784e-05, "params": 9207, "time_iter": 0.05014, "accuracy": 1.0, "precision": 1.0, "recall": 1.0, "f1": 1.0, "auc": 1.0}
{"epoch": 83, "time_epoch": 0.15687, "eta": 4.86299, "eta_hours": 0.00135, "loss": 0.15936489, "lr": 6.963e-05, "params": 9207, "time_iter": 0.05229, "accuracy": 0.97436, "precision": 0.96296, "recall": 1.0, "f1": 0.98113, "auc": 1.0}
{"epoch": 84, "time_epoch": 0.15328, "eta": 4.53246, "eta_hours": 0.00126, "loss": 0.18388291, "lr": 6.185e-05, "params": 9207, "time_iter": 0.05109, "accuracy": 0.97436, "precision": 0.96296, "recall": 1.0, "f1": 0.98113, "auc": 0.99704}
{"epoch": 85, "time_epoch": 0.15122, "eta": 4.20573, "eta_hours": 0.00117, "loss": 0.17438083, "lr": 5.45e-05, "params": 9207, "time_iter": 0.05041, "accuracy": 0.97436, "precision": 0.96296, "recall": 1.0, "f1": 0.98113, "auc": 1.0}
{"epoch": 86, "time_epoch": 0.15685, "eta": 3.88387, "eta_hours": 0.00108, "loss": 0.17196145, "lr": 4.759e-05, "params": 9207, "time_iter": 0.05228, "accuracy": 1.0, "precision": 1.0, "recall": 1.0, "f1": 1.0, "auc": 1.0}
{"epoch": 87, "time_epoch": 0.15444, "eta": 3.56543, "eta_hours": 0.00099, "loss": 0.21623727, "lr": 4.112e-05, "params": 9207, "time_iter": 0.05148, "accuracy": 0.97436, "precision": 0.96296, "recall": 1.0, "f1": 0.98113, "auc": 0.99112}
{"epoch": 88, "time_epoch": 0.15222, "eta": 3.2504, "eta_hours": 0.0009, "loss": 0.15914244, "lr": 3.511e-05, "params": 9207, "time_iter": 0.05074, "accuracy": 0.97436, "precision": 0.96296, "recall": 1.0, "f1": 0.98113, "auc": 1.0}
{"epoch": 89, "time_epoch": 0.15077, "eta": 2.93883, "eta_hours": 0.00082, "loss": 0.15663978, "lr": 2.956e-05, "params": 9207, "time_iter": 0.05026, "accuracy": 1.0, "precision": 1.0, "recall": 1.0, "f1": 1.0, "auc": 1.0}
{"epoch": 90, "time_epoch": 0.15303, "eta": 2.63102, "eta_hours": 0.00073, "loss": 0.17244362, "lr": 2.447e-05, "params": 9207, "time_iter": 0.05101, "accuracy": 0.97436, "precision": 0.96296, "recall": 1.0, "f1": 0.98113, "auc": 1.0}
{"epoch": 91, "time_epoch": 0.14998, "eta": 2.3263, "eta_hours": 0.00065, "loss": 0.17069242, "lr": 1.985e-05, "params": 9207, "time_iter": 0.04999, "accuracy": 1.0, "precision": 1.0, "recall": 1.0, "f1": 1.0, "auc": 1.0}
{"epoch": 92, "time_epoch": 0.15557, "eta": 2.02534, "eta_hours": 0.00056, "loss": 0.15083525, "lr": 1.571e-05, "params": 9207, "time_iter": 0.05186, "accuracy": 1.0, "precision": 1.0, "recall": 1.0, "f1": 1.0, "auc": 1.0}
{"epoch": 93, "time_epoch": 0.15208, "eta": 1.72724, "eta_hours": 0.00048, "loss": 0.16428677, "lr": 1.204e-05, "params": 9207, "time_iter": 0.05069, "accuracy": 1.0, "precision": 1.0, "recall": 1.0, "f1": 1.0, "auc": 1.0}
{"epoch": 94, "time_epoch": 0.14825, "eta": 1.43202, "eta_hours": 0.0004, "loss": 0.20065916, "lr": 8.86e-06, "params": 9207, "time_iter": 0.04942, "accuracy": 0.97436, "precision": 0.96296, "recall": 1.0, "f1": 0.98113, "auc": 1.0}
{"epoch": 95, "time_epoch": 0.16229, "eta": 1.14044, "eta_hours": 0.00032, "loss": 0.17313021, "lr": 6.16e-06, "params": 9207, "time_iter": 0.0541, "accuracy": 0.97436, "precision": 0.96296, "recall": 1.0, "f1": 0.98113, "auc": 1.0}
{"epoch": 96, "time_epoch": 0.15303, "eta": 0.85125, "eta_hours": 0.00024, "loss": 0.21912878, "lr": 3.94e-06, "params": 9207, "time_iter": 0.05101, "accuracy": 0.92308, "precision": 0.96, "recall": 0.92308, "f1": 0.94118, "auc": 0.99408}
{"epoch": 97, "time_epoch": 0.15594, "eta": 0.56489, "eta_hours": 0.00016, "loss": 0.19311588, "lr": 2.22e-06, "params": 9207, "time_iter": 0.05198, "accuracy": 1.0, "precision": 1.0, "recall": 1.0, "f1": 1.0, "auc": 1.0}
{"epoch": 98, "time_epoch": 0.15464, "eta": 0.28115, "eta_hours": 8e-05, "loss": 0.16043852, "lr": 9.9e-07, "params": 9207, "time_iter": 0.05155, "accuracy": 1.0, "precision": 1.0, "recall": 1.0, "f1": 1.0, "auc": 1.0}
{"epoch": 99, "time_epoch": 0.15983, "eta": 0.0, "eta_hours": 0.0, "loss": 0.17125848, "lr": 2.5e-07, "params": 9207, "time_iter": 0.05328, "accuracy": 0.97436, "precision": 0.96296, "recall": 1.0, "f1": 0.98113, "auc": 1.0}
