{"epoch": 0, "time_epoch": 24.81186, "eta": 2456.37417, "eta_hours": 0.68233, "loss": 1.10067179, "lr": 0.001, "params": 5327, "time_iter": 0.13198, "accuracy": 0.33333, "f1": 0.26478, "auc": 0.46708}
{"epoch": 1, "time_epoch": 12.24512, "eta": 1815.79184, "eta_hours": 0.50439, "loss": 1.0982894, "lr": 0.00099975, "params": 5327, "time_iter": 0.06513, "accuracy": 0.34933, "f1": 0.25767, "auc": 0.49027}
{"epoch": 2, "time_epoch": 12.21954, "eta": 1593.27387, "eta_hours": 0.44258, "loss": 1.09895318, "lr": 0.00099901, "params": 5327, "time_iter": 0.065, "accuracy": 0.35067, "f1": 0.18602, "auc": 0.48634}
{"epoch": 3, "time_epoch": 12.19336, "eta": 1475.27694, "eta_hours": 0.4098, "loss": 1.09857833, "lr": 0.00099778, "params": 5327, "time_iter": 0.06486, "accuracy": 0.34667, "f1": 0.2161, "auc": 0.49827}
{"epoch": 4, "time_epoch": 12.19623, "eta": 1399.65602, "eta_hours": 0.38879, "loss": 1.096895, "lr": 0.00099606, "params": 5327, "time_iter": 0.06487, "accuracy": 0.37333, "f1": 0.32551, "auc": 0.51775}
{"epoch": 5, "time_epoch": 12.1827, "eta": 1344.96458, "eta_hours": 0.3736, "loss": 1.09700251, "lr": 0.00099384, "params": 5327, "time_iter": 0.0648, "accuracy": 0.384, "f1": 0.28795, "auc": 0.50816}
{"epoch": 6, "time_epoch": 12.17379, "eta": 1302.30015, "eta_hours": 0.36175, "loss": 1.09141562, "lr": 0.00099114, "params": 5327, "time_iter": 0.06475, "accuracy": 0.39467, "f1": 0.30494, "auc": 0.5251}
{"epoch": 7, "time_epoch": 12.17951, "eta": 1267.32418, "eta_hours": 0.35203, "loss": 1.09028602, "lr": 0.00098796, "params": 5327, "time_iter": 0.06478, "accuracy": 0.4, "f1": 0.31566, "auc": 0.53741}
{"epoch": 8, "time_epoch": 12.18131, "eta": 1237.43227, "eta_hours": 0.34373, "loss": 1.0954724, "lr": 0.00098429, "params": 5327, "time_iter": 0.06479, "accuracy": 0.372, "f1": 0.28778, "auc": 0.52024}
{"epoch": 9, "time_epoch": 12.18547, "eta": 1211.11996, "eta_hours": 0.33642, "loss": 1.08916135, "lr": 0.00098015, "params": 5327, "time_iter": 0.06482, "accuracy": 0.41467, "f1": 0.32101, "auc": 0.5361}
{"epoch": 10, "time_epoch": 12.18779, "eta": 1187.39493, "eta_hours": 0.32983, "loss": 1.09970126, "lr": 0.00097553, "params": 5327, "time_iter": 0.06483, "accuracy": 0.35867, "f1": 0.27765, "auc": 0.50604}
{"epoch": 11, "time_epoch": 12.19502, "eta": 1165.64578, "eta_hours": 0.32379, "loss": 1.09550206, "lr": 0.00097044, "params": 5327, "time_iter": 0.06487, "accuracy": 0.372, "f1": 0.28548, "auc": 0.51513}
{"epoch": 12, "time_epoch": 12.1976, "eta": 1145.38375, "eta_hours": 0.31816, "loss": 1.09267136, "lr": 0.00096489, "params": 5327, "time_iter": 0.06488, "accuracy": 0.38667, "f1": 0.30219, "auc": 0.52414}
{"epoch": 13, "time_epoch": 12.15964, "eta": 1126.04058, "eta_hours": 0.31279, "loss": 1.09206492, "lr": 0.00095888, "params": 5327, "time_iter": 0.06468, "accuracy": 0.388, "f1": 0.29596, "auc": 0.53045}
{"epoch": 14, "time_epoch": 12.18017, "eta": 1107.7716, "eta_hours": 0.30771, "loss": 1.09401233, "lr": 0.00095241, "params": 5327, "time_iter": 0.06479, "accuracy": 0.37733, "f1": 0.28906, "auc": 0.52561}
{"epoch": 15, "time_epoch": 12.17778, "eta": 1090.25114, "eta_hours": 0.30285, "loss": 1.09266767, "lr": 0.0009455, "params": 5327, "time_iter": 0.06478, "accuracy": 0.384, "f1": 0.29462, "auc": 0.52428}
{"epoch": 16, "time_epoch": 12.16798, "eta": 1073.31138, "eta_hours": 0.29814, "loss": 1.09739911, "lr": 0.00093815, "params": 5327, "time_iter": 0.06472, "accuracy": 0.36933, "f1": 0.28243, "auc": 0.50835}
{"epoch": 17, "time_epoch": 12.17502, "eta": 1056.93392, "eta_hours": 0.29359, "loss": 1.09265722, "lr": 0.00093037, "params": 5327, "time_iter": 0.06476, "accuracy": 0.4, "f1": 0.31198, "auc": 0.53026}
{"epoch": 18, "time_epoch": 12.16933, "eta": 1040.97456, "eta_hours": 0.28916, "loss": 1.09326063, "lr": 0.00092216, "params": 5327, "time_iter": 0.06473, "accuracy": 0.384, "f1": 0.29449, "auc": 0.52211}
{"epoch": 19, "time_epoch": 12.18827, "eta": 1025.46996, "eta_hours": 0.28485, "loss": 1.09188513, "lr": 0.00091354, "params": 5327, "time_iter": 0.06483, "accuracy": 0.38933, "f1": 0.29971, "auc": 0.51991}
{"epoch": 20, "time_epoch": 12.18031, "eta": 1010.25124, "eta_hours": 0.28063, "loss": 1.0872632, "lr": 0.00090451, "params": 5327, "time_iter": 0.06479, "accuracy": 0.39867, "f1": 0.30901, "auc": 0.52619}
{"epoch": 21, "time_epoch": 12.1766, "eta": 995.2956, "eta_hours": 0.27647, "loss": 1.09198484, "lr": 0.00089508, "params": 5327, "time_iter": 0.06477, "accuracy": 0.39067, "f1": 0.30321, "auc": 0.52919}
{"epoch": 22, "time_epoch": 12.18149, "eta": 980.59797, "eta_hours": 0.27239, "loss": 1.08821079, "lr": 0.00088526, "params": 5327, "time_iter": 0.0648, "accuracy": 0.39467, "f1": 0.30625, "auc": 0.52911}
{"epoch": 23, "time_epoch": 12.17353, "eta": 966.08481, "eta_hours": 0.26836, "loss": 1.08977498, "lr": 0.00087506, "params": 5327, "time_iter": 0.06475, "accuracy": 0.388, "f1": 0.30205, "auc": 0.53417}
{"epoch": 24, "time_epoch": 12.18224, "eta": 951.78496, "eta_hours": 0.26438, "loss": 1.0913659, "lr": 0.00086448, "params": 5327, "time_iter": 0.0648, "accuracy": 0.40267, "f1": 0.31404, "auc": 0.53107}
{"epoch": 25, "time_epoch": 12.18914, "eta": 937.66763, "eta_hours": 0.26046, "loss": 1.0896868, "lr": 0.00085355, "params": 5327, "time_iter": 0.06484, "accuracy": 0.4, "f1": 0.31069, "auc": 0.529}
{"epoch": 26, "time_epoch": 12.1541, "eta": 923.59842, "eta_hours": 0.25656, "loss": 1.09054558, "lr": 0.00084227, "params": 5327, "time_iter": 0.06465, "accuracy": 0.396, "f1": 0.31152, "auc": 0.53731}
{"epoch": 27, "time_epoch": 12.29813, "eta": 910.03634, "eta_hours": 0.25279, "loss": 1.09219226, "lr": 0.00083066, "params": 5327, "time_iter": 0.06542, "accuracy": 0.38533, "f1": 0.29984, "auc": 0.53273}
{"epoch": 28, "time_epoch": 12.19226, "eta": 896.30224, "eta_hours": 0.24897, "loss": 1.08359795, "lr": 0.00081871, "params": 5327, "time_iter": 0.06485, "accuracy": 0.412, "f1": 0.32343, "auc": 0.5498}
{"epoch": 29, "time_epoch": 12.17447, "eta": 882.62943, "eta_hours": 0.24517, "loss": 1.08818947, "lr": 0.00080645, "params": 5327, "time_iter": 0.06476, "accuracy": 0.39067, "f1": 0.3054, "auc": 0.54275}
{"epoch": 30, "time_epoch": 12.19238, "eta": 869.09313, "eta_hours": 0.24141, "loss": 1.09517291, "lr": 0.00079389, "params": 5327, "time_iter": 0.06485, "accuracy": 0.384, "f1": 0.29789, "auc": 0.52982}
{"epoch": 31, "time_epoch": 12.18805, "eta": 855.63164, "eta_hours": 0.23768, "loss": 1.08395146, "lr": 0.00078104, "params": 5327, "time_iter": 0.06483, "accuracy": 0.40133, "f1": 0.3193, "auc": 0.55333}
{"epoch": 32, "time_epoch": 12.17192, "eta": 842.21457, "eta_hours": 0.23395, "loss": 1.08503512, "lr": 0.00076791, "params": 5327, "time_iter": 0.06474, "accuracy": 0.41333, "f1": 0.33395, "auc": 0.5566}
{"epoch": 33, "time_epoch": 12.15669, "eta": 828.84118, "eta_hours": 0.23023, "loss": 1.08318168, "lr": 0.00075452, "params": 5327, "time_iter": 0.06466, "accuracy": 0.41733, "f1": 0.32631, "auc": 0.55167}
{"epoch": 34, "time_epoch": 12.14941, "eta": 815.52379, "eta_hours": 0.22653, "loss": 1.08519931, "lr": 0.00074088, "params": 5327, "time_iter": 0.06462, "accuracy": 0.404, "f1": 0.31803, "auc": 0.54985}
{"epoch": 35, "time_epoch": 12.15319, "eta": 802.27802, "eta_hours": 0.22286, "loss": 1.08915314, "lr": 0.000727, "params": 5327, "time_iter": 0.06464, "accuracy": 0.392, "f1": 0.30902, "auc": 0.53783}
{"epoch": 36, "time_epoch": 12.16914, "eta": 789.11847, "eta_hours": 0.2192, "loss": 1.090985, "lr": 0.00071289, "params": 5327, "time_iter": 0.06473, "accuracy": 0.396, "f1": 0.33021, "auc": 0.53712}
{"epoch": 37, "time_epoch": 12.21946, "eta": 776.09313, "eta_hours": 0.21558, "loss": 1.0843895, "lr": 0.00069857, "params": 5327, "time_iter": 0.065, "accuracy": 0.41467, "f1": 0.32492, "auc": 0.54223}
{"epoch": 38, "time_epoch": 12.19151, "eta": 763.06542, "eta_hours": 0.21196, "loss": 1.08388488, "lr": 0.00068406, "params": 5327, "time_iter": 0.06485, "accuracy": 0.40533, "f1": 0.31851, "auc": 0.55254}
{"epoch": 39, "time_epoch": 12.18855, "eta": 750.07507, "eta_hours": 0.20835, "loss": 1.08959363, "lr": 0.00066937, "params": 5327, "time_iter": 0.06483, "accuracy": 0.38133, "f1": 0.30048, "auc": 0.5355}
{"epoch": 40, "time_epoch": 12.17725, "eta": 737.10757, "eta_hours": 0.20475, "loss": 1.08636619, "lr": 0.00065451, "params": 5327, "time_iter": 0.06477, "accuracy": 0.404, "f1": 0.31424, "auc": 0.54615}
{"epoch": 41, "time_epoch": 12.19265, "eta": 724.19898, "eta_hours": 0.20117, "loss": 1.08546964, "lr": 0.0006395, "params": 5327, "time_iter": 0.06485, "accuracy": 0.40267, "f1": 0.32481, "auc": 0.55157}
{"epoch": 42, "time_epoch": 12.19111, "eta": 711.32163, "eta_hours": 0.19759, "loss": 1.0871852, "lr": 0.00062434, "params": 5327, "time_iter": 0.06485, "accuracy": 0.39067, "f1": 0.30701, "auc": 0.54745}
{"epoch": 43, "time_epoch": 12.17027, "eta": 698.44896, "eta_hours": 0.19401, "loss": 1.08444226, "lr": 0.00060907, "params": 5327, "time_iter": 0.06474, "accuracy": 0.39867, "f1": 0.31269, "auc": 0.55622}
{"epoch": 44, "time_epoch": 12.20116, "eta": 685.64527, "eta_hours": 0.19046, "loss": 1.08822109, "lr": 0.00059369, "params": 5327, "time_iter": 0.0649, "accuracy": 0.40267, "f1": 0.31727, "auc": 0.5419}
{"epoch": 45, "time_epoch": 12.15291, "eta": 672.81112, "eta_hours": 0.18689, "loss": 1.08897808, "lr": 0.00057822, "params": 5327, "time_iter": 0.06464, "accuracy": 0.40533, "f1": 0.32049, "auc": 0.54176}
{"epoch": 46, "time_epoch": 12.17695, "eta": 660.03308, "eta_hours": 0.18334, "loss": 1.09060872, "lr": 0.00056267, "params": 5327, "time_iter": 0.06477, "accuracy": 0.404, "f1": 0.32715, "auc": 0.53713}
{"epoch": 47, "time_epoch": 12.16377, "eta": 647.2658, "eta_hours": 0.1798, "loss": 1.08263133, "lr": 0.00054705, "params": 5327, "time_iter": 0.0647, "accuracy": 0.40667, "f1": 0.32594, "auc": 0.56288}
{"epoch": 48, "time_epoch": 12.18334, "eta": 634.54353, "eta_hours": 0.17626, "loss": 1.0857825, "lr": 0.0005314, "params": 5327, "time_iter": 0.06481, "accuracy": 0.39867, "f1": 0.31605, "auc": 0.55407}
{"epoch": 49, "time_epoch": 12.1864, "eta": 621.84586, "eta_hours": 0.17273, "loss": 1.08259596, "lr": 0.00051571, "params": 5327, "time_iter": 0.06482, "accuracy": 0.408, "f1": 0.32529, "auc": 0.56014}
{"epoch": 50, "time_epoch": 12.18876, "eta": 609.17052, "eta_hours": 0.16921, "loss": 1.08524161, "lr": 0.0005, "params": 5327, "time_iter": 0.06483, "accuracy": 0.408, "f1": 0.31799, "auc": 0.55688}
{"epoch": 51, "time_epoch": 12.19102, "eta": 596.51597, "eta_hours": 0.1657, "loss": 1.08483884, "lr": 0.00048429, "params": 5327, "time_iter": 0.06485, "accuracy": 0.40267, "f1": 0.32046, "auc": 0.56204}
{"epoch": 52, "time_epoch": 12.18612, "eta": 583.87458, "eta_hours": 0.16219, "loss": 1.08779661, "lr": 0.0004686, "params": 5327, "time_iter": 0.06482, "accuracy": 0.39067, "f1": 0.30222, "auc": 0.54761}
{"epoch": 53, "time_epoch": 12.17386, "eta": 571.2396, "eta_hours": 0.15868, "loss": 1.0842726, "lr": 0.00045295, "params": 5327, "time_iter": 0.06475, "accuracy": 0.39867, "f1": 0.31332, "auc": 0.54752}
{"epoch": 54, "time_epoch": 12.1673, "eta": 558.61603, "eta_hours": 0.15517, "loss": 1.0883337, "lr": 0.00043733, "params": 5327, "time_iter": 0.06472, "accuracy": 0.396, "f1": 0.31398, "auc": 0.54713}
{"epoch": 55, "time_epoch": 12.19301, "eta": 546.02895, "eta_hours": 0.15167, "loss": 1.08571674, "lr": 0.00042178, "params": 5327, "time_iter": 0.06486, "accuracy": 0.412, "f1": 0.32318, "auc": 0.54619}
{"epoch": 56, "time_epoch": 12.17101, "eta": 533.4391, "eta_hours": 0.14818, "loss": 1.08420346, "lr": 0.00040631, "params": 5327, "time_iter": 0.06474, "accuracy": 0.41467, "f1": 0.32728, "auc": 0.54983}
{"epoch": 57, "time_epoch": 12.17649, "eta": 520.86766, "eta_hours": 0.14469, "loss": 1.08734833, "lr": 0.00039093, "params": 5327, "time_iter": 0.06477, "accuracy": 0.396, "f1": 0.30663, "auc": 0.54687}
{"epoch": 58, "time_epoch": 12.18644, "eta": 508.31653, "eta_hours": 0.1412, "loss": 1.08677398, "lr": 0.00037566, "params": 5327, "time_iter": 0.06482, "accuracy": 0.39333, "f1": 0.30598, "auc": 0.55284}
{"epoch": 59, "time_epoch": 12.19014, "eta": 495.78001, "eta_hours": 0.13772, "loss": 1.08681608, "lr": 0.0003605, "params": 5327, "time_iter": 0.06484, "accuracy": 0.396, "f1": 0.30784, "auc": 0.54094}
{"epoch": 60, "time_epoch": 12.18248, "eta": 483.24996, "eta_hours": 0.13424, "loss": 1.07847395, "lr": 0.00034549, "params": 5327, "time_iter": 0.0648, "accuracy": 0.41333, "f1": 0.32935, "auc": 0.57866}
{"epoch": 61, "time_epoch": 12.18332, "eta": 470.73163, "eta_hours": 0.13076, "loss": 1.08725326, "lr": 0.00033063, "params": 5327, "time_iter": 0.0648, "accuracy": 0.392, "f1": 0.30418, "auc": 0.54568}
{"epoch": 62, "time_epoch": 14.22852, "eta": 459.42509, "eta_hours": 0.12762, "loss": 1.08076395, "lr": 0.00031594, "params": 5327, "time_iter": 0.07568, "accuracy": 0.40133, "f1": 0.31052, "auc": 0.55635}
{"epoch": 63, "time_epoch": 12.16054, "eta": 446.86399, "eta_hours": 0.12413, "loss": 1.08099615, "lr": 0.00030143, "params": 5327, "time_iter": 0.06468, "accuracy": 0.41733, "f1": 0.32354, "auc": 0.5606}
{"epoch": 64, "time_epoch": 12.16246, "eta": 434.31626, "eta_hours": 0.12064, "loss": 1.08490576, "lr": 0.00028711, "params": 5327, "time_iter": 0.06469, "accuracy": 0.39333, "f1": 0.3071, "auc": 0.5557}
{"epoch": 65, "time_epoch": 12.1746, "eta": 421.78645, "eta_hours": 0.11716, "loss": 1.0871516, "lr": 0.000273, "params": 5327, "time_iter": 0.06476, "accuracy": 0.41333, "f1": 0.32397, "auc": 0.54946}
{"epoch": 66, "time_epoch": 12.18927, "eta": 409.27448, "eta_hours": 0.11369, "loss": 1.08124434, "lr": 0.00025912, "params": 5327, "time_iter": 0.06484, "accuracy": 0.41467, "f1": 0.32414, "auc": 0.56699}
{"epoch": 67, "time_epoch": 12.16881, "eta": 396.76236, "eta_hours": 0.11021, "loss": 1.08833594, "lr": 0.00024548, "params": 5327, "time_iter": 0.06473, "accuracy": 0.39733, "f1": 0.30836, "auc": 0.53689}
{"epoch": 68, "time_epoch": 12.19774, "eta": 384.2732, "eta_hours": 0.10674, "loss": 1.08353926, "lr": 0.00023209, "params": 5327, "time_iter": 0.06488, "accuracy": 0.40533, "f1": 0.31157, "auc": 0.55356}
{"epoch": 69, "time_epoch": 12.18507, "eta": 371.78693, "eta_hours": 0.10327, "loss": 1.08130824, "lr": 0.00021896, "params": 5327, "time_iter": 0.06481, "accuracy": 0.41067, "f1": 0.32169, "auc": 0.55545}
{"epoch": 70, "time_epoch": 12.18802, "eta": 359.31035, "eta_hours": 0.09981, "loss": 1.07842109, "lr": 0.00020611, "params": 5327, "time_iter": 0.06483, "accuracy": 0.412, "f1": 0.32368, "auc": 0.5738}
{"epoch": 71, "time_epoch": 12.19448, "eta": 346.84429, "eta_hours": 0.09635, "loss": 1.08203234, "lr": 0.00019355, "params": 5327, "time_iter": 0.06486, "accuracy": 0.412, "f1": 0.32482, "auc": 0.56078}
{"epoch": 72, "time_epoch": 12.17647, "eta": 334.37902, "eta_hours": 0.09288, "loss": 1.08082773, "lr": 0.00018129, "params": 5327, "time_iter": 0.06477, "accuracy": 0.41333, "f1": 0.32739, "auc": 0.56291}
{"epoch": 73, "time_epoch": 12.19601, "eta": 321.92842, "eta_hours": 0.08942, "loss": 1.07487175, "lr": 0.00016934, "params": 5327, "time_iter": 0.06487, "accuracy": 0.41867, "f1": 0.32952, "auc": 0.57593}
{"epoch": 74, "time_epoch": 12.19149, "eta": 309.4831, "eta_hours": 0.08597, "loss": 1.0826622, "lr": 0.00015773, "params": 5327, "time_iter": 0.06485, "accuracy": 0.40933, "f1": 0.33412, "auc": 0.56303}
{"epoch": 75, "time_epoch": 12.15442, "eta": 297.03275, "eta_hours": 0.08251, "loss": 1.08352494, "lr": 0.00014645, "params": 5327, "time_iter": 0.06465, "accuracy": 0.40667, "f1": 0.32223, "auc": 0.5606}
{"epoch": 76, "time_epoch": 12.19165, "eta": 284.60121, "eta_hours": 0.07906, "loss": 1.08646828, "lr": 0.00013552, "params": 5327, "time_iter": 0.06485, "accuracy": 0.40667, "f1": 0.32794, "auc": 0.54906}
{"epoch": 77, "time_epoch": 13.54425, "eta": 272.55733, "eta_hours": 0.07571, "loss": 1.07840119, "lr": 0.00012494, "params": 5327, "time_iter": 0.07204, "accuracy": 0.42267, "f1": 0.33886, "auc": 0.56512}
{"epoch": 78, "time_epoch": 12.21064, "eta": 260.12096, "eta_hours": 0.07226, "loss": 1.07645384, "lr": 0.00011474, "params": 5327, "time_iter": 0.06495, "accuracy": 0.40267, "f1": 0.31652, "auc": 0.58375}
{"epoch": 79, "time_epoch": 12.19087, "eta": 247.68528, "eta_hours": 0.0688, "loss": 1.07992921, "lr": 0.00010492, "params": 5327, "time_iter": 0.06485, "accuracy": 0.41333, "f1": 0.3318, "auc": 0.56695}
{"epoch": 80, "time_epoch": 12.20174, "eta": 235.2582, "eta_hours": 0.06535, "loss": 1.07703484, "lr": 9.549e-05, "params": 5327, "time_iter": 0.0649, "accuracy": 0.41333, "f1": 0.33054, "auc": 0.57128}
{"epoch": 81, "time_epoch": 12.20698, "eta": 222.83777, "eta_hours": 0.0619, "loss": 1.08444599, "lr": 8.646e-05, "params": 5327, "time_iter": 0.06493, "accuracy": 0.4, "f1": 0.31943, "auc": 0.55384}
{"epoch": 82, "time_epoch": 12.18018, "eta": 210.41699, "eta_hours": 0.05845, "loss": 1.07250375, "lr": 7.784e-05, "params": 5327, "time_iter": 0.06479, "accuracy": 0.42933, "f1": 0.34038, "auc": 0.56818}
{"epoch": 83, "time_epoch": 12.19997, "eta": 198.00571, "eta_hours": 0.055, "loss": 1.0769054, "lr": 6.963e-05, "params": 5327, "time_iter": 0.06489, "accuracy": 0.412, "f1": 0.32873, "auc": 0.57284}
{"epoch": 84, "time_epoch": 12.17567, "eta": 185.59512, "eta_hours": 0.05155, "loss": 1.08127127, "lr": 6.185e-05, "params": 5327, "time_iter": 0.06476, "accuracy": 0.41333, "f1": 0.33313, "auc": 0.56608}
{"epoch": 85, "time_epoch": 12.21014, "eta": 173.1956, "eta_hours": 0.04811, "loss": 1.0729876, "lr": 5.45e-05, "params": 5327, "time_iter": 0.06495, "accuracy": 0.42133, "f1": 0.3405, "auc": 0.58159}
{"epoch": 86, "time_epoch": 12.18079, "eta": 160.79604, "eta_hours": 0.04467, "loss": 1.08338073, "lr": 4.759e-05, "params": 5327, "time_iter": 0.06479, "accuracy": 0.408, "f1": 0.3231, "auc": 0.56522}
{"epoch": 87, "time_epoch": 12.19175, "eta": 148.40296, "eta_hours": 0.04122, "loss": 1.0825407, "lr": 4.112e-05, "params": 5327, "time_iter": 0.06485, "accuracy": 0.40667, "f1": 0.3265, "auc": 0.56198}
{"epoch": 88, "time_epoch": 12.17772, "eta": 136.01266, "eta_hours": 0.03778, "loss": 1.08074055, "lr": 3.511e-05, "params": 5327, "time_iter": 0.06478, "accuracy": 0.41467, "f1": 0.33812, "auc": 0.5661}
{"epoch": 89, "time_epoch": 12.18763, "eta": 123.62819, "eta_hours": 0.03434, "loss": 1.07924957, "lr": 2.956e-05, "params": 5327, "time_iter": 0.06483, "accuracy": 0.41867, "f1": 0.33048, "auc": 0.54988}
{"epoch": 90, "time_epoch": 12.17025, "eta": 111.24632, "eta_hours": 0.0309, "loss": 1.07985883, "lr": 2.447e-05, "params": 5327, "time_iter": 0.06474, "accuracy": 0.41867, "f1": 0.33052, "auc": 0.56393}
{"epoch": 91, "time_epoch": 12.17868, "eta": 98.86979, "eta_hours": 0.02746, "loss": 1.07969193, "lr": 1.985e-05, "params": 5327, "time_iter": 0.06478, "accuracy": 0.41067, "f1": 0.33016, "auc": 0.56893}
{"epoch": 92, "time_epoch": 12.28257, "eta": 86.50534, "eta_hours": 0.02403, "loss": 1.08733224, "lr": 1.571e-05, "params": 5327, "time_iter": 0.06533, "accuracy": 0.38933, "f1": 0.30506, "auc": 0.55434}
{"epoch": 93, "time_epoch": 12.98002, "eta": 74.18714, "eta_hours": 0.02061, "loss": 1.07659367, "lr": 1.204e-05, "params": 5327, "time_iter": 0.06904, "accuracy": 0.42, "f1": 0.33587, "auc": 0.56942}
{"epoch": 94, "time_epoch": 11.07351, "eta": 61.75467, "eta_hours": 0.01715, "loss": 1.07730895, "lr": 8.86e-06, "params": 5327, "time_iter": 0.0589, "accuracy": 0.412, "f1": 0.32515, "auc": 0.5812}
{"epoch": 95, "time_epoch": 11.07385, "eta": 49.35052, "eta_hours": 0.01371, "loss": 1.08015048, "lr": 6.16e-06, "params": 5327, "time_iter": 0.0589, "accuracy": 0.424, "f1": 0.34138, "auc": 0.56219}
{"epoch": 96, "time_epoch": 11.06209, "eta": 36.97344, "eta_hours": 0.01027, "loss": 1.07597573, "lr": 3.94e-06, "params": 5327, "time_iter": 0.05884, "accuracy": 0.42, "f1": 0.34144, "auc": 0.57153}
{"epoch": 97, "time_epoch": 11.05917, "eta": 24.62314, "eta_hours": 0.00684, "loss": 1.06867409, "lr": 2.22e-06, "params": 5327, "time_iter": 0.05883, "accuracy": 0.42533, "f1": 0.34039, "auc": 0.59411}
{"epoch": 98, "time_epoch": 11.06468, "eta": 12.29897, "eta_hours": 0.00342, "loss": 1.08093844, "lr": 9.9e-07, "params": 5327, "time_iter": 0.05885, "accuracy": 0.41333, "f1": 0.32788, "auc": 0.55785}
{"epoch": 99, "time_epoch": 11.08636, "eta": 0.0, "eta_hours": 0.0, "loss": 1.07068237, "lr": 2.5e-07, "params": 5327, "time_iter": 0.05897, "accuracy": 0.42533, "f1": 0.34555, "auc": 0.58496}
