{"epoch": 0, "time_epoch": 2.38794, "eta": 236.40641, "eta_hours": 0.06567, "loss": 0.69720011, "lr": 0.001, "params": 6295, "time_iter": 0.06284, "accuracy": 0.52, "precision": 0.52, "recall": 1.0, "f1": 0.68421, "auc": 0.44712}
{"epoch": 1, "time_epoch": 2.45279, "eta": 237.19577, "eta_hours": 0.06589, "loss": 0.69426138, "lr": 0.00099975, "params": 6295, "time_iter": 0.06455, "accuracy": 0.52, "precision": 0.52, "recall": 1.0, "f1": 0.68421, "auc": 0.47525}
{"epoch": 2, "time_epoch": 1.5729, "eta": 207.37411, "eta_hours": 0.0576, "loss": 0.69288147, "lr": 0.00099901, "params": 6295, "time_iter": 0.04139, "accuracy": 0.52, "precision": 0.52, "recall": 1.0, "f1": 0.68421, "auc": 0.50712}
{"epoch": 3, "time_epoch": 1.72543, "eta": 195.33751, "eta_hours": 0.05426, "loss": 0.6936907, "lr": 0.00099778, "params": 6295, "time_iter": 0.04541, "accuracy": 0.52, "precision": 0.52, "recall": 1.0, "f1": 0.68421, "auc": 0.39993}
{"epoch": 4, "time_epoch": 1.72806, "eta": 187.47533, "eta_hours": 0.05208, "loss": 0.6937888, "lr": 0.00099606, "params": 6295, "time_iter": 0.04548, "accuracy": 0.52, "precision": 0.52, "recall": 1.0, "f1": 0.68421, "auc": 0.3839}
{"epoch": 5, "time_epoch": 1.73523, "eta": 181.77016, "eta_hours": 0.05049, "loss": 0.69289475, "lr": 0.00099384, "params": 6295, "time_iter": 0.04566, "accuracy": 0.52, "precision": 0.52, "recall": 1.0, "f1": 0.68421, "auc": 0.36432}
{"epoch": 6, "time_epoch": 1.75105, "eta": 177.40944, "eta_hours": 0.04928, "loss": 0.69388555, "lr": 0.00099114, "params": 6295, "time_iter": 0.04608, "accuracy": 0.52, "precision": 0.52, "recall": 1.0, "f1": 0.68421, "auc": 0.42112}
{"epoch": 7, "time_epoch": 1.7207, "eta": 173.35215, "eta_hours": 0.04815, "loss": 0.69263556, "lr": 0.00098796, "params": 6295, "time_iter": 0.04528, "accuracy": 0.52, "precision": 0.52, "recall": 1.0, "f1": 0.68421, "auc": 0.41257}
{"epoch": 8, "time_epoch": 1.72918, "eta": 169.89986, "eta_hours": 0.04719, "loss": 0.69263836, "lr": 0.00098429, "params": 6295, "time_iter": 0.0455, "accuracy": 0.52, "precision": 0.52, "recall": 1.0, "f1": 0.68421, "auc": 0.46002}
{"epoch": 9, "time_epoch": 1.69159, "eta": 166.45386, "eta_hours": 0.04624, "loss": 0.69319392, "lr": 0.00098015, "params": 6295, "time_iter": 0.04452, "accuracy": 0.52, "precision": 0.52, "recall": 1.0, "f1": 0.68421, "auc": 0.4107}
{"epoch": 10, "time_epoch": 1.67655, "eta": 163.20515, "eta_hours": 0.04533, "loss": 0.69310635, "lr": 0.00097553, "params": 6295, "time_iter": 0.04412, "accuracy": 0.52, "precision": 0.52, "recall": 1.0, "f1": 0.68421, "auc": 0.40723}
{"epoch": 11, "time_epoch": 1.66535, "eta": 160.13631, "eta_hours": 0.04448, "loss": 0.69321942, "lr": 0.00097044, "params": 6295, "time_iter": 0.04382, "accuracy": 0.52, "precision": 0.52, "recall": 1.0, "f1": 0.68421, "auc": 0.42112}
{"epoch": 12, "time_epoch": 1.67083, "eta": 157.32009, "eta_hours": 0.0437, "loss": 0.69313014, "lr": 0.00096489, "params": 6295, "time_iter": 0.04397, "accuracy": 0.52, "precision": 0.52, "recall": 1.0, "f1": 0.68421, "auc": 0.44533}
{"epoch": 13, "time_epoch": 1.67659, "eta": 154.70288, "eta_hours": 0.04297, "loss": 0.69361987, "lr": 0.00095888, "params": 6295, "time_iter": 0.04412, "accuracy": 0.52, "precision": 0.52, "recall": 1.0, "f1": 0.68421, "auc": 0.43073}
{"epoch": 14, "time_epoch": 1.67324, "eta": 152.19211, "eta_hours": 0.04228, "loss": 0.6929315, "lr": 0.00095241, "params": 6295, "time_iter": 0.04403, "accuracy": 0.52, "precision": 0.52, "recall": 1.0, "f1": 0.68421, "auc": 0.43447}
{"epoch": 15, "time_epoch": 1.66528, "eta": 149.74425, "eta_hours": 0.0416, "loss": 0.69310565, "lr": 0.0009455, "params": 6295, "time_iter": 0.04382, "accuracy": 0.52, "precision": 0.52, "recall": 1.0, "f1": 0.68421, "auc": 0.38159}
{"epoch": 16, "time_epoch": 1.66943, "eta": 147.40871, "eta_hours": 0.04095, "loss": 0.69308475, "lr": 0.00093815, "params": 6295, "time_iter": 0.04393, "accuracy": 0.52, "precision": 0.52, "recall": 1.0, "f1": 0.68421, "auc": 0.40429}
{"epoch": 17, "time_epoch": 1.68178, "eta": 145.20342, "eta_hours": 0.04033, "loss": 0.69345463, "lr": 0.00093037, "params": 6295, "time_iter": 0.04426, "accuracy": 0.52, "precision": 0.52, "recall": 1.0, "f1": 0.68421, "auc": 0.43162}
{"epoch": 18, "time_epoch": 1.67625, "eta": 143.02966, "eta_hours": 0.03973, "loss": 0.69502266, "lr": 0.00092216, "params": 6295, "time_iter": 0.04411, "accuracy": 0.52, "precision": 0.52, "recall": 1.0, "f1": 0.68421, "auc": 0.35167}
{"epoch": 19, "time_epoch": 1.66758, "eta": 140.87099, "eta_hours": 0.03913, "loss": 0.6929645, "lr": 0.00091354, "params": 6295, "time_iter": 0.04388, "accuracy": 0.52, "precision": 0.52, "recall": 1.0, "f1": 0.68421, "auc": 0.40456}
{"epoch": 20, "time_epoch": 1.67048, "eta": 138.76999, "eta_hours": 0.03855, "loss": 0.6929012, "lr": 0.00090451, "params": 6295, "time_iter": 0.04396, "accuracy": 0.52, "precision": 0.52, "recall": 1.0, "f1": 0.68421, "auc": 0.4318}
{"epoch": 21, "time_epoch": 1.67766, "eta": 136.73358, "eta_hours": 0.03798, "loss": 0.69285404, "lr": 0.00089508, "params": 6295, "time_iter": 0.04415, "accuracy": 0.52, "precision": 0.52, "recall": 1.0, "f1": 0.68421, "auc": 0.40759}
{"epoch": 22, "time_epoch": 1.66797, "eta": 134.69593, "eta_hours": 0.03742, "loss": 0.69305118, "lr": 0.00088526, "params": 6295, "time_iter": 0.04389, "accuracy": 0.52, "precision": 0.52, "recall": 1.0, "f1": 0.68421, "auc": 0.40402}
{"epoch": 23, "time_epoch": 1.66525, "eta": 132.68048, "eta_hours": 0.03686, "loss": 0.69302189, "lr": 0.00087506, "params": 6295, "time_iter": 0.04382, "accuracy": 0.52, "precision": 0.52, "recall": 1.0, "f1": 0.68421, "auc": 0.43234}
{"epoch": 24, "time_epoch": 1.67768, "eta": 130.73035, "eta_hours": 0.03631, "loss": 0.69307981, "lr": 0.00086448, "params": 6295, "time_iter": 0.04415, "accuracy": 0.52, "precision": 0.52, "recall": 1.0, "f1": 0.68421, "auc": 0.4115}
{"epoch": 25, "time_epoch": 1.66918, "eta": 128.77697, "eta_hours": 0.03577, "loss": 0.69261009, "lr": 0.00085355, "params": 6295, "time_iter": 0.04393, "accuracy": 0.52, "precision": 0.52, "recall": 1.0, "f1": 0.68421, "auc": 0.45175}
{"epoch": 26, "time_epoch": 1.66441, "eta": 126.83175, "eta_hours": 0.03523, "loss": 0.693059, "lr": 0.00084227, "params": 6295, "time_iter": 0.0438, "accuracy": 0.52, "precision": 0.52, "recall": 1.0, "f1": 0.68421, "auc": 0.42308}
{"epoch": 27, "time_epoch": 1.66927, "eta": 124.91909, "eta_hours": 0.0347, "loss": 0.69242439, "lr": 0.00083066, "params": 6295, "time_iter": 0.04393, "accuracy": 0.52, "precision": 0.52, "recall": 1.0, "f1": 0.68421, "auc": 0.47044}
{"epoch": 28, "time_epoch": 1.67527, "eta": 123.0379, "eta_hours": 0.03418, "loss": 0.69295026, "lr": 0.00081871, "params": 6295, "time_iter": 0.04409, "accuracy": 0.52, "precision": 0.52, "recall": 1.0, "f1": 0.68421, "auc": 0.41061}
{"epoch": 29, "time_epoch": 1.66657, "eta": 121.15014, "eta_hours": 0.03365, "loss": 0.69261295, "lr": 0.00080645, "params": 6295, "time_iter": 0.04386, "accuracy": 0.52, "precision": 0.52, "recall": 1.0, "f1": 0.68421, "auc": 0.4075}
{"epoch": 30, "time_epoch": 1.66481, "eta": 119.27273, "eta_hours": 0.03313, "loss": 0.69345475, "lr": 0.00079389, "params": 6295, "time_iter": 0.04381, "accuracy": 0.52, "precision": 0.52, "recall": 1.0, "f1": 0.68421, "auc": 0.36627}
{"epoch": 31, "time_epoch": 1.67914, "eta": 117.43905, "eta_hours": 0.03262, "loss": 0.69311935, "lr": 0.00078104, "params": 6295, "time_iter": 0.04419, "accuracy": 0.52, "precision": 0.52, "recall": 1.0, "f1": 0.68421, "auc": 0.39993}
{"epoch": 32, "time_epoch": 1.66737, "eta": 115.59085, "eta_hours": 0.03211, "loss": 0.69283067, "lr": 0.00076791, "params": 6295, "time_iter": 0.04388, "accuracy": 0.52, "precision": 0.52, "recall": 1.0, "f1": 0.68421, "auc": 0.4213}
{"epoch": 33, "time_epoch": 1.66829, "eta": 113.75506, "eta_hours": 0.0316, "loss": 0.69356281, "lr": 0.00075452, "params": 6295, "time_iter": 0.0439, "accuracy": 0.52, "precision": 0.52, "recall": 1.0, "f1": 0.68421, "auc": 0.3912}
{"epoch": 34, "time_epoch": 1.67191, "eta": 111.93557, "eta_hours": 0.03109, "loss": 0.69263299, "lr": 0.00074088, "params": 6295, "time_iter": 0.044, "accuracy": 0.52, "precision": 0.52, "recall": 1.0, "f1": 0.68421, "auc": 0.42147}
{"epoch": 35, "time_epoch": 1.67037, "eta": 110.12156, "eta_hours": 0.03059, "loss": 0.69260005, "lr": 0.000727, "params": 6295, "time_iter": 0.04396, "accuracy": 0.52, "precision": 0.52, "recall": 1.0, "f1": 0.68421, "auc": 0.42147}
{"epoch": 36, "time_epoch": 1.67973, "eta": 108.33124, "eta_hours": 0.03009, "loss": 0.69280641, "lr": 0.00071289, "params": 6295, "time_iter": 0.0442, "accuracy": 0.52, "precision": 0.52, "recall": 1.0, "f1": 0.68421, "auc": 0.39842}
{"epoch": 37, "time_epoch": 1.66575, "eta": 106.52392, "eta_hours": 0.02959, "loss": 0.69266562, "lr": 0.00069857, "params": 6295, "time_iter": 0.04384, "accuracy": 0.52, "precision": 0.52, "recall": 1.0, "f1": 0.68421, "auc": 0.40883}
{"epoch": 38, "time_epoch": 1.67159, "eta": 104.73301, "eta_hours": 0.02909, "loss": 0.69249188, "lr": 0.00068406, "params": 6295, "time_iter": 0.04399, "accuracy": 0.52, "precision": 0.52, "recall": 1.0, "f1": 0.68421, "auc": 0.4594}
{"epoch": 39, "time_epoch": 1.66854, "eta": 102.94349, "eta_hours": 0.0286, "loss": 0.69283916, "lr": 0.00066937, "params": 6295, "time_iter": 0.04391, "accuracy": 0.52, "precision": 0.52, "recall": 1.0, "f1": 0.68421, "auc": 0.43732}
{"epoch": 40, "time_epoch": 1.6685, "eta": 101.1598, "eta_hours": 0.0281, "loss": 0.69340359, "lr": 0.00065451, "params": 6295, "time_iter": 0.04391, "accuracy": 0.52, "precision": 0.52, "recall": 1.0, "f1": 0.68421, "auc": 0.40189}
{"epoch": 41, "time_epoch": 1.6699, "eta": 99.38354, "eta_hours": 0.02761, "loss": 0.69285427, "lr": 0.0006395, "params": 6295, "time_iter": 0.04394, "accuracy": 0.52, "precision": 0.52, "recall": 1.0, "f1": 0.68421, "auc": 0.44195}
{"epoch": 42, "time_epoch": 1.68084, "eta": 97.62671, "eta_hours": 0.02712, "loss": 0.69279621, "lr": 0.00062434, "params": 6295, "time_iter": 0.04423, "accuracy": 0.52, "precision": 0.52, "recall": 1.0, "f1": 0.68421, "auc": 0.40028}
{"epoch": 43, "time_epoch": 1.67386, "eta": 95.86447, "eta_hours": 0.02663, "loss": 0.69277788, "lr": 0.00060907, "params": 6295, "time_iter": 0.04405, "accuracy": 0.52, "precision": 0.52, "recall": 1.0, "f1": 0.68421, "auc": 0.42147}
{"epoch": 44, "time_epoch": 1.66795, "eta": 94.09893, "eta_hours": 0.02614, "loss": 0.69263668, "lr": 0.00059369, "params": 6295, "time_iter": 0.04389, "accuracy": 0.52, "precision": 0.52, "recall": 1.0, "f1": 0.68421, "auc": 0.34233}
{"epoch": 45, "time_epoch": 1.67209, "eta": 92.34249, "eta_hours": 0.02565, "loss": 0.69276194, "lr": 0.00057822, "params": 6295, "time_iter": 0.044, "accuracy": 0.52, "precision": 0.52, "recall": 1.0, "f1": 0.68421, "auc": 0.40759}
{"epoch": 46, "time_epoch": 1.66847, "eta": 90.58556, "eta_hours": 0.02516, "loss": 0.69255517, "lr": 0.00056267, "params": 6295, "time_iter": 0.04391, "accuracy": 0.52, "precision": 0.52, "recall": 1.0, "f1": 0.68421, "auc": 0.39833}
{"epoch": 47, "time_epoch": 1.67575, "eta": 88.8402, "eta_hours": 0.02468, "loss": 0.69263738, "lr": 0.00054705, "params": 6295, "time_iter": 0.0441, "accuracy": 0.52, "precision": 0.52, "recall": 1.0, "f1": 0.68421, "auc": 0.41204}
{"epoch": 48, "time_epoch": 1.67262, "eta": 87.09443, "eta_hours": 0.02419, "loss": 0.69281818, "lr": 0.0005314, "params": 6295, "time_iter": 0.04402, "accuracy": 0.52, "precision": 0.52, "recall": 1.0, "f1": 0.68421, "auc": 0.4302}
{"epoch": 49, "time_epoch": 1.67, "eta": 85.34896, "eta_hours": 0.02371, "loss": 0.69279271, "lr": 0.00051571, "params": 6295, "time_iter": 0.04395, "accuracy": 0.52, "precision": 0.52, "recall": 1.0, "f1": 0.68421, "auc": 0.414}
{"epoch": 50, "time_epoch": 1.66846, "eta": 83.60498, "eta_hours": 0.02322, "loss": 0.69249451, "lr": 0.0005, "params": 6295, "time_iter": 0.04391, "accuracy": 0.52, "precision": 0.52, "recall": 1.0, "f1": 0.68421, "auc": 0.41613}
{"epoch": 51, "time_epoch": 1.6789, "eta": 81.87353, "eta_hours": 0.02274, "loss": 0.6927388, "lr": 0.00048429, "params": 6295, "time_iter": 0.04418, "accuracy": 0.52, "precision": 0.52, "recall": 1.0, "f1": 0.68421, "auc": 0.42913}
{"epoch": 52, "time_epoch": 1.6626, "eta": 80.12961, "eta_hours": 0.02226, "loss": 0.69263769, "lr": 0.0004686, "params": 6295, "time_iter": 0.04375, "accuracy": 0.52, "precision": 0.52, "recall": 1.0, "f1": 0.68421, "auc": 0.40723}
{"epoch": 53, "time_epoch": 1.59407, "eta": 78.33032, "eta_hours": 0.02176, "loss": 0.69268529, "lr": 0.00045295, "params": 6295, "time_iter": 0.04195, "accuracy": 0.52, "precision": 0.52, "recall": 1.0, "f1": 0.68421, "auc": 0.42388}
{"epoch": 54, "time_epoch": 1.54956, "eta": 76.50208, "eta_hours": 0.02125, "loss": 0.69270593, "lr": 0.00043733, "params": 6295, "time_iter": 0.04078, "accuracy": 0.52, "precision": 0.52, "recall": 1.0, "f1": 0.68421, "auc": 0.35684}
{"epoch": 55, "time_epoch": 1.66971, "eta": 74.7782, "eta_hours": 0.02077, "loss": 0.69257344, "lr": 0.00042178, "params": 6295, "time_iter": 0.04394, "accuracy": 0.52, "precision": 0.52, "recall": 1.0, "f1": 0.68421, "auc": 0.41489}
{"epoch": 56, "time_epoch": 1.67662, "eta": 73.06143, "eta_hours": 0.02029, "loss": 0.69245536, "lr": 0.00040631, "params": 6295, "time_iter": 0.04412, "accuracy": 0.52, "precision": 0.52, "recall": 1.0, "f1": 0.68421, "auc": 0.41506}
{"epoch": 57, "time_epoch": 1.66727, "eta": 71.33927, "eta_hours": 0.01982, "loss": 0.69282521, "lr": 0.00039093, "params": 6295, "time_iter": 0.04388, "accuracy": 0.52, "precision": 0.52, "recall": 1.0, "f1": 0.68421, "auc": 0.40491}
{"epoch": 58, "time_epoch": 1.68789, "eta": 69.63331, "eta_hours": 0.01934, "loss": 0.69250052, "lr": 0.00037566, "params": 6295, "time_iter": 0.04442, "accuracy": 0.52, "precision": 0.52, "recall": 1.0, "f1": 0.68421, "auc": 0.42005}
{"epoch": 59, "time_epoch": 1.69882, "eta": 67.93523, "eta_hours": 0.01887, "loss": 0.69253947, "lr": 0.0003605, "params": 6295, "time_iter": 0.04471, "accuracy": 0.52, "precision": 0.52, "recall": 1.0, "f1": 0.68421, "auc": 0.39432}
{"epoch": 60, "time_epoch": 1.73674, "eta": 66.26137, "eta_hours": 0.01841, "loss": 0.69253741, "lr": 0.00034549, "params": 6295, "time_iter": 0.0457, "accuracy": 0.52, "precision": 0.52, "recall": 1.0, "f1": 0.68421, "auc": 0.42842}
{"epoch": 61, "time_epoch": 1.74181, "eta": 64.5886, "eta_hours": 0.01794, "loss": 0.69291268, "lr": 0.00033063, "params": 6295, "time_iter": 0.04584, "accuracy": 0.52, "precision": 0.52, "recall": 1.0, "f1": 0.68421, "auc": 0.39655}
{"epoch": 62, "time_epoch": 1.73045, "eta": 62.90695, "eta_hours": 0.01747, "loss": 0.69281622, "lr": 0.00031594, "params": 6295, "time_iter": 0.04554, "accuracy": 0.52, "precision": 0.52, "recall": 1.0, "f1": 0.68421, "auc": 0.36387}
{"epoch": 63, "time_epoch": 1.72303, "eta": 61.21961, "eta_hours": 0.01701, "loss": 0.69278757, "lr": 0.00030143, "params": 6295, "time_iter": 0.04534, "accuracy": 0.52, "precision": 0.52, "recall": 1.0, "f1": 0.68421, "auc": 0.40634}
{"epoch": 64, "time_epoch": 1.73139, "eta": 59.53568, "eta_hours": 0.01654, "loss": 0.69262228, "lr": 0.00028711, "params": 6295, "time_iter": 0.04556, "accuracy": 0.52, "precision": 0.52, "recall": 1.0, "f1": 0.68421, "auc": 0.41417}
{"epoch": 65, "time_epoch": 1.72016, "eta": 57.84452, "eta_hours": 0.01607, "loss": 0.69247696, "lr": 0.000273, "params": 6295, "time_iter": 0.04527, "accuracy": 0.52, "precision": 0.52, "recall": 1.0, "f1": 0.68421, "auc": 0.39281}
{"epoch": 66, "time_epoch": 1.71987, "eta": 56.15235, "eta_hours": 0.0156, "loss": 0.69248729, "lr": 0.00025912, "params": 6295, "time_iter": 0.04526, "accuracy": 0.52, "precision": 0.52, "recall": 1.0, "f1": 0.68421, "auc": 0.3896}
{"epoch": 67, "time_epoch": 1.69522, "eta": 54.44777, "eta_hours": 0.01512, "loss": 0.69262655, "lr": 0.00024548, "params": 6295, "time_iter": 0.04461, "accuracy": 0.52, "precision": 0.52, "recall": 1.0, "f1": 0.68421, "auc": 0.37536}
{"epoch": 68, "time_epoch": 1.72188, "eta": 52.75544, "eta_hours": 0.01465, "loss": 0.69244374, "lr": 0.00023209, "params": 6295, "time_iter": 0.04531, "accuracy": 0.52, "precision": 0.52, "recall": 1.0, "f1": 0.68421, "auc": 0.44551}
{"epoch": 69, "time_epoch": 1.72417, "eta": 51.06324, "eta_hours": 0.01418, "loss": 0.6924995, "lr": 0.00021896, "params": 6295, "time_iter": 0.04537, "accuracy": 0.52, "precision": 0.52, "recall": 1.0, "f1": 0.68421, "auc": 0.37749}
{"epoch": 70, "time_epoch": 1.73289, "eta": 49.3737, "eta_hours": 0.01371, "loss": 0.69262381, "lr": 0.00020611, "params": 6295, "time_iter": 0.0456, "accuracy": 0.52, "precision": 0.52, "recall": 1.0, "f1": 0.68421, "auc": 0.37696}
{"epoch": 71, "time_epoch": 1.74005, "eta": 47.68575, "eta_hours": 0.01325, "loss": 0.69246086, "lr": 0.00019355, "params": 6295, "time_iter": 0.04579, "accuracy": 0.52, "precision": 0.52, "recall": 1.0, "f1": 0.68421, "auc": 0.42477}
{"epoch": 72, "time_epoch": 1.70238, "eta": 45.98243, "eta_hours": 0.01277, "loss": 0.69245399, "lr": 0.00018129, "params": 6295, "time_iter": 0.0448, "accuracy": 0.52, "precision": 0.52, "recall": 1.0, "f1": 0.68421, "auc": 0.3799}
{"epoch": 73, "time_epoch": 1.72023, "eta": 44.28541, "eta_hours": 0.0123, "loss": 0.69252275, "lr": 0.00016934, "params": 6295, "time_iter": 0.04527, "accuracy": 0.52, "precision": 0.52, "recall": 1.0, "f1": 0.68421, "auc": 0.38212}
{"epoch": 74, "time_epoch": 1.73424, "eta": 42.59245, "eta_hours": 0.01183, "loss": 0.69242248, "lr": 0.00015773, "params": 6295, "time_iter": 0.04564, "accuracy": 0.52, "precision": 0.52, "recall": 1.0, "f1": 0.68421, "auc": 0.4505}
{"epoch": 75, "time_epoch": 1.71994, "eta": 40.89388, "eta_hours": 0.01136, "loss": 0.69246882, "lr": 0.00014645, "params": 6295, "time_iter": 0.04526, "accuracy": 0.52, "precision": 0.52, "recall": 1.0, "f1": 0.68421, "auc": 0.41774}
{"epoch": 76, "time_epoch": 1.69915, "eta": 39.18855, "eta_hours": 0.01089, "loss": 0.69244369, "lr": 0.00013552, "params": 6295, "time_iter": 0.04471, "accuracy": 0.52, "precision": 0.52, "recall": 1.0, "f1": 0.68421, "auc": 0.32924}
{"epoch": 77, "time_epoch": 1.72182, "eta": 37.48976, "eta_hours": 0.01041, "loss": 0.69242035, "lr": 0.00012494, "params": 6295, "time_iter": 0.04531, "accuracy": 0.52, "precision": 0.52, "recall": 1.0, "f1": 0.68421, "auc": 0.4172}
{"epoch": 78, "time_epoch": 1.69625, "eta": 35.7836, "eta_hours": 0.00994, "loss": 0.69240389, "lr": 0.00011474, "params": 6295, "time_iter": 0.04464, "accuracy": 0.52, "precision": 0.52, "recall": 1.0, "f1": 0.68421, "auc": 0.42593}
{"epoch": 79, "time_epoch": 1.69958, "eta": 34.07852, "eta_hours": 0.00947, "loss": 0.6924169, "lr": 0.00010492, "params": 6295, "time_iter": 0.04473, "accuracy": 0.52, "precision": 0.52, "recall": 1.0, "f1": 0.68421, "auc": 0.37731}
{"epoch": 80, "time_epoch": 1.66567, "eta": 32.36562, "eta_hours": 0.00899, "loss": 0.69241485, "lr": 9.549e-05, "params": 6295, "time_iter": 0.04383, "accuracy": 0.52, "precision": 0.52, "recall": 1.0, "f1": 0.68421, "auc": 0.39797}
{"epoch": 81, "time_epoch": 1.67498, "eta": 30.65592, "eta_hours": 0.00852, "loss": 0.69240802, "lr": 8.646e-05, "params": 6295, "time_iter": 0.04408, "accuracy": 0.52, "precision": 0.52, "recall": 1.0, "f1": 0.68421, "auc": 0.40233}
{"epoch": 82, "time_epoch": 1.6637, "eta": 28.94474, "eta_hours": 0.00804, "loss": 0.69238683, "lr": 7.784e-05, "params": 6295, "time_iter": 0.04378, "accuracy": 0.52, "precision": 0.52, "recall": 1.0, "f1": 0.68421, "auc": 0.40278}
{"epoch": 83, "time_epoch": 1.66763, "eta": 27.23544, "eta_hours": 0.00757, "loss": 0.69237556, "lr": 6.963e-05, "params": 6295, "time_iter": 0.04388, "accuracy": 0.52, "precision": 0.52, "recall": 1.0, "f1": 0.68421, "auc": 0.41311}
{"epoch": 84, "time_epoch": 1.67519, "eta": 25.52846, "eta_hours": 0.00709, "loss": 0.69237208, "lr": 6.185e-05, "params": 6295, "time_iter": 0.04408, "accuracy": 0.52, "precision": 0.52, "recall": 1.0, "f1": 0.68421, "auc": 0.40491}
{"epoch": 85, "time_epoch": 1.67297, "eta": 23.82185, "eta_hours": 0.00662, "loss": 0.69247718, "lr": 5.45e-05, "params": 6295, "time_iter": 0.04403, "accuracy": 0.52, "precision": 0.52, "recall": 1.0, "f1": 0.68421, "auc": 0.35381}
{"epoch": 86, "time_epoch": 1.66387, "eta": 22.11466, "eta_hours": 0.00614, "loss": 0.69237807, "lr": 4.759e-05, "params": 6295, "time_iter": 0.04379, "accuracy": 0.52, "precision": 0.52, "recall": 1.0, "f1": 0.68421, "auc": 0.43634}
{"epoch": 87, "time_epoch": 1.66093, "eta": 20.40805, "eta_hours": 0.00567, "loss": 0.69238699, "lr": 4.112e-05, "params": 6295, "time_iter": 0.04371, "accuracy": 0.52, "precision": 0.52, "recall": 1.0, "f1": 0.68421, "auc": 0.37607}
{"epoch": 88, "time_epoch": 1.67331, "eta": 18.704, "eta_hours": 0.0052, "loss": 0.69240027, "lr": 3.511e-05, "params": 6295, "time_iter": 0.04403, "accuracy": 0.52, "precision": 0.52, "recall": 1.0, "f1": 0.68421, "auc": 0.37758}
{"epoch": 89, "time_epoch": 1.6657, "eta": 16.99978, "eta_hours": 0.00472, "loss": 0.6923957, "lr": 2.956e-05, "params": 6295, "time_iter": 0.04383, "accuracy": 0.52, "precision": 0.52, "recall": 1.0, "f1": 0.68421, "auc": 0.38239}
{"epoch": 90, "time_epoch": 1.67284, "eta": 15.29712, "eta_hours": 0.00425, "loss": 0.69236976, "lr": 2.447e-05, "params": 6295, "time_iter": 0.04402, "accuracy": 0.52, "precision": 0.52, "recall": 1.0, "f1": 0.68421, "auc": 0.43109}
{"epoch": 91, "time_epoch": 1.66907, "eta": 13.59478, "eta_hours": 0.00378, "loss": 0.69235998, "lr": 1.985e-05, "params": 6295, "time_iter": 0.04392, "accuracy": 0.52, "precision": 0.52, "recall": 1.0, "f1": 0.68421, "auc": 0.46465}
{"epoch": 92, "time_epoch": 1.66889, "eta": 11.89314, "eta_hours": 0.0033, "loss": 0.69237278, "lr": 1.571e-05, "params": 6295, "time_iter": 0.04392, "accuracy": 0.52, "precision": 0.52, "recall": 1.0, "f1": 0.68421, "auc": 0.4164}
{"epoch": 93, "time_epoch": 1.66123, "eta": 10.19171, "eta_hours": 0.00283, "loss": 0.69237548, "lr": 1.204e-05, "params": 6295, "time_iter": 0.04372, "accuracy": 0.52, "precision": 0.52, "recall": 1.0, "f1": 0.68421, "auc": 0.414}
{"epoch": 94, "time_epoch": 1.66566, "eta": 8.49135, "eta_hours": 0.00236, "loss": 0.69237226, "lr": 8.86e-06, "params": 6295, "time_iter": 0.04383, "accuracy": 0.52, "precision": 0.52, "recall": 1.0, "f1": 0.68421, "auc": 0.39147}
{"epoch": 95, "time_epoch": 1.68054, "eta": 6.79234, "eta_hours": 0.00189, "loss": 0.69235937, "lr": 6.16e-06, "params": 6295, "time_iter": 0.04422, "accuracy": 0.52, "precision": 0.52, "recall": 1.0, "f1": 0.68421, "auc": 0.4359}
{"epoch": 96, "time_epoch": 1.66799, "eta": 5.09333, "eta_hours": 0.00141, "loss": 0.69235126, "lr": 3.94e-06, "params": 6295, "time_iter": 0.04389, "accuracy": 0.52, "precision": 0.52, "recall": 1.0, "f1": 0.68421, "auc": 0.4919}
{"epoch": 97, "time_epoch": 1.66429, "eta": 3.39487, "eta_hours": 0.00094, "loss": 0.69235101, "lr": 2.22e-06, "params": 6295, "time_iter": 0.0438, "accuracy": 0.52, "precision": 0.52, "recall": 1.0, "f1": 0.68421, "auc": 0.47507}
{"epoch": 98, "time_epoch": 1.67035, "eta": 1.69716, "eta_hours": 0.00047, "loss": 0.692359, "lr": 9.9e-07, "params": 6295, "time_iter": 0.04396, "accuracy": 0.52, "precision": 0.52, "recall": 1.0, "f1": 0.68421, "auc": 0.43474}
{"epoch": 99, "time_epoch": 1.66657, "eta": 0.0, "eta_hours": 0.0, "loss": 0.69236031, "lr": 2.5e-07, "params": 6295, "time_iter": 0.04386, "accuracy": 0.52, "precision": 0.52, "recall": 1.0, "f1": 0.68421, "auc": 0.44916}
