{"epoch": 13, "time_epoch": 3.643, "time_epoch_std": 2.98354, "eta": 388.76308, "eta_std": 267.47011, "eta_hours": 0.10799, "eta_hours_std": 0.0743, "loss": 0.57485, "loss_std": 0.14438, "lr": 0.00097, "lr_std": 3e-05, "params": 8313.0, "params_std": 0.0, "time_iter": 0.33118, "time_iter_std": 0.27123, "accuracy": 0.66072, "accuracy_std": 0.14905, "accuracy_max": 0.88095, "precision": 0.41585, "precision_std": 0.42299, "recall": 0.3625, "recall_std": 0.36636, "f1": 0.38727, "f1_std": 0.3925, "auc": 0.62443, "auc_std": 0.26771}
