{"epoch": 0, "time_epoch": 62.82822, "time_epoch_std": 15.81471, "eta": 6133.71536, "eta_std": 1416.74177, "eta_hours": 1.70381, "eta_hours_std": 0.39354, "loss": 0.69419, "loss_std": 0.00054, "lr": 0.001, "lr_std": 0.0, "params": 4143.0, "params_std": 0.0, "time_iter": 0.48704, "time_iter_std": 0.1226, "accuracy": 0.49635, "accuracy_std": 0.00473, "accuracy_max": 0.50195, "precision": 0.50953, "precision_std": 0.01756, "recall": 0.42151, "recall_std": 0.32902, "f1": 0.38078, "f1_std": 0.21395, "auc": 0.49425, "auc_std": 0.01014}
