{"epoch": 0, "time_epoch": 61.52729, "time_epoch_std": 13.56978, "eta": 6091.20227, "eta_std": 1343.40846, "eta_hours": 1.692, "eta_hours_std": 0.37317, "loss": 0.69427, "loss_std": 0.00044, "lr": 0.001, "lr_std": 0.0, "params": 4143.0, "params_std": 0.0, "time_iter": 0.47696, "time_iter_std": 0.10519, "accuracy": 0.49793, "accuracy_std": 0.00479, "accuracy_max": 0.50195, "precision": 0.51068, "precision_std": 0.01686, "recall": 0.47844, "recall_std": 0.37141, "f1": 0.40114, "f1_std": 0.23151, "auc": 0.49474, "auc_std": 0.00969}
{"epoch": 1, "time_epoch": 62.80346, "time_epoch_std": 15.82469, "eta": 6092.20691, "eta_std": 1440.27848, "eta_hours": 1.69228, "eta_hours_std": 0.40008, "loss": 0.69347, "loss_std": 0.00013, "lr": 0.001, "lr_std": 0.0, "params": 4143.0, "params_std": 0.0, "time_iter": 0.48685, "time_iter_std": 0.12267, "accuracy": 0.49562, "accuracy_std": 0.00397, "accuracy_max": 0.50243, "precision": 0.49817, "precision_std": 0.00249, "recall": 0.7328, "recall_std": 0.16114, "f1": 0.58709, "f1_std": 0.05025, "auc": 0.48648, "auc_std": 0.00274}
{"epoch": 2, "time_epoch": 61.66285, "time_epoch_std": 13.8051, "eta": 6013.79318, "eta_std": 1396.75138, "eta_hours": 1.6705, "eta_hours_std": 0.38798, "loss": 0.6934, "loss_std": 5e-05, "lr": 0.001, "lr_std": 0.0, "params": 4143.0, "params_std": 0.0, "time_iter": 0.47801, "time_iter_std": 0.10702, "accuracy": 0.49769, "accuracy_std": 0.00435, "accuracy_max": 0.50097, "precision": 0.5006, "precision_std": 0.00427, "recall": 0.61604, "recall_std": 0.23413, "f1": 0.53099, "f1_std": 0.10209, "auc": 0.4816, "auc_std": 0.00574}
{"epoch": 3, "time_epoch": 62.15589, "time_epoch_std": 14.79808, "eta": 5955.58785, "eta_std": 1391.91783, "eta_hours": 1.65433, "eta_hours_std": 0.38665, "loss": 0.69339, "loss_std": 7e-05, "lr": 0.001, "lr_std": 0.0, "params": 4143.0, "params_std": 0.0, "time_iter": 0.48183, "time_iter_std": 0.11472, "accuracy": 0.49172, "accuracy_std": 0.00248, "accuracy_max": 0.49464, "precision": 0.48862, "precision_std": 0.01068, "recall": 0.4312, "recall_std": 0.26896, "f1": 0.41173, "f1_std": 0.16922, "auc": 0.48263, "auc_std": 0.00354}
{"epoch": 4, "time_epoch": 63.25084, "time_epoch_std": 16.69893, "eta": 5916.60634, "eta_std": 1419.18811, "eta_hours": 1.6435, "eta_hours_std": 0.39422, "loss": 0.69346, "loss_std": 0.00011, "lr": 0.001, "lr_std": 0.0, "params": 4143.0, "params_std": 0.0, "time_iter": 0.49032, "time_iter_std": 0.12945, "accuracy": 0.49586, "accuracy_std": 0.00526, "accuracy_max": 0.50243, "precision": 0.4989, "precision_std": 0.00317, "recall": 0.78924, "recall_std": 0.17305, "f1": 0.6042, "f1_std": 0.05368, "auc": 0.47962, "auc_std": 0.00848}
{"epoch": 5, "time_epoch": 62.05436, "time_epoch_std": 14.4667, "eta": 5850.79009, "eta_std": 1396.85106, "eta_hours": 1.62522, "eta_hours_std": 0.38801, "loss": 0.69337, "loss_std": 5e-05, "lr": 0.00099, "lr_std": 0.0, "params": 4143.0, "params_std": 0.0, "time_iter": 0.48104, "time_iter_std": 0.11214, "accuracy": 0.49525, "accuracy_std": 0.00567, "accuracy_max": 0.50243, "precision": 0.49756, "precision_std": 0.004, "recall": 0.5562, "recall_std": 0.30859, "f1": 0.4814, "f1_std": 0.15546, "auc": 0.48749, "auc_std": 0.00391}
{"epoch": 6, "time_epoch": 62.01504, "time_epoch_std": 14.42826, "eta": 5785.52637, "eta_std": 1376.24956, "eta_hours": 1.60709, "eta_hours_std": 0.38229, "loss": 0.69342, "loss_std": 6e-05, "lr": 0.00099, "lr_std": 0.0, "params": 4143.0, "params_std": 0.0, "time_iter": 0.48074, "time_iter_std": 0.11185, "accuracy": 0.49233, "accuracy_std": 0.00769, "accuracy_max": 0.50292, "precision": 0.49588, "precision_std": 0.00565, "recall": 0.81977, "recall_std": 0.15004, "f1": 0.61327, "f1_std": 0.05051, "auc": 0.46904, "auc_std": 0.00752}
{"epoch": 7, "time_epoch": 61.66028, "time_epoch_std": 13.81815, "eta": 5716.99502, "eta_std": 1350.17533, "eta_hours": 1.58806, "eta_hours_std": 0.37505, "loss": 0.69345, "loss_std": 0.00015, "lr": 0.00099, "lr_std": 0.0, "params": 4143.0, "params_std": 0.0, "time_iter": 0.47799, "time_iter_std": 0.10712, "accuracy": 0.49099, "accuracy_std": 0.00863, "accuracy_max": 0.49757, "precision": 0.49487, "precision_std": 0.00707, "recall": 0.57462, "recall_std": 0.22815, "f1": 0.50372, "f1_std": 0.13081, "auc": 0.48209, "auc_std": 0.00737}
{"epoch": 8, "time_epoch": 62.80657, "time_epoch_std": 15.70118, "eta": 5661.58093, "eta_std": 1345.8658, "eta_hours": 1.57266, "eta_hours_std": 0.37385, "loss": 0.69344, "loss_std": 0.00012, "lr": 0.00098, "lr_std": 0.0, "params": 4143.0, "params_std": 0.0, "time_iter": 0.48687, "time_iter_std": 0.12172, "accuracy": 0.49586, "accuracy_std": 0.00441, "accuracy_max": 0.50243, "precision": 0.49708, "precision_std": 0.00413, "recall": 0.53149, "recall_std": 0.28058, "f1": 0.4831, "f1_std": 0.1181, "auc": 0.47796, "auc_std": 0.00362}
{"epoch": 9, "time_epoch": 61.38229, "time_epoch_std": 13.31193, "eta": 5591.86976, "eta_std": 1317.76592, "eta_hours": 1.5533, "eta_hours_std": 0.36605, "loss": 0.69336, "loss_std": 4e-05, "lr": 0.00098, "lr_std": 0.0, "params": 4143.0, "params_std": 0.0, "time_iter": 0.47583, "time_iter_std": 0.10319, "accuracy": 0.49659, "accuracy_std": 0.00588, "accuracy_max": 0.50243, "precision": 0.49778, "precision_std": 0.00495, "recall": 0.79264, "recall_std": 0.28578, "f1": 0.58629, "f1_std": 0.12141, "auc": 0.47361, "auc_std": 0.00549}
{"epoch": 10, "time_epoch": 62.37932, "time_epoch_std": 15.09573, "eta": 5531.73982, "eta_std": 1306.79565, "eta_hours": 1.5366, "eta_hours_std": 0.363, "loss": 0.69333, "loss_std": 6e-05, "lr": 0.00098, "lr_std": 0.0, "params": 4143.0, "params_std": 0.0, "time_iter": 0.48356, "time_iter_std": 0.11702, "accuracy": 0.49854, "accuracy_std": 0.00403, "accuracy_max": 0.50243, "precision": 0.50031, "precision_std": 0.00225, "recall": 0.92854, "recall_std": 0.10116, "f1": 0.64848, "f1_std": 0.02857, "auc": 0.48209, "auc_std": 0.00535}
{"epoch": 11, "time_epoch": 61.62229, "time_epoch_std": 13.68475, "eta": 5465.68346, "eta_std": 1284.78718, "eta_hours": 1.51824, "eta_hours_std": 0.35688, "loss": 0.6934, "loss_std": 9e-05, "lr": 0.00097, "lr_std": 0.0, "params": 4143.0, "params_std": 0.0, "time_iter": 0.47769, "time_iter_std": 0.10608, "accuracy": 0.49343, "accuracy_std": 0.00824, "accuracy_max": 0.50243, "precision": 0.49281, "precision_std": 0.01115, "recall": 0.7282, "recall_std": 0.29854, "f1": 0.56032, "f1_std": 0.13116, "auc": 0.47716, "auc_std": 0.00619}
{"epoch": 12, "time_epoch": 61.55953, "time_epoch_std": 13.45739, "eta": 5399.88923, "eta_std": 1262.54145, "eta_hours": 1.49997, "eta_hours_std": 0.35071, "loss": 0.69339, "loss_std": 0.00011, "lr": 0.00096, "lr_std": 0.0, "params": 4143.0, "params_std": 0.0, "time_iter": 0.4772, "time_iter_std": 0.10432, "accuracy": 0.4961, "accuracy_std": 0.0021, "accuracy_max": 0.49854, "precision": 0.49899, "precision_std": 0.00132, "recall": 0.85198, "recall_std": 0.12601, "f1": 0.62616, "f1_std": 0.03637, "auc": 0.46326, "auc_std": 0.00944}
{"epoch": 13, "time_epoch": 61.68802, "time_epoch_std": 13.72142, "eta": 5335.48928, "eta_std": 1243.17288, "eta_hours": 1.48208, "eta_hours_std": 0.34532, "loss": 0.69338, "loss_std": 0.00014, "lr": 0.00096, "lr_std": 0.0, "params": 4143.0, "params_std": 0.0, "time_iter": 0.4782, "time_iter_std": 0.10637, "accuracy": 0.49148, "accuracy_std": 0.01102, "accuracy_max": 0.50243, "precision": 0.49396, "precision_std": 0.01069, "recall": 0.55087, "recall_std": 0.27805, "f1": 0.48979, "f1_std": 0.12249, "auc": 0.482, "auc_std": 0.0111}
{"epoch": 14, "time_epoch": 62.59451, "time_epoch_std": 15.29027, "eta": 5276.58768, "eta_std": 1233.44435, "eta_hours": 1.46572, "eta_hours_std": 0.34262, "loss": 0.69342, "loss_std": 0.0001, "lr": 0.00095, "lr_std": 0.0, "params": 4143.0, "params_std": 0.0, "time_iter": 0.48523, "time_iter_std": 0.11853, "accuracy": 0.49026, "accuracy_std": 0.00262, "accuracy_max": 0.4927, "precision": 0.4939, "precision_std": 0.00167, "recall": 0.60804, "recall_std": 0.17769, "f1": 0.53262, "f1_std": 0.07911, "auc": 0.47983, "auc_std": 0.0088}
{"epoch": 15, "time_epoch": 61.84617, "time_epoch_std": 13.96314, "eta": 5213.29569, "eta_std": 1216.05634, "eta_hours": 1.44814, "eta_hours_std": 0.33779, "loss": 0.69331, "loss_std": 5e-05, "lr": 0.00095, "lr_std": 0.0, "params": 4143.0, "params_std": 0.0, "time_iter": 0.47943, "time_iter_std": 0.10824, "accuracy": 0.49525, "accuracy_std": 0.00728, "accuracy_max": 0.50243, "precision": 0.49842, "precision_std": 0.00412, "recall": 0.92248, "recall_std": 0.08475, "f1": 0.6461, "f1_std": 0.02487, "auc": 0.48105, "auc_std": 0.00998}
{"epoch": 16, "time_epoch": 61.8168, "time_epoch_std": 13.89207, "eta": 5150.03038, "eta_std": 1198.72309, "eta_hours": 1.43056, "eta_hours_std": 0.33298, "loss": 0.69336, "loss_std": 3e-05, "lr": 0.00094, "lr_std": 0.0, "params": 4143.0, "params_std": 0.0, "time_iter": 0.4792, "time_iter_std": 0.10769, "accuracy": 0.49392, "accuracy_std": 0.00295, "accuracy_max": 0.49757, "precision": 0.49731, "precision_std": 0.00254, "recall": 0.60392, "recall_std": 0.32582, "f1": 0.48901, "f1_std": 0.19483, "auc": 0.48172, "auc_std": 0.00335}
{"epoch": 17, "time_epoch": 62.89259, "time_epoch_std": 15.75073, "eta": 5091.82685, "eta_std": 1190.23008, "eta_hours": 1.4144, "eta_hours_std": 0.33062, "loss": 0.69336, "loss_std": 5e-05, "lr": 0.00093, "lr_std": 0.0, "params": 4143.0, "params_std": 0.0, "time_iter": 0.48754, "time_iter_std": 0.1221, "accuracy": 0.49708, "accuracy_std": 0.00319, "accuracy_max": 0.50243, "precision": 0.49948, "precision_std": 0.00181, "recall": 0.85465, "recall_std": 0.13408, "f1": 0.62687, "f1_std": 0.03927, "auc": 0.47473, "auc_std": 0.00919}
{"epoch": 18, "time_epoch": 61.41619, "time_epoch_std": 13.08136, "eta": 5026.8356, "eta_std": 1169.60226, "eta_hours": 1.39634, "eta_hours_std": 0.32489, "loss": 0.69335, "loss_std": 1e-05, "lr": 0.00092, "lr_std": 0.0, "params": 4143.0, "params_std": 0.0, "time_iter": 0.47609, "time_iter_std": 0.10141, "accuracy": 0.49927, "accuracy_std": 0.00397, "accuracy_max": 0.50243, "precision": 0.50062, "precision_std": 0.00246, "recall": 0.87984, "recall_std": 0.13264, "f1": 0.6348, "f1_std": 0.03894, "auc": 0.47529, "auc_std": 0.00625}
{"epoch": 19, "time_epoch": 61.2813, "time_epoch_std": 12.98687, "eta": 4961.66232, "eta_std": 1149.35152, "eta_hours": 1.37824, "eta_hours_std": 0.31926, "loss": 0.69337, "loss_std": 9e-05, "lr": 0.00091, "lr_std": 0.0, "params": 4143.0, "params_std": 0.0, "time_iter": 0.47505, "time_iter_std": 0.10067, "accuracy": 0.49659, "accuracy_std": 0.00344, "accuracy_max": 0.50243, "precision": 0.49802, "precision_std": 0.00261, "recall": 0.56395, "recall_std": 0.26266, "f1": 0.50411, "f1_std": 0.10581, "auc": 0.48686, "auc_std": 0.00323}
{"epoch": 20, "time_epoch": 62.20398, "time_epoch_std": 14.65632, "eta": 4900.33069, "eta_std": 1136.07267, "eta_hours": 1.3612, "eta_hours_std": 0.31558, "loss": 0.69334, "loss_std": 5e-05, "lr": 0.0009, "lr_std": 0.0, "params": 4143.0, "params_std": 0.0, "time_iter": 0.4822, "time_iter_std": 0.11361, "accuracy": 0.50048, "accuracy_std": 0.00337, "accuracy_max": 0.50243, "precision": 0.50142, "precision_std": 0.00175, "recall": 0.97674, "recall_std": 0.04028, "f1": 0.66245, "f1_std": 0.01105, "auc": 0.47242, "auc_std": 0.00649}
{"epoch": 21, "time_epoch": 62.00698, "time_epoch_std": 14.18331, "eta": 4838.22136, "eta_std": 1120.99227, "eta_hours": 1.34395, "eta_hours_std": 0.31139, "loss": 0.69342, "loss_std": 0.00011, "lr": 0.0009, "lr_std": 0.0, "params": 4143.0, "params_std": 0.0, "time_iter": 0.48067, "time_iter_std": 0.10995, "accuracy": 0.49099, "accuracy_std": 0.00662, "accuracy_max": 0.50243, "precision": 0.49498, "precision_std": 0.00472, "recall": 0.79675, "recall_std": 0.18994, "f1": 0.60167, "f1_std": 0.06792, "auc": 0.47284, "auc_std": 0.00598}
{"epoch": 22, "time_epoch": 62.99795, "time_epoch_std": 16.01492, "eta": 4779.4385, "eta_std": 1112.1181, "eta_hours": 1.32762, "eta_hours_std": 0.30892, "loss": 0.69336, "loss_std": 1e-05, "lr": 0.00089, "lr_std": 0.0, "params": 4143.0, "params_std": 0.0, "time_iter": 0.48836, "time_iter_std": 0.12414, "accuracy": 0.49245, "accuracy_std": 0.00586, "accuracy_max": 0.50243, "precision": 0.49036, "precision_std": 0.01181, "recall": 0.6548, "recall_std": 0.33383, "f1": 0.51456, "f1_std": 0.17869, "auc": 0.48264, "auc_std": 0.00427}
{"epoch": 23, "time_epoch": 62.53484, "time_epoch_std": 15.10944, "eta": 4718.83788, "eta_std": 1099.78337, "eta_hours": 1.31079, "eta_hours_std": 0.3055, "loss": 0.69333, "loss_std": 6e-05, "lr": 0.00088, "lr_std": 0.0, "params": 4143.0, "params_std": 0.0, "time_iter": 0.48476, "time_iter_std": 0.11713, "accuracy": 0.49769, "accuracy_std": 0.00822, "accuracy_max": 0.50243, "precision": 0.49548, "precision_std": 0.01205, "recall": 0.81565, "recall_std": 0.3193, "f1": 0.58615, "f1_std": 0.1432, "auc": 0.47335, "auc_std": 0.00775}
{"epoch": 24, "time_epoch": 62.61165, "time_epoch_std": 15.24387, "eta": 4658.31294, "eta_std": 1087.63096, "eta_hours": 1.29398, "eta_hours_std": 0.30212, "loss": 0.69329, "loss_std": 5e-05, "lr": 0.00086, "lr_std": 0.0, "params": 4143.0, "params_std": 0.0, "time_iter": 0.48536, "time_iter_std": 0.11817, "accuracy": 0.49671, "accuracy_std": 0.00602, "accuracy_max": 0.50243, "precision": 0.4876, "precision_std": 0.02014, "recall": 0.65189, "recall_std": 0.39567, "f1": 0.48387, "f1_std": 0.24589, "auc": 0.47689, "auc_std": 0.00448}
{"epoch": 25, "time_epoch": 62.03853, "time_epoch_std": 14.43495, "eta": 4595.9963, "eta_std": 1072.93836, "eta_hours": 1.27666, "eta_hours_std": 0.29804, "loss": 0.69325, "loss_std": 3e-05, "lr": 0.00085, "lr_std": 0.0, "params": 4143.0, "params_std": 0.0, "time_iter": 0.48092, "time_iter_std": 0.1119, "accuracy": 0.50073, "accuracy_std": 0.00295, "accuracy_max": 0.50243, "precision": 0.50143, "precision_std": 0.00173, "recall": 0.90528, "recall_std": 0.16406, "f1": 0.63989, "f1_std": 0.05013, "auc": 0.48284, "auc_std": 0.00548}
{"epoch": 26, "time_epoch": 62.86096, "time_epoch_std": 15.56235, "eta": 4535.92385, "eta_std": 1061.3114, "eta_hours": 1.25998, "eta_hours_std": 0.29481, "loss": 0.6933, "loss_std": 3e-05, "lr": 0.00084, "lr_std": 0.0, "params": 4143.0, "params_std": 0.0, "time_iter": 0.4873, "time_iter_std": 0.12064, "accuracy": 0.4983, "accuracy_std": 0.00609, "accuracy_max": 0.50243, "precision": 0.50016, "precision_std": 0.00345, "recall": 0.94041, "recall_std": 0.07014, "f1": 0.6523, "f1_std": 0.02029, "auc": 0.4762, "auc_std": 0.00638}
{"epoch": 27, "time_epoch": 62.45265, "time_epoch_std": 15.03639, "eta": 4474.6023, "eta_std": 1048.05144, "eta_hours": 1.24295, "eta_hours_std": 0.29113, "loss": 0.6933, "loss_std": 3e-05, "lr": 0.00083, "lr_std": 0.0, "params": 4143.0, "params_std": 0.0, "time_iter": 0.48413, "time_iter_std": 0.11656, "accuracy": 0.48673, "accuracy_std": 0.01296, "accuracy_max": 0.49611, "precision": 0.48858, "precision_std": 0.0152, "recall": 0.6376, "recall_std": 0.18633, "f1": 0.54365, "f1_std": 0.0774, "auc": 0.47088, "auc_std": 0.01065}
{"epoch": 28, "time_epoch": 60.90095, "time_epoch_std": 12.29581, "eta": 4409.40374, "eta_std": 1027.95967, "eta_hours": 1.22483, "eta_hours_std": 0.28554, "loss": 0.69328, "loss_std": 3e-05, "lr": 0.00082, "lr_std": 0.0, "params": 4143.0, "params_std": 0.0, "time_iter": 0.4721, "time_iter_std": 0.09531, "accuracy": 0.49172, "accuracy_std": 0.00664, "accuracy_max": 0.49854, "precision": 0.49564, "precision_std": 0.00387, "recall": 0.71996, "recall_std": 0.298, "f1": 0.55199, "f1_std": 0.14541, "auc": 0.47508, "auc_std": 0.0129}
{"epoch": 29, "time_epoch": 62.92968, "time_epoch_std": 15.86314, "eta": 4349.22539, "eta_std": 1016.71065, "eta_hours": 1.20812, "eta_hours_std": 0.28242, "loss": 0.69326, "loss_std": 3e-05, "lr": 0.00081, "lr_std": 0.0, "params": 4143.0, "params_std": 0.0, "time_iter": 0.48783, "time_iter_std": 0.12297, "accuracy": 0.49562, "accuracy_std": 0.00546, "accuracy_max": 0.50243, "precision": 0.4963, "precision_std": 0.00592, "recall": 0.71197, "recall_std": 0.28858, "f1": 0.5567, "f1_std": 0.12871, "auc": 0.48619, "auc_std": 0.00258}
{"epoch": 30, "time_epoch": 61.94774, "time_epoch_std": 14.21121, "eta": 4286.68396, "eta_std": 1001.48841, "eta_hours": 1.19074, "eta_hours_std": 0.27819, "loss": 0.69329, "loss_std": 1e-05, "lr": 0.00079, "lr_std": 0.0, "params": 4143.0, "params_std": 0.0, "time_iter": 0.48022, "time_iter_std": 0.11017, "accuracy": 0.49342, "accuracy_std": 0.01155, "accuracy_max": 0.50243, "precision": 0.49677, "precision_std": 0.0073, "recall": 0.82825, "recall_std": 0.17086, "f1": 0.61498, "f1_std": 0.05404, "auc": 0.47845, "auc_std": 0.00896}
{"epoch": 31, "time_epoch": 60.95387, "time_epoch_std": 12.43145, "eta": 4222.06764, "eta_std": 982.54683, "eta_hours": 1.1728, "eta_hours_std": 0.27293, "loss": 0.6933, "loss_std": 6e-05, "lr": 0.00078, "lr_std": 0.0, "params": 4143.0, "params_std": 0.0, "time_iter": 0.47251, "time_iter_std": 0.09637, "accuracy": 0.4888, "accuracy_std": 0.00841, "accuracy_max": 0.49854, "precision": 0.4941, "precision_std": 0.007, "recall": 0.55426, "recall_std": 0.243, "f1": 0.49056, "f1_std": 0.13454, "auc": 0.47898, "auc_std": 0.00887}
{"epoch": 32, "time_epoch": 62.09103, "time_epoch_std": 14.10309, "eta": 4159.98208, "eta_std": 967.39202, "eta_hours": 1.15555, "eta_hours_std": 0.26872, "loss": 0.69328, "loss_std": 1e-05, "lr": 0.00077, "lr_std": 0.0, "params": 4143.0, "params_std": 0.0, "time_iter": 0.48132, "time_iter_std": 0.10933, "accuracy": 0.49708, "accuracy_std": 0.00553, "accuracy_max": 0.50243, "precision": 0.49935, "precision_std": 0.00327, "recall": 0.90552, "recall_std": 0.11282, "f1": 0.64151, "f1_std": 0.03311, "auc": 0.47872, "auc_std": 0.0045}
{"epoch": 33, "time_epoch": 62.24, "time_epoch_std": 14.50513, "eta": 4098.18535, "eta_std": 953.08184, "eta_hours": 1.13838, "eta_hours_std": 0.26475, "loss": 0.69333, "loss_std": 6e-05, "lr": 0.00075, "lr_std": 0.0, "params": 4143.0, "params_std": 0.0, "time_iter": 0.48248, "time_iter_std": 0.11244, "accuracy": 0.4905, "accuracy_std": 0.0072, "accuracy_max": 0.49951, "precision": 0.49385, "precision_std": 0.00654, "recall": 0.78488, "recall_std": 0.21612, "f1": 0.59493, "f1_std": 0.07796, "auc": 0.47494, "auc_std": 0.00534}
{"epoch": 34, "time_epoch": 62.98346, "time_epoch_std": 15.92398, "eta": 4037.744, "eta_std": 941.39342, "eta_hours": 1.1216, "eta_hours_std": 0.2615, "loss": 0.69328, "loss_std": 3e-05, "lr": 0.00074, "lr_std": 0.0, "params": 4143.0, "params_std": 0.0, "time_iter": 0.48824, "time_iter_std": 0.12344, "accuracy": 0.4989, "accuracy_std": 0.00437, "accuracy_max": 0.50243, "precision": 0.50049, "precision_std": 0.00249, "recall": 0.94355, "recall_std": 0.0901, "f1": 0.65273, "f1_std": 0.02532, "auc": 0.47434, "auc_std": 0.00931}
{"epoch": 35, "time_epoch": 62.2565, "time_epoch_std": 14.648, "eta": 3975.86907, "eta_std": 927.20288, "eta_hours": 1.1044, "eta_hours_std": 0.25756, "loss": 0.69329, "loss_std": 5e-05, "lr": 0.00073, "lr_std": 0.0, "params": 4143.0, "params_std": 0.0, "time_iter": 0.48261, "time_iter_std": 0.11355, "accuracy": 0.49829, "accuracy_std": 0.00717, "accuracy_max": 0.50243, "precision": 0.49965, "precision_std": 0.00481, "recall": 0.91449, "recall_std": 0.14811, "f1": 0.64226, "f1_std": 0.04602, "auc": 0.47229, "auc_std": 0.00201}
{"epoch": 36, "time_epoch": 61.86732, "time_epoch_std": 13.97184, "eta": 3913.31084, "eta_std": 911.83702, "eta_hours": 1.08703, "eta_hours_std": 0.25329, "loss": 0.69328, "loss_std": 6e-05, "lr": 0.00071, "lr_std": 0.0, "params": 4143.0, "params_std": 0.0, "time_iter": 0.47959, "time_iter_std": 0.10831, "accuracy": 0.49708, "accuracy_std": 0.00928, "accuracy_max": 0.50243, "precision": 0.49887, "precision_std": 0.00617, "recall": 0.9203, "recall_std": 0.13804, "f1": 0.64382, "f1_std": 0.04333, "auc": 0.47116, "auc_std": 0.01176}
{"epoch": 37, "time_epoch": 61.95752, "time_epoch_std": 14.12865, "eta": 3850.93616, "eta_std": 896.80059, "eta_hours": 1.0697, "eta_hours_std": 0.24911, "loss": 0.69331, "loss_std": 5e-05, "lr": 0.0007, "lr_std": 0.0, "params": 4143.0, "params_std": 0.0, "time_iter": 0.48029, "time_iter_std": 0.10952, "accuracy": 0.48527, "accuracy_std": 0.00571, "accuracy_max": 0.49172, "precision": 0.49012, "precision_std": 0.00613, "recall": 0.65092, "recall_std": 0.13874, "f1": 0.55368, "f1_std": 0.05119, "auc": 0.46956, "auc_std": 0.00714}
{"epoch": 38, "time_epoch": 62.27441, "time_epoch_std": 14.62088, "eta": 3789.0785, "eta_std": 882.58061, "eta_hours": 1.05252, "eta_hours_std": 0.24516, "loss": 0.69328, "loss_std": 5e-05, "lr": 0.00068, "lr_std": 0.0, "params": 4143.0, "params_std": 0.0, "time_iter": 0.48275, "time_iter_std": 0.11334, "accuracy": 0.50085, "accuracy_std": 0.00274, "accuracy_max": 0.50243, "precision": 0.50149, "precision_std": 0.00162, "recall": 0.88711, "recall_std": 0.19553, "f1": 0.63222, "f1_std": 0.06341, "auc": 0.47813, "auc_std": 0.01269}
{"epoch": 39, "time_epoch": 61.23677, "time_epoch_std": 12.67971, "eta": 3725.64355, "eta_std": 865.4281, "eta_hours": 1.0349, "eta_hours_std": 0.24039, "loss": 0.69325, "loss_std": 3e-05, "lr": 0.00067, "lr_std": 0.0, "params": 4143.0, "params_std": 0.0, "time_iter": 0.4747, "time_iter_std": 0.09829, "accuracy": 0.49002, "accuracy_std": 0.00222, "accuracy_max": 0.49367, "precision": 0.494, "precision_std": 0.00142, "recall": 0.64632, "recall_std": 0.22119, "f1": 0.54147, "f1_std": 0.09758, "auc": 0.47553, "auc_std": 0.00793}
{"epoch": 40, "time_epoch": 63.42366, "time_epoch_std": 16.49853, "eta": 3665.46283, "eta_std": 853.98767, "eta_hours": 1.01818, "eta_hours_std": 0.23722, "loss": 0.69336, "loss_std": 0.0001, "lr": 0.00065, "lr_std": 0.0, "params": 4143.0, "params_std": 0.0, "time_iter": 0.49166, "time_iter_std": 0.1279, "accuracy": 0.5, "accuracy_std": 0.00319, "accuracy_max": 0.50243, "precision": 0.50149, "precision_std": 0.00176, "recall": 0.87209, "recall_std": 0.18596, "f1": 0.62867, "f1_std": 0.05933, "auc": 0.4816, "auc_std": 0.00462}
{"epoch": 41, "time_epoch": 62.63028, "time_epoch_std": 15.09982, "eta": 3604.03206, "eta_std": 840.37571, "eta_hours": 1.00112, "eta_hours_std": 0.23344, "loss": 0.69328, "loss_std": 5e-05, "lr": 0.00064, "lr_std": 0.0, "params": 4143.0, "params_std": 0.0, "time_iter": 0.48551, "time_iter_std": 0.11705, "accuracy": 0.49075, "accuracy_std": 0.00587, "accuracy_max": 0.49757, "precision": 0.49384, "precision_std": 0.00596, "recall": 0.53052, "recall_std": 0.1393, "f1": 0.50225, "f1_std": 0.06814, "auc": 0.48189, "auc_std": 0.00409}
{"epoch": 42, "time_epoch": 63.02818, "time_epoch_std": 15.61708, "eta": 3543.07294, "eta_std": 827.37583, "eta_hours": 0.98419, "eta_hours_std": 0.22983, "loss": 0.69327, "loss_std": 3e-05, "lr": 0.00062, "lr_std": 0.0, "params": 4143.0, "params_std": 0.0, "time_iter": 0.48859, "time_iter_std": 0.12107, "accuracy": 0.49732, "accuracy_std": 0.00512, "accuracy_max": 0.50243, "precision": 0.49294, "precision_std": 0.01359, "recall": 0.73716, "recall_std": 0.37801, "f1": 0.52965, "f1_std": 0.21907, "auc": 0.47822, "auc_std": 0.00215}
{"epoch": 43, "time_epoch": 62.52114, "time_epoch_std": 15.03771, "eta": 3481.37445, "eta_std": 813.52507, "eta_hours": 0.96705, "eta_hours_std": 0.22598, "loss": 0.69325, "loss_std": 4e-05, "lr": 0.00061, "lr_std": 0.0, "params": 4143.0, "params_std": 0.0, "time_iter": 0.48466, "time_iter_std": 0.11657, "accuracy": 0.49988, "accuracy_std": 0.00443, "accuracy_max": 0.50243, "precision": 0.50075, "precision_std": 0.00292, "recall": 0.9031, "recall_std": 0.16784, "f1": 0.6386, "f1_std": 0.05236, "auc": 0.47524, "auc_std": 0.00792}
{"epoch": 44, "time_epoch": 61.8549, "time_epoch_std": 13.91397, "eta": 3418.8251, "eta_std": 798.24828, "eta_hours": 0.94967, "eta_hours_std": 0.22174, "loss": 0.69325, "loss_std": 3e-05, "lr": 0.00059, "lr_std": 0.0, "params": 4143.0, "params_std": 0.0, "time_iter": 0.4795, "time_iter_std": 0.10786, "accuracy": 0.49416, "accuracy_std": 0.00834, "accuracy_max": 0.50243, "precision": 0.48298, "precision_std": 0.02914, "recall": 0.73934, "recall_std": 0.38172, "f1": 0.52749, "f1_std": 0.2236, "auc": 0.47275, "auc_std": 0.00869}
{"epoch": 45, "time_epoch": 62.82927, "time_epoch_std": 15.63222, "eta": 3357.44977, "eta_std": 785.04685, "eta_hours": 0.93262, "eta_hours_std": 0.21807, "loss": 0.69323, "loss_std": 1e-05, "lr": 0.00058, "lr_std": 0.0, "params": 4143.0, "params_std": 0.0, "time_iter": 0.48705, "time_iter_std": 0.12118, "accuracy": 0.49635, "accuracy_std": 0.00415, "accuracy_max": 0.50243, "precision": 0.49914, "precision_std": 0.00234, "recall": 0.87379, "recall_std": 0.10326, "f1": 0.63338, "f1_std": 0.02878, "auc": 0.47896, "auc_std": 0.00395}
{"epoch": 46, "time_epoch": 62.63934, "time_epoch_std": 15.29224, "eta": 3295.7984, "eta_std": 771.35933, "eta_hours": 0.9155, "eta_hours_std": 0.21427, "loss": 0.69325, "loss_std": 3e-05, "lr": 0.00056, "lr_std": 0.0, "params": 4143.0, "params_std": 0.0, "time_iter": 0.48558, "time_iter_std": 0.11854, "accuracy": 0.49367, "accuracy_std": 0.00968, "accuracy_max": 0.50243, "precision": 0.49486, "precision_std": 0.00956, "recall": 0.79409, "recall_std": 0.23759, "f1": 0.59604, "f1_std": 0.09021, "auc": 0.47802, "auc_std": 0.00311}
{"epoch": 47, "time_epoch": 61.34875, "time_epoch_std": 12.98751, "eta": 3232.70771, "eta_std": 755.10812, "eta_hours": 0.89798, "eta_hours_std": 0.20975, "loss": 0.69325, "loss_std": 2e-05, "lr": 0.00055, "lr_std": 0.0, "params": 4143.0, "params_std": 0.0, "time_iter": 0.47557, "time_iter_std": 0.10068, "accuracy": 0.50024, "accuracy_std": 0.00379, "accuracy_max": 0.50243, "precision": 0.50106, "precision_std": 0.00238, "recall": 0.90674, "recall_std": 0.16154, "f1": 0.64023, "f1_std": 0.04955, "auc": 0.47728, "auc_std": 0.00399}
{"epoch": 48, "time_epoch": 61.09419, "time_epoch_std": 12.55591, "eta": 3169.42318, "eta_std": 738.53996, "eta_hours": 0.8804, "eta_hours_std": 0.20515, "loss": 0.69325, "loss_std": 3e-05, "lr": 0.00053, "lr_std": 0.0, "params": 4143.0, "params_std": 0.0, "time_iter": 0.4736, "time_iter_std": 0.09733, "accuracy": 0.50012, "accuracy_std": 0.00237, "accuracy_max": 0.50243, "precision": 0.50129, "precision_std": 0.00118, "recall": 0.9736, "recall_std": 0.03326, "f1": 0.66166, "f1_std": 0.00852, "auc": 0.48234, "auc_std": 0.00274}
{"epoch": 49, "time_epoch": 63.21716, "time_epoch_std": 16.30975, "eta": 3108.34924, "eta_std": 725.88642, "eta_hours": 0.86343, "eta_hours_std": 0.20164, "loss": 0.69325, "loss_std": 1e-05, "lr": 0.00052, "lr_std": 0.0, "params": 4143.0, "params_std": 0.0, "time_iter": 0.49005, "time_iter_std": 0.12643, "accuracy": 0.48759, "accuracy_std": 0.01076, "accuracy_max": 0.50243, "precision": 0.49111, "precision_std": 0.00914, "recall": 0.6967, "recall_std": 0.18414, "f1": 0.56828, "f1_std": 0.06352, "auc": 0.4732, "auc_std": 0.00899}
{"epoch": 50, "time_epoch": 61.71583, "time_epoch_std": 13.56644, "eta": 3045.74878, "eta_std": 710.45457, "eta_hours": 0.84604, "eta_hours_std": 0.19735, "loss": 0.69324, "loss_std": 3e-05, "lr": 0.0005, "lr_std": 0.0, "params": 4143.0, "params_std": 0.0, "time_iter": 0.47842, "time_iter_std": 0.10517, "accuracy": 0.49635, "accuracy_std": 0.00426, "accuracy_max": 0.50243, "precision": 0.49834, "precision_std": 0.00356, "recall": 0.78585, "recall_std": 0.2006, "f1": 0.59938, "f1_std": 0.07361, "auc": 0.48306, "auc_std": 0.00434}
{"epoch": 51, "time_epoch": 62.18671, "time_epoch_std": 14.47353, "eta": 2983.61702, "eta_std": 695.93177, "eta_hours": 0.82878, "eta_hours_std": 0.19331, "loss": 0.69326, "loss_std": 5e-05, "lr": 0.00048, "lr_std": 0.0, "params": 4143.0, "params_std": 0.0, "time_iter": 0.48207, "time_iter_std": 0.1122, "accuracy": 0.5, "accuracy_std": 0.00421, "accuracy_max": 0.50243, "precision": 0.50714, "precision_std": 0.01201, "recall": 0.68168, "recall_std": 0.37131, "f1": 0.5131, "f1_std": 0.20999, "auc": 0.48075, "auc_std": 0.00753}
{"epoch": 52, "time_epoch": 61.86001, "time_epoch_std": 13.97964, "eta": 2921.19346, "eta_std": 680.97296, "eta_hours": 0.81144, "eta_hours_std": 0.18916, "loss": 0.69323, "loss_std": 2e-05, "lr": 0.00047, "lr_std": 0.0, "params": 4143.0, "params_std": 0.0, "time_iter": 0.47954, "time_iter_std": 0.10837, "accuracy": 0.4961, "accuracy_std": 0.00795, "accuracy_max": 0.50243, "precision": 0.49824, "precision_std": 0.00568, "recall": 0.89486, "recall_std": 0.15742, "f1": 0.63544, "f1_std": 0.0507, "auc": 0.47855, "auc_std": 0.00573}
{"epoch": 53, "time_epoch": 61.7363, "time_epoch_std": 13.72653, "eta": 2858.6854, "eta_std": 665.83468, "eta_hours": 0.79408, "eta_hours_std": 0.18495, "loss": 0.69325, "loss_std": 1e-05, "lr": 0.00045, "lr_std": 0.0, "params": 4143.0, "params_std": 0.0, "time_iter": 0.47858, "time_iter_std": 0.10641, "accuracy": 0.49622, "accuracy_std": 0.00841, "accuracy_max": 0.50243, "precision": 0.49553, "precision_std": 0.01076, "recall": 0.78343, "recall_std": 0.27783, "f1": 0.58516, "f1_std": 0.11813, "auc": 0.47692, "auc_std": 0.00553}
{"epoch": 54, "time_epoch": 61.20415, "time_epoch_std": 12.78701, "eta": 2795.77, "eta_std": 649.97902, "eta_hours": 0.7766, "eta_hours_std": 0.18055, "loss": 0.69327, "loss_std": 4e-05, "lr": 0.00044, "lr_std": 0.0, "params": 4143.0, "params_std": 0.0, "time_iter": 0.47445, "time_iter_std": 0.09913, "accuracy": 0.49342, "accuracy_std": 0.01038, "accuracy_max": 0.50243, "precision": 0.49719, "precision_std": 0.00601, "recall": 0.88857, "recall_std": 0.11413, "f1": 0.63546, "f1_std": 0.03378, "auc": 0.47518, "auc_std": 0.01096}
{"epoch": 55, "time_epoch": 59.68242, "time_epoch_std": 10.16455, "eta": 2731.72008, "eta_std": 632.17023, "eta_hours": 0.75881, "eta_hours_std": 0.1756, "loss": 0.69323, "loss_std": 3e-05, "lr": 0.00042, "lr_std": 0.0, "params": 4143.0, "params_std": 0.0, "time_iter": 0.46266, "time_iter_std": 0.0788, "accuracy": 0.50243, "accuracy_std": 0.0, "accuracy_max": 0.50243, "precision": 0.50243, "precision_std": 0.0, "recall": 1.0, "recall_std": 0.0, "f1": 0.66883, "f1_std": 0.0, "auc": 0.47893, "auc_std": 0.00303}
{"epoch": 56, "time_epoch": 59.824, "time_epoch_std": 10.36595, "eta": 2667.93021, "eta_std": 614.7817, "eta_hours": 0.74109, "eta_hours_std": 0.17077, "loss": 0.69324, "loss_std": 3e-05, "lr": 0.00041, "lr_std": 0.0, "params": 4143.0, "params_std": 0.0, "time_iter": 0.46375, "time_iter_std": 0.08036, "accuracy": 0.49927, "accuracy_std": 0.00548, "accuracy_max": 0.50243, "precision": 0.50052, "precision_std": 0.0033, "recall": 0.93484, "recall_std": 0.11287, "f1": 0.64983, "f1_std": 0.0329, "auc": 0.47205, "auc_std": 0.00319}
{"epoch": 57, "time_epoch": 59.90408, "time_epoch_std": 10.43668, "eta": 2604.33508, "eta_std": 597.68712, "eta_hours": 0.72343, "eta_hours_std": 0.16603, "loss": 0.69322, "loss_std": 3e-05, "lr": 0.00039, "lr_std": 0.0, "params": 4143.0, "params_std": 0.0, "time_iter": 0.46437, "time_iter_std": 0.08091, "accuracy": 0.50243, "accuracy_std": 0.0, "accuracy_max": 0.50243, "precision": 0.50243, "precision_std": 0.0, "recall": 1.0, "recall_std": 0.0, "f1": 0.66883, "f1_std": 0.0, "auc": 0.4705, "auc_std": 0.01418}
{"epoch": 58, "time_epoch": 59.06364, "time_epoch_std": 9.00815, "eta": 2540.28104, "eta_std": 579.82218, "eta_hours": 0.70563, "eta_hours_std": 0.16106, "loss": 0.69321, "loss_std": 1e-05, "lr": 0.00038, "lr_std": 0.0, "params": 4143.0, "params_std": 0.0, "time_iter": 0.45786, "time_iter_std": 0.06983, "accuracy": 0.50048, "accuracy_std": 0.00337, "accuracy_max": 0.50243, "precision": 0.50143, "precision_std": 0.00173, "recall": 0.98062, "recall_std": 0.03357, "f1": 0.66342, "f1_std": 0.00937, "auc": 0.476, "auc_std": 0.0057}
{"epoch": 59, "time_epoch": 58.78103, "time_epoch_std": 8.64186, "eta": 2476.20493, "eta_std": 562.00392, "eta_hours": 0.68784, "eta_hours_std": 0.15611, "loss": 0.69323, "loss_std": 3e-05, "lr": 0.00036, "lr_std": 0.0, "params": 4143.0, "params_std": 0.0, "time_iter": 0.45567, "time_iter_std": 0.06699, "accuracy": 0.50048, "accuracy_std": 0.00337, "accuracy_max": 0.50243, "precision": 0.5014, "precision_std": 0.00178, "recall": 0.96706, "recall_std": 0.05706, "f1": 0.65993, "f1_std": 0.01542, "auc": 0.46858, "auc_std": 0.00486}
{"epoch": 60, "time_epoch": 58.51335, "time_epoch_std": 8.0445, "eta": 2412.1313, "eta_std": 544.10567, "eta_hours": 0.67004, "eta_hours_std": 0.15114, "loss": 0.69322, "loss_std": 2e-05, "lr": 0.00035, "lr_std": 0.0, "params": 4143.0, "params_std": 0.0, "time_iter": 0.45359, "time_iter_std": 0.06236, "accuracy": 0.49659, "accuracy_std": 0.01012, "accuracy_max": 0.50243, "precision": 0.49754, "precision_std": 0.00847, "recall": 0.87984, "recall_std": 0.20811, "f1": 0.62674, "f1_std": 0.0729, "auc": 0.4734, "auc_std": 0.00523}
{"epoch": 61, "time_epoch": 55.95621, "time_epoch_std": 3.76848, "eta": 2346.66975, "eta_std": 523.8601, "eta_hours": 0.65185, "eta_hours_std": 0.14551, "loss": 0.6932, "loss_std": 2e-05, "lr": 0.00033, "lr_std": 0.0, "params": 4143.0, "params_std": 0.0, "time_iter": 0.43377, "time_iter_std": 0.02921, "accuracy": 0.50243, "accuracy_std": 0.0, "accuracy_max": 0.50243, "precision": 0.50243, "precision_std": 0.0, "recall": 1.0, "recall_std": 0.0, "f1": 0.66883, "f1_std": 0.0, "auc": 0.4722, "auc_std": 0.00503}
{"epoch": 62, "time_epoch": 56.46589, "time_epoch_std": 4.67572, "eta": 2281.80929, "eta_std": 504.69552, "eta_hours": 0.63384, "eta_hours_std": 0.14019, "loss": 0.69321, "loss_std": 3e-05, "lr": 0.00032, "lr_std": 0.0, "params": 4143.0, "params_std": 0.0, "time_iter": 0.43772, "time_iter_std": 0.03624, "accuracy": 0.49951, "accuracy_std": 0.00506, "accuracy_max": 0.50243, "precision": 0.50078, "precision_std": 0.00287, "recall": 0.95058, "recall_std": 0.08559, "f1": 0.65484, "f1_std": 0.02423, "auc": 0.47358, "auc_std": 0.00537}
{"epoch": 63, "time_epoch": 56.9871, "time_epoch_std": 5.47488, "eta": 2217.50434, "eta_std": 486.44504, "eta_hours": 0.61597, "eta_hours_std": 0.13512, "loss": 0.69318, "loss_std": 1e-05, "lr": 0.0003, "lr_std": 0.0, "params": 4143.0, "params_std": 0.0, "time_iter": 0.44176, "time_iter_std": 0.04244, "accuracy": 0.50243, "accuracy_std": 0.0, "accuracy_max": 0.50243, "precision": 0.50243, "precision_std": 0.0, "recall": 1.0, "recall_std": 0.0, "f1": 0.66883, "f1_std": 0.0, "auc": 0.47581, "auc_std": 0.00874}
{"epoch": 64, "time_epoch": 56.48276, "time_epoch_std": 4.65042, "eta": 2153.153, "eta_std": 468.13015, "eta_hours": 0.5981, "eta_hours_std": 0.13004, "loss": 0.69318, "loss_std": 1e-05, "lr": 0.00029, "lr_std": 0.0, "params": 4143.0, "params_std": 0.0, "time_iter": 0.43785, "time_iter_std": 0.03605, "accuracy": 0.50243, "accuracy_std": 0.0, "accuracy_max": 0.50243, "precision": 0.50243, "precision_std": 0.0, "recall": 1.0, "recall_std": 0.0, "f1": 0.66883, "f1_std": 0.0, "auc": 0.47156, "auc_std": 0.00391}
{"epoch": 65, "time_epoch": 55.888, "time_epoch_std": 3.85035, "eta": 2088.73369, "eta_std": 449.80022, "eta_hours": 0.5802, "eta_hours_std": 0.12494, "loss": 0.69319, "loss_std": 1e-05, "lr": 0.00027, "lr_std": 0.0, "params": 4143.0, "params_std": 0.0, "time_iter": 0.43324, "time_iter_std": 0.02985, "accuracy": 0.50243, "accuracy_std": 0.0, "accuracy_max": 0.50243, "precision": 0.50243, "precision_std": 0.0, "recall": 1.0, "recall_std": 0.0, "f1": 0.66883, "f1_std": 0.0, "auc": 0.47598, "auc_std": 0.00514}
{"epoch": 66, "time_epoch": 55.93229, "time_epoch_std": 3.76127, "eta": 2024.59087, "eta_std": 431.85861, "eta_hours": 0.56239, "eta_hours_std": 0.11996, "loss": 0.69322, "loss_std": 5e-05, "lr": 0.00026, "lr_std": 0.0, "params": 4143.0, "params_std": 0.0, "time_iter": 0.43358, "time_iter_std": 0.02916, "accuracy": 0.50024, "accuracy_std": 0.00379, "accuracy_max": 0.50243, "precision": 0.50119, "precision_std": 0.00215, "recall": 0.93968, "recall_std": 0.10448, "f1": 0.65185, "f1_std": 0.02941, "auc": 0.47494, "auc_std": 0.00455}
{"epoch": 67, "time_epoch": 56.55273, "time_epoch_std": 4.98874, "eta": 1960.98151, "eta_std": 414.9353, "eta_hours": 0.54472, "eta_hours_std": 0.11526, "loss": 0.6932, "loss_std": 0.0, "lr": 0.00025, "lr_std": 0.0, "params": 4143.0, "params_std": 0.0, "time_iter": 0.43839, "time_iter_std": 0.03867, "accuracy": 0.50243, "accuracy_std": 0.0, "accuracy_max": 0.50243, "precision": 0.50243, "precision_std": 0.0, "recall": 1.0, "recall_std": 0.0, "f1": 0.66883, "f1_std": 0.0, "auc": 0.47282, "auc_std": 0.00672}
{"epoch": 68, "time_epoch": 56.52917, "time_epoch_std": 4.85362, "eta": 1897.56611, "eta_std": 398.29793, "eta_hours": 0.5271, "eta_hours_std": 0.11064, "loss": 0.69318, "loss_std": 1e-05, "lr": 0.00023, "lr_std": 0.0, "params": 4143.0, "params_std": 0.0, "time_iter": 0.43821, "time_iter_std": 0.03762, "accuracy": 0.49708, "accuracy_std": 0.0054, "accuracy_max": 0.50243, "precision": 0.4992, "precision_std": 0.00323, "recall": 0.86482, "recall_std": 0.18252, "f1": 0.6256, "f1_std": 0.05967, "auc": 0.47805, "auc_std": 0.00858}
{"epoch": 69, "time_epoch": 55.85971, "time_epoch_std": 3.7518, "eta": 1834.06054, "eta_std": 381.50259, "eta_hours": 0.50946, "eta_hours_std": 0.10597, "loss": 0.6932, "loss_std": 4e-05, "lr": 0.00022, "lr_std": 0.0, "params": 4143.0, "params_std": 0.0, "time_iter": 0.43302, "time_iter_std": 0.02908, "accuracy": 0.50243, "accuracy_std": 0.0, "accuracy_max": 0.50243, "precision": 0.50243, "precision_std": 0.0, "recall": 1.0, "recall_std": 0.0, "f1": 0.66883, "f1_std": 0.0, "auc": 0.47213, "auc_std": 0.00205}
{"epoch": 70, "time_epoch": 55.94488, "time_epoch_std": 3.89128, "eta": 1770.80514, "eta_std": 365.13788, "eta_hours": 0.49189, "eta_hours_std": 0.10143, "loss": 0.69318, "loss_std": 1e-05, "lr": 0.00021, "lr_std": 0.0, "params": 4143.0, "params_std": 0.0, "time_iter": 0.43368, "time_iter_std": 0.03016, "accuracy": 0.50048, "accuracy_std": 0.00337, "accuracy_max": 0.50243, "precision": 0.50139, "precision_std": 0.0018, "recall": 0.9593, "recall_std": 0.07049, "f1": 0.6578, "f1_std": 0.0191, "auc": 0.47328, "auc_std": 0.00636}
{"epoch": 71, "time_epoch": 56.33204, "time_epoch_std": 4.42208, "eta": 1707.90337, "eta_std": 349.34172, "eta_hours": 0.47442, "eta_hours_std": 0.09704, "loss": 0.69319, "loss_std": 2e-05, "lr": 0.00019, "lr_std": 0.0, "params": 4143.0, "params_std": 0.0, "time_iter": 0.43668, "time_iter_std": 0.03428, "accuracy": 0.50243, "accuracy_std": 0.0, "accuracy_max": 0.50243, "precision": 0.50243, "precision_std": 0.0, "recall": 1.0, "recall_std": 0.0, "f1": 0.66883, "f1_std": 0.0, "auc": 0.47116, "auc_std": 0.00699}
{"epoch": 72, "time_epoch": 56.70484, "time_epoch_std": 5.08857, "eta": 1645.31948, "eta_std": 334.11452, "eta_hours": 0.45703, "eta_hours_std": 0.09281, "loss": 0.69318, "loss_std": 1e-05, "lr": 0.00018, "lr_std": 0.0, "params": 4143.0, "params_std": 0.0, "time_iter": 0.43957, "time_iter_std": 0.03945, "accuracy": 0.50243, "accuracy_std": 0.0, "accuracy_max": 0.50243, "precision": 0.50243, "precision_std": 0.0, "recall": 1.0, "recall_std": 0.0, "f1": 0.66883, "f1_std": 0.0, "auc": 0.47596, "auc_std": 0.00267}
{"epoch": 73, "time_epoch": 56.72862, "time_epoch_std": 5.18834, "eta": 1582.90283, "eta_std": 319.19628, "eta_hours": 0.4397, "eta_hours_std": 0.08867, "loss": 0.69318, "loss_std": 2e-05, "lr": 0.00017, "lr_std": 0.0, "params": 4143.0, "params_std": 0.0, "time_iter": 0.43976, "time_iter_std": 0.04022, "accuracy": 0.50243, "accuracy_std": 0.0, "accuracy_max": 0.50243, "precision": 0.50243, "precision_std": 0.0, "recall": 1.0, "recall_std": 0.0, "f1": 0.66883, "f1_std": 0.0, "auc": 0.47729, "auc_std": 0.00524}
{"epoch": 74, "time_epoch": 55.97266, "time_epoch_std": 3.92402, "eta": 1520.38588, "eta_std": 304.10288, "eta_hours": 0.42233, "eta_hours_std": 0.08447, "loss": 0.69317, "loss_std": 1e-05, "lr": 0.00016, "lr_std": 0.0, "params": 4143.0, "params_std": 0.0, "time_iter": 0.4339, "time_iter_std": 0.03042, "accuracy": 0.50243, "accuracy_std": 0.0, "accuracy_max": 0.50243, "precision": 0.50243, "precision_std": 0.0, "recall": 1.0, "recall_std": 0.0, "f1": 0.66883, "f1_std": 0.0, "auc": 0.47125, "auc_std": 0.00547}
{"epoch": 75, "time_epoch": 56.02456, "time_epoch_std": 3.95404, "eta": 1458.05754, "eta_std": 289.3151, "eta_hours": 0.40502, "eta_hours_std": 0.08037, "loss": 0.69317, "loss_std": 2e-05, "lr": 0.00015, "lr_std": 0.0, "params": 4143.0, "params_std": 0.0, "time_iter": 0.4343, "time_iter_std": 0.03065, "accuracy": 0.50243, "accuracy_std": 0.0, "accuracy_max": 0.50243, "precision": 0.50243, "precision_std": 0.0, "recall": 1.0, "recall_std": 0.0, "f1": 0.66883, "f1_std": 0.0, "auc": 0.47723, "auc_std": 0.00606}
{"epoch": 76, "time_epoch": 56.8091, "time_epoch_std": 5.22543, "eta": 1396.12727, "eta_std": 275.20534, "eta_hours": 0.38782, "eta_hours_std": 0.07645, "loss": 0.69317, "loss_std": 1e-05, "lr": 0.00014, "lr_std": 0.0, "params": 4143.0, "params_std": 0.0, "time_iter": 0.44038, "time_iter_std": 0.04051, "accuracy": 0.50243, "accuracy_std": 0.0, "accuracy_max": 0.50243, "precision": 0.50243, "precision_std": 0.0, "recall": 1.0, "recall_std": 0.0, "f1": 0.66883, "f1_std": 0.0, "auc": 0.47606, "auc_std": 0.00523}
{"epoch": 77, "time_epoch": 56.75022, "time_epoch_std": 5.17422, "eta": 1334.31171, "eta_std": 261.30844, "eta_hours": 0.37064, "eta_hours_std": 0.07259, "loss": 0.69317, "loss_std": 1e-05, "lr": 0.00012, "lr_std": 0.0, "params": 4143.0, "params_std": 0.0, "time_iter": 0.43992, "time_iter_std": 0.04011, "accuracy": 0.50243, "accuracy_std": 0.0, "accuracy_max": 0.50243, "precision": 0.50243, "precision_std": 0.0, "recall": 1.0, "recall_std": 0.0, "f1": 0.66883, "f1_std": 0.0, "auc": 0.47476, "auc_std": 0.006}
{"epoch": 78, "time_epoch": 56.10917, "time_epoch_std": 4.01298, "eta": 1272.45398, "eta_std": 247.31578, "eta_hours": 0.35346, "eta_hours_std": 0.0687, "loss": 0.69316, "loss_std": 1e-05, "lr": 0.00011, "lr_std": 0.0, "params": 4143.0, "params_std": 0.0, "time_iter": 0.43496, "time_iter_std": 0.03111, "accuracy": 0.50243, "accuracy_std": 0.0, "accuracy_max": 0.50243, "precision": 0.50243, "precision_std": 0.0, "recall": 1.0, "recall_std": 0.0, "f1": 0.66883, "f1_std": 0.0, "auc": 0.47617, "auc_std": 0.00451}
{"epoch": 79, "time_epoch": 55.88535, "time_epoch_std": 3.87893, "eta": 1210.68401, "eta_std": 233.54223, "eta_hours": 0.3363, "eta_hours_std": 0.06487, "loss": 0.69316, "loss_std": 0.0, "lr": 0.0001, "lr_std": 0.0, "params": 4143.0, "params_std": 0.0, "time_iter": 0.43322, "time_iter_std": 0.03007, "accuracy": 0.50243, "accuracy_std": 0.0, "accuracy_max": 0.50243, "precision": 0.50243, "precision_std": 0.0, "recall": 1.0, "recall_std": 0.0, "f1": 0.66883, "f1_std": 0.0, "auc": 0.47365, "auc_std": 0.00416}
{"epoch": 80, "time_epoch": 56.16996, "time_epoch_std": 4.18953, "eta": 1149.1261, "eta_std": 220.08827, "eta_hours": 0.3192, "eta_hours_std": 0.06113, "loss": 0.69315, "loss_std": 0.0, "lr": 0.0001, "lr_std": 0.0, "params": 4143.0, "params_std": 0.0, "time_iter": 0.43542, "time_iter_std": 0.03248, "accuracy": 0.50243, "accuracy_std": 0.0, "accuracy_max": 0.50243, "precision": 0.50243, "precision_std": 0.0, "recall": 1.0, "recall_std": 0.0, "f1": 0.66883, "f1_std": 0.0, "auc": 0.47674, "auc_std": 0.00518}
{"epoch": 81, "time_epoch": 56.79583, "time_epoch_std": 5.29073, "eta": 1087.83699, "eta_std": 207.11309, "eta_hours": 0.30218, "eta_hours_std": 0.05753, "loss": 0.69316, "loss_std": 1e-05, "lr": 9e-05, "lr_std": 0.0, "params": 4143.0, "params_std": 0.0, "time_iter": 0.44028, "time_iter_std": 0.04101, "accuracy": 0.50243, "accuracy_std": 0.0, "accuracy_max": 0.50243, "precision": 0.50243, "precision_std": 0.0, "recall": 1.0, "recall_std": 0.0, "f1": 0.66883, "f1_std": 0.0, "auc": 0.47391, "auc_std": 0.00367}
{"epoch": 82, "time_epoch": 56.68974, "time_epoch_std": 5.11459, "eta": 1026.63442, "eta_std": 194.28786, "eta_hours": 0.28518, "eta_hours_std": 0.05397, "loss": 0.69315, "loss_std": 0.0, "lr": 8e-05, "lr_std": 0.0, "params": 4143.0, "params_std": 0.0, "time_iter": 0.43946, "time_iter_std": 0.03965, "accuracy": 0.50243, "accuracy_std": 0.0, "accuracy_max": 0.50243, "precision": 0.50243, "precision_std": 0.0, "recall": 1.0, "recall_std": 0.0, "f1": 0.66883, "f1_std": 0.0, "auc": 0.47281, "auc_std": 0.00644}
{"epoch": 83, "time_epoch": 56.01903, "time_epoch_std": 3.94745, "eta": 965.41154, "eta_std": 181.41726, "eta_hours": 0.26817, "eta_hours_std": 0.05039, "loss": 0.69315, "loss_std": 0.0, "lr": 7e-05, "lr_std": 0.0, "params": 4143.0, "params_std": 0.0, "time_iter": 0.43426, "time_iter_std": 0.0306, "accuracy": 0.50243, "accuracy_std": 0.0, "accuracy_max": 0.50243, "precision": 0.50243, "precision_std": 0.0, "recall": 1.0, "recall_std": 0.0, "f1": 0.66883, "f1_std": 0.0, "auc": 0.47047, "auc_std": 0.00166}
{"epoch": 84, "time_epoch": 56.01377, "time_epoch_std": 3.92081, "eta": 904.31018, "eta_std": 168.75388, "eta_hours": 0.2512, "eta_hours_std": 0.04688, "loss": 0.69315, "loss_std": 0.0, "lr": 6e-05, "lr_std": 0.0, "params": 4143.0, "params_std": 0.0, "time_iter": 0.43422, "time_iter_std": 0.03039, "accuracy": 0.50243, "accuracy_std": 0.0, "accuracy_max": 0.50243, "precision": 0.50243, "precision_std": 0.0, "recall": 1.0, "recall_std": 0.0, "f1": 0.66883, "f1_std": 0.0, "auc": 0.47808, "auc_std": 0.00271}
{"epoch": 85, "time_epoch": 56.69509, "time_epoch_std": 4.99961, "eta": 843.43806, "eta_std": 156.47927, "eta_hours": 0.23429, "eta_hours_std": 0.04347, "loss": 0.69315, "loss_std": 0.0, "lr": 5e-05, "lr_std": 0.0, "params": 4143.0, "params_std": 0.0, "time_iter": 0.4395, "time_iter_std": 0.03876, "accuracy": 0.50243, "accuracy_std": 0.0, "accuracy_max": 0.50243, "precision": 0.50243, "precision_std": 0.0, "recall": 1.0, "recall_std": 0.0, "f1": 0.66883, "f1_std": 0.0, "auc": 0.46832, "auc_std": 0.00456}
{"epoch": 86, "time_epoch": 56.71647, "time_epoch_std": 5.00506, "eta": 782.66514, "eta_std": 144.37336, "eta_hours": 0.21741, "eta_hours_std": 0.0401, "loss": 0.69315, "loss_std": 0.0, "lr": 5e-05, "lr_std": 0.0, "params": 4143.0, "params_std": 0.0, "time_iter": 0.43966, "time_iter_std": 0.0388, "accuracy": 0.50243, "accuracy_std": 0.0, "accuracy_max": 0.50243, "precision": 0.50243, "precision_std": 0.0, "recall": 1.0, "recall_std": 0.0, "f1": 0.66883, "f1_std": 0.0, "auc": 0.47301, "auc_std": 0.00871}
{"epoch": 87, "time_epoch": 56.124, "time_epoch_std": 4.20608, "eta": 721.90362, "eta_std": 132.31738, "eta_hours": 0.20053, "eta_hours_std": 0.03676, "loss": 0.69314, "loss_std": 0.0, "lr": 4e-05, "lr_std": 0.0, "params": 4143.0, "params_std": 0.0, "time_iter": 0.43507, "time_iter_std": 0.03261, "accuracy": 0.50243, "accuracy_std": 0.0, "accuracy_max": 0.50243, "precision": 0.50243, "precision_std": 0.0, "recall": 1.0, "recall_std": 0.0, "f1": 0.66883, "f1_std": 0.0, "auc": 0.48026, "auc_std": 0.00459}
{"epoch": 88, "time_epoch": 55.89957, "time_epoch_std": 3.78203, "eta": 661.21859, "eta_std": 120.38487, "eta_hours": 0.18367, "eta_hours_std": 0.03344, "loss": 0.69314, "loss_std": 0.0, "lr": 4e-05, "lr_std": 0.0, "params": 4143.0, "params_std": 0.0, "time_iter": 0.43333, "time_iter_std": 0.02932, "accuracy": 0.50243, "accuracy_std": 0.0, "accuracy_max": 0.50243, "precision": 0.50243, "precision_std": 0.0, "recall": 1.0, "recall_std": 0.0, "f1": 0.66883, "f1_std": 0.0, "auc": 0.46609, "auc_std": 0.00601}
{"epoch": 89, "time_epoch": 55.89735, "time_epoch_std": 3.80274, "eta": 600.63965, "eta_std": 108.63754, "eta_hours": 0.16685, "eta_hours_std": 0.03018, "loss": 0.69314, "loss_std": 0.0, "lr": 3e-05, "lr_std": 0.0, "params": 4143.0, "params_std": 0.0, "time_iter": 0.43331, "time_iter_std": 0.02948, "accuracy": 0.50243, "accuracy_std": 0.0, "accuracy_max": 0.50243, "precision": 0.50243, "precision_std": 0.0, "recall": 1.0, "recall_std": 0.0, "f1": 0.66883, "f1_std": 0.0, "auc": 0.47506, "auc_std": 0.00132}
{"epoch": 90, "time_epoch": 56.71024, "time_epoch_std": 5.03282, "eta": 540.244, "eta_std": 97.19184, "eta_hours": 0.15007, "eta_hours_std": 0.027, "loss": 0.69314, "loss_std": 0.0, "lr": 2e-05, "lr_std": 0.0, "params": 4143.0, "params_std": 0.0, "time_iter": 0.43962, "time_iter_std": 0.03901, "accuracy": 0.50243, "accuracy_std": 0.0, "accuracy_max": 0.50243, "precision": 0.50243, "precision_std": 0.0, "recall": 1.0, "recall_std": 0.0, "f1": 0.66883, "f1_std": 0.0, "auc": 0.47139, "auc_std": 0.00544}
{"epoch": 91, "time_epoch": 56.44252, "time_epoch_std": 4.59602, "eta": 479.90518, "eta_std": 85.84931, "eta_hours": 0.13331, "eta_hours_std": 0.02385, "loss": 0.69314, "loss_std": 0.0, "lr": 2e-05, "lr_std": 0.0, "params": 4143.0, "params_std": 0.0, "time_iter": 0.43754, "time_iter_std": 0.03563, "accuracy": 0.50243, "accuracy_std": 0.0, "accuracy_max": 0.50243, "precision": 0.50243, "precision_std": 0.0, "recall": 1.0, "recall_std": 0.0, "f1": 0.66883, "f1_std": 0.0, "auc": 0.47032, "auc_std": 0.00533}
{"epoch": 92, "time_epoch": 55.69218, "time_epoch_std": 3.31324, "eta": 419.59368, "eta_std": 74.55231, "eta_hours": 0.11656, "eta_hours_std": 0.02071, "loss": 0.69314, "loss_std": 0.0, "lr": 2e-05, "lr_std": 0.0, "params": 4143.0, "params_std": 0.0, "time_iter": 0.43172, "time_iter_std": 0.02568, "accuracy": 0.50243, "accuracy_std": 0.0, "accuracy_max": 0.50243, "precision": 0.50243, "precision_std": 0.0, "recall": 1.0, "recall_std": 0.0, "f1": 0.66883, "f1_std": 0.0, "auc": 0.47656, "auc_std": 0.00413}
{"epoch": 93, "time_epoch": 56.08228, "time_epoch_std": 4.11114, "eta": 359.40536, "eta_std": 63.47978, "eta_hours": 0.09984, "eta_hours_std": 0.01763, "loss": 0.69314, "loss_std": 0.0, "lr": 1e-05, "lr_std": 0.0, "params": 4143.0, "params_std": 0.0, "time_iter": 0.43475, "time_iter_std": 0.03187, "accuracy": 0.50243, "accuracy_std": 0.0, "accuracy_max": 0.50243, "precision": 0.50243, "precision_std": 0.0, "recall": 1.0, "recall_std": 0.0, "f1": 0.66883, "f1_std": 0.0, "auc": 0.47168, "auc_std": 0.00618}
{"epoch": 94, "time_epoch": 56.25384, "time_epoch_std": 4.23224, "eta": 299.31252, "eta_std": 52.56226, "eta_hours": 0.08314, "eta_hours_std": 0.0146, "loss": 0.69314, "loss_std": 0.0, "lr": 1e-05, "lr_std": 0.0, "params": 4143.0, "params_std": 0.0, "time_iter": 0.43608, "time_iter_std": 0.03281, "accuracy": 0.50243, "accuracy_std": 0.0, "accuracy_max": 0.50243, "precision": 0.50243, "precision_std": 0.0, "recall": 1.0, "recall_std": 0.0, "f1": 0.66883, "f1_std": 0.0, "auc": 0.4732, "auc_std": 0.00329}
{"epoch": 95, "time_epoch": 56.34794, "time_epoch_std": 4.49304, "eta": 239.30358, "eta_std": 41.79658, "eta_hours": 0.06647, "eta_hours_std": 0.01161, "loss": 0.69314, "loss_std": 0.0, "lr": 1e-05, "lr_std": 0.0, "params": 4143.0, "params_std": 0.0, "time_iter": 0.4368, "time_iter_std": 0.03483, "accuracy": 0.50243, "accuracy_std": 0.0, "accuracy_max": 0.50243, "precision": 0.50243, "precision_std": 0.0, "recall": 1.0, "recall_std": 0.0, "f1": 0.66883, "f1_std": 0.0, "auc": 0.47682, "auc_std": 0.0049}
{"epoch": 96, "time_epoch": 56.13234, "time_epoch_std": 4.12565, "eta": 179.36345, "eta_std": 31.14974, "eta_hours": 0.04982, "eta_hours_std": 0.00865, "loss": 0.69314, "loss_std": 0.0, "lr": 0.0, "lr_std": 0.0, "params": 4143.0, "params_std": 0.0, "time_iter": 0.43514, "time_iter_std": 0.03198, "accuracy": 0.50243, "accuracy_std": 0.0, "accuracy_max": 0.50243, "precision": 0.50243, "precision_std": 0.0, "recall": 1.0, "recall_std": 0.0, "f1": 0.66883, "f1_std": 0.0, "auc": 0.47995, "auc_std": 0.00483}
{"epoch": 97, "time_epoch": 55.63216, "time_epoch_std": 3.26984, "eta": 119.49082, "eta_std": 20.61934, "eta_hours": 0.03319, "eta_hours_std": 0.00573, "loss": 0.69314, "loss_std": 0.0, "lr": 0.0, "lr_std": 0.0, "params": 4143.0, "params_std": 0.0, "time_iter": 0.43126, "time_iter_std": 0.02535, "accuracy": 0.50243, "accuracy_std": 0.0, "accuracy_max": 0.50243, "precision": 0.50243, "precision_std": 0.0, "recall": 1.0, "recall_std": 0.0, "f1": 0.66883, "f1_std": 0.0, "auc": 0.4793, "auc_std": 0.00422}
{"epoch": 98, "time_epoch": 55.60128, "time_epoch_std": 3.345, "eta": 59.70355, "eta_std": 10.23808, "eta_hours": 0.01658, "eta_hours_std": 0.00285, "loss": 0.69314, "loss_std": 0.0, "lr": 0.0, "lr_std": 0.0, "params": 4143.0, "params_std": 0.0, "time_iter": 0.43102, "time_iter_std": 0.02593, "accuracy": 0.50243, "accuracy_std": 0.0, "accuracy_max": 0.50243, "precision": 0.50243, "precision_std": 0.0, "recall": 1.0, "recall_std": 0.0, "f1": 0.66883, "f1_std": 0.0, "auc": 0.47727, "auc_std": 0.01014}
{"epoch": 99, "time_epoch": 56.44232, "time_epoch_std": 4.68493, "eta": 0.0, "eta_std": 0.0, "eta_hours": 0.0, "eta_hours_std": 0.0, "loss": 0.69314, "loss_std": 0.0, "lr": 0.0, "lr_std": 0.0, "params": 4143.0, "params_std": 0.0, "time_iter": 0.43754, "time_iter_std": 0.03632, "accuracy": 0.50243, "accuracy_std": 0.0, "accuracy_max": 0.50243, "precision": 0.50243, "precision_std": 0.0, "recall": 1.0, "recall_std": 0.0, "f1": 0.66883, "f1_std": 0.0, "auc": 0.48584, "auc_std": 0.01702}
