{"epoch": 0, "time_epoch": 24.76905, "eta": 2452.13591, "eta_hours": 0.68115, "loss": 1.10060956, "lr": 0.001, "params": 5327, "time_iter": 0.13175, "accuracy": 0.33067, "f1": 0.26264, "auc": 0.46803}
{"epoch": 1, "time_epoch": 11.94757, "eta": 1799.11439, "eta_hours": 0.49975, "loss": 1.09826628, "lr": 0.00099975, "params": 5327, "time_iter": 0.06355, "accuracy": 0.35467, "f1": 0.26304, "auc": 0.49163}
{"epoch": 2, "time_epoch": 11.96918, "eta": 1574.17424, "eta_hours": 0.43727, "loss": 1.09893093, "lr": 0.00099901, "params": 5327, "time_iter": 0.06367, "accuracy": 0.348, "f1": 0.1897, "auc": 0.48855}
{"epoch": 3, "time_epoch": 12.01008, "eta": 1456.70106, "eta_hours": 0.40464, "loss": 1.09865976, "lr": 0.00099778, "params": 5327, "time_iter": 0.06388, "accuracy": 0.34667, "f1": 0.21461, "auc": 0.49481}
{"epoch": 4, "time_epoch": 11.90402, "eta": 1379.39808, "eta_hours": 0.38317, "loss": 1.09646538, "lr": 0.00099606, "params": 5327, "time_iter": 0.06332, "accuracy": 0.37333, "f1": 0.31803, "auc": 0.51709}
{"epoch": 5, "time_epoch": 11.91531, "eta": 1324.07155, "eta_hours": 0.3678, "loss": 1.0969401, "lr": 0.00099384, "params": 5327, "time_iter": 0.06338, "accuracy": 0.38667, "f1": 0.2928, "auc": 0.50857}
{"epoch": 6, "time_epoch": 11.92565, "eta": 1281.2857, "eta_hours": 0.35591, "loss": 1.09181176, "lr": 0.00099114, "params": 5327, "time_iter": 0.06343, "accuracy": 0.39333, "f1": 0.30474, "auc": 0.52353}
{"epoch": 7, "time_epoch": 11.94039, "eta": 1246.38431, "eta_hours": 0.34622, "loss": 1.09054758, "lr": 0.00098796, "params": 5327, "time_iter": 0.06351, "accuracy": 0.39867, "f1": 0.31616, "auc": 0.53646}
{"epoch": 8, "time_epoch": 11.92947, "eta": 1216.475, "eta_hours": 0.33791, "loss": 1.09541792, "lr": 0.00098429, "params": 5327, "time_iter": 0.06345, "accuracy": 0.37733, "f1": 0.29267, "auc": 0.52291}
{"epoch": 9, "time_epoch": 11.92606, "eta": 1190.13093, "eta_hours": 0.33059, "loss": 1.08777113, "lr": 0.00098015, "params": 5327, "time_iter": 0.06344, "accuracy": 0.40533, "f1": 0.31356, "auc": 0.54559}
{"epoch": 10, "time_epoch": 11.912, "eta": 1166.2946, "eta_hours": 0.32397, "loss": 1.1001335, "lr": 0.00097553, "params": 5327, "time_iter": 0.06336, "accuracy": 0.35867, "f1": 0.28284, "auc": 0.50812}
{"epoch": 11, "time_epoch": 11.91973, "eta": 1144.50236, "eta_hours": 0.31792, "loss": 1.09630507, "lr": 0.00097044, "params": 5327, "time_iter": 0.0634, "accuracy": 0.37467, "f1": 0.28785, "auc": 0.51686}
{"epoch": 12, "time_epoch": 11.93041, "eta": 1124.30041, "eta_hours": 0.31231, "loss": 1.09329393, "lr": 0.00096489, "params": 5327, "time_iter": 0.06346, "accuracy": 0.388, "f1": 0.30343, "auc": 0.52492}
{"epoch": 13, "time_epoch": 11.90937, "eta": 1105.15088, "eta_hours": 0.30699, "loss": 1.09110716, "lr": 0.00095888, "params": 5327, "time_iter": 0.06335, "accuracy": 0.38933, "f1": 0.29724, "auc": 0.5408}
{"epoch": 14, "time_epoch": 11.91259, "eta": 1086.98495, "eta_hours": 0.30194, "loss": 1.09410247, "lr": 0.00095241, "params": 5327, "time_iter": 0.06336, "accuracy": 0.37733, "f1": 0.29156, "auc": 0.52675}
{"epoch": 15, "time_epoch": 11.91767, "eta": 1069.62733, "eta_hours": 0.29712, "loss": 1.09282618, "lr": 0.0009455, "params": 5327, "time_iter": 0.06339, "accuracy": 0.37733, "f1": 0.29223, "auc": 0.52525}
{"epoch": 16, "time_epoch": 11.92208, "eta": 1052.93126, "eta_hours": 0.29248, "loss": 1.09732428, "lr": 0.00093815, "params": 5327, "time_iter": 0.06342, "accuracy": 0.376, "f1": 0.29531, "auc": 0.51014}
{"epoch": 17, "time_epoch": 11.90881, "eta": 1036.70517, "eta_hours": 0.28797, "loss": 1.0929819, "lr": 0.00093037, "params": 5327, "time_iter": 0.06334, "accuracy": 0.39333, "f1": 0.30655, "auc": 0.52757}
{"epoch": 18, "time_epoch": 11.92342, "eta": 1020.99582, "eta_hours": 0.28361, "loss": 1.09302495, "lr": 0.00092216, "params": 5327, "time_iter": 0.06342, "accuracy": 0.38667, "f1": 0.29752, "auc": 0.5223}
{"epoch": 19, "time_epoch": 11.91283, "eta": 1005.6227, "eta_hours": 0.27934, "loss": 1.09163105, "lr": 0.00091354, "params": 5327, "time_iter": 0.06337, "accuracy": 0.39333, "f1": 0.30331, "auc": 0.52008}
{"epoch": 20, "time_epoch": 11.91517, "eta": 990.58794, "eta_hours": 0.27516, "loss": 1.08725898, "lr": 0.00090451, "params": 5327, "time_iter": 0.06338, "accuracy": 0.396, "f1": 0.30668, "auc": 0.52492}
{"epoch": 21, "time_epoch": 11.90758, "eta": 975.80988, "eta_hours": 0.27106, "loss": 1.09178603, "lr": 0.00089508, "params": 5327, "time_iter": 0.06334, "accuracy": 0.392, "f1": 0.30392, "auc": 0.53228}
{"epoch": 22, "time_epoch": 11.92747, "eta": 961.34801, "eta_hours": 0.26704, "loss": 1.08789688, "lr": 0.00088526, "params": 5327, "time_iter": 0.06344, "accuracy": 0.39333, "f1": 0.30494, "auc": 0.53177}
{"epoch": 23, "time_epoch": 11.90503, "eta": 947.02628, "eta_hours": 0.26306, "loss": 1.08952927, "lr": 0.00087506, "params": 5327, "time_iter": 0.06332, "accuracy": 0.39067, "f1": 0.3022, "auc": 0.5325}
{"epoch": 24, "time_epoch": 11.91119, "eta": 932.91638, "eta_hours": 0.25914, "loss": 1.09172159, "lr": 0.00086448, "params": 5327, "time_iter": 0.06336, "accuracy": 0.39867, "f1": 0.31084, "auc": 0.52794}
{"epoch": 25, "time_epoch": 11.89217, "eta": 918.92147, "eta_hours": 0.25526, "loss": 1.08938126, "lr": 0.00085355, "params": 5327, "time_iter": 0.06326, "accuracy": 0.4, "f1": 0.31021, "auc": 0.53204}
{"epoch": 26, "time_epoch": 11.9012, "eta": 905.10671, "eta_hours": 0.25142, "loss": 1.09061412, "lr": 0.00084227, "params": 5327, "time_iter": 0.0633, "accuracy": 0.39333, "f1": 0.30724, "auc": 0.53523}
{"epoch": 27, "time_epoch": 11.90868, "eta": 891.44789, "eta_hours": 0.24762, "loss": 1.09279059, "lr": 0.00083066, "params": 5327, "time_iter": 0.06334, "accuracy": 0.38133, "f1": 0.2943, "auc": 0.5287}
{"epoch": 28, "time_epoch": 12.02256, "eta": 878.18857, "eta_hours": 0.24394, "loss": 1.08351182, "lr": 0.00081871, "params": 5327, "time_iter": 0.06395, "accuracy": 0.41333, "f1": 0.32437, "auc": 0.55056}
{"epoch": 29, "time_epoch": 11.89453, "eta": 864.71295, "eta_hours": 0.2402, "loss": 1.08861021, "lr": 0.00080645, "params": 5327, "time_iter": 0.06327, "accuracy": 0.392, "f1": 0.30707, "auc": 0.53783}
{"epoch": 30, "time_epoch": 11.91637, "eta": 851.38796, "eta_hours": 0.2365, "loss": 1.09455761, "lr": 0.00079389, "params": 5327, "time_iter": 0.06338, "accuracy": 0.384, "f1": 0.29894, "auc": 0.53324}
{"epoch": 31, "time_epoch": 11.90669, "eta": 838.13043, "eta_hours": 0.23281, "loss": 1.0843012, "lr": 0.00078104, "params": 5327, "time_iter": 0.06333, "accuracy": 0.40267, "f1": 0.32019, "auc": 0.55278}
{"epoch": 32, "time_epoch": 11.90689, "eta": 824.95519, "eta_hours": 0.22915, "loss": 1.08438062, "lr": 0.00076791, "params": 5327, "time_iter": 0.06333, "accuracy": 0.41733, "f1": 0.33064, "auc": 0.55658}
{"epoch": 33, "time_epoch": 11.92313, "eta": 811.88608, "eta_hours": 0.22552, "loss": 1.08268434, "lr": 0.00075452, "params": 5327, "time_iter": 0.06342, "accuracy": 0.42, "f1": 0.32841, "auc": 0.55352}
{"epoch": 34, "time_epoch": 11.91961, "eta": 798.87592, "eta_hours": 0.22191, "loss": 1.08560744, "lr": 0.00074088, "params": 5327, "time_iter": 0.0634, "accuracy": 0.40267, "f1": 0.31672, "auc": 0.54856}
{"epoch": 35, "time_epoch": 11.91125, "eta": 785.91147, "eta_hours": 0.21831, "loss": 1.08834969, "lr": 0.000727, "params": 5327, "time_iter": 0.06336, "accuracy": 0.39067, "f1": 0.3061, "auc": 0.5423}
{"epoch": 36, "time_epoch": 11.90684, "eta": 772.99645, "eta_hours": 0.21472, "loss": 1.0921151, "lr": 0.00071289, "params": 5327, "time_iter": 0.06333, "accuracy": 0.39333, "f1": 0.32952, "auc": 0.5338}
{"epoch": 37, "time_epoch": 11.92351, "eta": 760.1617, "eta_hours": 0.21116, "loss": 1.08378891, "lr": 0.00069857, "params": 5327, "time_iter": 0.06342, "accuracy": 0.42, "f1": 0.32888, "auc": 0.54965}
{"epoch": 38, "time_epoch": 11.9088, "eta": 747.35065, "eta_hours": 0.2076, "loss": 1.08364488, "lr": 0.00068406, "params": 5327, "time_iter": 0.06334, "accuracy": 0.408, "f1": 0.32011, "auc": 0.55482}
{"epoch": 39, "time_epoch": 11.93859, "eta": 734.62941, "eta_hours": 0.20406, "loss": 1.08992968, "lr": 0.00066937, "params": 5327, "time_iter": 0.0635, "accuracy": 0.392, "f1": 0.31139, "auc": 0.53261}
{"epoch": 40, "time_epoch": 11.92504, "eta": 721.92685, "eta_hours": 0.20054, "loss": 1.08686265, "lr": 0.00065451, "params": 5327, "time_iter": 0.06343, "accuracy": 0.404, "f1": 0.31589, "auc": 0.54263}
{"epoch": 41, "time_epoch": 11.92373, "eta": 709.2595, "eta_hours": 0.19702, "loss": 1.08532658, "lr": 0.0006395, "params": 5327, "time_iter": 0.06342, "accuracy": 0.40267, "f1": 0.3226, "auc": 0.54937}
{"epoch": 42, "time_epoch": 11.9076, "eta": 696.60536, "eta_hours": 0.1935, "loss": 1.08653962, "lr": 0.00062434, "params": 5327, "time_iter": 0.06334, "accuracy": 0.39867, "f1": 0.31713, "auc": 0.55054}
{"epoch": 43, "time_epoch": 11.93162, "eta": 684.01572, "eta_hours": 0.19, "loss": 1.0842494, "lr": 0.00060907, "params": 5327, "time_iter": 0.06347, "accuracy": 0.40533, "f1": 0.32085, "auc": 0.55836}
{"epoch": 44, "time_epoch": 11.92643, "eta": 671.44899, "eta_hours": 0.18651, "loss": 1.08741214, "lr": 0.00059369, "params": 5327, "time_iter": 0.06344, "accuracy": 0.404, "f1": 0.32039, "auc": 0.5458}
{"epoch": 45, "time_epoch": 11.90675, "eta": 658.887, "eta_hours": 0.18302, "loss": 1.08908418, "lr": 0.00057822, "params": 5327, "time_iter": 0.06333, "accuracy": 0.40533, "f1": 0.32291, "auc": 0.54028}
{"epoch": 46, "time_epoch": 11.91462, "eta": 646.36176, "eta_hours": 0.17954, "loss": 1.09044332, "lr": 0.00056267, "params": 5327, "time_iter": 0.06338, "accuracy": 0.408, "f1": 0.33484, "auc": 0.53714}
{"epoch": 47, "time_epoch": 11.89961, "eta": 633.8457, "eta_hours": 0.17607, "loss": 1.08205722, "lr": 0.00054705, "params": 5327, "time_iter": 0.0633, "accuracy": 0.40267, "f1": 0.31916, "auc": 0.56551}
{"epoch": 48, "time_epoch": 11.91767, "eta": 621.3736, "eta_hours": 0.1726, "loss": 1.08576738, "lr": 0.0005314, "params": 5327, "time_iter": 0.06339, "accuracy": 0.396, "f1": 0.31071, "auc": 0.55278}
{"epoch": 49, "time_epoch": 11.91157, "eta": 608.91759, "eta_hours": 0.16914, "loss": 1.08237533, "lr": 0.00051571, "params": 5327, "time_iter": 0.06336, "accuracy": 0.404, "f1": 0.32003, "auc": 0.55865}
{"epoch": 50, "time_epoch": 11.93244, "eta": 596.50297, "eta_hours": 0.1657, "loss": 1.08493554, "lr": 0.0005, "params": 5327, "time_iter": 0.06347, "accuracy": 0.40667, "f1": 0.31537, "auc": 0.55548}
{"epoch": 51, "time_epoch": 11.929, "eta": 584.10371, "eta_hours": 0.16225, "loss": 1.08436822, "lr": 0.00048429, "params": 5327, "time_iter": 0.06345, "accuracy": 0.404, "f1": 0.31982, "auc": 0.56297}
{"epoch": 52, "time_epoch": 11.94037, "eta": 571.73229, "eta_hours": 0.15881, "loss": 1.08639107, "lr": 0.0004686, "params": 5327, "time_iter": 0.06351, "accuracy": 0.392, "f1": 0.30171, "auc": 0.54825}
{"epoch": 53, "time_epoch": 11.92439, "eta": 559.36322, "eta_hours": 0.15538, "loss": 1.08483512, "lr": 0.00045295, "params": 5327, "time_iter": 0.06343, "accuracy": 0.404, "f1": 0.31976, "auc": 0.53911}
{"epoch": 54, "time_epoch": 11.94225, "eta": 547.02493, "eta_hours": 0.15195, "loss": 1.08609406, "lr": 0.00043733, "params": 5327, "time_iter": 0.06352, "accuracy": 0.41067, "f1": 0.31987, "auc": 0.54435}
{"epoch": 55, "time_epoch": 11.91276, "eta": 534.67761, "eta_hours": 0.14852, "loss": 1.08418624, "lr": 0.00042178, "params": 5327, "time_iter": 0.06337, "accuracy": 0.412, "f1": 0.32173, "auc": 0.54783}
{"epoch": 56, "time_epoch": 11.94393, "eta": 522.36906, "eta_hours": 0.1451, "loss": 1.08255608, "lr": 0.00040631, "params": 5327, "time_iter": 0.06353, "accuracy": 0.41333, "f1": 0.32137, "auc": 0.55497}
{"epoch": 57, "time_epoch": 11.92935, "eta": 510.06252, "eta_hours": 0.14168, "loss": 1.08666082, "lr": 0.00039093, "params": 5327, "time_iter": 0.06345, "accuracy": 0.40267, "f1": 0.31423, "auc": 0.54131}
{"epoch": 58, "time_epoch": 11.92243, "eta": 497.76396, "eta_hours": 0.13827, "loss": 1.08609077, "lr": 0.00037566, "params": 5327, "time_iter": 0.06342, "accuracy": 0.39867, "f1": 0.31122, "auc": 0.55476}
{"epoch": 59, "time_epoch": 11.91443, "eta": 485.47261, "eta_hours": 0.13485, "loss": 1.08439492, "lr": 0.0003605, "params": 5327, "time_iter": 0.06337, "accuracy": 0.39467, "f1": 0.30894, "auc": 0.54442}
{"epoch": 60, "time_epoch": 11.899, "eta": 473.18375, "eta_hours": 0.13144, "loss": 1.07716827, "lr": 0.00034549, "params": 5327, "time_iter": 0.06329, "accuracy": 0.41333, "f1": 0.32523, "auc": 0.58429}
{"epoch": 61, "time_epoch": 11.95067, "eta": 460.93914, "eta_hours": 0.12804, "loss": 1.08578572, "lr": 0.00033063, "params": 5327, "time_iter": 0.06357, "accuracy": 0.39467, "f1": 0.30685, "auc": 0.54649}
{"epoch": 62, "time_epoch": 11.93096, "eta": 448.69228, "eta_hours": 0.12464, "loss": 1.07989348, "lr": 0.00031594, "params": 5327, "time_iter": 0.06346, "accuracy": 0.40267, "f1": 0.31445, "auc": 0.55873}
{"epoch": 63, "time_epoch": 11.94885, "eta": 436.46535, "eta_hours": 0.12124, "loss": 1.07926358, "lr": 0.00030143, "params": 5327, "time_iter": 0.06356, "accuracy": 0.41867, "f1": 0.32571, "auc": 0.55656}
{"epoch": 64, "time_epoch": 11.91777, "eta": 424.23025, "eta_hours": 0.11784, "loss": 1.0833721, "lr": 0.00028711, "params": 5327, "time_iter": 0.06339, "accuracy": 0.388, "f1": 0.30655, "auc": 0.55834}
{"epoch": 65, "time_epoch": 11.95088, "eta": 412.02181, "eta_hours": 0.11445, "loss": 1.08653641, "lr": 0.000273, "params": 5327, "time_iter": 0.06357, "accuracy": 0.40933, "f1": 0.3251, "auc": 0.54924}
{"epoch": 66, "time_epoch": 11.92111, "eta": 399.80641, "eta_hours": 0.11106, "loss": 1.07893502, "lr": 0.00025912, "params": 5327, "time_iter": 0.06341, "accuracy": 0.412, "f1": 0.32615, "auc": 0.56944}
{"epoch": 67, "time_epoch": 11.91802, "eta": 387.5982, "eta_hours": 0.10767, "loss": 1.08601357, "lr": 0.00024548, "params": 5327, "time_iter": 0.06339, "accuracy": 0.40667, "f1": 0.31894, "auc": 0.54144}
{"epoch": 68, "time_epoch": 11.91714, "eta": 375.39801, "eta_hours": 0.10428, "loss": 1.07981178, "lr": 0.00023209, "params": 5327, "time_iter": 0.06339, "accuracy": 0.41067, "f1": 0.31924, "auc": 0.56687}
{"epoch": 69, "time_epoch": 11.9124, "eta": 363.20388, "eta_hours": 0.10089, "loss": 1.08315396, "lr": 0.00021896, "params": 5327, "time_iter": 0.06336, "accuracy": 0.40933, "f1": 0.32196, "auc": 0.55176}
{"epoch": 70, "time_epoch": 11.9077, "eta": 351.01576, "eta_hours": 0.0975, "loss": 1.07795788, "lr": 0.00020611, "params": 5327, "time_iter": 0.06334, "accuracy": 0.41067, "f1": 0.32462, "auc": 0.57282}
{"epoch": 71, "time_epoch": 11.91258, "eta": 338.83733, "eta_hours": 0.09412, "loss": 1.08065732, "lr": 0.00019355, "params": 5327, "time_iter": 0.06336, "accuracy": 0.408, "f1": 0.31941, "auc": 0.56943}
{"epoch": 72, "time_epoch": 11.90561, "eta": 326.66361, "eta_hours": 0.09074, "loss": 1.07779434, "lr": 0.00018129, "params": 5327, "time_iter": 0.06333, "accuracy": 0.408, "f1": 0.32242, "auc": 0.56978}
{"epoch": 73, "time_epoch": 11.90639, "eta": 314.4974, "eta_hours": 0.08736, "loss": 1.07396702, "lr": 0.00016934, "params": 5327, "time_iter": 0.06333, "accuracy": 0.42133, "f1": 0.33215, "auc": 0.57841}
{"epoch": 74, "time_epoch": 11.90561, "eta": 302.33787, "eta_hours": 0.08398, "loss": 1.08209337, "lr": 0.00015773, "params": 5327, "time_iter": 0.06333, "accuracy": 0.39733, "f1": 0.32633, "auc": 0.56489}
{"epoch": 75, "time_epoch": 11.90313, "eta": 290.18423, "eta_hours": 0.08061, "loss": 1.08211491, "lr": 0.00014645, "params": 5327, "time_iter": 0.06331, "accuracy": 0.40267, "f1": 0.32026, "auc": 0.56103}
{"epoch": 76, "time_epoch": 11.91203, "eta": 278.03976, "eta_hours": 0.07723, "loss": 1.08487599, "lr": 0.00013552, "params": 5327, "time_iter": 0.06336, "accuracy": 0.39867, "f1": 0.31818, "auc": 0.55761}
{"epoch": 77, "time_epoch": 11.97414, "eta": 265.91877, "eta_hours": 0.07387, "loss": 1.07620199, "lr": 0.00012494, "params": 5327, "time_iter": 0.06369, "accuracy": 0.42, "f1": 0.33987, "auc": 0.57333}
{"epoch": 78, "time_epoch": 11.94009, "eta": 253.79244, "eta_hours": 0.0705, "loss": 1.07608473, "lr": 0.00011474, "params": 5327, "time_iter": 0.06351, "accuracy": 0.404, "f1": 0.32135, "auc": 0.58597}
{"epoch": 79, "time_epoch": 11.95316, "eta": 241.67404, "eta_hours": 0.06713, "loss": 1.08012062, "lr": 0.00010492, "params": 5327, "time_iter": 0.06358, "accuracy": 0.404, "f1": 0.31948, "auc": 0.55863}
{"epoch": 80, "time_epoch": 11.94448, "eta": 229.55768, "eta_hours": 0.06377, "loss": 1.0763988, "lr": 9.549e-05, "params": 5327, "time_iter": 0.06353, "accuracy": 0.41467, "f1": 0.33225, "auc": 0.57299}
{"epoch": 81, "time_epoch": 11.96294, "eta": 217.44956, "eta_hours": 0.0604, "loss": 1.08302708, "lr": 8.646e-05, "params": 5327, "time_iter": 0.06363, "accuracy": 0.39733, "f1": 0.31803, "auc": 0.55625}
{"epoch": 82, "time_epoch": 11.97094, "eta": 205.34659, "eta_hours": 0.05704, "loss": 1.07334728, "lr": 7.784e-05, "params": 5327, "time_iter": 0.06368, "accuracy": 0.43067, "f1": 0.34978, "auc": 0.56816}
{"epoch": 83, "time_epoch": 11.95856, "eta": 193.24439, "eta_hours": 0.05368, "loss": 1.07421758, "lr": 6.963e-05, "params": 5327, "time_iter": 0.06361, "accuracy": 0.42133, "f1": 0.34712, "auc": 0.5817}
{"epoch": 84, "time_epoch": 11.97291, "eta": 181.14811, "eta_hours": 0.05032, "loss": 1.08113843, "lr": 6.185e-05, "params": 5327, "time_iter": 0.06369, "accuracy": 0.408, "f1": 0.3319, "auc": 0.56486}
{"epoch": 85, "time_epoch": 11.95845, "eta": 169.05235, "eta_hours": 0.04696, "loss": 1.0729648, "lr": 5.45e-05, "params": 5327, "time_iter": 0.06361, "accuracy": 0.41467, "f1": 0.33008, "auc": 0.58213}
{"epoch": 86, "time_epoch": 11.95812, "eta": 156.95969, "eta_hours": 0.0436, "loss": 1.0837241, "lr": 4.759e-05, "params": 5327, "time_iter": 0.06361, "accuracy": 0.40133, "f1": 0.32503, "auc": 0.55774}
{"epoch": 87, "time_epoch": 11.96576, "eta": 144.87113, "eta_hours": 0.04024, "loss": 1.08284079, "lr": 4.112e-05, "params": 5327, "time_iter": 0.06365, "accuracy": 0.40533, "f1": 0.32748, "auc": 0.55803}
{"epoch": 88, "time_epoch": 11.96551, "eta": 132.7853, "eta_hours": 0.03688, "loss": 1.07833044, "lr": 3.511e-05, "params": 5327, "time_iter": 0.06365, "accuracy": 0.40133, "f1": 0.31804, "auc": 0.57017}
{"epoch": 89, "time_epoch": 11.97331, "eta": 120.70301, "eta_hours": 0.03353, "loss": 1.07548855, "lr": 2.956e-05, "params": 5327, "time_iter": 0.06369, "accuracy": 0.412, "f1": 0.32787, "auc": 0.55725}
{"epoch": 90, "time_epoch": 11.97121, "eta": 108.62291, "eta_hours": 0.03017, "loss": 1.0793816, "lr": 2.447e-05, "params": 5327, "time_iter": 0.06368, "accuracy": 0.41467, "f1": 0.33179, "auc": 0.565}
{"epoch": 91, "time_epoch": 11.96581, "eta": 96.54471, "eta_hours": 0.02682, "loss": 1.07822934, "lr": 1.985e-05, "params": 5327, "time_iter": 0.06365, "accuracy": 0.40933, "f1": 0.33554, "auc": 0.56563}
{"epoch": 92, "time_epoch": 11.98042, "eta": 84.47002, "eta_hours": 0.02346, "loss": 1.08515165, "lr": 1.571e-05, "params": 5327, "time_iter": 0.06373, "accuracy": 0.388, "f1": 0.31041, "auc": 0.56274}
{"epoch": 93, "time_epoch": 11.97296, "eta": 72.39686, "eta_hours": 0.02011, "loss": 1.07457198, "lr": 1.204e-05, "params": 5327, "time_iter": 0.06369, "accuracy": 0.428, "f1": 0.3497, "auc": 0.57476}
{"epoch": 94, "time_epoch": 11.97853, "eta": 60.32611, "eta_hours": 0.01676, "loss": 1.07533377, "lr": 8.86e-06, "params": 5327, "time_iter": 0.06372, "accuracy": 0.40933, "f1": 0.32759, "auc": 0.57765}
{"epoch": 95, "time_epoch": 11.9571, "eta": 48.25638, "eta_hours": 0.0134, "loss": 1.07675717, "lr": 6.16e-06, "params": 5327, "time_iter": 0.0636, "accuracy": 0.42667, "f1": 0.3442, "auc": 0.57294}
{"epoch": 96, "time_epoch": 11.84785, "eta": 36.1856, "eta_hours": 0.01005, "loss": 1.07445364, "lr": 3.94e-06, "params": 5327, "time_iter": 0.06302, "accuracy": 0.42133, "f1": 0.34579, "auc": 0.5791}
{"epoch": 97, "time_epoch": 12.07011, "eta": 24.1239, "eta_hours": 0.0067, "loss": 1.06670657, "lr": 2.22e-06, "params": 5327, "time_iter": 0.0642, "accuracy": 0.42533, "f1": 0.34052, "auc": 0.59796}
{"epoch": 98, "time_epoch": 11.95937, "eta": 12.06091, "eta_hours": 0.00335, "loss": 1.07935111, "lr": 9.9e-07, "params": 5327, "time_iter": 0.06361, "accuracy": 0.41333, "f1": 0.33416, "auc": 0.55507}
{"epoch": 99, "time_epoch": 11.98382, "eta": 0.0, "eta_hours": 0.0, "loss": 1.07057181, "lr": 2.5e-07, "params": 5327, "time_iter": 0.06374, "accuracy": 0.42533, "f1": 0.33929, "auc": 0.58398}
