{"epoch": 0, "time_epoch": 24.13175, "eta": 2389.0435, "eta_hours": 0.66362, "loss": 0.66611088, "lr": 0.001, "params": 6759, "time_iter": 0.18707, "accuracy": 0.58617, "precision": 0.71875, "recall": 0.28973, "f1": 0.41298, "auc": 0.65851}
{"epoch": 1, "time_epoch": 5.84797, "eta": 1469.00618, "eta_hours": 0.40806, "loss": 0.63603478, "lr": 0.00099975, "params": 6759, "time_iter": 0.04533, "accuracy": 0.6407, "precision": 0.65705, "recall": 0.59593, "f1": 0.625, "auc": 0.69188}
{"epoch": 2, "time_epoch": 6.05408, "eta": 1165.09264, "eta_hours": 0.32364, "loss": 0.63340102, "lr": 0.00099901, "params": 6759, "time_iter": 0.04693, "accuracy": 0.64508, "precision": 0.6689, "recall": 0.5814, "f1": 0.62208, "auc": 0.69201}
{"epoch": 3, "time_epoch": 6.05179, "eta": 1010.05404, "eta_hours": 0.28057, "loss": 0.62952628, "lr": 0.00099778, "params": 6759, "time_iter": 0.04691, "accuracy": 0.65141, "precision": 0.65163, "recall": 0.65795, "f1": 0.65477, "auc": 0.70333}
{"epoch": 4, "time_epoch": 6.28518, "eta": 919.04452, "eta_hours": 0.25529, "loss": 0.62246147, "lr": 0.00099606, "params": 6759, "time_iter": 0.04872, "accuracy": 0.65336, "precision": 0.68957, "recall": 0.56395, "f1": 0.62047, "auc": 0.71139}
{"epoch": 5, "time_epoch": 6.58038, "eta": 860.90121, "eta_hours": 0.23914, "loss": 0.62367951, "lr": 0.00099384, "params": 6759, "time_iter": 0.05101, "accuracy": 0.64898, "precision": 0.6722, "recall": 0.58818, "f1": 0.62739, "auc": 0.70946}
{"epoch": 6, "time_epoch": 6.49064, "eta": 816.29789, "eta_hours": 0.22675, "loss": 0.62236816, "lr": 0.00099114, "params": 6759, "time_iter": 0.05032, "accuracy": 0.66796, "precision": 0.70588, "recall": 0.5814, "f1": 0.63762, "auc": 0.71009}
{"epoch": 7, "time_epoch": 6.70251, "eta": 783.65935, "eta_hours": 0.21768, "loss": 0.6215376, "lr": 0.00098796, "params": 6759, "time_iter": 0.05196, "accuracy": 0.65774, "precision": 0.67939, "recall": 0.60368, "f1": 0.6393, "auc": 0.71242}
{"epoch": 8, "time_epoch": 6.13225, "eta": 751.01837, "eta_hours": 0.20862, "loss": 0.6140737, "lr": 0.00098429, "params": 6759, "time_iter": 0.04754, "accuracy": 0.66115, "precision": 0.69222, "recall": 0.58624, "f1": 0.63484, "auc": 0.72118}
{"epoch": 9, "time_epoch": 6.14436, "eta": 723.78816, "eta_hours": 0.20105, "loss": 0.60840221, "lr": 0.00098015, "params": 6759, "time_iter": 0.04763, "accuracy": 0.66358, "precision": 0.69093, "recall": 0.59787, "f1": 0.64104, "auc": 0.72527}
{"epoch": 10, "time_epoch": 6.04052, "eta": 699.5515, "eta_hours": 0.19432, "loss": 0.59928496, "lr": 0.00097553, "params": 6759, "time_iter": 0.04683, "accuracy": 0.6816, "precision": 0.69937, "recall": 0.64244, "f1": 0.6697, "auc": 0.74216}
{"epoch": 11, "time_epoch": 6.26745, "eta": 680.01172, "eta_hours": 0.18889, "loss": 0.60083094, "lr": 0.00097044, "params": 6759, "time_iter": 0.04858, "accuracy": 0.66748, "precision": 0.68158, "recall": 0.63469, "f1": 0.6573, "auc": 0.73607}
{"epoch": 12, "time_epoch": 5.89881, "eta": 660.04675, "eta_hours": 0.18335, "loss": 0.59621989, "lr": 0.00096489, "params": 6759, "time_iter": 0.04573, "accuracy": 0.67283, "precision": 0.68672, "recall": 0.64147, "f1": 0.66333, "auc": 0.74212}
{"epoch": 13, "time_epoch": 6.02732, "eta": 642.88071, "eta_hours": 0.17858, "loss": 0.59138812, "lr": 0.00095888, "params": 6759, "time_iter": 0.04672, "accuracy": 0.67235, "precision": 0.6864, "recall": 0.6405, "f1": 0.66266, "auc": 0.7433}
{"epoch": 14, "time_epoch": 5.9895, "eta": 626.98549, "eta_hours": 0.17416, "loss": 0.58436211, "lr": 0.00095241, "params": 6759, "time_iter": 0.04643, "accuracy": 0.67624, "precision": 0.6971, "recall": 0.62888, "f1": 0.66123, "auc": 0.7521}
{"epoch": 15, "time_epoch": 6.07567, "eta": 612.78089, "eta_hours": 0.17022, "loss": 0.57530155, "lr": 0.0009455, "params": 6759, "time_iter": 0.0471, "accuracy": 0.69085, "precision": 0.70276, "recall": 0.66667, "f1": 0.68424, "auc": 0.76625}
{"epoch": 16, "time_epoch": 5.71547, "eta": 597.77399, "eta_hours": 0.16605, "loss": 0.57695502, "lr": 0.00093815, "params": 6759, "time_iter": 0.04431, "accuracy": 0.69085, "precision": 0.69291, "recall": 0.69089, "f1": 0.6919, "auc": 0.76297}
{"epoch": 17, "time_epoch": 6.08912, "eta": 585.50169, "eta_hours": 0.16264, "loss": 0.57158175, "lr": 0.00093037, "params": 6759, "time_iter": 0.0472, "accuracy": 0.69426, "precision": 0.70322, "recall": 0.67733, "f1": 0.69003, "auc": 0.77061}
{"epoch": 18, "time_epoch": 5.95014, "eta": 573.28774, "eta_hours": 0.15925, "loss": 0.57405073, "lr": 0.00092216, "params": 6759, "time_iter": 0.04613, "accuracy": 0.7001, "precision": 0.70635, "recall": 0.68992, "f1": 0.69804, "auc": 0.76945}
{"epoch": 19, "time_epoch": 6.32411, "eta": 563.19606, "eta_hours": 0.15644, "loss": 0.56976212, "lr": 0.00091354, "params": 6759, "time_iter": 0.04902, "accuracy": 0.69572, "precision": 0.70411, "recall": 0.68023, "f1": 0.69197, "auc": 0.77085}
{"epoch": 20, "time_epoch": 5.90128, "eta": 551.87252, "eta_hours": 0.1533, "loss": 0.56978916, "lr": 0.00090451, "params": 6759, "time_iter": 0.04575, "accuracy": 0.69912, "precision": 0.6979, "recall": 0.70736, "f1": 0.7026, "auc": 0.77201}
{"epoch": 21, "time_epoch": 6.26708, "eta": 542.33887, "eta_hours": 0.15065, "loss": 0.55893471, "lr": 0.00089508, "params": 6759, "time_iter": 0.04858, "accuracy": 0.69864, "precision": 0.70029, "recall": 0.69961, "f1": 0.69995, "auc": 0.78367}
{"epoch": 22, "time_epoch": 6.10395, "eta": 532.54313, "eta_hours": 0.14793, "loss": 0.55664272, "lr": 0.00088526, "params": 6759, "time_iter": 0.04732, "accuracy": 0.70156, "precision": 0.7032, "recall": 0.70252, "f1": 0.70286, "auc": 0.78681}
{"epoch": 23, "time_epoch": 6.04812, "eta": 522.87825, "eta_hours": 0.14524, "loss": 0.55727974, "lr": 0.00087506, "params": 6759, "time_iter": 0.04688, "accuracy": 0.69912, "precision": 0.70136, "recall": 0.69864, "f1": 0.7, "auc": 0.7826}
{"epoch": 24, "time_epoch": 5.67977, "eta": 512.39766, "eta_hours": 0.14233, "loss": 0.55836294, "lr": 0.00086448, "params": 6759, "time_iter": 0.04403, "accuracy": 0.71081, "precision": 0.71429, "recall": 0.70736, "f1": 0.71081, "auc": 0.78399}
{"epoch": 25, "time_epoch": 5.73776, "eta": 502.4514, "eta_hours": 0.13957, "loss": 0.54936549, "lr": 0.00085355, "params": 6759, "time_iter": 0.04448, "accuracy": 0.71081, "precision": 0.71387, "recall": 0.70833, "f1": 0.71109, "auc": 0.78936}
{"epoch": 26, "time_epoch": 5.73897, "eta": 492.82015, "eta_hours": 0.13689, "loss": 0.54996521, "lr": 0.00084227, "params": 6759, "time_iter": 0.04449, "accuracy": 0.71519, "precision": 0.72239, "recall": 0.70349, "f1": 0.71281, "auc": 0.79132}
{"epoch": 27, "time_epoch": 5.76339, "eta": 483.52973, "eta_hours": 0.13431, "loss": 0.54740636, "lr": 0.00083066, "params": 6759, "time_iter": 0.04468, "accuracy": 0.71616, "precision": 0.71691, "recall": 0.71899, "f1": 0.71795, "auc": 0.79285}
{"epoch": 28, "time_epoch": 6.11201, "eta": 475.33606, "eta_hours": 0.13204, "loss": 0.54771892, "lr": 0.00081871, "params": 6759, "time_iter": 0.04738, "accuracy": 0.71811, "precision": 0.71551, "recall": 0.72868, "f1": 0.72204, "auc": 0.79422}
{"epoch": 29, "time_epoch": 5.98689, "eta": 466.98923, "eta_hours": 0.12972, "loss": 0.54353166, "lr": 0.00080645, "params": 6759, "time_iter": 0.04641, "accuracy": 0.72055, "precision": 0.71048, "recall": 0.74903, "f1": 0.72925, "auc": 0.79926}
{"epoch": 30, "time_epoch": 5.90385, "eta": 458.60982, "eta_hours": 0.12739, "loss": 0.54342664, "lr": 0.00079389, "params": 6759, "time_iter": 0.04577, "accuracy": 0.71714, "precision": 0.71914, "recall": 0.71705, "f1": 0.7181, "auc": 0.79564}
{"epoch": 31, "time_epoch": 6.30526, "eta": 451.23813, "eta_hours": 0.12534, "loss": 0.54458101, "lr": 0.00078104, "params": 6759, "time_iter": 0.04888, "accuracy": 0.72201, "precision": 0.7189, "recall": 0.73353, "f1": 0.72614, "auc": 0.79765}
{"epoch": 32, "time_epoch": 6.61375, "eta": 444.55738, "eta_hours": 0.12349, "loss": 0.54259687, "lr": 0.00076791, "params": 6759, "time_iter": 0.05127, "accuracy": 0.72493, "precision": 0.72344, "recall": 0.73256, "f1": 0.72797, "auc": 0.80083}
{"epoch": 33, "time_epoch": 5.97274, "eta": 436.63628, "eta_hours": 0.12129, "loss": 0.5341773, "lr": 0.00075452, "params": 6759, "time_iter": 0.0463, "accuracy": 0.72833, "precision": 0.72965, "recall": 0.72965, "f1": 0.72965, "auc": 0.80597}
{"epoch": 34, "time_epoch": 5.95642, "eta": 428.7962, "eta_hours": 0.11911, "loss": 0.53712563, "lr": 0.00074088, "params": 6759, "time_iter": 0.04617, "accuracy": 0.72931, "precision": 0.73333, "recall": 0.72481, "f1": 0.72904, "auc": 0.80416}
{"epoch": 35, "time_epoch": 5.4302, "eta": 420.12527, "eta_hours": 0.1167, "loss": 0.53994042, "lr": 0.000727, "params": 6759, "time_iter": 0.04209, "accuracy": 0.73077, "precision": 0.72488, "recall": 0.74806, "f1": 0.73629, "auc": 0.80096}
{"epoch": 36, "time_epoch": 6.25417, "eta": 413.03249, "eta_hours": 0.11473, "loss": 0.53996182, "lr": 0.00071289, "params": 6759, "time_iter": 0.04848, "accuracy": 0.71811, "precision": 0.718, "recall": 0.72287, "f1": 0.72042, "auc": 0.80192}
{"epoch": 37, "time_epoch": 5.95421, "eta": 405.49444, "eta_hours": 0.11264, "loss": 0.53146045, "lr": 0.00069857, "params": 6759, "time_iter": 0.04616, "accuracy": 0.73418, "precision": 0.75155, "recall": 0.70349, "f1": 0.72673, "auc": 0.812}
{"epoch": 38, "time_epoch": 5.89246, "eta": 397.94102, "eta_hours": 0.11054, "loss": 0.53817866, "lr": 0.00068406, "params": 6759, "time_iter": 0.04568, "accuracy": 0.7259, "precision": 0.72185, "recall": 0.73934, "f1": 0.73049, "auc": 0.80477}
{"epoch": 39, "time_epoch": 5.59461, "eta": 390.02387, "eta_hours": 0.10834, "loss": 0.52851521, "lr": 0.00066937, "params": 6759, "time_iter": 0.04337, "accuracy": 0.74051, "precision": 0.74013, "recall": 0.74516, "f1": 0.74264, "auc": 0.81337}
{"epoch": 40, "time_epoch": 6.16613, "eta": 383.04246, "eta_hours": 0.1064, "loss": 0.52057217, "lr": 0.00065451, "params": 6759, "time_iter": 0.0478, "accuracy": 0.72687, "precision": 0.72113, "recall": 0.74419, "f1": 0.73247, "auc": 0.81617}
{"epoch": 41, "time_epoch": 5.7594, "eta": 375.5382, "eta_hours": 0.10432, "loss": 0.53449319, "lr": 0.0006395, "params": 6759, "time_iter": 0.04465, "accuracy": 0.72931, "precision": 0.72581, "recall": 0.74128, "f1": 0.73346, "auc": 0.80619}
{"epoch": 42, "time_epoch": 5.65782, "eta": 367.98043, "eta_hours": 0.10222, "loss": 0.52854831, "lr": 0.00062434, "params": 6759, "time_iter": 0.04386, "accuracy": 0.74099, "precision": 0.74038, "recall": 0.74612, "f1": 0.74324, "auc": 0.81389}
{"epoch": 43, "time_epoch": 6.00318, "eta": 360.94857, "eta_hours": 0.10026, "loss": 0.5278176, "lr": 0.00060907, "params": 6759, "time_iter": 0.04654, "accuracy": 0.74197, "precision": 0.73458, "recall": 0.76163, "f1": 0.74786, "auc": 0.81405}
{"epoch": 44, "time_epoch": 6.43519, "eta": 354.49045, "eta_hours": 0.09847, "loss": 0.52903022, "lr": 0.00059369, "params": 6759, "time_iter": 0.04989, "accuracy": 0.74245, "precision": 0.7301, "recall": 0.77326, "f1": 0.75106, "auc": 0.81453}
{"epoch": 45, "time_epoch": 6.20418, "eta": 347.76214, "eta_hours": 0.0966, "loss": 0.5236363, "lr": 0.00057822, "params": 6759, "time_iter": 0.04809, "accuracy": 0.74099, "precision": 0.73452, "recall": 0.75872, "f1": 0.74643, "auc": 0.81764}
{"epoch": 46, "time_epoch": 6.19709, "eta": 341.04813, "eta_hours": 0.09474, "loss": 0.52380612, "lr": 0.00056267, "params": 6759, "time_iter": 0.04804, "accuracy": 0.74537, "precision": 0.74354, "recall": 0.75291, "f1": 0.74819, "auc": 0.81826}
{"epoch": 47, "time_epoch": 5.76636, "eta": 333.88904, "eta_hours": 0.09275, "loss": 0.52260384, "lr": 0.00054705, "params": 6759, "time_iter": 0.0447, "accuracy": 0.73272, "precision": 0.73288, "recall": 0.73643, "f1": 0.73465, "auc": 0.8164}
{"epoch": 48, "time_epoch": 5.76849, "eta": 326.78902, "eta_hours": 0.09077, "loss": 0.5183533, "lr": 0.0005314, "params": 6759, "time_iter": 0.04472, "accuracy": 0.73515, "precision": 0.73782, "recall": 0.73353, "f1": 0.73567, "auc": 0.82171}
{"epoch": 49, "time_epoch": 6.0595, "eta": 320.03326, "eta_hours": 0.0889, "loss": 0.52208459, "lr": 0.00051571, "params": 6759, "time_iter": 0.04697, "accuracy": 0.73661, "precision": 0.7271, "recall": 0.76163, "f1": 0.74397, "auc": 0.81884}
{"epoch": 50, "time_epoch": 6.3402, "eta": 313.5745, "eta_hours": 0.0871, "loss": 0.52515237, "lr": 0.0005, "params": 6759, "time_iter": 0.04915, "accuracy": 0.74391, "precision": 0.74804, "recall": 0.73934, "f1": 0.74366, "auc": 0.81859}
{"epoch": 51, "time_epoch": 6.22275, "eta": 307.01189, "eta_hours": 0.08528, "loss": 0.53030035, "lr": 0.00048429, "params": 6759, "time_iter": 0.04824, "accuracy": 0.73807, "precision": 0.74027, "recall": 0.7374, "f1": 0.73883, "auc": 0.81367}
{"epoch": 52, "time_epoch": 6.01483, "eta": 300.27771, "eta_hours": 0.08341, "loss": 0.53075212, "lr": 0.0004686, "params": 6759, "time_iter": 0.04663, "accuracy": 0.72736, "precision": 0.72605, "recall": 0.7345, "f1": 0.73025, "auc": 0.80941}
{"epoch": 53, "time_epoch": 6.09139, "eta": 293.6354, "eta_hours": 0.08157, "loss": 0.5183878, "lr": 0.00045295, "params": 6759, "time_iter": 0.04722, "accuracy": 0.74343, "precision": 0.74586, "recall": 0.74225, "f1": 0.74405, "auc": 0.82121}
{"epoch": 54, "time_epoch": 6.11161, "eta": 287.02966, "eta_hours": 0.07973, "loss": 0.51920294, "lr": 0.00043733, "params": 6759, "time_iter": 0.04738, "accuracy": 0.74343, "precision": 0.73934, "recall": 0.75581, "f1": 0.74748, "auc": 0.8188}
{"epoch": 55, "time_epoch": 6.31251, "eta": 280.59942, "eta_hours": 0.07794, "loss": 0.51509784, "lr": 0.00042178, "params": 6759, "time_iter": 0.04893, "accuracy": 0.74294, "precision": 0.73909, "recall": 0.75484, "f1": 0.74688, "auc": 0.82454}
{"epoch": 56, "time_epoch": 6.26305, "eta": 274.13601, "eta_hours": 0.07615, "loss": 0.51124423, "lr": 0.00040631, "params": 6759, "time_iter": 0.04855, "accuracy": 0.74732, "precision": 0.74735, "recall": 0.75097, "f1": 0.74915, "auc": 0.82705}
{"epoch": 57, "time_epoch": 6.46854, "eta": 267.8283, "eta_hours": 0.0744, "loss": 0.51517374, "lr": 0.00039093, "params": 6759, "time_iter": 0.05014, "accuracy": 0.74051, "precision": 0.73694, "recall": 0.75194, "f1": 0.74436, "auc": 0.8222}
{"epoch": 58, "time_epoch": 6.33383, "eta": 261.42153, "eta_hours": 0.07262, "loss": 0.5116783, "lr": 0.00037566, "params": 6759, "time_iter": 0.0491, "accuracy": 0.74976, "precision": 0.74573, "recall": 0.76163, "f1": 0.7536, "auc": 0.82569}
{"epoch": 59, "time_epoch": 6.22885, "eta": 254.94721, "eta_hours": 0.07082, "loss": 0.51223701, "lr": 0.0003605, "params": 6759, "time_iter": 0.04829, "accuracy": 0.74537, "precision": 0.74169, "recall": 0.75678, "f1": 0.74916, "auc": 0.82669}
{"epoch": 60, "time_epoch": 6.17394, "eta": 248.44582, "eta_hours": 0.06901, "loss": 0.51690391, "lr": 0.00034549, "params": 6759, "time_iter": 0.04786, "accuracy": 0.74635, "precision": 0.74782, "recall": 0.74709, "f1": 0.74746, "auc": 0.82335}
{"epoch": 61, "time_epoch": 5.94851, "eta": 241.81684, "eta_hours": 0.06717, "loss": 0.50331436, "lr": 0.00033063, "params": 6759, "time_iter": 0.04611, "accuracy": 0.75609, "precision": 0.75118, "recall": 0.76938, "f1": 0.76017, "auc": 0.83295}
{"epoch": 62, "time_epoch": 5.67427, "eta": 235.04839, "eta_hours": 0.06529, "loss": 0.51236697, "lr": 0.00031594, "params": 6759, "time_iter": 0.04399, "accuracy": 0.75268, "precision": 0.74717, "recall": 0.76744, "f1": 0.75717, "auc": 0.82666}
{"epoch": 63, "time_epoch": 5.807, "eta": 228.3888, "eta_hours": 0.06344, "loss": 0.51572568, "lr": 0.00030143, "params": 6759, "time_iter": 0.04502, "accuracy": 0.75609, "precision": 0.75214, "recall": 0.76744, "f1": 0.75971, "auc": 0.82409}
{"epoch": 64, "time_epoch": 5.61649, "eta": 221.65286, "eta_hours": 0.06157, "loss": 0.51941613, "lr": 0.00028711, "params": 6759, "time_iter": 0.04354, "accuracy": 0.74197, "precision": 0.73327, "recall": 0.76453, "f1": 0.74858, "auc": 0.82064}
{"epoch": 65, "time_epoch": 6.04714, "eta": 215.17269, "eta_hours": 0.05977, "loss": 0.51197084, "lr": 0.000273, "params": 6759, "time_iter": 0.04688, "accuracy": 0.75073, "precision": 0.75341, "recall": 0.74903, "f1": 0.75121, "auc": 0.82724}
{"epoch": 66, "time_epoch": 6.15559, "eta": 208.75886, "eta_hours": 0.05799, "loss": 0.51369662, "lr": 0.00025912, "params": 6759, "time_iter": 0.04772, "accuracy": 0.74197, "precision": 0.73905, "recall": 0.75194, "f1": 0.74544, "auc": 0.82447}
{"epoch": 67, "time_epoch": 6.06442, "eta": 202.30973, "eta_hours": 0.0562, "loss": 0.50853029, "lr": 0.00024548, "params": 6759, "time_iter": 0.04701, "accuracy": 0.7517, "precision": 0.74576, "recall": 0.76744, "f1": 0.75645, "auc": 0.82887}
{"epoch": 68, "time_epoch": 5.99854, "eta": 195.84215, "eta_hours": 0.0544, "loss": 0.5085462, "lr": 0.00023209, "params": 6759, "time_iter": 0.0465, "accuracy": 0.74635, "precision": 0.74878, "recall": 0.74516, "f1": 0.74696, "auc": 0.82968}
{"epoch": 69, "time_epoch": 6.20055, "eta": 189.47454, "eta_hours": 0.05263, "loss": 0.50670526, "lr": 0.00021896, "params": 6759, "time_iter": 0.04807, "accuracy": 0.7371, "precision": 0.7312, "recall": 0.75388, "f1": 0.74237, "auc": 0.82972}
{"epoch": 70, "time_epoch": 6.02816, "eta": 183.04123, "eta_hours": 0.05084, "loss": 0.50244384, "lr": 0.00020611, "params": 6759, "time_iter": 0.04673, "accuracy": 0.75949, "precision": 0.7627, "recall": 0.75678, "f1": 0.75973, "auc": 0.83534}
{"epoch": 71, "time_epoch": 5.9758, "eta": 176.59881, "eta_hours": 0.04906, "loss": 0.51143427, "lr": 0.00019355, "params": 6759, "time_iter": 0.04632, "accuracy": 0.74927, "precision": 0.74364, "recall": 0.76453, "f1": 0.75394, "auc": 0.82968}
{"epoch": 72, "time_epoch": 6.44463, "eta": 170.34258, "eta_hours": 0.04732, "loss": 0.49925471, "lr": 0.00018129, "params": 6759, "time_iter": 0.04996, "accuracy": 0.7517, "precision": 0.75048, "recall": 0.75775, "f1": 0.7541, "auc": 0.83473}
{"epoch": 73, "time_epoch": 6.25992, "eta": 164.01636, "eta_hours": 0.04556, "loss": 0.51371094, "lr": 0.00016934, "params": 6759, "time_iter": 0.04853, "accuracy": 0.74635, "precision": 0.74638, "recall": 0.75, "f1": 0.74819, "auc": 0.82576}
{"epoch": 74, "time_epoch": 6.49178, "eta": 157.76919, "eta_hours": 0.04382, "loss": 0.51329835, "lr": 0.00015773, "params": 6759, "time_iter": 0.05032, "accuracy": 0.75268, "precision": 0.75, "recall": 0.76163, "f1": 0.75577, "auc": 0.82579}
{"epoch": 75, "time_epoch": 6.34561, "eta": 151.46942, "eta_hours": 0.04207, "loss": 0.50719164, "lr": 0.00014645, "params": 6759, "time_iter": 0.04919, "accuracy": 0.74878, "precision": 0.74855, "recall": 0.75291, "f1": 0.75072, "auc": 0.8293}
{"epoch": 76, "time_epoch": 6.07557, "eta": 145.08781, "eta_hours": 0.0403, "loss": 0.50293495, "lr": 0.00013552, "params": 6759, "time_iter": 0.0471, "accuracy": 0.7517, "precision": 0.75242, "recall": 0.75388, "f1": 0.75315, "auc": 0.83373}
{"epoch": 77, "time_epoch": 5.95952, "eta": 138.68131, "eta_hours": 0.03852, "loss": 0.49840249, "lr": 0.00012494, "params": 6759, "time_iter": 0.0462, "accuracy": 0.75122, "precision": 0.74739, "recall": 0.7626, "f1": 0.75492, "auc": 0.83762}
{"epoch": 78, "time_epoch": 6.18548, "eta": 132.34619, "eta_hours": 0.03676, "loss": 0.50601602, "lr": 0.00011474, "params": 6759, "time_iter": 0.04795, "accuracy": 0.75852, "precision": 0.75235, "recall": 0.77422, "f1": 0.76313, "auc": 0.8314}
{"epoch": 79, "time_epoch": 6.12936, "eta": 126.00078, "eta_hours": 0.035, "loss": 0.5026728, "lr": 0.00010492, "params": 6759, "time_iter": 0.04751, "accuracy": 0.75803, "precision": 0.75355, "recall": 0.77035, "f1": 0.76186, "auc": 0.83483}
{"epoch": 80, "time_epoch": 5.79665, "eta": 119.58266, "eta_hours": 0.03322, "loss": 0.5014568, "lr": 9.549e-05, "params": 6759, "time_iter": 0.04494, "accuracy": 0.74781, "precision": 0.73929, "recall": 0.76938, "f1": 0.75404, "auc": 0.835}
{"epoch": 81, "time_epoch": 6.2057, "eta": 113.26949, "eta_hours": 0.03146, "loss": 0.50685421, "lr": 8.646e-05, "params": 6759, "time_iter": 0.04811, "accuracy": 0.75755, "precision": 0.75477, "recall": 0.76647, "f1": 0.76058, "auc": 0.83196}
{"epoch": 82, "time_epoch": 6.38886, "eta": 106.99643, "eta_hours": 0.02972, "loss": 0.50296762, "lr": 7.784e-05, "params": 6759, "time_iter": 0.04953, "accuracy": 0.74976, "precision": 0.74761, "recall": 0.75775, "f1": 0.75265, "auc": 0.83338}
{"epoch": 83, "time_epoch": 5.88241, "eta": 100.62414, "eta_hours": 0.02795, "loss": 0.50198972, "lr": 6.963e-05, "params": 6759, "time_iter": 0.0456, "accuracy": 0.74537, "precision": 0.73587, "recall": 0.76938, "f1": 0.75225, "auc": 0.83312}
{"epoch": 84, "time_epoch": 5.83892, "eta": 94.2557, "eta_hours": 0.02618, "loss": 0.50740135, "lr": 6.185e-05, "params": 6759, "time_iter": 0.04526, "accuracy": 0.75073, "precision": 0.75194, "recall": 0.75194, "f1": 0.75194, "auc": 0.83123}
{"epoch": 85, "time_epoch": 5.99406, "eta": 87.92483, "eta_hours": 0.02442, "loss": 0.50648043, "lr": 5.45e-05, "params": 6759, "time_iter": 0.04647, "accuracy": 0.75463, "precision": 0.74953, "recall": 0.76841, "f1": 0.75885, "auc": 0.83108}
{"epoch": 86, "time_epoch": 6.086, "eta": 81.61545, "eta_hours": 0.02267, "loss": 0.49420543, "lr": 4.759e-05, "params": 6759, "time_iter": 0.04718, "accuracy": 0.76047, "precision": 0.7552, "recall": 0.77422, "f1": 0.76459, "auc": 0.83995}
{"epoch": 87, "time_epoch": 6.28214, "eta": 75.33789, "eta_hours": 0.02093, "loss": 0.49699501, "lr": 4.112e-05, "params": 6759, "time_iter": 0.0487, "accuracy": 0.75852, "precision": 0.7567, "recall": 0.7655, "f1": 0.76108, "auc": 0.839}
{"epoch": 88, "time_epoch": 6.16219, "eta": 69.0454, "eta_hours": 0.01918, "loss": 0.5088835, "lr": 3.511e-05, "params": 6759, "time_iter": 0.04777, "accuracy": 0.74781, "precision": 0.74855, "recall": 0.75, "f1": 0.74927, "auc": 0.82893}
{"epoch": 89, "time_epoch": 6.15878, "eta": 62.75542, "eta_hours": 0.01743, "loss": 0.4975573, "lr": 2.956e-05, "params": 6759, "time_iter": 0.04774, "accuracy": 0.76047, "precision": 0.75763, "recall": 0.76938, "f1": 0.76346, "auc": 0.83829}
{"epoch": 90, "time_epoch": 6.1918, "eta": 56.4716, "eta_hours": 0.01569, "loss": 0.50668405, "lr": 2.447e-05, "params": 6759, "time_iter": 0.048, "accuracy": 0.74878, "precision": 0.74855, "recall": 0.75291, "f1": 0.75072, "auc": 0.83094}
{"epoch": 91, "time_epoch": 6.45769, "eta": 50.2129, "eta_hours": 0.01395, "loss": 0.50169562, "lr": 1.985e-05, "params": 6759, "time_iter": 0.05006, "accuracy": 0.74489, "precision": 0.7419, "recall": 0.75484, "f1": 0.74832, "auc": 0.83264}
{"epoch": 92, "time_epoch": 6.26523, "eta": 43.93543, "eta_hours": 0.0122, "loss": 0.50128797, "lr": 1.571e-05, "params": 6759, "time_iter": 0.04857, "accuracy": 0.74051, "precision": 0.73967, "recall": 0.74612, "f1": 0.74288, "auc": 0.83354}
{"epoch": 93, "time_epoch": 6.22194, "eta": 37.65545, "eta_hours": 0.01046, "loss": 0.51368324, "lr": 1.204e-05, "params": 6759, "time_iter": 0.04823, "accuracy": 0.7483, "precision": 0.74594, "recall": 0.75678, "f1": 0.75132, "auc": 0.82571}
{"epoch": 94, "time_epoch": 6.3378, "eta": 31.3828, "eta_hours": 0.00872, "loss": 0.5059306, "lr": 8.86e-06, "params": 6759, "time_iter": 0.04913, "accuracy": 0.74635, "precision": 0.74172, "recall": 0.75969, "f1": 0.7506, "auc": 0.83003}
{"epoch": 95, "time_epoch": 6.45385, "eta": 25.11363, "eta_hours": 0.00698, "loss": 0.49679745, "lr": 6.16e-06, "params": 6759, "time_iter": 0.05003, "accuracy": 0.75949, "precision": 0.75473, "recall": 0.77229, "f1": 0.76341, "auc": 0.83716}
{"epoch": 96, "time_epoch": 10.25376, "eta": 18.95817, "eta_hours": 0.00527, "loss": 0.49523918, "lr": 3.94e-06, "params": 6759, "time_iter": 0.07949, "accuracy": 0.76339, "precision": 0.75901, "recall": 0.77519, "f1": 0.76702, "auc": 0.83824}
{"epoch": 97, "time_epoch": 10.0116, "eta": 12.71413, "eta_hours": 0.00353, "loss": 0.50144389, "lr": 2.22e-06, "params": 6759, "time_iter": 0.07761, "accuracy": 0.7556, "precision": 0.7519, "recall": 0.76647, "f1": 0.75912, "auc": 0.83451}
{"epoch": 98, "time_epoch": 10.7346, "eta": 6.40128, "eta_hours": 0.00178, "loss": 0.50916409, "lr": 9.9e-07, "params": 6759, "time_iter": 0.08321, "accuracy": 0.7517, "precision": 0.74669, "recall": 0.7655, "f1": 0.75598, "auc": 0.83047}
{"epoch": 99, "time_epoch": 11.06277, "eta": 0.0, "eta_hours": 0.0, "loss": 0.500489, "lr": 2.5e-07, "params": 6759, "time_iter": 0.08576, "accuracy": 0.75901, "precision": 0.75499, "recall": 0.77035, "f1": 0.76259, "auc": 0.83586}
