{"epoch": 9, "time_epoch": 10.17427, "time_epoch_std": 0.83447, "eta": 996.74807, "eta_std": 257.20369, "eta_hours": 0.27688, "eta_hours_std": 0.07144, "loss": 0.56298, "loss_std": 0.01509, "lr": 0.00089, "lr_std": 0.00014, "params": 6697.0, "params_std": 0.0, "time_iter": 0.06921, "time_iter_std": 0.00568, "accuracy": 0.74107, "accuracy_std": 0.01309, "accuracy_max": 0.76361, "precision": 0.73749, "precision_std": 0.01374, "recall": 0.58025, "recall_std": 0.04197, "f1": 0.64861, "f1_std": 0.02674, "auc": 0.78458, "auc_std": 0.02735}
