{"epoch": 0, "time_epoch": 32.77657, "time_epoch_std": 10.96954, "eta": 3244.88042, "eta_std": 1085.98496, "eta_hours": 0.90135, "eta_hours_std": 0.30166, "loss": 0.67905, "loss_std": 0.00419, "lr": 0.001, "lr_std": 0.0, "params": 6697.0, "params_std": 0.0, "time_iter": 0.22297, "time_iter_std": 0.07462, "accuracy": 0.55782, "accuracy_std": 0.02562, "accuracy_max": 0.58673, "precision": 0.35307, "precision_std": 0.2043, "recall": 0.55864, "recall_std": 0.32603, "f1": 0.43213, "f1_std": 0.25031, "auc": 0.59354, "auc_std": 0.06748}
{"epoch": 1, "time_epoch": 13.81292, "time_epoch_std": 5.87939, "eta": 2282.88479, "eta_std": 800.88087, "eta_hours": 0.63413, "eta_hours_std": 0.22247, "loss": 0.61897, "loss_std": 0.01444, "lr": 0.001, "lr_std": 0.0, "params": 6697.0, "params_std": 0.0, "time_iter": 0.09397, "time_iter_std": 0.04, "accuracy": 0.6756, "accuracy_std": 0.02182, "accuracy_max": 0.70068, "precision": 0.68509, "precision_std": 0.01553, "recall": 0.39815, "recall_std": 0.09032, "f1": 0.49703, "f1_std": 0.07996, "auc": 0.69088, "auc_std": 0.01067}
{"epoch": 2, "time_epoch": 12.96045, "time_epoch_std": 4.65216, "eta": 1925.44797, "eta_std": 670.87296, "eta_hours": 0.53485, "eta_hours_std": 0.18635, "loss": 0.59428, "loss_std": 0.01382, "lr": 0.001, "lr_std": 0.0, "params": 6697.0, "params_std": 0.0, "time_iter": 0.08817, "time_iter_std": 0.03165, "accuracy": 0.6994, "accuracy_std": 0.01286, "accuracy_max": 0.71769, "precision": 0.70197, "precision_std": 0.02605, "recall": 0.47531, "recall_std": 0.03059, "f1": 0.56609, "f1_std": 0.02362, "auc": 0.72838, "auc_std": 0.0186}
{"epoch": 3, "time_epoch": 10.89547, "time_epoch_std": 1.4665, "eta": 1690.6898, "eta_std": 525.2434, "eta_hours": 0.46964, "eta_hours_std": 0.1459, "loss": 0.57481, "loss_std": 0.00396, "lr": 0.001, "lr_std": 0.0, "params": 6697.0, "params_std": 0.0, "time_iter": 0.07412, "time_iter_std": 0.00997, "accuracy": 0.71556, "accuracy_std": 0.00185, "accuracy_max": 0.71769, "precision": 0.71502, "precision_std": 0.00532, "recall": 0.51852, "recall_std": 0.01127, "f1": 0.601, "f1_std": 0.00624, "auc": 0.75414, "auc_std": 0.0115}
{"epoch": 4, "time_epoch": 10.23647, "time_epoch_std": 0.87536, "eta": 1532.95562, "eta_std": 417.85133, "eta_hours": 0.42582, "eta_hours_std": 0.11607, "loss": 0.57636, "loss_std": 0.01469, "lr": 0.001, "lr_std": 0.0, "params": 6697.0, "params_std": 0.0, "time_iter": 0.06964, "time_iter_std": 0.00595, "accuracy": 0.72619, "accuracy_std": 0.02304, "accuracy_max": 0.7568, "precision": 0.72913, "precision_std": 0.03109, "recall": 0.53601, "recall_std": 0.05077, "f1": 0.61695, "f1_std": 0.04203, "auc": 0.75396, "auc_std": 0.02238}
{"epoch": 5, "time_epoch": 10.21562, "time_epoch_std": 0.84155, "eta": 1424.06072, "eta_std": 346.1518, "eta_hours": 0.39557, "eta_hours_std": 0.09615, "loss": 0.56678, "loss_std": 0.00817, "lr": 0.00099, "lr_std": 0.0, "params": 6697.0, "params_std": 0.0, "time_iter": 0.0695, "time_iter_std": 0.00572, "accuracy": 0.72279, "accuracy_std": 0.00825, "accuracy_max": 0.73129, "precision": 0.71938, "precision_std": 0.01902, "recall": 0.54115, "recall_std": 0.02409, "f1": 0.61714, "f1_std": 0.01447, "auc": 0.77208, "auc_std": 0.01084}
{"epoch": 6, "time_epoch": 10.22724, "time_epoch_std": 0.86172, "eta": 1343.51437, "eta_std": 295.77373, "eta_hours": 0.37319, "eta_hours_std": 0.08216, "loss": 0.56627, "loss_std": 0.01349, "lr": 0.00099, "lr_std": 0.0, "params": 6697.0, "params_std": 0.0, "time_iter": 0.06957, "time_iter_std": 0.00586, "accuracy": 0.74405, "accuracy_std": 0.00746, "accuracy_max": 0.7551, "precision": 0.74806, "precision_std": 0.01187, "recall": 0.57408, "recall_std": 0.0144, "f1": 0.64953, "f1_std": 0.01173, "auc": 0.78144, "auc_std": 0.01605}
{"epoch": 7, "time_epoch": 10.23065, "time_epoch_std": 0.86084, "eta": 1280.58702, "eta_std": 258.16764, "eta_hours": 0.35572, "eta_hours_std": 0.07172, "loss": 0.5695, "loss_std": 0.00557, "lr": 0.00099, "lr_std": 0.0, "params": 6697.0, "params_std": 0.0, "time_iter": 0.0696, "time_iter_std": 0.00585, "accuracy": 0.73427, "accuracy_std": 0.01314, "accuracy_max": 0.7517, "precision": 0.72642, "precision_std": 0.01875, "recall": 0.57304, "recall_std": 0.03179, "f1": 0.6402, "f1_std": 0.02333, "auc": 0.7758, "auc_std": 0.01114}
{"epoch": 8, "time_epoch": 10.20019, "time_epoch_std": 0.84569, "eta": 1229.06197, "eta_std": 228.85035, "eta_hours": 0.34141, "eta_hours_std": 0.06357, "loss": 0.57316, "loss_std": 0.01082, "lr": 0.00098, "lr_std": 0.0, "params": 6697.0, "params_std": 0.0, "time_iter": 0.06939, "time_iter_std": 0.00575, "accuracy": 0.73682, "accuracy_std": 0.00927, "accuracy_max": 0.7517, "precision": 0.73312, "precision_std": 0.01321, "recall": 0.57202, "recall_std": 0.03805, "f1": 0.64173, "f1_std": 0.02197, "auc": 0.7732, "auc_std": 0.02115}
{"epoch": 9, "time_epoch": 10.19394, "time_epoch_std": 0.83596, "eta": 1185.74574, "eta_std": 205.66369, "eta_hours": 0.32938, "eta_hours_std": 0.05713, "loss": 0.57424, "loss_std": 0.01666, "lr": 0.00098, "lr_std": 0.0, "params": 6697.0, "params_std": 0.0, "time_iter": 0.06934, "time_iter_std": 0.00569, "accuracy": 0.73342, "accuracy_std": 0.01205, "accuracy_max": 0.75, "precision": 0.72733, "precision_std": 0.01535, "recall": 0.5679, "recall_std": 0.03107, "f1": 0.63738, "f1_std": 0.02203, "auc": 0.7674, "auc_std": 0.01655}
{"epoch": 10, "time_epoch": 10.19437, "time_epoch_std": 0.83456, "eta": 1148.45514, "eta_std": 186.97575, "eta_hours": 0.31902, "eta_hours_std": 0.05194, "loss": 0.55626, "loss_std": 0.005, "lr": 0.00098, "lr_std": 0.0, "params": 6697.0, "params_std": 0.0, "time_iter": 0.06935, "time_iter_std": 0.00568, "accuracy": 0.74192, "accuracy_std": 0.01071, "accuracy_max": 0.7534, "precision": 0.73118, "precision_std": 0.01361, "recall": 0.59362, "recall_std": 0.01826, "f1": 0.65522, "f1_std": 0.01615, "auc": 0.78842, "auc_std": 0.00759}
{"epoch": 11, "time_epoch": 10.18364, "time_epoch_std": 0.84216, "eta": 1115.60192, "eta_std": 171.47782, "eta_hours": 0.30989, "eta_hours_std": 0.04763, "loss": 0.56155, "loss_std": 0.00709, "lr": 0.00097, "lr_std": 0.0, "params": 6697.0, "params_std": 0.0, "time_iter": 0.06928, "time_iter_std": 0.00573, "accuracy": 0.73002, "accuracy_std": 0.00965, "accuracy_max": 0.7398, "precision": 0.72501, "precision_std": 0.01418, "recall": 0.55864, "recall_std": 0.02045, "f1": 0.63088, "f1_std": 0.01608, "auc": 0.78018, "auc_std": 0.00986}
{"epoch": 12, "time_epoch": 10.19192, "time_epoch_std": 0.84986, "eta": 1086.29176, "eta_std": 158.64666, "eta_hours": 0.30175, "eta_hours_std": 0.04407, "loss": 0.56303, "loss_std": 0.00777, "lr": 0.00096, "lr_std": 0.0, "params": 6697.0, "params_std": 0.0, "time_iter": 0.06933, "time_iter_std": 0.00578, "accuracy": 0.7381, "accuracy_std": 0.00601, "accuracy_max": 0.7432, "precision": 0.73104, "precision_std": 0.01997, "recall": 0.58128, "recall_std": 0.01523, "f1": 0.64717, "f1_std": 0.00362, "auc": 0.78082, "auc_std": 0.00526}
{"epoch": 13, "time_epoch": 10.16208, "time_epoch_std": 0.83282, "eta": 1059.52944, "eta_std": 147.70246, "eta_hours": 0.29432, "eta_hours_std": 0.04103, "loss": 0.55232, "loss_std": 0.00449, "lr": 0.00096, "lr_std": 0.0, "params": 6697.0, "params_std": 0.0, "time_iter": 0.06913, "time_iter_std": 0.00567, "accuracy": 0.73639, "accuracy_std": 0.01197, "accuracy_max": 0.75, "precision": 0.7246, "precision_std": 0.00927, "recall": 0.58436, "recall_std": 0.04316, "f1": 0.64607, "f1_std": 0.02698, "auc": 0.78956, "auc_std": 0.00813}
{"epoch": 14, "time_epoch": 10.12824, "time_epoch_std": 0.85596, "eta": 1034.78876, "eta_std": 137.95685, "eta_hours": 0.28744, "eta_hours_std": 0.03832, "loss": 0.56581, "loss_std": 0.00903, "lr": 0.00095, "lr_std": 0.0, "params": 6697.0, "params_std": 0.0, "time_iter": 0.0689, "time_iter_std": 0.00583, "accuracy": 0.73767, "accuracy_std": 0.0044, "accuracy_max": 0.7432, "precision": 0.72724, "precision_std": 0.00257, "recall": 0.58436, "recall_std": 0.01333, "f1": 0.64795, "f1_std": 0.00903, "auc": 0.77711, "auc_std": 0.01172}
{"epoch": 15, "time_epoch": 10.14299, "time_epoch_std": 0.83553, "eta": 1011.95206, "eta_std": 129.52125, "eta_hours": 0.2811, "eta_hours_std": 0.03598, "loss": 0.55165, "loss_std": 0.01899, "lr": 0.00095, "lr_std": 0.0, "params": 6697.0, "params_std": 0.0, "time_iter": 0.069, "time_iter_std": 0.00568, "accuracy": 0.74235, "accuracy_std": 0.01264, "accuracy_max": 0.76361, "precision": 0.737, "precision_std": 0.02506, "recall": 0.58642, "recall_std": 0.00682, "f1": 0.65305, "f1_std": 0.01379, "auc": 0.78749, "auc_std": 0.01493}
{"epoch": 16, "time_epoch": 10.09089, "time_epoch_std": 0.76994, "eta": 990.35437, "eta_std": 122.10199, "eta_hours": 0.2751, "eta_hours_std": 0.03392, "loss": 0.56626, "loss_std": 0.01241, "lr": 0.00094, "lr_std": 0.0, "params": 6697.0, "params_std": 0.0, "time_iter": 0.06864, "time_iter_std": 0.00524, "accuracy": 0.73214, "accuracy_std": 0.00595, "accuracy_max": 0.7381, "precision": 0.72658, "precision_std": 0.01312, "recall": 0.56481, "recall_std": 0.01779, "f1": 0.63529, "f1_std": 0.01046, "auc": 0.78263, "auc_std": 0.00713}
{"epoch": 17, "time_epoch": 10.07613, "time_epoch_std": 0.78613, "eta": 969.96793, "eta_std": 115.34192, "eta_hours": 0.26944, "eta_hours_std": 0.03204, "loss": 0.54411, "loss_std": 0.00834, "lr": 0.00093, "lr_std": 0.0, "params": 6697.0, "params_std": 0.0, "time_iter": 0.06854, "time_iter_std": 0.00535, "accuracy": 0.74745, "accuracy_std": 0.01093, "accuracy_max": 0.76361, "precision": 0.73486, "precision_std": 0.01488, "recall": 0.60905, "recall_std": 0.03356, "f1": 0.66546, "f1_std": 0.02115, "auc": 0.79306, "auc_std": 0.00602}
{"epoch": 18, "time_epoch": 9.94751, "time_epoch_std": 0.81675, "eta": 950.11848, "eta_std": 108.51691, "eta_hours": 0.26392, "eta_hours_std": 0.03014, "loss": 0.56013, "loss_std": 0.01146, "lr": 0.00092, "lr_std": 0.0, "params": 6697.0, "params_std": 0.0, "time_iter": 0.06767, "time_iter_std": 0.00555, "accuracy": 0.72832, "accuracy_std": 0.0115, "accuracy_max": 0.7398, "precision": 0.71182, "precision_std": 0.0115, "recall": 0.5751, "recall_std": 0.02609, "f1": 0.63604, "f1_std": 0.02019, "auc": 0.78164, "auc_std": 0.01055}
{"epoch": 19, "time_epoch": 9.92595, "time_epoch_std": 0.82683, "eta": 931.17299, "eta_std": 102.55392, "eta_hours": 0.25866, "eta_hours_std": 0.02849, "loss": 0.55961, "loss_std": 0.01325, "lr": 0.00091, "lr_std": 0.0, "params": 6697.0, "params_std": 0.0, "time_iter": 0.06752, "time_iter_std": 0.00563, "accuracy": 0.72959, "accuracy_std": 0.0077, "accuracy_max": 0.7415, "precision": 0.72125, "precision_std": 0.01724, "recall": 0.56482, "recall_std": 0.0251, "f1": 0.63296, "f1_std": 0.01447, "auc": 0.77955, "auc_std": 0.01336}
{"epoch": 20, "time_epoch": 9.93814, "time_epoch_std": 0.84761, "eta": 913.13237, "eta_std": 97.34318, "eta_hours": 0.25365, "eta_hours_std": 0.02704, "loss": 0.55829, "loss_std": 0.00713, "lr": 0.0009, "lr_std": 0.0, "params": 6697.0, "params_std": 0.0, "time_iter": 0.06761, "time_iter_std": 0.00577, "accuracy": 0.73597, "accuracy_std": 0.00594, "accuracy_max": 0.7432, "precision": 0.73065, "precision_std": 0.00721, "recall": 0.57202, "recall_std": 0.01721, "f1": 0.64154, "f1_std": 0.01154, "auc": 0.78107, "auc_std": 0.01437}
{"epoch": 21, "time_epoch": 9.62584, "time_epoch_std": 0.32354, "eta": 894.72111, "eta_std": 92.13919, "eta_hours": 0.24854, "eta_hours_std": 0.02559, "loss": 0.54749, "loss_std": 0.00987, "lr": 0.0009, "lr_std": 0.0, "params": 6697.0, "params_std": 0.0, "time_iter": 0.06548, "time_iter_std": 0.0022, "accuracy": 0.72874, "accuracy_std": 0.01118, "accuracy_max": 0.7466, "precision": 0.71329, "precision_std": 0.01152, "recall": 0.57408, "recall_std": 0.02373, "f1": 0.63605, "f1_std": 0.01887, "auc": 0.78672, "auc_std": 0.01506}
{"epoch": 22, "time_epoch": 9.49561, "time_epoch_std": 0.04721, "eta": 876.6378, "eta_std": 86.9937, "eta_hours": 0.24351, "eta_hours_std": 0.02417, "loss": 0.5541, "loss_std": 0.00743, "lr": 0.00089, "lr_std": 0.0, "params": 6697.0, "params_std": 0.0, "time_iter": 0.0646, "time_iter_std": 0.00032, "accuracy": 0.74022, "accuracy_std": 0.0087, "accuracy_max": 0.75, "precision": 0.72551, "precision_std": 0.02067, "recall": 0.59876, "recall_std": 0.00943, "f1": 0.65583, "f1_std": 0.00754, "auc": 0.78354, "auc_std": 0.00663}
{"epoch": 23, "time_epoch": 9.45727, "time_epoch_std": 0.08647, "eta": 859.14872, "eta_std": 82.3564, "eta_hours": 0.23866, "eta_hours_std": 0.02288, "loss": 0.5464, "loss_std": 0.0203, "lr": 0.00088, "lr_std": 0.0, "params": 6697.0, "params_std": 0.0, "time_iter": 0.06433, "time_iter_std": 0.00059, "accuracy": 0.74788, "accuracy_std": 0.01556, "accuracy_max": 0.77381, "precision": 0.74621, "precision_std": 0.01764, "recall": 0.59054, "recall_std": 0.03362, "f1": 0.65898, "f1_std": 0.02574, "auc": 0.79518, "auc_std": 0.01645}
{"epoch": 24, "time_epoch": 9.48968, "time_epoch_std": 0.05841, "eta": 842.39941, "eta_std": 78.05788, "eta_hours": 0.234, "eta_hours_std": 0.02168, "loss": 0.55708, "loss_std": 0.01074, "lr": 0.00086, "lr_std": 0.0, "params": 6697.0, "params_std": 0.0, "time_iter": 0.06455, "time_iter_std": 0.0004, "accuracy": 0.73639, "accuracy_std": 0.01487, "accuracy_max": 0.7602, "precision": 0.72523, "precision_std": 0.02366, "recall": 0.58334, "recall_std": 0.02045, "f1": 0.64648, "f1_std": 0.02041, "auc": 0.78972, "auc_std": 0.01854}
{"epoch": 25, "time_epoch": 9.46336, "time_epoch_std": 0.0675, "eta": 826.13362, "eta_std": 74.04035, "eta_hours": 0.22948, "eta_hours_std": 0.02057, "loss": 0.54167, "loss_std": 0.00769, "lr": 0.00085, "lr_std": 0.0, "params": 6697.0, "params_std": 0.0, "time_iter": 0.06438, "time_iter_std": 0.00046, "accuracy": 0.7398, "accuracy_std": 0.00564, "accuracy_max": 0.7449, "precision": 0.72214, "precision_std": 0.0148, "recall": 0.60288, "recall_std": 0.00897, "f1": 0.65696, "f1_std": 0.00436, "auc": 0.79662, "auc_std": 0.01139}
{"epoch": 26, "time_epoch": 9.48153, "time_epoch_std": 0.03996, "eta": 810.42084, "eta_std": 70.34008, "eta_hours": 0.22512, "eta_hours_std": 0.01954, "loss": 0.54168, "loss_std": 0.01037, "lr": 0.00084, "lr_std": 0.0, "params": 6697.0, "params_std": 0.0, "time_iter": 0.0645, "time_iter_std": 0.00027, "accuracy": 0.74277, "accuracy_std": 0.01286, "accuracy_max": 0.7585, "precision": 0.73234, "precision_std": 0.01577, "recall": 0.59465, "recall_std": 0.02226, "f1": 0.6563, "f1_std": 0.01974, "auc": 0.79275, "auc_std": 0.00816}
{"epoch": 27, "time_epoch": 9.47091, "time_epoch_std": 0.02855, "eta": 795.12583, "eta_std": 66.89496, "eta_hours": 0.22087, "eta_hours_std": 0.01858, "loss": 0.55216, "loss_std": 0.00522, "lr": 0.00083, "lr_std": 0.0, "params": 6697.0, "params_std": 0.0, "time_iter": 0.06443, "time_iter_std": 0.00019, "accuracy": 0.74575, "accuracy_std": 0.00544, "accuracy_max": 0.7534, "precision": 0.73977, "precision_std": 0.00855, "recall": 0.59362, "recall_std": 0.00842, "f1": 0.65866, "f1_std": 0.00768, "auc": 0.79322, "auc_std": 0.00951}
{"epoch": 28, "time_epoch": 9.49514, "time_epoch_std": 0.03987, "eta": 780.2918, "eta_std": 63.68903, "eta_hours": 0.21675, "eta_hours_std": 0.01769, "loss": 0.55052, "loss_std": 0.00686, "lr": 0.00082, "lr_std": 0.0, "params": 6697.0, "params_std": 0.0, "time_iter": 0.06459, "time_iter_std": 0.00027, "accuracy": 0.75085, "accuracy_std": 0.00871, "accuracy_max": 0.7602, "precision": 0.75004, "precision_std": 0.01058, "recall": 0.59568, "recall_std": 0.02261, "f1": 0.66378, "f1_std": 0.01583, "auc": 0.79664, "auc_std": 0.012}
{"epoch": 29, "time_epoch": 9.61497, "time_epoch_std": 0.19943, "eta": 766.09331, "eta_std": 60.53559, "eta_hours": 0.2128, "eta_hours_std": 0.01681, "loss": 0.54414, "loss_std": 0.01597, "lr": 0.00081, "lr_std": 0.0, "params": 6697.0, "params_std": 0.0, "time_iter": 0.06541, "time_iter_std": 0.00136, "accuracy": 0.75212, "accuracy_std": 0.0064, "accuracy_max": 0.7619, "precision": 0.74671, "precision_std": 0.01186, "recall": 0.60597, "recall_std": 0.01345, "f1": 0.66889, "f1_std": 0.00936, "auc": 0.80688, "auc_std": 0.01001}
{"epoch": 30, "time_epoch": 9.41375, "time_epoch_std": 0.13636, "eta": 751.74266, "eta_std": 57.85724, "eta_hours": 0.20882, "eta_hours_std": 0.01607, "loss": 0.54799, "loss_std": 0.01511, "lr": 0.00079, "lr_std": 0.0, "params": 6697.0, "params_std": 0.0, "time_iter": 0.06404, "time_iter_std": 0.00093, "accuracy": 0.74532, "accuracy_std": 0.0064, "accuracy_max": 0.7517, "precision": 0.7401, "precision_std": 0.00854, "recall": 0.59156, "recall_std": 0.01779, "f1": 0.65739, "f1_std": 0.01188, "auc": 0.79436, "auc_std": 0.01173}
{"epoch": 31, "time_epoch": 9.57931, "time_epoch_std": 0.21396, "eta": 738.05239, "eta_std": 55.00199, "eta_hours": 0.20502, "eta_hours_std": 0.01528, "loss": 0.54672, "loss_std": 0.01708, "lr": 0.00078, "lr_std": 0.0, "params": 6697.0, "params_std": 0.0, "time_iter": 0.06516, "time_iter_std": 0.00146, "accuracy": 0.74745, "accuracy_std": 0.00904, "accuracy_max": 0.7568, "precision": 0.7445, "precision_std": 0.00868, "recall": 0.59259, "recall_std": 0.03599, "f1": 0.65919, "f1_std": 0.02168, "auc": 0.79595, "auc_std": 0.01674}
{"epoch": 32, "time_epoch": 9.57863, "time_epoch_std": 0.21657, "eta": 724.60988, "eta_std": 52.30978, "eta_hours": 0.20128, "eta_hours_std": 0.01453, "loss": 0.5414, "loss_std": 0.00796, "lr": 0.00077, "lr_std": 0.0, "params": 6697.0, "params_std": 0.0, "time_iter": 0.06516, "time_iter_std": 0.00147, "accuracy": 0.74107, "accuracy_std": 0.00641, "accuracy_max": 0.7517, "precision": 0.74254, "precision_std": 0.01152, "recall": 0.57201, "recall_std": 0.01697, "f1": 0.64602, "f1_std": 0.01139, "auc": 0.79905, "auc_std": 0.00763}
{"epoch": 33, "time_epoch": 9.60718, "time_epoch_std": 0.20055, "eta": 711.45007, "eta_std": 49.84872, "eta_hours": 0.19762, "eta_hours_std": 0.01385, "loss": 0.53216, "loss_std": 0.01644, "lr": 0.00075, "lr_std": 0.0, "params": 6697.0, "params_std": 0.0, "time_iter": 0.06536, "time_iter_std": 0.00137, "accuracy": 0.76446, "accuracy_std": 0.00595, "accuracy_max": 0.77041, "precision": 0.75208, "precision_std": 0.01133, "recall": 0.64197, "recall_std": 0.0177, "f1": 0.69246, "f1_std": 0.00986, "auc": 0.81024, "auc_std": 0.00867}
{"epoch": 34, "time_epoch": 9.40231, "time_epoch_std": 0.1613, "eta": 698.1128, "eta_std": 47.86053, "eta_hours": 0.19392, "eta_hours_std": 0.01329, "loss": 0.53444, "loss_std": 0.00698, "lr": 0.00074, "lr_std": 0.0, "params": 6697.0, "params_std": 0.0, "time_iter": 0.06396, "time_iter_std": 0.0011, "accuracy": 0.7517, "accuracy_std": 0.01387, "accuracy_max": 0.77211, "precision": 0.73462, "precision_std": 0.0153, "recall": 0.62448, "recall_std": 0.02673, "f1": 0.67497, "f1_std": 0.02155, "auc": 0.81316, "auc_std": 0.00961}
{"epoch": 35, "time_epoch": 9.42626, "time_epoch_std": 0.08754, "eta": 685.03673, "eta_std": 45.73188, "eta_hours": 0.19029, "eta_hours_std": 0.0127, "loss": 0.53713, "loss_std": 0.01373, "lr": 0.00073, "lr_std": 0.0, "params": 6697.0, "params_std": 0.0, "time_iter": 0.06412, "time_iter_std": 0.0006, "accuracy": 0.75638, "accuracy_std": 0.00501, "accuracy_max": 0.76361, "precision": 0.7431, "precision_std": 0.00902, "recall": 0.62757, "recall_std": 0.00943, "f1": 0.68041, "f1_std": 0.00678, "auc": 0.81248, "auc_std": 0.01092}
{"epoch": 36, "time_epoch": 9.54602, "time_epoch_std": 0.0429, "eta": 672.36184, "eta_std": 43.84825, "eta_hours": 0.18677, "eta_hours_std": 0.01218, "loss": 0.53287, "loss_std": 0.01139, "lr": 0.00071, "lr_std": 0.0, "params": 6697.0, "params_std": 0.0, "time_iter": 0.06494, "time_iter_std": 0.00029, "accuracy": 0.76063, "accuracy_std": 0.00423, "accuracy_max": 0.76361, "precision": 0.75561, "precision_std": 0.00973, "recall": 0.62243, "recall_std": 0.01894, "f1": 0.68232, "f1_std": 0.00925, "auc": 0.80778, "auc_std": 0.01254}
{"epoch": 37, "time_epoch": 9.50454, "time_epoch_std": 0.0407, "eta": 659.78396, "eta_std": 42.05783, "eta_hours": 0.18327, "eta_hours_std": 0.01168, "loss": 0.53771, "loss_std": 0.01562, "lr": 0.0007, "lr_std": 0.0, "params": 6697.0, "params_std": 0.0, "time_iter": 0.06466, "time_iter_std": 0.00028, "accuracy": 0.75596, "accuracy_std": 0.01395, "accuracy_max": 0.77381, "precision": 0.7552, "precision_std": 0.02048, "recall": 0.60597, "recall_std": 0.02261, "f1": 0.67226, "f1_std": 0.02002, "auc": 0.8079, "auc_std": 0.01337}
{"epoch": 38, "time_epoch": 9.53673, "time_epoch_std": 0.04, "eta": 647.41404, "eta_std": 40.34536, "eta_hours": 0.17984, "eta_hours_std": 0.01121, "loss": 0.53819, "loss_std": 0.01342, "lr": 0.00068, "lr_std": 0.0, "params": 6697.0, "params_std": 0.0, "time_iter": 0.06488, "time_iter_std": 0.00027, "accuracy": 0.75085, "accuracy_std": 0.01138, "accuracy_max": 0.76361, "precision": 0.7448, "precision_std": 0.01406, "recall": 0.60391, "recall_std": 0.02106, "f1": 0.66691, "f1_std": 0.01768, "auc": 0.80757, "auc_std": 0.01061}
{"epoch": 39, "time_epoch": 9.54911, "time_epoch_std": 0.0426, "eta": 635.20433, "eta_std": 38.74203, "eta_hours": 0.17645, "eta_hours_std": 0.01076, "loss": 0.54566, "loss_std": 0.01718, "lr": 0.00067, "lr_std": 0.0, "params": 6697.0, "params_std": 0.0, "time_iter": 0.06496, "time_iter_std": 0.00029, "accuracy": 0.75383, "accuracy_std": 0.00774, "accuracy_max": 0.76701, "precision": 0.74861, "precision_std": 0.01298, "recall": 0.60905, "recall_std": 0.01567, "f1": 0.67152, "f1_std": 0.01146, "auc": 0.8127, "auc_std": 0.01267}
{"epoch": 40, "time_epoch": 9.54881, "time_epoch_std": 0.04521, "eta": 623.12399, "eta_std": 37.20631, "eta_hours": 0.17309, "eta_hours_std": 0.01033, "loss": 0.53808, "loss_std": 0.01088, "lr": 0.00065, "lr_std": 0.0, "params": 6697.0, "params_std": 0.0, "time_iter": 0.06495, "time_iter_std": 0.00031, "accuracy": 0.76743, "accuracy_std": 0.0044, "accuracy_max": 0.77211, "precision": 0.75888, "precision_std": 0.01412, "recall": 0.64197, "recall_std": 0.02452, "f1": 0.69506, "f1_std": 0.01012, "auc": 0.81661, "auc_std": 0.00686}
{"epoch": 41, "time_epoch": 9.56234, "time_epoch_std": 0.04432, "eta": 611.18287, "eta_std": 35.76544, "eta_hours": 0.16977, "eta_hours_std": 0.00994, "loss": 0.54288, "loss_std": 0.00829, "lr": 0.00064, "lr_std": 0.0, "params": 6697.0, "params_std": 0.0, "time_iter": 0.06505, "time_iter_std": 0.0003, "accuracy": 0.74958, "accuracy_std": 0.0103, "accuracy_max": 0.76361, "precision": 0.7439, "precision_std": 0.00937, "recall": 0.60082, "recall_std": 0.02953, "f1": 0.6644, "f1_std": 0.01961, "auc": 0.80701, "auc_std": 0.01425}
{"epoch": 42, "time_epoch": 9.53213, "time_epoch_std": 0.08433, "eta": 599.31236, "eta_std": 34.41499, "eta_hours": 0.16648, "eta_hours_std": 0.00956, "loss": 0.53328, "loss_std": 0.01822, "lr": 0.00062, "lr_std": 0.0, "params": 6697.0, "params_std": 0.0, "time_iter": 0.06484, "time_iter_std": 0.00057, "accuracy": 0.75638, "accuracy_std": 0.01789, "accuracy_max": 0.77721, "precision": 0.74118, "precision_std": 0.01457, "recall": 0.62963, "recall_std": 0.04227, "f1": 0.68045, "f1_std": 0.03076, "auc": 0.80862, "auc_std": 0.01582}
{"epoch": 43, "time_epoch": 9.55121, "time_epoch_std": 0.04952, "eta": 587.57242, "eta_std": 33.08528, "eta_hours": 0.16321, "eta_hours_std": 0.00919, "loss": 0.55256, "loss_std": 0.03322, "lr": 0.00061, "lr_std": 0.0, "params": 6697.0, "params_std": 0.0, "time_iter": 0.06498, "time_iter_std": 0.00034, "accuracy": 0.7432, "accuracy_std": 0.01366, "accuracy_max": 0.76531, "precision": 0.74144, "precision_std": 0.02649, "recall": 0.58231, "recall_std": 0.01607, "f1": 0.65212, "f1_std": 0.01711, "auc": 0.79704, "auc_std": 0.01667}
{"epoch": 44, "time_epoch": 9.52016, "time_epoch_std": 0.06856, "eta": 575.89181, "eta_std": 31.83861, "eta_hours": 0.15997, "eta_hours_std": 0.00884, "loss": 0.53982, "loss_std": 0.032, "lr": 0.00059, "lr_std": 0.0, "params": 6697.0, "params_std": 0.0, "time_iter": 0.06476, "time_iter_std": 0.00047, "accuracy": 0.7449, "accuracy_std": 0.01355, "accuracy_max": 0.76531, "precision": 0.73858, "precision_std": 0.00844, "recall": 0.59259, "recall_std": 0.04834, "f1": 0.65646, "f1_std": 0.03022, "auc": 0.80813, "auc_std": 0.01922}
{"epoch": 45, "time_epoch": 9.55558, "time_epoch_std": 0.05655, "eta": 564.3467, "eta_std": 30.6247, "eta_hours": 0.15676, "eta_hours_std": 0.00851, "loss": 0.53175, "loss_std": 0.01391, "lr": 0.00058, "lr_std": 0.0, "params": 6697.0, "params_std": 0.0, "time_iter": 0.065, "time_iter_std": 0.00038, "accuracy": 0.7534, "accuracy_std": 0.00691, "accuracy_max": 0.76361, "precision": 0.74043, "precision_std": 0.01061, "recall": 0.6214, "recall_std": 0.02235, "f1": 0.67542, "f1_std": 0.01292, "auc": 0.81088, "auc_std": 0.01395}
{"epoch": 46, "time_epoch": 9.60983, "time_epoch_std": 0.10292, "eta": 552.94743, "eta_std": 29.48073, "eta_hours": 0.15359, "eta_hours_std": 0.00819, "loss": 0.52937, "loss_std": 0.00437, "lr": 0.00056, "lr_std": 0.0, "params": 6697.0, "params_std": 0.0, "time_iter": 0.06537, "time_iter_std": 0.0007, "accuracy": 0.76616, "accuracy_std": 0.00802, "accuracy_max": 0.77721, "precision": 0.77752, "precision_std": 0.02074, "recall": 0.60905, "recall_std": 0.00823, "f1": 0.68287, "f1_std": 0.00799, "auc": 0.81139, "auc_std": 0.00804}
{"epoch": 47, "time_epoch": 9.58092, "time_epoch_std": 0.04969, "eta": 541.5914, "eta_std": 28.36836, "eta_hours": 0.15044, "eta_hours_std": 0.00788, "loss": 0.52609, "loss_std": 0.02054, "lr": 0.00055, "lr_std": 0.0, "params": 6697.0, "params_std": 0.0, "time_iter": 0.06518, "time_iter_std": 0.00034, "accuracy": 0.7568, "accuracy_std": 0.01238, "accuracy_max": 0.77551, "precision": 0.74338, "precision_std": 0.01817, "recall": 0.6286, "recall_std": 0.01523, "f1": 0.68116, "f1_std": 0.01603, "auc": 0.8162, "auc_std": 0.00824}
{"epoch": 48, "time_epoch": 9.59526, "time_epoch_std": 0.05535, "eta": 530.32276, "eta_std": 27.3012, "eta_hours": 0.14731, "eta_hours_std": 0.00758, "loss": 0.54046, "loss_std": 0.02059, "lr": 0.00053, "lr_std": 0.0, "params": 6697.0, "params_std": 0.0, "time_iter": 0.06528, "time_iter_std": 0.00038, "accuracy": 0.75298, "accuracy_std": 0.00663, "accuracy_max": 0.76361, "precision": 0.74358, "precision_std": 0.00565, "recall": 0.6142, "recall_std": 0.02543, "f1": 0.6724, "f1_std": 0.01477, "auc": 0.81204, "auc_std": 0.00976}
{"epoch": 49, "time_epoch": 9.54159, "time_epoch_std": 0.15421, "eta": 519.06737, "eta_std": 26.34423, "eta_hours": 0.14419, "eta_hours_std": 0.00732, "loss": 0.53501, "loss_std": 0.01488, "lr": 0.00052, "lr_std": 0.0, "params": 6697.0, "params_std": 0.0, "time_iter": 0.06491, "time_iter_std": 0.00105, "accuracy": 0.75383, "accuracy_std": 0.00987, "accuracy_max": 0.76531, "precision": 0.74817, "precision_std": 0.02206, "recall": 0.61111, "recall_std": 0.02874, "f1": 0.67206, "f1_std": 0.01599, "auc": 0.81108, "auc_std": 0.02591}
{"epoch": 50, "time_epoch": 9.52711, "time_epoch_std": 0.14179, "eta": 507.86529, "eta_std": 25.42186, "eta_hours": 0.14108, "eta_hours_std": 0.00706, "loss": 0.52379, "loss_std": 0.00476, "lr": 0.0005, "lr_std": 0.0, "params": 6697.0, "params_std": 0.0, "time_iter": 0.06481, "time_iter_std": 0.00096, "accuracy": 0.75638, "accuracy_std": 0.00471, "accuracy_max": 0.7602, "precision": 0.74634, "precision_std": 0.01251, "recall": 0.62243, "recall_std": 0.01178, "f1": 0.6786, "f1_std": 0.00575, "auc": 0.81997, "auc_std": 0.00934}
{"epoch": 51, "time_epoch": 9.52908, "time_epoch_std": 0.13794, "eta": 496.72944, "eta_std": 24.53056, "eta_hours": 0.13798, "eta_hours_std": 0.00681, "loss": 0.52408, "loss_std": 0.00431, "lr": 0.00048, "lr_std": 0.0, "params": 6697.0, "params_std": 0.0, "time_iter": 0.06482, "time_iter_std": 0.00094, "accuracy": 0.76871, "accuracy_std": 0.00892, "accuracy_max": 0.77551, "precision": 0.76415, "precision_std": 0.01165, "recall": 0.63683, "recall_std": 0.01376, "f1": 0.69468, "f1_std": 0.01272, "auc": 0.81904, "auc_std": 0.00691}
{"epoch": 52, "time_epoch": 9.50474, "time_epoch_std": 0.11031, "eta": 485.63264, "eta_std": 23.64897, "eta_hours": 0.1349, "eta_hours_std": 0.00657, "loss": 0.53312, "loss_std": 0.02437, "lr": 0.00047, "lr_std": 0.0, "params": 6697.0, "params_std": 0.0, "time_iter": 0.06466, "time_iter_std": 0.00075, "accuracy": 0.75128, "accuracy_std": 0.01149, "accuracy_max": 0.77041, "precision": 0.74752, "precision_std": 0.01051, "recall": 0.60082, "recall_std": 0.02619, "f1": 0.66602, "f1_std": 0.01954, "auc": 0.81454, "auc_std": 0.01036}
{"epoch": 53, "time_epoch": 9.54976, "time_epoch_std": 0.13911, "eta": 474.63316, "eta_std": 22.79738, "eta_hours": 0.13185, "eta_hours_std": 0.00633, "loss": 0.53671, "loss_std": 0.01437, "lr": 0.00045, "lr_std": 0.0, "params": 6697.0, "params_std": 0.0, "time_iter": 0.06496, "time_iter_std": 0.00095, "accuracy": 0.75766, "accuracy_std": 0.01131, "accuracy_max": 0.76531, "precision": 0.74311, "precision_std": 0.01994, "recall": 0.63272, "recall_std": 0.0079, "f1": 0.68342, "f1_std": 0.01233, "auc": 0.81096, "auc_std": 0.00358}
{"epoch": 54, "time_epoch": 9.54567, "time_epoch_std": 0.16365, "eta": 463.68305, "eta_std": 21.99516, "eta_hours": 0.1288, "eta_hours_std": 0.00611, "loss": 0.53651, "loss_std": 0.01749, "lr": 0.00044, "lr_std": 0.0, "params": 6697.0, "params_std": 0.0, "time_iter": 0.06493, "time_iter_std": 0.00112, "accuracy": 0.7653, "accuracy_std": 0.01334, "accuracy_max": 0.78401, "precision": 0.75895, "precision_std": 0.01254, "recall": 0.63272, "recall_std": 0.02767, "f1": 0.68997, "f1_std": 0.02133, "auc": 0.81227, "auc_std": 0.01188}
{"epoch": 55, "time_epoch": 9.5837, "time_epoch_std": 0.09262, "eta": 452.81298, "eta_std": 21.17782, "eta_hours": 0.12578, "eta_hours_std": 0.00588, "loss": 0.54574, "loss_std": 0.02211, "lr": 0.00042, "lr_std": 0.0, "params": 6697.0, "params_std": 0.0, "time_iter": 0.0652, "time_iter_std": 0.00063, "accuracy": 0.7602, "accuracy_std": 0.0085, "accuracy_max": 0.77211, "precision": 0.75381, "precision_std": 0.01233, "recall": 0.62346, "recall_std": 0.01659, "f1": 0.68236, "f1_std": 0.01274, "auc": 0.80856, "auc_std": 0.00732}
{"epoch": 56, "time_epoch": 9.5801, "time_epoch_std": 0.09314, "eta": 441.98533, "eta_std": 20.38701, "eta_hours": 0.12277, "eta_hours_std": 0.00567, "loss": 0.52487, "loss_std": 0.0116, "lr": 0.00041, "lr_std": 0.0, "params": 6697.0, "params_std": 0.0, "time_iter": 0.06517, "time_iter_std": 0.00063, "accuracy": 0.7585, "accuracy_std": 0.01041, "accuracy_max": 0.77041, "precision": 0.75004, "precision_std": 0.02141, "recall": 0.62448, "recall_std": 0.01141, "f1": 0.68132, "f1_std": 0.01099, "auc": 0.81945, "auc_std": 0.0055}
{"epoch": 57, "time_epoch": 9.62536, "time_epoch_std": 0.11876, "eta": 431.23347, "eta_std": 19.60095, "eta_hours": 0.11979, "eta_hours_std": 0.00544, "loss": 0.5402, "loss_std": 0.03326, "lr": 0.00039, "lr_std": 0.0, "params": 6697.0, "params_std": 0.0, "time_iter": 0.06548, "time_iter_std": 0.00081, "accuracy": 0.75, "accuracy_std": 0.0173, "accuracy_max": 0.77041, "precision": 0.73862, "precision_std": 0.02863, "recall": 0.61214, "recall_std": 0.01826, "f1": 0.66938, "f1_std": 0.02146, "auc": 0.8086, "auc_std": 0.02107}
{"epoch": 58, "time_epoch": 9.53415, "time_epoch_std": 0.15236, "eta": 420.45642, "eta_std": 18.88701, "eta_hours": 0.11679, "eta_hours_std": 0.00525, "loss": 0.52919, "loss_std": 0.01996, "lr": 0.00038, "lr_std": 0.0, "params": 6697.0, "params_std": 0.0, "time_iter": 0.06486, "time_iter_std": 0.00104, "accuracy": 0.76318, "accuracy_std": 0.00792, "accuracy_max": 0.77211, "precision": 0.76603, "precision_std": 0.01493, "recall": 0.61522, "recall_std": 0.01941, "f1": 0.68214, "f1_std": 0.01271, "auc": 0.81491, "auc_std": 0.00815}
{"epoch": 59, "time_epoch": 9.51335, "time_epoch_std": 0.14789, "eta": 409.70693, "eta_std": 18.19968, "eta_hours": 0.11381, "eta_hours_std": 0.00505, "loss": 0.51692, "loss_std": 0.01095, "lr": 0.00036, "lr_std": 0.0, "params": 6697.0, "params_std": 0.0, "time_iter": 0.06471, "time_iter_std": 0.00101, "accuracy": 0.76063, "accuracy_std": 0.00221, "accuracy_max": 0.76361, "precision": 0.76067, "precision_std": 0.00785, "recall": 0.6142, "recall_std": 0.0079, "f1": 0.67955, "f1_std": 0.00306, "auc": 0.82278, "auc_std": 0.00828}
{"epoch": 60, "time_epoch": 9.49846, "time_epoch_std": 0.15374, "eta": 398.98845, "eta_std": 17.53826, "eta_hours": 0.11083, "eta_hours_std": 0.00487, "loss": 0.51272, "loss_std": 0.01359, "lr": 0.00035, "lr_std": 0.0, "params": 6697.0, "params_std": 0.0, "time_iter": 0.06461, "time_iter_std": 0.00104, "accuracy": 0.77508, "accuracy_std": 0.00774, "accuracy_max": 0.78061, "precision": 0.76527, "precision_std": 0.00859, "recall": 0.65741, "recall_std": 0.01894, "f1": 0.70712, "f1_std": 0.01274, "auc": 0.82855, "auc_std": 0.00322}
{"epoch": 61, "time_epoch": 9.53282, "time_epoch_std": 0.14169, "eta": 388.33038, "eta_std": 16.87521, "eta_hours": 0.10787, "eta_hours_std": 0.00469, "loss": 0.52909, "loss_std": 0.01239, "lr": 0.00033, "lr_std": 0.0, "params": 6697.0, "params_std": 0.0, "time_iter": 0.06485, "time_iter_std": 0.00096, "accuracy": 0.77211, "accuracy_std": 0.00789, "accuracy_max": 0.78061, "precision": 0.76993, "precision_std": 0.01348, "recall": 0.63992, "recall_std": 0.00943, "f1": 0.69889, "f1_std": 0.00983, "auc": 0.8232, "auc_std": 0.00479}
{"epoch": 62, "time_epoch": 9.56679, "time_epoch_std": 0.09619, "eta": 377.72798, "eta_std": 16.20905, "eta_hours": 0.10493, "eta_hours_std": 0.0045, "loss": 0.53205, "loss_std": 0.02464, "lr": 0.00032, "lr_std": 0.0, "params": 6697.0, "params_std": 0.0, "time_iter": 0.06508, "time_iter_std": 0.00065, "accuracy": 0.77041, "accuracy_std": 0.00466, "accuracy_max": 0.77721, "precision": 0.75931, "precision_std": 0.01127, "recall": 0.65124, "recall_std": 0.0155, "f1": 0.70092, "f1_std": 0.00751, "auc": 0.82791, "auc_std": 0.00756}
{"epoch": 63, "time_epoch": 9.51858, "time_epoch_std": 0.11993, "eta": 367.13084, "eta_std": 15.57536, "eta_hours": 0.10198, "eta_hours_std": 0.00432, "loss": 0.52034, "loss_std": 0.02578, "lr": 0.0003, "lr_std": 0.0, "params": 6697.0, "params_std": 0.0, "time_iter": 0.06475, "time_iter_std": 0.00082, "accuracy": 0.76446, "accuracy_std": 0.00351, "accuracy_max": 0.76871, "precision": 0.76424, "precision_std": 0.00893, "recall": 0.62243, "recall_std": 0.02086, "f1": 0.68576, "f1_std": 0.00967, "auc": 0.82542, "auc_std": 0.00855}
{"epoch": 64, "time_epoch": 9.55972, "time_epoch_std": 0.11315, "eta": 356.58903, "eta_std": 14.95124, "eta_hours": 0.09905, "eta_hours_std": 0.00415, "loss": 0.54033, "loss_std": 0.02604, "lr": 0.00029, "lr_std": 0.0, "params": 6697.0, "params_std": 0.0, "time_iter": 0.06504, "time_iter_std": 0.00077, "accuracy": 0.75298, "accuracy_std": 0.00819, "accuracy_max": 0.7619, "precision": 0.7457, "precision_std": 0.01468, "recall": 0.61111, "recall_std": 0.02355, "f1": 0.67136, "f1_std": 0.01419, "auc": 0.81472, "auc_std": 0.00986}
{"epoch": 65, "time_epoch": 9.55284, "time_epoch_std": 0.1131, "eta": 346.07344, "eta_std": 14.34653, "eta_hours": 0.09613, "eta_hours_std": 0.00399, "loss": 0.51805, "loss_std": 0.01284, "lr": 0.00027, "lr_std": 0.0, "params": 6697.0, "params_std": 0.0, "time_iter": 0.06498, "time_iter_std": 0.00077, "accuracy": 0.76318, "accuracy_std": 0.01479, "accuracy_max": 0.78231, "precision": 0.76053, "precision_std": 0.01977, "recall": 0.62346, "recall_std": 0.03449, "f1": 0.68472, "f1_std": 0.02436, "auc": 0.82402, "auc_std": 0.01245}
{"epoch": 66, "time_epoch": 9.55448, "time_epoch_std": 0.11952, "eta": 335.58738, "eta_std": 13.75642, "eta_hours": 0.09322, "eta_hours_std": 0.00382, "loss": 0.51655, "loss_std": 0.01696, "lr": 0.00026, "lr_std": 0.0, "params": 6697.0, "params_std": 0.0, "time_iter": 0.065, "time_iter_std": 0.00081, "accuracy": 0.76063, "accuracy_std": 0.00895, "accuracy_max": 0.77041, "precision": 0.7575, "precision_std": 0.01361, "recall": 0.61934, "recall_std": 0.02337, "f1": 0.68118, "f1_std": 0.01529, "auc": 0.82706, "auc_std": 0.01665}
{"epoch": 67, "time_epoch": 9.54778, "time_epoch_std": 0.1077, "eta": 325.12558, "eta_std": 13.1814, "eta_hours": 0.09031, "eta_hours_std": 0.00366, "loss": 0.50785, "loss_std": 0.01463, "lr": 0.00025, "lr_std": 0.0, "params": 6697.0, "params_std": 0.0, "time_iter": 0.06495, "time_iter_std": 0.00073, "accuracy": 0.77509, "accuracy_std": 0.01078, "accuracy_max": 0.79252, "precision": 0.77113, "precision_std": 0.01538, "recall": 0.64815, "recall_std": 0.01469, "f1": 0.70428, "f1_std": 0.01449, "auc": 0.83505, "auc_std": 0.00403}
{"epoch": 68, "time_epoch": 9.54382, "time_epoch_std": 0.12158, "eta": 314.6885, "eta_std": 12.62648, "eta_hours": 0.08742, "eta_hours_std": 0.00351, "loss": 0.53111, "loss_std": 0.00465, "lr": 0.00023, "lr_std": 0.0, "params": 6697.0, "params_std": 0.0, "time_iter": 0.06492, "time_iter_std": 0.00083, "accuracy": 0.7653, "accuracy_std": 0.00712, "accuracy_max": 0.77721, "precision": 0.76143, "precision_std": 0.01238, "recall": 0.62963, "recall_std": 0.0177, "f1": 0.68909, "f1_std": 0.01132, "auc": 0.82008, "auc_std": 0.00799}
{"epoch": 69, "time_epoch": 9.53957, "time_epoch_std": 0.11767, "eta": 304.27511, "eta_std": 12.08088, "eta_hours": 0.08452, "eta_hours_std": 0.00336, "loss": 0.51737, "loss_std": 0.02583, "lr": 0.00022, "lr_std": 0.0, "params": 6697.0, "params_std": 0.0, "time_iter": 0.0649, "time_iter_std": 0.0008, "accuracy": 0.77721, "accuracy_std": 0.00806, "accuracy_max": 0.78741, "precision": 0.76873, "precision_std": 0.01257, "recall": 0.65946, "recall_std": 0.0163, "f1": 0.70979, "f1_std": 0.0117, "auc": 0.8334, "auc_std": 0.00956}
{"epoch": 70, "time_epoch": 9.52989, "time_epoch_std": 0.11468, "eta": 293.88238, "eta_std": 11.54633, "eta_hours": 0.08164, "eta_hours_std": 0.00321, "loss": 0.51569, "loss_std": 0.02684, "lr": 0.00021, "lr_std": 0.0, "params": 6697.0, "params_std": 0.0, "time_iter": 0.06483, "time_iter_std": 0.00078, "accuracy": 0.77126, "accuracy_std": 0.00595, "accuracy_max": 0.78061, "precision": 0.7615, "precision_std": 0.01708, "recall": 0.65124, "recall_std": 0.01731, "f1": 0.70171, "f1_std": 0.0077, "auc": 0.83222, "auc_std": 0.00998}
{"epoch": 71, "time_epoch": 9.48168, "time_epoch_std": 0.14823, "eta": 283.49488, "eta_std": 11.04726, "eta_hours": 0.07875, "eta_hours_std": 0.00307, "loss": 0.52398, "loss_std": 0.01691, "lr": 0.00019, "lr_std": 0.0, "params": 6697.0, "params_std": 0.0, "time_iter": 0.0645, "time_iter_std": 0.00101, "accuracy": 0.7619, "accuracy_std": 0.00842, "accuracy_max": 0.77381, "precision": 0.74885, "precision_std": 0.01166, "recall": 0.63786, "recall_std": 0.0162, "f1": 0.68882, "f1_std": 0.01232, "auc": 0.82394, "auc_std": 0.00934}
{"epoch": 72, "time_epoch": 9.50914, "time_epoch_std": 0.14735, "eta": 273.14234, "eta_std": 10.55536, "eta_hours": 0.07587, "eta_hours_std": 0.00293, "loss": 0.51299, "loss_std": 0.00931, "lr": 0.00018, "lr_std": 0.0, "params": 6697.0, "params_std": 0.0, "time_iter": 0.06469, "time_iter_std": 0.001, "accuracy": 0.76658, "accuracy_std": 0.00735, "accuracy_max": 0.77891, "precision": 0.75991, "precision_std": 0.01688, "recall": 0.63683, "recall_std": 0.00449, "f1": 0.69284, "f1_std": 0.00676, "auc": 0.83228, "auc_std": 0.00786}
{"epoch": 73, "time_epoch": 9.50313, "time_epoch_std": 0.13569, "eta": 262.81049, "eta_std": 10.01021, "eta_hours": 0.07301, "eta_hours_std": 0.00278, "loss": 0.53283, "loss_std": 0.03785, "lr": 0.00017, "lr_std": 0.0, "params": 6697.0, "params_std": 0.0, "time_iter": 0.06465, "time_iter_std": 0.00092, "accuracy": 0.77126, "accuracy_std": 0.01634, "accuracy_max": 0.79422, "precision": 0.77498, "precision_std": 0.01734, "recall": 0.6286, "recall_std": 0.03126, "f1": 0.694, "f1_std": 0.02564, "auc": 0.82631, "auc_std": 0.01034}
{"epoch": 74, "time_epoch": 9.52939, "time_epoch_std": 0.11323, "eta": 252.5095, "eta_std": 9.49947, "eta_hours": 0.07014, "eta_hours_std": 0.00264, "loss": 0.51278, "loss_std": 0.01326, "lr": 0.00016, "lr_std": 0.0, "params": 6697.0, "params_std": 0.0, "time_iter": 0.06483, "time_iter_std": 0.00077, "accuracy": 0.76701, "accuracy_std": 0.01301, "accuracy_max": 0.78401, "precision": 0.7607, "precision_std": 0.01978, "recall": 0.63683, "recall_std": 0.02493, "f1": 0.69302, "f1_std": 0.01901, "auc": 0.83375, "auc_std": 0.00731}
{"epoch": 75, "time_epoch": 9.5335, "time_epoch_std": 0.12121, "eta": 242.2301, "eta_std": 8.99654, "eta_hours": 0.06729, "eta_hours_std": 0.0025, "loss": 0.52628, "loss_std": 0.01233, "lr": 0.00015, "lr_std": 0.0, "params": 6697.0, "params_std": 0.0, "time_iter": 0.06486, "time_iter_std": 0.00083, "accuracy": 0.77041, "accuracy_std": 0.00807, "accuracy_max": 0.78231, "precision": 0.77548, "precision_std": 0.00738, "recall": 0.62552, "recall_std": 0.02138, "f1": 0.6923, "f1_std": 0.01447, "auc": 0.82444, "auc_std": 0.00483}
{"epoch": 76, "time_epoch": 9.53528, "time_epoch_std": 0.11777, "eta": 231.97061, "eta_std": 8.5106, "eta_hours": 0.06444, "eta_hours_std": 0.00237, "loss": 0.52075, "loss_std": 0.0356, "lr": 0.00014, "lr_std": 0.0, "params": 6697.0, "params_std": 0.0, "time_iter": 0.06487, "time_iter_std": 0.0008, "accuracy": 0.76743, "accuracy_std": 0.00423, "accuracy_max": 0.77381, "precision": 0.76756, "precision_std": 0.01013, "recall": 0.62758, "recall_std": 0.01554, "f1": 0.69035, "f1_std": 0.00797, "auc": 0.82722, "auc_std": 0.01675}
{"epoch": 77, "time_epoch": 9.47718, "time_epoch_std": 0.09008, "eta": 221.71331, "eta_std": 8.02218, "eta_hours": 0.06158, "eta_hours_std": 0.00223, "loss": 0.51209, "loss_std": 0.02381, "lr": 0.00012, "lr_std": 0.0, "params": 6697.0, "params_std": 0.0, "time_iter": 0.06447, "time_iter_std": 0.00061, "accuracy": 0.76318, "accuracy_std": 0.00725, "accuracy_max": 0.77381, "precision": 0.75479, "precision_std": 0.01249, "recall": 0.63271, "recall_std": 0.01377, "f1": 0.68826, "f1_std": 0.00999, "auc": 0.83165, "auc_std": 0.01395}
{"epoch": 78, "time_epoch": 9.45088, "time_epoch_std": 0.08843, "eta": 211.46876, "eta_std": 7.54674, "eta_hours": 0.05874, "eta_hours_std": 0.00209, "loss": 0.5245, "loss_std": 0.01392, "lr": 0.00011, "lr_std": 0.0, "params": 6697.0, "params_std": 0.0, "time_iter": 0.06429, "time_iter_std": 0.0006, "accuracy": 0.76148, "accuracy_std": 0.00327, "accuracy_max": 0.76701, "precision": 0.75308, "precision_std": 0.00875, "recall": 0.62963, "recall_std": 0.01863, "f1": 0.68558, "f1_std": 0.00851, "auc": 0.82625, "auc_std": 0.01265}
{"epoch": 79, "time_epoch": 9.49487, "time_epoch_std": 0.08511, "eta": 201.25505, "eta_std": 7.09991, "eta_hours": 0.0559, "eta_hours_std": 0.00197, "loss": 0.51304, "loss_std": 0.03499, "lr": 0.0001, "lr_std": 0.0, "params": 6697.0, "params_std": 0.0, "time_iter": 0.06459, "time_iter_std": 0.00058, "accuracy": 0.77764, "accuracy_std": 0.01051, "accuracy_max": 0.79082, "precision": 0.77467, "precision_std": 0.01244, "recall": 0.65124, "recall_std": 0.01706, "f1": 0.70758, "f1_std": 0.01515, "auc": 0.83316, "auc_std": 0.01428}
{"epoch": 80, "time_epoch": 9.54634, "time_epoch_std": 0.09585, "eta": 191.07116, "eta_std": 6.67469, "eta_hours": 0.05308, "eta_hours_std": 0.00185, "loss": 0.50656, "loss_std": 0.01804, "lr": 0.0001, "lr_std": 0.0, "params": 6697.0, "params_std": 0.0, "time_iter": 0.06494, "time_iter_std": 0.00065, "accuracy": 0.77764, "accuracy_std": 0.01352, "accuracy_max": 0.79082, "precision": 0.77752, "precision_std": 0.01884, "recall": 0.64712, "recall_std": 0.02146, "f1": 0.70626, "f1_std": 0.01899, "auc": 0.83365, "auc_std": 0.01264}
{"epoch": 81, "time_epoch": 9.48428, "time_epoch_std": 0.06456, "eta": 180.8892, "eta_std": 6.24941, "eta_hours": 0.05025, "eta_hours_std": 0.00174, "loss": 0.51117, "loss_std": 0.0101, "lr": 9e-05, "lr_std": 0.0, "params": 6697.0, "params_std": 0.0, "time_iter": 0.06452, "time_iter_std": 0.00044, "accuracy": 0.77168, "accuracy_std": 0.00836, "accuracy_max": 0.78571, "precision": 0.76332, "precision_std": 0.01633, "recall": 0.64918, "recall_std": 0.01213, "f1": 0.70151, "f1_std": 0.01021, "auc": 0.8368, "auc_std": 0.01047}
{"epoch": 82, "time_epoch": 9.46098, "time_epoch_std": 0.05514, "eta": 170.71928, "eta_std": 5.82796, "eta_hours": 0.04742, "eta_hours_std": 0.00162, "loss": 0.52438, "loss_std": 0.02322, "lr": 8e-05, "lr_std": 0.0, "params": 6697.0, "params_std": 0.0, "time_iter": 0.06436, "time_iter_std": 0.00037, "accuracy": 0.77933, "accuracy_std": 0.00515, "accuracy_max": 0.78571, "precision": 0.78276, "precision_std": 0.00514, "recall": 0.64506, "recall_std": 0.01213, "f1": 0.70722, "f1_std": 0.00855, "auc": 0.83058, "auc_std": 0.00791}
{"epoch": 83, "time_epoch": 9.43068, "time_epoch_std": 0.09275, "eta": 160.56047, "eta_std": 5.41007, "eta_hours": 0.0446, "eta_hours_std": 0.0015, "loss": 0.51006, "loss_std": 0.02529, "lr": 7e-05, "lr_std": 0.0, "params": 6697.0, "params_std": 0.0, "time_iter": 0.06416, "time_iter_std": 0.00063, "accuracy": 0.77679, "accuracy_std": 0.01542, "accuracy_max": 0.79422, "precision": 0.77513, "precision_std": 0.02384, "recall": 0.64815, "recall_std": 0.02148, "f1": 0.70584, "f1_std": 0.02043, "auc": 0.83661, "auc_std": 0.02119}
{"epoch": 84, "time_epoch": 9.46266, "time_epoch_std": 0.09512, "eta": 150.42444, "eta_std": 5.00535, "eta_hours": 0.04178, "eta_hours_std": 0.00139, "loss": 0.51814, "loss_std": 0.02922, "lr": 6e-05, "lr_std": 0.0, "params": 6697.0, "params_std": 0.0, "time_iter": 0.06437, "time_iter_std": 0.00065, "accuracy": 0.77041, "accuracy_std": 0.01027, "accuracy_max": 0.78401, "precision": 0.77064, "precision_std": 0.01263, "recall": 0.63272, "recall_std": 0.02024, "f1": 0.69479, "f1_std": 0.01583, "auc": 0.83104, "auc_std": 0.01641}
{"epoch": 85, "time_epoch": 9.47235, "time_epoch_std": 0.07792, "eta": 140.30564, "eta_std": 4.61456, "eta_hours": 0.03898, "eta_hours_std": 0.00128, "loss": 0.51282, "loss_std": 0.0127, "lr": 5e-05, "lr_std": 0.0, "params": 6697.0, "params_std": 0.0, "time_iter": 0.06444, "time_iter_std": 0.00053, "accuracy": 0.76871, "accuracy_std": 0.00955, "accuracy_max": 0.77891, "precision": 0.76574, "precision_std": 0.01402, "recall": 0.63477, "recall_std": 0.0251, "f1": 0.69382, "f1_std": 0.01629, "auc": 0.83446, "auc_std": 0.00935}
{"epoch": 86, "time_epoch": 9.46516, "time_epoch_std": 0.11731, "eta": 130.20062, "eta_std": 4.24907, "eta_hours": 0.03617, "eta_hours_std": 0.00118, "loss": 0.50678, "loss_std": 0.01201, "lr": 5e-05, "lr_std": 0.0, "params": 6697.0, "params_std": 0.0, "time_iter": 0.06439, "time_iter_std": 0.0008, "accuracy": 0.77594, "accuracy_std": 0.00845, "accuracy_max": 0.78912, "precision": 0.77176, "precision_std": 0.02138, "recall": 0.65124, "recall_std": 0.00734, "f1": 0.70617, "f1_std": 0.00706, "auc": 0.83695, "auc_std": 0.00602}
{"epoch": 87, "time_epoch": 9.49962, "time_epoch_std": 0.09152, "eta": 120.11486, "eta_std": 3.88425, "eta_hours": 0.03336, "eta_hours_std": 0.00108, "loss": 0.50759, "loss_std": 0.0121, "lr": 4e-05, "lr_std": 0.0, "params": 6697.0, "params_std": 0.0, "time_iter": 0.06462, "time_iter_std": 0.00062, "accuracy": 0.76956, "accuracy_std": 0.01169, "accuracy_max": 0.78741, "precision": 0.76802, "precision_std": 0.02422, "recall": 0.63477, "recall_std": 0.00609, "f1": 0.69494, "f1_std": 0.01234, "auc": 0.83726, "auc_std": 0.00346}
{"epoch": 88, "time_epoch": 9.51317, "time_epoch_std": 0.06702, "eta": 110.04393, "eta_std": 3.52473, "eta_hours": 0.03057, "eta_hours_std": 0.00098, "loss": 0.51205, "loss_std": 0.02333, "lr": 4e-05, "lr_std": 0.0, "params": 6697.0, "params_std": 0.0, "time_iter": 0.06472, "time_iter_std": 0.00046, "accuracy": 0.77678, "accuracy_std": 0.00471, "accuracy_max": 0.78061, "precision": 0.772, "precision_std": 0.00825, "recall": 0.65329, "recall_std": 0.02797, "f1": 0.70719, "f1_std": 0.01359, "auc": 0.83794, "auc_std": 0.00717}
{"epoch": 89, "time_epoch": 9.51491, "time_epoch_std": 0.09388, "eta": 99.98559, "eta_std": 3.17467, "eta_hours": 0.02777, "eta_hours_std": 0.00088, "loss": 0.52764, "loss_std": 0.02377, "lr": 3e-05, "lr_std": 0.0, "params": 6697.0, "params_std": 0.0, "time_iter": 0.06473, "time_iter_std": 0.00064, "accuracy": 0.76913, "accuracy_std": 0.01044, "accuracy_max": 0.78571, "precision": 0.76151, "precision_std": 0.01839, "recall": 0.64301, "recall_std": 0.00891, "f1": 0.69721, "f1_std": 0.01222, "auc": 0.82571, "auc_std": 0.01917}
{"epoch": 90, "time_epoch": 9.50762, "time_epoch_std": 0.08103, "eta": 89.93848, "eta_std": 2.8305, "eta_hours": 0.02498, "eta_hours_std": 0.00078, "loss": 0.50793, "loss_std": 0.01492, "lr": 2e-05, "lr_std": 0.0, "params": 6697.0, "params_std": 0.0, "time_iter": 0.06468, "time_iter_std": 0.00055, "accuracy": 0.77721, "accuracy_std": 0.00318, "accuracy_max": 0.78231, "precision": 0.77985, "precision_std": 0.01276, "recall": 0.64301, "recall_std": 0.02024, "f1": 0.70447, "f1_std": 0.00841, "auc": 0.83992, "auc_std": 0.00209}
{"epoch": 91, "time_epoch": 9.49079, "time_epoch_std": 0.08534, "eta": 79.90163, "eta_std": 2.49352, "eta_hours": 0.0222, "eta_hours_std": 0.00069, "loss": 0.50561, "loss_std": 0.01764, "lr": 2e-05, "lr_std": 0.0, "params": 6697.0, "params_std": 0.0, "time_iter": 0.06457, "time_iter_std": 0.00058, "accuracy": 0.77381, "accuracy_std": 0.00466, "accuracy_max": 0.77891, "precision": 0.76853, "precision_std": 0.01154, "recall": 0.64815, "recall_std": 0.00897, "f1": 0.70312, "f1_std": 0.00533, "auc": 0.83933, "auc_std": 0.0123}
{"epoch": 92, "time_epoch": 9.5178, "time_epoch_std": 0.08797, "eta": 69.87856, "eta_std": 2.16227, "eta_hours": 0.01941, "eta_hours_std": 0.0006, "loss": 0.51517, "loss_std": 0.02016, "lr": 2e-05, "lr_std": 0.0, "params": 6697.0, "params_std": 0.0, "time_iter": 0.06475, "time_iter_std": 0.0006, "accuracy": 0.77466, "accuracy_std": 0.0057, "accuracy_max": 0.78061, "precision": 0.77176, "precision_std": 0.01071, "recall": 0.64609, "recall_std": 0.01886, "f1": 0.70312, "f1_std": 0.01024, "auc": 0.83658, "auc_std": 0.01084}
{"epoch": 93, "time_epoch": 9.47688, "time_epoch_std": 0.07337, "eta": 59.86362, "eta_std": 1.83464, "eta_hours": 0.01663, "eta_hours_std": 0.00051, "loss": 0.52934, "loss_std": 0.02393, "lr": 1e-05, "lr_std": 0.0, "params": 6697.0, "params_std": 0.0, "time_iter": 0.06447, "time_iter_std": 0.0005, "accuracy": 0.76871, "accuracy_std": 0.01843, "accuracy_max": 0.78741, "precision": 0.76264, "precision_std": 0.02294, "recall": 0.63889, "recall_std": 0.03284, "f1": 0.69511, "f1_std": 0.0277, "auc": 0.8228, "auc_std": 0.01662}
{"epoch": 94, "time_epoch": 9.4405, "time_epoch_std": 0.08461, "eta": 49.8581, "eta_std": 1.50972, "eta_hours": 0.01385, "eta_hours_std": 0.00042, "loss": 0.51075, "loss_std": 0.02441, "lr": 1e-05, "lr_std": 0.0, "params": 6697.0, "params_std": 0.0, "time_iter": 0.06422, "time_iter_std": 0.00058, "accuracy": 0.76956, "accuracy_std": 0.0057, "accuracy_max": 0.77891, "precision": 0.75991, "precision_std": 0.01314, "recall": 0.64712, "recall_std": 0.00178, "f1": 0.69893, "f1_std": 0.00492, "auc": 0.83683, "auc_std": 0.0045}
{"epoch": 95, "time_epoch": 10.72352, "time_epoch_std": 2.24445, "eta": 39.91781, "eta_std": 1.22942, "eta_hours": 0.01109, "eta_hours_std": 0.00034, "loss": 0.52756, "loss_std": 0.01898, "lr": 1e-05, "lr_std": 0.0, "params": 6697.0, "params_std": 0.0, "time_iter": 0.07295, "time_iter_std": 0.01527, "accuracy": 0.77423, "accuracy_std": 0.01071, "accuracy_max": 0.78571, "precision": 0.77112, "precision_std": 0.0252, "recall": 0.64712, "recall_std": 0.02223, "f1": 0.70312, "f1_std": 0.01295, "auc": 0.82928, "auc_std": 0.00989}
{"epoch": 96, "time_epoch": 12.67768, "time_epoch_std": 5.494, "eta": 30.02181, "eta_std": 0.99395, "eta_hours": 0.00834, "eta_hours_std": 0.00028, "loss": 0.51396, "loss_std": 0.02304, "lr": 0.0, "lr_std": 0.0, "params": 6697.0, "params_std": 0.0, "time_iter": 0.08624, "time_iter_std": 0.03737, "accuracy": 0.77041, "accuracy_std": 0.01387, "accuracy_max": 0.78912, "precision": 0.75853, "precision_std": 0.02682, "recall": 0.6533, "recall_std": 0.00535, "f1": 0.70184, "f1_std": 0.0141, "auc": 0.83588, "auc_std": 0.01832}
{"epoch": 97, "time_epoch": 12.37569, "time_epoch_std": 4.65879, "eta": 20.06287, "eta_std": 0.71529, "eta_hours": 0.00558, "eta_hours_std": 0.0002, "loss": 0.52776, "loss_std": 0.00809, "lr": 0.0, "lr_std": 0.0, "params": 6697.0, "params_std": 0.0, "time_iter": 0.08419, "time_iter_std": 0.03169, "accuracy": 0.76701, "accuracy_std": 0.00636, "accuracy_max": 0.77721, "precision": 0.7645, "precision_std": 0.02017, "recall": 0.63169, "recall_std": 0.01029, "f1": 0.69148, "f1_std": 0.00374, "auc": 0.82748, "auc_std": 0.00827}
{"epoch": 98, "time_epoch": 15.0011, "time_epoch_std": 5.3235, "eta": 10.08163, "eta_std": 0.36517, "eta_hours": 0.0028, "eta_hours_std": 0.0001, "loss": 0.52873, "loss_std": 0.03336, "lr": 0.0, "lr_std": 0.0, "params": 6697.0, "params_std": 0.0, "time_iter": 0.10205, "time_iter_std": 0.03621, "accuracy": 0.77083, "accuracy_std": 0.01551, "accuracy_max": 0.78741, "precision": 0.76732, "precision_std": 0.0245, "recall": 0.63992, "recall_std": 0.02226, "f1": 0.69766, "f1_std": 0.02049, "auc": 0.82886, "auc_std": 0.01093}
{"epoch": 99, "time_epoch": 12.475, "time_epoch_std": 4.51201, "eta": 0.0, "eta_std": 0.0, "eta_hours": 0.0, "eta_hours_std": 0.0, "loss": 0.53429, "loss_std": 0.02042, "lr": 0.0, "lr_std": 0.0, "params": 6697.0, "params_std": 0.0, "time_iter": 0.08486, "time_iter_std": 0.03069, "accuracy": 0.75893, "accuracy_std": 0.00556, "accuracy_max": 0.76701, "precision": 0.75158, "precision_std": 0.00714, "recall": 0.62242, "recall_std": 0.01281, "f1": 0.68086, "f1_std": 0.00914, "auc": 0.82109, "auc_std": 0.00461}
