{"epoch": 0, "time_epoch": 0.05056, "eta": 5.00553, "eta_hours": 0.00139, "loss": 0.70285837, "lr": 0.001, "params": 6465, "time_iter": 0.01685, "accuracy": 0.47619, "precision": 0.47619, "recall": 1.0, "f1": 0.64516, "auc": 0.44545}
{"epoch": 1, "time_epoch": 0.03697, "eta": 4.28905, "eta_hours": 0.00119, "loss": 0.70101295, "lr": 0.00099975, "params": 6465, "time_iter": 0.01232, "accuracy": 0.47619, "precision": 0.47619, "recall": 1.0, "f1": 0.64516, "auc": 0.52727}
{"epoch": 2, "time_epoch": 0.03562, "eta": 3.98201, "eta_hours": 0.00111, "loss": 0.70002492, "lr": 0.00099901, "params": 6465, "time_iter": 0.01187, "accuracy": 0.47619, "precision": 0.47619, "recall": 1.0, "f1": 0.64516, "auc": 0.46591}
{"epoch": 3, "time_epoch": 0.03881, "eta": 3.88704, "eta_hours": 0.00108, "loss": 0.69871301, "lr": 0.00099778, "params": 6465, "time_iter": 0.01294, "accuracy": 0.47619, "precision": 0.47619, "recall": 1.0, "f1": 0.64516, "auc": 0.51818}
{"epoch": 4, "time_epoch": 0.03296, "eta": 3.70353, "eta_hours": 0.00103, "loss": 0.69766947, "lr": 0.00099606, "params": 6465, "time_iter": 0.01099, "accuracy": 0.47619, "precision": 0.47619, "recall": 1.0, "f1": 0.64516, "auc": 0.55}
{"epoch": 5, "time_epoch": 0.03208, "eta": 3.55642, "eta_hours": 0.00099, "loss": 0.69718248, "lr": 0.00099384, "params": 6465, "time_iter": 0.01069, "accuracy": 0.47619, "precision": 0.47619, "recall": 1.0, "f1": 0.64516, "auc": 0.43864}
{"epoch": 6, "time_epoch": 0.03317, "eta": 3.45668, "eta_hours": 0.00096, "loss": 0.69688435, "lr": 0.00099114, "params": 6465, "time_iter": 0.01106, "accuracy": 0.47619, "precision": 0.47619, "recall": 1.0, "f1": 0.64516, "auc": 0.32045}
{"epoch": 7, "time_epoch": 0.04369, "eta": 3.49455, "eta_hours": 0.00097, "loss": 0.69558362, "lr": 0.00098796, "params": 6465, "time_iter": 0.01456, "accuracy": 0.47619, "precision": 0.47619, "recall": 1.0, "f1": 0.64516, "auc": 0.52727}
{"epoch": 8, "time_epoch": 0.04309, "eta": 3.50816, "eta_hours": 0.00097, "loss": 0.69556745, "lr": 0.00098429, "params": 6465, "time_iter": 0.01436, "accuracy": 0.47619, "precision": 0.47619, "recall": 1.0, "f1": 0.64516, "auc": 0.42045}
{"epoch": 9, "time_epoch": 0.03679, "eta": 3.45379, "eta_hours": 0.00096, "loss": 0.69489069, "lr": 0.00098015, "params": 6465, "time_iter": 0.01226, "accuracy": 0.47619, "precision": 0.47619, "recall": 1.0, "f1": 0.64516, "auc": 0.48636}
{"epoch": 10, "time_epoch": 0.03772, "eta": 3.4101, "eta_hours": 0.00095, "loss": 0.69441097, "lr": 0.00097553, "params": 6465, "time_iter": 0.01257, "accuracy": 0.47619, "precision": 0.47619, "recall": 1.0, "f1": 0.64516, "auc": 0.66591}
{"epoch": 11, "time_epoch": 0.0359, "eta": 3.35405, "eta_hours": 0.00093, "loss": 0.69452524, "lr": 0.00097044, "params": 6465, "time_iter": 0.01197, "accuracy": 0.47619, "precision": 0.47619, "recall": 1.0, "f1": 0.64516, "auc": 0.43409}
{"epoch": 12, "time_epoch": 0.03282, "eta": 3.28053, "eta_hours": 0.00091, "loss": 0.69404391, "lr": 0.00096489, "params": 6465, "time_iter": 0.01094, "accuracy": 0.47619, "precision": 0.47619, "recall": 1.0, "f1": 0.64516, "auc": 0.52727}
{"epoch": 13, "time_epoch": 0.04456, "eta": 3.28495, "eta_hours": 0.00091, "loss": 0.69369189, "lr": 0.00095888, "params": 6465, "time_iter": 0.01485, "accuracy": 0.47619, "precision": 0.47619, "recall": 1.0, "f1": 0.64516, "auc": 0.62955}
{"epoch": 14, "time_epoch": 0.04231, "eta": 3.27007, "eta_hours": 0.00091, "loss": 0.69346247, "lr": 0.00095241, "params": 6465, "time_iter": 0.0141, "accuracy": 0.47619, "precision": 0.47619, "recall": 1.0, "f1": 0.64516, "auc": 0.56136}
{"epoch": 15, "time_epoch": 0.04121, "eta": 3.24599, "eta_hours": 0.0009, "loss": 0.69363248, "lr": 0.0009455, "params": 6465, "time_iter": 0.01374, "accuracy": 0.47619, "precision": 0.47619, "recall": 1.0, "f1": 0.64516, "auc": 0.36591}
{"epoch": 16, "time_epoch": 0.04924, "eta": 3.2591, "eta_hours": 0.00091, "loss": 0.69300303, "lr": 0.00093815, "params": 6465, "time_iter": 0.01641, "accuracy": 0.54762, "precision": 0.52941, "recall": 0.45, "f1": 0.48649, "auc": 0.57273}
{"epoch": 17, "time_epoch": 0.02952, "eta": 3.17543, "eta_hours": 0.00088, "loss": 0.69304883, "lr": 0.00093037, "params": 6465, "time_iter": 0.00984, "accuracy": 0.52381, "precision": 0.0, "recall": 0.0, "f1": 0.0, "auc": 0.45455}
{"epoch": 18, "time_epoch": 0.03129, "eta": 3.10503, "eta_hours": 0.00086, "loss": 0.69276272, "lr": 0.00092216, "params": 6465, "time_iter": 0.01043, "accuracy": 0.52381, "precision": 0.0, "recall": 0.0, "f1": 0.0, "auc": 0.52727}
{"epoch": 19, "time_epoch": 0.02913, "eta": 3.02989, "eta_hours": 0.00084, "loss": 0.6927188, "lr": 0.00091354, "params": 6465, "time_iter": 0.00971, "accuracy": 0.52381, "precision": 0.0, "recall": 0.0, "f1": 0.0, "auc": 0.44773}
{"epoch": 20, "time_epoch": 0.03926, "eta": 2.99722, "eta_hours": 0.00083, "loss": 0.69278792, "lr": 0.00090451, "params": 6465, "time_iter": 0.01309, "accuracy": 0.52381, "precision": 0.0, "recall": 0.0, "f1": 0.0, "auc": 0.38636}
{"epoch": 21, "time_epoch": 0.03758, "eta": 2.95803, "eta_hours": 0.00082, "loss": 0.69254203, "lr": 0.00089508, "params": 6465, "time_iter": 0.01253, "accuracy": 0.52381, "precision": 0.0, "recall": 0.0, "f1": 0.0, "auc": 0.44091}
{"epoch": 22, "time_epoch": 0.03406, "eta": 2.90718, "eta_hours": 0.00081, "loss": 0.69236716, "lr": 0.00088526, "params": 6465, "time_iter": 0.01135, "accuracy": 0.52381, "precision": 0.0, "recall": 0.0, "f1": 0.0, "auc": 0.54318}
{"epoch": 23, "time_epoch": 0.03436, "eta": 2.85866, "eta_hours": 0.00079, "loss": 0.69231682, "lr": 0.00087506, "params": 6465, "time_iter": 0.01145, "accuracy": 0.52381, "precision": 0.0, "recall": 0.0, "f1": 0.0, "auc": 0.50227}
{"epoch": 24, "time_epoch": 0.03603, "eta": 2.8163, "eta_hours": 0.00078, "loss": 0.69239101, "lr": 0.00086448, "params": 6465, "time_iter": 0.01201, "accuracy": 0.52381, "precision": 0.0, "recall": 0.0, "f1": 0.0, "auc": 0.45}
{"epoch": 25, "time_epoch": 0.03368, "eta": 2.76773, "eta_hours": 0.00077, "loss": 0.69229769, "lr": 0.00085355, "params": 6465, "time_iter": 0.01123, "accuracy": 0.52381, "precision": 0.0, "recall": 0.0, "f1": 0.0, "auc": 0.52614}
{"epoch": 26, "time_epoch": 0.03087, "eta": 2.71267, "eta_hours": 0.00075, "loss": 0.69217092, "lr": 0.00084227, "params": 6465, "time_iter": 0.01029, "accuracy": 0.52381, "precision": 0.0, "recall": 0.0, "f1": 0.0, "auc": 0.56818}
{"epoch": 27, "time_epoch": 0.03557, "eta": 2.67142, "eta_hours": 0.00074, "loss": 0.6923127, "lr": 0.00083066, "params": 6465, "time_iter": 0.01186, "accuracy": 0.52381, "precision": 0.0, "recall": 0.0, "f1": 0.0, "auc": 0.48182}
{"epoch": 28, "time_epoch": 0.0318, "eta": 2.62132, "eta_hours": 0.00073, "loss": 0.69227591, "lr": 0.00081871, "params": 6465, "time_iter": 0.0106, "accuracy": 0.52381, "precision": 0.0, "recall": 0.0, "f1": 0.0, "auc": 0.39659}
{"epoch": 29, "time_epoch": 0.03199, "eta": 2.57291, "eta_hours": 0.00071, "loss": 0.69226875, "lr": 0.00080645, "params": 6465, "time_iter": 0.01066, "accuracy": 0.52381, "precision": 0.0, "recall": 0.0, "f1": 0.0, "auc": 0.34091}
{"epoch": 30, "time_epoch": 0.03131, "eta": 2.52404, "eta_hours": 0.0007, "loss": 0.69234978, "lr": 0.00079389, "params": 6465, "time_iter": 0.01044, "accuracy": 0.52381, "precision": 0.0, "recall": 0.0, "f1": 0.0, "auc": 0.29091}
{"epoch": 31, "time_epoch": 0.03565, "eta": 2.48549, "eta_hours": 0.00069, "loss": 0.6921814, "lr": 0.00078104, "params": 6465, "time_iter": 0.01188, "accuracy": 0.52381, "precision": 0.0, "recall": 0.0, "f1": 0.0, "auc": 0.48182}
{"epoch": 32, "time_epoch": 0.03286, "eta": 2.44143, "eta_hours": 0.00068, "loss": 0.69231384, "lr": 0.00076791, "params": 6465, "time_iter": 0.01095, "accuracy": 0.52381, "precision": 0.0, "recall": 0.0, "f1": 0.0, "auc": 0.37614}
{"epoch": 33, "time_epoch": 0.03134, "eta": 2.39509, "eta_hours": 0.00067, "loss": 0.69217276, "lr": 0.00075452, "params": 6465, "time_iter": 0.01045, "accuracy": 0.52381, "precision": 0.0, "recall": 0.0, "f1": 0.0, "auc": 0.53409}
{"epoch": 34, "time_epoch": 0.03196, "eta": 2.35075, "eta_hours": 0.00065, "loss": 0.69216831, "lr": 0.00074088, "params": 6465, "time_iter": 0.01065, "accuracy": 0.52381, "precision": 0.0, "recall": 0.0, "f1": 0.0, "auc": 0.45909}
{"epoch": 35, "time_epoch": 0.03394, "eta": 2.31064, "eta_hours": 0.00064, "loss": 0.69231981, "lr": 0.000727, "params": 6465, "time_iter": 0.01131, "accuracy": 0.52381, "precision": 0.0, "recall": 0.0, "f1": 0.0, "auc": 0.36818}
{"epoch": 36, "time_epoch": 0.03149, "eta": 2.26668, "eta_hours": 0.00063, "loss": 0.69208448, "lr": 0.00071289, "params": 6465, "time_iter": 0.0105, "accuracy": 0.52381, "precision": 0.0, "recall": 0.0, "f1": 0.0, "auc": 0.53636}
{"epoch": 37, "time_epoch": 0.03183, "eta": 2.22392, "eta_hours": 0.00062, "loss": 0.69213977, "lr": 0.00069857, "params": 6465, "time_iter": 0.01061, "accuracy": 0.52381, "precision": 0.0, "recall": 0.0, "f1": 0.0, "auc": 0.42159}
{"epoch": 38, "time_epoch": 0.03253, "eta": 2.18283, "eta_hours": 0.00061, "loss": 0.69214343, "lr": 0.00068406, "params": 6465, "time_iter": 0.01084, "accuracy": 0.52381, "precision": 0.0, "recall": 0.0, "f1": 0.0, "auc": 0.41818}
{"epoch": 39, "time_epoch": 0.03554, "eta": 2.14667, "eta_hours": 0.0006, "loss": 0.69205463, "lr": 0.00066937, "params": 6465, "time_iter": 0.01185, "accuracy": 0.52381, "precision": 0.0, "recall": 0.0, "f1": 0.0, "auc": 0.62955}
{"epoch": 40, "time_epoch": 0.03355, "eta": 2.10768, "eta_hours": 0.00059, "loss": 0.69210416, "lr": 0.00065451, "params": 6465, "time_iter": 0.01118, "accuracy": 0.52381, "precision": 0.0, "recall": 0.0, "f1": 0.0, "auc": 0.46591}
{"epoch": 41, "time_epoch": 0.03201, "eta": 2.06684, "eta_hours": 0.00057, "loss": 0.69226688, "lr": 0.0006395, "params": 6465, "time_iter": 0.01067, "accuracy": 0.52381, "precision": 0.0, "recall": 0.0, "f1": 0.0, "auc": 0.34318}
{"epoch": 42, "time_epoch": 0.0318, "eta": 2.02611, "eta_hours": 0.00056, "loss": 0.69205068, "lr": 0.00062434, "params": 6465, "time_iter": 0.0106, "accuracy": 0.52381, "precision": 0.0, "recall": 0.0, "f1": 0.0, "auc": 0.48409}
{"epoch": 43, "time_epoch": 0.03137, "eta": 1.98525, "eta_hours": 0.00055, "loss": 0.69212543, "lr": 0.00060907, "params": 6465, "time_iter": 0.01046, "accuracy": 0.52381, "precision": 0.0, "recall": 0.0, "f1": 0.0, "auc": 0.40455}
{"epoch": 44, "time_epoch": 0.03235, "eta": 1.94602, "eta_hours": 0.00054, "loss": 0.69195756, "lr": 0.00059369, "params": 6465, "time_iter": 0.01078, "accuracy": 0.52381, "precision": 0.0, "recall": 0.0, "f1": 0.0, "auc": 0.63409}
{"epoch": 45, "time_epoch": 0.03211, "eta": 1.90679, "eta_hours": 0.00053, "loss": 0.69209556, "lr": 0.00057822, "params": 6465, "time_iter": 0.0107, "accuracy": 0.52381, "precision": 0.0, "recall": 0.0, "f1": 0.0, "auc": 0.35909}
{"epoch": 46, "time_epoch": 0.03173, "eta": 1.86744, "eta_hours": 0.00052, "loss": 0.69200554, "lr": 0.00056267, "params": 6465, "time_iter": 0.01058, "accuracy": 0.52381, "precision": 0.0, "recall": 0.0, "f1": 0.0, "auc": 0.56136}
{"epoch": 47, "time_epoch": 0.03134, "eta": 1.82798, "eta_hours": 0.00051, "loss": 0.6919739, "lr": 0.00054705, "params": 6465, "time_iter": 0.01045, "accuracy": 0.52381, "precision": 0.0, "recall": 0.0, "f1": 0.0, "auc": 0.56364}
{"epoch": 48, "time_epoch": 0.03123, "eta": 1.78875, "eta_hours": 0.0005, "loss": 0.69211253, "lr": 0.0005314, "params": 6465, "time_iter": 0.01041, "accuracy": 0.52381, "precision": 0.0, "recall": 0.0, "f1": 0.0, "auc": 0.37955}
{"epoch": 49, "time_epoch": 0.03182, "eta": 1.75042, "eta_hours": 0.00049, "loss": 0.69205895, "lr": 0.00051571, "params": 6465, "time_iter": 0.01061, "accuracy": 0.52381, "precision": 0.0, "recall": 0.0, "f1": 0.0, "auc": 0.45}
{"epoch": 50, "time_epoch": 0.0318, "eta": 1.71232, "eta_hours": 0.00048, "loss": 0.69207859, "lr": 0.0005, "params": 6465, "time_iter": 0.0106, "accuracy": 0.52381, "precision": 0.0, "recall": 0.0, "f1": 0.0, "auc": 0.42386}
{"epoch": 51, "time_epoch": 0.03141, "eta": 1.67412, "eta_hours": 0.00047, "loss": 0.6920524, "lr": 0.00048429, "params": 6465, "time_iter": 0.01047, "accuracy": 0.52381, "precision": 0.0, "recall": 0.0, "f1": 0.0, "auc": 0.46818}
{"epoch": 52, "time_epoch": 0.0314, "eta": 1.63615, "eta_hours": 0.00045, "loss": 0.69216444, "lr": 0.0004686, "params": 6465, "time_iter": 0.01047, "accuracy": 0.52381, "precision": 0.0, "recall": 0.0, "f1": 0.0, "auc": 0.26818}
{"epoch": 53, "time_epoch": 0.03165, "eta": 1.59865, "eta_hours": 0.00044, "loss": 0.69199662, "lr": 0.00045295, "params": 6465, "time_iter": 0.01055, "accuracy": 0.52381, "precision": 0.0, "recall": 0.0, "f1": 0.0, "auc": 0.52045}
{"epoch": 54, "time_epoch": 0.03196, "eta": 1.56161, "eta_hours": 0.00043, "loss": 0.69196544, "lr": 0.00043733, "params": 6465, "time_iter": 0.01065, "accuracy": 0.52381, "precision": 0.0, "recall": 0.0, "f1": 0.0, "auc": 0.56364}
{"epoch": 55, "time_epoch": 0.03178, "eta": 1.52461, "eta_hours": 0.00042, "loss": 0.69207219, "lr": 0.00042178, "params": 6465, "time_iter": 0.01059, "accuracy": 0.52381, "precision": 0.0, "recall": 0.0, "f1": 0.0, "auc": 0.39318}
{"epoch": 56, "time_epoch": 0.03126, "eta": 1.4874, "eta_hours": 0.00041, "loss": 0.69194217, "lr": 0.00040631, "params": 6465, "time_iter": 0.01042, "accuracy": 0.52381, "precision": 0.0, "recall": 0.0, "f1": 0.0, "auc": 0.61364}
{"epoch": 57, "time_epoch": 0.03137, "eta": 1.45048, "eta_hours": 0.0004, "loss": 0.69196709, "lr": 0.00039093, "params": 6465, "time_iter": 0.01046, "accuracy": 0.52381, "precision": 0.0, "recall": 0.0, "f1": 0.0, "auc": 0.56136}
{"epoch": 58, "time_epoch": 0.03214, "eta": 1.41428, "eta_hours": 0.00039, "loss": 0.69210551, "lr": 0.00037566, "params": 6465, "time_iter": 0.01071, "accuracy": 0.52381, "precision": 0.0, "recall": 0.0, "f1": 0.0, "auc": 0.375}
{"epoch": 59, "time_epoch": 0.03183, "eta": 1.37801, "eta_hours": 0.00038, "loss": 0.69208922, "lr": 0.0003605, "params": 6465, "time_iter": 0.01061, "accuracy": 0.52381, "precision": 0.0, "recall": 0.0, "f1": 0.0, "auc": 0.35909}
{"epoch": 60, "time_epoch": 0.03164, "eta": 1.34176, "eta_hours": 0.00037, "loss": 0.6920095, "lr": 0.00034549, "params": 6465, "time_iter": 0.01055, "accuracy": 0.52381, "precision": 0.0, "recall": 0.0, "f1": 0.0, "auc": 0.48864}
{"epoch": 61, "time_epoch": 0.0315, "eta": 1.30557, "eta_hours": 0.00036, "loss": 0.69202143, "lr": 0.00033063, "params": 6465, "time_iter": 0.0105, "accuracy": 0.52381, "precision": 0.0, "recall": 0.0, "f1": 0.0, "auc": 0.45}
{"epoch": 62, "time_epoch": 0.03133, "eta": 1.26944, "eta_hours": 0.00035, "loss": 0.69213256, "lr": 0.00031594, "params": 6465, "time_iter": 0.01044, "accuracy": 0.52381, "precision": 0.0, "recall": 0.0, "f1": 0.0, "auc": 0.30682}
{"epoch": 63, "time_epoch": 0.03178, "eta": 1.23371, "eta_hours": 0.00034, "loss": 0.69201455, "lr": 0.00030143, "params": 6465, "time_iter": 0.01059, "accuracy": 0.52381, "precision": 0.0, "recall": 0.0, "f1": 0.0, "auc": 0.51136}
{"epoch": 64, "time_epoch": 0.03218, "eta": 1.19831, "eta_hours": 0.00033, "loss": 0.69205663, "lr": 0.00028711, "params": 6465, "time_iter": 0.01073, "accuracy": 0.52381, "precision": 0.0, "recall": 0.0, "f1": 0.0, "auc": 0.42727}
{"epoch": 65, "time_epoch": 0.03178, "eta": 1.16281, "eta_hours": 0.00032, "loss": 0.69203134, "lr": 0.000273, "params": 6465, "time_iter": 0.01059, "accuracy": 0.52381, "precision": 0.0, "recall": 0.0, "f1": 0.0, "auc": 0.50341}
{"epoch": 66, "time_epoch": 0.03183, "eta": 1.12744, "eta_hours": 0.00031, "loss": 0.69199745, "lr": 0.00025912, "params": 6465, "time_iter": 0.01061, "accuracy": 0.52381, "precision": 0.0, "recall": 0.0, "f1": 0.0, "auc": 0.54318}
{"epoch": 67, "time_epoch": 0.03113, "eta": 1.09184, "eta_hours": 0.0003, "loss": 0.69201593, "lr": 0.00024548, "params": 6465, "time_iter": 0.01038, "accuracy": 0.52381, "precision": 0.0, "recall": 0.0, "f1": 0.0, "auc": 0.50455}
{"epoch": 68, "time_epoch": 0.03161, "eta": 1.05659, "eta_hours": 0.00029, "loss": 0.69205013, "lr": 0.00023209, "params": 6465, "time_iter": 0.01054, "accuracy": 0.52381, "precision": 0.0, "recall": 0.0, "f1": 0.0, "auc": 0.42273}
{"epoch": 69, "time_epoch": 0.03177, "eta": 1.02152, "eta_hours": 0.00028, "loss": 0.69205779, "lr": 0.00021896, "params": 6465, "time_iter": 0.01059, "accuracy": 0.52381, "precision": 0.0, "recall": 0.0, "f1": 0.0, "auc": 0.46364}
{"epoch": 70, "time_epoch": 0.03198, "eta": 0.98662, "eta_hours": 0.00027, "loss": 0.69207814, "lr": 0.00020611, "params": 6465, "time_iter": 0.01066, "accuracy": 0.52381, "precision": 0.0, "recall": 0.0, "f1": 0.0, "auc": 0.41364}
{"epoch": 71, "time_epoch": 0.03205, "eta": 0.95183, "eta_hours": 0.00026, "loss": 0.69206661, "lr": 0.00019355, "params": 6465, "time_iter": 0.01068, "accuracy": 0.52381, "precision": 0.0, "recall": 0.0, "f1": 0.0, "auc": 0.43864}
{"epoch": 72, "time_epoch": 0.03176, "eta": 0.91701, "eta_hours": 0.00025, "loss": 0.69196092, "lr": 0.00018129, "params": 6465, "time_iter": 0.01059, "accuracy": 0.52381, "precision": 0.0, "recall": 0.0, "f1": 0.0, "auc": 0.54318}
{"epoch": 73, "time_epoch": 0.03141, "eta": 0.88215, "eta_hours": 0.00025, "loss": 0.69195688, "lr": 0.00016934, "params": 6465, "time_iter": 0.01047, "accuracy": 0.52381, "precision": 0.0, "recall": 0.0, "f1": 0.0, "auc": 0.625}
{"epoch": 74, "time_epoch": 0.03174, "eta": 0.84749, "eta_hours": 0.00024, "loss": 0.69208874, "lr": 0.00015773, "params": 6465, "time_iter": 0.01058, "accuracy": 0.52381, "precision": 0.0, "recall": 0.0, "f1": 0.0, "auc": 0.37045}
{"epoch": 75, "time_epoch": 0.03242, "eta": 0.81313, "eta_hours": 0.00023, "loss": 0.69207484, "lr": 0.00014645, "params": 6465, "time_iter": 0.01081, "accuracy": 0.52381, "precision": 0.0, "recall": 0.0, "f1": 0.0, "auc": 0.35455}
{"epoch": 76, "time_epoch": 0.03427, "eta": 0.77936, "eta_hours": 0.00022, "loss": 0.69196544, "lr": 0.00013552, "params": 6465, "time_iter": 0.01142, "accuracy": 0.52381, "precision": 0.0, "recall": 0.0, "f1": 0.0, "auc": 0.60455}
{"epoch": 77, "time_epoch": 0.03336, "eta": 0.74533, "eta_hours": 0.00021, "loss": 0.69208955, "lr": 0.00012494, "params": 6465, "time_iter": 0.01112, "accuracy": 0.52381, "precision": 0.0, "recall": 0.0, "f1": 0.0, "auc": 0.35455}
{"epoch": 78, "time_epoch": 0.0318, "eta": 0.7109, "eta_hours": 0.0002, "loss": 0.6921055, "lr": 0.00011474, "params": 6465, "time_iter": 0.0106, "accuracy": 0.52381, "precision": 0.0, "recall": 0.0, "f1": 0.0, "auc": 0.35}
{"epoch": 79, "time_epoch": 0.03131, "eta": 0.67641, "eta_hours": 0.00019, "loss": 0.69208247, "lr": 0.00010492, "params": 6465, "time_iter": 0.01044, "accuracy": 0.52381, "precision": 0.0, "recall": 0.0, "f1": 0.0, "auc": 0.32955}
{"epoch": 80, "time_epoch": 0.03155, "eta": 0.64206, "eta_hours": 0.00018, "loss": 0.69186937, "lr": 9.549e-05, "params": 6465, "time_iter": 0.01052, "accuracy": 0.52381, "precision": 0.0, "recall": 0.0, "f1": 0.0, "auc": 0.75227}
{"epoch": 81, "time_epoch": 0.03119, "eta": 0.60769, "eta_hours": 0.00017, "loss": 0.69202299, "lr": 8.646e-05, "params": 6465, "time_iter": 0.0104, "accuracy": 0.52381, "precision": 0.0, "recall": 0.0, "f1": 0.0, "auc": 0.49545}
{"epoch": 82, "time_epoch": 0.0319, "eta": 0.57355, "eta_hours": 0.00016, "loss": 0.69203472, "lr": 7.784e-05, "params": 6465, "time_iter": 0.01063, "accuracy": 0.52381, "precision": 0.0, "recall": 0.0, "f1": 0.0, "auc": 0.47955}
{"epoch": 83, "time_epoch": 0.03179, "eta": 0.53944, "eta_hours": 0.00015, "loss": 0.69198518, "lr": 6.963e-05, "params": 6465, "time_iter": 0.0106, "accuracy": 0.52381, "precision": 0.0, "recall": 0.0, "f1": 0.0, "auc": 0.53864}
{"epoch": 84, "time_epoch": 0.03404, "eta": 0.50578, "eta_hours": 0.00014, "loss": 0.69194799, "lr": 6.185e-05, "params": 6465, "time_iter": 0.01135, "accuracy": 0.52381, "precision": 0.0, "recall": 0.0, "f1": 0.0, "auc": 0.63864}
{"epoch": 85, "time_epoch": 0.03119, "eta": 0.47165, "eta_hours": 0.00013, "loss": 0.69209573, "lr": 5.45e-05, "params": 6465, "time_iter": 0.0104, "accuracy": 0.52381, "precision": 0.0, "recall": 0.0, "f1": 0.0, "auc": 0.35682}
{"epoch": 86, "time_epoch": 0.03192, "eta": 0.4377, "eta_hours": 0.00012, "loss": 0.69201639, "lr": 4.759e-05, "params": 6465, "time_iter": 0.01064, "accuracy": 0.52381, "precision": 0.0, "recall": 0.0, "f1": 0.0, "auc": 0.49545}
{"epoch": 87, "time_epoch": 0.03102, "eta": 0.40367, "eta_hours": 0.00011, "loss": 0.69196352, "lr": 4.112e-05, "params": 6465, "time_iter": 0.01034, "accuracy": 0.52381, "precision": 0.0, "recall": 0.0, "f1": 0.0, "auc": 0.60455}
{"epoch": 88, "time_epoch": 0.0483, "eta": 0.37184, "eta_hours": 0.0001, "loss": 0.69201895, "lr": 3.511e-05, "params": 6465, "time_iter": 0.0161, "accuracy": 0.52381, "precision": 0.0, "recall": 0.0, "f1": 0.0, "auc": 0.49545}
{"epoch": 89, "time_epoch": 0.04921, "eta": 0.33975, "eta_hours": 9e-05, "loss": 0.69196583, "lr": 2.956e-05, "params": 6465, "time_iter": 0.0164, "accuracy": 0.52381, "precision": 0.0, "recall": 0.0, "f1": 0.0, "auc": 0.62045}
{"epoch": 90, "time_epoch": 0.05165, "eta": 0.30752, "eta_hours": 9e-05, "loss": 0.69211352, "lr": 2.447e-05, "params": 6465, "time_iter": 0.01722, "accuracy": 0.52381, "precision": 0.0, "recall": 0.0, "f1": 0.0, "auc": 0.35}
{"epoch": 91, "time_epoch": 0.04186, "eta": 0.27402, "eta_hours": 8e-05, "loss": 0.69201364, "lr": 1.985e-05, "params": 6465, "time_iter": 0.01395, "accuracy": 0.52381, "precision": 0.0, "recall": 0.0, "f1": 0.0, "auc": 0.46818}
{"epoch": 92, "time_epoch": 0.03277, "eta": 0.23966, "eta_hours": 7e-05, "loss": 0.69203667, "lr": 1.571e-05, "params": 6465, "time_iter": 0.01092, "accuracy": 0.52381, "precision": 0.0, "recall": 0.0, "f1": 0.0, "auc": 0.46136}
{"epoch": 93, "time_epoch": 0.04779, "eta": 0.20629, "eta_hours": 6e-05, "loss": 0.6920872, "lr": 1.204e-05, "params": 6465, "time_iter": 0.01593, "accuracy": 0.52381, "precision": 0.0, "recall": 0.0, "f1": 0.0, "auc": 0.38182}
{"epoch": 94, "time_epoch": 0.05153, "eta": 0.17281, "eta_hours": 5e-05, "loss": 0.69201417, "lr": 8.86e-06, "params": 6465, "time_iter": 0.01718, "accuracy": 0.52381, "precision": 0.0, "recall": 0.0, "f1": 0.0, "auc": 0.50227}
{"epoch": 95, "time_epoch": 0.03972, "eta": 0.13846, "eta_hours": 4e-05, "loss": 0.69198495, "lr": 6.16e-06, "params": 6465, "time_iter": 0.01324, "accuracy": 0.52381, "precision": 0.0, "recall": 0.0, "f1": 0.0, "auc": 0.56591}
{"epoch": 96, "time_epoch": 0.03956, "eta": 0.104, "eta_hours": 3e-05, "loss": 0.69202217, "lr": 3.94e-06, "params": 6465, "time_iter": 0.01319, "accuracy": 0.52381, "precision": 0.0, "recall": 0.0, "f1": 0.0, "auc": 0.48864}
{"epoch": 97, "time_epoch": 0.03096, "eta": 0.06926, "eta_hours": 2e-05, "loss": 0.69205237, "lr": 2.22e-06, "params": 6465, "time_iter": 0.01032, "accuracy": 0.52381, "precision": 0.0, "recall": 0.0, "f1": 0.0, "auc": 0.44545}
{"epoch": 98, "time_epoch": 0.03185, "eta": 0.0346, "eta_hours": 1e-05, "loss": 0.69206643, "lr": 9.9e-07, "params": 6465, "time_iter": 0.01062, "accuracy": 0.52381, "precision": 0.0, "recall": 0.0, "f1": 0.0, "auc": 0.38636}
{"epoch": 99, "time_epoch": 0.0309, "eta": 0.0, "eta_hours": 0.0, "loss": 0.69202366, "lr": 2.5e-07, "params": 6465, "time_iter": 0.0103, "accuracy": 0.52381, "precision": 0.0, "recall": 0.0, "f1": 0.0, "auc": 0.44318}
