{"epoch": 0, "time_epoch": 42.31701, "eta": 4189.38375, "eta_hours": 1.16372, "loss": 0.69350165, "lr": 0.001, "params": 3973, "time_iter": 4.2317, "accuracy": 0.52, "precision": 0.52, "recall": 1.0, "f1": 0.68421, "auc": 0.42432}
{"epoch": 1, "time_epoch": 42.56485, "eta": 4159.21095, "eta_hours": 1.15534, "loss": 0.69266648, "lr": 0.00099975, "params": 3973, "time_iter": 4.25648, "accuracy": 0.52, "precision": 0.52, "recall": 1.0, "f1": 0.68421, "auc": 0.45762}
{"epoch": 2, "time_epoch": 42.60297, "eta": 4122.00949, "eta_hours": 1.145, "loss": 0.69321187, "lr": 0.00099901, "params": 3973, "time_iter": 4.2603, "accuracy": 0.52, "precision": 0.52, "recall": 1.0, "f1": 0.68421, "auc": 0.41684}
{"epoch": 3, "time_epoch": 42.54635, "eta": 4080.74833, "eta_hours": 1.13354, "loss": 0.69223249, "lr": 0.00099778, "params": 3973, "time_iter": 4.25464, "accuracy": 0.52, "precision": 0.52, "recall": 1.0, "f1": 0.68421, "auc": 0.52333}
{"epoch": 4, "time_epoch": 42.53084, "eta": 4038.67848, "eta_hours": 1.12186, "loss": 0.69243972, "lr": 0.00099606, "params": 3973, "time_iter": 4.25308, "accuracy": 0.52, "precision": 0.52, "recall": 1.0, "f1": 0.68421, "auc": 0.43803}
{"epoch": 5, "time_epoch": 42.53003, "eta": 3996.4422, "eta_hours": 1.11012, "loss": 0.69242865, "lr": 0.00099384, "params": 3973, "time_iter": 4.253, "accuracy": 0.52, "precision": 0.52, "recall": 1.0, "f1": 0.68421, "auc": 0.49822}
{"epoch": 6, "time_epoch": 42.52874, "eta": 3954.10492, "eta_hours": 1.09836, "loss": 0.69251896, "lr": 0.00099114, "params": 3973, "time_iter": 4.25287, "accuracy": 0.52, "precision": 0.52, "recall": 1.0, "f1": 0.68421, "auc": 0.38684}
{"epoch": 7, "time_epoch": 42.57117, "eta": 3912.2076, "eta_hours": 1.08672, "loss": 0.69250694, "lr": 0.00098796, "params": 3973, "time_iter": 4.25712, "accuracy": 0.52, "precision": 0.52, "recall": 1.0, "f1": 0.68421, "auc": 0.38515}
{"epoch": 8, "time_epoch": 42.57337, "eta": 3870.18287, "eta_hours": 1.07505, "loss": 0.69245517, "lr": 0.00098429, "params": 3973, "time_iter": 4.25734, "accuracy": 0.52, "precision": 0.52, "recall": 1.0, "f1": 0.68421, "auc": 0.40278}
{"epoch": 9, "time_epoch": 42.5659, "eta": 3827.98114, "eta_hours": 1.06333, "loss": 0.69251001, "lr": 0.00098015, "params": 3973, "time_iter": 4.25659, "accuracy": 0.52, "precision": 0.52, "recall": 1.0, "f1": 0.68421, "auc": 0.43243}
{"epoch": 10, "time_epoch": 42.55568, "eta": 3785.63056, "eta_hours": 1.05156, "loss": 0.69300922, "lr": 0.00097553, "params": 3973, "time_iter": 4.25557, "accuracy": 0.52, "precision": 0.52, "recall": 1.0, "f1": 0.68421, "auc": 0.39316}
{"epoch": 11, "time_epoch": 42.55369, "eta": 3743.23113, "eta_hours": 1.03979, "loss": 0.69250956, "lr": 0.00097044, "params": 3973, "time_iter": 4.25537, "accuracy": 0.52, "precision": 0.52, "recall": 1.0, "f1": 0.68421, "auc": 0.42139}
{"epoch": 12, "time_epoch": 42.56489, "eta": 3700.88295, "eta_hours": 1.02802, "loss": 0.69234663, "lr": 0.00096489, "params": 3973, "time_iter": 4.25649, "accuracy": 0.52, "precision": 0.52, "recall": 1.0, "f1": 0.68421, "auc": 0.53312}
{"epoch": 13, "time_epoch": 42.52744, "eta": 3658.27378, "eta_hours": 1.01619, "loss": 0.69245412, "lr": 0.00095888, "params": 3973, "time_iter": 4.25274, "accuracy": 0.52, "precision": 0.52, "recall": 1.0, "f1": 0.68421, "auc": 0.47952}
{"epoch": 14, "time_epoch": 42.53048, "eta": 3615.69273, "eta_hours": 1.00436, "loss": 0.69258186, "lr": 0.00095241, "params": 3973, "time_iter": 4.25305, "accuracy": 0.52, "precision": 0.52, "recall": 1.0, "f1": 0.68421, "auc": 0.43857}
{"epoch": 15, "time_epoch": 42.52052, "eta": 3573.0657, "eta_hours": 0.99252, "loss": 0.6924052, "lr": 0.0009455, "params": 3973, "time_iter": 4.25205, "accuracy": 0.52, "precision": 0.52, "recall": 1.0, "f1": 0.68421, "auc": 0.49359}
{"epoch": 16, "time_epoch": 42.53925, "eta": 3530.54265, "eta_hours": 0.98071, "loss": 0.69247862, "lr": 0.00093815, "params": 3973, "time_iter": 4.25393, "accuracy": 0.52, "precision": 0.52, "recall": 1.0, "f1": 0.68421, "auc": 0.41079}
{"epoch": 17, "time_epoch": 42.64325, "eta": 3488.4916, "eta_hours": 0.96903, "loss": 0.69274211, "lr": 0.00093037, "params": 3973, "time_iter": 4.26433, "accuracy": 0.52, "precision": 0.52, "recall": 1.0, "f1": 0.68421, "auc": 0.42975}
{"epoch": 18, "time_epoch": 42.68463, "eta": 3446.55461, "eta_hours": 0.95738, "loss": 0.69263103, "lr": 0.00092216, "params": 3973, "time_iter": 4.26846, "accuracy": 0.52, "precision": 0.52, "recall": 1.0, "f1": 0.68421, "auc": 0.43162}
{"epoch": 19, "time_epoch": 42.54754, "eta": 3403.99451, "eta_hours": 0.94555, "loss": 0.6925352, "lr": 0.00091354, "params": 3973, "time_iter": 4.25475, "accuracy": 0.52, "precision": 0.52, "recall": 1.0, "f1": 0.68421, "auc": 0.41239}
{"epoch": 20, "time_epoch": 42.58349, "eta": 3361.57081, "eta_hours": 0.93377, "loss": 0.69256495, "lr": 0.00090451, "params": 3973, "time_iter": 4.25835, "accuracy": 0.52, "precision": 0.52, "recall": 1.0, "f1": 0.68421, "auc": 0.42557}
{"epoch": 21, "time_epoch": 43.12508, "eta": 3321.05277, "eta_hours": 0.92251, "loss": 0.69258611, "lr": 0.00089508, "params": 3973, "time_iter": 4.31251, "accuracy": 0.52, "precision": 0.52, "recall": 1.0, "f1": 0.68421, "auc": 0.43429}
{"epoch": 22, "time_epoch": 42.56273, "eta": 3278.42539, "eta_hours": 0.91067, "loss": 0.69247693, "lr": 0.00088526, "params": 3973, "time_iter": 4.25627, "accuracy": 0.52, "precision": 0.52, "recall": 1.0, "f1": 0.68421, "auc": 0.48442}
{"epoch": 23, "time_epoch": 42.53398, "eta": 3235.71235, "eta_hours": 0.89881, "loss": 0.69255417, "lr": 0.00087506, "params": 3973, "time_iter": 4.2534, "accuracy": 0.52, "precision": 0.52, "recall": 1.0, "f1": 0.68421, "auc": 0.38373}
{"epoch": 24, "time_epoch": 42.52704, "eta": 3192.99282, "eta_hours": 0.88694, "loss": 0.69244529, "lr": 0.00086448, "params": 3973, "time_iter": 4.2527, "accuracy": 0.52, "precision": 0.52, "recall": 1.0, "f1": 0.68421, "auc": 0.44854}
{"epoch": 25, "time_epoch": 42.66026, "eta": 3150.66725, "eta_hours": 0.87519, "loss": 0.6928252, "lr": 0.00085355, "params": 3973, "time_iter": 4.26603, "accuracy": 0.52, "precision": 0.52, "recall": 1.0, "f1": 0.68421, "auc": 0.40919}
{"epoch": 26, "time_epoch": 42.65191, "eta": 3108.29432, "eta_hours": 0.86342, "loss": 0.69248938, "lr": 0.00084227, "params": 3973, "time_iter": 4.26519, "accuracy": 0.52, "precision": 0.52, "recall": 1.0, "f1": 0.68421, "auc": 0.44747}
{"epoch": 27, "time_epoch": 42.61486, "eta": 3065.80619, "eta_hours": 0.85161, "loss": 0.69252058, "lr": 0.00083066, "params": 3973, "time_iter": 4.26149, "accuracy": 0.52, "precision": 0.52, "recall": 1.0, "f1": 0.68421, "auc": 0.36102}
{"epoch": 28, "time_epoch": 42.62379, "eta": 3023.33119, "eta_hours": 0.83981, "loss": 0.69291098, "lr": 0.00081871, "params": 3973, "time_iter": 4.26238, "accuracy": 0.52, "precision": 0.52, "recall": 1.0, "f1": 0.68421, "auc": 0.41141}
{"epoch": 29, "time_epoch": 42.62396, "eta": 2980.84666, "eta_hours": 0.82801, "loss": 0.69263685, "lr": 0.00080645, "params": 3973, "time_iter": 4.2624, "accuracy": 0.52, "precision": 0.52, "recall": 1.0, "f1": 0.68421, "auc": 0.4302}
{"epoch": 30, "time_epoch": 42.57552, "eta": 2938.24532, "eta_hours": 0.81618, "loss": 0.69249922, "lr": 0.00079389, "params": 3973, "time_iter": 4.25755, "accuracy": 0.52, "precision": 0.52, "recall": 1.0, "f1": 0.68421, "auc": 0.43973}
{"epoch": 31, "time_epoch": 42.54112, "eta": 2895.57249, "eta_hours": 0.80433, "loss": 0.69249805, "lr": 0.00078104, "params": 3973, "time_iter": 4.25411, "accuracy": 0.52, "precision": 0.52, "recall": 1.0, "f1": 0.68421, "auc": 0.44071}
{"epoch": 32, "time_epoch": 42.58647, "eta": 2852.99973, "eta_hours": 0.7925, "loss": 0.69251424, "lr": 0.00076791, "params": 3973, "time_iter": 4.25865, "accuracy": 0.52, "precision": 0.52, "recall": 1.0, "f1": 0.68421, "auc": 0.42156}
{"epoch": 33, "time_epoch": 42.51891, "eta": 2810.29501, "eta_hours": 0.78064, "loss": 0.69263981, "lr": 0.00075452, "params": 3973, "time_iter": 4.25189, "accuracy": 0.52, "precision": 0.52, "recall": 1.0, "f1": 0.68421, "auc": 0.43786}
{"epoch": 34, "time_epoch": 42.5397, "eta": 2767.63952, "eta_hours": 0.76879, "loss": 0.69257403, "lr": 0.00074088, "params": 3973, "time_iter": 4.25397, "accuracy": 0.52, "precision": 0.52, "recall": 1.0, "f1": 0.68421, "auc": 0.43732}
{"epoch": 35, "time_epoch": 42.63169, "eta": 2725.154, "eta_hours": 0.75699, "loss": 0.69256905, "lr": 0.000727, "params": 3973, "time_iter": 4.26317, "accuracy": 0.52, "precision": 0.52, "recall": 1.0, "f1": 0.68421, "auc": 0.48762}
{"epoch": 36, "time_epoch": 42.63772, "eta": 2682.67084, "eta_hours": 0.74519, "loss": 0.69258181, "lr": 0.00071289, "params": 3973, "time_iter": 4.26377, "accuracy": 0.52, "precision": 0.52, "recall": 1.0, "f1": 0.68421, "auc": 0.45308}
{"epoch": 37, "time_epoch": 42.61593, "eta": 2640.14401, "eta_hours": 0.73337, "loss": 0.69293729, "lr": 0.00069857, "params": 3973, "time_iter": 4.26159, "accuracy": 0.52, "precision": 0.52, "recall": 1.0, "f1": 0.68421, "auc": 0.39806}
{"epoch": 38, "time_epoch": 42.67101, "eta": 2597.69875, "eta_hours": 0.72158, "loss": 0.69249854, "lr": 0.00068406, "params": 3973, "time_iter": 4.2671, "accuracy": 0.52, "precision": 0.52, "recall": 1.0, "f1": 0.68421, "auc": 0.40402}
{"epoch": 39, "time_epoch": 42.65319, "eta": 2555.21547, "eta_hours": 0.70978, "loss": 0.69254697, "lr": 0.00066937, "params": 3973, "time_iter": 4.26532, "accuracy": 0.52, "precision": 0.52, "recall": 1.0, "f1": 0.68421, "auc": 0.46635}
{"epoch": 40, "time_epoch": 42.66021, "eta": 2512.734, "eta_hours": 0.69798, "loss": 0.6923889, "lr": 0.00065451, "params": 3973, "time_iter": 4.26602, "accuracy": 0.52, "precision": 0.52, "recall": 1.0, "f1": 0.68421, "auc": 0.4992}
{"epoch": 41, "time_epoch": 42.53912, "eta": 2470.07681, "eta_hours": 0.68613, "loss": 0.69245693, "lr": 0.0006395, "params": 3973, "time_iter": 4.25391, "accuracy": 0.52, "precision": 0.52, "recall": 1.0, "f1": 0.68421, "auc": 0.44703}
{"epoch": 42, "time_epoch": 42.56706, "eta": 2427.46214, "eta_hours": 0.6743, "loss": 0.69240577, "lr": 0.00062434, "params": 3973, "time_iter": 4.25671, "accuracy": 0.52, "precision": 0.52, "recall": 1.0, "f1": 0.68421, "auc": 0.47204}
{"epoch": 43, "time_epoch": 42.56914, "eta": 2384.85228, "eta_hours": 0.66246, "loss": 0.69246021, "lr": 0.00060907, "params": 3973, "time_iter": 4.25691, "accuracy": 0.52, "precision": 0.52, "recall": 1.0, "f1": 0.68421, "auc": 0.43002}
{"epoch": 44, "time_epoch": 42.57068, "eta": 2342.24612, "eta_hours": 0.65062, "loss": 0.69239493, "lr": 0.00059369, "params": 3973, "time_iter": 4.25707, "accuracy": 0.52, "precision": 0.52, "recall": 1.0, "f1": 0.68421, "auc": 0.50196}
{"epoch": 45, "time_epoch": 42.56436, "eta": 2299.63408, "eta_hours": 0.63879, "loss": 0.69243565, "lr": 0.00057822, "params": 3973, "time_iter": 4.25644, "accuracy": 0.52, "precision": 0.52, "recall": 1.0, "f1": 0.68421, "auc": 0.42557}
{"epoch": 46, "time_epoch": 42.55618, "eta": 2257.01484, "eta_hours": 0.62695, "loss": 0.69249503, "lr": 0.00056267, "params": 3973, "time_iter": 4.25562, "accuracy": 0.52, "precision": 0.52, "recall": 1.0, "f1": 0.68421, "auc": 0.4383}
{"epoch": 47, "time_epoch": 43.23191, "eta": 2215.13027, "eta_hours": 0.61531, "loss": 0.6924046, "lr": 0.00054705, "params": 3973, "time_iter": 4.32319, "accuracy": 0.52, "precision": 0.52, "recall": 1.0, "f1": 0.68421, "auc": 0.46394}
{"epoch": 48, "time_epoch": 42.56768, "eta": 2172.49937, "eta_hours": 0.60347, "loss": 0.69239644, "lr": 0.0005314, "params": 3973, "time_iter": 4.25677, "accuracy": 0.52, "precision": 0.52, "recall": 1.0, "f1": 0.68421, "auc": 0.44907}
{"epoch": 49, "time_epoch": 42.55492, "eta": 2129.85824, "eta_hours": 0.59163, "loss": 0.69241078, "lr": 0.00051571, "params": 3973, "time_iter": 4.25549, "accuracy": 0.52, "precision": 0.52, "recall": 1.0, "f1": 0.68421, "auc": 0.38292}
{"epoch": 50, "time_epoch": 42.60323, "eta": 2087.2669, "eta_hours": 0.5798, "loss": 0.69240706, "lr": 0.0005, "params": 3973, "time_iter": 4.26032, "accuracy": 0.52, "precision": 0.52, "recall": 1.0, "f1": 0.68421, "auc": 0.42147}
{"epoch": 51, "time_epoch": 42.571, "eta": 2044.64535, "eta_hours": 0.56796, "loss": 0.69259395, "lr": 0.00048429, "params": 3973, "time_iter": 4.2571, "accuracy": 0.52, "precision": 0.52, "recall": 1.0, "f1": 0.68421, "auc": 0.37162}
{"epoch": 52, "time_epoch": 42.55616, "eta": 2002.01256, "eta_hours": 0.55611, "loss": 0.69254651, "lr": 0.0004686, "params": 3973, "time_iter": 4.25562, "accuracy": 0.52, "precision": 0.52, "recall": 1.0, "f1": 0.68421, "auc": 0.40545}
{"epoch": 53, "time_epoch": 42.54244, "eta": 1959.37091, "eta_hours": 0.54427, "loss": 0.69244696, "lr": 0.00045295, "params": 3973, "time_iter": 4.25424, "accuracy": 0.52, "precision": 0.52, "recall": 1.0, "f1": 0.68421, "auc": 0.444}
{"epoch": 54, "time_epoch": 42.55575, "eta": 1916.74376, "eta_hours": 0.53243, "loss": 0.69235204, "lr": 0.00043733, "params": 3973, "time_iter": 4.25558, "accuracy": 0.52, "precision": 0.52, "recall": 1.0, "f1": 0.68421, "auc": 0.48709}
{"epoch": 55, "time_epoch": 42.6276, "eta": 1874.17561, "eta_hours": 0.5206, "loss": 0.69236336, "lr": 0.00042178, "params": 3973, "time_iter": 4.26276, "accuracy": 0.52, "precision": 0.52, "recall": 1.0, "f1": 0.68421, "auc": 0.42735}
{"epoch": 56, "time_epoch": 42.64298, "eta": 1831.61698, "eta_hours": 0.50878, "loss": 0.69240155, "lr": 0.00040631, "params": 3973, "time_iter": 4.2643, "accuracy": 0.52, "precision": 0.52, "recall": 1.0, "f1": 0.68421, "auc": 0.41489}
{"epoch": 57, "time_epoch": 42.6584, "eta": 1789.06661, "eta_hours": 0.49696, "loss": 0.6924302, "lr": 0.00039093, "params": 3973, "time_iter": 4.26584, "accuracy": 0.52, "precision": 0.52, "recall": 1.0, "f1": 0.68421, "auc": 0.42682}
{"epoch": 58, "time_epoch": 42.66196, "eta": 1746.51504, "eta_hours": 0.48514, "loss": 0.69235628, "lr": 0.00037566, "params": 3973, "time_iter": 4.2662, "accuracy": 0.52, "precision": 0.52, "recall": 1.0, "f1": 0.68421, "auc": 0.46394}
{"epoch": 59, "time_epoch": 42.67358, "eta": 1703.96755, "eta_hours": 0.47332, "loss": 0.69237406, "lr": 0.0003605, "params": 3973, "time_iter": 4.26736, "accuracy": 0.52, "precision": 0.52, "recall": 1.0, "f1": 0.68421, "auc": 0.43884}
{"epoch": 60, "time_epoch": 42.56165, "eta": 1661.34436, "eta_hours": 0.46148, "loss": 0.69237782, "lr": 0.00034549, "params": 3973, "time_iter": 4.25617, "accuracy": 0.52, "precision": 0.52, "recall": 1.0, "f1": 0.68421, "auc": 0.45157}
{"epoch": 61, "time_epoch": 42.60941, "eta": 1618.75243, "eta_hours": 0.44965, "loss": 0.69236101, "lr": 0.00033063, "params": 3973, "time_iter": 4.26094, "accuracy": 0.52, "precision": 0.52, "recall": 1.0, "f1": 0.68421, "auc": 0.46332}
{"epoch": 62, "time_epoch": 42.64463, "eta": 1576.18063, "eta_hours": 0.43783, "loss": 0.69241648, "lr": 0.00031594, "params": 3973, "time_iter": 4.26446, "accuracy": 0.52, "precision": 0.52, "recall": 1.0, "f1": 0.68421, "auc": 0.45726}
{"epoch": 63, "time_epoch": 42.63032, "eta": 1533.5985, "eta_hours": 0.426, "loss": 0.69235506, "lr": 0.00030143, "params": 3973, "time_iter": 4.26303, "accuracy": 0.52, "precision": 0.52, "recall": 1.0, "f1": 0.68421, "auc": 0.45655}
{"epoch": 64, "time_epoch": 42.67031, "eta": 1491.03642, "eta_hours": 0.41418, "loss": 0.69235647, "lr": 0.00028711, "params": 3973, "time_iter": 4.26703, "accuracy": 0.52, "precision": 0.52, "recall": 1.0, "f1": 0.68421, "auc": 0.42388}
{"epoch": 65, "time_epoch": 42.63989, "eta": 1448.4554, "eta_hours": 0.40235, "loss": 0.6923844, "lr": 0.000273, "params": 3973, "time_iter": 4.26399, "accuracy": 0.52, "precision": 0.52, "recall": 1.0, "f1": 0.68421, "auc": 0.43705}
{"epoch": 66, "time_epoch": 42.56269, "eta": 1405.83459, "eta_hours": 0.39051, "loss": 0.69240223, "lr": 0.00025912, "params": 3973, "time_iter": 4.25627, "accuracy": 0.52, "precision": 0.52, "recall": 1.0, "f1": 0.68421, "auc": 0.44649}
{"epoch": 67, "time_epoch": 42.53821, "eta": 1363.20397, "eta_hours": 0.37867, "loss": 0.69237976, "lr": 0.00024548, "params": 3973, "time_iter": 4.25382, "accuracy": 0.52, "precision": 0.52, "recall": 1.0, "f1": 0.68421, "auc": 0.46688}
{"epoch": 68, "time_epoch": 42.5553, "eta": 1320.58371, "eta_hours": 0.36683, "loss": 0.6923578, "lr": 0.00023209, "params": 3973, "time_iter": 4.25553, "accuracy": 0.52, "precision": 0.52, "recall": 1.0, "f1": 0.68421, "auc": 0.41667}
{"epoch": 69, "time_epoch": 42.59628, "eta": 1277.98287, "eta_hours": 0.355, "loss": 0.69236312, "lr": 0.00021896, "params": 3973, "time_iter": 4.25963, "accuracy": 0.52, "precision": 0.52, "recall": 1.0, "f1": 0.68421, "auc": 0.40002}
{"epoch": 70, "time_epoch": 42.57844, "eta": 1235.37486, "eta_hours": 0.34316, "loss": 0.6923655, "lr": 0.00020611, "params": 3973, "time_iter": 4.25784, "accuracy": 0.52, "precision": 0.52, "recall": 1.0, "f1": 0.68421, "auc": 0.40963}
{"epoch": 71, "time_epoch": 42.57096, "eta": 1192.76478, "eta_hours": 0.33132, "loss": 0.69238861, "lr": 0.00019355, "params": 3973, "time_iter": 4.2571, "accuracy": 0.52, "precision": 0.52, "recall": 1.0, "f1": 0.68421, "auc": 0.43394}
{"epoch": 72, "time_epoch": 42.58096, "eta": 1150.15946, "eta_hours": 0.31949, "loss": 0.69235478, "lr": 0.00018129, "params": 3973, "time_iter": 4.2581, "accuracy": 0.52, "precision": 0.52, "recall": 1.0, "f1": 0.68421, "auc": 0.45157}
{"epoch": 73, "time_epoch": 42.56229, "eta": 1107.54824, "eta_hours": 0.30765, "loss": 0.69239784, "lr": 0.00016934, "params": 3973, "time_iter": 4.25623, "accuracy": 0.52, "precision": 0.52, "recall": 1.0, "f1": 0.68421, "auc": 0.41898}
{"epoch": 74, "time_epoch": 42.54743, "eta": 1064.93337, "eta_hours": 0.29581, "loss": 0.69237022, "lr": 0.00015773, "params": 3973, "time_iter": 4.25474, "accuracy": 0.52, "precision": 0.52, "recall": 1.0, "f1": 0.68421, "auc": 0.45824}
{"epoch": 75, "time_epoch": 42.6749, "eta": 1022.36053, "eta_hours": 0.28399, "loss": 0.69235377, "lr": 0.00014645, "params": 3973, "time_iter": 4.26749, "accuracy": 0.52, "precision": 0.52, "recall": 1.0, "f1": 0.68421, "auc": 0.43091}
{"epoch": 76, "time_epoch": 42.64333, "eta": 979.77561, "eta_hours": 0.27216, "loss": 0.69235549, "lr": 0.00013552, "params": 3973, "time_iter": 4.26433, "accuracy": 0.52, "precision": 0.52, "recall": 1.0, "f1": 0.68421, "auc": 0.42139}
{"epoch": 77, "time_epoch": 42.59428, "eta": 937.17535, "eta_hours": 0.26033, "loss": 0.69235981, "lr": 0.00012494, "params": 3973, "time_iter": 4.25943, "accuracy": 0.52, "precision": 0.52, "recall": 1.0, "f1": 0.68421, "auc": 0.46644}
{"epoch": 78, "time_epoch": 42.6394, "eta": 894.58724, "eta_hours": 0.2485, "loss": 0.69239625, "lr": 0.00011474, "params": 3973, "time_iter": 4.26394, "accuracy": 0.52, "precision": 0.52, "recall": 1.0, "f1": 0.68421, "auc": 0.3352}
{"epoch": 79, "time_epoch": 42.6301, "eta": 851.99553, "eta_hours": 0.23667, "loss": 0.69234959, "lr": 0.00010492, "params": 3973, "time_iter": 4.26301, "accuracy": 0.52, "precision": 0.52, "recall": 1.0, "f1": 0.68421, "auc": 0.4789}
{"epoch": 80, "time_epoch": 42.56809, "eta": 809.38832, "eta_hours": 0.22483, "loss": 0.69236242, "lr": 9.549e-05, "params": 3973, "time_iter": 4.25681, "accuracy": 0.52, "precision": 0.52, "recall": 1.0, "f1": 0.68421, "auc": 0.36868}
{"epoch": 81, "time_epoch": 42.58866, "eta": 766.78658, "eta_hours": 0.213, "loss": 0.69235882, "lr": 8.646e-05, "params": 3973, "time_iter": 4.25887, "accuracy": 0.52, "precision": 0.52, "recall": 1.0, "f1": 0.68421, "auc": 0.37571}
{"epoch": 82, "time_epoch": 42.61271, "eta": 724.19008, "eta_hours": 0.20116, "loss": 0.69235341, "lr": 7.784e-05, "params": 3973, "time_iter": 4.26127, "accuracy": 0.52, "precision": 0.52, "recall": 1.0, "f1": 0.68421, "auc": 0.42726}
{"epoch": 83, "time_epoch": 42.61579, "eta": 681.59378, "eta_hours": 0.18933, "loss": 0.6923502, "lr": 6.963e-05, "params": 3973, "time_iter": 4.26158, "accuracy": 0.52, "precision": 0.52, "recall": 1.0, "f1": 0.68421, "auc": 0.48958}
{"epoch": 84, "time_epoch": 42.63801, "eta": 639.00095, "eta_hours": 0.1775, "loss": 0.69235541, "lr": 6.185e-05, "params": 3973, "time_iter": 4.2638, "accuracy": 0.52, "precision": 0.52, "recall": 1.0, "f1": 0.68421, "auc": 0.47854}
{"epoch": 85, "time_epoch": 42.60388, "eta": 596.40151, "eta_hours": 0.16567, "loss": 0.69234793, "lr": 5.45e-05, "params": 3973, "time_iter": 4.26039, "accuracy": 0.52, "precision": 0.52, "recall": 1.0, "f1": 0.68421, "auc": 0.47748}
{"epoch": 86, "time_epoch": 42.62796, "eta": 553.80556, "eta_hours": 0.15383, "loss": 0.69234421, "lr": 4.759e-05, "params": 3973, "time_iter": 4.2628, "accuracy": 0.52, "precision": 0.52, "recall": 1.0, "f1": 0.68421, "auc": 0.5349}
{"epoch": 87, "time_epoch": 42.60489, "eta": 511.20574, "eta_hours": 0.142, "loss": 0.69234782, "lr": 4.112e-05, "params": 3973, "time_iter": 4.26049, "accuracy": 0.52, "precision": 0.52, "recall": 1.0, "f1": 0.68421, "auc": 0.50935}
{"epoch": 88, "time_epoch": 42.63308, "eta": 468.60929, "eta_hours": 0.13017, "loss": 0.69236869, "lr": 3.511e-05, "params": 3973, "time_iter": 4.26331, "accuracy": 0.52, "precision": 0.52, "recall": 1.0, "f1": 0.68421, "auc": 0.3539}
{"epoch": 89, "time_epoch": 42.60001, "eta": 426.00836, "eta_hours": 0.11834, "loss": 0.69234919, "lr": 2.956e-05, "params": 3973, "time_iter": 4.26, "accuracy": 0.52, "precision": 0.52, "recall": 1.0, "f1": 0.68421, "auc": 0.47561}
{"epoch": 90, "time_epoch": 42.6516, "eta": 383.41254, "eta_hours": 0.1065, "loss": 0.69234999, "lr": 2.447e-05, "params": 3973, "time_iter": 4.26516, "accuracy": 0.52, "precision": 0.52, "recall": 1.0, "f1": 0.68421, "auc": 0.45744}
{"epoch": 91, "time_epoch": 42.60979, "eta": 340.81188, "eta_hours": 0.09467, "loss": 0.69234863, "lr": 1.985e-05, "params": 3973, "time_iter": 4.26098, "accuracy": 0.52, "precision": 0.52, "recall": 1.0, "f1": 0.68421, "auc": 0.47409}
{"epoch": 92, "time_epoch": 42.87081, "eta": 298.23066, "eta_hours": 0.08284, "loss": 0.69235323, "lr": 1.571e-05, "params": 3973, "time_iter": 4.28708, "accuracy": 0.52, "precision": 0.52, "recall": 1.0, "f1": 0.68421, "auc": 0.42192}
{"epoch": 93, "time_epoch": 42.63564, "eta": 255.62828, "eta_hours": 0.07101, "loss": 0.69234355, "lr": 1.204e-05, "params": 3973, "time_iter": 4.26356, "accuracy": 0.52, "precision": 0.52, "recall": 1.0, "f1": 0.68421, "auc": 0.54959}
{"epoch": 94, "time_epoch": 42.62127, "eta": 213.02444, "eta_hours": 0.05917, "loss": 0.69234948, "lr": 8.86e-06, "params": 3973, "time_iter": 4.26213, "accuracy": 0.52, "precision": 0.52, "recall": 1.0, "f1": 0.68421, "auc": 0.46278}
{"epoch": 95, "time_epoch": 42.62258, "eta": 170.42029, "eta_hours": 0.04734, "loss": 0.69234931, "lr": 6.16e-06, "params": 3973, "time_iter": 4.26226, "accuracy": 0.52, "precision": 0.52, "recall": 1.0, "f1": 0.68421, "auc": 0.46813}
{"epoch": 96, "time_epoch": 42.6876, "eta": 127.81777, "eta_hours": 0.0355, "loss": 0.69234547, "lr": 3.94e-06, "params": 3973, "time_iter": 4.26876, "accuracy": 0.52, "precision": 0.52, "recall": 1.0, "f1": 0.68421, "auc": 0.53125}
{"epoch": 97, "time_epoch": 42.60467, "eta": 85.21182, "eta_hours": 0.02367, "loss": 0.69234756, "lr": 2.22e-06, "params": 3973, "time_iter": 4.26047, "accuracy": 0.52, "precision": 0.52, "recall": 1.0, "f1": 0.68421, "auc": 0.52306}
{"epoch": 98, "time_epoch": 42.52222, "eta": 42.60506, "eta_hours": 0.01183, "loss": 0.6923514, "lr": 9.9e-07, "params": 3973, "time_iter": 4.25222, "accuracy": 0.52, "precision": 0.52, "recall": 1.0, "f1": 0.68421, "auc": 0.41364}
{"epoch": 99, "time_epoch": 42.57286, "eta": 0.0, "eta_hours": 0.0, "loss": 0.69234711, "lr": 2.5e-07, "params": 3973, "time_iter": 4.25729, "accuracy": 0.52, "precision": 0.52, "recall": 1.0, "f1": 0.68421, "auc": 0.50249}
