{"epoch": 0, "time_epoch": 0.04883, "eta": 4.8345, "eta_hours": 0.00134, "loss": 0.70285838, "lr": 0.001, "params": 6465, "time_iter": 0.01628, "accuracy": 0.47619, "precision": 0.47619, "recall": 1.0, "f1": 0.64516, "auc": 0.44545}
{"epoch": 1, "time_epoch": 0.03151, "eta": 3.93692, "eta_hours": 0.00109, "loss": 0.70101295, "lr": 0.00099975, "params": 6465, "time_iter": 0.0105, "accuracy": 0.47619, "precision": 0.47619, "recall": 1.0, "f1": 0.64516, "auc": 0.52727}
{"epoch": 2, "time_epoch": 0.03098, "eta": 3.59938, "eta_hours": 0.001, "loss": 0.70002492, "lr": 0.00099901, "params": 6465, "time_iter": 0.01033, "accuracy": 0.47619, "precision": 0.47619, "recall": 1.0, "f1": 0.64516, "auc": 0.46591}
{"epoch": 3, "time_epoch": 0.03128, "eta": 3.42232, "eta_hours": 0.00095, "loss": 0.69871302, "lr": 0.00099778, "params": 6465, "time_iter": 0.01043, "accuracy": 0.47619, "precision": 0.47619, "recall": 1.0, "f1": 0.64516, "auc": 0.51818}
{"epoch": 4, "time_epoch": 0.03165, "eta": 3.31068, "eta_hours": 0.00092, "loss": 0.69766947, "lr": 0.00099606, "params": 6465, "time_iter": 0.01055, "accuracy": 0.47619, "precision": 0.47619, "recall": 1.0, "f1": 0.64516, "auc": 0.55}
{"epoch": 5, "time_epoch": 0.03166, "eta": 3.22581, "eta_hours": 0.0009, "loss": 0.69718248, "lr": 0.00099384, "params": 6465, "time_iter": 0.01055, "accuracy": 0.47619, "precision": 0.47619, "recall": 1.0, "f1": 0.64516, "auc": 0.43864}
{"epoch": 6, "time_epoch": 0.03176, "eta": 3.15746, "eta_hours": 0.00088, "loss": 0.69688437, "lr": 0.00099114, "params": 6465, "time_iter": 0.01059, "accuracy": 0.47619, "precision": 0.47619, "recall": 1.0, "f1": 0.64516, "auc": 0.32045}
{"epoch": 7, "time_epoch": 0.03164, "eta": 3.09694, "eta_hours": 0.00086, "loss": 0.69558362, "lr": 0.00098796, "params": 6465, "time_iter": 0.01055, "accuracy": 0.47619, "precision": 0.47619, "recall": 1.0, "f1": 0.64516, "auc": 0.52727}
{"epoch": 8, "time_epoch": 0.03174, "eta": 3.0438, "eta_hours": 0.00085, "loss": 0.69556748, "lr": 0.00098429, "params": 6465, "time_iter": 0.01058, "accuracy": 0.47619, "precision": 0.47619, "recall": 1.0, "f1": 0.64516, "auc": 0.42045}
{"epoch": 9, "time_epoch": 0.0317, "eta": 2.99462, "eta_hours": 0.00083, "loss": 0.69489069, "lr": 0.00098015, "params": 6465, "time_iter": 0.01057, "accuracy": 0.47619, "precision": 0.47619, "recall": 1.0, "f1": 0.64516, "auc": 0.48636}
{"epoch": 10, "time_epoch": 0.03165, "eta": 2.94821, "eta_hours": 0.00082, "loss": 0.69441097, "lr": 0.00097553, "params": 6465, "time_iter": 0.01055, "accuracy": 0.47619, "precision": 0.47619, "recall": 1.0, "f1": 0.64516, "auc": 0.66591}
{"epoch": 11, "time_epoch": 0.03172, "eta": 2.90477, "eta_hours": 0.00081, "loss": 0.69452524, "lr": 0.00097044, "params": 6465, "time_iter": 0.01057, "accuracy": 0.47619, "precision": 0.47619, "recall": 1.0, "f1": 0.64516, "auc": 0.43409}
{"epoch": 12, "time_epoch": 0.03165, "eta": 2.86267, "eta_hours": 0.0008, "loss": 0.69404389, "lr": 0.00096489, "params": 6465, "time_iter": 0.01055, "accuracy": 0.47619, "precision": 0.47619, "recall": 1.0, "f1": 0.64516, "auc": 0.52727}
{"epoch": 13, "time_epoch": 0.03165, "eta": 2.82207, "eta_hours": 0.00078, "loss": 0.69369189, "lr": 0.00095888, "params": 6465, "time_iter": 0.01055, "accuracy": 0.47619, "precision": 0.47619, "recall": 1.0, "f1": 0.64516, "auc": 0.62955}
{"epoch": 14, "time_epoch": 0.0319, "eta": 2.78408, "eta_hours": 0.00077, "loss": 0.69346247, "lr": 0.00095241, "params": 6465, "time_iter": 0.01063, "accuracy": 0.47619, "precision": 0.47619, "recall": 1.0, "f1": 0.64516, "auc": 0.56136}
{"epoch": 15, "time_epoch": 0.03193, "eta": 2.74699, "eta_hours": 0.00076, "loss": 0.69363246, "lr": 0.0009455, "params": 6465, "time_iter": 0.01064, "accuracy": 0.47619, "precision": 0.47619, "recall": 1.0, "f1": 0.64516, "auc": 0.36591}
{"epoch": 16, "time_epoch": 0.0318, "eta": 2.7099, "eta_hours": 0.00075, "loss": 0.69300303, "lr": 0.00093815, "params": 6465, "time_iter": 0.0106, "accuracy": 0.54762, "precision": 0.52941, "recall": 0.45, "f1": 0.48649, "auc": 0.57273}
{"epoch": 17, "time_epoch": 0.03185, "eta": 2.67359, "eta_hours": 0.00074, "loss": 0.69304883, "lr": 0.00093037, "params": 6465, "time_iter": 0.01062, "accuracy": 0.52381, "precision": 0.0, "recall": 0.0, "f1": 0.0, "auc": 0.45455}
{"epoch": 18, "time_epoch": 0.03148, "eta": 2.63618, "eta_hours": 0.00073, "loss": 0.69276272, "lr": 0.00092216, "params": 6465, "time_iter": 0.01049, "accuracy": 0.52381, "precision": 0.0, "recall": 0.0, "f1": 0.0, "auc": 0.52727}
{"epoch": 19, "time_epoch": 0.0317, "eta": 2.60027, "eta_hours": 0.00072, "loss": 0.6927188, "lr": 0.00091354, "params": 6465, "time_iter": 0.01057, "accuracy": 0.52381, "precision": 0.0, "recall": 0.0, "f1": 0.0, "auc": 0.44773}
{"epoch": 20, "time_epoch": 0.03201, "eta": 2.56591, "eta_hours": 0.00071, "loss": 0.69278795, "lr": 0.00090451, "params": 6465, "time_iter": 0.01067, "accuracy": 0.52381, "precision": 0.0, "recall": 0.0, "f1": 0.0, "auc": 0.38636}
{"epoch": 21, "time_epoch": 0.03174, "eta": 2.53079, "eta_hours": 0.0007, "loss": 0.69254203, "lr": 0.00089508, "params": 6465, "time_iter": 0.01058, "accuracy": 0.52381, "precision": 0.0, "recall": 0.0, "f1": 0.0, "auc": 0.44091}
{"epoch": 22, "time_epoch": 0.03213, "eta": 2.49727, "eta_hours": 0.00069, "loss": 0.69236716, "lr": 0.00088526, "params": 6465, "time_iter": 0.01071, "accuracy": 0.52381, "precision": 0.0, "recall": 0.0, "f1": 0.0, "auc": 0.54318}
{"epoch": 23, "time_epoch": 0.03233, "eta": 2.46453, "eta_hours": 0.00068, "loss": 0.69231682, "lr": 0.00087506, "params": 6465, "time_iter": 0.01078, "accuracy": 0.52381, "precision": 0.0, "recall": 0.0, "f1": 0.0, "auc": 0.50227}
{"epoch": 24, "time_epoch": 0.03221, "eta": 2.43144, "eta_hours": 0.00068, "loss": 0.69239103, "lr": 0.00086448, "params": 6465, "time_iter": 0.01074, "accuracy": 0.52381, "precision": 0.0, "recall": 0.0, "f1": 0.0, "auc": 0.45}
{"epoch": 25, "time_epoch": 0.03274, "eta": 2.39994, "eta_hours": 0.00067, "loss": 0.69229769, "lr": 0.00085355, "params": 6465, "time_iter": 0.01091, "accuracy": 0.52381, "precision": 0.0, "recall": 0.0, "f1": 0.0, "auc": 0.52614}
{"epoch": 26, "time_epoch": 0.03235, "eta": 2.36729, "eta_hours": 0.00066, "loss": 0.69217092, "lr": 0.00084227, "params": 6465, "time_iter": 0.01078, "accuracy": 0.52381, "precision": 0.0, "recall": 0.0, "f1": 0.0, "auc": 0.56818}
{"epoch": 27, "time_epoch": 0.03227, "eta": 2.33445, "eta_hours": 0.00065, "loss": 0.69231271, "lr": 0.00083066, "params": 6465, "time_iter": 0.01076, "accuracy": 0.52381, "precision": 0.0, "recall": 0.0, "f1": 0.0, "auc": 0.48182}
{"epoch": 28, "time_epoch": 0.03232, "eta": 2.30176, "eta_hours": 0.00064, "loss": 0.69227593, "lr": 0.00081871, "params": 6465, "time_iter": 0.01077, "accuracy": 0.52381, "precision": 0.0, "recall": 0.0, "f1": 0.0, "auc": 0.39659}
{"epoch": 29, "time_epoch": 0.03246, "eta": 2.26943, "eta_hours": 0.00063, "loss": 0.69226877, "lr": 0.00080645, "params": 6465, "time_iter": 0.01082, "accuracy": 0.52381, "precision": 0.0, "recall": 0.0, "f1": 0.0, "auc": 0.34091}
{"epoch": 30, "time_epoch": 0.03228, "eta": 2.2367, "eta_hours": 0.00062, "loss": 0.69234981, "lr": 0.00079389, "params": 6465, "time_iter": 0.01076, "accuracy": 0.52381, "precision": 0.0, "recall": 0.0, "f1": 0.0, "auc": 0.29091}
{"epoch": 31, "time_epoch": 0.03222, "eta": 2.20386, "eta_hours": 0.00061, "loss": 0.69218136, "lr": 0.00078104, "params": 6465, "time_iter": 0.01074, "accuracy": 0.52381, "precision": 0.0, "recall": 0.0, "f1": 0.0, "auc": 0.48182}
{"epoch": 32, "time_epoch": 0.03334, "eta": 2.17334, "eta_hours": 0.0006, "loss": 0.69231386, "lr": 0.00076791, "params": 6465, "time_iter": 0.01111, "accuracy": 0.52381, "precision": 0.0, "recall": 0.0, "f1": 0.0, "auc": 0.37614}
{"epoch": 33, "time_epoch": 0.03246, "eta": 2.14095, "eta_hours": 0.00059, "loss": 0.69217281, "lr": 0.00075452, "params": 6465, "time_iter": 0.01082, "accuracy": 0.52381, "precision": 0.0, "recall": 0.0, "f1": 0.0, "auc": 0.53409}
{"epoch": 34, "time_epoch": 0.03266, "eta": 2.10892, "eta_hours": 0.00059, "loss": 0.69216833, "lr": 0.00074088, "params": 6465, "time_iter": 0.01089, "accuracy": 0.52381, "precision": 0.0, "recall": 0.0, "f1": 0.0, "auc": 0.45909}
{"epoch": 35, "time_epoch": 0.03235, "eta": 2.0763, "eta_hours": 0.00058, "loss": 0.69231981, "lr": 0.000727, "params": 6465, "time_iter": 0.01078, "accuracy": 0.52381, "precision": 0.0, "recall": 0.0, "f1": 0.0, "auc": 0.36818}
{"epoch": 36, "time_epoch": 0.03239, "eta": 2.04377, "eta_hours": 0.00057, "loss": 0.69208447, "lr": 0.00071289, "params": 6465, "time_iter": 0.0108, "accuracy": 0.52381, "precision": 0.0, "recall": 0.0, "f1": 0.0, "auc": 0.53636}
{"epoch": 37, "time_epoch": 0.03253, "eta": 2.01148, "eta_hours": 0.00056, "loss": 0.69213977, "lr": 0.00069857, "params": 6465, "time_iter": 0.01084, "accuracy": 0.52381, "precision": 0.0, "recall": 0.0, "f1": 0.0, "auc": 0.42159}
{"epoch": 38, "time_epoch": 0.03181, "eta": 1.97805, "eta_hours": 0.00055, "loss": 0.69214345, "lr": 0.00068406, "params": 6465, "time_iter": 0.0106, "accuracy": 0.52381, "precision": 0.0, "recall": 0.0, "f1": 0.0, "auc": 0.41818}
{"epoch": 39, "time_epoch": 0.03194, "eta": 1.94489, "eta_hours": 0.00054, "loss": 0.69205463, "lr": 0.00066937, "params": 6465, "time_iter": 0.01065, "accuracy": 0.52381, "precision": 0.0, "recall": 0.0, "f1": 0.0, "auc": 0.62955}
{"epoch": 40, "time_epoch": 0.0334, "eta": 1.9139, "eta_hours": 0.00053, "loss": 0.69210416, "lr": 0.00065451, "params": 6465, "time_iter": 0.01113, "accuracy": 0.52381, "precision": 0.0, "recall": 0.0, "f1": 0.0, "auc": 0.46591}
{"epoch": 41, "time_epoch": 0.0329, "eta": 1.8821, "eta_hours": 0.00052, "loss": 0.69226688, "lr": 0.0006395, "params": 6465, "time_iter": 0.01097, "accuracy": 0.52381, "precision": 0.0, "recall": 0.0, "f1": 0.0, "auc": 0.34318}
{"epoch": 42, "time_epoch": 0.03221, "eta": 1.84933, "eta_hours": 0.00051, "loss": 0.69205068, "lr": 0.00062434, "params": 6465, "time_iter": 0.01074, "accuracy": 0.52381, "precision": 0.0, "recall": 0.0, "f1": 0.0, "auc": 0.48409}
{"epoch": 43, "time_epoch": 0.03234, "eta": 1.81675, "eta_hours": 0.0005, "loss": 0.69212543, "lr": 0.00060907, "params": 6465, "time_iter": 0.01078, "accuracy": 0.52381, "precision": 0.0, "recall": 0.0, "f1": 0.0, "auc": 0.40455}
{"epoch": 44, "time_epoch": 0.03178, "eta": 1.7835, "eta_hours": 0.0005, "loss": 0.69195755, "lr": 0.00059369, "params": 6465, "time_iter": 0.01059, "accuracy": 0.52381, "precision": 0.0, "recall": 0.0, "f1": 0.0, "auc": 0.63409}
{"epoch": 45, "time_epoch": 0.03251, "eta": 1.75117, "eta_hours": 0.00049, "loss": 0.69209556, "lr": 0.00057822, "params": 6465, "time_iter": 0.01084, "accuracy": 0.52381, "precision": 0.0, "recall": 0.0, "f1": 0.0, "auc": 0.35909}
{"epoch": 46, "time_epoch": 0.03236, "eta": 1.71866, "eta_hours": 0.00048, "loss": 0.69200554, "lr": 0.00056267, "params": 6465, "time_iter": 0.01079, "accuracy": 0.52381, "precision": 0.0, "recall": 0.0, "f1": 0.0, "auc": 0.56136}
{"epoch": 47, "time_epoch": 0.03495, "eta": 1.68897, "eta_hours": 0.00047, "loss": 0.69197392, "lr": 0.00054705, "params": 6465, "time_iter": 0.01165, "accuracy": 0.52381, "precision": 0.0, "recall": 0.0, "f1": 0.0, "auc": 0.56364}
{"epoch": 48, "time_epoch": 0.03292, "eta": 1.65695, "eta_hours": 0.00046, "loss": 0.69211256, "lr": 0.0005314, "params": 6465, "time_iter": 0.01097, "accuracy": 0.52381, "precision": 0.0, "recall": 0.0, "f1": 0.0, "auc": 0.37955}
{"epoch": 49, "time_epoch": 0.03265, "eta": 1.62462, "eta_hours": 0.00045, "loss": 0.69205895, "lr": 0.00051571, "params": 6465, "time_iter": 0.01088, "accuracy": 0.52381, "precision": 0.0, "recall": 0.0, "f1": 0.0, "auc": 0.45}
{"epoch": 50, "time_epoch": 0.03205, "eta": 1.59171, "eta_hours": 0.00044, "loss": 0.69207859, "lr": 0.0005, "params": 6465, "time_iter": 0.01068, "accuracy": 0.52381, "precision": 0.0, "recall": 0.0, "f1": 0.0, "auc": 0.42386}
{"epoch": 51, "time_epoch": 0.03254, "eta": 1.55928, "eta_hours": 0.00043, "loss": 0.6920524, "lr": 0.00048429, "params": 6465, "time_iter": 0.01085, "accuracy": 0.52381, "precision": 0.0, "recall": 0.0, "f1": 0.0, "auc": 0.46818}
{"epoch": 52, "time_epoch": 0.03238, "eta": 1.5267, "eta_hours": 0.00042, "loss": 0.69216442, "lr": 0.0004686, "params": 6465, "time_iter": 0.01079, "accuracy": 0.52381, "precision": 0.0, "recall": 0.0, "f1": 0.0, "auc": 0.26818}
{"epoch": 53, "time_epoch": 0.03198, "eta": 1.49379, "eta_hours": 0.00041, "loss": 0.69199662, "lr": 0.00045295, "params": 6465, "time_iter": 0.01066, "accuracy": 0.52381, "precision": 0.0, "recall": 0.0, "f1": 0.0, "auc": 0.52045}
{"epoch": 54, "time_epoch": 0.03284, "eta": 1.46162, "eta_hours": 0.00041, "loss": 0.69196549, "lr": 0.00043733, "params": 6465, "time_iter": 0.01095, "accuracy": 0.52381, "precision": 0.0, "recall": 0.0, "f1": 0.0, "auc": 0.56364}
{"epoch": 55, "time_epoch": 0.03241, "eta": 1.42908, "eta_hours": 0.0004, "loss": 0.69207219, "lr": 0.00042178, "params": 6465, "time_iter": 0.0108, "accuracy": 0.52381, "precision": 0.0, "recall": 0.0, "f1": 0.0, "auc": 0.39318}
{"epoch": 56, "time_epoch": 0.03202, "eta": 1.39625, "eta_hours": 0.00039, "loss": 0.69194217, "lr": 0.00040631, "params": 6465, "time_iter": 0.01067, "accuracy": 0.52381, "precision": 0.0, "recall": 0.0, "f1": 0.0, "auc": 0.61364}
{"epoch": 57, "time_epoch": 0.03211, "eta": 1.36352, "eta_hours": 0.00038, "loss": 0.69196709, "lr": 0.00039093, "params": 6465, "time_iter": 0.0107, "accuracy": 0.52381, "precision": 0.0, "recall": 0.0, "f1": 0.0, "auc": 0.56136}
{"epoch": 58, "time_epoch": 0.03244, "eta": 1.33104, "eta_hours": 0.00037, "loss": 0.69210551, "lr": 0.00037566, "params": 6465, "time_iter": 0.01081, "accuracy": 0.52381, "precision": 0.0, "recall": 0.0, "f1": 0.0, "auc": 0.375}
{"epoch": 59, "time_epoch": 0.0323, "eta": 1.29846, "eta_hours": 0.00036, "loss": 0.69208922, "lr": 0.0003605, "params": 6465, "time_iter": 0.01077, "accuracy": 0.52381, "precision": 0.0, "recall": 0.0, "f1": 0.0, "auc": 0.35909}
{"epoch": 60, "time_epoch": 0.03252, "eta": 1.26604, "eta_hours": 0.00035, "loss": 0.6920095, "lr": 0.00034549, "params": 6465, "time_iter": 0.01084, "accuracy": 0.52381, "precision": 0.0, "recall": 0.0, "f1": 0.0, "auc": 0.48864}
{"epoch": 61, "time_epoch": 0.03234, "eta": 1.23351, "eta_hours": 0.00034, "loss": 0.69202143, "lr": 0.00033063, "params": 6465, "time_iter": 0.01078, "accuracy": 0.52381, "precision": 0.0, "recall": 0.0, "f1": 0.0, "auc": 0.45}
{"epoch": 62, "time_epoch": 0.03312, "eta": 1.20143, "eta_hours": 0.00033, "loss": 0.69213256, "lr": 0.00031594, "params": 6465, "time_iter": 0.01104, "accuracy": 0.52381, "precision": 0.0, "recall": 0.0, "f1": 0.0, "auc": 0.30682}
{"epoch": 63, "time_epoch": 0.04283, "eta": 1.17479, "eta_hours": 0.00033, "loss": 0.69201455, "lr": 0.00030143, "params": 6465, "time_iter": 0.01428, "accuracy": 0.52381, "precision": 0.0, "recall": 0.0, "f1": 0.0, "auc": 0.51136}
{"epoch": 64, "time_epoch": 0.04149, "eta": 1.14692, "eta_hours": 0.00032, "loss": 0.69205663, "lr": 0.00028711, "params": 6465, "time_iter": 0.01383, "accuracy": 0.52381, "precision": 0.0, "recall": 0.0, "f1": 0.0, "auc": 0.42727}
{"epoch": 65, "time_epoch": 0.03947, "eta": 1.1176, "eta_hours": 0.00031, "loss": 0.69203134, "lr": 0.000273, "params": 6465, "time_iter": 0.01316, "accuracy": 0.52381, "precision": 0.0, "recall": 0.0, "f1": 0.0, "auc": 0.50341}
{"epoch": 66, "time_epoch": 0.03653, "eta": 1.08654, "eta_hours": 0.0003, "loss": 0.69199745, "lr": 0.00025912, "params": 6465, "time_iter": 0.01218, "accuracy": 0.52381, "precision": 0.0, "recall": 0.0, "f1": 0.0, "auc": 0.54318}
{"epoch": 67, "time_epoch": 0.05931, "eta": 1.06603, "eta_hours": 0.0003, "loss": 0.69201591, "lr": 0.00024548, "params": 6465, "time_iter": 0.01977, "accuracy": 0.52381, "precision": 0.0, "recall": 0.0, "f1": 0.0, "auc": 0.50455}
{"epoch": 68, "time_epoch": 0.04459, "eta": 1.03778, "eta_hours": 0.00029, "loss": 0.69205013, "lr": 0.00023209, "params": 6465, "time_iter": 0.01486, "accuracy": 0.52381, "precision": 0.0, "recall": 0.0, "f1": 0.0, "auc": 0.42273}
{"epoch": 69, "time_epoch": 0.04139, "eta": 1.00769, "eta_hours": 0.00028, "loss": 0.69205779, "lr": 0.00021896, "params": 6465, "time_iter": 0.0138, "accuracy": 0.52381, "precision": 0.0, "recall": 0.0, "f1": 0.0, "auc": 0.46364}
{"epoch": 70, "time_epoch": 0.03403, "eta": 0.97428, "eta_hours": 0.00027, "loss": 0.69207814, "lr": 0.00020611, "params": 6465, "time_iter": 0.01134, "accuracy": 0.52381, "precision": 0.0, "recall": 0.0, "f1": 0.0, "auc": 0.41364}
{"epoch": 71, "time_epoch": 0.03385, "eta": 0.94078, "eta_hours": 0.00026, "loss": 0.69206661, "lr": 0.00019355, "params": 6465, "time_iter": 0.01128, "accuracy": 0.52381, "precision": 0.0, "recall": 0.0, "f1": 0.0, "auc": 0.43864}
{"epoch": 72, "time_epoch": 0.0335, "eta": 0.90715, "eta_hours": 0.00025, "loss": 0.69196092, "lr": 0.00018129, "params": 6465, "time_iter": 0.01117, "accuracy": 0.52381, "precision": 0.0, "recall": 0.0, "f1": 0.0, "auc": 0.54318}
{"epoch": 73, "time_epoch": 0.03401, "eta": 0.87369, "eta_hours": 0.00024, "loss": 0.69195688, "lr": 0.00016934, "params": 6465, "time_iter": 0.01134, "accuracy": 0.52381, "precision": 0.0, "recall": 0.0, "f1": 0.0, "auc": 0.625}
{"epoch": 74, "time_epoch": 0.03523, "eta": 0.84063, "eta_hours": 0.00023, "loss": 0.69208874, "lr": 0.00015773, "params": 6465, "time_iter": 0.01174, "accuracy": 0.52381, "precision": 0.0, "recall": 0.0, "f1": 0.0, "auc": 0.37045}
{"epoch": 75, "time_epoch": 0.03544, "eta": 0.80758, "eta_hours": 0.00022, "loss": 0.69207488, "lr": 0.00014645, "params": 6465, "time_iter": 0.01181, "accuracy": 0.52381, "precision": 0.0, "recall": 0.0, "f1": 0.0, "auc": 0.35455}
{"epoch": 76, "time_epoch": 0.03491, "eta": 0.77431, "eta_hours": 0.00022, "loss": 0.69196542, "lr": 0.00013552, "params": 6465, "time_iter": 0.01164, "accuracy": 0.52381, "precision": 0.0, "recall": 0.0, "f1": 0.0, "auc": 0.60455}
{"epoch": 77, "time_epoch": 0.04514, "eta": 0.74388, "eta_hours": 0.00021, "loss": 0.69208956, "lr": 0.00012494, "params": 6465, "time_iter": 0.01505, "accuracy": 0.52381, "precision": 0.0, "recall": 0.0, "f1": 0.0, "auc": 0.35455}
{"epoch": 78, "time_epoch": 0.03477, "eta": 0.71032, "eta_hours": 0.0002, "loss": 0.6921055, "lr": 0.00011474, "params": 6465, "time_iter": 0.01159, "accuracy": 0.52381, "precision": 0.0, "recall": 0.0, "f1": 0.0, "auc": 0.35}
{"epoch": 79, "time_epoch": 0.04209, "eta": 0.67856, "eta_hours": 0.00019, "loss": 0.69208249, "lr": 0.00010492, "params": 6465, "time_iter": 0.01403, "accuracy": 0.52381, "precision": 0.0, "recall": 0.0, "f1": 0.0, "auc": 0.32955}
{"epoch": 80, "time_epoch": 0.04188, "eta": 0.6465, "eta_hours": 0.00018, "loss": 0.69186935, "lr": 9.549e-05, "params": 6465, "time_iter": 0.01396, "accuracy": 0.52381, "precision": 0.0, "recall": 0.0, "f1": 0.0, "auc": 0.75227}
{"epoch": 81, "time_epoch": 0.03674, "eta": 0.61307, "eta_hours": 0.00017, "loss": 0.69202297, "lr": 8.646e-05, "params": 6465, "time_iter": 0.01225, "accuracy": 0.52381, "precision": 0.0, "recall": 0.0, "f1": 0.0, "auc": 0.49545}
{"epoch": 82, "time_epoch": 0.03291, "eta": 0.57877, "eta_hours": 0.00016, "loss": 0.6920347, "lr": 7.784e-05, "params": 6465, "time_iter": 0.01097, "accuracy": 0.52381, "precision": 0.0, "recall": 0.0, "f1": 0.0, "auc": 0.47955}
{"epoch": 83, "time_epoch": 0.03752, "eta": 0.54539, "eta_hours": 0.00015, "loss": 0.69198518, "lr": 6.963e-05, "params": 6465, "time_iter": 0.01251, "accuracy": 0.52381, "precision": 0.0, "recall": 0.0, "f1": 0.0, "auc": 0.53864}
{"epoch": 84, "time_epoch": 0.03813, "eta": 0.51202, "eta_hours": 0.00014, "loss": 0.69194801, "lr": 6.185e-05, "params": 6465, "time_iter": 0.01271, "accuracy": 0.52381, "precision": 0.0, "recall": 0.0, "f1": 0.0, "auc": 0.63864}
{"epoch": 85, "time_epoch": 0.03643, "eta": 0.47826, "eta_hours": 0.00013, "loss": 0.69209573, "lr": 5.45e-05, "params": 6465, "time_iter": 0.01214, "accuracy": 0.52381, "precision": 0.0, "recall": 0.0, "f1": 0.0, "auc": 0.35682}
{"epoch": 86, "time_epoch": 0.03628, "eta": 0.44441, "eta_hours": 0.00012, "loss": 0.69201639, "lr": 4.759e-05, "params": 6465, "time_iter": 0.01209, "accuracy": 0.52381, "precision": 0.0, "recall": 0.0, "f1": 0.0, "auc": 0.49545}
{"epoch": 87, "time_epoch": 0.0328, "eta": 0.41004, "eta_hours": 0.00011, "loss": 0.69196352, "lr": 4.112e-05, "params": 6465, "time_iter": 0.01093, "accuracy": 0.52381, "precision": 0.0, "recall": 0.0, "f1": 0.0, "auc": 0.60455}
{"epoch": 88, "time_epoch": 0.03401, "eta": 0.37585, "eta_hours": 0.0001, "loss": 0.69201895, "lr": 3.511e-05, "params": 6465, "time_iter": 0.01134, "accuracy": 0.52381, "precision": 0.0, "recall": 0.0, "f1": 0.0, "auc": 0.49545}
{"epoch": 89, "time_epoch": 0.03445, "eta": 0.34171, "eta_hours": 9e-05, "loss": 0.69196583, "lr": 2.956e-05, "params": 6465, "time_iter": 0.01148, "accuracy": 0.52381, "precision": 0.0, "recall": 0.0, "f1": 0.0, "auc": 0.62045}
{"epoch": 90, "time_epoch": 0.03827, "eta": 0.30795, "eta_hours": 9e-05, "loss": 0.69211352, "lr": 2.447e-05, "params": 6465, "time_iter": 0.01276, "accuracy": 0.52381, "precision": 0.0, "recall": 0.0, "f1": 0.0, "auc": 0.35}
{"epoch": 91, "time_epoch": 0.03052, "eta": 0.27341, "eta_hours": 8e-05, "loss": 0.69201364, "lr": 1.985e-05, "params": 6465, "time_iter": 0.01017, "accuracy": 0.52381, "precision": 0.0, "recall": 0.0, "f1": 0.0, "auc": 0.46818}
{"epoch": 92, "time_epoch": 0.03259, "eta": 0.23911, "eta_hours": 7e-05, "loss": 0.69203665, "lr": 1.571e-05, "params": 6465, "time_iter": 0.01086, "accuracy": 0.52381, "precision": 0.0, "recall": 0.0, "f1": 0.0, "auc": 0.46136}
{"epoch": 93, "time_epoch": 0.03787, "eta": 0.20519, "eta_hours": 6e-05, "loss": 0.6920872, "lr": 1.204e-05, "params": 6465, "time_iter": 0.01262, "accuracy": 0.52381, "precision": 0.0, "recall": 0.0, "f1": 0.0, "auc": 0.38182}
{"epoch": 94, "time_epoch": 0.03532, "eta": 0.17105, "eta_hours": 5e-05, "loss": 0.69201417, "lr": 8.86e-06, "params": 6465, "time_iter": 0.01177, "accuracy": 0.52381, "precision": 0.0, "recall": 0.0, "f1": 0.0, "auc": 0.50227}
{"epoch": 95, "time_epoch": 0.03656, "eta": 0.13694, "eta_hours": 4e-05, "loss": 0.69198497, "lr": 6.16e-06, "params": 6465, "time_iter": 0.01219, "accuracy": 0.52381, "precision": 0.0, "recall": 0.0, "f1": 0.0, "auc": 0.56591}
{"epoch": 96, "time_epoch": 0.03303, "eta": 0.10267, "eta_hours": 3e-05, "loss": 0.69202217, "lr": 3.94e-06, "params": 6465, "time_iter": 0.01101, "accuracy": 0.52381, "precision": 0.0, "recall": 0.0, "f1": 0.0, "auc": 0.48864}
{"epoch": 97, "time_epoch": 0.03176, "eta": 0.06839, "eta_hours": 2e-05, "loss": 0.69205237, "lr": 2.22e-06, "params": 6465, "time_iter": 0.01059, "accuracy": 0.52381, "precision": 0.0, "recall": 0.0, "f1": 0.0, "auc": 0.44545}
{"epoch": 98, "time_epoch": 0.03203, "eta": 0.03418, "eta_hours": 1e-05, "loss": 0.69206643, "lr": 9.9e-07, "params": 6465, "time_iter": 0.01068, "accuracy": 0.52381, "precision": 0.0, "recall": 0.0, "f1": 0.0, "auc": 0.38636}
{"epoch": 99, "time_epoch": 0.03654, "eta": 0.0, "eta_hours": 0.0, "loss": 0.69202365, "lr": 2.5e-07, "params": 6465, "time_iter": 0.01218, "accuracy": 0.52381, "precision": 0.0, "recall": 0.0, "f1": 0.0, "auc": 0.44318}
