{"epoch": 0, "time_epoch": 1.06193, "time_epoch_std": 0.0, "eta": 105.13111, "eta_std": 0.0, "eta_hours": 0.0292, "eta_hours_std": 0.0, "loss": 0.67966, "loss_std": 0.0, "lr": 0.001, "lr_std": 0.0, "params": 9207.0, "params_std": 0.0, "time_iter": 0.35398, "time_iter_std": 0.0, "accuracy": 0.66667, "accuracy_std": 0.0, "precision": 0.66667, "precision_std": 0.0, "recall": 1.0, "recall_std": 0.0, "f1": 0.8, "f1_std": 0.0, "auc": 0.31361, "auc_std": 0.0}
{"epoch": 1, "time_epoch": 2.29016, "time_epoch_std": 0.0, "eta": 164.25254, "eta_std": 0.0, "eta_hours": 0.04563, "eta_hours_std": 0.0, "loss": 0.67591, "loss_std": 0.0, "lr": 0.001, "lr_std": 0.0, "params": 9207.0, "params_std": 0.0, "time_iter": 0.76339, "time_iter_std": 0.0, "accuracy": 0.66667, "accuracy_std": 0.0, "precision": 0.66667, "precision_std": 0.0, "recall": 1.0, "recall_std": 0.0, "f1": 0.8, "f1_std": 0.0, "auc": 0.61834, "auc_std": 0.0}
{"epoch": 2, "time_epoch": 2.34854, "time_epoch_std": 0.0, "eta": 184.32035, "eta_std": 0.0, "eta_hours": 0.0512, "eta_hours_std": 0.0, "loss": 0.67348, "loss_std": 0.0, "lr": 0.001, "lr_std": 0.0, "params": 9207.0, "params_std": 0.0, "time_iter": 0.78285, "time_iter_std": 0.0, "accuracy": 0.66667, "accuracy_std": 0.0, "precision": 0.66667, "precision_std": 0.0, "recall": 1.0, "recall_std": 0.0, "f1": 0.8, "f1_std": 0.0, "auc": 0.51775, "auc_std": 0.0}
{"epoch": 3, "time_epoch": 2.35454, "time_epoch_std": 0.0, "eta": 193.32409, "eta_std": 0.0, "eta_hours": 0.0537, "eta_hours_std": 0.0, "loss": 0.6716, "loss_std": 0.0, "lr": 0.001, "lr_std": 0.0, "params": 9207.0, "params_std": 0.0, "time_iter": 0.78485, "time_iter_std": 0.0, "accuracy": 0.69231, "accuracy_std": 0.0, "precision": 0.68421, "precision_std": 0.0, "recall": 1.0, "recall_std": 0.0, "f1": 0.8125, "f1_std": 0.0, "auc": 0.40533, "auc_std": 0.0}
{"epoch": 4, "time_epoch": 2.19402, "time_epoch_std": 0.0, "eta": 194.73453, "eta_std": 0.0, "eta_hours": 0.05409, "eta_hours_std": 0.0, "loss": 0.66861, "loss_std": 0.0, "lr": 0.001, "lr_std": 0.0, "params": 9207.0, "params_std": 0.0, "time_iter": 0.73134, "time_iter_std": 0.0, "accuracy": 0.69231, "accuracy_std": 0.0, "precision": 0.68421, "precision_std": 0.0, "recall": 1.0, "recall_std": 0.0, "f1": 0.8125, "f1_std": 0.0, "auc": 0.56509, "auc_std": 0.0}
{"epoch": 5, "time_epoch": 2.36157, "time_epoch_std": 0.0, "eta": 197.56844, "eta_std": 0.0, "eta_hours": 0.05488, "eta_hours_std": 0.0, "loss": 0.66551, "loss_std": 0.0, "lr": 0.00099, "lr_std": 0.0, "params": 9207.0, "params_std": 0.0, "time_iter": 0.78719, "time_iter_std": 0.0, "accuracy": 0.69231, "accuracy_std": 0.0, "precision": 0.68421, "precision_std": 0.0, "recall": 1.0, "recall_std": 0.0, "f1": 0.8125, "f1_std": 0.0, "auc": 0.61243, "auc_std": 0.0}
{"epoch": 6, "time_epoch": 2.36917, "time_epoch_std": 0.0, "eta": 199.01891, "eta_std": 0.0, "eta_hours": 0.05528, "eta_hours_std": 0.0, "loss": 0.66357, "loss_std": 0.0, "lr": 0.00099, "lr_std": 0.0, "params": 9207.0, "params_std": 0.0, "time_iter": 0.78972, "time_iter_std": 0.0, "accuracy": 0.69231, "accuracy_std": 0.0, "precision": 0.68421, "precision_std": 0.0, "recall": 1.0, "recall_std": 0.0, "f1": 0.8125, "f1_std": 0.0, "auc": 0.48521, "auc_std": 0.0}
{"epoch": 7, "time_epoch": 0.89011, "time_epoch_std": 0.0, "eta": 182.50537, "eta_std": 0.0, "eta_hours": 0.0507, "eta_hours_std": 0.0, "loss": 0.66056, "loss_std": 0.0, "lr": 0.00099, "lr_std": 0.0, "params": 9207.0, "params_std": 0.0, "time_iter": 0.2967, "time_iter_std": 0.0, "accuracy": 0.69231, "accuracy_std": 0.0, "precision": 0.68421, "precision_std": 0.0, "recall": 1.0, "recall_std": 0.0, "f1": 0.8125, "f1_std": 0.0, "auc": 0.5355, "auc_std": 0.0}
{"epoch": 8, "time_epoch": 0.15963, "time_epoch_std": 0.0, "eta": 162.07774, "eta_std": 0.0, "eta_hours": 0.04502, "eta_hours_std": 0.0, "loss": 0.65899, "loss_std": 0.0, "lr": 0.00098, "lr_std": 0.0, "params": 9207.0, "params_std": 0.0, "time_iter": 0.05321, "time_iter_std": 0.0, "accuracy": 0.69231, "accuracy_std": 0.0, "precision": 0.68421, "precision_std": 0.0, "recall": 1.0, "recall_std": 0.0, "f1": 0.8125, "f1_std": 0.0, "auc": 0.52663, "auc_std": 0.0}
{"epoch": 9, "time_epoch": 0.16029, "time_epoch_std": 0.0, "eta": 145.7096, "eta_std": 0.0, "eta_hours": 0.04047, "eta_hours_std": 0.0, "loss": 0.65722, "loss_std": 0.0, "lr": 0.00098, "lr_std": 0.0, "params": 9207.0, "params_std": 0.0, "time_iter": 0.05343, "time_iter_std": 0.0, "accuracy": 0.69231, "accuracy_std": 0.0, "precision": 0.68421, "precision_std": 0.0, "recall": 1.0, "recall_std": 0.0, "f1": 0.8125, "f1_std": 0.0, "auc": 0.62426, "auc_std": 0.0}
{"epoch": 10, "time_epoch": 0.16898, "time_epoch_std": 0.0, "eta": 132.35863, "eta_std": 0.0, "eta_hours": 0.03677, "eta_hours_std": 0.0, "loss": 0.65301, "loss_std": 0.0, "lr": 0.00098, "lr_std": 0.0, "params": 9207.0, "params_std": 0.0, "time_iter": 0.05633, "time_iter_std": 0.0, "accuracy": 0.69231, "accuracy_std": 0.0, "precision": 0.68421, "precision_std": 0.0, "recall": 1.0, "recall_std": 0.0, "f1": 0.8125, "f1_std": 0.0, "auc": 0.66568, "auc_std": 0.0}
{"epoch": 11, "time_epoch": 0.15479, "time_epoch_std": 0.0, "eta": 121.1006, "eta_std": 0.0, "eta_hours": 0.03364, "eta_hours_std": 0.0, "loss": 0.65055, "loss_std": 0.0, "lr": 0.00097, "lr_std": 0.0, "params": 9207.0, "params_std": 0.0, "time_iter": 0.0516, "time_iter_std": 0.0, "accuracy": 0.69231, "accuracy_std": 0.0, "precision": 0.68421, "precision_std": 0.0, "recall": 1.0, "recall_std": 0.0, "f1": 0.8125, "f1_std": 0.0, "auc": 0.60651, "auc_std": 0.0}
{"epoch": 12, "time_epoch": 0.14349, "time_epoch_std": 0.0, "eta": 111.47516, "eta_std": 0.0, "eta_hours": 0.03097, "eta_hours_std": 0.0, "loss": 0.65375, "loss_std": 0.0, "lr": 0.00096, "lr_std": 0.0, "params": 9207.0, "params_std": 0.0, "time_iter": 0.04783, "time_iter_std": 0.0, "accuracy": 0.66667, "accuracy_std": 0.0, "precision": 0.66667, "precision_std": 0.0, "recall": 1.0, "recall_std": 0.0, "f1": 0.8, "f1_std": 0.0, "auc": 0.60651, "auc_std": 0.0}
{"epoch": 13, "time_epoch": 0.14174, "time_epoch_std": 0.0, "eta": 103.19353, "eta_std": 0.0, "eta_hours": 0.02866, "eta_hours_std": 0.0, "loss": 0.64405, "loss_std": 0.0, "lr": 0.00096, "lr_std": 0.0, "params": 9207.0, "params_std": 0.0, "time_iter": 0.04725, "time_iter_std": 0.0, "accuracy": 0.69231, "accuracy_std": 0.0, "precision": 0.68421, "precision_std": 0.0, "recall": 1.0, "recall_std": 0.0, "f1": 0.8125, "f1_std": 0.0, "auc": 0.54438, "auc_std": 0.0}
{"epoch": 14, "time_epoch": 0.14279, "time_epoch_std": 0.0, "eta": 96.00318, "eta_std": 0.0, "eta_hours": 0.02667, "eta_hours_std": 0.0, "loss": 0.63951, "loss_std": 0.0, "lr": 0.00095, "lr_std": 0.0, "params": 9207.0, "params_std": 0.0, "time_iter": 0.0476, "time_iter_std": 0.0, "accuracy": 0.69231, "accuracy_std": 0.0, "precision": 0.68421, "precision_std": 0.0, "recall": 1.0, "recall_std": 0.0, "f1": 0.8125, "f1_std": 0.0, "auc": 0.66864, "auc_std": 0.0}
{"epoch": 15, "time_epoch": 0.14156, "time_epoch_std": 0.0, "eta": 89.68732, "eta_std": 0.0, "eta_hours": 0.02491, "eta_hours_std": 0.0, "loss": 0.63624, "loss_std": 0.0, "lr": 0.00095, "lr_std": 0.0, "params": 9207.0, "params_std": 0.0, "time_iter": 0.04719, "time_iter_std": 0.0, "accuracy": 0.69231, "accuracy_std": 0.0, "precision": 0.68421, "precision_std": 0.0, "recall": 1.0, "recall_std": 0.0, "f1": 0.8125, "f1_std": 0.0, "auc": 0.72633, "auc_std": 0.0}
{"epoch": 16, "time_epoch": 0.14133, "time_epoch_std": 0.0, "eta": 84.09672, "eta_std": 0.0, "eta_hours": 0.02336, "eta_hours_std": 0.0, "loss": 0.63547, "loss_std": 0.0, "lr": 0.00094, "lr_std": 0.0, "params": 9207.0, "params_std": 0.0, "time_iter": 0.04711, "time_iter_std": 0.0, "accuracy": 0.69231, "accuracy_std": 0.0, "precision": 0.68421, "precision_std": 0.0, "recall": 1.0, "recall_std": 0.0, "f1": 0.8125, "f1_std": 0.0, "auc": 0.61243, "auc_std": 0.0}
{"epoch": 17, "time_epoch": 0.14122, "time_epoch_std": 0.0, "eta": 79.11109, "eta_std": 0.0, "eta_hours": 0.02198, "eta_hours_std": 0.0, "loss": 0.62766, "loss_std": 0.0, "lr": 0.00093, "lr_std": 0.0, "params": 9207.0, "params_std": 0.0, "time_iter": 0.04707, "time_iter_std": 0.0, "accuracy": 0.69231, "accuracy_std": 0.0, "precision": 0.68421, "precision_std": 0.0, "recall": 1.0, "recall_std": 0.0, "f1": 0.8125, "f1_std": 0.0, "auc": 0.59172, "auc_std": 0.0}
{"epoch": 18, "time_epoch": 0.14934, "time_epoch_std": 0.0, "eta": 74.67003, "eta_std": 0.0, "eta_hours": 0.02074, "eta_hours_std": 0.0, "loss": 0.63165, "loss_std": 0.0, "lr": 0.00092, "lr_std": 0.0, "params": 9207.0, "params_std": 0.0, "time_iter": 0.04978, "time_iter_std": 0.0, "accuracy": 0.69231, "accuracy_std": 0.0, "precision": 0.68421, "precision_std": 0.0, "recall": 1.0, "recall_std": 0.0, "f1": 0.8125, "f1_std": 0.0, "auc": 0.65385, "auc_std": 0.0}
{"epoch": 19, "time_epoch": 0.16977, "time_epoch_std": 0.0, "eta": 70.73986, "eta_std": 0.0, "eta_hours": 0.01965, "eta_hours_std": 0.0, "loss": 0.6264, "loss_std": 0.0, "lr": 0.00091, "lr_std": 0.0, "params": 9207.0, "params_std": 0.0, "time_iter": 0.05659, "time_iter_std": 0.0, "accuracy": 0.69231, "accuracy_std": 0.0, "precision": 0.68421, "precision_std": 0.0, "recall": 1.0, "recall_std": 0.0, "f1": 0.8125, "f1_std": 0.0, "auc": 0.57988, "auc_std": 0.0}
{"epoch": 20, "time_epoch": 0.14586, "time_epoch_std": 0.0, "eta": 67.07785, "eta_std": 0.0, "eta_hours": 0.01863, "eta_hours_std": 0.0, "loss": 0.6229, "loss_std": 0.0, "lr": 0.0009, "lr_std": 0.0, "params": 9207.0, "params_std": 0.0, "time_iter": 0.04862, "time_iter_std": 0.0, "accuracy": 0.69231, "accuracy_std": 0.0, "precision": 0.68421, "precision_std": 0.0, "recall": 1.0, "recall_std": 0.0, "f1": 0.8125, "f1_std": 0.0, "auc": 0.73964, "auc_std": 0.0}
{"epoch": 21, "time_epoch": 0.16485, "time_epoch_std": 0.0, "eta": 63.80283, "eta_std": 0.0, "eta_hours": 0.01772, "eta_hours_std": 0.0, "loss": 0.61401, "loss_std": 0.0, "lr": 0.0009, "lr_std": 0.0, "params": 9207.0, "params_std": 0.0, "time_iter": 0.05495, "time_iter_std": 0.0, "accuracy": 0.69231, "accuracy_std": 0.0, "precision": 0.68421, "precision_std": 0.0, "recall": 1.0, "recall_std": 0.0, "f1": 0.8125, "f1_std": 0.0, "auc": 0.7071, "auc_std": 0.0}
{"epoch": 22, "time_epoch": 0.17173, "time_epoch_std": 0.0, "eta": 60.82128, "eta_std": 0.0, "eta_hours": 0.01689, "eta_hours_std": 0.0, "loss": 0.61172, "loss_std": 0.0, "lr": 0.00089, "lr_std": 0.0, "params": 9207.0, "params_std": 0.0, "time_iter": 0.05724, "time_iter_std": 0.0, "accuracy": 0.69231, "accuracy_std": 0.0, "precision": 0.68421, "precision_std": 0.0, "recall": 1.0, "recall_std": 0.0, "f1": 0.8125, "f1_std": 0.0, "auc": 0.71006, "auc_std": 0.0}
{"epoch": 23, "time_epoch": 0.1435, "time_epoch_std": 0.0, "eta": 57.9845, "eta_std": 0.0, "eta_hours": 0.01611, "eta_hours_std": 0.0, "loss": 0.60649, "loss_std": 0.0, "lr": 0.00088, "lr_std": 0.0, "params": 9207.0, "params_std": 0.0, "time_iter": 0.04783, "time_iter_std": 0.0, "accuracy": 0.69231, "accuracy_std": 0.0, "precision": 0.68421, "precision_std": 0.0, "recall": 1.0, "recall_std": 0.0, "f1": 0.8125, "f1_std": 0.0, "auc": 0.61834, "auc_std": 0.0}
{"epoch": 24, "time_epoch": 0.14688, "time_epoch_std": 0.0, "eta": 55.37333, "eta_std": 0.0, "eta_hours": 0.01538, "eta_hours_std": 0.0, "loss": 0.6057, "loss_std": 0.0, "lr": 0.00086, "lr_std": 0.0, "params": 9207.0, "params_std": 0.0, "time_iter": 0.04896, "time_iter_std": 0.0, "accuracy": 0.69231, "accuracy_std": 0.0, "precision": 0.68421, "precision_std": 0.0, "recall": 1.0, "recall_std": 0.0, "f1": 0.8125, "f1_std": 0.0, "auc": 0.65089, "auc_std": 0.0}
{"epoch": 25, "time_epoch": 0.16812, "time_epoch_std": 0.0, "eta": 53.01218, "eta_std": 0.0, "eta_hours": 0.01473, "eta_hours_std": 0.0, "loss": 0.59651, "loss_std": 0.0, "lr": 0.00085, "lr_std": 0.0, "params": 9207.0, "params_std": 0.0, "time_iter": 0.05604, "time_iter_std": 0.0, "accuracy": 0.69231, "accuracy_std": 0.0, "precision": 0.68421, "precision_std": 0.0, "recall": 1.0, "recall_std": 0.0, "f1": 0.8125, "f1_std": 0.0, "auc": 0.70118, "auc_std": 0.0}
{"epoch": 26, "time_epoch": 0.17152, "time_epoch_std": 0.0, "eta": 50.82267, "eta_std": 0.0, "eta_hours": 0.01412, "eta_hours_std": 0.0, "loss": 0.58783, "loss_std": 0.0, "lr": 0.00084, "lr_std": 0.0, "params": 9207.0, "params_std": 0.0, "time_iter": 0.05717, "time_iter_std": 0.0, "accuracy": 0.69231, "accuracy_std": 0.0, "precision": 0.68421, "precision_std": 0.0, "recall": 1.0, "recall_std": 0.0, "f1": 0.8125, "f1_std": 0.0, "auc": 0.70414, "auc_std": 0.0}
{"epoch": 27, "time_epoch": 0.1585, "time_epoch_std": 0.0, "eta": 48.7438, "eta_std": 0.0, "eta_hours": 0.01354, "eta_hours_std": 0.0, "loss": 0.5869, "loss_std": 0.0, "lr": 0.00083, "lr_std": 0.0, "params": 9207.0, "params_std": 0.0, "time_iter": 0.05283, "time_iter_std": 0.0, "accuracy": 0.69231, "accuracy_std": 0.0, "precision": 0.68421, "precision_std": 0.0, "recall": 1.0, "recall_std": 0.0, "f1": 0.8125, "f1_std": 0.0, "auc": 0.72189, "auc_std": 0.0}
{"epoch": 28, "time_epoch": 0.15124, "time_epoch_std": 0.0, "eta": 46.7796, "eta_std": 0.0, "eta_hours": 0.01299, "eta_hours_std": 0.0, "loss": 0.58699, "loss_std": 0.0, "lr": 0.00082, "lr_std": 0.0, "params": 9207.0, "params_std": 0.0, "time_iter": 0.05041, "time_iter_std": 0.0, "accuracy": 0.69231, "accuracy_std": 0.0, "precision": 0.68421, "precision_std": 0.0, "recall": 1.0, "recall_std": 0.0, "f1": 0.8125, "f1_std": 0.0, "auc": 0.7071, "auc_std": 0.0}
{"epoch": 29, "time_epoch": 0.14914, "time_epoch_std": 0.0, "eta": 44.93138, "eta_std": 0.0, "eta_hours": 0.01248, "eta_hours_std": 0.0, "loss": 0.58375, "loss_std": 0.0, "lr": 0.00081, "lr_std": 0.0, "params": 9207.0, "params_std": 0.0, "time_iter": 0.04971, "time_iter_std": 0.0, "accuracy": 0.69231, "accuracy_std": 0.0, "precision": 0.68421, "precision_std": 0.0, "recall": 1.0, "recall_std": 0.0, "f1": 0.8125, "f1_std": 0.0, "auc": 0.71893, "auc_std": 0.0}
{"epoch": 30, "time_epoch": 0.171, "time_epoch_std": 0.0, "eta": 43.24141, "eta_std": 0.0, "eta_hours": 0.01201, "eta_hours_std": 0.0, "loss": 0.57554, "loss_std": 0.0, "lr": 0.00079, "lr_std": 0.0, "params": 9207.0, "params_std": 0.0, "time_iter": 0.057, "time_iter_std": 0.0, "accuracy": 0.69231, "accuracy_std": 0.0, "precision": 0.68421, "precision_std": 0.0, "recall": 1.0, "recall_std": 0.0, "f1": 0.8125, "f1_std": 0.0, "auc": 0.79586, "auc_std": 0.0}
{"epoch": 31, "time_epoch": 0.17043, "time_epoch_std": 0.0, "eta": 41.64519, "eta_std": 0.0, "eta_hours": 0.01157, "eta_hours_std": 0.0, "loss": 0.60236, "loss_std": 0.0, "lr": 0.00078, "lr_std": 0.0, "params": 9207.0, "params_std": 0.0, "time_iter": 0.05681, "time_iter_std": 0.0, "accuracy": 0.66667, "accuracy_std": 0.0, "precision": 0.66667, "precision_std": 0.0, "recall": 1.0, "recall_std": 0.0, "f1": 0.8, "f1_std": 0.0, "auc": 0.68047, "auc_std": 0.0}
{"epoch": 32, "time_epoch": 0.16386, "time_epoch_std": 0.0, "eta": 40.12204, "eta_std": 0.0, "eta_hours": 0.01115, "eta_hours_std": 0.0, "loss": 0.57068, "loss_std": 0.0, "lr": 0.00077, "lr_std": 0.0, "params": 9207.0, "params_std": 0.0, "time_iter": 0.05462, "time_iter_std": 0.0, "accuracy": 0.69231, "accuracy_std": 0.0, "precision": 0.68421, "precision_std": 0.0, "recall": 1.0, "recall_std": 0.0, "f1": 0.8125, "f1_std": 0.0, "auc": 0.73965, "auc_std": 0.0}
{"epoch": 33, "time_epoch": 0.14907, "time_epoch_std": 0.0, "eta": 38.65011, "eta_std": 0.0, "eta_hours": 0.01074, "eta_hours_std": 0.0, "loss": 0.58353, "loss_std": 0.0, "lr": 0.00075, "lr_std": 0.0, "params": 9207.0, "params_std": 0.0, "time_iter": 0.04969, "time_iter_std": 0.0, "accuracy": 0.66667, "accuracy_std": 0.0, "precision": 0.66667, "precision_std": 0.0, "recall": 1.0, "recall_std": 0.0, "f1": 0.8, "f1_std": 0.0, "auc": 0.81065, "auc_std": 0.0}
{"epoch": 34, "time_epoch": 0.14738, "time_epoch_std": 0.0, "eta": 37.25066, "eta_std": 0.0, "eta_hours": 0.01035, "eta_hours_std": 0.0, "loss": 0.56451, "loss_std": 0.0, "lr": 0.00074, "lr_std": 0.0, "params": 9207.0, "params_std": 0.0, "time_iter": 0.04913, "time_iter_std": 0.0, "accuracy": 0.69231, "accuracy_std": 0.0, "precision": 0.68421, "precision_std": 0.0, "recall": 1.0, "recall_std": 0.0, "f1": 0.8125, "f1_std": 0.0, "auc": 0.76923, "auc_std": 0.0}
{"epoch": 35, "time_epoch": 0.17449, "time_epoch_std": 0.0, "eta": 35.96895, "eta_std": 0.0, "eta_hours": 0.00999, "eta_hours_std": 0.0, "loss": 0.56211, "loss_std": 0.0, "lr": 0.00073, "lr_std": 0.0, "params": 9207.0, "params_std": 0.0, "time_iter": 0.05816, "time_iter_std": 0.0, "accuracy": 0.69231, "accuracy_std": 0.0, "precision": 0.68421, "precision_std": 0.0, "recall": 1.0, "recall_std": 0.0, "f1": 0.8125, "f1_std": 0.0, "auc": 0.81361, "auc_std": 0.0}
{"epoch": 36, "time_epoch": 0.171, "time_epoch_std": 0.0, "eta": 34.74115, "eta_std": 0.0, "eta_hours": 0.00965, "eta_hours_std": 0.0, "loss": 0.56432, "loss_std": 0.0, "lr": 0.00071, "lr_std": 0.0, "params": 9207.0, "params_std": 0.0, "time_iter": 0.057, "time_iter_std": 0.0, "accuracy": 0.69231, "accuracy_std": 0.0, "precision": 0.68421, "precision_std": 0.0, "recall": 1.0, "recall_std": 0.0, "f1": 0.8125, "f1_std": 0.0, "auc": 0.86391, "auc_std": 0.0}
{"epoch": 37, "time_epoch": 0.16241, "time_epoch_std": 0.0, "eta": 33.55495, "eta_std": 0.0, "eta_hours": 0.00932, "eta_hours_std": 0.0, "loss": 0.56555, "loss_std": 0.0, "lr": 0.0007, "lr_std": 0.0, "params": 9207.0, "params_std": 0.0, "time_iter": 0.05414, "time_iter_std": 0.0, "accuracy": 0.69231, "accuracy_std": 0.0, "precision": 0.68421, "precision_std": 0.0, "recall": 1.0, "recall_std": 0.0, "f1": 0.8125, "f1_std": 0.0, "auc": 0.83432, "auc_std": 0.0}
{"epoch": 38, "time_epoch": 0.14737, "time_epoch_std": 0.0, "eta": 32.39774, "eta_std": 0.0, "eta_hours": 0.009, "eta_hours_std": 0.0, "loss": 0.55754, "loss_std": 0.0, "lr": 0.00068, "lr_std": 0.0, "params": 9207.0, "params_std": 0.0, "time_iter": 0.04912, "time_iter_std": 0.0, "accuracy": 0.69231, "accuracy_std": 0.0, "precision": 0.68421, "precision_std": 0.0, "recall": 1.0, "recall_std": 0.0, "f1": 0.8125, "f1_std": 0.0, "auc": 0.88166, "auc_std": 0.0}
{"epoch": 39, "time_epoch": 0.1712, "time_epoch_std": 0.0, "eta": 31.32675, "eta_std": 0.0, "eta_hours": 0.0087, "eta_hours_std": 0.0, "loss": 0.53981, "loss_std": 0.0, "lr": 0.00067, "lr_std": 0.0, "params": 9207.0, "params_std": 0.0, "time_iter": 0.05707, "time_iter_std": 0.0, "accuracy": 0.69231, "accuracy_std": 0.0, "precision": 0.68421, "precision_std": 0.0, "recall": 1.0, "recall_std": 0.0, "f1": 0.8125, "f1_std": 0.0, "auc": 0.90533, "auc_std": 0.0}
{"epoch": 40, "time_epoch": 0.16806, "time_epoch_std": 0.0, "eta": 30.29516, "eta_std": 0.0, "eta_hours": 0.00842, "eta_hours_std": 0.0, "loss": 0.54749, "loss_std": 0.0, "lr": 0.00065, "lr_std": 0.0, "params": 9207.0, "params_std": 0.0, "time_iter": 0.05602, "time_iter_std": 0.0, "accuracy": 0.69231, "accuracy_std": 0.0, "precision": 0.68421, "precision_std": 0.0, "recall": 1.0, "recall_std": 0.0, "f1": 0.8125, "f1_std": 0.0, "auc": 0.90533, "auc_std": 0.0}
{"epoch": 41, "time_epoch": 0.16648, "time_epoch_std": 0.0, "eta": 29.30249, "eta_std": 0.0, "eta_hours": 0.00814, "eta_hours_std": 0.0, "loss": 0.53912, "loss_std": 0.0, "lr": 0.00064, "lr_std": 0.0, "params": 9207.0, "params_std": 0.0, "time_iter": 0.05549, "time_iter_std": 0.0, "accuracy": 0.69231, "accuracy_std": 0.0, "precision": 0.68421, "precision_std": 0.0, "recall": 1.0, "recall_std": 0.0, "f1": 0.8125, "f1_std": 0.0, "auc": 0.89645, "auc_std": 0.0}
{"epoch": 42, "time_epoch": 0.15481, "time_epoch_std": 0.0, "eta": 28.33279, "eta_std": 0.0, "eta_hours": 0.00787, "eta_hours_std": 0.0, "loss": 0.53624, "loss_std": 0.0, "lr": 0.00062, "lr_std": 0.0, "params": 9207.0, "params_std": 0.0, "time_iter": 0.0516, "time_iter_std": 0.0, "accuracy": 0.69231, "accuracy_std": 0.0, "precision": 0.68421, "precision_std": 0.0, "recall": 1.0, "recall_std": 0.0, "f1": 0.8125, "f1_std": 0.0, "auc": 0.92012, "auc_std": 0.0}
{"epoch": 43, "time_epoch": 0.14191, "time_epoch_std": 0.0, "eta": 27.3837, "eta_std": 0.0, "eta_hours": 0.00761, "eta_hours_std": 0.0, "loss": 0.53001, "loss_std": 0.0, "lr": 0.00061, "lr_std": 0.0, "params": 9207.0, "params_std": 0.0, "time_iter": 0.0473, "time_iter_std": 0.0, "accuracy": 0.69231, "accuracy_std": 0.0, "precision": 0.68421, "precision_std": 0.0, "recall": 1.0, "recall_std": 0.0, "f1": 0.8125, "f1_std": 0.0, "auc": 0.90828, "auc_std": 0.0}
{"epoch": 44, "time_epoch": 0.16898, "time_epoch_std": 0.0, "eta": 26.50358, "eta_std": 0.0, "eta_hours": 0.00736, "eta_hours_std": 0.0, "loss": 0.53037, "loss_std": 0.0, "lr": 0.00059, "lr_std": 0.0, "params": 9207.0, "params_std": 0.0, "time_iter": 0.05633, "time_iter_std": 0.0, "accuracy": 0.69231, "accuracy_std": 0.0, "precision": 0.68421, "precision_std": 0.0, "recall": 1.0, "recall_std": 0.0, "f1": 0.8125, "f1_std": 0.0, "auc": 0.93195, "auc_std": 0.0}
{"epoch": 45, "time_epoch": 0.1791, "time_epoch_std": 0.0, "eta": 25.66626, "eta_std": 0.0, "eta_hours": 0.00713, "eta_hours_std": 0.0, "loss": 0.51863, "loss_std": 0.0, "lr": 0.00058, "lr_std": 0.0, "params": 9207.0, "params_std": 0.0, "time_iter": 0.0597, "time_iter_std": 0.0, "accuracy": 0.69231, "accuracy_std": 0.0, "precision": 0.68421, "precision_std": 0.0, "recall": 1.0, "recall_std": 0.0, "f1": 0.8125, "f1_std": 0.0, "auc": 0.92899, "auc_std": 0.0}
{"epoch": 46, "time_epoch": 0.15842, "time_epoch_std": 0.0, "eta": 24.83362, "eta_std": 0.0, "eta_hours": 0.0069, "eta_hours_std": 0.0, "loss": 0.51491, "loss_std": 0.0, "lr": 0.00056, "lr_std": 0.0, "params": 9207.0, "params_std": 0.0, "time_iter": 0.05281, "time_iter_std": 0.0, "accuracy": 0.69231, "accuracy_std": 0.0, "precision": 0.68421, "precision_std": 0.0, "recall": 1.0, "recall_std": 0.0, "f1": 0.8125, "f1_std": 0.0, "auc": 0.92308, "auc_std": 0.0}
{"epoch": 47, "time_epoch": 0.14526, "time_epoch_std": 0.0, "eta": 24.01482, "eta_std": 0.0, "eta_hours": 0.00667, "eta_hours_std": 0.0, "loss": 0.50669, "loss_std": 0.0, "lr": 0.00055, "lr_std": 0.0, "params": 9207.0, "params_std": 0.0, "time_iter": 0.04842, "time_iter_std": 0.0, "accuracy": 0.69231, "accuracy_std": 0.0, "precision": 0.68421, "precision_std": 0.0, "recall": 1.0, "recall_std": 0.0, "f1": 0.8125, "f1_std": 0.0, "auc": 0.9645, "auc_std": 0.0}
{"epoch": 48, "time_epoch": 0.1849, "time_epoch_std": 0.0, "eta": 23.26478, "eta_std": 0.0, "eta_hours": 0.00646, "eta_hours_std": 0.0, "loss": 0.51838, "loss_std": 0.0, "lr": 0.00053, "lr_std": 0.0, "params": 9207.0, "params_std": 0.0, "time_iter": 0.06163, "time_iter_std": 0.0, "accuracy": 0.71795, "accuracy_std": 0.0, "precision": 0.7027, "precision_std": 0.0, "recall": 1.0, "recall_std": 0.0, "f1": 0.8254, "f1_std": 0.0, "auc": 0.89349, "auc_std": 0.0}
{"epoch": 49, "time_epoch": 0.14301, "time_epoch_std": 0.0, "eta": 22.49545, "eta_std": 0.0, "eta_hours": 0.00625, "eta_hours_std": 0.0, "loss": 0.50258, "loss_std": 0.0, "lr": 0.00052, "lr_std": 0.0, "params": 9207.0, "params_std": 0.0, "time_iter": 0.04767, "time_iter_std": 0.0, "accuracy": 0.69231, "accuracy_std": 0.0, "precision": 0.68421, "precision_std": 0.0, "recall": 1.0, "recall_std": 0.0, "f1": 0.8125, "f1_std": 0.0, "auc": 0.92012, "auc_std": 0.0}
{"epoch": 50, "time_epoch": 0.14547, "time_epoch_std": 0.0, "eta": 21.75304, "eta_std": 0.0, "eta_hours": 0.00604, "eta_hours_std": 0.0, "loss": 0.48658, "loss_std": 0.0, "lr": 0.0005, "lr_std": 0.0, "params": 9207.0, "params_std": 0.0, "time_iter": 0.04849, "time_iter_std": 0.0, "accuracy": 0.69231, "accuracy_std": 0.0, "precision": 0.68421, "precision_std": 0.0, "recall": 1.0, "recall_std": 0.0, "f1": 0.8125, "f1_std": 0.0, "auc": 0.9497, "auc_std": 0.0}
{"epoch": 51, "time_epoch": 0.14137, "time_epoch_std": 0.0, "eta": 21.0298, "eta_std": 0.0, "eta_hours": 0.00584, "eta_hours_std": 0.0, "loss": 0.48982, "loss_std": 0.0, "lr": 0.00048, "lr_std": 0.0, "params": 9207.0, "params_std": 0.0, "time_iter": 0.04712, "time_iter_std": 0.0, "accuracy": 0.71795, "accuracy_std": 0.0, "precision": 0.7027, "precision_std": 0.0, "recall": 1.0, "recall_std": 0.0, "f1": 0.8254, "f1_std": 0.0, "auc": 0.96746, "auc_std": 0.0}
{"epoch": 52, "time_epoch": 0.1417, "time_epoch_std": 0.0, "eta": 20.32882, "eta_std": 0.0, "eta_hours": 0.00565, "eta_hours_std": 0.0, "loss": 0.48582, "loss_std": 0.0, "lr": 0.00047, "lr_std": 0.0, "params": 9207.0, "params_std": 0.0, "time_iter": 0.04723, "time_iter_std": 0.0, "accuracy": 0.71795, "accuracy_std": 0.0, "precision": 0.7027, "precision_std": 0.0, "recall": 1.0, "recall_std": 0.0, "f1": 0.8254, "f1_std": 0.0, "auc": 0.92899, "auc_std": 0.0}
{"epoch": 53, "time_epoch": 0.14386, "time_epoch_std": 0.0, "eta": 19.65039, "eta_std": 0.0, "eta_hours": 0.00546, "eta_hours_std": 0.0, "loss": 0.46968, "loss_std": 0.0, "lr": 0.00045, "lr_std": 0.0, "params": 9207.0, "params_std": 0.0, "time_iter": 0.04795, "time_iter_std": 0.0, "accuracy": 0.71795, "accuracy_std": 0.0, "precision": 0.7027, "precision_std": 0.0, "recall": 1.0, "recall_std": 0.0, "f1": 0.8254, "f1_std": 0.0, "auc": 0.98225, "auc_std": 0.0}
{"epoch": 54, "time_epoch": 0.14215, "time_epoch_std": 0.0, "eta": 18.98999, "eta_std": 0.0, "eta_hours": 0.00527, "eta_hours_std": 0.0, "loss": 0.47808, "loss_std": 0.0, "lr": 0.00044, "lr_std": 0.0, "params": 9207.0, "params_std": 0.0, "time_iter": 0.04738, "time_iter_std": 0.0, "accuracy": 0.71795, "accuracy_std": 0.0, "precision": 0.7027, "precision_std": 0.0, "recall": 1.0, "recall_std": 0.0, "f1": 0.8254, "f1_std": 0.0, "auc": 0.96746, "auc_std": 0.0}
{"epoch": 55, "time_epoch": 0.16987, "time_epoch_std": 0.0, "eta": 18.3699, "eta_std": 0.0, "eta_hours": 0.0051, "eta_hours_std": 0.0, "loss": 0.46331, "loss_std": 0.0, "lr": 0.00042, "lr_std": 0.0, "params": 9207.0, "params_std": 0.0, "time_iter": 0.05662, "time_iter_std": 0.0, "accuracy": 0.71795, "accuracy_std": 0.0, "precision": 0.7027, "precision_std": 0.0, "recall": 1.0, "recall_std": 0.0, "f1": 0.8254, "f1_std": 0.0, "auc": 0.95562, "auc_std": 0.0}
{"epoch": 56, "time_epoch": 0.16279, "time_epoch_std": 0.0, "eta": 17.76025, "eta_std": 0.0, "eta_hours": 0.00493, "eta_hours_std": 0.0, "loss": 0.45723, "loss_std": 0.0, "lr": 0.00041, "lr_std": 0.0, "params": 9207.0, "params_std": 0.0, "time_iter": 0.05426, "time_iter_std": 0.0, "accuracy": 0.71795, "accuracy_std": 0.0, "precision": 0.7027, "precision_std": 0.0, "recall": 1.0, "recall_std": 0.0, "f1": 0.8254, "f1_std": 0.0, "auc": 0.95266, "auc_std": 0.0}
{"epoch": 57, "time_epoch": 0.14391, "time_epoch_std": 0.0, "eta": 17.15234, "eta_std": 0.0, "eta_hours": 0.00476, "eta_hours_std": 0.0, "loss": 0.43739, "loss_std": 0.0, "lr": 0.00039, "lr_std": 0.0, "params": 9207.0, "params_std": 0.0, "time_iter": 0.04797, "time_iter_std": 0.0, "accuracy": 0.74359, "accuracy_std": 0.0, "precision": 0.72222, "precision_std": 0.0, "recall": 1.0, "recall_std": 0.0, "f1": 0.83871, "f1_std": 0.0, "auc": 0.9645, "auc_std": 0.0}
{"epoch": 58, "time_epoch": 0.14752, "time_epoch_std": 0.0, "eta": 16.56267, "eta_std": 0.0, "eta_hours": 0.0046, "eta_hours_std": 0.0, "loss": 0.43874, "loss_std": 0.0, "lr": 0.00038, "lr_std": 0.0, "params": 9207.0, "params_std": 0.0, "time_iter": 0.04917, "time_iter_std": 0.0, "accuracy": 0.74359, "accuracy_std": 0.0, "precision": 0.72222, "precision_std": 0.0, "recall": 1.0, "recall_std": 0.0, "f1": 0.83871, "f1_std": 0.0, "auc": 0.98225, "auc_std": 0.0}
{"epoch": 59, "time_epoch": 0.14604, "time_epoch_std": 0.0, "eta": 15.98675, "eta_std": 0.0, "eta_hours": 0.00444, "eta_hours_std": 0.0, "loss": 0.44321, "loss_std": 0.0, "lr": 0.00036, "lr_std": 0.0, "params": 9207.0, "params_std": 0.0, "time_iter": 0.04868, "time_iter_std": 0.0, "accuracy": 0.74359, "accuracy_std": 0.0, "precision": 0.72222, "precision_std": 0.0, "recall": 1.0, "recall_std": 0.0, "f1": 0.83871, "f1_std": 0.0, "auc": 0.9645, "auc_std": 0.0}
{"epoch": 60, "time_epoch": 0.14701, "time_epoch_std": 0.0, "eta": 15.42555, "eta_std": 0.0, "eta_hours": 0.00428, "eta_hours_std": 0.0, "loss": 0.41314, "loss_std": 0.0, "lr": 0.00035, "lr_std": 0.0, "params": 9207.0, "params_std": 0.0, "time_iter": 0.049, "time_iter_std": 0.0, "accuracy": 0.76923, "accuracy_std": 0.0, "precision": 0.74286, "precision_std": 0.0, "recall": 1.0, "recall_std": 0.0, "f1": 0.85246, "f1_std": 0.0, "auc": 1.0, "auc_std": 0.0}
{"epoch": 61, "time_epoch": 0.14574, "time_epoch_std": 0.0, "eta": 14.87692, "eta_std": 0.0, "eta_hours": 0.00413, "eta_hours_std": 0.0, "loss": 0.43288, "loss_std": 0.0, "lr": 0.00033, "lr_std": 0.0, "params": 9207.0, "params_std": 0.0, "time_iter": 0.04858, "time_iter_std": 0.0, "accuracy": 0.76923, "accuracy_std": 0.0, "precision": 0.74286, "precision_std": 0.0, "recall": 1.0, "recall_std": 0.0, "f1": 0.85246, "f1_std": 0.0, "auc": 0.9497, "auc_std": 0.0}
{"epoch": 62, "time_epoch": 0.14456, "time_epoch_std": 0.0, "eta": 14.3404, "eta_std": 0.0, "eta_hours": 0.00398, "eta_hours_std": 0.0, "loss": 0.39919, "loss_std": 0.0, "lr": 0.00032, "lr_std": 0.0, "params": 9207.0, "params_std": 0.0, "time_iter": 0.04819, "time_iter_std": 0.0, "accuracy": 0.79487, "accuracy_std": 0.0, "precision": 0.76471, "precision_std": 0.0, "recall": 1.0, "recall_std": 0.0, "f1": 0.86667, "f1_std": 0.0, "auc": 0.97633, "auc_std": 0.0}
{"epoch": 63, "time_epoch": 0.14559, "time_epoch_std": 0.0, "eta": 13.8167, "eta_std": 0.0, "eta_hours": 0.00384, "eta_hours_std": 0.0, "loss": 0.39086, "loss_std": 0.0, "lr": 0.0003, "lr_std": 0.0, "params": 9207.0, "params_std": 0.0, "time_iter": 0.04853, "time_iter_std": 0.0, "accuracy": 0.79487, "accuracy_std": 0.0, "precision": 0.76471, "precision_std": 0.0, "recall": 1.0, "recall_std": 0.0, "f1": 0.86667, "f1_std": 0.0, "auc": 0.99704, "auc_std": 0.0}
{"epoch": 64, "time_epoch": 0.14401, "time_epoch_std": 0.0, "eta": 13.30378, "eta_std": 0.0, "eta_hours": 0.0037, "eta_hours_std": 0.0, "loss": 0.3988, "loss_std": 0.0, "lr": 0.00029, "lr_std": 0.0, "params": 9207.0, "params_std": 0.0, "time_iter": 0.048, "time_iter_std": 0.0, "accuracy": 0.82051, "accuracy_std": 0.0, "precision": 0.78788, "precision_std": 0.0, "recall": 1.0, "recall_std": 0.0, "f1": 0.88136, "f1_std": 0.0, "auc": 0.96154, "auc_std": 0.0}
{"epoch": 65, "time_epoch": 0.14717, "time_epoch_std": 0.0, "eta": 12.80368, "eta_std": 0.0, "eta_hours": 0.00356, "eta_hours_std": 0.0, "loss": 0.37805, "loss_std": 0.0, "lr": 0.00027, "lr_std": 0.0, "params": 9207.0, "params_std": 0.0, "time_iter": 0.04906, "time_iter_std": 0.0, "accuracy": 0.82051, "accuracy_std": 0.0, "precision": 0.78788, "precision_std": 0.0, "recall": 1.0, "recall_std": 0.0, "f1": 0.88136, "f1_std": 0.0, "auc": 0.99112, "auc_std": 0.0}
{"epoch": 66, "time_epoch": 0.14747, "time_epoch_std": 0.0, "eta": 12.31425, "eta_std": 0.0, "eta_hours": 0.00342, "eta_hours_std": 0.0, "loss": 0.39041, "loss_std": 0.0, "lr": 0.00026, "lr_std": 0.0, "params": 9207.0, "params_std": 0.0, "time_iter": 0.04916, "time_iter_std": 0.0, "accuracy": 0.76923, "accuracy_std": 0.0, "precision": 0.74286, "precision_std": 0.0, "recall": 1.0, "recall_std": 0.0, "f1": 0.85246, "f1_std": 0.0, "auc": 0.98817, "auc_std": 0.0}
{"epoch": 67, "time_epoch": 0.14791, "time_epoch_std": 0.0, "eta": 11.83509, "eta_std": 0.0, "eta_hours": 0.00329, "eta_hours_std": 0.0, "loss": 0.3707, "loss_std": 0.0, "lr": 0.00025, "lr_std": 0.0, "params": 9207.0, "params_std": 0.0, "time_iter": 0.0493, "time_iter_std": 0.0, "accuracy": 0.84615, "accuracy_std": 0.0, "precision": 0.8125, "precision_std": 0.0, "recall": 1.0, "recall_std": 0.0, "f1": 0.89655, "f1_std": 0.0, "auc": 0.97929, "auc_std": 0.0}
{"epoch": 68, "time_epoch": 0.1475, "time_epoch_std": 0.0, "eta": 11.36535, "eta_std": 0.0, "eta_hours": 0.00316, "eta_hours_std": 0.0, "loss": 0.36321, "loss_std": 0.0, "lr": 0.00023, "lr_std": 0.0, "params": 9207.0, "params_std": 0.0, "time_iter": 0.04917, "time_iter_std": 0.0, "accuracy": 0.84615, "accuracy_std": 0.0, "precision": 0.8125, "precision_std": 0.0, "recall": 1.0, "recall_std": 0.0, "f1": 0.89655, "f1_std": 0.0, "auc": 0.97337, "auc_std": 0.0}
{"epoch": 69, "time_epoch": 0.15435, "time_epoch_std": 0.0, "eta": 10.90775, "eta_std": 0.0, "eta_hours": 0.00303, "eta_hours_std": 0.0, "loss": 0.34592, "loss_std": 0.0, "lr": 0.00022, "lr_std": 0.0, "params": 9207.0, "params_std": 0.0, "time_iter": 0.05145, "time_iter_std": 0.0, "accuracy": 0.87179, "accuracy_std": 0.0, "precision": 0.83871, "precision_std": 0.0, "recall": 1.0, "recall_std": 0.0, "f1": 0.91228, "f1_std": 0.0, "auc": 1.0, "auc_std": 0.0}
{"epoch": 70, "time_epoch": 0.15333, "time_epoch_std": 0.0, "eta": 10.45828, "eta_std": 0.0, "eta_hours": 0.00291, "eta_hours_std": 0.0, "loss": 0.34205, "loss_std": 0.0, "lr": 0.00021, "lr_std": 0.0, "params": 9207.0, "params_std": 0.0, "time_iter": 0.05111, "time_iter_std": 0.0, "accuracy": 0.87179, "accuracy_std": 0.0, "precision": 0.83871, "precision_std": 0.0, "recall": 1.0, "recall_std": 0.0, "f1": 0.91228, "f1_std": 0.0, "auc": 1.0, "auc_std": 0.0}
{"epoch": 71, "time_epoch": 0.15208, "time_epoch_std": 0.0, "eta": 10.01655, "eta_std": 0.0, "eta_hours": 0.00278, "eta_hours_std": 0.0, "loss": 0.33489, "loss_std": 0.0, "lr": 0.00019, "lr_std": 0.0, "params": 9207.0, "params_std": 0.0, "time_iter": 0.05069, "time_iter_std": 0.0, "accuracy": 0.87179, "accuracy_std": 0.0, "precision": 0.83871, "precision_std": 0.0, "recall": 1.0, "recall_std": 0.0, "f1": 0.91228, "f1_std": 0.0, "auc": 1.0, "auc_std": 0.0}
{"epoch": 72, "time_epoch": 0.15434, "time_epoch_std": 0.0, "eta": 9.58358, "eta_std": 0.0, "eta_hours": 0.00266, "eta_hours_std": 0.0, "loss": 0.33771, "loss_std": 0.0, "lr": 0.00018, "lr_std": 0.0, "params": 9207.0, "params_std": 0.0, "time_iter": 0.05145, "time_iter_std": 0.0, "accuracy": 0.84615, "accuracy_std": 0.0, "precision": 0.8125, "precision_std": 0.0, "recall": 1.0, "recall_std": 0.0, "f1": 0.89655, "f1_std": 0.0, "auc": 0.99704, "auc_std": 0.0}
{"epoch": 73, "time_epoch": 0.15118, "time_epoch_std": 0.0, "eta": 9.15704, "eta_std": 0.0, "eta_hours": 0.00254, "eta_hours_std": 0.0, "loss": 0.32477, "loss_std": 0.0, "lr": 0.00017, "lr_std": 0.0, "params": 9207.0, "params_std": 0.0, "time_iter": 0.05039, "time_iter_std": 0.0, "accuracy": 0.87179, "accuracy_std": 0.0, "precision": 0.83871, "precision_std": 0.0, "recall": 1.0, "recall_std": 0.0, "f1": 0.91228, "f1_std": 0.0, "auc": 1.0, "auc_std": 0.0}
{"epoch": 74, "time_epoch": 0.15151, "time_epoch_std": 0.0, "eta": 8.73795, "eta_std": 0.0, "eta_hours": 0.00243, "eta_hours_std": 0.0, "loss": 0.32143, "loss_std": 0.0, "lr": 0.00016, "lr_std": 0.0, "params": 9207.0, "params_std": 0.0, "time_iter": 0.0505, "time_iter_std": 0.0, "accuracy": 0.87179, "accuracy_std": 0.0, "precision": 0.83871, "precision_std": 0.0, "recall": 1.0, "recall_std": 0.0, "f1": 0.91228, "f1_std": 0.0, "auc": 1.0, "auc_std": 0.0}
{"epoch": 75, "time_epoch": 0.14875, "time_epoch_std": 0.0, "eta": 8.32503, "eta_std": 0.0, "eta_hours": 0.00231, "eta_hours_std": 0.0, "loss": 0.31774, "loss_std": 0.0, "lr": 0.00015, "lr_std": 0.0, "params": 9207.0, "params_std": 0.0, "time_iter": 0.04958, "time_iter_std": 0.0, "accuracy": 0.89744, "accuracy_std": 0.0, "precision": 0.86667, "precision_std": 0.0, "recall": 1.0, "recall_std": 0.0, "f1": 0.92857, "f1_std": 0.0, "auc": 1.0, "auc_std": 0.0}
{"epoch": 76, "time_epoch": 0.15181, "time_epoch_std": 0.0, "eta": 7.91989, "eta_std": 0.0, "eta_hours": 0.0022, "eta_hours_std": 0.0, "loss": 0.32164, "loss_std": 0.0, "lr": 0.00014, "lr_std": 0.0, "params": 9207.0, "params_std": 0.0, "time_iter": 0.0506, "time_iter_std": 0.0, "accuracy": 0.89744, "accuracy_std": 0.0, "precision": 0.86667, "precision_std": 0.0, "recall": 1.0, "recall_std": 0.0, "f1": 0.92857, "f1_std": 0.0, "auc": 0.99704, "auc_std": 0.0}
{"epoch": 77, "time_epoch": 0.15145, "time_epoch_std": 0.0, "eta": 7.52114, "eta_std": 0.0, "eta_hours": 0.00209, "eta_hours_std": 0.0, "loss": 0.34018, "loss_std": 0.0, "lr": 0.00012, "lr_std": 0.0, "params": 9207.0, "params_std": 0.0, "time_iter": 0.05048, "time_iter_std": 0.0, "accuracy": 0.87179, "accuracy_std": 0.0, "precision": 0.83871, "precision_std": 0.0, "recall": 1.0, "recall_std": 0.0, "f1": 0.91228, "f1_std": 0.0, "auc": 0.99112, "auc_std": 0.0}
{"epoch": 78, "time_epoch": 0.15404, "time_epoch_std": 0.0, "eta": 7.12934, "eta_std": 0.0, "eta_hours": 0.00198, "eta_hours_std": 0.0, "loss": 0.31882, "loss_std": 0.0, "lr": 0.00011, "lr_std": 0.0, "params": 9207.0, "params_std": 0.0, "time_iter": 0.05135, "time_iter_std": 0.0, "accuracy": 0.92308, "accuracy_std": 0.0, "precision": 0.89655, "precision_std": 0.0, "recall": 1.0, "recall_std": 0.0, "f1": 0.94545, "f1_std": 0.0, "auc": 0.98817, "auc_std": 0.0}
{"epoch": 79, "time_epoch": 0.15156, "time_epoch_std": 0.0, "eta": 6.74287, "eta_std": 0.0, "eta_hours": 0.00187, "eta_hours_std": 0.0, "loss": 0.31598, "loss_std": 0.0, "lr": 0.0001, "lr_std": 0.0, "params": 9207.0, "params_std": 0.0, "time_iter": 0.05052, "time_iter_std": 0.0, "accuracy": 0.89744, "accuracy_std": 0.0, "precision": 0.86667, "precision_std": 0.0, "recall": 1.0, "recall_std": 0.0, "f1": 0.92857, "f1_std": 0.0, "auc": 0.99704, "auc_std": 0.0}
{"epoch": 80, "time_epoch": 0.15147, "time_epoch_std": 0.0, "eta": 6.36217, "eta_std": 0.0, "eta_hours": 0.00177, "eta_hours_std": 0.0, "loss": 0.29346, "loss_std": 0.0, "lr": 0.0001, "lr_std": 0.0, "params": 9207.0, "params_std": 0.0, "time_iter": 0.05049, "time_iter_std": 0.0, "accuracy": 0.92308, "accuracy_std": 0.0, "precision": 0.89655, "precision_std": 0.0, "recall": 1.0, "recall_std": 0.0, "f1": 0.94545, "f1_std": 0.0, "auc": 1.0, "auc_std": 0.0}
{"epoch": 81, "time_epoch": 0.15559, "time_epoch_std": 0.0, "eta": 5.98797, "eta_std": 0.0, "eta_hours": 0.00166, "eta_hours_std": 0.0, "loss": 0.29636, "loss_std": 0.0, "lr": 9e-05, "lr_std": 0.0, "params": 9207.0, "params_std": 0.0, "time_iter": 0.05186, "time_iter_std": 0.0, "accuracy": 0.92308, "accuracy_std": 0.0, "precision": 0.89655, "precision_std": 0.0, "recall": 1.0, "recall_std": 0.0, "f1": 0.94545, "f1_std": 0.0, "auc": 1.0, "auc_std": 0.0}
{"epoch": 82, "time_epoch": 0.15389, "time_epoch_std": 0.0, "eta": 5.61869, "eta_std": 0.0, "eta_hours": 0.00156, "eta_hours_std": 0.0, "loss": 0.29549, "loss_std": 0.0, "lr": 8e-05, "lr_std": 0.0, "params": 9207.0, "params_std": 0.0, "time_iter": 0.0513, "time_iter_std": 0.0, "accuracy": 0.92308, "accuracy_std": 0.0, "precision": 0.89655, "precision_std": 0.0, "recall": 1.0, "recall_std": 0.0, "f1": 0.94545, "f1_std": 0.0, "auc": 1.0, "auc_std": 0.0}
{"epoch": 83, "time_epoch": 0.15113, "time_epoch_std": 0.0, "eta": 5.25401, "eta_std": 0.0, "eta_hours": 0.00146, "eta_hours_std": 0.0, "loss": 0.29919, "loss_std": 0.0, "lr": 7e-05, "lr_std": 0.0, "params": 9207.0, "params_std": 0.0, "time_iter": 0.05038, "time_iter_std": 0.0, "accuracy": 0.92308, "accuracy_std": 0.0, "precision": 0.89655, "precision_std": 0.0, "recall": 1.0, "recall_std": 0.0, "f1": 0.94545, "f1_std": 0.0, "auc": 0.99704, "auc_std": 0.0}
{"epoch": 84, "time_epoch": 0.15278, "time_epoch_std": 0.0, "eta": 4.89465, "eta_std": 0.0, "eta_hours": 0.00136, "eta_hours_std": 0.0, "loss": 0.29336, "loss_std": 0.0, "lr": 6e-05, "lr_std": 0.0, "params": 9207.0, "params_std": 0.0, "time_iter": 0.05093, "time_iter_std": 0.0, "accuracy": 0.92308, "accuracy_std": 0.0, "precision": 0.89655, "precision_std": 0.0, "recall": 1.0, "recall_std": 0.0, "f1": 0.94545, "f1_std": 0.0, "auc": 0.99704, "auc_std": 0.0}
{"epoch": 85, "time_epoch": 0.15021, "time_epoch_std": 0.0, "eta": 4.53967, "eta_std": 0.0, "eta_hours": 0.00126, "eta_hours_std": 0.0, "loss": 0.28959, "loss_std": 0.0, "lr": 5e-05, "lr_std": 0.0, "params": 9207.0, "params_std": 0.0, "time_iter": 0.05007, "time_iter_std": 0.0, "accuracy": 0.92308, "accuracy_std": 0.0, "precision": 0.89655, "precision_std": 0.0, "recall": 1.0, "recall_std": 0.0, "f1": 0.94545, "f1_std": 0.0, "auc": 1.0, "auc_std": 0.0}
{"epoch": 86, "time_epoch": 0.15016, "time_epoch_std": 0.0, "eta": 4.18939, "eta_std": 0.0, "eta_hours": 0.00116, "eta_hours_std": 0.0, "loss": 0.28508, "loss_std": 0.0, "lr": 5e-05, "lr_std": 0.0, "params": 9207.0, "params_std": 0.0, "time_iter": 0.05005, "time_iter_std": 0.0, "accuracy": 0.92308, "accuracy_std": 0.0, "precision": 0.89655, "precision_std": 0.0, "recall": 1.0, "recall_std": 0.0, "f1": 0.94545, "f1_std": 0.0, "auc": 1.0, "auc_std": 0.0}
{"epoch": 87, "time_epoch": 0.15048, "time_epoch_std": 0.0, "eta": 3.8437, "eta_std": 0.0, "eta_hours": 0.00107, "eta_hours_std": 0.0, "loss": 0.29338, "loss_std": 0.0, "lr": 4e-05, "lr_std": 0.0, "params": 9207.0, "params_std": 0.0, "time_iter": 0.05016, "time_iter_std": 0.0, "accuracy": 0.89744, "accuracy_std": 0.0, "precision": 0.86667, "precision_std": 0.0, "recall": 1.0, "recall_std": 0.0, "f1": 0.92857, "f1_std": 0.0, "auc": 1.0, "auc_std": 0.0}
{"epoch": 88, "time_epoch": 0.15279, "time_epoch_std": 0.0, "eta": 3.50269, "eta_std": 0.0, "eta_hours": 0.00097, "eta_hours_std": 0.0, "loss": 0.28847, "loss_std": 0.0, "lr": 4e-05, "lr_std": 0.0, "params": 9207.0, "params_std": 0.0, "time_iter": 0.05093, "time_iter_std": 0.0, "accuracy": 0.92308, "accuracy_std": 0.0, "precision": 0.89655, "precision_std": 0.0, "recall": 1.0, "recall_std": 0.0, "f1": 0.94545, "f1_std": 0.0, "auc": 1.0, "auc_std": 0.0}
{"epoch": 89, "time_epoch": 0.15674, "time_epoch_std": 0.0, "eta": 3.1663, "eta_std": 0.0, "eta_hours": 0.00088, "eta_hours_std": 0.0, "loss": 0.30112, "loss_std": 0.0, "lr": 3e-05, "lr_std": 0.0, "params": 9207.0, "params_std": 0.0, "time_iter": 0.05225, "time_iter_std": 0.0, "accuracy": 0.92308, "accuracy_std": 0.0, "precision": 0.89655, "precision_std": 0.0, "recall": 1.0, "recall_std": 0.0, "f1": 0.94545, "f1_std": 0.0, "auc": 0.98521, "auc_std": 0.0}
{"epoch": 90, "time_epoch": 0.15001, "time_epoch_std": 0.0, "eta": 2.83319, "eta_std": 0.0, "eta_hours": 0.00079, "eta_hours_std": 0.0, "loss": 0.27892, "loss_std": 0.0, "lr": 2e-05, "lr_std": 0.0, "params": 9207.0, "params_std": 0.0, "time_iter": 0.05, "time_iter_std": 0.0, "accuracy": 0.92308, "accuracy_std": 0.0, "precision": 0.89655, "precision_std": 0.0, "recall": 1.0, "recall_std": 0.0, "f1": 0.94545, "f1_std": 0.0, "auc": 1.0, "auc_std": 0.0}
{"epoch": 91, "time_epoch": 0.14701, "time_epoch_std": 0.0, "eta": 2.5038, "eta_std": 0.0, "eta_hours": 0.0007, "eta_hours_std": 0.0, "loss": 0.28452, "loss_std": 0.0, "lr": 2e-05, "lr_std": 0.0, "params": 9207.0, "params_std": 0.0, "time_iter": 0.049, "time_iter_std": 0.0, "accuracy": 0.94872, "accuracy_std": 0.0, "precision": 0.92857, "precision_std": 0.0, "recall": 1.0, "recall_std": 0.0, "f1": 0.96296, "f1_std": 0.0, "auc": 1.0, "auc_std": 0.0}
{"epoch": 92, "time_epoch": 0.14791, "time_epoch_std": 0.0, "eta": 2.1784, "eta_std": 0.0, "eta_hours": 0.00061, "eta_hours_std": 0.0, "loss": 0.28115, "loss_std": 0.0, "lr": 2e-05, "lr_std": 0.0, "params": 9207.0, "params_std": 0.0, "time_iter": 0.0493, "time_iter_std": 0.0, "accuracy": 0.92308, "accuracy_std": 0.0, "precision": 0.89655, "precision_std": 0.0, "recall": 1.0, "recall_std": 0.0, "f1": 0.94545, "f1_std": 0.0, "auc": 1.0, "auc_std": 0.0}
{"epoch": 93, "time_epoch": 0.13322, "time_epoch_std": 0.0, "eta": 1.85584, "eta_std": 0.0, "eta_hours": 0.00052, "eta_hours_std": 0.0, "loss": 0.30285, "loss_std": 0.0, "lr": 1e-05, "lr_std": 0.0, "params": 9207.0, "params_std": 0.0, "time_iter": 0.04441, "time_iter_std": 0.0, "accuracy": 0.89744, "accuracy_std": 0.0, "precision": 0.86667, "precision_std": 0.0, "recall": 1.0, "recall_std": 0.0, "f1": 0.92857, "f1_std": 0.0, "auc": 1.0, "auc_std": 0.0}
{"epoch": 94, "time_epoch": 0.12614, "time_epoch_std": 0.0, "eta": 1.53689, "eta_std": 0.0, "eta_hours": 0.00043, "eta_hours_std": 0.0, "loss": 0.29126, "loss_std": 0.0, "lr": 1e-05, "lr_std": 0.0, "params": 9207.0, "params_std": 0.0, "time_iter": 0.04205, "time_iter_std": 0.0, "accuracy": 0.89744, "accuracy_std": 0.0, "precision": 0.86667, "precision_std": 0.0, "recall": 1.0, "recall_std": 0.0, "f1": 0.92857, "f1_std": 0.0, "auc": 0.99408, "auc_std": 0.0}
{"epoch": 95, "time_epoch": 0.1263, "time_epoch_std": 0.0, "eta": 1.22197, "eta_std": 0.0, "eta_hours": 0.00034, "eta_hours_std": 0.0, "loss": 0.29367, "loss_std": 0.0, "lr": 1e-05, "lr_std": 0.0, "params": 9207.0, "params_std": 0.0, "time_iter": 0.0421, "time_iter_std": 0.0, "accuracy": 0.92308, "accuracy_std": 0.0, "precision": 0.89655, "precision_std": 0.0, "recall": 1.0, "recall_std": 0.0, "f1": 0.94545, "f1_std": 0.0, "auc": 1.0, "auc_std": 0.0}
{"epoch": 96, "time_epoch": 0.12622, "time_epoch_std": 0.0, "eta": 0.91093, "eta_std": 0.0, "eta_hours": 0.00025, "eta_hours_std": 0.0, "loss": 0.29274, "loss_std": 0.0, "lr": 0.0, "lr_std": 0.0, "params": 9207.0, "params_std": 0.0, "time_iter": 0.04207, "time_iter_std": 0.0, "accuracy": 0.94872, "accuracy_std": 0.0, "precision": 0.92857, "precision_std": 0.0, "recall": 1.0, "recall_std": 0.0, "f1": 0.96296, "f1_std": 0.0, "auc": 0.98817, "auc_std": 0.0}
{"epoch": 97, "time_epoch": 0.12494, "time_epoch_std": 0.0, "eta": 0.60364, "eta_std": 0.0, "eta_hours": 0.00017, "eta_hours_std": 0.0, "loss": 0.28146, "loss_std": 0.0, "lr": 0.0, "lr_std": 0.0, "params": 9207.0, "params_std": 0.0, "time_iter": 0.04165, "time_iter_std": 0.0, "accuracy": 0.92308, "accuracy_std": 0.0, "precision": 0.89655, "precision_std": 0.0, "recall": 1.0, "recall_std": 0.0, "f1": 0.94545, "f1_std": 0.0, "auc": 1.0, "auc_std": 0.0}
{"epoch": 98, "time_epoch": 0.12453, "time_epoch_std": 0.0, "eta": 0.30003, "eta_std": 0.0, "eta_hours": 8e-05, "eta_hours_std": 0.0, "loss": 0.32864, "loss_std": 0.0, "lr": 0.0, "lr_std": 0.0, "params": 9207.0, "params_std": 0.0, "time_iter": 0.04151, "time_iter_std": 0.0, "accuracy": 0.87179, "accuracy_std": 0.0, "precision": 0.83871, "precision_std": 0.0, "recall": 1.0, "recall_std": 0.0, "f1": 0.91228, "f1_std": 0.0, "auc": 0.96154, "auc_std": 0.0}
{"epoch": 99, "time_epoch": 0.1307, "time_epoch_std": 0.0, "eta": 0.0, "eta_std": 0.0, "eta_hours": 0.0, "eta_hours_std": 0.0, "loss": 0.28185, "loss_std": 0.0, "lr": 0.0, "lr_std": 0.0, "params": 9207.0, "params_std": 0.0, "time_iter": 0.04357, "time_iter_std": 0.0, "accuracy": 0.89744, "accuracy_std": 0.0, "precision": 0.86667, "precision_std": 0.0, "recall": 1.0, "recall_std": 0.0, "f1": 0.92857, "f1_std": 0.0, "auc": 1.0, "auc_std": 0.0}
