{"epoch": 81, "time_epoch": 22.13247, "time_epoch_std": 1.91762, "eta": 437.15363, "eta_std": 170.39076, "eta_hours": 0.12143, "eta_hours_std": 0.04733, "loss": 0.52871, "loss_std": 0.01093, "lr": 0.0001, "lr_std": 7e-05, "params": 6759.0, "params_std": 0.0, "time_iter": 0.04306, "time_iter_std": 0.00373, "accuracy": 0.76168, "accuracy_std": 0.00664, "accuracy_max": 0.77215, "precision": 0.75961, "precision_std": 0.01051, "recall": 0.76938, "recall_std": 0.0046, "f1": 0.76441, "f1_std": 0.00508, "auc": 0.84322, "auc_std": 0.00772}
