{"epoch": 0, "time_epoch": 36.34236, "time_epoch_std": 0.75509, "eta": 3597.89381, "eta_std": 74.75401, "eta_hours": 0.99942, "eta_hours_std": 0.02077, "loss": 0.66603, "loss_std": 0.00385, "lr": 0.001, "lr_std": 0.0, "params": 6759.0, "params_std": 0.0, "time_iter": 0.0707, "time_iter_std": 0.00147, "accuracy": 0.59761, "accuracy_std": 0.00552, "accuracy_max": 0.60711, "precision": 0.6146, "precision_std": 0.01968, "recall": 0.547, "recall_std": 0.07829, "f1": 0.57447, "f1_std": 0.03576, "auc": 0.63973, "auc_std": 0.00781}
{"epoch": 1, "time_epoch": 23.99598, "time_epoch_std": 1.51123, "eta": 2956.57872, "eta_std": 104.94069, "eta_hours": 0.82127, "eta_hours_std": 0.02915, "loss": 0.6493, "loss_std": 0.00277, "lr": 0.001, "lr_std": 0.0, "params": 6759.0, "params_std": 0.0, "time_iter": 0.04669, "time_iter_std": 0.00294, "accuracy": 0.63461, "accuracy_std": 0.00704, "accuracy_max": 0.64508, "precision": 0.63301, "precision_std": 0.00912, "recall": 0.64971, "recall_std": 0.00391, "f1": 0.6412, "f1_std": 0.00405, "auc": 0.67284, "auc_std": 0.00571}
{"epoch": 2, "time_epoch": 23.62921, "time_epoch_std": 1.01365, "eta": 2714.95083, "eta_std": 96.63101, "eta_hours": 0.75415, "eta_hours_std": 0.02684, "loss": 0.64678, "loss_std": 0.0057, "lr": 0.001, "lr_std": 0.0, "params": 6759.0, "params_std": 0.0, "time_iter": 0.04597, "time_iter_std": 0.00197, "accuracy": 0.63194, "accuracy_std": 0.01354, "accuracy_max": 0.65141, "precision": 0.63096, "precision_std": 0.0134, "recall": 0.64438, "recall_std": 0.01705, "f1": 0.63754, "f1_std": 0.01404, "auc": 0.67526, "auc_std": 0.01171}
{"epoch": 3, "time_epoch": 23.44054, "time_epoch_std": 0.83561, "eta": 2577.7942, "eta_std": 91.37327, "eta_hours": 0.71605, "eta_hours_std": 0.02538, "loss": 0.6435, "loss_std": 0.00574, "lr": 0.001, "lr_std": 0.0, "params": 6759.0, "params_std": 0.0, "time_iter": 0.0456, "time_iter_std": 0.00163, "accuracy": 0.6351, "accuracy_std": 0.00669, "accuracy_max": 0.64314, "precision": 0.63463, "precision_std": 0.00808, "recall": 0.64583, "recall_std": 0.02081, "f1": 0.63996, "f1_std": 0.00994, "auc": 0.68038, "auc_std": 0.00919}
{"epoch": 4, "time_epoch": 23.29189, "time_epoch_std": 0.7246, "eta": 2483.29969, "eta_std": 85.82635, "eta_hours": 0.68981, "eta_hours_std": 0.02384, "loss": 0.63527, "loss_std": 0.0041, "lr": 0.001, "lr_std": 0.0, "params": 6759.0, "params_std": 0.0, "time_iter": 0.04531, "time_iter_std": 0.00141, "accuracy": 0.64301, "accuracy_std": 0.00578, "accuracy_max": 0.65141, "precision": 0.64329, "precision_std": 0.00433, "recall": 0.64971, "recall_std": 0.0126, "f1": 0.64645, "f1_std": 0.008, "auc": 0.69346, "auc_std": 0.00631}
{"epoch": 5, "time_epoch": 23.57775, "time_epoch_std": 0.96496, "eta": 2417.01781, "eta_std": 85.86333, "eta_hours": 0.67139, "eta_hours_std": 0.02385, "loss": 0.63437, "loss_std": 0.00563, "lr": 0.00099, "lr_std": 0.0, "params": 6759.0, "params_std": 0.0, "time_iter": 0.04587, "time_iter_std": 0.00188, "accuracy": 0.64642, "accuracy_std": 0.01029, "accuracy_max": 0.66164, "precision": 0.64894, "precision_std": 0.01146, "recall": 0.64583, "recall_std": 0.01125, "f1": 0.64732, "f1_std": 0.00952, "auc": 0.69752, "auc_std": 0.00651}
{"epoch": 6, "time_epoch": 23.58923, "time_epoch_std": 0.9636, "eta": 2363.08957, "eta_std": 85.60979, "eta_hours": 0.65641, "eta_hours_std": 0.02378, "loss": 0.63072, "loss_std": 0.00076, "lr": 0.00099, "lr_std": 0.0, "params": 6759.0, "params_std": 0.0, "time_iter": 0.04589, "time_iter_std": 0.00188, "accuracy": 0.65385, "accuracy_std": 0.0056, "accuracy_max": 0.66066, "precision": 0.65639, "precision_std": 0.005, "recall": 0.65286, "recall_std": 0.01641, "f1": 0.65451, "f1_std": 0.00864, "auc": 0.7034, "auc_std": 0.00085}
{"epoch": 7, "time_epoch": 24.00276, "time_epoch_std": 0.32122, "eta": 2321.50178, "eta_std": 75.92544, "eta_hours": 0.64486, "eta_hours_std": 0.02109, "loss": 0.62854, "loss_std": 0.00277, "lr": 0.00099, "lr_std": 0.0, "params": 6759.0, "params_std": 0.0, "time_iter": 0.0467, "time_iter_std": 0.00063, "accuracy": 0.65945, "accuracy_std": 0.00571, "accuracy_max": 0.66456, "precision": 0.66453, "precision_std": 0.00502, "recall": 0.65068, "recall_std": 0.01366, "f1": 0.65746, "f1_std": 0.00805, "auc": 0.71202, "auc_std": 0.00677}
{"epoch": 8, "time_epoch": 23.69163, "time_epoch_std": 1.00228, "eta": 2280.67585, "eta_std": 76.87985, "eta_hours": 0.63352, "eta_hours_std": 0.02136, "loss": 0.62724, "loss_std": 0.00498, "lr": 0.00098, "lr_std": 0.0, "params": 6759.0, "params_std": 0.0, "time_iter": 0.04609, "time_iter_std": 0.00195, "accuracy": 0.6603, "accuracy_std": 0.00673, "accuracy_max": 0.67186, "precision": 0.66066, "precision_std": 0.00819, "recall": 0.66618, "recall_std": 0.00372, "f1": 0.66339, "f1_std": 0.00531, "auc": 0.71547, "auc_std": 0.01272}
{"epoch": 9, "time_epoch": 23.78617, "time_epoch_std": 1.10291, "eta": 2244.12767, "eta_std": 78.25263, "eta_hours": 0.62337, "eta_hours_std": 0.02174, "loss": 0.62328, "loss_std": 0.00322, "lr": 0.00098, "lr_std": 0.0, "params": 6759.0, "params_std": 0.0, "time_iter": 0.04628, "time_iter_std": 0.00214, "accuracy": 0.6631, "accuracy_std": 0.0066, "accuracy_max": 0.66894, "precision": 0.67002, "precision_std": 0.007, "recall": 0.64922, "recall_std": 0.00893, "f1": 0.65944, "f1_std": 0.00705, "auc": 0.7219, "auc_std": 0.00697}
{"epoch": 10, "time_epoch": 23.70204, "time_epoch_std": 1.05531, "eta": 2209.2192, "eta_std": 78.87175, "eta_hours": 0.61367, "eta_hours_std": 0.02191, "loss": 0.62193, "loss_std": 0.00713, "lr": 0.00098, "lr_std": 0.0, "params": 6759.0, "params_std": 0.0, "time_iter": 0.04612, "time_iter_std": 0.00205, "accuracy": 0.66638, "accuracy_std": 0.01113, "accuracy_max": 0.68354, "precision": 0.66686, "precision_std": 0.01434, "recall": 0.67224, "recall_std": 0.00773, "f1": 0.66946, "f1_std": 0.00857, "auc": 0.7249, "auc_std": 0.01256}
{"epoch": 11, "time_epoch": 24.16838, "time_epoch_std": 1.58824, "eta": 2179.59826, "eta_std": 81.9515, "eta_hours": 0.60544, "eta_hours_std": 0.02277, "loss": 0.61625, "loss_std": 0.00576, "lr": 0.00097, "lr_std": 0.0, "params": 6759.0, "params_std": 0.0, "time_iter": 0.04702, "time_iter_std": 0.00309, "accuracy": 0.67661, "accuracy_std": 0.00322, "accuracy_max": 0.6816, "precision": 0.67625, "precision_std": 0.00557, "recall": 0.68386, "recall_std": 0.00537, "f1": 0.68, "f1_std": 0.00185, "auc": 0.73363, "auc_std": 0.00938}
{"epoch": 12, "time_epoch": 24.49495, "time_epoch_std": 2.03844, "eta": 2153.00167, "eta_std": 86.51423, "eta_hours": 0.59806, "eta_hours_std": 0.02403, "loss": 0.61186, "loss_std": 0.0029, "lr": 0.00096, "lr_std": 0.0, "params": 6759.0, "params_std": 0.0, "time_iter": 0.04766, "time_iter_std": 0.00397, "accuracy": 0.67856, "accuracy_std": 0.01074, "accuracy_max": 0.69377, "precision": 0.68051, "precision_std": 0.01176, "recall": 0.67926, "recall_std": 0.01012, "f1": 0.67986, "f1_std": 0.00998, "auc": 0.74277, "auc_std": 0.01163}
{"epoch": 13, "time_epoch": 24.47694, "time_epoch_std": 2.02582, "eta": 2126.59472, "eta_std": 90.51594, "eta_hours": 0.59072, "eta_hours_std": 0.02514, "loss": 0.61142, "loss_std": 0.00916, "lr": 0.00096, "lr_std": 0.0, "params": 6759.0, "params_std": 0.0, "time_iter": 0.04762, "time_iter_std": 0.00394, "accuracy": 0.67965, "accuracy_std": 0.00897, "accuracy_max": 0.68793, "precision": 0.68197, "precision_std": 0.00981, "recall": 0.67926, "recall_std": 0.01115, "f1": 0.68057, "f1_std": 0.00901, "auc": 0.74535, "auc_std": 0.01414}
{"epoch": 14, "time_epoch": 24.48663, "time_epoch_std": 2.0438, "eta": 2100.5, "eta_std": 94.06723, "eta_hours": 0.58348, "eta_hours_std": 0.02613, "loss": 0.6073, "loss_std": 0.00718, "lr": 0.00095, "lr_std": 0.0, "params": 6759.0, "params_std": 0.0, "time_iter": 0.04764, "time_iter_std": 0.00398, "accuracy": 0.68878, "accuracy_std": 0.00759, "accuracy_max": 0.69572, "precision": 0.69383, "precision_std": 0.01091, "recall": 0.68169, "recall_std": 0.01038, "f1": 0.6876, "f1_std": 0.00648, "auc": 0.75101, "auc_std": 0.00991}
{"epoch": 15, "time_epoch": 23.74581, "time_epoch_std": 1.16415, "eta": 2070.71694, "eta_std": 93.12964, "eta_hours": 0.5752, "eta_hours_std": 0.02587, "loss": 0.5965, "loss_std": 0.01007, "lr": 0.00095, "lr_std": 0.0, "params": 6759.0, "params_std": 0.0, "time_iter": 0.0462, "time_iter_std": 0.00227, "accuracy": 0.69389, "accuracy_std": 0.01035, "accuracy_max": 0.70886, "precision": 0.69467, "precision_std": 0.01112, "recall": 0.69743, "recall_std": 0.01668, "f1": 0.69594, "f1_std": 0.0112, "auc": 0.76274, "auc_std": 0.01229}
{"epoch": 16, "time_epoch": 24.13548, "time_epoch_std": 1.56067, "eta": 2043.54666, "eta_std": 94.07098, "eta_hours": 0.56765, "eta_hours_std": 0.02613, "loss": 0.59982, "loss_std": 0.00287, "lr": 0.00094, "lr_std": 0.0, "params": 6759.0, "params_std": 0.0, "time_iter": 0.04696, "time_iter_std": 0.00304, "accuracy": 0.69462, "accuracy_std": 0.00876, "accuracy_max": 0.70837, "precision": 0.69578, "precision_std": 0.00695, "recall": 0.69695, "recall_std": 0.02051, "f1": 0.69622, "f1_std": 0.01173, "auc": 0.76322, "auc_std": 0.00802}
{"epoch": 17, "time_epoch": 24.11943, "time_epoch_std": 1.53227, "eta": 2016.6405, "eta_std": 94.64117, "eta_hours": 0.56018, "eta_hours_std": 0.02629, "loss": 0.59604, "loss_std": 0.00861, "lr": 0.00093, "lr_std": 0.0, "params": 6759.0, "params_std": 0.0, "time_iter": 0.04692, "time_iter_std": 0.00298, "accuracy": 0.6956, "accuracy_std": 0.00799, "accuracy_max": 0.70351, "precision": 0.69834, "precision_std": 0.00662, "recall": 0.6938, "recall_std": 0.01517, "f1": 0.696, "f1_std": 0.00989, "auc": 0.76586, "auc_std": 0.00787}
{"epoch": 18, "time_epoch": 24.0112, "time_epoch_std": 1.49805, "eta": 1989.56625, "eta_std": 94.72728, "eta_hours": 0.55266, "eta_hours_std": 0.02631, "loss": 0.59548, "loss_std": 0.00602, "lr": 0.00092, "lr_std": 0.0, "params": 6759.0, "params_std": 0.0, "time_iter": 0.04671, "time_iter_std": 0.00291, "accuracy": 0.7018, "accuracy_std": 0.01259, "accuracy_max": 0.71519, "precision": 0.70452, "precision_std": 0.00908, "recall": 0.69986, "recall_std": 0.02566, "f1": 0.70203, "f1_std": 0.01645, "auc": 0.76932, "auc_std": 0.01172}
{"epoch": 19, "time_epoch": 23.91031, "time_epoch_std": 1.48414, "eta": 1962.39476, "eta_std": 94.50139, "eta_hours": 0.54511, "eta_hours_std": 0.02625, "loss": 0.59373, "loss_std": 0.00664, "lr": 0.00091, "lr_std": 0.0, "params": 6759.0, "params_std": 0.0, "time_iter": 0.04652, "time_iter_std": 0.00289, "accuracy": 0.69474, "accuracy_std": 0.01434, "accuracy_max": 0.70643, "precision": 0.6966, "precision_std": 0.01282, "recall": 0.69501, "recall_std": 0.01918, "f1": 0.69578, "f1_std": 0.01572, "auc": 0.76988, "auc_std": 0.01243}
{"epoch": 20, "time_epoch": 23.92929, "time_epoch_std": 1.46099, "eta": 1935.60527, "eta_std": 94.11834, "eta_hours": 0.53767, "eta_hours_std": 0.02615, "loss": 0.58915, "loss_std": 0.00596, "lr": 0.0009, "lr_std": 0.0, "params": 6759.0, "params_std": 0.0, "time_iter": 0.04656, "time_iter_std": 0.00284, "accuracy": 0.70022, "accuracy_std": 0.00983, "accuracy_max": 0.7147, "precision": 0.70106, "precision_std": 0.00732, "recall": 0.70325, "recall_std": 0.02494, "f1": 0.70194, "f1_std": 0.01386, "auc": 0.77394, "auc_std": 0.00989}
{"epoch": 21, "time_epoch": 23.96181, "time_epoch_std": 1.54991, "eta": 1909.1911, "eta_std": 93.92815, "eta_hours": 0.53033, "eta_hours_std": 0.02609, "loss": 0.58694, "loss_std": 0.0112, "lr": 0.0009, "lr_std": 0.0, "params": 6759.0, "params_std": 0.0, "time_iter": 0.04662, "time_iter_std": 0.00302, "accuracy": 0.7063, "accuracy_std": 0.01448, "accuracy_max": 0.72493, "precision": 0.7069, "precision_std": 0.01235, "recall": 0.70955, "recall_std": 0.02359, "f1": 0.70812, "f1_std": 0.01668, "auc": 0.78102, "auc_std": 0.01233}
{"epoch": 22, "time_epoch": 23.91668, "time_epoch_std": 1.46418, "eta": 1882.83906, "eta_std": 93.40769, "eta_hours": 0.52301, "eta_hours_std": 0.02595, "loss": 0.58245, "loss_std": 0.00507, "lr": 0.00089, "lr_std": 0.0, "params": 6759.0, "params_std": 0.0, "time_iter": 0.04653, "time_iter_std": 0.00285, "accuracy": 0.70862, "accuracy_std": 0.01203, "accuracy_max": 0.7186, "precision": 0.70961, "precision_std": 0.00874, "recall": 0.71076, "recall_std": 0.0221, "f1": 0.71009, "f1_std": 0.0149, "auc": 0.78201, "auc_std": 0.01075}
{"epoch": 23, "time_epoch": 23.9346, "time_epoch_std": 1.50521, "eta": 1856.74672, "eta_std": 92.9417, "eta_hours": 0.51576, "eta_hours_std": 0.02582, "loss": 0.58608, "loss_std": 0.00679, "lr": 0.00088, "lr_std": 0.0, "params": 6759.0, "params_std": 0.0, "time_iter": 0.04656, "time_iter_std": 0.00293, "accuracy": 0.70935, "accuracy_std": 0.01087, "accuracy_max": 0.72152, "precision": 0.71259, "precision_std": 0.00906, "recall": 0.70639, "recall_std": 0.02153, "f1": 0.70935, "f1_std": 0.01369, "auc": 0.78128, "auc_std": 0.01154}
{"epoch": 24, "time_epoch": 23.9145, "time_epoch_std": 1.49062, "eta": 1830.7667, "eta_std": 92.38604, "eta_hours": 0.50854, "eta_hours_std": 0.02567, "loss": 0.58369, "loss_std": 0.00853, "lr": 0.00086, "lr_std": 0.0, "params": 6759.0, "params_std": 0.0, "time_iter": 0.04652, "time_iter_std": 0.0029, "accuracy": 0.71288, "accuracy_std": 0.00775, "accuracy_max": 0.72541, "precision": 0.71799, "precision_std": 0.00844, "recall": 0.70591, "recall_std": 0.01428, "f1": 0.71181, "f1_std": 0.00882, "auc": 0.78492, "auc_std": 0.00897}
{"epoch": 25, "time_epoch": 23.91596, "time_epoch_std": 1.48387, "eta": 1804.94973, "eta_std": 91.75338, "eta_hours": 0.50138, "eta_hours_std": 0.02549, "loss": 0.58006, "loss_std": 0.00784, "lr": 0.00085, "lr_std": 0.0, "params": 6759.0, "params_std": 0.0, "time_iter": 0.04653, "time_iter_std": 0.00289, "accuracy": 0.71385, "accuracy_std": 0.00984, "accuracy_max": 0.7259, "precision": 0.71571, "precision_std": 0.00829, "recall": 0.71415, "recall_std": 0.01978, "f1": 0.71481, "f1_std": 0.01233, "auc": 0.78791, "auc_std": 0.01136}
{"epoch": 26, "time_epoch": 23.93224, "time_epoch_std": 1.51973, "eta": 1779.31761, "eta_std": 91.14819, "eta_hours": 0.49426, "eta_hours_std": 0.02532, "loss": 0.5835, "loss_std": 0.00797, "lr": 0.00084, "lr_std": 0.0, "params": 6759.0, "params_std": 0.0, "time_iter": 0.04656, "time_iter_std": 0.00296, "accuracy": 0.71446, "accuracy_std": 0.00935, "accuracy_max": 0.72395, "precision": 0.71755, "precision_std": 0.0053, "recall": 0.71172, "recall_std": 0.01994, "f1": 0.71453, "f1_std": 0.01241, "auc": 0.78631, "auc_std": 0.00951}
{"epoch": 27, "time_epoch": 23.92001, "time_epoch_std": 1.49816, "eta": 1753.77544, "eta_std": 90.44635, "eta_hours": 0.48716, "eta_hours_std": 0.02512, "loss": 0.57644, "loss_std": 0.00303, "lr": 0.00083, "lr_std": 0.0, "params": 6759.0, "params_std": 0.0, "time_iter": 0.04654, "time_iter_std": 0.00292, "accuracy": 0.7197, "accuracy_std": 0.00576, "accuracy_max": 0.72639, "precision": 0.72136, "precision_std": 0.00552, "recall": 0.72045, "recall_std": 0.01448, "f1": 0.72082, "f1_std": 0.0076, "auc": 0.79357, "auc_std": 0.00621}
{"epoch": 28, "time_epoch": 23.93806, "time_epoch_std": 1.48436, "eta": 1728.38933, "eta_std": 89.666, "eta_hours": 0.48011, "eta_hours_std": 0.02491, "loss": 0.56974, "loss_std": 0.01177, "lr": 0.00082, "lr_std": 0.0, "params": 6759.0, "params_std": 0.0, "time_iter": 0.04657, "time_iter_std": 0.00289, "accuracy": 0.71969, "accuracy_std": 0.00541, "accuracy_max": 0.72298, "precision": 0.7234, "precision_std": 0.0029, "recall": 0.71584, "recall_std": 0.01675, "f1": 0.7195, "f1_std": 0.00855, "auc": 0.79492, "auc_std": 0.01266}
{"epoch": 29, "time_epoch": 23.91039, "time_epoch_std": 1.50155, "eta": 1703.03522, "eta_std": 88.88545, "eta_hours": 0.47306, "eta_hours_std": 0.02469, "loss": 0.57286, "loss_std": 0.00813, "lr": 0.00081, "lr_std": 0.0, "params": 6759.0, "params_std": 0.0, "time_iter": 0.04652, "time_iter_std": 0.00292, "accuracy": 0.71884, "accuracy_std": 0.00898, "accuracy_max": 0.72833, "precision": 0.72336, "precision_std": 0.00982, "recall": 0.71342, "recall_std": 0.01871, "f1": 0.7182, "f1_std": 0.01063, "auc": 0.79672, "auc_std": 0.00794}
{"epoch": 30, "time_epoch": 23.92044, "time_epoch_std": 1.4808, "eta": 1677.79661, "eta_std": 88.01914, "eta_hours": 0.46606, "eta_hours_std": 0.02445, "loss": 0.57516, "loss_std": 0.00661, "lr": 0.00079, "lr_std": 0.0, "params": 6759.0, "params_std": 0.0, "time_iter": 0.04654, "time_iter_std": 0.00288, "accuracy": 0.72517, "accuracy_std": 0.01058, "accuracy_max": 0.73856, "precision": 0.72364, "precision_std": 0.00713, "recall": 0.7328, "recall_std": 0.02285, "f1": 0.72806, "f1_std": 0.0135, "auc": 0.79616, "auc_std": 0.00678}
{"epoch": 31, "time_epoch": 23.9106, "time_epoch_std": 1.48469, "eta": 1652.61946, "eta_std": 87.1281, "eta_hours": 0.45906, "eta_hours_std": 0.0242, "loss": 0.5691, "loss_std": 0.00393, "lr": 0.00078, "lr_std": 0.0, "params": 6759.0, "params_std": 0.0, "time_iter": 0.04652, "time_iter_std": 0.00289, "accuracy": 0.72626, "accuracy_std": 0.00702, "accuracy_max": 0.73661, "precision": 0.72795, "precision_std": 0.00564, "recall": 0.72674, "recall_std": 0.0109, "f1": 0.72733, "f1_std": 0.00797, "auc": 0.8013, "auc_std": 0.00601}
{"epoch": 32, "time_epoch": 23.89816, "time_epoch_std": 1.53289, "eta": 1627.49382, "eta_std": 86.30791, "eta_hours": 0.45208, "eta_hours_std": 0.02398, "loss": 0.57572, "loss_std": 0.00174, "lr": 0.00077, "lr_std": 0.0, "params": 6759.0, "params_std": 0.0, "time_iter": 0.0465, "time_iter_std": 0.00298, "accuracy": 0.72298, "accuracy_std": 0.01105, "accuracy_max": 0.73905, "precision": 0.72685, "precision_std": 0.0062, "recall": 0.71851, "recall_std": 0.02294, "f1": 0.72254, "f1_std": 0.01429, "auc": 0.79878, "auc_std": 0.00694}
{"epoch": 33, "time_epoch": 23.90565, "time_epoch_std": 1.51033, "eta": 1602.45493, "eta_std": 85.41177, "eta_hours": 0.44513, "eta_hours_std": 0.02373, "loss": 0.56616, "loss_std": 0.00976, "lr": 0.00075, "lr_std": 0.0, "params": 6759.0, "params_std": 0.0, "time_iter": 0.04651, "time_iter_std": 0.00294, "accuracy": 0.7287, "accuracy_std": 0.01362, "accuracy_max": 0.74245, "precision": 0.7303, "precision_std": 0.01012, "recall": 0.72917, "recall_std": 0.02382, "f1": 0.72963, "f1_std": 0.01612, "auc": 0.80277, "auc_std": 0.01052}
{"epoch": 34, "time_epoch": 23.92006, "time_epoch_std": 1.49057, "eta": 1577.50756, "eta_std": 84.44052, "eta_hours": 0.4382, "eta_hours_std": 0.02346, "loss": 0.56508, "loss_std": 0.00322, "lr": 0.00074, "lr_std": 0.0, "params": 6759.0, "params_std": 0.0, "time_iter": 0.04654, "time_iter_std": 0.0029, "accuracy": 0.7377, "accuracy_std": 0.00432, "accuracy_max": 0.74099, "precision": 0.73886, "precision_std": 0.00783, "recall": 0.73958, "recall_std": 0.01355, "f1": 0.7391, "f1_std": 0.00535, "auc": 0.80723, "auc_std": 0.0049}
{"epoch": 35, "time_epoch": 23.91963, "time_epoch_std": 1.48933, "eta": 1552.61649, "eta_std": 83.44316, "eta_hours": 0.43128, "eta_hours_std": 0.02318, "loss": 0.56958, "loss_std": 0.00432, "lr": 0.00073, "lr_std": 0.0, "params": 6759.0, "params_std": 0.0, "time_iter": 0.04654, "time_iter_std": 0.0029, "accuracy": 0.72906, "accuracy_std": 0.00425, "accuracy_max": 0.73369, "precision": 0.72738, "precision_std": 0.00754, "recall": 0.7374, "recall_std": 0.01712, "f1": 0.73218, "f1_std": 0.00655, "auc": 0.80737, "auc_std": 0.00372}
{"epoch": 36, "time_epoch": 23.92, "time_epoch_std": 1.48976, "eta": 1527.77856, "eta_std": 82.42405, "eta_hours": 0.42438, "eta_hours_std": 0.0229, "loss": 0.56506, "loss_std": 0.00788, "lr": 0.00071, "lr_std": 0.0, "params": 6759.0, "params_std": 0.0, "time_iter": 0.04654, "time_iter_std": 0.0029, "accuracy": 0.73381, "accuracy_std": 0.00893, "accuracy_max": 0.74537, "precision": 0.73271, "precision_std": 0.01132, "recall": 0.74056, "recall_std": 0.01062, "f1": 0.73654, "f1_std": 0.00834, "auc": 0.80956, "auc_std": 0.00595}
{"epoch": 37, "time_epoch": 23.92606, "time_epoch_std": 1.4806, "eta": 1502.99882, "eta_std": 81.36696, "eta_hours": 0.4175, "eta_hours_std": 0.0226, "loss": 0.56087, "loss_std": 0.00952, "lr": 0.0007, "lr_std": 0.0, "params": 6759.0, "params_std": 0.0, "time_iter": 0.04655, "time_iter_std": 0.00288, "accuracy": 0.73905, "accuracy_std": 0.01214, "accuracy_max": 0.75609, "precision": 0.7432, "precision_std": 0.01061, "recall": 0.73426, "recall_std": 0.01632, "f1": 0.73868, "f1_std": 0.01319, "auc": 0.81316, "auc_std": 0.00858}
{"epoch": 38, "time_epoch": 23.91348, "time_epoch_std": 1.49658, "eta": 1478.2432, "eta_std": 80.31859, "eta_hours": 0.41062, "eta_hours_std": 0.02231, "loss": 0.56768, "loss_std": 0.00901, "lr": 0.00068, "lr_std": 0.0, "params": 6759.0, "params_std": 0.0, "time_iter": 0.04652, "time_iter_std": 0.00291, "accuracy": 0.73503, "accuracy_std": 0.00567, "accuracy_max": 0.74343, "precision": 0.7333, "precision_std": 0.00349, "recall": 0.74273, "recall_std": 0.01174, "f1": 0.73795, "f1_std": 0.00711, "auc": 0.80898, "auc_std": 0.00703}
{"epoch": 39, "time_epoch": 23.92621, "time_epoch_std": 1.48864, "eta": 1453.54878, "eta_std": 79.23353, "eta_hours": 0.40376, "eta_hours_std": 0.02201, "loss": 0.56261, "loss_std": 0.00749, "lr": 0.00067, "lr_std": 0.0, "params": 6759.0, "params_std": 0.0, "time_iter": 0.04655, "time_iter_std": 0.00289, "accuracy": 0.74014, "accuracy_std": 0.00923, "accuracy_max": 0.75073, "precision": 0.74213, "precision_std": 0.00771, "recall": 0.73982, "recall_std": 0.01412, "f1": 0.74094, "f1_std": 0.01029, "auc": 0.81354, "auc_std": 0.00866}
{"epoch": 40, "time_epoch": 23.87472, "time_epoch_std": 1.54468, "eta": 1428.81772, "eta_std": 78.2185, "eta_hours": 0.39689, "eta_hours_std": 0.02173, "loss": 0.56948, "loss_std": 0.00243, "lr": 0.00065, "lr_std": 0.0, "params": 6759.0, "params_std": 0.0, "time_iter": 0.04645, "time_iter_std": 0.00301, "accuracy": 0.73162, "accuracy_std": 0.00604, "accuracy_max": 0.73856, "precision": 0.73344, "precision_std": 0.00164, "recall": 0.73183, "recall_std": 0.0193, "f1": 0.7325, "f1_std": 0.0096, "auc": 0.80632, "auc_std": 0.0056}
{"epoch": 41, "time_epoch": 23.94983, "time_epoch_std": 1.46733, "eta": 1404.23118, "eta_std": 77.06453, "eta_hours": 0.39006, "eta_hours_std": 0.02141, "loss": 0.55941, "loss_std": 0.01207, "lr": 0.00064, "lr_std": 0.0, "params": 6759.0, "params_std": 0.0, "time_iter": 0.04659, "time_iter_std": 0.00286, "accuracy": 0.74476, "accuracy_std": 0.00518, "accuracy_max": 0.75316, "precision": 0.74528, "precision_std": 0.00448, "recall": 0.74758, "recall_std": 0.01454, "f1": 0.74634, "f1_std": 0.00717, "auc": 0.81504, "auc_std": 0.00479}
{"epoch": 42, "time_epoch": 23.94925, "time_epoch_std": 1.48821, "eta": 1379.67348, "eta_std": 75.92557, "eta_hours": 0.38324, "eta_hours_std": 0.02109, "loss": 0.55528, "loss_std": 0.00462, "lr": 0.00062, "lr_std": 0.0, "params": 6759.0, "params_std": 0.0, "time_iter": 0.04659, "time_iter_std": 0.00289, "accuracy": 0.74538, "accuracy_std": 0.007, "accuracy_max": 0.75609, "precision": 0.74213, "precision_std": 0.00505, "recall": 0.75582, "recall_std": 0.01348, "f1": 0.74887, "f1_std": 0.00837, "auc": 0.8169, "auc_std": 0.00533}
{"epoch": 43, "time_epoch": 23.96116, "time_epoch_std": 1.55401, "eta": 1355.1586, "eta_std": 74.85691, "eta_hours": 0.37644, "eta_hours_std": 0.02079, "loss": 0.55853, "loss_std": 0.00664, "lr": 0.00061, "lr_std": 0.0, "params": 6759.0, "params_std": 0.0, "time_iter": 0.04662, "time_iter_std": 0.00302, "accuracy": 0.73637, "accuracy_std": 0.01046, "accuracy_max": 0.75024, "precision": 0.73764, "precision_std": 0.01072, "recall": 0.73789, "recall_std": 0.01842, "f1": 0.73763, "f1_std": 0.01165, "auc": 0.81399, "auc_std": 0.00569}
{"epoch": 44, "time_epoch": 24.12552, "time_epoch_std": 1.79368, "eta": 1330.86923, "eta_std": 74.02904, "eta_hours": 0.36969, "eta_hours_std": 0.02056, "loss": 0.55668, "loss_std": 0.00694, "lr": 0.00059, "lr_std": 0.0, "params": 6759.0, "params_std": 0.0, "time_iter": 0.04694, "time_iter_std": 0.00349, "accuracy": 0.74477, "accuracy_std": 0.01087, "accuracy_max": 0.76047, "precision": 0.74048, "precision_std": 0.00555, "recall": 0.75727, "recall_std": 0.0221, "f1": 0.74868, "f1_std": 0.01352, "auc": 0.81926, "auc_std": 0.0076}
{"epoch": 45, "time_epoch": 24.06311, "time_epoch_std": 1.83466, "eta": 1306.5137, "eta_std": 73.22619, "eta_hours": 0.36292, "eta_hours_std": 0.02034, "loss": 0.5589, "loss_std": 0.01071, "lr": 0.00058, "lr_std": 0.0, "params": 6759.0, "params_std": 0.0, "time_iter": 0.04682, "time_iter_std": 0.00357, "accuracy": 0.74196, "accuracy_std": 0.0066, "accuracy_max": 0.75073, "precision": 0.73858, "precision_std": 0.00271, "recall": 0.7529, "recall_std": 0.01718, "f1": 0.74559, "f1_std": 0.00911, "auc": 0.82028, "auc_std": 0.00573}
{"epoch": 46, "time_epoch": 24.03723, "time_epoch_std": 1.82562, "eta": 1282.14143, "eta_std": 72.37518, "eta_hours": 0.35615, "eta_hours_std": 0.02011, "loss": 0.56025, "loss_std": 0.01297, "lr": 0.00056, "lr_std": 0.0, "params": 6759.0, "params_std": 0.0, "time_iter": 0.04677, "time_iter_std": 0.00355, "accuracy": 0.73856, "accuracy_std": 0.00596, "accuracy_max": 0.74537, "precision": 0.74006, "precision_std": 0.00339, "recall": 0.73934, "recall_std": 0.01558, "f1": 0.73962, "f1_std": 0.00834, "auc": 0.81756, "auc_std": 0.00651}
{"epoch": 47, "time_epoch": 24.0949, "time_epoch_std": 1.74574, "eta": 1257.8456, "eta_std": 71.39053, "eta_hours": 0.3494, "eta_hours_std": 0.01983, "loss": 0.55442, "loss_std": 0.00813, "lr": 0.00055, "lr_std": 0.0, "params": 6759.0, "params_std": 0.0, "time_iter": 0.04688, "time_iter_std": 0.0034, "accuracy": 0.74781, "accuracy_std": 0.0106, "accuracy_max": 0.76436, "precision": 0.74773, "precision_std": 0.0059, "recall": 0.75146, "recall_std": 0.0201, "f1": 0.74952, "f1_std": 0.01284, "auc": 0.82319, "auc_std": 0.00724}
{"epoch": 48, "time_epoch": 24.11902, "time_epoch_std": 1.80679, "eta": 1233.58308, "eta_std": 70.43931, "eta_hours": 0.34266, "eta_hours_std": 0.01957, "loss": 0.55629, "loss_std": 0.00319, "lr": 0.00053, "lr_std": 0.0, "params": 6759.0, "params_std": 0.0, "time_iter": 0.04692, "time_iter_std": 0.00352, "accuracy": 0.74342, "accuracy_std": 0.00516, "accuracy_max": 0.74927, "precision": 0.74446, "precision_std": 0.00396, "recall": 0.74516, "recall_std": 0.01442, "f1": 0.74473, "f1_std": 0.0073, "auc": 0.81933, "auc_std": 0.00625}
{"epoch": 49, "time_epoch": 24.09328, "time_epoch_std": 1.75054, "eta": 1209.30054, "eta_std": 69.40083, "eta_hours": 0.33592, "eta_hours_std": 0.01928, "loss": 0.55533, "loss_std": 0.01373, "lr": 0.00052, "lr_std": 0.0, "params": 6759.0, "params_std": 0.0, "time_iter": 0.04687, "time_iter_std": 0.00341, "accuracy": 0.74269, "accuracy_std": 0.00855, "accuracy_max": 0.75219, "precision": 0.7444, "precision_std": 0.00928, "recall": 0.74322, "recall_std": 0.01563, "f1": 0.7437, "f1_std": 0.00956, "auc": 0.82078, "auc_std": 0.0086}
{"epoch": 50, "time_epoch": 24.07735, "time_epoch_std": 1.77689, "eta": 1185.01014, "eta_std": 68.35921, "eta_hours": 0.32917, "eta_hours_std": 0.01899, "loss": 0.55303, "loss_std": 0.00949, "lr": 0.0005, "lr_std": 0.0, "params": 6759.0, "params_std": 0.0, "time_iter": 0.04684, "time_iter_std": 0.00346, "accuracy": 0.74683, "accuracy_std": 0.00764, "accuracy_max": 0.75657, "precision": 0.74834, "precision_std": 0.00828, "recall": 0.74758, "recall_std": 0.0091, "f1": 0.74794, "f1_std": 0.00762, "auc": 0.82248, "auc_std": 0.00761}
{"epoch": 51, "time_epoch": 24.22088, "time_epoch_std": 1.71944, "eta": 1160.86041, "eta_std": 67.23453, "eta_hours": 0.32246, "eta_hours_std": 0.01868, "loss": 0.54778, "loss_std": 0.00693, "lr": 0.00048, "lr_std": 0.0, "params": 6759.0, "params_std": 0.0, "time_iter": 0.04712, "time_iter_std": 0.00335, "accuracy": 0.75085, "accuracy_std": 0.00433, "accuracy_max": 0.75609, "precision": 0.75273, "precision_std": 0.00805, "recall": 0.75097, "recall_std": 0.004, "f1": 0.7518, "f1_std": 0.00267, "auc": 0.8246, "auc_std": 0.0029}
{"epoch": 52, "time_epoch": 24.20357, "time_epoch_std": 1.72444, "eta": 1136.69265, "eta_std": 66.09408, "eta_hours": 0.31575, "eta_hours_std": 0.01836, "loss": 0.54167, "loss_std": 0.00495, "lr": 0.00047, "lr_std": 0.0, "params": 6759.0, "params_std": 0.0, "time_iter": 0.04709, "time_iter_std": 0.00335, "accuracy": 0.75256, "accuracy_std": 0.00717, "accuracy_max": 0.75901, "precision": 0.75816, "precision_std": 0.00471, "recall": 0.74516, "recall_std": 0.01365, "f1": 0.75156, "f1_std": 0.00876, "auc": 0.82924, "auc_std": 0.0046}
{"epoch": 53, "time_epoch": 24.33783, "time_epoch_std": 1.70404, "eta": 1112.63793, "eta_std": 64.88808, "eta_hours": 0.30907, "eta_hours_std": 0.01802, "loss": 0.55253, "loss_std": 0.0011, "lr": 0.00045, "lr_std": 0.0, "params": 6759.0, "params_std": 0.0, "time_iter": 0.04735, "time_iter_std": 0.00332, "accuracy": 0.75036, "accuracy_std": 0.00305, "accuracy_max": 0.75316, "precision": 0.75044, "precision_std": 0.00176, "recall": 0.75388, "recall_std": 0.01059, "f1": 0.75211, "f1_std": 0.00483, "auc": 0.82425, "auc_std": 0.00269}
{"epoch": 54, "time_epoch": 24.34187, "time_epoch_std": 1.74607, "eta": 1088.57622, "eta_std": 63.70361, "eta_hours": 0.30238, "eta_hours_std": 0.0177, "loss": 0.54265, "loss_std": 0.00923, "lr": 0.00044, "lr_std": 0.0, "params": 6759.0, "params_std": 0.0, "time_iter": 0.04736, "time_iter_std": 0.0034, "accuracy": 0.75146, "accuracy_std": 0.00726, "accuracy_max": 0.7629, "precision": 0.7507, "precision_std": 0.00484, "recall": 0.75654, "recall_std": 0.01472, "f1": 0.75356, "f1_std": 0.00882, "auc": 0.82798, "auc_std": 0.00693}
{"epoch": 55, "time_epoch": 24.15553, "time_epoch_std": 1.7161, "eta": 1064.3581, "eta_std": 62.50717, "eta_hours": 0.29566, "eta_hours_std": 0.01736, "loss": 0.54913, "loss_std": 0.01192, "lr": 0.00042, "lr_std": 0.0, "params": 6759.0, "params_std": 0.0, "time_iter": 0.047, "time_iter_std": 0.00334, "accuracy": 0.75292, "accuracy_std": 0.00368, "accuracy_max": 0.75901, "precision": 0.75211, "precision_std": 0.00385, "recall": 0.75824, "recall_std": 0.01408, "f1": 0.75507, "f1_std": 0.00589, "auc": 0.82913, "auc_std": 0.00551}
{"epoch": 56, "time_epoch": 24.07355, "time_epoch_std": 1.7174, "eta": 1040.08033, "eta_std": 61.29816, "eta_hours": 0.28891, "eta_hours_std": 0.01703, "loss": 0.54439, "loss_std": 0.0101, "lr": 0.00041, "lr_std": 0.0, "params": 6759.0, "params_std": 0.0, "time_iter": 0.04684, "time_iter_std": 0.00334, "accuracy": 0.75353, "accuracy_std": 0.00719, "accuracy_max": 0.76193, "precision": 0.75418, "precision_std": 0.00669, "recall": 0.75582, "recall_std": 0.01023, "f1": 0.75497, "f1_std": 0.00766, "auc": 0.82898, "auc_std": 0.0086}
{"epoch": 57, "time_epoch": 24.09405, "time_epoch_std": 1.72975, "eta": 1015.82444, "eta_std": 60.08005, "eta_hours": 0.28217, "eta_hours_std": 0.01669, "loss": 0.54211, "loss_std": 0.00378, "lr": 0.00039, "lr_std": 0.0, "params": 6759.0, "params_std": 0.0, "time_iter": 0.04687, "time_iter_std": 0.00336, "accuracy": 0.75523, "accuracy_std": 0.00818, "accuracy_max": 0.76728, "precision": 0.7551, "precision_std": 0.0054, "recall": 0.75896, "recall_std": 0.01639, "f1": 0.75696, "f1_std": 0.00987, "auc": 0.83187, "auc_std": 0.00326}
{"epoch": 58, "time_epoch": 24.27304, "time_epoch_std": 1.72344, "eta": 991.69842, "eta_std": 58.83174, "eta_hours": 0.27547, "eta_hours_std": 0.01634, "loss": 0.54628, "loss_std": 0.00241, "lr": 0.00038, "lr_std": 0.0, "params": 6759.0, "params_std": 0.0, "time_iter": 0.04722, "time_iter_std": 0.00335, "accuracy": 0.74988, "accuracy_std": 0.00446, "accuracy_max": 0.75414, "precision": 0.75006, "precision_std": 0.00261, "recall": 0.75315, "recall_std": 0.0117, "f1": 0.75156, "f1_std": 0.00611, "auc": 0.82894, "auc_std": 0.00456}
{"epoch": 59, "time_epoch": 24.95617, "time_epoch_std": 2.11748, "eta": 968.02292, "eta_std": 57.47025, "eta_hours": 0.2689, "eta_hours_std": 0.01597, "loss": 0.54457, "loss_std": 0.0077, "lr": 0.00036, "lr_std": 0.0, "params": 6759.0, "params_std": 0.0, "time_iter": 0.04855, "time_iter_std": 0.00412, "accuracy": 0.75073, "accuracy_std": 0.00369, "accuracy_max": 0.75657, "precision": 0.74672, "precision_std": 0.00621, "recall": 0.76284, "recall_std": 0.01705, "f1": 0.75453, "f1_std": 0.00638, "auc": 0.82934, "auc_std": 0.00616}
{"epoch": 60, "time_epoch": 24.96596, "time_epoch_std": 2.11733, "eta": 944.3117, "eta_std": 56.10141, "eta_hours": 0.26231, "eta_hours_std": 0.01558, "loss": 0.54688, "loss_std": 0.00685, "lr": 0.00035, "lr_std": 0.0, "params": 6759.0, "params_std": 0.0, "time_iter": 0.04857, "time_iter_std": 0.00412, "accuracy": 0.74927, "accuracy_std": 0.00583, "accuracy_max": 0.75706, "precision": 0.75195, "precision_std": 0.00685, "recall": 0.74782, "recall_std": 0.01762, "f1": 0.74973, "f1_std": 0.00803, "auc": 0.82958, "auc_std": 0.00496}
{"epoch": 61, "time_epoch": 25.10347, "time_epoch_std": 2.24053, "eta": 920.64428, "eta_std": 54.73877, "eta_hours": 0.25574, "eta_hours_std": 0.0152, "loss": 0.53954, "loss_std": 0.01522, "lr": 0.00033, "lr_std": 0.0, "params": 6759.0, "params_std": 0.0, "time_iter": 0.04884, "time_iter_std": 0.00436, "accuracy": 0.75365, "accuracy_std": 0.00909, "accuracy_max": 0.76923, "precision": 0.75417, "precision_std": 0.01014, "recall": 0.7563, "recall_std": 0.01003, "f1": 0.7552, "f1_std": 0.00891, "auc": 0.83266, "auc_std": 0.01004}
{"epoch": 62, "time_epoch": 24.97816, "time_epoch_std": 2.12144, "eta": 896.85767, "eta_std": 53.38747, "eta_hours": 0.24913, "eta_hours_std": 0.01483, "loss": 0.53723, "loss_std": 0.0017, "lr": 0.00032, "lr_std": 0.0, "params": 6759.0, "params_std": 0.0, "time_iter": 0.0486, "time_iter_std": 0.00413, "accuracy": 0.76096, "accuracy_std": 0.01, "accuracy_max": 0.77361, "precision": 0.75972, "precision_std": 0.00912, "recall": 0.76672, "recall_std": 0.01405, "f1": 0.76317, "f1_std": 0.01063, "auc": 0.83637, "auc_std": 0.00312}
{"epoch": 63, "time_epoch": 24.40146, "time_epoch_std": 1.67769, "eta": 872.70944, "eta_std": 52.05103, "eta_hours": 0.24242, "eta_hours_std": 0.01446, "loss": 0.54474, "loss_std": 0.00448, "lr": 0.0003, "lr_std": 0.0, "params": 6759.0, "params_std": 0.0, "time_iter": 0.04747, "time_iter_std": 0.00326, "accuracy": 0.75645, "accuracy_std": 0.00611, "accuracy_max": 0.76485, "precision": 0.75462, "precision_std": 0.00512, "recall": 0.76356, "recall_std": 0.01216, "f1": 0.75902, "f1_std": 0.00724, "auc": 0.83324, "auc_std": 0.00309}
{"epoch": 64, "time_epoch": 22.37334, "time_epoch_std": 1.54432, "eta": 847.46134, "eta_std": 49.39713, "eta_hours": 0.23541, "eta_hours_std": 0.01372, "loss": 0.53795, "loss_std": 0.00655, "lr": 0.00029, "lr_std": 0.0, "params": 6759.0, "params_std": 0.0, "time_iter": 0.04353, "time_iter_std": 0.003, "accuracy": 0.75426, "accuracy_std": 0.00528, "accuracy_max": 0.75949, "precision": 0.75332, "precision_std": 0.00502, "recall": 0.75969, "recall_std": 0.00937, "f1": 0.75646, "f1_std": 0.00591, "auc": 0.83492, "auc_std": 0.0052}
{"epoch": 65, "time_epoch": 21.92176, "time_epoch_std": 2.2501, "eta": 822.06774, "eta_std": 46.53337, "eta_hours": 0.22835, "eta_hours_std": 0.01293, "loss": 0.52573, "loss_std": 0.01307, "lr": 0.00027, "lr_std": 0.0, "params": 6759.0, "params_std": 0.0, "time_iter": 0.04265, "time_iter_std": 0.00438, "accuracy": 0.75742, "accuracy_std": 0.00994, "accuracy_max": 0.76972, "precision": 0.75813, "precision_std": 0.00866, "recall": 0.75945, "recall_std": 0.01329, "f1": 0.75877, "f1_std": 0.0106, "auc": 0.84013, "auc_std": 0.0094}
{"epoch": 66, "time_epoch": 22.11384, "time_epoch_std": 1.95831, "eta": 796.87237, "eta_std": 43.93841, "eta_hours": 0.22136, "eta_hours_std": 0.01221, "loss": 0.53848, "loss_std": 0.01241, "lr": 0.00026, "lr_std": 0.0, "params": 6759.0, "params_std": 0.0, "time_iter": 0.04302, "time_iter_std": 0.00381, "accuracy": 0.75828, "accuracy_std": 0.01121, "accuracy_max": 0.77361, "precision": 0.75692, "precision_std": 0.0125, "recall": 0.76454, "recall_std": 0.00976, "f1": 0.76069, "f1_std": 0.01051, "auc": 0.83619, "auc_std": 0.00675}
{"epoch": 67, "time_epoch": 21.92169, "time_epoch_std": 2.24169, "eta": 771.67722, "eta_std": 41.35132, "eta_hours": 0.21436, "eta_hours_std": 0.01149, "loss": 0.53528, "loss_std": 0.00767, "lr": 0.00025, "lr_std": 0.0, "params": 6759.0, "params_std": 0.0, "time_iter": 0.04265, "time_iter_std": 0.00436, "accuracy": 0.75804, "accuracy_std": 0.00583, "accuracy_max": 0.76777, "precision": 0.75563, "precision_std": 0.00633, "recall": 0.76623, "recall_std": 0.00545, "f1": 0.76089, "f1_std": 0.00557, "auc": 0.83832, "auc_std": 0.0048}
{"epoch": 68, "time_epoch": 21.84807, "time_epoch_std": 2.35638, "eta": 746.54387, "eta_std": 38.85192, "eta_hours": 0.20737, "eta_hours_std": 0.01079, "loss": 0.54334, "loss_std": 0.00539, "lr": 0.00023, "lr_std": 0.0, "params": 6759.0, "params_std": 0.0, "time_iter": 0.0425, "time_iter_std": 0.00459, "accuracy": 0.75244, "accuracy_std": 0.0081, "accuracy_max": 0.76582, "precision": 0.74844, "precision_std": 0.00666, "recall": 0.76405, "recall_std": 0.0123, "f1": 0.75614, "f1_std": 0.0088, "auc": 0.83461, "auc_std": 0.00367}
{"epoch": 69, "time_epoch": 22.15498, "time_epoch_std": 1.89849, "eta": 721.63592, "eta_std": 36.64146, "eta_hours": 0.20045, "eta_hours_std": 0.01018, "loss": 0.53892, "loss_std": 0.00819, "lr": 0.00022, "lr_std": 0.0, "params": 6759.0, "params_std": 0.0, "time_iter": 0.0431, "time_iter_std": 0.00369, "accuracy": 0.7646, "accuracy_std": 0.00672, "accuracy_max": 0.77313, "precision": 0.76405, "precision_std": 0.00365, "recall": 0.76889, "recall_std": 0.01266, "f1": 0.76644, "f1_std": 0.00803, "auc": 0.84036, "auc_std": 0.00379}
{"epoch": 70, "time_epoch": 22.23878, "time_epoch_std": 1.74706, "eta": 696.83974, "eta_std": 34.58547, "eta_hours": 0.19357, "eta_hours_std": 0.00961, "loss": 0.53562, "loss_std": 0.0085, "lr": 0.00021, "lr_std": 0.0, "params": 6759.0, "params_std": 0.0, "time_iter": 0.04327, "time_iter_std": 0.0034, "accuracy": 0.76059, "accuracy_std": 0.00453, "accuracy_max": 0.76485, "precision": 0.75897, "precision_std": 0.00739, "recall": 0.76744, "recall_std": 0.01589, "f1": 0.76303, "f1_std": 0.00631, "auc": 0.839, "auc_std": 0.00527}
{"epoch": 71, "time_epoch": 21.97664, "time_epoch_std": 2.20075, "eta": 672.01266, "eta_std": 32.4817, "eta_hours": 0.18667, "eta_hours_std": 0.00902, "loss": 0.53123, "loss_std": 0.01198, "lr": 0.00019, "lr_std": 0.0, "params": 6759.0, "params_std": 0.0, "time_iter": 0.04276, "time_iter_std": 0.00428, "accuracy": 0.7696, "accuracy_std": 0.0027, "accuracy_max": 0.77361, "precision": 0.76829, "precision_std": 0.00587, "recall": 0.77544, "recall_std": 0.01151, "f1": 0.77176, "f1_std": 0.00391, "auc": 0.84277, "auc_std": 0.00513}
{"epoch": 72, "time_epoch": 21.51704, "time_epoch_std": 3.14282, "eta": 647.09369, "eta_std": 30.21579, "eta_hours": 0.17975, "eta_hours_std": 0.00839, "loss": 0.53981, "loss_std": 0.00508, "lr": 0.00018, "lr_std": 0.0, "params": 6759.0, "params_std": 0.0, "time_iter": 0.04186, "time_iter_std": 0.00612, "accuracy": 0.75925, "accuracy_std": 0.00487, "accuracy_max": 0.76436, "precision": 0.76209, "precision_std": 0.00288, "recall": 0.75727, "recall_std": 0.01395, "f1": 0.7596, "f1_std": 0.00694, "auc": 0.8366, "auc_std": 0.00373}
{"epoch": 73, "time_epoch": 21.95503, "time_epoch_std": 2.21833, "eta": 622.42055, "eta_std": 28.33393, "eta_hours": 0.1729, "eta_hours_std": 0.00787, "loss": 0.53783, "loss_std": 0.00973, "lr": 0.00017, "lr_std": 0.0, "params": 6759.0, "params_std": 0.0, "time_iter": 0.04272, "time_iter_std": 0.00431, "accuracy": 0.75596, "accuracy_std": 0.00847, "accuracy_max": 0.7702, "precision": 0.7531, "precision_std": 0.00562, "recall": 0.76502, "recall_std": 0.01395, "f1": 0.75899, "f1_std": 0.00963, "auc": 0.83842, "auc_std": 0.00524}
{"epoch": 74, "time_epoch": 22.26557, "time_epoch_std": 1.71664, "eta": 597.9234, "eta_std": 26.6678, "eta_hours": 0.16609, "eta_hours_std": 0.00741, "loss": 0.53388, "loss_std": 0.01074, "lr": 0.00016, "lr_std": 0.0, "params": 6759.0, "params_std": 0.0, "time_iter": 0.04332, "time_iter_std": 0.00334, "accuracy": 0.76473, "accuracy_std": 0.00163, "accuracy_max": 0.76728, "precision": 0.76085, "precision_std": 0.00563, "recall": 0.77568, "recall_std": 0.00903, "f1": 0.76813, "f1_std": 0.00218, "auc": 0.84164, "auc_std": 0.00257}
{"epoch": 75, "time_epoch": 22.12351, "time_epoch_std": 1.91299, "eta": 573.44012, "eta_std": 25.02322, "eta_hours": 0.15929, "eta_hours_std": 0.00695, "loss": 0.5308, "loss_std": 0.01123, "lr": 0.00015, "lr_std": 0.0, "params": 6759.0, "params_std": 0.0, "time_iter": 0.04304, "time_iter_std": 0.00372, "accuracy": 0.76546, "accuracy_std": 0.00902, "accuracy_max": 0.78092, "precision": 0.75995, "precision_std": 0.0067, "recall": 0.77931, "recall_std": 0.01465, "f1": 0.76947, "f1_std": 0.00998, "auc": 0.84263, "auc_std": 0.00542}
{"epoch": 76, "time_epoch": 21.86285, "time_epoch_std": 2.42985, "eta": 548.94028, "eta_std": 23.35211, "eta_hours": 0.15248, "eta_hours_std": 0.00649, "loss": 0.52652, "loss_std": 0.00441, "lr": 0.00014, "lr_std": 0.0, "params": 6759.0, "params_std": 0.0, "time_iter": 0.04254, "time_iter_std": 0.00473, "accuracy": 0.76789, "accuracy_std": 0.00645, "accuracy_max": 0.77702, "precision": 0.76681, "precision_std": 0.00804, "recall": 0.77326, "recall_std": 0.00422, "f1": 0.77, "f1_std": 0.00573, "auc": 0.84464, "auc_std": 0.00378}
{"epoch": 77, "time_epoch": 22.30637, "time_epoch_std": 1.63852, "eta": 524.63314, "eta_std": 21.91398, "eta_hours": 0.14573, "eta_hours_std": 0.00609, "loss": 0.53282, "loss_std": 0.0056, "lr": 0.00012, "lr_std": 0.0, "params": 6759.0, "params_std": 0.0, "time_iter": 0.0434, "time_iter_std": 0.00319, "accuracy": 0.76497, "accuracy_std": 0.00685, "accuracy_max": 0.77313, "precision": 0.76411, "precision_std": 0.00561, "recall": 0.76986, "recall_std": 0.01071, "f1": 0.76696, "f1_std": 0.00758, "auc": 0.84099, "auc_std": 0.00384}
{"epoch": 78, "time_epoch": 21.7373, "time_epoch_std": 2.55054, "eta": 500.22538, "eta_std": 20.37408, "eta_hours": 0.13895, "eta_hours_std": 0.00566, "loss": 0.52792, "loss_std": 0.01437, "lr": 0.00011, "lr_std": 0.0, "params": 6759.0, "params_std": 0.0, "time_iter": 0.04229, "time_iter_std": 0.00496, "accuracy": 0.76753, "accuracy_std": 0.00621, "accuracy_max": 0.77556, "precision": 0.76292, "precision_std": 0.00134, "recall": 0.77956, "recall_std": 0.01798, "f1": 0.77105, "f1_std": 0.00879, "auc": 0.84514, "auc_std": 0.00658}
{"epoch": 79, "time_epoch": 21.48332, "time_epoch_std": 3.01432, "eta": 475.82089, "eta_std": 18.8482, "eta_hours": 0.13217, "eta_hours_std": 0.00524, "loss": 0.52589, "loss_std": 0.00714, "lr": 0.0001, "lr_std": 0.0, "params": 6759.0, "params_std": 0.0, "time_iter": 0.0418, "time_iter_std": 0.00586, "accuracy": 0.7696, "accuracy_std": 0.00726, "accuracy_max": 0.78092, "precision": 0.77088, "precision_std": 0.00235, "recall": 0.77035, "recall_std": 0.01688, "f1": 0.77054, "f1_std": 0.00938, "auc": 0.84424, "auc_std": 0.00327}
{"epoch": 80, "time_epoch": 21.94122, "time_epoch_std": 2.23818, "eta": 451.59594, "eta_std": 17.51999, "eta_hours": 0.12544, "eta_hours_std": 0.00487, "loss": 0.52406, "loss_std": 0.01169, "lr": 0.0001, "lr_std": 0.0, "params": 6759.0, "params_std": 0.0, "time_iter": 0.04268, "time_iter_std": 0.00435, "accuracy": 0.76728, "accuracy_std": 0.00609, "accuracy_max": 0.77215, "precision": 0.76674, "precision_std": 0.00563, "recall": 0.77156, "recall_std": 0.01033, "f1": 0.76911, "f1_std": 0.00677, "auc": 0.84624, "auc_std": 0.00572}
{"epoch": 81, "time_epoch": 22.1419, "time_epoch_std": 1.93384, "eta": 427.47074, "eta_std": 16.30038, "eta_hours": 0.11874, "eta_hours_std": 0.00453, "loss": 0.52917, "loss_std": 0.00627, "lr": 9e-05, "lr_std": 0.0, "params": 6759.0, "params_std": 0.0, "time_iter": 0.04308, "time_iter_std": 0.00376, "accuracy": 0.76424, "accuracy_std": 0.00603, "accuracy_max": 0.77264, "precision": 0.7627, "precision_std": 0.01028, "recall": 0.77083, "recall_std": 0.00537, "f1": 0.76668, "f1_std": 0.00439, "auc": 0.84319, "auc_std": 0.00213}
{"epoch": 82, "time_epoch": 22.22517, "time_epoch_std": 1.77285, "eta": 403.41038, "eta_std": 15.14454, "eta_hours": 0.11206, "eta_hours_std": 0.00421, "loss": 0.52942, "loss_std": 0.0197, "lr": 8e-05, "lr_std": 0.0, "params": 6759.0, "params_std": 0.0, "time_iter": 0.04324, "time_iter_std": 0.00345, "accuracy": 0.76692, "accuracy_std": 0.01255, "accuracy_max": 0.78724, "precision": 0.76444, "precision_std": 0.01296, "recall": 0.77495, "recall_std": 0.01151, "f1": 0.76965, "f1_std": 0.01213, "auc": 0.84449, "auc_std": 0.01027}
{"epoch": 83, "time_epoch": 21.80067, "time_epoch_std": 2.45368, "eta": 379.31286, "eta_std": 13.96064, "eta_hours": 0.10536, "eta_hours_std": 0.00388, "loss": 0.52551, "loss_std": 0.01143, "lr": 7e-05, "lr_std": 0.0, "params": 6759.0, "params_std": 0.0, "time_iter": 0.04241, "time_iter_std": 0.00477, "accuracy": 0.76728, "accuracy_std": 0.0053, "accuracy_max": 0.77215, "precision": 0.76265, "precision_std": 0.00874, "recall": 0.7798, "recall_std": 0.018, "f1": 0.77094, "f1_std": 0.00705, "auc": 0.8473, "auc_std": 0.00568}
{"epoch": 84, "time_epoch": 22.09575, "time_epoch_std": 1.98776, "eta": 355.32146, "eta_std": 12.8792, "eta_hours": 0.0987, "eta_hours_std": 0.00358, "loss": 0.52574, "loss_std": 0.00966, "lr": 6e-05, "lr_std": 0.0, "params": 6759.0, "params_std": 0.0, "time_iter": 0.04298, "time_iter_std": 0.00387, "accuracy": 0.77508, "accuracy_std": 0.00702, "accuracy_max": 0.78481, "precision": 0.77512, "precision_std": 0.00788, "recall": 0.7781, "recall_std": 0.00632, "f1": 0.7766, "f1_std": 0.00672, "auc": 0.84707, "auc_std": 0.00667}
{"epoch": 85, "time_epoch": 21.85679, "time_epoch_std": 3.54364, "eta": 331.33524, "eta_std": 11.77234, "eta_hours": 0.09204, "eta_hours_std": 0.00327, "loss": 0.52721, "loss_std": 0.00404, "lr": 5e-05, "lr_std": 0.0, "params": 6759.0, "params_std": 0.0, "time_iter": 0.04252, "time_iter_std": 0.00689, "accuracy": 0.76887, "accuracy_std": 0.00333, "accuracy_max": 0.7741, "precision": 0.76683, "precision_std": 0.00362, "recall": 0.77592, "recall_std": 0.0039, "f1": 0.77134, "f1_std": 0.00329, "auc": 0.84623, "auc_std": 0.00305}
{"epoch": 86, "time_epoch": 23.74776, "time_epoch_std": 4.14574, "eta": 307.68054, "eta_std": 10.88231, "eta_hours": 0.08547, "eta_hours_std": 0.00302, "loss": 0.52447, "loss_std": 0.0059, "lr": 5e-05, "lr_std": 0.0, "params": 6759.0, "params_std": 0.0, "time_iter": 0.0462, "time_iter_std": 0.00807, "accuracy": 0.76765, "accuracy_std": 0.00259, "accuracy_max": 0.76972, "precision": 0.76601, "precision_std": 0.0028, "recall": 0.77398, "recall_std": 0.00467, "f1": 0.76997, "f1_std": 0.00282, "auc": 0.84731, "auc_std": 0.00324}
{"epoch": 87, "time_epoch": 22.05962, "time_epoch_std": 2.03526, "eta": 283.79352, "eta_std": 9.91637, "eta_hours": 0.07883, "eta_hours_std": 0.00275, "loss": 0.53017, "loss_std": 0.00747, "lr": 4e-05, "lr_std": 0.0, "params": 6759.0, "params_std": 0.0, "time_iter": 0.04292, "time_iter_std": 0.00396, "accuracy": 0.76522, "accuracy_std": 0.00242, "accuracy_max": 0.76777, "precision": 0.76234, "precision_std": 0.00104, "recall": 0.77398, "recall_std": 0.00541, "f1": 0.76811, "f1_std": 0.00307, "auc": 0.84622, "auc_std": 0.0036}
{"epoch": 88, "time_epoch": 21.81699, "time_epoch_std": 2.61382, "eta": 259.91757, "eta_std": 8.96037, "eta_hours": 0.0722, "eta_hours_std": 0.00249, "loss": 0.52569, "loss_std": 0.00984, "lr": 4e-05, "lr_std": 0.0, "params": 6759.0, "params_std": 0.0, "time_iter": 0.04244, "time_iter_std": 0.00509, "accuracy": 0.77447, "accuracy_std": 0.00771, "accuracy_max": 0.78238, "precision": 0.77598, "precision_std": 0.00481, "recall": 0.77471, "recall_std": 0.01315, "f1": 0.77532, "f1_std": 0.00891, "auc": 0.84776, "auc_std": 0.00623}
{"epoch": 89, "time_epoch": 21.45099, "time_epoch_std": 3.15455, "eta": 236.04671, "eta_std": 8.01973, "eta_hours": 0.06557, "eta_hours_std": 0.00223, "loss": 0.52374, "loss_std": 0.00573, "lr": 3e-05, "lr_std": 0.0, "params": 6759.0, "params_std": 0.0, "time_iter": 0.04173, "time_iter_std": 0.00614, "accuracy": 0.76607, "accuracy_std": 0.00359, "accuracy_max": 0.77167, "precision": 0.7618, "precision_std": 0.00441, "recall": 0.77762, "recall_std": 0.01114, "f1": 0.76956, "f1_std": 0.00483, "auc": 0.84725, "auc_std": 0.00441}
{"epoch": 90, "time_epoch": 22.21265, "time_epoch_std": 1.92805, "eta": 212.30437, "eta_std": 7.15708, "eta_hours": 0.05897, "eta_hours_std": 0.00199, "loss": 0.53113, "loss_std": 0.01119, "lr": 2e-05, "lr_std": 0.0, "params": 6759.0, "params_std": 0.0, "time_iter": 0.04322, "time_iter_std": 0.00375, "accuracy": 0.77069, "accuracy_std": 0.00429, "accuracy_max": 0.77751, "precision": 0.7674, "precision_std": 0.00805, "recall": 0.78028, "recall_std": 0.00519, "f1": 0.77373, "f1_std": 0.00295, "auc": 0.84477, "auc_std": 0.00567}
{"epoch": 91, "time_epoch": 22.02896, "time_epoch_std": 2.39701, "eta": 188.57931, "eta_std": 6.30648, "eta_hours": 0.05238, "eta_hours_std": 0.00175, "loss": 0.50816, "loss_std": 0.01129, "lr": 2e-05, "lr_std": 0.0, "params": 6759.0, "params_std": 0.0, "time_iter": 0.04286, "time_iter_std": 0.00467, "accuracy": 0.77592, "accuracy_std": 0.00632, "accuracy_max": 0.78432, "precision": 0.77468, "precision_std": 0.00329, "recall": 0.78125, "recall_std": 0.01554, "f1": 0.77788, "f1_std": 0.00815, "auc": 0.85481, "auc_std": 0.00607}
{"epoch": 92, "time_epoch": 21.52892, "time_epoch_std": 3.21215, "eta": 164.85308, "eta_std": 5.46367, "eta_hours": 0.0458, "eta_hours_std": 0.00152, "loss": 0.52624, "loss_std": 0.0126, "lr": 2e-05, "lr_std": 0.0, "params": 6759.0, "params_std": 0.0, "time_iter": 0.04189, "time_iter_std": 0.00625, "accuracy": 0.76631, "accuracy_std": 0.00659, "accuracy_max": 0.7741, "precision": 0.76739, "precision_std": 0.00878, "recall": 0.76768, "recall_std": 0.00371, "f1": 0.76752, "f1_std": 0.00565, "auc": 0.84697, "auc_std": 0.00564}
{"epoch": 93, "time_epoch": 22.10103, "time_epoch_std": 2.2394, "eta": 141.21013, "eta_std": 4.65597, "eta_hours": 0.03922, "eta_hours_std": 0.00129, "loss": 0.52613, "loss_std": 0.00759, "lr": 1e-05, "lr_std": 0.0, "params": 6759.0, "params_std": 0.0, "time_iter": 0.043, "time_iter_std": 0.00435, "accuracy": 0.77045, "accuracy_std": 0.00964, "accuracy_max": 0.78238, "precision": 0.77244, "precision_std": 0.01145, "recall": 0.77011, "recall_std": 0.00923, "f1": 0.77124, "f1_std": 0.00914, "auc": 0.84684, "auc_std": 0.00591}
{"epoch": 94, "time_epoch": 22.26044, "time_epoch_std": 1.94379, "eta": 117.60802, "eta_std": 3.8644, "eta_hours": 0.03267, "eta_hours_std": 0.00107, "loss": 0.52344, "loss_std": 0.00517, "lr": 1e-05, "lr_std": 0.0, "params": 6759.0, "params_std": 0.0, "time_iter": 0.04331, "time_iter_std": 0.00378, "accuracy": 0.77069, "accuracy_std": 0.00569, "accuracy_max": 0.77507, "precision": 0.76901, "precision_std": 0.00796, "recall": 0.77713, "recall_std": 0.00417, "f1": 0.77303, "f1_std": 0.00479, "auc": 0.849, "auc_std": 0.00407}
{"epoch": 95, "time_epoch": 21.60988, "time_epoch_std": 3.04525, "eta": 94.00676, "eta_std": 3.07604, "eta_hours": 0.02611, "eta_hours_std": 0.00086, "loss": 0.52425, "loss_std": 0.00661, "lr": 1e-05, "lr_std": 0.0, "params": 6759.0, "params_std": 0.0, "time_iter": 0.04204, "time_iter_std": 0.00592, "accuracy": 0.77008, "accuracy_std": 0.00611, "accuracy_max": 0.77848, "precision": 0.77057, "precision_std": 0.00792, "recall": 0.77253, "recall_std": 0.01169, "f1": 0.77148, "f1_std": 0.0066, "auc": 0.84883, "auc_std": 0.00132}
{"epoch": 96, "time_epoch": 21.79388, "time_epoch_std": 2.71572, "eta": 70.45225, "eta_std": 2.29984, "eta_hours": 0.01957, "eta_hours_std": 0.00064, "loss": 0.52347, "loss_std": 0.01121, "lr": 0.0, "lr_std": 0.0, "params": 6759.0, "params_std": 0.0, "time_iter": 0.0424, "time_iter_std": 0.00528, "accuracy": 0.76728, "accuracy_std": 0.00678, "accuracy_max": 0.77702, "precision": 0.76436, "precision_std": 0.00752, "recall": 0.77616, "recall_std": 0.00981, "f1": 0.77018, "f1_std": 0.00688, "auc": 0.84801, "auc_std": 0.00533}
{"epoch": 97, "time_epoch": 22.1431, "time_epoch_std": 2.14062, "eta": 46.9408, "eta_std": 1.53112, "eta_hours": 0.01304, "eta_hours_std": 0.00042, "loss": 0.51967, "loss_std": 0.0077, "lr": 0.0, "lr_std": 0.0, "params": 6759.0, "params_std": 0.0, "time_iter": 0.04308, "time_iter_std": 0.00416, "accuracy": 0.77057, "accuracy_std": 0.00249, "accuracy_max": 0.77361, "precision": 0.76879, "precision_std": 0.00308, "recall": 0.77714, "recall_std": 0.01, "f1": 0.77289, "f1_std": 0.00398, "auc": 0.85082, "auc_std": 0.00339}
{"epoch": 98, "time_epoch": 21.50612, "time_epoch_std": 3.22149, "eta": 23.45056, "eta_std": 0.76486, "eta_hours": 0.00651, "eta_hours_std": 0.00021, "loss": 0.5266, "loss_std": 0.00453, "lr": 0.0, "lr_std": 0.0, "params": 6759.0, "params_std": 0.0, "time_iter": 0.04184, "time_iter_std": 0.00627, "accuracy": 0.77033, "accuracy_std": 0.0074, "accuracy_max": 0.77751, "precision": 0.77002, "precision_std": 0.00431, "recall": 0.77398, "recall_std": 0.01333, "f1": 0.77197, "f1_std": 0.00873, "auc": 0.84801, "auc_std": 0.0054}
{"epoch": 99, "time_epoch": 21.72753, "time_epoch_std": 2.83348, "eta": 0.0, "eta_std": 0.0, "eta_hours": 0.0, "eta_hours_std": 0.0, "loss": 0.5135, "loss_std": 0.00632, "lr": 0.0, "lr_std": 0.0, "params": 6759.0, "params_std": 0.0, "time_iter": 0.04227, "time_iter_std": 0.00551, "accuracy": 0.7786, "accuracy_std": 0.00373, "accuracy_max": 0.78481, "precision": 0.77801, "precision_std": 0.00474, "recall": 0.7827, "recall_std": 0.00396, "f1": 0.78034, "f1_std": 0.00349, "auc": 0.85363, "auc_std": 0.00409}
