{"epoch": 0, "time_epoch": 15.63184, "time_epoch_std": 0.0, "eta": 1547.55209, "eta_std": 0.0, "eta_hours": 0.42988, "eta_hours_std": 0.0, "loss": 0.67982, "loss_std": 0.0, "lr": 0.001, "lr_std": 0.0, "params": 6215.0, "params_std": 0.0, "time_iter": 0.44662, "time_iter_std": 0.0, "accuracy": 0.61871, "accuracy_std": 0.0, "precision": 0.625, "precision_std": 0.0, "recall": 0.06881, "recall_std": 0.0, "f1": 0.12397, "f1_std": 0.0, "auc": 0.601, "auc_std": 0.0}
{"epoch": 1, "time_epoch": 1.70007, "time_epoch_std": 0.0, "eta": 849.26361, "eta_std": 0.0, "eta_hours": 0.23591, "eta_hours_std": 0.0, "loss": 0.64199, "loss_std": 0.0, "lr": 0.001, "lr_std": 0.0, "params": 6215.0, "params_std": 0.0, "time_iter": 0.04857, "time_iter_std": 0.0, "accuracy": 0.69245, "accuracy_std": 0.0, "precision": 0.64242, "precision_std": 0.0, "recall": 0.48624, "recall_std": 0.0, "f1": 0.55352, "f1_std": 0.0, "auc": 0.7388, "auc_std": 0.0}
{"epoch": 2, "time_epoch": 1.61379, "time_epoch_std": 0.0, "eta": 612.57768, "eta_std": 0.0, "eta_hours": 0.17016, "eta_hours_std": 0.0, "loss": 0.60133, "loss_std": 0.0, "lr": 0.001, "lr_std": 0.0, "params": 6215.0, "params_std": 0.0, "time_iter": 0.04611, "time_iter_std": 0.0, "accuracy": 0.71043, "accuracy_std": 0.0, "precision": 0.66286, "precision_std": 0.0, "recall": 0.53211, "recall_std": 0.0, "f1": 0.59033, "f1_std": 0.0, "auc": 0.74233, "auc_std": 0.0}
{"epoch": 3, "time_epoch": 1.64376, "time_epoch_std": 0.0, "eta": 494.14717, "eta_std": 0.0, "eta_hours": 0.13726, "eta_hours_std": 0.0, "loss": 0.56715, "loss_std": 0.0, "lr": 0.001, "lr_std": 0.0, "params": 6215.0, "params_std": 0.0, "time_iter": 0.04696, "time_iter_std": 0.0, "accuracy": 0.72302, "accuracy_std": 0.0, "precision": 0.69512, "precision_std": 0.0, "recall": 0.52294, "recall_std": 0.0, "f1": 0.59686, "f1_std": 0.0, "auc": 0.76889, "auc_std": 0.0}
{"epoch": 4, "time_epoch": 1.76064, "time_epoch_std": 0.0, "eta": 424.65206, "eta_std": 0.0, "eta_hours": 0.11796, "eta_hours_std": 0.0, "loss": 0.56298, "loss_std": 0.0, "lr": 0.001, "lr_std": 0.0, "params": 6215.0, "params_std": 0.0, "time_iter": 0.0503, "time_iter_std": 0.0, "accuracy": 0.71223, "accuracy_std": 0.0, "precision": 0.68125, "precision_std": 0.0, "recall": 0.5, "recall_std": 0.0, "f1": 0.57672, "f1_std": 0.0, "auc": 0.77214, "auc_std": 0.0}
{"epoch": 5, "time_epoch": 1.57247, "time_epoch_std": 0.0, "eta": 374.78707, "eta_std": 0.0, "eta_hours": 0.10411, "eta_hours_std": 0.0, "loss": 0.54609, "loss_std": 0.0, "lr": 0.00099, "lr_std": 0.0, "params": 6215.0, "params_std": 0.0, "time_iter": 0.04493, "time_iter_std": 0.0, "accuracy": 0.73201, "accuracy_std": 0.0, "precision": 0.69061, "precision_std": 0.0, "recall": 0.57339, "recall_std": 0.0, "f1": 0.62657, "f1_std": 0.0, "auc": 0.79109, "auc_std": 0.0}
{"epoch": 6, "time_epoch": 1.72618, "time_epoch_std": 0.0, "eta": 340.76211, "eta_std": 0.0, "eta_hours": 0.09466, "eta_hours_std": 0.0, "loss": 0.53863, "loss_std": 0.0, "lr": 0.00099, "lr_std": 0.0, "params": 6215.0, "params_std": 0.0, "time_iter": 0.04932, "time_iter_std": 0.0, "accuracy": 0.73381, "accuracy_std": 0.0, "precision": 0.72727, "precision_std": 0.0, "recall": 0.51376, "recall_std": 0.0, "f1": 0.60215, "f1_std": 0.0, "auc": 0.79329, "auc_std": 0.0}
{"epoch": 7, "time_epoch": 1.51482, "time_epoch_std": 0.0, "eta": 312.38122, "eta_std": 0.0, "eta_hours": 0.08677, "eta_hours_std": 0.0, "loss": 0.53684, "loss_std": 0.0, "lr": 0.00099, "lr_std": 0.0, "params": 6215.0, "params_std": 0.0, "time_iter": 0.04328, "time_iter_std": 0.0, "accuracy": 0.75, "accuracy_std": 0.0, "precision": 0.72832, "precision_std": 0.0, "recall": 0.57798, "recall_std": 0.0, "f1": 0.6445, "f1_std": 0.0, "auc": 0.79365, "auc_std": 0.0}
{"epoch": 8, "time_epoch": 1.43857, "time_epoch_std": 0.0, "eta": 289.19958, "eta_std": 0.0, "eta_hours": 0.08033, "eta_hours_std": 0.0, "loss": 0.54444, "loss_std": 0.0, "lr": 0.00098, "lr_std": 0.0, "params": 6215.0, "params_std": 0.0, "time_iter": 0.0411, "time_iter_std": 0.0, "accuracy": 0.72482, "accuracy_std": 0.0, "precision": 0.71242, "precision_std": 0.0, "recall": 0.5, "recall_std": 0.0, "f1": 0.5876, "f1_std": 0.0, "auc": 0.78193, "auc_std": 0.0}
{"epoch": 9, "time_epoch": 1.37177, "time_epoch_std": 0.0, "eta": 269.76533, "eta_std": 0.0, "eta_hours": 0.07493, "eta_hours_std": 0.0, "loss": 0.53674, "loss_std": 0.0, "lr": 0.00098, "lr_std": 0.0, "params": 6215.0, "params_std": 0.0, "time_iter": 0.03919, "time_iter_std": 0.0, "accuracy": 0.74101, "accuracy_std": 0.0, "precision": 0.74342, "precision_std": 0.0, "recall": 0.51835, "recall_std": 0.0, "f1": 0.61081, "f1_std": 0.0, "auc": 0.79644, "auc_std": 0.0}
{"epoch": 10, "time_epoch": 1.37272, "time_epoch_std": 0.0, "eta": 253.62289, "eta_std": 0.0, "eta_hours": 0.07045, "eta_hours_std": 0.0, "loss": 0.52739, "loss_std": 0.0, "lr": 0.00098, "lr_std": 0.0, "params": 6215.0, "params_std": 0.0, "time_iter": 0.03922, "time_iter_std": 0.0, "accuracy": 0.7446, "accuracy_std": 0.0, "precision": 0.72892, "precision_std": 0.0, "recall": 0.55505, "recall_std": 0.0, "f1": 0.63021, "f1_std": 0.0, "auc": 0.80138, "auc_std": 0.0}
{"epoch": 11, "time_epoch": 1.44522, "time_epoch_std": 0.0, "eta": 240.4737, "eta_std": 0.0, "eta_hours": 0.0668, "eta_hours_std": 0.0, "loss": 0.5146, "loss_std": 0.0, "lr": 0.00097, "lr_std": 0.0, "params": 6215.0, "params_std": 0.0, "time_iter": 0.04129, "time_iter_std": 0.0, "accuracy": 0.76259, "accuracy_std": 0.0, "precision": 0.73889, "precision_std": 0.0, "recall": 0.61009, "recall_std": 0.0, "f1": 0.66834, "f1_std": 0.0, "auc": 0.80165, "auc_std": 0.0}
{"epoch": 12, "time_epoch": 1.55571, "time_epoch_std": 0.0, "eta": 229.86454, "eta_std": 0.0, "eta_hours": 0.06385, "eta_hours_std": 0.0, "loss": 0.51834, "loss_std": 0.0, "lr": 0.00096, "lr_std": 0.0, "params": 6215.0, "params_std": 0.0, "time_iter": 0.04445, "time_iter_std": 0.0, "accuracy": 0.76259, "accuracy_std": 0.0, "precision": 0.79452, "precision_std": 0.0, "recall": 0.53211, "recall_std": 0.0, "f1": 0.63736, "f1_std": 0.0, "auc": 0.80505, "auc_std": 0.0}
{"epoch": 13, "time_epoch": 1.58653, "time_epoch_std": 0.0, "eta": 220.73805, "eta_std": 0.0, "eta_hours": 0.06132, "eta_hours_std": 0.0, "loss": 0.52596, "loss_std": 0.0, "lr": 0.00096, "lr_std": 0.0, "params": 6215.0, "params_std": 0.0, "time_iter": 0.04533, "time_iter_std": 0.0, "accuracy": 0.7464, "accuracy_std": 0.0, "precision": 0.72254, "precision_std": 0.0, "recall": 0.57339, "recall_std": 0.0, "f1": 0.63939, "f1_std": 0.0, "auc": 0.79671, "auc_std": 0.0}
{"epoch": 14, "time_epoch": 1.67092, "time_epoch_std": 0.0, "eta": 213.09512, "eta_std": 0.0, "eta_hours": 0.05919, "eta_hours_std": 0.0, "loss": 0.52911, "loss_std": 0.0, "lr": 0.00095, "lr_std": 0.0, "params": 6215.0, "params_std": 0.0, "time_iter": 0.04774, "time_iter_std": 0.0, "accuracy": 0.7518, "accuracy_std": 0.0, "precision": 0.73529, "precision_std": 0.0, "recall": 0.57339, "recall_std": 0.0, "f1": 0.64433, "f1_std": 0.0, "auc": 0.79442, "auc_std": 0.0}
{"epoch": 15, "time_epoch": 1.6356, "time_epoch_std": 0.0, "eta": 206.01324, "eta_std": 0.0, "eta_hours": 0.05723, "eta_hours_std": 0.0, "loss": 0.50957, "loss_std": 0.0, "lr": 0.00095, "lr_std": 0.0, "params": 6215.0, "params_std": 0.0, "time_iter": 0.04673, "time_iter_std": 0.0, "accuracy": 0.76619, "accuracy_std": 0.0, "precision": 0.74444, "precision_std": 0.0, "recall": 0.61468, "recall_std": 0.0, "f1": 0.67337, "f1_std": 0.0, "auc": 0.81486, "auc_std": 0.0}
{"epoch": 16, "time_epoch": 1.66769, "time_epoch_std": 0.0, "eta": 199.72878, "eta_std": 0.0, "eta_hours": 0.05548, "eta_hours_std": 0.0, "loss": 0.51796, "loss_std": 0.0, "lr": 0.00094, "lr_std": 0.0, "params": 6215.0, "params_std": 0.0, "time_iter": 0.04765, "time_iter_std": 0.0, "accuracy": 0.7554, "accuracy_std": 0.0, "precision": 0.75309, "precision_std": 0.0, "recall": 0.55963, "recall_std": 0.0, "f1": 0.64211, "f1_std": 0.0, "auc": 0.80574, "auc_std": 0.0}
{"epoch": 17, "time_epoch": 1.66074, "time_epoch_std": 0.0, "eta": 193.92565, "eta_std": 0.0, "eta_hours": 0.05387, "eta_hours_std": 0.0, "loss": 0.51487, "loss_std": 0.0, "lr": 0.00093, "lr_std": 0.0, "params": 6215.0, "params_std": 0.0, "time_iter": 0.04745, "time_iter_std": 0.0, "accuracy": 0.73741, "accuracy_std": 0.0, "precision": 0.7069, "precision_std": 0.0, "recall": 0.56422, "recall_std": 0.0, "f1": 0.62755, "f1_std": 0.0, "auc": 0.81133, "auc_std": 0.0}
{"epoch": 18, "time_epoch": 1.62859, "time_epoch_std": 0.0, "eta": 188.42149, "eta_std": 0.0, "eta_hours": 0.05234, "eta_hours_std": 0.0, "loss": 0.537, "loss_std": 0.0, "lr": 0.00092, "lr_std": 0.0, "params": 6215.0, "params_std": 0.0, "time_iter": 0.04653, "time_iter_std": 0.0, "accuracy": 0.74281, "accuracy_std": 0.0, "precision": 0.73006, "precision_std": 0.0, "recall": 0.54587, "recall_std": 0.0, "f1": 0.62467, "f1_std": 0.0, "auc": 0.78112, "auc_std": 0.0}
{"epoch": 19, "time_epoch": 1.43472, "time_epoch_std": 0.0, "eta": 182.52941, "eta_std": 0.0, "eta_hours": 0.0507, "eta_hours_std": 0.0, "loss": 0.52733, "loss_std": 0.0, "lr": 0.00091, "lr_std": 0.0, "params": 6215.0, "params_std": 0.0, "time_iter": 0.04099, "time_iter_std": 0.0, "accuracy": 0.75, "accuracy_std": 0.0, "precision": 0.71585, "precision_std": 0.0, "recall": 0.60092, "recall_std": 0.0, "f1": 0.65337, "f1_std": 0.0, "auc": 0.79933, "auc_std": 0.0}
{"epoch": 20, "time_epoch": 1.52097, "time_epoch_std": 0.0, "eta": 177.3863, "eta_std": 0.0, "eta_hours": 0.04927, "eta_hours_std": 0.0, "loss": 0.52123, "loss_std": 0.0, "lr": 0.0009, "lr_std": 0.0, "params": 6215.0, "params_std": 0.0, "time_iter": 0.04346, "time_iter_std": 0.0, "accuracy": 0.75719, "accuracy_std": 0.0, "precision": 0.74269, "precision_std": 0.0, "recall": 0.58257, "recall_std": 0.0, "f1": 0.65296, "f1_std": 0.0, "auc": 0.7988, "auc_std": 0.0}
{"epoch": 21, "time_epoch": 1.65307, "time_epoch_std": 0.0, "eta": 173.04084, "eta_std": 0.0, "eta_hours": 0.04807, "eta_hours_std": 0.0, "loss": 0.51576, "loss_std": 0.0, "lr": 0.0009, "lr_std": 0.0, "params": 6215.0, "params_std": 0.0, "time_iter": 0.04723, "time_iter_std": 0.0, "accuracy": 0.7536, "accuracy_std": 0.0, "precision": 0.74251, "precision_std": 0.0, "recall": 0.56881, "recall_std": 0.0, "f1": 0.64416, "f1_std": 0.0, "auc": 0.80439, "auc_std": 0.0}
{"epoch": 22, "time_epoch": 1.41474, "time_epoch_std": 0.0, "eta": 168.13161, "eta_std": 0.0, "eta_hours": 0.0467, "eta_hours_std": 0.0, "loss": 0.52076, "loss_std": 0.0, "lr": 0.00089, "lr_std": 0.0, "params": 6215.0, "params_std": 0.0, "time_iter": 0.04042, "time_iter_std": 0.0, "accuracy": 0.76259, "accuracy_std": 0.0, "precision": 0.79452, "precision_std": 0.0, "recall": 0.53211, "recall_std": 0.0, "f1": 0.63736, "f1_std": 0.0, "auc": 0.79853, "auc_std": 0.0}
{"epoch": 23, "time_epoch": 1.56273, "time_epoch_std": 0.0, "eta": 163.98221, "eta_std": 0.0, "eta_hours": 0.04555, "eta_hours_std": 0.0, "loss": 0.50845, "loss_std": 0.0, "lr": 0.00088, "lr_std": 0.0, "params": 6215.0, "params_std": 0.0, "time_iter": 0.04465, "time_iter_std": 0.0, "accuracy": 0.7446, "accuracy_std": 0.0, "precision": 0.69388, "precision_std": 0.0, "recall": 0.62385, "recall_std": 0.0, "f1": 0.657, "f1_std": 0.0, "auc": 0.81487, "auc_std": 0.0}
{"epoch": 24, "time_epoch": 1.78446, "time_epoch_std": 0.0, "eta": 160.70493, "eta_std": 0.0, "eta_hours": 0.04464, "eta_hours_std": 0.0, "loss": 0.51206, "loss_std": 0.0, "lr": 0.00086, "lr_std": 0.0, "params": 6215.0, "params_std": 0.0, "time_iter": 0.05098, "time_iter_std": 0.0, "accuracy": 0.73921, "accuracy_std": 0.0, "precision": 0.70857, "precision_std": 0.0, "recall": 0.56881, "recall_std": 0.0, "f1": 0.63104, "f1_std": 0.0, "auc": 0.81178, "auc_std": 0.0}
{"epoch": 25, "time_epoch": 1.64198, "time_epoch_std": 0.0, "eta": 157.13697, "eta_std": 0.0, "eta_hours": 0.04365, "eta_hours_std": 0.0, "loss": 0.5102, "loss_std": 0.0, "lr": 0.00085, "lr_std": 0.0, "params": 6215.0, "params_std": 0.0, "time_iter": 0.04691, "time_iter_std": 0.0, "accuracy": 0.76439, "accuracy_std": 0.0, "precision": 0.7574, "precision_std": 0.0, "recall": 0.58716, "recall_std": 0.0, "f1": 0.6615, "f1_std": 0.0, "auc": 0.80966, "auc_std": 0.0}
{"epoch": 26, "time_epoch": 1.74825, "time_epoch_std": 0.0, "eta": 153.99902, "eta_std": 0.0, "eta_hours": 0.04278, "eta_hours_std": 0.0, "loss": 0.50477, "loss_std": 0.0, "lr": 0.00084, "lr_std": 0.0, "params": 6215.0, "params_std": 0.0, "time_iter": 0.04995, "time_iter_std": 0.0, "accuracy": 0.76259, "accuracy_std": 0.0, "precision": 0.75294, "precision_std": 0.0, "recall": 0.58716, "recall_std": 0.0, "f1": 0.65979, "f1_std": 0.0, "auc": 0.8182, "auc_std": 0.0}
{"epoch": 27, "time_epoch": 1.61086, "time_epoch_std": 0.0, "eta": 150.60703, "eta_std": 0.0, "eta_hours": 0.04184, "eta_hours_std": 0.0, "loss": 0.50906, "loss_std": 0.0, "lr": 0.00083, "lr_std": 0.0, "params": 6215.0, "params_std": 0.0, "time_iter": 0.04602, "time_iter_std": 0.0, "accuracy": 0.7536, "accuracy_std": 0.0, "precision": 0.74847, "precision_std": 0.0, "recall": 0.55963, "recall_std": 0.0, "f1": 0.64042, "f1_std": 0.0, "auc": 0.81309, "auc_std": 0.0}
{"epoch": 28, "time_epoch": 1.46339, "time_epoch_std": 0.0, "eta": 146.97684, "eta_std": 0.0, "eta_hours": 0.04083, "eta_hours_std": 0.0, "loss": 0.49318, "loss_std": 0.0, "lr": 0.00082, "lr_std": 0.0, "params": 6215.0, "params_std": 0.0, "time_iter": 0.04181, "time_iter_std": 0.0, "accuracy": 0.77878, "accuracy_std": 0.0, "precision": 0.74611, "precision_std": 0.0, "recall": 0.66055, "recall_std": 0.0, "f1": 0.70073, "f1_std": 0.0, "auc": 0.82524, "auc_std": 0.0}
{"epoch": 29, "time_epoch": 1.67558, "time_epoch_std": 0.0, "eta": 143.9862, "eta_std": 0.0, "eta_hours": 0.04, "eta_hours_std": 0.0, "loss": 0.49495, "loss_std": 0.0, "lr": 0.00081, "lr_std": 0.0, "params": 6215.0, "params_std": 0.0, "time_iter": 0.04787, "time_iter_std": 0.0, "accuracy": 0.76259, "accuracy_std": 0.0, "precision": 0.76543, "precision_std": 0.0, "recall": 0.56881, "recall_std": 0.0, "f1": 0.65263, "f1_std": 0.0, "auc": 0.83142, "auc_std": 0.0}
{"epoch": 30, "time_epoch": 1.69406, "time_epoch_std": 0.0, "eta": 141.12154, "eta_std": 0.0, "eta_hours": 0.0392, "eta_hours_std": 0.0, "loss": 0.5158, "loss_std": 0.0, "lr": 0.00079, "lr_std": 0.0, "params": 6215.0, "params_std": 0.0, "time_iter": 0.0484, "time_iter_std": 0.0, "accuracy": 0.7464, "accuracy_std": 0.0, "precision": 0.71271, "precision_std": 0.0, "recall": 0.59174, "recall_std": 0.0, "f1": 0.64662, "f1_std": 0.0, "auc": 0.80061, "auc_std": 0.0}
{"epoch": 31, "time_epoch": 1.37383, "time_epoch_std": 0.0, "eta": 137.64956, "eta_std": 0.0, "eta_hours": 0.03824, "eta_hours_std": 0.0, "loss": 0.51659, "loss_std": 0.0, "lr": 0.00078, "lr_std": 0.0, "params": 6215.0, "params_std": 0.0, "time_iter": 0.03925, "time_iter_std": 0.0, "accuracy": 0.76079, "accuracy_std": 0.0, "precision": 0.74854, "precision_std": 0.0, "recall": 0.58716, "recall_std": 0.0, "f1": 0.6581, "f1_std": 0.0, "auc": 0.79947, "auc_std": 0.0}
{"epoch": 32, "time_epoch": 1.46392, "time_epoch_std": 0.0, "eta": 134.48764, "eta_std": 0.0, "eta_hours": 0.03736, "eta_hours_std": 0.0, "loss": 0.49828, "loss_std": 0.0, "lr": 0.00077, "lr_std": 0.0, "params": 6215.0, "params_std": 0.0, "time_iter": 0.04183, "time_iter_std": 0.0, "accuracy": 0.76259, "accuracy_std": 0.0, "precision": 0.73889, "precision_std": 0.0, "recall": 0.61009, "recall_std": 0.0, "f1": 0.66834, "f1_std": 0.0, "auc": 0.82303, "auc_std": 0.0}
{"epoch": 33, "time_epoch": 1.6948, "time_epoch_std": 0.0, "eta": 131.87379, "eta_std": 0.0, "eta_hours": 0.03663, "eta_hours_std": 0.0, "loss": 0.49053, "loss_std": 0.0, "lr": 0.00075, "lr_std": 0.0, "params": 6215.0, "params_std": 0.0, "time_iter": 0.04842, "time_iter_std": 0.0, "accuracy": 0.76799, "accuracy_std": 0.0, "precision": 0.74317, "precision_std": 0.0, "recall": 0.62385, "recall_std": 0.0, "f1": 0.6783, "f1_std": 0.0, "auc": 0.82425, "auc_std": 0.0}
{"epoch": 34, "time_epoch": 1.59141, "time_epoch_std": 0.0, "eta": 129.12045, "eta_std": 0.0, "eta_hours": 0.03587, "eta_hours_std": 0.0, "loss": 0.51008, "loss_std": 0.0, "lr": 0.00074, "lr_std": 0.0, "params": 6215.0, "params_std": 0.0, "time_iter": 0.04547, "time_iter_std": 0.0, "accuracy": 0.7554, "accuracy_std": 0.0, "precision": 0.74405, "precision_std": 0.0, "recall": 0.57339, "recall_std": 0.0, "f1": 0.64767, "f1_std": 0.0, "auc": 0.80429, "auc_std": 0.0}
{"epoch": 35, "time_epoch": 1.55914, "time_epoch_std": 0.0, "eta": 126.37428, "eta_std": 0.0, "eta_hours": 0.0351, "eta_hours_std": 0.0, "loss": 0.49702, "loss_std": 0.0, "lr": 0.00073, "lr_std": 0.0, "params": 6215.0, "params_std": 0.0, "time_iter": 0.04455, "time_iter_std": 0.0, "accuracy": 0.77878, "accuracy_std": 0.0, "precision": 0.77143, "precision_std": 0.0, "recall": 0.61927, "recall_std": 0.0, "f1": 0.68702, "f1_std": 0.0, "auc": 0.81764, "auc_std": 0.0}
{"epoch": 36, "time_epoch": 1.7044, "time_epoch_std": 0.0, "eta": 123.93961, "eta_std": 0.0, "eta_hours": 0.03443, "eta_hours_std": 0.0, "loss": 0.49336, "loss_std": 0.0, "lr": 0.00071, "lr_std": 0.0, "params": 6215.0, "params_std": 0.0, "time_iter": 0.0487, "time_iter_std": 0.0, "accuracy": 0.76079, "accuracy_std": 0.0, "precision": 0.71795, "precision_std": 0.0, "recall": 0.6422, "recall_std": 0.0, "f1": 0.67797, "f1_std": 0.0, "auc": 0.82471, "auc_std": 0.0}
{"epoch": 37, "time_epoch": 1.52859, "time_epoch_std": 0.0, "eta": 121.25653, "eta_std": 0.0, "eta_hours": 0.03368, "eta_hours_std": 0.0, "loss": 0.49558, "loss_std": 0.0, "lr": 0.0007, "lr_std": 0.0, "params": 6215.0, "params_std": 0.0, "time_iter": 0.04367, "time_iter_std": 0.0, "accuracy": 0.77338, "accuracy_std": 0.0, "precision": 0.75556, "precision_std": 0.0, "recall": 0.62385, "recall_std": 0.0, "f1": 0.68342, "f1_std": 0.0, "auc": 0.82117, "auc_std": 0.0}
{"epoch": 38, "time_epoch": 1.27898, "time_epoch_std": 0.0, "eta": 118.24223, "eta_std": 0.0, "eta_hours": 0.03285, "eta_hours_std": 0.0, "loss": 0.49209, "loss_std": 0.0, "lr": 0.00068, "lr_std": 0.0, "params": 6215.0, "params_std": 0.0, "time_iter": 0.03654, "time_iter_std": 0.0, "accuracy": 0.76439, "accuracy_std": 0.0, "precision": 0.74033, "precision_std": 0.0, "recall": 0.61468, "recall_std": 0.0, "f1": 0.67168, "f1_std": 0.0, "auc": 0.82471, "auc_std": 0.0}
{"epoch": 39, "time_epoch": 1.43263, "time_epoch_std": 0.0, "eta": 115.54519, "eta_std": 0.0, "eta_hours": 0.0321, "eta_hours_std": 0.0, "loss": 0.49175, "loss_std": 0.0, "lr": 0.00067, "lr_std": 0.0, "params": 6215.0, "params_std": 0.0, "time_iter": 0.04093, "time_iter_std": 0.0, "accuracy": 0.76799, "accuracy_std": 0.0, "precision": 0.73797, "precision_std": 0.0, "recall": 0.63303, "recall_std": 0.0, "f1": 0.68148, "f1_std": 0.0, "auc": 0.82804, "auc_std": 0.0}
{"epoch": 40, "time_epoch": 1.61377, "time_epoch_std": 0.0, "eta": 113.17049, "eta_std": 0.0, "eta_hours": 0.03144, "eta_hours_std": 0.0, "loss": 0.49438, "loss_std": 0.0, "lr": 0.00065, "lr_std": 0.0, "params": 6215.0, "params_std": 0.0, "time_iter": 0.04611, "time_iter_std": 0.0, "accuracy": 0.77878, "accuracy_std": 0.0, "precision": 0.76536, "precision_std": 0.0, "recall": 0.62844, "recall_std": 0.0, "f1": 0.69018, "f1_std": 0.0, "auc": 0.82227, "auc_std": 0.0}
{"epoch": 41, "time_epoch": 1.55692, "time_epoch_std": 0.0, "eta": 110.75351, "eta_std": 0.0, "eta_hours": 0.03076, "eta_hours_std": 0.0, "loss": 0.48385, "loss_std": 0.0, "lr": 0.00064, "lr_std": 0.0, "params": 6215.0, "params_std": 0.0, "time_iter": 0.04448, "time_iter_std": 0.0, "accuracy": 0.75719, "accuracy_std": 0.0, "precision": 0.72193, "precision_std": 0.0, "recall": 0.61927, "recall_std": 0.0, "f1": 0.66667, "f1_std": 0.0, "auc": 0.83512, "auc_std": 0.0}
{"epoch": 42, "time_epoch": 1.43445, "time_epoch_std": 0.0, "eta": 108.21419, "eta_std": 0.0, "eta_hours": 0.03006, "eta_hours_std": 0.0, "loss": 0.50358, "loss_std": 0.0, "lr": 0.00062, "lr_std": 0.0, "params": 6215.0, "params_std": 0.0, "time_iter": 0.04098, "time_iter_std": 0.0, "accuracy": 0.77158, "accuracy_std": 0.0, "precision": 0.74332, "precision_std": 0.0, "recall": 0.63761, "recall_std": 0.0, "f1": 0.68642, "f1_std": 0.0, "auc": 0.80925, "auc_std": 0.0}
{"epoch": 43, "time_epoch": 1.90859, "time_epoch_std": 0.0, "eta": 106.32855, "eta_std": 0.0, "eta_hours": 0.02954, "eta_hours_std": 0.0, "loss": 0.48263, "loss_std": 0.0, "lr": 0.00061, "lr_std": 0.0, "params": 6215.0, "params_std": 0.0, "time_iter": 0.05453, "time_iter_std": 0.0, "accuracy": 0.77338, "accuracy_std": 0.0, "precision": 0.75, "precision_std": 0.0, "recall": 0.63303, "recall_std": 0.0, "f1": 0.68657, "f1_std": 0.0, "auc": 0.83095, "auc_std": 0.0}
{"epoch": 44, "time_epoch": 1.59857, "time_epoch_std": 0.0, "eta": 104.06297, "eta_std": 0.0, "eta_hours": 0.02891, "eta_hours_std": 0.0, "loss": 0.48471, "loss_std": 0.0, "lr": 0.00059, "lr_std": 0.0, "params": 6215.0, "params_std": 0.0, "time_iter": 0.04567, "time_iter_std": 0.0, "accuracy": 0.76259, "accuracy_std": 0.0, "precision": 0.72872, "precision_std": 0.0, "recall": 0.62844, "recall_std": 0.0, "f1": 0.67488, "f1_std": 0.0, "auc": 0.83189, "auc_std": 0.0}
{"epoch": 45, "time_epoch": 1.53341, "time_epoch_std": 0.0, "eta": 101.7499, "eta_std": 0.0, "eta_hours": 0.02826, "eta_hours_std": 0.0, "loss": 0.50464, "loss_std": 0.0, "lr": 0.00058, "lr_std": 0.0, "params": 6215.0, "params_std": 0.0, "time_iter": 0.04381, "time_iter_std": 0.0, "accuracy": 0.76079, "accuracy_std": 0.0, "precision": 0.73224, "precision_std": 0.0, "recall": 0.61468, "recall_std": 0.0, "f1": 0.66833, "f1_std": 0.0, "auc": 0.8179, "auc_std": 0.0}
{"epoch": 46, "time_epoch": 1.69498, "time_epoch_std": 0.0, "eta": 99.6522, "eta_std": 0.0, "eta_hours": 0.02768, "eta_hours_std": 0.0, "loss": 0.49305, "loss_std": 0.0, "lr": 0.00056, "lr_std": 0.0, "params": 6215.0, "params_std": 0.0, "time_iter": 0.04843, "time_iter_std": 0.0, "accuracy": 0.77338, "accuracy_std": 0.0, "precision": 0.77381, "precision_std": 0.0, "recall": 0.59633, "recall_std": 0.0, "f1": 0.67358, "f1_std": 0.0, "auc": 0.8232, "auc_std": 0.0}
{"epoch": 47, "time_epoch": 1.72689, "time_epoch_std": 0.0, "eta": 97.60585, "eta_std": 0.0, "eta_hours": 0.02711, "eta_hours_std": 0.0, "loss": 0.48821, "loss_std": 0.0, "lr": 0.00055, "lr_std": 0.0, "params": 6215.0, "params_std": 0.0, "time_iter": 0.04934, "time_iter_std": 0.0, "accuracy": 0.77338, "accuracy_std": 0.0, "precision": 0.73958, "precision_std": 0.0, "recall": 0.65138, "recall_std": 0.0, "f1": 0.69268, "f1_std": 0.0, "auc": 0.82612, "auc_std": 0.0}
{"epoch": 48, "time_epoch": 1.54753, "time_epoch_std": 0.0, "eta": 95.38586, "eta_std": 0.0, "eta_hours": 0.0265, "eta_hours_std": 0.0, "loss": 0.50308, "loss_std": 0.0, "lr": 0.00053, "lr_std": 0.0, "params": 6215.0, "params_std": 0.0, "time_iter": 0.04422, "time_iter_std": 0.0, "accuracy": 0.76079, "accuracy_std": 0.0, "precision": 0.72487, "precision_std": 0.0, "recall": 0.62844, "recall_std": 0.0, "f1": 0.67322, "f1_std": 0.0, "auc": 0.81457, "auc_std": 0.0}
{"epoch": 49, "time_epoch": 1.76798, "time_epoch_std": 0.0, "eta": 93.41321, "eta_std": 0.0, "eta_hours": 0.02595, "eta_hours_std": 0.0, "loss": 0.49581, "loss_std": 0.0, "lr": 0.00052, "lr_std": 0.0, "params": 6215.0, "params_std": 0.0, "time_iter": 0.05051, "time_iter_std": 0.0, "accuracy": 0.76799, "accuracy_std": 0.0, "precision": 0.74586, "precision_std": 0.0, "recall": 0.61927, "recall_std": 0.0, "f1": 0.67669, "f1_std": 0.0, "auc": 0.8184, "auc_std": 0.0}
{"epoch": 50, "time_epoch": 1.75846, "time_epoch_std": 0.0, "eta": 91.43945, "eta_std": 0.0, "eta_hours": 0.0254, "eta_hours_std": 0.0, "loss": 0.49059, "loss_std": 0.0, "lr": 0.0005, "lr_std": 0.0, "params": 6215.0, "params_std": 0.0, "time_iter": 0.05024, "time_iter_std": 0.0, "accuracy": 0.77158, "accuracy_std": 0.0, "precision": 0.76923, "precision_std": 0.0, "recall": 0.59633, "recall_std": 0.0, "f1": 0.67183, "f1_std": 0.0, "auc": 0.82732, "auc_std": 0.0}
{"epoch": 51, "time_epoch": 1.43198, "time_epoch_std": 0.0, "eta": 89.1726, "eta_std": 0.0, "eta_hours": 0.02477, "eta_hours_std": 0.0, "loss": 0.47757, "loss_std": 0.0, "lr": 0.00048, "lr_std": 0.0, "params": 6215.0, "params_std": 0.0, "time_iter": 0.04091, "time_iter_std": 0.0, "accuracy": 0.77338, "accuracy_std": 0.0, "precision": 0.73469, "precision_std": 0.0, "recall": 0.66055, "recall_std": 0.0, "f1": 0.69565, "f1_std": 0.0, "auc": 0.83859, "auc_std": 0.0}
{"epoch": 52, "time_epoch": 1.62796, "time_epoch_std": 0.0, "eta": 87.11106, "eta_std": 0.0, "eta_hours": 0.0242, "eta_hours_std": 0.0, "loss": 0.49143, "loss_std": 0.0, "lr": 0.00047, "lr_std": 0.0, "params": 6215.0, "params_std": 0.0, "time_iter": 0.04651, "time_iter_std": 0.0, "accuracy": 0.78237, "accuracy_std": 0.0, "precision": 0.77714, "precision_std": 0.0, "recall": 0.62385, "recall_std": 0.0, "f1": 0.69211, "f1_std": 0.0, "auc": 0.81973, "auc_std": 0.0}
{"epoch": 53, "time_epoch": 1.61517, "time_epoch_std": 0.0, "eta": 85.05467, "eta_std": 0.0, "eta_hours": 0.02363, "eta_hours_std": 0.0, "loss": 0.49281, "loss_std": 0.0, "lr": 0.00045, "lr_std": 0.0, "params": 6215.0, "params_std": 0.0, "time_iter": 0.04615, "time_iter_std": 0.0, "accuracy": 0.78417, "accuracy_std": 0.0, "precision": 0.75, "precision_std": 0.0, "recall": 0.67431, "recall_std": 0.0, "f1": 0.71014, "f1_std": 0.0, "auc": 0.8236, "auc_std": 0.0}
{"epoch": 54, "time_epoch": 1.40259, "time_epoch_std": 0.0, "eta": 82.84039, "eta_std": 0.0, "eta_hours": 0.02301, "eta_hours_std": 0.0, "loss": 0.49835, "loss_std": 0.0, "lr": 0.00044, "lr_std": 0.0, "params": 6215.0, "params_std": 0.0, "time_iter": 0.04007, "time_iter_std": 0.0, "accuracy": 0.76079, "accuracy_std": 0.0, "precision": 0.74566, "precision_std": 0.0, "recall": 0.59174, "recall_std": 0.0, "f1": 0.65985, "f1_std": 0.0, "auc": 0.82007, "auc_std": 0.0}
{"epoch": 55, "time_epoch": 1.5063, "time_epoch_std": 0.0, "eta": 80.7366, "eta_std": 0.0, "eta_hours": 0.02243, "eta_hours_std": 0.0, "loss": 0.49507, "loss_std": 0.0, "lr": 0.00042, "lr_std": 0.0, "params": 6215.0, "params_std": 0.0, "time_iter": 0.04304, "time_iter_std": 0.0, "accuracy": 0.76799, "accuracy_std": 0.0, "precision": 0.74317, "precision_std": 0.0, "recall": 0.62385, "recall_std": 0.0, "f1": 0.6783, "f1_std": 0.0, "auc": 0.82186, "auc_std": 0.0}
{"epoch": 56, "time_epoch": 1.72755, "time_epoch_std": 0.0, "eta": 78.82068, "eta_std": 0.0, "eta_hours": 0.02189, "eta_hours_std": 0.0, "loss": 0.49244, "loss_std": 0.0, "lr": 0.00041, "lr_std": 0.0, "params": 6215.0, "params_std": 0.0, "time_iter": 0.04936, "time_iter_std": 0.0, "accuracy": 0.77698, "accuracy_std": 0.0, "precision": 0.75824, "precision_std": 0.0, "recall": 0.63303, "recall_std": 0.0, "f1": 0.69, "f1_std": 0.0, "auc": 0.81864, "auc_std": 0.0}
{"epoch": 57, "time_epoch": 1.39787, "time_epoch_std": 0.0, "eta": 76.67252, "eta_std": 0.0, "eta_hours": 0.0213, "eta_hours_std": 0.0, "loss": 0.48753, "loss_std": 0.0, "lr": 0.00039, "lr_std": 0.0, "params": 6215.0, "params_std": 0.0, "time_iter": 0.03994, "time_iter_std": 0.0, "accuracy": 0.77698, "accuracy_std": 0.0, "precision": 0.74737, "precision_std": 0.0, "recall": 0.65138, "recall_std": 0.0, "f1": 0.69608, "f1_std": 0.0, "auc": 0.82687, "auc_std": 0.0}
{"epoch": 58, "time_epoch": 1.34224, "time_epoch_std": 0.0, "eta": 74.51114, "eta_std": 0.0, "eta_hours": 0.0207, "eta_hours_std": 0.0, "loss": 0.47894, "loss_std": 0.0, "lr": 0.00038, "lr_std": 0.0, "params": 6215.0, "params_std": 0.0, "time_iter": 0.03835, "time_iter_std": 0.0, "accuracy": 0.77518, "accuracy_std": 0.0, "precision": 0.75135, "precision_std": 0.0, "recall": 0.63761, "recall_std": 0.0, "f1": 0.68983, "f1_std": 0.0, "auc": 0.83995, "auc_std": 0.0}
{"epoch": 59, "time_epoch": 1.63195, "time_epoch_std": 0.0, "eta": 72.5702, "eta_std": 0.0, "eta_hours": 0.02016, "eta_hours_std": 0.0, "loss": 0.47824, "loss_std": 0.0, "lr": 0.00036, "lr_std": 0.0, "params": 6215.0, "params_std": 0.0, "time_iter": 0.04663, "time_iter_std": 0.0, "accuracy": 0.77518, "accuracy_std": 0.0, "precision": 0.73367, "precision_std": 0.0, "recall": 0.66972, "recall_std": 0.0, "f1": 0.70024, "f1_std": 0.0, "auc": 0.83516, "auc_std": 0.0}
{"epoch": 60, "time_epoch": 1.57738, "time_epoch_std": 0.0, "eta": 70.6045, "eta_std": 0.0, "eta_hours": 0.01961, "eta_hours_std": 0.0, "loss": 0.4887, "loss_std": 0.0, "lr": 0.00035, "lr_std": 0.0, "params": 6215.0, "params_std": 0.0, "time_iter": 0.04507, "time_iter_std": 0.0, "accuracy": 0.76799, "accuracy_std": 0.0, "precision": 0.7764, "precision_std": 0.0, "recall": 0.57339, "recall_std": 0.0, "f1": 0.65963, "f1_std": 0.0, "auc": 0.83235, "auc_std": 0.0}
{"epoch": 61, "time_epoch": 1.58171, "time_epoch_std": 0.0, "eta": 68.65398, "eta_std": 0.0, "eta_hours": 0.01907, "eta_hours_std": 0.0, "loss": 0.50553, "loss_std": 0.0, "lr": 0.00033, "lr_std": 0.0, "params": 6215.0, "params_std": 0.0, "time_iter": 0.04519, "time_iter_std": 0.0, "accuracy": 0.76079, "accuracy_std": 0.0, "precision": 0.71795, "precision_std": 0.0, "recall": 0.6422, "recall_std": 0.0, "f1": 0.67797, "f1_std": 0.0, "auc": 0.81442, "auc_std": 0.0}
{"epoch": 62, "time_epoch": 1.59733, "time_epoch_std": 0.0, "eta": 66.72435, "eta_std": 0.0, "eta_hours": 0.01853, "eta_hours_std": 0.0, "loss": 0.49929, "loss_std": 0.0, "lr": 0.00032, "lr_std": 0.0, "params": 6215.0, "params_std": 0.0, "time_iter": 0.04564, "time_iter_std": 0.0, "accuracy": 0.75899, "accuracy_std": 0.0, "precision": 0.7234, "precision_std": 0.0, "recall": 0.62385, "recall_std": 0.0, "f1": 0.66995, "f1_std": 0.0, "auc": 0.81449, "auc_std": 0.0}
{"epoch": 63, "time_epoch": 1.70556, "time_epoch_std": 0.0, "eta": 64.86597, "eta_std": 0.0, "eta_hours": 0.01802, "eta_hours_std": 0.0, "loss": 0.48041, "loss_std": 0.0, "lr": 0.0003, "lr_std": 0.0, "params": 6215.0, "params_std": 0.0, "time_iter": 0.04873, "time_iter_std": 0.0, "accuracy": 0.76799, "accuracy_std": 0.0, "precision": 0.73298, "precision_std": 0.0, "recall": 0.6422, "recall_std": 0.0, "f1": 0.6846, "f1_std": 0.0, "auc": 0.8317, "auc_std": 0.0}
{"epoch": 64, "time_epoch": 1.56414, "time_epoch_std": 0.0, "eta": 62.93615, "eta_std": 0.0, "eta_hours": 0.01748, "eta_hours_std": 0.0, "loss": 0.49387, "loss_std": 0.0, "lr": 0.00029, "lr_std": 0.0, "params": 6215.0, "params_std": 0.0, "time_iter": 0.04469, "time_iter_std": 0.0, "accuracy": 0.77338, "accuracy_std": 0.0, "precision": 0.73958, "precision_std": 0.0, "recall": 0.65138, "recall_std": 0.0, "f1": 0.69268, "f1_std": 0.0, "auc": 0.8227, "auc_std": 0.0}
{"epoch": 65, "time_epoch": 1.60264, "time_epoch_std": 0.0, "eta": 61.03724, "eta_std": 0.0, "eta_hours": 0.01695, "eta_hours_std": 0.0, "loss": 0.48329, "loss_std": 0.0, "lr": 0.00027, "lr_std": 0.0, "params": 6215.0, "params_std": 0.0, "time_iter": 0.04579, "time_iter_std": 0.0, "accuracy": 0.77338, "accuracy_std": 0.0, "precision": 0.73958, "precision_std": 0.0, "recall": 0.65138, "recall_std": 0.0, "f1": 0.69268, "f1_std": 0.0, "auc": 0.8293, "auc_std": 0.0}
{"epoch": 66, "time_epoch": 1.74802, "time_epoch_std": 0.0, "eta": 59.21879, "eta_std": 0.0, "eta_hours": 0.01645, "eta_hours_std": 0.0, "loss": 0.49578, "loss_std": 0.0, "lr": 0.00026, "lr_std": 0.0, "params": 6215.0, "params_std": 0.0, "time_iter": 0.04994, "time_iter_std": 0.0, "accuracy": 0.76439, "accuracy_std": 0.0, "precision": 0.72775, "precision_std": 0.0, "recall": 0.63761, "recall_std": 0.0, "f1": 0.67971, "f1_std": 0.0, "auc": 0.81731, "auc_std": 0.0}
{"epoch": 67, "time_epoch": 1.50484, "time_epoch_std": 0.0, "eta": 57.28796, "eta_std": 0.0, "eta_hours": 0.01591, "eta_hours_std": 0.0, "loss": 0.49128, "loss_std": 0.0, "lr": 0.00025, "lr_std": 0.0, "params": 6215.0, "params_std": 0.0, "time_iter": 0.043, "time_iter_std": 0.0, "accuracy": 0.76799, "accuracy_std": 0.0, "precision": 0.74054, "precision_std": 0.0, "recall": 0.62844, "recall_std": 0.0, "f1": 0.6799, "f1_std": 0.0, "auc": 0.82407, "auc_std": 0.0}
{"epoch": 68, "time_epoch": 1.54979, "time_epoch_std": 0.0, "eta": 55.38968, "eta_std": 0.0, "eta_hours": 0.01539, "eta_hours_std": 0.0, "loss": 0.48982, "loss_std": 0.0, "lr": 0.00023, "lr_std": 0.0, "params": 6215.0, "params_std": 0.0, "time_iter": 0.04428, "time_iter_std": 0.0, "accuracy": 0.76978, "accuracy_std": 0.0, "precision": 0.75281, "precision_std": 0.0, "recall": 0.61468, "recall_std": 0.0, "f1": 0.67677, "f1_std": 0.0, "auc": 0.82094, "auc_std": 0.0}
{"epoch": 69, "time_epoch": 1.65314, "time_epoch_std": 0.0, "eta": 53.54565, "eta_std": 0.0, "eta_hours": 0.01487, "eta_hours_std": 0.0, "loss": 0.48819, "loss_std": 0.0, "lr": 0.00022, "lr_std": 0.0, "params": 6215.0, "params_std": 0.0, "time_iter": 0.04723, "time_iter_std": 0.0, "accuracy": 0.76259, "accuracy_std": 0.0, "precision": 0.72632, "precision_std": 0.0, "recall": 0.63303, "recall_std": 0.0, "f1": 0.67647, "f1_std": 0.0, "auc": 0.82751, "auc_std": 0.0}
{"epoch": 70, "time_epoch": 1.34765, "time_epoch_std": 0.0, "eta": 51.58222, "eta_std": 0.0, "eta_hours": 0.01433, "eta_hours_std": 0.0, "loss": 0.48719, "loss_std": 0.0, "lr": 0.00021, "lr_std": 0.0, "params": 6215.0, "params_std": 0.0, "time_iter": 0.0385, "time_iter_std": 0.0, "accuracy": 0.76259, "accuracy_std": 0.0, "precision": 0.73118, "precision_std": 0.0, "recall": 0.62385, "recall_std": 0.0, "f1": 0.67327, "f1_std": 0.0, "auc": 0.8319, "auc_std": 0.0}
{"epoch": 71, "time_epoch": 1.36627, "time_epoch_std": 0.0, "eta": 49.64313, "eta_std": 0.0, "eta_hours": 0.01379, "eta_hours_std": 0.0, "loss": 0.50127, "loss_std": 0.0, "lr": 0.00019, "lr_std": 0.0, "params": 6215.0, "params_std": 0.0, "time_iter": 0.03904, "time_iter_std": 0.0, "accuracy": 0.76978, "accuracy_std": 0.0, "precision": 0.73936, "precision_std": 0.0, "recall": 0.63761, "recall_std": 0.0, "f1": 0.68473, "f1_std": 0.0, "auc": 0.81681, "auc_std": 0.0}
{"epoch": 72, "time_epoch": 1.41977, "time_epoch_std": 0.0, "eta": 47.73953, "eta_std": 0.0, "eta_hours": 0.01326, "eta_hours_std": 0.0, "loss": 0.49023, "loss_std": 0.0, "lr": 0.00018, "lr_std": 0.0, "params": 6215.0, "params_std": 0.0, "time_iter": 0.04056, "time_iter_std": 0.0, "accuracy": 0.77338, "accuracy_std": 0.0, "precision": 0.75275, "precision_std": 0.0, "recall": 0.62844, "recall_std": 0.0, "f1": 0.685, "f1_std": 0.0, "auc": 0.82129, "auc_std": 0.0}
{"epoch": 73, "time_epoch": 1.56941, "time_epoch_std": 0.0, "eta": 45.90158, "eta_std": 0.0, "eta_hours": 0.01275, "eta_hours_std": 0.0, "loss": 0.48841, "loss_std": 0.0, "lr": 0.00017, "lr_std": 0.0, "params": 6215.0, "params_std": 0.0, "time_iter": 0.04484, "time_iter_std": 0.0, "accuracy": 0.7518, "accuracy_std": 0.0, "precision": 0.71505, "precision_std": 0.0, "recall": 0.61009, "recall_std": 0.0, "f1": 0.65842, "f1_std": 0.0, "auc": 0.82686, "auc_std": 0.0}
{"epoch": 74, "time_epoch": 1.40105, "time_epoch_std": 0.0, "eta": 44.01467, "eta_std": 0.0, "eta_hours": 0.01223, "eta_hours_std": 0.0, "loss": 0.48327, "loss_std": 0.0, "lr": 0.00016, "lr_std": 0.0, "params": 6215.0, "params_std": 0.0, "time_iter": 0.04003, "time_iter_std": 0.0, "accuracy": 0.76439, "accuracy_std": 0.0, "precision": 0.72539, "precision_std": 0.0, "recall": 0.6422, "recall_std": 0.0, "f1": 0.68127, "f1_std": 0.0, "auc": 0.83042, "auc_std": 0.0}
{"epoch": 75, "time_epoch": 1.56714, "time_epoch_std": 0.0, "eta": 42.19299, "eta_std": 0.0, "eta_hours": 0.01172, "eta_hours_std": 0.0, "loss": 0.47239, "loss_std": 0.0, "lr": 0.00015, "lr_std": 0.0, "params": 6215.0, "params_std": 0.0, "time_iter": 0.04478, "time_iter_std": 0.0, "accuracy": 0.77518, "accuracy_std": 0.0, "precision": 0.75135, "precision_std": 0.0, "recall": 0.63761, "recall_std": 0.0, "f1": 0.68983, "f1_std": 0.0, "auc": 0.84128, "auc_std": 0.0}
{"epoch": 76, "time_epoch": 1.63598, "time_epoch_std": 0.0, "eta": 40.39849, "eta_std": 0.0, "eta_hours": 0.01122, "eta_hours_std": 0.0, "loss": 0.47336, "loss_std": 0.0, "lr": 0.00014, "lr_std": 0.0, "params": 6215.0, "params_std": 0.0, "time_iter": 0.04674, "time_iter_std": 0.0, "accuracy": 0.78237, "accuracy_std": 0.0, "precision": 0.76216, "precision_std": 0.0, "recall": 0.64679, "recall_std": 0.0, "f1": 0.69975, "f1_std": 0.0, "auc": 0.83813, "auc_std": 0.0}
{"epoch": 77, "time_epoch": 1.51384, "time_epoch_std": 0.0, "eta": 38.57361, "eta_std": 0.0, "eta_hours": 0.01071, "eta_hours_std": 0.0, "loss": 0.48218, "loss_std": 0.0, "lr": 0.00012, "lr_std": 0.0, "params": 6215.0, "params_std": 0.0, "time_iter": 0.04325, "time_iter_std": 0.0, "accuracy": 0.76799, "accuracy_std": 0.0, "precision": 0.75723, "precision_std": 0.0, "recall": 0.60092, "recall_std": 0.0, "f1": 0.67008, "f1_std": 0.0, "auc": 0.83235, "auc_std": 0.0}
{"epoch": 78, "time_epoch": 1.54968, "time_epoch_std": 0.0, "eta": 36.76612, "eta_std": 0.0, "eta_hours": 0.01021, "eta_hours_std": 0.0, "loss": 0.48813, "loss_std": 0.0, "lr": 0.00011, "lr_std": 0.0, "params": 6215.0, "params_std": 0.0, "time_iter": 0.04428, "time_iter_std": 0.0, "accuracy": 0.76799, "accuracy_std": 0.0, "precision": 0.74317, "precision_std": 0.0, "recall": 0.62385, "recall_std": 0.0, "f1": 0.6783, "f1_std": 0.0, "auc": 0.82889, "auc_std": 0.0}
{"epoch": 79, "time_epoch": 1.66018, "time_epoch_std": 0.0, "eta": 34.99271, "eta_std": 0.0, "eta_hours": 0.00972, "eta_hours_std": 0.0, "loss": 0.48478, "loss_std": 0.0, "lr": 0.0001, "lr_std": 0.0, "params": 6215.0, "params_std": 0.0, "time_iter": 0.04743, "time_iter_std": 0.0, "accuracy": 0.77158, "accuracy_std": 0.0, "precision": 0.76, "precision_std": 0.0, "recall": 0.61009, "recall_std": 0.0, "f1": 0.67684, "f1_std": 0.0, "auc": 0.82962, "auc_std": 0.0}
{"epoch": 80, "time_epoch": 1.55043, "time_epoch_std": 0.0, "eta": 33.19635, "eta_std": 0.0, "eta_hours": 0.00922, "eta_hours_std": 0.0, "loss": 0.50758, "loss_std": 0.0, "lr": 0.0001, "lr_std": 0.0, "params": 6215.0, "params_std": 0.0, "time_iter": 0.0443, "time_iter_std": 0.0, "accuracy": 0.77338, "accuracy_std": 0.0, "precision": 0.75, "precision_std": 0.0, "recall": 0.63303, "recall_std": 0.0, "f1": 0.68657, "f1_std": 0.0, "auc": 0.80874, "auc_std": 0.0}
{"epoch": 81, "time_epoch": 1.46155, "time_epoch_std": 0.0, "eta": 31.38647, "eta_std": 0.0, "eta_hours": 0.00872, "eta_hours_std": 0.0, "loss": 0.48894, "loss_std": 0.0, "lr": 9e-05, "lr_std": 0.0, "params": 6215.0, "params_std": 0.0, "time_iter": 0.04176, "time_iter_std": 0.0, "accuracy": 0.77698, "accuracy_std": 0.0, "precision": 0.76111, "precision_std": 0.0, "recall": 0.62844, "recall_std": 0.0, "f1": 0.68844, "f1_std": 0.0, "auc": 0.82329, "auc_std": 0.0}
{"epoch": 82, "time_epoch": 1.72352, "time_epoch_std": 0.0, "eta": 29.63865, "eta_std": 0.0, "eta_hours": 0.00823, "eta_hours_std": 0.0, "loss": 0.49587, "loss_std": 0.0, "lr": 8e-05, "lr_std": 0.0, "params": 6215.0, "params_std": 0.0, "time_iter": 0.04924, "time_iter_std": 0.0, "accuracy": 0.76978, "accuracy_std": 0.0, "precision": 0.74457, "precision_std": 0.0, "recall": 0.62844, "recall_std": 0.0, "f1": 0.68159, "f1_std": 0.0, "auc": 0.81978, "auc_std": 0.0}
{"epoch": 83, "time_epoch": 1.5755, "time_epoch_std": 0.0, "eta": 27.86321, "eta_std": 0.0, "eta_hours": 0.00774, "eta_hours_std": 0.0, "loss": 0.47882, "loss_std": 0.0, "lr": 7e-05, "lr_std": 0.0, "params": 6215.0, "params_std": 0.0, "time_iter": 0.04501, "time_iter_std": 0.0, "accuracy": 0.77338, "accuracy_std": 0.0, "precision": 0.74211, "precision_std": 0.0, "recall": 0.64679, "recall_std": 0.0, "f1": 0.69118, "f1_std": 0.0, "auc": 0.83319, "auc_std": 0.0}
{"epoch": 84, "time_epoch": 1.55274, "time_epoch_std": 0.0, "eta": 26.08846, "eta_std": 0.0, "eta_hours": 0.00725, "eta_hours_std": 0.0, "loss": 0.48528, "loss_std": 0.0, "lr": 6e-05, "lr_std": 0.0, "params": 6215.0, "params_std": 0.0, "time_iter": 0.04436, "time_iter_std": 0.0, "accuracy": 0.75719, "accuracy_std": 0.0, "precision": 0.72432, "precision_std": 0.0, "recall": 0.61468, "recall_std": 0.0, "f1": 0.66501, "f1_std": 0.0, "auc": 0.82774, "auc_std": 0.0}
{"epoch": 85, "time_epoch": 1.71007, "time_epoch_std": 0.0, "eta": 24.34448, "eta_std": 0.0, "eta_hours": 0.00676, "eta_hours_std": 0.0, "loss": 0.48946, "loss_std": 0.0, "lr": 5e-05, "lr_std": 0.0, "params": 6215.0, "params_std": 0.0, "time_iter": 0.04886, "time_iter_std": 0.0, "accuracy": 0.76259, "accuracy_std": 0.0, "precision": 0.71939, "precision_std": 0.0, "recall": 0.64679, "recall_std": 0.0, "f1": 0.68116, "f1_std": 0.0, "auc": 0.81987, "auc_std": 0.0}
{"epoch": 86, "time_epoch": 1.52705, "time_epoch_std": 0.0, "eta": 22.57393, "eta_std": 0.0, "eta_hours": 0.00627, "eta_hours_std": 0.0, "loss": 0.483, "loss_std": 0.0, "lr": 5e-05, "lr_std": 0.0, "params": 6215.0, "params_std": 0.0, "time_iter": 0.04363, "time_iter_std": 0.0, "accuracy": 0.76439, "accuracy_std": 0.0, "precision": 0.74302, "precision_std": 0.0, "recall": 0.61009, "recall_std": 0.0, "f1": 0.67003, "f1_std": 0.0, "auc": 0.83299, "auc_std": 0.0}
{"epoch": 87, "time_epoch": 1.47918, "time_epoch_std": 0.0, "eta": 20.80239, "eta_std": 0.0, "eta_hours": 0.00578, "eta_hours_std": 0.0, "loss": 0.47327, "loss_std": 0.0, "lr": 4e-05, "lr_std": 0.0, "params": 6215.0, "params_std": 0.0, "time_iter": 0.04226, "time_iter_std": 0.0, "accuracy": 0.77158, "accuracy_std": 0.0, "precision": 0.74074, "precision_std": 0.0, "recall": 0.6422, "recall_std": 0.0, "f1": 0.68796, "f1_std": 0.0, "auc": 0.83949, "auc_std": 0.0}
{"epoch": 88, "time_epoch": 1.88475, "time_epoch_std": 0.0, "eta": 19.08755, "eta_std": 0.0, "eta_hours": 0.0053, "eta_hours_std": 0.0, "loss": 0.47712, "loss_std": 0.0, "lr": 4e-05, "lr_std": 0.0, "params": 6215.0, "params_std": 0.0, "time_iter": 0.05385, "time_iter_std": 0.0, "accuracy": 0.78058, "accuracy_std": 0.0, "precision": 0.75532, "precision_std": 0.0, "recall": 0.65138, "recall_std": 0.0, "f1": 0.69951, "f1_std": 0.0, "auc": 0.83598, "auc_std": 0.0}
{"epoch": 89, "time_epoch": 1.85976, "time_epoch_std": 0.0, "eta": 17.36615, "eta_std": 0.0, "eta_hours": 0.00482, "eta_hours_std": 0.0, "loss": 0.47756, "loss_std": 0.0, "lr": 3e-05, "lr_std": 0.0, "params": 6215.0, "params_std": 0.0, "time_iter": 0.05314, "time_iter_std": 0.0, "accuracy": 0.76799, "accuracy_std": 0.0, "precision": 0.74586, "precision_std": 0.0, "recall": 0.61927, "recall_std": 0.0, "f1": 0.67669, "f1_std": 0.0, "auc": 0.83843, "auc_std": 0.0}
{"epoch": 90, "time_epoch": 1.76371, "time_epoch_std": 0.0, "eta": 15.63222, "eta_std": 0.0, "eta_hours": 0.00434, "eta_hours_std": 0.0, "loss": 0.47617, "loss_std": 0.0, "lr": 2e-05, "lr_std": 0.0, "params": 6215.0, "params_std": 0.0, "time_iter": 0.05039, "time_iter_std": 0.0, "accuracy": 0.77878, "accuracy_std": 0.0, "precision": 0.76536, "precision_std": 0.0, "recall": 0.62844, "recall_std": 0.0, "f1": 0.69018, "f1_std": 0.0, "auc": 0.8314, "auc_std": 0.0}
{"epoch": 91, "time_epoch": 1.66902, "time_epoch_std": 0.0, "eta": 13.8894, "eta_std": 0.0, "eta_hours": 0.00386, "eta_hours_std": 0.0, "loss": 0.47226, "loss_std": 0.0, "lr": 2e-05, "lr_std": 0.0, "params": 6215.0, "params_std": 0.0, "time_iter": 0.04769, "time_iter_std": 0.0, "accuracy": 0.78417, "accuracy_std": 0.0, "precision": 0.75521, "precision_std": 0.0, "recall": 0.66514, "recall_std": 0.0, "f1": 0.70732, "f1_std": 0.0, "auc": 0.84032, "auc_std": 0.0}
{"epoch": 92, "time_epoch": 1.52839, "time_epoch_std": 0.0, "eta": 12.13759, "eta_std": 0.0, "eta_hours": 0.00337, "eta_hours_std": 0.0, "loss": 0.48404, "loss_std": 0.0, "lr": 2e-05, "lr_std": 0.0, "params": 6215.0, "params_std": 0.0, "time_iter": 0.04367, "time_iter_std": 0.0, "accuracy": 0.78597, "accuracy_std": 0.0, "precision": 0.76757, "precision_std": 0.0, "recall": 0.65138, "recall_std": 0.0, "f1": 0.70471, "f1_std": 0.0, "auc": 0.82509, "auc_std": 0.0}
{"epoch": 93, "time_epoch": 1.45851, "time_epoch_std": 0.0, "eta": 10.38607, "eta_std": 0.0, "eta_hours": 0.00289, "eta_hours_std": 0.0, "loss": 0.48718, "loss_std": 0.0, "lr": 1e-05, "lr_std": 0.0, "params": 6215.0, "params_std": 0.0, "time_iter": 0.04167, "time_iter_std": 0.0, "accuracy": 0.76799, "accuracy_std": 0.0, "precision": 0.73298, "precision_std": 0.0, "recall": 0.6422, "recall_std": 0.0, "f1": 0.6846, "f1_std": 0.0, "auc": 0.82767, "auc_std": 0.0}
{"epoch": 94, "time_epoch": 1.61888, "time_epoch_std": 0.0, "eta": 8.64915, "eta_std": 0.0, "eta_hours": 0.0024, "eta_hours_std": 0.0, "loss": 0.48195, "loss_std": 0.0, "lr": 1e-05, "lr_std": 0.0, "params": 6215.0, "params_std": 0.0, "time_iter": 0.04625, "time_iter_std": 0.0, "accuracy": 0.77518, "accuracy_std": 0.0, "precision": 0.7541, "precision_std": 0.0, "recall": 0.63303, "recall_std": 0.0, "f1": 0.68828, "f1_std": 0.0, "auc": 0.83175, "auc_std": 0.0}
{"epoch": 95, "time_epoch": 1.60318, "time_epoch_std": 0.0, "eta": 6.91405, "eta_std": 0.0, "eta_hours": 0.00192, "eta_hours_std": 0.0, "loss": 0.48776, "loss_std": 0.0, "lr": 1e-05, "lr_std": 0.0, "params": 6215.0, "params_std": 0.0, "time_iter": 0.04581, "time_iter_std": 0.0, "accuracy": 0.76439, "accuracy_std": 0.0, "precision": 0.73514, "precision_std": 0.0, "recall": 0.62385, "recall_std": 0.0, "f1": 0.67494, "f1_std": 0.0, "auc": 0.82567, "auc_std": 0.0}
{"epoch": 96, "time_epoch": 1.56251, "time_epoch_std": 0.0, "eta": 5.1804, "eta_std": 0.0, "eta_hours": 0.00144, "eta_hours_std": 0.0, "loss": 0.47816, "loss_std": 0.0, "lr": 0.0, "lr_std": 0.0, "params": 6215.0, "params_std": 0.0, "time_iter": 0.04464, "time_iter_std": 0.0, "accuracy": 0.77518, "accuracy_std": 0.0, "precision": 0.75135, "precision_std": 0.0, "recall": 0.63761, "recall_std": 0.0, "f1": 0.68983, "f1_std": 0.0, "auc": 0.83283, "auc_std": 0.0}
{"epoch": 97, "time_epoch": 1.60756, "time_epoch_std": 0.0, "eta": 3.45117, "eta_std": 0.0, "eta_hours": 0.00096, "eta_hours_std": 0.0, "loss": 0.47823, "loss_std": 0.0, "lr": 0.0, "lr_std": 0.0, "params": 6215.0, "params_std": 0.0, "time_iter": 0.04593, "time_iter_std": 0.0, "accuracy": 0.76259, "accuracy_std": 0.0, "precision": 0.72396, "precision_std": 0.0, "recall": 0.63761, "recall_std": 0.0, "f1": 0.67805, "f1_std": 0.0, "auc": 0.83657, "auc_std": 0.0}
{"epoch": 98, "time_epoch": 1.62247, "time_epoch_std": 0.0, "eta": 1.72454, "eta_std": 0.0, "eta_hours": 0.00048, "eta_hours_std": 0.0, "loss": 0.47799, "loss_std": 0.0, "lr": 0.0, "lr_std": 0.0, "params": 6215.0, "params_std": 0.0, "time_iter": 0.04636, "time_iter_std": 0.0, "accuracy": 0.77878, "accuracy_std": 0.0, "precision": 0.74611, "precision_std": 0.0, "recall": 0.66055, "recall_std": 0.0, "f1": 0.70073, "f1_std": 0.0, "auc": 0.83522, "auc_std": 0.0}
{"epoch": 99, "time_epoch": 1.5664, "time_epoch_std": 0.0, "eta": 0.0, "eta_std": 0.0, "eta_hours": 0.0, "eta_hours_std": 0.0, "loss": 0.47881, "loss_std": 0.0, "lr": 0.0, "lr_std": 0.0, "params": 6215.0, "params_std": 0.0, "time_iter": 0.04475, "time_iter_std": 0.0, "accuracy": 0.77158, "accuracy_std": 0.0, "precision": 0.75138, "precision_std": 0.0, "recall": 0.62385, "recall_std": 0.0, "f1": 0.6817, "f1_std": 0.0, "auc": 0.83311, "auc_std": 0.0}
