{"epoch": 0, "time_epoch": 23.93274, "eta": 2369.341, "eta_hours": 0.65815, "loss": 0.66847329, "lr": 0.001, "params": 6759, "time_iter": 0.18553, "accuracy": 0.60224, "precision": 0.60407, "recall": 0.60465, "f1": 0.60436, "auc": 0.6471}
{"epoch": 1, "time_epoch": 6.35932, "eta": 1484.31103, "eta_hours": 0.41231, "loss": 0.6409676, "lr": 0.00099975, "params": 6759, "time_iter": 0.0493, "accuracy": 0.64021, "precision": 0.64073, "recall": 0.64632, "f1": 0.64351, "auc": 0.68895}
{"epoch": 2, "time_epoch": 6.27836, "eta": 1182.44366, "eta_hours": 0.32846, "loss": 0.62944106, "lr": 0.00099901, "params": 6759, "time_iter": 0.04867, "accuracy": 0.6446, "precision": 0.6544, "recall": 0.62016, "f1": 0.63682, "auc": 0.70122}
{"epoch": 3, "time_epoch": 6.44187, "eta": 1032.29512, "eta_hours": 0.28675, "loss": 0.62710622, "lr": 0.00099778, "params": 6759, "time_iter": 0.04994, "accuracy": 0.648, "precision": 0.66739, "recall": 0.5969, "f1": 0.63018, "auc": 0.70342}
{"epoch": 4, "time_epoch": 6.4722, "eta": 940.2054, "eta_hours": 0.26117, "loss": 0.62670233, "lr": 0.00099606, "params": 6759, "time_iter": 0.05017, "accuracy": 0.64946, "precision": 0.66957, "recall": 0.5969, "f1": 0.63115, "auc": 0.704}
{"epoch": 5, "time_epoch": 6.12064, "eta": 871.1471, "eta_hours": 0.24199, "loss": 0.61496025, "lr": 0.00099384, "params": 6759, "time_iter": 0.04745, "accuracy": 0.6631, "precision": 0.68438, "recall": 0.61143, "f1": 0.64585, "auc": 0.72044}
{"epoch": 6, "time_epoch": 6.04849, "eta": 819.11244, "eta_hours": 0.22753, "loss": 0.61268978, "lr": 0.00099114, "params": 6759, "time_iter": 0.04689, "accuracy": 0.66894, "precision": 0.69469, "recall": 0.60853, "f1": 0.64876, "auc": 0.72285}
{"epoch": 7, "time_epoch": 6.23746, "eta": 780.74747, "eta_hours": 0.21687, "loss": 0.60781711, "lr": 0.00098796, "params": 6759, "time_iter": 0.04835, "accuracy": 0.6665, "precision": 0.6813, "recall": 0.63178, "f1": 0.65561, "auc": 0.72752}
{"epoch": 8, "time_epoch": 6.17805, "eta": 748.92127, "eta_hours": 0.20803, "loss": 0.60416964, "lr": 0.00098429, "params": 6759, "time_iter": 0.04789, "accuracy": 0.66602, "precision": 0.69395, "recall": 0.59981, "f1": 0.64345, "auc": 0.72779}
{"epoch": 9, "time_epoch": 5.84588, "eta": 719.23518, "eta_hours": 0.19979, "loss": 0.60657774, "lr": 0.00098015, "params": 6759, "time_iter": 0.04532, "accuracy": 0.66699, "precision": 0.69463, "recall": 0.60174, "f1": 0.64486, "auc": 0.72843}
{"epoch": 10, "time_epoch": 6.31309, "eta": 697.6638, "eta_hours": 0.1938, "loss": 0.60023924, "lr": 0.00097553, "params": 6759, "time_iter": 0.04894, "accuracy": 0.67575, "precision": 0.70795, "recall": 0.60368, "f1": 0.65167, "auc": 0.73269}
{"epoch": 11, "time_epoch": 6.12725, "eta": 677.27264, "eta_hours": 0.18813, "loss": 0.59866733, "lr": 0.00097044, "params": 6759, "time_iter": 0.0475, "accuracy": 0.66699, "precision": 0.67938, "recall": 0.63857, "f1": 0.65834, "auc": 0.73777}
{"epoch": 12, "time_epoch": 6.34689, "eta": 660.54582, "eta_hours": 0.18348, "loss": 0.59530583, "lr": 0.00096489, "params": 6759, "time_iter": 0.0492, "accuracy": 0.68403, "precision": 0.70703, "recall": 0.63372, "f1": 0.66837, "auc": 0.74543}
{"epoch": 13, "time_epoch": 6.06062, "eta": 643.54336, "eta_hours": 0.17876, "loss": 0.59149625, "lr": 0.00095888, "params": 6759, "time_iter": 0.04698, "accuracy": 0.67722, "precision": 0.68322, "recall": 0.66667, "f1": 0.67484, "auc": 0.7484}
{"epoch": 14, "time_epoch": 6.74708, "eta": 631.88972, "eta_hours": 0.17552, "loss": 0.58057239, "lr": 0.00095241, "params": 6759, "time_iter": 0.0523, "accuracy": 0.69474, "precision": 0.70984, "recall": 0.66376, "f1": 0.68603, "auc": 0.75808}
{"epoch": 15, "time_epoch": 6.55127, "eta": 619.8214, "eta_hours": 0.17217, "loss": 0.58068144, "lr": 0.0009455, "params": 6759, "time_iter": 0.05079, "accuracy": 0.68062, "precision": 0.68913, "recall": 0.66376, "f1": 0.67621, "auc": 0.76159}
{"epoch": 16, "time_epoch": 6.47001, "eta": 608.0054, "eta_hours": 0.16889, "loss": 0.57767999, "lr": 0.00093815, "params": 6759, "time_iter": 0.05016, "accuracy": 0.68403, "precision": 0.69886, "recall": 0.65213, "f1": 0.67469, "auc": 0.76384}
{"epoch": 17, "time_epoch": 6.29159, "eta": 595.97061, "eta_hours": 0.16555, "loss": 0.57348279, "lr": 0.00093037, "params": 6759, "time_iter": 0.04877, "accuracy": 0.68354, "precision": 0.6965, "recall": 0.65601, "f1": 0.67565, "auc": 0.76441}
{"epoch": 18, "time_epoch": 6.29524, "eta": 584.55592, "eta_hours": 0.16238, "loss": 0.56948335, "lr": 0.00092216, "params": 6759, "time_iter": 0.0488, "accuracy": 0.70058, "precision": 0.70997, "recall": 0.68314, "f1": 0.6963, "auc": 0.77288}
{"epoch": 19, "time_epoch": 6.18191, "eta": 573.19984, "eta_hours": 0.15922, "loss": 0.56842791, "lr": 0.00091354, "params": 6759, "time_iter": 0.04792, "accuracy": 0.70302, "precision": 0.7127, "recall": 0.68508, "f1": 0.69862, "auc": 0.77296}
{"epoch": 20, "time_epoch": 5.83791, "eta": 561.04247, "eta_hours": 0.15585, "loss": 0.5631153, "lr": 0.00090451, "params": 6759, "time_iter": 0.04526, "accuracy": 0.70253, "precision": 0.70537, "recall": 0.70058, "f1": 0.70297, "auc": 0.77827}
{"epoch": 21, "time_epoch": 5.93438, "eta": 549.80162, "eta_hours": 0.15272, "loss": 0.56515255, "lr": 0.00089508, "params": 6759, "time_iter": 0.046, "accuracy": 0.70156, "precision": 0.70722, "recall": 0.69283, "f1": 0.69995, "auc": 0.77775}
{"epoch": 22, "time_epoch": 6.15134, "eta": 539.74855, "eta_hours": 0.14993, "loss": 0.56247806, "lr": 0.00088526, "params": 6759, "time_iter": 0.04768, "accuracy": 0.69864, "precision": 0.70629, "recall": 0.68508, "f1": 0.69552, "auc": 0.7781}
{"epoch": 23, "time_epoch": 5.90343, "eta": 529.23557, "eta_hours": 0.14701, "loss": 0.55891628, "lr": 0.00087506, "params": 6759, "time_iter": 0.04576, "accuracy": 0.71519, "precision": 0.7172, "recall": 0.71512, "f1": 0.71616, "auc": 0.78438}
{"epoch": 24, "time_epoch": 5.76942, "eta": 518.68931, "eta_hours": 0.14408, "loss": 0.55661123, "lr": 0.00086448, "params": 6759, "time_iter": 0.04472, "accuracy": 0.70399, "precision": 0.70784, "recall": 0.69961, "f1": 0.7037, "auc": 0.78442}
{"epoch": 25, "time_epoch": 5.92444, "eta": 508.95172, "eta_hours": 0.14138, "loss": 0.54803347, "lr": 0.00085355, "params": 6759, "time_iter": 0.04593, "accuracy": 0.70983, "precision": 0.718, "recall": 0.69574, "f1": 0.70669, "auc": 0.79431}
{"epoch": 26, "time_epoch": 6.51682, "eta": 501.09821, "eta_hours": 0.13919, "loss": 0.55409004, "lr": 0.00084227, "params": 6759, "time_iter": 0.05052, "accuracy": 0.71616, "precision": 0.72383, "recall": 0.70349, "f1": 0.71351, "auc": 0.79058}
{"epoch": 27, "time_epoch": 6.0939, "eta": 492.25267, "eta_hours": 0.13674, "loss": 0.55400285, "lr": 0.00083066, "params": 6759, "time_iter": 0.04724, "accuracy": 0.71908, "precision": 0.71564, "recall": 0.73159, "f1": 0.72353, "auc": 0.79152}
{"epoch": 28, "time_epoch": 6.44254, "eta": 484.45047, "eta_hours": 0.13457, "loss": 0.55196793, "lr": 0.00081871, "params": 6759, "time_iter": 0.04994, "accuracy": 0.71178, "precision": 0.71956, "recall": 0.69864, "f1": 0.70895, "auc": 0.78911}
{"epoch": 29, "time_epoch": 6.54869, "eta": 476.9866, "eta_hours": 0.1325, "loss": 0.54438248, "lr": 0.00080645, "params": 6759, "time_iter": 0.05077, "accuracy": 0.71227, "precision": 0.7234, "recall": 0.69186, "f1": 0.70728, "auc": 0.79617}
{"epoch": 30, "time_epoch": 6.60222, "eta": 469.70092, "eta_hours": 0.13047, "loss": 0.55298996, "lr": 0.00079389, "params": 6759, "time_iter": 0.05118, "accuracy": 0.70935, "precision": 0.70346, "recall": 0.72868, "f1": 0.71585, "auc": 0.78823}
{"epoch": 31, "time_epoch": 6.15527, "eta": 461.50817, "eta_hours": 0.1282, "loss": 0.54357306, "lr": 0.00078104, "params": 6759, "time_iter": 0.04772, "accuracy": 0.71032, "precision": 0.71443, "recall": 0.70543, "f1": 0.7099, "auc": 0.79627}
{"epoch": 32, "time_epoch": 6.34598, "eta": 453.82611, "eta_hours": 0.12606, "loss": 0.54567875, "lr": 0.00076791, "params": 6759, "time_iter": 0.04919, "accuracy": 0.72298, "precision": 0.72674, "recall": 0.71899, "f1": 0.72284, "auc": 0.79653}
{"epoch": 33, "time_epoch": 6.39612, "eta": 446.31998, "eta_hours": 0.12398, "loss": 0.55037794, "lr": 0.00075452, "params": 6759, "time_iter": 0.04958, "accuracy": 0.72152, "precision": 0.72638, "recall": 0.71512, "f1": 0.7207, "auc": 0.79495}
{"epoch": 34, "time_epoch": 6.87266, "eta": 439.76227, "eta_hours": 0.12216, "loss": 0.54547233, "lr": 0.00074088, "params": 6759, "time_iter": 0.05328, "accuracy": 0.72201, "precision": 0.72709, "recall": 0.71512, "f1": 0.72106, "auc": 0.79464}
{"epoch": 35, "time_epoch": 6.59462, "eta": 432.69279, "eta_hours": 0.12019, "loss": 0.54381922, "lr": 0.000727, "params": 6759, "time_iter": 0.05112, "accuracy": 0.71276, "precision": 0.71709, "recall": 0.70736, "f1": 0.7122, "auc": 0.7975}
{"epoch": 36, "time_epoch": 6.36896, "eta": 425.26473, "eta_hours": 0.11813, "loss": 0.54154571, "lr": 0.00071289, "params": 6759, "time_iter": 0.04937, "accuracy": 0.71568, "precision": 0.71748, "recall": 0.71609, "f1": 0.71678, "auc": 0.79883}
{"epoch": 37, "time_epoch": 6.50698, "eta": 418.1176, "eta_hours": 0.11614, "loss": 0.54066516, "lr": 0.00069857, "params": 6759, "time_iter": 0.05044, "accuracy": 0.72541, "precision": 0.72986, "recall": 0.71996, "f1": 0.72488, "auc": 0.80053}
{"epoch": 38, "time_epoch": 6.44, "eta": 410.89855, "eta_hours": 0.11414, "loss": 0.5340718, "lr": 0.00068406, "params": 6759, "time_iter": 0.04992, "accuracy": 0.73028, "precision": 0.73386, "recall": 0.72674, "f1": 0.73028, "auc": 0.80601}
{"epoch": 39, "time_epoch": 6.52137, "eta": 403.8405, "eta_hours": 0.11218, "loss": 0.5426812, "lr": 0.00066937, "params": 6759, "time_iter": 0.05055, "accuracy": 0.7186, "precision": 0.72255, "recall": 0.71415, "f1": 0.71832, "auc": 0.80034}
{"epoch": 40, "time_epoch": 6.63783, "eta": 396.97621, "eta_hours": 0.11027, "loss": 0.54286332, "lr": 0.00065451, "params": 6759, "time_iter": 0.05146, "accuracy": 0.72639, "precision": 0.72771, "recall": 0.72771, "f1": 0.72771, "auc": 0.79961}
{"epoch": 41, "time_epoch": 6.77192, "eta": 390.30789, "eta_hours": 0.10842, "loss": 0.53660014, "lr": 0.0006395, "params": 6759, "time_iter": 0.0525, "accuracy": 0.7298, "precision": 0.73779, "recall": 0.71705, "f1": 0.72727, "auc": 0.80531}
{"epoch": 42, "time_epoch": 6.59973, "eta": 383.40649, "eta_hours": 0.1065, "loss": 0.52325817, "lr": 0.00062434, "params": 6759, "time_iter": 0.05116, "accuracy": 0.72833, "precision": 0.7215, "recall": 0.74806, "f1": 0.73454, "auc": 0.81393}
{"epoch": 43, "time_epoch": 6.2121, "eta": 376.02545, "eta_hours": 0.10445, "loss": 0.54380613, "lr": 0.00060907, "params": 6759, "time_iter": 0.04816, "accuracy": 0.71762, "precision": 0.72376, "recall": 0.70833, "f1": 0.71596, "auc": 0.79839}
{"epoch": 44, "time_epoch": 6.39589, "eta": 368.92101, "eta_hours": 0.10248, "loss": 0.53236283, "lr": 0.00059369, "params": 6759, "time_iter": 0.04958, "accuracy": 0.72785, "precision": 0.73028, "recall": 0.72674, "f1": 0.72851, "auc": 0.80787}
{"epoch": 45, "time_epoch": 6.32027, "eta": 361.7586, "eta_hours": 0.10049, "loss": 0.53296944, "lr": 0.00057822, "params": 6759, "time_iter": 0.04899, "accuracy": 0.73418, "precision": 0.7341, "recall": 0.73837, "f1": 0.73623, "auc": 0.80872}
{"epoch": 46, "time_epoch": 6.25203, "eta": 354.55507, "eta_hours": 0.09849, "loss": 0.52972384, "lr": 0.00056267, "params": 6759, "time_iter": 0.04847, "accuracy": 0.7298, "precision": 0.73544, "recall": 0.7219, "f1": 0.72861, "auc": 0.81196}
{"epoch": 47, "time_epoch": 6.5201, "eta": 347.6816, "eta_hours": 0.09658, "loss": 0.53795649, "lr": 0.00054705, "params": 6759, "time_iter": 0.05054, "accuracy": 0.72493, "precision": 0.7256, "recall": 0.72771, "f1": 0.72666, "auc": 0.80518}
{"epoch": 48, "time_epoch": 6.44016, "eta": 340.73935, "eta_hours": 0.09465, "loss": 0.52828469, "lr": 0.0005314, "params": 6759, "time_iter": 0.04992, "accuracy": 0.72493, "precision": 0.7243, "recall": 0.73062, "f1": 0.72745, "auc": 0.8104}
{"epoch": 49, "time_epoch": 6.15787, "eta": 333.5349, "eta_hours": 0.09265, "loss": 0.52507934, "lr": 0.00051571, "params": 6759, "time_iter": 0.04774, "accuracy": 0.74051, "precision": 0.73921, "recall": 0.74709, "f1": 0.74313, "auc": 0.81376}
{"epoch": 50, "time_epoch": 6.13693, "eta": 326.35137, "eta_hours": 0.09065, "loss": 0.53866895, "lr": 0.0005, "params": 6759, "time_iter": 0.04757, "accuracy": 0.72152, "precision": 0.72505, "recall": 0.71802, "f1": 0.72152, "auc": 0.80238}
{"epoch": 51, "time_epoch": 6.38712, "eta": 319.43903, "eta_hours": 0.08873, "loss": 0.5314901, "lr": 0.00048429, "params": 6759, "time_iter": 0.04951, "accuracy": 0.7332, "precision": 0.73359, "recall": 0.73643, "f1": 0.73501, "auc": 0.81082}
{"epoch": 52, "time_epoch": 6.68384, "eta": 312.80965, "eta_hours": 0.08689, "loss": 0.52715931, "lr": 0.0004686, "params": 6759, "time_iter": 0.05181, "accuracy": 0.73272, "precision": 0.737, "recall": 0.72771, "f1": 0.73233, "auc": 0.8105}
{"epoch": 53, "time_epoch": 6.61813, "eta": 306.12227, "eta_hours": 0.08503, "loss": 0.52820687, "lr": 0.00045295, "params": 6759, "time_iter": 0.0513, "accuracy": 0.72931, "precision": 0.73017, "recall": 0.73159, "f1": 0.73088, "auc": 0.81133}
{"epoch": 54, "time_epoch": 6.59737, "eta": 299.42042, "eta_hours": 0.08317, "loss": 0.52708305, "lr": 0.00043733, "params": 6759, "time_iter": 0.05114, "accuracy": 0.7298, "precision": 0.72521, "recall": 0.74419, "f1": 0.73458, "auc": 0.81206}
{"epoch": 55, "time_epoch": 6.50385, "eta": 292.64882, "eta_hours": 0.08129, "loss": 0.53067896, "lr": 0.00042178, "params": 6759, "time_iter": 0.05042, "accuracy": 0.73028, "precision": 0.73249, "recall": 0.72965, "f1": 0.73107, "auc": 0.81026}
{"epoch": 56, "time_epoch": 6.39652, "eta": 285.80565, "eta_hours": 0.07939, "loss": 0.52743432, "lr": 0.00040631, "params": 6759, "time_iter": 0.04959, "accuracy": 0.73466, "precision": 0.73081, "recall": 0.74709, "f1": 0.73886, "auc": 0.81297}
{"epoch": 57, "time_epoch": 6.76695, "eta": 279.24612, "eta_hours": 0.07757, "loss": 0.52339507, "lr": 0.00039093, "params": 6759, "time_iter": 0.05246, "accuracy": 0.73905, "precision": 0.74125, "recall": 0.73837, "f1": 0.73981, "auc": 0.8141}
{"epoch": 58, "time_epoch": 6.41265, "eta": 272.43336, "eta_hours": 0.07568, "loss": 0.51492341, "lr": 0.00037566, "params": 6759, "time_iter": 0.04971, "accuracy": 0.73661, "precision": 0.73674, "recall": 0.74031, "f1": 0.73852, "auc": 0.82341}
{"epoch": 59, "time_epoch": 6.57094, "eta": 265.73946, "eta_hours": 0.07382, "loss": 0.5202082, "lr": 0.0003605, "params": 6759, "time_iter": 0.05094, "accuracy": 0.73612, "precision": 0.73157, "recall": 0.75, "f1": 0.74067, "auc": 0.81837}
{"epoch": 60, "time_epoch": 6.52426, "eta": 259.01974, "eta_hours": 0.07195, "loss": 0.5187151, "lr": 0.00034549, "params": 6759, "time_iter": 0.05058, "accuracy": 0.75122, "precision": 0.76609, "recall": 0.72674, "f1": 0.7459, "auc": 0.82091}
{"epoch": 61, "time_epoch": 6.48244, "eta": 252.28071, "eta_hours": 0.07008, "loss": 0.52251004, "lr": 0.00033063, "params": 6759, "time_iter": 0.05025, "accuracy": 0.74051, "precision": 0.74294, "recall": 0.73934, "f1": 0.74114, "auc": 0.81691}
{"epoch": 62, "time_epoch": 6.32206, "eta": 245.45562, "eta_hours": 0.06818, "loss": 0.51880813, "lr": 0.00031594, "params": 6759, "time_iter": 0.04901, "accuracy": 0.74197, "precision": 0.74088, "recall": 0.74806, "f1": 0.74446, "auc": 0.81947}
{"epoch": 63, "time_epoch": 6.15464, "eta": 238.55208, "eta_hours": 0.06626, "loss": 0.52516255, "lr": 0.00030143, "params": 6759, "time_iter": 0.04771, "accuracy": 0.72395, "precision": 0.73043, "recall": 0.71415, "f1": 0.7222, "auc": 0.81367}
{"epoch": 64, "time_epoch": 6.11382, "eta": 231.6496, "eta_hours": 0.06435, "loss": 0.52040467, "lr": 0.00028711, "params": 6759, "time_iter": 0.04739, "accuracy": 0.73077, "precision": 0.7323, "recall": 0.73159, "f1": 0.73194, "auc": 0.81741}
{"epoch": 65, "time_epoch": 6.55781, "eta": 224.99975, "eta_hours": 0.0625, "loss": 0.51798274, "lr": 0.000273, "params": 6759, "time_iter": 0.05084, "accuracy": 0.74002, "precision": 0.73669, "recall": 0.75097, "f1": 0.74376, "auc": 0.81995}
{"epoch": 66, "time_epoch": 6.13934, "eta": 218.14652, "eta_hours": 0.0606, "loss": 0.51212611, "lr": 0.00025912, "params": 6759, "time_iter": 0.04759, "accuracy": 0.73515, "precision": 0.73969, "recall": 0.72965, "f1": 0.73463, "auc": 0.82538}
{"epoch": 67, "time_epoch": 6.52514, "eta": 211.49586, "eta_hours": 0.05875, "loss": 0.51756605, "lr": 0.00024548, "params": 6759, "time_iter": 0.05058, "accuracy": 0.74684, "precision": 0.74427, "recall": 0.75581, "f1": 0.75, "auc": 0.82104}
{"epoch": 68, "time_epoch": 6.71724, "eta": 204.93513, "eta_hours": 0.05693, "loss": 0.51600709, "lr": 0.00023209, "params": 6759, "time_iter": 0.05207, "accuracy": 0.7332, "precision": 0.73269, "recall": 0.73837, "f1": 0.73552, "auc": 0.82069}
{"epoch": 69, "time_epoch": 6.1549, "eta": 198.12893, "eta_hours": 0.05504, "loss": 0.51022972, "lr": 0.00021896, "params": 6759, "time_iter": 0.04771, "accuracy": 0.7483, "precision": 0.74927, "recall": 0.75, "f1": 0.74964, "auc": 0.82726}
{"epoch": 70, "time_epoch": 6.22611, "eta": 191.37016, "eta_hours": 0.05316, "loss": 0.50840589, "lr": 0.00020611, "params": 6759, "time_iter": 0.04826, "accuracy": 0.74927, "precision": 0.74456, "recall": 0.7626, "f1": 0.75347, "auc": 0.82953}
{"epoch": 71, "time_epoch": 6.43264, "eta": 184.7065, "eta_hours": 0.05131, "loss": 0.5181792, "lr": 0.00019355, "params": 6759, "time_iter": 0.04987, "accuracy": 0.7371, "precision": 0.74118, "recall": 0.73256, "f1": 0.73684, "auc": 0.8209}
{"epoch": 72, "time_epoch": 6.26103, "eta": 177.98571, "eta_hours": 0.04944, "loss": 0.51246331, "lr": 0.00018129, "params": 6759, "time_iter": 0.04854, "accuracy": 0.74878, "precision": 0.75146, "recall": 0.74709, "f1": 0.74927, "auc": 0.82477}
{"epoch": 73, "time_epoch": 6.06524, "eta": 171.20854, "eta_hours": 0.04756, "loss": 0.51253339, "lr": 0.00016934, "params": 6759, "time_iter": 0.04702, "accuracy": 0.74732, "precision": 0.74452, "recall": 0.75678, "f1": 0.7506, "auc": 0.82521}
{"epoch": 74, "time_epoch": 6.08853, "eta": 164.45813, "eta_hours": 0.04568, "loss": 0.51415811, "lr": 0.00015773, "params": 6759, "time_iter": 0.0472, "accuracy": 0.73953, "precision": 0.75076, "recall": 0.72093, "f1": 0.73554, "auc": 0.82468}
{"epoch": 75, "time_epoch": 6.50488, "eta": 157.85661, "eta_hours": 0.04385, "loss": 0.51435258, "lr": 0.00014645, "params": 6759, "time_iter": 0.05043, "accuracy": 0.74732, "precision": 0.74452, "recall": 0.75678, "f1": 0.7506, "auc": 0.82353}
{"epoch": 76, "time_epoch": 6.30432, "eta": 151.1977, "eta_hours": 0.042, "loss": 0.51903006, "lr": 0.00013552, "params": 6759, "time_iter": 0.04887, "accuracy": 0.74002, "precision": 0.73714, "recall": 0.75, "f1": 0.74352, "auc": 0.82044}
{"epoch": 77, "time_epoch": 6.5306, "eta": 144.61169, "eta_hours": 0.04017, "loss": 0.51390828, "lr": 0.00012494, "params": 6759, "time_iter": 0.05062, "accuracy": 0.74343, "precision": 0.74302, "recall": 0.74806, "f1": 0.74553, "auc": 0.82341}
{"epoch": 78, "time_epoch": 6.19883, "eta": 137.9389, "eta_hours": 0.03832, "loss": 0.51552093, "lr": 0.00011474, "params": 6759, "time_iter": 0.04805, "accuracy": 0.73807, "precision": 0.73479, "recall": 0.74903, "f1": 0.74184, "auc": 0.82164}
{"epoch": 79, "time_epoch": 6.59185, "eta": 131.37622, "eta_hours": 0.03649, "loss": 0.51848856, "lr": 0.00010492, "params": 6759, "time_iter": 0.0511, "accuracy": 0.74197, "precision": 0.7456, "recall": 0.73837, "f1": 0.74197, "auc": 0.8205}
{"epoch": 80, "time_epoch": 6.79802, "eta": 124.86117, "eta_hours": 0.03468, "loss": 0.50988994, "lr": 9.549e-05, "params": 6759, "time_iter": 0.0527, "accuracy": 0.74051, "precision": 0.7383, "recall": 0.74903, "f1": 0.74363, "auc": 0.8275}
{"epoch": 81, "time_epoch": 6.23388, "eta": 118.21539, "eta_hours": 0.03284, "loss": 0.52036903, "lr": 8.646e-05, "params": 6759, "time_iter": 0.04832, "accuracy": 0.74781, "precision": 0.74807, "recall": 0.75097, "f1": 0.74952, "auc": 0.81914}
{"epoch": 82, "time_epoch": 6.4219, "eta": 111.61804, "eta_hours": 0.03101, "loss": 0.51858994, "lr": 7.784e-05, "params": 6759, "time_iter": 0.04978, "accuracy": 0.73807, "precision": 0.74168, "recall": 0.7345, "f1": 0.73807, "auc": 0.82041}
{"epoch": 83, "time_epoch": 6.43469, "eta": 105.02731, "eta_hours": 0.02917, "loss": 0.51197165, "lr": 6.963e-05, "params": 6759, "time_iter": 0.04988, "accuracy": 0.7517, "precision": 0.74669, "recall": 0.7655, "f1": 0.75598, "auc": 0.82593}
{"epoch": 84, "time_epoch": 6.36077, "eta": 98.4272, "eta_hours": 0.02734, "loss": 0.51047286, "lr": 6.185e-05, "params": 6759, "time_iter": 0.04931, "accuracy": 0.74732, "precision": 0.74593, "recall": 0.75388, "f1": 0.74988, "auc": 0.82671}
{"epoch": 85, "time_epoch": 6.27078, "eta": 91.81801, "eta_hours": 0.02551, "loss": 0.51066414, "lr": 5.45e-05, "params": 6759, "time_iter": 0.04861, "accuracy": 0.74781, "precision": 0.74523, "recall": 0.75678, "f1": 0.75096, "auc": 0.82691}
{"epoch": 86, "time_epoch": 6.21854, "eta": 85.20879, "eta_hours": 0.02367, "loss": 0.50962204, "lr": 4.759e-05, "params": 6759, "time_iter": 0.04821, "accuracy": 0.7483, "precision": 0.75024, "recall": 0.74806, "f1": 0.74915, "auc": 0.82881}
{"epoch": 87, "time_epoch": 6.71757, "eta": 78.6765, "eta_hours": 0.02185, "loss": 0.51720795, "lr": 4.112e-05, "params": 6759, "time_iter": 0.05207, "accuracy": 0.7444, "precision": 0.74074, "recall": 0.75581, "f1": 0.7482, "auc": 0.8234}
{"epoch": 88, "time_epoch": 6.29839, "eta": 72.08824, "eta_hours": 0.02002, "loss": 0.51420384, "lr": 3.511e-05, "params": 6759, "time_iter": 0.04882, "accuracy": 0.73856, "precision": 0.7346, "recall": 0.75097, "f1": 0.74269, "auc": 0.8232}
{"epoch": 89, "time_epoch": 6.30828, "eta": 65.50752, "eta_hours": 0.0182, "loss": 0.50651308, "lr": 2.956e-05, "params": 6759, "time_iter": 0.0489, "accuracy": 0.75706, "precision": 0.75551, "recall": 0.76357, "f1": 0.75952, "auc": 0.82966}
{"epoch": 90, "time_epoch": 6.33987, "eta": 58.93591, "eta_hours": 0.01637, "loss": 0.51680602, "lr": 2.447e-05, "params": 6759, "time_iter": 0.04915, "accuracy": 0.74051, "precision": 0.73253, "recall": 0.76163, "f1": 0.74679, "auc": 0.82125}
{"epoch": 91, "time_epoch": 6.50153, "eta": 52.3834, "eta_hours": 0.01455, "loss": 0.51202821, "lr": 1.985e-05, "params": 6759, "time_iter": 0.0504, "accuracy": 0.74537, "precision": 0.74589, "recall": 0.74806, "f1": 0.74698, "auc": 0.82404}
{"epoch": 92, "time_epoch": 5.96822, "eta": 45.79184, "eta_hours": 0.01272, "loss": 0.50711233, "lr": 1.571e-05, "params": 6759, "time_iter": 0.04627, "accuracy": 0.7517, "precision": 0.7534, "recall": 0.75194, "f1": 0.75267, "auc": 0.82931}
{"epoch": 93, "time_epoch": 6.17185, "eta": 39.22654, "eta_hours": 0.0109, "loss": 0.50917244, "lr": 1.204e-05, "params": 6759, "time_iter": 0.04784, "accuracy": 0.75024, "precision": 0.75072, "recall": 0.75291, "f1": 0.75181, "auc": 0.82807}
{"epoch": 94, "time_epoch": 5.82974, "eta": 32.65152, "eta_hours": 0.00907, "loss": 0.50922437, "lr": 8.86e-06, "params": 6759, "time_iter": 0.04519, "accuracy": 0.74489, "precision": 0.7466, "recall": 0.74516, "f1": 0.74588, "auc": 0.82791}
{"epoch": 95, "time_epoch": 5.88273, "eta": 26.09424, "eta_hours": 0.00725, "loss": 0.50793987, "lr": 6.16e-06, "params": 6759, "time_iter": 0.0456, "accuracy": 0.75657, "precision": 0.75189, "recall": 0.76938, "f1": 0.76054, "auc": 0.83046}
{"epoch": 96, "time_epoch": 5.88524, "eta": 19.55093, "eta_hours": 0.00543, "loss": 0.51744944, "lr": 3.94e-06, "params": 6759, "time_iter": 0.04562, "accuracy": 0.74245, "precision": 0.73975, "recall": 0.75194, "f1": 0.7458, "auc": 0.82229}
{"epoch": 97, "time_epoch": 5.92934, "eta": 13.02196, "eta_hours": 0.00362, "loss": 0.51614111, "lr": 2.22e-06, "params": 6759, "time_iter": 0.04596, "accuracy": 0.74927, "precision": 0.75318, "recall": 0.74516, "f1": 0.74915, "auc": 0.82448}
{"epoch": 98, "time_epoch": 6.10394, "eta": 6.50687, "eta_hours": 0.00181, "loss": 0.50742139, "lr": 9.9e-07, "params": 6759, "time_iter": 0.04732, "accuracy": 0.75024, "precision": 0.75317, "recall": 0.74806, "f1": 0.75061, "auc": 0.82955}
{"epoch": 99, "time_epoch": 5.80069, "eta": 0.0, "eta_hours": 0.0, "loss": 0.50462811, "lr": 2.5e-07, "params": 6759, "time_iter": 0.04497, "accuracy": 0.75365, "precision": 0.75192, "recall": 0.76066, "f1": 0.75626, "auc": 0.83021}
