{"epoch": 19, "time_epoch": 0.47032, "time_epoch_std": 0.04841, "eta": 69.51554, "eta_std": 25.32449, "eta_hours": 0.01931, "eta_hours_std": 0.00703, "loss": 0.19911, "loss_std": 0.12723, "lr": 0.00077, "lr_std": 0.00022, "params": 9207.0, "params_std": 0.0, "time_iter": 0.04704, "time_iter_std": 0.00484, "accuracy": 0.91026, "accuracy_std": 0.07365, "accuracy_max": 1.0, "precision": 0.91716, "precision_std": 0.05569, "recall": 0.95192, "recall_std": 0.06305, "f1": 0.93375, "f1_std": 0.05544, "auc": 0.9608, "auc_std": 0.05156}
