{"epoch": 0, "time_epoch": 5.7337, "time_epoch_std": 0.10865, "eta": 567.63663, "eta_std": 10.7563, "eta_hours": 0.15768, "eta_hours_std": 0.00299, "loss": 0.68832, "loss_std": 0.02416, "lr": 0.001, "lr_std": 0.0, "params": 9207.0, "params_std": 0.0, "time_iter": 0.57337, "time_iter_std": 0.01086, "accuracy": 0.55128, "accuracy_std": 0.13629, "accuracy_max": 0.66667, "precision": 0.5, "precision_std": 0.28868, "recall": 0.65384, "recall_std": 0.40885, "f1": 0.56, "f1_std": 0.32985, "auc": 0.43491, "auc_std": 0.10349}
{"epoch": 1, "time_epoch": 7.15003, "time_epoch_std": 0.48359, "eta": 631.30284, "eta_std": 28.97851, "eta_hours": 0.17536, "eta_hours_std": 0.00805, "loss": 0.68078, "loss_std": 0.02224, "lr": 0.001, "lr_std": 0.0, "params": 9207.0, "params_std": 0.0, "time_iter": 0.715, "time_iter_std": 0.04836, "accuracy": 0.58334, "accuracy_std": 0.14434, "accuracy_max": 0.66667, "precision": 0.5, "precision_std": 0.28868, "recall": 0.75, "recall_std": 0.43301, "f1": 0.6, "f1_std": 0.34641, "auc": 0.52663, "auc_std": 0.09685}
{"epoch": 2, "time_epoch": 1.73238, "time_epoch_std": 0.08057, "eta": 472.58757, "eta_std": 18.2469, "eta_hours": 0.13127, "eta_hours_std": 0.00507, "loss": 0.67386, "loss_std": 0.01784, "lr": 0.001, "lr_std": 0.0, "params": 9207.0, "params_std": 0.0, "time_iter": 0.17324, "time_iter_std": 0.00806, "accuracy": 0.58334, "accuracy_std": 0.14434, "accuracy_max": 0.66667, "precision": 0.5, "precision_std": 0.28868, "recall": 0.75, "recall_std": 0.43301, "f1": 0.6, "f1_std": 0.34641, "auc": 0.54364, "auc_std": 0.0556}
{"epoch": 3, "time_epoch": 0.4216, "time_epoch_std": 0.04921, "eta": 360.90516, "eta_std": 13.55397, "eta_hours": 0.10025, "eta_hours_std": 0.00377, "loss": 0.66956, "loss_std": 0.01677, "lr": 0.001, "lr_std": 0.0, "params": 9207.0, "params_std": 0.0, "time_iter": 0.04216, "time_iter_std": 0.00492, "accuracy": 0.58334, "accuracy_std": 0.14434, "accuracy_max": 0.66667, "precision": 0.625, "precision_std": 0.07217, "recall": 0.81731, "recall_std": 0.31643, "f1": 0.6875, "f1_std": 0.19486, "auc": 0.45414, "auc_std": 0.0913}
{"epoch": 4, "time_epoch": 0.4433, "time_epoch_std": 0.0558, "eta": 294.13928, "eta_std": 10.81593, "eta_hours": 0.08171, "eta_hours_std": 0.003, "loss": 0.66261, "loss_std": 0.01197, "lr": 0.001, "lr_std": 0.0, "params": 9207.0, "params_std": 0.0, "time_iter": 0.04433, "time_iter_std": 0.00558, "accuracy": 0.66667, "accuracy_std": 0.0, "accuracy_max": 0.66667, "precision": 0.66667, "precision_std": 0.0, "recall": 1.0, "recall_std": 0.0, "f1": 0.8, "f1_std": 0.0, "auc": 0.54068, "auc_std": 0.10233}
{"epoch": 5, "time_epoch": 0.44, "time_epoch_std": 0.04904, "eta": 249.42932, "eta_std": 9.07543, "eta_hours": 0.06928, "eta_hours_std": 0.00252, "loss": 0.65778, "loss_std": 0.01281, "lr": 0.00099, "lr_std": 0.0, "params": 9207.0, "params_std": 0.0, "time_iter": 0.044, "time_iter_std": 0.00491, "accuracy": 0.66667, "accuracy_std": 0.0, "accuracy_max": 0.66667, "precision": 0.66667, "precision_std": 0.0, "recall": 1.0, "recall_std": 0.0, "f1": 0.8, "f1_std": 0.0, "auc": 0.63462, "auc_std": 0.12497}
{"epoch": 6, "time_epoch": 0.43949, "time_epoch_std": 0.04492, "eta": 217.3611, "eta_std": 7.87649, "eta_hours": 0.06038, "eta_hours_std": 0.00219, "loss": 0.6519, "loss_std": 0.00799, "lr": 0.00099, "lr_std": 0.0, "params": 9207.0, "params_std": 0.0, "time_iter": 0.04395, "time_iter_std": 0.00449, "accuracy": 0.66667, "accuracy_std": 0.0, "accuracy_max": 0.66667, "precision": 0.66667, "precision_std": 0.0, "recall": 1.0, "recall_std": 0.0, "f1": 0.8, "f1_std": 0.0, "auc": 0.65237, "auc_std": 0.05135}
{"epoch": 7, "time_epoch": 0.46182, "time_epoch_std": 0.04766, "eta": 193.45678, "eta_std": 6.90527, "eta_hours": 0.05374, "eta_hours_std": 0.00192, "loss": 0.6474, "loss_std": 0.00933, "lr": 0.00099, "lr_std": 0.0, "params": 9207.0, "params_std": 0.0, "time_iter": 0.04618, "time_iter_std": 0.00477, "accuracy": 0.66667, "accuracy_std": 0.0, "accuracy_max": 0.66667, "precision": 0.66667, "precision_std": 0.0, "recall": 1.0, "recall_std": 0.0, "f1": 0.8, "f1_std": 0.0, "auc": 0.63388, "auc_std": 0.0416}
{"epoch": 8, "time_epoch": 0.46045, "time_epoch_std": 0.05264, "eta": 174.74813, "eta_std": 6.16394, "eta_hours": 0.04854, "eta_hours_std": 0.00171, "loss": 0.63984, "loss_std": 0.00661, "lr": 0.00098, "lr_std": 0.0, "params": 9207.0, "params_std": 0.0, "time_iter": 0.04604, "time_iter_std": 0.00526, "accuracy": 0.66667, "accuracy_std": 0.0, "accuracy_max": 0.66667, "precision": 0.66667, "precision_std": 0.0, "recall": 1.0, "recall_std": 0.0, "f1": 0.8, "f1_std": 0.0, "auc": 0.69157, "auc_std": 0.04345}
{"epoch": 9, "time_epoch": 0.45334, "time_epoch_std": 0.05141, "eta": 159.62509, "eta_std": 5.6078, "eta_hours": 0.04434, "eta_hours_std": 0.00156, "loss": 0.62958, "loss_std": 0.00766, "lr": 0.00098, "lr_std": 0.0, "params": 9207.0, "params_std": 0.0, "time_iter": 0.04533, "time_iter_std": 0.00514, "accuracy": 0.66667, "accuracy_std": 0.0, "accuracy_max": 0.66667, "precision": 0.66667, "precision_std": 0.0, "recall": 1.0, "recall_std": 0.0, "f1": 0.8, "f1_std": 0.0, "auc": 0.77145, "auc_std": 0.07257}
{"epoch": 10, "time_epoch": 0.45705, "time_epoch_std": 0.05159, "eta": 147.19928, "eta_std": 5.17802, "eta_hours": 0.04089, "eta_hours_std": 0.00144, "loss": 0.61978, "loss_std": 0.00419, "lr": 0.00098, "lr_std": 0.0, "params": 9207.0, "params_std": 0.0, "time_iter": 0.0457, "time_iter_std": 0.00516, "accuracy": 0.66667, "accuracy_std": 0.0, "accuracy_max": 0.66667, "precision": 0.66667, "precision_std": 0.0, "recall": 1.0, "recall_std": 0.0, "f1": 0.8, "f1_std": 0.0, "auc": 0.76997, "auc_std": 0.06218}
{"epoch": 11, "time_epoch": 0.45643, "time_epoch_std": 0.05225, "eta": 136.76372, "eta_std": 4.85248, "eta_hours": 0.03799, "eta_hours_std": 0.00135, "loss": 0.60687, "loss_std": 0.0143, "lr": 0.00097, "lr_std": 0.0, "params": 9207.0, "params_std": 0.0, "time_iter": 0.04564, "time_iter_std": 0.00523, "accuracy": 0.67308, "accuracy_std": 0.0111, "accuracy_max": 0.69231, "precision": 0.67106, "precision_std": 0.0076, "recall": 1.0, "recall_std": 0.0, "f1": 0.80313, "f1_std": 0.00541, "auc": 0.76184, "auc_std": 0.10908}
{"epoch": 12, "time_epoch": 0.45544, "time_epoch_std": 0.05221, "eta": 127.85681, "eta_std": 4.60874, "eta_hours": 0.03552, "eta_hours_std": 0.00128, "loss": 0.58467, "loss_std": 0.02701, "lr": 0.00096, "lr_std": 0.0, "params": 9207.0, "params_std": 0.0, "time_iter": 0.04554, "time_iter_std": 0.00522, "accuracy": 0.67949, "accuracy_std": 0.01282, "accuracy_max": 0.69231, "precision": 0.67544, "precision_std": 0.00877, "recall": 1.0, "recall_std": 0.0, "f1": 0.80625, "f1_std": 0.00625, "auc": 0.84024, "auc_std": 0.07941}
{"epoch": 13, "time_epoch": 0.45588, "time_epoch_std": 0.05171, "eta": 120.15991, "eta_std": 4.39601, "eta_hours": 0.03338, "eta_hours_std": 0.00122, "loss": 0.55967, "loss_std": 0.02403, "lr": 0.00096, "lr_std": 0.0, "params": 9207.0, "params_std": 0.0, "time_iter": 0.04559, "time_iter_std": 0.00517, "accuracy": 0.69872, "accuracy_std": 0.02126, "accuracy_max": 0.71795, "precision": 0.68907, "precision_std": 0.01497, "recall": 1.0, "recall_std": 0.0, "f1": 0.81582, "f1_std": 0.01055, "auc": 0.84319, "auc_std": 0.05718}
{"epoch": 14, "time_epoch": 0.45526, "time_epoch_std": 0.05288, "eta": 113.42497, "eta_std": 4.24435, "eta_hours": 0.0315, "eta_hours_std": 0.00118, "loss": 0.51933, "loss_std": 0.03192, "lr": 0.00095, "lr_std": 0.0, "params": 9207.0, "params_std": 0.0, "time_iter": 0.04552, "time_iter_std": 0.00529, "accuracy": 0.71154, "accuracy_std": 0.0111, "accuracy_max": 0.71795, "precision": 0.69808, "precision_std": 0.00801, "recall": 1.0, "recall_std": 0.0, "f1": 0.82218, "f1_std": 0.00559, "auc": 0.87574, "auc_std": 0.0338}
{"epoch": 15, "time_epoch": 0.45759, "time_epoch_std": 0.04957, "eta": 107.48724, "eta_std": 4.11346, "eta_hours": 0.02986, "eta_hours_std": 0.00114, "loss": 0.47657, "loss_std": 0.04616, "lr": 0.00095, "lr_std": 0.0, "params": 9207.0, "params_std": 0.0, "time_iter": 0.04576, "time_iter_std": 0.00496, "accuracy": 0.75, "accuracy_std": 0.03792, "accuracy_max": 0.79487, "precision": 0.74326, "precision_std": 0.03599, "recall": 0.96154, "recall_std": 0.0272, "f1": 0.8374, "f1_std": 0.01888, "auc": 0.89127, "auc_std": 0.02932}
{"epoch": 16, "time_epoch": 0.45643, "time_epoch_std": 0.0517, "eta": 102.18859, "eta_std": 4.00385, "eta_hours": 0.02838, "eta_hours_std": 0.00111, "loss": 0.42633, "loss_std": 0.04868, "lr": 0.00094, "lr_std": 0.0, "params": 9207.0, "params_std": 0.0, "time_iter": 0.04564, "time_iter_std": 0.00517, "accuracy": 0.80769, "accuracy_std": 0.02867, "accuracy_max": 0.84615, "precision": 0.79045, "precision_std": 0.02783, "recall": 0.97116, "recall_std": 0.03189, "f1": 0.87084, "f1_std": 0.01751, "auc": 0.93639, "auc_std": 0.03797}
{"epoch": 17, "time_epoch": 0.45646, "time_epoch_std": 0.05091, "eta": 97.4281, "eta_std": 3.90125, "eta_hours": 0.02706, "eta_hours_std": 0.00108, "loss": 0.41627, "loss_std": 0.05506, "lr": 0.00093, "lr_std": 0.0, "params": 9207.0, "params_std": 0.0, "time_iter": 0.04565, "time_iter_std": 0.00509, "accuracy": 0.80769, "accuracy_std": 0.04622, "accuracy_max": 0.87179, "precision": 0.79581, "precision_std": 0.0435, "recall": 0.96154, "recall_std": 0.0272, "f1": 0.87014, "f1_std": 0.02911, "auc": 0.89793, "auc_std": 0.05545}
{"epoch": 18, "time_epoch": 0.45878, "time_epoch_std": 0.05191, "eta": 93.13055, "eta_std": 3.80957, "eta_hours": 0.02587, "eta_hours_std": 0.00106, "loss": 0.28591, "loss_std": 0.05891, "lr": 0.00092, "lr_std": 0.0, "params": 9207.0, "params_std": 0.0, "time_iter": 0.04588, "time_iter_std": 0.00519, "accuracy": 0.91667, "accuracy_std": 0.02794, "accuracy_max": 0.94872, "precision": 0.89744, "precision_std": 0.03616, "recall": 0.99038, "recall_std": 0.01665, "f1": 0.94102, "f1_std": 0.01825, "auc": 0.9852, "auc_std": 0.0122}
{"epoch": 19, "time_epoch": 0.4581, "time_epoch_std": 0.05454, "eta": 89.21414, "eta_std": 3.73989, "eta_hours": 0.02478, "eta_hours_std": 0.00104, "loss": 0.32405, "loss_std": 0.07496, "lr": 0.00091, "lr_std": 0.0, "params": 9207.0, "params_std": 0.0, "time_iter": 0.04581, "time_iter_std": 0.00546, "accuracy": 0.85256, "accuracy_std": 0.04578, "accuracy_max": 0.92308, "precision": 0.86043, "precision_std": 0.04124, "recall": 0.93269, "recall_std": 0.05689, "f1": 0.89375, "f1_std": 0.0345, "auc": 0.93639, "auc_std": 0.0431}
{"epoch": 20, "time_epoch": 0.4727, "time_epoch_std": 0.0566, "eta": 85.682, "eta_std": 3.66015, "eta_hours": 0.0238, "eta_hours_std": 0.00101, "loss": 0.2456, "loss_std": 0.03346, "lr": 0.0009, "lr_std": 0.0, "params": 9207.0, "params_std": 0.0, "time_iter": 0.04727, "time_iter_std": 0.00566, "accuracy": 0.91026, "accuracy_std": 0.0222, "accuracy_max": 0.94872, "precision": 0.91816, "precision_std": 0.0274, "recall": 0.95192, "recall_std": 0.04191, "f1": 0.9337, "f1_std": 0.01706, "auc": 0.98151, "auc_std": 0.01279}
{"epoch": 21, "time_epoch": 0.46661, "time_epoch_std": 0.05401, "eta": 82.40644, "eta_std": 3.58179, "eta_hours": 0.02289, "eta_hours_std": 0.001, "loss": 0.24385, "loss_std": 0.04922, "lr": 0.0009, "lr_std": 0.0, "params": 9207.0, "params_std": 0.0, "time_iter": 0.04666, "time_iter_std": 0.0054, "accuracy": 0.88462, "accuracy_std": 0.04623, "accuracy_max": 0.94872, "precision": 0.91338, "precision_std": 0.03212, "recall": 0.91346, "recall_std": 0.04191, "f1": 0.91326, "f1_std": 0.03548, "auc": 0.96671, "auc_std": 0.01598}
{"epoch": 22, "time_epoch": 0.46838, "time_epoch_std": 0.05155, "eta": 79.38102, "eta_std": 3.50671, "eta_hours": 0.02205, "eta_hours_std": 0.00097, "loss": 0.19903, "loss_std": 0.08074, "lr": 0.00089, "lr_std": 0.0, "params": 9207.0, "params_std": 0.0, "time_iter": 0.04684, "time_iter_std": 0.00516, "accuracy": 0.92308, "accuracy_std": 0.04797, "accuracy_max": 0.97436, "precision": 0.9433, "precision_std": 0.04229, "recall": 0.94231, "recall_std": 0.043, "f1": 0.94229, "f1_std": 0.03608, "auc": 0.97559, "auc_std": 0.02305}
{"epoch": 23, "time_epoch": 0.46914, "time_epoch_std": 0.04652, "eta": 76.57114, "eta_std": 3.4268, "eta_hours": 0.02127, "eta_hours_std": 0.00095, "loss": 0.19948, "loss_std": 0.03509, "lr": 0.00088, "lr_std": 0.0, "params": 9207.0, "params_std": 0.0, "time_iter": 0.04692, "time_iter_std": 0.00465, "accuracy": 0.91667, "accuracy_std": 0.0111, "accuracy_max": 0.92308, "precision": 0.95077, "precision_std": 0.01599, "recall": 0.92308, "recall_std": 0.0, "f1": 0.93666, "f1_std": 0.00784, "auc": 0.98151, "auc_std": 0.00872}
{"epoch": 24, "time_epoch": 0.48117, "time_epoch_std": 0.03949, "eta": 73.98457, "eta_std": 3.35723, "eta_hours": 0.02055, "eta_hours_std": 0.00093, "loss": 0.18242, "loss_std": 0.03261, "lr": 0.00086, "lr_std": 0.0, "params": 9207.0, "params_std": 0.0, "time_iter": 0.04812, "time_iter_std": 0.00395, "accuracy": 0.91667, "accuracy_std": 0.03331, "accuracy_max": 0.97436, "precision": 0.95949, "precision_std": 0.002, "recall": 0.91346, "recall_std": 0.04996, "f1": 0.93528, "f1_std": 0.02647, "auc": 0.98373, "auc_std": 0.01077}
{"epoch": 25, "time_epoch": 0.47772, "time_epoch_std": 0.04011, "eta": 71.55015, "eta_std": 3.28948, "eta_hours": 0.01988, "eta_hours_std": 0.00091, "loss": 0.16708, "loss_std": 0.02295, "lr": 0.00085, "lr_std": 0.0, "params": 9207.0, "params_std": 0.0, "time_iter": 0.04777, "time_iter_std": 0.00401, "accuracy": 0.9359, "accuracy_std": 0.01282, "accuracy_max": 0.94872, "precision": 0.946, "precision_std": 0.03875, "recall": 0.96154, "recall_std": 0.0272, "f1": 0.9526, "f1_std": 0.00822, "auc": 0.98817, "auc_std": 0.00837}
{"epoch": 26, "time_epoch": 0.47752, "time_epoch_std": 0.03889, "eta": 69.26013, "eta_std": 3.22219, "eta_hours": 0.01924, "eta_hours_std": 0.0009, "loss": 0.10485, "loss_std": 0.02779, "lr": 0.00084, "lr_std": 0.0, "params": 9207.0, "params_std": 0.0, "time_iter": 0.04775, "time_iter_std": 0.00389, "accuracy": 0.97436, "accuracy_std": 0.01813, "accuracy_max": 1.0, "precision": 0.99038, "precision_std": 0.01665, "recall": 0.97115, "recall_std": 0.01665, "f1": 0.98058, "f1_std": 0.0136, "auc": 0.99778, "auc_std": 0.00385}
{"epoch": 27, "time_epoch": 0.48296, "time_epoch_std": 0.03755, "eta": 67.11358, "eta_std": 3.15442, "eta_hours": 0.01864, "eta_hours_std": 0.00088, "loss": 0.18771, "loss_std": 0.05715, "lr": 0.00083, "lr_std": 0.0, "params": 9207.0, "params_std": 0.0, "time_iter": 0.04829, "time_iter_std": 0.00376, "accuracy": 0.92949, "accuracy_std": 0.04203, "accuracy_max": 1.0, "precision": 0.96916, "precision_std": 0.01782, "recall": 0.92308, "recall_std": 0.0471, "f1": 0.9453, "f1_std": 0.03275, "auc": 0.98003, "auc_std": 0.015}
{"epoch": 28, "time_epoch": 0.4793, "time_epoch_std": 0.04353, "eta": 65.07278, "eta_std": 3.10283, "eta_hours": 0.01808, "eta_hours_std": 0.00086, "loss": 0.12097, "loss_std": 0.01166, "lr": 0.00082, "lr_std": 0.0, "params": 9207.0, "params_std": 0.0, "time_iter": 0.04793, "time_iter_std": 0.00435, "accuracy": 0.95513, "accuracy_std": 0.0111, "accuracy_max": 0.97436, "precision": 0.99038, "precision_std": 0.01665, "recall": 0.94231, "recall_std": 0.01923, "f1": 0.96548, "f1_std": 0.00863, "auc": 0.99112, "auc_std": 0.00418}
{"epoch": 29, "time_epoch": 0.47806, "time_epoch_std": 0.04186, "eta": 63.13319, "eta_std": 3.04885, "eta_hours": 0.01754, "eta_hours_std": 0.00085, "loss": 0.14046, "loss_std": 0.10151, "lr": 0.00081, "lr_std": 0.0, "params": 9207.0, "params_std": 0.0, "time_iter": 0.0478, "time_iter_std": 0.00419, "accuracy": 0.95513, "accuracy_std": 0.04924, "accuracy_max": 1.0, "precision": 0.95626, "precision_std": 0.05644, "recall": 0.98077, "recall_std": 0.01923, "f1": 0.96765, "f1_std": 0.03471, "auc": 0.97707, "auc_std": 0.03638}
{"epoch": 30, "time_epoch": 0.48324, "time_epoch_std": 0.0445, "eta": 61.29942, "eta_std": 2.99693, "eta_hours": 0.01703, "eta_hours_std": 0.00083, "loss": 0.13271, "loss_std": 0.07978, "lr": 0.00079, "lr_std": 0.0, "params": 9207.0, "params_std": 0.0, "time_iter": 0.04832, "time_iter_std": 0.00445, "accuracy": 0.94231, "accuracy_std": 0.04924, "accuracy_max": 1.0, "precision": 0.97, "precision_std": 0.03317, "recall": 0.94231, "recall_std": 0.043, "f1": 0.95588, "f1_std": 0.03765, "auc": 0.98743, "auc_std": 0.01393}
{"epoch": 31, "time_epoch": 0.47783, "time_epoch_std": 0.0439, "eta": 59.53857, "eta_std": 2.94884, "eta_hours": 0.01654, "eta_hours_std": 0.00082, "loss": 0.18263, "loss_std": 0.07868, "lr": 0.00078, "lr_std": 0.0, "params": 9207.0, "params_std": 0.0, "time_iter": 0.04778, "time_iter_std": 0.00439, "accuracy": 0.92308, "accuracy_std": 0.05439, "accuracy_max": 1.0, "precision": 0.96065, "precision_std": 0.03949, "recall": 0.92308, "recall_std": 0.06081, "f1": 0.94054, "f1_std": 0.04246, "auc": 0.98225, "auc_std": 0.01929}
{"epoch": 32, "time_epoch": 0.47917, "time_epoch_std": 0.042, "eta": 57.8582, "eta_std": 2.89861, "eta_hours": 0.01607, "eta_hours_std": 0.00081, "loss": 0.1505, "loss_std": 0.04095, "lr": 0.00077, "lr_std": 0.0, "params": 9207.0, "params_std": 0.0, "time_iter": 0.04792, "time_iter_std": 0.0042, "accuracy": 0.9359, "accuracy_std": 0.01282, "accuracy_max": 0.94872, "precision": 0.97077, "precision_std": 0.01689, "recall": 0.9327, "recall_std": 0.03189, "f1": 0.95076, "f1_std": 0.01081, "auc": 0.98668, "auc_std": 0.0061}
{"epoch": 33, "time_epoch": 0.47951, "time_epoch_std": 0.04303, "eta": 56.24913, "eta_std": 2.85149, "eta_hours": 0.01562, "eta_hours_std": 0.00079, "loss": 0.14238, "loss_std": 0.04622, "lr": 0.00075, "lr_std": 0.0, "params": 9207.0, "params_std": 0.0, "time_iter": 0.04795, "time_iter_std": 0.0043, "accuracy": 0.9359, "accuracy_std": 0.0222, "accuracy_max": 0.94872, "precision": 0.96154, "precision_std": 0.0272, "recall": 0.94231, "recall_std": 0.01923, "f1": 0.95154, "f1_std": 0.01644, "auc": 0.98742, "auc_std": 0.01514}
{"epoch": 34, "time_epoch": 0.47764, "time_epoch_std": 0.04039, "eta": 54.70114, "eta_std": 2.79905, "eta_hours": 0.01519, "eta_hours_std": 0.00078, "loss": 0.22928, "loss_std": 0.04867, "lr": 0.00074, "lr_std": 0.0, "params": 9207.0, "params_std": 0.0, "time_iter": 0.04776, "time_iter_std": 0.00404, "accuracy": 0.90385, "accuracy_std": 0.02126, "accuracy_max": 0.92308, "precision": 0.947, "precision_std": 0.05761, "recall": 0.91346, "recall_std": 0.04996, "f1": 0.92698, "f1_std": 0.01445, "auc": 0.96672, "auc_std": 0.02237}
{"epoch": 35, "time_epoch": 0.47913, "time_epoch_std": 0.04243, "eta": 53.21528, "eta_std": 2.75119, "eta_hours": 0.01478, "eta_hours_std": 0.00076, "loss": 0.15424, "loss_std": 0.06002, "lr": 0.00073, "lr_std": 0.0, "params": 9207.0, "params_std": 0.0, "time_iter": 0.04791, "time_iter_std": 0.00424, "accuracy": 0.92308, "accuracy_std": 0.0314, "accuracy_max": 0.97436, "precision": 0.9528, "precision_std": 0.03842, "recall": 0.9327, "recall_std": 0.03189, "f1": 0.94188, "f1_std": 0.02354, "auc": 0.98669, "auc_std": 0.00797}
{"epoch": 36, "time_epoch": 0.48032, "time_epoch_std": 0.04242, "eta": 51.78586, "eta_std": 2.70451, "eta_hours": 0.01438, "eta_hours_std": 0.00075, "loss": 0.10838, "loss_std": 0.04407, "lr": 0.00071, "lr_std": 0.0, "params": 9207.0, "params_std": 0.0, "time_iter": 0.04803, "time_iter_std": 0.00424, "accuracy": 0.96154, "accuracy_std": 0.01282, "accuracy_max": 0.97436, "precision": 0.95401, "precision_std": 0.0147, "recall": 0.99038, "recall_std": 0.01665, "f1": 0.97169, "f1_std": 0.00945, "auc": 0.99112, "auc_std": 0.00912}
{"epoch": 37, "time_epoch": 0.4806, "time_epoch_std": 0.04366, "eta": 50.40686, "eta_std": 2.66139, "eta_hours": 0.014, "eta_hours_std": 0.00074, "loss": 0.14948, "loss_std": 0.0515, "lr": 0.0007, "lr_std": 0.0, "params": 9207.0, "params_std": 0.0, "time_iter": 0.04806, "time_iter_std": 0.00437, "accuracy": 0.92949, "accuracy_std": 0.04203, "accuracy_max": 1.0, "precision": 0.96035, "precision_std": 0.02723, "recall": 0.9327, "recall_std": 0.04191, "f1": 0.94606, "f1_std": 0.03217, "auc": 0.98521, "auc_std": 0.0129}
{"epoch": 38, "time_epoch": 0.48271, "time_epoch_std": 0.04147, "eta": 49.07722, "eta_std": 2.6128, "eta_hours": 0.01363, "eta_hours_std": 0.00073, "loss": 0.14186, "loss_std": 0.0896, "lr": 0.00068, "lr_std": 0.0, "params": 9207.0, "params_std": 0.0, "time_iter": 0.04827, "time_iter_std": 0.00414, "accuracy": 0.94231, "accuracy_std": 0.04578, "accuracy_max": 1.0, "precision": 0.94643, "precision_std": 0.05357, "recall": 0.97115, "recall_std": 0.01665, "f1": 0.95806, "f1_std": 0.03287, "auc": 0.98077, "auc_std": 0.02238}
{"epoch": 39, "time_epoch": 0.4807, "time_epoch_std": 0.04043, "eta": 47.7869, "eta_std": 2.56381, "eta_hours": 0.01327, "eta_hours_std": 0.00071, "loss": 0.13488, "loss_std": 0.13453, "lr": 0.00067, "lr_std": 0.0, "params": 9207.0, "params_std": 0.0, "time_iter": 0.04807, "time_iter_std": 0.00404, "accuracy": 0.94872, "accuracy_std": 0.06014, "accuracy_max": 1.0, "precision": 0.97116, "precision_std": 0.04996, "recall": 0.95192, "recall_std": 0.04191, "f1": 0.96135, "f1_std": 0.04502, "auc": 0.97929, "auc_std": 0.03587}
{"epoch": 40, "time_epoch": 0.47976, "time_epoch_std": 0.04228, "eta": 46.53473, "eta_std": 2.5174, "eta_hours": 0.01292, "eta_hours_std": 0.0007, "loss": 0.0771, "loss_std": 0.02939, "lr": 0.00065, "lr_std": 0.0, "params": 9207.0, "params_std": 0.0, "time_iter": 0.04798, "time_iter_std": 0.00423, "accuracy": 0.96795, "accuracy_std": 0.02794, "accuracy_max": 1.0, "precision": 0.98074, "precision_std": 0.01929, "recall": 0.97116, "recall_std": 0.03189, "f1": 0.97568, "f1_std": 0.02141, "auc": 0.99852, "auc_std": 0.00256}
{"epoch": 41, "time_epoch": 0.4796, "time_epoch_std": 0.0431, "eta": 45.31912, "eta_std": 2.47318, "eta_hours": 0.01259, "eta_hours_std": 0.00069, "loss": 0.17832, "loss_std": 0.06461, "lr": 0.00064, "lr_std": 0.0, "params": 9207.0, "params_std": 0.0, "time_iter": 0.04796, "time_iter_std": 0.00431, "accuracy": 0.92308, "accuracy_std": 0.03626, "accuracy_max": 0.97436, "precision": 0.94636, "precision_std": 0.05371, "recall": 0.94231, "recall_std": 0.043, "f1": 0.94257, "f1_std": 0.02653, "auc": 0.97707, "auc_std": 0.02479}
{"epoch": 42, "time_epoch": 0.47898, "time_epoch_std": 0.04285, "eta": 44.13691, "eta_std": 2.42871, "eta_hours": 0.01226, "eta_hours_std": 0.00067, "loss": 0.13938, "loss_std": 0.09693, "lr": 0.00062, "lr_std": 0.0, "params": 9207.0, "params_std": 0.0, "time_iter": 0.0479, "time_iter_std": 0.00429, "accuracy": 0.9359, "accuracy_std": 0.05286, "accuracy_max": 1.0, "precision": 0.94544, "precision_std": 0.05458, "recall": 0.96154, "recall_std": 0.0272, "f1": 0.953, "f1_std": 0.03851, "auc": 0.97855, "auc_std": 0.02208}
{"epoch": 43, "time_epoch": 0.47887, "time_epoch_std": 0.04263, "eta": 42.98654, "eta_std": 2.38483, "eta_hours": 0.01194, "eta_hours_std": 0.00066, "loss": 0.16736, "loss_std": 0.04976, "lr": 0.00061, "lr_std": 0.0, "params": 9207.0, "params_std": 0.0, "time_iter": 0.04789, "time_iter_std": 0.00426, "accuracy": 0.91667, "accuracy_std": 0.03331, "accuracy_max": 0.94872, "precision": 0.95067, "precision_std": 0.01606, "recall": 0.92308, "recall_std": 0.04711, "f1": 0.93603, "f1_std": 0.02701, "auc": 0.97929, "auc_std": 0.01552}
{"epoch": 44, "time_epoch": 0.47696, "time_epoch_std": 0.04061, "eta": 41.86368, "eta_std": 2.33848, "eta_hours": 0.01163, "eta_hours_std": 0.00065, "loss": 0.07852, "loss_std": 0.01257, "lr": 0.00059, "lr_std": 0.0, "params": 9207.0, "params_std": 0.0, "time_iter": 0.0477, "time_iter_std": 0.00406, "accuracy": 0.96795, "accuracy_std": 0.0111, "accuracy_max": 0.97436, "precision": 0.99074, "precision_std": 0.01604, "recall": 0.96154, "recall_std": 0.0272, "f1": 0.97548, "f1_std": 0.00894, "auc": 0.99926, "auc_std": 0.00128}
{"epoch": 45, "time_epoch": 0.47821, "time_epoch_std": 0.04186, "eta": 40.77036, "eta_std": 2.29418, "eta_hours": 0.01132, "eta_hours_std": 0.00064, "loss": 0.1557, "loss_std": 0.06557, "lr": 0.00058, "lr_std": 0.0, "params": 9207.0, "params_std": 0.0, "time_iter": 0.04782, "time_iter_std": 0.00418, "accuracy": 0.92308, "accuracy_std": 0.01813, "accuracy_max": 0.94872, "precision": 0.9452, "precision_std": 0.03845, "recall": 0.94231, "recall_std": 0.043, "f1": 0.94221, "f1_std": 0.01433, "auc": 0.98373, "auc_std": 0.01264}
{"epoch": 46, "time_epoch": 0.47967, "time_epoch_std": 0.0439, "eta": 39.70488, "eta_std": 2.25219, "eta_hours": 0.01103, "eta_hours_std": 0.00062, "loss": 0.1011, "loss_std": 0.08513, "lr": 0.00056, "lr_std": 0.0, "params": 9207.0, "params_std": 0.0, "time_iter": 0.04797, "time_iter_std": 0.00439, "accuracy": 0.97436, "accuracy_std": 0.04441, "accuracy_max": 1.0, "precision": 0.97322, "precision_std": 0.04639, "recall": 0.99038, "recall_std": 0.01665, "f1": 0.98148, "f1_std": 0.03207, "auc": 0.99038, "auc_std": 0.01665}
{"epoch": 47, "time_epoch": 0.47977, "time_epoch_std": 0.04507, "eta": 38.6639, "eta_std": 2.21064, "eta_hours": 0.01074, "eta_hours_std": 0.00061, "loss": 0.10451, "loss_std": 0.03089, "lr": 0.00055, "lr_std": 0.0, "params": 9207.0, "params_std": 0.0, "time_iter": 0.04798, "time_iter_std": 0.00451, "accuracy": 0.95513, "accuracy_std": 0.02126, "accuracy_max": 0.97436, "precision": 0.95628, "precision_std": 0.04516, "recall": 0.98077, "recall_std": 0.01923, "f1": 0.9673, "f1_std": 0.01448, "auc": 0.99704, "auc_std": 0.00512}
{"epoch": 48, "time_epoch": 0.47943, "time_epoch_std": 0.04098, "eta": 37.64547, "eta_std": 2.16579, "eta_hours": 0.01046, "eta_hours_std": 0.0006, "loss": 0.12071, "loss_std": 0.09111, "lr": 0.00053, "lr_std": 0.0, "params": 9207.0, "params_std": 0.0, "time_iter": 0.04794, "time_iter_std": 0.0041, "accuracy": 0.9359, "accuracy_std": 0.03846, "accuracy_max": 0.97436, "precision": 0.96261, "precision_std": 0.04536, "recall": 0.94231, "recall_std": 0.01923, "f1": 0.9519, "f1_std": 0.02788, "auc": 0.98373, "auc_std": 0.0248}
{"epoch": 49, "time_epoch": 0.48245, "time_epoch_std": 0.04104, "eta": 36.65164, "eta_std": 2.12071, "eta_hours": 0.01018, "eta_hours_std": 0.00059, "loss": 0.07704, "loss_std": 0.03353, "lr": 0.00052, "lr_std": 0.0, "params": 9207.0, "params_std": 0.0, "time_iter": 0.04824, "time_iter_std": 0.00411, "accuracy": 0.95513, "accuracy_std": 0.02126, "accuracy_max": 0.97436, "precision": 0.96362, "precision_std": 0.03639, "recall": 0.97115, "recall_std": 0.01665, "f1": 0.96678, "f1_std": 0.01526, "auc": 0.9963, "auc_std": 0.00485}
{"epoch": 50, "time_epoch": 0.48449, "time_epoch_std": 0.04168, "eta": 35.6798, "eta_std": 2.07595, "eta_hours": 0.00991, "eta_hours_std": 0.00058, "loss": 0.13004, "loss_std": 0.07515, "lr": 0.0005, "lr_std": 0.0, "params": 9207.0, "params_std": 0.0, "time_iter": 0.04845, "time_iter_std": 0.00417, "accuracy": 0.94231, "accuracy_std": 0.02794, "accuracy_max": 0.97436, "precision": 0.95705, "precision_std": 0.05449, "recall": 0.96154, "recall_std": 0.0272, "f1": 0.95762, "f1_std": 0.0186, "auc": 0.98299, "auc_std": 0.02434}
{"epoch": 51, "time_epoch": 0.48538, "time_epoch_std": 0.04301, "eta": 34.72754, "eta_std": 2.03302, "eta_hours": 0.00965, "eta_hours_std": 0.00057, "loss": 0.12007, "loss_std": 0.09783, "lr": 0.00048, "lr_std": 0.0, "params": 9207.0, "params_std": 0.0, "time_iter": 0.04854, "time_iter_std": 0.0043, "accuracy": 0.95513, "accuracy_std": 0.06378, "accuracy_max": 1.0, "precision": 0.96428, "precision_std": 0.06186, "recall": 0.97116, "recall_std": 0.03189, "f1": 0.96732, "f1_std": 0.04598, "auc": 0.98669, "auc_std": 0.02306}
{"epoch": 52, "time_epoch": 0.48266, "time_epoch_std": 0.04216, "eta": 33.79049, "eta_std": 1.98933, "eta_hours": 0.00939, "eta_hours_std": 0.00055, "loss": 0.10787, "loss_std": 0.05649, "lr": 0.00047, "lr_std": 0.0, "params": 9207.0, "params_std": 0.0, "time_iter": 0.04826, "time_iter_std": 0.00422, "accuracy": 0.98077, "accuracy_std": 0.02126, "accuracy_max": 1.0, "precision": 0.99074, "precision_std": 0.01604, "recall": 0.98077, "recall_std": 0.03331, "f1": 0.98528, "f1_std": 0.0165, "auc": 0.99482, "auc_std": 0.00736}
{"epoch": 53, "time_epoch": 0.48044, "time_epoch_std": 0.03823, "eta": 32.86836, "eta_std": 1.94241, "eta_hours": 0.00913, "eta_hours_std": 0.00054, "loss": 0.08, "loss_std": 0.02704, "lr": 0.00045, "lr_std": 0.0, "params": 9207.0, "params_std": 0.0, "time_iter": 0.04804, "time_iter_std": 0.00383, "accuracy": 0.96795, "accuracy_std": 0.02126, "accuracy_max": 1.0, "precision": 0.97288, "precision_std": 0.02972, "recall": 0.98077, "recall_std": 0.03331, "f1": 0.97602, "f1_std": 0.01603, "auc": 0.99704, "auc_std": 0.00512}
{"epoch": 54, "time_epoch": 0.48024, "time_epoch_std": 0.03705, "eta": 31.96214, "eta_std": 1.89535, "eta_hours": 0.00888, "eta_hours_std": 0.00053, "loss": 0.05947, "loss_std": 0.01868, "lr": 0.00044, "lr_std": 0.0, "params": 9207.0, "params_std": 0.0, "time_iter": 0.04803, "time_iter_std": 0.0037, "accuracy": 0.97436, "accuracy_std": 0.0, "accuracy_max": 0.97436, "precision": 1.0, "precision_std": 0.0, "recall": 0.96154, "recall_std": 0.0, "f1": 0.98039, "f1_std": 0.0, "auc": 0.99926, "auc_std": 0.00128}
{"epoch": 55, "time_epoch": 0.48265, "time_epoch_std": 0.03568, "eta": 31.07303, "eta_std": 1.84773, "eta_hours": 0.00863, "eta_hours_std": 0.00051, "loss": 0.11843, "loss_std": 0.08001, "lr": 0.00042, "lr_std": 0.0, "params": 9207.0, "params_std": 0.0, "time_iter": 0.04826, "time_iter_std": 0.00357, "accuracy": 0.95513, "accuracy_std": 0.04578, "accuracy_max": 1.0, "precision": 0.96322, "precision_std": 0.04378, "recall": 0.97116, "recall_std": 0.03189, "f1": 0.96678, "f1_std": 0.03366, "auc": 0.98595, "auc_std": 0.0144}
{"epoch": 56, "time_epoch": 0.47887, "time_epoch_std": 0.03416, "eta": 30.19533, "eta_std": 1.79905, "eta_hours": 0.00839, "eta_hours_std": 0.0005, "loss": 0.09886, "loss_std": 0.07659, "lr": 0.00041, "lr_std": 0.0, "params": 9207.0, "params_std": 0.0, "time_iter": 0.04789, "time_iter_std": 0.00342, "accuracy": 0.97436, "accuracy_std": 0.02564, "accuracy_max": 1.0, "precision": 0.98214, "precision_std": 0.03093, "recall": 0.98077, "recall_std": 0.03331, "f1": 0.98074, "f1_std": 0.01929, "auc": 0.98447, "auc_std": 0.02361}
{"epoch": 57, "time_epoch": 0.48249, "time_epoch_std": 0.03591, "eta": 29.33399, "eta_std": 1.7527, "eta_hours": 0.00815, "eta_hours_std": 0.00049, "loss": 0.05747, "loss_std": 0.02861, "lr": 0.00039, "lr_std": 0.0, "params": 9207.0, "params_std": 0.0, "time_iter": 0.04825, "time_iter_std": 0.00359, "accuracy": 0.98718, "accuracy_std": 0.0222, "accuracy_max": 1.0, "precision": 0.99038, "precision_std": 0.01665, "recall": 0.99038, "recall_std": 0.01665, "f1": 0.99038, "f1_std": 0.01665, "auc": 0.99852, "auc_std": 0.00256}
{"epoch": 58, "time_epoch": 0.48314, "time_epoch_std": 0.03481, "eta": 28.48596, "eta_std": 1.70509, "eta_hours": 0.00791, "eta_hours_std": 0.00047, "loss": 0.09277, "loss_std": 0.03343, "lr": 0.00038, "lr_std": 0.0, "params": 9207.0, "params_std": 0.0, "time_iter": 0.04832, "time_iter_std": 0.00348, "accuracy": 0.98077, "accuracy_std": 0.02126, "accuracy_max": 1.0, "precision": 0.99038, "precision_std": 0.01665, "recall": 0.98077, "recall_std": 0.01923, "f1": 0.98548, "f1_std": 0.01597, "auc": 0.99778, "auc_std": 0.00245}
{"epoch": 59, "time_epoch": 0.48568, "time_epoch_std": 0.03529, "eta": 27.65178, "eta_std": 1.65898, "eta_hours": 0.00768, "eta_hours_std": 0.00046, "loss": 0.1187, "loss_std": 0.06918, "lr": 0.00036, "lr_std": 0.0, "params": 9207.0, "params_std": 0.0, "time_iter": 0.04857, "time_iter_std": 0.00353, "accuracy": 0.96154, "accuracy_std": 0.02867, "accuracy_max": 1.0, "precision": 0.95628, "precision_std": 0.04516, "recall": 0.99038, "recall_std": 0.01665, "f1": 0.9722, "f1_std": 0.02025, "auc": 0.98594, "auc_std": 0.02096}
{"epoch": 60, "time_epoch": 0.4854, "time_epoch_std": 0.03598, "eta": 26.82885, "eta_std": 1.6135, "eta_hours": 0.00745, "eta_hours_std": 0.00045, "loss": 0.16248, "loss_std": 0.1452, "lr": 0.00035, "lr_std": 0.0, "params": 9207.0, "params_std": 0.0, "time_iter": 0.04854, "time_iter_std": 0.0036, "accuracy": 0.92949, "accuracy_std": 0.06378, "accuracy_max": 0.97436, "precision": 0.9537, "precision_std": 0.06072, "recall": 0.94231, "recall_std": 0.043, "f1": 0.94736, "f1_std": 0.04664, "auc": 0.97337, "auc_std": 0.04612}
{"epoch": 61, "time_epoch": 0.48383, "time_epoch_std": 0.03481, "eta": 26.01585, "eta_std": 1.56769, "eta_hours": 0.00723, "eta_hours_std": 0.00043, "loss": 0.09809, "loss_std": 0.02443, "lr": 0.00033, "lr_std": 0.0, "params": 9207.0, "params_std": 0.0, "time_iter": 0.04838, "time_iter_std": 0.00348, "accuracy": 0.94231, "accuracy_std": 0.02126, "accuracy_max": 0.97436, "precision": 0.99, "precision_std": 0.01732, "recall": 0.92308, "recall_std": 0.0272, "f1": 0.95509, "f1_std": 0.01676, "auc": 0.9963, "auc_std": 0.00385}
{"epoch": 62, "time_epoch": 0.48501, "time_epoch_std": 0.03616, "eta": 25.21398, "eta_std": 1.52295, "eta_hours": 0.00701, "eta_hours_std": 0.00042, "loss": 0.08574, "loss_std": 0.05005, "lr": 0.00032, "lr_std": 0.0, "params": 9207.0, "params_std": 0.0, "time_iter": 0.0485, "time_iter_std": 0.00361, "accuracy": 0.96154, "accuracy_std": 0.02867, "accuracy_max": 1.0, "precision": 0.99, "precision_std": 0.01732, "recall": 0.95192, "recall_std": 0.03189, "f1": 0.97039, "f1_std": 0.02201, "auc": 0.9963, "auc_std": 0.00385}
{"epoch": 63, "time_epoch": 0.47992, "time_epoch_std": 0.03854, "eta": 24.41916, "eta_std": 1.47984, "eta_hours": 0.00678, "eta_hours_std": 0.00041, "loss": 0.06795, "loss_std": 0.04308, "lr": 0.0003, "lr_std": 0.0, "params": 9207.0, "params_std": 0.0, "time_iter": 0.04799, "time_iter_std": 0.00386, "accuracy": 0.98077, "accuracy_std": 0.0111, "accuracy_max": 1.0, "precision": 0.99074, "precision_std": 0.01604, "recall": 0.98077, "recall_std": 0.01923, "f1": 0.98548, "f1_std": 0.00839, "auc": 0.99556, "auc_std": 0.00769}
{"epoch": 64, "time_epoch": 0.48324, "time_epoch_std": 0.03709, "eta": 23.63582, "eta_std": 1.43616, "eta_hours": 0.00656, "eta_hours_std": 0.0004, "loss": 0.09499, "loss_std": 0.01165, "lr": 0.00029, "lr_std": 0.0, "params": 9207.0, "params_std": 0.0, "time_iter": 0.04832, "time_iter_std": 0.00371, "accuracy": 0.96154, "accuracy_std": 0.01282, "accuracy_max": 0.97436, "precision": 0.99074, "precision_std": 0.01604, "recall": 0.95192, "recall_std": 0.03189, "f1": 0.97038, "f1_std": 0.01038, "auc": 0.99926, "auc_std": 0.00128}
{"epoch": 65, "time_epoch": 0.48213, "time_epoch_std": 0.03627, "eta": 22.86099, "eta_std": 1.3919, "eta_hours": 0.00635, "eta_hours_std": 0.00039, "loss": 0.1372, "loss_std": 0.0934, "lr": 0.00027, "lr_std": 0.0, "params": 9207.0, "params_std": 0.0, "time_iter": 0.04822, "time_iter_std": 0.00363, "accuracy": 0.96154, "accuracy_std": 0.02867, "accuracy_max": 1.0, "precision": 0.95628, "precision_std": 0.04516, "recall": 0.99038, "recall_std": 0.01665, "f1": 0.9722, "f1_std": 0.02025, "auc": 0.97781, "auc_std": 0.02659}
{"epoch": 66, "time_epoch": 0.47911, "time_epoch_std": 0.03672, "eta": 22.09341, "eta_std": 1.34819, "eta_hours": 0.00614, "eta_hours_std": 0.00037, "loss": 0.08202, "loss_std": 0.03996, "lr": 0.00026, "lr_std": 0.0, "params": 9207.0, "params_std": 0.0, "time_iter": 0.04791, "time_iter_std": 0.00367, "accuracy": 0.97436, "accuracy_std": 0.01813, "accuracy_max": 1.0, "precision": 0.98112, "precision_std": 0.01888, "recall": 0.98077, "recall_std": 0.01923, "f1": 0.98076, "f1_std": 0.0136, "auc": 0.99778, "auc_std": 0.00245}
{"epoch": 67, "time_epoch": 0.478, "time_epoch_std": 0.0352, "eta": 21.3338, "eta_std": 1.30434, "eta_hours": 0.00593, "eta_hours_std": 0.00036, "loss": 0.05522, "loss_std": 0.03814, "lr": 0.00025, "lr_std": 0.0, "params": 9207.0, "params_std": 0.0, "time_iter": 0.0478, "time_iter_std": 0.00352, "accuracy": 0.97436, "accuracy_std": 0.02564, "accuracy_max": 1.0, "precision": 0.99038, "precision_std": 0.01665, "recall": 0.97116, "recall_std": 0.03189, "f1": 0.98038, "f1_std": 0.01962, "auc": 0.99704, "auc_std": 0.00512}
{"epoch": 68, "time_epoch": 0.48168, "time_epoch_std": 0.03992, "eta": 20.584, "eta_std": 1.263, "eta_hours": 0.00572, "eta_hours_std": 0.00035, "loss": 0.0424, "loss_std": 0.01268, "lr": 0.00023, "lr_std": 0.0, "params": 9207.0, "params_std": 0.0, "time_iter": 0.04817, "time_iter_std": 0.00399, "accuracy": 0.99359, "accuracy_std": 0.0111, "accuracy_max": 1.0, "precision": 1.0, "precision_std": 0.0, "recall": 0.99038, "recall_std": 0.01665, "f1": 0.9951, "f1_std": 0.00849, "auc": 1.0, "auc_std": 0.0}
{"epoch": 69, "time_epoch": 0.48369, "time_epoch_std": 0.03969, "eta": 19.84273, "eta_std": 1.22154, "eta_hours": 0.00551, "eta_hours_std": 0.00034, "loss": 0.06066, "loss_std": 0.03893, "lr": 0.00022, "lr_std": 0.0, "params": 9207.0, "params_std": 0.0, "time_iter": 0.04837, "time_iter_std": 0.00397, "accuracy": 0.98718, "accuracy_std": 0.0222, "accuracy_max": 1.0, "precision": 0.98214, "precision_std": 0.03093, "recall": 1.0, "recall_std": 0.0, "f1": 0.99074, "f1_std": 0.01604, "auc": 0.99778, "auc_std": 0.00385}
{"epoch": 70, "time_epoch": 0.48257, "time_epoch_std": 0.03987, "eta": 19.10825, "eta_std": 1.17992, "eta_hours": 0.00531, "eta_hours_std": 0.00033, "loss": 0.07786, "loss_std": 0.00303, "lr": 0.00021, "lr_std": 0.0, "params": 9207.0, "params_std": 0.0, "time_iter": 0.04826, "time_iter_std": 0.00399, "accuracy": 0.97436, "accuracy_std": 0.01813, "accuracy_max": 1.0, "precision": 1.0, "precision_std": 0.0, "recall": 0.96154, "recall_std": 0.0272, "f1": 0.9802, "f1_std": 0.01414, "auc": 1.0, "auc_std": 0.0}
{"epoch": 71, "time_epoch": 0.48566, "time_epoch_std": 0.03904, "eta": 18.38198, "eta_std": 1.13836, "eta_hours": 0.00511, "eta_hours_std": 0.00031, "loss": 0.12078, "loss_std": 0.03827, "lr": 0.00019, "lr_std": 0.0, "params": 9207.0, "params_std": 0.0, "time_iter": 0.04856, "time_iter_std": 0.00391, "accuracy": 0.95513, "accuracy_std": 0.02126, "accuracy_max": 0.97436, "precision": 0.96362, "precision_std": 0.03639, "recall": 0.97115, "recall_std": 0.01665, "f1": 0.96678, "f1_std": 0.01526, "auc": 0.9926, "auc_std": 0.0049}
{"epoch": 72, "time_epoch": 0.48084, "time_epoch_std": 0.03848, "eta": 17.6605, "eta_std": 1.09659, "eta_hours": 0.0049, "eta_hours_std": 0.0003, "loss": 0.04495, "loss_std": 0.02262, "lr": 0.00018, "lr_std": 0.0, "params": 9207.0, "params_std": 0.0, "time_iter": 0.04808, "time_iter_std": 0.00385, "accuracy": 0.98077, "accuracy_std": 0.02126, "accuracy_max": 1.0, "precision": 0.99038, "precision_std": 0.01665, "recall": 0.98077, "recall_std": 0.01923, "f1": 0.98548, "f1_std": 0.01597, "auc": 0.99926, "auc_std": 0.00128}
{"epoch": 73, "time_epoch": 0.48344, "time_epoch_std": 0.03543, "eta": 16.94646, "eta_std": 1.05395, "eta_hours": 0.00471, "eta_hours_std": 0.00029, "loss": 0.05972, "loss_std": 0.02461, "lr": 0.00017, "lr_std": 0.0, "params": 9207.0, "params_std": 0.0, "time_iter": 0.04834, "time_iter_std": 0.00354, "accuracy": 0.99359, "accuracy_std": 0.0111, "accuracy_max": 1.0, "precision": 1.0, "precision_std": 0.0, "recall": 0.99038, "recall_std": 0.01665, "f1": 0.9951, "f1_std": 0.00849, "auc": 1.0, "auc_std": 0.0}
{"epoch": 74, "time_epoch": 0.4831, "time_epoch_std": 0.0367, "eta": 16.23844, "eta_std": 1.01181, "eta_hours": 0.00451, "eta_hours_std": 0.00028, "loss": 0.06435, "loss_std": 0.01971, "lr": 0.00016, "lr_std": 0.0, "params": 9207.0, "params_std": 0.0, "time_iter": 0.04831, "time_iter_std": 0.00367, "accuracy": 0.98077, "accuracy_std": 0.0111, "accuracy_max": 1.0, "precision": 0.99074, "precision_std": 0.01604, "recall": 0.98077, "recall_std": 0.01923, "f1": 0.98548, "f1_std": 0.00839, "auc": 1.0, "auc_std": 0.0}
{"epoch": 75, "time_epoch": 0.48288, "time_epoch_std": 0.03463, "eta": 15.53628, "eta_std": 0.9692, "eta_hours": 0.00432, "eta_hours_std": 0.00027, "loss": 0.11684, "loss_std": 0.06509, "lr": 0.00015, "lr_std": 0.0, "params": 9207.0, "params_std": 0.0, "time_iter": 0.04829, "time_iter_std": 0.00346, "accuracy": 0.94872, "accuracy_std": 0.03626, "accuracy_max": 1.0, "precision": 0.94506, "precision_std": 0.0318, "recall": 0.98077, "recall_std": 0.03331, "f1": 0.96225, "f1_std": 0.0272, "auc": 0.98742, "auc_std": 0.01514}
{"epoch": 76, "time_epoch": 0.48232, "time_epoch_std": 0.03635, "eta": 14.83963, "eta_std": 0.9272, "eta_hours": 0.00412, "eta_hours_std": 0.00026, "loss": 0.08297, "loss_std": 0.05594, "lr": 0.00014, "lr_std": 0.0, "params": 9207.0, "params_std": 0.0, "time_iter": 0.04823, "time_iter_std": 0.00363, "accuracy": 0.96795, "accuracy_std": 0.02794, "accuracy_max": 1.0, "precision": 0.97222, "precision_std": 0.03071, "recall": 0.98077, "recall_std": 0.01923, "f1": 0.97623, "f1_std": 0.02052, "auc": 0.99482, "auc_std": 0.00897}
{"epoch": 77, "time_epoch": 0.48502, "time_epoch_std": 0.04143, "eta": 14.14926, "eta_std": 0.88692, "eta_hours": 0.00393, "eta_hours_std": 0.00025, "loss": 0.09935, "loss_std": 0.06672, "lr": 0.00012, "lr_std": 0.0, "params": 9207.0, "params_std": 0.0, "time_iter": 0.0485, "time_iter_std": 0.00414, "accuracy": 0.97436, "accuracy_std": 0.02564, "accuracy_max": 1.0, "precision": 0.98214, "precision_std": 0.03093, "recall": 0.98077, "recall_std": 0.03331, "f1": 0.98074, "f1_std": 0.01929, "auc": 0.98742, "auc_std": 0.02178}
{"epoch": 78, "time_epoch": 0.48102, "time_epoch_std": 0.03605, "eta": 13.463, "eta_std": 0.84529, "eta_hours": 0.00374, "eta_hours_std": 0.00024, "loss": 0.06678, "loss_std": 0.02099, "lr": 0.00011, "lr_std": 0.0, "params": 9207.0, "params_std": 0.0, "time_iter": 0.0481, "time_iter_std": 0.00361, "accuracy": 0.98077, "accuracy_std": 0.02126, "accuracy_max": 1.0, "precision": 0.99038, "precision_std": 0.01665, "recall": 0.98077, "recall_std": 0.01923, "f1": 0.98548, "f1_std": 0.01597, "auc": 0.99926, "auc_std": 0.00128}
{"epoch": 79, "time_epoch": 0.48052, "time_epoch_std": 0.03725, "eta": 12.78177, "eta_std": 0.80419, "eta_hours": 0.00355, "eta_hours_std": 0.00022, "loss": 0.04152, "loss_std": 0.03085, "lr": 0.0001, "lr_std": 0.0, "params": 9207.0, "params_std": 0.0, "time_iter": 0.04805, "time_iter_std": 0.00373, "accuracy": 0.98718, "accuracy_std": 0.01282, "accuracy_max": 1.0, "precision": 1.0, "precision_std": 0.0, "recall": 0.98077, "recall_std": 0.01923, "f1": 0.9902, "f1_std": 0.00981, "auc": 1.0, "auc_std": 0.0}
{"epoch": 80, "time_epoch": 0.48273, "time_epoch_std": 0.03893, "eta": 12.106, "eta_std": 0.76336, "eta_hours": 0.00336, "eta_hours_std": 0.00021, "loss": 0.07966, "loss_std": 0.03848, "lr": 0.0001, "lr_std": 0.0, "params": 9207.0, "params_std": 0.0, "time_iter": 0.04827, "time_iter_std": 0.00389, "accuracy": 0.97436, "accuracy_std": 0.01813, "accuracy_max": 1.0, "precision": 0.96362, "precision_std": 0.02526, "recall": 1.0, "recall_std": 0.0, "f1": 0.9813, "f1_std": 0.0131, "auc": 0.99778, "auc_std": 0.00245}
{"epoch": 81, "time_epoch": 0.48144, "time_epoch_std": 0.03769, "eta": 11.43466, "eta_std": 0.72243, "eta_hours": 0.00318, "eta_hours_std": 0.0002, "loss": 0.04439, "loss_std": 0.01936, "lr": 9e-05, "lr_std": 0.0, "params": 9207.0, "params_std": 0.0, "time_iter": 0.04814, "time_iter_std": 0.00377, "accuracy": 0.98718, "accuracy_std": 0.01282, "accuracy_max": 1.0, "precision": 0.99074, "precision_std": 0.01604, "recall": 0.99038, "recall_std": 0.01665, "f1": 0.99038, "f1_std": 0.00962, "auc": 1.0, "auc_std": 0.0}
{"epoch": 82, "time_epoch": 0.47915, "time_epoch_std": 0.03585, "eta": 10.76743, "eta_std": 0.68135, "eta_hours": 0.00299, "eta_hours_std": 0.00019, "loss": 0.11014, "loss_std": 0.10962, "lr": 8e-05, "lr_std": 0.0, "params": 9207.0, "params_std": 0.0, "time_iter": 0.04792, "time_iter_std": 0.00358, "accuracy": 0.96154, "accuracy_std": 0.05286, "accuracy_max": 1.0, "precision": 0.95626, "precision_std": 0.05644, "recall": 0.99038, "recall_std": 0.01665, "f1": 0.97256, "f1_std": 0.03744, "auc": 0.98225, "auc_std": 0.02906}
{"epoch": 83, "time_epoch": 0.48057, "time_epoch_std": 0.0363, "eta": 10.10495, "eta_std": 0.64043, "eta_hours": 0.0028, "eta_hours_std": 0.00018, "loss": 0.07804, "loss_std": 0.02992, "lr": 7e-05, "lr_std": 0.0, "params": 9207.0, "params_std": 0.0, "time_iter": 0.04806, "time_iter_std": 0.00363, "accuracy": 0.97436, "accuracy_std": 0.0314, "accuracy_max": 1.0, "precision": 0.97414, "precision_std": 0.0448, "recall": 0.99038, "recall_std": 0.01665, "f1": 0.98146, "f1_std": 0.02228, "auc": 0.99704, "auc_std": 0.00512}
{"epoch": 84, "time_epoch": 0.46712, "time_epoch_std": 0.04899, "eta": 9.44437, "eta_std": 0.60099, "eta_hours": 0.00262, "eta_hours_std": 0.00017, "loss": 0.06042, "loss_std": 0.03275, "lr": 6e-05, "lr_std": 0.0, "params": 9207.0, "params_std": 0.0, "time_iter": 0.04671, "time_iter_std": 0.0049, "accuracy": 0.98077, "accuracy_std": 0.0111, "accuracy_max": 1.0, "precision": 1.0, "precision_std": 0.0, "recall": 0.97116, "recall_std": 0.01665, "f1": 0.98529, "f1_std": 0.00849, "auc": 0.99852, "auc_std": 0.00256}
{"epoch": 85, "time_epoch": 0.54061, "time_epoch_std": 0.11055, "eta": 8.80025, "eta_std": 0.5564, "eta_hours": 0.00245, "eta_hours_std": 0.00015, "loss": 0.10023, "loss_std": 0.06866, "lr": 5e-05, "lr_std": 0.0, "params": 9207.0, "params_std": 0.0, "time_iter": 0.05406, "time_iter_std": 0.01105, "accuracy": 0.97436, "accuracy_std": 0.0314, "accuracy_max": 1.0, "precision": 0.96488, "precision_std": 0.04225, "recall": 1.0, "recall_std": 0.0, "f1": 0.98164, "f1_std": 0.02227, "auc": 0.98891, "auc_std": 0.01329}
{"epoch": 86, "time_epoch": 0.48238, "time_epoch_std": 0.03649, "eta": 8.14982, "eta_std": 0.51608, "eta_hours": 0.00226, "eta_hours_std": 0.00014, "loss": 0.05503, "loss_std": 0.01563, "lr": 5e-05, "lr_std": 0.0, "params": 9207.0, "params_std": 0.0, "time_iter": 0.04824, "time_iter_std": 0.00365, "accuracy": 0.98718, "accuracy_std": 0.01282, "accuracy_max": 1.0, "precision": 1.0, "precision_std": 0.0, "recall": 0.98077, "recall_std": 0.01923, "f1": 0.9902, "f1_std": 0.00981, "auc": 0.99926, "auc_std": 0.00128}
{"epoch": 87, "time_epoch": 0.45856, "time_epoch_std": 0.05403, "eta": 7.49995, "eta_std": 0.47683, "eta_hours": 0.00208, "eta_hours_std": 0.00013, "loss": 0.09561, "loss_std": 0.06732, "lr": 4e-05, "lr_std": 0.0, "params": 9207.0, "params_std": 0.0, "time_iter": 0.04585, "time_iter_std": 0.0054, "accuracy": 0.98077, "accuracy_std": 0.02126, "accuracy_max": 1.0, "precision": 0.98214, "precision_std": 0.03093, "recall": 0.99038, "recall_std": 0.01665, "f1": 0.98584, "f1_std": 0.01545, "auc": 0.99334, "auc_std": 0.01153}
{"epoch": 88, "time_epoch": 0.47096, "time_epoch_std": 0.04471, "eta": 6.85592, "eta_std": 0.4374, "eta_hours": 0.0019, "eta_hours_std": 0.00012, "loss": 0.01323, "loss_std": 0.00972, "lr": 4e-05, "lr_std": 0.0, "params": 9207.0, "params_std": 0.0, "time_iter": 0.0471, "time_iter_std": 0.00447, "accuracy": 1.0, "accuracy_std": 0.0, "accuracy_max": 1.0, "precision": 1.0, "precision_std": 0.0, "recall": 1.0, "recall_std": 0.0, "f1": 1.0, "f1_std": 0.0, "auc": 1.0, "auc_std": 0.0}
{"epoch": 89, "time_epoch": 0.4756, "time_epoch_std": 0.04004, "eta": 6.21625, "eta_std": 0.39758, "eta_hours": 0.00172, "eta_hours_std": 0.00011, "loss": 0.03329, "loss_std": 0.02096, "lr": 3e-05, "lr_std": 0.0, "params": 9207.0, "params_std": 0.0, "time_iter": 0.04756, "time_iter_std": 0.004, "accuracy": 0.98718, "accuracy_std": 0.0222, "accuracy_max": 1.0, "precision": 1.0, "precision_std": 0.0, "recall": 0.98077, "recall_std": 0.03331, "f1": 0.99, "f1_std": 0.01732, "auc": 1.0, "auc_std": 0.0}
{"epoch": 90, "time_epoch": 0.45748, "time_epoch_std": 0.03291, "eta": 5.57839, "eta_std": 0.35648, "eta_hours": 0.00155, "eta_hours_std": 0.0001, "loss": 0.03138, "loss_std": 0.01067, "lr": 2e-05, "lr_std": 0.0, "params": 9207.0, "params_std": 0.0, "time_iter": 0.04575, "time_iter_std": 0.00329, "accuracy": 0.99359, "accuracy_std": 0.0111, "accuracy_max": 1.0, "precision": 1.0, "precision_std": 0.0, "recall": 0.99038, "recall_std": 0.01665, "f1": 0.9951, "f1_std": 0.00849, "auc": 1.0, "auc_std": 0.0}
{"epoch": 91, "time_epoch": 0.45493, "time_epoch_std": 0.00892, "eta": 4.94423, "eta_std": 0.31383, "eta_hours": 0.00138, "eta_hours_std": 9e-05, "loss": 0.05636, "loss_std": 0.02609, "lr": 2e-05, "lr_std": 0.0, "params": 9207.0, "params_std": 0.0, "time_iter": 0.04549, "time_iter_std": 0.0009, "accuracy": 0.98077, "accuracy_std": 0.02126, "accuracy_max": 1.0, "precision": 0.99074, "precision_std": 0.01604, "recall": 0.98077, "recall_std": 0.03331, "f1": 0.98528, "f1_std": 0.0165, "auc": 0.99778, "auc_std": 0.00385}
{"epoch": 92, "time_epoch": 0.45614, "time_epoch_std": 0.00238, "eta": 4.31401, "eta_std": 0.27182, "eta_hours": 0.0012, "eta_hours_std": 8e-05, "loss": 0.04094, "loss_std": 0.0161, "lr": 2e-05, "lr_std": 0.0, "params": 9207.0, "params_std": 0.0, "time_iter": 0.04562, "time_iter_std": 0.00024, "accuracy": 0.98718, "accuracy_std": 0.01282, "accuracy_max": 1.0, "precision": 0.99074, "precision_std": 0.01604, "recall": 0.99038, "recall_std": 0.01665, "f1": 0.99038, "f1_std": 0.00962, "auc": 1.0, "auc_std": 0.0}
{"epoch": 93, "time_epoch": 0.45662, "time_epoch_std": 0.00467, "eta": 3.68754, "eta_std": 0.23074, "eta_hours": 0.00103, "eta_hours_std": 6e-05, "loss": 0.06298, "loss_std": 0.02537, "lr": 1e-05, "lr_std": 0.0, "params": 9207.0, "params_std": 0.0, "time_iter": 0.04566, "time_iter_std": 0.00047, "accuracy": 0.98718, "accuracy_std": 0.01282, "accuracy_max": 1.0, "precision": 0.99074, "precision_std": 0.01604, "recall": 0.99038, "recall_std": 0.01665, "f1": 0.99038, "f1_std": 0.00962, "auc": 0.99852, "auc_std": 0.00256}
{"epoch": 94, "time_epoch": 0.46128, "time_epoch_std": 0.00613, "eta": 3.06488, "eta_std": 0.19054, "eta_hours": 0.00085, "eta_hours_std": 5e-05, "loss": 0.11331, "loss_std": 0.0741, "lr": 1e-05, "lr_std": 0.0, "params": 9207.0, "params_std": 0.0, "time_iter": 0.04613, "time_iter_std": 0.00061, "accuracy": 0.96154, "accuracy_std": 0.03846, "accuracy_max": 1.0, "precision": 0.95741, "precision_std": 0.05453, "recall": 0.99038, "recall_std": 0.01665, "f1": 0.97252, "f1_std": 0.02657, "auc": 0.98668, "auc_std": 0.01979}
{"epoch": 95, "time_epoch": 0.46616, "time_epoch_std": 0.0088, "eta": 2.44578, "eta_std": 0.15116, "eta_hours": 0.00068, "eta_hours_std": 4e-05, "loss": 0.08743, "loss_std": 0.07313, "lr": 1e-05, "lr_std": 0.0, "params": 9207.0, "params_std": 0.0, "time_iter": 0.04662, "time_iter_std": 0.00088, "accuracy": 0.97436, "accuracy_std": 0.02564, "accuracy_max": 1.0, "precision": 0.96428, "precision_std": 0.03571, "recall": 1.0, "recall_std": 0.0, "f1": 0.98148, "f1_std": 0.01852, "auc": 0.99112, "auc_std": 0.0122}
{"epoch": 96, "time_epoch": 0.46292, "time_epoch_std": 0.00593, "eta": 1.82974, "eta_std": 0.11225, "eta_hours": 0.00051, "eta_hours_std": 3e-05, "loss": 0.09487, "loss_std": 0.04527, "lr": 0.0, "lr_std": 0.0, "params": 9207.0, "params_std": 0.0, "time_iter": 0.04629, "time_iter_std": 0.00059, "accuracy": 0.96154, "accuracy_std": 0.02867, "accuracy_max": 1.0, "precision": 0.96452, "precision_std": 0.04227, "recall": 0.98077, "recall_std": 0.01923, "f1": 0.97184, "f1_std": 0.02042, "auc": 0.99704, "auc_std": 0.00296}
{"epoch": 97, "time_epoch": 0.45946, "time_epoch_std": 0.00741, "eta": 1.21676, "eta_std": 0.07415, "eta_hours": 0.00034, "eta_hours_std": 2e-05, "loss": 0.13092, "loss_std": 0.10668, "lr": 0.0, "lr_std": 0.0, "params": 9207.0, "params_std": 0.0, "time_iter": 0.04595, "time_iter_std": 0.00074, "accuracy": 0.96154, "accuracy_std": 0.04252, "accuracy_max": 1.0, "precision": 0.9636, "precision_std": 0.04376, "recall": 0.98077, "recall_std": 0.01923, "f1": 0.97187, "f1_std": 0.03082, "auc": 0.97929, "auc_std": 0.02799}
{"epoch": 98, "time_epoch": 0.46384, "time_epoch_std": 0.01049, "eta": 0.60692, "eta_std": 0.03679, "eta_hours": 0.00017, "eta_hours_std": 1e-05, "loss": 0.06645, "loss_std": 0.02347, "lr": 0.0, "lr_std": 0.0, "params": 9207.0, "params_std": 0.0, "time_iter": 0.04638, "time_iter_std": 0.00105, "accuracy": 0.97436, "accuracy_std": 0.01813, "accuracy_max": 1.0, "precision": 0.98112, "precision_std": 0.01888, "recall": 0.98077, "recall_std": 0.01923, "f1": 0.98076, "f1_std": 0.0136, "auc": 0.99778, "auc_std": 0.00245}
{"epoch": 99, "time_epoch": 0.4581, "time_epoch_std": 0.00546, "eta": 0.0, "eta_std": 0.0, "eta_hours": 0.0, "eta_hours_std": 0.0, "loss": 0.02783, "loss_std": 0.00881, "lr": 0.0, "lr_std": 0.0, "params": 9207.0, "params_std": 0.0, "time_iter": 0.04581, "time_iter_std": 0.00055, "accuracy": 1.0, "accuracy_std": 0.0, "accuracy_max": 1.0, "precision": 1.0, "precision_std": 0.0, "recall": 1.0, "recall_std": 0.0, "f1": 1.0, "f1_std": 0.0, "auc": 1.0, "auc_std": 0.0}
