{"epoch": 0, "time_epoch": 0.93055, "eta": 92.12472, "eta_hours": 0.02559, "loss": 0.6793806, "lr": 0.001, "params": 9207, "time_iter": 0.31018, "accuracy": 0.66667, "precision": 0.66667, "recall": 1.0, "f1": 0.8, "auc": 0.35799}
{"epoch": 1, "time_epoch": 2.23212, "eta": 154.97078, "eta_hours": 0.04305, "loss": 0.67598042, "lr": 0.00099975, "params": 9207, "time_iter": 0.74404, "accuracy": 0.66667, "precision": 0.66667, "recall": 1.0, "f1": 0.8, "auc": 0.63018}
{"epoch": 2, "time_epoch": 2.03145, "eta": 167.94333, "eta_hours": 0.04665, "loss": 0.67416019, "lr": 0.00099901, "params": 9207, "time_iter": 0.67715, "accuracy": 0.66667, "precision": 0.66667, "recall": 1.0, "f1": 0.8, "auc": 0.4497}
{"epoch": 3, "time_epoch": 2.04253, "eta": 173.67974, "eta_hours": 0.04824, "loss": 0.67219923, "lr": 0.00099778, "params": 9207, "time_iter": 0.68084, "accuracy": 0.66667, "precision": 0.66667, "recall": 1.0, "f1": 0.8, "auc": 0.38166}
{"epoch": 4, "time_epoch": 2.07427, "eta": 176.90768, "eta_hours": 0.04914, "loss": 0.66962525, "lr": 0.00099606, "params": 9207, "time_iter": 0.69142, "accuracy": 0.66667, "precision": 0.66667, "recall": 1.0, "f1": 0.8, "auc": 0.57396}
{"epoch": 5, "time_epoch": 2.07695, "eta": 178.41015, "eta_hours": 0.04956, "loss": 0.66786653, "lr": 0.00099384, "params": 9207, "time_iter": 0.69232, "accuracy": 0.66667, "precision": 0.66667, "recall": 1.0, "f1": 0.8, "auc": 0.6716}
{"epoch": 6, "time_epoch": 2.05519, "eta": 178.60079, "eta_hours": 0.04961, "loss": 0.66634658, "lr": 0.00099114, "params": 9207, "time_iter": 0.68506, "accuracy": 0.66667, "precision": 0.66667, "recall": 1.0, "f1": 0.8, "auc": 0.51775}
{"epoch": 7, "time_epoch": 0.76027, "eta": 163.33842, "eta_hours": 0.04537, "loss": 0.66405424, "lr": 0.00098796, "params": 9207, "time_iter": 0.25342, "accuracy": 0.66667, "precision": 0.66667, "recall": 1.0, "f1": 0.8, "auc": 0.60355}
{"epoch": 8, "time_epoch": 0.12284, "eta": 144.85362, "eta_hours": 0.04024, "loss": 0.66190363, "lr": 0.00098429, "params": 9207, "time_iter": 0.04095, "accuracy": 0.66667, "precision": 0.66667, "recall": 1.0, "f1": 0.8, "auc": 0.61538}
{"epoch": 9, "time_epoch": 0.1227, "eta": 130.0399, "eta_hours": 0.03612, "loss": 0.66005395, "lr": 0.00098015, "params": 9207, "time_iter": 0.0409, "accuracy": 0.66667, "precision": 0.66667, "recall": 1.0, "f1": 0.8, "auc": 0.66568}
{"epoch": 10, "time_epoch": 0.1199, "eta": 117.87467, "eta_hours": 0.03274, "loss": 0.65726218, "lr": 0.00097553, "params": 9207, "time_iter": 0.03997, "accuracy": 0.66667, "precision": 0.66667, "recall": 1.0, "f1": 0.8, "auc": 0.70118}
{"epoch": 11, "time_epoch": 0.13036, "eta": 107.79369, "eta_hours": 0.02994, "loss": 0.65484297, "lr": 0.00097044, "params": 9207, "time_iter": 0.04345, "accuracy": 0.66667, "precision": 0.66667, "recall": 1.0, "f1": 0.8, "auc": 0.70414}
{"epoch": 12, "time_epoch": 0.13117, "eta": 99.24902, "eta_hours": 0.02757, "loss": 0.65354423, "lr": 0.00096489, "params": 9207, "time_iter": 0.04372, "accuracy": 0.66667, "precision": 0.66667, "recall": 1.0, "f1": 0.8, "auc": 0.64201}
{"epoch": 13, "time_epoch": 0.1299, "eta": 91.89846, "eta_hours": 0.02553, "loss": 0.65050476, "lr": 0.00095888, "params": 9207, "time_iter": 0.0433, "accuracy": 0.66667, "precision": 0.66667, "recall": 1.0, "f1": 0.8, "auc": 0.6213}
{"epoch": 14, "time_epoch": 0.12894, "eta": 85.5052, "eta_hours": 0.02375, "loss": 0.64680968, "lr": 0.00095241, "params": 9207, "time_iter": 0.04298, "accuracy": 0.66667, "precision": 0.66667, "recall": 1.0, "f1": 0.8, "auc": 0.71598}
{"epoch": 15, "time_epoch": 0.13256, "eta": 79.91397, "eta_hours": 0.0222, "loss": 0.64402417, "lr": 0.0009455, "params": 9207, "time_iter": 0.04419, "accuracy": 0.66667, "precision": 0.66667, "recall": 1.0, "f1": 0.8, "auc": 0.73373}
{"epoch": 16, "time_epoch": 0.12911, "eta": 74.94813, "eta_hours": 0.02082, "loss": 0.64112477, "lr": 0.00093815, "params": 9207, "time_iter": 0.04304, "accuracy": 0.69231, "precision": 0.68421, "recall": 1.0, "f1": 0.8125, "auc": 0.79586}
{"epoch": 17, "time_epoch": 0.12909, "eta": 70.51959, "eta_hours": 0.01959, "loss": 0.63690633, "lr": 0.00093037, "params": 9207, "time_iter": 0.04303, "accuracy": 0.69231, "precision": 0.68421, "recall": 1.0, "f1": 0.8125, "auc": 0.7426}
{"epoch": 18, "time_epoch": 0.13205, "eta": 66.55625, "eta_hours": 0.01849, "loss": 0.63341753, "lr": 0.00092216, "params": 9207, "time_iter": 0.04402, "accuracy": 0.69231, "precision": 0.68421, "recall": 1.0, "f1": 0.8125, "auc": 0.86095}
{"epoch": 19, "time_epoch": 0.13185, "eta": 62.97522, "eta_hours": 0.01749, "loss": 0.62962898, "lr": 0.00091354, "params": 9207, "time_iter": 0.04395, "accuracy": 0.69231, "precision": 0.68421, "recall": 1.0, "f1": 0.8125, "auc": 0.80178}
{"epoch": 20, "time_epoch": 0.12999, "eta": 59.7157, "eta_hours": 0.01659, "loss": 0.6258957, "lr": 0.00090451, "params": 9207, "time_iter": 0.04333, "accuracy": 0.69231, "precision": 0.68421, "recall": 1.0, "f1": 0.8125, "auc": 0.79586}
{"epoch": 21, "time_epoch": 0.1375, "eta": 56.76733, "eta_hours": 0.01577, "loss": 0.61773128, "lr": 0.00089508, "params": 9207, "time_iter": 0.04583, "accuracy": 0.69231, "precision": 0.68421, "recall": 1.0, "f1": 0.8125, "auc": 0.86391}
{"epoch": 22, "time_epoch": 0.13132, "eta": 54.04269, "eta_hours": 0.01501, "loss": 0.61285331, "lr": 0.00088526, "params": 9207, "time_iter": 0.04377, "accuracy": 0.69231, "precision": 0.68421, "recall": 1.0, "f1": 0.8125, "auc": 0.8787}
{"epoch": 23, "time_epoch": 0.13219, "eta": 51.5369, "eta_hours": 0.01432, "loss": 0.60691971, "lr": 0.00087506, "params": 9207, "time_iter": 0.04406, "accuracy": 0.69231, "precision": 0.68421, "recall": 1.0, "f1": 0.8125, "auc": 0.89645}
{"epoch": 24, "time_epoch": 0.13704, "eta": 49.23555, "eta_hours": 0.01368, "loss": 0.59950699, "lr": 0.00086448, "params": 9207, "time_iter": 0.04568, "accuracy": 0.69231, "precision": 0.68421, "recall": 1.0, "f1": 0.8125, "auc": 0.92604}
{"epoch": 25, "time_epoch": 0.1301, "eta": 47.08095, "eta_hours": 0.01308, "loss": 0.59337817, "lr": 0.00085355, "params": 9207, "time_iter": 0.04337, "accuracy": 0.69231, "precision": 0.68421, "recall": 1.0, "f1": 0.8125, "auc": 0.89645}
{"epoch": 26, "time_epoch": 0.13562, "eta": 45.09122, "eta_hours": 0.01253, "loss": 0.58204274, "lr": 0.00084227, "params": 9207, "time_iter": 0.04521, "accuracy": 0.69231, "precision": 0.68421, "recall": 1.0, "f1": 0.8125, "auc": 0.87278}
{"epoch": 27, "time_epoch": 0.13538, "eta": 43.2333, "eta_hours": 0.01201, "loss": 0.57820416, "lr": 0.00083066, "params": 9207, "time_iter": 0.04513, "accuracy": 0.69231, "precision": 0.68421, "recall": 1.0, "f1": 0.8125, "auc": 0.92899}
{"epoch": 28, "time_epoch": 0.13709, "eta": 41.49837, "eta_hours": 0.01153, "loss": 0.56781226, "lr": 0.00081871, "params": 9207, "time_iter": 0.0457, "accuracy": 0.69231, "precision": 0.68421, "recall": 1.0, "f1": 0.8125, "auc": 0.9497}
{"epoch": 29, "time_epoch": 0.12938, "eta": 39.85197, "eta_hours": 0.01107, "loss": 0.55901924, "lr": 0.00080645, "params": 9207, "time_iter": 0.04313, "accuracy": 0.69231, "precision": 0.68421, "recall": 1.0, "f1": 0.8125, "auc": 0.9497}
{"epoch": 30, "time_epoch": 0.1364, "eta": 38.31908, "eta_hours": 0.01064, "loss": 0.54825649, "lr": 0.00079389, "params": 9207, "time_iter": 0.04547, "accuracy": 0.69231, "precision": 0.68421, "recall": 1.0, "f1": 0.8125, "auc": 0.94379}
{"epoch": 31, "time_epoch": 0.13097, "eta": 36.86193, "eta_hours": 0.01024, "loss": 0.55012002, "lr": 0.00078104, "params": 9207, "time_iter": 0.04366, "accuracy": 0.71795, "precision": 0.7027, "recall": 1.0, "f1": 0.8254, "auc": 0.89941}
{"epoch": 32, "time_epoch": 0.13024, "eta": 35.48366, "eta_hours": 0.00986, "loss": 0.5275795, "lr": 0.00076791, "params": 9207, "time_iter": 0.04341, "accuracy": 0.69231, "precision": 0.68421, "recall": 1.0, "f1": 0.8125, "auc": 0.97633}
{"epoch": 33, "time_epoch": 0.13553, "eta": 34.18908, "eta_hours": 0.0095, "loss": 0.51870458, "lr": 0.00075452, "params": 9207, "time_iter": 0.04518, "accuracy": 0.71795, "precision": 0.7027, "recall": 1.0, "f1": 0.8254, "auc": 0.95858}
{"epoch": 34, "time_epoch": 0.12867, "eta": 32.94799, "eta_hours": 0.00915, "loss": 0.51366539, "lr": 0.00074088, "params": 9207, "time_iter": 0.04289, "accuracy": 0.71795, "precision": 0.7027, "recall": 1.0, "f1": 0.8254, "auc": 0.93491}
{"epoch": 35, "time_epoch": 0.13074, "eta": 31.77238, "eta_hours": 0.00883, "loss": 0.49756223, "lr": 0.000727, "params": 9207, "time_iter": 0.04358, "accuracy": 0.69231, "precision": 0.68421, "recall": 1.0, "f1": 0.8125, "auc": 0.97041}
{"epoch": 36, "time_epoch": 0.13172, "eta": 30.65492, "eta_hours": 0.00852, "loss": 0.48947833, "lr": 0.00071289, "params": 9207, "time_iter": 0.04391, "accuracy": 0.76923, "precision": 0.74286, "recall": 1.0, "f1": 0.85246, "auc": 0.95266}
{"epoch": 37, "time_epoch": 0.13457, "eta": 29.59398, "eta_hours": 0.00822, "loss": 0.47474336, "lr": 0.00069857, "params": 9207, "time_iter": 0.04486, "accuracy": 0.71795, "precision": 0.7027, "recall": 1.0, "f1": 0.8254, "auc": 0.95858}
{"epoch": 38, "time_epoch": 0.15327, "eta": 28.60981, "eta_hours": 0.00795, "loss": 0.45976683, "lr": 0.00068406, "params": 9207, "time_iter": 0.05109, "accuracy": 0.76923, "precision": 0.74286, "recall": 1.0, "f1": 0.85246, "auc": 0.96746}
{"epoch": 39, "time_epoch": 0.1488, "eta": 27.66049, "eta_hours": 0.00768, "loss": 0.43599667, "lr": 0.00066937, "params": 9207, "time_iter": 0.0496, "accuracy": 0.82051, "precision": 0.78788, "recall": 1.0, "f1": 0.88136, "auc": 0.97633}
{"epoch": 40, "time_epoch": 0.15286, "eta": 26.75604, "eta_hours": 0.00743, "loss": 0.42769285, "lr": 0.00065451, "params": 9207, "time_iter": 0.05095, "accuracy": 0.82051, "precision": 0.78788, "recall": 1.0, "f1": 0.88136, "auc": 0.9645}
{"epoch": 41, "time_epoch": 0.14678, "eta": 25.87899, "eta_hours": 0.00719, "loss": 0.39867701, "lr": 0.0006395, "params": 9207, "time_iter": 0.04893, "accuracy": 0.82051, "precision": 0.78788, "recall": 1.0, "f1": 0.88136, "auc": 1.0}
{"epoch": 42, "time_epoch": 0.13652, "eta": 25.02231, "eta_hours": 0.00695, "loss": 0.38411978, "lr": 0.00062434, "params": 9207, "time_iter": 0.04551, "accuracy": 0.89744, "precision": 0.86667, "recall": 1.0, "f1": 0.92857, "auc": 1.0}
{"epoch": 43, "time_epoch": 0.13537, "eta": 24.19689, "eta_hours": 0.00672, "loss": 0.37905696, "lr": 0.00060907, "params": 9207, "time_iter": 0.04512, "accuracy": 0.84615, "precision": 0.8125, "recall": 1.0, "f1": 0.89655, "auc": 1.0}
{"epoch": 44, "time_epoch": 0.13374, "eta": 23.40016, "eta_hours": 0.0065, "loss": 0.36383655, "lr": 0.00059369, "params": 9207, "time_iter": 0.04458, "accuracy": 0.87179, "precision": 0.83871, "recall": 1.0, "f1": 0.91228, "auc": 0.99704}
{"epoch": 45, "time_epoch": 0.13136, "eta": 22.62946, "eta_hours": 0.00629, "loss": 0.33263087, "lr": 0.00057822, "params": 9207, "time_iter": 0.04379, "accuracy": 0.89744, "precision": 0.86667, "recall": 1.0, "f1": 0.92857, "auc": 0.99704}
{"epoch": 46, "time_epoch": 0.13312, "eta": 21.88795, "eta_hours": 0.00608, "loss": 0.31856584, "lr": 0.00056267, "params": 9207, "time_iter": 0.04437, "accuracy": 0.92308, "precision": 0.89655, "recall": 1.0, "f1": 0.94545, "auc": 0.99704}
{"epoch": 47, "time_epoch": 0.13427, "eta": 21.17304, "eta_hours": 0.00588, "loss": 0.30346188, "lr": 0.00054705, "params": 9207, "time_iter": 0.04476, "accuracy": 0.94872, "precision": 0.92857, "recall": 1.0, "f1": 0.96296, "auc": 0.99408}
{"epoch": 48, "time_epoch": 0.12929, "eta": 20.47663, "eta_hours": 0.00569, "loss": 0.32954266, "lr": 0.0005314, "params": 9207, "time_iter": 0.0431, "accuracy": 0.89744, "precision": 0.86667, "recall": 1.0, "f1": 0.92857, "auc": 0.97041}
{"epoch": 49, "time_epoch": 0.13189, "eta": 19.80552, "eta_hours": 0.0055, "loss": 0.30779739, "lr": 0.00051571, "params": 9207, "time_iter": 0.04396, "accuracy": 0.92308, "precision": 0.89655, "recall": 1.0, "f1": 0.94545, "auc": 0.99704}
{"epoch": 50, "time_epoch": 0.12984, "eta": 19.15358, "eta_hours": 0.00532, "loss": 0.25289284, "lr": 0.0005, "params": 9207, "time_iter": 0.04328, "accuracy": 0.97436, "precision": 0.96296, "recall": 1.0, "f1": 0.98113, "auc": 1.0}
{"epoch": 51, "time_epoch": 0.1287, "eta": 18.52067, "eta_hours": 0.00514, "loss": 0.25865134, "lr": 0.00048429, "params": 9207, "time_iter": 0.0429, "accuracy": 0.92308, "precision": 0.89655, "recall": 1.0, "f1": 0.94545, "auc": 1.0}
{"epoch": 52, "time_epoch": 0.1297, "eta": 17.90767, "eta_hours": 0.00497, "loss": 0.2800219, "lr": 0.0004686, "params": 9207, "time_iter": 0.04323, "accuracy": 0.97436, "precision": 0.96296, "recall": 1.0, "f1": 0.98113, "auc": 0.98225}
{"epoch": 53, "time_epoch": 0.13143, "eta": 17.31405, "eta_hours": 0.00481, "loss": 0.21713024, "lr": 0.00045295, "params": 9207, "time_iter": 0.04381, "accuracy": 0.97436, "precision": 0.96296, "recall": 1.0, "f1": 0.98113, "auc": 1.0}
{"epoch": 54, "time_epoch": 0.1289, "eta": 16.73516, "eta_hours": 0.00465, "loss": 0.22349406, "lr": 0.00043733, "params": 9207, "time_iter": 0.04297, "accuracy": 0.97436, "precision": 0.96296, "recall": 1.0, "f1": 0.98113, "auc": 1.0}
{"epoch": 55, "time_epoch": 0.1346, "eta": 16.17682, "eta_hours": 0.00449, "loss": 0.22826343, "lr": 0.00042178, "params": 9207, "time_iter": 0.04487, "accuracy": 0.97436, "precision": 0.96296, "recall": 1.0, "f1": 0.98113, "auc": 0.99408}
{"epoch": 56, "time_epoch": 0.13268, "eta": 15.63191, "eta_hours": 0.00434, "loss": 0.22974528, "lr": 0.00040631, "params": 9207, "time_iter": 0.04423, "accuracy": 0.94872, "precision": 0.92857, "recall": 1.0, "f1": 0.96296, "auc": 1.0}
{"epoch": 57, "time_epoch": 0.12958, "eta": 15.09897, "eta_hours": 0.00419, "loss": 0.18463097, "lr": 0.00039093, "params": 9207, "time_iter": 0.04319, "accuracy": 0.97436, "precision": 0.96296, "recall": 1.0, "f1": 0.98113, "auc": 1.0}
{"epoch": 58, "time_epoch": 0.13067, "eta": 14.58045, "eta_hours": 0.00405, "loss": 0.18028911, "lr": 0.00037566, "params": 9207, "time_iter": 0.04356, "accuracy": 1.0, "precision": 1.0, "recall": 1.0, "f1": 1.0, "auc": 1.0}
{"epoch": 59, "time_epoch": 0.13084, "eta": 14.07497, "eta_hours": 0.00391, "loss": 0.21040361, "lr": 0.0003605, "params": 9207, "time_iter": 0.04361, "accuracy": 0.97436, "precision": 0.96296, "recall": 1.0, "f1": 0.98113, "auc": 0.99704}
{"epoch": 60, "time_epoch": 0.14158, "eta": 13.58865, "eta_hours": 0.00377, "loss": 0.15900305, "lr": 0.00034549, "params": 9207, "time_iter": 0.04719, "accuracy": 1.0, "precision": 1.0, "recall": 1.0, "f1": 1.0, "auc": 1.0}
{"epoch": 61, "time_epoch": 0.1515, "eta": 13.11953, "eta_hours": 0.00364, "loss": 0.18776119, "lr": 0.00033063, "params": 9207, "time_iter": 0.0505, "accuracy": 0.97436, "precision": 0.96296, "recall": 1.0, "f1": 0.98113, "auc": 0.99704}
{"epoch": 62, "time_epoch": 0.15237, "eta": 12.661, "eta_hours": 0.00352, "loss": 0.14629983, "lr": 0.00031594, "params": 9207, "time_iter": 0.05079, "accuracy": 1.0, "precision": 1.0, "recall": 1.0, "f1": 1.0, "auc": 1.0}
{"epoch": 63, "time_epoch": 0.15172, "eta": 12.21167, "eta_hours": 0.00339, "loss": 0.15222081, "lr": 0.00030143, "params": 9207, "time_iter": 0.05057, "accuracy": 1.0, "precision": 1.0, "recall": 1.0, "f1": 1.0, "auc": 1.0}
{"epoch": 64, "time_epoch": 0.15268, "eta": 11.77202, "eta_hours": 0.00327, "loss": 0.16039557, "lr": 0.00028711, "params": 9207, "time_iter": 0.05089, "accuracy": 0.94872, "precision": 0.92857, "recall": 1.0, "f1": 0.96296, "auc": 1.0}
{"epoch": 65, "time_epoch": 0.15105, "eta": 11.34022, "eta_hours": 0.00315, "loss": 0.12575068, "lr": 0.000273, "params": 9207, "time_iter": 0.05035, "accuracy": 1.0, "precision": 1.0, "recall": 1.0, "f1": 1.0, "auc": 1.0}
{"epoch": 66, "time_epoch": 0.1513, "eta": 10.91693, "eta_hours": 0.00303, "loss": 0.16537384, "lr": 0.00025912, "params": 9207, "time_iter": 0.05043, "accuracy": 1.0, "precision": 1.0, "recall": 1.0, "f1": 1.0, "auc": 1.0}
{"epoch": 67, "time_epoch": 0.15654, "eta": 10.5041, "eta_hours": 0.00292, "loss": 0.13932755, "lr": 0.00024548, "params": 9207, "time_iter": 0.05218, "accuracy": 0.97436, "precision": 0.96296, "recall": 1.0, "f1": 0.98113, "auc": 1.0}
{"epoch": 68, "time_epoch": 0.15087, "eta": 10.09615, "eta_hours": 0.0028, "loss": 0.1422206, "lr": 0.00023209, "params": 9207, "time_iter": 0.05029, "accuracy": 0.97436, "precision": 0.96296, "recall": 1.0, "f1": 0.98113, "auc": 1.0}
{"epoch": 69, "time_epoch": 0.15254, "eta": 9.69627, "eta_hours": 0.00269, "loss": 0.10853776, "lr": 0.00021896, "params": 9207, "time_iter": 0.05085, "accuracy": 1.0, "precision": 1.0, "recall": 1.0, "f1": 1.0, "auc": 1.0}
{"epoch": 70, "time_epoch": 0.15542, "eta": 9.30453, "eta_hours": 0.00258, "loss": 0.11122903, "lr": 0.00020611, "params": 9207, "time_iter": 0.05181, "accuracy": 1.0, "precision": 1.0, "recall": 1.0, "f1": 1.0, "auc": 1.0}
{"epoch": 71, "time_epoch": 0.15141, "eta": 8.91779, "eta_hours": 0.00248, "loss": 0.10809962, "lr": 0.00019355, "params": 9207, "time_iter": 0.05047, "accuracy": 1.0, "precision": 1.0, "recall": 1.0, "f1": 1.0, "auc": 1.0}
{"epoch": 72, "time_epoch": 0.15534, "eta": 8.53895, "eta_hours": 0.00237, "loss": 0.11357544, "lr": 0.00018129, "params": 9207, "time_iter": 0.05178, "accuracy": 1.0, "precision": 1.0, "recall": 1.0, "f1": 1.0, "auc": 1.0}
{"epoch": 73, "time_epoch": 0.15031, "eta": 8.16439, "eta_hours": 0.00227, "loss": 0.10211243, "lr": 0.00016934, "params": 9207, "time_iter": 0.0501, "accuracy": 1.0, "precision": 1.0, "recall": 1.0, "f1": 1.0, "auc": 1.0}
{"epoch": 74, "time_epoch": 0.15155, "eta": 7.79622, "eta_hours": 0.00217, "loss": 0.10498751, "lr": 0.00015773, "params": 9207, "time_iter": 0.05052, "accuracy": 1.0, "precision": 1.0, "recall": 1.0, "f1": 1.0, "auc": 1.0}
{"epoch": 75, "time_epoch": 0.16183, "eta": 7.437, "eta_hours": 0.00207, "loss": 0.10899783, "lr": 0.00014645, "params": 9207, "time_iter": 0.05394, "accuracy": 1.0, "precision": 1.0, "recall": 1.0, "f1": 1.0, "auc": 1.0}
{"epoch": 76, "time_epoch": 0.15311, "eta": 7.0803, "eta_hours": 0.00197, "loss": 0.12359383, "lr": 0.00013552, "params": 9207, "time_iter": 0.05104, "accuracy": 1.0, "precision": 1.0, "recall": 1.0, "f1": 1.0, "auc": 1.0}
{"epoch": 77, "time_epoch": 0.15157, "eta": 6.72838, "eta_hours": 0.00187, "loss": 0.13220277, "lr": 0.00012494, "params": 9207, "time_iter": 0.05052, "accuracy": 0.97436, "precision": 0.96296, "recall": 1.0, "f1": 0.98113, "auc": 1.0}
{"epoch": 78, "time_epoch": 0.15353, "eta": 6.38206, "eta_hours": 0.00177, "loss": 0.10892145, "lr": 0.00011474, "params": 9207, "time_iter": 0.05118, "accuracy": 1.0, "precision": 1.0, "recall": 1.0, "f1": 1.0, "auc": 1.0}
{"epoch": 79, "time_epoch": 0.14908, "eta": 6.03945, "eta_hours": 0.00168, "loss": 0.1122834, "lr": 0.00010492, "params": 9207, "time_iter": 0.04969, "accuracy": 1.0, "precision": 1.0, "recall": 1.0, "f1": 1.0, "auc": 1.0}
{"epoch": 80, "time_epoch": 0.15238, "eta": 5.70238, "eta_hours": 0.00158, "loss": 0.09141972, "lr": 9.549e-05, "params": 9207, "time_iter": 0.05079, "accuracy": 1.0, "precision": 1.0, "recall": 1.0, "f1": 1.0, "auc": 1.0}
{"epoch": 81, "time_epoch": 0.15407, "eta": 5.3702, "eta_hours": 0.00149, "loss": 0.09036975, "lr": 8.646e-05, "params": 9207, "time_iter": 0.05136, "accuracy": 1.0, "precision": 1.0, "recall": 1.0, "f1": 1.0, "auc": 1.0}
{"epoch": 82, "time_epoch": 0.15135, "eta": 5.04175, "eta_hours": 0.0014, "loss": 0.0916906, "lr": 7.784e-05, "params": 9207, "time_iter": 0.05045, "accuracy": 1.0, "precision": 1.0, "recall": 1.0, "f1": 1.0, "auc": 1.0}
{"epoch": 83, "time_epoch": 0.15161, "eta": 4.71756, "eta_hours": 0.00131, "loss": 0.09079029, "lr": 6.963e-05, "params": 9207, "time_iter": 0.05054, "accuracy": 1.0, "precision": 1.0, "recall": 1.0, "f1": 1.0, "auc": 1.0}
{"epoch": 84, "time_epoch": 0.14987, "eta": 4.39713, "eta_hours": 0.00122, "loss": 0.08884812, "lr": 6.185e-05, "params": 9207, "time_iter": 0.04996, "accuracy": 1.0, "precision": 1.0, "recall": 1.0, "f1": 1.0, "auc": 1.0}
{"epoch": 85, "time_epoch": 0.15716, "eta": 4.08185, "eta_hours": 0.00113, "loss": 0.09118188, "lr": 5.45e-05, "params": 9207, "time_iter": 0.05239, "accuracy": 1.0, "precision": 1.0, "recall": 1.0, "f1": 1.0, "auc": 1.0}
{"epoch": 86, "time_epoch": 0.1553, "eta": 3.76993, "eta_hours": 0.00105, "loss": 0.08598017, "lr": 4.759e-05, "params": 9207, "time_iter": 0.05177, "accuracy": 1.0, "precision": 1.0, "recall": 1.0, "f1": 1.0, "auc": 1.0}
{"epoch": 87, "time_epoch": 0.15082, "eta": 3.46096, "eta_hours": 0.00096, "loss": 0.09914721, "lr": 4.112e-05, "params": 9207, "time_iter": 0.05027, "accuracy": 1.0, "precision": 1.0, "recall": 1.0, "f1": 1.0, "auc": 1.0}
{"epoch": 88, "time_epoch": 0.15163, "eta": 3.15564, "eta_hours": 0.00088, "loss": 0.09005541, "lr": 3.511e-05, "params": 9207, "time_iter": 0.05054, "accuracy": 1.0, "precision": 1.0, "recall": 1.0, "f1": 1.0, "auc": 1.0}
{"epoch": 89, "time_epoch": 0.1505, "eta": 2.85361, "eta_hours": 0.00079, "loss": 0.10660379, "lr": 2.956e-05, "params": 9207, "time_iter": 0.05017, "accuracy": 1.0, "precision": 1.0, "recall": 1.0, "f1": 1.0, "auc": 1.0}
{"epoch": 90, "time_epoch": 0.1507, "eta": 2.55493, "eta_hours": 0.00071, "loss": 0.08184412, "lr": 2.447e-05, "params": 9207, "time_iter": 0.05023, "accuracy": 1.0, "precision": 1.0, "recall": 1.0, "f1": 1.0, "auc": 1.0}
{"epoch": 91, "time_epoch": 0.15024, "eta": 2.25943, "eta_hours": 0.00063, "loss": 0.09236821, "lr": 1.985e-05, "params": 9207, "time_iter": 0.05008, "accuracy": 1.0, "precision": 1.0, "recall": 1.0, "f1": 1.0, "auc": 1.0}
{"epoch": 92, "time_epoch": 0.14783, "eta": 1.96687, "eta_hours": 0.00055, "loss": 0.09798924, "lr": 1.571e-05, "params": 9207, "time_iter": 0.04928, "accuracy": 1.0, "precision": 1.0, "recall": 1.0, "f1": 1.0, "auc": 1.0}
{"epoch": 93, "time_epoch": 0.15121, "eta": 1.6776, "eta_hours": 0.00047, "loss": 0.10085791, "lr": 1.204e-05, "params": 9207, "time_iter": 0.0504, "accuracy": 1.0, "precision": 1.0, "recall": 1.0, "f1": 1.0, "auc": 1.0}
{"epoch": 94, "time_epoch": 0.15057, "eta": 1.39121, "eta_hours": 0.00039, "loss": 0.11140543, "lr": 8.86e-06, "params": 9207, "time_iter": 0.05019, "accuracy": 1.0, "precision": 1.0, "recall": 1.0, "f1": 1.0, "auc": 1.0}
{"epoch": 95, "time_epoch": 0.15022, "eta": 1.10764, "eta_hours": 0.00031, "loss": 0.08860772, "lr": 6.16e-06, "params": 9207, "time_iter": 0.05007, "accuracy": 1.0, "precision": 1.0, "recall": 1.0, "f1": 1.0, "auc": 1.0}
{"epoch": 96, "time_epoch": 0.15294, "eta": 0.82689, "eta_hours": 0.00023, "loss": 0.0976484, "lr": 3.94e-06, "params": 9207, "time_iter": 0.05098, "accuracy": 0.97436, "precision": 0.96296, "recall": 1.0, "f1": 0.98113, "auc": 1.0}
{"epoch": 97, "time_epoch": 0.15524, "eta": 0.5488, "eta_hours": 0.00015, "loss": 0.08155814, "lr": 2.22e-06, "params": 9207, "time_iter": 0.05175, "accuracy": 1.0, "precision": 1.0, "recall": 1.0, "f1": 1.0, "auc": 1.0}
{"epoch": 98, "time_epoch": 0.15444, "eta": 0.27319, "eta_hours": 8e-05, "loss": 0.14880157, "lr": 9.9e-07, "params": 9207, "time_iter": 0.05148, "accuracy": 0.94872, "precision": 0.92857, "recall": 1.0, "f1": 0.96296, "auc": 1.0}
{"epoch": 99, "time_epoch": 0.15224, "eta": 0.0, "eta_hours": 0.0, "loss": 0.08070795, "lr": 2.5e-07, "params": 9207, "time_iter": 0.05075, "accuracy": 1.0, "precision": 1.0, "recall": 1.0, "f1": 1.0, "auc": 1.0}
