{"epoch": 0, "time_epoch": 22.4575, "eta": 2223.2924, "eta_hours": 0.61758, "loss": 1.10066423, "lr": 0.001, "params": 6221, "time_iter": 0.11945, "accuracy": 0.32667, "f1": 0.2593, "auc": 0.46543}
{"epoch": 1, "time_epoch": 9.45604, "eta": 1563.76364, "eta_hours": 0.43438, "loss": 1.09828293, "lr": 0.00099975, "params": 6221, "time_iter": 0.0503, "accuracy": 0.35733, "f1": 0.26527, "auc": 0.49006}
{"epoch": 2, "time_epoch": 9.45537, "eta": 1337.59501, "eta_hours": 0.37155, "loss": 1.09873449, "lr": 0.00099901, "params": 6221, "time_iter": 0.05029, "accuracy": 0.35333, "f1": 0.22195, "auc": 0.49406}
{"epoch": 3, "time_epoch": 9.4439, "eta": 1219.50764, "eta_hours": 0.33875, "loss": 1.09680303, "lr": 0.00099778, "params": 6221, "time_iter": 0.05023, "accuracy": 0.35867, "f1": 0.26724, "auc": 0.5163}
{"epoch": 4, "time_epoch": 9.41602, "eta": 1144.34794, "eta_hours": 0.31787, "loss": 1.09511093, "lr": 0.00099606, "params": 6221, "time_iter": 0.05009, "accuracy": 0.39067, "f1": 0.33439, "auc": 0.51651}
{"epoch": 5, "time_epoch": 9.40204, "eta": 1090.88378, "eta_hours": 0.30302, "loss": 1.09607013, "lr": 0.00099384, "params": 6221, "time_iter": 0.05001, "accuracy": 0.38667, "f1": 0.2977, "auc": 0.51362}
{"epoch": 6, "time_epoch": 9.41742, "eta": 1050.21311, "eta_hours": 0.29173, "loss": 1.09222974, "lr": 0.00099114, "params": 6221, "time_iter": 0.05009, "accuracy": 0.39333, "f1": 0.30724, "auc": 0.51766}
{"epoch": 7, "time_epoch": 9.40877, "eta": 1017.25623, "eta_hours": 0.28257, "loss": 1.08876135, "lr": 0.00098796, "params": 6221, "time_iter": 0.05005, "accuracy": 0.4, "f1": 0.31612, "auc": 0.53882}
{"epoch": 8, "time_epoch": 9.40362, "eta": 989.48028, "eta_hours": 0.27486, "loss": 1.09611028, "lr": 0.00098429, "params": 6221, "time_iter": 0.05002, "accuracy": 0.36933, "f1": 0.28546, "auc": 0.50907}
{"epoch": 9, "time_epoch": 9.40932, "eta": 965.43005, "eta_hours": 0.26818, "loss": 1.08915608, "lr": 0.00098015, "params": 6221, "time_iter": 0.05005, "accuracy": 0.41067, "f1": 0.31667, "auc": 0.5347}
{"epoch": 10, "time_epoch": 9.3962, "eta": 943.93565, "eta_hours": 0.2622, "loss": 1.09997062, "lr": 0.00097553, "params": 6221, "time_iter": 0.04998, "accuracy": 0.36, "f1": 0.28421, "auc": 0.50252}
{"epoch": 11, "time_epoch": 9.48289, "eta": 925.09335, "eta_hours": 0.25697, "loss": 1.09618709, "lr": 0.00097044, "params": 6221, "time_iter": 0.05044, "accuracy": 0.37333, "f1": 0.28707, "auc": 0.50316}
{"epoch": 12, "time_epoch": 9.48577, "eta": 907.71023, "eta_hours": 0.25214, "loss": 1.0923643, "lr": 0.00096489, "params": 6221, "time_iter": 0.05046, "accuracy": 0.388, "f1": 0.30281, "auc": 0.52093}
{"epoch": 13, "time_epoch": 9.4653, "eta": 891.32958, "eta_hours": 0.24759, "loss": 1.09062082, "lr": 0.00095888, "params": 6221, "time_iter": 0.05035, "accuracy": 0.38667, "f1": 0.29583, "auc": 0.53631}
{"epoch": 14, "time_epoch": 9.4607, "eta": 875.84493, "eta_hours": 0.24329, "loss": 1.09399909, "lr": 0.00095241, "params": 6221, "time_iter": 0.05032, "accuracy": 0.38133, "f1": 0.29737, "auc": 0.52506}
{"epoch": 15, "time_epoch": 9.40852, "eta": 860.83932, "eta_hours": 0.23912, "loss": 1.09278297, "lr": 0.0009455, "params": 6221, "time_iter": 0.05005, "accuracy": 0.384, "f1": 0.29696, "auc": 0.52238}
{"epoch": 16, "time_epoch": 9.40774, "eta": 846.48836, "eta_hours": 0.23514, "loss": 1.09697744, "lr": 0.00093815, "params": 6221, "time_iter": 0.05004, "accuracy": 0.37733, "f1": 0.29051, "auc": 0.50826}
{"epoch": 17, "time_epoch": 9.39889, "eta": 832.64633, "eta_hours": 0.23129, "loss": 1.09253592, "lr": 0.00093037, "params": 6221, "time_iter": 0.04999, "accuracy": 0.392, "f1": 0.30553, "auc": 0.53058}
{"epoch": 18, "time_epoch": 9.39434, "eta": 819.25261, "eta_hours": 0.22757, "loss": 1.09287919, "lr": 0.00092216, "params": 6221, "time_iter": 0.04997, "accuracy": 0.384, "f1": 0.29449, "auc": 0.52042}
{"epoch": 19, "time_epoch": 9.41882, "eta": 806.35672, "eta_hours": 0.22399, "loss": 1.0913131, "lr": 0.00091354, "params": 6221, "time_iter": 0.0501, "accuracy": 0.39333, "f1": 0.30295, "auc": 0.51957}
{"epoch": 20, "time_epoch": 9.41846, "eta": 793.79063, "eta_hours": 0.2205, "loss": 1.08699693, "lr": 0.00090451, "params": 6221, "time_iter": 0.0501, "accuracy": 0.4, "f1": 0.30934, "auc": 0.51742}
{"epoch": 21, "time_epoch": 9.38763, "eta": 781.40139, "eta_hours": 0.21706, "loss": 1.09129204, "lr": 0.00089508, "params": 6221, "time_iter": 0.04993, "accuracy": 0.392, "f1": 0.3038, "auc": 0.52984}
{"epoch": 22, "time_epoch": 9.42395, "eta": 769.39477, "eta_hours": 0.21372, "loss": 1.08759283, "lr": 0.00088526, "params": 6221, "time_iter": 0.05013, "accuracy": 0.39867, "f1": 0.30818, "auc": 0.53257}
{"epoch": 23, "time_epoch": 9.43483, "eta": 757.6378, "eta_hours": 0.21045, "loss": 1.0891883, "lr": 0.00087506, "params": 6221, "time_iter": 0.05019, "accuracy": 0.38667, "f1": 0.29766, "auc": 0.53287}
{"epoch": 24, "time_epoch": 9.41334, "eta": 746.00216, "eta_hours": 0.20722, "loss": 1.09114153, "lr": 0.00086448, "params": 6221, "time_iter": 0.05007, "accuracy": 0.4, "f1": 0.31177, "auc": 0.53121}
{"epoch": 25, "time_epoch": 9.41181, "eta": 734.53309, "eta_hours": 0.20404, "loss": 1.08892515, "lr": 0.00085355, "params": 6221, "time_iter": 0.05006, "accuracy": 0.40667, "f1": 0.31439, "auc": 0.5298}
{"epoch": 26, "time_epoch": 9.42087, "eta": 723.24091, "eta_hours": 0.2009, "loss": 1.09028736, "lr": 0.00084227, "params": 6221, "time_iter": 0.05011, "accuracy": 0.39333, "f1": 0.30234, "auc": 0.53099}
{"epoch": 27, "time_epoch": 9.43384, "eta": 712.11575, "eta_hours": 0.19781, "loss": 1.09261817, "lr": 0.00083066, "params": 6221, "time_iter": 0.05018, "accuracy": 0.384, "f1": 0.29801, "auc": 0.52237}
{"epoch": 28, "time_epoch": 9.41401, "eta": 701.05867, "eta_hours": 0.19474, "loss": 1.08300064, "lr": 0.00081871, "params": 6221, "time_iter": 0.05007, "accuracy": 0.41333, "f1": 0.32347, "auc": 0.54815}
{"epoch": 29, "time_epoch": 9.45106, "eta": 690.1976, "eta_hours": 0.19172, "loss": 1.08691199, "lr": 0.00080645, "params": 6221, "time_iter": 0.05027, "accuracy": 0.392, "f1": 0.30636, "auc": 0.53773}
{"epoch": 30, "time_epoch": 9.42188, "eta": 679.36253, "eta_hours": 0.18871, "loss": 1.09458229, "lr": 0.00079389, "params": 6221, "time_iter": 0.05012, "accuracy": 0.38133, "f1": 0.29414, "auc": 0.52512}
{"epoch": 31, "time_epoch": 9.42411, "eta": 668.62053, "eta_hours": 0.18573, "loss": 1.08604798, "lr": 0.00078104, "params": 6221, "time_iter": 0.05013, "accuracy": 0.4, "f1": 0.31448, "auc": 0.5465}
{"epoch": 32, "time_epoch": 9.4475, "eta": 658.00588, "eta_hours": 0.18278, "loss": 1.08480837, "lr": 0.00076791, "params": 6221, "time_iter": 0.05025, "accuracy": 0.42533, "f1": 0.34955, "auc": 0.55315}
{"epoch": 33, "time_epoch": 9.41365, "eta": 647.3942, "eta_hours": 0.17983, "loss": 1.08208067, "lr": 0.00075452, "params": 6221, "time_iter": 0.05007, "accuracy": 0.412, "f1": 0.32198, "auc": 0.55184}
{"epoch": 34, "time_epoch": 9.41026, "eta": 636.84468, "eta_hours": 0.1769, "loss": 1.08354793, "lr": 0.00074088, "params": 6221, "time_iter": 0.05005, "accuracy": 0.39733, "f1": 0.31151, "auc": 0.55605}
{"epoch": 35, "time_epoch": 9.43941, "eta": 626.41027, "eta_hours": 0.174, "loss": 1.08995051, "lr": 0.000727, "params": 6221, "time_iter": 0.05021, "accuracy": 0.38533, "f1": 0.29865, "auc": 0.53456}
{"epoch": 36, "time_epoch": 9.41743, "eta": 615.99222, "eta_hours": 0.17111, "loss": 1.08967632, "lr": 0.00071289, "params": 6221, "time_iter": 0.05009, "accuracy": 0.39467, "f1": 0.3128, "auc": 0.54031}
{"epoch": 37, "time_epoch": 9.43147, "eta": 605.64974, "eta_hours": 0.16824, "loss": 1.08165393, "lr": 0.00069857, "params": 6221, "time_iter": 0.05017, "accuracy": 0.41467, "f1": 0.32384, "auc": 0.55038}
{"epoch": 38, "time_epoch": 9.43527, "eta": 595.35992, "eta_hours": 0.16538, "loss": 1.08310042, "lr": 0.00068406, "params": 6221, "time_iter": 0.05019, "accuracy": 0.40667, "f1": 0.31692, "auc": 0.54938}
{"epoch": 39, "time_epoch": 9.42895, "eta": 585.10334, "eta_hours": 0.16253, "loss": 1.08689697, "lr": 0.00066937, "params": 6221, "time_iter": 0.05015, "accuracy": 0.4, "f1": 0.31296, "auc": 0.5377}
{"epoch": 40, "time_epoch": 9.44511, "eta": 574.91039, "eta_hours": 0.1597, "loss": 1.08616405, "lr": 0.00065451, "params": 6221, "time_iter": 0.05024, "accuracy": 0.40533, "f1": 0.31646, "auc": 0.53475}
{"epoch": 41, "time_epoch": 9.46266, "eta": 564.77729, "eta_hours": 0.15688, "loss": 1.08027751, "lr": 0.0006395, "params": 6221, "time_iter": 0.05033, "accuracy": 0.40933, "f1": 0.33141, "auc": 0.56337}
{"epoch": 42, "time_epoch": 9.43171, "eta": 554.63435, "eta_hours": 0.15407, "loss": 1.08377327, "lr": 0.00062434, "params": 6221, "time_iter": 0.05017, "accuracy": 0.40133, "f1": 0.31755, "auc": 0.55512}
{"epoch": 43, "time_epoch": 9.42838, "eta": 544.5195, "eta_hours": 0.15126, "loss": 1.08507011, "lr": 0.00060907, "params": 6221, "time_iter": 0.05015, "accuracy": 0.408, "f1": 0.32787, "auc": 0.56034}
{"epoch": 44, "time_epoch": 9.43751, "eta": 534.44632, "eta_hours": 0.14846, "loss": 1.08745764, "lr": 0.00059369, "params": 6221, "time_iter": 0.0502, "accuracy": 0.39867, "f1": 0.32386, "auc": 0.55874}
{"epoch": 45, "time_epoch": 9.43362, "eta": 524.39621, "eta_hours": 0.14567, "loss": 1.08910944, "lr": 0.00057822, "params": 6221, "time_iter": 0.05018, "accuracy": 0.39733, "f1": 0.32196, "auc": 0.5446}
{"epoch": 46, "time_epoch": 9.43565, "eta": 514.37462, "eta_hours": 0.14288, "loss": 1.0860338, "lr": 0.00056267, "params": 6221, "time_iter": 0.05019, "accuracy": 0.404, "f1": 0.32523, "auc": 0.55927}
{"epoch": 47, "time_epoch": 9.42633, "eta": 504.36734, "eta_hours": 0.1401, "loss": 1.07983175, "lr": 0.00054705, "params": 6221, "time_iter": 0.05014, "accuracy": 0.41067, "f1": 0.33911, "auc": 0.57146}
{"epoch": 48, "time_epoch": 9.40468, "eta": 494.36125, "eta_hours": 0.13732, "loss": 1.080322, "lr": 0.0005314, "params": 6221, "time_iter": 0.05002, "accuracy": 0.40533, "f1": 0.323, "auc": 0.57221}
{"epoch": 49, "time_epoch": 9.39038, "eta": 484.36491, "eta_hours": 0.13455, "loss": 1.07629394, "lr": 0.00051571, "params": 6221, "time_iter": 0.04995, "accuracy": 0.41733, "f1": 0.33169, "auc": 0.57777}
{"epoch": 50, "time_epoch": 9.41091, "eta": 474.41207, "eta_hours": 0.13178, "loss": 1.08495249, "lr": 0.0005, "params": 6221, "time_iter": 0.05006, "accuracy": 0.396, "f1": 0.31897, "auc": 0.56746}
{"epoch": 51, "time_epoch": 9.40361, "eta": 464.47333, "eta_hours": 0.12902, "loss": 1.08074634, "lr": 0.00048429, "params": 6221, "time_iter": 0.05002, "accuracy": 0.408, "f1": 0.34338, "auc": 0.56834}
{"epoch": 52, "time_epoch": 9.39319, "eta": 454.54554, "eta_hours": 0.12626, "loss": 1.08201492, "lr": 0.0004686, "params": 6221, "time_iter": 0.04996, "accuracy": 0.40133, "f1": 0.32017, "auc": 0.57405}
{"epoch": 53, "time_epoch": 9.43606, "eta": 444.67407, "eta_hours": 0.12352, "loss": 1.08381419, "lr": 0.00045295, "params": 6221, "time_iter": 0.05019, "accuracy": 0.408, "f1": 0.34196, "auc": 0.56762}
{"epoch": 54, "time_epoch": 9.40515, "eta": 434.79314, "eta_hours": 0.12078, "loss": 1.08504296, "lr": 0.00043733, "params": 6221, "time_iter": 0.05003, "accuracy": 0.39867, "f1": 0.32827, "auc": 0.56271}
{"epoch": 55, "time_epoch": 9.40109, "eta": 424.92602, "eta_hours": 0.11804, "loss": 1.08342451, "lr": 0.00042178, "params": 6221, "time_iter": 0.05001, "accuracy": 0.40267, "f1": 0.3396, "auc": 0.56675}
{"epoch": 56, "time_epoch": 9.39826, "eta": 415.07311, "eta_hours": 0.1153, "loss": 1.081591, "lr": 0.00040631, "params": 6221, "time_iter": 0.04999, "accuracy": 0.412, "f1": 0.33365, "auc": 0.57391}
{"epoch": 57, "time_epoch": 9.40887, "eta": 405.24357, "eta_hours": 0.11257, "loss": 1.08956007, "lr": 0.00039093, "params": 6221, "time_iter": 0.05005, "accuracy": 0.39467, "f1": 0.32413, "auc": 0.55825}
{"epoch": 58, "time_epoch": 9.40474, "eta": 395.42541, "eta_hours": 0.10984, "loss": 1.084897, "lr": 0.00037566, "params": 6221, "time_iter": 0.05003, "accuracy": 0.39467, "f1": 0.3521, "auc": 0.55866}
{"epoch": 59, "time_epoch": 9.39595, "eta": 385.61517, "eta_hours": 0.10712, "loss": 1.08390726, "lr": 0.0003605, "params": 6221, "time_iter": 0.04998, "accuracy": 0.39733, "f1": 0.3527, "auc": 0.56968}
{"epoch": 60, "time_epoch": 9.40842, "eta": 375.82649, "eta_hours": 0.1044, "loss": 1.07514324, "lr": 0.00034549, "params": 6221, "time_iter": 0.05004, "accuracy": 0.42133, "f1": 0.35876, "auc": 0.58294}
{"epoch": 61, "time_epoch": 9.41374, "eta": 366.05334, "eta_hours": 0.10168, "loss": 1.08486664, "lr": 0.00033063, "params": 6221, "time_iter": 0.05007, "accuracy": 0.39467, "f1": 0.32634, "auc": 0.57058}
{"epoch": 62, "time_epoch": 9.41474, "eta": 356.29218, "eta_hours": 0.09897, "loss": 1.07105153, "lr": 0.00031594, "params": 6221, "time_iter": 0.05008, "accuracy": 0.41333, "f1": 0.35869, "auc": 0.59151}
{"epoch": 63, "time_epoch": 9.39427, "eta": 346.53034, "eta_hours": 0.09626, "loss": 1.07811204, "lr": 0.00030143, "params": 6221, "time_iter": 0.04997, "accuracy": 0.416, "f1": 0.36959, "auc": 0.58352}
{"epoch": 64, "time_epoch": 9.40571, "eta": 336.78596, "eta_hours": 0.09355, "loss": 1.08618498, "lr": 0.00028711, "params": 6221, "time_iter": 0.05003, "accuracy": 0.40267, "f1": 0.35965, "auc": 0.5645}
{"epoch": 65, "time_epoch": 9.41784, "eta": 327.0581, "eta_hours": 0.09085, "loss": 1.0876815, "lr": 0.000273, "params": 6221, "time_iter": 0.05009, "accuracy": 0.384, "f1": 0.35299, "auc": 0.55784}
{"epoch": 66, "time_epoch": 9.40342, "eta": 317.33238, "eta_hours": 0.08815, "loss": 1.08255759, "lr": 0.00025912, "params": 6221, "time_iter": 0.05002, "accuracy": 0.42, "f1": 0.38091, "auc": 0.57085}
{"epoch": 67, "time_epoch": 9.41043, "eta": 307.61945, "eta_hours": 0.08545, "loss": 1.0900962, "lr": 0.00024548, "params": 6221, "time_iter": 0.05006, "accuracy": 0.39467, "f1": 0.364, "auc": 0.56071}
{"epoch": 68, "time_epoch": 9.45406, "eta": 297.93489, "eta_hours": 0.08276, "loss": 1.082785, "lr": 0.00023209, "params": 6221, "time_iter": 0.05029, "accuracy": 0.412, "f1": 0.36881, "auc": 0.57078}
{"epoch": 69, "time_epoch": 9.59323, "eta": 288.31656, "eta_hours": 0.08009, "loss": 1.08048046, "lr": 0.00021896, "params": 6221, "time_iter": 0.05103, "accuracy": 0.40933, "f1": 0.36257, "auc": 0.57427}
{"epoch": 70, "time_epoch": 9.39287, "eta": 278.61709, "eta_hours": 0.07739, "loss": 1.0798893, "lr": 0.00020611, "params": 6221, "time_iter": 0.04996, "accuracy": 0.408, "f1": 0.37145, "auc": 0.57495}
{"epoch": 71, "time_epoch": 9.09737, "eta": 268.81123, "eta_hours": 0.07467, "loss": 1.07747376, "lr": 0.00019355, "params": 6221, "time_iter": 0.04839, "accuracy": 0.42, "f1": 0.38467, "auc": 0.58084}
{"epoch": 72, "time_epoch": 9.40922, "eta": 259.14012, "eta_hours": 0.07198, "loss": 1.08210783, "lr": 0.00018129, "params": 6221, "time_iter": 0.05005, "accuracy": 0.41333, "f1": 0.37059, "auc": 0.5744}
{"epoch": 73, "time_epoch": 9.43104, "eta": 249.48375, "eta_hours": 0.0693, "loss": 1.07570132, "lr": 0.00016934, "params": 6221, "time_iter": 0.05017, "accuracy": 0.432, "f1": 0.40203, "auc": 0.58515}
{"epoch": 74, "time_epoch": 9.40931, "eta": 239.82615, "eta_hours": 0.06662, "loss": 1.08366129, "lr": 0.00015773, "params": 6221, "time_iter": 0.05005, "accuracy": 0.42267, "f1": 0.40121, "auc": 0.5778}
{"epoch": 75, "time_epoch": 9.3872, "eta": 230.1681, "eta_hours": 0.06394, "loss": 1.07794506, "lr": 0.00014645, "params": 6221, "time_iter": 0.04993, "accuracy": 0.432, "f1": 0.3952, "auc": 0.58778}
{"epoch": 76, "time_epoch": 9.39752, "eta": 220.52017, "eta_hours": 0.06126, "loss": 1.08481549, "lr": 0.00013552, "params": 6221, "time_iter": 0.04999, "accuracy": 0.42133, "f1": 0.39772, "auc": 0.56835}
{"epoch": 77, "time_epoch": 9.39514, "eta": 210.87798, "eta_hours": 0.05858, "loss": 1.0788849, "lr": 0.00012494, "params": 6221, "time_iter": 0.04997, "accuracy": 0.408, "f1": 0.36606, "auc": 0.57458}
{"epoch": 78, "time_epoch": 9.38651, "eta": 201.23976, "eta_hours": 0.0559, "loss": 1.07209421, "lr": 0.00011474, "params": 6221, "time_iter": 0.04993, "accuracy": 0.424, "f1": 0.38056, "auc": 0.58938}
{"epoch": 79, "time_epoch": 9.39489, "eta": 191.60992, "eta_hours": 0.05322, "loss": 1.07778222, "lr": 0.00010492, "params": 6221, "time_iter": 0.04997, "accuracy": 0.416, "f1": 0.37127, "auc": 0.58491}
{"epoch": 80, "time_epoch": 9.38972, "eta": 181.98468, "eta_hours": 0.05055, "loss": 1.07339698, "lr": 9.549e-05, "params": 6221, "time_iter": 0.04995, "accuracy": 0.42, "f1": 0.38037, "auc": 0.58824}
{"epoch": 81, "time_epoch": 9.41144, "eta": 172.36994, "eta_hours": 0.04788, "loss": 1.07975508, "lr": 8.646e-05, "params": 6221, "time_iter": 0.05006, "accuracy": 0.41867, "f1": 0.38587, "auc": 0.5828}
{"epoch": 82, "time_epoch": 9.46941, "eta": 162.77198, "eta_hours": 0.04521, "loss": 1.07091214, "lr": 7.784e-05, "params": 6221, "time_iter": 0.05037, "accuracy": 0.432, "f1": 0.39386, "auc": 0.59455}
{"epoch": 83, "time_epoch": 9.31702, "eta": 153.14805, "eta_hours": 0.04254, "loss": 1.07447945, "lr": 6.963e-05, "params": 6221, "time_iter": 0.04956, "accuracy": 0.41467, "f1": 0.38174, "auc": 0.59179}
{"epoch": 84, "time_epoch": 8.1542, "eta": 143.32614, "eta_hours": 0.03981, "loss": 1.08152084, "lr": 6.185e-05, "params": 6221, "time_iter": 0.04337, "accuracy": 0.424, "f1": 0.39262, "auc": 0.57543}
{"epoch": 85, "time_epoch": 8.17528, "eta": 133.54645, "eta_hours": 0.0371, "loss": 1.0752902, "lr": 5.45e-05, "params": 6221, "time_iter": 0.04349, "accuracy": 0.40133, "f1": 0.37445, "auc": 0.58738}
{"epoch": 86, "time_epoch": 8.18208, "eta": 123.80465, "eta_hours": 0.03439, "loss": 1.07042746, "lr": 4.759e-05, "params": 6221, "time_iter": 0.04352, "accuracy": 0.41733, "f1": 0.37215, "auc": 0.59759}
{"epoch": 87, "time_epoch": 8.17203, "eta": 114.09694, "eta_hours": 0.03169, "loss": 1.07902479, "lr": 4.112e-05, "params": 6221, "time_iter": 0.04347, "accuracy": 0.40267, "f1": 0.37032, "auc": 0.58256}
{"epoch": 88, "time_epoch": 8.18035, "eta": 104.42476, "eta_hours": 0.02901, "loss": 1.08299705, "lr": 3.511e-05, "params": 6221, "time_iter": 0.04351, "accuracy": 0.40667, "f1": 0.37395, "auc": 0.57648}
{"epoch": 89, "time_epoch": 8.17528, "eta": 94.78517, "eta_hours": 0.02633, "loss": 1.0785942, "lr": 2.956e-05, "params": 6221, "time_iter": 0.04349, "accuracy": 0.41067, "f1": 0.38028, "auc": 0.5813}
{"epoch": 90, "time_epoch": 8.17084, "eta": 85.17732, "eta_hours": 0.02366, "loss": 1.08169968, "lr": 2.447e-05, "params": 6221, "time_iter": 0.04346, "accuracy": 0.43467, "f1": 0.39869, "auc": 0.57681}
{"epoch": 91, "time_epoch": 8.1837, "eta": 75.60183, "eta_hours": 0.021, "loss": 1.07512426, "lr": 1.985e-05, "params": 6221, "time_iter": 0.04353, "accuracy": 0.43467, "f1": 0.40545, "auc": 0.58974}
{"epoch": 92, "time_epoch": 8.17588, "eta": 66.05568, "eta_hours": 0.01835, "loss": 1.08661207, "lr": 1.571e-05, "params": 6221, "time_iter": 0.04349, "accuracy": 0.39867, "f1": 0.36803, "auc": 0.56865}
{"epoch": 93, "time_epoch": 8.17024, "eta": 56.53833, "eta_hours": 0.01571, "loss": 1.07651791, "lr": 1.204e-05, "params": 6221, "time_iter": 0.04346, "accuracy": 0.41333, "f1": 0.37947, "auc": 0.58672}
{"epoch": 94, "time_epoch": 8.16904, "eta": 47.04927, "eta_hours": 0.01307, "loss": 1.07751787, "lr": 8.86e-06, "params": 6221, "time_iter": 0.04345, "accuracy": 0.408, "f1": 0.36924, "auc": 0.58672}
{"epoch": 95, "time_epoch": 8.16968, "eta": 37.58774, "eta_hours": 0.01044, "loss": 1.08021295, "lr": 6.16e-06, "params": 6221, "time_iter": 0.04346, "accuracy": 0.41467, "f1": 0.38116, "auc": 0.57925}
{"epoch": 96, "time_epoch": 8.14917, "eta": 28.15222, "eta_hours": 0.00782, "loss": 1.07701724, "lr": 3.94e-06, "params": 6221, "time_iter": 0.04335, "accuracy": 0.412, "f1": 0.37744, "auc": 0.57701}
{"epoch": 97, "time_epoch": 8.16556, "eta": 18.74328, "eta_hours": 0.00521, "loss": 1.06588336, "lr": 2.22e-06, "params": 6221, "time_iter": 0.04343, "accuracy": 0.424, "f1": 0.38792, "auc": 0.60484}
{"epoch": 98, "time_epoch": 8.16548, "eta": 9.35946, "eta_hours": 0.0026, "loss": 1.07870977, "lr": 9.9e-07, "params": 6221, "time_iter": 0.04343, "accuracy": 0.40667, "f1": 0.37669, "auc": 0.58499}
{"epoch": 99, "time_epoch": 8.17568, "eta": 0.0, "eta_hours": 0.0, "loss": 1.07107218, "lr": 2.5e-07, "params": 6221, "time_iter": 0.04349, "accuracy": 0.39733, "f1": 0.36331, "auc": 0.5895}
