{"epoch": 0, "time_epoch": 15.51065, "eta": 1535.55446, "eta_hours": 0.42654, "loss": 0.67565462, "lr": 0.001, "params": 5321, "time_iter": 0.44316, "accuracy": 0.60971, "precision": 1.0, "recall": 0.00459, "f1": 0.00913, "auc": 0.64477}
{"epoch": 1, "time_epoch": 2.12004, "eta": 863.90391, "eta_hours": 0.23997, "loss": 0.64769412, "lr": 0.00099975, "params": 5321, "time_iter": 0.06057, "accuracy": 0.66187, "precision": 0.67857, "recall": 0.26147, "f1": 0.37748, "auc": 0.72074}
{"epoch": 2, "time_epoch": 2.14442, "eta": 639.39528, "eta_hours": 0.17761, "loss": 0.5977001, "lr": 0.00099901, "params": 5321, "time_iter": 0.06127, "accuracy": 0.71583, "precision": 0.7027, "recall": 0.47706, "f1": 0.56831, "auc": 0.75018}
{"epoch": 3, "time_epoch": 2.12678, "eta": 525.64549, "eta_hours": 0.14601, "loss": 0.57660064, "lr": 0.00099778, "params": 5321, "time_iter": 0.06077, "accuracy": 0.71043, "precision": 0.68627, "recall": 0.48165, "f1": 0.56604, "auc": 0.75376}
{"epoch": 4, "time_epoch": 2.12472, "eta": 456.50572, "eta_hours": 0.12681, "loss": 0.55792024, "lr": 0.00099606, "params": 5321, "time_iter": 0.06071, "accuracy": 0.71403, "precision": 0.68323, "recall": 0.50459, "f1": 0.58047, "auc": 0.77884}
{"epoch": 5, "time_epoch": 2.16126, "eta": 410.27666, "eta_hours": 0.11397, "loss": 0.56825586, "lr": 0.00099384, "params": 5321, "time_iter": 0.06175, "accuracy": 0.69245, "precision": 0.688, "recall": 0.3945, "f1": 0.50146, "auc": 0.76197}
{"epoch": 6, "time_epoch": 2.12768, "eta": 376.1924, "eta_hours": 0.1045, "loss": 0.55123564, "lr": 0.00099114, "params": 5321, "time_iter": 0.06079, "accuracy": 0.73022, "precision": 0.68681, "recall": 0.57339, "f1": 0.625, "auc": 0.7796}
{"epoch": 7, "time_epoch": 2.13307, "eta": 350.15919, "eta_hours": 0.09727, "loss": 0.52978493, "lr": 0.00098796, "params": 5321, "time_iter": 0.06094, "accuracy": 0.75, "precision": 0.75159, "recall": 0.54128, "f1": 0.62933, "auc": 0.80088}
{"epoch": 8, "time_epoch": 2.12366, "eta": 329.34198, "eta_hours": 0.09148, "loss": 0.52169969, "lr": 0.00098429, "params": 5321, "time_iter": 0.06068, "accuracy": 0.75719, "precision": 0.75152, "recall": 0.56881, "f1": 0.64752, "auc": 0.80065}
{"epoch": 9, "time_epoch": 2.12617, "eta": 312.28609, "eta_hours": 0.08675, "loss": 0.53040503, "lr": 0.00098015, "params": 5321, "time_iter": 0.06075, "accuracy": 0.7446, "precision": 0.72093, "recall": 0.56881, "f1": 0.6359, "auc": 0.79238}
{"epoch": 10, "time_epoch": 2.11959, "eta": 297.89147, "eta_hours": 0.08275, "loss": 0.54287857, "lr": 0.00097553, "params": 5321, "time_iter": 0.06056, "accuracy": 0.72302, "precision": 0.70513, "recall": 0.50459, "f1": 0.58824, "auc": 0.78075}
{"epoch": 11, "time_epoch": 2.16554, "eta": 285.87967, "eta_hours": 0.07941, "loss": 0.52488696, "lr": 0.00097044, "params": 5321, "time_iter": 0.06187, "accuracy": 0.74281, "precision": 0.7095, "recall": 0.58257, "f1": 0.6398, "auc": 0.8029}
{"epoch": 12, "time_epoch": 2.11342, "eta": 275.03381, "eta_hours": 0.0764, "loss": 0.52856538, "lr": 0.00096489, "params": 5321, "time_iter": 0.06038, "accuracy": 0.7464, "precision": 0.73333, "recall": 0.55505, "f1": 0.63185, "auc": 0.80002}
{"epoch": 13, "time_epoch": 2.13175, "eta": 265.54805, "eta_hours": 0.07376, "loss": 0.52543245, "lr": 0.00095888, "params": 5321, "time_iter": 0.06091, "accuracy": 0.7464, "precision": 0.71751, "recall": 0.58257, "f1": 0.64304, "auc": 0.80803}
{"epoch": 14, "time_epoch": 2.14488, "eta": 257.11727, "eta_hours": 0.07142, "loss": 0.51889304, "lr": 0.00095241, "params": 5321, "time_iter": 0.06128, "accuracy": 0.74281, "precision": 0.72189, "recall": 0.55963, "f1": 0.63049, "auc": 0.80532}
{"epoch": 15, "time_epoch": 2.11968, "eta": 249.33991, "eta_hours": 0.06926, "loss": 0.50614962, "lr": 0.0009455, "params": 5321, "time_iter": 0.06056, "accuracy": 0.77338, "precision": 0.75, "recall": 0.63303, "f1": 0.68657, "auc": 0.81959}
{"epoch": 16, "time_epoch": 2.152, "eta": 242.38597, "eta_hours": 0.06733, "loss": 0.50599327, "lr": 0.00093815, "params": 5321, "time_iter": 0.06149, "accuracy": 0.77158, "precision": 0.77914, "recall": 0.58257, "f1": 0.66667, "auc": 0.81953}
{"epoch": 17, "time_epoch": 2.11047, "eta": 235.77636, "eta_hours": 0.06549, "loss": 0.49970045, "lr": 0.00093037, "params": 5321, "time_iter": 0.0603, "accuracy": 0.7518, "precision": 0.75641, "recall": 0.54128, "f1": 0.63102, "auc": 0.82574}
{"epoch": 18, "time_epoch": 2.13295, "eta": 229.73618, "eta_hours": 0.06382, "loss": 0.51347054, "lr": 0.00092216, "params": 5321, "time_iter": 0.06094, "accuracy": 0.75899, "precision": 0.71875, "recall": 0.63303, "f1": 0.67317, "auc": 0.81235}
{"epoch": 19, "time_epoch": 2.12197, "eta": 224.04282, "eta_hours": 0.06223, "loss": 0.49525872, "lr": 0.00091354, "params": 5321, "time_iter": 0.06063, "accuracy": 0.77518, "precision": 0.76271, "recall": 0.61927, "f1": 0.68354, "auc": 0.82505}
{"epoch": 20, "time_epoch": 2.10905, "eta": 218.64098, "eta_hours": 0.06073, "loss": 0.51913272, "lr": 0.00090451, "params": 5321, "time_iter": 0.06026, "accuracy": 0.75, "precision": 0.72571, "recall": 0.58257, "f1": 0.64631, "auc": 0.80718}
{"epoch": 21, "time_epoch": 2.14362, "eta": 213.66105, "eta_hours": 0.05935, "loss": 0.50923039, "lr": 0.00089508, "params": 5321, "time_iter": 0.06125, "accuracy": 0.73022, "precision": 0.68085, "recall": 0.58716, "f1": 0.63054, "auc": 0.81079}
{"epoch": 22, "time_epoch": 2.11302, "eta": 208.8253, "eta_hours": 0.05801, "loss": 0.50557119, "lr": 0.00088526, "params": 5321, "time_iter": 0.06037, "accuracy": 0.73921, "precision": 0.69519, "recall": 0.59633, "f1": 0.64198, "auc": 0.82019}
{"epoch": 23, "time_epoch": 2.1328, "eta": 204.2791, "eta_hours": 0.05674, "loss": 0.51718639, "lr": 0.00087506, "params": 5321, "time_iter": 0.06094, "accuracy": 0.7482, "precision": 0.74684, "recall": 0.54128, "f1": 0.62766, "auc": 0.80237}
{"epoch": 24, "time_epoch": 2.11684, "eta": 199.87808, "eta_hours": 0.05552, "loss": 0.50544208, "lr": 0.00086448, "params": 5321, "time_iter": 0.06048, "accuracy": 0.76439, "precision": 0.73262, "recall": 0.62844, "f1": 0.67654, "auc": 0.81326}
{"epoch": 25, "time_epoch": 2.11626, "eta": 195.65112, "eta_hours": 0.05435, "loss": 0.50005921, "lr": 0.00085355, "params": 5321, "time_iter": 0.06046, "accuracy": 0.76978, "precision": 0.74725, "recall": 0.62385, "f1": 0.68, "auc": 0.81814}
{"epoch": 26, "time_epoch": 2.1383, "eta": 191.64009, "eta_hours": 0.05323, "loss": 0.49593184, "lr": 0.00084227, "params": 5321, "time_iter": 0.06109, "accuracy": 0.77698, "precision": 0.77647, "recall": 0.6055, "f1": 0.68041, "auc": 0.82573}
{"epoch": 27, "time_epoch": 2.12096, "eta": 187.71825, "eta_hours": 0.05214, "loss": 0.49425546, "lr": 0.00083066, "params": 5321, "time_iter": 0.0606, "accuracy": 0.76079, "precision": 0.74286, "recall": 0.59633, "f1": 0.66158, "auc": 0.81992}
{"epoch": 28, "time_epoch": 2.13358, "eta": 183.95151, "eta_hours": 0.0511, "loss": 0.50622951, "lr": 0.00081871, "params": 5321, "time_iter": 0.06096, "accuracy": 0.7536, "precision": 0.72881, "recall": 0.59174, "f1": 0.65316, "auc": 0.80826}
{"epoch": 29, "time_epoch": 2.28133, "eta": 180.63838, "eta_hours": 0.05018, "loss": 0.49541157, "lr": 0.00080645, "params": 5321, "time_iter": 0.06518, "accuracy": 0.76799, "precision": 0.73298, "recall": 0.6422, "f1": 0.6846, "auc": 0.8194}
{"epoch": 30, "time_epoch": 2.62637, "eta": 178.15983, "eta_hours": 0.04949, "loss": 0.47390396, "lr": 0.00079389, "params": 5321, "time_iter": 0.07504, "accuracy": 0.78777, "precision": 0.78409, "recall": 0.63303, "f1": 0.70051, "auc": 0.8383}
{"epoch": 31, "time_epoch": 3.79337, "eta": 178.15192, "eta_hours": 0.04949, "loss": 0.4833573, "lr": 0.00078104, "params": 5321, "time_iter": 0.10838, "accuracy": 0.76799, "precision": 0.73797, "recall": 0.63303, "f1": 0.68148, "auc": 0.83454}
{"epoch": 32, "time_epoch": 3.17502, "eta": 176.65914, "eta_hours": 0.04907, "loss": 0.48913735, "lr": 0.00076791, "params": 5321, "time_iter": 0.09071, "accuracy": 0.76259, "precision": 0.72872, "recall": 0.62844, "f1": 0.67488, "auc": 0.82601}
{"epoch": 33, "time_epoch": 1.97487, "eta": 172.7377, "eta_hours": 0.04798, "loss": 0.50694023, "lr": 0.00075452, "params": 5321, "time_iter": 0.05642, "accuracy": 0.75899, "precision": 0.73864, "recall": 0.59633, "f1": 0.6599, "auc": 0.8124}
{"epoch": 34, "time_epoch": 2.11713, "eta": 169.19168, "eta_hours": 0.047, "loss": 0.49076875, "lr": 0.00074088, "params": 5321, "time_iter": 0.06049, "accuracy": 0.76439, "precision": 0.73262, "recall": 0.62844, "f1": 0.67654, "auc": 0.82702}
{"epoch": 35, "time_epoch": 2.12821, "eta": 165.74475, "eta_hours": 0.04604, "loss": 0.48135367, "lr": 0.000727, "params": 5321, "time_iter": 0.06081, "accuracy": 0.76439, "precision": 0.72775, "recall": 0.63761, "f1": 0.67971, "auc": 0.83193}
{"epoch": 36, "time_epoch": 2.12793, "eta": 162.36863, "eta_hours": 0.0451, "loss": 0.49430512, "lr": 0.00071289, "params": 5321, "time_iter": 0.0608, "accuracy": 0.77158, "precision": 0.73822, "recall": 0.64679, "f1": 0.68949, "auc": 0.82356}
{"epoch": 37, "time_epoch": 2.13869, "eta": 159.07575, "eta_hours": 0.04419, "loss": 0.49261631, "lr": 0.00069857, "params": 5321, "time_iter": 0.06111, "accuracy": 0.75899, "precision": 0.74419, "recall": 0.58716, "f1": 0.65641, "auc": 0.826}
{"epoch": 38, "time_epoch": 2.12875, "eta": 155.82652, "eta_hours": 0.04329, "loss": 0.49480634, "lr": 0.00068406, "params": 5321, "time_iter": 0.06082, "accuracy": 0.77878, "precision": 0.77457, "recall": 0.61468, "f1": 0.68542, "auc": 0.82272}
{"epoch": 39, "time_epoch": 2.16028, "eta": 152.68061, "eta_hours": 0.04241, "loss": 0.49345126, "lr": 0.00066937, "params": 5321, "time_iter": 0.06172, "accuracy": 0.7518, "precision": 0.70202, "recall": 0.63761, "f1": 0.66827, "auc": 0.82694}
{"epoch": 40, "time_epoch": 2.14983, "eta": 149.56774, "eta_hours": 0.04155, "loss": 0.48478628, "lr": 0.00065451, "params": 5321, "time_iter": 0.06142, "accuracy": 0.76079, "precision": 0.72973, "recall": 0.61927, "f1": 0.66998, "auc": 0.82903}
{"epoch": 41, "time_epoch": 2.13181, "eta": 146.47585, "eta_hours": 0.04069, "loss": 0.49436318, "lr": 0.0006395, "params": 5321, "time_iter": 0.06091, "accuracy": 0.77338, "precision": 0.76437, "recall": 0.61009, "f1": 0.67857, "auc": 0.8227}
{"epoch": 42, "time_epoch": 2.16465, "eta": 143.47215, "eta_hours": 0.03985, "loss": 0.49484714, "lr": 0.00062434, "params": 5321, "time_iter": 0.06185, "accuracy": 0.76079, "precision": 0.71357, "recall": 0.65138, "f1": 0.68106, "auc": 0.82114}
{"epoch": 43, "time_epoch": 2.16644, "eta": 140.50886, "eta_hours": 0.03903, "loss": 0.48813357, "lr": 0.00060907, "params": 5321, "time_iter": 0.0619, "accuracy": 0.77698, "precision": 0.75, "recall": 0.64679, "f1": 0.69458, "auc": 0.82846}
{"epoch": 44, "time_epoch": 2.15282, "eta": 137.56433, "eta_hours": 0.03821, "loss": 0.49792549, "lr": 0.00059369, "params": 5321, "time_iter": 0.06151, "accuracy": 0.77158, "precision": 0.76608, "recall": 0.60092, "f1": 0.67352, "auc": 0.81598}
{"epoch": 45, "time_epoch": 2.13905, "eta": 134.63806, "eta_hours": 0.0374, "loss": 0.48444672, "lr": 0.00057822, "params": 5321, "time_iter": 0.06112, "accuracy": 0.77878, "precision": 0.75676, "recall": 0.6422, "f1": 0.69479, "auc": 0.82801}
{"epoch": 46, "time_epoch": 2.1678, "eta": 131.77771, "eta_hours": 0.0366, "loss": 0.50182147, "lr": 0.00056267, "params": 5321, "time_iter": 0.06194, "accuracy": 0.78058, "precision": 0.77586, "recall": 0.61927, "f1": 0.68878, "auc": 0.81445}
{"epoch": 47, "time_epoch": 2.15259, "eta": 128.92975, "eta_hours": 0.03581, "loss": 0.47060065, "lr": 0.00054705, "params": 5321, "time_iter": 0.0615, "accuracy": 0.77698, "precision": 0.75543, "recall": 0.63761, "f1": 0.69154, "auc": 0.84049}
{"epoch": 48, "time_epoch": 2.14549, "eta": 126.10277, "eta_hours": 0.03503, "loss": 0.47622274, "lr": 0.0005314, "params": 5321, "time_iter": 0.0613, "accuracy": 0.77518, "precision": 0.73367, "recall": 0.66972, "f1": 0.70024, "auc": 0.8347}
{"epoch": 49, "time_epoch": 2.12432, "eta": 123.28188, "eta_hours": 0.03424, "loss": 0.47392076, "lr": 0.00051571, "params": 5321, "time_iter": 0.06069, "accuracy": 0.77698, "precision": 0.75, "recall": 0.64679, "f1": 0.69458, "auc": 0.83626}
{"epoch": 50, "time_epoch": 2.14803, "eta": 120.51109, "eta_hours": 0.03348, "loss": 0.49722938, "lr": 0.0005, "params": 5321, "time_iter": 0.06137, "accuracy": 0.76799, "precision": 0.73298, "recall": 0.6422, "f1": 0.6846, "auc": 0.81704}
{"epoch": 51, "time_epoch": 2.3, "eta": 117.90454, "eta_hours": 0.03275, "loss": 0.48321036, "lr": 0.00048429, "params": 5321, "time_iter": 0.06571, "accuracy": 0.77878, "precision": 0.75676, "recall": 0.6422, "f1": 0.69479, "auc": 0.82923}
{"epoch": 52, "time_epoch": 2.25144, "eta": 115.26648, "eta_hours": 0.03202, "loss": 0.48346443, "lr": 0.0004686, "params": 5321, "time_iter": 0.06433, "accuracy": 0.77518, "precision": 0.74603, "recall": 0.64679, "f1": 0.69287, "auc": 0.83105}
{"epoch": 53, "time_epoch": 2.29736, "eta": 112.68186, "eta_hours": 0.0313, "loss": 0.48603256, "lr": 0.00045295, "params": 5321, "time_iter": 0.06564, "accuracy": 0.76799, "precision": 0.7486, "recall": 0.61468, "f1": 0.67506, "auc": 0.82608}
{"epoch": 54, "time_epoch": 2.16995, "eta": 110.00344, "eta_hours": 0.03056, "loss": 0.4879672, "lr": 0.00043733, "params": 5321, "time_iter": 0.062, "accuracy": 0.77338, "precision": 0.75, "recall": 0.63303, "f1": 0.68657, "auc": 0.82574}
{"epoch": 55, "time_epoch": 2.11365, "eta": 107.29896, "eta_hours": 0.02981, "loss": 0.48258641, "lr": 0.00042178, "params": 5321, "time_iter": 0.06039, "accuracy": 0.75719, "precision": 0.72678, "recall": 0.61009, "f1": 0.66334, "auc": 0.83304}
{"epoch": 56, "time_epoch": 2.12013, "eta": 104.62008, "eta_hours": 0.02906, "loss": 0.47195262, "lr": 0.00040631, "params": 5321, "time_iter": 0.06058, "accuracy": 0.77878, "precision": 0.74869, "recall": 0.65596, "f1": 0.69927, "auc": 0.84136}
{"epoch": 57, "time_epoch": 2.11925, "eta": 101.95984, "eta_hours": 0.02832, "loss": 0.48511497, "lr": 0.00039093, "params": 5321, "time_iter": 0.06055, "accuracy": 0.77338, "precision": 0.74468, "recall": 0.6422, "f1": 0.68966, "auc": 0.82858}
{"epoch": 58, "time_epoch": 2.12834, "eta": 99.32425, "eta_hours": 0.02759, "loss": 0.47356336, "lr": 0.00037566, "params": 5321, "time_iter": 0.06081, "accuracy": 0.77158, "precision": 0.74863, "recall": 0.62844, "f1": 0.68329, "auc": 0.83459}
{"epoch": 59, "time_epoch": 2.14656, "eta": 96.71773, "eta_hours": 0.02687, "loss": 0.4661776, "lr": 0.0003605, "params": 5321, "time_iter": 0.06133, "accuracy": 0.77698, "precision": 0.75824, "recall": 0.63303, "f1": 0.69, "auc": 0.84003}
{"epoch": 60, "time_epoch": 2.18775, "eta": 94.15261, "eta_hours": 0.02615, "loss": 0.47971919, "lr": 0.00034549, "params": 5321, "time_iter": 0.06251, "accuracy": 0.77338, "precision": 0.75556, "recall": 0.62385, "f1": 0.68342, "auc": 0.83277}
{"epoch": 61, "time_epoch": 2.16816, "eta": 91.58766, "eta_hours": 0.02544, "loss": 0.47244341, "lr": 0.00033063, "params": 5321, "time_iter": 0.06195, "accuracy": 0.76978, "precision": 0.73196, "recall": 0.65138, "f1": 0.68932, "auc": 0.84106}
{"epoch": 62, "time_epoch": 2.09923, "eta": 88.99482, "eta_hours": 0.02472, "loss": 0.47538314, "lr": 0.00031594, "params": 5321, "time_iter": 0.05998, "accuracy": 0.76439, "precision": 0.73262, "recall": 0.62844, "f1": 0.67654, "auc": 0.83306}
{"epoch": 63, "time_epoch": 2.15078, "eta": 86.44641, "eta_hours": 0.02401, "loss": 0.48531916, "lr": 0.00030143, "params": 5321, "time_iter": 0.06145, "accuracy": 0.77518, "precision": 0.76879, "recall": 0.61009, "f1": 0.68031, "auc": 0.82417}
{"epoch": 64, "time_epoch": 2.16982, "eta": 83.92048, "eta_hours": 0.02331, "loss": 0.47309262, "lr": 0.00028711, "params": 5321, "time_iter": 0.06199, "accuracy": 0.78957, "precision": 0.77596, "recall": 0.65138, "f1": 0.70823, "auc": 0.83599}
{"epoch": 65, "time_epoch": 2.15224, "eta": 81.39629, "eta_hours": 0.02261, "loss": 0.48234434, "lr": 0.000273, "params": 5321, "time_iter": 0.06149, "accuracy": 0.77698, "precision": 0.76404, "recall": 0.62385, "f1": 0.68687, "auc": 0.82861}
{"epoch": 66, "time_epoch": 2.13962, "eta": 78.87699, "eta_hours": 0.02191, "loss": 0.48147012, "lr": 0.00025912, "params": 5321, "time_iter": 0.06113, "accuracy": 0.78777, "precision": 0.77174, "recall": 0.65138, "f1": 0.70647, "auc": 0.82806}
{"epoch": 67, "time_epoch": 2.13831, "eta": 76.36824, "eta_hours": 0.02121, "loss": 0.47962701, "lr": 0.00024548, "params": 5321, "time_iter": 0.06109, "accuracy": 0.76799, "precision": 0.73298, "recall": 0.6422, "f1": 0.6846, "auc": 0.83509}
{"epoch": 68, "time_epoch": 2.12478, "eta": 73.86414, "eta_hours": 0.02052, "loss": 0.4806163, "lr": 0.00023209, "params": 5321, "time_iter": 0.06071, "accuracy": 0.76799, "precision": 0.7486, "recall": 0.61468, "f1": 0.67506, "auc": 0.83479}
{"epoch": 69, "time_epoch": 2.15117, "eta": 71.3822, "eta_hours": 0.01983, "loss": 0.48468908, "lr": 0.00021896, "params": 5321, "time_iter": 0.06146, "accuracy": 0.77698, "precision": 0.74479, "recall": 0.65596, "f1": 0.69756, "auc": 0.82536}
{"epoch": 70, "time_epoch": 2.10024, "eta": 68.88877, "eta_hours": 0.01914, "loss": 0.48884385, "lr": 0.00020611, "params": 5321, "time_iter": 0.06001, "accuracy": 0.77158, "precision": 0.74863, "recall": 0.62844, "f1": 0.68329, "auc": 0.82097}
{"epoch": 71, "time_epoch": 2.13883, "eta": 66.42126, "eta_hours": 0.01845, "loss": 0.47593192, "lr": 0.00019355, "params": 5321, "time_iter": 0.06111, "accuracy": 0.77338, "precision": 0.75556, "recall": 0.62385, "f1": 0.68342, "auc": 0.83713}
{"epoch": 72, "time_epoch": 2.13124, "eta": 63.95996, "eta_hours": 0.01777, "loss": 0.47038262, "lr": 0.00018129, "params": 5321, "time_iter": 0.06089, "accuracy": 0.77878, "precision": 0.76836, "recall": 0.62385, "f1": 0.68861, "auc": 0.83745}
{"epoch": 73, "time_epoch": 2.17832, "eta": 61.52412, "eta_hours": 0.01709, "loss": 0.47138102, "lr": 0.00016934, "params": 5321, "time_iter": 0.06224, "accuracy": 0.78777, "precision": 0.76316, "recall": 0.66514, "f1": 0.71078, "auc": 0.83968}
{"epoch": 74, "time_epoch": 2.10105, "eta": 59.06939, "eta_hours": 0.01641, "loss": 0.49016443, "lr": 0.00015773, "params": 5321, "time_iter": 0.06003, "accuracy": 0.76619, "precision": 0.72917, "recall": 0.6422, "f1": 0.68293, "auc": 0.82371}
{"epoch": 75, "time_epoch": 2.15255, "eta": 56.64022, "eta_hours": 0.01573, "loss": 0.47794231, "lr": 0.00014645, "params": 5321, "time_iter": 0.0615, "accuracy": 0.76799, "precision": 0.75429, "recall": 0.6055, "f1": 0.67176, "auc": 0.82755}
{"epoch": 76, "time_epoch": 2.157, "eta": 54.21957, "eta_hours": 0.01506, "loss": 0.48256726, "lr": 0.00013552, "params": 5321, "time_iter": 0.06163, "accuracy": 0.76619, "precision": 0.73656, "recall": 0.62844, "f1": 0.67822, "auc": 0.83038}
{"epoch": 77, "time_epoch": 2.15724, "eta": 51.80575, "eta_hours": 0.01439, "loss": 0.46961544, "lr": 0.00012494, "params": 5321, "time_iter": 0.06164, "accuracy": 0.78237, "precision": 0.76503, "recall": 0.6422, "f1": 0.69825, "auc": 0.83937}
{"epoch": 78, "time_epoch": 2.12596, "eta": 49.39011, "eta_hours": 0.01372, "loss": 0.48192144, "lr": 0.00011474, "params": 5321, "time_iter": 0.06074, "accuracy": 0.76619, "precision": 0.73404, "recall": 0.63303, "f1": 0.6798, "auc": 0.82931}
{"epoch": 79, "time_epoch": 2.14254, "eta": 46.98586, "eta_hours": 0.01305, "loss": 0.46168893, "lr": 0.00010492, "params": 5321, "time_iter": 0.06122, "accuracy": 0.78597, "precision": 0.77966, "recall": 0.63303, "f1": 0.69873, "auc": 0.84611}
{"epoch": 80, "time_epoch": 2.13488, "eta": 44.58627, "eta_hours": 0.01239, "loss": 0.48166013, "lr": 9.549e-05, "params": 5321, "time_iter": 0.061, "accuracy": 0.77338, "precision": 0.73232, "recall": 0.66514, "f1": 0.69712, "auc": 0.83019}
{"epoch": 81, "time_epoch": 2.13603, "eta": 42.1934, "eta_hours": 0.01172, "loss": 0.47210081, "lr": 8.646e-05, "params": 5321, "time_iter": 0.06103, "accuracy": 0.76619, "precision": 0.72917, "recall": 0.6422, "f1": 0.68293, "auc": 0.83763}
{"epoch": 82, "time_epoch": 2.13152, "eta": 39.80578, "eta_hours": 0.01106, "loss": 0.47258264, "lr": 7.784e-05, "params": 5321, "time_iter": 0.0609, "accuracy": 0.77878, "precision": 0.75401, "recall": 0.64679, "f1": 0.6963, "auc": 0.83257}
{"epoch": 83, "time_epoch": 2.1509, "eta": 37.42796, "eta_hours": 0.0104, "loss": 0.47502379, "lr": 6.963e-05, "params": 5321, "time_iter": 0.06145, "accuracy": 0.78777, "precision": 0.77174, "recall": 0.65138, "f1": 0.70647, "auc": 0.8333}
{"epoch": 84, "time_epoch": 2.15179, "eta": 35.05563, "eta_hours": 0.00974, "loss": 0.46818563, "lr": 6.185e-05, "params": 5321, "time_iter": 0.06148, "accuracy": 0.78417, "precision": 0.76344, "recall": 0.65138, "f1": 0.70297, "auc": 0.84235}
{"epoch": 85, "time_epoch": 2.14579, "eta": 32.68745, "eta_hours": 0.00908, "loss": 0.48094836, "lr": 5.45e-05, "params": 5321, "time_iter": 0.06131, "accuracy": 0.76259, "precision": 0.72396, "recall": 0.63761, "f1": 0.67805, "auc": 0.83194}
{"epoch": 86, "time_epoch": 2.1322, "eta": 30.32236, "eta_hours": 0.00842, "loss": 0.46776471, "lr": 4.759e-05, "params": 5321, "time_iter": 0.06092, "accuracy": 0.78417, "precision": 0.76064, "recall": 0.65596, "f1": 0.70443, "auc": 0.83982}
{"epoch": 87, "time_epoch": 2.10649, "eta": 27.95905, "eta_hours": 0.00777, "loss": 0.46620819, "lr": 4.112e-05, "params": 5321, "time_iter": 0.06019, "accuracy": 0.77338, "precision": 0.75843, "recall": 0.61927, "f1": 0.68182, "auc": 0.84176}
{"epoch": 88, "time_epoch": 2.15937, "eta": 25.60805, "eta_hours": 0.00711, "loss": 0.47850904, "lr": 3.511e-05, "params": 5321, "time_iter": 0.0617, "accuracy": 0.76978, "precision": 0.73684, "recall": 0.6422, "f1": 0.68627, "auc": 0.83467}
{"epoch": 89, "time_epoch": 2.17592, "eta": 23.26315, "eta_hours": 0.00646, "loss": 0.47902922, "lr": 2.956e-05, "params": 5321, "time_iter": 0.06217, "accuracy": 0.79137, "precision": 0.78333, "recall": 0.64679, "f1": 0.70854, "auc": 0.83037}
{"epoch": 90, "time_epoch": 2.15766, "eta": 20.92015, "eta_hours": 0.00581, "loss": 0.47195308, "lr": 2.447e-05, "params": 5321, "time_iter": 0.06165, "accuracy": 0.76619, "precision": 0.73913, "recall": 0.62385, "f1": 0.67662, "auc": 0.83895}
{"epoch": 91, "time_epoch": 2.13535, "eta": 18.57925, "eta_hours": 0.00516, "loss": 0.49392739, "lr": 1.985e-05, "params": 5321, "time_iter": 0.06101, "accuracy": 0.77158, "precision": 0.73575, "recall": 0.65138, "f1": 0.691, "auc": 0.82044}
{"epoch": 92, "time_epoch": 2.10609, "eta": 16.24056, "eta_hours": 0.00451, "loss": 0.47067132, "lr": 1.571e-05, "params": 5321, "time_iter": 0.06017, "accuracy": 0.78417, "precision": 0.7663, "recall": 0.64679, "f1": 0.70149, "auc": 0.83785}
{"epoch": 93, "time_epoch": 2.10511, "eta": 13.90676, "eta_hours": 0.00386, "loss": 0.477086, "lr": 1.204e-05, "params": 5321, "time_iter": 0.06015, "accuracy": 0.76978, "precision": 0.74457, "recall": 0.62844, "f1": 0.68159, "auc": 0.83619}
{"epoch": 94, "time_epoch": 2.10516, "eta": 11.57777, "eta_hours": 0.00322, "loss": 0.46790211, "lr": 8.86e-06, "params": 5321, "time_iter": 0.06015, "accuracy": 0.78417, "precision": 0.76064, "recall": 0.65596, "f1": 0.70443, "auc": 0.84058}
{"epoch": 95, "time_epoch": 2.13094, "eta": 9.25453, "eta_hours": 0.00257, "loss": 0.48873028, "lr": 6.16e-06, "params": 5321, "time_iter": 0.06088, "accuracy": 0.77158, "precision": 0.74074, "recall": 0.6422, "f1": 0.68796, "auc": 0.82171}
{"epoch": 96, "time_epoch": 2.13767, "eta": 6.93545, "eta_hours": 0.00193, "loss": 0.47848872, "lr": 3.94e-06, "params": 5321, "time_iter": 0.06108, "accuracy": 0.77698, "precision": 0.75269, "recall": 0.6422, "f1": 0.69307, "auc": 0.83625}
{"epoch": 97, "time_epoch": 2.13176, "eta": 4.61996, "eta_hours": 0.00128, "loss": 0.49075848, "lr": 2.22e-06, "params": 5321, "time_iter": 0.06091, "accuracy": 0.76799, "precision": 0.75429, "recall": 0.6055, "f1": 0.67176, "auc": 0.8252}
{"epoch": 98, "time_epoch": 2.15334, "eta": 2.3084, "eta_hours": 0.00064, "loss": 0.46527164, "lr": 9.9e-07, "params": 5321, "time_iter": 0.06152, "accuracy": 0.77878, "precision": 0.75132, "recall": 0.65138, "f1": 0.69779, "auc": 0.84178}
{"epoch": 99, "time_epoch": 2.13855, "eta": 0.0, "eta_hours": 0.0, "loss": 0.47442117, "lr": 2.5e-07, "params": 5321, "time_iter": 0.0611, "accuracy": 0.76439, "precision": 0.72539, "recall": 0.6422, "f1": 0.68127, "auc": 0.83622}
