{"epoch": 0, "time_epoch": 2.51958, "eta": 249.43796, "eta_hours": 0.06929, "loss": 0.69513903, "lr": 0.001, "params": 6247, "time_iter": 0.0663, "accuracy": 0.44667, "precision": 0.27273, "recall": 0.03846, "f1": 0.06742, "auc": 0.43421}
{"epoch": 1, "time_epoch": 2.56411, "eta": 249.10056, "eta_hours": 0.06919, "loss": 0.6941979, "lr": 0.00099975, "params": 6247, "time_iter": 0.06748, "accuracy": 0.46, "precision": 0.28571, "recall": 0.02564, "f1": 0.04706, "auc": 0.41631}
{"epoch": 2, "time_epoch": 2.6427, "eta": 249.81989, "eta_hours": 0.06939, "loss": 0.69385669, "lr": 0.00099901, "params": 6247, "time_iter": 0.06954, "accuracy": 0.51333, "precision": 0.51678, "recall": 0.98718, "f1": 0.67841, "auc": 0.42735}
{"epoch": 3, "time_epoch": 2.56678, "eta": 247.03595, "eta_hours": 0.06862, "loss": 0.69339665, "lr": 0.00099778, "params": 6247, "time_iter": 0.06755, "accuracy": 0.52, "precision": 0.52, "recall": 1.0, "f1": 0.68421, "auc": 0.42521}
{"epoch": 4, "time_epoch": 2.60951, "eta": 245.15073, "eta_hours": 0.0681, "loss": 0.69286604, "lr": 0.00099606, "params": 6247, "time_iter": 0.06867, "accuracy": 0.52, "precision": 0.52, "recall": 1.0, "f1": 0.68421, "auc": 0.46848}
{"epoch": 5, "time_epoch": 2.53957, "eta": 241.92843, "eta_hours": 0.0672, "loss": 0.69319796, "lr": 0.00099384, "params": 6247, "time_iter": 0.06683, "accuracy": 0.52, "precision": 0.52, "recall": 1.0, "f1": 0.68421, "auc": 0.39494}
{"epoch": 6, "time_epoch": 2.57596, "eta": 239.38469, "eta_hours": 0.0665, "loss": 0.69281617, "lr": 0.00099114, "params": 6247, "time_iter": 0.06779, "accuracy": 0.52, "precision": 0.52, "recall": 1.0, "f1": 0.68421, "auc": 0.41222}
{"epoch": 7, "time_epoch": 2.54352, "eta": 236.45985, "eta_hours": 0.06568, "loss": 0.69363184, "lr": 0.00098796, "params": 6247, "time_iter": 0.06693, "accuracy": 0.52, "precision": 0.52, "recall": 1.0, "f1": 0.68421, "auc": 0.43875}
{"epoch": 8, "time_epoch": 2.55698, "eta": 233.75581, "eta_hours": 0.06493, "loss": 0.69280724, "lr": 0.00098429, "params": 6247, "time_iter": 0.06729, "accuracy": 0.52, "precision": 0.52, "recall": 1.0, "f1": 0.68421, "auc": 0.47365}
{"epoch": 9, "time_epoch": 2.62284, "eta": 231.67391, "eta_hours": 0.06435, "loss": 0.69156188, "lr": 0.00098015, "params": 6247, "time_iter": 0.06902, "accuracy": 0.52, "precision": 0.52, "recall": 1.0, "f1": 0.68421, "auc": 0.56588}
{"epoch": 10, "time_epoch": 2.63846, "eta": 229.62005, "eta_hours": 0.06378, "loss": 0.69429869, "lr": 0.00097553, "params": 6247, "time_iter": 0.06943, "accuracy": 0.52, "precision": 0.52, "recall": 1.0, "f1": 0.68421, "auc": 0.42201}
{"epoch": 11, "time_epoch": 2.57628, "eta": 227.0128, "eta_hours": 0.06306, "loss": 0.69191594, "lr": 0.00097044, "params": 6247, "time_iter": 0.0678, "accuracy": 0.52, "precision": 0.52, "recall": 1.0, "f1": 0.68421, "auc": 0.52279}
{"epoch": 12, "time_epoch": 2.56753, "eta": 224.35172, "eta_hours": 0.06232, "loss": 0.69271528, "lr": 0.00096489, "params": 6247, "time_iter": 0.06757, "accuracy": 0.52, "precision": 0.52, "recall": 1.0, "f1": 0.68421, "auc": 0.50285}
{"epoch": 13, "time_epoch": 2.56946, "eta": 221.71585, "eta_hours": 0.06159, "loss": 0.69247284, "lr": 0.00095888, "params": 6247, "time_iter": 0.06762, "accuracy": 0.51333, "precision": 0.51678, "recall": 0.98718, "f1": 0.67841, "auc": 0.50712}
{"epoch": 14, "time_epoch": 2.54957, "eta": 218.97615, "eta_hours": 0.06083, "loss": 0.69461959, "lr": 0.00095241, "params": 6247, "time_iter": 0.06709, "accuracy": 0.52, "precision": 0.52, "recall": 1.0, "f1": 0.68421, "auc": 0.4083}
{"epoch": 15, "time_epoch": 2.63649, "eta": 216.71655, "eta_hours": 0.0602, "loss": 0.69343998, "lr": 0.0009455, "params": 6247, "time_iter": 0.06938, "accuracy": 0.52667, "precision": 0.52349, "recall": 1.0, "f1": 0.68722, "auc": 0.43536}
{"epoch": 16, "time_epoch": 2.64838, "eta": 214.47065, "eta_hours": 0.05958, "loss": 0.69292584, "lr": 0.00093815, "params": 6247, "time_iter": 0.06969, "accuracy": 0.52, "precision": 0.52, "recall": 1.0, "f1": 0.68421, "auc": 0.45495}
{"epoch": 17, "time_epoch": 2.63309, "eta": 212.11039, "eta_hours": 0.05892, "loss": 0.6926525, "lr": 0.00093037, "params": 6247, "time_iter": 0.06929, "accuracy": 0.52, "precision": 0.52, "recall": 1.0, "f1": 0.68421, "auc": 0.48896}
{"epoch": 18, "time_epoch": 2.63873, "eta": 209.74542, "eta_hours": 0.05826, "loss": 0.69300199, "lr": 0.00092216, "params": 6247, "time_iter": 0.06944, "accuracy": 0.52, "precision": 0.52, "recall": 1.0, "f1": 0.68421, "auc": 0.45281}
{"epoch": 19, "time_epoch": 2.55492, "eta": 207.01785, "eta_hours": 0.0575, "loss": 0.69368924, "lr": 0.00091354, "params": 6247, "time_iter": 0.06723, "accuracy": 0.52, "precision": 0.52, "recall": 1.0, "f1": 0.68421, "auc": 0.44605}
{"epoch": 20, "time_epoch": 2.545, "eta": 204.26943, "eta_hours": 0.05674, "loss": 0.69287679, "lr": 0.00090451, "params": 6247, "time_iter": 0.06697, "accuracy": 0.52, "precision": 0.52, "recall": 1.0, "f1": 0.68421, "auc": 0.47436}
{"epoch": 21, "time_epoch": 2.58934, "eta": 201.69668, "eta_hours": 0.05603, "loss": 0.6928878, "lr": 0.00089508, "params": 6247, "time_iter": 0.06814, "accuracy": 0.52, "precision": 0.52, "recall": 1.0, "f1": 0.68421, "auc": 0.46457}
{"epoch": 22, "time_epoch": 2.51854, "eta": 198.88546, "eta_hours": 0.05525, "loss": 0.69270969, "lr": 0.00088526, "params": 6247, "time_iter": 0.06628, "accuracy": 0.52667, "precision": 0.52349, "recall": 1.0, "f1": 0.68722, "auc": 0.50142}
{"epoch": 23, "time_epoch": 2.53854, "eta": 196.16197, "eta_hours": 0.05449, "loss": 0.69205621, "lr": 0.00087506, "params": 6247, "time_iter": 0.0668, "accuracy": 0.52667, "precision": 0.52381, "recall": 0.98718, "f1": 0.68444, "auc": 0.50392}
{"epoch": 24, "time_epoch": 2.52606, "eta": 193.41583, "eta_hours": 0.05373, "loss": 0.69287789, "lr": 0.00086448, "params": 6247, "time_iter": 0.06648, "accuracy": 0.52, "precision": 0.52055, "recall": 0.97436, "f1": 0.67857, "auc": 0.44088}
{"epoch": 25, "time_epoch": 2.55476, "eta": 190.76832, "eta_hours": 0.05299, "loss": 0.6892259, "lr": 0.00085355, "params": 6247, "time_iter": 0.06723, "accuracy": 0.55333, "precision": 0.54015, "recall": 0.94872, "f1": 0.68837, "auc": 0.59829}
{"epoch": 26, "time_epoch": 2.53568, "eta": 188.07609, "eta_hours": 0.05224, "loss": 0.69304433, "lr": 0.00084227, "params": 6247, "time_iter": 0.06673, "accuracy": 0.53333, "precision": 0.53125, "recall": 0.87179, "f1": 0.66019, "auc": 0.50107}
{"epoch": 27, "time_epoch": 2.58207, "eta": 185.51432, "eta_hours": 0.05153, "loss": 0.69162744, "lr": 0.00083066, "params": 6247, "time_iter": 0.06795, "accuracy": 0.52667, "precision": 0.52756, "recall": 0.85897, "f1": 0.65366, "auc": 0.50694}
{"epoch": 28, "time_epoch": 2.5339, "eta": 182.83323, "eta_hours": 0.05079, "loss": 0.68715433, "lr": 0.00081871, "params": 6247, "time_iter": 0.06668, "accuracy": 0.58667, "precision": 0.56557, "recall": 0.88462, "f1": 0.69, "auc": 0.57194}
{"epoch": 29, "time_epoch": 2.51741, "eta": 180.12346, "eta_hours": 0.05003, "loss": 0.69040275, "lr": 0.00080645, "params": 6247, "time_iter": 0.06625, "accuracy": 0.54, "precision": 0.54054, "recall": 0.76923, "f1": 0.63492, "auc": 0.53098}
{"epoch": 30, "time_epoch": 2.51861, "eta": 177.42878, "eta_hours": 0.04929, "loss": 0.66058626, "lr": 0.00079389, "params": 6247, "time_iter": 0.06628, "accuracy": 0.64667, "precision": 0.63441, "recall": 0.75641, "f1": 0.69006, "auc": 0.70709}
{"epoch": 31, "time_epoch": 2.6035, "eta": 174.9255, "eta_hours": 0.04859, "loss": 0.69290289, "lr": 0.00078104, "params": 6247, "time_iter": 0.06851, "accuracy": 0.52667, "precision": 0.53933, "recall": 0.61538, "f1": 0.57485, "auc": 0.54274}
{"epoch": 32, "time_epoch": 2.59164, "eta": 172.39207, "eta_hours": 0.04789, "loss": 0.67549359, "lr": 0.00076791, "params": 6247, "time_iter": 0.0682, "accuracy": 0.59333, "precision": 0.59341, "recall": 0.69231, "f1": 0.63905, "auc": 0.60666}
{"epoch": 33, "time_epoch": 2.58896, "eta": 169.85, "eta_hours": 0.04718, "loss": 0.6945143, "lr": 0.00075452, "params": 6247, "time_iter": 0.06813, "accuracy": 0.56667, "precision": 0.57831, "recall": 0.61538, "f1": 0.59627, "auc": 0.54915}
{"epoch": 34, "time_epoch": 2.5989, "eta": 167.32372, "eta_hours": 0.04648, "loss": 0.69229871, "lr": 0.00074088, "params": 6247, "time_iter": 0.06839, "accuracy": 0.55333, "precision": 0.5567, "recall": 0.69231, "f1": 0.61714, "auc": 0.53543}
{"epoch": 35, "time_epoch": 2.59571, "eta": 164.78773, "eta_hours": 0.04577, "loss": 0.67386845, "lr": 0.000727, "params": 6247, "time_iter": 0.06831, "accuracy": 0.59333, "precision": 0.59341, "recall": 0.69231, "f1": 0.63905, "auc": 0.62536}
{"epoch": 36, "time_epoch": 2.60024, "eta": 162.25623, "eta_hours": 0.04507, "loss": 0.69112441, "lr": 0.00071289, "params": 6247, "time_iter": 0.06843, "accuracy": 0.55333, "precision": 0.56322, "recall": 0.62821, "f1": 0.59394, "auc": 0.55182}
{"epoch": 37, "time_epoch": 3.19004, "eta": 160.68342, "eta_hours": 0.04463, "loss": 0.69680326, "lr": 0.00069857, "params": 6247, "time_iter": 0.08395, "accuracy": 0.54667, "precision": 0.55208, "recall": 0.67949, "f1": 0.6092, "auc": 0.52048}
{"epoch": 38, "time_epoch": 3.04983, "eta": 158.80837, "eta_hours": 0.04411, "loss": 0.67874554, "lr": 0.00068406, "params": 6247, "time_iter": 0.08026, "accuracy": 0.57333, "precision": 0.57, "recall": 0.73077, "f1": 0.64045, "auc": 0.58921}
{"epoch": 39, "time_epoch": 3.19176, "eta": 157.08747, "eta_hours": 0.04364, "loss": 0.68484999, "lr": 0.00066937, "params": 6247, "time_iter": 0.08399, "accuracy": 0.51333, "precision": 0.52874, "recall": 0.58974, "f1": 0.55758, "auc": 0.56838}
{"epoch": 40, "time_epoch": 2.81362, "eta": 154.75067, "eta_hours": 0.04299, "loss": 0.68709412, "lr": 0.00065451, "params": 6247, "time_iter": 0.07404, "accuracy": 0.56, "precision": 0.56667, "recall": 0.65385, "f1": 0.60714, "auc": 0.55983}
{"epoch": 41, "time_epoch": 2.61887, "eta": 152.12223, "eta_hours": 0.04226, "loss": 0.68335062, "lr": 0.0006395, "params": 6247, "time_iter": 0.06892, "accuracy": 0.61333, "precision": 0.6087, "recall": 0.71795, "f1": 0.65882, "auc": 0.57194}
{"epoch": 42, "time_epoch": 2.5784, "eta": 149.44058, "eta_hours": 0.04151, "loss": 0.68295312, "lr": 0.00062434, "params": 6247, "time_iter": 0.06785, "accuracy": 0.57333, "precision": 0.57292, "recall": 0.70513, "f1": 0.63218, "auc": 0.58707}
{"epoch": 43, "time_epoch": 2.63405, "eta": 146.83444, "eta_hours": 0.04079, "loss": 0.69291296, "lr": 0.00060907, "params": 6247, "time_iter": 0.06932, "accuracy": 0.52667, "precision": 0.53535, "recall": 0.67949, "f1": 0.59887, "auc": 0.51887}
{"epoch": 44, "time_epoch": 2.55581, "eta": 144.13144, "eta_hours": 0.04004, "loss": 0.70050253, "lr": 0.00059369, "params": 6247, "time_iter": 0.06726, "accuracy": 0.51333, "precision": 0.52427, "recall": 0.69231, "f1": 0.59669, "auc": 0.48843}
{"epoch": 45, "time_epoch": 2.56383, "eta": 141.44427, "eta_hours": 0.03929, "loss": 0.69256045, "lr": 0.00057822, "params": 6247, "time_iter": 0.06747, "accuracy": 0.50667, "precision": 0.51923, "recall": 0.69231, "f1": 0.59341, "auc": 0.52297}
{"epoch": 46, "time_epoch": 2.57733, "eta": 138.77755, "eta_hours": 0.03855, "loss": 0.68455182, "lr": 0.00056267, "params": 6247, "time_iter": 0.06782, "accuracy": 0.52667, "precision": 0.53398, "recall": 0.70513, "f1": 0.60773, "auc": 0.56517}
{"epoch": 47, "time_epoch": 2.52914, "eta": 136.06236, "eta_hours": 0.0378, "loss": 0.6832899, "lr": 0.00054705, "params": 6247, "time_iter": 0.06656, "accuracy": 0.58667, "precision": 0.57692, "recall": 0.76923, "f1": 0.65934, "auc": 0.56481}
{"epoch": 48, "time_epoch": 2.54033, "eta": 133.36641, "eta_hours": 0.03705, "loss": 0.69578978, "lr": 0.0005314, "params": 6247, "time_iter": 0.06685, "accuracy": 0.54, "precision": 0.54128, "recall": 0.75641, "f1": 0.63102, "auc": 0.4911}
{"epoch": 49, "time_epoch": 2.5331, "eta": 130.66946, "eta_hours": 0.0363, "loss": 0.6785145, "lr": 0.00051571, "params": 6247, "time_iter": 0.06666, "accuracy": 0.59333, "precision": 0.57944, "recall": 0.79487, "f1": 0.67027, "auc": 0.58689}
{"epoch": 50, "time_epoch": 2.56181, "eta": 128.00652, "eta_hours": 0.03556, "loss": 0.69692247, "lr": 0.0005, "params": 6247, "time_iter": 0.06742, "accuracy": 0.48667, "precision": 0.50505, "recall": 0.64103, "f1": 0.56497, "auc": 0.51852}
{"epoch": 51, "time_epoch": 2.5516, "eta": 125.33804, "eta_hours": 0.03482, "loss": 0.66284246, "lr": 0.00048429, "params": 6247, "time_iter": 0.06715, "accuracy": 0.66, "precision": 0.62857, "recall": 0.84615, "f1": 0.72131, "auc": 0.67806}
{"epoch": 52, "time_epoch": 2.54535, "eta": 122.66843, "eta_hours": 0.03407, "loss": 0.69258944, "lr": 0.0004686, "params": 6247, "time_iter": 0.06698, "accuracy": 0.52, "precision": 0.53061, "recall": 0.66667, "f1": 0.59091, "auc": 0.53152}
{"epoch": 53, "time_epoch": 2.55003, "eta": 120.0074, "eta_hours": 0.03334, "loss": 0.67519474, "lr": 0.00045295, "params": 6247, "time_iter": 0.06711, "accuracy": 0.59333, "precision": 0.58252, "recall": 0.76923, "f1": 0.66298, "auc": 0.60755}
{"epoch": 54, "time_epoch": 2.58665, "eta": 117.38038, "eta_hours": 0.03261, "loss": 0.67302582, "lr": 0.00043733, "params": 6247, "time_iter": 0.06807, "accuracy": 0.59333, "precision": 0.5914, "recall": 0.70513, "f1": 0.64327, "auc": 0.59313}
{"epoch": 55, "time_epoch": 2.57634, "eta": 114.74669, "eta_hours": 0.03187, "loss": 0.67095723, "lr": 0.00042178, "params": 6247, "time_iter": 0.0678, "accuracy": 0.57333, "precision": 0.57292, "recall": 0.70513, "f1": 0.63218, "auc": 0.6234}
{"epoch": 56, "time_epoch": 2.58005, "eta": 112.11782, "eta_hours": 0.03114, "loss": 0.68052632, "lr": 0.00040631, "params": 6247, "time_iter": 0.0679, "accuracy": 0.58, "precision": 0.57576, "recall": 0.73077, "f1": 0.64407, "auc": 0.56036}
{"epoch": 57, "time_epoch": 2.58064, "eta": 109.49106, "eta_hours": 0.03041, "loss": 0.68650084, "lr": 0.00039093, "params": 6247, "time_iter": 0.06791, "accuracy": 0.51333, "precision": 0.52874, "recall": 0.58974, "f1": 0.55758, "auc": 0.55805}
{"epoch": 58, "time_epoch": 2.4875, "eta": 106.80114, "eta_hours": 0.02967, "loss": 0.68249245, "lr": 0.00037566, "params": 6247, "time_iter": 0.06546, "accuracy": 0.58667, "precision": 0.58696, "recall": 0.69231, "f1": 0.63529, "auc": 0.57229}
{"epoch": 59, "time_epoch": 2.58744, "eta": 104.18459, "eta_hours": 0.02894, "loss": 0.69003809, "lr": 0.0003605, "params": 6247, "time_iter": 0.06809, "accuracy": 0.56, "precision": 0.56522, "recall": 0.66667, "f1": 0.61176, "auc": 0.53917}
{"epoch": 60, "time_epoch": 2.62273, "eta": 101.59156, "eta_hours": 0.02822, "loss": 0.68064775, "lr": 0.00034549, "params": 6247, "time_iter": 0.06902, "accuracy": 0.56, "precision": 0.56122, "recall": 0.70513, "f1": 0.625, "auc": 0.59259}
{"epoch": 61, "time_epoch": 2.62372, "eta": 98.99817, "eta_hours": 0.0275, "loss": 0.67083275, "lr": 0.00033063, "params": 6247, "time_iter": 0.06905, "accuracy": 0.64, "precision": 0.62, "recall": 0.79487, "f1": 0.69663, "auc": 0.63657}
{"epoch": 62, "time_epoch": 2.54824, "eta": 96.3595, "eta_hours": 0.02677, "loss": 0.69917507, "lr": 0.00031594, "params": 6247, "time_iter": 0.06706, "accuracy": 0.5, "precision": 0.51546, "recall": 0.64103, "f1": 0.57143, "auc": 0.50267}
{"epoch": 63, "time_epoch": 2.61158, "eta": 93.75927, "eta_hours": 0.02604, "loss": 0.69450844, "lr": 0.00030143, "params": 6247, "time_iter": 0.06873, "accuracy": 0.51333, "precision": 0.52427, "recall": 0.69231, "f1": 0.59669, "auc": 0.53846}
{"epoch": 64, "time_epoch": 2.6288, "eta": 91.16797, "eta_hours": 0.02532, "loss": 0.69896933, "lr": 0.00028711, "params": 6247, "time_iter": 0.06918, "accuracy": 0.48667, "precision": 0.50495, "recall": 0.65385, "f1": 0.56983, "auc": 0.49626}
{"epoch": 65, "time_epoch": 2.59875, "eta": 88.56005, "eta_hours": 0.0246, "loss": 0.69919077, "lr": 0.000273, "params": 6247, "time_iter": 0.06839, "accuracy": 0.49333, "precision": 0.50943, "recall": 0.69231, "f1": 0.58696, "auc": 0.47258}
{"epoch": 66, "time_epoch": 2.56705, "eta": 85.9368, "eta_hours": 0.02387, "loss": 0.67404486, "lr": 0.00025912, "params": 6247, "time_iter": 0.06755, "accuracy": 0.59333, "precision": 0.58763, "recall": 0.73077, "f1": 0.65143, "auc": 0.61823}
{"epoch": 67, "time_epoch": 2.57269, "eta": 83.31785, "eta_hours": 0.02314, "loss": 0.67456056, "lr": 0.00024548, "params": 6247, "time_iter": 0.0677, "accuracy": 0.58, "precision": 0.57282, "recall": 0.75641, "f1": 0.65193, "auc": 0.60007}
{"epoch": 68, "time_epoch": 2.55945, "eta": 80.6943, "eta_hours": 0.02242, "loss": 0.68133057, "lr": 0.00023209, "params": 6247, "time_iter": 0.06735, "accuracy": 0.58667, "precision": 0.58163, "recall": 0.73077, "f1": 0.64773, "auc": 0.58316}
{"epoch": 69, "time_epoch": 2.58363, "eta": 78.08294, "eta_hours": 0.02169, "loss": 0.67891798, "lr": 0.00021896, "params": 6247, "time_iter": 0.06799, "accuracy": 0.58667, "precision": 0.58, "recall": 0.74359, "f1": 0.65169, "auc": 0.58529}
{"epoch": 70, "time_epoch": 2.65435, "eta": 75.50124, "eta_hours": 0.02097, "loss": 0.68508691, "lr": 0.00020611, "params": 6247, "time_iter": 0.06985, "accuracy": 0.56667, "precision": 0.56842, "recall": 0.69231, "f1": 0.62428, "auc": 0.57087}
{"epoch": 71, "time_epoch": 2.5436, "eta": 72.87446, "eta_hours": 0.02024, "loss": 0.68588013, "lr": 0.00019355, "params": 6247, "time_iter": 0.06694, "accuracy": 0.54, "precision": 0.54639, "recall": 0.67949, "f1": 0.60571, "auc": 0.54541}
{"epoch": 72, "time_epoch": 2.57433, "eta": 70.26132, "eta_hours": 0.01952, "loss": 0.68361592, "lr": 0.00018129, "params": 6247, "time_iter": 0.06775, "accuracy": 0.56, "precision": 0.55882, "recall": 0.73077, "f1": 0.63333, "auc": 0.57835}
{"epoch": 73, "time_epoch": 2.58788, "eta": 67.65399, "eta_hours": 0.01879, "loss": 0.68769286, "lr": 0.00016934, "params": 6247, "time_iter": 0.0681, "accuracy": 0.56, "precision": 0.55882, "recall": 0.73077, "f1": 0.63333, "auc": 0.5276}
{"epoch": 74, "time_epoch": 2.58103, "eta": 65.0449, "eta_hours": 0.01807, "loss": 0.7011067, "lr": 0.00015773, "params": 6247, "time_iter": 0.06792, "accuracy": 0.54, "precision": 0.54545, "recall": 0.69231, "f1": 0.61017, "auc": 0.4911}
{"epoch": 75, "time_epoch": 2.62379, "eta": 62.45005, "eta_hours": 0.01735, "loss": 0.69732883, "lr": 0.00014645, "params": 6247, "time_iter": 0.06905, "accuracy": 0.55333, "precision": 0.5567, "recall": 0.69231, "f1": 0.61714, "auc": 0.51282}
{"epoch": 76, "time_epoch": 2.58277, "eta": 59.8422, "eta_hours": 0.01662, "loss": 0.66944388, "lr": 0.00013552, "params": 6247, "time_iter": 0.06797, "accuracy": 0.61333, "precision": 0.59804, "recall": 0.78205, "f1": 0.67778, "auc": 0.63444}
{"epoch": 77, "time_epoch": 2.56734, "eta": 57.23063, "eta_hours": 0.0159, "loss": 0.67660422, "lr": 0.00012494, "params": 6247, "time_iter": 0.06756, "accuracy": 0.54667, "precision": 0.55102, "recall": 0.69231, "f1": 0.61364, "auc": 0.5958}
{"epoch": 78, "time_epoch": 2.59049, "eta": 54.62634, "eta_hours": 0.01517, "loss": 0.69242112, "lr": 0.00011474, "params": 6247, "time_iter": 0.06817, "accuracy": 0.54, "precision": 0.54455, "recall": 0.70513, "f1": 0.61453, "auc": 0.51781}
{"epoch": 79, "time_epoch": 2.62565, "eta": 52.03119, "eta_hours": 0.01445, "loss": 0.66869671, "lr": 0.00010492, "params": 6247, "time_iter": 0.0691, "accuracy": 0.58667, "precision": 0.58163, "recall": 0.73077, "f1": 0.64773, "auc": 0.62749}
{"epoch": 80, "time_epoch": 2.58313, "eta": 49.4253, "eta_hours": 0.01373, "loss": 0.67502782, "lr": 9.549e-05, "params": 6247, "time_iter": 0.06798, "accuracy": 0.58, "precision": 0.57282, "recall": 0.75641, "f1": 0.65193, "auc": 0.5958}
{"epoch": 81, "time_epoch": 2.57594, "eta": 46.8184, "eta_hours": 0.01301, "loss": 0.69469951, "lr": 8.646e-05, "params": 6247, "time_iter": 0.06779, "accuracy": 0.53333, "precision": 0.54167, "recall": 0.66667, "f1": 0.5977, "auc": 0.50481}
{"epoch": 82, "time_epoch": 2.58787, "eta": 44.21468, "eta_hours": 0.01228, "loss": 0.66868034, "lr": 7.784e-05, "params": 6247, "time_iter": 0.0681, "accuracy": 0.57333, "precision": 0.56863, "recall": 0.74359, "f1": 0.64444, "auc": 0.61948}
{"epoch": 83, "time_epoch": 2.60476, "eta": 41.61456, "eta_hours": 0.01156, "loss": 0.66723112, "lr": 6.963e-05, "params": 6247, "time_iter": 0.06855, "accuracy": 0.6, "precision": 0.59783, "recall": 0.70513, "f1": 0.64706, "auc": 0.64209}
{"epoch": 84, "time_epoch": 2.58064, "eta": 39.01007, "eta_hours": 0.01084, "loss": 0.67891353, "lr": 6.185e-05, "params": 6247, "time_iter": 0.06791, "accuracy": 0.56667, "precision": 0.56989, "recall": 0.67949, "f1": 0.61988, "auc": 0.59544}
{"epoch": 85, "time_epoch": 2.53827, "eta": 36.39924, "eta_hours": 0.01011, "loss": 0.67277659, "lr": 5.45e-05, "params": 6247, "time_iter": 0.0668, "accuracy": 0.58, "precision": 0.57895, "recall": 0.70513, "f1": 0.63584, "auc": 0.61307}
{"epoch": 86, "time_epoch": 2.54457, "eta": 33.79102, "eta_hours": 0.00939, "loss": 0.68837933, "lr": 4.759e-05, "params": 6247, "time_iter": 0.06696, "accuracy": 0.53333, "precision": 0.54082, "recall": 0.67949, "f1": 0.60227, "auc": 0.55413}
{"epoch": 87, "time_epoch": 2.66973, "eta": 31.20132, "eta_hours": 0.00867, "loss": 0.67792027, "lr": 4.112e-05, "params": 6247, "time_iter": 0.07026, "accuracy": 0.58, "precision": 0.57895, "recall": 0.70513, "f1": 0.63584, "auc": 0.58476}
{"epoch": 88, "time_epoch": 2.6218, "eta": 28.60389, "eta_hours": 0.00795, "loss": 0.67415034, "lr": 3.511e-05, "params": 6247, "time_iter": 0.06899, "accuracy": 0.60667, "precision": 0.60215, "recall": 0.71795, "f1": 0.65497, "auc": 0.59615}
{"epoch": 89, "time_epoch": 2.69777, "eta": 26.01436, "eta_hours": 0.00723, "loss": 0.69389158, "lr": 2.956e-05, "params": 6247, "time_iter": 0.07099, "accuracy": 0.52667, "precision": 0.53684, "recall": 0.65385, "f1": 0.5896, "auc": 0.51941}
{"epoch": 90, "time_epoch": 2.61549, "eta": 23.41431, "eta_hours": 0.0065, "loss": 0.67765251, "lr": 2.447e-05, "params": 6247, "time_iter": 0.06883, "accuracy": 0.60667, "precision": 0.6, "recall": 0.73077, "f1": 0.65896, "auc": 0.58262}
{"epoch": 91, "time_epoch": 2.5837, "eta": 20.81117, "eta_hours": 0.00578, "loss": 0.66562943, "lr": 1.985e-05, "params": 6247, "time_iter": 0.06799, "accuracy": 0.62667, "precision": 0.61458, "recall": 0.75641, "f1": 0.67816, "auc": 0.63052}
{"epoch": 92, "time_epoch": 2.59257, "eta": 18.20911, "eta_hours": 0.00506, "loss": 0.66625116, "lr": 1.571e-05, "params": 6247, "time_iter": 0.06823, "accuracy": 0.57333, "precision": 0.57143, "recall": 0.71795, "f1": 0.63636, "auc": 0.62393}
{"epoch": 93, "time_epoch": 2.63083, "eta": 15.60969, "eta_hours": 0.00434, "loss": 0.68286958, "lr": 1.204e-05, "params": 6247, "time_iter": 0.06923, "accuracy": 0.54, "precision": 0.54737, "recall": 0.66667, "f1": 0.60116, "auc": 0.55342}
{"epoch": 94, "time_epoch": 2.58938, "eta": 13.00743, "eta_hours": 0.00361, "loss": 0.67214034, "lr": 8.86e-06, "params": 6247, "time_iter": 0.06814, "accuracy": 0.6, "precision": 0.59375, "recall": 0.73077, "f1": 0.65517, "auc": 0.60434}
{"epoch": 95, "time_epoch": 2.57795, "eta": 10.40496, "eta_hours": 0.00289, "loss": 0.67517805, "lr": 6.16e-06, "params": 6247, "time_iter": 0.06784, "accuracy": 0.55333, "precision": 0.55446, "recall": 0.71795, "f1": 0.6257, "auc": 0.58974}
{"epoch": 96, "time_epoch": 2.53638, "eta": 7.80172, "eta_hours": 0.00217, "loss": 0.66214648, "lr": 3.94e-06, "params": 6247, "time_iter": 0.06675, "accuracy": 0.60667, "precision": 0.59794, "recall": 0.74359, "f1": 0.66286, "auc": 0.64441}
{"epoch": 97, "time_epoch": 2.55121, "eta": 5.20014, "eta_hours": 0.00144, "loss": 0.68249224, "lr": 2.22e-06, "params": 6247, "time_iter": 0.06714, "accuracy": 0.56, "precision": 0.56383, "recall": 0.67949, "f1": 0.61628, "auc": 0.58814}
{"epoch": 98, "time_epoch": 2.58204, "eta": 2.59989, "eta_hours": 0.00072, "loss": 0.70307578, "lr": 9.9e-07, "params": 6247, "time_iter": 0.06795, "accuracy": 0.51333, "precision": 0.52577, "recall": 0.65385, "f1": 0.58286, "auc": 0.49412}
{"epoch": 99, "time_epoch": 2.56538, "eta": 0.0, "eta_hours": 0.0, "loss": 0.69150167, "lr": 2.5e-07, "params": 6247, "time_iter": 0.06751, "accuracy": 0.52667, "precision": 0.53846, "recall": 0.62821, "f1": 0.57988, "auc": 0.54523}
