{"epoch": 0, "time_epoch": 6.6224, "time_epoch_std": 0.13736, "eta": 655.61779, "eta_std": 13.59841, "eta_hours": 0.18212, "eta_hours_std": 0.00378, "loss": 0.6976, "loss_std": 0.00501, "lr": 0.001, "lr_std": 0.0, "params": 8313.0, "params_std": 0.0, "time_iter": 0.60204, "time_iter_std": 0.01249, "accuracy": 0.5, "accuracy_std": 0.02381, "accuracy_max": 0.52381, "precision": 0.2381, "precision_std": 0.2381, "recall": 0.5, "recall_std": 0.5, "f1": 0.32258, "f1_std": 0.32258, "auc": 0.38864, "auc_std": 0.03091}
{"epoch": 1, "time_epoch": 7.74207, "time_epoch_std": 0.12485, "eta": 703.85924, "eta_std": 12.82311, "eta_hours": 0.19552, "eta_hours_std": 0.00356, "loss": 0.69615, "loss_std": 0.00456, "lr": 0.001, "lr_std": 0.0, "params": 8313.0, "params_std": 0.0, "time_iter": 0.70382, "time_iter_std": 0.01135, "accuracy": 0.5, "accuracy_std": 0.02381, "accuracy_max": 0.52381, "precision": 0.2381, "precision_std": 0.2381, "recall": 0.5, "recall_std": 0.5, "f1": 0.32258, "f1_std": 0.32258, "auc": 0.4858, "auc_std": 0.07155}
{"epoch": 2, "time_epoch": 0.60544, "time_epoch_std": 0.03911, "eta": 484.02724, "eta_std": 9.65208, "eta_hours": 0.13445, "eta_hours_std": 0.00268, "loss": 0.69575, "loss_std": 0.00388, "lr": 0.001, "lr_std": 0.0, "params": 8313.0, "params_std": 0.0, "time_iter": 0.05504, "time_iter_std": 0.00355, "accuracy": 0.5, "accuracy_std": 0.02381, "accuracy_max": 0.52381, "precision": 0.2381, "precision_std": 0.2381, "recall": 0.5, "recall_std": 0.5, "f1": 0.32258, "f1_std": 0.32258, "auc": 0.53125, "auc_std": 0.03414}
{"epoch": 3, "time_epoch": 0.65368, "time_epoch_std": 0.02977, "eta": 374.96635, "eta_std": 7.7024, "eta_hours": 0.10416, "eta_hours_std": 0.00214, "loss": 0.69543, "loss_std": 0.00375, "lr": 0.001, "lr_std": 0.0, "params": 8313.0, "params_std": 0.0, "time_iter": 0.05942, "time_iter_std": 0.0027, "accuracy": 0.5, "accuracy_std": 0.02381, "accuracy_max": 0.52381, "precision": 0.2381, "precision_std": 0.2381, "recall": 0.5, "recall_std": 0.5, "f1": 0.32258, "f1_std": 0.32258, "auc": 0.48352, "auc_std": 0.07705}
{"epoch": 4, "time_epoch": 0.66277, "time_epoch_std": 0.02787, "eta": 309.44093, "eta_std": 6.62612, "eta_hours": 0.08596, "eta_hours_std": 0.00184, "loss": 0.69409, "loss_std": 0.00307, "lr": 0.001, "lr_std": 0.0, "params": 8313.0, "params_std": 0.0, "time_iter": 0.06025, "time_iter_std": 0.00253, "accuracy": 0.5, "accuracy_std": 0.02381, "accuracy_max": 0.52381, "precision": 0.2381, "precision_std": 0.2381, "recall": 0.5, "recall_std": 0.5, "f1": 0.32258, "f1_std": 0.32258, "auc": 0.56818, "auc_std": 0.04303}
{"epoch": 5, "time_epoch": 0.66408, "time_epoch_std": 0.02866, "eta": 265.5571, "eta_std": 5.91051, "eta_hours": 0.07376, "eta_hours_std": 0.00164, "loss": 0.69333, "loss_std": 0.00251, "lr": 0.00099, "lr_std": 0.0, "params": 8313.0, "params_std": 0.0, "time_iter": 0.06037, "time_iter_std": 0.00261, "accuracy": 0.5, "accuracy_std": 0.02381, "accuracy_max": 0.52381, "precision": 0.2381, "precision_std": 0.2381, "recall": 0.5, "recall_std": 0.5, "f1": 0.32258, "f1_std": 0.32258, "auc": 0.57102, "auc_std": 0.04634}
{"epoch": 6, "time_epoch": 0.65932, "time_epoch_std": 0.02879, "eta": 233.95848, "eta_std": 5.39207, "eta_hours": 0.06499, "eta_hours_std": 0.0015, "loss": 0.69158, "loss_std": 0.00277, "lr": 0.00099, "lr_std": 0.0, "params": 8313.0, "params_std": 0.0, "time_iter": 0.05994, "time_iter_std": 0.00262, "accuracy": 0.51191, "accuracy_std": 0.02062, "accuracy_max": 0.52381, "precision": 0.24405, "precision_std": 0.24419, "recall": 0.3875, "recall_std": 0.41889, "f1": 0.29224, "f1_std": 0.29538, "auc": 0.6804, "auc_std": 0.10766}
{"epoch": 7, "time_epoch": 0.66224, "time_epoch_std": 0.02694, "eta": 210.12827, "eta_std": 4.96866, "eta_hours": 0.05837, "eta_hours_std": 0.00138, "loss": 0.68956, "loss_std": 0.00334, "lr": 0.00099, "lr_std": 0.0, "params": 8313.0, "params_std": 0.0, "time_iter": 0.0602, "time_iter_std": 0.00245, "accuracy": 0.55357, "accuracy_std": 0.05678, "accuracy_max": 0.61905, "precision": 0.55655, "precision_std": 0.3709, "recall": 0.3625, "recall_std": 0.38304, "f1": 0.33365, "f1_std": 0.23594, "auc": 0.7017, "auc_std": 0.09616}
{"epoch": 8, "time_epoch": 0.66714, "time_epoch_std": 0.03521, "eta": 191.49594, "eta_std": 4.71505, "eta_hours": 0.05319, "eta_hours_std": 0.00131, "loss": 0.68582, "loss_std": 0.00167, "lr": 0.00098, "lr_std": 0.0, "params": 8313.0, "params_std": 0.0, "time_iter": 0.06065, "time_iter_std": 0.0032, "accuracy": 0.57738, "accuracy_std": 0.04572, "accuracy_max": 0.64286, "precision": 0.57958, "precision_std": 0.37198, "recall": 0.35, "recall_std": 0.39843, "f1": 0.31994, "f1_std": 0.28511, "auc": 0.78012, "auc_std": 0.0496}
{"epoch": 9, "time_epoch": 0.66857, "time_epoch_std": 0.03487, "eta": 176.46952, "eta_std": 4.50861, "eta_hours": 0.04902, "eta_hours_std": 0.00125, "loss": 0.67677, "loss_std": 0.00615, "lr": 0.00098, "lr_std": 0.0, "params": 8313.0, "params_std": 0.0, "time_iter": 0.06078, "time_iter_std": 0.00317, "accuracy": 0.64286, "accuracy_std": 0.07143, "accuracy_max": 0.71429, "precision": 0.62708, "precision_std": 0.38529, "recall": 0.4, "recall_std": 0.3446, "f1": 0.43038, "f1_std": 0.27372, "auc": 0.84489, "auc_std": 0.03391}
{"epoch": 10, "time_epoch": 0.69326, "time_epoch_std": 0.06605, "eta": 164.25342, "eta_std": 4.46863, "eta_hours": 0.04562, "eta_hours_std": 0.00124, "loss": 0.67188, "loss_std": 0.00645, "lr": 0.00098, "lr_std": 0.0, "params": 8313.0, "params_std": 0.0, "time_iter": 0.06302, "time_iter_std": 0.00601, "accuracy": 0.67857, "accuracy_std": 0.05952, "accuracy_max": 0.7619, "precision": 0.85511, "precision_std": 0.09886, "recall": 0.4375, "recall_std": 0.23552, "f1": 0.52585, "f1_std": 0.18, "auc": 0.7875, "auc_std": 0.03102}
{"epoch": 11, "time_epoch": 0.66357, "time_epoch_std": 0.03571, "eta": 153.74007, "eta_std": 4.30793, "eta_hours": 0.04271, "eta_hours_std": 0.0012, "loss": 0.65149, "loss_std": 0.00835, "lr": 0.00097, "lr_std": 0.0, "params": 8313.0, "params_std": 0.0, "time_iter": 0.06032, "time_iter_std": 0.00325, "accuracy": 0.73214, "accuracy_std": 0.01974, "accuracy_max": 0.7619, "precision": 0.8657, "precision_std": 0.11008, "recall": 0.55, "recall_std": 0.10607, "f1": 0.6564, "f1_std": 0.05048, "auc": 0.86307, "auc_std": 0.02965}
{"epoch": 12, "time_epoch": 0.66022, "time_epoch_std": 0.03018, "eta": 144.71965, "eta_std": 4.13303, "eta_hours": 0.0402, "eta_hours_std": 0.00115, "loss": 0.63786, "loss_std": 0.01725, "lr": 0.00096, "lr_std": 0.0, "params": 8313.0, "params_std": 0.0, "time_iter": 0.06002, "time_iter_std": 0.00274, "accuracy": 0.70834, "accuracy_std": 0.04251, "accuracy_max": 0.7619, "precision": 0.753, "precision_std": 0.03591, "recall": 0.575, "recall_std": 0.10308, "f1": 0.64731, "f1_std": 0.07835, "auc": 0.82898, "auc_std": 0.01259}
{"epoch": 13, "time_epoch": 0.66318, "time_epoch_std": 0.02967, "eta": 136.91171, "eta_std": 3.97076, "eta_hours": 0.03803, "eta_hours_std": 0.0011, "loss": 0.60252, "loss_std": 0.02899, "lr": 0.00096, "lr_std": 0.0, "params": 8313.0, "params_std": 0.0, "time_iter": 0.06029, "time_iter_std": 0.0027, "accuracy": 0.7619, "accuracy_std": 0.03764, "accuracy_max": 0.80952, "precision": 0.80564, "precision_std": 0.04905, "recall": 0.6625, "recall_std": 0.07395, "f1": 0.72434, "f1_std": 0.05147, "auc": 0.8642, "auc_std": 0.03848}
{"epoch": 14, "time_epoch": 0.66267, "time_epoch_std": 0.02918, "eta": 130.05356, "eta_std": 3.82562, "eta_hours": 0.03612, "eta_hours_std": 0.00106, "loss": 0.57519, "loss_std": 0.02163, "lr": 0.00095, "lr_std": 0.0, "params": 8313.0, "params_std": 0.0, "time_iter": 0.06024, "time_iter_std": 0.00265, "accuracy": 0.80357, "accuracy_std": 0.03093, "accuracy_max": 0.83333, "precision": 0.81465, "precision_std": 0.03277, "recall": 0.7625, "recall_std": 0.06495, "f1": 0.78593, "f1_std": 0.04025, "auc": 0.86932, "auc_std": 0.0293}
{"epoch": 15, "time_epoch": 0.66194, "time_epoch_std": 0.02463, "eta": 123.96596, "eta_std": 3.67245, "eta_hours": 0.03444, "eta_hours_std": 0.00102, "loss": 0.54233, "loss_std": 0.02802, "lr": 0.00095, "lr_std": 0.0, "params": 8313.0, "params_std": 0.0, "time_iter": 0.06018, "time_iter_std": 0.00224, "accuracy": 0.78571, "accuracy_std": 0.04454, "accuracy_max": 0.83333, "precision": 0.82266, "precision_std": 0.04582, "recall": 0.7, "recall_std": 0.07071, "f1": 0.75543, "f1_std": 0.05616, "auc": 0.88693, "auc_std": 0.02286}
{"epoch": 16, "time_epoch": 0.66122, "time_epoch_std": 0.02358, "eta": 118.5132, "eta_std": 3.52614, "eta_hours": 0.03292, "eta_hours_std": 0.00098, "loss": 0.4938, "loss_std": 0.01821, "lr": 0.00094, "lr_std": 0.0, "params": 8313.0, "params_std": 0.0, "time_iter": 0.06011, "time_iter_std": 0.00214, "accuracy": 0.83333, "accuracy_std": 0.02916, "accuracy_max": 0.88095, "precision": 0.86196, "precision_std": 0.0189, "recall": 0.775, "recall_std": 0.075, "f1": 0.81403, "f1_std": 0.03881, "auc": 0.90341, "auc_std": 0.00812}
{"epoch": 17, "time_epoch": 0.65665, "time_epoch_std": 0.0235, "eta": 113.57201, "eta_std": 3.39664, "eta_hours": 0.03155, "eta_hours_std": 0.00094, "loss": 0.46918, "loss_std": 0.03491, "lr": 0.00093, "lr_std": 0.0, "params": 8313.0, "params_std": 0.0, "time_iter": 0.0597, "time_iter_std": 0.00214, "accuracy": 0.81547, "accuracy_std": 0.04251, "accuracy_max": 0.88095, "precision": 0.85509, "precision_std": 0.05043, "recall": 0.7375, "recall_std": 0.05449, "f1": 0.7915, "f1_std": 0.05047, "auc": 0.89204, "auc_std": 0.03971}
{"epoch": 18, "time_epoch": 0.66102, "time_epoch_std": 0.02466, "eta": 109.10041, "eta_std": 3.27919, "eta_hours": 0.0303, "eta_hours_std": 0.00091, "loss": 0.45813, "loss_std": 0.03307, "lr": 0.00092, "lr_std": 0.0, "params": 8313.0, "params_std": 0.0, "time_iter": 0.06009, "time_iter_std": 0.00224, "accuracy": 0.81547, "accuracy_std": 0.02595, "accuracy_max": 0.85714, "precision": 0.85193, "precision_std": 0.06385, "recall": 0.75, "recall_std": 0.03536, "f1": 0.79527, "f1_std": 0.0224, "auc": 0.8892, "auc_std": 0.0232}
{"epoch": 19, "time_epoch": 0.65885, "time_epoch_std": 0.02193, "eta": 105.00121, "eta_std": 3.162, "eta_hours": 0.02916, "eta_hours_std": 0.00088, "loss": 0.41471, "loss_std": 0.04743, "lr": 0.00091, "lr_std": 0.0, "params": 8313.0, "params_std": 0.0, "time_iter": 0.0599, "time_iter_std": 0.00199, "accuracy": 0.82738, "accuracy_std": 0.05423, "accuracy_max": 0.88095, "precision": 0.8665, "precision_std": 0.03864, "recall": 0.75, "recall_std": 0.09354, "f1": 0.8026, "f1_std": 0.07085, "auc": 0.90398, "auc_std": 0.04787}
{"epoch": 20, "time_epoch": 0.6655, "time_epoch_std": 0.0227, "eta": 101.25468, "eta_std": 3.05558, "eta_hours": 0.02812, "eta_hours_std": 0.00085, "loss": 0.42101, "loss_std": 0.06086, "lr": 0.0009, "lr_std": 0.0, "params": 8313.0, "params_std": 0.0, "time_iter": 0.0605, "time_iter_std": 0.00206, "accuracy": 0.82142, "accuracy_std": 0.02662, "accuracy_max": 0.85714, "precision": 0.83914, "precision_std": 0.03114, "recall": 0.775, "recall_std": 0.0559, "f1": 0.80438, "f1_std": 0.03273, "auc": 0.89318, "auc_std": 0.05013}
{"epoch": 21, "time_epoch": 0.68594, "time_epoch_std": 0.03457, "eta": 97.8607, "eta_std": 2.96287, "eta_hours": 0.02718, "eta_hours_std": 0.00082, "loss": 0.33175, "loss_std": 0.03547, "lr": 0.0009, "lr_std": 0.0, "params": 8313.0, "params_std": 0.0, "time_iter": 0.06236, "time_iter_std": 0.00314, "accuracy": 0.8869, "accuracy_std": 0.03522, "accuracy_max": 0.92857, "precision": 0.93047, "precision_std": 0.01828, "recall": 0.825, "recall_std": 0.08292, "f1": 0.87199, "f1_std": 0.04644, "auc": 0.94489, "auc_std": 0.02375}
{"epoch": 22, "time_epoch": 0.77407, "time_epoch_std": 0.14164, "eta": 94.99727, "eta_std": 2.63493, "eta_hours": 0.02639, "eta_hours_std": 0.00073, "loss": 0.30871, "loss_std": 0.05061, "lr": 0.00089, "lr_std": 0.0, "params": 8313.0, "params_std": 0.0, "time_iter": 0.07037, "time_iter_std": 0.01288, "accuracy": 0.88095, "accuracy_std": 0.06521, "accuracy_max": 0.97619, "precision": 0.89386, "precision_std": 0.06642, "recall": 0.85, "recall_std": 0.07906, "f1": 0.87108, "f1_std": 0.07197, "auc": 0.95625, "auc_std": 0.03471}
{"epoch": 23, "time_epoch": 0.68989, "time_epoch_std": 0.05549, "eta": 92.04139, "eta_std": 2.64777, "eta_hours": 0.02557, "eta_hours_std": 0.00073, "loss": 0.28489, "loss_std": 0.0383, "lr": 0.00088, "lr_std": 0.0, "params": 8313.0, "params_std": 0.0, "time_iter": 0.06272, "time_iter_std": 0.00505, "accuracy": 0.875, "accuracy_std": 0.02595, "accuracy_max": 0.90476, "precision": 0.91568, "precision_std": 0.02751, "recall": 0.8125, "recall_std": 0.04146, "f1": 0.86055, "f1_std": 0.03077, "auc": 0.95568, "auc_std": 0.02604}
{"epoch": 24, "time_epoch": 0.68115, "time_epoch_std": 0.0592, "eta": 89.24055, "eta_std": 2.65489, "eta_hours": 0.02479, "eta_hours_std": 0.00074, "loss": 0.29964, "loss_std": 0.06908, "lr": 0.00086, "lr_std": 0.0, "params": 8313.0, "params_std": 0.0, "time_iter": 0.06192, "time_iter_std": 0.00538, "accuracy": 0.875, "accuracy_std": 0.04251, "accuracy_max": 0.92857, "precision": 0.87835, "precision_std": 0.06338, "recall": 0.8625, "recall_std": 0.05449, "f1": 0.86825, "f1_std": 0.04155, "auc": 0.94546, "auc_std": 0.037}
{"epoch": 25, "time_epoch": 0.66995, "time_epoch_std": 0.08753, "eta": 86.57089, "eta_std": 2.72121, "eta_hours": 0.02404, "eta_hours_std": 0.00076, "loss": 0.26865, "loss_std": 0.08762, "lr": 0.00085, "lr_std": 0.0, "params": 8313.0, "params_std": 0.0, "time_iter": 0.0609, "time_iter_std": 0.00796, "accuracy": 0.90476, "accuracy_std": 0.05051, "accuracy_max": 0.97619, "precision": 0.92164, "precision_std": 0.05799, "recall": 0.875, "recall_std": 0.0559, "f1": 0.8974, "f1_std": 0.05443, "auc": 0.95682, "auc_std": 0.03477}
{"epoch": 26, "time_epoch": 0.74484, "time_epoch_std": 0.09539, "eta": 84.25185, "eta_std": 2.57104, "eta_hours": 0.0234, "eta_hours_std": 0.00072, "loss": 0.25295, "loss_std": 0.03257, "lr": 0.00084, "lr_std": 0.0, "params": 8313.0, "params_std": 0.0, "time_iter": 0.06771, "time_iter_std": 0.00867, "accuracy": 0.91071, "accuracy_std": 0.01974, "accuracy_max": 0.92857, "precision": 0.93648, "precision_std": 0.03998, "recall": 0.875, "recall_std": 0.0559, "f1": 0.90265, "f1_std": 0.0239, "auc": 0.96307, "auc_std": 0.01228}
{"epoch": 27, "time_epoch": 0.68378, "time_epoch_std": 0.05808, "eta": 81.88822, "eta_std": 2.56843, "eta_hours": 0.02275, "eta_hours_std": 0.00071, "loss": 0.25295, "loss_std": 0.07203, "lr": 0.00083, "lr_std": 0.0, "params": 8313.0, "params_std": 0.0, "time_iter": 0.06216, "time_iter_std": 0.00528, "accuracy": 0.88095, "accuracy_std": 0.04124, "accuracy_max": 0.95238, "precision": 0.88649, "precision_std": 0.04667, "recall": 0.8625, "recall_std": 0.06495, "f1": 0.87284, "f1_std": 0.04497, "auc": 0.96136, "auc_std": 0.02045}
{"epoch": 28, "time_epoch": 0.68322, "time_epoch_std": 0.05468, "eta": 79.63908, "eta_std": 2.56151, "eta_hours": 0.02212, "eta_hours_std": 0.00071, "loss": 0.23441, "loss_std": 0.09866, "lr": 0.00082, "lr_std": 0.0, "params": 8313.0, "params_std": 0.0, "time_iter": 0.06211, "time_iter_std": 0.00497, "accuracy": 0.92262, "accuracy_std": 0.05923, "accuracy_max": 0.97619, "precision": 0.93849, "precision_std": 0.07784, "recall": 0.9, "recall_std": 0.05, "f1": 0.91818, "f1_std": 0.06076, "auc": 0.96534, "auc_std": 0.03467}
{"epoch": 29, "time_epoch": 0.69037, "time_epoch_std": 0.05361, "eta": 77.51102, "eta_std": 2.55345, "eta_hours": 0.02153, "eta_hours_std": 0.00071, "loss": 0.19266, "loss_std": 0.049, "lr": 0.00081, "lr_std": 0.0, "params": 8313.0, "params_std": 0.0, "time_iter": 0.06276, "time_iter_std": 0.00487, "accuracy": 0.92262, "accuracy_std": 0.03903, "accuracy_max": 0.95238, "precision": 0.94622, "precision_std": 0.00515, "recall": 0.8875, "recall_std": 0.08197, "f1": 0.9141, "f1_std": 0.04791, "auc": 0.98012, "auc_std": 0.01485}
{"epoch": 30, "time_epoch": 0.6883, "time_epoch_std": 0.05003, "eta": 75.47109, "eta_std": 2.53833, "eta_hours": 0.02096, "eta_hours_std": 0.00071, "loss": 0.15016, "loss_std": 0.01298, "lr": 0.00079, "lr_std": 0.0, "params": 8313.0, "params_std": 0.0, "time_iter": 0.06257, "time_iter_std": 0.00455, "accuracy": 0.96428, "accuracy_std": 0.0119, "accuracy_max": 0.97619, "precision": 0.97727, "precision_std": 0.03937, "recall": 0.95, "recall_std": 0.03536, "f1": 0.96212, "f1_std": 0.01237, "auc": 0.98579, "auc_std": 0.00565}
{"epoch": 31, "time_epoch": 0.68299, "time_epoch_std": 0.05096, "eta": 73.50438, "eta_std": 2.51951, "eta_hours": 0.02042, "eta_hours_std": 0.0007, "loss": 0.20176, "loss_std": 0.03225, "lr": 0.00078, "lr_std": 0.0, "params": 8313.0, "params_std": 0.0, "time_iter": 0.06209, "time_iter_std": 0.00463, "accuracy": 0.92262, "accuracy_std": 0.01974, "accuracy_max": 0.95238, "precision": 0.92018, "precision_std": 0.06136, "recall": 0.925, "recall_std": 0.0433, "f1": 0.91988, "f1_std": 0.01787, "auc": 0.98068, "auc_std": 0.01084}
{"epoch": 32, "time_epoch": 0.67033, "time_epoch_std": 0.06031, "eta": 71.58976, "eta_std": 2.51792, "eta_hours": 0.01988, "eta_hours_std": 0.0007, "loss": 0.1953, "loss_std": 0.05052, "lr": 0.00077, "lr_std": 0.0, "params": 8313.0, "params_std": 0.0, "time_iter": 0.06094, "time_iter_std": 0.00548, "accuracy": 0.93452, "accuracy_std": 0.03522, "accuracy_max": 0.97619, "precision": 0.93168, "precision_std": 0.06846, "recall": 0.9375, "recall_std": 0.04146, "f1": 0.9325, "f1_std": 0.03515, "auc": 0.9767, "auc_std": 0.01502}
{"epoch": 33, "time_epoch": 0.69972, "time_epoch_std": 0.04416, "eta": 69.80538, "eta_std": 2.47674, "eta_hours": 0.01939, "eta_hours_std": 0.00069, "loss": 0.1734, "loss_std": 0.11537, "lr": 0.00075, "lr_std": 0.0, "params": 8313.0, "params_std": 0.0, "time_iter": 0.06362, "time_iter_std": 0.00401, "accuracy": 0.94048, "accuracy_std": 0.06411, "accuracy_max": 1.0, "precision": 0.95868, "precision_std": 0.04817, "recall": 0.9125, "recall_std": 0.10232, "f1": 0.93345, "f1_std": 0.07321, "auc": 0.98352, "auc_std": 0.02247}
{"epoch": 34, "time_epoch": 0.70008, "time_epoch_std": 0.04587, "eta": 68.08365, "eta_std": 2.43216, "eta_hours": 0.01891, "eta_hours_std": 0.00068, "loss": 0.17789, "loss_std": 0.08746, "lr": 0.00074, "lr_std": 0.0, "params": 8313.0, "params_std": 0.0, "time_iter": 0.06364, "time_iter_std": 0.00417, "accuracy": 0.94048, "accuracy_std": 0.03571, "accuracy_max": 0.97619, "precision": 0.93678, "precision_std": 0.02429, "recall": 0.9375, "recall_std": 0.05449, "f1": 0.93685, "f1_std": 0.03899, "auc": 0.97954, "auc_std": 0.0241}
{"epoch": 35, "time_epoch": 0.6737, "time_epoch_std": 0.0594, "eta": 66.37179, "eta_std": 2.42428, "eta_hours": 0.01844, "eta_hours_std": 0.00068, "loss": 0.27506, "loss_std": 0.13374, "lr": 0.00073, "lr_std": 0.0, "params": 8313.0, "params_std": 0.0, "time_iter": 0.06124, "time_iter_std": 0.0054, "accuracy": 0.86904, "accuracy_std": 0.06186, "accuracy_max": 0.92857, "precision": 0.89273, "precision_std": 0.05825, "recall": 0.825, "recall_std": 0.10308, "f1": 0.85457, "f1_std": 0.07501, "auc": 0.95057, "auc_std": 0.04595}
{"epoch": 36, "time_epoch": 0.69083, "time_epoch_std": 0.04654, "eta": 64.74521, "eta_std": 2.39244, "eta_hours": 0.01798, "eta_hours_std": 0.00067, "loss": 0.0759, "loss_std": 0.01297, "lr": 0.00071, "lr_std": 0.0, "params": 8313.0, "params_std": 0.0, "time_iter": 0.0628, "time_iter_std": 0.00423, "accuracy": 0.9881, "accuracy_std": 0.0119, "accuracy_max": 1.0, "precision": 0.9881, "precision_std": 0.02062, "recall": 0.9875, "recall_std": 0.02165, "f1": 0.98749, "f1_std": 0.01252, "auc": 0.99886, "auc_std": 0.00197}
{"epoch": 37, "time_epoch": 0.68816, "time_epoch_std": 0.0477, "eta": 63.16352, "eta_std": 2.36501, "eta_hours": 0.01754, "eta_hours_std": 0.00065, "loss": 0.19836, "loss_std": 0.04186, "lr": 0.0007, "lr_std": 0.0, "params": 8313.0, "params_std": 0.0, "time_iter": 0.06256, "time_iter_std": 0.00433, "accuracy": 0.94643, "accuracy_std": 0.01031, "accuracy_max": 0.95238, "precision": 0.92846, "precision_std": 0.02159, "recall": 0.9625, "recall_std": 0.02165, "f1": 0.9448, "f1_std": 0.01042, "auc": 0.97614, "auc_std": 0.01208}
{"epoch": 38, "time_epoch": 0.68063, "time_epoch_std": 0.05098, "eta": 61.61587, "eta_std": 2.34487, "eta_hours": 0.01711, "eta_hours_std": 0.00065, "loss": 0.16465, "loss_std": 0.02403, "lr": 0.00068, "lr_std": 0.0, "params": 8313.0, "params_std": 0.0, "time_iter": 0.06187, "time_iter_std": 0.00463, "accuracy": 0.93452, "accuracy_std": 0.01974, "accuracy_max": 0.95238, "precision": 0.9296, "precision_std": 0.05084, "recall": 0.9375, "recall_std": 0.02165, "f1": 0.93224, "f1_std": 0.01823, "auc": 0.9858, "auc_std": 0.0065}
{"epoch": 39, "time_epoch": 0.67866, "time_epoch_std": 0.05403, "eta": 60.10862, "eta_std": 2.32546, "eta_hours": 0.0167, "eta_hours_std": 0.00065, "loss": 0.13112, "loss_std": 0.0785, "lr": 0.00067, "lr_std": 0.0, "params": 8313.0, "params_std": 0.0, "time_iter": 0.0617, "time_iter_std": 0.00491, "accuracy": 0.96428, "accuracy_std": 0.02662, "accuracy_max": 1.0, "precision": 0.95178, "precision_std": 0.03369, "recall": 0.975, "recall_std": 0.025, "f1": 0.96311, "f1_std": 0.02741, "auc": 0.98978, "auc_std": 0.01512}
{"epoch": 40, "time_epoch": 0.68373, "time_epoch_std": 0.05572, "eta": 58.64908, "eta_std": 2.3074, "eta_hours": 0.01629, "eta_hours_std": 0.00064, "loss": 0.26116, "loss_std": 0.10988, "lr": 0.00065, "lr_std": 0.0, "params": 8313.0, "params_std": 0.0, "time_iter": 0.06216, "time_iter_std": 0.00507, "accuracy": 0.91071, "accuracy_std": 0.04572, "accuracy_max": 0.97619, "precision": 0.90586, "precision_std": 0.07083, "recall": 0.9125, "recall_std": 0.04146, "f1": 0.90779, "f1_std": 0.04633, "auc": 0.96023, "auc_std": 0.02135}
{"epoch": 41, "time_epoch": 0.68025, "time_epoch_std": 0.05388, "eta": 57.22168, "eta_std": 2.28657, "eta_hours": 0.0159, "eta_hours_std": 0.00063, "loss": 0.23343, "loss_std": 0.14165, "lr": 0.00064, "lr_std": 0.0, "params": 8313.0, "params_std": 0.0, "time_iter": 0.06184, "time_iter_std": 0.0049, "accuracy": 0.90476, "accuracy_std": 0.0607, "accuracy_max": 0.97619, "precision": 0.8833, "precision_std": 0.07269, "recall": 0.925, "recall_std": 0.075, "f1": 0.90234, "f1_std": 0.06412, "auc": 0.96875, "auc_std": 0.03276}
{"epoch": 42, "time_epoch": 0.682, "time_epoch_std": 0.05312, "eta": 55.83135, "eta_std": 2.26175, "eta_hours": 0.01551, "eta_hours_std": 0.00063, "loss": 0.121, "loss_std": 0.0567, "lr": 0.00062, "lr_std": 0.0, "params": 8313.0, "params_std": 0.0, "time_iter": 0.062, "time_iter_std": 0.00483, "accuracy": 0.94048, "accuracy_std": 0.03571, "accuracy_max": 1.0, "precision": 0.91829, "precision_std": 0.05007, "recall": 0.9625, "recall_std": 0.02165, "f1": 0.9396, "f1_std": 0.03601, "auc": 0.99375, "auc_std": 0.00406}
{"epoch": 43, "time_epoch": 0.67962, "time_epoch_std": 0.05184, "eta": 54.47019, "eta_std": 2.23508, "eta_hours": 0.01513, "eta_hours_std": 0.00062, "loss": 0.09916, "loss_std": 0.05629, "lr": 0.00061, "lr_std": 0.0, "params": 8313.0, "params_std": 0.0, "time_iter": 0.06178, "time_iter_std": 0.00471, "accuracy": 0.96428, "accuracy_std": 0.03571, "accuracy_max": 1.0, "precision": 0.9631, "precision_std": 0.04129, "recall": 0.9625, "recall_std": 0.04146, "f1": 0.96249, "f1_std": 0.0375, "auc": 0.99375, "auc_std": 0.0067}
{"epoch": 44, "time_epoch": 0.67939, "time_epoch_std": 0.05467, "eta": 53.13903, "eta_std": 2.20969, "eta_hours": 0.01476, "eta_hours_std": 0.00061, "loss": 0.14465, "loss_std": 0.05402, "lr": 0.00059, "lr_std": 0.0, "params": 8313.0, "params_std": 0.0, "time_iter": 0.06176, "time_iter_std": 0.00497, "accuracy": 0.92262, "accuracy_std": 0.03093, "accuracy_max": 0.95238, "precision": 0.9271, "precision_std": 0.05223, "recall": 0.9125, "recall_std": 0.04146, "f1": 0.91848, "f1_std": 0.03239, "auc": 0.98807, "auc_std": 0.0076}
{"epoch": 45, "time_epoch": 0.6832, "time_epoch_std": 0.05293, "eta": 51.8407, "eta_std": 2.18267, "eta_hours": 0.0144, "eta_hours_std": 0.0006, "loss": 0.22398, "loss_std": 0.08703, "lr": 0.00058, "lr_std": 0.0, "params": 8313.0, "params_std": 0.0, "time_iter": 0.06211, "time_iter_std": 0.00481, "accuracy": 0.90476, "accuracy_std": 0.03765, "accuracy_max": 0.95238, "precision": 0.9003, "precision_std": 0.03483, "recall": 0.9, "recall_std": 0.06124, "f1": 0.89931, "f1_std": 0.04053, "auc": 0.96932, "auc_std": 0.02036}
{"epoch": 46, "time_epoch": 0.6836, "time_epoch_std": 0.05326, "eta": 50.56898, "eta_std": 2.15578, "eta_hours": 0.01404, "eta_hours_std": 0.0006, "loss": 0.26042, "loss_std": 0.04807, "lr": 0.00056, "lr_std": 0.0, "params": 8313.0, "params_std": 0.0, "time_iter": 0.06214, "time_iter_std": 0.00484, "accuracy": 0.89286, "accuracy_std": 0.0119, "accuracy_max": 0.90476, "precision": 0.89181, "precision_std": 0.03939, "recall": 0.8875, "recall_std": 0.06495, "f1": 0.88685, "f1_std": 0.01589, "auc": 0.9642, "auc_std": 0.01046}
{"epoch": 47, "time_epoch": 0.6814, "time_epoch_std": 0.04978, "eta": 49.31938, "eta_std": 2.12343, "eta_hours": 0.0137, "eta_hours_std": 0.00059, "loss": 0.0832, "loss_std": 0.03367, "lr": 0.00055, "lr_std": 0.0, "params": 8313.0, "params_std": 0.0, "time_iter": 0.06194, "time_iter_std": 0.00452, "accuracy": 0.96428, "accuracy_std": 0.03571, "accuracy_max": 1.0, "precision": 0.9421, "precision_std": 0.04929, "recall": 0.9875, "recall_std": 0.02165, "f1": 0.964, "f1_std": 0.03562, "auc": 0.99716, "auc_std": 0.00373}
{"epoch": 48, "time_epoch": 0.68764, "time_epoch_std": 0.05668, "eta": 48.09947, "eta_std": 2.09786, "eta_hours": 0.01336, "eta_hours_std": 0.00058, "loss": 0.07901, "loss_std": 0.03348, "lr": 0.00053, "lr_std": 0.0, "params": 8313.0, "params_std": 0.0, "time_iter": 0.06252, "time_iter_std": 0.00515, "accuracy": 0.98214, "accuracy_std": 0.01974, "accuracy_max": 1.0, "precision": 0.97727, "precision_std": 0.03937, "recall": 0.9875, "recall_std": 0.02165, "f1": 0.98168, "f1_std": 0.0199, "auc": 0.99886, "auc_std": 0.00197}
{"epoch": 49, "time_epoch": 0.68526, "time_epoch_std": 0.04929, "eta": 46.89848, "eta_std": 2.06347, "eta_hours": 0.01303, "eta_hours_std": 0.00057, "loss": 0.15151, "loss_std": 0.09364, "lr": 0.00052, "lr_std": 0.0, "params": 8313.0, "params_std": 0.0, "time_iter": 0.0623, "time_iter_std": 0.00448, "accuracy": 0.95833, "accuracy_std": 0.03522, "accuracy_max": 1.0, "precision": 0.9625, "precision_std": 0.04146, "recall": 0.95, "recall_std": 0.03536, "f1": 0.95609, "f1_std": 0.0369, "auc": 0.98011, "auc_std": 0.01856}
{"epoch": 50, "time_epoch": 0.68447, "time_epoch_std": 0.05147, "eta": 45.71695, "eta_std": 2.03098, "eta_hours": 0.0127, "eta_hours_std": 0.00056, "loss": 0.24303, "loss_std": 0.07056, "lr": 0.0005, "lr_std": 0.0, "params": 8313.0, "params_std": 0.0, "time_iter": 0.06222, "time_iter_std": 0.00468, "accuracy": 0.92262, "accuracy_std": 0.01974, "accuracy_max": 0.95238, "precision": 0.94934, "precision_std": 0.03537, "recall": 0.8875, "recall_std": 0.05449, "f1": 0.91549, "f1_std": 0.02343, "auc": 0.96477, "auc_std": 0.01651}
{"epoch": 51, "time_epoch": 0.68094, "time_epoch_std": 0.054, "eta": 44.55129, "eta_std": 1.99955, "eta_hours": 0.01237, "eta_hours_std": 0.00056, "loss": 0.02271, "loss_std": 0.00119, "lr": 0.00048, "lr_std": 0.0, "params": 8313.0, "params_std": 0.0, "time_iter": 0.0619, "time_iter_std": 0.00491, "accuracy": 1.0, "accuracy_std": 0.0, "accuracy_max": 1.0, "precision": 1.0, "precision_std": 0.0, "recall": 1.0, "recall_std": 0.0, "f1": 1.0, "f1_std": 0.0, "auc": 1.0, "auc_std": 0.0}
{"epoch": 52, "time_epoch": 0.68116, "time_epoch_std": 0.05214, "eta": 43.4041, "eta_std": 1.96612, "eta_hours": 0.01206, "eta_hours_std": 0.00055, "loss": 0.13095, "loss_std": 0.04727, "lr": 0.00047, "lr_std": 0.0, "params": 8313.0, "params_std": 0.0, "time_iter": 0.06192, "time_iter_std": 0.00474, "accuracy": 0.94643, "accuracy_std": 0.01974, "accuracy_max": 0.97619, "precision": 0.95221, "precision_std": 0.03227, "recall": 0.9375, "recall_std": 0.06495, "f1": 0.9425, "f1_std": 0.02306, "auc": 0.99375, "auc_std": 0.00542}
{"epoch": 53, "time_epoch": 0.68167, "time_epoch_std": 0.05505, "eta": 42.27462, "eta_std": 1.93502, "eta_hours": 0.01174, "eta_hours_std": 0.00054, "loss": 0.07344, "loss_std": 0.03812, "lr": 0.00045, "lr_std": 0.0, "params": 8313.0, "params_std": 0.0, "time_iter": 0.06197, "time_iter_std": 0.005, "accuracy": 0.96428, "accuracy_std": 0.02662, "accuracy_max": 1.0, "precision": 0.95549, "precision_std": 0.05328, "recall": 0.975, "recall_std": 0.0433, "f1": 0.9633, "f1_std": 0.02667, "auc": 0.99772, "auc_std": 0.00228}
{"epoch": 54, "time_epoch": 0.68437, "time_epoch_std": 0.05613, "eta": 41.16362, "eta_std": 1.90369, "eta_hours": 0.01144, "eta_hours_std": 0.00053, "loss": 0.14531, "loss_std": 0.07712, "lr": 0.00044, "lr_std": 0.0, "params": 8313.0, "params_std": 0.0, "time_iter": 0.06222, "time_iter_std": 0.0051, "accuracy": 0.94643, "accuracy_std": 0.03093, "accuracy_max": 0.97619, "precision": 0.9416, "precision_std": 0.0467, "recall": 0.95, "recall_std": 0.06124, "f1": 0.94374, "f1_std": 0.03368, "auc": 0.98523, "auc_std": 0.01512}
{"epoch": 55, "time_epoch": 0.68216, "time_epoch_std": 0.05554, "eta": 40.06612, "eta_std": 1.87115, "eta_hours": 0.01113, "eta_hours_std": 0.00052, "loss": 0.12113, "loss_std": 0.0391, "lr": 0.00042, "lr_std": 0.0, "params": 8313.0, "params_std": 0.0, "time_iter": 0.06202, "time_iter_std": 0.00505, "accuracy": 0.95833, "accuracy_std": 0.02595, "accuracy_max": 1.0, "precision": 0.94096, "precision_std": 0.03838, "recall": 0.975, "recall_std": 0.025, "f1": 0.9573, "f1_std": 0.0266, "auc": 0.99261, "auc_std": 0.00743}
{"epoch": 56, "time_epoch": 0.68229, "time_epoch_std": 0.05294, "eta": 38.98331, "eta_std": 1.83585, "eta_hours": 0.01083, "eta_hours_std": 0.00051, "loss": 0.22742, "loss_std": 0.11158, "lr": 0.00041, "lr_std": 0.0, "params": 8313.0, "params_std": 0.0, "time_iter": 0.06203, "time_iter_std": 0.00481, "accuracy": 0.91071, "accuracy_std": 0.05678, "accuracy_max": 0.97619, "precision": 0.93095, "precision_std": 0.08895, "recall": 0.8875, "recall_std": 0.05449, "f1": 0.90595, "f1_std": 0.05659, "auc": 0.96932, "auc_std": 0.02326}
{"epoch": 57, "time_epoch": 0.67784, "time_epoch_std": 0.05687, "eta": 37.91107, "eta_std": 1.80201, "eta_hours": 0.01053, "eta_hours_std": 0.0005, "loss": 0.09965, "loss_std": 0.06309, "lr": 0.00039, "lr_std": 0.0, "params": 8313.0, "params_std": 0.0, "time_iter": 0.06162, "time_iter_std": 0.00517, "accuracy": 0.95833, "accuracy_std": 0.03522, "accuracy_max": 1.0, "precision": 0.94583, "precision_std": 0.06809, "recall": 0.975, "recall_std": 0.025, "f1": 0.95836, "f1_std": 0.03349, "auc": 0.99432, "auc_std": 0.00745}
{"epoch": 58, "time_epoch": 0.68126, "time_epoch_std": 0.04995, "eta": 36.85458, "eta_std": 1.7636, "eta_hours": 0.01024, "eta_hours_std": 0.00049, "loss": 0.20079, "loss_std": 0.21026, "lr": 0.00038, "lr_std": 0.0, "params": 8313.0, "params_std": 0.0, "time_iter": 0.06193, "time_iter_std": 0.00454, "accuracy": 0.89881, "accuracy_std": 0.123, "accuracy_max": 1.0, "precision": 0.89724, "precision_std": 0.12899, "recall": 0.8875, "recall_std": 0.13863, "f1": 0.89196, "f1_std": 0.1327, "auc": 0.96136, "auc_std": 0.05459}
{"epoch": 59, "time_epoch": 0.68575, "time_epoch_std": 0.05827, "eta": 35.8136, "eta_std": 1.72958, "eta_hours": 0.00995, "eta_hours_std": 0.00048, "loss": 0.08948, "loss_std": 0.06741, "lr": 0.00036, "lr_std": 0.0, "params": 8313.0, "params_std": 0.0, "time_iter": 0.06234, "time_iter_std": 0.0053, "accuracy": 0.97024, "accuracy_std": 0.03093, "accuracy_max": 1.0, "precision": 0.96412, "precision_std": 0.03835, "recall": 0.975, "recall_std": 0.0433, "f1": 0.96886, "f1_std": 0.03281, "auc": 0.99432, "auc_std": 0.00745}
{"epoch": 60, "time_epoch": 0.68206, "time_epoch_std": 0.05335, "eta": 34.7819, "eta_std": 1.69227, "eta_hours": 0.00966, "eta_hours_std": 0.00047, "loss": 0.24426, "loss_std": 0.15475, "lr": 0.00035, "lr_std": 0.0, "params": 8313.0, "params_std": 0.0, "time_iter": 0.06201, "time_iter_std": 0.00485, "accuracy": 0.91071, "accuracy_std": 0.06383, "accuracy_max": 0.97619, "precision": 0.90628, "precision_std": 0.08483, "recall": 0.9125, "recall_std": 0.05449, "f1": 0.90812, "f1_std": 0.06301, "auc": 0.96023, "auc_std": 0.03764}
{"epoch": 61, "time_epoch": 0.68325, "time_epoch_std": 0.05331, "eta": 33.7622, "eta_std": 1.65475, "eta_hours": 0.00938, "eta_hours_std": 0.00046, "loss": 0.09055, "loss_std": 0.07247, "lr": 0.00033, "lr_std": 0.0, "params": 8313.0, "params_std": 0.0, "time_iter": 0.06211, "time_iter_std": 0.00485, "accuracy": 0.95833, "accuracy_std": 0.03522, "accuracy_max": 1.0, "precision": 0.97361, "precision_std": 0.02646, "recall": 0.9375, "recall_std": 0.05449, "f1": 0.95478, "f1_std": 0.03891, "auc": 0.99318, "auc_std": 0.01054}
{"epoch": 62, "time_epoch": 0.67905, "time_epoch_std": 0.05314, "eta": 32.75073, "eta_std": 1.61612, "eta_hours": 0.0091, "eta_hours_std": 0.00045, "loss": 0.22733, "loss_std": 0.13605, "lr": 0.00032, "lr_std": 0.0, "params": 8313.0, "params_std": 0.0, "time_iter": 0.06173, "time_iter_std": 0.00483, "accuracy": 0.89881, "accuracy_std": 0.07217, "accuracy_max": 1.0, "precision": 0.92932, "precision_std": 0.04641, "recall": 0.85, "recall_std": 0.12748, "f1": 0.88448, "f1_std": 0.08535, "auc": 0.96648, "auc_std": 0.02991}
{"epoch": 63, "time_epoch": 0.68327, "time_epoch_std": 0.05132, "eta": 31.75202, "eta_std": 1.57619, "eta_hours": 0.00882, "eta_hours_std": 0.00044, "loss": 0.11934, "loss_std": 0.01926, "lr": 0.0003, "lr_std": 0.0, "params": 8313.0, "params_std": 0.0, "time_iter": 0.06212, "time_iter_std": 0.00466, "accuracy": 0.95238, "accuracy_std": 0.01684, "accuracy_max": 0.97619, "precision": 0.94299, "precision_std": 0.04685, "recall": 0.9625, "recall_std": 0.04146, "f1": 0.9508, "f1_std": 0.01621, "auc": 0.99546, "auc_std": 0.00482}
{"epoch": 64, "time_epoch": 0.6822, "time_epoch_std": 0.05593, "eta": 30.76243, "eta_std": 1.53811, "eta_hours": 0.00854, "eta_hours_std": 0.00043, "loss": 0.08344, "loss_std": 0.058, "lr": 0.00029, "lr_std": 0.0, "params": 8313.0, "params_std": 0.0, "time_iter": 0.06202, "time_iter_std": 0.00508, "accuracy": 0.96428, "accuracy_std": 0.03571, "accuracy_max": 1.0, "precision": 0.9623, "precision_std": 0.02201, "recall": 0.9625, "recall_std": 0.06495, "f1": 0.96149, "f1_std": 0.0398, "auc": 0.99318, "auc_std": 0.00937}
{"epoch": 65, "time_epoch": 0.68477, "time_epoch_std": 0.05177, "eta": 29.78349, "eta_std": 1.49814, "eta_hours": 0.00827, "eta_hours_std": 0.00042, "loss": 0.11952, "loss_std": 0.08351, "lr": 0.00027, "lr_std": 0.0, "params": 8313.0, "params_std": 0.0, "time_iter": 0.06225, "time_iter_std": 0.0047, "accuracy": 0.95833, "accuracy_std": 0.03522, "accuracy_max": 1.0, "precision": 0.9506, "precision_std": 0.03537, "recall": 0.9625, "recall_std": 0.04146, "f1": 0.9564, "f1_std": 0.03705, "auc": 0.9875, "auc_std": 0.01271}
{"epoch": 66, "time_epoch": 0.68303, "time_epoch_std": 0.05286, "eta": 28.81246, "eta_std": 1.45796, "eta_hours": 0.008, "eta_hours_std": 0.0004, "loss": 0.1882, "loss_std": 0.09715, "lr": 0.00026, "lr_std": 0.0, "params": 8313.0, "params_std": 0.0, "time_iter": 0.06209, "time_iter_std": 0.00481, "accuracy": 0.93452, "accuracy_std": 0.01974, "accuracy_max": 0.95238, "precision": 0.96045, "precision_std": 0.02292, "recall": 0.9, "recall_std": 0.03536, "f1": 0.9288, "f1_std": 0.02229, "auc": 0.97784, "auc_std": 0.01997}
{"epoch": 67, "time_epoch": 0.6828, "time_epoch_std": 0.05397, "eta": 27.84981, "eta_std": 1.41804, "eta_hours": 0.00774, "eta_hours_std": 0.00039, "loss": 0.1443, "loss_std": 0.06732, "lr": 0.00025, "lr_std": 0.0, "params": 8313.0, "params_std": 0.0, "time_iter": 0.06207, "time_iter_std": 0.00491, "accuracy": 0.94048, "accuracy_std": 0.03571, "accuracy_max": 0.97619, "precision": 0.95, "precision_std": 0.0866, "recall": 0.9375, "recall_std": 0.04146, "f1": 0.9395, "f1_std": 0.03123, "auc": 0.98807, "auc_std": 0.01319}
{"epoch": 68, "time_epoch": 0.71609, "time_epoch_std": 0.0861, "eta": 26.91021, "eta_std": 1.38473, "eta_hours": 0.00748, "eta_hours_std": 0.00038, "loss": 0.15121, "loss_std": 0.12928, "lr": 0.00023, "lr_std": 0.0, "params": 8313.0, "params_std": 0.0, "time_iter": 0.0651, "time_iter_std": 0.00783, "accuracy": 0.95833, "accuracy_std": 0.03522, "accuracy_max": 1.0, "precision": 0.975, "precision_std": 0.0433, "recall": 0.9375, "recall_std": 0.04146, "f1": 0.95543, "f1_std": 0.03702, "auc": 0.98352, "auc_std": 0.02042}
{"epoch": 69, "time_epoch": 0.70268, "time_epoch_std": 0.07208, "eta": 25.97126, "eta_std": 1.34915, "eta_hours": 0.00722, "eta_hours_std": 0.00037, "loss": 0.10258, "loss_std": 0.03268, "lr": 0.00022, "lr_std": 0.0, "params": 8313.0, "params_std": 0.0, "time_iter": 0.06388, "time_iter_std": 0.00655, "accuracy": 0.95833, "accuracy_std": 0.01031, "accuracy_max": 0.97619, "precision": 0.9631, "precision_std": 0.02133, "recall": 0.95, "recall_std": 0.03536, "f1": 0.95574, "f1_std": 0.01152, "auc": 0.99488, "auc_std": 0.00295}
{"epoch": 70, "time_epoch": 0.74518, "time_epoch_std": 0.1272, "eta": 25.05632, "eta_std": 1.31925, "eta_hours": 0.00696, "eta_hours_std": 0.00037, "loss": 0.04642, "loss_std": 0.0278, "lr": 0.00021, "lr_std": 0.0, "params": 8313.0, "params_std": 0.0, "time_iter": 0.06774, "time_iter_std": 0.01156, "accuracy": 0.9881, "accuracy_std": 0.0119, "accuracy_max": 1.0, "precision": 0.9881, "precision_std": 0.02062, "recall": 0.9875, "recall_std": 0.02165, "f1": 0.98749, "f1_std": 0.01252, "auc": 0.99943, "auc_std": 0.00098}
{"epoch": 71, "time_epoch": 0.66562, "time_epoch_std": 0.05607, "eta": 24.11516, "eta_std": 1.27337, "eta_hours": 0.0067, "eta_hours_std": 0.00036, "loss": 0.15231, "loss_std": 0.06328, "lr": 0.00019, "lr_std": 0.0, "params": 8313.0, "params_std": 0.0, "time_iter": 0.06051, "time_iter_std": 0.0051, "accuracy": 0.93452, "accuracy_std": 0.01974, "accuracy_max": 0.95238, "precision": 0.96412, "precision_std": 0.03835, "recall": 0.9, "recall_std": 0.07071, "f1": 0.92793, "f1_std": 0.02512, "auc": 0.99034, "auc_std": 0.00856}
{"epoch": 72, "time_epoch": 0.66623, "time_epoch_std": 0.06014, "eta": 23.18177, "eta_std": 1.22855, "eta_hours": 0.00644, "eta_hours_std": 0.00034, "loss": 0.06764, "loss_std": 0.06422, "lr": 0.00018, "lr_std": 0.0, "params": 8313.0, "params_std": 0.0, "time_iter": 0.06056, "time_iter_std": 0.00547, "accuracy": 0.97619, "accuracy_std": 0.02916, "accuracy_max": 1.0, "precision": 0.97494, "precision_std": 0.02513, "recall": 0.975, "recall_std": 0.0433, "f1": 0.97467, "f1_std": 0.03141, "auc": 0.99546, "auc_std": 0.00787}
{"epoch": 73, "time_epoch": 0.66501, "time_epoch_std": 0.05541, "eta": 22.25517, "eta_std": 1.183, "eta_hours": 0.00618, "eta_hours_std": 0.00033, "loss": 0.2165, "loss_std": 0.0766, "lr": 0.00017, "lr_std": 0.0, "params": 8313.0, "params_std": 0.0, "time_iter": 0.06046, "time_iter_std": 0.00504, "accuracy": 0.89286, "accuracy_std": 0.06411, "accuracy_max": 0.95238, "precision": 0.91037, "precision_std": 0.03141, "recall": 0.8625, "recall_std": 0.15155, "f1": 0.87722, "f1_std": 0.08804, "auc": 0.97727, "auc_std": 0.01255}
{"epoch": 74, "time_epoch": 0.66311, "time_epoch_std": 0.05804, "eta": 21.33492, "eta_std": 1.13688, "eta_hours": 0.00593, "eta_hours_std": 0.00032, "loss": 0.16705, "loss_std": 0.12292, "lr": 0.00016, "lr_std": 0.0, "params": 8313.0, "params_std": 0.0, "time_iter": 0.06028, "time_iter_std": 0.00528, "accuracy": 0.94643, "accuracy_std": 0.04572, "accuracy_max": 1.0, "precision": 0.96023, "precision_std": 0.0233, "recall": 0.925, "recall_std": 0.08292, "f1": 0.94089, "f1_std": 0.05195, "auc": 0.97898, "auc_std": 0.02048}
{"epoch": 75, "time_epoch": 0.68013, "time_epoch_std": 0.05327, "eta": 20.42681, "eta_std": 1.09303, "eta_hours": 0.00568, "eta_hours_std": 0.0003, "loss": 0.1052, "loss_std": 0.07296, "lr": 0.00015, "lr_std": 0.0, "params": 8313.0, "params_std": 0.0, "time_iter": 0.06183, "time_iter_std": 0.00484, "accuracy": 0.96428, "accuracy_std": 0.03948, "accuracy_max": 1.0, "precision": 0.96338, "precision_std": 0.03869, "recall": 0.9625, "recall_std": 0.06495, "f1": 0.96178, "f1_std": 0.04331, "auc": 0.99261, "auc_std": 0.0128}
{"epoch": 76, "time_epoch": 0.67684, "time_epoch_std": 0.05448, "eta": 19.52363, "eta_std": 1.04929, "eta_hours": 0.00542, "eta_hours_std": 0.00029, "loss": 0.08645, "loss_std": 0.03811, "lr": 0.00014, "lr_std": 0.0, "params": 8313.0, "params_std": 0.0, "time_iter": 0.06153, "time_iter_std": 0.00496, "accuracy": 0.95833, "accuracy_std": 0.01031, "accuracy_max": 0.97619, "precision": 0.9875, "precision_std": 0.02165, "recall": 0.925, "recall_std": 0.025, "f1": 0.95478, "f1_std": 0.01136, "auc": 0.99716, "auc_std": 0.00295}
{"epoch": 77, "time_epoch": 0.68253, "time_epoch_std": 0.05673, "eta": 18.62786, "eta_std": 1.00628, "eta_hours": 0.00518, "eta_hours_std": 0.00028, "loss": 0.14013, "loss_std": 0.08237, "lr": 0.00012, "lr_std": 0.0, "params": 8313.0, "params_std": 0.0, "time_iter": 0.06205, "time_iter_std": 0.00516, "accuracy": 0.94643, "accuracy_std": 0.04251, "accuracy_max": 1.0, "precision": 0.95652, "precision_std": 0.07531, "recall": 0.9375, "recall_std": 0.04146, "f1": 0.94462, "f1_std": 0.0412, "auc": 0.99148, "auc_std": 0.00856}
{"epoch": 78, "time_epoch": 0.67952, "time_epoch_std": 0.05275, "eta": 17.73669, "eta_std": 0.96224, "eta_hours": 0.00492, "eta_hours_std": 0.00027, "loss": 0.13875, "loss_std": 0.08226, "lr": 0.00011, "lr_std": 0.0, "params": 8313.0, "params_std": 0.0, "time_iter": 0.06177, "time_iter_std": 0.00479, "accuracy": 0.92857, "accuracy_std": 0.04124, "accuracy_max": 0.95238, "precision": 0.90246, "precision_std": 0.07395, "recall": 0.9625, "recall_std": 0.04146, "f1": 0.92894, "f1_std": 0.03776, "auc": 0.98864, "auc_std": 0.01599}
{"epoch": 79, "time_epoch": 0.67496, "time_epoch_std": 0.05454, "eta": 16.84968, "eta_std": 0.91824, "eta_hours": 0.00468, "eta_hours_std": 0.00026, "loss": 0.11292, "loss_std": 0.04425, "lr": 0.0001, "lr_std": 0.0, "params": 8313.0, "params_std": 0.0, "time_iter": 0.06136, "time_iter_std": 0.00496, "accuracy": 0.96428, "accuracy_std": 0.02662, "accuracy_max": 1.0, "precision": 0.96369, "precision_std": 0.03968, "recall": 0.9625, "recall_std": 0.02165, "f1": 0.9628, "f1_std": 0.02727, "auc": 0.99375, "auc_std": 0.00588}
{"epoch": 80, "time_epoch": 0.67507, "time_epoch_std": 0.05183, "eta": 15.96792, "eta_std": 0.87326, "eta_hours": 0.00444, "eta_hours_std": 0.00024, "loss": 0.10649, "loss_std": 0.07529, "lr": 0.0001, "lr_std": 0.0, "params": 8313.0, "params_std": 0.0, "time_iter": 0.06137, "time_iter_std": 0.00471, "accuracy": 0.95238, "accuracy_std": 0.03765, "accuracy_max": 1.0, "precision": 0.9623, "precision_std": 0.04023, "recall": 0.9375, "recall_std": 0.05449, "f1": 0.94898, "f1_std": 0.04086, "auc": 0.99375, "auc_std": 0.00743}
{"epoch": 81, "time_epoch": 0.67922, "time_epoch_std": 0.04915, "eta": 15.09212, "eta_std": 0.82748, "eta_hours": 0.00419, "eta_hours_std": 0.00023, "loss": 0.18251, "loss_std": 0.14182, "lr": 9e-05, "lr_std": 0.0, "params": 8313.0, "params_std": 0.0, "time_iter": 0.06175, "time_iter_std": 0.00447, "accuracy": 0.91071, "accuracy_std": 0.06813, "accuracy_max": 1.0, "precision": 0.93283, "precision_std": 0.04185, "recall": 0.875, "recall_std": 0.1299, "f1": 0.89862, "f1_std": 0.08076, "auc": 0.9767, "auc_std": 0.02364}
{"epoch": 82, "time_epoch": 0.68332, "time_epoch_std": 0.04784, "eta": 14.2219, "eta_std": 0.78142, "eta_hours": 0.00395, "eta_hours_std": 0.00022, "loss": 0.05593, "loss_std": 0.02874, "lr": 8e-05, "lr_std": 0.0, "params": 8313.0, "params_std": 0.0, "time_iter": 0.06212, "time_iter_std": 0.00435, "accuracy": 0.97619, "accuracy_std": 0.01684, "accuracy_max": 1.0, "precision": 0.95346, "precision_std": 0.03216, "recall": 1.0, "recall_std": 0.0, "f1": 0.9759, "f1_std": 0.01684, "auc": 0.99772, "auc_std": 0.00228}
{"epoch": 83, "time_epoch": 0.67612, "time_epoch_std": 0.05219, "eta": 13.35475, "eta_std": 0.73633, "eta_hours": 0.00371, "eta_hours_std": 0.00021, "loss": 0.10123, "loss_std": 0.08418, "lr": 7e-05, "lr_std": 0.0, "params": 8313.0, "params_std": 0.0, "time_iter": 0.06146, "time_iter_std": 0.00474, "accuracy": 0.95238, "accuracy_std": 0.04762, "accuracy_max": 1.0, "precision": 0.97222, "precision_std": 0.02778, "recall": 0.925, "recall_std": 0.075, "f1": 0.94737, "f1_std": 0.05263, "auc": 0.99375, "auc_std": 0.0067}
{"epoch": 84, "time_epoch": 0.67709, "time_epoch_std": 0.05077, "eta": 12.49227, "eta_std": 0.69083, "eta_hours": 0.00347, "eta_hours_std": 0.00019, "loss": 0.12569, "loss_std": 0.07474, "lr": 6e-05, "lr_std": 0.0, "params": 8313.0, "params_std": 0.0, "time_iter": 0.06155, "time_iter_std": 0.00461, "accuracy": 0.95238, "accuracy_std": 0.02916, "accuracy_max": 1.0, "precision": 0.96412, "precision_std": 0.03835, "recall": 0.9375, "recall_std": 0.06495, "f1": 0.9486, "f1_std": 0.03236, "auc": 0.9892, "auc_std": 0.01083}
{"epoch": 85, "time_epoch": 0.67752, "time_epoch_std": 0.05216, "eta": 11.63417, "eta_std": 0.64553, "eta_hours": 0.00323, "eta_hours_std": 0.00018, "loss": 0.07572, "loss_std": 0.07623, "lr": 5e-05, "lr_std": 0.0, "params": 8313.0, "params_std": 0.0, "time_iter": 0.06159, "time_iter_std": 0.00474, "accuracy": 0.97619, "accuracy_std": 0.02916, "accuracy_max": 1.0, "precision": 0.97494, "precision_std": 0.02513, "recall": 0.975, "recall_std": 0.0433, "f1": 0.97467, "f1_std": 0.03141, "auc": 0.99489, "auc_std": 0.00886}
{"epoch": 86, "time_epoch": 0.67835, "time_epoch_std": 0.05514, "eta": 10.78034, "eta_std": 0.60059, "eta_hours": 0.003, "eta_hours_std": 0.00017, "loss": 0.05466, "loss_std": 0.0233, "lr": 5e-05, "lr_std": 0.0, "params": 8313.0, "params_std": 0.0, "time_iter": 0.06167, "time_iter_std": 0.00501, "accuracy": 0.98214, "accuracy_std": 0.01974, "accuracy_max": 1.0, "precision": 0.97727, "precision_std": 0.03937, "recall": 0.9875, "recall_std": 0.02165, "f1": 0.98168, "f1_std": 0.0199, "auc": 0.99943, "auc_std": 0.00098}
{"epoch": 87, "time_epoch": 0.67744, "time_epoch_std": 0.05257, "eta": 9.93038, "eta_std": 0.55515, "eta_hours": 0.00276, "eta_hours_std": 0.00015, "loss": 0.08006, "loss_std": 0.04312, "lr": 4e-05, "lr_std": 0.0, "params": 8313.0, "params_std": 0.0, "time_iter": 0.06158, "time_iter_std": 0.00478, "accuracy": 0.97619, "accuracy_std": 0.02916, "accuracy_max": 1.0, "precision": 1.0, "precision_std": 0.0, "recall": 0.95, "recall_std": 0.06124, "f1": 0.97332, "f1_std": 0.03311, "auc": 0.99602, "auc_std": 0.00566}
{"epoch": 88, "time_epoch": 0.6771, "time_epoch_std": 0.05103, "eta": 9.08426, "eta_std": 0.50932, "eta_hours": 0.00252, "eta_hours_std": 0.00014, "loss": 0.10875, "loss_std": 0.06905, "lr": 4e-05, "lr_std": 0.0, "params": 8313.0, "params_std": 0.0, "time_iter": 0.06155, "time_iter_std": 0.00464, "accuracy": 0.94643, "accuracy_std": 0.03522, "accuracy_max": 1.0, "precision": 0.95227, "precision_std": 0.04784, "recall": 0.9375, "recall_std": 0.06495, "f1": 0.94282, "f1_std": 0.03797, "auc": 0.99318, "auc_std": 0.007}
{"epoch": 89, "time_epoch": 0.67486, "time_epoch_std": 0.05363, "eta": 8.24164, "eta_std": 0.46368, "eta_hours": 0.00229, "eta_hours_std": 0.00013, "loss": 0.05834, "loss_std": 0.03511, "lr": 3e-05, "lr_std": 0.0, "params": 8313.0, "params_std": 0.0, "time_iter": 0.06135, "time_iter_std": 0.00488, "accuracy": 0.97024, "accuracy_std": 0.01974, "accuracy_max": 1.0, "precision": 0.95287, "precision_std": 0.0322, "recall": 0.9875, "recall_std": 0.02165, "f1": 0.9695, "f1_std": 0.02025, "auc": 0.9983, "auc_std": 0.00189}
{"epoch": 90, "time_epoch": 0.67674, "time_epoch_std": 0.05513, "eta": 7.4029, "eta_std": 0.41808, "eta_hours": 0.00206, "eta_hours_std": 0.00012, "loss": 0.09146, "loss_std": 0.08818, "lr": 2e-05, "lr_std": 0.0, "params": 8313.0, "params_std": 0.0, "time_iter": 0.06152, "time_iter_std": 0.00501, "accuracy": 0.95238, "accuracy_std": 0.04454, "accuracy_max": 1.0, "precision": 0.93905, "precision_std": 0.04109, "recall": 0.9625, "recall_std": 0.06495, "f1": 0.94994, "f1_std": 0.04816, "auc": 0.99261, "auc_std": 0.0128}
{"epoch": 91, "time_epoch": 0.67704, "time_epoch_std": 0.05379, "eta": 6.5677, "eta_std": 0.37218, "eta_hours": 0.00182, "eta_hours_std": 0.0001, "loss": 0.1184, "loss_std": 0.07894, "lr": 2e-05, "lr_std": 0.0, "params": 8313.0, "params_std": 0.0, "time_iter": 0.06155, "time_iter_std": 0.00489, "accuracy": 0.95833, "accuracy_std": 0.02595, "accuracy_max": 1.0, "precision": 0.95162, "precision_std": 0.03229, "recall": 0.9625, "recall_std": 0.04146, "f1": 0.95636, "f1_std": 0.0277, "auc": 0.98693, "auc_std": 0.01309}
{"epoch": 92, "time_epoch": 0.6765, "time_epoch_std": 0.05246, "eta": 5.73587, "eta_std": 0.32605, "eta_hours": 0.0016, "eta_hours_std": 9e-05, "loss": 0.17355, "loss_std": 0.0746, "lr": 2e-05, "lr_std": 0.0, "params": 8313.0, "params_std": 0.0, "time_iter": 0.0615, "time_iter_std": 0.00477, "accuracy": 0.93452, "accuracy_std": 0.03093, "accuracy_max": 0.97619, "precision": 0.9631, "precision_std": 0.04129, "recall": 0.9, "recall_std": 0.07071, "f1": 0.92797, "f1_std": 0.0352, "auc": 0.97784, "auc_std": 0.01458}
{"epoch": 93, "time_epoch": 0.67983, "time_epoch_std": 0.05487, "eta": 4.90755, "eta_std": 0.27992, "eta_hours": 0.00136, "eta_hours_std": 8e-05, "loss": 0.05152, "loss_std": 0.05203, "lr": 1e-05, "lr_std": 0.0, "params": 8313.0, "params_std": 0.0, "time_iter": 0.0618, "time_iter_std": 0.00499, "accuracy": 0.97619, "accuracy_std": 0.02916, "accuracy_max": 1.0, "precision": 0.9881, "precision_std": 0.02062, "recall": 0.9625, "recall_std": 0.06495, "f1": 0.97363, "f1_std": 0.03312, "auc": 0.99886, "auc_std": 0.00197}
{"epoch": 94, "time_epoch": 0.67701, "time_epoch_std": 0.0561, "eta": 4.0822, "eta_std": 0.23374, "eta_hours": 0.00114, "eta_hours_std": 6e-05, "loss": 0.15364, "loss_std": 0.11864, "lr": 1e-05, "lr_std": 0.0, "params": 8313.0, "params_std": 0.0, "time_iter": 0.06155, "time_iter_std": 0.0051, "accuracy": 0.94048, "accuracy_std": 0.04909, "accuracy_max": 0.97619, "precision": 0.9506, "precision_std": 0.06125, "recall": 0.925, "recall_std": 0.0559, "f1": 0.93684, "f1_std": 0.05139, "auc": 0.99148, "auc_std": 0.01476}
{"epoch": 95, "time_epoch": 0.67863, "time_epoch_std": 0.05542, "eta": 3.26002, "eta_std": 0.18728, "eta_hours": 0.0009, "eta_hours_std": 5e-05, "loss": 0.07518, "loss_std": 0.08104, "lr": 1e-05, "lr_std": 0.0, "params": 8313.0, "params_std": 0.0, "time_iter": 0.06169, "time_iter_std": 0.00504, "accuracy": 0.97024, "accuracy_std": 0.03903, "accuracy_max": 1.0, "precision": 0.9631, "precision_std": 0.04129, "recall": 0.975, "recall_std": 0.0433, "f1": 0.9689, "f1_std": 0.04101, "auc": 0.99375, "auc_std": 0.01083}
{"epoch": 96, "time_epoch": 0.67878, "time_epoch_std": 0.05356, "eta": 2.4408, "eta_std": 0.14063, "eta_hours": 0.00068, "eta_hours_std": 4e-05, "loss": 0.09357, "loss_std": 0.05171, "lr": 0.0, "lr_std": 0.0, "params": 8313.0, "params_std": 0.0, "time_iter": 0.0617, "time_iter_std": 0.00487, "accuracy": 0.97024, "accuracy_std": 0.02595, "accuracy_max": 1.0, "precision": 0.97494, "precision_std": 0.02513, "recall": 0.9625, "recall_std": 0.04146, "f1": 0.96826, "f1_std": 0.02802, "auc": 0.99602, "auc_std": 0.00566}
{"epoch": 97, "time_epoch": 0.68381, "time_epoch_std": 0.05331, "eta": 1.62456, "eta_std": 0.09386, "eta_hours": 0.00045, "eta_hours_std": 2e-05, "loss": 0.15234, "loss_std": 0.02998, "lr": 0.0, "lr_std": 0.0, "params": 8313.0, "params_std": 0.0, "time_iter": 0.06216, "time_iter_std": 0.00485, "accuracy": 0.94048, "accuracy_std": 0.0119, "accuracy_max": 0.95238, "precision": 0.93108, "precision_std": 0.04895, "recall": 0.95, "recall_std": 0.03536, "f1": 0.93861, "f1_std": 0.01019, "auc": 0.99034, "auc_std": 0.00373}
{"epoch": 98, "time_epoch": 0.67941, "time_epoch_std": 0.05148, "eta": 0.81094, "eta_std": 0.04696, "eta_hours": 0.00022, "eta_hours_std": 1e-05, "loss": 0.13986, "loss_std": 0.07084, "lr": 0.0, "lr_std": 0.0, "params": 8313.0, "params_std": 0.0, "time_iter": 0.06176, "time_iter_std": 0.00468, "accuracy": 0.94048, "accuracy_std": 0.02662, "accuracy_max": 0.97619, "precision": 0.9504, "precision_std": 0.03385, "recall": 0.925, "recall_std": 0.0559, "f1": 0.93614, "f1_std": 0.02952, "auc": 0.98977, "auc_std": 0.00944}
{"epoch": 99, "time_epoch": 0.68036, "time_epoch_std": 0.05082, "eta": 0.0, "eta_std": 0.0, "eta_hours": 0.0, "eta_hours_std": 0.0, "loss": 0.08786, "loss_std": 0.09228, "lr": 0.0, "lr_std": 0.0, "params": 8313.0, "params_std": 0.0, "time_iter": 0.06185, "time_iter_std": 0.00462, "accuracy": 0.96428, "accuracy_std": 0.04909, "accuracy_max": 1.0, "precision": 0.96178, "precision_std": 0.04331, "recall": 0.9625, "recall_std": 0.06495, "f1": 0.96185, "f1_std": 0.05294, "auc": 0.99091, "auc_std": 0.01446}
