{"epoch": 0, "time_epoch": 20.90741, "eta": 2069.83389, "eta_hours": 0.57495, "loss": 1.10223038, "lr": 0.001, "params": 6221, "time_iter": 0.11121, "accuracy": 0.34133, "f1": 0.26565, "auc": 0.4699}
{"epoch": 1, "time_epoch": 8.08671, "eta": 1420.7121, "eta_hours": 0.39464, "loss": 1.09971879, "lr": 0.00099975, "params": 6221, "time_iter": 0.04301, "accuracy": 0.35467, "f1": 0.17454, "auc": 0.47066}
{"epoch": 2, "time_epoch": 8.10276, "eta": 1199.46601, "eta_hours": 0.33319, "loss": 1.0994769, "lr": 0.00099901, "params": 6221, "time_iter": 0.0431, "accuracy": 0.35467, "f1": 0.17454, "auc": 0.46523}
{"epoch": 3, "time_epoch": 8.09522, "eta": 1084.61067, "eta_hours": 0.30128, "loss": 1.09920308, "lr": 0.00099778, "params": 6221, "time_iter": 0.04306, "accuracy": 0.34667, "f1": 0.19065, "auc": 0.46991}
{"epoch": 4, "time_epoch": 8.05977, "eta": 1011.78575, "eta_hours": 0.28105, "loss": 1.09920732, "lr": 0.00099606, "params": 6221, "time_iter": 0.04287, "accuracy": 0.35467, "f1": 0.17454, "auc": 0.46896}
{"epoch": 5, "time_epoch": 8.07572, "eta": 960.7991, "eta_hours": 0.26689, "loss": 1.09911944, "lr": 0.00099384, "params": 6221, "time_iter": 0.04296, "accuracy": 0.35467, "f1": 0.17454, "auc": 0.47048}
{"epoch": 6, "time_epoch": 8.08407, "eta": 922.1837, "eta_hours": 0.25616, "loss": 1.10031411, "lr": 0.00099114, "params": 6221, "time_iter": 0.043, "accuracy": 0.35467, "f1": 0.18464, "auc": 0.47735}
{"epoch": 7, "time_epoch": 8.08939, "eta": 891.2623, "eta_hours": 0.24757, "loss": 1.09917985, "lr": 0.00098796, "params": 6221, "time_iter": 0.04303, "accuracy": 0.356, "f1": 0.18222, "auc": 0.47663}
{"epoch": 8, "time_epoch": 8.09329, "eta": 865.4541, "eta_hours": 0.2404, "loss": 1.09927041, "lr": 0.00098429, "params": 6221, "time_iter": 0.04305, "accuracy": 0.35467, "f1": 0.17454, "auc": 0.47023}
{"epoch": 9, "time_epoch": 8.07796, "eta": 843.05087, "eta_hours": 0.23418, "loss": 1.09902996, "lr": 0.00098015, "params": 6221, "time_iter": 0.04297, "accuracy": 0.35467, "f1": 0.17454, "auc": 0.46526}
{"epoch": 10, "time_epoch": 8.06988, "eta": 823.18691, "eta_hours": 0.22866, "loss": 1.09816558, "lr": 0.00097553, "params": 6221, "time_iter": 0.04292, "accuracy": 0.35467, "f1": 0.17454, "auc": 0.46957}
{"epoch": 11, "time_epoch": 8.08346, "eta": 805.38816, "eta_hours": 0.22372, "loss": 1.09727941, "lr": 0.00097044, "params": 6221, "time_iter": 0.043, "accuracy": 0.36, "f1": 0.30852, "auc": 0.51053}
{"epoch": 12, "time_epoch": 8.07227, "eta": 789.00922, "eta_hours": 0.21917, "loss": 1.09756022, "lr": 0.00096489, "params": 6221, "time_iter": 0.04294, "accuracy": 0.35733, "f1": 0.21016, "auc": 0.50551}
{"epoch": 13, "time_epoch": 8.05998, "eta": 773.74143, "eta_hours": 0.21493, "loss": 1.09226133, "lr": 0.00095888, "params": 6221, "time_iter": 0.04287, "accuracy": 0.39467, "f1": 0.39032, "auc": 0.5524}
{"epoch": 14, "time_epoch": 8.07283, "eta": 759.50753, "eta_hours": 0.21097, "loss": 1.09425212, "lr": 0.00095241, "params": 6221, "time_iter": 0.04294, "accuracy": 0.39867, "f1": 0.31343, "auc": 0.54121}
{"epoch": 15, "time_epoch": 8.05804, "eta": 745.9661, "eta_hours": 0.20721, "loss": 1.09105333, "lr": 0.0009455, "params": 6221, "time_iter": 0.04286, "accuracy": 0.408, "f1": 0.31944, "auc": 0.53831}
{"epoch": 16, "time_epoch": 8.05782, "eta": 733.06868, "eta_hours": 0.20363, "loss": 1.08655356, "lr": 0.00093815, "params": 6221, "time_iter": 0.04286, "accuracy": 0.4, "f1": 0.31296, "auc": 0.55375}
{"epoch": 17, "time_epoch": 8.07191, "eta": 720.77318, "eta_hours": 0.20021, "loss": 1.07830861, "lr": 0.00093037, "params": 6221, "time_iter": 0.04294, "accuracy": 0.41467, "f1": 0.33235, "auc": 0.56278}
{"epoch": 18, "time_epoch": 8.06595, "eta": 708.8969, "eta_hours": 0.19692, "loss": 1.0917813, "lr": 0.00092216, "params": 6221, "time_iter": 0.0429, "accuracy": 0.392, "f1": 0.32688, "auc": 0.52855}
{"epoch": 19, "time_epoch": 8.06527, "eta": 697.3989, "eta_hours": 0.19372, "loss": 1.08760099, "lr": 0.00091354, "params": 6221, "time_iter": 0.0429, "accuracy": 0.404, "f1": 0.35408, "auc": 0.5389}
{"epoch": 20, "time_epoch": 8.07531, "eta": 686.2656, "eta_hours": 0.19063, "loss": 1.09280005, "lr": 0.00090451, "params": 6221, "time_iter": 0.04295, "accuracy": 0.38933, "f1": 0.35117, "auc": 0.53588}
{"epoch": 21, "time_epoch": 8.06471, "eta": 675.37272, "eta_hours": 0.1876, "loss": 1.08690038, "lr": 0.00089508, "params": 6221, "time_iter": 0.0429, "accuracy": 0.40667, "f1": 0.36803, "auc": 0.5576}
{"epoch": 22, "time_epoch": 8.05836, "eta": 664.7045, "eta_hours": 0.18464, "loss": 1.08356477, "lr": 0.00088526, "params": 6221, "time_iter": 0.04286, "accuracy": 0.41733, "f1": 0.36986, "auc": 0.57129}
{"epoch": 23, "time_epoch": 8.08371, "eta": 654.33405, "eta_hours": 0.18176, "loss": 1.08803406, "lr": 0.00087506, "params": 6221, "time_iter": 0.043, "accuracy": 0.41467, "f1": 0.36961, "auc": 0.55459}
{"epoch": 24, "time_epoch": 8.07679, "eta": 644.1258, "eta_hours": 0.17892, "loss": 1.08956633, "lr": 0.00086448, "params": 6221, "time_iter": 0.04296, "accuracy": 0.38133, "f1": 0.3585, "auc": 0.55462}
{"epoch": 25, "time_epoch": 8.07263, "eta": 634.06964, "eta_hours": 0.17613, "loss": 1.08899424, "lr": 0.00085355, "params": 6221, "time_iter": 0.04294, "accuracy": 0.39733, "f1": 0.35484, "auc": 0.55556}
{"epoch": 26, "time_epoch": 8.06324, "eta": 624.13504, "eta_hours": 0.17337, "loss": 1.07956323, "lr": 0.00084227, "params": 6221, "time_iter": 0.04289, "accuracy": 0.416, "f1": 0.3407, "auc": 0.5715}
{"epoch": 27, "time_epoch": 8.07791, "eta": 614.37182, "eta_hours": 0.17066, "loss": 1.0859913, "lr": 0.00083066, "params": 6221, "time_iter": 0.04297, "accuracy": 0.408, "f1": 0.3621, "auc": 0.56587}
{"epoch": 28, "time_epoch": 8.07419, "eta": 604.71574, "eta_hours": 0.16798, "loss": 1.08644783, "lr": 0.00081871, "params": 6221, "time_iter": 0.04295, "accuracy": 0.364, "f1": 0.33967, "auc": 0.56065}
{"epoch": 29, "time_epoch": 8.05896, "eta": 595.12956, "eta_hours": 0.16531, "loss": 1.08917437, "lr": 0.00080645, "params": 6221, "time_iter": 0.04287, "accuracy": 0.40667, "f1": 0.38075, "auc": 0.56412}
{"epoch": 30, "time_epoch": 8.06757, "eta": 585.66108, "eta_hours": 0.16268, "loss": 1.07955944, "lr": 0.00079389, "params": 6221, "time_iter": 0.04291, "accuracy": 0.368, "f1": 0.34622, "auc": 0.57781}
{"epoch": 31, "time_epoch": 8.07499, "eta": 576.29592, "eta_hours": 0.16008, "loss": 1.08526464, "lr": 0.00078104, "params": 6221, "time_iter": 0.04295, "accuracy": 0.38, "f1": 0.36324, "auc": 0.56762}
{"epoch": 32, "time_epoch": 8.07224, "eta": 567.00339, "eta_hours": 0.1575, "loss": 1.08708115, "lr": 0.00076791, "params": 6221, "time_iter": 0.04294, "accuracy": 0.40267, "f1": 0.36997, "auc": 0.562}
{"epoch": 33, "time_epoch": 8.07114, "eta": 557.78049, "eta_hours": 0.15494, "loss": 1.07950934, "lr": 0.00075452, "params": 6221, "time_iter": 0.04293, "accuracy": 0.40667, "f1": 0.36309, "auc": 0.57178}
{"epoch": 34, "time_epoch": 8.06627, "eta": 548.61437, "eta_hours": 0.15239, "loss": 1.08371388, "lr": 0.00074088, "params": 6221, "time_iter": 0.04291, "accuracy": 0.41333, "f1": 0.38009, "auc": 0.56964}
{"epoch": 35, "time_epoch": 8.07354, "eta": 539.52226, "eta_hours": 0.14987, "loss": 1.07770992, "lr": 0.000727, "params": 6221, "time_iter": 0.04294, "accuracy": 0.424, "f1": 0.3594, "auc": 0.5803}
{"epoch": 36, "time_epoch": 8.08039, "eta": 530.49688, "eta_hours": 0.14736, "loss": 1.08291645, "lr": 0.00071289, "params": 6221, "time_iter": 0.04298, "accuracy": 0.41867, "f1": 0.39378, "auc": 0.57311}
{"epoch": 37, "time_epoch": 8.07449, "eta": 521.51161, "eta_hours": 0.14486, "loss": 1.08564326, "lr": 0.00069857, "params": 6221, "time_iter": 0.04295, "accuracy": 0.404, "f1": 0.3478, "auc": 0.56876}
{"epoch": 38, "time_epoch": 8.12017, "eta": 512.64449, "eta_hours": 0.1424, "loss": 1.08921189, "lr": 0.00068406, "params": 6221, "time_iter": 0.04319, "accuracy": 0.392, "f1": 0.36337, "auc": 0.55459}
{"epoch": 39, "time_epoch": 8.03282, "eta": 503.68369, "eta_hours": 0.13991, "loss": 1.08383142, "lr": 0.00066937, "params": 6221, "time_iter": 0.04273, "accuracy": 0.39467, "f1": 0.3357, "auc": 0.56639}
{"epoch": 40, "time_epoch": 8.08391, "eta": 494.84169, "eta_hours": 0.13746, "loss": 1.08224906, "lr": 0.00065451, "params": 6221, "time_iter": 0.043, "accuracy": 0.424, "f1": 0.39977, "auc": 0.56568}
{"epoch": 41, "time_epoch": 8.08212, "eta": 486.03332, "eta_hours": 0.13501, "loss": 1.08584394, "lr": 0.0006395, "params": 6221, "time_iter": 0.04299, "accuracy": 0.41333, "f1": 0.39199, "auc": 0.5567}
{"epoch": 42, "time_epoch": 8.23876, "eta": 477.46637, "eta_hours": 0.13263, "loss": 1.08651229, "lr": 0.00062434, "params": 6221, "time_iter": 0.04382, "accuracy": 0.396, "f1": 0.36806, "auc": 0.55645}
{"epoch": 43, "time_epoch": 8.07985, "eta": 468.71208, "eta_hours": 0.1302, "loss": 1.09508464, "lr": 0.00060907, "params": 6221, "time_iter": 0.04298, "accuracy": 0.388, "f1": 0.3635, "auc": 0.54044}
{"epoch": 44, "time_epoch": 8.0705, "eta": 459.97635, "eta_hours": 0.12777, "loss": 1.07785159, "lr": 0.00059369, "params": 6221, "time_iter": 0.04293, "accuracy": 0.40267, "f1": 0.38068, "auc": 0.57494}
{"epoch": 45, "time_epoch": 8.07535, "eta": 451.27522, "eta_hours": 0.12535, "loss": 1.08178213, "lr": 0.00057822, "params": 6221, "time_iter": 0.04295, "accuracy": 0.4, "f1": 0.38107, "auc": 0.56772}
{"epoch": 46, "time_epoch": 8.07731, "eta": 442.60293, "eta_hours": 0.12295, "loss": 1.08204729, "lr": 0.00056267, "params": 6221, "time_iter": 0.04296, "accuracy": 0.412, "f1": 0.38841, "auc": 0.5777}
{"epoch": 47, "time_epoch": 8.07085, "eta": 433.94844, "eta_hours": 0.12054, "loss": 1.08835933, "lr": 0.00054705, "params": 6221, "time_iter": 0.04293, "accuracy": 0.396, "f1": 0.33827, "auc": 0.55372}
{"epoch": 48, "time_epoch": 8.08109, "eta": 425.32843, "eta_hours": 0.11815, "loss": 1.08855287, "lr": 0.0005314, "params": 6221, "time_iter": 0.04298, "accuracy": 0.384, "f1": 0.36426, "auc": 0.55729}
{"epoch": 49, "time_epoch": 8.06192, "eta": 416.71081, "eta_hours": 0.11575, "loss": 1.07459538, "lr": 0.00051571, "params": 6221, "time_iter": 0.04288, "accuracy": 0.39733, "f1": 0.35724, "auc": 0.57832}
{"epoch": 50, "time_epoch": 8.0743, "eta": 408.12687, "eta_hours": 0.11337, "loss": 1.08460713, "lr": 0.0005, "params": 6221, "time_iter": 0.04295, "accuracy": 0.42133, "f1": 0.39692, "auc": 0.56951}
{"epoch": 51, "time_epoch": 8.0788, "eta": 399.56668, "eta_hours": 0.11099, "loss": 1.08134349, "lr": 0.00048429, "params": 6221, "time_iter": 0.04297, "accuracy": 0.42, "f1": 0.40761, "auc": 0.57908}
{"epoch": 52, "time_epoch": 8.06652, "eta": 391.01378, "eta_hours": 0.10861, "loss": 1.08946467, "lr": 0.0004686, "params": 6221, "time_iter": 0.04291, "accuracy": 0.356, "f1": 0.34946, "auc": 0.55481}
{"epoch": 53, "time_epoch": 8.06272, "eta": 382.47565, "eta_hours": 0.10624, "loss": 1.08970698, "lr": 0.00045295, "params": 6221, "time_iter": 0.04289, "accuracy": 0.37333, "f1": 0.36577, "auc": 0.55029}
{"epoch": 54, "time_epoch": 8.07299, "eta": 373.96321, "eta_hours": 0.10388, "loss": 1.08500296, "lr": 0.00043733, "params": 6221, "time_iter": 0.04294, "accuracy": 0.39733, "f1": 0.37432, "auc": 0.56634}
{"epoch": 55, "time_epoch": 8.07875, "eta": 365.47098, "eta_hours": 0.10152, "loss": 1.08967898, "lr": 0.00042178, "params": 6221, "time_iter": 0.04297, "accuracy": 0.37733, "f1": 0.34554, "auc": 0.55307}
{"epoch": 56, "time_epoch": 8.07289, "eta": 356.98885, "eta_hours": 0.09916, "loss": 1.08898278, "lr": 0.00040631, "params": 6221, "time_iter": 0.04294, "accuracy": 0.38533, "f1": 0.36693, "auc": 0.55197}
{"epoch": 57, "time_epoch": 8.07274, "eta": 348.52071, "eta_hours": 0.09681, "loss": 1.08015972, "lr": 0.00039093, "params": 6221, "time_iter": 0.04294, "accuracy": 0.41733, "f1": 0.40787, "auc": 0.5741}
{"epoch": 58, "time_epoch": 8.06809, "eta": 340.06276, "eta_hours": 0.09446, "loss": 1.08703836, "lr": 0.00037566, "params": 6221, "time_iter": 0.04292, "accuracy": 0.40667, "f1": 0.40129, "auc": 0.565}
{"epoch": 59, "time_epoch": 8.07326, "eta": 331.62124, "eta_hours": 0.09212, "loss": 1.07940839, "lr": 0.0003605, "params": 6221, "time_iter": 0.04294, "accuracy": 0.39333, "f1": 0.38084, "auc": 0.57393}
{"epoch": 60, "time_epoch": 8.06701, "eta": 323.18781, "eta_hours": 0.08977, "loss": 1.08414238, "lr": 0.00034549, "params": 6221, "time_iter": 0.04291, "accuracy": 0.392, "f1": 0.36949, "auc": 0.56722}
{"epoch": 61, "time_epoch": 8.07703, "eta": 314.77233, "eta_hours": 0.08744, "loss": 1.07811121, "lr": 0.00033063, "params": 6221, "time_iter": 0.04296, "accuracy": 0.424, "f1": 0.41197, "auc": 0.58135}
{"epoch": 62, "time_epoch": 8.08327, "eta": 306.37126, "eta_hours": 0.0851, "loss": 1.08668799, "lr": 0.00031594, "params": 6221, "time_iter": 0.043, "accuracy": 0.416, "f1": 0.40755, "auc": 0.562}
{"epoch": 63, "time_epoch": 8.07931, "eta": 297.9779, "eta_hours": 0.08277, "loss": 1.08052532, "lr": 0.00030143, "params": 6221, "time_iter": 0.04298, "accuracy": 0.408, "f1": 0.39354, "auc": 0.57691}
{"epoch": 64, "time_epoch": 8.06679, "eta": 289.58746, "eta_hours": 0.08044, "loss": 1.07761928, "lr": 0.00028711, "params": 6221, "time_iter": 0.04291, "accuracy": 0.416, "f1": 0.40333, "auc": 0.58382}
{"epoch": 65, "time_epoch": 8.06243, "eta": 281.20458, "eta_hours": 0.07811, "loss": 1.07639042, "lr": 0.000273, "params": 6221, "time_iter": 0.04289, "accuracy": 0.42933, "f1": 0.41038, "auc": 0.58407}
{"epoch": 66, "time_epoch": 8.07038, "eta": 272.83518, "eta_hours": 0.07579, "loss": 1.07134491, "lr": 0.00025912, "params": 6221, "time_iter": 0.04293, "accuracy": 0.424, "f1": 0.40961, "auc": 0.59247}
{"epoch": 67, "time_epoch": 8.0716, "eta": 264.47515, "eta_hours": 0.07347, "loss": 1.08125275, "lr": 0.00024548, "params": 6221, "time_iter": 0.04293, "accuracy": 0.42, "f1": 0.41407, "auc": 0.56997}
{"epoch": 68, "time_epoch": 8.08418, "eta": 256.12913, "eta_hours": 0.07115, "loss": 1.08360952, "lr": 0.00023209, "params": 6221, "time_iter": 0.043, "accuracy": 0.40267, "f1": 0.39322, "auc": 0.57153}
{"epoch": 69, "time_epoch": 8.19571, "eta": 247.83839, "eta_hours": 0.06884, "loss": 1.07716167, "lr": 0.00021896, "params": 6221, "time_iter": 0.04359, "accuracy": 0.424, "f1": 0.41727, "auc": 0.58517}
{"epoch": 70, "time_epoch": 8.08032, "eta": 239.50319, "eta_hours": 0.06653, "loss": 1.08200654, "lr": 0.00020611, "params": 6221, "time_iter": 0.04298, "accuracy": 0.408, "f1": 0.39849, "auc": 0.57613}
{"epoch": 71, "time_epoch": 8.07279, "eta": 231.17215, "eta_hours": 0.06421, "loss": 1.08246872, "lr": 0.00019355, "params": 6221, "time_iter": 0.04294, "accuracy": 0.42667, "f1": 0.41714, "auc": 0.57972}
{"epoch": 72, "time_epoch": 8.07105, "eta": 222.84754, "eta_hours": 0.0619, "loss": 1.07814249, "lr": 0.00018129, "params": 6221, "time_iter": 0.04293, "accuracy": 0.41067, "f1": 0.40515, "auc": 0.58449}
{"epoch": 73, "time_epoch": 8.07373, "eta": 214.53073, "eta_hours": 0.05959, "loss": 1.08006349, "lr": 0.00016934, "params": 6221, "time_iter": 0.04295, "accuracy": 0.424, "f1": 0.41117, "auc": 0.58114}
{"epoch": 74, "time_epoch": 8.06572, "eta": 206.21773, "eta_hours": 0.05728, "loss": 1.08281313, "lr": 0.00015773, "params": 6221, "time_iter": 0.0429, "accuracy": 0.39867, "f1": 0.38817, "auc": 0.56919}
{"epoch": 75, "time_epoch": 8.06755, "eta": 197.91181, "eta_hours": 0.05498, "loss": 1.08280683, "lr": 0.00014645, "params": 6221, "time_iter": 0.04291, "accuracy": 0.41067, "f1": 0.39658, "auc": 0.57413}
{"epoch": 76, "time_epoch": 8.06868, "eta": 189.61242, "eta_hours": 0.05267, "loss": 1.0747574, "lr": 0.00013552, "params": 6221, "time_iter": 0.04292, "accuracy": 0.44, "f1": 0.42466, "auc": 0.59009}
{"epoch": 77, "time_epoch": 8.07471, "eta": 181.32065, "eta_hours": 0.05037, "loss": 1.08334121, "lr": 0.00012494, "params": 6221, "time_iter": 0.04295, "accuracy": 0.41067, "f1": 0.40077, "auc": 0.58301}
{"epoch": 78, "time_epoch": 8.07276, "eta": 173.03386, "eta_hours": 0.04806, "loss": 1.07162394, "lr": 0.00011474, "params": 6221, "time_iter": 0.04294, "accuracy": 0.41067, "f1": 0.39849, "auc": 0.59789}
{"epoch": 79, "time_epoch": 8.07406, "eta": 164.75274, "eta_hours": 0.04576, "loss": 1.07124339, "lr": 0.00010492, "params": 6221, "time_iter": 0.04295, "accuracy": 0.41467, "f1": 0.40277, "auc": 0.59584}
{"epoch": 80, "time_epoch": 8.05097, "eta": 156.47131, "eta_hours": 0.04346, "loss": 1.07410572, "lr": 9.549e-05, "params": 6221, "time_iter": 0.04282, "accuracy": 0.416, "f1": 0.40318, "auc": 0.59003}
{"epoch": 81, "time_epoch": 8.0713, "eta": 148.19997, "eta_hours": 0.04117, "loss": 1.06981815, "lr": 8.646e-05, "params": 6221, "time_iter": 0.04293, "accuracy": 0.41467, "f1": 0.40126, "auc": 0.59372}
{"epoch": 82, "time_epoch": 8.07933, "eta": 139.9351, "eta_hours": 0.03887, "loss": 1.07557941, "lr": 7.784e-05, "params": 6221, "time_iter": 0.04298, "accuracy": 0.41067, "f1": 0.40155, "auc": 0.58662}
{"epoch": 83, "time_epoch": 8.06488, "eta": 131.67189, "eta_hours": 0.03658, "loss": 1.07652994, "lr": 6.963e-05, "params": 6221, "time_iter": 0.0429, "accuracy": 0.424, "f1": 0.4139, "auc": 0.58805}
{"epoch": 84, "time_epoch": 8.07717, "eta": 123.41552, "eta_hours": 0.03428, "loss": 1.08007717, "lr": 6.185e-05, "params": 6221, "time_iter": 0.04296, "accuracy": 0.39867, "f1": 0.38722, "auc": 0.57503}
{"epoch": 85, "time_epoch": 8.08672, "eta": 115.16487, "eta_hours": 0.03199, "loss": 1.07901065, "lr": 5.45e-05, "params": 6221, "time_iter": 0.04301, "accuracy": 0.41733, "f1": 0.40876, "auc": 0.5787}
{"epoch": 86, "time_epoch": 8.06576, "eta": 106.91485, "eta_hours": 0.0297, "loss": 1.07929824, "lr": 4.759e-05, "params": 6221, "time_iter": 0.0429, "accuracy": 0.42133, "f1": 0.41478, "auc": 0.58453}
{"epoch": 87, "time_epoch": 8.0708, "eta": 98.66971, "eta_hours": 0.02741, "loss": 1.07134083, "lr": 4.112e-05, "params": 6221, "time_iter": 0.04293, "accuracy": 0.428, "f1": 0.42012, "auc": 0.59519}
{"epoch": 88, "time_epoch": 8.06818, "eta": 90.42816, "eta_hours": 0.02512, "loss": 1.07022108, "lr": 3.511e-05, "params": 6221, "time_iter": 0.04292, "accuracy": 0.436, "f1": 0.42861, "auc": 0.60197}
{"epoch": 89, "time_epoch": 8.0734, "eta": 82.19105, "eta_hours": 0.02283, "loss": 1.07117222, "lr": 2.956e-05, "params": 6221, "time_iter": 0.04294, "accuracy": 0.436, "f1": 0.42824, "auc": 0.59774}
{"epoch": 90, "time_epoch": 8.07944, "eta": 73.95813, "eta_hours": 0.02054, "loss": 1.06819557, "lr": 2.447e-05, "params": 6221, "time_iter": 0.04298, "accuracy": 0.42667, "f1": 0.42101, "auc": 0.60241}
{"epoch": 91, "time_epoch": 8.07945, "eta": 65.72855, "eta_hours": 0.01826, "loss": 1.07327635, "lr": 1.985e-05, "params": 6221, "time_iter": 0.04298, "accuracy": 0.43067, "f1": 0.42404, "auc": 0.59598}
{"epoch": 92, "time_epoch": 8.07223, "eta": 57.50165, "eta_hours": 0.01597, "loss": 1.0794018, "lr": 1.571e-05, "params": 6221, "time_iter": 0.04294, "accuracy": 0.43733, "f1": 0.43176, "auc": 0.58241}
{"epoch": 93, "time_epoch": 8.07981, "eta": 49.27853, "eta_hours": 0.01369, "loss": 1.07428107, "lr": 1.204e-05, "params": 6221, "time_iter": 0.04298, "accuracy": 0.41733, "f1": 0.4093, "auc": 0.59204}
{"epoch": 94, "time_epoch": 8.07429, "eta": 41.05814, "eta_hours": 0.01141, "loss": 1.07392376, "lr": 8.86e-06, "params": 6221, "time_iter": 0.04295, "accuracy": 0.42933, "f1": 0.42137, "auc": 0.5919}
{"epoch": 95, "time_epoch": 8.07659, "eta": 32.84089, "eta_hours": 0.00912, "loss": 1.07375783, "lr": 6.16e-06, "params": 6221, "time_iter": 0.04296, "accuracy": 0.43333, "f1": 0.42499, "auc": 0.59178}
{"epoch": 96, "time_epoch": 8.07577, "eta": 24.62651, "eta_hours": 0.00684, "loss": 1.07356351, "lr": 3.94e-06, "params": 6221, "time_iter": 0.04296, "accuracy": 0.43467, "f1": 0.42698, "auc": 0.58946}
{"epoch": 97, "time_epoch": 8.09044, "eta": 16.41525, "eta_hours": 0.00456, "loss": 1.07173285, "lr": 2.22e-06, "params": 6221, "time_iter": 0.04303, "accuracy": 0.42933, "f1": 0.42173, "auc": 0.59892}
{"epoch": 98, "time_epoch": 8.07424, "eta": 8.20628, "eta_hours": 0.00228, "loss": 1.07832055, "lr": 9.9e-07, "params": 6221, "time_iter": 0.04295, "accuracy": 0.43067, "f1": 0.42248, "auc": 0.58394}
{"epoch": 99, "time_epoch": 8.08564, "eta": 0.0, "eta_hours": 0.0, "loss": 1.07721538, "lr": 2.5e-07, "params": 6221, "time_iter": 0.04301, "accuracy": 0.42667, "f1": 0.42078, "auc": 0.59029}
